[SHELL] ctrlcap v1 armed=0 count=512 clock_hz=550000000 decimation=1
[SHELL] ccA:index,cycles,seq,id,iq,idref,iqref,theta,actangle,age_us,vdreq,vqreq,vd,vq,intd,intq,scale,bus
[SHELL] ccB:index,timer,valid,ia,ib,ic,du,dv,dw,active_u,active_v,active_w
[SHELL] ccA:0,4123349807,192824,-8.406,-14.645,0.000,-35.000,1.30051,0.96443,15.97,-2.217,-26.828,-2.053,-24.843,-2.383,-8.031,0.92600,74.782
[SHELL] ccB:0,19003,1,11.869,-16.337,4.467,78.474,21.526,58.223,77.989,22.011,37.761
[SHELL] ccA:1,4123569591,192825,-9.703,-16.724,0.000,-35.000,0.87881,0.54278,16.03,-2.180,-26.785,-2.022,-24.845,-2.372,-8.030,0.92759,74.782
[SHELL] ccB:1,18895,1,6.686,-19.055,12.368,72.268,24.154,75.846,78.474,21.526,58.223
[SHELL] ccA:2,4123789491,192826,3.641,-18.686,0.000,-35.000,0.44707,0.11072,15.65,-2.448,-26.742,-2.273,-24.823,-2.374,-8.027,0.92824,74.782
[SHELL] ccB:2,18845,1,11.362,-18.910,7.548,50.971,21.138,78.862,72.268,24.154,75.846
[SHELL] ccA:3,4124009675,192827,15.880,-14.525,0.000,-35.000,0.02362,5.97074,15.87,-2.707,-26.827,-2.503,-24.801,-2.388,-8.027,0.92449,74.782
[SHELL] ccB:3,18937,1,16.219,-20.360,4.141,29.931,23.560,76.440,50.971,21.138,78.862
[SHELL] ccA:4,4124229691,192828,-1.138,-14.699,0.000,-35.000,5.88688,5.55090,15.79,-2.364,-26.823,-2.175,-24.685,-2.385,-8.026,0.92027,74.342
[SHELL] ccB:4,18945,1,-6.724,-8.000,14.724,21.873,38.746,78.127,29.931,23.560,76.440
[SHELL] ccA:5,4124449739,192829,-6.709,-20.700,0.000,-35.000,5.46058,5.12471,15.84,-2.244,-26.696,-2.075,-24.694,-2.376,-8.020,0.92498,74.342
[SHELL] ccB:5,18969,1,-19.735,1.930,17.805,21.680,59.695,78.320,21.873,38.746,78.127
[SHELL] ccA:6,4124669715,192830,-4.468,-17.140,0.000,-35.000,5.03717,4.70117,15.84,-2.282,-26.765,-2.118,-24.837,-2.370,-8.019,0.92796,74.782
[SHELL] ccB:6,18957,1,-17.669,7.766,9.904,23.728,76.272,70.721,21.680,59.695,78.320
[SHELL] ccA:7,4124889631,192831,5.225,-18.434,0.000,-35.000,4.61183,4.27564,15.84,-2.480,-26.737,-2.289,-24.675,-2.374,-8.015,0.92287,74.342
[SHELL] ccB:7,18915,1,-18.865,6.533,12.332,21.133,78.867,49.718,23.728,76.272,70.721
[SHELL] ccA:8,4125109651,192832,15.470,-14.097,0.000,-35.000,4.18728,3.85108,15.84,-2.698,-26.824,-2.480,-24.656,-2.387,-8.014,0.91919,74.342
[SHELL] ccB:8,18925,1,-19.953,4.504,15.449,23.857,76.143,28.795,21.133,78.867,49.718
[SHELL] ccA:9,4125329627,192833,-0.876,-12.999,0.000,-35.000,3.76748,3.43127,15.82,-2.368,-26.846,-2.191,-24.831,-2.384,-8.016,0.92493,74.782
[SHELL] ccB:9,18913,1,-6.905,13.021,-6.116,39.984,78.282,21.718,23.857,76.143,28.795
[SHELL] ccA:10,4125549639,192834,-7.819,-16.751,0.000,-35.000,3.33783,3.00160,15.82,-2.220,-26.769,-2.060,-24.842,-2.375,-8.015,0.92801,74.782
[SHELL] ccB:10,18919,1,4.403,13.347,-17.750,61.045,78.154,21.846,39.984,78.282,21.718
[SHELL] ccA:11,4125769643,192835,-7.138,-17.552,0.000,-35.000,2.91555,2.57934,15.82,-2.225,-26.751,-2.054,-24.695,-2.366,-8.012,0.92315,74.342
[SHELL] ccB:11,18921,1,10.891,7.983,-18.874,76.567,69.561,23.433,61.045,78.154,21.846
[SHELL] ccA:12,4125989799,192836,4.641,-20.663,0.000,-35.000,2.49083,2.15498,15.82,-2.463,-26.683,-2.278,-24.676,-2.369,-8.006,0.92478,74.342
[SHELL] ccB:12,18999,1,8.825,12.260,-21.085,78.853,48.427,21.147,76.567,69.561,23.433
[SHELL] ccA:13,4126209847,192837,16.927,-14.370,0.000,-35.000,2.07504,1.73926,15.93,-2.724,-26.809,-2.505,-24.654,-2.383,-8.005,0.91959,74.342
[SHELL] ccB:13,19023,1,4.403,16.645,-21.048,75.913,27.964,24.087,78.853,48.427,21.147
[SHELL] ccA:14,4126429883,192838,1.888,-11.112,0.000,-35.000,1.65014,1.31440,15.99,-2.423,-26.877,-2.225,-24.681,-2.383,-8.007,0.91828,74.342
[SHELL] ccB:14,19041,1,10.927,-3.071,-7.856,78.415,21.585,41.182,75.913,27.964,24.087
[SHELL] ccA:15,4126649839,192839,-8.718,-14.158,0.000,-35.000,1.22359,0.88755,15.99,-2.200,-26.815,-2.027,-24.698,-2.373,-8.007,0.92105,74.342
[SHELL] ccB:15,19019,1,10.347,-16.445,6.098,78.030,21.970,61.959,78.415,21.585,41.182
[SHELL] ctrlcap v1 armed=0 count=512 clock_hz=550000000 decimation=1
[SHELL] ccA:index,cycles,seq,id,iq,idref,iqref,theta,actangle,age_us,vdreq,vqreq,vd,vq,intd,intq,scale,bus
[SHELL] ccB:index,timer,valid,ia,ib,ic,du,dv,dw,active_u,active_v,active_w
[SHELL] ccA:16,4126869643,192840,-5.906,-15.566,0.000,-35.000,0.80219,0.46618,16.04,-2.249,-26.785,-2.073,-24.694,-2.365,-8.005,0.92193,74.342
[SHELL] ccB:16,18921,1,7.085,-16.590,9.505,68.658,23.218,76.782,78.030,21.970,61.959
[SHELL] ccA:17,4127089559,192841,8.356,-18.716,0.000,-35.000,0.38213,0.04583,15.67,-2.541,-26.717,-2.346,-24.669,-2.372,-8.001,0.92335,74.342
[SHELL] ccB:17,18879,1,14.733,-19.707,4.975,47.552,21.167,78.833,68.658,23.218,76.782
[SHELL] ccA:18,4127309615,192842,16.987,-13.058,0.000,-35.000,6.23422,5.89797,15.79,-2.728,-26.832,-2.507,-24.653,-2.386,-8.001,0.91881,74.342
[SHELL] ccB:18,18907,1,16.327,-20.178,3.851,26.621,24.482,75.518,47.552,21.167,78.833
[SHELL] ccA:19,4127529671,192843,0.448,-12.839,0.000,-35.000,5.80659,5.47054,15.79,-2.396,-26.837,-2.203,-24.682,-2.385,-8.002,0.91973,74.342
[SHELL] ccB:19,18935,1,-5.491,-7.312,12.803,21.438,42.750,78.562,26.621,24.482,75.518
[SHELL] ccA:20,4127749687,192844,-7.353,-16.366,0.000,-35.000,5.38571,5.04974,15.84,-2.230,-26.763,-2.058,-24.695,-2.376,-8.000,0.92272,74.342
[SHELL] ccB:20,18943,1,-17.379,4.830,12.550,22.174,63.308,77.826,21.438,42.750,78.562
[SHELL] ccA:21,4127969691,192845,-6.064,-15.453,0.000,-35.000,4.96246,4.62647,15.84,-2.248,-26.780,-2.073,-24.694,-2.368,-7.998,0.92209,74.342
[SHELL] ccB:21,18945,1,-16.473,10.013,6.461,22.922,77.078,67.329,22.174,63.308,77.826
[SHELL] ccA:22,4128189707,192846,5.960,-17.720,0.000,-35.000,4.53170,4.19575,15.84,-2.493,-26.731,-2.315,-24.820,-2.372,-7.997,0.92848,74.782
[SHELL] ccB:22,18953,1,-18.503,6.932,11.571,21.239,78.761,45.703,22.922,77.078,67.329
[SHELL] ccA:23,4128409647,192847,14.152,-12.824,0.000,-35.000,4.11224,3.77603,15.84,-2.669,-26.832,-2.453,-24.659,-2.384,-7.997,0.91900,74.342
[SHELL] ccB:23,18923,1,-18.575,5.446,13.129,24.833,75.167,25.508,21.239,78.761,45.703
[SHELL] ccA:24,4128629595,192848,-2.303,-13.913,0.000,-35.000,3.68892,3.35271,15.82,-2.336,-26.810,-2.151,-24.687,-2.380,-7.997,0.92082,74.342
[SHELL] ccB:24,18897,1,-5.274,13.963,-8.689,43.806,78.645,21.355,24.833,75.167,25.508
[SHELL] ccA:25,4128849583,192849,-8.886,-14.859,0.000,-35.000,3.26811,2.93187,15.80,-2.193,-26.790,-2.022,-24.698,-2.369,-7.996,0.92191,74.342
[SHELL] ccB:25,18891,1,6.940,10.266,-17.207,64.365,77.650,22.350,43.806,78.645,21.355
[SHELL] ccA:26,4129069571,192850,-5.864,-16.623,0.000,-35.000,2.83547,2.49922,15.80,-2.246,-26.752,-2.073,-24.694,-2.362,-7.994,0.92306,74.342
[SHELL] ccB:26,18885,1,10.601,6.896,-17.497,77.392,65.779,22.608,64.365,77.650,22.350
[SHELL] ccA:27,4129289659,192851,8.983,-19.731,0.000,-35.000,2.41836,2.08226,15.80,-2.550,-26.685,-2.358,-24.668,-2.369,-7.989,0.92444,74.342
[SHELL] ccB:27,18929,1,6.324,14.797,-21.121,78.701,44.639,21.299,77.392,65.779,22.608
[SHELL] ccA:28,4129509723,192852,15.031,-12.481,0.000,-35.000,1.99435,1.65828,15.91,-2.685,-26.832,-2.467,-24.658,-2.382,-7.990,0.91896,74.342
[SHELL] ccB:28,18961,1,5.200,13.710,-18.910,75.175,24.825,25.532,78.701,44.639,21.299
[SHELL] ccA:29,4129729803,192853,-0.243,-12.742,0.000,-35.000,1.56032,1.22451,15.91,-2.377,-26.827,-2.187,-24.684,-2.380,-7.991,0.92011,74.342
[SHELL] ccB:29,19001,1,12.739,-6.696,-6.044,78.753,21.247,45.558,75.175,24.825,25.532
[SHELL] ccA:30,4129949843,192854,-11.555,-14.503,0.000,-35.000,1.13790,0.80206,15.91,-2.137,-26.791,-1.970,-24.702,-2.366,-7.990,0.92203,74.342
[SHELL] ccB:30,19021,1,8.317,-18.511,10.194,77.359,22.641,65.953,78.753,21.247,45.558
[SHELL] ccA:31,4130169391,192855,-9.730,-15.304,0.000,-35.000,0.71574,0.37950,15.53,-2.162,-26.774,-1.995,-24.700,-2.355,-7.989,0.92255,74.342
[SHELL] ccB:31,18795,1,2.700,-16.880,14.181,64.725,22.413,77.587,77.359,22.641,65.953
[SHELL] ctrlcap v1 armed=0 count=512 clock_hz=550000000 decimation=1
[SHELL] ccA:index,cycles,seq,id,iq,idref,iqref,theta,actangle,age_us,vdreq,vqreq,vd,vq,intd,intq,scale,bus
[SHELL] ccB:index,timer,valid,ia,ib,ic,du,dv,dw,active_u,active_v,active_w
[SHELL] ccA:32,4130389575,192856,8.359,-19.332,0.000,-35.000,0.28541,6.23247,15.59,-2.531,-26.688,-2.339,-24.670,-2.361,-7.985,0.92438,74.342
[SHELL] ccB:32,18887,1,13.464,-20.758,7.294,42.763,21.436,78.564,64.725,22.413,77.587
[SHELL] ccA:33,4130609543,192857,9.508,-12.522,0.000,-35.000,6.14033,5.80405,15.72,-2.561,-26.827,-2.355,-24.668,-2.369,-7.986,0.91955,74.342
[SHELL] ccB:33,18871,1,7.629,-15.720,8.092,24.300,27.227,75.700,42.763,21.436,78.564
[SHELL] ccA:34,4130829539,192858,-6.573,-18.250,0.000,-35.000,5.70670,5.37044,15.72,-2.231,-26.707,-2.063,-24.695,-2.361,-7.982,0.92464,74.342
[SHELL] ccB:34,18869,1,-15.459,-2.419,17.877,21.170,47.445,78.830,24.300,27.227,75.700
[SHELL] ccA:35,4131049575,192859,-12.463,-20.192,0.000,-35.000,5.28832,4.95212,15.78,-2.099,-26.663,-1.945,-24.704,-2.347,-7.977,0.92653,74.342
[SHELL] ccB:35,18887,1,-23.722,11.390,12.332,23.008,67.727,76.992,21.170,47.445,78.830
[SHELL] ccA:36,4131269555,192860,-10.916,-18.680,0.000,-35.000,4.87109,4.53483,15.78,-2.117,-26.690,-1.960,-24.703,-2.334,-7.974,0.92555,74.342
[SHELL] ccB:36,18877,1,-20.170,16.863,3.307,22.154,77.846,63.186,23.008,67.727,76.992
[SHELL] ccA:37,4131489571,192861,4.994,-21.237,0.000,-35.000,4.44403,4.10779,15.78,-2.439,-26.633,-2.260,-24.677,-2.337,-7.968,0.92657,74.342
[SHELL] ccB:37,18885,1,-21.801,11.607,10.194,21.560,78.440,41.426,22.154,77.846,63.186
[SHELL] ccA:38,4131709671,192862,7.636,-14.245,0.000,-35.000,4.01431,3.67839,15.78,-2.498,-26.774,-2.302,-24.673,-2.343,-7.968,0.92155,74.342
[SHELL] ccB:38,18935,1,-15.821,10.774,5.047,28.532,76.071,23.929,21.560,78.440,41.426
[SHELL] ccA:39,4131929575,192863,-5.144,-16.930,0.000,-35.000,3.60225,3.26597,15.76,-2.235,-26.717,-2.066,-24.694,-2.336,-7.966,0.92428,74.342
[SHELL] ccB:39,18887,1,-2.918,16.573,-13.655,47.955,78.843,21.157,28.532,76.071,23.929
[SHELL] ccA:40,4132149679,192864,-11.691,-16.794,0.000,-35.000,3.17167,2.83575,15.76,-2.091,-26.718,-1.933,-24.705,-2.323,-7.964,0.92466,74.342
[SHELL] ccB:40,18939,1,11.181,9.252,-20.432,68.728,76.766,23.234,47.955,78.843,21.157
[SHELL] ccA:41,4132369659,192865,-6.941,-17.324,0.000,-35.000,2.72521,2.38926,15.76,-2.177,-26.705,-2.014,-24.699,-2.314,-7.961,0.92487,74.342
[SHELL] ccB:41,18929,1,13.355,4.612,-17.968,78.212,60.595,21.788,68.728,76.766,23.234
[SHELL] ccA:42,4132589691,192866,3.384,-19.115,0.000,-35.000,2.32257,1.98639,15.87,-2.385,-26.665,-2.208,-24.682,-2.316,-7.957,0.92564,74.342
[SHELL] ccB:42,18945,1,11.652,7.621,-19.273,78.308,40.203,21.692,78.212,60.595,21.788
[SHELL] ccA:43,4132809675,192867,1.044,-13.029,0.000,-35.000,1.89567,1.55955,15.92,-2.338,-26.789,-2.154,-24.687,-2.315,-7.958,0.92153,74.342
[SHELL] ccB:43,18937,1,12.014,-1.549,-10.465,76.296,23.704,29.370,78.308,40.203,21.692
[SHELL] ccA:44,4133029663,192868,-9.171,-16.217,0.000,-35.000,1.46592,1.12979,15.84,-2.123,-26.723,-1.950,-24.557,-2.304,-7.955,0.91894,73.902
[SHELL] ccB:44,18931,1,15.168,-16.953,1.785,78.867,21.133,49.834,76.296,23.704,29.370
[SHELL] ccA:45,4133249411,192869,-16.798,-16.354,0.000,-35.000,1.05429,0.71808,15.84,-1.951,-26.717,-1.805,-24.715,-2.286,-7.954,0.92506,74.342
[SHELL] ccB:45,18805,1,5.925,-22.607,16.681,76.566,23.434,69.564,78.867,21.133,49.834
[SHELL] ccA:46,4133469355,192870,-11.063,-17.441,0.000,-35.000,0.62931,0.29303,15.46,-2.054,-26.693,-1.890,-24.561,-2.273,-7.950,0.92015,73.902
[SHELL] ccB:46,18777,1,1.322,-18.511,17.189,60.728,21.805,78.195,76.566,23.434,69.564
[SHELL] ccA:47,4133689319,192871,7.320,-19.905,0.000,-35.000,0.20892,6.15581,15.63,-2.427,-26.637,-2.235,-24.532,-2.279,-7.944,0.92098,73.902
[SHELL] ccB:47,18759,1,11.289,-21.193,9.904,39.174,21.817,78.183,60.728,21.805,78.195
[SHELL] ctrlcap v1 armed=0 count=512 clock_hz=550000000 decimation=1
[SHELL] ccA:index,cycles,seq,id,iq,idref,iqref,theta,actangle,age_us,vdreq,vqreq,vd,vq,intd,intq,scale,bus
[SHELL] ccB:index,timer,valid,ia,ib,ic,du,dv,dw,active_u,active_v,active_w
[SHELL] ccA:48,4133909267,192872,6.020,-13.143,0.000,-35.000,6.07483,5.73846,15.51,-2.405,-26.773,-2.204,-24.535,-2.283,-7.944,0.91640,73.902
[SHELL] ccB:48,18733,1,3.171,-13.799,10.629,23.558,29.938,76.442,39.174,21.817,78.183
[SHELL] ccA:49,4134129299,192873,-4.086,-18.908,0.000,-35.000,5.65018,5.31287,15.51,-2.197,-26.708,-2.019,-24.551,-2.277,-7.938,0.91922,73.902
[SHELL] ccB:49,18749,1,-14.480,-3.869,18.349,21.133,50.260,78.867,23.558,29.938,76.442
[SHELL] ccA:50,4134349275,192874,-5.520,-18.641,0.000,-35.000,5.22827,4.89085,15.51,-2.161,-26.709,-1.987,-24.554,-2.270,-7.933,0.91932,73.902
[SHELL] ccB:50,18737,1,-18.938,5.663,13.274,23.711,70.656,76.289,21.133,50.260,78.867
[SHELL] ccA:51,4134569223,192875,0.132,-15.606,0.000,-35.000,4.82357,4.48603,15.51,-2.272,-26.767,-2.084,-24.546,-2.268,-7.930,0.91701,73.902
[SHELL] ccB:51,18711,1,-15.495,6.135,9.360,21.782,78.218,60.548,23.711,70.656,76.289
[SHELL] ccA:52,4134789223,192876,15.988,-16.797,0.000,-35.000,4.38565,4.04812,15.51,-2.604,-26.739,-2.401,-24.664,-2.282,-7.928,0.92239,74.342
[SHELL] ccB:52,18711,1,-21.040,2.075,18.965,21.944,78.056,38.225,21.782,78.218,60.548
[SHELL] ccA:53,4135009203,192877,16.006,-8.422,0.000,-35.000,3.95341,3.61588,15.52,-2.618,-26.913,-2.399,-24.664,-2.296,-7.932,0.91645,74.342
[SHELL] ccB:53,18701,1,-17.126,3.525,13.601,31.579,76.837,23.163,21.944,78.056,38.225
[SHELL] ccA:54,4135229235,192878,0.235,-11.964,0.000,-35.000,3.53825,3.20083,15.49,-2.301,-26.842,-2.104,-24.544,-2.294,-7.932,0.91438,73.902
[SHELL] ccB:54,18717,1,-4.839,11.897,-7.058,51.313,78.858,21.142,31.579,76.837,23.163
[SHELL] ccA:55,4135449235,192879,-9.319,-12.435,0.000,-35.000,3.10806,2.77059,15.49,-2.098,-26.833,-1.932,-24.705,-2.283,-7.933,0.92072,74.342
[SHELL] ccB:55,18717,1,9.731,5.627,-15.358,71.705,76.006,23.994,51.313,78.858,21.142
[SHELL] ccA:56,4135669619,192880,-1.895,-11.999,0.000,-35.000,2.68283,2.34560,15.49,-2.243,-26.843,-2.064,-24.695,-2.279,-7.935,0.91996,74.342
[SHELL] ccB:56,18909,1,7.013,5.084,-12.096,78.462,58.352,21.538,71.705,76.006,23.994
[SHELL] ccA:57,4135889931,192881,14.688,-13.394,0.000,-35.000,2.26549,1.92867,16.00,-2.588,-26.815,-2.380,-24.666,-2.292,-7.935,0.91985,74.342
[SHELL] ccB:57,19065,1,0.887,16.754,-17.642,77.883,37.053,22.117,78.462,58.352,21.538
[SHELL] ccA:58,4136109963,192882,9.506,-6.197,0.000,-35.000,1.84193,1.50523,16.05,-2.491,-26.966,-2.280,-24.676,-2.299,-7.941,0.91505,74.342
[SHELL] ccB:58,19081,1,3.425,7.657,-11.081,76.956,23.044,32.110,77.883,37.053,22.117
[SHELL] ccA:59,4136329959,192883,-3.012,-10.643,0.000,-35.000,1.41731,1.08056,16.05,-2.236,-26.879,-2.054,-24.695,-2.294,-7.943,0.91876,74.342
[SHELL] ccB:59,19079,1,10.057,-9.015,-1.042,78.832,21.168,52.481,76.956,23.044,32.110
[SHELL] ccA:60,4136549675,192884,-8.420,-12.185,0.000,-35.000,0.98967,0.65267,16.11,-2.118,-26.849,-1.948,-24.704,-2.284,-7.945,0.92010,74.342
[SHELL] ccB:60,18937,1,5.563,-14.669,9.106,75.695,24.305,72.788,78.832,21.168,52.481
[SHELL] ccA:61,4136769451,192885,-0.600,-12.952,0.000,-35.000,0.56546,0.22808,15.60,-2.272,-26.834,-2.090,-24.692,-2.282,-7.945,0.92017,74.342
[SHELL] ccB:61,18825,1,6.433,-12.966,6.533,57.157,21.430,78.570,75.695,24.305,72.788
[SHELL] ccA:62,4136989571,192886,12.567,-14.759,0.000,-35.000,0.14374,6.08963,15.71,-2.546,-26.797,-2.344,-24.670,-2.292,-7.944,0.92061,74.342
[SHELL] ccB:62,18885,1,14.551,-18.366,3.815,35.785,22.324,77.676,57.157,21.430,78.570
[SHELL] ccA:63,4137209591,192887,6.151,-11.077,0.000,-35.000,6.01743,5.68014,15.78,-2.422,-26.873,-2.224,-24.681,-2.297,-7.946,0.91841,74.342
[SHELL] ccB:63,18895,1,3.026,-12.169,9.143,22.925,32.654,77.075,35.785,22.324,77.676
[SHELL] ctrlcap v1 armed=0 count=512 clock_hz=550000000 decimation=1
[SHELL] ccA:index,cycles,seq,id,iq,idref,iqref,theta,actangle,age_us,vdreq,vqreq,vd,vq,intd,intq,scale,bus
[SHELL] ccB:index,timer,valid,ia,ib,ic,du,dv,dw,active_u,active_v,active_w
[SHELL] ccA:64,4137429583,192888,1.772,-18.437,0.000,-35.000,5.58032,5.24302,15.78,-2.334,-26.721,-2.156,-24.687,-2.297,-7.942,0.92387,74.342
[SHELL] ccB:64,18891,1,-10.566,-7.892,18.457,21.225,54.000,78.775,22.925,32.654,77.075
[SHELL] ccA:65,4137649719,192889,0.768,-16.121,0.000,-35.000,5.15186,4.81495,15.83,-2.313,-26.766,-2.133,-24.689,-2.296,-7.941,0.92240,74.342
[SHELL] ccB:65,18959,1,-14.262,0.589,13.673,24.767,74.288,75.233,21.225,54.000,78.775
[SHELL] ccA:66,4137869627,192890,4.372,-13.563,0.000,-35.000,4.73413,4.39690,15.83,-2.387,-26.817,-2.197,-24.683,-2.298,-7.941,0.92041,74.342
[SHELL] ccB:66,18913,1,-13.465,2.691,10.774,21.338,78.662,55.952,24.767,74.288,75.233
[SHELL] ccA:67,4138089775,192891,14.215,-13.919,0.000,-35.000,4.30252,3.96540,16.15,-2.597,-26.810,-2.389,-24.665,-2.310,-7.940,0.92000,74.342
[SHELL] ccB:67,18987,1,-18.431,2.728,15.703,22.597,77.403,34.275,21.338,78.662,55.952
[SHELL] ccA:68,4138309739,192892,7.783,-9.562,0.000,-35.000,3.88270,3.54578,15.81,-2.474,-26.901,-2.269,-24.677,-2.316,-7.943,0.91730,74.342
[SHELL] ccB:68,18969,1,-12.197,7.657,4.540,34.629,77.469,22.531,22.597,77.403,34.275
[SHELL] ccA:69,4138529723,192893,-0.974,-15.493,0.000,-35.000,3.45329,3.11637,15.81,-2.295,-26.780,-2.129,-24.836,-2.313,-7.944,0.92742,74.782
[SHELL] ccB:69,18961,1,-3.824,14.942,-11.118,55.525,78.691,21.309,34.629,77.469,22.531
[SHELL] ccA:70,4138749631,192894,-6.167,-14.820,0.000,-35.000,3.03808,2.70082,15.81,-2.184,-26.794,-2.025,-24.845,-2.305,-7.944,0.92725,74.782
[SHELL] ccB:70,18915,1,7.665,8.382,-16.047,74.935,75.022,24.978,55.525,78.691,21.309
[SHELL] ccA:71,4138969659,192895,1.876,-15.700,0.000,-35.000,2.60618,2.26894,15.81,-2.345,-26.776,-2.175,-24.832,-2.306,-7.944,0.92740,74.782
[SHELL] ccB:71,18929,1,6.397,9.324,-15.721,78.758,54.354,21.242,74.935,75.022,24.978
[SHELL] ccA:72,4139189759,192896,18.628,-13.568,0.000,-35.000,2.17752,1.84038,15.92,-2.697,-26.821,-2.494,-24.802,-2.322,-7.945,0.92473,74.782
[SHELL] ccB:72,18979,1,0.525,19.690,-20.215,77.075,32.657,22.925,78.758,54.354,21.242
[SHELL] ccA:73,4139409871,192897,6.196,-8.479,0.000,-35.000,1.75119,1.41430,15.97,-2.452,-26.929,-2.247,-24.678,-2.326,-7.949,0.91643,74.342
[SHELL] ccB:73,19035,1,7.230,2.981,-10.212,77.773,22.227,36.361,77.075,32.657,22.925
[SHELL] ccA:74,4139629823,192898,-8.224,-13.839,0.000,-35.000,1.33254,0.99548,15.97,-2.154,-26.820,-1.984,-24.701,-2.316,-7.949,0.92098,74.342
[SHELL] ccB:74,19011,1,11.507,-15.503,3.996,78.617,21.383,56.573,77.773,22.227,36.361
[SHELL] ccA:75,4139849607,192899,-10.488,-15.468,0.000,-35.000,0.90416,0.56711,16.03,-2.096,-26.786,-1.933,-24.705,-2.304,-7.948,0.92231,74.342
[SHELL] ccB:75,18903,1,5.672,-18.257,12.586,73.488,24.516,75.484,78.617,21.383,56.573
[SHELL] ccA:76,4140069531,192900,1.558,-17.186,0.000,-35.000,0.47352,0.13635,15.65,-2.337,-26.749,-2.170,-24.833,-2.304,-7.947,0.92836,74.782
[SHELL] ccB:76,18865,1,9.224,-17.243,8.019,52.459,21.167,78.833,73.488,24.516,75.484
[SHELL] ccA:77,4140289711,192901,13.650,-14.519,0.000,-35.000,0.05348,5.99965,15.82,-2.591,-26.804,-2.398,-24.812,-2.316,-7.947,0.92568,74.782
[SHELL] ccB:77,18955,1,14.406,-19.127,4.721,31.459,23.191,76.809,52.459,21.167,78.833
[SHELL] ccA:78,4140509611,192902,-1.861,-13.585,0.000,-35.000,5.91593,5.57865,15.79,-2.277,-26.824,-2.096,-24.692,-2.312,-7.947,0.92052,74.342
[SHELL] ccB:78,18905,1,-6.615,-7.094,13.709,22.088,37.243,77.912,31.459,23.191,76.809
[SHELL] ccA:79,4140729631,192903,-6.646,-21.514,0.000,-35.000,5.48687,5.14965,15.84,-2.173,-26.657,-2.013,-24.699,-2.304,-7.941,0.92653,74.342
[SHELL] ccB:79,18915,1,-20.025,1.097,18.928,21.537,58.344,78.463,22.088,37.243,77.912
[SHELL] ctrlcap v1 armed=0 count=512 clock_hz=550000000 decimation=1
[SHELL] ccA:index,cycles,seq,id,iq,idref,iqref,theta,actangle,age_us,vdreq,vqreq,vd,vq,intd,intq,scale,bus
[SHELL] ccB:index,timer,valid,ia,ib,ic,du,dv,dw,active_u,active_v,active_w
[SHELL] ccA:80,4140949631,192904,-5.846,-18.107,0.000,-35.000,5.06646,4.72924,15.84,-2.181,-26.723,-2.016,-24.698,-2.297,-7.938,0.92425,74.342
[SHELL] ccB:80,18915,1,-19.010,8.817,10.194,24.120,75.880,72.153,21.537,58.344,78.463
[SHELL] ccA:81,4141169643,192905,3.305,-18.135,0.000,-35.000,4.64243,4.30519,15.84,-2.366,-26.719,-2.186,-24.684,-2.298,-7.934,0.92385,74.342
[SHELL] ccB:81,18921,1,-18.322,7.403,10.919,21.144,78.856,51.404,24.120,75.880,72.153
[SHELL] ccA:82,4141389659,192906,14.460,-14.457,0.000,-35.000,4.21749,3.88028,15.84,-2.602,-26.793,-2.395,-24.665,-2.310,-7.934,0.92058,74.342
[SHELL] ccB:82,18929,1,-19.590,4.721,14.869,23.471,76.529,30.284,21.144,78.856,51.404
[SHELL] ccA:83,4141609667,192907,0.774,-11.906,0.000,-35.000,3.79044,3.45325,15.82,-2.327,-26.845,-2.140,-24.688,-2.309,-7.935,0.91964,74.342
[SHELL] ccB:83,18933,1,-7.811,11.716,-3.905,38.835,78.139,21.861,23.471,76.529,30.284
[SHELL] ccA:84,4141829739,192908,-8.761,-16.392,0.000,-35.000,3.37515,3.03818,15.82,-2.125,-26.753,-1.963,-24.703,-2.299,-7.933,0.92338,74.342
[SHELL] ccB:84,18969,1,4.729,13.202,-17.931,59.084,78.387,21.613,38.835,78.139,21.861
[SHELL] ccA:85,4142049731,192909,-8.432,-17.736,0.000,-35.000,2.95476,2.61782,15.82,-2.122,-26.723,-1.962,-24.703,-2.289,-7.930,0.92442,74.342
[SHELL] ccB:85,18965,1,11.579,7.947,-19.526,76.066,71.486,23.934,59.084,78.387,21.613
[SHELL] ccA:86,4142269759,192910,6.419,-19.494,0.000,-35.000,2.52692,2.18994,15.82,-2.424,-26.683,-2.242,-24.679,-2.294,-7.926,0.92491,74.342
[SHELL] ccB:86,18979,1,5.998,14.000,-19.997,78.867,50.248,21.133,76.066,71.486,23.934
[SHELL] ccA:87,4142489751,192911,20.191,-13.460,0.000,-35.000,2.10576,1.76860,15.93,-2.718,-26.805,-2.499,-24.654,-2.312,-7.926,0.91977,74.342
[SHELL] ccB:87,18975,1,1.286,20.342,-21.628,76.278,29.300,23.722,78.867,50.248,21.133
[SHELL] ccA:88,4142709791,192912,2.718,-8.689,0.000,-35.000,1.67658,1.33947,15.99,-2.369,-26.905,-2.173,-24.685,-2.312,-7.930,0.91749,74.342
[SHELL] ccB:88,18995,1,8.354,-1.042,-7.312,78.266,21.734,39.848,76.278,29.300,23.722
[SHELL] ccA:89,4142929827,192913,-8.559,-13.760,0.000,-35.000,1.24898,0.91190,15.99,-2.133,-26.803,-1.965,-24.703,-2.302,-7.930,0.92164,74.342
[SHELL] ccB:89,19013,1,10.347,-15.974,5.627,78.205,21.795,60.653,78.266,21.734,39.848
[SHELL] ccA:90,4143149667,192914,-9.270,-14.720,0.000,-35.000,0.83302,0.49605,16.04,-2.107,-26.783,-1.944,-24.704,-2.291,-7.930,0.92239,74.342
[SHELL] ccB:90,18933,1,4.657,-16.844,12.187,70.275,23.612,76.388,78.205,21.795,60.653
[SHELL] ccA:91,4143369495,192915,4.600,-18.910,0.000,-35.000,0.41027,0.07288,15.67,-2.388,-26.694,-2.208,-24.682,-2.294,-7.926,0.92462,74.342
[SHELL] ccB:91,18847,1,11.761,-19.309,7.548,49.184,21.136,78.864,70.275,23.612,76.388
[SHELL] ccA:92,4143589727,192916,17.301,-12.447,0.000,-35.000,6.26347,5.92655,15.79,-2.657,-26.826,-2.443,-24.660,-2.309,-7.927,0.91925,74.342
[SHELL] ccB:92,18963,1,17.052,-19.598,2.546,28.010,24.074,75.926,49.184,21.136,78.864
[SHELL] ccA:93,4143809739,192917,1.164,-11.296,0.000,-35.000,5.83700,5.50011,15.79,-2.334,-26.851,-2.146,-24.688,-2.308,-7.929,0.91942,74.342
[SHELL] ccB:93,18969,1,-3.824,-7.348,11.172,21.586,41.175,78.414,28.010,24.074,75.926
[SHELL] ccA:94,4144029755,192918,-6.675,-15.974,0.000,-35.000,5.41392,5.07713,15.84,-2.168,-26.755,-2.002,-24.700,-2.300,-7.927,0.92318,74.342
[SHELL] ccB:94,18977,1,-16.510,3.743,12.767,21.958,61.872,78.042,21.586,41.175,78.414
[SHELL] ccA:95,4144249619,192919,-5.600,-15.639,0.000,-35.000,4.99697,4.65973,15.84,-2.182,-26.760,-2.014,-24.699,-2.293,-7.926,0.92295,74.342
[SHELL] ccB:95,18909,1,-16.582,9.143,7.439,23.295,76.705,68.989,21.958,61.872,78.042
[SHELL] ctrlcap v1 armed=0 count=512 clock_hz=550000000 decimation=1
[SHELL] ccA:index,cycles,seq,id,iq,idref,iqref,theta,actangle,age_us,vdreq,vqreq,vd,vq,intd,intq,scale,bus
[SHELL] ccB:index,timer,valid,ia,ib,ic,du,dv,dw,active_u,active_v,active_w
[SHELL] ccA:96,4144469631,192920,4.974,-17.482,0.000,-35.000,4.56098,4.22375,15.84,-2.397,-26.720,-2.214,-24.681,-2.296,-7.923,0.92369,74.342
[SHELL] ccB:96,18915,1,-18.032,7.041,10.991,21.175,78.825,47.275,23.295,76.705,68.989
[SHELL] ccA:97,4144689687,192921,13.983,-13.110,0.000,-35.000,4.14407,3.80696,15.84,-2.590,-26.809,-2.383,-24.666,-2.308,-7.923,0.92004,74.342
[SHELL] ccB:97,18943,1,-18.575,5.192,13.383,24.370,75.630,26.994,21.175,78.825,47.275
[SHELL] ccA:98,4144909631,192922,-2.008,-13.000,0.000,-35.000,3.72246,3.38528,15.82,-2.266,-26.812,-2.087,-24.693,-2.304,-7.924,0.92095,74.342
[SHELL] ccB:98,18915,1,-5.455,13.093,-7.638,42.065,78.502,21.498,24.370,75.630,26.994
[SHELL] ccA:99,4145129591,192923,-7.629,-14.426,0.000,-35.000,3.29900,2.96073,15.80,-2.144,-26.838,-1.973,-24.702,-2.295,-7.923,0.92039,74.342
[SHELL] ccB:99,18895,1,5.273,10.738,-16.011,62.882,77.893,22.107,42.065,78.502,21.498
[SHELL] ccA:100,4145349711,192924,-4.916,-16.356,0.000,-35.000,2.86555,2.52739,16.11,-2.191,-26.797,-2.020,-24.698,-2.288,-7.921,0.92167,74.342
[SHELL] ccB:100,18955,1,9.187,7.874,-17.062,77.104,67.210,22.896,62.882,77.893,22.107
[SHELL] ccA:101,4145569679,192925,7.866,-19.333,0.000,-35.000,2.44554,2.10748,15.80,-2.453,-26.732,-2.265,-24.677,-2.294,-7.916,0.92311,74.342
[SHELL] ccB:101,18939,1,6.360,14.036,-20.396,78.779,46.082,21.221,77.104,67.210,22.896
[SHELL] ccA:102,4145789691,192926,14.929,-12.699,0.000,-35.000,2.01096,1.67277,15.85,-2.608,-26.867,-2.394,-24.665,-2.307,-7.916,0.91804,74.342
[SHELL] ccB:102,18945,1,5.128,13.818,-18.946,75.075,25.226,24.925,78.779,46.082,21.221
[SHELL] ccA:103,4146009711,192927,-2.845,-12.290,0.000,-35.000,1.58946,1.25128,15.91,-2.247,-26.876,-2.065,-24.694,-2.302,-7.917,0.91884,74.342
[SHELL] ccB:103,18955,1,12.341,-8.435,-3.905,78.658,21.342,43.981,75.075,25.226,24.925
[SHELL] ccA:104,4146229739,192928,-14.480,-15.599,0.000,-35.000,1.16267,0.82452,15.91,-1.998,-26.807,-1.842,-24.712,-2.286,-7.916,0.92185,74.342
[SHELL] ccB:104,18969,1,8.571,-21.157,12.586,77.603,22.397,64.636,78.658,21.342,43.981
[SHELL] ccA:105,4146449339,192929,-11.359,-16.472,0.000,-35.000,0.74268,0.40417,15.53,-2.048,-26.787,-1.889,-24.709,-2.273,-7.914,0.92240,74.342
[SHELL] ccB:105,18769,1,2.772,-18.547,15.775,66.102,22.670,77.330,77.603,22.397,64.636
[SHELL] ccA:106,4146669559,192930,5.960,-20.160,0.000,-35.000,0.32510,6.27014,15.59,-2.398,-26.707,-2.216,-24.681,-2.277,-7.908,0.92414,74.342
[SHELL] ccB:106,18879,1,12.087,-20.940,8.853,44.879,21.284,78.716,66.102,22.670,77.330
[SHELL] ccA:107,4146889627,192931,12.463,-13.994,0.000,-35.000,6.17338,5.83530,15.72,-2.539,-26.831,-2.335,-24.670,-2.288,-7.908,0.91946,74.342
[SHELL] ccB:107,18913,1,10.855,-18.656,7.802,24.735,25.811,75.265,44.879,21.284,78.716
[SHELL] ccA:108,4147109627,192932,-2.854,-17.114,0.000,-35.000,5.74811,5.41009,15.72,-2.228,-26.765,-2.056,-24.695,-2.283,-7.905,0.92266,74.342
[SHELL] ccB:108,18913,1,-11.182,-5.898,17.080,21.252,45.454,78.748,24.735,25.811,75.265
[SHELL] ccA:109,4147329575,192933,-9.667,-19.325,0.000,-35.000,5.31417,4.97589,15.78,-2.080,-26.716,-1.924,-24.706,-2.272,-7.900,0.92475,74.342
[SHELL] ccB:109,18887,1,-21.402,8.128,13.274,22.764,66.571,77.236,21.252,45.454,78.748
[SHELL] ccA:110,4147549559,192934,-10.258,-17.857,0.000,-35.000,4.89833,4.56002,15.78,-2.057,-26.743,-1.900,-24.708,-2.260,-7.897,0.92391,74.342
[SHELL] ccB:110,18879,1,-19.445,15.594,3.851,22.375,77.625,64.512,22.764,66.571,77.236
[SHELL] ccA:111,4147769547,192935,1.663,-21.568,0.000,-35.000,4.46826,4.12995,15.78,-2.295,-26.661,-2.125,-24.689,-2.260,-7.891,0.92603,74.342
[SHELL] ccB:111,18873,1,-21.330,13.782,7.548,21.434,78.566,42.790,22.375,77.625,64.512
[SHELL] ctrlcap v1 armed=0 count=512 clock_hz=550000000 decimation=1
[SHELL] ccA:index,cycles,seq,id,iq,idref,iqref,theta,actangle,age_us,vdreq,vqreq,vd,vq,intd,intq,scale,bus
[SHELL] ccB:index,timer,valid,ia,ib,ic,du,dv,dw,active_u,active_v,active_w
[SHELL] ccA:112,4147989583,192936,6.206,-14.887,0.000,-35.000,4.04416,3.70585,15.78,-2.390,-26.795,-2.202,-24.683,-2.264,-7.890,0.92115,74.342
[SHELL] ccB:112,18891,1,-15.531,11.535,3.996,27.121,75.668,24.332,21.434,78.566,42.790
[SHELL] ccA:113,4148209655,192937,-7.158,-18.007,0.000,-35.000,3.62398,3.28588,15.76,-2.114,-26.729,-1.954,-24.703,-2.256,-7.887,0.92422,74.342
[SHELL] ccB:113,18927,1,-2.012,17.696,-15.684,46.734,78.806,21.194,27.121,75.668,24.332
[SHELL] ccA:114,4148429639,192938,-12.731,-18.210,0.000,-35.000,3.19778,2.85968,15.76,-1.988,-26.721,-1.839,-24.712,-2.241,-7.883,0.92482,74.342
[SHELL] ccB:114,18919,1,11.688,10.520,-22.208,67.435,77.056,22.944,46.734,78.806,21.194
[SHELL] ccA:115,4148649587,192939,-9.563,-18.094,0.000,-35.000,2.77172,2.43345,15.76,-2.041,-26.720,-1.887,-24.709,-2.230,-7.880,0.92471,74.342
[SHELL] ccB:115,18893,1,15.457,3.888,-19.345,77.876,62.991,22.124,67.435,77.056,22.944
[SHELL] ccA:116,4148869747,192940,4.761,-20.966,0.000,-35.000,2.35552,2.01754,15.87,-2.330,-26.657,-2.158,-24.686,-2.233,-7.874,0.92608,74.342
[SHELL] ccB:116,18973,1,11.471,10.013,-21.483,78.480,41.834,21.520,77.876,62.991,22.124
[SHELL] ccA:117,4149089751,192941,7.293,-12.153,0.000,-35.000,1.92900,1.59107,15.92,-2.387,-26.836,-2.195,-24.683,-2.239,-7.876,0.91977,74.342
[SHELL] ccB:117,18975,1,8.825,5.192,-14.017,75.928,24.072,28.019,78.480,41.834,21.520
[SHELL] ccA:118,4149309623,192942,-6.134,-12.449,0.000,-35.000,1.50432,1.16605,15.84,-2.110,-26.831,-1.943,-24.704,-2.231,-7.877,0.92072,74.342
[SHELL] ccB:118,18911,1,12.014,-12.024,0.009,78.844,21.156,47.981,75.928,24.072,28.019
[SHELL] ccA:119,4149529439,192943,-16.200,-15.732,0.000,-35.000,1.08055,0.74231,15.84,-1.891,-26.764,-1.736,-24.573,-2.213,-7.874,0.91813,73.902
[SHELL] ccB:119,18819,1,6.252,-21.918,15.667,76.857,23.143,68.333,78.844,21.156,47.981
[SHELL] ccA:120,4149749247,192944,-10.335,-16.107,0.000,-35.000,0.65863,0.32005,15.46,-1.996,-26.753,-1.844,-24.712,-2.201,-7.873,0.92370,74.342
[SHELL] ccB:120,18723,1,1.685,-17.351,15.667,62.156,21.999,78.001,76.857,23.143,68.333
[SHELL] ccA:121,4149969279,192945,4.767,-19.594,0.000,-35.000,0.23642,6.18122,15.57,-2.301,-26.678,-2.130,-24.689,-2.204,-7.868,0.92542,74.342
[SHELL] ccB:121,18739,1,9.224,-20.142,10.919,40.655,21.641,78.359,62.156,21.999,78.001
[SHELL] ccA:122,4150189307,192946,4.641,-14.377,0.000,-35.000,6.09964,5.76129,15.51,-2.302,-26.784,-2.109,-24.544,-2.207,-7.867,0.91636,73.902
[SHELL] ccB:122,18753,1,1.939,-13.944,12.006,23.877,28.722,76.123,40.655,21.641,78.359
[SHELL] ccA:123,4150421427,192947,-5.373,-20.021,0.000,-35.000,5.67171,5.33745,18.52,-2.094,-26.663,-1.929,-24.558,-2.200,-7.860,0.92106,73.902
[SHELL] ccB:123,24813,1,-15.893,-3.579,19.472,21.140,48.846,78.860,23.877,28.722,76.123
[SHELL] ccA:124,4150629307,192948,-7.315,-20.066,0.000,-35.000,5.26216,4.92388,15.51,-2.046,-26.656,-1.886,-24.562,-2.191,-7.854,0.92142,73.902
[SHELL] ccB:124,18753,1,-20.931,6.787,14.144,23.286,68.951,76.714,21.140,48.846,78.860
[SHELL] ccA:125,4150849331,192949,-0.462,-16.790,0.000,-35.000,4.83095,4.49273,15.51,-2.181,-26.719,-2.005,-24.552,-2.189,-7.851,0.91891,73.902
[SHELL] ccB:125,18765,1,-16.727,7.041,9.686,21.844,78.156,61.032,23.286,68.951,76.714
[SHELL] ccA:126,4151069275,192950,14.370,-17.265,0.000,-35.000,4.40710,4.06862,15.51,-2.491,-26.706,-2.301,-24.674,-2.201,-7.848,0.92391,74.342
[SHELL] ccB:126,18737,1,-20.786,3.018,17.769,21.786,78.214,39.422,21.844,78.156,61.032
[SHELL] ccA:127,4151289219,192951,10.672,-10.474,0.000,-35.000,3.98902,3.65049,15.52,-2.426,-26.846,-2.230,-24.680,-2.210,-7.851,0.91933,74.342
[SHELL] ccB:127,18709,1,-14.915,6.533,8.382,29.667,76.373,23.627,21.786,78.214,39.422
[SHELL] ctrlcap v1 armed=0 count=512 clock_hz=550000000 decimation=1
[SHELL] ccA:index,cycles,seq,id,iq,idref,iqref,theta,actangle,age_us,vdreq,vqreq,vd,vq,intd,intq,scale,bus
[SHELL] ccB:index,timer,valid,ia,ib,ic,du,dv,dw,active_u,active_v,active_w
[SHELL] ccA:128,4151509299,192952,0.058,-14.138,0.000,-35.000,3.56436,3.22612,15.49,-2.211,-26.772,-2.028,-24.550,-2.208,-7.850,0.91703,73.902
[SHELL] ccB:128,18749,1,-5.854,14.072,-8.218,49.894,78.867,21.133,29.667,76.373,23.627
[SHELL] ccA:129,4151729199,192953,-5.882,-12.663,0.000,-35.000,3.14106,2.80248,15.49,-2.085,-26.801,-1.922,-24.706,-2.201,-7.851,0.92182,74.342
[SHELL] ccB:129,18699,1,5.889,8.019,-13.908,70.239,76.397,23.603,49.894,78.867,21.133
[SHELL] ccA:130,4151949491,192954,-1.355,-12.093,0.000,-35.000,2.72406,2.38549,15.49,-2.172,-26.815,-2.001,-24.700,-2.198,-7.853,0.92113,74.342
[SHELL] ccB:130,18845,1,6.143,6.026,-12.169,78.232,60.436,21.768,70.239,76.397,23.603
[SHELL] ccA:131,4152169839,192955,16.358,-14.039,0.000,-35.000,2.29774,1.95963,16.00,-2.541,-26.775,-2.341,-24.670,-2.212,-7.853,0.92136,74.342
[SHELL] ccB:131,19019,1,-0.381,18.856,-18.475,78.111,38.631,21.889,78.232,60.436,21.768
[SHELL] ccA:132,4152389959,192956,14.698,-6.908,0.000,-35.000,1.87479,1.53706,16.05,-2.521,-26.925,-2.310,-24.673,-2.225,-7.859,0.91635,74.342
[SHELL] ccB:132,19079,1,2.192,12.840,-15.032,76.628,23.372,30.690,78.111,38.631,21.889
[SHELL] ccA:133,4152609959,192957,-0.043,-9.560,0.000,-35.000,1.44359,1.10588,16.05,-2.224,-26.875,-2.044,-24.696,-2.223,-7.862,0.91893,74.342
[SHELL] ccB:133,19079,1,9.477,-5.826,-3.651,78.859,21.141,51.194,76.628,23.372,30.690
[SHELL] ccA:134,4152829655,192958,-9.284,-11.229,0.000,-35.000,1.02404,0.68597,16.05,-2.028,-26.844,-1.867,-24.710,-2.212,-7.865,0.92053,74.342
[SHELL] ccB:134,18927,1,4.766,-14.307,9.541,76.159,23.841,71.144,78.859,21.141,51.194
[SHELL] ccA:135,4153049447,192959,-2.233,-13.452,0.000,-35.000,0.59934,0.26096,15.68,-2.165,-26.799,-1.995,-24.700,-2.208,-7.865,0.92167,74.342
[SHELL] ccB:135,18823,1,5.744,-13.582,7.838,58.968,21.601,78.399,76.159,23.841,71.144
[SHELL] ccA:136,4153269655,192960,13.813,-14.737,0.000,-35.000,0.17317,6.11826,15.71,-2.498,-26.773,-2.302,-24.673,-2.220,-7.864,0.92158,74.342
[SHELL] ccB:136,18927,1,16.146,-18.584,2.438,37.244,22.088,77.912,58.968,21.601,78.399
[SHELL] ccA:137,4153489599,192961,10.042,-10.543,0.000,-35.000,6.04174,5.70344,15.78,-2.431,-26.860,-2.233,-24.680,-2.228,-7.867,0.91882,74.342
[SHELL] ccB:137,18899,1,7.230,-14.561,7.330,23.162,31.584,76.838,37.244,22.088,77.912
[SHELL] ccA:138,4153709587,192962,1.539,-17.295,0.000,-35.000,5.61201,5.27370,15.78,-2.260,-26.721,-2.089,-24.692,-2.228,-7.865,0.92408,74.342
[SHELL] ccB:138,18893,1,-9.551,-7.783,17.334,21.164,52.333,78.836,23.162,31.584,76.838
[SHELL] ccA:139,4153929655,192963,-1.145,-16.009,0.000,-35.000,5.17997,4.84179,15.83,-2.204,-26.746,-2.035,-24.697,-2.225,-7.863,0.92340,74.342
[SHELL] ccB:139,18927,1,-14.806,2.039,12.767,24.347,72.930,75.653,21.164,52.333,78.836
[SHELL] ccA:140,4154149739,192964,3.248,-13.766,0.000,-35.000,4.76559,4.42756,15.83,-2.293,-26.791,-2.113,-24.690,-2.226,-7.863,0.92159,74.342
[SHELL] ccB:140,18969,1,-13.574,3.344,10.230,21.471,78.529,57.639,24.347,72.930,75.653
[SHELL] ccA:141,4154369727,192965,14.639,-15.112,0.000,-35.000,4.33473,3.99669,15.83,-2.534,-26.763,-2.349,-24.816,-2.239,-7.864,0.92726,74.782
[SHELL] ccB:141,18963,1,-19.445,2.764,16.681,22.309,77.691,35.870,21.471,78.529,57.639
[SHELL] ccA:142,4154589731,192966,11.387,-9.194,0.000,-35.000,3.90100,3.56307,15.81,-2.478,-26.888,-2.274,-24.676,-2.249,-7.867,0.91774,74.342
[SHELL] ccB:142,18965,1,-14.589,6.280,8.309,33.818,77.314,22.686,22.309,77.691,35.870
[SHELL] ccA:143,4154809711,192967,-0.611,-13.402,0.000,-35.000,3.47906,3.14103,15.81,-2.236,-26.803,-2.072,-24.841,-2.246,-7.869,0.92679,74.782
[SHELL] ccB:143,18955,1,-3.860,13.057,-9.197,54.184,78.766,21.234,33.818,77.314,22.686
[SHELL] ctrlcap v1 armed=0 count=512 clock_hz=550000000 decimation=1
[SHELL] ccA:index,cycles,seq,id,iq,idref,iqref,theta,actangle,age_us,vdreq,vqreq,vd,vq,intd,intq,scale,bus
[SHELL] ccB:index,timer,valid,ia,ib,ic,du,dv,dw,active_u,active_v,active_w
[SHELL] ccA:144,4155029627,192968,-7.465,-13.455,0.000,-35.000,3.06299,2.72471,15.81,-2.090,-26.804,-1.926,-24.706,-2.237,-7.870,0.92172,74.342
[SHELL] ccB:144,18913,1,8.499,6.860,-15.358,73.738,75.407,24.593,54.184,78.766,21.234
[SHELL] ccA:145,4155249659,192969,-1.067,-16.359,0.000,-35.000,2.63301,2.29475,15.81,-2.215,-26.744,-2.045,-24.696,-2.234,-7.868,0.92344,74.342
[SHELL] ccB:145,18929,1,8.897,7.476,-16.373,78.668,55.873,21.332,73.738,75.407,24.593
[SHELL] ccA:146,4155469743,192970,17.543,-16.494,0.000,-35.000,2.20242,1.86426,15.92,-2.603,-26.739,-2.415,-24.810,-2.250,-7.867,0.92786,74.782
[SHELL] ccB:146,18971,1,2.953,19.219,-22.172,77.336,33.932,22.664,78.668,55.873,21.332
[SHELL] ccA:147,4155689775,192971,5.855,-9.527,0.000,-35.000,1.78977,1.45164,15.97,-2.373,-26.884,-2.179,-24.685,-2.254,-7.871,0.91818,74.342
[SHELL] ccB:147,18987,1,8.027,2.728,-10.755,77.435,22.565,34.443,77.336,33.932,22.664
[SHELL] ccA:148,4155909799,192972,-6.050,-14.232,0.000,-35.000,1.36174,1.02369,15.97,-2.127,-26.789,-1.961,-24.703,-2.246,-7.871,0.92213,74.342
[SHELL] ccB:148,18999,1,12.667,-14.017,1.350,78.715,21.285,55.128,77.435,22.565,34.443
[SHELL] ccA:149,4156129695,192973,-7.279,-15.362,0.000,-35.000,0.93192,0.59311,16.03,-2.093,-26.820,-1.928,-24.705,-2.237,-7.869,0.92116,74.342
[SHELL] ccB:149,18947,1,7.991,-16.989,8.998,74.636,24.880,75.120,78.715,21.285,55.128
[SHELL] ccA:150,4156349515,192974,0.803,-15.965,0.000,-35.000,0.51032,0.17116,15.60,-2.254,-26.806,-2.077,-24.693,-2.236,-7.867,0.92120,74.342
[SHELL] ccB:150,18857,1,8.499,-15.974,7.475,54.358,21.242,78.758,74.636,24.880,75.120
[SHELL] ccA:151,4156569687,192975,13.284,-15.118,0.000,-35.000,0.08206,6.02621,15.76,-2.515,-26.821,-2.314,-24.672,-2.248,-7.865,0.91987,74.342
[SHELL] ccB:151,18943,1,14.479,-19.345,4.866,32.833,22.887,77.113,54.358,21.242,78.758
[SHELL] ccA:152,4156789611,192976,1.119,-12.910,0.000,-35.000,5.94656,5.60728,15.79,-2.271,-26.866,-2.087,-24.693,-2.247,-7.866,0.91909,74.342
[SHELL] ccB:152,18905,1,-3.208,-9.269,12.477,22.313,35.848,77.687,32.833,22.887,77.113
[SHELL] ccA:153,4157009679,192977,-5.753,-18.980,0.000,-35.000,5.52436,5.18528,15.79,-2.126,-26.739,-1.964,-24.703,-2.240,-7.861,0.92384,74.342
[SHELL] ccB:153,18939,1,-17.234,0.118,17.116,21.376,56.484,78.624,22.313,35.848,77.687
[SHELL] ccA:154,4157229651,192978,-4.230,-17.976,0.000,-35.000,5.09705,4.75783,15.84,-2.151,-26.756,-1.986,-24.701,-2.234,-7.858,0.92320,74.342
[SHELL] ccB:154,18925,1,-18.249,6.678,11.571,24.513,75.487,73.479,21.376,56.484,78.624
[SHELL] ccA:155,4157449635,192979,3.726,-16.529,0.000,-35.000,4.67573,4.33649,15.84,-2.312,-26.783,-2.131,-24.689,-2.236,-7.855,0.92182,74.342
[SHELL] ccB:155,18917,1,-16.655,5.627,11.027,21.187,78.813,53.078,24.513,75.487,73.479
[SHELL] ccA:156,4157669643,192980,16.465,-14.283,0.000,-35.000,4.24924,3.90999,15.84,-2.581,-26.827,-2.373,-24.667,-2.250,-7.855,0.91946,74.342
[SHELL] ccB:156,18921,1,-20.134,2.836,17.298,23.136,76.864,31.699,21.187,78.813,53.078
[SHELL] ccA:157,4157889655,192981,2.585,-10.769,0.000,-35.000,3.82281,3.48361,15.82,-2.304,-26.900,-2.115,-24.690,-2.251,-7.857,0.91784,74.342
[SHELL] ccB:157,18927,1,-8.790,10.230,-1.441,37.312,77.923,22.077,23.136,76.864,31.699
[SHELL] ccA:158,4158109623,192982,-6.925,-16.064,0.000,-35.000,3.40207,3.06280,15.82,-2.105,-26.791,-1.941,-24.704,-2.242,-7.855,0.92211,74.342
[SHELL] ccB:158,18911,1,2.555,13.710,-16.264,57.828,78.512,21.488,37.312,77.923,22.077
[SHELL] ccA:159,4158329771,192983,-8.602,-17.588,0.000,-35.000,2.97734,2.63825,16.13,-2.061,-26.757,-1.904,-24.707,-2.232,-7.852,0.92339,74.342
[SHELL] ccB:159,18985,1,11.362,8.128,-19.490,75.777,72.509,24.223,57.828,78.512,21.488
[SHELL] ctrlcap v1 armed=0 count=512 clock_hz=550000000 decimation=1
[SHELL] ccA:index,cycles,seq,id,iq,idref,iqref,theta,actangle,age_us,vdreq,vqreq,vd,vq,intd,intq,scale,bus
[SHELL] ccB:index,timer,valid,ia,ib,ic,du,dv,dw,active_u,active_v,active_w
[SHELL] ccA:160,4158549759,192984,2.893,-19.744,0.000,-35.000,2.55417,2.21524,15.82,-2.293,-26.709,-2.119,-24.690,-2.233,-7.847,0.92440,74.342
[SHELL] ccB:160,18979,1,8.535,11.354,-19.889,78.850,51.760,21.150,75.777,72.509,24.223
[SHELL] ccA:161,4158769871,192985,17.565,-14.099,0.000,-35.000,2.13025,1.79144,15.93,-2.602,-26.823,-2.393,-24.665,-2.249,-7.846,0.91956,74.342
[SHELL] ccB:161,19035,1,2.627,18.059,-20.686,76.593,30.545,23.407,78.850,51.760,21.150
[SHELL] ccA:162,4158989787,192986,3.555,-9.290,0.000,-35.000,1.70797,1.36886,15.99,-2.323,-26.923,-2.130,-24.689,-2.250,-7.849,0.91702,74.342
[SHELL] ccB:162,18993,1,8.716,-0.208,-8.508,78.070,21.930,38.329,76.593,30.545,23.407
[SHELL] ccA:163,4159209919,192987,-7.027,-13.882,0.000,-35.000,1.28726,0.94841,15.99,-2.103,-26.830,-1.936,-24.705,-2.242,-7.849,0.92080,74.342
[SHELL] ccB:163,19059,1,11.362,-14.887,3.525,78.417,21.583,58.804,78.070,21.930,38.329
[SHELL] ccA:164,4159429619,192988,-6.560,-16.011,0.000,-35.000,0.85950,0.52045,16.04,-2.104,-26.785,-1.940,-24.705,-2.233,-7.847,0.92233,74.342
[SHELL] ccB:164,18909,1,7.846,-17.279,9.433,71.390,23.908,76.092,78.417,21.583,58.804
[SHELL] ccA:165,4159649531,192989,5.539,-17.861,0.000,-35.000,0.44085,0.10149,15.67,-2.350,-26.744,-2.169,-24.686,-2.237,-7.844,0.92302,74.342
[SHELL] ccB:165,18865,1,12.630,-18.257,5.627,50.693,21.135,78.865,71.390,23.908,76.092
[SHELL] ccA:166,4159869595,192990,17.854,-12.382,0.000,-35.000,6.27697,5.93766,15.79,-2.612,-26.856,-2.399,-24.664,-2.253,-7.845,0.91839,74.342
[SHELL] ccB:166,18897,1,17.777,-19.707,1.930,28.591,23.913,76.087,50.693,21.135,78.865
[SHELL] ccA:167,4160089659,192991,-1.451,-10.972,0.000,-35.000,5.86503,5.52594,15.79,-2.222,-26.886,-2.041,-24.696,-2.249,-7.847,0.91855,74.342
[SHELL] ccB:167,18929,1,-5.781,-5.282,11.064,21.752,39.700,78.248,28.591,23.913,76.087
[SHELL] ccA:168,4160309715,192992,-10.785,-17.586,0.000,-35.000,5.44712,5.10812,15.84,-2.023,-26.749,-1.869,-24.710,-2.237,-7.844,0.92376,74.342
[SHELL] ccB:168,18957,1,-20.279,6.860,13.419,21.727,60.098,78.273,21.752,39.700,78.248
[SHELL] ccA:169,4160529747,192993,-6.128,-17.432,0.000,-35.000,5.01532,4.67643,15.84,-2.108,-26.750,-1.947,-24.704,-2.229,-7.841,0.92352,74.342
[SHELL] ccB:169,18973,1,-18.467,9.795,8.671,23.513,76.487,69.884,21.727,60.098,78.273
[SHELL] ccA:170,4160749639,192994,5.567,-17.686,0.000,-35.000,4.59587,4.25663,15.84,-2.346,-26.741,-2.166,-24.686,-2.233,-7.838,0.92313,74.342
[SHELL] ccB:170,18919,1,-18.213,6.098,12.115,21.138,78.862,49.016,23.513,76.487,69.884
[SHELL] ccA:171,4160969655,192995,13.994,-14.550,0.000,-35.000,4.16697,3.82774,15.84,-2.527,-26.804,-2.326,-24.671,-2.245,-7.837,0.92043,74.342
[SHELL] ccB:171,18927,1,-19.699,6.026,13.673,24.070,75.930,28.025,21.138,78.862,49.016
[SHELL] ccA:172,4161189607,192996,0.694,-11.964,0.000,-35.000,3.75052,3.41129,15.82,-2.260,-26.858,-2.078,-24.693,-2.244,-7.838,0.91942,74.342
[SHELL] ccB:172,18903,1,-7.412,11.861,-4.449,40.766,78.371,21.629,24.070,75.930,28.025
[SHELL] ccA:173,4161409579,192997,-8.997,-15.375,0.000,-35.000,3.32548,2.98621,15.80,-2.055,-26.787,-1.896,-24.708,-2.233,-7.837,0.92238,74.342
[SHELL] ccB:173,18889,1,6.034,11.499,-17.533,61.494,78.094,21.906,40.766,78.371,21.629
[SHELL] ccA:174,4161629583,192998,-6.271,-16.371,0.000,-35.000,2.89388,2.55461,15.80,-2.102,-26.765,-1.940,-24.705,-2.226,-7.835,0.92301,74.342
[SHELL] ccB:174,18891,1,10.093,7.367,-17.460,76.788,68.632,23.212,61.494,78.094,21.906
[SHELL] ccA:175,4161849627,192999,5.785,-18.210,0.000,-35.000,2.47848,2.13922,15.80,-2.347,-26.725,-2.168,-24.686,-2.230,-7.832,0.92370,74.342
[SHELL] ccB:175,18913,1,6.650,12.187,-18.838,78.841,47.862,21.159,76.788,68.632,23.212
[SHELL] ctrlcap v1 armed=0 count=512 clock_hz=550000000 decimation=1
[SHELL] ccA:index,cycles,seq,id,iq,idref,iqref,theta,actangle,age_us,vdreq,vqreq,vd,vq,intd,intq,scale,bus
[SHELL] ccB:index,timer,valid,ia,ib,ic,du,dv,dw,active_u,active_v,active_w
[SHELL] ccA:176,4162069779,193000,16.550,-13.255,0.000,-35.000,2.04565,1.70671,15.85,-2.577,-26.825,-2.370,-24.667,-2.244,-7.832,0.91955,74.342
[SHELL] ccB:176,18989,1,4.222,15.884,-20.106,75.559,26.758,24.441,78.841,47.862,21.159
[SHELL] ccA:177,4162289791,193001,-0.534,-10.624,0.000,-35.000,1.61316,1.27428,15.91,-2.233,-26.880,-2.051,-24.696,-2.242,-7.834,0.91872,74.342
[SHELL] ccB:177,18995,1,10.637,-5.391,-5.246,78.568,21.432,42.815,75.559,26.758,24.441
[SHELL] ccA:178,4162509815,193002,-14.469,-14.449,0.000,-35.000,1.19916,0.86024,15.91,-1.938,-26.803,-1.787,-24.716,-2.226,-7.834,0.92215,74.342
[SHELL] ccB:178,19007,1,8.209,-20.323,12.115,77.904,22.096,62.812,78.568,21.432,42.815
[SHELL] ccA:179,4162729551,193003,-10.968,-15.771,0.000,-35.000,0.76964,0.43049,15.93,-1.995,-26.775,-1.842,-24.712,-2.213,-7.833,0.92297,74.342
[SHELL] ccB:179,18875,1,3.098,-17.968,14.869,67.431,22.944,77.056,77.904,22.096,62.812
[SHELL] ccA:180,4162949607,193004,4.670,-20.545,0.000,-35.000,0.34404,0.00476,15.59,-2.311,-26.673,-2.139,-24.688,-2.216,-7.827,0.92559,74.342
[SHELL] ccB:180,18903,1,11.326,-21.048,9.723,45.921,21.229,78.771,67.431,22.944,77.056
[SHELL] ccA:181,4163169531,193005,10.774,-14.044,0.000,-35.000,6.20350,5.86413,15.72,-2.442,-26.804,-2.249,-24.678,-2.225,-7.827,0.92069,74.342
[SHELL] ccB:181,18865,1,9.622,-17.678,8.055,25.594,24.805,75.195,45.921,21.229,78.771
[SHELL] ccA:182,4163389535,193006,-6.083,-16.971,0.000,-35.000,5.77182,5.43248,15.73,-2.097,-26.742,-1.937,-24.705,-2.217,-7.824,0.92381,74.342
[SHELL] ccB:182,18867,1,-13.610,-3.434,17.044,21.334,44.102,78.666,25.594,24.805,75.195
[SHELL] ccA:183,4163609551,193007,-10.577,-20.928,0.000,-35.000,5.35160,5.01229,15.78,-1.995,-26.657,-1.850,-24.711,-2.205,-7.819,0.92702,74.342
[SHELL] ccB:183,18875,1,-23.106,8.092,15.014,22.408,64.700,77.592,21.334,44.102,78.666
[SHELL] ccA:184,4163829639,193008,-8.944,-18.719,0.000,-35.000,4.92191,4.58285,15.78,-2.017,-26.698,-1.867,-24.710,-2.195,-7.815,0.92555,74.342
[SHELL] ccB:184,18919,1,-20.170,14.289,5.881,22.586,77.414,65.663,22.408,64.700,77.592
[SHELL] ccA:185,4164049567,193009,2.207,-21.080,0.000,-35.000,4.50221,4.16291,15.78,-2.241,-26.645,-2.077,-24.693,-2.195,-7.810,0.92677,74.342
[SHELL] ccB:185,18883,1,-21.076,12.477,8.599,21.306,78.694,44.521,22.586,77.414,65.663
[SHELL] ccA:186,4164269599,193010,8.015,-14.936,0.000,-35.000,4.07119,3.73190,15.78,-2.364,-26.768,-2.180,-24.685,-2.202,-7.809,0.92216,74.342
[SHELL] ccB:186,18899,1,-16.763,10.556,6.207,25.931,75.303,24.697,21.306,78.694,44.521
[SHELL] ccA:187,4164489671,193011,-5.404,-16.829,0.000,-35.000,3.65153,3.31254,15.76,-2.088,-26.728,-1.930,-24.705,-2.195,-7.807,0.92434,74.342
[SHELL] ccB:187,18935,1,-3.498,16.754,-13.256,45.358,78.743,21.257,25.931,75.303,24.697
[SHELL] ccA:188,4164709695,193012,-12.231,-16.824,0.000,-35.000,3.22323,2.88415,16.07,-1.938,-26.726,-1.792,-24.716,-2.181,-7.805,0.92479,74.342
[SHELL] ccB:188,18947,1,10.818,9.976,-20.795,66.194,77.312,22.688,45.358,78.743,21.257
[SHELL] ccA:189,4164929579,193013,-11.561,-18.059,0.000,-35.000,2.79992,2.46061,15.76,-1.938,-26.698,-1.794,-24.716,-2.168,-7.802,0.92575,74.342
[SHELL] ccB:189,18889,1,16.943,2.909,-19.852,77.631,64.477,22.369,66.194,77.312,22.688
[SHELL] ccA:190,4165149611,193014,2.290,-21.406,0.000,-35.000,2.37859,2.03927,15.76,-2.216,-26.625,-2.055,-24.695,-2.169,-7.797,0.92753,74.342
[SHELL] ccB:190,18905,1,13.138,8.201,-21.338,78.592,43.114,21.408,77.631,64.477,22.369
[SHELL] ccA:191,4165369679,193015,8.053,-13.058,0.000,-35.000,1.95575,1.61659,15.92,-2.338,-26.794,-2.141,-24.541,-2.175,-7.796,0.91590,73.902
[SHELL] ccB:191,18939,1,9.079,6.171,-15.249,75.574,24.426,26.806,78.592,43.114,21.408
[SHELL] ctrlcap v1 armed=0 count=512 clock_hz=550000000 decimation=1
[SHELL] ccA:index,cycles,seq,id,iq,idref,iqref,theta,actangle,age_us,vdreq,vqreq,vd,vq,intd,intq,scale,bus
[SHELL] ccB:index,timer,valid,ia,ib,ic,du,dv,dw,active_u,active_v,active_w
[SHELL] ccA:192,4165589627,193016,-6.895,-13.378,0.000,-35.000,1.53212,1.19286,15.84,-2.030,-26.787,-1.872,-24.710,-2.166,-7.797,0.92246,74.342
[SHELL] ccB:192,18913,1,13.102,-12.966,-0.136,78.797,21.203,46.501,75.574,24.426,26.806
[SHELL] ccA:193,4165809859,193017,-14.876,-14.522,0.000,-35.000,1.11755,0.77842,16.31,-1.854,-26.764,-1.712,-24.721,-2.150,-7.797,0.92369,74.342
[SHELL] ccB:193,19029,1,6.541,-20.360,13.818,77.235,22.765,66.577,78.797,21.203,46.501
[SHELL] ccA:194,4166029307,193018,-9.694,-15.572,0.000,-35.000,0.68857,0.34920,15.46,-1.946,-26.742,-1.788,-24.569,-2.139,-7.795,0.91875,73.902
[SHELL] ccB:194,18753,1,2.410,-16.953,14.543,63.652,22.229,77.771,77.235,22.765,66.577
[SHELL] ccA:195,4166249315,193019,6.505,-19.976,0.000,-35.000,0.26483,6.20879,15.52,-2.275,-26.647,-2.108,-24.691,-2.143,-7.790,0.92659,74.342
[SHELL] ccB:195,18757,1,11.507,-20.976,9.469,42.055,21.499,78.501,63.652,22.229,77.771
[SHELL] ccA:196,4166469295,193020,7.248,-15.736,0.000,-35.000,6.13024,5.79091,15.51,-2.296,-26.731,-2.120,-24.690,-2.149,-7.789,0.92362,74.342
[SHELL] ccB:196,18747,1,4.766,-16.808,12.042,24.253,27.389,75.747,42.055,21.499,78.501
[SHELL] ccA:197,4166689295,193021,-4.867,-18.528,0.000,-35.000,5.70590,5.36658,15.51,-2.047,-26.672,-1.885,-24.562,-2.142,-7.784,0.92089,73.902
[SHELL] ccB:197,18747,1,-14.190,-4.050,18.240,21.175,47.301,78.825,24.253,27.389,75.747
[SHELL] ccA:198,4166909287,193022,-6.779,-18.672,0.000,-35.000,5.28369,4.94435,15.51,-2.000,-26.664,-1.854,-24.711,-2.134,-7.781,0.92676,74.342
[SHELL] ccB:198,18743,1,-19.373,5.881,13.492,23.050,67.918,76.950,21.175,47.301,78.825
[SHELL] ccA:199,4167129223,193023,-1.279,-16.022,0.000,-35.000,4.85716,4.51662,15.51,-2.107,-26.770,-1.933,-24.558,-2.131,-7.778,0.91737,73.902
[SHELL] ccB:199,18711,1,-16.038,7.113,8.925,22.025,77.975,62.335,23.050,67.918,76.950
[SHELL] ccA:200,4167349227,193024,9.845,-17.481,0.000,-35.000,4.44066,4.10013,15.51,-2.338,-26.736,-2.159,-24.686,-2.139,-7.775,0.92333,74.342
[SHELL] ccB:200,18713,1,-19.482,5.591,13.891,21.578,78.422,41.251,22.025,77.975,62.335
[SHELL] ccA:201,4167569243,193025,10.946,-11.191,0.000,-35.000,4.01834,3.67794,15.51,-2.369,-26.865,-2.177,-24.685,-2.148,-7.777,0.91884,74.342
[SHELL] ccB:201,18721,1,-15.603,6.715,8.889,28.324,76.014,23.986,21.578,78.422,41.251
[SHELL] ccA:202,4167789195,193026,0.718,-14.018,0.000,-35.000,3.61072,3.27018,15.49,-2.163,-26.808,-1.993,-24.700,-2.147,-7.777,0.92138,74.342
[SHELL] ccB:202,18697,1,-6.977,14.036,-7.058,47.598,78.834,21.166,28.324,76.014,23.986
[SHELL] ccA:203,4168009231,193027,-2.151,-12.709,0.000,-35.000,3.16968,2.82921,15.49,-2.102,-26.835,-1.935,-24.705,-2.143,-7.778,0.92061,74.342
[SHELL] ccB:203,18715,1,1.794,10.158,-11.951,69.035,76.694,23.306,47.598,78.834,21.166
[SHELL] ccA:204,4168229507,193028,2.900,-11.537,0.000,-35.000,2.74398,2.40348,15.49,-2.204,-26.861,-2.027,-24.698,-2.145,-7.780,0.91946,74.342
[SHELL] ccB:204,18853,1,1.794,9.288,-11.081,78.126,61.262,21.874,69.035,76.694,23.306
[SHELL] ccA:205,4168449923,193029,15.800,-13.740,0.000,-35.000,2.32210,1.98227,16.00,-2.476,-26.816,-2.279,-24.676,-2.158,-7.780,0.92017,74.342
[SHELL] ccB:205,19061,1,-0.744,18.494,-17.750,78.268,39.860,21.732,78.126,61.262,21.874
[SHELL] ccA:206,4168669959,193030,11.871,-6.553,0.000,-35.000,1.89924,1.55949,16.05,-2.408,-26.967,-2.204,-24.682,-2.168,-7.785,0.91527,74.342
[SHELL] ccB:206,19079,1,2.373,10.375,-12.749,76.320,23.680,29.464,78.268,39.860,21.732
[SHELL] ccA:207,4168889947,193031,-3.330,-9.144,0.000,-35.000,1.48505,1.14527,16.05,-2.098,-26.918,-1.926,-24.706,-2.163,-7.789,0.91780,74.342
[SHELL] ccB:207,19073,1,8.825,-7.964,-0.861,78.862,21.138,48.986,76.320,23.680,29.464
[SHELL] ctrlcap v1 armed=0 count=512 clock_hz=550000000 decimation=1
[SHELL] ccA:index,cycles,seq,id,iq,idref,iqref,theta,actangle,age_us,vdreq,vqreq,vd,vq,intd,intq,scale,bus
[SHELL] ccB:index,timer,valid,ia,ib,ic,du,dv,dw,active_u,active_v,active_w
[SHELL] ccA:208,4169109667,193032,-8.495,-12.155,0.000,-35.000,1.05055,0.71053,16.05,-1.985,-26.859,-1.826,-24.713,-2.153,-7.790,0.92011,74.342
[SHELL] ccB:208,18933,1,6.324,-14.778,8.454,76.470,23.530,69.950,78.862,21.138,48.986
[SHELL] ccA:209,4169329431,193033,0.125,-12.244,0.000,-35.000,0.62512,0.28474,15.68,-2.156,-26.858,-1.983,-24.701,-2.152,-7.791,0.91968,74.342
[SHELL] ccB:209,18815,1,7.266,-12.169,4.902,60.161,21.735,78.265,76.470,23.530,69.950
[SHELL] ccA:210,4169549575,193034,12.925,-15.496,0.000,-35.000,0.20010,6.14295,15.71,-2.423,-26.791,-2.232,-24.680,-2.163,-7.790,0.92119,74.342
[SHELL] ccB:210,18887,1,15.747,-18.801,3.054,38.580,21.896,78.104,60.161,21.735,78.265
[SHELL] ccA:211,4169769587,193035,9.334,-9.377,0.000,-35.000,6.06516,5.72486,15.78,-2.359,-26.918,-2.163,-24.686,-2.170,-7.793,0.91708,74.342
[SHELL] ccB:211,18893,1,7.085,-13.220,6.134,23.428,30.461,76.572,38.580,21.896,78.104
[SHELL] ccA:212,4169989579,193036,-0.163,-18.388,0.000,-35.000,5.64090,5.30060,15.78,-2.167,-26.732,-2.002,-24.700,-2.168,-7.789,0.92396,74.342
[SHELL] ccB:212,18889,1,-11.145,-7.094,18.240,21.136,50.813,78.864,23.428,30.461,76.572
[SHELL] ccA:213,4170209631,193037,-1.803,-17.103,0.000,-35.000,5.20942,4.86919,15.83,-2.130,-26.756,-1.967,-24.702,-2.165,-7.787,0.92326,74.342
[SHELL] ccB:213,18915,1,-15.893,2.257,13.637,23.959,71.579,76.041,21.136,50.813,78.864
[SHELL] ccA:214,4170429747,193038,4.015,-14.501,0.000,-35.000,4.78849,4.44839,16.15,-2.249,-26.808,-2.072,-24.694,-2.167,-7.786,0.92115,74.342
[SHELL] ccB:214,18973,1,-14.154,2.655,11.499,21.578,78.422,58.750,23.959,71.579,76.041
[SHELL] ccA:215,4170649711,193039,14.225,-16.530,0.000,-35.000,4.36471,4.02479,15.83,-2.466,-26.764,-2.287,-24.822,-2.179,-7.785,0.92743,74.782
[SHELL] ccB:215,18955,1,-20.388,3.489,16.899,22.072,77.928,37.346,21.578,78.422,58.750
[SHELL] ccA:216,4170869759,193040,11.204,-10.308,0.000,-35.000,3.93626,3.59640,15.89,-2.415,-26.894,-2.216,-24.681,-2.189,-7.788,0.91773,74.342
[SHELL] ccB:216,18979,1,-15.205,6.932,8.273,32.140,76.963,23.037,22.072,77.928,37.346
[SHELL] ccA:217,4171089615,193041,2.114,-13.802,0.000,-35.000,3.51589,3.17566,15.81,-2.233,-26.823,-2.056,-24.695,-2.189,-7.788,0.92066,74.342
[SHELL] ccB:217,18907,1,-7.014,13.963,-6.950,52.449,78.833,21.167,32.140,76.963,23.037
[SHELL] ccA:218,4171309623,193042,-6.487,-14.658,0.000,-35.000,3.08270,2.74245,15.81,-2.053,-26.805,-1.892,-24.708,-2.181,-7.787,0.92177,74.342
[SHELL] ccB:218,18911,1,7.339,8.672,-16.011,72.892,75.664,24.336,52.449,78.833,21.167
[SHELL] ccA:219,4171529659,193043,-0.864,-14.101,0.000,-35.000,2.66253,2.32228,15.81,-2.163,-26.816,-2.004,-24.847,-2.178,-7.788,0.92655,74.782
[SHELL] ccB:219,18929,1,7.266,6.860,-14.126,78.554,57.344,21.446,72.892,75.664,24.336
[SHELL] ccA:220,4171749815,193044,14.723,-16.293,0.000,-35.000,2.23514,1.89519,15.92,-2.488,-26.771,-2.293,-24.674,-2.191,-7.786,0.92167,74.342
[SHELL] ccB:220,19007,1,3.751,16.863,-20.614,77.647,35.614,22.353,78.554,57.344,21.446
[SHELL] ccA:221,4171969803,193045,8.181,-8.944,0.000,-35.000,1.81284,1.47279,15.97,-2.363,-26.923,-2.167,-24.686,-2.197,-7.790,0.91688,74.342
[SHELL] ccB:221,19001,1,6.723,5.374,-12.096,77.234,22.766,33.417,77.647,35.614,22.353
[SHELL] ccA:222,4172189787,193046,-4.805,-13.266,0.000,-35.000,1.38635,1.04631,15.97,-2.096,-26.836,-1.919,-24.559,-2.191,-7.789,0.91514,73.902
[SHELL] ccB:222,18993,1,12.159,-12.277,0.118,78.778,21.222,53.938,77.234,22.766,33.417
[SHELL] ccA:223,4172409611,193047,-10.679,-15.168,0.000,-35.000,0.95924,0.61922,16.03,-1.967,-26.795,-1.814,-24.714,-2.179,-7.788,0.92233,74.342
[SHELL] ccB:223,18905,1,6.288,-18.257,11.970,75.316,24.683,74.025,78.778,21.222,53.938
[SHELL] ctrlcap v1 armed=0 count=512 clock_hz=550000000 decimation=1
[SHELL] ccA:index,cycles,seq,id,iq,idref,iqref,theta,actangle,age_us,vdreq,vqreq,vd,vq,intd,intq,scale,bus
[SHELL] ccB:index,timer,valid,ia,ib,ic,du,dv,dw,active_u,active_v,active_w
[SHELL] ccA:224,4172629443,193048,-1.782,-16.568,0.000,-35.000,0.53672,0.19628,15.60,-2.141,-26.765,-1.976,-24.702,-2.175,-7.785,0.92291,74.342
[SHELL] ccB:224,18821,1,6.940,-16.590,9.650,55.810,21.328,78.672,75.316,24.683,74.025
[SHELL] ccA:225,4172849583,193049,12.094,-17.518,0.000,-35.000,0.11848,6.06137,15.76,-2.429,-26.743,-2.242,-24.679,-2.185,-7.782,0.92283,74.342
[SHELL] ccB:225,18891,1,14.080,-20.867,6.787,34.633,22.530,77.470,55.810,21.328,78.672
[SHELL] ccA:226,4173069711,193050,4.293,-12.644,0.000,-35.000,5.97619,5.63626,15.79,-2.276,-26.842,-2.093,-24.692,-2.188,-7.783,0.91990,74.342
[SHELL] ccB:226,18955,1,0.271,-11.697,11.426,22.559,34.476,77.441,34.633,22.530,77.470
[SHELL] ccA:227,4173289691,193051,-2.160,-19.485,0.000,-35.000,5.54882,5.20888,15.79,-2.142,-26.699,-1.982,-24.701,-2.184,-7.779,0.92516,74.342
[SHELL] ccB:227,18945,1,-14.661,-3.941,18.602,21.298,55.349,78.702,22.559,34.476,77.441
[SHELL] ccA:228,4173509683,193052,-3.832,-16.659,0.000,-35.000,5.12436,4.78428,15.84,-2.104,-26.754,-1.942,-24.704,-2.179,-7.776,0.92338,74.342
[SHELL] ccB:228,18941,1,-16.800,5.663,11.136,24.906,75.094,74.715,21.298,55.349,78.702
[SHELL] ccA:229,4173729631,193053,1.369,-15.338,0.000,-35.000,4.70360,4.36337,15.84,-2.207,-26.780,-2.036,-24.697,-2.178,-7.775,0.92222,74.342
[SHELL] ccB:229,18915,1,-15.350,6.606,8.744,21.255,78.745,54.610,24.906,75.094,74.715
[SHELL] ccA:230,4173949667,193054,13.718,-14.200,0.000,-35.000,4.27343,3.93322,15.84,-2.466,-26.802,-2.271,-24.676,-2.190,-7.775,0.92068,74.342
[SHELL] ccB:230,18933,1,-18.684,3.815,14.869,22.856,77.144,32.980,21.255,78.745,54.610
[SHELL] ccA:231,4174169623,193055,3.086,-10.626,0.000,-35.000,3.84466,3.50439,15.79,-2.255,-26.877,-2.072,-24.694,-2.191,-7.777,0.91877,74.342
[SHELL] ccB:231,18911,1,-9.225,9.904,-0.679,36.225,77.750,22.250,22.856,77.144,32.980
[SHELL] ccA:232,4174389639,193056,-7.756,-16.484,0.000,-35.000,3.43265,3.09242,15.82,-2.028,-26.757,-1.873,-24.710,-2.182,-7.775,0.92350,74.342
[SHELL] ccB:232,18919,1,2.700,14.253,-16.953,56.226,78.643,21.357,36.225,77.750,22.250
[SHELL] ccA:233,4174609743,193057,-9.824,-17.979,0.000,-35.000,3.00627,2.66632,15.82,-1.976,-26.723,-1.827,-24.713,-2.171,-7.772,0.92478,74.342
[SHELL] ccB:233,18971,1,12.159,8.201,-20.360,75.359,73.889,24.641,56.226,78.643,21.357
[SHELL] ccA:234,4174829775,193058,1.380,-19.308,0.000,-35.000,2.58208,2.24217,15.82,-2.200,-26.692,-2.035,-24.697,-2.170,-7.768,0.92525,74.342
[SHELL] ccB:234,18987,1,9.079,10.266,-19.345,78.806,53.275,21.194,75.359,73.889,24.641
[SHELL] ccA:235,4175049887,193059,19.053,-15.202,0.000,-35.000,2.16315,1.82336,15.93,-2.571,-26.774,-2.368,-24.667,-2.187,-7.767,0.92130,74.342
[SHELL] ccB:235,19043,1,1.975,20.052,-22.027,76.948,32.071,23.052,78.806,53.275,21.194
[SHELL] ccA:236,4175269883,193060,6.683,-8.643,0.000,-35.000,1.73331,1.39356,15.99,-2.328,-26.911,-2.136,-24.688,-2.192,-7.771,0.91742,74.342
[SHELL] ccB:236,19041,1,7.448,3.199,-10.646,77.897,22.103,37.142,76.948,32.071,23.052
[SHELL] ccA:237,4175489827,193061,-6.487,-13.830,0.000,-35.000,1.31351,0.97343,15.99,-2.056,-26.806,-1.895,-24.708,-2.184,-7.771,0.92174,74.342
[SHELL] ccB:237,19013,1,11.724,-14.343,2.619,78.542,21.458,57.488,77.897,22.103,37.142
[SHELL] ccA:238,4175709615,193062,-7.786,-14.903,0.000,-35.000,0.88808,0.54805,16.04,-2.021,-26.784,-1.864,-24.710,-2.175,-7.771,0.92260,74.342
[SHELL] ccB:238,18907,1,6.650,-16.699,10.049,72.767,24.299,75.701,78.542,21.458,57.488
[SHELL] ccA:239,4175929463,193063,3.029,-16.785,0.000,-35.000,0.47329,0.13291,15.67,-2.238,-26.743,-2.067,-24.694,-2.176,-7.768,0.92338,74.342
[SHELL] ccB:239,18831,1,10.347,-16.916,6.569,52.469,21.168,78.832,72.767,24.299,75.701
[SHELL] ctrlcap v1 armed=0 count=512 clock_hz=550000000 decimation=1
[SHELL] ccA:index,cycles,seq,id,iq,idref,iqref,theta,actangle,age_us,vdreq,vqreq,vd,vq,intd,intq,scale,bus
[SHELL] ccB:index,timer,valid,ia,ib,ic,du,dv,dw,active_u,active_v,active_w
[SHELL] ccA:240,4176149731,193064,19.405,-12.036,0.000,-35.000,0.03752,5.98082,15.83,-2.584,-26.841,-2.374,-24.667,-2.193,-7.769,0.91900,74.342
[SHELL] ccB:240,18965,1,19.843,-19.707,-0.136,30.606,23.393,76.607,52.469,21.168,78.832
[SHELL] ccA:241,4176369619,193065,4.095,-9.089,0.000,-35.000,5.90164,5.56142,15.79,-2.279,-26.904,-2.092,-24.692,-2.196,-7.773,0.91779,74.342
[SHELL] ccB:241,18909,1,0.416,-8.834,8.418,21.966,38.071,78.034,30.606,23.393,76.607
[SHELL] ccA:242,4176589735,193066,-4.143,-15.956,0.000,-35.000,5.47849,5.13859,15.84,-2.109,-26.764,-1.946,-24.704,-2.190,-7.772,0.92305,74.342
[SHELL] ccB:242,18967,1,-14.371,0.191,14.181,21.579,58.756,78.421,21.966,38.071,78.034
[SHELL] ccA:243,4176809739,193067,-2.677,-15.146,0.000,-35.000,5.03891,4.69898,15.84,-2.134,-26.779,-1.968,-24.702,-2.185,-7.771,0.92245,74.342
[SHELL] ccB:243,18969,1,-15.205,5.591,9.614,23.769,76.231,70.874,21.579,58.756,78.421
[SHELL] ccA:244,4177029711,193068,2.977,-15.693,0.000,-35.000,4.62466,4.28474,15.84,-2.248,-26.767,-2.074,-24.694,-2.187,-7.769,0.92256,74.342
[SHELL] ccB:244,18955,1,-15.893,6.570,9.324,21.135,78.865,50.608,23.769,76.231,70.874
[SHELL] ccA:245,4177249751,193069,11.105,-13.057,0.000,-35.000,4.19672,3.85678,15.84,-2.420,-26.821,-2.227,-24.680,-2.196,-7.770,0.92020,74.342
[SHELL] ccB:245,18975,1,-16.836,5.627,11.209,23.665,76.335,29.521,21.135,78.865,50.608
[SHELL] ccA:246,4177469615,193070,-0.840,-11.547,0.000,-35.000,3.76996,3.42973,15.82,-2.178,-26.853,-2.004,-24.699,-2.193,-7.772,0.91981,74.342
[SHELL] ccB:246,18907,1,-6.108,11.571,-5.464,39.714,78.250,21.750,23.665,76.335,29.521
[SHELL] ccA:247,4177689687,193071,-8.190,-15.983,0.000,-35.000,3.34444,3.00442,15.80,-2.021,-26.762,-1.866,-24.710,-2.184,-7.770,0.92335,74.342
[SHELL] ccB:247,18943,1,4.802,12.586,-17.388,60.548,78.218,21.782,39.714,78.250,21.750
[SHELL] ccA:248,4177909591,193072,-9.190,-16.226,0.000,-35.000,2.92852,2.58827,15.80,-1.991,-26.755,-1.839,-24.712,-2.173,-7.769,0.92365,74.342
[SHELL] ccB:248,18895,1,12.413,5.845,-18.258,76.363,70.370,23.637,60.548,78.218,21.782
[SHELL] ccA:249,4178129623,193073,3.929,-19.161,0.000,-35.000,2.50014,2.15897,15.80,-2.255,-26.744,-2.082,-24.693,-2.175,-7.764,0.92331,74.342
[SHELL] ccB:249,18911,1,8.317,11.173,-19.490,78.862,49.022,21.138,76.363,70.370,23.637
[SHELL] ccA:250,4178349691,193074,17.390,-12.917,0.000,-35.000,2.07628,1.73514,15.85,-2.540,-26.870,-2.332,-24.671,-2.190,-7.764,0.91813,74.342
[SHELL] ccB:250,18945,1,2.881,17.153,-20.034,75.949,28.094,24.051,78.862,49.022,21.138
[SHELL] ccA:251,4178569715,193075,0.668,-11.525,0.000,-35.000,1.65109,1.31000,15.91,-2.204,-26.900,-2.024,-24.698,-2.189,-7.766,0.91814,74.342
[SHELL] ccB:251,18957,1,11.434,-4.340,-7.095,78.396,21.604,40.998,75.949,28.094,24.051
[SHELL] ccA:252,4178789739,193076,-12.310,-15.210,0.000,-35.000,1.22672,0.88560,15.91,-1.931,-26.824,-1.779,-24.717,-2.175,-7.764,0.92145,74.342
[SHELL] ccB:252,18969,1,10.166,-19.562,9.396,78.084,21.916,61.567,78.396,21.604,40.998
[SHELL] ccA:253,4179009643,193077,-9.237,-15.973,0.000,-35.000,0.79369,0.45294,15.96,-1.981,-26.806,-1.827,-24.713,-2.165,-7.762,0.92191,74.342
[SHELL] ccB:253,18921,1,4.911,-17.859,12.948,68.507,23.183,76.817,78.084,21.916,61.567
[SHELL] ccA:254,4179229527,193078,3.250,-19.075,0.000,-35.000,0.37779,0.03669,15.59,-2.233,-26.739,-2.062,-24.695,-2.166,-7.758,0.92353,74.342
[SHELL] ccB:254,18863,1,10.057,-19.345,9.288,47.670,21.164,78.836,68.507,23.183,76.817
[SHELL] ccA:255,4179449539,193079,11.043,-14.334,0.000,-35.000,6.22820,5.88693,15.72,-2.398,-26.834,-2.206,-24.682,-2.175,-7.757,0.91980,74.342
[SHELL] ccB:255,18869,1,10.238,-18.040,7.802,26.673,24.467,75.533,47.670,21.164,78.836
[SHELL] ctrlcap v1 armed=0 count=512 clock_hz=550000000 decimation=1
[SHELL] ccA:index,cycles,seq,id,iq,idref,iqref,theta,actangle,age_us,vdreq,vqreq,vd,vq,intd,intq,scale,bus
[SHELL] ccB:index,timer,valid,ia,ib,ic,du,dv,dw,active_u,active_v,active_w
[SHELL] ccA:256,4179669531,193080,-5.626,-15.793,0.000,-35.000,5.80438,5.46310,15.72,-2.057,-26.803,-1.896,-24.708,-2.168,-7.755,0.92184,74.342
[SHELL] ccB:256,18865,1,-12.269,-3.760,16.029,21.459,42.503,78.541,26.673,24.467,75.533
[SHELL] ccA:257,4179889579,193081,-10.882,-18.340,0.000,-35.000,5.37680,5.03559,15.78,-1.940,-26.748,-1.792,-24.716,-2.156,-7.752,0.92403,74.342
[SHELL] ccB:257,18889,1,-21.149,8.201,12.948,22.200,63.471,77.800,21.459,42.503,78.541
[SHELL] ccA:258,4180109567,193082,-8.321,-20.100,0.000,-35.000,4.95524,4.61400,15.78,-1.981,-26.707,-1.833,-24.713,-2.146,-7.747,0.92532,74.342
[SHELL] ccB:258,18883,1,-21.511,13.565,7.947,22.894,77.106,67.200,22.200,63.471,77.800
[SHELL] ccA:259,4180329567,193083,1.265,-20.585,0.000,-35.000,4.52485,4.18361,15.78,-2.172,-26.692,-2.010,-24.699,-2.146,-7.741,0.92533,74.342
[SHELL] ccB:259,18883,1,-20.460,12.477,7.983,21.240,78.760,45.686,22.894,77.106,67.200
[SHELL] ccA:260,4180549679,193084,8.380,-15.112,0.000,-35.000,4.10904,3.76808,15.78,-2.322,-26.801,-2.138,-24.688,-2.152,-7.740,0.92115,74.342
[SHELL] ccB:260,18939,1,-17.198,10.049,7.149,24.765,75.235,25.717,21.240,78.760,45.686
[SHELL] ccA:261,4180769627,193085,-5.353,-16.291,0.000,-35.000,3.67748,3.33642,15.76,-2.040,-26.775,-1.882,-24.709,-2.145,-7.738,0.92283,74.342
[SHELL] ccB:261,18913,1,-3.716,16.355,-12.640,44.074,78.664,21.336,24.765,75.235,25.717
[SHELL] ccA:262,4180989671,193086,-11.753,-16.809,0.000,-35.000,3.25144,2.91054,15.76,-1.898,-26.763,-1.753,-24.719,-2.132,-7.736,0.92362,74.342
[SHELL] ccB:262,18935,1,9.840,10.665,-20.505,64.865,77.562,22.438,44.074,78.664,21.336
[SHELL] ccA:263,4181209647,193087,-11.820,-18.120,0.000,-35.000,2.82250,2.48149,15.76,-1.884,-26.733,-1.742,-24.719,-2.119,-7.732,0.92468,74.342
[SHELL] ccB:263,18923,1,16.907,3.235,-20.142,77.431,65.574,22.569,64.865,77.562,22.438
[SHELL] ccA:264,4181429611,193088,0.471,-21.211,0.000,-35.000,2.40503,2.06379,15.76,-2.129,-26.665,-1.972,-24.702,-2.118,-7.727,0.92640,74.342
[SHELL] ccB:264,18905,1,13.899,6.932,-20.831,78.692,44.498,21.308,77.431,65.574,22.569
[SHELL] ccA:265,4181649675,193089,6.573,-13.965,0.000,-35.000,1.98264,1.64154,15.92,-2.256,-26.811,-2.078,-24.693,-2.122,-7.726,0.92102,74.342
[SHELL] ccB:265,18937,1,10.166,4.975,-15.141,75.188,24.812,25.573,78.692,44.498,21.308
[SHELL] ccA:266,4181869619,193090,-6.435,-15.027,0.000,-35.000,1.56457,1.22337,15.84,-1.987,-26.788,-1.833,-24.713,-2.114,-7.726,0.92251,74.342
[SHELL] ccB:266,18909,1,14.986,-13.147,-1.839,78.717,21.283,44.903,75.188,24.812,25.573
[SHELL] ccA:267,4182089775,193091,-13.549,-15.006,0.000,-35.000,1.13688,0.79582,16.15,-1.830,-26.788,-1.689,-24.723,-2.099,-7.725,0.92291,74.342
[SHELL] ccB:267,18987,1,7.919,-20.070,12.151,77.406,22.594,65.709,78.717,21.283,44.903
[SHELL] ccA:268,4182309247,193092,-10.763,-16.209,0.000,-35.000,0.71597,0.37444,15.46,-1.873,-26.762,-1.731,-24.720,-2.087,-7.723,0.92370,74.342
[SHELL] ccB:268,18723,1,2.518,-17.968,15.449,64.993,22.461,77.539,77.406,22.594,65.709
[SHELL] ccA:269,4182529259,193093,3.761,-20.475,0.000,-35.000,0.29490,6.23667,15.52,-2.166,-26.671,-2.006,-24.699,-2.089,-7.718,0.92607,74.342
[SHELL] ccB:269,18729,1,9.550,-20.795,11.245,43.639,21.367,78.633,64.993,22.461,77.539
[SHELL] ccA:270,4182749295,193094,8.367,-14.404,0.000,-35.000,6.15109,5.80984,15.51,-2.265,-26.793,-2.075,-24.546,-2.096,-7.716,0.91614,73.902
[SHELL] ccB:270,18747,1,6.397,-16.518,10.121,24.523,26.490,75.477,43.639,21.367,78.633
[SHELL] ccA:271,4182969327,193095,-4.748,-18.274,0.000,-35.000,5.73793,5.39677,15.51,-1.996,-26.710,-1.847,-24.712,-2.090,-7.713,0.92518,74.342
[SHELL] ccB:271,18763,1,-13.538,-4.630,18.167,21.240,45.696,78.760,24.523,26.490,75.477
[SHELL] ctrlcap v1 armed=0 count=512 clock_hz=550000000 decimation=1
[SHELL] ccA:index,cycles,seq,id,iq,idref,iqref,theta,actangle,age_us,vdreq,vqreq,vd,vq,intd,intq,scale,bus
[SHELL] ccB:index,timer,valid,ia,ib,ic,du,dv,dw,active_u,active_v,active_w
[SHELL] ccA:272,4183189315,193096,-6.609,-19.882,0.000,-35.000,5.31363,4.97242,15.51,-1.951,-26.673,-1.808,-24.715,-2.082,-7.709,0.92657,74.342
[SHELL] ccB:272,18757,1,-20.134,5.047,15.087,22.752,66.513,77.248,21.240,45.696,78.760
[SHELL] ccA:273,4183409303,193097,-1.277,-16.066,0.000,-35.000,4.89052,4.54926,15.51,-2.055,-26.749,-1.887,-24.562,-2.079,-7.706,0.91823,73.902
[SHELL] ccB:273,18751,1,-16.038,6.642,9.396,22.287,77.713,64.000,22.752,66.513,77.248
[SHELL] ccA:274,4183629351,193098,11.508,-17.358,0.000,-35.000,4.46275,4.12138,15.82,-2.320,-26.719,-2.144,-24.688,-2.088,-7.703,0.92399,74.342
[SHELL] ccB:274,18775,1,-19.663,3.888,15.775,21.474,78.526,42.328,22.287,77.713,64.000
[SHELL] ccA:275,4183849211,193099,13.637,-10.576,0.000,-35.000,4.04119,3.69970,15.51,-2.375,-26.858,-2.183,-24.684,-2.100,-7.706,0.91905,74.342
[SHELL] ccB:275,18705,1,-16.763,4.830,11.933,27.359,75.738,24.262,21.474,78.526,42.328
[SHELL] ccA:276,4184069207,193100,1.437,-12.712,0.000,-35.000,3.61611,3.27461,15.49,-2.130,-26.816,-1.951,-24.557,-2.100,-7.705,0.91574,73.902
[SHELL] ccB:276,18703,1,-7.086,12.767,-5.681,47.314,78.826,21.174,27.359,75.738,24.262
[SHELL] ccA:277,4184289195,193101,-7.822,-12.500,0.000,-35.000,3.19949,2.85798,15.49,-1.936,-26.820,-1.784,-24.716,-2.090,-7.707,0.92155,74.342
[SHELL] ccB:277,18697,1,7.085,7.657,-14.742,67.410,77.061,22.939,47.314,78.826,21.174
[SHELL] ccA:278,4184509495,193102,-4.030,-13.286,0.000,-35.000,2.78068,2.43919,15.49,-2.006,-26.805,-1.849,-24.712,-2.085,-7.708,0.92189,74.342
[SHELL] ccB:278,18847,1,8.462,5.301,-13.763,77.821,63.341,22.179,67.410,77.061,22.939
[SHELL] ccA:279,4184729827,193103,16.396,-14.731,0.000,-35.000,2.32826,1.98722,16.00,-2.429,-26.776,-2.239,-24.679,-2.099,-7.707,0.92170,74.342
[SHELL] ccB:279,19013,1,-0.562,19.364,-18.801,78.305,40.182,21.695,77.821,63.341,22.179
[SHELL] ccA:280,4184949863,193104,12.640,-5.756,0.000,-35.000,1.92635,1.58536,16.05,-2.365,-26.964,-2.165,-24.686,-2.110,-7.713,0.91553,74.342
[SHELL] ccB:280,19031,1,0.996,11.499,-12.495,75.985,24.015,28.221,78.305,40.182,21.695
[SHELL] ccA:281,4185169951,193105,-6.321,-9.529,0.000,-35.000,1.50814,1.16747,16.05,-1.977,-26.891,-1.817,-24.714,-2.102,-7.717,0.91905,74.342
[SHELL] ccB:281,19075,1,9.115,-10.538,1.423,78.836,21.164,47.657,75.985,24.015,28.221
[SHELL] ccA:282,4185389743,193106,-8.783,-13.012,0.000,-35.000,1.07498,0.73431,16.05,-1.918,-26.821,-1.767,-24.718,-2.092,-7.718,0.92156,74.342
[SHELL] ccB:282,18971,1,7.266,-15.684,8.418,76.762,23.238,68.744,78.836,21.164,47.657
[SHELL] ccA:283,4185609539,193107,-2.277,-14.790,0.000,-35.000,0.65148,0.31044,15.68,-2.044,-26.785,-1.886,-24.709,-2.088,-7.717,0.92249,74.342
[SHELL] ccB:283,18869,1,7.158,-14.959,7.802,61.607,21.921,78.079,76.762,23.238,68.744
[SHELL] ccA:284,4185829567,193108,11.557,-16.290,0.000,-35.000,0.23427,6.17616,15.71,-2.331,-26.753,-2.151,-24.687,-2.098,-7.715,0.92278,74.342
[SHELL] ccB:284,18883,1,15.023,-18.910,3.887,40.365,21.674,78.326,61.607,21.921,78.079
[SHELL] ccA:285,4186049579,193109,12.898,-10.102,0.000,-35.000,6.09218,5.75094,15.78,-2.369,-26.881,-2.175,-24.685,-2.109,-7.718,0.91831,74.342
[SHELL] ccB:285,18889,1,10.746,-16.083,5.337,23.725,29.290,76.275,40.365,21.674,78.326
[SHELL] ccA:286,4186269595,193110,2.474,-16.994,0.000,-35.000,5.66408,5.32284,15.78,-2.161,-26.739,-1.996,-24.700,-2.109,-7.716,0.92374,74.342
[SHELL] ccB:286,18897,1,-7.847,-9.305,17.153,21.133,49.689,78.867,23.725,29.290,76.275
[SHELL] ccA:287,4186489695,193111,-2.789,-16.262,0.000,-35.000,5.23308,4.89209,15.83,-2.051,-26.752,-1.894,-24.708,-2.105,-7.714,0.92359,74.342
[SHELL] ccB:287,18947,1,-15.495,2.836,12.658,23.646,70.407,76.354,21.133,49.689,78.867
[SHELL] ctrlcap v1 armed=0 count=512 clock_hz=550000000 decimation=1
[SHELL] ccA:index,cycles,seq,id,iq,idref,iqref,theta,actangle,age_us,vdreq,vqreq,vd,vq,intd,intq,scale,bus
[SHELL] ccB:index,timer,valid,ia,ib,ic,du,dv,dw,active_u,active_v,active_w
[SHELL] ccA:288,4186709635,193112,0.770,-14.743,0.000,-35.000,4.81389,4.47272,15.83,-2.121,-26.782,-1.957,-24.703,-2.104,-7.714,0.92237,74.342
[SHELL] ccB:288,18917,1,-14.589,5.337,9.251,21.736,78.264,60.173,23.646,70.407,76.354
[SHELL] ccA:289,4186929627,193113,12.160,-17.189,0.000,-35.000,4.39947,4.05833,15.83,-2.360,-26.730,-2.179,-24.685,-2.115,-7.711,0.92347,74.342
[SHELL] ccB:289,18913,1,-20.098,4.612,15.485,21.819,78.181,39.161,21.736,78.264,60.173
[SHELL] ccA:290,4187149763,193114,13.084,-10.161,0.000,-35.000,3.95791,3.61711,15.89,-2.389,-26.875,-2.194,-24.683,-2.126,-7.714,0.91843,74.342
[SHELL] ccB:290,18981,1,-16.365,5.953,10.411,31.137,76.734,23.266,21.819,78.181,39.161
[SHELL] ccA:291,4187369695,193115,4.300,-13.310,0.000,-35.000,3.53891,3.19793,15.81,-2.216,-26.812,-2.041,-24.696,-2.128,-7.715,0.92109,74.342
[SHELL] ccB:291,18947,1,-9.116,13.746,-4.630,51.306,78.858,21.142,31.137,76.734,23.266
[SHELL] ccA:292,4187589623,193116,-7.149,-13.553,0.000,-35.000,3.11126,2.77005,15.81,-1.978,-26.808,-1.824,-24.713,-2.120,-7.715,0.92188,74.342
[SHELL] ccB:292,18911,1,7.556,7.766,-15.322,71.532,76.054,23.946,51.306,78.858,21.142
[SHELL] ccA:293,4187809667,193117,-2.907,-16.159,0.000,-35.000,2.69615,2.35495,15.81,-2.059,-26.753,-1.901,-24.708,-2.115,-7.713,0.92353,74.342
[SHELL] ccB:293,18933,1,9.586,6.751,-16.337,78.382,59.136,21.618,71.532,76.054,23.946
[SHELL] ccA:294,4188029751,193118,15.208,-17.537,0.000,-35.000,2.26650,1.92541,15.92,-2.434,-26.723,-2.248,-24.678,-2.128,-7.710,0.92350,74.342
[SHELL] ccB:294,18975,1,3.714,17.986,-21.701,77.898,37.154,22.102,78.382,59.136,21.618
[SHELL] ccA:295,4188249819,193119,12.479,-9.368,0.000,-35.000,1.84028,1.49935,15.97,-2.390,-26.891,-2.194,-24.683,-2.139,-7.714,0.91789,74.342
[SHELL] ccB:295,19009,1,5.708,9.723,-15.431,76.981,23.019,32.223,77.898,37.154,22.102
[SHELL] ccA:296,4188469767,193120,-1.895,-12.360,0.000,-35.000,1.40293,1.06186,15.97,-2.099,-26.832,-1.933,-24.705,-2.135,-7.715,0.92073,74.342
[SHELL] ccB:296,18983,1,11.869,-9.341,-2.528,78.810,21.190,53.168,76.981,23.019,32.223
[SHELL] ccA:297,4188689655,193121,-12.320,-14.811,0.000,-35.000,0.97305,0.63217,16.03,-1.877,-26.782,-1.732,-24.720,-2.122,-7.715,0.92301,74.342
[SHELL] ccB:297,18927,1,5.309,-18.692,13.383,75.539,24.461,73.310,78.810,21.190,53.168
[SHELL] ccA:298,4188909555,193122,-6.903,-16.548,0.000,-35.000,0.56887,0.22785,15.60,-1.977,-26.745,-1.826,-24.713,-2.113,-7.713,0.92403,74.342
[SHELL] ccB:298,18877,1,3.098,-16.844,13.746,57.673,21.474,78.526,75.539,24.461,73.310
[SHELL] ccA:299,4189129619,193123,9.688,-18.075,0.000,-35.000,0.13609,6.07724,15.71,-2.317,-26.763,-2.137,-24.688,-2.121,-7.709,0.92249,74.342
[SHELL] ccB:299,18909,1,12.051,-20.396,8.345,35.592,22.357,77.643,57.673,21.474,78.526
[SHELL] ccA:300,4189349715,193124,5.446,-12.418,0.000,-35.000,5.99449,5.65261,15.79,-2.235,-26.878,-2.054,-24.695,-2.125,-7.710,0.91881,74.342
[SHELL] ccB:300,18957,1,1.685,-12.495,10.810,22.724,33.626,77.276,35.592,22.357,77.643
[SHELL] ccA:301,4189569707,193125,-5.322,-19.853,0.000,-35.000,5.58220,5.24037,15.79,-2.013,-26.722,-1.861,-24.711,-2.118,-7.705,0.92472,74.342
[SHELL] ccB:301,18953,1,-16.872,-1.730,18.602,21.205,53.537,78.795,22.724,33.626,77.276
[SHELL] ccA:302,4189789635,193126,-5.203,-18.918,0.000,-35.000,5.15115,4.80903,15.84,-2.009,-26.737,-1.856,-24.711,-2.111,-7.701,0.92423,74.342
[SHELL] ccB:302,18917,1,-19.337,6.787,12.550,24.693,74.056,75.307,21.205,53.537,78.795
[SHELL] ccA:303,4190009643,193127,2.110,-16.433,0.000,-35.000,4.72662,4.38452,15.84,-2.155,-26.785,-1.988,-24.701,-2.112,-7.699,0.92219,74.342
[SHELL] ccB:303,18921,1,-16.401,6.171,10.230,21.325,78.675,55.759,24.693,74.056,75.307
[SHELL] ctrlcap v1 armed=0 count=512 clock_hz=550000000 decimation=1
[SHELL] ccA:index,cycles,seq,id,iq,idref,iqref,theta,actangle,age_us,vdreq,vqreq,vd,vq,intd,intq,scale,bus
[SHELL] ccB:index,timer,valid,ia,ib,ic,du,dv,dw,active_u,active_v,active_w
[SHELL] ccA:304,4190229659,193128,11.642,-14.828,0.000,-35.000,4.31529,3.97317,15.84,-2.356,-26.816,-2.169,-24.686,-2.121,-7.697,0.92054,74.342
[SHELL] ccB:304,18929,1,-18.177,4.757,13.419,22.450,77.550,35.068,21.325,78.675,55.759
[SHELL] ccA:305,4190449675,193129,6.106,-11.436,0.000,-35.000,3.87616,3.53411,15.82,-2.250,-26.886,-2.066,-24.694,-2.126,-7.699,0.91847,74.342
[SHELL] ccB:305,18937,1,-12.197,9.904,2.293,34.793,77.500,22.500,22.450,77.550,35.068
[SHELL] ccA:306,4190669651,193130,-1.948,-15.305,0.000,-35.000,3.45846,3.11633,15.82,-2.085,-26.807,-1.921,-24.706,-2.122,-7.698,0.92163,74.342
[SHELL] ccB:306,18925,1,-2.918,14.579,-11.661,55.135,78.715,21.285,34.793,77.500,22.500
[SHELL] ccA:307,4190889627,193131,-8.799,-15.323,0.000,-35.000,3.03221,2.69005,15.82,-1.937,-26.805,-1.786,-24.716,-2.112,-7.697,0.92207,74.342
[SHELL] ccB:307,18913,1,10.420,7.149,-17.569,75.001,74.996,24.999,55.135,78.715,21.285
[SHELL] ccA:308,4191109795,193132,-1.169,-17.554,0.000,-35.000,2.60205,2.26028,15.82,-2.087,-26.757,-1.927,-24.706,-2.109,-7.694,0.92333,74.342
[SHELL] ccB:308,18997,1,10.021,7.512,-17.533,78.756,54.396,21.244,75.001,74.996,24.999
[SHELL] ccA:309,4191329863,193133,14.259,-14.431,0.000,-35.000,2.18896,1.84725,15.93,-2.408,-26.820,-2.216,-24.681,-2.121,-7.693,0.92027,74.342
[SHELL] ccB:309,19031,1,3.497,15.558,-19.055,77.247,33.481,22.753,78.756,54.396,21.244
[SHELL] ccA:310,4191549879,193134,6.141,-8.999,0.000,-35.000,1.76241,1.42075,15.99,-2.250,-26.933,-2.063,-24.695,-2.126,-7.696,0.91690,74.342
[SHELL] ccB:310,19039,1,7.665,2.873,-10.538,77.661,22.339,35.693,77.247,33.481,22.753
[SHELL] ccA:311,4191769819,193135,-4.610,-13.281,0.000,-35.000,1.33935,0.99736,15.99,-2.029,-26.846,-1.867,-24.710,-2.119,-7.697,0.92042,74.342
[SHELL] ccB:311,19009,1,11.869,-12.458,0.589,78.641,21.359,56.247,77.661,22.339,35.693
[SHELL] ccA:312,4191989619,193136,-7.989,-14.571,0.000,-35.000,0.91565,0.57373,16.04,-1.952,-26.820,-1.798,-24.715,-2.110,-7.696,0.92153,74.342
[SHELL] ccB:312,18909,1,6.686,-16.518,9.831,74.019,24.681,75.319,78.641,21.359,56.247
[SHELL] ccA:313,4192209559,193137,2.236,-16.856,0.000,-35.000,0.49306,0.15110,15.67,-2.157,-26.771,-1.990,-24.701,-2.110,-7.694,0.92266,74.342
[SHELL] ccB:313,18879,1,9.948,-16.916,6.968,53.532,21.205,78.795,74.019,24.681,75.319
[SHELL] ccA:314,4192429691,193138,15.988,-13.907,0.000,-35.000,0.06320,6.00445,15.77,-2.446,-26.831,-2.250,-24.678,-2.124,-7.693,0.91978,74.342
[SHELL] ccB:314,18945,1,16.835,-19.562,2.727,31.935,23.082,76.918,53.532,21.205,78.795
[SHELL] ccA:315,4192649603,193139,3.518,-10.165,0.000,-35.000,5.93477,5.59260,15.79,-2.198,-26.909,-2.018,-24.698,-2.126,-7.696,0.91786,74.342
[SHELL] ccB:315,18901,1,-0.164,-9.233,9.396,22.218,36.418,77.782,31.935,23.082,76.918
[SHELL] ccA:316,4192869615,193140,-2.997,-16.161,0.000,-35.000,5.50268,5.16056,15.79,-2.063,-26.785,-1.903,-24.707,-2.122,-7.694,0.92242,74.342
[SHELL] ccB:316,18907,1,-13.501,-1.368,14.869,21.467,57.586,78.533,22.218,36.418,77.782
[SHELL] ccA:317,4193089655,193141,-2.731,-14.549,0.000,-35.000,5.06835,4.72627,15.84,-2.064,-26.817,-1.902,-24.708,-2.117,-7.693,0.92132,74.342
[SHELL] ccB:317,18927,1,-14.589,5.120,9.469,24.142,75.858,72.227,21.467,57.586,78.533
[SHELL] ccA:318,4193309695,193142,2.393,-14.431,0.000,-35.000,4.64976,4.30786,15.84,-2.167,-26.819,-1.996,-24.700,-2.118,-7.693,0.92098,74.342
[SHELL] ccB:318,18947,1,-14.552,5.990,8.563,21.154,78.846,51.921,24.142,75.858,72.227
[SHELL] ccA:319,4193529655,193143,11.864,-13.472,0.000,-35.000,4.22685,3.88474,15.84,-2.367,-26.839,-2.177,-24.685,-2.128,-7.693,0.91974,74.342
[SHELL] ccB:319,18927,1,-17.452,5.084,12.368,23.322,76.678,30.897,21.154,78.846,51.921
[SHELL] ctrlcap v1 armed=0 count=512 clock_hz=550000000 decimation=1
[SHELL] ccA:index,cycles,seq,id,iq,idref,iqref,theta,actangle,age_us,vdreq,vqreq,vd,vq,intd,intq,scale,bus
[SHELL] ccB:index,timer,valid,ia,ib,ic,du,dv,dw,active_u,active_v,active_w
[SHELL] ccA:320,4193749739,193144,-0.377,-11.509,0.000,-35.000,3.79401,3.45220,15.82,-2.120,-26.880,-1.948,-24.704,-2.126,-7.694,0.91905,74.342
[SHELL] ccB:320,18969,1,-6.688,11.462,-4.775,38.508,78.095,21.905,23.322,76.678,30.897
[SHELL] ccA:321,4193969583,193145,-8.524,-16.952,0.000,-35.000,3.37332,3.03119,15.80,-1.947,-26.767,-1.798,-24.715,-2.116,-7.692,0.92334,74.342
[SHELL] ccB:321,18891,1,4.403,13.782,-18.185,59.099,78.385,21.615,38.508,78.095,21.905
[SHELL] ccA:322,4194189627,193146,-8.921,-16.160,0.000,-35.000,2.95013,2.60810,15.80,-1.928,-26.782,-1.780,-24.717,-2.105,-7.690,0.92290,74.342
[SHELL] ccB:322,18913,1,11.833,6.352,-18.185,76.095,71.379,23.905,59.099,78.385,21.615
[SHELL] ccA:323,4194409655,193147,2.029,-20.041,0.000,-35.000,2.52618,2.18408,15.80,-2.148,-26.698,-1.987,-24.701,-2.106,-7.685,0.92518,74.342
[SHELL] ccB:323,18927,1,9.912,10.230,-20.142,78.866,50.470,21.134,76.095,71.379,23.905
[SHELL] ccA:324,4194629747,193148,16.226,-13.741,0.000,-35.000,2.10652,1.76463,15.85,-2.447,-26.826,-2.251,-24.678,-2.120,-7.685,0.91995,74.342
[SHELL] ccB:324,18973,1,3.533,16.392,-19.925,76.350,29.579,23.650,78.866,50.470,21.134
[SHELL] ccA:325,4194849739,193149,2.726,-10.569,0.000,-35.000,1.66259,1.32059,15.91,-2.177,-26.892,-2.000,-24.700,-2.121,-7.687,0.91848,74.342
[SHELL] ccB:325,18969,1,10.275,-1.948,-8.327,78.334,21.666,40.429,76.350,29.579,23.650
[SHELL] ccA:326,4195069755,193150,-12.295,-13.936,0.000,-35.000,1.24903,0.90702,15.91,-1.863,-26.824,-1.717,-24.721,-2.107,-7.687,0.92161,74.342
[SHELL] ccB:326,18977,1,9.332,-18.584,9.251,78.236,21.764,60.399,78.334,21.666,40.429
[SHELL] ccA:327,4195289655,193151,-13.490,-16.441,0.000,-35.000,0.82988,0.48816,15.96,-1.824,-26.771,-1.684,-24.723,-2.092,-7.685,0.92351,74.342
[SHELL] ccB:327,18927,1,3.026,-19.743,16.718,70.394,23.643,76.357,78.236,21.764,60.399
[SHELL] ccA:328,4195509535,193152,2.937,-19.018,0.000,-35.000,0.39890,0.05687,15.59,-2.154,-26.715,-1.992,-24.700,-2.094,-7.681,0.92459,74.342
[SHELL] ccB:328,18867,1,10.093,-19.236,9.143,48.821,21.141,78.859,70.394,23.643,76.357
[SHELL] ccA:329,4195729535,193153,14.078,-12.758,0.000,-35.000,6.25259,5.91036,15.72,-2.389,-26.842,-2.197,-24.683,-2.106,-7.682,0.91955,74.342
[SHELL] ccB:329,18867,1,13.682,-18.257,4.576,27.731,24.154,75.846,48.821,21.141,78.859
[SHELL] ccA:330,4195949527,193154,-5.457,-14.186,0.000,-35.000,5.82374,5.48151,15.72,-1.991,-26.813,-1.835,-24.713,-2.099,-7.682,0.92166,74.342
[SHELL] ccB:330,18863,1,-11.182,-3.325,14.507,21.555,41.472,78.445,27.731,24.154,75.846
[SHELL] ccA:331,4196169567,193155,-12.690,-20.998,0.000,-35.000,5.40408,5.06190,15.78,-1.832,-26.670,-1.699,-24.722,-2.085,-7.676,0.92698,74.342
[SHELL] ccB:331,18883,1,-24.266,8.998,15.268,21.978,62.015,78.022,21.555,41.472,78.445
[SHELL] ccA:332,4196389567,193156,-10.192,-20.008,0.000,-35.000,4.97038,4.62820,15.78,-1.871,-26.685,-1.733,-24.720,-2.073,-7.672,0.92636,74.342
[SHELL] ccB:332,18883,1,-21.946,15.087,6.859,23.080,76.920,68.054,21.978,62.015,78.022
[SHELL] ccA:333,4196609583,193157,-0.156,-21.345,0.000,-35.000,4.55027,4.20814,15.78,-2.070,-26.652,-1.919,-24.706,-2.072,-7.666,0.92698,74.342
[SHELL] ccB:333,18891,1,-21.040,13.637,7.403,21.181,78.819,47.094,23.080,76.920,68.054
[SHELL] ccA:334,4196829575,193158,5.206,-14.865,0.000,-35.000,4.12990,3.78773,15.78,-2.181,-26.783,-2.011,-24.699,-2.075,-7.665,0.92220,74.342
[SHELL] ccB:334,18887,1,-15.277,10.955,4.322,24.425,75.575,26.809,21.181,78.819,47.094
[SHELL] ccA:335,4197049695,193159,-6.710,-16.015,0.000,-35.000,3.70721,3.36538,15.76,-1.934,-26.758,-1.787,-24.716,-2.067,-7.664,0.92370,74.342
[SHELL] ccB:335,18947,1,-2.918,16.283,-13.365,42.448,78.536,21.464,24.425,75.575,26.809
[SHELL] ctrlcap v1 armed=0 count=512 clock_hz=550000000 decimation=1
[SHELL] ccA:index,cycles,seq,id,iq,idref,iqref,theta,actangle,age_us,vdreq,vqreq,vd,vq,intd,intq,scale,bus
[SHELL] ccB:index,timer,valid,ia,ib,ic,du,dv,dw,active_u,active_v,active_w
[SHELL] ccA:336,4197269655,193160,-11.503,-19.313,0.000,-35.000,3.27534,2.93346,15.76,-1.825,-26.687,-1.691,-24.723,-2.054,-7.660,0.92640,74.342
[SHELL] ccB:336,18927,1,8.825,13.492,-22.317,63.646,77.772,22.228,42.448,78.536,21.464
[SHELL] ccA:337,4197489659,193161,-11.420,-19.816,0.000,-35.000,2.85110,2.50917,15.76,-1.814,-26.673,-1.682,-24.723,-2.041,-7.655,0.92692,74.342
[SHELL] ccB:337,18929,1,16.617,5.301,-21.918,77.148,66.997,22.852,63.646,77.772,22.228
[SHELL] ccA:338,4197709603,193162,0.281,-23.149,0.000,-35.000,2.43765,2.09546,15.76,-2.047,-26.598,-1.902,-24.708,-2.040,-7.648,0.92891,74.342
[SHELL] ccB:338,18901,1,14.769,8.056,-22.824,78.785,46.216,21.215,77.148,66.997,22.852
[SHELL] ccA:339,4197929739,193163,9.812,-13.297,0.000,-35.000,2.01111,1.66933,15.87,-2.246,-26.798,-2.070,-24.694,-2.048,-7.649,0.92148,74.342
[SHELL] ccB:339,18969,1,7.846,8.672,-16.518,75.212,25.648,24.788,78.785,46.216,21.215
[SHELL] ccA:340,4198149643,193164,-5.278,-11.803,0.000,-35.000,1.59059,1.24848,15.84,-1.937,-26.830,-1.785,-24.716,-2.041,-7.651,0.92121,74.342
[SHELL] ccB:340,18921,1,11.906,-10.320,-1.586,78.627,21.373,43.558,75.212,25.648,24.788
[SHELL] ccA:341,4198369751,193165,-14.613,-14.628,0.000,-35.000,1.16655,0.82464,15.84,-1.734,-26.773,-1.602,-24.729,-2.025,-7.651,0.92365,74.342
[SHELL] ccB:341,18975,1,7.701,-20.468,12.767,77.685,22.315,64.166,78.627,21.373,43.558
[SHELL] ccA:342,4198589247,193166,-11.603,-15.309,0.000,-35.000,0.74207,0.39959,15.46,-1.782,-26.759,-1.646,-24.726,-2.012,-7.650,0.92404,74.342
[SHELL] ccB:342,18723,1,1.794,-17.460,15.667,66.349,22.719,77.281,77.685,22.315,64.166
[SHELL] ccA:343,4198809247,193167,4.803,-18.834,0.000,-35.000,0.31832,6.25914,15.52,-2.113,-26.684,-1.956,-24.703,-2.016,-7.647,0.92577,74.342
[SHELL] ccB:343,18723,1,10.456,-19.417,8.961,44.855,21.286,78.714,66.349,22.719,77.281
[SHELL] ccA:344,4199029263,193168,8.525,-14.084,0.000,-35.000,6.18132,5.83900,15.51,-2.195,-26.780,-2.024,-24.698,-2.022,-7.647,0.92225,74.342
[SHELL] ccB:344,18731,1,7.049,-16.409,9.360,24.966,25.102,75.034,44.855,21.286,78.714
[SHELL] ccA:345,4199249299,193169,-7.607,-16.246,0.000,-35.000,5.76444,5.42223,15.52,-1.863,-26.735,-1.722,-24.721,-2.013,-7.645,0.92467,74.342
[SHELL] ccB:345,18749,1,-14.661,-1.622,16.283,21.329,44.179,78.671,24.966,25.102,75.034
[SHELL] ccA:346,4199469223,193170,-6.103,-20.127,0.000,-35.000,5.33925,4.99683,15.51,-1.885,-26.652,-1.749,-24.719,-2.006,-7.641,0.92747,74.342
[SHELL] ccB:346,18711,1,-19.880,3.996,15.884,22.507,65.242,77.493,21.329,44.179,78.671
[SHELL] ccA:347,4199689323,193171,-0.685,-15.849,0.000,-35.000,4.92390,4.58182,15.51,-1.992,-26.737,-1.841,-24.712,-2.004,-7.640,0.92426,74.342
[SHELL] ccB:347,18761,1,-15.640,5.518,10.121,22.586,77.414,65.665,22.507,65.242,77.493
[SHELL] ccA:348,4199909219,193172,11.747,-17.078,0.000,-35.000,4.49267,4.15024,15.51,-2.251,-26.710,-2.081,-24.693,-2.014,-7.638,0.92448,74.342
[SHELL] ccB:348,18709,1,-19.228,2.909,16.319,21.349,78.651,43.885,22.586,77.414,65.665
[SHELL] ccA:349,4200129271,193173,15.649,-10.051,0.000,-35.000,4.07119,3.72799,15.51,-2.343,-26.906,-2.149,-24.687,-2.028,-7.640,0.91755,74.342
[SHELL] ccB:349,18735,1,-17.416,3.054,14.362,26.048,75.340,24.660,21.349,78.651,43.885
[SHELL] ccA:350,4200349195,193174,3.667,-11.304,0.000,-35.000,3.65139,3.30802,15.49,-2.105,-26.882,-1.934,-24.705,-2.030,-7.642,0.91901,74.342
[SHELL] ccB:350,18697,1,-8.717,11.354,-2.637,45.591,78.755,21.245,26.048,75.340,24.660
[SHELL] ccA:351,4200569191,193175,-5.641,-12.123,0.000,-35.000,3.22139,2.87803,15.49,-1.911,-26.867,-1.758,-24.718,-2.022,-7.644,0.92002,74.342
[SHELL] ccB:351,18695,1,4.657,8.527,-13.184,66.418,77.267,22.733,45.591,78.755,21.245
[SHELL] ctrlcap v1 armed=0 count=512 clock_hz=550000000 decimation=1
[SHELL] ccA:index,cycles,seq,id,iq,idref,iqref,theta,actangle,age_us,vdreq,vqreq,vd,vq,intd,intq,scale,bus
[SHELL] ccB:index,timer,valid,ia,ib,ic,du,dv,dw,active_u,active_v,active_w
[SHELL] ccA:352,4200789487,193176,-3.544,-11.902,0.000,-35.000,2.80237,2.45899,15.49,-1.948,-26.873,-1.792,-24.716,-2.017,-7.645,0.91973,74.342
[SHELL] ccB:352,18843,1,7.303,5.047,-12.350,77.644,64.405,22.356,66.418,77.267,22.733
[SHELL] ccA:353,4201009767,193177,12.181,-13.515,0.000,-35.000,2.37520,2.03230,15.89,-2.273,-26.841,-2.091,-24.692,-2.028,-7.645,0.91996,74.342
[SHELL] ccB:353,18983,1,0.598,15.449,-16.047,78.558,42.697,21.442,77.644,64.405,22.356
[SHELL] ccA:354,4201229911,193178,16.983,-6.676,0.000,-35.000,1.95432,1.61155,16.05,-2.384,-26.984,-2.181,-24.684,-2.043,-7.651,0.91478,74.342
[SHELL] ccB:354,19055,1,-0.164,15.884,-15.721,75.655,24.345,27.079,78.558,42.697,21.442
[SHELL] ccA:355,4201449867,193179,0.435,-9.105,0.000,-35.000,1.52765,1.18481,16.05,-2.052,-26.938,-1.882,-24.709,-2.041,-7.654,0.91724,74.342
[SHELL] ccB:355,19033,1,9.115,-4.521,-4.594,78.813,21.187,46.922,75.655,24.345,27.079
[SHELL] ccA:356,4201669875,193180,-9.914,-12.081,0.000,-35.000,1.10379,0.76096,16.05,-1.833,-26.880,-1.686,-24.723,-2.030,-7.655,0.91978,74.342
[SHELL] ccB:356,19037,1,6.324,-15.539,9.215,77.074,22.926,67.348,78.813,21.187,46.922
[SHELL] ccA:357,4201889515,193181,-4.655,-14.599,0.000,-35.000,0.67768,0.33473,15.68,-1.932,-26.828,-1.780,-24.717,-2.024,-7.655,0.92130,74.342
[SHELL] ccB:357,18857,1,5.527,-15.140,9.614,62.991,22.124,77.876,77.074,22.926,67.348
[SHELL] ccA:358,4202109515,193182,13.053,-16.777,0.000,-35.000,0.25562,6.19558,15.65,-2.298,-26.782,-2.118,-24.690,-2.035,-7.652,0.92190,74.342
[SHELL] ccB:358,18857,1,16.871,-19.635,2.764,41.383,21.564,78.436,62.991,22.124,77.876
[SHELL] ccA:359,4202329579,193183,13.257,-11.917,0.000,-35.000,6.11219,5.76908,15.78,-2.313,-26.881,-2.125,-24.689,-2.046,-7.653,0.91847,74.342
[SHELL] ccB:359,18889,1,11.036,-17.641,6.606,23.972,28.376,76.028,41.383,21.564,78.436
[SHELL] ccA:360,4202549715,193184,0.341,-16.653,0.000,-35.000,5.70171,5.35879,16.09,-2.054,-26.783,-1.894,-24.708,-2.045,-7.651,0.92254,74.342
[SHELL] ccB:360,18957,1,-8.862,-7.783,16.645,21.163,47.687,78.837,23.972,28.376,76.028
[SHELL] ccA:361,4202769739,193185,-0.409,-19.389,0.000,-35.000,5.26408,4.92138,15.83,-2.037,-26.723,-1.883,-24.709,-2.043,-7.646,0.92464,74.342
[SHELL] ccB:361,18969,1,-16.727,-0.136,16.863,23.307,69.040,76.693,21.163,47.687,78.837
[SHELL] ccA:362,4202989711,193186,4.810,-14.562,0.000,-35.000,4.84064,4.49792,15.83,-2.144,-26.820,-1.975,-24.702,-2.046,-7.646,0.92103,74.342
[SHELL] ccB:362,18955,1,-13.828,1.169,12.658,21.888,78.112,61.367,23.307,69.040,76.693
[SHELL] ccA:363,4203209623,193187,14.798,-16.988,0.000,-35.000,4.42390,4.08087,15.83,-2.357,-26.768,-2.174,-24.685,-2.059,-7.643,0.92219,74.342
[SHELL] ccB:363,18911,1,-20.496,2.148,18.349,21.684,78.316,40.275,21.888,78.112,61.367
[SHELL] ccA:364,4203429675,193188,14.964,-10.648,0.000,-35.000,3.98877,3.64577,15.89,-2.374,-26.898,-2.178,-24.685,-2.072,-7.645,0.91770,74.342
[SHELL] ccB:364,18937,1,-17.887,5.337,12.550,29.787,76.404,23.596,21.684,78.316,40.275
[SHELL] ccA:365,4203649627,193189,4.731,-13.086,0.000,-35.000,3.56554,3.22247,15.81,-2.172,-26.849,-1.998,-24.700,-2.075,-7.645,0.91995,74.342
[SHELL] ccB:365,18913,1,-9.696,13.492,-3.796,49.991,78.868,21.132,29.787,76.404,23.596
[SHELL] ccA:366,4203869615,193190,-6.192,-13.110,0.000,-35.000,3.13985,2.79676,15.81,-1.945,-26.849,-1.801,-24.862,-2.068,-7.647,0.92599,74.782
[SHELL] ccB:366,18907,1,6.215,8.237,-14.452,70.258,76.392,23.608,49.991,78.868,21.132
[SHELL] ccA:367,4204089655,193191,-3.746,-15.136,0.000,-35.000,2.71619,2.37318,15.81,-1.989,-26.809,-1.833,-24.713,-2.062,-7.646,0.92182,74.342
[SHELL] ccB:367,18927,1,9.658,5.772,-15.431,78.265,60.165,21.735,70.258,76.392,23.608
[SHELL] ctrlcap v1 armed=0 count=512 clock_hz=550000000 decimation=1
[SHELL] ccA:index,cycles,seq,id,iq,idref,iqref,theta,actangle,age_us,vdreq,vqreq,vd,vq,intd,intq,scale,bus
[SHELL] ccB:index,timer,valid,ia,ib,ic,du,dv,dw,active_u,active_v,active_w
[SHELL] ccA:368,4204309807,193192,14.151,-18.006,0.000,-35.000,2.28689,1.94414,15.92,-2.360,-26.747,-2.178,-24.685,-2.075,-7.643,0.92289,74.342
[SHELL] ccB:368,19003,1,4.294,17.334,-21.628,78.052,38.200,21.948,78.265,60.165,21.735
[SHELL] ccA:369,4204529835,193193,10.145,-8.451,0.000,-35.000,1.86050,1.51780,15.97,-2.288,-26.944,-2.096,-24.692,-2.083,-7.647,0.91640,74.342
[SHELL] ccB:369,19017,1,5.200,7.911,-13.111,76.745,23.255,31.180,78.052,38.200,21.948
[SHELL] ccA:370,4204749875,193194,-5.379,-11.253,0.000,-35.000,1.44005,1.09747,15.97,-1.970,-26.890,-1.811,-24.714,-2.076,-7.649,0.91911,74.342
[SHELL] ccB:370,19037,1,10.456,-11.117,0.662,78.860,21.140,51.143,76.745,23.255,31.180
[SHELL] ccA:371,4204969587,193195,-10.980,-15.744,0.000,-35.000,1.01154,0.66863,15.97,-1.845,-26.797,-1.702,-24.722,-2.064,-7.647,0.92256,74.342
[SHELL] ccB:371,18893,1,7.520,-19.055,11.535,76.027,23.973,71.628,78.860,21.140,51.143
[SHELL] ccA:372,4205189431,193196,-4.057,-17.008,0.000,-35.000,0.59091,0.24764,15.60,-1.978,-26.769,-1.826,-24.713,-2.058,-7.645,0.92320,74.342
[SHELL] ccB:372,18815,1,6.107,-17.243,11.136,58.650,21.568,78.432,76.027,23.973,71.628
[SHELL] ccA:373,4205409575,193197,11.232,-17.963,0.000,-35.000,0.16591,6.10599,15.71,-2.294,-26.747,-2.117,-24.690,-2.067,-7.641,0.92311,74.342
[SHELL] ccB:373,18887,1,14.044,-20.758,6.714,37.013,22.123,77.877,58.650,21.568,78.432
[SHELL] ccA:374,4205629711,193198,6.506,-12.888,0.000,-35.000,6.02429,5.68150,15.79,-2.204,-26.850,-2.027,-24.698,-2.072,-7.642,0.91985,74.342
[SHELL] ccB:374,18955,1,2.990,-13.727,10.737,23.020,32.218,76.980,37.013,22.123,77.877
[SHELL] ccA:375,4205849731,193199,-3.109,-19.510,0.000,-35.000,5.59671,5.25380,16.10,-2.007,-26.711,-1.857,-24.711,-2.068,-7.637,0.92512,74.342
[SHELL] ccB:375,18965,1,-14.770,-3.977,18.747,21.180,52.857,78.820,23.020,32.218,76.980
[SHELL] ccA:376,4206069739,193200,-6.857,-18.275,0.000,-35.000,5.17767,4.83497,15.84,-1.924,-26.733,-1.778,-24.717,-2.059,-7.634,0.92459,74.342
[SHELL] ccB:376,18969,1,-19.409,7.911,11.499,24.300,72.771,75.700,21.180,52.857,78.820
[SHELL] ccA:377,4206289731,193201,-1.856,-16.594,0.000,-35.000,4.75226,4.40956,15.84,-2.020,-26.764,-1.865,-24.710,-2.056,-7.632,0.92325,74.342
[SHELL] ccB:377,18965,1,-16.655,9.360,7.294,21.437,78.563,57.246,24.300,72.771,75.700
[SHELL] ccA:378,4206509667,193202,12.408,-16.518,0.000,-35.000,4.33040,3.98735,15.84,-2.316,-26.764,-2.137,-24.688,-2.066,-7.629,0.92245,74.342
[SHELL] ccB:378,18933,1,-19.953,5.337,14.615,22.320,77.680,35.809,21.437,78.563,57.246
[SHELL] ccA:379,4206729671,193203,5.859,-11.502,0.000,-35.000,3.90761,3.56461,15.82,-2.189,-26.867,-2.013,-24.699,-2.071,-7.631,0.91930,74.342
[SHELL] ccB:379,18935,1,-12.197,9.759,2.438,33.246,77.199,22.801,22.320,77.680,35.809
[SHELL] ccA:380,4206949643,193204,-2.044,-16.304,0.000,-35.000,3.47632,3.13327,15.82,-2.028,-26.768,-1.872,-24.710,-2.067,-7.629,0.92311,74.342
[SHELL] ccB:380,18921,1,-3.426,15.631,-12.205,54.191,78.766,21.234,33.246,77.199,22.801
[SHELL] ccA:381,4207169755,193205,-8.786,-17.244,0.000,-35.000,3.05980,2.71701,15.82,-1.882,-26.746,-1.740,-24.719,-2.057,-7.627,0.92422,74.342
[SHELL] ccB:381,18977,1,10.166,9.179,-19.345,73.745,75.405,24.595,54.191,78.766,21.234
[SHELL] ccA:382,4207389715,193206,-3.037,-18.041,0.000,-35.000,2.64336,2.30040,15.82,-1.993,-26.727,-1.843,-24.712,-2.052,-7.624,0.92461,74.342
[SHELL] ccB:382,18957,1,11.289,6.823,-18.113,78.618,56.560,21.382,73.745,75.405,24.595
[SHELL] ccA:383,4207609795,193207,17.208,-16.254,0.000,-35.000,2.21493,1.87209,15.93,-2.414,-26.761,-2.226,-24.680,-2.068,-7.622,0.92224,74.342
[SHELL] ccB:383,18997,1,2.663,19.037,-21.701,77.472,34.640,22.528,78.618,56.560,21.382
[SHELL] ctrlcap v1 armed=0 count=512 clock_hz=550000000 decimation=1
[SHELL] ccA:index,cycles,seq,id,iq,idref,iqref,theta,actangle,age_us,vdreq,vqreq,vd,vq,intd,intq,scale,bus
[SHELL] ccB:index,timer,valid,ia,ib,ic,du,dv,dw,active_u,active_v,active_w
[SHELL] ccA:384,4207829851,193208,11.761,-8.612,0.000,-35.000,1.78964,1.44697,15.99,-2.315,-26.920,-2.123,-24.690,-2.077,-7.626,0.91715,74.342
[SHELL] ccB:384,19025,1,5.853,8.635,-14.488,77.456,22.544,34.556,77.472,34.640,22.528
[SHELL] ccA:385,4208049855,193209,-0.450,-12.931,0.000,-35.000,1.36220,1.01953,15.99,-2.068,-26.833,-1.904,-24.707,-2.075,-7.626,0.92078,74.342
[SHELL] ccB:385,19027,1,12.558,-8.979,-3.579,78.710,21.290,55.220,77.456,22.544,34.556
[SHELL] ccA:386,4208269615,193210,-11.021,-14.345,0.000,-35.000,0.94669,0.60385,16.04,-1.844,-26.804,-1.701,-24.722,-2.063,-7.626,0.92232,74.342
[SHELL] ccB:386,18907,1,5.200,-17.605,12.405,75.165,24.835,74.498,78.710,21.290,55.220
[SHELL] ccA:387,4208489435,193211,1.871,-14.622,0.000,-35.000,0.51760,0.17436,15.61,-2.102,-26.798,-1.938,-24.705,-2.063,-7.626,0.92188,74.342
[SHELL] ccB:387,18817,1,8.861,-14.633,5.772,54.796,21.266,78.734,75.165,24.835,74.498
[SHELL] ccA:388,4208709615,193212,16.735,-14.368,0.000,-35.000,0.08995,6.03009,15.77,-2.414,-26.803,-2.223,-24.681,-2.078,-7.625,0.92081,74.342
[SHELL] ccB:388,18907,1,17.958,-20.070,2.111,33.187,22.813,77.187,54.796,21.266,78.734
[SHELL] ccA:389,4208929663,193213,4.556,-10.069,0.000,-35.000,5.94853,5.60558,15.79,-2.174,-26.893,-1.996,-24.700,-2.081,-7.628,0.91846,74.342
[SHELL] ccB:389,18931,1,0.996,-10.030,9.034,22.329,35.753,77.671,33.187,22.813,77.187
[SHELL] ccA:390,4209149603,193214,-3.694,-17.603,0.000,-35.000,5.52301,5.17993,15.79,-2.003,-26.738,-1.851,-24.711,-2.075,-7.625,0.92422,74.342
[SHELL] ccB:390,18901,1,-14.806,-1.440,16.246,21.379,56.523,78.621,22.329,35.753,77.671
[SHELL] ccA:391,4209369627,193215,-6.161,-15.827,0.000,-35.000,5.10085,4.75780,15.84,-1.946,-26.772,-1.797,-24.715,-2.068,-7.624,0.92318,74.342
[SHELL] ccB:391,18913,1,-16.981,8.237,8.744,24.617,75.383,73.815,21.379,56.523,78.621
[SHELL] ccA:392,4209589627,193216,0.774,-15.404,0.000,-35.000,4.67165,4.32862,15.84,-2.084,-26.780,-1.923,-24.706,-2.067,-7.623,0.92257,74.342
[SHELL] ccB:392,18913,1,-15.422,7.584,7.838,21.188,78.812,53.106,24.617,75.383,73.815
[SHELL] ccA:393,4209809671,193217,12.171,-14.429,0.000,-35.000,4.25461,3.91161,15.84,-2.323,-26.799,-2.140,-24.688,-2.077,-7.622,0.92124,74.342
[SHELL] ccB:393,18935,1,-18.322,5.229,13.093,23.020,76.980,32.217,21.188,78.812,53.106
[SHELL] ccA:394,4210029747,193218,3.634,-11.128,0.000,-35.000,3.82436,3.48160,15.82,-2.154,-26.868,-1.980,-24.701,-2.079,-7.624,0.91937,74.342
[SHELL] ccB:394,18973,1,-9.841,10.411,-0.571,37.145,77.897,22.103,23.020,76.980,32.217
[SHELL] ccA:395,4210249651,193219,-5.575,-15.782,0.000,-35.000,3.41296,3.07010,15.80,-1.962,-26.772,-1.811,-24.714,-2.072,-7.623,0.92314,74.342
[SHELL] ccB:395,18925,1,1.141,13.891,-15.032,57.207,78.566,21.434,37.145,77.897,22.103
[SHELL] ccA:396,4210469647,193220,-6.315,-15.932,0.000,-35.000,2.97554,2.63268,15.80,-1.939,-26.768,-1.791,-24.716,-2.064,-7.622,0.92335,74.342
[SHELL] ccB:396,18923,1,8.861,8.273,-17.134,75.790,72.464,24.210,57.207,78.566,21.434
[SHELL] ccA:397,4210689607,193221,2.781,-18.112,0.000,-35.000,2.55112,2.20803,15.80,-2.123,-26.720,-1.962,-24.703,-2.065,-7.618,0.92449,74.342
[SHELL] ccB:397,18903,1,7.774,10.484,-18.258,78.850,51.718,21.150,75.790,72.464,24.210
[SHELL] ccA:398,4210909659,193222,16.572,-14.923,0.000,-35.000,2.12664,1.78358,15.83,-2.413,-26.784,-2.224,-24.681,-2.080,-7.617,0.92147,74.342
[SHELL] ccB:398,18929,1,3.932,17.044,-20.976,76.581,30.498,23.419,78.850,51.718,21.150
[SHELL] ccA:399,4211129707,193223,0.592,-9.186,0.000,-35.000,1.71478,1.37091,15.91,-2.093,-26.953,-1.918,-24.706,-2.079,-7.621,0.91665,74.342
[SHELL] ccB:399,18953,1,9.006,-2.854,-6.152,77.997,22.003,37.812,76.581,30.498,23.419
[SHELL] ctrlcap v1 armed=0 count=512 clock_hz=550000000 decimation=1
[SHELL] ccA:index,cycles,seq,id,iq,idref,iqref,theta,actangle,age_us,vdreq,vqreq,vd,vq,intd,intq,scale,bus
[SHELL] ccB:index,timer,valid,ia,ib,ic,du,dv,dw,active_u,active_v,active_w
[SHELL] ccA:400,4211349747,193224,-8.456,-14.859,0.000,-35.000,1.27596,0.93211,15.91,-1.901,-26.837,-1.751,-24.719,-2.069,-7.620,0.92106,74.342
[SHELL] ccB:400,18973,1,11.761,-16.626,4.866,78.371,21.629,59.237,77.997,22.003,37.812
[SHELL] ccA:401,4211569547,193225,-8.834,-16.066,0.000,-35.000,0.83601,0.49218,15.96,-1.884,-26.811,-1.737,-24.720,-2.059,-7.618,0.92201,74.342
[SHELL] ccB:401,18873,1,5.998,-18.004,12.006,70.481,23.665,76.335,78.371,21.629,59.237
[SHELL] ccA:402,4211789435,193226,-0.957,-17.895,0.000,-35.000,0.42494,0.08088,15.59,-2.039,-26.770,-1.882,-24.709,-2.056,-7.614,0.92300,74.342
[SHELL] ccB:402,18817,1,6.505,-17.714,11.209,50.244,21.133,78.867,70.481,23.665,76.335
[SHELL] ccA:403,4212009575,193227,7.229,-14.316,0.000,-35.000,6.28076,5.93679,15.72,-2.208,-26.842,-2.032,-24.697,-2.062,-7.613,0.92010,74.342
[SHELL] ccB:403,18887,1,7.194,-16.010,8.816,29.226,23.742,76.258,50.244,21.133,78.867
[SHELL] ccA:404,4212229599,193228,-6.251,-14.930,0.000,-35.000,5.85315,5.50931,15.72,-1.930,-26.828,-1.778,-24.717,-2.054,-7.612,0.92129,74.342
[SHELL] ccB:404,18899,1,-11.907,-3.542,15.449,21.717,39.993,78.284,29.226,23.742,76.258
[SHELL] ccA:405,4212449655,193229,-11.065,-21.651,0.000,-35.000,5.42556,5.08185,15.78,-1.822,-26.686,-1.688,-24.723,-2.042,-7.606,0.92644,74.342
[SHELL] ccB:405,18927,1,-23.613,6.787,16.826,21.843,61.023,78.157,21.717,39.993,78.284
[SHELL] ccA:406,4212669667,193230,-9.546,-19.981,0.000,-35.000,5.00153,4.65786,15.78,-1.841,-26.715,-1.694,-24.576,-2.030,-7.600,0.91993,73.902
[SHELL] ccB:406,18933,1,-21.874,13.927,7.947,23.414,76.586,69.483,21.843,61.023,78.157
[SHELL] ccA:407,4212889663,193231,-0.149,-20.564,0.000,-35.000,4.57564,4.23193,15.78,-2.027,-26.696,-1.876,-24.709,-2.029,-7.594,0.92558,74.342
[SHELL] ccB:407,18931,1,-20.351,12.731,7.620,21.148,78.852,48.367,23.414,76.586,69.483
[SHELL] ccA:408,4213109579,193232,8.374,-15.684,0.000,-35.000,4.15719,3.81319,15.78,-2.205,-26.793,-2.032,-24.697,-2.035,-7.593,0.92177,74.342
[SHELL] ccB:408,18889,1,-17.742,9.868,7.874,24.104,75.896,27.906,21.148,78.852,48.367
[SHELL] ccA:409,4213329579,193233,-5.819,-14.516,0.000,-35.000,3.73893,3.39493,15.76,-1.913,-26.816,-1.764,-24.718,-2.028,-7.592,0.92175,74.342
[SHELL] ccB:409,18889,1,-3.353,14.906,-11.553,40.945,78.390,21.610,24.104,75.896,27.906
[SHELL] ccA:410,4213549559,193234,-9.621,-16.920,0.000,-35.000,3.29999,2.95596,15.76,-1.826,-26.765,-1.687,-24.723,-2.017,-7.590,0.92370,74.342
[SHELL] ccB:410,18879,1,6.831,12.369,-19.200,62.552,77.943,22.057,40.945,78.390,21.610
[SHELL] ccA:411,4213769571,193235,-11.010,-16.469,0.000,-35.000,2.88681,2.54280,15.76,-1.786,-26.772,-1.649,-24.726,-2.005,-7.588,0.92355,74.342
[SHELL] ccB:411,18885,1,14.805,3.996,-18.801,76.789,68.630,23.211,62.552,77.943,22.057
[SHELL] ccA:412,4213989603,193236,0.068,-21.021,0.000,-35.000,2.45660,2.11257,15.76,-2.006,-26.675,-1.858,-24.711,-2.003,-7.582,0.92637,74.342
[SHELL] ccB:412,18901,1,13.247,7.512,-20.759,78.821,47.157,21.179,76.789,68.630,23.211
[SHELL] ccA:413,4214209675,193237,11.376,-13.670,0.000,-35.000,2.03333,1.68951,15.87,-2.242,-26.824,-2.064,-24.694,-2.013,-7.582,0.92063,74.342
[SHELL] ccB:413,18937,1,7.158,10.520,-17.678,75.494,26.545,24.506,78.821,47.157,21.179
[SHELL] ccA:414,4214429731,193238,-7.023,-11.558,0.000,-35.000,1.61126,1.26765,15.84,-1.865,-26.868,-1.716,-24.721,-2.004,-7.584,0.92010,74.342
[SHELL] ccB:414,18965,1,11.833,-11.589,-0.244,78.538,21.462,42.472,75.494,26.545,24.506
[SHELL] ccA:415,4214649659,193239,-17.479,-14.062,0.000,-35.000,1.18753,0.84359,15.84,-1.637,-26.817,-1.510,-24.735,-1.986,-7.584,0.92234,74.342
[SHELL] ccB:415,18929,1,6.505,-21.846,15.340,77.863,22.137,63.076,78.538,21.462,42.472
[SHELL] ctrlcap v1 armed=0 count=512 clock_hz=550000000 decimation=1
[SHELL] ccA:index,cycles,seq,id,iq,idref,iqref,theta,actangle,age_us,vdreq,vqreq,vd,vq,intd,intq,scale,bus
[SHELL] ccB:index,timer,valid,ia,ib,ic,du,dv,dw,active_u,active_v,active_w
[SHELL] ccA:416,4214869423,193240,-14.241,-16.208,0.000,-35.000,0.76707,0.42308,15.80,-1.687,-26.772,-1.558,-24.732,-1.970,-7.583,0.92377,74.342
[SHELL] ccB:416,18811,1,0.996,-19.164,18.167,67.622,22.985,77.015,77.863,22.137,63.076
[SHELL] ccA:417,4215089479,193241,0.683,-21.960,0.000,-35.000,0.34647,0.00222,15.52,-1.985,-26.650,-1.840,-24.712,-1.969,-7.576,0.92729,74.342
[SHELL] ccB:417,18839,1,8.100,-21.737,13.637,46.397,21.208,78.792,67.622,22.985,77.015
[SHELL] ccA:418,4215309227,193242,9.736,-15.508,0.000,-35.000,6.20298,5.85875,15.51,-2.174,-26.779,-2.005,-24.699,-1.977,-7.575,0.92234,74.342
[SHELL] ccB:418,18713,1,8.462,-18.294,9.831,25.790,24.742,75.258,46.397,21.208,78.792
[SHELL] ccA:419,4215529267,193243,-5.731,-15.700,0.000,-35.000,5.77963,5.43544,15.52,-1.857,-26.774,-1.715,-24.721,-1.970,-7.574,0.92334,74.342
[SHELL] ccB:419,18733,1,-12.595,-3.216,15.812,21.377,43.509,78.623,25.790,24.742,75.258
[SHELL] ccA:420,4215749247,193244,-9.829,-19.105,0.000,-35.000,5.36473,5.02053,15.51,-1.764,-26.701,-1.633,-24.727,-1.959,-7.570,0.92606,74.342
[SHELL] ccB:420,18723,1,-21.149,7.294,13.854,22.268,63.886,77.732,21.377,43.509,78.623
[SHELL] ccA:421,4215969343,193245,-4.248,-17.302,0.000,-35.000,4.94022,4.59624,15.51,-1.870,-26.735,-1.729,-24.720,-1.954,-7.568,0.92464,74.342
[SHELL] ccB:421,18771,1,-17.814,9.107,8.708,22.762,77.238,66.562,22.268,63.886,77.732
[SHELL] ccA:422,4216189295,193246,7.802,-18.528,0.000,-35.000,4.52354,4.17953,15.51,-2.117,-26.707,-1.958,-24.703,-1.960,-7.564,0.92497,74.342
[SHELL] ccB:422,18747,1,-19.663,6.207,13.456,21.245,78.755,45.587,22.762,77.238,66.562
[SHELL] ccA:423,4216409271,193247,17.623,-11.272,0.000,-35.000,4.09298,3.74894,15.51,-2.330,-26.856,-2.142,-24.688,-1.975,-7.566,0.91928,74.342
[SHELL] ccB:423,18735,1,-19.409,2.945,16.464,25.121,75.040,24.960,21.245,78.755,45.587
[SHELL] ccA:424,4216629267,193248,3.071,-12.426,0.000,-35.000,3.67192,3.32787,15.49,-2.040,-26.833,-1.878,-24.709,-1.977,-7.567,0.92084,74.342
[SHELL] ccB:424,18733,1,-8.935,12.405,-3.470,44.491,78.692,21.308,25.121,75.040,24.960
[SHELL] ccA:425,4216849279,193249,-6.266,-11.697,0.000,-35.000,3.24549,2.90155,15.49,-1.845,-26.850,-1.699,-24.722,-1.969,-7.569,0.92075,74.342
[SHELL] ccB:425,18739,1,5.019,8.128,-13.147,65.189,77.503,22.497,44.491,78.692,21.308
[SHELL] ccA:426,4217069491,193250,-5.215,-12.448,0.000,-35.000,2.82563,2.48136,15.49,-1.860,-26.836,-1.713,-24.721,-1.963,-7.571,0.92119,74.342
[SHELL] ccB:426,18845,1,8.825,4.431,-13.256,77.422,65.623,22.578,65.189,77.503,22.497
[SHELL] ccA:427,4217289751,193251,10.931,-15.938,0.000,-35.000,2.40408,2.06018,15.89,-2.192,-26.764,-2.023,-24.698,-1.972,-7.569,0.92279,74.342
[SHELL] ccB:427,18975,1,2.627,15.268,-17.895,78.674,44.216,21.326,77.422,65.623,22.578
[SHELL] ccA:428,4217509863,193252,17.959,-6.749,0.000,-35.000,1.97281,1.62907,16.05,-2.349,-26.956,-2.151,-24.687,-1.988,-7.575,0.91583,74.342
[SHELL] ccB:428,19031,1,-0.816,17.008,-16.192,75.403,24.597,26.251,78.674,44.216,21.326
[SHELL] ccA:429,4217729899,193253,0.243,-8.568,0.000,-35.000,1.55471,1.21110,16.05,-1.993,-26.923,-1.829,-24.713,-1.986,-7.579,0.91791,74.342
[SHELL] ccB:429,19049,1,8.571,-4.195,-4.376,78.751,21.249,45.505,75.403,24.597,26.251
[SHELL] ccA:430,4217949895,193254,-10.228,-11.862,0.000,-35.000,1.12972,0.78599,16.05,-1.772,-26.858,-1.631,-24.727,-1.975,-7.581,0.92064,74.342
[SHELL] ccB:430,19047,1,6.360,-15.575,9.215,77.337,22.663,66.064,78.751,21.249,45.505
[SHELL] ccA:431,4218169475,193255,-5.254,-13.048,0.000,-35.000,0.69847,0.35447,15.68,-1.864,-26.835,-1.717,-24.721,-1.968,-7.582,0.92121,74.342
[SHELL] ccB:431,18837,1,4.367,-13.763,9.396,64.063,22.298,77.702,77.337,22.663,66.064
[SHELL] ctrlcap v1 armed=0 count=512 clock_hz=550000000 decimation=1
[SHELL] ccA:index,cycles,seq,id,iq,idref,iqref,theta,actangle,age_us,vdreq,vqreq,vd,vq,intd,intq,scale,bus
[SHELL] ccB:index,timer,valid,ia,ib,ic,du,dv,dw,active_u,active_v,active_w
[SHELL] ccA:432,4218389623,193256,11.628,-16.803,0.000,-35.000,0.28287,6.22222,15.65,-2.212,-26.757,-2.042,-24.696,-1.978,-7.579,0.92298,74.342
[SHELL] ccB:432,18911,1,15.856,-19.091,3.235,42.852,21.429,78.571,64.063,22.298,77.702
[SHELL] ccA:433,4218609671,193257,11.477,-13.695,0.000,-35.000,6.14234,5.79864,15.78,-2.219,-26.820,-2.043,-24.696,-1.988,-7.579,0.92081,74.342
[SHELL] ccB:433,18935,1,9.441,-17.859,8.418,24.396,26.906,75.604,42.852,21.429,78.571
[SHELL] ccA:434,4218829691,193258,2.329,-16.310,0.000,-35.000,5.71855,5.37484,15.78,-2.037,-26.765,-1.880,-24.709,-1.988,-7.577,0.92318,74.342
[SHELL] ccB:434,18945,1,-6.760,-9.631,16.391,21.190,46.857,78.810,24.396,26.906,75.604
[SHELL] ccA:435,4219049727,193259,-1.914,-17.366,0.000,-35.000,5.29334,4.94974,15.83,-1.948,-26.741,-1.811,-24.861,-1.985,-7.576,0.92970,74.782
[SHELL] ccB:435,18963,1,-15.567,0.916,14.652,22.973,67.566,77.027,21.190,46.857,78.810
[SHELL] ccA:436,4219269603,193260,2.964,-15.296,0.000,-35.000,4.86627,4.52231,15.83,-2.047,-26.783,-1.889,-24.709,-1.986,-7.575,0.92253,74.342
[SHELL] ccB:436,18901,1,-14.661,2.764,11.897,22.082,77.918,62.720,22.973,67.566,77.027
[SHELL] ccA:437,4219489615,193261,15.598,-17.108,0.000,-35.000,4.44307,4.09911,15.83,-2.314,-26.744,-2.136,-24.688,-2.000,-7.573,0.92312,74.342
[SHELL] ccB:437,18907,1,-20.641,1.242,19.400,21.578,78.422,41.246,22.082,77.918,62.720
[SHELL] ccA:438,4219709651,193262,15.507,-10.523,0.000,-35.000,4.02071,3.67677,15.83,-2.326,-26.880,-2.136,-24.688,-2.014,-7.575,0.91847,74.342
[SHELL] ccB:438,18925,1,-17.996,4.467,13.528,28.303,76.008,23.992,21.578,78.422,41.246
[SHELL] ccA:439,4219929619,193263,4.684,-13.148,0.000,-35.000,3.58183,3.23785,15.81,-2.112,-26.827,-1.945,-24.704,-2.017,-7.576,0.92085,74.342
[SHELL] ccB:439,18909,1,-9.841,13.492,-3.651,49.116,78.863,21.137,28.303,76.008,23.992
[SHELL] ccA:440,4220149635,193264,-6.794,-13.209,0.000,-35.000,3.16605,2.82210,15.81,-1.874,-26.827,-1.737,-24.867,-2.009,-7.578,0.92693,74.782
[SHELL] ccB:440,18917,1,6.469,8.346,-14.815,68.974,76.708,23.292,49.116,78.863,21.137
[SHELL] ccA:441,4220369715,193265,-4.824,-17.072,0.000,-35.000,2.74038,2.39672,15.81,-1.907,-26.748,-1.773,-24.864,-2.003,-7.577,0.92957,74.782
[SHELL] ccB:441,18957,1,11.108,6.425,-17.533,78.100,61.454,21.900,68.974,76.708,23.292
[SHELL] ccA:442,4220589863,193266,13.764,-19.581,0.000,-35.000,2.31610,1.97236,16.24,-2.292,-26.694,-2.132,-24.836,-2.015,-7.574,0.93038,74.782
[SHELL] ccB:442,19031,1,5.056,17.733,-22.788,78.247,39.691,21.753,78.100,61.454,21.900
[SHELL] ccA:443,4220809875,193267,13.912,-10.480,0.000,-35.000,1.88470,1.54122,15.97,-2.307,-26.882,-2.119,-24.690,-2.027,-7.576,0.91845,74.342
[SHELL] ccB:443,19037,1,5.672,11.426,-17.098,76.493,23.507,30.142,78.247,39.691,21.753
[SHELL] ccA:444,4221029879,193268,-2.308,-12.871,0.000,-35.000,1.45606,1.11260,15.97,-1.978,-26.835,-1.833,-24.860,-2.023,-7.579,0.92641,74.782
[SHELL] ccB:444,19039,1,12.522,-9.523,-2.999,78.867,21.133,50.409,76.493,23.507,30.142
[SHELL] ccA:445,4221249575,193269,-11.947,-15.100,0.000,-35.000,1.03608,0.69226,15.97,-1.772,-26.790,-1.636,-24.727,-2.010,-7.578,0.92297,74.342
[SHELL] ccB:445,18887,1,6.904,-19.019,12.115,76.347,23.653,70.433,78.867,21.133,50.409
[SHELL] ccA:446,4221469395,193270,-5.780,-17.321,0.000,-35.000,0.60883,0.26466,15.60,-1.888,-26.743,-1.745,-24.719,-2.003,-7.576,0.92433,74.342
[SHELL] ccB:446,18797,1,5.164,-17.750,12.586,59.648,21.675,78.325,76.347,23.653,70.433
[SHELL] ccA:447,4221689567,193271,10.997,-18.898,0.000,-35.000,0.19232,6.13144,15.71,-2.233,-26.707,-2.077,-24.841,-2.012,-7.573,0.93011,74.782
[SHELL] ccB:447,18883,1,14.406,-21.447,7.041,38.349,21.927,78.073,59.648,21.675,78.325
[SHELL] ctrlcap v1 armed=0 count=512 clock_hz=550000000 decimation=1
[SHELL] ccA:index,cycles,seq,id,iq,idref,iqref,theta,actangle,age_us,vdreq,vqreq,vd,vq,intd,intq,scale,bus
[SHELL] ccB:index,timer,valid,ia,ib,ic,du,dv,dw,active_u,active_v,active_w
[SHELL] ccA:448,4221909719,193272,6.150,-14.144,0.000,-35.000,6.04660,5.70268,16.10,-2.141,-26.804,-1.973,-24.702,-2.016,-7.573,0.92156,74.342
[SHELL] ccB:448,18959,1,2.663,-14.488,11.825,23.267,31.130,76.733,38.349,21.927,78.073
[SHELL] ccA:449,4222129663,193273,-1.938,-21.917,0.000,-35.000,5.62649,5.28184,15.79,-1.976,-26.690,-1.829,-24.713,-2.013,-7.566,0.92594,74.342
[SHELL] ccB:449,18931,1,-14.915,-6.551,21.466,21.144,51.402,78.856,23.267,31.130,76.733
[SHELL] ccA:450,4222349711,193274,-6.258,-18.649,0.000,-35.000,5.19961,4.85504,15.84,-1.882,-26.751,-1.739,-24.720,-2.005,-7.562,0.92404,74.342
[SHELL] ccB:450,18955,1,-19.409,6.932,12.477,24.021,71.801,75.979,21.144,51.402,78.856
[SHELL] ccA:451,4222569711,193275,-1.313,-16.168,0.000,-35.000,4.77920,4.43460,15.84,-1.978,-26.800,-1.824,-24.713,-2.002,-7.560,0.92215,74.342
[SHELL] ccB:451,18955,1,-16.220,8.309,7.910,21.559,78.441,58.565,24.021,71.801,75.979
[SHELL] ccA:452,4222789647,193276,11.304,-16.661,0.000,-35.000,4.34908,4.00427,15.84,-2.240,-26.787,-2.065,-24.694,-2.012,-7.558,0.92187,74.342
[SHELL] ccB:452,18923,1,-19.590,5.772,13.818,22.163,77.837,36.763,21.559,78.441,58.565
[SHELL] ccA:453,4223009695,193277,6.219,-11.483,0.000,-35.000,3.92848,3.58371,15.90,-2.143,-26.893,-1.968,-24.702,-2.017,-7.559,0.91853,74.342
[SHELL] ccB:453,18947,1,-12.523,9.469,3.054,32.264,76.990,23.010,22.163,77.837,36.763
[SHELL] ccA:454,4223229627,193278,-4.119,-16.389,0.000,-35.000,3.50500,3.16014,15.82,-1.930,-26.792,-1.781,-24.717,-2.011,-7.557,0.92254,74.342
[SHELL] ccB:454,18913,1,-1.976,15.522,-13.546,52.667,78.826,21.174,32.264,76.990,23.010
[SHELL] ccA:455,4223449631,193279,-9.982,-16.963,0.000,-35.000,3.08046,2.73561,15.82,-1.801,-26.778,-1.663,-24.725,-2.000,-7.555,0.92333,74.342
[SHELL] ccB:455,18915,1,10.999,8.635,-19.635,72.785,75.696,24.304,52.667,78.826,21.174
[SHELL] ccA:456,4223669663,193280,-3.388,-17.334,0.000,-35.000,2.65972,2.31486,15.82,-1.928,-26.767,-1.781,-24.717,-1.995,-7.552,0.92338,74.342
[SHELL] ccB:456,18931,1,11.036,6.425,-17.460,78.550,57.400,21.450,72.785,75.696,24.304
[SHELL] ccA:457,4223889787,193281,13.835,-16.628,0.000,-35.000,2.23750,1.89285,15.93,-2.285,-26.779,-2.107,-24.691,-2.007,-7.549,0.92201,74.342
[SHELL] ccB:457,18993,1,4.512,16.065,-20.577,77.689,35.862,22.311,78.550,57.400,21.450
[SHELL] ccA:458,4224109803,193282,11.561,-10.291,0.000,-35.000,1.81212,1.46744,15.99,-2.249,-26.910,-2.064,-24.694,-2.016,-7.552,0.91767,74.342
[SHELL] ccB:458,19001,1,7.230,8.237,-15.467,77.245,22.755,33.475,77.689,35.862,22.311
[SHELL] ccA:459,4224329911,193283,-3.248,-12.800,0.000,-35.000,1.39120,1.04681,15.99,-1.948,-26.860,-1.793,-24.716,-2.012,-7.552,0.92017,74.342
[SHELL] ccB:459,19055,1,12.014,-10.755,-1.259,78.791,21.209,53.637,77.245,22.755,33.475
[SHELL] ccA:460,4224549679,193284,-8.763,-14.373,0.000,-35.000,0.96306,0.61865,16.04,-1.828,-26.828,-1.684,-24.723,-2.001,-7.552,0.92156,74.342
[SHELL] ccB:460,18939,1,6.795,-16.735,9.940,75.381,24.619,73.821,78.791,21.209,53.637
[SHELL] ccA:461,4224769519,193285,0.799,-15.702,0.000,-35.000,0.54234,0.19752,15.61,-2.018,-26.799,-1.861,-24.711,-2.001,-7.550,0.92206,74.342
[SHELL] ccB:461,18859,1,8.789,-15.684,6.896,56.102,21.348,78.652,75.381,24.619,73.821
[SHELL] ccA:462,4224989599,193286,13.717,-15.522,0.000,-35.000,0.11864,6.05693,15.77,-2.289,-26.801,-2.108,-24.691,-2.013,-7.549,0.92125,74.342
[SHELL] ccB:462,18899,1,15.457,-19.671,4.213,34.678,22.521,77.479,56.102,21.348,78.652
[SHELL] ccA:463,4225209611,193287,6.454,-10.033,0.000,-35.000,5.97114,5.62626,15.79,-2.148,-26.915,-1.971,-24.702,-2.017,-7.552,0.91778,74.342
[SHELL] ccB:463,18905,1,3.062,-11.516,8.454,22.514,34.717,77.486,34.678,22.521,77.479
[SHELL] ctrlcap v1 armed=0 count=512 clock_hz=550000000 decimation=1
[SHELL] ccA:index,cycles,seq,id,iq,idref,iqref,theta,actangle,age_us,vdreq,vqreq,vd,vq,intd,intq,scale,bus
[SHELL] ccB:index,timer,valid,ia,ib,ic,du,dv,dw,active_u,active_v,active_w
[SHELL] ccA:464,4225429615,193288,-2.802,-16.702,0.000,-35.000,5.54771,5.20287,15.79,-1.958,-26.778,-1.807,-24.715,-2.013,-7.549,0.92295,74.342
[SHELL] ccB:464,18907,1,-13.284,-2.455,15.739,21.295,55.296,78.705,22.514,34.717,77.486
[SHELL] ccA:465,4225649651,193289,-5.577,-16.298,0.000,-35.000,5.12841,4.78359,15.84,-1.896,-26.784,-1.750,-24.719,-2.006,-7.547,0.92289,74.342
[SHELL] ccB:465,18925,1,-17.162,7.294,9.868,24.992,74.977,75.008,21.295,55.296,78.705
[SHELL] ccA:466,4225869643,193290,1.399,-15.219,0.000,-35.000,4.69472,4.34990,15.84,-2.035,-26.805,-1.876,-24.709,-2.006,-7.546,0.92183,74.342
[SHELL] ccB:466,18921,1,-15.241,6.642,8.599,21.238,78.762,54.261,24.992,74.977,75.008
[SHELL] ccA:467,4226089683,193291,11.542,-13.560,0.000,-35.000,4.27722,3.93241,15.84,-2.248,-26.838,-2.068,-24.694,-2.015,-7.546,0.92010,74.342
[SHELL] ccB:467,18941,1,-17.162,4.467,12.695,22.784,77.216,33.328,21.238,78.762,54.261
[SHELL] ccA:468,4226309751,193292,2.201,-11.239,0.000,-35.000,3.85331,3.50858,16.13,-2.062,-26.887,-1.895,-24.708,-2.016,-7.548,0.91895,74.342
[SHELL] ccB:468,18975,1,-9.007,10.629,-1.622,35.680,77.658,22.342,22.784,77.216,33.328
[SHELL] ccA:469,4226529623,193293,-4.261,-16.259,0.000,-35.000,3.42275,3.07800,15.80,-1.926,-26.784,-1.778,-24.717,-2.010,-7.546,0.92283,74.342
[SHELL] ccB:469,18911,1,-0.417,14.761,-14.343,56.749,78.603,21.397,35.680,77.658,22.342
[SHELL] ccA:470,4226749683,193294,-7.729,-15.838,0.000,-35.000,2.99327,2.64869,15.80,-1.848,-26.791,-1.705,-24.722,-2.001,-7.545,0.92278,74.342
[SHELL] ccB:470,18941,1,9.985,7.584,-17.569,75.533,73.329,24.467,56.749,78.603,21.397
[SHELL] ccA:471,4226969703,193295,-1.432,-17.540,0.000,-35.000,2.57402,2.22948,15.80,-1.971,-26.753,-1.821,-24.714,-1.998,-7.542,0.92376,74.342
[SHELL] ccB:471,18951,1,10.637,6.823,-17.460,78.813,53.075,21.187,75.533,73.329,24.467
[SHELL] ccA:472,4227189667,193296,13.634,-14.919,0.000,-35.000,2.15204,1.80721,15.85,-2.284,-26.805,-2.104,-24.691,-2.010,-7.541,0.92112,74.342
[SHELL] ccB:472,18933,1,4.983,14.471,-19.454,76.891,31.817,23.109,78.813,53.075,21.187
[SHELL] ccA:473,4227409691,193297,0.688,-9.659,0.000,-35.000,1.72420,1.37942,15.91,-2.024,-26.915,-1.859,-24.711,-2.009,-7.544,0.91811,74.342
[SHELL] ccB:473,18945,1,9.441,-2.854,-6.587,77.918,22.082,37.284,76.891,31.817,23.109
[SHELL] ccA:474,4227629767,193298,-8.422,-15.699,0.000,-35.000,1.30083,0.95612,15.91,-1.832,-26.791,-1.691,-24.723,-1.999,-7.543,0.92279,74.342
[SHELL] ccB:474,18983,1,12.884,-17.098,4.213,78.502,21.498,57.934,77.918,22.082,37.284
[SHELL] ccA:475,4227849519,193299,-10.707,-15.822,0.000,-35.000,0.87653,0.53181,15.96,-1.774,-26.787,-1.638,-24.726,-1.987,-7.541,0.92306,74.342
[SHELL] ccB:475,18859,1,5.309,-18.547,13.238,72.451,24.206,75.794,78.502,21.498,57.934
[SHELL] ccA:476,4228069399,193300,1.171,-18.366,0.000,-35.000,0.44997,0.10489,15.59,-2.012,-26.733,-1.860,-24.711,-1.987,-7.538,0.92437,74.342
[SHELL] ccB:476,18799,1,9.042,-18.402,9.360,51.489,21.145,78.855,72.451,24.206,75.794
[SHELL] ccA:477,4228289599,193301,13.427,-13.631,0.000,-35.000,0.01612,5.95451,15.80,-2.269,-26.828,-2.088,-24.692,-1.998,-7.538,0.92039,74.342
[SHELL] ccB:477,18899,1,13.645,-18.439,4.793,29.930,23.560,76.440,51.489,21.145,78.855
[SHELL] ccA:478,4228509611,193302,-5.226,-13.017,0.000,-35.000,5.88378,5.53907,15.72,-1.889,-26.841,-1.739,-24.719,-1.992,-7.538,0.92095,74.342
[SHELL] ccB:478,18905,1,-9.877,-3.687,13.564,21.911,38.463,78.089,29.930,23.560,76.440
[SHELL] ccA:479,4228729599,193303,-11.626,-20.793,0.000,-35.000,5.45531,5.11054,15.78,-1.748,-26.679,-1.620,-24.728,-1.979,-7.533,0.92687,74.342
[SHELL] ccB:479,18899,1,-23.178,6.823,16.355,21.657,59.485,78.343,21.911,38.463,78.089
[SHELL] ctrlcap v1 armed=0 count=512 clock_hz=550000000 decimation=1
[SHELL] ccA:index,cycles,seq,id,iq,idref,iqref,theta,actangle,age_us,vdreq,vqreq,vd,vq,intd,intq,scale,bus
[SHELL] ccB:index,timer,valid,ia,ib,ic,du,dv,dw,active_u,active_v,active_w
[SHELL] ccA:480,4228949675,193304,-7.967,-19.762,0.000,-35.000,5.02680,4.68225,15.78,-1.811,-26.695,-1.678,-24.724,-1.969,-7.529,0.92615,74.342
[SHELL] ccB:480,18937,1,-21.258,11.897,9.360,23.709,76.291,70.648,21.657,59.485,78.343
[SHELL] ccA:481,4229169571,193305,2.079,-18.641,0.000,-35.000,4.60687,4.26201,15.78,-2.013,-26.714,-1.862,-24.711,-1.970,-7.525,0.92500,74.342
[SHELL] ccB:481,18885,1,-18.757,9.288,9.469,21.133,78.867,49.900,23.709,76.291,70.648
[SHELL] ccA:482,4229389583,193306,9.957,-14.582,0.000,-35.000,4.16541,3.82053,15.78,-2.179,-26.796,-2.009,-24.699,-1.978,-7.524,0.92175,74.342
[SHELL] ccB:482,18891,1,-17.633,8.019,9.614,23.999,76.001,28.278,21.133,78.867,49.900
[SHELL] ccA:483,4229609575,193307,-7.157,-13.650,0.000,-35.000,3.75779,3.41290,15.76,-1.828,-26.815,-1.685,-24.723,-1.970,-7.525,0.92200,74.342
[SHELL] ccB:483,18887,1,-2.048,14.253,-12.205,39.908,78.273,21.727,23.999,76.001,28.278
[SHELL] ccA:484,4229829571,193308,-14.864,-18.472,0.000,-35.000,3.33157,2.98667,15.76,-1.658,-26.714,-1.535,-24.733,-1.954,-7.522,0.92585,74.342
[SHELL] ccB:484,18885,1,11.108,12.586,-23.694,60.760,78.191,21.809,39.908,78.273,21.727
[SHELL] ccA:485,4230049587,193309,-12.217,-20.173,0.000,-35.000,2.90207,2.55724,15.76,-1.697,-26.675,-1.573,-24.731,-1.940,-7.517,0.92711,74.342
[SHELL] ccB:485,18893,1,16.654,6.135,-22.788,76.596,69.439,23.404,60.760,78.191,21.809
[SHELL] ccA:486,4230269607,193310,1.034,-20.457,0.000,-35.000,2.47518,2.13031,15.76,-1.962,-26.664,-1.818,-24.714,-1.940,-7.512,0.92685,74.342
[SHELL] ccB:486,18903,1,11.833,8.563,-20.396,78.847,48.124,21.153,76.596,69.439,23.404
[SHELL] ccA:487,4230489751,193311,9.749,-13.986,0.000,-35.000,2.06176,1.71716,15.87,-2.144,-26.795,-1.977,-24.702,-1.948,-7.512,0.92187,74.342
[SHELL] ccB:487,18975,1,7.738,9.288,-17.025,75.904,27.933,24.096,78.847,48.124,21.153
[SHELL] ccA:488,4230709699,193312,-6.337,-11.531,0.000,-35.000,1.63999,1.29534,15.84,-1.815,-26.847,-1.671,-24.724,-1.940,-7.514,0.92093,74.342
[SHELL] ccB:488,18949,1,11.942,-10.755,-1.187,78.398,21.602,41.017,75.904,27.933,24.096
[SHELL] ccA:489,4230929663,193313,-13.622,-15.347,0.000,-35.000,1.21000,0.86516,15.84,-1.654,-26.769,-1.528,-24.733,-1.925,-7.514,0.92396,74.342
[SHELL] ccB:489,18931,1,9.550,-20.505,10.955,78.014,21.986,62.067,78.398,21.602,41.017
[SHELL] ccA:490,4231149491,193314,-13.148,-15.246,0.000,-35.000,0.79180,0.44706,15.89,-1.649,-26.770,-1.524,-24.734,-1.911,-7.513,0.92392,74.342
[SHELL] ccB:490,18845,1,1.612,-18.185,16.573,68.803,23.251,76.749,78.014,21.986,62.067
[SHELL] ccA:491,4231369411,193315,0.797,-20.115,0.000,-35.000,0.36858,0.02345,15.52,-1.927,-26.668,-1.786,-24.716,-1.910,-7.508,0.92682,74.342
[SHELL] ccB:491,18805,1,7.991,-19.997,12.006,47.566,21.167,78.833,68.803,23.251,76.749
[SHELL] ccA:492,4231589231,193316,11.025,-14.519,0.000,-35.000,6.22767,5.88256,15.51,-2.142,-26.780,-1.975,-24.702,-1.920,-7.508,0.92238,74.342
[SHELL] ccB:492,18715,1,10.202,-18.185,7.983,26.892,24.400,75.600,47.566,21.167,78.833
[SHELL] ccA:493,4231809215,193317,-5.178,-15.794,0.000,-35.000,5.81697,5.47182,15.51,-1.811,-26.753,-1.673,-24.724,-1.913,-7.507,0.92415,74.342
[SHELL] ccB:493,18707,1,-11.725,-4.340,16.065,21.540,41.627,78.460,26.892,24.400,75.600
[SHELL] ccA:494,4232029347,193318,-7.263,-18.779,0.000,-35.000,5.38869,5.04371,15.82,-1.760,-26.690,-1.631,-24.727,-1.904,-7.504,0.92646,74.342
[SHELL] ccB:494,18773,1,-19.192,4.322,14.869,22.089,62.764,77.911,21.540,41.627,78.460
[SHELL] ccA:495,4232249347,193319,-1.308,-16.365,0.000,-35.000,4.96122,4.61645,15.51,-1.877,-26.737,-1.735,-24.720,-1.902,-7.502,0.92456,74.342
[SHELL] ccB:495,18773,1,-16.183,5.700,10.484,22.958,77.042,67.500,22.089,62.764,77.911
[SHELL] ctrlcap v1 armed=0 count=512 clock_hz=550000000 decimation=1
[SHELL] ccA:index,cycles,seq,id,iq,idref,iqref,theta,actangle,age_us,vdreq,vqreq,vd,vq,intd,intq,scale,bus
[SHELL] ccB:index,timer,valid,ia,ib,ic,du,dv,dw,active_u,active_v,active_w
[SHELL] ccA:496,4232469339,193320,8.007,-16.706,0.000,-35.000,4.54349,4.19871,15.51,-2.070,-26.728,-1.913,-24.707,-1.908,-7.500,0.92437,74.342
[SHELL] ccB:496,18769,1,-17.814,4.504,13.311,21.198,78.802,46.634,22.958,77.042,67.500
[SHELL] ccA:497,4232689311,193321,14.881,-12.513,0.000,-35.000,4.12099,3.77619,15.51,-2.221,-26.814,-2.045,-24.696,-1.921,-7.501,0.92100,74.342
[SHELL] ccB:497,18755,1,-18.684,4.685,13.999,24.601,75.399,26.238,21.198,78.802,46.634
[SHELL] ccA:498,4232909183,193322,3.537,-11.425,0.000,-35.000,3.69416,3.34899,15.49,-1.996,-26.838,-1.837,-24.712,-1.923,-7.504,0.92078,74.342
[SHELL] ccB:498,18691,1,-9.007,11.317,-2.310,43.361,78.612,21.388,24.601,75.399,26.238
[SHELL] ccA:499,4233129203,193323,-5.301,-12.367,0.000,-35.000,3.27243,2.92641,15.49,-1.812,-26.868,-1.667,-24.724,-1.916,-7.505,0.92021,74.342
[SHELL] ccB:499,18701,1,3.642,9.397,-13.039,63.939,77.723,22.277,43.361,78.612,21.388
[SHELL] ccA:500,4233349503,193324,-4.515,-12.067,0.000,-35.000,2.85194,2.50591,15.49,-1.822,-26.876,-1.676,-24.724,-1.910,-7.506,0.91993,74.342
[SHELL] ccB:500,18851,1,7.774,5.011,-12.785,77.178,66.855,22.822,63.939,77.723,22.277
[SHELL] ccA:501,4233569775,193325,12.030,-15.387,0.000,-35.000,2.42330,2.07770,15.89,-2.163,-26.807,-1.993,-24.700,-1.921,-7.505,0.92140,74.342
[SHELL] ccB:501,18987,1,1.069,16.355,-17.424,78.731,45.147,21.269,77.178,66.855,22.822
[SHELL] ccA:502,4233789871,193326,18.665,-7.428,0.000,-35.000,1.99557,1.65009,16.05,-2.313,-26.973,-2.117,-24.690,-1.938,-7.510,0.91536,74.342
[SHELL] ccB:502,19035,1,-0.925,17.841,-16.917,75.090,24.910,25.271,78.731,45.147,21.269
[SHELL] ccA:503,4234009883,193327,-1.095,-8.417,0.000,-35.000,1.57904,1.23363,16.05,-1.915,-26.957,-1.756,-24.718,-1.935,-7.514,0.91695,74.342
[SHELL] ccB:503,19041,1,8.426,-5.101,-3.325,78.675,21.325,44.236,75.090,24.910,25.271
[SHELL] ccA:504,4234230027,193328,-9.976,-12.543,0.000,-35.000,1.15008,0.80460,16.40,-1.725,-26.875,-1.588,-24.730,-1.923,-7.515,0.92019,74.342
[SHELL] ccB:504,19113,1,7.375,-16.010,8.635,77.520,22.480,65.096,78.675,21.325,44.236
[SHELL] ccA:505,4234449507,193329,-6.427,-14.760,0.000,-35.000,0.72771,0.38209,15.68,-1.789,-26.829,-1.648,-24.726,-1.916,-7.514,0.92160,74.342
[SHELL] ccB:505,18853,1,5.019,-15.757,10.737,65.516,22.558,77.442,77.520,22.480,65.096
[SHELL] ccA:506,4234669515,193330,9.884,-18.102,0.000,-35.000,0.31106,6.24837,15.65,-2.123,-26.758,-1.960,-24.703,-1.924,-7.510,0.92320,74.342
[SHELL] ccB:506,18857,1,14.950,-19.780,4.830,44.313,21.320,78.680,65.516,22.558,77.442
[SHELL] ccA:507,4234889683,193331,16.814,-12.182,0.000,-35.000,6.16617,5.82074,15.78,-2.277,-26.879,-2.092,-24.692,-1.939,-7.511,0.91865,74.342
[SHELL] ccB:507,18941,1,15.276,-19.816,4.540,24.670,26.018,75.330,44.313,21.320,78.680
[SHELL] ccA:508,4235109683,193332,3.012,-15.367,0.000,-35.000,5.74367,5.39825,15.78,-2.002,-26.813,-1.856,-24.858,-1.940,-7.511,0.92710,74.782
[SHELL] ccB:508,18941,1,-5.310,-10.103,15.413,21.244,45.619,78.756,24.670,26.018,75.330
[SHELL] ccA:509,4235329655,193333,-1.024,-17.862,0.000,-35.000,5.31702,4.97144,15.83,-1.919,-26.761,-1.772,-24.717,-1.938,-7.508,0.92364,74.342
[SHELL] ccB:509,18927,1,-15.277,-0.426,15.703,22.748,66.492,77.252,21.244,45.619,78.756
[SHELL] ccA:510,4235549623,193334,2.891,-16.010,0.000,-35.000,4.89112,4.54542,15.83,-1.999,-26.796,-1.843,-24.712,-1.939,-7.506,0.92222,74.342
[SHELL] ccB:510,18911,1,-15.241,2.691,12.550,22.274,77.726,63.923,22.748,66.492,77.252
[SHELL] ccA:511,4235769651,193335,14.445,-17.210,0.000,-35.000,4.46302,4.11734,15.83,-2.243,-26.769,-2.069,-24.694,-1.952,-7.503,0.92249,74.342
[SHELL] ccB:511,18925,1,-20.243,1.677,18.566,21.479,78.521,42.280,22.274,77.726,63.923
