[SHELL] ctrlcap v1 armed=0 count=512 clock_hz=550000000 decimation=1
[SHELL] ccA:index,cycles,seq,id,iq,idref,iqref,theta,actangle,age_us,vdreq,vqreq,vd,vq,intd,intq,scale,bus,raw_id,raw_iq
[SHELL] ccB:index,timer,valid,ia,ib,ic,du,dv,dw,active_u,active_v,active_w
[SHELL] ccA:0,333643571,618611,-8.612,-38.870,0.000,-35.000,5.84648,5.66924,21.89,-7.649,-25.741,-7.649,-25.741,-7.821,-7.015,1.00000,74.342,-0.870,-39.240
[SHELL] ccB:0,20667,1,-17.385,-21.782,39.167,19.043,42.203,80.957,20.833,29.901,79.167
[SHELL] ccA:1,333753675,618612,2.190,-40.731,0.000,-35.000,5.61440,5.43710,22.01,-7.866,-25.701,-7.866,-25.701,-7.822,-7.012,1.00000,74.342,5.250,-42.223
[SHELL] ccB:1,2147517929,1,-22.061,-20.477,42.538,18.833,55.192,81.167,19.043,42.203,80.957
[SHELL] ccA:2,333863607,618613,-1.391,-40.127,0.000,-35.000,5.39559,5.21836,21.91,-7.794,-25.711,-7.794,-25.711,-7.822,-7.010,1.00000,74.342,-8.032,-38.031
[SHELL] ccB:2,20685,1,-34.565,1.885,32.680,20.214,66.637,79.786,18.833,55.192,81.167
[SHELL] ccA:3,333973631,618614,1.803,-36.596,0.000,-35.000,5.16550,4.98821,21.94,-7.859,-25.781,-7.859,-25.781,-7.823,-7.009,1.00000,73.902,11.638,-35.162
[SHELL] ccB:3,2147517951,1,-26.519,-9.133,35.652,22.337,77.663,76.396,20.214,66.637,79.786
[SHELL] ccA:4,334083619,618615,-0.563,-34.051,0.000,-35.000,4.93859,4.76135,21.94,-7.811,-25.832,-7.811,-25.832,-7.822,-7.010,1.00000,73.902,-12.763,-32.940
[SHELL] ccB:4,20691,1,-34.964,21.856,13.108,19.597,80.403,65.081,22.337,77.663,76.396
[SHELL] ccA:5,334193607,618616,-8.695,-33.350,0.000,-35.000,4.71406,4.53675,21.95,-7.644,-25.847,-7.644,-25.847,-7.818,-7.010,1.00000,73.902,-4.626,-33.760
[SHELL] ccB:5,2147517963,1,-33.768,20.841,12.927,18.472,81.528,53.303,19.597,80.403,65.081
[SHELL] ccA:6,334303607,618617,0.181,-34.676,0.000,-35.000,4.48431,4.30706,21.94,-7.822,-25.820,-7.822,-25.820,-7.818,-7.011,1.00000,74.342,4.988,-35.591
[SHELL] ccB:6,20685,1,-35.797,20.660,15.138,19.056,80.944,40.476,18.472,81.528,53.303
[SHELL] ccA:7,334413619,618618,-4.869,-35.800,0.000,-35.000,4.25337,4.07608,21.95,-7.718,-25.797,-7.718,-25.797,-7.816,-7.010,1.00000,74.342,-14.726,-36.010
[SHELL] ccB:7,2147517957,1,-25.758,38.129,-12.371,21.150,78.850,28.672,19.056,80.944,40.476
[SHELL] ccA:8,334523631,618619,-3.353,-34.512,0.000,-35.000,4.02808,3.85079,21.95,-7.747,-25.824,-7.747,-25.824,-7.814,-7.010,1.00000,74.342,8.020,-33.014
[SHELL] ccB:8,20697,1,-30.651,28.017,2.634,27.930,78.706,21.294,21.150,78.850,28.672
[SHELL] ccA:9,334633639,618620,-0.862,-34.911,0.000,-35.000,3.80405,3.62680,21.96,-7.796,-25.816,-7.796,-25.816,-7.813,-7.010,1.00000,74.342,-9.743,-36.809
[SHELL] ccB:9,2147517947,1,-14.957,37.803,-22.846,39.621,80.838,19.162,27.930,78.706,21.294
[SHELL] ccA:10,334743635,618621,-6.948,-37.056,0.000,-35.000,3.57644,3.39918,21.94,-7.671,-25.772,-7.671,-25.772,-7.810,-7.009,1.00000,74.342,-4.152,-37.303
[SHELL] ccB:10,20699,1,-11.949,36.788,-24.839,51.720,81.308,18.692,39.621,80.838,19.162
[SHELL] ccA:11,334853659,618622,2.840,-39.492,0.000,-35.000,3.34563,3.16841,21.96,-7.868,-25.721,-7.868,-25.721,-7.811,-7.007,1.00000,73.902,9.832,-41.681
[SHELL] ccB:11,2147517937,1,-18.074,42.660,-24.586,64.565,80.377,19.623,51.720,81.308,18.692
[SHELL] ccA:12,334963623,618623,-1.839,-38.006,0.000,-35.000,3.12301,2.94575,21.94,-7.774,-25.749,-7.774,-25.749,-7.811,-7.006,1.00000,73.902,-13.511,-34.331
[SHELL] ccB:12,20693,1,14.147,22.436,-36.582,75.647,77.825,22.175,64.565,80.377,19.623
[SHELL] ccA:13,335073631,618624,-5.768,-33.051,0.000,-35.000,2.89132,2.71403,21.96,-7.692,-25.849,-7.692,-25.849,-7.808,-7.007,1.00000,73.902,1.975,-31.771
[SHELL] ccB:13,2147517951,1,5.956,24.103,-30.058,79.895,67.759,20.105,75.647,77.825,22.175
[SHELL] ccA:14,335183639,618625,-3.270,-35.332,0.000,-35.000,2.66702,2.48977,21.97,-7.741,-25.803,-7.741,-25.803,-7.806,-7.006,1.00000,73.902,-8.514,-38.894
[SHELL] ccB:14,20701,1,25.346,13.918,-39.264,81.399,55.673,18.601,79.895,67.759,20.105
[SHELL] ccA:15,335293635,618626,-8.356,-38.751,0.000,-35.000,2.43995,2.26269,21.94,-7.635,-25.733,-7.635,-25.733,-7.802,-7.005,1.00000,73.902,-8.197,-38.608
[SHELL] ccB:15,2147517949,1,31.181,5.365,-36.546,81.228,43.471,18.772,81.399,55.673,18.601
[SHELL] ctrlcap v1 armed=0 count=512 clock_hz=550000000 decimation=1
[SHELL] ccA:index,cycles,seq,id,iq,idref,iqref,theta,actangle,age_us,vdreq,vqreq,vd,vq,intd,intq,scale,bus,raw_id,raw_iq
[SHELL] ccB:index,timer,valid,ia,ib,ic,du,dv,dw,active_u,active_v,active_w
[SHELL] ccA:16,335403631,618627,2.992,-38.453,0.000,-35.000,2.21246,2.03520,21.94,-7.863,-25.737,-7.863,-25.737,-7.803,-7.003,1.00000,73.902,14.181,-38.298
[SHELL] ccB:16,20697,1,22.193,18.594,-40.787,79.562,30.977,20.438,81.228,43.471,18.772
[SHELL] ccA:17,335513707,618628,1.416,-39.993,0.000,-35.000,1.98306,1.80583,21.98,-7.832,-25.704,-7.832,-25.704,-7.804,-7.000,1.00000,73.902,-11.349,-41.689
[SHELL] ccB:17,2147517913,1,42.743,-15.910,-26.833,78.175,21.825,25.648,79.562,30.977,20.438
[SHELL] ccA:18,335623659,618629,-4.508,-37.328,0.000,-35.000,1.75969,1.58238,22.01,-7.712,-25.756,-7.712,-25.756,-7.802,-6.999,1.00000,73.902,2.333,-32.967
[SHELL] ccB:18,20711,1,31.942,-8.625,-23.317,80.571,19.429,36.803,78.175,21.825,25.648
[SHELL] ccA:19,335733607,618630,0.731,-37.304,0.000,-35.000,1.53508,1.35783,21.93,-7.817,-25.755,-7.817,-25.755,-7.802,-6.998,1.00000,74.342,-0.871,-41.641
[SHELL] ccB:19,2147517963,1,41.583,-22.833,-18.750,81.350,18.650,49.133,80.571,19.429,36.803
[SHELL] ccA:20,335843595,618631,-5.191,-37.845,0.000,-35.000,1.30660,1.12934,21.93,-7.696,-25.743,-7.696,-25.743,-7.800,-6.997,1.00000,73.902,-9.511,-34.049
[SHELL] ccB:20,20679,1,30.384,-30.843,0.459,80.805,19.195,61.280,81.350,18.650,49.133
[SHELL] ccA:21,335953639,618632,1.526,-35.050,0.000,-35.000,1.08439,0.90713,21.92,-7.831,-25.799,-7.831,-25.799,-7.800,-6.997,1.00000,73.902,12.562,-36.051
[SHELL] ccB:21,2147517947,1,37.741,-23.848,-13.894,78.655,21.345,73.049,80.805,19.195,61.280
[SHELL] ccA:22,336063443,618633,1.417,-34.686,0.000,-35.000,0.84723,0.66997,21.99,-7.829,-25.806,-7.829,-25.806,-7.801,-6.997,1.00000,73.902,-9.728,-33.321
[SHELL] ccB:22,20603,1,18.532,-34.685,16.153,70.070,20.598,79.402,78.655,21.345,73.049
[SHELL] ccA:23,336173259,618634,-4.091,-33.391,0.000,-35.000,0.61889,0.44163,21.60,-7.717,-25.833,-7.717,-25.833,-7.799,-6.998,1.00000,73.902,1.545,-33.461
[SHELL] ccB:23,2147518137,1,20.671,-33.162,12.492,58.250,18.767,81.233,70.070,20.598,79.402
[SHELL] ccA:24,336283287,618635,2.539,-34.994,0.000,-35.000,0.39562,0.21837,21.62,-7.851,-25.801,-7.851,-25.801,-7.800,-6.998,1.00000,73.902,3.532,-36.526
[SHELL] ccB:24,20525,1,17.336,-36.678,19.342,45.788,18.490,81.510,58.250,18.767,81.233
[SHELL] ccA:25,336393307,618636,-5.096,-36.423,0.000,-35.000,0.17001,6.27592,21.77,-7.696,-25.772,-7.696,-25.772,-7.798,-6.997,1.00000,74.342,-13.725,-36.320
[SHELL] ccB:25,2147518113,1,-7.382,-29.321,36.703,34.095,20.044,79.956,45.788,18.490,81.510
[SHELL] ccA:26,336503155,618637,-3.016,-35.235,0.000,-35.000,6.22838,6.05113,21.51,-7.736,-25.795,-7.736,-25.795,-7.796,-6.997,1.00000,73.902,7.693,-34.149
[SHELL] ccB:26,20459,1,5.811,-32.800,26.989,22.678,22.667,77.333,34.095,20.044,79.956
[SHELL] ccA:27,336613147,618638,-3.422,-37.272,0.000,-35.000,5.99773,5.82047,21.50,-7.726,-25.754,-7.726,-25.754,-7.794,-6.996,1.00000,73.902,-14.536,-40.394
[SHELL] ccB:27,2147518193,1,-25.323,-17.360,42.683,19.835,34.236,80.165,22.678,22.667,77.333
[SHELL] ccA:28,336723227,618639,-7.696,-40.519,0.000,-35.000,5.77566,5.59837,21.62,-7.637,-25.686,-7.637,-25.686,-7.791,-6.993,1.00000,73.902,-0.856,-40.645
[SHELL] ccB:28,20495,1,-20.502,-20.151,40.653,18.682,46.012,81.318,19.835,34.236,80.165
[SHELL] ccA:29,336833191,618640,4.615,-41.977,0.000,-35.000,5.55116,5.37387,21.52,-7.885,-25.653,-7.885,-25.653,-7.793,-6.989,1.00000,73.902,10.086,-43.309
[SHELL] ccB:29,2147518171,1,-21.445,-23.014,44.459,18.953,58.696,81.047,18.682,46.012,81.318
[SHELL] ccA:30,336943263,618641,1.426,-39.804,0.000,-35.000,5.32379,5.14648,21.64,-7.822,-25.694,-7.822,-25.694,-7.794,-6.987,1.00000,73.902,-7.235,-36.299
[SHELL] ccB:30,20513,1,-33.876,4.024,29.853,20.830,70.475,79.170,18.953,58.696,81.047
[SHELL] ccA:31,337053227,618642,3.626,-34.465,0.000,-35.000,5.09689,4.91965,21.58,-7.868,-25.801,-7.868,-25.801,-7.795,-6.987,1.00000,73.902,14.486,-32.631
[SHELL] ccB:31,2147518153,1,-24.815,-9.821,34.637,21.332,78.668,73.066,20.830,70.475,79.170
[SHELL] ctrlcap v1 armed=0 count=512 clock_hz=550000000 decimation=1
[SHELL] ccA:index,cycles,seq,id,iq,idref,iqref,theta,actangle,age_us,vdreq,vqreq,vd,vq,intd,intq,scale,bus,raw_id,raw_iq
[SHELL] ccB:index,timer,valid,ia,ib,ic,du,dv,dw,active_u,active_v,active_w
[SHELL] ccA:32,337163227,618643,5.292,-33.869,0.000,-35.000,4.86670,4.68941,21.59,-7.904,-25.814,-7.904,-25.814,-7.798,-6.988,1.00000,73.902,-3.901,-35.107
[SHELL] ccB:32,20495,1,-35.290,16.310,18.980,19.016,80.984,61.074,21.332,78.668,73.066
[SHELL] ccA:33,337273267,618644,-1.713,-35.626,0.000,-35.000,4.64114,4.46393,21.59,-7.763,-25.778,-7.763,-25.778,-7.797,-6.987,1.00000,73.902,0.474,-36.145
[SHELL] ccB:33,2147518133,1,-36.087,19.862,16.225,18.456,81.544,49.051,19.016,80.984,61.074
[SHELL] ccA:34,337383223,618645,7.102,-35.406,0.000,-35.000,4.41264,4.23541,21.55,-7.943,-25.783,-7.943,-25.783,-7.801,-6.987,1.00000,73.902,13.729,-34.666
[SHELL] ccB:34,20493,1,-37.175,16.093,21.082,19.386,80.614,36.335,18.456,81.544,49.051
[SHELL] ccA:35,337493223,618646,2.972,-34.213,0.000,-35.000,4.18178,4.00452,21.57,-7.862,-25.807,-7.862,-25.807,-7.802,-6.988,1.00000,73.902,-7.786,-33.760
[SHELL] ccB:35,2147518155,1,-25.178,33.200,-8.022,21.958,78.042,24.716,19.386,80.614,36.335
[SHELL] ccA:36,337603227,618647,2.252,-32.922,0.000,-35.000,3.95916,3.78190,21.59,-7.848,-25.834,-7.848,-25.834,-7.803,-6.989,1.00000,73.902,12.289,-32.084
[SHELL] ccB:36,20495,1,-31.810,27.147,4.663,31.447,79.771,20.229,21.958,78.042,24.716
[SHELL] ccA:37,337713175,618648,4.920,-34.310,0.000,-35.000,3.75572,3.57850,21.51,-7.904,-25.806,-7.904,-25.806,-7.806,-6.989,1.00000,73.902,-2.448,-36.535
[SHELL] ccB:37,2147518179,1,-19.053,36.607,-17.554,42.373,81.320,18.680,31.447,79.771,20.229
[SHELL] ccA:38,337823167,618649,-1.810,-36.126,0.000,-35.000,3.50672,3.32945,21.52,-7.769,-25.769,-7.769,-25.769,-7.805,-6.988,1.00000,73.902,-1.172,-35.717
[SHELL] ccB:38,20465,1,-11.659,35.085,-23.426,55.723,81.367,18.633,42.373,81.320,18.680
[SHELL] ccA:39,337933195,618650,11.183,-38.290,0.000,-35.000,3.27893,3.10169,21.55,-8.034,-25.724,-8.034,-25.724,-7.811,-6.987,1.00000,73.902,23.538,-40.862
[SHELL] ccB:39,2147518169,1,-28.911,46.719,-17.808,68.377,79.746,20.254,55.723,81.367,18.633
[SHELL] ccA:40,338043179,618651,10.266,-36.868,0.000,-35.000,3.05364,2.87641,21.52,-8.021,-25.752,-8.021,-25.752,-7.816,-6.986,1.00000,73.902,-3.007,-32.875
[SHELL] ccB:40,20471,1,5.883,25.190,-31.073,78.035,75.284,21.965,68.377,79.746,20.254
[SHELL] ccA:41,338153179,618652,4.547,-31.469,0.000,-35.000,2.82458,2.64731,21.55,-7.909,-25.862,-7.909,-25.862,-7.818,-6.988,1.00000,73.902,12.101,-30.063
[SHELL] ccB:41,2147518177,1,-2.127,29.068,-26.941,80.658,63.906,19.342,78.035,75.284,21.965
[SHELL] ccA:42,338264015,618653,8.976,-32.974,0.000,-35.000,2.59650,2.41945,22.47,-8.002,-25.833,-8.002,-25.833,-7.822,-6.989,1.00000,73.902,5.851,-35.885
[SHELL] ccB:42,20889,1,13.603,22.399,-36.002,81.682,51.354,18.318,80.658,63.906,19.342
[SHELL] ccA:43,338373775,618654,2.333,-34.683,0.000,-35.000,2.36565,2.18839,22.08,-7.870,-25.799,-7.870,-25.799,-7.824,-6.989,1.00000,73.902,-1.185,-33.480
[SHELL] ccB:43,2147517879,1,24.295,7.829,-32.124,80.964,39.011,19.036,81.682,51.354,18.318
[SHELL] ccA:44,338483799,618655,10.673,-33.747,0.000,-35.000,2.13918,1.96196,22.07,-8.042,-25.818,-8.042,-25.818,-7.829,-6.989,1.00000,73.902,22.530,-34.014
[SHELL] ccB:44,20781,1,16.539,24.030,-40.569,78.745,26.899,21.255,80.964,39.011,19.036
[SHELL] ccA:45,338593839,618656,8.155,-33.160,0.000,-35.000,1.91253,1.73527,22.14,-7.996,-25.831,-7.996,-25.831,-7.833,-6.990,1.00000,73.902,-6.219,-32.306
[SHELL] ccB:45,2147517847,1,32.522,-11.960,-20.562,79.333,20.667,29.242,78.745,26.899,21.255
[SHELL] ccA:46,338703859,618657,-1.115,-32.008,0.000,-35.000,1.69127,1.51401,22.14,-7.810,-25.855,-7.810,-25.855,-7.832,-6.992,1.00000,73.902,3.989,-31.709
[SHELL] ccB:46,20811,1,31.000,-8.770,-22.230,81.176,18.824,40.539,79.333,20.667,29.242
[SHELL] ccA:47,338813823,618658,4.804,-34.569,0.000,-35.000,1.46459,1.28733,22.11,-7.931,-25.804,-7.931,-25.804,-7.835,-6.992,1.00000,73.902,5.618,-37.429
[SHELL] ccB:47,2147517855,1,37.814,-17.505,-20.309,81.581,18.419,53.179,81.176,18.824,40.539
[SHELL] ctrlcap v1 armed=0 count=512 clock_hz=550000000 decimation=1
[SHELL] ccA:index,cycles,seq,id,iq,idref,iqref,theta,actangle,age_us,vdreq,vqreq,vd,vq,intd,intq,scale,bus,raw_id,raw_iq
[SHELL] ccB:index,timer,valid,ia,ib,ic,du,dv,dw,active_u,active_v,active_w
[SHELL] ccA:48,338923843,618659,-0.815,-34.899,0.000,-35.000,1.23506,1.05780,22.15,-7.818,-25.798,-7.818,-25.798,-7.834,-6.992,1.00000,73.902,-7.248,-32.368
[SHELL] ccB:48,20803,1,28.173,-29.248,1.075,80.327,19.673,65.312,81.581,18.419,53.179
[SHELL] ccA:49,339033855,618660,7.240,-33.914,0.000,-35.000,1.00768,0.83046,22.11,-7.983,-25.818,-7.983,-25.818,-7.838,-6.993,1.00000,73.902,21.727,-35.460
[SHELL] ccB:49,2147517839,1,41.583,-21.274,-20.309,77.535,22.465,77.093,80.327,19.673,65.312
[SHELL] ccA:50,339143703,618661,8.981,-34.275,0.000,-35.000,0.77596,0.59868,22.24,-8.022,-25.811,-8.022,-25.811,-7.843,-6.993,1.00000,73.902,-3.764,-33.089
[SHELL] ccB:50,20733,1,20.489,-32.981,12.492,66.073,19.716,80.284,77.535,22.465,77.093
[SHELL] ccA:51,339253403,618662,1.020,-33.337,0.000,-35.000,0.55062,0.37338,21.73,-7.863,-25.830,-7.863,-25.830,-7.843,-6.994,1.00000,73.902,5.805,-33.585
[SHELL] ccB:51,2147518065,1,22.519,-33.416,10.897,54.263,18.455,81.545,66.073,19.716,80.284
[SHELL] ccA:52,339363443,618663,9.019,-34.393,0.000,-35.000,0.32298,0.14573,21.76,-8.028,-25.810,-8.028,-25.810,-7.848,-6.994,1.00000,73.902,12.233,-35.200
[SHELL] ccB:52,20603,1,22.773,-36.932,14.159,41.485,18.709,81.291,54.263,18.455,81.545
[SHELL] ccA:53,339473647,618664,1.891,-34.640,0.000,-35.000,0.09107,6.19693,21.98,-7.886,-25.805,-7.886,-25.805,-7.849,-6.994,1.00000,73.902,-8.451,-34.080
[SHELL] ccB:53,2147517943,1,-5.316,-27.400,32.716,29.540,20.669,79.331,41.485,18.709,81.291
[SHELL] ccA:54,339583607,618665,3.058,-32.796,0.000,-35.000,6.15483,5.97754,21.94,-7.911,-25.843,-7.911,-25.843,-7.850,-6.995,1.00000,73.902,14.567,-31.512
[SHELL] ccB:54,20685,1,10.414,-33.887,23.474,21.406,26.412,78.594,29.540,20.669,79.331
[SHELL] ccA:55,339693719,618666,4.300,-35.112,0.000,-35.000,5.91964,5.74227,22.06,-7.938,-25.797,-7.938,-25.797,-7.852,-6.995,1.00000,73.902,-5.967,-38.711
[SHELL] ccB:55,2147517907,1,-19.343,-19.825,39.167,19.051,38.700,80.949,21.406,26.412,78.594
[SHELL] ccA:56,339803619,618667,-1.383,-39.881,0.000,-35.000,5.70832,5.53106,21.95,-7.824,-25.699,-7.824,-25.699,-7.852,-6.993,1.00000,74.342,3.202,-41.051
[SHELL] ccB:56,20691,1,-19.633,-21.528,41.161,18.706,50.025,81.294,19.051,38.700,80.949
[SHELL] ccA:57,339913679,618668,11.703,-41.308,0.000,-35.000,5.47283,5.29552,22.00,-8.091,-25.667,-8.091,-25.667,-7.857,-6.990,1.00000,74.342,20.204,-41.565
[SHELL] ccB:57,2147517927,1,-16.189,-29.393,45.582,19.592,63.216,80.408,18.706,50.025,81.294
[SHELL] ccA:58,340023763,618669,10.438,-39.570,0.000,-35.000,5.24509,5.06786,22.11,-8.071,-25.699,-8.071,-25.699,-7.863,-6.988,1.00000,73.902,0.672,-37.576
[SHELL] ccB:58,20763,1,-32.028,-1.014,33.042,21.891,74.880,78.109,19.592,63.216,80.408
[SHELL] ccA:59,340133671,618670,10.114,-34.768,0.000,-35.000,5.01786,4.84061,21.97,-8.070,-25.796,-8.070,-25.796,-7.868,-6.988,1.00000,73.902,19.557,-31.959
[SHELL] ccB:59,2147517931,1,-24.598,-12.177,36.775,20.232,79.768,68.740,21.891,74.880,78.109
[SHELL] ccA:60,340243647,618671,11.185,-32.827,0.000,-35.000,4.78420,4.60698,21.91,-8.097,-25.836,-8.097,-25.836,-7.873,-6.989,1.00000,73.902,2.814,-33.694
[SHELL] ccB:60,20705,1,-33.405,12.179,21.227,18.480,81.520,56.277,20.232,79.768,68.740
[SHELL] ccA:61,340353659,618672,1.348,-33.220,0.000,-35.000,4.55400,4.37678,21.96,-7.901,-25.829,-7.901,-25.829,-7.874,-6.990,1.00000,73.902,-0.117,-32.746
[SHELL] ccB:61,2147517937,1,-32.318,20.732,11.586,18.536,81.464,44.043,18.480,81.520,56.277
[SHELL] ccA:62,340463651,618673,8.700,-32.805,0.000,-35.000,4.32944,4.15218,21.97,-8.052,-25.838,-8.052,-25.838,-7.878,-6.991,1.00000,73.902,17.517,-32.865
[SHELL] ccB:62,20707,1,-37.030,15.078,21.952,20.087,79.913,31.747,18.536,81.464,44.043
[SHELL] ccA:63,340573707,618674,4.759,-32.919,0.000,-35.000,4.10581,3.92855,22.00,-7.976,-25.837,-7.976,-25.837,-7.881,-6.992,1.00000,74.342,-7.999,-32.974
[SHELL] ccB:63,2147517913,1,-22.532,33.236,-10.704,24.442,77.829,22.171,20.087,79.913,31.747
[SHELL] ctrlcap v1 armed=0 count=512 clock_hz=550000000 decimation=1
[SHELL] ccA:index,cycles,seq,id,iq,idref,iqref,theta,actangle,age_us,vdreq,vqreq,vd,vq,intd,intq,scale,bus,raw_id,raw_iq
[SHELL] ccB:index,timer,valid,ia,ib,ic,du,dv,dw,active_u,active_v,active_w
[SHELL] ccA:64,340683703,618675,0.810,-32.529,0.000,-35.000,3.86254,3.68529,22.01,-7.897,-25.846,-7.897,-25.846,-7.881,-6.993,1.00000,73.902,9.618,-32.084
[SHELL] ccB:64,20733,1,-28.404,29.576,-1.172,36.580,80.708,19.292,24.442,77.829,22.171
[SHELL] ccA:65,340793675,618676,7.617,-34.397,0.000,-35.000,3.64300,3.46574,21.99,-8.037,-25.809,-8.037,-25.809,-7.885,-6.993,1.00000,73.902,5.615,-36.709
[SHELL] ccB:65,2147517929,1,-22.568,36.824,-14.256,48.779,81.669,18.331,36.580,80.708,19.292
[SHELL] ccA:66,340903711,618677,1.483,-35.155,0.000,-35.000,3.41471,3.23746,22.02,-7.915,-25.793,-7.915,-25.793,-7.886,-6.993,1.00000,73.902,-2.649,-33.600
[SHELL] ccB:66,20737,1,-6.512,31.895,-25.383,60.980,80.975,19.025,48.779,81.669,18.331
[SHELL] ccA:67,341013687,618678,8.354,-34.869,0.000,-35.000,3.18485,3.00759,22.01,-8.057,-25.799,-8.057,-25.799,-7.890,-6.993,1.00000,74.342,19.357,-36.138
[SHELL] ccB:67,2147517923,1,-20.901,40.992,-20.091,73.065,78.531,21.469,60.980,80.975,19.025
[SHELL] ccA:68,341123683,618679,5.215,-36.148,0.000,-35.000,2.96119,2.78393,21.99,-7.997,-25.773,-7.997,-25.773,-7.892,-6.993,1.00000,74.342,-8.927,-36.158
[SHELL] ccB:68,20723,1,15.270,21.783,-37.053,79.091,70.634,20.909,73.065,78.531,21.469
[SHELL] ccA:69,341233667,618680,-2.842,-35.426,0.000,-35.000,2.72963,2.55237,21.99,-7.834,-25.787,-7.834,-25.787,-7.891,-6.993,1.00000,73.902,3.243,-34.695
[SHELL] ccB:69,2147517933,1,10.921,23.197,-34.118,81.164,58.879,18.836,79.091,70.634,20.909
[SHELL] ccA:70,341343679,618681,5.308,-37.141,0.000,-35.000,2.50338,2.32613,21.99,-8.000,-25.752,-8.000,-25.752,-7.894,-6.991,1.00000,74.342,7.373,-39.587
[SHELL] ccB:70,20721,1,17.662,22.508,-40.170,81.337,46.223,18.663,81.164,58.879,18.836
[SHELL] ccA:71,341453687,618682,1.507,-37.109,0.000,-35.000,2.27264,2.09542,21.99,-7.925,-25.752,-7.925,-25.752,-7.894,-6.990,1.00000,74.342,-4.360,-34.630
[SHELL] ccB:71,2147517923,1,29.260,1.849,-31.109,80.008,34.064,19.992,81.337,46.223,18.663
[SHELL] ccA:72,341563779,618683,6.832,-33.348,0.000,-35.000,2.05053,1.87326,22.09,-8.034,-25.828,-8.034,-25.828,-7.898,-6.991,1.00000,74.342,18.024,-32.065
[SHELL] ccB:72,20771,1,20.127,16.600,-36.727,77.302,22.753,22.698,80.008,34.064,19.992
[SHELL] ccA:73,341673751,618684,5.795,-32.232,0.000,-35.000,1.83363,1.65639,22.05,-8.017,-25.851,-8.017,-25.851,-7.901,-6.993,1.00000,74.342,-6.434,-32.398
[SHELL] ccB:73,2147517891,1,32.957,-14.569,-18.388,80.041,19.959,33.419,77.302,22.753,22.698
[SHELL] ccA:74,341783755,618685,-2.853,-32.616,0.000,-35.000,1.59156,1.41430,22.05,-7.842,-25.845,-7.842,-25.845,-7.899,-6.994,1.00000,74.342,0.728,-32.834
[SHELL] ccB:74,20759,1,32.812,-15.186,-17.627,81.380,18.620,46.052,80.041,19.959,33.419
[SHELL] ccA:75,341893811,618686,6.418,-35.028,0.000,-35.000,1.35825,1.18097,22.16,-8.031,-25.797,-8.031,-25.797,-7.902,-6.994,1.00000,73.902,12.107,-37.221
[SHELL] ccB:75,2147517861,1,38.937,-16.019,-22.918,81.215,18.785,59.171,81.380,18.620,46.052
[SHELL] ccA:76,342003779,618687,1.687,-33.735,0.000,-35.000,1.13050,0.95318,22.07,-7.937,-25.823,-7.937,-25.823,-7.903,-6.994,1.00000,73.902,-8.733,-30.250
[SHELL] ccB:76,20771,1,23.643,-29.828,6.185,79.254,20.746,70.959,81.215,18.785,59.171
[SHELL] ccA:77,342113579,618688,0.915,-29.885,0.000,-35.000,0.90416,0.72694,22.09,-7.922,-25.903,-7.922,-25.903,-7.904,-6.997,1.00000,74.342,10.562,-29.521
[SHELL] ccB:77,2147517977,1,29.732,-23.485,-6.246,72.790,21.320,78.680,79.254,20.746,70.959
[SHELL] ccA:78,342223431,618689,2.188,-31.227,0.000,-35.000,0.67345,0.49616,21.79,-7.949,-25.878,-7.949,-25.878,-7.905,-6.999,1.00000,74.342,-6.186,-32.934
[SHELL] ccB:78,20597,1,15.705,-33.489,17.783,60.752,19.082,80.918,72.790,21.320,78.680
[SHELL] ccA:79,342333423,618690,-3.444,-33.645,0.000,-35.000,0.45053,0.27327,21.76,-7.834,-25.830,-7.834,-25.830,-7.903,-7.000,1.00000,74.342,-0.703,-34.356
[SHELL] ccB:79,2147518055,1,14.328,-34.214,19.886,48.845,18.564,81.436,60.752,19.082,80.918
[SHELL] ctrlcap v1 armed=0 count=512 clock_hz=550000000 decimation=1
[SHELL] ccA:index,cycles,seq,id,iq,idref,iqref,theta,actangle,age_us,vdreq,vqreq,vd,vq,intd,intq,scale,bus,raw_id,raw_iq
[SHELL] ccB:index,timer,valid,ia,ib,ic,du,dv,dw,active_u,active_v,active_w
[SHELL] ccA:80,342443551,618691,6.764,-34.304,0.000,-35.000,0.22232,0.04506,21.83,-8.042,-25.817,-8.042,-25.817,-7.907,-7.000,1.00000,74.342,14.230,-34.252
[SHELL] ccB:80,20657,1,21.432,-36.932,15.500,36.137,19.534,80.466,48.845,18.564,81.436
[SHELL] ccA:81,342553675,618692,0.814,-34.832,0.000,-35.000,6.27398,6.09675,22.02,-7.923,-25.807,-7.923,-25.807,-7.907,-7.000,1.00000,74.342,-12.602,-35.411
[SHELL] ccB:81,2147517929,1,-12.927,-24.101,37.029,24.639,22.169,77.831,36.137,19.534,80.466
[SHELL] ccA:82,342663647,618693,-3.795,-35.323,0.000,-35.000,6.05044,5.87319,21.95,-7.829,-25.797,-7.829,-25.797,-7.905,-7.000,1.00000,74.342,5.012,-35.234
[SHELL] ccB:82,20705,1,-3.250,-29.067,32.317,20.420,31.730,79.580,24.639,22.169,77.831
[SHELL] ccA:83,342773607,618694,-0.080,-37.027,0.000,-35.000,5.81945,5.64222,21.91,-7.903,-25.762,-7.903,-25.762,-7.905,-6.999,1.00000,74.342,-5.171,-38.819
[SHELL] ccB:83,2147517963,1,-21.988,-17.070,39.059,18.794,44.109,81.206,20.420,31.730,79.580
[SHELL] ccA:84,342883655,618695,-3.877,-39.124,0.000,-35.000,5.59161,5.41435,21.96,-7.826,-25.718,-7.826,-25.718,-7.903,-6.997,1.00000,74.342,-2.582,-39.429
[SHELL] ccB:84,20709,1,-27.135,-11.307,38.442,18.899,56.333,81.101,18.794,44.109,81.206
[SHELL] ccA:85,342993671,618696,8.249,-38.352,0.000,-35.000,5.36668,5.18942,21.99,-8.072,-25.731,-8.072,-25.731,-7.907,-6.995,1.00000,74.342,19.080,-37.276
[SHELL] ccB:85,2147517931,1,-17.965,-23.775,41.741,20.495,68.686,79.505,18.899,56.333,81.101
[SHELL] ccA:86,343103759,618697,5.606,-34.869,0.000,-35.000,5.13649,4.95919,22.12,-8.022,-25.801,-8.022,-25.801,-7.910,-6.995,1.00000,74.342,-7.869,-32.463
[SHELL] ccB:86,20761,1,-32.825,11.055,21.770,21.923,78.077,74.639,20.495,68.686,79.505
[SHELL] ccA:87,343213699,618698,-1.039,-31.001,0.000,-35.000,4.90707,4.72982,22.00,-7.889,-25.880,-7.889,-25.880,-7.909,-6.997,1.00000,74.342,5.792,-29.538
[SHELL] ccB:87,2147517917,1,-27.860,4.060,23.800,19.424,80.576,63.250,21.923,78.077,74.639
[SHELL] ccA:88,343323675,618699,3.251,-31.124,0.000,-35.000,4.68084,4.50359,21.98,-7.976,-25.880,-7.976,-25.880,-7.911,-6.999,1.00000,74.342,0.711,-32.710
[SHELL] ccB:88,20719,1,-32.717,16.637,16.080,18.456,81.544,50.865,19.424,80.576,63.250
[SHELL] ccA:89,343433699,618700,-3.608,-32.673,0.000,-35.000,4.44507,4.26782,22.01,-7.837,-25.850,-7.837,-25.850,-7.909,-7.000,1.00000,74.342,-7.928,-32.635
[SHELL] ccB:89,2147517917,1,-29.382,28.778,0.604,19.260,80.740,38.354,18.456,81.544,50.865
[SHELL] ccA:90,343543667,618701,1.955,-31.716,0.000,-35.000,4.22442,4.04716,21.99,-7.949,-25.871,-7.949,-25.871,-7.910,-7.002,1.00000,74.342,11.837,-30.798
[SHELL] ccB:90,20715,1,-32.753,19.826,12.927,21.471,78.529,26.753,19.260,80.740,38.354
[SHELL] ccA:91,343653707,618702,0.063,-32.166,0.000,-35.000,3.99727,3.82002,22.04,-7.912,-25.863,-7.912,-25.863,-7.910,-7.003,1.00000,74.342,-11.712,-33.534
[SHELL] ccB:91,2147517913,1,-17.639,35.520,-17.880,29.679,79.241,20.759,21.471,78.529,26.753
[SHELL] ccA:92,343763695,618703,-5.341,-33.403,0.000,-35.000,3.77002,3.59209,21.99,-7.801,-25.914,-7.801,-25.914,-7.908,-7.004,1.00000,74.342,1.030,-33.273
[SHELL] ccB:92,20729,1,-20.394,32.983,-12.589,41.403,81.132,18.868,29.679,79.241,20.759
[SHELL] ccA:93,343873707,618704,3.172,-34.932,0.000,-35.000,3.53869,3.36070,22.03,-7.973,-25.883,-7.973,-25.883,-7.909,-7.004,1.00000,74.342,5.315,-36.591
[SHELL] ccB:93,2147517913,1,-19.053,36.969,-17.917,54.350,81.450,18.550,41.403,81.132,18.868
[SHELL] ccA:94,343983747,618705,-1.532,-35.038,0.000,-35.000,3.31602,3.13804,22.09,-7.878,-25.881,-7.878,-25.881,-7.908,-7.004,1.00000,74.342,-8.378,-33.484
[SHELL] ccB:94,20755,1,2.440,28.597,-31.037,66.081,80.117,19.883,54.350,81.450,18.550
[SHELL] ccA:95,344093715,618706,2.328,-33.591,0.000,-35.000,3.08629,2.90832,22.03,-7.956,-25.911,-7.956,-25.911,-7.910,-7.005,1.00000,74.342,13.034,-33.698
[SHELL] ccB:95,2147517909,1,-11.152,35.338,-24.187,77.464,76.984,22.536,66.081,80.117,19.883
[SHELL] ctrlcap v1 armed=0 count=512 clock_hz=550000000 decimation=1
[SHELL] ccA:index,cycles,seq,id,iq,idref,iqref,theta,actangle,age_us,vdreq,vqreq,vd,vq,intd,intq,scale,bus,raw_id,raw_iq
[SHELL] ccB:index,timer,valid,ia,ib,ic,du,dv,dw,active_u,active_v,active_w
[SHELL] ccA:96,344203719,618707,1.861,-35.399,0.000,-35.000,2.85881,2.68086,22.03,-7.948,-25.874,-7.948,-25.874,-7.911,-7.005,1.00000,74.342,-9.311,-37.099
[SHELL] ccB:96,20741,1,19.293,18.956,-38.249,80.229,65.535,19.771,77.464,76.984,22.536
[SHELL] ccA:97,344313691,618708,-3.921,-37.865,0.000,-35.000,2.62908,2.45112,22.01,-7.830,-25.823,-7.830,-25.823,-7.909,-7.003,1.00000,74.342,1.470,-38.631
[SHELL] ccB:97,2147517921,1,17.662,20.950,-38.612,81.374,53.391,18.626,80.229,65.535,19.771
[SHELL] ccA:98,344423707,618709,7.088,-39.247,0.000,-35.000,2.40294,2.22493,22.03,-8.054,-25.794,-8.054,-25.794,-7.912,-7.001,1.00000,74.342,12.706,-39.863
[SHELL] ccB:98,20735,1,17.445,24.212,-41.656,81.013,40.662,18.987,81.374,53.391,18.626
[SHELL] ccA:99,344533751,618710,3.349,-37.940,0.000,-35.000,2.17423,1.99627,22.03,-7.981,-25.818,-7.981,-25.818,-7.914,-7.000,1.00000,74.342,-6.008,-36.018
[SHELL] ccB:99,2147517891,1,33.066,-3.116,-29.950,79.021,28.871,20.979,81.013,40.662,18.987
[SHELL] ccA:100,344643779,618711,4.203,-34.080,0.000,-35.000,1.94899,1.77103,22.08,-8.000,-25.896,-8.000,-25.896,-7.916,-7.000,1.00000,74.342,14.415,-32.143
[SHELL] ccB:100,20771,1,24.549,9.605,-34.154,78.775,21.225,27.491,79.021,28.871,20.979
[SHELL] ccA:101,344753811,618712,4.734,-33.206,0.000,-35.000,1.72222,1.54423,22.14,-8.013,-25.914,-8.013,-25.914,-7.918,-7.001,1.00000,74.342,-4.947,-34.270
[SHELL] ccB:101,2147517861,1,34.624,-17.070,-17.554,80.986,19.014,39.280,78.775,21.225,27.491
[SHELL] ccA:102,344863755,618713,-2.503,-34.704,0.000,-35.000,1.49162,1.31366,22.05,-7.867,-25.885,-7.867,-25.885,-7.917,-7.001,1.00000,74.342,-0.060,-35.138
[SHELL] ccB:102,20759,1,35.023,-19.970,-15.053,81.503,18.497,51.560,80.986,19.014,39.280
[SHELL] ccA:103,344973767,618714,9.420,-37.929,0.000,-35.000,1.26542,1.08746,22.08,-8.110,-25.819,-8.110,-25.819,-7.922,-7.000,1.00000,74.342,18.900,-40.721
[SHELL] ccB:103,2147517883,1,44.519,-17.251,-27.268,80.433,19.567,64.254,81.503,18.497,51.560
[SHELL] ccA:104,345083803,618715,5.621,-36.599,0.000,-35.000,1.03451,0.85650,22.08,-8.037,-25.844,-8.037,-25.844,-7.925,-6.999,1.00000,74.342,-7.659,-32.478
[SHELL] ccB:104,20783,1,24.005,-32.075,8.070,77.786,22.214,75.806,80.433,19.567,64.254
[SHELL] ccA:105,345193599,618716,1.030,-32.240,0.000,-35.000,0.80260,0.62464,22.14,-7.946,-25.933,-7.946,-25.933,-7.925,-7.000,1.00000,74.342,9.719,-32.002
[SHELL] ccB:105,2147517967,1,29.768,-28.088,-1.679,67.595,20.081,79.919,77.786,22.214,75.806
[SHELL] ccA:106,345303415,618717,4.242,-33.355,0.000,-35.000,0.58127,0.40331,21.74,-8.012,-25.912,-8.012,-25.912,-7.927,-7.001,1.00000,74.342,-1.236,-34.707
[SHELL] ccB:106,20589,1,18.025,-34.721,16.696,55.650,18.574,81.426,67.595,20.081,79.919
[SHELL] ccA:107,345413483,618718,-2.407,-34.804,0.000,-35.000,0.34452,0.16648,21.81,-7.878,-25.883,-7.878,-25.883,-7.926,-7.001,1.00000,74.342,-3.578,-34.902
[SHELL] ccB:107,2147518025,1,8.420,-33.706,25.286,42.979,18.745,81.255,55.650,18.574,81.426
[SHELL] ccA:108,345523591,618719,7.202,-34.091,0.000,-35.000,0.12334,6.22857,21.88,-8.074,-25.897,-8.074,-25.897,-7.930,-7.002,1.00000,74.342,17.981,-33.281
[SHELL] ccB:108,20677,1,21.939,-37.657,15.718,30.882,20.390,79.610,42.979,18.745,81.255
[SHELL] ccA:109,345633643,618720,3.365,-34.519,0.000,-35.000,6.17759,5.99968,21.92,-7.999,-25.889,-7.999,-25.889,-7.931,-7.002,1.00000,74.342,-11.251,-35.758
[SHELL] ccB:109,2147517945,1,-14.957,-22.289,37.246,21.773,25.530,78.227,30.882,20.390,79.610
[SHELL] ccA:110,345743603,618721,-3.123,-35.195,0.000,-35.000,5.94822,5.77026,21.92,-7.867,-25.875,-7.867,-25.875,-7.930,-7.002,1.00000,74.342,5.005,-34.631
[SHELL] ccB:110,20683,1,-6.657,-26.421,33.078,19.391,37.076,80.609,21.773,25.530,78.227
[SHELL] ccA:111,345853671,618722,3.881,-37.330,0.000,-35.000,5.71758,5.53959,22.04,-8.009,-25.832,-8.009,-25.832,-7.932,-7.001,1.00000,74.342,2.757,-40.029
[SHELL] ccB:111,2147517931,1,-19.125,-20.985,40.110,18.495,49.840,81.505,19.391,37.076,80.609
[SHELL] ctrlcap v1 armed=0 count=512 clock_hz=550000000 decimation=1
[SHELL] ccA:index,cycles,seq,id,iq,idref,iqref,theta,actangle,age_us,vdreq,vqreq,vd,vq,intd,intq,scale,bus,raw_id,raw_iq
[SHELL] ccB:index,timer,valid,ia,ib,ic,du,dv,dw,active_u,active_v,active_w
[SHELL] ccA:112,345963683,618723,-0.012,-39.131,0.000,-35.000,5.48534,5.30738,21.99,-7.931,-25.793,-7.931,-25.793,-7.932,-6.998,1.00000,74.342,-2.780,-38.232
[SHELL] ccB:112,20723,1,-29.310,-6.741,36.050,19.370,62.250,80.630,18.495,49.840,81.505
[SHELL] ccA:113,346073683,618724,8.248,-36.930,0.000,-35.000,5.26278,5.08477,22.01,-8.101,-25.837,-8.101,-25.837,-7.936,-6.998,1.00000,74.342,19.276,-35.628
[SHELL] ccB:113,2147517925,1,-20.285,-20.223,40.508,21.667,74.011,78.333,19.370,62.250,80.630
[SHELL] ccA:114,346183763,618725,5.022,-33.785,0.000,-35.000,5.03191,4.85397,22.14,-8.039,-25.900,-8.039,-25.900,-7.938,-6.998,1.00000,74.342,-9.231,-31.941
[SHELL] ccB:114,20763,1,-33.224,15.513,17.711,20.481,79.519,69.493,21.667,74.011,78.333
[SHELL] ccA:115,346293691,618726,-4.744,-32.005,0.000,-35.000,4.80506,4.62710,22.00,-7.841,-25.937,-7.841,-25.937,-7.936,-7.000,1.00000,74.342,-0.256,-32.069
[SHELL] ccB:115,2147517921,1,-31.955,13.628,18.327,18.765,81.235,57.885,20.481,79.519,69.493
[SHELL] ccA:116,346403715,618727,0.678,-33.581,0.000,-35.000,4.58037,4.40243,22.01,-7.950,-25.906,-7.950,-25.906,-7.936,-7.000,1.00000,74.342,1.613,-35.093
[SHELL] ccB:116,20739,1,-35.000,20.116,14.884,18.544,81.456,45.407,18.765,81.235,57.885
[SHELL] ccA:117,346513663,618728,-4.418,-34.351,0.000,-35.000,4.33477,4.15682,21.98,-7.846,-25.891,-7.846,-25.891,-7.934,-7.001,1.00000,74.342,-10.449,-33.609
[SHELL] ccB:117,2147517935,1,-27.389,32.838,-5.449,20.146,79.854,32.508,18.544,81.456,45.407
[SHELL] ccA:118,346623711,618729,0.619,-33.234,0.000,-35.000,4.11386,3.93590,22.01,-7.947,-25.914,-7.947,-25.914,-7.934,-7.002,1.00000,74.342,11.686,-32.859
[SHELL] ccB:118,20737,1,-33.731,24.538,9.194,23.935,77.759,22.241,20.146,79.854,32.508
[SHELL] ccA:119,346733719,618730,0.829,-34.317,0.000,-35.000,3.89192,3.71397,22.03,-7.951,-25.893,-7.951,-25.893,-7.935,-7.002,1.00000,74.342,-10.028,-35.776
[SHELL] ccB:119,2147517907,1,-17.059,37.114,-20.055,35.189,80.373,19.627,23.935,77.759,22.241
[SHELL] ccA:120,346843719,618731,-6.155,-37.793,0.000,-35.000,3.65907,3.48114,22.04,-7.809,-25.822,-7.809,-25.822,-7.932,-7.000,1.00000,74.342,-2.281,-39.811
[SHELL] ccB:120,20741,1,-17.712,39.796,-22.085,47.503,81.393,18.607,35.189,80.373,19.627
[SHELL] ccA:121,346953647,618732,3.078,-40.154,0.000,-35.000,3.43567,3.25771,22.00,-7.995,-25.772,-7.995,-25.772,-7.933,-6.998,1.00000,74.342,8.438,-40.497
[SHELL] ccB:121,2147517943,1,-19.814,41.355,-21.541,59.998,80.900,19.100,47.503,81.393,18.607
[SHELL] ccA:122,347063603,618733,-1.752,-37.889,0.000,-35.000,3.19975,3.02179,21.92,-7.897,-25.816,-7.897,-25.816,-7.932,-6.996,1.00000,74.342,-11.941,-35.281
[SHELL] ccB:122,20683,1,9.870,26.169,-36.039,72.046,78.759,21.241,59.998,80.900,19.100
[SHELL] ccA:123,347173607,618734,-1.702,-33.675,0.000,-35.000,2.98503,2.80708,21.93,-7.897,-25.901,-7.897,-25.901,-7.931,-6.997,1.00000,74.342,8.536,-32.068
[SHELL] ccB:123,2147517963,1,-3.432,30.300,-26.869,78.845,72.115,21.155,72.046,78.759,21.241
[SHELL] ccA:124,347283615,618735,-0.502,-34.775,0.000,-35.000,2.74610,2.56811,21.95,-7.921,-25.879,-7.921,-25.879,-7.931,-6.997,1.00000,74.342,-9.539,-37.483
[SHELL] ccB:124,20689,1,23.244,15.151,-38.394,81.037,59.599,18.963,78.845,72.115,21.155
[SHELL] ccA:125,347393663,618736,-5.505,-37.866,0.000,-35.000,2.52026,2.34225,22.03,-7.818,-25.816,-7.818,-25.816,-7.928,-6.996,1.00000,74.342,-1.471,-38.249
[SHELL] ccB:125,2147517935,1,23.461,14.462,-37.923,81.389,47.486,18.611,81.037,59.599,18.963
[SHELL] ccA:126,347503635,618737,7.584,-38.223,0.000,-35.000,2.28142,2.10349,21.95,-8.084,-25.807,-8.084,-25.807,-7.932,-6.994,1.00000,74.342,16.639,-38.196
[SHELL] ccB:126,20699,1,18.097,23.450,-41.548,80.148,34.163,19.852,81.389,47.486,18.611
[SHELL] ccA:127,347613655,618738,3.694,-36.505,0.000,-35.000,2.06225,1.88429,21.95,-8.008,-25.841,-8.008,-25.841,-7.934,-6.993,1.00000,74.342,-9.251,-34.814
[SHELL] ccB:127,2147517939,1,35.059,-10.365,-24.694,77.495,23.323,22.505,80.148,34.163,19.852
[SHELL] ctrlcap v1 armed=0 count=512 clock_hz=550000000 decimation=1
[SHELL] ccA:index,cycles,seq,id,iq,idref,iqref,theta,actangle,age_us,vdreq,vqreq,vd,vq,intd,intq,scale,bus,raw_id,raw_iq
[SHELL] ccB:index,timer,valid,ia,ib,ic,du,dv,dw,active_u,active_v,active_w
[SHELL] ccA:128,347723743,618739,-2.521,-33.374,0.000,-35.000,1.84040,1.66242,22.09,-7.882,-25.904,-7.882,-25.904,-7.933,-6.994,1.00000,74.342,4.209,-31.934
[SHELL] ccB:128,20753,1,29.659,-3.950,-25.709,79.943,20.057,32.823,77.495,23.323,22.505
[SHELL] ccA:129,347833711,618740,-0.959,-35.233,0.000,-35.000,1.60502,1.42701,22.04,-7.913,-25.867,-7.913,-25.867,-7.932,-6.994,1.00000,74.342,-6.127,-38.533
[SHELL] ccB:129,2147517911,1,38.720,-23.522,-15.198,81.403,18.597,45.479,79.943,20.057,32.823
[SHELL] ccA:130,347943675,618741,-7.003,-37.040,0.000,-35.000,1.38136,1.20341,21.99,-7.789,-25.830,-7.789,-25.830,-7.929,-6.993,1.00000,74.342,-7.878,-35.548
[SHELL] ccB:130,20719,1,33.428,-29.212,-4.217,81.135,18.865,57.416,81.403,18.597,45.479
[SHELL] ccA:131,348053759,618742,1.552,-34.876,0.000,-35.000,1.15120,0.97325,22.03,-7.961,-25.873,-7.961,-25.873,-7.930,-6.993,1.00000,74.342,10.982,-34.205
[SHELL] ccB:131,2147517887,1,35.712,-21.238,-14.474,79.373,20.627,69.875,81.135,18.865,57.416
[SHELL] ccA:132,348163531,618743,0.627,-33.503,0.000,-35.000,0.91465,0.73665,22.08,-7.942,-25.902,-7.942,-25.902,-7.930,-6.994,1.00000,74.342,-9.728,-32.800
[SHELL] ccB:132,20647,1,20.054,-34.032,13.978,73.239,21.434,78.566,79.373,20.627,69.875
[SHELL] ccA:133,348273287,618744,-2.672,-32.262,0.000,-35.000,0.68312,0.50515,21.64,-7.875,-25.928,-7.875,-25.928,-7.929,-6.995,1.00000,74.342,4.384,-31.725
[SHELL] ccB:133,2147518123,1,23.425,-30.625,7.200,61.412,19.129,80.871,73.239,21.434,78.566
[SHELL] ccA:134,348383351,618745,3.239,-33.155,0.000,-35.000,0.46231,0.28436,21.70,-7.995,-25.911,-7.995,-25.911,-7.930,-6.996,1.00000,74.342,2.094,-34.585
[SHELL] ccB:134,20557,1,17.300,-34.648,17.349,49.183,18.415,81.585,61.412,19.129,80.871
[SHELL] ccA:135,348493471,618746,-5.108,-34.443,0.000,-35.000,0.22726,0.04927,21.75,-7.826,-25.885,-7.826,-25.885,-7.928,-6.996,1.00000,74.342,-12.310,-34.302
[SHELL] ccB:135,2147518031,1,-4.265,-29.212,33.477,36.802,19.433,80.567,49.183,18.415,81.585
[SHELL] ccA:136,348603635,618747,-1.473,-33.949,0.000,-35.000,0.00425,6.10948,22.00,-7.897,-25.896,-7.897,-25.896,-7.927,-6.997,1.00000,74.342,9.365,-33.597
[SHELL] ccB:136,20699,1,9.507,-33.815,24.307,25.274,21.878,78.122,36.802,19.433,80.567
[SHELL] ccA:137,348713555,618748,-3.782,-35.289,0.000,-35.000,6.05850,5.88051,21.89,-7.849,-25.869,-7.849,-25.869,-7.925,-6.997,1.00000,74.342,-16.929,-36.982
[SHELL] ccB:137,2147517989,1,-24.743,-15.584,40.327,20.417,31.300,79.583,25.274,21.878,78.122
[SHELL] ccA:138,348823547,618749,-10.271,-37.982,0.000,-35.000,5.82224,5.64428,21.86,-7.715,-25.813,-7.715,-25.813,-7.920,-6.995,1.00000,74.342,-3.613,-38.981
[SHELL] ccB:138,20655,1,-20.575,-18.556,39.131,18.833,43.606,81.167,20.417,31.300,79.583
[SHELL] ccA:139,348933631,618750,-0.071,-40.489,0.000,-35.000,5.59423,5.41624,21.97,-7.918,-25.761,-7.918,-25.761,-7.920,-6.993,1.00000,74.342,3.472,-41.996
[SHELL] ccB:139,2147517951,1,-24.018,-17.976,41.994,18.823,56.400,81.177,18.833,43.606,81.167
[SHELL] ccA:140,349043615,618751,-4.137,-38.209,0.000,-35.000,5.37328,5.19532,21.92,-7.835,-25.804,-7.835,-25.804,-7.918,-6.991,1.00000,74.342,-11.745,-34.422
[SHELL] ccB:140,20689,1,-34.384,6.923,27.461,20.336,67.913,79.664,18.823,56.400,81.177
[SHELL] ccA:141,349153599,618752,-2.059,-34.309,0.000,-35.000,5.14098,4.96306,21.91,-7.876,-25.883,-7.876,-25.883,-7.917,-6.991,1.00000,74.342,7.627,-34.195
[SHELL] ccB:141,2147517967,1,-27.932,-4.349,32.281,22.029,77.971,75.154,20.336,67.913,79.664
[SHELL] ccA:142,349263671,618753,-2.356,-33.782,0.000,-35.000,4.91045,4.73251,22.06,-7.868,-25.894,-7.868,-25.894,-7.916,-6.992,1.00000,74.342,-12.339,-33.369
[SHELL] ccB:142,20717,1,-35.145,22.363,12.782,19.444,80.556,63.442,22.029,77.971,75.154
[SHELL] ccA:143,349373635,618754,-8.391,-33.744,0.000,-35.000,4.67855,4.50059,21.95,-7.744,-25.895,-7.744,-25.895,-7.911,-6.993,1.00000,74.342,-4.443,-34.119
[SHELL] ccB:143,2147517949,1,-33.949,21.819,12.129,18.521,81.479,51.158,19.444,80.556,63.442
[SHELL] ctrlcap v1 armed=0 count=512 clock_hz=550000000 decimation=1
[SHELL] ccA:index,cycles,seq,id,iq,idref,iqref,theta,actangle,age_us,vdreq,vqreq,vd,vq,intd,intq,scale,bus,raw_id,raw_iq
[SHELL] ccB:index,timer,valid,ia,ib,ic,du,dv,dw,active_u,active_v,active_w
[SHELL] ccA:144,349483619,618755,0.266,-34.658,0.000,-35.000,4.45139,4.27344,21.93,-7.917,-25.877,-7.917,-25.877,-7.912,-6.993,1.00000,74.342,4.975,-35.198
[SHELL] ccB:144,20691,1,-35.290,21.348,13.942,19.183,80.817,38.498,18.521,81.479,51.158
[SHELL] ccA:145,349593611,618756,-5.134,-34.504,0.000,-35.000,4.23045,4.05249,21.95,-7.806,-25.881,-7.806,-25.881,-7.909,-6.993,1.00000,74.342,-15.243,-33.810
[SHELL] ccB:145,2147517961,1,-22.895,36.716,-13.821,21.366,78.634,27.300,19.183,80.817,38.498
[SHELL] ccA:146,349703639,618757,-6.251,-32.864,0.000,-35.000,3.99959,3.82163,21.97,-7.781,-25.914,-7.781,-25.914,-7.906,-6.994,1.00000,74.342,2.741,-31.917
[SHELL] ccB:146,20701,1,-25.939,29.249,-3.310,29.327,79.173,20.827,21.366,78.634,27.300
[SHELL] ccA:147,349813639,618758,-3.824,-34.365,0.000,-35.000,3.76950,3.59155,21.97,-7.827,-25.885,-7.827,-25.885,-7.904,-6.994,1.00000,74.342,-10.390,-36.813
[SHELL] ccB:147,2147517947,1,-13.217,37.694,-24.477,41.506,81.118,18.882,29.327,79.173,20.827
[SHELL] ccA:148,349923655,618759,-8.235,-37.180,0.000,-35.000,3.54038,3.36242,21.97,-7.735,-25.827,-7.735,-25.827,-7.900,-6.993,1.00000,74.342,-6.080,-37.547
[SHELL] ccB:148,20709,1,-8.977,36.498,-27.521,53.814,81.330,18.670,41.506,81.118,18.882
[SHELL] ccA:149,350033631,618760,2.608,-38.239,0.000,-35.000,3.31737,3.13945,21.93,-7.953,-25.805,-7.953,-25.805,-7.901,-6.992,1.00000,74.342,11.295,-38.930
[SHELL] ccB:149,2147517951,1,-17.929,40.449,-22.520,66.159,80.040,19.960,53.814,81.330,18.670
[SHELL] ccA:150,350143635,618761,-1.713,-37.030,0.000,-35.000,3.08505,2.90710,21.94,-7.866,-25.828,-7.866,-25.828,-7.900,-6.991,1.00000,74.342,-14.722,-35.129
[SHELL] ccB:150,20699,1,16.684,21.312,-37.996,77.340,76.929,22.660,66.159,80.040,19.960
[SHELL] ccA:151,350253631,618762,-7.091,-33.779,0.000,-35.000,2.85884,2.68085,21.96,-7.755,-25.893,-7.755,-25.893,-7.897,-6.991,1.00000,74.342,0.540,-32.428
[SHELL] ccB:151,2147517951,1,8.529,22.834,-31.363,80.123,65.881,19.877,77.340,76.929,22.660
[SHELL] ccA:152,350363623,618763,-3.240,-35.043,0.000,-35.000,2.63033,2.45237,21.95,-7.830,-25.868,-7.830,-25.868,-7.895,-6.991,1.00000,74.342,-7.021,-37.658
[SHELL] ccB:152,20693,1,24.549,13.193,-37.742,81.420,53.490,18.580,80.123,65.881,19.877
[SHELL] ccA:153,350473683,618764,-8.064,-37.551,0.000,-35.000,2.39796,2.21995,22.05,-7.730,-25.817,-7.730,-25.817,-7.891,-6.990,1.00000,74.342,-9.108,-37.443
[SHELL] ccB:153,2147517925,1,32.051,2.501,-34.553,80.965,41.049,19.035,81.420,53.490,18.580
[SHELL] ccA:154,350583663,618765,2.552,-36.655,0.000,-35.000,2.16401,1.98601,21.97,-7.943,-25.834,-7.943,-25.834,-7.892,-6.989,1.00000,74.342,14.212,-35.867
[SHELL] ccB:154,20713,1,21.794,16.673,-38.467,78.917,28.428,21.083,80.965,41.049,19.035
[SHELL] ccA:155,350693687,618766,0.796,-36.002,0.000,-35.000,1.94474,1.76678,21.99,-7.909,-25.846,-7.909,-25.846,-7.893,-6.989,1.00000,74.342,-12.621,-36.136
[SHELL] ccB:155,2147517923,1,38.249,-17.868,-20.381,78.716,21.284,27.631,78.917,28.428,21.083
[SHELL] ccA:156,350803647,618767,-8.066,-33.275,0.000,-35.000,1.71741,1.53944,22.01,-7.727,-25.902,-7.727,-25.902,-7.889,-6.990,1.00000,74.342,-3.511,-30.415
[SHELL] ccB:156,20705,1,30.601,-14.461,-16.141,80.845,19.155,39.041,78.716,21.284,27.631
[SHELL] ccA:157,350913607,618768,-4.032,-32.531,0.000,-35.000,1.48809,1.31007,21.93,-7.806,-25.918,-7.806,-25.918,-7.887,-6.991,1.00000,74.342,-4.553,-34.648
[SHELL] ccB:157,2147517963,1,34.153,-23.485,-10.668,81.518,18.482,51.620,80.845,19.155,39.041
[SHELL] ccA:158,351023635,618769,-7.798,-33.387,0.000,-35.000,1.26103,1.08307,21.93,-7.727,-25.901,-7.727,-25.901,-7.883,-6.992,1.00000,74.342,-11.043,-32.126
[SHELL] ccB:158,20699,1,27.231,-31.205,3.975,80.477,19.523,63.706,81.518,18.482,51.620
[SHELL] ccA:159,351133647,618770,-2.092,-32.117,0.000,-35.000,1.03153,0.85360,21.93,-7.840,-25.928,-7.840,-25.928,-7.882,-6.993,1.00000,74.342,6.859,-32.107
[SHELL] ccB:159,2147517943,1,31.073,-24.718,-6.355,77.883,22.117,75.588,80.477,19.523,63.706
[SHELL] ctrlcap v1 armed=0 count=512 clock_hz=550000000 decimation=1
[SHELL] ccA:index,cycles,seq,id,iq,idref,iqref,theta,actangle,age_us,vdreq,vqreq,vd,vq,intd,intq,scale,bus,raw_id,raw_iq
[SHELL] ccB:index,timer,valid,ia,ib,ic,du,dv,dw,active_u,active_v,active_w
[SHELL] ccA:160,351243435,618771,-3.488,-31.933,0.000,-35.000,0.80641,0.62842,21.99,-7.810,-25.934,-7.810,-25.934,-7.880,-6.995,1.00000,74.342,-13.835,-31.760
[SHELL] ccB:160,20599,1,13.349,-34.358,21.009,68.013,20.212,79.788,77.883,22.117,75.588
[SHELL] ccA:161,351353251,618772,-8.815,-32.816,0.000,-35.000,0.57969,0.40173,21.57,-7.699,-25.917,-7.699,-25.917,-7.876,-6.996,1.00000,74.342,-3.795,-33.873
[SHELL] ccB:161,2147518141,1,15.379,-34.032,18.653,56.149,18.705,81.295,68.013,20.212,79.788
[SHELL] ccA:162,351463315,618773,-0.027,-34.783,0.000,-35.000,0.35189,0.17395,21.63,-7.875,-25.878,-7.875,-25.878,-7.876,-6.996,1.00000,74.342,3.740,-35.694
[SHELL] ccB:162,20539,1,15.814,-35.808,19.994,43.387,18.722,81.278,56.149,18.705,81.295
[SHELL] ccA:163,351573239,618774,-5.061,-35.212,0.000,-35.000,0.13237,6.23760,21.67,-7.772,-25.869,-7.772,-25.869,-7.873,-6.996,1.00000,74.342,-13.863,-34.730
[SHELL] ccB:163,2147518147,1,-9.158,-26.820,35.978,31.956,20.308,79.692,43.387,18.722,81.278
[SHELL] ccA:164,351683223,618775,-2.937,-33.287,0.000,-35.000,6.17727,5.99927,21.62,-7.813,-25.908,-7.813,-25.908,-7.872,-6.997,1.00000,74.342,7.990,-31.844
[SHELL] ccB:164,20493,1,4.578,-30.444,25.866,21.900,25.253,78.100,31.956,20.308,79.692
[SHELL] ccA:165,351793167,618776,-1.012,-34.942,0.000,-35.000,5.94742,5.76945,21.51,-7.851,-25.875,-7.851,-25.875,-7.871,-6.997,1.00000,74.342,-10.014,-38.039
[SHELL] ccB:165,2147518183,1,-21.988,-17.251,39.240,19.395,37.090,80.605,21.900,25.253,78.100
[SHELL] ccA:166,351903163,618777,-4.648,-38.784,0.000,-35.000,5.72515,5.54716,21.53,-7.776,-25.797,-7.776,-25.797,-7.869,-6.995,1.00000,74.342,0.719,-39.528
[SHELL] ccB:166,20463,1,-20.321,-19.209,39.530,18.619,48.999,81.381,19.395,37.090,80.605
[SHELL] ccA:167,352013227,618778,7.361,-39.100,0.000,-35.000,5.49739,5.31943,21.58,-8.020,-25.788,-8.020,-25.788,-7.872,-6.993,1.00000,74.342,14.003,-38.672
[SHELL] ccB:167,2147518153,1,-17.458,-23.522,40.980,19.285,61.788,80.715,18.619,48.999,81.381
[SHELL] ccA:168,352123223,618779,3.044,-37.177,0.000,-35.000,5.27079,5.09286,21.56,-7.935,-25.826,-7.935,-25.826,-7.874,-6.992,1.00000,74.342,-7.916,-35.682
[SHELL] ccB:168,20493,1,-34.456,6.670,27.787,21.541,73.279,78.459,19.285,61.788,80.715
[SHELL] ccA:169,352233271,618780,2.005,-33.985,0.000,-35.000,5.05142,4.87344,21.67,-7.915,-25.890,-7.915,-25.890,-7.875,-6.992,1.00000,74.342,11.926,-32.287
[SHELL] ccB:169,2147518131,1,-26.483,-5.798,32.281,20.806,79.194,70.665,21.541,73.279,78.459
[SHELL] ccA:170,352343223,618781,4.038,-32.991,0.000,-35.000,4.81362,4.63566,21.59,-7.958,-25.911,-7.958,-25.911,-7.877,-6.993,1.00000,74.342,-3.851,-33.696
[SHELL] ccB:170,20493,1,-33.913,17.325,16.587,18.774,81.226,58.113,20.806,79.194,70.665
[SHELL] ccA:171,352453207,618782,-1.960,-33.822,0.000,-35.000,4.58377,4.40582,21.56,-7.837,-25.895,-7.837,-25.895,-7.876,-6.994,1.00000,74.342,-0.069,-33.948
[SHELL] ccB:171,2147518163,1,-33.659,20.660,12.999,18.576,81.424,45.809,18.774,81.226,58.113
[SHELL] ccA:172,352563231,618783,7.386,-33.626,0.000,-35.000,4.36073,4.18278,21.59,-8.027,-25.899,-8.027,-25.899,-7.880,-6.994,1.00000,74.342,14.841,-33.303
[SHELL] ccB:172,20497,1,-36.377,16.057,20.321,19.886,80.114,33.489,18.576,81.424,45.809
[SHELL] ccA:173,352673227,618784,2.733,-33.304,0.000,-35.000,4.13211,3.95419,21.56,-7.936,-25.907,-7.936,-25.907,-7.881,-6.995,1.00000,74.342,-9.376,-33.306
[SHELL] ccB:173,2147518153,1,-22.713,33.961,-11.248,23.057,77.464,22.536,19.886,80.114,33.489
[SHELL] ccA:174,352783295,618785,0.042,-31.770,0.000,-35.000,3.90348,3.72541,21.68,-7.882,-25.939,-7.882,-25.939,-7.881,-6.997,1.00000,74.342,9.460,-30.234
[SHELL] ccB:174,20529,1,-27.715,27.147,0.568,34.420,80.273,19.727,23.057,77.464,22.536
[SHELL] ccA:175,352893203,618786,6.062,-33.094,0.000,-35.000,3.67744,3.49951,21.56,-8.005,-25.913,-8.005,-25.913,-7.884,-6.998,1.00000,74.342,2.664,-35.954
[SHELL] ccB:175,2147518165,1,-20.647,35.918,-15.271,46.812,81.541,18.459,34.420,80.273,19.727
[SHELL] ctrlcap v1 armed=0 count=512 clock_hz=550000000 decimation=1
[SHELL] ccA:index,cycles,seq,id,iq,idref,iqref,theta,actangle,age_us,vdreq,vqreq,vd,vq,intd,intq,scale,bus,raw_id,raw_iq
[SHELL] ccB:index,timer,valid,ia,ib,ic,du,dv,dw,active_u,active_v,active_w
[SHELL] ccA:176,353003243,618787,0.886,-34.866,0.000,-35.000,3.44912,3.27116,21.65,-7.902,-25.878,-7.902,-25.878,-7.885,-6.998,1.00000,74.342,-0.891,-33.778
[SHELL] ccB:176,20503,1,-9.376,32.801,-23.426,59.065,81.083,18.917,46.812,81.541,18.459
[SHELL] ccA:177,353113187,618788,10.738,-35.834,0.000,-35.000,3.20159,3.02361,21.56,-8.105,-25.858,-8.105,-25.858,-7.890,-6.997,1.00000,74.342,22.366,-37.890
[SHELL] ccB:177,2147518173,1,-24.598,43.892,-19.294,72.381,78.802,21.198,59.065,81.083,18.917
[SHELL] ccA:178,353223159,618789,7.957,-35.282,0.000,-35.000,2.98512,2.80717,21.52,-8.053,-25.869,-8.053,-25.869,-7.894,-6.997,1.00000,74.342,-6.452,-32.675
[SHELL] ccB:178,20461,1,11.465,21.348,-32.813,78.934,71.840,21.066,72.381,78.802,21.198
[SHELL] ccA:179,353333471,618790,-2.023,-32.306,0.000,-35.000,2.75792,2.57996,21.54,-7.852,-25.930,-7.852,-25.930,-7.893,-6.999,1.00000,74.342,2.405,-31.938
[SHELL] ccB:179,2147518031,1,9.725,21.566,-31.291,80.984,60.406,19.016,78.934,71.840,21.066
[SHELL] ccA:180,353444039,618791,3.509,-33.332,0.000,-35.000,2.53537,2.35763,22.47,-7.965,-25.910,-7.965,-25.910,-7.895,-6.999,1.00000,74.342,4.612,-34.725
[SHELL] ccB:180,20901,1,15.995,18.992,-34.988,81.558,48.086,18.442,80.984,60.406,19.016
[SHELL] ccA:181,353553771,618792,-0.344,-33.843,0.000,-35.000,2.30056,2.12260,22.07,-7.888,-25.901,-7.888,-25.901,-7.894,-7.000,1.00000,74.342,-5.301,-32.961
[SHELL] ccB:181,2147517881,1,28.101,1.559,-29.660,80.420,35.565,19.580,81.558,48.086,18.442
[SHELL] ccA:182,353663803,618793,6.614,-31.661,0.000,-35.000,2.07519,1.89724,22.09,-8.030,-25.946,-8.030,-25.946,-7.898,-7.002,1.00000,74.342,18.528,-30.361
[SHELL] ccB:182,20783,1,17.626,17.941,-35.567,77.807,23.857,22.193,80.420,35.565,19.580
[SHELL] ccA:183,353773883,618794,6.136,-31.208,0.000,-35.000,1.84201,1.66401,22.23,-8.024,-25.957,-8.024,-25.957,-7.901,-7.004,1.00000,74.342,-6.256,-32.054
[SHELL] ccB:183,2147517825,1,32.559,-14.062,-18.497,80.073,19.927,32.911,77.807,23.857,22.193
[SHELL] ccA:184,353883835,618795,-2.169,-32.460,0.000,-35.000,1.61779,1.43978,22.15,-7.856,-25.933,-7.856,-25.933,-7.900,-7.005,1.00000,74.342,1.918,-32.866
[SHELL] ccB:184,20799,1,32.740,-13.373,-19.366,81.413,18.587,44.627,80.073,19.927,32.911
[SHELL] ccA:185,353993831,618796,6.626,-35.937,0.000,-35.000,1.38677,1.20881,22.12,-8.036,-25.863,-8.036,-25.863,-7.903,-7.004,1.00000,74.342,11.334,-39.008
[SHELL] ccB:185,2147517851,1,40.423,-16.744,-23.679,81.242,18.758,57.605,81.413,18.587,44.627
[SHELL] ccA:186,354103919,618797,1.002,-35.077,0.000,-35.000,1.16047,0.98249,22.21,-7.924,-25.880,-7.924,-25.880,-7.904,-7.004,1.00000,74.342,-9.331,-31.146
[SHELL] ccB:186,20841,1,24.839,-30.589,5.751,79.489,20.511,69.331,81.242,18.758,57.605
[SHELL] ccA:187,354213903,618798,0.819,-30.972,0.000,-35.000,0.93470,0.75671,22.20,-7.920,-25.965,-7.920,-25.965,-7.904,-7.006,1.00000,74.342,10.969,-30.797
[SHELL] ccB:187,2147517813,1,31.290,-23.848,-7.442,74.347,21.673,78.327,79.489,20.511,69.331
[SHELL] ccA:188,354323399,618799,2.722,-31.658,0.000,-35.000,0.70502,0.52706,21.79,-7.960,-25.952,-7.960,-25.952,-7.905,-7.008,1.00000,74.342,-5.526,-32.518
[SHELL] ccB:188,20581,1,16.865,-32.981,16.116,62.458,19.206,80.794,74.347,21.673,78.327
[SHELL] ccA:189,354433435,618800,-1.210,-33.260,0.000,-35.000,0.48011,0.30215,21.79,-7.881,-25.921,-7.881,-25.921,-7.905,-7.009,1.00000,74.342,3.106,-34.002
[SHELL] ccB:189,2147518049,1,18.460,-34.105,15.645,50.383,18.440,81.560,62.458,19.206,80.794
[SHELL] ccA:190,354543519,618801,10.154,-34.318,0.000,-35.000,0.24635,0.06837,21.83,-8.113,-25.900,-8.113,-25.900,-7.910,-7.009,1.00000,74.342,17.202,-34.633
[SHELL] ccB:190,20641,1,25.129,-38.019,12.891,37.239,19.253,80.747,50.383,18.440,81.560
[SHELL] ccA:191,354653647,618802,5.316,-34.882,0.000,-35.000,0.01604,6.12127,21.99,-8.019,-25.889,-8.019,-25.889,-7.912,-7.009,1.00000,74.342,-6.569,-35.130
[SHELL] ccB:191,2147517943,1,-6.005,-27.508,33.513,25.611,21.741,78.259,37.239,19.253,80.747
[SHELL] ctrlcap v1 armed=0 count=512 clock_hz=550000000 decimation=1
[SHELL] ccA:index,cycles,seq,id,iq,idref,iqref,theta,actangle,age_us,vdreq,vqreq,vd,vq,intd,intq,scale,bus,raw_id,raw_iq
[SHELL] ccB:index,timer,valid,ia,ib,ic,du,dv,dw,active_u,active_v,active_w
[SHELL] ccA:192,354763695,618803,2.786,-33.517,0.000,-35.000,6.06692,5.88818,22.06,-7.970,-25.996,-7.970,-25.996,-7.914,-7.010,1.00000,74.342,12.142,-31.904
[SHELL] ccB:192,20729,1,5.013,-31.749,26.736,20.297,30.945,79.703,25.611,21.741,78.259
[SHELL] ccA:193,354873599,618804,4.851,-35.682,0.000,-35.000,5.83790,5.65919,21.92,-8.013,-25.953,-8.013,-25.953,-7.916,-7.010,1.00000,74.342,-2.439,-39.460
[SHELL] ccB:193,2147517967,1,-19.198,-20.332,39.530,18.600,43.237,81.400,20.297,30.945,79.703
[SHELL] ccA:194,354983639,618805,-1.404,-39.495,0.000,-35.000,5.61391,5.43515,21.94,-7.888,-25.874,-7.888,-25.874,-7.916,-7.007,1.00000,74.782,-0.369,-39.531
[SHELL] ccB:194,20701,1,-24.815,-14.243,39.059,18.821,55.240,81.179,18.600,43.237,81.400
[SHELL] ccA:195,355093651,618806,10.041,-39.210,0.000,-35.000,5.38776,5.20905,21.96,-8.121,-25.878,-8.121,-25.878,-7.921,-7.005,1.00000,74.782,20.450,-38.889
[SHELL] ccB:195,2147517941,1,-17.567,-26.095,43.662,20.296,67.683,79.704,18.821,55.240,81.179
[SHELL] ccA:196,355203651,618807,7.476,-37.088,0.000,-35.000,5.16225,4.98354,21.97,-8.074,-25.919,-8.074,-25.919,-7.924,-7.004,1.00000,74.342,-5.498,-35.286
[SHELL] ccB:196,20707,1,-34.166,8.083,26.083,22.138,77.862,75.913,20.296,67.683,79.704
[SHELL] ccA:197,355313719,618808,2.969,-33.935,0.000,-35.000,4.93203,4.75331,22.07,-7.985,-25.983,-7.985,-25.983,-7.926,-7.005,1.00000,74.342,11.436,-32.584
[SHELL] ccB:197,2147517907,1,-29.310,-1.159,30.469,19.451,80.549,64.436,22.138,77.862,75.913
[SHELL] ccA:198,355423659,618809,7.695,-33.696,0.000,-35.000,4.69960,4.52090,21.96,-8.084,-25.988,-8.084,-25.988,-7.930,-7.005,1.00000,74.342,3.953,-34.807
[SHELL] ccB:198,20711,1,-34.855,14.389,20.466,18.310,81.690,51.677,19.451,80.549,64.436
[SHELL] ccA:199,355533671,618810,1.819,-34.419,0.000,-35.000,4.46274,4.28404,21.97,-7.967,-25.974,-7.967,-25.974,-7.931,-7.006,1.00000,74.342,-0.315,-34.030
[SHELL] ccB:199,2147517931,1,-32.898,23.994,8.904,18.997,81.003,38.982,18.310,81.690,51.677
[SHELL] ccA:200,355643655,618811,9.053,-33.529,0.000,-35.000,4.24162,4.06292,21.96,-8.116,-25.993,-8.116,-25.993,-7.935,-7.006,1.00000,74.342,18.421,-33.028
[SHELL] ccB:200,20709,1,-37.791,17.651,20.139,21.147,78.853,27.170,18.997,81.003,38.982
[SHELL] ccA:201,355753687,618812,5.802,-33.427,0.000,-35.000,4.02319,3.84447,22.00,-8.054,-25.996,-8.054,-25.996,-7.938,-7.007,1.00000,74.342,-6.816,-33.826
[SHELL] ccB:201,2147517923,1,-21.771,34.070,-12.299,28.494,79.170,20.830,21.147,78.853,27.170
[SHELL] ccA:202,355863679,618813,-0.338,-34.189,0.000,-35.000,3.78230,3.60359,21.99,-7.931,-25.981,-7.931,-25.981,-7.938,-7.008,1.00000,74.342,6.140,-34.553
[SHELL] ccB:202,20721,1,-25.577,33.599,-8.022,40.959,81.211,18.789,28.494,79.170,20.830
[SHELL] ccA:203,355973683,618814,8.132,-38.966,0.000,-35.000,3.55001,3.37131,21.99,-8.105,-25.883,-8.105,-25.883,-7.942,-7.006,1.00000,74.342,10.124,-43.378
[SHELL] ccB:203,2147517925,1,-26.519,44.254,-17.735,54.032,81.510,18.490,40.959,81.211,18.789
[SHELL] ccA:204,356083687,618815,4.355,-38.595,0.000,-35.000,3.32379,3.14509,21.99,-8.031,-25.889,-8.031,-25.889,-7.944,-7.004,1.00000,74.342,-1.414,-33.813
[SHELL] ccB:204,20725,1,-4.736,31.388,-26.651,66.022,80.191,19.809,54.032,81.510,18.490
[SHELL] ccA:205,356193707,618816,9.457,-34.286,0.000,-35.000,3.09407,2.91530,22.02,-8.138,-25.975,-8.138,-25.975,-7.949,-7.004,1.00000,74.342,20.328,-34.759
[SHELL] ccB:205,2147517913,1,-18.654,40.231,-21.577,77.561,77.161,22.439,66.022,80.191,19.809
[SHELL] ccA:206,356303707,618817,7.125,-34.733,0.000,-35.000,2.86788,2.68917,22.01,-8.095,-25.967,-8.095,-25.967,-7.952,-7.004,1.00000,74.342,-6.079,-34.707
[SHELL] ccB:206,20735,1,15.234,19.899,-35.133,80.338,65.829,19.662,77.561,77.161,22.439
[SHELL] ccA:207,356413735,618818,-1.865,-36.213,0.000,-35.000,2.63601,2.45736,22.02,-7.914,-25.936,-7.914,-25.936,-7.951,-7.004,1.00000,74.342,2.349,-37.718
[SHELL] ccB:207,2147517899,1,16.213,21.457,-37.670,81.519,53.652,18.481,80.338,65.829,19.662
[SHELL] ctrlcap v1 armed=0 count=512 clock_hz=550000000 decimation=1
[SHELL] ccA:index,cycles,seq,id,iq,idref,iqref,theta,actangle,age_us,vdreq,vqreq,vd,vq,intd,intq,scale,bus,raw_id,raw_iq
[SHELL] ccB:index,timer,valid,ia,ib,ic,du,dv,dw,active_u,active_v,active_w
[SHELL] ccA:208,356523695,618819,7.515,-38.542,0.000,-35.000,2.40708,2.22832,22.03,-8.106,-25.888,-8.106,-25.888,-7.955,-7.002,1.00000,74.342,12.680,-39.367
[SHELL] ccB:208,20729,1,16.974,24.175,-41.149,81.148,40.767,18.852,81.519,53.652,18.481
[SHELL] ccA:209,356633695,618820,3.289,-37.618,0.000,-35.000,2.17916,2.00047,22.02,-8.023,-25.905,-8.023,-25.905,-7.957,-7.001,1.00000,74.342,-6.103,-35.869
[SHELL] ccB:209,2147517919,1,32.921,-3.044,-29.877,79.168,28.982,20.832,81.148,40.767,18.852
[SHELL] ccA:210,356743751,618821,4.922,-34.355,0.000,-35.000,1.95209,1.77339,22.07,-8.058,-25.971,-8.058,-25.971,-7.959,-7.001,1.00000,74.342,15.946,-32.841
[SHELL] ccB:210,20757,1,24.549,11.128,-35.676,78.854,21.146,27.360,79.168,28.982,20.832
[SHELL] ccA:211,356853751,618822,6.088,-34.630,0.000,-35.000,1.71590,1.53720,22.05,-8.084,-25.965,-8.084,-25.965,-7.962,-7.001,1.00000,74.342,-3.771,-36.419
[SHELL] ccB:211,2147517891,1,36.582,-16.961,-19.620,81.121,18.879,39.736,78.854,21.146,27.360
[SHELL] ccA:212,356963747,618823,-0.874,-36.805,0.000,-35.000,1.49027,1.31157,22.05,-7.944,-25.921,-7.944,-25.921,-7.962,-7.000,1.00000,74.342,2.022,-37.192
[SHELL] ccB:212,20755,1,37.234,-19.462,-17.772,81.565,18.435,51.806,81.121,18.879,39.736
[SHELL] ccA:213,357073767,618824,9.809,-38.262,0.000,-35.000,1.26271,1.08402,22.07,-8.163,-25.890,-8.163,-25.890,-7.967,-6.999,1.00000,74.342,17.597,-39.332
[SHELL] ccB:213,2147517883,1,42.816,-17.215,-25.600,80.490,19.510,64.536,81.565,18.435,51.806
[SHELL] ccA:214,357183799,618825,4.401,-35.946,0.000,-35.000,1.02711,0.84836,22.07,-8.057,-25.936,-8.057,-25.936,-7.969,-6.998,1.00000,74.342,-8.795,-32.561
[SHELL] ccB:214,20781,1,23.316,-32.764,9.447,77.764,22.236,76.274,80.490,19.510,64.536
[SHELL] ccA:215,357293587,618826,-0.688,-32.440,0.000,-35.000,0.80008,0.62138,22.13,-7.955,-26.007,-7.955,-26.007,-7.969,-6.999,1.00000,74.342,7.419,-32.319
[SHELL] ccB:215,2147517973,1,28.354,-29.067,0.713,67.499,19.972,80.028,77.764,22.236,76.274
[SHELL] ccA:216,357403403,618827,1.781,-33.772,0.000,-35.000,0.57397,0.39521,21.74,-8.005,-25.981,-8.005,-25.981,-7.970,-7.000,1.00000,74.342,-3.857,-35.224
[SHELL] ccB:216,20583,1,15.886,-35.373,19.487,55.276,18.476,81.524,67.499,19.972,80.028
[SHELL] ccA:217,357513567,618828,-5.749,-35.864,0.000,-35.000,0.34314,0.16433,21.90,-7.852,-25.939,-7.852,-25.939,-7.967,-7.000,1.00000,74.342,-7.641,-36.504
[SHELL] ccB:217,2147517983,1,5.086,-34.540,29.454,42.933,18.694,81.306,55.276,18.476,81.524
[SHELL] ccA:218,357623651,618829,4.047,-35.559,0.000,-35.000,0.10995,6.21439,21.99,-8.050,-25.945,-8.050,-25.945,-7.969,-6.999,1.00000,74.342,15.735,-34.614
[SHELL] ccB:218,20707,1,19.438,-38.019,18.581,30.198,20.492,79.508,42.933,18.694,81.306
[SHELL] ccA:219,357733627,618830,1.501,-36.268,0.000,-35.000,6.16957,5.99090,21.92,-8.000,-25.930,-8.000,-25.930,-7.969,-6.999,1.00000,74.342,-12.733,-37.923
[SHELL] ccB:219,2147517953,1,-16.951,-22.905,39.856,21.614,25.905,78.386,30.198,20.492,79.508
[SHELL] ccA:220,357843683,618831,-5.427,-37.691,0.000,-35.000,5.94326,5.76452,22.04,-7.858,-25.900,-7.858,-25.900,-7.967,-6.997,1.00000,74.342,1.880,-37.459
[SHELL] ccB:220,20723,1,-10.717,-25.769,36.485,19.329,37.339,80.671,21.614,25.905,78.386
[SHELL] ccA:221,357953611,618832,1.248,-39.737,0.000,-35.000,5.71070,5.53200,21.93,-7.992,-25.857,-7.992,-25.857,-7.967,-6.995,1.00000,74.342,0.616,-42.014
[SHELL] ccB:221,2147517961,1,-22.242,-19.752,41.994,18.473,50.206,81.527,19.329,37.339,80.671
[SHELL] ccA:222,358063667,618833,-2.098,-40.337,0.000,-35.000,5.48010,5.30143,21.97,-7.924,-25.842,-7.924,-25.842,-7.966,-6.992,1.00000,74.342,-4.812,-38.660
[SHELL] ccB:222,20715,1,-31.158,-4.675,35.833,19.356,62.545,80.644,18.473,50.206,81.527
[SHELL] ccA:223,358173679,618834,7.269,-37.790,0.000,-35.000,5.25088,5.07219,22.01,-8.115,-25.892,-8.115,-25.892,-7.970,-6.991,1.00000,74.342,19.349,-36.919
[SHELL] ccB:223,2147517927,1,-21.771,-19.897,41.668,21.783,74.674,78.217,19.356,62.545,80.644
[SHELL] ctrlcap v1 armed=0 count=512 clock_hz=550000000 decimation=1
[SHELL] ccA:index,cycles,seq,id,iq,idref,iqref,theta,actangle,age_us,vdreq,vqreq,vd,vq,intd,intq,scale,bus,raw_id,raw_iq
[SHELL] ccB:index,timer,valid,ia,ib,ic,du,dv,dw,active_u,active_v,active_w
[SHELL] ccA:224,358283667,618835,4.642,-34.272,0.000,-35.000,5.02786,4.84914,21.99,-8.065,-25.963,-8.065,-25.963,-7.972,-6.991,1.00000,74.342,-10.065,-31.626
[SHELL] ccB:224,20715,1,-33.188,16.383,16.805,20.351,79.649,69.281,21.783,74.674,78.217
[SHELL] ccA:225,358393683,618836,-4.927,-32.077,0.000,-35.000,4.79845,4.61974,22.01,-7.871,-26.008,-7.871,-26.008,-7.970,-6.993,1.00000,74.342,0.211,-32.529
[SHELL] ccB:225,2147517925,1,-32.390,13.592,18.798,18.642,81.358,57.492,20.351,79.649,69.281
[SHELL] ccA:226,358503675,618837,1.977,-33.332,0.000,-35.000,4.56213,4.38342,22.00,-8.010,-25.984,-8.010,-25.984,-7.971,-6.994,1.00000,74.342,3.743,-34.136
[SHELL] ccB:226,20719,1,-34.311,18.376,15.935,18.498,81.502,44.283,18.642,81.358,57.492
[SHELL] ccA:227,358613699,618838,-2.403,-33.486,0.000,-35.000,4.33932,4.16062,22.00,-7.922,-25.981,-7.922,-25.981,-7.970,-6.994,1.00000,74.342,-8.549,-32.836
[SHELL] ccB:227,2147517917,1,-27.461,30.989,-3.528,20.006,79.994,32.546,18.498,81.502,44.283
[SHELL] ccA:228,358723703,618839,1.821,-32.346,0.000,-35.000,4.11392,3.93521,22.00,-8.007,-26.006,-8.007,-26.006,-7.971,-6.996,1.00000,74.342,12.191,-31.856
[SHELL] ccB:228,20733,1,-33.188,23.414,9.774,23.923,77.894,22.106,20.006,79.994,32.546
[SHELL] ccA:229,358833731,618840,2.815,-33.649,0.000,-35.000,3.87921,3.70056,22.01,-8.028,-25.980,-8.028,-25.980,-7.972,-6.996,1.00000,74.342,-6.561,-35.442
[SHELL] ccB:229,2147517901,1,-18.980,36.027,-17.047,35.934,80.618,19.382,23.923,77.894,22.106
[SHELL] ccA:230,358943691,618841,-2.573,-37.542,0.000,-35.000,3.65767,3.47897,22.01,-7.919,-25.901,-7.919,-25.901,-7.971,-6.995,1.00000,74.342,1.414,-39.642
[SHELL] ccB:230,20727,1,-20.792,39.651,-18.859,47.779,81.525,18.475,35.934,80.618,19.382
[SHELL] ccA:231,359053691,618842,6.703,-41.376,0.000,-35.000,3.42443,3.24573,22.01,-8.108,-25.821,-8.108,-25.821,-7.974,-6.992,1.00000,74.342,11.992,-43.110
[SHELL] ccB:231,2147517921,1,-23.547,44.726,-21.179,60.856,80.899,19.101,47.779,81.525,18.475
[SHELL] ccA:232,359163719,618843,1.888,-38.628,0.000,-35.000,3.19474,3.01603,22.04,-8.013,-25.874,-8.013,-25.874,-7.975,-6.990,1.00000,74.342,-8.216,-34.146
[SHELL] ccB:232,20741,1,6.391,26.712,-33.103,72.578,78.735,21.265,60.856,80.899,19.101
[SHELL] ccA:233,359273691,618844,1.162,-32.948,0.000,-35.000,2.96424,2.78554,22.00,-7.999,-25.989,-7.999,-25.989,-7.976,-6.991,1.00000,74.342,10.539,-31.750
[SHELL] ccB:233,2147517921,1,-4.773,31.062,-26.289,79.267,70.989,20.733,72.578,78.735,21.265
[SHELL] ccA:234,359383751,618845,1.946,-34.073,0.000,-35.000,2.74471,2.56596,22.11,-8.015,-25.967,-8.015,-25.967,-7.977,-6.992,1.00000,74.342,-6.647,-36.396
[SHELL] ccB:234,20757,1,20.199,16.745,-36.945,81.190,59.394,18.810,79.267,70.989,20.733
[SHELL] ccA:235,359493687,618846,-4.218,-36.706,0.000,-35.000,2.51189,2.33319,22.00,-7.890,-25.913,-7.890,-25.913,-7.974,-6.991,1.00000,74.342,-1.788,-37.016
[SHELL] ccB:235,2147517923,1,23.244,13.375,-36.619,81.505,46.899,18.495,81.190,59.394,18.810
[SHELL] ccA:236,359603699,618847,8.680,-37.747,0.000,-35.000,2.28302,2.10432,22.01,-8.152,-25.891,-8.152,-25.891,-7.979,-6.989,1.00000,74.342,19.148,-38.479
[SHELL] ccB:236,20731,1,16.611,26.024,-42.635,80.254,34.070,19.746,81.505,46.899,18.495
[SHELL] ccA:237,359713795,618848,7.087,-36.507,0.000,-35.000,2.05149,1.87273,22.12,-8.124,-25.915,-8.124,-25.915,-7.982,-6.989,1.00000,74.342,-4.974,-34.535
[SHELL] ccB:237,2147517869,1,32.921,-6.451,-26.470,77.428,22.572,22.688,80.254,34.070,19.746
[SHELL] ccA:238,359823763,618849,3.167,-32.158,0.000,-35.000,1.81810,1.63936,22.08,-8.047,-26.004,-8.047,-26.004,-7.984,-6.990,1.00000,74.342,11.308,-29.781
[SHELL] ccB:238,20763,1,26.107,2.755,-28.862,80.367,19.633,34.187,77.428,22.572,22.688
[SHELL] ccA:239,359940927,618850,5.496,-31.350,0.000,-35.000,1.58318,1.38696,25.01,-8.097,-26.022,-8.097,-26.022,-7.987,-6.992,1.00000,74.342,-0.317,-32.920
[SHELL] ccB:239,2147514303,1,32.921,-16.382,-16.539,81.724,18.276,47.905,80.367,19.633,34.187
[SHELL] ctrlcap v1 armed=0 count=512 clock_hz=550000000 decimation=1
[SHELL] ccA:index,cycles,seq,id,iq,idref,iqref,theta,actangle,age_us,vdreq,vqreq,vd,vq,intd,intq,scale,bus,raw_id,raw_iq
[SHELL] ccB:index,timer,valid,ia,ib,ic,du,dv,dw,active_u,active_v,active_w
[SHELL] ccA:240,360048103,618851,-3.495,-33.025,0.000,-35.000,1.37644,1.18022,25.00,-7.915,-25.989,-7.915,-25.989,-7.985,-6.993,1.00000,74.342,-6.673,-33.130
[SHELL] ccB:240,22933,1,31.218,-26.820,-4.398,81.231,18.769,58.874,81.724,18.276,47.905
[SHELL] ccA:241,360153795,618852,0.588,-33.417,0.000,-35.000,1.14505,0.96635,22.06,-7.997,-25.982,-7.997,-25.982,-7.985,-6.994,1.00000,74.342,7.848,-33.703
[SHELL] ccB:241,2147517869,1,33.936,-22.833,-11.103,79.416,20.584,70.317,81.231,18.769,58.874
[SHELL] ccA:242,360263631,618853,-2.971,-33.102,0.000,-35.000,0.90985,0.73116,22.15,-7.924,-25.989,-7.924,-25.989,-7.984,-6.995,1.00000,74.342,-13.790,-32.500
[SHELL] ccB:242,20697,1,17.191,-35.301,18.110,73.113,21.299,78.701,79.416,20.584,70.317
[SHELL] ccA:243,360373415,618854,-3.898,-32.499,0.000,-35.000,0.66980,0.49104,21.74,-7.904,-26.003,-7.904,-26.003,-7.982,-6.996,1.00000,74.342,5.994,-32.498
[SHELL] ccB:243,2147518059,1,24.875,-31.278,6.403,60.677,18.946,81.054,73.113,21.299,78.701
[SHELL] ccA:244,360483451,618855,6.365,-34.655,0.000,-35.000,0.44664,0.26793,21.80,-8.112,-25.960,-8.112,-25.960,-7.985,-6.996,1.00000,74.342,6.735,-36.813
[SHELL] ccB:244,20607,1,21.975,-37.222,15.246,48.083,18.336,81.664,60.677,18.946,81.054
[SHELL] ccA:245,360593639,618856,0.212,-35.409,0.000,-35.000,0.22156,0.04281,21.97,-7.989,-25.944,-7.989,-25.944,-7.985,-6.996,1.00000,74.342,-6.311,-34.006
[SHELL] ccB:245,2147517947,1,1.316,-30.589,29.273,36.135,19.406,80.594,48.083,18.336,81.664
[SHELL] ccA:246,360703623,618857,5.426,-32.309,0.000,-35.000,6.26997,6.09126,21.93,-8.096,-26.008,-8.096,-26.008,-7.988,-6.997,1.00000,74.342,17.162,-30.612
[SHELL] ccB:246,20693,1,16.756,-35.083,18.327,23.955,22.058,77.942,36.135,19.406,80.594
[SHELL] ccA:247,360813715,618858,4.238,-32.779,0.000,-35.000,6.04468,5.86594,22.07,-8.075,-25.999,-8.075,-25.999,-7.990,-6.998,1.00000,73.902,-8.687,-34.945
[SHELL] ccB:247,2147517909,1,-16.697,-19.281,35.978,19.806,32.155,80.194,23.955,22.058,77.942
[SHELL] ccA:248,360923619,618859,-3.052,-35.796,0.000,-35.000,5.80645,5.62776,21.93,-7.927,-25.939,-7.927,-25.939,-7.988,-6.998,1.00000,73.902,2.582,-36.646
[SHELL] ccB:248,20691,1,-14.522,-21.963,36.485,18.360,44.768,81.641,19.806,32.155,80.194
[SHELL] ccA:249,361033643,618860,6.896,-38.228,0.000,-35.000,5.58258,5.40387,21.93,-8.130,-25.888,-8.130,-25.888,-7.992,-6.996,1.00000,73.902,11.209,-39.809
[SHELL] ccB:249,2147517945,1,-17.095,-24.065,41.161,18.497,57.489,81.503,18.360,44.768,81.641
[SHELL] ccA:250,361143727,618861,2.663,-37.827,0.000,-35.000,5.35570,5.17698,22.08,-8.046,-25.895,-8.046,-25.895,-7.993,-6.995,1.00000,74.342,-5.882,-35.846
[SHELL] ccB:250,20745,1,-32.209,1.559,30.650,20.440,69.288,79.560,18.497,57.489,81.503
[SHELL] ccA:251,361253667,618862,4.903,-34.534,0.000,-35.000,5.12427,4.94557,21.98,-8.094,-25.961,-8.094,-25.961,-7.996,-6.995,1.00000,74.342,15.689,-33.222
[SHELL] ccB:251,2147517933,1,-24.163,-11.887,36.050,21.539,78.461,74.091,20.440,69.288,79.560
[SHELL] ccA:252,361363679,618863,4.401,-32.852,0.000,-35.000,4.89082,4.71212,21.99,-8.086,-25.996,-8.086,-25.996,-7.998,-6.996,1.00000,74.342,-6.886,-32.481
[SHELL] ccB:252,20721,1,-33.188,17.470,15.718,19.062,80.938,62.083,21.539,78.461,74.091
[SHELL] ccA:253,361473683,618864,-3.507,-33.113,0.000,-35.000,4.66135,4.48264,22.01,-7.926,-25.992,-7.926,-25.992,-7.996,-6.997,1.00000,74.342,-0.127,-33.746
[SHELL] ccB:253,2147517925,1,-33.695,18.449,15.246,18.345,81.655,49.883,19.062,80.938,62.083
[SHELL] ccA:254,361583687,618865,5.688,-33.903,0.000,-35.000,4.43595,4.25725,22.00,-8.113,-25.976,-8.113,-25.976,-7.999,-6.998,1.00000,74.342,11.504,-34.059
[SHELL] ccB:254,20725,1,-35.906,16.419,19.487,19.164,80.836,37.255,18.345,81.655,49.883
[SHELL] ccA:255,361693699,618866,0.093,-34.083,0.000,-35.000,4.20358,4.02488,22.01,-8.001,-25.973,-8.001,-25.973,-7.999,-6.998,1.00000,74.342,-11.319,-34.106
[SHELL] ccB:255,2147517917,1,-24.272,35.085,-10.813,21.670,78.330,25.522,19.164,80.836,37.255
[SHELL] ctrlcap v1 armed=0 count=512 clock_hz=550000000 decimation=1
[SHELL] ccA:index,cycles,seq,id,iq,idref,iqref,theta,actangle,age_us,vdreq,vqreq,vd,vq,intd,intq,scale,bus,raw_id,raw_iq
[SHELL] ccB:index,timer,valid,ia,ib,ic,du,dv,dw,active_u,active_v,active_w
[SHELL] ccA:256,361803763,618867,-2.661,-33.240,0.000,-35.000,3.97555,3.79688,22.08,-7.944,-25.991,-7.944,-25.991,-7.998,-6.999,1.00000,74.342,5.996,-32.374
[SHELL] ccB:256,20763,1,-28.005,28.996,-0.991,30.752,79.646,20.354,21.670,78.330,25.522
[SHELL] ccA:257,361913691,618868,0.239,-34.635,0.000,-35.000,3.74650,3.56780,22.00,-8.002,-25.963,-8.002,-25.963,-7.998,-6.999,1.00000,74.342,-5.519,-36.897
[SHELL] ccB:257,2147517921,1,-16.443,37.223,-20.780,43.045,81.393,18.607,30.752,79.646,20.354
[SHELL] ccA:258,362023643,618869,-4.831,-36.484,0.000,-35.000,3.51917,3.34047,22.00,-7.899,-25.926,-7.899,-25.926,-7.995,-6.998,1.00000,74.342,-4.142,-36.071
[SHELL] ccB:258,20703,1,-9.448,35.085,-25.637,55.288,81.424,18.576,43.045,81.393,18.607
[SHELL] ccA:259,362133623,618870,5.447,-37.045,0.000,-35.000,3.29437,3.11566,21.96,-8.107,-25.913,-8.107,-25.913,-7.998,-6.997,1.00000,74.342,15.037,-38.019
[SHELL] ccB:259,2147517955,1,-20.647,40.884,-20.236,67.708,79.932,20.068,55.288,81.424,18.576
[SHELL] ccA:260,362243667,618871,1.752,-36.004,0.000,-35.000,3.05479,2.87611,22.01,-8.034,-25.934,-8.034,-25.934,-7.999,-6.997,1.00000,74.342,-11.533,-33.988
[SHELL] ccB:260,20715,1,14.437,21.240,-35.676,78.034,75.359,21.966,67.708,79.932,20.068
[SHELL] ccA:261,362353663,618872,-3.630,-33.204,0.000,-35.000,2.83753,2.65875,22.03,-7.924,-25.991,-7.924,-25.991,-7.997,-6.998,1.00000,74.342,4.273,-32.419
[SHELL] ccB:261,2147517935,1,5.629,25.081,-30.711,80.520,64.539,19.480,78.034,75.359,21.966
[SHELL] ccA:262,362463635,618873,1.350,-34.843,0.000,-35.000,2.60110,2.42234,21.96,-8.025,-25.958,-8.025,-25.958,-7.998,-6.998,1.00000,74.342,-1.574,-37.267
[SHELL] ccB:262,20699,1,20.526,16.709,-37.235,81.638,51.541,18.362,80.520,64.539,19.480
[SHELL] ccA:263,362573615,618874,-3.320,-36.940,0.000,-35.000,2.37359,2.19488,21.93,-7.930,-25.915,-7.930,-25.915,-7.996,-6.997,1.00000,74.342,-5.066,-36.613
[SHELL] ccB:263,2147517959,1,29.079,5.220,-34.299,80.963,39.327,19.037,81.638,51.541,18.362
[SHELL] ccA:264,362683735,618875,6.575,-35.473,0.000,-35.000,2.13327,1.95454,22.08,-8.131,-25.944,-8.131,-25.944,-7.999,-6.997,1.00000,74.342,18.215,-34.333
[SHELL] ccB:264,20749,1,19.330,19.536,-38.866,78.607,26.457,21.393,80.963,39.327,19.037
[SHELL] ccA:265,362793679,618876,4.451,-34.148,0.000,-35.000,1.90822,1.72946,22.03,-8.091,-25.971,-8.091,-25.971,-8.002,-6.997,1.00000,74.342,-9.313,-33.964
[SHELL] ccB:265,2147517927,1,35.132,-15.439,-19.693,79.425,20.575,29.628,78.607,26.457,21.393
[SHELL] ccA:266,362903679,618877,-4.607,-33.250,0.000,-35.000,1.67751,1.49880,22.01,-7.907,-25.990,-7.907,-25.990,-7.999,-6.998,1.00000,74.342,0.100,-32.537
[SHELL] ccB:266,20721,1,32.341,-13.083,-19.258,81.261,18.739,41.470,79.425,20.575,29.628
[SHELL] ccA:267,363013703,618878,-0.086,-34.065,0.000,-35.000,1.45250,1.27377,22.05,-7.998,-25.974,-7.998,-25.974,-7.999,-6.998,1.00000,74.342,-0.272,-35.594
[SHELL] ccB:267,2147517915,1,35.313,-21.528,-13.785,81.577,18.423,53.952,81.261,18.739,41.470
[SHELL] ccA:268,363123691,618879,-5.922,-33.884,0.000,-35.000,1.22562,1.04686,22.02,-7.878,-25.978,-7.878,-25.978,-7.996,-6.999,1.00000,74.342,-11.572,-32.174
[SHELL] ccB:268,20727,1,26.361,-32.039,5.678,80.259,19.741,65.913,81.577,18.423,53.952
[SHELL] ccA:269,363233759,618880,-1.566,-32.256,0.000,-35.000,0.98874,0.81002,22.09,-7.964,-26.012,-7.964,-26.012,-7.995,-7.000,1.00000,74.342,8.440,-32.338
[SHELL] ccB:269,2147517887,1,31.652,-25.116,-6.536,76.935,22.387,77.613,80.259,19.741,65.913
[SHELL] ccA:270,363343503,618881,-0.911,-32.566,0.000,-35.000,0.76025,0.58155,22.04,-7.977,-26.007,-7.977,-26.007,-7.995,-7.002,1.00000,74.342,-10.262,-32.794
[SHELL] ccB:270,20633,1,15.162,-34.286,19.124,65.376,19.580,80.420,76.935,22.387,77.613
[SHELL] ccA:271,363453299,618882,-5.096,-33.488,0.000,-35.000,0.53846,0.35975,21.61,-7.891,-25.989,-7.891,-25.989,-7.992,-7.002,1.00000,74.342,0.071,-34.182
[SHELL] ccB:271,2147518117,1,17.590,-34.177,16.587,53.559,18.427,81.573,65.376,19.580,80.420
[SHELL] ctrlcap v1 armed=0 count=512 clock_hz=550000000 decimation=1
[SHELL] ccA:index,cycles,seq,id,iq,idref,iqref,theta,actangle,age_us,vdreq,vqreq,vd,vq,intd,intq,scale,bus,raw_id,raw_iq
[SHELL] ccB:index,timer,valid,ia,ib,ic,du,dv,dw,active_u,active_v,active_w
[SHELL] ccA:272,363563487,618883,4.600,-34.115,0.000,-35.000,0.29645,0.11771,21.84,-8.087,-25.977,-8.087,-25.977,-7.995,-7.003,1.00000,74.342,9.129,-34.047
[SHELL] ccB:272,20625,1,18.677,-35.228,16.551,39.952,18.842,81.158,53.559,18.427,81.573
[SHELL] ccA:273,363673499,618884,-1.615,-34.137,0.000,-35.000,0.07355,6.17803,21.78,-7.962,-25.977,-7.962,-25.977,-7.994,-7.003,1.00000,74.342,-12.359,-34.227
[SHELL] ccB:273,2147518017,1,-9.810,-25.443,35.253,28.523,20.879,79.121,39.952,18.842,81.158
[SHELL] ccA:274,363783559,618885,-3.516,-33.531,0.000,-35.000,6.12703,5.94828,21.89,-7.922,-25.990,-7.922,-25.990,-7.992,-7.004,1.00000,74.342,5.328,-32.835
[SHELL] ccB:274,20661,1,0.157,-28.886,28.729,21.053,27.824,78.947,28.523,20.879,79.121
[SHELL] ccA:275,363893631,618886,-3.203,-35.621,0.000,-35.000,5.88926,5.71058,22.00,-7.927,-25.948,-7.927,-25.948,-7.991,-7.004,1.00000,74.342,-11.734,-38.407
[SHELL] ccB:275,2147517951,1,-25.577,-14.026,39.602,18.894,40.301,81.106,21.053,27.824,78.947
[SHELL] ccA:276,364003579,618887,-8.211,-39.392,0.000,-35.000,5.66424,5.48554,21.87,-7.822,-25.870,-7.822,-25.870,-7.987,-7.001,1.00000,74.342,-4.688,-40.377
[SHELL] ccB:276,20671,1,-27.244,-12.503,39.747,18.546,52.403,81.454,18.894,40.301,81.106
[SHELL] ccA:277,364113599,618888,3.920,-40.200,0.000,-35.000,5.42895,5.25024,21.92,-8.067,-25.852,-8.067,-25.852,-7.988,-6.999,1.00000,74.342,12.527,-40.023
[SHELL] ccB:277,2147517967,1,-21.952,-19.970,41.922,19.754,65.531,80.246,18.546,52.403,81.454
[SHELL] ccA:278,364223631,618889,-0.125,-37.873,0.000,-35.000,5.20179,5.02311,21.94,-7.986,-25.897,-7.986,-25.897,-7.988,-6.997,1.00000,74.342,-12.777,-35.724
[SHELL] ccB:278,20697,1,-37.537,13.991,23.546,22.479,76.789,77.521,19.754,65.531,80.246
[SHELL] ccA:279,364333595,618890,-5.577,-33.942,0.000,-35.000,4.97346,4.79479,21.90,-7.874,-25.976,-7.874,-25.976,-7.986,-6.998,1.00000,74.342,1.623,-32.160
[SHELL] ccB:279,2147517969,1,-30.651,6.778,23.872,19.904,80.096,66.794,22.479,76.789,77.521
[SHELL] ccA:280,364443615,618891,-3.733,-33.185,0.000,-35.000,4.74106,4.56236,21.95,-7.909,-25.992,-7.909,-25.992,-7.984,-6.999,1.00000,74.342,-9.090,-34.210
[SHELL] ccB:280,20689,1,-34.456,24.248,10.209,18.447,81.553,54.281,19.904,80.096,66.794
[SHELL] ccA:281,364553623,618892,-10.581,-34.875,0.000,-35.000,4.51784,4.33916,21.94,-7.767,-25.958,-7.767,-25.958,-7.978,-6.999,1.00000,74.342,-12.072,-35.540
[SHELL] ccB:281,2147517955,1,-32.535,32.475,0.060,18.747,81.253,42.352,18.447,81.553,54.281
[SHELL] ccA:282,364663607,618893,-2.584,-34.654,0.000,-35.000,4.28894,4.11023,21.92,-7.925,-25.963,-7.925,-25.963,-7.977,-6.999,1.00000,74.342,6.903,-33.769
[SHELL] ccB:282,20685,1,-33.623,23.378,10.245,20.573,79.427,29.947,18.747,81.253,42.352
[SHELL] ccA:283,364773627,618894,-5.313,-34.977,0.000,-35.000,4.05086,3.87216,21.94,-7.868,-25.956,-7.868,-25.956,-7.975,-6.999,1.00000,74.342,-17.530,-36.186
[SHELL] ccB:283,2147517953,1,-17.784,40.123,-22.338,26.877,78.637,21.363,20.573,79.427,29.947
[SHELL] ccA:284,364883631,618895,-8.297,-34.683,0.000,-35.000,3.82875,3.65004,21.94,-7.804,-25.962,-7.804,-25.962,-7.970,-6.999,1.00000,74.342,0.937,-33.179
[SHELL] ccB:284,20697,1,-21.771,32.584,-10.813,38.253,80.844,19.156,26.877,78.637,21.363
[SHELL] ccA:285,364993631,618896,0.278,-35.167,0.000,-35.000,3.61027,3.43156,21.94,-7.976,-25.953,-7.976,-25.953,-7.971,-6.999,1.00000,74.342,-0.381,-37.155
[SHELL] ccB:285,2147517951,1,-16.443,37.078,-20.635,50.449,81.627,18.373,38.253,80.844,19.156
[SHELL] ccA:286,365103675,618897,-5.884,-35.590,0.000,-35.000,3.37216,3.19342,22.03,-7.850,-25.944,-7.850,-25.944,-7.968,-6.999,1.00000,74.342,-11.387,-34.025
[SHELL] ccB:286,20719,1,3.310,29.286,-32.595,63.106,80.656,19.344,50.449,81.627,18.373
[SHELL] ccA:287,365213639,618898,0.541,-33.280,0.000,-35.000,3.13898,2.96025,21.97,-7.979,-25.991,-7.979,-25.991,-7.968,-7.000,1.00000,74.342,12.469,-32.535
[SHELL] ccB:287,2147517947,1,-12.384,34.396,-22.012,75.293,78.105,21.895,63.106,80.656,19.344
[SHELL] ctrlcap v1 armed=0 count=512 clock_hz=550000000 decimation=1
[SHELL] ccA:index,cycles,seq,id,iq,idref,iqref,theta,actangle,age_us,vdreq,vqreq,vd,vq,intd,intq,scale,bus,raw_id,raw_iq
[SHELL] ccB:index,timer,valid,ia,ib,ic,du,dv,dw,active_u,active_v,active_w
[SHELL] ccA:288,365323635,618899,-0.560,-33.659,0.000,-35.000,2.90272,2.72401,21.94,-7.956,-25.984,-7.956,-25.984,-7.968,-7.000,1.00000,74.342,-13.588,-34.782
[SHELL] ccB:288,20699,1,21.432,15.767,-37.198,79.923,67.896,20.077,75.293,78.105,21.895
[SHELL] ccA:289,365433683,618900,-8.506,-34.339,0.000,-35.000,2.68226,2.50351,22.05,-7.793,-25.971,-7.793,-25.971,-7.963,-7.001,1.00000,74.342,-3.425,-33.895
[SHELL] ccB:289,2147517925,1,18.097,15.948,-34.045,81.369,56.418,18.631,79.923,67.896,20.077
[SHELL] ccA:290,365543659,618901,-0.545,-35.910,0.000,-35.000,2.44928,2.27054,21.97,-7.952,-25.939,-7.952,-25.939,-7.963,-7.000,1.00000,74.342,2.335,-37.925
[SHELL] ccB:290,20711,1,22.410,15.368,-37.778,81.373,43.375,18.627,81.369,56.418,18.631
[SHELL] ccA:291,365653631,618902,-5.377,-35.741,0.000,-35.000,2.22551,2.04680,21.94,-7.853,-25.942,-7.853,-25.942,-7.960,-7.000,1.00000,74.342,-13.089,-33.557
[SHELL] ccB:291,2147517951,1,34.588,-8.589,-25.999,79.751,31.683,20.249,81.373,43.375,18.627
[SHELL] ccA:292,365763687,618903,-2.749,-31.538,0.000,-35.000,1.99069,1.81123,22.02,-7.904,-26.107,-7.904,-26.107,-7.959,-7.002,1.00000,74.342,7.592,-29.519
[SHELL] ccB:292,20725,1,23.860,4.495,-28.355,78.330,21.670,25.072,79.751,31.683,20.249
[SHELL] ccA:293,365873635,618904,-2.180,-30.809,0.000,-35.000,1.76298,1.58352,21.99,-7.914,-26.124,-7.914,-26.124,-7.958,-7.004,1.00000,74.342,-11.951,-32.099
[SHELL] ccB:293,2147517949,1,33.791,-21.746,-12.045,80.870,19.130,36.793,78.330,21.670,25.072
[SHELL] ccA:294,365983615,618905,-7.782,-32.710,0.000,-35.000,1.52863,1.34918,21.94,-7.798,-26.087,-7.798,-26.087,-7.954,-7.005,1.00000,74.342,-3.613,-33.320
[SHELL] ccB:294,20689,1,33.138,-20.912,-12.226,81.716,18.284,49.368,80.870,19.130,36.793
[SHELL] ccA:295,366093623,618906,1.968,-34.799,0.000,-35.000,1.30253,1.12308,21.95,-7.994,-26.045,-7.994,-26.045,-7.955,-7.005,1.00000,74.342,7.549,-36.277
[SHELL] ccB:295,2147517955,1,36.980,-20.513,-16.467,80.959,19.041,62.100,81.716,18.284,49.368
[SHELL] ccA:296,366203651,618907,-3.636,-33.656,0.000,-35.000,1.08112,0.90164,21.94,-7.880,-26.069,-7.880,-26.069,-7.953,-7.006,1.00000,74.342,-14.822,-31.035
[SHELL] ccB:296,20707,1,20.417,-34.177,13.760,78.715,21.285,73.361,80.959,19.041,62.100
[SHELL] ccA:297,366313427,618908,-6.546,-31.244,0.000,-35.000,0.84598,0.66653,21.97,-7.819,-26.119,-7.819,-26.119,-7.950,-7.008,1.00000,74.342,1.731,-31.453
[SHELL] ccB:297,2147518053,1,24.694,-29.284,4.591,70.183,20.454,79.546,78.715,21.285,73.361
[SHELL] ccA:298,366423255,618909,-2.821,-32.644,0.000,-35.000,0.62163,0.44212,21.59,-7.892,-26.092,-7.892,-26.092,-7.948,-7.009,1.00000,74.342,-7.372,-33.836
[SHELL] ccB:298,20509,1,13.712,-34.395,20.683,58.132,18.594,81.406,70.183,20.454,79.546
[SHELL] ccA:299,366533315,618910,-7.070,-34.658,0.000,-35.000,0.38884,0.20942,21.62,-7.804,-26.052,-7.804,-26.052,-7.945,-7.009,1.00000,74.342,-6.769,-35.481
[SHELL] ccB:299,2147518109,1,7.188,-34.250,27.062,45.527,18.425,81.575,58.132,18.594,81.406
[SHELL] ccA:300,366643311,618911,2.827,-35.813,0.000,-35.000,0.16004,6.26373,21.79,-8.003,-26.028,-8.003,-26.028,-7.946,-7.008,1.00000,74.342,12.424,-36.145
[SHELL] ccB:300,20537,1,18.025,-38.200,20.176,32.834,19.866,80.134,45.527,18.425,81.575
[SHELL] ccA:301,366753159,618912,-1.690,-37.044,0.000,-35.000,6.21961,6.04019,21.49,-7.912,-26.003,-7.912,-26.003,-7.945,-7.007,1.00000,74.342,-15.804,-37.944
[SHELL] ccB:301,2147518187,1,-18.183,-22.833,41.016,22.349,23.284,77.651,32.834,19.866,80.134
[SHELL] ccA:302,366863163,618913,-7.531,-36.741,0.000,-35.000,5.99115,5.81169,21.52,-7.791,-26.008,-7.791,-26.008,-7.942,-7.007,1.00000,74.342,0.743,-35.538
[SHELL] ccB:302,20463,1,-9.521,-24.899,34.419,19.645,34.617,80.355,22.349,23.284,77.651
[SHELL] ccA:303,366973163,618914,-1.192,-38.419,0.000,-35.000,5.76145,5.58200,21.53,-7.917,-25.973,-7.917,-25.973,-7.941,-7.005,1.00000,74.342,-3.126,-41.300
[SHELL] ccB:303,2147518185,1,-23.293,-18.013,41.306,18.409,47.255,81.591,19.645,34.617,80.355
[SHELL] ctrlcap v1 armed=0 count=512 clock_hz=550000000 decimation=1
[SHELL] ccA:index,cycles,seq,id,iq,idref,iqref,theta,actangle,age_us,vdreq,vqreq,vd,vq,intd,intq,scale,bus,raw_id,raw_iq
[SHELL] ccB:index,timer,valid,ia,ib,ic,du,dv,dw,active_u,active_v,active_w
[SHELL] ccA:304,367083167,618915,-3.515,-40.405,0.000,-35.000,5.53482,5.35536,21.50,-7.869,-25.930,-7.869,-25.930,-7.939,-7.002,1.00000,74.342,-3.904,-39.509
[SHELL] ccB:304,20465,1,-29.745,-7.900,37.645,18.917,59.534,81.083,18.409,47.255,81.591
[SHELL] ccA:305,367193239,618916,8.463,-38.496,0.000,-35.000,5.30231,5.12288,21.58,-8.113,-25.967,-8.113,-25.967,-7.944,-7.000,1.00000,74.342,20.830,-37.483
[SHELL] ccB:305,2147518147,1,-19.560,-23.268,42.828,21.011,72.178,78.989,18.917,59.534,81.083
[SHELL] ccA:306,367303239,618917,7.354,-36.237,0.000,-35.000,5.07982,4.90036,21.59,-8.094,-26.011,-8.094,-26.011,-7.947,-7.000,1.00000,73.902,-6.122,-34.991
[SHELL] ccB:306,20501,1,-34.855,11.490,23.365,20.721,79.279,72.034,21.011,72.178,78.989
[SHELL] ccA:307,367413211,618918,-0.487,-34.046,0.000,-35.000,4.84802,4.66857,21.56,-7.937,-26.056,-7.937,-26.056,-7.947,-7.000,1.00000,73.902,5.148,-33.101
[SHELL] ccB:307,2147518161,1,-32.100,7.757,24.344,18.621,81.379,60.119,20.721,79.279,72.034
[SHELL] ccA:308,367523239,618919,4.460,-33.985,0.000,-35.000,4.60681,4.42736,21.59,-8.038,-26.057,-8.038,-26.057,-7.949,-7.001,1.00000,73.902,3.772,-34.869
[SHELL] ccB:308,20501,1,-35.072,17.470,17.602,18.103,81.897,46.644,18.621,81.379,60.119
[SHELL] ccA:309,367633219,618920,-1.216,-34.426,0.000,-35.000,4.38052,4.20110,21.55,-7.924,-26.049,-7.924,-26.049,-7.949,-7.001,1.00000,74.342,-6.203,-33.982
[SHELL] ccB:309,2147518157,1,-30.107,29.721,0.386,19.544,80.456,34.659,18.103,81.897,46.644
[SHELL] ccA:310,367743263,618921,3.703,-33.473,0.000,-35.000,4.16276,3.98333,21.64,-8.025,-26.069,-8.025,-26.069,-7.951,-7.002,1.00000,74.342,13.608,-32.964
[SHELL] ccB:310,20513,1,-35.217,22.472,12.746,22.178,77.822,23.418,19.544,80.456,34.659
[SHELL] ccA:311,367853191,618922,2.776,-34.281,0.000,-35.000,3.93211,3.75266,21.56,-8.007,-26.053,-8.007,-26.053,-7.952,-7.002,1.00000,74.342,-8.056,-35.598
[SHELL] ccB:311,2147518171,1,-19.633,36.462,-16.829,33.073,80.209,19.791,22.178,77.822,23.418
[SHELL] ccA:312,367963183,618923,-1.936,-35.698,0.000,-35.000,3.70059,3.52117,21.52,-7.912,-26.024,-7.912,-26.024,-7.951,-7.002,1.00000,74.342,4.183,-35.799
[SHELL] ccB:312,20473,1,-22.532,35.628,-13.096,45.372,81.573,18.427,33.073,80.209,19.791
[SHELL] ccA:313,368073163,618924,8.327,-37.648,0.000,-35.000,3.47599,3.29656,21.49,-8.122,-25.984,-8.122,-25.984,-7.955,-7.001,1.00000,74.342,12.471,-39.497
[SHELL] ccB:313,2147518185,1,-24.743,41.137,-16.394,58.099,81.367,18.633,45.372,81.573,18.427
[SHELL] ccA:314,368183207,618925,3.289,-35.744,0.000,-35.000,3.24196,3.06250,21.56,-8.023,-26.021,-8.023,-26.021,-7.957,-7.000,1.00000,74.342,-5.893,-31.991
[SHELL] ccB:314,20485,1,2.657,26.749,-29.406,70.285,79.480,20.520,58.099,81.367,18.633
[SHELL] ccA:315,368293195,618926,5.802,-29.986,0.000,-35.000,3.00685,2.82734,21.55,-8.076,-26.139,-8.076,-26.139,-7.960,-7.003,1.00000,74.342,17.497,-27.980
[SHELL] ccB:315,2147518169,1,-13.580,32.838,-19.258,78.925,73.177,21.075,70.285,79.480,20.520
[SHELL] ccA:316,368403495,618927,6.890,-30.530,0.000,-35.000,2.77936,2.59990,21.55,-8.101,-26.130,-8.101,-26.130,-7.963,-7.005,1.00000,73.902,-3.716,-33.080
[SHELL] ccB:316,20629,1,15.198,18.050,-33.248,81.388,61.297,18.612,78.925,73.177,21.075
[SHELL] ccA:317,368514011,618928,-0.726,-33.943,0.000,-35.000,2.55284,2.37360,22.47,-7.948,-26.063,-7.948,-26.063,-7.963,-7.005,1.00000,74.342,2.265,-34.805
[SHELL] ccB:317,2147517761,1,17.445,17.434,-34.879,81.737,49.077,18.263,81.388,61.297,18.612
[SHELL] ccA:318,368623795,618929,10.455,-35.495,0.000,-35.000,2.32031,2.14080,22.09,-8.177,-26.031,-8.177,-26.031,-7.968,-7.005,1.00000,74.342,18.646,-36.184
[SHELL] ccB:318,20779,1,13.784,26.277,-40.062,80.734,35.955,19.266,81.737,49.077,18.263
[SHELL] ccA:319,368733815,618930,6.229,-34.509,0.000,-35.000,2.09961,1.92016,22.09,-8.096,-26.051,-8.096,-26.051,-7.971,-7.005,1.00000,74.342,-6.187,-32.835
[SHELL] ccB:319,2147517859,1,31.471,-6.016,-25.455,78.254,24.801,21.746,80.734,35.955,19.266
[SHELL] ctrlcap v1 armed=0 count=512 clock_hz=550000000 decimation=1
[SHELL] ccA:index,cycles,seq,id,iq,idref,iqref,theta,actangle,age_us,vdreq,vqreq,vd,vq,intd,intq,scale,bus,raw_id,raw_iq
[SHELL] ccB:index,timer,valid,ia,ib,ic,du,dv,dw,active_u,active_v,active_w
[SHELL] ccA:320,368843855,618931,2.935,-31.143,0.000,-35.000,1.86483,1.68539,22.15,-8.031,-26.121,-8.031,-26.121,-7.973,-7.007,1.00000,74.342,12.057,-29.452
[SHELL] ccB:320,20809,1,24.694,5.039,-29.732,80.013,19.987,31.617,78.254,24.801,21.746
[SHELL] ccA:321,368953835,618932,4.846,-30.744,0.000,-35.000,1.64077,1.46126,22.15,-8.072,-26.131,-8.072,-26.131,-7.975,-7.009,1.00000,74.342,-2.364,-32.037
[SHELL] ccB:321,2147517849,1,32.124,-16.164,-15.960,81.651,18.349,43.698,80.013,19.987,31.617
[SHELL] ccA:322,369063843,618933,-2.780,-31.737,0.000,-35.000,1.39809,1.21865,22.15,-7.918,-26.113,-7.918,-26.113,-7.974,-7.011,1.00000,74.342,-3.196,-31.437
[SHELL] ccB:322,20803,1,30.420,-22.615,-7.805,81.547,18.453,56.753,81.651,18.349,43.698
[SHELL] ccA:323,369173875,618934,8.940,-33.756,0.000,-35.000,1.17684,0.99733,22.16,-8.157,-26.073,-8.157,-26.073,-7.978,-7.012,1.00000,74.342,21.077,-36.075
[SHELL] ccB:323,2147517829,1,41.402,-15.838,-25.564,79.861,20.139,69.060,81.547,18.453,56.753
[SHELL] ccA:324,369283907,618935,6.894,-33.654,0.000,-35.000,0.94300,0.76355,22.21,-8.119,-26.075,-8.119,-26.075,-7.981,-7.012,1.00000,74.342,-7.289,-31.234
[SHELL] ccB:324,20835,1,20.997,-31.495,10.498,74.547,21.516,78.484,79.861,20.139,69.060
[SHELL] ccA:325,369393455,618936,-0.431,-31.556,0.000,-35.000,0.72012,0.54062,21.89,-7.973,-26.119,-7.973,-26.119,-7.981,-7.014,1.00000,74.342,6.427,-31.878
[SHELL] ccB:325,2147518039,1,25.853,-30.009,4.156,63.331,19.132,80.868,74.547,21.516,78.484
[SHELL] ccA:326,369503419,618937,4.565,-33.605,0.000,-35.000,0.48601,0.30656,21.76,-8.075,-26.079,-8.075,-26.079,-7.984,-7.015,1.00000,74.342,2.704,-35.333
[SHELL] ccB:326,20591,1,18.895,-35.410,16.515,50.346,18.198,81.802,63.331,19.132,80.868
[SHELL] ccA:327,369613499,618938,-2.954,-35.106,0.000,-35.000,0.25951,0.08007,21.76,-7.923,-26.049,-7.923,-26.049,-7.982,-7.015,1.00000,74.342,-8.611,-34.880
[SHELL] ccB:327,2147518017,1,0.628,-31.423,30.795,38.269,19.014,80.986,50.346,18.198,81.802
[SHELL] ccA:328,369723623,618939,4.576,-33.549,0.000,-35.000,0.03318,6.13691,21.95,-8.076,-26.081,-8.076,-26.081,-7.984,-7.015,1.00000,74.342,17.763,-32.218
[SHELL] ccB:328,20693,1,18.822,-36.787,17.965,26.209,21.314,78.686,38.269,19.014,80.986
[SHELL] ccA:329,369833599,618940,3.873,-34.526,0.000,-35.000,6.07904,5.89959,21.92,-8.064,-26.061,-8.064,-26.061,-7.986,-7.016,1.00000,74.342,-10.018,-36.834
[SHELL] ccB:329,2147517967,1,-17.277,-20.840,38.116,20.297,30.428,79.703,26.209,21.314,78.686
[SHELL] ccA:330,369943623,618941,-2.606,-37.003,0.000,-35.000,5.85357,5.67411,21.95,-7.933,-26.011,-7.933,-26.011,-7.985,-7.015,1.00000,74.342,4.805,-37.173
[SHELL] ccB:330,20693,1,-11.115,-25.443,36.558,18.641,42.229,81.359,20.297,30.428,79.703
[SHELL] ccA:331,370053647,618942,7.460,-39.249,0.000,-35.000,5.62217,5.44274,21.94,-8.138,-25.964,-8.138,-25.964,-7.989,-7.013,1.00000,73.902,10.115,-41.325
[SHELL] ccB:331,2147517943,1,-17.385,-24.935,42.321,18.264,55.348,81.736,18.641,42.229,81.359
[SHELL] ccA:332,370163691,618943,4.197,-39.082,0.000,-35.000,5.39493,5.21548,21.99,-8.075,-25.965,-8.075,-25.965,-7.991,-7.011,1.00000,73.902,-1.721,-36.839
[SHELL] ccB:332,20727,1,-29.672,-4.131,33.803,19.773,67.467,80.227,18.264,55.348,81.736
[SHELL] ccA:333,370273671,618944,9.429,-35.507,0.000,-35.000,5.15738,4.97793,21.99,-8.184,-26.036,-8.184,-26.036,-7.996,-7.010,1.00000,74.342,20.579,-34.174
[SHELL] ccB:333,2147517931,1,-21.988,-17.831,39.820,21.867,78.133,75.653,19.773,67.467,80.227
[SHELL] ccA:334,370383663,618945,8.603,-33.913,0.000,-35.000,4.93858,4.75913,21.97,-8.172,-26.069,-8.172,-26.069,-8.000,-7.011,1.00000,74.342,-3.372,-33.651
[SHELL] ccB:334,20713,1,-33.550,13.085,20.466,19.299,80.701,64.520,21.867,78.133,75.653
[SHELL] ccA:335,370493671,618946,-0.333,-34.230,0.000,-35.000,4.70838,4.52894,22.00,-7.993,-26.063,-7.993,-26.063,-8.000,-7.011,1.00000,74.342,2.706,-34.808
[SHELL] ccB:335,2147517931,1,-34.819,15.187,19.632,18.272,81.728,52.341,19.299,80.701,64.520
[SHELL] ctrlcap v1 armed=0 count=512 clock_hz=550000000 decimation=1
[SHELL] ccA:index,cycles,seq,id,iq,idref,iqref,theta,actangle,age_us,vdreq,vqreq,vd,vq,intd,intq,scale,bus,raw_id,raw_iq
[SHELL] ccB:index,timer,valid,ia,ib,ic,du,dv,dw,active_u,active_v,active_w
[SHELL] ccA:336,370603663,618947,8.141,-35.125,0.000,-35.000,4.47408,4.29463,21.99,-8.167,-26.045,-8.167,-26.045,-8.004,-7.011,1.00000,74.342,13.576,-35.443
[SHELL] ccB:336,20713,1,-37.646,14.643,23.003,18.825,81.175,39.166,18.272,81.728,52.341
[SHELL] ccA:337,370713667,618948,3.870,-34.302,0.000,-35.000,4.24398,4.06456,21.96,-8.083,-26.062,-8.083,-26.062,-8.006,-7.012,1.00000,74.342,-5.837,-33.161
[SHELL] ccB:337,2147517933,1,-26.954,30.953,-3.999,21.041,78.959,27.301,18.825,81.175,39.166
[SHELL] ccA:338,370823683,618949,5.532,-32.047,0.000,-35.000,4.01497,3.83552,21.99,-8.119,-26.108,-8.119,-26.108,-8.008,-7.013,1.00000,74.342,16.900,-30.934
[SHELL] ccB:338,20723,1,-34.565,23.269,11.296,28.902,79.430,20.570,21.041,78.959,27.301
[SHELL] ccA:339,370933727,618950,8.022,-33.108,0.000,-35.000,3.78824,3.60881,22.03,-8.173,-26.088,-8.173,-26.088,-8.012,-7.014,1.00000,74.342,-0.856,-35.283
[SHELL] ccB:339,2147517903,1,-20.575,35.121,-14.546,41.015,81.422,18.578,28.902,79.430,20.570
[SHELL] ccA:340,371043683,618951,0.357,-35.262,0.000,-35.000,3.55202,3.37257,21.99,-8.020,-26.045,-8.020,-26.045,-8.013,-7.014,1.00000,74.342,1.570,-35.242
[SHELL] ccB:340,20723,1,-15.501,35.193,-19.693,53.722,81.673,18.327,41.015,81.422,18.578
[SHELL] ccA:341,371153683,618952,11.717,-35.775,0.000,-35.000,3.31912,3.13963,22.01,-8.253,-26.034,-8.253,-26.034,-8.018,-7.013,1.00000,74.342,21.864,-36.309
[SHELL] ccB:341,2147517925,1,-27.932,41.572,-13.640,66.755,80.309,19.691,53.722,81.673,18.327
[SHELL] ccA:342,371263691,618953,7.621,-34.523,0.000,-35.000,3.09082,2.91136,22.01,-8.175,-26.059,-8.175,-26.059,-8.022,-7.014,1.00000,74.342,-6.622,-32.736
[SHELL] ccB:342,20727,1,8.275,23.885,-32.161,77.720,77.046,22.280,66.755,80.309,19.691
[SHELL] ccA:343,371373679,618954,0.867,-31.566,0.000,-35.000,2.86145,2.68200,21.99,-8.040,-26.120,-8.040,-26.120,-8.023,-7.015,1.00000,74.342,8.356,-30.396
[SHELL] ccB:343,2147517927,1,0.374,27.111,-27.485,80.517,65.715,19.483,77.720,77.046,22.280
[SHELL] ccA:344,371483751,618955,4.086,-33.398,0.000,-35.000,2.62860,2.44909,22.11,-8.107,-26.084,-8.107,-26.084,-8.025,-7.016,1.00000,74.342,-0.183,-36.401
[SHELL] ccB:344,20757,1,18.025,18.376,-36.401,81.775,52.941,18.225,80.517,65.715,19.483
[SHELL] ccA:345,371593707,618956,-1.655,-35.925,0.000,-35.000,2.39688,2.21742,22.01,-7.991,-26.033,-7.991,-26.033,-8.024,-7.016,1.00000,74.342,-3.126,-35.449
[SHELL] ccB:345,2147517913,1,26.325,7.576,-33.900,81.240,40.445,18.760,81.775,52.941,18.225
[SHELL] ccA:346,371703735,618957,8.269,-35.509,0.000,-35.000,2.17307,1.99365,21.98,-8.193,-26.041,-8.193,-26.041,-8.028,-7.015,1.00000,74.342,19.665,-35.568
[SHELL] ccB:346,20749,1,18.170,22.399,-40.569,79.223,28.267,20.777,81.240,40.445,18.760
[SHELL] ccA:347,371813775,618958,5.555,-34.458,0.000,-35.000,1.93969,1.76025,22.07,-8.142,-26.063,-8.142,-26.063,-8.031,-7.016,1.00000,74.342,-8.554,-33.348
[SHELL] ccB:347,2147517879,1,34.190,-13.591,-20.599,79.169,20.831,28.026,79.223,28.267,20.777
[SHELL] ccA:348,371923759,618959,-2.058,-32.489,0.000,-35.000,1.70971,1.53020,22.07,-7.989,-26.103,-7.989,-26.103,-8.030,-7.017,1.00000,74.342,4.438,-31.629
[SHELL] ccB:348,20761,1,30.710,-7.756,-22.955,81.252,18.748,39.813,79.169,20.831,28.026
[SHELL] ccA:349,372033755,618960,3.580,-33.256,0.000,-35.000,1.48177,1.30231,22.07,-8.103,-26.089,-8.103,-26.089,-8.032,-7.018,1.00000,74.342,2.722,-34.883
[SHELL] ccB:349,2147517889,1,34.987,-17.831,-17.156,81.790,18.210,52.537,81.252,18.748,39.813
[SHELL] ccA:350,372143803,618961,-3.238,-33.187,0.000,-35.000,1.24768,1.06819,22.16,-7.965,-26.091,-7.965,-26.091,-8.030,-7.019,1.00000,74.342,-9.198,-31.491
[SHELL] ccB:350,20783,1,26.941,-29.683,2.742,80.582,19.418,64.963,81.790,18.210,52.537
[SHELL] ccA:351,372253795,618962,3.678,-32.557,0.000,-35.000,1.01789,0.83844,22.05,-8.105,-26.105,-8.105,-26.105,-8.032,-7.020,1.00000,74.342,16.553,-33.623
[SHELL] ccB:351,2147517869,1,37.306,-21.746,-15.561,77.793,22.207,76.915,80.582,19.418,64.963
[SHELL] ctrlcap v1 armed=0 count=512 clock_hz=550000000 decimation=1
[SHELL] ccA:index,cycles,seq,id,iq,idref,iqref,theta,actangle,age_us,vdreq,vqreq,vd,vq,intd,intq,scale,bus,raw_id,raw_iq
[SHELL] ccB:index,timer,valid,ia,ib,ic,du,dv,dw,active_u,active_v,active_w
[SHELL] ccA:352,372363667,618963,4.297,-32.764,0.000,-35.000,0.79206,0.61257,22.25,-8.120,-26.102,-8.120,-26.102,-8.034,-7.021,1.00000,74.342,-7.960,-31.904
[SHELL] ccB:352,20715,1,17.119,-32.873,15.754,66.877,19.683,80.317,77.793,22.207,76.915
[SHELL] ccA:353,372473407,618964,-3.277,-32.677,0.000,-35.000,0.55899,0.37954,21.73,-7.967,-26.105,-7.967,-26.105,-8.032,-7.022,1.00000,74.342,1.405,-33.451
[SHELL] ccB:353,2147518063,1,18.931,-33.380,14.449,54.584,18.316,81.684,66.877,19.683,80.317
[SHELL] ccA:354,372583467,618965,5.720,-34.226,0.000,-35.000,0.32935,0.14989,21.76,-8.150,-26.074,-8.150,-26.074,-8.035,-7.023,1.00000,74.342,10.035,-35.001
[SHELL] ccB:354,20615,1,20.816,-36.279,15.464,41.597,18.548,81.452,54.584,18.316,81.684
[SHELL] ccA:355,372693587,618966,-0.435,-33.502,0.000,-35.000,0.09950,6.20326,21.89,-8.026,-26.090,-8.026,-26.090,-8.035,-7.023,1.00000,74.342,-10.905,-32.004
[SHELL] ccB:355,2147517973,1,-7.672,-24.681,32.354,29.654,20.451,79.549,41.597,18.548,81.452
[SHELL] ccA:356,372803607,618967,-0.576,-32.215,0.000,-35.000,6.15046,5.97101,21.92,-8.023,-26.117,-8.023,-26.117,-8.035,-7.025,1.00000,74.342,9.753,-32.426
[SHELL] ccB:356,20685,1,5.376,-31.640,26.265,21.163,26.671,78.837,29.654,20.451,79.549
[SHELL] ccA:357,372913623,618968,0.970,-35.082,0.000,-35.000,5.92857,5.74911,21.96,-8.055,-26.059,-8.055,-26.059,-8.035,-7.025,1.00000,74.342,-7.812,-37.739
[SHELL] ccB:357,2147517955,1,-20.430,-18.085,38.515,18.946,38.347,81.054,21.163,26.671,78.837
[SHELL] ccA:358,373023639,618969,-3.670,-39.062,0.000,-35.000,5.69259,5.51314,21.96,-7.960,-25.978,-7.960,-25.978,-8.033,-7.023,1.00000,74.342,0.472,-40.386
[SHELL] ccB:358,20701,1,-22.097,-18.230,40.327,18.356,51.106,81.644,18.946,38.347,81.054
[SHELL] ccA:359,373133667,618970,9.152,-40.341,0.000,-35.000,5.46545,5.28600,21.98,-8.221,-25.949,-8.221,-25.949,-8.038,-7.020,1.00000,74.342,17.832,-40.295
[SHELL] ccB:359,2147517933,1,-17.204,-26.530,43.734,19.330,63.949,80.670,18.356,51.106,81.644
[SHELL] ccA:360,373243735,618971,6.039,-37.610,0.000,-35.000,5.23361,5.05410,22.09,-8.162,-26.003,-8.162,-26.003,-8.041,-7.019,1.00000,73.902,-5.753,-34.924
[SHELL] ccB:360,20749,1,-33.152,5.836,27.316,21.761,75.840,78.239,19.330,63.949,80.670
[SHELL] ccA:361,373353679,618972,3.130,-32.323,0.000,-35.000,4.99939,4.81995,21.97,-8.105,-26.110,-8.105,-26.110,-8.043,-7.020,1.00000,74.342,12.012,-29.722
[SHELL] ccB:361,2147517927,1,-25.105,-4.711,29.816,19.872,80.128,67.884,21.761,75.840,78.239
[SHELL] ccA:362,373463663,618973,4.494,-31.047,0.000,-35.000,4.77634,4.59689,21.98,-8.135,-26.137,-8.135,-26.137,-8.045,-7.022,1.00000,74.342,-3.024,-32.372
[SHELL] ccB:362,20713,1,-32.499,17.072,15.428,18.292,81.708,55.864,19.872,80.128,67.884
[SHELL] ccA:363,373573683,618974,-4.133,-32.869,0.000,-35.000,4.54519,4.36572,22.01,-7.960,-26.102,-7.960,-26.102,-8.043,-7.023,1.00000,74.342,-5.242,-33.366
[SHELL] ccB:363,2147517925,1,-32.028,25.299,6.729,18.436,81.564,43.459,18.292,81.708,55.864
[SHELL] ccA:364,373683683,618975,4.275,-33.496,0.000,-35.000,4.30972,4.13027,22.01,-8.130,-26.090,-8.130,-26.090,-8.045,-7.024,1.00000,74.342,13.791,-33.626
[SHELL] ccB:364,20723,1,-36.341,18.594,17.747,20.213,79.787,30.545,18.436,81.564,43.459
[SHELL] ccA:365,373793707,618976,0.542,-33.221,0.000,-35.000,4.07824,3.89879,22.01,-8.056,-26.097,-8.056,-26.097,-8.045,-7.025,1.00000,74.342,-12.707,-32.816
[SHELL] ccB:365,2147517913,1,-18.908,35.157,-16.249,25.645,78.540,21.460,20.213,79.787,30.545
[SHELL] ccA:366,373903759,618977,-4.279,-32.903,0.000,-35.000,3.85581,3.67631,22.12,-7.957,-26.104,-7.957,-26.104,-8.043,-7.026,1.00000,74.342,4.148,-32.989
[SHELL] ccB:366,20761,1,-24.743,31.605,-6.862,36.974,80.888,19.112,25.645,78.540,21.460
[SHELL] ccA:367,374013711,618978,2.783,-35.311,0.000,-35.000,3.61660,3.43718,21.99,-8.100,-26.056,-8.100,-26.056,-8.044,-7.026,1.00000,74.342,1.418,-37.634
[SHELL] ccB:367,2147517911,1,-18.473,37.658,-19.185,50.320,81.785,18.215,36.974,80.888,19.112
[SHELL] ctrlcap v1 armed=0 count=512 clock_hz=550000000 decimation=1
[SHELL] ccA:index,cycles,seq,id,iq,idref,iqref,theta,actangle,age_us,vdreq,vqreq,vd,vq,intd,intq,scale,bus,raw_id,raw_iq
[SHELL] ccB:index,timer,valid,ia,ib,ic,du,dv,dw,active_u,active_v,active_w
[SHELL] ccA:368,374123687,618979,-2.569,-36.430,0.000,-35.000,3.39414,3.21468,22.00,-7.992,-26.032,-7.992,-26.032,-8.043,-7.025,1.00000,74.342,-6.557,-35.227
[SHELL] ccB:368,20725,1,-2.453,32.185,-29.732,62.246,80.925,19.075,50.320,81.785,18.215
[SHELL] ccA:369,374233743,618980,3.991,-36.425,0.000,-35.000,3.17023,2.99072,22.11,-8.125,-26.032,-8.125,-26.032,-8.045,-7.024,1.00000,74.342,14.538,-37.624
[SHELL] ccB:369,2147517895,1,-15.610,40.014,-24.404,74.102,78.558,21.442,62.246,80.925,19.075
[SHELL] ccA:370,374343699,618981,1.429,-36.775,0.000,-35.000,2.93326,2.75376,22.03,-8.074,-26.024,-8.074,-26.024,-8.046,-7.023,1.00000,74.342,-11.680,-35.927
[SHELL] ccB:370,20731,1,18.858,18.920,-37.778,79.723,69.291,20.277,74.102,78.558,21.442
[SHELL] ccA:371,374453711,618982,-4.677,-35.728,0.000,-35.000,2.70941,2.52995,22.01,-7.950,-26.045,-7.950,-26.045,-8.043,-7.023,1.00000,74.342,2.326,-35.529
[SHELL] ccB:371,2147517911,1,12.769,22.399,-35.169,81.415,57.629,18.585,79.723,69.291,20.277
[SHELL] ccA:372,374563755,618983,4.934,-36.319,0.000,-35.000,2.46983,2.29032,22.12,-8.145,-26.032,-8.145,-26.032,-8.046,-7.022,1.00000,74.342,7.542,-37.108
[SHELL] ccB:372,20759,1,17.191,20.623,-37.815,81.592,44.106,18.408,81.415,57.629,18.585
[SHELL] ccA:373,374673723,618984,1.452,-35.723,0.000,-35.000,2.24438,2.06487,22.03,-8.076,-26.044,-8.076,-26.044,-8.047,-7.022,1.00000,74.342,-4.639,-34.338
[SHELL] ccB:373,2147517905,1,29.732,0.544,-30.276,80.048,32.162,19.952,81.592,44.106,18.408
[SHELL] ccA:374,374783751,618985,6.189,-32.810,0.000,-35.000,2.01661,1.83716,22.04,-8.174,-26.103,-8.174,-26.103,-8.050,-7.023,1.00000,74.342,17.017,-31.283
[SHELL] ccB:374,20757,1,20.888,14.534,-35.422,78.167,21.833,24.196,80.048,32.162,19.952
[SHELL] ccA:375,374893831,618986,5.325,-32.034,0.000,-35.000,1.77849,1.59900,22.17,-8.159,-26.120,-8.159,-26.120,-8.052,-7.025,1.00000,74.342,-6.366,-32.784
[SHELL] ccB:375,2147517851,1,33.392,-16.237,-17.156,80.894,19.106,36.391,78.167,21.833,24.196
[SHELL] ccA:376,375003767,618987,-2.606,-32.972,0.000,-35.000,1.55449,1.37507,22.03,-7.999,-26.102,-7.999,-26.102,-8.051,-7.026,1.00000,74.342,1.155,-33.160
[SHELL] ccB:376,20765,1,33.175,-16.055,-17.119,81.788,18.212,48.319,80.894,19.106,36.391
[SHELL] ccA:377,375113767,618988,6.696,-35.056,0.000,-35.000,1.32168,1.14218,22.08,-8.188,-26.061,-8.188,-26.061,-8.054,-7.026,1.00000,74.342,12.237,-36.952
[SHELL] ccB:377,2147517883,1,38.829,-17.034,-21.795,81.126,18.874,61.461,81.788,18.212,48.319
[SHELL] ccA:378,375223799,618989,1.306,-34.160,0.000,-35.000,1.09755,0.91810,22.08,-8.081,-26.079,-8.081,-26.079,-8.055,-7.026,1.00000,74.342,-9.625,-31.368
[SHELL] ccB:378,20781,1,23.534,-31.568,8.034,78.915,21.085,72.944,81.126,18.874,61.461
[SHELL] ccA:379,375333599,618990,-0.758,-31.241,0.000,-35.000,0.86710,0.68759,22.15,-8.040,-26.139,-8.040,-26.139,-8.055,-7.028,1.00000,74.342,8.109,-31.115
[SHELL] ccB:379,2147517967,1,28.970,-26.566,-2.404,70.938,20.525,79.475,78.915,21.085,72.944
[SHELL] ccA:380,375443403,618991,1.987,-32.485,0.000,-35.000,0.63633,0.45688,21.71,-8.095,-26.116,-8.095,-26.116,-8.056,-7.029,1.00000,74.342,-4.135,-33.855
[SHELL] ccB:380,20583,1,16.792,-34.105,17.312,58.587,18.537,81.463,70.938,20.525,79.475
[SHELL] ccA:381,375553471,618992,-1.137,-33.369,0.000,-35.000,0.40456,0.22505,21.79,-8.032,-26.099,-8.032,-26.099,-8.055,-7.030,1.00000,74.342,1.861,-32.884
[SHELL] ccB:381,2147518031,1,14.654,-32.873,18.218,45.953,18.276,81.724,58.587,18.537,81.463
[SHELL] ccA:382,375663559,618993,10.490,-33.253,0.000,-35.000,0.17542,6.27917,21.83,-8.270,-26.102,-8.270,-26.102,-8.060,-7.031,1.00000,74.342,19.119,-33.622
[SHELL] ccB:382,20661,1,24.694,-38.128,13.434,33.102,19.632,80.368,45.953,18.276,81.724
[SHELL] ccA:383,375773687,618994,4.980,-34.565,0.000,-35.000,6.23078,6.05135,22.04,-8.162,-26.076,-8.162,-26.076,-8.063,-7.031,1.00000,74.342,-9.159,-35.508
[SHELL] ccB:383,2147517923,1,-11.007,-24.790,35.797,22.252,22.990,77.748,33.102,19.632,80.368
[SHELL] ctrlcap v1 armed=0 count=512 clock_hz=550000000 decimation=1
[SHELL] ccA:index,cycles,seq,id,iq,idref,iqref,theta,actangle,age_us,vdreq,vqreq,vd,vq,intd,intq,scale,bus,raw_id,raw_iq
[SHELL] ccB:index,timer,valid,ia,ib,ic,du,dv,dw,active_u,active_v,active_w
[SHELL] ccA:384,375883607,618995,-0.395,-33.644,0.000,-35.000,5.99296,5.81353,21.91,-8.055,-26.095,-8.055,-26.095,-8.063,-7.032,1.00000,74.342,8.369,-31.780
[SHELL] ccB:384,20685,1,-1.076,-27.907,28.983,19.409,34.870,80.591,22.252,22.990,77.748
[SHELL] ccA:385,375993623,618996,4.855,-35.258,0.000,-35.000,5.76238,5.58292,21.96,-8.162,-26.063,-8.162,-26.063,-8.065,-7.032,1.00000,74.342,1.342,-38.736
[SHELL] ccB:385,2147517955,1,-18.110,-20.622,38.732,18.215,47.608,81.785,19.409,34.870,80.591
[SHELL] ccA:386,376103663,618997,-0.249,-37.687,0.000,-35.000,5.52963,5.35018,21.95,-8.060,-26.013,-8.060,-26.013,-8.065,-7.030,1.00000,74.342,-1.840,-36.637
[SHELL] ccB:386,20713,1,-26.410,-8.843,35.253,18.825,60.176,81.175,18.215,47.608,81.785
[SHELL] ccA:387,376213667,618998,9.065,-35.932,0.000,-35.000,5.29780,5.11838,21.96,-8.251,-26.047,-8.251,-26.047,-8.070,-7.030,1.00000,74.342,19.970,-35.228
[SHELL] ccB:387,2147517933,1,-18.328,-22.108,40.436,20.994,72.700,79.006,18.825,60.176,81.175
[SHELL] ccA:388,376323711,618999,5.050,-33.194,0.000,-35.000,5.06950,4.89004,22.00,-8.173,-26.103,-8.173,-26.103,-8.072,-7.031,1.00000,74.342,-9.869,-31.160
[SHELL] ccB:388,20737,1,-32.644,14.897,17.747,20.625,79.375,71.380,20.994,72.700,79.006
[SHELL] ccA:389,376433675,619000,-4.666,-31.551,0.000,-35.000,4.83664,4.65720,22.00,-7.976,-26.137,-7.976,-26.137,-8.070,-7.032,1.00000,74.342,0.537,-31.942
[SHELL] ccB:389,2147517929,1,-31.629,11.925,19.704,18.637,81.363,59.449,20.625,79.375,71.380
[SHELL] ccA:390,376543695,619001,0.054,-33.347,0.000,-35.000,4.61047,4.43102,22.01,-8.071,-26.102,-8.071,-26.102,-8.070,-7.033,1.00000,74.342,-0.429,-34.753
[SHELL] ccB:390,20729,1,-34.529,20.696,13.833,18.225,81.775,46.824,18.637,81.363,59.449
[SHELL] ccA:391,376653675,619002,-6.544,-34.051,0.000,-35.000,4.37354,4.19408,21.98,-7.936,-26.089,-7.936,-26.089,-8.066,-7.034,1.00000,74.342,-12.660,-33.348
[SHELL] ccB:391,2147517929,1,-27.244,33.562,-6.319,19.560,80.440,34.267,18.225,81.775,46.824
[SHELL] ccA:392,376763707,619003,-2.235,-32.843,0.000,-35.000,4.15495,3.97475,21.99,-8.021,-26.193,-8.021,-26.193,-8.065,-7.035,1.00000,74.342,8.190,-32.337
[SHELL] ccB:392,20735,1,-31.774,24.683,7.092,22.168,77.832,22.960,19.560,80.440,34.267
[SHELL] ccA:393,376873727,619004,-2.976,-34.600,0.000,-35.000,3.92339,3.74314,22.03,-8.004,-26.158,-8.004,-26.158,-8.064,-7.035,1.00000,74.342,-14.143,-36.863
[SHELL] ccB:393,2147517903,1,-15.936,39.253,-23.317,33.447,80.400,19.600,22.168,77.832,22.960
[SHELL] ccA:394,376983719,619005,-7.005,-36.327,0.000,-35.000,3.69324,3.51306,22.03,-7.920,-26.123,-7.920,-26.123,-8.060,-7.034,1.00000,74.342,0.133,-35.791
[SHELL] ccB:394,20741,1,-18.871,35.773,-16.902,45.759,81.704,18.296,33.447,80.400,19.600
[SHELL] ccA:395,377093679,619006,4.643,-39.378,0.000,-35.000,3.45500,3.27481,22.04,-8.156,-26.059,-8.156,-26.059,-8.063,-7.032,1.00000,74.342,9.152,-42.964
[SHELL] ccB:395,2147517927,1,-21.952,43.928,-21.976,59.326,81.350,18.650,45.759,81.704,18.296
[SHELL] ccA:396,377203603,619007,-0.050,-38.651,0.000,-35.000,3.22925,3.04906,21.93,-8.062,-26.072,-8.062,-26.072,-8.063,-7.030,1.00000,74.342,-9.251,-34.338
[SHELL] ccB:396,20683,1,6.209,27.220,-33.429,71.057,79.374,20.626,59.326,81.350,18.650
[SHELL] ccA:397,377313611,619008,1.060,-35.118,0.000,-35.000,3.00571,2.82549,21.95,-8.084,-26.143,-8.084,-26.143,-8.063,-7.030,1.00000,74.342,11.372,-35.899
[SHELL] ccB:397,2147517961,1,-6.404,35.338,-28.935,78.960,73.076,21.040,71.057,79.374,20.626
[SHELL] ccA:398,377423631,619009,1.441,-36.038,0.000,-35.000,2.77276,2.59259,21.95,-8.093,-26.124,-8.093,-26.124,-8.064,-7.030,1.00000,73.902,-8.489,-36.177
[SHELL] ccB:398,20697,1,20.961,16.093,-37.053,81.424,60.908,18.576,78.960,73.076,21.040
[SHELL] ccA:399,377533615,619010,-4.520,-37.356,0.000,-35.000,2.54571,2.36552,21.93,-7.971,-26.096,-7.971,-26.096,-8.062,-7.029,1.00000,73.902,-0.552,-38.535
[SHELL] ccB:399,2147517959,1,22.084,16.310,-38.394,81.966,48.597,18.034,81.424,60.908,18.576
[SHELL] ctrlcap v1 armed=0 count=512 clock_hz=550000000 decimation=1
[SHELL] ccA:index,cycles,seq,id,iq,idref,iqref,theta,actangle,age_us,vdreq,vqreq,vd,vq,intd,intq,scale,bus,raw_id,raw_iq
[SHELL] ccB:index,timer,valid,ia,ib,ic,du,dv,dw,active_u,active_v,active_w
[SHELL] ccA:400,377643687,619011,8.474,-38.357,0.000,-35.000,2.30894,2.12872,22.04,-8.235,-26.074,-8.235,-26.074,-8.066,-7.027,1.00000,74.342,17.499,-38.179
[SHELL] ccB:400,20725,1,16.466,25.226,-41.693,80.686,35.199,19.314,81.966,48.597,18.034
[SHELL] ccA:401,377753655,619012,5.688,-37.300,0.000,-35.000,2.07843,1.89823,21.95,-8.182,-26.094,-8.182,-26.094,-8.069,-7.026,1.00000,74.342,-6.124,-36.422
[SHELL] ccB:401,2147517939,1,34.806,-6.704,-28.101,77.957,23.545,22.043,80.686,35.199,19.314
[SHELL] ccA:402,377863695,619013,2.693,-34.331,0.000,-35.000,1.85228,1.67208,22.00,-8.124,-26.154,-8.124,-26.154,-8.070,-7.026,1.00000,74.342,11.509,-32.240
[SHELL] ccB:402,20729,1,27.774,3.444,-31.218,80.247,19.753,32.423,77.957,23.545,22.043
[SHELL] ccA:403,377973723,619014,4.694,-33.765,0.000,-35.000,1.61509,1.43493,22.03,-8.166,-26.166,-8.166,-26.166,-8.072,-7.027,1.00000,74.342,-2.122,-35.290
[SHELL] ccB:403,2147517905,1,35.349,-18.158,-17.192,81.816,18.184,45.292,80.247,19.753,32.423
[SHELL] ccA:404,378083691,619015,-2.992,-35.740,0.000,-35.000,1.38391,1.20365,22.03,-8.011,-26.126,-8.011,-26.126,-8.071,-7.026,1.00000,74.342,-3.861,-36.189
[SHELL] ccB:404,20727,1,34.842,-26.530,-8.312,81.517,18.483,57.753,81.816,18.184,45.292
[SHELL] ccA:405,378193715,619016,7.992,-37.866,0.000,-35.000,1.15267,0.97249,22.03,-8.235,-26.082,-8.235,-26.082,-8.075,-7.025,1.00000,74.342,19.844,-39.542
[SHELL] ccB:405,2147517909,1,44.193,-20.296,-23.897,79.583,20.417,70.497,81.517,18.483,57.753
[SHELL] ccA:406,378303603,619017,4.195,-36.142,0.000,-35.000,0.92634,0.74611,22.20,-8.161,-26.116,-8.161,-26.116,-8.077,-7.024,1.00000,74.342,-11.455,-32.742
[SHELL] ccB:406,20683,1,19.293,-34.612,15.319,73.677,21.206,78.794,79.583,20.417,70.497
[SHELL] ccA:407,378413283,619018,-4.964,-32.667,0.000,-35.000,0.68919,0.50903,21.60,-7.975,-26.187,-7.975,-26.187,-8.075,-7.025,1.00000,74.342,1.526,-32.591
[SHELL] ccB:407,2147518125,1,21.903,-31.894,9.991,61.698,18.834,81.166,73.677,21.206,78.794
[SHELL] ccA:408,378523391,619019,1.350,-34.381,0.000,-35.000,0.45797,0.27774,21.78,-8.102,-26.153,-8.102,-26.153,-8.075,-7.026,1.00000,74.342,1.175,-36.172
[SHELL] ccB:408,20577,1,17.046,-36.171,19.125,48.747,18.114,81.886,61.698,18.834,81.166
[SHELL] ccA:409,378633443,619020,-5.094,-36.007,0.000,-35.000,0.22334,0.04315,21.73,-7.971,-26.120,-7.971,-26.120,-8.073,-7.025,1.00000,73.902,-11.363,-35.843
[SHELL] ccB:409,2147518045,1,-3.142,-30.879,34.021,36.123,19.017,80.983,48.747,18.114,81.886
[SHELL] ccA:410,378743547,619021,-0.533,-33.991,0.000,-35.000,6.27329,6.09309,21.89,-8.062,-26.161,-8.062,-26.161,-8.072,-7.026,1.00000,73.902,10.297,-32.138
[SHELL] ccB:410,20657,1,9.979,-32.909,22.930,23.898,21.681,78.319,36.123,19.017,80.983
[SHELL] ccA:411,378853535,619022,-3.343,-34.797,0.000,-35.000,6.04555,5.86537,21.86,-8.004,-26.145,-8.004,-26.145,-8.071,-7.026,1.00000,73.902,-16.983,-37.456
[SHELL] ccB:411,2147517999,1,-25.323,-15.403,40.726,19.711,31.896,80.289,23.898,21.681,78.319
[SHELL] ccA:412,378963539,619023,-11.457,-38.940,0.000,-35.000,5.81463,5.63446,21.85,-7.836,-26.060,-7.836,-26.060,-8.065,-7.024,1.00000,73.902,-5.930,-40.425
[SHELL] ccB:412,20651,1,-23.547,-17.143,40.690,18.291,44.135,81.709,19.711,31.896,80.289
[SHELL] ccA:413,379073599,619024,-1.612,-42.149,0.000,-35.000,5.58938,5.40919,21.89,-8.032,-25.992,-8.032,-25.992,-8.064,-7.020,1.00000,73.902,2.706,-43.873
[SHELL] ccB:413,2147517967,1,-25.975,-17.723,43.698,18.375,56.967,81.625,18.291,44.135,81.709
[SHELL] ccA:414,379183623,619025,-4.808,-40.907,0.000,-35.000,5.35522,5.17503,21.95,-7.966,-26.014,-7.966,-26.014,-8.062,-7.017,1.00000,73.902,-12.321,-37.941
[SHELL] ccB:414,20693,1,-37.754,7.721,30.034,20.141,69.355,79.859,18.375,56.967,81.625
[SHELL] ccA:415,379293611,619026,-0.906,-37.449,0.000,-35.000,5.12664,4.94645,21.92,-8.043,-26.082,-8.043,-26.082,-8.061,-7.016,1.00000,73.902,10.510,-36.956
[SHELL] ccB:415,2147517961,1,-29.600,-6.415,36.014,21.319,78.681,74.521,20.141,69.355,79.859
[SHELL] ctrlcap v1 armed=0 count=512 clock_hz=550000000 decimation=1
[SHELL] ccA:index,cycles,seq,id,iq,idref,iqref,theta,actangle,age_us,vdreq,vqreq,vd,vq,intd,intq,scale,bus,raw_id,raw_iq
[SHELL] ccB:index,timer,valid,ia,ib,ic,du,dv,dw,active_u,active_v,active_w
[SHELL] ccA:416,379403599,619027,0.050,-36.477,0.000,-35.000,4.90309,4.72290,21.92,-8.062,-26.101,-8.062,-26.101,-8.061,-7.015,1.00000,73.902,-10.410,-35.999
[SHELL] ccB:416,20681,1,-37.320,21.602,15.718,18.864,81.136,62.884,21.319,78.681,74.521
[SHELL] ccA:417,379513599,619028,-7.013,-35.991,0.000,-35.000,4.66309,4.48293,21.91,-7.918,-26.110,-7.918,-26.110,-8.058,-7.015,1.00000,74.342,-3.616,-35.983
[SHELL] ccB:417,2147517967,1,-35.761,22.544,13.217,18.216,81.784,49.984,18.864,81.136,62.884
[SHELL] ccA:418,379623599,619029,2.382,-36.674,0.000,-35.000,4.43197,4.25181,21.90,-8.107,-26.095,-8.107,-26.095,-8.059,-7.014,1.00000,74.342,8.380,-37.366
[SHELL] ccB:418,20681,1,-38.226,21.095,17.131,19.067,80.933,36.991,18.216,81.784,49.984
[SHELL] ccA:419,379733595,619030,-3.538,-36.790,0.000,-35.000,4.20688,4.02669,21.91,-7.987,-26.092,-7.987,-26.092,-8.057,-7.013,1.00000,73.902,-15.457,-36.214
[SHELL] ccB:419,2147517969,1,-24.199,38.999,-14.800,21.335,78.665,25.455,19.067,80.933,36.991
[SHELL] ccA:420,379843655,619031,-5.226,-34.605,0.000,-35.000,3.97486,3.79461,22.00,-7.950,-26.136,-7.950,-26.136,-8.055,-7.013,1.00000,73.902,5.005,-32.997
[SHELL] ccB:420,20709,1,-27.787,29.902,-2.114,30.585,79.987,20.013,21.335,78.665,25.455
[SHELL] ccA:421,379953631,619032,-2.158,-36.375,0.000,-35.000,3.74026,3.56010,21.93,-8.010,-26.100,-8.010,-26.100,-8.054,-7.013,1.00000,73.902,-9.320,-39.753
[SHELL] ccB:421,2147517951,1,-14.703,40.340,-25.637,43.327,81.761,18.239,30.585,79.987,20.013
[SHELL] ccA:422,380063643,619033,-7.603,-38.934,0.000,-35.000,3.51044,3.33026,21.96,-7.898,-26.047,-7.898,-26.047,-8.050,-7.011,1.00000,73.902,-5.886,-38.115
[SHELL] ccB:422,20703,1,-8.252,36.752,-28.500,55.830,81.717,18.283,43.327,81.761,18.239
[SHELL] ccA:423,380173655,619034,3.542,-38.610,0.000,-35.000,3.27549,3.09526,21.97,-8.122,-26.051,-8.122,-26.051,-8.052,-7.009,1.00000,73.902,12.970,-39.106
[SHELL] ccB:423,2147517939,1,-18.074,41.101,-23.027,68.918,80.055,19.945,55.830,81.717,18.283
[SHELL] ccA:424,380283743,619035,-0.901,-37.365,0.000,-35.000,3.04836,2.86805,22.08,-8.033,-26.075,-8.033,-26.075,-8.051,-7.008,1.00000,73.902,-14.772,-35.625
[SHELL] ccB:424,20753,1,18.025,20.515,-38.539,78.437,75.318,21.563,68.918,80.055,19.945
[SHELL] ccA:425,380393659,619036,-7.447,-33.897,0.000,-35.000,2.81933,2.63917,21.96,-7.898,-26.145,-7.898,-26.145,-8.047,-7.008,1.00000,73.902,-0.123,-32.170
[SHELL] ccB:425,2147517937,1,10.305,21.240,-31.544,81.000,63.790,19.000,78.437,75.318,21.563
[SHELL] ccA:426,380503635,619037,-3.295,-35.979,0.000,-35.000,2.58995,2.40973,21.96,-7.980,-26.103,-7.980,-26.103,-8.046,-7.008,1.00000,73.902,-6.468,-39.788
[SHELL] ccB:426,20699,1,26.361,13.230,-39.591,81.981,51.033,18.019,81.000,63.790,19.000
[SHELL] ccA:427,380613631,619038,-10.297,-41.442,0.000,-35.000,2.36157,2.18141,21.93,-7.835,-25.991,-7.835,-25.991,-8.041,-7.005,1.00000,73.902,-14.125,-43.096
[SHELL] ccB:427,2147517951,1,40.351,-2.246,-38.105,81.140,38.742,18.860,81.981,51.033,18.019
[SHELL] ccA:428,380723671,619039,-1.132,-39.777,0.000,-35.000,2.13217,1.95197,21.97,-8.017,-26.021,-8.017,-26.021,-8.040,-7.002,1.00000,73.902,11.861,-36.458
[SHELL] ccB:428,20717,1,24.549,13.230,-37.778,78.851,26.395,21.149,81.140,38.742,18.860
[SHELL] ccA:429,380833671,619040,-0.055,-36.145,0.000,-35.000,1.90008,1.71989,21.99,-8.039,-26.093,-8.039,-26.093,-8.040,-7.002,1.00000,73.902,-11.971,-35.832
[SHELL] ccB:429,2147517931,1,37.778,-18.665,-19.113,79.786,20.214,29.762,78.851,26.395,21.149
[SHELL] ccA:430,380943683,619041,-6.445,-34.250,0.000,-35.000,1.67158,1.49135,22.05,-7.908,-26.132,-7.908,-26.132,-8.037,-7.002,1.00000,73.902,-0.919,-32.668
[SHELL] ccB:430,20723,1,32.595,-14.243,-18.352,81.633,18.367,41.703,79.786,20.214,29.762
[SHELL] ccA:431,381053599,619042,0.691,-35.467,0.000,-35.000,1.44375,1.26356,21.91,-8.051,-26.107,-8.051,-26.107,-8.037,-7.002,1.00000,73.902,2.300,-38.266
[SHELL] ccB:431,2147517967,1,38.249,-21.347,-16.902,81.906,18.094,54.584,81.633,18.367,41.703
[SHELL] ctrlcap v1 armed=0 count=512 clock_hz=550000000 decimation=1
[SHELL] ccA:index,cycles,seq,id,iq,idref,iqref,theta,actangle,age_us,vdreq,vqreq,vd,vq,intd,intq,scale,bus,raw_id,raw_iq
[SHELL] ccB:index,timer,valid,ia,ib,ic,du,dv,dw,active_u,active_v,active_w
[SHELL] ccA:432,381163667,619043,-4.867,-34.809,0.000,-35.000,1.21198,1.03174,22.02,-7.937,-26.120,-7.937,-26.120,-8.035,-7.002,1.00000,73.902,-12.035,-31.351
[SHELL] ccB:432,20715,1,25.129,-31.858,6.729,80.462,19.538,66.928,81.906,18.094,54.584
[SHELL] ccA:433,381273743,619044,-2.127,-31.959,0.000,-35.000,0.98162,0.80144,22.11,-7.991,-26.179,-7.991,-26.179,-8.034,-7.003,1.00000,73.902,7.781,-32.566
[SHELL] ccB:433,2147517895,1,31.399,-25.769,-5.630,76.887,21.931,78.069,80.462,19.538,66.928
[SHELL] ccA:434,381383427,619045,-2.458,-32.964,0.000,-35.000,0.75240,0.57215,21.97,-7.983,-26.160,-7.983,-26.160,-8.032,-7.004,1.00000,73.902,-12.697,-33.363
[SHELL] ccB:434,20595,1,13.531,-35.373,21.843,65.126,19.161,80.839,76.887,21.931,78.069
[SHELL] ccA:435,381493243,619046,-6.989,-34.388,0.000,-35.000,0.52060,0.34044,21.56,-7.889,-26.132,-7.889,-26.132,-8.029,-7.005,1.00000,73.902,-1.282,-35.414
[SHELL] ccB:435,2147518145,1,16.503,-35.410,18.907,52.616,18.048,81.952,65.126,19.161,80.839
[SHELL] ccA:436,381603323,619047,3.829,-35.441,0.000,-35.000,0.29709,0.11693,21.61,-8.107,-26.110,-8.107,-26.110,-8.031,-7.004,1.00000,73.902,8.940,-35.468
[SHELL] ccB:436,20543,1,18.931,-36.569,17.639,39.839,18.503,81.497,52.616,18.048,81.952
[SHELL] ccA:437,381713311,619048,-2.688,-36.191,0.000,-35.000,0.05956,6.16255,21.80,-7.976,-26.095,-7.976,-26.095,-8.029,-7.004,1.00000,73.902,-14.316,-36.913
[SHELL] ccB:437,2147518111,1,-12.094,-26.602,38.696,27.555,20.768,79.232,39.839,18.503,81.497
[SHELL] ccA:438,381828907,619049,-3.759,-35.819,0.000,-35.000,6.10962,5.91227,24.48,-7.952,-26.102,-7.952,-26.102,-8.028,-7.003,1.00000,73.902,6.799,-34.725
[SHELL] ccB:438,23335,1,0.700,-30.988,30.288,20.312,29.429,79.688,27.555,20.768,79.232
[SHELL] ccA:439,381933163,619050,-1.413,-37.299,0.000,-35.000,5.88464,5.70445,21.53,-7.999,-26.071,-7.999,-26.071,-8.027,-7.002,1.00000,73.902,-9.625,-39.873
[SHELL] ccB:439,2147518185,1,-24.344,-16.418,40.762,18.508,40.593,81.492,20.312,29.429,79.688
[SHELL] ccA:440,382043183,619051,-8.649,-40.384,0.000,-35.000,5.65082,5.47062,21.50,-7.850,-26.007,-7.850,-26.007,-8.023,-7.000,1.00000,73.902,-7.674,-40.894
[SHELL] ccB:440,20473,1,-30.361,-9.459,39.820,18.220,53.224,81.780,18.508,40.593,81.492
[SHELL] ccA:441,382153223,619052,2.212,-40.865,0.000,-35.000,5.42255,5.24236,21.56,-8.068,-25.994,-8.068,-25.994,-8.024,-6.997,1.00000,73.902,12.098,-40.835
[SHELL] ccB:441,2147518155,1,-23.076,-19.462,42.538,19.479,66.039,80.521,18.220,53.224,81.780
[SHELL] ccA:442,382263223,619053,0.015,-38.047,0.000,-35.000,5.19868,5.01852,21.54,-8.024,-26.049,-8.024,-26.049,-8.024,-6.995,1.00000,73.902,-12.068,-35.260
[SHELL] ccB:442,20493,1,-36.812,13.375,23.438,22.222,77.310,77.778,19.479,66.039,80.521
[SHELL] ccA:443,382373219,619054,-3.087,-34.260,0.000,-35.000,4.96816,4.78794,21.59,-7.960,-26.125,-7.960,-26.125,-8.022,-6.996,1.00000,73.902,5.894,-33.260
[SHELL] ccB:443,2147518157,1,-30.687,3.118,27.569,19.457,80.543,66.561,22.222,77.310,77.778
[SHELL] ccA:444,382483223,619055,1.532,-34.570,0.000,-35.000,4.73855,4.55836,21.59,-8.054,-26.119,-8.054,-26.119,-8.023,-6.996,1.00000,73.902,-2.830,-35.881
[SHELL] ccB:444,20493,1,-35.942,19.609,16.334,18.050,81.950,53.907,19.457,80.543,66.561
[SHELL] ccA:445,382593215,619056,-3.761,-35.755,0.000,-35.000,4.50908,4.32891,21.55,-7.946,-26.095,-7.946,-26.095,-8.021,-6.995,1.00000,73.902,-4.691,-35.630
[SHELL] ccB:445,2147518159,1,-33.949,27.184,6.765,18.420,81.580,41.428,18.050,81.950,53.907
[SHELL] ccA:446,382703219,619057,5.088,-34.675,0.000,-35.000,4.28389,4.10369,21.56,-8.125,-26.117,-8.125,-26.117,-8.024,-6.996,1.00000,73.902,14.866,-33.720
[SHELL] ccB:446,20491,1,-36.848,18.847,18.001,20.315,79.685,29.062,18.420,81.580,41.428
[SHELL] ccA:447,382813251,619058,3.579,-33.955,0.000,-35.000,4.05087,3.87063,21.66,-8.097,-26.132,-8.097,-26.132,-8.025,-6.996,1.00000,73.902,-7.708,-34.189
[SHELL] ccB:447,2147518141,1,-22.242,34.577,-12.335,26.924,79.160,20.840,20.315,79.685,29.062
[SHELL] ctrlcap v1 armed=0 count=512 clock_hz=550000000 decimation=1
[SHELL] ccA:index,cycles,seq,id,iq,idref,iqref,theta,actangle,age_us,vdreq,vqreq,vd,vq,intd,intq,scale,bus,raw_id,raw_iq
[SHELL] ccB:index,timer,valid,ia,ib,ic,du,dv,dw,active_u,active_v,active_w
[SHELL] ccA:448,382923195,619059,0.698,-33.769,0.000,-35.000,3.81059,3.63034,21.55,-8.040,-26.136,-8.040,-26.136,-8.026,-6.997,1.00000,73.902,9.103,-33.349
[SHELL] ccB:448,20479,1,-27.824,31.678,-3.854,39.500,81.465,18.535,26.924,79.160,20.840
[SHELL] ccA:449,383033171,619060,7.901,-36.716,0.000,-35.000,3.59623,3.41603,21.52,-8.188,-26.076,-8.188,-26.076,-8.030,-6.996,1.00000,73.902,6.698,-40.082
[SHELL] ccB:449,2147518181,1,-23.619,40.449,-16.829,51.653,82.014,17.986,39.500,81.465,18.535
[SHELL] ccA:450,383143191,619061,0.816,-36.715,0.000,-35.000,3.34900,3.16880,21.56,-8.046,-26.075,-8.046,-26.075,-8.030,-6.995,1.00000,73.902,-5.066,-33.348
[SHELL] ccB:450,20477,1,-1.909,30.119,-28.210,64.886,80.802,19.198,51.653,82.014,17.986
[SHELL] ccA:451,383253183,619062,7.224,-32.188,0.000,-35.000,3.12795,2.94769,21.55,-8.178,-26.167,-8.178,-26.167,-8.034,-6.996,1.00000,73.902,19.514,-31.027
[SHELL] ccB:451,2147518175,1,-19.089,36.643,-17.554,76.522,78.243,21.757,64.886,80.802,19.198
[SHELL] ccA:452,383363199,619063,5.471,-31.899,0.000,-35.000,2.89716,2.71702,21.51,-8.146,-26.175,-8.146,-26.175,-8.036,-6.998,1.00000,73.462,-8.573,-32.770
[SHELL] ccB:452,20481,1,16.249,17.615,-33.864,80.667,67.656,19.333,76.522,78.243,21.757
[SHELL] ccA:453,383473483,619064,-3.392,-33.136,0.000,-35.000,2.66130,2.48110,21.56,-7.967,-26.151,-7.967,-26.151,-8.035,-6.999,1.00000,73.902,1.788,-33.502
[SHELL] ccB:453,2147518025,1,13.893,19.500,-33.393,81.903,55.042,18.097,80.667,67.656,19.333
[SHELL] ccA:454,383583783,619065,6.922,-35.496,0.000,-35.000,2.43727,2.25705,22.10,-8.177,-26.103,-8.177,-26.103,-8.038,-6.999,1.00000,73.902,12.055,-37.491
[SHELL] ccB:454,20773,1,15.089,23.958,-39.047,81.737,42.203,18.263,81.903,55.042,18.097
[SHELL] ccA:455,383693779,619066,3.163,-35.223,0.000,-35.000,2.20692,2.02674,22.09,-8.103,-26.109,-8.103,-26.109,-8.040,-6.998,1.00000,73.902,-5.729,-32.955
[SHELL] ccB:455,2147517877,1,29.913,-1.993,-27.920,79.884,30.008,20.116,81.737,42.203,18.263
[SHELL] ccA:456,383803847,619067,5.642,-31.688,0.000,-35.000,1.97603,1.79583,22.15,-8.155,-26.181,-8.155,-26.181,-8.043,-7.000,1.00000,73.902,17.014,-30.422
[SHELL] ccB:456,20805,1,21.250,13.302,-34.553,78.982,21.018,25.958,79.884,30.008,20.116
[SHELL] ccA:457,383913843,619068,6.140,-31.342,0.000,-35.000,1.74558,1.56535,22.15,-8.168,-26.190,-8.168,-26.190,-8.046,-7.002,1.00000,73.902,-4.734,-32.263
[SHELL] ccB:457,2147517845,1,32.595,-15.475,-17.119,81.403,18.597,38.075,78.982,21.018,25.958
[SHELL] ccA:458,384023855,619069,-1.967,-32.940,0.000,-35.000,1.51551,1.33532,22.15,-8.005,-26.159,-8.005,-26.159,-8.045,-7.003,1.00000,73.902,0.799,-33.617
[SHELL] ccB:458,20809,1,33.610,-17.723,-15.887,82.057,17.943,50.491,81.403,18.597,38.075
[SHELL] ccA:459,384133847,619070,9.484,-36.346,0.000,-35.000,1.28732,1.10706,22.15,-8.239,-26.090,-8.239,-26.090,-8.049,-7.002,1.00000,73.902,18.170,-39.076
[SHELL] ccB:459,2147517843,1,42.598,-15.657,-26.941,81.097,18.903,63.525,82.057,17.943,50.491
[SHELL] ccA:460,384243843,619071,5.602,-35.440,0.000,-35.000,1.05463,0.87446,22.09,-8.164,-26.108,-8.164,-26.108,-8.052,-7.002,1.00000,73.902,-6.966,-31.804
[SHELL] ccB:460,20803,1,24.222,-30.952,6.729,78.495,21.505,75.433,81.097,18.903,63.525
[SHELL] ccA:461,384353747,619072,1.994,-32.150,0.000,-35.000,0.82409,0.64385,22.32,-8.093,-26.175,-8.093,-26.175,-8.053,-7.004,1.00000,73.902,10.954,-32.497
[SHELL] ccB:461,2147517893,1,31.290,-27.798,-3.492,68.754,19.774,80.226,78.495,21.505,75.433
[SHELL] ccA:462,384463431,619073,5.717,-32.710,0.000,-35.000,0.59658,0.41639,21.78,-8.170,-26.165,-8.170,-26.165,-8.056,-7.005,1.00000,73.902,0.481,-32.923
[SHELL] ccB:462,20597,1,18.895,-32.800,13.905,56.314,18.085,81.915,68.754,19.774,80.226
[SHELL] ccA:463,384573455,619074,-0.312,-33.178,0.000,-35.000,0.36444,0.18428,21.76,-8.050,-26.157,-8.050,-26.157,-8.056,-7.006,1.00000,73.902,-1.104,-33.434
[SHELL] ccB:463,2147518039,1,10.885,-32.836,21.952,43.666,18.138,81.862,56.314,18.085,81.915
[SHELL] ctrlcap v1 armed=0 count=512 clock_hz=550000000 decimation=1
[SHELL] ccA:index,cycles,seq,id,iq,idref,iqref,theta,actangle,age_us,vdreq,vqreq,vd,vq,intd,intq,scale,bus,raw_id,raw_iq
[SHELL] ccB:index,timer,valid,ia,ib,ic,du,dv,dw,active_u,active_v,active_w
[SHELL] ccA:464,384683599,619075,10.409,-33.104,0.000,-35.000,0.11585,6.21881,21.91,-8.269,-26.159,-8.269,-26.159,-8.061,-7.007,1.00000,73.902,21.922,-32.774
[SHELL] ccB:464,20681,1,25.563,-38.780,13.217,29.835,20.032,79.968,43.666,18.138,81.862
[SHELL] ccA:465,384793595,619076,7.486,-34.181,0.000,-35.000,6.18438,6.00419,21.92,-8.215,-26.138,-8.215,-26.138,-8.065,-7.007,1.00000,73.902,-6.950,-35.588
[SHELL] ccB:465,2147517969,1,-10.427,-24.863,35.289,21.283,25.127,78.717,29.835,20.032,79.968
[SHELL] ccA:466,384903599,619077,-0.802,-35.301,0.000,-35.000,5.95614,5.77595,21.92,-8.048,-26.116,-8.048,-26.116,-8.064,-7.007,1.00000,73.902,5.345,-35.014
[SHELL] ccB:466,20681,1,-6.186,-27.110,33.296,18.902,36.761,81.098,21.283,25.127,78.717
[SHELL] ccA:467,385013595,619078,3.995,-38.144,0.000,-35.000,5.72356,5.54337,21.92,-8.146,-26.057,-8.146,-26.057,-8.066,-7.005,1.00000,73.902,2.645,-41.273
[SHELL] ccB:467,2147517969,1,-19.669,-21.673,41.342,18.008,49.757,81.992,18.902,36.761,81.098
[SHELL] ccA:468,385123655,619079,0.849,-40.500,0.000,-35.000,5.49359,5.31340,21.96,-8.084,-26.007,-8.084,-26.007,-8.067,-7.002,1.00000,73.902,-0.947,-39.726
[SHELL] ccB:468,20709,1,-28.875,-9.205,38.080,18.882,62.276,81.118,18.008,49.757,81.992
[SHELL] ccA:469,385233671,619080,11.702,-38.360,0.000,-35.000,5.26178,5.08159,21.99,-8.307,-26.048,-8.307,-26.048,-8.073,-7.001,1.00000,73.902,24.352,-36.995
[SHELL] ccB:469,2147517931,1,-18.835,-25.298,44.133,21.335,74.791,78.665,18.882,62.276,81.118
[SHELL] ccA:470,385343663,619081,10.640,-36.299,0.000,-35.000,5.02987,4.84968,21.97,-8.291,-26.089,-8.291,-26.089,-8.078,-7.000,1.00000,73.902,-3.072,-35.603
[SHELL] ccB:470,20713,1,-34.782,10.294,24.489,19.901,80.099,69.219,21.335,74.791,78.665
[SHELL] ccA:471,385454275,619082,2.263,-35.204,0.000,-35.000,4.79528,4.61613,23.09,-8.124,-26.111,-8.124,-26.111,-8.079,-7.000,1.00000,73.902,7.599,-34.806
[SHELL] ccB:471,2147517629,1,-34.058,7.974,26.083,18.208,81.792,56.957,19.901,80.099,69.219
[SHELL] ccA:472,385563679,619083,8.561,-35.092,0.000,-35.000,4.56834,4.38812,22.00,-8.255,-26.113,-8.255,-26.113,-8.083,-7.000,1.00000,73.902,9.522,-35.377
[SHELL] ccB:472,20721,1,-36.377,14.426,21.952,18.090,81.910,44.072,18.208,81.792,56.957
[SHELL] ccA:473,385673663,619084,1.460,-33.942,0.000,-35.000,4.33301,4.15281,21.96,-8.113,-26.136,-8.113,-26.136,-8.084,-7.001,1.00000,73.902,-6.601,-32.507
[SHELL] ccB:473,2147517935,1,-27.751,29.612,-1.861,19.734,80.266,31.634,18.090,81.910,44.072
[SHELL] ccA:474,385783699,619085,4.570,-32.518,0.000,-35.000,4.10391,3.92374,21.97,-8.178,-26.166,-8.178,-26.166,-8.086,-7.002,1.00000,73.902,15.741,-32.529
[SHELL] ccB:474,20731,1,-35.689,22.762,12.927,24.343,78.507,21.493,19.734,80.266,31.634
[SHELL] ccA:475,385893695,619086,6.032,-33.610,0.000,-35.000,3.86775,3.68758,22.02,-8.210,-26.145,-8.210,-26.145,-8.089,-7.002,1.00000,74.342,-3.678,-34.692
[SHELL] ccB:475,2147517919,1,-20.285,34.722,-14.437,36.765,80.995,19.005,24.343,78.507,21.493
[SHELL] ccA:476,386003687,619087,1.387,-35.490,0.000,-35.000,3.63585,3.45560,22.02,-8.118,-26.107,-8.118,-26.107,-8.090,-7.002,1.00000,74.342,6.452,-36.288
[SHELL] ccB:476,20725,1,-22.895,36.462,-13.567,49.308,81.847,18.153,36.765,80.995,19.005
[SHELL] ccA:477,386113739,619088,11.066,-38.541,0.000,-35.000,3.41212,3.23190,22.09,-8.317,-26.044,-8.317,-26.044,-8.096,-7.000,1.00000,74.342,15.680,-40.794
[SHELL] ccB:477,2147517897,1,-26.011,43.421,-17.409,61.974,81.090,18.910,49.308,81.847,18.153
[SHELL] ccA:478,386223691,619089,3.277,-37.208,0.000,-35.000,3.18284,3.00264,22.01,-8.163,-26.070,-8.163,-26.070,-8.097,-6.999,1.00000,74.342,-9.126,-33.622
[SHELL] ccB:478,20727,1,7.732,25.553,-33.284,73.597,78.760,21.240,61.974,81.090,18.910
[SHELL] ccA:479,386333691,619090,0.472,-31.831,0.000,-35.000,2.95317,2.77298,21.99,-8.107,-26.179,-8.107,-26.179,-8.098,-7.001,1.00000,74.342,10.070,-30.041
[SHELL] ccB:479,2147517921,1,-4.265,29.322,-25.057,79.668,70.422,20.332,73.597,78.760,21.240
[SHELL] ctrlcap v1 armed=0 count=512 clock_hz=550000000 decimation=1
[SHELL] ccA:index,cycles,seq,id,iq,idref,iqref,theta,actangle,age_us,vdreq,vqreq,vd,vq,intd,intq,scale,bus,raw_id,raw_iq
[SHELL] ccB:index,timer,valid,ia,ib,ic,du,dv,dw,active_u,active_v,active_w
[SHELL] ccA:480,386443711,619091,2.681,-33.058,0.000,-35.000,2.71709,2.53692,22.02,-8.153,-26.156,-8.153,-26.156,-8.099,-7.002,1.00000,73.902,-4.708,-36.076
[SHELL] ccB:480,20737,1,19.148,17.216,-36.365,81.789,57.780,18.211,79.668,70.422,20.332
[SHELL] ccA:481,386553711,619092,-1.838,-36.026,0.000,-35.000,2.48256,2.30237,22.02,-8.061,-26.096,-8.061,-26.096,-8.098,-7.001,1.00000,74.342,1.031,-35.975
[SHELL] ccB:481,2147517911,1,21.214,14.571,-35.785,81.683,44.957,18.317,81.789,57.780,18.211
[SHELL] ccA:482,386663695,619093,11.488,-36.075,0.000,-35.000,2.25359,2.07334,22.02,-8.333,-26.094,-8.333,-26.094,-8.104,-7.001,1.00000,74.342,21.944,-36.175
[SHELL] ccB:482,20729,1,14.219,27.401,-41.620,80.187,32.081,19.813,81.683,44.957,18.317
[SHELL] ccA:483,386773731,619094,7.344,-34.634,0.000,-35.000,2.02061,1.84041,22.03,-8.254,-26.123,-8.254,-26.123,-8.107,-7.001,1.00000,74.342,-7.257,-33.094
[SHELL] ccB:483,2147517901,1,32.957,-9.676,-23.281,78.202,21.798,24.123,80.187,32.081,19.813
[SHELL] ccA:484,386883767,619095,0.113,-31.368,0.000,-35.000,1.79023,1.60998,22.08,-8.110,-26.190,-8.110,-26.190,-8.107,-7.003,1.00000,74.342,7.482,-29.643
[SHELL] ccB:484,20765,1,27.303,-1.739,-25.564,80.845,19.155,35.645,78.202,21.798,24.123
[SHELL] ccA:485,386993755,619096,3.195,-31.904,0.000,-35.000,1.56135,1.38112,22.08,-8.173,-26.181,-8.173,-26.181,-8.109,-7.004,1.00000,74.342,-1.093,-34.165
[SHELL] ccB:485,2147517889,1,34.153,-18.302,-15.851,81.935,18.065,48.266,80.845,19.155,35.645
[SHELL] ccA:486,387103807,619097,-4.195,-32.543,0.000,-35.000,1.32954,1.14931,22.15,-8.023,-26.170,-8.023,-26.170,-8.107,-7.006,1.00000,74.342,-7.297,-30.921
[SHELL] ccB:486,20785,1,28.282,-26.675,-1.607,81.279,18.721,60.722,81.935,18.065,48.266
[SHELL] ccA:487,387213795,619098,4.722,-32.640,0.000,-35.000,1.09679,0.91660,22.07,-8.204,-26.169,-8.204,-26.169,-8.109,-7.007,1.00000,74.342,16.741,-34.359
[SHELL] ccB:487,2147517869,1,38.213,-19.788,-18.424,78.980,21.020,73.288,81.279,18.721,60.722
[SHELL] ccA:488,387323591,619099,3.503,-33.009,0.000,-35.000,0.86592,0.68573,22.12,-8.181,-26.162,-8.181,-26.162,-8.111,-7.008,1.00000,74.342,-9.735,-31.659
[SHELL] ccB:488,20677,1,17.807,-33.090,15.283,70.652,20.377,79.623,78.980,21.020,73.288
[SHELL] ccA:489,387433407,619100,-4.375,-32.078,0.000,-35.000,0.64300,0.46280,21.74,-8.021,-26.182,-8.021,-26.182,-8.109,-7.009,1.00000,74.342,0.984,-32.496
[SHELL] ccB:489,2147518063,1,20.272,-32.148,11.876,59.104,18.536,81.464,70.652,20.377,79.623
[SHELL] ccA:490,387543451,619101,3.256,-33.766,0.000,-35.000,0.40408,0.22392,21.75,-8.176,-26.149,-8.176,-26.149,-8.111,-7.010,1.00000,74.342,5.528,-35.037
[SHELL] ccB:490,20607,1,18.858,-35.446,16.587,45.631,18.184,81.816,59.104,18.536,81.464
[SHELL] ccA:491,387653559,619102,-1.791,-34.769,0.000,-35.000,0.17002,6.27300,21.83,-8.074,-26.129,-8.074,-26.129,-8.110,-7.010,1.00000,74.342,-9.111,-34.501
[SHELL] ccB:491,2147517987,1,-3.142,-29.212,32.354,33.174,19.659,80.341,45.631,18.184,81.816
[SHELL] ccA:492,387763623,619103,2.444,-33.052,0.000,-35.000,6.22664,6.04641,21.95,-8.160,-26.165,-8.160,-26.165,-8.111,-7.011,1.00000,74.342,13.998,-31.603
[SHELL] ccB:492,20693,1,12.190,-34.105,21.915,22.106,23.094,77.894,33.174,19.659,80.341
[SHELL] ccA:493,387873639,619104,1.704,-34.331,0.000,-35.000,5.99955,5.81857,21.95,-8.146,-26.223,-8.146,-26.223,-8.112,-7.011,1.00000,74.342,-10.591,-37.060
[SHELL] ccB:493,2147517947,1,-20.539,-17.976,38.515,19.270,34.615,80.729,22.106,23.094,77.894
[SHELL] ccA:494,387983631,619105,-4.847,-37.809,0.000,-35.000,5.76579,5.58482,21.95,-8.012,-26.152,-8.012,-26.152,-8.109,-7.010,1.00000,74.342,0.897,-38.558
[SHELL] ccB:494,20697,1,-18.292,-20.260,38.551,18.180,47.157,81.820,19.270,34.615,80.729
[SHELL] ccA:495,388093643,619106,7.199,-39.642,0.000,-35.000,5.53293,5.35195,21.93,-8.257,-26.113,-8.257,-26.113,-8.113,-7.008,1.00000,74.342,13.501,-40.727
[SHELL] ccB:495,2147517945,1,-17.893,-24.826,42.719,18.672,60.452,81.328,18.180,47.157,81.820
[SHELL] ctrlcap v1 armed=0 count=512 clock_hz=550000000 decimation=1
[SHELL] ccA:index,cycles,seq,id,iq,idref,iqref,theta,actangle,age_us,vdreq,vqreq,vd,vq,intd,intq,scale,bus,raw_id,raw_iq
[SHELL] ccB:index,timer,valid,ia,ib,ic,du,dv,dw,active_u,active_v,active_w
[SHELL] ccA:496,388203683,619107,3.783,-38.279,0.000,-35.000,5.30217,5.12119,22.01,-8.190,-26.139,-8.190,-26.139,-8.115,-7.006,1.00000,74.342,-5.935,-35.831
[SHELL] ccB:496,20723,1,-33.079,3.553,29.526,20.844,72.458,79.156,18.672,60.452,81.328
[SHELL] ccA:497,388313683,619108,4.293,-34.205,0.000,-35.000,5.07879,4.89783,22.00,-8.203,-26.220,-8.203,-26.220,-8.117,-7.006,1.00000,74.342,14.521,-32.579
[SHELL] ccB:497,2147517925,1,-25.214,-9.242,34.456,20.595,79.405,71.885,20.844,72.458,79.156
[SHELL] ccA:498,388423675,619109,4.601,-32.623,0.000,-35.000,4.84005,4.65907,21.99,-8.211,-26.253,-8.211,-26.253,-8.119,-7.008,1.00000,74.342,-5.319,-32.668
[SHELL] ccB:498,20719,1,-33.079,17.506,15.573,18.403,81.597,59.234,20.595,79.405,71.885
[SHELL] ccA:499,388533687,619110,-3.524,-32.922,0.000,-35.000,4.60994,4.42896,22.00,-8.047,-26.248,-8.047,-26.248,-8.117,-7.009,1.00000,74.342,-1.729,-33.176
[SHELL] ccB:499,2147517923,1,-32.825,20.841,11.984,18.071,81.929,46.827,18.403,81.597,59.234
[SHELL] ccA:500,388643679,619111,6.750,-34.028,0.000,-35.000,4.38142,4.20044,21.98,-8.256,-26.227,-8.256,-26.227,-8.121,-7.009,1.00000,74.342,15.230,-34.880
[SHELL] ccB:500,20721,1,-37.936,16.310,21.625,19.338,80.662,33.960,18.071,81.929,46.827
[SHELL] ccA:501,388753691,619112,2.129,-34.268,0.000,-35.000,4.14800,3.96708,21.91,-8.164,-26.222,-8.164,-26.222,-8.122,-7.009,1.00000,74.342,-10.972,-33.657
[SHELL] ccB:501,2147517921,1,-22.568,34.903,-12.335,22.292,77.708,22.295,19.338,80.662,33.960
[SHELL] ccA:502,388863719,619113,-0.895,-33.195,0.000,-35.000,3.91814,3.73718,22.03,-8.104,-26.245,-8.104,-26.245,-8.121,-7.010,1.00000,74.342,9.182,-32.734
[SHELL] ccB:502,20741,1,-29.491,29.394,0.096,33.828,80.605,19.395,22.292,77.708,22.295
[SHELL] ccA:503,388973711,619114,3.998,-36.493,0.000,-35.000,3.68341,3.50239,22.03,-8.203,-26.178,-8.203,-26.178,-8.123,-7.010,1.00000,74.342,-1.187,-40.253
[SHELL] ccB:503,2147517911,1,-19.741,40.268,-20.526,46.840,81.905,18.095,33.828,80.605,19.395
[SHELL] ccA:504,389083715,619115,-2.238,-38.472,0.000,-35.000,3.45791,3.27693,22.03,-8.078,-26.137,-8.078,-26.137,-8.122,-7.008,1.00000,74.342,-3.289,-36.692
[SHELL] ccB:504,20739,1,-8.288,35.230,-26.941,59.034,81.438,18.562,46.840,81.905,18.095
[SHELL] ccA:505,389193707,619116,8.039,-38.945,0.000,-35.000,3.21993,3.03895,22.03,-8.287,-26.125,-8.287,-26.125,-8.126,-7.006,1.00000,74.342,19.367,-41.198
[SHELL] ccB:505,2147517913,1,-22.532,45.523,-22.991,72.034,79.285,20.715,59.034,81.438,18.562
[SHELL] ccA:506,389303707,619117,4.294,-39.045,0.000,-35.000,2.99040,2.80936,22.02,-8.214,-26.121,-8.214,-26.121,-8.128,-7.004,1.00000,74.342,-10.779,-36.893
[SHELL] ccB:506,20735,1,16.213,22.073,-38.286,79.251,72.037,20.749,72.034,79.285,20.715
[SHELL] ccA:507,389413727,619118,-4.289,-36.180,0.000,-35.000,2.76405,2.58309,22.03,-8.041,-26.178,-8.041,-26.178,-8.126,-7.003,1.00000,74.342,2.200,-35.468
[SHELL] ccB:507,2147517903,1,11.030,23.740,-34.770,81.323,60.473,18.677,79.251,72.037,20.749
[SHELL] ccA:508,389523723,619119,2.831,-38.163,0.000,-35.000,2.53278,2.35180,22.03,-8.184,-26.137,-8.184,-26.137,-8.128,-7.002,1.00000,74.342,3.463,-40.858
[SHELL] ccB:508,20743,1,20.526,20.478,-41.004,81.871,47.456,18.129,81.323,60.473,18.677
[SHELL] ccA:509,389633723,619120,-1.059,-38.400,0.000,-35.000,2.30326,2.12225,22.04,-8.106,-26.130,-8.106,-26.130,-8.127,-7.000,1.00000,74.342,-5.580,-35.943
[SHELL] ccB:509,2147517905,1,30.456,1.994,-32.450,80.691,35.119,19.309,81.871,47.456,18.129
[SHELL] ccA:510,389743747,619121,6.830,-35.121,0.000,-35.000,2.07043,1.88946,22.04,-8.267,-26.196,-8.267,-26.196,-8.131,-7.000,1.00000,74.342,19.240,-34.299
[SHELL] ccB:510,20755,1,20.888,18.413,-39.301,77.918,22.912,22.082,80.691,35.119,19.309
[SHELL] ccA:511,389853763,619122,6.718,-34.300,0.000,-35.000,1.83564,1.65461,22.08,-8.268,-26.213,-8.268,-26.213,-8.134,-7.000,1.00000,74.342,-5.805,-34.301
[SHELL] ccB:511,2147517885,1,34.624,-14.388,-20.236,80.571,19.429,33.513,77.918,22.912,22.082
