[SHELL] ctrlcap v1 armed=0 count=512 clock_hz=550000000 decimation=1
[SHELL] ccA:index,cycles,seq,id,iq,idref,iqref,theta,actangle,age_us,vdreq,vqreq,vd,vq,intd,intq,scale,bus
[SHELL] ccB:index,timer,valid,ia,ib,ic,du,dv,dw,active_u,active_v,active_w
[SHELL] ccA:0,345487215,78039,-3.921,18.146,0.000,20.000,5.26657,5.36914,16.05,-4.679,13.970,-4.679,13.970,-4.757,3.081,1.00000,74.342
[SHELL] ccB:0,19147,1,13.367,4.474,-17.841,65.406,63.099,34.594,66.278,59.457,33.722
[SHELL] ccA:1,345588923,78039,-3.921,18.146,0.000,20.000,5.26657,5.49375,201.00,-4.677,13.971,-4.677,13.971,-4.755,3.082,1.00000,74.342
[SHELL] ccB:1,2147523647,1,13.367,4.474,-17.841,63.367,65.330,34.670,65.406,63.099,34.594
[SHELL] ccA:2,345707255,78040,0.602,21.816,0.000,20.000,5.52294,5.62550,16.12,-4.768,13.897,-4.768,13.897,-4.756,3.081,1.00000,74.342
[SHELL] ccB:2,19167,1,15.469,5.597,-21.067,59.527,66.207,33.793,63.367,65.330,34.670
[SHELL] ccA:3,345808895,78040,0.602,21.816,0.000,20.000,5.52294,5.73641,200.92,-4.768,13.896,-4.768,13.896,-4.756,3.080,1.00000,74.342
[SHELL] ccB:3,2147523661,1,15.469,5.597,-21.067,56.360,66.715,33.285,59.527,66.207,33.793
[SHELL] ccA:4,345927239,78041,3.162,23.658,0.000,20.000,5.76555,5.86812,16.13,-4.821,13.857,-4.821,13.857,-4.757,3.078,1.00000,74.342
[SHELL] ccB:4,19159,1,14.454,9.222,-23.676,52.374,67.036,32.964,56.360,66.715,33.285
[SHELL] ccA:5,346028883,78041,3.162,23.658,0.000,20.000,5.76555,5.98692,200.95,-4.822,13.855,-4.822,13.855,-4.759,3.076,1.00000,74.342
[SHELL] ccB:5,2147523667,1,14.454,9.222,-23.676,48.856,67.077,32.923,52.374,67.036,32.964
[SHELL] ccA:6,346147279,78042,4.753,20.721,0.000,20.000,6.01720,6.11975,16.12,-4.856,13.914,-4.856,13.914,-4.761,3.076,1.00000,74.342
[SHELL] ccB:6,19179,1,10.033,11.215,-21.248,44.899,66.913,33.087,48.856,67.077,32.923
[SHELL] ccA:7,346248859,78042,4.753,20.721,0.000,20.000,6.01720,6.23176,200.90,-4.859,13.913,-4.859,13.913,-4.764,3.075,1.00000,74.342
[SHELL] ccB:7,2147523679,1,10.033,11.215,-21.248,41.652,66.477,33.523,44.899,66.913,33.087
[SHELL] ccA:8,346367919,78043,2.164,19.371,0.000,20.000,6.25676,0.07615,16.12,-4.808,13.940,-4.808,13.940,-4.765,3.076,1.00000,74.342
[SHELL] ccB:8,19499,1,2.675,15.383,-18.058,38.187,65.766,34.234,41.652,66.477,33.523
[SHELL] ccA:9,346468831,78043,2.164,19.371,0.000,20.000,6.25676,0.19786,200.98,-4.809,13.971,-4.809,13.971,-4.766,3.076,1.00000,74.342
[SHELL] ccB:9,2147523693,1,2.675,15.383,-18.058,35.044,64.956,35.243,38.187,65.766,34.234
[SHELL] ccA:10,346587067,78044,0.641,18.320,0.000,20.000,0.22228,0.32513,15.99,-4.779,13.993,-4.779,13.993,-4.766,3.077,1.00000,74.342
[SHELL] ccB:10,19073,1,-3.414,17.304,-13.890,34.088,65.912,38.575,35.044,64.956,35.243
[SHELL] ccA:11,346688891,78044,0.641,18.320,0.000,20.000,0.22228,0.45077,201.12,-4.779,13.994,-4.779,13.994,-4.767,3.078,1.00000,74.342
[SHELL] ccB:11,2147523663,1,-3.414,17.304,-13.890,33.385,66.615,42.119,34.088,65.912,38.575
[SHELL] ccA:12,346807015,78045,-1.003,22.030,0.000,20.000,0.47237,0.57521,15.93,-4.746,13.919,-4.746,13.919,-4.766,3.077,1.00000,74.342
[SHELL] ccB:12,19047,1,-10.916,22.052,-11.136,33.045,66.955,45.761,33.385,66.615,42.119
[SHELL] ccA:13,346908771,78045,-1.003,22.030,0.000,20.000,0.47237,0.69290,200.95,-4.746,13.918,-4.746,13.918,-4.766,3.076,1.00000,74.342
[SHELL] ccB:13,2147523723,1,-10.916,22.052,-11.136,32.876,67.124,49.238,33.045,66.955,45.761
[SHELL] ccA:14,347027295,78046,-1.586,19.917,0.000,20.000,0.71984,0.82264,15.88,-4.733,13.960,-4.733,13.960,-4.765,3.076,1.00000,74.342
[SHELL] ccB:14,19187,1,-14.323,19.225,-4.902,32.918,67.082,53.038,32.876,67.124,49.238
[SHELL] ccA:15,347129007,78046,-1.586,19.917,0.000,20.000,0.71984,0.93975,200.82,-4.732,13.960,-4.732,13.960,-4.764,3.076,1.00000,74.342
[SHELL] ccB:15,2147523605,1,-14.323,19.225,-4.902,33.240,66.760,56.473,32.918,67.082,53.038
[SHELL] ctrlcap v1 armed=0 count=512 clock_hz=550000000 decimation=1
[SHELL] ccA:index,cycles,seq,id,iq,idref,iqref,theta,actangle,age_us,vdreq,vqreq,vd,vq,intd,intq,scale,bus
[SHELL] ccB:index,timer,valid,ia,ib,ic,du,dv,dw,active_u,active_v,active_w
[SHELL] ccA:16,347247475,78047,-3.379,19.481,0.000,20.000,0.97048,1.07331,16.32,-4.695,13.969,-4.695,13.969,-4.762,3.076,1.00000,74.342
[SHELL] ccB:16,19277,1,-17.984,16.108,1.876,33.876,66.124,60.205,33.240,66.760,56.473
[SHELL] ccA:17,347348983,78047,-3.379,19.481,0.000,20.000,0.97048,1.18735,200.87,-4.693,13.969,-4.693,13.969,-4.761,3.076,1.00000,74.342
[SHELL] ccB:17,2147523617,1,-17.984,16.108,1.876,34.650,65.350,63.314,33.876,66.124,60.205
[SHELL] ccA:18,347467419,78048,-0.853,19.421,0.000,20.000,1.21318,1.31602,16.25,-4.743,13.971,-4.743,13.971,-4.760,3.077,1.00000,74.342
[SHELL] ccB:18,19249,1,-18.491,14.441,4.050,34.532,62.978,65.468,34.650,65.350,63.314
[SHELL] ccA:19,347568979,78048,-0.853,19.421,0.000,20.000,1.21318,1.43686,201.00,-4.743,13.971,-4.743,13.971,-4.760,3.077,1.00000,74.342
[SHELL] ccB:19,2147523619,1,-18.491,14.441,4.050,33.742,59.654,66.258,34.532,62.978,65.468
[SHELL] ccA:20,347687411,78049,1.301,21.244,0.000,20.000,1.46635,1.56919,16.25,-4.786,13.934,-4.786,13.934,-4.760,3.076,1.00000,74.342
[SHELL] ccB:20,19245,1,-20.992,13.535,7.457,33.160,55.740,66.840,33.742,59.654,66.258
[SHELL] ccA:21,347788955,78049,1.301,21.244,0.000,20.000,1.46635,1.68347,200.98,-4.787,13.933,-4.787,13.933,-4.761,3.076,1.00000,74.342
[SHELL] ccB:21,2147523631,1,-20.992,13.535,7.457,32.892,52.375,67.108,33.160,55.740,66.840
[SHELL] ccA:22,347907383,78050,4.019,19.711,0.000,20.000,1.71713,1.81996,16.18,-4.843,13.964,-4.843,13.964,-4.763,3.076,1.00000,74.342
[SHELL] ccB:22,19231,1,-20.086,10.998,9.088,32.813,48.229,67.187,32.892,52.375,67.108
[SHELL] ccA:23,348009007,78050,4.019,19.711,0.000,20.000,1.71713,1.93518,200.98,-4.845,13.964,-4.845,13.964,-4.765,3.076,1.00000,74.342
[SHELL] ccB:23,2147523605,1,-20.086,10.998,9.088,33.044,44.814,66.956,32.813,48.229,67.187
[SHELL] ccA:24,348127375,78051,1.421,18.169,0.000,20.000,1.96321,2.06605,16.25,-4.794,13.996,-4.794,13.996,-4.766,3.077,1.00000,74.342
[SHELL] ccB:24,19227,1,-17.331,3.785,13.546,33.544,41.131,66.456,33.044,44.814,66.956
[SHELL] ccA:25,348229039,78051,1.421,18.169,0.000,20.000,1.96321,2.20294,201.06,-4.795,13.997,-4.795,13.997,-4.767,3.078,1.00000,74.342
[SHELL] ccB:25,2147523589,1,-17.331,3.785,13.546,34.396,37.323,65.604,33.544,41.131,66.456
[SHELL] ccA:26,348347315,78052,-0.833,18.164,0.000,20.000,2.20781,2.31067,16.20,-4.749,13.998,-4.749,13.998,-4.766,3.079,1.00000,74.342
[SHELL] ccB:26,19197,1,-14.106,-2.884,16.989,35.601,34.920,65.080,34.396,37.323,65.604
[SHELL] ccA:27,348448935,78052,-0.833,18.164,0.000,20.000,2.20781,2.43760,201.02,-4.749,13.999,-4.749,13.999,-4.766,3.080,1.00000,74.342
[SHELL] ccB:27,2147523641,1,-14.106,-2.884,16.989,39.022,33.988,66.012,35.601,34.920,65.080
[SHELL] ccA:28,348567287,78053,-2.135,22.186,0.000,20.000,2.45947,2.56231,16.14,-4.722,13.917,-4.722,13.917,-4.765,3.079,1.00000,74.342
[SHELL] ccB:28,19183,1,-12.330,-9.915,22.245,42.601,33.421,66.579,39.022,33.988,66.012
[SHELL] ccA:29,348668883,78053,-2.135,22.186,0.000,20.000,2.45947,2.68019,200.87,-4.721,13.916,-4.721,13.916,-4.764,3.077,1.00000,74.342
[SHELL] ccB:29,2147523667,1,-12.330,-9.915,22.245,46.028,33.035,66.965,42.601,33.421,66.579
[SHELL] ccA:30,348787283,78054,-1.622,22.101,0.000,20.000,2.70346,2.80632,16.14,-4.730,13.917,-4.730,13.917,-4.763,3.076,1.00000,74.342
[SHELL] ccB:30,19181,1,-7.908,-13.974,21.882,49.774,32.877,67.123,46.028,33.035,66.965
[SHELL] ccA:31,348888931,78054,-1.622,22.101,0.000,20.000,2.70346,2.92630,200.97,-4.729,13.916,-4.729,13.916,-4.762,3.075,1.00000,74.342
[SHELL] ccB:31,2147523643,1,-7.908,-13.974,21.882,53.324,32.986,67.014,49.774,32.877,67.123
[SHELL] ctrlcap v1 armed=0 count=512 clock_hz=550000000 decimation=1
[SHELL] ccA:index,cycles,seq,id,iq,idref,iqref,theta,actangle,age_us,vdreq,vqreq,vd,vq,intd,intq,scale,bus
[SHELL] ccB:index,timer,valid,ia,ib,ic,du,dv,dw,active_u,active_v,active_w
[SHELL] ccA:32,349007255,78055,-2.295,18.612,0.000,20.000,2.95471,3.05753,16.15,-4.715,13.986,-4.715,13.986,-4.761,3.076,1.00000,74.342
[SHELL] ccB:32,19167,1,-1.203,-15.605,16.808,57.110,33.303,66.697,53.324,32.986,67.014
[SHELL] ccA:33,349108843,78055,-2.295,18.612,0.000,20.000,2.95471,3.17495,200.88,-4.714,13.987,-4.714,13.987,-4.760,3.077,1.00000,74.342
[SHELL] ccB:33,2147523687,1,-1.203,-15.605,16.808,60.447,33.898,66.102,57.110,33.303,66.697
[SHELL] ccA:34,349227227,78056,-2.562,18.673,0.000,20.000,3.20227,3.30511,16.07,-4.707,13.986,-4.707,13.986,-4.758,3.077,1.00000,74.342
[SHELL] ccB:34,19153,1,3.690,-17.852,14.162,63.965,34.817,65.183,60.447,33.898,66.102
[SHELL] ccA:35,349328891,78056,-2.562,18.673,0.000,20.000,3.20227,3.42533,200.93,-4.706,13.987,-4.706,13.987,-4.757,3.078,1.00000,74.342
[SHELL] ccB:35,2147523663,1,3.690,-17.852,14.162,65.562,34.438,62.654,63.965,34.817,65.183
[SHELL] ccA:36,349447271,78057,-0.993,20.402,0.000,20.000,3.44779,3.55064,16.14,-4.737,13.952,-4.737,13.952,-4.757,3.078,1.00000,74.342
[SHELL] ccB:36,19175,1,7.097,-20.136,13.039,66.342,33.658,59.094,65.562,34.438,62.654
[SHELL] ccA:37,349548915,78057,-0.993,20.402,0.000,20.000,3.44779,3.66956,200.98,-4.736,13.952,-4.736,13.952,-4.756,3.078,1.00000,74.342
[SHELL] ccB:37,2147523651,1,7.097,-20.136,13.039,66.849,33.151,55.672,66.342,33.658,59.094
[SHELL] ccA:38,349667263,78058,1.207,21.920,0.000,20.000,3.69738,3.80021,16.14,-4.781,13.921,-4.781,13.921,-4.757,3.077,1.00000,74.342
[SHELL] ccB:38,19171,1,10.540,-21.948,11.408,67.118,32.882,51.715,66.849,33.151,55.672
[SHELL] ccA:39,349768863,78058,1.207,21.920,0.000,20.000,3.69738,3.91365,200.89,-4.781,13.920,-4.781,13.920,-4.757,3.076,1.00000,74.342
[SHELL] ccB:39,2147523677,1,10.540,-21.948,11.408,67.119,32.881,48.346,67.118,32.882,51.715
[SHELL] ccA:40,349887283,78059,2.867,19.674,0.000,20.000,3.94507,4.04791,16.17,-4.816,13.965,-4.816,13.965,-4.759,3.076,1.00000,74.342
[SHELL] ccB:40,19181,1,12.171,-19.701,7.530,66.895,33.105,44.335,67.119,32.881,48.346
[SHELL] ccA:41,349988883,78059,2.867,19.674,0.000,20.000,3.94507,4.16326,200.91,-4.817,13.965,-4.817,13.965,-4.760,3.076,1.00000,74.342
[SHELL] ccB:41,2147523667,1,12.171,-19.701,7.530,66.406,33.594,41.002,66.895,33.105,44.335
[SHELL] ccA:42,350107267,78060,0.667,17.938,0.000,20.000,4.19416,4.29700,16.11,-4.774,14.001,-4.774,14.001,-4.760,3.077,1.00000,74.342
[SHELL] ccB:42,19173,1,15.252,-15.823,0.571,65.614,34.386,37.373,66.406,33.594,41.002
[SHELL] ccA:43,350208919,78060,0.667,17.938,0.000,20.000,4.19416,4.41068,200.97,-4.774,14.002,-4.774,14.002,-4.761,3.078,1.00000,74.342
[SHELL] ccB:43,2147523649,1,15.252,-15.823,0.571,65.151,35.776,34.849,65.614,34.386,37.373
[SHELL] ccA:44,350327299,78061,-1.550,20.044,0.000,20.000,4.43687,4.53968,16.11,-4.729,13.960,-4.729,13.960,-4.760,3.078,1.00000,73.902
[SHELL] ccB:44,19189,1,19.710,-13.286,-6.424,66.105,39.191,33.895,65.151,35.776,34.849
[SHELL] ccA:45,350428915,78061,-1.550,20.044,0.000,20.000,4.43687,4.66183,200.89,-4.728,13.960,-4.728,13.960,-4.759,3.078,1.00000,73.902
[SHELL] ccB:45,2147523651,1,19.710,-13.286,-6.424,66.745,42.669,33.255,66.105,39.191,33.895
[SHELL] ccA:46,350547223,78062,-0.363,21.085,0.000,20.000,4.68397,4.78680,16.11,-4.752,13.938,-4.752,13.938,-4.759,3.078,1.00000,74.342
[SHELL] ccB:46,19151,1,21.087,-10.749,-10.338,67.030,46.424,32.970,66.745,42.669,33.255
[SHELL] ccA:47,350648895,78062,-0.363,21.085,0.000,20.000,4.68397,4.90726,200.94,-4.752,13.938,-4.752,13.938,-4.759,3.077,1.00000,74.342
[SHELL] ccB:47,2147523661,1,21.087,-10.749,-10.338,67.154,49.995,32.846,67.030,46.424,32.970
[SHELL] ctrlcap v1 armed=0 count=512 clock_hz=550000000 decimation=1
[SHELL] ccA:index,cycles,seq,id,iq,idref,iqref,theta,actangle,age_us,vdreq,vqreq,vd,vq,intd,intq,scale,bus
[SHELL] ccB:index,timer,valid,ia,ib,ic,du,dv,dw,active_u,active_v,active_w
[SHELL] ccA:48,350767235,78063,-2.820,18.833,0.000,20.000,4.93917,5.04202,16.11,-4.701,13.983,-4.701,13.983,-4.757,3.078,1.00000,74.342
[SHELL] ccB:48,19157,1,17.716,-2.811,-14.905,67.040,53.869,32.960,67.154,49.995,32.846
[SHELL] ccA:49,350868883,78063,-2.820,18.833,0.000,20.000,4.93917,5.15606,201.00,-4.700,13.984,-4.700,13.984,-4.756,3.078,1.00000,74.342
[SHELL] ccB:49,2147523667,1,17.716,-2.811,-14.905,66.675,57.199,33.325,67.040,53.869,32.960
[SHELL] ccA:50,350987247,78064,-4.960,16.841,0.000,20.000,5.18381,5.28665,16.11,-4.654,14.025,-4.654,14.025,-4.754,3.080,1.00000,74.342
[SHELL] ccB:50,19163,1,12.751,4.075,-16.826,66.043,60.812,33.957,66.675,57.199,33.325
[SHELL] ccA:51,351088903,78064,-4.960,16.841,0.000,20.000,5.18381,5.39825,201.01,-4.652,14.027,-4.652,14.027,-4.751,3.081,1.00000,74.342
[SHELL] ccB:51,2147523657,1,12.751,4.075,-16.826,65.250,63.835,34.750,66.043,60.812,33.957
[SHELL] ccA:52,351207243,78065,-2.325,20.210,0.000,20.000,5.43744,5.54029,16.11,-4.703,13.960,-4.703,13.960,-4.750,3.081,1.00000,74.342
[SHELL] ccB:52,19161,1,13.585,6.322,-19.907,62.063,65.683,34.317,65.250,63.835,34.750
[SHELL] ccA:53,351308871,78065,-2.325,20.210,0.000,20.000,5.43744,5.64902,200.93,-4.702,13.959,-4.702,13.959,-4.749,3.081,1.00000,74.342
[SHELL] ccB:53,2147523673,1,13.585,6.322,-19.907,59.045,66.345,33.655,62.063,65.683,34.317
[SHELL] ccA:54,351427251,78066,-0.472,22.774,0.000,20.000,5.67602,5.77887,16.11,-4.739,13.907,-4.739,13.907,-4.749,3.080,1.00000,74.342
[SHELL] ccB:54,19165,1,12.606,10.128,-22.734,55.187,66.851,33.149,59.045,66.345,33.655
[SHELL] ccA:55,351528863,78066,-0.472,22.774,0.000,20.000,5.67602,5.90491,200.89,-4.739,13.905,-4.739,13.905,-4.748,3.078,1.00000,74.342
[SHELL] ccB:55,2147523677,1,12.606,10.128,-22.734,51.476,67.092,32.908,55.187,66.851,33.149
[SHELL] ccA:56,351647223,78067,4.894,21.891,0.000,20.000,5.93348,6.03634,16.11,-4.849,13.922,-4.849,13.922,-4.751,3.077,1.00000,74.342
[SHELL] ccB:56,19151,1,12.099,10.309,-22.408,47.377,67.107,32.893,51.476,67.092,32.908
[SHELL] ccA:57,351748899,78067,4.894,21.891,0.000,20.000,5.93348,6.14961,200.97,-4.851,13.921,-4.851,13.921,-4.753,3.076,1.00000,74.342
[SHELL] ccB:57,2147523659,1,12.099,10.309,-22.408,44.040,66.825,33.175,47.377,67.107,32.893
[SHELL] ccA:58,351867255,78068,1.535,18.759,0.000,20.000,6.17734,6.28018,16.11,-4.785,13.984,-4.785,13.984,-4.754,3.077,1.00000,74.342
[SHELL] ccB:58,19167,1,3.509,14.260,-17.768,40.431,66.307,33.693,44.040,66.825,33.175
[SHELL] ccA:59,351968855,78068,1.535,18.759,0.000,20.000,6.17734,0.11091,200.94,-4.785,13.985,-4.785,13.985,-4.755,3.078,1.00000,74.342
[SHELL] ccB:59,2147523681,1,3.509,14.260,-17.768,37.280,65.574,34.426,40.431,66.307,33.693
[SHELL] ccA:60,352087099,78069,-1.069,19.042,0.000,20.000,0.14712,0.24997,15.99,-4.733,13.980,-4.733,13.980,-4.754,3.078,1.00000,74.342
[SHELL] ccB:60,19089,1,-3.849,18.102,-14.253,34.677,65.323,36.492,37.280,65.574,34.426
[SHELL] ccA:61,352188779,78069,-1.069,19.042,0.000,20.000,0.14712,0.36745,200.90,-4.732,13.980,-4.732,13.980,-4.754,3.079,1.00000,74.342
[SHELL] ccB:61,2147523719,1,-3.849,18.102,-14.253,33.869,66.131,39.694,34.677,65.323,36.492
[SHELL] ccA:62,352307007,78070,-2.034,21.021,0.000,20.000,0.39734,0.50018,15.93,-4.712,13.940,-4.712,13.940,-4.753,3.078,1.00000,74.342
[SHELL] ccB:62,19043,1,-10.010,21.110,-11.100,33.275,66.725,43.490,33.869,66.131,39.694
[SHELL] ccA:63,352408815,78070,-2.034,21.021,0.000,20.000,0.39734,0.61011,200.99,-4.711,13.940,-4.711,13.940,-4.752,3.078,1.00000,73.902
[SHELL] ccB:63,2147523701,1,-10.010,21.110,-11.100,32.863,67.137,46.686,33.275,66.725,43.490
[SHELL] ctrlcap v1 armed=0 count=512 clock_hz=550000000 decimation=1
[SHELL] ccA:index,cycles,seq,id,iq,idref,iqref,theta,actangle,age_us,vdreq,vqreq,vd,vq,intd,intq,scale,bus
[SHELL] ccB:index,timer,valid,ia,ib,ic,du,dv,dw,active_u,active_v,active_w
[SHELL] ccA:64,352527083,78071,-4.710,19.180,0.000,20.000,0.64558,0.74842,15.95,-4.655,13.977,-4.655,13.977,-4.749,3.078,1.00000,73.902
[SHELL] ccB:64,19081,1,-15.302,18.464,-3.162,32.741,67.259,50.679,32.863,67.137,46.686
[SHELL] ccA:65,352629071,78071,-4.710,19.180,0.000,20.000,0.64558,0.85546,200.97,-4.653,13.977,-4.653,13.977,-4.747,3.078,1.00000,74.342
[SHELL] ccB:65,2147523573,1,-15.302,18.464,-3.162,32.983,67.017,53.841,32.741,67.259,50.679
[SHELL] ccA:66,352747519,78072,-6.196,19.644,0.000,20.000,0.88244,0.98528,16.32,-4.620,13.968,-4.620,13.968,-4.744,3.079,1.00000,74.342
[SHELL] ccB:66,19299,1,-19.107,16.217,2.891,33.426,66.574,57.560,32.983,67.017,53.841
[SHELL] ccA:67,352849047,78072,-6.196,19.644,0.000,20.000,0.88244,1.10872,201.00,-4.617,13.968,-4.617,13.968,-4.741,3.079,1.00000,74.342
[SHELL] ccB:67,2147523585,1,-19.107,16.217,2.891,34.089,65.911,61.030,33.426,66.574,57.560
[SHELL] ccA:68,352967463,78073,-3.214,20.626,0.000,20.000,1.13411,1.23695,16.33,-4.675,13.948,-4.675,13.948,-4.739,3.078,1.00000,74.342
[SHELL] ccB:68,19271,1,-20.050,15.057,4.993,35.070,64.930,64.572,34.089,65.911,61.030
[SHELL] ccA:69,353069051,78073,-3.214,20.626,0.000,20.000,1.13411,1.35224,200.99,-4.673,13.948,-4.673,13.948,-4.738,3.078,1.00000,74.342
[SHELL] ccB:69,2147523583,1,-20.050,15.057,4.993,34.345,62.072,65.655,35.070,64.930,64.572
[SHELL] ccA:70,353187515,78074,-1.035,21.307,0.000,20.000,1.38680,1.48960,16.33,-4.716,13.934,-4.716,13.934,-4.737,3.078,1.00000,74.342
[SHELL] ccB:70,19297,1,-21.137,13.064,8.073,33.523,58.158,66.477,34.345,62.072,65.655
[SHELL] ccA:71,353289023,78074,-1.035,21.307,0.000,20.000,1.38680,1.60292,200.85,-4.716,13.933,-4.716,13.933,-4.736,3.077,1.00000,74.342
[SHELL] ccB:71,2147523597,1,-21.137,13.064,8.073,33.097,54.879,66.903,33.523,58.158,66.477
[SHELL] ccA:72,353407511,78075,1.248,22.044,0.000,20.000,1.63335,1.73618,16.34,-4.762,13.917,-4.762,13.917,-4.737,3.076,1.00000,74.342
[SHELL] ccB:72,19295,1,-22.079,10.925,11.154,32.871,50.847,67.129,33.097,54.879,66.903
[SHELL] ccA:73,353509035,78075,1.248,22.044,0.000,20.000,1.63335,1.84625,200.95,-4.763,13.916,-4.763,13.916,-4.738,3.075,1.00000,74.342
[SHELL] ccB:73,2147523591,1,-22.079,10.925,11.154,32.922,47.581,67.078,32.871,50.847,67.129
[SHELL] ccA:74,353627467,78076,-0.020,19.772,0.000,20.000,1.88765,1.99048,16.33,-4.737,13.962,-4.737,13.962,-4.738,3.075,1.00000,74.342
[SHELL] ccB:74,19273,1,-18.781,4.039,14.742,33.251,43.415,66.749,32.922,47.581,67.078
[SHELL] ccA:75,353729003,78076,-0.020,19.772,0.000,20.000,1.88765,2.10135,200.97,-4.737,13.962,-4.737,13.962,-4.738,3.075,1.00000,74.342
[SHELL] ccB:75,2147523607,1,-18.781,4.039,14.742,33.774,40.246,66.226,33.251,43.415,66.749
[SHELL] ccA:76,353847439,78077,-2.547,17.124,0.000,20.000,2.12681,2.22966,16.28,-4.685,14.017,-4.685,14.017,-4.736,3.076,1.00000,74.342
[SHELL] ccB:76,19259,1,-13.200,-3.101,16.301,34.557,36.819,65.443,33.774,40.246,66.226
[SHELL] ccA:77,353949019,78077,-2.547,17.124,0.000,20.000,2.12681,2.34335,201.01,-4.684,14.018,-4.684,14.018,-4.735,3.078,1.00000,74.342
[SHELL] ccB:77,2147523599,1,-13.200,-3.101,16.301,36.341,34.695,65.305,34.557,36.819,65.443
[SHELL] ccA:78,354067351,78078,-2.454,20.470,0.000,20.000,2.37900,2.48185,16.22,-4.685,13.951,-4.685,13.951,-4.734,3.078,1.00000,74.342
[SHELL] ccB:78,19215,1,-12.366,-8.103,20.469,40.216,33.814,66.186,36.341,34.695,65.305
[SHELL] ccA:79,354169007,78078,-2.454,20.470,0.000,20.000,2.37900,2.59059,201.07,-4.684,13.951,-4.684,13.951,-4.733,3.077,1.00000,74.342
[SHELL] ccB:79,2147523605,1,-12.366,-8.103,20.469,43.315,33.297,66.703,40.216,33.814,66.186
[SHELL] ctrlcap v1 armed=0 count=512 clock_hz=550000000 decimation=1
[SHELL] ccA:index,cycles,seq,id,iq,idref,iqref,theta,actangle,age_us,vdreq,vqreq,vd,vq,intd,intq,scale,bus
[SHELL] ccB:index,timer,valid,ia,ib,ic,du,dv,dw,active_u,active_v,active_w
[SHELL] ccA:80,354287315,78079,-1.931,23.372,0.000,20.000,2.61989,2.72272,15.86,-4.693,13.891,-4.693,13.891,-4.732,3.076,1.00000,74.342
[SHELL] ccB:80,19197,1,-9.974,-13.394,23.368,47.251,32.994,67.006,43.315,33.297,66.703
[SHELL] ccA:81,354388599,78079,-1.931,23.372,0.000,20.000,2.61989,2.84059,200.91,-4.692,13.889,-4.692,13.889,-4.731,3.074,1.00000,74.342
[SHELL] ccB:81,2147523809,1,-9.974,-13.394,23.368,50.733,32.927,67.073,47.251,32.994,67.006
[SHELL] ccA:82,354506751,78080,-1.191,19.695,0.000,20.000,2.87177,2.97461,15.75,-4.706,13.963,-4.706,13.963,-4.730,3.074,1.00000,74.342
[SHELL] ccB:82,18915,1,-4.102,-14.663,18.765,54.681,33.049,66.951,50.733,32.927,67.073
[SHELL] ccA:83,354608635,78080,-1.191,19.695,0.000,20.000,2.87177,3.08824,200.90,-4.706,13.963,-4.706,13.963,-4.730,3.074,1.00000,74.342
[SHELL] ccB:83,2147523791,1,-4.102,-14.663,18.765,57.979,33.465,66.535,54.681,33.049,66.951
[SHELL] ccA:84,354726791,78081,-3.628,17.968,0.000,20.000,3.11283,3.21568,15.75,-4.655,13.999,-4.655,13.999,-4.728,3.075,1.00000,74.342
[SHELL] ccB:84,18935,1,3.110,-17.200,14.090,61.458,34.139,65.861,57.979,33.465,66.535
[SHELL] ccA:85,354828643,78081,-3.628,17.968,0.000,20.000,3.11283,3.33227,200.95,-4.653,14.000,-4.653,14.000,-4.726,3.076,1.00000,74.342
[SHELL] ccB:85,2147523787,1,3.110,-17.200,14.090,64.572,35.014,64.986,61.458,34.139,65.861
[SHELL] ccA:86,354946799,78082,-1.025,20.547,0.000,20.000,3.36251,3.46535,15.75,-4.705,13.948,-4.705,13.948,-4.725,3.076,1.00000,74.342
[SHELL] ccB:86,18939,1,5.502,-19.918,14.416,65.807,34.193,61.514,64.572,35.014,64.986
[SHELL] ccA:87,355048671,78082,-1.025,20.547,0.000,20.000,3.36251,3.58448,200.93,-4.704,13.947,-4.704,13.947,-4.725,3.076,1.00000,74.342
[SHELL] ccB:87,2147523773,1,5.502,-19.918,14.416,66.484,33.516,58.179,65.807,34.193,61.514
[SHELL] ccA:88,355166799,78083,1.748,22.240,0.000,20.000,3.61672,3.71958,15.75,-4.761,13.912,-4.761,13.912,-4.726,3.075,1.00000,74.342
[SHELL] ccB:88,18939,1,8.619,-22.129,13.510,66.963,33.037,54.126,66.484,33.516,58.179
[SHELL] ccA:89,355268619,78083,1.748,22.240,0.000,20.000,3.61672,3.84083,200.87,-4.762,13.911,-4.762,13.911,-4.727,3.074,1.00000,74.342
[SHELL] ccB:89,2147523799,1,8.619,-22.129,13.510,67.126,32.874,50.539,66.963,33.037,54.126
[SHELL] ccA:90,355386815,78084,3.470,20.098,0.000,20.000,3.85980,3.96264,15.75,-4.798,13.954,-4.798,13.954,-4.728,3.074,1.00000,74.342
[SHELL] ccB:90,18947,1,10.613,-20.389,9.777,67.095,32.905,46.879,67.126,32.874,50.539
[SHELL] ccA:91,355488659,78084,3.470,20.098,0.000,20.000,3.85980,4.07095,200.90,-4.800,13.954,-4.800,13.954,-4.730,3.074,1.00000,74.342
[SHELL] ccB:91,2147523779,1,10.613,-20.389,9.777,66.800,33.200,43.693,67.095,32.905,46.879
[SHELL] ccA:92,355606823,78085,0.966,18.274,0.000,20.000,4.10499,4.20783,15.75,-4.750,13.991,-4.750,13.991,-4.731,3.074,1.00000,74.342
[SHELL] ccB:92,18951,1,14.454,-16.946,2.492,66.191,33.809,39.880,66.800,33.200,43.693
[SHELL] ccA:93,355708711,78085,0.966,18.274,0.000,20.000,4.10499,4.32434,201.02,-4.750,13.992,-4.750,13.992,-4.731,3.075,1.00000,74.342
[SHELL] ccB:93,2147523753,1,14.454,-16.946,2.492,65.403,34.597,36.688,66.191,33.809,39.880
[SHELL] ccA:94,355826835,78086,1.737,18.539,0.000,20.000,4.35675,4.45958,15.75,-4.767,13.988,-4.767,13.988,-4.732,3.076,1.00000,74.342
[SHELL] ccB:94,18957,1,16.774,-15.388,-1.386,65.516,37.085,34.484,65.403,34.597,36.688
[SHELL] ccA:95,355928751,78086,1.737,18.539,0.000,20.000,4.35675,4.56881,201.11,-4.768,13.988,-4.768,13.988,-4.733,3.077,1.00000,74.342
[SHELL] ccB:95,2147523733,1,16.774,-15.388,-1.386,66.238,40.092,33.762,65.516,37.085,34.484
[SHELL] ctrlcap v1 armed=0 count=512 clock_hz=550000000 decimation=1
[SHELL] ccA:index,cycles,seq,id,iq,idref,iqref,theta,actangle,age_us,vdreq,vqreq,vd,vq,intd,intq,scale,bus
[SHELL] ccB:index,timer,valid,ia,ib,ic,du,dv,dw,active_u,active_v,active_w
[SHELL] ccA:96,356046843,78087,-0.339,20.635,0.000,20.000,4.60018,4.70302,15.75,-4.726,13.946,-4.726,13.946,-4.733,3.076,1.00000,74.782
[SHELL] ccB:96,18961,1,20.543,-11.981,-8.563,66.691,43.951,33.309,66.238,40.092,33.762
[SHELL] ccA:97,356148695,78087,-0.339,20.635,0.000,20.000,4.60018,4.82504,200.95,-4.726,13.946,-4.726,13.946,-4.733,3.076,1.00000,74.782
[SHELL] ccB:97,2147523761,1,20.543,-11.981,-8.563,66.992,47.515,33.008,66.691,43.951,33.309
[SHELL] ccA:98,356266851,78088,-1.076,17.260,0.000,20.000,4.84825,4.95108,15.75,-4.710,14.015,-4.710,14.015,-4.732,3.077,1.00000,74.342
[SHELL] ccB:98,18965,1,16.955,-5.529,-11.426,67.210,51.173,32.790,66.992,47.515,33.008
[SHELL] ccA:99,356368679,78088,-1.076,17.260,0.000,20.000,4.84825,5.06589,200.98,-4.710,14.016,-4.710,14.016,-4.731,3.079,1.00000,74.342
[SHELL] ccB:99,2147523769,1,16.955,-5.529,-11.426,67.021,54.579,32.979,67.210,51.173,32.790
[SHELL] ccA:100,356486835,78089,-4.740,16.296,0.000,20.000,5.09316,5.19601,15.75,-4.634,14.037,-4.634,14.037,-4.729,3.081,1.00000,74.342
[SHELL] ccB:100,18957,1,13.367,2.372,-15.739,66.555,58.211,33.445,67.021,54.579,32.979
[SHELL] ccA:101,356588675,78089,-4.740,16.296,0.000,20.000,5.09316,5.31167,200.93,-4.632,14.039,-4.632,14.039,-4.727,3.083,1.00000,74.342
[SHELL] ccB:101,2147523771,1,13.367,2.372,-15.739,65.900,61.461,34.100,66.555,58.211,33.445
[SHELL] ccA:102,356706859,78090,-2.861,17.527,0.000,20.000,5.34364,5.44647,15.75,-4.668,14.016,-4.668,14.016,-4.725,3.084,1.00000,74.342
[SHELL] ccB:102,18969,1,12.461,4.728,-17.189,64.687,64.975,35.025,65.900,61.461,34.100
[SHELL] ccA:103,356808631,78090,-2.861,17.527,0.000,20.000,5.34364,5.55689,200.85,-4.667,14.017,-4.667,14.017,-4.724,3.085,1.00000,74.342
[SHELL] ccB:103,2147523793,1,12.461,4.728,-17.189,61.743,65.818,34.182,64.687,64.975,35.025
[SHELL] ccA:104,356926795,78091,0.734,21.413,0.000,20.000,5.59288,5.69574,15.77,-4.739,13.939,-4.739,13.939,-4.724,3.084,1.00000,74.342
[SHELL] ccB:104,18937,1,14.201,6.793,-20.994,57.629,66.575,33.425,61.743,65.818,34.182
[SHELL] ccA:105,357028735,78091,0.734,21.413,0.000,20.000,5.59288,5.81297,201.09,-4.739,13.938,-4.739,13.938,-4.725,3.084,1.00000,74.342
[SHELL] ccB:105,2147523741,1,14.201,6.793,-20.994,54.217,66.976,33.024,57.629,66.575,33.425
[SHELL] ccA:106,357146807,78092,4.495,21.389,0.000,20.000,5.84061,5.94345,15.77,-4.817,13.938,-4.817,13.938,-4.727,3.083,1.00000,74.342
[SHELL] ccB:106,18943,1,13.222,8.461,-21.683,50.208,67.178,32.822,54.217,66.976,33.024
[SHELL] ccA:107,357248655,78092,4.495,21.389,0.000,20.000,5.84061,6.05270,200.95,-4.819,13.937,-4.819,13.937,-4.729,3.082,1.00000,74.342
[SHELL] ccB:107,2147523781,1,13.222,8.461,-21.683,46.958,67.089,32.911,50.208,67.178,32.822
[SHELL] ccA:108,357366807,78093,5.073,20.550,0.000,20.000,6.07939,6.18224,15.77,-4.833,13.953,-4.833,13.953,-4.732,3.082,1.00000,74.342
[SHELL] ccB:108,18943,1,9.127,11.976,-21.103,43.135,66.739,33.261,46.958,67.089,32.911
[SHELL] ccA:109,357468835,78093,5.073,20.550,0.000,20.000,6.07939,0.01588,200.91,-4.836,13.983,-4.836,13.983,-4.734,3.082,1.00000,74.342
[SHELL] ccB:109,2147523691,1,9.127,11.976,-21.103,39.796,66.198,33.802,43.135,66.739,33.261
[SHELL] ccA:110,357586983,78094,2.108,18.569,0.000,20.000,0.03966,0.14278,15.96,-4.777,14.024,-4.777,14.024,-4.735,3.082,1.00000,74.342
[SHELL] ccB:110,19031,1,1.370,15.456,-16.826,36.432,65.378,34.622,39.796,66.198,33.802
[SHELL] ccA:111,357688655,78094,2.108,18.569,0.000,20.000,0.03966,0.26295,200.88,-4.778,14.024,-4.778,14.024,-4.736,3.083,1.00000,74.342
[SHELL] ccB:111,2147523781,1,1.370,15.456,-16.826,34.503,65.497,36.840,36.432,65.378,34.622
[SHELL] ctrlcap v1 armed=0 count=512 clock_hz=550000000 decimation=1
[SHELL] ccA:index,cycles,seq,id,iq,idref,iqref,theta,actangle,age_us,vdreq,vqreq,vd,vq,intd,intq,scale,bus
[SHELL] ccB:index,timer,valid,ia,ib,ic,du,dv,dw,active_u,active_v,active_w
[SHELL] ccA:112,357806903,78095,0.627,21.230,0.000,20.000,0.29403,0.39716,15.79,-4.749,13.970,-4.749,13.970,-4.737,3.082,1.00000,74.342
[SHELL] ccB:112,18991,1,-5.552,20.530,-14.978,33.696,66.304,40.568,34.503,65.497,36.840
[SHELL] ccA:113,357908699,78095,0.627,21.230,0.000,20.000,0.29403,0.50503,200.96,-4.749,13.970,-4.749,13.970,-4.737,3.082,1.00000,74.342
[SHELL] ccB:113,2147523759,1,-5.552,20.530,-14.978,33.205,66.795,43.664,33.696,66.304,40.568
[SHELL] ccA:114,358026807,78096,0.050,21.910,0.000,20.000,0.54109,0.64423,15.74,-4.738,13.955,-4.738,13.955,-4.737,3.081,1.00000,74.342
[SHELL] ccB:114,18943,1,-11.242,21.907,-10.665,32.881,67.119,47.752,33.205,66.795,43.664
[SHELL] ccA:115,358128879,78096,0.050,21.910,0.000,20.000,0.54109,0.75870,200.94,-4.738,13.954,-4.738,13.954,-4.737,3.080,1.00000,74.342
[SHELL] ccB:115,2147523669,1,-11.242,21.907,-10.665,32.846,67.154,51.154,32.881,67.119,47.752
[SHELL] ccA:116,358247311,78097,0.751,20.371,0.000,20.000,0.78398,0.88709,16.14,-4.752,13.985,-4.752,13.985,-4.737,3.080,1.00000,74.342
[SHELL] ccB:116,19195,1,-13.852,19.877,-6.025,33.034,66.966,54.968,32.846,67.154,51.154
[SHELL] ccA:117,358348923,78097,0.751,20.371,0.000,20.000,0.78398,1.00812,200.98,-4.753,13.985,-4.753,13.985,-4.738,3.080,1.00000,74.342
[SHELL] ccB:117,2147523647,1,-13.852,19.877,-6.025,33.505,66.495,58.480,33.034,66.966,54.968
[SHELL] ccA:118,358467243,78098,-0.520,19.112,0.000,20.000,1.02899,1.13211,16.11,-4.727,14.010,-4.727,14.010,-4.737,3.080,1.00000,74.342
[SHELL] ccB:118,19161,1,-16.643,16.471,0.172,34.205,65.795,61.901,33.505,66.495,58.480
[SHELL] ccA:119,358568935,78098,-0.520,19.112,0.000,20.000,1.02899,1.25468,201.02,-4.727,14.011,-4.727,14.011,-4.737,3.080,1.00000,74.342
[SHELL] ccB:119,2147523641,1,-16.643,16.471,0.172,35.003,64.678,64.997,34.205,65.795,61.901
[SHELL] ccA:120,358687235,78099,2.453,20.663,0.000,20.000,1.28189,1.38500,16.04,-4.787,13.979,-4.787,13.979,-4.738,3.080,1.00000,74.342
[SHELL] ccB:120,19157,1,-19.107,16.688,2.419,34.011,61.044,65.989,35.003,64.678,64.997
[SHELL] ccA:121,358788931,78099,2.453,20.663,0.000,20.000,1.28189,1.49814,200.95,-4.789,13.979,-4.789,13.979,-4.740,3.080,1.00000,74.342
[SHELL] ccB:121,2147523643,1,-19.107,16.688,2.419,33.393,57.844,66.607,34.011,61.044,65.989
[SHELL] ccA:122,358907255,78100,4.733,20.857,0.000,20.000,1.52694,1.63007,16.11,-4.837,13.975,-4.837,13.975,-4.742,3.079,1.00000,74.782
[SHELL] ccB:122,19167,1,-20.630,15.202,5.428,33.021,53.879,66.979,33.393,57.844,66.607
[SHELL] ccA:123,359008935,78100,4.733,20.857,0.000,20.000,1.52694,1.74065,200.92,-4.839,13.974,-4.839,13.974,-4.744,3.079,1.00000,74.782
[SHELL] ccB:123,2147523641,1,-20.630,15.202,5.428,32.878,50.605,67.122,33.021,53.879,66.979
[SHELL] ccA:124,359127327,78101,6.605,19.476,0.000,20.000,1.77566,1.87878,16.20,-4.880,14.002,-4.880,14.002,-4.748,3.079,1.00000,74.342
[SHELL] ccB:124,19203,1,-20.412,12.375,8.037,32.850,46.427,67.150,32.878,50.605,67.122
[SHELL] ccA:125,359228951,78101,6.605,19.476,0.000,20.000,1.77566,1.99608,200.98,-4.883,14.002,-4.883,14.002,-4.751,3.079,1.00000,74.342
[SHELL] ccB:125,2147523633,1,-20.412,12.375,8.037,33.209,42.968,66.791,32.850,46.427,67.150
[SHELL] ccA:126,359347287,78102,5.372,16.857,0.000,20.000,2.02209,2.12522,16.15,-4.861,14.056,-4.861,14.056,-4.754,3.081,1.00000,74.342
[SHELL] ccB:126,19183,1,-17.513,6.576,10.937,33.808,39.322,66.192,33.209,42.968,66.791
[SHELL] ccA:127,359448915,78102,5.372,16.857,0.000,20.000,2.02209,2.24166,200.95,-4.864,14.058,-4.864,14.058,-4.756,3.083,1.00000,74.342
[SHELL] ccB:127,2147523651,1,-17.513,6.576,10.937,34.632,36.131,65.368,33.808,39.322,66.192
[SHELL] ctrlcap v1 armed=0 count=512 clock_hz=550000000 decimation=1
[SHELL] ccA:index,cycles,seq,id,iq,idref,iqref,theta,actangle,age_us,vdreq,vqreq,vd,vq,intd,intq,scale,bus
[SHELL] ccB:index,timer,valid,ia,ib,ic,du,dv,dw,active_u,active_v,active_w
[SHELL] ccA:128,359567271,78103,1.278,18.712,0.000,20.000,2.27213,2.37524,16.15,-4.783,14.022,-4.783,14.022,-4.757,3.083,1.00000,74.342
[SHELL] ccB:128,19175,1,-15.121,-2.050,17.171,37.332,34.369,65.631,34.632,36.131,65.368
[SHELL] ccA:129,359668895,78103,1.278,18.712,0.000,20.000,2.27213,2.48208,200.94,-4.783,14.022,-4.783,14.022,-4.758,3.084,1.00000,74.342
[SHELL] ccB:129,2147523661,1,-15.121,-2.050,17.171,40.291,33.677,66.323,37.332,34.369,65.631
[SHELL] ccA:130,359787203,78104,2.046,24.141,0.000,20.000,2.51520,2.61833,16.09,-4.800,13.912,-4.800,13.912,-4.759,3.082,1.00000,74.342
[SHELL] ccB:130,19141,1,-15.809,-7.994,23.803,44.362,33.169,66.831,40.291,33.677,66.323
[SHELL] ccA:131,359888871,78104,2.046,24.141,0.000,20.000,2.51520,2.73646,200.98,-4.801,13.909,-4.801,13.909,-4.760,3.080,1.00000,74.342
[SHELL] ccB:131,2147523673,1,-15.809,-7.994,23.803,47.840,32.904,67.096,44.362,33.169,66.831
[SHELL] ccA:132,360007207,78105,5.368,24.516,0.000,20.000,2.76378,2.86691,16.09,-4.870,13.900,-4.870,13.900,-4.762,3.077,1.00000,74.342
[SHELL] ccB:132,19143,1,-14.033,-11.002,25.036,51.850,32.876,67.124,47.840,32.904,67.096
[SHELL] ccA:133,360108847,78105,5.368,24.516,0.000,20.000,2.76378,2.98663,200.90,-4.872,13.897,-4.872,13.897,-4.765,3.075,1.00000,74.342
[SHELL] ccB:133,2147523685,1,-14.033,-11.002,25.036,55.385,33.128,66.872,51.850,32.876,67.124
[SHELL] ccA:134,360227231,78106,3.713,19.790,0.000,20.000,3.01004,3.11317,16.09,-4.841,13.992,-4.841,13.992,-4.767,3.075,1.00000,74.342
[SHELL] ccB:134,19155,1,-6.277,-13.431,19.708,58.962,33.547,66.453,55.385,33.128,66.872
[SHELL] ccA:135,360328851,78106,3.713,19.790,0.000,20.000,3.01004,3.23998,200.92,-4.843,13.992,-4.843,13.992,-4.769,3.075,1.00000,74.342
[SHELL] ccB:135,2147523683,1,-6.277,-13.431,19.708,62.498,34.333,65.667,58.962,33.547,66.453
[SHELL] ccA:136,360447207,78107,0.894,18.782,0.000,20.000,3.26019,3.36332,16.09,-4.787,14.013,-4.787,14.013,-4.769,3.076,1.00000,74.342
[SHELL] ccB:136,19143,1,1.334,-16.910,15.576,65.169,34.831,64.227,62.498,34.333,65.667
[SHELL] ccA:137,360548863,78107,0.894,18.782,0.000,20.000,3.26019,3.48059,200.94,-4.788,14.014,-4.788,14.014,-4.770,3.077,1.00000,74.342
[SHELL] ccB:137,2147523677,1,1.334,-16.910,15.576,66.027,33.973,61.055,65.169,34.831,64.227
[SHELL] ccA:138,360667179,78108,2.312,22.263,0.000,20.000,3.51355,3.61669,16.09,-4.817,13.943,-4.817,13.943,-4.771,3.076,1.00000,74.342
[SHELL] ccB:138,19129,1,5.937,-21.658,15.721,66.694,33.306,57.059,66.027,33.973,61.055
[SHELL] ccA:139,360768887,78108,2.312,22.263,0.000,20.000,3.51355,3.72960,200.98,-4.818,13.942,-4.818,13.942,-4.772,3.074,1.00000,74.342
[SHELL] ccB:139,2147523665,1,5.937,-21.658,15.721,67.046,32.954,53.753,66.694,33.306,57.059
[SHELL] ccA:140,360887215,78109,5.335,21.625,0.000,20.000,3.75623,3.85935,16.09,-4.881,13.954,-4.881,13.954,-4.775,3.074,1.00000,74.342
[SHELL] ccB:140,19147,1,8.112,-22.020,13.909,67.220,32.780,49.789,67.046,32.954,53.753
[SHELL] ccA:141,360988931,78109,5.335,21.625,0.000,20.000,3.75623,3.98360,200.93,-4.884,13.953,-4.884,13.953,-4.777,3.073,1.00000,74.342
[SHELL] ccB:141,2147523643,1,8.112,-22.020,13.909,67.072,32.928,46.089,67.220,32.780,49.789
[SHELL] ccA:142,361107239,78110,5.508,21.066,0.000,20.000,4.00661,4.10974,16.06,-4.890,13.963,-4.890,13.963,-4.780,3.072,1.00000,74.342
[SHELL] ccB:142,19159,1,12.461,-21.694,9.233,66.665,33.335,42.389,67.072,32.928,46.089
[SHELL] ccA:143,361208871,78110,5.508,21.066,0.000,20.000,4.00661,4.22702,200.87,-4.893,13.963,-4.893,13.963,-4.783,3.072,1.00000,74.342
[SHELL] ccB:143,2147523673,1,12.461,-21.694,9.233,66.036,33.964,39.058,66.665,33.335,42.389
[SHELL] ctrlcap v1 armed=0 count=512 clock_hz=550000000 decimation=1
[SHELL] ccA:index,cycles,seq,id,iq,idref,iqref,theta,actangle,age_us,vdreq,vqreq,vd,vq,intd,intq,scale,bus
[SHELL] ccB:index,timer,valid,ia,ib,ic,du,dv,dw,active_u,active_v,active_w
[SHELL] ccA:144,361327187,78111,3.131,19.201,0.000,20.000,4.25389,4.35703,16.06,-4.847,14.001,-4.847,14.001,-4.784,3.072,1.00000,74.342
[SHELL] ccB:144,19133,1,15.832,-17.707,1.876,65.134,34.866,35.628,66.036,33.964,39.058
[SHELL] ccA:145,361428891,78111,3.131,19.201,0.000,20.000,4.25389,4.47358,201.01,-4.849,14.001,-4.849,14.001,-4.786,3.072,1.00000,74.342
[SHELL] ccB:145,2147523663,1,15.832,-17.707,1.876,65.696,37.563,34.304,65.134,34.866,35.628
[SHELL] ccA:146,361547183,78112,1.486,20.818,0.000,20.000,4.50610,4.60922,16.06,-4.816,13.968,-4.816,13.968,-4.787,3.072,1.00000,74.342
[SHELL] ccB:146,19131,1,20.072,-14.989,-5.083,66.470,41.340,33.530,65.696,37.563,34.304
[SHELL] ccA:147,361648923,78112,1.486,20.818,0.000,20.000,4.50610,4.72853,201.06,-4.817,13.968,-4.817,13.968,-4.787,3.072,1.00000,74.342
[SHELL] ccB:147,2147523647,1,20.072,-14.989,-5.083,66.948,44.799,33.052,66.470,41.340,33.530
[SHELL] ccA:148,361767183,78113,0.920,20.958,0.000,20.000,4.75396,4.85707,16.06,-4.806,13.965,-4.806,13.965,-4.788,3.071,1.00000,74.342
[SHELL] ccB:148,19131,1,20.978,-10.531,-10.447,67.185,48.587,32.815,66.948,44.799,33.052
[SHELL] ccA:149,361868839,78113,0.920,20.958,0.000,20.000,4.75396,4.97263,200.90,-4.807,13.964,-4.807,13.964,-4.788,3.071,1.00000,74.342
[SHELL] ccB:149,2147523689,1,20.978,-10.531,-10.447,67.164,52.029,32.836,67.185,48.587,32.815
[SHELL] ccA:150,361987187,78114,0.001,18.523,0.000,20.000,5.00192,5.10504,16.06,-4.788,14.014,-4.788,14.014,-4.788,3.071,1.00000,74.342
[SHELL] ccB:150,19133,1,17.753,-4.297,-13.455,66.913,55.887,33.087,67.164,52.029,32.836
[SHELL] ccA:151,362088891,78114,0.001,18.523,0.000,20.000,5.00192,5.22009,201.00,-4.788,14.014,-4.788,14.014,-4.788,3.072,1.00000,74.342
[SHELL] ccB:151,2147523663,1,17.753,-4.297,-13.455,66.412,59.211,33.588,66.913,55.887,33.087
[SHELL] ccA:152,362207183,78115,-1.310,18.565,0.000,20.000,5.25217,5.35528,16.06,-4.761,14.014,-4.761,14.014,-4.788,3.073,1.00000,74.342
[SHELL] ccB:152,19131,1,15.252,1.611,-16.862,65.549,62.904,34.451,66.412,59.211,33.588
[SHELL] ccA:153,362308927,78115,-1.310,18.565,0.000,20.000,5.25217,5.47293,201.05,-4.761,14.015,-4.761,14.015,-4.787,3.074,1.00000,74.342
[SHELL] ccB:153,2147523645,1,15.252,1.611,-16.862,63.865,65.272,34.728,65.549,62.904,34.451
[SHELL] ccA:154,362427215,78116,1.032,22.851,0.000,20.000,5.49576,5.59887,16.06,-4.808,13.928,-4.808,13.928,-4.788,3.072,1.00000,74.342
[SHELL] ccB:154,19147,1,16.919,4.873,-21.792,60.247,66.112,33.888,63.865,65.272,34.728
[SHELL] ccA:155,362528863,78116,1.032,22.851,0.000,20.000,5.49576,5.71965,200.92,-4.809,13.926,-4.809,13.926,-4.788,3.071,1.00000,74.342
[SHELL] ccB:155,2147523677,1,16.919,4.873,-21.792,56.808,66.707,33.293,60.247,66.112,33.888
[SHELL] ccA:156,362647195,78117,5.567,26.445,0.000,20.000,5.75062,5.85375,16.06,-4.902,13.851,-4.902,13.851,-4.791,3.068,1.00000,74.342
[SHELL] ccB:156,19137,1,18.224,8.171,-26.394,52.643,67.048,32.952,56.808,66.707,33.293
[SHELL] ccA:157,362748875,78117,5.567,26.445,0.000,20.000,5.75062,5.96713,200.97,-4.905,13.848,-4.905,13.848,-4.794,3.064,1.00000,74.342
[SHELL] ccB:157,2147523671,1,18.224,8.171,-26.394,49.278,67.109,32.891,52.643,67.048,32.952
[SHELL] ccA:158,362867171,78118,8.753,22.229,0.000,20.000,6.00084,6.10397,16.06,-4.973,13.931,-4.973,13.931,-4.798,3.063,1.00000,74.342
[SHELL] ccB:158,19125,1,14.599,9.077,-23.676,45.137,67.002,32.998,49.278,67.109,32.891
[SHELL] ccA:159,362968891,78118,8.753,22.229,0.000,20.000,6.00084,6.22218,201.03,-4.977,13.930,-4.977,13.930,-4.802,3.062,1.00000,74.342
[SHELL] ccB:159,2147523663,1,14.599,9.077,-23.676,41.689,66.551,33.449,45.137,67.002,32.998
[SHELL] ctrlcap v1 armed=0 count=512 clock_hz=550000000 decimation=1
[SHELL] ccA:index,cycles,seq,id,iq,idref,iqref,theta,actangle,age_us,vdreq,vqreq,vd,vq,intd,intq,scale,bus
[SHELL] ccB:index,timer,valid,ia,ib,ic,du,dv,dw,active_u,active_v,active_w
[SHELL] ccA:160,363087163,78119,4.122,18.914,0.000,20.000,6.24066,0.06060,16.06,-4.887,13.997,-4.887,13.997,-4.804,3.063,1.00000,74.342
[SHELL] ccB:160,19121,1,4.922,13.752,-18.675,38.447,65.931,34.069,41.689,66.551,33.449
[SHELL] ccA:161,363190255,78119,4.122,18.914,0.000,20.000,6.24066,0.18732,200.95,-4.889,13.997,-4.889,13.997,-4.806,3.063,1.00000,74.342
[SHELL] ccB:161,2147522981,1,4.922,13.752,-18.675,35.049,64.960,35.040,38.447,65.931,34.069
[SHELL] ccA:162,363307043,78120,1.670,19.803,0.000,20.000,0.21435,0.31746,15.92,-4.841,13.980,-4.841,13.980,-4.807,3.063,1.00000,74.342
[SHELL] ccB:162,19061,1,-2.580,18.355,-15.775,34.102,65.898,38.475,35.049,64.960,35.040
[SHELL] ccA:163,363408747,78120,1.670,19.803,0.000,20.000,0.21435,0.43080,200.86,-4.842,13.980,-4.842,13.980,-4.808,3.063,1.00000,74.342
[SHELL] ccB:163,2147523735,1,-2.580,18.355,-15.775,33.451,66.549,41.665,34.102,65.898,38.475
[SHELL] ccA:164,363526935,78121,0.420,22.087,0.000,20.000,0.46005,0.56317,15.86,-4.817,13.933,-4.817,13.933,-4.808,3.062,1.00000,74.342
[SHELL] ccB:164,19007,1,-9.430,22.016,-12.586,33.022,66.978,45.520,33.451,66.549,41.665
[SHELL] ccA:165,363628707,78121,0.420,22.087,0.000,20.000,0.46005,0.67319,200.94,-4.817,13.932,-4.817,13.932,-4.809,3.061,1.00000,74.342
[SHELL] ccB:165,2147523755,1,-9.430,22.016,-12.586,32.842,67.158,48.777,33.022,66.978,45.520
[SHELL] ccA:166,363747171,78122,0.604,19.888,0.000,20.000,0.71975,0.82290,15.81,-4.821,13.976,-4.821,13.976,-4.809,3.061,1.00000,74.342
[SHELL] ccB:166,19125,1,-12.656,19.624,-6.968,32.878,67.122,53.211,32.842,67.158,48.777
[SHELL] ccA:167,363848947,78122,0.604,19.888,0.000,20.000,0.71975,0.92749,200.95,-4.821,13.976,-4.821,13.976,-4.809,3.061,1.00000,74.342
[SHELL] ccB:167,2147523635,1,-12.656,19.624,-6.968,33.165,66.835,56.291,32.878,67.122,53.211
[SHELL] ccA:168,363967375,78123,-0.459,18.390,0.000,20.000,0.96461,1.06775,16.24,-4.800,14.007,-4.800,14.007,-4.809,3.062,1.00000,74.342
[SHELL] ccB:168,19227,1,-15.374,16.434,-1.060,33.801,66.199,60.263,33.165,66.835,56.291
[SHELL] ccA:169,364068951,78123,-0.459,18.390,0.000,20.000,0.96461,1.17620,200.93,-4.800,14.008,-4.800,14.008,-4.809,3.063,1.00000,74.342
[SHELL] ccB:169,2147523633,1,-15.374,16.434,-1.060,34.537,65.463,63.240,33.801,66.199,60.263
[SHELL] ccA:170,364187375,78124,0.711,18.591,0.000,20.000,1.20603,1.30912,16.18,-4.823,14.004,-4.823,14.004,-4.809,3.064,1.00000,74.342
[SHELL] ccB:170,19227,1,-17.114,14.876,2.238,34.490,63.096,65.510,34.537,65.463,63.240
[SHELL] ccA:171,364288951,78124,0.711,18.591,0.000,20.000,1.20603,1.43103,200.88,-4.824,14.005,-4.824,14.005,-4.809,3.064,1.00000,74.342
[SHELL] ccB:171,2147523633,1,-17.114,14.876,2.238,33.685,59.732,66.315,34.490,63.096,65.510
[SHELL] ccA:172,364407347,78125,3.289,20.738,0.000,20.000,1.45702,1.56013,16.18,-4.877,13.962,-4.877,13.962,-4.811,3.064,1.00000,74.342
[SHELL] ccB:172,19213,1,-20.231,14.985,5.246,33.109,55.876,66.891,33.685,59.732,66.315
[SHELL] ccA:173,364508903,78125,3.289,20.738,0.000,20.000,1.45702,1.67790,200.89,-4.879,13.961,-4.879,13.961,-4.813,3.064,1.00000,74.342
[SHELL] ccB:173,2147523657,1,-20.231,14.985,5.246,32.827,52.394,67.173,33.109,55.876,66.891
[SHELL] ccA:174,364627335,78126,4.806,18.922,0.000,20.000,1.70601,1.80914,16.18,-4.911,13.998,-4.911,13.998,-4.815,3.064,1.00000,74.342
[SHELL] ccB:174,19207,1,-19.397,11.614,7.783,32.742,48.439,67.258,32.827,52.394,67.173
[SHELL] ccA:175,364728955,78126,4.806,18.922,0.000,20.000,1.70601,1.92417,200.98,-4.914,13.999,-4.914,13.999,-4.818,3.065,1.00000,74.342
[SHELL] ccB:175,2147523631,1,-19.397,11.614,7.783,32.958,45.014,67.042,32.742,48.439,67.258
[SHELL] ctrlcap v1 armed=0 count=512 clock_hz=550000000 decimation=1
[SHELL] ccA:index,cycles,seq,id,iq,idref,iqref,theta,actangle,age_us,vdreq,vqreq,vd,vq,intd,intq,scale,bus
[SHELL] ccB:index,timer,valid,ia,ib,ic,du,dv,dw,active_u,active_v,active_w
[SHELL] ccA:176,364847299,78127,3.543,18.250,0.000,20.000,1.95774,2.06087,16.18,-4.890,14.013,-4.890,14.013,-4.819,3.066,1.00000,74.342
[SHELL] ccB:176,19189,1,-18.238,5.996,12.241,33.494,41.086,66.506,32.958,45.014,67.042
[SHELL] ccA:177,364948955,78127,3.543,18.250,0.000,20.000,1.95774,2.17671,201.03,-4.892,14.014,-4.892,14.014,-4.821,3.067,1.00000,74.342
[SHELL] ccB:177,2147523631,1,-18.238,5.996,12.241,34.198,37.838,65.802,33.494,41.086,66.506
[SHELL] ccA:178,365067283,78128,-0.725,17.255,0.000,20.000,2.20316,2.30628,16.13,-4.806,14.035,-4.806,14.035,-4.821,3.068,1.00000,74.342
[SHELL] ccB:178,19181,1,-13.490,-2.594,16.083,35.508,34.878,65.122,34.198,37.838,65.802
[SHELL] ccA:179,365168863,78128,-0.725,17.255,0.000,20.000,2.20316,2.42305,200.94,-4.806,14.037,-4.806,14.037,-4.820,3.069,1.00000,74.342
[SHELL] ccB:179,2147523677,1,-13.490,-2.594,16.083,38.656,34.006,65.994,35.508,34.878,65.122
[SHELL] ccA:180,365287203,78129,-0.724,21.149,0.000,20.000,2.45127,2.55439,16.07,-4.806,13.958,-4.806,13.958,-4.820,3.069,1.00000,74.342
[SHELL] ccB:180,19141,1,-12.910,-8.067,20.976,42.468,33.362,66.638,38.656,34.006,65.994
[SHELL] ccA:181,365388843,78129,-0.724,21.149,0.000,20.000,2.45127,2.66174,200.91,-4.805,13.958,-4.805,13.958,-4.820,3.068,1.00000,74.342
[SHELL] ccB:181,2147523687,1,-12.910,-8.067,20.976,45.599,32.993,67.007,42.468,33.362,66.638
[SHELL] ccA:182,365507191,78130,-0.042,20.298,0.000,20.000,2.70610,2.80924,16.07,-4.819,13.975,-4.819,13.975,-4.820,3.068,1.00000,74.342
[SHELL] ccB:182,19135,1,-8.524,-11.691,20.215,49.991,32.780,67.220,45.599,32.993,67.007
[SHELL] ccA:183,365608879,78130,-0.042,20.298,0.000,20.000,2.70610,2.92018,200.99,-4.819,13.974,-4.819,13.974,-4.820,3.068,1.00000,74.342
[SHELL] ccB:183,2147523669,1,-8.524,-11.691,20.215,53.293,32.886,67.114,49.991,32.780,67.220
[SHELL] ccA:184,365727179,78131,-0.607,18.934,0.000,20.000,2.95356,3.05669,16.07,-4.807,14.002,-4.807,14.002,-4.819,3.068,1.00000,74.342
[SHELL] ccB:184,19129,1,-2.943,-14.735,17.678,57.269,33.272,66.728,53.293,32.886,67.114
[SHELL] ccA:185,365828923,78131,-0.607,18.934,0.000,20.000,2.95356,3.16568,201.04,-4.807,14.003,-4.807,14.003,-4.819,3.069,1.00000,74.342
[SHELL] ccB:185,2147523647,1,-2.943,-14.735,17.678,60.376,33.827,66.173,57.269,33.272,66.728
[SHELL] ccA:186,365947191,78132,-3.064,18.197,0.000,20.000,3.20626,3.30940,16.07,-4.756,14.018,-4.756,14.018,-4.817,3.070,1.00000,74.342
[SHELL] ccB:186,19135,1,4.234,-17.671,13.437,64.186,34.824,65.176,60.376,33.827,66.173
[SHELL] ccA:187,366048847,78132,-3.064,18.197,0.000,20.000,3.20626,3.41803,200.95,-4.755,14.019,-4.755,14.019,-4.816,3.071,1.00000,74.342
[SHELL] ccB:187,2147523685,1,4.234,-17.671,13.437,65.575,34.425,62.825,64.186,34.824,65.176
[SHELL] ccA:188,366167291,78133,-1.142,20.916,0.000,20.000,3.44004,3.54316,16.15,-4.792,13.964,-4.792,13.964,-4.815,3.070,1.00000,74.342
[SHELL] ccB:188,19185,1,7.242,-20.643,13.401,66.352,33.648,59.230,65.575,34.425,62.825
[SHELL] ccA:189,366268903,78133,-1.142,20.916,0.000,20.000,3.44004,3.66938,200.92,-4.792,13.964,-4.792,13.964,-4.815,3.070,1.00000,74.342
[SHELL] ccB:189,2147523657,1,7.242,-20.643,13.401,66.892,33.108,55.592,66.352,33.648,59.230
[SHELL] ccA:190,366387307,78134,1.964,22.400,0.000,20.000,3.70056,3.80370,16.15,-4.855,13.933,-4.855,13.933,-4.816,3.069,1.00000,74.342
[SHELL] ccB:190,19193,1,10.214,-22.455,12.241,67.167,32.833,51.482,66.892,33.108,55.592
[SHELL] ccA:191,366488915,78134,1.964,22.400,0.000,20.000,3.70056,3.91665,200.89,-4.856,13.932,-4.856,13.932,-4.817,3.067,1.00000,74.342
[SHELL] ccB:191,2147523651,1,10.214,-22.455,12.241,67.153,32.847,48.119,67.167,32.833,51.482
[SHELL] ctrlcap v1 armed=0 count=512 clock_hz=550000000 decimation=1
[SHELL] ccA:index,cycles,seq,id,iq,idref,iqref,theta,actangle,age_us,vdreq,vqreq,vd,vq,intd,intq,scale,bus
[SHELL] ccB:index,timer,valid,ia,ib,ic,du,dv,dw,active_u,active_v,active_w
[SHELL] ccA:192,366607239,78135,2.938,20.509,0.000,20.000,3.95349,4.05663,16.11,-4.877,13.969,-4.877,13.969,-4.818,3.067,1.00000,74.342
[SHELL] ccB:192,19159,1,12.860,-20.498,7.638,66.880,33.120,43.960,67.153,32.847,48.119
[SHELL] ccA:193,366708915,78135,2.938,20.509,0.000,20.000,3.95349,4.16583,201.00,-4.878,13.969,-4.878,13.969,-4.820,3.067,1.00000,74.342
[SHELL] ccB:193,2147523651,1,12.860,-20.498,7.638,66.399,33.601,40.807,66.880,33.120,43.960
[SHELL] ccA:194,366827291,78136,-0.261,19.369,0.000,20.000,4.20200,4.30514,16.12,-4.814,13.992,-4.814,13.992,-4.820,3.067,1.00000,74.342
[SHELL] ccB:194,19185,1,17.028,-16.511,-0.516,65.539,34.461,37.074,66.399,33.601,40.807
[SHELL] ccA:195,366928923,78136,-0.261,19.369,0.000,20.000,4.20200,4.41610,200.92,-4.814,13.993,-4.814,13.993,-4.819,3.067,1.00000,74.342
[SHELL] ccB:195,2147523647,1,17.028,-16.511,-0.516,65.222,35.987,34.778,65.539,34.461,37.074
[SHELL] ccA:196,367047255,78137,-2.673,21.727,0.000,20.000,4.44676,4.54990,16.12,-4.765,13.945,-4.765,13.945,-4.818,3.067,1.00000,74.342
[SHELL] ccB:196,19167,1,21.667,-13.539,-8.128,66.085,39.614,33.915,65.222,35.987,34.778
[SHELL] ccA:197,367148915,78137,-2.673,21.727,0.000,20.000,4.44676,4.66043,200.90,-4.763,13.944,-4.763,13.944,-4.817,3.066,1.00000,74.342
[SHELL] ccB:197,2147523651,1,21.667,-13.539,-8.128,66.647,42.749,33.353,66.085,39.614,33.915
[SHELL] ccA:198,367267287,78138,-1.564,21.032,0.000,20.000,4.69940,4.80253,16.12,-4.785,13.957,-4.785,13.957,-4.816,3.065,1.00000,74.342
[SHELL] ccB:198,19183,1,21.051,-9.408,-11.643,67.096,46.933,32.904,66.647,42.749,33.353
[SHELL] ccA:199,367368943,78138,-1.564,21.032,0.000,20.000,4.69940,4.91271,200.96,-4.784,13.957,-4.784,13.957,-4.815,3.065,1.00000,74.342
[SHELL] ccB:199,2147523637,1,21.051,-9.408,-11.643,67.187,50.207,32.813,67.096,46.933,32.904
[SHELL] ccA:200,367487247,78139,-3.163,19.300,0.000,20.000,4.94616,5.04928,16.12,-4.750,13.992,-4.750,13.992,-4.814,3.065,1.00000,74.342
[SHELL] ccB:200,19163,1,18.043,-2.485,-15.558,67.043,54.178,32.957,67.187,50.207,32.813
[SHELL] ccA:201,367588887,78139,-3.163,19.300,0.000,20.000,4.94616,5.16397,200.89,-4.749,13.992,-4.749,13.992,-4.812,3.065,1.00000,74.342
[SHELL] ccB:201,2147523665,1,18.043,-2.485,-15.558,66.655,57.525,33.345,67.043,54.178,32.957
[SHELL] ccA:202,367707231,78140,-4.623,18.410,0.000,20.000,5.20048,5.30362,16.12,-4.717,14.011,-4.717,14.011,-4.810,3.066,1.00000,74.342
[SHELL] ccB:202,19155,1,14.092,3.966,-18.058,65.913,61.407,34.087,66.655,57.525,33.345
[SHELL] ccA:203,367808923,78140,-4.623,18.410,0.000,20.000,5.20048,5.41172,200.98,-4.715,14.011,-4.715,14.011,-4.807,3.067,1.00000,74.342
[SHELL] ccB:203,2147523647,1,14.092,3.966,-18.058,65.111,64.309,34.889,65.913,61.407,34.087
[SHELL] ccA:204,367927211,78141,-3.387,20.105,0.000,20.000,5.44292,5.54604,16.05,-4.738,13.977,-4.738,13.977,-4.806,3.067,1.00000,74.342
[SHELL] ccB:204,19145,1,12.715,7.446,-20.161,61.879,65.765,34.235,65.111,64.309,34.889
[SHELL] ccA:205,368028927,78141,-3.387,20.105,0.000,20.000,5.44292,5.66360,201.02,-4.736,13.977,-4.736,13.977,-4.804,3.067,1.00000,74.342
[SHELL] ccB:205,2147523645,1,12.715,7.446,-20.161,58.597,66.460,33.540,61.879,65.765,34.235
[SHELL] ccA:206,368147195,78142,0.115,24.207,0.000,20.000,5.69393,5.79707,16.05,-4.806,13.893,-4.806,13.893,-4.804,3.065,1.00000,74.342
[SHELL] ccB:206,19137,1,13.548,10.599,-24.147,54.522,66.925,33.075,58.597,66.460,33.540
[SHELL] ccA:207,368248935,78142,0.115,24.207,0.000,20.000,5.69393,5.90556,201.06,-4.806,13.891,-4.806,13.891,-4.804,3.063,1.00000,74.342
[SHELL] ccB:207,2147523641,1,13.548,10.599,-24.147,51.320,67.106,32.894,54.522,66.925,33.075
[SHELL] ctrlcap v1 armed=0 count=512 clock_hz=550000000 decimation=1
[SHELL] ccA:index,cycles,seq,id,iq,idref,iqref,theta,actangle,age_us,vdreq,vqreq,vd,vq,intd,intq,scale,bus
[SHELL] ccB:index,timer,valid,ia,ib,ic,du,dv,dw,active_u,active_v,active_w
[SHELL] ccA:208,368367271,78143,4.511,22.284,0.000,20.000,5.94427,6.04765,16.12,-4.897,13.956,-4.897,13.956,-4.806,3.062,1.00000,74.342
[SHELL] ccB:208,19175,1,11.664,11.070,-22.734,46.964,67.140,32.860,51.320,67.106,32.894
[SHELL] ccA:209,368468871,78143,4.511,22.284,0.000,20.000,5.94427,6.16130,200.94,-4.899,13.955,-4.899,13.955,-4.809,3.060,1.00000,74.342
[SHELL] ccB:209,2147523673,1,11.664,11.070,-22.734,43.612,66.830,33.170,46.964,67.140,32.860
[SHELL] ccA:210,368587275,78144,2.962,19.210,0.000,20.000,6.19363,0.01385,16.12,-4.869,14.017,-4.869,14.017,-4.810,3.061,1.00000,74.342
[SHELL] ccB:210,19177,1,4.669,14.006,-18.675,39.784,66.249,33.751,43.612,66.830,33.170
[SHELL] ccA:211,368688863,78144,2.962,19.210,0.000,20.000,6.19363,0.12400,200.96,-4.871,14.017,-4.871,14.017,-4.812,3.061,1.00000,74.342
[SHELL] ccB:211,2147523677,1,4.669,14.006,-18.675,36.749,65.502,34.498,39.784,66.249,33.751
[SHELL] ccA:212,368807099,78145,0.055,17.890,0.000,20.000,0.15803,0.26141,16.00,-4.813,14.045,-4.813,14.045,-4.812,3.062,1.00000,74.342
[SHELL] ccB:212,19089,1,-2.761,16.688,-13.927,34.469,65.531,36.818,36.749,65.502,34.498
[SHELL] ccA:213,368908843,78145,0.055,17.890,0.000,20.000,0.15803,0.37081,200.99,-4.813,14.046,-4.813,14.046,-4.812,3.063,1.00000,74.342
[SHELL] ccB:213,2147523687,1,-2.761,16.688,-13.927,33.730,66.270,39.832,34.469,65.531,36.818
[SHELL] ccA:214,369027023,78146,-0.315,21.368,0.000,20.000,0.40483,0.50823,15.94,-4.805,13.976,-4.805,13.976,-4.811,3.063,1.00000,74.342
[SHELL] ccB:214,19051,1,-8.705,21.255,-12.549,33.154,66.846,43.848,33.730,66.270,39.832
[SHELL] ccA:215,369128751,78146,-0.315,21.368,0.000,20.000,0.40483,0.62661,200.94,-4.805,13.975,-4.805,13.975,-4.811,3.062,1.00000,74.342
[SHELL] ccB:215,2147523733,1,-8.705,21.255,-12.549,32.854,67.146,47.337,33.154,66.846,43.848
[SHELL] ccA:216,369247227,78147,-1.852,19.918,0.000,20.000,0.65231,0.75572,15.89,-4.773,14.004,-4.773,14.004,-4.810,3.062,1.00000,74.342
[SHELL] ccB:216,19153,1,-13.562,19.515,-5.953,32.776,67.224,51.105,32.854,67.146,47.337
[SHELL] ccA:217,369348999,78147,-1.852,19.918,0.000,20.000,0.65231,0.85760,200.90,-4.772,14.004,-4.772,14.004,-4.809,3.062,1.00000,74.342
[SHELL] ccB:217,2147523609,1,-13.562,19.515,-5.953,32.931,67.069,54.131,32.776,67.224,51.105
[SHELL] ccA:218,369467479,78148,-3.171,18.372,0.000,20.000,0.90304,1.00644,16.32,-4.744,14.036,-4.744,14.036,-4.808,3.063,1.00000,74.342
[SHELL] ccB:218,19279,1,-16.389,15.891,0.498,33.438,66.562,58.411,32.931,67.069,54.131
[SHELL] ccA:219,369568987,78148,-3.171,18.372,0.000,20.000,0.90304,1.12024,200.89,-4.743,14.037,-4.743,14.037,-4.806,3.064,1.00000,74.342
[SHELL] ccB:219,2147523615,1,-16.389,15.891,0.498,34.095,65.905,61.611,33.438,66.562,58.411
[SHELL] ccA:220,369687431,78149,-1.597,18.739,0.000,20.000,1.14581,1.24922,16.26,-4.774,14.030,-4.774,14.030,-4.806,3.064,1.00000,74.342
[SHELL] ccB:220,19255,1,-17.730,14.296,3.434,34.994,64.786,65.006,34.095,65.905,61.611
[SHELL] ccA:221,369788963,78149,-1.597,18.739,0.000,20.000,1.14581,1.36995,200.95,-4.773,14.031,-4.773,14.031,-4.805,3.065,1.00000,74.342
[SHELL] ccB:221,2147523627,1,-17.730,14.296,3.434,34.075,61.550,65.925,34.994,64.786,65.006
[SHELL] ccA:222,369907415,78150,1.226,20.633,0.000,20.000,1.39965,1.50305,16.26,-4.830,13.992,-4.830,13.992,-4.805,3.065,1.00000,74.342
[SHELL] ccB:222,19247,1,-20.122,14.151,5.971,33.331,57.649,66.669,34.075,61.550,65.925
[SHELL] ccA:223,370008995,78150,1.226,20.633,0.000,20.000,1.39965,1.61527,200.96,-4.830,13.992,-4.830,13.992,-4.806,3.064,1.00000,74.342
[SHELL] ccB:223,2147523611,1,-20.122,14.151,5.971,32.942,54.366,67.058,33.331,57.649,66.669
[SHELL] ctrlcap v1 armed=0 count=512 clock_hz=550000000 decimation=1
[SHELL] ccA:index,cycles,seq,id,iq,idref,iqref,theta,actangle,age_us,vdreq,vqreq,vd,vq,intd,intq,scale,bus
[SHELL] ccB:index,timer,valid,ia,ib,ic,du,dv,dw,active_u,active_v,active_w
[SHELL] ccA:224,370127375,78151,2.769,19.578,0.000,20.000,1.64069,1.74408,16.19,-4.863,14.013,-4.863,14.013,-4.807,3.065,1.00000,74.342
[SHELL] ccB:224,19227,1,-19.724,11.070,8.653,32.723,50.488,67.277,32.942,54.366,67.058
[SHELL] ccA:225,370228999,78151,2.769,19.578,0.000,20.000,1.64069,1.85724,200.98,-4.864,14.014,-4.864,14.014,-4.809,3.065,1.00000,74.342
[SHELL] ccB:225,2147523609,1,-19.724,11.070,8.653,32.801,47.103,67.199,32.723,50.488,67.277
[SHELL] ccA:226,370347439,78152,3.331,16.700,0.000,20.000,1.89249,1.99588,16.26,-4.877,14.073,-4.877,14.073,-4.810,3.066,1.00000,74.342
[SHELL] ccB:226,19259,1,-16.897,6.612,10.284,33.127,43.000,66.873,32.801,47.103,67.199
[SHELL] ccA:227,370448987,78152,3.331,16.700,0.000,20.000,1.89249,2.11009,200.96,-4.879,14.074,-4.879,14.074,-4.812,3.068,1.00000,74.342
[SHELL] ccB:227,2147523615,1,-16.897,6.612,10.284,33.696,39.712,66.304,33.127,43.000,66.873
[SHELL] ccA:228,370567339,78153,-1.233,15.831,0.000,20.000,2.14152,2.24491,16.21,-4.787,14.094,-4.787,14.094,-4.811,3.070,1.00000,74.342
[SHELL] ccB:228,19209,1,-12.656,-1.978,14.634,34.603,36.187,65.397,33.696,39.712,66.304
[SHELL] ccA:229,370668927,78153,-1.233,15.831,0.000,20.000,2.14152,2.36318,200.98,-4.786,14.096,-4.786,14.096,-4.811,3.072,1.00000,74.342
[SHELL] ccB:229,2147523645,1,-12.656,-1.978,14.634,36.906,34.393,65.607,34.603,36.187,65.397
[SHELL] ccA:230,370787287,78154,-2.367,19.862,0.000,20.000,2.39284,2.49622,16.15,-4.762,14.015,-4.762,14.015,-4.810,3.072,1.00000,74.342
[SHELL] ccB:230,19183,1,-11.786,-8.103,19.889,40.667,33.620,66.380,36.906,34.393,65.607
[SHELL] ccA:231,370888875,78154,-2.367,19.862,0.000,20.000,2.39284,2.59502,200.89,-4.761,14.016,-4.761,14.016,-4.808,3.072,1.00000,74.342
[SHELL] ccB:231,2147523671,1,-11.786,-8.103,19.889,43.508,33.169,66.831,40.667,33.620,66.380
[SHELL] ccA:232,371007303,78155,-1.725,21.057,0.000,20.000,2.64080,2.74419,16.16,-4.773,13.991,-4.773,13.991,-4.808,3.072,1.00000,74.342
[SHELL] ccB:232,19191,1,-8.597,-12.416,21.012,47.954,32.820,67.180,43.508,33.169,66.831
[SHELL] ccA:233,371108899,78155,-1.725,21.057,0.000,20.000,2.64080,2.85619,200.91,-4.772,13.991,-4.772,13.991,-4.807,3.071,1.00000,74.342
[SHELL] ccB:233,2147523659,1,-8.597,-12.416,21.012,51.292,32.796,67.204,47.954,32.820,67.180
[SHELL] ccA:234,371227219,78156,-0.082,20.365,0.000,20.000,2.88907,2.99246,16.09,-4.805,14.004,-4.805,14.004,-4.807,3.071,1.00000,74.342
[SHELL] ccB:234,19149,1,-5.009,-14.590,19.599,55.389,33.036,66.964,51.292,32.796,67.204
[SHELL] ccA:235,371328931,78156,-0.082,20.365,0.000,20.000,2.88907,3.10967,200.98,-4.805,14.004,-4.805,14.004,-4.807,3.071,1.00000,74.342
[SHELL] ccB:235,2147523643,1,-5.009,-14.590,19.599,58.788,33.516,66.484,55.389,33.036,66.964
[SHELL] ccA:236,371447291,78157,-5.448,16.589,0.000,20.000,3.13174,3.23513,16.15,-4.695,14.081,-4.695,14.081,-4.804,3.073,1.00000,74.342
[SHELL] ccB:236,19185,1,5.285,-17.055,11.770,62.085,34.179,65.821,58.788,33.516,66.484
[SHELL] ccA:237,371548919,78157,-5.448,16.589,0.000,20.000,3.13174,3.34964,200.97,-4.692,14.083,-4.692,14.083,-4.801,3.074,1.00000,74.342
[SHELL] ccB:237,2147523649,1,5.285,-17.055,11.770,65.028,34.972,64.818,62.085,34.179,65.821
[SHELL] ccA:238,371667219,78158,-1.879,19.509,0.000,20.000,3.38456,3.48796,16.08,-4.763,14.025,-4.763,14.025,-4.800,3.075,1.00000,74.342
[SHELL] ccB:238,19149,1,6.517,-19.266,12.749,66.065,33.935,60.903,65.028,34.972,64.818
[SHELL] ccA:239,371768943,78158,-1.879,19.509,0.000,20.000,3.38456,3.59948,200.99,-4.762,14.025,-4.762,14.025,-4.799,3.075,1.00000,74.342
[SHELL] ccB:239,2147523637,1,6.517,-19.266,12.749,66.665,33.335,57.741,66.065,33.935,60.903
[SHELL] ctrlcap v1 armed=0 count=512 clock_hz=550000000 decimation=1
[SHELL] ccA:index,cycles,seq,id,iq,idref,iqref,theta,actangle,age_us,vdreq,vqreq,vd,vq,intd,intq,scale,bus
[SHELL] ccB:index,timer,valid,ia,ib,ic,du,dv,dw,active_u,active_v,active_w
[SHELL] ccA:240,371887275,78159,-0.126,22.567,0.000,20.000,3.64203,3.74540,16.09,-4.797,13.963,-4.797,13.963,-4.799,3.074,1.00000,74.342
[SHELL] ccB:240,19177,1,10.939,-22.564,11.625,67.090,32.910,53.343,66.665,33.335,57.741
[SHELL] ccA:241,371988907,78159,-0.126,22.567,0.000,20.000,3.64203,3.85423,200.91,-4.797,13.961,-4.797,13.961,-4.799,3.072,1.00000,74.342
[SHELL] ccB:241,2147523655,1,10.939,-22.564,11.625,67.197,32.803,50.108,67.090,32.910,53.343
[SHELL] ccA:242,372107311,78160,2.932,21.150,0.000,20.000,3.87559,3.97898,16.15,-4.859,13.989,-4.859,13.989,-4.801,3.072,1.00000,74.342
[SHELL] ccB:242,19195,1,11.990,-21.296,9.306,67.118,32.882,46.289,67.197,32.803,50.108
[SHELL] ccA:243,372208899,78160,2.932,21.150,0.000,20.000,3.87559,4.10358,200.94,-4.861,13.989,-4.861,13.989,-4.802,3.071,1.00000,74.342
[SHELL] ccB:243,2147523659,1,11.990,-21.296,9.306,66.718,33.282,42.630,67.118,32.882,46.289
[SHELL] ccA:244,372327271,78161,2.639,19.120,0.000,20.000,4.13371,4.23711,16.12,-4.856,14.030,-4.856,14.030,-4.803,3.072,1.00000,74.342
[SHELL] ccB:244,19175,1,14.563,-18.251,3.688,66.051,33.949,38.846,66.718,33.282,42.630
[SHELL] ccA:245,372428907,78161,2.639,19.120,0.000,20.000,4.13371,4.35017,200.93,-4.858,14.030,-4.858,14.030,-4.805,3.072,1.00000,74.342
[SHELL] ccB:245,2147523655,1,14.563,-18.251,3.688,65.222,34.778,35.778,66.051,33.949,38.846
[SHELL] ccA:246,372547255,78162,-1.839,19.213,0.000,20.000,4.38137,4.48477,16.12,-4.767,14.029,-4.767,14.029,-4.804,3.072,1.00000,74.342
[SHELL] ccB:246,19167,1,18.767,-13.286,-5.482,65.734,37.710,34.266,65.222,34.778,35.778
[SHELL] ccA:247,372648903,78162,-1.839,19.213,0.000,20.000,4.38137,4.60017,200.96,-4.766,14.029,-4.766,14.029,-4.803,3.073,1.00000,74.342
[SHELL] ccB:247,2147523657,1,18.767,-13.286,-5.482,66.446,40.928,33.554,65.734,37.710,34.266
[SHELL] ccA:248,372767223,78163,-1.373,22.142,0.000,20.000,4.62093,4.72433,16.12,-4.775,13.969,-4.775,13.969,-4.802,3.072,1.00000,74.342
[SHELL] ccB:248,19151,1,22.174,-11.655,-10.520,66.913,44.600,33.087,66.446,40.928,33.554
[SHELL] ccA:249,372868879,78163,-1.373,22.142,0.000,20.000,4.62093,4.85161,200.91,-4.774,13.968,-4.774,13.968,-4.802,3.071,1.00000,74.342
[SHELL] ccB:249,2147523669,1,22.174,-11.655,-10.520,67.170,48.361,32.830,66.913,44.600,33.087
[SHELL] ccA:250,372987287,78164,-1.618,18.795,0.000,20.000,4.87267,4.97605,16.12,-4.768,14.036,-4.768,14.036,-4.801,3.071,1.00000,74.342
[SHELL] ccB:250,19183,1,18.296,-5.167,-13.129,67.229,52.019,32.771,67.170,48.361,32.830
[SHELL] ccA:251,373088879,78164,-1.618,18.795,0.000,20.000,4.87267,5.09323,200.86,-4.768,14.036,-4.768,14.036,-4.800,3.072,1.00000,74.342
[SHELL] ccB:251,2147523669,1,18.296,-5.167,-13.129,66.975,55.492,33.025,67.229,52.019,32.771
[SHELL] ccA:252,373207283,78165,-4.250,17.216,0.000,20.000,5.12603,5.22942,16.12,-4.713,14.069,-4.713,14.069,-4.798,3.073,1.00000,74.342
[SHELL] ccB:252,19181,1,14.056,2.335,-16.391,66.425,59.322,33.575,66.975,55.492,33.025
[SHELL] ccA:253,373308959,78165,-4.250,17.216,0.000,20.000,5.12603,5.34305,201.03,-4.711,14.071,-4.711,14.071,-4.796,3.075,1.00000,74.342
[SHELL] ccB:253,2147523629,1,14.056,2.335,-16.391,65.711,62.484,34.289,66.425,59.322,33.575
[SHELL] ccA:254,373427287,78166,-2.647,18.667,0.000,20.000,5.37050,5.47388,16.12,-4.741,14.042,-4.741,14.042,-4.794,3.075,1.00000,74.342
[SHELL] ccB:254,19183,1,13.150,5.126,-18.276,63.907,65.285,34.715,65.711,62.484,34.289
[SHELL] ccA:255,373528895,78166,-2.647,18.667,0.000,20.000,5.37050,5.59257,200.90,-4.740,14.043,-4.740,14.043,-4.793,3.076,1.00000,74.342
[SHELL] ccB:255,2147523661,1,13.150,5.126,-18.276,60.677,66.128,33.872,63.907,65.285,34.715
[SHELL] ctrlcap v1 armed=0 count=512 clock_hz=550000000 decimation=1
[SHELL] ccA:index,cycles,seq,id,iq,idref,iqref,theta,actangle,age_us,vdreq,vqreq,vd,vq,intd,intq,scale,bus
[SHELL] ccB:index,timer,valid,ia,ib,ic,du,dv,dw,active_u,active_v,active_w
[SHELL] ccA:256,373647227,78167,1.078,23.226,0.000,20.000,5.61822,5.72161,16.12,-4.815,13.950,-4.815,13.950,-4.794,3.074,1.00000,74.342
[SHELL] ccB:256,19153,1,15.179,7.663,-22.843,56.766,66.742,33.258,60.677,66.128,33.872
[SHELL] ccA:257,373748927,78167,1.078,23.226,0.000,20.000,5.61822,5.84239,201.03,-4.816,13.949,-4.816,13.949,-4.794,3.073,1.00000,74.342
[SHELL] ccB:257,2147523645,1,15.179,7.663,-22.843,53.220,67.089,32.911,56.766,66.742,33.258
[SHELL] ccA:258,373867199,78168,5.672,22.649,0.000,20.000,5.86889,5.97228,16.12,-4.910,13.959,-4.910,13.959,-4.797,3.071,1.00000,74.342
[SHELL] ccB:258,19139,1,14.309,8.823,-23.133,49.184,67.231,32.769,53.220,67.089,32.911
[SHELL] ccA:259,373968895,78168,5.672,22.649,0.000,20.000,5.86889,6.09047,200.99,-4.913,13.958,-4.913,13.958,-4.800,3.070,1.00000,74.342
[SHELL] ccB:259,2147523661,1,14.309,8.823,-23.133,45.664,67.055,32.945,49.184,67.231,32.769
[SHELL] ccA:260,374087263,78169,6.387,21.764,0.000,20.000,6.11578,6.21916,16.12,-4.931,13.974,-4.931,13.974,-4.803,3.069,1.00000,74.342
[SHELL] ccB:260,19171,1,9.924,12.701,-22.625,41.876,66.613,33.387,45.664,67.055,32.945
[SHELL] ccA:261,374188867,78169,6.387,21.764,0.000,20.000,6.11578,0.05450,200.90,-4.934,13.973,-4.934,13.973,-4.806,3.068,1.00000,74.342
[SHELL] ccB:261,2147523675,1,9.924,12.701,-22.625,38.524,65.941,34.059,41.876,66.613,33.387
[SHELL] ccA:262,374307111,78170,0.813,17.666,0.000,20.000,0.07918,0.18257,16.04,-4.823,14.057,-4.823,14.057,-4.807,3.069,1.00000,74.342
[SHELL] ccB:262,19095,1,-0.587,15.601,-15.014,35.281,65.083,34.917,38.524,65.941,34.059
[SHELL] ccA:263,374408771,78170,0.813,17.666,0.000,20.000,0.07918,0.30494,200.91,-4.823,14.058,-4.823,14.058,-4.807,3.071,1.00000,74.342
[SHELL] ccB:263,2147523723,1,-0.587,15.601,-15.014,34.134,65.866,37.999,35.281,65.083,34.917
[SHELL] ccA:264,374527039,78171,0.355,20.753,0.000,20.000,0.33348,0.43687,15.93,-4.814,13.996,-4.814,13.996,-4.807,3.070,1.00000,74.342
[SHELL] ccB:264,19059,1,-6.458,20.312,-13.854,33.425,66.575,41.775,34.134,65.866,37.999
[SHELL] ccA:265,374628827,78171,0.355,20.753,0.000,20.000,0.33348,0.56237,201.08,-4.814,13.995,-4.814,13.995,-4.807,3.070,1.00000,74.342
[SHELL] ccB:265,2147523695,1,-6.458,20.312,-13.854,32.962,67.038,45.434,33.425,66.575,41.775
[SHELL] ccA:266,374746987,78172,-1.410,20.794,0.000,20.000,0.58266,0.68604,15.88,-4.778,13.994,-4.778,13.994,-4.807,3.069,1.00000,74.342
[SHELL] ccB:266,19033,1,-12.620,20.675,-8.055,32.783,67.217,49.042,32.962,67.038,45.434
[SHELL] ccA:267,374849071,78172,-1.410,20.794,0.000,20.000,0.58266,0.80235,201.05,-4.778,13.994,-4.778,13.994,-4.806,3.069,1.00000,74.342
[SHELL] ccB:267,2147523573,1,-12.620,20.675,-8.055,32.836,67.164,52.508,32.783,67.217,49.042
[SHELL] ccA:268,374967423,78173,-2.816,18.563,0.000,20.000,0.83630,0.93970,16.24,-4.748,14.039,-4.748,14.039,-4.804,3.070,1.00000,74.342
[SHELL] ccB:268,19251,1,-15.664,16.797,-1.133,33.147,66.853,56.486,32.836,67.164,52.508
[SHELL] ccA:269,375069015,78173,-2.816,18.563,0.000,20.000,0.83630,1.05771,201.03,-4.747,14.040,-4.747,14.040,-4.803,3.071,1.00000,74.342
[SHELL] ccB:269,2147523601,1,-15.664,16.797,-1.133,33.704,66.296,59.875,33.147,66.853,56.486
[SHELL] ccA:270,375187423,78174,-2.898,17.985,0.000,20.000,1.07913,1.18250,16.25,-4.744,14.052,-4.744,14.052,-4.802,3.072,1.00000,74.342
[SHELL] ccB:270,19251,1,-17.223,13.752,3.470,34.525,65.475,63.309,33.704,66.296,59.875
[SHELL] ccA:271,375288967,78174,-2.898,17.985,0.000,20.000,1.07913,1.30805,200.89,-4.742,14.053,-4.742,14.053,-4.800,3.073,1.00000,74.342
[SHELL] ccB:271,2147523625,1,-17.223,13.752,3.470,34.525,63.310,65.475,34.525,65.475,63.309
[SHELL] ctrlcap v1 armed=0 count=512 clock_hz=550000000 decimation=1
[SHELL] ccA:index,cycles,seq,id,iq,idref,iqref,theta,actangle,age_us,vdreq,vqreq,vd,vq,intd,intq,scale,bus
[SHELL] ccB:index,timer,valid,ia,ib,ic,du,dv,dw,active_u,active_v,active_w
[SHELL] ccA:272,375407351,78175,0.873,19.840,0.000,20.000,1.33211,1.43550,16.18,-4.818,14.016,-4.818,14.016,-4.801,3.073,1.00000,74.342
[SHELL] ccB:272,19215,1,-19.071,14.332,4.739,33.654,59.628,66.346,34.525,63.310,65.475
[SHELL] ccA:273,375508967,78175,0.873,19.840,0.000,20.000,1.33211,1.55302,200.95,-4.819,14.016,-4.819,14.016,-4.801,3.073,1.00000,74.342
[SHELL] ccB:273,2147523625,1,-19.071,14.332,4.739,33.114,56.241,66.886,33.654,59.628,66.346
[SHELL] ccA:274,375627439,78176,2.042,21.156,0.000,20.000,1.57959,1.68298,16.25,-4.843,13.989,-4.843,13.989,-4.802,3.072,1.00000,74.342
[SHELL] ccB:274,19259,1,-21.173,12.194,8.979,32.807,52.332,67.193,33.114,56.241,66.886
[SHELL] ccA:275,375728991,78176,2.042,21.156,0.000,20.000,1.57959,1.80237,200.92,-4.844,13.989,-4.844,13.989,-4.803,3.072,1.00000,74.342
[SHELL] ccB:275,2147523613,1,-21.173,12.194,8.979,32.769,48.766,67.231,32.807,52.332,67.193
[SHELL] ccA:276,375847407,78177,3.935,16.625,0.000,20.000,1.83058,1.93398,16.25,-4.884,14.081,-4.884,14.081,-4.805,3.073,1.00000,74.342
[SHELL] ccB:276,19243,1,-17.078,8.134,8.943,32.898,44.811,67.102,32.769,48.766,67.231
[SHELL] ccA:277,375948919,78177,3.935,16.625,0.000,20.000,1.83058,2.06505,200.86,-4.886,14.083,-4.886,14.083,-4.807,3.075,1.00000,74.342
[SHELL] ccB:277,2147523649,1,-17.078,8.134,8.943,33.435,40.980,66.565,32.898,44.811,67.102
[SHELL] ccA:278,376067359,78178,-0.478,17.047,0.000,20.000,2.07179,2.17518,16.20,-4.797,14.076,-4.797,14.076,-4.807,3.076,1.00000,74.342
[SHELL] ccB:278,19219,1,-14.722,-0.093,14.815,34.107,38.060,65.893,33.435,40.980,66.565
[SHELL] ccA:279,376168939,78178,-0.478,17.047,0.000,20.000,2.07179,2.29773,200.90,-4.797,14.077,-4.797,14.077,-4.807,3.078,1.00000,74.342
[SHELL] ccB:279,2147523639,1,-14.722,-0.093,14.815,35.209,34.926,65.074,34.107,38.060,65.893
[SHELL] ccA:280,376287355,78179,-0.799,19.560,0.000,20.000,2.33030,2.43365,16.20,-4.790,14.027,-4.790,14.027,-4.806,3.078,1.00000,74.342
[SHELL] ccB:280,19217,1,-13.635,-5.348,18.983,38.938,33.957,66.043,35.209,34.926,65.074
[SHELL] ccA:281,376388931,78179,-0.799,19.560,0.000,20.000,2.33030,2.55006,200.90,-4.790,14.028,-4.790,14.028,-4.806,3.078,1.00000,74.342
[SHELL] ccB:281,2147523643,1,-13.635,-5.348,18.983,42.239,33.324,66.676,38.938,33.957,66.043
[SHELL] ccA:282,376507279,78180,-1.003,23.710,0.000,20.000,2.57958,2.68298,16.14,-4.785,13.943,-4.785,13.943,-4.805,3.076,1.00000,74.342
[SHELL] ccB:282,19179,1,-11.786,-11.945,23.731,46.203,32.968,67.032,42.239,33.324,66.676
[SHELL] ccA:283,376608931,78180,-1.003,23.710,0.000,20.000,2.57958,2.80300,200.97,-4.785,13.941,-4.785,13.941,-4.805,3.075,1.00000,74.342
[SHELL] ccB:283,2147523643,1,-11.786,-11.945,23.731,49.763,32.831,67.169,46.203,32.968,67.032
[SHELL] ccA:284,376727275,78181,-0.425,20.643,0.000,20.000,2.82680,2.93019,16.14,-4.796,14.002,-4.796,14.002,-4.805,3.074,1.00000,74.342
[SHELL] ccB:284,19177,1,-5.987,-14.119,20.106,53.534,32.880,67.120,49.763,32.831,67.169
[SHELL] ccA:285,376828879,78181,-0.425,20.643,0.000,20.000,2.82680,3.05181,200.91,-4.796,14.002,-4.796,14.002,-4.804,3.074,1.00000,74.342
[SHELL] ccB:285,2147523669,1,-5.987,-14.119,20.106,57.105,33.254,66.746,53.534,32.880,67.120
[SHELL] ccA:286,376947291,78182,-3.366,18.895,0.000,20.000,3.07847,3.18183,16.14,-4.735,14.037,-4.735,14.037,-4.803,3.075,1.00000,74.342
[SHELL] ccB:286,19185,1,2.168,-17.599,15.431,60.686,33.883,66.117,57.105,33.254,66.746
[SHELL] ccA:287,377048947,78182,-3.366,18.895,0.000,20.000,3.07847,3.29753,200.97,-4.734,14.038,-4.734,14.038,-4.801,3.075,1.00000,74.342
[SHELL] ccB:287,2147523635,1,2.168,-17.599,15.431,63.834,34.702,65.298,60.686,33.883,66.117
[SHELL] ctrlcap v1 armed=0 count=512 clock_hz=550000000 decimation=1
[SHELL] ccA:index,cycles,seq,id,iq,idref,iqref,theta,actangle,age_us,vdreq,vqreq,vd,vq,intd,intq,scale,bus
[SHELL] ccB:index,timer,valid,ia,ib,ic,du,dv,dw,active_u,active_v,active_w
[SHELL] ccA:288,377167283,78183,-1.706,19.280,0.000,20.000,3.32795,3.43133,16.14,-4.766,14.030,-4.766,14.030,-4.800,3.075,1.00000,74.342
[SHELL] ccB:288,19181,1,5.248,-18.758,13.510,65.690,34.310,62.463,63.834,34.702,65.298
[SHELL] ccA:289,377268899,78183,-1.706,19.280,0.000,20.000,3.32795,3.55050,200.91,-4.765,14.031,-4.765,14.031,-4.799,3.076,1.00000,74.342
[SHELL] ccB:289,2147523659,1,5.248,-18.758,13.510,66.434,33.566,59.146,65.690,34.310,62.463
[SHELL] ccA:290,377387279,78184,-1.116,21.389,0.000,20.000,3.57698,3.68036,16.14,-4.776,13.988,-4.776,13.988,-4.799,3.075,1.00000,74.342
[SHELL] ccB:290,19179,1,10.033,-21.404,11.372,66.942,33.058,55.321,66.434,33.566,59.146
[SHELL] ccA:291,377488911,78184,-1.116,21.389,0.000,20.000,3.57698,3.80720,200.95,-4.776,13.987,-4.776,13.987,-4.798,3.074,1.00000,74.342
[SHELL] ccB:291,2147523653,1,10.033,-21.404,11.372,67.194,32.806,51.567,66.942,33.058,55.321
[SHELL] ccA:292,377607291,78185,2.040,19.956,0.000,20.000,3.82454,3.92792,16.14,-4.840,14.016,-4.840,14.016,-4.799,3.074,1.00000,74.342
[SHELL] ccB:292,19185,1,11.011,-20.027,9.016,67.229,32.771,47.859,67.194,32.806,51.567
[SHELL] ccA:293,377708951,78185,2.040,19.956,0.000,20.000,3.82454,4.04753,201.04,-4.841,14.016,-4.841,14.016,-4.800,3.074,1.00000,74.342
[SHELL] ccB:293,2147523633,1,11.011,-20.027,9.016,66.959,33.041,44.311,67.229,32.771,47.859
[SHELL] ccA:294,377827239,78186,-0.055,18.712,0.000,20.000,4.08152,4.18491,16.11,-4.799,14.041,-4.799,14.041,-4.800,3.075,1.00000,74.342
[SHELL] ccB:294,19159,1,15.143,-17.091,1.948,66.379,33.621,40.427,66.959,33.041,44.311
[SHELL] ccA:295,377928903,78186,-0.055,18.712,0.000,20.000,4.08152,4.30042,200.91,-4.799,14.042,-4.799,14.042,-4.800,3.076,1.00000,74.342
[SHELL] ccB:295,2147523657,1,15.143,-17.091,1.948,65.633,34.367,37.221,66.379,33.621,40.427
[SHELL] ccA:296,378047271,78187,0.746,16.917,0.000,20.000,4.31697,4.42037,16.11,-4.815,14.079,-4.815,14.079,-4.801,3.077,1.00000,74.342
[SHELL] ccB:296,19175,1,15.324,-13.902,-1.422,65.326,35.974,34.674,65.633,34.367,37.221
[SHELL] ccA:297,378148915,78187,0.746,16.917,0.000,20.000,4.31697,4.54400,200.97,-4.816,14.081,-4.816,14.081,-4.801,3.079,1.00000,74.342
[SHELL] ccB:297,2147523651,1,15.324,-13.902,-1.422,66.210,39.354,33.790,65.326,35.974,34.674
[SHELL] ccA:298,378267255,78188,-0.112,21.486,0.000,20.000,4.57697,4.68036,16.11,-4.799,13.989,-4.799,13.989,-4.801,3.078,1.00000,74.342
[SHELL] ccB:298,19167,1,21.304,-13.068,-8.236,66.793,43.337,33.207,66.210,39.354,33.790
[SHELL] ccA:299,378368895,78188,-0.112,21.486,0.000,20.000,4.57697,4.79543,200.93,-4.799,13.988,-4.799,13.988,-4.801,3.077,1.00000,74.342
[SHELL] ccB:299,2147523661,1,21.304,-13.068,-8.236,67.123,46.722,32.877,66.793,43.337,33.207
[SHELL] ccA:300,378487263,78189,-2.326,18.154,0.000,20.000,4.82235,4.92575,16.11,-4.753,14.056,-4.753,14.056,-4.800,3.078,1.00000,74.342
[SHELL] ccB:300,19171,1,17.789,-5.167,-12.622,67.282,50.474,32.718,67.123,46.722,32.877
[SHELL] ccA:301,378588891,78189,-2.326,18.154,0.000,20.000,4.82235,5.04179,200.92,-4.752,14.057,-4.752,14.057,-4.798,3.079,1.00000,74.342
[SHELL] ccB:301,2147523663,1,17.789,-5.167,-12.622,67.135,53.935,32.865,67.282,50.474,32.718
[SHELL] ccA:302,378707255,78190,-5.293,17.049,0.000,20.000,5.07232,5.17570,16.11,-4.690,14.080,-4.690,14.080,-4.796,3.081,1.00000,74.342
[SHELL] ccB:302,19167,1,14.092,2.444,-16.536,66.702,57.734,33.298,67.135,53.935,32.865
[SHELL] ccA:303,378808915,78190,-5.293,17.049,0.000,20.000,5.07232,5.29455,200.93,-4.687,14.082,-4.687,14.082,-4.793,3.082,1.00000,74.342
[SHELL] ccB:303,2147523651,1,14.092,2.444,-16.536,66.056,61.104,33.944,66.702,57.734,33.298
[SHELL] ctrlcap v1 armed=0 count=512 clock_hz=550000000 decimation=1
[SHELL] ccA:index,cycles,seq,id,iq,idref,iqref,theta,actangle,age_us,vdreq,vqreq,vd,vq,intd,intq,scale,bus
[SHELL] ccB:index,timer,valid,ia,ib,ic,du,dv,dw,active_u,active_v,active_w
[SHELL] ccA:304,378927283,78191,-3.501,17.092,0.000,20.000,5.32348,5.42685,16.11,-4.721,14.082,-4.721,14.082,-4.791,3.084,1.00000,74.342
[SHELL] ccB:304,19181,1,11.990,4.981,-16.971,65.063,64.743,34.937,66.056,61.104,33.944
[SHELL] ccA:305,379028875,78191,-3.501,17.092,0.000,20.000,5.32348,5.54990,200.90,-4.720,14.084,-4.720,14.084,-4.790,3.085,1.00000,74.342
[SHELL] ccB:305,2147523671,1,11.990,4.981,-16.971,61.944,65.869,34.131,65.063,64.743,34.937
[SHELL] ccA:306,379147275,78192,-1.346,21.256,0.000,20.000,5.57383,5.67719,16.11,-4.762,14.000,-4.762,14.000,-4.789,3.084,1.00000,74.342
[SHELL] ccB:306,19177,1,12.823,8.316,-21.139,58.192,66.564,33.436,61.944,65.869,34.131
[SHELL] ccA:307,379248935,78192,-1.346,21.256,0.000,20.000,5.57383,5.79174,200.98,-4.761,13.999,-4.761,13.999,-4.788,3.084,1.00000,74.342
[SHELL] ccB:307,2147523641,1,12.823,8.316,-21.139,54.859,66.995,33.005,58.192,66.564,33.436
[SHELL] ccA:308,379367247,78193,1.232,22.773,0.000,20.000,5.81512,5.91879,16.11,-4.814,13.997,-4.814,13.997,-4.789,3.082,1.00000,74.342
[SHELL] ccB:308,19163,1,11.374,11.433,-22.806,50.991,67.234,32.766,54.859,66.995,33.005
[SHELL] ccA:309,379468883,78193,1.232,22.773,0.000,20.000,5.81512,6.03985,200.95,-4.814,13.996,-4.814,13.996,-4.790,3.081,1.00000,74.342
[SHELL] ccB:309,2147523667,1,11.374,11.433,-22.806,47.377,67.175,32.825,50.991,67.234,32.766
[SHELL] ccA:310,379587251,78194,2.691,21.523,0.000,20.000,6.06895,6.17262,16.11,-4.845,14.020,-4.845,14.020,-4.791,3.080,1.00000,74.342
[SHELL] ccB:310,19165,1,7.206,14.115,-21.320,43.406,66.855,33.145,47.377,67.175,32.825
[SHELL] ccA:311,379688939,78194,2.691,21.523,0.000,20.000,6.06895,0.00879,200.94,-4.846,14.019,-4.846,14.019,-4.792,3.079,1.00000,74.342
[SHELL] ccB:311,2147523639,1,7.206,14.115,-21.320,39.974,66.281,33.719,43.406,66.855,33.145
[SHELL] ccA:312,379807127,78195,-0.093,18.321,0.000,20.000,0.03883,0.14250,16.10,-4.790,14.084,-4.790,14.084,-4.792,3.080,1.00000,74.342
[SHELL] ccB:312,19103,1,-0.804,16.253,-15.449,36.397,65.448,34.552,39.974,66.281,33.719
[SHELL] ccA:313,379908787,78195,-0.093,18.321,0.000,20.000,0.03883,0.25296,201.01,-4.790,14.085,-4.790,14.085,-4.792,3.081,1.00000,74.342
[SHELL] ccB:313,2147523715,1,-0.804,16.253,-15.449,34.520,65.480,36.501,36.397,65.448,34.552
[SHELL] ccA:314,380027039,78196,-0.865,18.788,0.000,20.000,0.28612,0.38979,15.93,-4.774,14.076,-4.774,14.076,-4.792,3.082,1.00000,74.342
[SHELL] ccB:314,19059,1,-6.132,18.464,-12.332,33.621,66.379,40.270,34.520,65.480,36.501
[SHELL] ccA:315,380128771,78196,-0.865,18.788,0.000,20.000,0.28612,0.50756,200.96,-4.774,14.077,-4.774,14.077,-4.791,3.082,1.00000,74.342
[SHELL] ccB:315,2147523723,1,-6.132,18.464,-12.332,33.074,66.926,43.669,33.621,66.379,40.270
[SHELL] ccA:316,380246967,78197,-3.184,21.477,0.000,20.000,0.53606,0.63970,15.81,-4.726,14.022,-4.726,14.022,-4.790,3.082,1.00000,74.342
[SHELL] ccB:316,19023,1,-13.707,21.436,-7.729,32.821,67.179,47.542,33.074,66.926,43.669
[SHELL] ccA:317,380349027,78197,-3.184,21.477,0.000,20.000,0.53606,0.76187,200.93,-4.724,14.022,-4.724,14.022,-4.788,3.081,1.00000,74.342
[SHELL] ccB:317,2147523595,1,-13.707,21.436,-7.729,32.777,67.223,51.184,32.821,67.179,47.542
[SHELL] ccA:318,380467563,78198,-3.821,20.110,0.000,20.000,0.78632,0.89000,16.39,-4.710,14.049,-4.710,14.049,-4.786,3.081,1.00000,74.342
[SHELL] ccB:318,19321,1,-16.933,18.428,-1.495,32.977,67.023,54.948,32.777,67.223,51.184
[SHELL] ccA:319,380569023,78198,-3.821,20.110,0.000,20.000,0.78632,1.00695,201.00,-4.708,14.049,-4.708,14.049,-4.784,3.081,1.00000,74.342
[SHELL] ccB:319,2147523597,1,-16.933,18.428,-1.495,33.427,66.573,58.351,32.977,67.023,54.948
[SHELL] ctrlcap v1 armed=0 count=512 clock_hz=550000000 decimation=1
[SHELL] ccA:index,cycles,seq,id,iq,idref,iqref,theta,actangle,age_us,vdreq,vqreq,vd,vq,intd,intq,scale,bus
[SHELL] ccB:index,timer,valid,ia,ib,ic,du,dv,dw,active_u,active_v,active_w
[SHELL] ccA:320,380687459,78199,-4.961,19.373,0.000,20.000,1.03946,1.14315,16.33,-4.683,14.064,-4.683,14.064,-4.782,3.081,1.00000,74.342
[SHELL] ccB:320,19269,1,-19.216,14.405,4.811,34.215,65.785,62.123,33.427,66.573,58.351
[SHELL] ccA:321,380788987,78199,-4.961,19.373,0.000,20.000,1.03946,1.26199,200.89,-4.680,14.064,-4.680,14.064,-4.779,3.081,1.00000,74.342
[SHELL] ccB:321,2147523615,1,-19.216,14.405,4.811,34.940,64.631,65.060,34.215,65.785,62.123
[SHELL] ccA:322,380907483,78200,-2.462,20.813,0.000,20.000,1.28585,1.38953,16.33,-4.729,14.035,-4.729,14.035,-4.778,3.081,1.00000,74.342
[SHELL] ccB:322,19281,1,-20.666,13.354,7.312,33.977,61.081,66.023,34.940,64.631,65.060
[SHELL] ccA:323,381009023,78200,-2.462,20.813,0.000,20.000,1.28585,1.50385,200.96,-4.728,14.035,-4.728,14.035,-4.777,3.081,1.00000,74.342
[SHELL] ccB:323,2147523597,1,-20.666,13.354,7.312,33.353,57.844,66.647,33.977,61.081,66.023
[SHELL] ccA:324,381127439,78201,-0.634,22.361,0.000,20.000,1.53339,1.63708,16.26,-4.764,14.003,-4.764,14.003,-4.777,3.079,1.00000,74.342
[SHELL] ccB:324,19259,1,-22.369,11.360,11.009,32.914,53.851,67.086,33.353,57.844,66.647
[SHELL] ccA:325,381229047,78201,-0.634,22.361,0.000,20.000,1.53339,1.74887,200.99,-4.764,14.001,-4.764,14.001,-4.776,3.078,1.00000,74.342
[SHELL] ccB:325,2147523585,1,-22.369,11.360,11.009,32.774,50.525,67.226,32.914,53.851,67.086
[SHELL] ccA:326,381347467,78202,2.981,19.567,0.000,20.000,1.77944,1.88312,16.33,-4.837,14.057,-4.837,14.057,-4.778,3.078,1.00000,74.342
[SHELL] ccB:326,19273,1,-19.760,8.896,10.864,32.807,46.405,67.193,32.774,50.525,67.226
[SHELL] ccA:327,381449039,78202,2.981,19.567,0.000,20.000,1.77944,1.99843,200.97,-4.839,14.058,-4.839,14.058,-4.779,3.079,1.00000,74.342
[SHELL] ccB:327,2147523589,1,-19.760,8.896,10.864,33.159,42.999,66.841,32.807,46.405,67.193
[SHELL] ccA:328,381567463,78203,1.043,18.372,0.000,20.000,2.03974,2.14342,16.28,-4.801,14.082,-4.801,14.082,-4.780,3.079,1.00000,74.342
[SHELL] ccB:328,19271,1,-16.860,2.046,14.815,33.889,38.933,66.111,33.159,42.999,66.841
[SHELL] ccA:329,381669019,78203,1.043,18.372,0.000,20.000,2.03974,2.25515,200.97,-4.801,14.083,-4.801,14.083,-4.780,3.080,1.00000,73.902
[SHELL] ccB:329,2147523599,1,-16.860,2.046,14.815,34.610,35.805,65.390,33.889,38.933,66.111
[SHELL] ccA:330,381787411,78204,-2.599,18.621,0.000,20.000,2.28258,2.38627,16.28,-4.727,14.079,-4.727,14.079,-4.779,3.081,1.00000,73.902
[SHELL] ccB:330,19245,1,-12.402,-6.037,18.439,37.395,34.191,65.809,34.610,35.805,65.390
[SHELL] ccA:331,381888923,78204,-2.599,18.621,0.000,20.000,2.28258,2.50200,200.88,-4.726,14.080,-4.726,14.080,-4.778,3.082,1.00000,73.902
[SHELL] ccB:331,2147523647,1,-12.402,-6.037,18.439,40.639,33.457,66.543,37.395,34.191,65.809
[SHELL] ccA:332,382007627,78205,-2.088,24.003,0.000,20.000,2.53326,2.63693,16.22,-4.735,13.970,-4.735,13.970,-4.777,3.080,1.00000,73.902
[SHELL] ccB:332,19353,1,-12.004,-12.090,24.093,44.702,32.987,67.013,40.639,33.457,66.543
[SHELL] ccA:333,382108755,78205,-2.088,24.003,0.000,20.000,2.53326,2.75155,201.10,-4.734,13.968,-4.734,13.968,-4.776,3.078,1.00000,74.342
[SHELL] ccB:333,2147523731,1,-12.004,-12.090,24.093,48.118,32.854,67.146,44.702,32.987,67.013
[SHELL] ccA:334,382226747,78206,-1.665,21.980,0.000,20.000,2.78235,2.88602,15.75,-4.741,14.007,-4.741,14.007,-4.775,3.077,1.00000,74.342
[SHELL] ccB:334,18913,1,-6.168,-15.243,21.411,52.111,32.816,67.184,48.118,32.854,67.146
[SHELL] ccA:335,382329343,78206,-1.665,21.980,0.000,20.000,2.78235,3.00805,200.93,-4.741,14.006,-4.741,14.006,-4.774,3.076,1.00000,74.342
[SHELL] ccB:335,2147523437,1,-6.168,-15.243,21.411,55.717,33.094,66.906,52.111,32.816,67.184
[SHELL] ctrlcap v1 armed=0 count=512 clock_hz=550000000 decimation=1
[SHELL] ccA:index,cycles,seq,id,iq,idref,iqref,theta,actangle,age_us,vdreq,vqreq,vd,vq,intd,intq,scale,bus
[SHELL] ccB:index,timer,valid,ia,ib,ic,du,dv,dw,active_u,active_v,active_w
[SHELL] ccA:336,382446755,78207,-3.519,19.716,0.000,20.000,3.02617,3.12984,15.75,-4.702,14.052,-4.702,14.052,-4.772,3.076,1.00000,74.342
[SHELL] ccB:336,18917,1,1.225,-17.925,16.699,59.153,33.567,66.433,55.717,33.094,66.906
[SHELL] ccA:337,382548679,78207,-3.519,19.716,0.000,20.000,3.02617,3.24797,200.98,-4.700,14.052,-4.700,14.052,-4.770,3.076,1.00000,74.342
[SHELL] ccB:337,2147523769,1,1.225,-17.925,16.699,62.440,34.304,65.696,59.153,33.567,66.433
[SHELL] ccA:338,382666807,78208,-3.280,18.227,0.000,20.000,3.27547,3.37911,15.75,-4.703,14.083,-4.703,14.083,-4.769,3.077,1.00000,74.342
[SHELL] ccB:338,18943,1,5.683,-18.106,12.423,65.282,34.718,64.029,62.440,34.304,65.696
[SHELL] ccA:339,382768619,78208,-3.280,18.227,0.000,20.000,3.27547,3.48922,200.88,-4.701,14.084,-4.701,14.084,-4.767,3.078,1.00000,74.342
[SHELL] ccB:339,2147523799,1,5.683,-18.106,12.423,66.079,33.921,61.039,65.282,34.718,64.029
[SHELL] ccA:340,382886779,78209,0.306,21.887,0.000,20.000,3.52276,3.62642,15.75,-4.773,14.009,-4.773,14.009,-4.767,3.077,1.00000,74.342
[SHELL] ccB:340,18929,1,7.858,-21.622,13.764,66.771,33.229,56.924,66.079,33.921,61.039
[SHELL] ccA:341,382988635,78209,0.306,21.887,0.000,20.000,3.52276,3.75918,200.91,-4.773,14.008,-4.773,14.008,-4.767,3.076,1.00000,74.342
[SHELL] ccB:341,2147523791,1,7.858,-21.622,13.764,67.152,32.848,53.016,66.771,33.229,56.924
[SHELL] ccA:342,383106775,78210,4.606,22.354,0.000,20.000,3.76835,3.87202,15.75,-4.862,13.998,-4.862,13.998,-4.770,3.075,1.00000,74.342
[SHELL] ccB:342,18927,1,9.380,-22.709,13.329,67.259,32.741,49.476,67.152,32.848,53.016
[SHELL] ccA:343,383208699,78210,4.606,22.354,0.000,20.000,3.76835,3.98495,200.98,-4.864,13.997,-4.864,13.997,-4.772,3.074,1.00000,74.342
[SHELL] ccB:343,2147523759,1,9.380,-22.709,13.329,67.115,32.885,46.106,67.259,32.741,49.476
[SHELL] ccA:344,383326823,78211,3.532,20.203,0.000,20.000,4.01990,4.12358,15.75,-4.844,14.040,-4.844,14.040,-4.774,3.073,1.00000,74.342
[SHELL] ccB:344,18951,1,13.295,-20.172,6.877,66.688,33.312,42.092,67.115,32.885,46.106
[SHELL] ccA:345,383428691,78211,3.532,20.203,0.000,20.000,4.01990,4.23646,200.98,-4.846,14.040,-4.846,14.040,-4.776,3.073,1.00000,74.342
[SHELL] ccB:345,2147523763,1,13.295,-20.172,6.877,66.067,33.933,38.883,66.688,33.312,42.092
[SHELL] ccA:346,383546823,78212,0.637,18.179,0.000,20.000,4.27013,4.37380,15.75,-4.789,14.081,-4.789,14.081,-4.776,3.074,1.00000,74.342
[SHELL] ccB:346,18951,1,16.158,-15.315,-0.843,65.097,34.903,35.277,66.067,33.933,38.883
[SHELL] ccA:347,383648715,78212,0.637,18.179,0.000,20.000,4.27013,4.48160,201.00,-4.789,14.082,-4.789,14.082,-4.776,3.075,1.00000,74.342
[SHELL] ccB:347,2147523751,1,16.158,-15.315,-0.843,65.774,37.582,34.226,65.097,34.903,35.277
[SHELL] ccA:348,383766831,78213,0.126,20.484,0.000,20.000,4.51768,4.62136,15.75,-4.779,14.036,-4.779,14.036,-4.776,3.075,1.00000,74.342
[SHELL] ccB:348,18955,1,20.072,-13.576,-6.497,66.568,41.547,33.432,65.774,37.582,34.226
[SHELL] ccA:349,383868655,78213,0.126,20.484,0.000,20.000,4.51768,4.73586,200.95,-4.779,14.035,-4.779,14.035,-4.776,3.075,1.00000,74.342
[SHELL] ccB:349,2147523781,1,20.072,-13.576,-6.497,67.017,44.881,32.983,66.568,41.547,33.432
[SHELL] ccA:350,383986855,78214,-0.179,18.734,0.000,20.000,4.76845,4.87212,15.75,-4.773,14.071,-4.773,14.071,-4.776,3.075,1.00000,74.342
[SHELL] ccB:350,18967,1,18.695,-8.284,-10.411,67.297,48.895,32.703,67.017,44.881,32.983
[SHELL] ccA:351,384088659,78214,-0.179,18.734,0.000,20.000,4.76845,4.98559,200.90,-4.773,14.072,-4.773,14.072,-4.776,3.076,1.00000,74.342
[SHELL] ccB:351,2147523779,1,18.695,-8.284,-10.411,67.259,52.294,32.741,67.297,48.895,32.703
[SHELL] ctrlcap v1 armed=0 count=512 clock_hz=550000000 decimation=1
[SHELL] ccA:index,cycles,seq,id,iq,idref,iqref,theta,actangle,age_us,vdreq,vqreq,vd,vq,intd,intq,scale,bus
[SHELL] ccB:index,timer,valid,ia,ib,ic,du,dv,dw,active_u,active_v,active_w
[SHELL] ccA:352,384206811,78215,-2.614,16.547,0.000,20.000,5.01749,5.12117,15.75,-4.723,14.117,-4.723,14.117,-4.775,3.078,1.00000,74.342
[SHELL] ccB:352,18945,1,14.998,-1.035,-13.963,66.967,56.203,33.033,67.259,52.294,32.741
[SHELL] ccA:353,384308675,78215,-2.614,16.547,0.000,20.000,5.01749,5.23466,200.91,-4.721,14.119,-4.721,14.119,-4.773,3.079,1.00000,74.342
[SHELL] ccB:353,2147523771,1,14.998,-1.035,-13.963,66.455,59.488,33.545,66.967,56.203,33.033
[SHELL] ccA:354,384426839,78216,-3.620,16.602,0.000,20.000,5.27006,5.37374,15.75,-4.699,14.119,-4.699,14.119,-4.772,3.081,1.00000,74.342
[SHELL] ccB:354,18959,1,12.171,4.184,-16.355,65.540,63.304,34.460,66.455,59.488,33.545
[SHELL] ccA:355,384528643,78216,-3.620,16.602,0.000,20.000,5.27006,5.48564,200.91,-4.697,14.121,-4.697,14.121,-4.770,3.083,1.00000,74.342
[SHELL] ccB:355,2147523787,1,12.171,4.184,-16.355,63.770,65.406,34.594,65.540,63.304,34.460
[SHELL] ccA:356,384646815,78217,-1.199,20.622,0.000,20.000,5.51671,5.62040,15.77,-4.745,14.040,-4.745,14.040,-4.769,3.082,1.00000,74.342
[SHELL] ccB:356,18947,1,13.440,6.866,-20.306,59.884,66.294,33.706,63.770,65.406,34.594
[SHELL] ccA:357,384748659,78217,-1.199,20.622,0.000,20.000,5.51671,5.73054,200.90,-4.745,14.040,-4.745,14.040,-4.769,3.082,1.00000,74.342
[SHELL] ccB:357,2147523779,1,13.440,6.866,-20.306,56.723,66.822,33.178,59.884,66.294,33.706
[SHELL] ccA:358,384866815,78218,2.913,23.149,0.000,20.000,5.75401,5.85767,15.77,-4.828,13.988,-4.828,13.988,-4.770,3.081,1.00000,74.342
[SHELL] ccB:358,18947,1,14.201,8.932,-23.133,52.777,67.164,32.836,56.723,66.822,33.178
[SHELL] ccA:359,384968647,78218,2.913,23.149,0.000,20.000,5.75401,5.97401,200.89,-4.830,13.986,-4.830,13.986,-4.772,3.079,1.00000,74.342
[SHELL] ccB:359,2147523785,1,14.201,8.932,-23.133,49.304,67.232,32.768,52.777,67.164,32.836
[SHELL] ccA:360,385086803,78219,7.265,21.677,0.000,20.000,6.01301,6.11668,15.77,-4.921,14.015,-4.921,14.015,-4.775,3.078,1.00000,74.342
[SHELL] ccB:360,18941,1,12.787,10.019,-22.806,44.896,67.051,32.949,49.304,67.232,32.768
[SHELL] ccA:361,385188643,78219,7.265,21.677,0.000,20.000,6.01301,6.23048,200.92,-4.924,14.014,-4.924,14.014,-4.779,3.077,1.00000,74.342
[SHELL] ccB:361,2147523787,1,12.787,10.019,-22.806,41.568,66.605,33.395,44.896,67.051,32.949
[SHELL] ccA:362,385306923,78220,4.752,18.771,0.000,20.000,6.26055,0.08103,15.77,-4.876,14.073,-4.876,14.073,-4.781,3.078,1.00000,74.342
[SHELL] ccB:362,19001,1,5.176,13.571,-18.747,37.895,65.880,34.120,41.568,66.605,33.395
[SHELL] ccA:363,385408751,78220,4.752,18.771,0.000,20.000,6.26055,0.19368,200.94,-4.879,14.073,-4.879,14.073,-4.784,3.079,1.00000,74.342
[SHELL] ccB:363,2147523733,1,5.176,13.571,-18.747,34.940,65.060,35.071,37.895,65.880,34.120
[SHELL] ccA:364,385526903,78221,-0.228,19.510,0.000,20.000,0.21920,0.32287,15.85,-4.779,14.059,-4.779,14.059,-4.783,3.079,1.00000,74.342
[SHELL] ccB:364,18991,1,-4.465,18.681,-14.217,34.045,65.955,38.425,34.940,65.060,35.071
[SHELL] ccA:365,385628719,78221,-0.228,19.510,0.000,20.000,0.21920,0.43967,200.92,-4.779,14.059,-4.779,14.059,-4.783,3.079,1.00000,74.342
[SHELL] ccB:365,2147523749,1,-4.465,18.681,-14.217,33.375,66.625,41.724,34.045,65.955,38.425
[SHELL] ccA:366,385746855,78222,0.235,23.332,0.000,20.000,0.46901,0.57268,15.79,-4.788,13.981,-4.788,13.981,-4.783,3.077,1.00000,74.342
[SHELL] ccB:366,18967,1,-10.336,23.284,-12.948,32.964,67.036,45.705,33.375,66.625,41.724
[SHELL] ccA:367,385848707,78222,0.235,23.332,0.000,20.000,0.46901,0.68768,200.97,-4.788,13.979,-4.788,13.979,-4.784,3.076,1.00000,74.342
[SHELL] ccB:367,2147523755,1,-10.336,23.284,-12.948,32.794,67.206,49.120,32.964,67.036,45.705
[SHELL] ctrlcap v1 armed=0 count=512 clock_hz=550000000 decimation=1
[SHELL] ccA:index,cycles,seq,id,iq,idref,iqref,theta,actangle,age_us,vdreq,vqreq,vd,vq,intd,intq,scale,bus
[SHELL] ccB:index,timer,valid,ia,ib,ic,du,dv,dw,active_u,active_v,active_w
[SHELL] ccA:368,385967083,78223,0.775,20.434,0.000,20.000,0.71659,0.82026,15.74,-4.799,14.037,-4.799,14.037,-4.784,3.075,1.00000,74.342
[SHELL] ccB:368,19081,1,-12.837,20.204,-7.366,32.809,67.191,53.063,32.794,67.206,49.120
[SHELL] ccA:369,386068955,78223,0.775,20.434,0.000,20.000,0.71659,0.94034,200.98,-4.800,14.037,-4.800,14.037,-4.784,3.075,1.00000,74.342
[SHELL] ccB:369,2147523631,1,-12.837,20.204,-7.366,33.145,66.855,56.609,32.809,67.191,53.063
[SHELL] ccA:370,386187319,78224,-0.152,18.831,0.000,20.000,0.96739,1.07105,16.17,-4.781,14.070,-4.781,14.070,-4.784,3.076,1.00000,74.342
[SHELL] ccB:370,19199,1,-15.592,16.942,-1.350,33.748,66.252,60.322,33.145,66.855,56.609
[SHELL] ccA:371,386288935,78224,-0.152,18.831,0.000,20.000,0.96739,1.19471,200.97,-4.781,14.070,-4.781,14.070,-4.784,3.076,1.00000,74.342
[SHELL] ccB:371,2147523641,1,-15.592,16.942,-1.350,34.606,65.394,63.715,33.748,66.252,60.322
[SHELL] ccA:372,386407227,78225,0.540,19.426,0.000,20.000,1.21484,1.31851,16.04,-4.795,14.059,-4.795,14.059,-4.785,3.077,1.00000,74.342
[SHELL] ccB:372,19153,1,-18.020,15.311,2.709,34.398,62.960,65.602,34.606,65.394,63.715
[SHELL] ccA:373,386508919,78225,0.540,19.426,0.000,20.000,1.21484,1.43604,201.03,-4.796,14.059,-4.796,14.059,-4.785,3.077,1.00000,74.342
[SHELL] ccB:373,2147523649,1,-18.020,15.311,2.709,33.628,59.702,66.372,34.398,62.960,65.602
[SHELL] ccA:374,386627271,78226,2.025,21.769,0.000,20.000,1.46342,1.56708,16.11,-4.826,14.011,-4.826,14.011,-4.786,3.076,1.00000,74.342
[SHELL] ccB:374,19175,1,-21.427,14.477,6.950,33.066,55.811,66.934,33.628,59.702,66.372
[SHELL] ccA:375,386728879,78226,2.025,21.769,0.000,20.000,1.46342,1.68415,200.87,-4.827,14.010,-4.827,14.010,-4.787,3.075,1.00000,74.342
[SHELL] ccB:375,2147523669,1,-21.427,14.477,6.950,32.791,52.343,67.209,33.066,55.811,66.934
[SHELL] ccA:376,386847303,78227,6.183,19.942,0.000,20.000,1.71679,1.82046,16.11,-4.914,14.047,-4.914,14.047,-4.790,3.075,1.00000,74.342
[SHELL] ccB:376,19191,1,-20.630,13.100,7.530,32.698,48.123,67.302,32.791,52.343,67.209
[SHELL] ccA:377,386948975,78227,6.183,19.942,0.000,20.000,1.71679,1.93551,200.98,-4.917,14.047,-4.917,14.047,-4.793,3.075,1.00000,74.342
[SHELL] ccB:377,2147523621,1,-20.630,13.100,7.530,32.936,44.689,67.064,32.698,48.123,67.302
[SHELL] ccA:378,387067339,78228,5.143,17.923,0.000,20.000,1.96303,2.06672,16.20,-4.898,14.088,-4.898,14.088,-4.796,3.076,1.00000,74.342
[SHELL] ccB:378,19209,1,-18.527,7.446,11.082,33.437,40.907,66.563,32.936,44.689,67.064
[SHELL] ccA:379,387168931,78228,5.143,17.923,0.000,20.000,1.96303,2.17547,200.91,-4.901,14.089,-4.901,14.089,-4.798,3.077,1.00000,74.342
[SHELL] ccB:379,2147523643,1,-18.527,7.446,11.082,34.103,37.842,65.897,33.437,40.907,66.563
[SHELL] ccA:380,387287315,78229,1.157,17.559,0.000,20.000,2.20871,2.31240,16.15,-4.822,14.098,-4.822,14.098,-4.799,3.079,1.00000,74.342
[SHELL] ccB:380,19197,1,-14.794,-0.854,15.648,35.597,34.765,65.235,34.103,37.842,65.897
[SHELL] ccA:381,387388871,78229,1.157,17.559,0.000,20.000,2.20871,2.42675,200.90,-4.822,14.099,-4.822,14.099,-4.799,3.080,1.00000,74.342
[SHELL] ccB:381,2147523673,1,-14.794,-0.854,15.648,38.701,33.914,66.086,35.597,34.765,65.235
[SHELL] ccA:382,387507223,78230,3.177,22.040,0.000,20.000,2.46002,2.56371,16.09,-4.864,14.008,-4.864,14.008,-4.801,3.079,1.00000,74.342
[SHELL] ccB:382,19151,1,-16.353,-4.913,21.266,42.781,33.236,66.764,38.701,33.914,66.086
[SHELL] ccA:383,387608867,78230,3.177,22.040,0.000,20.000,2.46002,2.68033,200.92,-4.866,14.007,-4.866,14.007,-4.802,3.078,1.00000,74.342
[SHELL] ccB:383,2147523675,1,-16.353,-4.913,21.266,46.213,32.865,67.135,42.781,33.236,66.764
[SHELL] ctrlcap v1 armed=0 count=512 clock_hz=550000000 decimation=1
[SHELL] ccA:index,cycles,seq,id,iq,idref,iqref,theta,actangle,age_us,vdreq,vqreq,vd,vq,intd,intq,scale,bus
[SHELL] ccB:index,timer,valid,ia,ib,ic,du,dv,dw,active_u,active_v,active_w
[SHELL] ccA:384,387727223,78231,4.062,22.984,0.000,20.000,2.70978,2.81347,16.09,-4.886,13.987,-4.886,13.987,-4.804,3.076,1.00000,74.342
[SHELL] ccB:384,19151,1,-13.308,-9.951,23.260,50.237,32.741,67.259,46.213,32.865,67.135
[SHELL] ccA:385,387828863,78231,4.062,22.984,0.000,20.000,2.70978,2.92711,200.92,-4.888,13.985,-4.888,13.985,-4.807,3.075,1.00000,74.342
[SHELL] ccB:385,2147523677,1,-13.308,-9.951,23.260,53.630,32.869,67.131,50.237,32.741,67.259
[SHELL] ccA:386,387947199,78232,3.354,18.825,0.000,20.000,2.95518,3.05886,16.09,-4.875,14.069,-4.875,14.069,-4.808,3.075,1.00000,74.342
[SHELL] ccB:386,19139,1,-6.784,-12.090,18.874,57.457,33.197,66.803,53.630,32.869,67.131
[SHELL] ccA:387,388048859,78232,3.354,18.825,0.000,20.000,2.95518,3.17922,200.92,-4.877,14.070,-4.877,14.070,-4.810,3.076,1.00000,74.342
[SHELL] ccB:387,2147523679,1,-6.784,-12.090,18.874,60.901,33.835,66.165,57.457,33.197,66.803
[SHELL] ccA:388,388167231,78233,1.939,19.697,0.000,20.000,3.20642,3.31009,16.09,-4.850,14.053,-4.850,14.053,-4.811,3.076,1.00000,74.342
[SHELL] ccB:388,19155,1,-0.659,-16.801,17.461,64.401,34.809,65.191,60.901,33.835,66.165
[SHELL] ccA:389,388268863,78233,1.939,19.697,0.000,20.000,3.20642,3.41911,200.90,-4.851,14.053,-4.851,14.053,-4.812,3.076,1.00000,74.342
[SHELL] ccB:389,2147523677,1,-0.659,-16.801,17.461,65.688,34.312,62.703,64.401,34.809,65.191
[SHELL] ccA:390,388387183,78234,1.688,21.164,0.000,20.000,3.46219,3.56587,16.09,-4.846,14.023,-4.846,14.023,-4.813,3.076,1.00000,74.342
[SHELL] ccB:390,19131,1,5.067,-20.389,15.322,66.561,33.439,58.565,65.688,34.312,62.703
[SHELL] ccA:391,388488915,78234,1.688,21.164,0.000,20.000,3.46219,3.68022,201.03,-4.847,14.022,-4.847,14.022,-4.813,3.075,1.00000,74.782
[SHELL] ccB:391,2147523651,1,5.067,-20.389,15.322,66.917,33.083,55.203,66.561,33.439,58.565
[SHELL] ccA:392,388607235,78235,5.153,22.321,0.000,20.000,3.71862,3.82228,16.09,-4.919,13.998,-4.919,13.998,-4.816,3.074,1.00000,74.782
[SHELL] ccB:392,19157,1,7.858,-22.564,14.706,67.175,32.825,50.850,66.917,33.083,55.203
[SHELL] ccA:393,388708883,78235,5.153,22.321,0.000,20.000,3.71862,3.92863,200.88,-4.922,13.997,-4.922,13.997,-4.819,3.073,1.00000,74.342
[SHELL] ccB:393,2147523667,1,7.858,-22.564,14.706,67.231,32.769,47.668,67.175,32.825,50.850
[SHELL] ccA:394,388827251,78236,5.075,19.422,0.000,20.000,3.95421,4.05788,16.11,-4.923,14.055,-4.923,14.055,-4.821,3.073,1.00000,74.342
[SHELL] ccB:394,19165,1,10.613,-20.063,9.451,66.981,33.019,43.854,67.231,32.769,47.668
[SHELL] ccA:395,388928863,78236,5.075,19.422,0.000,20.000,3.95421,4.17647,200.88,-4.925,14.055,-4.925,14.055,-4.824,3.073,1.00000,74.342
[SHELL] ccB:395,2147523677,1,10.613,-20.063,9.451,66.443,33.557,40.413,66.981,33.019,43.854
[SHELL] ccA:396,389047187,78237,3.539,18.739,0.000,20.000,4.20018,4.30384,16.06,-4.896,14.070,-4.896,14.070,-4.825,3.074,1.00000,74.342
[SHELL] ccB:396,19133,1,14.599,-17.925,3.325,65.627,34.373,36.927,66.443,33.557,40.413
[SHELL] ccA:397,389148827,78237,3.539,18.739,0.000,20.000,4.20018,4.43042,200.93,-4.898,14.070,-4.898,14.070,-4.827,3.075,1.00000,74.342
[SHELL] ccB:397,2147523695,1,14.599,-17.925,3.325,65.469,36.371,34.531,65.627,34.373,36.927
[SHELL] ccA:398,389267199,78238,2.151,20.804,0.000,20.000,4.45414,4.55780,16.06,-4.871,14.028,-4.871,14.028,-4.828,3.074,1.00000,74.342
[SHELL] ccB:398,19139,1,19.565,-16.185,-3.380,66.286,39.896,33.714,65.469,36.371,34.531
[SHELL] ccA:399,389368935,78238,2.151,20.804,0.000,20.000,4.45414,4.67542,201.02,-4.872,14.028,-4.872,14.028,-4.829,3.074,1.00000,74.342
[SHELL] ccB:399,2147523641,1,19.565,-16.185,-3.380,66.858,43.278,33.142,66.286,39.896,33.714
[SHELL] ctrlcap v1 armed=0 count=512 clock_hz=550000000 decimation=1
[SHELL] ccA:index,cycles,seq,id,iq,idref,iqref,theta,actangle,age_us,vdreq,vqreq,vd,vq,intd,intq,scale,bus
[SHELL] ccB:index,timer,valid,ia,ib,ic,du,dv,dw,active_u,active_v,active_w
[SHELL] ccA:400,389487159,78239,1.051,21.420,0.000,20.000,4.70642,4.81011,15.98,-4.851,14.015,-4.851,14.015,-4.830,3.073,1.00000,74.342
[SHELL] ccB:400,19119,1,21.413,-11.727,-9.686,67.203,47.231,32.797,66.858,43.278,33.142
[SHELL] ccA:401,389588919,78239,1.051,21.420,0.000,20.000,4.70642,4.92705,201.05,-4.851,14.014,-4.851,14.014,-4.830,3.072,1.00000,74.342
[SHELL] ccB:401,2147523649,1,21.413,-11.727,-9.686,67.271,50.728,32.729,67.203,47.231,32.797
[SHELL] ccA:402,389707115,78240,1.403,18.588,0.000,20.000,4.95885,5.06252,15.98,-4.859,14.072,-4.859,14.072,-4.831,3.073,1.00000,74.342
[SHELL] ccB:402,19097,1,18.369,-6.436,-11.933,67.123,54.757,32.877,67.271,50.728,32.729
[SHELL] ccA:403,389816563,78240,1.403,18.588,0.000,20.000,4.95885,5.18131,214.93,-4.860,14.072,-4.860,14.072,-4.832,3.074,1.00000,74.342
[SHELL] ccB:403,2147519827,1,18.369,-6.436,-11.933,66.678,58.239,33.322,67.123,54.757,32.877
[SHELL] ccA:404,389933575,78241,-0.774,17.499,0.000,20.000,5.19888,5.31243,18.89,-4.816,14.095,-4.816,14.095,-4.831,3.075,1.00000,74.342
[SHELL] ccB:404,22327,1,15.107,0.125,-15.231,65.944,61.861,34.056,66.678,58.239,33.322
[SHELL] ccA:405,390028867,78241,-0.774,17.499,0.000,20.000,5.19888,5.41789,192.15,-4.816,14.097,-4.816,14.097,-4.831,3.076,1.00000,74.342
[SHELL] ccB:405,2147523675,1,15.107,0.125,-15.231,65.136,64.702,34.864,65.944,61.861,34.056
[SHELL] ccA:406,390147155,78242,-0.349,21.244,0.000,20.000,5.45621,5.55989,16.06,-4.824,14.021,-4.824,14.021,-4.831,3.076,1.00000,74.342
[SHELL] ccB:406,19117,1,15.397,4.981,-20.378,61.428,65.963,34.037,65.136,64.702,34.864
[SHELL] ccA:407,390248883,78242,-0.349,21.244,0.000,20.000,5.45621,5.67771,200.97,-4.824,14.021,-4.824,14.021,-4.831,3.075,1.00000,74.342
[SHELL] ccB:407,2147523667,1,15.397,4.981,-20.378,58.098,66.628,33.372,61.428,65.963,34.037
[SHELL] ccA:408,390367195,78243,4.161,24.703,0.000,20.000,5.70466,5.80834,16.06,-4.916,13.949,-4.916,13.949,-4.833,3.073,1.00000,74.342
[SHELL] ccB:408,19137,1,16.991,7.446,-24.437,54.046,67.070,32.930,58.098,66.628,33.372
[SHELL] ccA:409,390468855,78243,4.161,24.703,0.000,20.000,5.70466,5.93116,200.91,-4.918,13.979,-4.918,13.979,-4.835,3.070,1.00000,74.342
[SHELL] ccB:409,2147523681,1,16.991,7.446,-24.437,50.410,67.261,32.739,54.046,67.070,32.930
[SHELL] ccA:410,390587183,78244,9.102,23.921,0.000,20.000,5.94701,6.05100,16.06,-5.022,13.993,-5.022,13.993,-4.839,3.068,1.00000,74.342
[SHELL] ccB:410,19131,1,16.484,8.714,-25.198,46.637,67.209,32.791,50.410,67.261,32.739
[SHELL] ccA:411,390688803,78244,9.102,23.921,0.000,20.000,5.94701,6.16146,200.89,-5.026,13.991,-5.026,13.991,-4.844,3.066,1.00000,74.342
[SHELL] ccB:411,2147523707,1,16.484,8.714,-25.198,43.362,66.888,33.112,46.637,67.209,32.791
[SHELL] ccA:412,390807207,78245,7.383,20.671,0.000,20.000,6.20827,0.02905,16.06,-4.995,14.055,-4.995,14.055,-4.848,3.066,1.00000,74.342
[SHELL] ccB:412,19143,1,8.909,12.919,-21.828,39.101,66.197,33.803,43.362,66.888,33.112
[SHELL] ccA:413,390908751,78245,7.383,20.671,0.000,20.000,6.20827,0.14813,200.85,-4.999,14.055,-4.999,14.055,-4.851,3.066,1.00000,74.342
[SHELL] ccB:413,2147523733,1,8.909,12.919,-21.828,35.838,65.334,34.666,39.101,66.197,33.803
[SHELL] ccA:414,391026971,78246,3.773,19.619,0.000,20.000,0.17946,0.28343,15.85,-4.929,14.076,-4.929,14.076,-4.853,3.066,1.00000,74.342
[SHELL] ccB:414,19025,1,0.211,17.195,-17.406,34.186,65.814,37.538,35.838,65.334,34.666
[SHELL] ccA:415,391128747,78246,3.773,19.619,0.000,20.000,0.17946,0.39429,200.92,-4.931,14.076,-4.931,14.076,-4.855,3.066,1.00000,74.342
[SHELL] ccB:415,2147523735,1,0.211,17.195,-17.406,33.485,66.515,40.648,34.186,65.814,37.538
[SHELL] ctrlcap v1 armed=0 count=512 clock_hz=550000000 decimation=1
[SHELL] ccA:index,cycles,seq,id,iq,idref,iqref,theta,actangle,age_us,vdreq,vqreq,vd,vq,intd,intq,scale,bus
[SHELL] ccB:index,timer,valid,ia,ib,ic,du,dv,dw,active_u,active_v,active_w
[SHELL] ccA:416,391246983,78247,0.486,22.320,0.000,20.000,0.42410,0.52803,15.86,-4.865,14.021,-4.865,14.021,-4.855,3.065,1.00000,74.342
[SHELL] ccB:416,19031,1,-8.742,22.161,-13.419,33.007,66.993,44.486,33.485,66.515,40.648
[SHELL] ccA:417,391348771,78247,0.486,22.320,0.000,20.000,0.42410,0.62915,200.95,-4.865,14.020,-4.865,14.020,-4.856,3.064,1.00000,74.342
[SHELL] ccB:417,2147523723,1,-8.742,22.161,-13.419,32.773,67.227,47.487,33.007,66.993,44.486
[SHELL] ccA:418,391467159,78248,-0.711,20.765,0.000,20.000,0.67467,0.77860,15.81,-4.841,14.051,-4.841,14.051,-4.855,3.063,1.00000,74.342
[SHELL] ccB:418,19119,1,-13.526,20.421,-6.895,32.722,67.278,51.894,32.773,67.227,47.487
[SHELL] ccA:419,391568939,78248,-0.711,20.765,0.000,20.000,0.67467,0.89453,200.87,-4.841,14.050,-4.841,14.050,-4.855,3.063,1.00000,74.342
[SHELL] ccB:419,2147523639,1,-13.526,20.421,-6.895,32.965,67.035,55.342,32.722,67.278,51.894
[SHELL] ccA:420,391687375,78249,1.980,19.955,0.000,20.000,0.92330,1.02727,16.24,-4.896,14.067,-4.896,14.067,-4.856,3.063,1.00000,74.342
[SHELL] ccB:420,19227,1,-14.722,19.153,-4.431,33.503,66.497,59.310,32.965,67.035,55.342
[SHELL] ccA:421,391788939,78249,1.980,19.955,0.000,20.000,0.92330,1.14437,200.91,-4.897,14.067,-4.897,14.067,-4.857,3.063,1.00000,74.782
[SHELL] ccB:421,2147523639,1,-14.722,19.153,-4.431,34.337,65.663,62.513,33.503,66.497,59.310
[SHELL] ccA:422,391907263,78250,1.225,18.506,0.000,20.000,1.17539,1.27938,16.11,-4.882,14.096,-4.882,14.096,-4.858,3.064,1.00000,74.782
[SHELL] ccB:422,19171,1,-16.607,15.456,1.151,34.689,63.861,65.311,34.337,65.663,62.513
[SHELL] ccA:423,392008971,78250,1.225,18.506,0.000,20.000,1.17539,1.39177,201.01,-4.883,14.097,-4.883,14.097,-4.858,3.065,1.00000,74.342
[SHELL] ccB:423,2147523623,1,-16.607,15.456,1.151,33.792,60.863,66.208,34.689,63.861,65.311
[SHELL] ccA:424,392127347,78251,1.892,20.642,0.000,20.000,1.42718,1.53116,16.18,-4.897,14.054,-4.897,14.054,-4.859,3.064,1.00000,74.342
[SHELL] ccB:424,19213,1,-20.158,14.260,5.899,33.111,56.786,66.889,33.792,60.863,66.208
[SHELL] ccA:425,392228959,78251,1.892,20.642,0.000,20.000,1.42718,1.64980,200.97,-4.898,14.054,-4.898,14.054,-4.860,3.064,1.00000,74.342
[SHELL] ccB:425,2147523629,1,-20.158,14.260,5.899,32.766,53.274,67.234,33.111,56.786,66.889
[SHELL] ccA:426,392347351,78252,5.451,19.723,0.000,20.000,1.67850,1.78247,16.18,-4.972,14.072,-4.972,14.072,-4.863,3.064,1.00000,74.342
[SHELL] ccB:426,19215,1,-20.195,12.955,7.240,32.620,49.166,67.380,32.766,53.274,67.234
[SHELL] ccA:427,392448923,78252,5.451,19.723,0.000,20.000,1.67850,1.88918,200.96,-4.975,14.072,-4.975,14.072,-4.865,3.064,1.00000,74.342
[SHELL] ccB:427,2147523647,1,-20.195,12.955,7.240,32.770,45.960,67.230,32.620,49.166,67.380
[SHELL] ccA:428,392567311,78253,3.342,18.522,0.000,20.000,1.92626,2.03024,16.18,-4.934,14.097,-4.934,14.097,-4.867,3.065,1.00000,74.342
[SHELL] ccB:428,19195,1,-18.527,6.395,12.133,33.243,41.889,66.757,32.770,45.960,67.230
[SHELL] ccA:429,392668887,78253,3.342,18.522,0.000,20.000,1.92626,2.14666,200.94,-4.936,14.098,-4.936,14.098,-4.869,3.066,1.00000,74.342
[SHELL] ccB:429,2147523665,1,-18.527,6.395,12.133,33.900,38.569,66.100,33.243,41.889,66.757
[SHELL] ccA:430,392787295,78254,-0.380,17.164,0.000,20.000,2.17708,2.28106,16.13,-4.861,14.127,-4.861,14.127,-4.869,3.067,1.00000,74.342
[SHELL] ccB:430,19187,1,-13.888,-1.796,15.685,34.880,35.073,65.120,33.900,38.569,66.100
[SHELL] ccA:431,392888807,78254,-0.380,17.164,0.000,20.000,2.17708,2.40095,200.86,-4.861,14.128,-4.861,14.128,-4.868,3.069,1.00000,74.342
[SHELL] ccB:431,2147523705,1,-13.888,-1.796,15.685,38.004,34.033,65.967,34.880,35.073,65.120
[SHELL] ctrlcap v1 armed=0 count=512 clock_hz=550000000 decimation=1
[SHELL] ccA:index,cycles,seq,id,iq,idref,iqref,theta,actangle,age_us,vdreq,vqreq,vd,vq,intd,intq,scale,bus
[SHELL] ccB:index,timer,valid,ia,ib,ic,du,dv,dw,active_u,active_v,active_w
[SHELL] ccA:432,393007207,78255,-0.684,20.755,0.000,20.000,2.43779,2.54177,16.07,-4.854,14.056,-4.854,14.056,-4.868,3.068,1.00000,74.342
[SHELL] ccB:432,19143,1,-12.910,-7.632,20.541,42.076,33.292,66.708,38.004,34.033,65.967
[SHELL] ccA:433,393108867,78255,-0.684,20.755,0.000,20.000,2.43779,2.64666,200.93,-4.854,14.055,-4.854,14.055,-4.868,3.068,1.00000,74.342
[SHELL] ccB:433,2147523675,1,-12.910,-7.632,20.541,45.149,32.906,67.094,42.076,33.292,66.708
[SHELL] ccA:434,393227235,78256,-1.748,21.094,0.000,20.000,2.68154,2.78551,16.08,-4.832,14.048,-4.832,14.048,-4.867,3.067,1.00000,74.342
[SHELL] ccB:434,19157,1,-7.799,-13.141,20.940,49.257,32.699,67.301,45.149,32.906,67.094
[SHELL] ccA:435,393328863,78256,-1.748,21.094,0.000,20.000,2.68154,2.89959,200.90,-4.831,14.048,-4.831,14.048,-4.866,3.067,1.00000,74.342
[SHELL] ccB:435,2147523677,1,-7.799,-13.141,20.940,52.671,32.764,67.236,49.257,32.699,67.301
[SHELL] ccA:436,393447179,78257,-3.155,19.135,0.000,20.000,2.92172,3.02570,16.00,-4.801,14.087,-4.801,14.087,-4.864,3.067,1.00000,74.342
[SHELL] ccB:436,19129,1,-1.094,-16.221,17.316,56.336,33.053,66.947,52.671,32.764,67.236
[SHELL] ccA:437,393548871,78257,-3.155,19.135,0.000,20.000,2.92172,3.14606,200.93,-4.800,14.088,-4.800,14.088,-4.863,3.068,1.00000,74.342
[SHELL] ccB:437,2147523673,1,-1.094,-16.221,17.316,59.811,33.614,66.386,56.336,33.053,66.947
[SHELL] ccA:438,393667211,78258,-2.799,18.570,0.000,20.000,3.18779,3.29176,16.07,-4.805,14.100,-4.805,14.100,-4.861,3.068,1.00000,74.342
[SHELL] ccB:438,19145,1,3.654,-17.780,14.126,63.843,34.597,65.403,59.811,33.614,66.386
[SHELL] ccA:439,393768867,78258,-2.799,18.570,0.000,20.000,3.18779,3.40068,200.93,-4.804,14.100,-4.804,14.100,-4.860,3.069,1.00000,74.342
[SHELL] ccB:439,2147523675,1,3.654,-17.780,14.126,65.551,34.449,63.336,63.843,34.597,65.403
[SHELL] ccA:440,393887235,78259,-2.442,17.915,0.000,20.000,3.43357,3.53754,16.07,-4.810,14.114,-4.810,14.114,-4.859,3.070,1.00000,74.342
[SHELL] ccB:440,19157,1,7.496,-17.997,10.502,66.474,33.526,59.545,65.551,34.449,63.336
[SHELL] ccA:441,393988903,78259,-2.442,17.915,0.000,20.000,3.43357,3.65427,200.94,-4.809,14.115,-4.809,14.115,-4.858,3.071,1.00000,74.342
[SHELL] ccB:441,2147523657,1,7.496,-17.997,10.502,67.004,32.996,56.160,66.474,33.526,59.545
[SHELL] ccA:442,394107291,78260,0.651,23.535,0.000,20.000,3.68044,3.78442,16.15,-4.871,14.001,-4.871,14.001,-4.858,3.069,1.00000,74.342
[SHELL] ccB:442,19185,1,11.519,-23.543,12.024,67.227,32.773,52.079,67.004,32.996,56.160
[SHELL] ccA:443,394208931,78260,0.651,23.535,0.000,20.000,3.68044,3.90023,200.98,-4.871,14.000,-4.871,14.000,-4.858,3.068,1.00000,74.342
[SHELL] ccB:443,2147523643,1,11.519,-23.543,12.024,67.249,32.751,48.616,67.227,32.773,52.079
[SHELL] ccA:444,394327335,78261,2.204,21.158,0.000,20.000,3.93803,4.04198,16.18,-4.903,14.046,-4.903,14.046,-4.859,3.067,1.00000,74.342
[SHELL] ccB:444,19207,1,13.585,-20.969,7.385,67.023,32.977,44.359,67.249,32.751,48.616
[SHELL] ccA:445,394428891,78261,2.204,21.158,0.000,20.000,3.93803,4.15204,200.87,-4.905,14.046,-4.905,14.046,-4.860,3.066,1.00000,74.342
[SHELL] ccB:445,2147523663,1,13.585,-20.969,7.385,66.561,33.439,41.152,67.023,32.977,44.359
[SHELL] ccA:446,394547247,78262,0.248,20.180,0.000,20.000,4.18893,4.29290,16.12,-4.866,14.065,-4.866,14.065,-4.861,3.066,1.00000,74.342
[SHELL] ccB:446,19163,1,17.354,-17.599,0.245,65.707,34.293,37.286,66.561,33.439,41.152
[SHELL] ccA:447,394648851,78262,0.248,20.180,0.000,20.000,4.18893,4.40329,200.89,-4.866,14.065,-4.866,14.065,-4.861,3.066,1.00000,73.902
[SHELL] ccB:447,2147523683,1,17.354,-17.599,0.245,65.309,35.527,34.691,65.707,34.293,37.286
[SHELL] ctrlcap v1 armed=0 count=512 clock_hz=550000000 decimation=1
[SHELL] ccA:index,cycles,seq,id,iq,idref,iqref,theta,actangle,age_us,vdreq,vqreq,vd,vq,intd,intq,scale,bus
[SHELL] ccB:index,timer,valid,ia,ib,ic,du,dv,dw,active_u,active_v,active_w
[SHELL] ccA:448,394767283,78263,-2.908,21.085,0.000,20.000,4.42700,4.53097,16.12,-4.801,14.047,-4.801,14.047,-4.859,3.066,1.00000,73.902
[SHELL] ccB:448,19181,1,21.051,-13.249,-7.801,66.182,38.945,33.818,65.309,35.527,34.691
[SHELL] ccA:449,394868935,78263,-2.908,21.085,0.000,20.000,4.42700,4.64544,200.99,-4.800,14.046,-4.800,14.046,-4.858,3.065,1.00000,74.342
[SHELL] ccB:449,2147523641,1,21.051,-13.249,-7.801,66.705,42.263,33.295,66.182,38.945,33.818
[SHELL] ccA:450,394987271,78264,-0.232,23.845,0.000,20.000,4.68394,4.78792,16.12,-4.853,13.989,-4.853,13.989,-4.858,3.063,1.00000,74.342
[SHELL] ccB:450,19175,1,23.842,-12.307,-11.535,67.137,46.597,32.863,66.705,42.263,33.295
[SHELL] ccA:451,395088947,78264,-0.232,23.845,0.000,20.000,4.68394,4.90388,201.01,-4.853,13.987,-4.853,13.987,-4.858,3.061,1.00000,74.342
[SHELL] ccB:451,2147523635,1,23.842,-12.307,-11.535,67.247,50.055,32.753,67.137,46.597,32.863
[SHELL] ccA:452,395207267,78265,-2.271,20.655,0.000,20.000,4.93595,5.03993,16.12,-4.811,14.051,-4.811,14.051,-4.856,3.061,1.00000,74.342
[SHELL] ccB:452,19173,1,19.637,-3.935,-15.703,67.146,53.999,32.854,67.247,50.055,32.753
[SHELL] ccA:453,395308923,78265,-2.271,20.655,0.000,20.000,4.93595,5.15462,200.98,-4.810,14.050,-4.810,14.050,-4.855,3.061,1.00000,74.342
[SHELL] ccB:453,2147523647,1,19.637,-3.935,-15.703,66.769,57.369,33.231,67.146,53.999,32.854
[SHELL] ccA:454,395427211,78266,-5.244,18.795,0.000,20.000,5.19334,5.29733,16.05,-4.748,14.088,-4.748,14.088,-4.853,3.061,1.00000,74.342
[SHELL] ccB:454,19145,1,14.237,4.438,-18.675,66.042,61.304,33.958,66.769,57.369,33.231
[SHELL] ccA:455,395528943,78266,-5.244,18.795,0.000,20.000,5.19334,5.40114,201.04,-4.745,14.089,-4.745,14.089,-4.850,3.062,1.00000,74.342
[SHELL] ccB:455,2147523637,1,14.237,4.438,-18.675,65.280,64.118,34.720,66.042,61.304,33.958
[SHELL] ccA:456,395647255,78267,-3.652,20.833,0.000,20.000,5.43875,5.54272,16.12,-4.775,14.047,-4.775,14.047,-4.848,3.061,1.00000,74.342
[SHELL] ccB:456,19167,1,13.150,7.772,-20.922,62.009,65.832,34.168,65.280,64.118,34.720
[SHELL] ccA:457,395748871,78267,-3.652,20.833,0.000,20.000,5.43875,5.65506,200.90,-4.773,14.047,-4.773,14.047,-4.846,3.061,1.00000,74.342
[SHELL] ccB:457,2147523673,1,13.150,7.772,-20.922,58.862,66.508,33.492,62.009,65.832,34.168
[SHELL] ccA:458,395867255,78268,-1.151,25.033,0.000,20.000,5.69162,5.79561,16.12,-4.823,13.961,-4.823,13.961,-4.846,3.058,1.00000,74.342
[SHELL] ccB:458,19167,1,13.005,12.049,-25.053,54.599,67.000,33.000,58.862,66.508,33.492
[SHELL] ccA:459,395968859,78268,-1.151,25.033,0.000,20.000,5.69162,5.90708,200.95,-4.822,13.958,-4.822,13.958,-4.845,3.056,1.00000,74.342
[SHELL] ccB:459,2147523679,1,13.005,12.049,-25.053,51.294,67.187,32.813,54.599,67.000,33.000
[SHELL] ccA:460,396087239,78269,4.744,22.908,0.000,20.000,5.93839,6.04238,16.12,-4.943,13.999,-4.943,13.999,-4.848,3.055,1.00000,74.342
[SHELL] ccB:460,19159,1,12.207,11.179,-23.386,47.051,67.210,32.790,51.294,67.187,32.813
[SHELL] ccA:461,396188895,78269,4.744,22.908,0.000,20.000,5.93839,6.15961,200.97,-4.945,13.998,-4.945,13.998,-4.850,3.053,1.00000,74.342
[SHELL] ccB:461,2147523661,1,12.207,11.179,-23.386,43.580,66.892,33.108,47.051,67.210,32.790
[SHELL] ccA:462,396307335,78270,2.143,20.919,0.000,20.000,6.18432,0.00512,16.12,-4.894,14.037,-4.894,14.037,-4.851,3.053,1.00000,74.342
[SHELL] ccB:462,19207,1,4.197,15.746,-19.943,39.981,66.323,33.677,43.580,66.892,33.108
[SHELL] ccA:463,396408843,78270,2.143,20.919,0.000,20.000,6.18432,0.12008,200.94,-4.895,14.036,-4.895,14.036,-4.852,3.052,1.00000,74.342
[SHELL] ccB:463,2147523687,1,4.197,15.746,-19.943,36.802,65.551,34.449,39.981,66.323,33.677
[SHELL] ctrlcap v1 armed=0 count=512 clock_hz=550000000 decimation=1
[SHELL] ccA:index,cycles,seq,id,iq,idref,iqref,theta,actangle,age_us,vdreq,vqreq,vd,vq,intd,intq,scale,bus
[SHELL] ccB:index,timer,valid,ia,ib,ic,du,dv,dw,active_u,active_v,active_w
[SHELL] ccA:464,396527087,78271,0.432,18.113,0.000,20.000,0.15260,0.25659,16.00,-4.861,14.094,-4.861,14.094,-4.852,3.053,1.00000,74.342
[SHELL] ccB:464,19083,1,-2.326,16.724,-14.398,34.427,65.573,36.687,36.802,65.551,34.449
[SHELL] ccA:465,396628767,78271,0.432,18.113,0.000,20.000,0.15260,0.37285,200.94,-4.861,14.094,-4.861,14.094,-4.853,3.054,1.00000,74.342
[SHELL] ccB:465,2147523725,1,-2.326,16.724,-14.398,33.639,66.361,39.905,34.427,65.573,36.687
[SHELL] ccA:466,396747043,78272,-0.379,21.914,0.000,20.000,0.40199,0.50596,15.94,-4.845,14.017,-4.845,14.017,-4.852,3.053,1.00000,74.342
[SHELL] ccB:466,19061,1,-8.923,21.798,-12.876,33.097,66.903,43.807,33.639,66.361,39.905
[SHELL] ccA:467,396848731,78272,-0.379,21.914,0.000,20.000,0.40199,0.61741,200.87,-4.845,14.017,-4.845,14.017,-4.852,3.052,1.00000,74.342
[SHELL] ccB:467,2147523743,1,-8.923,21.798,-12.876,32.805,67.195,47.102,33.097,66.903,43.807
[SHELL] ccA:468,396967211,78273,-2.245,19.771,0.000,20.000,0.64933,0.75330,15.89,-4.806,14.059,-4.806,14.059,-4.851,3.052,1.00000,74.342
[SHELL] ccB:468,19145,1,-13.743,19.334,-5.591,32.702,67.298,51.064,32.805,67.195,47.102
[SHELL] ccA:469,397068999,78273,-2.245,19.771,0.000,20.000,0.64933,0.86821,200.93,-4.805,14.060,-4.805,14.060,-4.850,3.052,1.00000,74.342
[SHELL] ccB:469,2147523609,1,-13.743,19.334,-5.591,32.887,67.113,54.490,32.702,67.298,51.064
[SHELL] ccA:470,397187487,78274,-2.023,18.746,0.000,20.000,0.90845,1.01238,16.32,-4.808,14.081,-4.808,14.081,-4.849,3.053,1.00000,74.342
[SHELL] ccB:470,19283,1,-16.027,16.616,-0.589,33.412,66.588,58.707,32.887,67.113,54.490
[SHELL] ccA:471,397289023,78274,-2.023,18.746,0.000,20.000,0.90845,1.11985,200.94,-4.807,14.081,-4.807,14.081,-4.848,3.054,1.00000,74.342
[SHELL] ccB:471,2147523597,1,-16.027,16.616,-0.589,34.046,65.954,61.737,33.412,66.588,58.707
[SHELL] ccA:472,397407435,78275,-2.345,18.207,0.000,20.000,1.15173,1.25569,16.26,-4.800,14.093,-4.800,14.093,-4.847,3.054,1.00000,74.342
[SHELL] ccB:472,19257,1,-17.585,13.354,4.232,34.867,64.676,65.133,34.046,65.954,61.737
[SHELL] ccA:473,397508963,78275,-2.345,18.207,0.000,20.000,1.15173,1.36256,200.90,-4.799,14.094,-4.799,14.094,-4.846,3.055,1.00000,74.342
[SHELL] ccB:473,2147523627,1,-17.585,13.354,4.232,34.050,61.800,65.950,34.867,64.676,65.133
[SHELL] ccA:474,397627411,78276,-0.039,20.476,0.000,20.000,1.40292,1.50690,16.26,-4.845,14.048,-4.845,14.048,-4.846,3.055,1.00000,74.342
[SHELL] ccB:474,19245,1,-20.195,13.027,7.167,33.250,57.575,66.750,34.050,61.800,65.950
[SHELL] ccA:475,397729007,78276,-0.039,20.476,0.000,20.000,1.40292,1.62977,200.98,-4.845,14.048,-4.845,14.048,-4.846,3.055,1.00000,74.342
[SHELL] ccB:475,2147523605,1,-20.195,13.027,7.167,32.841,53.962,67.159,33.250,57.575,66.750
[SHELL] ccA:476,397847375,78277,3.473,19.689,0.000,20.000,1.65136,1.75535,16.26,-4.917,14.064,-4.917,14.064,-4.847,3.055,1.00000,74.342
[SHELL] ccB:476,19227,1,-19.905,11.578,8.327,32.644,50.082,67.356,32.841,53.962,67.159
[SHELL] ccA:477,397949035,78277,3.473,19.689,0.000,20.000,1.65136,1.86873,201.04,-4.918,14.064,-4.918,14.064,-4.849,3.055,1.00000,74.342
[SHELL] ccB:477,2147523591,1,-19.905,11.578,8.327,32.750,46.677,67.250,32.644,50.082,67.356
[SHELL] ccA:478,398067407,78278,2.780,15.947,0.000,20.000,1.89952,2.00349,16.26,-4.906,14.141,-4.906,14.141,-4.850,3.057,1.00000,74.342
[SHELL] ccB:478,19243,1,-15.990,5.815,10.176,33.076,42.732,66.924,32.750,46.677,67.250
[SHELL] ccA:479,398168967,78278,2.780,15.947,0.000,20.000,1.89952,2.11564,200.94,-4.907,14.143,-4.907,14.143,-4.852,3.059,1.00000,74.342
[SHELL] ccB:479,2147523625,1,-15.990,5.815,10.176,33.650,39.494,66.350,33.076,42.732,66.924
[SHELL] ctrlcap v1 armed=0 count=512 clock_hz=550000000 decimation=1
[SHELL] ccA:index,cycles,seq,id,iq,idref,iqref,theta,actangle,age_us,vdreq,vqreq,vd,vq,intd,intq,scale,bus
[SHELL] ccB:index,timer,valid,ia,ib,ic,du,dv,dw,active_u,active_v,active_w
[SHELL] ccA:480,398287367,78279,-2.355,16.736,0.000,20.000,2.15222,2.25620,16.21,-4.804,14.129,-4.804,14.129,-4.851,3.061,1.00000,74.342
[SHELL] ccB:480,19223,1,-12.692,-3.319,16.011,34.657,35.842,65.343,33.650,39.494,66.350
[SHELL] ccA:481,398388939,78279,-2.355,16.736,0.000,20.000,2.15222,2.37087,201.03,-4.802,14.131,-4.802,14.131,-4.849,3.063,1.00000,74.342
[SHELL] ccB:481,2147523639,1,-12.692,-3.319,16.011,37.089,34.293,65.707,34.657,35.842,65.343
[SHELL] ccA:482,398507243,78280,-2.784,19.656,0.000,20.000,2.39219,2.49616,16.15,-4.792,14.072,-4.792,14.072,-4.848,3.063,1.00000,74.342
[SHELL] ccB:482,19161,1,-11.351,-8.429,19.780,40.644,33.546,66.454,37.089,34.293,65.707
[SHELL] ccA:483,398608887,78280,-2.784,19.656,0.000,20.000,2.39219,2.61445,200.91,-4.791,14.072,-4.791,14.072,-4.847,3.063,1.00000,74.342
[SHELL] ccB:483,2147523665,1,-11.351,-8.429,19.780,44.071,33.024,66.976,40.644,33.546,66.454
[SHELL] ccA:484,398727279,78281,-0.896,21.521,0.000,20.000,2.64869,2.75269,16.15,-4.828,14.034,-4.828,14.034,-4.846,3.062,1.00000,74.342
[SHELL] ccB:484,19179,1,-9.394,-12.090,21.484,48.277,32.739,67.261,44.071,33.024,66.976
[SHELL] ccA:485,398828919,78281,-0.896,21.521,0.000,20.000,2.64869,2.86804,200.97,-4.828,14.034,-4.828,14.034,-4.846,3.061,1.00000,74.342
[SHELL] ccB:485,2147523649,1,-9.394,-12.090,21.484,51.729,32.740,67.260,48.277,32.739,67.261
[SHELL] ccA:486,398947303,78282,-0.993,18.962,0.000,20.000,2.89489,2.99888,16.15,-4.825,14.085,-4.825,14.085,-4.845,3.062,1.00000,74.342
[SHELL] ccB:486,19191,1,-3.668,-14.300,17.968,55.595,32.959,67.041,51.729,32.740,67.260
[SHELL] ccA:487,399048931,78282,-0.993,18.962,0.000,20.000,2.89489,3.12105,200.97,-4.825,14.086,-4.825,14.086,-4.845,3.062,1.00000,74.342
[SHELL] ccB:487,2147523643,1,-3.668,-14.300,17.968,59.149,33.479,66.521,55.595,32.959,67.041
[SHELL] ccA:488,399167299,78283,-3.743,17.917,0.000,20.000,3.14672,3.25069,16.15,-4.768,14.108,-4.768,14.108,-4.843,3.063,1.00000,74.342
[SHELL] ccB:488,19189,1,3.835,-17.417,13.582,62.663,34.268,65.732,59.149,33.479,66.521
[SHELL] ccA:489,399268911,78283,-3.743,17.917,0.000,20.000,3.14672,3.37164,200.97,-4.766,14.109,-4.766,14.109,-4.841,3.064,1.00000,74.342
[SHELL] ccB:489,2147523653,1,3.835,-17.417,13.582,65.296,34.704,64.178,62.663,34.268,65.732
[SHELL] ccA:490,399387235,78284,-2.153,20.029,0.000,20.000,3.39647,3.50046,16.08,-4.797,14.067,-4.797,14.067,-4.840,3.064,1.00000,74.342
[SHELL] ccB:490,19157,1,7.133,-19.882,12.749,66.205,33.795,60.555,65.296,34.704,64.178
[SHELL] ccA:491,399488895,78284,-2.153,20.029,0.000,20.000,3.39647,3.62569,200.94,-4.796,14.067,-4.796,14.067,-4.839,3.064,1.00000,74.342
[SHELL] ccB:491,2147523661,1,7.133,-19.882,12.749,66.839,33.161,56.968,66.205,33.795,60.555
[SHELL] ccA:492,399607291,78285,0.622,22.720,0.000,20.000,3.65118,3.75516,16.16,-4.852,14.011,-4.852,14.011,-4.839,3.063,1.00000,74.342
[SHELL] ccB:492,19185,1,10.540,-22.709,12.169,67.186,32.814,52.995,66.839,33.161,56.968
[SHELL] ccA:493,399708939,78285,0.622,22.720,0.000,20.000,3.65118,3.86845,200.98,-4.852,14.010,-4.852,14.010,-4.840,3.062,1.00000,74.342
[SHELL] ccB:493,2147523639,1,10.540,-22.709,12.169,67.270,32.730,49.610,67.186,32.814,52.995
[SHELL] ccA:494,399827243,78286,3.075,21.195,0.000,20.000,3.89836,4.00234,16.15,-4.903,14.040,-4.903,14.040,-4.841,3.061,1.00000,74.342
[SHELL] ccB:494,19161,1,12.316,-21.332,9.016,67.131,32.869,45.531,67.270,32.730,49.610
[SHELL] ccA:495,399928923,78286,3.075,21.195,0.000,20.000,3.89836,4.11784,200.98,-4.904,14.039,-4.904,14.039,-4.843,3.061,1.00000,74.342
[SHELL] ccB:495,2147523647,1,12.316,-21.332,9.016,66.719,33.281,42.138,67.131,32.869,45.531
[SHELL] ctrlcap v1 armed=0 count=512 clock_hz=550000000 decimation=1
[SHELL] ccA:index,cycles,seq,id,iq,idref,iqref,theta,actangle,age_us,vdreq,vqreq,vd,vq,intd,intq,scale,bus
[SHELL] ccB:index,timer,valid,ia,ib,ic,du,dv,dw,active_u,active_v,active_w
[SHELL] ccA:496,400047279,78287,-0.663,18.495,0.000,20.000,4.14367,4.24764,16.12,-4.829,14.094,-4.829,14.094,-4.842,3.061,1.00000,74.342
[SHELL] ccB:496,19179,1,15.940,-16.113,0.172,66.059,33.941,38.601,66.719,33.281,42.138
[SHELL] ccA:497,400148899,78287,-0.663,18.495,0.000,20.000,4.14367,4.36694,200.90,-4.829,14.095,-4.829,14.095,-4.842,3.062,1.00000,74.342
[SHELL] ccB:497,2147523659,1,15.940,-16.113,0.172,65.163,34.837,35.372,66.059,33.941,38.601
[SHELL] ccA:498,400267231,78288,-0.621,20.060,0.000,20.000,4.39899,4.50297,16.12,-4.829,14.063,-4.829,14.063,-4.842,3.062,1.00000,74.342
[SHELL] ccB:498,19155,1,19.275,-14.482,-4.793,65.939,38.254,34.061,65.163,34.837,35.372
[SHELL] ccA:499,400368923,78288,-0.621,20.060,0.000,20.000,4.39899,4.61717,200.98,-4.829,14.063,-4.829,14.063,-4.841,3.062,1.00000,74.342
[SHELL] ccB:499,2147523647,1,19.275,-14.482,-4.793,66.608,41.476,33.392,65.939,38.254,34.061
[SHELL] ccA:500,400487311,78289,-0.047,22.144,0.000,20.000,4.64850,4.75244,16.12,-4.840,14.021,-4.840,14.021,-4.841,3.061,1.00000,73.902
[SHELL] ccB:500,19195,1,22.102,-12.235,-9.867,67.184,45.467,32.816,66.608,41.476,33.392
[SHELL] ccA:501,400588903,78289,-0.047,22.144,0.000,20.000,4.64850,4.87205,200.87,-4.840,14.020,-4.840,14.020,-4.841,3.060,1.00000,73.902
[SHELL] ccB:501,2147523657,1,22.102,-12.235,-9.867,67.372,49.052,32.628,67.184,45.467,32.816
[SHELL] ccA:502,400707267,78290,-3.034,18.936,0.000,20.000,4.89360,4.99759,16.12,-4.779,14.084,-4.779,14.084,-4.840,3.060,1.00000,73.902
[SHELL] ccB:502,19173,1,18.079,-3.500,-14.579,67.361,52.675,32.639,67.372,49.052,32.628
[SHELL] ccA:503,400808879,78290,-3.034,18.936,0.000,20.000,4.89360,5.11881,200.90,-4.778,14.085,-4.778,14.085,-4.838,3.061,1.00000,73.902
[SHELL] ccB:503,2147523669,1,18.079,-3.500,-14.579,67.047,56.288,32.953,67.361,52.675,32.639
[SHELL] ccA:504,400927271,78291,-5.233,18.455,0.000,20.000,5.14483,5.24882,16.12,-4.731,14.095,-4.731,14.095,-4.836,3.062,1.00000,73.902
[SHELL] ccB:504,19175,1,14.563,3.532,-18.095,66.445,59.969,33.555,67.047,56.288,32.953
[SHELL] ccA:505,401028923,78291,-5.233,18.455,0.000,20.000,5.14483,5.36923,200.99,-4.728,14.096,-4.728,14.096,-4.833,3.062,1.00000,73.902
[SHELL] ccB:505,2147523647,1,14.563,3.532,-18.095,65.636,63.313,34.364,66.445,59.969,33.555
[SHELL] ccA:506,401147271,78292,-2.163,20.663,0.000,20.000,5.39724,5.50121,16.12,-4.789,14.052,-4.789,14.052,-4.832,3.062,1.00000,74.342
[SHELL] ccB:506,19175,1,14.636,5.452,-20.088,63.124,65.545,34.455,65.636,63.313,34.364
[SHELL] ccA:507,401248919,78292,-2.163,20.663,0.000,20.000,5.39724,5.61463,200.97,-4.788,14.051,-4.788,14.051,-4.831,3.062,1.00000,74.342
[SHELL] ccB:507,2147523649,1,14.636,5.452,-20.088,59.993,66.302,33.698,63.124,65.545,34.455
[SHELL] ccA:508,401367227,78293,2.018,25.465,0.000,20.000,5.64965,5.75362,16.12,-4.872,13.952,-4.872,13.952,-4.832,3.059,1.00000,74.342
[SHELL] ccB:508,19153,1,16.702,8.388,-25.090,55.737,66.894,33.106,59.993,66.302,33.698
[SHELL] ccA:509,401469527,78293,2.018,25.465,0.000,20.000,5.64965,5.86568,200.98,-4.873,13.980,-4.873,13.980,-4.833,3.056,1.00000,74.342
[SHELL] ccB:509,2147523345,1,16.702,8.388,-25.090,52.449,67.188,32.812,55.737,66.894,33.106
[SHELL] ccA:510,401587235,78294,6.295,23.258,0.000,20.000,5.89470,5.99897,16.12,-4.962,14.022,-4.962,14.022,-4.836,3.055,1.00000,74.342
[SHELL] ccB:510,19157,1,14.636,9.258,-23.894,48.323,67.300,32.700,52.449,67.188,32.812
[SHELL] ccA:511,401688891,78294,6.295,23.258,0.000,20.000,5.89470,6.11670,200.98,-4.965,14.021,-4.965,14.021,-4.839,3.053,1.00000,74.342
[SHELL] ccB:511,2147523663,1,14.636,9.258,-23.894,44.809,67.066,32.934,48.323,67.300,32.700
