[SHELL] ctrlcap v1 armed=0 count=512 clock_hz=550000000 decimation=1
[SHELL] ccA:index,cycles,seq,id,iq,idref,iqref,theta,actangle,age_us,vdreq,vqreq,vd,vq,intd,intq,scale,bus
[SHELL] ccB:index,timer,valid,ia,ib,ic,du,dv,dw,active_u,active_v,active_w
[SHELL] ccA:0,2324972615,418921,19.953,35.649,0.000,35.000,1.88935,2.23134,15.70,-10.887,25.044,-10.887,25.044,-10.488,6.377,1.00000,73.902
[SHELL] ccB:0,18917,1,-40.104,26.794,13.311,23.418,21.920,78.080,18.275,45.275,81.725
[SHELL] ccA:1,2325192475,418922,-0.284,35.881,0.000,35.000,2.34045,2.68269,15.65,-10.482,25.038,-10.482,25.038,-10.488,6.376,1.00000,74.342
[SHELL] ccB:1,18847,1,-25.571,-9.015,34.586,46.583,18.441,81.559,23.418,21.920,78.080
[SHELL] ccA:2,2325412451,418923,-9.032,33.960,0.000,35.000,2.78816,3.13044,15.59,-10.298,25.078,-10.298,25.078,-10.478,6.377,1.00000,73.902
[SHELL] ccB:2,18835,1,-3.281,-28.659,31.940,70.333,20.480,79.520,46.583,18.441,81.559
[SHELL] ccA:3,2325632495,418924,-2.005,34.004,0.000,35.000,3.24675,3.58902,15.59,-10.436,25.078,-10.436,25.078,-10.476,6.378,1.00000,74.342
[SHELL] ccB:3,18857,1,5.563,-31.885,26.322,80.977,19.023,61.178,70.333,20.480,79.520
[SHELL] ccA:4,2325852523,418925,12.812,38.523,0.000,35.000,3.70380,4.04597,15.61,-10.746,24.984,-10.746,24.984,-10.489,6.375,1.00000,74.342
[SHELL] ccB:4,18871,1,9.695,-38.989,29.294,80.589,19.411,35.714,80.977,19.023,61.178
[SHELL] ccA:5,2326072511,418926,6.204,32.814,0.000,35.000,4.14656,4.48879,15.64,-10.620,25.100,-10.620,25.100,-10.495,6.377,1.00000,74.342
[SHELL] ccB:5,18865,1,24.373,-31.958,7.584,79.857,31.302,20.143,80.589,19.411,35.714
[SHELL] ccA:6,2326292603,418927,-7.668,33.784,0.000,35.000,4.59511,4.93703,15.64,-10.334,25.082,-10.334,25.082,-10.488,6.378,1.00000,74.342
[SHELL] ccB:6,18911,1,34.449,-14.053,-20.396,81.468,55.022,18.532,79.857,31.302,20.143
[SHELL] ccA:7,2326512599,418928,-13.222,31.058,0.000,35.000,5.05353,5.39543,15.64,-10.210,25.140,-10.210,25.140,-10.475,6.382,1.00000,73.902
[SHELL] ccB:7,18909,1,24.845,7.367,-32.212,76.500,77.875,22.125,81.468,55.022,18.532
[SHELL] ccA:8,2326732499,418929,-4.632,36.568,0.000,35.000,5.49851,5.84074,15.58,-10.377,25.029,-10.377,25.029,-10.470,6.380,1.00000,73.902
[SHELL] ccB:8,18859,1,22.561,13.963,-36.525,52.715,81.712,18.288,76.500,77.875,22.125
[SHELL] ccA:9,2326952539,418930,15.596,41.888,0.000,35.000,5.95226,0.01136,15.58,-10.797,24.915,-10.797,24.915,-10.486,6.374,1.00000,74.342
[SHELL] ccB:9,18879,1,28.360,15.739,-44.100,27.644,78.880,21.120,52.715,81.712,18.288
[SHELL] ccA:10,2327172363,418931,2.855,33.841,0.000,35.000,0.11888,0.46119,15.57,-10.546,25.077,-10.546,25.077,-10.488,6.375,1.00000,74.342
[SHELL] ccB:10,18791,1,-1.178,29.983,-28.805,18.867,81.133,39.744,27.644,78.880,21.120
[SHELL] ccA:11,2327392483,418932,-14.455,32.685,0.000,35.000,0.57018,0.91263,15.40,-10.185,25.103,-10.185,25.103,-10.474,6.377,1.00000,73.902
[SHELL] ccB:11,18851,1,-29.811,31.976,-2.165,19.248,80.752,63.650,18.867,81.133,39.744
[SHELL] ccA:12,2327612651,418933,-13.008,32.599,0.000,35.000,1.01555,1.35765,15.78,-10.201,25.107,-10.201,25.107,-10.461,6.379,1.00000,73.902
[SHELL] ccB:12,18935,1,-34.559,22.589,11.970,20.177,68.904,79.823,19.248,80.752,63.650
[SHELL] ccA:13,2327832683,418934,4.941,41.302,0.000,35.000,1.47182,1.81387,15.78,-10.565,24.927,-10.565,24.927,-10.466,6.373,1.00000,73.902
[SHELL] ccB:13,18951,1,-40.612,28.098,12.513,18.504,43.402,81.496,20.177,68.904,79.823
[SHELL] ccA:14,2328052751,418935,13.283,34.141,0.000,35.000,1.92013,2.26196,15.78,-10.745,25.071,-10.745,25.071,-10.479,6.374,1.00000,73.902
[SHELL] ccB:14,18985,1,-36.625,19.001,17.624,24.694,21.571,78.429,18.504,43.402,81.496
[SHELL] ccA:15,2328272587,418936,-8.689,33.963,0.000,35.000,2.36646,2.70848,15.61,-10.297,25.075,-10.297,25.075,-10.470,6.375,1.00000,73.902
[SHELL] ccB:15,18903,1,-17.561,-17.496,35.057,47.609,18.264,81.736,24.694,21.571,78.429
[SHELL] ctrlcap v1 armed=0 count=512 clock_hz=550000000 decimation=1
[SHELL] ccA:index,cycles,seq,id,iq,idref,iqref,theta,actangle,age_us,vdreq,vqreq,vd,vq,intd,intq,scale,bus
[SHELL] ccB:index,timer,valid,ia,ib,ic,du,dv,dw,active_u,active_v,active_w
[SHELL] ccA:16,2328492607,418937,-12.023,32.709,0.000,35.000,2.81065,3.15257,15.61,-10.218,25.103,-10.218,25.103,-10.458,6.377,1.00000,74.342
[SHELL] ccB:16,18913,1,0.742,-30.544,29.802,71.172,20.890,79.110,47.609,18.264,81.736
[SHELL] ccA:17,2328712563,418938,-0.782,33.923,0.000,35.000,3.26592,3.60797,15.61,-10.442,25.079,-10.442,25.079,-10.458,6.378,1.00000,74.342
[SHELL] ccB:17,18891,1,4.983,-31.559,26.576,81.099,18.901,60.152,71.172,20.890,79.110
[SHELL] ccA:18,2328932483,418939,15.211,40.210,0.000,35.000,3.71172,4.05399,15.61,-10.777,24.949,-10.777,24.949,-10.473,6.373,1.00000,74.342
[SHELL] ccB:18,18851,1,8.897,-40.874,31.976,80.487,19.513,35.218,81.099,18.901,60.152
[SHELL] ccA:19,2329152499,418940,11.585,32.714,0.000,35.000,4.16922,4.51146,15.64,-10.716,25.101,-10.716,25.101,-10.484,6.375,1.00000,73.902
[SHELL] ccB:19,18859,1,22.018,-34.241,12.223,80.349,32.520,19.651,80.487,19.513,35.218
[SHELL] ccA:20,2329372511,418941,-4.895,30.241,0.000,35.000,4.61616,4.95838,15.64,-10.382,25.155,-10.382,25.155,-10.480,6.380,1.00000,73.902
[SHELL] ccB:20,18865,1,30.571,-13.582,-16.989,81.683,56.273,18.317,80.349,32.520,19.651
[SHELL] ccA:21,2329592503,418942,-14.174,30.663,0.000,35.000,5.06259,5.40484,15.64,-10.182,25.151,-10.182,25.151,-10.465,6.385,1.00000,73.902
[SHELL] ccB:21,18861,1,23.939,8.672,-32.610,76.098,78.000,22.000,81.683,56.273,18.317
[SHELL] ccA:22,2329812503,418943,0.220,38.619,0.000,35.000,5.51270,5.85486,15.58,-10.470,24.988,-10.470,24.988,-10.466,6.381,1.00000,73.902
[SHELL] ccB:22,18861,1,27.056,10.339,-37.394,51.735,81.733,18.267,76.098,78.000,22.000
[SHELL] ccA:23,2330032515,418944,28.391,46.995,0.000,35.000,5.96821,0.02724,15.58,-11.062,24.809,-11.062,24.809,-10.494,6.369,1.00000,74.342
[SHELL] ccB:23,18867,1,41.553,10.303,-51.856,26.325,78.538,21.462,51.735,81.733,18.267
[SHELL] ccA:24,2330252415,418945,8.392,34.087,0.000,35.000,0.13436,0.47640,15.50,-10.670,25.068,-10.670,25.068,-10.502,6.370,1.00000,73.902
[SHELL] ccB:24,18817,1,3.751,28.352,-32.103,18.525,81.475,40.734,26.325,78.538,21.462
[SHELL] ccA:25,2330472571,418946,-14.358,32.051,0.000,35.000,0.58292,0.92504,15.39,-10.201,25.111,-10.201,25.111,-10.488,6.373,1.00000,74.342
[SHELL] ccB:25,18895,1,-29.630,31.143,-1.513,19.517,80.483,64.255,18.525,81.475,40.734
[SHELL] ccA:26,2330692639,418947,-10.094,34.069,0.000,35.000,1.03524,1.37735,15.77,-10.276,25.072,-10.276,25.072,-10.478,6.374,1.00000,74.342
[SHELL] ccB:26,18929,1,-34.450,24.764,9.686,20.119,67.616,79.881,19.517,80.483,64.255
[SHELL] ccA:27,2330912719,418948,11.055,39.210,0.000,35.000,1.49210,1.83402,15.77,-10.710,24.965,-10.710,24.965,-10.489,6.370,1.00000,73.902
[SHELL] ccB:27,18969,1,-38.220,31.324,6.896,18.500,42.039,81.500,20.119,67.616,79.881
[SHELL] ccA:28,2331132619,418949,14.613,32.685,0.000,35.000,1.93976,2.28186,15.77,-10.796,25.098,-10.796,25.098,-10.504,6.372,1.00000,74.342
[SHELL] ccB:28,18919,1,-35.755,19.472,16.283,25.849,21.390,78.610,18.500,42.039,81.500
[SHELL] ccA:29,2331352483,418950,-6.621,34.898,0.000,35.000,2.39057,2.73284,15.60,-10.365,25.054,-10.365,25.054,-10.497,6.372,1.00000,74.342
[SHELL] ccB:29,18851,1,-18.974,-16.518,35.492,49.098,18.420,81.580,25.849,21.390,78.610
[SHELL] ccA:30,2331572495,418951,-10.317,34.219,0.000,35.000,2.85028,3.19254,15.60,-10.280,25.068,-10.280,25.068,-10.487,6.373,1.00000,74.342
[SHELL] ccB:30,18857,1,0.054,-30.979,30.925,73.292,21.446,78.554,49.098,18.420,81.580
[SHELL] ccA:31,2331792503,418952,-2.988,32.918,0.000,35.000,3.29187,3.63414,15.60,-10.424,25.096,-10.424,25.096,-10.484,6.375,1.00000,74.342
[SHELL] ccB:31,18861,1,7.883,-31.740,23.858,81.247,18.753,58.788,73.292,21.446,78.554
[SHELL] ctrlcap v1 armed=0 count=512 clock_hz=550000000 decimation=1
[SHELL] ccA:index,cycles,seq,id,iq,idref,iqref,theta,actangle,age_us,vdreq,vqreq,vd,vq,intd,intq,scale,bus
[SHELL] ccB:index,timer,valid,ia,ib,ic,du,dv,dw,active_u,active_v,active_w
[SHELL] ccA:32,2332012463,418953,10.086,37.577,0.000,35.000,3.74530,4.08759,15.60,-10.696,25.000,-10.696,25.000,-10.494,6.372,1.00000,74.342
[SHELL] ccB:32,18841,1,13.029,-38.264,25.235,80.233,19.767,33.626,81.247,18.753,58.788
[SHELL] ccA:33,2332232599,418954,7.890,32.244,0.000,35.000,4.20611,4.54824,15.94,-10.659,25.110,-10.659,25.110,-10.502,6.375,1.00000,74.342
[SHELL] ccB:33,18909,1,24.373,-31.704,7.330,80.484,34.457,19.516,80.233,19.767,33.626
[SHELL] ccA:34,2332452595,418955,-9.400,31.359,0.000,35.000,4.64614,4.98828,15.94,-10.304,25.131,-10.304,25.131,-10.492,6.379,1.00000,74.342
[SHELL] ccB:34,18907,1,31.912,-9.631,-22.281,81.325,57.724,18.675,80.484,34.457,19.516
[SHELL] ccA:35,2332672587,418956,-15.593,29.501,0.000,35.000,5.09924,5.44261,15.63,-10.165,25.251,-10.165,25.251,-10.477,6.384,1.00000,74.342
[SHELL] ccB:35,18903,1,21.438,11.426,-32.864,74.277,78.443,21.557,81.325,57.724,18.675
[SHELL] ccA:36,2332892551,418957,-1.173,38.318,0.000,35.000,5.55494,5.89832,15.57,-10.452,25.071,-10.452,25.071,-10.476,6.381,1.00000,74.342
[SHELL] ccB:36,18885,1,24.627,13.130,-37.757,49.445,81.641,18.359,74.277,78.443,21.557
[SHELL] ccA:37,2333112451,418958,17.041,40.142,0.000,35.000,6.00047,0.06099,15.57,-10.833,25.029,-10.833,25.029,-10.493,6.376,1.00000,74.342
[SHELL] ccB:37,18835,1,27.563,15.486,-43.048,25.104,78.334,21.666,49.445,81.641,18.359
[SHELL] ccA:38,2333332303,418959,0.528,33.420,0.000,35.000,0.18303,0.52680,15.50,-10.504,25.165,-10.504,25.165,-10.493,6.377,1.00000,74.342
[SHELL] ccB:38,18761,1,-5.564,31.324,-25.760,18.481,81.519,43.140,25.104,78.334,21.666
[SHELL] ccA:39,2333552547,418960,-18.302,32.198,0.000,35.000,0.63744,0.98124,15.47,-10.109,25.193,-10.109,25.193,-10.475,6.380,1.00000,74.342
[SHELL] ccB:39,18883,1,-33.870,29.911,3.960,19.940,80.060,67.002,18.481,81.519,43.140
[SHELL] ccA:40,2333772731,418961,-15.953,33.679,0.000,35.000,1.07110,1.41455,15.84,-10.140,25.164,-10.140,25.164,-10.459,6.381,1.00000,74.342
[SHELL] ccB:40,18975,1,-37.205,20.451,16.754,19.777,66.010,80.223,19.940,80.060,67.002
[SHELL] ccA:41,2333992823,418962,2.988,42.664,0.000,35.000,1.52794,1.87117,15.84,-10.522,24.977,-10.522,24.977,-10.462,6.374,1.00000,74.342
[SHELL] ccB:41,19021,1,-42.496,25.416,17.080,18.912,40.454,81.088,19.777,66.010,80.223
[SHELL] ccA:42,2334212755,418963,12.403,35.669,0.000,35.000,1.98644,2.32976,15.84,-10.722,25.116,-10.722,25.116,-10.474,6.373,1.00000,74.342
[SHELL] ccB:42,18987,1,-37.640,16.174,21.466,28.119,20.803,79.197,18.912,40.454,81.088
[SHELL] ccA:43,2334432831,418964,-4.900,34.010,0.000,35.000,2.43361,2.77688,15.68,-10.371,25.150,-10.371,25.150,-10.469,6.374,1.00000,74.342
[SHELL] ccB:43,19025,1,-18.394,-15.938,34.332,51.450,18.319,81.681,28.119,20.803,79.197
[SHELL] ccA:44,2334652163,418965,-13.770,32.260,0.000,35.000,2.88174,3.22538,15.28,-10.180,25.188,-10.180,25.188,-10.456,6.377,1.00000,74.342
[SHELL] ccB:44,18691,1,5.019,-32.574,27.555,74.722,21.753,78.247,51.450,18.319,81.681
[SHELL] ccA:45,2334872155,418966,-4.655,33.850,0.000,35.000,3.33828,3.68202,15.28,-10.358,25.157,-10.358,25.157,-10.451,6.378,1.00000,74.342
[SHELL] ccB:45,18687,1,11.181,-33.552,22.372,81.479,18.520,56.364,74.722,21.753,78.247
[SHELL] ccA:46,2335092071,418967,11.295,38.483,0.000,35.000,3.78676,4.13074,15.28,-10.688,25.061,-10.688,25.061,-10.462,6.374,1.00000,74.342
[SHELL] ccB:46,18645,1,14.116,-39.569,25.452,79.868,20.132,31.404,81.479,18.520,56.364
[SHELL] ccA:47,2335312103,418968,4.116,33.615,0.000,35.000,4.23858,4.58253,15.31,-10.549,25.160,-10.549,25.160,-10.466,6.376,1.00000,74.342
[SHELL] ccB:47,18661,1,28.034,-30.472,2.438,80.742,36.037,19.258,79.868,20.132,31.404
[SHELL] ctrlcap v1 armed=0 count=512 clock_hz=550000000 decimation=1
[SHELL] ccA:index,cycles,seq,id,iq,idref,iqref,theta,actangle,age_us,vdreq,vqreq,vd,vq,intd,intq,scale,bus
[SHELL] ccB:index,timer,valid,ia,ib,ic,du,dv,dw,active_u,active_v,active_w
[SHELL] ccA:48,2335532083,418969,-11.377,32.456,0.000,35.000,4.68245,5.02642,15.31,-10.227,25.186,-10.227,25.186,-10.455,6.378,1.00000,74.342
[SHELL] ccB:48,18651,1,32.782,-7.384,-25.398,81.176,59.612,18.824,80.742,36.037,19.258
[SHELL] ccA:49,2335752123,418970,-15.291,29.382,0.000,35.000,5.13058,5.47443,15.31,-10.134,25.253,-10.134,25.253,-10.440,6.384,1.00000,74.342
[SHELL] ccB:49,18671,1,20.640,12.115,-32.755,72.744,78.850,21.150,81.176,59.612,18.824
[SHELL] ccA:50,2335972083,418971,1.290,38.265,0.000,35.000,5.59065,5.93462,15.31,-10.467,25.072,-10.467,25.072,-10.441,6.381,1.00000,74.342
[SHELL] ccB:50,18651,1,25.425,12.079,-37.503,47.430,81.615,18.385,72.744,78.850,21.150
[SHELL] ccA:51,2336192215,418972,18.637,39.404,0.000,35.000,6.02855,0.08922,15.32,-10.832,25.045,-10.832,25.045,-10.460,6.376,1.00000,74.342
[SHELL] ccB:51,18717,1,27.962,14.978,-42.940,23.728,77.935,22.065,47.430,81.615,18.385
[SHELL] ccA:52,2336412239,418973,0.593,33.576,0.000,35.000,0.19726,0.54089,15.36,-10.472,25.163,-10.472,25.163,-10.460,6.378,1.00000,74.342
[SHELL] ccB:52,18729,1,-5.999,31.614,-25.615,18.449,81.551,43.857,23.728,77.935,22.065
[SHELL] ccA:53,2336632343,418974,-12.010,33.288,0.000,35.000,0.64793,0.99195,15.25,-10.208,25.170,-10.208,25.170,-10.448,6.379,1.00000,74.342
[SHELL] ccB:53,18781,1,-29.666,31.542,-1.875,20.067,79.933,67.761,18.449,81.551,43.857
[SHELL] ccA:54,2336852603,418975,-3.674,35.506,0.000,35.000,1.10137,1.44473,15.63,-10.371,25.125,-10.371,25.125,-10.444,6.379,1.00000,74.342
[SHELL] ccB:54,18911,1,-33.327,27.736,5.591,19.385,64.004,80.615,20.067,79.933,67.761
[SHELL] ccA:55,2337072647,418976,14.173,38.692,0.000,35.000,1.54597,1.88928,15.63,-10.742,25.058,-10.742,25.058,-10.459,6.375,1.00000,74.342
[SHELL] ccB:55,18933,1,-38.328,32.266,6.062,18.873,39.078,81.127,19.385,64.004,80.615
[SHELL] ccA:56,2337292555,418977,15.751,31.797,0.000,35.000,1.99770,2.34129,15.71,-10.789,25.199,-10.789,25.199,-10.474,6.378,1.00000,74.342
[SHELL] ccB:56,18887,1,-35.465,18.747,16.718,28.678,20.536,79.464,18.873,39.078,81.127
[SHELL] ccA:57,2337512435,418978,0.230,36.484,0.000,35.000,2.44917,2.79290,15.55,-10.479,25.104,-10.479,25.104,-10.475,6.377,1.00000,74.342
[SHELL] ccB:57,18827,1,-23.468,-12.458,35.927,52.565,18.345,81.655,28.678,20.536,79.464
[SHELL] ccA:58,2337732435,418979,-3.953,35.379,0.000,35.000,2.88369,3.22742,15.55,-10.392,25.126,-10.392,25.126,-10.471,6.377,1.00000,73.902
[SHELL] ccB:58,18827,1,-5.202,-27.898,33.100,75.386,21.709,78.291,52.565,18.345,81.655
[SHELL] ccA:59,2337952443,418980,12.670,37.217,0.000,35.000,3.35283,3.69655,15.55,-10.737,25.087,-10.737,25.087,-10.483,6.374,1.00000,74.342
[SHELL] ccB:59,18831,1,-4.585,-31.523,36.108,81.665,18.335,54.830,75.386,21.709,78.291
[SHELL] ccA:60,2338172415,418981,26.796,39.956,0.000,35.000,3.80509,4.14882,15.55,-11.046,25.027,-11.046,25.027,-10.510,6.369,1.00000,74.782
[SHELL] ccB:60,18817,1,3.497,-43.302,39.805,79.471,20.529,29.867,81.665,18.335,54.830
[SHELL] ccA:61,2338392459,418982,13.552,31.670,0.000,35.000,4.25725,4.60087,15.57,-10.795,25.196,-10.795,25.196,-10.524,6.373,1.00000,74.782
[SHELL] ccB:61,18839,1,22.489,-33.842,11.354,80.905,37.447,19.095,79.471,20.529,29.867
[SHELL] ccA:62,2338612535,418983,-3.792,29.442,0.000,35.000,4.71080,5.05422,15.57,-10.444,25.246,-10.444,25.246,-10.520,6.378,1.00000,74.342
[SHELL] ccB:62,18877,1,29.448,-11.480,-17.968,81.125,61.518,18.875,80.905,37.447,19.095
[SHELL] ccA:63,2338832491,418984,-8.015,29.805,0.000,35.000,5.15662,5.50013,15.57,-10.352,25.244,-10.352,25.244,-10.512,6.383,1.00000,74.342
[SHELL] ccB:63,18855,1,23.467,5.627,-29.095,71.129,79.350,20.650,81.125,61.518,18.875
[SHELL] ctrlcap v1 armed=0 count=512 clock_hz=550000000 decimation=1
[SHELL] ccA:index,cycles,seq,id,iq,idref,iqref,theta,actangle,age_us,vdreq,vqreq,vd,vq,intd,intq,scale,bus
[SHELL] ccB:index,timer,valid,ia,ib,ic,du,dv,dw,active_u,active_v,active_w
[SHELL] ccA:64,2339052435,418985,9.822,40.296,0.000,35.000,5.60941,5.95311,15.52,-10.718,25.029,-10.718,25.029,-10.522,6.378,1.00000,74.782
[SHELL] ccB:64,18827,1,32.818,5.555,-38.373,45.933,81.443,18.557,71.129,79.350,20.650
[SHELL] ccA:65,2339272331,418986,32.978,43.606,0.000,35.000,6.07036,0.13093,15.52,-11.214,24.954,-11.214,24.954,-10.555,6.370,1.00000,74.342
[SHELL] ccB:65,18775,1,41.444,10.158,-51.602,21.939,78.061,23.831,45.933,81.443,18.557
[SHELL] ccA:66,2339492255,418987,4.438,32.118,0.000,35.000,0.22857,0.57235,15.43,-10.648,25.187,-10.648,25.187,-10.559,6.372,1.00000,74.782
[SHELL] ccB:66,18737,1,-2.954,29.439,-26.485,18.421,81.579,45.897,21.939,78.061,23.831
[SHELL] ccA:67,2339712371,418988,-11.426,31.735,0.000,35.000,0.69006,1.03400,15.32,-10.319,25.198,-10.319,25.198,-10.548,6.376,1.00000,74.782
[SHELL] ccB:67,18795,1,-29.014,29.403,-0.389,20.664,79.336,70.030,18.421,81.579,45.897
[SHELL] ccA:68,2339932675,418989,-2.782,34.460,0.000,35.000,1.13863,1.48199,15.70,-10.489,25.144,-10.489,25.144,-10.545,6.376,1.00000,74.782
[SHELL] ccB:68,18947,1,-32.457,26.540,5.917,19.191,61.775,80.809,20.664,79.336,70.030
[SHELL] ccA:69,2340152595,418990,16.155,39.685,0.000,35.000,1.59285,1.93637,15.70,-10.884,25.034,-10.884,25.034,-10.561,6.372,1.00000,74.782
[SHELL] ccB:69,18907,1,-40.032,33.245,6.787,19.386,36.343,80.614,19.191,61.775,80.809
[SHELL] ccA:70,2340372519,418991,13.282,30.162,0.000,35.000,2.04849,2.39201,15.65,-10.840,25.230,-10.840,25.230,-10.574,6.376,1.00000,74.782
[SHELL] ccB:70,18869,1,-32.892,14.652,18.240,31.435,20.060,79.940,19.386,36.343,80.614
[SHELL] ccA:71,2340592523,418992,-4.797,33.642,0.000,35.000,2.50360,2.84707,15.59,-10.474,25.161,-10.474,25.161,-10.570,6.378,1.00000,74.782
[SHELL] ccB:71,18871,1,-16.183,-17.786,33.970,55.453,18.595,81.405,31.435,20.060,79.940
[SHELL] ccA:72,2340812523,418993,-9.436,32.818,0.000,35.000,2.95354,3.29700,15.59,-10.371,25.180,-10.371,25.180,-10.560,6.380,1.00000,74.782
[SHELL] ccB:72,18871,1,3.135,-31.015,27.881,77.660,22.340,76.240,55.453,18.595,81.405
[SHELL] ccA:73,2341032483,418994,2.099,35.118,0.000,35.000,3.40934,3.75304,15.59,-10.604,25.134,-10.604,25.134,-10.562,6.380,1.00000,74.782
[SHELL] ccB:73,18851,1,7.266,-33.444,26.177,81.571,18.429,51.997,77.660,22.340,76.240
[SHELL] ccA:74,2341252483,418995,16.603,36.087,0.000,35.000,3.86478,4.20846,15.61,-10.911,25.114,-10.911,25.114,-10.579,6.379,1.00000,74.782
[SHELL] ccB:74,18851,1,11.434,-38.663,27.228,78.829,21.171,27.128,81.571,18.429,51.997
[SHELL] ccA:75,2341472495,418996,3.405,33.346,0.000,35.000,4.31840,4.66206,15.64,-10.650,25.170,-10.650,25.170,-10.582,6.380,1.00000,74.782
[SHELL] ccB:75,18857,1,29.484,-28.551,-0.933,81.175,40.529,18.825,78.829,21.171,27.128
[SHELL] ccA:76,2341692511,418997,-12.679,31.292,0.000,35.000,4.77823,5.12187,15.64,-10.316,25.215,-10.316,25.215,-10.570,6.384,1.00000,74.782
[SHELL] ccB:76,18865,1,30.390,-2.455,-27.935,80.371,64.798,19.629,81.175,40.529,18.825
[SHELL] ccA:77,2341912599,418998,-16.089,31.018,0.000,35.000,5.22822,5.57153,15.64,-10.232,25.224,-10.232,25.224,-10.553,6.388,1.00000,74.782
[SHELL] ccB:77,18909,1,19.046,15.848,-34.894,67.502,79.860,20.140,80.371,64.798,19.629
[SHELL] ccA:78,2342132471,418999,-1.102,41.177,0.000,35.000,5.67680,6.02046,15.58,-10.530,25.015,-10.530,25.015,-10.552,6.382,1.00000,74.782
[SHELL] ccB:78,18845,1,22.561,18.566,-41.128,42.634,81.142,18.858,67.502,79.860,20.140
[SHELL] ccA:79,2342352495,419000,12.444,38.360,0.000,35.000,6.13235,0.19259,15.58,-10.814,25.068,-10.814,25.068,-10.565,6.379,1.00000,74.782
[SHELL] ccB:79,18857,1,18.067,22.191,-40.258,21.495,78.505,26.312,42.634,81.142,18.858
[SHELL] ctrlcap v1 armed=0 count=512 clock_hz=550000000 decimation=1
[SHELL] ccA:index,cycles,seq,id,iq,idref,iqref,theta,actangle,age_us,vdreq,vqreq,vd,vq,intd,intq,scale,bus
[SHELL] ccB:index,timer,valid,ia,ib,ic,du,dv,dw,active_u,active_v,active_w
[SHELL] ccA:80,2342572275,419001,-5.715,32.978,0.000,35.000,0.30121,0.64503,15.46,-10.445,25.178,-10.445,25.178,-10.559,6.381,1.00000,74.782
[SHELL] ccB:80,18747,1,-15.241,33.426,-18.185,18.434,81.566,49.512,21.495,78.505,26.312
[SHELL] ccA:81,2342792531,419002,-15.245,30.778,0.000,35.000,0.74974,1.09340,15.40,-10.239,25.226,-10.239,25.226,-10.544,6.385,1.00000,74.782
[SHELL] ccB:81,18875,1,-32.131,26.576,5.555,21.366,78.634,72.853,18.434,81.566,49.512
[SHELL] ccA:82,2343012731,419003,-6.779,32.891,0.000,35.000,1.20608,1.54936,15.78,-10.401,25.186,-10.401,25.186,-10.537,6.387,1.00000,74.782
[SHELL] ccB:82,18975,1,-33.146,21.248,11.897,18.814,58.350,81.186,21.366,78.634,72.853
[SHELL] ccA:83,2343232755,419004,10.256,36.817,0.000,35.000,1.65243,1.99561,15.78,-10.752,25.105,-10.752,25.105,-10.547,6.385,1.00000,74.782
[SHELL] ccB:83,18987,1,-37.531,25.018,12.513,19.840,33.504,80.160,18.814,58.350,81.186
[SHELL] ccA:84,2343452671,419005,2.908,32.307,0.000,35.000,2.10895,2.45218,15.73,-10.608,25.198,-10.608,25.198,-10.550,6.388,1.00000,74.342
[SHELL] ccB:84,18945,1,-29.231,2.438,26.793,34.176,19.489,80.511,19.840,33.504,80.160
[SHELL] ccA:85,2343672515,419006,-11.832,33.960,0.000,35.000,2.54900,2.89407,15.61,-10.302,25.243,-10.302,25.243,-10.538,6.389,1.00000,74.782
[SHELL] ccB:85,18867,1,-9.152,-25.542,34.695,57.629,18.735,81.265,34.176,19.489,80.511
[SHELL] ccA:86,2343892519,419007,-8.499,34.352,0.000,35.000,3.00317,3.34823,15.61,-10.360,25.235,-10.360,25.235,-10.530,6.389,1.00000,74.782
[SHELL] ccB:86,18869,1,3.678,-32.320,28.642,78.432,21.568,73.850,57.629,18.735,81.265
[SHELL] ccA:87,2344112507,419008,10.548,39.872,0.000,35.000,3.46395,3.80901,15.61,-10.751,25.120,-10.751,25.120,-10.540,6.385,1.00000,74.782
[SHELL] ccB:87,18863,1,2.627,-36.959,34.332,81.634,18.366,48.650,78.432,21.568,73.850
[SHELL] ccA:88,2344332467,419009,19.972,37.316,0.000,35.000,3.91459,4.25969,15.61,-10.960,25.169,-10.960,25.169,-10.560,6.382,1.00000,74.782
[SHELL] ccB:88,18843,1,11.761,-41.091,29.330,78.175,21.825,24.495,81.634,18.366,48.650
[SHELL] ccA:89,2344552543,419010,0.150,31.986,0.000,35.000,4.36859,4.71351,15.64,-10.564,25.279,-10.564,25.279,-10.561,6.385,1.00000,74.342
[SHELL] ccB:89,18881,1,30.064,-24.491,-5.572,81.660,43.018,18.340,78.175,21.825,24.495
[SHELL] ccA:90,2344772607,419011,-14.685,30.484,0.000,35.000,4.81841,5.16316,15.64,-10.252,25.313,-10.252,25.313,-10.546,6.390,1.00000,74.782
[SHELL] ccB:90,18913,1,28.759,1.060,-29.819,80.101,66.815,19.899,81.660,43.018,18.340
[SHELL] ccA:91,2344992503,419012,-12.820,31.644,0.000,35.000,5.26891,5.61397,15.64,-10.277,25.293,-10.277,25.293,-10.533,6.393,1.00000,74.782
[SHELL] ccB:91,18861,1,20.097,13.855,-33.951,65.307,80.357,19.643,80.101,66.815,19.899
[SHELL] ccA:92,2345212567,419013,8.080,43.443,0.000,35.000,5.72330,6.06812,15.58,-10.703,25.049,-10.703,25.049,-10.541,6.385,1.00000,74.782
[SHELL] ccB:92,18893,1,29.919,13.202,-43.121,39.749,80.985,19.015,65.307,80.357,19.643
[SHELL] ccA:93,2345432507,419014,17.470,37.049,0.000,35.000,6.17300,0.23456,15.58,-10.908,25.175,-10.908,25.175,-10.559,6.383,1.00000,74.342
[SHELL] ccB:93,18863,1,21.438,19.509,-40.946,20.609,79.391,28.250,39.749,80.985,19.015
[SHELL] ccA:94,2345652287,419015,-1.021,34.623,0.000,35.000,0.33932,0.68451,15.45,-10.537,25.224,-10.537,25.224,-10.558,6.383,1.00000,74.342
[SHELL] ccB:94,18753,1,-12.487,34.224,-21.737,18.173,81.827,51.821,20.609,79.391,28.250
[SHELL] ccA:95,2345872683,419016,-12.695,33.941,0.000,35.000,0.79676,1.14163,15.83,-10.291,25.238,-10.291,25.238,-10.545,6.384,1.00000,74.342
[SHELL] ccB:95,18951,1,-33.146,29.258,3.887,21.861,78.139,75.474,18.173,81.827,51.821
[SHELL] ctrlcap v1 armed=0 count=512 clock_hz=550000000 decimation=1
[SHELL] ccA:index,cycles,seq,id,iq,idref,iqref,theta,actangle,age_us,vdreq,vqreq,vd,vq,intd,intq,scale,bus
[SHELL] ccB:index,timer,valid,ia,ib,ic,du,dv,dw,active_u,active_v,active_w
[SHELL] ccA:96,2346092643,419017,1.570,36.853,0.000,35.000,1.24791,1.59283,15.77,-10.578,25.178,-10.578,25.178,-10.546,6.382,1.00000,74.342
[SHELL] ccB:96,18931,1,-34.450,28.642,5.808,18.357,55.711,81.643,21.861,78.139,75.474
[SHELL] ccA:97,2346312627,419018,17.839,38.925,0.000,35.000,1.70599,2.05091,15.77,-10.921,25.133,-10.921,25.133,-10.564,6.378,1.00000,74.342
[SHELL] ccB:97,18923,1,-40.974,31.252,9.723,20.197,30.190,79.803,18.357,55.711,81.643
[SHELL] ccA:98,2346532575,419019,4.332,35.196,0.000,35.000,2.15831,2.50321,15.72,-10.655,25.207,-10.655,25.207,-10.569,6.378,1.00000,74.342
[SHELL] ccB:98,18897,1,-31.696,2.075,29.620,36.957,19.022,80.978,20.197,30.190,79.803
[SHELL] ccA:99,2346752531,419020,-10.790,37.543,0.000,35.000,2.61664,2.96161,15.61,-10.342,25.158,-10.342,25.158,-10.558,6.376,1.00000,74.342
[SHELL] ccB:99,18875,1,-9.478,-28.080,37.558,61.443,19.010,80.990,36.957,19.022,80.978
[SHELL] ccA:100,2346972595,419021,-9.067,35.022,0.000,35.000,3.06805,3.41279,15.60,-10.367,25.208,-10.367,25.208,-10.549,6.376,1.00000,74.342
[SHELL] ccB:100,18907,1,6.469,-34.060,27.591,79.418,20.582,70.696,61.443,19.010,80.990
[SHELL] ccA:101,2347192595,419022,5.628,38.623,0.000,35.000,3.53251,3.87725,15.60,-10.667,25.133,-10.667,25.133,-10.554,6.372,1.00000,74.342
[SHELL] ccB:101,18907,1,9.513,-37.539,28.026,81.677,18.323,45.057,79.418,20.582,70.696
[SHELL] ccA:102,2347412627,419023,11.731,34.863,0.000,35.000,3.97171,4.31638,15.68,-10.801,25.208,-10.801,25.208,-10.566,6.372,1.00000,74.342
[SHELL] ccB:102,18923,1,17.813,-36.778,18.965,77.807,22.756,22.193,81.677,18.323,45.057
[SHELL] ccA:103,2347632491,419024,-5.566,32.469,0.000,35.000,4.42354,4.76862,15.63,-10.449,25.258,-10.449,25.258,-10.561,6.375,1.00000,74.342
[SHELL] ccB:103,18855,1,32.710,-19.743,-12.966,81.753,45.861,18.247,77.807,22.756,22.193
[SHELL] ccA:104,2347852487,419025,-11.738,29.225,0.000,35.000,4.88773,5.23280,15.63,-10.314,25.329,-10.314,25.329,-10.549,6.380,1.00000,74.342
[SHELL] ccB:104,18853,1,26.729,1.060,-27.790,79.544,70.648,20.456,81.753,45.861,18.247
[SHELL] ccA:105,2348072503,419026,-10.888,32.305,0.000,35.000,5.33290,5.67792,15.63,-10.320,25.270,-10.320,25.270,-10.538,6.383,1.00000,74.342
[SHELL] ccB:105,18861,1,19.952,13.963,-33.915,61.887,81.049,18.951,79.544,70.648,20.456
[SHELL] ccA:106,2348292563,419027,5.924,41.075,0.000,35.000,5.79003,6.13484,15.57,-10.662,25.089,-10.662,25.089,-10.544,6.377,1.00000,74.342
[SHELL] ccB:106,18891,1,24.663,16.573,-41.236,36.205,80.741,19.259,61.887,81.049,18.951
[SHELL] ccA:107,2348512451,419028,9.159,34.943,0.000,35.000,6.25321,0.31483,15.57,-10.736,25.211,-10.736,25.211,-10.553,6.377,1.00000,74.342
[SHELL] ccB:107,18835,1,10.202,24.909,-35.111,19.799,80.201,32.095,36.205,80.741,19.259
[SHELL] ccA:108,2348732635,419029,-11.993,31.962,0.000,35.000,0.42865,0.77366,15.45,-10.301,25.274,-10.301,25.274,-10.541,6.380,1.00000,74.342
[SHELL] ccB:108,18927,1,-24.193,32.955,-8.762,18.411,81.589,56.236,19.799,80.201,32.095
[SHELL] ccA:109,2348952867,419030,-20.577,31.784,0.000,35.000,0.87103,1.21549,15.90,-10.109,25.281,-10.109,25.281,-10.520,6.383,1.00000,74.342
[SHELL] ccB:109,19043,1,-37.567,22.879,14.688,22.143,76.266,77.857,18.411,81.589,56.236
[SHELL] ccA:110,2349172727,419031,-7.313,37.310,0.000,35.000,1.32382,1.66867,15.84,-10.367,25.168,-10.367,25.168,-10.513,6.381,1.00000,74.342
[SHELL] ccB:110,18973,1,-37.966,20.741,17.225,18.311,51.921,81.689,22.143,76.266,77.857
[SHELL] ccA:111,2349392711,419032,12.121,37.197,0.000,35.000,1.78131,2.12615,15.84,-10.768,25.168,-10.768,25.168,-10.525,6.379,1.00000,73.902
[SHELL] ccB:111,18965,1,-38.908,22.988,15.920,20.922,26.534,79.078,18.311,51.921,81.689
[SHELL] ctrlcap v1 armed=0 count=512 clock_hz=550000000 decimation=1
[SHELL] ccA:index,cycles,seq,id,iq,idref,iqref,theta,actangle,age_us,vdreq,vqreq,vd,vq,intd,intq,scale,bus
[SHELL] ccB:index,timer,valid,ia,ib,ic,du,dv,dw,active_u,active_v,active_w
[SHELL] ccA:112,2349612631,419033,-2.943,32.208,0.000,35.000,2.23363,2.57855,15.79,-10.463,25.271,-10.463,25.271,-10.522,6.382,1.00000,73.902
[SHELL] ccB:112,18925,1,-23.577,-7.384,30.961,40.582,18.413,81.587,20.922,26.534,79.078
[SHELL] ccA:113,2349832251,419034,-16.922,33.908,0.000,35.000,2.67534,3.02020,15.51,-10.167,25.238,-10.167,25.238,-10.505,6.383,1.00000,74.342
[SHELL] ccB:113,18735,1,-0.127,-32.755,32.882,64.196,19.382,80.618,40.582,18.413,81.587
[SHELL] ccA:114,2350052071,419035,-10.835,33.933,0.000,35.000,3.13896,3.48434,15.28,-10.278,25.238,-10.278,25.238,-10.495,6.384,1.00000,74.342
[SHELL] ccB:114,18645,1,10.746,-34.785,24.039,80.156,19.844,67.177,64.196,19.382,80.618
[SHELL] ccA:115,2350272107,419036,7.086,39.046,0.000,35.000,3.59060,3.93592,15.28,-10.643,25.132,-10.643,25.132,-10.502,6.380,1.00000,73.902
[SHELL] ccB:115,18663,1,10.565,-38.409,27.844,81.635,18.365,41.846,80.156,19.844,67.177
[SHELL] ccA:116,2350492127,419037,11.121,33.426,0.000,35.000,4.03643,4.38166,15.31,-10.735,25.246,-10.735,25.246,-10.513,6.381,1.00000,73.902
[SHELL] ccB:116,18673,1,19.118,-35.183,16.065,78.916,25.667,21.084,81.635,18.365,41.846
[SHELL] ccA:117,2350712199,419038,-5.311,32.062,0.000,35.000,4.49671,4.84174,15.31,-10.401,25.276,-10.401,25.276,-10.507,6.384,1.00000,73.902
[SHELL] ccB:117,18709,1,32.456,-17.678,-14.778,82.030,49.786,17.970,78.916,25.667,21.084
[SHELL] ccA:118,2350932207,419039,-13.227,25.764,0.000,35.000,4.93941,5.28442,15.31,-10.230,25.411,-10.230,25.411,-10.494,6.393,1.00000,73.902
[SHELL] ccB:118,18713,1,22.126,5.120,-27.246,79.163,73.236,20.837,82.030,49.786,17.970
[SHELL] ccA:119,2351152179,419040,-10.660,31.731,0.000,35.000,5.39282,5.73790,15.31,-10.270,25.295,-10.270,25.295,-10.484,6.397,1.00000,73.902
[SHELL] ccB:119,18699,1,17.958,15.486,-33.444,58.807,81.586,18.414,79.163,73.236,20.837
[SHELL] ccA:120,2351372107,419041,14.000,42.294,0.000,35.000,5.84545,6.19078,15.31,-10.778,25.077,-10.778,25.077,-10.498,6.389,1.00000,73.902
[SHELL] ccB:120,18663,1,30.607,12.731,-43.338,32.914,80.426,19.574,58.807,81.586,18.414
[SHELL] ccA:121,2351592371,419042,12.757,35.860,0.000,35.000,0.01560,0.36050,15.58,-10.765,25.204,-10.765,25.204,-10.510,6.389,1.00000,73.902
[SHELL] ccB:121,18795,1,12.196,25.126,-37.322,19.160,80.840,34.465,32.914,80.426,19.574
[SHELL] ccA:122,2351812367,419043,-7.780,33.680,0.000,35.000,0.46492,0.81026,15.31,-10.347,25.249,-10.347,25.249,-10.503,6.390,1.00000,73.902
[SHELL] ccB:122,18793,1,-22.055,34.079,-12.024,18.392,81.608,58.385,19.160,80.840,34.465
[SHELL] ccA:123,2352032599,419044,-10.726,34.245,0.000,35.000,0.91853,1.26328,15.69,-10.277,25.239,-10.277,25.239,-10.492,6.391,1.00000,73.902
[SHELL] ccB:123,18909,1,-33.725,27.482,6.243,21.168,73.780,78.832,18.392,81.608,58.385
[SHELL] ccA:124,2352252511,419045,11.007,38.813,0.000,35.000,1.37140,1.71645,15.63,-10.723,25.144,-10.723,25.144,-10.503,6.387,1.00000,73.902
[SHELL] ccB:124,18865,1,-35.864,33.934,1.930,17.978,48.604,82.022,21.168,73.780,78.832
[SHELL] ccA:125,2352472579,419046,21.549,35.068,0.000,35.000,1.81769,2.16261,15.71,-10.955,25.218,-10.955,25.218,-10.524,6.387,1.00000,73.902
[SHELL] ccB:125,18899,1,-39.271,30.309,8.961,21.391,24.327,78.609,17.978,48.604,82.022
[SHELL] ccA:126,2352692499,419047,2.212,32.811,0.000,35.000,2.26743,2.61246,15.66,-10.571,25.266,-10.571,25.266,-10.527,6.389,1.00000,73.902
[SHELL] ccB:126,18859,1,-26.585,-3.470,30.055,42.635,18.188,81.812,21.391,24.327,78.609
[SHELL] ccA:127,2352912523,419048,-2.842,34.293,0.000,35.000,2.73128,3.07610,15.55,-10.467,25.237,-10.467,25.237,-10.524,6.390,1.00000,73.902
[SHELL] ccB:127,18871,1,-11.073,-22.679,33.752,67.847,19.687,80.313,42.635,18.188,81.812
[SHELL] ctrlcap v1 armed=0 count=512 clock_hz=550000000 decimation=1
[SHELL] ccA:index,cycles,seq,id,iq,idref,iqref,theta,actangle,age_us,vdreq,vqreq,vd,vq,intd,intq,scale,bus
[SHELL] ccB:index,timer,valid,ia,ib,ic,du,dv,dw,active_u,active_v,active_w
[SHELL] ccA:128,2353132539,419049,4.201,35.313,0.000,35.000,3.17273,3.51757,15.55,-10.612,25.216,-10.612,25.216,-10.528,6.389,1.00000,73.902
[SHELL] ccB:128,18879,1,-3.099,-29.131,32.230,80.874,19.126,64.965,67.847,19.687,80.313
[SHELL] ccA:129,2353352559,419050,22.833,40.365,0.000,35.000,3.64191,3.98688,15.87,-11.007,25.110,-11.007,25.110,-10.551,6.384,1.00000,73.902
[SHELL] ccB:129,18889,1,-0.671,-39.823,40.494,81.414,18.586,38.333,80.874,19.126,64.965
[SHELL] ccA:130,2353572431,419051,19.969,32.099,0.000,35.000,4.08804,4.43315,15.57,-10.970,25.278,-10.970,25.278,-10.571,6.387,1.00000,73.902
[SHELL] ccB:130,18825,1,14.370,-37.467,23.097,79.825,28.561,20.175,81.414,18.586,38.333
[SHELL] ccA:131,2353792427,419052,0.948,32.365,0.000,35.000,4.54127,4.88639,15.57,-10.591,25.275,-10.591,25.275,-10.572,6.390,1.00000,73.902
[SHELL] ccB:131,18823,1,31.731,-21.447,-10.284,82.078,52.624,17.922,79.825,28.561,20.175
[SHELL] ccA:132,2354012443,419053,-6.476,30.664,0.000,35.000,5.00269,5.34778,15.57,-10.436,25.314,-10.436,25.314,-10.565,6.394,1.00000,73.902
[SHELL] ccB:132,18831,1,27.527,-0.788,-26.739,78.115,76.781,21.885,82.078,52.624,17.922
[SHELL] ccA:133,2354232439,419054,4.280,35.979,0.000,35.000,5.45787,5.80297,15.57,-10.655,25.206,-10.655,25.206,-10.570,6.393,1.00000,73.902
[SHELL] ccB:133,18829,1,29.339,3.743,-33.081,54.455,81.966,18.034,78.115,76.781,21.885
[SHELL] ccA:134,2354452383,419055,22.451,44.453,0.000,35.000,5.90833,6.25351,15.52,-11.041,25.027,-11.041,25.027,-10.592,6.383,1.00000,74.342
[SHELL] ccB:134,18801,1,37.168,10.121,-47.289,29.231,79.524,20.476,54.455,81.966,18.034
[SHELL] ccA:135,2354672291,419056,10.310,33.434,0.000,35.000,0.07720,0.42378,15.49,-10.808,25.326,-10.808,25.326,-10.602,6.385,1.00000,73.902
[SHELL] ccB:135,18755,1,7.701,25.706,-33.408,18.510,81.490,37.801,29.231,79.524,20.476
[SHELL] ccA:136,2354892459,419057,-9.873,32.721,0.000,35.000,0.53637,0.88289,15.32,-10.395,25.342,-10.395,25.342,-10.592,6.387,1.00000,74.342
[SHELL] ccB:136,18839,1,-25.208,32.593,-7.385,18.895,81.105,62.328,18.510,81.490,37.801
[SHELL] ccA:137,2355112675,419058,-8.036,33.338,0.000,35.000,0.99266,1.33876,15.76,-10.424,25.332,-10.424,25.332,-10.584,6.389,1.00000,73.902
[SHELL] ccB:137,18947,1,-32.312,26.105,6.207,20.018,69.860,79.982,18.895,81.105,62.328
[SHELL] ccA:138,2355332643,419059,12.535,39.242,0.000,35.000,1.44028,1.78644,15.70,-10.848,25.209,-10.848,25.209,-10.597,6.385,1.00000,74.342
[SHELL] ccB:138,18931,1,-37.277,33.825,3.452,18.184,44.560,81.816,20.018,69.860,79.982
[SHELL] ccA:139,2355552551,419060,20.562,33.766,0.000,35.000,1.89793,2.24432,15.70,-11.029,25.320,-11.029,25.320,-10.617,6.386,1.00000,73.902
[SHELL] ccB:139,18885,1,-38.582,26.757,11.825,23.793,21.391,78.609,18.184,44.560,81.816
[SHELL] ccA:140,2355772475,419061,-0.459,33.173,0.000,35.000,2.35576,2.70221,15.65,-10.608,25.334,-10.608,25.334,-10.617,6.388,1.00000,74.342
[SHELL] ccB:140,18847,1,-23.142,-9.015,32.157,47.627,18.035,81.965,23.793,21.391,78.609
[SHELL] ccA:141,2355992439,419062,-9.226,33.806,0.000,35.000,2.80944,3.15595,15.59,-10.423,25.322,-10.423,25.322,-10.608,6.389,1.00000,73.902
[SHELL] ccB:141,18829,1,-2.302,-29.131,31.433,71.892,20.504,79.496,47.627,18.035,81.965
[SHELL] ccA:142,2356212599,419063,-2.440,33.993,0.000,35.000,3.26742,3.61382,15.91,-10.557,25.320,-10.557,25.320,-10.605,6.390,1.00000,74.342
[SHELL] ccB:142,18909,1,6.686,-32.284,25.597,81.440,18.560,59.907,71.892,20.504,79.496
[SHELL] ccA:143,2356432575,419064,13.099,39.564,0.000,35.000,3.72660,4.07275,15.61,-10.880,25.204,-10.880,25.204,-10.618,6.385,1.00000,73.902
[SHELL] ccB:143,18897,1,10.927,-40.294,29.367,80.813,19.187,33.987,81.440,18.560,59.907
[SHELL] ctrlcap v1 armed=0 count=512 clock_hz=550000000 decimation=1
[SHELL] ccA:index,cycles,seq,id,iq,idref,iqref,theta,actangle,age_us,vdreq,vqreq,vd,vq,intd,intq,scale,bus
[SHELL] ccB:index,timer,valid,ia,ib,ic,du,dv,dw,active_u,active_v,active_w
[SHELL] ccA:144,2356652503,419065,7.194,33.831,0.000,35.000,4.18153,4.52797,15.64,-10.770,25.320,-10.770,25.320,-10.626,6.387,1.00000,74.342
[SHELL] ccB:144,18861,1,25.533,-32.972,7.439,80.565,33.283,19.435,80.813,19.187,33.987
[SHELL] ccA:145,2356872511,419066,-7.827,34.558,0.000,35.000,4.64084,4.98728,15.64,-10.461,25.305,-10.461,25.305,-10.618,6.387,1.00000,74.342
[SHELL] ccB:145,18865,1,35.029,-12.893,-22.136,81.572,57.890,18.428,80.565,33.283,19.435
[SHELL] ccA:146,2357092499,419067,-15.392,31.088,0.000,35.000,5.09315,5.43960,15.64,-10.295,25.379,-10.295,25.379,-10.602,6.391,1.00000,74.342
[SHELL] ccB:146,18859,1,23.141,10.810,-33.951,74.444,78.613,21.387,81.572,57.890,18.428
[SHELL] ccA:147,2357312499,419068,-5.696,37.665,0.000,35.000,5.54340,5.88982,15.58,-10.483,25.245,-10.483,25.245,-10.597,6.388,1.00000,73.902
[SHELL] ccB:147,18859,1,21.184,16.827,-38.011,49.988,82.032,17.968,74.444,78.613,21.387
[SHELL] ccA:148,2357532543,419069,14.323,40.408,0.000,35.000,5.99841,0.06152,15.58,-10.897,25.184,-10.897,25.184,-10.611,6.383,1.00000,73.902
[SHELL] ccB:148,18881,1,25.098,17.551,-42.650,24.780,78.671,21.329,49.988,82.032,17.968
[SHELL] ccA:149,2357752379,419070,1.049,34.722,0.000,35.000,0.16049,0.50684,15.51,-10.633,25.298,-10.633,25.298,-10.612,6.383,1.00000,74.342
[SHELL] ccB:149,18799,1,-4.513,32.085,-27.572,18.356,81.644,42.138,24.780,78.671,21.329
[SHELL] ccA:150,2357972587,419071,-12.189,33.555,0.000,35.000,0.61974,0.96607,15.40,-10.356,25.323,-10.356,25.323,-10.600,6.385,1.00000,74.342
[SHELL] ccB:150,18903,1,-29.412,32.230,-2.818,19.620,80.380,66.686,18.356,81.644,42.138
[SHELL] ccA:151,2358192771,419072,-4.631,33.097,0.000,35.000,1.08286,1.42882,15.78,-10.503,25.334,-10.503,25.334,-10.595,6.386,1.00000,73.902
[SHELL] ccB:151,18995,1,-31.406,25.598,5.808,19.049,64.986,80.951,19.620,80.380,66.686
[SHELL] ccA:152,2358412663,419073,10.561,38.115,0.000,35.000,1.53197,1.87830,15.78,-10.817,25.231,-10.817,25.231,-10.606,6.383,1.00000,74.342
[SHELL] ccB:152,18941,1,-37.676,29.258,8.418,18.590,39.598,81.410,19.049,64.986,80.951
[SHELL] ccA:153,2358632631,419074,8.527,31.707,0.000,35.000,1.98512,2.33144,15.78,-10.785,25.362,-10.785,25.362,-10.614,6.387,1.00000,73.902
[SHELL] ccB:153,18925,1,-32.457,11.934,20.523,27.801,20.356,79.644,18.590,39.598,81.410
[SHELL] ccA:154,2358852499,419075,-8.617,35.032,0.000,35.000,2.44196,2.78844,15.61,-10.433,25.296,-10.433,25.296,-10.606,6.387,1.00000,73.902
[SHELL] ccB:154,18859,1,-15.966,-20.033,35.999,52.113,17.958,82.042,27.801,20.356,79.644
[SHELL] ccA:155,2359072511,419076,-10.451,32.997,0.000,35.000,2.89614,3.24260,15.61,-10.386,25.338,-10.386,25.338,-10.595,6.389,1.00000,73.902
[SHELL] ccB:155,18865,1,2.120,-30.979,28.859,76.160,21.686,78.314,52.113,17.958,82.042
[SHELL] ccA:156,2359292543,419077,-0.411,35.488,0.000,35.000,3.34769,3.69404,15.61,-10.587,25.288,-10.587,25.288,-10.595,6.388,1.00000,73.902
[SHELL] ccB:156,18881,1,7.665,-33.842,26.177,81.971,18.029,55.460,76.160,21.686,78.314
[SHELL] ccA:157,2359512511,419078,14.871,40.684,0.000,35.000,3.80107,4.14747,15.61,-10.907,25.178,-10.907,25.178,-10.610,6.382,1.00000,73.902
[SHELL] ccB:157,18865,1,13.174,-42.323,29.149,80.008,19.992,29.991,81.971,18.029,55.460
[SHELL] ccA:158,2359732507,419079,8.338,35.618,0.000,35.000,4.24622,4.59266,15.64,-10.785,25.279,-10.785,25.279,-10.618,6.382,1.00000,73.902
[SHELL] ccB:158,18863,1,28.070,-34.350,6.279,81.283,36.736,18.717,80.008,19.992,29.991
[SHELL] ccA:159,2359952579,419080,-6.707,33.381,0.000,35.000,4.71520,5.06146,15.64,-10.477,25.325,-10.477,25.325,-10.611,6.383,1.00000,73.902
[SHELL] ccB:159,18899,1,33.362,-10.791,-22.571,81.359,62.017,18.641,81.283,36.736,18.717
[SHELL] ctrlcap v1 armed=0 count=512 clock_hz=550000000 decimation=1
[SHELL] ccA:index,cycles,seq,id,iq,idref,iqref,theta,actangle,age_us,vdreq,vqreq,vd,vq,intd,intq,scale,bus
[SHELL] ccB:index,timer,valid,ia,ib,ic,du,dv,dw,active_u,active_v,active_w
[SHELL] ccA:160,2360172491,419081,-9.872,31.587,0.000,35.000,5.16207,5.50853,15.64,-10.404,25.365,-10.404,25.365,-10.602,6.387,1.00000,73.902
[SHELL] ccB:160,18855,1,24.156,7.512,-31.668,70.919,79.771,20.229,81.359,62.017,18.641
[SHELL] ccA:161,2360392455,419082,2.910,42.502,0.000,35.000,5.61854,5.96506,15.58,-10.663,25.139,-10.663,25.139,-10.604,6.379,1.00000,73.902
[SHELL] ccB:161,18837,1,28.505,13.166,-41.671,45.404,81.889,18.111,70.919,79.771,20.229
[SHELL] ccA:162,2360612391,419083,20.193,40.276,0.000,35.000,6.07222,0.13555,15.58,-11.028,25.178,-11.028,25.178,-10.625,6.374,1.00000,73.902
[SHELL] ccB:162,18805,1,28.179,16.355,-44.534,21.713,78.287,23.311,45.404,81.889,18.111
[SHELL] ccA:163,2360832291,419084,0.579,34.224,0.000,35.000,0.24061,0.58721,15.50,-10.637,25.300,-10.637,25.300,-10.625,6.375,1.00000,73.902
[SHELL] ccB:163,18755,1,-7.594,32.701,-25.108,17.900,82.100,46.548,21.713,78.287,23.311
[SHELL] ccA:164,2361052511,419085,-12.463,32.784,0.000,35.000,0.70382,1.05027,15.39,-10.363,25.331,-10.363,25.331,-10.613,6.377,1.00000,73.902
[SHELL] ccB:164,18865,1,-30.717,30.019,0.698,20.353,79.647,71.193,17.900,82.100,46.548
[SHELL] ccA:165,2361272647,419086,-3.354,34.010,0.000,35.000,1.15749,1.50381,15.77,-10.542,25.307,-10.542,25.307,-10.609,6.378,1.00000,73.902
[SHELL] ccB:165,18933,1,-32.493,25.416,7.077,18.487,60.830,81.513,20.353,79.647,71.193
[SHELL] ccA:166,2361492687,419087,12.818,39.115,0.000,35.000,1.61412,1.96033,15.77,-10.879,25.201,-10.879,25.201,-10.622,6.374,1.00000,73.902
[SHELL] ccB:166,18953,1,-39.633,29.439,10.194,19.029,34.955,80.971,18.487,60.830,81.513
[SHELL] ccA:167,2361712639,419088,8.659,34.226,0.000,35.000,2.07386,2.41993,15.72,-10.804,25.300,-10.804,25.300,-10.631,6.375,1.00000,73.902
[SHELL] ccB:167,18929,1,-34.160,9.360,24.800,32.538,19.379,80.621,19.029,34.955,80.971
[SHELL] ccA:168,2361932599,419089,-9.239,37.779,0.000,35.000,2.52025,2.86639,15.60,-10.437,25.226,-10.437,25.226,-10.622,6.372,1.00000,73.902
[SHELL] ccB:168,18909,1,-14.480,-24.020,38.500,56.473,18.228,81.772,32.538,19.379,80.621
[SHELL] ccA:169,2362152583,419090,-9.339,35.358,0.000,35.000,2.98312,3.32927,15.60,-10.425,25.274,-10.425,25.274,-10.612,6.372,1.00000,73.902
[SHELL] ccB:169,18901,1,3.642,-33.335,29.693,78.589,21.411,75.047,56.473,18.228,81.772
[SHELL] ccA:170,2362372507,419091,6.613,38.379,0.000,35.000,3.44804,3.79451,15.60,-10.751,25.210,-10.751,25.210,-10.619,6.368,1.00000,73.902
[SHELL] ccB:170,18863,1,5.273,-36.053,30.780,82.116,17.884,49.509,78.589,21.411,75.047
[SHELL] ccA:171,2362592531,419092,14.081,36.153,0.000,35.000,3.88840,4.23482,15.60,-10.915,25.254,-10.915,25.254,-10.633,6.367,1.00000,73.902
[SHELL] ccB:171,18875,1,14.225,-38.373,24.148,78.974,21.026,25.512,82.116,17.884,49.509
[SHELL] ccA:172,2362812591,419093,-0.807,32.056,0.000,35.000,4.34516,4.69129,15.63,-10.616,25.339,-10.616,25.339,-10.632,6.370,1.00000,73.902
[SHELL] ccB:172,18905,1,30.209,-24.419,-5.790,81.842,41.780,18.158,78.974,21.026,25.512
[SHELL] ccA:173,2363032491,419094,-10.878,30.645,0.000,35.000,4.80142,5.14789,15.63,-10.404,25.371,-10.404,25.371,-10.621,6.374,1.00000,73.902
[SHELL] ccB:173,18855,1,29.556,-3.035,-26.521,80.689,66.504,19.311,81.842,41.780,18.158
[SHELL] ccA:174,2363252503,419095,-11.319,31.363,0.000,35.000,5.25682,5.60324,15.63,-10.384,25.360,-10.384,25.360,-10.610,6.378,1.00000,73.902
[SHELL] ccB:174,18861,1,20.967,11.970,-32.936,65.976,80.760,19.240,80.689,66.504,19.311
[SHELL] ccA:175,2363472547,419096,6.189,42.070,0.000,35.000,5.71393,6.06023,15.57,-10.740,25.139,-10.740,25.139,-10.616,6.371,1.00000,73.902
[SHELL] ccB:175,18883,1,27.889,13.855,-41.744,40.023,81.513,18.487,65.976,80.760,19.240
[SHELL] ctrlcap v1 armed=0 count=512 clock_hz=550000000 decimation=1
[SHELL] ccA:index,cycles,seq,id,iq,idref,iqref,theta,actangle,age_us,vdreq,vqreq,vd,vq,intd,intq,scale,bus
[SHELL] ccB:index,timer,valid,ia,ib,ic,du,dv,dw,active_u,active_v,active_w
[SHELL] ccA:176,2363692491,419097,13.877,37.043,0.000,35.000,6.17347,0.23648,15.57,-10.908,25.238,-10.908,25.238,-10.630,6.369,1.00000,73.902
[SHELL] ccB:176,18855,1,17.850,21.647,-39.497,20.359,79.641,28.126,40.023,81.513,18.487
[SHELL] ccA:177,2363912399,419098,-6.983,33.707,0.000,35.000,0.35202,0.69830,15.45,-10.483,25.306,-10.483,25.306,-10.623,6.370,1.00000,73.902
[SHELL] ccB:177,18809,1,-18.177,34.405,-16.228,17.932,82.068,52.437,20.359,79.641,28.126
[SHELL] ccA:178,2364132835,419099,-17.289,32.396,0.000,35.000,0.80351,1.14948,15.90,-10.260,25.334,-10.260,25.334,-10.606,6.373,1.00000,73.902
[SHELL] ccB:178,19027,1,-35.320,26.359,8.961,21.694,78.306,75.967,17.932,82.068,52.437
[SHELL] ccA:179,2364352731,419100,-8.581,36.087,0.000,35.000,1.26167,1.60794,15.84,-10.426,25.260,-10.426,25.260,-10.597,6.372,1.00000,73.902
[SHELL] ccB:179,18975,1,-36.987,20.922,16.065,18.122,55.262,81.878,21.694,78.306,75.967
[SHELL] ccA:180,2364572707,419101,8.360,39.794,0.000,35.000,1.71247,2.05870,15.84,-10.773,25.181,-10.773,25.181,-10.606,6.367,1.00000,73.902
[SHELL] ccB:180,18963,1,-40.575,22.589,17.986,20.060,29.972,79.940,18.122,55.262,81.878
[SHELL] ccA:181,2364792635,419102,-1.262,35.648,0.000,35.000,2.16665,2.51297,15.79,-10.579,25.263,-10.579,25.263,-10.604,6.366,1.00000,73.902
[SHELL] ccB:181,18927,1,-28.796,-3.832,32.629,37.216,18.765,81.235,20.060,29.972,79.940
[SHELL] ccA:182,2365012551,419103,-14.415,35.989,0.000,35.000,2.62228,2.96896,15.40,-10.302,25.255,-10.302,25.255,-10.590,6.365,1.00000,73.902
[SHELL] ccB:182,18885,1,-5.346,-30.580,35.927,61.793,18.771,81.229,37.216,18.765,81.235
[SHELL] ccA:183,2365232047,419104,-11.097,33.229,0.000,35.000,3.08143,3.42823,15.28,-10.357,25.312,-10.357,25.312,-10.579,6.367,1.00000,73.902
[SHELL] ccB:183,18633,1,9.079,-33.842,24.764,79.855,20.145,70.186,61.793,18.771,81.229
[SHELL] ccA:184,2365452067,419105,4.210,38.669,0.000,35.000,3.53868,3.88547,15.28,-10.667,25.200,-10.667,25.200,-10.583,6.363,1.00000,73.902
[SHELL] ccB:184,18643,1,11.072,-37.829,26.757,81.916,18.084,44.615,79.855,20.145,70.186
[SHELL] ccA:185,2365672195,419106,10.886,34.260,0.000,35.000,3.98754,4.33540,15.31,-10.812,25.365,-10.812,25.365,-10.594,6.364,1.00000,73.902
[SHELL] ccB:185,18707,1,18.429,-35.944,17.515,78.393,23.283,21.607,81.916,18.084,44.615
[SHELL] ccA:186,2365892171,419107,-6.922,35.037,0.000,35.000,4.44052,4.78842,15.31,-10.448,25.350,-10.448,25.350,-10.587,6.364,1.00000,73.902
[SHELL] ccB:186,18695,1,35.609,-20.178,-15.431,82.079,46.851,17.921,78.393,23.283,21.607
[SHELL] ccA:187,2366112195,419108,-13.984,29.633,0.000,35.000,4.89397,5.24181,15.31,-10.293,25.463,-10.293,25.463,-10.573,6.369,1.00000,73.902
[SHELL] ccB:187,18707,1,26.621,3.235,-29.856,79.769,71.193,20.231,82.079,46.851,17.921
[SHELL] ccA:188,2366332171,419109,-10.527,31.038,0.000,35.000,5.34422,5.69220,15.31,-10.352,25.439,-10.352,25.439,-10.562,6.373,1.00000,73.902
[SHELL] ccB:188,18695,1,18.828,13.818,-32.646,61.322,81.514,18.486,79.769,71.193,20.231
[SHELL] ccA:189,2366552103,419110,11.500,42.194,0.000,35.000,5.80267,6.15084,15.31,-10.804,25.209,-10.804,25.209,-10.574,6.366,1.00000,73.902
[SHELL] ccB:189,18661,1,29.701,12.948,-42.650,35.015,80.954,19.046,61.322,81.514,18.486
[SHELL] ccA:190,2366772167,419111,15.393,36.785,0.000,35.000,6.25564,0.32057,15.31,-10.897,25.315,-10.897,25.315,-10.589,6.364,1.00000,73.902
[SHELL] ccB:190,18693,1,16.400,23.278,-39.678,19.343,80.657,32.395,35.015,80.954,19.046
[SHELL] ccA:191,2366992415,419112,-5.946,34.997,0.000,35.000,0.43602,0.78387,15.31,-10.464,25.351,-10.464,25.351,-10.583,6.364,1.00000,73.902
[SHELL] ccB:191,18817,1,-20.170,35.383,-15.213,18.124,81.876,57.114,19.343,80.657,32.395
[SHELL] ctrlcap v1 armed=0 count=512 clock_hz=550000000 decimation=1
[SHELL] ccA:index,cycles,seq,id,iq,idref,iqref,theta,actangle,age_us,vdreq,vqreq,vd,vq,intd,intq,scale,bus
[SHELL] ccB:index,timer,valid,ia,ib,ic,du,dv,dw,active_u,active_v,active_w
[SHELL] ccA:192,2367212539,419113,-13.963,33.655,0.000,35.000,0.87787,1.22567,15.69,-10.290,25.379,-10.290,25.379,-10.569,6.366,1.00000,73.902
[SHELL] ccB:192,18879,1,-34.813,26.721,8.092,21.586,75.842,78.414,18.124,81.876,57.114
[SHELL] ccA:193,2367432495,419114,6.506,39.085,0.000,35.000,1.33710,1.68498,15.63,-10.706,25.267,-10.706,25.267,-10.576,6.362,1.00000,73.902
[SHELL] ccB:193,18857,1,-36.516,31.578,4.938,17.844,50.481,82.156,21.586,75.842,78.414
[SHELL] ccA:194,2367652683,419115,23.123,36.925,0.000,35.000,1.78840,2.13605,16.03,-11.061,25.308,-11.061,25.308,-10.599,6.360,1.00000,73.902
[SHELL] ccB:194,18951,1,-41.047,33.173,7.874,20.908,25.429,79.092,17.844,50.481,82.156
[SHELL] ccA:195,2367872619,419116,4.328,33.601,0.000,35.000,2.23933,2.58701,15.97,-10.690,25.376,-10.690,25.376,-10.603,6.361,1.00000,74.342
[SHELL] ccB:195,18919,1,-29.050,-0.570,29.620,41.374,18.312,81.688,20.908,25.429,79.092
[SHELL] ccA:196,2368092555,419117,-5.659,34.904,0.000,35.000,2.69457,3.04215,15.55,-10.485,25.350,-10.485,25.350,-10.598,6.361,1.00000,73.902
[SHELL] ccB:196,18887,1,-9.986,-24.383,34.368,66.067,19.221,80.779,41.374,18.312,81.688
[SHELL] ccA:197,2368312527,419118,4.361,37.224,0.000,35.000,3.15212,3.49974,15.55,-10.689,25.301,-10.689,25.301,-10.602,6.359,1.00000,74.342
[SHELL] ccB:197,18873,1,-3.969,-30.290,34.260,80.667,19.333,65.811,66.067,19.221,80.779
[SHELL] ccA:198,2368532451,419119,23.060,39.892,0.000,35.000,3.60549,3.95345,15.55,-11.086,25.243,-11.086,25.243,-10.625,6.354,1.00000,74.342
[SHELL] ccB:198,18835,1,-2.773,-38.445,41.218,81.607,18.393,40.124,80.667,19.333,65.811
[SHELL] ccA:199,2368752423,419120,20.860,32.523,0.000,35.000,4.06584,4.41378,15.57,-11.063,25.393,-11.063,25.393,-10.646,6.357,1.00000,74.342
[SHELL] ccB:199,18821,1,13.392,-38.083,24.691,79.575,27.655,20.425,81.607,18.393,40.124
[SHELL] ccA:200,2368972467,419121,3.626,30.893,0.000,35.000,4.52379,4.87165,15.57,-10.722,25.429,-10.722,25.429,-10.650,6.361,1.00000,74.342
[SHELL] ccB:200,18843,1,29.665,-22.933,-6.732,82.130,51.931,17.870,79.575,27.655,20.425
[SHELL] ccA:201,2369192439,419122,-8.698,28.009,0.000,35.000,4.97848,5.32639,15.57,-10.467,25.494,-10.467,25.494,-10.641,6.368,1.00000,74.342
[SHELL] ccB:201,18829,1,24.736,1.278,-26.014,78.477,75.677,21.523,82.130,51.931,17.870
[SHELL] ccA:202,2369412499,419123,0.758,35.036,0.000,35.000,5.43567,5.78336,15.57,-10.657,25.354,-10.657,25.354,-10.642,6.368,1.00000,74.342
[SHELL] ccB:202,18859,1,26.766,6.207,-32.973,55.646,81.872,18.128,78.477,75.677,21.523
[SHELL] ccA:203,2369632467,419124,24.840,47.598,0.000,35.000,5.89496,6.24270,15.52,-11.163,25.090,-11.163,25.090,-10.667,6.355,1.00000,74.342
[SHELL] ccB:203,18843,1,41.009,9.505,-50.515,29.543,79.730,20.270,55.646,81.872,18.128
[SHELL] ccA:204,2369852371,419125,12.424,33.066,0.000,35.000,0.06213,0.40986,15.54,-10.927,25.382,-10.927,25.382,-10.679,6.357,1.00000,74.342
[SHELL] ccB:204,18795,1,10.347,24.075,-34.422,18.662,81.338,37.244,29.543,79.730,20.270
[SHELL] ccA:205,2370072479,419126,-8.940,31.358,0.000,35.000,0.51929,0.86721,15.32,-10.491,25.420,-10.491,25.420,-10.670,6.361,1.00000,74.342
[SHELL] ccB:205,18849,1,-23.323,31.397,-8.073,18.678,81.322,61.644,18.662,81.338,37.244
[SHELL] ccA:206,2370292595,419127,-6.332,34.327,0.000,35.000,0.98160,1.32936,15.76,-10.537,25.361,-10.537,25.361,-10.664,6.361,1.00000,74.342
[SHELL] ccB:206,18907,1,-32.058,27.990,4.069,20.187,70.103,79.813,18.678,81.322,61.644
[SHELL] ccA:207,2370512563,419128,16.579,40.151,0.000,35.000,1.44985,1.79766,15.70,-11.012,25.240,-11.012,25.240,-10.680,6.356,1.00000,74.342
[SHELL] ccB:207,18891,1,-37.857,37.377,0.480,18.132,43.643,81.868,20.187,70.103,79.813
[SHELL] ctrlcap v1 armed=0 count=512 clock_hz=550000000 decimation=1
[SHELL] ccA:index,cycles,seq,id,iq,idref,iqref,theta,actangle,age_us,vdreq,vqreq,vd,vq,intd,intq,scale,bus
[SHELL] ccB:index,timer,valid,ia,ib,ic,du,dv,dw,active_u,active_v,active_w
[SHELL] ccA:208,2370732543,419129,17.592,33.788,0.000,35.000,1.89028,2.23809,15.70,-11.050,25.368,-11.050,25.368,-10.698,6.357,1.00000,74.342
[SHELL] ccB:208,18881,1,-37.603,24.075,13.528,23.591,21.600,78.400,18.132,43.643,81.868
[SHELL] ccA:209,2370952447,419130,-6.240,33.745,0.000,35.000,2.36144,2.70935,15.59,-10.567,25.370,-10.567,25.370,-10.692,6.359,1.00000,74.342
[SHELL] ccB:209,18833,1,-19.300,-14.923,34.223,47.916,18.007,81.993,23.591,21.600,78.400
[SHELL] ccA:210,2371172539,419131,-10.942,33.832,0.000,35.000,2.81093,3.15853,15.59,-10.462,25.370,-10.462,25.370,-10.681,6.360,1.00000,74.782
[SHELL] ccB:210,18879,1,-0.635,-30.472,31.106,71.843,20.829,79.171,47.916,18.007,81.993
[SHELL] ccA:211,2371392491,419132,-3.822,33.434,0.000,35.000,3.26532,3.61324,15.59,-10.600,25.379,-10.600,25.379,-10.677,6.361,1.00000,74.782
[SHELL] ccB:211,18855,1,7.919,-32.284,24.365,81.338,18.662,59.871,71.843,20.829,79.171
[SHELL] ccA:212,2371612495,419133,12.544,38.187,0.000,35.000,3.73337,4.08121,15.61,-10.940,25.281,-10.940,25.281,-10.689,6.358,1.00000,74.782
[SHELL] ccB:212,18857,1,10.891,-38.953,28.062,80.468,19.532,33.627,81.338,18.662,59.871
[SHELL] ccA:213,2371832595,419134,7.316,32.200,0.000,35.000,4.18721,4.53480,15.64,-10.843,25.404,-10.843,25.404,-10.697,6.361,1.00000,74.782
[SHELL] ccB:213,18907,1,24.192,-31.559,7.367,80.579,33.745,19.421,80.468,19.532,33.627
[SHELL] ccA:214,2372052595,419135,-11.359,32.753,0.000,35.000,4.64988,4.99742,15.64,-10.458,25.395,-10.458,25.395,-10.685,6.363,1.00000,74.782
[SHELL] ccB:214,18907,1,33.398,-8.653,-24.745,81.438,58.346,18.562,80.579,33.745,19.421
[SHELL] ccA:215,2372272543,419136,-16.782,30.452,0.000,35.000,5.10717,5.45488,15.64,-10.333,25.445,-10.333,25.445,-10.669,6.368,1.00000,74.782
[SHELL] ccB:215,18881,1,21.655,12.731,-34.386,73.592,78.740,21.260,81.438,58.346,18.562
[SHELL] ccA:216,2372492583,419137,-6.228,35.447,0.000,35.000,5.56342,5.91098,15.58,-10.538,25.345,-10.538,25.345,-10.662,6.367,1.00000,74.782
[SHELL] ccB:216,18901,1,18.683,17.298,-35.981,48.799,81.780,18.220,73.592,78.740,21.260
[SHELL] ccA:217,2372712423,419138,12.730,39.561,0.000,35.000,6.01335,0.07809,15.58,-10.930,25.258,-10.930,25.258,-10.675,6.363,1.00000,74.782
[SHELL] ccB:217,18821,1,22.815,18.675,-41.490,24.191,78.174,21.826,48.799,81.780,18.220
[SHELL] ccA:218,2372932367,419139,-1.875,32.858,0.000,35.000,0.18488,0.53264,15.51,-10.636,25.394,-10.636,25.394,-10.673,6.365,1.00000,74.782
[SHELL] ccB:218,18793,1,-7.884,31.614,-23.730,18.338,81.662,43.502,24.191,78.174,21.826
[SHELL] ccA:219,2373152487,419140,-14.029,32.435,0.000,35.000,0.64538,0.99348,15.40,-10.379,25.405,-10.379,25.405,-10.659,6.368,1.00000,74.782
[SHELL] ccB:219,18853,1,-30.717,30.490,0.227,19.976,80.024,68.052,18.338,81.662,43.502
[SHELL] ccA:220,2373372663,419141,-7.956,31.903,0.000,35.000,1.09263,1.44035,15.78,-10.492,25.419,-10.492,25.419,-10.651,6.371,1.00000,74.782
[SHELL] ccB:220,18941,1,-31.986,22.589,9.396,19.245,64.318,80.755,19.976,80.024,68.052
[SHELL] ccA:221,2373592647,419142,8.937,38.892,0.000,35.000,1.54926,1.89700,15.78,-10.839,25.275,-10.839,25.275,-10.660,6.367,1.00000,74.782
[SHELL] ccB:221,18933,1,-38.691,27.808,10.882,18.836,38.624,81.164,19.245,64.318,80.755
[SHELL] ccA:222,2373812567,419143,12.600,31.146,0.000,35.000,2.01191,2.35965,15.73,-10.925,25.434,-10.925,25.434,-10.673,6.371,1.00000,74.782
[SHELL] ccB:222,18893,1,-33.544,15.123,18.421,29.599,20.185,79.815,18.836,38.624,81.164
[SHELL] ccA:223,2374032623,419144,-6.180,34.191,0.000,35.000,2.46762,2.81534,15.93,-10.543,25.374,-10.543,25.374,-10.667,6.371,1.00000,74.782
[SHELL] ccB:223,18921,1,-16.510,-18.221,34.731,53.720,18.252,81.748,29.599,20.185,79.815
[SHELL] ctrlcap v1 armed=0 count=512 clock_hz=550000000 decimation=1
[SHELL] ccA:index,cycles,seq,id,iq,idref,iqref,theta,actangle,age_us,vdreq,vqreq,vd,vq,intd,intq,scale,bus
[SHELL] ccB:index,timer,valid,ia,ib,ic,du,dv,dw,active_u,active_v,active_w
[SHELL] ccA:224,2374252635,419145,-12.061,33.034,0.000,35.000,2.92330,3.27082,15.61,-10.413,25.399,-10.413,25.399,-10.654,6.373,1.00000,74.782
[SHELL] ccB:224,18927,1,4.621,-32.501,27.881,77.278,22.385,77.615,53.720,18.252,81.748
[SHELL] ccA:225,2374472491,419146,0.916,34.900,0.000,35.000,3.38282,3.73072,15.61,-10.674,25.362,-10.674,25.362,-10.655,6.373,1.00000,74.782
[SHELL] ccB:225,18855,1,7.448,-33.262,25.815,81.809,18.191,53.294,77.278,22.385,77.615
[SHELL] ccA:226,2374692483,419147,14.062,38.018,0.000,35.000,3.83161,4.17950,15.61,-10.951,25.297,-10.951,25.297,-10.669,6.370,1.00000,74.782
[SHELL] ccB:226,18851,1,13.355,-39.823,26.467,79.412,20.588,28.507,81.809,18.191,53.294
[SHELL] ccA:227,2374912507,419148,4.787,32.853,0.000,35.000,4.29172,4.63959,15.64,-10.770,25.402,-10.770,25.402,-10.674,6.373,1.00000,74.782
[SHELL] ccB:227,18863,1,28.034,-29.421,1.386,81.344,39.255,18.656,79.412,20.588,28.507
[SHELL] ccA:228,2375132583,419149,-10.475,30.626,0.000,35.000,4.74706,5.09472,15.64,-10.454,25.451,-10.454,25.451,-10.664,6.377,1.00000,74.782
[SHELL] ccB:228,18901,1,30.245,-5.137,-25.108,80.885,63.573,19.115,81.344,39.255,18.656
[SHELL] ccA:229,2375352515,419150,-11.962,30.401,0.000,35.000,5.20425,5.55206,15.64,-10.413,25.460,-10.413,25.460,-10.652,6.382,1.00000,74.782
[SHELL] ccB:229,18867,1,21.148,10.991,-32.139,68.551,80.001,19.999,80.885,63.573,19.115
[SHELL] ccA:230,2375572475,419151,5.742,40.180,0.000,35.000,5.66144,6.00934,15.58,-10.772,25.259,-10.772,25.259,-10.658,6.376,1.00000,74.782
[SHELL] ccB:230,18847,1,28.070,11.354,-39.424,42.899,81.536,18.464,68.551,80.001,19.999
[SHELL] ccA:231,2375792471,419152,19.365,38.819,0.000,35.000,6.12073,0.18522,15.58,-11.064,25.283,-11.064,25.283,-10.677,6.373,1.00000,74.782
[SHELL] ccB:231,18845,1,25.388,17.769,-43.157,21.214,78.786,25.948,42.899,81.536,18.464
[SHELL] ccA:232,2376012339,419153,-4.005,32.058,0.000,35.000,0.29209,0.63983,15.45,-10.593,25.421,-10.593,25.421,-10.673,6.375,1.00000,74.782
[SHELL] ccB:232,18779,1,-13.066,32.121,-19.055,18.110,81.890,49.307,21.214,78.786,25.948
[SHELL] ccA:233,2376232631,419154,-14.236,31.405,0.000,35.000,0.75683,1.10462,15.73,-10.374,25.438,-10.374,25.438,-10.659,6.379,1.00000,74.782
[SHELL] ccB:233,18925,1,-31.913,27.265,4.648,21.280,78.720,73.703,18.110,81.890,49.307
[SHELL] ccA:234,2376452655,419155,-4.915,33.292,0.000,35.000,1.20611,1.55384,15.77,-10.555,25.402,-10.555,25.402,-10.654,6.381,1.00000,74.782
[SHELL] ccB:234,18937,1,-32.856,22.734,10.121,18.487,58.066,81.513,21.280,78.720,73.703
[SHELL] ccA:235,2376672615,419156,11.574,37.361,0.000,35.000,1.66155,2.01069,15.77,-10.897,25.394,-10.897,25.394,-10.665,6.378,1.00000,74.782
[SHELL] ccB:235,18917,1,-38.256,26.177,12.078,19.640,32.478,80.360,18.487,58.066,81.513
[SHELL] ccA:236,2376892555,419157,6.245,33.495,0.000,35.000,2.12790,2.47710,15.72,-10.796,25.473,-10.796,25.473,-10.672,6.380,1.00000,74.782
[SHELL] ccB:236,18887,1,-31.732,5.120,26.612,35.540,19.067,80.933,19.640,32.478,80.360
[SHELL] ccA:237,2377112487,419158,-9.307,36.780,0.000,35.000,2.58257,2.93187,15.60,-10.476,25.406,-10.476,25.406,-10.662,6.378,1.00000,74.782
[SHELL] ccB:237,18853,1,-11.617,-25.470,37.087,59.944,18.697,81.303,35.540,19.067,80.933
[SHELL] ccA:238,2377332495,419159,-8.943,33.696,0.000,35.000,3.04136,3.39066,15.60,-10.474,25.469,-10.474,25.469,-10.653,6.379,1.00000,74.782
[SHELL] ccB:238,18857,1,5.527,-32.574,27.047,79.274,20.726,71.914,59.944,18.697,81.303
[SHELL] ccA:239,2377552515,419160,5.244,38.865,0.000,35.000,3.49321,3.84245,15.60,-10.763,25.361,-10.763,25.361,-10.659,6.376,1.00000,74.782
[SHELL] ccB:239,18867,1,8.462,-37.394,28.932,81.857,18.143,46.960,79.274,20.726,71.914
[SHELL] ctrlcap v1 armed=0 count=512 clock_hz=550000000 decimation=1
[SHELL] ccA:index,cycles,seq,id,iq,idref,iqref,theta,actangle,age_us,vdreq,vqreq,vd,vq,intd,intq,scale,bus
[SHELL] ccB:index,timer,valid,ia,ib,ic,du,dv,dw,active_u,active_v,active_w
[SHELL] ccA:240,2377772627,419161,16.217,36.806,0.000,35.000,3.95303,4.30196,15.68,-10.999,25.401,-10.999,25.401,-10.675,6.374,1.00000,74.782
[SHELL] ccB:240,18923,1,15.530,-39.895,24.365,77.789,22.211,22.325,81.857,18.143,46.960
[SHELL] ccA:241,2377992575,419162,0.932,32.394,0.000,35.000,4.40969,4.75865,15.63,-10.694,25.491,-10.694,25.491,-10.676,6.376,1.00000,74.782
[SHELL] ccB:241,18897,1,30.644,-24.455,-6.188,81.911,45.563,18.089,77.789,22.211,22.325
[SHELL] ccA:242,2378212591,419163,-12.381,29.304,0.000,35.000,4.87299,5.22201,15.63,-10.416,25.559,-10.416,25.559,-10.663,6.382,1.00000,74.782
[SHELL] ccB:242,18905,1,26.947,1.169,-28.116,79.765,70.174,20.235,81.911,45.563,18.089
[SHELL] ccA:243,2378432491,419164,-11.558,31.575,0.000,35.000,5.32879,5.67809,15.63,-10.421,25.517,-10.421,25.517,-10.652,6.386,1.00000,74.782
[SHELL] ccB:243,18855,1,19.082,14.434,-33.516,61.924,81.168,18.832,79.765,70.174,20.235
[SHELL] ccA:244,2378652471,419165,7.645,42.385,0.000,35.000,5.78674,6.13605,15.57,-10.812,25.293,-10.812,25.293,-10.659,6.378,1.00000,74.782
[SHELL] ccB:244,18845,1,26.911,15.667,-42.577,35.985,80.811,19.189,61.924,81.168,18.832
[SHELL] ccA:245,2378872375,419166,8.428,36.898,0.000,35.000,6.24574,0.31187,15.57,-10.836,25.401,-10.836,25.401,-10.668,6.376,1.00000,74.782
[SHELL] ccB:245,18797,1,9.803,26.757,-36.561,19.766,80.234,31.941,35.985,80.811,19.189
[SHELL] ccA:246,2379092527,419167,-10.850,33.011,0.000,35.000,0.43246,0.78191,15.45,-10.440,25.481,-10.440,25.481,-10.657,6.378,1.00000,74.782
[SHELL] ccB:246,18873,1,-23.686,33.861,-10.175,18.354,81.646,56.808,19.766,80.234,31.941
[SHELL] ccA:247,2379312755,419168,-18.503,31.415,0.000,35.000,0.88118,1.23018,15.90,-10.268,25.516,-10.268,25.516,-10.639,6.382,1.00000,74.782
[SHELL] ccB:247,18987,1,-36.009,22.952,13.057,21.770,75.556,78.230,18.354,81.646,56.808
[SHELL] ccA:248,2379532735,419169,-7.181,37.548,0.000,35.000,1.33310,1.68215,15.84,-10.488,25.391,-10.488,25.391,-10.631,6.379,1.00000,74.782
[SHELL] ccB:248,18977,1,-38.183,20.705,17.479,18.192,51.132,81.808,21.770,75.556,78.230
[SHELL] ccA:249,2379752839,419170,12.128,37.763,0.000,35.000,1.79810,2.14705,16.16,-10.886,25.384,-10.886,25.384,-10.643,6.376,1.00000,74.782
[SHELL] ccB:249,19029,1,-39.524,22.626,16.899,21.308,25.515,78.692,18.192,51.132,81.808
[SHELL] ccA:250,2379972759,419171,-3.521,33.639,0.000,35.000,2.25547,2.60423,15.79,-10.570,25.468,-10.570,25.468,-10.640,6.378,1.00000,74.782
[SHELL] ccB:250,18989,1,-23.831,-8.870,32.701,42.064,18.398,81.602,21.308,25.515,78.692
[SHELL] ccA:251,2380192339,419172,-15.915,32.019,0.000,35.000,2.71021,3.05926,15.88,-10.306,25.503,-10.306,25.503,-10.624,6.381,1.00000,74.782
[SHELL] ccB:251,18779,1,1.069,-31.486,30.418,66.395,19.584,80.416,42.064,18.398,81.602
[SHELL] ccA:252,2380412171,419173,-12.997,31.529,0.000,35.000,3.16921,3.51846,15.28,-10.351,25.517,-10.351,25.517,-10.611,6.384,1.00000,74.342
[SHELL] ccB:252,18695,1,13.863,-33.915,20.052,80.784,19.216,65.619,66.395,19.584,80.416
[SHELL] ccA:253,2380632067,419174,4.227,38.697,0.000,35.000,3.61650,3.96612,15.28,-10.700,25.370,-10.700,25.370,-10.615,6.381,1.00000,74.342
[SHELL] ccB:253,18643,1,13.935,-38.445,24.510,81.577,18.423,40.248,80.784,19.216,65.619
[SHELL] ccA:254,2380852091,419175,10.839,35.339,0.000,35.000,4.07241,4.42200,15.31,-10.843,25.436,-10.843,25.436,-10.626,6.380,1.00000,74.342
[SHELL] ccB:254,18655,1,21.873,-36.742,14.869,79.528,27.708,20.472,81.577,18.423,40.248
[SHELL] ccA:255,2381072171,419176,0.280,34.630,0.000,35.000,4.53144,4.88080,15.31,-10.632,25.451,-10.632,25.451,-10.626,6.381,1.00000,74.342
[SHELL] ccB:255,18695,1,34.014,-22.643,-11.371,82.105,52.254,17.895,79.528,27.708,20.472
[SHELL] ctrlcap v1 armed=0 count=512 clock_hz=550000000 decimation=1
[SHELL] ccA:index,cycles,seq,id,iq,idref,iqref,theta,actangle,age_us,vdreq,vqreq,vd,vq,intd,intq,scale,bus
[SHELL] ccB:index,timer,valid,ia,ib,ic,du,dv,dw,active_u,active_v,active_w
[SHELL] ccA:256,2381292099,419177,-10.871,29.209,0.000,35.000,4.99071,5.34029,15.31,-10.398,25.565,-10.398,25.565,-10.616,6.386,1.00000,74.342
[SHELL] ccB:256,18659,1,25.098,3.453,-28.551,78.359,76.237,21.641,82.105,52.254,17.895
[SHELL] ccA:257,2381512103,419178,-5.035,32.922,0.000,35.000,5.44488,5.79442,15.31,-10.510,25.493,-10.510,25.493,-10.610,6.389,1.00000,74.342
[SHELL] ccB:257,18661,1,21.112,11.752,-32.864,55.429,81.969,18.031,78.359,76.237,21.641
[SHELL] ccA:258,2381732111,419179,15.001,40.308,0.000,35.000,5.90249,6.25202,15.31,-10.925,25.340,-10.925,25.340,-10.625,6.383,1.00000,74.342
[SHELL] ccB:258,18665,1,28.904,13.130,-42.034,29.559,79.901,20.099,55.429,81.969,18.031
[SHELL] ccA:259,2381952283,419180,8.562,34.710,0.000,35.000,0.07944,0.42869,15.42,-10.805,25.452,-10.805,25.452,-10.634,6.383,1.00000,74.342
[SHELL] ccB:259,18751,1,5.780,27.663,-33.444,18.545,81.455,37.986,29.559,79.901,20.099
[SHELL] ccA:260,2382172323,419181,-11.983,32.999,0.000,35.000,0.53320,0.88284,15.25,-10.382,25.488,-10.382,25.488,-10.622,6.385,1.00000,74.342
[SHELL] ccB:260,18771,1,-27.093,32.883,-5.790,18.729,81.271,62.252,18.545,81.455,37.986
[SHELL] ccA:261,2382392627,419182,-12.431,33.315,0.000,35.000,0.98933,1.33820,15.69,-10.361,25.484,-10.361,25.484,-10.610,6.387,1.00000,74.342
[SHELL] ccB:261,18923,1,-34.668,24.184,10.484,20.123,70.074,79.877,18.729,81.271,62.252
[SHELL] ccA:262,2382612651,419183,9.814,39.621,0.000,35.000,1.43998,1.78890,15.63,-10.816,25.353,-10.816,25.353,-10.619,6.383,1.00000,74.342
[SHELL] ccB:262,18935,1,-38.002,31.904,6.098,18.044,44.573,81.956,20.123,70.074,79.877
[SHELL] ccA:263,2382832547,419184,20.060,34.160,0.000,35.000,1.89860,2.24780,15.71,-11.041,25.463,-11.041,25.463,-10.639,6.383,1.00000,74.342
[SHELL] ccB:263,18883,1,-38.800,26.322,12.477,23.910,21.392,78.608,18.044,44.573,81.956
[SHELL] ccA:264,2383052495,419185,0.018,34.028,0.000,35.000,2.35424,2.70348,15.66,-10.640,25.467,-10.640,25.467,-10.640,6.384,1.00000,74.342
[SHELL] ccB:264,18857,1,-24.121,-8.725,32.846,47.642,17.877,82.123,23.910,21.392,78.608
[SHELL] ccA:265,2383272447,419186,-4.487,34.804,0.000,35.000,2.80582,3.15515,15.55,-10.545,25.451,-10.545,25.451,-10.635,6.385,1.00000,74.342
[SHELL] ccB:265,18833,1,-7.231,-26.122,33.354,71.972,20.520,79.480,47.642,17.877,82.123
[SHELL] ccA:266,2383492463,419187,5.787,34.109,0.000,35.000,3.26929,3.61855,15.55,-10.757,25.466,-10.757,25.466,-10.641,6.385,1.00000,74.342
[SHELL] ccB:266,18841,1,-1.396,-29.239,30.635,81.737,18.263,59.469,71.972,20.520,79.480
[SHELL] ccA:267,2383712515,419188,23.732,37.640,0.000,35.000,3.72489,4.07396,15.55,-11.139,25.393,-11.139,25.393,-10.665,6.383,1.00000,74.342
[SHELL] ccB:267,18867,1,0.924,-38.989,38.065,80.873,19.127,33.543,81.737,18.263,59.469
[SHELL] ccA:268,2383932519,419189,16.254,31.562,0.000,35.000,4.18099,4.52999,15.57,-11.006,25.518,-11.006,25.518,-10.681,6.386,1.00000,74.342
[SHELL] ccB:268,18869,1,18.973,-35.473,16.500,80.939,33.494,19.061,80.873,19.127,33.543
[SHELL] ccA:269,2384152491,419190,0.650,30.657,0.000,35.000,4.65573,5.00484,15.57,-10.694,25.540,-10.694,25.540,-10.681,6.391,1.00000,74.342
[SHELL] ccB:269,18855,1,30.571,-17.351,-13.220,81.815,59.199,18.185,80.939,33.494,19.061
[SHELL] ccA:270,2384372531,419191,-6.349,28.452,0.000,35.000,5.10014,5.44912,15.57,-10.548,25.591,-10.548,25.591,-10.675,6.397,1.00000,74.342
[SHELL] ccB:270,18875,1,23.939,2.438,-26.376,73.945,79.131,20.869,81.815,59.199,18.185
[SHELL] ccA:271,2384592403,419192,5.692,39.401,0.000,35.000,5.56095,5.91034,15.52,-10.795,25.368,-10.795,25.368,-10.681,6.393,1.00000,74.342
[SHELL] ccB:271,18811,1,30.317,7.186,-37.503,48.361,82.102,17.898,73.945,79.131,20.869
[SHELL] ctrlcap v1 armed=0 count=512 clock_hz=550000000 decimation=1
[SHELL] ccA:index,cycles,seq,id,iq,idref,iqref,theta,actangle,age_us,vdreq,vqreq,vd,vq,intd,intq,scale,bus
[SHELL] ccB:index,timer,valid,ia,ib,ic,du,dv,dw,active_u,active_v,active_w
[SHELL] ccA:272,2384812355,419193,29.978,44.091,0.000,35.000,6.01648,0.08268,15.52,-11.310,25.265,-11.310,25.265,-10.711,6.384,1.00000,74.342
[SHELL] ccB:272,18787,1,40.538,9.723,-50.261,23.047,78.243,21.757,48.361,82.102,17.898
[SHELL] ccA:273,2385032215,419194,7.901,32.911,0.000,35.000,0.19332,0.54277,15.43,-10.877,25.491,-10.877,25.491,-10.719,6.386,1.00000,74.342
[SHELL] ccB:273,18717,1,1.431,28.570,-30.001,17.880,82.120,44.355,23.047,78.243,21.757
[SHELL] ccA:274,2385253227,419195,-10.175,31.243,0.000,35.000,0.64871,0.99829,15.32,-10.505,25.528,-10.505,25.528,-10.708,6.389,1.00000,74.342
[SHELL] ccB:274,19223,1,-26.984,29.729,-2.745,19.700,80.300,68.652,17.880,82.120,44.355
[SHELL] ccA:275,2385472583,419196,-1.587,33.639,0.000,35.000,1.12009,1.46925,15.70,-10.675,25.481,-10.675,25.481,-10.707,6.391,1.00000,74.342
[SHELL] ccB:275,18901,1,-30.971,26.939,4.032,18.653,62.622,81.347,19.700,80.300,68.652
[SHELL] ccA:276,2385692579,419197,20.038,37.686,0.000,35.000,1.57942,1.92862,15.70,-11.128,25.397,-11.128,25.397,-10.727,6.388,1.00000,74.342
[SHELL] ccB:276,18899,1,-37.857,36.000,1.858,18.680,36.312,81.320,18.653,62.622,81.347
[SHELL] ccA:277,2385912587,419198,11.250,30.246,0.000,35.000,2.03148,2.38040,15.65,-10.963,25.551,-10.963,25.551,-10.738,6.393,1.00000,74.342
[SHELL] ccB:277,18903,1,-32.094,13.130,18.965,30.454,19.640,80.360,18.680,36.312,81.320
[SHELL] ccA:278,2386132555,419199,-6.271,35.789,0.000,35.000,2.49421,2.84322,15.59,-10.606,25.439,-10.606,25.439,-10.732,6.392,1.00000,74.342
[SHELL] ccB:278,18887,1,-16.582,-19.707,36.289,55.366,18.042,81.958,30.454,19.640,80.360
[SHELL] ccA:279,2386352563,419200,-8.152,35.186,0.000,35.000,2.94853,3.29748,15.59,-10.561,25.451,-10.561,25.451,-10.724,6.392,1.00000,74.342
[SHELL] ccB:279,18891,1,1.250,-31.885,30.635,78.201,21.799,76.557,55.366,18.042,81.958
[SHELL] ccA:280,2386572499,419201,7.435,35.404,0.000,35.000,3.41523,3.76454,15.59,-10.880,25.446,-10.880,25.446,-10.731,6.392,1.00000,74.342
[SHELL] ccB:280,18859,1,2.410,-32.465,30.055,82.232,17.768,51.128,78.201,21.799,76.557
[SHELL] ccA:281,2386792475,419202,18.999,35.720,0.000,35.000,3.87701,4.22631,15.61,-11.130,25.439,-11.130,25.439,-10.750,6.391,1.00000,74.342
[SHELL] ccB:281,18847,1,9.876,-38.916,29.041,79.128,20.872,25.633,82.232,17.768,51.128
[SHELL] ccA:282,2387012583,419203,1.650,32.101,0.000,35.000,4.33473,4.68378,15.64,-10.785,25.515,-10.785,25.515,-10.752,6.394,1.00000,74.342
[SHELL] ccB:282,18901,1,29.230,-26.195,-3.035,81.895,41.521,18.105,79.128,20.872,25.633
[SHELL] ccA:283,2387232503,419204,-13.751,30.631,0.000,35.000,4.79381,5.14307,15.64,-10.463,25.548,-10.463,25.548,-10.738,6.398,1.00000,74.342
[SHELL] ccB:283,18861,1,29.411,-0.679,-28.732,80.764,66.237,19.236,81.895,41.521,18.105
[SHELL] ccA:284,2387452503,419205,-13.628,30.902,0.000,35.000,5.25041,5.59966,15.64,-10.452,25.547,-10.452,25.547,-10.724,6.402,1.00000,74.342
[SHELL] ccB:284,18861,1,19.553,14.072,-33.625,66.202,80.764,19.236,80.764,66.237,19.236
[SHELL] ccA:285,2387672495,419206,5.658,41.909,0.000,35.000,5.71759,6.06826,15.58,-10.843,25.397,-10.843,25.397,-10.730,6.395,1.00000,74.342
[SHELL] ccB:285,18857,1,27.237,14.398,-41.635,39.554,81.599,18.401,66.202,80.764,19.236
[SHELL] ccA:286,2387892479,419207,13.276,37.643,0.000,35.000,6.16673,0.23402,15.58,-11.009,25.480,-11.009,25.480,-10.743,6.393,1.00000,74.342
[SHELL] ccB:286,18849,1,17.560,22.263,-39.823,20.286,79.714,27.916,39.554,81.599,18.401
[SHELL] ccA:287,2388112291,419208,-5.559,34.475,0.000,35.000,0.34202,0.69285,15.46,-10.627,25.543,-10.627,25.543,-10.738,6.393,1.00000,74.342
[SHELL] ccB:287,18755,1,-16.800,34.912,-18.113,17.797,82.203,52.226,20.286,79.714,27.916
[SHELL] ctrlcap v1 armed=0 count=512 clock_hz=550000000 decimation=1
[SHELL] ccA:index,cycles,seq,id,iq,idref,iqref,theta,actangle,age_us,vdreq,vqreq,vd,vq,intd,intq,scale,bus
[SHELL] ccB:index,timer,valid,ia,ib,ic,du,dv,dw,active_u,active_v,active_w
[SHELL] ccA:288,2388332815,419209,-11.331,32.763,0.000,35.000,0.80559,1.15590,16.15,-10.500,25.580,-10.500,25.580,-10.727,6.395,1.00000,74.342
[SHELL] ccB:288,19017,1,-31.478,28.316,3.162,21.704,78.296,76.660,17.797,82.203,52.226
[SHELL] ccA:289,2388552739,419210,-0.376,34.836,0.000,35.000,1.26439,1.61460,15.78,-10.719,25.539,-10.719,25.539,-10.726,6.396,1.00000,73.902
[SHELL] ccB:289,18979,1,-33.327,25.453,7.874,17.654,54.628,82.346,21.704,78.296,76.660
[SHELL] ccA:290,2388772739,419211,13.472,36.619,0.000,35.000,1.72522,2.07557,16.09,-11.009,25.501,-11.009,25.501,-10.740,6.394,1.00000,74.342
[SHELL] ccB:290,18979,1,-38.256,25.779,12.477,20.057,28.760,79.943,17.654,54.628,82.346
[SHELL] ccA:291,2388992583,419212,-1.253,32.810,0.000,35.000,2.17655,2.52712,15.73,-10.713,25.580,-10.713,25.580,-10.738,6.396,1.00000,74.342
[SHELL] ccB:291,18901,1,-26.259,-3.941,30.200,37.906,18.457,81.543,20.057,28.760,79.943
[SHELL] ccA:292,2389212515,419213,-14.095,34.475,0.000,35.000,2.64280,2.99348,15.61,-10.442,25.547,-10.442,25.547,-10.724,6.397,1.00000,74.342
[SHELL] ccB:292,18867,1,-4.114,-30.000,34.115,63.232,18.770,81.230,37.906,18.457,81.543
[SHELL] ccA:293,2389432511,419214,-10.112,32.506,0.000,35.000,3.09562,3.44630,15.61,-10.512,25.589,-10.512,25.589,-10.714,6.399,1.00000,74.342
[SHELL] ccB:293,18865,1,8.607,-32.827,24.220,80.242,19.758,69.281,63.232,18.770,81.230
[SHELL] ccA:294,2389652503,419215,5.211,38.942,0.000,35.000,3.55742,3.90811,15.61,-10.824,25.456,-10.824,25.456,-10.719,6.395,1.00000,73.902
[SHELL] ccB:294,18861,1,10.963,-38.155,27.192,82.177,17.823,43.203,80.242,19.758,69.281
[SHELL] ccA:295,2389872567,419216,12.560,35.029,0.000,35.000,4.01185,4.36235,15.64,-10.983,25.534,-10.983,25.534,-10.732,6.395,1.00000,73.902
[SHELL] ccB:295,18893,1,18.683,-37.213,18.530,79.079,24.578,20.921,82.177,17.823,43.203
[SHELL] ccA:296,2390092583,419217,-6.983,37.205,0.000,35.000,4.46546,4.81588,15.64,-10.585,25.489,-10.585,25.489,-10.725,6.393,1.00000,73.902
[SHELL] ccB:296,18901,1,37.784,-20.903,-16.880,82.331,48.516,17.669,79.079,24.578,20.921
[SHELL] ccA:297,2390312579,419218,-11.782,30.096,0.000,35.000,4.92822,5.27864,15.64,-10.478,25.636,-10.478,25.636,-10.713,6.398,1.00000,73.902
[SHELL] ccB:297,18899,1,26.874,2.112,-28.986,79.491,73.466,20.509,82.331,48.516,17.669
[SHELL] ccA:298,2390532627,419219,-5.841,32.262,0.000,35.000,5.38703,5.73732,15.64,-10.591,25.595,-10.591,25.595,-10.707,6.401,1.00000,73.902
[SHELL] ccB:298,18923,1,21.546,10.629,-32.175,58.599,82.078,17.922,79.491,73.466,20.509
[SHELL] ccA:299,2390752559,419220,13.051,41.782,0.000,35.000,5.83904,6.18944,15.58,-10.981,25.398,-10.981,25.398,-10.720,6.394,1.00000,73.902
[SHELL] ccB:299,18889,1,29.738,12.948,-42.686,32.634,80.837,19.163,58.599,82.078,17.922
[SHELL] ccA:300,2390972415,419221,12.660,35.749,0.000,35.000,0.02504,0.37570,15.67,-10.986,25.518,-10.986,25.518,-10.733,6.393,1.00000,73.902
[SHELL] ccB:300,18817,1,11.761,25.344,-37.104,18.579,81.421,35.233,32.634,80.837,19.163
[SHELL] ccA:301,2391192511,419222,-6.301,33.062,0.000,35.000,0.47736,0.82819,15.45,-10.601,25.574,-10.601,25.574,-10.727,6.395,1.00000,73.902
[SHELL] ccB:301,18865,1,-20.786,33.318,-12.531,18.048,81.952,59.725,18.579,81.421,35.233
[SHELL] ccA:302,2391412675,419223,-11.844,33.166,0.000,35.000,0.92863,1.27913,15.83,-10.478,25.573,-10.478,25.573,-10.715,6.397,1.00000,73.902
[SHELL] ccB:302,18947,1,-33.653,25.815,7.838,20.514,73.201,79.486,18.048,81.952,59.725
[SHELL] ccA:303,2391632643,419224,10.539,38.505,0.000,35.000,1.40003,1.75059,15.77,-10.936,25.463,-10.936,25.463,-10.725,6.393,1.00000,73.902
[SHELL] ccB:303,18931,1,-36.154,32.738,3.416,17.587,46.523,82.413,20.514,73.201,79.486
[SHELL] ctrlcap v1 armed=0 count=512 clock_hz=550000000 decimation=1
[SHELL] ccA:index,cycles,seq,id,iq,idref,iqref,theta,actangle,age_us,vdreq,vqreq,vd,vq,intd,intq,scale,bus
[SHELL] ccB:index,timer,valid,ia,ib,ic,du,dv,dw,active_u,active_v,active_w
[SHELL] ccA:304,2391852647,419225,22.021,34.216,0.000,35.000,1.86124,2.21170,15.77,-11.188,25.550,-11.188,25.550,-10.747,6.394,1.00000,73.902
[SHELL] ccB:304,18933,1,-39.089,29.331,9.759,22.010,21.589,78.411,17.587,46.523,82.413
[SHELL] ccA:305,2392072651,419226,-4.779,33.556,0.000,35.000,2.31672,2.66703,15.72,-10.647,25.564,-10.647,25.564,-10.743,6.396,1.00000,73.902
[SHELL] ccB:305,18935,1,-21.402,-12.060,33.462,45.512,17.652,82.348,22.010,21.589,78.411
[SHELL] ccA:306,2392292583,419227,-12.194,34.093,0.000,35.000,2.77756,3.12794,15.60,-10.487,25.554,-10.487,25.554,-10.730,6.396,1.00000,73.902
[SHELL] ccB:306,18901,1,-0.744,-30.979,31.723,70.575,19.889,80.111,45.512,17.652,82.348
[SHELL] ccA:307,2392512487,419228,-2.753,34.079,0.000,35.000,3.24271,3.59341,15.60,-10.673,25.556,-10.673,25.556,-10.728,6.397,1.00000,73.902
[SHELL] ccB:307,18853,1,6.179,-32.211,26.032,81.809,18.191,61.155,70.575,19.889,80.111
[SHELL] ccA:308,2392732471,419229,11.886,38.899,0.000,35.000,3.69906,4.04976,15.60,-10.977,25.455,-10.977,25.455,-10.740,6.394,1.00000,73.902
[SHELL] ccB:308,18845,1,10.492,-39.279,28.787,81.325,18.675,35.094,81.809,18.191,61.155
[SHELL] ccA:309,2392952611,419230,7.607,32.415,0.000,35.000,4.15581,4.50622,15.63,-10.899,25.588,-10.899,25.588,-10.747,6.396,1.00000,73.902
[SHELL] ccB:309,18915,1,23.504,-32.175,8.671,80.864,31.864,19.136,81.325,18.675,35.094
[SHELL] ccA:310,2393172495,419231,-5.681,32.427,0.000,35.000,4.61786,4.96854,15.63,-10.628,25.590,-10.628,25.590,-10.742,6.399,1.00000,73.902
[SHELL] ccB:310,18857,1,32.818,-14.162,-18.656,82.213,57.078,17.787,80.864,31.864,19.136
[SHELL] ccA:311,2393392575,419232,-13.053,29.840,0.000,35.000,5.07585,5.42620,15.63,-10.467,25.647,-10.467,25.647,-10.728,6.404,1.00000,73.902
[SHELL] ccB:311,18897,1,23.250,8.128,-31.378,75.437,78.949,21.051,82.213,57.078,17.787
[SHELL] ccA:312,2393612455,419233,-1.500,36.443,0.000,35.000,5.53660,5.88735,15.57,-10.697,25.513,-10.697,25.513,-10.727,6.402,1.00000,73.902
[SHELL] ccB:312,18837,1,23.649,12.224,-35.872,49.934,82.419,17.581,75.437,78.949,21.051
[SHELL] ccA:313,2393832495,419234,17.993,38.764,0.000,35.000,6.00341,0.07072,15.57,-11.105,25.463,-11.105,25.463,-10.745,6.399,1.00000,73.902
[SHELL] ccB:313,18857,1,27.998,13.963,-41.961,23.865,78.845,21.155,49.934,82.419,17.581
[SHELL] ccA:314,2394052307,419235,-4.291,31.284,0.000,35.000,0.17818,0.52896,15.50,-10.655,25.616,-10.655,25.616,-10.741,6.402,1.00000,73.902
[SHELL] ccB:314,18763,1,-9.768,30.889,-21.121,17.738,82.262,43.031,23.865,78.845,21.155
[SHELL] ccA:315,2394272651,419236,-20.818,31.190,0.000,35.000,0.63966,0.99015,15.47,-10.304,25.622,-10.304,25.622,-10.720,6.406,1.00000,73.902
[SHELL] ccB:315,18935,1,-35.320,28.570,6.751,19.335,80.665,67.914,17.738,82.262,43.031
[SHELL] ccA:316,2394492819,419237,-13.862,33.354,0.000,35.000,1.09861,1.44876,15.84,-10.429,25.581,-10.429,25.581,-10.706,6.408,1.00000,73.902
[SHELL] ccB:316,19019,1,-36.009,20.451,15.558,18.704,64.334,81.296,19.335,80.665,67.914
[SHELL] ccA:317,2394712747,419238,5.120,39.976,0.000,35.000,1.55439,1.90476,15.84,-10.814,25.443,-10.814,25.443,-10.711,6.403,1.00000,73.902
[SHELL] ccB:317,18983,1,-39.887,24.945,14.942,18.330,38.180,81.670,18.704,64.334,81.296
[SHELL] ccA:318,2394932639,419239,5.664,36.329,0.000,35.000,2.01402,2.36455,15.79,-10.830,25.515,-10.830,25.515,-10.717,6.401,1.00000,73.462
[SHELL] ccB:318,18929,1,-35.248,8.563,26.685,29.237,19.602,80.398,18.330,38.180,81.670
[SHELL] ccA:319,2395152731,419240,-9.337,36.428,0.000,35.000,2.47760,2.82823,15.68,-10.521,25.511,-10.521,25.511,-10.707,6.400,1.00000,73.902
[SHELL] ccB:319,18975,1,-15.096,-22.281,37.377,54.352,17.760,82.240,29.237,19.602,80.398
[SHELL] ctrlcap v1 armed=0 count=512 clock_hz=550000000 decimation=1
[SHELL] ccA:index,cycles,seq,id,iq,idref,iqref,theta,actangle,age_us,vdreq,vqreq,vd,vq,intd,intq,scale,bus
[SHELL] ccB:index,timer,valid,ia,ib,ic,du,dv,dw,active_u,active_v,active_w
[SHELL] ccA:320,2395372075,419241,-12.355,33.504,0.000,35.000,2.93959,3.29061,15.28,-10.448,25.571,-10.448,25.571,-10.695,6.402,1.00000,73.902
[SHELL] ccB:320,18647,1,5.382,-33.262,27.881,78.247,21.753,77.385,54.352,17.760,82.240
[SHELL] ccA:321,2395592083,419242,-2.210,33.815,0.000,35.000,3.39676,3.74778,15.28,-10.649,25.566,-10.649,25.566,-10.693,6.403,1.00000,73.902
[SHELL] ccB:321,18651,1,10.673,-33.190,22.517,82.420,17.580,52.605,78.247,21.753,77.385
[SHELL] ccA:322,2395812099,419243,10.612,35.468,0.000,35.000,3.85015,4.20110,15.28,-10.916,25.533,-10.916,25.533,-10.703,6.402,1.00000,73.902
[SHELL] ccB:322,18659,1,15.023,-36.814,21.792,79.761,20.239,27.208,82.420,17.580,52.605
[SHELL] ccA:323,2396032127,419244,2.201,31.518,0.000,35.000,4.30526,4.65612,15.31,-10.750,25.615,-10.750,25.615,-10.706,6.406,1.00000,73.462
[SHELL] ccB:323,18673,1,28.070,-26.594,-1.477,82.204,39.704,17.796,79.761,20.239,27.208
[SHELL] ccA:324,2396252163,419245,-11.372,29.731,0.000,35.000,4.76831,5.11906,15.31,-10.467,25.656,-10.467,25.656,-10.694,6.411,1.00000,73.902
[SHELL] ccB:324,18691,1,29.049,-3.253,-25.796,81.291,65.024,18.709,82.204,39.704,17.796
[SHELL] ccA:325,2396472199,419246,-12.298,29.305,0.000,35.000,5.22604,5.57669,15.31,-10.436,25.670,-10.436,25.670,-10.682,6.417,1.00000,73.902
[SHELL] ccB:325,18709,1,19.481,12.006,-31.487,67.712,80.821,19.179,81.291,65.024,18.709
[SHELL] ccA:326,2396692147,419247,5.075,39.838,0.000,35.000,5.68526,6.03601,15.31,-10.789,25.455,-10.789,25.455,-10.687,6.412,1.00000,73.902
[SHELL] ccB:326,18683,1,26.621,12.731,-39.352,41.409,82.016,17.984,67.712,80.821,19.179
[SHELL] ccA:327,2396912179,419248,16.352,36.503,0.000,35.000,6.14190,0.20971,15.31,-11.030,25.520,-11.030,25.520,-10.703,6.410,1.00000,73.462
[SHELL] ccB:327,18699,1,21.329,18.639,-39.968,20.202,79.798,26.360,41.409,82.016,17.984
[SHELL] ccA:328,2397132111,419249,-4.060,33.237,0.000,35.000,0.31367,0.66467,15.31,-10.618,25.587,-10.618,25.587,-10.699,6.412,1.00000,73.462
[SHELL] ccB:328,18665,1,-14.117,33.354,-19.236,17.344,82.656,50.613,20.202,79.798,26.360
[SHELL] ccA:329,2397352475,419250,-14.727,32.415,0.000,35.000,0.76504,1.11575,15.60,-10.390,25.606,-10.390,25.606,-10.685,6.415,1.00000,73.902
[SHELL] ccB:329,18847,1,-33.073,27.953,5.120,20.898,79.102,74.600,17.344,82.656,50.613
[SHELL] ccA:330,2397572499,419251,4.144,38.970,0.000,35.000,1.22650,1.57716,15.63,-10.772,25.471,-10.772,25.471,-10.689,6.411,1.00000,73.902
[SHELL] ccB:330,18859,1,-35.284,32.411,2.872,17.814,56.561,82.186,20.898,79.102,74.600
[SHELL] ccA:331,2397792519,419252,28.170,38.422,0.000,35.000,1.68154,2.03223,15.63,-11.280,25.479,-11.280,25.479,-10.717,6.407,1.00000,73.902
[SHELL] ccB:331,18869,1,-41.300,41.219,0.082,19.379,30.361,80.621,17.814,56.561,82.186
[SHELL] ccA:332,2398012491,419253,13.119,31.048,0.000,35.000,2.14719,2.49783,15.66,-10.992,25.630,-10.992,25.630,-10.730,6.411,1.00000,73.902
[SHELL] ccB:332,18855,1,-33.182,11.462,21.719,36.622,18.245,81.755,19.379,30.361,80.621
[SHELL] ccA:333,2398232447,419254,-3.970,35.061,0.000,35.000,2.59921,2.94993,15.55,-10.647,25.550,-10.647,25.550,-10.726,6.411,1.00000,73.902
[SHELL] ccB:333,18833,1,-14.697,-20.432,35.129,61.335,18.231,81.769,36.622,18.245,81.755
[SHELL] ccA:334,2398452523,419255,-0.216,34.746,0.000,35.000,3.06174,3.41222,15.55,-10.722,25.556,-10.722,25.556,-10.726,6.411,1.00000,73.902
[SHELL] ccB:334,18871,1,-2.556,-28.732,31.288,80.168,19.832,70.831,61.335,18.231,81.769
[SHELL] ccA:335,2398672507,419256,20.744,38.790,0.000,35.000,3.51663,3.86855,15.55,-11.162,25.548,-11.162,25.548,-10.747,6.408,1.00000,73.902
[SHELL] ccB:335,18863,1,-5.093,-35.292,40.385,82.533,17.467,44.820,80.168,19.832,70.831
[SHELL] ctrlcap v1 armed=0 count=512 clock_hz=550000000 decimation=1
[SHELL] ccA:index,cycles,seq,id,iq,idref,iqref,theta,actangle,age_us,vdreq,vqreq,vd,vq,intd,intq,scale,bus
[SHELL] ccB:index,timer,valid,ia,ib,ic,du,dv,dw,active_u,active_v,active_w
[SHELL] ccA:336,2398892591,419257,28.110,35.459,0.000,35.000,3.98536,4.33736,15.94,-11.337,25.614,-11.337,25.614,-10.775,6.407,1.00000,73.902
[SHELL] ccB:336,18905,1,7.810,-42.505,34.695,79.086,23.649,20.914,82.533,17.467,44.820
[SHELL] ccA:337,2399112427,419258,8.373,32.595,0.000,35.000,4.44534,4.79747,15.57,-10.951,25.673,-10.951,25.673,-10.783,6.410,1.00000,73.902
[SHELL] ccB:337,18823,1,29.230,-29.058,-0.172,82.688,47.998,17.312,79.086,23.649,20.914
[SHELL] ccA:338,2399332427,419259,-7.718,29.585,0.000,35.000,4.90755,5.25968,15.57,-10.621,25.739,-10.621,25.739,-10.775,6.415,1.00000,73.902
[SHELL] ccB:338,18823,1,27.527,-2.238,-25.289,79.859,72.789,20.141,82.688,47.998,17.312
[SHELL] ccA:339,2399552455,419260,0.039,34.596,0.000,35.000,5.36766,5.71972,15.57,-10.776,25.639,-10.776,25.639,-10.775,6.415,1.00000,73.902
[SHELL] ccB:339,18837,1,27.454,4.504,-31.958,59.304,82.146,17.854,79.859,72.789,20.141
[SHELL] ccA:340,2399772415,419261,24.236,51.761,0.000,35.000,5.82492,6.17709,15.52,-11.284,25.279,-11.284,25.279,-10.800,6.399,1.00000,73.902
[SHELL] ccB:340,18817,1,44.634,8.599,-53.233,32.658,80.857,19.143,59.304,82.146,17.854
[SHELL] ccA:341,2399992367,419262,19.457,37.963,0.000,35.000,0.01176,0.36382,15.65,-11.208,25.552,-11.208,25.552,-10.819,6.396,1.00000,73.902
[SHELL] ccB:341,18793,1,19.009,23.568,-42.577,18.487,81.513,34.893,32.658,80.857,19.143
[SHELL] ccA:342,2400212447,419263,-5.132,34.055,0.000,35.000,0.47614,0.82836,15.38,-10.711,25.631,-10.711,25.631,-10.814,6.397,1.00000,73.902
[SHELL] ccB:342,18833,1,-20.170,34.260,-14.090,17.955,82.045,59.929,18.487,81.513,34.893
[SHELL] ccA:343,2400432703,419264,-9.879,33.348,0.000,35.000,0.92697,1.27863,15.76,-10.607,25.647,-10.607,25.647,-10.804,6.398,1.00000,73.902
[SHELL] ccB:343,18961,1,-32.602,26.794,5.808,20.352,73.156,79.648,17.955,82.045,59.929
[SHELL] ccA:344,2400652679,419265,7.991,40.508,0.000,35.000,1.38931,1.74115,16.00,-10.972,25.498,-10.972,25.498,-10.812,6.393,1.00000,73.902
[SHELL] ccB:344,18949,1,-38.401,32.339,6.062,17.517,47.009,82.483,20.352,73.156,79.648
[SHELL] ccA:345,2400872547,419266,23.592,37.276,0.000,35.000,1.85142,2.20341,15.70,-11.308,25.561,-11.308,25.561,-10.836,6.391,1.00000,73.902
[SHELL] ccB:345,18883,1,-42.351,31.868,10.484,21.729,21.603,78.397,17.517,47.009,82.483
[SHELL] ccA:346,2401092483,419267,1.119,34.710,0.000,35.000,2.31001,2.66206,15.65,-10.859,25.612,-10.859,25.612,-10.837,6.391,1.00000,73.902
[SHELL] ccB:346,18851,1,-26.404,-6.333,32.737,45.571,17.500,82.500,21.729,21.603,78.397
[SHELL] ccA:347,2401312455,419268,-8.691,35.893,0.000,35.000,2.77857,3.13067,15.59,-10.654,25.588,-10.654,25.588,-10.828,6.390,1.00000,74.342
[SHELL] ccB:347,18837,1,-4.622,-29.421,34.042,70.932,20.059,79.941,45.571,17.500,82.500
[SHELL] ccA:348,2401532511,419269,-2.035,33.697,0.000,35.000,3.23596,3.58804,15.59,-10.785,25.633,-10.785,25.633,-10.826,6.391,1.00000,73.902
[SHELL] ccB:348,18865,1,5.200,-31.486,26.286,81.923,18.077,61.351,70.932,20.059,79.941
[SHELL] ccA:349,2401752555,419270,12.889,39.653,0.000,35.000,3.69678,4.04867,15.61,-11.097,25.509,-11.097,25.509,-10.839,6.387,1.00000,74.342
[SHELL] ccB:349,18887,1,9.948,-40.040,30.092,81.230,18.770,35.018,81.923,18.077,61.351
[SHELL] ccA:350,2401972571,419271,11.281,34.700,0.000,35.000,4.16889,4.52072,15.64,-11.076,25.609,-11.076,25.609,-10.850,6.387,1.00000,74.342
[SHELL] ccB:350,18895,1,23.866,-35.836,11.970,80.982,32.984,19.018,81.230,18.770,35.018
[SHELL] ccA:351,2402192611,419272,-7.710,33.434,0.000,35.000,4.62524,4.97694,15.64,-10.688,25.635,-10.688,25.635,-10.843,6.388,1.00000,74.342
[SHELL] ccB:351,18915,1,33.978,-12.857,-21.121,82.056,57.597,17.944,80.982,32.984,19.018
[SHELL] ctrlcap v1 armed=0 count=512 clock_hz=550000000 decimation=1
[SHELL] ccA:index,cycles,seq,id,iq,idref,iqref,theta,actangle,age_us,vdreq,vqreq,vd,vq,intd,intq,scale,bus
[SHELL] ccB:index,timer,valid,ia,ib,ic,du,dv,dw,active_u,active_v,active_w
[SHELL] ccA:352,2402412563,419273,-17.354,31.044,0.000,35.000,5.08363,5.43547,15.64,-10.478,25.687,-10.478,25.687,-10.825,6.392,1.00000,74.342
[SHELL] ccB:352,18891,1,22.634,12.441,-35.075,74.870,78.952,21.048,82.056,57.597,17.944
[SHELL] ccA:353,2402632539,419274,-4.349,39.240,0.000,35.000,5.55779,5.90968,15.58,-10.734,25.519,-10.734,25.519,-10.821,6.388,1.00000,74.342
[SHELL] ccB:353,18879,1,22.779,16.537,-39.315,48.623,82.241,17.759,74.870,78.952,21.048
[SHELL] ccA:354,2402852431,419275,15.276,39.926,0.000,35.000,6.01059,0.07953,15.58,-11.142,25.500,-11.142,25.500,-10.836,6.383,1.00000,74.342
[SHELL] ccB:354,18825,1,25.461,17.008,-42.469,23.503,78.581,21.419,48.623,82.241,17.759
[SHELL] ccA:355,2403072303,419276,-4.840,32.334,0.000,35.000,0.18165,0.53384,15.51,-10.735,25.655,-10.735,25.655,-10.831,6.386,1.00000,74.342
[SHELL] ccB:355,18761,1,-10.602,32.085,-21.483,17.825,82.175,43.446,23.503,78.581,21.419
[SHELL] ccA:356,2403292479,419277,-16.154,32.624,0.000,35.000,0.64547,0.99776,15.40,-10.492,25.651,-10.492,25.651,-10.815,6.388,1.00000,74.342
[SHELL] ccB:356,18849,1,-32.529,30.418,2.111,19.551,80.449,68.587,17.825,82.175,43.446
[SHELL] ccA:357,2403512771,419278,-8.731,33.664,0.000,35.000,1.10730,1.45904,16.09,-10.632,25.632,-10.632,25.632,-10.806,6.390,1.00000,74.342
[SHELL] ccB:357,18995,1,-34.015,23.278,10.737,18.617,63.427,81.383,19.551,80.449,68.587
[SHELL] ccA:358,2403732679,419279,8.814,40.164,0.000,35.000,1.56413,1.91603,15.78,-10.992,25.497,-10.992,25.497,-10.815,6.384,1.00000,74.342
[SHELL] ccB:358,18949,1,-40.104,27.917,12.187,18.498,37.302,81.502,18.617,63.427,81.383
[SHELL] ccA:359,2403952563,419280,7.925,31.830,0.000,35.000,2.02822,2.38020,15.73,-10.982,25.667,-10.982,25.667,-10.823,6.388,1.00000,74.342
[SHELL] ccB:359,18891,1,-32.058,10.013,22.045,30.310,19.530,80.470,18.498,37.302,81.502
[SHELL] ccA:360,2404172531,419281,-9.937,35.240,0.000,35.000,2.48376,2.83576,15.61,-10.614,25.598,-10.614,25.598,-10.813,6.387,1.00000,74.342
[SHELL] ccB:360,18875,1,-13.683,-22.570,36.253,54.872,17.841,82.159,30.310,19.530,80.470
[SHELL] ccA:361,2404392583,419282,-12.261,32.022,0.000,35.000,2.94959,3.30145,15.61,-10.556,25.666,-10.556,25.666,-10.801,6.390,1.00000,74.342
[SHELL] ccB:361,18901,1,5.925,-32.211,26.286,78.415,21.585,76.705,54.872,17.841,82.159
[SHELL] ccA:362,2404612599,419283,1.981,36.663,0.000,35.000,3.40587,3.75767,15.61,-10.843,25.571,-10.843,25.571,-10.803,6.389,1.00000,74.342
[SHELL] ccB:362,18909,1,7.665,-34.930,27.265,82.341,17.659,51.686,78.415,21.585,76.705
[SHELL] ccA:363,2404832559,419284,18.985,38.798,0.000,35.000,3.86372,4.21556,15.61,-11.202,25.525,-11.202,25.525,-10.822,6.385,1.00000,74.342
[SHELL] ccB:363,18889,1,11.398,-41.780,30.382,79.374,20.626,26.028,82.341,17.659,51.686
[SHELL] ccA:364,2405052599,419285,2.902,33.349,0.000,35.000,4.33165,4.68337,15.64,-10.883,25.635,-10.883,25.635,-10.825,6.387,1.00000,74.342
[SHELL] ccB:364,18909,1,29.883,-28.007,-1.875,82.073,41.539,17.927,79.374,20.626,26.028
[SHELL] ccA:365,2405272491,419286,-13.812,29.702,0.000,35.000,4.78551,5.13759,15.64,-10.535,25.713,-10.535,25.713,-10.811,6.392,1.00000,74.342
[SHELL] ccB:365,18855,1,28.614,-0.498,-28.116,81.015,66.057,18.985,82.073,41.539,17.927
[SHELL] ccA:366,2405492507,419287,-14.099,30.741,0.000,35.000,5.24456,5.59662,15.64,-10.515,25.697,-10.515,25.697,-10.797,6.396,1.00000,74.342
[SHELL] ccB:366,18863,1,19.336,14.362,-33.698,66.457,80.917,19.083,81.015,66.057,18.985
[SHELL] ccA:367,2405712471,419288,8.876,43.656,0.000,35.000,5.71622,6.06833,15.58,-10.983,25.430,-10.983,25.430,-10.806,6.387,1.00000,74.342
[SHELL] ccB:367,18845,1,30.934,12.296,-43.230,39.288,81.671,18.329,66.457,80.917,19.083
[SHELL] ctrlcap v1 armed=0 count=512 clock_hz=550000000 decimation=1
[SHELL] ccA:index,cycles,seq,id,iq,idref,iqref,theta,actangle,age_us,vdreq,vqreq,vd,vq,intd,intq,scale,bus
[SHELL] ccB:index,timer,valid,ia,ib,ic,du,dv,dw,active_u,active_v,active_w
[SHELL] ccA:368,2405932407,419289,17.275,38.013,0.000,35.000,6.16348,0.23240,15.58,-11.169,25.540,-11.169,25.540,-10.823,6.384,1.00000,74.342
[SHELL] ccB:368,18813,1,21.691,20.052,-41.744,20.123,79.877,27.965,39.288,81.671,18.329
[SHELL] ccA:369,2406152299,419290,-4.420,34.011,0.000,35.000,0.34784,0.69998,15.45,-10.730,25.621,-10.730,25.621,-10.819,6.385,1.00000,74.342
[SHELL] ccB:369,18759,1,-15.748,34.260,-18.511,17.681,82.319,52.768,20.123,79.877,27.965
[SHELL] ccA:370,2406373235,419291,-13.015,33.079,0.000,35.000,0.80965,1.16124,15.83,-10.545,25.641,-10.545,25.641,-10.806,6.387,1.00000,74.342
[SHELL] ccB:370,19227,1,-32.928,28.062,4.866,21.722,78.278,77.026,17.681,82.319,52.768
[SHELL] ccA:371,2406592747,419292,1.277,35.735,0.000,35.000,1.27077,1.62238,15.77,-10.832,25.588,-10.832,25.588,-10.807,6.387,1.00000,74.342
[SHELL] ccB:371,18983,1,-33.762,27.084,6.678,17.714,54.008,82.286,21.722,78.278,77.026
[SHELL] ccA:372,2406812719,419293,16.225,36.975,0.000,35.000,1.73827,2.08991,15.77,-11.148,25.561,-11.148,25.561,-10.823,6.385,1.00000,74.342
[SHELL] ccB:372,18969,1,-39.162,28.098,11.064,20.166,27.739,79.834,17.714,54.008,82.286
[SHELL] ccA:373,2407032567,419294,-0.395,33.247,0.000,35.000,2.19585,2.54781,15.72,-10.815,25.637,-10.815,25.637,-10.823,6.386,1.00000,74.342
[SHELL] ccB:373,18893,1,-26.730,-3.760,30.490,39.144,18.198,81.802,20.166,27.739,79.834
[SHELL] ccA:374,2407252495,419295,-13.945,35.886,0.000,35.000,2.65726,3.00935,15.60,-10.530,25.583,-10.530,25.583,-10.809,6.386,1.00000,74.342
[SHELL] ccB:374,18857,1,-4.368,-30.943,35.311,64.254,18.840,81.160,39.144,18.198,81.802
[SHELL] ccA:375,2407472511,419296,-7.823,35.068,0.000,35.000,3.12164,3.47372,15.60,-10.645,25.600,-10.645,25.600,-10.801,6.385,1.00000,74.342
[SHELL] ccB:375,18865,1,7.121,-34.060,26.938,80.647,19.353,67.651,64.254,18.840,81.160
[SHELL] ccA:376,2407692583,419297,8.668,39.929,0.000,35.000,3.58125,3.93314,15.60,-10.983,25.498,-10.983,25.498,-10.810,6.381,1.00000,74.342
[SHELL] ccB:376,18901,1,9.151,-39.061,29.910,81.973,18.027,41.569,80.647,19.353,67.651
[SHELL] ccA:377,2407912483,419298,12.780,34.928,0.000,35.000,4.04478,4.39686,15.63,-11.078,25.598,-11.078,25.598,-10.822,6.381,1.00000,74.342
[SHELL] ccB:377,18851,1,19.517,-37.177,17.660,79.525,26.504,20.475,81.973,18.027,41.569
[SHELL] ccA:378,2408132523,419299,-3.794,32.454,0.000,35.000,4.50110,4.85308,15.63,-10.743,25.650,-10.743,25.650,-10.819,6.383,1.00000,74.342
[SHELL] ccB:378,18871,1,32.528,-18.946,-13.582,82.392,50.770,17.608,79.525,26.504,20.475
[SHELL] ccA:379,2408352551,419300,-14.385,29.197,0.000,35.000,4.97234,5.32418,15.63,-10.517,25.721,-10.517,25.721,-10.804,6.389,1.00000,74.342
[SHELL] ccB:379,18885,1,24.518,6.280,-30.798,78.767,75.708,21.233,82.392,50.770,17.608
[SHELL] ccA:380,2408572579,419301,-8.575,32.889,0.000,35.000,5.42429,5.77612,15.63,-10.624,25.649,-10.624,25.649,-10.796,6.391,1.00000,74.342
[SHELL] ccB:380,18899,1,19.299,14.579,-33.879,56.392,82.130,17.870,78.767,75.708,21.233
[SHELL] ccA:381,2408792455,419302,10.946,42.219,0.000,35.000,5.88664,6.23878,15.57,-11.026,25.455,-11.026,25.455,-10.807,6.384,1.00000,74.342
[SHELL] ccB:381,18837,1,26.403,16.863,-43.266,30.056,80.194,19.806,56.392,82.130,17.870
[SHELL] ccA:382,2409012443,419303,5.760,34.769,0.000,35.000,0.07822,0.43002,15.56,-10.928,25.604,-10.928,25.604,-10.812,6.384,1.00000,74.342
[SHELL] ccB:382,18831,1,3.026,28.896,-31.922,18.308,81.692,38.082,30.056,80.194,19.806
[SHELL] ccA:383,2409232599,419304,-16.777,32.636,0.000,35.000,0.54100,0.89297,15.39,-10.460,25.649,-10.460,25.649,-10.796,6.386,1.00000,74.342
[SHELL] ccB:383,18909,1,-31.188,32.339,-1.151,18.603,81.397,62.905,18.308,81.692,38.082
[SHELL] ctrlcap v1 armed=0 count=512 clock_hz=550000000 decimation=1
[SHELL] ccA:index,cycles,seq,id,iq,idref,iqref,theta,actangle,age_us,vdreq,vqreq,vd,vq,intd,intq,scale,bus
[SHELL] ccB:index,timer,valid,ia,ib,ic,du,dv,dw,active_u,active_v,active_w
[SHELL] ccA:384,2409452803,419305,-17.612,32.883,0.000,35.000,0.99429,1.34595,15.90,-10.426,25.647,-10.426,25.647,-10.778,6.389,1.00000,74.342
[SHELL] ccB:384,19011,1,-37.169,21.321,15.848,19.843,69.800,80.157,18.603,81.397,62.905
[SHELL] ccA:385,2409672751,419306,0.123,41.654,0.000,35.000,1.45744,1.81070,15.84,-10.781,25.542,-10.781,25.542,-10.778,6.382,1.00000,74.342
[SHELL] ccB:385,18985,1,-41.373,24.873,16.500,17.920,43.542,82.080,19.843,69.800,80.157
[SHELL] ccA:386,2409892731,419307,11.463,36.074,0.000,35.000,1.91884,2.27205,15.84,-11.019,25.652,-11.019,25.652,-10.790,6.381,1.00000,74.342
[SHELL] ccB:386,18975,1,-37.821,17.588,20.233,24.799,20.913,79.087,17.920,43.542,82.080
[SHELL] ccA:387,2410112867,419308,-9.550,35.435,0.000,35.000,2.37938,2.73253,15.68,-10.589,25.664,-10.589,25.664,-10.780,6.380,1.00000,74.342
[SHELL] ccB:387,19043,1,-17.561,-19.127,36.688,49.006,17.663,82.337,24.799,20.913,79.087
[SHELL] ccA:388,2410332167,419309,-15.076,32.878,0.000,35.000,2.83672,3.19021,15.28,-10.463,25.718,-10.463,25.718,-10.765,6.383,1.00000,74.342
[SHELL] ccB:388,18693,1,4.512,-33.335,28.823,73.609,20.669,79.331,49.006,17.663,82.337
[SHELL] ccA:389,2410552163,419310,-4.787,35.059,0.000,35.000,3.30479,3.65832,15.28,-10.664,25.674,-10.664,25.674,-10.760,6.382,1.00000,74.342
[SHELL] ccB:389,18691,1,10.420,-34.495,24.075,82.083,17.917,57.649,73.609,20.669,79.331
[SHELL] ccA:390,2410772195,419311,14.257,40.385,0.000,35.000,3.76443,4.11788,15.28,-11.060,25.562,-11.060,25.562,-10.774,6.377,1.00000,74.342
[SHELL] ccB:390,18707,1,11.978,-41.598,29.620,80.616,19.384,31.395,82.083,17.917,57.649
[SHELL] ccA:391,2410992111,419312,4.343,33.706,0.000,35.000,4.22483,4.57857,15.31,-10.866,25.697,-10.866,25.697,-10.779,6.378,1.00000,74.342
[SHELL] ccB:391,18665,1,27.744,-30.870,3.126,81.431,35.671,18.569,80.616,19.384,31.395
[SHELL] ccA:392,2411212087,419313,-11.818,31.672,0.000,35.000,4.68493,5.03872,15.31,-10.531,25.741,-10.531,25.741,-10.767,6.382,1.00000,74.342
[SHELL] ccB:392,18653,1,31.985,-6.514,-25.470,81.809,60.656,18.191,81.431,35.671,18.569
[SHELL] ccA:393,2411432099,419314,-15.344,30.939,0.000,35.000,5.14637,5.50016,15.31,-10.445,25.760,-10.445,25.760,-10.752,6.386,1.00000,74.342
[SHELL] ccB:393,18659,1,21.619,12.514,-34.132,71.728,79.852,20.148,81.809,60.656,18.191
[SHELL] ccA:394,2411652111,419315,0.734,39.719,0.000,35.000,5.60002,5.95380,15.31,-10.767,25.579,-10.767,25.579,-10.752,6.381,1.00000,74.342
[SHELL] ccB:394,18665,1,25.642,13.456,-39.098,46.138,82.253,17.747,71.728,79.852,20.148
[SHELL] ccA:395,2411872167,419316,18.773,39.930,0.000,35.000,6.06674,0.13736,15.31,-11.147,25.570,-11.147,25.570,-10.771,6.376,1.00000,74.342
[SHELL] ccB:395,18693,1,26.911,16.827,-43.737,21.464,78.536,23.079,46.138,82.253,17.747
[SHELL] ccA:396,2412092151,419317,-1.149,33.108,0.000,35.000,0.24179,0.59553,15.36,-10.747,25.709,-10.747,25.709,-10.770,6.378,1.00000,74.342
[SHELL] ccB:396,18685,1,-9.043,32.121,-23.078,17.590,82.410,46.869,21.464,78.536,23.079
[SHELL] ccA:397,2412312303,419318,-15.094,32.079,0.000,35.000,0.69468,1.04850,15.25,-10.453,25.732,-10.453,25.732,-10.755,6.381,1.00000,74.342
[SHELL] ccB:397,18761,1,-32.131,29.041,3.090,20.040,79.960,71.159,17.590,82.410,46.869
[SHELL] ccA:398,2412532495,419319,-4.500,35.063,0.000,35.000,1.15998,1.51346,15.63,-10.660,25.672,-10.660,25.672,-10.750,6.381,1.00000,74.342
[SHELL] ccB:398,18857,1,-33.943,25.525,8.418,18.184,60.447,81.816,20.040,79.960,71.159
[SHELL] ccA:399,2412752539,419320,19.824,40.065,0.000,35.000,1.61900,1.97249,15.63,-11.167,25.567,-11.167,25.567,-10.770,6.376,1.00000,74.342
[SHELL] ccB:399,18879,1,-40.974,35.963,5.011,18.855,33.909,81.145,18.184,60.447,81.816
[SHELL] ctrlcap v1 armed=0 count=512 clock_hz=550000000 decimation=1
[SHELL] ccA:index,cycles,seq,id,iq,idref,iqref,theta,actangle,age_us,vdreq,vqreq,vd,vq,intd,intq,scale,bus
[SHELL] ccB:index,timer,valid,ia,ib,ic,du,dv,dw,active_u,active_v,active_w
[SHELL] ccA:400,2412972515,419321,13.688,32.230,0.000,35.000,2.08019,2.43360,15.66,-11.058,25.727,-11.058,25.727,-10.784,6.379,1.00000,74.342
[SHELL] ccB:400,18867,1,-34.813,14.145,20.668,33.192,18.856,81.144,18.855,33.909,81.145
[SHELL] ccA:401,2413192451,419322,-4.285,36.936,0.000,35.000,2.53865,2.89219,15.55,-10.694,25.631,-10.694,25.631,-10.780,6.377,1.00000,74.342
[SHELL] ccB:401,18835,1,-17.416,-19.743,37.159,58.145,17.991,82.009,33.192,18.856,81.144
[SHELL] ccA:402,2413412443,419323,-2.488,36.723,0.000,35.000,2.99854,3.35210,15.55,-10.727,25.633,-10.727,25.633,-10.777,6.375,1.00000,74.342
[SHELL] ccB:402,18831,1,-2.773,-30.399,33.172,79.282,20.718,73.899,58.145,17.991,82.009
[SHELL] ccA:403,2413632543,419324,17.536,39.505,0.000,35.000,3.46318,3.81645,15.55,-11.145,25.573,-11.145,25.573,-10.795,6.370,1.00000,74.342
[SHELL] ccB:403,18881,1,-4.150,-35.183,39.334,82.473,17.527,47.825,79.282,20.718,73.899
[SHELL] ccA:404,2413852511,419325,26.693,35.530,0.000,35.000,3.93860,4.29186,15.63,-11.355,25.652,-11.355,25.652,-10.821,6.370,1.00000,74.342
[SHELL] ccB:404,18865,1,6.759,-41.417,34.658,78.363,21.637,21.885,82.473,17.527,47.825
[SHELL] ccA:405,2414072519,419326,4.170,32.290,0.000,35.000,4.39493,4.74812,15.57,-10.909,25.720,-10.909,25.720,-10.826,6.373,1.00000,74.342
[SHELL] ccB:405,18869,1,29.375,-26.847,-2.528,82.423,45.118,17.577,78.363,21.637,21.885
[SHELL] ccA:406,2414292435,419327,-12.793,29.003,0.000,35.000,4.84944,5.20297,15.57,-10.557,25.791,-10.557,25.791,-10.813,6.379,1.00000,74.782
[SHELL] ccB:406,18827,1,26.983,0.916,-27.899,80.256,69.456,19.745,82.423,45.118,17.577
[SHELL] ccA:407,2414512435,419328,-6.327,32.583,0.000,35.000,5.31530,5.66883,15.57,-10.680,25.722,-10.680,25.722,-10.806,6.381,1.00000,74.342
[SHELL] ccB:407,18827,1,23.250,8.889,-32.139,62.308,81.657,18.343,80.256,69.456,19.745
[SHELL] ccA:408,2414733299,419329,21.210,48.303,0.000,35.000,5.77529,6.12885,17.26,-11.252,25.394,-11.252,25.394,-10.828,6.368,1.00000,74.342
[SHELL] ccB:408,19259,1,42.024,6.606,-48.630,35.444,81.246,18.754,62.308,81.657,18.343
[SHELL] ccA:409,2414952531,419330,20.422,37.170,0.000,35.000,6.23572,0.30608,15.95,-11.256,25.615,-11.256,25.615,-10.848,6.366,1.00000,74.342
[SHELL] ccB:409,18875,1,22.163,20.233,-42.396,19.134,80.866,31.863,35.444,81.246,18.754
[SHELL] ccA:410,2415172523,419331,-2.665,33.876,0.000,35.000,0.42033,0.77389,15.68,-10.792,25.682,-10.792,25.682,-10.845,6.367,1.00000,74.342
[SHELL] ccB:410,18871,1,-16.256,33.970,-17.714,17.800,82.200,56.980,19.134,80.866,31.863
[SHELL] ccA:411,2415392703,419332,-9.726,33.049,0.000,35.000,0.88465,1.23766,15.76,-10.641,25.700,-10.641,25.700,-10.836,6.369,1.00000,74.342
[SHELL] ccB:411,18961,1,-31.732,27.482,4.250,21.025,75.127,78.975,17.800,82.200,56.980
[SHELL] ccA:412,2415612671,419333,9.428,39.255,0.000,35.000,1.34331,1.69637,15.70,-11.034,25.572,-11.034,25.572,-10.845,6.364,1.00000,74.782
[SHELL] ccB:412,18945,1,-36.117,33.680,2.438,17.748,49.480,82.252,21.025,75.127,78.975
[SHELL] ccA:413,2415832551,419334,24.666,35.576,0.000,35.000,1.80916,2.16256,15.70,-11.363,25.645,-11.363,25.645,-10.870,6.364,1.00000,74.342
[SHELL] ccB:413,18885,1,-40.394,33.680,6.714,21.097,23.601,78.903,17.748,49.480,82.252
[SHELL] ccA:414,2416052475,419335,1.799,32.427,0.000,35.000,2.27036,2.62383,15.65,-10.908,25.711,-10.908,25.711,-10.872,6.366,1.00000,74.782
[SHELL] ccB:414,18847,1,-25.969,-3.905,29.874,43.486,17.876,82.124,21.097,23.601,78.903
[SHELL] ccA:415,2416272451,419336,-9.836,32.791,0.000,35.000,2.73930,3.09282,15.59,-10.665,25.705,-10.665,25.705,-10.862,6.369,1.00000,74.782
[SHELL] ccB:415,18835,1,-3.788,-27.572,31.360,68.853,19.665,80.335,43.486,17.876,82.124
[SHELL] ctrlcap v1 armed=0 count=512 clock_hz=550000000 decimation=1
[SHELL] ccA:index,cycles,seq,id,iq,idref,iqref,theta,actangle,age_us,vdreq,vqreq,vd,vq,intd,intq,scale,bus
[SHELL] ccB:index,timer,valid,ia,ib,ic,du,dv,dw,active_u,active_v,active_w
[SHELL] ccA:416,2416492571,419337,-3.347,32.713,0.000,35.000,3.20516,3.55848,15.59,-10.791,25.709,-10.791,25.709,-10.858,6.371,1.00000,74.782
[SHELL] ccB:416,18895,1,5.418,-30.798,25.380,81.418,18.582,62.908,68.853,19.665,80.335
[SHELL] ccA:417,2416712503,419338,10.648,37.243,0.000,35.000,3.66918,4.02263,15.61,-11.082,25.617,-11.082,25.617,-10.869,6.369,1.00000,74.782
[SHELL] ccB:417,18861,1,9.550,-37.285,27.736,81.380,18.620,36.576,81.418,18.582,62.908
[SHELL] ccA:418,2416932515,419339,8.539,32.304,0.000,35.000,4.13834,4.49173,15.64,-11.048,25.718,-11.048,25.718,-10.878,6.371,1.00000,74.782
[SHELL] ccB:418,18867,1,22.489,-32.646,10.157,80.576,31.356,19.424,81.380,18.620,36.576
[SHELL] ccA:419,2417152535,419340,-7.072,32.847,0.000,35.000,4.59951,4.95285,15.64,-10.729,25.709,-10.729,25.709,-10.870,6.373,1.00000,74.782
[SHELL] ccB:419,18877,1,33.434,-13.836,-19.599,82.059,56.257,17.941,80.576,31.356,19.424
[SHELL] ccA:420,2417372571,419341,-17.032,30.551,0.000,35.000,5.06128,5.41452,15.64,-10.513,25.760,-10.513,25.760,-10.853,6.378,1.00000,74.782
[SHELL] ccB:420,18895,1,22.887,11.462,-34.350,75.829,78.561,21.439,82.059,56.257,17.941
[SHELL] ccA:421,2417592459,419342,-6.355,36.843,0.000,35.000,5.52984,5.88339,15.58,-10.720,25.632,-10.720,25.632,-10.847,6.376,1.00000,74.782
[SHELL] ccB:421,18839,1,20.568,16.754,-37.322,50.205,82.175,17.825,75.829,78.561,21.439
[SHELL] ccA:422,2417812451,419343,15.485,41.169,0.000,35.000,5.98563,0.05600,15.58,-11.172,25.539,-11.172,25.539,-10.863,6.370,1.00000,74.782
[SHELL] ccB:422,18835,1,26.874,16.718,-43.592,24.758,78.806,21.194,50.205,82.175,17.825
[SHELL] ccA:423,2418032311,419344,-1.798,32.536,0.000,35.000,0.15490,0.50850,15.51,-10.825,25.714,-10.825,25.714,-10.861,6.372,1.00000,74.782
[SHELL] ccB:423,18765,1,-6.796,30.998,-24.202,18.007,81.993,42.177,24.758,78.806,21.194
[SHELL] ccA:424,2418252471,419345,-15.102,33.126,0.000,35.000,0.62667,0.98038,15.40,-10.544,25.704,-10.544,25.704,-10.846,6.374,1.00000,74.782
[SHELL] ccB:424,18845,1,-31.660,31.397,0.263,19.484,80.516,67.659,18.007,81.993,42.177
[SHELL] ccA:425,2418472751,419346,-8.182,33.782,0.000,35.000,1.08874,1.44174,15.78,-10.674,25.693,-10.674,25.693,-10.837,6.375,1.00000,74.782
[SHELL] ccB:425,18985,1,-33.725,24.148,9.578,18.855,64.288,81.145,19.484,80.516,67.659
[SHELL] ccA:426,2418692671,419347,9.632,37.872,0.000,35.000,1.54769,1.90098,15.78,-11.040,25.608,-11.040,25.608,-10.847,6.373,1.00000,74.782
[SHELL] ccB:426,18945,1,-37.640,27.917,9.723,18.440,38.142,81.560,18.855,64.288,81.145
[SHELL] ccA:427,2418912663,419348,8.489,31.467,0.000,35.000,2.00918,2.36224,15.73,-11.025,25.740,-11.025,25.740,-10.856,6.376,1.00000,74.782
[SHELL] ccB:427,18941,1,-32.094,11.136,20.958,29.446,19.822,80.178,18.440,38.142,81.560
[SHELL] ccA:428,2419132619,419349,-8.511,33.530,0.000,35.000,2.47379,2.82717,15.93,-10.677,25.700,-10.677,25.700,-10.847,6.378,1.00000,74.782
[SHELL] ccB:428,18919,1,-14.081,-20.323,34.405,54.424,17.873,82.127,29.446,19.822,80.178
[SHELL] ccA:429,2419352615,419350,-11.761,32.617,0.000,35.000,2.93445,3.28760,15.61,-10.600,25.720,-10.600,25.720,-10.835,6.380,1.00000,74.782
[SHELL] ccB:429,18917,1,4.802,-32.139,27.337,78.112,21.888,77.254,54.424,17.873,82.127
[SHELL] ccA:430,2419572579,419351,3.052,35.395,0.000,35.000,3.39517,3.74845,15.62,-10.899,25.664,-10.899,25.664,-10.838,6.380,1.00000,74.782
[SHELL] ccB:430,18899,1,5.925,-33.299,27.373,82.266,17.734,52.166,78.112,21.888,77.254
[SHELL] ccA:431,2419792507,419352,17.259,36.344,0.000,35.000,3.86656,4.22003,15.61,-11.201,25.644,-11.201,25.644,-10.856,6.378,1.00000,74.782
[SHELL] ccB:431,18863,1,11.181,-39.061,27.881,79.278,20.722,25.937,82.266,17.734,52.166
[SHELL] ctrlcap v1 armed=0 count=512 clock_hz=550000000 decimation=1
[SHELL] ccA:index,cycles,seq,id,iq,idref,iqref,theta,actangle,age_us,vdreq,vqreq,vd,vq,intd,intq,scale,bus
[SHELL] ccB:index,timer,valid,ia,ib,ic,du,dv,dw,active_u,active_v,active_w
[SHELL] ccA:432,2420012523,419353,1.523,31.944,0.000,35.000,4.32579,4.67920,15.64,-10.888,25.735,-10.888,25.735,-10.857,6.381,1.00000,74.782
[SHELL] ccB:432,18871,1,29.013,-26.159,-2.854,81.965,41.261,18.035,79.278,20.722,25.937
[SHELL] ccA:433,2420232511,419354,-14.514,28.808,0.000,35.000,4.78982,5.14326,15.64,-10.552,25.804,-10.552,25.804,-10.843,6.387,1.00000,74.782
[SHELL] ccB:433,18865,1,27.599,0.662,-28.261,80.886,66.283,19.114,81.965,41.261,18.035
[SHELL] ccA:434,2420452511,419355,-14.578,29.472,0.000,35.000,5.24342,5.59688,15.64,-10.536,25.796,-10.536,25.796,-10.828,6.393,1.00000,74.782
[SHELL] ccB:434,18865,1,18.031,14.797,-32.828,66.439,80.842,19.158,80.886,66.283,19.114
[SHELL] ccA:435,2420672463,419356,7.513,41.978,0.000,35.000,5.71090,6.06584,15.58,-10.986,25.615,-10.986,25.615,-10.836,6.386,1.00000,74.782
[SHELL] ccB:435,18841,1,29.049,12.514,-41.562,39.562,81.710,18.290,66.439,80.842,19.158
[SHELL] ccA:436,2420892515,419357,19.475,37.761,0.000,35.000,6.17008,0.24157,15.58,-11.245,25.697,-11.245,25.697,-10.855,6.383,1.00000,74.782
[SHELL] ccB:436,18867,1,23.612,18.784,-42.396,19.995,80.005,28.446,39.562,81.710,18.290
[SHELL] ccA:437,2421112359,419358,-2.040,33.425,0.000,35.000,0.35167,0.70644,15.45,-10.812,25.785,-10.812,25.785,-10.853,6.385,1.00000,74.782
[SHELL] ccB:437,18789,1,-13.429,33.281,-19.852,17.671,82.329,53.155,19.995,80.005,28.446
[SHELL] ccA:438,2421332775,419359,-10.692,32.067,0.000,35.000,0.81581,1.17015,15.83,-10.628,25.815,-10.628,25.815,-10.842,6.388,1.00000,74.782
[SHELL] ccB:438,18997,1,-30.681,27.627,3.054,21.839,78.161,77.508,17.671,82.329,53.155
[SHELL] ccA:439,2421552743,419360,3.067,35.597,0.000,35.000,1.28514,1.63959,15.77,-10.907,25.744,-10.907,25.744,-10.845,6.387,1.00000,74.782
[SHELL] ccB:439,18981,1,-33.290,27.881,5.410,17.669,53.031,82.331,21.839,78.161,77.508
[SHELL] ccA:440,2421772715,419361,16.843,35.945,0.000,35.000,1.74226,2.09668,15.77,-11.199,25.736,-11.199,25.736,-10.862,6.386,1.00000,74.342
[SHELL] ccB:440,18967,1,-38.292,28.207,10.085,20.049,27.285,79.951,17.669,53.031,82.331
[SHELL] ccA:441,2421992563,419362,0.700,33.144,0.000,35.000,2.21927,2.57405,15.72,-10.877,25.794,-10.877,25.794,-10.863,6.388,1.00000,74.782
[SHELL] ccB:441,18891,1,-26.839,-3.434,30.273,40.584,18.040,81.960,20.049,27.285,79.951
[SHELL] ccA:442,2422212487,419363,-12.918,36.404,0.000,35.000,2.67310,3.02800,15.60,-10.592,25.728,-10.592,25.728,-10.850,6.387,1.00000,74.782
[SHELL] ccB:442,18853,1,-4.912,-30.725,35.637,65.259,19.007,80.993,40.584,18.040,81.960
[SHELL] ccA:443,2422432523,419364,-9.059,32.733,0.000,35.000,3.13997,3.49482,15.60,-10.660,25.803,-10.660,25.803,-10.841,6.389,1.00000,74.782
[SHELL] ccB:443,18871,1,9.006,-32.864,23.858,80.866,19.134,66.667,65.259,19.007,80.993
[SHELL] ccA:444,2422652527,419365,9.494,39.166,0.000,35.000,3.60756,3.96243,15.60,-11.040,25.670,-11.040,25.670,-10.850,6.385,1.00000,74.782
[SHELL] ccB:444,18873,1,9.115,-38.554,29.439,81.839,18.161,39.976,80.866,19.134,66.667
[SHELL] ccA:445,2422872523,419366,12.183,33.433,0.000,35.000,4.06066,4.41545,15.63,-11.106,25.787,-11.106,25.787,-10.863,6.386,1.00000,74.342
[SHELL] ccB:445,18871,1,19.191,-35.546,16.355,79.946,27.219,20.054,81.839,18.161,39.976
[SHELL] ccA:446,2423092519,419367,-3.736,32.538,0.000,35.000,4.52902,4.88378,15.63,-10.784,25.807,-10.784,25.807,-10.859,6.389,1.00000,74.342
[SHELL] ccB:446,18869,1,32.673,-18.294,-14.380,82.551,52.461,17.449,79.946,27.219,20.054
[SHELL] ccA:447,2423312563,419368,-13.126,30.014,0.000,35.000,4.99635,5.35099,15.63,-10.583,25.862,-10.583,25.862,-10.846,6.394,1.00000,74.342
[SHELL] ccB:447,18891,1,25.135,5.627,-30.762,78.514,77.201,21.486,82.551,52.461,17.449
[SHELL] ctrlcap v1 armed=0 count=512 clock_hz=550000000 decimation=1
[SHELL] ccA:index,cycles,seq,id,iq,idref,iqref,theta,actangle,age_us,vdreq,vqreq,vd,vq,intd,intq,scale,bus
[SHELL] ccB:index,timer,valid,ia,ib,ic,du,dv,dw,active_u,active_v,active_w
[SHELL] ccA:448,2423532483,419369,-5.514,35.654,0.000,35.000,5.45289,5.80778,15.63,-10.730,25.749,-10.730,25.749,-10.840,6.393,1.00000,74.782
[SHELL] ccB:448,18851,1,22.598,13.057,-35.655,54.504,82.200,17.800,78.514,77.201,21.486
[SHELL] ccA:449,2423752551,419370,15.200,42.068,0.000,35.000,5.91986,6.27445,15.57,-11.159,25.614,-11.159,25.614,-10.855,6.386,1.00000,74.342
[SHELL] ccB:449,18885,1,29.158,14.797,-43.955,27.936,79.950,20.050,54.504,82.200,17.800
[SHELL] ccA:450,2423972359,419371,5.699,33.039,0.000,35.000,0.10754,0.46248,15.56,-10.975,25.796,-10.975,25.796,-10.861,6.388,1.00000,74.342
[SHELL] ccB:450,18789,1,2.120,27.917,-30.037,17.885,82.115,39.736,27.936,79.950,20.050
[SHELL] ccA:451,2424192503,419372,-17.791,31.811,0.000,35.000,0.57134,0.92645,15.39,-10.488,25.824,-10.488,25.824,-10.843,6.391,1.00000,74.342
[SHELL] ccB:451,18861,1,-32.167,30.925,1.242,18.665,81.335,64.731,17.885,82.115,39.736
[SHELL] ccA:452,2424412731,419373,-15.743,34.051,0.000,35.000,1.03434,1.38901,15.84,-10.513,25.780,-10.513,25.780,-10.828,6.392,1.00000,74.342
[SHELL] ccB:452,18975,1,-37.314,22.009,15.304,19.195,67.574,80.805,18.665,81.335,64.731
[SHELL] ccA:453,2424632731,419374,3.143,42.730,0.000,35.000,1.48678,1.84145,15.84,-10.894,25.599,-10.894,25.599,-10.831,6.384,1.00000,74.342
[SHELL] ccB:453,18975,1,-42.315,26.975,15.340,17.952,41.645,82.048,19.195,67.574,80.805
[SHELL] ccA:454,2424852727,419375,12.473,35.508,0.000,35.000,1.96869,2.32331,15.84,-11.093,25.743,-11.093,25.743,-10.843,6.384,1.00000,74.342
[SHELL] ccB:454,18973,1,-37.567,16.827,20.741,27.382,20.071,79.929,17.952,41.645,82.048
[SHELL] ccA:455,2425072751,419376,-7.574,35.088,0.000,35.000,2.42243,2.77724,15.68,-10.684,25.751,-10.684,25.751,-10.836,6.384,1.00000,74.342
[SHELL] ccB:455,18985,1,-17.416,-18.475,35.891,51.627,17.536,82.464,27.382,20.071,79.929
[SHELL] ccA:456,2425292167,419377,-15.289,31.331,0.000,35.000,2.89013,3.24501,15.29,-10.515,25.830,-10.515,25.830,-10.820,6.387,1.00000,74.342
[SHELL] ccB:456,18693,1,7.013,-33.081,26.069,76.482,21.335,78.665,51.627,17.536,82.464
[SHELL] ccA:457,2425512167,419378,-6.207,32.238,0.000,35.000,3.34987,3.70485,15.28,-10.690,25.814,-10.690,25.814,-10.814,6.390,1.00000,74.342
[SHELL] ccB:457,18693,1,12.739,-32.574,19.835,82.413,17.587,55.142,76.482,21.335,78.665
[SHELL] ccA:458,2425732147,419379,11.668,36.816,0.000,35.000,3.81663,4.17161,15.28,-11.059,25.721,-11.059,25.721,-10.826,6.388,1.00000,74.342
[SHELL] ccB:458,18683,1,13.899,-38.155,24.256,80.180,19.820,28.581,82.413,17.587,55.142
[SHELL] ccA:459,2425952147,419380,3.569,32.319,0.000,35.000,4.26951,4.62446,15.31,-10.901,25.814,-10.901,25.814,-10.829,6.391,1.00000,74.342
[SHELL] ccB:459,18683,1,27.672,-28.623,0.952,81.912,38.106,18.088,80.180,19.820,28.581
[SHELL] ccA:460,2426172091,419381,-10.806,29.235,0.000,35.000,4.73870,5.09391,15.31,-10.602,25.881,-10.602,25.881,-10.819,6.397,1.00000,74.342
[SHELL] ccB:460,18655,1,28.940,-4.449,-24.492,81.595,63.783,18.405,81.912,38.106,18.088
[SHELL] ccA:461,2426392087,419382,-13.732,26.166,0.000,35.000,5.19672,5.55191,15.31,-10.530,25.951,-10.530,25.951,-10.805,6.406,1.00000,73.902
[SHELL] ccB:461,18653,1,16.762,12.695,-29.457,69.268,80.877,19.123,81.595,63.783,18.405
[SHELL] ccA:462,2426612087,419383,3.595,39.774,0.000,35.000,5.65825,6.01343,15.31,-10.880,25.674,-10.880,25.674,-10.808,6.401,1.00000,73.902
[SHELL] ccB:462,18653,1,26.186,13.021,-39.207,42.602,82.397,17.603,69.268,80.877,19.123
[SHELL] ccA:463,2426832167,419384,18.883,38.486,0.000,35.000,6.12323,0.19523,15.31,-11.205,25.697,-11.205,25.697,-10.827,6.397,1.00000,74.342
[SHELL] ccB:463,18693,1,24.772,17.914,-42.686,20.464,79.536,25.868,42.602,82.397,17.603
[SHELL] ctrlcap v1 armed=0 count=512 clock_hz=550000000 decimation=1
[SHELL] ccA:index,cycles,seq,id,iq,idref,iqref,theta,actangle,age_us,vdreq,vqreq,vd,vq,intd,intq,scale,bus
[SHELL] ccB:index,timer,valid,ia,ib,ic,du,dv,dw,active_u,active_v,active_w
[SHELL] ccA:464,2427052123,419385,-2.426,33.359,0.000,35.000,0.29950,0.65467,15.31,-10.776,25.801,-10.776,25.801,-10.825,6.399,1.00000,73.902
[SHELL] ccB:464,18671,1,-12.160,33.064,-20.903,17.234,82.766,50.177,20.464,79.536,25.868
[SHELL] ccA:465,2427272571,419386,-13.204,32.616,0.000,35.000,0.75875,1.11333,15.60,-10.548,25.818,-10.548,25.818,-10.812,6.401,1.00000,73.902
[SHELL] ccB:465,18895,1,-32.022,28.642,3.380,20.628,79.372,74.825,17.234,82.766,50.177
[SHELL] ccA:466,2427493179,419387,2.214,36.921,0.000,35.000,1.23212,1.58670,15.63,-10.858,25.730,-10.858,25.730,-10.814,6.400,1.00000,73.902
[SHELL] ccB:466,19199,1,-34.088,29.476,4.612,17.465,56.131,82.535,20.628,79.372,74.825
[SHELL] ccA:467,2427712515,419388,20.115,39.442,0.000,35.000,1.68762,2.04251,15.63,-11.236,25.675,-11.236,25.675,-10.834,6.395,1.00000,73.902
[SHELL] ccB:467,18867,1,-41.518,34.079,7.439,19.270,29.927,80.730,17.465,56.131,82.535
[SHELL] ccA:468,2427932491,419389,7.208,33.485,0.000,35.000,2.14567,2.50053,15.66,-10.985,25.796,-10.985,25.796,-10.841,6.397,1.00000,73.902
[SHELL] ccB:468,18855,1,-32.022,5.482,26.540,36.557,18.074,81.926,19.270,29.927,80.730
[SHELL] ccA:469,2428152447,419390,-5.362,36.035,0.000,35.000,2.61101,2.96597,15.55,-10.729,25.744,-10.729,25.744,-10.836,6.396,1.00000,73.902
[SHELL] ccB:469,18833,1,-13.610,-22.462,36.072,62.311,18.099,81.901,36.557,18.074,81.926
[SHELL] ccA:470,2428372515,419391,1.192,36.489,0.000,35.000,3.07430,3.42905,15.55,-10.861,25.733,-10.861,25.733,-10.837,6.394,1.00000,73.902
[SHELL] ccB:470,18867,1,-3.643,-29.638,33.281,80.629,19.371,69.991,62.311,18.099,81.901
[SHELL] ccA:471,2428592443,419392,20.558,39.922,0.000,35.000,3.53104,3.88599,15.55,-11.269,25.660,-11.269,25.660,-10.858,6.389,1.00000,73.902
[SHELL] ccB:471,18831,1,-3.860,-36.814,40.675,82.639,17.361,43.699,80.629,19.371,69.991
[SHELL] ccA:472,2428812447,419393,27.272,34.316,0.000,35.000,4.00570,4.36062,15.57,-11.430,25.773,-11.430,25.773,-10.885,6.390,1.00000,73.902
[SHELL] ccB:472,18833,1,8.390,-41.454,33.064,79.635,24.702,20.365,82.639,17.361,43.699
[SHELL] ccA:473,2429032463,419394,3.763,31.593,0.000,35.000,4.47067,4.82550,15.57,-10.964,25.830,-10.964,25.830,-10.889,6.393,1.00000,73.902
[SHELL] ccB:473,18841,1,29.774,-24.600,-5.174,82.882,49.483,17.118,79.635,24.702,20.365
[SHELL] ccA:474,2429252499,419395,-9.965,28.567,0.000,35.000,4.92943,5.28413,15.57,-10.679,25.897,-10.679,25.897,-10.879,6.400,1.00000,73.902
[SHELL] ccB:474,18859,1,25.751,0.879,-26.630,79.711,74.181,20.289,82.882,49.483,17.118
[SHELL] ccA:475,2429472443,419396,0.048,34.453,0.000,35.000,5.39826,5.75318,15.57,-10.880,25.780,-10.880,25.780,-10.879,6.400,1.00000,73.902
[SHELL] ccB:475,18831,1,26.693,5.518,-32.212,57.400,82.511,17.489,79.711,74.181,20.289
[SHELL] ccA:476,2429692503,419397,26.673,48.344,0.000,35.000,5.86141,6.21604,15.52,-11.439,25.489,-11.439,25.489,-10.905,6.387,1.00000,73.902
[SHELL] ccB:476,18861,1,44.126,6.678,-50.805,30.306,80.702,19.298,57.400,82.511,17.489
[SHELL] ccA:477,2429912403,419398,16.257,35.314,0.000,35.000,0.03672,0.39134,15.54,-11.247,25.749,-11.247,25.749,-10.922,6.387,1.00000,73.902
[SHELL] ccB:477,18811,1,14.950,23.604,-38.554,18.048,81.952,36.219,30.306,80.702,19.298
[SHELL] ccA:478,2430132431,419399,-4.750,32.408,0.000,35.000,0.50667,0.86172,15.32,-10.822,25.810,-10.822,25.810,-10.917,6.389,1.00000,73.902
[SHELL] ccB:478,18825,1,-19.880,32.484,-12.604,17.934,82.066,61.928,18.048,81.952,36.219
[SHELL] ccA:479,2430352595,419400,-5.708,33.943,0.000,35.000,0.98000,1.33476,15.76,-10.797,25.780,-10.797,25.780,-10.911,6.390,1.00000,73.902
[SHELL] ccB:479,18907,1,-31.370,27.953,3.416,19.381,70.145,80.619,17.934,82.066,61.928
[SHELL] ctrlcap v1 armed=0 count=512 clock_hz=550000000 decimation=1
[SHELL] ccA:index,cycles,seq,id,iq,idref,iqref,theta,actangle,age_us,vdreq,vqreq,vd,vq,intd,intq,scale,bus
[SHELL] ccB:index,timer,valid,ia,ib,ic,du,dv,dw,active_u,active_v,active_w
[SHELL] ccA:480,2430572591,419401,16.719,38.775,0.000,35.000,1.44162,1.79641,15.70,-11.262,25.680,-11.262,25.680,-10.928,6.386,1.00000,73.902
[SHELL] ccB:480,18905,1,-36.299,36.833,-0.534,17.358,43.451,82.642,19.381,70.145,80.619
[SHELL] ccA:481,2430792499,419402,19.694,32.753,0.000,35.000,1.90313,2.25809,15.63,-11.342,25.803,-11.342,25.803,-10.948,6.389,1.00000,73.902
[SHELL] ccB:481,18859,1,-37.386,25.561,11.825,24.123,20.543,79.457,17.358,43.451,82.642
[SHELL] ccA:482,2431012447,419403,-4.144,32.944,0.000,35.000,2.37044,2.72535,15.59,-10.861,25.801,-10.861,25.801,-10.943,6.391,1.00000,74.342
[SHELL] ccB:482,18833,1,-19.989,-12.966,32.955,48.994,17.395,82.605,24.123,20.543,79.457
[SHELL] ccA:483,2431232567,419404,-9.317,33.379,0.000,35.000,2.83223,3.18684,15.59,-10.748,25.794,-10.748,25.794,-10.934,6.392,1.00000,73.902
[SHELL] ccB:483,18893,1,-1.287,-29.348,30.635,74.161,20.374,79.626,48.994,17.395,82.605
[SHELL] ccA:484,2431452563,419405,1.643,33.225,0.000,35.000,3.30181,3.65650,15.59,-10.969,25.799,-10.969,25.799,-10.936,6.394,1.00000,73.902
[SHELL] ccB:484,18891,1,3.678,-30.472,26.793,82.573,17.427,57.392,74.161,20.374,79.626
[SHELL] ccA:485,2431672543,419406,17.319,38.161,0.000,35.000,3.77450,4.13057,15.61,-11.300,25.773,-11.300,25.773,-10.953,6.391,1.00000,74.342
[SHELL] ccB:485,18881,1,8.607,-39.823,31.215,80.739,19.261,30.265,82.573,17.427,57.392
[SHELL] ccA:486,2431892595,419407,6.753,32.872,0.000,35.000,4.23934,4.59527,15.64,-11.095,25.881,-11.095,25.881,-10.960,6.393,1.00000,73.902
[SHELL] ccB:486,18907,1,26.186,-31.269,5.083,82.086,36.652,17.914,80.739,19.261,30.265
[SHELL] ccA:487,2432112511,419408,-11.970,32.469,0.000,35.000,4.71044,5.06670,15.64,-10.709,25.892,-10.709,25.892,-10.948,6.396,1.00000,73.902
[SHELL] ccB:487,18865,1,32.492,-5.935,-26.558,82.022,62.570,17.978,82.086,36.652,17.914
[SHELL] ccA:488,2432332495,419409,-16.269,32.220,0.000,35.000,5.17216,5.52844,15.64,-10.606,25.900,-10.606,25.900,-10.932,6.398,1.00000,73.902
[SHELL] ccB:488,18857,1,21.655,14.181,-35.836,70.333,80.624,19.376,82.022,62.570,17.978
[SHELL] ccA:489,2432552467,419410,0.440,42.960,0.000,35.000,5.63587,5.99221,15.58,-10.941,25.677,-10.941,25.677,-10.932,6.390,1.00000,73.902
[SHELL] ccB:489,18843,1,26.258,16.319,-42.577,43.678,82.503,17.497,70.333,80.624,19.376
[SHELL] ccA:490,2432772411,419411,15.132,42.003,0.000,35.000,6.09636,0.16950,15.58,-11.250,25.689,-11.250,25.689,-10.947,6.383,1.00000,73.902
[SHELL] ccB:490,18815,1,22.670,21.973,-44.643,20.625,79.375,24.478,43.678,82.503,17.497
[SHELL] ccA:491,2432992283,419412,-4.161,35.203,0.000,35.000,0.27974,0.63614,15.46,-10.860,25.825,-10.860,25.825,-10.943,6.383,1.00000,73.902
[SHELL] ccB:491,18751,1,-13.719,35.166,-21.447,17.173,82.827,49.262,20.625,79.375,24.478
[SHELL] ccA:492,2433212467,419413,-15.137,32.991,0.000,35.000,0.74344,1.09990,15.40,-10.625,25.871,-10.625,25.871,-10.928,6.385,1.00000,73.902
[SHELL] ccB:492,18843,1,-33.472,28.896,4.576,20.381,79.619,74.302,17.173,82.827,49.262
[SHELL] ccA:493,2433432751,419414,-3.648,34.338,0.000,35.000,1.20823,1.56407,15.78,-10.851,25.845,-10.851,25.845,-10.924,6.386,1.00000,73.902
[SHELL] ccB:493,18985,1,-33.399,24.293,9.106,17.442,57.534,82.558,20.381,79.619,74.302
[SHELL] ccA:494,2433652643,419415,15.446,37.570,0.000,35.000,1.67252,2.02866,15.78,-11.249,25.777,-11.249,25.777,-10.940,6.383,1.00000,73.902
[SHELL] ccB:494,18931,1,-38.945,29.476,9.469,18.992,30.655,81.008,17.442,57.534,82.558
[SHELL] ccA:495,2433872659,419416,2.900,34.242,0.000,35.000,2.13641,2.49231,15.73,-11.001,25.845,-11.001,25.845,-10.943,6.384,1.00000,73.902
[SHELL] ccB:495,18939,1,-30.463,1.459,29.004,36.068,18.082,81.918,18.992,30.655,81.008
[SHELL] ctrlcap v1 armed=0 count=512 clock_hz=550000000 decimation=1
[SHELL] ccA:index,cycles,seq,id,iq,idref,iqref,theta,actangle,age_us,vdreq,vqreq,vd,vq,intd,intq,scale,bus
[SHELL] ccB:index,timer,valid,ia,ib,ic,du,dv,dw,active_u,active_v,active_w
[SHELL] ccA:496,2434092603,419417,-13.138,34.670,0.000,35.000,2.60198,2.95793,15.61,-10.667,25.837,-10.667,25.837,-10.929,6.384,1.00000,73.902
[SHELL] ccB:496,18911,1,-6.543,-28.333,34.876,61.709,17.950,82.050,36.068,18.082,81.918
[SHELL] ccA:497,2434313133,419418,-10.482,33.260,0.000,35.000,3.06538,3.42139,15.61,-10.709,25.866,-10.709,25.866,-10.919,6.386,1.00000,73.902
[SHELL] ccB:497,19177,1,7.919,-33.371,25.452,80.529,19.471,70.805,61.709,17.950,82.050
[SHELL] ccA:498,2434532515,419419,8.025,40.134,0.000,35.000,3.53095,3.88725,15.61,-11.088,25.724,-11.088,25.724,-10.927,6.381,1.00000,73.902
[SHELL] ccB:498,18867,1,7.810,-38.699,30.889,82.643,17.357,44.018,80.529,19.471,70.805
[SHELL] ccA:499,2434752539,419420,16.043,36.226,0.000,35.000,3.99230,4.34851,15.69,-11.264,25.801,-11.264,25.801,-10.943,6.380,1.00000,73.902
[SHELL] ccB:499,18879,1,16.654,-39.460,22.807,79.326,23.824,20.674,82.643,17.357,44.018
[SHELL] ccA:500,2434972503,419421,-2.147,32.726,0.000,35.000,4.46208,4.81836,15.64,-10.898,25.873,-10.898,25.873,-10.941,6.382,1.00000,73.902
[SHELL] ccB:500,18861,1,32.238,-21.338,-10.900,82.893,48.919,17.107,79.326,23.824,20.674
[SHELL] ccA:501,2435192535,419422,-15.154,28.030,0.000,35.000,4.92368,5.27986,15.64,-10.623,25.974,-10.623,25.974,-10.926,6.389,1.00000,73.902
[SHELL] ccB:501,18877,1,24.228,5.808,-30.037,79.863,73.853,20.137,82.893,48.919,17.107
[SHELL] ccA:502,2435412511,419423,-10.673,31.731,0.000,35.000,5.38994,5.74620,15.64,-10.702,25.903,-10.702,25.903,-10.915,6.392,1.00000,73.902
[SHELL] ccB:502,18865,1,18.031,15.413,-33.444,58.231,82.498,17.502,79.863,73.853,20.137
[SHELL] ccA:503,2435632591,419424,13.738,42.282,0.000,35.000,5.85251,6.20866,15.89,-11.204,25.685,-11.204,25.685,-10.929,6.385,1.00000,73.902
[SHELL] ccB:503,18905,1,30.136,13.238,-43.375,31.205,80.993,19.007,58.231,82.498,17.502
[SHELL] ccA:504,2435852499,419425,10.387,35.676,0.000,35.000,0.03448,0.39066,15.92,-11.147,25.816,-11.147,25.816,-10.939,6.384,1.00000,73.902
[SHELL] ccB:504,18859,1,9.151,26.612,-35.763,18.063,81.937,35.938,31.205,80.993,19.007
[SHELL] ccA:505,2436072535,419426,-10.894,32.725,0.000,35.000,0.49821,0.85454,15.45,-10.710,25.878,-10.710,25.878,-10.928,6.387,1.00000,73.902
[SHELL] ccB:505,18877,1,-25.208,32.991,-7.783,17.833,82.167,61.280,18.063,81.937,35.938
[SHELL] ccA:506,2436292671,419427,-11.180,32.789,0.000,35.000,0.96187,1.31796,15.83,-10.694,25.879,-10.694,25.879,-10.917,6.389,1.00000,73.902
[SHELL] ccB:506,18945,1,-33.290,24.945,8.345,19.584,71.322,80.416,17.833,82.167,61.280
[SHELL] ccA:507,2436512655,419428,9.726,39.157,0.000,35.000,1.43602,1.79216,15.77,-11.121,25.747,-11.121,25.747,-10.927,6.385,1.00000,73.902
[SHELL] ccB:507,18937,1,-37.495,31.650,5.844,17.316,44.005,82.684,19.584,71.322,80.416
[SHELL] ccA:508,2436732615,419429,17.885,33.671,0.000,35.000,1.89922,2.25537,15.77,-11.302,25.858,-11.302,25.858,-10.945,6.386,1.00000,73.902
[SHELL] ccB:508,18917,1,-37.640,24.075,13.564,23.847,20.578,79.422,17.316,44.005,82.684
[SHELL] ccA:509,2436952495,419430,-7.488,33.523,0.000,35.000,2.36668,2.72299,15.60,-10.788,25.863,-10.788,25.863,-10.937,6.388,1.00000,73.902
[SHELL] ccB:509,18857,1,-18.104,-16.228,34.332,48.667,17.171,82.829,23.847,20.578,79.422
[SHELL] ccA:510,2437172567,419431,-12.201,32.557,0.000,35.000,2.82630,3.18239,15.60,-10.681,25.884,-10.681,25.884,-10.925,6.390,1.00000,73.902
[SHELL] ccB:510,18893,1,1.504,-30.834,29.330,73.804,20.203,79.797,48.667,17.171,82.829
[SHELL] ccA:511,2437392567,419432,-3.166,34.085,0.000,35.000,3.29659,3.65265,15.60,-10.859,25.855,-10.859,25.855,-10.922,6.391,1.00000,73.902
[SHELL] ccB:511,18893,1,8.390,-32.936,24.546,82.547,17.453,57.859,73.804,20.203,79.797
