[SHELL] ctrlcap v1 armed=0 count=512 clock_hz=550000000 decimation=1
[SHELL] ccA:index,cycles,seq,id,iq,idref,iqref,theta,actangle,age_us,vdreq,vqreq,vd,vq,intd,intq,scale,bus,raw_id,raw_iq
[SHELL] ccB:index,timer,valid,ia,ib,ic,du,dv,dw,active_u,active_v,active_w
[SHELL] ccA:0,2432170499,271843,-0.989,-21.688,0.000,-20.000,1.33464,1.23175,22.22,-1.485,-14.811,-1.485,-14.811,-1.504,-3.918,1.00000,74.342,-0.828,-21.124
[SHELL] ccB:0,20783,1,20.344,-15.149,-5.195,67.278,32.722,47.461,66.998,33.002,43.748
[SHELL] ccA:1,2432280491,271844,0.144,-20.897,0.000,-20.000,1.20911,1.10621,22.21,-1.507,-14.826,-1.507,-14.826,-1.505,-3.918,1.00000,74.342,1.116,-20.671
[SHELL] ccB:1,2147517869,1,19.728,-15.294,-4.434,67.345,32.655,51.272,67.278,32.722,47.461
[SHELL] ccA:2,2432390535,271845,-0.313,-19.930,0.000,-20.000,1.08001,0.97708,22.22,-1.498,-14.845,-1.498,-14.845,-1.504,-3.918,1.00000,74.342,-1.742,-19.190
[SHELL] ccB:2,20801,1,16.104,-17.215,1.111,67.129,32.871,55.114,67.345,32.655,51.272
[SHELL] ccA:3,2432500563,271846,0.544,-18.328,0.000,-20.000,0.94050,0.83759,22.28,-1.516,-14.878,-1.516,-14.878,-1.505,-3.919,1.00000,74.342,2.831,-17.465
[SHELL] ccB:3,2147517833,1,15.778,-14.823,-0.955,66.585,33.415,59.237,67.129,32.871,55.114
[SHELL] ccA:4,2432610327,271847,0.016,-18.015,0.000,-20.000,0.82613,0.72324,22.28,-1.505,-14.885,-1.505,-14.885,-1.505,-3.920,1.00000,74.342,-2.799,-18.565
[SHELL] ccB:4,20697,1,11.755,-18.556,6.802,65.880,34.120,62.439,66.585,33.415,59.237
[SHELL] ccA:5,2432720071,271848,-2.671,-18.740,0.000,-20.000,0.70408,0.60116,21.84,-1.450,-14.872,-1.450,-14.872,-1.503,-3.920,1.00000,74.342,-2.544,-18.914
[SHELL] ccB:5,2147518079,1,10.305,-19.064,8.759,64.559,34.758,65.242,65.880,34.120,62.439
[SHELL] ccA:6,2432830119,271849,-2.720,-19.577,0.000,-20.000,0.57826,0.47536,21.83,-1.448,-14.855,-1.448,-14.855,-1.502,-3.921,1.00000,74.342,-2.896,-20.240
[SHELL] ccB:6,20593,1,8.638,-20.368,11.731,61.121,33.842,66.158,64.559,34.758,65.242
[SHELL] ccA:7,2432940139,271850,-1.439,-20.893,0.000,-20.000,0.45241,0.34949,21.89,-1.472,-14.828,-1.472,-14.828,-1.501,-3.920,1.00000,74.342,0.019,-21.545
[SHELL] ccB:7,2147518045,1,9.435,-21.492,12.057,57.453,33.183,66.817,61.121,33.842,66.158
[SHELL] ccA:8,2433050147,271851,-0.469,-22.029,0.000,-20.000,0.32670,0.22381,21.87,-1.492,-14.805,-1.492,-14.805,-1.501,-3.919,1.00000,74.342,-0.957,-22.513
[SHELL] ccB:8,20607,1,6.318,-21.891,15.573,53.695,32.798,67.202,57.453,33.183,66.817
[SHELL] ccA:9,2433160235,271852,-1.393,-21.449,0.000,-20.000,0.19474,0.09184,21.96,-1.472,-14.815,-1.472,-14.815,-1.500,-3.919,1.00000,74.342,-1.829,-20.384
[SHELL] ccB:9,2147517997,1,2.150,-18.701,16.551,49.783,32.657,67.343,53.695,32.798,67.202
[SHELL] ccA:10,2433270303,271853,0.584,-19.931,0.000,-20.000,0.07424,6.25451,22.00,-1.512,-14.846,-1.512,-14.846,-1.501,-3.919,1.00000,74.342,2.997,-19.478
[SHELL] ccB:10,20685,1,4.433,-18.846,14.413,46.091,32.763,67.237,49.783,32.657,67.343
[SHELL] ccA:11,2433380331,271854,-0.314,-19.412,0.000,-20.000,6.23300,6.13011,22.05,-1.494,-14.856,-1.494,-14.856,-1.500,-3.919,1.00000,74.342,-3.626,-19.345
[SHELL] ccB:11,2147517949,1,-4.591,-14.279,18.871,42.450,33.161,66.839,46.091,32.763,67.237
[SHELL] ccA:12,2433490415,271855,-1.649,-18.773,0.000,-20.000,6.10381,6.00090,22.20,-1.467,-14.870,-1.467,-14.870,-1.500,-3.919,1.00000,74.342,0.328,-18.201
[SHELL] ccB:12,20741,1,-2.924,-14.098,17.022,38.800,33.839,66.161,42.450,33.161,66.839
[SHELL] ccA:13,2433600343,271856,-2.502,-19.234,0.000,-20.000,5.97327,5.87037,22.06,-1.448,-14.861,-1.448,-14.861,-1.498,-3.920,1.00000,74.342,-5.333,-20.267
[SHELL] ccB:13,2147517943,1,-11.260,-9.676,20.937,35.294,34.819,65.181,38.800,33.839,66.161
[SHELL] ccA:14,2433710343,271857,-3.453,-19.954,0.000,-20.000,5.84833,5.74543,22.08,-1.428,-14.847,-1.428,-14.847,-1.497,-3.920,1.00000,74.342,-1.573,-19.642
[SHELL] ccB:14,20705,1,-9.702,-10.003,19.704,34.090,37.905,65.910,35.294,34.819,65.181
[SHELL] ccA:15,2433820371,271858,-2.362,-21.416,0.000,-20.000,5.72689,5.62400,22.08,-1.448,-14.817,-1.448,-14.817,-1.495,-3.919,1.00000,74.342,-3.150,-23.190
[SHELL] ccB:15,2147517929,1,-14.921,-8.154,23.075,33.384,41.394,66.616,34.090,37.905,65.910
[SHELL] ctrlcap v1 armed=0 count=512 clock_hz=550000000 decimation=1
[SHELL] ccA:index,cycles,seq,id,iq,idref,iqref,theta,actangle,age_us,vdreq,vqreq,vd,vq,intd,intq,scale,bus,raw_id,raw_iq
[SHELL] ccB:index,timer,valid,ia,ib,ic,du,dv,dw,active_u,active_v,active_w
[SHELL] ccA:16,2433930407,271859,-2.235,-24.085,0.000,-20.000,5.59335,5.49046,22.06,-1.450,-14.761,-1.450,-14.761,-1.494,-3.917,1.00000,74.342,-1.319,-24.979
[SHELL] ccB:16,20737,1,-16.914,-7.502,24.416,32.933,45.333,67.067,33.384,41.394,66.616
[SHELL] ccA:17,2434040407,271860,0.250,-24.807,0.000,-20.000,5.46928,5.36639,22.15,-1.499,-14.744,-1.499,-14.744,-1.494,-3.915,1.00000,74.342,1.819,-24.636
[SHELL] ccB:17,2147517911,1,-16.661,-7.466,24.126,32.743,49.131,67.257,32.933,45.333,67.067
[SHELL] ccA:18,2434150407,271861,-0.337,-23.352,0.000,-20.000,5.35171,5.24882,22.13,-1.488,-14.772,-1.488,-14.772,-1.494,-3.913,1.00000,74.342,-2.493,-22.069
[SHELL] ccB:18,20737,1,-19.198,-0.072,19.269,32.771,52.619,67.229,32.743,49.131,67.257
[SHELL] ccA:19,2434260395,271862,0.044,-21.085,0.000,-20.000,5.22112,5.11823,22.11,-1.495,-14.817,-1.495,-14.817,-1.494,-3.912,1.00000,74.342,2.582,-20.101
[SHELL] ccB:19,2147517917,1,-16.298,-2.283,18.581,33.064,56.508,66.936,32.771,52.619,67.229
[SHELL] ccA:20,2434370419,271863,-0.245,-20.131,0.000,-20.000,5.09510,4.99220,22.15,-1.489,-14.836,-1.489,-14.836,-1.494,-3.912,1.00000,74.342,-3.071,-20.162
[SHELL] ccB:20,20743,1,-19.850,5.872,13.978,33.647,60.142,66.353,33.064,56.508,66.936
[SHELL] ccA:21,2434480407,271864,-2.054,-18.783,0.000,-20.000,4.96953,4.86662,22.13,-1.452,-14.863,-1.452,-14.863,-1.493,-3.913,1.00000,74.342,-1.036,-17.404
[SHELL] ccB:21,2147517911,1,-17.096,5.582,11.513,34.464,63.559,65.536,33.647,60.142,66.353
[SHELL] ccA:22,2434590443,271865,-2.355,-18.233,0.000,-20.000,4.84311,4.74020,22.20,-1.445,-14.875,-1.445,-14.875,-1.492,-3.914,1.00000,74.342,-3.675,-19.063
[SHELL] ccB:22,20755,1,-19.379,10.693,8.686,34.358,65.642,63.241,34.464,63.559,65.536
[SHELL] ccA:23,2434700411,271866,-2.798,-19.050,0.000,-20.000,4.72061,4.61772,22.11,-1.435,-14.859,-1.435,-14.859,-1.491,-3.914,1.00000,74.342,-1.922,-19.038
[SHELL] ccB:23,2147517909,1,-19.053,11.055,7.998,33.563,66.437,59.837,34.358,65.642,63.241
[SHELL] ccA:24,2434810419,271867,-2.154,-20.265,0.000,-20.000,4.59123,4.48834,22.14,-1.446,-14.835,-1.446,-14.835,-1.490,-3.914,1.00000,74.342,-2.387,-21.492
[SHELL] ccB:24,20743,1,-21.046,14.824,6.222,32.991,67.009,56.044,33.563,66.437,59.837
[SHELL] ccA:25,2434920407,271868,-2.549,-21.437,0.000,-20.000,4.46971,4.36682,22.14,-1.437,-14.811,-1.437,-14.811,-1.488,-3.914,1.00000,74.342,-2.712,-21.382
[SHELL] ccB:25,2147517911,1,-20.104,16.782,3.322,32.723,67.277,52.438,32.991,67.009,56.044
[SHELL] ccA:26,2435030415,271869,-0.564,-20.999,0.000,-20.000,4.33954,4.23665,22.14,-1.477,-14.819,-1.477,-14.819,-1.488,-3.913,1.00000,74.342,1.585,-20.617
[SHELL] ccB:26,20741,1,-19.778,15.114,4.663,32.675,67.325,48.454,32.723,67.277,52.438
[SHELL] ccA:27,2435140415,271870,-0.191,-20.148,0.000,-20.000,4.21621,4.11331,22.14,-1.484,-14.836,-1.484,-14.836,-1.488,-3.913,1.00000,73.902,-1.966,-19.680
[SHELL] ccB:27,2147517907,1,-16.371,17.796,-1.426,32.795,67.205,44.725,32.675,67.325,48.454
[SHELL] ccA:28,2435250459,271871,0.270,-19.428,0.000,-20.000,4.09199,3.98910,22.14,-1.493,-14.851,-1.493,-14.851,-1.488,-3.913,1.00000,73.902,2.505,-19.176
[SHELL] ccB:28,20763,1,-17.059,16.419,0.640,33.290,66.710,41.050,32.795,67.205,44.725
[SHELL] ccA:29,2435360463,271872,-0.268,-19.233,0.000,-20.000,3.96818,3.86525,22.19,-1.483,-14.855,-1.483,-14.855,-1.488,-3.914,1.00000,73.902,-3.041,-19.290
[SHELL] ccB:29,2147517883,1,-12.130,19.319,-7.189,34.048,65.952,37.561,33.290,66.710,41.050
[SHELL] ccA:30,2435470439,271873,-1.051,-18.796,0.000,-20.000,3.83769,3.73479,22.16,-1.466,-14.864,-1.466,-14.864,-1.487,-3.914,1.00000,74.342,0.939,-18.302
[SHELL] ccB:30,20753,1,-12.456,17.869,-5.413,35.687,65.312,34.688,34.048,65.952,37.561
[SHELL] ccA:31,2435580451,271874,-0.293,-19.692,0.000,-20.000,3.71399,3.61110,22.16,-1.481,-14.846,-1.481,-14.846,-1.487,-3.914,1.00000,74.342,-1.525,-21.082
[SHELL] ccB:31,2147517889,1,-10.137,21.131,-10.994,39.112,66.204,33.796,35.687,65.312,34.688
[SHELL] ctrlcap v1 armed=0 count=512 clock_hz=550000000 decimation=1
[SHELL] ccA:index,cycles,seq,id,iq,idref,iqref,theta,actangle,age_us,vdreq,vqreq,vd,vq,intd,intq,scale,bus,raw_id,raw_iq
[SHELL] ccB:index,timer,valid,ia,ib,ic,du,dv,dw,active_u,active_v,active_w
[SHELL] ccA:32,2435690431,271875,-0.086,-21.486,0.000,-20.000,3.58471,3.48179,22.16,-1.485,-14.810,-1.485,-14.810,-1.487,-3.914,1.00000,74.342,1.353,-21.890
[SHELL] ccB:32,20749,1,-10.608,21.928,-11.320,42.855,66.841,33.159,39.112,66.204,33.796
[SHELL] ccA:33,2435800475,271876,1.604,-21.971,0.000,-20.000,3.45930,3.35640,22.23,-1.520,-14.799,-1.520,-14.799,-1.488,-3.913,1.00000,74.342,1.855,-22.051
[SHELL] ccB:33,2147517877,1,-8.651,21.964,-13.314,46.632,67.221,32.779,42.855,66.841,33.159
[SHELL] ccA:34,2435910439,271877,-0.075,-20.959,0.000,-20.000,3.33249,3.22960,22.17,-1.486,-14.819,-1.486,-14.819,-1.488,-3.912,1.00000,74.342,-2.005,-19.867
[SHELL] ccB:34,20753,1,-1.801,18.123,-16.322,50.359,67.348,32.652,46.632,67.221,32.779
[SHELL] ccA:35,2436020455,271878,0.415,-19.492,0.000,-20.000,3.20922,3.10633,22.16,-1.496,-14.848,-1.496,-14.848,-1.488,-3.912,1.00000,74.342,2.835,-19.117
[SHELL] ccB:35,2147517887,1,-4.120,18.413,-14.292,54.074,67.225,32.775,50.359,67.348,32.652
[SHELL] ccA:36,2436130491,271879,0.508,-18.551,0.000,-20.000,3.08672,2.98382,22.25,-1.499,-14.868,-1.499,-14.868,-1.488,-3.913,1.00000,74.342,-1.819,-17.984
[SHELL] ccB:36,20779,1,2.802,14.063,-16.866,57.700,66.831,33.169,54.074,67.225,32.775
[SHELL] ccA:37,2436240423,271880,-0.473,-18.013,0.000,-20.000,2.95780,2.85490,22.16,-1.479,-14.880,-1.479,-14.880,-1.488,-3.914,1.00000,74.342,0.872,-18.043
[SHELL] ccB:37,2147517903,1,2.440,14.281,-16.721,61.352,66.139,33.861,57.700,66.831,33.169
[SHELL] ccA:38,2436350419,271881,-1.655,-16.601,0.000,-20.000,2.83758,2.73471,22.10,-1.454,-14.910,-1.454,-14.910,-1.487,-3.916,1.00000,74.342,-4.183,-15.159
[SHELL] ccB:38,20743,1,8.529,7.177,-15.706,64.600,65.280,34.720,61.352,66.139,33.861
[SHELL] ccA:39,2436460479,271882,-2.796,-16.874,0.000,-20.000,2.70454,2.60162,22.24,-1.430,-14.906,-1.430,-14.906,-1.486,-3.917,1.00000,74.342,-1.409,-18.589
[SHELL] ccB:39,2147517875,1,9.145,9.497,-18.642,65.987,62.087,34.013,64.600,65.280,34.720
[SHELL] ccA:40,2436570427,271883,-1.663,-20.395,0.000,-20.000,2.58330,2.48041,22.13,-1.452,-14.835,-1.452,-14.835,-1.485,-3.917,1.00000,74.342,-1.916,-22.201
[SHELL] ccB:40,20747,1,13.386,8.735,-22.121,66.647,58.556,33.353,65.987,62.087,34.013
[SHELL] ccA:41,2436680447,271884,-1.241,-22.014,0.000,-20.000,2.45177,2.34885,22.16,-1.460,-14.802,-1.460,-14.802,-1.484,-3.916,1.00000,74.342,-0.567,-21.827
[SHELL] ccB:41,2147517891,1,14.328,7.104,-21.432,67.116,54.667,32.884,66.647,58.556,33.353
[SHELL] ccA:42,2436790451,271885,1.464,-22.157,0.000,-20.000,2.33072,2.22783,22.16,-1.514,-14.798,-1.514,-14.798,-1.485,-3.915,1.00000,74.342,3.495,-22.487
[SHELL] ccB:42,20759,1,13.893,8.663,-22.556,67.320,50.944,32.680,67.116,54.667,32.884
[SHELL] ccA:43,2436900447,271886,0.393,-20.962,0.000,-20.000,2.21256,2.10965,22.16,-1.493,-14.821,-1.493,-14.821,-1.485,-3.915,1.00000,74.342,-2.708,-19.437
[SHELL] ccB:43,2147517891,1,17.191,-0.398,-16.793,67.290,47.444,32.710,67.320,50.944,32.680
[SHELL] ccA:44,2437010531,271887,-0.439,-18.332,0.000,-20.000,2.07658,1.97368,22.25,-1.476,-14.875,-1.476,-14.875,-1.485,-3.915,1.00000,74.342,1.830,-17.226
[SHELL] ccB:44,20799,1,14.183,1.523,-15.706,66.995,43.428,33.005,67.290,47.444,32.710
[SHELL] ccA:45,2437120487,271888,-0.065,-18.204,0.000,-20.000,1.95905,1.85616,22.18,-1.484,-14.878,-1.484,-14.878,-1.485,-3.916,1.00000,74.342,-1.960,-19.182
[SHELL] ccB:45,2147517871,1,18.496,-4.530,-13.966,66.435,40.006,33.565,66.995,43.428,33.005
[SHELL] ccA:46,2437230471,271889,-0.856,-17.823,0.000,-20.000,1.83035,1.72746,22.19,-1.468,-14.887,-1.468,-14.887,-1.485,-3.917,1.00000,74.342,0.247,-16.465
[SHELL] ccB:46,20769,1,15.850,-4.059,-11.791,65.574,36.460,34.426,66.435,40.006,33.565
[SHELL] ccA:47,2437340399,271890,-1.780,-16.197,0.000,-20.000,1.69959,1.59669,22.14,-1.448,-14.921,-1.448,-14.921,-1.484,-3.919,1.00000,74.342,-3.807,-15.928
[SHELL] ccB:47,2147517915,1,16.285,-9.640,-6.645,65.704,34.296,36.768,65.574,36.460,34.426
[SHELL] ctrlcap v1 armed=0 count=512 clock_hz=550000000 decimation=1
[SHELL] ccA:index,cycles,seq,id,iq,idref,iqref,theta,actangle,age_us,vdreq,vqreq,vd,vq,intd,intq,scale,bus,raw_id,raw_iq
[SHELL] ccB:index,timer,valid,ia,ib,ic,du,dv,dw,active_u,active_v,active_w
[SHELL] ccA:48,2437450411,271891,-3.220,-16.682,0.000,-20.000,1.57459,1.47169,22.12,-1.418,-14.913,-1.418,-14.913,-1.482,-3.921,1.00000,74.342,-2.633,-17.435
[SHELL] ccB:48,20739,1,17.445,-10.945,-6.500,66.511,33.489,40.214,65.704,34.296,36.768
[SHELL] ccA:49,2437560391,271892,-2.850,-18.530,0.000,-20.000,1.44990,1.34701,22.10,-1.424,-14.877,-1.424,-14.877,-1.481,-3.922,1.00000,74.342,-3.068,-19.625
[SHELL] ccB:49,2147517919,1,19.112,-14.243,-4.869,67.047,32.953,43.879,66.511,33.489,40.214
[SHELL] ccA:50,2437670447,271893,-3.659,-19.700,0.000,-20.000,1.32770,1.22480,22.19,-1.406,-14.854,-1.406,-14.854,-1.479,-3.922,1.00000,74.342,-4.251,-19.774
[SHELL] ccB:50,20757,1,18.170,-16.780,-1.390,67.321,32.679,47.497,67.047,32.953,43.879
[SHELL] ccA:51,2437780419,271894,-1.805,-19.647,0.000,-20.000,1.19974,1.09685,22.13,-1.442,-14.855,-1.442,-14.855,-1.478,-3.922,1.00000,74.342,0.642,-19.519
[SHELL] ccB:51,2147517905,1,18.423,-14.823,-3.600,67.367,32.633,51.418,67.321,32.679,47.497
[SHELL] ccA:52,2437890451,271895,-1.743,-19.301,0.000,-20.000,1.07607,0.97317,22.13,-1.442,-14.862,-1.442,-14.862,-1.477,-3.922,1.00000,74.342,-4.128,-19.084
[SHELL] ccB:52,20759,1,14.835,-18.411,3.576,67.142,32.858,55.120,67.367,32.633,51.418
[SHELL] ccA:53,2438000451,271896,-1.825,-18.691,0.000,-20.000,0.94644,0.84355,22.16,-1.440,-14.875,-1.440,-14.875,-1.476,-3.923,1.00000,74.342,0.478,-18.298
[SHELL] ccB:53,2147517889,1,15.125,-16.490,1.365,66.631,33.369,58.915,67.142,32.858,55.120
[SHELL] ccA:54,2438110223,271897,-2.195,-18.640,0.000,-20.000,0.82449,0.72160,22.16,-1.431,-14.877,-1.431,-14.877,-1.475,-3.924,1.00000,74.342,-4.868,-18.981
[SHELL] ccB:54,20645,1,10.631,-19.571,8.940,65.887,34.113,62.338,66.631,33.369,58.915
[SHELL] ccA:55,2438220039,271898,-3.142,-18.550,0.000,-20.000,0.70037,0.59749,21.80,-1.411,-14.879,-1.411,-14.879,-1.474,-3.925,1.00000,74.342,-1.416,-18.118
[SHELL] ccB:55,2147518095,1,10.595,-18.085,7.490,64.536,34.745,65.255,65.887,34.113,62.338
[SHELL] ccA:56,2438330059,271899,-3.022,-19.467,0.000,-20.000,0.57343,0.47054,21.80,-1.412,-14.861,-1.412,-14.861,-1.472,-3.925,1.00000,74.342,-4.628,-20.816
[SHELL] ccB:56,20563,1,7.405,-21.021,13.615,61.056,33.824,66.176,64.536,34.745,65.255
[SHELL] ccA:57,2438440079,271900,-2.901,-21.421,0.000,-20.000,0.45382,0.35090,21.84,-1.413,-14.822,-1.413,-14.822,-1.471,-3.924,1.00000,74.342,-1.174,-22.026
[SHELL] ccB:57,2147518075,1,8.601,-21.891,13.289,57.603,33.221,66.779,61.056,33.824,66.176
[SHELL] ccA:58,2438550139,271901,-0.748,-22.323,0.000,-20.000,0.32406,0.22116,21.91,-1.455,-14.802,-1.455,-14.802,-1.470,-3.923,1.00000,74.342,-0.322,-22.621
[SHELL] ccB:58,20603,1,6.898,-22.108,15.210,53.687,32.805,67.195,57.603,33.221,66.779
[SHELL] ccA:59,2438660167,271902,-1.602,-21.840,0.000,-20.000,0.20145,0.09856,21.89,-1.437,-14.811,-1.437,-14.811,-1.469,-3.922,1.00000,74.342,-2.883,-21.060
[SHELL] ccB:59,2147518031,1,1.389,-19.064,17.675,50.054,32.665,67.335,53.687,32.805,67.195
[SHELL] ccA:60,2438770071,271903,-1.023,-20.800,0.000,-20.000,0.08530,6.26560,21.93,-1.449,-14.831,-1.449,-14.831,-1.469,-3.922,1.00000,74.342,0.838,-20.541
[SHELL] ccB:60,20569,1,2.585,-18.955,16.370,46.551,32.755,67.245,50.054,32.665,67.335
[SHELL] ccA:61,2438879963,271904,-1.480,-20.796,0.000,-20.000,6.23322,6.13033,21.72,-1.439,-14.831,-1.439,-14.831,-1.468,-3.921,1.00000,74.342,-3.798,-21.050
[SHELL] ccB:61,2147518133,1,-4.845,-15.620,20.466,42.575,33.179,66.821,46.551,32.755,67.245
[SHELL] ccA:62,2438989979,271905,-1.156,-20.222,0.000,-20.000,6.10463,6.00143,21.73,-1.445,-14.875,-1.445,-14.875,-1.468,-3.921,1.00000,74.342,1.486,-19.393
[SHELL] ccB:62,20523,1,-1.982,-15.765,17.747,38.855,33.823,66.177,42.575,33.179,66.821
[SHELL] ccA:63,2439099955,271906,-1.321,-20.241,0.000,-20.000,5.98339,5.88016,21.72,-1.441,-14.875,-1.441,-14.875,-1.467,-3.921,1.00000,74.342,-4.129,-21.090
[SHELL] ccB:63,2147518137,1,-10.173,-11.307,21.480,35.555,34.718,65.282,38.855,33.823,66.177
[SHELL] ctrlcap v1 armed=0 count=512 clock_hz=550000000 decimation=1
[SHELL] ccA:index,cycles,seq,id,iq,idref,iqref,theta,actangle,age_us,vdreq,vqreq,vd,vq,intd,intq,scale,bus,raw_id,raw_iq
[SHELL] ccB:index,timer,valid,ia,ib,ic,du,dv,dw,active_u,active_v,active_w
[SHELL] ccA:64,2439210011,271907,-2.862,-20.731,0.000,-20.000,5.86062,5.75741,21.80,-1.408,-14.865,-1.408,-14.865,-1.466,-3.921,1.00000,74.342,-1.596,-20.372
[SHELL] ccB:64,20539,1,-9.810,-10.619,20.429,34.168,37.524,65.832,35.555,34.718,65.282
[SHELL] ccA:65,2439319991,271908,-1.514,-21.835,0.000,-20.000,5.73504,5.63184,21.72,-1.435,-14.842,-1.435,-14.842,-1.465,-3.920,1.00000,74.342,-1.431,-23.298
[SHELL] ccB:65,2147518119,1,-13.362,-9.894,23.256,33.403,41.124,66.597,34.168,37.524,65.832
[SHELL] ccA:66,2439429959,271909,-0.135,-23.619,0.000,-20.000,5.60644,5.50324,21.71,-1.462,-14.804,-1.462,-14.804,-1.465,-3.918,1.00000,74.342,1.161,-23.939
[SHELL] ccB:66,20513,1,-14.087,-9.749,23.836,32.917,44.957,67.083,33.403,41.124,66.597
[SHELL] ccA:67,2439540083,271910,2.429,-23.948,0.000,-20.000,5.48208,5.37886,21.87,-1.515,-14.796,-1.515,-14.796,-1.466,-3.916,1.00000,74.342,3.698,-23.957
[SHELL] ccB:67,2147518073,1,-14.631,-9.423,24.054,32.689,48.774,67.311,32.917,44.957,67.083
[SHELL] ccA:68,2439650035,271911,1.679,-22.840,0.000,-20.000,5.34853,5.24533,21.78,-1.500,-14.816,-1.500,-14.816,-1.467,-3.914,1.00000,74.342,-0.340,-21.722
[SHELL] ccB:68,20551,1,-17.675,-2.101,19.777,32.724,52.748,67.276,32.689,48.774,67.311
[SHELL] ccA:69,2439760023,271912,2.553,-21.324,0.000,-20.000,5.22682,5.12360,21.78,-1.519,-14.846,-1.519,-14.846,-1.468,-3.914,1.00000,74.342,5.447,-20.925
[SHELL] ccB:69,2147518103,1,-15.537,-5.255,20.792,33.013,56.405,66.987,32.724,52.748,67.276
[SHELL] ccA:70,2439870043,271913,2.347,-21.443,0.000,-20.000,5.11451,5.01131,21.79,-1.516,-14.843,-1.516,-14.843,-1.469,-3.913,1.00000,74.342,-0.752,-21.960
[SHELL] ccB:70,20555,1,-20.502,3.408,17.095,33.537,59.655,66.463,33.013,56.405,66.987
[SHELL] ccA:71,2439980007,271914,0.209,-20.455,0.000,-20.000,4.98030,4.87711,21.76,-1.474,-14.862,-1.474,-14.862,-1.469,-3.913,1.00000,74.342,1.170,-18.951
[SHELL] ccB:71,2147518111,1,-17.965,3.661,14.304,34.392,63.316,65.608,33.537,59.655,66.463
[SHELL] ccA:72,2440090119,271915,0.117,-19.253,0.000,-20.000,4.85617,4.75298,21.92,-1.472,-14.887,-1.472,-14.887,-1.469,-3.913,1.00000,74.342,-0.936,-19.555
[SHELL] ccB:72,20593,1,-19.488,8.119,11.368,34.429,65.571,63.553,34.392,63.316,65.608
[SHELL] ccA:73,2440200019,271916,0.259,-19.915,0.000,-20.000,4.72810,4.62490,21.77,-1.475,-14.874,-1.475,-14.874,-1.470,-3.913,1.00000,74.342,1.453,-20.274
[SHELL] ccB:73,2147518105,1,-20.249,8.590,11.658,33.569,66.431,59.980,34.429,65.571,63.553
[SHELL] ccA:74,2440310011,271917,1.865,-21.310,0.000,-20.000,4.59936,4.49617,21.76,-1.508,-14.845,-1.508,-14.845,-1.470,-3.913,1.00000,74.342,2.276,-22.345
[SHELL] ccB:74,20539,1,-22.460,11.454,11.006,32.986,67.014,56.163,33.569,66.431,59.980
[SHELL] ccA:75,2440420023,271918,2.725,-22.063,0.000,-20.000,4.47500,4.37180,21.78,-1.526,-14.829,-1.526,-14.829,-1.472,-3.912,1.00000,74.342,3.174,-21.780
[SHELL] ccB:75,2147518103,1,-21.916,12.722,9.194,32.690,67.310,52.417,32.986,67.014,56.163
[SHELL] ccA:76,2440530019,271919,4.221,-21.724,0.000,-20.000,4.35216,4.24896,21.76,-1.558,-14.835,-1.558,-14.835,-1.474,-3.911,1.00000,74.342,5.269,-21.667
[SHELL] ccB:76,20543,1,-22.133,13.411,8.723,32.641,67.359,48.661,32.690,67.310,52.417
[SHELL] ccA:77,2440640095,271920,2.942,-21.063,0.000,-20.000,4.22904,4.12585,21.87,-1.534,-14.848,-1.534,-14.848,-1.475,-3.910,1.00000,74.342,0.615,-20.458
[SHELL] ccB:77,2147518067,1,-18.400,16.963,1.438,32.850,67.150,45.026,32.641,67.359,48.661
[SHELL] ccA:78,2440750015,271921,2.498,-19.954,0.000,-20.000,4.10518,4.00196,21.78,-1.527,-14.870,-1.527,-14.870,-1.477,-3.910,1.00000,74.342,4.382,-19.449
[SHELL] ccB:78,20541,1,-18.473,15.730,2.742,33.310,66.690,41.401,32.850,67.150,45.026
[SHELL] ccA:79,2440860055,271922,2.550,-19.895,0.000,-20.000,3.97201,3.86881,21.87,-1.529,-14.871,-1.529,-14.871,-1.478,-3.910,1.00000,73.902,0.719,-20.341
[SHELL] ccB:79,2147518087,1,-15.501,19.174,-3.673,34.021,65.979,37.560,33.310,66.690,41.401
[SHELL] ctrlcap v1 armed=0 count=512 clock_hz=550000000 decimation=1
[SHELL] ccA:index,cycles,seq,id,iq,idref,iqref,theta,actangle,age_us,vdreq,vqreq,vd,vq,intd,intq,scale,bus,raw_id,raw_iq
[SHELL] ccB:index,timer,valid,ia,ib,ic,du,dv,dw,active_u,active_v,active_w
[SHELL] ccA:80,2440969999,271923,2.668,-19.547,0.000,-20.000,3.85092,3.74772,21.76,-1.533,-14.878,-1.533,-14.878,-1.479,-3.910,1.00000,73.902,4.617,-18.754
[SHELL] ccB:80,20533,1,-15.718,17.579,-1.861,35.353,65.352,34.648,34.021,65.979,37.560
[SHELL] ccA:81,2441079979,271924,2.963,-19.949,0.000,-20.000,3.72749,3.62430,21.72,-1.540,-14.870,-1.540,-14.870,-1.481,-3.911,1.00000,73.902,1.309,-21.145
[SHELL] ccB:81,2147518125,1,-12.782,21.022,-8.240,38.759,66.272,33.728,35.353,65.352,34.648
[SHELL] ccA:82,2441189995,271925,2.729,-21.766,0.000,-20.000,3.59739,3.49415,21.74,-1.537,-14.833,-1.537,-14.833,-1.482,-3.910,1.00000,73.902,4.149,-22.387
[SHELL] ccB:82,20531,1,-13.580,22.617,-9.037,42.531,66.935,33.065,38.759,66.272,33.728
[SHELL] ccA:83,2441299995,271926,4.685,-22.354,0.000,-20.000,3.47316,3.36995,21.75,-1.578,-14.820,-1.578,-14.820,-1.484,-3.908,1.00000,74.342,5.221,-22.321
[SHELL] ccB:83,2147518117,1,-12.203,22.907,-10.704,46.332,67.232,32.768,42.531,66.935,33.065
[SHELL] ccA:84,2441409987,271927,3.569,-21.263,0.000,-20.000,3.35486,3.25166,21.75,-1.558,-14.841,-1.558,-14.841,-1.486,-3.908,1.00000,74.342,1.917,-20.206
[SHELL] ccB:84,20527,1,-6.150,19.826,-13.676,49.834,67.384,32.616,46.332,67.232,32.768
[SHELL] ccA:85,2441519987,271928,4.256,-19.354,0.000,-20.000,3.21859,3.11534,21.76,-1.573,-14.880,-1.573,-14.880,-1.488,-3.908,1.00000,74.342,6.595,-18.503
[SHELL] ccB:85,2147518121,1,-7.998,19.536,-11.538,53.962,67.280,32.720,49.834,67.384,32.616
[SHELL] ccA:86,2441629979,271929,3.944,-18.578,0.000,-20.000,3.09310,2.98990,21.75,-1.569,-14.896,-1.569,-14.896,-1.490,-3.909,1.00000,74.342,1.293,-18.653
[SHELL] ccB:86,20523,1,-0.387,16.383,-15.996,57.672,66.877,33.123,53.962,67.280,32.720
[SHELL] ccA:87,2441740007,271930,4.218,-16.820,0.000,-20.000,2.96344,2.86026,21.75,-1.577,-14.933,-1.577,-14.933,-1.492,-3.910,1.00000,74.342,7.143,-14.987
[SHELL] ccB:87,2147518111,1,-4.374,16.057,-11.683,61.422,66.202,33.798,57.672,66.877,33.123
[SHELL] ccA:88,2441849979,271931,3.254,-16.371,0.000,-20.000,2.84410,2.74090,21.73,-1.559,-14.944,-1.559,-14.944,-1.494,-3.912,1.00000,74.342,-0.634,-17.755
[SHELL] ccB:88,20523,1,5.811,11.635,-17.446,64.658,65.321,34.679,61.422,66.202,33.798
[SHELL] ccA:89,2441960355,271932,0.372,-17.819,0.000,-20.000,2.71541,2.61219,21.87,-1.502,-14.916,-1.502,-14.916,-1.494,-3.913,1.00000,74.342,1.379,-17.882
[SHELL] ccB:89,2147517937,1,6.137,11.526,-17.663,65.964,62.263,34.036,64.658,65.321,34.679
[SHELL] ccA:90,2442070835,271933,1.027,-19.398,0.000,-20.000,2.59240,2.48933,22.66,-1.515,-14.884,-1.515,-14.884,-1.495,-3.914,1.00000,74.342,0.676,-20.914
[SHELL] ccB:90,20951,1,10.341,10.584,-20.925,66.684,58.733,33.316,65.964,62.263,34.036
[SHELL] ccA:91,2442180575,271934,1.524,-21.262,0.000,-20.000,2.46892,2.36569,22.29,-1.526,-14.846,-1.526,-14.846,-1.496,-3.913,1.00000,74.342,2.372,-21.610
[SHELL] ccB:91,2147517827,1,11.610,10.113,-21.722,67.139,55.061,32.861,66.684,58.733,33.316
[SHELL] ccA:92,2442290583,271935,3.252,-21.125,0.000,-20.000,2.34942,2.24622,22.29,-1.562,-14.849,-1.562,-14.849,-1.497,-3.912,1.00000,74.342,4.133,-20.641
[SHELL] ccB:92,20825,1,11.791,9.207,-20.997,67.374,51.416,32.626,67.139,55.061,32.861
[SHELL] ccA:93,2442400595,271936,2.638,-19.886,0.000,-20.000,2.21153,2.10831,22.30,-1.551,-14.873,-1.551,-14.873,-1.498,-3.913,1.00000,74.342,1.143,-19.132
[SHELL] ccB:93,2147517817,1,14.654,3.371,-18.025,67.350,47.288,32.650,67.374,51.416,32.626
[SHELL] ccA:94,2442510627,271937,3.607,-18.109,0.000,-20.000,2.08698,1.98378,22.30,-1.572,-14.910,-1.572,-14.910,-1.500,-3.913,1.00000,74.342,6.071,-17.086
[SHELL] ccB:94,20847,1,11.863,5.945,-17.808,67.061,43.526,32.939,67.350,47.288,32.650
[SHELL] ccA:95,2442620727,271938,1.608,-17.093,0.000,-20.000,1.96066,1.85744,22.46,-1.533,-14.932,-1.533,-14.932,-1.501,-3.915,1.00000,74.342,-2.855,-17.099
[SHELL] ccB:95,2147517751,1,16.901,-5.110,-11.791,66.489,39.921,33.511,67.061,43.526,32.939
[SHELL] ctrlcap v1 armed=0 count=512 clock_hz=550000000 decimation=1
[SHELL] ccA:index,cycles,seq,id,iq,idref,iqref,theta,actangle,age_us,vdreq,vqreq,vd,vq,intd,intq,scale,bus,raw_id,raw_iq
[SHELL] ccB:index,timer,valid,ia,ib,ic,du,dv,dw,active_u,active_v,active_w
[SHELL] ccA:96,2442730635,271939,-1.206,-16.238,0.000,-20.000,1.83504,1.73182,22.35,-1.476,-14.951,-1.476,-14.951,-1.500,-3.917,1.00000,74.342,0.443,-15.376
[SHELL] ccB:96,20851,1,14.727,-3.515,-11.212,65.674,36.515,34.326,66.489,39.921,33.511
[SHELL] ccA:97,2442840635,271940,-1.388,-16.235,0.000,-20.000,1.70562,1.60240,22.34,-1.472,-14.953,-1.472,-14.953,-1.500,-3.919,1.00000,74.342,-3.219,-17.095
[SHELL] ccB:97,2147517797,1,17.372,-9.459,-7.913,65.706,34.294,36.621,65.674,36.515,34.326
[SHELL] ccA:98,2442950651,271941,-1.505,-17.109,0.000,-20.000,1.58348,1.48027,22.35,-1.469,-14.937,-1.469,-14.937,-1.499,-3.920,1.00000,74.342,0.209,-17.123
[SHELL] ccB:98,20859,1,17.119,-8.190,-8.928,66.512,33.488,40.042,65.706,34.294,36.621
[SHELL] ccA:99,2443060651,271942,-0.489,-18.620,0.000,-20.000,1.46322,1.36002,22.35,-1.489,-14.907,-1.489,-14.907,-1.499,-3.921,1.00000,74.342,-1.187,-20.117
[SHELL] ccB:99,2147517789,1,19.873,-12.830,-7.044,67.057,32.943,43.602,66.512,33.488,40.042
[SHELL] ccA:100,2443170671,271943,-1.502,-19.802,0.000,-20.000,1.33648,1.23327,22.40,-1.468,-14.884,-1.468,-14.884,-1.498,-3.921,1.00000,74.342,-1.816,-19.486
[SHELL] ccB:100,20869,1,18.532,-14.714,-3.818,67.355,32.645,47.355,67.057,32.943,43.602
[SHELL] ccA:101,2443280639,271944,0.452,-19.426,0.000,-20.000,1.20932,1.10613,22.32,-1.507,-14.891,-1.507,-14.891,-1.498,-3.921,1.00000,74.342,2.721,-19.365
[SHELL] ccB:101,2147517795,1,19.076,-13.265,-5.811,67.421,32.579,51.266,67.355,32.645,47.355
[SHELL] ccA:102,2443390723,271945,0.437,-19.063,0.000,-20.000,1.08632,0.98310,22.43,-1.507,-14.899,-1.507,-14.899,-1.498,-3.922,1.00000,74.342,-1.846,-18.760
[SHELL] ccB:102,20895,1,15.741,-16.853,1.111,67.208,32.792,54.960,67.421,32.579,51.266
[SHELL] ccA:103,2443500715,271946,0.964,-18.321,0.000,-20.000,0.95709,0.85389,22.41,-1.518,-14.915,-1.518,-14.915,-1.499,-3.923,1.00000,74.342,3.775,-17.881
[SHELL] ccB:103,2147517757,1,16.792,-14.642,-2.151,66.711,33.289,58.787,67.208,32.792,54.960
[SHELL] ccA:104,2443610463,271947,0.669,-18.100,0.000,-20.000,0.83188,0.72868,22.37,-1.513,-14.920,-1.513,-14.920,-1.499,-3.923,1.00000,74.342,-2.437,-18.318
[SHELL] ccB:104,20765,1,11.900,-18.194,6.294,65.955,34.045,62.326,66.711,33.289,58.787
[SHELL] ccA:105,2443720255,271948,-0.727,-18.109,0.000,-20.000,0.70397,0.60077,22.00,-1.484,-14.921,-1.484,-14.921,-1.499,-3.924,1.00000,74.342,0.983,-17.899
[SHELL] ccB:105,2147517987,1,12.334,-17.433,5.098,64.548,34.684,65.316,65.955,34.045,62.326
[SHELL] ccA:106,2443830179,271949,-0.369,-19.466,0.000,-20.000,0.57618,0.47298,21.90,-1.491,-14.894,-1.491,-14.894,-1.499,-3.925,1.00000,74.342,-1.722,-21.032
[SHELL] ccB:106,20623,1,10.015,-21.093,11.078,61.011,33.763,66.237,64.548,34.684,65.316
[SHELL] ccA:107,2443940211,271950,-0.814,-21.537,0.000,-20.000,0.45635,0.35316,21.96,-1.482,-14.852,-1.482,-14.852,-1.498,-3.924,1.00000,74.342,0.093,-22.043
[SHELL] ccB:107,2147518009,1,9.797,-21.999,12.202,57.558,33.169,66.831,61.011,33.763,66.237
[SHELL] ccA:108,2444050255,271951,0.786,-22.341,0.000,-20.000,0.33229,0.22907,21.98,-1.514,-14.835,-1.514,-14.835,-1.499,-3.923,1.00000,74.342,1.478,-22.639
[SHELL] ccB:108,20661,1,8.783,-22.507,13.724,53.821,32.770,67.230,57.558,33.169,66.831
[SHELL] ccA:109,2444160315,271952,0.482,-21.321,0.000,-20.000,0.20655,0.10330,22.05,-1.509,-14.854,-1.509,-14.854,-1.499,-3.922,1.00000,74.342,-0.514,-20.003
[SHELL] ccB:109,2147517957,1,3.600,-18.846,15.246,50.063,32.607,67.393,53.821,32.770,67.230
[SHELL] ccA:110,2444270367,271953,2.316,-19.726,0.000,-20.000,0.07408,6.25407,22.07,-1.546,-14.886,-1.546,-14.886,-1.500,-3.922,1.00000,73.902,5.146,-19.448
[SHELL] ccB:110,20717,1,6.572,-19.752,13.181,45.983,32.615,67.385,50.063,32.607,67.393
[SHELL] ccA:111,2444380419,271954,1.250,-19.964,0.000,-20.000,6.23044,6.12724,22.15,-1.526,-14.882,-1.526,-14.882,-1.501,-3.922,1.00000,74.342,-2.646,-20.479
[SHELL] ccB:111,2147517905,1,-3.722,-15.729,19.451,42.295,33.150,66.850,45.983,32.615,67.385
[SHELL] ctrlcap v1 armed=0 count=512 clock_hz=550000000 decimation=1
[SHELL] ccA:index,cycles,seq,id,iq,idref,iqref,theta,actangle,age_us,vdreq,vqreq,vd,vq,intd,intq,scale,bus,raw_id,raw_iq
[SHELL] ccB:index,timer,valid,ia,ib,ic,du,dv,dw,active_u,active_v,active_w
[SHELL] ccA:112,2444490459,271955,-0.417,-20.217,0.000,-20.000,6.10270,5.99945,22.21,-1.492,-14.876,-1.492,-14.876,-1.501,-3.922,1.00000,74.342,1.811,-19.954
[SHELL] ccB:112,20763,1,-1.801,-16.382,18.182,38.707,33.850,66.150,42.295,33.150,66.850
[SHELL] ccA:113,2444600419,271956,-1.072,-20.542,0.000,-20.000,5.98285,5.87965,22.14,-1.479,-14.870,-1.479,-14.870,-1.500,-3.922,1.00000,74.342,-3.954,-21.129
[SHELL] ccB:113,2147517905,1,-10.028,-11.452,21.480,35.475,34.746,65.254,38.707,33.850,66.150
[SHELL] ccA:114,2444710455,271957,-2.035,-21.520,0.000,-20.000,5.86277,5.75959,22.15,-1.458,-14.849,-1.458,-14.849,-1.499,-3.921,1.00000,74.342,-0.117,-21.911
[SHELL] ccB:114,20761,1,-9.049,-12.757,21.807,34.170,37.567,65.830,35.475,34.746,65.254
[SHELL] ccA:115,2444820419,271958,-0.269,-23.088,0.000,-20.000,5.72455,5.62132,22.14,-1.493,-14.816,-1.493,-14.816,-1.499,-3.920,1.00000,74.342,-0.420,-24.264
[SHELL] ccB:115,2147517905,1,-13.217,-11.017,24.235,33.352,41.556,66.648,34.170,37.567,65.830
[SHELL] ccA:116,2444930407,271959,1.082,-24.524,0.000,-20.000,5.60634,5.50313,22.13,-1.521,-14.786,-1.521,-14.786,-1.499,-3.917,1.00000,74.342,2.585,-24.783
[SHELL] ccB:116,20737,1,-13.507,-11.380,24.887,32.919,45.085,67.081,33.352,41.556,66.648
[SHELL] ccA:117,2445040471,271960,3.736,-24.735,0.000,-20.000,5.47613,5.37293,22.19,-1.576,-14.779,-1.576,-14.779,-1.501,-3.915,1.00000,74.342,4.888,-24.687
[SHELL] ccB:117,2147517879,1,-14.450,-10.619,25.068,32.694,49.079,67.306,32.919,45.085,67.081
[SHELL] ccA:118,2445150463,271961,2.688,-23.308,0.000,-20.000,5.35127,5.24807,22.17,-1.556,-14.806,-1.556,-14.806,-1.503,-3.913,1.00000,74.342,0.488,-21.929
[SHELL] ccB:118,20765,1,-17.313,-3.008,20.321,32.732,52.779,67.268,32.694,49.079,67.306
[SHELL] ccA:119,2445260551,271962,3.122,-21.203,0.000,-20.000,5.22927,5.12605,22.32,-1.567,-14.847,-1.567,-14.847,-1.504,-3.913,1.00000,74.342,5.755,-20.476
[SHELL] ccB:119,2147517839,1,-14.957,-5.617,20.574,33.009,56.429,66.991,32.732,52.779,67.268
[SHELL] ccA:120,2445370471,271963,1.960,-20.044,0.000,-20.000,5.10283,4.99961,22.19,-1.544,-14.870,-1.544,-14.870,-1.505,-3.913,1.00000,74.342,-1.835,-19.613
[SHELL] ccB:120,20769,1,-18.835,4.422,14.413,33.580,60.056,66.420,33.009,56.429,66.991
[SHELL] ccA:121,2445480527,271964,0.580,-19.102,0.000,-20.000,4.97601,4.87277,22.29,-1.517,-14.890,-1.517,-14.890,-1.505,-3.913,1.00000,74.342,2.994,-18.590
[SHELL] ccB:121,2147517851,1,-17.168,1.885,15.283,34.414,63.535,65.586,33.580,60.056,66.420
[SHELL] ccA:122,2445590579,271965,1.080,-18.613,0.000,-20.000,4.84546,4.74228,22.31,-1.528,-14.900,-1.528,-14.900,-1.506,-3.914,1.00000,74.342,-0.834,-18.636
[SHELL] ccB:122,20823,1,-18.581,7.866,10.716,34.299,65.701,63.181,34.414,63.535,65.586
[SHELL] ccA:123,2445700475,271966,0.908,-19.673,0.000,-20.000,4.72247,4.61926,22.19,-1.525,-14.879,-1.525,-14.879,-1.506,-3.914,1.00000,74.342,2.651,-20.711
[SHELL] ccB:123,2147517877,1,-20.684,7.866,12.818,33.507,66.493,59.732,34.299,65.701,63.181
[SHELL] ccA:124,2445810559,271967,2.567,-21.572,0.000,-20.000,4.59532,4.49213,22.31,-1.559,-14.840,-1.559,-14.840,-1.508,-3.913,1.00000,74.342,2.483,-22.432
[SHELL] ccB:124,20813,1,-22.568,11.417,11.151,32.959,67.041,55.942,33.507,66.493,59.732
[SHELL] ccA:125,2445920479,271968,1.558,-21.791,0.000,-20.000,4.46990,4.36671,22.20,-1.540,-14.835,-1.540,-14.835,-1.509,-3.912,1.00000,74.342,0.633,-21.151
[SHELL] ccB:125,2147517875,1,-20.684,14.208,6.475,32.674,67.326,52.240,32.959,67.041,55.942
[SHELL] ccA:126,2446030491,271969,3.401,-20.670,0.000,-20.000,4.33713,4.23393,22.20,-1.578,-14.857,-1.578,-14.857,-1.510,-3.912,1.00000,74.342,6.169,-20.190
[SHELL] ccB:126,20779,1,-21.046,11.961,9.085,32.627,67.373,48.172,32.674,67.326,52.240
[SHELL] ccA:127,2446140471,271970,3.286,-19.809,0.000,-20.000,4.21217,4.10897,22.19,-1.578,-14.875,-1.578,-14.875,-1.512,-3.912,1.00000,74.342,0.404,-19.427
[SHELL] ccB:127,2147517879,1,-17.240,16.383,0.858,32.874,67.126,44.434,32.627,67.373,48.172
[SHELL] ctrlcap v1 armed=0 count=512 clock_hz=550000000 decimation=1
[SHELL] ccA:index,cycles,seq,id,iq,idref,iqref,theta,actangle,age_us,vdreq,vqreq,vd,vq,intd,intq,scale,bus,raw_id,raw_iq
[SHELL] ccB:index,timer,valid,ia,ib,ic,du,dv,dw,active_u,active_v,active_w
[SHELL] ccA:128,2446250515,271971,2.596,-19.160,0.000,-20.000,4.08545,3.98224,22.20,-1.565,-14.888,-1.565,-14.888,-1.513,-3.912,1.00000,74.342,4.789,-18.894
[SHELL] ccB:128,20791,1,-18.110,15.296,2.815,33.399,66.601,40.749,32.874,67.126,44.434
[SHELL] ccA:129,2446360531,271972,2.090,-18.777,0.000,-20.000,3.96362,3.86042,22.25,-1.556,-14.896,-1.556,-14.896,-1.514,-3.913,1.00000,74.342,-0.610,-18.659
[SHELL] ccB:129,2147517849,1,-13.254,18.014,-4.760,34.159,65.841,37.335,33.399,66.601,40.749
[SHELL] ccA:130,2446470539,271973,0.796,-18.149,0.000,-20.000,3.83767,3.73445,22.29,-1.531,-14.910,-1.531,-14.910,-1.515,-3.914,1.00000,74.342,2.202,-17.639
[SHELL] ccB:130,20803,1,-13.000,16.999,-3.999,35.753,65.401,34.599,34.159,65.841,37.335
[SHELL] ccA:131,2446580487,271974,2.018,-18.518,0.000,-20.000,3.71461,3.61141,22.19,-1.556,-14.903,-1.556,-14.903,-1.516,-3.915,1.00000,74.342,1.834,-19.397
[SHELL] ccB:131,2147517871,1,-12.058,19.282,-7.225,39.186,66.300,33.700,35.753,65.401,34.599
[SHELL] ccA:132,2446690483,271975,2.749,-19.825,0.000,-20.000,3.58642,3.48322,22.19,-1.572,-14.877,-1.572,-14.877,-1.517,-3.915,1.00000,74.342,3.663,-20.253
[SHELL] ccB:132,20775,1,-12.021,20.478,-8.457,42.932,66.943,33.057,39.186,66.300,33.700
[SHELL] ccA:133,2446800499,271976,4.237,-20.806,0.000,-20.000,3.46026,3.35706,22.21,-1.604,-14.857,-1.604,-14.857,-1.519,-3.914,1.00000,74.342,4.810,-21.360
[SHELL] ccB:133,2147517865,1,-11.260,21.892,-10.632,46.752,67.306,32.694,42.932,66.943,33.057
[SHELL] ccA:134,2446910491,271977,2.891,-20.555,0.000,-20.000,3.32111,3.21789,22.21,-1.578,-14.862,-1.578,-14.862,-1.521,-3.914,1.00000,74.342,0.972,-19.750
[SHELL] ccB:134,20779,1,-4.483,18.920,-14.437,50.890,67.403,32.597,46.752,67.306,32.694
[SHELL] ccA:135,2447020503,271978,3.058,-19.386,0.000,-20.000,3.20258,3.09938,22.22,-1.583,-14.885,-1.583,-14.885,-1.522,-3.914,1.00000,74.342,5.145,-19.022
[SHELL] ccB:135,2147517863,1,-6.295,19.319,-13.024,54.459,67.247,32.753,50.890,67.403,32.597
[SHELL] ccA:136,2447130511,271979,2.491,-17.845,0.000,-20.000,3.07671,2.97352,22.21,-1.573,-14.917,-1.573,-14.917,-1.523,-3.916,1.00000,74.342,-0.164,-16.668
[SHELL] ccB:136,20789,1,1.244,13.773,-15.017,58.164,66.826,33.174,54.459,67.247,32.753
[SHELL] ccA:137,2447240539,271980,0.835,-17.217,0.000,-20.000,2.95278,2.84953,22.28,-1.540,-14.931,-1.540,-14.931,-1.524,-3.917,1.00000,74.342,1.833,-17.766
[SHELL] ccB:137,2147517845,1,1.534,14.643,-16.177,61.651,66.141,33.859,58.164,66.826,33.174
[SHELL] ccA:138,2447350487,271981,-0.750,-18.391,0.000,-20.000,2.82587,2.72267,22.20,-1.508,-14.909,-1.508,-14.909,-1.523,-3.918,1.00000,74.342,-3.333,-19.015
[SHELL] ccB:138,20777,1,9.073,10.221,-19.294,65.017,65.151,34.849,61.651,66.141,33.859
[SHELL] ccA:139,2447460491,271982,-1.414,-18.934,0.000,-20.000,2.69869,2.59549,22.22,-1.494,-14.898,-1.494,-14.898,-1.523,-3.918,1.00000,74.342,0.505,-18.852
[SHELL] ccB:139,2147517869,1,7.623,11.128,-18.750,66.058,61.796,33.942,65.017,65.151,34.849
[SHELL] ccA:140,2447570487,271983,0.226,-20.678,0.000,-20.000,2.57733,2.47413,22.19,-1.527,-14.863,-1.527,-14.863,-1.523,-3.918,1.00000,74.342,-0.054,-22.504
[SHELL] ccB:140,20777,1,12.081,10.403,-22.483,66.740,58.254,33.260,66.058,61.796,33.942
[SHELL] ccA:141,2447680547,271984,0.507,-22.436,0.000,-20.000,2.44920,2.34597,22.29,-1.533,-14.827,-1.533,-14.827,-1.523,-3.917,1.00000,74.342,1.067,-22.368
[SHELL] ccB:141,2147517841,1,13.458,8.772,-22.230,67.173,54.451,32.827,66.740,58.254,33.260
[SHELL] ccA:142,2447790547,271985,2.567,-21.956,0.000,-20.000,2.32307,2.21985,22.29,-1.576,-14.835,-1.576,-14.835,-1.524,-3.916,1.00000,74.342,4.067,-21.543
[SHELL] ccB:142,20807,1,12.951,8.844,-21.795,67.376,50.591,32.624,67.173,54.451,32.827
[SHELL] ccA:143,2447900487,271986,2.154,-21.529,0.000,-20.000,2.19627,2.09307,22.19,-1.568,-14.843,-1.568,-14.843,-1.525,-3.915,1.00000,74.342,0.242,-21.515
[SHELL] ccB:143,2147517871,1,17.300,2.429,-19.729,67.289,46.796,32.711,67.376,50.591,32.624
[SHELL] ctrlcap v1 armed=0 count=512 clock_hz=550000000 decimation=1
[SHELL] ccA:index,cycles,seq,id,iq,idref,iqref,theta,actangle,age_us,vdreq,vqreq,vd,vq,intd,intq,scale,bus,raw_id,raw_iq
[SHELL] ccB:index,timer,valid,ia,ib,ic,du,dv,dw,active_u,active_v,active_w
[SHELL] ccA:144,2448010591,271987,2.783,-19.997,0.000,-20.000,2.06734,1.96413,22.33,-1.582,-14.874,-1.582,-14.874,-1.527,-3.915,1.00000,74.342,5.323,-18.479
[SHELL] ccB:144,20829,1,13.712,4.821,-18.533,66.940,42.936,33.060,67.289,46.796,32.711
[SHELL] ccA:145,2448120563,271988,1.613,-18.207,0.000,-20.000,1.94064,1.83744,22.27,-1.560,-14.910,-1.560,-14.910,-1.528,-3.916,1.00000,74.342,-2.098,-17.936
[SHELL] ccB:145,2147517833,1,17.481,-4.820,-12.661,66.337,39.310,33.663,66.940,42.936,33.060
[SHELL] ccA:146,2448230583,271989,-0.969,-17.253,0.000,-20.000,1.81700,1.71377,22.33,-1.508,-14.931,-1.508,-14.931,-1.527,-3.917,1.00000,74.342,0.159,-16.570
[SHELL] ccB:146,20825,1,16.031,-4.385,-11.647,65.496,35.984,34.504,66.337,39.310,33.663
[SHELL] ccA:147,2448340563,271990,-1.861,-17.017,0.000,-20.000,1.69263,1.58943,22.28,-1.489,-14.937,-1.489,-14.937,-1.526,-3.919,1.00000,74.342,-3.881,-17.465
[SHELL] ccB:147,2147517833,1,17.807,-10.401,-7.406,65.800,34.200,37.020,65.496,35.984,34.504
[SHELL] ccA:148,2448450567,271991,-2.408,-17.932,0.000,-20.000,1.55949,1.45626,22.28,-1.477,-14.920,-1.477,-14.920,-1.525,-3.920,1.00000,74.342,-0.936,-18.399
[SHELL] ccB:148,20817,1,18.387,-10.184,-8.203,66.631,33.369,40.760,65.800,34.200,37.020
[SHELL] ccA:149,2448560643,271992,0.341,-19.133,0.000,-20.000,1.44055,1.33736,22.38,-1.532,-14.896,-1.532,-14.896,-1.525,-3.920,1.00000,74.342,1.618,-19.868
[SHELL] ccB:149,2147517793,1,19.909,-10.800,-9.109,67.138,32.862,44.362,66.631,33.369,40.760
[SHELL] ccA:150,2448670567,271993,-0.371,-19.884,0.000,-20.000,1.31285,1.20962,22.27,-1.518,-14.881,-1.518,-14.881,-1.525,-3.920,1.00000,74.342,-2.360,-19.901
[SHELL] ccB:150,20817,1,18.641,-15.693,-2.948,67.393,32.607,48.166,67.138,32.862,44.362
[SHELL] ccA:151,2448780559,271994,0.010,-19.981,0.000,-20.000,1.18365,1.08045,22.26,-1.525,-14.879,-1.525,-14.879,-1.525,-3.920,1.00000,74.342,2.380,-20.061
[SHELL] ccB:151,2147517835,1,19.475,-14.388,-5.086,67.383,32.617,52.077,67.393,32.607,48.166
[SHELL] ccA:152,2448890627,271995,0.014,-19.481,0.000,-20.000,1.05724,0.95402,22.34,-1.525,-14.890,-1.525,-14.890,-1.525,-3.921,1.00000,74.342,-2.352,-18.900
[SHELL] ccB:152,20847,1,15.306,-17.469,2.162,67.105,32.895,55.859,67.383,32.617,52.077
[SHELL] ccA:153,2449000611,271996,-0.160,-18.752,0.000,-20.000,0.93129,0.82808,22.30,-1.522,-14.905,-1.522,-14.905,-1.525,-3.921,1.00000,74.342,2.032,-18.603
[SHELL] ccB:153,2147517809,1,16.140,-16.273,0.133,66.562,33.438,59.534,67.105,32.895,55.859
[SHELL] ccA:154,2449110395,271997,-0.882,-18.470,0.000,-20.000,0.80791,0.70470,22.33,-1.507,-14.911,-1.507,-14.911,-1.524,-3.922,1.00000,74.342,-3.796,-18.336
[SHELL] ccB:154,20731,1,10.631,-18.665,8.034,65.772,34.228,62.968,66.562,33.438,59.534
[SHELL] ccA:155,2449220159,271998,-2.056,-18.260,0.000,-20.000,0.67911,0.57591,21.92,-1.482,-14.916,-1.482,-14.916,-1.523,-3.923,1.00000,74.342,-0.316,-18.183
[SHELL] ccB:155,2147518035,1,11.175,-18.013,6.838,63.882,34.486,65.514,65.772,34.228,62.968
[SHELL] ccA:156,2449330195,271999,-0.644,-19.066,0.000,-20.000,0.55513,0.45193,21.90,-1.510,-14.901,-1.510,-14.901,-1.523,-3.923,1.00000,74.342,-0.971,-19.949
[SHELL] ccB:156,20631,1,9.689,-19.970,10.281,60.388,33.616,66.384,63.882,34.486,65.514
[SHELL] ccA:157,2449440219,272000,-0.923,-21.027,0.000,-20.000,0.42997,0.32676,21.98,-1.504,-14.861,-1.504,-14.861,-1.523,-3.923,1.00000,74.342,-0.874,-22.105
[SHELL] ccB:157,2147518005,1,8.420,-21.927,13.507,56.750,33.042,66.958,60.388,33.616,66.384
[SHELL] ccA:158,2449550263,272001,0.124,-22.646,0.000,-20.000,0.30278,0.19958,21.98,-1.525,-14.827,-1.525,-14.827,-1.523,-3.921,1.00000,74.342,1.123,-23.186
[SHELL] ccB:158,20665,1,7.985,-22.869,14.884,52.915,32.718,67.282,56.750,33.042,66.958
[SHELL] ccA:159,2449660315,272002,-0.200,-22.144,0.000,-20.000,0.17557,0.07237,22.01,-1.519,-14.836,-1.519,-14.836,-1.523,-3.920,1.00000,74.342,-1.523,-21.102
[SHELL] ccB:159,2147517957,1,2.186,-19.317,17.131,49.108,32.634,67.366,52.915,32.718,67.282
[SHELL] ctrlcap v1 armed=0 count=512 clock_hz=550000000 decimation=1
[SHELL] ccA:index,cycles,seq,id,iq,idref,iqref,theta,actangle,age_us,vdreq,vqreq,vd,vq,intd,intq,scale,bus,raw_id,raw_iq
[SHELL] ccB:index,timer,valid,ia,ib,ic,du,dv,dw,active_u,active_v,active_w
[SHELL] ccA:160,2449770423,272003,1.307,-20.235,0.000,-20.000,0.04545,6.22543,22.13,-1.549,-14.874,-1.549,-14.874,-1.523,-3.920,1.00000,74.342,4.138,-19.368
[SHELL] ccB:160,20745,1,5.013,-19.100,14.087,45.147,32.806,67.194,49.108,32.634,67.366
[SHELL] ccA:161,2449880419,272004,0.484,-19.232,0.000,-20.000,6.20816,6.10495,22.15,-1.533,-14.895,-1.533,-14.895,-1.523,-3.921,1.00000,74.342,-3.169,-19.096
[SHELL] ccB:161,2147517905,1,-4.591,-13.989,18.581,41.627,33.240,66.760,45.147,32.806,67.194
[SHELL] ccA:162,2449990415,272005,-1.873,-19.281,0.000,-20.000,6.08058,5.97738,22.12,-1.485,-14.894,-1.485,-14.894,-1.523,-3.921,1.00000,74.342,-0.578,-19.465
[SHELL] ccB:162,20741,1,-4.483,-14.171,18.653,38.095,33.975,66.025,41.627,33.240,66.760
[SHELL] ccA:163,2450100503,272006,-2.280,-19.714,0.000,-20.000,5.95476,5.85121,22.23,-1.476,-14.921,-1.476,-14.921,-1.521,-3.921,1.00000,74.342,-3.983,-19.963
[SHELL] ccB:163,2147517863,1,-10.209,-10.148,20.357,34.813,35.057,65.187,38.095,33.975,66.025
[SHELL] ccA:164,2450210427,272007,-2.356,-20.051,0.000,-20.000,5.83144,5.72791,22.15,-1.473,-14.914,-1.473,-14.914,-1.520,-3.921,1.00000,74.342,-0.730,-20.139
[SHELL] ccB:164,20747,1,-9.448,-10.691,20.139,33.876,38.407,66.124,34.813,35.057,65.187
[SHELL] ccA:165,2450320411,272008,-1.044,-22.644,0.000,-20.000,5.70308,5.59955,22.12,-1.499,-14.861,-1.499,-14.861,-1.520,-3.920,1.00000,74.342,-1.359,-25.149
[SHELL] ccB:165,2147517909,1,-14.921,-10.111,25.032,33.199,42.164,66.801,33.876,38.407,66.124
[SHELL] ccA:166,2450430491,272009,-0.261,-24.936,0.000,-20.000,5.57402,5.47046,22.23,-1.514,-14.812,-1.514,-14.812,-1.520,-3.917,1.00000,73.902,0.836,-24.722
[SHELL] ccB:166,20779,1,-15.465,-8.988,24.452,32.705,46.005,67.295,33.199,42.164,66.801
[SHELL] ccA:167,2450540483,272010,1.941,-24.072,0.000,-20.000,5.46414,5.36057,22.21,-1.559,-14.828,-1.559,-14.828,-1.521,-3.915,1.00000,74.342,3.045,-23.421
[SHELL] ccB:167,2147517873,1,-15.030,-8.263,23.293,32.635,49.404,67.365,32.705,46.005,67.295
[SHELL] ccA:168,2450650491,272011,0.899,-22.152,0.000,-20.000,5.32329,5.21976,22.20,-1.539,-14.865,-1.539,-14.865,-1.521,-3.914,1.00000,74.342,-1.246,-20.882
[SHELL] ccB:168,20779,1,-17.820,-0.579,18.400,32.715,53.592,67.285,32.635,49.404,67.365
[SHELL] ccA:169,2450760479,272012,2.204,-20.830,0.000,-20.000,5.19427,5.09073,22.21,-1.566,-14.891,-1.566,-14.891,-1.522,-3.914,1.00000,74.342,5.655,-20.778
[SHELL] ccB:169,2147517875,1,-15.791,-4.784,20.574,33.100,57.476,66.900,32.715,53.592,67.285
[SHELL] ccA:170,2450870499,272013,1.707,-20.327,0.000,-20.000,5.07480,4.97123,22.21,-1.557,-14.901,-1.557,-14.901,-1.523,-3.914,1.00000,74.342,-2.240,-19.876
[SHELL] ccB:170,20783,1,-19.379,5.401,13.978,33.721,60.900,66.279,33.100,57.476,66.900
[SHELL] ccA:171,2450980487,272014,-0.720,-18.576,0.000,-20.000,4.93766,4.83412,22.21,-1.508,-14.937,-1.508,-14.937,-1.523,-3.914,1.00000,74.342,0.799,-17.276
[SHELL] ccB:171,2147517871,1,-16.661,4.314,12.347,34.673,64.589,65.327,33.721,60.900,66.279
[SHELL] ccA:172,2451090539,272015,-1.295,-17.779,0.000,-20.000,4.82324,4.71967,22.29,-1.496,-14.954,-1.496,-14.954,-1.522,-3.915,1.00000,74.342,-3.390,-18.282
[SHELL] ccB:172,20803,1,-18.545,10.439,8.106,34.095,65.905,62.673,34.673,64.589,65.327
[SHELL] ccA:173,2451200463,272016,-2.050,-19.130,0.000,-20.000,4.69207,4.58854,22.17,-1.480,-14.927,-1.480,-14.927,-1.521,-3.916,1.00000,74.342,-0.711,-19.977
[SHELL] ccB:173,2147517883,1,-19.959,10.946,9.012,33.311,66.689,58.971,34.095,65.905,62.673
[SHELL] ccA:174,2451310551,272017,-0.532,-20.593,0.000,-20.000,4.56815,4.46460,22.31,-1.510,-14.898,-1.510,-14.898,-1.521,-3.916,1.00000,74.342,-0.353,-21.208
[SHELL] ccB:174,20809,1,-20.937,13.411,7.526,32.822,67.178,55.254,33.311,66.689,58.971
[SHELL] ccA:175,2451420483,272018,-0.691,-21.198,0.000,-20.000,4.44145,4.33791,22.19,-1.506,-14.885,-1.506,-14.885,-1.520,-3.915,1.00000,74.342,-1.029,-21.188
[SHELL] ccB:175,2147517873,1,-20.140,15.839,4.301,32.592,67.408,51.456,32.822,67.178,55.254
[SHELL] ctrlcap v1 armed=0 count=512 clock_hz=550000000 decimation=1
[SHELL] ccA:index,cycles,seq,id,iq,idref,iqref,theta,actangle,age_us,vdreq,vqreq,vd,vq,intd,intq,scale,bus,raw_id,raw_iq
[SHELL] ccB:index,timer,valid,ia,ib,ic,du,dv,dw,active_u,active_v,active_w
[SHELL] ccA:176,2451530487,272019,1.117,-20.580,0.000,-20.000,4.31315,4.20958,22.20,-1.543,-14.897,-1.543,-14.897,-1.521,-3.915,1.00000,74.342,3.262,-19.971
[SHELL] ccB:176,20777,1,-19.669,13.955,5.714,32.613,67.387,47.512,32.592,67.408,51.456
[SHELL] ccA:177,2451640559,272020,0.640,-19.512,0.000,-20.000,4.19134,4.08783,22.33,-1.534,-14.919,-1.534,-14.919,-1.521,-3.915,1.00000,74.342,-1.982,-19.052
[SHELL] ccB:177,2147517835,1,-15.537,17.470,-1.933,32.890,67.110,43.887,32.613,67.387,47.512
[SHELL] ccA:178,2451750523,272021,-0.041,-18.936,0.000,-20.000,4.06456,3.96102,22.20,-1.520,-14.931,-1.520,-14.931,-1.521,-3.915,1.00000,74.342,1.900,-18.820
[SHELL] ccB:178,20795,1,-16.153,16.600,-0.447,33.456,66.544,40.209,32.890,67.110,43.887
[SHELL] ccA:179,2451860543,272022,-0.448,-18.992,0.000,-20.000,3.93722,3.83369,22.27,-1.512,-14.930,-1.512,-14.930,-1.521,-3.916,1.00000,74.342,-2.796,-19.163
[SHELL] ccB:179,2147517843,1,-11.731,19.210,-7.478,34.305,65.695,36.666,33.456,66.544,40.209
[SHELL] ccA:180,2451970519,272023,-0.566,-19.059,0.000,-20.000,3.80876,3.70523,22.24,-1.509,-14.929,-1.509,-14.929,-1.521,-3.916,1.00000,74.342,1.665,-18.954
[SHELL] ccB:180,20793,1,-13.036,18.521,-5.485,36.481,65.641,34.359,34.305,65.695,36.666
[SHELL] ccA:181,2452080499,272024,0.472,-20.491,0.000,-20.000,3.68400,3.58046,22.21,-1.530,-14.900,-1.530,-14.900,-1.521,-3.916,1.00000,74.342,-0.721,-22.027
[SHELL] ccB:181,2147517865,1,-10.753,22.037,-11.284,40.020,66.470,33.530,36.481,65.641,34.359
[SHELL] ccA:182,2452190515,272025,-0.043,-22.462,0.000,-20.000,3.55818,3.45465,22.23,-1.520,-14.860,-1.520,-14.860,-1.521,-3.915,1.00000,74.342,0.636,-22.897
[SHELL] ccB:182,20791,1,-9.847,22.834,-12.988,43.684,67.014,32.986,40.020,66.470,33.530
[SHELL] ccA:183,2452300511,272026,1.640,-22.518,0.000,-20.000,3.42997,3.32644,22.22,-1.554,-14.857,-1.554,-14.857,-1.522,-3.914,1.00000,74.342,2.645,-22.139
[SHELL] ccB:183,2147517859,1,-8.832,22.146,-13.314,47.573,67.345,32.655,43.684,67.014,32.986
[SHELL] ccA:184,2452410515,272027,0.588,-21.212,0.000,-20.000,3.31143,3.20790,22.23,-1.534,-14.883,-1.534,-14.883,-1.522,-3.913,1.00000,74.342,-1.468,-20.286
[SHELL] ccB:184,20791,1,-1.982,18.521,-16.539,51.098,67.417,32.583,47.573,67.345,32.655
[SHELL] ccA:185,2452520543,272028,2.035,-19.450,0.000,-20.000,3.18444,3.08092,22.23,-1.564,-14.918,-1.564,-14.918,-1.523,-3.913,1.00000,74.342,5.539,-18.613
[SHELL] ccB:185,2147517843,1,-6.331,19.065,-12.734,54.974,67.236,32.764,51.098,67.417,32.583
[SHELL] ccA:186,2452630487,272029,1.226,-19.065,0.000,-20.000,3.05901,2.95548,22.20,-1.548,-14.926,-1.548,-14.926,-1.524,-3.914,1.00000,74.342,-3.088,-19.517
[SHELL] ccB:186,20777,1,4.687,14.281,-18.968,58.643,66.754,33.246,54.974,67.236,32.764
[SHELL] ccA:187,2452740487,272030,-1.434,-19.544,0.000,-20.000,2.92842,2.82489,22.20,-1.494,-14.917,-1.494,-14.917,-1.523,-3.914,1.00000,74.342,0.220,-19.572
[SHELL] ccB:187,2147517871,1,3.926,14.643,-18.569,62.238,65.971,34.029,58.643,66.754,33.246
[SHELL] ccA:188,2452850511,272031,-1.972,-20.317,0.000,-20.000,2.80700,2.70347,22.23,-1.482,-14.901,-1.482,-14.901,-1.522,-3.914,1.00000,74.342,-4.163,-21.061
[SHELL] ccB:188,20789,1,10.848,10.620,-21.469,65.225,64.748,34.775,62.238,65.971,34.029
[SHELL] ccA:189,2452960503,272032,-1.979,-20.909,0.000,-20.000,2.67740,2.57387,22.20,-1.481,-14.889,-1.481,-14.889,-1.521,-3.913,1.00000,74.342,0.206,-20.756
[SHELL] ccB:189,2147517863,1,9.109,11.599,-20.707,66.185,61.207,33.815,65.225,64.748,34.775
[SHELL] ccA:190,2453070547,272033,0.817,-22.360,0.000,-20.000,2.54945,2.44588,22.31,-1.538,-14.859,-1.538,-14.859,-1.521,-3.912,1.00000,74.342,1.429,-23.964
[SHELL] ccB:190,20807,1,12.190,11.816,-24.006,66.868,57.409,33.132,66.185,61.207,33.815
[SHELL] ccA:191,2453180515,272034,1.173,-23.049,0.000,-20.000,2.42646,2.32293,22.23,-1.545,-14.844,-1.545,-14.844,-1.522,-3.911,1.00000,74.342,0.918,-22.134
[SHELL] ccB:191,2147517857,1,13.820,8.083,-21.904,67.250,53.748,32.750,66.868,57.409,33.132
[SHELL] ctrlcap v1 armed=0 count=512 clock_hz=550000000 decimation=1
[SHELL] ccA:index,cycles,seq,id,iq,idref,iqref,theta,actangle,age_us,vdreq,vqreq,vd,vq,intd,intq,scale,bus,raw_id,raw_iq
[SHELL] ccB:index,timer,valid,ia,ib,ic,du,dv,dw,active_u,active_v,active_w
[SHELL] ccA:192,2453290499,272035,1.699,-21.364,0.000,-20.000,2.30188,2.19835,22.20,-1.557,-14.877,-1.557,-14.877,-1.523,-3.910,1.00000,74.342,2.480,-20.594
[SHELL] ccB:192,20783,1,13.676,6.670,-20.345,67.425,49.991,32.575,67.250,53.748,32.750
[SHELL] ccA:193,2453400567,272036,0.581,-20.118,0.000,-20.000,2.17617,2.07261,22.32,-1.535,-14.902,-1.535,-14.902,-1.523,-3.910,1.00000,74.342,-1.318,-19.642
[SHELL] ccB:193,2147517831,1,16.901,0.291,-17.192,67.316,46.249,32.684,67.425,49.991,32.575
[SHELL] ccA:194,2453510571,272037,1.706,-19.537,0.000,-20.000,2.05075,1.94717,22.29,-1.558,-14.913,-1.558,-14.913,-1.524,-3.910,1.00000,74.342,4.731,-19.433
[SHELL] ccB:194,20819,1,15.053,3.879,-18.932,66.919,42.476,33.081,67.316,46.249,32.684
[SHELL] ccA:195,2453620559,272038,1.464,-19.342,0.000,-20.000,1.91837,1.81482,22.28,-1.554,-14.918,-1.554,-14.918,-1.525,-3.911,1.00000,74.342,-1.803,-19.251
[SHELL] ccB:195,2147517835,1,18.713,-5.146,-13.567,66.204,38.681,33.796,66.919,42.476,33.081
[SHELL] ccA:196,2453730583,272039,0.040,-18.376,0.000,-20.000,1.79463,1.69110,22.29,-1.525,-14.938,-1.525,-14.938,-1.525,-3.911,1.00000,74.342,1.882,-17.502
[SHELL] ccB:196,20825,1,16.648,-3.370,-13.277,65.308,35.341,34.692,66.204,38.681,33.796
[SHELL] ccA:197,2453840575,272040,-0.181,-17.824,0.000,-20.000,1.66677,1.56321,22.28,-1.521,-14.950,-1.521,-14.950,-1.525,-3.912,1.00000,74.342,-2.244,-18.147
[SHELL] ccB:197,2147517827,1,18.278,-9.568,-8.711,66.022,33.978,37.786,65.308,35.341,34.692
[SHELL] ccA:198,2453950579,272041,-1.539,-18.769,0.000,-20.000,1.54730,1.44378,22.28,-1.493,-14.932,-1.493,-14.932,-1.524,-3.913,1.00000,73.902,-0.835,-19.391
[SHELL] ccB:198,20823,1,19.366,-10.800,-8.566,66.815,33.185,41.089,66.022,33.978,37.786
[SHELL] ccA:199,2454060623,272042,-0.690,-20.127,0.000,-20.000,1.42499,1.32143,22.38,-1.510,-14.904,-1.510,-14.904,-1.523,-3.913,1.00000,74.342,-0.545,-20.862
[SHELL] ccB:199,2147517803,1,20.562,-13.373,-7.189,67.190,32.810,44.788,66.815,33.185,41.089
[SHELL] ccA:200,2454170551,272043,-0.927,-20.579,0.000,-20.000,1.29683,1.19330,22.25,-1.504,-14.895,-1.504,-14.895,-1.523,-3.913,1.00000,74.342,-1.309,-20.296
[SHELL] ccB:200,20809,1,19.185,-15.439,-3.745,67.422,32.578,48.628,67.190,32.810,44.788
[SHELL] ccA:201,2454280615,272044,1.288,-19.970,0.000,-20.000,1.16540,1.06182,22.36,-1.549,-14.907,-1.549,-14.907,-1.524,-3.913,1.00000,74.342,3.884,-19.644
[SHELL] ccB:201,2147517807,1,19.583,-13.410,-6.174,67.390,32.610,52.686,67.422,32.578,48.628
[SHELL] ccA:202,2454390587,272045,1.710,-19.629,0.000,-20.000,1.04374,0.94020,22.25,-1.559,-14.914,-1.559,-14.914,-1.524,-3.913,1.00000,74.342,-0.464,-19.615
[SHELL] ccB:202,20827,1,16.720,-17.251,0.531,67.081,32.919,56.341,67.390,32.610,52.686
[SHELL] ccA:203,2454500643,272046,1.853,-19.288,0.000,-20.000,0.91731,0.81376,22.34,-1.562,-14.921,-1.562,-14.921,-1.525,-3.913,1.00000,74.342,4.170,-18.961
[SHELL] ccB:203,2147517793,1,17.590,-15.910,-1.679,66.490,33.510,60.032,67.081,32.919,56.341
[SHELL] ccA:204,2454610479,272047,2.182,-18.829,0.000,-20.000,0.78478,0.68126,22.44,-1.570,-14.931,-1.570,-14.931,-1.527,-3.914,1.00000,74.342,0.194,-18.697
[SHELL] ccB:204,20773,1,13.349,-18.013,4.663,65.587,34.413,63.738,66.490,33.510,60.032
[SHELL] ccA:205,2454720187,272048,1.553,-18.636,0.000,-20.000,0.65893,0.55540,21.95,-1.558,-14.936,-1.558,-14.936,-1.527,-3.915,1.00000,74.342,2.912,-18.575
[SHELL] ccB:205,2147518021,1,13.676,-18.013,4.337,63.218,34.259,65.741,65.587,34.413,63.738
[SHELL] ccA:206,2454830243,272049,1.534,-19.763,0.000,-20.000,0.53477,0.43122,22.00,-1.559,-14.913,-1.559,-14.913,-1.528,-3.915,1.00000,74.342,0.156,-20.951
[SHELL] ccB:206,20655,1,10.812,-20.948,10.136,59.720,33.459,66.541,63.218,34.259,65.741
[SHELL] ccA:207,2454940247,272050,0.446,-21.653,0.000,-20.000,0.40799,0.30446,21.99,-1.537,-14.875,-1.537,-14.875,-1.528,-3.914,1.00000,74.342,0.735,-22.354
[SHELL] ccB:207,2147517991,1,9.544,-22.289,12.746,56.038,32.932,67.068,59.720,33.459,66.541
[SHELL] ctrlcap v1 armed=0 count=512 clock_hz=550000000 decimation=1
[SHELL] ccA:index,cycles,seq,id,iq,idref,iqref,theta,actangle,age_us,vdreq,vqreq,vd,vq,intd,intq,scale,bus,raw_id,raw_iq
[SHELL] ccB:index,timer,valid,ia,ib,ic,du,dv,dw,active_u,active_v,active_w
[SHELL] ccA:208,2455051847,272051,1.611,-22.427,0.000,-20.000,0.27965,0.17611,24.63,-1.561,-14.858,-1.561,-14.858,-1.529,-3.913,1.00000,74.342,2.488,-22.500
[SHELL] ccB:208,21457,1,8.601,-22.434,13.833,52.151,32.641,67.359,56.038,32.932,67.068
[SHELL] ccA:209,2455160399,272052,0.018,-21.381,0.000,-20.000,0.15826,0.05471,22.12,-1.529,-14.878,-1.529,-14.878,-1.529,-3.912,1.00000,74.342,-2.451,-20.262
[SHELL] ccB:209,2147517915,1,0.773,-18.049,17.276,48.560,32.597,67.403,52.151,32.641,67.359
[SHELL] ccA:210,2455270471,272053,0.844,-19.591,0.000,-20.000,0.03095,6.21061,22.21,-1.546,-14.914,-1.546,-14.914,-1.530,-3.912,1.00000,74.342,4.140,-18.921
[SHELL] ccB:210,20769,1,4.723,-18.629,13.905,44.706,32.802,67.198,48.560,32.597,67.403
[SHELL] ccA:211,2455380415,272054,1.137,-18.972,0.000,-20.000,6.18302,6.07949,22.12,-1.553,-14.927,-1.553,-14.927,-1.530,-3.913,1.00000,74.342,-1.865,-19.024
[SHELL] ccB:211,2147517907,1,-3.758,-14.352,18.110,40.839,33.337,66.663,44.706,32.802,67.198
[SHELL] ccA:212,2455490455,272055,0.095,-18.290,0.000,-20.000,6.05638,5.95287,22.16,-1.532,-14.942,-1.532,-14.942,-1.530,-3.913,1.00000,74.342,2.055,-17.557
[SHELL] ccB:212,20761,1,-1.946,-14.243,16.189,37.298,34.114,65.886,40.839,33.337,66.663
[SHELL] ccA:213,2455600407,272056,-0.438,-18.340,0.000,-20.000,5.93144,5.82791,22.12,-1.521,-14.941,-1.521,-14.941,-1.530,-3.914,1.00000,74.342,-2.930,-19.123
[SHELL] ccB:213,2147517911,1,-9.339,-10.003,19.342,34.567,35.726,65.433,37.298,34.114,65.886
[SHELL] ccA:214,2455710407,272057,-1.383,-19.533,0.000,-20.000,5.79789,5.69436,22.12,-1.502,-14.918,-1.502,-14.918,-1.529,-3.915,1.00000,74.342,0.163,-19.943
[SHELL] ccB:214,20737,1,-9.158,-10.764,19.922,33.642,39.398,66.358,34.567,35.726,65.433
[SHELL] ccA:215,2455820467,272058,0.279,-21.366,0.000,-20.000,5.68007,5.57651,22.23,-1.535,-14.880,-1.535,-14.880,-1.529,-3.914,1.00000,74.342,0.395,-22.790
[SHELL] ccB:215,2147517881,1,-12.601,-10.148,22.749,33.064,42.892,66.936,33.642,39.398,66.358
[SHELL] ccA:216,2455930467,272059,0.044,-23.050,0.000,-20.000,5.55226,5.44870,22.16,-1.530,-14.845,-1.530,-14.845,-1.529,-3.912,1.00000,74.342,-0.308,-23.311
[SHELL] ccB:216,20767,1,-15.791,-6.958,22.749,32.720,46.695,67.280,33.064,42.892,66.936
[SHELL] ccA:217,2456040479,272060,1.670,-22.869,0.000,-20.000,5.42650,5.32297,22.19,-1.564,-14.847,-1.564,-14.847,-1.530,-3.911,1.00000,74.342,3.647,-22.427
[SHELL] ccB:217,2147517875,1,-14.558,-7.828,22.386,32.611,50.541,67.389,32.720,46.695,67.280
[SHELL] ccA:218,2456150511,272061,1.416,-21.191,0.000,-20.000,5.29311,5.18956,22.26,-1.559,-14.880,-1.559,-14.880,-1.531,-3.910,1.00000,74.342,-0.815,-19.956
[SHELL] ccB:218,20789,1,-17.132,-0.326,17.457,32.768,54.536,67.232,32.611,50.541,67.389
[SHELL] ccA:219,2456260499,272062,1.331,-19.210,0.000,-20.000,5.17948,5.07591,22.20,-1.558,-14.920,-1.558,-14.920,-1.532,-3.911,1.00000,74.342,3.476,-18.464
[SHELL] ccB:219,2147517865,1,-14.921,-2.428,17.349,33.130,57.902,66.870,32.768,54.536,67.232
[SHELL] ccA:220,2456370479,272063,-0.199,-18.510,0.000,-20.000,5.04728,4.94375,22.20,-1.528,-14.935,-1.528,-14.935,-1.531,-3.911,1.00000,74.342,-3.873,-18.557
[SHELL] ccB:220,20773,1,-18.799,7.286,11.513,33.852,61.633,66.148,33.130,57.902,66.870
[SHELL] ccA:221,2456480487,272064,-1.542,-17.194,0.000,-20.000,4.92238,4.81885,22.20,-1.500,-14.963,-1.500,-14.963,-1.531,-3.913,1.00000,74.342,0.790,-15.832
[SHELL] ccB:221,2147517871,1,-15.320,4.132,11.187,34.772,64.999,65.228,33.852,61.633,66.148
[SHELL] ccA:222,2456590479,272065,-0.526,-16.817,0.000,-20.000,4.79403,4.69048,22.20,-1.520,-14.972,-1.520,-14.972,-1.530,-3.914,1.00000,74.342,-1.842,-17.802
[SHELL] ccB:222,20773,1,-17.893,9.279,8.614,33.857,66.143,61.839,34.772,64.999,65.228
[SHELL] ccA:223,2456700479,272066,-0.968,-18.654,0.000,-20.000,4.67395,4.57040,22.21,-1.511,-14.936,-1.511,-14.936,-1.530,-3.915,1.00000,74.342,-0.095,-19.506
[SHELL] ccB:223,2147517875,1,-19.488,10.475,9.012,33.197,66.803,58.395,33.857,66.143,61.839
[SHELL] ctrlcap v1 armed=0 count=512 clock_hz=550000000 decimation=1
[SHELL] ccA:index,cycles,seq,id,iq,idref,iqref,theta,actangle,age_us,vdreq,vqreq,vd,vq,intd,intq,scale,bus,raw_id,raw_iq
[SHELL] ccB:index,timer,valid,ia,ib,ic,du,dv,dw,active_u,active_v,active_w
[SHELL] ccA:224,2456810499,272067,-0.056,-20.456,0.000,-20.000,4.54885,4.44532,22.21,-1.529,-14.900,-1.529,-14.900,-1.530,-3.915,1.00000,74.342,-0.017,-21.407
[SHELL] ccB:224,20783,1,-21.119,13.592,7.526,32.759,67.241,54.644,33.197,66.803,58.395
[SHELL] ccA:225,2456920479,272068,-0.797,-20.786,0.000,-20.000,4.41735,4.31378,22.20,-1.514,-14.893,-1.514,-14.893,-1.530,-3.915,1.00000,74.342,-1.578,-20.165
[SHELL] ccB:225,2147517875,1,-18.835,15.803,3.032,32.567,67.433,50.716,32.759,67.241,54.644
[SHELL] ccA:226,2457030491,272069,1.112,-20.047,0.000,-20.000,4.29143,4.18789,22.21,-1.552,-14.907,-1.552,-14.907,-1.530,-3.914,1.00000,74.342,3.801,-19.928
[SHELL] ccB:226,20779,1,-19.741,13.918,5.823,32.636,67.364,46.841,32.567,67.433,50.716
[SHELL] ccA:227,2457140479,272070,1.855,-19.119,0.000,-20.000,4.16737,4.06380,22.20,-1.568,-14.926,-1.568,-14.926,-1.531,-3.915,1.00000,74.342,-0.091,-18.310
[SHELL] ccB:227,2147517875,1,-15.610,16.093,-0.483,32.975,67.025,43.106,32.636,67.364,46.841
[SHELL] ccA:228,2457250511,272071,1.256,-18.521,0.000,-20.000,4.03855,3.93501,22.20,-1.557,-14.939,-1.557,-14.939,-1.532,-3.916,1.00000,74.342,2.603,-18.732
[SHELL] ccB:228,20789,1,-16.262,16.492,-0.230,33.610,66.390,39.392,32.975,67.025,43.106
[SHELL] ccA:229,2457360591,272072,0.324,-18.711,0.000,-20.000,3.91505,3.81150,22.34,-1.538,-14.936,-1.538,-14.936,-1.532,-3.916,1.00000,74.342,-1.955,-18.691
[SHELL] ccB:229,2147517819,1,-11.659,18.594,-6.935,34.485,65.515,36.012,33.610,66.390,39.392
[SHELL] ccA:230,2457470491,272073,-0.930,-18.642,0.000,-20.000,3.78458,3.68105,22.21,-1.513,-14.938,-1.513,-14.938,-1.531,-3.917,1.00000,74.342,0.095,-18.592
[SHELL] ccB:230,20779,1,-11.224,18.449,-7.225,37.137,65.836,34.164,34.485,65.515,36.012
[SHELL] ccA:231,2457580503,272074,-0.679,-20.163,0.000,-20.000,3.65154,3.54801,22.20,-1.517,-14.908,-1.517,-14.908,-1.531,-3.917,1.00000,74.342,-1.454,-21.733
[SHELL] ccB:231,2147517863,1,-9.339,21.711,-12.371,40.922,66.650,33.350,37.137,65.836,34.164
[SHELL] ccA:232,2457690479,272075,-0.374,-21.568,0.000,-20.000,3.53371,3.43018,22.23,-1.523,-14.879,-1.523,-14.879,-1.531,-3.916,1.00000,74.342,0.706,-21.404
[SHELL] ccB:232,20773,1,-8.832,21.312,-12.480,44.403,67.121,32.879,40.922,66.650,33.350
[SHELL] ccA:233,2457800411,272076,1.317,-21.281,0.000,-20.000,3.40744,3.30391,22.12,-1.558,-14.884,-1.558,-14.884,-1.531,-3.915,1.00000,74.342,1.928,-21.157
[SHELL] ccB:233,2147517909,1,-7.418,20.950,-13.531,48.249,67.404,32.596,44.403,67.121,32.879
[SHELL] ccA:234,2457910435,272077,1.204,-19.820,0.000,-20.000,3.28232,3.17880,22.14,-1.556,-14.913,-1.556,-14.913,-1.532,-3.916,1.00000,74.342,0.481,-18.484
[SHELL] ccB:234,20751,1,-3.069,17.325,-14.256,52.018,67.428,32.572,48.249,67.404,32.596
[SHELL] ccA:235,2458020407,272078,2.447,-18.354,0.000,-20.000,3.15339,3.04986,22.12,-1.582,-14.943,-1.582,-14.943,-1.533,-3.916,1.00000,74.342,4.413,-18.224
[SHELL] ccB:235,2147517911,1,-4.628,18.050,-13.422,55.941,67.166,32.834,52.018,67.428,32.572
[SHELL] ccA:236,2458130403,272079,0.786,-18.975,0.000,-20.000,3.02851,2.92498,22.12,-1.549,-14.931,-1.549,-14.931,-1.534,-3.917,1.00000,74.342,-2.842,-19.726
[SHELL] ccB:236,20735,1,5.049,14.172,-19.221,59.528,66.599,33.401,55.941,67.166,32.834
[SHELL] ccA:237,2458240431,272080,-0.894,-18.908,0.000,-20.000,2.89969,2.79616,22.15,-1.515,-14.933,-1.515,-14.933,-1.533,-3.917,1.00000,74.342,1.054,-18.089
[SHELL] ccB:237,2147517899,1,3.310,13.773,-17.083,63.079,65.771,34.229,59.528,66.599,33.401
[SHELL] ccA:238,2458350459,272081,-1.044,-19.150,0.000,-20.000,2.77801,2.67446,22.21,-1.512,-14.929,-1.512,-14.929,-1.533,-3.918,1.00000,74.342,-3.141,-20.211
[SHELL] ccB:238,20763,1,10.124,10.330,-20.454,65.511,63.958,34.489,63.079,65.771,34.229
[SHELL] ccA:239,2458460431,272082,-1.654,-20.390,0.000,-20.000,2.65121,2.54768,22.14,-1.499,-14.904,-1.499,-14.904,-1.532,-3.918,1.00000,74.342,-0.166,-20.568
[SHELL] ccB:239,2147517899,1,9.834,10.729,-20.562,66.373,60.450,33.627,65.511,63.958,34.489
[SHELL] ctrlcap v1 armed=0 count=512 clock_hz=550000000 decimation=1
[SHELL] ccA:index,cycles,seq,id,iq,idref,iqref,theta,actangle,age_us,vdreq,vqreq,vd,vq,intd,intq,scale,bus,raw_id,raw_iq
[SHELL] ccB:index,timer,valid,ia,ib,ic,du,dv,dw,active_u,active_v,active_w
[SHELL] ccA:240,2458570411,272083,0.260,-21.892,0.000,-20.000,2.52051,2.41698,22.12,-1.537,-14.873,-1.537,-14.873,-1.532,-3.917,1.00000,74.342,0.687,-23.215
[SHELL] ccB:240,20739,1,12.951,10.221,-23.172,67.000,56.572,33.000,66.373,60.450,33.627
[SHELL] ccA:241,2458680435,272084,0.840,-22.953,0.000,-20.000,2.39241,2.28888,22.15,-1.549,-14.850,-1.549,-14.850,-1.532,-3.915,1.00000,74.342,0.993,-22.691
[SHELL] ccB:241,2147517897,1,14.727,7.612,-22.338,67.322,52.724,32.678,67.000,56.572,33.000
[SHELL] ccA:242,2458790435,272085,2.485,-22.475,0.000,-20.000,2.26600,2.16244,22.18,-1.583,-14.858,-1.583,-14.858,-1.534,-3.914,1.00000,74.342,3.978,-22.259
[SHELL] ccB:242,20751,1,14.545,7.721,-22.266,67.394,48.851,32.606,67.322,52.724,32.678
[SHELL] ccA:243,2458900511,272086,1.106,-21.256,0.000,-20.000,2.13862,2.03507,22.28,-1.556,-14.882,-1.556,-14.882,-1.534,-3.913,1.00000,74.342,-1.766,-20.253
[SHELL] ccB:243,2147517859,1,18.025,-0.869,-17.156,67.199,45.085,32.801,67.394,48.851,32.606
[SHELL] ccA:244,2459010471,272087,0.562,-19.548,0.000,-20.000,2.01452,1.91099,22.17,-1.546,-14.917,-1.546,-14.917,-1.535,-3.914,1.00000,74.342,2.891,-18.843
[SHELL] ccB:244,20769,1,15.778,1.378,-17.156,66.757,41.444,33.243,67.199,45.085,32.801
[SHELL] ccA:245,2459120491,272088,0.046,-18.835,0.000,-20.000,1.88001,1.77648,22.20,-1.535,-14.931,-1.535,-14.931,-1.535,-3.914,1.00000,74.342,-2.799,-18.827
[SHELL] ccB:245,2147517869,1,18.786,-6.741,-12.045,65.963,37.640,34.037,66.757,41.444,33.243
[SHELL] ccA:246,2459230531,272089,-1.293,-17.784,0.000,-20.000,1.76245,1.65889,22.30,-1.508,-14.954,-1.508,-14.954,-1.534,-3.915,1.00000,74.342,0.212,-16.741
[SHELL] ccB:246,20799,1,16.394,-5.255,-11.139,65.270,34.730,35.165,65.963,37.640,34.037
[SHELL] ccA:247,2459340499,272090,-1.418,-18.082,0.000,-20.000,1.63733,1.53376,22.23,-1.505,-14.949,-1.505,-14.949,-1.533,-3.916,1.00000,74.342,-3.048,-19.424
[SHELL] ccB:247,2147517865,1,19.583,-11.307,-8.276,66.213,33.787,38.581,65.270,34.730,35.165
[SHELL] ccA:248,2459450499,272091,-1.747,-19.650,0.000,-20.000,1.50291,1.39938,22.21,-1.497,-14.917,-1.497,-14.917,-1.532,-3.916,1.00000,74.342,-0.445,-19.877
[SHELL] ccB:248,20783,1,19.801,-11.452,-8.348,66.913,33.087,42.453,66.213,33.787,38.581
[SHELL] ccA:249,2459560539,272092,-0.124,-20.458,0.000,-20.000,1.37376,1.27022,22.31,-1.530,-14.901,-1.530,-14.901,-1.532,-3.916,1.00000,74.342,0.196,-21.039
[SHELL] ccB:249,2147517845,1,20.671,-13.736,-6.935,67.323,32.677,46.360,66.913,33.087,42.453
[SHELL] ccA:250,2459670487,272093,-1.580,-20.389,0.000,-20.000,1.24884,1.14528,22.22,-1.500,-14.902,-1.500,-14.902,-1.531,-3.916,1.00000,74.342,-3.357,-19.739
[SHELL] ccB:250,20777,1,17.662,-16.998,-0.665,67.447,32.553,50.067,67.323,32.677,46.360
[SHELL] ccA:251,2459780479,272094,-0.875,-19.577,0.000,-20.000,1.12975,1.02622,22.20,-1.514,-14.919,-1.514,-14.919,-1.531,-3.916,1.00000,74.342,1.606,-19.414
[SHELL] ccB:251,2147517875,1,18.242,-15.041,-3.202,67.338,32.662,53.685,67.447,32.553,50.067
[SHELL] ccA:252,2459890567,272095,-1.131,-19.313,0.000,-20.000,0.99992,0.89637,22.29,-1.508,-14.924,-1.508,-14.924,-1.530,-3.917,1.00000,74.342,-3.868,-19.211
[SHELL] ccB:252,20817,1,14.074,-18.846,4.772,66.924,33.076,57.533,67.338,32.662,53.685
[SHELL] ccA:253,2460000547,272096,-1.542,-18.560,0.000,-20.000,0.87229,0.76875,22.29,-1.499,-14.940,-1.499,-14.940,-1.530,-3.917,1.00000,74.342,0.785,-17.909
[SHELL] ccB:253,2147517841,1,14.219,-16.563,2.344,66.254,33.746,61.193,66.924,33.076,57.533
[SHELL] ccA:254,2460110367,272097,-1.331,-18.548,0.000,-20.000,0.75898,0.65543,22.34,-1.502,-14.941,-1.502,-14.941,-1.529,-3.918,1.00000,74.342,-3.447,-19.187
[SHELL] ccB:254,20717,1,10.704,-19.462,8.759,65.418,34.582,64.312,66.254,33.746,61.193
[SHELL] ccA:255,2460220083,272098,-1.773,-19.018,0.000,-20.000,0.61848,0.51495,21.83,-1.493,-14.932,-1.493,-14.932,-1.528,-3.919,1.00000,74.342,-0.098,-18.849
[SHELL] ccB:255,2147518073,1,10.848,-18.774,7.925,62.217,34.005,65.995,65.418,34.582,64.312
[SHELL] ctrlcap v1 armed=0 count=512 clock_hz=550000000 decimation=1
[SHELL] ccA:index,cycles,seq,id,iq,idref,iqref,theta,actangle,age_us,vdreq,vqreq,vd,vq,intd,intq,scale,bus,raw_id,raw_iq
[SHELL] ccB:index,timer,valid,ia,ib,ic,du,dv,dw,active_u,active_v,active_w
[SHELL] ccA:256,2460330143,272099,0.229,-19.877,0.000,-20.000,0.49062,0.38706,21.90,-1.533,-14.915,-1.533,-14.915,-1.528,-3.919,1.00000,74.342,0.557,-20.905
[SHELL] ccB:256,20605,1,10.341,-20.912,10.571,58.495,33.237,66.763,62.217,34.005,65.995
[SHELL] ccA:257,2460440147,272100,0.644,-21.450,0.000,-20.000,0.35941,0.25589,21.89,-1.541,-14.883,-1.541,-14.883,-1.529,-3.918,1.00000,74.342,0.731,-21.994
[SHELL] ccB:257,2147518041,1,8.420,-21.818,13.398,54.592,32.773,67.227,58.495,33.237,66.763
[SHELL] ccA:258,2460550183,272101,0.758,-22.016,0.000,-20.000,0.23441,0.13088,21.91,-1.544,-14.870,-1.544,-14.870,-1.529,-3.917,1.00000,74.342,0.786,-22.038
[SHELL] ccB:258,20625,1,5.883,-21.347,15.464,50.827,32.591,67.409,54.592,32.773,67.227
[SHELL] ccA:259,2460660315,272102,-1.691,-20.700,0.000,-20.000,0.10071,6.28037,22.00,-1.494,-14.896,-1.494,-14.896,-1.528,-3.916,1.00000,74.342,-4.167,-19.362
[SHELL] ccB:259,2147517957,1,-2.199,-15.947,18.146,46.900,32.652,67.348,50.827,32.591,67.409
[SHELL] ccA:260,2460770371,272103,-1.570,-19.319,0.000,-20.000,6.27184,6.16831,22.08,-1.496,-14.924,-1.496,-14.924,-1.527,-3.917,1.00000,74.342,1.028,-19.275
[SHELL] ccB:260,20719,1,0.809,-17.106,16.297,43.550,32.929,67.071,46.900,32.652,67.348
[SHELL] ccA:261,2460880335,272104,-2.304,-19.887,0.000,-20.000,6.14359,6.04008,22.02,-1.480,-14.913,-1.480,-14.913,-1.526,-3.917,1.00000,74.342,-5.636,-20.500
[SHELL] ccB:261,2147517947,1,-8.433,-12.685,21.118,39.858,33.553,66.447,43.550,32.929,67.071
[SHELL] ccA:262,2460990363,272105,-3.405,-19.701,0.000,-20.000,6.01652,5.91270,22.09,-1.456,-14.947,-1.456,-14.947,-1.524,-3.917,1.00000,74.342,-1.174,-18.903
[SHELL] ccB:262,20715,1,-6.114,-12.467,18.581,36.341,34.383,65.617,39.858,33.553,66.447
[SHELL] ccA:263,2461100331,272106,-2.660,-19.793,0.000,-20.000,5.88920,5.78538,22.05,-1.470,-14.945,-1.470,-14.945,-1.523,-3.917,1.00000,74.342,-4.146,-20.683
[SHELL] ccB:263,2147517949,1,-11.768,-9.278,21.045,34.258,36.783,65.742,36.341,34.383,65.617
[SHELL] ccA:264,2461210359,272107,-2.269,-22.350,0.000,-20.000,5.75965,5.65584,22.09,-1.477,-14.893,-1.477,-14.893,-1.522,-3.916,1.00000,74.342,-0.393,-24.017
[SHELL] ccB:264,20713,1,-12.348,-11.670,24.017,33.456,40.472,66.544,34.258,36.783,65.742
[SHELL] ccA:265,2461320403,272108,-0.717,-24.174,0.000,-20.000,5.63605,5.53222,22.15,-1.507,-14.854,-1.507,-14.854,-1.522,-3.914,1.00000,74.342,-1.042,-24.331
[SHELL] ccB:265,2147517913,1,-15.501,-8.517,24.017,32.937,44.159,67.063,33.456,40.472,66.544
[SHELL] ccA:266,2461430367,272109,-1.756,-24.469,0.000,-20.000,5.50834,5.40452,22.05,-1.486,-14.846,-1.486,-14.846,-1.521,-3.912,1.00000,74.342,-2.470,-24.607
[SHELL] ccB:266,20717,1,-18.980,-4.240,23.220,32.660,47.930,67.340,32.937,44.159,67.063
[SHELL] ccA:267,2461540411,272110,-0.199,-23.692,0.000,-20.000,5.37873,5.27492,22.13,-1.517,-14.860,-1.517,-14.860,-1.521,-3.910,1.00000,73.902,2.072,-22.777
[SHELL] ccB:267,2147517909,1,-16.624,-5.291,21.915,32.530,51.902,67.470,32.660,47.930,67.340
[SHELL] ccA:268,2461650419,272111,-0.328,-22.193,0.000,-20.000,5.25817,5.15435,22.14,-1.514,-14.889,-1.514,-14.889,-1.521,-3.909,1.00000,74.342,-2.728,-21.610
[SHELL] ccB:268,20743,1,-19.886,2.248,17.639,32.857,55.494,67.143,32.530,51.902,67.470
[SHELL] ccA:269,2461760399,272112,-0.570,-21.311,0.000,-20.000,5.12444,5.02060,22.14,-1.509,-14.906,-1.509,-14.906,-1.520,-3.908,1.00000,74.342,1.587,-21.012
[SHELL] ccB:269,2147517915,1,-18.618,0.762,17.856,33.413,59.402,66.587,32.857,55.494,67.143
[SHELL] ccA:270,2461870419,272113,-1.262,-20.415,0.000,-20.000,4.99628,4.89246,22.14,-1.494,-14.924,-1.494,-14.924,-1.520,-3.908,1.00000,74.342,-4.112,-19.818
[SHELL] ccB:270,20743,1,-20.176,8.699,11.477,34.217,62.981,65.783,33.413,59.402,66.587
[SHELL] ccA:271,2461980411,272114,-2.764,-19.064,0.000,-20.000,4.87934,4.77552,22.14,-1.463,-14.951,-1.463,-14.951,-1.518,-3.908,1.00000,74.342,-1.417,-18.311
[SHELL] ccB:271,2147517909,1,-18.292,7.721,10.571,34.553,65.447,64.244,34.217,62.981,65.783
[SHELL] ctrlcap v1 armed=0 count=512 clock_hz=550000000 decimation=1
[SHELL] ccA:index,cycles,seq,id,iq,idref,iqref,theta,actangle,age_us,vdreq,vqreq,vd,vq,intd,intq,scale,bus,raw_id,raw_iq
[SHELL] ccB:index,timer,valid,ia,ib,ic,du,dv,dw,active_u,active_v,active_w
[SHELL] ccA:272,2462090427,272115,-3.003,-19.217,0.000,-20.000,4.75066,4.64685,22.15,-1.457,-14.948,-1.457,-14.948,-1.517,-3.909,1.00000,74.342,-4.589,-20.124
[SHELL] ccB:272,20747,1,-20.285,13.447,6.838,33.631,66.369,60.701,34.553,65.447,64.244
[SHELL] ccA:273,2462200467,272116,-2.496,-20.643,0.000,-20.000,4.62511,4.52126,22.23,-1.466,-14.920,-1.466,-14.920,-1.515,-3.908,1.00000,74.342,-0.403,-21.162
[SHELL] ccB:273,2147517881,1,-21.046,12.469,8.578,33.014,66.986,57.030,33.631,66.369,60.701
[SHELL] ccA:274,2462310427,272117,0.008,-21.698,0.000,-20.000,4.49624,4.39243,22.14,-1.516,-14.898,-1.516,-14.898,-1.515,-3.908,1.00000,74.342,0.418,-22.235
[SHELL] ccB:274,20747,1,-21.807,14.679,7.128,32.647,67.353,53.084,33.014,66.986,57.030
[SHELL] ccA:275,2462420407,272118,-1.344,-20.925,0.000,-20.000,4.37267,4.26885,22.11,-1.488,-14.913,-1.488,-14.913,-1.515,-3.907,1.00000,74.342,-3.107,-19.614
[SHELL] ccB:275,2147517911,1,-17.458,16.927,0.531,32.545,67.455,49.414,32.647,67.353,53.084
[SHELL] ccA:276,2462530391,272119,0.112,-19.509,0.000,-20.000,4.24090,4.13708,22.11,-1.517,-14.941,-1.517,-14.941,-1.515,-3.907,1.00000,74.342,3.331,-19.403
[SHELL] ccB:276,20729,1,-18.799,14.462,4.337,32.709,67.291,45.385,32.545,67.455,49.414
[SHELL] ccA:277,2462640407,272120,0.922,-19.369,0.000,-20.000,4.11104,4.00720,22.14,-1.534,-14.944,-1.534,-14.944,-1.515,-3.908,1.00000,74.342,-1.487,-19.335
[SHELL] ccB:277,2147517911,1,-15.102,18.086,-2.984,33.200,66.800,41.511,32.709,67.291,45.385
[SHELL] ccA:278,2462750463,272121,-0.118,-18.926,0.000,-20.000,3.98555,3.88173,22.21,-1.513,-14.954,-1.513,-14.954,-1.515,-3.908,1.00000,74.342,1.250,-18.516
[SHELL] ccB:278,20765,1,-14.667,17.180,-2.513,33.928,66.072,37.970,33.200,66.800,41.511
[SHELL] ccA:279,2462860439,272122,-1.603,-18.793,0.000,-20.000,3.85984,3.75599,22.17,-1.482,-14.957,-1.482,-14.957,-1.514,-3.909,1.00000,74.342,-4.456,-19.071
[SHELL] ccB:279,2147517895,1,-9.194,19.572,-10.378,35.047,65.233,34.767,33.928,66.072,37.970
[SHELL] ccA:280,2462970447,272123,-3.209,-19.421,0.000,-20.000,3.74024,3.63644,22.16,-1.449,-14.945,-1.449,-14.945,-1.513,-3.909,1.00000,74.342,-1.962,-19.771
[SHELL] ccB:280,20757,1,-9.521,19.862,-10.342,38.252,66.122,33.878,35.047,65.233,34.767
[SHELL] ccA:281,2463080447,272124,-1.793,-21.003,0.000,-20.000,3.60950,3.50569,22.16,-1.476,-14.913,-1.476,-14.913,-1.512,-3.909,1.00000,74.342,-1.625,-22.234
[SHELL] ccB:281,2147517891,1,-8.578,22.109,-13.531,42.068,66.845,33.155,38.252,66.122,33.878
[SHELL] ccA:282,2463190495,272125,-0.931,-22.171,0.000,-20.000,3.47718,3.37335,22.25,-1.493,-14.888,-1.493,-14.888,-1.511,-3.907,1.00000,74.342,-0.238,-22.109
[SHELL] ccB:282,20781,1,-7.056,21.674,-14.619,46.032,67.279,32.721,42.068,66.845,33.155
[SHELL] ccA:283,2463300459,272126,2.118,-21.394,0.000,-20.000,3.35533,3.25152,22.15,-1.555,-14.903,-1.555,-14.903,-1.513,-3.907,1.00000,74.342,4.475,-20.679
[SHELL] ccB:283,2147517885,1,-8.759,21.058,-12.299,49.820,67.455,32.545,46.032,67.279,32.721
[SHELL] ccA:284,2463410415,272127,0.660,-19.993,0.000,-20.000,3.22884,3.12502,22.13,-1.526,-14.931,-1.526,-14.931,-1.513,-3.907,1.00000,74.342,-3.156,-19.308
[SHELL] ccB:284,20741,1,1.461,16.165,-17.627,53.578,67.362,32.638,49.820,67.455,32.545
[SHELL] ccA:285,2463520443,272128,-0.390,-18.880,0.000,-20.000,3.10458,3.00076,22.15,-1.505,-14.954,-1.505,-14.954,-1.513,-3.907,1.00000,74.342,2.376,-18.451
[SHELL] ccB:285,2147517893,1,-1.692,16.890,-15.198,57.242,67.001,32.999,53.578,67.362,32.638
[SHELL] ccA:286,2463630427,272129,-1.086,-18.545,0.000,-20.000,2.98055,2.87673,22.14,-1.490,-14.961,-1.490,-14.961,-1.512,-3.908,1.00000,74.342,-4.548,-18.639
[SHELL] ccB:286,20747,1,7.478,11.562,-19.040,60.805,66.366,33.634,57.242,67.001,32.999
[SHELL] ccA:287,2463740455,272130,-2.326,-18.172,0.000,-20.000,2.84759,2.74378,22.16,-1.464,-14.970,-1.464,-14.970,-1.511,-3.909,1.00000,74.342,-0.104,-17.705
[SHELL] ccB:287,2147517887,1,5.231,12.034,-17.264,64.425,65.416,34.584,60.805,66.366,33.634
[SHELL] ctrlcap v1 armed=0 count=512 clock_hz=550000000 decimation=1
[SHELL] ccA:index,cycles,seq,id,iq,idref,iqref,theta,actangle,age_us,vdreq,vqreq,vd,vq,intd,intq,scale,bus,raw_id,raw_iq
[SHELL] ccB:index,timer,valid,ia,ib,ic,du,dv,dw,active_u,active_v,active_w
[SHELL] ccA:288,2463850459,272131,-2.035,-19.012,0.000,-20.000,2.73049,2.62668,22.16,-1.469,-14.953,-1.469,-14.953,-1.510,-3.909,1.00000,74.342,-3.965,-20.318
[SHELL] ccB:288,20763,1,11.755,8.880,-20.635,65.878,62.758,34.122,64.425,65.416,34.584
[SHELL] ccA:289,2463960419,272132,-2.863,-19.808,0.000,-20.000,2.59719,2.49338,22.13,-1.451,-14.937,-1.451,-14.937,-1.509,-3.910,1.00000,74.342,-1.761,-19.299
[SHELL] ccB:289,2147517905,1,11.501,7.757,-19.258,66.691,59.010,33.309,65.878,62.758,34.122
[SHELL] ccA:290,2464070479,272133,-0.912,-21.015,0.000,-20.000,2.47269,2.36886,22.22,-1.490,-14.913,-1.490,-14.913,-1.508,-3.909,1.00000,74.342,-0.064,-22.732
[SHELL] ccB:290,20773,1,14.147,8.337,-22.483,67.192,55.262,32.808,66.691,59.010,33.309
[SHELL] ccA:291,2464180415,272134,-0.914,-22.140,0.000,-20.000,2.34964,2.24582,22.13,-1.489,-14.889,-1.489,-14.889,-1.508,-3.908,1.00000,74.342,-1.764,-21.548
[SHELL] ccB:291,2147517907,1,16.575,3.734,-20.309,67.408,51.561,32.592,67.192,55.262,32.808
[SHELL] ccA:292,2464290427,272135,0.399,-20.652,0.000,-20.000,2.22298,2.11916,22.13,-1.516,-14.919,-1.516,-14.919,-1.508,-3.908,1.00000,74.342,2.563,-19.757
[SHELL] ccB:292,20747,1,14.147,5.075,-19.221,67.417,47.688,32.583,67.408,51.561,32.592
[SHELL] ccA:293,2464400479,272136,-0.305,-18.787,0.000,-20.000,2.09550,1.99169,22.17,-1.502,-14.957,-1.502,-14.957,-1.508,-3.908,1.00000,74.342,-3.172,-17.818
[SHELL] ccB:293,2147517875,1,17.010,-3.153,-13.857,67.152,43.892,32.848,67.417,47.688,32.583
[SHELL] ccA:294,2464510503,272137,-0.704,-17.410,0.000,-20.000,1.96977,1.86595,22.21,-1.493,-14.985,-1.493,-14.985,-1.507,-3.910,1.00000,74.342,1.765,-17.001
[SHELL] ccB:294,20785,1,14.980,-0.362,-14.619,66.609,40.218,33.391,67.152,43.892,32.848
[SHELL] ccA:295,2464620487,272138,-1.675,-15.977,0.000,-20.000,1.84389,1.74008,22.19,-1.473,-15.016,-1.473,-15.016,-1.506,-3.912,1.00000,74.342,-5.115,-14.952
[SHELL] ccB:295,2147517871,1,15.778,-8.662,-7.116,65.811,36.701,34.189,66.609,40.218,33.391
[SHELL] ccA:296,2464730419,272139,-2.945,-15.334,0.000,-20.000,1.71106,1.60725,22.13,-1.446,-15.031,-1.446,-15.031,-1.505,-3.914,1.00000,74.342,-0.774,-15.715
[SHELL] ccB:296,20743,1,15.669,-6.596,-9.073,65.730,34.270,36.361,65.811,36.701,34.189
[SHELL] ccA:297,2464840443,272140,-1.686,-16.831,0.000,-20.000,1.58768,1.48382,22.21,-1.470,-15.003,-1.470,-15.003,-1.504,-3.915,1.00000,74.342,-2.598,-17.947
[SHELL] ccB:297,2147517893,1,17.989,-10.981,-7.007,66.562,33.438,39.887,65.730,34.270,36.361
[SHELL] ccA:298,2464950403,272141,-2.394,-18.357,0.000,-20.000,1.47198,1.36815,22.13,-1.455,-14.973,-1.455,-14.973,-1.503,-3.916,1.00000,74.342,-2.190,-18.767
[SHELL] ccB:298,20735,1,18.460,-12.721,-5.739,67.087,32.913,43.255,66.562,33.438,39.887
[SHELL] ccA:299,2465060415,272142,-1.707,-19.570,0.000,-20.000,1.33889,1.23507,22.13,-1.468,-14.949,-1.468,-14.949,-1.502,-3.917,1.00000,74.342,-1.223,-20.373
[SHELL] ccB:299,2147517907,1,19.547,-14.859,-4.688,67.428,32.572,47.276,67.087,32.913,43.255
[SHELL] ccA:300,2465170411,272143,-2.288,-19.849,0.000,-20.000,1.21409,1.11028,22.12,-1.455,-14.944,-1.455,-14.944,-1.501,-3.917,1.00000,74.342,-3.353,-19.325
[SHELL] ccB:300,20739,1,16.937,-17.034,0.096,67.480,32.520,51.030,67.428,32.572,47.276
[SHELL] ccA:301,2465280443,272144,-1.064,-19.343,0.000,-20.000,1.08573,0.98190,22.13,-1.479,-14.954,-1.479,-14.954,-1.500,-3.917,1.00000,74.342,1.225,-19.361
[SHELL] ccB:301,2147517893,1,17.699,-15.729,-1.969,67.271,32.729,54.947,67.480,32.520,51.030
[SHELL] ccA:302,2465390467,272145,-1.403,-18.957,0.000,-20.000,0.95935,0.85554,22.19,-1.472,-14.962,-1.472,-14.962,-1.500,-3.917,1.00000,74.342,-4.030,-18.553
[SHELL] ccB:302,20767,1,12.878,-18.520,5.642,66.784,33.216,58.666,67.271,32.729,54.947
[SHELL] ccA:303,2465500251,272146,-2.206,-18.321,0.000,-20.000,0.83044,0.72660,22.19,-1.454,-14.976,-1.454,-14.976,-1.499,-3.918,1.00000,74.342,-0.383,-18.089
[SHELL] ccB:303,2147517989,1,13.096,-17.360,4.265,66.023,33.977,62.308,66.784,33.216,58.666
[SHELL] ctrlcap v1 armed=0 count=512 clock_hz=550000000 decimation=1
[SHELL] ccA:index,cycles,seq,id,iq,idref,iqref,theta,actangle,age_us,vdreq,vqreq,vd,vq,intd,intq,scale,bus,raw_id,raw_iq
[SHELL] ccB:index,timer,valid,ia,ib,ic,du,dv,dw,active_u,active_v,active_w
[SHELL] ccA:304,2465610059,272147,-2.320,-18.623,0.000,-20.000,0.70135,0.59754,21.87,-1.451,-14.971,-1.451,-14.971,-1.497,-3.919,1.00000,73.902,-4.257,-19.156
[SHELL] ccB:304,20563,1,9.109,-19.607,10.498,64.660,34.540,65.460,66.023,33.977,62.308
[SHELL] ccA:305,2465720071,272148,-3.068,-19.509,0.000,-20.000,0.57666,0.47282,21.80,-1.435,-14.953,-1.435,-14.953,-1.496,-3.919,1.00000,73.902,-1.879,-19.862
[SHELL] ccB:305,2147518079,1,9.254,-19.933,10.680,61.229,33.634,66.366,64.660,34.540,65.460
[SHELL] ccA:306,2465830083,272149,-2.370,-21.300,0.000,-20.000,0.45923,0.35541,21.85,-1.447,-14.917,-1.447,-14.917,-1.495,-3.919,1.00000,74.342,-2.861,-22.738
[SHELL] ccB:306,20575,1,7.514,-22.507,14.993,57.735,33.123,66.877,61.229,33.634,66.366
[SHELL] ccA:307,2465940179,272150,-2.790,-23.320,0.000,-20.000,0.32627,0.22243,21.96,-1.438,-14.875,-1.438,-14.875,-1.493,-3.917,1.00000,74.342,-2.719,-23.902
[SHELL] ccB:307,2147518025,1,5.086,-22.905,17.820,53.792,32.730,67.270,57.735,33.123,66.877
[SHELL] ccA:308,2466050183,272151,-0.973,-23.202,0.000,-20.000,0.20347,0.09966,21.91,-1.473,-14.875,-1.473,-14.875,-1.493,-3.915,1.00000,74.342,0.772,-22.501
[SHELL] ccB:308,20625,1,5.303,-21.601,16.297,50.028,32.587,67.413,53.792,32.730,67.270
[SHELL] ccA:309,2466160099,272152,-1.760,-22.256,0.000,-20.000,0.07810,6.25744,21.95,-1.457,-14.893,-1.457,-14.893,-1.492,-3.914,1.00000,74.342,-4.292,-22.010
[SHELL] ccB:309,2147518065,1,-2.562,-18.013,20.574,46.288,32.700,67.300,50.028,32.587,67.413
[SHELL] ccA:310,2466269995,272153,-1.667,-21.422,0.000,-20.000,6.23605,6.13227,21.73,-1.458,-14.909,-1.458,-14.909,-1.491,-3.913,1.00000,74.342,0.958,-20.833
[SHELL] ccB:310,20531,1,-0.025,-18.049,18.073,42.569,33.085,66.915,46.288,32.700,67.300
[SHELL] ccA:311,2466379959,272154,-1.491,-20.910,0.000,-20.000,6.10488,6.00107,21.71,-1.461,-14.919,-1.461,-14.919,-1.490,-3.913,1.00000,74.342,-3.940,-20.987
[SHELL] ccB:311,2147518135,1,-7.600,-13.482,21.082,38.789,33.781,66.219,42.569,33.085,66.915
[SHELL] ccA:312,2466490059,272155,-2.672,-20.589,0.000,-20.000,5.98501,5.88120,21.85,-1.436,-14.925,-1.436,-14.925,-1.489,-3.913,1.00000,74.342,-1.403,-20.191
[SHELL] ccB:312,20563,1,-7.273,-12.721,19.994,35.552,34.654,65.346,38.789,33.781,66.219
[SHELL] ccA:313,2466599955,272156,-2.442,-21.232,0.000,-20.000,5.84897,5.74515,21.71,-1.439,-14.912,-1.439,-14.912,-1.488,-3.912,1.00000,74.342,-3.481,-22.273
[SHELL] ccB:313,2147518137,1,-12.529,-9.966,22.495,34.016,37.869,65.984,35.552,34.654,65.346
[SHELL] ccA:314,2466709955,272157,-2.096,-22.615,0.000,-20.000,5.73342,5.62960,21.70,-1.445,-14.883,-1.445,-14.883,-1.487,-3.911,1.00000,74.342,-0.712,-22.957
[SHELL] ccB:314,20511,1,-12.601,-10.329,22.930,33.343,41.175,66.657,34.016,37.869,65.984
[SHELL] ccA:315,2466819955,272158,-0.469,-23.121,0.000,-20.000,5.60344,5.49963,21.72,-1.477,-14.871,-1.477,-14.871,-1.487,-3.909,1.00000,74.342,-0.226,-23.285
[SHELL] ccB:315,2147518137,1,-14.812,-8.154,22.966,32.827,45.058,67.173,33.343,41.175,66.657
[SHELL] ccA:316,2466930031,272159,-0.418,-22.725,0.000,-20.000,5.48261,5.37880,21.79,-1.478,-14.877,-1.478,-14.877,-1.486,-3.908,1.00000,74.342,-0.610,-22.166
[SHELL] ccB:316,20549,1,-16.334,-4.820,21.154,32.600,48.679,67.400,32.827,45.058,67.173
[SHELL] ccA:317,2467040031,272160,1.659,-21.710,0.000,-20.000,5.35457,5.25076,21.78,-1.520,-14.897,-1.520,-14.897,-1.487,-3.907,1.00000,74.342,3.928,-21.254
[SHELL] ccB:317,2147518099,1,-14.667,-6.415,21.082,32.622,52.623,67.378,32.600,48.679,67.400
[SHELL] ccA:318,2467150035,272161,1.579,-21.085,0.000,-20.000,5.23114,5.12733,21.78,-1.520,-14.909,-1.520,-14.909,-1.488,-3.906,1.00000,74.342,-0.769,-20.916
[SHELL] ccB:318,20551,1,-18.545,0.871,17.675,32.927,56.310,67.073,32.622,52.623,67.378
[SHELL] ccA:319,2467260019,272162,1.820,-20.048,0.000,-20.000,5.10408,5.00026,21.76,-1.525,-14.930,-1.525,-14.930,-1.489,-3.906,1.00000,74.342,4.409,-19.180
[SHELL] ccB:319,2147518105,1,-16.044,-1.848,17.892,33.504,60.028,66.496,32.927,56.310,67.073
[SHELL] ctrlcap v1 armed=0 count=512 clock_hz=550000000 decimation=1
[SHELL] ccA:index,cycles,seq,id,iq,idref,iqref,theta,actangle,age_us,vdreq,vqreq,vd,vq,intd,intq,scale,bus,raw_id,raw_iq
[SHELL] ccB:index,timer,valid,ia,ib,ic,du,dv,dw,active_u,active_v,active_w
[SHELL] ccA:320,2467370023,272163,1.515,-18.990,0.000,-20.000,4.97622,4.87239,21.77,-1.520,-14.951,-1.520,-14.951,-1.490,-3.907,1.00000,74.342,-1.380,-18.800
[SHELL] ccB:320,20545,1,-18.509,6.162,12.347,34.351,63.595,65.649,33.504,60.028,66.496
[SHELL] ccA:321,2467480039,272164,0.522,-18.741,0.000,-20.000,4.84823,4.74441,21.78,-1.500,-14.957,-1.500,-14.957,-1.490,-3.908,1.00000,73.902,2.423,-18.683
[SHELL] ccB:321,2147518095,1,-18.183,4.821,13.362,34.182,65.818,63.426,34.351,63.595,65.649
[SHELL] ccA:322,2467590047,272165,1.354,-19.649,0.000,-20.000,4.72157,4.61773,21.79,-1.518,-14.939,-1.518,-14.939,-1.491,-3.908,1.00000,73.902,0.285,-20.615
[SHELL] ccB:322,20557,1,-20.611,9.895,10.716,33.340,66.660,59.810,34.182,65.818,63.426
[SHELL] ccA:323,2467700055,272166,1.058,-21.343,0.000,-20.000,4.59425,4.49043,21.85,-1.512,-14.904,-1.512,-14.904,-1.491,-3.907,1.00000,74.342,1.832,-22.071
[SHELL] ccB:323,2147518087,1,-22.133,11.744,10.390,32.898,67.102,56.021,33.340,66.660,59.810
[SHELL] ccA:324,2467810023,272167,2.994,-22.499,0.000,-20.000,4.47165,4.36783,21.79,-1.552,-14.880,-1.552,-14.880,-1.493,-3.906,1.00000,74.342,4.156,-22.927
[SHELL] ccB:324,20545,1,-23.257,12.867,10.390,32.621,67.379,52.264,32.898,67.102,56.021
[SHELL] ccA:325,2467920019,272168,2.059,-22.017,0.000,-20.000,4.33825,4.23443,21.77,-1.535,-14.889,-1.535,-14.889,-1.494,-3.905,1.00000,74.342,-0.039,-21.107
[SHELL] ccB:325,2147518105,1,-19.633,16.528,3.105,32.592,67.408,48.277,32.621,67.379,52.264
[SHELL] ccA:326,2468029999,272169,3.150,-20.516,0.000,-20.000,4.21577,4.11195,21.76,-1.558,-14.918,-1.558,-14.918,-1.495,-3.905,1.00000,74.342,6.339,-19.925
[SHELL] ccB:326,20533,1,-20.539,13.665,6.874,32.812,67.188,44.555,32.592,67.408,48.277
[SHELL] ccA:327,2468140027,272170,3.023,-19.866,0.000,-20.000,4.09116,3.98735,21.78,-1.557,-14.931,-1.557,-14.931,-1.497,-3.905,1.00000,74.342,-0.294,-19.807
[SHELL] ccB:327,2147518101,1,-15.936,18.159,-2.223,33.321,66.679,40.894,32.812,67.188,44.555
[SHELL] ccA:328,2468250015,272171,1.758,-19.168,0.000,-20.000,3.96232,3.85849,21.78,-1.533,-14.946,-1.533,-14.946,-1.498,-3.905,1.00000,74.342,3.810,-18.528
[SHELL] ccB:328,20541,1,-16.153,16.600,-0.447,34.110,65.890,37.294,33.321,66.679,40.894
[SHELL] ccA:329,2468360071,272172,2.149,-18.925,0.000,-20.000,3.83648,3.73264,21.87,-1.542,-14.951,-1.542,-14.951,-1.499,-3.906,1.00000,74.342,0.487,-19.322
[SHELL] ccB:329,2147518079,1,-12.746,18.956,-6.210,35.773,65.463,34.537,34.110,65.890,37.294
[SHELL] ccA:330,2468469983,272173,2.107,-19.548,0.000,-20.000,3.71330,3.60947,21.75,-1.542,-14.939,-1.542,-14.939,-1.500,-3.906,1.00000,74.342,3.727,-19.774
[SHELL] ccB:330,20525,1,-13.834,19.572,-5.739,39.183,66.342,33.658,35.773,65.463,34.537
[SHELL] ccA:331,2468579991,272174,3.483,-20.684,0.000,-20.000,3.58565,3.48184,21.74,-1.571,-14.916,-1.571,-14.916,-1.501,-3.905,1.00000,74.342,3.240,-21.594
[SHELL] ccB:331,2147518119,1,-12.203,21.783,-9.581,42.945,66.991,33.009,39.183,66.342,33.658
[SHELL] ccA:332,2468690019,272175,4.814,-20.905,0.000,-20.000,3.45931,3.35551,21.75,-1.600,-14.911,-1.600,-14.911,-1.504,-3.905,1.00000,74.342,6.388,-20.216
[SHELL] ccB:332,20543,1,-12.384,21.095,-8.711,46.768,67.370,32.630,42.945,66.991,33.009
[SHELL] ccA:333,2468799987,272176,6.065,-20.122,0.000,-20.000,3.33109,3.22724,21.75,-1.628,-14.927,-1.628,-14.927,-1.507,-3.905,1.00000,74.342,5.742,-20.029
[SHELL] ccB:333,2147518121,1,-9.412,20.805,-11.393,50.697,67.487,32.513,46.768,67.370,32.630
[SHELL] ccA:334,2468909987,272177,2.958,-19.879,0.000,-20.000,3.20572,3.10190,21.75,-1.568,-14.932,-1.568,-14.932,-1.508,-3.905,1.00000,74.342,0.174,-19.729
[SHELL] ccB:334,20527,1,-1.438,17.760,-16.322,54.356,67.308,32.692,50.697,67.487,32.513
[SHELL] ccA:335,2469020059,272178,2.416,-18.342,0.000,-20.000,3.08047,2.97663,21.86,-1.558,-14.963,-1.558,-14.963,-1.510,-3.906,1.00000,74.342,4.657,-16.955
[SHELL] ccB:335,2147518085,1,-3.613,16.709,-13.096,58.059,66.896,33.104,54.356,67.308,32.692
[SHELL] ctrlcap v1 armed=0 count=512 clock_hz=550000000 decimation=1
[SHELL] ccA:index,cycles,seq,id,iq,idref,iqref,theta,actangle,age_us,vdreq,vqreq,vd,vq,intd,intq,scale,bus,raw_id,raw_iq
[SHELL] ccB:index,timer,valid,ia,ib,ic,du,dv,dw,active_u,active_v,active_w
[SHELL] ccA:336,2469129995,272179,1.202,-17.892,0.000,-20.000,2.95925,2.85543,21.75,-1.534,-14.973,-1.534,-14.973,-1.510,-3.907,1.00000,74.342,-2.252,-18.829
[SHELL] ccB:336,20531,1,5.629,12.867,-18.497,61.498,66.229,33.771,58.059,66.896,33.104
[SHELL] ccA:337,2469239995,272180,0.343,-17.304,0.000,-20.000,2.82543,2.72159,21.75,-1.517,-14.986,-1.517,-14.986,-1.510,-3.908,1.00000,74.342,2.938,-15.779
[SHELL] ccB:337,2147518117,1,2.114,12.722,-14.836,65.125,65.220,34.780,61.498,66.229,33.771
[SHELL] ccA:338,2469350275,272181,2.272,-17.372,0.000,-20.000,2.69435,2.59053,21.75,-1.557,-14.986,-1.557,-14.986,-1.512,-3.910,1.00000,74.342,1.607,-18.964
[SHELL] ccB:338,20671,1,6.753,12.034,-18.787,66.216,61.631,33.784,65.125,65.220,34.780
[SHELL] ccA:339,2469460767,272182,2.650,-19.037,0.000,-20.000,2.57240,2.46869,22.64,-1.566,-14.953,-1.566,-14.953,-1.513,-3.910,1.00000,74.342,3.693,-19.109
[SHELL] ccB:339,2147517729,1,7.188,12.070,-19.258,66.880,58.091,33.120,66.216,61.631,33.784
[SHELL] ccA:340,2469570579,272183,3.605,-19.887,0.000,-20.000,2.44518,2.34137,22.29,-1.587,-14.936,-1.587,-14.936,-1.515,-3.910,1.00000,74.342,3.516,-20.664
[SHELL] ccB:340,20823,1,10.559,10.403,-20.961,67.324,54.263,32.676,66.880,58.091,33.120
[SHELL] ccA:341,2469680563,272184,2.359,-19.754,0.000,-20.000,2.31680,2.21299,22.27,-1.563,-14.939,-1.563,-14.939,-1.516,-3.910,1.00000,74.342,1.202,-18.843
[SHELL] ccB:341,2147517833,1,13.023,5.328,-18.352,67.496,50.435,32.504,67.324,54.263,32.676
[SHELL] ccA:342,2469790583,272185,3.235,-18.605,0.000,-20.000,2.18993,2.08612,22.29,-1.582,-14.963,-1.582,-14.963,-1.517,-3.911,1.00000,74.342,5.268,-18.366
[SHELL] ccB:342,20825,1,11.900,6.996,-18.895,67.415,46.558,32.585,67.496,50.435,32.504
[SHELL] ccA:343,2469900595,272186,1.806,-17.660,0.000,-20.000,2.06593,1.96211,22.27,-1.554,-14.983,-1.554,-14.983,-1.518,-3.912,1.00000,74.342,-1.656,-16.955
[SHELL] ccB:343,2147517817,1,15.705,-2.138,-13.567,67.063,42.904,32.937,67.415,46.558,32.585
[SHELL] ccA:344,2470010671,272187,0.462,-16.754,0.000,-20.000,1.93985,1.83602,22.41,-1.528,-15.003,-1.528,-15.003,-1.519,-3.914,1.00000,74.342,2.580,-16.554
[SHELL] ccB:344,20869,1,14.509,0.001,-14.510,66.442,39.285,33.558,67.063,42.904,32.937
[SHELL] ccA:345,2470120631,272188,-0.174,-16.567,0.000,-20.000,1.81696,1.71314,22.32,-1.515,-15.008,-1.515,-15.008,-1.518,-3.915,1.00000,74.342,-2.928,-16.579
[SHELL] ccB:345,2147517799,1,16.792,-7.357,-9.436,65.571,35.895,34.429,66.442,39.285,33.558
[SHELL] ccA:346,2470230631,272189,-0.993,-16.219,0.000,-20.000,1.69065,1.58683,22.32,-1.498,-15.017,-1.498,-15.017,-1.518,-3.917,1.00000,74.342,0.943,-15.859
[SHELL] ccB:346,20849,1,15.633,-5.363,-10.269,65.904,34.096,37.024,65.571,35.895,34.429
[SHELL] ccA:347,2470340631,272190,0.420,-17.070,0.000,-20.000,1.56078,1.45697,22.32,-1.527,-15.001,-1.527,-15.001,-1.518,-3.919,1.00000,74.342,-0.102,-18.280
[SHELL] ccB:347,2147517799,1,18.278,-9.386,-8.892,66.737,33.263,40.766,65.904,34.096,37.024
[SHELL] ccA:348,2470450635,272191,0.275,-18.901,0.000,-20.000,1.43903,1.33522,22.32,-1.524,-14.965,-1.524,-14.965,-1.518,-3.919,1.00000,74.342,0.653,-19.522
[SHELL] ccB:348,20851,1,19.438,-11.380,-8.058,67.220,32.780,44.371,66.737,33.263,40.766
[SHELL] ccA:349,2470560627,272192,1.222,-19.618,0.000,-20.000,1.31058,1.20676,22.31,-1.543,-14.951,-1.543,-14.951,-1.519,-3.920,1.00000,74.342,1.792,-19.713
[SHELL] ccB:349,2147517801,1,19.511,-12.648,-6.862,67.481,32.519,48.281,67.220,32.780,44.371
[SHELL] ccA:350,2470670643,272193,0.234,-19.143,0.000,-20.000,1.17743,1.07362,22.35,-1.524,-14.961,-1.524,-14.961,-1.519,-3.920,1.00000,74.342,-1.324,-18.573
[SHELL] ccB:350,20855,1,16.648,-15.548,-1.100,67.469,32.531,52.276,67.481,32.519,48.281
[SHELL] ccA:351,2470780679,272194,1.396,-18.278,0.000,-20.000,1.05276,0.94895,22.35,-1.548,-14.979,-1.548,-14.979,-1.520,-3.921,1.00000,74.342,4.117,-17.983
[SHELL] ccB:351,2147517775,1,17.662,-13.446,-4.217,67.189,32.811,56.072,67.469,32.531,52.276
[SHELL] ctrlcap v1 armed=0 count=512 clock_hz=550000000 decimation=1
[SHELL] ccA:index,cycles,seq,id,iq,idref,iqref,theta,actangle,age_us,vdreq,vqreq,vd,vq,intd,intq,scale,bus,raw_id,raw_iq
[SHELL] ccB:index,timer,valid,ia,ib,ic,du,dv,dw,active_u,active_v,active_w
[SHELL] ccA:352,2470890751,272195,-0.697,-18.470,0.000,-20.000,0.92303,0.81917,22.49,-1.505,-14.976,-1.505,-14.976,-1.519,-3.922,1.00000,74.342,-5.511,-18.956
[SHELL] ccB:352,20909,1,11.791,-19.607,7.816,66.598,33.402,59.790,67.189,32.811,56.072
[SHELL] ccA:353,2471000483,272196,-2.813,-18.243,0.000,-20.000,0.80160,0.69778,22.40,-1.462,-14.982,-1.462,-14.982,-1.518,-3.922,1.00000,74.342,-0.114,-17.531
[SHELL] ccB:353,2147517873,1,12.516,-16.889,4.373,65.815,34.185,63.120,66.598,33.402,59.790
[SHELL] ccA:354,2471110207,272197,-1.613,-18.573,0.000,-20.000,0.67526,0.57144,21.98,-1.485,-14.976,-1.485,-14.976,-1.517,-3.923,1.00000,74.342,-3.111,-19.616
[SHELL] ccB:354,20637,1,9.834,-19.861,10.027,63.822,34.391,65.609,65.815,34.185,63.120
[SHELL] ccA:355,2471220195,272198,-1.484,-19.963,0.000,-20.000,0.55433,0.45050,21.93,-1.487,-14.948,-1.487,-14.948,-1.516,-3.923,1.00000,74.342,0.143,-20.310
[SHELL] ccB:355,2147518017,1,10.812,-20.296,9.484,60.432,33.570,66.430,63.822,34.391,65.609
[SHELL] ccA:356,2471330227,272199,0.395,-21.490,0.000,-20.000,0.41996,0.31611,21.98,-1.525,-14.917,-1.525,-14.917,-1.517,-3.922,1.00000,74.342,0.647,-22.670
[SHELL] ccB:356,20647,1,9.834,-22.615,12.782,56.433,32.932,67.068,60.432,33.570,66.430
[SHELL] ccA:357,2471440267,272200,0.236,-22.360,0.000,-20.000,0.29164,0.18784,21.98,-1.521,-14.898,-1.521,-14.898,-1.517,-3.921,1.00000,74.342,-0.174,-22.050
[SHELL] ccB:357,2147517981,1,6.173,-21.419,15.246,52.597,32.619,67.381,56.433,32.932,67.068
[SHELL] ccA:358,2471550323,272201,1.442,-21.457,0.000,-20.000,0.16780,0.06395,22.04,-1.546,-14.915,-1.546,-14.915,-1.517,-3.921,1.00000,74.342,3.058,-20.864
[SHELL] ccB:358,20695,1,6.499,-20.622,14.123,48.810,32.545,67.455,52.597,32.619,67.381
[SHELL] ccA:359,2471660427,272202,-0.218,-21.251,0.000,-20.000,0.03798,6.21735,22.12,-1.513,-14.919,-1.513,-14.919,-1.517,-3.920,1.00000,74.342,-3.495,-21.638
[SHELL] ccB:359,2147517901,1,-2.670,-17.505,20.176,44.973,32.774,67.226,48.810,32.545,67.455
[SHELL] ccA:360,2471770419,272203,-0.040,-20.434,0.000,-20.000,6.19722,6.09339,22.14,-1.517,-14.935,-1.517,-14.935,-1.517,-3.920,1.00000,74.342,3.415,-19.231
[SHELL] ccB:360,20743,1,1.751,-17.723,15.971,41.310,33.248,66.752,44.973,32.774,67.226
[SHELL] ccA:361,2471880407,272204,-0.235,-20.192,0.000,-20.000,6.08015,5.97634,22.14,-1.513,-14.940,-1.513,-14.940,-1.517,-3.920,1.00000,74.342,-3.885,-21.152
[SHELL] ccB:361,2147517911,1,-8.071,-13.228,21.299,37.986,33.941,66.059,41.310,33.248,66.752
[SHELL] ccA:362,2471990443,272205,-2.002,-20.382,0.000,-20.000,5.95271,5.84887,22.20,-1.476,-14.936,-1.476,-14.936,-1.516,-3.919,1.00000,74.342,-0.119,-19.611
[SHELL] ccB:362,20755,1,-6.476,-12.793,19.269,34.778,35.101,65.222,37.986,33.941,66.059
[SHELL] ccA:363,2472100483,272206,-0.514,-21.119,0.000,-20.000,5.81947,5.71567,22.25,-1.506,-14.921,-1.506,-14.921,-1.516,-3.919,1.00000,74.342,-0.910,-22.626
[SHELL] ccB:363,2147517873,1,-10.934,-11.706,22.640,33.771,38.802,66.229,34.778,35.101,65.222
[SHELL] ccA:364,2472210403,272207,1.008,-23.253,0.000,-20.000,5.69627,5.59211,22.12,-1.537,-14.913,-1.537,-14.913,-1.516,-3.917,1.00000,74.342,2.925,-23.880
[SHELL] ccB:364,20735,1,-10.789,-13.228,24.017,33.093,42.415,66.907,33.771,38.802,66.229
[SHELL] ccA:365,2472320435,272208,3.698,-24.499,0.000,-20.000,5.55582,5.45165,22.11,-1.592,-14.886,-1.592,-14.886,-1.518,-3.915,1.00000,74.342,4.470,-25.118
[SHELL] ccB:365,2147517897,1,-13.362,-12.141,25.503,32.663,46.711,67.337,33.093,42.415,66.907
[SHELL] ccA:366,2472430519,272209,3.099,-24.142,0.000,-20.000,5.42672,5.32253,22.26,-1.582,-14.891,-1.582,-14.891,-1.520,-3.913,1.00000,74.342,1.728,-23.166
[SHELL] ccB:366,20793,1,-16.371,-6.088,22.459,32.558,50.583,67.442,32.663,46.711,67.337
[SHELL] ccA:367,2472540463,272210,3.463,-22.519,0.000,-20.000,5.30886,5.20469,22.17,-1.591,-14.923,-1.591,-14.923,-1.522,-3.912,1.00000,74.342,5.198,-21.871
[SHELL] ccB:367,2147517883,1,-15.175,-6.777,21.952,32.683,54.150,67.317,32.558,50.583,67.442
[SHELL] ctrlcap v1 armed=0 count=512 clock_hz=550000000 decimation=1
[SHELL] ccA:index,cycles,seq,id,iq,idref,iqref,theta,actangle,age_us,vdreq,vqreq,vd,vq,intd,intq,scale,bus,raw_id,raw_iq
[SHELL] ccB:index,timer,valid,ia,ib,ic,du,dv,dw,active_u,active_v,active_w
[SHELL] ccA:368,2472650471,272211,1.165,-21.379,0.000,-20.000,5.18222,5.07805,22.19,-1.545,-14.945,-1.545,-14.945,-1.522,-3.911,1.00000,74.342,-2.869,-20.887
[SHELL] ccB:368,20769,1,-19.923,3.987,15.935,33.090,57.822,66.910,32.683,54.150,67.317
[SHELL] ccA:369,2472760455,272212,-0.607,-20.695,0.000,-20.000,5.05838,4.95422,22.16,-1.510,-14.958,-1.510,-14.958,-1.522,-3.911,1.00000,74.342,1.654,-20.502
[SHELL] ccB:369,2147517887,1,-18.726,1.994,16.732,33.751,61.318,66.249,33.090,57.822,66.910
[SHELL] ccA:370,2472870475,272213,-1.129,-19.836,0.000,-20.000,4.93689,4.83273,22.19,-1.499,-14.975,-1.499,-14.975,-1.521,-3.911,1.00000,74.342,-3.913,-19.170
[SHELL] ccB:370,20771,1,-19.560,9.388,10.172,34.639,64.639,65.361,33.751,61.318,66.249
[SHELL] ccA:371,2472980475,272214,-0.012,-19.376,0.000,-20.000,4.80721,4.70304,22.17,-1.521,-14.985,-1.521,-14.985,-1.521,-3.911,1.00000,74.342,3.890,-19.581
[SHELL] ccB:371,2147517877,1,-19.125,4.604,14.522,33.930,66.070,62.200,34.639,64.639,65.361
[SHELL] ccA:372,2473090471,272215,2.868,-20.687,0.000,-20.000,4.67831,4.57413,22.20,-1.580,-14.958,-1.580,-14.958,-1.523,-3.911,1.00000,74.342,1.845,-21.793
[SHELL] ccB:372,20769,1,-21.843,9.968,11.876,33.161,66.839,58.390,33.930,66.070,62.200
[SHELL] ccA:373,2473200491,272216,2.666,-22.541,0.000,-20.000,4.55100,4.44684,22.20,-1.577,-14.920,-1.577,-14.920,-1.524,-3.909,1.00000,74.342,3.487,-23.289
[SHELL] ccB:373,2147517869,1,-23.547,12.034,11.513,32.726,67.274,54.605,33.161,66.839,58.390
[SHELL] ccA:374,2473310475,272217,3.913,-22.771,0.000,-20.000,4.42424,4.32008,22.19,-1.604,-14.914,-1.604,-14.914,-1.526,-3.908,1.00000,74.342,4.340,-22.252
[SHELL] ccB:374,20771,1,-22.568,13.157,9.411,32.531,67.469,50.730,32.726,67.274,54.605
[SHELL] ccA:375,2473420475,272218,3.112,-20.879,0.000,-20.000,4.29292,4.18871,22.19,-1.590,-14.951,-1.590,-14.951,-1.528,-3.908,1.00000,74.342,1.885,-19.505
[SHELL] ccB:375,2147517877,1,-18.581,14.679,3.902,32.583,67.417,46.790,32.531,67.469,50.730
[SHELL] ccA:376,2473530539,272219,2.778,-19.084,0.000,-20.000,4.17210,4.06787,22.31,-1.585,-14.988,-1.585,-14.988,-1.529,-3.908,1.00000,74.342,3.670,-18.663
[SHELL] ccB:376,20803,1,-17.893,14.534,3.358,32.891,67.109,43.178,32.583,67.417,46.790
[SHELL] ccA:377,2473640539,272220,1.299,-18.966,0.000,-20.000,4.04334,3.93916,22.26,-1.556,-14.991,-1.556,-14.991,-1.530,-3.909,1.00000,74.342,-1.073,-19.269
[SHELL] ccB:377,2147517845,1,-14.450,18.304,-3.854,33.526,66.474,39.486,32.891,67.109,43.178
[SHELL] ccA:378,2473750503,272221,1.650,-18.800,0.000,-20.000,3.91169,3.80749,22.22,-1.563,-14.994,-1.563,-14.994,-1.530,-3.909,1.00000,74.342,4.372,-18.330
[SHELL] ccB:378,20785,1,-15.899,16.709,-0.810,34.465,65.535,35.814,33.526,66.474,39.486
[SHELL] ccA:379,2473860539,272222,2.780,-19.322,0.000,-20.000,3.79018,3.68600,22.28,-1.587,-14.984,-1.587,-14.984,-1.532,-3.909,1.00000,74.342,1.188,-20.314
[SHELL] ccB:379,2147517845,1,-13.217,20.007,-6.790,37.081,65.890,34.110,34.465,65.535,35.814
[SHELL] ccA:380,2473970555,272223,1.837,-20.466,0.000,-20.000,3.66272,3.55854,22.31,-1.570,-14.961,-1.570,-14.961,-1.533,-3.909,1.00000,74.342,2.485,-20.617
[SHELL] ccB:380,20811,1,-12.420,20.623,-8.203,40.671,66.676,33.324,37.081,65.890,34.110
[SHELL] ccA:381,2474080579,272224,4.225,-20.304,0.000,-20.000,3.53779,3.43360,22.32,-1.619,-14.964,-1.619,-14.964,-1.535,-3.909,1.00000,74.342,5.964,-19.991
[SHELL] ccB:381,2147517825,1,-13.217,20.587,-7.370,44.437,67.237,32.763,40.671,66.676,33.324
[SHELL] ccA:382,2474190503,272225,3.804,-20.477,0.000,-20.000,3.40919,3.30499,22.21,-1.613,-14.961,-1.613,-14.961,-1.537,-3.909,1.00000,74.342,1.644,-20.963
[SHELL] ccB:382,20785,1,-7.128,20.696,-13.567,48.300,67.501,32.499,44.437,67.237,32.763
[SHELL] ccA:383,2474300495,272226,3.330,-20.433,0.000,-20.000,3.28159,3.17743,22.21,-1.605,-14.961,-1.605,-14.961,-1.538,-3.909,1.00000,74.342,5.016,-19.902
[SHELL] ccB:383,2147517867,1,-7.745,20.333,-12.589,52.155,67.485,32.515,48.300,67.501,32.499
[SHELL] ctrlcap v1 armed=0 count=512 clock_hz=550000000 decimation=1
[SHELL] ccA:index,cycles,seq,id,iq,idref,iqref,theta,actangle,age_us,vdreq,vqreq,vd,vq,intd,intq,scale,bus,raw_id,raw_iq
[SHELL] ccB:index,timer,valid,ia,ib,ic,du,dv,dw,active_u,active_v,active_w
[SHELL] ccA:384,2474410487,272227,2.217,-19.452,0.000,-20.000,3.15258,3.04839,22.22,-1.584,-14.981,-1.584,-14.981,-1.540,-3.909,1.00000,74.342,-0.583,-19.002
[SHELL] ccB:384,20777,1,0.374,16.274,-16.648,55.995,67.204,32.796,52.155,67.485,32.515
[SHELL] ccA:385,2474520547,272228,1.660,-18.326,0.000,-20.000,3.02580,2.92163,22.31,-1.574,-15.005,-1.574,-15.005,-1.540,-3.910,1.00000,74.342,3.902,-17.650
[SHELL] ccB:385,2147517841,1,-1.837,16.492,-14.655,59.704,66.658,33.342,55.995,67.204,32.796
[SHELL] ccA:386,2474630495,272229,1.013,-17.740,0.000,-20.000,2.89490,2.79070,22.21,-1.561,-15.017,-1.561,-15.017,-1.541,-3.911,1.00000,74.342,-1.876,-17.829
[SHELL] ccB:386,20781,1,6.173,11.490,-17.663,63.373,65.803,34.197,59.704,66.658,33.342
[SHELL] ccA:387,2474740495,272230,-0.338,-17.687,0.000,-20.000,2.77131,2.66714,22.20,-1.534,-15.020,-1.534,-15.020,-1.541,-3.912,1.00000,74.342,1.200,-17.545
[SHELL] ccB:387,2147517867,1,5.231,11.925,-17.156,65.673,63.822,34.327,63.373,65.803,34.197
[SHELL] ccA:388,2474850591,272231,0.441,-19.216,0.000,-20.000,2.64288,2.53869,22.33,-1.550,-14.989,-1.550,-14.989,-1.541,-3.912,1.00000,74.342,-0.317,-20.887
[SHELL] ccB:388,20829,1,10.269,10.620,-20.889,66.542,60.176,33.458,65.673,63.822,34.327
[SHELL] ccA:389,2474960471,272232,0.935,-21.705,0.000,-20.000,2.51721,2.41304,22.19,-1.560,-14.939,-1.560,-14.939,-1.541,-3.912,1.00000,74.342,2.187,-22.523
[SHELL] ccB:389,2147517879,1,11.392,11.236,-22.628,67.096,56.454,32.904,66.542,60.176,33.458
[SHELL] ccA:390,2475070487,272233,2.838,-22.677,0.000,-20.000,2.38897,2.28477,22.21,-1.600,-14.918,-1.600,-14.918,-1.543,-3.910,1.00000,74.342,3.490,-22.831
[SHELL] ccB:390,20777,1,13.059,9.968,-23.027,67.417,52.527,32.583,67.096,56.454,32.904
[SHELL] ccA:391,2475180503,272234,1.819,-21.820,0.000,-20.000,2.26587,2.16171,22.22,-1.580,-14.934,-1.580,-14.934,-1.544,-3.909,1.00000,74.342,0.149,-20.809
[SHELL] ccB:391,2147517863,1,15.886,3.698,-19.584,67.482,48.846,32.518,67.417,52.527,32.583
[SHELL] ccA:392,2475290487,272235,2.211,-20.123,0.000,-20.000,2.13956,2.03539,22.20,-1.589,-14.968,-1.589,-14.968,-1.545,-3.909,1.00000,74.342,4.274,-19.436
[SHELL] ccB:392,20777,1,14.074,5.147,-19.221,67.297,45.018,32.703,67.482,48.846,32.518
[SHELL] ccA:393,2475400567,272236,1.199,-19.323,0.000,-20.000,2.00669,1.90251,22.29,-1.569,-14.984,-1.569,-14.984,-1.545,-3.910,1.00000,74.342,-1.876,-19.210
[SHELL] ccB:393,2147517831,1,18.206,-3.551,-14.655,66.787,41.126,33.213,67.297,45.018,32.703
[SHELL] ccA:394,2475510555,272237,0.118,-18.293,0.000,-20.000,1.87808,1.77391,22.24,-1.548,-15.006,-1.548,-15.006,-1.546,-3.910,1.00000,74.342,2.112,-17.375
[SHELL] ccB:394,20811,1,15.923,-1.667,-14.256,66.023,37.498,33.977,66.787,41.126,33.213
[SHELL] ccA:395,2475620547,272238,-0.548,-17.556,0.000,-20.000,1.75598,1.65182,22.24,-1.534,-15.022,-1.534,-15.022,-1.545,-3.912,1.00000,74.342,-3.209,-17.737
[SHELL] ccB:395,2147517841,1,18.025,-8.915,-9.109,65.413,34.587,35.317,66.023,37.498,33.977
[SHELL] ccA:396,2475730543,272239,-2.243,-17.696,0.000,-20.000,1.62685,1.52269,22.24,-1.499,-15.020,-1.499,-15.020,-1.544,-3.913,1.00000,74.342,-1.277,-17.655
[SHELL] ccB:396,20805,1,17.699,-9.097,-8.602,66.356,33.644,38.816,65.413,34.587,35.317
[SHELL] ccA:397,2475840539,272240,-1.382,-18.971,0.000,-20.000,1.49882,1.39465,22.24,-1.516,-14.995,-1.516,-14.995,-1.543,-3.913,1.00000,74.342,-1.488,-20.286
[SHELL] ccB:397,2147517845,1,20.127,-12.612,-7.515,67.026,32.974,42.573,66.356,33.644,38.816
[SHELL] ccA:398,2475950543,272241,-1.277,-20.795,0.000,-20.000,1.37139,1.26723,22.25,-1.517,-14.958,-1.517,-14.958,-1.543,-3.913,1.00000,74.342,-1.067,-21.304
[SHELL] ccB:398,20805,1,20.671,-14.896,-5.775,67.391,32.609,46.400,67.026,32.974,42.573
[SHELL] ccA:399,2476060563,272242,0.054,-20.730,0.000,-20.000,1.24549,1.14132,22.29,-1.544,-14.959,-1.544,-14.959,-1.543,-3.913,1.00000,74.342,1.175,-20.156
[SHELL] ccB:399,2147517833,1,19.475,-14.352,-5.123,67.518,32.482,50.265,67.391,32.609,46.400
[SHELL] ctrlcap v1 armed=0 count=512 clock_hz=550000000 decimation=1
[SHELL] ccA:index,cycles,seq,id,iq,idref,iqref,theta,actangle,age_us,vdreq,vqreq,vd,vq,intd,intq,scale,bus,raw_id,raw_iq
[SHELL] ccB:index,timer,valid,ia,ib,ic,du,dv,dw,active_u,active_v,active_w
[SHELL] ccA:400,2476170547,272243,-0.855,-19.541,0.000,-20.000,1.11007,1.00590,22.24,-1.525,-14.983,-1.525,-14.983,-1.542,-3.913,1.00000,74.342,-2.886,-18.925
[SHELL] ccB:400,20807,1,15.669,-17.360,1.691,67.366,32.634,54.323,67.518,32.482,50.265
[SHELL] ccA:401,2476280631,272244,-0.551,-18.786,0.000,-20.000,0.99502,0.89085,22.33,-1.531,-14.999,-1.531,-14.999,-1.542,-3.913,1.00000,74.342,1.785,-18.646
[SHELL] ccB:401,2147517799,1,16.611,-15.802,-0.810,66.982,33.018,57.764,67.366,32.634,54.323
[SHELL] ccA:402,2476390659,272245,-1.619,-18.950,0.000,-20.000,0.86473,0.76057,22.41,-1.509,-14.996,-1.509,-14.996,-1.541,-3.914,1.00000,74.342,-5.022,-19.254
[SHELL] ccB:402,20863,1,11.392,-19.825,8.433,66.260,33.740,61.475,66.982,33.018,57.764
[SHELL] ccA:403,2476500219,272246,-2.041,-18.485,0.000,-20.000,0.73882,0.63462,22.01,-1.499,-15.006,-1.499,-15.006,-1.540,-3.915,1.00000,74.342,0.939,-17.716
[SHELL] ccB:403,2147518005,1,12.624,-17.106,4.482,65.314,34.686,64.912,66.260,33.740,61.475
[SHELL] ccA:404,2476610171,272247,-1.156,-19.279,0.000,-20.000,0.61847,0.51427,21.93,-1.517,-14.991,-1.517,-14.991,-1.540,-3.915,1.00000,74.342,-3.252,-20.843
[SHELL] ccB:404,20619,1,9.435,-21.057,11.622,62.214,33.927,66.073,65.314,34.686,64.912
[SHELL] ccA:405,2476720199,272248,-2.016,-21.340,0.000,-20.000,0.50434,0.40017,21.92,-1.498,-14.949,-1.498,-14.949,-1.539,-3.914,1.00000,74.342,-0.779,-21.837
[SHELL] ccB:405,2147518015,1,9.870,-21.818,11.948,58.966,33.282,66.718,62.214,33.927,66.073
[SHELL] ccA:406,2476830223,272249,0.276,-22.235,0.000,-20.000,0.35817,0.25401,21.96,-1.544,-14.930,-1.544,-14.930,-1.539,-3.913,1.00000,74.342,1.332,-22.633
[SHELL] ccB:406,20645,1,9.181,-22.543,13.362,54.554,32.714,67.286,58.966,33.282,66.718
[SHELL] ccA:407,2476940295,272250,0.723,-21.880,0.000,-20.000,0.23064,0.12647,22.01,-1.554,-14.936,-1.554,-14.936,-1.539,-3.912,1.00000,74.342,0.114,-21.127
[SHELL] ccB:407,2147517967,1,4.941,-20.260,15.319,50.692,32.511,67.489,54.554,32.714,67.286
[SHELL] ccA:408,2477050515,272251,2.188,-19.867,0.000,-20.000,0.10620,0.00204,22.06,-1.584,-14.976,-1.584,-14.976,-1.540,-3.912,1.00000,74.342,4.261,-18.608
[SHELL] ccB:408,20791,1,6.209,-18.737,12.528,46.865,32.550,67.450,50.692,32.511,67.489
[SHELL] ccA:409,2477160403,272252,0.447,-19.386,0.000,-20.000,6.26561,6.16144,22.13,-1.549,-14.986,-1.549,-14.986,-1.541,-3.913,1.00000,74.342,-3.368,-20.164
[SHELL] ccB:409,2147517913,1,-3.722,-15.548,19.269,43.225,32.891,67.109,46.865,32.550,67.450
[SHELL] ccA:410,2477270503,272253,-1.243,-19.269,0.000,-20.000,6.13518,6.03099,22.27,-1.515,-14.989,-1.515,-14.989,-1.540,-3.913,1.00000,74.342,0.882,-18.373
[SHELL] ccB:410,20785,1,-1.837,-14.932,16.769,39.493,33.532,66.468,43.225,32.891,67.109
[SHELL] ccA:411,2477380415,272254,-1.811,-19.546,0.000,-20.000,6.00852,5.90435,22.12,-1.503,-14.984,-1.503,-14.984,-1.539,-3.913,1.00000,74.342,-4.505,-20.719
[SHELL] ccB:411,2147517907,1,-9.955,-11.235,21.190,36.002,34.430,65.570,39.493,33.532,66.468
[SHELL] ccA:412,2477490439,272255,-2.662,-20.804,0.000,-20.000,5.88431,5.78011,22.16,-1.484,-14.958,-1.484,-14.958,-1.538,-3.913,1.00000,74.342,-0.820,-20.888
[SHELL] ccB:412,20753,1,-8.868,-11.960,20.828,34.196,36.939,65.804,36.002,34.430,65.570
[SHELL] ccA:413,2477600475,272256,-1.133,-22.129,0.000,-20.000,5.75636,5.65218,22.22,-1.514,-14.931,-1.514,-14.931,-1.537,-3.912,1.00000,74.342,-1.446,-23.370
[SHELL] ccB:413,2147517877,1,-13.000,-10.365,23.365,33.379,40.616,66.621,34.196,36.939,65.804
[SHELL] ccA:414,2477710427,272257,-0.105,-23.772,0.000,-20.000,5.62740,5.52320,22.15,-1.535,-14.896,-1.535,-14.896,-1.537,-3.910,1.00000,74.342,1.236,-24.174
[SHELL] ccB:414,20747,1,-13.761,-10.365,24.126,32.852,44.456,67.148,33.379,40.616,66.621
[SHELL] ccA:415,2477820479,272258,2.002,-23.839,0.000,-20.000,5.50338,5.39921,22.15,-1.578,-14.893,-1.578,-14.893,-1.538,-3.908,1.00000,74.342,2.767,-23.503
[SHELL] ccB:415,2147517875,1,-14.558,-8.879,23.438,32.583,48.259,67.417,32.852,44.456,67.148
[SHELL] ctrlcap v1 armed=0 count=512 clock_hz=550000000 decimation=1
[SHELL] ccA:index,cycles,seq,id,iq,idref,iqref,theta,actangle,age_us,vdreq,vqreq,vd,vq,intd,intq,scale,bus,raw_id,raw_iq
[SHELL] ccB:index,timer,valid,ia,ib,ic,du,dv,dw,active_u,active_v,active_w
[SHELL] ccA:416,2477930575,272259,1.226,-22.578,0.000,-20.000,5.37135,5.26717,22.33,-1.563,-14.916,-1.563,-14.916,-1.539,-3.907,1.00000,74.342,-0.316,-21.653
[SHELL] ccB:416,20821,1,-17.313,-2.609,19.922,32.575,52.214,67.425,32.583,48.259,67.417
[SHELL] ccA:417,2478040487,272260,1.881,-20.391,0.000,-20.000,5.25013,5.14597,22.20,-1.577,-14.960,-1.577,-14.960,-1.540,-3.907,1.00000,74.342,4.078,-19.130
[SHELL] ccB:417,2147517871,1,-14.341,-4.349,18.690,32.808,55.883,67.192,32.575,52.214,67.425
[SHELL] ccA:418,2478150471,272261,0.563,-19.116,0.000,-20.000,5.12371,5.01955,22.20,-1.551,-14.986,-1.551,-14.986,-1.540,-3.907,1.00000,74.342,-2.953,-19.103
[SHELL] ccB:418,20769,1,-18.690,5.075,13.615,33.338,59.550,66.662,32.808,55.883,67.192
[SHELL] ccA:419,2478260499,272262,-1.297,-18.231,0.000,-20.000,4.99854,4.89438,22.21,-1.513,-15.005,-1.513,-15.005,-1.539,-3.908,1.00000,74.342,0.360,-17.359
[SHELL] ccB:419,2147517865,1,-16.552,3.734,12.818,34.121,63.019,65.879,33.338,59.550,66.662
[SHELL] ccA:420,2478370483,272263,-1.227,-17.808,0.000,-20.000,4.86492,4.76076,22.18,-1.514,-15.014,-1.514,-15.014,-1.539,-3.909,1.00000,74.342,-2.814,-18.257
[SHELL] ccB:420,20775,1,-18.473,9.243,9.230,34.339,65.661,63.829,34.121,63.019,65.879
[SHELL] ccA:421,2478480471,272264,-0.858,-18.491,0.000,-20.000,4.73832,4.63415,22.18,-1.521,-15.001,-1.521,-15.001,-1.538,-3.910,1.00000,74.342,1.098,-18.725
[SHELL] ccB:421,2147517879,1,-18.690,7.974,10.716,33.466,66.534,60.269,34.339,65.661,63.829
[SHELL] ccA:422,2478590487,272265,0.519,-20.030,0.000,-20.000,4.61465,4.51049,22.19,-1.549,-14.970,-1.549,-14.970,-1.538,-3.910,1.00000,74.342,-0.060,-21.335
[SHELL] ccB:422,20777,1,-21.227,12.469,8.759,32.885,67.115,56.586,33.466,66.534,60.269
[SHELL] ccA:423,2478700475,272266,-0.262,-21.577,0.000,-20.000,4.49220,4.38800,22.20,-1.533,-14.939,-1.533,-14.939,-1.538,-3.909,1.00000,74.342,-0.463,-21.819
[SHELL] ccB:423,2147517877,1,-21.191,15.114,6.077,32.588,67.412,52.933,32.885,67.115,56.586
[SHELL] ccA:424,2478810479,272267,1.050,-21.220,0.000,-20.000,4.35456,4.25040,22.20,-1.560,-14.945,-1.560,-14.945,-1.539,-3.908,1.00000,74.342,2.564,-20.620
[SHELL] ccB:424,20773,1,-20.212,14.281,5.932,32.511,67.489,48.715,32.588,67.412,52.933
[SHELL] ccA:425,2478920471,272268,0.917,-19.759,0.000,-20.000,4.23825,4.13409,22.18,-1.558,-14.975,-1.558,-14.975,-1.539,-3.908,1.00000,74.342,-0.730,-18.897
[SHELL] ccB:425,2147517879,1,-16.479,16.274,0.205,32.681,67.319,45.210,32.511,67.489,48.715
[SHELL] ccA:426,2479030483,272269,1.308,-18.687,0.000,-20.000,4.11142,4.00726,22.21,-1.566,-14.997,-1.566,-14.997,-1.540,-3.909,1.00000,74.342,3.347,-18.477
[SHELL] ccB:426,20775,1,-17.132,15.223,1.909,33.146,66.854,41.429,32.681,67.319,45.210
[SHELL] ccA:427,2479140511,272270,0.496,-18.655,0.000,-20.000,3.98183,3.87766,22.24,-1.550,-14.998,-1.550,-14.998,-1.540,-3.910,1.00000,74.342,-2.354,-18.833
[SHELL] ccB:427,2147517859,1,-12.456,18.630,-6.174,33.920,66.080,37.758,33.146,66.854,41.429
[SHELL] ccA:428,2479250511,272271,-0.201,-18.446,0.000,-20.000,3.84892,3.74476,22.22,-1.536,-15.003,-1.536,-15.003,-1.540,-3.911,1.00000,74.342,1.951,-18.058
[SHELL] ccB:428,20789,1,-13.217,17.398,-4.180,35.381,65.408,34.592,33.920,66.080,37.758
[SHELL] ccA:429,2479360591,272272,0.896,-18.702,0.000,-20.000,3.72793,3.62375,22.34,-1.558,-14.998,-1.558,-14.998,-1.541,-3.911,1.00000,74.342,-0.160,-19.347
[SHELL] ccB:429,2147517819,1,-10.572,19.319,-8.747,38.754,66.322,33.678,35.381,65.408,34.592
[SHELL] ccA:430,2479470547,272273,1.490,-20.475,0.000,-20.000,3.60850,3.50431,22.23,-1.571,-14.963,-1.571,-14.963,-1.541,-3.911,1.00000,74.342,3.141,-21.604
[SHELL] ccB:430,20807,1,-12.529,21.747,-9.218,42.252,66.946,33.054,38.754,66.322,33.678
[SHELL] ccA:431,2479580503,272274,2.681,-21.939,0.000,-20.000,3.47438,3.37021,22.20,-1.596,-14.933,-1.596,-14.933,-1.543,-3.910,1.00000,74.342,2.221,-22.274
[SHELL] ccB:431,2147517863,1,-9.376,22.291,-12.915,46.309,67.364,32.636,42.252,66.946,33.054
[SHELL] ctrlcap v1 armed=0 count=512 clock_hz=550000000 decimation=1
[SHELL] ccA:index,cycles,seq,id,iq,idref,iqref,theta,actangle,age_us,vdreq,vqreq,vd,vq,intd,intq,scale,bus,raw_id,raw_iq
[SHELL] ccB:index,timer,valid,ia,ib,ic,du,dv,dw,active_u,active_v,active_w
[SHELL] ccA:432,2479690535,272275,0.700,-21.552,0.000,-20.000,3.34808,3.24389,22.29,-1.557,-14.939,-1.557,-14.939,-1.543,-3.909,1.00000,74.342,-0.820,-20.830
[SHELL] ccB:432,20801,1,-3.468,19.536,-16.068,50.047,67.498,32.502,46.309,67.364,32.636
[SHELL] ccA:433,2479800515,272276,1.770,-20.171,0.000,-20.000,3.22302,3.11882,22.23,-1.579,-14.967,-1.579,-14.967,-1.544,-3.909,1.00000,74.342,4.360,-19.511
[SHELL] ccB:433,2147517857,1,-5.932,19.500,-13.567,53.873,67.389,32.611,50.047,67.498,32.502
[SHELL] ccA:434,2479910507,272277,0.984,-19.886,0.000,-20.000,3.09791,2.99372,22.23,-1.564,-14.973,-1.564,-14.973,-1.544,-3.909,1.00000,74.342,-2.391,-20.261
[SHELL] ccB:434,20787,1,3.274,15.803,-19.076,57.572,66.983,33.017,53.873,67.389,32.611
[SHELL] ccA:435,2480020507,272278,-0.432,-19.456,0.000,-20.000,2.96616,2.86199,22.22,-1.536,-14.982,-1.536,-14.982,-1.544,-3.909,1.00000,74.342,1.527,-18.651
[SHELL] ccB:435,2147517861,1,1.751,15.259,-17.011,61.320,66.281,33.719,57.572,66.983,33.017
[SHELL] ccA:436,2480130503,272279,-0.811,-18.805,0.000,-20.000,2.84217,2.73800,22.21,-1.528,-14.995,-1.528,-14.995,-1.544,-3.910,1.00000,74.342,-3.149,-18.960
[SHELL] ccB:436,20785,1,8.601,10.584,-19.185,64.717,65.366,34.634,61.320,66.281,33.719
[SHELL] ccA:437,2480240511,272280,-1.694,-19.523,0.000,-20.000,2.71299,2.60882,22.22,-1.509,-14.981,-1.509,-14.981,-1.543,-3.910,1.00000,74.342,-0.239,-20.087
[SHELL] ccB:437,2147517859,1,8.565,11.454,-20.019,66.058,62.222,33.942,64.717,65.366,34.634
[SHELL] ccA:438,2480350511,272281,-0.373,-21.065,0.000,-20.000,2.58282,2.47865,22.23,-1.535,-14.950,-1.535,-14.950,-1.543,-3.910,1.00000,74.342,-0.508,-22.044
[SHELL] ccB:438,20789,1,12.117,9.895,-22.012,66.816,58.436,33.184,66.058,62.222,33.942
[SHELL] ccA:439,2480460507,272282,0.589,-22.841,0.000,-20.000,2.45904,2.35484,22.22,-1.555,-14.913,-1.555,-14.913,-1.543,-3.908,1.00000,74.342,1.685,-23.638
[SHELL] ccB:439,2147517861,1,13.603,10.004,-23.607,67.253,54.717,32.747,66.816,58.436,33.184
[SHELL] ccA:440,2480570511,272283,2.273,-23.686,0.000,-20.000,2.33069,2.22651,22.23,-1.590,-14.894,-1.590,-14.894,-1.544,-3.906,1.00000,74.342,2.860,-23.733
[SHELL] ccB:440,20789,1,15.234,8.337,-23.571,67.443,50.779,32.557,67.253,54.717,32.747
[SHELL] ccA:441,2480680507,272284,0.968,-22.014,0.000,-20.000,2.20781,2.10361,22.23,-1.564,-14.927,-1.564,-14.927,-1.545,-3.905,1.00000,74.342,-0.925,-20.295
[SHELL] ccB:441,2147517861,1,16.865,1.378,-18.243,67.404,47.122,32.596,67.443,50.779,32.557
[SHELL] ccA:442,2480790587,272285,1.589,-19.397,0.000,-20.000,2.08034,1.97614,22.29,-1.577,-14.979,-1.577,-14.979,-1.545,-3.906,1.00000,74.342,4.103,-18.498
[SHELL] ccB:442,20827,1,14.147,3.843,-17.989,67.111,43.274,32.889,67.404,47.122,32.596
[SHELL] ccA:443,2480900647,272286,0.874,-18.699,0.000,-20.000,1.95855,1.85436,22.40,-1.563,-14.994,-1.563,-14.994,-1.546,-3.906,1.00000,74.342,-2.354,-18.900
[SHELL] ccB:443,2147517791,1,18.387,-4.892,-13.495,66.533,39.744,33.467,67.111,43.274,32.889
[SHELL] ccA:444,2481010575,272287,-0.805,-17.877,0.000,-20.000,1.82939,1.72523,22.26,-1.529,-15.011,-1.529,-15.011,-1.545,-3.908,1.00000,74.342,0.744,-16.855
[SHELL] ccB:444,20821,1,16.104,-3.696,-12.408,65.666,36.193,34.334,66.533,39.744,33.467
[SHELL] ccA:445,2481120627,272288,-0.046,-17.464,0.000,-20.000,1.70427,1.60012,22.36,-1.545,-15.021,-1.545,-15.021,-1.545,-3.909,1.00000,74.342,-0.836,-18.074
[SHELL] ccB:445,2147517801,1,18.025,-7.647,-10.378,65.836,34.164,36.735,65.666,36.193,34.334
[SHELL] ccA:446,2481230571,272289,-0.138,-18.411,0.000,-20.000,1.56697,1.46281,22.28,-1.543,-15.003,-1.543,-15.003,-1.545,-3.910,1.00000,74.342,0.560,-18.748
[SHELL] ccB:446,20819,1,18.750,-8.952,-9.798,66.715,33.285,40.626,65.836,34.164,36.735
[SHELL] ccA:447,2481340583,272290,0.797,-19.925,0.000,-20.000,1.44788,1.34372,22.28,-1.562,-14.972,-1.562,-14.972,-1.546,-3.910,1.00000,74.342,1.033,-21.102
[SHELL] ccB:447,2147517823,1,21.069,-11.887,-9.182,67.212,32.788,44.186,66.715,33.285,40.626
[SHELL] ctrlcap v1 armed=0 count=512 clock_hz=550000000 decimation=1
[SHELL] ccA:index,cycles,seq,id,iq,idref,iqref,theta,actangle,age_us,vdreq,vqreq,vd,vq,intd,intq,scale,bus,raw_id,raw_iq
[SHELL] ccB:index,timer,valid,ia,ib,ic,du,dv,dw,active_u,active_v,active_w
[SHELL] ccA:448,2481450555,272291,-0.707,-20.797,0.000,-20.000,1.32185,1.21768,22.25,-1.531,-14.955,-1.531,-14.955,-1.545,-3.909,1.00000,74.342,-2.448,-20.492
[SHELL] ccB:448,20811,1,19.257,-16.055,-3.202,67.471,32.529,47.926,67.212,32.788,44.186
[SHELL] ccA:449,2481560563,272292,0.508,-19.928,0.000,-20.000,1.19719,1.09303,22.27,-1.556,-14.972,-1.556,-14.972,-1.546,-3.909,1.00000,74.342,3.464,-19.365
[SHELL] ccB:449,2147517833,1,19.293,-12.975,-6.319,67.506,32.494,51.752,67.471,32.529,47.926
[SHELL] ccA:450,2481670591,272293,0.786,-19.429,0.000,-20.000,1.06865,0.96448,22.25,-1.562,-14.982,-1.562,-14.982,-1.546,-3.910,1.00000,74.342,-1.892,-19.494
[SHELL] ccB:450,20829,1,16.176,-17.650,1.474,67.243,32.757,55.638,67.506,32.494,51.752
[SHELL] ccA:451,2481780643,272294,1.023,-18.883,0.000,-20.000,0.94048,0.83629,22.36,-1.567,-14.994,-1.567,-14.994,-1.547,-3.910,1.00000,74.342,3.938,-18.273
[SHELL] ccB:451,2147517793,1,17.082,-15.113,-1.969,66.697,33.303,59.425,67.243,32.757,55.638
[SHELL] ccA:452,2481890395,272295,1.520,-18.611,0.000,-20.000,0.81457,0.71041,22.32,-1.578,-15.000,-1.578,-15.000,-1.547,-3.911,1.00000,74.342,-0.899,-18.950
[SHELL] ccB:452,20731,1,13.168,-18.411,5.243,65.885,34.115,63.006,66.697,33.303,59.425
[SHELL] ccA:453,2482000163,272296,1.174,-18.552,0.000,-20.000,0.68515,0.58098,21.91,-1.571,-15.002,-1.571,-15.002,-1.548,-3.912,1.00000,74.342,3.246,-18.155
[SHELL] ccB:453,2147518033,1,14.002,-17.396,3.395,63.963,34.387,65.613,65.885,34.115,63.006
[SHELL] ccA:454,2482110199,272297,1.683,-19.558,0.000,-20.000,0.55446,0.45028,21.93,-1.582,-14.982,-1.582,-14.982,-1.549,-3.912,1.00000,74.342,0.120,-20.962
[SHELL] ccB:454,20633,1,11.138,-20.948,9.810,60.282,33.485,66.515,63.963,34.387,65.613
[SHELL] ccA:455,2482220243,272298,1.166,-21.498,0.000,-20.000,0.43079,0.32659,21.99,-1.573,-14.942,-1.573,-14.942,-1.549,-3.911,1.00000,74.342,2.212,-22.034
[SHELL] ccB:455,2147517993,1,11.211,-22.144,10.933,56.667,32.926,67.074,60.282,33.485,66.515
[SHELL] ccA:456,2482330271,272299,2.141,-22.183,0.000,-20.000,0.30643,0.20226,21.97,-1.593,-14.928,-1.593,-14.928,-1.550,-3.910,1.00000,74.342,2.070,-22.332
[SHELL] ccB:456,20669,1,8.710,-22.253,13.543,52.902,32.592,67.408,56.667,32.926,67.074
[SHELL] ccA:457,2482440347,272300,0.704,-21.163,0.000,-20.000,0.17367,0.06950,22.04,-1.565,-14.947,-1.565,-14.947,-1.551,-3.909,1.00000,74.342,-0.663,-19.995
[SHELL] ccB:457,2147517941,1,2.802,-18.556,15.754,48.945,32.503,67.497,52.902,32.592,67.408
[SHELL] ccA:458,2482550431,272301,1.981,-19.690,0.000,-20.000,0.04837,6.22737,22.16,-1.591,-14.977,-1.591,-14.977,-1.552,-3.909,1.00000,74.342,4.625,-19.386
[SHELL] ccB:458,20749,1,5.557,-19.354,13.797,45.108,32.684,67.316,48.945,32.503,67.497
[SHELL] ccA:459,2482660431,272302,1.150,-19.256,0.000,-20.000,6.20023,6.09606,22.15,-1.575,-14.986,-1.575,-14.986,-1.552,-3.910,1.00000,74.342,-2.326,-19.126
[SHELL] ccB:459,2147517899,1,-3.903,-14.388,18.291,41.252,33.189,66.811,45.108,32.684,67.316
[SHELL] ccA:460,2482770467,272303,-0.773,-18.465,0.000,-20.000,6.07875,5.97455,22.23,-1.536,-15.003,-1.536,-15.003,-1.552,-3.911,1.00000,74.342,0.779,-17.803
[SHELL] ccB:460,20767,1,-2.852,-13.808,16.660,37.851,33.893,66.107,41.252,33.189,66.811
[SHELL] ccA:461,2482880439,272304,-1.760,-18.114,0.000,-20.000,5.95155,5.84736,22.16,-1.516,-15.011,-1.516,-15.011,-1.551,-3.912,1.00000,74.342,-4.299,-18.425
[SHELL] ccB:461,2147517895,1,-10.064,-8.843,18.907,34.668,35.120,65.332,37.851,33.893,66.107
[SHELL] ccA:462,2482990419,272305,-1.909,-18.773,0.000,-20.000,5.82234,5.71791,22.15,-1.512,-15.026,-1.512,-15.026,-1.550,-3.912,1.00000,74.342,0.482,-19.120
[SHELL] ccB:462,20743,1,-8.071,-10.981,19.052,33.674,38.652,66.326,34.668,35.120,65.332
[SHELL] ccA:463,2483100499,272306,0.512,-20.959,0.000,-20.000,5.69477,5.59032,22.27,-1.561,-14.981,-1.561,-14.981,-1.550,-3.912,1.00000,74.342,0.543,-22.798
[SHELL] ccB:463,2147517865,1,-12.203,-10.583,22.785,33.001,42.465,66.999,33.674,38.652,66.326
[SHELL] ctrlcap v1 armed=0 count=512 clock_hz=550000000 decimation=1
[SHELL] ccA:index,cycles,seq,id,iq,idref,iqref,theta,actangle,age_us,vdreq,vqreq,vd,vq,intd,intq,scale,bus,raw_id,raw_iq
[SHELL] ccB:index,timer,valid,ia,ib,ic,du,dv,dw,active_u,active_v,active_w
[SHELL] ccA:464,2483210475,272307,0.791,-22.809,0.000,-20.000,5.56907,5.46464,22.15,-1.567,-14.943,-1.567,-14.943,-1.551,-3.910,1.00000,74.342,1.040,-22.820
[SHELL] ccB:464,20771,1,-14.160,-8.444,22.604,32.632,46.245,67.368,33.001,42.465,66.999
[SHELL] ccA:465,2483320495,272308,2.480,-22.181,0.000,-20.000,5.44475,5.34029,22.20,-1.602,-14.954,-1.602,-14.954,-1.552,-3.909,1.00000,74.342,3.919,-21.543
[SHELL] ccB:465,2147517867,1,-13.399,-8.299,21.698,32.480,50.072,67.520,32.632,46.245,67.368
[SHELL] ccA:466,2483430515,272309,1.291,-20.871,0.000,-20.000,5.31637,5.21192,22.27,-1.578,-14.980,-1.578,-14.980,-1.553,-3.909,1.00000,74.342,-1.337,-20.200
[SHELL] ccB:466,20791,1,-17.385,-0.289,17.675,32.599,53.911,67.401,32.480,50.072,67.520
[SHELL] ccA:467,2483540475,272310,1.375,-19.394,0.000,-20.000,5.18983,5.08538,22.20,-1.581,-15.010,-1.581,-15.010,-1.553,-3.909,1.00000,74.342,4.087,-18.588
[SHELL] ccB:467,2147517877,1,-14.631,-3.225,17.856,32.989,57.698,67.011,32.599,53.911,67.401
[SHELL] ccA:468,2483650487,272311,0.606,-18.741,0.000,-20.000,5.06473,4.96031,22.21,-1.566,-15.024,-1.566,-15.024,-1.554,-3.910,1.00000,74.342,-2.875,-18.895
[SHELL] ccB:468,20777,1,-18.726,6.053,12.673,33.656,61.291,66.344,32.989,57.698,67.011
[SHELL] ccA:469,2483760491,272312,-0.869,-17.895,0.000,-20.000,4.93543,4.83098,22.21,-1.536,-15.042,-1.536,-15.042,-1.553,-3.911,1.00000,74.342,1.138,-16.896
[SHELL] ccB:469,2147517869,1,-16.226,3.915,12.311,34.600,64.807,65.400,33.656,61.291,66.344
[SHELL] ccA:470,2483870567,272313,-0.878,-17.588,0.000,-20.000,4.80786,4.70337,22.32,-1.535,-15.049,-1.535,-15.049,-1.553,-3.912,1.00000,74.342,-2.893,-18.280
[SHELL] ccB:470,20817,1,-18.473,10.221,8.251,33.859,66.141,62.248,34.600,64.807,65.400
[SHELL] ccA:471,2483980475,272314,-1.225,-19.081,0.000,-20.000,4.68024,4.57582,22.18,-1.528,-15.020,-1.528,-15.020,-1.552,-3.912,1.00000,74.342,0.444,-19.882
[SHELL] ccB:471,2147517877,1,-19.886,10.113,9.774,33.126,66.874,58.584,33.859,66.141,62.248
[SHELL] ccA:472,2484090471,272315,0.717,-20.519,0.000,-20.000,4.55338,4.44895,22.19,-1.567,-14.991,-1.567,-14.991,-1.552,-3.912,1.00000,74.342,0.990,-21.156
[SHELL] ccB:472,20769,1,-21.046,12.577,8.469,32.655,67.345,54.726,33.126,66.874,58.584
[SHELL] ccA:473,2484200479,272316,-0.485,-21.343,0.000,-20.000,4.42196,4.31751,22.20,-1.543,-14.973,-1.543,-14.973,-1.552,-3.911,1.00000,74.342,-1.959,-21.530
[SHELL] ccB:473,2147517875,1,-20.067,16.999,3.068,32.471,67.529,50.792,32.655,67.345,54.726
[SHELL] ccA:474,2484310491,272317,0.637,-21.008,0.000,-20.000,4.30050,4.19608,22.20,-1.565,-14.980,-1.565,-14.980,-1.553,-3.911,1.00000,74.342,3.233,-20.486
[SHELL] ccB:474,20779,1,-20.067,14.571,5.497,32.537,67.463,47.062,32.471,67.529,50.792
[SHELL] ccA:475,2484420479,272318,0.439,-20.214,0.000,-20.000,4.16993,4.06551,22.19,-1.562,-14.995,-1.562,-14.995,-1.553,-3.911,1.00000,74.342,-2.355,-19.942
[SHELL] ccB:475,2147517875,1,-15.863,18.594,-2.731,32.888,67.112,43.152,32.537,67.463,47.062
[SHELL] ccA:476,2484530511,272319,-0.360,-19.311,0.000,-20.000,4.04478,3.94036,22.18,-1.545,-15.014,-1.545,-15.014,-1.553,-3.911,1.00000,74.342,1.634,-18.681
[SHELL] ccB:476,20789,1,-15.682,16.745,-1.063,33.490,66.510,39.529,32.888,67.112,43.152
[SHELL] ccA:477,2484640507,272320,-0.741,-19.026,0.000,-20.000,3.91691,3.81249,22.22,-1.537,-15.020,-1.537,-15.020,-1.552,-3.912,1.00000,74.342,-3.116,-19.370
[SHELL] ccB:477,2147517861,1,-11.333,19.536,-8.203,34.385,65.615,35.978,33.490,66.510,39.529
[SHELL] ccA:478,2484750511,272321,-0.967,-18.991,0.000,-20.000,3.78378,3.67935,22.21,-1.532,-15.021,-1.532,-15.021,-1.552,-3.912,1.00000,74.342,1.183,-18.611
[SHELL] ccB:478,20789,1,-12.094,18.340,-6.246,37.131,65.943,34.057,34.385,65.615,35.978
[SHELL] ccA:479,2484860547,272322,1.507,-19.690,0.000,-20.000,3.66598,3.56157,22.24,-1.583,-15.007,-1.583,-15.007,-1.553,-3.912,1.00000,74.342,1.832,-20.770
[SHELL] ccB:479,2147517841,1,-11.985,20.768,-8.783,40.569,66.715,33.285,37.131,65.943,34.057
[SHELL] ctrlcap v1 armed=0 count=512 clock_hz=550000000 decimation=1
[SHELL] ccA:index,cycles,seq,id,iq,idref,iqref,theta,actangle,age_us,vdreq,vqreq,vd,vq,intd,intq,scale,bus,raw_id,raw_iq
[SHELL] ccB:index,timer,valid,ia,ib,ic,du,dv,dw,active_u,active_v,active_w
[SHELL] ccA:480,2484970467,272323,1.013,-21.554,0.000,-20.000,3.53763,3.43321,22.22,-1.573,-14.969,-1.573,-14.969,-1.553,-3.912,1.00000,74.342,0.193,-22.339
[SHELL] ccB:480,20767,1,-8.796,22.182,-13.386,44.357,67.229,32.771,40.569,66.715,33.285
[SHELL] ccA:481,2485080395,272324,1.173,-21.939,0.000,-20.000,3.40964,3.30522,22.12,-1.577,-14.961,-1.577,-14.961,-1.554,-3.911,1.00000,74.342,2.153,-21.540
[SHELL] ccB:481,2147517917,1,-7.781,21.385,-13.604,48.222,67.495,32.505,44.357,67.229,32.771
[SHELL] ccA:482,2485190439,272325,-0.105,-20.413,0.000,-20.000,3.28525,3.18082,22.15,-1.551,-14.991,-1.551,-14.991,-1.554,-3.910,1.00000,74.342,-2.362,-19.287
[SHELL] ccB:482,20753,1,-0.423,17.035,-16.612,51.942,67.521,32.479,48.222,67.495,32.505
[SHELL] ccA:483,2485300411,272326,0.865,-19.106,0.000,-20.000,3.15653,3.05206,22.14,-1.571,-15.018,-1.571,-15.018,-1.554,-3.911,1.00000,74.342,4.092,-18.924
[SHELL] ccB:483,2147517909,1,-4.374,18.521,-14.147,55.867,67.261,32.739,51.942,67.521,32.479
[SHELL] ccA:484,2485410427,272327,0.913,-19.065,0.000,-20.000,3.03159,2.92717,22.15,-1.573,-15.019,-1.573,-15.019,-1.554,-3.911,1.00000,74.342,-2.266,-19.205
[SHELL] ccB:484,20747,1,4.361,14.136,-18.497,59.549,66.705,33.295,55.867,67.261,32.739
[SHELL] ccA:485,2485520423,272328,-0.566,-18.432,0.000,-20.000,2.89973,2.79531,22.15,-1.543,-15.032,-1.543,-15.032,-1.554,-3.912,1.00000,74.342,1.134,-17.660
[SHELL] ccB:485,2147517903,1,3.129,13.520,-16.648,63.223,65.862,34.138,59.549,66.705,33.295
[SHELL] ccA:486,2485630467,272329,-0.801,-18.950,0.000,-20.000,2.77764,2.67316,22.21,-1.538,-15.023,-1.538,-15.023,-1.554,-3.913,1.00000,74.342,-2.735,-20.240
[SHELL] ccB:486,20767,1,9.761,10.656,-20.418,65.630,63.983,34.370,63.223,65.862,34.138
[SHELL] ccA:487,2485740423,272330,-1.758,-21.645,0.000,-20.000,2.65157,2.54714,22.15,-1.518,-14.968,-1.518,-14.968,-1.553,-3.912,1.00000,74.342,-0.781,-23.050
[SHELL] ccB:487,2147517903,1,11.537,11.526,-23.063,66.453,60.457,33.547,65.630,63.983,34.370
[SHELL] ccA:488,2485850419,272331,-0.046,-23.225,0.000,-20.000,2.51855,2.41413,22.15,-1.552,-14.935,-1.552,-14.935,-1.553,-3.910,1.00000,74.342,0.688,-23.401
[SHELL] ccB:488,20743,1,13.096,10.258,-23.353,67.084,56.499,32.916,66.453,60.457,33.547
[SHELL] ccA:489,2485960415,272332,0.905,-23.100,0.000,-20.000,2.39536,2.29094,22.13,-1.571,-14.936,-1.571,-14.936,-1.553,-3.909,1.00000,74.342,1.121,-22.799
[SHELL] ccB:489,2147517907,1,14.654,7.829,-22.483,67.421,52.775,32.579,67.084,56.499,32.916
[SHELL] ccA:490,2486070503,272333,2.731,-22.121,0.000,-20.000,2.26238,2.15793,22.27,-1.609,-14.954,-1.609,-14.954,-1.555,-3.908,1.00000,74.342,4.341,-21.444
[SHELL] ccB:490,20785,1,13.748,7.866,-21.614,67.504,48.675,32.496,67.421,52.775,32.579
[SHELL] ccA:491,2486180447,272334,1.526,-20.503,0.000,-20.000,2.13804,2.03361,22.15,-1.586,-14.986,-1.586,-14.986,-1.555,-3.907,1.00000,73.902,-1.289,-19.562
[SHELL] ccB:491,2147517891,1,17.191,-0.434,-16.757,67.416,44.939,32.584,67.504,48.675,32.496
[SHELL] ccA:492,2486290487,272335,1.076,-19.124,0.000,-20.000,2.00979,1.90537,22.18,-1.577,-15.014,-1.577,-15.014,-1.556,-3.908,1.00000,73.902,3.440,-18.686
[SHELL] ccB:492,20777,1,15.451,1.849,-17.301,66.934,41.129,33.066,67.416,44.939,32.584
[SHELL] ccA:493,2486400495,272336,0.562,-18.650,0.000,-20.000,1.88357,1.77914,22.23,-1.567,-15.024,-1.567,-15.024,-1.556,-3.908,1.00000,74.342,-2.317,-18.614
[SHELL] ccB:493,2147517867,1,18.423,-6.161,-12.263,66.073,37.594,33.927,66.934,41.129,33.066
[SHELL] ccA:494,2486510487,272337,-0.814,-18.360,0.000,-20.000,1.75798,1.65352,22.22,-1.540,-15.031,-1.540,-15.031,-1.556,-3.909,1.00000,74.342,0.689,-18.107
[SHELL] ccB:494,20777,1,17.662,-5.327,-12.335,65.411,34.589,35.270,66.073,37.594,33.927
[SHELL] ccA:495,2486620487,272338,-0.694,-18.675,0.000,-20.000,1.62789,1.52345,22.23,-1.542,-15.025,-1.542,-15.025,-1.555,-3.910,1.00000,74.342,-2.077,-19.242
[SHELL] ccB:495,2147517871,1,19.330,-10.510,-8.819,66.379,33.621,38.866,65.411,34.589,35.270
[SHELL] ctrlcap v1 armed=0 count=512 clock_hz=550000000 decimation=1
[SHELL] ccA:index,cycles,seq,id,iq,idref,iqref,theta,actangle,age_us,vdreq,vqreq,vd,vq,intd,intq,scale,bus,raw_id,raw_iq
[SHELL] ccB:index,timer,valid,ia,ib,ic,du,dv,dw,active_u,active_v,active_w
[SHELL] ccA:496,2486730567,272339,-1.618,-19.819,0.000,-20.000,1.50361,1.39916,22.33,-1.522,-15.003,-1.522,-15.003,-1.555,-3.910,1.00000,74.342,-1.158,-20.396
[SHELL] ccB:496,20817,1,20.272,-12.322,-7.950,67.017,32.983,42.448,66.379,33.621,38.866
[SHELL] ccA:497,2486840483,272340,-0.602,-21.062,0.000,-20.000,1.37944,1.27502,22.20,-1.542,-14.977,-1.542,-14.977,-1.554,-3.909,1.00000,74.342,-0.046,-21.728
[SHELL] ccB:497,2147517873,1,21.323,-14.279,-7.044,67.402,32.598,46.206,67.017,32.983,42.448
[SHELL] ccA:498,2486950483,272341,-1.459,-20.690,0.000,-20.000,1.25320,1.14877,22.21,-1.524,-14.984,-1.524,-14.984,-1.554,-3.909,1.00000,74.342,-2.872,-19.651
[SHELL] ccB:498,20775,1,17.771,-16.563,-1.208,67.546,32.454,49.994,67.402,32.598,46.206
[SHELL] ccA:499,2487060515,272342,0.927,-19.363,0.000,-20.000,1.11807,1.01364,22.22,-1.573,-15.011,-1.573,-15.011,-1.554,-3.909,1.00000,74.342,4.726,-19.075
[SHELL] ccB:499,2147517857,1,19.221,-13.156,-6.065,67.415,32.585,54.187,67.546,32.454,49.994
[SHELL] ccA:500,2487170567,272343,1.451,-18.969,0.000,-20.000,0.99256,0.88813,22.28,-1.584,-15.019,-1.584,-15.019,-1.555,-3.910,1.00000,74.342,-1.824,-18.862
[SHELL] ccB:500,20817,1,14.799,-17.650,2.851,66.983,33.017,57.956,67.415,32.585,54.187
[SHELL] ccA:501,2487280551,272344,0.223,-18.608,0.000,-20.000,0.86596,0.76152,22.29,-1.559,-15.027,-1.559,-15.027,-1.555,-3.911,1.00000,74.342,2.270,-18.354
[SHELL] ccB:501,2147517839,1,15.451,-16.527,1.075,66.284,33.716,61.564,66.983,33.017,57.956
[SHELL] ccA:502,2487390067,272345,-0.485,-18.319,0.000,-20.000,0.73586,0.63143,21.81,-1.545,-15.034,-1.545,-15.034,-1.555,-3.911,1.00000,74.342,-3.241,-18.284
[SHELL] ccB:502,20567,1,9.870,-18.556,8.686,65.295,34.705,65.103,66.284,33.716,61.564
[SHELL] ccA:503,2487500099,272346,-1.781,-18.839,0.000,-20.000,0.60782,0.50340,21.84,-1.518,-15.024,-1.518,-15.024,-1.554,-3.912,1.00000,74.342,-0.322,-19.395
[SHELL] ccB:503,2147518065,1,10.812,-19.354,8.541,61.940,33.816,66.184,65.295,34.705,65.103
[SHELL] ccA:504,2487610143,272347,-0.591,-20.661,0.000,-20.000,0.47272,0.36828,21.89,-1.542,-14.987,-1.542,-14.987,-1.554,-3.912,1.00000,74.342,-0.860,-21.926
[SHELL] ccB:504,20605,1,9.218,-21.854,12.637,57.985,33.065,66.935,61.940,33.816,66.184
[SHELL] ccA:505,2487720147,272348,-0.988,-22.299,0.000,-20.000,0.35127,0.24684,21.87,-1.533,-14.954,-1.533,-14.954,-1.553,-3.911,1.00000,74.342,-1.116,-22.672
[SHELL] ccB:505,2147518041,1,6.753,-22.144,15.391,54.372,32.672,67.328,57.985,33.065,66.935
[SHELL] ccA:506,2487830215,272349,-0.075,-22.351,0.000,-20.000,0.22622,0.12181,21.88,-1.551,-14.951,-1.551,-14.951,-1.553,-3.909,1.00000,74.342,0.966,-22.031
[SHELL] ccB:506,20641,1,5.883,-21.347,15.464,50.558,32.492,67.508,54.372,32.672,67.328
[SHELL] ccA:507,2487940295,272350,-1.717,-21.067,0.000,-20.000,0.09778,6.27652,22.00,-1.518,-14.976,-1.518,-14.976,-1.552,-3.909,1.00000,74.342,-4.400,-20.103
[SHELL] ccB:507,2147517967,1,-2.417,-16.490,18.907,46.736,32.566,67.434,50.558,32.492,67.508
[SHELL] ccA:508,2488050331,272351,-1.339,-19.879,0.000,-20.000,6.24788,6.14346,22.05,-1.525,-15.000,-1.525,-15.000,-1.551,-3.909,1.00000,74.342,1.721,-19.656
[SHELL] ccB:508,20699,1,1.026,-17.578,16.551,42.738,32.944,67.056,46.736,32.566,67.434
[SHELL] ccA:509,2488160423,272352,-0.983,-19.789,0.000,-20.000,6.12570,6.02126,22.19,-1.531,-15.002,-1.531,-15.002,-1.551,-3.909,1.00000,74.342,-3.687,-19.922
[SHELL] ccB:509,2147517903,1,-6.766,-13.156,19.922,39.178,33.582,66.418,42.738,32.944,67.056
[SHELL] ccA:510,2488270371,272353,-2.326,-18.904,0.000,-20.000,5.99952,5.89506,22.09,-1.503,-15.020,-1.503,-15.020,-1.550,-3.910,1.00000,74.342,-0.965,-17.885
[SHELL] ccB:510,20719,1,-5.932,-11.670,17.602,35.723,34.467,65.533,39.178,33.582,66.418
[SHELL] ccA:511,2488380339,272354,-2.911,-19.973,0.000,-20.000,5.86888,5.76446,22.05,-1.490,-14.999,-1.490,-14.999,-1.548,-3.910,1.00000,74.342,-4.856,-22.061
[SHELL] ccB:511,2147517945,1,-13.326,-9.133,22.459,34.036,37.337,65.964,35.723,34.467,65.533
