[SHELL] ctrlcap v1 armed=0 count=512 clock_hz=550000000 decimation=1
[SHELL] ccA:index,cycles,seq,id,iq,idref,iqref,theta,actangle,age_us,vdreq,vqreq,vd,vq,intd,intq,scale,bus
[SHELL] ccB:index,timer,valid,ia,ib,ic,du,dv,dw,active_u,active_v,active_w
[SHELL] ccA:0,2784060116,108646,0.185,-0.140,0.000,0.000,3.85003,3.85002,16.78,-0.004,0.003,-0.004,0.003,-0.000,0.000,1.00000,73.902
[SHELL] ccB:0,19305,1,-0.232,0.104,0.128,50.005,49.996,49.995,50.000,50.000,50.000
[SHELL] ccA:1,2784161480,108646,0.185,-0.140,0.000,0.000,3.85003,3.85468,201.10,-0.004,0.003,-0.004,0.003,-0.000,0.000,1.00000,73.902
[SHELL] ccB:1,2147523661,1,-0.232,0.104,0.128,50.005,49.996,49.995,50.005,49.996,49.995
[SHELL] ccA:2,2784280112,108647,-1.265,-1.819,0.000,0.000,3.85397,3.85397,16.78,0.026,0.037,0.026,0.037,0.000,0.001,1.00000,73.902
[SHELL] ccB:2,19303,1,-0.232,2.024,-1.793,50.010,49.947,50.053,50.005,49.996,49.995
[SHELL] ccA:3,2784381448,108647,-1.265,-1.819,0.000,0.000,3.85397,3.85200,201.05,0.026,0.038,0.026,0.038,0.001,0.002,1.00000,73.902
[SHELL] ccB:3,2147523677,1,-0.232,2.024,-1.793,50.010,49.946,50.054,50.010,49.947,50.053
[SHELL] ccA:4,2784500104,108648,0.199,-0.291,0.000,0.000,3.85237,3.85237,16.78,-0.003,0.008,-0.003,0.008,0.001,0.002,1.00000,73.902
[SHELL] ccB:4,19299,1,-0.340,0.248,0.092,50.010,49.990,49.999,50.010,49.946,50.054
[SHELL] ccA:5,2784601444,108648,0.199,-0.291,0.000,0.000,3.85237,3.85144,201.05,-0.003,0.008,-0.003,0.008,0.001,0.002,1.00000,74.342
[SHELL] ccB:5,2147523679,1,-0.340,0.248,0.092,50.010,49.990,49.999,50.010,49.990,49.999
[SHELL] ccA:6,2784720100,108649,0.499,0.060,0.000,0.000,3.84858,3.84858,16.78,-0.009,0.001,-0.009,0.001,0.001,0.002,1.00000,74.342
[SHELL] ccB:6,19297,1,-0.340,-0.150,0.491,50.011,50.002,49.989,50.010,49.990,49.999
[SHELL] ccA:7,2784821424,108649,0.499,0.060,0.000,0.000,3.84858,3.85159,200.99,-0.010,0.001,-0.010,0.001,0.000,0.002,1.00000,74.342
[SHELL] ccB:7,2147523689,1,-0.340,-0.150,0.491,50.011,50.002,49.989,50.011,50.002,49.989
[SHELL] ccA:8,2784940140,108650,0.322,0.127,0.000,0.000,3.85750,3.85750,16.81,-0.006,-0.001,-0.006,-0.001,0.000,0.002,1.00000,74.342
[SHELL] ccB:8,19317,1,-0.159,-0.186,0.346,50.007,50.004,49.993,50.011,50.002,49.989
[SHELL] ccA:9,2785041416,108650,0.322,0.127,0.000,0.000,3.85750,3.85402,200.95,-0.006,-0.001,-0.006,-0.001,0.000,0.002,1.00000,74.342
[SHELL] ccB:9,2147523693,1,-0.159,-0.186,0.346,50.007,50.004,49.993,50.007,50.004,49.993
[SHELL] ccA:10,2785160108,108651,-0.569,-0.402,0.000,0.000,3.85563,3.85563,16.78,0.012,0.010,0.012,0.010,0.000,0.002,1.00000,74.342
[SHELL] ccB:10,19301,1,0.167,0.502,-0.669,49.996,49.982,50.018,50.007,50.004,49.993
[SHELL] ccA:11,2785261424,108651,-0.569,-0.402,0.000,0.000,3.85563,3.84954,200.98,0.012,0.010,0.012,0.010,0.001,0.002,1.00000,74.342
[SHELL] ccB:11,2147523689,1,0.167,0.502,-0.669,49.995,49.982,50.018,49.996,49.982,50.018
[SHELL] ccA:12,2785380152,108652,0.459,0.286,0.000,0.000,3.85573,3.85573,16.81,-0.009,-0.004,-0.009,-0.004,0.000,0.002,1.00000,74.342
[SHELL] ccB:12,19323,1,-0.159,-0.368,0.527,50.009,50.010,49.990,49.995,49.982,50.018
[SHELL] ccA:13,2785481432,108652,0.459,0.286,0.000,0.000,3.85573,3.85181,200.93,-0.009,-0.004,-0.009,-0.004,0.000,0.002,1.00000,74.342
[SHELL] ccB:13,2147523685,1,-0.159,-0.368,0.527,50.009,50.010,49.990,50.009,50.010,49.990
[SHELL] ccA:14,2785600124,108653,-0.213,-0.102,0.000,0.000,3.85428,3.85428,16.81,0.005,0.004,0.005,0.004,0.000,0.002,1.00000,74.342
[SHELL] ccB:14,19309,1,0.095,0.140,-0.234,49.999,49.993,50.007,50.009,50.010,49.990
[SHELL] ccA:15,2785701416,108653,-0.213,-0.102,0.000,0.000,3.85428,3.84091,200.97,0.005,0.004,0.005,0.004,0.000,0.002,1.00000,74.342
[SHELL] ccB:15,2147523693,1,0.095,0.140,-0.234,49.998,49.993,50.007,49.999,49.993,50.007
[SHELL] ctrlcap v1 armed=0 count=512 clock_hz=550000000 decimation=1
[SHELL] ccA:index,cycles,seq,id,iq,idref,iqref,theta,actangle,age_us,vdreq,vqreq,vd,vq,intd,intq,scale,bus
[SHELL] ccB:index,timer,valid,ia,ib,ic,du,dv,dw,active_u,active_v,active_w
[SHELL] ccA:16,2785820140,108654,0.705,0.016,0.000,0.000,3.85744,3.85744,16.81,-0.014,0.002,-0.014,0.002,0.000,0.002,1.00000,74.342
[SHELL] ccB:16,19317,1,-0.522,-0.150,0.672,50.016,50.002,49.984,49.998,49.993,50.007
[SHELL] ccA:17,2785921468,108654,0.705,0.016,0.000,0.000,3.85744,3.85378,201.06,-0.014,0.002,-0.014,0.002,-0.000,0.002,1.00000,74.342
[SHELL] ccB:17,2147523667,1,-0.522,-0.150,0.672,50.017,50.002,49.983,50.016,50.002,49.984
[SHELL] ccA:18,2786040144,108655,0.059,0.326,0.000,0.000,3.84855,3.84855,16.81,-0.002,-0.005,-0.002,-0.005,-0.000,0.002,1.00000,74.342
[SHELL] ccB:18,19319,1,0.167,-0.331,0.164,49.996,50.005,49.995,50.017,50.002,49.983
[SHELL] ccA:19,2786141472,108655,0.059,0.326,0.000,0.000,3.84855,3.84994,201.07,-0.002,-0.005,-0.002,-0.005,-0.000,0.002,1.00000,73.902
[SHELL] ccB:19,2147523665,1,0.167,-0.331,0.164,49.996,50.005,49.995,49.996,50.005,49.995
[SHELL] ccA:20,2786260100,108656,-1.007,-0.247,0.000,0.000,3.85194,3.85193,16.78,0.020,0.007,0.020,0.007,0.000,0.002,1.00000,74.342
[SHELL] ccB:20,19297,1,0.602,0.430,-1.032,49.978,49.979,50.022,49.996,50.005,49.995
[SHELL] ccA:21,2786361432,108656,-1.007,-0.247,0.000,0.000,3.85194,3.85858,201.02,0.021,0.007,0.021,0.007,0.001,0.002,1.00000,74.342
[SHELL] ccB:21,2147523685,1,0.602,0.430,-1.032,49.978,49.978,50.022,49.978,49.979,50.022
[SHELL] ccA:22,2786480108,108657,-0.499,-0.161,0.000,0.000,3.84738,3.84738,16.78,0.011,0.005,0.011,0.005,0.001,0.002,1.00000,74.342
[SHELL] ccB:22,19301,1,0.276,0.248,-0.524,49.990,49.987,50.013,49.978,49.978,50.022
[SHELL] ccA:23,2786581416,108657,-0.499,-0.161,0.000,0.000,3.84738,3.85224,201.01,0.011,0.005,0.011,0.005,0.001,0.002,1.00000,73.902
[SHELL] ccB:23,2147523693,1,0.276,0.248,-0.524,49.990,49.987,50.013,49.990,49.987,50.013
[SHELL] ccA:24,2786700108,108658,-0.391,-0.251,0.000,0.000,3.85728,3.85728,16.78,0.009,0.007,0.009,0.007,0.001,0.002,1.00000,73.902
[SHELL] ccB:24,19301,1,0.131,0.321,-0.452,49.996,49.986,50.014,49.990,49.987,50.013
[SHELL] ccA:25,2786801436,108658,-0.391,-0.251,0.000,0.000,3.85728,3.85221,201.01,0.009,0.007,0.009,0.007,0.002,0.003,1.00000,74.342
[SHELL] ccB:25,2147523683,1,0.131,0.321,-0.452,49.996,49.986,50.014,49.996,49.986,50.014
[SHELL] ccA:26,2786920136,108659,-0.517,0.545,0.000,0.000,3.85068,3.85067,16.78,0.012,-0.009,0.012,-0.009,0.002,0.002,1.00000,74.342
[SHELL] ccB:26,19315,1,0.747,-0.440,-0.307,49.984,50.013,50.016,49.996,49.986,50.014
[SHELL] ccA:27,2787021504,108659,-0.517,0.545,0.000,0.000,3.85068,3.85344,201.09,0.012,-0.009,0.012,-0.009,0.002,0.002,1.00000,74.342
[SHELL] ccB:27,2147523649,1,0.747,-0.440,-0.307,49.984,50.013,50.016,49.984,50.013,50.016
[SHELL] ccA:28,2787140160,108660,0.267,0.065,0.000,0.000,3.85465,3.85464,16.81,-0.003,0.001,-0.003,0.001,0.002,0.002,1.00000,74.342
[SHELL] ccB:28,19327,1,-0.159,-0.114,0.273,50.004,50.000,49.996,49.984,50.013,50.016
[SHELL] ccA:29,2787241420,108660,0.267,0.065,0.000,0.000,3.85465,3.85058,200.90,-0.004,0.001,-0.004,0.001,0.002,0.002,1.00000,74.342
[SHELL] ccB:29,2147523691,1,-0.159,-0.114,0.273,50.004,50.000,49.996,50.004,50.000,49.996
[SHELL] ccA:30,2787360108,108661,0.418,-0.259,0.000,0.000,3.85422,3.85421,16.78,-0.007,0.007,-0.007,0.007,0.002,0.002,1.00000,74.342
[SHELL] ccB:30,19301,1,-0.485,0.176,0.309,50.010,49.990,49.992,50.004,50.000,49.996
[SHELL] ccA:31,2787461424,108661,0.418,-0.259,0.000,0.000,3.85422,3.84784,201.00,-0.007,0.007,-0.007,0.007,0.001,0.002,1.00000,74.342
[SHELL] ccB:31,2147523689,1,-0.485,0.176,0.309,50.011,49.989,49.992,50.010,49.990,49.992
[SHELL] ctrlcap v1 armed=0 count=512 clock_hz=550000000 decimation=1
[SHELL] ccA:index,cycles,seq,id,iq,idref,iqref,theta,actangle,age_us,vdreq,vqreq,vd,vq,intd,intq,scale,bus
[SHELL] ccB:index,timer,valid,ia,ib,ic,du,dv,dw,active_u,active_v,active_w
[SHELL] ccA:32,2787580116,108662,0.554,0.120,0.000,0.000,3.85600,3.85599,16.78,-0.010,-0.000,-0.010,-0.000,0.001,0.002,1.00000,74.342
[SHELL] ccB:32,19305,1,-0.340,-0.223,0.563,50.011,50.005,49.989,50.011,49.989,49.992
[SHELL] ccA:33,2787681432,108662,0.554,0.120,0.000,0.000,3.85600,3.85252,201.02,-0.010,-0.000,-0.010,-0.000,0.001,0.002,1.00000,74.342
[SHELL] ccB:33,2147523685,1,-0.340,-0.223,0.563,50.012,50.005,49.988,50.011,50.005,49.989
[SHELL] ccA:34,2787800100,108663,-0.255,0.349,0.000,0.000,3.85292,3.85292,16.78,0.006,-0.005,0.006,-0.005,0.001,0.002,1.00000,74.342
[SHELL] ccB:34,19297,1,0.421,-0.295,-0.126,49.992,50.008,50.008,50.012,50.005,49.988
[SHELL] ccA:35,2787901432,108663,-0.255,0.349,0.000,0.000,3.85292,3.86073,201.02,0.006,-0.005,0.006,-0.005,0.001,0.002,1.00000,74.342
[SHELL] ccB:35,2147523685,1,0.421,-0.295,-0.126,49.992,50.008,50.008,49.992,50.008,50.008
[SHELL] ccA:36,2788020160,108664,-0.063,0.127,0.000,0.000,3.84705,3.84704,16.81,0.002,-0.001,0.002,-0.001,0.001,0.002,1.00000,74.342
[SHELL] ccB:36,19327,1,0.131,-0.114,-0.017,49.997,50.001,50.003,49.992,50.008,50.008
[SHELL] ccA:37,2788121412,108664,-0.063,0.127,0.000,0.000,3.84705,3.85850,200.90,0.002,-0.001,0.002,-0.001,0.001,0.002,1.00000,74.342
[SHELL] ccB:37,2147523695,1,0.131,-0.114,-0.017,49.997,50.001,50.003,49.997,50.001,50.003
[SHELL] ccA:38,2788240104,108665,-0.158,-0.039,0.000,0.000,3.85246,3.85246,16.78,0.004,0.002,0.004,0.002,0.001,0.002,1.00000,74.342
[SHELL] ccB:38,19299,1,0.095,0.067,-0.162,49.996,49.995,50.005,49.997,50.001,50.003
[SHELL] ccA:39,2788341460,108665,-0.158,-0.039,0.000,0.000,3.85246,3.85175,201.08,0.004,0.002,0.004,0.002,0.001,0.002,1.00000,74.342
[SHELL] ccB:39,2147523671,1,0.095,0.067,-0.162,49.996,49.995,50.005,49.996,49.995,50.005
[SHELL] ccA:40,2788460092,108666,0.431,0.033,0.000,0.000,3.85439,3.85439,16.78,-0.008,0.001,-0.008,0.001,0.001,0.002,1.00000,74.342
[SHELL] ccB:40,19293,1,-0.304,-0.114,0.418,50.009,50.001,49.991,49.996,49.995,50.005
[SHELL] ccA:41,2788561428,108666,0.431,0.033,0.000,0.000,3.85439,3.85280,201.00,-0.008,0.001,-0.008,0.001,0.001,0.002,1.00000,74.342
[SHELL] ccB:41,2147523687,1,-0.304,-0.114,0.418,50.009,50.001,49.991,50.009,50.001,49.991
[SHELL] ccA:42,2788680112,108667,-0.527,-0.191,0.000,0.000,3.85092,3.85092,16.78,0.012,0.005,0.012,0.005,0.001,0.002,1.00000,74.342
[SHELL] ccB:42,19303,1,0.276,0.285,-0.560,49.989,49.986,50.014,50.009,50.001,49.991
[SHELL] ccA:43,2788781436,108667,-0.527,-0.191,0.000,0.000,3.85092,3.85307,201.00,0.012,0.006,0.012,0.006,0.001,0.002,1.00000,74.342
[SHELL] ccB:43,2147523683,1,0.276,0.285,-0.560,49.989,49.986,50.014,49.989,49.986,50.014
[SHELL] ccA:44,2788900148,108668,0.544,0.933,0.000,0.000,3.85908,3.85907,16.78,-0.010,-0.017,-0.010,-0.017,0.001,0.001,1.00000,74.342
[SHELL] ccB:44,19321,1,0.203,-1.020,0.817,49.992,50.023,49.977,49.989,49.986,50.014
[SHELL] ccA:45,2789001500,108668,0.544,0.933,0.000,0.000,3.85908,3.85314,201.07,-0.010,-0.018,-0.010,-0.018,0.001,0.001,1.00000,74.342
[SHELL] ccB:45,2147523651,1,0.203,-1.020,0.817,49.992,50.023,49.977,49.992,50.023,49.977
[SHELL] ccA:46,2789120156,108669,0.321,-0.426,0.000,0.000,3.85658,3.85658,16.81,-0.006,0.010,-0.006,0.010,0.001,0.001,1.00000,74.342
[SHELL] ccB:46,19325,1,-0.522,0.357,0.164,50.013,49.987,49.995,49.992,50.023,49.977
[SHELL] ccA:47,2789221416,108669,0.321,-0.426,0.000,0.000,3.85658,3.85295,200.94,-0.006,0.010,-0.006,0.010,0.001,0.001,1.00000,74.342
[SHELL] ccB:47,2147523693,1,-0.522,0.357,0.164,50.013,49.987,49.995,50.013,49.987,49.995
[SHELL] ctrlcap v1 armed=0 count=512 clock_hz=550000000 decimation=1
[SHELL] ccA:index,cycles,seq,id,iq,idref,iqref,theta,actangle,age_us,vdreq,vqreq,vd,vq,intd,intq,scale,bus
[SHELL] ccB:index,timer,valid,ia,ib,ic,du,dv,dw,active_u,active_v,active_w
[SHELL] ccA:48,2789340104,108670,-0.049,-0.354,0.000,0.000,3.85720,3.85720,16.78,0.002,0.008,0.002,0.008,0.001,0.002,1.00000,74.342
[SHELL] ccB:48,19299,1,-0.195,0.357,-0.162,50.009,49.991,50.008,50.013,49.987,49.995
[SHELL] ccA:49,2789441424,108670,-0.049,-0.354,0.000,0.000,3.85720,3.85400,200.99,0.002,0.009,0.002,0.009,0.001,0.002,1.00000,74.342
[SHELL] ccB:49,2147523689,1,-0.195,0.357,-0.162,50.009,49.991,50.009,50.009,49.991,50.008
[SHELL] ccA:50,2789560124,108671,0.773,0.152,0.000,0.000,3.85505,3.85505,16.81,-0.015,-0.002,-0.015,-0.002,0.000,0.002,1.00000,74.342
[SHELL] ccB:50,19309,1,-0.485,-0.295,0.781,50.017,50.009,49.983,50.009,49.991,50.009
[SHELL] ccA:51,2789661452,108671,0.773,0.152,0.000,0.000,3.85505,3.84944,201.02,-0.016,-0.002,-0.016,-0.002,-0.000,0.002,1.00000,73.902
[SHELL] ccB:51,2147523675,1,-0.485,-0.295,0.781,50.018,50.009,49.982,50.017,50.009,49.983
[SHELL] ccA:52,2789780152,108672,0.268,-0.266,0.000,0.000,3.85049,3.85049,16.81,-0.006,0.007,-0.006,0.007,-0.000,0.002,1.00000,73.902
[SHELL] ccB:52,19323,1,-0.377,0.212,0.164,50.010,49.990,49.994,50.018,50.009,49.982
[SHELL] ccA:53,2789881436,108672,0.268,-0.266,0.000,0.000,3.85049,3.85197,200.99,-0.006,0.007,-0.006,0.007,-0.000,0.002,1.00000,74.342
[SHELL] ccB:53,2147523683,1,-0.377,0.212,0.164,50.010,49.990,49.994,50.010,49.990,49.994
[SHELL] ccA:54,2790000184,108673,-0.610,-0.394,0.000,0.000,3.85526,3.85526,16.81,0.012,0.010,0.012,0.010,-0.000,0.002,1.00000,74.342
[SHELL] ccB:54,19339,1,0.203,0.502,-0.705,49.995,49.982,50.018,50.010,49.990,49.994
[SHELL] ccA:55,2790101484,108673,-0.610,-0.394,0.000,0.000,3.85526,3.84618,201.02,0.012,0.010,0.012,0.010,0.000,0.002,1.00000,74.342
[SHELL] ccB:55,2147523659,1,0.203,0.502,-0.705,49.994,49.982,50.018,49.995,49.982,50.018
[SHELL] ccA:56,2790220124,108674,0.048,-0.078,0.000,0.000,3.85277,3.85277,16.81,-0.001,0.004,-0.001,0.004,0.000,0.002,1.00000,74.342
[SHELL] ccB:56,19309,1,-0.087,0.067,0.019,50.004,49.996,50.001,49.994,49.982,50.018
[SHELL] ccA:57,2790321432,108674,0.048,-0.078,0.000,0.000,3.85277,3.85372,200.98,-0.001,0.004,-0.001,0.004,0.000,0.002,1.00000,74.342
[SHELL] ccB:57,2147523685,1,-0.087,0.067,0.019,50.004,49.996,50.001,50.004,49.996,50.001
[SHELL] ccA:58,2790440132,108675,2.622,0.466,0.000,0.000,3.85327,3.85326,16.79,-0.054,-0.007,-0.054,-0.007,-0.001,0.002,1.00000,74.342
[SHELL] ccB:58,19313,1,-1.681,-0.948,2.629,50.060,50.035,49.940,50.004,49.996,50.001
[SHELL] ccA:59,2790541456,108675,2.622,0.466,0.000,0.000,3.85327,3.85286,201.01,-0.055,-0.008,-0.055,-0.008,-0.003,0.002,1.00000,74.342
[SHELL] ccB:59,2147523673,1,-1.681,-0.948,2.629,50.061,50.036,49.939,50.060,50.035,49.940
[SHELL] ccA:60,2790660116,108676,-0.213,0.010,0.000,0.000,3.85954,3.85954,16.78,0.002,0.001,0.002,0.001,-0.002,0.002,1.00000,74.342
[SHELL] ccB:60,19305,1,0.167,0.031,-0.198,49.999,49.997,50.003,50.061,50.036,49.939
[SHELL] ccA:61,2790761416,108676,-0.213,0.010,0.000,0.000,3.85954,3.85634,200.98,0.002,0.001,0.002,0.001,-0.002,0.002,1.00000,74.342
[SHELL] ccB:61,2147523693,1,0.167,0.031,-0.198,49.999,49.997,50.003,49.999,49.997,50.003
[SHELL] ccA:62,2790880100,108677,0.472,-0.086,0.000,0.000,3.85610,3.85610,16.78,-0.012,0.003,-0.012,0.003,-0.003,0.002,1.00000,74.342
[SHELL] ccB:62,19297,1,-0.413,-0.005,0.418,50.014,49.998,49.986,49.999,49.997,50.003
[SHELL] ccA:63,2790981464,108677,0.472,-0.086,0.000,0.000,3.85610,3.85246,201.06,-0.012,0.003,-0.012,0.003,-0.003,0.002,1.00000,74.342
[SHELL] ccB:63,2147523669,1,-0.413,-0.005,0.418,50.015,49.998,49.985,50.014,49.998,49.986
[SHELL] ctrlcap v1 armed=0 count=512 clock_hz=550000000 decimation=1
[SHELL] ccA:index,cycles,seq,id,iq,idref,iqref,theta,actangle,age_us,vdreq,vqreq,vd,vq,intd,intq,scale,bus
[SHELL] ccB:index,timer,valid,ia,ib,ic,du,dv,dw,active_u,active_v,active_w
[SHELL] ccA:64,2791100120,108678,-0.292,-0.751,0.000,0.000,3.85077,3.85077,16.81,0.003,0.017,0.003,0.017,-0.003,0.002,1.00000,74.342
[SHELL] ccB:64,19307,1,-0.268,0.792,-0.524,50.018,49.982,50.018,50.015,49.998,49.985
[SHELL] ccA:65,2791201412,108678,-0.292,-0.751,0.000,0.000,3.85077,3.83820,200.98,0.003,0.018,0.003,0.018,-0.003,0.003,1.00000,74.342
[SHELL] ccB:65,2147523695,1,-0.268,0.792,-0.524,50.018,49.982,50.018,50.018,49.982,50.018
[SHELL] ccA:66,2791320144,108679,0.539,0.604,0.000,0.000,3.85203,3.85203,16.78,-0.014,-0.010,-0.014,-0.010,-0.003,0.002,1.00000,74.342
[SHELL] ccB:66,19319,1,-0.014,-0.694,0.708,50.008,50.019,49.981,50.018,49.982,50.018
[SHELL] ccA:67,2791421456,108679,0.539,0.604,0.000,0.000,3.85203,3.85341,201.00,-0.014,-0.010,-0.014,-0.010,-0.003,0.002,1.00000,74.342
[SHELL] ccB:67,2147523673,1,-0.014,-0.694,0.708,50.008,50.020,49.980,50.008,50.019,49.981
[SHELL] ccA:68,2791540088,108680,-0.213,-0.323,0.000,0.000,3.85529,3.85528,16.78,0.001,0.009,0.001,0.009,-0.003,0.002,1.00000,74.342
[SHELL] ccB:68,19291,1,-0.050,0.357,-0.307,50.009,49.991,50.008,50.008,50.020,49.980
[SHELL] ccA:69,2791641428,108680,-0.213,-0.323,0.000,0.000,3.85529,3.85483,201.01,0.001,0.009,0.001,0.009,-0.003,0.002,1.00000,74.342
[SHELL] ccB:69,2147523687,1,-0.050,0.357,-0.307,50.009,49.991,50.008,50.009,49.991,50.008
[SHELL] ccA:70,2791760148,108681,-0.270,0.276,0.000,0.000,3.84664,3.84664,16.81,0.003,-0.003,0.003,-0.003,-0.003,0.002,1.00000,74.342
[SHELL] ccB:70,19321,1,0.384,-0.223,-0.162,49.995,50.005,50.003,50.009,49.991,50.008
[SHELL] ccA:71,2791861436,108681,-0.270,0.276,0.000,0.000,3.84664,3.85717,200.96,0.003,-0.004,0.003,-0.004,-0.003,0.002,1.00000,74.342
[SHELL] ccB:71,2147523683,1,0.384,-0.223,-0.162,49.995,50.005,50.003,49.995,50.005,50.003
[SHELL] ccA:72,2791980108,108682,0.281,-0.084,0.000,0.000,3.84886,3.84886,16.78,-0.008,0.004,-0.008,0.004,-0.003,0.002,1.00000,74.342
[SHELL] ccB:72,19301,1,-0.268,0.031,0.237,50.010,49.996,49.990,49.995,50.005,50.003
[SHELL] ccA:73,2792081408,108682,0.281,-0.084,0.000,0.000,3.84886,3.85261,200.99,-0.008,0.004,-0.008,0.004,-0.003,0.002,1.00000,73.902
[SHELL] ccB:73,2147523697,1,-0.268,0.031,0.237,50.011,49.996,49.989,50.010,49.996,49.990
[SHELL] ccA:74,2792200140,108683,0.086,0.690,0.000,0.000,3.85197,3.85196,16.78,-0.005,-0.012,-0.005,-0.012,-0.003,0.002,1.00000,74.342
[SHELL] ccB:74,19317,1,0.384,-0.694,0.309,49.991,50.014,49.986,50.011,49.996,49.989
[SHELL] ccA:75,2792301480,108683,0.086,0.690,0.000,0.000,3.85197,3.85064,201.06,-0.005,-0.012,-0.005,-0.012,-0.003,0.001,1.00000,74.342
[SHELL] ccB:75,2147523661,1,0.384,-0.694,0.309,49.991,50.015,49.985,49.991,50.014,49.986
[SHELL] ccA:76,2792420100,108684,0.513,0.022,0.000,0.000,3.84652,3.84652,16.78,-0.013,0.001,-0.013,0.001,-0.003,0.001,1.00000,74.342
[SHELL] ccB:76,19297,1,-0.377,-0.114,0.491,50.016,50.003,49.984,49.991,50.015,49.985
[SHELL] ccA:77,2792521464,108684,0.513,0.022,0.000,0.000,3.84652,3.85206,201.07,-0.014,0.001,-0.014,0.001,-0.003,0.001,1.00000,74.342
[SHELL] ccB:77,2147523669,1,-0.377,-0.114,0.491,50.016,50.003,49.984,50.016,50.003,49.984
[SHELL] ccA:78,2792640108,108685,0.335,0.421,0.000,0.000,3.85492,3.85491,16.78,-0.010,-0.007,-0.010,-0.007,-0.004,0.001,1.00000,74.342
[SHELL] ccB:78,19301,1,0.022,-0.476,0.454,50.006,50.014,49.986,50.016,50.003,49.984
[SHELL] ccA:79,2792741416,108685,0.335,0.421,0.000,0.000,3.85492,3.85179,200.99,-0.010,-0.008,-0.010,-0.008,-0.004,0.001,1.00000,74.342
[SHELL] ccB:79,2147523693,1,0.022,-0.476,0.454,50.006,50.015,49.985,50.006,50.014,49.986
[SHELL] ctrlcap v1 armed=0 count=512 clock_hz=550000000 decimation=1
[SHELL] ccA:index,cycles,seq,id,iq,idref,iqref,theta,actangle,age_us,vdreq,vqreq,vd,vq,intd,intq,scale,bus
[SHELL] ccB:index,timer,valid,ia,ib,ic,du,dv,dw,active_u,active_v,active_w
[SHELL] ccA:80,2792860156,108686,0.623,0.476,0.000,0.000,3.85538,3.85538,16.81,-0.017,-0.009,-0.017,-0.009,-0.004,0.001,1.00000,74.342
[SHELL] ccB:80,19325,1,-0.159,-0.585,0.744,50.014,50.020,49.980,50.006,50.015,49.985
[SHELL] ccA:81,2792961476,108686,0.623,0.476,0.000,0.000,3.85538,3.85763,201.10,-0.017,-0.009,-0.017,-0.009,-0.004,0.001,1.00000,74.342
[SHELL] ccB:81,2147523663,1,-0.159,-0.585,0.744,50.014,50.021,49.979,50.014,50.020,49.980
[SHELL] ccA:82,2793080092,108687,0.240,0.143,0.000,0.000,3.85844,3.85843,16.78,-0.009,-0.003,-0.009,-0.003,-0.005,0.000,1.00000,74.342
[SHELL] ccB:82,19293,1,-0.087,-0.186,0.273,50.010,50.009,49.990,50.014,50.021,49.979
[SHELL] ccA:83,2793181452,108687,0.240,0.143,0.000,0.000,3.85844,3.84990,201.04,-0.009,-0.003,-0.009,-0.003,-0.005,0.000,1.00000,74.342
[SHELL] ccB:83,2147523675,1,-0.087,-0.186,0.273,50.010,50.009,49.990,50.010,50.009,49.990
[SHELL] ccA:84,2793300120,108688,0.131,-0.314,0.000,0.000,3.85129,3.85129,16.81,-0.007,0.007,-0.007,0.007,-0.005,0.001,1.00000,74.342
[SHELL] ccB:84,19307,1,-0.304,0.285,0.019,50.010,49.990,49.991,50.010,50.009,49.990
[SHELL] ccA:85,2793401404,108688,0.131,-0.314,0.000,0.000,3.85129,3.85120,200.97,-0.007,0.007,-0.007,0.007,-0.005,0.001,1.00000,74.342
[SHELL] ccB:85,2147523699,1,-0.304,0.285,0.019,50.010,49.990,49.991,50.010,49.990,49.991
[SHELL] ccA:86,2793520132,108689,-0.418,-0.063,0.000,0.000,3.85154,3.85154,16.81,0.004,0.002,0.004,0.002,-0.005,0.001,1.00000,74.342
[SHELL] ccB:86,19313,1,0.276,0.140,-0.415,49.997,49.995,50.005,50.010,49.990,49.991
[SHELL] ccA:87,2793621456,108689,-0.418,-0.063,0.000,0.000,3.85154,3.85018,201.05,0.004,0.002,0.004,0.002,-0.004,0.001,1.00000,74.342
[SHELL] ccB:87,2147523673,1,0.276,0.140,-0.415,49.996,49.995,50.005,49.997,49.995,50.005
[SHELL] ccA:88,2793740116,108690,0.500,-0.053,0.000,0.000,3.85354,3.85354,16.78,-0.015,0.002,-0.015,0.002,-0.005,0.001,1.00000,74.342
[SHELL] ccB:88,19305,1,-0.413,-0.041,0.454,50.017,50.002,49.983,49.996,49.995,50.005
[SHELL] ccA:89,2793841460,108690,0.500,-0.053,0.000,0.000,3.85354,3.84935,201.07,-0.015,0.002,-0.015,0.002,-0.005,0.001,1.00000,74.342
[SHELL] ccB:89,2147523671,1,-0.413,-0.041,0.454,50.017,50.002,49.983,50.017,50.002,49.983
[SHELL] ccA:90,2793960092,108691,-0.062,-0.315,0.000,0.000,3.85339,3.85338,16.78,-0.004,0.007,-0.004,0.007,-0.005,0.001,1.00000,74.342
[SHELL] ccB:90,19293,1,-0.159,0.321,-0.162,50.009,49.991,49.998,50.017,50.002,49.983
[SHELL] ccA:91,2794061428,108691,-0.062,-0.315,0.000,0.000,3.85339,3.84763,201.01,-0.004,0.007,-0.004,0.007,-0.005,0.001,1.00000,74.342
[SHELL] ccB:91,2147523687,1,-0.159,0.321,-0.162,50.009,49.991,49.998,50.009,49.991,49.998
[SHELL] ccA:92,2794180124,108692,0.485,-0.237,0.000,0.000,3.85852,3.85852,16.81,-0.015,0.006,-0.015,0.006,-0.005,0.001,1.00000,74.342
[SHELL] ccB:92,19309,1,-0.522,0.140,0.382,50.018,49.994,49.982,50.009,49.991,49.998
[SHELL] ccA:93,2794281416,108692,0.485,-0.237,0.000,0.000,3.85852,3.84941,200.99,-0.015,0.006,-0.015,0.006,-0.005,0.001,1.00000,74.342
[SHELL] ccB:93,2147523693,1,-0.522,0.140,0.382,50.018,49.994,49.982,50.018,49.994,49.982
[SHELL] ccA:94,2794400104,108693,-0.624,-0.024,0.000,0.000,3.85222,3.85221,16.78,0.007,0.002,0.007,0.002,-0.005,0.001,1.00000,74.342
[SHELL] ccB:94,19299,1,0.457,0.140,-0.597,49.992,49.994,50.008,50.018,49.994,49.982
[SHELL] ccA:95,2794501424,108693,-0.624,-0.024,0.000,0.000,3.85222,3.84436,201.00,0.008,0.002,0.008,0.002,-0.005,0.001,1.00000,74.342
[SHELL] ccB:95,2147523689,1,0.457,0.140,-0.597,49.991,49.994,50.009,49.992,49.994,50.008
[SHELL] ctrlcap v1 armed=0 count=512 clock_hz=550000000 decimation=1
[SHELL] ccA:index,cycles,seq,id,iq,idref,iqref,theta,actangle,age_us,vdreq,vqreq,vd,vq,intd,intq,scale,bus
[SHELL] ccB:index,timer,valid,ia,ib,ic,du,dv,dw,active_u,active_v,active_w
[SHELL] ccA:96,2794620144,108694,0.144,-0.133,0.000,0.000,3.85219,3.85218,16.81,-0.008,0.004,-0.008,0.004,-0.005,0.001,1.00000,74.342
[SHELL] ccB:96,19319,1,-0.195,0.104,0.092,50.010,49.995,49.990,49.991,49.994,50.009
[SHELL] ccA:97,2794721436,108694,0.144,-0.133,0.000,0.000,3.85219,3.85378,200.96,-0.008,0.004,-0.008,0.004,-0.005,0.002,1.00000,74.342
[SHELL] ccB:97,2147523683,1,-0.195,0.104,0.092,50.010,49.995,49.990,50.010,49.995,49.990
[SHELL] ccA:98,2794840112,108695,-0.363,-0.110,0.000,0.000,3.85443,3.85443,16.78,0.003,0.004,0.003,0.004,-0.005,0.002,1.00000,74.342
[SHELL] ccB:98,19303,1,0.203,0.176,-0.379,50.001,49.995,50.005,50.010,49.995,49.990
[SHELL] ccA:99,2794941480,108695,-0.363,-0.110,0.000,0.000,3.85443,3.84686,201.10,0.003,0.004,0.003,0.004,-0.004,0.002,1.00000,73.902
[SHELL] ccB:99,2147523661,1,0.203,0.176,-0.379,50.001,49.995,50.005,50.001,49.995,50.005
[SHELL] ccA:100,2795062820,108696,0.252,0.326,0.000,0.000,3.85298,3.85298,19.67,-0.010,-0.005,-0.010,-0.005,-0.005,0.002,1.00000,73.902
[SHELL] ccB:100,20657,1,0.022,-0.368,0.346,50.008,50.012,49.988,50.001,49.995,50.005
[SHELL] ccA:101,2795161424,108696,0.252,0.326,0.000,0.000,3.85298,3.84818,198.96,-0.010,-0.005,-0.010,-0.005,-0.005,0.001,1.00000,73.902
[SHELL] ccB:101,2147523689,1,0.022,-0.368,0.346,50.008,50.012,49.988,50.008,50.012,49.988
[SHELL] ccA:102,2795280116,108697,-0.418,0.052,0.000,0.000,3.86347,3.86346,16.78,0.004,0.000,0.004,0.000,-0.004,0.001,1.00000,73.902
[SHELL] ccB:102,19305,1,0.348,0.031,-0.379,49.996,49.998,50.004,50.008,50.012,49.988
[SHELL] ccA:103,2795381460,108697,-0.418,0.052,0.000,0.000,3.86347,3.85123,201.06,0.004,0.000,0.004,0.000,-0.004,0.001,1.00000,73.902
[SHELL] ccB:103,2147523671,1,0.348,0.031,-0.379,49.995,49.998,50.005,49.996,49.998,50.004
[SHELL] ccA:104,2795500100,108698,0.021,-0.220,0.000,0.000,3.85034,3.85033,16.78,-0.005,0.006,-0.005,0.006,-0.004,0.001,1.00000,74.342
[SHELL] ccB:104,19297,1,-0.159,0.212,-0.053,50.008,49.992,49.995,49.995,49.998,50.005
[SHELL] ccA:105,2795601436,108698,0.021,-0.220,0.000,0.000,3.85034,3.85162,201.02,-0.005,0.006,-0.005,0.006,-0.004,0.002,1.00000,74.342
[SHELL] ccB:105,2147523683,1,-0.159,0.212,-0.053,50.008,49.992,49.995,50.008,49.992,49.995
[SHELL] ccA:106,2795720104,108699,0.470,0.360,0.000,0.000,3.85077,3.85076,16.78,-0.014,-0.006,-0.014,-0.006,-0.005,0.001,1.00000,74.342
[SHELL] ccB:106,19299,1,-0.123,-0.440,0.563,50.013,50.016,49.984,50.008,49.992,49.995
[SHELL] ccA:107,2795821416,108699,0.470,0.360,0.000,0.000,3.85077,3.85117,200.99,-0.014,-0.006,-0.014,-0.006,-0.005,0.001,1.00000,74.342
[SHELL] ccB:107,2147523693,1,-0.123,-0.440,0.563,50.014,50.016,49.984,50.013,50.016,49.984
[SHELL] ccA:108,2795940176,108700,0.130,-0.094,0.000,0.000,3.85633,3.85633,16.81,-0.007,0.003,-0.007,0.003,-0.005,0.001,1.00000,74.342
[SHELL] ccB:108,19335,1,-0.159,0.067,0.092,50.009,49.997,49.991,50.014,50.016,49.984
[SHELL] ccA:109,2796041444,108700,0.130,-0.094,0.000,0.000,3.85633,3.84963,200.93,-0.007,0.003,-0.007,0.003,-0.005,0.001,1.00000,74.342
[SHELL] ccB:109,2147523679,1,-0.159,0.067,0.092,50.009,49.997,49.991,50.009,49.997,49.991
[SHELL] ccA:110,2796160092,108701,1.129,-0.105,0.000,0.000,3.85816,3.85815,16.78,-0.028,0.003,-0.028,0.003,-0.005,0.001,1.00000,74.342
[SHELL] ccB:110,19293,1,-0.920,-0.114,1.034,50.033,50.004,49.967,50.009,49.997,49.991
[SHELL] ccA:111,2796261432,108701,1.129,-0.105,0.000,0.000,3.85816,3.85319,201.02,-0.029,0.003,-0.029,0.003,-0.006,0.001,1.00000,74.342
[SHELL] ccB:111,2147523685,1,-0.920,-0.114,1.034,50.033,50.004,49.967,50.033,50.004,49.967
[SHELL] ctrlcap v1 armed=0 count=512 clock_hz=550000000 decimation=1
[SHELL] ccA:index,cycles,seq,id,iq,idref,iqref,theta,actangle,age_us,vdreq,vqreq,vd,vq,intd,intq,scale,bus
[SHELL] ccB:index,timer,valid,ia,ib,ic,du,dv,dw,active_u,active_v,active_w
[SHELL] ccA:112,2796380136,108702,-0.596,0.232,0.000,0.000,3.85712,3.85712,16.81,0.006,-0.004,0.006,-0.004,-0.006,0.001,1.00000,74.342
[SHELL] ccB:112,19315,1,0.602,-0.114,-0.488,49.992,50.005,50.008,50.033,50.004,49.967
[SHELL] ccA:113,2796481436,108702,-0.596,0.232,0.000,0.000,3.85712,3.85501,200.99,0.006,-0.004,0.006,-0.004,-0.005,0.001,1.00000,74.342
[SHELL] ccB:113,2147523683,1,0.602,-0.114,-0.488,49.992,50.005,50.008,49.992,50.005,50.008
[SHELL] ccA:114,2796600108,108703,-0.074,-0.166,0.000,0.000,3.84208,3.84208,16.78,-0.004,0.004,-0.004,0.004,-0.005,0.001,1.00000,74.342
[SHELL] ccB:114,19301,1,-0.050,0.176,-0.126,50.006,49.994,49.996,49.992,50.005,50.008
[SHELL] ccA:115,2796701412,108703,-0.074,-0.166,0.000,0.000,3.84208,3.85092,201.00,-0.004,0.004,-0.004,0.004,-0.005,0.001,1.00000,74.342
[SHELL] ccB:115,2147523695,1,-0.050,0.176,-0.126,50.006,49.994,49.996,50.006,49.994,49.996
[SHELL] ccA:116,2796820112,108704,0.047,-0.078,0.000,0.000,3.85717,3.85717,16.78,-0.006,0.003,-0.006,0.003,-0.005,0.001,1.00000,74.342
[SHELL] ccB:116,19303,1,-0.087,0.067,0.019,50.008,49.997,49.992,50.006,49.994,49.996
[SHELL] ccA:117,2796921464,108704,0.047,-0.078,0.000,0.000,3.85717,3.84695,201.07,-0.006,0.003,-0.006,0.003,-0.005,0.001,1.00000,74.342
[SHELL] ccB:117,2147523669,1,-0.087,0.067,0.019,50.008,49.997,49.992,50.008,49.997,49.992
[SHELL] ccA:118,2797040160,108705,0.570,0.854,0.000,0.000,3.85748,3.85747,16.81,-0.017,-0.016,-0.017,-0.016,-0.006,0.001,1.00000,74.342
[SHELL] ccB:118,19327,1,0.131,-0.948,0.817,50.004,50.027,49.973,50.008,49.997,49.992
[SHELL] ccA:119,2797141468,108705,0.570,0.854,0.000,0.000,3.85748,3.85117,200.97,-0.017,-0.017,-0.017,-0.017,-0.006,0.001,1.00000,74.342
[SHELL] ccB:119,2147523667,1,0.131,-0.948,0.817,50.005,50.028,49.972,50.004,50.027,49.973
[SHELL] ccA:120,2797260108,108706,0.417,-0.039,0.000,0.000,3.85787,3.85786,16.78,-0.015,0.001,-0.015,0.001,-0.006,0.001,1.00000,74.342
[SHELL] ccB:120,19301,1,-0.340,-0.041,0.382,50.017,50.003,49.983,50.005,50.028,49.972
[SHELL] ccA:121,2797361412,108706,0.417,-0.039,0.000,0.000,3.85787,3.84399,201.00,-0.015,0.001,-0.015,0.001,-0.006,0.001,1.00000,74.342
[SHELL] ccB:121,2147523695,1,-0.340,-0.041,0.382,50.017,50.003,49.983,50.017,50.003,49.983
[SHELL] ccA:122,2797480108,108707,-0.282,0.206,0.000,0.000,3.85191,3.85190,16.78,-0.001,-0.004,-0.001,-0.004,-0.006,0.000,1.00000,74.342
[SHELL] ccB:122,19301,1,0.348,-0.150,-0.198,49.996,50.004,49.996,50.017,50.003,49.983
[SHELL] ccA:123,2797581424,108707,-0.282,0.206,0.000,0.000,3.85191,3.84751,201.00,-0.000,-0.004,-0.000,-0.004,-0.006,0.000,1.00000,74.342
[SHELL] ccB:123,2147523689,1,0.348,-0.150,-0.198,49.996,50.004,49.996,49.996,50.004,49.996
[SHELL] ccA:124,2797700152,108708,0.390,0.152,0.000,0.000,3.85489,3.85489,16.81,-0.014,-0.003,-0.014,-0.003,-0.006,0.000,1.00000,74.342
[SHELL] ccB:124,19323,1,-0.195,-0.223,0.418,50.015,50.011,49.985,49.996,50.004,49.996
[SHELL] ccA:125,2797801460,108708,0.390,0.152,0.000,0.000,3.85489,3.85331,201.02,-0.014,-0.003,-0.014,-0.003,-0.007,0.000,1.00000,74.342
[SHELL] ccB:125,2147523671,1,-0.195,-0.223,0.418,50.016,50.011,49.984,50.015,50.011,49.985
[SHELL] ccA:126,2797920112,108709,-0.129,-0.229,0.000,0.000,3.84963,3.84963,16.78,-0.004,0.005,-0.004,0.005,-0.006,0.000,1.00000,74.342
[SHELL] ccB:126,19303,1,-0.050,0.248,-0.198,50.007,49.993,49.996,50.016,50.011,49.984
[SHELL] ccA:127,2798021440,108709,-0.129,-0.229,0.000,0.000,3.84963,3.84938,200.99,-0.004,0.005,-0.004,0.005,-0.006,0.000,1.00000,73.902
[SHELL] ccB:127,2147523681,1,-0.050,0.248,-0.198,50.007,49.993,49.996,50.007,49.993,49.996
[SHELL] ctrlcap v1 armed=0 count=512 clock_hz=550000000 decimation=1
[SHELL] ccA:index,cycles,seq,id,iq,idref,iqref,theta,actangle,age_us,vdreq,vqreq,vd,vq,intd,intq,scale,bus
[SHELL] ccB:index,timer,valid,ia,ib,ic,du,dv,dw,active_u,active_v,active_w
[SHELL] ccA:128,2798140148,108710,-0.144,0.033,0.000,0.000,3.85516,3.85516,16.81,-0.003,-0.000,-0.003,-0.000,-0.006,0.000,1.00000,74.342
[SHELL] ccB:128,19321,1,0.131,-0.005,-0.126,50.004,50.002,49.996,50.007,49.993,49.996
[SHELL] ccA:129,2798241424,108710,-0.144,0.033,0.000,0.000,3.85516,3.85351,200.99,-0.003,-0.000,-0.003,-0.000,-0.006,0.000,1.00000,74.342
[SHELL] ccB:129,2147523689,1,0.131,-0.005,-0.126,50.004,50.002,49.996,50.004,50.002,49.996
[SHELL] ccA:130,2798360160,108711,-0.487,0.136,0.000,0.000,3.85488,3.85488,16.84,0.004,-0.003,0.004,-0.003,-0.006,0.000,1.00000,74.342
[SHELL] ccB:130,19327,1,0.457,-0.041,-0.415,49.995,50.004,50.005,50.004,50.002,49.996
[SHELL] ccA:131,2798461444,108711,-0.487,0.136,0.000,0.000,3.85488,3.85415,201.01,0.004,-0.003,0.004,-0.003,-0.006,0.000,1.00000,73.902
[SHELL] ccB:131,2147523679,1,0.457,-0.041,-0.415,49.995,50.004,50.005,49.995,50.004,50.005
[SHELL] ccA:132,2798580124,108712,0.416,0.186,0.000,0.000,3.84923,3.84923,16.81,-0.014,-0.004,-0.014,-0.004,-0.006,0.000,1.00000,73.902
[SHELL] ccB:132,19309,1,-0.195,-0.259,0.454,50.016,50.013,49.984,49.995,50.004,50.005
[SHELL] ccA:133,2798681436,108712,0.416,0.186,0.000,0.000,3.84923,3.84994,201.00,-0.014,-0.004,-0.014,-0.004,-0.006,0.000,1.00000,74.342
[SHELL] ccB:133,2147523683,1,-0.195,-0.259,0.454,50.016,50.013,49.984,50.016,50.013,49.984
[SHELL] ccA:134,2798800120,108713,-0.446,0.016,0.000,0.000,3.85219,3.85218,16.78,0.003,-0.000,0.003,-0.000,-0.006,0.000,1.00000,74.342
[SHELL] ccB:134,19307,1,0.348,0.067,-0.415,49.996,50.000,50.004,50.016,50.013,49.984
[SHELL] ccA:135,2798901492,108713,-0.446,0.016,0.000,0.000,3.85219,3.84594,201.09,0.003,-0.000,0.003,-0.000,-0.006,0.000,1.00000,74.342
[SHELL] ccB:135,2147523655,1,0.348,0.067,-0.415,49.996,50.000,50.004,49.996,50.000,50.004
[SHELL] ccA:136,2799020104,108714,0.226,0.183,0.000,0.000,3.85674,3.85673,16.78,-0.010,-0.004,-0.010,-0.004,-0.006,-0.000,1.00000,73.902
[SHELL] ccB:136,19299,1,-0.050,-0.223,0.273,50.011,50.011,49.989,49.996,50.000,50.004
[SHELL] ccA:137,2799121456,108714,0.226,0.183,0.000,0.000,3.85674,3.85157,201.06,-0.010,-0.004,-0.010,-0.004,-0.006,-0.000,1.00000,74.342
[SHELL] ccB:137,2147523673,1,-0.050,-0.223,0.273,50.011,50.011,49.989,50.011,50.011,49.989
[SHELL] ccA:138,2799240092,108715,0.021,-0.109,0.000,0.000,3.84818,3.84818,16.78,-0.006,0.002,-0.006,0.002,-0.006,-0.000,1.00000,74.342
[SHELL] ccB:138,19293,1,-0.087,0.104,-0.017,50.008,49.998,49.992,50.011,50.011,49.989
[SHELL] ccA:139,2799341428,108715,0.021,-0.109,0.000,0.000,3.84818,3.85338,201.00,-0.006,0.002,-0.006,0.002,-0.006,-0.000,1.00000,74.342
[SHELL] ccB:139,2147523687,1,-0.087,0.104,-0.017,50.008,49.998,49.992,50.008,49.998,49.992
[SHELL] ccA:140,2799460136,108716,-1.225,-1.605,0.000,0.000,3.85439,3.85439,16.81,0.019,0.033,0.019,0.033,-0.005,0.001,1.00000,74.342
[SHELL] ccB:140,19315,1,-0.123,1.807,-1.684,50.014,49.957,50.043,50.008,49.998,49.992
[SHELL] ccA:141,2799561432,108716,-1.225,-1.605,0.000,0.000,3.85439,3.84941,200.97,0.020,0.034,0.020,0.034,-0.005,0.002,1.00000,74.342
[SHELL] ccB:141,2147523685,1,-0.123,1.807,-1.684,50.014,49.955,50.045,50.014,49.957,50.043
[SHELL] ccA:142,2799680140,108717,0.389,0.595,0.000,0.000,3.85437,3.85437,16.78,-0.013,-0.011,-0.013,-0.011,-0.005,0.001,1.00000,74.342
[SHELL] ccB:142,19317,1,0.095,-0.658,0.563,50.005,50.019,49.981,50.014,49.955,50.045
[SHELL] ccA:143,2799781456,108717,0.389,0.595,0.000,0.000,3.85437,3.84898,200.99,-0.013,-0.011,-0.013,-0.011,-0.005,0.001,1.00000,74.342
[SHELL] ccB:143,2147523673,1,0.095,-0.658,0.563,50.005,50.020,49.980,50.005,50.019,49.981
[SHELL] ctrlcap v1 armed=0 count=512 clock_hz=550000000 decimation=1
[SHELL] ccA:index,cycles,seq,id,iq,idref,iqref,theta,actangle,age_us,vdreq,vqreq,vd,vq,intd,intq,scale,bus
[SHELL] ccB:index,timer,valid,ia,ib,ic,du,dv,dw,active_u,active_v,active_w
[SHELL] ccA:144,2799900156,108718,-0.322,-0.228,0.000,0.000,3.85366,3.85365,16.81,0.001,0.006,0.001,0.006,-0.005,0.001,1.00000,74.342
[SHELL] ccB:144,19325,1,0.095,0.285,-0.379,50.005,49.994,50.006,50.005,50.020,49.980
[SHELL] ccA:145,2800001428,108718,-0.322,-0.228,0.000,0.000,3.85366,3.85609,200.95,0.002,0.006,0.002,0.006,-0.005,0.001,1.00000,74.342
[SHELL] ccB:145,2147523687,1,0.095,0.285,-0.379,50.005,49.994,50.006,50.005,49.994,50.006
[SHELL] ccA:146,2800120128,108719,0.199,0.262,0.000,0.000,3.85685,3.85685,16.81,-0.009,-0.004,-0.009,-0.004,-0.005,0.001,1.00000,74.342
[SHELL] ccB:146,19311,1,0.022,-0.295,0.273,50.008,50.011,49.989,50.005,49.994,50.006
[SHELL] ccA:147,2800221428,108719,0.199,0.262,0.000,0.000,3.85685,3.85516,200.99,-0.009,-0.004,-0.009,-0.004,-0.005,0.001,1.00000,74.342
[SHELL] ccB:147,2147523687,1,0.022,-0.295,0.273,50.008,50.011,49.989,50.008,50.011,49.989
[SHELL] ccA:148,2800340108,108720,0.168,-0.324,0.000,0.000,3.86260,3.86259,16.78,-0.008,0.007,-0.008,0.007,-0.005,0.001,1.00000,74.342
[SHELL] ccB:148,19301,1,-0.340,0.285,0.056,50.011,49.989,49.989,50.008,50.011,49.989
[SHELL] ccA:149,2800441440,108720,0.168,-0.324,0.000,0.000,3.86260,3.85656,201.04,-0.009,0.008,-0.009,0.008,-0.005,0.001,1.00000,74.342
[SHELL] ccB:149,2147523681,1,-0.340,0.285,0.056,50.012,49.988,49.989,50.011,49.989,49.989
[SHELL] ccA:150,2800560144,108721,1.088,0.462,0.000,0.000,3.85404,3.85403,16.81,-0.027,-0.008,-0.027,-0.008,-0.006,0.001,1.00000,74.342
[SHELL] ccB:150,19319,1,-0.522,-0.658,1.179,50.030,50.027,49.970,50.012,49.988,49.989
[SHELL] ccA:151,2800661424,108721,1.088,0.462,0.000,0.000,3.85404,3.85369,200.97,-0.028,-0.009,-0.028,-0.009,-0.006,0.001,1.00000,74.342
[SHELL] ccB:151,2147523689,1,-0.522,-0.658,1.179,50.030,50.028,49.970,50.030,50.027,49.970
[SHELL] ccA:152,2800780132,108722,0.662,0.581,0.000,0.000,3.85228,3.85227,16.78,-0.020,-0.011,-0.020,-0.011,-0.007,0.001,1.00000,74.342
[SHELL] ccB:152,19313,1,-0.123,-0.694,0.817,50.016,50.025,49.975,50.030,50.028,49.970
[SHELL] ccA:153,2800881512,108722,0.662,0.581,0.000,0.000,3.85228,3.85528,201.10,-0.020,-0.012,-0.020,-0.012,-0.007,0.000,1.00000,74.342
[SHELL] ccB:153,2147523645,1,-0.123,-0.694,0.817,50.015,50.026,49.974,50.016,50.025,49.975
[SHELL] ccA:154,2801000112,108723,0.649,0.180,0.000,0.000,3.84784,3.84784,16.78,-0.020,-0.004,-0.020,-0.004,-0.007,0.000,1.00000,74.342
[SHELL] ccB:154,19303,1,-0.377,-0.295,0.672,50.022,50.015,49.978,50.015,50.026,49.974
[SHELL] ccA:155,2801101436,108723,0.649,0.180,0.000,0.000,3.84784,3.84284,200.99,-0.021,-0.004,-0.021,-0.004,-0.008,0.000,1.00000,73.902
[SHELL] ccB:155,2147523683,1,-0.377,-0.295,0.672,50.023,50.015,49.977,50.022,50.015,49.978
[SHELL] ccA:156,2801220140,108724,2.744,-0.461,0.000,0.000,3.85962,3.85961,16.79,-0.064,0.009,-0.064,0.009,-0.009,0.000,1.00000,73.902
[SHELL] ccB:156,19317,1,-2.370,-0.078,2.448,50.075,50.006,49.925,50.023,50.015,49.977
[SHELL] ccA:157,2801321408,108724,2.744,-0.461,0.000,0.000,3.85962,3.84873,200.96,-0.065,0.010,-0.065,0.010,-0.010,0.001,1.00000,73.902
[SHELL] ccB:157,2147523697,1,-2.370,-0.078,2.448,50.077,50.005,49.923,50.075,50.006,49.925
[SHELL] ccA:158,2801440108,108725,0.294,0.207,0.000,0.000,3.85578,3.85578,16.78,-0.016,-0.004,-0.016,-0.004,-0.010,0.000,1.00000,73.902
[SHELL] ccB:158,19301,1,-0.087,-0.259,0.346,50.018,50.014,49.982,50.077,50.005,49.923
[SHELL] ccA:159,2801541432,108725,0.294,0.207,0.000,0.000,3.85578,3.83927,201.01,-0.016,-0.004,-0.016,-0.004,-0.011,0.000,1.00000,73.902
[SHELL] ccB:159,2147523685,1,-0.087,-0.259,0.346,50.018,50.014,49.982,50.018,50.014,49.982
[SHELL] ctrlcap v1 armed=0 count=512 clock_hz=550000000 decimation=1
[SHELL] ccA:index,cycles,seq,id,iq,idref,iqref,theta,actangle,age_us,vdreq,vqreq,vd,vq,intd,intq,scale,bus
[SHELL] ccB:index,timer,valid,ia,ib,ic,du,dv,dw,active_u,active_v,active_w
[SHELL] ccA:160,2801660100,108726,0.732,0.051,0.000,0.000,3.85200,3.85199,16.78,-0.026,-0.001,-0.026,-0.001,-0.011,0.000,1.00000,73.902
[SHELL] ccB:160,19297,1,-0.522,-0.186,0.708,50.029,50.011,49.971,50.018,50.014,49.982
[SHELL] ccA:161,2801761428,108726,0.732,0.051,0.000,0.000,3.85200,3.85408,200.99,-0.026,-0.001,-0.026,-0.001,-0.011,0.000,1.00000,74.342
[SHELL] ccB:161,2147523687,1,-0.522,-0.186,0.708,50.030,50.012,49.970,50.029,50.011,49.971
[SHELL] ccA:162,2801880188,108727,0.159,0.491,0.000,0.000,3.85852,3.85852,16.81,-0.015,-0.010,-0.015,-0.010,-0.011,0.000,1.00000,74.342
[SHELL] ccB:162,19341,1,0.203,-0.513,0.309,50.009,50.020,49.980,50.030,50.012,49.970
[SHELL] ccA:163,2801981440,108727,0.159,0.491,0.000,0.000,3.85852,3.84747,200.91,-0.015,-0.010,-0.015,-0.010,-0.011,-0.000,1.00000,74.342
[SHELL] ccB:163,2147523681,1,0.203,-0.513,0.309,50.009,50.020,49.980,50.009,50.020,49.980
[SHELL] ccA:164,2802100108,108728,0.513,-0.094,0.000,0.000,3.85655,3.85654,16.78,-0.022,0.002,-0.022,0.002,-0.012,-0.000,1.00000,74.342
[SHELL] ccB:164,19301,1,-0.449,-0.005,0.454,50.026,50.005,49.974,50.009,50.020,49.980
[SHELL] ccA:165,2802201404,108728,0.513,-0.094,0.000,0.000,3.85655,3.84960,200.97,-0.022,0.002,-0.022,0.002,-0.012,-0.000,1.00000,74.342
[SHELL] ccB:165,2147523699,1,-0.449,-0.005,0.454,50.026,50.005,49.974,50.026,50.005,49.974
[SHELL] ccA:166,2802320116,108729,-0.185,0.042,0.000,0.000,3.85909,3.85909,16.81,-0.008,-0.001,-0.008,-0.001,-0.012,-0.000,1.00000,74.342
[SHELL] ccB:166,19305,1,0.167,-0.005,-0.162,50.009,50.005,49.991,50.026,50.005,49.974
[SHELL] ccA:167,2802421412,108729,-0.185,0.042,0.000,0.000,3.85909,3.85120,200.97,-0.008,-0.001,-0.008,-0.001,-0.012,-0.000,1.00000,74.342
[SHELL] ccB:167,2147523695,1,0.167,-0.005,-0.162,50.009,50.005,49.991,50.009,50.005,49.991
[SHELL] ccA:168,2802540132,108730,1.075,-0.275,0.000,0.000,3.85541,3.85541,16.81,-0.034,0.005,-0.034,0.005,-0.012,-0.000,1.00000,74.342
[SHELL] ccB:168,19313,1,-0.993,0.067,0.926,50.040,50.002,49.960,50.009,50.005,49.991
[SHELL] ccA:169,2802641420,108730,1.075,-0.275,0.000,0.000,3.85541,3.85221,200.98,-0.034,0.005,-0.034,0.005,-0.013,0.000,1.00000,74.342
[SHELL] ccB:169,2147523691,1,-0.993,0.067,0.926,50.041,50.002,49.959,50.040,50.002,49.960
[SHELL] ccA:170,2802760164,108731,0.362,0.674,0.000,0.000,3.85526,3.85526,16.81,-0.020,-0.014,-0.020,-0.014,-0.013,-0.000,1.00000,74.342
[SHELL] ccB:170,19329,1,0.167,-0.730,0.563,50.013,50.028,49.972,50.041,50.002,49.959
[SHELL] ccA:171,2802861460,108731,0.362,0.674,0.000,0.000,3.85526,3.84383,200.99,-0.021,-0.014,-0.021,-0.014,-0.013,-0.001,1.00000,74.342
[SHELL] ccB:171,2147523671,1,0.167,-0.730,0.563,50.013,50.028,49.972,50.013,50.028,49.972
[SHELL] ccA:172,2802980116,108732,0.815,-0.075,0.000,0.000,3.85236,3.85236,16.78,-0.030,0.001,-0.030,0.001,-0.014,-0.001,1.00000,74.342
[SHELL] ccB:172,19305,1,-0.667,-0.078,0.744,50.034,50.010,49.966,50.013,50.028,49.972
[SHELL] ccA:173,2803081432,108732,0.815,-0.075,0.000,0.000,3.85236,3.84754,201.02,-0.030,0.001,-0.030,0.001,-0.014,-0.001,1.00000,74.342
[SHELL] ccB:173,2147523685,1,-0.667,-0.078,0.744,50.035,50.009,49.965,50.034,50.010,49.966
[SHELL] ccA:174,2803200148,108733,0.320,0.130,0.000,0.000,3.84766,3.84765,16.81,-0.021,-0.003,-0.021,-0.003,-0.014,-0.001,1.00000,74.342
[SHELL] ccB:174,19321,1,-0.159,-0.186,0.346,50.023,50.014,49.977,50.035,50.009,49.965
[SHELL] ccA:175,2803301428,108733,0.320,0.130,0.000,0.000,3.84766,3.85064,200.95,-0.021,-0.003,-0.021,-0.003,-0.014,-0.001,1.00000,74.342
[SHELL] ccB:175,2147523687,1,-0.159,-0.186,0.346,50.023,50.015,49.977,50.023,50.014,49.977
[SHELL] ctrlcap v1 armed=0 count=512 clock_hz=550000000 decimation=1
[SHELL] ccA:index,cycles,seq,id,iq,idref,iqref,theta,actangle,age_us,vdreq,vqreq,vd,vq,intd,intq,scale,bus
[SHELL] ccB:index,timer,valid,ia,ib,ic,du,dv,dw,active_u,active_v,active_w
[SHELL] ccA:176,2803420108,108734,0.171,0.120,0.000,0.000,3.85634,3.85633,16.78,-0.018,-0.003,-0.018,-0.003,-0.014,-0.001,1.00000,74.342
[SHELL] ccB:176,19301,1,-0.050,-0.150,0.201,50.020,50.013,49.980,50.023,50.015,49.977
[SHELL] ccA:177,2803521428,108734,0.171,0.120,0.000,0.000,3.85634,3.85369,201.02,-0.018,-0.003,-0.018,-0.003,-0.015,-0.001,1.00000,74.342
[SHELL] ccB:177,2147523687,1,-0.050,-0.150,0.201,50.020,50.013,49.980,50.020,50.013,49.980
[SHELL] ccA:178,2803640144,108735,0.527,0.309,0.000,0.000,3.85621,3.85621,16.81,-0.025,-0.007,-0.025,-0.007,-0.015,-0.001,1.00000,74.342
[SHELL] ccB:178,19319,1,-0.195,-0.404,0.599,50.027,50.024,49.973,50.020,50.013,49.980
[SHELL] ccA:179,2803741456,108735,0.527,0.309,0.000,0.000,3.85621,3.85587,201.06,-0.026,-0.007,-0.026,-0.007,-0.015,-0.001,1.00000,74.342
[SHELL] ccB:179,2147523673,1,-0.195,-0.404,0.599,50.028,50.025,49.972,50.027,50.024,49.973
[SHELL] ccA:180,2803860104,108736,0.390,0.040,0.000,0.000,3.85805,3.85805,16.78,-0.023,-0.002,-0.023,-0.002,-0.015,-0.001,1.00000,74.342
[SHELL] ccB:180,19299,1,-0.268,-0.114,0.382,50.026,50.013,49.974,50.028,50.025,49.972
[SHELL] ccA:181,2803961452,108736,0.390,0.040,0.000,0.000,3.85805,3.84741,201.04,-0.023,-0.002,-0.023,-0.002,-0.015,-0.001,1.00000,73.902
[SHELL] ccB:181,2147523675,1,-0.268,-0.114,0.382,50.026,50.013,49.974,50.026,50.013,49.974
[SHELL] ccA:182,2804080112,108737,0.417,0.074,0.000,0.000,3.85098,3.85098,16.78,-0.024,-0.003,-0.024,-0.003,-0.016,-0.001,1.00000,74.342
[SHELL] ccB:182,19303,1,-0.268,-0.150,0.418,50.027,50.015,49.973,50.026,50.013,49.974
[SHELL] ccA:183,2804181436,108737,0.417,0.074,0.000,0.000,3.85098,3.84861,201.00,-0.024,-0.003,-0.024,-0.003,-0.016,-0.001,1.00000,74.342
[SHELL] ccB:183,2147523683,1,-0.268,-0.150,0.418,50.027,50.015,49.973,50.027,50.015,49.973
[SHELL] ccA:184,2804300120,108738,0.143,-0.134,0.000,0.000,3.86094,3.86094,16.78,-0.019,0.001,-0.019,0.001,-0.016,-0.001,1.00000,74.342
[SHELL] ccB:184,19307,1,-0.195,0.104,0.092,50.022,50.005,49.978,50.027,50.015,49.973
[SHELL] ccA:185,2804401424,108738,0.143,-0.134,0.000,0.000,3.86094,3.85193,201.02,-0.019,0.001,-0.019,0.001,-0.016,-0.001,1.00000,73.902
[SHELL] ccB:185,2147523689,1,-0.195,0.104,0.092,50.022,50.004,49.978,50.022,50.005,49.978
[SHELL] ccA:186,2804520144,108739,-0.104,0.135,0.000,0.000,3.85077,3.85076,16.81,-0.014,-0.004,-0.014,-0.004,-0.016,-0.001,1.00000,73.902
[SHELL] ccB:186,19319,1,0.167,-0.114,-0.053,50.015,50.013,49.985,50.022,50.004,49.978
[SHELL] ccA:187,2804621464,108739,-0.104,0.135,0.000,0.000,3.85077,3.84874,201.01,-0.014,-0.004,-0.014,-0.004,-0.016,-0.001,1.00000,73.902
[SHELL] ccB:187,2147523669,1,0.167,-0.114,-0.053,50.015,50.013,49.985,50.015,50.013,49.985
[SHELL] ccA:188,2804740132,108740,-0.199,0.302,0.000,0.000,3.85621,3.85621,16.81,-0.012,-0.008,-0.012,-0.008,-0.016,-0.001,1.00000,74.342
[SHELL] ccB:188,19313,1,0.348,-0.259,-0.089,50.008,50.016,49.984,50.015,50.013,49.985
[SHELL] ccA:189,2804841496,108740,-0.199,0.302,0.000,0.000,3.85621,3.85556,201.09,-0.012,-0.008,-0.012,-0.008,-0.016,-0.001,1.00000,74.342
[SHELL] ccB:189,2147523653,1,0.348,-0.259,-0.089,50.008,50.016,49.984,50.008,50.016,49.984
[SHELL] ccA:190,2804960108,108741,-0.281,-0.016,0.000,0.000,3.84954,3.84953,16.78,-0.010,-0.001,-0.010,-0.001,-0.016,-0.001,1.00000,74.342
[SHELL] ccB:190,19301,1,0.203,0.067,-0.271,50.011,50.006,49.989,50.008,50.016,49.984
[SHELL] ccA:191,2805061452,108741,-0.281,-0.016,0.000,0.000,3.84954,3.85326,201.06,-0.010,-0.001,-0.010,-0.001,-0.015,-0.001,1.00000,74.342
[SHELL] ccB:191,2147523675,1,0.203,0.067,-0.271,50.011,50.006,49.989,50.011,50.006,49.989
[SHELL] ctrlcap v1 armed=0 count=512 clock_hz=550000000 decimation=1
[SHELL] ccA:index,cycles,seq,id,iq,idref,iqref,theta,actangle,age_us,vdreq,vqreq,vd,vq,intd,intq,scale,bus
[SHELL] ccB:index,timer,valid,ia,ib,ic,du,dv,dw,active_u,active_v,active_w
[SHELL] ccA:192,2805180108,108742,-0.101,-0.308,0.000,0.000,3.84831,3.84830,16.78,-0.013,0.005,-0.013,0.005,-0.015,-0.001,1.00000,74.342
[SHELL] ccB:192,19301,1,-0.123,0.321,-0.198,50.016,49.996,49.984,50.011,50.006,49.989
[SHELL] ccA:193,2805281408,108742,-0.101,-0.308,0.000,0.000,3.84831,3.85221,200.98,-0.013,0.005,-0.013,0.005,-0.015,-0.001,1.00000,74.342
[SHELL] ccB:193,2147523697,1,-0.123,0.321,-0.198,50.016,49.995,49.984,50.016,49.996,49.984
[SHELL] ccA:194,2805400092,108743,-0.213,0.452,0.000,0.000,3.85431,3.85431,16.78,-0.011,-0.011,-0.011,-0.011,-0.015,-0.001,1.00000,74.342
[SHELL] ccB:194,19293,1,0.457,-0.404,-0.053,50.003,50.018,49.982,50.016,49.995,49.984
[SHELL] ccA:195,2805501436,108743,-0.213,0.452,0.000,0.000,3.85431,3.84212,200.99,-0.011,-0.011,-0.011,-0.011,-0.015,-0.002,1.00000,74.342
[SHELL] ccB:195,2147523683,1,0.457,-0.404,-0.053,50.003,50.018,49.982,50.003,50.018,49.982
[SHELL] ccA:196,2805620124,108744,0.460,-0.265,0.000,0.000,3.85083,3.85083,16.81,-0.025,0.004,-0.025,0.004,-0.015,-0.001,1.00000,74.342
[SHELL] ccB:196,19309,1,-0.522,0.176,0.346,50.029,50.002,49.971,50.003,50.018,49.982
[SHELL] ccA:197,2805721452,108744,0.460,-0.265,0.000,0.000,3.85083,3.84374,201.01,-0.025,0.004,-0.025,0.004,-0.016,-0.001,1.00000,74.342
[SHELL] ccB:197,2147523675,1,-0.522,0.176,0.346,50.029,50.001,49.971,50.029,50.002,49.971
[SHELL] ccA:198,2805840160,108745,0.172,-0.099,0.000,0.000,3.84124,3.84124,16.81,-0.019,0.001,-0.019,0.001,-0.016,-0.001,1.00000,74.342
[SHELL] ccB:198,19327,1,-0.195,0.067,0.128,50.022,50.006,49.978,50.029,50.001,49.971
[SHELL] ccA:199,2805941436,108745,0.172,-0.099,0.000,0.000,3.84124,3.84768,200.97,-0.019,0.001,-0.019,0.001,-0.016,-0.001,1.00000,74.342
[SHELL] ccB:199,2147523683,1,-0.195,0.067,0.128,50.022,50.006,49.978,50.022,50.006,49.978
[SHELL] ccA:200,2806060116,108746,-0.089,-0.347,0.000,0.000,3.85452,3.85452,16.78,-0.014,0.006,-0.014,0.006,-0.016,-0.001,1.00000,74.342
[SHELL] ccB:200,19305,1,-0.159,0.357,-0.198,50.017,49.994,49.983,50.022,50.006,49.978
[SHELL] ccA:201,2806161424,108746,-0.089,-0.347,0.000,0.000,3.85452,3.84935,201.00,-0.014,0.006,-0.014,0.006,-0.016,-0.001,1.00000,74.342
[SHELL] ccB:201,2147523689,1,-0.159,0.357,-0.198,50.017,49.994,49.983,50.017,49.994,49.983
[SHELL] ccA:202,2806280124,108747,0.733,0.268,0.000,0.000,3.85910,3.85910,16.81,-0.031,-0.007,-0.031,-0.007,-0.016,-0.001,1.00000,74.342
[SHELL] ccB:202,19309,1,-0.377,-0.404,0.781,50.034,50.025,49.966,50.017,49.994,49.983
[SHELL] ccA:203,2806381428,108747,0.733,0.268,0.000,0.000,3.85910,3.85178,200.99,-0.031,-0.007,-0.031,-0.007,-0.016,-0.001,1.00000,74.342
[SHELL] ccB:203,2147523687,1,-0.377,-0.404,0.781,50.034,50.025,49.966,50.034,50.025,49.966
[SHELL] ccA:204,2806500140,108748,-0.158,0.184,0.000,0.000,3.85637,3.85637,16.81,-0.013,-0.005,-0.013,-0.005,-0.016,-0.001,1.00000,74.342
[SHELL] ccB:204,19317,1,0.239,-0.150,-0.089,50.014,50.014,49.986,50.034,50.025,49.966
[SHELL] ccA:205,2806601428,108748,-0.158,0.184,0.000,0.000,3.85637,3.84680,200.97,-0.013,-0.005,-0.013,-0.005,-0.016,-0.001,1.00000,74.342
[SHELL] ccB:205,2147523687,1,0.239,-0.150,-0.089,50.014,50.014,49.986,50.014,50.014,49.986
[SHELL] ccA:206,2806720104,108749,0.131,-0.204,0.000,0.000,3.85114,3.85114,16.78,-0.019,0.003,-0.019,0.003,-0.016,-0.001,1.00000,74.342
[SHELL] ccB:206,19299,1,-0.232,0.176,0.056,50.022,50.002,49.978,50.014,50.014,49.986
[SHELL] ccA:207,2806821464,108749,0.131,-0.204,0.000,0.000,3.85114,3.85249,201.09,-0.019,0.003,-0.019,0.003,-0.016,-0.001,1.00000,73.902
[SHELL] ccB:207,2147523669,1,-0.232,0.176,0.056,50.023,50.001,49.977,50.022,50.002,49.978
[SHELL] ctrlcap v1 armed=0 count=512 clock_hz=550000000 decimation=1
[SHELL] ccA:index,cycles,seq,id,iq,idref,iqref,theta,actangle,age_us,vdreq,vqreq,vd,vq,intd,intq,scale,bus
[SHELL] ccB:index,timer,valid,ia,ib,ic,du,dv,dw,active_u,active_v,active_w
[SHELL] ccA:208,2806940120,108750,0.814,0.367,0.000,0.000,3.85305,3.85305,16.81,-0.033,-0.009,-0.033,-0.009,-0.017,-0.001,1.00000,74.342
[SHELL] ccB:208,19307,1,-0.377,-0.513,0.889,50.036,50.030,49.964,50.023,50.001,49.977
[SHELL] ccA:209,2807041428,108750,0.814,0.367,0.000,0.000,3.85305,3.85157,200.99,-0.033,-0.009,-0.033,-0.009,-0.017,-0.002,1.00000,73.902
[SHELL] ccB:209,2147523687,1,-0.377,-0.513,0.889,50.037,50.030,49.963,50.036,50.030,49.964
[SHELL] ccA:210,2807160140,108751,-0.089,0.318,0.000,0.000,3.85563,3.85563,16.81,-0.015,-0.008,-0.015,-0.008,-0.017,-0.002,1.00000,73.902
[SHELL] ccB:210,19317,1,0.276,-0.295,0.019,50.013,50.019,49.981,50.037,50.030,49.963
[SHELL] ccA:211,2807261436,108751,-0.089,0.318,0.000,0.000,3.85563,3.84683,200.98,-0.015,-0.008,-0.015,-0.008,-0.017,-0.002,1.00000,73.902
[SHELL] ccB:211,2147523683,1,0.276,-0.295,0.019,50.013,50.019,49.981,50.013,50.019,49.981
[SHELL] ccA:212,2807380112,108752,0.731,0.494,0.000,0.000,3.85268,3.85268,16.78,-0.032,-0.012,-0.032,-0.012,-0.017,-0.002,1.00000,74.342
[SHELL] ccB:212,19303,1,-0.232,-0.621,0.853,50.033,50.035,49.965,50.013,50.019,49.981
[SHELL] ccA:213,2807481424,108752,0.731,0.494,0.000,0.000,3.85268,3.85573,200.99,-0.032,-0.012,-0.032,-0.012,-0.018,-0.002,1.00000,74.342
[SHELL] ccB:213,2147523689,1,-0.232,-0.621,0.853,50.033,50.036,49.964,50.033,50.035,49.965
[SHELL] ccA:214,2807600152,108753,-0.609,-0.176,0.000,0.000,3.84985,3.84985,16.84,-0.005,0.001,-0.005,0.001,-0.018,-0.002,1.00000,74.342
[SHELL] ccB:214,19323,1,0.348,0.285,-0.633,50.006,50.000,49.994,50.033,50.036,49.964
[SHELL] ccA:215,2807701428,108753,-0.609,-0.176,0.000,0.000,3.84985,3.84765,200.96,-0.005,0.001,-0.005,0.001,-0.017,-0.002,1.00000,74.342
[SHELL] ccB:215,2147523687,1,0.348,0.285,-0.633,50.006,49.999,49.994,50.006,50.000,49.994
[SHELL] ccA:216,2807820176,108754,0.992,-0.261,0.000,0.000,3.85698,3.85698,16.81,-0.038,0.003,-0.038,0.003,-0.018,-0.002,1.00000,74.342
[SHELL] ccB:216,19335,1,-0.920,0.067,0.853,50.044,50.008,49.956,50.006,49.999,49.994
[SHELL] ccA:217,2807921432,108754,0.992,-0.261,0.000,0.000,3.85698,3.85449,200.90,-0.038,0.003,-0.038,0.003,-0.018,-0.002,1.00000,74.342
[SHELL] ccB:217,2147523685,1,-0.920,0.067,0.853,50.044,50.008,49.956,50.044,50.008,49.956
[SHELL] ccA:218,2808040096,108755,-0.144,-0.188,0.000,0.000,3.85484,3.85484,16.78,-0.015,0.002,-0.015,0.002,-0.018,-0.002,1.00000,74.342
[SHELL] ccB:218,19295,1,-0.014,0.212,-0.198,50.018,50.002,49.982,50.044,50.008,49.956
[SHELL] ccA:219,2808141416,108755,-0.144,-0.188,0.000,0.000,3.85484,3.85043,201.00,-0.015,0.002,-0.015,0.002,-0.018,-0.002,1.00000,74.342
[SHELL] ccB:219,2147523693,1,-0.014,0.212,-0.198,50.018,50.002,49.982,50.018,50.002,49.982
[SHELL] ccA:220,2808260108,108756,0.486,0.097,0.000,0.000,3.85458,3.85458,16.78,-0.028,-0.004,-0.028,-0.004,-0.018,-0.002,1.00000,74.342
[SHELL] ccB:220,19301,1,-0.304,-0.186,0.491,50.031,50.018,49.969,50.018,50.002,49.982
[SHELL] ccA:221,2808361456,108756,0.486,0.097,0.000,0.000,3.85458,3.84757,201.05,-0.028,-0.004,-0.028,-0.004,-0.019,-0.002,1.00000,74.342
[SHELL] ccB:221,2147523673,1,-0.304,-0.186,0.491,50.032,50.018,49.968,50.031,50.018,49.969
[SHELL] ccA:222,2808480144,108757,-0.022,0.452,0.000,0.000,3.85409,3.85409,16.81,-0.018,-0.011,-0.018,-0.011,-0.019,-0.002,1.00000,74.342
[SHELL] ccB:222,19319,1,0.312,-0.440,0.128,50.013,50.024,49.976,50.032,50.018,49.968
[SHELL] ccA:223,2808581412,108757,-0.022,0.452,0.000,0.000,3.85409,3.84680,200.92,-0.018,-0.011,-0.018,-0.011,-0.019,-0.002,1.00000,74.342
[SHELL] ccB:223,2147523695,1,0.312,-0.440,0.128,50.013,50.024,49.976,50.013,50.024,49.976
[SHELL] ctrlcap v1 armed=0 count=512 clock_hz=550000000 decimation=1
[SHELL] ccA:index,cycles,seq,id,iq,idref,iqref,theta,actangle,age_us,vdreq,vqreq,vd,vq,intd,intq,scale,bus
[SHELL] ccB:index,timer,valid,ia,ib,ic,du,dv,dw,active_u,active_v,active_w
[SHELL] ccA:224,2808700104,108758,0.320,-0.316,0.000,0.000,3.86003,3.86003,16.78,-0.025,0.004,-0.025,0.004,-0.019,-0.002,1.00000,74.342
[SHELL] ccB:224,19299,1,-0.449,0.248,0.201,50.030,50.002,49.970,50.013,50.024,49.976
[SHELL] ccA:225,2808801468,108758,0.320,-0.316,0.000,0.000,3.86003,3.85526,201.09,-0.025,0.004,-0.025,0.004,-0.019,-0.002,1.00000,74.342
[SHELL] ccB:225,2147523667,1,-0.449,0.248,0.201,50.030,50.001,49.970,50.030,50.002,49.970
[SHELL] ccA:226,2808920128,108759,-0.455,-0.391,0.000,0.000,3.84430,3.84430,16.81,-0.010,0.006,-0.010,0.006,-0.019,-0.002,1.00000,74.342
[SHELL] ccB:226,19311,1,0.095,0.466,-0.560,50.012,49.991,49.988,50.030,50.001,49.970
[SHELL] ccA:227,2809021432,108759,-0.455,-0.391,0.000,0.000,3.84430,3.85003,201.00,-0.009,0.006,-0.009,0.006,-0.018,-0.002,1.00000,74.342
[SHELL] ccB:227,2147523685,1,0.095,0.466,-0.560,50.012,49.991,49.988,50.012,49.991,49.988
[SHELL] ccA:228,2809140116,108760,1.567,0.297,0.000,0.000,3.85341,3.85341,16.78,-0.051,-0.008,-0.051,-0.008,-0.019,-0.002,1.00000,74.342
[SHELL] ccB:228,19305,1,-0.993,-0.585,1.578,50.056,50.034,49.944,50.012,49.991,49.988
[SHELL] ccA:229,2809241416,108760,1.567,0.297,0.000,0.000,3.85341,3.85089,200.97,-0.051,-0.008,-0.051,-0.008,-0.020,-0.002,1.00000,74.342
[SHELL] ccB:229,2147523693,1,-0.993,-0.585,1.578,50.057,50.035,49.943,50.056,50.034,49.944
[SHELL] ccA:230,2809360100,108761,0.142,0.310,0.000,0.000,3.85219,3.85219,16.78,-0.023,-0.008,-0.023,-0.008,-0.020,-0.002,1.00000,74.342
[SHELL] ccB:230,19297,1,0.095,-0.331,0.237,50.024,50.025,49.975,50.057,50.035,49.943
[SHELL] ccA:231,2809461428,108761,0.142,0.310,0.000,0.000,3.85219,3.84960,201.01,-0.023,-0.008,-0.023,-0.008,-0.020,-0.002,1.00000,74.342
[SHELL] ccB:231,2147523687,1,0.095,-0.331,0.237,50.024,50.025,49.975,50.024,50.025,49.975
[SHELL] ccA:232,2809580136,108762,-0.049,0.088,0.000,0.000,3.85135,3.85135,16.78,-0.019,-0.004,-0.019,-0.004,-0.020,-0.002,1.00000,74.342
[SHELL] ccB:232,19315,1,0.095,-0.078,-0.017,50.021,50.015,49.979,50.024,50.025,49.975
[SHELL] ccA:233,2809681472,108762,-0.049,0.088,0.000,0.000,3.85135,3.85366,201.05,-0.019,-0.004,-0.019,-0.004,-0.020,-0.002,1.00000,74.342
[SHELL] ccB:233,2147523665,1,0.095,-0.078,-0.017,50.021,50.015,49.979,50.021,50.015,49.979
[SHELL] ccA:234,2809800152,108763,1.178,0.857,0.000,0.000,3.84751,3.84751,16.78,-0.044,-0.020,-0.044,-0.020,-0.021,-0.003,1.00000,74.342
[SHELL] ccB:234,19323,1,-0.340,-1.056,1.397,50.042,50.051,49.949,50.021,50.015,49.979
[SHELL] ccA:235,2809901456,108763,1.178,0.857,0.000,0.000,3.84751,3.85252,200.99,-0.045,-0.020,-0.045,-0.020,-0.021,-0.003,1.00000,73.902
[SHELL] ccB:235,2147523673,1,-0.340,-1.056,1.397,50.042,50.052,49.948,50.042,50.051,49.949
[SHELL] ccA:236,2810020096,108764,0.705,0.019,0.000,0.000,3.85283,3.85283,16.78,-0.036,-0.004,-0.036,-0.004,-0.022,-0.003,1.00000,74.342
[SHELL] ccB:236,19295,1,-0.522,-0.150,0.672,50.040,50.020,49.960,50.042,50.052,49.948
[SHELL] ccA:237,2810121432,108764,0.705,0.019,0.000,0.000,3.85283,3.85031,200.99,-0.036,-0.004,-0.036,-0.004,-0.022,-0.003,1.00000,74.342
[SHELL] ccB:237,2147523685,1,-0.522,-0.150,0.672,50.041,50.020,49.959,50.040,50.020,49.960
[SHELL] ccA:238,2810240152,108765,-0.364,-0.552,0.000,0.000,3.85551,3.85551,16.84,-0.015,0.008,-0.015,0.008,-0.022,-0.003,1.00000,74.342
[SHELL] ccB:238,19323,1,-0.087,0.611,-0.524,50.018,49.989,49.982,50.041,50.020,49.959
[SHELL] ccA:239,2810341432,108765,-0.364,-0.552,0.000,0.000,3.85551,3.85120,200.95,-0.014,0.008,-0.014,0.008,-0.022,-0.003,1.00000,73.902
[SHELL] ccB:239,2147523685,1,-0.087,0.611,-0.524,50.018,49.989,49.982,50.018,49.989,49.982
[SHELL] ctrlcap v1 armed=0 count=512 clock_hz=550000000 decimation=1
[SHELL] ccA:index,cycles,seq,id,iq,idref,iqref,theta,actangle,age_us,vdreq,vqreq,vd,vq,intd,intq,scale,bus
[SHELL] ccB:index,timer,valid,ia,ib,ic,du,dv,dw,active_u,active_v,active_w
[SHELL] ccA:240,2810460108,108766,-1.090,-0.558,0.000,0.000,3.85692,3.85692,16.78,0.001,0.009,0.001,0.009,-0.021,-0.002,1.00000,73.902
[SHELL] ccB:240,19301,1,0.457,0.756,-1.213,50.010,49.990,50.007,50.018,49.989,49.982
[SHELL] ccA:241,2810561424,108766,-1.090,-0.558,0.000,0.000,3.85692,3.85280,201.00,0.001,0.009,0.001,0.009,-0.021,-0.002,1.00000,74.342
[SHELL] ccB:241,2147523689,1,0.457,0.756,-1.213,50.010,49.990,50.009,50.010,49.990,50.007
[SHELL] ccA:242,2810680192,108767,0.047,0.365,0.000,0.000,3.85421,3.85421,16.81,-0.021,-0.010,-0.021,-0.010,-0.021,-0.002,1.00000,74.342
[SHELL] ccB:242,19343,1,0.203,-0.368,0.164,50.020,50.025,49.975,50.010,49.990,50.009
[SHELL] ccA:243,2810781476,108767,0.047,0.365,0.000,0.000,3.85421,3.85283,201.00,-0.021,-0.010,-0.021,-0.010,-0.021,-0.002,1.00000,74.342
[SHELL] ccB:243,2147523663,1,0.203,-0.368,0.164,50.020,50.025,49.975,50.020,50.025,49.975
[SHELL] ccA:244,2810900148,108768,0.089,0.025,0.000,0.000,3.85624,3.85624,16.81,-0.022,-0.003,-0.022,-0.003,-0.021,-0.002,1.00000,74.342
[SHELL] ccB:244,19321,1,-0.050,-0.041,0.092,50.025,50.014,49.975,50.020,50.025,49.975
[SHELL] ccA:245,2811001424,108768,0.089,0.025,0.000,0.000,3.85624,3.85043,200.94,-0.022,-0.003,-0.022,-0.003,-0.021,-0.002,1.00000,74.342
[SHELL] ccB:245,2147523689,1,-0.050,-0.041,0.092,50.025,50.014,49.975,50.025,50.014,49.975
[SHELL] ccA:246,2811120108,108769,-0.213,-0.212,0.000,0.000,3.85587,3.85587,16.78,-0.016,0.002,-0.016,0.002,-0.021,-0.002,1.00000,73.902
[SHELL] ccB:246,19301,1,0.022,0.248,-0.271,50.019,50.002,49.981,50.025,50.014,49.975
[SHELL] ccA:247,2811221412,108769,-0.213,-0.212,0.000,0.000,3.85587,3.84988,200.99,-0.016,0.002,-0.016,0.002,-0.020,-0.002,1.00000,73.902
[SHELL] ccB:247,2147523695,1,0.022,0.248,-0.271,50.019,50.002,49.981,50.019,50.002,49.981
[SHELL] ccA:248,2811340152,108770,0.651,0.285,0.000,0.000,3.85683,3.85683,16.81,-0.034,-0.008,-0.034,-0.008,-0.021,-0.002,1.00000,74.342
[SHELL] ccB:248,19323,1,-0.304,-0.404,0.708,50.037,50.029,49.963,50.019,50.002,49.981
[SHELL] ccA:249,2811441412,108770,0.651,0.285,0.000,0.000,3.85683,3.85564,200.97,-0.034,-0.008,-0.034,-0.008,-0.021,-0.002,1.00000,74.342
[SHELL] ccB:249,2147523695,1,-0.304,-0.404,0.708,50.037,50.029,49.963,50.037,50.029,49.963
[SHELL] ccA:250,2811560092,108771,0.527,-0.025,0.000,0.000,3.86096,3.86096,16.78,-0.032,-0.002,-0.032,-0.002,-0.021,-0.002,1.00000,74.342
[SHELL] ccB:250,19293,1,-0.413,-0.078,0.491,50.036,50.016,49.964,50.037,50.029,49.963
[SHELL] ccA:251,2811661444,108771,0.527,-0.025,0.000,0.000,3.86096,3.85172,201.03,-0.032,-0.002,-0.032,-0.002,-0.022,-0.002,1.00000,74.342
[SHELL] ccB:251,2147523679,1,-0.413,-0.078,0.491,50.036,50.016,49.964,50.036,50.016,49.964
[SHELL] ccA:252,2811780140,108772,0.254,-0.338,0.000,0.000,3.85354,3.85354,16.81,-0.027,0.004,-0.027,0.004,-0.022,-0.002,1.00000,74.342
[SHELL] ccB:252,19317,1,-0.413,0.285,0.128,50.032,50.001,49.968,50.036,50.016,49.964
[SHELL] ccA:253,2811881420,108772,0.254,-0.338,0.000,0.000,3.85354,3.85360,200.95,-0.027,0.005,-0.027,0.005,-0.022,-0.002,1.00000,74.342
[SHELL] ccB:253,2147523691,1,-0.413,0.285,0.128,50.032,50.001,49.968,50.032,50.001,49.968
[SHELL] ccA:254,2812000140,108773,1.869,-0.016,0.000,0.000,3.85206,3.85206,16.79,-0.060,-0.002,-0.060,-0.002,-0.023,-0.002,1.00000,74.342
[SHELL] ccB:254,19317,1,-1.428,-0.331,1.759,50.068,50.026,49.932,50.032,50.001,49.968
[SHELL] ccA:255,2812101412,108773,1.869,-0.016,0.000,0.000,3.85206,3.84412,200.97,-0.061,-0.002,-0.061,-0.002,-0.024,-0.002,1.00000,74.342
[SHELL] ccB:255,2147523695,1,-1.428,-0.331,1.759,50.070,50.026,49.930,50.068,50.026,49.932
[SHELL] ctrlcap v1 armed=0 count=512 clock_hz=550000000 decimation=1
[SHELL] ccA:index,cycles,seq,id,iq,idref,iqref,theta,actangle,age_us,vdreq,vqreq,vd,vq,intd,intq,scale,bus
[SHELL] ccB:index,timer,valid,ia,ib,ic,du,dv,dw,active_u,active_v,active_w
[SHELL] ccA:256,2812220172,108774,1.216,0.985,0.000,0.000,3.85975,3.85975,16.81,-0.049,-0.022,-0.049,-0.022,-0.024,-0.003,1.00000,74.342
[SHELL] ccB:256,19333,1,-0.268,-1.201,1.469,50.044,50.057,49.943,50.070,50.026,49.930
[SHELL] ccA:257,2812321460,108774,1.216,0.985,0.000,0.000,3.85975,3.84898,200.97,-0.049,-0.023,-0.049,-0.023,-0.025,-0.003,1.00000,74.342
[SHELL] ccB:257,2147523671,1,-0.268,-1.201,1.469,50.046,50.057,49.943,50.044,50.057,49.943
[SHELL] ccA:258,2812440136,108775,-0.994,0.159,0.000,0.000,3.85480,3.85480,16.81,-0.005,-0.006,-0.005,-0.006,-0.024,-0.003,1.00000,74.342
[SHELL] ccB:258,19315,1,0.856,0.031,-0.887,49.999,50.009,49.991,50.046,50.057,49.943
[SHELL] ccA:259,2812541428,108775,-0.994,0.159,0.000,0.000,3.85480,3.85332,200.97,-0.004,-0.006,-0.004,-0.006,-0.024,-0.003,1.00000,74.342
[SHELL] ccB:259,2147523687,1,0.856,0.031,-0.887,49.998,50.009,49.991,49.999,50.009,49.991
[SHELL] ccA:260,2812660136,108776,1.485,0.644,0.000,0.000,3.85403,3.85403,16.78,-0.054,-0.016,-0.054,-0.016,-0.025,-0.004,1.00000,74.342
[SHELL] ccB:260,19315,1,-0.703,-0.911,1.614,50.059,50.053,49.941,49.998,50.009,49.991
[SHELL] ccA:261,2812761504,108776,1.485,0.644,0.000,0.000,3.85403,3.85363,201.10,-0.055,-0.017,-0.055,-0.017,-0.025,-0.004,1.00000,73.902
[SHELL] ccB:261,2147523649,1,-0.703,-0.911,1.614,50.060,50.054,49.940,50.059,50.053,49.941
[SHELL] ccA:262,2812880112,108777,-0.377,-0.071,0.000,0.000,3.85114,3.85114,16.78,-0.018,-0.002,-0.018,-0.002,-0.025,-0.004,1.00000,74.342
[SHELL] ccB:262,19303,1,0.239,0.140,-0.379,50.020,50.011,49.980,50.060,50.054,49.940
[SHELL] ccA:263,2812981436,108777,-0.377,-0.071,0.000,0.000,3.85114,3.85366,201.01,-0.018,-0.002,-0.018,-0.002,-0.025,-0.004,1.00000,73.902
[SHELL] ccB:263,2147523683,1,0.239,0.140,-0.379,50.020,50.011,49.980,50.020,50.011,49.980
[SHELL] ccA:264,2813100096,108778,-0.610,-0.505,0.000,0.000,3.85529,3.85529,16.78,-0.013,0.007,-0.013,0.007,-0.025,-0.004,1.00000,73.902
[SHELL] ccB:264,19295,1,0.131,0.611,-0.742,50.016,49.992,49.984,50.020,50.011,49.980
[SHELL] ccA:265,2813201432,108778,-0.610,-0.505,0.000,0.000,3.85529,3.85197,201.02,-0.012,0.007,-0.012,0.007,-0.024,-0.003,1.00000,73.902
[SHELL] ccB:265,2147523685,1,0.131,0.611,-0.742,50.016,49.991,49.984,50.016,49.992,49.984
[SHELL] ccA:266,2813320116,108779,0.184,-0.030,0.000,0.000,3.85434,3.85434,16.78,-0.028,-0.003,-0.028,-0.003,-0.025,-0.003,1.00000,74.342
[SHELL] ccB:266,19305,1,-0.159,-0.005,0.164,50.032,50.016,49.968,50.016,49.991,49.984
[SHELL] ccA:267,2813421440,108779,0.184,-0.030,0.000,0.000,3.85434,3.85175,201.01,-0.028,-0.003,-0.028,-0.003,-0.025,-0.003,1.00000,74.342
[SHELL] ccB:267,2147523681,1,-0.159,-0.005,0.164,50.032,50.016,49.968,50.032,50.016,49.968
[SHELL] ccA:268,2813540108,108780,0.349,0.047,0.000,0.000,3.86069,3.86069,16.78,-0.032,-0.004,-0.032,-0.004,-0.025,-0.003,1.00000,74.342
[SHELL] ccB:268,19301,1,-0.232,-0.114,0.346,50.035,50.021,49.965,50.032,50.016,49.968
[SHELL] ccA:269,2813641468,108780,0.349,0.047,0.000,0.000,3.86069,3.85154,201.07,-0.032,-0.004,-0.032,-0.004,-0.025,-0.003,1.00000,74.342
[SHELL] ccB:269,2147523667,1,-0.232,-0.114,0.346,50.036,50.020,49.964,50.035,50.021,49.965
[SHELL] ccA:270,2813760144,108781,-0.337,0.142,0.000,0.000,3.85080,3.85080,16.81,-0.018,-0.006,-0.018,-0.006,-0.025,-0.003,1.00000,74.342
[SHELL] ccB:270,19319,1,0.348,-0.078,-0.271,50.019,50.019,49.981,50.036,50.020,49.964
[SHELL] ccA:271,2813861416,108781,-0.337,0.142,0.000,0.000,3.85080,3.85206,200.95,-0.018,-0.006,-0.018,-0.006,-0.025,-0.003,1.00000,74.342
[SHELL] ccB:271,2147523693,1,0.348,-0.078,-0.271,50.019,50.019,49.981,50.019,50.019,49.981
[SHELL] ctrlcap v1 armed=0 count=512 clock_hz=550000000 decimation=1
[SHELL] ccA:index,cycles,seq,id,iq,idref,iqref,theta,actangle,age_us,vdreq,vqreq,vd,vq,intd,intq,scale,bus
[SHELL] ccB:index,timer,valid,ia,ib,ic,du,dv,dw,active_u,active_v,active_w
[SHELL] ccA:272,2813980128,108782,0.321,0.129,0.000,0.000,3.85274,3.85274,16.81,-0.031,-0.006,-0.031,-0.006,-0.025,-0.004,1.00000,74.342
[SHELL] ccB:272,19311,1,-0.159,-0.186,0.346,50.034,50.024,49.966,50.019,50.019,49.981
[SHELL] ccA:273,2814081428,108782,0.321,0.129,0.000,0.000,3.85274,3.85326,200.99,-0.031,-0.006,-0.031,-0.006,-0.025,-0.004,1.00000,74.342
[SHELL] ccB:273,2147523687,1,-0.159,-0.186,0.346,50.035,50.024,49.965,50.034,50.024,49.966
[SHELL] ccA:274,2814200104,108783,0.540,0.162,0.000,0.000,3.85052,3.85052,16.78,-0.036,-0.007,-0.036,-0.007,-0.025,-0.004,1.00000,74.342
[SHELL] ccB:274,19299,1,-0.304,-0.259,0.563,50.040,50.027,49.960,50.035,50.024,49.965
[SHELL] ccA:275,2814301452,108783,0.540,0.162,0.000,0.000,3.85052,3.85896,201.05,-0.036,-0.007,-0.036,-0.007,-0.026,-0.004,1.00000,74.342
[SHELL] ccB:275,2147523675,1,-0.304,-0.259,0.563,50.040,50.028,49.960,50.040,50.027,49.960
[SHELL] ccA:276,2814420104,108784,-0.280,-0.458,0.000,0.000,3.85255,3.85255,16.78,-0.020,0.006,-0.020,0.006,-0.025,-0.004,1.00000,74.342
[SHELL] ccB:276,19299,1,-0.087,0.502,-0.415,50.024,49.996,49.976,50.040,50.028,49.960
[SHELL] ccA:277,2814521424,108784,-0.280,-0.458,0.000,0.000,3.85255,3.85059,201.01,-0.020,0.006,-0.020,0.006,-0.025,-0.003,1.00000,74.342
[SHELL] ccB:277,2147523689,1,-0.087,0.502,-0.415,50.024,49.996,49.976,50.024,49.996,49.976
[SHELL] ccA:278,2814640128,108785,-0.022,0.342,0.000,0.000,3.85378,3.85378,16.81,-0.025,-0.010,-0.025,-0.010,-0.025,-0.003,1.00000,74.342
[SHELL] ccB:278,19311,1,0.239,-0.331,0.092,50.024,50.028,49.972,50.024,49.996,49.976
[SHELL] ccA:279,2814741428,108785,-0.022,0.342,0.000,0.000,3.85378,3.84963,200.97,-0.025,-0.011,-0.025,-0.011,-0.025,-0.004,1.00000,74.342
[SHELL] ccB:279,2147523687,1,0.239,-0.331,0.092,50.024,50.028,49.972,50.024,50.028,49.972
[SHELL] ccA:280,2814860112,108786,-0.227,-0.172,0.000,0.000,3.85612,3.85612,16.78,-0.021,-0.000,-0.021,-0.000,-0.025,-0.004,1.00000,74.342
[SHELL] ccB:280,19303,1,0.058,0.212,-0.271,50.023,50.008,49.977,50.024,50.028,49.972
[SHELL] ccA:281,2814961416,108786,-0.227,-0.172,0.000,0.000,3.85612,3.84892,200.98,-0.020,-0.000,-0.020,-0.000,-0.025,-0.003,1.00000,74.342
[SHELL] ccB:281,2147523693,1,0.058,0.212,-0.271,50.023,50.008,49.977,50.023,50.008,49.977
[SHELL] ccA:282,2815080160,108787,-0.115,-0.600,0.000,0.000,3.85221,3.85221,16.81,-0.023,0.009,-0.023,0.009,-0.025,-0.003,1.00000,74.342
[SHELL] ccB:282,19327,1,-0.304,0.611,-0.307,50.028,49.991,49.972,50.023,50.008,49.977
[SHELL] ccA:283,2815181420,108787,-0.115,-0.600,0.000,0.000,3.85221,3.85767,200.94,-0.023,0.009,-0.023,0.009,-0.025,-0.003,1.00000,74.342
[SHELL] ccB:283,2147523691,1,-0.304,0.611,-0.307,50.028,49.991,49.972,50.028,49.991,49.972
[SHELL] ccA:284,2815300116,108788,0.130,0.017,0.000,0.000,3.85784,3.85784,16.78,-0.028,-0.003,-0.028,-0.003,-0.025,-0.003,1.00000,74.342
[SHELL] ccB:284,19305,1,-0.087,-0.041,0.128,50.031,50.017,49.969,50.028,49.991,49.972
[SHELL] ccA:285,2815401476,108788,0.130,0.017,0.000,0.000,3.85784,3.84966,201.10,-0.028,-0.003,-0.028,-0.003,-0.025,-0.003,1.00000,74.342
[SHELL] ccB:285,2147523663,1,-0.087,-0.041,0.128,50.031,50.017,49.969,50.031,50.017,49.969
[SHELL] ccA:286,2815520100,108789,-0.034,-0.062,0.000,0.000,3.85061,3.85061,16.78,-0.024,-0.002,-0.024,-0.002,-0.025,-0.003,1.00000,74.342
[SHELL] ccB:286,19297,1,-0.014,0.067,-0.053,50.027,50.012,49.973,50.031,50.017,49.969
[SHELL] ccA:287,2815621496,108789,-0.034,-0.062,0.000,0.000,3.85061,3.84652,201.09,-0.024,-0.002,-0.024,-0.002,-0.025,-0.003,1.00000,74.342
[SHELL] ccB:287,2147523653,1,-0.014,0.067,-0.053,50.027,50.012,49.973,50.027,50.012,49.973
[SHELL] ctrlcap v1 armed=0 count=512 clock_hz=550000000 decimation=1
[SHELL] ccA:index,cycles,seq,id,iq,idref,iqref,theta,actangle,age_us,vdreq,vqreq,vd,vq,intd,intq,scale,bus
[SHELL] ccB:index,timer,valid,ia,ib,ic,du,dv,dw,active_u,active_v,active_w
[SHELL] ccA:288,2815740108,108790,-1.693,0.291,0.000,0.000,3.85360,3.85360,16.78,0.010,-0.009,0.010,-0.009,-0.024,-0.003,1.00000,74.342
[SHELL] ccB:288,19301,1,1.472,0.031,-1.503,49.987,50.013,50.013,50.027,50.012,49.973
[SHELL] ccA:289,2815841416,108790,-1.693,0.291,0.000,0.000,3.85360,3.85129,200.99,0.011,-0.009,0.011,-0.009,-0.023,-0.003,1.00000,73.902
[SHELL] ccB:289,2147523693,1,1.472,0.031,-1.503,49.986,50.014,50.014,49.987,50.013,50.013
[SHELL] ccA:290,2815960108,108791,0.706,0.347,0.000,0.000,3.85945,3.85945,16.78,-0.038,-0.010,-0.038,-0.010,-0.024,-0.003,1.00000,74.342
[SHELL] ccB:290,19301,1,-0.304,-0.476,0.781,50.041,50.035,49.959,49.986,50.014,50.014
[SHELL] ccA:291,2816061424,108791,0.706,0.347,0.000,0.000,3.85945,3.85555,200.99,-0.038,-0.010,-0.038,-0.010,-0.024,-0.003,1.00000,74.342
[SHELL] ccB:291,2147523689,1,-0.304,-0.476,0.781,50.041,50.035,49.959,50.041,50.035,49.959
[SHELL] ccA:292,2816180144,108792,1.609,0.179,0.000,0.000,3.85305,3.85305,16.81,-0.057,-0.007,-0.057,-0.007,-0.025,-0.004,1.00000,74.342
[SHELL] ccB:292,19319,1,-1.102,-0.476,1.578,50.064,50.036,49.936,50.041,50.035,49.959
[SHELL] ccA:293,2816281436,108792,1.609,0.179,0.000,0.000,3.85305,3.84951,200.96,-0.058,-0.007,-0.058,-0.007,-0.026,-0.004,1.00000,73.902
[SHELL] ccB:293,2147523683,1,-1.102,-0.476,1.578,50.065,50.036,49.935,50.064,50.036,49.936
[SHELL] ccA:294,2816400124,108793,-0.146,-0.520,0.000,0.000,3.85805,3.85805,16.81,-0.023,0.007,-0.023,0.007,-0.026,-0.003,1.00000,73.902
[SHELL] ccB:294,19309,1,-0.232,0.538,-0.307,50.028,49.995,49.972,50.065,50.036,49.935
[SHELL] ccA:295,2816501440,108793,-0.146,-0.520,0.000,0.000,3.85805,3.84818,201.00,-0.023,0.007,-0.023,0.007,-0.025,-0.003,1.00000,73.902
[SHELL] ccB:295,2147523681,1,-0.232,0.538,-0.307,50.028,49.994,49.972,50.028,49.995,49.972
[SHELL] ccA:296,2816620180,108794,-0.667,-0.454,0.000,0.000,3.85956,3.85956,16.81,-0.012,0.006,-0.012,0.006,-0.025,-0.003,1.00000,74.342
[SHELL] ccB:296,19337,1,0.203,0.575,-0.778,50.015,49.992,49.985,50.028,49.994,49.972
[SHELL] ccA:297,2816721448,108794,-0.667,-0.454,0.000,0.000,3.85956,3.84213,200.94,-0.011,0.006,-0.011,0.006,-0.025,-0.003,1.00000,74.342
[SHELL] ccB:297,2147523677,1,0.203,0.575,-0.778,50.014,49.991,49.986,50.015,49.992,49.985
[SHELL] ccA:298,2816840116,108795,0.349,0.049,0.000,0.000,3.85563,3.85563,16.78,-0.032,-0.004,-0.032,-0.004,-0.025,-0.003,1.00000,74.342
[SHELL] ccB:298,19305,1,-0.232,-0.114,0.346,50.036,50.020,49.964,50.014,49.991,49.986
[SHELL] ccA:299,2816941460,108795,0.349,0.049,0.000,0.000,3.85563,3.85406,201.07,-0.032,-0.004,-0.032,-0.004,-0.025,-0.003,1.00000,74.342
[SHELL] ccB:299,2147523671,1,-0.232,-0.114,0.346,50.036,50.020,49.964,50.036,50.020,49.964
[SHELL] ccA:300,2817060092,108796,0.650,0.287,0.000,0.000,3.85366,3.85366,16.78,-0.038,-0.009,-0.038,-0.009,-0.025,-0.003,1.00000,74.342
[SHELL] ccB:300,19293,1,-0.304,-0.404,0.708,50.042,50.032,49.958,50.036,50.020,49.964
[SHELL] ccA:301,2817161436,108796,0.650,0.287,0.000,0.000,3.85366,3.85138,201.02,-0.039,-0.009,-0.039,-0.009,-0.026,-0.003,1.00000,74.342
[SHELL] ccB:301,2147523683,1,-0.304,-0.404,0.708,50.042,50.032,49.958,50.042,50.032,49.958
[SHELL] ccA:302,2817280160,108797,0.412,0.630,0.000,0.000,3.84641,3.84641,16.81,-0.034,-0.016,-0.034,-0.016,-0.026,-0.003,1.00000,74.342
[SHELL] ccB:302,19327,1,0.095,-0.694,0.599,50.032,50.040,49.960,50.042,50.032,49.958
[SHELL] ccA:303,2817381456,108797,0.412,0.630,0.000,0.000,3.84641,3.84892,200.99,-0.034,-0.016,-0.034,-0.016,-0.026,-0.004,1.00000,74.342
[SHELL] ccB:303,2147523673,1,0.095,-0.694,0.599,50.031,50.040,49.960,50.032,50.040,49.960
[SHELL] ctrlcap v1 armed=0 count=512 clock_hz=550000000 decimation=1
[SHELL] ccA:index,cycles,seq,id,iq,idref,iqref,theta,actangle,age_us,vdreq,vqreq,vd,vq,intd,intq,scale,bus
[SHELL] ccB:index,timer,valid,ia,ib,ic,du,dv,dw,active_u,active_v,active_w
[SHELL] ccA:304,2817500104,108798,0.665,0.243,0.000,0.000,3.86152,3.86152,16.78,-0.040,-0.009,-0.040,-0.009,-0.027,-0.004,1.00000,74.342
[SHELL] ccB:304,19299,1,-0.340,-0.368,0.708,50.044,50.033,49.956,50.031,50.040,49.960
[SHELL] ccA:305,2817601424,108798,0.665,0.243,0.000,0.000,3.86152,3.85413,201.01,-0.040,-0.009,-0.040,-0.009,-0.027,-0.004,1.00000,74.342
[SHELL] ccB:305,2147523689,1,-0.340,-0.368,0.708,50.044,50.033,49.956,50.044,50.033,49.956
[SHELL] ccA:306,2817720140,108799,-0.569,-0.624,0.000,0.000,3.85462,3.85462,16.81,-0.015,0.009,-0.015,0.009,-0.027,-0.004,1.00000,74.342
[SHELL] ccB:306,19317,1,0.022,0.720,-0.742,50.019,49.988,49.981,50.044,50.033,49.956
[SHELL] ccA:307,2817821432,108799,-0.569,-0.624,0.000,0.000,3.85462,3.84575,200.96,-0.015,0.009,-0.015,0.009,-0.026,-0.003,1.00000,74.342
[SHELL] ccB:307,2147523685,1,0.022,0.720,-0.742,50.019,49.987,49.981,50.019,49.988,49.981
[SHELL] ccA:308,2817940104,108800,-0.336,-0.299,0.000,0.000,3.85446,3.85446,16.78,-0.019,0.003,-0.019,0.003,-0.026,-0.003,1.00000,74.342
[SHELL] ccB:308,19299,1,0.058,0.357,-0.415,50.023,50.002,49.977,50.019,49.987,49.981
[SHELL] ccA:309,2818041436,108800,-0.336,-0.299,0.000,0.000,3.85446,3.84954,201.00,-0.019,0.003,-0.019,0.003,-0.026,-0.003,1.00000,74.342
[SHELL] ccB:309,2147523683,1,0.058,0.357,-0.415,50.023,50.001,49.977,50.023,50.002,49.977
[SHELL] ccA:310,2818160132,108801,-0.337,0.143,0.000,0.000,3.85194,3.85194,16.81,-0.019,-0.006,-0.019,-0.006,-0.026,-0.003,1.00000,74.342
[SHELL] ccB:310,19313,1,0.348,-0.078,-0.271,50.021,50.019,49.979,50.023,50.001,49.977
[SHELL] ccA:311,2818261424,108801,-0.337,0.143,0.000,0.000,3.85194,3.84535,200.99,-0.019,-0.006,-0.019,-0.006,-0.026,-0.003,1.00000,74.342
[SHELL] ccB:311,2147523689,1,0.348,-0.078,-0.271,50.020,50.019,49.980,50.021,50.019,49.979
[SHELL] ccA:312,2818380112,108802,0.185,0.191,0.000,0.000,3.85750,3.85750,16.78,-0.029,-0.007,-0.029,-0.007,-0.026,-0.003,1.00000,74.342
[SHELL] ccB:312,19303,1,-0.014,-0.223,0.237,50.032,50.025,49.968,50.020,50.019,49.980
[SHELL] ccA:313,2818481420,108802,0.185,0.191,0.000,0.000,3.85750,3.85027,201.01,-0.029,-0.007,-0.029,-0.007,-0.026,-0.003,1.00000,74.342
[SHELL] ccB:313,2147523691,1,-0.014,-0.223,0.237,50.032,50.025,49.968,50.032,50.025,49.968
[SHELL] ccA:314,2818600136,108803,0.213,0.444,0.000,0.000,3.85837,3.85837,16.81,-0.030,-0.012,-0.030,-0.012,-0.026,-0.004,1.00000,73.902
[SHELL] ccB:314,19315,1,0.131,-0.476,0.346,50.030,50.034,49.966,50.032,50.025,49.968
[SHELL] ccA:315,2818701432,108803,0.213,0.444,0.000,0.000,3.85837,3.85172,200.98,-0.030,-0.013,-0.030,-0.013,-0.026,-0.004,1.00000,73.902
[SHELL] ccB:315,2147523685,1,0.131,-0.476,0.346,50.030,50.034,49.966,50.030,50.034,49.966
[SHELL] ccA:316,2818820124,108804,0.007,-0.513,0.000,0.000,3.85326,3.85326,16.81,-0.026,0.007,-0.026,0.007,-0.026,-0.003,1.00000,73.902
[SHELL] ccB:316,19309,1,-0.340,0.502,-0.162,50.032,49.997,49.968,50.030,50.034,49.966
[SHELL] ccA:317,2818921412,108804,0.007,-0.513,0.000,0.000,3.85326,3.84763,200.99,-0.026,0.007,-0.026,0.007,-0.026,-0.003,1.00000,73.902
[SHELL] ccB:317,2147523695,1,-0.340,0.502,-0.162,50.032,49.996,49.968,50.032,49.997,49.968
[SHELL] ccA:318,2819040112,108805,-0.062,-0.094,0.000,0.000,3.85406,3.85406,16.78,-0.025,-0.001,-0.025,-0.001,-0.026,-0.003,1.00000,73.902
[SHELL] ccB:318,19303,1,-0.014,0.104,-0.089,50.028,50.012,49.972,50.032,49.996,49.968
[SHELL] ccA:319,2819141424,108805,-0.062,-0.094,0.000,0.000,3.85406,3.85246,200.99,-0.025,-0.001,-0.025,-0.001,-0.026,-0.003,1.00000,73.902
[SHELL] ccB:319,2147523689,1,-0.014,0.104,-0.089,50.028,50.012,49.972,50.028,50.012,49.972
[SHELL] ctrlcap v1 armed=0 count=512 clock_hz=550000000 decimation=1
[SHELL] ccA:index,cycles,seq,id,iq,idref,iqref,theta,actangle,age_us,vdreq,vqreq,vd,vq,intd,intq,scale,bus
[SHELL] ccB:index,timer,valid,ia,ib,ic,du,dv,dw,active_u,active_v,active_w
[SHELL] ccA:320,2819260096,108806,0.157,0.160,0.000,0.000,3.85381,3.85381,16.78,-0.029,-0.006,-0.029,-0.006,-0.026,-0.003,1.00000,74.342
[SHELL] ccB:320,19295,1,-0.014,-0.186,0.201,50.032,50.024,49.968,50.028,50.012,49.972
[SHELL] ccA:321,2819361444,108806,0.157,0.160,0.000,0.000,3.85381,3.85166,201.03,-0.029,-0.007,-0.029,-0.007,-0.026,-0.003,1.00000,74.342
[SHELL] ccB:321,2147523679,1,-0.014,-0.186,0.201,50.032,50.024,49.968,50.032,50.024,49.968
[SHELL] ccA:322,2819480128,108807,-0.400,-0.548,0.000,0.000,3.84656,3.84656,16.81,-0.018,0.008,-0.018,0.008,-0.026,-0.003,1.00000,74.342
[SHELL] ccB:322,19311,1,-0.050,0.611,-0.560,50.022,49.991,49.978,50.032,50.024,49.968
[SHELL] ccA:323,2819581492,108807,-0.400,-0.548,0.000,0.000,3.84656,3.84643,201.10,-0.018,0.008,-0.018,0.008,-0.026,-0.003,1.00000,74.342
[SHELL] ccB:323,2147523655,1,-0.050,0.611,-0.560,50.022,49.990,49.978,50.022,49.991,49.978
[SHELL] ccA:324,2819700140,108808,0.418,-0.813,0.000,0.000,3.85510,3.85510,16.81,-0.034,0.014,-0.034,0.014,-0.026,-0.002,1.00000,74.342
[SHELL] ccB:324,19317,1,-0.848,0.720,0.128,50.042,49.986,49.958,50.022,49.990,49.978
[SHELL] ccA:325,2819801456,108808,0.418,-0.813,0.000,0.000,3.85510,3.85421,201.01,-0.034,0.014,-0.034,0.014,-0.026,-0.002,1.00000,74.342
[SHELL] ccB:325,2147523673,1,-0.848,0.720,0.128,50.043,49.985,49.957,50.042,49.986,49.958
[SHELL] ccA:326,2819920116,108809,0.307,0.169,0.000,0.000,3.85111,3.85111,16.78,-0.032,-0.005,-0.032,-0.005,-0.026,-0.002,1.00000,74.342
[SHELL] ccB:326,19305,1,-0.123,-0.223,0.346,50.036,50.023,49.964,50.043,49.985,49.957
[SHELL] ccA:327,2820021428,108809,0.307,0.169,0.000,0.000,3.85111,3.84929,201.00,-0.033,-0.006,-0.033,-0.006,-0.026,-0.002,1.00000,74.342
[SHELL] ccB:327,2147523687,1,-0.123,-0.223,0.346,50.036,50.023,49.964,50.036,50.023,49.964
[SHELL] ccA:328,2820140100,108810,-1.131,-0.110,0.000,0.000,3.85505,3.85505,16.78,-0.003,0.000,-0.003,0.000,-0.026,-0.002,1.00000,74.342
[SHELL] ccB:328,19297,1,0.783,0.321,-1.104,50.004,50.001,49.996,50.036,50.023,49.964
[SHELL] ccA:329,2820241472,108810,-1.131,-0.110,0.000,0.000,3.85505,3.84846,201.05,-0.003,0.000,-0.003,0.000,-0.025,-0.002,1.00000,74.342
[SHELL] ccB:329,2147523665,1,0.783,0.321,-1.104,50.003,50.001,49.997,50.004,50.001,49.996
[SHELL] ccA:330,2820360124,108811,0.128,0.350,0.000,0.000,3.85000,3.85000,16.78,-0.028,-0.009,-0.028,-0.009,-0.025,-0.002,1.00000,74.342
[SHELL] ccB:330,19309,1,0.131,-0.368,0.237,50.030,50.029,49.970,50.003,50.001,49.997
[SHELL] ccA:331,2820461412,108811,0.128,0.350,0.000,0.000,3.85000,3.85289,200.94,-0.028,-0.009,-0.028,-0.009,-0.025,-0.002,1.00000,74.342
[SHELL] ccB:331,2147523695,1,0.131,-0.368,0.237,50.030,50.029,49.970,50.030,50.029,49.970
[SHELL] ccA:332,2820580144,108812,0.019,0.444,0.000,0.000,3.85388,3.85388,16.81,-0.026,-0.012,-0.026,-0.012,-0.025,-0.003,1.00000,74.342
[SHELL] ccB:332,19319,1,0.276,-0.440,0.164,50.024,50.030,49.970,50.030,50.029,49.970
[SHELL] ccA:333,2820681408,108812,0.019,0.444,0.000,0.000,3.85388,3.85363,200.96,-0.026,-0.012,-0.026,-0.012,-0.025,-0.003,1.00000,74.342
[SHELL] ccB:333,2147523697,1,0.276,-0.440,0.164,50.024,50.030,49.970,50.024,50.030,49.970
[SHELL] ccA:334,2820800092,108813,0.322,0.127,0.000,0.000,3.85982,3.85982,16.78,-0.032,-0.005,-0.032,-0.005,-0.026,-0.003,1.00000,74.342
[SHELL] ccB:334,19293,1,-0.159,-0.186,0.346,50.035,50.023,49.965,50.024,50.030,49.970
[SHELL] ccA:335,2820901428,108813,0.322,0.127,0.000,0.000,3.85982,3.85243,201.01,-0.032,-0.006,-0.032,-0.006,-0.026,-0.003,1.00000,74.342
[SHELL] ccB:335,2147523687,1,-0.159,-0.186,0.346,50.036,50.023,49.964,50.035,50.023,49.965
[SHELL] ctrlcap v1 armed=0 count=512 clock_hz=550000000 decimation=1
[SHELL] ccA:index,cycles,seq,id,iq,idref,iqref,theta,actangle,age_us,vdreq,vqreq,vd,vq,intd,intq,scale,bus
[SHELL] ccB:index,timer,valid,ia,ib,ic,du,dv,dw,active_u,active_v,active_w
[SHELL] ccA:336,2821020136,108814,-0.254,-0.426,0.000,0.000,3.85532,3.85532,16.81,-0.021,0.006,-0.021,0.006,-0.026,-0.003,1.00000,74.342
[SHELL] ccB:336,19315,1,-0.087,0.466,-0.379,50.025,49.996,49.975,50.036,50.023,49.964
[SHELL] ccA:337,2821121420,108814,-0.254,-0.426,0.000,0.000,3.85532,3.85440,200.95,-0.020,0.006,-0.020,0.006,-0.026,-0.002,1.00000,74.342
[SHELL] ccB:337,2147523691,1,-0.087,0.466,-0.379,50.025,49.996,49.975,50.025,49.996,49.975
[SHELL] ccA:338,2821240108,108815,0.527,0.199,0.000,0.000,3.85609,3.85609,16.78,-0.036,-0.007,-0.036,-0.007,-0.026,-0.003,1.00000,74.342
[SHELL] ccB:338,19301,1,-0.268,-0.295,0.563,50.040,50.027,49.960,50.025,49.996,49.975
[SHELL] ccA:339,2821341420,108815,0.527,0.199,0.000,0.000,3.85609,3.84883,200.99,-0.037,-0.007,-0.037,-0.007,-0.026,-0.003,1.00000,74.342
[SHELL] ccB:339,2147523691,1,-0.268,-0.295,0.563,50.040,50.027,49.960,50.040,50.027,49.960
[SHELL] ccA:340,2821460108,108816,0.047,0.255,0.000,0.000,3.85255,3.85255,16.78,-0.027,-0.008,-0.027,-0.008,-0.026,-0.003,1.00000,74.342
[SHELL] ccB:340,19301,1,0.131,-0.259,0.128,50.029,50.026,49.971,50.040,50.027,49.960
[SHELL] ccA:341,2821561476,108816,0.047,0.255,0.000,0.000,3.85255,3.85052,201.11,-0.027,-0.008,-0.027,-0.008,-0.026,-0.003,1.00000,74.342
[SHELL] ccB:341,2147523663,1,0.131,-0.259,0.128,50.029,50.026,49.971,50.029,50.026,49.971
[SHELL] ccA:342,2821680136,108817,0.717,0.533,0.000,0.000,3.85286,3.85286,16.78,-0.041,-0.014,-0.041,-0.014,-0.026,-0.003,1.00000,74.342
[SHELL] ccB:342,19315,1,-0.195,-0.658,0.853,50.044,50.043,49.956,50.029,50.026,49.971
[SHELL] ccA:343,2821781496,108817,0.717,0.533,0.000,0.000,3.85286,3.85341,201.06,-0.041,-0.014,-0.041,-0.014,-0.027,-0.003,1.00000,73.902
[SHELL] ccB:343,2147523653,1,-0.195,-0.658,0.853,50.044,50.044,49.956,50.044,50.043,49.956
[SHELL] ccA:344,2821900108,108818,0.376,-0.028,0.000,0.000,3.84883,3.84883,16.78,-0.035,-0.003,-0.035,-0.003,-0.027,-0.003,1.00000,74.342
[SHELL] ccB:344,19301,1,-0.304,-0.041,0.346,50.039,50.019,49.961,50.044,50.044,49.956
[SHELL] ccA:345,2822001416,108818,0.376,-0.028,0.000,0.000,3.84883,3.84904,200.99,-0.035,-0.003,-0.035,-0.003,-0.027,-0.003,1.00000,74.342
[SHELL] ccB:345,2147523693,1,-0.304,-0.041,0.346,50.039,50.019,49.961,50.039,50.019,49.961
[SHELL] ccA:346,2822120152,108819,0.309,0.166,0.000,0.000,3.85990,3.85990,16.81,-0.034,-0.007,-0.034,-0.007,-0.027,-0.004,1.00000,74.342
[SHELL] ccB:346,19323,1,-0.123,-0.223,0.346,50.037,50.027,49.963,50.039,50.019,49.961
[SHELL] ccA:347,2822221436,108819,0.309,0.166,0.000,0.000,3.85990,3.85394,200.99,-0.034,-0.007,-0.034,-0.007,-0.027,-0.004,1.00000,73.902
[SHELL] ccB:347,2147523683,1,-0.123,-0.223,0.346,50.037,50.027,49.963,50.037,50.027,49.963
[SHELL] ccA:348,2822340092,108820,0.143,-0.244,0.000,0.000,3.85496,3.85496,16.78,-0.030,0.001,-0.030,0.001,-0.028,-0.003,1.00000,73.902
[SHELL] ccB:348,19293,1,-0.268,0.212,0.056,50.035,50.009,49.965,50.037,50.027,49.963
[SHELL] ccA:349,2822441444,108820,0.143,-0.244,0.000,0.000,3.85496,3.85560,201.03,-0.031,0.001,-0.031,0.001,-0.028,-0.003,1.00000,73.902
[SHELL] ccB:349,2147523679,1,-0.268,0.212,0.056,50.035,50.009,49.965,50.035,50.009,49.965
[SHELL] ccA:350,2822560164,108821,-0.144,-0.078,0.000,0.000,3.85528,3.85528,16.81,-0.025,-0.002,-0.025,-0.002,-0.028,-0.003,1.00000,73.902
[SHELL] ccB:350,19329,1,0.058,0.104,-0.162,50.028,50.013,49.972,50.035,50.009,49.965
[SHELL] ccA:351,2822661456,108821,-0.144,-0.078,0.000,0.000,3.85528,3.84935,200.95,-0.025,-0.002,-0.025,-0.002,-0.027,-0.003,1.00000,73.902
[SHELL] ccB:351,2147523673,1,0.058,0.104,-0.162,50.028,50.013,49.972,50.028,50.013,49.972
[SHELL] ctrlcap v1 armed=0 count=512 clock_hz=550000000 decimation=1
[SHELL] ccA:index,cycles,seq,id,iq,idref,iqref,theta,actangle,age_us,vdreq,vqreq,vd,vq,intd,intq,scale,bus
[SHELL] ccB:index,timer,valid,ia,ib,ic,du,dv,dw,active_u,active_v,active_w
[SHELL] ccA:352,2822780140,108822,2.705,0.227,0.000,0.000,3.85387,3.85387,16.79,-0.083,-0.008,-0.083,-0.008,-0.029,-0.003,1.00000,73.902
[SHELL] ccB:352,19317,1,-1.899,-0.730,2.629,50.094,50.048,49.906,50.028,50.013,49.972
[SHELL] ccA:353,2822881448,108822,2.705,0.227,0.000,0.000,3.85387,3.84886,201.02,-0.084,-0.008,-0.084,-0.008,-0.030,-0.004,1.00000,74.342
[SHELL] ccB:353,2147523677,1,-1.899,-0.730,2.629,50.095,50.047,49.905,50.094,50.048,49.906
[SHELL] ccA:354,2823000144,108823,0.719,-0.022,0.000,0.000,3.85458,3.85458,16.81,-0.045,-0.003,-0.045,-0.003,-0.031,-0.003,1.00000,74.342
[SHELL] ccB:354,19319,1,-0.558,-0.114,0.672,50.051,50.023,49.949,50.095,50.047,49.905
[SHELL] ccA:355,2823101428,108823,0.719,-0.022,0.000,0.000,3.85458,3.85314,200.96,-0.045,-0.003,-0.045,-0.003,-0.031,-0.003,1.00000,74.342
[SHELL] ccB:355,2147523687,1,-0.558,-0.114,0.672,50.051,50.023,49.949,50.051,50.023,49.949
[SHELL] ccA:356,2823220100,108824,0.417,-0.038,0.000,0.000,3.85400,3.85400,16.78,-0.039,-0.003,-0.039,-0.003,-0.031,-0.003,1.00000,74.342
[SHELL] ccB:356,19297,1,-0.340,-0.041,0.382,50.045,50.020,49.955,50.051,50.023,49.949
[SHELL] ccA:357,2823321440,108824,0.417,-0.038,0.000,0.000,3.85400,3.85759,201.01,-0.040,-0.003,-0.040,-0.003,-0.031,-0.003,1.00000,74.342
[SHELL] ccB:357,2147523681,1,-0.340,-0.041,0.382,50.045,50.021,49.955,50.045,50.020,49.955
[SHELL] ccA:358,2823440108,108825,1.691,-0.066,0.000,0.000,3.85776,3.85776,16.78,-0.066,-0.002,-0.066,-0.002,-0.032,-0.003,1.00000,74.342
[SHELL] ccB:358,19301,1,-1.319,-0.259,1.578,50.075,50.030,49.925,50.045,50.021,49.955
[SHELL] ccA:359,2823541452,108825,1.691,-0.066,0.000,0.000,3.85776,3.85151,201.06,-0.067,-0.002,-0.067,-0.002,-0.033,-0.003,1.00000,74.342
[SHELL] ccB:359,2147523675,1,-1.319,-0.259,1.578,50.076,50.029,49.924,50.075,50.030,49.925
[SHELL] ccA:360,2823660108,108826,0.662,0.251,0.000,0.000,3.84941,3.84941,16.78,-0.047,-0.009,-0.047,-0.009,-0.033,-0.004,1.00000,74.342
[SHELL] ccB:360,19301,1,-0.340,-0.368,0.708,50.052,50.034,49.948,50.076,50.029,49.924
[SHELL] ccA:361,2823761424,108826,0.662,0.251,0.000,0.000,3.84941,3.85123,201.00,-0.047,-0.009,-0.047,-0.009,-0.034,-0.004,1.00000,74.342
[SHELL] ccB:361,2147523689,1,-0.340,-0.368,0.708,50.052,50.035,49.948,50.052,50.034,49.948
[SHELL] ccA:362,2823880128,108827,-0.484,0.144,0.000,0.000,3.87284,3.87284,16.81,-0.024,-0.007,-0.024,-0.007,-0.033,-0.004,1.00000,74.342
[SHELL] ccB:362,19311,1,0.457,-0.041,-0.415,50.025,50.023,49.975,50.052,50.035,49.948
[SHELL] ccA:363,2823981424,108827,-0.484,0.144,0.000,0.000,3.87284,3.84868,200.97,-0.024,-0.007,-0.024,-0.007,-0.033,-0.004,1.00000,74.342
[SHELL] ccB:363,2147523689,1,0.457,-0.041,-0.415,50.026,50.022,49.974,50.025,50.023,49.975
[SHELL] ccA:364,2824100108,108828,-1.747,0.116,0.000,0.000,3.85298,3.85298,16.78,0.003,-0.006,0.003,-0.006,-0.032,-0.004,1.00000,74.342
[SHELL] ccB:364,19301,1,1.399,0.212,-1.612,49.992,50.008,50.001,50.026,50.022,49.974
[SHELL] ccA:365,2824201436,108828,-1.747,0.116,0.000,0.000,3.85298,3.84898,201.01,0.003,-0.006,0.003,-0.006,-0.031,-0.004,1.00000,74.342
[SHELL] ccB:365,2147523683,1,1.399,0.212,-1.612,49.992,50.008,50.002,49.992,50.008,50.001
[SHELL] ccA:366,2824320160,108829,0.622,0.478,0.000,0.000,3.85259,3.85259,16.81,-0.044,-0.014,-0.044,-0.014,-0.032,-0.004,1.00000,74.342
[SHELL] ccB:366,19327,1,-0.159,-0.585,0.744,50.048,50.044,49.952,49.992,50.008,50.002
[SHELL] ccA:367,2824421436,108829,0.622,0.478,0.000,0.000,3.85259,3.84904,200.97,-0.045,-0.014,-0.045,-0.014,-0.032,-0.004,1.00000,74.342
[SHELL] ccB:367,2147523683,1,-0.159,-0.585,0.744,50.048,50.044,49.952,50.048,50.044,49.952
[SHELL] ctrlcap v1 armed=0 count=512 clock_hz=550000000 decimation=1
[SHELL] ccA:index,cycles,seq,id,iq,idref,iqref,theta,actangle,age_us,vdreq,vqreq,vd,vq,intd,intq,scale,bus
[SHELL] ccB:index,timer,valid,ia,ib,ic,du,dv,dw,active_u,active_v,active_w
[SHELL] ccA:368,2824540116,108830,0.034,0.073,0.000,0.000,3.85477,3.85477,16.78,-0.033,-0.006,-0.033,-0.006,-0.032,-0.004,1.00000,74.342
[SHELL] ccB:368,19305,1,0.022,-0.078,0.056,50.036,50.024,49.964,50.048,50.044,49.952
[SHELL] ccA:369,2824641416,108830,0.034,0.073,0.000,0.000,3.85477,3.85163,200.99,-0.033,-0.006,-0.033,-0.006,-0.032,-0.004,1.00000,74.342
[SHELL] ccB:369,2147523693,1,0.022,-0.078,0.056,50.036,50.024,49.964,50.036,50.024,49.964
[SHELL] ccA:370,2824760100,108831,-0.446,0.127,0.000,0.000,3.85335,3.85335,16.78,-0.023,-0.007,-0.023,-0.007,-0.032,-0.005,1.00000,74.342
[SHELL] ccB:370,19297,1,0.421,-0.041,-0.379,50.025,50.023,49.975,50.036,50.024,49.964
[SHELL] ccA:371,2824861428,108831,-0.446,0.127,0.000,0.000,3.85335,3.85182,201.01,-0.023,-0.007,-0.023,-0.007,-0.032,-0.005,1.00000,73.902
[SHELL] ccB:371,2147523687,1,0.421,-0.041,-0.379,50.025,50.023,49.975,50.025,50.023,49.975
[SHELL] ccA:372,2824980128,108832,0.749,0.222,0.000,0.000,3.86726,3.86726,16.81,-0.047,-0.009,-0.047,-0.009,-0.032,-0.005,1.00000,73.902
[SHELL] ccB:372,19311,1,-0.413,-0.368,0.781,50.052,50.037,49.948,50.025,50.023,49.975
[SHELL] ccA:373,2825081428,108832,0.749,0.222,0.000,0.000,3.86726,3.85348,201.01,-0.047,-0.009,-0.047,-0.009,-0.032,-0.005,1.00000,73.902
[SHELL] ccB:373,2147523687,1,-0.413,-0.368,0.781,50.053,50.037,49.947,50.052,50.037,49.948
[SHELL] ccA:374,2825200156,108833,-0.007,-0.030,0.000,0.000,3.85472,3.85472,16.81,-0.032,-0.004,-0.032,-0.004,-0.032,-0.005,1.00000,74.342
[SHELL] ccB:374,19325,1,-0.014,0.031,-0.017,50.036,50.021,49.964,50.053,50.037,49.947
[SHELL] ccA:375,2825301424,108833,-0.007,-0.030,0.000,0.000,3.85472,3.84476,200.99,-0.032,-0.004,-0.032,-0.004,-0.032,-0.005,1.00000,74.342
[SHELL] ccB:375,2147523689,1,-0.014,0.031,-0.017,50.036,50.020,49.964,50.036,50.021,49.964
[SHELL] ccA:376,2825420092,108834,-0.009,-0.584,0.000,0.000,3.85840,3.85840,16.78,-0.032,0.007,-0.032,0.007,-0.032,-0.004,1.00000,74.342
[SHELL] ccB:376,19293,1,-0.377,0.575,-0.198,50.038,49.998,49.962,50.036,50.020,49.964
[SHELL] ccA:377,2825521480,108834,-0.009,-0.584,0.000,0.000,3.85840,3.85615,201.10,-0.032,0.007,-0.032,0.007,-0.032,-0.004,1.00000,74.342
[SHELL] ccB:377,2147523661,1,-0.377,0.575,-0.198,50.038,49.998,49.962,50.038,49.998,49.962
[SHELL] ccA:378,2825640104,108835,-0.158,-0.038,0.000,0.000,3.85782,3.85782,16.78,-0.029,-0.003,-0.029,-0.003,-0.032,-0.004,1.00000,74.342
[SHELL] ccB:378,19299,1,0.095,0.067,-0.162,50.033,50.018,49.967,50.038,49.998,49.962
[SHELL] ccA:379,2825741432,108835,-0.158,-0.038,0.000,0.000,3.85782,3.84480,200.99,-0.029,-0.003,-0.029,-0.003,-0.032,-0.004,1.00000,74.342
[SHELL] ccB:379,2147523685,1,0.095,0.067,-0.162,50.033,50.017,49.967,50.033,50.018,49.967
[SHELL] ccA:380,2825860108,108836,0.376,-0.141,0.000,0.000,3.85600,3.85600,16.78,-0.040,-0.001,-0.040,-0.001,-0.032,-0.004,1.00000,74.342
[SHELL] ccB:380,19301,1,-0.377,0.067,0.309,50.045,50.018,49.955,50.033,50.017,49.967
[SHELL] ccA:381,2825961424,108836,0.376,-0.141,0.000,0.000,3.85600,3.84975,201.02,-0.040,-0.001,-0.040,-0.001,-0.033,-0.004,1.00000,74.342
[SHELL] ccB:381,2147523689,1,-0.377,0.067,0.309,50.046,50.017,49.954,50.045,50.018,49.955
[SHELL] ccA:382,2826080144,108837,1.552,1.443,0.000,0.000,3.85378,3.85378,16.78,-0.064,-0.034,-0.064,-0.034,-0.033,-0.005,1.00000,74.342
[SHELL] ccB:382,19319,1,-0.232,-1.709,1.940,50.054,50.079,49.921,50.046,50.017,49.954
[SHELL] ccA:383,2826181460,108837,1.552,1.443,0.000,0.000,3.85378,3.84458,200.99,-0.065,-0.034,-0.065,-0.034,-0.034,-0.005,1.00000,74.342
[SHELL] ccB:383,2147523671,1,-0.232,-1.709,1.940,50.056,50.080,49.920,50.054,50.079,49.921
[SHELL] ctrlcap v1 armed=0 count=512 clock_hz=550000000 decimation=1
[SHELL] ccA:index,cycles,seq,id,iq,idref,iqref,theta,actangle,age_us,vdreq,vqreq,vd,vq,intd,intq,scale,bus
[SHELL] ccB:index,timer,valid,ia,ib,ic,du,dv,dw,active_u,active_v,active_w
[SHELL] ccA:384,2826300096,108838,-0.569,0.040,0.000,0.000,3.85286,3.85286,16.78,-0.022,-0.006,-0.022,-0.006,-0.034,-0.005,1.00000,74.342
[SHELL] ccB:384,19295,1,0.457,0.067,-0.524,50.024,50.021,49.976,50.056,50.080,49.920
[SHELL] ccA:385,2826401424,108838,-0.569,0.040,0.000,0.000,3.85286,3.84892,200.99,-0.022,-0.006,-0.022,-0.006,-0.034,-0.005,1.00000,74.342
[SHELL] ccB:385,2147523689,1,0.457,0.067,-0.524,50.024,50.021,49.976,50.024,50.021,49.976
[SHELL] ccA:386,2826520124,108839,0.364,0.451,0.000,0.000,3.85964,3.85964,16.81,-0.041,-0.015,-0.041,-0.015,-0.034,-0.006,1.00000,74.342
[SHELL] ccB:386,19309,1,0.022,-0.513,0.491,50.043,50.044,49.956,50.024,50.021,49.976
[SHELL] ccA:387,2826621416,108839,0.364,0.451,0.000,0.000,3.85964,3.84815,200.99,-0.041,-0.015,-0.041,-0.015,-0.034,-0.006,1.00000,74.342
[SHELL] ccB:387,2147523693,1,0.022,-0.513,0.491,50.044,50.045,49.955,50.043,50.044,49.956
[SHELL] ccA:388,2826740152,108840,0.308,-0.386,0.000,0.000,3.85520,3.85520,16.81,-0.040,0.002,-0.040,0.002,-0.034,-0.006,1.00000,74.342
[SHELL] ccB:388,19323,1,-0.485,0.321,0.164,50.046,50.012,49.954,50.044,50.045,49.955
[SHELL] ccA:389,2826841424,108840,0.308,-0.386,0.000,0.000,3.85520,3.85292,200.98,-0.040,0.002,-0.040,0.002,-0.034,-0.006,1.00000,74.342
[SHELL] ccB:389,2147523689,1,-0.485,0.321,0.164,50.047,50.011,49.953,50.046,50.012,49.954
[SHELL] ccA:390,2826960140,108841,-0.338,0.252,0.000,0.000,3.84892,3.84892,16.81,-0.027,-0.011,-0.027,-0.011,-0.034,-0.006,1.00000,74.342
[SHELL] ccB:390,19317,1,0.421,-0.186,-0.234,50.028,50.030,49.970,50.047,50.011,49.953
[SHELL] ccA:391,2827061428,108841,-0.338,0.252,0.000,0.000,3.84892,3.84901,200.94,-0.027,-0.011,-0.027,-0.011,-0.034,-0.006,1.00000,74.342
[SHELL] ccB:391,2147523687,1,0.421,-0.186,-0.234,50.027,50.030,49.970,50.028,50.030,49.970
[SHELL] ccA:392,2827180112,108842,0.171,0.009,0.000,0.000,3.85477,3.85477,16.78,-0.037,-0.006,-0.037,-0.006,-0.034,-0.006,1.00000,74.342
[SHELL] ccB:392,19303,1,-0.123,-0.041,0.164,50.041,50.026,49.959,50.027,50.030,49.970
[SHELL] ccA:393,2827281416,108842,0.171,0.009,0.000,0.000,3.85477,3.84858,200.98,-0.038,-0.006,-0.038,-0.006,-0.034,-0.006,1.00000,74.342
[SHELL] ccB:393,2147523693,1,-0.123,-0.041,0.164,50.042,50.026,49.958,50.041,50.026,49.959
[SHELL] ccA:394,2827400156,108843,-0.404,-0.212,0.000,0.000,3.85443,3.85443,16.81,-0.026,-0.002,-0.026,-0.002,-0.034,-0.006,1.00000,74.342
[SHELL] ccB:394,19325,1,0.167,0.285,-0.452,50.029,50.013,49.971,50.042,50.026,49.958
[SHELL] ccA:395,2827501472,108843,-0.404,-0.212,0.000,0.000,3.85443,3.85314,201.02,-0.026,-0.001,-0.026,-0.001,-0.034,-0.006,1.00000,73.902
[SHELL] ccB:395,2147523665,1,0.167,0.285,-0.452,50.029,50.013,49.971,50.029,50.013,49.971
[SHELL] ccA:396,2827620612,108844,-0.158,-0.259,0.000,0.000,3.85716,3.85716,16.78,-0.030,-0.000,-0.030,-0.000,-0.034,-0.005,1.00000,73.902
[SHELL] ccB:396,19553,1,-0.050,0.285,-0.234,50.035,50.013,49.965,50.029,50.013,49.971
[SHELL] ccA:397,2827721416,108844,-0.158,-0.259,0.000,0.000,3.85716,3.85071,200.99,-0.030,-0.000,-0.030,-0.000,-0.034,-0.005,1.00000,73.902
[SHELL] ccB:397,2147523693,1,-0.050,0.285,-0.234,50.035,50.012,49.965,50.035,50.013,49.965
[SHELL] ccA:398,2827840100,108845,1.281,-0.314,0.000,0.000,3.85442,3.85442,16.78,-0.060,0.001,-0.060,0.001,-0.034,-0.005,1.00000,74.342
[SHELL] ccB:398,19297,1,-1.174,0.067,1.107,50.069,50.021,49.931,50.035,50.012,49.965
[SHELL] ccA:399,2827941428,108845,1.281,-0.314,0.000,0.000,3.85442,3.85575,201.01,-0.060,0.001,-0.060,0.001,-0.035,-0.005,1.00000,74.342
[SHELL] ccB:399,2147523687,1,-1.174,0.067,1.107,50.069,50.021,49.931,50.069,50.021,49.931
[SHELL] ctrlcap v1 armed=0 count=512 clock_hz=550000000 decimation=1
[SHELL] ccA:index,cycles,seq,id,iq,idref,iqref,theta,actangle,age_us,vdreq,vqreq,vd,vq,intd,intq,scale,bus
[SHELL] ccB:index,timer,valid,ia,ib,ic,du,dv,dw,active_u,active_v,active_w
[SHELL] ccA:400,2828060112,108846,-0.335,0.255,0.000,0.000,3.85797,3.85797,16.78,-0.028,-0.010,-0.028,-0.010,-0.035,-0.005,1.00000,74.342
[SHELL] ccB:400,19303,1,0.421,-0.186,-0.234,50.029,50.030,49.970,50.069,50.021,49.931
[SHELL] ccA:401,2828161456,108846,-0.335,0.255,0.000,0.000,3.85797,3.85197,201.06,-0.028,-0.010,-0.028,-0.010,-0.034,-0.005,1.00000,74.342
[SHELL] ccB:401,2147523673,1,0.421,-0.186,-0.234,50.029,50.030,49.970,50.029,50.030,49.970
[SHELL] ccA:402,2828280152,108847,0.116,0.057,0.000,0.000,3.85178,3.85178,16.81,-0.037,-0.007,-0.037,-0.007,-0.035,-0.005,1.00000,74.342
[SHELL] ccB:402,19323,1,-0.050,-0.078,0.128,50.041,50.027,49.959,50.029,50.030,49.970
[SHELL] ccA:403,2828381440,108847,0.116,0.057,0.000,0.000,3.85178,3.85105,201.01,-0.037,-0.007,-0.037,-0.007,-0.035,-0.005,1.00000,74.342
[SHELL] ccB:403,2147523681,1,-0.050,-0.078,0.128,50.041,50.027,49.959,50.041,50.027,49.959
[SHELL] ccA:404,2828500168,108848,0.403,0.113,0.000,0.000,3.85243,3.85243,16.81,-0.043,-0.008,-0.043,-0.008,-0.035,-0.005,1.00000,74.342
[SHELL] ccB:404,19331,1,-0.232,-0.186,0.418,50.047,50.032,49.953,50.041,50.027,49.959
[SHELL] ccA:405,2828601432,108848,0.403,0.113,0.000,0.000,3.85243,3.85006,200.90,-0.043,-0.008,-0.043,-0.008,-0.035,-0.005,1.00000,74.342
[SHELL] ccB:405,2147523685,1,-0.232,-0.186,0.418,50.048,50.031,49.952,50.047,50.032,49.953
[SHELL] ccA:406,2828720100,108849,-0.899,0.323,0.000,0.000,3.85181,3.85181,16.78,-0.017,-0.012,-0.017,-0.012,-0.035,-0.006,1.00000,74.342
[SHELL] ccB:406,19297,1,0.892,-0.150,-0.742,50.009,50.023,49.977,50.048,50.031,49.952
[SHELL] ccA:407,2828821452,108849,-0.899,0.323,0.000,0.000,3.85181,3.85243,201.06,-0.016,-0.012,-0.016,-0.012,-0.034,-0.006,1.00000,74.342
[SHELL] ccB:407,2147523675,1,0.892,-0.150,-0.742,50.008,50.023,49.977,50.009,50.023,49.977
[SHELL] ccA:408,2828940112,108850,0.267,-0.267,0.000,0.000,3.85219,3.85219,16.78,-0.040,-0.000,-0.040,-0.000,-0.034,-0.006,1.00000,74.342
[SHELL] ccB:408,19303,1,-0.377,0.212,0.164,50.045,50.016,49.955,50.008,50.023,49.977
[SHELL] ccA:409,2829041420,108850,0.267,-0.267,0.000,0.000,3.85219,3.84923,200.98,-0.040,-0.000,-0.040,-0.000,-0.034,-0.006,1.00000,74.342
[SHELL] ccB:409,2147523691,1,-0.377,0.212,0.164,50.045,50.015,49.955,50.045,50.016,49.955
[SHELL] ccA:410,2829160100,108851,0.089,-0.086,0.000,0.000,3.85594,3.85594,16.78,-0.036,-0.004,-0.036,-0.004,-0.034,-0.005,1.00000,74.342
[SHELL] ccB:410,19297,1,-0.123,0.067,0.056,50.041,50.021,49.959,50.045,50.015,49.955
[SHELL] ccA:411,2829261428,108851,0.089,-0.086,0.000,0.000,3.85594,3.84587,201.01,-0.036,-0.004,-0.036,-0.004,-0.034,-0.005,1.00000,74.342
[SHELL] ccB:411,2147523687,1,-0.123,0.067,0.056,50.041,50.021,49.959,50.041,50.021,49.959
[SHELL] ccA:412,2829380100,108852,0.595,0.001,0.000,0.000,3.85689,3.85689,16.78,-0.047,-0.006,-0.047,-0.006,-0.035,-0.005,1.00000,74.342
[SHELL] ccB:412,19297,1,-0.449,-0.114,0.563,50.052,50.029,49.948,50.041,50.021,49.959
[SHELL] ccA:413,2829481520,108852,0.595,0.001,0.000,0.000,3.85689,3.85511,201.18,-0.047,-0.006,-0.047,-0.006,-0.035,-0.005,1.00000,74.342
[SHELL] ccB:413,2147523641,1,-0.449,-0.114,0.563,50.053,50.029,49.947,50.052,50.029,49.948
[SHELL] ccA:414,2829600160,108853,-0.281,-0.015,0.000,0.000,3.85372,3.85372,16.81,-0.029,-0.005,-0.029,-0.005,-0.035,-0.005,1.00000,74.342
[SHELL] ccB:414,19327,1,0.203,0.067,-0.271,50.032,50.021,49.968,50.053,50.029,49.947
[SHELL] ccA:415,2829701408,108853,-0.281,-0.015,0.000,0.000,3.85372,3.85111,200.90,-0.029,-0.005,-0.029,-0.005,-0.035,-0.005,1.00000,74.342
[SHELL] ccB:415,2147523697,1,0.203,0.067,-0.271,50.032,50.021,49.968,50.032,50.021,49.968
[SHELL] ctrlcap v1 armed=0 count=512 clock_hz=550000000 decimation=1
[SHELL] ccA:index,cycles,seq,id,iq,idref,iqref,theta,actangle,age_us,vdreq,vqreq,vd,vq,intd,intq,scale,bus
[SHELL] ccB:index,timer,valid,ia,ib,ic,du,dv,dw,active_u,active_v,active_w
[SHELL] ccA:416,2829820104,108854,-0.857,-0.568,0.000,0.000,3.85560,3.85560,16.78,-0.017,0.006,-0.017,0.006,-0.034,-0.005,1.00000,74.342
[SHELL] ccB:416,19299,1,0.276,0.720,-0.995,50.021,49.994,49.979,50.032,50.021,49.968
[SHELL] ccA:417,2829921436,108854,-0.857,-0.568,0.000,0.000,3.85560,3.85355,201.03,-0.017,0.006,-0.017,0.006,-0.034,-0.005,1.00000,74.342
[SHELL] ccB:417,2147523683,1,0.276,0.720,-0.995,50.021,49.994,49.979,50.021,49.994,49.979
[SHELL] ccA:418,2830040092,108855,-0.403,-0.435,0.000,0.000,3.85151,3.85151,16.78,-0.026,0.004,-0.026,0.004,-0.034,-0.005,1.00000,74.342
[SHELL] ccB:418,19293,1,0.022,0.502,-0.524,50.030,50.002,49.970,50.021,49.994,49.979
[SHELL] ccA:419,2830141428,108855,-0.403,-0.435,0.000,0.000,3.85151,3.85274,200.99,-0.025,0.004,-0.025,0.004,-0.034,-0.004,1.00000,74.342
[SHELL] ccB:419,2147523687,1,0.022,0.502,-0.524,50.030,50.001,49.970,50.030,50.002,49.970
[SHELL] ccA:420,2830260136,108856,0.623,0.143,0.000,0.000,3.85618,3.85618,16.81,-0.046,-0.007,-0.046,-0.007,-0.034,-0.004,1.00000,74.342
[SHELL] ccB:420,19315,1,-0.377,-0.259,0.636,50.051,50.032,49.949,50.030,50.001,49.970
[SHELL] ccA:421,2830361480,108856,0.623,0.143,0.000,0.000,3.85618,3.85126,201.08,-0.047,-0.008,-0.047,-0.008,-0.034,-0.005,1.00000,74.342
[SHELL] ccB:421,2147523661,1,-0.377,-0.259,0.636,50.052,50.032,49.948,50.051,50.032,49.949
[SHELL] ccA:422,2830480108,108857,-0.185,-0.181,0.000,0.000,3.85219,3.85219,16.78,-0.030,-0.001,-0.030,-0.001,-0.034,-0.004,1.00000,74.342
[SHELL] ccB:422,19301,1,0.022,0.212,-0.234,50.035,50.013,49.965,50.052,50.032,49.948
[SHELL] ccA:423,2830581452,108857,-0.185,-0.181,0.000,0.000,3.85219,3.85610,201.03,-0.030,-0.001,-0.030,-0.001,-0.034,-0.004,1.00000,73.902
[SHELL] ccB:423,2147523675,1,0.022,0.212,-0.234,50.035,50.013,49.965,50.035,50.013,49.965
[SHELL] ccA:424,2830700152,108858,0.567,0.194,0.000,0.000,3.85040,3.85040,16.81,-0.046,-0.008,-0.046,-0.008,-0.034,-0.004,1.00000,74.342
[SHELL] ccB:424,19323,1,-0.304,-0.295,0.599,50.050,50.034,49.950,50.035,50.013,49.965
[SHELL] ccA:425,2830801416,108858,0.567,0.194,0.000,0.000,3.85040,3.85145,200.92,-0.046,-0.009,-0.046,-0.009,-0.035,-0.005,1.00000,74.342
[SHELL] ccB:425,2147523693,1,-0.304,-0.295,0.599,50.051,50.034,49.949,50.050,50.034,49.950
[SHELL] ccA:426,2830920132,108859,0.049,0.365,0.000,0.000,3.85828,3.85828,16.81,-0.036,-0.012,-0.036,-0.012,-0.035,-0.005,1.00000,74.342
[SHELL] ccB:426,19313,1,0.203,-0.368,0.164,50.038,50.038,49.962,50.051,50.034,49.949
[SHELL] ccA:427,2831021428,108859,0.049,0.365,0.000,0.000,3.85828,3.86086,200.98,-0.036,-0.012,-0.036,-0.012,-0.035,-0.005,1.00000,74.342
[SHELL] ccB:427,2147523687,1,0.203,-0.368,0.164,50.038,50.038,49.962,50.038,50.038,49.962
[SHELL] ccA:428,2831140136,108860,-0.131,0.215,0.000,0.000,3.85557,3.85557,16.78,-0.032,-0.009,-0.032,-0.009,-0.035,-0.005,1.00000,74.342
[SHELL] ccB:428,19315,1,0.239,-0.186,-0.053,50.034,50.031,49.966,50.038,50.038,49.962
[SHELL] ccA:429,2831241436,108860,-0.131,0.215,0.000,0.000,3.85557,3.84742,200.97,-0.032,-0.010,-0.032,-0.010,-0.034,-0.005,1.00000,74.342
[SHELL] ccB:429,2147523683,1,0.239,-0.186,-0.053,50.034,50.031,49.966,50.034,50.031,49.966
[SHELL] ccA:430,2831360208,108861,0.620,1.142,0.000,0.000,3.85255,3.85255,16.81,-0.047,-0.029,-0.047,-0.029,-0.035,-0.006,1.00000,74.342
[SHELL] ccB:430,19351,1,0.276,-1.238,0.962,50.034,50.061,49.939,50.034,50.031,49.966
[SHELL] ccA:431,2831461508,108861,0.620,1.142,0.000,0.000,3.85255,3.85425,201.00,-0.047,-0.029,-0.047,-0.029,-0.035,-0.006,1.00000,74.342
[SHELL] ccB:431,2147523647,1,0.276,-1.238,0.962,50.034,50.062,49.938,50.034,50.061,49.939
[SHELL] ctrlcap v1 armed=0 count=512 clock_hz=550000000 decimation=1
[SHELL] ccA:index,cycles,seq,id,iq,idref,iqref,theta,actangle,age_us,vdreq,vqreq,vd,vq,intd,intq,scale,bus
[SHELL] ccB:index,timer,valid,ia,ib,ic,du,dv,dw,active_u,active_v,active_w
[SHELL] ccA:432,2831580128,108862,0.212,0.112,0.000,0.000,3.85812,3.85812,16.81,-0.039,-0.009,-0.039,-0.009,-0.035,-0.006,1.00000,74.342
[SHELL] ccB:432,19311,1,-0.087,-0.150,0.237,50.043,50.032,49.957,50.034,50.062,49.938
[SHELL] ccA:433,2831681460,108862,0.212,0.112,0.000,0.000,3.85812,3.85024,201.02,-0.040,-0.009,-0.040,-0.009,-0.035,-0.006,1.00000,74.342
[SHELL] ccB:433,2147523671,1,-0.087,-0.150,0.237,50.043,50.032,49.957,50.043,50.032,49.957
[SHELL] ccA:434,2831800152,108863,-0.035,-0.062,0.000,0.000,3.85393,3.85393,16.81,-0.035,-0.005,-0.035,-0.005,-0.035,-0.006,1.00000,74.342
[SHELL] ccB:434,19323,1,-0.014,0.067,-0.053,50.038,50.023,49.962,50.043,50.032,49.957
[SHELL] ccA:435,2831901420,108863,-0.035,-0.062,0.000,0.000,3.85393,3.85521,200.92,-0.035,-0.005,-0.035,-0.005,-0.035,-0.006,1.00000,74.342
[SHELL] ccB:435,2147523691,1,-0.014,0.067,-0.053,50.038,50.023,49.962,50.038,50.023,49.962
[SHELL] ccA:436,2832020140,108864,0.708,0.343,0.000,0.000,3.86501,3.86501,16.81,-0.050,-0.013,-0.050,-0.013,-0.036,-0.007,1.00000,74.342
[SHELL] ccB:436,19317,1,-0.304,-0.476,0.781,50.054,50.047,49.946,50.038,50.023,49.962
[SHELL] ccA:437,2832121448,108864,0.708,0.343,0.000,0.000,3.86501,3.84972,201.03,-0.050,-0.014,-0.050,-0.014,-0.036,-0.007,1.00000,74.342
[SHELL] ccB:437,2147523677,1,-0.304,-0.476,0.781,50.054,50.046,49.946,50.054,50.047,49.946
[SHELL] ccA:438,2832240116,108865,-0.213,0.009,0.000,0.000,3.85206,3.85206,16.78,-0.032,-0.007,-0.032,-0.007,-0.036,-0.007,1.00000,74.342
[SHELL] ccB:438,19305,1,0.167,0.031,-0.198,50.035,50.026,49.965,50.054,50.046,49.946
[SHELL] ccA:439,2832341436,108865,-0.213,0.009,0.000,0.000,3.85206,3.84797,201.02,-0.031,-0.007,-0.031,-0.007,-0.036,-0.007,1.00000,74.342
[SHELL] ccB:439,2147523683,1,0.167,0.031,-0.198,50.035,50.025,49.965,50.035,50.026,49.965
[SHELL] ccA:440,2832460100,108866,0.828,-0.228,0.000,0.000,3.85485,3.85485,16.78,-0.053,-0.002,-0.053,-0.002,-0.036,-0.007,1.00000,74.342
[SHELL] ccB:440,19297,1,-0.775,0.067,0.708,50.060,50.024,49.940,50.035,50.025,49.965
[SHELL] ccA:441,2832561428,108866,0.828,-0.228,0.000,0.000,3.85485,3.85425,201.02,-0.053,-0.002,-0.053,-0.002,-0.037,-0.006,1.00000,74.342
[SHELL] ccB:441,2147523687,1,-0.775,0.067,0.708,50.060,50.024,49.940,50.060,50.024,49.940
[SHELL] ccA:442,2832680112,108867,0.363,0.011,0.000,0.000,3.85169,3.85169,16.78,-0.044,-0.007,-0.044,-0.007,-0.037,-0.006,1.00000,74.342
[SHELL] ccB:442,19303,1,-0.268,-0.078,0.346,50.049,50.030,49.951,50.060,50.024,49.940
[SHELL] ccA:443,2832781452,108867,0.363,0.011,0.000,0.000,3.85169,3.84670,201.04,-0.044,-0.007,-0.044,-0.007,-0.037,-0.006,1.00000,74.342
[SHELL] ccB:443,2147523675,1,-0.268,-0.078,0.346,50.049,50.030,49.951,50.049,50.030,49.951
[SHELL] ccA:444,2832900144,108868,0.405,-0.217,0.000,0.000,3.84886,3.84886,16.81,-0.045,-0.002,-0.045,-0.002,-0.037,-0.006,1.00000,74.342
[SHELL] ccB:444,19319,1,-0.449,0.140,0.309,50.051,50.021,49.949,50.049,50.030,49.951
[SHELL] ccA:445,2833001424,108868,0.405,-0.217,0.000,0.000,3.84886,3.85271,200.95,-0.045,-0.002,-0.045,-0.002,-0.037,-0.006,1.00000,74.342
[SHELL] ccB:445,2147523689,1,-0.449,0.140,0.309,50.052,50.021,49.948,50.051,50.021,49.949
[SHELL] ccA:446,2833120096,108869,0.280,0.024,0.000,0.000,3.86047,3.86047,16.78,-0.043,-0.007,-0.043,-0.007,-0.037,-0.006,1.00000,74.342
[SHELL] ccB:446,19295,1,-0.195,-0.078,0.273,50.048,50.030,49.952,50.052,50.021,49.948
[SHELL] ccA:447,2833221428,108869,0.280,0.024,0.000,0.000,3.86047,3.84827,200.99,-0.043,-0.007,-0.043,-0.007,-0.038,-0.006,1.00000,74.342
[SHELL] ccB:447,2147523687,1,-0.195,-0.078,0.273,50.048,50.029,49.952,50.048,50.030,49.952
[SHELL] ctrlcap v1 armed=0 count=512 clock_hz=550000000 decimation=1
[SHELL] ccA:index,cycles,seq,id,iq,idref,iqref,theta,actangle,age_us,vdreq,vqreq,vd,vq,intd,intq,scale,bus
[SHELL] ccB:index,timer,valid,ia,ib,ic,du,dv,dw,active_u,active_v,active_w
[SHELL] ccA:448,2833340104,108870,0.760,0.190,0.000,0.000,3.85674,3.85674,16.78,-0.053,-0.010,-0.053,-0.010,-0.038,-0.006,1.00000,74.342
[SHELL] ccB:448,19299,1,-0.449,-0.331,0.781,50.059,50.041,49.941,50.048,50.029,49.952
[SHELL] ccA:449,2833441484,108870,0.760,0.190,0.000,0.000,3.85674,3.85265,201.11,-0.054,-0.010,-0.054,-0.010,-0.038,-0.006,1.00000,74.342
[SHELL] ccB:449,2147523659,1,-0.449,-0.331,0.781,50.059,50.041,49.941,50.059,50.041,49.941
[SHELL] ccA:450,2833560148,108871,1.842,-0.718,0.000,0.000,3.85521,3.85521,16.78,-0.076,0.008,-0.076,0.008,-0.039,-0.006,1.00000,74.342
[SHELL] ccB:450,19321,1,-1.863,0.357,1.505,50.089,50.013,49.911,50.059,50.041,49.941
[SHELL] ccA:451,2833661468,108871,1.842,-0.718,0.000,0.000,3.85521,3.84668,201.04,-0.077,0.009,-0.077,0.009,-0.040,-0.006,1.00000,73.902
[SHELL] ccB:451,2147523667,1,-1.863,0.357,1.505,50.091,50.011,49.909,50.089,50.013,49.911
[SHELL] ccA:452,2833780112,108872,0.116,0.057,0.000,0.000,3.85074,3.85074,16.78,-0.043,-0.007,-0.043,-0.007,-0.040,-0.006,1.00000,74.342
[SHELL] ccB:452,19303,1,-0.050,-0.078,0.128,50.047,50.030,49.953,50.091,50.011,49.909
[SHELL] ccA:453,2833881436,108872,0.116,0.057,0.000,0.000,3.85074,3.85653,201.01,-0.043,-0.007,-0.043,-0.007,-0.040,-0.006,1.00000,74.342
[SHELL] ccB:453,2147523683,1,-0.050,-0.078,0.128,50.047,50.030,49.953,50.047,50.030,49.953
[SHELL] ccA:454,2834000100,108873,-0.449,-0.645,0.000,0.000,3.86075,3.86075,16.78,-0.031,0.007,-0.031,0.007,-0.040,-0.005,1.00000,74.342
[SHELL] ccB:454,19297,1,-0.087,0.720,-0.633,50.037,49.998,49.963,50.047,50.030,49.953
[SHELL] ccA:455,2834101432,108873,-0.449,-0.645,0.000,0.000,3.86075,3.85434,201.02,-0.031,0.008,-0.031,0.008,-0.040,-0.005,1.00000,74.342
[SHELL] ccB:455,2147523685,1,-0.087,0.720,-0.633,50.037,49.997,49.963,50.037,49.998,49.963
[SHELL] ccA:456,2834220124,108874,-0.048,-0.244,0.000,0.000,3.85405,3.85405,16.81,-0.039,-0.000,-0.039,-0.000,-0.040,-0.005,1.00000,74.342
[SHELL] ccB:456,19309,1,-0.123,0.248,-0.126,50.044,50.015,49.956,50.037,49.997,49.963
[SHELL] ccA:457,2834321476,108874,-0.048,-0.244,0.000,0.000,3.85405,3.84948,201.09,-0.039,-0.000,-0.039,-0.000,-0.040,-0.005,1.00000,74.342
[SHELL] ccB:457,2147523663,1,-0.123,0.248,-0.126,50.044,50.015,49.956,50.044,50.015,49.956
[SHELL] ccA:458,2834440144,108875,-0.323,0.102,0.000,0.000,3.84939,3.84939,16.81,-0.033,-0.007,-0.033,-0.007,-0.040,-0.005,1.00000,74.342
[SHELL] ccB:458,19319,1,0.312,-0.041,-0.271,50.037,50.026,49.963,50.044,50.015,49.956
[SHELL] ccA:459,2834541440,108875,-0.323,0.102,0.000,0.000,3.84939,3.84756,200.97,-0.033,-0.007,-0.033,-0.007,-0.040,-0.005,1.00000,74.342
[SHELL] ccB:459,2147523681,1,0.312,-0.041,-0.271,50.036,50.026,49.964,50.037,50.026,49.963
[SHELL] ccA:460,2834660092,108876,0.103,-0.236,0.000,0.000,3.85369,3.85369,16.78,-0.042,-0.000,-0.042,-0.000,-0.040,-0.005,1.00000,74.342
[SHELL] ccB:460,19293,1,-0.232,0.212,0.019,50.048,50.016,49.952,50.036,50.026,49.964
[SHELL] ccA:461,2834761452,108876,0.103,-0.236,0.000,0.000,3.85369,3.85037,201.06,-0.042,-0.000,-0.042,-0.000,-0.040,-0.005,1.00000,74.342
[SHELL] ccB:461,2147523675,1,-0.232,0.212,0.019,50.048,50.016,49.952,50.048,50.016,49.952
[SHELL] ccA:462,2834880124,108877,-1.405,-1.725,0.000,0.000,3.84781,3.84781,16.81,-0.011,0.030,-0.011,0.030,-0.039,-0.004,1.00000,74.342
[SHELL] ccB:462,19309,1,-0.050,1.952,-1.901,50.038,49.962,50.000,50.048,50.016,49.952
[SHELL] ccA:463,2834981436,108877,-1.405,-1.725,0.000,0.000,3.84781,3.85287,200.99,-0.010,0.031,-0.010,0.031,-0.038,-0.003,1.00000,74.342
[SHELL] ccB:463,2147523683,1,-0.050,1.952,-1.901,50.038,49.962,50.002,50.038,49.962,50.000
[SHELL] ctrlcap v1 armed=0 count=512 clock_hz=550000000 decimation=1
[SHELL] ccA:index,cycles,seq,id,iq,idref,iqref,theta,actangle,age_us,vdreq,vqreq,vd,vq,intd,intq,scale,bus
[SHELL] ccB:index,timer,valid,ia,ib,ic,du,dv,dw,active_u,active_v,active_w
[SHELL] ccA:464,2835100108,108878,-1.062,0.136,0.000,0.000,3.85550,3.85550,16.78,-0.016,-0.006,-0.016,-0.006,-0.038,-0.003,1.00000,74.342
[SHELL] ccB:464,19301,1,0.892,0.067,-0.959,50.017,50.018,49.982,50.038,49.962,50.002
[SHELL] ccA:465,2835201424,108878,-1.062,0.136,0.000,0.000,3.85550,3.85219,201.01,-0.016,-0.006,-0.016,-0.006,-0.037,-0.003,1.00000,74.342
[SHELL] ccB:465,2147523689,1,0.892,0.067,-0.959,50.016,50.017,49.983,50.017,50.018,49.982
[SHELL] ccA:466,2835320108,108879,0.185,0.302,0.000,0.000,3.85568,3.85568,16.78,-0.041,-0.009,-0.041,-0.009,-0.037,-0.003,1.00000,74.342
[SHELL] ccB:466,19301,1,0.058,-0.331,0.273,50.045,50.034,49.955,50.016,50.017,49.983
[SHELL] ccA:467,2835421448,108879,0.185,0.302,0.000,0.000,3.85568,3.85602,201.05,-0.041,-0.010,-0.041,-0.010,-0.037,-0.003,1.00000,74.342
[SHELL] ccB:467,2147523677,1,0.058,-0.331,0.273,50.045,50.035,49.955,50.045,50.034,49.955
[SHELL] ccA:468,2835540148,108880,0.225,0.294,0.000,0.000,3.85424,3.85424,16.81,-0.042,-0.010,-0.042,-0.010,-0.037,-0.004,1.00000,74.342
[SHELL] ccB:468,19321,1,0.022,-0.331,0.309,50.046,50.035,49.954,50.045,50.035,49.955
[SHELL] ccA:469,2835641428,108880,0.225,0.294,0.000,0.000,3.85424,3.85184,200.98,-0.042,-0.010,-0.042,-0.010,-0.038,-0.004,1.00000,74.342
[SHELL] ccB:469,2147523687,1,0.022,-0.331,0.309,50.046,50.035,49.954,50.046,50.035,49.954
[SHELL] ccA:470,2835760108,108881,-0.705,-0.230,0.000,0.000,3.85221,3.85221,16.78,-0.023,0.001,-0.023,0.001,-0.037,-0.004,1.00000,74.342
[SHELL] ccB:470,19301,1,0.384,0.357,-0.742,50.027,50.007,49.973,50.046,50.035,49.954
[SHELL] ccA:471,2835861420,108881,-0.705,-0.230,0.000,0.000,3.85221,3.84865,201.02,-0.023,0.001,-0.023,0.001,-0.037,-0.004,1.00000,74.342
[SHELL] ccB:471,2147523691,1,0.384,0.357,-0.742,50.026,50.007,49.974,50.027,50.007,49.973
[SHELL] ccA:472,2835980108,108882,0.966,-0.177,0.000,0.000,3.85200,3.85200,16.78,-0.057,-0.000,-0.057,-0.000,-0.037,-0.003,1.00000,74.342
[SHELL] ccB:472,19301,1,-0.848,-0.005,0.853,50.065,50.021,49.935,50.026,50.007,49.974
[SHELL] ccA:473,2836081424,108882,0.966,-0.177,0.000,0.000,3.85200,3.85277,200.99,-0.057,0.000,-0.057,0.000,-0.038,-0.003,1.00000,74.342
[SHELL] ccB:473,2147523689,1,-0.848,-0.005,0.853,50.065,50.021,49.935,50.065,50.021,49.935
[SHELL] ccA:474,2836200136,108883,0.212,0.223,0.000,0.000,3.85681,3.85681,16.81,-0.042,-0.008,-0.042,-0.008,-0.038,-0.003,1.00000,74.342
[SHELL] ccB:474,19315,1,-0.014,-0.259,0.273,50.046,50.032,49.954,50.065,50.021,49.935
[SHELL] ccA:475,2836301460,108883,0.212,0.223,0.000,0.000,3.85681,3.84409,200.99,-0.042,-0.008,-0.042,-0.008,-0.038,-0.004,1.00000,73.902
[SHELL] ccB:475,2147523671,1,-0.014,-0.259,0.273,50.047,50.032,49.953,50.046,50.032,49.954
[SHELL] ccA:476,2836420104,108884,0.335,-0.355,0.000,0.000,3.85694,3.85694,16.78,-0.045,0.004,-0.045,0.004,-0.038,-0.003,1.00000,73.902
[SHELL] ccB:476,19299,1,-0.485,0.285,0.201,50.052,50.010,49.948,50.047,50.032,49.953
[SHELL] ccA:477,2836521424,108884,0.335,-0.355,0.000,0.000,3.85694,3.85359,201.00,-0.045,0.004,-0.045,0.004,-0.038,-0.003,1.00000,73.902
[SHELL] ccB:477,2147523689,1,-0.485,0.285,0.201,50.053,50.010,49.947,50.052,50.010,49.948
[SHELL] ccA:478,2836640700,108885,-0.611,0.157,0.000,0.000,3.85022,3.85022,16.78,-0.026,-0.007,-0.026,-0.007,-0.038,-0.003,1.00000,74.342
[SHELL] ccB:478,19597,1,0.566,-0.041,-0.524,50.028,50.023,49.972,50.053,50.010,49.947
[SHELL] ccA:479,2836741420,108885,-0.611,0.157,0.000,0.000,3.85022,3.84397,200.99,-0.026,-0.007,-0.026,-0.007,-0.038,-0.003,1.00000,73.902
[SHELL] ccB:479,2147523691,1,0.566,-0.041,-0.524,50.028,50.022,49.972,50.028,50.023,49.972
[SHELL] ctrlcap v1 armed=0 count=512 clock_hz=550000000 decimation=1
[SHELL] ccA:index,cycles,seq,id,iq,idref,iqref,theta,actangle,age_us,vdreq,vqreq,vd,vq,intd,intq,scale,bus
[SHELL] ccB:index,timer,valid,ia,ib,ic,du,dv,dw,active_u,active_v,active_w
[SHELL] ccA:480,2836860100,108886,0.473,0.245,0.000,0.000,3.85814,3.85814,16.78,-0.047,-0.009,-0.047,-0.009,-0.038,-0.004,1.00000,73.902
[SHELL] ccB:480,19297,1,-0.195,-0.331,0.527,50.053,50.035,49.947,50.028,50.022,49.972
[SHELL] ccA:481,2836961440,108886,0.473,0.245,0.000,0.000,3.85814,3.85175,201.03,-0.048,-0.009,-0.048,-0.009,-0.038,-0.004,1.00000,74.342
[SHELL] ccB:481,2147523681,1,-0.195,-0.331,0.527,50.053,50.035,49.947,50.053,50.035,49.947
[SHELL] ccA:482,2837080100,108887,-0.691,-0.162,0.000,0.000,3.84809,3.84809,16.78,-0.024,-0.000,-0.024,-0.000,-0.038,-0.004,1.00000,74.342
[SHELL] ccB:482,19297,1,0.421,0.285,-0.705,50.027,50.010,49.973,50.053,50.035,49.947
[SHELL] ccA:483,2837181428,108887,-0.691,-0.162,0.000,0.000,3.84809,3.85425,201.00,-0.024,-0.000,-0.024,-0.000,-0.038,-0.003,1.00000,74.342
[SHELL] ccB:483,2147523687,1,0.421,0.285,-0.705,50.027,50.010,49.973,50.027,50.010,49.973
[SHELL] ccA:484,2837300172,108888,0.334,-0.577,0.000,0.000,3.85760,3.85760,16.81,-0.044,0.008,-0.044,0.008,-0.038,-0.003,1.00000,74.342
[SHELL] ccB:484,19333,1,-0.630,0.502,0.128,50.053,50.001,49.947,50.027,50.010,49.973
[SHELL] ccA:485,2837401452,108888,0.334,-0.577,0.000,0.000,3.85760,3.85200,200.96,-0.045,0.009,-0.045,0.009,-0.038,-0.003,1.00000,74.342
[SHELL] ccB:485,2147523675,1,-0.630,0.502,0.128,50.053,50.000,49.947,50.053,50.001,49.947
[SHELL] ccA:486,2837520152,108889,0.335,0.310,0.000,0.000,3.85397,3.85397,16.81,-0.045,-0.009,-0.045,-0.009,-0.038,-0.003,1.00000,74.342
[SHELL] ccB:486,19323,1,-0.050,-0.368,0.418,50.049,50.036,49.951,50.053,50.000,49.947
[SHELL] ccA:487,2837621424,108889,0.335,0.310,0.000,0.000,3.85397,3.85407,200.99,-0.045,-0.010,-0.045,-0.010,-0.038,-0.003,1.00000,74.342
[SHELL] ccB:487,2147523689,1,-0.050,-0.368,0.418,50.049,50.036,49.951,50.049,50.036,49.951
[SHELL] ccA:488,2837740128,108890,1.747,1.218,0.000,0.000,3.85643,3.85643,16.78,-0.074,-0.028,-0.074,-0.028,-0.039,-0.004,1.00000,74.342
[SHELL] ccB:488,19311,1,-0.522,-1.527,2.049,50.075,50.081,49.919,50.049,50.036,49.951
[SHELL] ccA:489,2837841468,108890,1.747,1.218,0.000,0.000,3.85643,3.84935,201.01,-0.075,-0.029,-0.075,-0.029,-0.040,-0.004,1.00000,74.342
[SHELL] ccB:489,2147523667,1,-0.522,-1.527,2.049,50.077,50.082,49.918,50.075,50.081,49.919
[SHELL] ccA:490,2837960112,108891,-0.048,-0.133,0.000,0.000,3.85415,3.85415,16.78,-0.039,-0.002,-0.039,-0.002,-0.040,-0.004,1.00000,74.342
[SHELL] ccB:490,19303,1,-0.050,0.140,-0.089,50.044,50.018,49.956,50.077,50.082,49.918
[SHELL] ccA:491,2838061460,108891,-0.048,-0.133,0.000,0.000,3.85415,3.85243,201.04,-0.039,-0.002,-0.039,-0.002,-0.040,-0.004,1.00000,74.342
[SHELL] ccB:491,2147523671,1,-0.050,0.140,-0.089,50.044,50.018,49.956,50.044,50.018,49.956
[SHELL] ccA:492,2838180108,108892,-0.062,-0.204,0.000,0.000,3.85292,3.85292,16.78,-0.039,-0.000,-0.039,-0.000,-0.040,-0.004,1.00000,74.342
[SHELL] ccB:492,19301,1,-0.087,0.212,-0.126,50.044,50.015,49.956,50.044,50.018,49.956
[SHELL] ccA:493,2838281424,108892,-0.062,-0.204,0.000,0.000,3.85292,3.84914,201.02,-0.039,-0.000,-0.039,-0.000,-0.040,-0.004,1.00000,74.342
[SHELL] ccB:493,2147523689,1,-0.087,0.212,-0.126,50.044,50.014,49.956,50.044,50.015,49.956
[SHELL] ccA:494,2838400160,108893,0.282,-0.195,0.000,0.000,3.84929,3.84929,16.81,-0.046,-0.000,-0.046,-0.000,-0.040,-0.004,1.00000,74.342
[SHELL] ccB:494,19327,1,-0.340,0.140,0.201,50.052,50.017,49.948,50.044,50.014,49.956
[SHELL] ccA:495,2838501428,108893,0.282,-0.195,0.000,0.000,3.84929,3.84929,200.95,-0.046,-0.000,-0.046,-0.000,-0.040,-0.004,1.00000,74.342
[SHELL] ccB:495,2147523687,1,-0.340,0.140,0.201,50.052,50.017,49.948,50.052,50.017,49.948
[SHELL] ctrlcap v1 armed=0 count=512 clock_hz=550000000 decimation=1
[SHELL] ccA:index,cycles,seq,id,iq,idref,iqref,theta,actangle,age_us,vdreq,vqreq,vd,vq,intd,intq,scale,bus
[SHELL] ccB:index,timer,valid,ia,ib,ic,du,dv,dw,active_u,active_v,active_w
[SHELL] ccA:496,2838620100,108894,0.047,0.144,0.000,0.000,3.85163,3.85163,16.78,-0.041,-0.007,-0.041,-0.007,-0.040,-0.004,1.00000,74.342
[SHELL] ccB:496,19297,1,0.058,-0.150,0.092,50.046,50.029,49.954,50.052,50.017,49.948
[SHELL] ccA:497,2838721464,108894,0.047,0.144,0.000,0.000,3.85163,3.84978,201.05,-0.041,-0.007,-0.041,-0.007,-0.040,-0.004,1.00000,74.342
[SHELL] ccB:497,2147523669,1,0.058,-0.150,0.092,50.046,50.029,49.954,50.046,50.029,49.954
[SHELL] ccA:498,2838840152,108895,-0.021,-0.101,0.000,0.000,3.85403,3.85403,16.81,-0.040,-0.002,-0.040,-0.002,-0.040,-0.004,1.00000,74.342
[SHELL] ccB:498,19323,1,-0.050,0.104,-0.053,50.045,50.019,49.955,50.046,50.029,49.954
[SHELL] ccA:499,2838941456,108895,-0.021,-0.101,0.000,0.000,3.85403,3.84781,201.00,-0.040,-0.002,-0.040,-0.002,-0.040,-0.004,1.00000,74.342
[SHELL] ccB:499,2147523673,1,-0.050,0.104,-0.053,50.045,50.019,49.955,50.045,50.019,49.955
[SHELL] ccA:500,2839060104,108896,0.048,-0.077,0.000,0.000,3.85114,3.85114,16.78,-0.041,-0.002,-0.041,-0.002,-0.040,-0.004,1.00000,74.342
[SHELL] ccB:500,19299,1,-0.087,0.067,0.019,50.047,50.020,49.953,50.045,50.019,49.955
[SHELL] ccA:501,2839161424,108896,0.048,-0.077,0.000,0.000,3.85114,3.85299,201.01,-0.041,-0.002,-0.041,-0.002,-0.040,-0.004,1.00000,74.342
[SHELL] ccB:501,2147523689,1,-0.087,0.067,0.019,50.047,50.020,49.953,50.047,50.020,49.953
[SHELL] ccA:502,2839280128,108897,-0.254,-0.204,0.000,0.000,3.85489,3.85489,16.81,-0.035,0.000,-0.035,0.000,-0.040,-0.004,1.00000,74.342
[SHELL] ccB:502,19311,1,0.058,0.248,-0.307,50.040,50.013,49.960,50.047,50.020,49.953
[SHELL] ccA:503,2839381428,108897,-0.254,-0.204,0.000,0.000,3.85489,3.85301,200.98,-0.035,0.000,-0.035,0.000,-0.040,-0.004,1.00000,74.342
[SHELL] ccB:503,2147523687,1,0.058,0.248,-0.307,50.040,50.013,49.960,50.040,50.013,49.960
[SHELL] ccA:504,2839500100,108898,-1.143,-0.295,0.000,0.000,3.85181,3.85181,16.78,-0.016,0.002,-0.016,0.002,-0.039,-0.004,1.00000,74.342
[SHELL] ccB:504,19297,1,0.674,0.502,-1.177,50.019,50.002,49.981,50.040,50.013,49.960
[SHELL] ccA:505,2839601436,108898,-1.143,-0.295,0.000,0.000,3.85181,3.85360,201.00,-0.016,0.002,-0.016,0.002,-0.039,-0.003,1.00000,74.342
[SHELL] ccB:505,2147523683,1,0.674,0.502,-1.177,50.019,50.001,49.981,50.019,50.002,49.981
[SHELL] ccA:506,2839720160,108899,1.623,-0.306,0.000,0.000,3.85446,3.85446,16.81,-0.072,0.003,-0.072,0.003,-0.040,-0.003,1.00000,74.342
[SHELL] ccB:506,19327,1,-1.428,-0.005,1.433,50.083,50.022,49.917,50.019,50.001,49.981
[SHELL] ccA:507,2839821424,108899,1.623,-0.306,0.000,0.000,3.85446,3.85224,200.94,-0.073,0.003,-0.073,0.003,-0.040,-0.003,1.00000,73.902
[SHELL] ccB:507,2147523689,1,-1.428,-0.005,1.433,50.085,50.022,49.915,50.083,50.022,49.917
[SHELL] ccA:508,2839940116,108900,0.006,0.041,0.000,0.000,3.84767,3.84766,16.78,-0.041,-0.004,-0.041,-0.004,-0.040,-0.003,1.00000,73.902
[SHELL] ccB:508,19305,1,0.022,-0.041,0.019,50.046,50.023,49.954,50.085,50.022,49.915
[SHELL] ccA:509,2840041448,108900,0.006,0.041,0.000,0.000,3.84767,3.85061,201.04,-0.041,-0.004,-0.041,-0.004,-0.040,-0.003,1.00000,74.342
[SHELL] ccB:509,2147523677,1,0.022,-0.041,0.019,50.046,50.023,49.954,50.046,50.023,49.954
[SHELL] ccA:510,2840160100,108901,-0.035,-0.394,0.000,0.000,3.85664,3.85664,16.78,-0.040,0.005,-0.040,0.005,-0.040,-0.003,1.00000,74.342
[SHELL] ccB:510,19297,1,-0.232,0.393,-0.162,50.046,50.006,49.954,50.046,50.023,49.954
[SHELL] ccA:511,2840261488,108901,-0.035,-0.394,0.000,0.000,3.85664,3.85523,201.11,-0.040,0.005,-0.040,0.005,-0.040,-0.003,1.00000,74.342
[SHELL] ccB:511,2147523657,1,-0.232,0.393,-0.162,50.047,50.005,49.953,50.046,50.006,49.954
