[SHELL] ctrlcap v1 armed=0 count=512 clock_hz=550000000 decimation=1
[SHELL] ccA:index,cycles,seq,id,iq,idref,iqref,theta,actangle,age_us,vdreq,vqreq,vd,vq,intd,intq,scale,bus,raw_id,raw_iq
[SHELL] ccB:index,timer,valid,ia,ib,ic,du,dv,dw,active_u,active_v,active_w
[SHELL] ccA:0,214980317,272212,3.733,36.590,0.000,35.000,5.67455,5.85321,23.74,-13.574,23.060,-13.574,23.060,-13.499,4.177,1.00000,74.342,11.840,43.214
[SHELL] ccB:0,23029,1,34.421,7.631,-42.052,44.501,81.009,18.991,57.093,80.904,19.096
[SHELL] ccA:1,215090341,272213,7.372,39.354,0.000,35.000,5.89417,6.07283,23.77,-13.650,23.003,-13.650,23.003,-13.503,4.174,1.00000,74.342,1.260,35.792
[SHELL] ccB:1,2147515607,1,14.741,20.896,-35.637,32.756,79.526,20.474,44.501,81.009,18.991
[SHELL] ccA:2,215200421,272214,10.033,39.003,0.000,35.000,6.11769,0.01313,23.77,-13.708,23.008,-13.708,23.008,-13.508,4.172,1.00000,74.342,25.773,41.215
[SHELL] ccB:2,23081,1,32.210,15.424,-47.634,22.571,77.429,24.248,32.756,79.526,20.474
[SHELL] ccA:3,215310241,272215,13.872,38.308,0.000,35.000,0.06541,0.24408,23.70,-13.792,23.020,-13.792,23.020,-13.515,4.171,1.00000,74.342,2.683,35.008
[SHELL] ccB:3,2147515657,1,0.388,30.211,-30.599,19.816,80.184,35.906,22.571,77.429,24.248
[SHELL] ccA:4,215420145,272216,10.115,37.399,0.000,35.000,0.28275,0.46145,23.61,-13.722,23.037,-13.722,23.037,-13.520,4.170,1.00000,74.342,9.323,38.363
[SHELL] ccB:4,22943,1,-1.750,35.031,-33.281,18.800,81.200,47.375,19.816,80.184,35.906
[SHELL] ccA:5,215530149,272217,9.920,38.456,0.000,35.000,0.51810,0.69675,23.64,-13.723,23.014,-13.723,23.014,-13.525,4.168,1.00000,74.342,18.350,42.092
[SHELL] ccB:5,2147515703,1,-4.903,41.990,-37.087,19.331,80.669,60.064,18.800,81.200,47.375
[SHELL] ccA:6,215640313,272218,10.896,38.744,0.000,35.000,0.74365,0.92231,23.55,-13.748,23.006,-13.748,23.006,-13.530,4.166,1.00000,74.342,-2.438,32.431
[SHELL] ccB:6,23027,1,-23.750,31.117,-7.367,21.413,78.587,71.741,19.331,80.669,60.064
[SHELL] ccA:7,215750573,272219,9.000,36.392,0.000,35.000,0.96270,1.14138,24.05,-13.715,23.053,-13.715,23.053,-13.535,4.165,1.00000,74.782,22.528,38.613
[SHELL] ccB:7,2147515491,1,-18.821,44.527,-25.707,21.590,71.759,78.410,21.413,78.587,71.741
[SHELL] ccA:8,215860521,272220,10.509,35.463,0.000,35.000,1.18594,1.36460,23.97,-13.750,23.071,-13.750,23.071,-13.540,4.165,1.00000,74.782,-0.582,32.193
[SHELL] ccB:8,23131,1,-30.056,25.028,5.028,19.470,60.297,80.530,21.590,71.759,78.410
[SHELL] ccA:9,215970489,272221,6.335,33.658,0.000,35.000,1.41533,1.59398,23.90,-13.670,23.108,-13.670,23.108,-13.543,4.166,1.00000,74.342,3.976,31.634
[SHELL] ccB:9,2147515533,1,-30.636,22.962,7.674,18.741,48.171,81.259,19.470,60.297,80.530
[SHELL] ccA:10,216080489,272222,6.565,32.921,0.000,35.000,1.63160,1.81026,23.90,-13.678,23.124,-13.678,23.124,-13.546,4.167,1.00000,74.342,18.889,36.224
[SHELL] ccB:10,23115,1,-37.305,33.074,4.231,19.676,36.588,80.324,18.741,48.171,81.259
[SHELL] ccA:11,216190461,272223,8.837,33.345,0.000,35.000,1.86031,2.03897,23.89,-13.728,23.116,-13.728,23.116,-13.551,4.168,1.00000,74.342,-6.407,29.299
[SHELL] ccB:11,2147515547,1,-26.251,0.564,25.687,22.227,24.928,77.773,19.676,36.588,80.324
[SHELL] ccA:12,216300421,272224,5.027,31.402,0.000,35.000,2.09278,2.27145,23.85,-13.654,23.157,-13.654,23.157,-13.553,4.169,1.00000,74.342,14.033,30.783
[SHELL] ccB:12,23081,1,-33.681,14.083,19.598,32.045,20.450,79.550,22.227,24.928,77.773
[SHELL] ccA:13,216410405,272225,5.156,31.574,0.000,35.000,2.30832,2.48696,23.85,-13.659,23.155,-13.659,23.155,-13.556,4.171,1.00000,74.342,-1.036,35.429
[SHELL] ccB:13,2147515575,1,-25.526,-8.534,34.060,43.416,18.914,81.086,32.045,20.450,79.550
[SHELL] ccA:14,216520405,272226,2.554,34.745,0.000,35.000,2.53665,2.71530,23.85,-13.608,23.092,-13.608,23.092,-13.557,4.171,1.00000,74.782,-1.746,37.339
[SHELL] ccB:14,23073,1,-19.799,-17.558,37.358,55.701,19.135,80.865,43.416,18.914,81.086
[SHELL] ccA:15,216630397,272227,4.195,38.074,0.000,35.000,2.76551,2.94417,23.85,-13.643,23.024,-13.643,23.024,-13.559,4.170,1.00000,74.782,21.307,42.187
[SHELL] ccB:15,2147515579,1,-35.312,-9.548,44.860,67.776,20.756,79.244,55.701,19.135,80.865
[SHELL] ctrlcap v1 armed=0 count=512 clock_hz=550000000 decimation=1
[SHELL] ccA:index,cycles,seq,id,iq,idref,iqref,theta,actangle,age_us,vdreq,vqreq,vd,vq,intd,intq,scale,bus,raw_id,raw_iq
[SHELL] ccB:index,timer,valid,ia,ib,ic,du,dv,dw,active_u,active_v,active_w
[SHELL] ccA:16,216740409,272228,9.504,39.188,0.000,35.000,2.99298,3.17165,23.88,-13.754,22.999,-13.754,22.999,-13.564,4.168,1.00000,74.782,-2.853,35.039
[SHELL] ccB:16,23075,1,-2.366,-29.193,31.559,77.553,22.447,74.735,67.776,20.756,79.244
[SHELL] ccA:17,216850361,272229,7.533,37.210,0.000,35.000,3.22419,3.40285,23.79,-13.718,23.038,-13.718,23.038,-13.568,4.166,1.00000,74.782,14.530,36.575
[SHELL] ccB:17,2147515597,1,-11.463,-26.873,38.336,80.095,19.905,63.246,77.553,22.447,74.735
[SHELL] ccA:18,216960461,272230,7.106,35.840,0.000,35.000,3.43358,3.61224,23.88,-13.713,23.065,-13.713,23.065,-13.571,4.166,1.00000,74.342,2.219,35.172
[SHELL] ccB:18,23101,1,8.000,-33.723,25.723,81.234,18.766,52.172,80.095,19.905,63.246
[SHELL] ccA:19,217070477,272231,2.420,34.445,0.000,35.000,3.66526,3.84393,23.87,-13.621,23.093,-13.621,23.093,-13.573,4.166,1.00000,74.342,-9.288,30.860
[SHELL] ccB:19,2147515539,1,23.476,-30.860,7.384,80.682,19.318,39.887,81.234,18.766,52.172
[SHELL] ccA:20,217180441,272232,-0.209,34.117,0.000,35.000,3.89873,4.07740,23.89,-13.568,23.100,-13.568,23.100,-13.572,4.167,1.00000,74.342,15.524,39.577
[SHELL] ccB:20,23091,1,15.901,-42.095,26.195,78.500,21.500,27.974,80.682,19.318,39.887
[SHELL] ccA:21,217290417,272233,2.957,36.120,0.000,35.000,4.11618,4.29484,23.84,-13.633,23.059,-13.633,23.059,-13.574,4.166,1.00000,74.342,-9.930,34.466
[SHELL] ccB:21,2147515569,1,34.095,-26.692,-7.403,78.654,28.594,21.346,78.500,21.500,27.974
[SHELL] ccA:22,217400417,272234,-0.369,36.609,0.000,35.000,4.34830,4.52694,23.84,-13.566,23.049,-13.566,23.049,-13.574,4.165,1.00000,74.342,2.861,37.926
[SHELL] ccB:22,23079,1,34.421,-31.222,-3.199,80.669,40.496,19.331,78.654,28.594,21.346
[SHELL] ccA:23,217510477,272235,-0.658,39.219,0.000,35.000,4.57145,4.75011,23.93,-13.560,22.994,-13.560,22.994,-13.573,4.163,1.00000,74.342,1.578,46.558
[SHELL] ccB:23,2147515539,1,45.874,-29.954,-15.921,81.063,52.528,18.937,80.669,40.496,19.331
[SHELL] ccA:24,217620413,272236,-0.579,41.251,0.000,35.000,4.79885,4.97749,23.83,-13.562,22.951,-13.562,22.951,-13.573,4.160,1.00000,74.342,-8.332,33.963
[SHELL] ccB:24,23077,1,33.117,-6.830,-26.286,79.886,64.617,20.114,81.063,52.528,18.937
[SHELL] ccA:25,217730469,272237,-0.881,39.651,0.000,35.000,5.02087,5.19954,23.92,-13.555,22.980,-13.555,22.980,-13.573,4.158,1.00000,74.342,11.560,44.121
[SHELL] ccB:25,2147515543,1,45.548,-20.712,-24.837,77.328,75.642,22.672,79.886,64.617,20.114
[SHELL] ccA:26,217840405,272238,0.355,38.783,0.000,35.000,5.23682,5.41548,23.83,-13.580,22.996,-13.580,22.996,-13.573,4.156,1.00000,74.342,-13.366,32.926
[SHELL] ccB:26,23073,1,21.808,13.394,-35.202,67.679,79.389,20.611,77.328,75.642,22.672
[SHELL] ccA:27,217950473,272239,-4.892,36.851,0.000,35.000,5.46394,5.64260,23.96,-13.473,23.033,-13.473,23.033,-13.570,4.155,1.00000,74.342,-4.397,37.430
[SHELL] ccB:27,2147515541,1,24.346,12.742,-37.087,55.982,80.893,19.107,67.679,79.389,20.611
[SHELL] ccA:28,218060465,272240,-4.379,37.872,0.000,35.000,5.70130,5.87996,23.84,-13.481,23.012,-13.481,23.012,-13.568,4.154,1.00000,74.342,4.643,43.702
[SHELL] ccB:28,23103,1,27.897,15.460,-43.357,43.200,80.819,19.181,55.982,80.893,19.107
[SHELL] ccA:29,218170409,272241,-0.699,39.595,0.000,35.000,5.91881,6.09743,23.81,-13.554,22.975,-13.554,22.975,-13.568,4.151,1.00000,74.342,-7.686,33.547
[SHELL] ccB:29,2147515573,1,4.774,27.130,-31.904,31.684,79.220,20.780,43.200,80.819,19.181
[SHELL] ccA:30,218280397,272242,0.911,37.078,0.000,35.000,6.14251,0.03799,23.85,-13.587,23.024,-13.587,23.024,-13.568,4.150,1.00000,74.342,14.371,37.515
[SHELL] ccB:30,23069,1,19.489,20.679,-40.168,22.320,77.680,25.278,31.684,79.220,20.780
[SHELL] ccA:31,218390309,272243,3.059,35.204,0.000,35.000,0.08419,0.26286,23.76,-13.631,23.061,-13.631,23.061,-13.570,4.150,1.00000,74.342,-8.820,32.240
[SHELL] ccB:31,2147515623,1,-11.500,32.929,-21.430,19.767,80.233,36.601,22.320,77.680,25.278
[SHELL] ctrlcap v1 armed=0 count=512 clock_hz=550000000 decimation=1
[SHELL] ccA:index,cycles,seq,id,iq,idref,iqref,theta,actangle,age_us,vdreq,vqreq,vd,vq,intd,intq,scale,bus,raw_id,raw_iq
[SHELL] ccB:index,timer,valid,ia,ib,ic,du,dv,dw,active_u,active_v,active_w
[SHELL] ccA:32,218500325,272244,-1.013,34.615,0.000,35.000,0.30347,0.48215,23.75,-13.549,23.073,-13.549,23.073,-13.569,4.150,1.00000,74.342,-0.783,36.465
[SHELL] ccB:32,23033,1,-11.645,35.756,-24.112,18.848,81.152,48.160,19.767,80.233,36.601
[SHELL] ccA:33,218610153,272245,0.566,37.694,0.000,35.000,0.52707,0.70573,23.60,-13.581,23.010,-13.581,23.010,-13.570,4.149,1.00000,74.342,12.650,45.607
[SHELL] ccB:33,2147515701,1,-12.007,45.651,-33.644,19.444,80.556,60.273,18.848,81.152,48.160
[SHELL] ccA:34,218720713,272246,3.936,39.956,0.000,35.000,0.75550,0.93415,24.06,-13.650,22.963,-13.650,22.963,-13.572,4.147,1.00000,74.342,-8.772,32.145
[SHELL] ccB:34,23227,1,-28.425,29.269,-0.843,21.627,78.373,72.140,19.444,80.556,60.273
[SHELL] ccA:35,218830649,272247,2.681,36.915,0.000,35.000,0.97368,1.15234,24.13,-13.627,23.023,-13.627,23.023,-13.573,4.146,1.00000,74.342,15.618,37.760
[SHELL] ccB:35,2147515453,1,-22.445,40.794,-18.349,21.388,71.399,78.612,21.627,78.373,72.140
[SHELL] ccA:36,218940581,272248,5.184,35.176,0.000,35.000,1.21218,1.39083,23.98,-13.679,23.057,-13.679,23.057,-13.576,4.145,1.00000,74.342,-1.728,33.038
[SHELL] ccB:36,23161,1,-31.542,24.412,7.130,19.209,59.051,80.791,21.388,71.399,78.612
[SHELL] ccA:37,219050569,272249,3.256,34.056,0.000,35.000,1.42878,1.60747,23.98,-13.642,23.080,-13.642,23.080,-13.577,4.146,1.00000,74.342,0.861,32.389
[SHELL] ccB:37,2147515493,1,-31.941,20.679,11.262,18.802,47.463,81.198,19.209,59.051,80.791
[SHELL] ccA:38,219160625,272250,3.805,32.979,0.000,35.000,1.65032,1.82898,24.07,-13.655,23.103,-13.655,23.103,-13.579,4.147,1.00000,74.342,15.225,34.101
[SHELL] ccB:38,23183,1,-35.203,28.399,6.804,19.857,35.640,80.143,18.802,47.463,81.198
[SHELL] ccA:39,219270569,272251,4.788,32.019,0.000,35.000,1.87634,2.05500,24.03,-13.677,23.123,-13.677,23.123,-13.581,4.148,1.00000,74.342,-12.158,27.484
[SHELL] ccB:39,2147515493,1,-22.554,-5.924,28.478,22.456,24.262,77.544,19.857,35.640,80.143
[SHELL] ccA:40,219380569,272252,-0.854,29.993,0.000,35.000,2.10263,2.28129,23.99,-13.564,23.166,-13.564,23.166,-13.581,4.151,1.00000,74.342,5.675,30.903
[SHELL] ccB:40,23155,1,-29.513,5.420,24.093,32.416,20.421,79.579,22.456,24.262,77.544
[SHELL] ccA:41,219490477,272253,-1.796,30.892,0.000,35.000,2.32957,2.50823,23.93,-13.544,23.151,-13.544,23.151,-13.580,4.153,1.00000,74.342,-6.376,34.278
[SHELL] ccB:41,2147515539,1,-20.488,-14.188,34.676,44.382,18.924,81.076,32.416,20.421,79.579
[SHELL] ccA:42,219600489,272254,-3.133,33.521,0.000,35.000,2.55744,2.73610,23.94,-13.516,23.099,-13.516,23.099,-13.579,4.154,1.00000,74.342,-5.457,34.626
[SHELL] ccB:42,23115,1,-14.544,-20.349,34.893,56.675,19.063,80.937,44.382,18.924,81.076
[SHELL] ccA:43,219710577,272255,-0.163,36.260,0.000,35.000,2.78141,2.96006,23.96,-13.575,23.043,-13.575,23.043,-13.578,4.153,1.00000,74.342,16.639,41.510
[SHELL] ccB:43,2147515489,1,-30.201,-13.463,43.664,68.547,20.742,79.258,56.675,19.063,80.937
[SHELL] ccA:44,219820533,272256,4.809,37.885,0.000,35.000,3.00649,3.18514,23.93,-13.677,23.009,-13.677,23.009,-13.581,4.152,1.00000,74.342,-8.584,33.893
[SHELL] ccB:44,23137,1,3.940,-32.056,28.116,77.838,22.162,74.332,68.547,20.742,79.258
[SHELL] ccA:45,219930521,272257,1.882,36.488,0.000,35.000,3.22691,3.40555,23.99,-13.619,23.037,-13.619,23.037,-13.582,4.151,1.00000,74.342,8.056,36.656
[SHELL] ccB:45,2147515517,1,-4.903,-29.772,34.676,80.211,19.789,63.323,77.838,22.162,74.332
[SHELL] ccA:46,220040461,272258,1.902,35.908,0.000,35.000,3.45491,3.63357,23.87,-13.621,23.048,-13.621,23.048,-13.583,4.150,1.00000,74.342,0.078,36.426
[SHELL] ccB:46,23101,1,11.153,-35.608,24.455,81.180,18.820,51.159,80.211,19.789,63.323
[SHELL] ccA:47,220150497,272259,-0.275,35.476,0.000,35.000,3.67814,3.85681,23.97,-13.577,23.056,-13.577,23.056,-13.583,4.150,1.00000,74.342,-9.311,32.397
[SHELL] ccB:47,2147515529,1,24.563,-32.273,7.710,80.547,19.453,39.263,81.180,18.820,51.159
[SHELL] ctrlcap v1 armed=0 count=512 clock_hz=550000000 decimation=1
[SHELL] ccA:index,cycles,seq,id,iq,idref,iqref,theta,actangle,age_us,vdreq,vqreq,vd,vq,intd,intq,scale,bus,raw_id,raw_iq
[SHELL] ccB:index,timer,valid,ia,ib,ic,du,dv,dw,active_u,active_v,active_w
[SHELL] ccA:48,220260441,272260,-1.511,34.857,0.000,35.000,3.89900,4.07766,23.87,-13.552,23.069,-13.552,23.069,-13.582,4.150,1.00000,74.342,12.499,38.210
[SHELL] ccB:48,23091,1,17.169,-40.066,22.896,78.458,21.542,27.987,80.547,19.453,39.263
[SHELL] ccA:49,220370461,272261,1.056,35.676,0.000,35.000,4.13368,4.31235,23.93,-13.604,23.052,-13.604,23.052,-13.582,4.150,1.00000,74.342,-11.462,33.888
[SHELL] ccB:49,2147515547,1,34.639,-25.061,-9.578,78.833,29.442,21.167,78.458,21.542,27.987
[SHELL] ccA:50,220480413,272262,-1.614,35.754,0.000,35.000,4.35039,4.52905,23.84,-13.549,23.050,-13.549,23.050,-13.582,4.150,1.00000,74.342,3.971,37.031
[SHELL] ccB:50,23077,1,33.225,-31.186,-2.039,80.668,40.580,19.332,78.833,29.442,21.167
[SHELL] ccA:51,220590469,272263,-0.967,38.132,0.000,35.000,4.57504,4.75364,23.83,-13.562,23.001,-13.562,23.001,-13.581,4.148,1.00000,74.342,-0.349,44.579
[SHELL] ccB:51,2147515543,1,44.207,-27.090,-17.117,81.065,52.715,18.935,80.668,40.580,19.332
[SHELL] ccA:52,220700457,272264,-1.415,39.393,0.000,35.000,4.80092,4.97958,23.91,-13.552,22.973,-13.552,22.973,-13.580,4.146,1.00000,73.902,-8.933,31.383
[SHELL] ccB:52,23099,1,30.471,-5.127,-25.344,80.069,64.782,19.931,81.065,52.715,18.935
[SHELL] ccA:53,220810413,272265,-1.485,36.526,0.000,35.000,5.02564,5.20431,23.83,-13.550,23.030,-13.550,23.030,-13.580,4.145,1.00000,73.902,12.273,38.759
[SHELL] ccB:53,2147515571,1,40.655,-20.095,-20.560,77.477,76.008,22.523,80.069,64.782,19.931
[SHELL] ccA:54,220920465,272266,1.083,34.787,0.000,35.000,5.24949,5.42815,23.93,-13.602,23.065,-13.602,23.065,-13.580,4.145,1.00000,74.342,-11.283,30.245
[SHELL] ccB:54,23103,1,20.214,11.690,-31.904,67.109,79.588,20.412,77.477,76.008,22.523
[SHELL] ccA:55,221030417,272267,-3.109,33.755,0.000,35.000,5.47229,5.65095,23.83,-13.516,23.086,-13.516,23.086,-13.579,4.146,1.00000,74.342,-2.143,35.771
[SHELL] ccB:55,2147515569,1,24.454,10.458,-34.912,55.526,81.000,19.000,67.109,79.588,20.412
[SHELL] ccA:56,221140469,272268,-2.489,35.894,0.000,35.000,5.69370,5.87236,23.93,-13.528,23.043,-13.528,23.043,-13.577,4.145,1.00000,74.342,5.614,41.788
[SHELL] ccB:56,23105,1,27.897,13.430,-41.328,43.544,80.903,19.097,55.526,81.000,19.000
[SHELL] ccA:57,221250409,272269,0.545,38.233,0.000,35.000,5.92907,6.10776,23.84,-13.589,22.994,-13.589,22.994,-13.578,4.144,1.00000,74.342,-6.902,33.586
[SHELL] ccB:57,2147515573,1,5.173,26.768,-31.940,31.100,79.138,20.862,43.544,80.903,19.097
[SHELL] ccA:58,221360401,272270,2.803,37.097,0.000,35.000,6.15631,0.05178,23.84,-13.635,23.016,-13.635,23.016,-13.579,4.143,1.00000,74.342,19.404,39.430
[SHELL] ccB:58,23071,1,24.237,19.628,-43.865,22.084,77.916,26.008,31.100,79.138,20.862
[SHELL] ccA:59,221470253,272271,6.793,36.475,0.000,35.000,0.09033,0.26899,23.75,-13.718,23.028,-13.718,23.028,-13.582,4.142,1.00000,74.342,-4.732,33.454
[SHELL] ccB:59,2147515651,1,-7.730,32.349,-24.619,19.677,80.323,37.095,22.084,77.916,26.008
[SHELL] ccA:60,221580205,272272,2.509,35.476,0.000,35.000,0.32011,0.49875,23.65,-13.634,23.048,-13.634,23.048,-13.584,4.142,1.00000,74.342,0.096,35.567
[SHELL] ccB:60,22973,1,-11.101,34.814,-23.713,18.809,81.191,49.230,19.677,80.323,37.095
[SHELL] ccA:61,221690149,272273,1.839,36.150,0.000,35.000,0.54104,0.71971,23.58,-13.621,23.034,-13.621,23.034,-13.585,4.141,1.00000,74.342,11.895,40.013
[SHELL] ccB:61,2147515703,1,-10.412,40.214,-29.802,19.490,80.510,61.074,18.809,81.191,49.230
[SHELL] ccA:62,221800649,272274,3.372,36.533,0.000,35.000,0.76705,0.94574,24.05,-13.654,23.025,-13.654,23.025,-13.586,4.140,1.00000,73.902,-10.398,30.537
[SHELL] ccB:62,23195,1,-28.679,27.130,1.549,21.536,78.464,72.837,19.490,80.510,61.074
[SHELL] ccA:63,221910653,272275,0.180,33.665,0.000,35.000,0.99631,1.17496,24.10,-13.590,23.083,-13.590,23.083,-13.586,4.141,1.00000,74.342,9.623,33.571
[SHELL] ccB:63,2147515451,1,-22.953,34.270,-11.318,21.107,70.415,78.893,21.536,78.464,72.837
[SHELL] ctrlcap v1 armed=0 count=512 clock_hz=550000000 decimation=1
[SHELL] ccA:index,cycles,seq,id,iq,idref,iqref,theta,actangle,age_us,vdreq,vqreq,vd,vq,intd,intq,scale,bus,raw_id,raw_iq
[SHELL] ccB:index,timer,valid,ia,ib,ic,du,dv,dw,active_u,active_v,active_w
[SHELL] ccA:64,222020557,272276,0.962,32.331,0.000,35.000,1.22562,1.40432,23.98,-13.606,23.111,-13.606,23.111,-13.587,4.142,1.00000,74.342,-5.001,31.644
[SHELL] ccB:64,23149,1,-31.470,20.933,10.537,19.147,58.514,80.853,21.107,70.415,78.893
[SHELL] ccA:65,222130593,272277,-0.818,32.072,0.000,35.000,1.44535,1.62400,24.03,-13.570,23.118,-13.570,23.118,-13.587,4.144,1.00000,74.342,-2.892,31.428
[SHELL] ccB:65,2147515481,1,-31.542,16.692,14.850,18.830,46.734,81.170,19.147,58.514,80.853
[SHELL] ccA:66,222240617,272278,0.458,32.229,0.000,35.000,1.67365,1.85231,24.05,-13.596,23.116,-13.596,23.116,-13.587,4.145,1.00000,74.342,12.615,34.416
[SHELL] ccB:66,23179,1,-35.529,25.572,9.957,20.060,34.549,79.940,18.830,46.734,81.170
[SHELL] ccA:67,222350525,272279,2.434,32.037,0.000,35.000,1.89388,2.07253,23.96,-13.637,23.121,-13.637,23.121,-13.588,4.147,1.00000,74.342,-12.601,27.889
[SHELL] ccB:67,2147515515,1,-22.445,-6.794,29.239,22.725,23.512,77.275,20.060,34.549,79.940
[SHELL] ccA:68,222460565,272280,-2.309,30.741,0.000,35.000,2.12297,2.30164,23.98,-13.541,23.149,-13.541,23.149,-13.587,4.149,1.00000,74.342,3.350,32.771
[SHELL] ccB:68,23153,1,-29.658,2.412,27.246,33.457,20.254,79.746,22.725,23.512,77.275
[SHELL] ccA:69,222570497,272281,-3.141,31.807,0.000,35.000,2.34741,2.52607,23.98,-13.522,23.130,-13.522,23.130,-13.585,4.150,1.00000,74.342,-6.664,33.798
[SHELL] ccB:69,2147515529,1,-19.437,-14.913,34.350,45.331,18.905,81.095,33.457,20.254,79.746
[SHELL] ccA:70,222680433,272282,-4.463,34.146,0.000,35.000,2.57480,2.75346,23.86,-13.494,23.083,-13.494,23.083,-13.583,4.151,1.00000,74.342,-7.873,36.218
[SHELL] ccB:70,23087,1,-12.804,-23.720,36.524,57.574,19.161,80.839,45.331,18.905,81.095
[SHELL] ccA:71,222790497,272283,-1.590,37.111,0.000,35.000,2.80533,2.98400,23.96,-13.550,23.023,-13.550,23.023,-13.582,4.150,1.00000,74.342,16.049,42.211
[SHELL] ccB:71,2147515529,1,-29.078,-15.384,44.462,69.711,21.035,78.965,57.574,19.161,80.839
[SHELL] ccA:72,222900497,272284,3.594,37.979,0.000,35.000,3.01845,3.19710,23.95,-13.656,23.004,-13.656,23.004,-13.584,4.148,1.00000,74.342,-9.850,31.277
[SHELL] ccB:72,23119,1,5.934,-30.896,24.962,77.980,22.020,73.768,69.711,21.035,78.965
[SHELL] ccA:73,223010469,272285,0.095,34.808,0.000,35.000,3.24205,3.42070,23.85,-13.586,23.068,-13.586,23.068,-13.584,4.148,1.00000,74.342,4.031,34.468
[SHELL] ccB:73,2147515543,1,-0.554,-29.772,30.326,80.323,19.677,62.621,77.980,22.020,73.768
[SHELL] ccA:74,223120489,272286,-1.008,33.748,0.000,35.000,3.47068,3.64934,23.92,-13.563,23.089,-13.563,23.089,-13.584,4.149,1.00000,74.342,-2.244,34.779
[SHELL] ccB:74,23115,1,13.364,-34.557,21.193,81.194,18.806,50.450,80.323,19.677,62.621
[SHELL] ccA:75,223230433,272287,-2.432,34.002,0.000,35.000,3.70198,3.88064,23.86,-13.534,23.085,-13.534,23.085,-13.582,4.150,1.00000,74.342,-9.271,31.984
[SHELL] ccB:75,2147515561,1,24.853,-31.621,6.768,80.407,19.593,38.106,81.194,18.806,50.450
[SHELL] ccA:76,223340465,272288,-2.249,33.718,0.000,35.000,3.91840,4.09706,23.95,-13.536,23.091,-13.536,23.091,-13.581,4.150,1.00000,74.342,11.791,36.126
[SHELL] ccB:76,23103,1,16.916,-37.927,21.012,78.231,21.769,27.071,80.407,19.593,38.106
[SHELL] ccA:77,223450461,272289,0.408,33.834,0.000,35.000,4.13975,4.31841,23.83,-13.590,23.089,-13.590,23.089,-13.581,4.151,1.00000,74.342,-12.676,31.101
[SHELL] ccB:77,2147515547,1,33.008,-21.871,-11.136,78.919,29.668,21.081,78.231,21.769,27.071
[SHELL] ccA:78,223560449,272290,-3.125,33.304,0.000,35.000,4.37792,4.55655,23.83,-13.517,23.101,-13.517,23.101,-13.580,4.152,1.00000,74.342,1.060,34.890
[SHELL] ccB:78,23095,1,32.609,-27.090,-5.519,80.829,41.929,19.171,78.919,29.668,21.081
[SHELL] ccA:79,223670409,272291,-2.320,35.941,0.000,35.000,4.61243,4.79108,23.82,-13.532,23.048,-13.532,23.048,-13.579,4.151,1.00000,73.902,1.276,42.881
[SHELL] ccB:79,2147515573,1,42.540,-26.076,-16.464,81.204,54.660,18.796,80.829,41.929,19.171
[SHELL] ctrlcap v1 armed=0 count=512 clock_hz=550000000 decimation=1
[SHELL] ccA:index,cycles,seq,id,iq,idref,iqref,theta,actangle,age_us,vdreq,vqreq,vd,vq,intd,intq,scale,bus,raw_id,raw_iq
[SHELL] ccB:index,timer,valid,ia,ib,ic,du,dv,dw,active_u,active_v,active_w
[SHELL] ccA:80,223780413,272292,-1.207,37.547,0.000,35.000,4.82452,5.00319,23.82,-13.554,23.014,-13.554,23.014,-13.578,4.150,1.00000,73.902,-8.442,29.535
[SHELL] ccB:80,23077,1,28.405,-4.076,-24.329,79.906,65.992,20.094,81.204,54.660,18.796
[SHELL] ccA:81,223892209,272293,-1.632,33.652,0.000,35.000,5.05632,5.23497,23.88,-13.545,23.093,-13.545,23.093,-13.577,4.151,1.00000,74.342,9.078,32.657
[SHELL] ccB:81,2147514673,1,33.805,-14.768,-19.038,76.735,77.100,22.900,79.906,65.992,20.094
[SHELL] ccA:82,224000401,272294,-1.500,31.252,0.000,35.000,5.27118,5.44984,23.82,-13.547,23.143,-13.547,23.143,-13.577,4.152,1.00000,74.342,-15.713,30.160
[SHELL] ccB:82,23071,1,17.242,16.765,-34.006,66.184,79.808,20.192,76.735,77.100,22.900
[SHELL] ccA:83,224110393,272295,-7.529,31.870,0.000,35.000,5.50495,5.68363,23.83,-13.422,23.132,-13.422,23.132,-13.573,4.154,1.00000,74.342,-7.767,34.504
[SHELL] ccB:83,2147515581,1,18.692,16.656,-35.347,53.978,81.070,18.930,66.184,79.808,20.192
[SHELL] ccA:84,224220405,272296,-7.006,34.956,0.000,35.000,5.72707,5.90572,23.83,-13.429,23.070,-13.429,23.070,-13.569,4.154,1.00000,74.342,3.224,40.657
[SHELL] ccB:84,23073,1,24.201,16.330,-40.530,41.968,80.749,19.251,53.978,81.070,18.930
[SHELL] ccA:85,224330497,272297,-3.758,36.394,0.000,35.000,5.95251,6.13115,23.93,-13.492,23.041,-13.492,23.041,-13.567,4.153,1.00000,74.342,-13.713,29.758
[SHELL] ccB:85,2147515529,1,-3.308,29.885,-26.576,30.132,78.912,21.088,41.968,80.749,19.251
[SHELL] ccA:86,224440369,272298,-3.629,33.980,0.000,35.000,6.17556,0.07105,23.82,-13.493,23.090,-13.493,23.090,-13.566,4.154,1.00000,74.342,9.688,35.750
[SHELL] ccB:86,23055,1,13.472,23.144,-36.616,21.911,78.089,26.661,30.132,78.912,21.088
[SHELL] ccA:87,224550269,272299,-1.414,33.276,0.000,35.000,0.11769,0.29634,23.75,-13.537,23.105,-13.537,23.105,-13.565,4.155,1.00000,73.902,-11.318,31.845
[SHELL] ccB:87,2147515643,1,-14.979,33.727,-18.748,19.382,80.618,38.092,21.911,78.089,26.661
[SHELL] ccA:88,224660177,272300,-4.269,33.489,0.000,35.000,0.34856,0.52722,23.65,-13.477,23.101,-13.477,23.101,-13.563,4.155,1.00000,73.902,-4.128,34.514
[SHELL] ccB:88,22959,1,-15.668,34.705,-19.038,18.660,81.340,50.443,19.382,80.618,38.092
[SHELL] ccA:89,224770409,272301,-1.943,35.957,0.000,35.000,0.57582,0.75447,23.59,-13.523,23.051,-13.523,23.051,-13.562,4.155,1.00000,74.342,11.800,42.955
[SHELL] ccB:89,2147515573,1,-13.493,43.513,-30.020,19.744,80.256,62.703,18.660,81.340,50.443
[SHELL] ccA:90,224880785,272302,1.193,37.889,0.000,35.000,0.79215,0.97080,24.22,-13.586,23.011,-13.586,23.011,-13.562,4.153,1.00000,73.902,-14.699,31.132
[SHELL] ccB:90,23263,1,-32.485,26.115,6.369,21.898,78.102,73.931,19.744,80.256,62.703
[SHELL] ccA:91,224990649,272303,-3.126,34.822,0.000,35.000,1.02296,1.20163,24.05,-13.498,23.073,-13.498,23.073,-13.561,4.154,1.00000,73.902,5.093,34.071
[SHELL] ccB:91,2147515453,1,-26.432,32.349,-5.917,20.721,69.287,79.279,21.898,78.102,73.931
[SHELL] ccA:92,225100657,272304,-3.111,33.106,0.000,35.000,1.25370,1.43235,24.04,-13.497,23.108,-13.497,23.108,-13.559,4.155,1.00000,73.902,-7.932,33.150
[SHELL] ccB:92,23199,1,-33.971,19.410,14.560,18.919,57.225,81.081,20.721,69.287,79.279
[SHELL] ccA:93,225210677,272305,-4.693,33.544,0.000,35.000,1.46957,1.64823,24.11,-13.463,23.100,-13.463,23.100,-13.557,4.155,1.00000,73.902,-8.002,33.806
[SHELL] ccB:93,2147515439,1,-34.442,13.285,21.157,18.772,45.580,81.228,18.919,57.225,81.081
[SHELL] ccA:94,225329325,272306,-3.565,34.248,0.000,35.000,1.70481,1.90090,27.00,-13.484,23.086,-13.484,23.086,-13.555,4.156,1.00000,73.902,9.673,36.229
[SHELL] ccB:94,27533,1,-37.196,22.709,14.488,20.413,32.153,79.587,18.772,45.580,81.228
[SHELL] ccA:95,225430605,272307,-1.311,34.007,0.000,35.000,1.91118,2.08986,24.03,-13.528,23.091,-13.528,23.091,-13.554,4.156,1.00000,73.902,-16.590,29.764
[SHELL] ccB:95,2147515475,1,-22.518,-10.889,33.407,22.926,22.811,77.189,20.413,32.153,79.587
[SHELL] ctrlcap v1 armed=0 count=512 clock_hz=550000000 decimation=1
[SHELL] ccA:index,cycles,seq,id,iq,idref,iqref,theta,actangle,age_us,vdreq,vqreq,vd,vq,intd,intq,scale,bus,raw_id,raw_iq
[SHELL] ccB:index,timer,valid,ia,ib,ic,du,dv,dw,active_u,active_v,active_w
[SHELL] ccA:96,225540641,272308,-7.114,32.049,0.000,35.000,2.15495,2.33361,24.07,-13.409,23.132,-13.409,23.132,-13.551,4.158,1.00000,73.902,-4.949,32.438
[SHELL] ccB:96,23191,1,-24.330,-6.903,31.233,34.864,19.911,80.089,22.926,22.811,77.189
[SHELL] ccA:97,225650593,272309,-9.131,32.941,0.000,35.000,2.37912,2.55838,24.03,-13.364,23.178,-13.364,23.178,-13.546,4.159,1.00000,74.342,-10.035,37.125
[SHELL] ccB:97,2147515481,1,-18.386,-20.059,38.445,46.752,18.889,81.111,34.864,19.911,80.089
[SHELL] ccA:98,225760865,272310,-9.007,35.596,0.000,35.000,2.60512,2.78439,23.94,-13.362,23.125,-13.362,23.125,-13.542,4.158,1.00000,74.342,-11.010,35.697
[SHELL] ccB:98,23303,1,-8.781,-27.054,35.836,58.944,19.319,80.681,46.752,18.889,81.111
[SHELL] ccA:99,225869949,272311,-4.856,37.692,0.000,35.000,2.82784,3.00709,23.45,-13.442,23.081,-13.442,23.081,-13.539,4.157,1.00000,73.902,12.632,42.250
[SHELL] ccB:99,2147515803,1,-25.055,-18.899,43.954,70.755,21.084,78.916,58.944,19.319,80.681
[SHELL] ccA:100,225979905,272312,0.203,37.354,0.000,35.000,3.04417,3.22337,23.30,-13.544,23.087,-13.544,23.087,-13.539,4.156,1.00000,73.902,-13.442,29.219
[SHELL] ccB:100,22823,1,10.537,-31.585,21.048,78.447,21.553,72.889,70.755,21.084,78.916
[SHELL] ccA:101,226089973,272313,-3.517,33.657,0.000,35.000,3.27302,3.45227,23.49,-13.467,23.162,-13.467,23.162,-13.538,4.156,1.00000,73.902,0.183,33.942
[SHELL] ccB:101,2147515791,1,4.266,-31.295,27.028,80.708,19.292,61.328,78.447,21.553,72.889
[SHELL] ccA:102,226199937,272314,-3.524,33.384,0.000,35.000,3.50940,3.68866,23.39,-13.465,23.168,-13.465,23.168,-13.536,4.157,1.00000,73.902,-1.020,36.434
[SHELL] ccB:102,22839,1,14.052,-36.151,22.099,81.391,18.609,48.567,80.708,19.292,61.328
[SHELL] ccA:103,226309981,272315,-3.331,34.551,0.000,35.000,3.72035,3.89962,23.47,-13.468,23.145,-13.468,23.145,-13.534,4.158,1.00000,73.902,-11.469,31.395
[SHELL] ccB:103,2147515787,1,26.774,-30.715,3.941,80.497,19.503,37.195,81.391,18.609,48.567
[SHELL] ccA:104,226419961,272316,-3.297,33.917,0.000,35.000,3.94647,4.12575,23.45,-13.467,23.158,-13.467,23.158,-13.533,4.158,1.00000,73.902,10.770,36.442
[SHELL] ccB:104,22851,1,18.800,-38.000,19.200,78.078,21.922,25.682,80.497,19.503,37.195
[SHELL] ccA:105,226529993,272317,-0.900,34.504,0.000,35.000,4.16853,4.34779,23.44,-13.514,23.146,-13.514,23.146,-13.532,4.158,1.00000,73.902,-13.671,33.737
[SHELL] ccB:105,2147515781,1,35.944,-22.959,-12.985,79.399,30.849,20.601,78.078,21.922,25.682
[SHELL] ccA:106,226640009,272318,-4.005,35.005,0.000,35.000,4.39835,4.57760,23.52,-13.450,23.136,-13.450,23.136,-13.530,4.158,1.00000,73.902,0.555,36.105
[SHELL] ccB:106,22875,1,34.168,-27.199,-6.968,81.089,42.861,18.911,79.399,30.849,20.601
[SHELL] ccA:107,226749977,272319,-2.204,36.826,0.000,35.000,4.62020,4.79945,23.43,-13.485,23.099,-13.485,23.099,-13.529,4.157,1.00000,73.902,3.746,41.357
[SHELL] ccB:107,2147515789,1,40.837,-26.945,-13.891,81.212,54.981,18.788,81.089,42.861,18.911
[SHELL] ccA:108,226860037,272320,-0.233,37.514,0.000,35.000,4.84162,5.02088,23.56,-13.524,23.084,-13.524,23.084,-13.529,4.156,1.00000,73.902,-8.977,31.236
[SHELL] ccB:108,22889,1,29.818,-3.713,-26.105,79.811,66.817,20.189,81.212,54.981,18.788
[SHELL] ccA:109,226969969,272321,-0.580,35.447,0.000,35.000,5.07319,5.25244,23.43,-13.517,23.125,-13.517,23.125,-13.529,4.156,1.00000,73.902,11.889,37.960
[SHELL] ccB:109,2147515793,1,39.713,-17.885,-21.828,76.151,77.520,22.480,79.811,66.817,20.189
[SHELL] ccA:110,227080025,272322,1.093,34.712,0.000,35.000,5.29938,5.47862,23.53,-13.551,23.140,-13.551,23.140,-13.529,4.156,1.00000,73.902,-10.428,31.693
[SHELL] ccB:110,22883,1,20.612,12.415,-33.028,64.769,80.245,19.755,76.151,77.520,22.480
[SHELL] ccA:111,227189969,272323,-2.787,34.121,0.000,35.000,5.52129,5.70056,23.41,-13.472,23.152,-13.472,23.152,-13.528,4.156,1.00000,73.902,-2.179,35.137
[SHELL] ccB:111,2147515793,1,22.678,11.980,-34.659,53.023,81.342,18.658,64.769,80.245,19.755
[SHELL] ctrlcap v1 armed=0 count=512 clock_hz=550000000 decimation=1
[SHELL] ccA:index,cycles,seq,id,iq,idref,iqref,theta,actangle,age_us,vdreq,vqreq,vd,vq,intd,intq,scale,bus,raw_id,raw_iq
[SHELL] ccB:index,timer,valid,ia,ib,ic,du,dv,dw,active_u,active_v,active_w
[SHELL] ccA:112,227300017,272324,-2.011,35.753,0.000,35.000,5.73868,5.91794,23.53,-13.487,23.119,-13.487,23.119,-13.527,4.156,1.00000,73.902,6.743,41.043
[SHELL] ccB:112,22879,1,27.028,13.865,-40.893,41.193,80.950,19.050,53.023,81.342,18.658
[SHELL] ccA:113,227409949,272325,0.150,37.175,0.000,35.000,5.95350,6.13275,23.41,-13.530,23.090,-13.530,23.090,-13.527,4.155,1.00000,73.902,-10.704,31.476
[SHELL] ccB:113,2147515803,1,0.062,28.761,-28.823,29.872,79.129,20.871,41.193,80.950,19.050
[SHELL] ccA:114,227520125,272326,0.030,35.202,0.000,35.000,6.19100,0.08708,23.50,-13.528,23.129,-13.528,23.129,-13.527,4.155,1.00000,73.902,14.786,36.815
[SHELL] ccB:114,22933,1,18.112,21.513,-39.624,21.471,78.529,27.284,29.872,79.129,20.871
[SHELL] ccA:115,227630149,272327,4.008,35.226,0.000,35.000,0.13797,0.31722,23.63,-13.609,23.129,-13.609,23.129,-13.529,4.155,1.00000,73.902,-2.834,35.797
[SHELL] ccB:115,2147515703,1,-7.730,34.234,-26.504,19.168,80.832,39.279,21.471,78.529,27.284
[SHELL] ccA:116,227740021,272328,3.115,36.537,0.000,35.000,0.36475,0.54401,23.51,-13.593,23.102,-13.593,23.102,-13.530,4.154,1.00000,73.902,3.342,37.739
[SHELL] ccB:116,22881,1,-10.340,36.735,-26.395,18.603,81.397,51.559,19.168,80.832,39.279
[SHELL] ccA:117,227850261,272329,5.660,39.134,0.000,35.000,0.58114,0.76041,23.55,-13.647,23.048,-13.647,23.048,-13.533,4.152,1.00000,73.902,18.788,45.262
[SHELL] ccB:117,2147515647,1,-9.144,46.267,-37.123,19.571,80.429,63.334,18.603,81.397,51.559
[SHELL] ccA:118,227960489,272330,7.914,40.072,0.000,35.000,0.80777,0.98703,23.90,-13.696,23.026,-13.696,23.026,-13.537,4.149,1.00000,73.902,-9.263,32.027
[SHELL] ccB:118,23115,1,-29.549,28.145,1.404,22.100,77.900,74.937,19.571,80.429,63.334
[SHELL] ccA:119,228070421,272331,3.163,36.186,0.000,35.000,1.03037,1.20961,23.83,-13.602,23.103,-13.602,23.103,-13.539,4.149,1.00000,73.902,12.391,35.427
[SHELL] ccB:119,2147515567,1,-24.004,36.989,-12.985,20.516,68.796,79.484,22.100,77.900,74.937
[SHELL] ccA:120,228180437,272332,3.237,34.158,0.000,35.000,1.25519,1.43447,23.88,-13.605,23.144,-13.605,23.144,-13.540,4.149,1.00000,73.902,-2.572,33.752
[SHELL] ccB:120,23089,1,-32.883,23.397,9.486,18.798,56.983,81.202,20.516,68.796,79.484
[SHELL] ccA:121,228290421,272333,1.505,33.762,0.000,35.000,1.47542,1.65466,23.83,-13.571,23.153,-13.571,23.153,-13.541,4.150,1.00000,73.902,-1.227,32.115
[SHELL] ccB:121,2147515567,1,-32.086,17.634,14.452,18.679,45.080,81.321,18.798,56.983,81.202
[SHELL] ccA:122,228400525,272334,3.146,33.633,0.000,35.000,1.70466,1.88392,23.90,-13.606,23.156,-13.606,23.156,-13.543,4.151,1.00000,73.902,17.608,36.551
[SHELL] ccB:122,23133,1,-38.574,30.175,8.399,20.132,32.813,79.868,18.679,45.080,81.321
[SHELL] ccA:123,228510501,272335,6.565,33.414,0.000,35.000,1.92446,2.10371,23.97,-13.677,23.161,-13.677,23.161,-13.546,4.151,1.00000,73.902,-7.728,28.440
[SHELL] ccB:123,2147515527,1,-24.004,-2.807,26.811,23.612,22.405,77.595,20.132,32.813,79.868
[SHELL] ccA:124,228620437,272336,2.696,31.885,0.000,35.000,2.14893,2.32818,23.86,-13.601,23.193,-13.601,23.193,-13.547,4.153,1.00000,73.902,8.633,34.107
[SHELL] ccB:124,23089,1,-33.282,6.761,26.521,34.760,19.745,80.255,23.612,22.405,77.595
[SHELL] ccA:125,228730377,272337,3.038,33.199,0.000,35.000,2.37556,2.55482,23.82,-13.610,23.168,-13.610,23.168,-13.549,4.154,1.00000,73.902,2.612,36.142
[SHELL] ccB:125,2147515589,1,-26.939,-7.519,34.458,46.967,18.561,81.439,34.760,19.745,80.255
[SHELL] ccA:126,228840381,272338,3.825,35.936,0.000,35.000,2.60120,2.78046,23.81,-13.627,23.113,-13.627,23.113,-13.551,4.153,1.00000,73.902,1.441,37.351
[SHELL] ccB:126,23061,1,-20.452,-16.870,37.322,59.300,19.020,80.980,46.967,18.561,81.439
[SHELL] ccA:127,228950381,272339,7.403,38.141,0.000,35.000,2.81645,2.99567,23.78,-13.703,23.067,-13.703,23.067,-13.555,4.152,1.00000,73.902,24.118,41.722
[SHELL] ccB:127,2147515587,1,-36.182,-9.476,45.658,70.709,20.921,79.079,59.300,19.020,80.980
[SHELL] ctrlcap v1 armed=0 count=512 clock_hz=550000000 decimation=1
[SHELL] ccA:index,cycles,seq,id,iq,idref,iqref,theta,actangle,age_us,vdreq,vqreq,vd,vq,intd,intq,scale,bus,raw_id,raw_iq
[SHELL] ccB:index,timer,valid,ia,ib,ic,du,dv,dw,active_u,active_v,active_w
[SHELL] ccA:128,229060437,272340,12.664,39.215,0.000,35.000,3.05064,3.22989,23.89,-13.814,23.044,-13.814,23.044,-13.561,4.150,1.00000,73.902,0.979,36.066
[SHELL] ccB:128,23089,1,-4.251,-28.903,33.153,78.763,21.237,72.180,70.709,20.921,79.079
[SHELL] ccA:129,229170377,272341,10.822,37.933,0.000,35.000,3.27442,3.45366,23.79,-13.783,23.068,-13.783,23.068,-13.566,4.148,1.00000,73.902,17.211,37.879
[SHELL] ccB:129,2147515589,1,-12.043,-28.468,40.511,80.883,19.117,60.652,78.763,21.237,72.180
[SHELL] ccA:130,229280441,272342,11.757,37.584,0.000,35.000,3.49405,3.67332,23.92,-13.807,23.073,-13.807,23.073,-13.572,4.147,1.00000,73.902,11.628,38.513
[SHELL] ccB:130,23091,1,2.382,-35.970,33.588,81.501,18.499,48.702,80.883,19.117,60.652
[SHELL] ccA:131,229390373,272343,9.562,36.855,0.000,35.000,3.72846,3.90774,23.81,-13.768,23.087,-13.768,23.087,-13.577,4.146,1.00000,73.902,-2.217,32.515
[SHELL] ccB:131,2147515591,1,19.851,-32.310,12.458,80.468,19.532,36.148,81.501,18.499,48.702
[SHELL] ccA:132,229500421,272344,7.601,35.608,0.000,35.000,3.95254,4.13180,23.93,-13.733,23.112,-13.733,23.112,-13.581,4.146,1.00000,73.462,23.210,38.888
[SHELL] ccB:132,23081,1,12.204,-43.871,31.667,78.124,21.876,24.693,80.468,19.532,36.148
[SHELL] ccA:133,229610349,272345,10.540,36.038,0.000,35.000,4.17799,4.35724,23.78,-13.797,23.103,-13.797,23.103,-13.586,4.145,1.00000,73.462,-2.043,33.862
[SHELL] ccB:133,2147515603,1,30.181,-28.504,-1.677,79.902,31.657,20.098,78.124,21.876,24.693
[SHELL] ccA:134,229720385,272346,6.591,35.929,0.000,35.000,4.40184,4.58112,23.86,-13.721,23.104,-13.721,23.104,-13.589,4.145,1.00000,73.902,7.238,37.103
[SHELL] ccB:134,23063,1,33.117,-32.346,-0.771,81.267,43.527,18.733,79.902,31.657,20.098
[SHELL] ccA:135,229830381,272347,5.083,38.424,0.000,35.000,4.63301,4.81226,23.84,-13.694,23.053,-13.694,23.053,-13.592,4.143,1.00000,73.902,7.899,45.630
[SHELL] ccB:135,2147515587,1,44.860,-32.382,-12.478,81.223,56.097,18.777,81.267,43.527,18.733
[SHELL] ccA:136,229940341,272348,5.217,40.037,0.000,35.000,4.85998,5.03922,23.77,-13.699,23.018,-13.699,23.018,-13.594,4.140,1.00000,73.902,-2.167,31.787
[SHELL] ccB:136,23041,1,31.123,-9.657,-21.466,79.592,68.134,20.408,81.223,56.097,18.777
[SHELL] ccA:137,230050341,272349,5.593,38.090,0.000,35.000,5.08102,5.26026,23.78,-13.709,23.055,-13.709,23.055,-13.597,4.139,1.00000,73.902,18.806,43.157
[SHELL] ccB:137,2147515607,1,47.034,-25.242,-21.792,75.453,77.787,22.213,79.592,68.134,20.408
[SHELL] ccA:138,230160337,272350,7.429,37.691,0.000,35.000,5.30576,5.48500,23.78,-13.750,23.062,-13.750,23.062,-13.601,4.138,1.00000,73.902,-5.731,32.662
[SHELL] ccB:138,23039,1,23.874,7.994,-31.868,64.040,80.402,19.598,75.453,77.787,22.213
[SHELL] ccA:139,230270341,272351,2.439,36.506,0.000,35.000,5.52908,5.70835,23.77,-13.651,23.085,-13.651,23.085,-13.602,4.137,1.00000,73.902,2.413,37.544
[SHELL] ccB:139,2147515607,1,27.463,8.537,-36.000,52.221,81.402,18.598,64.040,80.402,19.598
[SHELL] ccA:140,230380357,272352,3.649,37.647,0.000,35.000,5.76040,5.93965,23.78,-13.677,23.061,-13.677,23.061,-13.604,4.135,1.00000,73.902,15.502,42.837
[SHELL] ccB:140,23049,1,34.820,8.030,-42.850,39.627,80.843,19.157,52.221,81.402,18.598
[SHELL] ccA:141,230490381,272353,7.565,39.132,0.000,35.000,5.98171,6.16096,23.86,-13.759,23.029,-13.759,23.029,-13.608,4.133,1.00000,73.902,-3.157,33.309
[SHELL] ccB:141,2147515587,1,6.876,24.919,-31.795,27.980,78.751,21.249,39.627,80.843,19.157
[SHELL] ccA:142,230600341,272354,7.620,37.040,0.000,35.000,6.21217,0.10825,23.83,-13.764,23.070,-13.764,23.070,-13.612,4.132,1.00000,73.902,21.291,38.705
[SHELL] ccB:142,23041,1,23.983,20.135,-44.118,21.017,78.983,28.715,27.980,78.751,21.249
[SHELL] ccA:143,230710217,272355,10.214,36.555,0.000,35.000,0.15506,0.33434,23.74,-13.821,23.079,-13.821,23.079,-13.617,4.132,1.00000,73.902,1.431,35.502
[SHELL] ccB:143,2147515669,1,-4.070,32.603,-28.534,18.948,81.052,40.586,21.017,78.983,28.715
[SHELL] ctrlcap v1 armed=0 count=512 clock_hz=550000000 decimation=1
[SHELL] ccA:index,cycles,seq,id,iq,idref,iqref,theta,actangle,age_us,vdreq,vqreq,vd,vq,intd,intq,scale,bus,raw_id,raw_iq
[SHELL] ccB:index,timer,valid,ia,ib,ic,du,dv,dw,active_u,active_v,active_w
[SHELL] ccA:144,230820161,272356,6.892,36.497,0.000,35.000,0.37744,0.55670,23.70,-13.758,23.079,-13.758,23.079,-13.620,4.131,1.00000,73.902,3.416,36.278
[SHELL] ccB:144,22951,1,-10.195,35.394,-25.199,18.548,81.452,52.566,18.948,81.052,40.586
[SHELL] ccA:145,230930289,272357,7.792,38.315,0.000,35.000,0.60343,0.78269,23.54,-13.780,23.041,-13.780,23.041,-13.624,4.129,1.00000,73.902,22.908,45.200
[SHELL] ccB:145,2147515633,1,-6.788,46.883,-40.095,19.716,80.284,64.770,18.548,81.452,52.566
[SHELL] ccA:146,231040573,272358,11.120,39.801,0.000,35.000,0.83123,1.01048,24.02,-13.852,23.009,-13.852,23.009,-13.630,4.127,1.00000,73.902,-4.751,32.524
[SHELL] ccB:146,23157,1,-27.229,29.559,-2.329,22.459,77.541,76.382,19.716,80.284,64.770
[SHELL] ccA:147,231150493,272359,7.624,36.584,0.000,35.000,1.05247,1.23173,23.91,-13.786,23.073,-13.786,23.073,-13.633,4.126,1.00000,73.902,17.090,36.087
[SHELL] ccB:147,2147515531,1,-22.880,39.779,-16.899,20.143,67.372,79.857,22.459,77.541,76.382
[SHELL] ccA:148,231260493,272360,8.504,34.580,0.000,35.000,1.28742,1.46666,23.90,-13.808,23.113,-13.808,23.113,-13.638,4.126,1.00000,73.902,4.589,33.623
[SHELL] ccB:148,23117,1,-30.999,27.457,3.542,18.575,54.869,81.425,20.143,67.372,79.857
[SHELL] ccA:149,231370505,272361,6.634,34.009,0.000,35.000,1.51185,1.69108,23.90,-13.774,23.125,-13.774,23.125,-13.641,4.127,1.00000,73.902,0.267,32.702
[SHELL] ccB:149,2147515525,1,-32.630,18.214,14.415,18.740,42.708,81.260,18.575,54.869,81.425
[SHELL] ccA:150,231480521,272362,6.379,33.968,0.000,35.000,1.73858,1.91782,23.97,-13.772,23.126,-13.772,23.126,-13.644,4.127,1.00000,73.902,20.393,36.845
[SHELL] ccB:150,23131,1,-39.734,31.951,7.783,20.486,30.727,79.514,18.740,42.708,81.260
[SHELL] ccA:151,231590461,272363,8.001,34.214,0.000,35.000,1.96648,2.14575,23.89,-13.808,23.122,-13.808,23.122,-13.648,4.128,1.00000,74.342,-9.050,30.462
[SHELL] ccB:151,2147515547,1,-24.620,-5.090,29.710,25.999,21.854,78.146,20.486,30.727,79.514
[SHELL] ccA:152,231700437,272364,1.850,32.640,0.000,35.000,2.17832,2.35759,23.95,-13.686,23.154,-13.686,23.154,-13.649,4.129,1.00000,74.342,5.106,32.792
[SHELL] ccB:152,23089,1,-29.839,2.340,27.499,36.565,19.643,80.357,25.999,21.854,78.146
[SHELL] ccA:153,231810413,272365,0.208,33.558,0.000,35.000,2.41477,2.59405,23.89,-13.653,23.137,-13.653,23.137,-13.649,4.130,1.00000,74.342,-0.330,38.186
[SHELL] ccB:153,2147515571,1,-25.127,-12.339,37.466,49.219,18.708,81.292,36.565,19.643,80.357
[SHELL] ccA:154,231920361,272366,-0.152,36.131,0.000,35.000,2.63741,2.81669,23.79,-13.646,23.085,-13.646,23.085,-13.649,4.129,1.00000,74.342,-5.052,35.360
[SHELL] ccB:154,23051,1,-12.659,-22.596,35.256,61.225,19.441,80.559,49.219,18.708,81.292
[SHELL] ccA:155,232030405,272367,2.374,37.374,0.000,35.000,2.86663,3.04588,23.85,-13.698,23.059,-13.698,23.059,-13.650,4.128,1.00000,73.902,19.930,40.588
[SHELL] ccB:155,2147515575,1,-30.201,-14.043,44.244,73.203,21.568,78.432,61.225,19.441,80.559
[SHELL] ccA:156,232140365,272368,7.054,37.136,0.000,35.000,3.08849,3.26774,23.79,-13.795,23.062,-13.795,23.062,-13.654,4.127,1.00000,73.902,-6.591,32.008
[SHELL] ccB:156,23053,1,4.883,-30.425,25.542,79.222,20.778,70.332,73.203,21.568,78.432
[SHELL] ccA:157,232250453,272369,2.871,34.766,0.000,35.000,3.31330,3.49255,23.87,-13.713,23.110,-13.713,23.110,-13.655,4.127,1.00000,73.902,4.735,34.459
[SHELL] ccB:157,2147515551,1,1.222,-30.715,29.493,81.084,18.916,58.727,79.222,20.778,70.332
[SHELL] ccA:158,232360461,272370,1.678,34.472,0.000,35.000,3.54360,3.72286,23.86,-13.690,23.116,-13.690,23.116,-13.656,4.127,1.00000,73.902,3.832,36.962
[SHELL] ccB:158,23101,1,10.935,-36.224,25.289,81.408,18.592,46.254,81.084,18.916,58.727
[SHELL] ccA:159,232470485,272371,0.611,35.148,0.000,35.000,3.77183,3.95108,23.86,-13.669,23.102,-13.669,23.102,-13.656,4.127,1.00000,74.342,-9.957,32.211
[SHELL] ccB:159,2147515535,1,27.028,-30.969,3.941,79.905,20.095,34.173,81.408,18.592,46.254
[SHELL] ctrlcap v1 armed=0 count=512 clock_hz=550000000 decimation=1
[SHELL] ccA:index,cycles,seq,id,iq,idref,iqref,theta,actangle,age_us,vdreq,vqreq,vd,vq,intd,intq,scale,bus,raw_id,raw_iq
[SHELL] ccB:index,timer,valid,ia,ib,ic,du,dv,dw,active_u,active_v,active_w
[SHELL] ccA:160,232580457,272372,-0.815,34.807,0.000,35.000,3.99975,4.17900,23.90,-13.640,23.109,-13.640,23.109,-13.656,4.127,1.00000,74.342,12.824,37.845
[SHELL] ccB:160,23099,1,20.250,-39.957,19.707,77.075,22.925,22.937,79.905,20.095,34.173
[SHELL] ccA:161,232690421,272373,0.559,36.349,0.000,35.000,4.22383,4.40309,23.83,-13.668,23.078,-13.668,23.078,-13.656,4.126,1.00000,74.342,-13.456,37.494
[SHELL] ccB:161,2147515567,1,39.423,-24.662,-14.761,79.866,34.100,20.134,77.075,22.925,22.937
[SHELL] ccA:162,232800453,272374,-3.873,37.636,0.000,35.000,4.44916,4.62841,23.91,-13.577,23.051,-13.577,23.051,-13.654,4.125,1.00000,74.342,-1.403,37.711
[SHELL] ccB:162,23097,1,36.777,-25.713,-11.064,81.076,45.940,18.924,79.866,34.100,20.134
[SHELL] ccA:163,232910421,272375,-3.234,39.414,0.000,35.000,4.67900,4.85825,23.84,-13.588,23.013,-13.588,23.013,-13.653,4.123,1.00000,74.342,3.325,44.742
[SHELL] ccB:163,2147515567,1,44.606,-26.474,-18.132,80.756,58.359,19.244,81.076,45.940,18.924
[SHELL] ccA:164,233020417,272376,-1.905,39.801,0.000,35.000,4.89955,5.07879,23.83,-13.614,23.003,-13.614,23.003,-13.652,4.121,1.00000,74.342,-12.867,32.010
[SHELL] ccB:164,23079,1,29.057,1.578,-30.636,78.949,69.864,21.051,80.756,58.359,19.244
[SHELL] ccA:165,233130413,272377,-3.629,35.593,0.000,35.000,5.12581,5.30506,23.83,-13.577,23.087,-13.577,23.087,-13.650,4.120,1.00000,74.342,7.894,33.610
[SHELL] ccB:165,2147515571,1,33.950,-11.542,-22.408,73.335,78.142,21.858,78.949,69.864,21.051
[SHELL] ccA:166,233240405,272378,-2.057,32.660,0.000,35.000,5.34797,5.52724,23.83,-13.608,23.146,-13.608,23.146,-13.649,4.121,1.00000,74.342,-11.150,31.407
[SHELL] ccB:166,23073,1,18.655,14.590,-33.245,62.059,80.494,19.506,73.335,78.142,21.858
[SHELL] ccA:167,233350409,272379,-4.440,33.088,0.000,35.000,5.58460,5.76388,23.83,-13.558,23.139,-13.558,23.139,-13.647,4.122,1.00000,74.342,-3.352,35.929
[SHELL] ccB:167,2147515573,1,20.540,15.424,-35.964,49.421,81.240,18.760,62.059,80.494,19.506
[SHELL] ccA:168,233460461,272380,-1.535,36.152,0.000,35.000,5.80516,5.98441,23.93,-13.615,23.077,-13.615,23.077,-13.646,4.122,1.00000,74.342,11.713,41.344
[SHELL] ccB:168,23101,1,29.420,12.415,-41.835,37.451,80.361,19.639,49.421,81.240,18.760
[SHELL] ccA:169,233570409,272381,2.447,37.454,0.000,35.000,6.03676,6.21604,23.84,-13.696,23.050,-13.696,23.050,-13.647,4.121,1.00000,74.342,-10.287,31.198
[SHELL] ccB:169,2147515573,1,-2.366,29.559,-27.193,25.548,77.861,22.139,37.451,80.361,19.639
[SHELL] ccA:170,233680353,272382,0.486,34.537,0.000,35.000,6.24765,0.14371,23.84,-13.657,23.108,-13.657,23.108,-13.647,4.121,1.00000,74.342,10.807,34.406
[SHELL] ccB:170,23047,1,12.023,23.433,-35.456,20.843,79.157,30.430,25.548,77.861,22.139
[SHELL] ccA:171,233790285,272383,1.263,33.261,0.000,35.000,0.19479,0.37403,23.80,-13.673,23.135,-13.673,23.135,-13.648,4.122,1.00000,74.342,-6.275,33.035
[SHELL] ccB:171,2147515635,1,-12.551,33.292,-20.741,18.998,81.002,42.468,20.843,79.157,30.430
[SHELL] ccA:172,233900177,272384,-1.497,33.650,0.000,35.000,0.42303,0.60229,23.66,-13.617,23.128,-13.617,23.128,-13.647,4.122,1.00000,74.342,-4.243,34.125
[SHELL] ccB:172,22959,1,-17.879,34.379,-16.501,18.854,81.146,54.718,18.998,81.002,42.468
[SHELL] ccA:173,234010445,272385,0.659,36.077,0.000,35.000,0.64842,0.82767,23.67,-13.661,23.079,-13.661,23.079,-13.648,4.122,1.00000,74.342,17.398,43.022
[SHELL] ccB:173,2147515555,1,-12.116,44.854,-32.738,20.295,79.705,66.761,18.854,81.146,54.718
[SHELL] ccA:174,234120593,272386,5.294,37.925,0.000,35.000,0.88266,1.06191,24.05,-13.756,23.040,-13.756,23.040,-13.650,4.120,1.00000,74.342,-9.377,31.530
[SHELL] ccB:174,23167,1,-30.310,26.224,4.086,22.481,75.683,77.519,20.295,79.705,66.761
[SHELL] ccA:175,234230581,272387,1.760,34.837,0.000,35.000,1.09741,1.27668,23.99,-13.686,23.102,-13.686,23.102,-13.651,4.120,1.00000,74.342,8.395,33.265
[SHELL] ccB:175,2147515487,1,-25.780,32.494,-6.715,19.963,65.123,80.037,22.481,75.683,77.519
[SHELL] ctrlcap v1 armed=0 count=512 clock_hz=550000000 decimation=1
[SHELL] ccA:index,cycles,seq,id,iq,idref,iqref,theta,actangle,age_us,vdreq,vqreq,vd,vq,intd,intq,scale,bus,raw_id,raw_iq
[SHELL] ccB:index,timer,valid,ia,ib,ic,du,dv,dw,active_u,active_v,active_w
[SHELL] ccA:176,234340593,272388,1.876,32.402,0.000,35.000,1.32791,1.50714,23.98,-13.690,23.152,-13.690,23.152,-13.652,4.122,1.00000,74.342,0.091,31.548
[SHELL] ccB:176,23167,1,-30.600,21.947,8.653,18.712,52.889,81.288,19.963,65.123,80.037
[SHELL] ccA:177,234450609,272389,0.195,31.531,0.000,35.000,1.55082,1.73007,24.04,-13.656,23.171,-13.656,23.171,-13.652,4.123,1.00000,74.342,-7.798,29.762
[SHELL] ccB:177,2147515473,1,-29.911,8.718,21.193,19.111,40.913,80.889,18.712,52.889,81.288
[SHELL] ccA:178,234560577,272390,-0.871,30.946,0.000,35.000,1.76932,1.94857,23.98,-13.634,23.185,-13.634,23.185,-13.652,4.125,1.00000,74.342,12.020,32.714
[SHELL] ccB:178,23159,1,-34.442,21.839,12.603,20.970,29.579,79.030,19.111,40.913,80.889
[SHELL] ccA:179,234670601,272391,0.415,30.525,0.000,35.000,1.99476,2.17402,24.07,-13.660,23.195,-13.660,23.195,-13.652,4.128,1.00000,74.342,-14.581,26.912
[SHELL] ccB:179,2147515477,1,-18.531,-11.832,30.363,27.095,21.566,78.434,20.970,29.579,79.030
[SHELL] ccA:180,234780533,272392,-4.278,29.873,0.000,35.000,2.22817,2.40741,23.99,-13.564,23.211,-13.564,23.211,-13.650,4.130,1.00000,74.342,0.030,32.955
[SHELL] ccB:180,23137,1,-26.106,-4.366,30.471,38.941,19.340,80.660,27.095,21.566,78.434
[SHELL] ccA:181,234890485,272393,-3.590,32.683,0.000,35.000,2.45154,2.63083,23.94,-13.576,23.156,-13.576,23.156,-13.648,4.131,1.00000,74.342,0.163,37.909
[SHELL] ccB:181,2147515535,1,-24.257,-13.100,37.358,51.057,18.737,81.263,38.941,19.340,80.660
[SHELL] ccA:182,235000505,272394,-1.617,35.385,0.000,35.000,2.67978,2.85903,23.96,-13.615,23.102,-13.615,23.102,-13.647,4.131,1.00000,74.342,-6.824,32.768
[SHELL] ccB:182,23123,1,-8.491,-23.792,32.284,63.385,19.733,80.267,51.057,18.737,81.263
[SHELL] ccA:183,235110453,272395,1.304,35.760,0.000,35.000,2.90965,3.08890,23.87,-13.674,23.094,-13.674,23.094,-13.648,4.131,1.00000,74.342,18.701,39.597
[SHELL] ccB:183,2147515551,1,-27.302,-16.000,43.302,75.098,22.296,77.704,63.385,19.733,80.267
[SHELL] ccA:184,235220501,272396,5.772,35.741,0.000,35.000,3.13122,3.31047,23.97,-13.766,23.094,-13.766,23.094,-13.651,4.130,1.00000,74.342,-7.488,31.002
[SHELL] ccB:184,23121,1,7.166,-30.497,23.331,79.519,20.481,68.131,75.098,22.296,77.704
[SHELL] ccA:185,235330433,272397,0.996,33.619,0.000,35.000,3.35462,3.53387,23.86,-13.671,23.137,-13.671,23.137,-13.651,4.131,1.00000,74.342,0.261,32.875
[SHELL] ccB:185,2147515561,1,6.695,-31.222,24.527,81.077,18.923,56.558,79.519,20.481,68.131
[SHELL] ccA:186,235440461,272398,-1.240,33.481,0.000,35.000,3.57523,3.75447,23.86,-13.626,23.141,-13.626,23.141,-13.651,4.132,1.00000,74.342,2.005,37.170
[SHELL] ccB:186,23101,1,13.799,-36.840,23.041,81.134,18.866,44.707,81.077,18.923,56.558
[SHELL] ccA:187,235550453,272399,-1.903,34.823,0.000,35.000,3.80779,3.98704,23.86,-13.612,23.114,-13.612,23.114,-13.650,4.132,1.00000,74.342,-11.883,32.077
[SHELL] ccB:187,2147515551,1,29.166,-30.062,0.896,79.557,20.443,32.438,81.134,18.866,44.707
[SHELL] ccA:188,235660433,272400,-2.699,34.455,0.000,35.000,4.03237,4.21161,23.84,-13.594,23.121,-13.594,23.121,-13.648,4.132,1.00000,74.342,10.966,36.496
[SHELL] ccB:188,23087,1,21.482,-38.000,16.518,77.527,24.394,22.473,79.557,20.443,32.438
[SHELL] ccA:189,235770473,272401,0.184,34.837,0.000,35.000,4.25857,4.43782,23.93,-13.652,23.114,-13.652,23.114,-13.648,4.132,1.00000,74.342,-9.313,34.280
[SHELL] ccB:189,2147515541,1,34.893,-23.212,-11.680,80.183,35.832,19.817,77.527,24.394,22.473
[SHELL] ccA:190,235880421,272402,-2.029,35.566,0.000,35.000,4.48349,4.66273,23.84,-13.607,23.099,-13.607,23.099,-13.647,4.132,1.00000,74.342,-0.458,37.209
[SHELL] ccB:190,23081,1,36.342,-25.097,-11.245,81.204,47.787,18.796,80.183,35.832,19.817
[SHELL] ccA:191,235990421,272403,-0.536,37.575,0.000,35.000,4.71192,4.89115,23.84,-13.636,23.058,-13.636,23.058,-13.647,4.131,1.00000,74.342,8.082,41.601
[SHELL] ccB:191,2147515567,1,41.598,-27.815,-13.782,80.649,60.168,19.351,81.204,47.787,18.796
[SHELL] ctrlcap v1 armed=0 count=512 clock_hz=550000000 decimation=1
[SHELL] ccA:index,cycles,seq,id,iq,idref,iqref,theta,actangle,age_us,vdreq,vqreq,vd,vq,intd,intq,scale,bus,raw_id,raw_iq
[SHELL] ccB:index,timer,valid,ia,ib,ic,du,dv,dw,active_u,active_v,active_w
[SHELL] ccA:192,236100417,272404,1.127,37.746,0.000,35.000,4.93444,5.11369,23.83,-13.670,23.053,-13.670,23.053,-13.648,4.129,1.00000,74.342,-11.200,30.571
[SHELL] ccB:192,23079,1,27.354,1.615,-28.968,78.597,71.702,21.403,80.649,60.168,19.351
[SHELL] ccA:193,236210429,272405,-1.383,33.953,0.000,35.000,5.15829,5.33754,23.84,-13.619,23.129,-13.619,23.129,-13.647,4.130,1.00000,74.342,8.784,33.069
[SHELL] ccB:193,2147515563,1,33.624,-11.324,-22.300,71.760,78.633,21.367,78.597,71.702,21.403
[SHELL] ccA:194,236320465,272406,-0.564,32.412,0.000,35.000,5.38884,5.56807,23.94,-13.636,23.161,-13.636,23.161,-13.647,4.131,1.00000,74.342,-8.624,32.938
[SHELL] ccB:194,23103,1,20.286,13.539,-33.825,59.870,80.787,19.213,71.760,78.633,21.367
[SHELL] ccA:195,236437233,272407,-2.780,33.712,0.000,35.000,5.62288,5.81943,26.79,-13.590,23.136,-13.590,23.136,-13.645,4.132,1.00000,74.342,-2.654,35.901
[SHELL] ccB:195,2147512161,1,19.924,16.003,-35.927,46.357,81.186,18.814,59.870,80.787,19.213
[SHELL] ccA:196,236540465,272408,0.471,37.198,0.000,35.000,5.82197,6.00125,23.84,-13.655,23.065,-13.655,23.065,-13.646,4.131,1.00000,74.342,15.817,44.052
[SHELL] ccB:196,23103,1,33.769,11.183,-44.952,36.484,80.234,19.766,46.357,81.186,18.814
[SHELL] ccA:197,236650449,272409,4.213,38.426,0.000,35.000,6.06265,6.24192,23.90,-13.732,23.039,-13.732,23.039,-13.648,4.129,1.00000,74.342,-12.129,29.701
[SHELL] ccB:197,2147515553,1,-5.338,30.066,-24.728,24.234,77.475,22.525,36.484,80.234,19.766
[SHELL] ccA:198,236760441,272410,0.696,34.915,0.000,35.000,0.00298,0.18220,23.99,-13.662,23.109,-13.662,23.109,-13.648,4.129,1.00000,74.342,11.224,36.206
[SHELL] ccB:198,23091,1,11.117,25.826,-36.942,20.425,79.575,32.393,24.234,77.475,22.525
[SHELL] ccA:199,236870237,272411,2.442,34.728,0.000,35.000,0.23104,0.41105,23.70,-13.698,23.193,-13.698,23.193,-13.649,4.129,1.00000,74.342,-0.551,36.799
[SHELL] ccB:199,2147515659,1,-8.963,35.394,-26.431,18.787,81.213,44.430,20.425,79.575,32.393
[SHELL] ccA:200,236980161,272412,1.870,36.457,0.000,35.000,0.45847,0.63847,23.65,-13.688,23.158,-13.688,23.158,-13.650,4.129,1.00000,74.342,-2.644,36.023
[SHELL] ccB:200,22951,1,-18.313,36.119,-17.805,18.908,81.092,56.772,18.787,81.213,44.430
[SHELL] ccA:201,237090389,272413,4.134,38.586,0.000,35.000,0.68579,0.86579,23.58,-13.735,23.113,-13.735,23.113,-13.652,4.127,1.00000,74.342,22.372,45.499
[SHELL] ccB:201,2147515583,1,-11.500,48.514,-37.015,20.630,79.370,68.845,18.908,81.092,56.772
[SHELL] ccA:202,237200633,272414,8.769,39.924,0.000,35.000,0.90896,1.08896,24.10,-13.832,23.084,-13.832,23.084,-13.657,4.124,1.00000,74.342,-7.024,32.674
[SHELL] ccB:202,23187,1,-30.093,27.638,2.455,21.988,74.378,78.012,20.630,79.370,68.845
[SHELL] ccA:203,237310617,272415,4.425,36.462,0.000,35.000,1.13984,1.31986,24.05,-13.747,23.153,-13.747,23.153,-13.659,4.124,1.00000,74.342,9.377,34.999
[SHELL] ccB:203,2147515469,1,-27.882,33.980,-6.099,19.522,62.846,80.478,21.988,74.378,78.012
[SHELL] ccA:204,237420609,272416,4.227,34.496,0.000,35.000,1.37324,1.55326,24.06,-13.746,23.192,-13.746,23.192,-13.661,4.124,1.00000,74.342,5.177,35.311
[SHELL] ccB:204,23175,1,-33.608,27.203,6.406,18.595,50.333,81.405,19.522,62.846,80.478
[SHELL] ccA:205,237530573,272417,3.421,34.349,0.000,35.000,1.59007,1.77005,23.98,-13.731,23.196,-13.731,23.196,-13.663,4.124,1.00000,74.342,-6.047,31.774
[SHELL] ccB:205,2147515491,1,-31.651,10.059,21.592,19.290,38.655,80.710,18.595,50.333,81.405
[SHELL] ccA:206,237640653,272418,1.766,33.360,0.000,35.000,1.81663,1.99663,24.03,-13.699,23.216,-13.699,23.216,-13.664,4.125,1.00000,74.342,13.980,34.580
[SHELL] ccB:206,23197,1,-36.943,22.926,14.017,21.526,27.064,78.474,19.290,38.655,80.710
[SHELL] ccA:207,237750541,272419,2.213,32.833,0.000,35.000,2.04263,2.22268,24.00,-13.709,23.228,-13.709,23.228,-13.665,4.126,1.00000,74.342,-13.060,30.398
[SHELL] ccB:207,2147515507,1,-21.140,-11.469,32.610,29.525,20.889,79.111,21.526,27.064,78.474
[SHELL] ctrlcap v1 armed=0 count=512 clock_hz=550000000 decimation=1
[SHELL] ccA:index,cycles,seq,id,iq,idref,iqref,theta,actangle,age_us,vdreq,vqreq,vd,vq,intd,intq,scale,bus,raw_id,raw_iq
[SHELL] ccB:index,timer,valid,ia,ib,ic,du,dv,dw,active_u,active_v,active_w
[SHELL] ccA:208,237860473,272420,-3.323,32.810,0.000,35.000,2.27236,2.45239,23.94,-13.597,23.229,-13.597,23.229,-13.663,4.127,1.00000,74.342,-1.152,35.863
[SHELL] ccB:208,23107,1,-26.650,-7.483,34.132,41.367,19.044,80.956,29.525,20.889,79.111
[SHELL] ccA:209,237970457,272421,-3.283,36.077,0.000,35.000,2.50067,2.68068,23.86,-13.596,23.163,-13.596,23.163,-13.661,4.127,1.00000,74.342,2.230,42.186
[SHELL] ccB:209,2147515549,1,-27.012,-14.623,41.635,53.782,18.788,81.212,41.367,19.044,80.956
[SHELL] ccA:210,238080437,272422,-1.233,38.964,0.000,35.000,2.71336,2.89339,23.86,-13.636,23.104,-13.636,23.104,-13.661,4.125,1.00000,74.342,-8.241,35.622
[SHELL] ccB:210,23089,1,-7.295,-27.380,34.676,65.219,20.008,79.992,53.782,18.788,81.212
[SHELL] ccA:211,238190481,272423,0.744,38.919,0.000,35.000,2.94838,3.12838,23.93,-13.676,23.103,-13.676,23.103,-13.661,4.123,1.00000,74.342,17.227,42.245
[SHELL] ccB:211,2147515537,1,-25.019,-20.530,45.549,76.976,22.879,77.121,65.219,20.008,79.992
[SHELL] ccA:212,238300429,272424,4.776,38.064,0.000,35.000,3.18190,3.36192,23.85,-13.759,23.118,-13.759,23.118,-13.664,4.121,1.00000,74.342,-7.109,32.144
[SHELL] ccB:212,23085,1,8.398,-31.766,23.368,80.031,19.969,65.523,76.976,22.879,77.121
[SHELL] ccA:213,238410485,272425,0.519,35.253,0.000,35.000,3.40299,3.58300,23.95,-13.674,23.174,-13.674,23.174,-13.664,4.121,1.00000,74.342,-0.933,34.478
[SHELL] ccB:213,2147515535,1,9.812,-33.542,23.730,81.263,18.737,53.944,80.031,19.969,65.523
[SHELL] ccA:214,238520445,272426,-1.247,34.608,0.000,35.000,3.62955,3.80956,23.86,-13.638,23.187,-13.638,23.187,-13.663,4.121,1.00000,74.342,3.988,37.332
[SHELL] ccB:214,23093,1,13.980,-37.166,23.186,80.974,19.026,41.757,81.263,18.737,53.944
[SHELL] ccA:215,238630417,272427,-1.791,35.177,0.000,35.000,3.85111,4.03110,23.86,-13.626,23.176,-13.626,23.176,-13.662,4.121,1.00000,74.342,-14.205,31.565
[SHELL] ccB:215,2147515569,1,31.341,-28.395,-2.945,79.156,20.844,30.190,80.974,19.026,41.757
[SHELL] ccA:216,238740449,272428,-4.429,33.759,0.000,35.000,4.08089,4.26093,23.89,-13.572,23.205,-13.572,23.205,-13.660,4.122,1.00000,74.342,6.708,34.575
[SHELL] ccB:216,23095,1,23.947,-34.339,10.392,78.254,26.610,21.746,79.156,20.844,30.190
[SHELL] ccA:217,238850441,272429,-2.796,33.696,0.000,35.000,4.30545,4.48549,23.83,-13.603,23.207,-13.603,23.207,-13.659,4.122,1.00000,74.342,-10.395,34.068
[SHELL] ccB:217,2147515557,1,35.400,-21.110,-14.290,80.579,38.138,19.421,78.254,26.610,21.746
[SHELL] ccA:218,238960453,272430,-5.136,35.990,0.000,35.000,4.53331,4.71332,23.89,-13.553,23.160,-13.553,23.160,-13.656,4.122,1.00000,74.342,-6.464,41.251
[SHELL] ccB:218,23097,1,41.743,-21.726,-20.016,81.260,50.368,18.740,80.579,38.138,19.421
[SHELL] ccA:219,239070409,272431,-3.686,40.368,0.000,35.000,4.75964,4.93965,23.83,-13.581,23.070,-13.581,23.070,-13.654,4.119,1.00000,74.342,8.579,44.903
[SHELL] ccB:219,2147515573,1,45.258,-28.214,-17.044,80.323,62.614,19.677,81.260,50.368,18.740
[SHELL] ccA:220,239180397,272432,-0.188,40.475,0.000,35.000,4.98273,5.16273,23.82,-13.650,23.065,-13.650,23.065,-13.654,4.116,1.00000,74.342,-11.447,30.843
[SHELL] ccB:220,23069,1,26.665,3.354,-30.020,77.961,74.063,22.039,80.323,62.614,19.677
[SHELL] ccA:221,239290473,272433,-1.697,35.056,0.000,35.000,5.22118,5.40119,23.94,-13.619,23.174,-13.619,23.174,-13.653,4.116,1.00000,74.342,7.529,33.637
[SHELL] ccB:221,2147515541,1,33.044,-8.026,-25.018,68.631,79.407,20.593,77.961,74.063,22.039
[SHELL] ccA:222,239400409,272434,-1.258,33.035,0.000,35.000,5.44215,5.62216,23.82,-13.628,23.215,-13.628,23.215,-13.653,4.117,1.00000,74.342,-8.642,34.024
[SHELL] ccB:222,23075,1,19.598,15.424,-35.021,57.052,81.093,18.907,68.631,79.407,20.593
[SHELL] ccA:223,239510457,272435,-4.807,33.756,0.000,35.000,5.65987,5.83988,23.93,-13.554,23.201,-13.554,23.201,-13.650,4.118,1.00000,74.342,-9.473,33.338
[SHELL] ccB:223,2147515549,1,11.769,22.346,-34.115,45.375,81.188,18.812,57.052,81.093,18.907
[SHELL] ctrlcap v1 armed=0 count=512 clock_hz=550000000 decimation=1
[SHELL] ccA:index,cycles,seq,id,iq,idref,iqref,theta,actangle,age_us,vdreq,vqreq,vd,vq,intd,intq,scale,bus,raw_id,raw_iq
[SHELL] ccB:index,timer,valid,ia,ib,ic,du,dv,dw,active_u,active_v,active_w
[SHELL] ccA:224,239620409,272436,-4.265,35.524,0.000,35.000,5.89022,6.07023,23.82,-13.563,23.166,-13.563,23.166,-13.648,4.118,1.00000,74.342,10.529,41.396
[SHELL] ccB:224,23075,1,25.578,16.837,-42.415,33.131,79.716,20.284,45.375,81.188,18.812
[SHELL] ccA:225,239730485,272437,-0.531,36.792,0.000,35.000,6.11027,0.00707,23.80,-13.637,23.139,-13.637,23.139,-13.648,4.117,1.00000,74.342,-13.710,31.037
[SHELL] ccB:225,2147515535,1,-8.165,32.603,-24.438,22.656,77.344,23.659,33.131,79.716,20.284
[SHELL] ccA:226,239840329,272438,-2.862,34.469,0.000,35.000,0.05917,0.23921,23.82,-13.589,23.186,-13.589,23.186,-13.646,4.117,1.00000,74.342,5.441,34.408
[SHELL] ccB:226,23035,1,3.397,28.326,-31.723,19.894,80.106,35.126,22.656,77.344,23.659
[SHELL] ccA:227,239950205,272439,-1.257,34.147,0.000,35.000,0.29238,0.47240,23.65,-13.621,23.193,-13.621,23.193,-13.646,4.118,1.00000,74.342,-2.200,36.737
[SHELL] ccB:227,2147515675,1,-12.696,36.264,-23.568,18.697,81.303,47.624,19.894,80.106,35.126
[SHELL] ccA:228,240060229,272440,-0.990,36.540,0.000,35.000,0.52799,0.70802,23.69,-13.626,23.144,-13.626,23.144,-13.645,4.117,1.00000,74.342,-5.001,38.280
[SHELL] ccB:228,22985,1,-23.605,38.257,-14.652,19.294,80.706,60.389,18.697,81.303,47.624
[SHELL] ccA:229,240170477,272441,1.086,39.194,0.000,35.000,0.74461,0.92462,23.67,-13.668,23.089,-13.668,23.089,-13.646,4.115,1.00000,74.342,16.546,43.480
[SHELL] ccB:229,2147515539,1,-17.299,46.050,-28.751,21.358,78.642,71.674,19.294,80.706,60.389
[SHELL] ccA:230,240280689,272442,3.406,39.003,0.000,35.000,0.95894,1.13894,24.10,-13.716,23.091,-13.716,23.091,-13.648,4.113,1.00000,74.342,-14.466,30.773
[SHELL] ccB:230,23215,1,-33.500,21.802,11.697,21.426,72.070,78.574,21.358,78.642,71.674
[SHELL] ccA:231,240390669,272443,-4.304,34.676,0.000,35.000,1.19067,1.37067,24.11,-13.559,23.178,-13.559,23.178,-13.645,4.113,1.00000,74.342,-4.829,33.677
[SHELL] ccB:231,2147515443,1,-33.065,23.470,9.595,19.308,60.466,80.692,21.426,72.070,78.574
[SHELL] ccA:232,240500681,272444,-6.639,33.608,0.000,35.000,1.41829,1.59830,24.11,-13.509,23.200,-13.509,23.200,-13.642,4.114,1.00000,74.342,-2.430,36.306
[SHELL] ccB:232,23211,1,-36.254,20.824,15.430,18.741,48.310,81.259,19.308,60.466,80.692
[SHELL] ccA:233,240610633,272445,-5.583,34.434,0.000,35.000,1.64518,1.82521,24.04,-13.528,23.184,-13.528,23.184,-13.639,4.114,1.00000,74.342,-12.643,31.445
[SHELL] ccB:233,2147515461,1,-30.419,2.267,28.152,19.775,36.128,80.225,18.741,48.310,81.259
[SHELL] ccA:234,240720669,272446,-4.215,33.343,0.000,35.000,1.87610,2.05611,24.14,-13.553,23.206,-13.553,23.206,-13.637,4.115,1.00000,74.342,10.854,34.173
[SHELL] ccB:234,23205,1,-35.855,17.997,17.859,22.382,24.466,77.618,19.775,36.128,80.225
[SHELL] ccA:235,240830657,272447,-1.667,32.946,0.000,35.000,2.09941,2.27943,24.06,-13.603,23.215,-13.603,23.215,-13.636,4.116,1.00000,74.342,-15.731,31.991
[SHELL] ccB:235,2147515449,1,-19.691,-15.891,35.582,32.298,20.368,79.632,22.382,24.466,77.618
[SHELL] ccA:236,240940553,272448,-6.819,33.226,0.000,35.000,2.32184,2.50187,23.99,-13.497,23.210,-13.497,23.210,-13.633,4.117,1.00000,74.342,-6.669,34.750
[SHELL] ccB:236,23147,1,-20.851,-14.333,35.183,43.890,18.922,81.078,32.298,20.368,79.632
[SHELL] ccA:237,241050941,272449,-7.095,35.789,0.000,35.000,2.55066,2.73070,24.03,-13.488,23.159,-13.488,23.159,-13.629,4.116,1.00000,74.342,0.689,41.667
[SHELL] ccB:237,2147515307,1,-23.786,-17.740,41.526,56.285,18.992,81.008,43.890,18.922,81.078
[SHELL] ccA:238,241159909,272450,-4.552,37.388,0.000,35.000,2.77737,2.95739,23.38,-13.536,23.126,-13.536,23.126,-13.627,4.115,1.00000,74.342,-12.918,31.471
[SHELL] ccB:238,22825,1,0.860,-29.881,29.022,68.303,20.628,79.372,56.285,18.992,81.008
[SHELL] ccA:239,241269977,272451,-3.478,35.508,0.000,35.000,2.99930,3.17931,23.48,-13.556,23.163,-13.556,23.163,-13.625,4.115,1.00000,74.342,11.235,37.423
[SHELL] ccB:239,2147515789,1,-16.429,-22.487,38.916,77.732,22.268,75.005,68.303,20.628,79.372
[SHELL] ctrlcap v1 armed=0 count=512 clock_hz=550000000 decimation=1
[SHELL] ccA:index,cycles,seq,id,iq,idref,iqref,theta,actangle,age_us,vdreq,vqreq,vd,vq,intd,intq,scale,bus,raw_id,raw_iq
[SHELL] ccB:index,timer,valid,ia,ib,ic,du,dv,dw,active_u,active_v,active_w
[SHELL] ccA:240,241379917,272452,-0.420,34.074,0.000,35.000,3.22615,3.40616,23.39,-13.617,23.192,-13.617,23.192,-13.625,4.115,1.00000,74.342,-11.234,29.979
[SHELL] ccB:240,22829,1,13.726,-31.911,18.185,80.342,19.658,63.516,77.732,22.268,75.005
[SHELL] ccA:241,241489977,272453,-3.858,32.737,0.000,35.000,3.44903,3.62904,23.49,-13.546,23.220,-13.546,23.220,-13.623,4.116,1.00000,74.342,-4.200,33.567
[SHELL] ccB:241,2147515789,1,14.161,-33.687,19.526,81.300,18.700,51.716,80.342,19.658,63.516
[SHELL] ccA:242,241599941,272454,-3.121,33.757,0.000,35.000,3.68268,3.86271,23.40,-13.559,23.200,-13.559,23.200,-13.622,4.117,1.00000,74.342,7.151,37.917
[SHELL] ccB:242,22841,1,13.400,-38.036,24.636,80.662,19.338,39.078,81.300,18.700,51.716
[SHELL] ccA:243,241709957,272455,-0.375,35.397,0.000,35.000,3.90141,4.08142,23.39,-13.614,23.167,-13.614,23.167,-13.622,4.117,1.00000,74.342,-11.602,32.185
[SHELL] ccB:243,2147515799,1,30.579,-28.576,-2.003,78.532,21.468,27.698,80.662,19.338,39.078
[SHELL] ccA:244,241820017,272456,-2.392,33.991,0.000,35.000,4.11956,4.29957,23.53,-13.572,23.196,-13.572,23.196,-13.620,4.117,1.00000,74.342,6.483,33.678
[SHELL] ccB:244,22879,1,24.309,-33.107,8.798,78.750,28.534,21.250,78.532,21.468,27.698
[SHELL] ccA:245,241934417,272457,-1.553,33.386,0.000,35.000,4.36052,4.55752,26.41,-13.589,23.209,-13.589,23.209,-13.620,4.118,1.00000,74.342,-7.576,34.002
[SHELL] ccB:245,2147513569,1,34.530,-21.255,-13.275,80.983,41.956,19.017,78.750,28.534,21.250
[SHELL] ccA:246,242047741,272458,-3.182,34.789,0.000,35.000,4.58271,4.77971,26.41,-13.554,23.181,-13.554,23.181,-13.618,4.118,1.00000,74.342,-4.060,37.473
[SHELL] ccB:246,26741,1,37.683,-19.552,-18.132,81.198,53.943,18.802,80.983,41.956,19.017
[SHELL] ccA:247,242149969,272459,-1.943,37.764,0.000,35.000,4.79414,4.97412,23.41,-13.578,23.120,-13.578,23.120,-13.617,4.117,1.00000,74.342,7.926,42.106
[SHELL] ccB:247,2147515793,1,42.612,-25.170,-17.443,80.110,64.386,19.890,81.198,53.943,18.802
[SHELL] ccA:248,242260017,272460,-1.886,37.060,0.000,35.000,5.02419,5.20420,23.55,-13.578,23.133,-13.578,23.133,-13.616,4.116,1.00000,74.342,-19.336,26.556
[SHELL] ccB:248,22879,1,19.344,13.321,-32.665,77.437,75.900,22.563,80.110,64.386,19.890
[SHELL] ccA:249,242370009,272461,-7.772,31.100,0.000,35.000,5.25483,5.43484,23.50,-13.457,23.254,-13.457,23.254,-13.612,4.118,1.00000,74.342,-0.340,29.181
[SHELL] ccB:249,2147515773,1,24.817,0.890,-25.707,67.245,79.672,20.328,77.437,75.900,22.563
[SHELL] ccA:250,242479981,272462,-7.038,29.802,0.000,35.000,5.47898,5.65898,23.44,-13.468,23.283,-13.468,23.283,-13.609,4.120,1.00000,74.342,-8.137,34.290
[SHELL] ccB:250,22861,1,19.054,16.148,-35.202,55.406,81.177,18.823,67.245,79.672,20.328
[SHELL] ccA:251,242590005,272463,-5.555,32.867,0.000,35.000,5.70271,5.88275,23.41,-13.495,23.222,-13.495,23.222,-13.606,4.121,1.00000,74.342,-5.604,33.706
[SHELL] ccB:251,2147515775,1,13.799,20.172,-33.970,43.191,81.040,18.960,55.406,81.177,18.823
[SHELL] ccA:252,242699985,272464,0.070,36.010,0.000,35.000,5.93370,6.11377,23.48,-13.607,23.159,-13.607,23.159,-13.606,4.121,1.00000,73.902,19.625,42.337
[SHELL] ccB:252,22863,1,32.935,12.162,-45.097,30.702,79.439,20.561,43.191,81.040,18.960
[SHELL] ccA:253,242810129,272465,7.032,37.901,0.000,35.000,6.14688,0.04370,23.50,-13.750,23.120,-13.750,23.120,-13.609,4.119,1.00000,73.902,-5.518,33.223
[SHELL] ccB:253,2147515713,1,-0.953,29.631,-28.679,21.852,78.148,25.421,30.702,79.439,20.561
[SHELL] ccA:254,242920117,272466,5.117,36.439,0.000,35.000,0.09765,0.27766,23.61,-13.714,23.148,-13.714,23.148,-13.612,4.119,1.00000,73.902,11.878,36.973
[SHELL] ccB:254,22929,1,8.217,28.761,-36.978,19.335,80.665,37.301,21.852,78.148,25.421
[SHELL] ccA:255,243030065,272467,6.397,37.422,0.000,35.000,0.32151,0.50151,23.58,-13.743,23.127,-13.743,23.127,-13.615,4.117,1.00000,74.342,7.351,42.519
[SHELL] ccB:255,2147515745,1,-6.462,40.178,-33.716,18.662,81.338,49.484,19.335,80.665,37.301
[SHELL] ctrlcap v1 armed=0 count=512 clock_hz=550000000 decimation=1
[SHELL] ccA:index,cycles,seq,id,iq,idref,iqref,theta,actangle,age_us,vdreq,vqreq,vd,vq,intd,intq,scale,bus,raw_id,raw_iq
[SHELL] ccB:index,timer,valid,ia,ib,ic,du,dv,dw,active_u,active_v,active_w
[SHELL] ccA:256,243140049,272468,6.331,39.471,0.000,35.000,0.54928,0.72930,23.52,-13.745,23.084,-13.745,23.084,-13.618,4.115,1.00000,74.342,-1.256,35.873
[SHELL] ccB:256,22895,1,-19.799,35.829,-16.029,19.451,80.549,61.785,18.662,81.338,49.484
[SHELL] ccA:257,243250485,272469,7.496,39.874,0.000,35.000,0.77552,0.95555,23.91,-13.772,23.074,-13.772,23.074,-13.622,4.113,1.00000,74.342,25.146,45.232
[SHELL] ccB:257,2147515535,1,-13.710,50.073,-36.362,21.765,78.235,73.410,19.451,80.549,61.785
[SHELL] ccA:258,243360477,272470,10.970,39.915,0.000,35.000,0.99668,1.17669,23.95,-13.847,23.070,-13.847,23.070,-13.628,4.110,1.00000,74.342,-5.159,33.322
[SHELL] ccB:258,23109,1,-30.781,27.312,3.470,20.858,69.993,79.142,21.765,78.235,73.410
[SHELL] ccA:259,243470449,272471,5.428,36.894,0.000,35.000,1.20954,1.38954,23.89,-13.739,23.130,-13.739,23.130,-13.630,4.109,1.00000,74.342,6.885,35.700
[SHELL] ccB:259,2147515553,1,-30.963,31.987,-1.024,19.106,59.123,80.894,20.858,69.993,79.142
[SHELL] ccA:260,243580409,272472,4.297,35.272,0.000,35.000,1.43828,1.61831,23.84,-13.718,23.162,-13.718,23.162,-13.632,4.109,1.00000,74.342,8.575,36.365
[SHELL] ccB:260,23075,1,-34.913,28.979,5.934,18.694,46.817,81.306,19.106,59.123,80.894
[SHELL] ccA:261,243690489,272473,5.147,34.911,0.000,35.000,1.66564,1.84566,23.89,-13.738,23.169,-13.738,23.169,-13.635,4.109,1.00000,74.342,-3.446,31.212
[SHELL] ccB:261,2147515533,1,-30.745,9.842,20.903,19.900,34.643,80.100,18.694,46.817,81.306
[SHELL] ccA:262,243800509,272474,5.926,33.163,0.000,35.000,1.90263,2.08263,23.98,-13.757,23.205,-13.757,23.205,-13.638,4.110,1.00000,74.342,22.022,33.863
[SHELL] ccB:262,23125,1,-39.190,28.073,11.117,22.781,22.796,77.219,19.900,34.643,80.100
[SHELL] ccA:263,243910445,272475,9.712,32.547,0.000,35.000,2.11781,2.29783,23.86,-13.837,23.219,-13.837,23.219,-13.643,4.111,1.00000,74.342,-1.750,31.250
[SHELL] ccB:263,2147515555,1,-25.780,-2.481,28.261,33.553,19.979,80.021,22.781,22.796,77.219
[SHELL] ccA:264,244020437,272476,5.971,33.379,0.000,35.000,2.35326,2.53326,23.92,-13.765,23.203,-13.765,23.203,-13.646,4.112,1.00000,74.342,5.360,37.155
[SHELL] ccB:264,23089,1,-30.129,-4.329,34.458,46.036,18.655,81.345,33.553,19.979,80.021
[SHELL] ccA:265,244130369,272477,6.057,36.381,0.000,35.000,2.57329,2.75330,23.80,-13.770,23.142,-13.770,23.142,-13.649,4.112,1.00000,74.342,15.259,39.964
[SHELL] ccB:265,2147515593,1,-34.369,-4.873,39.242,58.036,18.975,81.025,46.036,18.655,81.345
[SHELL] ccA:266,244240433,272478,8.536,37.673,0.000,35.000,2.79807,2.97809,23.90,-13.824,23.115,-13.824,23.115,-13.653,4.110,1.00000,74.342,-1.733,33.609
[SHELL] ccB:266,23087,1,-9.687,-23.067,32.755,69.928,20.810,79.190,58.036,18.975,81.025
[SHELL] ccA:267,244350369,272479,8.875,36.580,0.000,35.000,3.02002,3.20003,23.80,-13.835,23.136,-13.835,23.136,-13.658,4.109,1.00000,74.342,23.709,39.139
[SHELL] ccB:267,2147515593,1,-28.280,-17.015,45.295,78.279,21.721,73.650,69.928,20.810,79.190
[SHELL] ccA:268,244460377,272480,12.023,36.659,0.000,35.000,3.25210,3.43210,23.81,-13.904,23.134,-13.904,23.134,-13.664,4.109,1.00000,74.342,2.407,34.749
[SHELL] ccB:268,23059,1,1.439,-30.860,29.420,80.715,19.285,61.646,78.279,21.721,73.650
[SHELL] ccA:269,244570381,272481,9.090,35.752,0.000,35.000,3.48287,3.66288,23.79,-13.850,23.152,-13.850,23.152,-13.668,4.108,1.00000,74.342,7.834,34.372
[SHELL] ccB:269,2147515587,1,4.121,-32.382,28.261,81.425,18.575,49.281,80.715,19.285,61.646
[SHELL] ccA:270,244680377,272482,9.563,35.179,0.000,35.000,3.70917,3.88916,23.81,-13.864,23.163,-13.864,23.163,-13.673,4.108,1.00000,74.342,20.175,37.221
[SHELL] ccB:270,23059,1,2.998,-38.072,35.074,80.548,19.452,37.067,81.425,18.575,49.281
[SHELL] ccA:271,244790469,272483,11.210,35.369,0.000,35.000,3.92743,4.10743,23.89,-13.903,23.159,-13.903,23.159,-13.678,4.108,1.00000,74.342,-3.344,32.662
[SHELL] ccB:271,2147515543,1,25.469,-30.679,5.209,78.205,21.795,25.839,80.548,19.452,37.067
[SHELL] ctrlcap v1 armed=0 count=512 clock_hz=550000000 decimation=1
[SHELL] ccA:index,cycles,seq,id,iq,idref,iqref,theta,actangle,age_us,vdreq,vqreq,vd,vq,intd,intq,scale,bus,raw_id,raw_iq
[SHELL] ccB:index,timer,valid,ia,ib,ic,du,dv,dw,active_u,active_v,active_w
[SHELL] ccA:272,244900341,272484,7.538,34.318,0.000,35.000,4.16256,4.34259,23.77,-13.833,23.180,-13.833,23.180,-13.682,4.108,1.00000,74.342,16.664,34.728
[SHELL] ccB:272,23041,1,20.902,-38.471,17.569,79.481,31.049,20.519,78.205,21.795,25.839
[SHELL] ccA:273,245010433,272485,8.549,34.725,0.000,35.000,4.39230,4.57231,23.86,-13.858,23.172,-13.858,23.172,-13.687,4.108,1.00000,74.342,4.213,36.782
[SHELL] ccB:273,2147515561,1,33.588,-30.280,-3.308,81.208,43.223,18.792,79.481,31.049,20.519
[SHELL] ccA:274,245120345,272486,6.900,36.106,0.000,35.000,4.61627,4.79624,23.74,-13.828,23.144,-13.828,23.144,-13.690,4.108,1.00000,74.342,2.511,36.134
[SHELL] ccB:274,23043,1,35.726,-23.031,-12.695,81.254,55.367,18.746,81.208,43.223,18.792
[SHELL] ccA:275,245230421,272487,6.439,38.914,0.000,35.000,4.84793,5.02794,23.91,-13.822,23.086,-13.822,23.086,-13.693,4.106,1.00000,74.782,16.518,46.607
[SHELL] ccB:275,2147515567,1,48.411,-32.926,-15.486,79.465,67.562,20.535,81.254,55.367,18.746
[SHELL] ccA:276,245340341,272488,7.532,40.189,0.000,35.000,5.05094,5.23095,23.77,-13.848,23.058,-13.848,23.058,-13.697,4.103,1.00000,74.782,-5.420,31.408
[SHELL] ccB:276,23041,1,27.825,-0.451,-27.374,76.404,77.163,22.837,79.465,67.562,20.535
[SHELL] ccA:277,245450397,272489,3.946,35.900,0.000,35.000,5.29534,5.47535,23.86,-13.778,23.143,-13.778,23.143,-13.699,4.103,1.00000,74.782,10.108,34.175
[SHELL] ccB:277,2147515579,1,34.095,-8.062,-26.033,64.455,80.054,19.946,76.404,77.163,22.837
[SHELL] ccA:278,245560333,272490,4.795,34.420,0.000,35.000,5.52435,5.70436,23.78,-13.797,23.173,-13.797,23.173,-13.701,4.103,1.00000,74.782,4.385,37.921
[SHELL] ccB:278,23037,1,29.275,6.580,-35.855,52.260,81.205,18.795,64.455,80.054,19.946
[SHELL] ccA:279,245670413,272491,5.024,36.136,0.000,35.000,5.75048,5.93051,23.90,-13.804,23.138,-13.804,23.138,-13.704,4.103,1.00000,74.782,1.217,34.526
[SHELL] ccB:279,2147515571,1,18.583,15.931,-34.514,40.046,80.668,19.332,52.260,81.205,18.795
[SHELL] ccA:280,245780377,272492,7.811,37.194,0.000,35.000,5.97865,6.15866,23.83,-13.864,23.116,-13.864,23.116,-13.708,4.102,1.00000,74.782,24.424,41.803
[SHELL] ccB:280,23059,1,35.835,10.277,-46.112,28.165,78.557,21.443,40.046,80.668,19.332
[SHELL] ccA:281,245890337,272493,11.838,37.350,0.000,35.000,6.19813,0.09495,23.84,-13.950,23.112,-13.950,23.112,-13.714,4.100,1.00000,74.782,-2.713,31.267
[SHELL] ccB:281,2147515609,1,-0.047,27.203,-27.156,21.318,78.682,28.456,28.165,78.557,21.443
[SHELL] ccA:282,246000157,272494,7.255,34.444,0.000,35.000,0.14247,0.32249,23.65,-13.862,23.170,-13.862,23.170,-13.717,4.101,1.00000,74.782,10.022,33.439
[SHELL] ccB:282,22949,1,5.173,27.312,-32.484,19.268,80.732,40.008,21.318,78.682,28.456
[SHELL] ccA:283,246110153,272495,6.119,33.792,0.000,35.000,0.37357,0.55359,23.66,-13.843,23.184,-13.843,23.184,-13.720,4.101,1.00000,74.782,7.143,37.022
[SHELL] ccB:283,2147515701,1,-6.860,35.539,-28.679,18.761,81.239,52.418,19.268,80.732,40.008
[SHELL] ccA:284,246220333,272496,4.891,34.556,0.000,35.000,0.60061,0.78061,23.61,-13.821,23.169,-13.821,23.169,-13.723,4.101,1.00000,74.782,-4.743,30.740
[SHELL] ccB:284,23037,1,-21.285,30.284,-8.998,19.900,80.100,64.500,18.761,81.239,52.418
[SHELL] ccA:285,246330517,272497,5.247,34.541,0.000,35.000,0.83345,1.01345,23.96,-13.830,23.169,-13.830,23.169,-13.725,4.102,1.00000,74.782,23.333,39.664
[SHELL] ccB:285,2147515519,1,-13.674,44.890,-31.216,22.643,77.357,76.158,19.900,80.100,64.500
[SHELL] ccA:286,246440529,272498,8.863,35.225,0.000,35.000,1.05219,1.23220,23.98,-13.907,23.155,-13.907,23.155,-13.730,4.102,1.00000,74.782,-6.469,30.831
[SHELL] ccB:286,23135,1,-29.984,23.361,6.623,20.321,67.112,79.679,22.643,77.357,76.158
[SHELL] ccA:287,246550521,272499,3.418,33.613,0.000,35.000,1.27324,1.45325,23.96,-13.800,23.188,-13.800,23.188,-13.732,4.102,1.00000,74.782,3.277,33.125
[SHELL] ccB:287,2147515517,1,-30.709,26.478,4.231,18.920,55.636,81.080,20.321,67.112,79.679
[SHELL] ctrlcap v1 armed=0 count=512 clock_hz=550000000 decimation=1
[SHELL] ccA:index,cycles,seq,id,iq,idref,iqref,theta,actangle,age_us,vdreq,vqreq,vd,vq,intd,intq,scale,bus,raw_id,raw_iq
[SHELL] ccB:index,timer,valid,ia,ib,ic,du,dv,dw,active_u,active_v,active_w
[SHELL] ccA:288,246660521,272500,2.400,32.951,0.000,35.000,1.49761,1.67762,23.97,-13.781,23.203,-13.781,23.203,-13.733,4.103,1.00000,74.782,9.515,34.723
[SHELL] ccB:288,23131,1,-33.935,27.384,6.551,18.969,43.565,81.031,18.920,55.636,81.080
[SHELL] ccA:289,246770477,272501,3.973,32.686,0.000,35.000,1.73397,1.91399,23.89,-13.814,23.209,-13.814,23.209,-13.735,4.104,1.00000,74.782,-6.414,28.175
[SHELL] ccB:289,2147515539,1,-26.758,3.934,22.824,20.688,31.094,79.312,18.969,43.565,81.031
[SHELL] ccA:290,246880509,272502,3.382,30.595,0.000,35.000,1.94819,2.12820,23.99,-13.804,23.253,-13.804,23.253,-13.736,4.107,1.00000,74.782,16.841,31.309
[SHELL] ccB:290,23125,1,-35.312,21.223,14.089,25.065,22.189,77.811,20.688,31.094,79.312
[SHELL] ccA:291,246990413,272503,5.245,30.039,0.000,35.000,2.18799,2.36800,23.85,-13.844,23.267,-13.844,23.267,-13.739,4.109,1.00000,74.782,-6.288,29.363
[SHELL] ccB:291,2147515571,1,-20.307,-9.005,29.312,37.258,19.522,80.478,25.065,22.189,77.811
[SHELL] ccA:292,247100385,272504,1.520,31.270,0.000,35.000,2.40997,2.59000,23.85,-13.770,23.244,-13.770,23.244,-13.740,4.111,1.00000,74.782,1.817,35.045
[SHELL] ccB:292,23063,1,-24.765,-9.150,33.915,49.092,18.717,81.283,37.258,19.522,80.478
[SHELL] ccA:293,247210405,272505,3.156,34.813,0.000,35.000,2.63914,2.81915,23.86,-13.805,23.173,-13.805,23.173,-13.741,4.111,1.00000,74.782,15.280,39.798
[SHELL] ccB:293,2147515575,1,-32.557,-7.555,40.112,61.533,19.481,80.519,49.092,18.717,81.283
[SHELL] ccA:294,247320357,272506,6.468,36.469,0.000,35.000,2.86770,3.04771,23.79,-13.874,23.139,-13.874,23.139,-13.745,4.110,1.00000,74.782,-6.506,31.236
[SHELL] ccB:294,23049,1,-2.185,-26.474,28.659,73.355,21.815,78.185,61.533,19.481,80.519
[SHELL] ccA:295,247430353,272507,4.730,34.641,0.000,35.000,3.09123,3.27124,23.79,-13.842,23.176,-13.842,23.176,-13.747,4.111,1.00000,74.782,16.652,36.294
[SHELL] ccB:295,2147515601,1,-18.458,-21.436,39.895,79.042,20.958,70.042,73.355,21.815,78.185
[SHELL] ccA:296,247540417,272508,5.870,34.223,0.000,35.000,3.31969,3.49967,23.77,-13.867,23.185,-13.867,23.185,-13.750,4.111,1.00000,74.782,-3.317,33.068
[SHELL] ccB:296,23079,1,9.123,-32.237,23.114,80.934,19.066,58.102,79.042,20.958,70.042
[SHELL] ccA:297,247650449,272509,1.581,33.586,0.000,35.000,3.55446,3.73449,23.87,-13.782,23.198,-13.782,23.198,-13.751,4.112,1.00000,74.782,-3.696,31.915
[SHELL] ccB:297,2147515553,1,16.191,-32.128,15.938,81.144,18.856,45.579,80.934,19.066,58.102
[SHELL] ccA:298,247760477,272510,0.445,33.616,0.000,35.000,3.77690,3.95692,23.86,-13.760,23.198,-13.760,23.198,-13.751,4.112,1.00000,74.782,12.490,37.567
[SHELL] ccB:298,23109,1,12.240,-38.725,26.485,79.808,20.192,33.832,81.144,18.856,45.579
[SHELL] ccA:299,247870409,272511,2.777,34.780,0.000,35.000,4.01258,4.19326,23.84,-13.808,23.247,-13.808,23.247,-13.752,4.112,1.00000,74.782,-10.175,32.072
[SHELL] ccB:299,2147515573,1,31.087,-26.692,-4.395,77.377,23.678,22.623,79.808,20.192,33.832
[SHELL] ccA:300,247980429,272512,-0.390,34.171,0.000,35.000,4.24247,4.42315,23.85,-13.744,23.259,-13.744,23.259,-13.752,4.113,1.00000,74.782,6.298,34.975
[SHELL] ccB:300,23085,1,28.332,-32.744,4.412,80.076,35.070,19.924,77.377,23.678,22.623
[SHELL] ccA:301,248090421,272513,-0.041,35.055,0.000,35.000,4.46224,4.64292,23.84,-13.751,23.242,-13.751,23.242,-13.752,4.113,1.00000,74.782,-2.585,38.196
[SHELL] ccB:301,2147515567,1,37.647,-24.843,-12.804,81.220,46.817,18.780,80.076,35.070,19.924
[SHELL] ccA:302,248200457,272514,-1.936,36.636,0.000,35.000,4.69032,4.87100,23.91,-13.712,23.209,-13.712,23.209,-13.751,4.112,1.00000,74.782,-8.873,35.176
[SHELL] ccB:302,23099,1,35.364,-10.672,-24.692,80.775,59.076,19.225,81.220,46.817,18.780
[SHELL] ccA:303,248310421,272515,-2.456,38.453,0.000,35.000,4.91652,5.09720,23.84,-13.701,23.171,-13.701,23.171,-13.750,4.110,1.00000,74.782,10.507,45.264
[SHELL] ccB:303,2147515567,1,46.454,-24.191,-22.263,78.771,70.788,21.229,80.775,59.076,19.225
[SHELL] ctrlcap v1 armed=0 count=512 clock_hz=550000000 decimation=1
[SHELL] ccA:index,cycles,seq,id,iq,idref,iqref,theta,actangle,age_us,vdreq,vqreq,vd,vq,intd,intq,scale,bus,raw_id,raw_iq
[SHELL] ccB:index,timer,valid,ia,ib,ic,du,dv,dw,active_u,active_v,active_w
[SHELL] ccA:304,248420461,272516,-0.588,39.416,0.000,35.000,5.14662,5.32729,23.91,-13.738,23.150,-13.738,23.150,-13.750,4.108,1.00000,74.782,-14.492,31.959
[SHELL] ccB:304,23101,1,22.896,11.582,-34.478,72.032,78.461,21.539,78.771,70.788,21.229
[SHELL] ccA:305,248530421,272517,-4.955,36.192,0.000,35.000,5.37276,5.55345,23.83,-13.648,23.213,-13.648,23.213,-13.747,4.107,1.00000,74.782,-1.342,35.586
[SHELL] ccB:305,2147515567,1,27.281,6.181,-33.463,60.637,80.574,19.426,72.032,78.461,21.539
[SHELL] ccA:306,248640509,272518,-4.952,35.867,0.000,35.000,5.59950,5.78021,23.97,-13.646,23.220,-13.646,23.220,-13.745,4.107,1.00000,74.782,-2.631,40.337
[SHELL] ccB:306,23125,1,23.439,16.801,-40.240,48.469,81.177,18.823,60.637,80.574,19.426
[SHELL] ccA:307,248750429,272519,-4.443,37.550,0.000,35.000,5.82510,6.00579,23.84,-13.654,23.185,-13.654,23.185,-13.742,4.106,1.00000,74.782,-11.170,33.941
[SHELL] ccB:307,2147515563,1,4.991,28.145,-33.136,36.395,80.153,19.847,48.469,81.177,18.823
[SHELL] ccA:308,248860461,272520,-3.065,36.965,0.000,35.000,6.04516,6.22584,23.91,-13.680,23.195,-13.680,23.195,-13.741,4.105,1.00000,74.782,12.711,39.642
[SHELL] ccB:308,23101,1,21.700,19.918,-41.618,25.272,77.726,22.274,36.395,80.153,19.847
[SHELL] ccA:309,248970349,272521,0.714,36.440,0.000,35.000,6.27747,0.17500,23.84,-13.756,23.205,-13.756,23.205,-13.741,4.104,1.00000,74.782,-11.396,32.533
[SHELL] ccB:309,2147515603,1,-11.210,33.835,-22.626,20.518,79.482,32.103,25.272,77.726,22.274
[SHELL] ccA:310,249080245,272522,-2.323,35.276,0.000,35.000,0.21332,0.39401,23.70,-13.694,23.228,-13.694,23.228,-13.740,4.104,1.00000,74.782,0.790,36.394
[SHELL] ccB:310,22993,1,-6.933,34.415,-27.482,19.000,81.000,43.498,20.518,79.482,32.103
[SHELL] ccA:311,249190181,272523,-1.054,36.797,0.000,35.000,0.44546,0.62613,23.65,-13.719,23.197,-13.719,23.197,-13.740,4.103,1.00000,74.782,5.600,41.867
[SHELL] ccB:311,2147515687,1,-12.986,41.302,-28.316,18.989,81.011,56.096,19.000,81.000,43.498
[SHELL] ccA:312,249300425,272524,0.718,38.019,0.000,35.000,0.66946,0.85014,23.67,-13.754,23.171,-13.754,23.171,-13.740,4.102,1.00000,74.782,-9.118,31.948
[SHELL] ccB:312,23083,1,-26.976,30.284,-3.308,20.567,79.433,67.955,18.989,81.011,56.096
[SHELL] ccA:313,249410661,272525,1.084,35.925,0.000,35.000,0.89943,1.08015,24.15,-13.762,23.212,-13.762,23.212,-13.741,4.101,1.00000,74.782,16.971,37.938
[SHELL] ccB:313,2147515447,1,-19.147,41.519,-22.372,22.267,74.951,77.733,20.567,79.433,67.955
[SHELL] ccA:314,249520569,272526,4.742,34.686,0.000,35.000,1.12418,1.30484,23.98,-13.838,23.237,-13.838,23.237,-13.743,4.101,1.00000,74.782,-5.857,30.922
[SHELL] ccB:314,23155,1,-30.419,22.201,8.218,19.672,63.550,80.328,22.267,74.951,77.733
[SHELL] ccA:315,249630629,272527,1.520,33.051,0.000,35.000,1.35185,1.53255,24.10,-13.774,23.271,-13.774,23.271,-13.744,4.102,1.00000,74.782,0.820,32.422
[SHELL] ccB:315,2147515463,1,-31.470,22.527,8.943,18.695,51.486,81.305,19.672,63.550,80.328
[SHELL] ccA:316,249740565,272528,1.510,32.497,0.000,35.000,1.57469,1.75540,23.98,-13.775,23.283,-13.775,23.283,-13.744,4.103,1.00000,74.782,10.257,34.221
[SHELL] ccB:316,23153,1,-34.261,25.898,8.363,19.266,39.473,80.734,18.695,51.486,81.305
[SHELL] ccA:317,249850597,272529,2.169,31.878,0.000,35.000,1.80068,1.98136,24.03,-13.789,23.297,-13.789,23.297,-13.745,4.105,1.00000,74.782,-12.658,26.647
[SHELL] ccB:317,2147515479,1,-23.061,-4.402,27.463,21.391,27.789,78.609,19.266,39.473,80.734
[SHELL] ccA:318,249960585,272530,-1.989,29.343,0.000,35.000,2.02518,2.20586,24.05,-13.705,23.351,-13.705,23.351,-13.744,4.108,1.00000,74.782,7.105,29.859
[SHELL] ccB:318,23163,1,-29.948,9.153,20.794,28.601,21.181,78.819,21.391,27.789,78.609
[SHELL] ccA:319,250070489,272531,-2.163,29.248,0.000,35.000,2.25045,2.43113,23.92,-13.700,23.356,-13.700,23.356,-13.743,4.111,1.00000,74.782,-10.204,30.626
[SHELL] ccB:319,2147515533,1,-17.407,-14.840,32.247,40.278,19.149,80.851,28.601,21.181,78.819
[SHELL] ctrlcap v1 armed=0 count=512 clock_hz=550000000 decimation=1
[SHELL] ccA:index,cycles,seq,id,iq,idref,iqref,theta,actangle,age_us,vdreq,vqreq,vd,vq,intd,intq,scale,bus,raw_id,raw_iq
[SHELL] ccB:index,timer,valid,ia,ib,ic,du,dv,dw,active_u,active_v,active_w
[SHELL] ccA:320,250180481,272532,-4.600,31.555,0.000,35.000,2.48454,2.66522,23.94,-13.649,23.311,-13.649,23.311,-13.741,4.112,1.00000,74.782,-5.097,35.107
[SHELL] ccB:320,23111,1,-17.407,-18.066,35.473,52.888,18.761,81.239,40.278,19.149,80.851
[SHELL] ccA:321,250290457,272533,-1.166,35.209,0.000,35.000,2.71927,2.89998,23.87,-13.717,23.238,-13.717,23.238,-13.741,4.112,1.00000,74.782,15.734,39.995
[SHELL] ccB:321,2147515549,1,-30.745,-10.636,41.381,65.562,20.070,79.930,52.888,18.761,81.239
[SHELL] ccA:322,250400505,272534,4.571,37.019,0.000,35.000,2.92747,3.10816,23.97,-13.834,23.201,-13.834,23.201,-13.743,4.111,1.00000,74.342,-8.088,32.979
[SHELL] ccB:322,23123,1,0.896,-29.845,28.949,76.333,22.449,77.551,65.562,20.070,79.930
[SHELL] ccA:323,250510493,272535,2.082,35.216,0.000,35.000,3.16100,3.34166,23.85,-13.785,23.237,-13.785,23.237,-13.744,4.111,1.00000,74.342,8.772,34.911
[SHELL] ccB:323,2147515531,1,-8.093,-26.329,34.422,79.958,20.042,66.717,76.333,22.449,77.551
[SHELL] ccA:324,250620533,272536,1.689,34.508,0.000,35.000,3.37871,3.55937,24.01,-13.778,23.251,-13.778,23.251,-13.745,4.111,1.00000,74.342,-2.699,35.230
[SHELL] ccB:324,23137,1,10.899,-34.557,23.658,81.344,18.656,55.144,79.958,20.042,66.717
[SHELL] ccA:325,250730473,272537,-0.997,34.826,0.000,35.000,3.61379,3.79448,23.86,-13.724,23.245,-13.724,23.245,-13.744,4.112,1.00000,74.342,-7.361,33.933
[SHELL] ccB:325,2147515541,1,21.990,-34.267,12.277,81.143,18.857,42.452,81.344,18.656,55.144
[SHELL] ccA:326,250840437,272538,-0.242,36.124,0.000,35.000,3.84674,4.02742,23.86,-13.739,23.218,-13.739,23.218,-13.744,4.111,1.00000,74.782,16.451,41.400
[SHELL] ccB:326,23089,1,14.306,-43.690,29.384,79.096,20.904,30.282,81.143,18.857,42.452
[SHELL] ccA:327,250950409,272539,4.355,38.055,0.000,35.000,4.07387,4.25458,23.83,-13.833,23.178,-13.833,23.178,-13.746,4.109,1.00000,74.782,-8.119,35.487
[SHELL] ccB:327,2147515573,1,33.334,-29.338,-3.996,78.237,26.776,21.763,79.096,20.904,30.282
[SHELL] ccA:328,251060421,272540,1.500,37.245,0.000,35.000,4.28812,4.46880,23.84,-13.777,23.193,-13.777,23.193,-13.747,4.108,1.00000,74.342,5.787,36.606
[SHELL] ccB:328,23081,1,30.978,-33.107,2.129,80.590,37.528,19.410,78.237,26.776,21.763
[SHELL] ccA:329,251170493,272541,0.674,38.075,0.000,35.000,4.51929,4.69997,23.97,-13.761,23.175,-13.761,23.175,-13.747,4.107,1.00000,74.342,-0.761,43.603
[SHELL] ccB:329,2147515531,1,42.939,-28.069,-14.870,81.398,49.990,18.602,80.590,37.528,19.410
[SHELL] ccA:330,251280421,272542,-0.374,39.086,0.000,35.000,4.75141,4.93208,23.84,-13.740,23.153,-13.740,23.153,-13.747,4.105,1.00000,74.342,-5.762,32.533
[SHELL] ccB:330,23081,1,32.283,-10.056,-22.227,80.525,62.473,19.475,81.398,49.990,18.602
[SHELL] ccA:331,251390465,272543,0.946,37.117,0.000,35.000,4.99105,5.17176,23.93,-13.767,23.191,-13.767,23.191,-13.748,4.104,1.00000,74.342,16.070,39.800
[SHELL] ccB:331,2147515545,1,42.685,-25.242,-17.443,77.990,74.716,22.010,80.525,62.473,19.475
[SHELL] ccA:332,251500413,272544,3.509,35.594,0.000,35.000,5.19560,5.37629,23.83,-13.820,23.221,-13.820,23.221,-13.749,4.103,1.00000,74.342,-12.342,30.244
[SHELL] ccB:332,23077,1,21.047,11.111,-32.158,69.720,79.348,20.652,77.990,74.716,22.010
[SHELL] ccA:333,251610469,272545,-3.336,33.805,0.000,35.000,5.43067,5.61135,23.92,-13.681,23.258,-13.681,23.258,-13.748,4.104,1.00000,74.342,-4.733,34.930
[SHELL] ccB:333,2147515543,1,23.186,11.400,-34.586,57.603,81.125,18.875,69.720,79.348,20.652
[SHELL] ccA:334,251720461,272546,-4.917,35.426,0.000,35.000,5.65454,5.83523,23.93,-13.647,23.225,-13.647,23.225,-13.745,4.104,1.00000,74.342,2.140,41.600
[SHELL] ccB:334,23101,1,26.194,14.952,-41.146,45.478,81.272,18.728,57.603,81.125,18.875
[SHELL] ccA:335,251830457,272547,-2.367,37.840,0.000,35.000,5.88019,6.06087,23.90,-13.697,23.175,-13.697,23.175,-13.744,4.102,1.00000,74.342,-9.017,33.230
[SHELL] ccB:335,2147515549,1,4.738,27.167,-31.904,33.354,79.851,20.149,45.478,81.272,18.728
[SHELL] ctrlcap v1 armed=0 count=512 clock_hz=550000000 decimation=1
[SHELL] ccA:index,cycles,seq,id,iq,idref,iqref,theta,actangle,age_us,vdreq,vqreq,vd,vq,intd,intq,scale,bus,raw_id,raw_iq
[SHELL] ccB:index,timer,valid,ia,ib,ic,du,dv,dw,active_u,active_v,active_w
[SHELL] ccA:336,251940497,272548,0.357,36.946,0.000,35.000,6.10794,0.00543,23.83,-13.751,23.192,-13.751,23.192,-13.744,4.101,1.00000,74.342,17.323,39.721
[SHELL] ccB:336,23119,1,23.983,19.265,-43.249,22.535,77.465,23.605,33.354,79.851,20.149
[SHELL] ccA:337,252050361,272549,4.678,36.533,0.000,35.000,0.05385,0.23453,23.87,-13.840,23.200,-13.840,23.200,-13.747,4.101,1.00000,74.342,-6.918,33.458
[SHELL] ccB:337,2147515597,1,-8.709,32.966,-24.257,19.711,80.289,35.210,22.535,77.465,23.605
[SHELL] ccA:338,252160241,272550,1.085,35.759,0.000,35.000,0.28245,0.46313,23.70,-13.769,23.215,-13.769,23.215,-13.747,4.100,1.00000,74.342,0.853,36.397
[SHELL] ccB:338,22991,1,-9.325,35.140,-25.815,18.595,81.405,47.347,19.711,80.289,35.210
[SHELL] ccA:339,252270173,272551,1.590,37.672,0.000,35.000,0.50713,0.68781,23.65,-13.780,23.175,-13.780,23.175,-13.748,4.099,1.00000,74.342,11.574,44.434
[SHELL] ccB:339,2147515691,1,-11.463,44.237,-32.774,19.082,80.918,59.581,18.595,81.405,47.347
[SHELL] ccA:340,252380481,272552,3.104,39.138,0.000,35.000,0.73574,0.91640,23.69,-13.812,23.144,-13.812,23.144,-13.749,4.097,1.00000,74.342,-11.585,31.286
[SHELL] ccB:340,23111,1,-29.585,28.145,1.440,21.171,78.829,71.539,19.082,80.918,59.581
[SHELL] ccA:341,252490629,272553,-0.146,35.474,0.000,35.000,0.95485,1.13554,24.09,-13.746,23.217,-13.746,23.217,-13.749,4.097,1.00000,74.342,11.010,34.892
[SHELL] ccB:341,2147515463,1,-22.119,36.300,-14.181,21.356,72.411,78.644,21.171,78.829,71.539
[SHELL] ccA:342,252600617,272554,0.716,33.072,0.000,35.000,1.19045,1.37113,24.03,-13.764,23.266,-13.764,23.266,-13.750,4.098,1.00000,74.342,-7.572,31.216
[SHELL] ccB:342,23179,1,-31.796,19.845,11.951,19.070,60.250,80.930,21.356,72.411,78.644
[SHELL] ccA:343,252710565,272555,-1.247,32.600,0.000,35.000,1.41574,1.59643,23.97,-13.724,23.277,-13.724,23.277,-13.749,4.099,1.00000,74.342,-0.854,33.076
[SHELL] ccB:343,2147515495,1,-32.811,20.099,12.712,18.541,48.104,81.459,19.070,60.250,80.930
[SHELL] ccA:344,252820553,272556,1.157,33.100,0.000,35.000,1.65474,1.83544,23.97,-13.773,23.268,-13.773,23.268,-13.750,4.100,1.00000,74.342,13.905,35.030
[SHELL] ccB:344,23147,1,-36.073,27.493,8.580,19.690,35.159,80.310,18.541,48.104,81.459
[SHELL] ccA:345,252930545,272557,3.625,33.292,0.000,35.000,1.86859,2.04924,23.97,-13.824,23.265,-13.824,23.265,-13.752,4.101,1.00000,74.342,-12.457,30.032
[SHELL] ccB:345,2147515505,1,-25.055,-5.417,30.471,22.199,24.255,77.801,19.690,35.159,80.310
[SHELL] ccA:346,253040505,272558,-1.813,31.854,0.000,35.000,2.09669,2.27740,23.91,-13.714,23.295,-13.714,23.295,-13.751,4.102,1.00000,74.342,3.755,32.322
[SHELL] ccB:346,23123,1,-29.839,3.681,26.158,32.218,20.230,79.770,22.199,24.255,77.801
[SHELL] ccA:347,253150513,272559,-3.393,32.384,0.000,35.000,2.32829,2.50898,24.00,-13.681,23.286,-13.681,23.286,-13.749,4.103,1.00000,74.342,-8.626,34.860
[SHELL] ccB:347,2147515521,1,-19.401,-16.471,35.872,44.483,18.700,81.300,32.218,20.230,79.770
[SHELL] ccA:348,253260465,272560,-5.287,34.539,0.000,35.000,2.54805,2.72874,23.86,-13.641,23.243,-13.641,23.243,-13.746,4.104,1.00000,74.342,-7.652,36.114
[SHELL] ccB:348,23103,1,-13.855,-22.705,36.560,56.394,18.823,81.177,44.483,18.700,81.300
[SHELL] ccA:349,253370477,272561,-2.103,37.540,0.000,35.000,2.78370,2.96439,23.95,-13.703,23.181,-13.703,23.181,-13.745,4.102,1.00000,74.342,15.516,43.072
[SHELL] ccB:349,2147515539,1,-29.622,-15.420,45.041,68.971,20.604,79.396,56.394,18.823,81.177
[SHELL] ccA:350,253480429,272562,3.523,38.570,0.000,35.000,3.00618,3.18689,23.86,-13.817,23.159,-13.817,23.159,-13.747,4.101,1.00000,74.342,-9.291,32.021
[SHELL] ccB:350,23085,1,4.883,-31.005,26.122,78.094,21.906,74.350,68.971,20.604,79.396
[SHELL] ccA:351,253590497,272563,1.134,35.650,0.000,35.000,3.22517,3.40586,23.96,-13.770,23.217,-13.770,23.217,-13.748,4.100,1.00000,74.342,7.602,35.485
[SHELL] ccB:351,2147515529,1,-4.613,-28.866,33.480,80.487,19.513,63.348,78.094,21.906,74.350
[SHELL] ctrlcap v1 armed=0 count=512 clock_hz=550000000 decimation=1
[SHELL] ccA:index,cycles,seq,id,iq,idref,iqref,theta,actangle,age_us,vdreq,vqreq,vd,vq,intd,intq,scale,bus,raw_id,raw_iq
[SHELL] ccB:index,timer,valid,ia,ib,ic,du,dv,dw,active_u,active_v,active_w
[SHELL] ccA:352,253700425,272564,1.160,34.352,0.000,35.000,3.45787,3.63855,23.85,-13.771,23.243,-13.771,23.243,-13.748,4.101,1.00000,74.342,-1.273,34.416
[SHELL] ccB:352,23083,1,11.914,-33.941,22.027,81.469,18.531,50.837,80.487,19.513,63.348
[SHELL] ccA:353,253810561,272565,-1.057,34.288,0.000,35.000,3.68968,3.87046,23.98,-13.726,23.245,-13.726,23.245,-13.748,4.101,1.00000,74.342,-9.284,32.837
[SHELL] ccB:353,2147515497,1,25.034,-32.600,7.565,80.723,19.277,38.375,81.469,18.531,50.837
[SHELL] ccA:354,253920465,272566,-1.684,34.161,0.000,35.000,3.91281,4.09349,23.93,-13.713,23.248,-13.713,23.248,-13.747,4.101,1.00000,74.342,13.105,36.555
[SHELL] ccB:354,23103,1,16.082,-38.652,22.570,78.479,21.521,26.920,80.723,19.277,38.375
[SHELL] ccA:355,254030393,272567,1.620,34.607,0.000,35.000,4.14117,4.32186,23.82,-13.780,23.239,-13.780,23.239,-13.748,4.102,1.00000,74.342,-10.447,32.480
[SHELL] ccB:355,2147515581,1,32.972,-24.082,-8.889,79.241,29.835,20.759,78.479,21.521,26.920
[SHELL] ccA:356,254140465,272568,-1.889,34.021,0.000,35.000,4.36220,4.54289,23.95,-13.709,23.251,-13.709,23.251,-13.747,4.102,1.00000,74.342,0.232,34.569
[SHELL] ccB:356,23103,1,32.392,-26.656,-5.736,81.040,41.303,18.960,79.241,29.835,20.759
[SHELL] ccA:357,254250413,272569,-1.728,34.783,0.000,35.000,4.58909,4.76978,23.82,-13.711,23.236,-13.711,23.236,-13.746,4.102,1.00000,74.342,3.073,37.512
[SHELL] ccB:357,2147515571,1,36.850,-25.061,-11.789,81.359,53.638,18.641,81.040,41.303,18.960
[SHELL] ccA:358,254360445,272570,-0.737,34.913,0.000,35.000,4.82612,5.00681,23.89,-13.731,23.234,-13.731,23.234,-13.745,4.102,1.00000,74.342,-9.326,30.056
[SHELL] ccB:358,23093,1,28.804,-3.423,-25.380,79.992,66.330,20.008,81.359,53.638,18.641
[SHELL] ccA:359,254470409,272571,-0.693,33.123,0.000,35.000,5.04628,5.22697,23.82,-13.731,23.271,-13.731,23.271,-13.745,4.103,1.00000,74.342,12.808,34.868
[SHELL] ccB:359,2147515573,1,37.140,-19.153,-17.987,77.237,77.266,22.734,79.992,66.330,20.008
[SHELL] ccA:360,254580433,272572,1.000,32.315,0.000,35.000,5.27381,5.45449,23.88,-13.766,23.288,-13.766,23.288,-13.746,4.105,1.00000,74.342,-12.288,29.467
[SHELL] ccB:360,23087,1,18.402,13.394,-31.795,65.862,80.154,19.846,77.237,77.266,22.734
[SHELL] ccA:361,254690449,272573,-4.187,31.996,0.000,35.000,5.50438,5.68507,23.89,-13.660,23.296,-13.660,23.296,-13.743,4.106,1.00000,74.342,-4.979,34.183
[SHELL] ccB:361,2147515553,1,20.467,13.865,-34.333,53.691,81.387,18.613,65.862,80.154,19.846
[SHELL] ccA:362,254800429,272574,-4.440,34.294,0.000,35.000,5.72296,5.90366,23.89,-13.652,23.250,-13.652,23.250,-13.741,4.106,1.00000,73.902,4.488,39.344
[SHELL] ccB:362,23085,1,24.708,14.445,-39.153,41.745,81.234,18.766,53.691,81.387,18.613
[SHELL] ccA:363,254910397,272575,-2.201,35.862,0.000,35.000,5.96031,6.14100,23.82,-13.696,23.219,-13.696,23.219,-13.740,4.106,1.00000,73.902,-12.802,30.576
[SHELL] ccB:363,2147515579,1,-2.439,29.849,-27.410,29.160,79.209,20.791,41.745,81.234,18.766
[SHELL] ccA:364,255020365,272576,-2.181,34.079,0.000,35.000,6.19489,0.09239,23.83,-13.695,23.255,-13.695,23.255,-13.739,4.106,1.00000,74.342,12.392,35.818
[SHELL] ccB:364,23053,1,15.502,22.201,-37.703,21.327,78.673,27.669,29.160,79.209,20.791
[SHELL] ccA:365,255130233,272577,0.609,33.792,0.000,35.000,0.12798,0.30869,23.70,-13.752,23.261,-13.752,23.261,-13.739,4.107,1.00000,74.342,-9.546,32.956
[SHELL] ccB:365,2147515661,1,-13.674,34.089,-20.415,19.178,80.822,38.923,21.327,78.673,27.669
[SHELL] ccA:366,255240245,272578,-3.751,33.927,0.000,35.000,0.35693,0.53761,23.78,-13.662,23.259,-13.662,23.259,-13.737,4.108,1.00000,74.342,-8.306,33.979
[SHELL] ccB:366,22993,1,-19.654,34.886,-15.232,18.584,81.416,51.171,19.178,80.822,38.923
[SHELL] ccA:367,255350485,272579,-4.365,35.350,0.000,35.000,0.58458,0.76526,23.73,-13.648,23.230,-13.648,23.230,-13.735,4.107,1.00000,74.342,8.698,40.484
[SHELL] ccB:367,2147515535,1,-15.088,40.939,-25.851,19.584,80.416,63.410,18.584,81.416,51.171
[SHELL] ctrlcap v1 armed=0 count=512 clock_hz=550000000 decimation=1
[SHELL] ccA:index,cycles,seq,id,iq,idref,iqref,theta,actangle,age_us,vdreq,vqreq,vd,vq,intd,intq,scale,bus,raw_id,raw_iq
[SHELL] ccB:index,timer,valid,ia,ib,ic,du,dv,dw,active_u,active_v,active_w
[SHELL] ccA:368,255460741,272580,-1.358,36.477,0.000,35.000,0.81107,0.99175,24.16,-13.707,23.207,-13.707,23.207,-13.735,4.107,1.00000,74.342,-14.523,30.960
[SHELL] ccB:368,23241,1,-32.449,25.572,6.877,22.122,77.878,75.020,19.584,80.416,63.410
[SHELL] ccA:369,255570689,272581,-3.601,34.101,0.000,35.000,1.04044,1.22113,24.13,-13.661,23.255,-13.661,23.255,-13.733,4.107,1.00000,73.902,5.942,33.999
[SHELL] ccB:369,2147515433,1,-26.323,32.494,-6.171,20.226,68.366,79.774,22.122,77.878,75.020
[SHELL] ccA:370,255680649,272582,-2.124,32.813,0.000,35.000,1.26426,1.44494,24.04,-13.689,23.282,-13.689,23.282,-13.732,4.108,1.00000,73.902,-5.858,32.295
[SHELL] ccB:370,23195,1,-32.557,19.882,12.676,18.570,56.449,81.430,20.226,68.366,79.774
[SHELL] ccA:371,255790697,272583,-3.362,32.774,0.000,35.000,1.49575,1.67643,24.14,-13.663,23.284,-13.663,23.284,-13.730,4.109,1.00000,74.342,-7.673,32.508
[SHELL] ccB:371,2147515429,1,-32.992,11.980,21.012,18.751,43.874,81.249,18.570,56.449,81.430
[SHELL] ccA:372,255900649,272584,-2.072,32.888,0.000,35.000,1.72493,1.90558,24.02,-13.688,23.282,-13.688,23.282,-13.729,4.110,1.00000,74.342,12.918,34.242
[SHELL] ccB:372,23195,1,-35.819,24.412,11.407,20.367,31.690,79.633,18.751,43.874,81.249
[SHELL] ccA:373,256010669,272585,0.627,32.660,0.000,35.000,1.94966,2.13040,24.14,-13.742,23.288,-13.742,23.288,-13.729,4.112,1.00000,74.342,-15.656,29.650
[SHELL] ccB:373,2147515443,1,-21.757,-11.216,32.972,24.898,22.032,77.968,20.367,31.690,79.633
[SHELL] ccA:374,256120593,272586,-5.070,31.424,0.000,35.000,2.17168,2.35238,24.01,-13.625,23.315,-13.625,23.315,-13.727,4.113,1.00000,74.342,-1.889,32.153
[SHELL] ccB:374,23167,1,-25.453,-4.366,29.819,35.975,19.602,80.398,24.898,22.032,77.968
[SHELL] ccA:375,256230517,272587,-6.836,32.617,0.000,35.000,2.40583,2.58654,23.93,-13.587,23.292,-13.587,23.292,-13.723,4.114,1.00000,74.342,-7.911,36.511
[SHELL] ccB:375,2147515519,1,-18.640,-18.718,37.358,48.532,18.599,81.401,35.975,19.602,80.398
[SHELL] ccA:376,256340105,272588,-7.256,34.510,0.000,35.000,2.63683,2.81743,23.68,-13.575,23.254,-13.575,23.254,-13.720,4.115,1.00000,73.902,-11.314,32.865
[SHELL] ccB:376,22923,1,-5.991,-26.656,32.646,61.084,19.102,80.898,48.532,18.599,81.401
[SHELL] ccA:377,256449917,272589,-4.530,35.381,0.000,35.000,2.85153,3.03223,23.39,-13.627,23.237,-13.627,23.237,-13.718,4.115,1.00000,73.902,12.417,39.284
[SHELL] ccB:377,2147515819,1,-23.134,-17.957,41.091,72.346,21.190,78.810,61.084,19.102,80.898
[SHELL] ccA:378,256559997,272590,-0.323,35.129,0.000,35.000,3.08748,3.26815,23.51,-13.711,23.242,-13.711,23.242,-13.717,4.114,1.00000,73.902,-14.813,29.085
[SHELL] ccB:378,22869,1,13.219,-32.455,19.236,79.276,20.724,70.705,72.346,21.190,78.810
[SHELL] ccA:379,256669921,272591,-4.421,32.838,0.000,35.000,3.30683,3.48751,23.39,-13.627,23.289,-13.627,23.289,-13.715,4.116,1.00000,73.902,-0.473,33.898
[SHELL] ccB:379,2147515817,1,6.042,-31.911,25.868,81.154,18.846,59.366,79.276,20.724,70.705
[SHELL] ccA:380,256779981,272592,-4.196,33.398,0.000,35.000,3.52998,3.71065,23.49,-13.629,23.278,-13.629,23.278,-13.713,4.116,1.00000,73.902,-1.024,36.711
[SHELL] ccB:380,22861,1,14.850,-36.514,21.664,81.568,18.432,47.180,81.154,18.846,59.366
[SHELL] ccA:381,256889949,272593,-3.604,34.649,0.000,35.000,3.76384,3.94453,23.39,-13.639,23.253,-13.639,23.253,-13.711,4.117,1.00000,73.902,-11.897,31.278
[SHELL] ccB:381,2147515803,1,27.897,-29.954,2.056,80.306,19.694,34.553,81.568,18.432,47.180
[SHELL] ccA:382,257000057,272594,-3.405,34.013,0.000,35.000,3.99057,4.17125,23.56,-13.641,23.267,-13.641,23.267,-13.710,4.117,1.00000,73.902,11.196,36.786
[SHELL] ccB:382,22899,1,20.214,-38.435,18.221,77.541,22.459,23.144,80.306,19.694,34.553
[SHELL] ccA:383,257109977,272595,-0.103,34.564,0.000,35.000,4.20980,4.39049,23.43,-13.707,23.256,-13.707,23.256,-13.709,4.117,1.00000,73.902,-10.908,33.407
[SHELL] ccB:383,2147515789,1,34.530,-22.922,-11.608,80.098,33.134,19.902,77.541,22.459,23.144
[SHELL] ctrlcap v1 armed=0 count=512 clock_hz=550000000 decimation=1
[SHELL] ccA:index,cycles,seq,id,iq,idref,iqref,theta,actangle,age_us,vdreq,vqreq,vd,vq,intd,intq,scale,bus,raw_id,raw_iq
[SHELL] ccB:index,timer,valid,ia,ib,ic,du,dv,dw,active_u,active_v,active_w
[SHELL] ccA:384,257220017,272596,-2.699,35.002,0.000,35.000,4.44705,4.62774,23.52,-13.654,23.247,-13.654,23.247,-13.708,4.117,1.00000,73.902,-0.176,36.411
[SHELL] ccB:384,22879,1,35.182,-25.713,-9.469,81.500,45.781,18.500,80.098,33.134,19.902
[SHELL] ccA:385,257330005,272597,-1.680,37.465,0.000,35.000,4.66036,4.84104,23.50,-13.674,23.197,-13.674,23.197,-13.707,4.116,1.00000,73.902,4.542,43.633
[SHELL] ccB:385,2147515775,1,43.337,-27.562,-15.776,81.256,57.502,18.744,81.500,45.781,18.500
[SHELL] ccA:386,257439957,272598,-0.655,38.199,0.000,35.000,4.88750,5.06821,23.43,-13.694,23.180,-13.694,23.180,-13.707,4.114,1.00000,73.902,-11.526,29.118
[SHELL] ccB:386,22849,1,26.665,0.890,-27.555,79.462,69.547,20.538,81.256,57.502,18.744
[SHELL] ccA:387,257550029,272599,-1.938,33.773,0.000,35.000,5.12511,5.30578,23.53,-13.667,23.269,-13.667,23.269,-13.706,4.115,1.00000,73.902,10.759,33.222
[SHELL] ccB:387,2147515763,1,34.748,-14.369,-20.379,73.644,78.526,21.474,79.462,69.547,20.538
[SHELL] ccA:388,257659973,272600,0.003,31.897,0.000,35.000,5.34113,5.52182,23.45,-13.706,23.308,-13.706,23.308,-13.706,4.117,1.00000,73.902,-9.979,32.026
[SHELL] ccB:388,22857,1,20.033,13.285,-33.318,62.501,80.854,19.146,73.644,78.526,21.474
[SHELL] ccA:389,257770009,272601,-3.034,33.660,0.000,35.000,5.57428,5.75498,23.49,-13.644,23.274,-13.644,23.274,-13.704,4.117,1.00000,73.902,-2.935,37.367
[SHELL] ccB:389,2147515773,1,22.098,15.170,-37.268,49.889,81.615,18.385,62.501,80.854,19.146
[SHELL] ccA:390,257879957,272602,-0.663,37.163,0.000,35.000,5.79262,5.97331,23.41,-13.691,23.203,-13.691,23.203,-13.704,4.116,1.00000,73.902,13.196,41.893
[SHELL] ccB:390,22849,1,31.377,10.929,-42.306,37.896,80.788,19.212,49.889,81.615,18.385
[SHELL] ccA:391,257989953,272603,3.893,38.295,0.000,35.000,6.01678,6.19747,23.41,-13.784,23.178,-13.784,23.178,-13.706,4.115,1.00000,73.902,-7.887,32.028
[SHELL] ccB:391,2147515801,1,0.823,28.145,-28.968,26.153,78.445,21.555,37.896,80.788,19.212
[SHELL] ccA:392,258100085,272604,3.361,35.648,0.000,35.000,6.24758,0.14507,23.51,-13.775,23.231,-13.775,23.231,-13.708,4.114,1.00000,73.902,16.020,36.644
[SHELL] ccB:392,22913,1,17.314,22.564,-39.878,20.457,79.543,30.335,26.153,78.445,21.555
[SHELL] ccA:393,258210081,272605,5.839,35.182,0.000,35.000,0.18387,0.36454,23.55,-13.827,23.240,-13.827,23.240,-13.711,4.114,1.00000,73.902,-0.798,35.412
[SHELL] ccB:393,2147515737,1,-7.259,33.654,-26.395,18.647,81.353,42.018,20.457,79.543,30.335
[SHELL] ccA:394,258320117,272606,3.558,35.633,0.000,35.000,0.41766,0.59832,23.63,-13.784,23.231,-13.784,23.231,-13.712,4.114,1.00000,73.902,-0.194,35.063
[SHELL] ccB:394,22929,1,-14.399,34.887,-20.487,18.464,81.536,54.743,18.647,81.353,42.018
[SHELL] ccA:395,258430261,272607,5.656,37.696,0.000,35.000,0.64266,0.82334,23.52,-13.828,23.188,-13.828,23.188,-13.715,4.112,1.00000,73.902,23.810,45.245
[SHELL] ccB:395,2147515647,1,-8.056,47.753,-39.697,19.907,80.093,66.919,18.464,81.536,54.743
[SHELL] ccA:396,258540505,272608,10.796,39.562,0.000,35.000,0.87281,1.05352,24.00,-13.937,23.149,-13.937,23.149,-13.721,4.110,1.00000,73.902,-4.241,32.693
[SHELL] ccB:396,23123,1,-27.773,29.269,-1.496,22.196,76.243,77.804,19.907,80.093,66.919
[SHELL] ccA:397,258650393,272609,7.453,36.367,0.000,35.000,1.09493,1.27565,23.83,-13.873,23.212,-13.873,23.212,-13.724,4.109,1.00000,73.902,14.482,34.835
[SHELL] ccB:397,2147515581,1,-24.330,37.134,-12.804,19.545,65.170,80.455,22.196,76.243,77.804
[SHELL] ccA:398,258760457,272610,7.639,34.125,0.000,35.000,1.32205,1.50337,23.89,-13.881,23.323,-13.881,23.323,-13.728,4.110,1.00000,73.902,5.833,34.138
[SHELL] ccB:398,23099,1,-31.651,28.000,3.651,18.241,52.983,81.759,19.545,65.170,80.455
[SHELL] ccA:399,258870513,272611,5.936,33.696,0.000,35.000,1.54657,1.72788,23.83,-13.850,23.333,-13.850,23.333,-13.731,4.111,1.00000,73.902,-2.404,31.675
[SHELL] ccB:399,2147515521,1,-31.724,14.445,17.279,18.657,40.727,81.343,18.241,52.983,81.759
[SHELL] ctrlcap v1 armed=0 count=512 clock_hz=550000000 decimation=1
[SHELL] ccA:index,cycles,seq,id,iq,idref,iqref,theta,actangle,age_us,vdreq,vqreq,vd,vq,intd,intq,scale,bus,raw_id,raw_iq
[SHELL] ccB:index,timer,valid,ia,ib,ic,du,dv,dw,active_u,active_v,active_w
[SHELL] ccA:400,258980501,272612,5.432,33.045,0.000,35.000,1.77548,1.95681,23.91,-13.843,23.347,-13.843,23.347,-13.734,4.112,1.00000,73.902,20.704,34.691
[SHELL] ccB:400,23121,1,-38.175,30.537,7.638,20.675,28.668,79.325,18.657,40.727,81.343
[SHELL] ccA:401,259090501,272613,8.176,32.711,0.000,35.000,2.00334,2.18465,23.96,-13.902,23.355,-13.902,23.355,-13.738,4.113,1.00000,73.902,-6.303,29.788
[SHELL] ccB:401,2147515527,1,-24.402,-3.568,27.971,27.504,20.919,79.081,20.675,28.668,79.325
[SHELL] ccA:402,259200465,272614,4.173,31.935,0.000,35.000,2.23269,2.41400,23.96,-13.824,23.372,-13.824,23.372,-13.740,4.114,1.00000,73.902,8.595,33.474
[SHELL] ccB:402,23103,1,-31.687,3.898,27.789,39.404,18.773,81.227,27.504,20.919,79.081
[SHELL] ccA:403,259310377,272615,4.679,34.445,0.000,35.000,2.45592,2.63723,23.81,-13.836,23.322,-13.836,23.322,-13.742,4.114,1.00000,73.902,7.831,41.044
[SHELL] ccB:403,2147515589,1,-32.050,-7.193,39.242,51.711,18.238,81.762,39.404,18.773,81.227
[SHELL] ccA:404,259420481,272616,5.664,37.768,0.000,35.000,2.68397,2.86527,23.90,-13.859,23.254,-13.859,23.254,-13.745,4.113,1.00000,73.902,-1.600,35.511
[SHELL] ccB:404,23111,1,-14.254,-21.074,35.328,64.185,19.353,80.647,51.711,18.238,81.762
[SHELL] ccA:405,259530373,272617,7.152,38.429,0.000,35.000,2.90936,3.09067,23.80,-13.892,23.239,-13.892,23.239,-13.749,4.111,1.00000,73.902,23.978,41.649
[SHELL] ccB:405,2147515591,1,-32.920,-13.861,46.781,75.759,21.974,78.026,64.185,19.353,80.647
[SHELL] ccA:406,259640373,272618,11.591,38.560,0.000,35.000,3.13541,3.31675,23.81,-13.986,23.234,-13.986,23.234,-13.755,4.110,1.00000,73.902,0.009,35.431
[SHELL] ccB:406,23057,1,-0.228,-30.570,30.798,80.064,19.936,67.846,75.759,21.974,78.026
[SHELL] ccA:407,259750377,272619,8.283,36.955,0.000,35.000,3.36370,3.54503,23.82,-13.924,23.266,-13.924,23.266,-13.759,4.109,1.00000,73.902,9.137,35.311
[SHELL] ccB:407,2147515589,1,-1.134,-31.005,32.139,81.601,18.399,55.738,80.064,19.936,67.846
[SHELL] ccA:408,259860381,272620,7.974,36.303,0.000,35.000,3.59512,3.77643,23.81,-13.922,23.278,-13.922,23.278,-13.763,4.108,1.00000,73.902,13.614,39.158
[SHELL] ccB:408,23061,1,4.919,-38.109,33.190,81.531,18.469,43.046,81.601,18.399,55.738
[SHELL] ccA:409,259970353,272621,8.238,36.604,0.000,35.000,3.82407,4.00538,23.80,-13.932,23.271,-13.932,23.271,-13.767,4.107,1.00000,73.902,-3.413,32.791
[SHELL] ccB:409,2147515601,1,23.331,-31.838,8.508,79.791,20.209,30.812,81.531,18.469,43.046
[SHELL] ccA:410,260080381,272622,6.706,35.431,0.000,35.000,4.05102,4.23232,23.84,-13.904,23.294,-13.904,23.294,-13.770,4.107,1.00000,73.902,20.037,36.984
[SHELL] ccB:410,23061,1,16.879,-41.805,24.926,78.408,25.282,21.592,79.791,20.209,30.812
[SHELL] ccA:411,260190341,272623,8.442,35.218,0.000,35.000,4.28220,4.46351,23.78,-13.943,23.299,-13.943,23.299,-13.774,4.107,1.00000,73.902,-2.893,34.112
[SHELL] ccB:411,2147515607,1,32.210,-26.148,-6.062,80.957,37.265,19.043,78.408,25.282,21.592
[SHELL] ccA:412,260300389,272624,4.422,35.437,0.000,35.000,4.50391,4.68521,23.84,-13.865,23.294,-13.865,23.294,-13.777,4.107,1.00000,73.902,3.439,36.540
[SHELL] ccB:412,23065,1,35.037,-26.982,-8.056,81.764,49.236,18.236,80.957,37.265,19.043
[SHELL] ccA:413,260410381,272625,3.671,37.920,0.000,35.000,4.73079,4.91211,23.83,-13.852,23.243,-13.852,23.243,-13.779,4.105,1.00000,73.902,10.701,44.489
[SHELL] ccB:413,2147515587,1,44.678,-30.896,-13.782,80.987,61.640,19.013,81.764,49.236,18.236
[SHELL] ccA:414,260520377,272626,4.347,39.244,0.000,35.000,4.95345,5.13478,23.78,-13.868,23.214,-13.868,23.214,-13.781,4.103,1.00000,73.902,-7.454,31.456
[SHELL] ccB:414,23059,1,28.767,-1.611,-27.156,78.707,73.243,21.293,80.987,61.640,19.013
[SHELL] ccA:415,260630349,272627,2.708,36.371,0.000,35.000,5.19135,5.37267,23.78,-13.836,23.271,-13.836,23.271,-13.782,4.102,1.00000,73.902,15.041,38.081
[SHELL] ccB:415,2147515603,1,40.728,-16.725,-24.003,70.082,79.532,20.468,78.707,73.243,21.293
[SHELL] ctrlcap v1 armed=0 count=512 clock_hz=550000000 decimation=1
[SHELL] ccA:index,cycles,seq,id,iq,idref,iqref,theta,actangle,age_us,vdreq,vqreq,vd,vq,intd,intq,scale,bus,raw_id,raw_iq
[SHELL] ccB:index,timer,valid,ia,ib,ic,du,dv,dw,active_u,active_v,active_w
[SHELL] ccA:416,260740345,272628,5.009,36.073,0.000,35.000,5.41399,5.59529,23.77,-13.885,23.276,-13.885,23.276,-13.785,4.102,1.00000,73.902,-2.592,36.674
[SHELL] ccB:416,23043,1,26.339,9.045,-35.384,58.223,81.404,18.596,70.082,79.532,20.468
[SHELL] ccA:417,260850337,272629,2.554,37.155,0.000,35.000,5.63714,5.81844,23.78,-13.837,23.254,-13.837,23.254,-13.786,4.101,1.00000,73.902,0.360,37.192
[SHELL] ccB:417,2147515609,1,22.678,14.191,-36.870,46.048,81.627,18.373,58.223,81.404,18.596
[SHELL] ccA:418,260960333,272630,5.385,39.519,0.000,35.000,5.86542,6.04675,23.78,-13.896,23.204,-13.896,23.204,-13.789,4.098,1.00000,73.902,23.411,47.019
[SHELL] ccB:418,23037,1,40.474,8.755,-49.229,33.611,80.250,19.750,46.048,81.627,18.373
[SHELL] ccA:419,261070389,272631,11.284,41.415,0.000,35.000,6.09555,6.27686,23.84,-14.020,23.163,-14.020,23.163,-13.794,4.095,1.00000,73.902,-2.047,34.432
[SHELL] ccB:419,2147515583,1,4.411,27.420,-31.832,22.297,77.703,23.208,33.611,80.250,19.750
[SHELL] ccA:420,261180317,272632,9.468,38.230,0.000,35.000,0.03130,0.21263,23.86,-13.988,23.225,-13.988,23.225,-13.799,4.094,1.00000,73.902,18.555,37.037
[SHELL] ccB:420,23029,1,17.387,23.868,-41.255,19.577,80.423,34.134,22.297,77.703,23.208
[SHELL] ccA:421,261290181,272633,10.408,36.650,0.000,35.000,0.26679,0.44806,23.60,-14.012,23.256,-14.012,23.256,-13.804,4.093,1.00000,73.902,6.568,38.094
[SHELL] ccB:421,2147515687,1,-3.707,35.176,-31.469,18.234,81.766,46.868,19.577,80.423,34.134
[SHELL] ccA:422,261400197,272634,8.182,37.200,0.000,35.000,0.49864,0.67995,23.69,-13.972,23.244,-13.972,23.244,-13.808,4.092,1.00000,73.902,1.037,35.576
[SHELL] ccB:422,22969,1,-16.103,35.539,-19.436,18.699,81.301,59.529,18.234,81.766,46.868
[SHELL] ccA:423,261510353,272635,9.152,38.602,0.000,35.000,0.71984,0.90114,23.54,-13.996,23.214,-13.996,23.214,-13.813,4.090,1.00000,73.902,27.966,45.160
[SHELL] ccB:423,2147515601,1,-8.745,49.746,-41.001,20.699,79.301,71.247,18.699,81.301,59.529
[SHELL] ccA:424,261620513,272636,13.455,39.638,0.000,35.000,0.94748,1.12879,23.95,-14.089,23.191,-14.089,23.191,-13.819,4.088,1.00000,73.902,-3.148,32.656
[SHELL] ccB:424,23127,1,-28.353,28.471,-0.118,20.961,72.442,79.039,20.699,79.301,71.247
[SHELL] ccA:425,261730517,272637,8.363,36.443,0.000,35.000,1.17208,1.35339,23.97,-13.991,23.254,-13.991,23.254,-13.824,4.087,1.00000,73.902,11.783,35.298
[SHELL] ccB:425,2147515519,1,-27.954,35.249,-7.295,18.827,60.909,81.173,20.961,72.442,79.039
[SHELL] ccA:426,261840509,272638,7.532,35.072,0.000,35.000,1.40199,1.58330,23.96,-13.978,23.282,-13.978,23.282,-13.827,4.087,1.00000,73.902,9.711,37.035
[SHELL] ccB:426,23125,1,-34.877,31.117,3.760,18.192,48.368,81.808,18.827,60.909,81.173
[SHELL] ccA:427,261950489,272639,7.347,35.253,0.000,35.000,1.63339,1.81468,23.89,-13.978,23.278,-13.978,23.278,-13.831,4.087,1.00000,73.902,-1.816,31.645
[SHELL] ccB:427,2147515533,1,-31.470,12.452,19.018,19.260,35.775,80.740,18.192,48.368,81.808
[SHELL] ccA:428,262060517,272640,6.936,33.935,0.000,35.000,1.86097,2.04227,23.99,-13.973,23.305,-13.973,23.305,-13.835,4.087,1.00000,73.902,21.665,35.414
[SHELL] ccB:428,23129,1,-40.132,29.269,10.864,21.874,24.141,78.126,19.260,35.775,80.740
[SHELL] ccA:429,262170425,272641,8.797,33.090,0.000,35.000,2.08464,2.26595,23.84,-14.015,23.323,-14.015,23.323,-13.839,4.088,1.00000,73.902,-6.325,29.884
[SHELL] ccB:429,2147515565,1,-22.916,-6.033,28.949,31.867,19.882,80.118,21.874,24.141,78.126
[SHELL] ccA:430,262280453,272642,2.991,32.930,0.000,35.000,2.31730,2.49861,23.95,-13.900,23.327,-13.900,23.327,-13.840,4.089,1.00000,73.902,2.951,36.537
[SHELL] ccB:430,23097,1,-28.824,-5.199,34.023,44.191,18.356,81.644,31.867,19.882,80.118
[SHELL] ccA:431,262390353,272643,2.278,35.962,0.000,35.000,2.54407,2.72538,23.79,-13.887,23.266,-13.887,23.266,-13.842,4.089,1.00000,73.902,9.537,40.892
[SHELL] ccB:431,2147515601,1,-30.890,-9.186,40.076,56.688,18.484,81.516,44.191,18.356,81.644
[SHELL] ctrlcap v1 armed=0 count=512 clock_hz=550000000 decimation=1
[SHELL] ccA:index,cycles,seq,id,iq,idref,iqref,theta,actangle,age_us,vdreq,vqreq,vd,vq,intd,intq,scale,bus,raw_id,raw_iq
[SHELL] ccB:index,timer,valid,ia,ib,ic,du,dv,dw,active_u,active_v,active_w
[SHELL] ccA:432,262500353,272644,4.153,37.883,0.000,35.000,2.77474,2.95603,23.79,-13.927,23.226,-13.927,23.226,-13.844,4.087,1.00000,73.902,-5.411,33.209
[SHELL] ccB:432,23047,1,-6.860,-25.097,31.957,69.085,20.239,79.761,56.688,18.484,81.516
[SHELL] ccA:433,262610357,272645,4.444,36.769,0.000,35.000,3.00807,3.18941,23.79,-13.935,23.247,-13.935,23.247,-13.846,4.086,1.00000,73.902,19.061,39.766
[SHELL] ccB:433,2147515599,1,-24.185,-19.842,44.027,78.469,21.531,74.393,69.085,20.239,79.761
[SHELL] ccA:434,262720365,272646,6.640,36.362,0.000,35.000,3.21985,3.40115,23.79,-13.982,23.255,-13.982,23.255,-13.849,4.086,1.00000,73.902,-6.150,32.705
[SHELL] ccB:434,23053,1,8.688,-32.165,23.476,80.838,19.162,63.428,78.469,21.531,74.393
[SHELL] ccA:435,262830449,272647,1.204,34.885,0.000,35.000,3.46223,3.64354,23.87,-13.874,23.284,-13.874,23.284,-13.850,4.086,1.00000,73.902,-1.944,34.363
[SHELL] ccB:435,2147515553,1,12.675,-34.049,21.374,81.761,18.239,50.434,80.838,19.162,63.428
[SHELL] ccA:436,262940433,272648,0.350,35.244,0.000,35.000,3.69662,3.87795,23.87,-13.857,23.277,-13.857,23.277,-13.850,4.086,1.00000,73.902,11.439,39.545
[SHELL] ccB:436,23087,1,11.117,-39.885,28.768,80.937,19.063,37.672,81.761,18.239,50.434
[SHELL] ccA:437,263050469,272649,2.812,36.807,0.000,35.000,3.91592,4.09722,23.93,-13.908,23.245,-13.908,23.245,-13.851,4.085,1.00000,73.902,-9.688,33.776
[SHELL] ccB:437,2147515543,1,30.543,-30.316,-0.227,78.616,21.384,26.204,80.937,19.063,37.672
[SHELL] ccA:438,263160429,272650,-0.271,35.733,0.000,35.000,4.14133,4.32264,23.84,-13.846,23.266,-13.846,23.266,-13.851,4.084,1.00000,73.902,6.851,35.837
[SHELL] ccB:438,23085,1,26.448,-34.992,8.544,79.504,29.794,20.496,78.616,21.384,26.204
[SHELL] ccA:439,263270461,272651,-0.733,35.674,0.000,35.000,4.37257,4.55387,23.94,-13.836,23.267,-13.836,23.267,-13.851,4.084,1.00000,73.902,-6.948,37.243
[SHELL] ccB:439,2147515547,1,37.430,-23.792,-13.637,81.386,42.027,18.614,79.504,29.794,20.496
[SHELL] ccA:440,263380433,272652,-3.157,37.526,0.000,35.000,4.60461,4.78591,23.84,-13.786,23.228,-13.786,23.228,-13.849,4.083,1.00000,73.902,-5.584,39.778
[SHELL] ccB:440,23087,1,40.148,-18.972,-21.176,81.538,54.685,18.462,81.386,42.027,18.614
[SHELL] ccA:441,263490445,272653,-1.334,40.897,0.000,35.000,4.82649,5.00780,23.90,-13.822,23.158,-13.822,23.158,-13.849,4.080,1.00000,73.902,12.780,46.789
[SHELL] ccB:441,2147515555,1,47.940,-30.352,-17.588,80.099,66.694,19.901,81.538,54.685,18.462
[SHELL] ccA:442,263600417,272654,1.935,41.450,0.000,35.000,5.06307,5.24438,23.84,-13.888,23.144,-13.888,23.144,-13.850,4.077,1.00000,73.902,-12.236,32.445
[SHELL] ccB:442,23079,1,26.266,6.471,-32.738,76.184,77.783,22.217,80.099,66.694,19.901
[SHELL] ccA:443,263710441,272655,-1.628,36.505,0.000,35.000,5.28275,5.46402,23.84,-13.816,23.242,-13.816,23.242,-13.849,4.076,1.00000,73.902,5.179,34.343
[SHELL] ccB:443,2147515557,1,31.703,-3.568,-28.135,65.316,80.426,19.574,76.184,77.783,22.217
[SHELL] ccA:444,263820461,272656,-1.995,34.711,0.000,35.000,5.51403,5.69533,23.91,-13.808,23.278,-13.808,23.278,-13.848,4.076,1.00000,73.902,-6.104,37.713
[SHELL] ccB:444,23101,1,21.845,16.221,-38.066,52.881,81.673,18.327,65.316,80.426,19.574
[SHELL] ccA:445,263930461,272657,-4.200,36.097,0.000,35.000,5.73603,5.91734,23.90,-13.762,23.250,-13.762,23.250,-13.846,4.076,1.00000,73.902,-9.771,34.619
[SHELL] ccB:445,2147515547,1,9.667,25.173,-34.840,40.798,81.211,18.789,52.881,81.673,18.327
[SHELL] ccA:446,264040409,272658,-2.936,37.240,0.000,35.000,5.96723,6.14857,23.84,-13.786,23.226,-13.786,23.226,-13.844,4.074,1.00000,73.902,13.901,42.010
[SHELL] ccB:446,23075,1,26.266,17.707,-43.973,28.599,79.139,20.861,40.798,81.211,18.789
[SHELL] ccA:447,264150357,272659,1.697,37.829,0.000,35.000,6.20005,0.09819,23.83,-13.879,23.212,-13.879,23.212,-13.845,4.073,1.00000,73.902,-11.244,32.677
[SHELL] ccB:447,2147515599,1,-8.491,33.256,-24.764,20.935,79.065,28.112,28.599,79.139,20.861
[SHELL] ctrlcap v1 armed=0 count=512 clock_hz=550000000 decimation=1
[SHELL] ccA:index,cycles,seq,id,iq,idref,iqref,theta,actangle,age_us,vdreq,vqreq,vd,vq,intd,intq,scale,bus,raw_id,raw_iq
[SHELL] ccB:index,timer,valid,ia,ib,ic,du,dv,dw,active_u,active_v,active_w
[SHELL] ccA:448,264260257,272660,-0.802,35.854,0.000,35.000,0.13742,0.31872,23.71,-13.829,23.252,-13.829,23.252,-13.845,4.073,1.00000,73.902,5.378,36.051
[SHELL] ccB:448,22999,1,0.388,31.371,-31.759,18.880,81.120,39.526,20.935,79.065,28.112
[SHELL] ccA:449,264370285,272661,0.691,36.514,0.000,35.000,0.36190,0.54321,23.72,-13.859,23.238,-13.859,23.238,-13.845,4.072,1.00000,73.902,3.253,41.276
[SHELL] ccB:449,2147515635,1,-11.572,40.214,-28.642,18.312,81.688,51.855,18.880,81.120,39.526
[SHELL] ccA:450,264480377,272662,0.770,37.767,0.000,35.000,0.59350,0.77483,23.61,-13.861,23.211,-13.861,23.211,-13.845,4.070,1.00000,73.902,-8.803,32.464
[SHELL] ccB:450,23059,1,-25.453,31.770,-6.316,19.433,80.567,64.423,18.312,81.688,51.855
[SHELL] ccA:451,264590689,272663,1.017,37.085,0.000,35.000,0.81485,0.99616,24.14,-13.866,23.224,-13.866,23.224,-13.846,4.069,1.00000,73.902,18.420,42.136
[SHELL] ccB:451,2147515433,1,-18.023,45.651,-27.627,21.992,78.008,75.703,19.433,80.567,64.423
[SHELL] ccA:452,264700557,272664,4.995,37.046,0.000,35.000,1.05001,1.23132,23.97,-13.948,23.224,-13.948,23.224,-13.848,4.068,1.00000,73.902,-8.057,31.449
[SHELL] ccB:452,23149,1,-31.289,23.143,8.145,19.888,67.412,80.112,21.992,78.008,75.703
[SHELL] ccA:453,264810589,272665,1.214,34.559,0.000,35.000,1.27656,1.45785,23.97,-13.873,23.273,-13.873,23.273,-13.849,4.069,1.00000,73.902,2.551,33.202
[SHELL] ccB:453,2147515483,1,-31.035,25.971,5.065,18.404,55.435,81.596,19.888,67.412,80.112
[SHELL] ccA:454,264920597,272666,1.200,33.146,0.000,35.000,1.50201,1.68332,24.04,-13.874,23.303,-13.874,23.303,-13.850,4.069,1.00000,73.902,7.755,34.731
[SHELL] ccB:454,23169,1,-34.116,25.826,8.290,18.471,43.086,81.529,18.404,55.435,81.596
[SHELL] ccA:455,265030585,272667,1.452,32.725,0.000,35.000,1.71963,1.90095,23.98,-13.879,23.312,-13.879,23.312,-13.850,4.071,1.00000,73.902,-12.253,28.235
[SHELL] ccB:455,2147515485,1,-26.106,-1.067,27.173,20.064,31.451,79.936,18.471,43.086,81.529
[SHELL] ccA:456,265140613,272668,-1.899,30.421,0.000,35.000,1.95689,2.13819,23.98,-13.811,23.361,-13.811,23.361,-13.849,4.073,1.00000,73.902,9.157,30.483
[SHELL] ccB:456,23177,1,-31.687,13.249,18.438,25.080,21.639,78.361,20.064,31.451,79.936
[SHELL] ccA:457,265250517,272669,-1.366,29.973,0.000,35.000,2.18033,2.36163,23.99,-13.821,23.372,-13.821,23.372,-13.849,4.075,1.00000,73.462,-11.523,30.691
[SHELL] ccB:457,2147515519,1,-18.567,-14.115,32.682,36.503,18.953,81.047,25.080,21.639,78.361
[SHELL] ccA:458,265360469,272670,-4.204,31.890,0.000,35.000,2.41334,2.59467,23.86,-13.763,23.335,-13.763,23.335,-13.847,4.077,1.00000,73.462,-2.924,35.696
[SHELL] ccB:458,23105,1,-21.575,-13.970,35.546,49.222,18.066,81.934,36.503,18.953,81.047
[SHELL] ccA:459,265470505,272671,-1.418,35.784,0.000,35.000,2.63086,2.81214,23.96,-13.818,23.257,-13.818,23.257,-13.846,4.077,1.00000,73.902,11.700,41.052
[SHELL] ccB:459,2147515525,1,-30.274,-10.926,41.200,61.266,18.973,81.027,49.222,18.066,81.934
[SHELL] ccA:460,265580441,272672,3.160,38.284,0.000,35.000,2.87101,3.05235,23.88,-13.911,23.205,-13.911,23.205,-13.848,4.075,1.00000,73.902,-7.834,35.334
[SHELL] ccB:460,23091,1,-1.895,-30.352,32.247,73.925,21.462,78.538,61.266,18.973,81.027
[SHELL] ccA:461,265690457,272673,3.634,37.788,0.000,35.000,3.09910,3.28040,23.87,-13.922,23.214,-13.922,23.214,-13.849,4.074,1.00000,73.902,18.504,39.433
[SHELL] ccB:461,2147515549,1,-20.162,-23.357,43.519,79.595,20.405,69.774,73.925,21.462,78.538
[SHELL] ccA:462,265800441,272674,6.710,37.391,0.000,35.000,3.32549,3.50680,23.87,-13.987,23.221,-13.987,23.221,-13.853,4.072,1.00000,73.902,-2.333,35.365
[SHELL] ccB:462,23091,1,8.761,-34.122,25.361,81.456,18.544,57.669,79.595,20.405,69.774
[SHELL] ccA:463,265910449,272675,1.959,35.952,0.000,35.000,3.54497,3.72628,23.87,-13.893,23.249,-13.893,23.249,-13.854,4.072,1.00000,73.462,-6.003,33.645
[SHELL] ccB:463,2147515553,1,18.728,-34.122,15.394,81.836,18.164,45.795,81.456,18.544,57.669
[SHELL] ctrlcap v1 armed=0 count=512 clock_hz=550000000 decimation=1
[SHELL] ccA:index,cycles,seq,id,iq,idref,iqref,theta,actangle,age_us,vdreq,vqreq,vd,vq,intd,intq,scale,bus,raw_id,raw_iq
[SHELL] ccB:index,timer,valid,ia,ib,ic,du,dv,dw,active_u,active_v,active_w
[SHELL] ccA:464,266020465,272676,-0.527,35.786,0.000,35.000,3.77998,3.96132,23.87,-13.843,23.252,-13.843,23.252,-13.853,4.071,1.00000,73.462,12.231,40.490
[SHELL] ccB:464,23103,1,14.306,-41.624,27.318,80.385,19.615,33.170,81.836,18.164,45.795
[SHELL] ccA:465,266130409,272677,1.665,37.192,0.000,35.000,4.00535,4.18668,23.83,-13.888,23.223,-13.888,23.223,-13.854,4.070,1.00000,73.902,-11.800,34.144
[SHELL] ccB:465,2147515573,1,33.624,-28.250,-5.374,77.668,23.172,22.332,80.385,19.615,33.170
[SHELL] ccA:466,266240425,272678,-1.450,36.426,0.000,35.000,4.23570,4.41703,23.83,-13.825,23.237,-13.825,23.237,-13.854,4.070,1.00000,73.902,5.570,36.925
[SHELL] ccB:466,23083,1,30.253,-34.086,3.832,80.431,34.713,19.569,77.668,23.172,22.332
[SHELL] ccA:467,266350417,272679,-0.736,36.948,0.000,35.000,4.45848,4.63979,23.83,-13.838,23.226,-13.838,23.226,-13.853,4.069,1.00000,73.902,-2.282,39.800
[SHELL] ccB:467,2147515569,1,39.097,-26.293,-12.804,81.627,46.772,18.373,80.431,34.713,19.569
[SHELL] ccA:468,266460469,272680,-1.313,37.777,0.000,35.000,4.69055,4.87186,23.93,-13.826,23.208,-13.826,23.208,-13.852,4.067,1.00000,73.902,-6.256,34.583
[SHELL] ccB:468,23105,1,34.711,-12.593,-22.118,81.183,59.447,18.817,81.627,46.772,18.373
[SHELL] ccA:469,266570421,272681,-0.166,38.400,0.000,35.000,4.91499,5.09631,23.85,-13.849,23.194,-13.849,23.194,-13.852,4.066,1.00000,73.902,14.129,44.633
[SHELL] ccB:469,2147515567,1,46.563,-27.489,-19.074,79.175,71.281,20.825,81.183,59.447,18.817
[SHELL] ccA:470,266680445,272682,2.343,38.776,0.000,35.000,5.13926,5.32054,23.83,-13.900,23.184,-13.900,23.184,-13.854,4.064,1.00000,73.462,-12.630,31.256
[SHELL] ccB:470,23093,1,23.222,9.552,-32.774,72.635,79.065,20.935,79.175,71.281,20.825
[SHELL] ccA:471,266790417,272683,-2.593,35.366,0.000,35.000,5.36546,5.54677,23.83,-13.800,23.252,-13.800,23.252,-13.852,4.064,1.00000,73.462,0.757,34.318
[SHELL] ccB:471,2147515569,1,27.716,3.681,-31.397,61.011,81.236,18.764,72.635,79.065,20.935
[SHELL] ccA:472,266900417,272684,-2.702,35.184,0.000,35.000,5.60027,5.78159,23.83,-13.797,23.256,-13.797,23.256,-13.851,4.063,1.00000,73.902,0.308,40.843
[SHELL] ccB:472,23079,1,26.013,14.264,-40.277,48.142,81.669,18.331,61.011,81.236,18.764
[SHELL] ccA:473,267010477,272685,-1.312,37.771,0.000,35.000,5.82347,6.00478,23.95,-13.824,23.203,-13.824,23.203,-13.850,4.062,1.00000,73.902,-6.622,35.081
[SHELL] ccB:473,2147515539,1,9.631,24.956,-34.586,35.964,80.595,19.405,48.142,81.669,18.331
[SHELL] ccA:474,267120405,272686,1.464,38.529,0.000,35.000,6.05060,6.23192,23.83,-13.880,23.186,-13.880,23.186,-13.851,4.060,1.00000,73.902,18.793,43.112
[SHELL] ccB:474,23073,1,28.224,18.468,-46.692,24.275,77.968,22.032,35.964,80.595,19.405
[SHELL] ccA:475,267230393,272687,6.120,39.081,0.000,35.000,6.27536,0.17348,23.93,-13.976,23.173,-13.976,23.173,-13.854,4.058,1.00000,73.902,-6.482,35.017
[SHELL] ccB:475,2147515581,1,-6.208,33.473,-27.265,20.009,79.991,32.150,24.275,77.968,22.032
[SHELL] ccA:476,267340285,272688,2.464,37.560,0.000,35.000,0.22037,0.40167,23.77,-13.905,23.202,-13.905,23.202,-13.855,4.057,1.00000,73.902,4.027,37.093
[SHELL] ccB:476,23013,1,-4.178,34.198,-30.020,18.479,81.521,44.211,20.009,79.991,32.150
[SHELL] ccA:477,267450245,272689,2.870,37.864,0.000,35.000,0.46149,0.64281,23.75,-13.914,23.194,-13.914,23.194,-13.857,4.056,1.00000,73.902,9.910,42.252
[SHELL] ccB:477,2147515655,1,-9.941,41.555,-31.614,18.596,81.404,57.441,18.479,81.521,44.211
[SHELL] ccA:478,267560429,272690,3.909,38.148,0.000,35.000,0.68262,0.86393,23.68,-13.937,23.187,-13.937,23.187,-13.859,4.054,1.00000,73.902,-8.211,30.996
[SHELL] ccB:478,23085,1,-25.925,29.305,-3.380,20.307,79.693,69.237,18.596,81.404,57.441
[SHELL] ccA:479,267670589,272691,1.894,35.325,0.000,35.000,0.90858,1.08990,24.02,-13.898,23.243,-13.898,23.243,-13.860,4.054,1.00000,73.902,14.089,37.056
[SHELL] ccB:479,2147515483,1,-20.561,39.634,-19.074,21.643,74.679,78.357,20.307,79.693,69.237
[SHELL] ctrlcap v1 armed=0 count=512 clock_hz=550000000 decimation=1
[SHELL] ccA:index,cycles,seq,id,iq,idref,iqref,theta,actangle,age_us,vdreq,vqreq,vd,vq,intd,intq,scale,bus,raw_id,raw_iq
[SHELL] ccB:index,timer,valid,ia,ib,ic,du,dv,dw,active_u,active_v,active_w
[SHELL] ccA:480,267780557,272692,2.616,34.184,0.000,35.000,1.13853,1.31984,23.96,-13.913,23.267,-13.913,23.267,-13.861,4.054,1.00000,73.902,-9.504,31.630
[SHELL] ccB:480,23149,1,-32.702,20.353,12.350,19.109,62.845,80.891,21.643,74.679,78.357
[SHELL] ccA:481,267890581,272693,-1.572,33.383,0.000,35.000,1.36795,1.54927,23.97,-13.829,23.283,-13.829,23.283,-13.860,4.055,1.00000,73.902,-1.367,33.217
[SHELL] ccB:481,2147515487,1,-32.811,21.041,11.770,18.267,50.505,81.733,19.109,62.845,80.891
[SHELL] ccA:482,268000585,272694,-0.041,33.209,0.000,35.000,1.59544,1.77674,24.03,-13.859,23.288,-13.859,23.288,-13.860,4.056,1.00000,73.902,12.072,34.771
[SHELL] ccB:482,23163,1,-35.058,27.239,7.819,19.003,38.040,80.997,18.267,50.505,81.733
[SHELL] ccA:483,268110545,272695,2.427,32.754,0.000,35.000,1.82426,2.00558,23.97,-13.910,23.298,-13.910,23.298,-13.861,4.057,1.00000,73.902,-13.068,28.256
[SHELL] ccB:483,2147515505,1,-24.076,-5.054,29.130,21.360,26.073,78.640,19.003,38.040,80.997
[SHELL] ccA:484,268220513,272696,-1.720,30.943,0.000,35.000,2.06043,2.24173,23.93,-13.826,23.336,-13.826,23.336,-13.860,4.059,1.00000,73.902,7.184,32.488
[SHELL] ccB:484,23127,1,-32.050,8.284,23.766,30.348,20.308,79.692,21.360,26.073,78.640
[SHELL] ccA:485,268330501,272697,-2.295,31.739,0.000,35.000,2.28181,2.46313,23.92,-13.813,23.322,-13.813,23.322,-13.859,4.061,1.00000,73.902,-10.480,33.722
[SHELL] ccB:485,2147515527,1,-18.712,-16.580,35.292,42.119,18.563,81.437,30.348,20.308,79.692
[SHELL] ccA:486,268440485,272698,-5.769,33.932,0.000,35.000,2.50863,2.68995,23.95,-13.741,23.279,-13.741,23.279,-13.856,4.061,1.00000,73.902,-9.302,35.795
[SHELL] ccB:486,23113,1,-13.674,-22.922,36.597,54.472,18.428,81.572,42.119,18.563,81.437
[SHELL] ccA:487,268550445,272699,-4.177,37.361,0.000,35.000,2.73285,2.91417,23.85,-13.771,23.209,-13.771,23.209,-13.854,4.060,1.00000,73.902,12.376,44.131
[SHELL] ccB:487,2147515555,1,-28.897,-16.362,45.259,66.610,19.864,80.136,54.472,18.428,81.572
[SHELL] ccA:488,268660429,272700,0.975,38.892,0.000,35.000,2.96574,3.14707,23.87,-13.874,23.176,-13.874,23.176,-13.855,4.058,1.00000,73.902,-11.552,31.510
[SHELL] ccB:488,23085,1,5.861,-31.548,25.687,77.744,22.256,76.396,66.610,19.864,80.136
[SHELL] ccA:489,268770437,272701,-0.600,35.906,0.000,35.000,3.18660,3.36794,23.86,-13.843,23.236,-13.843,23.236,-13.855,4.058,1.00000,73.902,8.329,36.474
[SHELL] ccB:489,2147515559,1,-6.679,-28.540,35.219,80.429,19.571,65.359,77.744,22.256,76.396
[SHELL] ccA:490,268880437,272702,0.527,34.910,0.000,35.000,3.41829,3.59960,23.86,-13.865,23.256,-13.865,23.256,-13.855,4.058,1.00000,73.902,-2.997,35.181
[SHELL] ccB:490,23089,1,12.494,-34.847,22.353,81.686,18.314,52.832,80.429,19.571,65.359
[SHELL] ccA:491,268990445,272703,-1.835,34.795,0.000,35.000,3.65335,3.83466,23.86,-13.817,23.258,-13.817,23.258,-13.854,4.058,1.00000,73.902,-9.674,32.342
[SHELL] ccB:491,2147515555,1,24.273,-32.455,8.181,81.179,18.821,40.066,81.686,18.314,52.832
[SHELL] ccA:492,269100441,272704,-2.456,34.526,0.000,35.000,3.87118,4.05245,23.85,-13.804,23.264,-13.804,23.264,-13.853,4.058,1.00000,73.902,12.523,38.240
[SHELL] ccB:492,23091,1,16.154,-39.993,23.839,79.207,20.793,28.660,81.179,18.821,40.066
[SHELL] ccA:493,269210405,272705,0.658,35.415,0.000,35.000,4.10592,4.28726,23.82,-13.866,23.246,-13.866,23.246,-13.853,4.058,1.00000,73.902,-12.738,32.835
[SHELL] ccB:493,2147515575,1,34.240,-24.263,-9.977,79.079,28.056,20.921,79.207,20.793,28.660
[SHELL] ccA:494,269320441,272706,-2.806,34.813,0.000,35.000,4.32725,4.50856,23.88,-13.795,23.258,-13.795,23.258,-13.852,4.058,1.00000,73.902,1.731,35.341
[SHELL] ccB:494,23091,1,32.102,-28.939,-3.163,81.106,39.523,18.894,79.079,28.056,20.921
[SHELL] ccA:495,269430457,272707,-2.491,36.049,0.000,35.000,4.55654,4.73785,23.93,-13.801,23.233,-13.801,23.233,-13.850,4.057,1.00000,73.902,-0.690,40.679
[SHELL] ccB:495,2147515549,1,40.293,-25.025,-15.268,81.644,52.077,18.356,81.106,39.523,18.894
[SHELL] ctrlcap v1 armed=0 count=512 clock_hz=550000000 decimation=1
[SHELL] ccA:index,cycles,seq,id,iq,idref,iqref,theta,actangle,age_us,vdreq,vqreq,vd,vq,intd,intq,scale,bus,raw_id,raw_iq
[SHELL] ccB:index,timer,valid,ia,ib,ic,du,dv,dw,active_u,active_v,active_w
[SHELL] ccA:496,269540413,272708,-2.320,36.968,0.000,35.000,4.78755,4.96887,23.84,-13.803,23.213,-13.803,23.213,-13.849,4.056,1.00000,73.902,-9.631,31.173
[SHELL] ccB:496,23077,1,30.362,-4.837,-25.525,80.507,64.586,19.493,81.644,52.077,18.356
[SHELL] ccA:497,269650441,272709,-1.769,35.371,0.000,35.000,5.01472,5.19603,23.89,-13.813,23.245,-13.813,23.245,-13.848,4.056,1.00000,73.902,12.875,38.457
[SHELL] ccB:497,2147515557,1,40.547,-21.001,-19.545,77.865,76.129,22.135,80.507,64.586,19.493
[SHELL] ccA:498,269760409,272710,0.719,34.801,0.000,35.000,5.24550,5.42684,23.83,-13.863,23.256,-13.863,23.256,-13.849,4.056,1.00000,73.902,-13.243,31.118
[SHELL] ccB:498,23075,1,20.069,13.539,-33.608,67.224,80.129,19.871,77.865,76.129,22.135
[SHELL] ccA:499,269870397,272711,-4.445,34.049,0.000,35.000,5.47386,5.65590,23.83,-13.758,23.348,-13.758,23.348,-13.846,4.057,1.00000,73.902,-4.167,35.504
[SHELL] ccB:499,2147515579,1,22.823,12.415,-35.239,55.207,81.614,18.386,67.224,80.129,19.871
[SHELL] ccA:500,269980433,272712,-4.819,35.594,0.000,35.000,5.70323,5.88526,23.88,-13.748,23.317,-13.748,23.317,-13.844,4.057,1.00000,73.902,2.302,40.253
[SHELL] ccB:500,23087,1,23.983,16.076,-40.059,42.616,81.432,18.568,55.207,81.614,18.386
[SHELL] ccA:501,270090385,272713,-3.279,36.853,0.000,35.000,5.93225,6.11428,23.82,-13.777,23.291,-13.777,23.291,-13.842,4.056,1.00000,73.902,-13.552,31.401
[SHELL] ccB:501,2147515585,1,-1.931,30.537,-28.606,30.382,79.619,20.381,42.616,81.432,18.568
[SHELL] ccA:502,270200413,272714,-3.798,34.994,0.000,35.000,6.15451,0.05335,23.89,-13.765,23.328,-13.765,23.328,-13.840,4.056,1.00000,73.902,9.612,36.920
[SHELL] ccB:502,23077,1,14.270,23.506,-37.776,21.569,78.431,25.555,30.382,79.619,20.381
[SHELL] ccA:503,270310317,272715,-2.329,34.417,0.000,35.000,0.10180,0.28382,23.82,-13.793,23.340,-13.793,23.340,-13.839,4.056,1.00000,73.902,-14.987,32.426
[SHELL] ccB:503,2147515619,1,-18.205,35.720,-17.515,19.064,80.936,37.475,21.569,78.431,25.555
[SHELL] ccA:504,270420229,272716,-6.521,34.604,0.000,35.000,0.33038,0.51241,23.74,-13.706,23.336,-13.706,23.336,-13.836,4.056,1.00000,73.902,-5.720,36.645
[SHELL] ccB:504,22985,1,-17.299,37.061,-19.763,18.286,81.714,49.794,19.064,80.936,37.475
[SHELL] ccA:505,270530249,272717,-4.251,37.128,0.000,35.000,0.56032,0.74232,23.68,-13.749,23.285,-13.749,23.285,-13.834,4.055,1.00000,73.902,9.424,42.797
[SHELL] ccB:505,2147515653,1,-14.762,43.114,-28.352,19.136,80.864,62.433,18.286,81.714,49.794
[SHELL] ccA:506,270640717,272718,0.126,38.858,0.000,35.000,0.78883,0.97086,24.10,-13.837,23.248,-13.837,23.248,-13.834,4.053,1.00000,73.902,-12.624,33.195
[SHELL] ccB:506,23229,1,-32.449,28.725,3.723,21.599,78.401,74.404,19.136,80.864,62.433
[SHELL] ccA:507,270750629,272719,-1.811,36.441,0.000,35.000,1.01484,1.19687,24.04,-13.797,23.296,-13.797,23.296,-13.833,4.052,1.00000,73.902,8.580,36.578
[SHELL] ccB:507,2147515463,1,-26.541,36.300,-9.759,20.338,69.504,79.662,21.599,78.401,74.404
[SHELL] ccA:508,270860633,272720,-0.696,35.264,0.000,35.000,1.23229,1.41433,24.03,-13.819,23.319,-13.819,23.319,-13.833,4.052,1.00000,73.902,-7.320,34.706
[SHELL] ccB:508,23187,1,-35.167,21.585,13.582,18.569,57.955,81.431,20.338,69.504,79.662
[SHELL] ccA:509,270970669,272721,-2.930,34.893,0.000,35.000,1.47529,1.65731,24.10,-13.773,23.327,-13.773,23.327,-13.831,4.052,1.00000,73.902,-5.660,33.584
[SHELL] ccB:509,2147515443,1,-33.971,14.880,19.091,18.402,44.715,81.598,18.569,57.955,81.431
[SHELL] ccA:510,271080645,272722,-1.148,35.156,0.000,35.000,1.69649,1.87854,24.05,-13.808,23.321,-13.808,23.321,-13.831,4.052,1.00000,73.902,14.046,38.749
[SHELL] ccB:510,23193,1,-40.205,27.964,12.241,19.839,32.763,80.161,18.402,44.715,81.598
[SHELL] ccA:511,271190669,272723,2.160,35.466,0.000,35.000,1.93003,2.11206,24.14,-13.875,23.315,-13.875,23.315,-13.832,4.052,1.00000,73.902,-13.792,30.781
[SHELL] ccB:511,2147515443,1,-23.967,-8.570,32.537,23.952,21.988,78.012,19.839,32.763,80.161
