[SHELL] ctrlcap v1 armed=0 count=512 clock_hz=550000000 decimation=1
[SHELL] ccA:index,cycles,seq,id,iq,idref,iqref,theta,actangle,age_us,vdreq,vqreq,vd,vq,intd,intq,scale,bus
[SHELL] ccB:index,timer,valid,ia,ib,ic,du,dv,dw,active_u,active_v,active_w
[SHELL] ccA:0,3471693519,209386,5.278,22.319,0.000,20.000,2.73715,2.84052,16.06,-4.914,14.006,-4.914,14.006,-4.808,3.111,1.00000,74.342
[SHELL] ccB:0,2147519467,1,-13.635,-9.154,22.788,51.089,32.721,67.279,46.781,32.844,67.156
[SHELL] ccA:1,3471795167,209386,5.278,22.319,0.000,20.000,2.73715,2.96737,200.87,-4.917,14.004,-4.917,14.004,-4.811,3.110,1.00000,74.342
[SHELL] ccB:1,15005,1,-13.635,-9.154,22.788,54.872,32.940,67.060,51.089,32.721,67.279
[SHELL] ccA:2,3471913647,209387,4.322,20.673,0.000,20.000,2.98970,3.09308,16.17,-4.900,14.037,-4.900,14.037,-4.813,3.110,1.00000,74.342
[SHELL] ccB:2,2147519403,1,-7.401,-13.431,20.831,58.501,33.390,66.610,54.872,32.940,67.060
[SHELL] ccA:3,3472015127,209387,4.322,20.673,0.000,20.000,2.98970,3.21077,200.72,-4.902,14.037,-4.902,14.037,-4.815,3.110,1.00000,74.342
[SHELL] ccB:3,14985,1,-7.401,-13.431,20.831,61.824,34.082,65.918,58.501,33.390,66.610
[SHELL] ccA:4,3472133467,209388,-1.618,17.953,0.000,20.000,3.23940,3.34276,16.00,-4.782,14.092,-4.782,14.092,-4.815,3.111,1.00000,74.342
[SHELL] ccB:4,2147519493,1,3.364,-17.019,13.655,65.054,34.946,64.890,61.824,34.082,65.918
[SHELL] ccA:5,3472235163,209388,-1.618,17.953,0.000,20.000,3.23940,3.45850,200.91,-4.781,14.093,-4.781,14.093,-4.814,3.112,1.00000,74.342
[SHELL] ccB:5,15003,1,3.364,-17.019,13.655,65.946,34.054,61.782,65.054,34.946,64.890
[SHELL] ccA:6,3472353455,209389,-2.293,21.339,0.000,20.000,3.48502,3.58835,15.99,-4.767,14.025,-4.767,14.025,-4.813,3.111,1.00000,74.342
[SHELL] ccB:6,2147519499,1,9.344,-21.404,12.060,66.618,33.382,58.053,65.946,34.054,61.782
[SHELL] ccA:7,3472455143,209389,-2.293,21.339,0.000,20.000,3.48502,3.70407,200.85,-4.766,14.024,-4.766,14.024,-4.811,3.110,1.00000,74.342
[SHELL] ccB:7,14993,1,9.344,-21.404,12.060,67.042,32.958,54.677,66.618,33.382,58.053
[SHELL] ccA:8,3472573527,209390,-2.000,21.635,0.000,20.000,3.73558,3.83892,16.06,-4.770,14.017,-4.770,14.017,-4.810,3.109,1.00000,74.342
[SHELL] ccB:8,2147519463,1,13.766,-21.440,7.675,67.245,32.755,50.653,67.042,32.958,54.677
[SHELL] ccA:9,3472675115,209390,-2.000,21.635,0.000,20.000,3.73558,3.95549,200.80,-4.769,14.017,-4.769,14.017,-4.809,3.109,1.00000,74.342
[SHELL] ccB:9,14979,1,13.766,-21.440,7.675,67.170,32.830,47.176,67.245,32.755,50.653
[SHELL] ccA:10,3472793503,209391,-1.558,19.665,0.000,20.000,3.98494,4.08827,16.02,-4.777,14.056,-4.777,14.056,-4.809,3.109,1.00000,74.342
[SHELL] ccB:10,2147519475,1,15.723,-18.179,2.456,66.850,33.150,43.255,67.170,32.830,47.176
[SHELL] ccA:11,3472895151,209391,-1.558,19.665,0.000,20.000,3.98494,4.20717,200.93,-4.777,14.056,-4.777,14.056,-4.808,3.109,1.00000,74.342
[SHELL] ccB:11,14997,1,15.723,-18.179,2.456,66.269,33.731,39.842,66.850,33.150,43.255
[SHELL] ccA:12,3473013459,209392,-3.259,19.156,0.000,20.000,4.22931,4.33266,15.96,-4.741,14.067,-4.741,14.067,-4.806,3.109,1.00000,74.342
[SHELL] ccB:12,2147519497,1,18.477,-14.445,-4.032,65.426,34.574,36.463,66.269,33.731,39.842
[SHELL] ccA:13,3473115183,209392,-3.259,19.156,0.000,20.000,4.22931,4.45335,200.93,-4.739,14.067,-4.739,14.067,-4.805,3.110,1.00000,74.342
[SHELL] ccB:13,15013,1,18.477,-14.445,-4.032,65.513,36.766,34.487,65.426,34.574,36.463
[SHELL] ccA:14,3473233471,209393,-0.738,22.227,0.000,20.000,4.49149,4.59484,15.96,-4.789,14.005,-4.789,14.005,-4.804,3.109,1.00000,74.342
[SHELL] ccB:14,2147519491,1,21.848,-14.518,-7.330,66.412,40.843,33.588,65.513,36.766,34.487
[SHELL] ccA:15,3473335171,209393,-0.738,22.227,0.000,20.000,4.49149,4.70830,200.89,-4.789,14.004,-4.789,14.004,-4.804,3.108,1.00000,74.342
[SHELL] ccB:15,15007,1,21.848,-14.518,-7.330,66.903,44.121,33.097,66.412,40.843,33.588
[SHELL] ctrlcap v1 armed=0 count=512 clock_hz=550000000 decimation=1
[SHELL] ccA:index,cycles,seq,id,iq,idref,iqref,theta,actangle,age_us,vdreq,vqreq,vd,vq,intd,intq,scale,bus
[SHELL] ccB:index,timer,valid,ia,ib,ic,du,dv,dw,active_u,active_v,active_w
[SHELL] ccA:16,3473453463,209394,1.398,21.868,0.000,20.000,4.72531,4.82864,15.96,-4.833,14.010,-4.833,14.010,-4.805,3.107,1.00000,74.342
[SHELL] ccB:16,2147519495,1,21.884,-11.908,-9.976,67.215,47.754,32.785,66.903,44.121,33.097
[SHELL] ccA:17,3473555191,209394,1.398,21.868,0.000,20.000,4.72531,4.95559,200.94,-4.833,14.009,-4.833,14.009,-4.805,3.106,1.00000,74.342
[SHELL] ccB:17,15017,1,21.884,-11.908,-9.976,67.240,51.549,32.760,67.215,47.754,32.785
[SHELL] ccA:18,3473673451,209395,3.834,19.572,0.000,20.000,4.97902,5.08237,15.96,-4.884,14.055,-4.884,14.055,-4.807,3.106,1.00000,74.342
[SHELL] ccB:18,2147519501,1,19.891,-8.683,-11.208,67.051,55.399,32.949,67.240,51.549,32.760
[SHELL] ccA:19,3473775131,209395,3.834,19.572,0.000,20.000,4.97902,5.20792,200.86,-4.886,14.055,-4.886,14.055,-4.809,3.106,1.00000,74.342
[SHELL] ccB:19,14987,1,19.891,-8.683,-11.208,66.527,59.058,33.473,67.051,55.399,32.949
[SHELL] ccA:20,3473893427,209396,1.279,18.361,0.000,20.000,5.22952,5.33287,15.97,-4.835,14.080,-4.835,14.080,-4.810,3.107,1.00000,74.342
[SHELL] ccB:20,2147519513,1,16.593,-1.398,-15.195,65.781,62.459,34.219,66.527,59.058,33.473
[SHELL] ccA:21,3473995163,209396,1.279,18.361,0.000,20.000,5.22952,5.45174,200.90,-4.836,14.081,-4.836,14.081,-4.810,3.108,1.00000,74.342
[SHELL] ccB:21,15003,1,16.593,-1.398,-15.195,64.419,65.215,34.785,65.781,62.459,34.219
[SHELL] ccA:22,3474113407,209397,0.045,19.993,0.000,20.000,5.48256,5.58591,15.96,-4.811,14.049,-4.811,14.049,-4.810,3.108,1.00000,74.342
[SHELL] ccB:22,2147519523,1,14.382,4.836,-19.218,60.760,66.145,33.855,64.419,65.215,34.785
[SHELL] ccA:23,3474215107,209397,0.045,19.993,0.000,20.000,5.48256,5.70498,200.83,-4.811,14.049,-4.811,14.049,-4.810,3.108,1.00000,74.342
[SHELL] ccB:23,14975,1,14.382,4.836,-19.218,57.362,66.768,33.232,60.760,66.145,33.855
[SHELL] ccA:24,3474333479,209398,0.576,24.098,0.000,20.000,5.73365,5.83699,16.03,-4.822,13.964,-4.822,13.964,-4.811,3.106,1.00000,74.342
[SHELL] ccB:24,2147519487,1,13.077,10.998,-24.075,53.382,67.099,32.901,57.362,66.768,33.232
[SHELL] ccA:25,3474435095,209398,0.576,24.098,0.000,20.000,5.73365,5.94929,200.81,-4.823,13.962,-4.823,13.962,-4.811,3.104,1.00000,74.342
[SHELL] ccB:25,14969,1,13.077,10.998,-24.075,50.040,67.208,32.792,53.382,67.099,32.901
[SHELL] ccA:26,3474553443,209399,0.736,21.163,0.000,20.000,5.97985,6.08320,15.96,-4.826,14.020,-4.826,14.020,-4.811,3.103,1.00000,74.342
[SHELL] ccB:26,2147519505,1,7.024,13.789,-20.813,46.076,67.124,32.876,50.040,67.208,32.792
[SHELL] ccA:27,3474655127,209399,0.736,21.163,0.000,20.000,5.97985,6.20076,200.85,-4.826,14.020,-4.826,14.020,-4.812,3.102,1.00000,74.342
[SHELL] ccB:27,14985,1,7.024,13.789,-20.813,42.624,66.740,33.260,46.076,67.124,32.876
[SHELL] ccA:28,3474773431,209400,0.205,20.181,0.000,20.000,6.23260,0.05275,15.96,-4.816,14.039,-4.816,14.039,-4.812,3.102,1.00000,74.342
[SHELL] ccB:28,2147519511,1,1.225,16.833,-18.058,38.803,66.036,33.964,42.624,66.740,33.260
[SHELL] ccA:29,3474875055,209400,0.205,20.181,0.000,20.000,6.23260,0.17388,200.92,-4.816,14.039,-4.816,14.039,-4.812,3.102,1.00000,74.342
[SHELL] ccB:29,14949,1,1.225,16.833,-18.058,35.528,65.138,34.862,38.803,66.036,33.964
[SHELL] ccA:30,3474993271,209401,-0.196,19.469,0.000,20.000,0.19651,0.29985,15.82,-4.808,14.054,-4.808,14.054,-4.812,3.103,1.00000,74.342
[SHELL] ccB:30,2147519591,1,-3.994,18.500,-14.507,34.185,65.815,37.842,35.528,65.138,34.862
[SHELL] ccA:31,3475095015,209401,-0.196,19.469,0.000,20.000,0.19651,0.41821,200.86,-4.808,14.054,-4.808,14.054,-4.812,3.103,1.00000,74.342
[SHELL] ccB:31,14929,1,-3.994,18.500,-14.507,33.466,66.534,41.161,34.185,65.815,37.842
[SHELL] ctrlcap v1 armed=0 count=512 clock_hz=550000000 decimation=1
[SHELL] ccA:index,cycles,seq,id,iq,idref,iqref,theta,actangle,age_us,vdreq,vqreq,vd,vq,intd,intq,scale,bus
[SHELL] ccB:index,timer,valid,ia,ib,ic,du,dv,dw,active_u,active_v,active_w
[SHELL] ccA:32,3475213311,209402,1.245,21.624,0.000,20.000,0.44928,0.55262,15.94,-4.837,14.010,-4.837,14.010,-4.812,3.102,1.00000,74.342
[SHELL] ccB:32,2147519571,1,-8.270,21.472,-13.202,32.960,67.040,45.173,33.466,66.534,41.161
[SHELL] ccA:33,3475314983,209402,1.245,21.624,0.000,20.000,0.44928,0.67245,200.84,-4.838,14.009,-4.838,14.009,-4.813,3.101,1.00000,74.342
[SHELL] ccB:33,14913,1,-8.270,21.472,-13.202,32.750,67.250,48.737,32.960,67.040,45.173
[SHELL] ccA:34,3475433471,209403,4.285,19.911,0.000,20.000,0.69338,0.79674,15.78,-4.901,14.044,-4.901,14.044,-4.815,3.101,1.00000,74.342
[SHELL] ccB:34,2147519491,1,-9.430,20.349,-10.918,32.736,67.264,52.557,32.750,67.250,48.737
[SHELL] ccA:35,3475535235,209403,4.285,19.911,0.000,20.000,0.69338,0.91869,200.84,-4.903,14.044,-4.903,14.044,-4.817,3.101,1.00000,74.342
[SHELL] ccB:35,15039,1,-9.430,20.349,-10.918,33.043,66.957,56.180,32.736,67.264,52.557
[SHELL] ccA:36,3475653647,209404,3.273,18.476,0.000,20.000,0.95020,1.05354,16.15,-4.884,14.073,-4.884,14.073,-4.819,3.102,1.00000,74.342
[SHELL] ccB:36,2147519403,1,-13.127,18.174,-5.047,33.642,66.358,60.035,33.043,66.957,56.180
[SHELL] ccA:37,3475755247,209404,3.273,18.476,0.000,20.000,0.95020,1.16784,200.91,-4.886,14.074,-4.886,14.074,-4.821,3.103,1.00000,74.342
[SHELL] ccB:37,15045,1,-13.127,18.174,-5.047,34.409,65.591,63.204,33.642,66.358,60.035
[SHELL] ccA:38,3475873611,209405,0.853,17.495,0.000,20.000,1.19903,1.30265,16.09,-4.838,14.126,-4.838,14.126,-4.821,3.104,1.00000,74.342
[SHELL] ccB:38,2147519421,1,-15.990,14.187,1.803,34.428,63.422,65.572,34.409,65.591,63.204
[SHELL] ccA:39,3475975235,209405,0.853,17.495,0.000,20.000,1.19903,1.41813,200.87,-4.838,14.127,-4.838,14.127,-4.821,3.105,1.00000,74.342
[SHELL] ccB:39,15039,1,-15.990,14.187,1.803,33.637,60.226,66.363,34.428,63.422,65.572
[SHELL] ccA:40,3476093599,209406,0.659,20.575,0.000,20.000,1.44802,1.55166,16.09,-4.835,14.065,-4.835,14.065,-4.822,3.105,1.00000,74.342
[SHELL] ccB:40,2147519427,1,-20.340,12.919,7.421,33.061,56.304,66.939,33.637,60.226,66.363
[SHELL] ccA:41,3476195219,209406,0.659,20.575,0.000,20.000,1.44802,1.67193,200.92,-4.835,14.065,-4.835,14.065,-4.822,3.105,1.00000,74.342
[SHELL] ccB:41,15031,1,-20.340,12.919,7.421,32.747,52.737,67.253,33.061,56.304,66.939
[SHELL] ccA:42,3476313607,209407,-0.677,16.969,0.000,20.000,1.69592,1.79956,16.10,-4.808,14.138,-4.808,14.138,-4.822,3.106,1.00000,74.342
[SHELL] ccB:42,2147519423,1,-16.752,5.960,10.792,32.613,49.007,67.387,32.747,52.737,67.253
[SHELL] ccA:43,3476415239,209407,-0.677,16.969,0.000,20.000,1.69592,1.91857,200.91,-4.808,14.140,-4.808,14.140,-4.821,3.108,1.00000,74.342
[SHELL] ccB:43,15041,1,-16.752,5.960,10.792,32.802,45.439,67.198,32.613,49.007,67.387
[SHELL] ccA:44,3476533579,209408,-1.866,16.388,0.000,20.000,1.95368,2.05730,16.09,-4.783,14.153,-4.783,14.153,-4.820,3.110,1.00000,74.342
[SHELL] ccB:44,2147519437,1,-14.504,0.451,14.054,33.317,41.415,66.683,32.802,45.439,67.198
[SHELL] ccA:45,3476635151,209408,-1.866,16.388,0.000,20.000,1.95368,2.17614,200.86,-4.782,14.155,-4.782,14.155,-4.820,3.111,1.00000,74.342
[SHELL] ccB:45,14997,1,-14.504,0.451,14.054,34.020,38.051,65.980,33.317,41.415,66.683
[SHELL] ccA:46,3476753555,209409,-3.114,17.339,0.000,20.000,2.19722,2.30086,16.04,-4.756,14.137,-4.756,14.137,-4.818,3.113,1.00000,74.342
[SHELL] ccB:46,2147519449,1,-12.221,-4.877,17.098,35.144,34.888,65.112,34.020,38.051,65.980
[SHELL] ccA:47,3476855095,209409,-3.114,17.339,0.000,20.000,2.19722,2.41853,200.86,-4.754,14.139,-4.754,14.139,-4.816,3.114,1.00000,74.342
[SHELL] ccB:47,14969,1,-12.221,-4.877,17.098,38.316,33.986,66.014,35.144,34.888,65.112
[SHELL] ctrlcap v1 armed=0 count=512 clock_hz=550000000 decimation=1
[SHELL] ccA:index,cycles,seq,id,iq,idref,iqref,theta,actangle,age_us,vdreq,vqreq,vd,vq,intd,intq,scale,bus
[SHELL] ccB:index,timer,valid,ia,ib,ic,du,dv,dw,active_u,active_v,active_w
[SHELL] ccA:48,3476973527,209410,-1.172,22.140,0.000,20.000,2.45103,2.55470,16.07,-4.792,14.042,-4.792,14.042,-4.816,3.113,1.00000,74.342
[SHELL] ccB:48,2147519463,1,-13.200,-8.828,22.027,42.362,33.288,66.712,38.316,33.986,66.014
[SHELL] ccA:49,3477075135,209410,-1.172,22.140,0.000,20.000,2.45103,2.67272,200.87,-4.792,14.041,-4.792,14.041,-4.815,3.112,1.00000,74.342
[SHELL] ccB:49,14989,1,-13.200,-8.828,22.027,45.823,32.887,67.113,42.362,33.288,66.712
[SHELL] ccA:50,3477193467,209411,4.311,24.043,0.000,20.000,2.69793,2.80156,15.98,-4.904,14.001,-4.904,14.001,-4.817,3.110,1.00000,74.342
[SHELL] ccB:50,2147519493,1,-14.214,-10.096,24.311,49.906,32.719,67.281,45.823,32.887,67.113
[SHELL] ccA:51,3477295107,209411,4.311,24.043,0.000,20.000,2.69793,2.91549,200.80,-4.906,13.998,-4.906,13.998,-4.820,3.108,1.00000,74.342
[SHELL] ccB:51,14975,1,-14.214,-10.096,24.311,53.315,32.827,67.173,49.906,32.719,67.281
[SHELL] ccA:52,3477413471,209412,4.321,20.780,0.000,20.000,2.95192,3.05556,15.98,-4.908,14.063,-4.908,14.063,-4.822,3.107,1.00000,74.342
[SHELL] ccB:52,2147519491,1,-8.162,-12.887,21.049,57.428,33.187,66.813,53.315,32.827,67.173
[SHELL] ccA:53,3477515135,209412,4.321,20.780,0.000,20.000,2.95192,3.17185,200.84,-4.910,14.063,-4.910,14.063,-4.824,3.107,1.00000,74.342
[SHELL] ccB:53,14989,1,-8.162,-12.887,21.049,60.761,33.798,66.202,57.428,33.187,66.813
[SHELL] ccA:54,3477633483,209413,0.059,18.948,0.000,20.000,3.19599,3.29964,16.05,-4.825,14.100,-4.825,14.100,-4.824,3.108,1.00000,74.342
[SHELL] ccB:54,2147519485,1,0.972,-16.874,15.902,64.092,34.664,65.336,60.761,33.798,66.202
[SHELL] ccA:55,3477735123,209413,0.059,18.948,0.000,20.000,3.19599,3.41684,200.88,-4.825,14.101,-4.825,14.101,-4.824,3.108,1.00000,74.342
[SHELL] ccB:55,14983,1,0.972,-16.874,15.902,65.691,34.309,62.869,64.092,34.664,65.336
[SHELL] ccA:56,3477853491,209414,-2.713,20.374,0.000,20.000,3.45951,3.56314,15.98,-4.768,14.072,-4.768,14.072,-4.823,3.108,1.00000,74.342
[SHELL] ccB:56,2147519481,1,8.945,-20.498,11.553,66.541,33.459,58.829,65.691,34.309,62.869
[SHELL] ccA:57,3477955127,209414,-2.713,20.374,0.000,20.000,3.45951,3.67377,200.82,-4.767,14.072,-4.767,14.072,-4.821,3.108,1.00000,74.342
[SHELL] ccB:57,14985,1,8.945,-20.498,11.553,67.001,32.999,55.614,66.541,33.459,58.829
[SHELL] ccA:58,3478073431,209415,-4.652,21.245,0.000,20.000,3.69858,3.80222,15.98,-4.726,14.054,-4.726,14.054,-4.819,3.107,1.00000,74.342
[SHELL] ccB:58,2147519511,1,15.179,-21.078,5.899,67.239,32.761,51.859,67.001,32.999,55.614
[SHELL] ccA:59,3478175191,209415,-4.652,21.245,0.000,20.000,3.69858,3.92787,200.90,-4.724,14.053,-4.724,14.053,-4.817,3.107,1.00000,74.342
[SHELL] ccB:59,15017,1,15.179,-21.078,5.899,67.236,32.764,48.107,67.239,32.761,51.859
[SHELL] ccA:60,3478293479,209416,-4.232,19.673,0.000,20.000,3.95212,4.05574,16.01,-4.730,14.085,-4.730,14.085,-4.814,3.107,1.00000,74.342
[SHELL] ccB:60,2147519487,1,17.173,-17.671,0.498,66.994,33.006,44.311,67.236,32.764,48.107
[SHELL] ccA:61,3478395103,209416,-4.232,19.673,0.000,20.000,3.95212,4.17161,200.79,-4.728,14.085,-4.728,14.085,-4.812,3.107,1.00000,74.342
[SHELL] ccB:61,14973,1,17.173,-17.671,0.498,66.500,33.500,40.950,66.994,33.006,44.311
[SHELL] ccA:62,3478513455,209417,-4.869,18.771,0.000,20.000,4.20408,4.30771,15.95,-4.713,14.104,-4.713,14.104,-4.810,3.107,1.00000,74.342
[SHELL] ccB:62,2147519499,1,18.767,-13.612,-5.156,65.662,34.338,37.183,66.500,33.500,40.950
[SHELL] ccA:63,3478615119,209417,-4.869,18.771,0.000,20.000,4.20408,4.42171,200.82,-4.710,14.104,-4.710,14.104,-4.807,3.108,1.00000,74.342
[SHELL] ccB:63,14981,1,18.767,-13.612,-5.156,65.268,35.828,34.732,65.662,34.338,37.183
[SHELL] ctrlcap v1 armed=0 count=512 clock_hz=550000000 decimation=1
[SHELL] ccA:index,cycles,seq,id,iq,idref,iqref,theta,actangle,age_us,vdreq,vqreq,vd,vq,intd,intq,scale,bus
[SHELL] ccB:index,timer,valid,ia,ib,ic,du,dv,dw,active_u,active_v,active_w
[SHELL] ccA:64,3478733451,209418,-1.560,20.812,0.000,20.000,4.45068,4.55431,15.95,-4.775,14.063,-4.775,14.063,-4.807,3.108,1.00000,74.342
[SHELL] ccB:64,2147519501,1,20.507,-13.612,-6.895,66.226,39.603,33.774,65.268,35.828,34.732
[SHELL] ccA:65,3478835127,209418,-1.560,20.812,0.000,20.000,4.45068,4.67384,200.91,-4.775,14.063,-4.775,14.063,-4.806,3.107,1.00000,74.342
[SHELL] ccB:65,14985,1,20.507,-13.612,-6.895,66.825,43.028,33.175,66.226,39.603,33.774
[SHELL] ccA:66,3478953447,209419,1.913,22.651,0.000,20.000,4.70974,4.81337,15.95,-4.845,14.024,-4.845,14.024,-4.807,3.106,1.00000,74.342
[SHELL] ccB:66,2147519503,1,22.646,-13.032,-9.614,67.215,47.310,32.785,66.825,43.028,33.175
[SHELL] ccA:67,3479055159,209419,1.913,22.651,0.000,20.000,4.70974,4.92303,200.90,-4.846,14.023,-4.846,14.023,-4.808,3.105,1.00000,74.342
[SHELL] ccB:67,15001,1,22.646,-13.032,-9.614,67.280,50.592,32.720,67.215,47.310,32.785
[SHELL] ccA:68,3479173415,209420,1.873,20.278,0.000,20.000,4.95161,5.05526,15.95,-4.846,14.070,-4.846,14.070,-4.809,3.104,1.00000,74.342
[SHELL] ccB:68,2147519519,1,20.145,-7.487,-12.658,67.139,54.516,32.861,67.280,50.592,32.720
[SHELL] ccA:69,3479275175,209420,1.873,20.278,0.000,20.000,4.95161,5.17355,200.92,-4.847,14.070,-4.847,14.070,-4.810,3.104,1.00000,74.342
[SHELL] ccB:69,15009,1,20.145,-7.487,-12.658,66.711,57.990,33.289,67.139,54.516,32.861
[SHELL] ccA:70,3479393483,209421,-0.220,18.920,0.000,20.000,5.20606,5.30970,16.05,-4.805,14.098,-4.805,14.098,-4.810,3.105,1.00000,74.342
[SHELL] ccB:70,2147519485,1,16.557,-0.347,-16.210,65.966,61.764,34.034,66.711,57.990,33.289
[SHELL] ccA:71,3479495179,209421,-0.220,18.920,0.000,20.000,5.20606,5.42014,200.91,-4.805,14.099,-4.805,14.099,-4.809,3.105,1.00000,74.342
[SHELL] ccB:71,15011,1,16.557,-0.347,-16.210,65.121,64.740,34.879,65.966,61.764,34.034
[SHELL] ccA:72,3479613435,209422,-1.191,19.098,0.000,20.000,5.45281,5.55644,15.95,-4.785,14.095,-4.785,14.095,-4.809,3.106,1.00000,74.342
[SHELL] ccB:72,2147519509,1,13.295,5.271,-18.566,61.681,65.975,34.025,65.121,64.740,34.879
[SHELL] ccA:73,3479715103,209422,-1.191,19.098,0.000,20.000,5.45281,5.67002,200.83,-4.784,14.096,-4.784,14.096,-4.808,3.106,1.00000,74.342
[SHELL] ccB:73,14973,1,13.295,5.271,-18.566,58.472,66.637,33.363,61.681,65.975,34.025
[SHELL] ccA:74,3479833471,209423,-0.834,24.210,0.000,20.000,5.70670,5.81038,16.04,-4.791,13.992,-4.791,13.992,-4.808,3.104,1.00000,74.342
[SHELL] ccB:74,2147519491,1,12.497,11.723,-24.220,54.249,67.053,32.947,58.472,66.637,33.363
[SHELL] ccA:75,3479935099,209423,-0.834,24.210,0.000,20.000,5.70670,5.92315,200.84,-4.791,13.989,-4.791,13.989,-4.807,3.102,1.00000,74.342
[SHELL] ccB:75,14971,1,12.497,11.723,-24.220,50.898,67.218,32.782,54.249,67.053,32.947
[SHELL] ccA:76,3480053407,209424,-1.591,20.194,0.000,20.000,5.95358,6.05721,15.95,-4.775,14.070,-4.775,14.070,-4.807,3.102,1.00000,74.342
[SHELL] ccB:76,2147519523,1,5.031,14.477,-19.508,46.971,67.220,32.780,50.898,67.218,32.782
[SHELL] ccA:77,3480155103,209424,-1.591,20.194,0.000,20.000,5.95358,6.17607,200.83,-4.774,14.070,-4.774,14.070,-4.806,3.102,1.00000,74.342
[SHELL] ccB:77,14973,1,5.031,14.477,-19.508,43.457,66.891,33.109,46.971,67.220,32.780
[SHELL] ccA:78,3480273443,209425,-3.853,18.986,0.000,20.000,6.20711,0.02757,15.96,-4.727,14.094,-4.727,14.094,-4.804,3.102,1.00000,74.342
[SHELL] ccB:78,2147519505,1,-2.399,17.848,-15.449,39.682,66.261,33.739,43.457,66.891,33.109
[SHELL] ccA:79,3480375015,209425,-3.853,18.986,0.000,20.000,6.20711,0.13642,200.87,-4.725,14.095,-4.725,14.095,-4.802,3.103,1.00000,74.342
[SHELL] ccB:79,14929,1,-2.399,17.848,-15.449,36.687,65.518,34.482,39.682,66.261,33.739
[SHELL] ctrlcap v1 armed=0 count=512 clock_hz=550000000 decimation=1
[SHELL] ccA:index,cycles,seq,id,iq,idref,iqref,theta,actangle,age_us,vdreq,vqreq,vd,vq,intd,intq,scale,bus
[SHELL] ccB:index,timer,valid,ia,ib,ic,du,dv,dw,active_u,active_v,active_w
[SHELL] ccA:80,3480493299,209426,-2.582,18.612,0.000,20.000,0.17020,0.27386,15.89,-4.749,14.103,-4.749,14.103,-4.801,3.104,1.00000,74.342
[SHELL] ccB:80,2147519577,1,-5.697,18.355,-12.658,34.379,65.621,36.980,36.687,65.518,34.482
[SHELL] ccA:81,3480595027,209426,-2.582,18.612,0.000,20.000,0.17020,0.39084,200.87,-4.748,14.104,-4.748,14.104,-4.799,3.104,1.00000,74.342
[SHELL] ccB:81,14935,1,-5.697,18.355,-12.658,33.609,66.391,40.224,34.379,65.621,36.980
[SHELL] ccA:82,3480713259,209427,0.136,21.586,0.000,20.000,0.42689,0.53053,15.86,-4.802,14.043,-4.802,14.043,-4.799,3.104,1.00000,74.342
[SHELL] ccB:82,2147519597,1,-8.814,21.472,-12.658,33.013,66.987,44.427,33.609,66.391,40.224
[SHELL] ccA:83,3480815083,209427,0.136,21.586,0.000,20.000,0.42689,0.65052,200.96,-4.802,14.042,-4.802,14.042,-4.800,3.103,1.00000,74.342
[SHELL] ccB:83,14963,1,-8.814,21.472,-12.658,32.750,67.250,47.990,33.013,66.987,44.427
[SHELL] ccA:84,3480933475,209428,2.154,20.298,0.000,20.000,0.68053,0.78416,15.79,-4.844,14.068,-4.844,14.068,-4.801,3.103,1.00000,74.342
[SHELL] ccB:84,2147519489,1,-11.098,20.385,-9.287,32.708,67.292,52.056,32.750,67.250,47.990
[SHELL] ccA:85,3481035283,209428,2.154,20.298,0.000,20.000,0.68053,0.89265,200.85,-4.845,14.068,-4.845,14.068,-4.802,3.102,1.00000,74.342
[SHELL] ccB:85,15063,1,-11.098,20.385,-9.287,32.938,67.062,55.289,32.708,67.292,52.056
[SHELL] ccA:86,3481153731,209429,0.449,19.374,0.000,20.000,0.92726,1.03090,16.22,-4.811,14.087,-4.811,14.087,-4.802,3.103,1.00000,74.342
[SHELL] ccB:86,2147519361,1,-15.229,17.993,-2.764,33.501,66.499,59.242,32.938,67.062,55.289
[SHELL] ccA:87,3481255299,209429,0.449,19.374,0.000,20.000,0.92726,1.14672,200.94,-4.811,14.087,-4.811,14.087,-4.802,3.103,1.00000,74.342
[SHELL] ccB:87,15071,1,-15.229,17.993,-2.764,34.228,65.772,62.483,33.501,66.499,59.242
[SHELL] ccA:88,3481373699,209430,-1.644,18.711,0.000,20.000,1.17096,1.27459,16.17,-4.768,14.101,-4.768,14.101,-4.801,3.104,1.00000,74.342
[SHELL] ccB:88,2147519377,1,-17.875,13.934,3.942,34.730,64.233,65.270,34.228,65.772,62.483
[SHELL] ccA:89,3481475227,209430,-1.644,18.711,0.000,20.000,1.17096,1.39030,200.80,-4.768,14.102,-4.768,14.102,-4.801,3.104,1.00000,74.342
[SHELL] ccB:89,15035,1,-17.875,13.934,3.942,33.884,61.087,66.116,34.730,64.233,65.270
[SHELL] ccA:90,3481593695,209431,-1.040,21.656,0.000,20.000,1.42259,1.52622,16.17,-4.779,14.042,-4.779,14.042,-4.800,3.104,1.00000,74.342
[SHELL] ccB:90,2147519379,1,-21.572,12.665,8.907,33.217,57.118,66.783,33.884,61.087,66.116
[SHELL] ccA:91,3481695255,209431,-1.040,21.656,0.000,20.000,1.42259,1.65012,200.84,-4.779,14.041,-4.779,14.041,-4.799,3.103,1.00000,74.342
[SHELL] ccB:91,15049,1,-21.572,12.665,8.907,32.838,53.471,67.162,33.217,57.118,66.783
[SHELL] ccA:92,3481813703,209432,-2.615,19.248,0.000,20.000,1.67093,1.77457,16.18,-4.746,14.090,-4.746,14.090,-4.798,3.103,1.00000,74.342
[SHELL] ccB:92,2147519375,1,-18.890,5.525,13.365,32.681,49.848,67.319,32.838,53.471,67.162
[SHELL] ccA:93,3481915267,209432,-2.615,19.248,0.000,20.000,1.67093,1.89128,200.89,-4.745,14.090,-4.745,14.090,-4.797,3.103,1.00000,74.342
[SHELL] ccB:93,15055,1,-18.890,5.525,13.365,32.809,46.359,67.191,32.681,49.848,67.319
[SHELL] ccA:94,3482033691,209433,-4.991,17.492,0.000,20.000,1.92736,2.03100,16.23,-4.695,14.126,-4.695,14.126,-4.794,3.105,1.00000,74.342
[SHELL] ccB:94,2147519381,1,-14.649,-2.014,16.663,33.230,42.353,66.770,32.809,46.359,67.191
[SHELL] ccA:95,3482135239,209433,-4.991,17.492,0.000,20.000,1.92736,2.14968,200.88,-4.692,14.128,-4.692,14.128,-4.792,3.106,1.00000,74.342
[SHELL] ccB:95,15041,1,-14.649,-2.014,16.663,33.870,38.972,66.130,33.230,42.353,66.770
[SHELL] ctrlcap v1 armed=0 count=512 clock_hz=550000000 decimation=1
[SHELL] ccA:index,cycles,seq,id,iq,idref,iqref,theta,actangle,age_us,vdreq,vqreq,vd,vq,intd,intq,scale,bus
[SHELL] ccB:index,timer,valid,ia,ib,ic,du,dv,dw,active_u,active_v,active_w
[SHELL] ccA:96,3482253595,209434,-4.166,17.918,0.000,20.000,2.17331,2.27695,16.11,-4.706,14.120,-4.706,14.120,-4.790,3.107,1.00000,74.342
[SHELL] ccB:96,2147519429,1,-12.402,-5.566,17.968,34.820,35.489,65.180,33.870,38.972,66.130
[SHELL] ccA:97,3482355199,209434,-4.166,17.918,0.000,20.000,2.17331,2.38962,200.89,-4.704,14.121,-4.704,14.121,-4.788,3.108,1.00000,74.342
[SHELL] ccB:97,15021,1,-12.402,-5.566,17.968,37.470,34.242,65.758,34.820,35.489,65.180
[SHELL] ccA:98,3482473587,209435,-2.249,21.410,0.000,20.000,2.42710,2.53074,16.13,-4.742,14.051,-4.742,14.051,-4.787,3.107,1.00000,74.342
[SHELL] ccB:98,2147519433,1,-12.330,-9.118,21.447,41.576,33.424,66.576,37.470,34.242,65.758
[SHELL] ccA:99,3482575387,209435,-2.249,21.410,0.000,20.000,2.42710,2.64258,200.81,-4.740,14.050,-4.740,14.050,-4.785,3.107,1.00000,74.342
[SHELL] ccB:99,15115,1,-12.330,-9.118,21.447,44.832,32.986,67.014,41.576,33.424,66.576
[SHELL] ccA:100,3482693183,209436,2.424,23.635,0.000,20.000,2.67120,2.77476,15.97,-4.835,14.004,-4.835,14.004,-4.787,3.105,1.00000,74.342
[SHELL] ccB:100,2147519635,1,-12.873,-10.857,23.731,48.973,32.752,67.248,44.832,32.986,67.014
[SHELL] ccA:101,3482794895,209436,2.424,23.635,0.000,20.000,2.67120,2.89361,200.88,-4.836,14.002,-4.836,14.002,-4.788,3.103,1.00000,74.342
[SHELL] ccB:101,14869,1,-12.873,-10.857,23.731,52.525,32.805,67.195,48.973,32.752,67.248
[SHELL] ccA:102,3482913007,209437,3.917,20.643,0.000,20.000,2.92265,3.02631,15.65,-4.868,14.061,-4.868,14.061,-4.790,3.103,1.00000,74.342
[SHELL] ccB:102,2147519723,1,-8.307,-12.561,20.867,56.494,33.076,66.924,52.525,32.805,67.195
[SHELL] ccA:103,3483014871,209437,3.917,20.643,0.000,20.000,2.92265,3.15078,200.84,-4.870,14.061,-4.870,14.061,-4.792,3.102,1.00000,74.342
[SHELL] ccB:103,14857,1,-8.307,-12.561,20.867,60.087,33.673,66.327,56.494,33.076,66.924
[SHELL] ccA:104,3483132995,209438,0.252,18.421,0.000,20.000,3.16869,3.27232,15.58,-4.797,14.106,-4.797,14.106,-4.792,3.103,1.00000,74.342
[SHELL] ccB:104,2147519729,1,0.247,-16.076,15.830,63.306,34.436,65.564,60.087,33.673,66.327
[SHELL] ccA:105,3483234871,209438,0.252,18.421,0.000,20.000,3.16869,3.39068,200.84,-4.797,14.107,-4.797,14.107,-4.792,3.104,1.00000,74.342
[SHELL] ccB:105,14857,1,0.247,-16.076,15.830,65.473,34.527,63.625,63.306,34.436,65.564
[SHELL] ccA:106,3483353011,209439,-1.583,19.488,0.000,20.000,3.42404,3.52768,15.65,-4.760,14.086,-4.760,14.086,-4.791,3.104,1.00000,74.342
[SHELL] ccB:106,2147519721,1,6.952,-19.302,12.350,66.356,33.644,59.870,65.473,34.527,63.625
[SHELL] ccA:107,3483454867,209439,-1.583,19.488,0.000,20.000,3.42404,3.64116,200.83,-4.759,14.086,-4.759,14.086,-4.790,3.104,1.00000,74.342
[SHELL] ccB:107,14855,1,6.952,-19.302,12.350,66.896,33.104,56.600,66.356,33.644,59.870
[SHELL] ccA:108,3483573003,209440,-1.857,21.744,0.000,20.000,3.67225,3.77589,15.58,-4.752,14.040,-4.752,14.040,-4.790,3.104,1.00000,74.342
[SHELL] ccB:108,2147519725,1,12.606,-21.730,9.124,67.203,32.797,52.584,66.896,33.104,56.600
[SHELL] ccA:109,3483674911,209440,-1.857,21.744,0.000,20.000,3.67225,3.89181,200.90,-4.751,14.039,-4.751,14.039,-4.789,3.103,1.00000,74.342
[SHELL] ccB:109,14877,1,12.606,-21.730,9.124,67.259,32.741,49.122,67.203,32.797,52.584
[SHELL] ccA:110,3483793067,209441,-2.269,19.306,0.000,20.000,3.92064,4.02428,15.75,-4.742,14.088,-4.742,14.088,-4.787,3.103,1.00000,74.342
[SHELL] ccB:110,2147519693,1,15.179,-18.106,2.927,67.095,32.905,45.217,67.259,32.741,49.122
[SHELL] ccA:111,3483894955,209441,-2.269,19.306,0.000,20.000,3.92064,4.12952,200.91,-4.741,14.089,-4.741,14.089,-4.786,3.103,1.00000,74.342
[SHELL] ccB:111,14899,1,15.179,-18.106,2.927,66.711,33.289,42.135,67.095,32.905,45.217
[SHELL] ctrlcap v1 armed=0 count=512 clock_hz=550000000 decimation=1
[SHELL] ccA:index,cycles,seq,id,iq,idref,iqref,theta,actangle,age_us,vdreq,vqreq,vd,vq,intd,intq,scale,bus
[SHELL] ccB:index,timer,valid,ia,ib,ic,du,dv,dw,active_u,active_v,active_w
[SHELL] ccA:112,3484013031,209442,-3.817,18.546,0.000,20.000,4.17113,4.27475,15.59,-4.708,14.105,-4.708,14.105,-4.784,3.104,1.00000,74.342
[SHELL] ccB:112,2147519711,1,17.861,-14.373,-3.488,65.899,34.101,38.092,66.711,33.289,42.135
[SHELL] ccA:113,3484114879,209442,-3.817,18.546,0.000,20.000,4.17113,4.37974,200.84,-4.706,14.105,-4.706,14.105,-4.783,3.105,1.00000,74.342
[SHELL] ccB:113,14861,1,17.861,-14.373,-3.488,65.093,34.907,35.275,65.899,34.101,38.092
[SHELL] ccA:114,3484233031,209443,-0.368,20.050,0.000,20.000,4.42110,4.52473,15.59,-4.775,14.075,-4.775,14.075,-4.782,3.105,1.00000,74.342
[SHELL] ccB:114,2147519711,1,19.311,-14.337,-4.974,66.052,38.759,33.948,65.093,34.907,35.275
[SHELL] ccA:115,3484334935,209443,-0.368,20.050,0.000,20.000,4.42110,4.63387,200.91,-4.775,14.075,-4.775,14.075,-4.782,3.105,1.00000,74.342
[SHELL] ccB:115,14889,1,19.311,-14.337,-4.974,66.663,41.854,33.337,66.052,38.759,33.948
[SHELL] ccA:116,3484453035,209444,1.666,21.992,0.000,20.000,4.67742,4.78106,15.65,-4.816,14.035,-4.816,14.035,-4.783,3.104,1.00000,74.342
[SHELL] ccB:116,2147519709,1,21.921,-13.068,-8.852,67.153,46.286,32.847,66.663,41.854,33.337
[SHELL] ccA:117,3484554903,209444,1.666,21.992,0.000,20.000,4.67742,4.88150,200.84,-4.817,14.034,-4.817,14.034,-4.784,3.103,1.00000,74.342
[SHELL] ccB:117,14873,1,21.921,-13.068,-8.852,67.280,49.286,32.720,67.153,46.286,32.847
[SHELL] ccA:118,3484673027,209445,3.060,18.159,0.000,20.000,4.91192,5.01556,15.65,-4.847,14.112,-4.847,14.112,-4.785,3.104,1.00000,74.342
[SHELL] ccB:118,2147519713,1,18.405,-8.683,-9.722,67.276,53.317,32.724,67.280,49.286,32.720
[SHELL] ccA:119,3484774855,209445,3.060,18.159,0.000,20.000,4.91192,5.13449,200.81,-4.848,14.113,-4.848,14.113,-4.787,3.105,1.00000,74.342
[SHELL] ccB:119,14849,1,18.405,-8.683,-9.722,66.928,56.846,33.072,67.276,53.317,32.724
[SHELL] ccA:120,3484893023,209446,1.977,16.042,0.000,20.000,5.16552,5.26915,15.59,-4.827,14.157,-4.827,14.157,-4.788,3.107,1.00000,74.342
[SHELL] ccB:120,2147519715,1,15.288,-3.101,-12.187,66.297,60.682,33.703,66.928,56.846,33.072
[SHELL] ccA:121,3484994979,209446,1.977,16.042,0.000,20.000,5.16552,5.38592,200.95,-4.828,14.159,-4.828,14.159,-4.789,3.109,1.00000,74.342
[SHELL] ccB:121,14911,1,15.288,-3.101,-12.187,65.469,63.900,34.531,66.297,60.682,33.703
[SHELL] ccA:122,3485113015,209447,-0.473,17.739,0.000,20.000,5.40968,5.51331,15.59,-4.779,14.126,-4.779,14.126,-4.789,3.110,1.00000,74.342
[SHELL] ccB:122,2147519719,1,13.295,3.532,-16.826,62.916,65.691,34.309,65.469,63.900,34.531
[SHELL] ccA:123,3485214935,209447,-0.473,17.739,0.000,20.000,5.40968,5.62610,200.93,-4.779,14.128,-4.779,14.128,-4.788,3.111,1.00000,74.342
[SHELL] ccB:123,14889,1,13.295,3.532,-16.826,59.777,66.431,33.569,62.916,65.691,34.309
[SHELL] ccA:124,3485333023,209448,0.613,21.588,0.000,20.000,5.66328,5.76692,15.61,-4.801,14.050,-4.801,14.050,-4.789,3.110,1.00000,74.342
[SHELL] ccB:124,2147519715,1,13.041,8.388,-21.429,55.569,66.995,33.005,59.777,66.431,33.569
[SHELL] ccA:125,3485434907,209448,0.613,21.588,0.000,20.000,5.66328,5.88014,200.92,-4.801,14.049,-4.801,14.049,-4.789,3.109,1.00000,74.342
[SHELL] ccB:125,14875,1,13.041,8.388,-21.429,52.207,67.248,32.752,55.569,66.995,33.005
[SHELL] ccA:126,3485553027,209449,1.799,20.854,0.000,20.000,5.91228,6.01591,15.61,-4.826,14.063,-4.826,14.063,-4.790,3.109,1.00000,74.342
[SHELL] ccB:126,2147519713,1,9.235,11.650,-20.885,48.103,67.286,32.714,52.207,67.248,32.752
[SHELL] ccA:127,3485654887,209449,1.799,20.854,0.000,20.000,5.91228,6.12715,200.84,-4.827,14.063,-4.827,14.063,-4.791,3.108,1.00000,74.342
[SHELL] ccB:127,14865,1,9.235,11.650,-20.885,44.789,67.057,32.943,48.103,67.286,32.714
[SHELL] ctrlcap v1 armed=0 count=512 clock_hz=550000000 decimation=1
[SHELL] ccA:index,cycles,seq,id,iq,idref,iqref,theta,actangle,age_us,vdreq,vqreq,vd,vq,intd,intq,scale,bus
[SHELL] ccB:index,timer,valid,ia,ib,ic,du,dv,dw,active_u,active_v,active_w
[SHELL] ccA:128,3485773023,209450,-0.551,18.245,0.000,20.000,6.16192,6.26557,15.61,-4.779,14.116,-4.779,14.116,-4.791,3.109,1.00000,74.342
[SHELL] ccB:128,2147519715,1,1.660,14.912,-16.572,40.860,66.539,33.461,44.789,67.057,32.943
[SHELL] ccA:129,3485874987,209450,-0.551,18.245,0.000,20.000,6.16192,0.09923,200.83,-4.779,14.117,-4.779,14.117,-4.790,3.110,1.00000,74.342
[SHELL] ccB:129,14915,1,1.660,14.912,-16.572,37.583,65.812,34.188,40.860,66.539,33.461
[SHELL] ccA:130,3485993247,209451,-0.125,18.750,0.000,20.000,0.12162,0.22528,15.83,-4.788,14.107,-4.788,14.107,-4.790,3.111,1.00000,74.342
[SHELL] ccB:130,2147519603,1,-2.399,17.304,-14.905,34.726,65.274,35.728,37.583,65.812,34.188
[SHELL] ccA:131,3486094979,209451,-0.125,18.750,0.000,20.000,0.12162,0.35446,200.90,-4.788,14.108,-4.788,14.108,-4.790,3.111,1.00000,74.342
[SHELL] ccB:131,14911,1,-2.399,17.304,-14.905,33.792,66.208,39.254,34.726,65.274,35.728
[SHELL] ccA:132,3486213079,209452,0.557,21.611,0.000,20.000,0.37515,0.47881,15.65,-4.802,14.050,-4.802,14.050,-4.790,3.111,1.00000,74.342
[SHELL] ccB:132,2147519687,1,-7.401,21.291,-13.890,33.196,66.804,42.905,33.792,66.208,39.254
[SHELL] ccA:133,3486314895,209452,0.557,21.611,0.000,20.000,0.37515,0.59188,200.82,-4.802,14.049,-4.802,14.049,-4.791,3.110,1.00000,74.342
[SHELL] ccB:133,14869,1,-7.401,21.291,-13.890,32.841,67.159,46.236,33.196,66.804,42.905
[SHELL] ccA:134,3486433035,209453,3.487,22.322,0.000,20.000,0.62476,0.72840,15.58,-4.862,14.034,-4.862,14.034,-4.792,3.109,1.00000,74.342
[SHELL] ccB:134,2147519709,1,-10.228,22.560,-12.332,32.700,67.300,50.441,32.841,67.159,46.236
[SHELL] ccA:135,3486535183,209453,3.487,22.322,0.000,20.000,0.62476,0.84113,200.86,-4.864,14.033,-4.864,14.033,-4.794,3.107,1.00000,74.342
[SHELL] ccB:135,15013,1,-10.228,22.560,-12.332,32.840,67.160,53.813,32.700,67.300,50.441
[SHELL] ccA:136,3486653547,209454,5.818,20.991,0.000,20.000,0.88626,0.98992,16.07,-4.913,14.059,-4.913,14.059,-4.797,3.107,1.00000,74.342
[SHELL] ccB:136,2147519453,1,-12.584,21.690,-9.106,33.322,66.678,58.274,32.840,67.160,53.813
[SHELL] ccA:137,3486755115,209454,5.818,20.991,0.000,20.000,0.88626,1.09287,200.82,-4.916,14.058,-4.916,14.058,-4.800,3.106,1.00000,74.342
[SHELL] ccB:137,14979,1,-12.584,21.690,-9.106,33.902,66.098,61.204,33.322,66.678,58.274
[SHELL] ccA:138,3486873495,209455,1.393,18.899,0.000,20.000,1.12222,1.22615,16.02,-4.829,14.131,-4.829,14.131,-4.801,3.107,1.00000,74.342
[SHELL] ccB:138,2147519479,1,-16.425,16.398,0.027,34.803,65.197,64.662,33.902,66.098,61.204
[SHELL] ccA:139,3486975115,209455,1.393,18.899,0.000,20.000,1.12222,1.34214,200.86,-4.829,14.131,-4.829,14.131,-4.801,3.108,1.00000,74.342
[SHELL] ccB:139,14979,1,-16.425,16.398,0.027,34.136,62.368,65.864,34.803,65.197,64.662
[SHELL] ccA:140,3487093423,209456,0.674,21.231,0.000,20.000,1.36921,1.47313,15.95,-4.815,14.084,-4.815,14.084,-4.802,3.107,1.00000,74.342
[SHELL] ccB:140,2147519515,1,-20.666,14.586,6.080,33.394,58.641,66.606,34.136,62.368,65.864
[SHELL] ccA:141,3487195167,209456,0.674,21.231,0.000,20.000,1.36921,1.58966,200.89,-4.816,14.084,-4.816,14.084,-4.802,3.106,1.00000,74.342
[SHELL] ccB:141,15005,1,-20.666,14.586,6.080,32.927,55.237,67.073,33.394,58.641,66.606
[SHELL] ccA:142,3487313527,209457,1.584,21.554,0.000,20.000,1.62415,1.72807,16.02,-4.835,14.076,-4.835,14.076,-4.803,3.106,1.00000,74.342
[SHELL] ccB:142,2147519463,1,-21.608,11.179,10.429,32.673,51.066,67.327,32.927,55.237,67.073
[SHELL] ccA:143,3487415159,209457,1.584,21.554,0.000,20.000,1.62415,1.83403,200.82,-4.835,14.076,-4.835,14.076,-4.804,3.105,1.00000,74.342
[SHELL] ccB:143,15001,1,-21.608,11.179,10.429,32.706,47.884,67.294,32.673,51.066,67.327
[SHELL] ctrlcap v1 armed=0 count=512 clock_hz=550000000 decimation=1
[SHELL] ccA:index,cycles,seq,id,iq,idref,iqref,theta,actangle,age_us,vdreq,vqreq,vd,vq,intd,intq,scale,bus
[SHELL] ccB:index,timer,valid,ia,ib,ic,du,dv,dw,active_u,active_v,active_w
[SHELL] ccA:144,3487533535,209458,0.739,20.461,0.000,20.000,1.87193,1.97585,16.03,-4.819,14.097,-4.819,14.097,-4.804,3.105,1.00000,74.342
[SHELL] ccB:144,2147519459,1,-19.760,5.235,14.525,33.029,43.709,66.971,32.706,47.884,67.294
[SHELL] ccA:145,3487635135,209458,0.739,20.461,0.000,20.000,1.87193,2.08888,200.84,-4.819,14.097,-4.819,14.097,-4.804,3.104,1.00000,74.342
[SHELL] ccB:145,14989,1,-19.760,5.235,14.525,33.547,40.433,66.453,33.029,43.709,66.971
[SHELL] ccA:146,3487753487,209459,0.411,18.639,0.000,20.000,2.12142,2.22536,15.99,-4.813,14.134,-4.813,14.134,-4.805,3.105,1.00000,74.342
[SHELL] ccB:146,2147519483,1,-16.099,-0.093,16.192,34.408,36.648,65.592,33.547,40.433,66.453
[SHELL] ccA:147,3487855183,209459,0.411,18.639,0.000,20.000,2.12142,2.34022,200.91,-4.813,14.135,-4.813,14.135,-4.805,3.106,1.00000,74.342
[SHELL] ccB:147,15013,1,-16.099,-0.093,16.192,36.270,34.517,65.483,34.408,36.648,65.592
[SHELL] ccA:148,3487973375,209460,3.136,22.891,0.000,20.000,2.37311,2.47704,15.94,-4.869,14.048,-4.869,14.048,-4.806,3.104,1.00000,74.342
[SHELL] ccB:148,2147519539,1,-18.165,-3.282,21.447,40.253,33.619,66.381,36.270,34.517,65.483
[SHELL] ccA:149,3488075163,209460,3.136,22.891,0.000,20.000,2.37311,2.59094,200.97,-4.871,14.047,-4.871,14.047,-4.808,3.103,1.00000,74.342
[SHELL] ccB:149,15003,1,-18.165,-3.282,21.447,43.545,33.086,66.914,40.253,33.619,66.381
[SHELL] ccA:150,3488193375,209461,7.372,26.776,0.000,20.000,2.61304,2.71697,15.93,-4.959,13.966,-4.959,13.966,-4.812,3.099,1.00000,74.342
[SHELL] ccB:150,2147519539,1,-19.869,-6.870,26.739,47.508,32.796,67.204,43.545,33.086,66.914
[SHELL] ccA:151,3488295111,209461,7.372,26.776,0.000,20.000,2.61304,2.83906,200.93,-4.963,13.962,-4.963,13.962,-4.815,3.096,1.00000,74.342
[SHELL] ccB:151,14977,1,-19.869,-6.870,26.739,51.165,32.751,67.249,47.508,32.796,67.204
[SHELL] ccA:152,3488413423,209462,12.886,24.109,0.000,20.000,2.86957,2.97347,15.93,-5.079,14.014,-5.079,14.014,-4.822,3.094,1.00000,74.342
[SHELL] ccB:152,2147519515,1,-18.890,-7.668,26.558,55.373,32.915,67.085,51.165,32.751,67.249
[SHELL] ccA:153,3488515083,209462,12.886,24.109,0.000,20.000,2.86957,3.09617,200.81,-5.086,14.012,-5.086,14.012,-4.828,3.092,1.00000,74.342
[SHELL] ccB:153,14963,1,-18.890,-7.668,26.558,58.968,33.425,66.575,55.373,32.915,67.085
[SHELL] ccA:154,3488633403,209463,8.457,20.555,0.000,20.000,3.11524,3.21916,15.93,-5.002,14.082,-5.002,14.082,-4.832,3.092,1.00000,74.342
[SHELL] ccB:154,2147519525,1,-8.995,-13.104,22.100,62.263,34.096,65.904,58.968,33.425,66.575
[SHELL] ccA:155,3488735079,209463,8.457,20.555,0.000,20.000,3.11524,3.34783,200.85,-5.006,14.082,-5.006,14.082,-4.837,3.091,1.00000,74.342
[SHELL] ccB:155,14961,1,-8.995,-13.104,22.100,65.284,34.716,64.442,62.263,34.096,65.904
[SHELL] ccA:156,3488853443,209464,3.990,19.617,0.000,20.000,3.36908,3.47305,16.02,-4.918,14.101,-4.918,14.101,-4.839,3.092,1.00000,74.342
[SHELL] ccB:156,2147519505,1,0.537,-17.599,17.062,66.155,33.845,61.181,65.284,34.716,64.442
[SHELL] ccA:157,3488955059,209464,3.990,19.617,0.000,20.000,3.36908,3.59063,200.85,-4.920,14.101,-4.920,14.101,-4.841,3.092,1.00000,74.342
[SHELL] ccB:157,14951,1,0.537,-17.599,17.062,66.803,33.197,57.818,66.155,33.845,61.181
[SHELL] ccA:158,3489073459,209465,2.193,22.567,0.000,20.000,3.62324,3.72719,16.02,-4.886,14.041,-4.886,14.041,-4.842,3.090,1.00000,74.342
[SHELL] ccB:158,2147519497,1,8.510,-22.455,13.945,67.180,32.820,53.792,66.803,33.197,57.818
[SHELL] ccA:159,3489175087,209465,2.193,22.567,0.000,20.000,3.62324,3.84798,200.81,-4.887,14.040,-4.887,14.040,-4.843,3.089,1.00000,74.342
[SHELL] ccB:159,14965,1,8.510,-22.455,13.945,67.317,32.683,50.176,67.180,32.820,53.792
[SHELL] ctrlcap v1 armed=0 count=512 clock_hz=550000000 decimation=1
[SHELL] ccA:index,cycles,seq,id,iq,idref,iqref,theta,actangle,age_us,vdreq,vqreq,vd,vq,intd,intq,scale,bus
[SHELL] ccB:index,timer,valid,ia,ib,ic,du,dv,dw,active_u,active_v,active_w
[SHELL] ccA:160,3489293455,209466,3.383,19.939,0.000,20.000,3.87264,3.97659,15.94,-4.912,14.092,-4.912,14.092,-4.844,3.089,1.00000,74.342
[SHELL] ccB:160,2147519499,1,10.794,-20.208,9.414,67.253,32.747,46.300,67.317,32.683,50.176
[SHELL] ccA:161,3489395119,209466,3.383,19.939,0.000,20.000,3.87264,4.09427,200.88,-4.914,14.092,-4.914,14.092,-4.846,3.089,1.00000,74.342
[SHELL] ccB:161,14981,1,10.794,-20.208,9.414,66.883,33.117,42.813,67.253,32.747,46.300
[SHELL] ccA:162,3489513479,209467,1.792,18.315,0.000,20.000,4.12059,4.22452,16.06,-4.883,14.126,-4.883,14.126,-4.847,3.090,1.00000,74.342
[SHELL] ccB:162,2147519487,1,14.201,-17.236,3.036,66.242,33.758,39.136,66.883,33.117,42.813
[SHELL] ccA:163,3489615131,209467,1.792,18.315,0.000,20.000,4.12059,4.34642,200.91,-4.884,14.127,-4.884,14.127,-4.848,3.091,1.00000,74.342
[SHELL] ccB:163,14987,1,14.201,-17.236,3.036,65.359,34.641,35.794,66.242,33.758,39.136
[SHELL] ccA:164,3489733423,209468,2.392,19.443,0.000,20.000,4.37278,4.47671,15.96,-4.897,14.104,-4.897,14.104,-4.849,3.091,1.00000,74.342
[SHELL] ccB:164,2147519515,1,17.535,-16.330,-1.205,65.845,37.576,34.155,65.359,34.641,35.794
[SHELL] ccA:165,3489835071,209468,2.392,19.443,0.000,20.000,4.37278,4.59498,200.84,-4.898,14.105,-4.898,14.105,-4.850,3.091,1.00000,74.342
[SHELL] ccB:165,14957,1,17.535,-16.330,-1.205,66.581,40.903,33.419,65.845,37.576,34.155
[SHELL] ccA:166,3489953427,209469,4.244,20.556,0.000,20.000,4.61925,4.72318,15.96,-4.937,14.082,-4.937,14.082,-4.852,3.091,1.00000,74.342
[SHELL] ccB:166,2147519513,1,20.072,-15.352,-4.721,67.116,44.740,32.884,66.581,40.903,33.419
[SHELL] ccA:167,3490055107,209469,4.244,20.556,0.000,20.000,4.61925,4.85115,200.85,-4.939,14.082,-4.939,14.082,-4.855,3.091,1.00000,74.342
[SHELL] ccB:167,14975,1,20.072,-15.352,-4.721,67.364,48.571,32.636,67.116,44.740,32.884
[SHELL] ccA:168,3490173351,209470,8.579,18.751,0.000,20.000,4.88151,4.98542,15.89,-5.030,14.118,-5.030,14.118,-4.859,3.092,1.00000,74.342
[SHELL] ccB:168,2147519551,1,19.927,-14.554,-5.373,67.386,52.770,32.614,67.364,48.571,32.636
[SHELL] ccA:169,3490275139,209470,8.579,18.751,0.000,20.000,4.88151,5.09922,200.91,-5.035,14.119,-5.035,14.119,-4.863,3.092,1.00000,74.342
[SHELL] ccB:169,14991,1,19.927,-14.554,-5.373,67.094,56.180,32.906,67.386,52.770,32.614
[SHELL] ccA:170,3490393395,209471,5.199,16.949,0.000,20.000,5.12678,5.23070,15.91,-4.970,14.157,-4.970,14.157,-4.866,3.094,1.00000,74.342
[SHELL] ccB:170,2147519529,1,17.608,-7.015,-10.592,66.522,59.876,33.478,67.094,56.180,32.906
[SHELL] ccA:171,3490495087,209471,5.199,16.949,0.000,20.000,5.12678,5.35428,200.85,-4.972,14.158,-4.972,14.158,-4.868,3.095,1.00000,74.342
[SHELL] ccB:171,14965,1,17.608,-7.015,-10.592,65.694,63.334,34.306,66.522,59.876,33.478
[SHELL] ccA:172,3490613423,209472,0.405,18.134,0.000,20.000,5.36327,5.46720,15.96,-4.877,14.135,-4.877,14.135,-4.869,3.096,1.00000,74.342
[SHELL] ccB:172,2147519515,1,14.672,1.901,-16.572,64.033,65.420,34.580,65.694,63.334,34.306
[SHELL] ccA:173,3490715055,209472,0.405,18.134,0.000,20.000,5.36327,5.60887,200.81,-4.877,14.136,-4.877,14.136,-4.869,3.097,1.00000,74.342
[SHELL] ccB:173,14949,1,14.672,1.901,-16.572,60.122,66.411,33.589,64.033,65.420,34.580
[SHELL] ccA:174,3490833395,209473,1.249,24.059,0.000,20.000,5.63389,5.73781,15.89,-4.894,14.016,-4.894,14.016,-4.869,3.095,1.00000,74.342
[SHELL] ccB:174,2147519529,1,15.542,8.171,-23.712,56.227,66.916,33.084,60.122,66.411,33.589
[SHELL] ccA:175,3490935087,209473,1.249,24.059,0.000,20.000,5.63389,5.85323,200.90,-4.895,14.014,-4.895,14.014,-4.870,3.093,1.00000,74.342
[SHELL] ccB:175,14965,1,15.542,8.171,-23.712,52.808,67.216,32.784,56.227,66.916,33.084
[SHELL] ctrlcap v1 armed=0 count=512 clock_hz=550000000 decimation=1
[SHELL] ccA:index,cycles,seq,id,iq,idref,iqref,theta,actangle,age_us,vdreq,vqreq,vd,vq,intd,intq,scale,bus
[SHELL] ccB:index,timer,valid,ia,ib,ic,du,dv,dw,active_u,active_v,active_w
[SHELL] ccA:176,3491053371,209474,1.420,21.229,0.000,20.000,5.87818,5.98210,15.89,-4.899,14.070,-4.899,14.070,-4.871,3.092,1.00000,74.782
[SHELL] ccB:176,2147519541,1,9.670,11.578,-21.248,48.984,67.243,32.757,52.808,67.216,32.784
[SHELL] ccA:177,3491155155,209474,1.420,21.229,0.000,20.000,5.87818,6.10582,200.95,-4.900,14.069,-4.900,14.069,-4.871,3.092,1.00000,74.782
[SHELL] ccB:177,14999,1,9.670,11.578,-21.248,45.305,67.039,32.961,48.984,67.243,32.757
[SHELL] ccA:178,3491273339,209475,0.458,17.981,0.000,20.000,6.12870,6.23262,15.89,-4.881,14.135,-4.881,14.135,-4.872,3.093,1.00000,74.342
[SHELL] ccB:178,2147519557,1,3.219,13.716,-16.935,41.606,66.733,33.267,45.305,67.039,32.961
[SHELL] ccA:179,3491375063,209475,0.458,17.981,0.000,20.000,6.12870,0.07558,200.90,-4.881,14.136,-4.881,14.136,-4.872,3.094,1.00000,74.342
[SHELL] ccB:179,14953,1,3.219,13.716,-16.935,38.026,65.991,34.009,41.606,66.733,33.267
[SHELL] ccA:180,3491493291,209476,-1.809,17.031,0.000,20.000,0.09701,0.20093,15.88,-4.835,14.157,-4.835,14.157,-4.871,3.095,1.00000,74.342
[SHELL] ccB:180,2147519581,1,-3.450,16.253,-12.803,34.852,65.148,35.077,38.026,65.991,34.009
[SHELL] ccA:181,3491594955,209476,-1.809,17.031,0.000,20.000,0.09701,0.32324,200.80,-4.834,14.158,-4.834,14.158,-4.870,3.097,1.00000,74.342
[SHELL] ccB:181,14899,1,-3.450,16.253,-12.803,33.914,66.086,38.386,34.852,65.148,35.077
[SHELL] ccA:182,3491713187,209477,-0.496,21.304,0.000,20.000,0.35143,0.45538,15.77,-4.860,14.072,-4.860,14.072,-4.870,3.096,1.00000,74.342
[SHELL] ccB:182,2147519633,1,-7.799,21.074,-13.274,33.237,66.763,42.299,33.914,66.086,38.386
[SHELL] ccA:183,3491814939,209477,-0.496,21.304,0.000,20.000,0.35143,0.57308,200.83,-4.860,14.071,-4.860,14.071,-4.870,3.096,1.00000,74.342
[SHELL] ccB:183,14891,1,-7.799,21.074,-13.274,32.831,67.169,45.761,33.237,66.763,42.299
[SHELL] ccA:184,3491933147,209478,3.146,22.539,0.000,20.000,0.59415,0.69811,15.74,-4.934,14.045,-4.934,14.045,-4.871,3.094,1.00000,74.342
[SHELL] ccB:184,2147519653,1,-10.010,22.705,-12.694,32.659,67.341,49.662,32.831,67.169,45.761
[SHELL] ccA:185,3492035179,209478,3.146,22.539,0.000,20.000,0.59415,0.81879,200.81,-4.936,14.044,-4.936,14.044,-4.873,3.093,1.00000,74.342
[SHELL] ccB:185,15011,1,-10.010,22.705,-12.694,32.763,67.237,53.284,32.659,67.341,49.662
[SHELL] ccA:186,3492153595,209479,4.946,20.934,0.000,20.000,0.85690,0.96081,16.08,-4.974,14.076,-4.974,14.076,-4.875,3.092,1.00000,74.342
[SHELL] ccB:186,2147519429,1,-12.584,21.400,-8.816,33.164,66.836,57.549,32.763,67.237,53.284
[SHELL] ccA:187,3492255179,209479,4.946,20.934,0.000,20.000,0.85690,1.07828,200.86,-4.977,14.075,-4.977,14.075,-4.878,3.092,1.00000,74.342
[SHELL] ccB:187,15011,1,-12.584,21.400,-8.816,33.792,66.208,60.919,33.164,66.836,57.549
[SHELL] ccA:188,3492373543,209480,1.510,18.851,0.000,20.000,1.10942,1.21337,16.09,-4.909,14.117,-4.909,14.117,-4.878,3.093,1.00000,74.342
[SHELL] ccB:188,2147519455,1,-16.208,16.543,-0.335,34.727,65.273,64.479,33.792,66.208,60.919
[SHELL] ccA:189,3492475147,209480,1.510,18.851,0.000,20.000,1.10942,1.33068,200.83,-4.909,14.118,-4.909,14.118,-4.879,3.093,1.00000,74.342
[SHELL] ccB:189,14995,1,-16.208,16.543,-0.335,34.166,62.547,65.834,34.727,65.273,64.479
[SHELL] ccA:190,3492593519,209481,-1.522,21.444,0.000,20.000,1.33599,1.43992,16.02,-4.848,14.065,-4.848,14.065,-4.878,3.092,1.00000,74.342
[SHELL] ccB:190,2147519467,1,-21.210,13.644,7.566,33.563,59.516,66.437,34.166,62.547,65.834
[SHELL] ccA:191,3492695227,209481,-1.522,21.444,0.000,20.000,1.33599,1.58069,200.95,-4.847,14.065,-4.847,14.065,-4.878,3.092,1.00000,74.342
[SHELL] ccB:191,15035,1,-21.210,13.644,7.566,32.956,55.427,67.044,33.563,59.516,66.437
[SHELL] ctrlcap v1 armed=0 count=512 clock_hz=550000000 decimation=1
[SHELL] ccA:index,cycles,seq,id,iq,idref,iqref,theta,actangle,age_us,vdreq,vqreq,vd,vq,intd,intq,scale,bus
[SHELL] ccB:index,timer,valid,ia,ib,ic,du,dv,dw,active_u,active_v,active_w
[SHELL] ccA:192,3492813503,209482,1.278,21.902,0.000,20.000,1.60840,1.71232,16.02,-4.904,14.055,-4.904,14.055,-4.878,3.091,1.00000,74.342
[SHELL] ccB:192,2147519475,1,-21.934,11.360,10.574,32.678,51.392,67.322,32.956,55.427,67.044
[SHELL] ccA:193,3492915199,209482,1.278,21.902,0.000,20.000,1.60840,1.83272,200.91,-4.905,14.054,-4.905,14.054,-4.879,3.090,1.00000,74.342
[SHELL] ccB:193,15021,1,-21.934,11.360,10.574,32.708,47.777,67.292,32.678,51.392,67.322
[SHELL] ccA:194,3493033563,209483,-0.838,19.560,0.000,20.000,1.85699,1.96092,16.09,-4.862,14.101,-4.862,14.101,-4.879,3.090,1.00000,74.342
[SHELL] ccB:194,2147519445,1,-18.527,3.785,14.742,32.966,44.064,67.034,32.708,47.777,67.292
[SHELL] ccA:195,3493135147,209483,-0.838,19.560,0.000,20.000,1.85699,2.08519,200.85,-4.861,14.101,-4.861,14.101,-4.878,3.090,1.00000,74.342
[SHELL] ccB:195,14995,1,-18.527,3.785,14.742,33.522,40.454,66.478,32.966,44.064,67.034
[SHELL] ccA:196,3493253483,209484,-3.666,19.102,0.000,20.000,2.11037,2.21428,15.97,-4.803,14.111,-4.803,14.111,-4.876,3.091,1.00000,74.342
[SHELL] ccB:196,2147519485,1,-14.504,-3.971,18.475,34.349,36.973,65.651,33.522,40.454,66.478
[SHELL] ccA:197,3493355147,209484,-3.666,19.102,0.000,20.000,2.11037,2.33348,200.83,-4.801,14.111,-4.801,14.111,-4.874,3.091,1.00000,74.342
[SHELL] ccB:197,14995,1,-14.504,-3.971,18.475,36.108,34.600,65.400,34.349,36.973,65.651
[SHELL] ccA:198,3493473387,209485,-0.915,22.651,0.000,20.000,2.36024,2.46417,15.93,-4.856,14.039,-4.856,14.039,-4.874,3.090,1.00000,74.342
[SHELL] ccB:198,2147519533,1,-15.302,-6.834,22.136,39.880,33.712,66.288,36.108,34.600,65.400
[SHELL] ccA:199,3493575103,209485,-0.915,22.651,0.000,20.000,2.36024,2.58925,200.89,-4.855,14.037,-4.855,14.037,-4.874,3.089,1.00000,74.342
[SHELL] ccB:199,14973,1,-15.302,-6.834,22.136,43.479,33.112,66.888,39.880,33.712,66.288
[SHELL] ccA:200,3493693391,209486,3.420,24.749,0.000,20.000,2.60683,2.71074,15.91,-4.944,13.993,-4.944,13.993,-4.875,3.086,1.00000,74.342
[SHELL] ccB:200,2147519531,1,-15.555,-9.154,24.709,47.272,32.784,67.216,43.479,33.112,66.888
[SHELL] ccA:201,3493795083,209486,3.420,24.749,0.000,20.000,2.60683,2.83513,200.84,-4.945,13.991,-4.945,13.991,-4.877,3.084,1.00000,74.342
[SHELL] ccB:201,14963,1,-15.555,-9.154,24.709,50.997,32.723,67.277,47.272,32.784,67.216
[SHELL] ccA:202,3493913407,209487,7.081,22.613,0.000,20.000,2.86526,2.96919,15.93,-5.022,14.032,-5.022,14.032,-4.881,3.082,1.00000,74.342
[SHELL] ccB:202,2147519523,1,-12.982,-10.676,23.658,55.126,32.892,67.108,50.997,32.723,67.277
[SHELL] ccA:203,3494015119,209487,7.081,22.613,0.000,20.000,2.86526,3.09425,200.91,-5.026,14.031,-5.026,14.031,-4.884,3.081,1.00000,74.342
[SHELL] ccB:203,14981,1,-12.982,-10.676,23.658,58.789,33.396,66.604,55.126,32.892,67.108
[SHELL] ccA:204,3494133395,209488,1.693,18.168,0.000,20.000,3.11067,3.21458,15.91,-4.919,14.121,-4.919,14.121,-4.885,3.082,1.00000,74.342
[SHELL] ccB:204,2147519529,1,-2.254,-14.554,16.808,61.976,34.012,65.988,58.789,33.396,66.604
[SHELL] ccA:205,3494235151,209488,1.693,18.168,0.000,20.000,3.11067,3.34219,200.92,-4.920,14.121,-4.920,14.121,-4.886,3.083,1.00000,74.342
[SHELL] ccB:205,14997,1,-2.254,-14.554,16.808,65.192,34.808,64.766,61.976,34.012,65.988
[SHELL] ccA:206,3494353431,209489,0.221,18.827,0.000,20.000,3.37221,3.47613,15.91,-4.890,14.109,-4.890,14.109,-4.886,3.084,1.00000,74.342
[SHELL] ccB:206,2147519511,1,4.089,-17.961,13.872,66.161,33.839,61.148,65.192,34.808,64.766
[SHELL] ccA:207,3494455143,209489,0.221,18.827,0.000,20.000,3.37221,3.60119,200.87,-4.890,14.109,-4.890,14.109,-4.886,3.084,1.00000,74.342
[SHELL] ccB:207,14993,1,4.089,-17.961,13.872,66.838,33.162,57.570,66.161,33.839,61.148
[SHELL] ctrlcap v1 armed=0 count=512 clock_hz=550000000 decimation=1
[SHELL] ccA:index,cycles,seq,id,iq,idref,iqref,theta,actangle,age_us,vdreq,vqreq,vd,vq,intd,intq,scale,bus
[SHELL] ccB:index,timer,valid,ia,ib,ic,du,dv,dw,active_u,active_v,active_w
[SHELL] ccA:208,3494573535,209490,-1.555,21.971,0.000,20.000,3.61739,3.72134,16.08,-4.854,14.046,-4.854,14.046,-4.885,3.083,1.00000,74.342
[SHELL] ccB:208,2147519459,1,11.446,-22.020,10.574,67.155,32.845,54.027,66.838,33.162,57.570
[SHELL] ccA:209,3494675139,209490,-1.555,21.971,0.000,20.000,3.61739,3.84159,200.83,-4.853,14.045,-4.853,14.045,-4.884,3.082,1.00000,74.342
[SHELL] ccB:209,14991,1,11.446,-22.020,10.574,67.308,32.692,50.434,67.155,32.845,54.027
[SHELL] ccA:210,3494793551,209491,-2.567,19.158,0.000,20.000,3.87315,3.97710,16.06,-4.832,14.101,-4.832,14.101,-4.883,3.083,1.00000,74.342
[SHELL] ccB:210,2147519451,1,14.708,-18.215,3.507,67.243,32.757,46.447,67.308,32.692,50.434
[SHELL] ccA:211,3494895143,209491,-2.567,19.158,0.000,20.000,3.87315,4.09894,200.86,-4.831,14.102,-4.831,14.102,-4.882,3.083,1.00000,74.342
[SHELL] ccB:211,14993,1,14.708,-18.215,3.507,66.866,33.134,42.846,67.243,32.757,46.447
[SHELL] ccA:212,3495013459,209492,-3.835,18.691,0.000,20.000,4.11449,4.21842,15.96,-4.803,14.112,-4.803,14.112,-4.880,3.084,1.00000,74.342
[SHELL] ccB:212,2147519497,1,17.608,-15.170,-2.437,66.266,33.734,39.469,66.866,33.134,42.846
[SHELL] ccA:213,3495115111,209492,-3.835,18.691,0.000,20.000,4.11449,4.33628,200.86,-4.801,14.112,-4.801,14.112,-4.878,3.084,1.00000,74.342
[SHELL] ccB:213,14977,1,17.608,-15.170,-2.437,65.439,34.561,36.233,66.266,33.734,39.469
[SHELL] ccA:214,3495233455,209493,-1.066,19.780,0.000,20.000,4.37559,4.47952,15.96,-4.856,14.091,-4.856,14.091,-4.877,3.084,1.00000,74.342
[SHELL] ccB:214,2147519499,1,19.021,-14.300,-4.721,65.821,37.612,34.179,65.439,34.561,36.233
[SHELL] ccA:215,3495335147,209493,-1.066,19.780,0.000,20.000,4.37559,4.60256,200.86,-4.856,14.091,-4.856,14.091,-4.877,3.085,1.00000,74.342
[SHELL] ccB:215,14995,1,19.021,-14.300,-4.721,66.578,41.068,33.422,65.821,37.612,34.179
[SHELL] ccA:216,3495453519,209494,1.126,22.188,0.000,20.000,4.62102,4.72498,16.05,-4.900,14.042,-4.900,14.042,-4.878,3.083,1.00000,74.342
[SHELL] ccB:216,2147519467,1,21.993,-13.721,-8.273,67.059,44.768,32.941,66.578,41.068,33.422
[SHELL] ccA:217,3495555171,209494,1.126,22.188,0.000,20.000,4.62102,4.84791,200.91,-4.901,14.040,-4.901,14.040,-4.878,3.082,1.00000,74.342
[SHELL] ccB:217,15007,1,21.993,-13.721,-8.273,67.300,48.433,32.700,67.059,44.768,32.941
[SHELL] ccA:218,3495673459,209495,2.364,18.596,0.000,20.000,4.87867,4.98259,15.96,-4.927,14.113,-4.927,14.113,-4.879,3.083,1.00000,74.342
[SHELL] ccB:218,2147519497,1,18.731,-8.719,-10.012,67.354,52.484,32.646,67.300,48.433,32.700
[SHELL] ccA:219,3495775163,209495,2.364,18.596,0.000,20.000,4.87867,5.10504,200.89,-4.928,14.114,-4.928,14.114,-4.880,3.084,1.00000,74.342
[SHELL] ccB:219,15003,1,18.731,-8.719,-10.012,67.050,56.139,32.950,67.354,52.484,32.646
[SHELL] ccA:220,3495893471,209496,0.252,17.711,0.000,20.000,5.11770,5.22162,15.96,-4.886,14.133,-4.886,14.133,-4.881,3.085,1.00000,74.342
[SHELL] ccB:220,2147519491,1,16.375,-2.340,-14.035,66.543,59.447,33.457,67.050,56.139,32.950
[SHELL] ccA:221,3495995175,209496,0.252,17.711,0.000,20.000,5.11770,5.35115,200.89,-4.886,14.134,-4.886,14.134,-4.881,3.086,1.00000,74.342
[SHELL] ccB:221,15009,1,16.375,-2.340,-14.035,65.702,63.070,34.298,66.543,59.447,33.457
[SHELL] ccA:222,3496113487,209497,-0.162,17.686,0.000,20.000,5.38204,5.48596,16.05,-4.877,14.135,-4.877,14.135,-4.881,3.087,1.00000,74.342
[SHELL] ccB:222,2147519483,1,13.766,2.734,-16.500,63.529,65.570,34.430,65.702,63.070,34.298
[SHELL] ccA:223,3496215143,209497,-0.162,17.686,0.000,20.000,5.38204,5.59987,200.87,-4.877,14.137,-4.877,14.137,-4.881,3.088,1.00000,74.342
[SHELL] ccB:223,14993,1,13.766,2.734,-16.500,60.377,66.358,33.642,63.529,65.570,34.430
[SHELL] ctrlcap v1 armed=0 count=512 clock_hz=550000000 decimation=1
[SHELL] ccA:index,cycles,seq,id,iq,idref,iqref,theta,actangle,age_us,vdreq,vqreq,vd,vq,intd,intq,scale,bus
[SHELL] ccB:index,timer,valid,ia,ib,ic,du,dv,dw,active_u,active_v,active_w
[SHELL] ccA:224,3496333451,209498,-2.171,22.460,0.000,20.000,5.63041,5.73432,15.96,-4.836,14.040,-4.836,14.040,-4.879,3.087,1.00000,74.342
[SHELL] ccB:224,2147519501,1,11.917,10.635,-22.553,56.455,66.892,33.108,60.377,66.358,33.642
[SHELL] ccA:225,3496435119,209498,-2.171,22.460,0.000,20.000,5.63041,5.85880,200.81,-4.835,14.039,-4.835,14.039,-4.878,3.086,1.00000,74.342
[SHELL] ccB:225,14981,1,11.917,10.635,-22.553,52.773,67.222,32.778,56.455,66.892,33.108
[SHELL] ccA:226,3496553439,209499,-2.013,20.547,0.000,20.000,5.87914,5.98306,15.96,-4.837,14.077,-4.837,14.077,-4.877,3.086,1.00000,74.342
[SHELL] ccB:226,2147519507,1,6.227,13.934,-20.161,49.073,67.331,32.669,52.773,67.222,32.778
[SHELL] ccA:227,3496655131,209499,-2.013,20.547,0.000,20.000,5.87914,6.10323,200.89,-4.836,14.076,-4.836,14.076,-4.876,3.085,1.00000,74.342
[SHELL] ccB:227,14987,1,6.227,13.934,-20.161,45.483,67.141,32.859,49.073,67.331,32.669
[SHELL] ccA:228,3496773419,209500,-4.473,18.611,0.000,20.000,6.12917,6.23310,15.96,-4.785,14.116,-4.785,14.116,-4.874,3.086,1.00000,74.342
[SHELL] ccB:228,2147519517,1,-1.565,17.304,-15.739,41.784,66.702,33.298,45.483,67.141,32.859
[SHELL] ccA:229,3496875107,209500,-4.473,18.611,0.000,20.000,6.12917,0.07032,200.89,-4.782,14.116,-4.782,14.116,-4.872,3.087,1.00000,74.342
[SHELL] ccB:229,14975,1,-1.565,17.304,-15.739,38.373,66.012,33.988,41.784,66.702,33.298
[SHELL] ccA:230,3496993347,209501,-2.536,18.285,0.000,20.000,0.09838,0.20231,15.89,-4.820,14.124,-4.820,14.124,-4.871,3.088,1.00000,74.342
[SHELL] ccB:230,2147519553,1,-4.320,17.703,-13.383,34.879,65.121,35.142,38.373,66.012,33.988
[SHELL] ccA:231,3497095071,209501,-2.536,18.285,0.000,20.000,0.09838,0.31767,200.94,-4.819,14.125,-4.819,14.125,-4.869,3.088,1.00000,74.342
[SHELL] ccB:231,14957,1,-4.320,17.703,-13.383,33.992,66.008,38.253,34.879,65.121,35.142
[SHELL] ccA:232,3497213247,209502,-1.966,20.870,0.000,20.000,0.34765,0.45157,15.78,-4.829,14.073,-4.829,14.073,-4.868,3.088,1.00000,74.342
[SHELL] ccB:232,2147519603,1,-8.959,20.892,-11.933,33.274,66.726,42.136,33.992,66.008,38.253
[SHELL] ccA:233,3497314987,209502,-1.966,20.870,0.000,20.000,0.34765,0.57152,200.84,-4.828,14.072,-4.828,14.072,-4.867,3.088,1.00000,74.342
[SHELL] ccB:233,14915,1,-8.959,20.892,-11.933,32.851,67.149,45.657,33.274,66.726,42.136
[SHELL] ccA:234,3497433199,209503,2.476,21.926,0.000,20.000,0.60183,0.70576,15.73,-4.918,14.050,-4.918,14.050,-4.869,3.087,1.00000,74.342
[SHELL] ccB:234,2147519627,1,-10.373,22.052,-11.679,32.659,67.341,49.858,32.851,67.149,45.657
[SHELL] ccA:235,3497535215,209503,2.476,21.926,0.000,20.000,0.60183,0.82014,200.83,-4.919,14.049,-4.919,14.049,-4.870,3.086,1.00000,74.342
[SHELL] ccB:235,15029,1,-10.373,22.052,-11.679,32.764,67.236,53.290,32.659,67.341,49.858
[SHELL] ccA:236,3497653675,209504,2.338,20.107,0.000,20.000,0.84756,0.95149,16.16,-4.918,14.085,-4.918,14.085,-4.871,3.086,1.00000,74.342
[SHELL] ccB:236,2147519389,1,-13.526,19.805,-6.279,33.119,66.881,57.161,32.764,67.236,53.290
[SHELL] ccA:237,3497763935,209504,2.338,20.107,0.000,20.000,0.84756,1.07282,216.76,-4.919,14.085,-4.919,14.085,-4.872,3.086,1.00000,74.342
[SHELL] ccB:237,19389,1,-13.526,19.805,-6.279,33.744,66.256,60.650,33.119,66.881,57.161
[SHELL] ccA:238,3497873651,209505,0.264,17.657,0.000,20.000,1.08833,1.19228,16.17,-4.878,14.135,-4.878,14.135,-4.872,3.087,1.00000,74.342
[SHELL] ccB:238,2147519401,1,-15.519,15.057,0.462,34.528,65.472,63.862,33.744,66.256,60.650
[SHELL] ccA:239,3497975211,209505,0.264,17.657,0.000,20.000,1.08833,1.31789,200.82,-4.878,14.170,-4.878,14.170,-4.872,3.088,1.00000,74.342
[SHELL] ccB:239,15027,1,-15.519,15.057,0.462,34.243,63.015,65.757,34.528,65.472,63.862
[SHELL] ctrlcap v1 armed=0 count=512 clock_hz=550000000 decimation=1
[SHELL] ccA:index,cycles,seq,id,iq,idref,iqref,theta,actangle,age_us,vdreq,vqreq,vd,vq,intd,intq,scale,bus
[SHELL] ccB:index,timer,valid,ia,ib,ic,du,dv,dw,active_u,active_v,active_w
[SHELL] ccA:240,3498093591,209506,-0.822,20.392,0.000,20.000,1.35249,1.45674,16.10,-4.856,14.115,-4.856,14.115,-4.872,3.088,1.00000,74.342
[SHELL] ccB:240,2147519431,1,-20.086,13.172,6.914,33.421,59.082,66.579,34.243,63.015,65.757
[SHELL] ccA:241,3498195227,209506,-0.822,20.392,0.000,20.000,1.35249,1.57591,200.86,-4.855,14.115,-4.855,14.115,-4.872,3.088,1.00000,74.342
[SHELL] ccB:241,15035,1,-20.086,13.172,6.914,32.916,55.605,67.084,33.421,59.082,66.579
[SHELL] ccA:242,3498313591,209507,-0.983,19.787,0.000,20.000,1.59337,1.69760,16.10,-4.851,14.127,-4.851,14.127,-4.871,3.088,1.00000,73.902
[SHELL] ccB:242,2147519431,1,-19.760,8.642,11.118,32.534,51.999,67.466,32.916,55.605,67.084
[SHELL] ccA:243,3498415239,209507,-0.983,19.787,0.000,20.000,1.59337,1.81666,200.89,-4.851,14.127,-4.851,14.127,-4.871,3.088,1.00000,73.902
[SHELL] ccB:243,15041,1,-19.760,8.642,11.118,32.521,48.393,67.479,32.534,51.999,67.466
[SHELL] ccA:244,3498533619,209508,-2.475,17.472,0.000,20.000,1.85199,1.95624,16.11,-4.820,14.175,-4.820,14.175,-4.869,3.089,1.00000,74.342
[SHELL] ccB:244,2147519417,1,-16.099,1.792,14.307,32.872,44.306,67.128,32.521,48.393,67.479
[SHELL] ccA:245,3498635179,209508,-2.475,17.472,0.000,20.000,1.85199,2.07413,200.83,-4.819,14.176,-4.819,14.176,-4.868,3.090,1.00000,74.342
[SHELL] ccB:245,15011,1,-16.099,1.792,14.307,33.376,40.859,66.624,32.872,44.306,67.128
[SHELL] ccA:246,3498753599,209509,-3.985,17.761,0.000,20.000,2.10383,2.20808,16.11,-4.786,14.171,-4.786,14.171,-4.866,3.091,1.00000,74.342
[SHELL] ccB:246,2147519427,1,-13.272,-4.152,17.424,34.231,37.161,65.769,33.376,40.859,66.624
[SHELL] ccA:247,3498855151,209509,-3.985,17.761,0.000,20.000,2.10383,2.32435,200.85,-4.784,14.172,-4.784,14.172,-4.864,3.093,1.00000,74.342
[SHELL] ccB:247,14997,1,-13.272,-4.152,17.424,35.752,34.639,65.361,34.231,37.161,65.769
[SHELL] ccA:248,3498973515,209510,-2.069,20.342,0.000,20.000,2.35458,2.45882,16.05,-4.822,14.121,-4.822,14.121,-4.863,3.092,1.00000,74.342
[SHELL] ccB:248,2147519469,1,-12.946,-7.233,20.179,39.571,33.694,66.306,35.752,34.639,65.361
[SHELL] ccA:249,3499075135,209510,-2.069,20.342,0.000,20.000,2.35458,2.57880,200.89,-4.821,14.120,-4.821,14.120,-4.862,3.092,1.00000,74.342
[SHELL] ccB:249,14989,1,-12.946,-7.233,20.179,43.025,33.092,66.908,39.571,33.694,66.306
[SHELL] ccA:250,3499193507,209511,2.393,23.476,0.000,20.000,2.60436,2.70858,15.99,-4.911,14.056,-4.911,14.056,-4.863,3.090,1.00000,74.342
[SHELL] ccB:250,2147519473,1,-14.069,-9.371,23.441,47.094,32.736,67.264,43.025,33.092,66.908
[SHELL] ccA:251,3499295127,209511,2.393,23.476,0.000,20.000,2.60436,2.82354,200.81,-4.912,14.054,-4.912,14.054,-4.865,3.089,1.00000,74.342
[SHELL] ccB:251,14985,1,-14.069,-9.371,23.441,50.547,32.659,67.341,47.094,32.736,67.264
[SHELL] ccA:252,3499413495,209512,4.655,20.865,0.000,20.000,2.85451,2.95874,15.99,-4.960,14.106,-4.960,14.106,-4.867,3.088,1.00000,73.902
[SHELL] ccB:252,2147519479,1,-10.373,-11.002,21.375,54.693,32.688,67.312,50.547,32.659,67.341
[SHELL] ccA:253,3499515599,209512,4.655,20.865,0.000,20.000,2.85451,3.07107,200.81,-4.962,14.106,-4.962,14.106,-4.869,3.088,1.00000,73.902
[SHELL] ccB:253,15221,1,-10.373,-11.002,21.375,58.030,33.102,66.898,54.693,32.688,67.312
[SHELL] ccA:254,3499633483,209513,1.904,19.327,0.000,20.000,3.11032,3.21455,15.99,-4.908,14.137,-4.908,14.137,-4.870,3.088,1.00000,74.342
[SHELL] ccB:254,2147519485,1,-2.508,-15.424,17.932,61.956,33.992,66.008,58.030,33.102,66.898
[SHELL] ccA:255,3499735155,209513,1.904,19.327,0.000,20.000,3.11032,3.33013,200.89,-4.909,14.137,-4.909,14.137,-4.871,3.088,1.00000,74.342
[SHELL] ccB:255,14999,1,-2.508,-15.424,17.932,65.076,34.895,65.105,61.956,33.992,66.008
[SHELL] ctrlcap v1 armed=0 count=512 clock_hz=550000000 decimation=1
[SHELL] ccA:index,cycles,seq,id,iq,idref,iqref,theta,actangle,age_us,vdreq,vqreq,vd,vq,intd,intq,scale,bus
[SHELL] ccB:index,timer,valid,ia,ib,ic,du,dv,dw,active_u,active_v,active_w
[SHELL] ccA:256,3499853467,209514,-1.605,20.219,0.000,20.000,3.36134,3.46557,15.99,-4.838,14.119,-4.838,14.119,-4.870,3.088,1.00000,74.342
[SHELL] ccB:256,2147519493,1,5.973,-19.773,13.800,66.060,33.940,61.535,65.076,34.895,65.105
[SHELL] ccA:257,3499955171,209514,-1.605,20.219,0.000,20.000,3.36134,3.58163,200.98,-4.837,14.119,-4.837,14.119,-4.869,3.088,1.00000,74.342
[SHELL] ccB:257,15007,1,5.973,-19.773,13.800,66.723,33.277,58.237,66.060,33.940,61.535
[SHELL] ccA:258,3500073487,209515,-2.971,23.155,0.000,20.000,3.60671,3.71095,16.00,-4.809,14.059,-4.809,14.059,-4.868,3.087,1.00000,74.342
[SHELL] ccB:258,2147519483,1,13.041,-23.289,10.248,67.119,32.881,54.429,66.723,33.277,58.237
[SHELL] ccA:259,3500175139,209515,-2.971,23.155,0.000,20.000,3.60671,3.83123,200.87,-4.807,14.057,-4.807,14.057,-4.866,3.085,1.00000,74.342
[SHELL] ccB:259,14991,1,13.041,-23.289,10.248,67.300,32.700,50.841,67.119,32.881,54.429
[SHELL] ccA:260,3500293551,209516,-3.356,20.774,0.000,20.000,3.85423,3.95846,16.09,-4.798,14.104,-4.798,14.104,-4.865,3.085,1.00000,74.342
[SHELL] ccB:260,2147519451,1,16.122,-19.773,3.652,67.272,32.728,47.072,67.300,32.700,50.841
[SHELL] ccA:261,3500395115,209516,-3.356,20.774,0.000,20.000,3.85423,4.07531,200.79,-4.796,14.104,-4.796,14.104,-4.863,3.084,1.00000,74.342
[SHELL] ccB:261,14979,1,16.122,-19.773,3.652,66.957,33.043,43.608,67.272,32.728,47.072
[SHELL] ccA:262,3500513463,209517,-4.507,19.194,0.000,20.000,4.10993,4.21417,15.96,-4.771,14.136,-4.771,14.136,-4.861,3.085,1.00000,74.342
[SHELL] ccB:262,2147519495,1,18.369,-15.388,-2.981,66.321,33.679,39.653,66.957,33.043,43.608
[SHELL] ccA:263,3500615139,209517,-4.507,19.194,0.000,20.000,4.10993,4.32954,200.85,-4.768,14.136,-4.768,14.136,-4.859,3.085,1.00000,74.342
[SHELL] ccB:263,14991,1,18.369,-15.388,-2.981,65.526,34.474,36.472,66.321,33.679,39.653
[SHELL] ccA:264,3500733519,209518,-0.968,19.135,0.000,20.000,4.35417,4.45844,16.05,-4.839,14.138,-4.839,14.138,-4.858,3.086,1.00000,74.342
[SHELL] ccB:264,2147519467,1,18.260,-14.155,-4.105,65.691,36.946,34.309,65.526,34.474,36.472
[SHELL] ccA:265,3500835139,209518,-0.968,19.135,0.000,20.000,4.35417,4.58193,200.85,-4.838,14.138,-4.838,14.138,-4.858,3.086,1.00000,74.342
[SHELL] ccB:265,14991,1,18.260,-14.155,-4.105,66.500,40.391,33.500,65.691,36.946,34.309
[SHELL] ccA:266,3500953527,209519,0.676,21.890,0.000,20.000,4.60880,4.71306,16.05,-4.872,14.082,-4.872,14.082,-4.858,3.085,1.00000,74.342
[SHELL] ccB:266,2147519463,1,21.703,-13.394,-8.309,67.047,44.325,32.953,66.500,40.391,33.500
[SHELL] ccA:267,3501055103,209519,0.676,21.890,0.000,20.000,4.60880,4.82690,200.82,-4.872,14.081,-4.872,14.081,-4.858,3.084,1.00000,74.342
[SHELL] ccB:267,14973,1,21.703,-13.394,-8.309,67.308,47.717,32.692,67.047,44.325,32.953
[SHELL] ccA:268,3501173487,209520,1.947,20.986,0.000,20.000,4.85423,4.95849,16.02,-4.898,14.099,-4.898,14.099,-4.859,3.084,1.00000,74.342
[SHELL] ccB:268,2147519483,1,21.051,-9.625,-11.426,67.359,51.712,32.641,67.308,47.717,32.692
[SHELL] ccA:269,3501275111,209520,1.947,20.986,0.000,20.000,4.85423,5.08060,200.83,-4.899,14.098,-4.899,14.098,-4.860,3.083,1.00000,74.342
[SHELL] ccB:269,14977,1,21.051,-9.625,-11.426,67.109,55.364,32.891,67.359,51.712,32.641
[SHELL] ccA:270,3501393459,209521,3.248,19.674,0.000,20.000,5.12050,5.22475,16.02,-4.927,14.125,-4.927,14.125,-4.862,3.083,1.00000,74.342
[SHELL] ccB:270,2147519497,1,19.347,-5.493,-13.854,66.518,59.620,33.482,67.109,55.364,32.891
[SHELL] ccA:271,3501495135,209521,3.248,19.674,0.000,20.000,5.12050,5.33550,200.87,-4.928,14.125,-4.928,14.125,-4.864,3.083,1.00000,74.342
[SHELL] ccB:271,14989,1,19.347,-5.493,-13.854,65.803,62.726,34.197,66.518,59.620,33.482
[SHELL] ctrlcap v1 armed=0 count=512 clock_hz=550000000 decimation=1
[SHELL] ccA:index,cycles,seq,id,iq,idref,iqref,theta,actangle,age_us,vdreq,vqreq,vd,vq,intd,intq,scale,bus
[SHELL] ccB:index,timer,valid,ia,ib,ic,du,dv,dw,active_u,active_v,active_w
[SHELL] ccA:272,3501613435,209522,-1.747,17.501,0.000,20.000,5.35761,5.46183,15.96,-4.828,14.170,-4.828,14.170,-4.863,3.085,1.00000,74.342
[SHELL] ccB:272,2147519509,1,12.932,3.858,-16.790,64.294,65.362,34.638,65.803,62.726,34.197
[SHELL] ccA:273,3501715151,209522,-1.747,17.501,0.000,20.000,5.35761,5.58754,200.90,-4.827,14.171,-4.827,14.171,-4.862,3.086,1.00000,74.342
[SHELL] ccB:273,14997,1,12.932,3.858,-16.790,60.848,66.276,33.724,64.294,65.362,34.638
[SHELL] ccA:274,3501833515,209523,-0.084,23.527,0.000,20.000,5.61018,5.71441,16.05,-4.860,14.049,-4.860,14.049,-4.862,3.084,1.00000,74.342
[SHELL] ccB:274,2147519469,1,14.599,8.678,-23.278,57.005,66.838,33.162,60.848,66.276,33.724
[SHELL] ccA:275,3501935123,209523,-0.084,23.527,0.000,20.000,5.61018,5.83479,200.86,-4.860,14.047,-4.860,14.047,-4.862,3.082,1.00000,74.342
[SHELL] ccB:275,14983,1,14.599,8.678,-23.278,53.451,67.200,32.800,57.005,66.838,33.162
[SHELL] ccA:276,3502053471,209524,1.518,20.840,0.000,20.000,5.86297,5.96721,16.02,-4.893,14.100,-4.893,14.100,-4.862,3.082,1.00000,74.342
[SHELL] ccB:276,2147519491,1,9.888,10.998,-20.885,49.457,67.384,32.616,53.451,67.200,32.800
[SHELL] ccA:277,3502155115,209524,1.518,20.840,0.000,20.000,5.86297,6.08497,200.84,-4.894,14.100,-4.894,14.100,-4.863,3.082,1.00000,74.342
[SHELL] ccB:277,14979,1,9.888,10.998,-20.885,45.922,67.226,32.774,49.457,67.384,32.616
[SHELL] ccA:278,3502273447,209525,0.024,20.675,0.000,20.000,6.11381,6.21805,15.96,-4.864,14.103,-4.864,14.103,-4.863,3.081,1.00000,74.342
[SHELL] ccB:278,2147519503,1,3.509,15.891,-19.399,42.059,66.763,33.237,45.922,67.226,32.774
[SHELL] ccA:279,3502375139,209525,0.024,20.675,0.000,20.000,6.11381,0.04980,200.89,-4.864,14.103,-4.864,14.103,-4.863,3.081,1.00000,74.342
[SHELL] ccB:279,14991,1,3.509,15.891,-19.399,38.782,66.126,33.874,42.059,66.763,33.237
[SHELL] ccA:280,3502493323,209526,-1.157,18.168,0.000,20.000,0.07458,0.17882,15.88,-4.840,14.154,-4.840,14.154,-4.863,3.082,1.00000,74.342
[SHELL] ccB:280,2147519565,1,-2.508,16.869,-14.362,35.312,65.222,34.778,38.782,66.126,33.874
[SHELL] ccA:281,3502595047,209526,-1.157,18.168,0.000,20.000,0.07458,0.30391,200.95,-4.839,14.154,-4.839,14.154,-4.862,3.083,1.00000,74.342
[SHELL] ccB:281,14945,1,-2.508,16.869,-14.362,34.045,65.955,37.862,35.312,65.222,34.778
[SHELL] ccA:282,3502713243,209527,2.018,21.855,0.000,20.000,0.33249,0.43672,15.77,-4.903,14.080,-4.903,14.080,-4.863,3.082,1.00000,74.342
[SHELL] ccB:282,2147519605,1,-5.226,21.074,-15.848,33.286,66.714,41.821,34.045,65.955,37.862
[SHELL] ccA:283,3502814959,209527,2.018,21.855,0.000,20.000,0.33249,0.56299,200.80,-4.904,14.079,-4.904,14.079,-4.864,3.081,1.00000,74.342
[SHELL] ccB:283,14901,1,-5.226,21.074,-15.848,32.825,67.175,45.534,33.286,66.714,41.821
[SHELL] ccA:284,3502933175,209528,3.978,22.206,0.000,20.000,0.58738,0.69163,15.73,-4.946,14.071,-4.946,14.071,-4.866,3.080,1.00000,74.342
[SHELL] ccB:284,2147519639,1,-8.995,22.415,-13.419,32.628,67.372,49.471,32.825,67.175,45.534
[SHELL] ccA:285,3503035299,209528,3.978,22.206,0.000,20.000,0.58738,0.80850,200.96,-4.948,14.070,-4.948,14.070,-4.868,3.079,1.00000,74.342
[SHELL] ccB:285,15071,1,-8.995,22.415,-13.419,32.712,67.288,52.988,32.628,67.372,49.471
[SHELL] ccA:286,3503153683,209529,3.895,19.040,0.000,20.000,0.84405,0.94828,16.15,-4.948,14.133,-4.948,14.133,-4.870,3.079,1.00000,74.342
[SHELL] ccB:286,2147519385,1,-11.641,19.298,-7.656,33.047,66.953,57.118,32.712,67.288,52.988
[SHELL] ccA:287,3503255211,209529,3.895,19.040,0.000,20.000,0.84405,1.05463,200.82,-4.950,14.134,-4.950,14.134,-4.872,3.080,1.00000,74.342
[SHELL] ccB:287,15027,1,-11.641,19.298,-7.656,33.578,66.422,60.199,33.047,66.953,57.118
[SHELL] ctrlcap v1 armed=0 count=512 clock_hz=550000000 decimation=1
[SHELL] ccA:index,cycles,seq,id,iq,idref,iqref,theta,actangle,age_us,vdreq,vqreq,vd,vq,intd,intq,scale,bus
[SHELL] ccB:index,timer,valid,ia,ib,ic,du,dv,dw,active_u,active_v,active_w
[SHELL] ccA:288,3503373607,209530,-0.165,17.029,0.000,20.000,1.09235,1.19660,16.09,-4.869,14.176,-4.869,14.176,-4.872,3.081,1.00000,74.342
[SHELL] ccB:288,2147519423,1,-15.193,14.260,0.933,34.515,65.485,63.971,33.578,66.422,60.199
[SHELL] ccA:289,3503475227,209530,-0.165,17.029,0.000,20.000,1.09235,1.30766,200.88,-4.869,14.177,-4.869,14.177,-4.872,3.083,1.00000,74.342
[SHELL] ccB:289,15035,1,-15.193,14.260,0.933,34.322,63.317,65.678,34.515,65.485,63.971
[SHELL] ccA:290,3503593631,209531,-2.611,18.863,0.000,20.000,1.34116,1.44539,16.16,-4.818,14.141,-4.818,14.141,-4.871,3.083,1.00000,74.342
[SHELL] ccB:290,2147519411,1,-18.962,10.998,7.965,33.484,59.500,66.516,34.322,63.317,65.678
[SHELL] ccA:291,3503695215,209531,-2.611,18.863,0.000,20.000,1.34116,1.56550,200.87,-4.817,14.142,-4.817,14.142,-4.869,3.084,1.00000,74.342
[SHELL] ccB:291,15029,1,-18.962,10.998,7.965,32.946,56.006,67.054,33.484,59.500,66.516
[SHELL] ccA:292,3503813611,209532,-0.154,18.539,0.000,20.000,1.59899,1.70323,16.09,-4.866,14.149,-4.866,14.149,-4.869,3.084,1.00000,74.342
[SHELL] ccB:292,2147519421,1,-18.527,8.678,9.849,32.602,51.808,67.398,32.946,56.006,67.054
[SHELL] ccA:293,3503915219,209532,-0.154,18.539,0.000,20.000,1.59899,1.81396,200.84,-4.866,14.150,-4.866,14.150,-4.869,3.085,1.00000,74.342
[SHELL] ccB:293,15031,1,-18.527,8.678,9.849,32.592,48.467,67.408,32.602,51.808,67.398
[SHELL] ccA:294,3504033611,209533,-3.032,16.661,0.000,20.000,1.83847,1.94271,16.09,-4.807,14.189,-4.807,14.189,-4.868,3.087,1.00000,74.342
[SHELL] ccB:294,2147519421,1,-15.266,1.284,13.981,32.815,44.738,67.185,32.592,48.467,67.408
[SHELL] ccA:295,3504135147,209533,-3.032,16.661,0.000,20.000,1.83847,2.06813,200.83,-4.805,14.190,-4.805,14.190,-4.866,3.089,1.00000,74.342
[SHELL] ccB:295,14995,1,-15.266,1.284,13.981,33.328,41.059,66.672,32.815,44.738,67.185
[SHELL] ccA:296,3504253547,209534,-4.132,16.498,0.000,20.000,2.10660,2.21083,16.04,-4.781,14.195,-4.781,14.195,-4.864,3.090,1.00000,74.342
[SHELL] ccB:296,2147519453,1,-12.076,-4.333,16.409,34.222,37.091,65.778,33.328,41.059,66.672
[SHELL] ccA:297,3504355127,209534,-4.132,16.498,0.000,20.000,2.10660,2.31713,200.81,-4.779,14.197,-4.779,14.197,-4.862,3.092,1.00000,74.342
[SHELL] ccB:297,14985,1,-12.076,-4.333,16.409,35.516,34.684,65.316,34.222,37.091,65.778
[SHELL] ccA:298,3504473503,209535,-3.033,20.067,0.000,20.000,2.34535,2.44958,16.04,-4.800,14.126,-4.800,14.126,-4.860,3.092,1.00000,74.342
[SHELL] ccB:298,2147519475,1,-12.221,-7.922,20.143,39.270,33.762,66.238,35.516,34.684,65.316
[SHELL] ccA:299,3504575115,209535,-3.033,20.067,0.000,20.000,2.34535,2.57066,200.82,-4.798,14.126,-4.798,14.126,-4.859,3.092,1.00000,74.342
[SHELL] ccB:299,14979,1,-12.221,-7.922,20.143,42.743,33.134,66.866,39.270,33.762,66.238
[SHELL] ccA:300,3504693559,209536,0.801,23.371,0.000,20.000,2.58541,2.68964,16.15,-4.875,14.058,-4.875,14.058,-4.859,3.090,1.00000,73.902
[SHELL] ccB:300,2147519447,1,-13.018,-10.314,23.332,46.441,32.685,67.315,42.743,33.134,66.866
[SHELL] ccA:301,3504795195,209536,0.801,23.371,0.000,20.000,2.58541,2.81787,200.96,-4.876,14.056,-4.876,14.056,-4.860,3.089,1.00000,73.902
[SHELL] ccB:301,15019,1,-13.018,-10.314,23.332,50.307,32.566,67.434,46.441,32.685,67.315
[SHELL] ccA:302,3504913535,209537,6.454,21.440,0.000,20.000,2.85278,2.95700,16.07,-4.992,14.094,-4.992,14.094,-4.863,3.088,1.00000,74.342
[SHELL] ccB:302,2147519459,1,-12.294,-10.060,22.353,54.682,32.793,67.207,50.307,32.566,67.434
[SHELL] ccA:303,3505015107,209537,6.454,21.440,0.000,20.000,2.85278,3.07611,200.84,-4.995,14.093,-4.995,14.093,-4.866,3.087,1.00000,74.342
[SHELL] ccB:303,14975,1,-12.294,-10.060,22.353,58.196,33.237,66.763,54.682,32.793,67.207
[SHELL] ctrlcap v1 armed=0 count=512 clock_hz=550000000 decimation=1
[SHELL] ccA:index,cycles,seq,id,iq,idref,iqref,theta,actangle,age_us,vdreq,vqreq,vd,vq,intd,intq,scale,bus
[SHELL] ccB:index,timer,valid,ia,ib,ic,du,dv,dw,active_u,active_v,active_w
[SHELL] ccA:304,3505133511,209538,2.738,20.161,0.000,20.000,3.10075,3.20499,16.05,-4.922,14.119,-4.922,14.119,-4.867,3.087,1.00000,74.342
[SHELL] ccB:304,2147519471,1,-3.559,-15.569,19.128,61.717,33.949,66.051,58.196,33.237,66.763
[SHELL] ccA:305,3505235135,209538,2.738,20.161,0.000,20.000,3.10075,3.32506,200.86,-4.924,14.119,-4.924,14.119,-4.869,3.087,1.00000,74.342
[SHELL] ccB:305,14989,1,-3.559,-15.569,19.128,64.965,34.875,65.125,61.717,33.949,66.051
[SHELL] ccA:306,3505353467,209539,-2.493,18.891,0.000,20.000,3.35744,3.46167,15.98,-4.818,14.145,-4.818,14.145,-4.868,3.088,1.00000,74.342
[SHELL] ccB:306,2147519493,1,6.481,-18.758,12.278,66.041,33.959,61.709,64.965,34.875,65.125
[SHELL] ccA:307,3505455167,209539,-2.493,18.891,0.000,20.000,3.35744,3.57676,200.91,-4.816,14.145,-4.816,14.145,-4.866,3.088,1.00000,74.342
[SHELL] ccB:307,15005,1,6.481,-18.758,12.278,66.711,33.289,58.444,66.041,33.959,61.709
[SHELL] ccA:308,3505573483,209540,-4.372,21.318,0.000,20.000,3.60283,3.70706,15.98,-4.777,14.096,-4.777,14.096,-4.864,3.087,1.00000,74.342
[SHELL] ccB:308,2147519485,1,13.403,-21.549,8.146,67.130,32.870,54.636,66.711,33.289,58.444
[SHELL] ccA:309,3505675131,209540,-4.372,21.318,0.000,20.000,3.60283,3.82631,200.89,-4.775,14.096,-4.775,14.096,-4.862,3.087,1.00000,74.342
[SHELL] ccB:309,14987,1,13.403,-21.549,8.146,67.325,32.675,51.077,67.130,32.870,54.636
[SHELL] ccA:310,3505793551,209541,-3.770,20.451,0.000,20.000,3.85469,3.95894,16.07,-4.785,14.113,-4.785,14.113,-4.860,3.087,1.00000,74.342
[SHELL] ccB:310,2147519451,1,16.230,-19.375,3.144,67.278,32.722,47.087,67.325,32.675,51.077
[SHELL] ccA:311,3505895143,209541,-3.770,20.451,0.000,20.000,3.85469,4.07600,200.87,-4.783,14.112,-4.783,14.112,-4.858,3.086,1.00000,74.342
[SHELL] ccB:311,14993,1,16.230,-19.375,3.144,66.962,33.038,43.616,67.278,32.722,47.087
[SHELL] ccA:312,3506013447,209542,-5.456,18.532,0.000,20.000,4.09934,4.20357,15.95,-4.746,14.152,-4.746,14.152,-4.855,3.087,1.00000,74.342
[SHELL] ccB:312,2147519503,1,18.296,-14.518,-3.778,66.402,33.598,40.002,66.962,33.038,43.616
[SHELL] ccA:313,3506115131,209542,-5.456,18.532,0.000,20.000,4.09934,4.32725,200.86,-4.744,14.152,-4.744,14.152,-4.853,3.088,1.00000,74.342
[SHELL] ccB:313,14987,1,18.296,-14.518,-3.778,65.566,34.434,36.579,66.402,33.598,40.002
[SHELL] ccA:314,3506233455,209543,-1.694,19.808,0.000,20.000,4.35828,4.46252,15.96,-4.818,14.127,-4.818,14.127,-4.852,3.088,1.00000,74.342
[SHELL] ccB:314,2147519499,1,19.166,-14.155,-5.011,65.696,37.042,34.304,65.566,34.434,36.579
[SHELL] ccA:315,3506335139,209543,-1.694,19.808,0.000,20.000,4.35828,4.58471,200.87,-4.817,14.127,-4.817,14.127,-4.851,3.088,1.00000,74.342
[SHELL] ccB:315,14991,1,19.166,-14.155,-5.011,66.490,40.451,33.510,65.696,37.042,34.304
[SHELL] ccA:316,3506453487,209544,0.465,21.769,0.000,20.000,4.60528,4.70954,16.04,-4.861,14.087,-4.861,14.087,-4.851,3.087,1.00000,74.342
[SHELL] ccB:316,2147519483,1,21.594,-13.213,-8.381,67.033,44.198,32.967,66.490,40.451,33.510
[SHELL] ccA:317,3506555147,209544,0.465,21.769,0.000,20.000,4.60528,4.83499,200.89,-4.861,14.086,-4.861,14.086,-4.852,3.086,1.00000,74.342
[SHELL] ccB:317,14995,1,21.594,-13.213,-8.381,67.318,47.936,32.682,67.033,44.198,32.967
[SHELL] ccA:318,3506673451,209545,2.942,20.332,0.000,20.000,4.86186,4.96611,15.96,-4.912,14.115,-4.912,14.115,-4.853,3.086,1.00000,74.342
[SHELL] ccB:318,2147519501,1,20.543,-10.169,-10.375,67.373,51.959,32.627,67.318,47.936,32.682
[SHELL] ccA:319,3506775171,209545,2.942,20.332,0.000,20.000,4.86186,5.08365,200.91,-4.913,14.114,-4.913,14.114,-4.854,3.086,1.00000,74.342
[SHELL] ccB:319,15007,1,20.543,-10.169,-10.375,67.120,55.477,32.880,67.373,51.959,32.627
[SHELL] ctrlcap v1 armed=0 count=512 clock_hz=550000000 decimation=1
[SHELL] ccA:index,cycles,seq,id,iq,idref,iqref,theta,actangle,age_us,vdreq,vqreq,vd,vq,intd,intq,scale,bus
[SHELL] ccB:index,timer,valid,ia,ib,ic,du,dv,dw,active_u,active_v,active_w
[SHELL] ccA:320,3506893419,209546,0.993,18.618,0.000,20.000,5.11229,5.21653,15.95,-4.875,14.149,-4.875,14.149,-4.855,3.087,1.00000,74.342
[SHELL] ccB:320,2147519517,1,17.535,-3.282,-14.253,66.590,59.279,33.410,67.120,55.477,32.880
[SHELL] ccA:321,3506995155,209546,0.993,18.618,0.000,20.000,5.11229,5.33052,200.88,-4.875,14.150,-4.875,14.150,-4.855,3.087,1.00000,74.342
[SHELL] ccB:321,14999,1,17.535,-3.282,-14.253,65.874,62.488,34.126,66.590,59.279,33.410
[SHELL] ccA:322,3507113495,209547,-1.092,18.712,0.000,20.000,5.36526,5.46952,16.01,-4.833,14.149,-4.833,14.149,-4.855,3.088,1.00000,74.342
[SHELL] ccB:322,2147519479,1,14.201,3.495,-17.696,64.051,65.413,34.587,65.874,62.488,34.126
[SHELL] ccA:323,3507215119,209547,-1.092,18.712,0.000,20.000,5.36526,5.58704,200.83,-4.833,14.149,-4.833,14.149,-4.854,3.089,1.00000,74.342
[SHELL] ccB:323,14981,1,14.201,3.495,-17.696,60.826,66.258,33.742,64.051,65.413,34.587
[SHELL] ccA:324,3507333471,209548,-0.086,22.762,0.000,20.000,5.61991,5.72414,16.04,-4.853,14.067,-4.853,14.067,-4.854,3.087,1.00000,74.342
[SHELL] ccB:324,2147519491,1,13.947,8.606,-22.553,56.753,66.890,33.110,60.826,66.258,33.742
[SHELL] ccA:325,3507435139,209548,-0.086,22.762,0.000,20.000,5.61991,5.84492,200.92,-4.853,14.066,-4.853,14.066,-4.854,3.086,1.00000,74.342
[SHELL] ccB:325,14991,1,13.947,8.606,-22.553,53.178,67.236,32.764,56.753,66.890,33.110
[SHELL] ccA:326,3507553427,209549,-1.464,20.215,0.000,20.000,5.86647,5.97072,15.95,-4.824,14.117,-4.824,14.117,-4.854,3.086,1.00000,74.342
[SHELL] ccB:326,2147519513,1,6.843,13.100,-19.943,49.493,67.376,32.624,53.178,67.236,32.764
[SHELL] ccA:327,3507655095,209549,-1.464,20.215,0.000,20.000,5.86647,6.09177,200.88,-4.824,14.116,-4.824,14.116,-4.853,3.086,1.00000,74.342
[SHELL] ccB:327,14969,1,6.843,13.100,-19.943,45.864,67.213,32.787,49.493,67.376,32.624
[SHELL] ccA:328,3507773427,209550,-3.526,17.990,0.000,20.000,6.11971,6.22393,15.95,-4.781,14.162,-4.781,14.162,-4.851,3.087,1.00000,74.342
[SHELL] ccB:328,2147519513,1,-0.551,16.144,-15.594,42.063,66.798,33.202,45.864,67.213,32.787
[SHELL] ccA:329,3507875107,209550,-3.526,17.990,0.000,20.000,6.11971,0.06706,200.91,-4.779,14.163,-4.779,14.163,-4.849,3.088,1.00000,74.342
[SHELL] ccB:329,14975,1,-0.551,16.144,-15.594,38.465,66.089,33.911,42.063,66.798,33.202
[SHELL] ccA:330,3507993375,209551,-2.722,17.818,0.000,20.000,0.08838,0.19260,15.97,-4.793,14.167,-4.793,14.167,-4.848,3.089,1.00000,74.342
[SHELL] ccB:330,2147519539,1,-4.284,17.304,-13.021,35.035,65.130,34.870,38.465,66.089,33.911
[SHELL] ccA:331,3508095011,209551,-2.722,17.818,0.000,20.000,0.08838,0.31558,200.84,-4.792,14.169,-4.792,14.169,-4.847,3.090,1.00000,74.342
[SHELL] ccB:331,14927,1,-4.284,17.304,-13.021,33.989,66.011,38.096,35.035,65.130,34.870
[SHELL] ccA:332,3508213239,209552,-1.238,21.006,0.000,20.000,0.34507,0.44931,15.77,-4.821,14.104,-4.821,14.104,-4.846,3.089,1.00000,74.342
[SHELL] ccB:332,2147519607,1,-8.270,20.892,-12.622,33.258,66.742,42.021,33.989,66.011,38.096
[SHELL] ccA:333,3508315039,209552,-1.238,21.006,0.000,20.000,0.34507,0.56838,200.95,-4.821,14.104,-4.821,14.104,-4.845,3.089,1.00000,74.342
[SHELL] ccB:333,14941,1,-8.270,20.892,-12.622,32.831,67.169,45.522,33.258,66.742,42.021
[SHELL] ccA:334,3508433263,209553,-0.303,20.538,0.000,20.000,0.59854,0.70277,15.79,-4.839,14.113,-4.839,14.113,-4.845,3.089,1.00000,74.342
[SHELL] ccB:334,2147519595,1,-11.822,20.457,-8.635,32.622,67.378,49.575,32.831,67.169,45.522
[SHELL] ccA:335,3508535311,209553,-0.303,20.538,0.000,20.000,0.59854,0.81598,200.90,-4.839,14.113,-4.839,14.113,-4.845,3.088,1.00000,74.342
[SHELL] ccB:335,15077,1,-11.822,20.457,-8.635,32.706,67.294,52.978,32.622,67.378,49.575
[SHELL] ctrlcap v1 armed=0 count=512 clock_hz=550000000 decimation=1
[SHELL] ccA:index,cycles,seq,id,iq,idref,iqref,theta,actangle,age_us,vdreq,vqreq,vd,vq,intd,intq,scale,bus
[SHELL] ccB:index,timer,valid,ia,ib,ic,du,dv,dw,active_u,active_v,active_w
[SHELL] ccA:336,3508653771,209554,1.937,19.486,0.000,20.000,0.84129,0.94552,16.22,-4.885,14.134,-4.885,14.134,-4.846,3.089,1.00000,74.342
[SHELL] ccB:336,2147519341,1,-13.236,19.116,-5.880,33.043,66.957,56.910,32.706,67.294,52.978
[SHELL] ccA:337,3508755283,209554,1.937,19.486,0.000,20.000,0.84129,1.06392,200.89,-4.886,14.160,-4.886,14.160,-4.847,3.089,1.00000,74.342
[SHELL] ccB:337,15063,1,-13.236,19.116,-5.880,33.603,66.397,60.334,33.043,66.957,56.910
[SHELL] ccA:338,3508873695,209555,0.101,18.451,0.000,20.000,1.10327,1.20775,16.17,-4.849,14.181,-4.849,14.181,-4.847,3.090,1.00000,74.342
[SHELL] ccB:338,2147519379,1,-16.425,15.492,0.933,34.595,65.405,64.232,33.603,66.397,60.334
[SHELL] ccA:339,3508975275,209555,0.101,18.451,0.000,20.000,1.10327,1.33127,200.93,-4.849,14.182,-4.849,14.182,-4.847,3.090,1.00000,74.342
[SHELL] ccB:339,15059,1,-16.425,15.492,0.933,34.156,62.708,65.844,34.595,65.405,64.232
[SHELL] ccA:340,3509093683,209556,-2.620,20.231,0.000,20.000,1.34474,1.44921,16.17,-4.793,14.146,-4.793,14.146,-4.846,3.090,1.00000,74.342
[SHELL] ccB:340,2147519385,1,-20.303,11.868,8.436,33.475,59.437,66.525,34.156,62.708,65.844
[SHELL] ccA:341,3509195263,209556,-2.620,20.231,0.000,20.000,1.34474,1.56959,200.90,-4.792,14.146,-4.792,14.146,-4.844,3.090,1.00000,74.342
[SHELL] ccB:341,15053,1,-20.303,11.868,8.436,32.942,55.933,67.058,33.475,59.437,66.525
[SHELL] ccA:342,3509313695,209557,-2.331,20.063,0.000,20.000,1.60310,1.70757,16.17,-4.797,14.149,-4.797,14.149,-4.843,3.090,1.00000,74.342
[SHELL] ccB:342,2147519379,1,-19.977,7.410,12.568,32.627,51.807,67.373,32.942,55.933,67.058
[SHELL] ccA:343,3509415243,209557,-2.331,20.063,0.000,20.000,1.60310,1.81621,200.82,-4.795,14.149,-4.795,14.149,-4.842,3.090,1.00000,74.342
[SHELL] ccB:343,15043,1,-19.977,7.410,12.568,32.617,48.536,67.383,32.627,51.807,67.373
[SHELL] ccA:344,3509533691,209558,-4.163,17.722,0.000,20.000,1.85483,1.95932,16.17,-4.757,14.197,-4.757,14.197,-4.840,3.091,1.00000,74.342
[SHELL] ccB:344,2147519381,1,-15.845,0.161,15.685,32.866,44.347,67.134,32.617,48.536,67.383
[SHELL] ccA:345,3509635223,209558,-4.163,17.722,0.000,20.000,1.85483,2.07091,200.89,-4.755,14.199,-4.755,14.199,-4.838,3.092,1.00000,74.342
[SHELL] ccB:345,15033,1,-15.845,0.161,15.685,33.334,41.082,66.666,32.866,44.347,67.134
[SHELL] ccA:346,3509753631,209559,-5.355,18.090,0.000,20.000,2.10805,2.21254,16.11,-4.728,14.192,-4.728,14.192,-4.835,3.093,1.00000,74.342
[SHELL] ccB:346,2147519411,1,-12.801,-5.602,18.403,34.232,37.151,65.768,33.334,41.082,66.666
[SHELL] ccA:347,3509855231,209559,-5.355,18.090,0.000,20.000,2.10805,2.32069,200.85,-4.725,14.193,-4.725,14.193,-4.833,3.094,1.00000,74.342
[SHELL] ccB:347,15037,1,-12.801,-5.602,18.403,35.543,34.703,65.297,34.232,37.151,65.768
[SHELL] ccA:348,3509973623,209560,-2.991,20.956,0.000,20.000,2.35471,2.45920,16.18,-4.771,14.135,-4.771,14.135,-4.831,3.094,1.00000,73.902
[SHELL] ccB:348,2147519415,1,-12.728,-8.284,21.012,39.422,33.619,66.381,35.543,34.703,65.297
[SHELL] ccA:349,3510075167,209560,-2.991,20.956,0.000,20.000,2.35471,2.57442,200.87,-4.770,14.135,-4.770,14.135,-4.830,3.093,1.00000,73.902
[SHELL] ccB:349,15005,1,-12.728,-8.284,21.012,42.752,33.027,66.973,39.422,33.619,66.381
[SHELL] ccA:350,3510193735,209561,1.044,23.710,0.000,20.000,2.60498,2.70946,16.12,-4.851,14.078,-4.851,14.078,-4.830,3.091,1.00000,74.342
[SHELL] ccB:350,2147519359,1,-13.018,-10.676,23.694,46.992,32.741,67.259,42.752,33.027,66.973
[SHELL] ccA:351,3510294907,209561,1.044,23.710,0.000,20.000,2.60498,2.82557,200.89,-4.852,14.076,-4.852,14.076,-4.831,3.090,1.00000,74.342
[SHELL] ccB:351,14875,1,-13.018,-10.676,23.694,50.477,32.658,67.342,46.992,32.741,67.259
[SHELL] ctrlcap v1 armed=0 count=512 clock_hz=550000000 decimation=1
[SHELL] ccA:index,cycles,seq,id,iq,idref,iqref,theta,actangle,age_us,vdreq,vqreq,vd,vq,intd,intq,scale,bus
[SHELL] ccB:index,timer,valid,ia,ib,ic,du,dv,dw,active_u,active_v,active_w
[SHELL] ccA:352,3510413003,209562,4.333,22.100,0.000,20.000,2.85656,2.96103,15.58,-4.919,14.107,-4.919,14.107,-4.833,3.089,1.00000,74.342
[SHELL] ccB:352,2147519725,1,-10.373,-12.126,22.498,54.653,32.804,67.196,50.477,32.658,67.342
[SHELL] ccA:353,3510514907,209562,4.333,22.100,0.000,20.000,2.85656,3.07527,200.92,-4.922,14.106,-4.922,14.106,-4.835,3.087,1.00000,74.342
[SHELL] ccB:353,14875,1,-10.373,-12.126,22.498,58.022,33.224,66.776,54.653,32.804,67.196
[SHELL] ccA:354,3510632975,209563,1.375,19.013,0.000,20.000,3.11250,3.21698,15.60,-4.863,14.168,-4.863,14.168,-4.836,3.088,1.00000,74.342
[SHELL] ccB:354,2147519739,1,-1.928,-15.460,17.388,61.938,33.969,66.031,58.022,33.224,66.776
[SHELL] ccA:355,3510734855,209563,1.375,19.013,0.000,20.000,3.11250,3.32976,200.81,-4.864,14.169,-4.864,14.169,-4.836,3.088,1.00000,74.342
[SHELL] ccB:355,14849,1,-1.928,-15.460,17.388,64.988,34.846,65.154,61.938,33.969,66.031
[SHELL] ccA:356,3510852999,209564,-1.272,18.710,0.000,20.000,3.36546,3.46995,15.65,-4.810,14.176,-4.810,14.176,-4.836,3.089,1.00000,74.342
[SHELL] ccB:356,2147519727,1,5.393,-18.251,12.858,66.118,33.882,61.531,64.988,34.846,65.154
[SHELL] ccA:357,3510954863,209564,-1.272,18.710,0.000,20.000,3.36546,3.58295,200.82,-4.810,14.176,-4.810,14.176,-4.835,3.090,1.00000,74.342
[SHELL] ccB:357,14853,1,5.393,-18.251,12.858,66.766,33.234,58.311,66.118,33.882,61.531
[SHELL] ccA:358,3511073011,209565,-2.604,21.580,0.000,20.000,3.60776,3.71225,15.65,-4.782,14.118,-4.782,14.118,-4.834,3.089,1.00000,74.342
[SHELL] ccB:358,2147519721,1,12.026,-21.694,9.668,67.169,32.831,54.494,66.766,33.234,58.311
[SHELL] ccA:359,3511174895,209565,-2.604,21.580,0.000,20.000,3.60776,3.83983,200.89,-4.780,14.117,-4.780,14.117,-4.832,3.088,1.00000,74.342
[SHELL] ccB:359,14869,1,12.026,-21.694,9.668,67.358,32.642,50.675,67.169,32.831,54.494
[SHELL] ccA:360,3511293035,209566,-2.446,19.729,0.000,20.000,3.85651,3.96099,15.65,-4.782,14.154,-4.782,14.154,-4.831,3.088,1.00000,74.342
[SHELL] ccB:360,2147519709,1,14.781,-18.903,4.123,67.321,32.679,47.050,67.358,32.642,50.675
[SHELL] ccA:361,3511394939,209566,-2.446,19.729,0.000,20.000,3.85651,4.07863,200.90,-4.781,14.155,-4.781,14.155,-4.830,3.088,1.00000,74.342
[SHELL] ccB:361,14891,1,14.781,-18.903,4.123,67.001,32.999,43.551,67.321,32.679,47.050
[SHELL] ccA:362,3511513031,209567,-3.443,18.352,0.000,20.000,4.10881,4.21329,15.59,-4.759,14.183,-4.759,14.183,-4.828,3.089,1.00000,74.342
[SHELL] ccB:362,2147519711,1,17.064,-15.098,-1.966,66.381,33.619,39.699,67.001,32.999,43.551
[SHELL] ccA:363,3511614955,209567,-3.443,18.352,0.000,20.000,4.10881,4.32666,200.90,-4.758,14.184,-4.758,14.184,-4.827,3.090,1.00000,74.342
[SHELL] ccB:363,14899,1,17.064,-15.098,-1.966,65.604,34.396,36.558,66.381,33.619,39.699
[SHELL] ccA:364,3511733031,209568,-1.170,19.193,0.000,20.000,4.36431,4.46879,15.60,-4.803,14.167,-4.803,14.167,-4.826,3.090,1.00000,74.342
[SHELL] ccB:364,2147519711,1,18.441,-13.938,-4.503,65.764,37.134,34.236,65.604,34.396,36.558
[SHELL] ccA:365,3511834971,209568,-1.170,19.193,0.000,20.000,4.36431,4.58508,200.97,-4.802,14.168,-4.802,14.168,-4.825,3.091,1.00000,74.342
[SHELL] ccB:365,14907,1,18.441,-13.938,-4.503,66.519,40.387,33.481,65.764,37.134,34.236
[SHELL] ccA:366,3511953039,209569,1.430,21.016,0.000,20.000,4.61034,4.71481,15.59,-4.855,14.131,-4.855,14.131,-4.826,3.090,1.00000,74.342
[SHELL] ccB:366,2147519707,1,20.761,-13.467,-7.294,67.092,44.299,32.908,66.519,40.387,33.481
[SHELL] ccA:367,3512054899,209569,1.430,21.016,0.000,20.000,4.61034,4.83285,200.84,-4.855,14.130,-4.855,14.130,-4.827,3.090,1.00000,74.342
[SHELL] ccB:367,14871,1,20.761,-13.467,-7.294,67.360,47.826,32.640,67.092,44.299,32.908
[SHELL] ctrlcap v1 armed=0 count=512 clock_hz=550000000 decimation=1
[SHELL] ccA:index,cycles,seq,id,iq,idref,iqref,theta,actangle,age_us,vdreq,vqreq,vd,vq,intd,intq,scale,bus
[SHELL] ccB:index,timer,valid,ia,ib,ic,du,dv,dw,active_u,active_v,active_w
[SHELL] ccA:368,3512173079,209570,3.359,18.803,0.000,20.000,4.86253,4.96705,15.68,-4.896,14.175,-4.896,14.175,-4.829,3.090,1.00000,74.342
[SHELL] ccB:368,2147519687,1,19.094,-9.987,-9.106,67.435,51.924,32.565,67.360,47.826,32.640
[SHELL] ccA:369,3512274903,209570,3.359,18.803,0.000,20.000,4.86253,5.07842,200.85,-4.897,14.176,-4.897,14.176,-4.830,3.091,1.00000,74.342
[SHELL] ccB:369,14873,1,19.094,-9.987,-9.106,67.204,55.271,32.796,67.435,51.924,32.565
[SHELL] ccA:370,3512393019,209571,3.502,15.900,0.000,20.000,5.11101,5.21549,15.59,-4.902,14.236,-4.902,14.236,-4.832,3.093,1.00000,74.342
[SHELL] ccB:370,2147519717,1,16.013,-5.457,-10.556,66.697,59.300,33.303,67.204,55.271,32.796
[SHELL] ccA:371,3512494915,209571,3.502,15.900,0.000,20.000,5.11101,5.33217,200.86,-4.904,14.238,-4.904,14.238,-4.834,3.095,1.00000,74.342
[SHELL] ccB:371,14879,1,16.013,-5.457,-10.556,65.961,62.608,34.039,66.697,59.300,33.303
[SHELL] ccA:372,3512613035,209572,-0.526,17.637,0.000,20.000,5.36175,5.46623,15.59,-4.823,14.204,-4.823,14.204,-4.833,3.096,1.00000,74.342
[SHELL] ccB:372,2147519709,1,13.730,2.734,-16.464,64.234,65.422,34.578,65.961,62.608,34.039
[SHELL] ccA:373,3512714891,209572,-0.526,17.637,0.000,20.000,5.36175,5.58858,200.86,-4.823,14.205,-4.823,14.205,-4.833,3.098,1.00000,74.342
[SHELL] ccB:373,14867,1,13.730,2.734,-16.464,60.870,66.310,33.690,64.234,65.422,34.578
[SHELL] ccA:374,3512833027,209573,-0.244,21.556,0.000,20.000,5.61160,5.71609,15.61,-4.828,14.126,-4.828,14.126,-4.833,3.097,1.00000,74.342
[SHELL] ccB:374,2147519713,1,13.222,8.134,-21.357,57.094,66.901,33.099,60.870,66.310,33.690
[SHELL] ccA:375,3512934915,209573,-0.244,21.556,0.000,20.000,5.61160,5.82882,200.86,-4.828,14.125,-4.828,14.125,-4.833,3.096,1.00000,74.342
[SHELL] ccB:375,14879,1,13.222,8.134,-21.357,53.756,67.254,32.746,57.094,66.901,33.099
[SHELL] ccA:376,3513053019,209574,0.195,20.537,0.000,20.000,5.86154,5.96601,15.61,-4.837,14.146,-4.837,14.146,-4.833,3.096,1.00000,74.342
[SHELL] ccB:376,2147519717,1,8.583,11.868,-20.451,49.629,67.414,32.586,53.756,67.254,32.746
[SHELL] ccA:377,3513154887,209574,0.195,20.537,0.000,20.000,5.86154,6.09067,200.83,-4.837,14.145,-4.837,14.145,-4.833,3.095,1.00000,74.342
[SHELL] ccB:377,14865,1,8.583,11.868,-20.451,45.881,67.252,32.748,49.629,67.414,32.586
[SHELL] ccA:378,3513273015,209575,0.193,19.849,0.000,20.000,6.11521,6.21969,15.61,-4.837,14.159,-4.837,14.159,-4.833,3.096,1.00000,74.342
[SHELL] ccB:378,2147519719,1,3.509,15.166,-18.675,42.073,66.819,33.181,45.881,67.252,32.748
[SHELL] ccA:379,3513375067,209575,0.193,19.849,0.000,20.000,6.11521,0.04723,200.91,-4.837,14.159,-4.837,14.159,-4.833,3.096,1.00000,74.342
[SHELL] ccB:379,14955,1,3.509,15.166,-18.675,38.902,66.210,33.790,42.073,66.819,33.181
[SHELL] ccA:380,3513493191,209576,-0.842,18.664,0.000,20.000,0.08173,0.18620,15.74,-4.816,14.184,-4.816,14.184,-4.833,3.096,1.00000,74.342
[SHELL] ccB:380,2147519631,1,-2.363,17.232,-14.869,35.153,65.199,34.801,38.902,66.210,33.790
[SHELL] ccA:381,3513594983,209576,-0.842,18.664,0.000,20.000,0.08173,0.30110,200.92,-4.816,14.184,-4.816,14.184,-4.832,3.097,1.00000,74.342
[SHELL] ccB:381,14913,1,-2.363,17.232,-14.869,34.058,65.942,37.709,35.153,65.199,34.801
[SHELL] ccA:382,3513713131,209577,-0.579,20.989,0.000,20.000,0.33077,0.43525,15.72,-4.821,14.137,-4.821,14.137,-4.832,3.096,1.00000,74.342
[SHELL] ccB:382,2147519661,1,-7.364,20.711,-13.347,33.294,66.706,41.575,34.058,65.942,37.709
[SHELL] ccA:383,3513814871,209577,-0.579,20.989,0.000,20.000,0.33077,0.54847,200.85,-4.820,14.137,-4.820,14.137,-4.832,3.096,1.00000,74.342
[SHELL] ccB:383,14857,1,-7.364,20.711,-13.347,32.852,67.148,44.898,33.294,66.706,41.575
[SHELL] ctrlcap v1 armed=0 count=512 clock_hz=550000000 decimation=1
[SHELL] ccA:index,cycles,seq,id,iq,idref,iqref,theta,actangle,age_us,vdreq,vqreq,vd,vq,intd,intq,scale,bus
[SHELL] ccB:index,timer,valid,ia,ib,ic,du,dv,dw,active_u,active_v,active_w
[SHELL] ccA:384,3513933023,209578,3.227,22.883,0.000,20.000,0.58115,0.68562,15.58,-4.898,14.097,-4.898,14.097,-4.834,3.094,1.00000,74.342
[SHELL] ccB:384,2147519715,1,-9.865,23.031,-13.165,32.621,67.379,49.182,32.852,67.148,44.898
[SHELL] ccA:385,3514035195,209578,3.227,22.883,0.000,20.000,0.58115,0.79626,200.89,-4.900,14.096,-4.900,14.096,-4.835,3.093,1.00000,74.342
[SHELL] ccB:385,15019,1,-9.865,23.031,-13.165,32.676,67.324,52.514,32.621,67.379,49.182
[SHELL] ccA:386,3514153519,209579,5.829,19.917,0.000,20.000,0.83045,0.93492,16.01,-4.955,14.155,-4.955,14.155,-4.838,3.093,1.00000,74.342
[SHELL] ccB:386,2147519467,1,-10.771,20.747,-9.976,32.967,67.033,56.734,32.676,67.324,52.514
[SHELL] ccA:387,3514255131,209579,5.829,19.917,0.000,20.000,0.83045,1.05444,200.84,-4.958,14.155,-4.958,14.155,-4.841,3.093,1.00000,74.342
[SHELL] ccB:387,14987,1,-10.771,20.747,-9.976,33.552,66.448,60.210,32.967,67.033,56.734
[SHELL] ccA:388,3514373499,209580,3.521,18.899,0.000,20.000,1.08333,1.18781,16.02,-4.913,14.176,-4.913,14.176,-4.843,3.094,1.00000,74.342
[SHELL] ccB:388,2147519477,1,-15.048,17.884,-2.836,34.451,65.549,63.824,33.552,66.448,60.210
[SHELL] ccA:389,3514475119,209580,3.521,18.899,0.000,20.000,1.08333,1.30612,200.86,-4.915,14.177,-4.915,14.177,-4.844,3.094,1.00000,74.342
[SHELL] ccB:389,14981,1,-15.048,17.884,-2.836,34.296,63.293,65.704,34.451,65.549,63.824
[SHELL] ccA:390,3514593471,209581,-0.145,21.634,0.000,20.000,1.33410,1.43857,15.95,-4.842,14.121,-4.842,14.121,-4.844,3.093,1.00000,74.342
[SHELL] ccB:390,2147519491,1,-21.065,14.803,6.261,33.523,59.633,66.477,34.296,63.293,65.704
[SHELL] ccA:391,3514695171,209581,-0.145,21.634,0.000,20.000,1.33410,1.54994,200.90,-4.841,14.121,-4.841,14.121,-4.844,3.093,1.00000,74.342
[SHELL] ccB:391,15007,1,-21.065,14.803,6.261,33.008,56.401,66.992,33.523,59.633,66.477
[SHELL] ccA:392,3514813447,209582,0.277,20.809,0.000,20.000,1.57739,1.68187,15.95,-4.850,14.137,-4.850,14.137,-4.844,3.092,1.00000,74.342
[SHELL] ccB:392,2147519503,1,-20.811,10.527,10.284,32.648,52.471,67.352,33.008,56.401,66.992
[SHELL] ccA:393,3514915235,209582,0.277,20.809,0.000,20.000,1.57739,1.80058,200.93,-4.850,14.136,-4.850,14.136,-4.845,3.092,1.00000,74.342
[SHELL] ccB:393,15039,1,-20.811,10.527,10.284,32.602,48.894,67.398,32.648,52.471,67.352
[SHELL] ccA:394,3515033511,209583,1.155,20.109,0.000,20.000,1.83251,1.93699,16.03,-4.868,14.150,-4.868,14.150,-4.845,3.092,1.00000,74.342
[SHELL] ccB:394,2147519471,1,-19.724,6.322,13.401,32.831,44.774,67.169,32.602,48.894,67.398
[SHELL] ccA:395,3515135111,209583,1.155,20.109,0.000,20.000,1.83251,2.05476,200.82,-4.869,14.150,-4.869,14.150,-4.846,3.092,1.00000,74.342
[SHELL] ccB:395,14977,1,-19.724,6.322,13.401,33.304,41.315,66.696,32.831,44.774,67.169
[SHELL] ccA:396,3515253535,209584,-0.211,18.182,0.000,20.000,2.08394,2.18845,16.08,-4.841,14.190,-4.841,14.190,-4.846,3.093,1.00000,74.342
[SHELL] ccB:396,2147519459,1,-15.737,-0.020,15.757,34.073,37.586,65.927,33.304,41.315,66.696
[SHELL] ccA:397,3515355131,209584,-0.211,18.182,0.000,20.000,2.08394,2.30533,200.81,-4.841,14.191,-4.841,14.191,-4.846,3.093,1.00000,74.342
[SHELL] ccB:397,14987,1,-15.737,-0.020,15.757,35.298,34.735,65.265,34.073,37.586,65.927
[SHELL] ccA:398,3515473411,209585,2.697,22.436,0.000,20.000,2.33553,2.44000,15.98,-4.901,14.104,-4.901,14.104,-4.847,3.092,1.00000,74.342
[SHELL] ccB:398,2147519521,1,-18.056,-2.739,20.795,39.185,33.765,66.235,35.298,34.735,65.265
[SHELL] ccA:399,3515575095,209585,2.697,22.436,0.000,20.000,2.33553,2.55359,200.83,-4.902,14.103,-4.902,14.103,-4.848,3.091,1.00000,74.342
[SHELL] ccB:399,14969,1,-18.056,-2.739,20.795,42.446,33.163,66.837,39.185,33.765,66.235
[SHELL] ctrlcap v1 armed=0 count=512 clock_hz=550000000 decimation=1
[SHELL] ccA:index,cycles,seq,id,iq,idref,iqref,theta,actangle,age_us,vdreq,vqreq,vd,vq,intd,intq,scale,bus
[SHELL] ccB:index,timer,valid,ia,ib,ic,du,dv,dw,active_u,active_v,active_w
[SHELL] ccA:400,3515693407,209586,6.450,25.590,0.000,20.000,2.58484,2.68933,15.93,-4.980,14.037,-4.980,14.037,-4.851,3.088,1.00000,74.342
[SHELL] ccB:400,2147519523,1,-18.999,-6.363,25.362,46.662,32.756,67.244,42.446,33.163,66.837
[SHELL] ccA:401,3515795075,209586,6.450,25.590,0.000,20.000,2.58484,2.80618,200.85,-4.984,14.034,-4.984,14.034,-4.855,3.085,1.00000,74.342
[SHELL] ccB:401,14959,1,-18.999,-6.363,25.362,50.174,32.651,67.349,46.662,32.756,67.244
[SHELL] ccA:402,3515913467,209587,12.387,22.246,0.000,20.000,2.83892,2.94341,16.01,-5.109,14.100,-5.109,14.100,-4.861,3.084,1.00000,74.342
[SHELL] ccB:402,2147519493,1,-18.455,-5.964,24.419,54.505,32.724,67.276,50.174,32.651,67.349
[SHELL] ccA:403,3516015131,209587,12.387,22.246,0.000,20.000,2.83892,3.05683,200.88,-5.115,14.099,-5.115,14.099,-4.867,3.083,1.00000,74.342
[SHELL] ccB:403,14987,1,-18.455,-5.964,24.419,57.875,33.130,66.870,54.505,32.724,67.276
[SHELL] ccA:404,3516133443,209588,8.954,20.891,0.000,20.000,3.08869,3.19317,15.99,-5.051,14.126,-5.051,14.126,-4.872,3.083,1.00000,74.342
[SHELL] ccB:404,2147519505,1,-10.046,-12.633,22.680,61.647,33.870,66.130,57.875,33.130,66.870
[SHELL] ccA:405,3516235107,209588,8.954,20.891,0.000,20.000,3.08869,3.30606,200.85,-5.055,14.125,-5.055,14.125,-4.876,3.082,1.00000,74.342
[SHELL] ccB:405,14975,1,-10.046,-12.633,22.680,64.728,34.731,65.269,61.647,33.870,66.130
[SHELL] ccA:406,3516353411,209589,3.548,19.570,0.000,20.000,3.34065,3.44513,15.93,-4.949,14.152,-4.949,14.152,-4.878,3.083,1.00000,74.342
[SHELL] ccB:406,2147519521,1,0.392,-17.417,17.026,66.036,33.964,61.982,64.728,34.731,65.269
[SHELL] ccA:407,3516455143,209589,3.548,19.570,0.000,20.000,3.34065,3.57022,200.90,-4.951,14.152,-4.951,14.152,-4.880,3.083,1.00000,74.342
[SHELL] ccB:407,14993,1,0.392,-17.417,17.026,66.775,33.225,58.420,66.036,33.964,61.982
[SHELL] ccA:408,3516573403,209590,2.879,22.355,0.000,20.000,3.57812,3.68260,15.93,-4.939,14.095,-4.939,14.095,-4.881,3.082,1.00000,74.342
[SHELL] ccB:408,2147519525,1,6.843,-22.020,15.177,67.150,32.850,55.074,66.775,33.225,58.420
[SHELL] ccA:409,3516675115,209590,2.879,22.355,0.000,20.000,3.57812,3.81822,200.89,-4.940,14.094,-4.940,14.094,-4.882,3.080,1.00000,73.902
[SHELL] ccB:409,14979,1,6.843,-22.020,15.177,67.491,32.509,51.014,67.150,32.850,55.074
[SHELL] ccA:410,3516793439,209591,4.069,19.725,0.000,20.000,3.84791,3.95238,15.93,-4.966,14.147,-4.966,14.147,-4.885,3.081,1.00000,74.342
[SHELL] ccB:410,2147519507,1,9.706,-20.136,10.429,67.376,32.624,46.944,67.491,32.509,51.014
[SHELL] ccA:411,3516895091,209591,4.069,19.725,0.000,20.000,3.84791,4.06824,200.84,-4.968,14.147,-4.968,14.147,-4.887,3.081,1.00000,74.342
[SHELL] ccB:411,14967,1,9.706,-20.136,10.429,67.056,32.944,43.481,67.376,32.624,46.944
[SHELL] ccA:412,3517013395,209592,4.771,17.983,0.000,20.000,4.09866,4.20313,15.89,-4.984,14.183,-4.984,14.183,-4.889,3.082,1.00000,74.342
[SHELL] ccB:412,2147519529,1,11.954,-18.324,6.370,66.437,33.563,39.534,67.056,32.944,43.481
[SHELL] ccA:413,3517115123,209592,4.771,17.983,0.000,20.000,4.09866,4.32238,200.89,-4.987,14.184,-4.987,14.184,-4.891,3.083,1.00000,74.342
[SHELL] ccB:413,14983,1,11.954,-18.324,6.370,65.602,34.398,36.216,66.437,33.563,39.534
[SHELL] ccA:414,3517233391,209593,1.525,18.492,0.000,20.000,4.34390,4.44838,15.89,-4.923,14.174,-4.923,14.174,-4.892,3.083,1.00000,74.782
[SHELL] ccB:414,2147519531,1,16.702,-15.352,-1.350,65.621,36.818,34.379,65.602,34.398,36.216
[SHELL] ccA:415,3517335119,209593,1.525,18.492,0.000,20.000,4.34390,4.57170,200.88,-4.923,14.175,-4.923,14.175,-4.893,3.084,1.00000,74.782
[SHELL] ccB:415,14981,1,16.702,-15.352,-1.350,66.440,40.247,33.560,65.621,36.818,34.379
[SHELL] ctrlcap v1 armed=0 count=512 clock_hz=550000000 decimation=1
[SHELL] ccA:index,cycles,seq,id,iq,idref,iqref,theta,actangle,age_us,vdreq,vqreq,vd,vq,intd,intq,scale,bus
[SHELL] ccB:index,timer,valid,ia,ib,ic,du,dv,dw,active_u,active_v,active_w
[SHELL] ccA:416,3517453359,209594,4.312,20.486,0.000,20.000,4.59181,4.69629,15.89,-4.981,14.135,-4.981,14.135,-4.895,3.084,1.00000,74.342
[SHELL] ccB:416,2147519547,1,19.818,-15.750,-4.068,67.108,43.966,32.892,66.440,40.247,33.560
[SHELL] ccA:417,3517555139,209594,4.312,20.486,0.000,20.000,4.59181,4.82006,200.91,-4.983,14.135,-4.983,14.135,-4.897,3.084,1.00000,74.342
[SHELL] ccB:417,14991,1,19.818,-15.750,-4.068,67.407,47.675,32.593,67.108,43.966,32.892
[SHELL] ccA:418,3517673399,209595,6.982,18.874,0.000,20.000,4.85477,4.95926,15.89,-5.040,14.167,-5.040,14.167,-4.901,3.084,1.00000,74.342
[SHELL] ccB:418,2147519527,1,19.674,-13.503,-6.170,67.480,51.973,32.520,67.407,47.675,32.593
[SHELL] ccA:419,3517775127,209595,6.982,18.874,0.000,20.000,4.85477,5.07874,200.93,-5.044,14.168,-5.044,14.168,-4.904,3.085,1.00000,74.342
[SHELL] ccB:419,14985,1,19.674,-13.503,-6.170,67.221,55.575,32.779,67.480,51.973,32.520
[SHELL] ccA:420,3517893435,209596,7.480,16.977,0.000,20.000,5.11237,5.21685,15.96,-5.057,14.207,-5.057,14.207,-4.908,3.086,1.00000,74.342
[SHELL] ccB:420,2147519509,1,18.550,-9.516,-9.034,66.660,59.654,33.340,67.221,55.575,32.779
[SHELL] ccA:421,3517995135,209596,7.480,16.977,0.000,20.000,5.11237,5.33281,200.89,-5.061,14.209,-5.061,14.209,-4.912,3.088,1.00000,74.342
[SHELL] ccB:421,14989,1,18.550,-9.516,-9.034,65.905,62.936,34.095,66.660,59.654,33.340
[SHELL] ccA:422,3518113387,209597,2.251,16.296,0.000,20.000,5.35657,5.46104,15.89,-4.958,14.224,-4.958,14.224,-4.913,3.090,1.00000,74.342
[SHELL] ccB:422,2147519533,1,14.382,-0.274,-14.108,64.218,65.510,34.490,65.905,62.936,34.095
[SHELL] ccA:423,3518215079,209597,2.251,16.296,0.000,20.000,5.35657,5.58215,200.86,-4.959,14.226,-4.959,14.226,-4.914,3.092,1.00000,74.782
[SHELL] ccB:423,14961,1,14.382,-0.274,-14.108,60.805,66.294,33.706,64.218,65.510,34.490
[SHELL] ccA:424,3518333463,209598,0.251,22.594,0.000,20.000,5.60850,5.71301,16.06,-4.919,14.099,-4.919,14.099,-4.914,3.090,1.00000,74.782
[SHELL] ccB:424,2147519495,1,14.309,7.990,-22.299,56.959,66.820,33.180,60.805,66.294,33.706
[SHELL] ccA:425,3518435091,209598,0.251,22.594,0.000,20.000,5.60850,5.84042,200.87,-4.919,14.098,-4.919,14.098,-4.914,3.089,1.00000,74.342
[SHELL] ccB:425,14967,1,14.309,7.990,-22.299,53.219,67.294,32.706,56.959,66.820,33.180
[SHELL] ccA:426,3518553375,209599,1.489,21.137,0.000,20.000,5.86609,5.97056,15.89,-4.945,14.126,-4.945,14.126,-4.915,3.088,1.00000,74.342
[SHELL] ccB:426,2147519539,1,9.924,11.251,-21.175,49.273,67.430,32.570,53.219,67.294,32.706
[SHELL] ccA:427,3518657335,209599,1.489,21.137,0.000,20.000,5.86609,6.08779,201.93,-4.945,14.126,-4.945,14.126,-4.916,3.088,1.00000,74.342
[SHELL] ccB:427,16089,1,9.924,11.251,-21.175,45.745,67.261,32.739,49.273,67.430,32.570
[SHELL] ccA:428,3518773423,209600,1.203,18.012,0.000,20.000,6.12345,6.22796,15.98,-4.940,14.189,-4.940,14.189,-4.916,3.089,1.00000,74.342
[SHELL] ccB:428,2147519515,1,4.052,13.209,-17.261,41.628,66.822,33.178,45.745,67.261,32.739
[SHELL] ccA:429,3518875051,209600,1.203,18.012,0.000,20.000,6.12345,0.06271,200.85,-4.941,14.190,-4.941,14.190,-4.917,3.090,1.00000,74.342
[SHELL] ccB:429,14947,1,4.052,13.209,-17.261,38.256,66.137,33.863,41.628,66.822,33.178
[SHELL] ccA:430,3518993247,209601,-2.956,16.688,0.000,20.000,0.08465,0.18912,15.81,-4.856,14.218,-4.856,14.218,-4.915,3.091,1.00000,74.342
[SHELL] ccB:430,2147519603,1,-4.356,16.362,-12.006,34.983,65.204,34.796,38.256,66.137,33.863
[SHELL] ccA:431,3519094975,209601,-2.956,16.688,0.000,20.000,0.08465,0.31081,200.82,-4.855,14.220,-4.855,14.220,-4.914,3.093,1.00000,74.342
[SHELL] ccB:431,14909,1,-4.356,16.362,-12.006,33.929,66.071,37.987,34.983,65.204,34.796
[SHELL] ctrlcap v1 armed=0 count=512 clock_hz=550000000 decimation=1
[SHELL] ccA:index,cycles,seq,id,iq,idref,iqref,theta,actangle,age_us,vdreq,vqreq,vd,vq,intd,intq,scale,bus
[SHELL] ccB:index,timer,valid,ia,ib,ic,du,dv,dw,active_u,active_v,active_w
[SHELL] ccA:432,3519213247,209602,-1.210,20.879,0.000,20.000,0.33926,0.44374,15.87,-4.889,14.136,-4.889,14.136,-4.913,3.093,1.00000,74.342
[SHELL] ccB:432,2147519603,1,-8.089,20.747,-12.658,33.209,66.791,41.936,33.929,66.071,37.987
[SHELL] ccA:433,3519314995,209602,-1.210,20.879,0.000,20.000,0.33926,0.56474,200.95,-4.888,14.135,-4.888,14.135,-4.913,3.092,1.00000,74.342
[SHELL] ccB:433,14919,1,-8.089,20.747,-12.658,32.771,67.229,45.505,33.209,66.791,41.936
[SHELL] ccA:434,3519433071,209603,4.232,22.336,0.000,20.000,0.58712,0.69160,15.66,-4.999,14.105,-4.999,14.105,-4.915,3.091,1.00000,74.342
[SHELL] ccB:434,2147519691,1,-8.850,22.560,-13.709,32.569,67.431,49.548,32.771,67.229,45.505
[SHELL] ccA:435,3519535199,209603,4.232,22.336,0.000,20.000,0.58712,0.81644,200.85,-5.002,14.104,-5.002,14.104,-4.917,3.090,1.00000,74.342
[SHELL] ccB:435,15021,1,-8.850,22.560,-13.709,32.673,67.327,53.316,32.569,67.431,49.548
[SHELL] ccA:436,3519653591,209604,4.225,20.869,0.000,20.000,0.84052,0.94500,16.08,-5.003,14.133,-5.003,14.133,-4.919,3.089,1.00000,74.342
[SHELL] ccB:436,2147519431,1,-12.728,21.146,-8.418,33.028,66.972,57.134,32.673,67.327,53.316
[SHELL] ccA:437,3519755163,209604,4.225,20.869,0.000,20.000,0.84052,1.07216,200.90,-5.006,14.163,-5.006,14.163,-4.921,3.089,1.00000,74.342
[SHELL] ccB:437,15003,1,-12.728,21.146,-8.418,33.652,66.348,60.810,33.028,66.972,57.134
[SHELL] ccA:438,3519873523,209605,2.476,19.352,0.000,20.000,1.09774,1.20251,16.02,-4.972,14.193,-4.972,14.193,-4.922,3.089,1.00000,74.342
[SHELL] ccB:438,2147519465,1,-16.099,17.594,-1.495,34.561,65.439,64.341,33.652,66.348,60.810
[SHELL] ccA:439,3519975191,209605,2.476,19.352,0.000,20.000,1.09774,1.32431,200.89,-4.973,14.194,-4.973,14.194,-4.924,3.090,1.00000,74.342
[SHELL] ccB:439,15017,1,-16.099,17.594,-1.495,34.097,62.735,65.903,34.561,65.439,64.341
[SHELL] ccA:440,3520093571,209606,-0.508,21.912,0.000,20.000,1.35193,1.45669,16.09,-4.913,14.141,-4.913,14.141,-4.923,3.089,1.00000,74.342
[SHELL] ccB:440,2147519441,1,-21.499,14.441,7.059,33.356,59.022,66.644,34.097,62.735,65.903
[SHELL] ccA:441,3520195163,209606,-0.508,21.912,0.000,20.000,1.35193,1.57876,200.83,-4.913,14.140,-4.913,14.140,-4.923,3.088,1.00000,74.342
[SHELL] ccB:441,15003,1,-21.499,14.441,7.059,32.847,55.444,67.153,33.356,59.022,66.644
[SHELL] ccA:442,3520313507,209607,-2.203,21.903,0.000,20.000,1.60144,1.70620,16.02,-4.878,14.140,-4.878,14.140,-4.922,3.087,1.00000,74.342
[SHELL] ccB:442,2147519473,1,-21.826,8.424,13.401,32.603,51.689,67.397,32.847,55.444,67.153
[SHELL] ccA:443,3520415143,209607,-2.203,21.903,0.000,20.000,1.60144,1.82605,200.79,-4.877,14.139,-4.877,14.139,-4.921,3.086,1.00000,74.342
[SHELL] ccB:443,14993,1,-21.826,8.424,13.401,32.613,48.076,67.387,32.603,51.689,67.397
[SHELL] ccA:444,3520533531,209608,-1.896,18.524,0.000,20.000,1.85880,1.96357,16.03,-4.882,14.207,-4.882,14.207,-4.920,3.087,1.00000,74.342
[SHELL] ccB:444,2147519461,1,-17.223,2.480,14.742,32.849,43.973,67.151,32.613,48.076,67.387
[SHELL] ccA:445,3520635199,209608,-1.896,18.524,0.000,20.000,1.85880,2.08079,200.97,-4.881,14.208,-4.881,14.208,-4.919,3.087,1.00000,74.342
[SHELL] ccB:445,15021,1,-17.223,2.480,14.742,33.373,40.542,66.627,32.849,43.973,67.151
[SHELL] ccA:446,3520753467,209609,-3.474,19.275,0.000,20.000,2.10701,2.21178,15.97,-4.848,14.193,-4.848,14.193,-4.917,3.088,1.00000,74.342
[SHELL] ccB:446,2147519493,1,-14.794,-3.717,18.512,34.241,36.932,65.759,33.373,40.542,66.627
[SHELL] ccA:447,3520855143,209609,-3.474,19.275,0.000,20.000,2.10701,2.33499,200.82,-4.846,14.194,-4.846,14.194,-4.915,3.088,1.00000,74.342
[SHELL] ccB:447,14993,1,-14.794,-3.717,18.512,36.091,34.483,65.517,34.241,36.932,65.759
[SHELL] ctrlcap v1 armed=0 count=512 clock_hz=550000000 decimation=1
[SHELL] ccA:index,cycles,seq,id,iq,idref,iqref,theta,actangle,age_us,vdreq,vqreq,vd,vq,intd,intq,scale,bus
[SHELL] ccB:index,timer,valid,ia,ib,ic,du,dv,dw,active_u,active_v,active_w
[SHELL] ccA:448,3520973455,209610,-0.347,23.474,0.000,20.000,2.36052,2.46531,16.01,-4.908,14.108,-4.908,14.108,-4.915,3.086,1.00000,74.342
[SHELL] ccB:448,2147519499,1,-16.280,-6.508,22.788,39.907,33.604,66.396,36.091,34.483,65.517
[SHELL] ccA:449,3521075119,209610,-0.347,23.474,0.000,20.000,2.36052,2.58752,200.87,-4.908,14.106,-4.908,14.106,-4.915,3.085,1.00000,74.342
[SHELL] ccB:449,14981,1,-16.280,-6.508,22.788,43.446,33.018,66.982,39.907,33.604,66.396
[SHELL] ccA:450,3521193387,209611,2.375,25.883,0.000,20.000,2.61223,2.71699,15.91,-4.964,14.055,-4.964,14.055,-4.916,3.082,1.00000,74.342
[SHELL] ccB:450,2147519533,1,-15.121,-10.749,25.869,47.444,32.699,67.301,43.446,33.018,66.982
[SHELL] ccA:451,3521295091,209611,2.375,25.883,0.000,20.000,2.61223,2.84212,200.90,-4.965,14.052,-4.965,14.052,-4.918,3.079,1.00000,74.342
[SHELL] ccB:451,14967,1,-15.121,-10.749,25.869,51.208,32.653,67.347,47.444,32.699,67.301
[SHELL] ccA:452,3521413415,209612,6.634,21.640,0.000,20.000,2.86678,2.97157,15.98,-5.054,14.136,-5.054,14.136,-4.921,3.078,1.00000,74.342
[SHELL] ccB:452,2147519519,1,-12.257,-10.350,22.607,55.223,32.774,67.226,51.208,32.653,67.347
[SHELL] ccA:453,3521515079,209612,6.634,21.640,0.000,20.000,2.86678,3.09540,200.84,-5.057,14.135,-5.057,14.135,-4.924,3.077,1.00000,74.342
[SHELL] ccB:453,14961,1,-12.257,-10.350,22.607,58.875,33.279,66.721,55.223,32.774,67.226
[SHELL] ccA:454,3521633455,209613,1.268,18.272,0.000,20.000,3.11540,3.22019,16.00,-4.950,14.203,-4.950,14.203,-4.925,3.078,1.00000,74.342
[SHELL] ccB:454,2147519499,1,-1.747,-14.917,16.663,62.207,33.958,66.042,58.875,33.279,66.721
[SHELL] ccA:455,3521735067,209613,1.268,18.272,0.000,20.000,3.11540,3.34819,200.84,-4.951,14.204,-4.951,14.204,-4.925,3.079,1.00000,74.342
[SHELL] ccB:455,14955,1,-1.747,-14.917,16.663,65.334,34.666,64.690,62.207,33.958,66.042
[SHELL] ccA:456,3521853399,209614,-0.150,18.834,0.000,20.000,3.37816,3.48291,15.91,-4.922,14.194,-4.922,14.194,-4.925,3.079,1.00000,73.902
[SHELL] ccB:456,2147519527,1,4.560,-18.106,13.546,66.400,33.600,61.085,65.334,34.666,64.690
[SHELL] ccA:457,3521955123,209614,-0.150,18.834,0.000,20.000,3.37816,3.60261,200.84,-4.922,14.194,-4.922,14.194,-4.925,3.080,1.00000,73.902
[SHELL] ccB:457,14983,1,4.560,-18.106,13.546,67.048,32.952,57.614,66.400,33.600,61.085
[SHELL] ccA:458,3522073479,209615,-1.975,21.926,0.000,20.000,3.62772,3.73248,15.99,-4.885,14.131,-4.885,14.131,-4.924,3.079,1.00000,74.342
[SHELL] ccB:458,2147519487,1,11.990,-21.984,9.994,67.285,32.715,53.716,67.048,32.952,57.614
[SHELL] ccA:459,3522175147,209615,-1.975,21.926,0.000,20.000,3.62772,3.85381,200.91,-4.884,14.130,-4.884,14.130,-4.923,3.078,1.00000,74.342
[SHELL] ccB:459,14995,1,11.990,-21.984,9.994,67.416,32.584,50.067,67.285,32.715,53.716
[SHELL] ccA:460,3522293567,209616,-4.614,19.363,0.000,20.000,3.87694,3.98170,16.09,-4.829,14.182,-4.829,14.182,-4.921,3.078,1.00000,74.342
[SHELL] ccB:460,2147519443,1,16.412,-17.961,1.550,67.325,32.675,46.349,67.416,32.584,50.067
[SHELL] ccA:461,3522395143,209616,-4.614,19.363,0.000,20.000,3.87694,4.10370,200.84,-4.826,14.182,-4.826,14.182,-4.919,3.079,1.00000,74.342
[SHELL] ccB:461,14993,1,16.412,-17.961,1.550,66.939,33.061,42.729,67.325,32.675,46.349
[SHELL] ccA:462,3522513471,209617,-3.985,19.229,0.000,20.000,4.13126,4.23603,15.97,-4.837,14.185,-4.837,14.185,-4.917,3.079,1.00000,74.342
[SHELL] ccB:462,2147519491,1,18.260,-15.388,-2.872,66.240,33.760,38.900,66.939,33.061,42.729
[SHELL] ccA:463,3522615135,209617,-3.985,19.229,0.000,20.000,4.13126,4.36198,200.85,-4.835,14.186,-4.835,14.186,-4.915,3.079,1.00000,74.342
[SHELL] ccB:463,14989,1,18.260,-15.388,-2.872,65.308,34.692,35.458,66.240,33.760,38.900
[SHELL] ctrlcap v1 armed=0 count=512 clock_hz=550000000 decimation=1
[SHELL] ccA:index,cycles,seq,id,iq,idref,iqref,theta,actangle,age_us,vdreq,vqreq,vd,vq,intd,intq,scale,bus
[SHELL] ccB:index,timer,valid,ia,ib,ic,du,dv,dw,active_u,active_v,active_w
[SHELL] ccA:464,3522733459,209618,-0.759,19.866,0.000,20.000,4.37909,4.48385,15.96,-4.899,14.173,-4.899,14.173,-4.914,3.080,1.00000,74.342
[SHELL] ccB:464,2147519497,1,19.021,-14.518,-4.503,65.956,37.681,34.044,65.308,34.692,35.458
[SHELL] ccA:465,3522835171,209618,-0.759,19.866,0.000,20.000,4.37909,4.60876,200.91,-4.899,14.173,-4.899,14.173,-4.914,3.080,1.00000,74.342
[SHELL] ccB:465,15007,1,19.021,-14.518,-4.503,66.717,41.219,33.283,65.956,37.681,34.044
[SHELL] ccA:466,3522953495,209619,-0.376,21.916,0.000,20.000,4.63858,4.74335,16.02,-4.906,14.131,-4.906,14.131,-4.914,3.079,1.00000,74.342
[SHELL] ccB:466,2147519479,1,21.884,-12.017,-9.867,67.207,45.237,32.793,66.717,41.219,33.283
[SHELL] ccA:467,3523055147,209619,-0.376,21.916,0.000,20.000,4.63858,4.86686,200.91,-4.906,14.130,-4.906,14.130,-4.914,3.078,1.00000,74.342
[SHELL] ccB:467,14995,1,21.884,-12.017,-9.867,67.414,48.946,32.586,67.207,45.237,32.793
[SHELL] ccA:468,3523173471,209620,2.500,18.912,0.000,20.000,4.88844,4.99319,15.96,-4.965,14.191,-4.965,14.191,-4.915,3.078,1.00000,74.342
[SHELL] ccB:468,2147519491,1,19.057,-8.791,-10.266,67.437,52.840,32.563,67.414,48.946,32.586
[SHELL] ccA:469,3523275119,209620,2.500,18.912,0.000,20.000,4.88844,5.11384,200.87,-4.966,14.191,-4.966,14.191,-4.916,3.079,1.00000,74.342
[SHELL] ccB:469,14981,1,19.057,-8.791,-10.266,67.114,56.456,32.886,67.437,52.840,32.563
[SHELL] ccA:470,3523393459,209621,1.446,16.939,0.000,20.000,5.14635,5.25112,15.97,-4.946,14.232,-4.946,14.232,-4.917,3.080,1.00000,74.342
[SHELL] ccB:470,2147519497,1,15.977,-2.956,-13.021,66.491,60.412,33.509,67.114,56.456,32.886
[SHELL] ccA:471,3523495163,209621,1.446,16.939,0.000,20.000,5.14635,5.37114,200.90,-4.946,14.234,-4.946,14.234,-4.918,3.082,1.00000,74.342
[SHELL] ccB:471,15003,1,15.977,-2.956,-13.021,65.654,63.759,34.346,66.491,60.412,33.509
[SHELL] ccA:472,3523613455,209622,-2.726,17.708,0.000,20.000,5.39460,5.49936,15.96,-4.862,14.220,-4.862,14.220,-4.916,3.083,1.00000,74.342
[SHELL] ccB:472,2147519499,1,12.026,5.489,-17.515,63.309,65.730,34.270,65.654,63.759,34.346
[SHELL] ccA:473,3523715159,209622,-2.726,17.708,0.000,20.000,5.39460,5.61982,200.91,-4.860,14.221,-4.860,14.221,-4.915,3.084,1.00000,74.342
[SHELL] ccB:473,15001,1,12.026,5.489,-17.515,59.942,66.539,33.461,63.309,65.730,34.270
[SHELL] ccA:474,3523833455,209623,-2.339,23.308,0.000,20.000,5.64582,5.75057,15.96,-4.867,14.107,-4.867,14.107,-4.914,3.082,1.00000,74.342
[SHELL] ccB:474,2147519499,1,11.990,11.433,-23.422,55.994,67.036,32.964,59.942,66.539,33.461
[SHELL] ccA:475,3523935127,209623,-2.339,23.308,0.000,20.000,5.64582,5.87319,200.85,-4.866,14.106,-4.866,14.106,-4.912,3.081,1.00000,74.342
[SHELL] ccB:475,14985,1,11.990,11.433,-23.422,52.341,67.329,32.671,55.994,67.036,32.964
[SHELL] ccA:476,3524053455,209624,-1.659,19.184,0.000,20.000,5.89533,6.00008,15.96,-4.878,14.188,-4.878,14.188,-4.912,3.081,1.00000,74.342
[SHELL] ccB:476,2147519499,1,5.720,13.064,-18.783,48.545,67.458,32.542,52.341,67.329,32.671
[SHELL] ccA:477,3524155147,209624,-1.659,19.184,0.000,20.000,5.89533,6.12763,200.89,-4.878,14.189,-4.878,14.189,-4.911,3.082,1.00000,74.342
[SHELL] ccB:477,14995,1,5.720,13.064,-18.783,44.713,67.210,32.790,48.545,67.458,32.542
[SHELL] ccA:478,3524273443,209625,-4.307,19.048,0.000,20.000,6.14851,6.25327,15.96,-4.822,14.192,-4.822,14.192,-4.909,3.082,1.00000,74.342
[SHELL] ccB:478,2147519505,1,-1.710,17.703,-15.993,41.130,66.693,33.307,44.713,67.210,32.790
[SHELL] ccA:479,3524375071,209625,-4.307,19.048,0.000,20.000,6.14851,0.09405,200.85,-4.820,14.193,-4.820,14.193,-4.906,3.083,1.00000,74.342
[SHELL] ccB:479,14957,1,-1.710,17.703,-15.993,37.628,65.933,34.067,41.130,66.693,33.307
[SHELL] ctrlcap v1 armed=0 count=512 clock_hz=550000000 decimation=1
[SHELL] ccA:index,cycles,seq,id,iq,idref,iqref,theta,actangle,age_us,vdreq,vqreq,vd,vq,intd,intq,scale,bus
[SHELL] ccB:index,timer,valid,ia,ib,ic,du,dv,dw,active_u,active_v,active_w
[SHELL] ccA:480,3524493343,209626,-3.055,18.818,0.000,20.000,0.11869,0.22348,15.95,-4.844,14.198,-4.844,14.198,-4.905,3.083,1.00000,74.342
[SHELL] ccB:480,2147519555,1,-5.262,18.500,-13.238,34.622,65.378,35.623,37.628,65.933,34.067
[SHELL] ccA:481,3524594979,209626,-3.055,18.818,0.000,20.000,0.11869,0.34735,200.84,-4.842,14.198,-4.842,14.198,-4.903,3.084,1.00000,73.902
[SHELL] ccB:481,14911,1,-5.262,18.500,-13.238,33.618,66.382,38.956,34.622,65.378,35.623
[SHELL] ccA:482,3524713263,209627,-1.619,20.002,0.000,20.000,0.37600,0.48077,15.78,-4.870,14.175,-4.870,14.175,-4.903,3.084,1.00000,73.902
[SHELL] ccB:482,2147519595,1,-8.850,20.022,-11.172,32.921,67.079,42.902,33.618,66.382,38.956
[SHELL] ccA:483,3524815011,209627,-1.619,20.002,0.000,20.000,0.37600,0.59626,200.85,-4.869,14.175,-4.869,14.175,-4.902,3.084,1.00000,73.902
[SHELL] ccB:483,14927,1,-8.850,20.022,-11.172,32.563,67.437,46.357,32.921,67.079,42.902
[SHELL] ccA:484,3524933155,209628,1.480,22.232,0.000,20.000,0.62196,0.72672,15.73,-4.932,14.129,-4.932,14.129,-4.903,3.083,1.00000,74.342
[SHELL] ccB:484,2147519649,1,-11.750,22.270,-10.520,32.569,67.431,50.464,32.563,67.437,46.357
[SHELL] ccA:485,3525035271,209628,1.480,22.232,0.000,20.000,0.62196,0.84410,200.89,-4.933,14.128,-4.933,14.128,-4.903,3.082,1.00000,74.342
[SHELL] ccB:485,15057,1,-11.750,22.270,-10.520,32.721,67.279,53.999,32.569,67.431,50.464
[SHELL] ccA:486,3525153647,209629,3.344,21.813,0.000,20.000,0.87808,0.98283,16.16,-4.972,14.135,-4.972,14.135,-4.905,3.081,1.00000,74.342
[SHELL] ccB:486,2147519403,1,-14.649,21.617,-6.968,33.195,66.805,58.176,32.721,67.279,53.999
[SHELL] ccA:487,3525255195,209629,3.344,21.813,0.000,20.000,0.87808,1.10305,200.85,-4.974,14.134,-4.974,14.134,-4.907,3.080,1.00000,74.342
[SHELL] ccB:487,15019,1,-14.649,21.617,-6.968,33.884,66.116,61.611,33.195,66.805,58.176
[SHELL] ccA:488,3525373659,209630,-2.477,18.771,0.000,20.000,1.12768,1.23246,16.20,-4.856,14.196,-4.856,14.196,-4.905,3.080,1.00000,74.342
[SHELL] ccB:488,2147519397,1,-18.020,14.042,3.978,34.788,65.212,64.906,33.884,66.116,61.611
[SHELL] ccA:489,3525475207,209630,-2.477,18.771,0.000,20.000,1.12768,1.35078,200.84,-4.855,14.196,-4.855,14.196,-4.904,3.081,1.00000,74.342
[SHELL] ccB:489,15025,1,-18.020,14.042,3.978,33.999,62.181,66.001,34.788,65.212,64.906
[SHELL] ccA:490,3525593619,209631,-2.013,20.586,0.000,20.000,1.37943,1.48419,16.10,-4.863,14.160,-4.863,14.160,-4.903,3.081,1.00000,74.342
[SHELL] ccB:490,2147519417,1,-20.593,11.976,8.617,33.236,58.331,66.764,33.999,62.181,66.001
[SHELL] ccA:491,3525695279,209631,-2.013,20.586,0.000,20.000,1.37943,1.60157,200.97,-4.862,14.160,-4.862,14.160,-4.902,3.080,1.00000,74.342
[SHELL] ccB:491,15061,1,-20.593,11.976,8.617,32.788,54.874,67.212,33.236,58.331,66.764
[SHELL] ccA:492,3525813619,209632,-1.902,18.839,0.000,20.000,1.62474,1.72950,16.10,-4.863,14.195,-4.863,14.195,-4.901,3.081,1.00000,74.342
[SHELL] ccB:492,2147519417,1,-18.709,6.830,11.879,32.531,51.054,67.469,32.788,54.874,67.212
[SHELL] ccA:493,3525915247,209632,-1.902,18.839,0.000,20.000,1.62474,1.84962,200.91,-4.862,14.196,-4.862,14.196,-4.900,3.082,1.00000,74.342
[SHELL] ccB:493,15045,1,-18.709,6.830,11.879,32.583,47.423,67.417,32.531,51.054,67.469
[SHELL] ccA:494,3526033627,209633,-2.995,16.795,0.000,20.000,1.88937,1.99412,16.10,-4.839,14.238,-4.839,14.238,-4.899,3.083,1.00000,74.342
[SHELL] ccB:494,2147519413,1,-15.012,0.487,14.525,32.933,43.162,67.067,32.583,47.423,67.417
[SHELL] ccA:495,3526135211,209633,-2.995,16.795,0.000,20.000,1.88937,2.10630,200.88,-4.837,14.240,-4.837,14.240,-4.897,3.085,1.00000,74.342
[SHELL] ccB:495,15027,1,-15.012,0.487,14.525,33.480,39.898,66.520,32.933,43.162,67.067
[SHELL] ctrlcap v1 armed=0 count=512 clock_hz=550000000 decimation=1
[SHELL] ccA:index,cycles,seq,id,iq,idref,iqref,theta,actangle,age_us,vdreq,vqreq,vd,vq,intd,intq,scale,bus
[SHELL] ccB:index,timer,valid,ia,ib,ic,du,dv,dw,active_u,active_v,active_w
[SHELL] ccA:496,3526253603,209634,-4.505,15.074,0.000,20.000,2.13129,2.23606,16.11,-4.805,14.277,-4.805,14.277,-4.895,3.087,1.00000,74.342
[SHELL] ccB:496,2147519425,1,-10.373,-5.058,15.431,34.326,36.335,65.674,33.480,39.898,66.520
[SHELL] ccA:497,3526355131,209634,-4.505,15.074,0.000,20.000,2.13129,2.36134,200.86,-4.803,14.279,-4.803,14.279,-4.893,3.090,1.00000,74.342
[SHELL] ccB:497,14987,1,-10.373,-5.058,15.431,36.620,34.242,65.758,34.326,36.335,65.674
[SHELL] ccA:498,3526473479,209635,-1.232,20.613,0.000,20.000,2.39066,2.49543,16.00,-4.867,14.168,-4.867,14.168,-4.892,3.089,1.00000,74.342
[SHELL] ccB:498,2147519487,1,-13.163,-7.197,20.360,40.628,33.408,66.592,36.620,34.242,65.758
[SHELL] ccA:499,3526575155,209635,-1.232,20.613,0.000,20.000,2.39066,2.61594,200.94,-4.867,14.168,-4.867,14.168,-4.892,3.089,1.00000,74.342
[SHELL] ccB:499,14999,1,-13.163,-7.197,20.360,44.150,32.879,67.121,40.628,33.408,66.592
[SHELL] ccA:500,3526693483,209636,1.921,22.612,0.000,20.000,2.63665,2.74143,15.99,-4.931,14.126,-4.931,14.126,-4.892,3.088,1.00000,74.342
[SHELL] ccB:500,2147519485,1,-12.620,-10.024,22.643,48.059,32.606,67.394,44.150,32.879,67.121
[SHELL] ccA:501,3526795155,209636,1.921,22.612,0.000,20.000,2.63665,2.85952,200.89,-4.932,14.125,-4.932,14.125,-4.893,3.086,1.00000,74.342
[SHELL] ccB:501,14999,1,-12.620,-10.024,22.643,51.625,32.596,67.404,48.059,32.606,67.394
[SHELL] ccA:502,3526913515,209637,4.546,20.928,0.000,20.000,2.89387,2.99866,16.06,-4.987,14.158,-4.987,14.158,-4.896,3.086,1.00000,74.342
[SHELL] ccB:502,2147519469,1,-9.539,-11.836,21.375,55.890,32.847,67.153,51.625,32.596,67.404
[SHELL] ccA:503,3527015179,209637,4.546,20.928,0.000,20.000,2.89387,3.11043,200.92,-4.989,14.158,-4.989,14.158,-4.898,3.086,1.00000,74.342
[SHELL] ccB:503,15011,1,-9.539,-11.836,21.375,59.171,33.334,66.666,55.890,32.847,67.153
[SHELL] ccA:504,3527133535,209638,0.640,19.098,0.000,20.000,3.13110,3.23589,16.09,-4.911,14.195,-4.911,14.195,-4.898,3.086,1.00000,74.342
[SHELL] ccB:504,2147519459,1,-0.841,-16.113,16.953,62.562,34.076,65.924,59.171,33.334,66.666
[SHELL] ccA:505,3527235135,209638,0.640,19.098,0.000,20.000,3.13110,3.36218,200.82,-4.911,14.195,-4.911,14.195,-4.899,3.086,1.00000,74.342
[SHELL] ccB:505,14989,1,-0.841,-16.113,16.953,65.410,34.590,64.358,62.562,34.076,65.924
[SHELL] ccA:506,3527353471,209639,-0.293,19.988,0.000,20.000,3.39447,3.49924,15.99,-4.893,14.178,-4.893,14.178,-4.898,3.086,1.00000,74.342
[SHELL] ccB:506,2147519491,1,5.285,-19.338,14.054,66.368,33.632,60.583,65.410,34.590,64.358
[SHELL] ccA:507,3527455115,209639,-0.293,19.988,0.000,20.000,3.39447,3.61596,200.82,-4.892,14.178,-4.892,14.178,-4.898,3.086,1.00000,74.342
[SHELL] ccB:507,14979,1,5.285,-19.338,14.054,66.969,33.031,57.209,66.368,33.632,60.583
[SHELL] ccA:508,3527573467,209640,-3.470,22.127,0.000,20.000,3.64181,3.74656,15.99,-4.827,14.134,-4.827,14.134,-4.897,3.085,1.00000,74.342
[SHELL] ccB:508,2147519493,1,13.657,-22.202,8.545,67.287,32.713,53.401,66.969,33.031,57.209
[SHELL] ccA:509,3527675127,209640,-3.470,22.127,0.000,20.000,3.64181,3.86615,200.84,-4.825,14.133,-4.825,14.133,-4.895,3.084,1.00000,74.342
[SHELL] ccB:509,14985,1,13.657,-22.202,8.545,67.396,32.604,49.808,67.287,32.713,53.401
[SHELL] ccA:510,3527793511,209641,-3.122,20.083,0.000,20.000,3.89188,3.99664,15.99,-4.831,14.174,-4.831,14.174,-4.893,3.084,1.00000,74.342
[SHELL] ccB:510,2147519471,1,15.977,-18.867,2.891,67.282,32.718,45.893,67.396,32.604,49.808
[SHELL] ccA:511,3527895163,209641,-3.122,20.083,0.000,20.000,3.89188,4.11888,200.90,-4.829,14.173,-4.829,14.173,-4.892,3.084,1.00000,74.342
[SHELL] ccB:511,15003,1,15.977,-18.867,2.891,66.864,33.136,42.277,67.282,32.718,45.893
