[SHELL] ctrlcap v1 armed=0 count=512 clock_hz=550000000 decimation=1
[SHELL] ccA:index,cycles,seq,id,iq,idref,iqref,theta,actangle,age_us,vdreq,vqreq,vd,vq,intd,intq,scale,bus
[SHELL] ccB:index,timer,valid,ia,ib,ic,du,dv,dw,active_u,active_v,active_w
[SHELL] ccA:0,449661068,312783,17.266,18.744,0.000,35.000,4.21713,4.59757,200.95,-11.730,24.042,-10.930,22.403,-11.380,5.055,0.93185,74.782
[SHELL] ccB:0,2147523683,1,8.286,-25.013,16.728,78.378,40.827,21.622,76.709,31.028,23.291
[SHELL] ccA:1,449779656,312784,4.062,20.228,0.000,35.000,4.64718,4.82315,16.58,-11.464,24.011,-10.740,22.495,-11.379,5.055,0.93686,74.782
[SHELL] ccB:1,19259,1,19.920,-14.611,-5.308,78.852,51.629,21.148,78.378,40.827,21.622
[SHELL] ccA:2,449881128,312784,4.062,20.228,0.000,35.000,4.64718,5.02181,201.06,-11.462,24.011,-10.739,22.496,-11.377,5.055,0.93689,74.782
[SHELL] ccB:2,2147523653,1,19.920,-14.611,-5.308,78.099,61.457,21.901,78.852,51.629,21.148
[SHELL] ccA:3,449999648,312785,-5.884,15.680,0.000,35.000,5.06608,5.24203,16.58,-11.257,24.104,-10.548,22.586,-11.371,5.057,0.93701,74.782
[SHELL] ccB:3,19255,1,12.671,3.148,-15.819,76.082,71.430,23.918,78.099,61.457,21.901
[SHELL] ccA:4,450101080,312785,-5.884,15.680,0.000,35.000,5.06608,5.44950,201.00,-11.250,24.106,-10.542,22.588,-11.364,5.059,0.93704,74.782
[SHELL] ccB:4,2147523677,1,12.671,3.148,-15.819,69.334,76.622,23.378,76.082,71.430,23.918
[SHELL] ccA:5,450219632,312786,0.397,20.840,0.000,35.000,5.49710,5.67304,16.58,-11.372,24.002,-10.610,22.394,-11.361,5.058,0.93300,74.342
[SHELL] ccB:5,19247,1,15.027,4.996,-20.023,58.345,78.463,21.537,69.334,76.622,23.378
[SHELL] ccA:6,450321060,312786,0.397,20.840,0.000,35.000,5.49710,5.87253,200.99,-11.369,24.001,-10.608,22.395,-11.357,5.057,0.93308,74.342
[SHELL] ccB:6,2147523687,1,15.027,4.996,-20.023,48.415,78.853,21.147,58.345,78.463,21.537
[SHELL] ccA:7,450439620,312787,21.736,25.633,0.000,35.000,5.93806,6.11402,16.54,-11.803,23.902,-10.972,22.219,-11.364,5.053,0.92960,74.342
[SHELL] ccB:7,19241,1,29.126,-0.041,-29.084,35.726,77.666,22.334,48.415,78.853,21.147
[SHELL] ccA:8,450541140,312787,21.736,25.633,0.000,35.000,5.93806,0.01728,201.11,-11.809,23.898,-10.978,22.216,-11.370,5.049,0.92961,74.342
[SHELL] ccB:8,2147523647,1,29.126,-0.041,-29.084,27.078,75.655,24.345,35.726,77.666,22.334
[SHELL] ccA:9,450659596,312788,10.865,17.300,0.000,35.000,0.06201,0.23791,16.56,-11.593,24.066,-10.755,22.325,-11.372,5.050,0.92768,74.342
[SHELL] ccB:9,19231,1,9.772,10.650,-20.422,22.987,77.013,32.369,27.078,75.655,24.345
[SHELL] ccA:10,450760948,312788,10.865,17.300,0.000,35.000,0.06201,0.43707,200.91,-11.594,24.066,-10.756,22.325,-11.373,5.050,0.92766,74.342
[SHELL] ccB:10,2147523743,1,9.772,10.650,-20.422,21.507,78.493,41.977,22.987,77.013,32.369
[SHELL] ccA:11,450879412,312789,-2.946,20.273,0.000,35.000,0.48871,0.66465,16.39,-11.313,24.005,-10.626,22.549,-11.368,5.050,0.93934,74.782
[SHELL] ccB:11,19137,1,-12.120,20.364,-8.244,21.181,78.819,52.891,21.507,78.493,41.977
[SHELL] ccA:12,450981180,312789,-2.946,20.273,0.000,35.000,0.48871,0.85662,200.98,-11.308,24.005,-10.560,22.418,-11.363,5.049,0.93389,74.342
[SHELL] ccB:12,2147523627,1,-12.120,20.364,-8.244,22.027,77.973,62.353,21.181,78.819,52.891
[SHELL] ccA:13,451099812,312790,-5.409,19.609,0.000,35.000,0.91307,1.08902,16.77,-11.252,24.018,-10.513,22.440,-11.356,5.049,0.93431,74.342
[SHELL] ccB:13,19337,1,-18.825,16.087,2.738,24.394,75.606,73.086,22.027,77.973,62.353
[SHELL] ccA:14,451201128,312790,-5.409,19.609,0.000,35.000,0.91307,1.28222,200.98,-11.246,24.018,-10.508,22.442,-11.350,5.049,0.93441,74.342
[SHELL] ccB:14,2147523653,1,-18.825,16.087,2.738,23.131,68.280,76.869,24.394,75.606,73.086
[SHELL] ccA:15,451319788,312791,5.304,22.283,0.000,35.000,1.33082,1.50676,16.71,-11.459,23.963,-10.690,22.356,-11.349,5.047,0.93295,74.342
[SHELL] ccB:15,19325,1,-20.383,19.240,1.143,21.421,57.056,78.579,23.131,68.280,76.869
[SHELL] ctrlcap v1 armed=0 count=512 clock_hz=550000000 decimation=1
[SHELL] ccA:index,cycles,seq,id,iq,idref,iqref,theta,actangle,age_us,vdreq,vqreq,vd,vq,intd,intq,scale,bus
[SHELL] ccB:index,timer,valid,ia,ib,ic,du,dv,dw,active_u,active_v,active_w
[SHELL] ccA:16,451421144,312791,5.304,22.283,0.000,35.000,1.33082,1.70926,200.99,-11.458,23.961,-10.690,22.356,-11.348,5.046,0.93302,74.342
[SHELL] ccB:16,2147523645,1,-20.383,19.240,1.143,21.186,46.957,78.814,21.421,57.056,78.579
[SHELL] ccA:17,451539852,312792,23.300,23.204,0.000,35.000,1.76133,1.93717,16.71,-11.825,23.941,-10.974,22.218,-11.355,5.043,0.92805,74.342
[SHELL] ccB:17,19357,1,-27.197,29.606,-2.409,22.435,35.149,77.565,21.186,46.957,78.814
[SHELL] ccA:18,451641140,312792,23.300,23.204,0.000,35.000,1.76133,2.13562,200.94,-11.833,23.938,-10.981,22.215,-11.362,5.040,0.92802,74.342
[SHELL] ccB:18,2147523647,1,-27.197,29.606,-2.409,24.671,26.015,75.329,22.435,35.149,77.565
[SHELL] ccA:19,451759728,312793,11.263,14.604,0.000,35.000,2.18539,2.36178,16.66,-11.593,24.163,-10.720,22.342,-11.364,5.041,0.92463,74.342
[SHELL] ccB:19,19295,1,-18.426,9.889,8.537,33.682,22.713,77.287,24.671,26.015,75.329
[SHELL] ccA:20,451861088,312793,11.263,14.604,0.000,35.000,2.18539,2.54995,200.94,-11.595,24.164,-10.720,22.342,-11.365,5.042,0.92458,74.342
[SHELL] ccB:20,2147523673,1,-18.426,9.889,8.537,42.812,21.432,78.568,33.682,22.713,77.287
[SHELL] ccA:21,451979684,312794,-1.680,19.473,0.000,35.000,2.61204,2.78847,16.61,-11.330,24.066,-10.556,22.420,-11.360,5.042,0.93162,74.342
[SHELL] ccB:21,19273,1,-8.387,-11.096,19.482,54.340,21.241,78.759,42.812,21.432,78.568
[SHELL] ccA:22,452081152,312794,-1.680,19.473,0.000,35.000,2.61204,2.98164,201.09,-11.326,24.065,-10.552,22.422,-11.356,5.041,0.93170,74.342
[SHELL] ccB:22,2147523641,1,-8.387,-11.096,19.482,63.814,22.256,77.744,54.340,21.241,78.759
[SHELL] ccA:23,452199676,312795,-2.169,18.996,0.000,35.000,3.02906,3.20549,16.61,-11.311,24.074,-10.538,22.428,-11.351,5.041,0.93163,74.342
[SHELL] ccB:23,19269,1,0.022,-16.569,16.547,74.108,24.710,75.290,63.814,22.256,77.744
[SHELL] ccA:24,452301108,312795,-2.169,18.996,0.000,35.000,3.02906,3.40298,201.01,-11.306,24.074,-10.534,22.430,-11.346,5.041,0.93171,74.342
[SHELL] ccB:24,2147523663,1,0.022,-16.569,16.547,77.149,22.851,66.992,74.108,24.710,75.290
[SHELL] ccA:25,452419668,312796,7.380,22.700,0.000,35.000,3.45230,3.62874,16.61,-11.497,23.998,-10.707,22.348,-11.345,5.039,0.93126,74.342
[SHELL] ccB:25,19265,1,-0.087,-20.628,20.715,78.682,21.318,55.652,77.149,22.851,66.992
[SHELL] ccA:26,452521120,312796,7.380,22.700,0.000,35.000,3.45230,3.82923,201.03,-11.497,23.996,-10.707,22.348,-11.345,5.037,0.93133,74.342
[SHELL] ccB:26,2147523657,1,-0.087,-20.628,20.715,78.758,21.242,45.644,78.682,21.318,55.652
[SHELL] ccA:27,452639672,312797,25.595,25.425,0.000,35.000,3.86762,4.04406,16.61,-11.870,23.938,-11.009,22.201,-11.354,5.033,0.92744,74.342
[SHELL] ccB:27,19267,1,-2.261,-30.051,32.313,77.442,22.558,34.481,78.758,21.242,45.644
[SHELL] ccA:28,452741108,312797,25.595,25.425,0.000,35.000,3.86762,4.25262,201.04,-11.878,23.934,-11.016,22.197,-11.362,5.029,0.92743,74.342
[SHELL] ccB:28,2147523663,1,-2.261,-30.051,32.313,75.013,25.039,24.987,77.442,22.558,34.481
[SHELL] ccA:29,452859708,312798,17.153,17.013,0.000,35.000,4.30520,4.48159,16.61,-11.714,24.103,-10.832,22.288,-11.366,5.029,0.92471,74.342
[SHELL] ccB:29,19285,1,8.829,-23.890,15.061,77.561,35.128,22.439,75.013,25.039,24.987
[SHELL] ccA:30,452961084,312798,17.153,17.013,0.000,35.000,4.30520,4.68717,200.96,-11.718,24.103,-10.835,22.286,-11.370,5.029,0.92465,74.342
[SHELL] ccB:30,2147523675,1,8.829,-23.890,15.061,78.734,45.193,21.266,77.561,35.128,22.439
[SHELL] ccA:31,453079644,312799,-0.096,15.937,0.000,35.000,4.72908,4.90552,16.58,-11.368,24.125,-10.563,22.416,-11.366,5.030,0.92919,74.342
[SHELL] ccB:31,19253,1,15.933,-7.653,-8.280,78.693,55.484,21.307,78.734,45.193,21.266
[SHELL] ctrlcap v1 armed=0 count=512 clock_hz=550000000 decimation=1
[SHELL] ccA:index,cycles,seq,id,iq,idref,iqref,theta,actangle,age_us,vdreq,vqreq,vd,vq,intd,intq,scale,bus
[SHELL] ccB:index,timer,valid,ia,ib,ic,du,dv,dw,active_u,active_v,active_w
[SHELL] ccA:32,453181084,312799,-0.096,15.937,0.000,35.000,4.72908,5.10307,201.01,-11.364,24.126,-10.560,22.418,-11.362,5.031,0.92922,74.342
[SHELL] ccB:32,2147523675,1,15.933,-7.653,-8.280,77.515,65.124,22.485,78.693,55.484,21.307
[SHELL] ccA:33,453299676,312800,-7.007,13.150,0.000,35.000,5.15638,5.33281,16.61,-11.219,24.184,-10.428,22.480,-11.355,5.033,0.92954,74.342
[SHELL] ccB:33,19269,1,8.866,5.939,-14.804,74.671,75.109,24.891,77.515,65.124,22.485
[SHELL] ccA:34,453401092,312800,-7.007,13.150,0.000,35.000,5.15638,5.52533,201.05,-11.211,24.186,-10.422,22.483,-11.347,5.036,0.92957,74.342
[SHELL] ccB:34,2147523671,1,8.866,5.939,-14.804,65.909,77.367,22.633,74.671,75.109,24.891
[SHELL] ccA:35,453519652,312801,5.001,20.909,0.000,35.000,5.58202,5.75843,16.57,-11.450,24.029,-10.660,22.371,-11.346,5.034,0.93097,74.342
[SHELL] ccB:35,19257,1,17.310,2.387,-19.697,54.000,78.775,21.225,65.909,77.367,22.633
[SHELL] ccA:36,453621064,312801,5.001,20.909,0.000,35.000,5.58202,5.95633,200.99,-11.448,24.028,-10.596,22.239,-11.344,5.032,0.92553,73.902
[SHELL] ccB:36,2147523685,1,17.310,2.387,-19.697,44.125,78.668,21.332,54.000,78.775,21.225
[SHELL] ccA:37,453740200,312802,25.697,23.796,0.000,35.000,6.00372,6.18016,16.54,-11.871,23.967,-10.934,22.075,-11.352,5.029,0.92104,73.902
[SHELL] ccB:37,19531,1,31.264,-1.962,-29.302,32.533,77.049,22.951,44.125,78.668,21.332
[SHELL] ccA:38,453841016,312802,25.697,23.796,0.000,35.000,6.00372,0.09537,201.00,-11.879,23.963,-11.006,22.202,-11.361,5.025,0.92652,74.342
[SHELL] ccB:38,2147523709,1,31.264,-1.962,-29.302,24.551,75.449,26.398,32.533,77.049,22.951
[SHELL] ccA:39,453959436,312803,13.755,16.589,0.000,35.000,0.14852,0.32496,16.41,-11.643,24.108,-10.777,22.315,-11.363,5.026,0.92562,74.342
[SHELL] ccB:39,19149,1,11.149,10.397,-21.546,22.196,77.804,36.551,24.551,75.449,26.398
[SHELL] ccA:40,454060936,312803,13.755,16.589,0.000,35.000,0.14852,0.51727,200.99,-11.645,24.108,-10.779,22.314,-11.366,5.026,0.92557,74.342
[SHELL] ccB:40,2147523749,1,11.149,10.397,-21.546,21.225,78.775,46.008,22.196,77.804,36.551
[SHELL] ccA:41,454179380,312804,-2.997,17.339,0.000,35.000,0.57172,0.74815,16.33,-11.304,24.093,-10.526,22.434,-11.360,5.026,0.93114,74.342
[SHELL] ccB:41,19121,1,-11.902,17.174,-5.272,21.414,78.586,56.960,21.225,78.775,46.008
[SHELL] ccA:42,454281172,312804,-2.997,17.339,0.000,35.000,0.57172,0.94871,200.98,-11.299,24.093,-10.522,22.436,-11.355,5.027,0.93121,74.342
[SHELL] ccB:42,2147523631,1,-11.902,17.174,-5.272,22.785,77.215,66.676,21.414,78.586,56.960
[SHELL] ccA:43,454399792,312805,-4.417,17.572,0.000,35.000,0.99731,1.17372,16.73,-11.265,24.089,-10.497,22.448,-11.349,5.027,0.93185,74.342
[SHELL] ccB:43,19327,1,-17.158,13.622,3.535,24.438,73.234,75.562,22.785,77.215,66.676
[SHELL] ccA:44,454501204,312805,-4.417,17.572,0.000,35.000,0.99731,1.37613,201.12,-11.259,24.090,-10.492,22.450,-11.343,5.028,0.93193,74.342
[SHELL] ccB:44,2147523615,1,-17.158,13.622,3.535,22.265,63.869,77.735,24.438,73.234,75.562
[SHELL] ccA:45,454619776,312806,7.581,21.846,0.000,35.000,1.41966,1.59605,16.70,-11.498,24.003,-10.706,22.349,-11.343,5.026,0.93109,74.342
[SHELL] ccB:45,19319,1,-20.456,19.566,0.889,21.171,52.579,78.829,22.265,63.869,77.735
[SHELL] ccA:46,454721140,312806,7.581,21.846,0.000,35.000,1.41966,1.79778,200.98,-11.498,24.001,-10.707,22.348,-11.343,5.025,0.93115,74.342
[SHELL] ccB:46,2147523647,1,-20.456,19.566,0.889,21.457,42.520,78.543,21.171,52.579,78.829
[SHELL] ccA:47,454839720,312807,21.753,21.250,0.000,35.000,1.84851,2.02493,16.67,-11.789,24.011,-10.921,22.244,-11.349,5.023,0.92641,74.342
[SHELL] ccB:47,19291,1,-26.400,26.272,0.128,23.267,31.133,76.733,21.457,42.520,78.543
[SHELL] ctrlcap v1 armed=0 count=512 clock_hz=550000000 decimation=1
[SHELL] ccA:index,cycles,seq,id,iq,idref,iqref,theta,actangle,age_us,vdreq,vqreq,vd,vq,intd,intq,scale,bus
[SHELL] ccB:index,timer,valid,ia,ib,ic,du,dv,dw,active_u,active_v,active_w
[SHELL] ccA:48,454941136,312807,21.753,21.250,0.000,35.000,1.84851,2.22735,201.04,-11.795,24.009,-10.927,22.242,-11.356,5.021,0.92637,74.342
[SHELL] ccB:48,2147523649,1,-26.400,26.272,0.128,27.910,24.103,75.897,23.267,31.133,76.733
[SHELL] ccA:49,455059712,312808,8.575,16.749,0.000,35.000,2.27476,2.45119,16.65,-11.532,24.100,-10.696,22.353,-11.356,5.021,0.92754,74.342
[SHELL] ccB:49,19287,1,-18.317,5.431,12.886,37.915,21.988,78.012,27.910,24.103,75.897
[SHELL] ccA:50,455161088,312808,8.575,16.749,0.000,35.000,2.27476,2.65077,200.99,-11.532,24.100,-10.696,22.353,-11.356,5.021,0.92752,74.342
[SHELL] ccB:50,2147523673,1,-18.317,5.431,12.886,47.774,21.161,78.839,37.915,21.988,78.012
[SHELL] ccA:51,455279692,312809,-1.686,21.793,0.000,35.000,2.69915,2.87553,16.59,-11.321,23.997,-10.573,22.412,-11.351,5.020,0.93393,74.342
[SHELL] ccB:51,19277,1,-7.807,-13.778,21.585,58.693,21.572,78.428,47.774,21.161,78.839
[SHELL] ccA:52,455381100,312809,-1.686,21.793,0.000,35.000,2.69915,3.06394,200.96,-11.317,23.996,-10.570,22.413,-11.347,5.019,0.93404,74.342
[SHELL] ccB:52,2147523667,1,-7.807,-13.778,21.585,67.756,23.014,76.986,58.693,21.572,78.428
[SHELL] ccA:53,455499676,312810,-1.809,19.102,0.000,35.000,3.13151,3.30795,16.60,-11.310,24.050,-10.546,22.425,-11.342,5.019,0.93243,74.342
[SHELL] ccB:53,19269,1,1.617,-17.366,15.749,76.102,23.898,71.354,67.756,23.014,76.986
[SHELL] ccA:54,455601100,312810,-1.809,19.102,0.000,35.000,3.13151,3.50229,200.99,-11.305,24.050,-10.542,22.426,-11.337,5.018,0.93251,74.342
[SHELL] ccB:54,2147523667,1,1.617,-17.366,15.749,77.991,22.009,62.229,76.102,23.898,71.354
[SHELL] ccA:55,455719704,312811,9.888,24.213,0.000,35.000,3.54678,3.72318,16.63,-11.540,23.945,-10.759,22.323,-11.338,5.016,0.93229,74.342
[SHELL] ccB:55,19283,1,0.457,-22.875,22.418,78.864,21.136,50.825,77.991,22.009,62.229
[SHELL] ccA:56,455821084,312811,9.888,24.213,0.000,35.000,3.54678,3.92278,200.96,-11.541,23.942,-10.760,22.322,-11.339,5.013,0.93236,74.342
[SHELL] ccB:56,2147523675,1,0.457,-22.875,22.418,78.385,21.615,40.892,78.864,21.136,50.825
[SHELL] ccA:57,455939680,312812,20.453,21.188,0.000,35.000,3.98153,4.15795,16.62,-11.759,24.001,-10.902,22.253,-11.345,5.011,0.92718,74.342
[SHELL] ccB:57,19271,1,2.124,-26.499,24.375,76.303,23.697,29.397,78.385,21.615,40.892
[SHELL] ccA:58,456041064,312812,20.453,21.188,0.000,35.000,3.98153,4.36298,200.99,-11.765,23.999,-10.908,22.251,-11.351,5.009,0.92715,74.342
[SHELL] ccB:58,2147523685,1,2.124,-26.499,24.375,76.391,29.739,23.609,76.303,23.697,29.397
[SHELL] ccA:59,456159660,312813,7.739,16.106,0.000,35.000,4.39810,4.57454,16.59,-11.510,24.102,-10.679,22.362,-11.351,5.010,0.92780,74.342
[SHELL] ccB:59,19261,1,12.925,-17.149,4.224,78.197,39.288,21.803,76.391,29.739,23.609
[SHELL] ccA:60,456261080,312813,7.739,16.106,0.000,35.000,4.39810,4.77160,200.99,-11.510,24.102,-10.678,22.362,-11.351,5.011,0.92778,74.342
[SHELL] ccB:60,2147523677,1,12.925,-17.149,4.224,78.862,49.056,21.138,78.197,39.288,21.803
[SHELL] ccA:61,456379640,312814,-5.386,13.925,0.000,35.000,4.83258,5.00900,16.57,-11.240,24.148,-10.457,22.466,-11.344,5.013,0.93035,74.342
[SHELL] ccB:61,19251,1,13.179,-0.513,-12.666,78.241,60.358,21.759,78.862,49.056,21.138
[SHELL] ccA:62,456481136,312814,-5.386,13.925,0.000,35.000,4.83258,5.20109,201.10,-11.234,24.150,-10.452,22.469,-11.338,5.015,0.93038,74.342
[SHELL] ccB:62,2147523649,1,13.179,-0.513,-12.666,76.583,69.494,23.417,78.241,60.358,21.759
[SHELL] ccA:63,456599668,312815,-7.232,12.087,0.000,35.000,5.24901,5.42545,16.57,-11.189,24.190,-10.403,22.491,-11.330,5.018,0.92977,74.342
[SHELL] ccB:63,19265,1,6.691,7.389,-14.079,70.593,76.306,23.694,76.583,69.494,23.417
[SHELL] ctrlcap v1 armed=0 count=512 clock_hz=550000000 decimation=1
[SHELL] ccA:index,cycles,seq,id,iq,idref,iqref,theta,actangle,age_us,vdreq,vqreq,vd,vq,intd,intq,scale,bus
[SHELL] ccB:index,timer,valid,ia,ib,ic,du,dv,dw,active_u,active_v,active_w
[SHELL] ccA:64,456701060,312815,-7.232,12.087,0.000,35.000,5.24901,5.62088,201.03,-11.182,24.193,-10.397,22.494,-11.322,5.021,0.92979,74.342
[SHELL] ccB:64,2147523687,1,6.691,7.389,-14.079,61.368,78.112,21.888,70.593,76.306,23.694
[SHELL] ccA:65,456819632,312816,8.304,21.192,0.000,35.000,5.67933,5.85572,16.56,-11.493,24.009,-10.699,22.352,-11.323,5.020,0.93097,74.342
[SHELL] ccB:65,19247,1,18.869,1.590,-20.458,49.051,78.862,21.138,61.368,78.112,21.888
[SHELL] ccA:66,456921072,312816,8.304,21.192,0.000,35.000,5.67933,6.05267,200.98,-11.493,24.008,-10.700,22.351,-11.323,5.018,0.93101,74.342
[SHELL] ccB:66,2147523681,1,18.869,1.590,-20.458,39.286,78.197,21.803,49.051,78.862,21.138
[SHELL] ccA:67,457039596,312817,21.865,19.932,0.000,35.000,6.10174,6.27818,16.53,-11.771,24.032,-10.900,22.254,-11.329,5.017,0.92603,74.342
[SHELL] ccB:67,19229,1,25.103,1.010,-26.112,28.231,75.988,24.012,39.286,78.197,21.803
[SHELL] ccA:68,457141004,312817,21.865,19.932,0.000,35.000,6.10174,0.19359,201.03,-11.778,24.031,-10.906,22.252,-11.336,5.016,0.92597,74.342
[SHELL] ccB:68,2147523715,1,25.103,1.010,-26.112,23.388,76.612,30.625,28.231,75.988,24.012
[SHELL] ccA:69,457259452,312818,5.400,17.301,0.000,35.000,0.25932,0.43576,16.38,-11.447,24.083,-10.638,22.381,-11.335,5.016,0.92932,74.342
[SHELL] ccB:69,19157,1,0.783,15.290,-16.073,21.538,78.462,41.652,23.388,76.612,30.625
[SHELL] ccA:70,457360992,312818,5.400,17.301,0.000,35.000,0.25932,0.61468,201.01,-11.445,24.084,-10.637,22.382,-11.333,5.016,0.92933,74.342
[SHELL] ccB:70,2147523721,1,0.783,15.290,-16.073,21.134,78.866,50.556,21.538,78.462,41.652
[SHELL] ccA:71,457479740,312819,-12.409,14.577,0.000,35.000,0.67275,0.84908,16.41,-11.079,24.140,-10.336,22.522,-11.323,5.018,0.93298,74.342
[SHELL] ccB:71,19301,1,-18.789,12.571,6.217,21.907,78.093,61.504,21.134,78.866,50.556
[SHELL] ccA:72,457581200,312819,-12.409,14.577,0.000,35.000,0.67275,1.05170,200.95,-11.069,24.142,-10.328,22.526,-11.313,5.020,0.93305,74.342
[SHELL] ccB:72,2147523617,1,-18.789,12.571,6.217,23.814,76.186,71.043,21.907,78.093,61.504
[SHELL] ccA:73,457699828,312820,-9.326,19.348,0.000,35.000,1.09502,1.27145,16.75,-11.122,24.046,-10.403,22.491,-11.305,5.021,0.93533,74.342
[SHELL] ccB:73,19345,1,-21.471,11.230,10.240,23.297,68.996,76.703,23.814,76.186,71.043
[SHELL] ccA:74,457801172,312820,-9.326,19.348,0.000,35.000,1.09502,1.47178,200.99,-11.114,24.046,-10.397,22.494,-11.297,5.021,0.93545,74.342
[SHELL] ccB:74,2147523631,1,-21.471,11.230,10.240,21.650,59.427,78.350,23.297,68.996,76.703
[SHELL] ccA:75,457919864,312821,7.884,25.435,0.000,35.000,1.52224,1.69864,16.78,-11.459,23.922,-10.642,22.217,-11.297,5.017,0.92873,73.902
[SHELL] ccB:75,19363,1,-25.022,20.400,4.622,21.170,47.453,78.830,21.650,59.427,78.350
[SHELL] ccA:76,458021168,312821,7.884,25.435,0.000,35.000,1.52224,1.89711,200.97,-11.458,23.918,-10.707,22.348,-11.297,5.014,0.93438,74.342
[SHELL] ccB:76,2147523633,1,-25.022,20.400,4.622,22.026,37.655,77.974,21.170,47.453,78.830
[SHELL] ccA:77,458139820,312822,16.336,20.203,0.000,35.000,1.94875,2.12519,16.75,-11.632,24.022,-10.800,22.303,-11.301,5.013,0.92846,74.342
[SHELL] ccB:77,19341,1,-24.805,19.095,5.710,24.418,26.834,75.582,22.026,37.655,77.974
[SHELL] ccA:78,458241168,312822,16.336,20.203,0.000,35.000,1.94875,2.32177,201.03,-11.636,24.021,-10.803,22.302,-11.305,5.011,0.92843,74.342
[SHELL] ccB:78,2147523633,1,-24.805,19.095,5.710,31.978,23.073,76.927,24.418,26.834,75.582
[SHELL] ccA:79,458359804,312823,0.765,18.873,0.000,35.000,2.36952,2.54591,16.70,-11.321,24.047,-10.555,22.420,-11.302,5.011,0.93236,74.342
[SHELL] ccB:79,19333,1,-13.714,-4.391,18.105,42.247,21.482,78.518,31.978,23.073,76.927
[SHELL] ctrlcap v1 armed=0 count=512 clock_hz=550000000 decimation=1
[SHELL] ccA:index,cycles,seq,id,iq,idref,iqref,theta,actangle,age_us,vdreq,vqreq,vd,vq,intd,intq,scale,bus
[SHELL] ccB:index,timer,valid,ia,ib,ic,du,dv,dw,active_u,active_v,active_w
[SHELL] ccA:80,458461296,312823,0.765,18.873,0.000,35.000,2.36952,2.74176,200.95,-11.317,24.047,-10.552,22.422,-11.298,5.011,0.93241,74.342
[SHELL] ccB:80,2147523569,1,-13.714,-4.391,18.105,52.002,21.156,78.844,42.247,21.482,78.518
[SHELL] ccA:81,458579168,312824,-5.826,19.153,0.000,35.000,2.80029,2.97672,16.13,-11.179,24.041,-10.448,22.470,-11.292,5.011,0.93466,74.342
[SHELL] ccB:81,19015,1,-0.920,-16.859,17.779,63.354,22.181,77.819,52.002,21.156,78.844
[SHELL] ccA:82,458680852,312824,-5.826,19.153,0.000,35.000,2.80029,3.16744,200.99,-11.172,24.041,-10.381,22.340,-11.285,5.011,0.92922,73.902
[SHELL] ccB:82,2147523791,1,-0.920,-16.859,17.779,72.236,24.144,75.856,63.354,22.181,77.819
[SHELL] ccA:83,458799160,312825,-1.686,19.725,0.000,35.000,3.22483,3.40126,16.13,-11.250,24.029,-10.445,22.310,-11.280,5.010,0.92846,73.902
[SHELL] ccB:83,19011,1,3.320,-18.562,15.242,77.121,22.879,67.129,72.236,24.144,75.856
[SHELL] ccA:84,458900828,312825,-1.686,19.725,0.000,35.000,3.22483,3.59367,200.99,-11.245,24.028,-10.504,22.444,-11.275,5.010,0.93409,74.342
[SHELL] ccB:84,2147523803,1,3.320,-18.562,15.242,78.511,21.489,57.837,77.121,22.879,67.129
[SHELL] ccA:85,459019172,312826,12.795,23.763,0.000,35.000,3.64706,3.82348,16.13,-11.538,23.945,-10.757,22.324,-11.278,5.007,0.93232,74.342
[SHELL] ccB:85,19019,1,0.312,-23.527,23.215,78.766,21.234,45.820,78.511,21.489,57.837
[SHELL] ccA:86,459120848,312826,12.795,23.763,0.000,35.000,3.64706,4.00906,201.00,-11.540,23.942,-10.759,22.323,-11.280,5.005,0.93236,74.342
[SHELL] ccB:86,2147523793,1,0.312,-23.527,23.215,77.826,22.174,36.692,78.766,21.234,45.820
[SHELL] ccA:87,459239284,312827,18.277,18.803,0.000,35.000,4.06488,4.24131,16.29,-11.655,24.042,-10.810,22.299,-11.285,5.004,0.92750,74.342
[SHELL] ccB:87,19073,1,3.973,-24.434,20.461,75.279,24.721,25.857,77.826,22.174,36.692
[SHELL] ccA:88,459340872,312827,18.277,18.803,0.000,35.000,4.06488,4.44081,201.00,-11.660,24.041,-10.814,22.297,-11.290,5.003,0.92744,74.342
[SHELL] ccB:88,2147523781,1,3.973,-24.434,20.461,77.180,33.156,22.820,75.279,24.721,25.857
[SHELL] ccA:89,459459284,312828,4.903,17.447,0.000,35.000,4.48965,4.66604,16.29,-11.391,24.068,-10.601,22.399,-11.289,5.004,0.93064,74.342
[SHELL] ccB:89,19073,1,15.933,-15.445,-0.488,78.632,43.622,21.368,77.180,33.156,22.820
[SHELL] ccA:90,459560888,312828,4.903,17.447,0.000,35.000,4.48965,4.86636,200.99,-11.389,24.069,-10.537,22.267,-11.287,5.004,0.92514,73.902
[SHELL] ccB:90,2147523773,1,15.933,-15.445,-0.488,78.792,53.614,21.208,78.632,43.622,21.368
[SHELL] ccA:91,459679248,312829,-4.871,11.368,0.000,35.000,4.91290,5.08935,16.26,-11.187,24.193,-10.339,22.359,-11.280,5.006,0.92421,73.902
[SHELL] ccB:91,19055,1,10.170,1.010,-11.180,77.691,64.129,22.309,78.792,53.614,21.208
[SHELL] ccA:92,459780844,312829,-4.871,11.368,0.000,35.000,4.91290,5.28537,201.01,-11.180,24.196,-10.333,22.362,-11.273,5.009,0.92422,73.902
[SHELL] ccB:92,2147523795,1,10.170,1.010,-11.180,75.575,73.188,24.425,77.691,64.129,22.309
[SHELL] ccA:93,459899240,312830,-4.452,12.168,0.000,35.000,5.33329,5.50970,16.26,-11.182,24.182,-10.339,22.359,-11.267,5.011,0.92462,73.902
[SHELL] ccB:93,19051,1,7.307,5.613,-12.920,66.691,77.212,22.788,75.575,73.188,24.425
[SHELL] ccA:94,460000828,312830,-4.452,12.168,0.000,35.000,5.33329,5.70823,201.01,-11.176,24.184,-10.334,22.362,-11.261,5.013,0.92465,73.902
[SHELL] ccB:94,2147523803,1,7.307,5.613,-12.920,57.080,78.577,21.423,66.691,77.212,22.788
[SHELL] ccA:95,460119152,312831,13.804,21.148,0.000,35.000,5.75951,5.93594,16.12,-11.544,24.002,-10.677,22.200,-11.263,5.011,0.92491,73.902
[SHELL] ccB:95,19007,1,22.529,-1.382,-21.147,44.957,78.720,21.280,57.080,78.577,21.423
[SHELL] ctrlcap v1 armed=0 count=512 clock_hz=550000000 decimation=1
[SHELL] ccA:index,cycles,seq,id,iq,idref,iqref,theta,actangle,age_us,vdreq,vqreq,vd,vq,intd,intq,scale,bus
[SHELL] ccB:index,timer,valid,ia,ib,ic,du,dv,dw,active_u,active_v,active_w
[SHELL] ccA:96,460220856,312831,13.804,21.148,0.000,35.000,5.75951,6.13416,200.99,-11.546,24.000,-10.679,22.199,-11.266,5.009,0.92494,73.902
[SHELL] ccB:96,2147523789,1,22.529,-1.382,-21.147,35.254,77.584,22.416,44.957,78.720,21.280
[SHELL] ccA:97,460339256,312832,23.601,18.050,0.000,35.000,6.18785,0.08110,16.11,-11.749,24.062,-10.873,22.268,-11.273,5.009,0.92544,74.342
[SHELL] ccB:97,19059,1,25.211,1.010,-26.221,24.832,75.168,25.511,35.254,77.584,22.416
[SHELL] ccA:98,460440948,312832,23.601,18.050,0.000,35.000,6.18785,0.27099,201.09,-11.757,24.061,-10.879,22.265,-11.281,5.008,0.92534,74.342
[SHELL] ccB:98,2147523743,1,25.211,1.010,-26.221,22.613,77.387,34.191,24.832,75.168,25.511
[SHELL] ccA:99,460559244,312833,5.677,17.570,0.000,35.000,0.32310,0.49953,16.21,-11.397,24.071,-10.604,22.397,-11.279,5.009,0.93047,74.342
[SHELL] ccB:99,19053,1,-0.195,16.087,-15.892,21.293,78.707,44.737,22.613,77.387,34.191
[SHELL] ccA:100,460660892,312833,5.677,17.570,0.000,35.000,0.32310,0.69511,201.07,-11.396,24.071,-10.603,22.397,-11.278,5.009,0.93048,74.342
[SHELL] ccB:100,2147523771,1,-0.195,16.087,-15.892,21.250,78.750,54.498,21.293,78.707,44.737
[SHELL] ccA:101,460779456,312834,-3.784,15.489,0.000,35.000,0.74053,0.91697,16.18,-11.201,24.114,-10.439,22.474,-11.273,5.010,0.93201,74.342
[SHELL] ccB:101,19159,1,-13.243,14.311,-1.068,22.461,77.539,64.996,21.250,78.750,54.498
[SHELL] ccA:102,460881052,312834,-3.784,15.489,0.000,35.000,0.74053,1.11518,200.97,-11.195,24.115,-10.434,22.477,-11.267,5.012,0.93205,74.342
[SHELL] ccB:102,2147523691,1,-13.243,14.311,-1.068,24.702,75.298,74.085,22.461,77.539,64.996
[SHELL] ccA:103,460999596,312835,3.040,18.503,0.000,35.000,1.16662,1.34306,16.53,-11.329,24.055,-10.558,22.419,-11.265,5.012,0.93197,74.342
[SHELL] ccB:103,19229,1,-15.817,16.631,-0.814,22.519,65.309,77.481,24.702,75.298,74.085
[SHELL] ccA:104,461101060,312835,3.040,18.503,0.000,35.000,1.16662,1.54579,200.99,-11.327,24.055,-10.557,22.420,-11.262,5.012,0.93200,74.342
[SHELL] ccB:104,2147523687,1,-15.817,16.631,-0.814,21.302,55.416,78.698,22.519,65.309,77.481
[SHELL] ccA:105,461219668,312836,21.049,22.170,0.000,35.000,1.59469,1.77112,16.56,-11.694,23.980,-10.861,22.273,-11.269,5.010,0.92883,74.342
[SHELL] ccB:105,19265,1,-22.667,29.099,-6.432,21.378,43.497,78.622,21.302,55.416,78.698
[SHELL] ccA:106,461321104,312836,21.049,22.170,0.000,35.000,1.59469,1.95976,200.99,-11.700,23.978,-10.867,22.271,-11.275,5.008,0.92880,74.342
[SHELL] ccB:106,2147523665,1,-22.667,29.099,-6.432,22.592,34.304,77.408,21.378,43.497,78.622
[SHELL] ccA:107,461439680,312837,21.652,16.561,0.000,35.000,2.01232,2.18870,16.60,-11.719,24.091,-10.840,22.284,-11.281,5.008,0.92499,74.342
[SHELL] ccB:107,19273,1,-24.225,22.937,1.288,26.022,24.668,75.332,22.592,34.304,77.408
[SHELL] ccA:108,461541052,312837,21.652,16.561,0.000,35.000,2.01232,2.39057,200.93,-11.725,24.091,-10.845,22.282,-11.288,5.008,0.92489,74.342
[SHELL] ccB:108,2147523691,1,-24.225,22.937,1.288,35.316,22.405,77.595,26.022,24.668,75.332
[SHELL] ccA:109,461659608,312838,8.943,19.865,0.000,35.000,2.43938,2.61583,16.54,-11.471,24.024,-10.678,22.362,-11.288,5.008,0.93084,74.342
[SHELL] ccB:109,19235,1,-19.658,1.698,17.960,45.990,21.225,78.775,35.316,22.405,77.595
[SHELL] ccA:110,461761076,312838,8.943,19.865,0.000,35.000,2.43938,2.80949,200.99,-11.472,24.023,-10.678,22.362,-11.289,5.007,0.93086,74.342
[SHELL] ccB:110,2147523679,1,-19.658,1.698,17.960,55.658,21.318,78.682,45.990,21.225,78.775
[SHELL] ccA:111,461879644,312839,4.108,17.113,0.000,35.000,2.86638,3.04280,16.57,-11.373,24.079,-10.583,22.407,-11.287,5.007,0.93058,74.342
[SHELL] ccB:111,19253,1,-8.604,-8.994,17.598,66.791,22.809,77.191,55.658,21.318,78.682
[SHELL] ctrlcap v1 armed=0 count=512 clock_hz=550000000 decimation=1
[SHELL] ccA:index,cycles,seq,id,iq,idref,iqref,theta,actangle,age_us,vdreq,vqreq,vd,vq,intd,intq,scale,bus
[SHELL] ccB:index,timer,valid,ia,ib,ic,du,dv,dw,active_u,active_v,active_w
[SHELL] ccA:112,461981064,312839,4.108,17.113,0.000,35.000,2.86638,3.22973,200.98,-11.371,24.079,-10.582,22.408,-11.285,5.008,0.93059,74.342
[SHELL] ccB:112,2147523685,1,-8.604,-8.994,17.598,75.082,24.918,74.752,66.791,22.809,77.191
[SHELL] ccA:113,462099612,312840,10.396,18.402,0.000,35.000,3.28306,3.45948,16.54,-11.498,24.053,-10.687,22.357,-11.286,5.008,0.92950,74.342
[SHELL] ccB:113,19237,1,-7.698,-13.198,20.896,77.716,22.284,63.981,75.082,24.918,74.752
[SHELL] ccA:114,462201120,312840,10.396,18.402,0.000,35.000,3.28306,3.66544,201.11,-11.499,24.053,-10.688,22.357,-11.287,5.008,0.92949,74.342
[SHELL] ccB:114,2147523657,1,-7.698,-13.198,20.896,78.781,21.219,53.866,77.716,22.284,63.981
[SHELL] ccA:115,462319616,312841,25.789,22.455,0.000,35.000,3.71195,3.88840,16.54,-11.816,23.970,-10.957,22.227,-11.296,5.005,0.92728,74.342
[SHELL] ccB:115,19239,1,-9.583,-23.636,33.219,78.510,21.490,42.153,78.781,21.219,53.866
[SHELL] ccA:116,462421092,312841,25.789,22.455,0.000,35.000,3.71195,4.09578,201.10,-11.825,23.967,-10.964,22.223,-11.304,5.003,0.92723,74.342
[SHELL] ccB:116,2147523671,1,-9.583,-23.636,33.219,76.963,23.037,32.138,78.510,21.490,42.153
[SHELL] ccA:117,462539584,312842,26.417,16.284,0.000,35.000,4.13851,4.31494,16.51,-11.846,24.091,-10.935,22.238,-11.313,5.003,0.92305,74.342
[SHELL] ccB:117,19223,1,-0.667,-26.536,27.202,75.815,27.621,24.185,76.963,23.037,32.138
[SHELL] ccA:118,462641056,312842,26.417,16.284,0.000,35.000,4.13851,4.51769,201.00,-11.855,24.138,-10.924,22.243,-11.322,5.003,0.92149,74.342
[SHELL] ccB:118,2147523689,1,-0.667,-26.536,27.202,77.884,37.060,22.116,75.815,27.621,24.185
[SHELL] ccA:119,462759584,312843,8.817,16.318,0.000,35.000,4.56167,4.73854,16.51,-11.502,24.137,-10.661,22.370,-11.322,5.003,0.92681,74.342
[SHELL] ccB:119,19223,1,14.810,-17.076,2.267,78.827,47.364,21.173,77.884,37.060,22.116
[SHELL] ccA:120,462861044,312843,8.817,16.318,0.000,35.000,4.56167,4.93434,201.01,-11.503,24.137,-10.661,22.370,-11.322,5.004,0.92679,74.342
[SHELL] ccB:120,2147523695,1,14.810,-17.076,2.267,78.573,57.129,21.427,78.827,47.364,21.173
[SHELL] ccA:121,462979572,312844,0.997,11.646,0.000,35.000,4.98928,5.16615,16.51,-11.343,24.234,-10.505,22.444,-11.318,5.006,0.92614,74.342
[SHELL] ccB:121,19217,1,11.475,-3.811,-7.664,76.936,67.984,23.064,78.573,57.129,21.427
[SHELL] ccA:122,463081064,312844,0.997,11.646,0.000,35.000,4.98928,5.36410,201.01,-11.339,24.236,-10.501,22.446,-11.315,5.009,0.92611,74.342
[SHELL] ccB:122,2147523685,1,11.475,-3.811,-7.664,73.155,75.585,24.415,76.936,67.984,23.064
[SHELL] ccA:123,463199576,312845,5.882,17.031,0.000,35.000,5.40865,5.58553,16.54,-11.435,24.129,-10.675,22.526,-11.314,5.010,0.93355,74.782
[SHELL] ccB:123,19219,1,16.839,-2.868,-13.971,62.616,77.933,22.067,73.155,75.585,24.415
[SHELL] ccA:124,463301096,312845,5.882,17.031,0.000,35.000,5.40865,5.79051,201.07,-11.434,24.130,-10.674,22.526,-11.313,5.011,0.93354,74.782
[SHELL] ccB:124,2147523669,1,16.839,-2.868,-13.971,52.506,78.831,21.169,62.616,77.933,22.067
[SHELL] ccA:125,463419624,312846,27.081,25.189,0.000,35.000,5.83813,6.01490,16.51,-11.868,23.964,-11.063,22.338,-11.323,5.008,0.93216,74.782
[SHELL] ccB:125,19243,1,35.287,-8.051,-27.236,40.480,78.339,21.661,52.506,78.831,21.169
[SHELL] ccA:126,463521032,312846,27.081,25.189,0.000,35.000,5.83813,6.22095,200.88,-11.878,23.960,-11.071,22.334,-11.332,5.005,0.93211,74.782
[SHELL] ccB:126,2147523701,1,35.287,-8.051,-27.236,30.622,76.611,23.389,40.480,78.339,21.661
[SHELL] ccA:127,463639496,312847,28.503,19.817,0.000,35.000,6.25866,0.15228,16.47,-11.916,24.067,-10.996,22.208,-11.342,5.003,0.92273,74.342
[SHELL] ccB:127,19179,1,28.981,2.061,-31.042,23.823,76.177,28.922,30.622,76.611,23.389
[SHELL] ctrlcap v1 armed=0 count=512 clock_hz=550000000 decimation=1
[SHELL] ccA:index,cycles,seq,id,iq,idref,iqref,theta,actangle,age_us,vdreq,vqreq,vd,vq,intd,intq,scale,bus
[SHELL] ccB:index,timer,valid,ia,ib,ic,du,dv,dw,active_u,active_v,active_w
[SHELL] ccA:128,463740920,312847,28.503,19.817,0.000,35.000,6.25866,0.35414,200.96,-11.926,24.065,-11.068,22.335,-11.352,5.002,0.92810,74.782
[SHELL] ccB:128,2147523757,1,28.981,2.061,-31.042,21.912,78.088,38.457,23.823,76.177,28.922
[SHELL] ccA:129,463859292,312848,6.801,17.858,0.000,35.000,0.40827,0.58514,16.29,-11.491,24.105,-10.727,22.501,-11.351,5.002,0.93348,74.782
[SHELL] ccB:129,19077,1,-0.848,16.957,-16.109,21.137,78.863,49.140,21.912,78.088,38.457
[SHELL] ccA:130,463961160,312848,6.801,17.858,0.000,35.000,0.40827,0.78947,201.05,-11.491,24.105,-10.726,22.501,-11.351,5.003,0.93347,74.782
[SHELL] ccB:130,2147523637,1,-0.848,16.957,-16.109,21.636,78.364,59.300,21.137,78.863,49.140
[SHELL] ccA:131,464079736,312849,-0.411,16.737,0.000,35.000,0.84316,1.02003,16.69,-11.342,24.129,-10.605,22.559,-11.347,5.004,0.93495,74.782
[SHELL] ccB:131,19299,1,-12.772,15.761,-2.989,23.551,76.449,70.034,21.636,78.364,59.300
[SHELL] ccA:132,464181092,312849,-0.411,16.737,0.000,35.000,0.84316,1.21266,200.97,-11.338,24.130,-10.601,22.561,-11.343,5.006,0.93497,74.782
[SHELL] ccB:132,2147523671,1,-12.772,15.761,-2.989,23.912,71.408,76.088,23.551,76.449,70.034
[SHELL] ccA:133,464299700,312850,5.124,18.790,0.000,35.000,1.25673,1.43359,16.63,-11.448,24.089,-10.700,22.514,-11.342,5.006,0.93462,74.782
[SHELL] ccB:133,19281,1,-16.288,17.392,-1.104,21.810,60.773,78.190,23.912,71.408,76.088
[SHELL] ccA:134,464401116,312850,5.124,18.790,0.000,35.000,1.25673,1.63434,201.03,-11.447,24.089,-10.699,22.515,-11.341,5.006,0.93463,74.782
[SHELL] ccB:134,2147523659,1,-16.288,17.392,-1.104,21.136,50.823,78.864,21.810,60.773,78.190
[SHELL] ccA:135,464519696,312851,23.858,23.302,0.000,35.000,1.68783,1.86470,16.63,-11.830,23.997,-11.022,22.358,-11.349,5.004,0.93170,74.782
[SHELL] ccB:135,19279,1,-25.929,31.128,-5.200,21.882,38.683,78.118,21.136,50.823,78.864
[SHELL] ccA:136,464621064,312851,23.858,23.302,0.000,35.000,1.68783,2.06456,200.98,-11.838,23.995,-11.029,22.355,-11.356,5.001,0.93165,74.782
[SHELL] ccB:136,2147523685,1,-25.929,31.128,-5.200,23.742,29.226,76.258,21.882,38.683,78.118
[SHELL] ccA:137,464739692,312852,18.638,15.970,0.000,35.000,2.10653,2.28337,16.58,-11.739,24.143,-10.900,22.418,-11.362,5.002,0.92856,74.782
[SHELL] ccB:137,19277,1,-23.247,18.443,4.804,30.269,23.475,76.525,23.742,29.226,76.258
[SHELL] ccA:138,464841072,312852,18.638,15.970,0.000,35.000,2.10653,2.48528,200.90,-11.744,24.144,-10.903,22.416,-11.367,5.003,0.92845,74.782
[SHELL] ccB:138,2147523681,1,-23.247,18.443,4.804,39.890,21.729,78.271,30.269,23.475,76.525
[SHELL] ccA:139,464959608,312853,4.738,20.463,0.000,35.000,2.54486,2.72174,16.53,-11.464,24.052,-10.725,22.502,-11.365,5.003,0.93555,74.782
[SHELL] ccB:139,19235,1,-15.418,-4.644,20.062,51.246,21.141,78.859,39.890,21.729,78.271
[SHELL] ccA:140,465061044,312853,4.738,20.463,0.000,35.000,2.54486,2.92111,201.00,-11.462,24.052,-10.724,22.502,-11.364,5.002,0.93558,74.782
[SHELL] ccB:140,2147523695,1,-15.418,-4.644,20.062,61.119,21.855,78.145,51.246,21.141,78.859
[SHELL] ccA:141,465179600,312854,-0.906,18.672,0.000,35.000,2.96209,3.13896,16.53,-11.345,24.088,-10.622,22.551,-11.360,5.003,0.93619,74.782
[SHELL] ccB:141,19231,1,-2.443,-14.829,17.271,71.186,23.852,76.148,61.119,21.855,78.145
[SHELL] ccA:142,465281108,312854,-0.906,18.672,0.000,35.000,2.96209,3.33820,201.11,-11.341,24.089,-10.618,22.553,-11.356,5.003,0.93624,74.782
[SHELL] ccB:142,2147523663,1,-2.443,-14.829,17.271,76.469,23.531,69.956,71.186,23.852,76.148
[SHELL] ccA:143,465399680,312855,5.051,20.387,0.000,35.000,3.39586,3.57270,16.56,-11.459,24.054,-10.721,22.504,-11.355,5.003,0.93556,74.782
[SHELL] ccB:143,19271,1,0.239,-18.308,18.069,78.444,21.556,58.533,76.469,23.531,69.956
[SHELL] ctrlcap v1 armed=0 count=512 clock_hz=550000000 decimation=1
[SHELL] ccA:index,cycles,seq,id,iq,idref,iqref,theta,actangle,age_us,vdreq,vqreq,vd,vq,intd,intq,scale,bus
[SHELL] ccB:index,timer,valid,ia,ib,ic,du,dv,dw,active_u,active_v,active_w
[SHELL] ccA:144,465501104,312855,5.051,20.387,0.000,35.000,3.39586,3.77264,200.97,-11.458,24.053,-10.657,22.372,-11.353,5.002,0.93009,74.342
[SHELL] ccB:144,2147523665,1,0.239,-18.308,18.069,78.856,21.144,48.580,78.444,21.556,58.533
[SHELL] ccA:145,465619736,312856,22.490,24.250,0.000,35.000,3.81103,3.98791,16.64,-11.814,23.973,-10.954,22.228,-11.360,4.998,0.92720,74.342
[SHELL] ccB:145,19299,1,-2.588,-27.261,29.848,77.919,22.081,37.291,78.856,21.144,48.580
[SHELL] ccA:146,465721084,312856,22.490,24.250,0.000,35.000,3.81103,4.17896,200.97,-11.821,23.970,-10.961,22.225,-11.367,4.995,0.92720,74.342
[SHELL] ccB:146,2147523675,1,-2.588,-27.261,29.848,76.014,23.986,28.326,77.919,22.081,37.291
[SHELL] ccA:147,465839652,312857,16.712,19.017,0.000,35.000,4.25107,4.42795,16.58,-11.710,24.074,-10.839,22.284,-11.371,4.994,0.92567,74.342
[SHELL] ccB:147,19257,1,9.590,-25.086,15.496,77.064,32.605,22.936,76.014,23.986,28.326
[SHELL] ccA:148,465941080,312857,16.712,19.017,0.000,35.000,4.25107,4.62458,200.99,-11.714,24.073,-10.843,22.283,-11.375,4.993,0.92563,74.342
[SHELL] ccB:148,2147523677,1,9.590,-25.086,15.496,78.505,42.106,21.495,77.064,32.605,22.936
[SHELL] ccA:149,466059684,312858,3.692,18.144,0.000,35.000,4.66807,4.84489,16.57,-11.451,24.090,-10.701,22.513,-11.373,4.993,0.93456,74.782
[SHELL] ccB:149,19273,1,17.963,-12.872,-5.091,78.828,52.630,21.172,78.505,42.106,21.495
[SHELL] ccA:150,466161088,312858,3.692,18.144,0.000,35.000,4.66807,5.03954,200.96,-11.449,24.090,-10.700,22.514,-11.371,4.994,0.93457,74.782
[SHELL] ccB:150,2147523673,1,17.963,-12.872,-5.091,77.990,62.235,22.010,78.828,52.630,21.172
[SHELL] ccA:151,466279712,312859,-4.940,15.069,0.000,35.000,5.09575,5.27252,16.61,-11.270,24.154,-10.540,22.589,-11.365,4.996,0.93522,74.782
[SHELL] ccB:151,19287,1,12.127,2.786,-14.913,75.697,72.782,24.303,77.990,62.235,22.010
[SHELL] ccA:152,466381108,312859,-4.940,15.069,0.000,35.000,5.09575,5.47056,200.94,-11.264,24.156,-10.535,22.592,-11.359,4.998,0.93525,74.782
[SHELL] ccB:152,2147523663,1,12.127,2.786,-14.913,68.374,76.848,23.152,75.697,72.782,24.303
[SHELL] ccA:153,466499636,312860,1.755,21.775,0.000,35.000,5.52166,5.69852,16.57,-11.395,24.021,-10.621,22.389,-11.356,4.997,0.93208,74.342
[SHELL] ccB:153,19249,1,16.296,4.453,-20.748,57.062,78.578,21.422,68.374,76.848,23.152
[SHELL] ccA:154,466601072,312860,1.755,21.775,0.000,35.000,5.52166,5.89742,201.01,-11.392,24.019,-10.682,22.522,-11.353,4.996,0.93769,74.782
[SHELL] ccB:154,2147523681,1,16.296,4.453,-20.748,47.146,78.820,21.180,57.062,78.578,21.422
[SHELL] ccA:155,466719612,312861,23.075,25.887,0.000,35.000,5.94924,6.12613,16.54,-11.826,23.934,-11.043,22.348,-11.361,4.993,0.93373,74.782
[SHELL] ccB:155,19237,1,30.286,-0.513,-29.773,35.134,77.562,22.438,47.146,78.820,21.180
[SHELL] ccA:156,466821044,312861,23.075,25.887,0.000,35.000,5.94924,0.03945,200.99,-11.834,23.931,-11.050,22.344,-11.369,4.989,0.93372,74.782
[SHELL] ccB:156,2147523695,1,30.286,-0.513,-29.773,26.086,75.352,24.648,35.134,77.562,22.438
[SHELL] ccA:157,466939492,312862,13.491,18.580,0.000,35.000,0.09008,0.26695,16.50,-11.645,24.077,-10.854,22.440,-11.371,4.989,0.93202,74.782
[SHELL] ccB:157,19177,1,11.765,11.194,-22.959,22.688,77.312,33.810,26.086,75.352,24.648
[SHELL] ccA:158,467040960,312862,13.491,18.580,0.000,35.000,0.09008,0.46402,200.98,-11.648,24.077,-10.792,22.307,-11.374,4.989,0.92650,74.342
[SHELL] ccB:158,2147523737,1,11.765,11.194,-22.959,21.386,78.614,43.390,22.688,77.312,33.810
[SHELL] ccA:159,467159372,312863,-3.115,19.483,0.000,35.000,0.50757,0.68444,16.31,-11.310,24.058,-10.543,22.426,-11.369,4.988,0.93217,74.342
[SHELL] ccB:159,19117,1,-12.192,19.530,-7.338,21.217,78.783,53.831,21.386,78.614,43.390
[SHELL] ctrlcap v1 armed=0 count=512 clock_hz=550000000 decimation=1
[SHELL] ccA:index,cycles,seq,id,iq,idref,iqref,theta,actangle,age_us,vdreq,vqreq,vd,vq,intd,intq,scale,bus
[SHELL] ccB:index,timer,valid,ia,ib,ic,du,dv,dw,active_u,active_v,active_w
[SHELL] ccA:160,467261168,312863,-3.115,19.483,0.000,35.000,0.50757,0.88233,200.99,-11.305,24.058,-10.601,22.561,-11.363,4.988,0.93778,74.782
[SHELL] ccB:160,2147523633,1,-12.192,19.530,-7.338,22.213,77.787,63.549,21.217,78.783,53.831
[SHELL] ccA:161,467379816,312864,-4.804,19.510,0.000,35.000,0.94246,1.11933,16.74,-11.265,24.057,-10.509,22.442,-11.357,4.988,0.93286,74.342
[SHELL] ccB:161,19339,1,-18.607,15.870,2.738,24.807,75.193,74.412,22.213,77.787,63.549
[SHELL] ccA:162,467481140,312864,-4.804,19.510,0.000,35.000,0.94246,1.30947,201.00,-11.259,24.057,-10.504,22.444,-11.351,4.988,0.93296,74.342
[SHELL] ccB:162,2147523647,1,-18.607,15.870,2.738,22.855,67.013,77.145,24.807,75.193,74.412
[SHELL] ccA:163,467599768,312865,5.432,22.687,0.000,35.000,1.36234,1.53922,16.69,-11.462,23.991,-10.683,22.360,-11.350,4.986,0.93199,74.342
[SHELL] ccB:163,19315,1,-21.072,19.204,1.868,21.305,55.462,78.695,22.855,67.013,77.145
[SHELL] ccA:164,467701148,312865,5.432,22.687,0.000,35.000,1.36234,1.72479,201.05,-11.461,23.989,-10.683,22.360,-11.349,4.984,0.93207,74.342
[SHELL] ccB:164,2147523643,1,-21.072,19.204,1.868,21.216,46.199,78.784,21.305,55.462,78.695
[SHELL] ccA:165,467819764,312866,21.319,22.734,0.000,35.000,1.78598,1.96285,16.69,-11.786,23.986,-10.928,22.241,-11.355,4.981,0.92723,74.342
[SHELL] ccB:165,19313,1,-26.762,27.214,-0.452,22.645,34.027,77.355,21.216,46.199,78.784
[SHELL] ccA:166,467921124,312866,21.319,22.734,0.000,35.000,1.78598,2.16042,200.99,-11.792,23.984,-10.934,22.238,-11.361,4.979,0.92721,74.342
[SHELL] ccB:166,2147523655,1,-26.762,27.214,-0.452,24.991,25.027,75.009,22.645,34.027,77.355
[SHELL] ccA:167,468039732,312867,10.851,14.893,0.000,35.000,2.20806,2.38489,16.66,-11.584,24.142,-10.720,22.342,-11.363,4.980,0.92543,74.342
[SHELL] ccB:167,19297,1,-18.426,9.092,9.334,34.779,22.503,77.497,24.991,25.027,75.009
[SHELL] ccA:168,468141104,312867,10.851,14.893,0.000,35.000,2.20806,2.58770,200.97,-11.585,24.143,-10.721,22.342,-11.364,4.981,0.92538,74.342
[SHELL] ccB:168,2147523665,1,-18.426,9.092,9.334,44.685,21.296,78.704,34.779,22.503,77.497
[SHELL] ccA:169,468259680,312868,-2.060,19.010,0.000,35.000,2.63374,2.81062,16.61,-11.321,24.060,-10.551,22.422,-11.359,4.980,0.93194,74.342
[SHELL] ccB:169,19271,1,-7.444,-11.531,18.975,55.432,21.303,78.697,44.685,21.296,78.704
[SHELL] ccA:170,468361092,312868,-2.060,19.010,0.000,35.000,2.63374,3.00469,201.01,-11.317,24.060,-10.547,22.424,-11.354,4.980,0.93202,74.342
[SHELL] ccB:170,2147523671,1,-7.444,-11.531,18.975,64.907,22.445,77.555,55.432,21.303,78.697
[SHELL] ccA:171,468479688,312869,-2.144,19.154,0.000,35.000,3.05947,3.23635,16.61,-11.310,24.056,-10.543,22.426,-11.349,4.980,0.93222,74.342
[SHELL] ccB:171,19275,1,0.566,-16.967,16.402,75.152,24.848,74.538,64.907,22.445,77.555
[SHELL] ccA:172,468581108,312869,-2.144,19.154,0.000,35.000,3.05947,3.43096,201.02,-11.305,24.056,-10.540,22.428,-11.344,4.980,0.93230,74.342
[SHELL] ccB:172,2147523663,1,0.566,-16.967,16.402,77.416,22.584,65.658,75.152,24.848,74.538
[SHELL] ccA:173,468699676,312870,8.122,23.954,0.000,35.000,3.47941,3.65628,16.61,-11.511,23.958,-10.732,22.336,-11.344,4.977,0.93233,74.342
[SHELL] ccB:173,19269,1,0.276,-22.041,21.766,78.764,21.236,54.226,77.416,22.584,65.658
[SHELL] ccA:174,468801116,312870,8.122,23.954,0.000,35.000,3.47941,3.85810,201.02,-11.511,23.955,-10.733,22.336,-11.344,4.975,0.93241,74.342
[SHELL] ccB:174,2147523659,1,0.276,-22.041,21.766,78.669,21.331,44.151,78.764,21.236,54.226
[SHELL] ccA:175,468919688,312871,25.014,23.776,0.000,35.000,3.90888,4.08575,16.61,-11.857,23.956,-10.993,22.209,-11.353,4.972,0.92708,74.342
[SHELL] ccB:175,19275,1,-1.500,-29.109,30.609,77.052,22.948,32.547,78.669,21.331,44.151
[SHELL] ctrlcap v1 armed=0 count=512 clock_hz=550000000 decimation=1
[SHELL] ccA:index,cycles,seq,id,iq,idref,iqref,theta,actangle,age_us,vdreq,vqreq,vd,vq,intd,intq,scale,bus
[SHELL] ccB:index,timer,valid,ia,ib,ic,du,dv,dw,active_u,active_v,active_w
[SHELL] ccA:176,469021088,312871,25.014,23.776,0.000,35.000,3.90888,4.29160,201.00,-11.865,23.953,-11.000,22.205,-11.361,4.968,0.92705,74.342
[SHELL] ccB:176,2147523673,1,-1.500,-29.109,30.609,75.546,26.714,24.454,77.052,22.948,32.547
[SHELL] ccA:177,469139644,312872,12.512,16.726,0.000,35.000,4.33258,4.50945,16.58,-11.617,24.094,-10.762,22.321,-11.363,4.969,0.92642,74.342
[SHELL] ccB:177,19253,1,10.895,-20.882,9.986,77.765,36.314,22.235,75.546,26.714,24.454
[SHELL] ccA:178,469241128,312872,12.512,16.726,0.000,35.000,4.33258,4.70455,201.11,-11.619,24.095,-10.764,22.321,-11.365,4.969,0.92638,74.342
[SHELL] ccB:178,2147523653,1,10.895,-20.882,9.986,78.770,45.899,21.230,77.765,36.314,22.235
[SHELL] ccA:179,469359632,312873,-2.918,15.115,0.000,35.000,4.75116,4.92804,16.58,-11.305,24.128,-10.514,22.440,-11.359,4.970,0.93003,74.342
[SHELL] ccB:179,19247,1,14.991,-4.463,-10.528,78.623,56.493,21.377,78.770,45.899,21.230
[SHELL] ccA:180,469461132,312873,-2.918,15.115,0.000,35.000,4.75116,5.12877,201.09,-11.300,24.129,-10.509,22.442,-11.354,4.972,0.93006,74.342
[SHELL] ccB:180,2147523651,1,14.991,-4.463,-10.528,77.303,66.237,22.697,78.623,56.493,21.377
[SHELL] ccA:181,469579672,312874,-5.597,14.354,0.000,35.000,5.17468,5.35154,16.61,-11.239,24.147,-10.457,22.466,-11.347,4.974,0.93041,74.342
[SHELL] ccB:181,19267,1,10.352,4.706,-15.058,73.796,75.389,24.611,77.303,66.237,22.697
[SHELL] ccA:182,469681052,312874,-5.597,14.354,0.000,35.000,5.17468,5.55841,200.98,-11.233,24.148,-10.451,22.469,-11.341,4.976,0.93045,74.342
[SHELL] ccB:182,2147523691,1,10.352,4.706,-15.058,64.269,77.667,22.333,73.796,75.389,24.611
[SHELL] ccA:183,469799652,312875,7.879,22.171,0.000,35.000,5.60340,5.78027,16.57,-11.502,23.990,-10.713,22.345,-11.341,4.974,0.93143,74.342
[SHELL] ccB:183,19257,1,20.065,0.611,-20.676,52.791,78.823,21.177,64.269,77.667,22.333
[SHELL] ccA:184,469901092,312875,7.879,22.171,0.000,35.000,5.60340,5.98421,201.05,-11.502,23.988,-10.714,22.345,-11.341,4.972,0.93149,74.342
[SHELL] ccB:184,2147523671,1,20.065,0.611,-20.676,42.621,78.551,21.449,52.791,78.823,21.177
[SHELL] ccA:185,470019636,312876,26.870,24.274,0.000,35.000,6.03192,6.20879,16.58,-11.891,23.943,-11.023,22.194,-11.350,4.969,0.92694,74.342
[SHELL] ccB:185,19249,1,32.062,-1.455,-30.607,31.150,76.737,23.263,42.621,78.551,21.449
[SHELL] ccA:186,470120992,312876,26.870,24.274,0.000,35.000,6.03192,0.12812,200.99,-11.900,23.940,-11.031,22.190,-11.359,4.965,0.92691,74.342
[SHELL] ccB:186,2147523721,1,32.062,-1.455,-30.607,24.104,75.896,27.903,31.150,76.737,23.263
[SHELL] ccA:187,470239460,312877,11.150,16.932,0.000,35.000,0.17694,0.35379,16.44,-11.587,24.087,-10.743,22.331,-11.360,4.966,0.92710,74.342
[SHELL] ccB:187,19161,1,7.996,12.136,-20.132,21.995,78.005,37.871,24.104,75.896,27.903
[SHELL] ccA:188,470340932,312877,11.150,16.932,0.000,35.000,0.17694,0.55046,200.97,-11.589,24.087,-10.743,22.331,-11.361,4.966,0.92707,74.342
[SHELL] ccB:188,2147523751,1,7.996,12.136,-20.132,21.166,78.834,47.585,21.995,78.005,37.871
[SHELL] ccA:189,470459548,312878,-5.815,16.063,0.000,35.000,0.59901,0.77589,16.30,-11.242,24.105,-10.474,22.458,-11.355,4.967,0.93167,74.342
[SHELL] ccB:189,19205,1,-13.859,15.580,-1.720,21.525,78.475,58.217,21.166,78.834,47.585
[SHELL] ccA:190,470561152,312878,-5.815,16.063,0.000,35.000,0.59901,0.97549,200.99,-11.235,24.107,-10.468,22.461,-11.348,4.968,0.93173,74.342
[SHELL] ccB:190,2147523641,1,-13.859,15.580,-1.720,23.028,76.972,67.821,21.525,78.475,58.217
[SHELL] ccA:191,470679792,312879,-6.219,17.872,0.000,35.000,1.03291,1.20974,16.70,-11.220,24.071,-10.470,22.460,-11.341,4.969,0.93309,74.342
[SHELL] ccB:191,19327,1,-18.535,12.571,5.963,23.987,71.679,76.013,23.028,76.972,67.821
[SHELL] ctrlcap v1 armed=0 count=512 clock_hz=550000000 decimation=1
[SHELL] ccA:index,cycles,seq,id,iq,idref,iqref,theta,actangle,age_us,vdreq,vqreq,vd,vq,intd,intq,scale,bus
[SHELL] ccB:index,timer,valid,ia,ib,ic,du,dv,dw,active_u,active_v,active_w
[SHELL] ccA:192,470781132,312879,-6.219,17.872,0.000,35.000,1.03291,1.40047,200.98,-11.214,24.071,-10.464,22.463,-11.334,4.969,0.93318,74.342
[SHELL] ccB:192,2147523651,1,-18.535,12.571,5.963,22.088,62.756,77.912,23.987,71.679,76.013
[SHELL] ccA:193,470899808,312880,6.729,22.426,0.000,35.000,1.44810,1.62493,16.70,-11.472,23.978,-10.695,22.354,-11.334,4.968,0.93225,74.342
[SHELL] ccB:193,19335,1,-21.434,18.878,2.557,21.140,51.161,78.860,22.088,62.756,77.912
[SHELL] ccA:194,471001168,312880,6.729,22.426,0.000,35.000,1.44810,1.82473,201.02,-11.472,23.977,-10.695,22.354,-11.333,4.966,0.93232,74.342
[SHELL] ccB:194,2147523633,1,-21.434,18.878,2.557,21.581,41.216,78.419,21.140,51.161,78.860
[SHELL] ccA:195,471119772,312881,20.190,20.853,0.000,35.000,1.86833,2.04515,16.70,-11.747,24.007,-10.892,22.259,-11.339,4.964,0.92717,74.342
[SHELL] ccB:195,19317,1,-25.856,24.351,1.505,23.477,30.261,76.523,21.581,41.216,78.419
[SHELL] ccA:196,471221160,312881,20.190,20.853,0.000,35.000,1.86833,2.25032,201.03,-11.753,24.005,-10.897,22.256,-11.345,4.962,0.92714,74.342
[SHELL] ccB:196,2147523637,1,-25.856,24.351,1.505,28.885,23.833,76.167,23.477,30.261,76.523
[SHELL] ccA:197,471339696,312882,8.214,18.948,0.000,35.000,2.29688,2.47375,16.62,-11.513,24.043,-10.703,22.350,-11.345,4.962,0.92960,74.342
[SHELL] ccB:197,19279,1,-19.622,4.235,15.387,39.028,21.836,78.164,28.885,23.833,76.167
[SHELL] ccA:198,471441092,312882,8.214,18.948,0.000,35.000,2.29688,2.67562,201.00,-11.513,24.042,-10.703,22.350,-11.345,4.962,0.92961,74.342
[SHELL] ccB:198,2147523671,1,-19.622,4.235,15.387,49.032,21.138,78.862,39.028,21.836,78.164
[SHELL] ccA:199,471559692,312883,-1.564,19.682,0.000,35.000,2.72284,2.89971,16.63,-11.313,24.027,-10.556,22.420,-11.340,4.961,0.93311,74.342
[SHELL] ccB:199,19277,1,-6.574,-12.836,19.410,59.844,21.697,78.303,49.032,21.138,78.862
[SHELL] ccA:200,471661100,312883,-1.564,19.682,0.000,35.000,2.72284,3.10190,201.01,-11.308,24.027,-10.553,22.421,-11.336,4.961,0.93319,74.342
[SHELL] ccB:200,2147523667,1,-6.574,-12.836,19.410,69.481,23.414,76.586,59.844,21.697,78.303
[SHELL] ccA:201,471779680,312884,0.173,19.872,0.000,35.000,3.15507,3.33195,16.60,-11.339,24.022,-10.578,22.409,-11.332,4.960,0.93286,74.342
[SHELL] ccB:201,19271,1,0.095,-17.257,17.163,76.408,23.592,70.197,69.481,23.414,76.586
[SHELL] ccA:202,471881096,312884,0.173,19.872,0.000,35.000,3.15507,3.52426,200.99,-11.336,24.022,-10.575,22.411,-11.328,4.960,0.93293,74.342
[SHELL] ccB:202,2147523669,1,0.095,-17.257,17.163,78.149,21.851,61.088,76.408,23.592,70.197
[SHELL] ccA:203,471999720,312885,9.201,22.469,0.000,35.000,3.58342,3.76029,16.63,-11.517,23.968,-10.733,22.336,-11.329,4.958,0.93190,74.342
[SHELL] ccB:203,19291,1,1.291,-21.643,20.352,78.862,21.138,49.028,78.149,21.851,61.088
[SHELL] ccA:204,472101168,312885,9.201,22.469,0.000,35.000,3.58342,3.95818,201.06,-11.518,23.966,-10.734,22.335,-11.330,4.956,0.93195,74.342
[SHELL] ccB:204,2147523633,1,1.291,-21.643,20.352,78.188,21.812,39.217,78.862,21.138,49.028
[SHELL] ccA:205,472219724,312886,18.632,19.443,0.000,35.000,4.01169,4.18846,16.59,-11.712,24.026,-10.858,22.275,-11.335,4.955,0.92712,74.342
[SHELL] ccB:205,19295,1,2.849,-24.615,21.766,75.953,24.047,28.106,78.188,21.812,39.217
[SHELL] ccA:206,472321072,312886,18.632,19.443,0.000,35.000,4.01169,4.37692,200.87,-11.717,24.025,-10.862,22.273,-11.340,4.954,0.92707,74.342
[SHELL] ccB:206,2147523681,1,2.849,-24.615,21.766,76.529,30.284,23.471,75.953,24.047,28.106
[SHELL] ccA:207,472439652,312887,1.648,15.875,0.000,35.000,4.42767,4.60454,16.59,-11.374,24.097,-10.577,22.410,-11.337,4.955,0.92997,74.342
[SHELL] ccB:207,19257,1,14.773,-12.618,-2.155,78.345,40.534,21.655,76.529,30.284,23.471
[SHELL] ctrlcap v1 armed=0 count=512 clock_hz=550000000 decimation=1
[SHELL] ccA:index,cycles,seq,id,iq,idref,iqref,theta,actangle,age_us,vdreq,vqreq,vd,vq,intd,intq,scale,bus
[SHELL] ccB:index,timer,valid,ia,ib,ic,du,dv,dw,active_u,active_v,active_w
[SHELL] ccA:208,472541120,312887,1.648,15.875,0.000,35.000,4.42767,4.80313,201.06,-11.370,24.099,-10.574,22.411,-11.333,4.956,0.92998,74.342
[SHELL] ccB:208,2147523657,1,14.773,-12.618,-2.155,78.867,50.400,21.133,78.345,40.534,21.655
[SHELL] ccA:209,472659636,312888,-4.176,13.520,0.000,35.000,4.85659,5.03345,16.57,-11.248,24.148,-10.463,22.463,-11.327,4.959,0.93024,74.342
[SHELL] ccB:209,19249,1,12.780,-1.129,-11.651,78.085,61.563,21.915,78.867,50.400,21.133
[SHELL] ccA:210,472761084,312888,-4.176,13.520,0.000,35.000,4.85659,5.22586,201.01,-11.242,24.150,-10.458,22.466,-11.321,4.961,0.93025,74.342
[SHELL] ccB:210,2147523675,1,12.780,-1.129,-11.651,76.293,70.641,23.707,78.085,61.563,21.915
[SHELL] ccA:211,472879660,312889,-6.846,12.676,0.000,35.000,5.27634,5.45321,16.59,-11.181,24.170,-10.404,22.491,-11.314,4.964,0.93052,74.342
[SHELL] ccB:211,19261,1,7.053,7.352,-14.406,69.318,76.626,23.374,76.293,70.641,23.707
[SHELL] ccA:212,472981044,312889,-6.846,12.676,0.000,35.000,5.27634,5.65405,200.98,-11.174,24.173,-10.398,22.494,-11.307,4.967,0.93054,74.342
[SHELL] ccB:212,2147523695,1,7.053,7.352,-14.406,59.744,78.314,21.686,69.318,76.626,23.374
[SHELL] ccA:213,473099588,312890,7.568,23.479,0.000,35.000,5.70100,5.87788,16.53,-11.462,23.954,-10.696,22.353,-11.307,4.964,0.93318,74.342
[SHELL] ccB:213,19225,1,19.231,3.764,-22.995,47.951,78.843,21.157,59.744,78.314,21.686
[SHELL] ccA:214,473201048,312890,7.568,23.479,0.000,35.000,5.70100,6.07983,201.01,-11.462,23.952,-10.697,22.353,-11.307,4.962,0.93325,74.342
[SHELL] ccB:214,2147523693,1,19.231,3.764,-22.995,37.970,78.020,21.980,47.951,78.843,21.157
[SHELL] ccA:215,473327280,312891,20.473,20.446,0.000,35.000,6.14620,0.05715,19.43,-11.726,24.012,-10.874,22.267,-11.313,4.961,0.92735,74.342
[SHELL] ccB:215,23071,1,23.073,3.583,-26.656,25.528,75.174,24.826,37.970,78.020,21.980
[SHELL] ccA:216,473421024,312891,20.473,20.446,0.000,35.000,6.14620,0.21048,190.02,-11.732,24.010,-10.879,22.265,-11.319,4.959,0.92730,74.342
[SHELL] ccB:216,2147523705,1,23.073,3.583,-26.656,23.215,76.785,31.352,25.528,75.174,24.826
[SHELL] ccA:217,473539420,312892,-3.677,16.149,0.000,35.000,0.27692,0.45378,16.35,-11.243,24.097,-10.478,22.456,-11.313,4.960,0.93192,74.342
[SHELL] ccB:217,19141,1,-7.952,16.558,-8.607,21.487,78.513,42.190,23.215,76.785,31.352
[SHELL] ccA:218,473640960,312892,-3.677,16.149,0.000,35.000,0.27692,0.64988,201.00,-11.238,24.098,-10.473,22.459,-11.307,4.962,0.93197,74.342
[SHELL] ccB:218,2147523737,1,-7.952,16.558,-8.607,21.154,78.846,51.951,21.487,78.513,42.190
[SHELL] ccA:219,473759708,312893,-11.207,16.074,0.000,35.000,0.70131,0.87814,16.41,-11.078,24.101,-10.349,22.516,-11.298,4.963,0.93424,74.342
[SHELL] ccB:219,19285,1,-18.933,13.840,5.094,22.116,77.884,62.940,21.154,78.846,51.951
[SHELL] ccA:220,473861184,312893,-11.207,16.074,0.000,35.000,0.70131,1.07232,200.95,-11.068,24.161,-10.321,22.529,-11.289,4.964,0.93245,74.342
[SHELL] ccB:220,2147523625,1,-18.933,13.840,5.094,24.066,75.934,71.960,22.116,77.884,62.940
[SHELL] ccA:221,473979832,312894,-6.653,19.102,0.000,35.000,1.12024,1.29767,16.75,-11.152,24.100,-10.407,22.489,-11.282,4.964,0.93316,74.342
[SHELL] ccB:221,19347,1,-20.093,12.064,8.029,23.017,67.769,76.983,24.066,75.934,71.960
[SHELL] ccA:222,474081244,312894,-6.653,19.102,0.000,35.000,1.12024,1.50751,201.12,-11.145,24.100,-10.402,22.492,-11.275,4.964,0.93327,74.342
[SHELL] ccB:222,2147523595,1,-20.093,12.064,8.029,21.473,57.656,78.527,23.017,67.769,76.983
[SHELL] ccA:223,474199848,312895,10.251,24.508,0.000,35.000,1.55071,1.72812,16.75,-11.485,23.989,-10.701,22.351,-11.276,4.961,0.93172,74.342
[SHELL] ccB:223,19355,1,-24.298,21.451,2.846,21.225,45.993,78.775,21.473,57.656,78.527
[SHELL] ctrlcap v1 armed=0 count=512 clock_hz=550000000 decimation=1
[SHELL] ccA:index,cycles,seq,id,iq,idref,iqref,theta,actangle,age_us,vdreq,vqreq,vd,vq,intd,intq,scale,bus
[SHELL] ccB:index,timer,valid,ia,ib,ic,du,dv,dw,active_u,active_v,active_w
[SHELL] ccA:224,474301172,312895,10.251,24.508,0.000,35.000,1.55071,1.91246,200.99,-11.486,23.986,-10.639,22.218,-11.277,4.958,0.92628,73.902
[SHELL] ccB:224,2147523631,1,-24.298,21.451,2.846,22.138,36.921,77.862,21.225,45.993,78.775
[SHELL] ccA:225,474419832,312896,15.455,18.510,0.000,35.000,1.97576,2.15316,16.75,-11.594,24.106,-10.677,22.200,-11.280,4.956,0.92094,73.902
[SHELL] ccB:225,19347,1,-23.102,17.537,5.565,24.765,25.720,75.235,22.138,36.921,77.862
[SHELL] ccA:226,474521156,312896,15.455,18.510,0.000,35.000,1.97576,2.34696,200.98,-11.597,24.104,-10.680,22.199,-11.283,4.955,0.92093,73.902
[SHELL] ccB:226,2147523639,1,-23.102,17.537,5.565,33.033,22.845,77.155,24.765,25.720,75.235
[SHELL] ccA:227,474639780,312897,0.556,20.811,0.000,35.000,2.40187,2.57929,16.70,-11.294,24.056,-10.469,22.299,-11.279,4.953,0.92694,73.902
[SHELL] ccB:227,19321,1,-14.439,-5.768,20.207,43.848,21.352,78.648,33.033,22.845,77.155
[SHELL] ccA:228,474741308,312897,0.556,20.811,0.000,35.000,2.40187,2.77155,200.97,-11.291,24.054,-10.467,22.300,-11.275,4.952,0.92705,73.902
[SHELL] ccB:228,2147523563,1,-14.439,-5.768,20.207,53.438,21.201,78.799,43.848,21.352,78.648
[SHELL] ccA:229,474859160,312898,-5.756,18.981,0.000,35.000,2.82632,3.00375,16.13,-11.157,24.090,-10.414,22.486,-11.269,4.952,0.93341,74.342
[SHELL] ccB:229,19011,1,-0.413,-16.967,17.380,64.580,22.387,77.613,53.438,21.201,78.799
[SHELL] ccA:230,474960848,312898,-5.756,18.981,0.000,35.000,2.82632,3.19929,201.01,-11.151,24.090,-10.409,22.488,-11.262,4.952,0.93351,74.342
[SHELL] ccB:230,2147523793,1,-0.413,-16.967,17.380,73.585,24.546,75.454,64.580,22.387,77.613
[SHELL] ccA:231,475079236,312899,-2.133,18.602,0.000,35.000,3.25513,3.43245,16.17,-11.218,24.098,-10.459,22.465,-11.257,4.952,0.93226,74.342
[SHELL] ccB:231,19049,1,4.226,-17.910,13.683,77.396,22.604,65.759,73.585,24.546,75.454
[SHELL] ccA:232,475180868,312899,-2.133,18.602,0.000,35.000,3.25513,3.61941,200.96,-11.214,24.098,-10.455,22.467,-11.252,4.952,0.93233,74.342
[SHELL] ccB:232,2147523783,1,4.226,-17.910,13.683,78.609,21.391,56.673,77.396,22.604,65.759
[SHELL] ccA:233,475299152,312900,11.974,23.268,0.000,35.000,3.67174,3.84916,16.13,-11.498,24.002,-10.706,22.349,-11.255,4.949,0.93111,74.342
[SHELL] ccB:233,19007,1,1.436,-23.346,21.911,78.702,21.298,44.655,78.609,21.391,56.673
[SHELL] ccA:234,475400856,312900,11.974,23.268,0.000,35.000,3.67174,4.04522,201.01,-11.500,24.000,-10.708,22.348,-11.257,4.947,0.93115,74.342
[SHELL] ccB:234,2147523789,1,1.436,-23.346,21.911,77.550,22.450,35.068,78.702,21.298,44.655
[SHELL] ccA:235,475519252,312901,17.918,18.762,0.000,35.000,4.09745,4.27487,16.26,-11.624,24.090,-10.705,22.186,-11.261,4.946,0.92098,73.902
[SHELL] ccB:235,19057,1,4.987,-24.542,19.555,75.172,25.523,24.828,77.550,22.450,35.068
[SHELL] ccA:236,475620868,312901,17.918,18.762,0.000,35.000,4.09745,4.46599,201.01,-11.628,24.089,-10.773,22.316,-11.266,4.945,0.92644,74.342
[SHELL] ccB:236,2147523783,1,4.987,-24.542,19.555,77.400,34.259,22.600,75.172,25.523,24.828
[SHELL] ccA:237,475739268,312902,4.166,17.782,0.000,35.000,4.51526,4.69268,16.26,-11.351,24.108,-10.556,22.420,-11.264,4.945,0.92998,74.342
[SHELL] ccB:237,19065,1,16.622,-14.865,-1.757,78.714,44.847,21.286,77.400,34.259,22.600
[SHELL] ccA:238,475840844,312902,4.166,17.782,0.000,35.000,4.51526,4.89266,200.99,-11.349,24.108,-10.555,22.420,-11.262,4.945,0.93000,74.342
[SHELL] ccB:238,2147523795,1,16.622,-14.865,-1.757,78.733,54.825,21.267,78.714,44.847,21.286
[SHELL] ccA:239,475959264,312903,-4.608,11.843,0.000,35.000,4.95019,5.12761,16.29,-11.167,24.230,-10.372,22.505,-11.256,4.948,0.92882,74.342
[SHELL] ccB:239,19063,1,10.424,1.082,-11.506,77.370,65.894,22.630,78.733,54.825,21.267
[SHELL] ctrlcap v1 armed=0 count=512 clock_hz=550000000 decimation=1
[SHELL] ccA:index,cycles,seq,id,iq,idref,iqref,theta,actangle,age_us,vdreq,vqreq,vd,vq,intd,intq,scale,bus
[SHELL] ccB:index,timer,valid,ia,ib,ic,du,dv,dw,active_u,active_v,active_w
[SHELL] ccA:240,476060848,312903,-4.608,11.843,0.000,35.000,4.95019,5.32305,200.99,-11.161,24.233,-10.367,22.508,-11.249,4.951,0.92882,74.342
[SHELL] ccB:240,2147523793,1,10.424,1.082,-11.506,75.071,74.786,24.929,77.370,65.894,22.630
[SHELL] ccA:241,476179232,312904,-5.288,12.066,0.000,35.000,5.35649,5.53391,16.26,-11.141,24.231,-10.290,22.382,-11.242,4.953,0.92367,73.902
[SHELL] ccB:241,19047,1,6.473,6.700,-13.173,65.649,77.417,22.583,75.071,74.786,24.929
[SHELL] ccA:242,476280840,312904,-5.288,12.066,0.000,35.000,5.35649,5.74000,201.01,-11.134,24.233,-10.284,22.384,-11.235,4.956,0.92370,73.902
[SHELL] ccB:242,2147523797,1,6.473,6.700,-13.173,55.613,78.685,21.315,65.649,77.417,22.583
[SHELL] ccA:243,476399188,312905,14.294,22.092,0.000,35.000,5.78529,5.96271,16.16,-11.528,24.030,-10.719,22.342,-11.239,4.954,0.92977,74.342
[SHELL] ccB:243,19025,1,23.109,-0.658,-22.452,43.675,78.636,21.364,55.613,78.685,21.315
[SHELL] ccA:244,476500832,312905,14.294,22.092,0.000,35.000,5.78529,6.15678,200.99,-11.532,24.028,-10.722,22.341,-11.242,4.952,0.92978,74.342
[SHELL] ccB:244,2147523801,1,23.109,-0.658,-22.452,34.222,77.393,22.607,43.675,78.636,21.364
[SHELL] ccA:245,476619276,312906,22.186,18.332,0.000,35.000,6.21191,0.10615,16.16,-11.696,24.103,-10.819,22.294,-11.248,4.951,0.92495,74.342
[SHELL] ccB:245,19069,1,23.436,2.749,-26.185,24.519,75.481,26.501,34.222,77.393,22.607
[SHELL] ccA:246,476720880,312906,22.186,18.332,0.000,35.000,6.21191,0.30315,200.98,-11.703,24.103,-10.824,22.292,-11.255,4.950,0.92487,74.342
[SHELL] ccB:246,2147523777,1,23.436,2.749,-26.185,22.355,77.645,35.606,24.519,75.481,26.501
[SHELL] ccA:247,476839240,312907,4.309,18.099,0.000,35.000,0.34774,0.52512,16.21,-11.343,24.107,-10.551,22.422,-11.253,4.950,0.93013,74.342
[SHELL] ccB:247,19051,1,-2.116,17.066,-14.949,21.230,78.770,45.891,22.355,77.645,35.606
[SHELL] ccA:248,476940912,312907,4.309,18.099,0.000,35.000,0.34774,0.72674,201.07,-11.342,24.107,-10.487,22.290,-11.251,4.950,0.92465,73.902
[SHELL] ccB:248,2147523761,1,-2.116,17.066,-14.949,21.338,78.662,55.950,21.230,78.770,45.891
[SHELL] ccA:249,477059664,312908,-2.377,15.504,0.000,35.000,0.77585,0.95328,16.55,-11.202,24.159,-10.363,22.348,-11.246,4.950,0.92504,73.902
[SHELL] ccB:249,19263,1,-12.555,14.420,-1.865,22.788,77.212,66.687,21.338,78.662,55.950
[SHELL] ccA:250,477161080,312908,-2.377,15.504,0.000,35.000,0.77585,1.14965,201.02,-11.197,24.160,-10.420,22.483,-11.241,4.952,0.93061,74.342
[SHELL] ccB:250,2147523677,1,-12.555,14.420,-1.865,24.817,74.442,75.183,22.788,77.212,66.687
[SHELL] ccA:251,477279636,312909,3.312,18.065,0.000,35.000,1.19602,1.37343,16.56,-11.309,24.109,-10.524,22.435,-11.238,4.952,0.93058,74.342
[SHELL] ccB:251,19249,1,-15.599,16.196,-0.597,22.276,63.932,77.724,24.817,74.442,75.183
[SHELL] ccA:252,477381072,312909,3.312,18.065,0.000,35.000,1.19602,1.57276,200.99,-11.306,24.109,-10.459,22.303,-11.236,4.951,0.92510,73.902
[SHELL] ccB:252,2147523681,1,-15.599,16.196,-0.597,21.232,54.151,78.768,22.276,63.932,77.724
[SHELL] ccA:253,477499676,312910,20.481,21.946,0.000,35.000,1.62153,1.79895,16.56,-11.656,24.029,-10.751,22.164,-11.242,4.948,0.92240,73.902
[SHELL] ccB:253,19269,1,-22.957,28.229,-5.272,21.484,42.222,78.516,21.232,54.151,78.768
[SHELL] ccA:254,477601108,312910,20.481,21.946,0.000,35.000,1.62153,1.99291,201.00,-11.661,24.026,-10.820,22.293,-11.248,4.946,0.92789,74.342
[SHELL] ccB:254,2147523663,1,-22.957,28.229,-5.272,22.886,32.837,77.114,21.484,42.222,78.516
[SHELL] ccA:255,477719664,312911,21.028,17.770,0.000,35.000,2.04247,2.21990,16.60,-11.679,24.109,-10.803,22.302,-11.254,4.946,0.92503,74.342
[SHELL] ccB:255,19263,1,-25.385,21.922,3.463,27.329,24.271,75.729,22.886,32.837,77.114
[SHELL] ctrlcap v1 armed=0 count=512 clock_hz=550000000 decimation=1
[SHELL] ccA:index,cycles,seq,id,iq,idref,iqref,theta,actangle,age_us,vdreq,vqreq,vd,vq,intd,intq,scale,bus
[SHELL] ccB:index,timer,valid,ia,ib,ic,du,dv,dw,active_u,active_v,active_w
[SHELL] ccA:256,477821064,312911,21.028,17.770,0.000,35.000,2.04247,2.41644,200.98,-11.685,24.109,-10.808,22.300,-11.260,4.945,0.92495,74.342
[SHELL] ccB:256,2147523685,1,-25.385,21.922,3.463,36.478,22.208,77.792,27.329,24.271,75.729
[SHELL] ccA:257,477939692,312912,7.664,19.471,0.000,35.000,2.46095,2.63828,16.57,-11.417,24.074,-10.619,22.390,-11.260,4.945,0.93007,74.342
[SHELL] ccB:257,19277,1,-18.209,0.176,18.033,46.978,21.185,78.815,36.478,22.208,77.792
[SHELL] ccA:258,478041148,312912,7.664,19.471,0.000,35.000,2.46095,2.84906,200.99,-11.417,24.073,-10.619,22.390,-11.260,4.944,0.93009,74.342
[SHELL] ccB:258,2147523643,1,-18.209,0.176,18.033,57.487,21.458,78.542,46.978,21.185,78.815
[SHELL] ccA:259,478159620,312913,5.809,17.930,0.000,35.000,2.88769,3.06513,16.55,-11.379,24.104,-10.579,22.409,-11.258,4.944,0.92969,74.342
[SHELL] ccB:259,19241,1,-10.126,-8.704,18.830,67.828,23.030,76.970,57.487,21.458,78.542
[SHELL] ccA:260,478261068,312913,5.809,17.930,0.000,35.000,2.88769,3.26793,201.03,-11.377,24.104,-10.578,22.410,-11.257,4.944,0.92970,74.342
[SHELL] ccB:260,2147523683,1,-10.126,-8.704,18.830,75.607,24.393,73.082,67.828,23.030,76.970
[SHELL] ccA:261,478379636,312914,10.544,17.888,0.000,35.000,3.31130,3.48873,16.57,-11.473,24.105,-10.650,22.375,-11.258,4.944,0.92824,74.342
[SHELL] ccB:261,19249,1,-7.372,-13.125,20.497,77.928,22.072,62.652,75.607,24.393,73.082
[SHELL] ccA:262,478481056,312914,10.544,17.888,0.000,35.000,3.31130,3.69234,200.97,-11.475,24.105,-10.651,22.375,-11.260,4.944,0.92823,74.342
[SHELL] ccB:262,2147523689,1,-7.372,-13.125,20.497,78.828,21.172,52.607,77.928,22.072,62.652
[SHELL] ccA:263,478599608,312915,27.205,22.385,0.000,35.000,3.74305,3.92047,16.54,-11.817,24.013,-10.942,22.234,-11.269,4.941,0.92593,74.342
[SHELL] ccB:263,19235,1,-9.764,-24.434,34.197,78.353,21.647,40.605,78.828,21.172,52.607
[SHELL] ccA:264,478701080,312915,27.205,22.385,0.000,35.000,3.74305,4.11501,201.06,-11.827,24.010,-10.950,22.230,-11.278,4.939,0.92587,74.342
[SHELL] ccB:264,2147523677,1,-9.764,-24.434,34.197,76.766,23.234,31.273,78.353,21.647,40.605
[SHELL] ccA:265,478819616,312916,24.639,15.567,0.000,35.000,4.16086,4.33829,16.54,-11.783,24.147,-10.867,22.271,-11.286,4.939,0.92228,74.342
[SHELL] ccB:265,19239,1,0.348,-25.412,25.064,76.072,28.535,23.928,76.766,23.234,31.273
[SHELL] ccA:266,478921084,312916,24.639,15.567,0.000,35.000,4.16086,4.54319,201.04,-11.791,24.148,-10.873,22.268,-11.294,4.940,0.92216,74.342
[SHELL] ccB:266,2147523675,1,0.348,-25.412,25.064,78.050,38.185,21.950,76.072,28.535,23.928
[SHELL] ccA:267,479039592,312917,10.421,16.580,0.000,35.000,4.58905,4.76647,16.51,-11.507,24.127,-10.668,22.367,-11.295,4.940,0.92705,74.342
[SHELL] ccB:267,19227,1,15.172,-18.308,3.136,78.859,48.776,21.141,78.050,38.185,21.950
[SHELL] ccA:268,479141032,312917,10.421,16.580,0.000,35.000,4.58905,4.95947,200.99,-11.508,24.128,-10.668,22.367,-11.296,4.940,0.92702,74.342
[SHELL] ccB:268,2147523701,1,15.172,-18.308,3.136,78.458,58.387,21.542,78.859,48.776,21.141
[SHELL] ccA:269,479259568,312918,2.010,11.959,0.000,35.000,5.01275,5.19017,16.51,-11.337,24.223,-10.504,22.444,-11.292,4.943,0.92657,74.342
[SHELL] ccB:269,19215,1,12.019,-4.608,-7.411,76.679,69.098,23.321,78.458,58.387,21.542
[SHELL] ccA:270,479361040,312918,2.010,11.959,0.000,35.000,5.01275,5.39906,200.99,-11.334,24.225,-10.501,22.446,-11.289,4.946,0.92654,74.342
[SHELL] ccB:270,2147523697,1,12.019,-4.608,-7.411,71.592,76.037,23.963,76.679,69.098,23.321
[SHELL] ccA:271,479479552,312919,7.932,16.162,0.000,35.000,5.43964,5.61707,16.51,-11.452,24.142,-10.683,22.522,-11.289,4.947,0.93290,74.782
[SHELL] ccB:271,19207,1,17.347,-4.499,-12.847,61.067,78.151,21.849,71.592,76.037,23.963
[SHELL] ctrlcap v1 armed=0 count=512 clock_hz=550000000 decimation=1
[SHELL] ccA:index,cycles,seq,id,iq,idref,iqref,theta,actangle,age_us,vdreq,vqreq,vd,vq,intd,intq,scale,bus
[SHELL] ccB:index,timer,valid,ia,ib,ic,du,dv,dw,active_u,active_v,active_w
[SHELL] ccA:272,479581024,312919,7.932,16.162,0.000,35.000,5.43964,5.81988,201.01,-11.452,24.143,-10.683,22.522,-11.290,4.948,0.93286,74.782
[SHELL] ccB:272,2147523705,1,17.347,-4.499,-12.847,51.020,78.862,21.138,61.067,78.151,21.849
[SHELL] ccA:273,479699544,312920,26.842,23.469,0.000,35.000,5.86889,6.04630,16.48,-11.840,23.995,-10.965,22.223,-11.299,4.945,0.92615,74.342
[SHELL] ccB:273,19203,1,34.019,-7.761,-26.257,39.015,78.162,21.838,51.020,78.862,21.138
[SHELL] ccA:274,479801032,312920,26.842,23.469,0.000,35.000,5.86889,6.25378,201.02,-11.849,23.991,-11.038,22.350,-11.308,4.943,0.93158,74.782
[SHELL] ccB:274,2147523701,1,34.019,-7.761,-26.257,29.187,76.248,23.752,39.015,78.162,21.838
[SHELL] ccA:275,479919472,312921,24.877,17.011,0.000,35.000,0.01638,0.19380,16.50,-11.818,24.121,-10.967,22.385,-11.316,4.943,0.92801,74.782
[SHELL] ccB:275,19167,1,24.595,2.786,-27.381,23.387,76.613,30.629,29.187,76.248,23.752
[SHELL] ccA:276,480020928,312921,24.877,17.011,0.000,35.000,0.01638,0.39446,201.01,-11.826,24.122,-10.973,22.382,-11.324,4.943,0.92788,74.782
[SHELL] ccB:276,2147523753,1,24.595,2.786,-27.381,21.690,78.310,40.218,23.387,76.613,30.629
[SHELL] ccA:277,480139324,312922,4.277,17.756,0.000,35.000,0.43694,0.61437,16.31,-11.412,24.107,-10.666,22.530,-11.323,4.944,0.93460,74.782
[SHELL] ccB:277,19093,1,-3.639,17.319,-13.681,21.134,78.866,50.465,21.690,78.310,40.218
[SHELL] ccA:278,480241132,312922,4.277,17.756,0.000,35.000,0.43694,0.81079,200.99,-11.410,24.107,-10.601,22.398,-11.321,4.944,0.92911,74.342
[SHELL] ccB:278,2147523651,1,-3.639,17.319,-13.681,21.741,78.259,60.211,21.134,78.866,50.465
[SHELL] ccA:279,480359712,312923,-4.730,16.239,0.000,35.000,0.86362,1.04104,16.66,-11.224,24.139,-10.448,22.470,-11.315,4.945,0.93089,74.342
[SHELL] ccB:279,19287,1,-15.418,13.731,1.687,23.749,76.251,70.802,21.741,78.259,60.211
[SHELL] ccA:280,480461092,312923,-4.730,16.239,0.000,35.000,0.86362,1.23713,201.00,-11.218,24.140,-10.443,22.473,-11.308,4.946,0.93094,74.342
[SHELL] ccB:280,2147523671,1,-15.418,13.731,1.687,23.668,70.491,76.332,23.749,76.251,70.802
[SHELL] ccA:281,480579684,312924,5.590,20.653,0.000,35.000,1.28872,1.46615,16.61,-11.423,24.050,-10.632,22.384,-11.307,4.945,0.93072,74.342
[SHELL] ccB:281,19273,1,-18.281,18.769,-0.488,21.624,59.189,78.376,23.668,70.491,76.332
[SHELL] ccA:282,480681104,312924,5.590,20.653,0.000,35.000,1.28872,1.66574,201.02,-11.422,24.049,-10.631,22.384,-11.306,4.944,0.93078,74.342
[SHELL] ccB:282,2147523665,1,-18.281,18.769,-0.488,21.136,49.263,78.864,21.624,59.189,78.376
[SHELL] ccA:283,480799692,312925,27.027,23.493,0.000,35.000,1.71464,1.89206,16.63,-11.860,23.990,-11.047,22.346,-11.315,4.941,0.93147,74.782
[SHELL] ccB:283,19277,1,-27.125,33.810,-6.686,22.079,37.300,77.921,21.136,49.263,78.864
[SHELL] ccA:284,480901120,312925,27.027,23.493,0.000,35.000,1.71464,2.08955,201.09,-11.869,23.987,-11.055,22.342,-11.325,4.939,0.93140,74.782
[SHELL] ccB:284,2147523657,1,-27.125,33.810,-6.686,24.065,28.043,75.935,22.079,37.300,77.921
[SHELL] ccA:285,481019620,312926,17.550,16.248,0.000,35.000,2.13877,2.31620,16.55,-11.685,24.133,-10.863,22.436,-11.330,4.940,0.92966,74.782
[SHELL] ccB:285,19241,1,-23.138,16.812,6.326,31.710,23.133,76.867,24.065,28.043,75.935
[SHELL] ccA:286,481121076,312926,17.550,16.248,0.000,35.000,2.13877,2.52010,201.01,-11.689,24.134,-10.866,22.434,-11.334,4.941,0.92956,74.782
[SHELL] ccB:286,2147523679,1,-23.138,16.812,6.326,41.519,21.551,78.449,31.710,23.133,76.867
[SHELL] ccA:287,481239592,312927,2.030,18.494,0.000,35.000,2.56434,2.74175,16.53,-11.376,24.089,-10.644,22.540,-11.332,4.941,0.93571,74.782
[SHELL] ccB:287,19227,1,-11.793,-6.565,18.359,52.067,21.157,78.843,41.519,21.551,78.449
[SHELL] ctrlcap v1 armed=0 count=512 clock_hz=550000000 decimation=1
[SHELL] ccA:index,cycles,seq,id,iq,idref,iqref,theta,actangle,age_us,vdreq,vqreq,vd,vq,intd,intq,scale,bus
[SHELL] ccB:index,timer,valid,ia,ib,ic,du,dv,dw,active_u,active_v,active_w
[SHELL] ccA:288,481341056,312927,2.030,18.494,0.000,35.000,2.56434,2.94077,200.98,-11.373,24.090,-10.642,22.541,-11.329,4.942,0.93573,74.782
[SHELL] ccB:288,2147523689,1,-11.793,-6.565,18.359,61.898,21.962,78.038,52.067,21.157,78.843
[SHELL] ccA:289,481459584,312928,-0.822,17.201,0.000,35.000,2.99183,3.16926,16.53,-11.312,24.117,-10.586,22.568,-11.325,4.943,0.93579,74.782
[SHELL] ccB:289,19223,1,-1.754,-13.959,15.713,72.477,24.214,75.786,61.898,21.962,78.038
[SHELL] ccA:290,481561064,312928,-0.822,17.201,0.000,35.000,2.99183,3.36971,201.03,-11.308,24.118,-10.582,22.570,-11.321,4.944,0.93581,74.782
[SHELL] ccB:290,2147523685,1,-1.754,-13.959,15.713,76.801,23.199,68.576,72.477,24.214,75.786
[SHELL] ccA:291,481679696,312929,8.099,21.052,0.000,35.000,3.41974,3.59712,16.56,-11.487,24.040,-10.747,22.492,-11.321,4.943,0.93559,74.782
[SHELL] ccB:291,19279,1,-2.008,-18.453,20.461,78.561,21.439,57.270,76.801,23.199,68.576
[SHELL] ccA:292,481781112,312929,8.099,21.052,0.000,35.000,3.41974,3.79599,200.94,-11.487,24.039,-10.748,22.491,-11.322,4.943,0.93561,74.782
[SHELL] ccB:292,2147523661,1,-2.008,-18.453,20.461,78.827,21.173,47.352,78.561,21.439,57.270
[SHELL] ccA:293,481899672,312930,24.323,23.871,0.000,35.000,3.85077,4.02820,16.61,-11.820,23.981,-11.021,22.359,-11.330,4.940,0.93237,74.782
[SHELL] ccB:293,19267,1,-2.914,-27.949,30.863,77.601,22.399,35.350,78.827,21.173,47.352
[SHELL] ccA:294,482001072,312930,24.323,23.871,0.000,35.000,3.85077,4.22088,201.01,-11.828,23.978,-10.963,22.224,-11.338,4.937,0.92684,74.342
[SHELL] ccB:294,2147523681,1,-2.914,-27.949,30.863,75.466,24.534,26.453,77.601,22.399,35.350
[SHELL] ccA:295,482119648,312931,13.320,17.442,0.000,35.000,4.28122,4.45864,16.58,-11.611,24.107,-10.817,22.458,-11.340,4.937,0.93162,74.782
[SHELL] ccB:295,19255,1,10.279,-21.933,11.654,77.324,33.869,22.676,75.466,24.534,26.453
[SHELL] ccA:296,482221080,312931,13.320,17.442,0.000,35.000,4.28122,4.64449,201.01,-11.613,24.107,-10.818,22.457,-11.343,4.938,0.93156,74.782
[SHELL] ccB:296,2147523677,1,10.279,-21.933,11.654,78.575,42.896,21.425,77.324,33.869,22.676
[SHELL] ccA:297,482339692,312932,-2.027,18.705,0.000,35.000,4.70283,4.88022,16.61,-11.301,24.082,-10.590,22.566,-11.338,4.938,0.93705,74.782
[SHELL] ccB:297,19277,1,18.724,-7.761,-10.962,78.768,54.146,21.232,78.575,42.896,21.425
[SHELL] ccA:298,482441080,312932,-2.027,18.705,0.000,35.000,4.70283,5.07973,200.96,-11.297,24.082,-10.586,22.568,-11.334,4.939,0.93710,74.782
[SHELL] ccB:298,2147523677,1,18.724,-7.761,-10.962,77.724,63.931,22.276,78.768,54.146,21.232
[SHELL] ccA:299,482559660,312933,-7.263,16.447,0.000,35.000,5.12700,5.30441,16.58,-11.185,24.129,-10.483,22.616,-11.327,4.941,0.93727,74.782
[SHELL] ccB:299,19261,1,12.127,5.431,-17.559,75.299,74.080,24.701,77.724,63.931,22.276
[SHELL] ccA:300,482661068,312933,-7.263,16.447,0.000,35.000,5.12700,5.50188,200.99,-11.178,24.131,-10.477,22.619,-11.319,4.942,0.93732,74.782
[SHELL] ccB:300,2147523683,1,12.127,5.431,-17.559,67.029,77.142,22.858,75.299,74.080,24.701
[SHELL] ccA:301,482779608,312934,1.356,23.615,0.000,35.000,5.54395,5.72137,16.54,-11.347,23.986,-10.660,22.533,-11.317,4.941,0.93943,74.782
[SHELL] ccB:301,19235,1,16.912,5.866,-22.778,55.982,78.660,21.340,67.029,77.142,22.858
[SHELL] ccA:302,482881108,312934,1.356,23.615,0.000,35.000,5.54395,5.92859,201.09,-11.345,23.984,-10.658,22.534,-11.314,4.939,0.93952,74.782
[SHELL] ccB:302,2147523663,1,16.912,5.866,-22.778,45.644,78.758,21.242,55.982,78.660,21.340
[SHELL] ccA:303,482999616,312935,22.918,25.833,0.000,35.000,5.97937,6.15679,16.54,-11.784,23.937,-10.945,22.233,-11.321,4.935,0.92879,74.342
[SHELL] ccB:303,19241,1,29.597,0.611,-30.208,33.748,77.300,22.700,45.644,78.758,21.242
[SHELL] ctrlcap v1 armed=0 count=512 clock_hz=550000000 decimation=1
[SHELL] ccA:index,cycles,seq,id,iq,idref,iqref,theta,actangle,age_us,vdreq,vqreq,vd,vq,intd,intq,scale,bus
[SHELL] ccB:index,timer,valid,ia,ib,ic,du,dv,dw,active_u,active_v,active_w
[SHELL] ccA:304,483101068,312935,22.918,25.833,0.000,35.000,5.97937,0.07641,201.08,-11.791,23.933,-10.952,22.229,-11.329,4.931,0.92880,74.342
[SHELL] ccB:304,2147523683,1,29.597,0.611,-30.208,24.849,75.151,25.459,33.748,77.300,22.700
[SHELL] ccA:305,483219464,312936,11.960,17.728,0.000,35.000,0.11321,0.29063,16.47,-11.574,24.095,-10.729,22.337,-11.330,4.931,0.92704,74.342
[SHELL] ccB:305,19163,1,9.880,11.484,-21.364,22.498,77.502,34.805,24.849,75.151,25.459
[SHELL] ccA:306,483320984,312936,11.960,17.728,0.000,35.000,0.11321,0.48986,201.01,-11.575,24.095,-10.731,22.337,-11.332,4.931,0.92702,74.342
[SHELL] ccB:306,2147523725,1,9.880,11.484,-21.364,21.305,78.695,44.536,22.498,77.502,34.805
[SHELL] ccA:307,483439360,312937,-4.699,19.930,0.000,35.000,0.53873,0.71613,16.31,-11.236,24.050,-10.489,22.451,-11.326,4.931,0.93353,74.342
[SHELL] ccB:307,19111,1,-14.258,19.856,-5.598,21.294,78.706,55.289,21.305,78.695,44.536
[SHELL] ccA:308,483541168,312937,-4.699,19.930,0.000,35.000,0.53873,0.91813,200.99,-11.230,24.050,-10.484,22.453,-11.320,4.930,0.93363,74.342
[SHELL] ccB:308,2147523633,1,-14.258,19.856,-5.598,22.489,77.511,65.147,21.294,78.706,55.289
[SHELL] ccA:309,483659808,312938,-4.186,19.446,0.000,35.000,0.96774,1.14516,16.74,-11.234,24.059,-10.484,22.453,-11.314,4.930,0.93327,74.342
[SHELL] ccB:309,19335,1,-18.390,15.761,2.629,24.840,74.513,75.160,22.489,77.511,65.147
[SHELL] ccA:310,483761192,312938,-4.186,19.446,0.000,35.000,0.96774,1.34751,201.11,-11.228,24.059,-10.480,22.455,-11.308,4.930,0.93336,74.342
[SHELL] ccB:310,2147523621,1,-18.390,15.761,2.629,22.511,65.264,77.489,24.840,74.513,75.160
[SHELL] ccA:311,483879852,312939,5.781,21.794,0.000,35.000,1.38456,1.56188,16.71,-11.427,24.010,-10.649,22.376,-11.307,4.928,0.93193,74.342
[SHELL] ccB:311,19357,1,-20.347,18.588,1.759,21.245,54.410,78.755,22.511,65.264,77.489
[SHELL] ccA:312,483981136,312939,5.781,21.794,0.000,35.000,1.38456,1.76899,200.89,-11.426,24.009,-10.649,22.376,-11.306,4.927,0.93199,74.342
[SHELL] ccB:312,2147523649,1,-20.347,18.588,1.759,21.336,44.075,78.664,21.245,54.410,78.755
[SHELL] ccA:313,484099764,312940,21.229,21.542,0.000,35.000,1.81513,1.99255,16.69,-11.741,24.012,-10.885,22.262,-11.313,4.925,0.92710,74.342
[SHELL] ccB:313,19313,1,-26.037,26.344,-0.307,22.912,32.717,77.088,21.336,44.075,78.664
[SHELL] ccA:314,484201164,312940,21.229,21.542,0.000,35.000,1.81513,2.18765,201.09,-11.748,24.010,-10.891,22.259,-11.319,4.922,0.92706,74.342
[SHELL] ccB:314,2147523635,1,-26.037,26.344,-0.307,26.076,24.651,75.349,22.912,32.717,77.088
[SHELL] ccA:315,484319704,312941,7.028,16.202,0.000,35.000,2.23606,2.41348,16.63,-11.463,24.118,-10.638,22.381,-11.318,4.923,0.92800,74.342
[SHELL] ccB:315,19283,1,-17.085,4.670,12.415,35.970,22.292,77.708,26.076,24.651,75.349
[SHELL] ccA:316,484421100,312941,7.028,16.202,0.000,35.000,2.23606,2.61208,201.01,-11.462,24.119,-10.637,22.382,-11.318,4.924,0.92798,74.342
[SHELL] ccB:316,2147523667,1,-17.085,4.670,12.415,45.712,21.239,78.761,35.970,22.292,77.708
[SHELL] ccA:317,484539720,312942,-1.442,19.827,0.000,35.000,2.66544,2.84283,16.64,-11.288,24.045,-10.531,22.432,-11.313,4.923,0.93291,74.342
[SHELL] ccB:317,19291,1,-7.807,-11.929,19.736,56.985,21.416,78.584,45.712,21.239,78.761
[SHELL] ccA:318,484641108,312942,-1.442,19.827,0.000,35.000,2.66544,3.04103,200.97,-11.284,24.044,-10.527,22.433,-11.309,4.923,0.93299,74.342
[SHELL] ccB:318,2147523663,1,-7.807,-11.929,19.736,66.590,22.768,77.232,56.985,21.416,78.584
[SHELL] ccA:319,484759680,312943,-1.551,16.659,0.000,35.000,3.09557,3.27301,16.61,-11.277,24.109,-10.499,22.446,-11.304,4.924,0.93104,74.342
[SHELL] ccB:319,19271,1,0.783,-14.865,14.082,75.628,24.372,73.012,66.590,22.768,77.232
[SHELL] ctrlcap v1 armed=0 count=512 clock_hz=550000000 decimation=1
[SHELL] ccA:index,cycles,seq,id,iq,idref,iqref,theta,actangle,age_us,vdreq,vqreq,vd,vq,intd,intq,scale,bus
[SHELL] ccB:index,timer,valid,ia,ib,ic,du,dv,dw,active_u,active_v,active_w
[SHELL] ccA:320,484861112,312943,-1.551,16.659,0.000,35.000,3.09557,3.46359,201.00,-11.272,24.158,-10.478,22.456,-11.299,4.924,0.92955,74.342
[SHELL] ccB:320,2147523661,1,0.783,-14.865,14.082,77.673,22.327,64.232,75.628,24.372,73.012
[SHELL] ccA:321,484979736,312944,7.124,22.978,0.000,35.000,3.51403,3.69186,16.64,-11.445,24.030,-10.656,22.372,-11.299,4.922,0.93104,74.342
[SHELL] ccB:321,19299,1,1.725,-21.643,19.917,78.828,21.172,52.620,77.673,22.327,64.232
[SHELL] ccA:322,485081104,312944,7.124,22.978,0.000,35.000,3.51403,3.88391,200.95,-11.445,24.027,-10.657,22.372,-11.298,4.920,0.93112,74.342
[SHELL] ccB:322,2147523665,1,1.725,-21.643,19.917,78.586,21.414,43.040,78.828,21.172,52.620
[SHELL] ccA:323,485199708,312945,20.463,22.644,0.000,35.000,3.93895,4.11681,16.63,-11.718,24.032,-10.861,22.274,-11.304,4.917,0.92685,74.342
[SHELL] ccB:323,19285,1,1.907,-27.333,25.426,76.790,23.210,31.375,78.586,21.414,43.040
[SHELL] ccA:324,485301072,312945,20.463,22.644,0.000,35.000,3.93895,4.31643,200.96,-11.724,24.029,-10.866,22.271,-11.310,4.915,0.92684,74.342
[SHELL] ccB:324,2147523681,1,1.907,-27.333,25.426,75.794,27.551,24.206,76.790,23.210,31.375
[SHELL] ccA:325,485419644,312946,10.653,17.227,0.000,35.000,4.36214,4.54002,16.58,-11.529,24.138,-10.680,22.361,-11.311,4.915,0.92639,74.342
[SHELL] ccB:325,19253,1,12.526,-20.048,7.522,77.967,37.611,22.033,75.794,27.551,24.206
[SHELL] ccA:326,485521112,312946,10.653,17.227,0.000,35.000,4.36214,4.73589,201.07,-11.530,24.138,-10.681,22.361,-11.313,4.915,0.92638,74.342
[SHELL] ccB:326,2147523661,1,12.526,-20.048,7.522,78.825,47.278,21.175,77.967,37.611,22.033
[SHELL] ccA:327,485639656,312947,-2.793,14.885,0.000,35.000,4.78869,4.96656,16.58,-11.255,24.186,-10.455,22.467,-11.307,4.916,0.92894,74.342
[SHELL] ccB:327,19259,1,14.628,-3.920,-10.709,78.470,58.269,21.530,78.825,47.278,21.175
[SHELL] ccA:328,485741148,312947,-2.793,14.885,0.000,35.000,4.78869,5.16624,201.09,-11.250,24.187,-10.451,22.469,-11.302,4.918,0.92897,74.342
[SHELL] ccB:328,2147523643,1,14.628,-3.920,-10.709,76.960,67.876,23.040,78.470,58.269,21.530
[SHELL] ccA:329,485859652,312948,-6.227,12.997,0.000,35.000,5.20840,5.38628,16.58,-11.174,24.227,-10.379,22.503,-11.295,4.920,0.92881,74.342
[SHELL] ccB:329,19257,1,8.467,5.866,-14.333,72.411,75.805,24.195,76.960,67.876,23.040
[SHELL] ccA:330,485961064,312948,-6.227,12.997,0.000,35.000,5.20840,5.58013,201.01,-11.167,24.230,-10.372,22.505,-11.288,4.922,0.92884,74.342
[SHELL] ccB:330,2147523685,1,8.467,5.866,-14.333,63.394,77.812,22.188,72.411,75.805,24.195
[SHELL] ccA:331,486079616,312949,7.082,22.662,0.000,35.000,5.62883,5.80671,16.54,-11.433,24.034,-10.645,22.378,-11.287,4.920,0.93109,74.342
[SHELL] ccB:331,19239,1,19.412,2.133,-21.546,51.623,78.852,21.148,63.394,77.812,22.188
[SHELL] ccA:332,486181072,312949,7.082,22.662,0.000,35.000,5.62883,6.01080,201.02,-11.432,24.032,-10.645,22.378,-11.287,4.918,0.93116,74.342
[SHELL] ccB:332,2147523681,1,19.412,2.133,-21.546,41.460,78.443,21.557,51.623,78.852,21.148
[SHELL] ccA:333,486299624,312950,28.103,23.881,0.000,35.000,6.06296,6.24084,16.57,-11.863,24.005,-10.979,22.216,-11.296,4.915,0.92548,74.342
[SHELL] ccB:333,19243,1,32.641,-1.455,-31.187,29.765,76.398,23.602,41.460,78.443,21.557
[SHELL] ccA:334,486401004,312950,28.103,23.881,0.000,35.000,6.06296,0.15178,200.97,-11.872,24.001,-10.987,22.212,-11.306,4.911,0.92544,74.342
[SHELL] ccB:334,2147523715,1,32.641,-1.455,-31.187,23.834,76.166,28.882,29.765,76.398,23.602
[SHELL] ccA:335,486520192,312951,10.477,16.737,0.000,35.000,0.19991,0.37780,16.44,-11.521,24.144,-10.672,22.365,-11.307,4.912,0.92630,74.342
[SHELL] ccB:335,19527,1,6.945,12.535,-19.480,21.855,78.145,38.884,23.834,76.166,28.882
[SHELL] ctrlcap v1 armed=0 count=512 clock_hz=550000000 decimation=1
[SHELL] ccA:index,cycles,seq,id,iq,idref,iqref,theta,actangle,age_us,vdreq,vqreq,vd,vq,intd,intq,scale,bus
[SHELL] ccB:index,timer,valid,ia,ib,ic,du,dv,dw,active_u,active_v,active_w
[SHELL] ccA:336,486620932,312951,10.477,16.737,0.000,35.000,0.19991,0.57413,200.99,-11.522,24.145,-10.672,22.365,-11.308,4.912,0.92628,74.342
[SHELL] ccB:336,2147523751,1,6.945,12.535,-19.480,21.144,78.856,48.609,21.855,78.145,38.884
[SHELL] ccA:337,486739636,312952,-4.098,16.067,0.000,35.000,0.62955,0.80733,16.33,-11.224,24.159,-10.441,22.474,-11.302,4.913,0.93025,74.342
[SHELL] ccB:337,19249,1,-12.772,15.543,-2.771,21.680,78.320,59.691,21.144,78.856,48.609
[SHELL] ccA:338,486841156,312952,-4.098,16.067,0.000,35.000,0.62955,1.00752,200.94,-11.218,24.160,-10.436,22.476,-11.296,4.914,0.93031,74.342
[SHELL] ccB:338,2147523639,1,-12.772,15.543,-2.771,23.356,76.644,69.242,21.680,78.320,59.691
[SHELL] ccA:339,486959744,312953,-4.596,17.223,0.000,35.000,1.05086,1.22875,16.67,-11.202,24.137,-10.432,22.478,-11.290,4.915,0.93126,74.342
[SHELL] ccB:339,19303,1,-17.230,12.571,4.659,23.774,70.895,76.226,23.356,76.644,69.242
[SHELL] ccA:340,487061128,312953,-4.596,17.223,0.000,35.000,1.05086,1.43837,201.00,-11.196,24.138,-10.427,22.480,-11.284,4.915,0.93133,74.342
[SHELL] ccB:340,2147523653,1,-17.230,12.571,4.659,21.839,60.996,78.161,23.774,70.895,76.226
[SHELL] ccA:341,487179776,312954,8.582,22.665,0.000,35.000,1.48031,1.65820,16.70,-11.460,24.027,-10.668,22.367,-11.284,4.913,0.93092,74.342
[SHELL] ccB:341,19319,1,-21.797,20.074,1.723,21.134,49.558,78.866,21.839,60.996,78.161
[SHELL] ccA:342,487281164,312954,8.582,22.665,0.000,35.000,1.48031,1.85678,201.01,-11.460,24.025,-10.669,22.366,-11.284,4.911,0.93098,74.342
[SHELL] ccB:342,2147523635,1,-21.797,20.074,1.723,21.752,39.701,78.248,21.134,49.558,78.866
[SHELL] ccA:343,487399724,312955,18.234,20.022,0.000,35.000,1.90333,2.08121,16.67,-11.658,24.077,-10.800,22.303,-11.289,4.910,0.92636,74.342
[SHELL] ccB:343,19293,1,-24.877,21.705,3.173,23.855,28.805,76.145,21.752,39.701,78.248
[SHELL] ccA:344,487501092,312955,18.234,20.022,0.000,35.000,1.90333,2.26839,200.99,-11.663,24.075,-10.804,22.301,-11.294,4.908,0.92633,74.342
[SHELL] ccB:344,2147523671,1,-24.877,21.705,3.173,29.517,23.666,76.334,23.855,28.805,76.145
[SHELL] ccA:345,487619708,312956,4.981,20.710,0.000,35.000,2.32558,2.50344,16.62,-11.396,24.060,-10.608,22.395,-11.293,4.907,0.93082,74.342
[SHELL] ccB:345,19285,1,-18.499,0.104,18.395,40.273,21.684,78.316,29.517,23.666,76.334
[SHELL] ccA:346,487721084,312956,4.981,20.710,0.000,35.000,2.32558,2.70571,200.96,-11.395,24.059,-10.607,22.396,-11.291,4.906,0.93088,74.342
[SHELL] ccB:346,2147523675,1,-18.499,0.104,18.395,50.322,21.133,78.867,40.273,21.684,78.316
[SHELL] ccA:347,487839676,312957,-0.278,20.138,0.000,35.000,2.75304,2.93092,16.60,-11.285,24.069,-10.520,22.437,-11.287,4.905,0.93218,74.342
[SHELL] ccB:347,19269,1,-7.372,-12.546,19.917,61.290,21.878,78.122,50.322,21.133,78.867
[SHELL] ccA:348,487941124,312957,-0.278,20.138,0.000,35.000,2.75304,3.12366,201.05,-11.282,24.068,-10.517,22.438,-11.283,4.904,0.93226,74.342
[SHELL] ccB:348,2147523655,1,-7.372,-12.546,19.917,70.406,23.646,76.354,61.290,21.878,78.122
[SHELL] ccA:349,488059700,312958,1.380,18.727,0.000,35.000,3.17578,3.35366,16.63,-11.312,24.097,-10.530,22.432,-11.280,4.904,0.93092,74.342
[SHELL] ccB:349,19281,1,-0.739,-15.880,16.619,76.631,23.369,69.298,70.406,23.646,76.354
[SHELL] ccA:350,488161096,312958,1.380,18.727,0.000,35.000,3.17578,3.55900,200.99,-11.308,24.096,-10.528,22.433,-11.277,4.904,0.93098,74.342
[SHELL] ccB:350,2147523669,1,-0.739,-15.880,16.619,78.343,21.657,59.492,76.631,23.369,69.298
[SHELL] ccA:351,488279676,312959,12.954,23.732,0.000,35.000,3.59511,3.77299,16.60,-11.542,23.994,-10.743,22.331,-11.279,4.901,0.93071,74.342
[SHELL] ccB:351,19269,1,-1.247,-22.766,24.013,78.852,21.148,48.371,78.343,21.657,59.492
[SHELL] ctrlcap v1 armed=0 count=512 clock_hz=550000000 decimation=1
[SHELL] ccA:index,cycles,seq,id,iq,idref,iqref,theta,actangle,age_us,vdreq,vqreq,vd,vq,intd,intq,scale,bus
[SHELL] ccB:index,timer,valid,ia,ib,ic,du,dv,dw,active_u,active_v,active_w
[SHELL] ccA:352,488381104,312959,12.954,23.732,0.000,35.000,3.59511,3.98353,200.99,-11.545,23.991,-10.745,22.330,-11.282,4.899,0.93076,74.342
[SHELL] ccB:352,2147523665,1,-1.247,-22.766,24.013,78.018,21.982,37.957,78.852,21.148,48.371
[SHELL] ccA:353,488499636,312960,21.771,20.044,0.000,35.000,4.02784,4.20572,16.57,-11.728,24.064,-10.857,22.276,-11.288,4.897,0.92570,74.342
[SHELL] ccB:353,19249,1,1.762,-26.463,24.701,75.732,24.268,27.337,78.018,21.982,37.957
[SHELL] ccA:354,488601128,312960,21.771,20.044,0.000,35.000,4.02784,4.41098,201.10,-11.735,24.062,-10.862,22.273,-11.295,4.896,0.92564,74.342
[SHELL] ccB:354,2147523653,1,1.762,-26.463,24.701,76.901,31.860,23.099,75.732,24.268,27.337
[SHELL] ccA:355,488719680,312961,6.769,16.184,0.000,35.000,4.45951,4.63734,16.59,-11.434,24.140,-10.607,22.396,-11.294,4.896,0.92774,74.342
[SHELL] ccB:355,19271,1,13.976,-16.170,2.194,78.516,42.216,21.484,76.901,31.860,23.099
[SHELL] ccA:356,488821072,312961,6.769,16.184,0.000,35.000,4.45951,4.82774,200.96,-11.433,24.141,-10.607,22.396,-11.293,4.897,0.92773,74.342
[SHELL] ccB:356,2147523681,1,13.976,-16.170,2.194,78.851,51.702,21.149,78.516,42.216,21.484
[SHELL] ccA:357,488939672,312962,-6.661,12.132,0.000,35.000,4.88330,5.06119,16.59,-11.157,24.224,-10.366,22.508,-11.286,4.900,0.92915,74.342
[SHELL] ccB:357,19267,1,10.823,2.061,-12.883,77.921,62.699,22.079,78.851,51.702,21.149
[SHELL] ccA:358,489041076,312962,-6.661,12.132,0.000,35.000,4.88330,5.25992,201.00,-11.150,24.227,-10.360,22.511,-11.279,4.903,0.92917,74.342
[SHELL] ccB:358,2147523679,1,10.823,2.061,-12.883,75.928,71.984,24.072,77.921,62.699,22.079
[SHELL] ccA:359,489159632,312963,-5.592,12.654,0.000,35.000,5.30756,5.48544,16.57,-11.164,24.219,-10.312,22.372,-11.272,4.905,0.92370,73.902
[SHELL] ccB:359,19247,1,7.343,6.482,-13.826,67.886,76.957,23.043,75.928,71.984,24.072
[SHELL] ccA:360,489261052,312963,-5.592,12.654,0.000,35.000,5.30756,5.68313,200.99,-11.157,24.221,-10.306,22.374,-11.265,4.907,0.92374,73.902
[SHELL] ccB:360,2147523691,1,7.343,6.482,-13.826,58.380,78.459,21.541,67.886,76.957,23.043
[SHELL] ccA:361,489379600,312964,9.576,24.537,0.000,35.000,5.73204,5.90992,16.53,-11.461,23.980,-10.686,22.358,-11.266,4.904,0.93238,74.342
[SHELL] ccB:361,19231,1,21.007,3.257,-24.264,46.374,78.792,21.208,58.380,78.459,21.541
[SHELL] ccA:362,489481080,312964,9.576,24.537,0.000,35.000,5.73204,6.10954,200.98,-11.462,23.977,-10.688,22.357,-11.267,4.901,0.93246,74.342
[SHELL] ccB:362,2147523677,1,21.007,3.257,-24.264,36.554,77.804,22.196,46.374,78.792,21.208
[SHELL] ccA:363,489599648,312965,18.034,19.422,0.000,35.000,6.16011,0.05473,16.56,-11.636,24.079,-10.782,22.312,-11.271,4.900,0.92662,74.342
[SHELL] ccB:363,19255,1,20.282,4.634,-24.916,25.814,75.266,24.734,36.554,77.804,22.196
[SHELL] ccA:364,489701064,312965,18.034,19.422,0.000,35.000,6.16011,0.24591,201.05,-11.641,24.078,-10.786,22.310,-11.276,4.899,0.92658,74.342
[SHELL] ccB:364,2147523685,1,20.282,4.634,-24.916,22.892,77.108,32.810,25.814,75.266,24.734
[SHELL] ccA:365,489822972,312966,0.788,18.341,0.000,35.000,0.30942,0.50451,19.25,-11.292,24.099,-10.515,22.439,-11.273,4.899,0.93113,74.342
[SHELL] ccB:365,20917,1,-4.835,17.754,-12.920,21.290,78.710,44.785,22.892,77.108,32.810
[SHELL] ccA:366,489920968,312966,0.788,18.341,0.000,35.000,0.30942,0.67647,197.31,-11.289,24.099,-10.512,22.441,-11.269,4.899,0.93119,74.342
[SHELL] ccB:366,2147523733,1,-4.835,17.754,-12.920,21.198,78.802,53.365,21.290,78.710,44.785
[SHELL] ccA:367,490039664,312967,-15.040,15.509,0.000,35.000,0.72580,0.90368,16.38,-10.961,24.157,-10.239,22.566,-11.258,4.901,0.93415,74.342
[SHELL] ccB:367,19263,1,-21.543,12.173,9.370,22.276,77.724,63.935,21.198,78.802,53.365
[SHELL] ctrlcap v1 armed=0 count=512 clock_hz=550000000 decimation=1
[SHELL] ccA:index,cycles,seq,id,iq,idref,iqref,theta,actangle,age_us,vdreq,vqreq,vd,vq,intd,intq,scale,bus
[SHELL] ccB:index,timer,valid,ia,ib,ic,du,dv,dw,active_u,active_v,active_w
[SHELL] ccA:368,490141200,312967,-15.040,15.509,0.000,35.000,0.72580,1.09823,201.03,-10.950,24.159,-10.230,22.571,-11.247,4.903,0.93426,74.342
[SHELL] ccB:368,2147523617,1,-21.543,12.173,9.370,24.349,75.651,72.937,22.276,77.724,63.935
[SHELL] ccA:369,490259888,312968,-7.659,20.054,0.000,35.000,1.15106,1.32888,16.78,-11.090,24.067,-10.370,22.506,-11.239,4.902,0.93513,74.342
[SHELL] ccB:369,19375,1,-21.434,11.738,9.697,22.725,66.378,77.275,24.349,75.651,72.937
[SHELL] ccA:370,490361164,312968,-7.659,20.054,0.000,35.000,1.15106,1.52891,200.90,-11.082,24.067,-10.365,22.509,-11.232,4.902,0.93525,74.342
[SHELL] ccB:370,2147523635,1,-21.434,11.738,9.697,21.391,56.678,78.609,22.725,66.378,77.275
[SHELL] ccA:371,490479868,312969,12.106,25.849,0.000,35.000,1.57742,1.75531,16.78,-11.480,23.948,-10.712,22.346,-11.234,4.898,0.93309,74.342
[SHELL] ccB:371,19365,1,-25.929,23.300,2.629,21.300,44.614,78.700,21.391,56.678,78.609
[SHELL] ccA:372,490581196,312969,12.106,25.849,0.000,35.000,1.57742,1.95121,201.04,-11.482,23.945,-10.652,22.212,-11.236,4.894,0.92765,73.902
[SHELL] ccB:372,2147523619,1,-25.929,23.300,2.629,22.456,35.035,77.544,21.300,44.614,78.700
[SHELL] ccA:373,490699792,312970,15.779,19.405,0.000,35.000,2.00815,2.18604,16.70,-11.560,24.073,-10.727,22.339,-11.240,4.893,0.92797,74.342
[SHELL] ccB:373,19327,1,-24.261,17.392,6.870,25.684,24.776,75.224,22.456,35.035,77.544
[SHELL] ccA:374,490801144,312970,15.779,19.405,0.000,35.000,2.00815,2.37877,201.03,-11.563,24.072,-10.730,22.337,-11.243,4.893,0.92794,74.342
[SHELL] ccB:374,2147523645,1,-24.261,17.392,6.870,34.509,22.553,77.447,25.684,24.776,75.224
[SHELL] ccA:375,490919784,312971,-0.495,21.595,0.000,35.000,2.42645,2.60429,16.70,-11.233,24.026,-10.496,22.448,-11.240,4.891,0.93433,74.342
[SHELL] ccB:375,19323,1,-13.787,-7.508,21.295,45.011,21.277,78.723,34.509,22.553,77.447
[SHELL] ccA:376,491021280,312971,-0.495,21.595,0.000,35.000,2.42645,2.80177,200.97,-11.229,24.025,-10.493,22.449,-11.236,4.890,0.93443,74.342
[SHELL] ccB:376,2147523577,1,-13.787,-7.508,21.295,54.863,21.269,78.731,45.011,21.277,78.723
[SHELL] ccA:377,491139184,312972,-6.269,18.890,0.000,35.000,2.85322,3.03112,16.17,-11.107,24.079,-10.380,22.502,-11.229,4.890,0.93451,74.342
[SHELL] ccB:377,19023,1,0.638,-17.547,16.909,65.810,22.614,77.386,54.863,21.269,78.731
[SHELL] ccA:378,491240864,312972,-6.269,18.890,0.000,35.000,2.85322,3.24650,201.01,-11.100,24.079,-10.313,22.371,-11.222,4.890,0.92907,73.902
[SHELL] ccB:378,2147523785,1,0.638,-17.547,16.909,75.189,24.811,74.423,65.810,22.614,77.386
[SHELL] ccA:379,491359192,312973,-0.949,18.906,0.000,35.000,3.27943,3.45731,16.17,-11.202,24.078,-10.453,22.468,-11.218,4.890,0.93312,74.342
[SHELL] ccB:379,19029,1,3.538,-17.873,14.336,77.612,22.388,64.586,75.189,24.811,74.423
[SHELL] ccA:380,491460876,312973,-0.949,18.906,0.000,35.000,3.27943,3.64877,201.05,-11.198,24.078,-10.450,22.470,-11.213,4.890,0.93318,74.342
[SHELL] ccB:380,2147523779,1,3.538,-17.873,14.336,78.709,21.291,55.226,77.612,22.388,64.586
[SHELL] ccA:381,491579220,312974,12.562,23.404,0.000,35.000,3.69921,3.87706,16.17,-11.471,23.986,-10.691,22.356,-11.216,4.888,0.93202,74.342
[SHELL] ccB:381,19041,1,1.725,-23.817,22.092,78.607,21.393,43.303,78.709,21.291,55.226
[SHELL] ccA:382,491680916,312974,12.562,23.404,0.000,35.000,3.69921,4.08244,201.07,-11.473,23.984,-10.631,22.222,-11.218,4.885,0.92655,73.902
[SHELL] ccB:382,2147523759,1,1.725,-23.817,22.092,77.216,22.784,33.333,78.607,21.393,43.303
[SHELL] ccA:383,491799248,312975,17.707,18.246,0.000,35.000,4.11672,4.29460,16.26,-11.581,24.087,-10.738,22.333,-11.222,4.884,0.92721,74.342
[SHELL] ccB:383,19055,1,5.169,-24.144,18.975,75.427,26.327,24.573,77.216,22.784,33.333
[SHELL] ctrlcap v1 armed=0 count=512 clock_hz=550000000 decimation=1
[SHELL] ccA:index,cycles,seq,id,iq,idref,iqref,theta,actangle,age_us,vdreq,vqreq,vd,vq,intd,intq,scale,bus
[SHELL] ccB:index,timer,valid,ia,ib,ic,du,dv,dw,active_u,active_v,active_w
[SHELL] ccA:384,491900860,312975,17.707,18.246,0.000,35.000,4.11672,4.49446,201.01,-11.585,24.086,-10.741,22.332,-11.227,4.884,0.92715,74.342
[SHELL] ccB:384,2147523787,1,5.169,-24.144,18.975,77.636,35.549,22.364,75.427,26.327,24.573
[SHELL] ccA:385,492019244,312976,4.208,18.618,0.000,35.000,4.54721,4.72509,16.26,-11.313,24.078,-10.538,22.428,-11.225,4.884,0.93148,74.342
[SHELL] ccB:385,19053,1,17.673,-15.083,-2.590,78.793,46.420,21.207,77.636,35.549,22.364
[SHELL] ccA:386,492120844,312976,4.208,18.618,0.000,35.000,4.54721,4.92535,201.00,-11.312,24.078,-10.474,22.296,-11.223,4.883,0.92599,73.902
[SHELL] ccB:386,2147523795,1,17.673,-15.083,-2.590,78.629,56.410,21.371,78.793,46.420,21.207
[SHELL] ccA:387,492239244,312977,-4.819,12.389,0.000,35.000,4.96565,5.14355,16.26,-11.124,24.205,-10.287,22.383,-11.217,4.885,0.92473,73.902
[SHELL] ccB:387,19053,1,10.786,1.336,-12.122,77.231,66.597,22.769,78.629,56.410,21.371
[SHELL] ccA:388,492340864,312977,-4.819,12.389,0.000,35.000,4.96565,5.34421,201.02,-11.118,24.207,-10.281,22.386,-11.210,4.887,0.92476,73.902
[SHELL] ccB:388,2147523785,1,10.786,1.336,-12.122,74.341,75.216,24.784,77.231,66.597,22.769
[SHELL] ccA:389,492459248,312978,-2.469,14.330,0.000,35.000,5.39235,5.57024,16.26,-11.159,24.170,-10.388,22.498,-11.205,4.889,0.93085,74.342
[SHELL] ccB:389,19055,1,9.590,4.670,-14.261,63.837,77.740,22.260,74.341,75.216,24.784
[SHELL] ccA:390,492560896,312978,-2.469,14.330,0.000,35.000,5.39235,5.76988,201.09,-11.154,24.172,-10.383,22.500,-11.200,4.891,0.93086,74.342
[SHELL] ccB:390,2147523769,1,9.590,4.670,-14.261,54.043,78.773,21.227,63.837,77.740,22.260
[SHELL] ccA:391,492679144,312979,17.703,22.198,0.000,35.000,5.81697,5.99485,16.11,-11.563,24.012,-10.688,22.195,-11.204,4.889,0.92431,73.902
[SHELL] ccB:391,19003,1,25.791,-2.615,-23.177,42.013,78.497,21.503,54.043,78.773,21.227
[SHELL] ccA:392,492780868,312979,17.703,22.198,0.000,35.000,5.81697,6.18874,201.06,-11.567,24.010,-10.756,22.325,-11.209,4.887,0.92983,74.342
[SHELL] ccB:392,2147523783,1,25.791,-2.615,-23.177,32.643,77.072,22.928,42.013,78.497,21.503
[SHELL] ccA:393,492899228,312980,20.364,16.216,0.000,35.000,6.24013,0.13482,16.11,-11.627,24.130,-10.756,22.324,-11.215,4.887,0.92516,74.342
[SHELL] ccB:393,19045,1,21.043,2.749,-23.793,24.177,75.823,27.652,32.643,77.072,22.928
[SHELL] ccA:394,493000892,312980,20.364,16.216,0.000,35.000,6.24013,0.33129,201.02,-11.632,24.131,-10.761,22.322,-11.221,4.887,0.92506,74.342
[SHELL] ccB:394,2147523771,1,21.043,2.749,-23.793,22.153,77.847,36.822,24.177,75.823,27.652
[SHELL] ccA:395,493119264,312981,4.882,18.366,0.000,35.000,0.38293,0.56076,16.25,-11.321,24.087,-10.541,22.427,-11.219,4.887,0.93109,74.342
[SHELL] ccB:395,19063,1,-2.334,17.501,-15.167,21.164,78.836,47.647,22.153,77.847,36.822
[SHELL] ccA:396,493221080,312981,4.882,18.366,0.000,35.000,0.38293,0.75364,200.95,-11.319,24.087,-10.540,22.428,-11.218,4.887,0.93111,74.342
[SHELL] ccB:396,2147523677,1,-2.334,17.501,-15.167,21.439,78.561,57.262,21.164,78.836,47.647
[SHELL] ccA:397,493339664,312982,-2.645,14.966,0.000,35.000,0.79715,0.97505,16.59,-11.164,24.157,-10.396,22.495,-11.213,4.889,0.93120,74.342
[SHELL] ccB:397,19263,1,-12.555,13.695,-1.140,22.991,77.009,67.649,21.439,78.561,57.262
[SHELL] ccA:398,493441088,312982,-2.645,14.966,0.000,35.000,0.79715,1.17774,201.05,-11.158,24.158,-10.391,22.497,-11.208,4.891,0.93122,74.342
[SHELL] ccB:398,2147523673,1,-12.555,13.695,-1.140,24.448,73.264,75.552,22.991,77.009,67.649
[SHELL] ccA:399,493559656,312983,5.981,19.357,0.000,35.000,1.21867,1.39651,16.56,-11.330,24.070,-10.554,22.421,-11.207,4.890,0.93148,74.342
[SHELL] ccB:399,19259,1,-16.106,18.697,-2.590,22.087,62.754,77.913,24.448,73.264,75.552
[SHELL] ctrlcap v1 armed=0 count=512 clock_hz=550000000 decimation=1
[SHELL] ccA:index,cycles,seq,id,iq,idref,iqref,theta,actangle,age_us,vdreq,vqreq,vd,vq,intd,intq,scale,bus
[SHELL] ccB:index,timer,valid,ia,ib,ic,du,dv,dw,active_u,active_v,active_w
[SHELL] ccA:400,493661064,312983,5.981,19.357,0.000,35.000,1.21867,1.59699,200.95,-11.329,24.070,-10.553,22.421,-11.206,4.890,0.93151,74.342
[SHELL] ccB:400,2147523685,1,-16.106,18.697,-2.590,21.180,52.872,78.820,22.087,62.754,77.913
[SHELL] ccA:401,493779648,312984,23.152,20.864,0.000,35.000,1.64325,1.82112,16.53,-11.680,24.038,-10.830,22.289,-11.213,4.888,0.92722,74.342
[SHELL] ccB:401,19257,1,-22.485,29.932,-7.447,21.594,41.096,78.406,21.180,52.872,78.820
[SHELL] ccA:402,493881072,312984,23.152,20.864,0.000,35.000,1.64325,2.01667,200.98,-11.688,24.037,-10.836,22.286,-11.220,4.887,0.92716,74.342
[SHELL] ccB:402,2147523681,1,-22.485,29.932,-7.447,23.137,31.693,76.863,21.594,41.096,78.406
[SHELL] ccA:403,493999636,312985,22.535,16.497,0.000,35.000,2.06730,2.24518,16.57,-11.682,24.124,-10.800,22.303,-11.227,4.887,0.92450,74.342
[SHELL] ccB:403,19249,1,-25.240,22.973,2.267,28.457,23.949,76.051,23.137,31.693,76.863
[SHELL] ccA:404,494101080,312985,22.535,16.497,0.000,35.000,2.06730,2.44665,201.01,-11.689,24.125,-10.805,22.301,-11.234,4.887,0.92440,74.342
[SHELL] ccB:404,2147523677,1,-25.240,22.973,2.267,37.933,21.986,78.014,28.457,23.949,76.051
[SHELL] ccA:405,494219656,312986,10.179,19.329,0.000,35.000,2.49130,2.66916,16.57,-11.443,24.067,-10.641,22.380,-11.235,4.886,0.92991,74.342
[SHELL] ccB:405,19259,1,-19.803,1.916,17.888,48.570,21.144,78.856,37.933,21.986,78.014
[SHELL] ccA:406,494321056,312986,10.179,19.329,0.000,35.000,2.49130,2.87050,200.95,-11.444,24.066,-10.642,22.379,-11.236,4.886,0.92991,74.342
[SHELL] ccB:406,2147523689,1,-19.803,1.916,17.888,58.596,21.562,78.438,48.570,21.144,78.856
[SHELL] ccA:407,494439608,312987,5.755,17.019,0.000,35.000,2.91933,3.09722,16.54,-11.354,24.113,-10.557,22.419,-11.235,4.886,0.92977,74.342
[SHELL] ccB:407,19235,1,-9.365,-8.595,17.960,69.273,23.363,76.637,58.596,21.562,78.438
[SHELL] ccA:408,494541108,312987,5.755,17.019,0.000,35.000,2.91933,3.29841,201.09,-11.353,24.113,-10.556,22.420,-11.234,4.887,0.92977,74.342
[SHELL] ccB:408,2147523663,1,-9.365,-8.595,17.960,75.989,24.011,71.764,69.273,23.363,76.637
[SHELL] ccA:409,494659612,312988,11.562,20.004,0.000,35.000,3.33598,3.51387,16.54,-11.471,24.053,-10.667,22.367,-11.236,4.886,0.92992,74.342
[SHELL] ccB:409,19237,1,-7.480,-15.191,22.672,78.108,21.892,61.395,75.989,24.011,71.764
[SHELL] ccA:410,494761064,312988,11.562,20.004,0.000,35.000,3.33598,3.72387,201.00,-11.473,24.052,-10.669,22.366,-11.238,4.885,0.92993,74.342
[SHELL] ccB:410,2147523685,1,-7.480,-15.191,22.672,78.862,21.138,50.992,78.108,21.892,61.395
[SHELL] ccA:411,494879656,312989,26.613,21.999,0.000,35.000,3.76653,3.94441,16.57,-11.783,24.010,-10.917,22.246,-11.247,4.883,0.92654,74.342
[SHELL] ccB:411,19259,1,-8.713,-24.579,33.291,78.222,21.778,39.487,78.862,21.138,50.992
[SHELL] ccA:412,494981076,312989,26.613,21.999,0.000,35.000,3.76653,4.14102,201.03,-11.792,24.008,-10.860,22.111,-11.255,4.880,0.92099,73.902
[SHELL] ccB:412,2147523679,1,-8.713,-24.579,33.291,76.489,23.511,30.125,78.222,21.778,39.487
[SHELL] ccA:413,495099580,312990,25.375,15.559,0.000,35.000,4.19475,4.37263,16.51,-11.775,24.137,-10.865,22.272,-11.263,4.880,0.92273,74.342
[SHELL] ccB:413,19221,1,0.964,-26.246,25.281,76.481,30.094,23.519,76.489,23.511,30.125
[SHELL] ccA:414,495201048,312990,25.375,15.559,0.000,35.000,4.19475,4.56959,201.00,-11.784,24.137,-10.871,22.269,-11.271,4.880,0.92259,74.342
[SHELL] ccB:414,2147523693,1,0.964,-26.246,25.281,78.220,39.467,21.780,76.481,30.094,23.519
[SHELL] ccA:415,495319596,312991,9.412,15.478,0.000,35.000,4.61774,4.79562,16.54,-11.464,24.139,-10.631,22.384,-11.272,4.881,0.92731,74.342
[SHELL] ccB:415,19229,1,14.520,-16.641,2.122,78.867,50.151,21.133,78.220,39.467,21.780
[SHELL] ctrlcap v1 armed=0 count=512 clock_hz=550000000 decimation=1
[SHELL] ccA:index,cycles,seq,id,iq,idref,iqref,theta,actangle,age_us,vdreq,vqreq,vd,vq,intd,intq,scale,bus
[SHELL] ccB:index,timer,valid,ia,ib,ic,du,dv,dw,active_u,active_v,active_w
[SHELL] ccA:416,495421048,312991,9.412,15.478,0.000,35.000,4.61774,4.99439,200.98,-11.465,24.140,-10.694,22.517,-11.273,4.883,0.93276,74.782
[SHELL] ccB:416,2147523693,1,14.520,-16.641,2.122,78.282,60.022,21.718,78.867,50.151,21.133
[SHELL] ccA:417,495539636,312992,3.020,10.636,0.000,35.000,5.04270,5.22048,16.54,-11.335,24.241,-10.496,22.448,-11.270,4.886,0.92603,74.342
[SHELL] ccB:417,19249,1,11.040,-5.007,-6.033,76.337,70.473,23.663,78.282,60.022,21.718
[SHELL] ccA:418,495641060,312992,3.020,10.636,0.000,35.000,5.04270,5.42224,200.89,-11.332,24.244,-10.493,22.449,-11.267,4.889,0.92597,74.342
[SHELL] ccB:418,2147523687,1,11.040,-5.007,-6.033,70.557,76.315,23.685,76.337,70.473,23.663
[SHELL] ccA:419,495759568,312993,7.932,17.110,0.000,35.000,5.47445,5.65274,16.51,-11.430,24.158,-10.598,22.400,-11.267,4.890,0.92722,74.342
[SHELL] ccB:419,19215,1,17.854,-3.666,-14.188,59.370,78.356,21.644,70.557,76.315,23.685
[SHELL] ccA:420,495861032,312993,7.932,17.110,0.000,35.000,5.47445,5.85091,201.00,-11.430,24.158,-10.661,22.533,-11.267,4.890,0.93271,74.782
[SHELL] ccB:420,2147523701,1,17.854,-3.666,-14.188,49.518,78.866,21.134,59.370,78.356,21.644
[SHELL] ccA:421,495979572,312994,30.319,27.336,0.000,35.000,5.89804,6.07633,16.48,-11.889,23.949,-11.084,22.327,-11.279,4.886,0.93228,74.782
[SHELL] ccB:421,19217,1,38.368,-7.109,-31.259,37.440,77.942,22.058,49.518,78.866,21.134
[SHELL] ccA:422,496081028,312994,30.319,27.336,0.000,35.000,5.89804,6.26996,200.99,-11.900,23.945,-11.094,22.323,-11.290,4.882,0.93224,74.782
[SHELL] ccB:422,2147523703,1,38.368,-7.109,-31.259,28.342,76.019,23.981,37.440,77.942,22.058
[SHELL] ccA:423,496199444,312995,21.265,15.974,0.000,35.000,0.03787,0.21616,16.45,-11.726,24.174,-10.879,22.428,-11.296,4.883,0.92779,74.782
[SHELL] ccB:423,19153,1,20.645,4.199,-24.844,23.186,76.814,31.481,28.342,76.019,23.981
[SHELL] ccA:424,496300912,312995,21.265,15.974,0.000,35.000,0.03787,0.42304,200.98,-11.732,24.174,-10.883,22.426,-11.302,4.883,0.92767,74.782
[SHELL] ccB:424,2147523761,1,20.645,4.199,-24.844,21.560,78.440,41.426,23.186,76.814,31.481
[SHELL] ccA:425,496419292,312996,3.914,17.544,0.000,35.000,0.46472,0.64301,16.29,-11.383,24.143,-10.630,22.547,-11.301,4.884,0.93389,74.782
[SHELL] ccB:425,19077,1,-4.363,17.283,-12.920,21.152,78.848,51.819,21.560,78.440,41.426
[SHELL] ccA:426,496521148,312996,3.914,17.544,0.000,35.000,0.46472,0.84355,201.02,-11.381,24.144,-10.629,22.548,-11.299,4.885,0.93389,74.782
[SHELL] ccB:426,2147523643,1,-4.363,17.283,-12.920,21.938,78.062,61.732,21.152,78.848,51.819
[SHELL] ccA:427,496639712,312997,-1.494,16.359,0.000,35.000,0.88887,1.06715,16.66,-11.268,24.169,-10.533,22.592,-11.294,4.886,0.93477,74.782
[SHELL] ccB:427,19287,1,-13.642,14.746,-1.104,24.085,75.915,72.028,21.938,78.062,61.732
[SHELL] ccA:428,496741096,312997,-1.494,16.359,0.000,35.000,0.88887,1.26918,201.01,-11.264,24.170,-10.529,22.594,-11.290,4.888,0.93479,74.782
[SHELL] ccB:428,2147523669,1,-13.642,14.746,-1.104,23.291,68.969,76.709,24.085,75.915,72.028
[SHELL] ccA:429,496859720,312998,8.498,21.070,0.000,35.000,1.31308,1.49134,16.63,-11.464,24.075,-10.717,22.506,-11.291,4.887,0.93482,74.782
[SHELL] ccB:429,19291,1,-18.209,20.871,-2.663,21.495,57.899,78.505,23.291,68.969,76.709
[SHELL] ccA:430,496961088,312998,8.498,21.070,0.000,35.000,1.31308,1.69710,200.95,-11.465,24.074,-10.718,22.506,-11.291,4.886,0.93484,74.782
[SHELL] ccB:430,2147523673,1,-18.209,20.871,-2.663,21.165,47.643,78.835,21.495,57.899,78.505
[SHELL] ccA:431,497079676,312999,28.427,23.148,0.000,35.000,1.74113,1.91943,16.61,-11.874,24.031,-11.042,22.348,-11.301,4.883,0.92997,74.782
[SHELL] ccB:431,19269,1,-27.632,34.680,-7.048,22.289,35.992,77.711,21.165,47.643,78.835
[SHELL] ctrlcap v1 armed=0 count=512 clock_hz=550000000 decimation=1
[SHELL] ccA:index,cycles,seq,id,iq,idref,iqref,theta,actangle,age_us,vdreq,vqreq,vd,vq,intd,intq,scale,bus
[SHELL] ccB:index,timer,valid,ia,ib,ic,du,dv,dw,active_u,active_v,active_w
[SHELL] ccA:432,497181080,312999,28.427,23.148,0.000,35.000,1.74113,2.12214,201.00,-11.884,24.028,-10.986,22.212,-11.311,4.880,0.92443,74.342
[SHELL] ccB:432,2147523677,1,-27.632,34.680,-7.048,24.489,26.599,75.511,22.289,35.992,77.711
[SHELL] ccA:433,497299692,313000,17.054,16.336,0.000,35.000,2.16854,2.34678,16.58,-11.660,24.165,-10.833,22.450,-11.315,4.881,0.92905,74.782
[SHELL] ccB:433,19277,1,-23.102,15.797,7.304,33.079,22.836,77.164,24.489,26.599,75.511
[SHELL] ccA:434,497401108,313000,17.054,16.336,0.000,35.000,2.16854,2.55165,201.02,-11.665,24.166,-10.772,22.317,-11.319,4.881,0.92349,74.342
[SHELL] ccB:434,2147523663,1,-23.102,15.797,7.304,43.012,21.416,78.584,33.079,22.836,77.164
[SHELL] ccA:435,497519600,313001,1.381,20.608,0.000,35.000,2.59436,2.77265,16.53,-11.348,24.078,-10.564,22.416,-11.316,4.880,0.93097,74.342
[SHELL] ccB:435,19231,1,-11.902,-8.667,20.570,53.570,21.206,78.794,43.012,21.416,78.584
[SHELL] ccA:436,497621040,313001,1.381,20.608,0.000,35.000,2.59436,2.97289,201.01,-11.344,24.077,-10.625,22.550,-11.313,4.880,0.93656,74.782
[SHELL] ccB:436,2147523697,1,-11.902,-8.667,20.570,63.414,22.191,77.809,53.570,21.206,78.794
[SHELL] ccA:437,497739588,313002,-1.592,19.024,0.000,35.000,3.02129,3.19959,16.53,-11.280,24.109,-10.564,22.578,-11.309,4.880,0.93650,74.782
[SHELL] ccB:437,19225,1,-0.703,-16.170,16.873,73.779,24.606,75.394,63.414,22.191,77.809
[SHELL] ccA:438,497841048,313002,-1.592,19.024,0.000,35.000,3.02129,3.40420,201.01,-11.276,24.109,-10.561,22.580,-11.304,4.880,0.93655,74.782
[SHELL] ccB:438,2147523693,1,-0.703,-16.170,16.873,77.146,22.854,67.009,73.779,24.606,75.394
[SHELL] ccA:439,497959676,313003,6.796,21.963,0.000,35.000,3.44108,3.61938,16.61,-11.444,24.049,-10.711,22.509,-11.304,4.879,0.93594,74.782
[SHELL] ccB:439,19269,1,-0.014,-19.903,19.917,78.641,21.359,56.248,77.146,22.854,67.009
[SHELL] ccA:440,498061104,313003,6.796,21.963,0.000,35.000,3.44108,3.82509,201.01,-11.443,24.048,-10.711,22.509,-11.304,4.878,0.93598,74.782
[SHELL] ccB:440,2147523665,1,-0.014,-19.903,19.917,78.774,21.226,45.982,78.641,21.359,56.248
[SHELL] ccA:441,498179672,313004,24.598,24.604,0.000,35.000,3.87851,4.05680,16.61,-11.808,23.993,-11.007,22.365,-11.312,4.875,0.93217,74.782
[SHELL] ccB:441,19267,1,-1.681,-29.254,30.935,77.353,22.647,34.018,78.774,21.226,45.982
[SHELL] ccA:442,498281088,313004,24.598,24.604,0.000,35.000,3.87851,4.25941,201.01,-11.816,23.990,-11.014,22.362,-11.320,4.872,0.93213,74.782
[SHELL] ccB:442,2147523673,1,-1.681,-29.254,30.935,75.067,25.204,24.933,77.353,22.647,34.018
[SHELL] ccA:443,498399720,313005,15.605,17.492,0.000,35.000,4.30341,4.48160,16.61,-11.640,24.133,-10.830,22.452,-11.324,4.872,0.93035,74.782
[SHELL] ccB:443,19291,1,9.844,-23.346,13.502,77.536,34.987,22.464,75.067,25.204,24.933
[SHELL] ccA:444,498501108,313005,15.605,17.492,0.000,35.000,4.30341,4.67222,200.95,-11.644,24.133,-10.832,22.451,-11.328,4.873,0.93028,74.782
[SHELL] ccB:444,2147523663,1,9.844,-23.346,13.502,78.679,44.301,21.321,77.536,34.987,22.464
[SHELL] ccA:445,498619664,313006,-2.811,18.520,0.000,35.000,4.72935,4.90764,16.61,-11.270,24.112,-10.555,22.582,-11.323,4.873,0.93654,74.782
[SHELL] ccB:445,19263,1,18.470,-6.529,-11.941,78.697,55.433,21.303,78.679,44.301,21.321
[SHELL] ccA:446,498721112,313006,-2.811,18.520,0.000,35.000,4.72935,5.10681,201.02,-11.265,24.113,-10.551,22.584,-11.318,4.874,0.93659,74.782
[SHELL] ccB:446,2147523661,1,18.470,-6.529,-11.941,77.510,65.152,22.490,78.697,55.433,21.303
[SHELL] ccA:447,498839700,313007,-6.111,16.356,0.000,35.000,5.15781,5.33605,16.61,-11.193,24.158,-10.479,22.618,-11.311,4.876,0.93624,74.782
[SHELL] ccB:447,19281,1,12.127,4.815,-16.943,74.551,75.148,24.852,77.510,65.152,22.490
[SHELL] ctrlcap v1 armed=0 count=512 clock_hz=550000000 decimation=1
[SHELL] ccA:index,cycles,seq,id,iq,idref,iqref,theta,actangle,age_us,vdreq,vqreq,vd,vq,intd,intq,scale,bus
[SHELL] ccB:index,timer,valid,ia,ib,ic,du,dv,dw,active_u,active_v,active_w
[SHELL] ccA:448,498941052,313007,-6.111,16.356,0.000,35.000,5.15781,5.53470,200.91,-11.186,24.160,-10.473,22.620,-11.305,4.877,0.93628,74.782
[SHELL] ccB:448,2147523691,1,12.127,4.815,-16.943,65.485,77.448,22.552,74.551,75.148,24.852
[SHELL] ccA:449,499059608,313008,3.284,23.147,0.000,35.000,5.57646,5.75475,16.54,-11.372,24.022,-10.666,22.530,-11.303,4.876,0.93790,74.782
[SHELL] ccB:449,19235,1,17.528,4.634,-22.162,54.309,78.760,21.240,65.485,77.448,22.552
[SHELL] ccA:450,499161100,313008,3.284,23.147,0.000,35.000,5.57646,5.95707,201.09,-11.370,24.021,-10.665,22.531,-11.301,4.874,0.93797,74.782
[SHELL] ccB:450,2147523667,1,17.528,4.634,-22.162,44.213,78.674,21.326,54.309,78.760,21.240
[SHELL] ccA:451,499279604,313009,22.439,26.110,0.000,35.000,6.00791,6.18621,16.54,-11.761,23.958,-10.984,22.377,-11.308,4.871,0.93398,74.782
[SHELL] ccB:451,19233,1,28.691,2.133,-30.824,32.416,77.024,22.976,44.213,78.674,21.326
[SHELL] ccA:452,499381020,313009,22.439,26.110,0.000,35.000,6.00791,0.09874,200.99,-11.768,23.955,-10.991,22.373,-11.316,4.867,0.93398,74.782
[SHELL] ccB:452,2147523707,1,28.691,2.133,-30.824,24.554,75.446,26.389,32.416,77.024,22.976
[SHELL] ccA:453,499499452,313010,10.268,18.746,0.000,35.000,0.14498,0.32325,16.42,-11.526,24.102,-10.754,22.488,-11.317,4.867,0.93303,74.782
[SHELL] ccB:453,19157,1,7.452,13.622,-21.074,22.240,77.760,36.284,24.554,75.446,26.389
[SHELL] ccA:454,499600940,313010,10.268,18.746,0.000,35.000,0.14498,0.52319,201.00,-11.527,24.102,-10.755,22.488,-11.318,4.867,0.93301,74.782
[SHELL] ccB:454,2147523747,1,7.452,13.622,-21.074,21.220,78.780,46.109,22.240,77.760,36.284
[SHELL] ccA:455,499719400,313011,-4.462,19.622,0.000,35.000,0.57155,0.74985,16.34,-11.227,24.084,-10.532,22.593,-11.312,4.868,0.93808,74.782
[SHELL] ccB:455,19131,1,-14.367,19.385,-5.018,21.410,78.590,56.920,21.220,78.780,46.109
[SHELL] ccA:456,499821172,313011,-4.462,19.622,0.000,35.000,0.57155,0.94321,201.00,-11.221,24.085,-10.465,22.462,-11.306,4.867,0.93264,74.342
[SHELL] ccB:456,2147523631,1,-14.367,19.385,-5.018,22.709,77.291,66.297,21.410,78.590,56.920
[SHELL] ccA:457,499939844,313012,-5.241,19.554,0.000,35.000,0.99002,1.16827,16.77,-11.199,24.086,-10.448,22.470,-11.300,4.867,0.93294,74.342
[SHELL] ccB:457,19353,1,-19.223,15.108,4.115,24.541,73.571,75.459,22.709,77.291,66.297
[SHELL] ccA:458,500041132,313012,-5.241,19.554,0.000,35.000,0.99002,1.36553,200.95,-11.193,24.085,-10.443,22.473,-11.294,4.866,0.93304,74.342
[SHELL] ccB:458,2147523651,1,-19.223,15.108,4.115,22.370,64.482,77.630,24.541,73.571,75.459
[SHELL] ccA:459,500159792,313013,7.978,23.960,0.000,35.000,1.41964,1.59790,16.71,-11.457,23.995,-10.678,22.362,-11.294,4.864,0.93196,74.342
[SHELL] ccB:459,19327,1,-22.485,21.197,1.288,21.170,52.550,78.830,22.370,64.482,77.630
[SHELL] ccA:460,500261208,313013,7.978,23.960,0.000,35.000,1.41964,1.79272,201.08,-11.457,23.992,-10.679,22.362,-11.294,4.861,0.93205,74.342
[SHELL] ccB:460,2147523613,1,-22.485,21.197,1.288,21.431,42.832,78.569,21.170,52.550,78.830
[SHELL] ccA:461,500379732,313014,22.683,20.651,0.000,35.000,1.84819,2.02649,16.69,-11.759,24.057,-10.882,22.263,-11.301,4.859,0.92544,74.342
[SHELL] ccB:461,19297,1,-26.074,27.033,-0.959,23.264,31.142,76.736,21.431,42.832,78.569
[SHELL] ccA:462,500481100,313014,22.683,20.651,0.000,35.000,1.84819,2.20974,201.00,-11.766,24.055,-10.888,22.261,-11.308,4.858,0.92539,74.342
[SHELL] ccB:462,2147523667,1,-26.074,27.033,-0.959,27.047,24.354,75.646,23.264,31.142,76.736
[SHELL] ccA:463,500599696,313015,6.258,16.487,0.000,35.000,2.26933,2.44763,16.63,-11.436,24.139,-10.610,22.395,-11.307,4.858,0.92773,74.342
[SHELL] ccB:463,19279,1,-16.650,3.293,13.357,37.556,22.041,77.959,27.047,24.354,75.646
[SHELL] ctrlcap v1 armed=0 count=512 clock_hz=550000000 decimation=1
[SHELL] ccA:index,cycles,seq,id,iq,idref,iqref,theta,actangle,age_us,vdreq,vqreq,vd,vq,intd,intq,scale,bus
[SHELL] ccB:index,timer,valid,ia,ib,ic,du,dv,dw,active_u,active_v,active_w
[SHELL] ccA:464,500701104,313015,6.258,16.487,0.000,35.000,2.26933,2.64387,201.02,-11.435,24.139,-10.609,22.395,-11.306,4.859,0.92773,74.342
[SHELL] ccB:464,2147523665,1,-16.650,3.293,13.357,47.235,21.177,78.823,37.556,22.041,77.959
[SHELL] ccA:465,500819708,313016,-2.486,19.786,0.000,35.000,2.69024,2.86853,16.64,-11.255,24.072,-10.495,22.448,-11.301,4.858,0.93253,74.342
[SHELL] ccB:465,19285,1,-6.393,-13.162,19.555,58.177,21.521,78.479,47.235,21.177,78.823
[SHELL] ccA:466,500921128,313016,-2.486,19.786,0.000,35.000,2.69024,3.07207,201.02,-11.250,24.072,-10.492,22.450,-11.296,4.858,0.93262,74.342
[SHELL] ccB:466,2147523653,1,-6.393,-13.162,19.555,67.972,23.062,76.938,58.177,21.521,78.479
[SHELL] ccA:467,501039688,313017,-1.445,19.093,0.000,35.000,3.12024,3.29851,16.61,-11.266,24.086,-10.499,22.446,-11.291,4.857,0.93194,74.342
[SHELL] ccB:467,19275,1,1.037,-17.076,16.039,75.959,24.041,71.873,67.972,23.062,76.938
[SHELL] ccA:468,501141124,313017,-1.445,19.093,0.000,35.000,3.12024,3.49014,200.99,-11.262,24.085,-10.496,22.448,-11.287,4.857,0.93202,74.342
[SHELL] ccB:468,2147523655,1,1.037,-17.076,16.039,77.888,22.112,62.916,75.959,24.041,71.873
[SHELL] ccA:469,501259760,313018,8.569,23.698,0.000,35.000,3.53978,3.71802,16.64,-11.462,23.991,-10.683,22.360,-11.287,4.855,0.93201,74.342
[SHELL] ccB:469,19311,1,1.291,-22.440,21.150,78.858,21.142,51.253,77.888,22.112,62.916
[SHELL] ccA:470,501361160,313018,8.569,23.698,0.000,35.000,3.53978,3.92171,201.04,-11.463,23.988,-10.684,22.359,-11.287,4.852,0.93209,74.342
[SHELL] ccB:470,2147523637,1,1.291,-22.440,21.150,78.408,21.592,41.113,78.858,21.142,51.253
[SHELL] ccA:471,501479708,313019,21.867,22.476,0.000,35.000,3.96369,4.14199,16.66,-11.736,24.011,-10.882,22.264,-11.294,4.850,0.92723,74.342
[SHELL] ccB:471,19285,1,1.581,-27.913,26.332,76.500,23.500,30.170,78.408,21.592,41.113
[SHELL] ccA:472,501581088,313019,21.867,22.476,0.000,35.000,3.96369,4.34152,201.01,-11.742,24.008,-10.888,22.261,-11.301,4.847,0.92721,74.342
[SHELL] ccB:472,2147523673,1,1.581,-27.913,26.332,76.123,28.722,23.877,76.500,23.500,30.170
[SHELL] ccA:473,501699664,313020,8.198,17.693,0.000,35.000,4.38527,4.56356,16.61,-11.469,24.104,-10.647,22.377,-11.301,4.847,0.92835,74.342
[SHELL] ccB:473,19263,1,14.121,-18.707,4.586,78.118,38.683,21.882,76.123,28.722,23.877
[SHELL] ccA:474,501801100,313020,8.198,17.693,0.000,35.000,4.38527,4.76806,200.99,-11.469,24.104,-10.647,22.377,-11.301,4.847,0.92835,74.342
[SHELL] ccB:474,2147523667,1,14.121,-18.707,4.586,78.859,48.809,21.141,78.118,38.683,21.882
[SHELL] ccA:475,501919672,313021,-2.382,15.543,0.000,35.000,4.80812,4.98641,16.61,-11.252,24.148,-10.466,22.462,-11.296,4.848,0.93018,74.342
[SHELL] ccB:475,19267,1,15.244,-4.282,-10.962,78.367,59.269,21.633,78.859,48.809,21.141
[SHELL] ccA:476,502021088,313021,-2.382,15.543,0.000,35.000,4.80812,5.20265,201.02,-11.247,24.149,-10.462,22.464,-11.290,4.850,0.93021,74.342
[SHELL] ccB:476,2147523673,1,15.244,-4.282,-10.962,76.560,69.587,23.440,78.367,59.269,21.633
[SHELL] ccA:477,502139708,313022,-4.139,13.475,0.000,35.000,5.24044,5.41867,16.61,-11.206,24.193,-10.415,22.486,-11.284,4.852,0.92943,74.342
[SHELL] ccB:477,19285,1,9.554,4.199,-13.753,70.878,76.230,23.770,76.560,69.587,23.440
[SHELL] ccA:478,502241044,313022,-4.139,13.475,0.000,35.000,5.24044,5.61468,200.93,-11.200,24.195,-10.409,22.488,-11.278,4.854,0.92945,74.342
[SHELL] ccB:478,2147523695,1,9.554,4.199,-13.753,61.642,78.074,21.926,70.878,76.230,23.770
[SHELL] ccA:479,502359608,313023,7.155,21.723,0.000,35.000,5.66668,5.84497,16.54,-11.425,24.028,-10.641,22.380,-11.278,4.853,0.93138,74.342
[SHELL] ccB:479,19235,1,18.398,2.568,-20.966,49.719,78.867,21.133,61.642,78.074,21.926
[SHELL] ctrlcap v1 armed=0 count=512 clock_hz=550000000 decimation=1
[SHELL] ccA:index,cycles,seq,id,iq,idref,iqref,theta,actangle,age_us,vdreq,vqreq,vd,vq,intd,intq,scale,bus
[SHELL] ccB:index,timer,valid,ia,ib,ic,du,dv,dw,active_u,active_v,active_w
[SHELL] ccA:480,502461100,313023,7.155,21.723,0.000,35.000,5.66668,6.05227,201.07,-11.425,24.027,-10.641,22.379,-11.278,4.851,0.93144,74.342
[SHELL] ccB:480,2147523667,1,18.398,2.568,-20.966,39.433,78.215,21.785,49.719,78.867,21.133
[SHELL] ccA:481,502579636,313024,23.130,22.423,0.000,35.000,6.09302,6.27131,16.57,-11.752,24.011,-10.894,22.258,-11.285,4.849,0.92699,74.342
[SHELL] ccB:481,19249,1,26.951,1.807,-28.758,28.554,76.077,23.923,39.433,78.215,21.785
[SHELL] ccA:482,502681024,313024,23.130,22.423,0.000,35.000,6.09302,0.18041,201.04,-11.759,24.008,-10.900,22.255,-11.292,4.846,0.92695,74.342
[SHELL] ccB:482,2147523705,1,26.951,1.807,-28.758,23.540,76.460,30.008,28.554,76.077,23.923
[SHELL] ccA:483,502799444,313025,5.571,17.658,0.000,35.000,0.22994,0.40825,16.41,-11.406,24.103,-10.600,22.399,-11.291,4.846,0.92929,74.342
[SHELL] ccB:483,19153,1,1.399,15.290,-16.689,21.691,78.309,40.216,23.540,76.460,30.008
[SHELL] ccA:484,502900916,313025,5.571,17.658,0.000,35.000,0.22994,0.60658,200.99,-11.405,24.104,-10.599,22.400,-11.290,4.846,0.92930,74.342
[SHELL] ccB:484,2147523759,1,1.399,15.290,-16.689,21.133,78.867,50.067,21.691,78.309,40.216
[SHELL] ccA:485,503019584,313026,-5.406,17.474,0.000,35.000,0.65300,0.83128,16.30,-11.179,24.108,-10.425,22.481,-11.283,4.847,0.93254,74.342
[SHELL] ccB:485,19223,1,-14.910,16.631,-1.720,21.818,78.182,60.828,21.133,78.867,50.067
[SHELL] ccA:486,503121188,313026,-5.406,17.474,0.000,35.000,0.65300,1.04131,201.10,-11.173,24.108,-10.358,22.351,-11.277,4.847,0.92709,73.902
[SHELL] ccB:486,2147523623,1,-14.910,16.631,-1.720,23.737,76.263,70.756,21.818,78.182,60.828
[SHELL] ccA:487,503239764,313027,-2.859,18.793,0.000,35.000,1.07941,1.25770,16.67,-11.218,24.081,-10.464,22.463,-11.271,4.847,0.93280,74.342
[SHELL] ccB:487,19313,1,-17.919,14.456,3.463,23.420,69.505,76.580,23.737,76.263,70.756
[SHELL] ccA:488,503341200,313027,-2.859,18.793,0.000,35.000,1.07941,1.45568,201.11,-11.213,24.081,-10.460,22.465,-11.266,4.847,0.93288,74.342
[SHELL] ccB:488,2147523617,1,-17.919,14.456,3.463,21.725,60.078,78.275,23.420,69.505,76.580
[SHELL] ccA:489,503459772,313028,10.540,22.622,0.000,35.000,1.51014,1.68843,16.70,-11.482,24.003,-10.694,22.354,-11.267,4.845,0.93133,74.342
[SHELL] ccB:489,19317,1,-21.942,21.270,0.672,21.156,47.989,78.844,21.725,60.078,78.275
[SHELL] ccA:490,503561140,313028,10.540,22.622,0.000,35.000,1.51014,1.88862,201.01,-11.484,24.001,-10.696,22.354,-11.269,4.843,0.93138,74.342
[SHELL] ccB:490,2147523647,1,-21.942,21.270,0.672,21.963,38.090,78.037,21.156,47.989,78.844
[SHELL] ccA:491,503679740,313029,19.768,18.439,0.000,35.000,1.93116,2.10945,16.67,-11.674,24.084,-10.809,22.299,-11.274,4.842,0.92588,74.342
[SHELL] ccB:491,19301,1,-24.225,22.502,1.723,24.216,27.516,75.784,21.963,38.090,78.037
[SHELL] ccA:492,503781108,313029,19.768,18.439,0.000,35.000,1.93116,2.31236,201.00,-11.680,24.084,-10.813,22.297,-11.280,4.842,0.92581,74.342
[SHELL] ccB:492,2147523663,1,-24.225,22.502,1.723,31.561,23.167,76.833,24.216,27.516,75.784
[SHELL] ccA:493,503899668,313030,3.320,18.876,0.000,35.000,2.36158,2.53986,16.60,-11.348,24.074,-10.566,22.415,-11.278,4.841,0.93109,74.342
[SHELL] ccB:493,19265,1,-15.635,-1.781,17.416,41.973,21.507,78.493,31.561,23.167,76.833
[SHELL] ccA:494,504001092,313030,3.320,18.876,0.000,35.000,2.36158,2.73975,201.00,-11.346,24.074,-10.564,22.416,-11.275,4.841,0.93113,74.342
[SHELL] ccB:494,2147523671,1,-15.635,-1.781,17.416,51.928,21.154,78.846,41.973,21.507,78.493
[SHELL] ccA:495,504119664,313031,-4.999,18.763,0.000,35.000,2.78516,2.96345,16.60,-11.173,24.076,-10.431,22.478,-11.269,4.841,0.93363,74.342
[SHELL] ccB:495,19263,1,-1.863,-15.808,17.670,62.678,22.076,77.924,51.928,21.154,78.846
[SHELL] ctrlcap v1 armed=0 count=512 clock_hz=550000000 decimation=1
[SHELL] ccA:index,cycles,seq,id,iq,idref,iqref,theta,actangle,age_us,vdreq,vqreq,vd,vq,intd,intq,scale,bus
[SHELL] ccB:index,timer,valid,ia,ib,ic,du,dv,dw,active_u,active_v,active_w
[SHELL] ccA:496,504221164,313031,-4.999,18.763,0.000,35.000,2.78516,3.15650,201.12,-11.167,24.076,-10.427,22.480,-11.263,4.841,0.93372,74.342
[SHELL] ccB:496,2147523635,1,-1.863,-15.808,17.670,71.712,23.996,76.004,62.678,22.076,77.924
[SHELL] ccA:497,504339720,313032,-3.286,18.444,0.000,35.000,3.21874,3.39698,16.63,-11.196,24.083,-10.446,22.471,-11.258,4.842,0.93308,74.342
[SHELL] ccB:497,19291,1,4.697,-18.055,13.357,77.051,22.949,67.457,71.712,23.996,76.004
[SHELL] ccA:498,504441080,313032,-3.286,18.444,0.000,35.000,3.21874,3.58879,200.93,-11.190,24.083,-10.442,22.473,-11.252,4.842,0.93315,74.342
[SHELL] ccB:498,2147523677,1,4.697,-18.055,13.357,78.475,21.525,58.214,77.051,22.949,67.457
[SHELL] ccA:499,504559660,313033,12.474,23.886,0.000,35.000,3.63445,3.81274,16.60,-11.508,23.972,-10.725,22.340,-11.255,4.839,0.93192,74.342
[SHELL] ccB:499,19263,1,0.312,-23.491,23.179,78.794,21.206,46.427,78.475,21.525,58.214
[SHELL] ccA:500,504661072,313033,12.474,23.886,0.000,35.000,3.63445,4.01830,201.01,-11.510,23.969,-10.727,22.338,-11.257,4.837,0.93197,74.342
[SHELL] ccB:500,2147523681,1,0.312,-23.491,23.179,77.765,22.235,36.316,78.794,21.206,46.427
[SHELL] ccA:501,504779652,313034,18.620,19.017,0.000,35.000,4.06076,4.23906,16.59,-11.639,24.066,-10.789,22.309,-11.262,4.836,0.92698,74.342
[SHELL] ccB:501,19257,1,3.828,-24.724,20.896,75.324,24.676,25.997,77.765,22.235,36.316
[SHELL] ccA:502,504881088,313034,18.620,19.017,0.000,35.000,4.06076,4.44147,200.99,-11.644,24.065,-10.793,22.307,-11.267,4.835,0.92692,74.342
[SHELL] ccB:502,2147523673,1,3.828,-24.724,20.896,77.177,33.143,22.823,75.324,24.676,25.997
[SHELL] ccA:503,504999636,313035,4.534,16.594,0.000,35.000,4.48389,4.66218,16.57,-11.360,24.114,-10.561,22.418,-11.265,4.836,0.92964,74.342
[SHELL] ccB:503,19249,1,15.136,-14.648,-0.488,78.610,43.342,21.390,77.177,33.143,22.823
[SHELL] ccA:504,505101112,313035,4.534,16.594,0.000,35.000,4.48389,4.86762,201.05,-11.358,24.115,-10.559,22.418,-11.264,4.837,0.92964,74.342
[SHELL] ccB:504,2147523661,1,15.136,-14.648,-0.488,78.793,53.587,21.207,78.610,43.342,21.390
[SHELL] ccA:505,505219636,313036,-5.780,13.332,0.000,35.000,4.90895,5.08723,16.57,-11.145,24.183,-10.372,22.506,-11.257,4.839,0.93065,74.342
[SHELL] ccB:505,19249,1,11.946,1.191,-13.137,77.718,63.967,22.282,78.793,53.587,21.207
[SHELL] ccA:506,505321060,313036,-5.780,13.332,0.000,35.000,4.90895,5.29358,200.99,-11.138,24.185,-10.366,22.508,-11.250,4.841,0.93067,74.342
[SHELL] ccB:506,2147523687,1,11.946,1.191,-13.137,75.482,73.495,24.518,77.718,63.967,22.282
[SHELL] ccA:507,505439668,313037,-6.497,14.305,0.000,35.000,5.34160,5.51985,16.59,-11.117,24.168,-10.356,22.513,-11.243,4.843,0.93154,74.342
[SHELL] ccB:507,19265,1,7.742,7.968,-15.710,66.306,77.289,22.711,75.482,73.495,24.518
[SHELL] ccA:508,505541048,313037,-6.497,14.305,0.000,35.000,5.34160,5.71140,200.91,-11.110,24.170,-10.350,22.516,-11.236,4.846,0.93158,74.342
[SHELL] ccB:508,2147523693,1,7.742,7.968,-15.710,57.023,78.581,21.419,66.306,77.289,22.711
[SHELL] ccA:509,505659608,313038,10.683,19.666,0.000,35.000,5.76256,5.94085,16.54,-11.455,24.062,-10.652,22.375,-11.237,4.845,0.92988,74.342
[SHELL] ccB:509,19235,1,19.050,0.647,-19.697,44.910,78.718,21.282,57.023,78.581,21.419
[SHELL] ccA:510,505761072,313038,10.683,19.666,0.000,35.000,5.76256,6.13922,201.02,-11.456,24.061,-10.590,22.242,-11.238,4.843,0.92438,73.902
[SHELL] ccB:510,2147523681,1,19.050,0.647,-19.697,35.205,77.575,22.425,44.910,78.718,21.282
[SHELL] ccA:511,505879560,313039,16.410,18.154,0.000,35.000,6.19175,0.08686,16.53,-11.575,24.091,-10.732,22.336,-11.242,4.843,0.92718,74.342
[SHELL] ccB:511,19211,1,17.999,5.359,-23.358,24.840,75.160,25.485,35.205,77.575,22.425
