[SHELL] ctrlcap v1 armed=0 count=512 clock_hz=550000000 decimation=1
[SHELL] ccA:index,cycles,seq,id,iq,idref,iqref,theta,actangle,age_us,vdreq,vqreq,vd,vq,intd,intq,scale,bus,raw_id,raw_iq
[SHELL] ccB:index,timer,valid,ia,ib,ic,du,dv,dw,active_u,active_v,active_w
[SHELL] ccA:0,3471299569,443157,7.667,-36.796,0.000,-35.000,0.95572,0.77904,24.03,-8.187,-25.627,-8.187,-25.627,-8.034,-6.960,1.00000,74.342,-8.157,-32.776
[SHELL] ccB:0,23185,1,22.062,-33.179,11.117,74.575,22.055,77.945,79.577,20.423,67.827
[SHELL] ccA:1,3471409149,443158,3.247,-34.424,0.000,-35.000,0.73127,0.55461,23.71,-8.100,-25.675,-8.100,-25.675,-8.035,-6.960,1.00000,74.342,7.874,-32.456
[SHELL] ccB:1,2147515673,1,27.535,-30.135,2.600,63.387,19.604,80.396,74.575,22.055,77.945
[SHELL] ccA:2,3471519169,443159,2.930,-33.172,0.000,-35.000,0.50726,0.33060,23.69,-8.096,-25.701,-8.096,-25.701,-8.037,-6.961,1.00000,74.342,4.130,-35.001
[SHELL] ccB:2,22985,1,20.612,-35.064,14.452,51.383,18.620,81.380,63.387,19.604,80.396
[SHELL] ccA:3,3471629249,443160,2.569,-33.863,0.000,-35.000,0.28263,0.10595,23.75,-8.090,-25.688,-8.090,-25.688,-8.038,-6.962,1.00000,74.342,-5.856,-32.993
[SHELL] ccB:3,2147515623,1,3.578,-30.642,27.065,39.250,19.247,80.753,51.383,18.620,81.380
[SHELL] ccA:4,3471739329,443161,2.907,-32.655,0.000,-35.000,0.03806,6.14457,23.83,-8.098,-25.713,-8.098,-25.713,-8.040,-6.963,1.00000,74.342,19.209,-29.633
[SHELL] ccB:4,23065,1,20.322,-35.173,14.850,26.649,21.637,78.363,39.250,19.247,80.753
[SHELL] ccA:5,3471849337,443162,5.851,-31.486,0.000,-35.000,6.10855,5.93187,23.85,-8.160,-25.738,-8.160,-25.738,-8.043,-6.964,1.00000,74.342,-9.157,-33.684
[SHELL] ccB:5,2147515579,1,-14.870,-19.914,34.784,20.895,29.344,79.105,26.649,21.637,78.363
[SHELL] ccA:6,3471959381,443163,0.552,-32.803,0.000,-35.000,5.87283,5.69615,23.91,-8.054,-25.713,-8.054,-25.713,-8.043,-6.966,1.00000,74.342,1.315,-34.210
[SHELL] ccB:6,23091,1,-12.442,-21.400,33.842,18.995,41.520,81.005,20.895,29.344,79.105
[SHELL] ccA:7,3472069425,443164,-0.254,-35.190,0.000,-35.000,5.65132,5.47464,23.94,-8.038,-25.665,-8.038,-25.665,-8.043,-6.965,1.00000,74.342,5.510,-38.656
[SHELL] ccB:7,2147515535,1,-18.386,-20.639,39.025,18.736,53.517,81.264,18.995,41.520,81.005
[SHELL] ccA:8,3472179397,443165,1.213,-36.077,0.000,-35.000,5.42314,5.24646,23.97,-8.068,-25.647,-8.068,-25.647,-8.043,-6.965,1.00000,74.342,-7.483,-32.787
[SHELL] ccB:8,23099,1,-29.730,1.252,28.478,20.026,65.735,79.974,18.736,53.517,81.264
[SHELL] ccA:9,3472289405,443166,1.321,-33.958,0.000,-35.000,5.19929,5.02261,23.97,-8.070,-25.690,-8.070,-25.690,-8.044,-6.965,1.00000,74.342,14.741,-31.601
[SHELL] ccB:9,2147515545,1,-21.032,-13.572,34.603,22.743,76.891,77.257,20.026,65.735,79.974
[SHELL] ccA:10,3472399341,443167,2.968,-31.216,0.000,-35.000,4.96633,4.78965,23.84,-8.105,-25.747,-8.105,-25.747,-8.045,-6.967,1.00000,74.342,-10.127,-28.873
[SHELL] ccB:10,23071,1,-30.491,17.453,13.038,19.923,80.077,65.880,22.743,76.891,77.257
[SHELL] ccA:11,3472509389,443168,-1.860,-30.148,0.000,-35.000,4.74470,4.56802,23.93,-8.007,-25.770,-8.007,-25.770,-8.045,-6.970,1.00000,74.342,-1.927,-31.243
[SHELL] ccB:11,2147515553,1,-31.289,16.438,14.850,18.659,81.341,54.241,19.923,80.077,65.880
[SHELL] ccA:12,3472619385,443169,-2.740,-31.020,0.000,-35.000,4.52160,4.34491,23.94,-7.988,-25.755,-7.988,-25.755,-8.043,-6.972,1.00000,74.342,3.021,-32.723
[SHELL] ccB:12,23093,1,-32.702,19.157,13.546,18.915,81.085,42.158,18.659,81.341,54.241
[SHELL] ccA:13,3472729385,443170,-2.020,-31.893,0.000,-35.000,4.29156,4.11488,23.94,-8.002,-25.739,-8.002,-25.739,-8.042,-6.973,1.00000,74.342,-12.194,-30.882
[SHELL] ccB:13,2147515555,1,-23.206,32.168,-8.962,20.786,79.214,30.064,18.915,81.085,42.158
[SHELL] ccA:14,3472839373,443171,-3.454,-31.266,0.000,-35.000,4.06399,3.88732,23.85,-7.971,-25.753,-7.971,-25.753,-8.040,-6.975,1.00000,74.342,7.552,-30.578
[SHELL] ccB:14,23087,1,-28.933,25.246,3.687,26.558,78.339,21.661,20.786,79.214,30.064
[SHELL] ccA:15,3472949417,443172,-1.095,-31.932,0.000,-35.000,3.83454,3.65786,23.97,-8.018,-25.742,-8.018,-25.742,-8.040,-6.977,1.00000,74.342,-7.291,-35.690
[SHELL] ccB:15,2147515539,1,-17.190,36.409,-19.219,38.430,80.689,19.311,26.558,78.339,21.661
[SHELL] ctrlcap v1 armed=0 count=512 clock_hz=550000000 decimation=1
[SHELL] ccA:index,cycles,seq,id,iq,idref,iqref,theta,actangle,age_us,vdreq,vqreq,vd,vq,intd,intq,scale,bus,raw_id,raw_iq
[SHELL] ccB:index,timer,valid,ia,ib,ic,du,dv,dw,active_u,active_v,active_w
[SHELL] ccA:16,3473059385,443173,-1.667,-34.718,0.000,-35.000,3.61058,3.43390,23.86,-8.006,-25.686,-8.006,-25.686,-8.039,-6.977,1.00000,74.342,0.363,-36.915
[SHELL] ccB:16,23093,1,-17.009,36.880,-19.871,50.534,81.340,18.660,38.430,80.689,19.311
[SHELL] ccA:17,3473169329,443174,1.652,-37.263,0.000,-35.000,3.38772,3.21106,23.88,-8.073,-25.634,-8.073,-25.634,-8.040,-6.976,1.00000,74.342,13.174,-39.531
[SHELL] ccB:17,2147515583,1,-22.409,41.628,-19.219,62.659,80.442,19.558,50.534,81.340,18.660
[SHELL] ccA:18,3473279273,443175,3.905,-37.871,0.000,-35.000,3.15518,2.97847,23.81,-8.120,-25.620,-8.120,-25.620,-8.042,-6.974,1.00000,74.342,-11.092,-35.506
[SHELL] ccB:18,23037,1,10.609,25.572,-36.181,74.561,77.913,22.087,62.659,80.442,19.558
[SHELL] ccA:19,3473389333,443176,0.067,-35.783,0.000,-35.000,2.92981,2.75311,23.89,-8.043,-25.662,-8.043,-25.662,-8.042,-6.974,1.00000,74.342,9.279,-32.589
[SHELL] ccB:19,2147515581,1,-2.221,30.392,-28.171,79.375,68.860,20.625,74.561,77.913,22.087
[SHELL] ccA:20,3473499285,443177,0.579,-34.869,0.000,-35.000,2.69909,2.52238,23.81,-8.054,-25.680,-8.054,-25.680,-8.042,-6.974,1.00000,74.342,-5.151,-38.791
[SHELL] ccB:20,23043,1,21.265,17.816,-39.080,81.111,56.721,18.889,79.375,68.860,20.625
[SHELL] ccA:21,3473609309,443178,-0.973,-37.268,0.000,-35.000,2.47138,2.29470,23.79,-8.022,-25.631,-8.022,-25.631,-8.042,-6.973,1.00000,73.902,-2.868,-38.902
[SHELL] ccB:21,2147515593,1,26.411,11.654,-38.066,81.306,44.394,18.694,81.111,56.721,18.889
[SHELL] ccA:22,3473719337,443179,1.542,-38.636,0.000,-35.000,2.24841,2.07173,23.85,-8.073,-25.602,-8.073,-25.602,-8.042,-6.971,1.00000,73.902,17.053,-37.947
[SHELL] ccB:22,23069,1,18.873,22.672,-41.545,79.780,32.440,20.220,81.306,44.394,18.694
[SHELL] ccA:23,3473829365,443180,5.274,-37.742,0.000,-35.000,2.01873,1.84205,23.84,-8.151,-25.618,-8.151,-25.618,-8.045,-6.970,1.00000,74.342,-10.141,-36.171
[SHELL] ccB:23,2147515565,1,36.995,-12.847,-24.148,77.679,22.321,24.624,79.780,32.440,20.220
[SHELL] ccA:24,3473939449,443181,0.775,-36.006,0.000,-35.000,1.78670,1.60931,23.98,-8.061,-25.727,-8.061,-25.727,-8.045,-6.969,1.00000,74.342,6.330,-33.733
[SHELL] ccB:24,23125,1,31.594,-4.184,-27.410,80.364,19.636,36.095,77.679,22.321,24.624
[SHELL] ccA:25,3474049389,443182,0.195,-35.261,0.000,-35.000,1.56400,1.38661,23.90,-8.049,-25.742,-8.049,-25.742,-8.046,-6.969,1.00000,74.342,-1.738,-37.406
[SHELL] ccB:25,2147515553,1,37.393,-20.422,-16.972,81.399,18.601,48.022,80.364,19.636,36.095
[SHELL] ccA:26,3474159441,443183,-1.338,-36.043,0.000,-35.000,1.33243,1.15504,23.99,-8.018,-25.726,-8.018,-25.726,-8.045,-6.968,1.00000,74.342,-8.208,-35.627
[SHELL] ccB:26,23121,1,32.682,-30.534,-2.148,80.800,19.200,60.497,81.399,18.601,48.022
[SHELL] ccA:27,3474269473,443184,-0.541,-36.345,0.000,-35.000,1.11133,0.93393,23.97,-8.034,-25.719,-8.034,-25.719,-8.045,-6.968,1.00000,74.342,15.992,-36.719
[SHELL] ccB:27,2147515511,1,40.003,-21.690,-18.313,78.711,21.289,71.971,80.800,19.200,60.497
[SHELL] ccA:28,3474379261,443185,3.689,-35.657,0.000,-35.000,0.88206,0.70471,23.97,-8.120,-25.733,-8.120,-25.733,-8.046,-6.967,1.00000,73.902,-9.021,-33.561
[SHELL] ccB:28,23031,1,20.178,-34.593,14.415,71.280,20.863,79.137,78.711,21.289,71.971
[SHELL] ccA:29,3474489081,443186,0.888,-33.958,0.000,-35.000,0.65251,0.47512,23.63,-8.065,-25.767,-8.065,-25.767,-8.047,-6.968,1.00000,73.902,5.601,-31.990
[SHELL] ccB:29,2147515707,1,23.874,-31.005,7.130,59.368,18.826,81.174,71.280,20.863,79.137
[SHELL] ccA:30,3474599149,443187,2.099,-33.602,0.000,-35.000,0.41934,0.24194,23.69,-8.090,-25.775,-8.090,-25.775,-8.048,-6.969,1.00000,73.902,6.213,-36.865
[SHELL] ccB:30,22975,1,20.685,-37.311,16.626,46.592,18.404,81.596,59.368,18.826,81.174
[SHELL] ccA:31,3474709265,443188,2.340,-35.105,0.000,-35.000,0.19586,0.01849,23.74,-8.096,-25.745,-8.096,-25.745,-8.049,-6.969,1.00000,73.902,-8.669,-34.700
[SHELL] ccB:31,2147515615,1,-1.750,-30.062,31.812,34.536,19.660,80.340,46.592,18.404,81.596
[SHELL] ctrlcap v1 armed=0 count=512 clock_hz=550000000 decimation=1
[SHELL] ccA:index,cycles,seq,id,iq,idref,iqref,theta,actangle,age_us,vdreq,vqreq,vd,vq,intd,intq,scale,bus,raw_id,raw_iq
[SHELL] ccB:index,timer,valid,ia,ib,ic,du,dv,dw,active_u,active_v,active_w
[SHELL] ccA:32,3474819313,443189,0.068,-34.751,0.000,-35.000,6.24722,6.06987,23.86,-8.051,-25.752,-8.051,-25.752,-8.049,-6.969,1.00000,74.342,11.395,-32.740
[SHELL] ccB:32,23057,1,10.210,-33.796,23.585,23.124,22.666,77.334,34.536,19.660,80.340
[SHELL] ccA:33,3474929269,443190,0.259,-34.482,0.000,-35.000,6.02464,5.84726,23.77,-8.054,-25.758,-8.054,-25.758,-8.049,-6.969,1.00000,74.342,-13.084,-37.749
[SHELL] ccB:33,2147515613,1,-22.300,-17.558,39.859,20.043,33.482,79.957,23.124,22.666,77.334
[SHELL] ccA:34,3475039349,443191,-4.165,-37.105,0.000,-35.000,5.78944,5.61207,23.90,-7.964,-25.704,-7.964,-25.704,-8.047,-6.968,1.00000,74.342,-1.887,-40.183
[SHELL] ccB:34,23075,1,-20.706,-19.515,40.221,18.742,45.898,81.258,20.043,33.482,79.957
[SHELL] ccA:35,3475149337,443192,-1.700,-40.010,0.000,-35.000,5.56106,5.38367,23.87,-8.012,-25.644,-8.012,-25.644,-8.046,-6.965,1.00000,74.342,10.060,-41.924
[SHELL] ccB:35,2147515579,1,-20.162,-22.922,43.084,19.079,58.377,80.921,18.742,45.898,81.258
[SHELL] ccA:36,3475259273,443193,1.900,-39.275,0.000,-35.000,5.33833,5.16096,23.78,-8.085,-25.656,-8.085,-25.656,-8.047,-6.963,1.00000,74.342,-10.631,-33.070
[SHELL] ccB:36,23037,1,-33.028,7.196,25.832,20.903,70.148,79.097,19.079,58.377,80.921
[SHELL] ccA:37,3475369309,443194,-0.831,-35.233,0.000,-35.000,5.10766,4.93028,23.86,-8.030,-25.737,-8.030,-25.737,-8.047,-6.963,1.00000,73.902,7.875,-32.869
[SHELL] ccB:37,2147515593,1,-27.302,-3.604,30.906,21.402,78.598,73.261,20.903,70.148,79.097
[SHELL] ccA:38,3475479265,443195,-2.112,-32.593,0.000,-35.000,4.88998,4.71257,23.79,-8.004,-25.791,-8.004,-25.791,-8.046,-6.964,1.00000,73.902,-13.570,-31.563
[SHELL] ccB:38,23033,1,-33.463,23.470,9.994,19.138,80.862,62.115,21.402,78.598,73.261
[SHELL] ccA:39,3475589325,443196,-7.160,-32.244,0.000,-35.000,4.65690,4.47952,23.89,-7.899,-25.799,-7.899,-25.799,-8.042,-6.966,1.00000,73.902,-9.376,-32.983
[SHELL] ccB:39,2147515585,1,-32.412,25.898,6.514,18.382,81.618,49.650,19.138,80.862,62.115
[SHELL] ccA:40,3475699273,443197,-6.835,-33.151,0.000,-35.000,4.42673,4.24935,23.78,-7.902,-25.782,-7.902,-25.782,-8.039,-6.967,1.00000,73.902,4.984,-35.075
[SHELL] ccB:40,23037,1,-35.058,21.947,13.111,19.282,80.718,37.157,18.382,81.618,49.650
[SHELL] ccA:41,3475809277,443198,-4.290,-34.935,0.000,-35.000,4.20012,4.02275,23.78,-7.951,-25.746,-7.951,-25.746,-8.037,-6.967,1.00000,74.342,-17.750,-36.606
[SHELL] ccB:41,2147515609,1,-23.206,40.541,-17.334,21.951,78.049,25.592,19.282,80.718,37.157
[SHELL] ccA:42,3475919317,443199,-6.475,-35.605,0.000,-35.000,3.97408,3.79669,23.84,-7.904,-25.733,-7.904,-25.733,-8.033,-6.966,1.00000,73.902,4.615,-34.136
[SHELL] ccB:42,23059,1,-28.353,31.117,-2.764,30.901,79.556,20.444,21.951,78.049,25.592
[SHELL] ccA:43,3476029313,443200,-4.113,-35.741,0.000,-35.000,3.74917,3.57179,23.81,-7.949,-25.730,-7.949,-25.730,-8.031,-6.966,1.00000,73.902,-7.931,-38.089
[SHELL] ccB:43,2147515591,1,-15.233,38.620,-23.387,42.884,81.289,18.711,30.901,79.556,20.444
[SHELL] ccA:44,3476139365,443201,-5.003,-37.955,0.000,-35.000,3.52346,3.34608,23.90,-7.929,-25.684,-7.929,-25.684,-8.029,-6.965,1.00000,73.902,-8.768,-41.507
[SHELL] ccB:44,23083,1,-7.332,39.852,-32.520,55.172,81.358,18.642,42.884,81.289,18.711
[SHELL] ccA:45,3476249305,443202,-3.631,-41.263,0.000,-35.000,3.29385,3.11646,23.82,-7.954,-25.615,-7.954,-25.615,-8.027,-6.961,1.00000,73.902,10.940,-43.952
[SHELL] ccB:45,2147515595,1,-17.480,44.926,-27.446,67.447,79.773,20.227,55.172,81.358,18.642
[SHELL] ccA:46,3476359373,443203,-0.386,-41.599,0.000,-35.000,3.06154,2.88416,23.89,-8.019,-25.605,-8.019,-25.605,-8.027,-6.958,1.00000,73.902,-14.657,-36.985
[SHELL] ccB:46,23087,1,17.568,22.129,-39.697,77.798,75.449,22.202,67.447,79.773,20.227
[SHELL] ccA:47,3476469333,443204,-4.491,-38.156,0.000,-35.000,2.84529,2.66790,23.81,-7.935,-25.672,-7.935,-25.672,-8.025,-6.957,1.00000,73.902,0.411,-34.702
[SHELL] ccB:47,2147515581,1,9.739,23.977,-33.716,80.316,64.743,19.684,77.798,75.449,22.202
[SHELL] ctrlcap v1 armed=0 count=512 clock_hz=550000000 decimation=1
[SHELL] ccA:index,cycles,seq,id,iq,idref,iqref,theta,actangle,age_us,vdreq,vqreq,vd,vq,intd,intq,scale,bus,raw_id,raw_iq
[SHELL] ccB:index,timer,valid,ia,ib,ic,du,dv,dw,active_u,active_v,active_w
[SHELL] ccA:48,3476579309,443205,-4.896,-36.619,0.000,-35.000,2.61309,2.43571,23.81,-7.924,-25.702,-7.924,-25.702,-8.022,-6.956,1.00000,73.902,-5.750,-40.088
[SHELL] ccB:48,23055,1,25.179,14.880,-40.059,81.490,52.306,18.510,80.316,64.743,19.684
[SHELL] ccA:49,3476689329,443206,-5.251,-38.667,0.000,-35.000,2.38154,2.20415,23.80,-7.915,-25.659,-7.915,-25.659,-8.020,-6.954,1.00000,73.902,-9.916,-39.792
[SHELL] ccB:49,2147515583,1,34.603,1.760,-36.362,80.904,39.737,19.096,81.490,52.306,18.510
[SHELL] ccA:50,3476799461,443207,-3.069,-39.533,0.000,-35.000,2.16162,1.98429,23.94,-7.957,-25.639,-7.957,-25.639,-8.018,-6.952,1.00000,73.902,13.305,-38.458
[SHELL] ccB:50,23131,1,24.527,15.858,-40.385,78.839,28.230,21.161,80.904,39.737,19.096
[SHELL] ccA:51,3476909425,443208,1.008,-38.915,0.000,-35.000,1.93410,1.75671,23.92,-8.039,-25.650,-8.039,-25.650,-8.019,-6.950,1.00000,73.902,-12.663,-38.951
[SHELL] ccB:51,2147515535,1,40.909,-18.718,-22.191,78.941,21.059,28.462,78.839,28.230,21.161
[SHELL] ccA:52,3477019325,443209,-2.910,-37.847,0.000,-35.000,1.70911,1.53172,23.83,-7.959,-25.670,-7.959,-25.670,-8.017,-6.948,1.00000,73.902,0.381,-35.026
[SHELL] ccB:52,23063,1,34.639,-12.810,-21.828,80.963,19.037,40.026,78.941,21.059,28.462
[SHELL] ccA:53,3477129321,443210,-3.013,-36.541,0.000,-35.000,1.48002,1.30264,23.83,-7.955,-25.695,-7.955,-25.695,-8.016,-6.948,1.00000,73.902,-0.151,-37.161
[SHELL] ccB:53,2147515587,1,36.995,-21.545,-15.450,81.489,18.511,52.446,80.963,19.037,40.026
[SHELL] ccA:54,3477239341,443211,-2.378,-35.647,0.000,-35.000,1.24977,1.07238,23.84,-7.967,-25.713,-7.967,-25.713,-8.014,-6.947,1.00000,73.902,-9.592,-33.238
[SHELL] ccB:54,23071,1,28.514,-31.222,2.709,80.357,19.643,64.851,81.489,18.511,52.446
[SHELL] ccA:55,3477349413,443212,-2.337,-34.259,0.000,-35.000,1.02522,0.84782,23.93,-7.967,-25.741,-7.967,-25.741,-8.013,-6.948,1.00000,73.902,9.988,-33.398
[SHELL] ccB:55,2147515541,1,33.733,-24.481,-9.252,77.718,22.282,76.198,80.357,19.643,64.851
[SHELL] ccA:56,3477459185,443213,-0.510,-33.244,0.000,-35.000,0.79495,0.61756,23.89,-8.003,-25.762,-8.003,-25.762,-8.013,-6.948,1.00000,73.902,-12.423,-32.940
[SHELL] ccB:56,22993,1,14.813,-35.064,20.251,67.035,19.956,80.044,77.718,22.282,76.198
[SHELL] ccA:57,3477568981,443214,-4.185,-33.328,0.000,-35.000,0.57460,0.39722,23.52,-7.927,-25.761,-7.927,-25.761,-8.011,-6.949,1.00000,73.902,-1.884,-34.034
[SHELL] ccB:57,2147515757,1,16.916,-34.086,17.170,55.390,18.568,81.432,67.035,19.956,80.044
[SHELL] ccA:58,3477679065,443215,-2.859,-34.321,0.000,-35.000,0.34810,0.17074,23.61,-7.952,-25.742,-7.952,-25.742,-8.009,-6.950,1.00000,73.902,4.753,-36.277
[SHELL] ccB:58,22933,1,16.843,-36.550,19.707,42.971,18.690,81.310,55.390,18.568,81.432
[SHELL] ccA:59,3477789033,443216,-1.648,-35.250,0.000,-35.000,0.12047,6.22627,23.71,-7.976,-25.723,-7.976,-25.723,-8.009,-6.950,1.00000,73.902,-14.216,-34.411
[SHELL] ccB:59,2147515731,1,-9.977,-26.076,36.053,30.868,20.437,79.563,42.971,18.690,81.310
[SHELL] ccA:60,3477898901,443217,-3.772,-34.189,0.000,-35.000,6.17988,6.00250,23.42,-7.931,-25.745,-7.931,-25.745,-8.007,-6.950,1.00000,73.902,8.592,-31.658
[SHELL] ccB:60,22851,1,5.281,-30.679,25.397,21.821,25.352,78.179,30.868,20.437,79.563
[SHELL] ccA:61,3478008917,443218,-2.103,-34.672,0.000,-35.000,5.94587,5.76849,23.51,-7.964,-25.735,-7.964,-25.735,-8.006,-6.950,1.00000,73.902,-11.379,-40.961
[SHELL] ccB:61,2147515789,1,-24.294,-18.066,42.359,19.280,37.407,80.720,21.821,25.352,78.179
[SHELL] ccA:62,3478120333,443219,-3.232,-38.264,0.000,-35.000,5.72360,5.53040,25.44,-7.939,-25.662,-7.939,-25.662,-8.004,-6.948,1.00000,73.902,1.236,-39.477
[SHELL] ccB:62,23567,1,-19.908,-19.588,39.496,18.522,50.307,81.478,19.280,37.407,80.720
[SHELL] ccA:63,3478228873,443220,1.307,-39.695,0.000,-35.000,5.50667,5.32930,23.41,-8.031,-25.631,-8.031,-25.631,-8.005,-6.946,1.00000,73.902,14.133,-38.863
[SHELL] ccB:63,2147515811,1,-17.154,-24.010,41.163,19.218,61.382,80.782,18.522,50.307,81.478
[SHELL] ctrlcap v1 armed=0 count=512 clock_hz=550000000 decimation=1
[SHELL] ccA:index,cycles,seq,id,iq,idref,iqref,theta,actangle,age_us,vdreq,vqreq,vd,vq,intd,intq,scale,bus,raw_id,raw_iq
[SHELL] ccB:index,timer,valid,ia,ib,ic,du,dv,dw,active_u,active_v,active_w
[SHELL] ccA:64,3478338933,443221,4.701,-37.640,0.000,-35.000,5.27336,5.09597,23.53,-8.101,-25.670,-8.101,-25.670,-8.007,-6.945,1.00000,73.902,-10.697,-33.356
[SHELL] ccB:64,22867,1,-33.935,9.443,24.491,21.537,73.553,78.463,19.218,61.382,80.782
[SHELL] ccA:65,3478448897,443222,0.887,-34.371,0.000,-35.000,5.04577,4.86837,23.45,-8.025,-25.736,-8.025,-25.736,-8.008,-6.945,1.00000,73.902,10.811,-31.908
[SHELL] ccB:65,2147515799,1,-26.613,-4.583,31.196,20.631,79.369,70.159,21.537,73.553,78.463
[SHELL] ccA:66,3478558965,443223,1.459,-32.204,0.000,-35.000,4.82238,4.64499,23.56,-8.037,-25.781,-8.037,-25.781,-8.008,-6.947,1.00000,73.902,-5.091,-31.646
[SHELL] ccB:66,22883,1,-32.014,17.381,14.633,18.729,81.271,58.407,20.631,79.369,70.159
[SHELL] ccA:67,3478668905,443224,-0.917,-31.961,0.000,-35.000,4.59360,4.41621,23.45,-7.989,-25.787,-7.989,-25.787,-8.008,-6.948,1.00000,73.902,-4.298,-32.644
[SHELL] ccB:67,2147515795,1,-31.905,22.999,8.906,18.448,81.552,46.002,18.729,81.271,58.407
[SHELL] ccA:68,3478778945,443225,0.138,-32.827,0.000,-35.000,4.36935,4.19197,23.53,-8.011,-25.771,-8.011,-25.771,-8.008,-6.949,1.00000,73.902,14.237,-34.375
[SHELL] ccB:68,22873,1,-37.160,16.982,20.178,19.770,80.230,33.907,18.448,81.552,46.002
[SHELL] ccA:69,3478888885,443226,3.597,-33.649,0.000,-35.000,4.13789,3.96050,23.45,-8.082,-25.755,-8.082,-25.755,-8.010,-6.950,1.00000,73.902,-9.786,-33.202
[SHELL] ccB:69,2147515805,1,-22.554,34.017,-11.463,23.022,77.532,22.468,19.770,80.230,33.907
[SHELL] ccA:70,3478998845,443227,1.206,-33.321,0.000,-35.000,3.91327,3.73588,23.39,-8.034,-25.763,-8.034,-25.763,-8.010,-6.951,1.00000,73.902,10.159,-32.504
[SHELL] ccB:70,22823,1,-29.948,29.015,0.933,34.233,80.286,19.714,23.022,77.532,22.468
[SHELL] ccA:71,3479108865,443228,2.754,-34.312,0.000,-35.000,3.68713,3.50974,23.39,-8.067,-25.743,-8.067,-25.743,-8.012,-6.951,1.00000,73.902,0.483,-39.038
[SHELL] ccB:71,2147515815,1,-20.669,39.018,-18.349,46.471,81.548,18.452,34.233,80.286,19.714
[SHELL] ccA:72,3479218885,443229,2.190,-36.448,0.000,-35.000,3.45904,3.28166,23.47,-8.057,-25.700,-8.057,-25.700,-8.013,-6.950,1.00000,73.902,-2.364,-35.210
[SHELL] ccB:72,22843,1,-8.745,33.980,-25.235,58.910,81.139,18.861,46.471,81.548,18.452
[SHELL] ccA:73,3479328849,443230,3.767,-37.458,0.000,-35.000,3.23960,3.06222,23.39,-8.090,-25.678,-8.090,-25.678,-8.015,-6.949,1.00000,73.902,19.312,-40.373
[SHELL] ccB:73,2147515823,1,-23.170,44.745,-21.575,70.501,79.245,20.755,58.910,81.139,18.861
[SHELL] ccA:74,3479438861,443231,6.763,-37.699,0.000,-35.000,3.01140,2.83404,23.40,-8.153,-25.672,-8.153,-25.672,-8.018,-6.948,1.00000,73.902,-9.208,-34.842
[SHELL] ccB:74,22831,1,13.654,22.056,-35.710,78.663,72.896,21.337,70.501,79.245,20.755
[SHELL] ccA:75,3479549177,443232,2.343,-35.763,0.000,-35.000,2.77316,2.59577,23.39,-8.066,-25.710,-8.066,-25.710,-8.019,-6.947,1.00000,73.902,8.475,-32.994
[SHELL] ccB:75,2147515659,1,3.977,27.312,-31.288,80.964,60.725,19.036,78.663,72.896,21.337
[SHELL] ccA:76,3479659621,443233,4.172,-34.727,0.000,-35.000,2.54841,2.37113,24.27,-8.105,-25.731,-8.105,-25.731,-8.021,-6.947,1.00000,73.902,8.944,-38.080
[SHELL] ccB:76,23211,1,13.871,24.738,-38.609,81.601,48.445,18.399,80.964,60.725,19.036
[SHELL] ccA:77,3479769585,443234,6.056,-36.083,0.000,-35.000,2.32513,2.14778,24.09,-8.145,-25.704,-8.145,-25.704,-8.024,-6.947,1.00000,73.902,-2.138,-35.179
[SHELL] ccB:77,2147515455,1,27.100,5.964,-33.064,80.587,36.274,19.413,81.601,48.445,18.399
[SHELL] ccA:78,3479879529,443235,6.387,-35.294,0.000,-35.000,2.09598,1.91861,23.99,-8.155,-25.719,-8.155,-25.719,-8.027,-6.947,1.00000,73.902,20.881,-32.739
[SHELL] ccB:78,23165,1,17.858,20.933,-38.791,78.003,24.573,21.997,80.587,36.274,19.413
[SHELL] ccA:79,3479989629,443236,8.271,-33.457,0.000,-35.000,1.87948,1.70210,24.19,-8.197,-25.757,-8.197,-25.757,-8.032,-6.948,1.00000,73.902,-6.540,-33.169
[SHELL] ccB:79,2147515433,1,33.588,-13.463,-20.125,79.789,20.211,31.354,78.003,24.573,21.997
[SHELL] ctrlcap v1 armed=0 count=512 clock_hz=550000000 decimation=1
[SHELL] ccA:index,cycles,seq,id,iq,idref,iqref,theta,actangle,age_us,vdreq,vqreq,vd,vq,intd,intq,scale,bus,raw_id,raw_iq
[SHELL] ccB:index,timer,valid,ia,ib,ic,du,dv,dw,active_u,active_v,active_w
[SHELL] ccA:80,3480099621,443237,2.790,-33.001,0.000,-35.000,1.64116,1.46379,24.14,-8.089,-25.767,-8.089,-25.767,-8.033,-6.949,1.00000,73.902,3.360,-32.927
[SHELL] ccB:80,23211,1,32.609,-11.397,-21.212,81.448,18.552,43.851,79.789,20.211,31.354
[SHELL] ccA:81,3480209613,443238,2.642,-34.123,0.000,-35.000,1.41517,1.23780,24.13,-8.087,-25.745,-8.087,-25.745,-8.034,-6.949,1.00000,73.902,10.386,-37.469
[SHELL] ccB:81,2147515441,1,38.626,-15.456,-23.169,81.418,18.582,56.217,81.448,18.552,43.851
[SHELL] ccA:82,3480319617,443239,4.404,-35.030,0.000,-35.000,1.18076,1.00338,24.14,-8.125,-25.727,-8.125,-25.727,-8.037,-6.949,1.00000,73.902,-6.518,-32.255
[SHELL] ccB:82,23209,1,27.354,-29.519,2.165,79.702,20.298,68.762,81.418,18.582,56.217
[SHELL] ccA:83,3480429625,443240,3.397,-33.558,0.000,-35.000,0.97238,0.79499,24.10,-8.106,-25.757,-8.106,-25.757,-8.038,-6.950,1.00000,73.902,16.239,-32.256
[SHELL] ccB:83,2147515435,1,35.799,-22.016,-13.782,75.798,22.082,77.918,79.702,20.298,68.762
[SHELL] ccA:84,3480539117,443241,5.406,-32.632,0.000,-35.000,0.73990,0.56251,23.67,-8.149,-25.777,-8.149,-25.777,-8.041,-6.951,1.00000,73.902,-4.334,-33.761
[SHELL] ccB:84,22959,1,19.561,-33.904,14.343,63.911,19.355,80.645,75.798,22.082,77.918
[SHELL] ccA:85,3480649133,443242,3.599,-33.635,0.000,-35.000,0.50489,0.32753,23.67,-8.115,-25.757,-8.115,-25.757,-8.043,-6.952,1.00000,73.902,6.824,-34.761
[SHELL] ccB:85,2147515681,1,22.787,-34.883,12.096,51.224,18.362,81.638,63.911,19.355,80.645
[SHELL] ccA:86,3480759241,443243,7.301,-34.349,0.000,-35.000,0.27768,0.10029,23.74,-8.192,-25.743,-8.192,-25.743,-8.046,-6.952,1.00000,73.902,19.888,-34.112
[SHELL] ccB:86,23021,1,28.477,-37.927,9.450,38.687,19.023,80.977,51.224,18.362,81.638
[SHELL] ccA:87,3480869369,443244,10.602,-34.152,0.000,-35.000,0.05305,6.15885,23.90,-8.264,-25.748,-8.264,-25.748,-8.052,-6.952,1.00000,73.902,-4.191,-33.623
[SHELL] ccB:87,2147515563,1,-2.402,-28.069,30.471,26.875,21.261,78.739,38.687,19.023,80.977
[SHELL] ccA:88,3480979381,443245,6.731,-32.795,0.000,-35.000,6.11733,5.93995,23.93,-8.190,-25.776,-8.190,-25.776,-8.055,-6.953,1.00000,73.902,15.418,-29.821
[SHELL] ccB:88,23091,1,10.283,-32.817,22.534,20.763,28.809,79.237,26.875,21.261,78.739
[SHELL] ccA:89,3481089337,443246,6.188,-32.694,0.000,-35.000,5.87980,5.70241,23.83,-8.182,-25.779,-8.182,-25.779,-8.058,-6.955,1.00000,73.902,-1.893,-37.510
[SHELL] ccB:89,2147515579,1,-16.465,-21.001,37.466,18.706,41.303,81.294,20.763,28.809,79.237
[SHELL] ccA:90,3481199389,443247,4.055,-35.818,0.000,-35.000,5.65439,5.47700,23.95,-8.141,-25.716,-8.141,-25.716,-8.060,-6.954,1.00000,73.902,4.587,-38.430
[SHELL] ccB:90,23095,1,-18.893,-19.805,38.699,18.458,53.589,81.542,18.706,41.303,81.294
[SHELL] ccA:91,3481309329,443248,7.676,-37.854,0.000,-35.000,5.42467,5.24728,23.83,-8.218,-25.674,-8.218,-25.674,-8.064,-6.953,1.00000,73.902,23.421,-37.046
[SHELL] ccB:91,2147515583,1,-12.732,-29.954,42.686,19.807,66.090,80.193,18.458,53.589,81.542
[SHELL] ccA:92,3481419385,443249,12.528,-36.911,0.000,-35.000,5.19962,5.02223,23.95,-8.321,-25.692,-8.321,-25.692,-8.070,-6.952,1.00000,73.902,-1.317,-35.122
[SHELL] ccB:92,23093,1,-31.651,2.593,29.058,22.540,77.460,77.247,19.807,66.090,80.193
[SHELL] ccA:93,3481529333,443250,9.245,-34.471,0.000,-35.000,4.98109,4.80370,23.82,-8.260,-25.741,-8.260,-25.741,-8.075,-6.952,1.00000,73.902,16.192,-30.596
[SHELL] ccB:93,2147515581,1,-25.200,-7.954,33.153,19.777,80.223,66.446,22.540,77.460,77.247
[SHELL] ccA:94,3481639321,443251,8.617,-32.394,0.000,-35.000,4.74432,4.56695,23.83,-8.252,-25.784,-8.252,-25.784,-8.079,-6.953,1.00000,73.902,3.401,-33.263
[SHELL] ccB:94,23061,1,-33.137,12.705,20.432,18.350,81.650,53.757,19.777,80.223,66.446
[SHELL] ccA:95,3481749405,443252,5.678,-32.711,0.000,-35.000,4.51713,4.33974,23.94,-8.196,-25.779,-8.196,-25.779,-8.082,-6.954,1.00000,73.902,-0.280,-33.724
[SHELL] ccB:95,2147515545,1,-33.028,22.419,10.610,18.690,81.310,41.423,18.350,81.650,53.757
[SHELL] ctrlcap v1 armed=0 count=512 clock_hz=550000000 decimation=1
[SHELL] ccA:index,cycles,seq,id,iq,idref,iqref,theta,actangle,age_us,vdreq,vqreq,vd,vq,intd,intq,scale,bus,raw_id,raw_iq
[SHELL] ccB:index,timer,valid,ia,ib,ic,du,dv,dw,active_u,active_v,active_w
[SHELL] ccA:96,3481859337,443253,5.783,-33.567,0.000,-35.000,4.28795,4.11058,23.83,-8.201,-25.762,-8.201,-25.762,-8.085,-6.955,1.00000,73.902,20.290,-33.558
[SHELL] ccB:96,23069,1,-38.936,15.424,23.513,20.654,79.346,29.320,18.690,81.310,41.423
[SHELL] ccA:97,3481969417,443254,8.772,-33.634,0.000,-35.000,4.06413,3.88673,23.95,-8.265,-25.762,-8.265,-25.762,-8.089,-6.956,1.00000,73.902,-5.211,-33.696
[SHELL] ccB:97,2147515539,1,-23.714,33.074,-9.361,26.874,78.756,21.244,20.654,79.346,29.320
[SHELL] ccA:98,3482079361,443255,5.213,-33.659,0.000,-35.000,3.83340,3.65602,23.87,-8.196,-25.762,-8.196,-25.762,-8.092,-6.957,1.00000,73.902,10.984,-33.685
[SHELL] ccB:98,23081,1,-29.948,31.371,-1.423,38.755,81.008,18.992,26.874,78.756,21.244
[SHELL] ccA:99,3482189385,443256,6.180,-35.971,0.000,-35.000,3.60460,3.42725,23.86,-8.219,-25.715,-8.219,-25.715,-8.095,-6.956,1.00000,73.902,7.965,-42.819
[SHELL] ccB:99,2147515555,1,-26.251,43.223,-16.972,51.298,81.627,18.373,38.755,81.008,18.992
[SHELL] ccA:100,3482299345,443257,6.581,-38.453,0.000,-35.000,3.36960,3.19221,23.85,-8.230,-25.664,-8.230,-25.664,-8.098,-6.954,1.00000,73.902,-0.588,-34.488
[SHELL] ccB:100,23073,1,-7.223,32.821,-25.598,64.047,80.524,19.476,51.298,81.627,18.373
[SHELL] ccA:101,3482409365,443258,7.256,-37.803,0.000,-35.000,3.14052,2.96314,23.86,-8.247,-25.675,-8.247,-25.675,-8.102,-6.953,1.00000,74.342,22.234,-39.417
[SHELL] ccB:101,2147515565,1,-22.192,45.252,-23.061,75.572,77.729,22.271,64.047,80.524,19.476
[SHELL] ccA:102,3482519353,443259,9.077,-37.306,0.000,-35.000,2.91648,2.73910,23.86,-8.288,-25.684,-8.288,-25.684,-8.106,-6.952,1.00000,74.342,-7.570,-35.905
[SHELL] ccB:102,23077,1,15.393,21.150,-36.543,79.717,67.777,20.283,75.572,77.729,22.271
[SHELL] ccA:103,3482629413,443260,2.038,-37.068,0.000,-35.000,2.69117,2.51377,23.95,-8.148,-25.688,-8.148,-25.688,-8.108,-6.951,1.00000,73.902,1.057,-37.046
[SHELL] ccB:103,2147515541,1,15.176,21.694,-36.870,81.382,56.125,18.618,79.717,67.777,20.283
[SHELL] ccA:104,3482739393,443261,0.635,-37.432,0.000,-35.000,2.45958,2.28219,23.86,-8.121,-25.679,-8.121,-25.679,-8.108,-6.950,1.00000,74.342,7.996,-39.730
[SHELL] ccB:104,23097,1,18.836,21.658,-40.494,81.154,43.576,18.846,81.382,56.125,18.618
[SHELL] ccA:105,3482849509,443262,2.299,-38.130,0.000,-35.000,2.23781,2.06042,24.02,-8.155,-25.664,-8.155,-25.664,-8.109,-6.948,1.00000,74.342,-7.854,-36.013
[SHELL] ccB:105,2147515493,1,33.153,-2.626,-30.527,79.556,31.796,20.444,81.154,43.576,18.846
[SHELL] ccA:106,3482959461,443263,1.725,-36.138,0.000,-35.000,2.00586,1.82848,23.92,-8.144,-25.703,-8.144,-25.703,-8.110,-6.947,1.00000,73.902,14.611,-32.798
[SHELL] ccB:106,23131,1,23.584,11.654,-35.239,78.107,21.893,25.000,79.556,31.796,20.444
[SHELL] ccA:107,3483069529,443264,4.073,-33.862,0.000,-35.000,1.77348,1.59609,24.07,-8.193,-25.749,-8.193,-25.749,-8.112,-6.948,1.00000,73.902,-5.078,-33.838
[SHELL] ccB:107,2147515483,1,34.168,-15.492,-18.675,80.751,19.249,36.919,78.107,21.893,25.000
[SHELL] ccA:108,3483179481,443265,1.726,-33.767,0.000,-35.000,1.54897,1.37158,23.97,-8.147,-25.752,-8.147,-25.752,-8.113,-6.949,1.00000,73.902,2.447,-34.594
[SHELL] ccB:108,23141,1,34.639,-15.855,-18.784,81.646,18.354,49.015,80.751,19.249,36.919
[SHELL] ccA:109,3483289537,443266,3.423,-35.197,0.000,-35.000,1.31649,1.13914,24.06,-8.183,-25.723,-8.183,-25.723,-8.114,-6.948,1.00000,74.342,13.876,-37.763
[SHELL] ccB:109,2147515479,1,40.039,-16.616,-23.423,80.714,19.286,61.676,81.646,18.354,49.015
[SHELL] ccA:110,3483399545,443267,5.661,-35.683,0.000,-35.000,1.08889,0.91151,24.03,-8.231,-25.713,-8.231,-25.713,-8.117,-6.948,1.00000,74.342,-7.554,-32.612
[SHELL] ccB:110,23173,1,25.397,-31.585,6.188,78.381,21.619,73.472,80.714,19.286,61.676
[SHELL] ccA:111,3483509345,443268,2.152,-33.724,0.000,-35.000,0.86911,0.69172,24.12,-8.161,-25.753,-8.161,-25.753,-8.118,-6.949,1.00000,74.342,9.841,-31.911
[SHELL] ccB:111,2147515575,1,30.724,-26.692,-4.033,70.462,20.831,79.169,78.381,21.619,73.472
[SHELL] ctrlcap v1 armed=0 count=512 clock_hz=550000000 decimation=1
[SHELL] ccA:index,cycles,seq,id,iq,idref,iqref,theta,actangle,age_us,vdreq,vqreq,vd,vq,intd,intq,scale,bus,raw_id,raw_iq
[SHELL] ccB:index,timer,valid,ia,ib,ic,du,dv,dw,active_u,active_v,active_w
[SHELL] ccA:112,3483619149,443269,1.972,-32.408,0.000,-35.000,0.64184,0.46445,23.69,-8.159,-25.780,-8.159,-25.780,-8.119,-6.950,1.00000,73.902,-4.240,-33.201
[SHELL] ccB:112,22975,1,16.481,-33.469,16.989,58.633,18.707,81.293,70.462,20.831,79.169
[SHELL] ccA:113,3483729153,443270,0.011,-32.891,0.000,-35.000,0.41047,0.23309,23.64,-8.120,-25.772,-8.120,-25.772,-8.119,-6.951,1.00000,73.902,-1.319,-33.251
[SHELL] ccB:113,2147515671,1,12.059,-32.889,20.831,46.048,18.418,81.582,58.633,18.707,81.293
[SHELL] ccA:114,3483839345,443271,2.518,-33.362,0.000,-35.000,0.19316,0.01577,23.82,-8.171,-25.763,-8.171,-25.763,-8.121,-6.952,1.00000,74.342,16.951,-33.746
[SHELL] ccB:114,23073,1,23.113,-37.420,14.307,34.335,19.842,80.158,46.048,18.418,81.582
[SHELL] ccA:115,3483949389,443272,5.522,-34.225,0.000,-35.000,6.23909,6.06174,23.92,-8.234,-25.746,-8.234,-25.746,-8.123,-6.952,1.00000,74.342,-10.496,-36.158
[SHELL] ccB:115,2147515553,1,-12.079,-24.843,36.923,22.615,23.079,77.385,34.335,19.842,80.158
[SHELL] ccA:116,3484059333,443273,1.430,-35.080,0.000,-35.000,6.01246,5.83508,23.84,-8.153,-25.729,-8.153,-25.729,-8.124,-6.952,1.00000,74.342,9.760,-34.256
[SHELL] ccB:116,23067,1,0.243,-30.969,30.725,19.892,34.311,80.108,22.615,23.079,77.385
[SHELL] ccA:117,3484169389,443274,2.511,-35.796,0.000,-35.000,5.78153,5.60414,23.94,-8.176,-25.714,-8.176,-25.714,-8.125,-6.952,1.00000,74.342,1.021,-38.513
[SHELL] ccB:117,2147515553,1,-17.625,-20.857,38.481,18.624,46.718,81.376,19.892,34.311,80.108
[SHELL] ccA:118,3484279341,443275,2.472,-37.325,0.000,-35.000,5.55658,5.37919,23.84,-8.176,-25.683,-8.176,-25.683,-8.127,-6.951,1.00000,74.342,-1.913,-38.017
[SHELL] ccB:118,23071,1,-26.686,-10.165,36.850,19.029,58.933,80.971,18.624,46.718,81.376
[SHELL] ccA:119,3484389413,443276,4.394,-37.174,0.000,-35.000,5.33021,5.15282,23.97,-8.217,-25.685,-8.217,-25.685,-8.129,-6.950,1.00000,74.342,20.380,-34.148
[SHELL] ccB:119,2147515541,1,-16.030,-23.502,39.532,20.978,70.827,79.022,19.029,58.933,80.971
[SHELL] ccA:120,3484499333,443277,7.730,-34.274,0.000,-35.000,5.09788,4.92051,23.83,-8.287,-25.743,-8.287,-25.743,-8.133,-6.950,1.00000,74.342,-7.926,-30.785
[SHELL] ccB:120,23067,1,-31.506,12.089,19.417,21.238,78.762,72.264,20.978,70.827,79.022
[SHELL] ccA:121,3484609337,443278,2.238,-31.243,0.000,-35.000,4.87294,4.69558,23.83,-8.179,-25.805,-8.179,-25.805,-8.134,-6.952,1.00000,74.342,4.424,-29.255
[SHELL] ccB:121,2147515579,1,-28.172,6.254,21.918,19.093,80.907,60.844,21.238,78.762,72.264
[SHELL] ccA:122,3484719325,443279,0.105,-30.318,0.000,-35.000,4.64434,4.46695,23.84,-8.136,-25.826,-8.136,-25.826,-8.134,-6.954,1.00000,74.342,-0.501,-31.977
[SHELL] ccB:122,23063,1,-31.869,18.251,13.618,18.468,81.532,48.524,19.093,80.907,60.844
[SHELL] ccA:123,3484829385,443280,-1.847,-30.944,0.000,-35.000,4.42314,4.24575,23.94,-8.096,-25.816,-8.096,-25.816,-8.133,-6.956,1.00000,74.342,-10.810,-30.568
[SHELL] ccB:123,2147515555,1,-26.215,29.631,-3.417,19.439,80.561,36.657,18.468,81.532,48.524
[SHELL] ccA:124,3484939345,443281,-3.059,-30.943,0.000,-35.000,4.18529,4.00792,23.84,-8.070,-25.818,-8.070,-25.818,-8.131,-6.958,1.00000,74.342,9.884,-30.660
[SHELL] ccB:124,23073,1,-31.470,21.694,9.776,22.106,77.894,24.612,19.439,80.561,36.657
[SHELL] ccA:125,3485049473,443282,-0.337,-31.342,0.000,-35.000,3.95898,3.78083,24.02,-8.124,-25.895,-8.124,-25.895,-8.131,-6.960,1.00000,74.342,-10.304,-33.482
[SHELL] ccB:125,2147515511,1,-17.371,35.031,-17.660,31.985,79.856,20.144,22.106,77.894,24.612
[SHELL] ccA:126,3485159377,443283,-2.491,-33.036,0.000,-35.000,3.73664,3.55852,23.85,-8.080,-25.862,-8.080,-25.862,-8.130,-6.961,1.00000,74.342,0.760,-34.521
[SHELL] ccB:126,23089,1,-19.981,34.379,-14.398,43.775,81.359,18.641,31.985,79.856,20.144
[SHELL] ccA:127,3485269445,443284,-0.681,-35.616,0.000,-35.000,3.50837,3.33021,24.00,-8.116,-25.811,-8.116,-25.811,-8.130,-6.961,1.00000,73.902,6.061,-39.939
[SHELL] ccB:127,2147515525,1,-19.981,40.396,-20.415,56.358,81.493,18.507,43.775,81.359,18.641
[SHELL] ctrlcap v1 armed=0 count=512 clock_hz=550000000 decimation=1
[SHELL] ccA:index,cycles,seq,id,iq,idref,iqref,theta,actangle,age_us,vdreq,vqreq,vd,vq,intd,intq,scale,bus,raw_id,raw_iq
[SHELL] ccB:index,timer,valid,ia,ib,ic,du,dv,dw,active_u,active_v,active_w
[SHELL] ccA:128,3485379361,443285,0.900,-37.559,0.000,-35.000,3.28250,3.10433,23.86,-8.148,-25.770,-8.148,-25.770,-8.130,-6.959,1.00000,73.902,-9.282,-35.835
[SHELL] ccB:128,23081,1,4.158,29.776,-33.934,68.476,79.823,20.177,56.358,81.493,18.507
[SHELL] ccA:129,3485489441,443286,0.310,-36.604,0.000,-35.000,3.05151,2.87335,23.98,-8.136,-25.789,-8.136,-25.789,-8.130,-6.959,1.00000,74.342,13.745,-34.809
[SHELL] ccB:129,2147515527,1,-10.557,36.372,-25.815,78.038,74.873,21.962,68.476,79.823,20.177
[SHELL] ccA:130,3485599409,443287,2.729,-36.241,0.000,-35.000,2.82591,2.64773,23.97,-8.186,-25.795,-8.186,-25.795,-8.132,-6.958,1.00000,74.342,-7.292,-39.514
[SHELL] ccB:130,23105,1,19.199,20.969,-40.168,80.577,63.300,19.423,78.038,74.873,21.962
[SHELL] ccA:131,3485709421,443288,0.678,-38.744,0.000,-35.000,2.59160,2.41342,23.97,-8.145,-25.743,-8.145,-25.743,-8.132,-6.956,1.00000,74.342,3.553,-41.139
[SHELL] ccB:131,2147515537,1,18.474,22.745,-41.219,81.452,50.685,18.548,80.577,63.300,19.423
[SHELL] ccA:132,3485819401,443289,4.391,-40.930,0.000,-35.000,2.36642,2.18823,23.88,-8.222,-25.697,-8.222,-25.697,-8.134,-6.953,1.00000,74.342,17.750,-41.926
[SHELL] ccB:132,23101,1,16.662,28.363,-45.024,80.701,38.342,19.299,81.452,50.685,18.548
[SHELL] ccA:133,3485929533,443290,8.580,-40.644,0.000,-35.000,2.13594,1.95778,24.05,-8.310,-25.700,-8.310,-25.700,-8.138,-6.950,1.00000,74.342,-4.735,-37.585
[SHELL] ccB:133,2147515481,1,34.276,-3.170,-31.107,78.341,26.327,21.659,80.701,38.342,19.299
[SHELL] ccA:134,3486039561,443291,5.775,-37.892,0.000,-35.000,1.91595,1.73777,24.11,-8.257,-25.753,-8.257,-25.753,-8.141,-6.949,1.00000,74.342,14.819,-34.473
[SHELL] ccB:134,23181,1,27.426,8.465,-35.891,79.254,20.746,29.744,78.341,26.327,21.659
[SHELL] ccA:135,3486149501,443292,5.093,-35.420,0.000,-35.000,1.68527,1.50710,23.99,-8.246,-25.802,-8.246,-25.802,-8.144,-6.949,1.00000,74.342,-4.530,-35.149
[SHELL] ccB:135,2147515497,1,35.436,-18.138,-17.298,81.198,18.802,41.800,79.254,20.746,29.744
[SHELL] ccA:136,3486259493,443293,0.983,-35.182,0.000,-35.000,1.46153,1.28335,23.97,-8.164,-25.807,-8.164,-25.807,-8.144,-6.949,1.00000,74.342,-1.827,-35.959
[SHELL] ccB:136,23147,1,35.545,-22.741,-12.804,81.454,18.546,53.832,81.198,18.802,41.800
[SHELL] ccA:137,3486369549,443294,3.009,-37.020,0.000,-35.000,1.23194,1.05376,24.07,-8.206,-25.769,-8.206,-25.769,-8.146,-6.948,1.00000,74.342,20.220,-41.014
[SHELL] ccB:137,2147515473,1,45.403,-17.993,-27.410,80.081,19.919,66.216,81.454,18.546,53.832
[SHELL] ccA:138,3486479513,443295,7.711,-37.916,0.000,-35.000,1.00237,0.82419,23.98,-8.304,-25.750,-8.304,-25.750,-8.150,-6.946,1.00000,74.342,-7.767,-33.678
[SHELL] ccB:138,23157,1,24.201,-33.469,9.269,76.757,22.527,77.473,80.081,19.919,66.216
[SHELL] ccA:139,3486589301,443296,3.955,-35.282,0.000,-35.000,0.77218,0.59399,24.02,-8.231,-25.803,-8.231,-25.803,-8.152,-6.946,1.00000,74.342,11.136,-32.758
[SHELL] ccB:139,2147515597,1,30.833,-29.011,-1.822,65.375,19.724,80.276,76.757,22.527,77.473
[SHELL] ccA:140,3486699165,443297,4.344,-33.624,0.000,-35.000,0.55137,0.37319,23.70,-8.241,-25.836,-8.241,-25.836,-8.154,-6.947,1.00000,74.342,2.871,-35.302
[SHELL] ccB:140,22983,1,20.939,-35.209,14.270,53.523,18.474,81.526,65.375,19.724,80.276
[SHELL] ccA:141,3486809237,443298,3.444,-34.095,0.000,-35.000,0.31486,0.13669,23.77,-8.224,-25.827,-8.224,-25.827,-8.156,-6.947,1.00000,74.342,-3.103,-33.017
[SHELL] ccB:141,2147515629,1,7.275,-31.657,24.382,40.661,18.888,81.112,53.523,18.474,81.526
[SHELL] ccA:142,3486919333,443299,4.131,-33.624,0.000,-35.000,0.08982,6.19483,23.83,-8.240,-25.838,-8.240,-25.838,-8.158,-6.948,1.00000,74.342,19.856,-33.160
[SHELL] ccB:142,23067,1,22.751,-38.435,15.684,28.838,20.866,79.134,40.661,18.888,81.112
[SHELL] ccA:143,3487029353,443300,6.859,-33.586,0.000,-35.000,6.13249,5.95431,23.85,-8.298,-25.839,-8.298,-25.839,-8.161,-6.949,1.00000,74.342,-9.175,-35.008
[SHELL] ccB:143,2147515571,1,-14.327,-21.618,35.944,20.975,28.295,79.025,28.838,20.866,79.134
[SHELL] ctrlcap v1 armed=0 count=512 clock_hz=550000000 decimation=1
[SHELL] ccA:index,cycles,seq,id,iq,idref,iqref,theta,actangle,age_us,vdreq,vqreq,vd,vq,intd,intq,scale,bus,raw_id,raw_iq
[SHELL] ccB:index,timer,valid,ia,ib,ic,du,dv,dw,active_u,active_v,active_w
[SHELL] ccA:144,3487139389,443301,1.722,-34.929,0.000,-35.000,5.91611,5.73793,23.95,-8.196,-25.812,-8.196,-25.812,-8.162,-6.949,1.00000,74.342,5.380,-36.541
[SHELL] ccB:144,23095,1,-8.093,-27.163,35.256,19.046,39.440,80.954,20.975,28.295,79.025
[SHELL] ccA:145,3487249345,443302,1.327,-36.837,0.000,-35.000,5.69009,5.51191,23.85,-8.189,-25.773,-8.189,-25.773,-8.163,-6.948,1.00000,74.342,3.722,-39.260
[SHELL] ccB:145,2147515575,1,-18.857,-20.567,39.424,18.513,51.731,81.487,19.046,39.440,80.954
[SHELL] ccA:146,3487359341,443303,1.615,-37.206,0.000,-35.000,5.45647,5.27829,23.84,-8.196,-25.765,-8.196,-25.765,-8.163,-6.947,1.00000,74.342,-6.362,-33.765
[SHELL] ccB:146,23071,1,-29.150,-1.176,30.326,19.609,64.323,80.391,18.513,51.731,81.487
[SHELL] ccA:147,3487469397,443304,2.010,-34.964,0.000,-35.000,5.22745,5.04927,23.97,-8.205,-25.809,-8.205,-25.809,-8.164,-6.947,1.00000,74.342,17.044,-33.065
[SHELL] ccB:147,2147515549,1,-20.379,-16.761,37.140,22.231,75.934,77.769,19.609,64.323,80.391
[SHELL] ccA:148,3487579361,443305,4.884,-32.770,0.000,-35.000,4.99788,4.81977,23.84,-8.264,-25.854,-8.264,-25.854,-8.167,-6.948,1.00000,74.342,-8.190,-31.187
[SHELL] ccB:148,23081,1,-32.231,15.315,16.916,20.001,79.999,67.310,22.231,75.934,77.769
[SHELL] ccA:149,3487689333,443306,-0.145,-31.887,0.000,-35.000,4.77666,4.59848,23.83,-8.164,-25.874,-8.164,-25.874,-8.167,-6.949,1.00000,74.342,-1.245,-32.109
[SHELL] ccB:149,2147515581,1,-32.122,15.351,16.771,18.565,81.435,55.686,20.001,79.999,67.310
[SHELL] ccA:150,3487799401,443307,-2.025,-32.270,0.000,-35.000,4.54861,4.37043,23.95,-8.125,-25.867,-8.125,-25.867,-8.166,-6.951,1.00000,74.342,2.578,-33.675
[SHELL] ccB:150,23101,1,-33.645,19.374,14.270,18.652,81.348,43.303,18.565,81.435,55.686
[SHELL] ccA:151,3487909385,443308,-2.169,-33.157,0.000,-35.000,4.31925,4.14108,23.94,-8.121,-25.851,-8.121,-25.851,-8.165,-6.952,1.00000,74.342,-12.586,-33.168
[SHELL] ccB:151,2147515555,1,-25.816,33.980,-8.164,20.372,79.628,31.145,18.652,81.348,43.303
[SHELL] ccA:152,3488019365,443309,-3.433,-32.880,0.000,-35.000,4.08796,3.90978,23.85,-8.094,-25.857,-8.094,-25.857,-8.163,-6.953,1.00000,74.342,8.861,-31.511
[SHELL] ccB:152,23083,1,-30.745,25.101,5.644,25.494,78.214,21.786,20.372,79.628,31.145
[SHELL] ccA:153,3488129417,443310,-0.827,-33.122,0.000,-35.000,3.85613,3.67795,23.94,-8.146,-25.853,-8.146,-25.853,-8.163,-6.954,1.00000,74.342,-8.444,-36.300
[SHELL] ccB:153,2147515539,1,-17.407,37.242,-19.835,37.472,80.737,19.263,25.494,78.214,21.786
[SHELL] ccA:154,3488239361,443311,-2.105,-36.154,0.000,-35.000,3.63048,3.45230,23.87,-8.119,-25.792,-8.119,-25.792,-8.161,-6.953,1.00000,74.342,-0.393,-40.506
[SHELL] ccB:154,23081,1,-18.676,40.468,-21.792,49.688,81.499,18.501,37.472,80.737,19.263
[SHELL] ccA:155,3488349357,443312,0.732,-39.382,0.000,-35.000,3.40452,3.22637,23.92,-8.176,-25.725,-8.176,-25.725,-8.162,-6.951,1.00000,74.342,12.157,-40.216
[SHELL] ccB:155,2147515569,1,-22.192,41.990,-19.799,62.043,80.667,19.333,49.688,81.499,18.501
[SHELL] ccA:156,3488459281,443313,3.153,-39.281,0.000,-35.000,3.16382,2.98561,23.79,-8.226,-25.725,-8.226,-25.725,-8.163,-6.949,1.00000,74.342,-11.307,-36.185
[SHELL] ccB:156,23041,1,10.500,26.297,-36.797,74.461,78.115,21.885,62.043,80.667,19.333
[SHELL] ccA:157,3488569281,443314,-0.771,-36.837,0.000,-35.000,2.95432,2.77616,23.79,-8.148,-25.773,-8.148,-25.773,-8.163,-6.948,1.00000,74.342,7.372,-34.763
[SHELL] ccB:157,2147515607,1,-0.771,31.153,-30.382,79.293,70.005,20.707,74.461,78.115,21.885
[SHELL] ccA:158,3488679321,443315,-1.638,-36.182,0.000,-35.000,2.72153,2.54335,23.88,-8.129,-25.786,-8.129,-25.786,-8.162,-6.947,1.00000,74.342,-9.990,-39.018
[SHELL] ccB:158,23061,1,25.034,14.807,-39.842,81.172,57.804,18.828,79.293,70.005,20.707
[SHELL] ccA:159,3488789317,443316,-4.541,-38.062,0.000,-35.000,2.48769,2.30953,23.79,-8.069,-25.747,-8.069,-25.747,-8.160,-6.946,1.00000,74.342,-5.555,-39.448
[SHELL] ccB:159,2147515589,1,28.405,9.987,-38.392,81.308,45.184,18.692,81.172,57.804,18.828
[SHELL] ctrlcap v1 armed=0 count=512 clock_hz=550000000 decimation=1
[SHELL] ccA:index,cycles,seq,id,iq,idref,iqref,theta,actangle,age_us,vdreq,vqreq,vd,vq,intd,intq,scale,bus,raw_id,raw_iq
[SHELL] ccB:index,timer,valid,ia,ib,ic,du,dv,dw,active_u,active_v,active_w
[SHELL] ccA:160,3488899397,443317,-1.290,-39.484,0.000,-35.000,2.26363,2.08545,23.94,-8.134,-25.716,-8.134,-25.716,-8.159,-6.943,1.00000,74.342,15.942,-40.022
[SHELL] ccB:160,23099,1,20.612,22.455,-43.067,79.871,33.125,20.129,81.308,45.184,18.692
[SHELL] ccA:161,3489009433,443318,4.163,-39.902,0.000,-35.000,2.02925,1.85110,23.94,-8.245,-25.705,-8.245,-25.705,-8.161,-6.941,1.00000,74.342,-9.676,-40.117
[SHELL] ccB:161,2147515531,1,40.257,-12.267,-27.990,77.694,22.306,24.197,79.871,33.125,20.129
[SHELL] ccA:162,3489119413,443319,0.752,-38.490,0.000,-35.000,1.80944,1.63127,23.92,-8.177,-25.732,-8.177,-25.732,-8.162,-6.939,1.00000,73.902,6.419,-33.704
[SHELL] ccB:162,23107,1,31.232,-3.314,-27.917,80.439,19.561,35.046,77.694,22.306,24.197
[SHELL] ccA:163,3489229417,443320,0.617,-37.018,0.000,-35.000,1.57239,1.39421,23.91,-8.174,-25.760,-8.174,-25.760,-8.162,-6.938,1.00000,73.902,-0.696,-40.545
[SHELL] ccB:163,2147515539,1,40.547,-20.820,-19.726,81.645,18.355,47.821,80.439,19.561,35.046
[SHELL] ccA:164,3489339421,443321,-0.633,-37.679,0.000,-35.000,1.34380,1.16562,23.89,-8.149,-25.745,-8.149,-25.745,-8.162,-6.937,1.00000,74.342,-7.557,-35.920
[SHELL] ccB:164,23111,1,33.298,-30.026,-3.272,80.903,19.097,60.190,81.645,18.355,47.821
[SHELL] ccA:165,3489449517,443322,-0.205,-37.761,0.000,-35.000,1.11437,0.93618,23.97,-8.158,-25.742,-8.158,-25.742,-8.162,-6.935,1.00000,74.342,14.991,-38.658
[SHELL] ccB:165,2147515489,1,41.308,-23.756,-17.552,78.750,21.250,72.113,80.903,19.097,60.190
[SHELL] ccA:166,3489559297,443323,2.822,-36.738,0.000,-35.000,0.89387,0.71568,24.05,-8.219,-25.762,-8.219,-25.762,-8.163,-6.935,1.00000,74.342,-11.136,-33.718
[SHELL] ccB:166,23049,1,19.308,-35.463,16.155,71.590,21.070,78.930,78.750,21.250,72.113
[SHELL] ccA:167,3489669093,443324,-1.313,-34.683,0.000,-35.000,0.66057,0.48239,23.65,-8.136,-25.803,-8.136,-25.803,-8.162,-6.935,1.00000,74.342,2.028,-32.638
[SHELL] ccB:167,2147515701,1,21.627,-32.056,10.429,59.609,18.974,81.026,71.590,21.070,78.930
[SHELL] ccA:168,3489779141,443325,-0.782,-33.870,0.000,-35.000,0.42762,0.24944,23.69,-8.146,-25.820,-8.146,-25.820,-8.162,-6.935,1.00000,74.342,3.954,-36.484
[SHELL] ccB:168,22971,1,18.728,-36.695,17.967,46.932,18.510,81.490,59.609,18.974,81.026
[SHELL] ccA:169,3489889293,443326,-0.286,-35.261,0.000,-35.000,0.19611,0.01793,23.78,-8.156,-25.792,-8.156,-25.792,-8.162,-6.935,1.00000,74.342,-11.078,-35.437
[SHELL] ccB:169,2147515601,1,-3.961,-29.990,33.951,34.479,19.789,80.211,46.932,18.510,81.490
[SHELL] ccA:170,3489999261,443327,-2.070,-35.068,0.000,-35.000,6.24920,6.07104,23.77,-8.119,-25.796,-8.119,-25.796,-8.161,-6.935,1.00000,74.342,9.921,-32.915
[SHELL] ccB:170,23031,1,8.797,-33.179,24.382,23.026,22.615,77.385,34.479,19.789,80.211
[SHELL] ccA:171,3490109265,443328,-2.078,-34.339,0.000,-35.000,6.02674,5.84856,23.78,-8.118,-25.811,-8.118,-25.811,-8.160,-6.935,1.00000,74.342,-17.076,-36.087
[SHELL] ccB:171,2147515615,1,-25.671,-13.644,39.315,19.962,33.458,80.038,23.026,22.615,77.385
[SHELL] ccA:172,3490219253,443329,-7.564,-35.924,0.000,-35.000,5.79749,5.61931,23.77,-8.005,-25.779,-8.005,-25.779,-8.156,-6.935,1.00000,74.342,-6.025,-38.607
[SHELL] ccB:172,23027,1,-23.351,-15.456,38.808,18.662,45.526,81.338,19.962,33.458,80.038
[SHELL] ccA:173,3490329261,443330,-6.328,-38.387,0.000,-35.000,5.56403,5.38585,23.78,-8.026,-25.728,-8.026,-25.728,-8.153,-6.933,1.00000,74.342,3.816,-40.247
[SHELL] ccB:173,2147515617,1,-23.641,-16.580,40.221,18.969,58.263,81.031,18.662,45.526,81.338
[SHELL] ccA:174,3490439285,443331,-2.916,-37.990,0.000,-35.000,5.33840,5.16024,23.78,-8.093,-25.734,-8.093,-25.734,-8.151,-6.932,1.00000,74.342,-13.271,-32.861
[SHELL] ccB:174,23043,1,-34.406,9.842,24.564,20.821,70.212,79.179,18.969,58.263,81.031
[SHELL] ccA:175,3490549277,443332,-4.236,-34.622,0.000,-35.000,5.10222,4.92407,23.78,-8.065,-25.802,-8.065,-25.802,-8.149,-6.932,1.00000,74.342,5.782,-32.519
[SHELL] ccB:175,2147515609,1,-27.882,-1.394,29.275,21.407,78.593,72.854,20.821,70.212,79.179
[SHELL] ctrlcap v1 armed=0 count=512 clock_hz=550000000 decimation=1
[SHELL] ccA:index,cycles,seq,id,iq,idref,iqref,theta,actangle,age_us,vdreq,vqreq,vd,vq,intd,intq,scale,bus,raw_id,raw_iq
[SHELL] ccB:index,timer,valid,ia,ib,ic,du,dv,dw,active_u,active_v,active_w
[SHELL] ccA:176,3490659273,443333,-4.037,-32.634,0.000,-35.000,4.88814,4.70996,23.78,-8.067,-25.843,-8.067,-25.843,-8.147,-6.933,1.00000,74.342,-14.442,-32.637
[SHELL] ccB:176,23037,1,-34.659,24.702,9.957,19.213,80.787,61.847,21.407,78.593,72.854
[SHELL] ccA:177,3490769353,443334,-8.474,-32.789,0.000,-35.000,4.65601,4.47783,23.90,-7.974,-25.841,-7.974,-25.841,-8.143,-6.934,1.00000,74.342,-10.793,-33.363
[SHELL] ccB:177,2147515571,1,-32.702,27.312,5.391,18.499,81.501,49.440,19.213,80.787,61.847
[SHELL] ccA:178,3490879261,443335,-7.839,-33.581,0.000,-35.000,4.43016,4.25198,23.79,-7.982,-25.826,-7.982,-25.826,-8.139,-6.935,1.00000,74.342,4.672,-34.959
[SHELL] ccB:178,23031,1,-34.877,21.984,12.893,19.388,80.612,37.217,18.499,81.501,49.440
[SHELL] ccA:179,3490989261,443336,-4.961,-34.737,0.000,-35.000,4.19723,4.01906,23.79,-8.037,-25.803,-8.037,-25.803,-8.137,-6.935,1.00000,73.902,-18.397,-35.667
[SHELL] ccB:179,2147515617,1,-21.974,40.069,-18.095,21.789,78.211,25.074,19.388,80.612,37.217
[SHELL] ccA:180,3491099309,443337,-6.960,-34.674,0.000,-35.000,3.96156,3.78338,23.83,-7.994,-25.804,-7.994,-25.804,-8.133,-6.935,1.00000,73.902,4.283,-32.404
[SHELL] ccB:180,23055,1,-26.613,29.740,-3.127,31.644,79.830,20.170,21.789,78.211,25.074
[SHELL] ccA:181,3491209293,443338,-4.842,-34.958,0.000,-35.000,3.73998,3.56180,23.81,-8.034,-25.798,-8.034,-25.798,-8.131,-6.935,1.00000,74.342,-9.538,-39.358
[SHELL] ccB:181,2147515601,1,-14.290,39.961,-25.670,43.564,81.256,18.744,31.644,79.830,20.170
[SHELL] ccA:182,3491319301,443339,-6.625,-37.150,0.000,-35.000,3.51575,3.33757,23.81,-7.995,-25.753,-7.995,-25.753,-8.127,-6.934,1.00000,74.342,-11.708,-37.482
[SHELL] ccB:182,23051,1,-2.801,35.321,-32.520,55.704,81.240,18.760,43.564,81.256,18.744
[SHELL] ccA:183,3491429309,443340,-5.929,-38.520,0.000,-35.000,3.28708,3.10892,23.81,-8.006,-25.724,-8.006,-25.724,-8.124,-6.932,1.00000,74.342,9.241,-39.756
[SHELL] ccB:183,2147515593,1,-14.907,40.359,-25.453,67.840,79.646,20.354,55.704,81.240,18.760
[SHELL] ccA:184,3491539301,443341,-2.838,-38.645,0.000,-35.000,3.06222,2.88404,23.80,-8.066,-25.720,-8.066,-25.720,-8.123,-6.931,1.00000,74.342,-18.124,-37.585
[SHELL] ccB:184,23051,1,21.047,20.679,-41.726,77.769,75.392,22.231,67.840,79.646,20.354
[SHELL] ccA:185,3491649353,443342,-6.981,-37.626,0.000,-35.000,2.83357,2.65539,23.89,-7.980,-25.739,-7.980,-25.739,-8.120,-6.929,1.00000,74.342,-0.918,-35.576
[SHELL] ccB:185,2147515571,1,11.660,23.288,-34.949,80.334,63.997,19.666,77.769,75.392,22.231
[SHELL] ccA:186,3491759281,443343,-6.296,-37.786,0.000,-35.000,2.60642,2.42824,23.81,-7.990,-25.734,-7.990,-25.734,-8.116,-6.928,1.00000,74.342,-5.226,-42.406
[SHELL] ccB:186,23041,1,26.122,16.221,-42.342,81.374,51.782,18.626,80.334,63.997,19.666
[SHELL] ccA:187,3491869341,443344,-5.292,-39.806,0.000,-35.000,2.37557,2.19740,23.81,-8.008,-25.692,-8.008,-25.692,-8.114,-6.926,1.00000,74.342,-9.800,-38.836
[SHELL] ccB:187,2147515577,1,33.986,1.361,-35.347,80.729,39.258,19.271,81.374,51.782,18.626
[SHELL] ccA:188,3491979453,443345,-2.752,-38.989,0.000,-35.000,2.14775,1.96960,23.96,-8.057,-25.706,-8.057,-25.706,-8.112,-6.924,1.00000,73.902,13.820,-35.880
[SHELL] ccB:188,23127,1,22.533,15.714,-38.247,78.714,27.279,21.286,80.729,39.258,19.271
[SHELL] ccA:189,3492089433,443346,1.629,-36.929,0.000,-35.000,1.91152,1.73336,23.93,-8.146,-25.746,-8.146,-25.746,-8.113,-6.923,1.00000,73.902,-11.322,-37.121
[SHELL] ccB:189,2147515531,1,38.771,-17.885,-20.886,79.390,20.610,29.683,78.714,27.279,21.286
[SHELL] ccA:190,3492199385,443347,-2.493,-35.664,0.000,-35.000,1.69467,1.51649,23.93,-8.062,-25.771,-8.062,-25.771,-8.112,-6.922,1.00000,73.902,-1.145,-32.536
[SHELL] ccB:190,23093,1,32.428,-13.716,-18.711,81.208,18.792,40.938,79.390,20.610,29.683
[SHELL] ccA:191,3492309385,443348,-3.829,-34.816,0.000,-35.000,1.46209,1.28391,23.93,-8.033,-25.788,-8.033,-25.788,-8.110,-6.922,1.00000,73.902,-1.705,-37.072
[SHELL] ccB:191,2147515555,1,36.668,-23.285,-13.384,81.585,18.415,53.576,81.208,18.792,40.938
[SHELL] ctrlcap v1 armed=0 count=512 clock_hz=550000000 decimation=1
[SHELL] ccA:index,cycles,seq,id,iq,idref,iqref,theta,actangle,age_us,vdreq,vqreq,vd,vq,intd,intq,scale,bus,raw_id,raw_iq
[SHELL] ccB:index,timer,valid,ia,ib,ic,du,dv,dw,active_u,active_v,active_w
[SHELL] ccA:192,3492419393,443349,-4.242,-34.862,0.000,-35.000,1.23493,1.05675,23.92,-8.023,-25.787,-8.023,-25.787,-8.108,-6.922,1.00000,74.342,-12.413,-32.769
[SHELL] ccB:192,23097,1,26.846,-32.926,6.079,80.128,19.872,65.690,81.585,18.415,53.576
[SHELL] ccA:193,3492529361,443350,-4.655,-34.176,0.000,-35.000,1.01333,0.83515,23.83,-8.012,-25.801,-8.012,-25.801,-8.106,-6.923,1.00000,74.342,7.910,-34.094
[SHELL] ccB:193,2147515567,1,33.117,-26.366,-6.751,77.419,22.581,76.761,80.128,19.872,65.690
[SHELL] ccA:194,3492639157,443351,-2.651,-33.785,0.000,-35.000,0.78021,0.60203,23.86,-8.051,-25.810,-8.051,-25.810,-8.104,-6.923,1.00000,74.342,-14.011,-34.186
[SHELL] ccB:194,22979,1,14.089,-36.623,22.534,66.103,19.908,80.092,77.419,22.581,76.761
[SHELL] ccA:195,3492748981,443352,-5.307,-34.487,0.000,-35.000,0.55501,0.37682,23.52,-7.995,-25.796,-7.995,-25.796,-8.102,-6.924,1.00000,74.342,-1.115,-35.481
[SHELL] ccB:195,2147515757,1,17.749,-35.499,17.750,54.152,18.631,81.369,66.103,19.908,80.092
[SHELL] ccA:196,3492859061,443353,-2.193,-35.103,0.000,-35.000,0.32701,0.14881,23.57,-8.057,-25.784,-8.057,-25.784,-8.100,-6.924,1.00000,74.342,7.471,-35.263
[SHELL] ccB:196,22931,1,18.402,-36.043,17.641,41.637,18.904,81.096,54.152,18.631,81.369
[SHELL] ccA:197,3492969009,443354,0.237,-35.338,0.000,-35.000,0.09788,6.20295,23.62,-8.105,-25.779,-8.105,-25.779,-8.101,-6.923,1.00000,74.342,-12.877,-35.346
[SHELL] ccB:197,2147515743,1,-9.361,-26.873,36.234,29.529,20.823,79.177,41.637,18.904,81.096
[SHELL] ccA:198,3493078881,443355,-2.629,-34.430,0.000,-35.000,6.15969,5.98151,23.42,-8.047,-25.797,-8.047,-25.797,-8.099,-6.924,1.00000,74.342,7.767,-31.765
[SHELL] ccB:198,22841,1,3.795,-30.026,26.231,21.561,26.620,78.439,29.529,20.823,79.177
[SHELL] ccA:199,3493188957,443356,-2.133,-34.422,0.000,-35.000,5.92982,5.75164,23.54,-8.056,-25.798,-8.056,-25.798,-8.098,-6.924,1.00000,74.342,-11.191,-38.814
[SHELL] ccB:199,2147515769,1,-23.931,-16.217,40.149,19.228,38.473,80.772,21.561,26.620,78.439
[SHELL] ccA:200,3493298881,443357,-4.006,-36.933,0.000,-35.000,5.70085,5.52267,23.42,-8.016,-25.747,-8.016,-25.747,-8.096,-6.923,1.00000,74.342,-1.410,-38.340
[SHELL] ccB:200,22841,1,-22.264,-15.927,38.191,18.591,50.824,81.409,19.228,38.473,80.772
[SHELL] ccA:201,3493408965,443358,0.320,-38.276,0.000,-35.000,5.47260,5.29442,23.56,-8.103,-25.718,-8.103,-25.718,-8.096,-6.921,1.00000,74.342,15.293,-37.612
[SHELL] ccB:201,2147515765,1,-16.719,-23.684,40.402,19.540,63.291,80.460,18.591,50.824,81.409
[SHELL] ccA:202,3493518901,443359,5.390,-36.423,0.000,-35.000,5.24900,5.07082,23.45,-8.207,-25.754,-8.207,-25.754,-8.099,-6.921,1.00000,74.342,-7.615,-32.129
[SHELL] ccB:202,22851,1,-31.506,7.196,24.310,21.978,74.878,78.022,19.540,63.291,80.460
[SHELL] ccA:203,3493628925,443360,2.681,-32.978,0.000,-35.000,5.01753,4.83932,23.53,-8.154,-25.824,-8.154,-25.824,-8.100,-6.922,1.00000,73.902,10.659,-30.044
[SHELL] ccB:203,2147515785,1,-25.453,-3.894,29.348,20.132,79.868,68.574,21.978,74.878,78.022
[SHELL] ccA:204,3493738941,443361,2.514,-31.337,0.000,-35.000,4.79453,4.61635,23.53,-8.152,-25.859,-8.152,-25.859,-8.102,-6.924,1.00000,74.342,-3.648,-33.131
[SHELL] ccB:204,22871,1,-33.318,17.453,15.865,18.650,81.350,56.667,20.132,79.868,68.574
[SHELL] ccA:205,3493848897,443362,-0.496,-32.492,0.000,-35.000,4.56576,4.38760,23.44,-8.092,-25.837,-8.092,-25.837,-8.101,-6.925,1.00000,74.342,-5.347,-33.663
[SHELL] ccB:205,2147515799,1,-32.521,25.101,7.420,18.633,81.367,44.291,18.650,81.350,56.667
[SHELL] ccA:206,3493958937,443363,-0.392,-33.403,0.000,-35.000,4.33940,4.16120,23.53,-8.093,-25.820,-8.093,-25.820,-8.101,-6.926,1.00000,74.342,12.775,-33.154
[SHELL] ccB:206,22869,1,-35.529,17.924,17.605,20.194,79.806,32.239,18.633,81.367,44.291
[SHELL] ccA:207,3494068909,443364,2.288,-33.252,0.000,-35.000,4.11392,3.93574,23.44,-8.148,-25.824,-8.148,-25.824,-8.102,-6.927,1.00000,74.342,-11.052,-33.036
[SHELL] ccB:207,2147515793,1,-21.068,34.560,-13.492,24.359,77.855,22.145,20.194,79.806,32.239
[SHELL] ctrlcap v1 armed=0 count=512 clock_hz=550000000 decimation=1
[SHELL] ccA:index,cycles,seq,id,iq,idref,iqref,theta,actangle,age_us,vdreq,vqreq,vd,vq,intd,intq,scale,bus,raw_id,raw_iq
[SHELL] ccB:index,timer,valid,ia,ib,ic,du,dv,dw,active_u,active_v,active_w
[SHELL] ccA:208,3494178833,443365,-0.401,-32.969,0.000,-35.000,3.89021,3.71204,23.39,-8.094,-25.830,-8.094,-25.830,-8.102,-6.928,1.00000,74.342,7.725,-32.649
[SHELL] ccB:208,22817,1,-27.882,30.102,-2.221,35.602,80.418,19.582,24.359,77.855,22.145
[SHELL] ccA:209,3494288909,443366,2.305,-33.718,0.000,-35.000,3.65408,3.47590,23.39,-8.149,-25.816,-8.149,-25.816,-8.103,-6.928,1.00000,74.342,4.822,-36.539
[SHELL] ccB:209,2147515793,1,-22.119,36.590,-14.471,48.441,81.524,18.476,35.602,80.418,19.582
[SHELL] ccA:210,3494398893,443367,4.241,-35.089,0.000,-35.000,3.42596,3.24781,23.48,-8.190,-25.788,-8.190,-25.788,-8.105,-6.928,1.00000,74.342,-0.406,-34.628
[SHELL] ccB:210,22847,1,-9.325,33.545,-24.221,60.916,80.884,19.116,48.441,81.524,18.476
[SHELL] ccA:211,3494508877,443368,6.716,-35.899,0.000,-35.000,3.19488,3.01667,23.47,-8.243,-25.772,-8.243,-25.772,-8.109,-6.928,1.00000,74.342,22.856,-37.803
[SHELL] ccB:211,2147515809,1,-24.837,44.056,-19.219,72.982,78.592,21.408,60.916,80.884,19.116
[SHELL] ccA:212,3494618897,443369,9.603,-36.046,0.000,-35.000,2.96737,2.78919,23.46,-8.306,-25.768,-8.306,-25.768,-8.114,-6.927,1.00000,74.342,-6.894,-33.951
[SHELL] ccB:212,22849,1,12.675,21.585,-34.260,79.254,70.414,20.746,72.982,78.592,21.408
[SHELL] ccA:213,3494729133,443370,3.554,-34.783,0.000,-35.000,2.74329,2.56511,23.39,-8.186,-25.794,-8.186,-25.794,-8.115,-6.927,1.00000,74.342,5.150,-33.426
[SHELL] ccB:213,2147515681,1,8.217,24.303,-32.520,81.105,58.882,18.895,79.254,70.414,20.746
[SHELL] ccA:214,3494839521,443371,2.845,-34.386,0.000,-35.000,2.51238,2.33419,24.00,-8.174,-25.802,-8.174,-25.802,-8.117,-6.928,1.00000,74.342,7.974,-36.741
[SHELL] ccB:214,23161,1,15.176,22.201,-37.377,81.459,46.344,18.541,81.105,58.882,18.895
[SHELL] ccA:215,3494949565,443372,4.149,-35.208,0.000,-35.000,2.29055,2.11237,24.09,-8.202,-25.785,-8.202,-25.785,-8.119,-6.927,1.00000,74.342,-4.503,-33.923
[SHELL] ccB:215,2147515465,1,28.477,2.195,-30.672,80.205,34.389,19.795,81.459,46.344,18.541
[SHELL] ccA:216,3495059577,443373,4.528,-33.960,0.000,-35.000,2.06369,1.88553,24.06,-8.212,-25.811,-8.212,-25.811,-8.121,-6.928,1.00000,74.342,19.147,-31.254
[SHELL] ccB:216,23189,1,18.474,18.178,-36.652,77.431,22.993,22.569,80.205,34.389,19.795
[SHELL] ccA:217,3495169601,443374,7.392,-32.371,0.000,-35.000,1.82689,1.64871,24.11,-8.273,-25.844,-8.273,-25.844,-8.125,-6.929,1.00000,74.342,-4.224,-33.052
[SHELL] ccB:217,2147515447,1,33.044,-12.810,-20.234,80.276,19.724,34.253,77.431,22.993,22.569
[SHELL] ccA:218,3495279621,443375,4.059,-32.721,0.000,-35.000,1.60221,1.42402,24.14,-8.208,-25.838,-8.208,-25.838,-8.127,-6.930,1.00000,74.342,5.537,-33.524
[SHELL] ccB:218,23211,1,33.334,-10.962,-22.372,81.506,18.494,46.216,80.276,19.724,34.253
[SHELL] ccA:219,3495389609,443376,5.255,-34.849,0.000,-35.000,1.37399,1.19581,24.14,-8.235,-25.796,-8.235,-25.796,-8.129,-6.931,1.00000,74.342,14.168,-39.296
[SHELL] ccB:219,2147515443,1,41.308,-15.275,-26.033,81.139,18.861,58.726,81.506,18.494,46.216
[SHELL] ccA:220,3495499697,443377,6.569,-36.092,0.000,-35.000,1.13951,0.96136,24.17,-8.264,-25.770,-8.264,-25.770,-8.133,-6.930,1.00000,74.342,-7.599,-32.251
[SHELL] ccB:220,23249,1,26.122,-30.715,4.593,79.084,20.916,71.071,81.139,18.861,58.726
[SHELL] ccA:221,3495609481,443378,3.134,-33.810,0.000,-35.000,0.91894,0.74081,24.23,-8.197,-25.816,-8.197,-25.816,-8.134,-6.931,1.00000,74.342,13.566,-31.442
[SHELL] ccB:221,2147515507,1,33.225,-23.792,-9.433,72.950,21.363,78.637,79.084,20.916,71.071
[SHELL] ccA:222,3495719173,443379,4.289,-31.973,0.000,-35.000,0.68598,0.50782,23.67,-8.222,-25.855,-8.222,-25.855,-8.136,-6.932,1.00000,74.342,-2.377,-32.755
[SHELL] ccB:222,22987,1,18.909,-32.708,13.799,60.871,19.024,80.976,72.950,21.363,78.637
[SHELL] ccA:223,3495829193,443380,2.988,-32.745,0.000,-35.000,0.46162,0.28346,23.75,-8.198,-25.840,-8.198,-25.840,-8.138,-6.933,1.00000,74.342,3.139,-34.029
[SHELL] ccB:223,2147515651,1,17.967,-34.158,16.191,48.702,18.428,81.572,60.871,19.024,80.976
[SHELL] ctrlcap v1 armed=0 count=512 clock_hz=550000000 decimation=1
[SHELL] ccA:index,cycles,seq,id,iq,idref,iqref,theta,actangle,age_us,vdreq,vqreq,vd,vq,intd,intq,scale,bus,raw_id,raw_iq
[SHELL] ccB:index,timer,valid,ia,ib,ic,du,dv,dw,active_u,active_v,active_w
[SHELL] ccA:224,3495939277,443381,5.567,-33.729,0.000,-35.000,0.22469,0.04657,23.67,-8.252,-25.821,-8.252,-25.821,-8.141,-6.934,1.00000,74.342,18.369,-34.103
[SHELL] ccB:224,23039,1,25.505,-38.000,12.494,35.793,19.505,80.495,48.702,18.428,81.572
[SHELL] ccA:225,3496049553,443382,8.566,-34.081,0.000,-35.000,0.00056,6.10485,24.23,-8.316,-25.894,-8.316,-25.894,-8.145,-6.934,1.00000,74.342,-5.611,-34.088
[SHELL] ccB:225,2147515471,1,-5.592,-26.728,32.320,24.218,22.033,77.967,35.793,19.505,80.495
[SHELL] ccA:226,3496159321,443383,4.793,-33.363,0.000,-35.000,6.05947,5.88054,23.82,-8.243,-25.909,-8.243,-25.909,-8.147,-6.935,1.00000,74.342,12.026,-31.175
[SHELL] ccB:226,23061,1,4.810,-31.041,26.231,20.104,31.886,79.896,24.218,22.033,77.967
[SHELL] ccA:227,3496269373,443384,4.403,-33.475,0.000,-35.000,5.82767,5.64874,23.92,-8.238,-25.907,-8.238,-25.907,-8.150,-6.936,1.00000,74.342,-0.831,-37.461
[SHELL] ccB:227,2147515561,1,-17.226,-20.204,37.430,18.505,44.257,81.495,20.104,31.886,79.896
[SHELL] ccA:228,3496379385,443385,3.005,-36.208,0.000,-35.000,5.59411,5.41516,23.96,-8.211,-25.852,-8.211,-25.852,-8.151,-6.935,1.00000,74.342,1.657,-38.738
[SHELL] ccB:228,23093,1,-23.351,-15.130,38.481,18.662,57.006,81.338,18.505,44.257,81.495
[SHELL] ccA:229,3496489337,443386,6.851,-38.465,0.000,-35.000,5.36956,5.19062,23.83,-8.292,-25.805,-8.292,-25.805,-8.155,-6.934,1.00000,74.342,24.919,-38.925
[SHELL] ccB:229,2147515579,1,-15.595,-29.881,45.476,20.408,69.074,79.592,18.662,57.006,81.338
[SHELL] ccA:230,3496599389,443387,11.766,-37.431,0.000,-35.000,5.14862,4.96967,23.95,-8.396,-25.825,-8.396,-25.825,-8.160,-6.932,1.00000,74.342,-4.430,-33.136
[SHELL] ccB:230,23095,1,-31.905,7.305,24.600,21.747,78.253,74.646,20.408,69.074,79.592
[SHELL] ccA:231,3496709337,443388,7.087,-34.472,0.000,-35.000,4.91117,4.73225,23.83,-8.306,-25.884,-8.306,-25.884,-8.164,-6.933,1.00000,74.342,12.288,-32.692
[SHELL] ccB:231,2147515579,1,-29.622,-1.212,30.834,19.188,80.812,62.662,21.747,78.253,74.646
[SHELL] ccA:232,3496819373,443389,6.458,-33.332,0.000,-35.000,4.68568,4.50677,23.93,-8.296,-25.908,-8.296,-25.908,-8.167,-6.933,1.00000,74.342,5.685,-34.810
[SHELL] ccB:232,23087,1,-34.949,13.358,21.592,18.311,81.689,50.443,19.188,80.812,62.662
[SHELL] ccA:233,3496929345,443390,5.237,-34.052,0.000,-35.000,4.45165,4.27273,23.82,-8.275,-25.894,-8.275,-25.894,-8.170,-6.934,1.00000,74.342,-2.712,-33.895
[SHELL] ccB:233,2147515575,1,-32.050,25.862,6.188,19.134,80.866,37.743,18.311,81.689,50.443
[SHELL] ccA:234,3497039397,443391,4.851,-34.366,0.000,-35.000,4.22720,4.04830,23.95,-8.269,-25.888,-8.269,-25.888,-8.172,-6.934,1.00000,74.342,19.143,-34.866
[SHELL] ccB:234,23099,1,-39.770,19.302,20.468,21.489,78.511,26.165,19.134,80.866,37.743
[SHELL] ccA:235,3497149341,443392,6.495,-35.151,0.000,-35.000,4.00024,3.82132,23.83,-8.305,-25.872,-8.305,-25.872,-8.176,-6.934,1.00000,74.342,-9.595,-36.977
[SHELL] ccB:235,2147515577,1,-21.720,38.076,-16.356,30.220,79.522,20.478,21.489,78.511,26.165
[SHELL] ccA:236,3497259425,443393,1.784,-36.027,0.000,-35.000,3.76652,3.58763,23.99,-8.212,-25.854,-8.212,-25.854,-8.176,-6.934,1.00000,74.342,7.181,-35.287
[SHELL] ccB:236,23113,1,-26.468,34.379,-7.911,42.445,81.298,18.702,30.220,79.522,20.478
[SHELL] ccA:237,3497369361,443394,3.652,-37.762,0.000,-35.000,3.54048,3.36156,23.86,-8.251,-25.818,-8.251,-25.818,-8.178,-6.932,1.00000,74.342,9.840,-43.496
[SHELL] ccB:237,2147515567,1,-25.961,44.382,-18.421,54.881,81.449,18.551,42.445,81.298,18.702
[SHELL] ccA:238,3497479393,443395,5.658,-39.200,0.000,-35.000,3.31486,3.13592,23.93,-8.294,-25.787,-8.294,-25.787,-8.181,-6.930,1.00000,74.342,-4.228,-34.520
[SHELL] ccB:238,23097,1,-1.786,30.972,-29.186,67.030,79.985,20.015,54.881,81.449,18.551
[SHELL] ccA:239,3497589417,443396,5.262,-37.125,0.000,-35.000,3.07684,2.89792,23.96,-8.289,-25.828,-8.289,-25.828,-8.184,-6.929,1.00000,74.342,19.667,-35.962
[SHELL] ccB:239,2147515539,1,-17.299,40.830,-23.532,77.836,75.901,22.164,67.030,79.985,20.015
[SHELL] ctrlcap v1 armed=0 count=512 clock_hz=550000000 decimation=1
[SHELL] ccA:index,cycles,seq,id,iq,idref,iqref,theta,actangle,age_us,vdreq,vqreq,vd,vq,intd,intq,scale,bus,raw_id,raw_iq
[SHELL] ccB:index,timer,valid,ia,ib,ic,du,dv,dw,active_u,active_v,active_w
[SHELL] ccA:240,3497699345,443397,7.490,-35.843,0.000,-35.000,2.84904,2.67012,23.85,-8.337,-25.853,-8.337,-25.853,-8.187,-6.929,1.00000,74.342,-5.144,-36.927
[SHELL] ccB:240,23073,1,15.575,21.549,-37.123,80.549,64.290,19.451,77.836,75.901,22.164
[SHELL] ccA:241,3497809409,443398,3.512,-37.215,0.000,-35.000,2.60122,2.42230,23.95,-8.259,-25.824,-8.259,-25.824,-8.189,-6.928,1.00000,74.342,4.670,-39.044
[SHELL] ccB:241,2147515543,1,16.082,23.035,-39.117,81.579,51.004,18.421,80.549,64.290,19.451
[SHELL] ccA:242,3497919437,443399,4.647,-39.155,0.000,-35.000,2.40972,2.23079,23.96,-8.284,-25.783,-8.284,-25.783,-8.192,-6.925,1.00000,74.342,14.393,-41.607
[SHELL] ccB:242,23119,1,17.097,26.587,-43.683,81.069,40.513,18.931,81.579,51.004,18.421
[SHELL] ccA:243,3498029497,443400,6.138,-39.923,0.000,-35.000,2.16665,1.98773,24.01,-8.317,-25.765,-8.317,-25.765,-8.195,-6.923,1.00000,74.342,-8.903,-37.434
[SHELL] ccB:243,2147515499,1,35.980,-6.178,-29.802,78.813,27.779,21.187,81.069,40.513,18.931
[SHELL] ccA:244,3498139489,443401,2.796,-37.720,0.000,-35.000,1.93060,1.75171,23.97,-8.252,-25.808,-8.252,-25.808,-8.196,-6.922,1.00000,74.342,14.597,-34.406
[SHELL] ccB:244,23145,1,27.064,8.791,-35.855,79.133,20.867,28.960,78.813,27.779,21.187
[SHELL] ccA:245,3498249529,443402,4.093,-35.453,0.000,-35.000,1.71196,1.53304,24.06,-8.280,-25.853,-8.280,-25.853,-8.198,-6.921,1.00000,74.342,-3.917,-35.565
[SHELL] ccB:245,2147515483,1,35.762,-16.906,-18.856,81.136,18.864,40.415,79.133,20.867,28.960
[SHELL] ccA:246,3498359501,443403,1.319,-35.267,0.000,-35.000,1.47380,1.29489,23.97,-8.225,-25.857,-8.225,-25.857,-8.199,-6.921,1.00000,74.342,-1.488,-35.530
[SHELL] ccB:246,23151,1,35.219,-21.871,-13.347,81.551,18.449,53.299,81.136,18.864,40.415
[SHELL] ccA:247,3498469529,443404,3.363,-36.728,0.000,-35.000,1.23937,1.06045,24.07,-8.268,-25.827,-8.268,-25.827,-8.200,-6.920,1.00000,74.342,20.343,-40.288
[SHELL] ccB:247,2147515483,1,44.715,-17.051,-27.664,80.211,19.789,65.990,81.551,18.449,53.299
[SHELL] ccA:248,3498579577,443405,7.869,-37.256,0.000,-35.000,1.01887,0.83998,24.06,-8.362,-25.815,-8.362,-25.815,-8.204,-6.919,1.00000,74.342,-7.723,-32.921
[SHELL] ccB:248,23189,1,23.983,-32.636,8.653,77.425,22.575,77.227,80.211,19.789,65.990
[SHELL] ccA:249,3498689361,443406,2.897,-34.763,0.000,-35.000,0.79302,0.61407,24.14,-8.264,-25.865,-8.264,-25.865,-8.206,-6.919,1.00000,74.342,6.691,-32.922
[SHELL] ccB:249,2147515567,1,28.151,-29.954,1.803,66.443,19.827,80.173,77.425,22.575,77.227
[SHELL] ccA:250,3498799157,443407,1.251,-33.457,0.000,-35.000,0.55779,0.37887,23.68,-8.231,-25.892,-8.231,-25.892,-8.206,-6.920,1.00000,74.342,-0.655,-35.062
[SHELL] ccB:250,22979,1,18.003,-35.064,17.061,53.892,18.430,81.570,66.443,19.827,80.173
[SHELL] ccA:251,3498909153,443408,0.317,-34.538,0.000,-35.000,0.32597,0.14705,23.65,-8.213,-25.871,-8.213,-25.871,-8.207,-6.920,1.00000,74.342,-4.111,-35.105
[SHELL] ccB:251,2147515671,1,7.347,-33.614,26.267,41.256,18.786,81.214,53.892,18.430,81.570
[SHELL] ccA:252,3499019373,443409,2.268,-34.706,0.000,-35.000,0.10058,6.20484,23.88,-8.253,-25.867,-8.253,-25.867,-8.208,-6.921,1.00000,74.342,17.950,-33.552
[SHELL] ccB:252,23087,1,21.229,-37.964,16.735,29.314,20.711,79.289,41.256,18.786,81.214
[SHELL] ccA:253,3499129329,443410,4.845,-34.761,0.000,-35.000,6.15519,5.97627,23.84,-8.307,-25.866,-8.307,-25.866,-8.210,-6.921,1.00000,74.342,-12.409,-36.834
[SHELL] ccB:253,2147515583,1,-17.009,-21.763,38.771,21.227,27.172,78.773,29.314,20.711,79.289
[SHELL] ccA:254,3499239389,443411,-1.172,-35.778,0.000,-35.000,5.92566,5.74674,23.93,-8.186,-25.846,-8.186,-25.846,-8.210,-6.920,1.00000,74.342,2.177,-35.892
[SHELL] ccB:254,23095,1,-10.521,-24.517,35.038,19.073,38.917,80.927,21.227,27.172,78.773
[SHELL] ccA:255,3499349325,443412,-1.526,-37.534,0.000,-35.000,5.70772,5.52880,23.84,-8.178,-25.809,-8.178,-25.809,-8.209,-6.919,1.00000,74.342,1.949,-41.517
[SHELL] ccB:255,2147515585,1,-20.959,-20.603,41.562,18.464,50.768,81.536,19.073,38.917,80.927
[SHELL] ctrlcap v1 armed=0 count=512 clock_hz=550000000 decimation=1
[SHELL] ccA:index,cycles,seq,id,iq,idref,iqref,theta,actangle,age_us,vdreq,vqreq,vd,vq,intd,intq,scale,bus,raw_id,raw_iq
[SHELL] ccB:index,timer,valid,ia,ib,ic,du,dv,dw,active_u,active_v,active_w
[SHELL] ccA:256,3499459373,443413,-0.271,-38.523,0.000,-35.000,5.47065,5.29171,23.90,-8.203,-25.788,-8.203,-25.788,-8.209,-6.917,1.00000,74.342,-7.160,-35.165
[SHELL] ccB:256,23087,1,-30.455,-1.212,31.667,19.474,63.628,80.526,18.464,50.768,81.536
[SHELL] ccA:257,3499569389,443414,1.703,-36.656,0.000,-35.000,5.24351,5.06459,23.94,-8.244,-25.824,-8.244,-25.824,-8.209,-6.916,1.00000,74.342,19.182,-34.777
[SHELL] ccB:257,2147515553,1,-20.271,-19.443,39.714,21.995,75.277,78.005,19.474,63.628,80.526
[SHELL] ccA:258,3499679345,443415,6.262,-34.104,0.000,-35.000,5.01609,4.83718,23.85,-8.338,-25.876,-8.338,-25.876,-8.213,-6.917,1.00000,74.342,-6.157,-31.695
[SHELL] ccB:258,23073,1,-32.086,12.923,19.163,20.108,79.892,68.121,21.995,75.277,78.005
[SHELL] ccA:259,3499789377,443416,1.831,-32.192,0.000,-35.000,4.78386,4.60495,23.91,-8.250,-25.915,-8.250,-25.915,-8.214,-6.918,1.00000,74.342,0.456,-30.602
[SHELL] ccB:259,2147515559,1,-30.491,12.959,17.532,18.502,81.498,55.912,20.108,79.892,68.121
[SHELL] ccA:260,3499899337,443417,0.168,-31.653,0.000,-35.000,4.55531,4.37638,23.84,-8.217,-25.928,-8.217,-25.928,-8.214,-6.920,1.00000,74.342,5.916,-33.714
[SHELL] ccB:260,23069,1,-34.224,16.620,17.605,18.541,81.459,43.468,18.502,81.498,55.912
[SHELL] ccA:261,3500009333,443418,0.304,-32.495,0.000,-35.000,4.32909,4.15019,23.83,-8.220,-25.912,-8.220,-25.912,-8.214,-6.921,1.00000,74.342,-11.074,-31.950
[SHELL] ccB:261,2147515581,1,-25.490,31.987,-6.497,20.206,79.794,31.409,18.541,81.459,43.468
[SHELL] ccA:262,3500119365,443419,-1.631,-32.179,0.000,-35.000,4.09323,3.91430,23.83,-8.180,-25.920,-8.180,-25.920,-8.213,-6.923,1.00000,74.342,9.708,-31.102
[SHELL] ccB:262,23083,1,-30.963,24.267,6.695,25.309,78.272,21.728,20.206,79.794,31.409
[SHELL] ccA:263,3500229429,443420,0.008,-32.460,0.000,-35.000,3.86772,3.68882,23.96,-8.213,-25.916,-8.213,-25.916,-8.213,-6.924,1.00000,74.342,-8.310,-35.684
[SHELL] ccB:263,2147515533,1,-17.480,36.626,-19.146,36.944,80.759,19.241,25.309,78.272,21.728
[SHELL] ccA:264,3500339385,443421,-2.179,-35.606,0.000,-35.000,3.63802,3.45908,23.88,-8.168,-25.852,-8.168,-25.852,-8.212,-6.924,1.00000,74.342,-1.803,-39.952
[SHELL] ccB:264,23093,1,-17.444,39.888,-22.445,49.374,81.581,18.419,36.944,80.759,19.241
[SHELL] ccA:265,3500449445,443422,-0.036,-39.877,0.000,-35.000,3.40333,3.22440,24.00,-8.211,-25.765,-8.211,-25.765,-8.212,-6.921,1.00000,74.342,11.772,-43.919
[SHELL] ccB:265,2147515525,1,-22.735,45.470,-22.735,62.211,80.702,19.298,49.374,81.581,18.419
[SHELL] ccA:266,3500559413,443423,2.141,-41.062,0.000,-35.000,3.18286,3.00392,23.97,-8.256,-25.738,-8.256,-25.738,-8.213,-6.918,1.00000,74.342,-13.175,-36.459
[SHELL] ccB:266,23107,1,11.660,26.188,-37.848,73.627,78.379,21.621,62.211,80.702,19.298
[SHELL] ccA:267,3500669417,443424,-2.258,-37.629,0.000,-35.000,2.95956,2.78064,23.97,-8.167,-25.805,-8.167,-25.805,-8.212,-6.917,1.00000,74.342,5.546,-33.678
[SHELL] ccB:267,2147515539,1,0.642,29.232,-29.875,79.284,70.244,20.716,73.627,78.379,21.621
[SHELL] ccA:268,3500779361,443425,-2.694,-35.806,0.000,-35.000,2.72904,2.55009,23.87,-8.157,-25.841,-8.157,-25.841,-8.210,-6.916,1.00000,74.342,-8.693,-39.411
[SHELL] ccB:268,23081,1,23.766,16.366,-40.132,81.213,58.168,18.787,79.284,70.244,20.716
[SHELL] ccA:269,3500889409,443426,-3.500,-38.023,0.000,-35.000,2.49732,2.31841,23.87,-8.139,-25.795,-8.139,-25.795,-8.209,-6.915,1.00000,74.342,-2.159,-39.592
[SHELL] ccB:269,2147515543,1,25.505,13.539,-39.044,81.405,45.551,18.595,81.213,58.168,18.787
[SHELL] ccA:270,3500999517,443427,1.607,-39.488,0.000,-35.000,2.27289,2.09399,24.05,-8.242,-25.764,-8.242,-25.764,-8.209,-6.913,1.00000,74.342,19.437,-39.356
[SHELL] ccB:270,23159,1,17.495,26.115,-43.611,80.009,33.350,19.991,81.405,45.551,18.595
[SHELL] ccA:271,3501126853,443428,7.931,-38.820,0.000,-35.000,2.01078,1.81453,26.89,-8.372,-25.775,-8.372,-25.775,-8.213,-6.911,1.00000,74.342,-4.992,-36.977
[SHELL] ccB:271,2147506821,1,35.581,-8.062,-27.519,78.382,21.618,26.055,80.009,33.350,19.991
[SHELL] ctrlcap v1 armed=0 count=512 clock_hz=550000000 decimation=1
[SHELL] ccA:index,cycles,seq,id,iq,idref,iqref,theta,actangle,age_us,vdreq,vqreq,vd,vq,intd,intq,scale,bus,raw_id,raw_iq
[SHELL] ccB:index,timer,valid,ia,ib,ic,du,dv,dw,active_u,active_v,active_w
[SHELL] ccA:272,3501219581,443429,4.955,-36.584,0.000,-35.000,1.84113,1.66224,24.08,-8.315,-25.819,-8.315,-25.819,-8.216,-6.910,1.00000,74.342,10.365,-33.025
[SHELL] ccB:272,23191,1,29.057,1.760,-30.817,80.155,19.845,33.644,78.382,21.618,26.055
[SHELL] ccA:273,3501329521,443430,2.091,-34.781,0.000,-35.000,1.59006,1.41120,23.98,-8.259,-25.855,-8.259,-25.855,-8.217,-6.910,1.00000,74.342,-7.376,-36.098
[SHELL] ccB:273,2147515487,1,36.234,-23.901,-12.333,81.571,18.429,46.999,80.155,19.845,33.644
[SHELL] ccA:274,3501439521,443431,-3.026,-35.115,0.000,-35.000,1.35159,1.17267,24.04,-8.155,-25.849,-8.155,-25.849,-8.215,-6.910,1.00000,74.342,-7.717,-35.239
[SHELL] ccB:274,23161,1,32.718,-29.519,-3.199,81.064,18.936,59.798,81.571,18.429,46.999
[SHELL] ccA:275,3501549613,443432,-1.274,-35.953,0.000,-35.000,1.12720,0.94829,24.11,-8.189,-25.831,-8.189,-25.831,-8.215,-6.910,1.00000,74.342,17.713,-37.237
[SHELL] ccB:275,2147515441,1,41.235,-20.603,-20.632,79.002,20.998,71.590,81.064,18.936,59.798
[SHELL] ccA:276,3501659325,443433,5.027,-35.539,0.000,-35.000,0.90124,0.72231,24.05,-8.318,-25.839,-8.318,-25.839,-8.217,-6.909,1.00000,74.342,-7.603,-32.445
[SHELL] ccB:276,23063,1,20.721,-32.962,12.241,71.877,21.010,78.990,79.002,20.998,71.590
[SHELL] ccA:277,3501769117,443434,2.560,-33.681,0.000,-35.000,0.66479,0.48585,23.62,-8.270,-25.877,-8.270,-25.877,-8.219,-6.910,1.00000,74.342,7.731,-32.598
[SHELL] ccB:277,2147515689,1,26.194,-31.186,4.992,59.626,18.845,81.155,71.877,21.010,78.990
[SHELL] ccA:278,3501879201,443435,4.042,-33.107,0.000,-35.000,0.43417,0.25524,23.75,-8.301,-25.890,-8.301,-25.890,-8.221,-6.911,1.00000,74.342,8.308,-34.787
[SHELL] ccB:278,23001,1,22.171,-35.390,13.219,46.982,18.376,81.624,59.626,18.845,81.155
[SHELL] ccA:279,3501989293,443436,4.429,-33.909,0.000,-35.000,0.20920,0.03029,23.72,-8.311,-25.874,-8.311,-25.874,-8.223,-6.911,1.00000,74.342,-6.633,-33.464
[SHELL] ccB:279,2147515601,1,0.461,-29.772,29.312,34.819,19.579,80.421,46.982,18.376,81.624
[SHELL] ccA:280,3502099413,443437,2.596,-32.815,0.000,-35.000,6.26177,6.08284,23.97,-8.276,-25.897,-8.276,-25.897,-8.224,-6.913,1.00000,74.342,15.341,-29.543
[SHELL] ccB:280,23107,1,14.705,-33.216,18.511,23.237,22.354,77.646,34.819,19.579,80.421
[SHELL] ccA:281,3502209413,443438,3.625,-31.782,0.000,-35.000,6.03673,5.85781,23.96,-8.298,-25.919,-8.298,-25.919,-8.226,-6.914,1.00000,74.342,-9.550,-34.578
[SHELL] ccB:281,2147515541,1,-17.697,-18.174,35.872,19.826,33.145,80.174,23.237,22.354,77.646
[SHELL] ccA:282,3502319333,443439,-0.413,-33.570,0.000,-35.000,5.79812,5.61920,23.83,-8.217,-25.884,-8.217,-25.884,-8.226,-6.915,1.00000,74.342,2.108,-35.581
[SHELL] ccB:282,23067,1,-14.725,-20.748,35.473,18.455,45.850,81.545,19.826,33.145,80.174
[SHELL] ccA:283,3502429341,443440,1.460,-35.840,0.000,-35.000,5.57673,5.39783,23.83,-8.256,-25.839,-8.256,-25.839,-8.226,-6.914,1.00000,74.342,11.174,-37.620
[SHELL] ccB:283,2147515577,1,-15.921,-23.104,39.025,18.744,58.039,81.256,18.455,45.850,81.545
[SHELL] ccA:284,3502539389,443441,4.173,-35.877,0.000,-35.000,5.34416,5.16523,23.85,-8.312,-25.837,-8.312,-25.837,-8.229,-6.914,1.00000,74.342,-7.762,-32.688
[SHELL] ccB:284,23095,1,-30.963,4.188,26.775,20.661,70.415,79.339,18.744,58.039,81.256
[SHELL] ccA:285,3502649389,443442,2.272,-33.175,0.000,-35.000,5.11414,4.93522,23.94,-8.275,-25.892,-8.275,-25.892,-8.230,-6.915,1.00000,74.342,13.440,-29.703
[SHELL] ccB:285,2147515553,1,-22.083,-9.730,31.812,21.311,78.689,73.217,20.661,70.415,79.339
[SHELL] ccA:286,3502759341,443443,2.925,-30.394,0.000,-35.000,4.88247,4.70357,23.84,-8.290,-25.950,-8.290,-25.950,-8.231,-6.917,1.00000,74.342,-7.416,-29.480
[SHELL] ccB:286,23071,1,-30.310,17.163,13.147,18.933,81.067,61.221,21.311,78.689,73.217
[SHELL] ccA:287,3502869425,443444,-1.303,-30.023,0.000,-35.000,4.65880,4.47990,23.96,-8.204,-25.960,-8.204,-25.960,-8.231,-6.920,1.00000,74.342,-3.821,-31.430
[SHELL] ccB:287,2147515535,1,-31.180,20.353,10.827,18.288,81.712,49.176,18.933,81.067,61.221
[SHELL] ctrlcap v1 armed=0 count=512 clock_hz=550000000 decimation=1
[SHELL] ccA:index,cycles,seq,id,iq,idref,iqref,theta,actangle,age_us,vdreq,vqreq,vd,vq,intd,intq,scale,bus,raw_id,raw_iq
[SHELL] ccB:index,timer,valid,ia,ib,ic,du,dv,dw,active_u,active_v,active_w
[SHELL] ccA:288,3502979333,443445,-1.407,-31.367,0.000,-35.000,4.42848,4.24956,23.84,-8.202,-25.935,-8.202,-25.935,-8.230,-6.921,1.00000,74.342,9.430,-33.127
[SHELL] ccB:288,23067,1,-34.442,17.417,17.025,19.263,80.737,36.660,18.288,81.712,49.176
[SHELL] ccA:289,3503089417,443446,0.090,-32.786,0.000,-35.000,4.19283,4.01393,23.97,-8.232,-25.908,-8.232,-25.908,-8.230,-6.923,1.00000,74.342,-14.679,-33.460
[SHELL] ccB:289,2147515539,1,-21.757,36.300,-14.543,21.948,78.052,24.550,19.263,80.737,36.660
[SHELL] ccA:290,3503199433,443447,-3.405,-33.170,0.000,-35.000,3.97247,3.79354,23.98,-8.160,-25.901,-8.160,-25.901,-8.228,-6.924,1.00000,74.342,6.308,-32.633
[SHELL] ccB:290,23117,1,-28.353,29.196,-0.843,31.379,79.752,20.248,21.948,78.052,24.550
[SHELL] ccA:291,3503309409,443448,-1.861,-33.901,0.000,-35.000,3.73763,3.55870,23.96,-8.190,-25.887,-8.190,-25.887,-8.227,-6.924,1.00000,74.342,-5.382,-36.877
[SHELL] ccB:291,2147515543,1,-16.248,37.170,-20.922,43.948,81.436,18.564,31.379,79.752,20.248
[SHELL] ccA:292,3503419333,443449,-2.589,-35.909,0.000,-35.000,3.51096,3.33204,23.87,-8.174,-25.846,-8.174,-25.846,-8.226,-6.924,1.00000,74.342,-5.898,-37.250
[SHELL] ccB:292,23067,1,-7.948,35.901,-27.954,56.323,81.367,18.633,43.948,81.436,18.564
[SHELL] ccA:293,3503529325,443450,-0.590,-37.456,0.000,-35.000,3.27197,3.09305,23.86,-8.214,-25.814,-8.214,-25.814,-8.226,-6.922,1.00000,74.342,14.818,-38.450
[SHELL] ccB:293,2147515585,1,-19.691,41.193,-21.502,69.081,79.572,20.428,56.323,81.367,18.633
[SHELL] ccA:294,3503639333,443451,2.417,-37.901,0.000,-35.000,3.04738,2.86846,23.89,-8.275,-25.804,-8.275,-25.804,-8.227,-6.921,1.00000,73.902,-14.071,-37.457
[SHELL] ccB:294,23067,1,17.532,22.382,-39.914,78.402,74.602,21.598,69.081,79.572,20.428
[SHELL] ccA:295,3503749313,443452,-3.249,-36.950,0.000,-35.000,2.81893,2.64007,23.79,-8.160,-25.822,-8.160,-25.822,-8.225,-6.920,1.00000,73.902,0.328,-34.439
[SHELL] ccB:295,2147515591,1,10.609,23.071,-33.680,80.828,63.044,19.172,78.402,74.602,21.598
[SHELL] ccA:296,3503859317,443453,-4.406,-36.686,0.000,-35.000,2.59728,2.41835,23.87,-8.135,-25.826,-8.135,-25.826,-8.223,-6.919,1.00000,73.902,-4.210,-40.409
[SHELL] ccB:296,23059,1,24.527,15.786,-40.313,81.725,51.034,18.275,80.828,63.044,19.172
[SHELL] ccA:297,3503969369,443454,-4.587,-38.998,0.000,-35.000,2.36133,2.18241,23.87,-8.129,-25.778,-8.129,-25.778,-8.221,-6.917,1.00000,74.342,-10.254,-40.735
[SHELL] ccB:297,2147515563,1,35.944,0.854,-36.797,80.746,38.234,19.254,81.725,51.034,18.275
[SHELL] ccA:298,3504079429,443455,-2.194,-40.380,0.000,-35.000,2.13744,1.95852,23.95,-8.176,-25.748,-8.176,-25.748,-8.220,-6.914,1.00000,74.342,15.943,-39.644
[SHELL] ccB:298,23115,1,24.889,17.634,-42.524,78.428,26.619,21.572,80.746,38.234,19.254
[SHELL] ccA:299,3504189405,443456,3.220,-40.818,0.000,-35.000,1.89728,1.71836,23.90,-8.286,-25.736,-8.286,-25.736,-8.221,-6.912,1.00000,74.342,-8.750,-43.251
[SHELL] ccB:299,2147515545,1,43.772,-17.051,-26.721,79.480,20.520,30.798,78.428,26.619,21.572
[SHELL] ccA:300,3504299473,443457,0.285,-40.590,0.000,-35.000,1.67653,1.49760,24.00,-8.227,-25.738,-8.227,-25.738,-8.221,-6.909,1.00000,74.342,2.697,-36.213
[SHELL] ccB:300,23137,1,35.726,-12.230,-23.496,81.165,18.835,42.337,79.480,20.520,30.798
[SHELL] ccA:301,3504409449,443458,0.022,-38.963,0.000,-35.000,1.44630,1.26737,23.99,-8.222,-25.768,-8.222,-25.768,-8.221,-6.907,1.00000,74.342,3.442,-40.176
[SHELL] ccB:301,2147515523,1,40.293,-21.509,-18.784,81.385,18.615,54.833,81.165,18.835,42.337
[SHELL] ccA:302,3504519461,443459,-0.521,-36.967,0.000,-35.000,1.21537,1.03646,24.00,-8.211,-25.807,-8.211,-25.807,-8.221,-6.906,1.00000,74.342,-11.665,-31.304
[SHELL] ccB:302,23131,1,25.288,-31.548,6.261,79.959,20.041,67.125,81.385,18.615,54.833
[SHELL] ccA:303,3504629521,443460,-2.622,-33.639,0.000,-35.000,0.97701,0.79809,24.05,-8.167,-25.875,-8.167,-25.875,-8.220,-6.906,1.00000,74.342,9.401,-31.773
[SHELL] ccB:303,2147515487,1,31.594,-24.445,-7.150,75.878,22.146,77.854,79.959,20.041,67.125
[SHELL] ctrlcap v1 armed=0 count=512 clock_hz=550000000 decimation=1
[SHELL] ccA:index,cycles,seq,id,iq,idref,iqref,theta,actangle,age_us,vdreq,vqreq,vd,vq,intd,intq,scale,bus,raw_id,raw_iq
[SHELL] ccB:index,timer,valid,ia,ib,ic,du,dv,dw,active_u,active_v,active_w
[SHELL] ccA:304,3504739217,443461,-0.944,-31.813,0.000,-35.000,0.75779,0.57888,23.91,-8.200,-25.913,-8.200,-25.913,-8.219,-6.908,1.00000,74.342,-10.914,-32.401
[SHELL] ccB:304,23009,1,14.342,-34.049,19.707,64.753,19.505,80.495,75.878,22.146,77.854
[SHELL] ccA:305,3504849117,443462,-3.294,-32.448,0.000,-35.000,0.52157,0.34264,23.67,-8.152,-25.901,-8.152,-25.901,-8.218,-6.909,1.00000,74.342,-0.749,-33.217
[SHELL] ccB:305,2147515689,1,15.901,-33.216,17.315,52.066,18.390,81.610,64.753,19.505,80.495
[SHELL] ccA:306,3504959133,443463,-0.758,-33.156,0.000,-35.000,0.29995,0.12103,23.60,-8.202,-25.888,-8.202,-25.888,-8.217,-6.910,1.00000,74.342,9.380,-33.789
[SHELL] ccB:306,22967,1,18.945,-35.028,16.083,39.878,18.909,81.091,52.066,18.390,81.610
[SHELL] ccA:307,3505069301,443464,0.796,-33.579,0.000,-35.000,0.06276,6.16703,23.84,-8.234,-25.880,-8.234,-25.880,-8.218,-6.911,1.00000,74.342,-14.827,-33.520
[SHELL] ccB:307,2147515597,1,-12.696,-23.430,36.125,27.447,21.166,78.834,39.878,18.909,81.091
[SHELL] ccA:308,3505179269,443465,-3.740,-33.117,0.000,-35.000,6.12101,5.94209,23.78,-8.141,-25.890,-8.141,-25.890,-8.216,-6.912,1.00000,74.342,5.313,-31.640
[SHELL] ccB:308,23035,1,0.135,-27.852,27.717,20.897,28.602,79.103,27.447,21.166,78.834
[SHELL] ccA:309,3505289301,443466,-4.035,-33.278,0.000,-35.000,5.88736,5.70843,23.86,-8.133,-25.888,-8.133,-25.888,-8.214,-6.913,1.00000,74.342,-11.941,-36.313
[SHELL] ccB:309,2147515597,1,-25.019,-12.520,37.539,18.834,40.842,81.166,20.897,28.602,79.103
[SHELL] ccA:310,3505399313,443467,-6.120,-35.671,0.000,-35.000,5.65708,5.47819,23.85,-8.088,-25.840,-8.088,-25.840,-8.211,-6.912,1.00000,73.902,-5.910,-38.418
[SHELL] ccB:310,23057,1,-27.302,-10.310,37.611,18.330,53.359,81.670,18.834,40.842,81.166
[SHELL] ccA:311,3505509261,443468,-2.973,-38.015,0.000,-35.000,5.42706,5.24812,23.79,-8.150,-25.792,-8.150,-25.792,-8.209,-6.911,1.00000,73.902,11.870,-38.913
[SHELL] ccB:311,2147515617,1,-21.612,-19.044,40.656,19.662,65.905,80.338,18.330,53.359,81.670
[SHELL] ccA:312,3505619305,443469,0.657,-37.172,0.000,-35.000,5.20207,5.02315,23.87,-8.223,-25.807,-8.223,-25.807,-8.210,-6.910,1.00000,74.342,-15.202,-32.446
[SHELL] ccB:312,23053,1,-35.783,16.293,19.490,22.638,77.216,77.362,19.662,65.905,80.338
[SHELL] ccA:313,3505729269,443470,-4.223,-33.982,0.000,-35.000,4.96743,4.78850,23.78,-8.123,-25.872,-8.123,-25.872,-8.207,-6.910,1.00000,74.342,1.641,-32.126
[SHELL] ccB:313,2147515613,1,-30.673,6.943,23.730,19.780,80.220,65.933,22.638,77.216,77.362
[SHELL] ccA:314,3505839349,443471,-4.975,-32.665,0.000,-35.000,4.73723,4.55833,23.90,-8.106,-25.899,-8.106,-25.899,-8.205,-6.911,1.00000,74.342,-7.978,-33.964
[SHELL] ccB:314,23075,1,-34.152,23.252,10.900,18.456,81.544,53.624,19.780,80.220,65.933
[SHELL] ccA:315,3505949269,443472,-6.625,-33.675,0.000,-35.000,4.50901,4.33009,23.78,-8.069,-25.880,-8.069,-25.880,-8.202,-6.912,1.00000,74.342,-12.187,-34.646
[SHELL] ccB:315,2147515613,1,-31.470,32.132,-0.662,18.829,81.171,41.235,18.456,81.544,53.624
[SHELL] ccA:316,3506059341,443473,-6.437,-34.272,0.000,-35.000,4.27696,4.09805,23.89,-8.070,-25.868,-8.070,-25.868,-8.198,-6.913,1.00000,74.342,6.605,-33.834
[SHELL] ccB:316,23071,1,-33.463,23.905,9.559,20.842,79.158,29.055,18.829,81.171,41.235
[SHELL] ccA:317,3506169285,443474,-4.528,-34.732,0.000,-35.000,4.05036,3.87146,23.77,-8.106,-25.859,-8.106,-25.859,-8.196,-6.913,1.00000,74.342,-19.134,-36.614
[SHELL] ccB:317,2147515605,1,-17.117,41.120,-24.003,27.399,78.746,21.254,20.842,79.158,29.055
[SHELL] ccA:318,3506279357,443475,-8.796,-35.356,0.000,-35.000,3.82250,3.64358,23.89,-8.016,-25.846,-8.016,-25.846,-8.192,-6.912,1.00000,74.342,-3.522,-34.360
[SHELL] ccB:318,23079,1,-18.893,34.488,-15.594,39.085,80.887,19.113,27.399,78.746,21.254
[SHELL] ccA:319,3506389333,443476,-7.634,-36.443,0.000,-35.000,3.58999,3.41109,23.87,-8.035,-25.824,-8.035,-25.824,-8.188,-6.912,1.00000,74.342,-4.360,-40.439
[SHELL] ccB:319,2147515581,1,-13.602,39.997,-26.395,51.755,81.489,18.511,39.085,80.887,19.113
[SHELL] ctrlcap v1 armed=0 count=512 clock_hz=550000000 decimation=1
[SHELL] ccA:index,cycles,seq,id,iq,idref,iqref,theta,actangle,age_us,vdreq,vqreq,vd,vq,intd,intq,scale,bus,raw_id,raw_iq
[SHELL] ccB:index,timer,valid,ia,ib,ic,du,dv,dw,active_u,active_v,active_w
[SHELL] ccA:320,3506499389,443477,-6.915,-37.534,0.000,-35.000,3.36283,3.18395,23.93,-8.046,-25.801,-8.046,-25.801,-8.185,-6.910,1.00000,74.342,-15.417,-34.899
[SHELL] ccB:320,23095,1,7.383,28.725,-36.108,64.016,80.426,19.574,51.755,81.489,18.511
[SHELL] ccA:321,3506609357,443478,-7.198,-36.080,0.000,-35.000,3.13794,2.95904,23.89,-8.037,-25.829,-8.037,-25.829,-8.181,-6.910,1.00000,74.342,6.405,-34.081
[SHELL] ccB:321,2147515569,1,-6.280,32.676,-26.395,75.408,77.889,22.111,64.016,80.426,19.574
[SHELL] ccA:322,3506719317,443479,-5.611,-34.647,0.000,-35.000,2.91001,2.73112,23.81,-8.066,-25.858,-8.066,-25.858,-8.178,-6.910,1.00000,73.902,-19.838,-35.526
[SHELL] ccB:322,23059,1,27.463,12.270,-39.733,79.984,68.042,20.016,75.408,77.889,22.111
[SHELL] ccA:323,3506829297,443480,-10.288,-35.522,0.000,-35.000,2.68741,2.50849,23.81,-7.967,-25.840,-7.967,-25.840,-8.173,-6.910,1.00000,73.902,-7.880,-36.956
[SHELL] ccB:323,2147515599,1,23.294,14.119,-37.413,81.479,56.299,18.521,79.984,68.042,20.016
[SHELL] ccA:324,3506939393,443481,-8.154,-37.242,0.000,-35.000,2.45174,2.27214,23.90,-8.006,-25.880,-8.006,-25.880,-8.169,-6.909,1.00000,74.342,2.981,-39.531
[SHELL] ccB:324,23097,1,22.860,16.620,-39.479,81.322,43.334,18.678,81.479,56.299,18.521
[SHELL] ccA:325,3507049373,443482,-2.981,-38.212,0.000,-35.000,2.21921,2.03958,23.86,-8.108,-25.859,-8.108,-25.859,-8.167,-6.907,1.00000,74.342,-10.007,-36.832
[SHELL] ccB:325,2147515561,1,35.400,-5.344,-30.056,79.561,30.807,20.439,81.322,43.334,18.678
[SHELL] ccA:326,3507159425,443483,-0.967,-36.638,0.000,-35.000,1.99023,1.81062,23.93,-8.148,-25.889,-8.148,-25.889,-8.167,-6.906,1.00000,74.342,13.164,-33.360
[SHELL] ccB:326,23113,1,25.107,9.625,-34.731,78.352,21.648,25.760,79.561,30.807,20.439
[SHELL] ccA:327,3507269425,443484,2.484,-34.574,0.000,-35.000,1.76068,1.58106,24.01,-8.218,-25.931,-8.218,-25.931,-8.168,-6.907,1.00000,74.342,-6.384,-34.747
[SHELL] ccB:327,2147515535,1,35.327,-17.413,-17.914,80.876,19.124,37.650,78.352,21.648,25.760
[SHELL] ccA:328,3507379421,443485,0.077,-35.251,0.000,-35.000,1.53182,1.35219,23.93,-8.170,-25.917,-8.170,-25.917,-8.168,-6.906,1.00000,74.342,-0.087,-38.151
[SHELL] ccB:328,23111,1,38.118,-20.422,-17.697,81.656,18.344,50.020,80.876,19.124,37.650
[SHELL] ccA:329,3507489369,443486,0.572,-37.001,0.000,-35.000,1.29885,1.11923,23.90,-8.180,-25.881,-8.180,-25.881,-8.169,-6.905,1.00000,74.342,8.846,-36.955
[SHELL] ccB:329,2147515563,1,37.973,-20.204,-17.769,80.757,19.243,62.704,81.656,18.344,50.020
[SHELL] ccA:330,3507599421,443487,1.257,-35.820,0.000,-35.000,1.07527,0.89566,23.93,-8.194,-25.904,-8.194,-25.904,-8.169,-6.905,1.00000,74.342,-12.578,-31.218
[SHELL] ccB:330,23111,1,21.482,-33.179,11.697,78.390,21.610,74.235,80.757,19.243,62.704
[SHELL] ccA:331,3507709173,443488,-3.861,-32.626,0.000,-35.000,0.84640,0.66677,23.90,-8.090,-25.970,-8.090,-25.970,-8.167,-6.906,1.00000,74.342,0.868,-31.111
[SHELL] ccB:331,2147515661,1,23.874,-29.229,5.354,69.579,20.398,79.602,78.390,21.610,74.235
[SHELL] ccA:332,3507818993,443489,-5.337,-31.939,0.000,-35.000,0.62055,0.44093,23.52,-8.058,-25.985,-8.058,-25.985,-8.165,-6.908,1.00000,74.342,-10.507,-34.317
[SHELL] ccB:332,22897,1,11.407,-35.173,23.766,57.673,18.619,81.381,69.579,20.398,79.602
[SHELL] ccA:333,3507929069,443490,-7.238,-33.700,0.000,-35.000,0.39069,0.21105,23.61,-8.016,-25.950,-8.016,-25.950,-8.161,-6.908,1.00000,74.342,-8.804,-35.054
[SHELL] ccB:333,2147515713,1,5.209,-33.578,28.369,45.154,18.484,81.516,57.673,18.619,81.381
[SHELL] ccA:334,3508039033,443491,-3.802,-34.762,0.000,-35.000,0.15878,6.26233,23.69,-8.083,-25.929,-8.083,-25.929,-8.159,-6.908,1.00000,74.342,12.909,-34.622
[SHELL] ccB:334,22917,1,18.220,-36.949,18.728,32.603,19.998,80.002,45.154,18.484,81.516
[SHELL] ccA:335,3508148873,443492,0.963,-35.235,0.000,-35.000,6.21487,6.03525,23.41,-8.179,-25.920,-8.179,-25.920,-8.160,-6.908,1.00000,74.342,-13.161,-36.645
[SHELL] ccB:335,2147515811,1,-15.631,-23.067,38.699,22.118,24.017,77.882,32.603,19.998,80.002
[SHELL] ctrlcap v1 armed=0 count=512 clock_hz=550000000 decimation=1
[SHELL] ccA:index,cycles,seq,id,iq,idref,iqref,theta,actangle,age_us,vdreq,vqreq,vd,vq,intd,intq,scale,bus,raw_id,raw_iq
[SHELL] ccB:index,timer,valid,ia,ib,ic,du,dv,dw,active_u,active_v,active_w
[SHELL] ccA:336,3508258913,443493,-2.330,-35.476,0.000,-35.000,5.99174,5.81211,23.50,-8.112,-25.914,-8.112,-25.914,-8.158,-6.908,1.00000,74.342,4.094,-33.993
[SHELL] ccB:336,22857,1,-5.846,-26.293,32.139,19.537,35.240,80.463,22.118,24.017,77.882
[SHELL] ccA:337,3508368869,443494,-1.945,-36.157,0.000,-35.000,5.76139,5.58176,23.42,-8.118,-25.900,-8.118,-25.900,-8.157,-6.908,1.00000,74.342,-2.810,-39.999
[SHELL] ccB:337,2147515813,1,-22.373,-17.631,40.004,18.409,47.699,81.591,19.537,35.240,80.463
[SHELL] ccA:338,3508478933,443495,-1.723,-38.017,0.000,-35.000,5.53639,5.35678,23.51,-8.122,-25.862,-8.122,-25.862,-8.157,-6.906,1.00000,74.342,-5.366,-38.076
[SHELL] ccB:338,22867,1,-29.803,-6.142,35.944,18.953,59.981,81.047,18.409,47.699,81.591
[SHELL] ccA:339,3508588905,443496,1.217,-37.838,0.000,-35.000,5.30045,5.12084,23.45,-8.181,-25.864,-8.181,-25.864,-8.157,-6.905,1.00000,74.342,18.410,-35.200
[SHELL] ccB:339,2147515795,1,-19.075,-20.639,39.714,21.165,72.394,78.835,18.953,59.981,81.047
[SHELL] ccA:340,3508698973,443497,6.011,-35.261,0.000,-35.000,5.07766,4.89805,23.56,-8.280,-25.915,-8.280,-25.915,-8.160,-6.904,1.00000,74.342,-7.410,-32.566
[SHELL] ccB:340,22887,1,-33.065,12.452,20.613,20.809,79.191,71.376,21.165,72.394,78.835
[SHELL] ccA:341,3508808881,443498,1.945,-32.931,0.000,-35.000,4.84459,4.66496,23.44,-8.200,-25.963,-8.200,-25.963,-8.161,-6.906,1.00000,74.342,4.189,-31.390
[SHELL] ccB:341,2147515807,1,-30.564,8.102,22.462,18.741,81.259,59.308,20.809,79.191,71.376
[SHELL] ccA:342,3508918929,443499,0.816,-32.121,0.000,-35.000,4.62260,4.44298,23.51,-8.178,-25.980,-8.178,-25.980,-8.161,-6.907,1.00000,74.342,2.294,-33.137
[SHELL] ccB:342,22865,1,-33.210,17.200,16.010,18.312,81.688,47.211,18.741,81.259,59.308
[SHELL] ccA:343,3509028881,443500,-0.208,-32.388,0.000,-35.000,4.38963,4.21000,23.43,-8.157,-25.976,-8.157,-25.976,-8.161,-6.908,1.00000,74.342,-9.608,-31.887
[SHELL] ccB:343,2147515807,1,-27.193,30.247,-3.054,19.545,80.455,34.656,18.312,81.688,47.211
[SHELL] ccA:344,3509138913,443501,-0.781,-31.940,0.000,-35.000,4.15958,3.98000,23.44,-8.145,-25.987,-8.145,-25.987,-8.161,-6.910,1.00000,74.342,13.800,-30.848
[SHELL] ccB:344,22857,1,-33.500,20.606,12.893,22.352,77.648,23.054,19.545,80.455,34.656
[SHELL] ccA:345,3509248945,443502,2.625,-31.635,0.000,-35.000,3.93269,3.75305,23.54,-8.215,-25.995,-8.215,-25.995,-8.162,-6.911,1.00000,74.342,-7.491,-32.955
[SHELL] ccB:345,2147515775,1,-18.168,33.763,-15.594,33.463,80.289,19.711,22.352,77.648,23.054
[SHELL] ccA:346,3509358917,443503,0.618,-33.039,0.000,-35.000,3.70043,3.52083,23.49,-8.175,-25.968,-8.175,-25.968,-8.163,-6.912,1.00000,74.342,3.652,-35.400
[SHELL] ccB:346,22859,1,-21.865,35.249,-13.384,45.926,81.626,18.374,33.463,80.289,19.711
[SHELL] ccA:347,3509468901,443504,2.605,-35.248,0.000,-35.000,3.47210,3.29247,23.46,-8.216,-25.923,-8.216,-25.923,-8.164,-6.912,1.00000,74.342,10.608,-37.240
[SHELL] ccB:347,2147515797,1,-22.119,38.583,-16.464,58.527,81.294,18.706,45.926,81.626,18.374
[SHELL] ccA:348,3509578921,443505,3.794,-35.671,0.000,-35.000,3.24699,3.06736,23.52,-8.242,-25.914,-8.242,-25.914,-8.166,-6.912,1.00000,74.342,-9.693,-32.807
[SHELL] ccB:348,22861,1,6.187,26.043,-32.230,70.462,79.393,20.607,58.527,81.294,18.706
[SHELL] ccA:349,3509688889,443506,1.177,-33.417,0.000,-35.000,3.00443,2.82481,23.47,-8.190,-25.960,-8.190,-25.960,-8.166,-6.913,1.00000,74.342,13.483,-30.814
[SHELL] ccB:349,2147515803,1,-9.144,32.603,-23.459,78.892,72.638,21.108,70.462,79.393,20.607
[SHELL] ccA:350,3509799189,443507,2.863,-32.472,0.000,-35.000,2.78299,2.60335,23.48,-8.225,-25.980,-8.225,-25.980,-8.168,-6.914,1.00000,74.342,-5.822,-35.453
[SHELL] ccB:350,22995,1,17.894,18.033,-35.927,81.098,61.051,18.902,78.892,72.638,21.108
[SHELL] ccA:351,3509909681,443508,0.658,-34.243,0.000,-35.000,2.56041,2.38096,24.26,-8.181,-25.945,-8.181,-25.945,-8.168,-6.914,1.00000,74.342,0.792,-35.251
[SHELL] ccB:351,2147515407,1,18.692,16.547,-35.239,81.686,48.963,18.314,81.098,61.051,18.902
[SHELL] ctrlcap v1 armed=0 count=512 clock_hz=550000000 decimation=1
[SHELL] ccA:index,cycles,seq,id,iq,idref,iqref,theta,actangle,age_us,vdreq,vqreq,vd,vq,intd,intq,scale,bus,raw_id,raw_iq
[SHELL] ccB:index,timer,valid,ia,ib,ic,du,dv,dw,active_u,active_v,active_w
[SHELL] ccA:352,3510019505,443509,3.437,-35.833,0.000,-35.000,2.32137,2.14174,23.99,-8.239,-25.913,-8.239,-25.913,-8.170,-6.914,1.00000,74.342,17.985,-37.377
[SHELL] ccB:352,23153,1,15.067,25.934,-41.001,80.607,35.870,19.393,81.686,48.963,18.314
[SHELL] ccA:353,3510129621,443510,7.901,-36.072,0.000,-35.000,2.10163,1.92204,24.12,-8.332,-25.908,-8.332,-25.908,-8.174,-6.913,1.00000,74.342,-5.157,-34.281
[SHELL] ccB:353,2147515437,1,32.174,-4.909,-27.265,78.069,24.472,21.931,80.607,35.870,19.393
[SHELL] ccA:354,3510239613,443511,5.318,-34.172,0.000,-35.000,1.87708,1.69745,24.13,-8.283,-25.946,-8.283,-25.946,-8.177,-6.914,1.00000,73.902,13.602,-30.748
[SHELL] ccB:354,23207,1,25.215,6.653,-31.868,80.077,19.923,31.499,78.069,24.472,21.931
[SHELL] ccA:355,3510349637,443512,5.315,-32.334,0.000,-35.000,1.65154,1.47191,24.14,-8.285,-25.984,-8.285,-25.984,-8.179,-6.915,1.00000,73.902,-0.788,-33.561
[SHELL] ccB:355,2147515429,1,33.515,-15.094,-18.422,81.746,18.254,43.590,80.077,19.923,31.499
[SHELL] ccA:356,3510459569,443513,2.945,-32.907,0.000,-35.000,1.41922,1.23959,24.06,-8.240,-25.974,-8.240,-25.974,-8.181,-6.916,1.00000,74.342,-0.245,-33.758
[SHELL] ccB:356,23185,1,33.334,-21.291,-12.043,81.535,18.465,56.297,81.746,18.254,43.590
[SHELL] ccA:357,3510569569,443514,6.170,-35.063,0.000,-35.000,1.18222,1.00259,24.04,-8.307,-25.931,-8.307,-25.931,-8.184,-6.916,1.00000,74.342,25.961,-39.177
[SHELL] ccB:357,2147515463,1,46.092,-15.094,-30.998,79.746,20.254,69.078,81.535,18.465,56.297
[SHELL] ccA:358,3510679661,443515,12.194,-36.290,0.000,-35.000,0.95265,0.77305,24.19,-8.434,-25.906,-8.434,-25.906,-8.190,-6.916,1.00000,74.342,-2.900,-33.048
[SHELL] ccB:358,23231,1,25.252,-31.258,6.007,74.321,21.538,78.462,79.746,20.254,69.078
[SHELL] ccA:359,3510789129,443516,8.564,-34.517,0.000,-35.000,0.72392,0.54429,23.67,-8.365,-25.941,-8.365,-25.941,-8.194,-6.916,1.00000,74.342,14.095,-32.798
[SHELL] ccB:359,2147515683,1,32.283,-29.338,-2.945,62.664,19.101,80.899,74.321,21.538,78.462
[SHELL] ccA:360,3510899105,443517,8.445,-33.231,0.000,-35.000,0.49818,0.31855,23.65,-8.367,-25.968,-8.367,-25.968,-8.198,-6.917,1.00000,74.342,8.490,-34.280
[SHELL] ccB:360,22953,1,23.838,-34.484,10.646,50.377,18.218,81.782,62.664,19.101,80.899
[SHELL] ccA:361,3511009189,443518,6.884,-33.523,0.000,-35.000,0.25656,0.07690,23.66,-8.339,-25.963,-8.339,-25.963,-8.202,-6.917,1.00000,74.342,-3.540,-32.737
[SHELL] ccB:361,2147515653,1,4.883,-30.642,25.760,37.248,19.098,80.902,50.377,18.218,81.782
[SHELL] ccA:362,3511119353,443519,5.679,-32.606,0.000,-35.000,0.03212,6.13566,23.88,-8.318,-25.982,-8.318,-25.982,-8.205,-6.919,1.00000,74.342,21.306,-30.669
[SHELL] ccB:362,23077,1,22.280,-37.094,14.814,25.693,21.486,78.514,37.248,19.098,80.902
[SHELL] ccA:363,3511229369,443520,7.374,-32.139,0.000,-35.000,6.08730,5.90767,23.92,-8.356,-25.993,-8.356,-25.993,-8.208,-6.920,1.00000,74.342,-9.575,-34.480
[SHELL] ccB:363,2147515563,1,-16.103,-19.624,35.727,20.240,30.560,79.760,25.693,21.486,78.514
[SHELL] ccA:364,3511339329,443521,1.157,-33.893,0.000,-35.000,5.87261,5.69299,23.84,-8.232,-25.959,-8.232,-25.959,-8.209,-6.921,1.00000,74.342,2.473,-35.945
[SHELL] ccB:364,23065,1,-12.079,-23.357,35.437,18.632,41.793,81.368,20.240,30.560,79.760
[SHELL] ccA:365,3511449393,443522,1.112,-36.830,0.000,-35.000,5.63047,5.45086,23.95,-8.232,-25.899,-8.232,-25.899,-8.209,-6.920,1.00000,74.342,9.077,-40.952
[SHELL] ccB:365,2147515551,1,-17.661,-24.118,41.780,18.479,55.085,81.521,18.632,41.793,81.368
[SHELL] ccA:366,3511559317,443523,5.060,-38.320,0.000,-35.000,5.39824,5.21861,23.82,-8.313,-25.868,-8.313,-25.868,-8.212,-6.918,1.00000,74.342,-0.385,-35.433
[SHELL] ccB:366,23059,1,-27.664,-5.344,33.008,20.039,67.678,79.961,18.479,55.085,81.521
[SHELL] ccA:367,3511669409,443524,7.866,-36.256,0.000,-35.000,5.17249,4.99287,23.95,-8.373,-25.908,-8.373,-25.908,-8.216,-6.917,1.00000,74.342,23.156,-33.208
[SHELL] ccB:367,2147515543,1,-19.473,-21.001,40.475,22.036,77.964,75.927,20.039,67.678,79.961
[SHELL] ctrlcap v1 armed=0 count=512 clock_hz=550000000 decimation=1
[SHELL] ccA:index,cycles,seq,id,iq,idref,iqref,theta,actangle,age_us,vdreq,vqreq,vd,vq,intd,intq,scale,bus,raw_id,raw_iq
[SHELL] ccB:index,timer,valid,ia,ib,ic,du,dv,dw,active_u,active_v,active_w
[SHELL] ccA:368,3511779317,443525,11.179,-33.664,0.000,-35.000,4.94046,4.76083,23.83,-8.445,-25.961,-8.445,-25.961,-8.221,-6.918,1.00000,74.342,-1.209,-32.807
[SHELL] ccB:368,23059,1,-32.231,10.712,21.519,19.247,80.753,64.030,22.036,77.964,75.927
[SHELL] ccA:369,3511889417,443526,6.249,-32.796,0.000,-35.000,4.71734,4.53774,23.96,-8.350,-25.979,-8.350,-25.979,-8.225,-6.919,1.00000,74.342,4.259,-32.361
[SHELL] ccB:369,2147515539,1,-32.340,12.343,19.997,18.235,81.765,52.091,19.247,80.753,64.030
[SHELL] ccA:370,3511999381,443527,4.935,-32.715,0.000,-35.000,4.48524,4.30561,23.83,-8.326,-25.982,-8.326,-25.982,-8.227,-6.920,1.00000,74.342,12.433,-33.332
[SHELL] ccB:370,23091,1,-35.276,13.648,21.628,18.809,81.191,39.426,18.235,81.765,52.091
[SHELL] ccA:371,3512109377,443528,5.806,-32.335,0.000,-35.000,4.25251,4.07293,23.83,-8.346,-25.991,-8.346,-25.991,-8.230,-6.922,1.00000,74.342,-5.903,-30.317
[SHELL] ccB:371,2147515559,1,-24.547,28.508,-3.960,21.050,78.950,27.211,18.809,81.191,39.426
[SHELL] ccA:372,3512219429,443529,3.941,-31.109,0.000,-35.000,4.01362,3.83402,23.96,-8.311,-26.017,-8.311,-26.017,-8.232,-6.924,1.00000,74.342,15.136,-30.469
[SHELL] ccB:372,23115,1,-33.065,23.470,9.595,29.393,79.509,20.491,21.050,78.950,27.211
[SHELL] ccA:373,3512329353,443530,5.605,-31.607,0.000,-35.000,3.79132,3.61171,23.85,-8.347,-26.009,-8.347,-26.009,-8.235,-6.925,1.00000,74.342,-1.950,-35.174
[SHELL] ccB:373,2147515571,1,-19.727,35.140,-15.413,41.242,81.416,18.584,29.393,79.509,20.491
[SHELL] ccA:374,3512439417,443531,3.058,-34.161,0.000,-35.000,3.55497,3.37533,23.95,-8.297,-25.958,-8.297,-25.958,-8.236,-6.926,1.00000,74.342,0.997,-35.828
[SHELL] ccB:374,23109,1,-15.305,35.720,-20.415,54.155,81.656,18.344,41.242,81.416,18.584
[SHELL] ccA:375,3512549353,443532,4.667,-36.959,0.000,-35.000,3.32870,3.14907,23.86,-8.332,-25.901,-8.332,-25.901,-8.239,-6.925,1.00000,74.342,18.622,-41.005
[SHELL] ccB:375,2147515571,1,-25.925,44.854,-18.929,66.420,80.245,19.755,54.155,81.656,18.344
[SHELL] ccA:376,3512659421,443533,6.703,-38.334,0.000,-35.000,3.10423,2.92460,23.98,-8.376,-25.872,-8.376,-25.872,-8.242,-6.923,1.00000,74.342,-11.429,-35.498
[SHELL] ccB:376,23111,1,12.748,23.977,-36.725,77.537,77.126,22.463,66.420,80.245,19.755
[SHELL] ccA:377,3512769405,443534,0.680,-36.258,0.000,-35.000,2.86883,2.68920,23.96,-8.256,-25.913,-8.256,-25.913,-8.242,-6.922,1.00000,74.342,6.956,-33.033
[SHELL] ccB:377,2147515545,1,2.201,28.073,-30.273,80.392,65.501,19.608,77.537,77.126,22.463
[SHELL] ccA:378,3512879421,443535,0.521,-35.189,0.000,-35.000,2.64518,2.46555,23.96,-8.253,-25.934,-8.253,-25.934,-8.243,-6.922,1.00000,74.342,-0.399,-39.193
[SHELL] ccB:378,23111,1,19.018,20.172,-39.189,81.641,53.461,18.359,80.392,65.501,19.608
[SHELL] ccA:379,3512989385,443536,1.081,-37.466,0.000,-35.000,2.41335,2.23372,23.86,-8.265,-25.888,-8.265,-25.888,-8.243,-6.921,1.00000,74.342,-1.834,-38.443
[SHELL] ccB:379,2147515555,1,26.955,10.313,-37.268,81.202,40.740,18.798,81.641,53.461,18.359
[SHELL] ccA:380,3513099473,443537,4.737,-38.175,0.000,-35.000,2.18051,2.00086,24.01,-8.340,-25.872,-8.340,-25.872,-8.245,-6.920,1.00000,74.342,23.015,-36.621
[SHELL] ccB:380,23137,1,16.843,26.079,-42.922,79.100,28.370,20.900,81.202,40.740,18.798
[SHELL] ccA:381,3513209473,443538,10.148,-36.723,0.000,-35.000,1.94447,1.76484,23.98,-8.453,-25.900,-8.453,-25.900,-8.251,-6.919,1.00000,74.342,-3.605,-35.209
[SHELL] ccB:381,2147515511,1,34.095,-8.824,-25.272,79.206,20.794,28.484,79.100,28.370,20.900
[SHELL] ccA:382,3513319537,443539,6.243,-34.921,0.000,-35.000,1.71308,1.53345,24.06,-8.379,-25.936,-8.379,-25.936,-8.254,-6.919,1.00000,74.342,9.166,-32.644
[SHELL] ccB:382,23169,1,31.014,-3.641,-27.374,81.273,18.727,40.491,79.206,20.794,28.484
[SHELL] ccA:383,3513429525,443540,5.181,-34.187,0.000,-35.000,1.48539,1.30576,24.06,-8.360,-25.951,-8.360,-25.951,-8.256,-6.919,1.00000,74.342,5.998,-36.253
[SHELL] ccB:383,2147515485,1,36.632,-15.819,-20.814,81.716,18.284,52.919,81.273,18.727,40.491
[SHELL] ctrlcap v1 armed=0 count=512 clock_hz=550000000 decimation=1
[SHELL] ccA:index,cycles,seq,id,iq,idref,iqref,theta,actangle,age_us,vdreq,vqreq,vd,vq,intd,intq,scale,bus,raw_id,raw_iq
[SHELL] ccB:index,timer,valid,ia,ib,ic,du,dv,dw,active_u,active_v,active_w
[SHELL] ccA:384,3513539485,443541,2.925,-34.379,0.000,-35.000,1.25881,1.07917,23.98,-8.316,-25.948,-8.316,-25.948,-8.258,-6.919,1.00000,74.342,-9.464,-32.365
[SHELL] ccB:384,23143,1,27.897,-30.352,2.455,80.521,19.479,65.098,81.716,18.284,52.919
[SHELL] ccA:385,3513649585,443542,-0.362,-33.472,0.000,-35.000,1.03121,0.85158,24.09,-8.250,-25.967,-8.250,-25.967,-8.258,-6.920,1.00000,74.342,11.483,-32.907
[SHELL] ccB:385,2147515455,1,34.131,-23.176,-10.955,77.804,22.196,76.513,80.521,19.479,65.098
[SHELL] ccA:386,3513759313,443543,1.270,-32.785,0.000,-35.000,0.79401,0.61437,24.03,-8.284,-25.981,-8.284,-25.981,-8.258,-6.921,1.00000,74.342,-8.421,-32.961
[SHELL] ccB:386,23057,1,17.604,-34.013,16.409,66.562,19.706,80.294,77.804,22.196,76.513
[SHELL] ccA:387,3513869169,443544,-0.723,-33.161,0.000,-35.000,0.57261,0.39298,23.71,-8.243,-25.975,-8.243,-25.975,-8.258,-6.922,1.00000,74.342,2.468,-33.812
[SHELL] ccB:387,2147515663,1,20.395,-33.651,13.256,54.705,18.370,81.630,66.562,19.706,80.294
[SHELL] ccA:388,3513979153,443545,1.896,-33.795,0.000,-35.000,0.33813,0.15850,23.65,-8.297,-25.963,-8.297,-25.963,-8.259,-6.923,1.00000,74.342,11.068,-34.595
[SHELL] ccB:388,22977,1,21.917,-36.043,14.125,41.738,18.609,81.391,54.705,18.370,81.630
[SHELL] ccA:389,3514089337,443546,3.667,-34.278,0.000,-35.000,0.11298,6.21652,23.85,-8.334,-25.954,-8.334,-25.954,-8.261,-6.923,1.00000,74.342,-9.935,-34.109
[SHELL] ccB:389,2147515579,1,-6.027,-27.308,33.335,29.733,20.480,79.520,41.738,18.609,81.391
[SHELL] ccA:390,3514199389,443547,0.605,-33.343,0.000,-35.000,6.15995,5.98034,23.93,-8.273,-25.973,-8.273,-25.973,-8.261,-6.924,1.00000,74.342,11.225,-30.558
[SHELL] ccB:390,23095,1,7.383,-31.150,23.766,21.216,26.773,78.784,29.733,20.480,79.520
[SHELL] ccA:391,3514309337,443548,1.544,-33.167,0.000,-35.000,5.93127,5.75164,23.84,-8.293,-25.977,-8.293,-25.977,-8.262,-6.925,1.00000,74.342,-6.340,-37.441
[SHELL] ccB:391,2147515579,1,-18.857,-19.117,37.974,18.910,38.710,81.090,21.216,26.773,78.784
[SHELL] ccA:392,3514419393,443549,0.056,-35.936,0.000,-35.000,5.70002,5.52039,23.94,-8.263,-25.922,-8.263,-25.922,-8.262,-6.924,1.00000,74.342,1.680,-38.304
[SHELL] ccB:392,23097,1,-19.691,-18.646,38.336,18.316,51.327,81.684,18.910,38.710,81.090
[SHELL] ccA:393,3514529353,443550,3.747,-38.214,0.000,-35.000,5.46989,5.29032,23.81,-8.339,-25.874,-8.339,-25.874,-8.264,-6.923,1.00000,74.342,17.969,-38.807
[SHELL] ccB:393,2147515571,1,-15.849,-26.474,42.323,19.375,63.965,80.625,18.316,51.327,81.684
[SHELL] ccA:394,3514639417,443551,7.545,-37.075,0.000,-35.000,5.24340,5.06379,23.97,-8.418,-25.896,-8.418,-25.896,-8.267,-6.922,1.00000,74.342,-7.436,-32.381
[SHELL] ccB:394,23109,1,-31.687,7.196,24.491,21.959,75.687,78.041,19.375,63.965,80.625
[SHELL] ccA:395,3514749341,443552,3.171,-33.360,0.000,-35.000,5.01618,4.83655,23.83,-8.332,-25.971,-8.332,-25.971,-8.269,-6.923,1.00000,74.342,9.587,-29.870
[SHELL] ccB:395,2147515577,1,-25.635,-2.843,28.478,20.017,79.983,68.213,21.959,75.687,78.041
[SHELL] ccA:396,3514859429,443553,1.631,-30.744,0.000,-35.000,4.78214,4.60253,23.95,-8.302,-26.026,-8.302,-26.026,-8.270,-6.925,1.00000,74.342,-5.215,-30.855
[SHELL] ccB:396,23115,1,-31.144,18.214,12.929,18.352,81.648,55.774,20.017,79.983,68.213
[SHELL] ccA:397,3514969337,443554,-1.886,-30.856,0.000,-35.000,4.55368,4.37405,23.84,-8.231,-26.026,-8.231,-26.026,-8.269,-6.927,1.00000,74.342,-6.703,-31.842
[SHELL] ccB:397,2147515579,1,-30.383,25.282,5.101,18.435,81.565,43.349,18.352,81.648,55.774
[SHELL] ccA:398,3515079389,443555,-1.914,-31.778,0.000,-35.000,4.32255,4.14292,23.94,-8.230,-26.009,-8.230,-26.009,-8.268,-6.928,1.00000,74.342,10.967,-32.573
[SHELL] ccB:398,23095,1,-34.297,19.084,15.213,20.173,79.827,31.006,18.435,81.565,43.349
[SHELL] ccA:399,3515189373,443556,0.609,-32.616,0.000,-35.000,4.09803,3.91839,23.84,-8.280,-25.993,-8.280,-25.993,-8.268,-6.930,1.00000,74.342,-12.794,-33.477
[SHELL] ccB:399,2147515561,1,-19.981,35.756,-15.776,25.150,78.356,21.644,20.173,79.827,31.006
[SHELL] ctrlcap v1 armed=0 count=512 clock_hz=550000000 decimation=1
[SHELL] ccA:index,cycles,seq,id,iq,idref,iqref,theta,actangle,age_us,vdreq,vqreq,vd,vq,intd,intq,scale,bus,raw_id,raw_iq
[SHELL] ccB:index,timer,valid,ia,ib,ic,du,dv,dw,active_u,active_v,active_w
[SHELL] ccA:400,3515299369,443557,-2.683,-33.105,0.000,-35.000,3.86353,3.68391,23.87,-8.213,-25.984,-8.213,-25.984,-8.267,-6.931,1.00000,74.342,3.891,-32.891
[SHELL] ccB:400,23085,1,-24.656,31.480,-6.823,37.134,80.865,19.135,25.150,78.356,21.644
[SHELL] ccA:401,3515409437,443558,-1.473,-35.695,0.000,-35.000,3.63682,3.45718,23.97,-8.237,-25.932,-8.237,-25.932,-8.266,-6.930,1.00000,74.342,-0.879,-43.519
[SHELL] ccB:401,2147515529,1,-19.908,43.476,-23.568,49.558,81.695,18.305,37.134,80.865,19.135
[SHELL] ccA:402,3515519373,443559,-1.373,-39.046,0.000,-35.000,3.40500,3.22537,23.86,-8.238,-25.863,-8.238,-25.863,-8.265,-6.928,1.00000,74.342,-7.627,-36.257
[SHELL] ccB:402,23087,1,-2.076,33.074,-30.998,62.197,80.826,19.174,49.558,81.695,18.305
[SHELL] ccA:403,3515629409,443560,0.234,-38.415,0.000,-35.000,3.17399,2.99436,23.96,-8.270,-25.874,-8.270,-25.874,-8.265,-6.927,1.00000,74.342,17.067,-37.628
[SHELL] ccB:403,2147515543,1,-18.277,41.229,-22.952,74.165,78.402,21.598,62.197,80.826,19.174
[SHELL] ccA:404,3515739421,443561,3.697,-36.962,0.000,-35.000,2.94416,2.76455,23.97,-8.341,-25.902,-8.341,-25.902,-8.267,-6.926,1.00000,74.342,-11.720,-36.335
[SHELL] ccB:404,23111,1,18.619,19.555,-38.174,79.683,69.271,20.317,74.165,78.402,21.598
[SHELL] ccA:405,3515849445,443562,-1.614,-36.863,0.000,-35.000,2.71775,2.53809,24.00,-8.234,-25.903,-8.234,-25.903,-8.267,-6.925,1.00000,74.342,-0.084,-37.155
[SHELL] ccB:405,2147515525,1,15.357,21.621,-36.978,81.371,57.431,18.629,79.683,69.271,20.317
[SHELL] ccA:406,3515959529,443563,-1.573,-37.916,0.000,-35.000,2.48587,2.30627,23.97,-8.234,-25.881,-8.234,-25.881,-8.266,-6.923,1.00000,74.342,5.596,-41.020
[SHELL] ccB:406,23165,1,20.576,20.824,-41.400,81.492,44.738,18.508,81.371,57.431,18.629
[SHELL] ccA:407,3516069465,443564,0.997,-38.958,0.000,-35.000,2.25874,2.07911,23.93,-8.286,-25.858,-8.286,-25.858,-8.266,-6.921,1.00000,74.342,-7.121,-36.638
[SHELL] ccB:407,2147515515,1,32.827,-1.031,-31.795,79.971,32.485,20.029,81.492,44.738,18.508
[SHELL] ccA:408,3516179461,443565,1.957,-36.883,0.000,-35.000,2.03100,1.85137,23.94,-8.306,-25.898,-8.306,-25.898,-8.267,-6.920,1.00000,74.342,16.475,-33.236
[SHELL] ccB:408,23131,1,22.461,14.336,-36.797,77.898,22.102,23.989,79.971,32.485,20.029
[SHELL] ccA:409,3516289493,443566,4.940,-34.447,0.000,-35.000,1.80166,1.62204,23.97,-8.368,-25.947,-8.368,-25.947,-8.270,-6.921,1.00000,74.342,-6.070,-34.677
[SHELL] ccB:409,2147515501,1,35.146,-15.819,-19.328,80.669,19.331,35.706,77.898,22.102,23.989
[SHELL] ccA:410,3516399549,443567,1.961,-34.565,0.000,-35.000,1.56506,1.38542,24.07,-8.310,-25.945,-8.310,-25.945,-8.271,-6.921,1.00000,74.342,3.507,-35.670
[SHELL] ccB:410,23175,1,35.690,-14.985,-20.705,81.724,18.276,48.447,80.669,19.331,35.706
[SHELL] ccA:411,3516509485,443568,4.351,-36.308,0.000,-35.000,1.33142,1.15178,23.99,-8.360,-25.910,-8.360,-25.910,-8.273,-6.920,1.00000,74.342,16.459,-39.212
[SHELL] ccB:411,2147515505,1,41.996,-15.202,-26.794,81.035,18.965,61.318,81.724,18.276,48.447
[SHELL] ccA:412,3516619581,443569,7.243,-36.307,0.000,-35.000,1.10954,0.92993,24.08,-8.421,-25.909,-8.421,-25.909,-8.276,-6.919,1.00000,74.342,-7.454,-31.134
[SHELL] ccB:412,23191,1,24.563,-30.062,5.499,78.827,21.173,72.992,81.035,18.965,61.318
[SHELL] ccA:413,3516729337,443570,2.750,-33.115,0.000,-35.000,0.87936,0.69973,24.06,-8.333,-25.974,-8.333,-25.974,-8.278,-6.920,1.00000,74.342,9.450,-30.981
[SHELL] ccB:413,2147515579,1,29.891,-25.749,-4.141,70.889,20.601,79.399,78.827,21.173,72.992
[SHELL] ccA:414,3516839105,443571,1.930,-31.535,0.000,-35.000,0.64967,0.47004,23.62,-8.317,-26.007,-8.317,-26.007,-8.279,-6.922,1.00000,74.342,-3.725,-33.046
[SHELL] ccB:414,22953,1,17.024,-33.252,16.228,58.805,18.601,81.399,70.889,20.601,79.399
[SHELL] ccA:415,3516949149,443572,0.600,-32.714,0.000,-35.000,0.41123,0.23160,23.65,-8.291,-25.985,-8.291,-25.985,-8.279,-6.923,1.00000,74.342,0.400,-33.783
[SHELL] ccB:415,2147515673,1,13.871,-33.614,19.743,45.752,18.321,81.679,58.805,18.601,81.399
[SHELL] ctrlcap v1 armed=0 count=512 clock_hz=550000000 decimation=1
[SHELL] ccA:index,cycles,seq,id,iq,idref,iqref,theta,actangle,age_us,vdreq,vqreq,vd,vq,intd,intq,scale,bus,raw_id,raw_iq
[SHELL] ccB:index,timer,valid,ia,ib,ic,du,dv,dw,active_u,active_v,active_w
[SHELL] ccA:416,3517059309,443573,3.643,-33.438,0.000,-35.000,0.18747,0.00782,23.73,-8.354,-25.971,-8.354,-25.971,-8.281,-6.924,1.00000,74.342,17.497,-33.141
[SHELL] ccB:416,23055,1,23.367,-37.058,13.691,33.555,19.670,80.330,45.752,18.321,81.679
[SHELL] ccA:417,3517169393,443574,6.169,-33.459,0.000,-35.000,6.24149,6.06188,23.93,-8.407,-25.971,-8.407,-25.971,-8.284,-6.925,1.00000,74.342,-10.717,-33.772
[SHELL] ccB:417,2147515551,1,-12.116,-22.777,34.893,22.290,22.975,77.710,33.555,19.670,80.330
[SHELL] ccA:418,3517279337,443575,0.861,-32.798,0.000,-35.000,6.01318,5.83355,23.84,-8.302,-25.986,-8.302,-25.986,-8.284,-6.926,1.00000,74.342,7.380,-30.508
[SHELL] ccB:418,23069,1,-1.025,-26.656,27.681,19.533,34.348,80.467,22.290,22.975,77.710
[SHELL] ccA:419,3517389365,443576,0.947,-32.828,0.000,-35.000,5.77755,5.59793,23.90,-8.304,-25.986,-8.304,-25.986,-8.285,-6.927,1.00000,74.342,-0.255,-36.525
[SHELL] ccB:419,2147515565,1,-17.915,-18.609,36.524,18.264,47.103,81.736,19.533,34.348,80.467
[SHELL] ccA:420,3517499345,443577,1.468,-34.771,0.000,-35.000,5.54027,5.36067,23.84,-8.315,-25.948,-8.315,-25.948,-8.286,-6.927,1.00000,74.342,-0.996,-35.526
[SHELL] ccB:420,23073,1,-24.765,-9.693,34.458,18.803,60.136,81.197,18.264,47.103,81.736
[SHELL] ccA:421,3517609333,443578,4.583,-35.503,0.000,-35.000,5.31662,5.13699,23.85,-8.380,-25.933,-8.380,-25.933,-8.288,-6.927,1.00000,74.342,20.578,-34.434
[SHELL] ccB:421,2147515581,1,-16.646,-23.285,39.931,20.903,71.996,79.097,18.803,60.136,81.197
[SHELL] ccA:422,3517719333,443579,7.478,-33.689,0.000,-35.000,5.08119,4.90158,23.83,-8.441,-25.970,-8.441,-25.970,-8.292,-6.927,1.00000,74.342,-10.249,-30.360
[SHELL] ccB:422,23067,1,-32.014,14.807,17.206,20.682,79.318,71.381,20.903,71.996,79.097
[SHELL] ccA:423,3517829397,443580,0.333,-31.420,0.000,-35.000,4.85827,4.67866,23.93,-8.299,-26.017,-8.299,-26.017,-8.292,-6.929,1.00000,74.342,1.251,-30.526
[SHELL] ccB:423,2147515549,1,-30.020,10.096,19.924,18.708,81.292,59.925,20.682,79.318,71.381
[SHELL] ccA:424,3517942165,443581,-2.409,-31.098,0.000,-35.000,4.62791,4.44828,23.84,-8.242,-26.025,-8.242,-26.025,-8.291,-6.931,1.00000,74.342,-1.886,-32.979
[SHELL] ccB:424,24483,1,-32.702,20.389,12.313,18.234,81.766,47.399,18.708,81.292,59.925
[SHELL] ccA:425,3518049389,443582,-4.198,-32.070,0.000,-35.000,4.39760,4.21718,23.94,-8.205,-26.091,-8.205,-26.091,-8.289,-6.933,1.00000,74.342,-14.268,-31.796
[SHELL] ccB:425,2147515553,1,-25.816,33.183,-7.367,19.347,80.653,34.947,18.234,81.766,47.399
[SHELL] ccA:426,3518159421,443583,-5.470,-32.119,0.000,-35.000,4.15717,3.97674,23.93,-8.176,-26.091,-8.176,-26.091,-8.286,-6.934,1.00000,74.342,8.542,-31.905
[SHELL] ccB:426,23111,1,-31.615,24.086,7.529,22.291,77.709,22.792,19.347,80.653,34.947
[SHELL] ccA:427,3518269421,443584,-3.246,-33.681,0.000,-35.000,3.93570,3.75528,23.97,-8.219,-26.061,-8.219,-26.061,-8.284,-6.935,1.00000,74.342,-15.798,-39.119
[SHELL] ccB:427,2147515537,1,-16.827,41.918,-25.090,33.276,80.333,19.667,22.291,77.709,22.792
[SHELL] ccA:428,3518379393,443585,-6.045,-36.770,0.000,-35.000,3.70977,3.52935,23.87,-8.160,-25.998,-8.160,-25.998,-8.281,-6.934,1.00000,74.342,-1.124,-36.939
[SHELL] ccB:428,23097,1,-18.930,36.952,-18.023,45.408,81.632,18.368,33.276,80.333,19.667
[SHELL] ccA:429,3518489365,443586,-2.507,-38.028,0.000,-35.000,3.47402,3.29359,23.94,-8.230,-25.971,-8.230,-25.971,-8.280,-6.932,1.00000,74.342,8.018,-39.113
[SHELL] ccB:429,2147515565,1,-20.343,39.924,-19.581,58.479,81.357,18.643,45.408,81.632,18.368
[SHELL] ccA:430,3518599277,443587,0.924,-37.633,0.000,-35.000,3.24335,3.06293,23.80,-8.299,-25.978,-8.299,-25.978,-8.280,-6.931,1.00000,74.342,-11.215,-35.366
[SHELL] ccB:430,23039,1,7.565,27.674,-35.239,70.812,79.409,20.591,58.479,81.357,18.643
[SHELL] ccA:431,3518709277,443588,-0.709,-35.755,0.000,-35.000,3.01709,2.83668,23.79,-8.266,-26.015,-8.266,-26.015,-8.280,-6.931,1.00000,74.342,11.577,-33.175
[SHELL] ccB:431,2147515609,1,-7.368,33.437,-26.069,78.842,73.192,21.158,70.812,79.409,20.591
[SHELL] ctrlcap v1 armed=0 count=512 clock_hz=550000000 decimation=1
[SHELL] ccA:index,cycles,seq,id,iq,idref,iqref,theta,actangle,age_us,vdreq,vqreq,vd,vq,intd,intq,scale,bus,raw_id,raw_iq
[SHELL] ccB:index,timer,valid,ia,ib,ic,du,dv,dw,active_u,active_v,active_w
[SHELL] ccA:432,3518819349,443589,0.658,-34.808,0.000,-35.000,2.78411,2.60373,23.89,-8.294,-26.034,-8.294,-26.034,-8.280,-6.931,1.00000,74.342,-9.306,-37.514
[SHELL] ccB:432,23075,1,21.845,16.692,-38.537,81.189,61.003,18.811,78.842,73.192,21.158
[SHELL] ccA:433,3518929353,443590,-2.104,-37.007,0.000,-35.000,2.55529,2.37485,23.93,-8.237,-25.989,-8.237,-25.989,-8.279,-6.930,1.00000,74.342,-1.382,-39.825
[SHELL] ccB:433,2147515571,1,23.186,16.475,-39.660,81.748,48.544,18.252,81.189,61.003,18.811
[SHELL] ccA:434,3519039393,443591,0.859,-39.458,0.000,-35.000,2.31960,2.13918,23.95,-8.297,-25.938,-8.297,-25.938,-8.280,-6.928,1.00000,74.342,15.504,-40.669
[SHELL] ccB:434,23097,1,19.235,24.195,-43.430,80.618,35.619,19.382,81.748,48.544,18.252
[SHELL] ccA:435,3519149465,443592,5.235,-39.481,0.000,-35.000,2.09261,1.91219,24.03,-8.387,-25.935,-8.387,-25.935,-8.282,-6.925,1.00000,74.342,-8.686,-36.760
[SHELL] ccB:435,2147515515,1,36.197,-8.751,-27.446,77.942,23.876,22.058,80.618,35.619,19.382
[SHELL] ccA:436,3519259413,443593,1.633,-36.765,0.000,-35.000,1.86298,1.68256,23.93,-8.316,-25.989,-8.316,-25.989,-8.283,-6.924,1.00000,74.342,8.399,-32.870
[SHELL] ccB:436,23107,1,29.057,0.636,-29.693,80.116,19.884,32.384,77.942,23.876,22.058
[SHELL] ccA:437,3519369405,443594,0.747,-34.618,0.000,-35.000,1.63663,1.45621,23.89,-8.298,-26.032,-8.298,-26.032,-8.284,-6.925,1.00000,74.342,-5.123,-35.974
[SHELL] ccB:437,2147515545,1,36.234,-20.494,-15.739,81.668,18.332,44.474,80.116,19.884,32.384
[SHELL] ccA:438,3519479465,443595,-2.184,-35.219,0.000,-35.000,1.40194,1.22151,23.99,-8.239,-26.020,-8.239,-26.020,-8.282,-6.925,1.00000,74.342,-6.891,-36.056
[SHELL] ccB:438,23133,1,34.385,-28.323,-6.062,81.516,18.484,57.266,81.668,18.332,44.474
[SHELL] ccA:439,3519589481,443596,-1.278,-36.097,0.000,-35.000,1.17101,0.99059,23.99,-8.256,-26.001,-8.256,-26.001,-8.282,-6.924,1.00000,74.342,13.790,-36.302
[SHELL] ccB:439,2147515507,1,38.807,-20.639,-18.168,79.697,20.303,69.600,81.516,18.484,57.266
[SHELL] ccA:440,3519699453,443597,2.558,-35.348,0.000,-35.000,0.94203,0.76162,23.96,-8.334,-26.016,-8.334,-26.016,-8.283,-6.924,1.00000,74.342,-10.457,-32.733
[SHELL] ccB:440,23127,1,20.322,-34.158,13.836,74.055,21.366,78.634,79.697,20.303,69.600
[SHELL] ccA:441,3519809053,443598,-0.490,-33.458,0.000,-35.000,0.70490,0.52448,23.65,-8.273,-26.055,-8.273,-26.055,-8.283,-6.925,1.00000,74.342,5.163,-32.063
[SHELL] ccB:441,2147515721,1,24.708,-30.606,5.898,61.877,18.902,81.098,74.055,21.366,78.634
[SHELL] ccA:442,3519919081,443599,0.882,-32.967,0.000,-35.000,0.48020,0.29982,23.60,-8.301,-26.066,-8.301,-26.066,-8.283,-6.926,1.00000,74.342,3.656,-35.011
[SHELL] ccB:442,22941,1,19.416,-35.137,15.720,49.532,18.134,81.866,61.877,18.902,81.098
[SHELL] ccA:443,3520029233,443600,0.588,-34.078,0.000,-35.000,0.24565,0.06526,23.75,-8.295,-26.044,-8.295,-26.044,-8.284,-6.926,1.00000,74.342,-10.124,-34.226
[SHELL] ccB:443,2147515631,1,-1.496,-30.135,31.631,36.725,19.095,80.905,49.532,18.134,81.866
[SHELL] ccA:444,3520139321,443601,-0.974,-33.662,0.000,-35.000,0.00981,6.11257,23.87,-8.264,-26.053,-8.264,-26.053,-8.283,-6.927,1.00000,74.342,12.696,-31.183
[SHELL] ccB:444,23061,1,13.001,-33.397,20.396,24.643,21.725,78.275,36.725,19.095,80.905
[SHELL] ccA:445,3520249345,443602,-0.006,-33.132,0.000,-35.000,6.06756,5.88716,23.91,-8.283,-26.064,-8.283,-26.064,-8.283,-6.928,1.00000,74.342,-15.292,-35.935
[SHELL] ccB:445,2147515575,1,-22.626,-16.254,38.880,20.002,31.417,79.998,24.643,21.725,78.275
[SHELL] ccA:446,3520359269,443603,-5.460,-34.965,0.000,-35.000,5.83273,5.65234,23.77,-8.171,-26.028,-8.171,-26.028,-8.280,-6.928,1.00000,74.342,-3.952,-36.805
[SHELL] ccB:446,23035,1,-19.582,-17.413,36.995,18.420,43.840,81.580,20.002,31.417,79.998
[SHELL] ccA:447,3520469289,443604,-4.823,-37.046,0.000,-35.000,5.60128,5.42086,23.79,-8.181,-25.985,-8.181,-25.985,-8.278,-6.927,1.00000,74.342,3.904,-38.639
[SHELL] ccB:447,2147515603,1,-21.322,-17.450,38.771,18.493,56.589,81.507,18.420,43.840,81.580
[SHELL] ctrlcap v1 armed=0 count=512 clock_hz=550000000 decimation=1
[SHELL] ccA:index,cycles,seq,id,iq,idref,iqref,theta,actangle,age_us,vdreq,vqreq,vd,vq,intd,intq,scale,bus,raw_id,raw_iq
[SHELL] ccB:index,timer,valid,ia,ib,ic,du,dv,dw,active_u,active_v,active_w
[SHELL] ccA:448,3520579261,443605,-2.166,-36.631,0.000,-35.000,5.36380,5.18338,23.77,-8.234,-25.993,-8.234,-25.993,-8.277,-6.926,1.00000,74.342,-12.521,-32.443
[SHELL] ccB:448,23031,1,-33.391,8.284,25.107,20.267,69.348,79.733,18.493,56.589,81.507
[SHELL] ccA:449,3520689281,443606,-3.336,-34.263,0.000,-35.000,5.14223,4.96182,23.78,-8.208,-26.040,-8.208,-26.040,-8.275,-6.926,1.00000,74.342,7.792,-33.526
[SHELL] ccB:449,2147515607,1,-27.229,-4.619,31.849,21.609,78.391,74.835,20.267,69.348,79.733
[SHELL] ccA:450,3520799305,443607,-3.186,-32.939,0.000,-35.000,4.91373,4.73331,23.86,-8.210,-26.068,-8.210,-26.068,-8.274,-6.927,1.00000,73.902,-15.806,-32.259
[SHELL] ccB:450,23053,1,-34.768,25.209,9.559,18.886,81.114,63.154,21.609,78.391,74.835
[SHELL] ccA:451,3520909261,443608,-8.005,-33.063,0.000,-35.000,4.68111,4.50071,23.78,-8.109,-26.066,-8.109,-26.066,-8.270,-6.928,1.00000,73.902,-8.200,-34.208
[SHELL] ccB:451,2147515617,1,-33.935,24.992,8.943,18.012,81.988,50.571,18.886,81.114,63.154
[SHELL] ccA:452,3521019305,443609,-6.951,-33.807,0.000,-35.000,4.45024,4.26981,23.87,-8.127,-26.052,-8.127,-26.052,-8.266,-6.929,1.00000,74.342,4.401,-34.554
[SHELL] ccB:452,23053,1,-34.514,21.331,13.183,18.985,81.015,37.910,18.012,81.988,50.571
[SHELL] ccA:453,3521129317,443610,-4.632,-34.830,0.000,-35.000,4.21833,4.03793,23.87,-8.171,-26.032,-8.171,-26.032,-8.264,-6.929,1.00000,74.342,-19.131,-36.004
[SHELL] ccB:453,2147515589,1,-22.626,40.686,-18.059,21.450,78.550,25.806,18.985,81.015,37.910
[SHELL] ccA:454,3521239325,443611,-7.493,-34.908,0.000,-35.000,3.98969,3.80927,23.85,-8.110,-26.030,-8.110,-26.030,-8.260,-6.929,1.00000,74.342,3.889,-33.068
[SHELL] ccB:454,23063,1,-27.374,30.102,-2.728,30.331,79.661,20.339,21.450,78.550,25.806
[SHELL] ccA:455,3521349369,443612,-5.800,-35.500,0.000,-35.000,3.75915,3.57873,23.90,-8.141,-26.018,-8.141,-26.018,-8.257,-6.929,1.00000,74.342,-11.848,-39.858
[SHELL] ccB:455,2147515563,1,-13.421,40.794,-27.374,42.657,81.474,18.526,30.331,79.661,20.339
[SHELL] ccA:456,3521459293,443613,-7.205,-37.417,0.000,-35.000,3.53198,3.35156,23.81,-8.109,-25.979,-8.109,-25.979,-8.254,-6.927,1.00000,74.342,-9.012,-36.881
[SHELL] ccB:456,23047,1,-5.701,35.358,-29.657,55.078,81.567,18.433,42.657,81.474,18.526
[SHELL] ccA:457,3521569301,443614,-5.054,-38.212,0.000,-35.000,3.30336,3.12296,23.81,-8.150,-25.961,-8.150,-25.961,-8.251,-6.926,1.00000,73.902,9.657,-39.227
[SHELL] ccB:457,2147515597,1,-15.849,40.106,-24.257,67.521,80.239,19.761,55.078,81.567,18.433
[SHELL] ccA:458,3521679321,443615,-1.619,-37.890,0.000,-35.000,3.06846,2.88805,23.80,-8.218,-25.966,-8.218,-25.966,-8.250,-6.924,1.00000,73.902,-16.778,-36.222
[SHELL] ccB:458,23061,1,19.380,20.534,-39.914,78.203,75.877,21.797,67.521,80.239,19.761
[SHELL] ccA:459,3521789353,443616,-6.009,-36.256,0.000,-35.000,2.83573,2.65534,23.90,-8.127,-25.998,-8.127,-25.998,-8.247,-6.924,1.00000,73.902,-0.138,-33.350
[SHELL] ccB:459,2147515571,1,10.174,22.419,-32.593,80.864,64.105,19.136,78.203,75.877,21.797
[SHELL] ccA:460,3521899349,443617,-5.965,-35.891,0.000,-35.000,2.60723,2.42681,23.90,-8.125,-26.005,-8.125,-26.005,-8.244,-6.923,1.00000,73.902,-6.807,-40.642
[SHELL] ccB:460,23075,1,26.556,14.010,-40.566,81.913,51.636,18.087,80.864,64.105,19.136
[SHELL] ccA:461,3522009393,443618,-6.696,-38.147,0.000,-35.000,2.38230,2.20191,23.91,-8.107,-25.958,-8.107,-25.958,-8.241,-6.922,1.00000,73.902,-13.033,-37.954
[SHELL] ccB:461,2147515551,1,35.581,-1.720,-33.861,81.263,39.294,18.737,81.913,51.636,18.087
[SHELL] ccA:462,3522119449,443619,-5.357,-38.698,0.000,-35.000,2.15062,1.97022,23.97,-8.131,-25.945,-8.131,-25.945,-8.238,-6.920,1.00000,73.902,11.444,-38.243
[SHELL] ccB:462,23125,1,25.723,13.575,-39.298,78.990,27.101,21.010,81.263,39.294,18.737
[SHELL] ccA:463,3522229425,443620,-0.724,-38.353,0.000,-35.000,1.91956,1.73915,23.93,-8.223,-25.951,-8.223,-25.951,-8.238,-6.918,1.00000,73.902,-12.750,-38.971
[SHELL] ccB:463,2147515535,1,40.981,-19.334,-21.647,79.565,20.435,29.245,78.990,27.101,21.010
[SHELL] ctrlcap v1 armed=0 count=512 clock_hz=550000000 decimation=1
[SHELL] ccA:index,cycles,seq,id,iq,idref,iqref,theta,actangle,age_us,vdreq,vqreq,vd,vq,intd,intq,scale,bus,raw_id,raw_iq
[SHELL] ccB:index,timer,valid,ia,ib,ic,du,dv,dw,active_u,active_v,active_w
[SHELL] ccA:464,3522339337,443621,-3.121,-38.809,0.000,-35.000,1.69556,1.51514,23.82,-8.174,-25.940,-8.174,-25.940,-8.236,-6.916,1.00000,73.902,1.573,-39.052
[SHELL] ccB:464,23069,1,38.553,-13.716,-24.837,81.450,18.550,41.059,79.565,20.435,29.245
[SHELL] ccA:465,3522449389,443622,-1.788,-39.334,0.000,-35.000,1.46474,1.28431,23.92,-8.200,-25.927,-8.200,-25.927,-8.235,-6.914,1.00000,73.902,2.451,-40.260
[SHELL] ccB:465,2147515553,1,40.293,-21.726,-18.566,81.790,18.210,53.816,81.450,18.550,41.059
[SHELL] ccA:466,3522559385,443623,-1.016,-38.214,0.000,-35.000,1.23237,1.05195,23.94,-8.215,-25.948,-8.215,-25.948,-8.235,-6.913,1.00000,73.902,-10.539,-33.284
[SHELL] ccB:466,23093,1,27.897,-32.128,4.231,80.452,19.548,66.423,81.790,18.210,53.816
[SHELL] ccA:467,3522669369,443624,-2.071,-34.909,0.000,-35.000,1.00315,0.82275,23.83,-8.192,-26.014,-8.192,-26.014,-8.234,-6.913,1.00000,73.902,10.344,-32.809
[SHELL] ccB:467,2147515563,1,33.225,-24.336,-8.889,77.393,22.227,77.773,80.452,19.548,66.423
[SHELL] ccA:468,3522779193,443625,-0.491,-32.956,0.000,-35.000,0.77033,0.58995,23.94,-8.224,-26.054,-8.224,-26.054,-8.234,-6.914,1.00000,73.902,-12.112,-32.922
[SHELL] ccB:468,22997,1,14.234,-34.883,20.649,65.549,19.268,80.732,77.393,22.227,77.773
[SHELL] ccA:469,3522888973,443626,-3.560,-33.366,0.000,-35.000,0.54055,0.36019,23.45,-8.161,-26.047,-8.161,-26.047,-8.232,-6.914,1.00000,73.902,-0.360,-34.809
[SHELL] ccB:469,2147515761,1,17.604,-34.810,17.206,53.132,18.065,81.935,65.549,19.268,80.732
[SHELL] ccA:470,3522998993,443627,-0.892,-34.158,0.000,-35.000,0.31042,0.13000,23.50,-8.214,-26.031,-8.214,-26.031,-8.231,-6.915,1.00000,73.902,9.264,-34.093
[SHELL] ccB:470,22897,1,19.235,-35.282,16.046,40.319,18.505,81.495,53.132,18.065,81.935
[SHELL] ccA:471,3523108993,443628,0.931,-34.315,0.000,-35.000,0.08345,6.18620,23.64,-8.250,-26.028,-8.250,-26.028,-8.232,-6.915,1.00000,73.902,-14.442,-34.262
[SHELL] ccB:471,2147515751,1,-11.536,-24.843,36.379,28.217,20.578,79.422,40.319,18.505,81.495
[SHELL] ccA:472,3523218945,443629,-3.592,-33.792,0.000,-35.000,6.14705,5.96663,23.55,-8.158,-26.039,-8.158,-26.039,-8.230,-6.916,1.00000,73.902,5.253,-32.550
[SHELL] ccB:472,22873,1,0.787,-28.939,28.152,20.894,27.061,79.106,28.217,20.578,79.422
[SHELL] ccA:473,3523328885,443630,-3.892,-34.627,0.000,-35.000,5.90812,5.72771,23.42,-8.150,-26.023,-8.150,-26.023,-8.228,-6.916,1.00000,73.902,-11.631,-39.148
[SHELL] ccB:473,2147515805,1,-25.164,-15.275,40.438,18.609,39.644,81.391,20.894,27.061,79.106
[SHELL] ccA:474,3523438913,443631,-4.666,-37.783,0.000,-35.000,5.68125,5.50083,23.51,-8.132,-25.958,-8.132,-25.958,-8.226,-6.915,1.00000,73.902,-0.654,-40.287
[SHELL] ccB:474,22857,1,-23.351,-16.761,40.112,18.147,52.140,81.853,18.609,39.644,81.391
[SHELL] ccA:475,3523548897,443632,1.316,-39.939,0.000,-35.000,5.45931,5.27890,23.45,-8.253,-25.913,-8.253,-25.913,-8.226,-6.912,1.00000,73.902,18.205,-40.035
[SHELL] ccB:475,2147515799,1,-17.009,-26.619,43.628,19.247,64.479,80.753,18.147,52.140,81.853
[SHELL] ccA:476,3523658973,443633,7.596,-38.578,0.000,-35.000,5.21207,5.03165,23.53,-8.382,-25.938,-8.382,-25.938,-8.230,-6.910,1.00000,73.902,-5.371,-33.954
[SHELL] ccB:476,22887,1,-32.376,6.181,26.195,22.230,77.343,77.770,19.247,64.479,80.753
[SHELL] ccA:477,3523768953,443634,5.405,-34.838,0.000,-35.000,4.98850,4.80810,23.53,-8.341,-26.013,-8.341,-26.013,-8.233,-6.910,1.00000,73.902,14.159,-31.409
[SHELL] ccB:477,2147515771,1,-26.360,-6.033,32.392,19.504,80.496,66.863,22.230,77.343,77.770
[SHELL] ccA:478,3523878897,443635,5.294,-32.556,0.000,-35.000,4.76344,4.58302,23.45,-8.341,-26.060,-8.341,-26.060,-8.236,-6.912,1.00000,73.902,-1.768,-33.453
[SHELL] ccB:478,22849,1,-33.500,16.801,16.699,18.049,81.951,54.685,19.504,80.496,66.863
[SHELL] ccA:479,3523988897,443636,0.683,-32.906,0.000,-35.000,4.53779,4.35737,23.44,-8.250,-26.054,-8.250,-26.054,-8.236,-6.913,1.00000,73.902,-7.889,-33.311
[SHELL] ccB:479,2147515799,1,-31.434,27.457,3.977,18.279,81.721,42.366,18.049,81.951,54.685
[SHELL] ctrlcap v1 armed=0 count=512 clock_hz=550000000 decimation=1
[SHELL] ccA:index,cycles,seq,id,iq,idref,iqref,theta,actangle,age_us,vdreq,vqreq,vd,vq,intd,intq,scale,bus,raw_id,raw_iq
[SHELL] ccB:index,timer,valid,ia,ib,ic,du,dv,dw,active_u,active_v,active_w
[SHELL] ccA:480,3524098905,443637,-1.372,-33.226,0.000,-35.000,4.30186,4.12142,23.46,-8.208,-26.048,-8.208,-26.048,-8.235,-6.914,1.00000,73.902,12.057,-32.829
[SHELL] ccB:480,22853,1,-34.913,19.229,15.684,20.192,79.808,29.819,18.279,81.721,42.366
[SHELL] ccA:481,3524208917,443638,0.731,-33.509,0.000,-35.000,4.07736,3.89694,23.54,-8.250,-26.044,-8.250,-26.044,-8.236,-6.914,1.00000,73.902,-13.300,-35.069
[SHELL] ccB:481,2147515789,1,-20.343,37.460,-17.117,25.953,78.847,21.153,20.192,79.808,29.819
[SHELL] ccA:482,3524318841,443639,-2.066,-33.997,0.000,-35.000,3.84147,3.66105,23.38,-8.193,-26.034,-8.193,-26.034,-8.235,-6.915,1.00000,73.902,6.276,-33.019
[SHELL] ccB:482,22821,1,-26.070,31.407,-5.337,38.205,81.250,18.750,25.953,78.847,21.153
[SHELL] ccA:483,3524431249,443640,1.242,-35.296,0.000,-35.000,3.61154,3.43214,24.51,-8.260,-26.008,-8.260,-26.008,-8.235,-6.915,1.00000,73.902,5.715,-40.074
[SHELL] ccB:483,2147514623,1,-23.243,40.323,-17.080,50.940,81.973,18.027,38.205,81.250,18.750
[SHELL] ccA:484,3524538893,443641,3.465,-36.884,0.000,-35.000,3.38681,3.20638,23.50,-8.306,-25.975,-8.306,-25.975,-8.237,-6.914,1.00000,73.902,-3.845,-34.367
[SHELL] ccB:484,22847,1,-4.613,31.987,-27.374,63.411,81.006,18.994,50.940,81.973,18.027
[SHELL] ccA:485,3524648885,443642,4.566,-36.015,0.000,-35.000,3.14666,2.96624,23.49,-8.331,-25.992,-8.331,-25.992,-8.239,-6.913,1.00000,73.902,20.237,-35.254
[SHELL] ccB:485,2147515805,1,-20.416,40.649,-20.234,75.853,78.289,21.711,63.411,81.006,18.994
[SHELL] ccA:486,3524758865,443643,7.196,-34.408,0.000,-35.000,2.92014,2.73972,23.40,-8.387,-26.025,-8.387,-26.025,-8.243,-6.914,1.00000,73.902,-7.846,-32.757
[SHELL] ccB:486,22833,1,14.850,18.758,-33.608,80.276,68.171,19.724,75.853,78.289,21.711
[SHELL] ccA:487,3524869193,443644,1.834,-33.828,0.000,-35.000,2.68883,2.50840,23.50,-8.280,-26.037,-8.280,-26.037,-8.244,-6.914,1.00000,73.902,2.790,-34.544
[SHELL] ccB:487,2147515651,1,12.603,21.658,-34.260,81.837,55.873,18.163,80.276,68.171,19.724
[SHELL] ccA:488,3524979513,443645,2.003,-35.186,0.000,-35.000,2.46226,2.28184,24.03,-8.285,-26.010,-8.285,-26.010,-8.245,-6.914,1.00000,73.902,10.277,-38.900
[SHELL] ccB:488,23157,1,16.444,23.578,-40.023,81.755,43.317,18.245,81.837,55.873,18.163
[SHELL] ccA:489,3525089509,443646,4.100,-36.436,0.000,-35.000,2.23514,2.05473,23.99,-8.329,-25.984,-8.329,-25.984,-8.247,-6.913,1.00000,73.902,-6.945,-33.401
[SHELL] ccB:489,2147515493,1,30.579,-2.191,-28.389,80.039,31.017,19.961,81.755,43.317,18.245
[SHELL] ccA:490,3525199585,443647,3.383,-34.387,0.000,-35.000,2.00047,1.82005,24.09,-8.316,-26.025,-8.316,-26.025,-8.248,-6.914,1.00000,73.902,17.145,-31.845
[SHELL] ccB:490,23193,1,21.808,14.083,-35.891,78.638,21.362,25.204,80.039,31.017,19.961
[SHELL] ccA:491,3525309597,443648,5.644,-32.495,0.000,-35.000,1.76572,1.58534,24.06,-8.364,-26.064,-8.364,-26.064,-8.251,-6.915,1.00000,73.902,-4.769,-32.888
[SHELL] ccB:491,2147515449,1,33.189,-15.130,-18.059,81.251,18.749,37.462,78.638,21.362,25.204
[SHELL] ccA:492,3525419621,443649,2.917,-33.120,0.000,-35.000,1.54061,1.36020,24.17,-8.311,-26.053,-8.311,-26.053,-8.253,-6.916,1.00000,73.902,4.063,-34.858
[SHELL] ccB:492,23211,1,34.965,-14.876,-20.089,82.046,17.954,49.767,81.251,18.749,37.462
[SHELL] ccA:493,3525529565,443650,5.507,-35.568,0.000,-35.000,1.31268,1.13226,24.05,-8.366,-26.004,-8.366,-26.004,-8.255,-6.916,1.00000,73.902,18.671,-39.668
[SHELL] ccB:493,2147515465,1,43.120,-14.695,-28.425,81.195,18.805,62.435,82.046,17.954,49.767
[SHELL] ccA:494,3525639689,443651,8.588,-36.565,0.000,-35.000,1.08201,0.90159,24.16,-8.432,-25.983,-8.432,-25.983,-8.260,-6.915,1.00000,73.902,-7.055,-32.065
[SHELL] ccB:494,23245,1,24.998,-30.932,5.934,78.692,21.308,74.585,81.195,18.805,62.435
[SHELL] ccA:495,3525749389,443652,4.520,-33.995,0.000,-35.000,0.84838,0.66796,24.11,-8.352,-26.035,-8.352,-26.035,-8.262,-6.915,1.00000,73.902,13.518,-32.180
[SHELL] ccB:495,2147515553,1,33.080,-26.184,-6.896,69.421,19.985,80.015,78.692,21.308,74.585
[SHELL] ctrlcap v1 armed=0 count=512 clock_hz=550000000 decimation=1
[SHELL] ccA:index,cycles,seq,id,iq,idref,iqref,theta,actangle,age_us,vdreq,vqreq,vd,vq,intd,intq,scale,bus,raw_id,raw_iq
[SHELL] ccB:index,timer,valid,ia,ib,ic,du,dv,dw,active_u,active_v,active_w
[SHELL] ccA:496,3525859201,443653,4.970,-32.435,0.000,-35.000,0.61723,0.43680,23.77,-8.364,-26.067,-8.364,-26.067,-8.265,-6.917,1.00000,73.902,-0.102,-33.316
[SHELL] ccB:496,23001,1,19.199,-33.179,13.980,57.000,18.175,81.825,69.421,19.985,80.015
[SHELL] ccA:497,3525969213,443654,3.213,-32.957,0.000,-35.000,0.39256,0.21217,23.74,-8.330,-26.058,-8.330,-26.058,-8.266,-6.918,1.00000,73.902,-0.461,-33.015
[SHELL] ccB:497,2147515641,1,12.204,-32.672,20.468,44.609,18.093,81.907,57.000,18.175,81.825
[SHELL] ccA:498,3526079281,443655,4.848,-33.163,0.000,-35.000,0.16384,6.26659,23.70,-8.366,-26.055,-8.366,-26.055,-8.269,-6.918,1.00000,73.902,20.419,-33.306
[SHELL] ccB:498,23041,1,25.578,-38.362,12.784,32.145,19.635,80.365,44.609,18.093,81.907
[SHELL] ccA:499,3526189329,443656,8.140,-33.573,0.000,-35.000,6.20653,6.02612,23.83,-8.435,-26.047,-8.435,-26.047,-8.273,-6.919,1.00000,73.902,-7.817,-34.666
[SHELL] ccB:499,2147515583,1,-10.449,-24.191,34.639,21.496,24.489,78.504,32.145,19.635,80.365
[SHELL] ccA:500,3526299337,443657,3.973,-33.593,0.000,-35.000,5.98937,5.80896,23.82,-8.354,-26.047,-8.354,-26.047,-8.275,-6.920,1.00000,73.902,11.105,-31.733
[SHELL] ccB:500,23069,1,1.439,-29.809,28.369,19.044,35.586,80.956,21.496,24.489,78.504
[SHELL] ccA:501,3526409353,443658,5.078,-34.444,0.000,-35.000,5.74712,5.56671,23.89,-8.379,-26.031,-8.379,-26.031,-8.277,-6.920,1.00000,73.902,5.918,-39.643
[SHELL] ccB:501,2147515571,1,-15.160,-24.553,39.714,17.960,48.928,82.040,19.044,35.586,80.956
[SHELL] ccA:502,3526519361,443659,6.291,-37.333,0.000,-35.000,5.52133,5.34088,23.90,-8.406,-25.972,-8.406,-25.972,-8.280,-6.919,1.00000,73.902,2.224,-38.314
[SHELL] ccB:502,23081,1,-24.837,-12.919,37.756,18.701,61.449,81.299,17.960,48.928,82.040
[SHELL] ccA:503,3526629389,443660,9.018,-38.124,0.000,-35.000,5.28721,5.10679,23.95,-8.465,-25.954,-8.465,-25.954,-8.285,-6.917,1.00000,73.902,25.704,-36.226
[SHELL] ccB:503,2147515553,1,-16.429,-27.525,43.954,21.117,73.826,78.883,18.701,61.449,81.299
[SHELL] ccA:504,3526739377,443661,12.374,-35.722,0.000,-35.000,5.06467,4.88426,23.89,-8.538,-26.002,-8.538,-26.002,-8.291,-6.917,1.00000,73.902,-4.136,-32.124
[SHELL] ccB:504,23089,1,-31.579,9.552,22.027,20.195,79.805,70.511,21.117,73.826,78.883
[SHELL] ccA:505,3526849357,443662,6.177,-33.325,0.000,-35.000,4.82851,4.64806,23.89,-8.418,-26.051,-8.418,-26.051,-8.294,-6.918,1.00000,73.902,7.277,-32.824
[SHELL] ccB:505,2147515569,1,-31.760,6.326,25.434,18.263,81.737,58.125,20.195,79.805,70.511
[SHELL] ccA:506,3526959361,443663,4.570,-32.814,0.000,-35.000,4.59159,4.41118,23.90,-8.388,-26.062,-8.388,-26.062,-8.296,-6.919,1.00000,73.902,7.863,-33.485
[SHELL] ccB:506,23081,1,-34.188,13.829,20.359,18.043,81.957,45.062,18.263,81.737,58.125
[SHELL] ccA:507,3527069385,443664,4.123,-33.021,0.000,-35.000,4.36656,4.18614,23.91,-8.381,-26.059,-8.381,-26.059,-8.298,-6.920,1.00000,73.902,-6.511,-32.291
[SHELL] ccB:507,2147515555,1,-28.172,28.870,-0.698,19.489,80.511,32.849,18.043,81.957,45.062
[SHELL] ccA:508,3527179357,443665,2.497,-32.234,0.000,-35.000,4.13070,3.95028,23.83,-8.350,-26.076,-8.350,-26.076,-8.300,-6.921,1.00000,73.902,15.146,-30.871
[SHELL] ccB:508,23079,1,-34.116,20.788,13.328,23.415,78.176,21.824,19.489,80.511,32.849
[SHELL] ccA:509,3527289365,443666,4.502,-31.997,0.000,-35.000,3.90957,3.72915,23.86,-8.392,-26.082,-8.392,-26.082,-8.302,-6.923,1.00000,73.902,-5.771,-33.955
[SHELL] ccB:509,2147515565,1,-19.437,34.343,-14.906,34.831,80.890,19.110,23.415,78.176,21.824
[SHELL] ccA:510,3527399417,443667,1.986,-33.721,0.000,-35.000,3.67719,3.49677,23.97,-8.343,-26.049,-8.343,-26.049,-8.303,-6.924,1.00000,73.902,4.339,-36.101
[SHELL] ccB:510,23109,1,-22.155,36.046,-13.891,47.490,82.020,17.980,34.831,80.890,19.110
[SHELL] ccA:511,3527509361,443668,4.612,-37.346,0.000,-35.000,3.44468,3.26429,23.86,-8.397,-25.975,-8.397,-25.975,-8.305,-6.922,1.00000,73.902,15.544,-43.225
[SHELL] ccB:511,2147515567,1,-27.737,45.578,-17.842,60.464,81.414,18.586,47.490,82.020,17.980
