[SHELL] ctrlcap v1 armed=0 count=512 clock_hz=550000000 decimation=1
[SHELL] ccA:index,cycles,seq,id,iq,idref,iqref,theta,actangle,age_us,vdreq,vqreq,vd,vq,intd,intq,scale,bus,raw_id,raw_iq
[SHELL] ccB:index,timer,valid,ia,ib,ic,du,dv,dw,active_u,active_v,active_w
[SHELL] ccA:0,855209829,100571,-0.355,-1.358,0.000,0.000,5.45195,5.45195,22.65,0.007,0.028,0.007,0.028,0.000,0.001,1.00000,74.342,-0.355,-1.358
[SHELL] ccB:0,22633,1,-1.243,0.056,1.186,50.034,49.998,49.966,50.000,50.000,50.000
[SHELL] ccA:1,855320033,100572,-0.294,-0.654,0.000,0.000,5.45269,5.45269,22.99,0.006,0.014,0.006,0.014,0.000,0.001,1.00000,74.342,-0.232,0.051
[SHELL] ccB:1,2147515913,1,-0.119,0.237,-0.118,50.018,49.994,49.982,50.034,49.998,49.966
[SHELL] ccA:2,855430461,100573,-0.319,-0.263,0.000,0.000,5.44972,5.44972,23.79,0.007,0.006,0.007,0.006,0.000,0.001,1.00000,74.342,-0.458,0.206
[SHELL] ccB:2,22949,1,-0.155,0.491,-0.336,50.010,49.990,49.992,50.018,49.994,49.982
[SHELL] ccA:3,855540453,100574,-0.337,0.035,0.000,0.000,5.44927,5.44928,23.79,0.007,0.000,0.007,0.000,0.001,0.001,1.00000,74.342,-0.201,-0.321
[SHELL] ccB:3,2147515703,1,-0.373,0.129,0.244,50.008,49.992,50.004,50.010,49.990,49.992
[SHELL] ccA:4,855658793,100575,-0.311,-0.184,0.000,0.000,5.45338,5.45338,26.69,0.007,0.005,0.007,0.005,0.001,0.001,1.00000,74.342,-0.384,-0.301
[SHELL] ccB:4,27115,1,-0.481,0.310,0.172,50.010,49.990,49.995,50.008,49.992,50.004
[SHELL] ccA:5,855760421,100576,-0.261,-0.254,0.000,0.000,5.44829,5.44829,23.70,0.006,0.006,0.006,0.006,0.001,0.001,1.00000,74.342,-0.077,-0.091
[SHELL] ccB:5,2147515719,1,-0.119,0.056,0.063,50.009,49.991,49.991,50.010,49.990,49.995
[SHELL] ccA:6,855870465,100577,-0.105,-0.470,0.000,0.000,5.45166,5.45166,23.79,0.003,0.011,0.003,0.011,0.001,0.002,1.00000,74.342,0.119,-1.397
[SHELL] ccB:6,22951,1,-0.953,-0.415,1.368,50.013,49.999,49.987,50.009,49.991,49.991
[SHELL] ccA:7,855980441,100578,0.101,-0.718,0.000,0.000,5.44712,5.44712,23.76,-0.001,0.016,-0.001,0.016,0.001,0.002,1.00000,74.342,0.242,0.012
[SHELL] ccB:7,2147515709,1,0.171,-0.234,0.063,50.018,50.009,49.982,50.013,49.999,49.987
[SHELL] ccA:8,856090429,100579,0.261,-0.495,0.000,0.000,5.44644,5.44644,23.75,-0.004,0.012,-0.004,0.012,0.001,0.002,1.00000,74.342,0.443,-0.608
[SHELL] ccB:8,22933,1,-0.155,-0.560,0.715,50.012,50.013,49.987,50.018,50.009,49.982
[SHELL] ccA:9,856200453,100580,0.288,-0.335,0.000,0.000,5.44782,5.44782,23.78,-0.005,0.009,-0.005,0.009,0.001,0.002,1.00000,73.902,0.025,-0.134
[SHELL] ccB:9,2147515703,1,-0.083,-0.053,0.135,50.007,50.012,49.988,50.012,50.013,49.987
[SHELL] ccA:10,856310437,100581,0.235,-0.323,0.000,0.000,5.44715,5.44715,23.76,-0.004,0.009,-0.004,0.009,0.001,0.003,1.00000,73.902,0.446,-0.417
[SHELL] ccB:10,22937,1,-0.010,-0.524,0.534,50.008,50.011,49.989,50.007,50.012,49.988
[SHELL] ccA:11,856420489,100582,0.383,-0.409,0.000,0.000,5.44843,5.44843,23.82,-0.007,0.011,-0.007,0.011,0.000,0.003,1.00000,74.342,0.614,-0.668
[SHELL] ccB:11,2147515685,1,-0.083,-0.741,0.824,50.006,50.015,49.985,50.008,50.011,49.989
[SHELL] ccA:12,856530489,100583,0.360,-0.597,0.000,0.000,5.45252,5.45252,23.82,-0.007,0.015,-0.007,0.015,0.000,0.003,1.00000,74.342,-0.234,-0.634
[SHELL] ccB:12,22963,1,-0.626,0.092,0.534,50.013,50.018,49.982,50.006,50.015,49.985
[SHELL] ccA:13,856640497,100584,0.020,-0.668,0.000,0.000,5.44702,5.44702,23.82,-0.000,0.017,-0.000,0.017,0.000,0.003,1.00000,74.342,-0.067,-0.735
[SHELL] ccB:13,2147515681,1,-0.590,-0.089,0.679,50.019,50.008,49.981,50.013,50.018,49.982
[SHELL] ccA:14,856750461,100585,-0.103,-0.727,0.000,0.000,5.44831,5.44831,23.78,0.002,0.018,0.002,0.018,0.000,0.004,1.00000,74.342,-0.045,-0.804
[SHELL] ccB:14,22949,1,-0.626,-0.125,0.751,50.021,50.003,49.979,50.019,50.008,49.981
[SHELL] ccA:15,856860489,100586,-0.002,-0.562,0.000,0.000,5.44834,5.44835,23.83,0.000,0.015,0.000,0.015,0.000,0.004,1.00000,74.342,0.149,0.096
[SHELL] ccB:15,2147515685,1,0.171,-0.125,-0.046,50.017,50.006,49.983,50.021,50.003,49.979
[SHELL] ctrlcap v1 armed=0 count=512 clock_hz=550000000 decimation=1
[SHELL] ccA:index,cycles,seq,id,iq,idref,iqref,theta,actangle,age_us,vdreq,vqreq,vd,vq,intd,intq,scale,bus,raw_id,raw_iq
[SHELL] ccB:index,timer,valid,ia,ib,ic,du,dv,dw,active_u,active_v,active_w
[SHELL] ccA:16,856970441,100587,0.216,-0.320,0.000,0.000,5.45023,5.45023,23.75,-0.004,0.011,-0.004,0.011,0.000,0.004,1.00000,74.342,0.613,-0.669
[SHELL] ccB:16,22939,1,-0.083,-0.741,0.824,50.010,50.012,49.988,50.017,50.006,49.983
[SHELL] ccA:17,857080449,100588,0.324,-0.419,0.000,0.000,5.44787,5.44787,23.79,-0.007,0.013,-0.007,0.013,-0.000,0.004,1.00000,74.342,-0.077,-0.433
[SHELL] ccB:17,2147515705,1,-0.373,-0.016,0.389,50.010,50.016,49.984,50.010,50.012,49.988
[SHELL] ccA:18,857190485,100589,0.087,-0.143,0.000,0.000,5.44431,5.44431,23.82,-0.002,0.007,-0.002,0.007,-0.000,0.004,1.00000,74.342,-0.113,0.965
[SHELL] ccB:18,22961,1,0.642,0.310,-0.952,50.008,50.007,49.992,50.010,50.016,49.984
[SHELL] ccA:19,857300457,100590,-0.002,0.438,0.000,0.000,5.44633,5.44633,23.76,-0.000,-0.004,-0.000,-0.004,-0.000,0.004,1.00000,74.342,0.294,0.258
[SHELL] ccB:19,2147515701,1,0.388,-0.234,-0.155,49.995,49.998,50.005,50.008,50.007,49.992
[SHELL] ccA:20,857410461,100591,0.157,0.442,0.000,0.000,5.45146,5.45146,23.79,-0.003,-0.005,-0.003,-0.005,-0.000,0.004,1.00000,74.342,0.154,0.287
[SHELL] ccB:20,22949,1,0.316,-0.089,-0.227,49.994,50.004,50.006,49.995,49.998,50.005
[SHELL] ccA:21,857520417,100592,0.099,0.251,0.000,0.000,5.44917,5.44917,23.70,-0.002,-0.001,-0.002,-0.001,-0.000,0.004,1.00000,74.342,-0.206,0.173
[SHELL] ccB:21,2147515721,1,-0.010,0.237,-0.227,49.997,50.003,50.001,49.994,50.004,50.006
[SHELL] ccA:22,857630493,100593,-0.053,0.059,0.000,0.000,5.44673,5.44673,23.82,0.001,0.003,0.001,0.003,-0.000,0.004,1.00000,74.342,0.043,-0.395
[SHELL] ccB:22,22965,1,-0.264,-0.125,0.389,50.003,49.999,49.997,49.997,50.003,50.001
[SHELL] ccA:23,857740453,100594,-0.026,-0.369,0.000,0.000,5.45031,5.45031,23.76,0.000,0.011,0.000,0.011,-0.000,0.004,1.00000,74.342,0.015,-0.860
[SHELL] ccB:23,2147515703,1,-0.626,-0.198,0.824,50.013,50.004,49.987,50.003,49.999,49.997
[SHELL] ccA:24,857850469,100595,0.047,-0.631,0.000,0.000,5.44424,5.44424,23.82,-0.001,0.017,-0.001,0.017,-0.000,0.004,1.00000,74.342,0.115,-0.410
[SHELL] ccB:24,22953,1,-0.228,-0.198,0.425,50.019,50.009,49.981,50.013,50.004,49.987
[SHELL] ccA:25,857960421,100596,-0.065,-0.554,0.000,0.000,5.44372,5.44372,23.71,0.001,0.016,0.001,0.016,-0.000,0.005,1.00000,74.342,-0.504,-0.536
[SHELL] ccB:25,2147515719,1,-0.735,0.382,0.353,50.018,50.004,49.982,50.019,50.009,49.981
[SHELL] ccA:26,858070441,100597,-0.216,-0.270,0.000,0.000,5.44937,5.44937,23.70,0.004,0.010,0.004,0.010,-0.000,0.005,1.00000,74.342,0.029,0.400
[SHELL] ccB:26,22939,1,0.316,0.056,-0.372,50.013,49.996,49.987,50.018,50.004,49.982
[SHELL] ccA:27,858180445,100598,-0.141,-0.484,0.000,0.000,5.44589,5.44589,23.72,0.003,0.015,0.003,0.015,0.000,0.005,1.00000,73.902,-0.119,-2.200
[SHELL] ccB:27,2147515707,1,-1.714,-0.343,2.056,50.018,50.001,49.982,50.013,49.996,49.987
[SHELL] ccA:28,858290465,100599,-0.056,-1.122,0.000,0.000,5.44733,5.44734,23.78,0.001,0.028,0.001,0.028,0.000,0.006,1.00000,73.902,-0.014,-0.490
[SHELL] ccB:28,22951,1,-0.373,-0.089,0.462,50.032,50.010,49.968,50.018,50.001,49.982
[SHELL] ccA:29,858400473,100600,0.075,-0.813,0.000,0.000,5.44614,5.44614,23.81,-0.001,0.022,-0.001,0.022,-0.000,0.006,1.00000,73.902,0.446,-0.074
[SHELL] ccB:29,2147515693,1,0.243,-0.451,0.208,50.025,50.012,49.975,50.032,50.010,49.968
[SHELL] ccA:30,858510409,100601,0.347,-0.230,0.000,0.000,5.44953,5.44953,23.73,-0.007,0.011,-0.007,0.011,-0.000,0.006,1.00000,73.902,0.512,-0.283
[SHELL] ccB:30,22923,1,0.135,-0.560,0.425,50.006,50.015,49.985,50.025,50.012,49.975
[SHELL] ccA:31,858620469,100602,0.282,-0.147,0.000,0.000,5.44614,5.44614,23.82,-0.006,0.009,-0.006,0.009,-0.000,0.006,1.00000,73.902,-0.343,0.051
[SHELL] ccB:31,2147515695,1,-0.192,0.346,-0.155,50.006,50.012,49.988,50.006,50.015,49.985
[SHELL] ctrlcap v1 armed=0 count=512 clock_hz=550000000 decimation=1
[SHELL] ccA:index,cycles,seq,id,iq,idref,iqref,theta,actangle,age_us,vdreq,vqreq,vd,vq,intd,intq,scale,bus,raw_id,raw_iq
[SHELL] ccB:index,timer,valid,ia,ib,ic,du,dv,dw,active_u,active_v,active_w
[SHELL] ccA:32,858730477,100603,0.107,-0.223,0.000,0.000,5.45550,5.45550,23.82,-0.003,0.011,-0.003,0.011,-0.000,0.006,1.00000,73.902,0.600,-0.713
[SHELL] ccB:32,22957,1,-0.119,-0.741,0.860,50.012,50.010,49.988,50.006,50.012,49.988
[SHELL] ccA:33,858840457,100604,0.216,-0.446,0.000,0.000,5.44433,5.44433,23.82,-0.005,0.015,-0.005,0.015,-0.000,0.006,1.00000,73.902,0.005,-0.408
[SHELL] ccB:33,2147515701,1,-0.300,-0.089,0.389,50.017,50.016,49.983,50.012,50.010,49.988
[SHELL] ccA:34,858950413,100605,0.321,-0.611,0.000,0.000,5.44556,5.44556,23.70,-0.007,0.019,-0.007,0.019,-0.001,0.007,1.00000,73.902,0.675,-0.914
[SHELL] ccB:34,22925,1,-0.228,-0.850,1.078,50.019,50.021,49.979,50.017,50.016,49.983
[SHELL] ccA:35,859060441,100606,0.389,-0.645,0.000,0.000,5.45181,5.45181,23.77,-0.009,0.020,-0.009,0.020,-0.001,0.007,1.00000,73.902,0.201,-0.344
[SHELL] ccB:35,2147515709,1,-0.119,-0.270,0.389,50.018,50.023,49.977,50.019,50.021,49.979
[SHELL] ccA:36,859170465,100607,0.306,-0.463,0.000,0.000,5.45715,5.45715,23.78,-0.007,0.017,-0.007,0.017,-0.001,0.007,1.00000,73.902,0.147,-0.248
[SHELL] ccB:36,22951,1,-0.083,-0.198,0.280,50.015,50.019,49.981,50.018,50.023,49.977
[SHELL] ccA:37,859280437,100608,-0.040,-0.212,0.000,0.000,5.44783,5.44783,23.76,-0.000,0.012,-0.000,0.012,-0.001,0.007,1.00000,73.902,-0.653,-0.010
[SHELL] ccB:37,2147515711,1,-0.445,0.636,-0.191,50.013,50.005,49.987,50.015,50.019,49.981
[SHELL] ccA:38,859390485,100609,-0.243,-0.040,0.000,0.000,5.45080,5.45080,23.82,0.004,0.008,0.004,0.008,-0.001,0.007,1.00000,73.902,0.189,0.108
[SHELL] ccB:38,22961,1,0.207,-0.161,-0.046,50.011,49.996,49.989,50.013,50.005,49.987
[SHELL] ccA:39,859500485,100610,-0.108,0.022,0.000,0.000,5.44226,5.44226,23.82,0.001,0.007,0.001,0.007,-0.001,0.007,1.00000,73.902,-0.156,-0.117
[SHELL] ccB:39,2147515687,1,-0.192,0.129,0.063,50.008,50.000,49.992,50.011,49.996,49.989
[SHELL] ccA:40,859610485,100611,-0.090,0.018,0.000,0.000,5.44642,5.44642,23.82,0.001,0.007,0.001,0.007,-0.001,0.007,1.00000,74.342,-0.237,0.200
[SHELL] ccB:40,22961,1,-0.010,0.274,-0.263,50.008,50.001,49.992,50.008,50.000,49.992
[SHELL] ccA:41,859720493,100612,-0.043,-0.366,0.000,0.000,5.44635,5.44635,23.82,0.000,0.015,0.000,0.015,-0.001,0.008,1.00000,74.342,0.459,-1.746
[SHELL] ccB:41,2147515683,1,-0.989,-0.814,1.803,50.017,50.006,49.983,50.008,50.001,49.992
[SHELL] ccA:42,859830433,100613,0.210,-0.874,0.000,0.000,5.44649,5.44649,23.76,-0.005,0.026,-0.005,0.026,-0.001,0.008,1.00000,73.902,0.158,-0.205
[SHELL] ccB:42,22935,1,-0.047,-0.198,0.244,50.028,50.021,49.972,50.017,50.006,49.983
[SHELL] ccA:43,859940477,100614,0.187,-0.549,0.000,0.000,5.44203,5.44203,23.78,-0.005,0.019,-0.005,0.019,-0.001,0.008,1.00000,73.902,-0.028,-0.037
[SHELL] ccB:43,2147515691,1,-0.047,0.020,0.027,50.021,50.017,49.979,50.028,50.021,49.972
[SHELL] ccA:44,860050437,100615,-0.042,0.025,0.000,0.000,5.45311,5.45311,23.75,-0.000,0.008,-0.000,0.008,-0.001,0.008,1.00000,73.902,-0.270,0.381
[SHELL] ccB:44,22937,1,0.098,0.346,-0.445,50.009,50.004,49.991,50.021,50.017,49.979
[SHELL] ccA:45,860160469,100616,-0.212,0.181,0.000,0.000,5.45672,5.45672,23.82,0.003,0.005,0.003,0.005,-0.001,0.008,1.00000,74.342,-0.281,-0.002
[SHELL] ccB:45,2147515695,1,-0.192,0.274,-0.082,50.006,49.995,49.994,50.009,50.004,49.991
[SHELL] ccA:46,860270473,100617,-0.119,-0.112,0.000,0.000,5.44791,5.44791,23.79,0.002,0.011,0.002,0.011,-0.001,0.008,1.00000,74.342,0.358,-0.827
[SHELL] ccB:46,22955,1,-0.373,-0.524,0.896,50.012,50.001,49.988,50.006,49.995,49.994
[SHELL] ccA:47,860380489,100618,0.127,-0.262,0.000,0.000,5.44614,5.44614,23.82,-0.003,0.014,-0.003,0.014,-0.001,0.008,1.00000,74.342,0.072,0.605
[SHELL] ccB:47,2147515685,1,0.497,0.056,-0.553,50.015,50.012,49.985,50.012,50.001,49.988
[SHELL] ctrlcap v1 armed=0 count=512 clock_hz=550000000 decimation=1
[SHELL] ccA:index,cycles,seq,id,iq,idref,iqref,theta,actangle,age_us,vdreq,vqreq,vd,vq,intd,intq,scale,bus,raw_id,raw_iq
[SHELL] ccB:index,timer,valid,ia,ib,ic,du,dv,dw,active_u,active_v,active_w
[SHELL] ccA:48,860490441,100619,-0.215,-0.174,0.000,0.000,5.44585,5.44585,23.70,0.004,0.012,0.004,0.012,-0.001,0.009,1.00000,74.342,-1.362,-1.080
[SHELL] ccB:48,22939,1,-1.714,1.107,0.607,50.015,49.998,49.985,50.015,50.012,49.985
[SHELL] ccA:49,860600457,100620,-0.559,-0.572,0.000,0.000,5.44813,5.44814,23.78,0.011,0.020,0.011,0.020,-0.000,0.009,1.00000,74.342,0.415,-0.732
[SHELL] ccB:49,2147515701,1,-0.264,-0.560,0.824,50.026,49.987,49.974,50.015,49.998,49.985
[SHELL] ccA:50,860710501,100621,-0.280,-1.096,0.000,0.000,5.45966,5.45966,23.83,0.005,0.031,0.005,0.031,-0.000,0.009,1.00000,74.342,-0.588,-1.841
[SHELL] ccB:50,22969,1,-1.750,0.165,1.585,50.037,50.004,49.963,50.026,49.987,49.974
[SHELL] ccA:51,860820409,100622,-0.271,-1.070,0.000,0.000,5.44733,5.44733,23.73,0.005,0.031,0.005,0.031,-0.000,0.010,1.00000,74.342,-0.325,0.134
[SHELL] ccB:51,2147515725,1,-0.119,0.346,-0.227,50.037,50.003,49.963,50.037,50.004,49.963
[SHELL] ccA:52,860930485,100623,-0.282,-0.544,0.000,0.000,5.44581,5.44581,23.82,0.006,0.021,0.006,0.021,0.000,0.010,1.00000,74.342,0.111,-0.602
[SHELL] ccB:52,22961,1,-0.373,-0.234,0.607,50.025,49.998,49.975,50.037,50.003,49.963
[SHELL] ccA:53,861040425,100624,0.019,-0.422,0.000,0.000,5.45066,5.45066,23.70,-0.000,0.019,-0.000,0.019,-0.000,0.010,1.00000,74.342,0.179,-0.618
[SHELL] ccB:53,2147515717,1,-0.336,-0.306,0.643,50.021,50.009,49.979,50.025,49.998,49.975
[SHELL] ccA:54,861150509,100625,0.102,-0.595,0.000,0.000,5.44548,5.44549,23.82,-0.002,0.023,-0.002,0.023,-0.000,0.011,1.00000,74.342,-0.062,-0.543
[SHELL] ccB:54,22973,1,-0.445,-0.053,0.498,50.025,50.014,49.975,50.021,50.009,49.979
[SHELL] ccA:55,861260449,100626,-0.164,-0.282,0.000,0.000,5.44493,5.44493,23.76,0.003,0.016,0.003,0.016,0.000,0.011,1.00000,74.342,-0.713,0.579
[SHELL] ccB:55,2147515705,1,-0.047,0.817,-0.771,50.020,50.000,49.980,50.025,50.014,49.975
[SHELL] ccA:56,861370529,100627,-0.504,0.466,0.000,0.000,5.45056,5.45056,23.82,0.010,0.001,0.010,0.001,0.000,0.011,1.00000,74.342,-0.527,1.250
[SHELL] ccB:56,22983,1,0.570,0.781,-1.351,50.012,49.988,50.004,50.020,50.000,49.980
[SHELL] ccA:57,861480465,100628,0.107,0.244,0.000,0.000,5.44868,5.44868,23.78,-0.002,0.006,-0.002,0.006,0.000,0.010,1.00000,74.342,2.195,-2.102
[SHELL] ccB:57,2147515697,1,-0.083,-2.590,2.672,50.006,50.006,49.994,50.012,49.988,50.004
[SHELL] ccA:58,861590445,100629,0.812,-0.700,0.000,0.000,5.44754,5.44754,23.76,-0.016,0.025,-0.016,0.025,-0.000,0.011,1.00000,74.342,-0.618,0.154
[SHELL] ccB:58,22941,1,-0.300,0.636,-0.336,50.015,50.034,49.966,50.006,50.006,49.994
[SHELL] ccA:59,861700445,100630,0.270,-0.674,0.000,0.000,5.44515,5.44515,23.76,-0.006,0.025,-0.006,0.025,-0.000,0.011,1.00000,73.902,0.121,-0.903
[SHELL] ccB:59,2147515707,1,-0.590,-0.306,0.896,50.027,50.022,49.973,50.015,50.034,49.966
[SHELL] ccA:60,861810441,100631,-0.250,-0.299,0.000,0.000,5.44877,5.44877,23.76,0.005,0.017,0.005,0.017,-0.000,0.011,1.00000,73.902,-0.626,0.456
[SHELL] ccB:60,22939,1,-0.083,0.709,-0.626,50.021,49.998,49.979,50.027,50.022,49.973
[SHELL] ccA:61,861920489,100632,-0.271,0.037,0.000,0.000,5.43990,5.43990,23.82,0.005,0.011,0.005,0.011,-0.000,0.011,1.00000,73.902,0.046,0.140
[SHELL] ccB:61,2147515685,1,0.135,-0.016,-0.118,50.013,49.994,49.987,50.021,49.998,49.979
[SHELL] ccA:62,862030441,100633,-0.161,0.168,0.000,0.000,5.45563,5.45563,23.76,0.003,0.008,0.003,0.008,0.000,0.011,1.00000,73.902,-0.109,-0.062
[SHELL] ccB:62,22939,1,-0.119,0.092,0.027,50.010,49.997,49.990,50.013,49.994,49.987
[SHELL] ccA:63,862140457,100634,-0.129,-0.336,0.000,0.000,5.44378,5.44378,23.79,0.003,0.018,0.003,0.018,0.000,0.011,1.00000,73.902,-0.344,-1.361
[SHELL] ccB:63,2147515701,1,-1.243,0.056,1.186,50.021,50.002,49.979,50.010,49.997,49.990
[SHELL] ctrlcap v1 armed=0 count=512 clock_hz=550000000 decimation=1
[SHELL] ccA:index,cycles,seq,id,iq,idref,iqref,theta,actangle,age_us,vdreq,vqreq,vd,vq,intd,intq,scale,bus,raw_id,raw_iq
[SHELL] ccB:index,timer,valid,ia,ib,ic,du,dv,dw,active_u,active_v,active_w
[SHELL] ccA:64,862250473,100635,-0.202,-0.856,0.000,0.000,5.44662,5.44662,23.81,0.004,0.029,0.004,0.029,0.000,0.012,1.00000,73.902,-0.009,-0.640
[SHELL] ccB:64,22955,1,-0.481,-0.125,0.607,50.034,50.004,49.966,50.021,50.002,49.979
[SHELL] ccA:65,862360469,100636,-0.149,-0.648,0.000,0.000,5.44884,5.44884,23.82,0.003,0.025,0.003,0.025,0.000,0.012,1.00000,73.902,-0.232,0.050
[SHELL] ccB:65,2147515695,1,-0.119,0.237,-0.118,50.030,50.004,49.970,50.034,50.004,49.966
[SHELL] ccA:66,862470457,100637,-0.214,-0.345,0.000,0.000,5.44426,5.44426,23.79,0.005,0.019,0.005,0.019,0.000,0.012,1.00000,73.902,-0.383,-0.839
[SHELL] ccB:66,22947,1,-0.880,0.201,0.679,50.023,49.999,49.977,50.030,50.004,49.970
[SHELL] ccA:67,862580469,100638,-0.226,-0.664,0.000,0.000,5.44827,5.44827,23.79,0.005,0.026,0.005,0.026,0.000,0.013,1.00000,74.342,0.092,-1.026
[SHELL] ccB:67,2147515695,1,-0.699,-0.306,1.005,50.031,50.001,49.969,50.023,49.999,49.977
[SHELL] ccA:68,862690505,100639,-0.085,-0.780,0.000,0.000,5.44787,5.44787,23.85,0.002,0.029,0.002,0.029,0.001,0.013,1.00000,74.342,-0.143,-0.226
[SHELL] ccB:68,22971,1,-0.264,0.092,0.172,50.033,50.008,49.967,50.031,50.001,49.969
[SHELL] ccA:69,862800469,100640,0.037,-0.378,0.000,0.000,5.44765,5.44765,23.79,-0.000,0.021,-0.000,0.021,0.001,0.013,1.00000,74.342,0.344,-0.031
[SHELL] ccB:69,2147515695,1,0.207,-0.343,0.135,50.024,50.009,49.976,50.033,50.008,49.967
[SHELL] ccA:70,862910465,100641,-0.005,-0.145,0.000,0.000,5.44260,5.44260,23.79,0.001,0.016,0.001,0.016,0.001,0.013,1.00000,73.902,-0.562,-0.289
[SHELL] ccB:70,22951,1,-0.590,0.491,0.099,50.019,50.006,49.981,50.024,50.009,49.976
[SHELL] ccA:71,863020409,100642,-0.036,-0.337,0.000,0.000,5.44935,5.44935,23.71,0.001,0.020,0.001,0.020,0.001,0.013,1.00000,73.902,0.636,-0.738
[SHELL] ccB:71,2147515725,1,-0.119,-0.777,0.896,50.023,50.006,49.977,50.019,50.006,49.981
[SHELL] ccA:72,863130493,100643,0.143,-0.573,0.000,0.000,5.45451,5.45451,23.81,-0.002,0.025,-0.002,0.025,0.000,0.014,1.00000,74.342,-0.137,-0.527
[SHELL] ccB:72,22965,1,-0.481,0.020,0.462,50.028,50.016,49.972,50.023,50.006,49.977
[SHELL] ccA:73,863240437,100644,0.131,-0.452,0.000,0.000,5.45064,5.45064,23.76,-0.002,0.023,-0.002,0.023,0.000,0.014,1.00000,74.342,0.162,-0.014
[SHELL] ccB:73,2147515711,1,0.098,-0.161,0.063,50.026,50.014,49.974,50.028,50.016,49.972
[SHELL] ccA:74,863350465,100645,0.048,-0.279,0.000,0.000,5.45254,5.45254,23.79,-0.001,0.020,-0.001,0.020,0.000,0.014,1.00000,74.342,0.005,-0.559
[SHELL] ccB:74,22951,1,-0.409,-0.125,0.534,50.022,50.010,49.978,50.026,50.014,49.974
[SHELL] ccA:75,863460445,100646,0.024,-0.306,0.000,0.000,5.44734,5.44734,23.70,-0.000,0.020,-0.000,0.020,0.000,0.014,1.00000,73.902,-0.077,-0.091
[SHELL] ccB:75,2147515707,1,-0.119,0.056,0.063,50.023,50.009,49.977,50.022,50.010,49.978
[SHELL] ccA:76,863570449,100647,-0.038,-0.249,0.000,0.000,5.45562,5.45562,23.77,0.001,0.019,0.001,0.019,0.000,0.014,1.00000,73.902,-0.004,-0.257
[SHELL] ccB:76,22943,1,-0.192,-0.053,0.244,50.022,50.006,49.978,50.023,50.009,49.977
[SHELL] ccA:77,863680485,100648,0.036,-0.035,0.000,0.000,5.45170,5.45170,23.82,-0.000,0.015,-0.000,0.015,0.000,0.014,1.00000,74.342,0.230,0.463
[SHELL] ccB:77,2147515687,1,0.497,-0.125,-0.372,50.017,50.007,49.983,50.022,50.006,49.978
[SHELL] ccA:78,863790477,100649,0.115,0.028,0.000,0.000,5.45062,5.45062,23.75,-0.002,0.014,-0.002,0.014,0.000,0.014,1.00000,74.342,0.006,-0.559
[SHELL] ccB:78,22957,1,-0.409,-0.125,0.534,50.015,50.010,49.985,50.017,50.007,49.983
[SHELL] ccA:79,863900461,100650,0.114,-0.191,0.000,0.000,5.44695,5.44695,23.79,-0.002,0.018,-0.002,0.018,0.000,0.014,1.00000,74.342,0.215,-0.111
[SHELL] ccB:79,2147515699,1,0.062,-0.234,0.172,50.020,50.012,49.980,50.015,50.010,49.985
[SHELL] ctrlcap v1 armed=0 count=512 clock_hz=550000000 decimation=1
[SHELL] ccA:index,cycles,seq,id,iq,idref,iqref,theta,actangle,age_us,vdreq,vqreq,vd,vq,intd,intq,scale,bus,raw_id,raw_iq
[SHELL] ccB:index,timer,valid,ia,ib,ic,du,dv,dw,active_u,active_v,active_w
[SHELL] ccA:80,864010405,100651,0.126,-0.092,0.000,0.000,5.44869,5.44869,23.71,-0.002,0.016,-0.002,0.016,0.000,0.014,1.00000,74.342,0.069,0.413
[SHELL] ccB:80,22921,1,0.352,0.020,-0.372,50.018,50.012,49.982,50.020,50.012,49.980
[SHELL] ccA:81,864120497,100652,0.135,-0.013,0.000,0.000,5.44583,5.44583,23.82,-0.003,0.015,-0.003,0.015,0.000,0.015,1.00000,73.902,0.187,-0.768
[SHELL] ccB:81,2147515681,1,-0.445,-0.343,0.788,50.016,50.011,49.984,50.018,50.012,49.982
[SHELL] ccA:82,864230461,100653,0.237,-0.446,0.000,0.000,5.44202,5.44202,23.77,-0.005,0.024,-0.005,0.024,-0.000,0.015,1.00000,73.902,0.508,-0.662
[SHELL] ccB:82,22949,1,-0.155,-0.632,0.788,50.026,50.019,49.974,50.016,50.011,49.984
[SHELL] ccA:83,864340469,100654,0.208,-0.627,0.000,0.000,5.44636,5.44636,23.79,-0.004,0.028,-0.004,0.028,-0.000,0.015,1.00000,73.902,-0.368,-0.414
[SHELL] ccB:83,2147515695,1,-0.554,0.274,0.280,50.031,50.020,49.969,50.026,50.019,49.974
[SHELL] ccA:84,864450457,100655,-0.031,-0.485,0.000,0.000,5.44587,5.44587,23.78,0.001,0.025,0.001,0.025,-0.000,0.015,1.00000,73.902,0.106,-0.451
[SHELL] ccB:84,22947,1,-0.264,-0.198,0.462,50.029,50.010,49.971,50.031,50.020,49.969
[SHELL] ccA:85,864560497,100656,0.213,-0.427,0.000,0.000,5.45156,5.45156,23.83,-0.004,0.024,-0.004,0.024,-0.000,0.015,1.00000,73.902,1.007,-0.392
[SHELL] ccB:85,2147515681,1,0.388,-1.067,0.679,50.026,50.019,49.974,50.029,50.010,49.971
[SHELL] ccA:86,864670493,100657,0.589,-0.487,0.000,0.000,5.44677,5.44677,23.79,-0.012,0.026,-0.012,0.026,-0.000,0.016,1.00000,73.902,0.235,-0.714
[SHELL] ccB:86,22965,1,-0.373,-0.379,0.751,50.022,50.031,49.969,50.026,50.019,49.974
[SHELL] ccA:87,864780449,100658,0.422,-0.702,0.000,0.000,5.44620,5.44620,23.77,-0.009,0.030,-0.009,0.030,-0.001,0.016,1.00000,73.902,0.214,-0.987
[SHELL] ccB:87,2147515705,1,-0.590,-0.415,1.005,50.032,50.031,49.968,50.022,50.031,49.969
[SHELL] ccA:88,864890445,100659,0.178,-0.761,0.000,0.000,5.44752,5.44752,23.76,-0.004,0.032,-0.004,0.032,-0.001,0.016,1.00000,73.902,0.052,-0.354
[SHELL] ccB:88,22941,1,-0.228,-0.125,0.353,50.035,50.022,49.965,50.032,50.031,49.968
[SHELL] ccA:89,865000457,100660,0.102,-0.338,0.000,0.000,5.44427,5.44427,23.76,-0.003,0.023,-0.003,0.023,-0.001,0.017,1.00000,73.902,0.089,0.344
[SHELL] ccB:89,2147515701,1,0.316,-0.016,-0.300,50.026,50.016,49.974,50.035,50.022,49.965
[SHELL] ccA:90,865110505,100661,0.007,0.089,0.000,0.000,5.44585,5.44585,23.82,-0.001,0.015,-0.001,0.015,-0.001,0.017,1.00000,74.342,-0.201,0.021
[SHELL] ccB:90,22971,1,-0.119,0.201,-0.082,50.017,50.008,49.983,50.026,50.016,49.974
[SHELL] ccA:91,865220469,100662,-0.012,-0.127,0.000,0.000,5.45087,5.45087,23.82,-0.001,0.019,-0.001,0.019,-0.001,0.017,1.00000,74.342,0.267,-0.894
[SHELL] ccB:91,2147515695,1,-0.481,-0.451,0.933,50.022,50.009,49.978,50.017,50.008,49.983
[SHELL] ccA:92,865330497,100663,0.105,-0.489,0.000,0.000,5.44376,5.44376,23.83,-0.003,0.027,-0.003,0.027,-0.001,0.017,1.00000,74.342,0.088,-0.190
[SHELL] ccB:92,22967,1,-0.083,-0.125,0.208,50.030,50.017,49.970,50.022,50.009,49.978
[SHELL] ccA:93,865440493,100664,0.172,-0.353,0.000,0.000,5.44479,5.44479,23.79,-0.004,0.024,-0.004,0.024,-0.001,0.017,1.00000,74.342,0.247,-0.138
[SHELL] ccB:93,2147515683,1,0.062,-0.270,0.208,50.027,50.019,49.973,50.030,50.017,49.970
[SHELL] ccA:94,865550469,100665,0.141,0.018,0.000,0.000,5.44616,5.44616,23.82,-0.004,0.017,-0.004,0.017,-0.001,0.017,1.00000,74.342,-0.017,0.538
[SHELL] ccB:94,22953,1,0.388,0.129,-0.517,50.018,50.015,49.982,50.027,50.019,49.973
[SHELL] ccA:95,865660421,100666,0.165,0.130,0.000,0.000,5.44850,5.44850,23.71,-0.004,0.014,-0.004,0.014,-0.001,0.017,1.00000,74.342,0.446,-0.418
[SHELL] ccB:95,2147515719,1,-0.010,-0.524,0.534,50.015,50.015,49.985,50.018,50.015,49.982
[SHELL] ctrlcap v1 armed=0 count=512 clock_hz=550000000 decimation=1
[SHELL] ccA:index,cycles,seq,id,iq,idref,iqref,theta,actangle,age_us,vdreq,vqreq,vd,vq,intd,intq,scale,bus,raw_id,raw_iq
[SHELL] ccB:index,timer,valid,ia,ib,ic,du,dv,dw,active_u,active_v,active_w
[SHELL] ccA:96,865770421,100667,0.399,-0.452,0.000,0.000,5.45296,5.45296,23.71,-0.009,0.026,-0.009,0.026,-0.001,0.017,1.00000,74.342,0.723,-1.510
[SHELL] ccB:96,22929,1,-0.626,-1.031,1.658,50.027,50.029,49.971,50.015,50.015,49.985
[SHELL] ccA:97,865880501,100668,0.438,-1.649,0.000,0.000,5.44616,5.44616,23.79,-0.010,0.051,-0.010,0.051,-0.002,0.018,1.00000,74.342,-0.138,-3.159
[SHELL] ccB:97,2147515679,1,-2.439,-0.524,2.962,50.056,50.042,49.944,50.027,50.029,49.971
[SHELL] ccA:98,865990437,100669,0.061,-2.037,0.000,0.000,5.44836,5.44836,23.76,-0.003,0.060,-0.003,0.060,-0.002,0.019,1.00000,74.342,-0.201,-0.321
[SHELL] ccB:98,22937,1,-0.373,0.129,0.244,50.067,50.031,49.933,50.056,50.042,49.944
[SHELL] ccA:99,866100441,100670,-0.389,-1.029,0.000,0.000,5.45157,5.45157,23.78,0.006,0.040,0.006,0.040,-0.001,0.020,1.00000,74.342,-1.017,-0.313
[SHELL] ccB:99,2147515709,1,-0.916,0.926,-0.010,50.047,50.005,49.953,50.067,50.031,49.933
[SHELL] ccA:100,866210409,100671,-0.472,-0.283,0.000,0.000,5.45223,5.45223,23.70,0.008,0.025,0.008,0.025,-0.001,0.020,1.00000,74.342,0.347,-0.184
[SHELL] ccB:100,22923,1,0.098,-0.379,0.280,50.031,49.995,49.969,50.047,50.005,49.953
[SHELL] ccA:101,866325729,100672,-0.041,-0.222,0.000,0.000,5.44775,5.44775,26.69,-0.000,0.024,-0.000,0.024,-0.001,0.020,1.00000,74.342,0.158,-0.206
[SHELL] ccB:101,2147513065,1,-0.047,-0.198,0.244,50.028,50.011,49.972,50.031,49.995,49.969
[SHELL] ccA:102,866430445,100673,0.173,-0.220,0.000,0.000,5.44796,5.44797,23.76,-0.005,0.024,-0.005,0.024,-0.001,0.020,1.00000,74.342,0.029,-0.285
[SHELL] ccB:102,22941,1,-0.192,-0.089,0.280,50.027,50.020,49.973,50.028,50.011,49.972
[SHELL] ccA:103,866540453,100674,0.182,-0.312,0.000,0.000,5.44341,5.44341,23.77,-0.005,0.026,-0.005,0.026,-0.001,0.020,1.00000,74.342,0.510,-0.471
[SHELL] ccB:103,2147515703,1,-0.010,-0.596,0.607,50.029,50.021,49.971,50.027,50.020,49.973
[SHELL] ccA:104,866650497,100675,0.416,-0.389,0.000,0.000,5.45121,5.45121,23.82,-0.010,0.028,-0.010,0.028,-0.002,0.020,1.00000,74.342,0.613,-0.327
[SHELL] ccB:104,22967,1,0.171,-0.669,0.498,50.029,50.031,49.969,50.029,50.021,49.971
[SHELL] ccA:105,866760437,100676,0.504,-0.190,0.000,0.000,5.44715,5.44715,23.77,-0.012,0.024,-0.012,0.024,-0.002,0.020,1.00000,74.342,0.281,0.367
[SHELL] ccB:105,2147515711,1,0.461,-0.198,-0.263,50.020,50.029,49.971,50.029,50.031,49.969
[SHELL] ccA:106,866870441,100677,0.365,0.070,0.000,0.000,5.44794,5.44794,23.78,-0.009,0.019,-0.009,0.019,-0.002,0.020,1.00000,74.342,0.286,-0.126
[SHELL] ccB:106,22939,1,0.098,-0.306,0.208,50.016,50.023,49.977,50.020,50.029,49.971
[SHELL] ccA:107,866980445,100678,0.187,-0.292,0.000,0.000,5.44402,5.44402,23.76,-0.006,0.026,-0.006,0.026,-0.002,0.021,1.00000,74.342,-0.106,-1.283
[SHELL] ccB:107,2147515707,1,-1.025,-0.161,1.186,50.029,50.022,49.971,50.016,50.023,49.977
[SHELL] ccA:108,867090417,100679,0.006,-0.665,0.000,0.000,5.44319,5.44319,23.70,-0.002,0.034,-0.002,0.034,-0.002,0.021,1.00000,74.342,-0.051,0.032
[SHELL] ccB:108,22927,1,-0.010,0.056,-0.046,50.038,50.018,49.962,50.029,50.022,49.971
[SHELL] ccA:109,867200445,100680,0.003,-0.542,0.000,0.000,5.44904,5.44904,23.77,-0.002,0.032,-0.002,0.032,-0.002,0.021,1.00000,74.342,0.220,-0.947
[SHELL] ccB:109,2147515707,1,-0.554,-0.415,0.969,50.036,50.018,49.964,50.038,50.018,49.962
[SHELL] ccA:110,867310509,100681,0.125,-0.616,0.000,0.000,5.44805,5.44805,23.82,-0.005,0.034,-0.005,0.034,-0.002,0.021,1.00000,74.342,0.110,-0.602
[SHELL] ccB:110,22973,1,-0.373,-0.234,0.607,50.037,50.023,49.963,50.036,50.018,49.964
[SHELL] ccA:111,867420469,100682,0.143,-0.829,0.000,0.000,5.45119,5.45119,23.78,-0.005,0.038,-0.005,0.038,-0.002,0.022,1.00000,74.342,0.133,-1.165
[SHELL] ccB:111,2147515695,1,-0.771,-0.379,1.150,50.043,50.027,49.957,50.037,50.023,49.963
[SHELL] ctrlcap v1 armed=0 count=512 clock_hz=550000000 decimation=1
[SHELL] ccA:index,cycles,seq,id,iq,idref,iqref,theta,actangle,age_us,vdreq,vqreq,vd,vq,intd,intq,scale,bus,raw_id,raw_iq
[SHELL] ccB:index,timer,valid,ia,ib,ic,du,dv,dw,active_u,active_v,active_w
[SHELL] ccA:112,867530417,100683,0.066,-0.711,0.000,0.000,5.45100,5.45100,23.70,-0.004,0.036,-0.004,0.036,-0.002,0.022,1.00000,74.342,-0.112,0.088
[SHELL] ccB:112,22927,1,-0.010,0.129,-0.118,50.041,50.023,49.959,50.043,50.027,49.957
[SHELL] ccA:113,867640441,100684,-0.065,-0.249,0.000,0.000,5.44849,5.44849,23.78,-0.001,0.027,-0.001,0.027,-0.002,0.022,1.00000,73.902,-0.170,-0.007
[SHELL] ccB:113,2147515709,1,-0.119,0.165,-0.046,50.031,50.013,49.969,50.041,50.023,49.959
[SHELL] ccA:114,867750473,100685,-0.194,0.053,0.000,0.000,5.45184,5.45184,23.78,0.002,0.021,0.002,0.021,-0.002,0.022,1.00000,73.902,-0.325,0.135
[SHELL] ccB:114,22955,1,-0.119,0.346,-0.227,50.025,50.006,49.975,50.031,50.013,49.969
[SHELL] ccA:115,867860469,100686,-0.249,-0.069,0.000,0.000,5.45127,5.45127,23.82,0.003,0.024,0.003,0.024,-0.002,0.022,1.00000,73.902,-0.176,-0.540
[SHELL] ccB:115,2147515695,1,-0.518,0.056,0.462,50.028,50.004,49.972,50.025,50.006,49.975
[SHELL] ccA:116,867970441,100687,-0.171,-0.349,0.000,0.000,5.45322,5.45323,23.76,0.002,0.030,0.002,0.030,-0.002,0.022,1.00000,73.902,-0.008,-0.449
[SHELL] ccB:116,22939,1,-0.336,-0.089,0.425,50.034,50.010,49.966,50.028,50.004,49.972
[SHELL] ccA:117,868080473,100688,-0.055,-0.540,0.000,0.000,5.44724,5.44724,23.79,-0.001,0.034,-0.001,0.034,-0.002,0.023,1.00000,73.902,-0.027,-0.722
[SHELL] ccB:117,2147515693,1,-0.554,-0.125,0.679,50.038,50.016,49.962,50.034,50.010,49.966
[SHELL] ccA:118,868190497,100689,0.042,-0.614,0.000,0.000,5.44609,5.44609,23.82,-0.003,0.035,-0.003,0.035,-0.002,0.023,1.00000,73.902,0.230,-0.563
[SHELL] ccB:118,22967,1,-0.264,-0.343,0.607,50.040,50.020,49.960,50.038,50.016,49.962
[SHELL] ccA:119,868300469,100690,0.100,-0.434,0.000,0.000,5.44722,5.44722,23.81,-0.004,0.032,-0.004,0.032,-0.002,0.023,1.00000,74.342,-0.033,0.114
[SHELL] ccB:119,2147515695,1,0.062,0.056,-0.118,50.036,50.021,49.964,50.040,50.020,49.960
[SHELL] ccA:120,868410477,100691,0.136,-0.260,0.000,0.000,5.45271,5.45271,23.75,-0.005,0.029,-0.005,0.029,-0.002,0.023,1.00000,74.342,0.381,-0.706
[SHELL] ccB:120,22957,1,-0.264,-0.524,0.788,50.031,50.022,49.969,50.036,50.021,49.964
[SHELL] ccA:121,868520477,100692,0.256,-0.517,0.000,0.000,5.44702,5.44702,23.82,-0.007,0.034,-0.007,0.034,-0.002,0.024,1.00000,74.342,0.296,-0.770
[SHELL] ccB:121,2147515691,1,-0.373,-0.451,0.824,50.037,50.029,49.963,50.031,50.022,49.969
[SHELL] ccA:122,868630481,100693,0.219,-0.653,0.000,0.000,5.44706,5.44706,23.82,-0.007,0.037,-0.007,0.037,-0.002,0.024,1.00000,74.342,-0.098,-0.364
[SHELL] ccB:122,22959,1,-0.336,0.020,0.317,50.041,50.029,49.959,50.037,50.029,49.963
[SHELL] ccA:123,868740445,100694,0.072,-0.348,0.000,0.000,5.44811,5.44811,23.76,-0.004,0.031,-0.004,0.031,-0.002,0.024,1.00000,74.342,0.188,0.109
[SHELL] ccB:123,2147515707,1,0.207,-0.161,-0.046,50.035,50.021,49.965,50.041,50.029,49.959
[SHELL] ccA:124,868850489,100695,0.106,0.159,0.000,0.000,5.44499,5.44499,23.78,-0.004,0.021,-0.004,0.021,-0.002,0.024,1.00000,74.342,0.145,0.782
[SHELL] ccB:124,22963,1,0.678,0.020,-0.698,50.023,50.018,49.977,50.035,50.021,49.965
[SHELL] ccA:125,868960505,100696,0.121,0.573,0.000,0.000,5.45127,5.45127,23.82,-0.005,0.012,-0.005,0.012,-0.002,0.024,1.00000,74.342,0.004,0.620
[SHELL] ccB:125,2147515677,1,0.461,0.129,-0.590,50.012,50.014,49.986,50.023,50.018,49.977
[SHELL] ccA:126,869070489,100697,0.114,0.323,0.000,0.000,5.44813,5.44813,23.82,-0.005,0.017,-0.005,0.017,-0.002,0.024,1.00000,74.342,0.304,-0.730
[SHELL] ccB:126,22963,1,-0.336,-0.451,0.788,50.018,50.017,49.982,50.012,50.014,49.986
[SHELL] ccA:127,869180429,100698,0.145,-0.267,0.000,0.000,5.45055,5.45055,23.75,-0.005,0.029,-0.005,0.029,-0.003,0.024,1.00000,74.342,-0.033,-0.229
[SHELL] ccB:127,2147515715,1,-0.192,-0.016,0.208,50.032,50.023,49.968,50.018,50.017,49.982
[SHELL] ctrlcap v1 armed=0 count=512 clock_hz=550000000 decimation=1
[SHELL] ccA:index,cycles,seq,id,iq,idref,iqref,theta,actangle,age_us,vdreq,vqreq,vd,vq,intd,intq,scale,bus,raw_id,raw_iq
[SHELL] ccB:index,timer,valid,ia,ib,ic,du,dv,dw,active_u,active_v,active_w
[SHELL] ccA:128,869290409,100699,0.101,-0.338,0.000,0.000,5.44681,5.44681,23.71,-0.005,0.031,-0.005,0.031,-0.003,0.024,1.00000,74.342,0.167,-0.164
[SHELL] ccB:128,22923,1,-0.010,-0.198,0.208,50.034,50.022,49.966,50.032,50.023,49.968
[SHELL] ccA:129,869400445,100700,0.061,-0.179,0.000,0.000,5.44977,5.44977,23.79,-0.004,0.028,-0.004,0.028,-0.003,0.024,1.00000,74.342,-0.055,-0.160
[SHELL] ccB:129,2147515707,1,-0.155,0.020,0.135,50.031,50.019,49.969,50.034,50.022,49.966
[SHELL] ccA:130,869510469,100701,0.281,-0.490,0.000,0.000,5.44955,5.44955,23.78,-0.008,0.034,-0.008,0.034,-0.003,0.024,1.00000,74.342,1.069,-1.474
[SHELL] ccB:130,22953,1,-0.373,-1.357,1.730,50.037,50.031,49.963,50.031,50.019,49.969
[SHELL] ccA:131,869620481,100702,0.436,-0.802,0.000,0.000,5.44721,5.44721,23.82,-0.012,0.041,-0.012,0.041,-0.003,0.025,1.00000,74.342,-0.338,-0.099
[SHELL] ccB:131,2147515689,1,-0.300,0.310,-0.010,50.044,50.040,49.956,50.037,50.031,49.963
[SHELL] ccA:132,869730457,100703,0.081,-0.564,0.000,0.000,5.44264,5.44264,23.77,-0.005,0.036,-0.005,0.036,-0.003,0.025,1.00000,74.342,-0.069,-0.585
[SHELL] ccB:132,22947,1,-0.481,-0.053,0.534,50.040,50.024,49.960,50.044,50.040,49.956
[SHELL] ccA:133,869840461,100704,0.183,-0.397,0.000,0.000,5.44501,5.44501,23.79,-0.007,0.033,-0.007,0.033,-0.003,0.025,1.00000,74.342,1.208,-0.321
[SHELL] ccB:133,2147515699,1,0.570,-1.249,0.679,50.036,50.027,49.964,50.040,50.024,49.960
[SHELL] ccA:134,869950409,100705,0.621,-0.426,0.000,0.000,5.44622,5.44622,23.69,-0.016,0.034,-0.016,0.034,-0.003,0.025,1.00000,74.342,0.137,-0.479
[SHELL] ccB:134,22923,1,-0.264,-0.234,0.498,50.030,50.040,49.960,50.036,50.027,49.964
[SHELL] ccA:135,870060413,100706,0.443,-0.389,0.000,0.000,5.44935,5.44935,23.70,-0.012,0.033,-0.012,0.033,-0.004,0.026,1.00000,74.342,0.290,-0.277
[SHELL] ccB:135,2147515723,1,-0.010,-0.343,0.353,50.033,50.037,49.963,50.030,50.040,49.960
[SHELL] ccA:136,870170445,100707,0.167,-0.384,0.000,0.000,5.44029,5.44029,23.76,-0.007,0.034,-0.007,0.034,-0.004,0.026,1.00000,74.342,-0.051,-0.503
[SHELL] ccB:136,22941,1,-0.409,-0.053,0.462,50.037,50.028,49.963,50.033,50.037,49.963
[SHELL] ccA:137,870280465,100708,0.059,-0.372,0.000,0.000,5.45286,5.45286,23.79,-0.005,0.033,-0.005,0.033,-0.004,0.026,1.00000,73.902,0.046,-0.203
[SHELL] ccB:137,2147515697,1,-0.119,-0.089,0.208,50.037,50.024,49.963,50.037,50.028,49.963
[SHELL] ccA:138,870390453,100709,0.079,-0.355,0.000,0.000,5.45427,5.45427,23.77,-0.005,0.033,-0.005,0.033,-0.004,0.026,1.00000,73.902,0.275,-0.511
[SHELL] ccB:138,22945,1,-0.192,-0.379,0.570,50.037,50.025,49.963,50.037,50.024,49.963
[SHELL] ccA:139,870500417,100710,0.268,-0.675,0.000,0.000,5.44818,5.44818,23.71,-0.009,0.040,-0.009,0.040,-0.004,0.026,1.00000,73.902,0.478,-1.473
[SHELL] ccB:139,2147515721,1,-0.771,-0.777,1.549,50.044,50.035,49.956,50.037,50.025,49.963
[SHELL] ccA:140,870610481,100711,0.215,-0.931,0.000,0.000,5.44075,5.44075,23.82,-0.008,0.046,-0.008,0.046,-0.004,0.027,1.00000,74.342,-0.372,-0.265
[SHELL] ccB:140,22959,1,-0.445,0.310,0.135,50.050,50.035,49.950,50.044,50.035,49.956
[SHELL] ccA:141,870720441,100712,-0.265,-0.316,0.000,0.000,5.43900,5.43900,23.76,0.001,0.033,0.001,0.033,-0.004,0.027,1.00000,74.342,-0.793,0.740
[SHELL] ccB:141,2147515709,1,0.026,0.926,-0.952,50.039,50.011,49.961,50.050,50.035,49.950
[SHELL] ccA:142,870830477,100713,-0.341,0.240,0.000,0.000,5.44614,5.44614,23.81,0.003,0.022,0.003,0.022,-0.004,0.027,1.00000,74.342,0.592,-0.255
[SHELL] ccB:142,22957,1,0.207,-0.632,0.425,50.026,50.003,49.974,50.039,50.011,49.961
[SHELL] ccA:143,870940485,100714,0.135,0.081,0.000,0.000,5.44632,5.44633,23.82,-0.006,0.025,-0.006,0.025,-0.004,0.027,1.00000,74.342,0.148,0.096
[SHELL] ccB:143,2147515687,1,0.171,-0.125,-0.046,50.027,50.023,49.973,50.026,50.003,49.974
[SHELL] ctrlcap v1 armed=0 count=512 clock_hz=550000000 decimation=1
[SHELL] ccA:index,cycles,seq,id,iq,idref,iqref,theta,actangle,age_us,vdreq,vqreq,vd,vq,intd,intq,scale,bus,raw_id,raw_iq
[SHELL] ccB:index,timer,valid,ia,ib,ic,du,dv,dw,active_u,active_v,active_w
[SHELL] ccA:144,871050465,100715,0.305,-0.253,0.000,0.000,5.44655,5.44655,23.79,-0.010,0.032,-0.010,0.032,-0.004,0.027,1.00000,74.342,0.333,-0.949
[SHELL] ccB:144,22951,1,-0.481,-0.524,1.005,50.034,50.033,49.966,50.027,50.023,49.973
[SHELL] ccA:145,871160453,100716,0.276,-0.605,0.000,0.000,5.45000,5.45000,23.77,-0.010,0.040,-0.010,0.040,-0.004,0.027,1.00000,74.342,0.290,-0.620
[SHELL] ccB:145,2147515703,1,-0.264,-0.415,0.679,50.043,50.036,49.957,50.034,50.033,49.966
[SHELL] ccA:146,871270433,100717,0.201,-1.114,0.000,0.000,5.45112,5.45112,23.70,-0.008,0.050,-0.008,0.050,-0.004,0.028,1.00000,74.342,-0.108,-2.269
[SHELL] ccB:146,22935,1,-1.750,-0.379,2.129,50.055,50.038,49.945,50.043,50.036,49.957
[SHELL] ccA:147,871380441,100718,0.134,-1.288,0.000,0.000,5.45133,5.45133,23.77,-0.007,0.054,-0.007,0.054,-0.004,0.029,1.00000,74.342,0.463,0.005
[SHELL] ccB:147,2147515709,1,0.316,-0.451,0.135,50.060,50.037,49.940,50.055,50.038,49.945
[SHELL] ccA:148,871490489,100719,0.382,-0.705,0.000,0.000,5.45077,5.45077,23.83,-0.012,0.043,-0.012,0.043,-0.004,0.029,1.00000,74.342,0.710,-0.562
[SHELL] ccB:148,22963,1,0.062,-0.814,0.751,50.046,50.042,49.954,50.060,50.037,49.940
[SHELL] ccA:149,871600461,100720,0.488,-0.262,0.000,0.000,5.44475,5.44475,23.79,-0.014,0.034,-0.014,0.034,-0.005,0.029,1.00000,74.342,0.069,0.071
[SHELL] ccB:149,2147515699,1,0.098,-0.053,-0.046,50.032,50.039,49.961,50.046,50.042,49.954
[SHELL] ccA:150,871710413,100721,0.343,-0.375,0.000,0.000,5.44833,5.44833,23.70,-0.012,0.037,-0.012,0.037,-0.005,0.029,1.00000,74.342,0.526,-1.077
[SHELL] ccB:150,22925,1,-0.445,-0.741,1.186,50.039,50.039,49.961,50.032,50.039,49.961
[SHELL] ccA:151,871830385,100722,0.307,-0.586,0.000,0.000,5.44752,5.44752,26.67,-0.011,0.041,-0.011,0.041,-0.005,0.030,1.00000,74.342,0.109,-0.259
[SHELL] ccB:151,2147510737,1,-0.119,-0.161,0.280,50.044,50.039,49.956,50.039,50.039,49.961
[SHELL] ccA:152,871930421,100723,0.075,-0.375,0.000,0.000,5.44700,5.44700,23.70,-0.007,0.037,-0.007,0.037,-0.005,0.030,1.00000,74.342,-0.445,0.095
[SHELL] ccB:152,22929,1,-0.228,0.455,-0.227,50.041,50.029,49.959,50.044,50.039,49.956
[SHELL] ccA:153,872040561,100724,0.172,-0.447,0.000,0.000,5.44292,5.44292,23.82,-0.009,0.039,-0.009,0.039,-0.005,0.030,1.00000,74.342,1.470,-1.720
[SHELL] ccB:153,2147515649,1,-0.300,-1.792,2.093,50.042,50.033,49.958,50.041,50.029,49.959
[SHELL] ccA:154,872150413,100725,0.715,-0.862,0.000,0.000,5.44836,5.44836,23.71,-0.020,0.048,-0.020,0.048,-0.005,0.030,1.00000,74.342,0.366,-0.101
[SHELL] ccB:154,22925,1,0.171,-0.379,0.208,50.044,50.054,49.946,50.042,50.033,49.958
[SHELL] ccA:155,872261073,100726,0.645,-0.030,0.000,0.000,5.45463,5.45463,23.77,-0.019,0.031,-0.019,0.031,-0.006,0.030,1.00000,74.342,0.380,1.802
[SHELL] ccB:155,2147515393,1,1.584,0.020,-1.604,50.021,50.040,49.960,50.044,50.054,49.946
[SHELL] ccA:156,872370473,100727,0.295,0.397,0.000,0.000,5.44591,5.44591,23.81,-0.012,0.022,-0.012,0.022,-0.006,0.030,1.00000,74.342,0.053,-1.916
[SHELL] ccB:156,22955,1,-1.388,-0.451,1.839,50.017,50.028,49.972,50.021,50.040,49.960
[SHELL] ccA:157,872480437,100728,0.096,-0.475,0.000,0.000,5.44932,5.44932,23.76,-0.008,0.040,-0.008,0.040,-0.006,0.030,1.00000,74.342,-0.104,0.129
[SHELL] ccB:157,2147515711,1,0.026,0.129,-0.155,50.044,50.033,49.956,50.017,50.028,49.972
[SHELL] ccA:158,872590489,100729,0.016,-0.394,0.000,0.000,5.44759,5.44759,23.82,-0.006,0.039,-0.006,0.039,-0.006,0.031,1.00000,74.342,0.219,0.081
[SHELL] ccB:158,22963,1,0.207,-0.198,-0.010,50.042,50.029,49.958,50.044,50.033,49.956
[SHELL] ccA:159,872700453,100730,0.233,0.057,0.000,0.000,5.44755,5.44755,23.77,-0.011,0.030,-0.011,0.030,-0.006,0.031,1.00000,74.342,0.596,-0.064
[SHELL] ccB:159,2147515703,1,0.352,-0.596,0.244,50.030,50.032,49.968,50.042,50.029,49.958
[SHELL] ctrlcap v1 armed=0 count=512 clock_hz=550000000 decimation=1
[SHELL] ccA:index,cycles,seq,id,iq,idref,iqref,theta,actangle,age_us,vdreq,vqreq,vd,vq,intd,intq,scale,bus,raw_id,raw_iq
[SHELL] ccB:index,timer,valid,ia,ib,ic,du,dv,dw,active_u,active_v,active_w
[SHELL] ccA:160,872810469,100731,0.268,-0.037,0.000,0.000,5.44609,5.44609,23.79,-0.012,0.031,-0.012,0.031,-0.006,0.031,1.00000,74.342,-0.338,-0.099
[SHELL] ccB:160,22953,1,-0.300,0.310,-0.010,50.031,50.035,49.965,50.030,50.032,49.968
[SHELL] ccA:161,872920477,100732,-0.044,-0.109,0.000,0.000,5.44668,5.44668,23.78,-0.005,0.033,-0.005,0.033,-0.006,0.031,1.00000,74.342,-0.094,-0.173
[SHELL] ccB:161,2147515691,1,-0.192,0.056,0.135,50.036,50.024,49.964,50.031,50.035,49.965
[SHELL] ccA:162,873030445,100733,-0.082,-0.074,0.000,0.000,5.45387,5.45388,23.78,-0.005,0.032,-0.005,0.032,-0.006,0.031,1.00000,74.342,0.198,0.149
[SHELL] ccB:162,22941,1,0.243,-0.161,-0.082,50.036,50.023,49.964,50.036,50.024,49.964
[SHELL] ccA:163,873140409,100734,0.015,-0.138,0.000,0.000,5.44810,5.44810,23.71,-0.007,0.034,-0.007,0.034,-0.006,0.031,1.00000,74.342,-0.240,-0.676
[SHELL] ccB:163,2147515725,1,-0.663,0.092,0.570,50.037,50.027,49.963,50.036,50.023,49.964
[SHELL] ccA:164,873250449,100735,0.025,-0.392,0.000,0.000,5.44961,5.44961,23.79,-0.007,0.039,-0.007,0.039,-0.006,0.031,1.00000,74.342,0.383,-0.362
[SHELL] ccB:164,22943,1,-0.010,-0.451,0.462,50.043,50.030,49.957,50.037,50.027,49.963
[SHELL] ccA:165,873360465,100736,0.081,-0.430,0.000,0.000,5.45191,5.45191,23.76,-0.008,0.040,-0.008,0.040,-0.006,0.031,1.00000,74.342,-0.202,-0.320
[SHELL] ccB:165,2147515697,1,-0.373,0.129,0.244,50.043,50.033,49.957,50.043,50.030,49.957
[SHELL] ccA:166,873470433,100737,-0.024,-0.445,0.000,0.000,5.44846,5.44846,23.72,-0.006,0.040,-0.006,0.040,-0.006,0.031,1.00000,74.342,-0.077,-0.776
[SHELL] ccB:166,22935,1,-0.626,-0.089,0.715,50.045,50.029,49.955,50.043,50.033,49.957
[SHELL] ccA:167,873580493,100738,0.042,-0.661,0.000,0.000,5.43858,5.43858,23.82,-0.007,0.045,-0.007,0.045,-0.006,0.032,1.00000,73.902,0.524,-0.770
[SHELL] ccB:167,2147515683,1,-0.228,-0.669,0.896,50.050,50.032,49.950,50.045,50.029,49.955
[SHELL] ccA:168,873690469,100739,0.157,-0.319,0.000,0.000,5.45573,5.45573,23.82,-0.009,0.038,-0.009,0.038,-0.006,0.032,1.00000,73.902,-0.345,1.041
[SHELL] ccB:168,22953,1,0.533,0.564,-1.097,50.041,50.036,49.959,50.050,50.032,49.950
[SHELL] ccA:169,873800429,100740,-0.051,0.309,0.000,0.000,5.45034,5.45034,23.75,-0.005,0.026,-0.005,0.026,-0.006,0.032,1.00000,73.902,-0.037,-0.078
[SHELL] ccB:169,2147515715,1,-0.083,0.020,0.063,50.028,50.022,49.972,50.041,50.036,49.959
[SHELL] ccA:170,873910477,100741,-0.027,-0.084,0.000,0.000,5.44725,5.44725,23.81,-0.006,0.034,-0.006,0.034,-0.006,0.032,1.00000,74.342,0.310,-1.223
[SHELL] ccB:170,22957,1,-0.699,-0.560,1.259,50.037,50.026,49.963,50.028,50.022,49.972
[SHELL] ccA:171,874020497,100742,0.056,-0.639,0.000,0.000,5.44506,5.44506,23.79,-0.007,0.045,-0.007,0.045,-0.006,0.032,1.00000,74.342,-0.360,-0.031
[SHELL] ccB:171,2147515681,1,-0.264,0.346,-0.082,50.049,50.033,49.951,50.037,50.026,49.963
[SHELL] ccA:172,874130441,100743,0.015,-0.395,0.000,0.000,5.44818,5.44818,23.76,-0.007,0.040,-0.007,0.040,-0.006,0.032,1.00000,74.342,0.472,-0.295
[SHELL] ccB:172,22939,1,0.098,-0.524,0.425,50.044,50.030,49.956,50.049,50.033,49.951
[SHELL] ccA:173,874240453,100744,0.373,-0.327,0.000,0.000,5.44598,5.44598,23.70,-0.014,0.039,-0.014,0.039,-0.007,0.032,1.00000,74.342,0.908,-0.686
[SHELL] ccB:173,2147515703,1,0.098,-1.031,0.933,50.040,50.043,49.957,50.044,50.030,49.956
[SHELL] ccA:174,874350493,100745,0.489,-0.393,0.000,0.000,5.45045,5.45045,23.82,-0.017,0.041,-0.017,0.041,-0.007,0.033,1.00000,74.342,-0.334,0.094
[SHELL] ccB:174,22965,1,-0.155,0.346,-0.191,50.038,50.046,49.954,50.040,50.043,49.957
[SHELL] ccA:175,874460441,100746,0.096,-0.063,0.000,0.000,5.44809,5.44809,23.76,-0.009,0.034,-0.009,0.034,-0.007,0.033,1.00000,74.342,0.144,0.247
[SHELL] ccB:175,2147515709,1,0.280,-0.089,-0.191,50.037,50.032,49.963,50.038,50.046,49.954
[SHELL] ctrlcap v1 armed=0 count=512 clock_hz=550000000 decimation=1
[SHELL] ccA:index,cycles,seq,id,iq,idref,iqref,theta,actangle,age_us,vdreq,vqreq,vd,vq,intd,intq,scale,bus,raw_id,raw_iq
[SHELL] ccB:index,timer,valid,ia,ib,ic,du,dv,dw,active_u,active_v,active_w
[SHELL] ccA:176,874570501,100747,-0.342,0.404,0.000,0.000,5.44403,5.44404,23.82,0.000,0.024,0.000,0.024,-0.007,0.032,1.00000,74.342,-1.322,1.027
[SHELL] ccB:176,22969,1,-0.119,1.506,-1.387,50.028,50.010,49.972,50.037,50.032,49.963
[SHELL] ccA:177,874680461,100748,-0.588,0.514,0.000,0.000,5.45043,5.45043,23.75,0.005,0.022,0.005,0.022,-0.006,0.032,1.00000,74.342,0.148,-0.247
[SHELL] ccB:177,2147515699,1,-0.083,-0.198,0.280,50.026,49.999,49.974,50.028,50.010,49.972
[SHELL] ccA:178,874790509,100749,-0.207,0.171,0.000,0.000,5.44832,5.44832,23.82,-0.002,0.029,-0.002,0.029,-0.006,0.032,1.00000,74.342,0.197,0.150
[SHELL] ccB:178,22973,1,0.243,-0.161,-0.082,50.032,50.016,49.968,50.026,49.999,49.974
[SHELL] ccA:179,874900421,100750,0.169,-0.240,0.000,0.000,5.44778,5.44778,23.70,-0.010,0.037,-0.010,0.037,-0.006,0.032,1.00000,74.342,0.132,-1.013
[SHELL] ccB:179,2147515719,1,-0.663,-0.343,1.005,50.040,50.035,49.960,50.032,50.016,49.968
[SHELL] ccA:180,875010509,100751,0.100,-0.519,0.000,0.000,5.44722,5.44722,23.82,-0.008,0.043,-0.008,0.043,-0.006,0.033,1.00000,74.342,-0.063,-0.201
[SHELL] ccB:180,22973,1,-0.192,0.020,0.172,50.047,50.035,49.953,50.040,50.035,49.960
[SHELL] ccA:181,875120449,100752,-0.001,-0.343,0.000,0.000,5.44455,5.44455,23.77,-0.006,0.040,-0.006,0.040,-0.006,0.033,1.00000,74.342,-0.011,0.045
[SHELL] ccB:181,2147515705,1,0.026,0.020,-0.046,50.044,50.029,49.956,50.047,50.035,49.953
[SHELL] ccA:182,875230441,100753,-0.002,0.219,0.000,0.000,5.44426,5.44426,23.76,-0.006,0.028,-0.006,0.028,-0.006,0.033,1.00000,74.342,0.077,0.988
[SHELL] ccB:182,22939,1,0.787,0.129,-0.916,50.031,50.024,49.969,50.044,50.029,49.956
[SHELL] ccA:183,875340477,100754,0.029,0.667,0.000,0.000,5.44855,5.44855,23.81,-0.007,0.019,-0.007,0.019,-0.006,0.032,1.00000,74.342,-0.029,0.648
[SHELL] ccB:183,2147515691,1,0.461,0.165,-0.626,50.019,50.021,49.979,50.031,50.024,49.969
[SHELL] ccA:184,875450453,100755,-0.048,0.310,0.000,0.000,5.45189,5.45189,23.76,-0.005,0.026,-0.005,0.026,-0.006,0.032,1.00000,74.342,-0.213,-1.046
[SHELL] ccB:184,22945,1,-0.916,-0.016,0.933,50.028,50.022,49.972,50.019,50.021,49.979
[SHELL] ccA:185,875560497,100756,-0.478,-0.049,0.000,0.000,5.44506,5.44506,23.79,0.003,0.033,0.003,0.033,-0.006,0.032,1.00000,74.342,-1.459,1.250
[SHELL] ccB:185,2147515681,1,-0.047,1.687,-1.641,50.039,50.007,49.961,50.028,50.022,49.972
[SHELL] ccA:186,875670465,100757,-0.698,0.565,0.000,0.000,5.44974,5.44974,23.76,0.008,0.021,0.008,0.021,-0.006,0.032,1.00000,74.342,0.340,0.804
[SHELL] ccB:186,22951,1,0.823,-0.161,-0.662,50.025,49.993,49.975,50.039,50.007,49.961
[SHELL] ccA:187,875780517,100758,-0.191,0.537,0.000,0.000,5.44438,5.44438,23.82,-0.002,0.021,-0.002,0.021,-0.006,0.032,1.00000,74.342,0.015,-0.709
[SHELL] ccB:187,2147515671,1,-0.518,-0.161,0.679,50.023,50.012,49.977,50.025,49.993,49.975
[SHELL] ccA:188,875890449,100759,0.004,-0.237,0.000,0.000,5.44884,5.44884,23.77,-0.006,0.036,-0.006,0.036,-0.006,0.032,1.00000,74.342,-0.352,-0.331
[SHELL] ccB:188,22943,1,-0.481,0.274,0.208,50.040,50.027,49.960,50.023,50.012,49.977
[SHELL] ccA:189,876000529,100760,-0.190,-0.318,0.000,0.000,5.44899,5.44899,23.82,-0.002,0.038,-0.002,0.038,-0.006,0.032,1.00000,74.342,-0.073,0.101
[SHELL] ccB:189,2147515665,1,0.026,0.092,-0.118,50.043,50.020,49.957,50.040,50.027,49.960
[SHELL] ccA:190,876110413,100761,-0.097,-0.097,0.000,0.000,5.44664,5.44664,23.71,-0.004,0.034,-0.004,0.034,-0.006,0.032,1.00000,74.342,0.110,-0.259
[SHELL] ccB:190,22925,1,-0.119,-0.161,0.280,50.038,50.021,49.962,50.043,50.020,49.957
[SHELL] ccA:191,876220405,100762,0.042,-0.100,0.000,0.000,5.44117,5.44117,23.71,-0.006,0.034,-0.006,0.034,-0.006,0.032,1.00000,73.902,0.020,0.017
[SHELL] ccB:191,2147515727,1,0.026,-0.016,-0.010,50.037,50.027,49.963,50.038,50.021,49.962
[SHELL] ctrlcap v1 armed=0 count=512 clock_hz=550000000 decimation=1
[SHELL] ccA:index,cycles,seq,id,iq,idref,iqref,theta,actangle,age_us,vdreq,vqreq,vd,vq,intd,intq,scale,bus,raw_id,raw_iq
[SHELL] ccB:index,timer,valid,ia,ib,ic,du,dv,dw,active_u,active_v,active_w
[SHELL] ccA:192,876330437,100763,0.238,-0.265,0.000,0.000,5.44756,5.44756,23.76,-0.010,0.037,-0.010,0.037,-0.006,0.032,1.00000,74.342,0.801,-0.836
[SHELL] ccB:192,22937,1,-0.083,-0.959,1.041,50.040,50.036,49.960,50.037,50.027,49.963
[SHELL] ccA:193,876440457,100764,0.441,-0.571,0.000,0.000,5.44741,5.44741,23.77,-0.015,0.044,-0.015,0.044,-0.006,0.032,1.00000,74.342,0.141,-0.630
[SHELL] ccB:193,2147515701,1,-0.373,-0.270,0.643,50.046,50.047,49.953,50.040,50.036,49.960
[SHELL] ccA:194,876550469,100765,0.090,-0.437,0.000,0.000,5.44787,5.44787,23.79,-0.008,0.041,-0.008,0.041,-0.006,0.033,1.00000,74.342,-0.724,0.348
[SHELL] ccB:194,22953,1,-0.228,0.781,-0.553,50.045,50.033,49.955,50.046,50.047,49.953
[SHELL] ccA:195,876660509,100766,-0.479,-0.497,0.000,0.000,5.44814,5.44814,23.80,0.004,0.043,0.004,0.043,-0.006,0.033,1.00000,74.342,-0.611,-2.052
[SHELL] ccB:195,2147515675,1,-1.931,0.165,1.766,50.050,50.011,49.950,50.045,50.033,49.955
[SHELL] ccA:196,876770477,100767,-0.553,-0.968,0.000,0.000,5.44817,5.44817,23.82,0.006,0.053,0.006,0.053,-0.005,0.033,1.00000,74.342,-0.267,-0.114
[SHELL] ccB:196,22957,1,-0.264,0.237,0.027,50.061,50.011,49.939,50.050,50.011,49.950
[SHELL] ccA:197,876880461,100768,-0.320,-0.750,0.000,0.000,5.44488,5.44488,23.78,0.001,0.049,0.001,0.049,-0.005,0.034,1.00000,74.342,-0.136,-0.720
[SHELL] ccB:197,2147515699,1,-0.626,-0.016,0.643,50.056,50.018,49.944,50.061,50.011,49.939
[SHELL] ccA:198,876990413,100769,-0.139,-0.340,0.000,0.000,5.44979,5.44979,23.71,-0.002,0.041,-0.002,0.041,-0.005,0.034,1.00000,74.342,-0.015,0.196
[SHELL] ccB:198,22925,1,0.135,0.056,-0.191,50.046,50.022,49.954,50.056,50.018,49.944
[SHELL] ccA:199,877100485,100770,-0.053,-0.198,0.000,0.000,5.44919,5.44919,23.82,-0.004,0.038,-0.004,0.038,-0.005,0.034,1.00000,74.342,-0.046,-0.461
[SHELL] ccB:199,2147515687,1,-0.373,-0.053,0.425,50.042,50.024,49.958,50.046,50.022,49.954
[SHELL] ccA:200,877210469,100771,-0.038,-0.801,0.000,0.000,5.45248,5.45248,23.78,-0.004,0.050,-0.004,0.050,-0.005,0.034,1.00000,74.342,-0.045,-2.476
[SHELL] ccB:200,22953,1,-1.859,-0.487,2.346,50.056,50.031,49.944,50.042,50.024,49.958
[SHELL] ccA:201,877320497,100772,-0.126,-1.324,0.000,0.000,5.43524,5.43524,23.82,-0.003,0.062,-0.003,0.062,-0.005,0.035,1.00000,74.342,-0.367,0.116
[SHELL] ccB:201,2147515681,1,-0.155,0.382,-0.227,50.070,50.030,49.930,50.056,50.031,49.944
[SHELL] ccA:202,877430465,100773,-0.219,-0.566,0.000,0.000,5.45593,5.45593,23.79,-0.001,0.047,-0.001,0.047,-0.005,0.035,1.00000,74.342,-0.099,-0.021
[SHELL] ccB:202,22951,1,-0.083,0.092,-0.010,50.053,50.022,49.947,50.070,50.030,49.930
[SHELL] ccA:203,877540481,100774,-0.100,-0.023,0.000,0.000,5.44944,5.44944,23.82,-0.003,0.036,-0.003,0.036,-0.005,0.035,1.00000,74.342,0.166,-0.165
[SHELL] ccB:203,2147515689,1,-0.010,-0.198,0.208,50.040,50.021,49.960,50.053,50.022,49.947
[SHELL] ccA:204,877650497,100775,0.086,-0.067,0.000,0.000,5.44858,5.44859,23.83,-0.007,0.037,-0.007,0.037,-0.005,0.035,1.00000,74.342,0.109,0.083
[SHELL] ccB:204,22967,1,0.135,-0.089,-0.046,50.040,50.029,49.960,50.040,50.021,49.960
[SHELL] ccA:205,877760409,100776,-0.031,0.124,0.000,0.000,5.44613,5.44612,23.73,-0.004,0.033,-0.004,0.033,-0.005,0.035,1.00000,74.342,-0.508,0.493
[SHELL] ccB:205,2147515725,1,0.026,0.600,-0.626,50.036,50.022,49.964,50.040,50.029,49.960
[SHELL] ccA:206,877870417,100777,-0.356,0.210,0.000,0.000,5.45198,5.45198,23.73,0.002,0.031,0.002,0.031,-0.005,0.035,1.00000,74.342,-0.516,-0.230
[SHELL] ccB:206,22927,1,-0.518,0.455,0.063,50.036,50.009,49.964,50.036,50.022,49.964
[SHELL] ccA:207,877980377,100778,-0.526,-0.198,0.000,0.000,5.44172,5.44172,23.63,0.006,0.039,0.006,0.039,-0.005,0.035,1.00000,74.342,-0.562,-0.824
[SHELL] ccB:207,2147515741,1,-0.989,0.382,0.607,50.046,50.004,49.954,50.036,50.009,49.964
[SHELL] ctrlcap v1 armed=0 count=512 clock_hz=550000000 decimation=1
[SHELL] ccA:index,cycles,seq,id,iq,idref,iqref,theta,actangle,age_us,vdreq,vqreq,vd,vq,intd,intq,scale,bus,raw_id,raw_iq
[SHELL] ccB:index,timer,valid,ia,ib,ic,du,dv,dw,active_u,active_v,active_w
[SHELL] ccA:208,878090449,100779,-0.838,-0.024,0.000,0.000,5.44838,5.44838,23.73,0.013,0.036,0.013,0.036,-0.004,0.035,1.00000,74.342,-1.712,1.782
[SHELL] ccB:208,22943,1,0.171,2.050,-2.221,50.044,49.990,49.956,50.046,50.004,49.954
[SHELL] ccA:209,878200385,100780,-1.013,0.720,0.000,0.000,5.44644,5.44644,23.63,0.017,0.020,0.017,0.020,-0.004,0.035,1.00000,74.342,-0.064,0.142
[SHELL] ccB:209,2147515737,1,0.062,0.092,-0.155,50.027,49.976,49.973,50.044,49.990,49.956
[SHELL] ccA:210,878310433,100781,-0.403,0.547,0.000,0.000,5.44871,5.44871,23.73,0.005,0.024,0.005,0.024,-0.003,0.035,1.00000,74.342,0.228,0.122
[SHELL] ccB:210,22935,1,0.243,-0.198,-0.046,50.028,50.001,49.972,50.027,49.976,49.973
[SHELL] ccA:211,878420409,100782,0.014,0.072,0.000,0.000,5.44823,5.44823,23.63,-0.004,0.033,-0.004,0.033,-0.003,0.035,1.00000,74.342,-0.338,-0.099
[SHELL] ccB:211,2147515725,1,-0.300,0.310,-0.010,50.037,50.021,49.963,50.028,50.001,49.972
[SHELL] ccA:212,878530369,100783,-0.106,-0.186,0.000,0.000,5.44550,5.44550,23.65,-0.001,0.038,-0.001,0.038,-0.003,0.035,1.00000,74.342,0.023,-0.668
[SHELL] ccB:212,22903,1,-0.481,-0.161,0.643,50.043,50.019,49.957,50.037,50.021,49.963
[SHELL] ccA:213,878640385,100784,-0.079,-0.235,0.000,0.000,5.44715,5.44715,23.63,-0.002,0.039,-0.002,0.039,-0.003,0.035,1.00000,74.342,-0.025,0.497
[SHELL] ccB:213,2147515737,1,0.352,0.129,-0.481,50.045,50.020,49.955,50.043,50.019,49.957
[SHELL] ccA:214,878750425,100785,-0.022,0.288,0.000,0.000,5.45216,5.45216,23.73,-0.003,0.029,-0.003,0.029,-0.003,0.035,1.00000,74.342,-0.061,0.827
[SHELL] ccB:214,22931,1,0.570,0.237,-0.807,50.032,50.018,49.968,50.045,50.020,49.955
[SHELL] ccA:215,878860421,100786,-0.010,0.206,0.000,0.000,5.44306,5.44306,23.70,-0.003,0.030,-0.003,0.030,-0.003,0.035,1.00000,74.342,0.108,-1.327
[SHELL] ccB:215,2147515719,1,-0.916,-0.379,1.295,50.034,50.019,49.966,50.032,50.018,49.968
[SHELL] ccA:216,878970397,100787,-0.108,-0.254,0.000,0.000,5.44792,5.44792,23.63,-0.001,0.040,-0.001,0.040,-0.003,0.035,1.00000,74.342,-0.587,0.811
[SHELL] ccB:216,22917,1,0.207,0.745,-0.952,50.045,50.019,49.955,50.034,50.019,49.966
[SHELL] ccA:217,879080357,100788,-0.347,0.070,0.000,0.000,5.45027,5.45027,23.62,0.004,0.033,0.004,0.033,-0.003,0.035,1.00000,74.342,-0.321,-0.016
[SHELL] ccB:217,2147515751,1,-0.228,0.310,-0.082,50.039,50.007,49.961,50.045,50.019,49.955
[SHELL] ccA:218,879190377,100789,-0.219,0.064,0.000,0.000,5.44337,5.44337,23.63,0.001,0.033,0.001,0.033,-0.003,0.035,1.00000,74.342,0.351,-0.523
[SHELL] ccB:218,22907,1,-0.155,-0.451,0.607,50.038,50.011,49.962,50.039,50.007,49.961
[SHELL] ccA:219,879300901,100790,0.059,-0.408,0.000,0.000,5.44952,5.44952,24.57,-0.004,0.043,-0.004,0.043,-0.003,0.035,1.00000,73.902,-0.144,-0.569
[SHELL] ccB:219,2147515479,1,-0.518,0.020,0.498,50.048,50.027,49.952,50.038,50.011,49.962
[SHELL] ccA:220,879410381,100791,-0.131,-0.298,0.000,0.000,5.45076,5.45076,23.64,-0.000,0.041,-0.000,0.041,-0.003,0.035,1.00000,73.902,-0.586,0.470
[SHELL] ccB:220,22909,1,-0.047,0.672,-0.626,50.047,50.018,49.953,50.048,50.027,49.952
[SHELL] ccA:221,879520425,100792,-0.362,0.046,0.000,0.000,5.44521,5.44521,23.73,0.005,0.034,0.005,0.034,-0.003,0.035,1.00000,73.902,-0.134,-0.186
[SHELL] ccB:221,2147515717,1,-0.228,0.092,0.135,50.040,50.005,49.960,50.047,50.018,49.953
[SHELL] ccA:222,879630409,100793,-0.275,0.236,0.000,0.000,5.44622,5.44622,23.63,0.003,0.030,0.003,0.030,-0.003,0.035,1.00000,74.342,-0.248,0.844
[SHELL] ccB:222,22923,1,0.461,0.419,-0.879,50.035,50.007,49.965,50.040,50.005,49.960
[SHELL] ccA:223,879740385,100794,-0.201,0.583,0.000,0.000,5.45173,5.45173,23.63,0.002,0.023,0.002,0.023,-0.002,0.035,1.00000,74.342,-0.172,0.830
[SHELL] ccB:223,2147515737,1,0.497,0.346,-0.843,50.026,50.007,49.974,50.035,50.007,49.965
[SHELL] ctrlcap v1 armed=0 count=512 clock_hz=550000000 decimation=1
[SHELL] ccA:index,cycles,seq,id,iq,idref,iqref,theta,actangle,age_us,vdreq,vqreq,vd,vq,intd,intq,scale,bus,raw_id,raw_iq
[SHELL] ccB:index,timer,valid,ia,ib,ic,du,dv,dw,active_u,active_v,active_w
[SHELL] ccA:224,879850481,100795,-0.121,0.513,0.000,0.000,5.44250,5.44249,23.76,-0.000,0.024,-0.000,0.024,-0.002,0.034,1.00000,74.342,0.107,-0.450
[SHELL] ccB:224,22959,1,-0.264,-0.198,0.462,50.027,50.010,49.973,50.026,50.007,49.974
[SHELL] ccA:225,879960409,100796,-0.007,-0.116,0.000,0.000,5.45734,5.45734,23.63,-0.002,0.037,-0.002,0.037,-0.002,0.034,1.00000,74.342,-0.071,-0.392
[SHELL] ccB:225,2147515725,1,-0.336,-0.016,0.353,50.041,50.021,49.959,50.027,50.010,49.973
[SHELL] ccA:226,880070437,100797,-0.057,-0.379,0.000,0.000,5.44715,5.44715,23.73,-0.001,0.042,-0.001,0.042,-0.002,0.035,1.00000,74.342,-0.192,-0.280
[SHELL] ccB:226,22937,1,-0.336,0.129,0.208,50.048,50.020,49.952,50.041,50.021,49.959
[SHELL] ccA:227,880180453,100798,-0.090,-0.104,0.000,0.000,5.44873,5.44872,23.73,-0.001,0.037,-0.001,0.037,-0.002,0.035,1.00000,74.342,0.095,0.536
[SHELL] ccB:227,2147515703,1,0.461,0.020,-0.481,50.042,50.017,49.958,50.048,50.020,49.952
[SHELL] ccA:228,880290425,100799,-0.123,-0.038,0.000,0.000,5.45558,5.45558,23.73,0.000,0.035,0.000,0.035,-0.002,0.035,1.00000,74.342,-0.491,-0.941
[SHELL] ccB:228,22931,1,-1.025,0.274,0.751,50.040,50.015,49.960,50.042,50.017,49.958
[SHELL] ccA:229,880400377,100800,-0.285,-0.527,0.000,0.000,5.44479,5.44479,23.63,0.004,0.045,0.004,0.045,-0.002,0.035,1.00000,74.342,-0.255,-0.759
[SHELL] ccB:229,2147515741,1,-0.735,0.092,0.643,50.053,50.012,49.947,50.040,50.015,49.960
[SHELL] ccA:230,880510417,100801,-0.442,-0.578,0.000,0.000,5.45164,5.45164,23.73,0.007,0.047,0.007,0.047,-0.002,0.035,1.00000,74.342,-0.768,0.146
[SHELL] ccB:230,22927,1,-0.409,0.781,-0.372,50.055,50.007,49.945,50.053,50.012,49.947
[SHELL] ccA:231,880620413,100802,-0.433,-0.157,0.000,0.000,5.44381,5.44381,23.71,0.007,0.038,0.007,0.038,-0.002,0.035,1.00000,74.342,0.057,-0.162
[SHELL] ccB:231,2147515723,1,-0.083,-0.089,0.172,50.045,50.002,49.955,50.055,50.007,49.945
[SHELL] ccA:232,880730373,100803,-0.073,-0.203,0.000,0.000,5.44907,5.44907,23.63,-0.000,0.039,-0.000,0.039,-0.002,0.035,1.00000,74.342,0.361,-0.635
[SHELL] ccB:232,22905,1,-0.228,-0.487,0.715,50.045,50.017,49.955,50.045,50.002,49.955
[SHELL] ccA:233,880840429,100804,0.228,-0.478,0.000,0.000,5.45159,5.45159,23.73,-0.006,0.045,-0.006,0.045,-0.002,0.036,1.00000,74.342,0.134,-0.480
[SHELL] ccB:233,2147515715,1,-0.264,-0.234,0.498,50.050,50.032,49.950,50.045,50.017,49.955
[SHELL] ccA:234,880950381,100805,0.251,-0.680,0.000,0.000,5.44261,5.44261,23.63,-0.007,0.049,-0.007,0.049,-0.002,0.036,1.00000,74.342,0.373,-1.126
[SHELL] ccB:234,22909,1,-0.590,-0.596,1.186,50.055,50.034,49.945,50.050,50.032,49.950
[SHELL] ccA:235,881060449,100806,0.362,-0.863,0.000,0.000,5.44744,5.44744,23.76,-0.009,0.054,-0.009,0.054,-0.002,0.036,1.00000,74.342,0.566,-0.721
[SHELL] ccB:235,2147515705,1,-0.155,-0.705,0.860,50.059,50.041,49.941,50.055,50.034,49.945
[SHELL] ccA:236,881170377,100807,0.512,-0.853,0.000,0.000,5.44394,5.44394,23.63,-0.013,0.054,-0.013,0.054,-0.002,0.037,1.00000,74.342,0.543,-0.842
[SHELL] ccB:236,22907,1,-0.264,-0.705,0.969,50.058,50.047,49.942,50.059,50.041,49.941
[SHELL] ccA:237,881280437,100808,0.479,-0.778,0.000,0.000,5.46045,5.46045,23.70,-0.012,0.053,-0.012,0.053,-0.003,0.037,1.00000,74.342,0.265,-0.705
[SHELL] ccB:237,2147515711,1,-0.336,-0.415,0.751,50.057,50.048,49.943,50.058,50.047,49.942
[SHELL] ccA:238,881390353,100809,0.277,-0.672,0.000,0.000,5.44671,5.44671,23.62,-0.008,0.051,-0.008,0.051,-0.003,0.038,1.00000,74.342,0.035,-0.436
[SHELL] ccB:238,22895,1,-0.300,-0.125,0.425,50.056,50.038,49.944,50.057,50.048,49.943
[SHELL] ccA:239,881500425,100810,0.000,-0.370,0.000,0.000,5.45232,5.45232,23.72,-0.003,0.045,-0.003,0.045,-0.003,0.038,1.00000,74.342,-0.334,0.094
[SHELL] ccB:239,2147515717,1,-0.155,0.346,-0.191,50.051,50.025,49.949,50.056,50.038,49.944
[SHELL] ctrlcap v1 armed=0 count=512 clock_hz=550000000 decimation=1
[SHELL] ccA:index,cycles,seq,id,iq,idref,iqref,theta,actangle,age_us,vdreq,vqreq,vd,vq,intd,intq,scale,bus,raw_id,raw_iq
[SHELL] ccB:index,timer,valid,ia,ib,ic,du,dv,dw,active_u,active_v,active_w
[SHELL] ccA:240,881610365,100811,-0.019,-0.214,0.000,0.000,5.44262,5.44262,23.63,-0.002,0.042,-0.002,0.042,-0.003,0.038,1.00000,74.342,0.556,-0.609
[SHELL] ccB:240,22901,1,-0.083,-0.669,0.751,50.047,50.022,49.953,50.051,50.025,49.949
[SHELL] ccA:241,881720445,100812,0.116,-0.323,0.000,0.000,5.44411,5.44411,23.76,-0.005,0.044,-0.005,0.044,-0.003,0.038,1.00000,74.342,-0.315,-0.169
[SHELL] ccB:241,2147515707,1,-0.336,0.274,0.063,50.049,50.029,49.951,50.047,50.022,49.953
[SHELL] ccA:242,881830445,100813,-0.138,-0.206,0.000,0.000,5.44957,5.44957,23.76,0.000,0.042,0.000,0.042,-0.003,0.038,1.00000,74.342,-0.476,0.124
[SHELL] ccB:242,22941,1,-0.228,0.491,-0.263,50.048,50.018,49.952,50.049,50.029,49.951
[SHELL] ccA:243,881940377,100814,-0.411,-0.008,0.000,0.000,5.44433,5.44433,23.63,0.006,0.038,0.006,0.038,-0.003,0.038,1.00000,74.342,-0.378,-0.113
[SHELL] ccB:243,2147515741,1,-0.336,0.346,-0.010,50.045,50.005,49.955,50.048,50.018,49.952
[SHELL] ccA:244,882050389,100815,-0.477,-0.562,0.000,0.000,5.45191,5.45191,23.63,0.007,0.050,0.007,0.050,-0.002,0.038,1.00000,74.342,-0.676,-2.144
[SHELL] ccB:244,22913,1,-2.040,0.201,1.839,50.058,50.007,49.942,50.045,50.005,49.955
[SHELL] ccA:245,882160373,100816,-0.451,-1.161,0.000,0.000,5.44959,5.44958,23.63,0.007,0.062,0.007,0.062,-0.002,0.039,1.00000,74.342,-0.073,-0.242
[SHELL] ccB:245,2147515743,1,-0.228,0.020,0.208,50.072,50.013,49.928,50.058,50.007,49.942
[SHELL] ccA:246,882270409,100817,-0.309,-0.640,0.000,0.000,5.44955,5.44955,23.72,0.004,0.052,0.004,0.052,-0.002,0.039,1.00000,74.342,-0.414,0.068
[SHELL] ccB:246,22923,1,-0.228,0.419,-0.191,50.060,50.014,49.940,50.072,50.013,49.928
[SHELL] ccA:247,882380437,100818,-0.248,-0.022,0.000,0.000,5.45003,5.45003,23.73,0.003,0.040,0.003,0.040,-0.002,0.039,1.00000,74.342,-0.090,0.019
[SHELL] ccB:247,2147515711,1,-0.047,0.092,-0.046,50.046,50.011,49.954,50.060,50.014,49.940
[SHELL] ccA:248,882490381,100819,-0.206,0.002,0.000,0.000,5.45294,5.45294,23.65,0.002,0.039,0.002,0.039,-0.002,0.039,1.00000,74.342,-0.228,-0.100
[SHELL] ccB:248,22909,1,-0.228,0.201,0.027,50.045,50.012,49.955,50.046,50.011,49.954
[SHELL] ccA:249,882600429,100820,-0.083,-0.292,0.000,0.000,5.44625,5.44625,23.73,0.000,0.045,0.000,0.045,-0.002,0.039,1.00000,74.342,0.214,-0.987
[SHELL] ccB:249,2147515715,1,-0.590,-0.415,1.005,50.052,50.019,49.948,50.045,50.012,49.955
[SHELL] ccA:250,882710385,100821,0.012,-0.719,0.000,0.000,5.44250,5.44250,23.63,-0.002,0.054,-0.002,0.054,-0.002,0.040,1.00000,74.342,-0.151,-0.802
[SHELL] ccB:250,22911,1,-0.699,-0.016,0.715,50.061,50.026,49.939,50.052,50.019,49.948
[SHELL] ccA:251,882820425,100822,0.072,-0.530,0.000,0.000,5.44935,5.44935,23.71,-0.003,0.051,-0.003,0.051,-0.002,0.040,1.00000,73.902,0.379,0.474
[SHELL] ccB:251,2147515717,1,0.606,-0.270,-0.336,50.057,50.028,49.943,50.061,50.026,49.939
[SHELL] ccA:252,882930433,100823,0.153,-0.065,0.000,0.000,5.44448,5.44447,23.76,-0.005,0.041,-0.005,0.041,-0.002,0.040,1.00000,73.902,0.005,-0.408
[SHELL] ccB:252,22935,1,-0.300,-0.089,0.389,50.046,50.027,49.954,50.057,50.028,49.943
[SHELL] ccA:253,883040417,100824,0.095,-0.379,0.000,0.000,5.44381,5.44381,23.71,-0.004,0.048,-0.004,0.048,-0.002,0.040,1.00000,74.342,-0.009,-1.175
[SHELL] ccB:253,2147515721,1,-0.880,-0.234,1.114,50.054,50.027,49.946,50.046,50.027,49.954
[SHELL] ccA:254,883150441,100825,0.072,-0.834,0.000,0.000,5.44818,5.44818,23.73,-0.003,0.057,-0.003,0.057,-0.002,0.041,1.00000,74.342,0.300,-0.579
[SHELL] ccB:254,22939,1,-0.228,-0.415,0.643,50.064,50.031,49.936,50.054,50.027,49.946
[SHELL] ccA:255,883260453,100826,0.186,-0.682,0.000,0.000,5.44840,5.44840,23.73,-0.006,0.055,-0.006,0.055,-0.002,0.041,1.00000,74.342,0.153,-0.397
[SHELL] ccB:255,2147515703,1,-0.192,-0.234,0.425,50.061,50.034,49.939,50.064,50.031,49.936
[SHELL] ctrlcap v1 armed=0 count=512 clock_hz=550000000 decimation=1
[SHELL] ccA:index,cycles,seq,id,iq,idref,iqref,theta,actangle,age_us,vdreq,vqreq,vd,vq,intd,intq,scale,bus,raw_id,raw_iq
[SHELL] ccB:index,timer,valid,ia,ib,ic,du,dv,dw,active_u,active_v,active_w
[SHELL] ccA:256,883370385,100827,0.215,-0.368,0.000,0.000,5.45333,5.45333,23.63,-0.006,0.049,-0.006,0.049,-0.002,0.041,1.00000,74.342,0.255,-0.099
[SHELL] ccB:256,22911,1,0.098,-0.270,0.172,50.054,50.034,49.946,50.061,50.034,49.939
[SHELL] ccA:257,883480457,100828,0.328,-0.399,0.000,0.000,5.45128,5.45128,23.76,-0.009,0.049,-0.009,0.049,-0.002,0.041,1.00000,74.342,0.651,-1.000
[SHELL] ccB:257,2147515701,1,-0.300,-0.850,1.150,50.054,50.039,49.946,50.054,50.034,49.946
[SHELL] ccA:258,883590425,100829,0.411,-0.744,0.000,0.000,5.45131,5.45131,23.73,-0.011,0.057,-0.011,0.057,-0.002,0.042,1.00000,74.342,0.085,-0.876
[SHELL] ccB:258,22931,1,-0.590,-0.270,0.860,50.062,50.045,49.938,50.054,50.039,49.946
[SHELL] ccA:259,883700377,100830,0.201,-0.954,0.000,0.000,5.43790,5.43790,23.62,-0.007,0.061,-0.007,0.061,-0.002,0.042,1.00000,74.342,-0.016,-1.065
[SHELL] ccB:259,2147515741,1,-0.808,-0.198,1.005,50.068,50.038,49.932,50.062,50.045,49.938
[SHELL] ccA:260,883810409,100831,-0.124,-0.593,0.000,0.000,5.45167,5.45167,23.69,0.000,0.054,0.000,0.054,-0.002,0.043,1.00000,74.342,-0.549,0.634
[SHELL] ccB:260,22923,1,0.098,0.672,-0.771,50.062,50.023,49.938,50.068,50.038,49.932
[SHELL] ccA:261,883920373,100832,-0.242,-0.182,0.000,0.000,5.44945,5.44945,23.63,0.003,0.046,0.003,0.046,-0.002,0.043,1.00000,74.342,0.148,-0.932
[SHELL] ccB:261,2147515743,1,-0.590,-0.343,0.933,50.053,50.015,49.947,50.062,50.023,49.938
[SHELL] ccA:262,884030433,100833,-0.063,-0.457,0.000,0.000,5.44877,5.44876,23.76,-0.001,0.052,-0.001,0.052,-0.002,0.043,1.00000,74.342,-0.002,-0.599
[SHELL] ccB:262,22935,1,-0.445,-0.125,0.570,50.059,50.024,49.941,50.053,50.015,49.947
[SHELL] ccA:263,884140409,100834,0.052,-0.649,0.000,0.000,5.44906,5.44906,23.64,-0.003,0.056,-0.003,0.056,-0.002,0.043,1.00000,74.342,0.065,-0.464
[SHELL] ccB:263,2147515725,1,-0.300,-0.161,0.462,50.063,50.031,49.937,50.059,50.024,49.941
[SHELL] ccA:264,884250421,100835,0.128,-0.386,0.000,0.000,5.44640,5.44640,23.70,-0.005,0.051,-0.005,0.051,-0.002,0.043,1.00000,74.342,0.383,-0.018
[SHELL] ccB:264,22929,1,0.243,-0.379,0.135,50.057,50.031,49.943,50.063,50.031,49.937
[SHELL] ccA:265,884360493,100836,0.299,-0.407,0.000,0.000,5.44931,5.44931,23.81,-0.009,0.052,-0.009,0.052,-0.003,0.044,1.00000,74.342,0.366,-1.129
[SHELL] ccB:265,2147515683,1,-0.590,-0.596,1.186,50.057,50.039,49.943,50.057,50.031,49.943
[SHELL] ccA:266,884470421,100837,0.305,-0.767,0.000,0.000,5.44955,5.44955,23.73,-0.009,0.059,-0.009,0.059,-0.003,0.044,1.00000,74.342,0.104,-0.794
[SHELL] ccB:266,22929,1,-0.518,-0.270,0.788,50.065,50.043,49.935,50.057,50.039,49.943
[SHELL] ccA:267,884580401,100838,0.199,-0.744,0.000,0.000,5.44576,5.44576,23.63,-0.007,0.059,-0.007,0.059,-0.003,0.044,1.00000,74.342,0.220,-0.261
[SHELL] ccB:267,2147515729,1,-0.047,-0.270,0.317,50.066,50.038,49.934,50.065,50.043,49.935
[SHELL] ccA:268,884690441,100839,0.152,-0.188,0.000,0.000,5.44854,5.44854,23.73,-0.006,0.048,-0.006,0.048,-0.003,0.044,1.00000,74.342,0.064,0.564
[SHELL] ccB:268,22939,1,0.461,0.056,-0.517,50.053,50.032,49.947,50.066,50.038,49.934
[SHELL] ccA:269,884800405,100840,0.191,0.034,0.000,0.000,5.44603,5.44603,23.69,-0.007,0.044,-0.007,0.044,-0.003,0.044,1.00000,74.342,0.417,-0.731
[SHELL] ccB:269,2147515727,1,-0.264,-0.560,0.824,50.048,50.032,49.952,50.053,50.032,49.947
[SHELL] ccA:270,884910377,100841,0.240,-0.388,0.000,0.000,5.44451,5.44451,23.63,-0.008,0.052,-0.008,0.052,-0.003,0.045,1.00000,74.342,0.063,-0.655
[SHELL] ccB:270,22907,1,-0.445,-0.198,0.643,50.058,50.037,49.942,50.048,50.032,49.952
[SHELL] ccA:271,885020409,100842,0.102,-0.386,0.000,0.000,5.45014,5.45014,23.63,-0.005,0.052,-0.005,0.052,-0.003,0.045,1.00000,74.342,-0.134,0.500
[SHELL] ccB:271,2147515725,1,0.280,0.237,-0.517,50.058,50.033,49.942,50.058,50.037,49.942
[SHELL] ctrlcap v1 armed=0 count=512 clock_hz=550000000 decimation=1
[SHELL] ccA:index,cycles,seq,id,iq,idref,iqref,theta,actangle,age_us,vdreq,vqreq,vd,vq,intd,intq,scale,bus,raw_id,raw_iq
[SHELL] ccB:index,timer,valid,ia,ib,ic,du,dv,dw,active_u,active_v,active_w
[SHELL] ccA:272,885130393,100843,-0.067,-0.087,0.000,0.000,5.45305,5.45305,23.63,-0.002,0.047,-0.002,0.047,-0.003,0.045,1.00000,74.342,-0.062,-0.694
[SHELL] ccB:272,22915,1,-0.554,-0.089,0.643,50.053,50.024,49.947,50.058,50.033,49.942
[SHELL] ccA:273,885240361,100844,-0.192,-0.489,0.000,0.000,5.44697,5.44697,23.62,0.001,0.055,0.001,0.055,-0.003,0.045,1.00000,73.902,-0.509,-1.068
[SHELL] ccB:273,2147515749,1,-1.134,0.274,0.860,50.063,50.022,49.937,50.053,50.024,49.947
[SHELL] ccA:274,885350373,100845,-0.311,-0.966,0.000,0.000,5.44488,5.44488,23.65,0.003,0.065,0.003,0.065,-0.003,0.046,1.00000,74.342,-0.166,-1.035
[SHELL] ccB:274,22905,1,-0.880,-0.053,0.933,50.075,50.020,49.925,50.063,50.022,49.937
[SHELL] ccA:275,885460405,100846,-0.202,-0.856,0.000,0.000,5.44534,5.44534,23.63,0.001,0.063,0.001,0.063,-0.003,0.046,1.00000,74.342,0.030,-0.285
[SHELL] ccB:275,2147515727,1,-0.192,-0.089,0.280,50.072,50.024,49.928,50.075,50.020,49.925
[SHELL] ccA:276,885570413,100847,-0.131,-0.347,0.000,0.000,5.44706,5.44706,23.73,-0.000,0.053,-0.000,0.053,-0.003,0.046,1.00000,74.342,-0.419,0.218
[SHELL] ccB:276,22925,1,-0.119,0.455,-0.336,50.060,50.023,49.940,50.072,50.024,49.928
[SHELL] ccA:277,885680377,100848,-0.199,-0.054,0.000,0.000,5.44909,5.44909,23.63,0.001,0.047,0.001,0.047,-0.003,0.046,1.00000,74.342,0.011,-0.367
[SHELL] ccB:277,2147515741,1,-0.264,-0.089,0.353,50.054,50.017,49.946,50.060,50.023,49.940
[SHELL] ccA:278,885790425,100849,-0.082,-0.111,0.000,0.000,5.44341,5.44341,23.70,-0.001,0.048,-0.001,0.048,-0.003,0.046,1.00000,74.342,0.069,0.071
[SHELL] ccB:278,22931,1,0.098,-0.053,-0.046,50.055,50.022,49.945,50.054,50.017,49.946
[SHELL] ccA:279,885900437,100850,-0.008,-0.678,0.000,0.000,5.44706,5.44706,23.73,-0.002,0.060,-0.002,0.060,-0.003,0.047,1.00000,74.342,-0.182,-2.487
[SHELL] ccB:279,2147515711,1,-1.967,-0.343,2.310,50.068,50.030,49.932,50.055,50.022,49.945
[SHELL] ccA:280,886010357,100851,-0.118,-1.190,0.000,0.000,5.44831,5.44831,23.62,-0.000,0.071,-0.000,0.071,-0.002,0.047,1.00000,74.342,-0.175,0.144
[SHELL] ccB:280,22897,1,-0.010,0.201,-0.191,50.081,50.030,49.919,50.068,50.030,49.932
[SHELL] ccA:281,886120373,100852,-0.358,-0.363,0.000,0.000,5.44611,5.44611,23.63,0.005,0.055,0.005,0.055,-0.002,0.047,1.00000,74.342,-0.899,0.748
[SHELL] ccB:281,2147515743,1,-0.047,1.035,-0.988,50.063,50.013,49.937,50.081,50.030,49.919
[SHELL] ccA:282,886230361,100853,-0.479,0.198,0.000,0.000,5.45059,5.45059,23.64,0.008,0.043,0.008,0.043,-0.002,0.047,1.00000,74.342,0.055,-0.848
[SHELL] ccB:282,22899,1,-0.590,-0.234,0.824,50.051,50.004,49.949,50.063,50.013,49.937
[SHELL] ccA:283,886340413,100854,-0.154,-0.145,0.000,0.000,5.45513,5.45513,23.70,0.001,0.050,0.001,0.050,-0.002,0.047,1.00000,74.342,0.173,0.368
[SHELL] ccB:283,2147515723,1,0.388,-0.089,-0.300,50.057,50.020,49.943,50.051,50.004,49.949
[SHELL] ccA:284,886450437,100855,0.108,-0.308,0.000,0.000,5.45009,5.45009,23.72,-0.004,0.054,-0.004,0.054,-0.002,0.048,1.00000,74.342,0.033,-1.121
[SHELL] ccB:284,22937,1,-0.808,-0.270,1.078,50.060,50.031,49.940,50.057,50.020,49.943
[SHELL] ccA:285,886560449,100856,-0.084,-0.379,0.000,0.000,5.44699,5.44699,23.73,-0.000,0.055,-0.000,0.055,-0.002,0.048,1.00000,74.342,-0.574,0.358
[SHELL] ccB:285,2147515705,1,-0.119,0.636,-0.517,50.063,50.024,49.937,50.060,50.031,49.940
[SHELL] ccA:286,886670373,100857,-0.098,-0.097,0.000,0.000,5.44711,5.44711,23.63,0.000,0.050,0.000,0.050,-0.002,0.048,1.00000,74.342,0.724,0.016
[SHELL] ccB:286,22905,1,0.497,-0.705,0.208,50.057,50.021,49.943,50.063,50.024,49.937
[SHELL] ccA:287,886780433,100858,0.184,0.003,0.000,0.000,5.45012,5.45012,23.76,-0.006,0.048,-0.006,0.048,-0.002,0.048,1.00000,74.342,-0.139,-0.377
[SHELL] ccB:287,2147515713,1,-0.373,0.056,0.317,50.053,50.032,49.947,50.057,50.021,49.943
[SHELL] ctrlcap v1 armed=0 count=512 clock_hz=550000000 decimation=1
[SHELL] ccA:index,cycles,seq,id,iq,idref,iqref,theta,actangle,age_us,vdreq,vqreq,vd,vq,intd,intq,scale,bus,raw_id,raw_iq
[SHELL] ccB:index,timer,valid,ia,ib,ic,du,dv,dw,active_u,active_v,active_w
[SHELL] ccA:288,886890409,100859,0.050,-0.525,0.000,0.000,5.45201,5.45201,23.63,-0.003,0.058,-0.003,0.058,-0.002,0.048,1.00000,74.342,-0.245,-1.361
[SHELL] ccB:288,22923,1,-1.170,-0.053,1.223,50.066,50.031,49.934,50.053,50.032,49.947
[SHELL] ccA:289,887000429,100860,-0.183,-0.828,0.000,0.000,5.44312,5.44312,23.73,0.002,0.065,0.002,0.065,-0.002,0.048,1.00000,74.342,-0.102,-0.214
[SHELL] ccB:289,2147515715,1,-0.228,0.056,0.172,50.074,50.024,49.926,50.066,50.031,49.934
[SHELL] ccA:290,887110429,100861,0.184,-0.768,0.000,0.000,5.44924,5.44924,23.73,-0.006,0.064,-0.006,0.064,-0.002,0.049,1.00000,74.342,1.185,-1.285
[SHELL] ccB:290,22933,1,-0.155,-1.430,1.585,50.072,50.039,49.928,50.074,50.024,49.926
[SHELL] ccA:291,887220385,100862,0.551,-0.746,0.000,0.000,5.44426,5.44426,23.63,-0.013,0.064,-0.013,0.064,-0.002,0.049,1.00000,74.342,-0.063,-0.201
[SHELL] ccB:291,2147515737,1,-0.192,0.020,0.172,50.070,50.053,49.930,50.072,50.039,49.928
[SHELL] ccA:292,887330433,100863,0.345,-0.584,0.000,0.000,5.44814,5.44814,23.73,-0.009,0.061,-0.009,0.061,-0.002,0.049,1.00000,74.342,0.322,-0.648
[SHELL] ccB:292,22935,1,-0.264,-0.451,0.715,50.067,50.044,49.933,50.070,50.053,49.930
[SHELL] ccA:293,887440401,100864,0.034,-1.265,0.000,0.000,5.44567,5.44567,23.63,-0.003,0.075,-0.003,0.075,-0.003,0.050,1.00000,74.342,-0.445,-3.564
[SHELL] ccB:293,2147515729,1,-2.946,-0.306,3.252,50.085,50.038,49.915,50.067,50.044,49.933
[SHELL] ccA:294,887550433,100865,-0.170,-1.874,0.000,0.000,5.44321,5.44321,23.73,0.001,0.088,0.001,0.088,-0.002,0.051,1.00000,74.342,-0.110,0.279
[SHELL] ccB:294,22935,1,0.135,0.165,-0.300,50.101,50.035,49.899,50.085,50.038,49.915
[SHELL] ccA:295,887660409,100866,-0.161,-0.918,0.000,0.000,5.44662,5.44662,23.62,0.001,0.070,0.001,0.070,-0.002,0.052,1.00000,74.342,0.022,-0.668
[SHELL] ccB:295,2147515725,1,-0.481,-0.161,0.643,50.080,50.028,49.920,50.101,50.035,49.899
[SHELL] ccA:296,887770461,100867,-0.162,-0.185,0.000,0.000,5.45115,5.45115,23.76,0.001,0.055,0.001,0.055,-0.002,0.052,1.00000,74.342,-0.581,0.319
[SHELL] ccB:296,22949,1,-0.155,0.636,-0.481,50.063,50.022,49.937,50.080,50.028,49.920
[SHELL] ccA:297,887880381,100868,-0.238,-0.237,0.000,0.000,5.44799,5.44799,23.64,0.003,0.056,0.003,0.056,-0.002,0.052,1.00000,74.342,0.190,-0.919
[SHELL] ccB:297,2147515739,1,-0.554,-0.379,0.933,50.065,50.019,49.935,50.063,50.022,49.937
[SHELL] ccA:298,887990385,100869,-0.106,-0.223,0.000,0.000,5.44532,5.44532,23.65,0.000,0.056,0.000,0.056,-0.002,0.052,1.00000,74.342,-0.221,0.624
[SHELL] ccB:298,22911,1,0.316,0.346,-0.662,50.064,50.024,49.936,50.065,50.019,49.935
[SHELL] ccA:299,888100377,100870,-0.042,0.206,0.000,0.000,5.44468,5.44468,23.63,-0.001,0.048,-0.001,0.048,-0.002,0.052,1.00000,74.342,0.084,0.495
[SHELL] ccB:299,2147515741,1,0.425,0.020,-0.445,50.054,50.022,49.946,50.064,50.024,49.936
[SHELL] ccA:300,888210377,100871,-0.016,0.329,0.000,0.000,5.44812,5.44812,23.65,-0.002,0.045,-0.002,0.045,-0.002,0.052,1.00000,74.342,-0.010,-0.298
[SHELL] ccB:300,22907,1,-0.228,-0.053,0.280,50.051,50.023,49.949,50.054,50.022,49.946
[SHELL] ccA:301,888320433,100872,0.227,-0.144,0.000,0.000,5.44066,5.44066,23.73,-0.007,0.054,-0.007,0.054,-0.002,0.052,1.00000,73.902,0.844,-0.475
[SHELL] ccB:301,2147515713,1,0.207,-0.922,0.715,50.061,50.036,49.939,50.051,50.023,49.949
[SHELL] ccA:302,888430409,100873,0.445,-0.472,0.000,0.000,5.44391,5.44391,23.72,-0.011,0.061,-0.011,0.061,-0.002,0.052,1.00000,73.902,0.103,-0.642
[SHELL] ccB:302,22923,1,-0.409,-0.234,0.643,50.068,50.048,49.932,50.061,50.036,49.939
[SHELL] ccA:303,888540429,100874,0.217,-0.500,0.000,0.000,5.44616,5.44616,23.72,-0.007,0.062,-0.007,0.062,-0.003,0.052,1.00000,73.902,-0.183,-0.240
[SHELL] ccB:303,2147515715,1,-0.300,0.129,0.172,50.069,50.040,49.931,50.068,50.048,49.932
[SHELL] ctrlcap v1 armed=0 count=512 clock_hz=550000000 decimation=1
[SHELL] ccA:index,cycles,seq,id,iq,idref,iqref,theta,actangle,age_us,vdreq,vqreq,vd,vq,intd,intq,scale,bus,raw_id,raw_iq
[SHELL] ccB:index,timer,valid,ia,ib,ic,du,dv,dw,active_u,active_v,active_w
[SHELL] ccA:304,888650381,100875,0.358,-0.617,0.000,0.000,5.44671,5.44671,23.63,-0.010,0.065,-0.010,0.065,-0.003,0.052,1.00000,73.902,1.693,-1.347
[SHELL] ccB:304,22909,1,0.135,-1.937,1.803,50.072,50.047,49.928,50.069,50.040,49.931
[SHELL] ccA:305,888760413,100876,0.677,-0.513,0.000,0.000,5.45310,5.45310,23.70,-0.017,0.063,-0.017,0.063,-0.003,0.053,1.00000,73.902,-0.494,0.880
[SHELL] ccB:305,2147515723,1,0.316,0.672,-0.988,50.068,50.060,49.932,50.072,50.047,49.928
[SHELL] ccA:306,888870429,100877,0.222,0.388,0.000,0.000,5.44370,5.44371,23.70,-0.008,0.045,-0.008,0.045,-0.003,0.052,1.00000,74.342,0.182,1.137
[SHELL] ccB:306,22933,1,0.968,0.056,-1.024,50.049,50.034,49.951,50.068,50.060,49.932
[SHELL] ccA:307,888980497,100878,-0.066,0.961,0.000,0.000,5.44623,5.44624,23.82,-0.002,0.033,-0.002,0.033,-0.003,0.052,1.00000,74.342,-0.132,0.691
[SHELL] ccB:307,2147515681,1,0.425,0.274,-0.698,50.037,50.017,49.963,50.049,50.034,49.951
[SHELL] ccA:308,889090481,100879,0.176,0.449,0.000,0.000,5.44708,5.44708,23.82,-0.007,0.043,-0.007,0.043,-0.003,0.052,1.00000,74.342,0.788,-0.726
[SHELL] ccB:308,22959,1,-0.010,-0.922,0.933,50.047,50.031,49.953,50.037,50.017,49.963
[SHELL] ccA:309,889200445,100880,0.306,-0.291,0.000,0.000,5.44952,5.44952,23.78,-0.009,0.058,-0.009,0.058,-0.003,0.052,1.00000,74.342,-0.219,-0.403
[SHELL] ccB:309,2147515707,1,-0.445,0.129,0.317,50.064,50.043,49.936,50.047,50.031,49.953
[SHELL] ccA:310,889310481,100881,0.128,-0.215,0.000,0.000,5.44708,5.44708,23.82,-0.006,0.056,-0.006,0.056,-0.003,0.052,1.00000,74.342,0.161,0.671
[SHELL] ccB:310,22959,1,0.606,-0.016,-0.590,50.063,50.036,49.937,50.064,50.043,49.936
[SHELL] ccA:311,889420437,100882,0.001,0.230,0.000,0.000,5.44869,5.44869,23.77,-0.003,0.047,-0.003,0.047,-0.003,0.052,1.00000,74.342,-0.099,-0.022
[SHELL] ccB:311,2147515711,1,-0.083,0.092,-0.010,50.053,50.027,49.947,50.063,50.036,49.937
[SHELL] ccA:312,889530413,100883,-0.065,0.094,0.000,0.000,5.44405,5.44405,23.71,-0.002,0.050,-0.002,0.050,-0.003,0.052,1.00000,74.342,-0.222,-0.253
[SHELL] ccB:312,22925,1,-0.336,0.165,0.172,50.057,50.025,49.943,50.053,50.027,49.947
[SHELL] ccA:313,889640473,100884,-0.406,-0.027,0.000,0.000,5.44491,5.44492,23.82,0.005,0.053,0.005,0.053,-0.003,0.052,1.00000,74.342,-1.080,0.421
[SHELL] ccB:313,2147515693,1,-0.409,1.143,-0.735,50.061,50.012,49.939,50.057,50.025,49.943
[SHELL] ccA:314,889750449,100885,-0.576,0.090,0.000,0.000,5.44585,5.44585,23.77,0.009,0.050,0.009,0.050,-0.003,0.052,1.00000,74.342,0.079,-0.231
[SHELL] ccB:314,22943,1,-0.119,-0.125,0.244,50.059,50.004,49.941,50.061,50.012,49.939
[SHELL] ccA:315,889860473,100886,-0.363,0.263,0.000,0.000,5.44376,5.44377,23.82,0.005,0.047,0.005,0.047,-0.003,0.052,1.00000,74.342,-0.530,1.095
[SHELL] ccB:315,2147515693,1,0.461,0.745,-1.206,50.054,50.010,49.946,50.059,50.004,49.941
[SHELL] ccA:316,889970461,100887,-0.339,0.510,0.000,0.000,5.45222,5.45222,23.78,0.004,0.041,0.004,0.041,-0.003,0.051,1.00000,74.342,-0.374,0.082
[SHELL] ccB:316,22949,1,-0.192,0.382,-0.191,50.048,50.010,49.952,50.054,50.010,49.946
[SHELL] ccA:317,890080461,100888,-0.462,0.367,0.000,0.000,5.44926,5.44926,23.79,0.007,0.044,0.007,0.044,-0.002,0.051,1.00000,74.342,-0.569,0.208
[SHELL] ccB:317,2147515699,1,-0.228,0.600,-0.372,50.052,50.005,49.948,50.048,50.010,49.952
[SHELL] ccA:318,890190413,100889,-0.269,-0.038,0.000,0.000,5.44704,5.44704,23.70,0.003,0.052,0.003,0.052,-0.002,0.051,1.00000,74.342,0.433,-0.650
[SHELL] ccB:318,22925,1,-0.192,-0.560,0.751,50.060,50.016,49.940,50.052,50.005,49.948
[SHELL] ccA:319,890300489,100890,0.208,-0.361,0.000,0.000,5.45372,5.45372,23.82,-0.006,0.059,-0.006,0.059,-0.002,0.051,1.00000,74.342,0.532,-0.354
[SHELL] ccB:319,2147515685,1,0.098,-0.596,0.498,50.065,50.038,49.935,50.060,50.016,49.940
[SHELL] ctrlcap v1 armed=0 count=512 clock_hz=550000000 decimation=1
[SHELL] ccA:index,cycles,seq,id,iq,idref,iqref,theta,actangle,age_us,vdreq,vqreq,vd,vq,intd,intq,scale,bus,raw_id,raw_iq
[SHELL] ccB:index,timer,valid,ia,ib,ic,du,dv,dw,active_u,active_v,active_w
[SHELL] ccA:320,890410445,100891,0.406,-0.860,0.000,0.000,5.44679,5.44679,23.70,-0.011,0.069,-0.011,0.069,-0.002,0.052,1.00000,74.342,0.127,-2.082
[SHELL] ccB:320,22941,1,-1.460,-0.560,2.020,50.076,50.050,49.924,50.065,50.038,49.935
[SHELL] ccA:321,890520449,100892,0.364,-1.102,0.000,0.000,5.44987,5.44987,23.77,-0.010,0.075,-0.010,0.075,-0.003,0.052,1.00000,74.342,0.671,0.111
[SHELL] ccB:321,2147515705,1,0.533,-0.632,0.099,50.082,50.052,49.918,50.076,50.050,49.924
[SHELL] ccA:322,890630485,100893,0.430,-0.623,0.000,0.000,5.44684,5.44684,23.82,-0.011,0.065,-0.011,0.065,-0.003,0.053,1.00000,74.342,0.252,-0.632
[SHELL] ccB:322,22961,1,-0.300,-0.379,0.679,50.072,50.050,49.928,50.082,50.052,49.918
[SHELL] ccA:323,890740485,100894,0.264,-0.657,0.000,0.000,5.44980,5.44980,23.78,-0.008,0.066,-0.008,0.066,-0.003,0.053,1.00000,74.342,-0.118,-1.474
[SHELL] ccB:323,2147515687,1,-1.170,-0.198,1.368,50.073,50.045,49.927,50.072,50.050,49.928
[SHELL] ccA:324,890850409,100895,0.097,-0.958,0.000,0.000,5.44752,5.44752,23.73,-0.005,0.073,-0.005,0.073,-0.003,0.054,1.00000,74.342,0.371,-0.251
[SHELL] ccB:324,22923,1,0.062,-0.415,0.353,50.082,50.041,49.918,50.073,50.045,49.927
[SHELL] ccA:325,890961205,100896,0.102,-0.461,0.000,0.000,5.44926,5.44926,23.79,-0.005,0.063,-0.005,0.063,-0.003,0.054,1.00000,74.342,-0.214,0.132
[SHELL] ccB:325,2147515327,1,-0.047,0.237,-0.191,50.071,50.037,49.929,50.082,50.041,49.918
[SHELL] ccA:326,891070445,100897,0.101,-0.129,0.000,0.000,5.44611,5.44611,23.76,-0.005,0.057,-0.005,0.057,-0.003,0.054,1.00000,74.342,0.460,-0.526
[SHELL] ccB:326,22941,1,-0.083,-0.560,0.643,50.063,50.034,49.937,50.071,50.037,49.929
[SHELL] ccA:327,891180457,100898,0.103,-0.290,0.000,0.000,5.44416,5.44417,23.77,-0.005,0.060,-0.005,0.060,-0.003,0.054,1.00000,74.342,-0.293,-0.238
[SHELL] ccB:327,2147515701,1,-0.373,0.237,0.135,50.067,50.035,49.933,50.063,50.034,49.937
[SHELL] ccA:328,891290493,100899,-0.065,-0.211,0.000,0.000,5.45340,5.45340,23.82,-0.002,0.058,-0.002,0.058,-0.003,0.054,1.00000,74.342,-0.134,0.158
[SHELL] ccB:328,22965,1,0.026,0.165,-0.191,50.066,50.029,49.934,50.067,50.035,49.933
[SHELL] ccA:329,891400433,100900,-0.202,-0.331,0.000,0.000,5.44802,5.44802,23.76,0.001,0.061,0.001,0.061,-0.003,0.054,1.00000,74.342,-0.248,-1.402
[SHELL] ccB:329,2147515713,1,-1.206,-0.053,1.259,50.070,50.024,49.930,50.066,50.029,49.934
[SHELL] ccA:330,891510497,100901,-0.152,-0.743,0.000,0.000,5.44666,5.44666,23.83,0.000,0.070,0.000,0.070,-0.003,0.055,1.00000,74.342,0.021,-0.326
[SHELL] ccB:330,22967,1,-0.228,-0.089,0.317,50.079,50.029,49.921,50.070,50.024,49.930
[SHELL] ccA:331,891620473,100902,0.071,-0.862,0.000,0.000,5.45321,5.45321,23.82,-0.004,0.072,-0.004,0.072,-0.003,0.055,1.00000,74.342,0.488,-1.394
[SHELL] ccB:331,2147515693,1,-0.699,-0.777,1.476,50.081,50.040,49.919,50.079,50.029,49.921
[SHELL] ccA:332,891730489,100903,0.381,-1.000,0.000,0.000,5.45206,5.45206,23.82,-0.011,0.076,-0.011,0.076,-0.003,0.056,1.00000,74.342,0.527,-0.887
[SHELL] ccB:332,22963,1,-0.300,-0.705,1.005,50.083,50.054,49.917,50.081,50.040,49.919
[SHELL] ccA:333,891840465,100904,0.489,-0.890,0.000,0.000,5.45429,5.45430,23.76,-0.013,0.074,-0.013,0.074,-0.003,0.056,1.00000,74.342,0.412,-0.392
[SHELL] ccB:333,2147515697,1,-0.010,-0.487,0.498,50.081,50.058,49.919,50.083,50.054,49.917
[SHELL] ccA:334,891950473,100905,0.333,-0.588,0.000,0.000,5.45032,5.45032,23.79,-0.010,0.068,-0.010,0.068,-0.004,0.056,1.00000,74.342,-0.020,-0.681
[SHELL] ccB:334,22955,1,-0.518,-0.125,0.643,50.075,50.050,49.925,50.081,50.058,49.919
[SHELL] ccA:335,892060469,100906,0.052,-0.478,0.000,0.000,5.44691,5.44691,23.79,-0.005,0.066,-0.005,0.066,-0.004,0.057,1.00000,74.342,-0.165,-0.158
[SHELL] ccB:335,2147515695,1,-0.228,0.129,0.099,50.074,50.037,49.926,50.075,50.050,49.925
[SHELL] ctrlcap v1 armed=0 count=512 clock_hz=550000000 decimation=1
[SHELL] ccA:index,cycles,seq,id,iq,idref,iqref,theta,actangle,age_us,vdreq,vqreq,vd,vq,intd,intq,scale,bus,raw_id,raw_iq
[SHELL] ccB:index,timer,valid,ia,ib,ic,du,dv,dw,active_u,active_v,active_w
[SHELL] ccA:336,892170433,100907,-0.055,-0.160,0.000,0.000,5.45414,5.45414,23.76,-0.003,0.060,-0.003,0.060,-0.004,0.057,1.00000,74.342,0.133,0.356
[SHELL] ccB:336,22935,1,0.352,-0.053,-0.300,50.068,50.031,49.932,50.074,50.037,49.926
[SHELL] ccA:337,892280453,100908,0.116,0.113,0.000,0.000,5.44828,5.44828,23.78,-0.006,0.054,-0.006,0.054,-0.004,0.057,1.00000,74.342,0.366,-0.101
[SHELL] ccB:337,2147515703,1,0.171,-0.379,0.208,50.060,50.035,49.940,50.068,50.031,49.932
[SHELL] ccA:338,892390473,100909,0.106,0.111,0.000,0.000,5.45060,5.45060,23.81,-0.006,0.054,-0.006,0.054,-0.004,0.057,1.00000,74.342,-0.440,0.288
[SHELL] ccB:338,22955,1,-0.083,0.491,-0.408,50.060,50.035,49.940,50.060,50.035,49.940
[SHELL] ccA:339,892500485,100910,-0.085,-0.083,0.000,0.000,5.44944,5.44944,23.81,-0.002,0.058,-0.002,0.058,-0.004,0.057,1.00000,74.342,0.175,-0.809
[SHELL] ccB:339,2147515687,1,-0.481,-0.343,0.824,50.066,50.029,49.934,50.060,50.035,49.940
[SHELL] ccA:340,892610485,100911,-0.058,-0.304,0.000,0.000,5.44469,5.44470,23.82,-0.003,0.063,-0.003,0.063,-0.004,0.057,1.00000,74.342,-0.144,0.116
[SHELL] ccB:340,22961,1,-0.010,0.165,-0.155,50.071,50.031,49.929,50.066,50.029,49.934
[SHELL] ccA:341,892720473,100912,-0.087,-0.094,0.000,0.000,5.44787,5.44787,23.79,-0.002,0.059,-0.002,0.059,-0.004,0.057,1.00000,74.342,-0.237,0.200
[SHELL] ccB:341,2147515693,1,-0.010,0.274,-0.263,50.066,50.029,49.934,50.071,50.031,49.929
[SHELL] ccA:342,892830441,100913,-0.207,-0.342,0.000,0.000,5.45074,5.45074,23.70,0.001,0.064,0.001,0.064,-0.004,0.057,1.00000,74.342,-0.208,-1.882
[SHELL] ccB:342,22939,1,-1.533,-0.198,1.730,50.073,50.026,49.927,50.066,50.029,49.934
[SHELL] ccA:343,892940441,100914,-0.085,-1.358,0.000,0.000,5.45153,5.45153,23.76,-0.002,0.085,-0.002,0.085,-0.003,0.058,1.00000,74.342,0.313,-1.868
[SHELL] ccB:343,2147515709,1,-1.170,-0.705,1.875,50.096,50.040,49.904,50.073,50.026,49.927
[SHELL] ccA:344,893050501,100915,0.143,-1.542,0.000,0.000,5.45128,5.45128,23.81,-0.006,0.089,-0.006,0.089,-0.004,0.058,1.00000,74.342,0.156,-0.549
[SHELL] ccB:344,22969,1,-0.300,-0.270,0.570,50.100,50.051,49.900,50.096,50.040,49.904
[SHELL] ccA:345,893160453,100916,-0.025,-0.569,0.000,0.000,5.44534,5.44534,23.78,-0.003,0.070,-0.003,0.070,-0.004,0.059,1.00000,74.342,-0.726,0.689
[SHELL] ccB:345,2147515703,1,0.026,0.854,-0.879,50.079,50.035,49.921,50.100,50.051,49.900
[SHELL] ccA:346,893270485,100917,-0.232,0.230,0.000,0.000,5.44821,5.44821,23.82,0.001,0.054,0.001,0.054,-0.003,0.059,1.00000,74.342,0.370,0.091
[SHELL] ccB:346,22961,1,0.316,-0.343,0.027,50.062,50.021,49.938,50.079,50.035,49.921
[SHELL] ccA:347,893380469,100918,-0.006,0.113,0.000,0.000,5.44871,5.44871,23.78,-0.003,0.056,-0.003,0.056,-0.003,0.059,1.00000,74.342,-0.037,-0.421
[SHELL] ccB:347,2147515695,1,-0.336,-0.053,0.389,50.063,50.031,49.937,50.062,50.021,49.938
[SHELL] ccA:348,893490469,100919,0.027,-0.295,0.000,0.000,5.45188,5.45188,23.79,-0.004,0.065,-0.004,0.065,-0.003,0.059,1.00000,74.342,-0.189,-0.430
[SHELL] ccB:348,22953,1,-0.445,0.092,0.353,50.073,50.036,49.927,50.063,50.031,49.937
[SHELL] ccA:349,893600409,100920,0.014,-0.222,0.000,0.000,5.44581,5.44581,23.70,-0.004,0.063,-0.004,0.063,-0.003,0.059,1.00000,74.342,0.471,0.391
[SHELL] ccB:349,2147515725,1,0.606,-0.379,-0.227,50.071,50.034,49.929,50.073,50.036,49.927
[SHELL] ccA:350,893710413,100921,0.374,0.112,0.000,0.000,5.44979,5.44979,23.71,-0.011,0.057,-0.011,0.057,-0.004,0.059,1.00000,74.342,0.742,0.095
[SHELL] ccB:350,22925,1,0.570,-0.705,0.135,50.062,50.046,49.938,50.071,50.034,49.929
[SHELL] ccA:351,893820457,100922,0.561,0.076,0.000,0.000,5.44990,5.44990,23.78,-0.015,0.057,-0.015,0.057,-0.004,0.059,1.00000,74.342,0.290,-0.278
[SHELL] ccB:351,2147515701,1,-0.010,-0.343,0.353,50.061,50.054,49.939,50.062,50.046,49.938
[SHELL] ctrlcap v1 armed=0 count=512 clock_hz=550000000 decimation=1
[SHELL] ccA:index,cycles,seq,id,iq,idref,iqref,theta,actangle,age_us,vdreq,vqreq,vd,vq,intd,intq,scale,bus,raw_id,raw_iq
[SHELL] ccB:index,timer,valid,ia,ib,ic,du,dv,dw,active_u,active_v,active_w
[SHELL] ccA:352,893930493,100923,0.318,-0.316,0.000,0.000,5.45644,5.45644,23.76,-0.010,0.065,-0.010,0.065,-0.004,0.059,1.00000,74.342,-0.052,-0.804
[SHELL] ccB:352,22965,1,-0.626,-0.125,0.751,50.072,50.049,49.928,50.061,50.054,49.939
[SHELL] ccA:353,894040453,100924,-0.003,-0.418,0.000,0.000,5.43981,5.43981,23.79,-0.004,0.067,-0.004,0.067,-0.004,0.059,1.00000,74.342,-0.199,0.212
[SHELL] ccB:353,2147515703,1,0.026,0.237,-0.263,50.076,50.035,49.924,50.072,50.049,49.928
[SHELL] ccA:354,894150413,100925,-0.227,-0.044,0.000,0.000,5.44293,5.44293,23.72,0.001,0.060,0.001,0.060,-0.004,0.059,1.00000,74.342,-0.459,0.203
[SHELL] ccB:354,22925,1,-0.155,0.491,-0.336,50.069,50.024,49.931,50.076,50.035,49.924
[SHELL] ccA:355,894260493,100926,-0.168,0.221,0.000,0.000,5.44776,5.44776,23.82,-0.001,0.055,-0.001,0.055,-0.004,0.059,1.00000,73.902,0.445,0.268
[SHELL] ccB:355,2147515683,1,0.497,-0.379,-0.118,50.062,50.024,49.938,50.069,50.024,49.931
[SHELL] ccA:356,894370477,100927,0.189,0.071,0.000,0.000,5.44614,5.44614,23.79,-0.008,0.058,-0.008,0.058,-0.004,0.059,1.00000,73.902,0.327,-0.455
[SHELL] ccB:356,22957,1,-0.119,-0.415,0.534,50.064,50.040,49.936,50.062,50.024,49.938
[SHELL] ccA:357,894480413,100928,0.221,-0.042,0.000,0.000,5.44745,5.44745,23.71,-0.008,0.060,-0.008,0.060,-0.004,0.059,1.00000,73.902,-0.215,0.474
[SHELL] ccB:357,2147515723,1,0.207,0.310,-0.517,50.067,50.042,49.933,50.064,50.040,49.936
[SHELL] ccA:358,894590409,100929,0.025,0.037,0.000,0.000,5.44704,5.44704,23.71,-0.005,0.058,-0.005,0.058,-0.004,0.059,1.00000,74.342,0.203,-0.343
[SHELL] ccB:358,22923,1,-0.119,-0.270,0.389,50.065,50.034,49.935,50.067,50.042,49.933
[SHELL] ccA:359,894700441,100930,-0.017,-0.071,0.000,0.000,5.44946,5.44946,23.75,-0.004,0.060,-0.004,0.060,-0.004,0.059,1.00000,74.342,-0.259,-0.073
[SHELL] ccB:359,2147515709,1,-0.228,0.237,-0.010,50.068,50.033,49.932,50.065,50.034,49.935
[SHELL] ccA:360,894810449,100931,-0.055,-0.160,0.000,0.000,5.44623,5.44624,23.79,-0.003,0.062,-0.003,0.062,-0.004,0.059,1.00000,74.342,0.096,-0.149
[SHELL] ccB:360,22943,1,-0.047,-0.125,0.172,50.070,50.032,49.930,50.068,50.033,49.932
[SHELL] ccA:361,894920421,100932,-0.065,-0.163,0.000,0.000,5.44761,5.44761,23.70,-0.003,0.062,-0.003,0.062,-0.004,0.059,1.00000,74.342,-0.192,-0.280
[SHELL] ccB:361,2147515719,1,-0.336,0.129,0.208,50.070,50.032,49.930,50.070,50.032,49.930
[SHELL] ccA:362,895030505,100933,-0.013,-0.356,0.000,0.000,5.44486,5.44486,23.86,-0.004,0.066,-0.004,0.066,-0.004,0.059,1.00000,74.342,0.236,-0.714
[SHELL] ccB:362,22971,1,-0.373,-0.379,0.751,50.075,50.035,49.925,50.070,50.032,49.930
[SHELL] ccA:363,895140473,100934,0.032,-0.322,0.000,0.000,5.44803,5.44803,23.79,-0.005,0.066,-0.005,0.066,-0.004,0.059,1.00000,74.342,-0.153,0.418
[SHELL] ccB:363,2147515693,1,0.207,0.237,-0.445,50.074,50.037,49.926,50.075,50.035,49.925
[SHELL] ccA:364,895250485,100935,0.015,0.034,0.000,0.000,5.44816,5.44816,23.82,-0.004,0.059,-0.004,0.059,-0.004,0.059,1.00000,74.342,0.131,0.014
[SHELL] ccB:364,22961,1,0.098,-0.125,0.027,50.066,50.034,49.934,50.074,50.037,49.926
[SHELL] ccA:365,895360465,100936,0.090,0.210,0.000,0.000,5.45347,5.45347,23.78,-0.006,0.055,-0.006,0.055,-0.004,0.059,1.00000,74.342,0.252,0.394
[SHELL] ccB:365,2147515697,1,0.461,-0.161,-0.300,50.061,50.036,49.939,50.066,50.034,49.934
[SHELL] ccA:366,895470493,100937,0.162,0.194,0.000,0.000,5.44700,5.44701,23.82,-0.007,0.055,-0.007,0.055,-0.004,0.059,1.00000,74.342,0.011,-0.024
[SHELL] ccB:366,22965,1,-0.010,-0.016,0.027,50.061,50.038,49.939,50.061,50.036,49.939
[SHELL] ccA:367,895580445,100938,-0.058,0.124,0.000,0.000,5.44466,5.44466,23.79,-0.003,0.057,-0.003,0.057,-0.004,0.059,1.00000,74.342,-0.507,0.150
[SHELL] ccB:367,2147515707,1,-0.228,0.527,-0.300,50.064,50.030,49.936,50.061,50.038,49.939
[SHELL] ctrlcap v1 armed=0 count=512 clock_hz=550000000 decimation=1
[SHELL] ccA:index,cycles,seq,id,iq,idref,iqref,theta,actangle,age_us,vdreq,vqreq,vd,vq,intd,intq,scale,bus,raw_id,raw_iq
[SHELL] ccB:index,timer,valid,ia,ib,ic,du,dv,dw,active_u,active_v,active_w
[SHELL] ccA:368,895690465,100939,-0.275,0.026,0.000,0.000,5.45048,5.45048,23.79,0.001,0.059,0.001,0.059,-0.004,0.059,1.00000,74.342,-0.095,-0.172
[SHELL] ccB:368,22951,1,-0.192,0.056,0.135,50.067,50.022,49.933,50.064,50.030,49.936
[SHELL] ccA:369,895800485,100940,-0.063,-0.067,0.000,0.000,5.44814,5.44814,23.78,-0.003,0.061,-0.003,0.061,-0.004,0.059,1.00000,74.342,0.445,-0.075
[SHELL] ccB:369,2147515687,1,0.243,-0.451,0.208,50.068,50.031,49.932,50.067,50.022,49.933
[SHELL] ccA:370,895910493,100941,0.179,-0.066,0.000,0.000,5.44957,5.44957,23.82,-0.008,0.061,-0.008,0.061,-0.004,0.059,1.00000,74.342,-0.082,0.060
[SHELL] ccB:370,22965,1,-0.010,0.092,-0.082,50.067,50.041,49.933,50.068,50.031,49.932
[SHELL] ccA:371,896020485,100942,0.063,-0.046,0.000,0.000,5.44523,5.44523,23.82,-0.005,0.060,-0.005,0.060,-0.004,0.059,1.00000,74.342,-0.032,-0.229
[SHELL] ccB:371,2147515687,1,-0.192,-0.016,0.208,50.067,50.036,49.933,50.067,50.041,49.933
[SHELL] ccA:372,896130457,100943,-0.158,-0.127,0.000,0.000,5.44407,5.44407,23.77,-0.001,0.062,-0.001,0.062,-0.004,0.059,1.00000,74.342,-0.488,-0.111
[SHELL] ccB:372,22947,1,-0.409,0.455,-0.046,50.070,50.027,49.930,50.067,50.036,49.933
[SHELL] ccA:373,896240493,100944,-0.253,-0.091,0.000,0.000,5.45398,5.45398,23.79,0.001,0.061,0.001,0.061,-0.004,0.059,1.00000,74.342,-0.001,0.086
[SHELL] ccB:373,2147515683,1,0.062,0.020,-0.082,50.070,50.024,49.930,50.070,50.027,49.930
[SHELL] ccA:374,896350437,100945,-0.046,0.052,0.000,0.000,5.45105,5.45105,23.76,-0.003,0.058,-0.003,0.058,-0.004,0.059,1.00000,74.342,0.308,0.146
[SHELL] ccB:374,22937,1,0.316,-0.270,-0.046,50.066,50.031,49.934,50.070,50.024,49.930
[SHELL] ccA:375,896460445,100946,0.112,0.141,0.000,0.000,5.43860,5.43860,23.76,-0.006,0.057,-0.006,0.057,-0.004,0.059,1.00000,74.342,-0.168,0.184
[SHELL] ccB:375,2147515707,1,0.026,0.201,-0.227,50.063,50.035,49.937,50.066,50.031,49.934
[SHELL] ccA:376,896570509,100947,0.187,-0.064,0.000,0.000,5.45239,5.45239,23.85,-0.008,0.061,-0.008,0.061,-0.004,0.059,1.00000,74.342,0.775,-0.771
[SHELL] ccB:376,22973,1,-0.047,-0.922,0.969,50.067,50.042,49.933,50.063,50.035,49.937
[SHELL] ccA:377,896680449,100948,0.372,-0.281,0.000,0.000,5.44964,5.44964,23.76,-0.012,0.065,-0.012,0.065,-0.004,0.059,1.00000,74.342,0.105,0.234
[SHELL] ccB:377,2147515705,1,0.243,-0.053,-0.191,50.071,50.051,49.929,50.067,50.042,49.933
[SHELL] ccA:378,896790485,100949,0.255,0.083,0.000,0.000,5.44205,5.44205,23.79,-0.009,0.058,-0.009,0.058,-0.004,0.059,1.00000,74.342,0.038,0.633
[SHELL] ccB:378,22961,1,0.497,0.092,-0.590,50.064,50.042,49.936,50.071,50.051,49.929
[SHELL] ccA:379,896900425,100950,0.022,0.246,0.000,0.000,5.44455,5.44455,23.75,-0.005,0.054,-0.005,0.054,-0.004,0.059,1.00000,74.342,-0.092,-0.516
[SHELL] ccB:379,2147515717,1,-0.445,-0.016,0.462,50.061,50.032,49.939,50.064,50.042,49.936
[SHELL] ccA:380,897010493,100951,-0.065,-0.211,0.000,0.000,5.44411,5.44411,23.79,-0.003,0.064,-0.003,0.064,-0.004,0.059,1.00000,74.342,-0.115,-0.447
[SHELL] ccB:380,22965,1,-0.409,0.020,0.389,50.072,50.032,49.928,50.061,50.032,49.939
[SHELL] ccA:381,897120413,100952,-0.073,-0.338,0.000,0.000,5.44514,5.44514,23.71,-0.003,0.066,-0.003,0.066,-0.004,0.060,1.00000,74.342,0.029,0.058
[SHELL] ccB:381,2147515723,1,0.062,-0.016,-0.046,50.075,50.033,49.925,50.072,50.032,49.928
[SHELL] ccA:382,897230489,100953,-0.146,-0.150,0.000,0.000,5.45331,5.45332,23.82,-0.001,0.063,-0.001,0.063,-0.004,0.060,1.00000,74.342,-0.525,-0.270
[SHELL] ccB:382,22963,1,-0.554,0.455,0.099,50.071,50.030,49.929,50.075,50.033,49.925
[SHELL] ccA:383,897340429,100954,-0.271,-0.171,0.000,0.000,5.44547,5.44547,23.72,0.001,0.063,0.001,0.063,-0.004,0.060,1.00000,74.342,-0.063,-0.201
[SHELL] ccB:383,2147515715,1,-0.192,0.020,0.172,50.072,50.024,49.928,50.071,50.030,49.929
[SHELL] ctrlcap v1 armed=0 count=512 clock_hz=550000000 decimation=1
[SHELL] ccA:index,cycles,seq,id,iq,idref,iqref,theta,actangle,age_us,vdreq,vqreq,vd,vq,intd,intq,scale,bus,raw_id,raw_iq
[SHELL] ccB:index,timer,valid,ia,ib,ic,du,dv,dw,active_u,active_v,active_w
[SHELL] ccA:384,897450441,100955,-0.217,-0.403,0.000,0.000,5.44121,5.44121,23.70,0.000,0.068,0.000,0.068,-0.004,0.060,1.00000,74.342,-0.216,-0.939
[SHELL] ccB:384,22939,1,-0.844,0.020,0.824,50.078,50.027,49.922,50.072,50.024,49.928
[SHELL] ccA:385,897560485,100956,-0.040,-0.452,0.000,0.000,5.45060,5.45060,23.79,-0.003,0.069,-0.003,0.069,-0.004,0.060,1.00000,73.902,0.335,0.269
[SHELL] ccB:385,2147515687,1,0.425,-0.270,-0.155,50.079,50.036,49.921,50.078,50.027,49.922
[SHELL] ccA:386,897670453,100957,0.067,-0.122,0.000,0.000,5.44444,5.44444,23.77,-0.005,0.063,-0.005,0.063,-0.004,0.060,1.00000,73.902,-0.187,-0.089
[SHELL] ccB:386,22945,1,-0.192,0.165,0.027,50.071,50.037,49.929,50.079,50.036,49.921
[SHELL] ccA:387,897780493,100958,0.044,0.080,0.000,0.000,5.45317,5.45317,23.79,-0.005,0.059,-0.005,0.059,-0.004,0.060,1.00000,73.902,0.216,0.231
[SHELL] ccB:387,2147515683,1,0.316,-0.161,-0.155,50.066,50.035,49.934,50.071,50.037,49.929
[SHELL] ccA:388,897890485,100959,0.049,-0.022,0.000,0.000,5.45380,5.45380,23.82,-0.005,0.061,-0.005,0.061,-0.004,0.060,1.00000,73.902,-0.048,-0.461
[SHELL] ccB:388,22961,1,-0.373,-0.053,0.425,50.068,50.037,49.932,50.066,50.035,49.934
[SHELL] ccA:389,898000465,100960,0.199,-0.439,0.000,0.000,5.44719,5.44719,23.79,-0.008,0.069,-0.008,0.069,-0.004,0.060,1.00000,73.902,0.678,-1.066
[SHELL] ccB:389,2147515697,1,-0.336,-0.886,1.223,50.077,50.046,49.923,50.068,50.037,49.932
[SHELL] ccA:390,898110477,100961,0.176,-0.465,0.000,0.000,5.45282,5.45282,23.82,-0.008,0.070,-0.008,0.070,-0.004,0.061,1.00000,73.902,-0.601,0.732
[SHELL] ccB:390,22957,1,0.135,0.745,-0.879,50.078,50.046,49.922,50.077,50.046,49.923
[SHELL] ccA:391,898220501,100962,-0.175,-0.474,0.000,0.000,5.44589,5.44589,23.79,-0.001,0.070,-0.001,0.070,-0.004,0.061,1.00000,74.342,-0.176,-2.295
[SHELL] ccB:391,2147515679,1,-1.822,-0.306,2.129,50.080,50.031,49.920,50.078,50.046,49.922
[SHELL] ccA:392,898330457,100963,-0.316,-1.130,0.000,0.000,5.44976,5.44976,23.78,0.002,0.084,0.002,0.084,-0.004,0.061,1.00000,74.342,-0.312,-0.661
[SHELL] ccB:392,22947,1,-0.699,0.165,0.534,50.096,50.031,49.904,50.080,50.031,49.920
[SHELL] ccA:393,898440505,100964,-0.138,-0.939,0.000,0.000,5.44785,5.44785,23.82,-0.001,0.081,-0.001,0.081,-0.004,0.062,1.00000,74.342,0.246,-0.139
[SHELL] ccB:393,2147515677,1,0.062,-0.270,0.208,50.092,50.036,49.908,50.096,50.031,49.904
[SHELL] ccA:394,898550473,100965,0.006,-0.264,0.000,0.000,5.44756,5.44756,23.81,-0.004,0.067,-0.004,0.067,-0.004,0.062,1.00000,74.342,-0.157,-0.117
[SHELL] ccB:394,22955,1,-0.192,0.129,0.063,50.076,50.036,49.924,50.092,50.036,49.908
[SHELL] ccA:395,898660405,100966,-0.238,0.191,0.000,0.000,5.45038,5.45038,23.71,0.001,0.058,0.001,0.058,-0.004,0.062,1.00000,74.342,-0.886,1.135
[SHELL] ccB:395,2147515727,1,0.243,1.107,-1.351,50.066,50.023,49.934,50.076,50.036,49.924
[SHELL] ccA:396,898770489,100967,-0.561,0.582,0.000,0.000,5.44763,5.44763,23.79,0.008,0.050,0.008,0.050,-0.003,0.062,1.00000,74.342,-0.317,0.175
[SHELL] ccB:396,22963,1,-0.083,0.346,-0.263,50.059,50.006,49.941,50.066,50.023,49.934
[SHELL] ccA:397,898880421,100968,-0.432,0.452,0.000,0.000,5.45444,5.45444,23.71,0.005,0.052,0.005,0.052,-0.003,0.061,1.00000,74.342,-0.208,0.324
[SHELL] ccB:397,2147515719,1,0.098,0.274,-0.372,50.061,50.012,49.939,50.059,50.006,49.941
[SHELL] ccA:398,898990493,100969,-0.224,0.252,0.000,0.000,5.45443,5.45443,23.82,0.001,0.056,0.001,0.056,-0.003,0.061,1.00000,74.342,-0.165,0.186
[SHELL] ccB:398,22965,1,0.026,0.201,-0.227,50.064,50.022,49.936,50.061,50.012,49.939
[SHELL] ccA:399,899100417,100970,-0.214,0.465,0.000,0.000,5.45553,5.45553,23.72,0.001,0.052,0.001,0.052,-0.003,0.061,1.00000,74.342,-0.318,1.164
[SHELL] ccB:399,2147515721,1,0.642,0.564,-1.206,50.059,50.020,49.941,50.064,50.022,49.936
[SHELL] ctrlcap v1 armed=0 count=512 clock_hz=550000000 decimation=1
[SHELL] ccA:index,cycles,seq,id,iq,idref,iqref,theta,actangle,age_us,vdreq,vqreq,vd,vq,intd,intq,scale,bus,raw_id,raw_iq
[SHELL] ccB:index,timer,valid,ia,ib,ic,du,dv,dw,active_u,active_v,active_w
[SHELL] ccA:400,899210465,100971,-0.078,0.575,0.000,0.000,5.45005,5.45005,23.78,-0.001,0.049,-0.001,0.049,-0.003,0.061,1.00000,74.342,0.489,-0.214
[SHELL] ccB:400,22951,1,0.171,-0.524,0.353,50.056,50.024,49.944,50.059,50.020,49.941
[SHELL] ccA:401,899320469,100972,0.174,0.161,0.000,0.000,5.44834,5.44834,23.81,-0.007,0.058,-0.007,0.058,-0.003,0.061,1.00000,74.342,0.034,-0.093
[SHELL] ccB:401,2147515695,1,-0.047,-0.053,0.099,50.064,50.037,49.936,50.056,50.024,49.944
[SHELL] ccA:402,899430417,100973,0.203,-0.382,0.000,0.000,5.44902,5.44902,23.70,-0.007,0.069,-0.007,0.069,-0.003,0.061,1.00000,74.342,0.255,-1.126
[SHELL] ccB:402,22927,1,-0.663,-0.487,1.150,50.076,50.044,49.924,50.064,50.037,49.936
[SHELL] ccA:403,899540489,100974,0.230,-0.772,0.000,0.000,5.44739,5.44739,23.82,-0.008,0.077,-0.008,0.077,-0.003,0.061,1.00000,74.342,0.376,-0.745
[SHELL] ccB:403,2147515685,1,-0.300,-0.524,0.824,50.086,50.048,49.914,50.076,50.044,49.924
[SHELL] ccA:404,899650429,100975,0.325,-0.723,0.000,0.000,5.44470,5.44470,23.72,-0.010,0.076,-0.010,0.076,-0.003,0.062,1.00000,74.342,0.292,-0.276
[SHELL] ccB:404,22933,1,-0.010,-0.343,0.353,50.084,50.052,49.916,50.086,50.048,49.914
[SHELL] ccA:405,899760401,100976,0.248,-0.347,0.000,0.000,5.44880,5.44880,23.70,-0.009,0.069,-0.009,0.069,-0.004,0.062,1.00000,74.342,0.034,-0.093
[SHELL] ccB:405,2147515729,1,-0.047,-0.053,0.099,50.076,50.046,49.924,50.084,50.052,49.916
[SHELL] ccA:406,899870381,100977,-0.098,0.027,0.000,0.000,5.44944,5.44944,23.62,-0.002,0.061,-0.002,0.061,-0.004,0.062,1.00000,74.342,-0.750,0.569
[SHELL] ccB:406,22909,1,-0.083,0.854,-0.771,50.069,50.029,49.931,50.076,50.046,49.924
[SHELL] ccA:407,899980409,100978,-0.291,0.164,0.000,0.000,5.45036,5.45036,23.69,0.002,0.058,0.002,0.058,-0.003,0.062,1.00000,74.342,0.303,-0.388
[SHELL] ccB:407,2147515725,1,-0.083,-0.379,0.462,50.067,50.020,49.933,50.069,50.029,49.931
[SHELL] ccA:408,900090365,100979,-0.139,-0.121,0.000,0.000,5.44515,5.44515,23.64,-0.001,0.064,-0.001,0.064,-0.003,0.062,1.00000,74.342,-0.413,-0.276
[SHELL] ccB:408,22901,1,-0.481,0.346,0.135,50.073,50.028,49.927,50.067,50.020,49.933
[SHELL] ccA:409,900200381,100980,-0.147,-0.542,0.000,0.000,5.45161,5.45161,23.63,-0.000,0.073,-0.000,0.073,-0.003,0.062,1.00000,73.902,-0.067,-1.228
[SHELL] ccB:409,2147515739,1,-0.953,-0.198,1.150,50.083,50.032,49.917,50.073,50.028,49.927
[SHELL] ccA:410,900311157,100981,-0.476,-0.514,0.000,0.000,5.44919,5.44919,23.63,0.006,0.073,0.006,0.073,-0.003,0.062,1.00000,73.902,-1.357,0.679
[SHELL] ccB:410,23297,1,-0.409,1.470,-1.061,50.085,50.018,49.915,50.083,50.032,49.917
[SHELL] ccA:411,900420373,100982,-0.620,-0.112,0.000,0.000,5.44955,5.44955,23.63,0.010,0.065,0.010,0.065,-0.003,0.062,1.00000,73.902,0.299,-0.579
[SHELL] ccB:411,2147515743,1,-0.228,-0.415,0.643,50.076,50.009,49.924,50.085,50.018,49.915
[SHELL] ccA:412,900530369,100983,-0.188,-0.174,0.000,0.000,5.44915,5.44915,23.63,0.001,0.066,0.001,0.066,-0.003,0.062,1.00000,74.342,0.007,-0.216
[SHELL] ccB:412,22903,1,-0.155,-0.053,0.208,50.075,50.026,49.925,50.076,50.009,49.924
[SHELL] ccA:413,900640433,100984,0.061,-0.180,0.000,0.000,5.45116,5.45116,23.73,-0.004,0.066,-0.004,0.066,-0.003,0.063,1.00000,74.342,-0.068,0.293
[SHELL] ccB:413,2147515713,1,0.171,0.129,-0.300,50.074,50.036,49.926,50.075,50.026,49.925
[SHELL] ccA:414,900750369,100985,-0.039,-0.040,0.000,0.000,5.45398,5.45398,23.62,-0.002,0.063,-0.002,0.063,-0.003,0.063,1.00000,74.342,-0.027,-0.530
[SHELL] ccB:414,22903,1,-0.409,-0.089,0.498,50.072,50.031,49.928,50.074,50.036,49.926
[SHELL] ccA:415,900860493,100986,0.146,-0.389,0.000,0.000,5.43905,5.43905,23.75,-0.006,0.071,-0.006,0.071,-0.003,0.063,1.00000,74.342,0.706,-0.787
[SHELL] ccB:415,2147515683,1,-0.119,-0.850,0.969,50.079,50.040,49.921,50.072,50.031,49.928
[SHELL] ctrlcap v1 armed=0 count=512 clock_hz=550000000 decimation=1
[SHELL] ccA:index,cycles,seq,id,iq,idref,iqref,theta,actangle,age_us,vdreq,vqreq,vd,vq,intd,intq,scale,bus,raw_id,raw_iq
[SHELL] ccB:index,timer,valid,ia,ib,ic,du,dv,dw,active_u,active_v,active_w
[SHELL] ccA:416,900970413,100987,0.317,-0.209,0.000,0.000,5.44800,5.44800,23.70,-0.009,0.067,-0.009,0.067,-0.003,0.063,1.00000,74.342,-0.119,1.267
[SHELL] ccB:416,22925,1,0.860,0.382,-1.242,50.074,50.047,49.926,50.079,50.040,49.921
[SHELL] ccA:417,901080409,100988,0.070,0.500,0.000,0.000,5.44381,5.44381,23.63,-0.004,0.053,-0.004,0.053,-0.003,0.063,1.00000,74.342,-0.189,0.253
[SHELL] ccB:417,2147515725,1,0.062,0.237,-0.300,50.059,50.030,49.941,50.074,50.047,49.926
[SHELL] ccA:418,901190421,100989,-0.013,0.815,0.000,0.000,5.44673,5.44673,23.63,-0.003,0.046,-0.003,0.046,-0.003,0.062,1.00000,74.342,0.446,1.488
[SHELL] ccB:418,22929,1,1.403,-0.125,-1.278,50.052,50.025,49.948,50.059,50.030,49.941
[SHELL] ccA:419,901300385,100990,0.234,0.715,0.000,0.000,5.44361,5.44361,23.63,-0.008,0.048,-0.008,0.048,-0.003,0.062,1.00000,74.342,0.235,-0.371
[SHELL] ccB:419,2147515737,1,-0.119,-0.306,0.425,50.052,50.035,49.948,50.052,50.025,49.948
[SHELL] ccA:420,901410417,100991,0.111,0.180,0.000,0.000,5.44891,5.44891,23.73,-0.005,0.058,-0.005,0.058,-0.003,0.062,1.00000,74.342,-0.471,-0.027
[SHELL] ccB:420,22927,1,-0.336,0.455,-0.118,50.065,50.035,49.935,50.052,50.035,49.948
[SHELL] ccA:421,901520417,100992,-0.170,-0.225,0.000,0.000,5.44675,5.44675,23.72,0.000,0.066,0.000,0.066,-0.003,0.062,1.00000,74.342,0.026,-0.477
[SHELL] ccB:421,2147515721,1,-0.336,-0.125,0.462,50.076,50.027,49.924,50.065,50.035,49.935
[SHELL] ccA:422,901630365,100993,-0.105,-0.347,0.000,0.000,5.45492,5.45492,23.63,-0.001,0.069,-0.001,0.069,-0.003,0.062,1.00000,74.342,0.000,-0.408
[SHELL] ccB:422,22901,1,-0.300,-0.089,0.389,50.078,50.032,49.922,50.076,50.027,49.924
[SHELL] ccA:423,901740445,100994,-0.018,-0.329,0.000,0.000,5.44596,5.44596,23.76,-0.003,0.069,-0.003,0.069,-0.003,0.062,1.00000,74.342,-0.099,-0.022
[SHELL] ccB:423,2147515707,1,-0.083,0.092,-0.010,50.078,50.034,49.922,50.078,50.032,49.922
[SHELL] ccA:424,901850369,100995,-0.218,-0.012,0.000,0.000,5.45106,5.45106,23.63,0.002,0.062,0.002,0.062,-0.003,0.062,1.00000,74.342,-0.674,0.404
[SHELL] ccB:424,22903,1,-0.155,0.745,-0.590,50.071,50.024,49.929,50.078,50.034,49.922
[SHELL] ccA:425,901960461,100996,-0.329,-0.105,0.000,0.000,5.44620,5.44620,23.76,0.004,0.064,0.004,0.064,-0.003,0.062,1.00000,74.342,0.130,-1.205
[SHELL] ccB:425,2147515699,1,-0.808,-0.379,1.186,50.074,50.019,49.926,50.071,50.024,49.929
[SHELL] ccA:426,902070397,100997,-0.510,-0.172,0.000,0.000,5.45047,5.45047,23.64,0.008,0.066,0.008,0.066,-0.002,0.062,1.00000,74.342,-1.625,1.317
[SHELL] ccB:426,22917,1,-0.119,1.868,-1.749,50.077,50.013,49.923,50.074,50.019,49.926
[SHELL] ccA:427,902180433,100998,-0.796,0.307,0.000,0.000,5.44623,5.44623,23.74,0.014,0.056,0.014,0.056,-0.002,0.062,1.00000,74.342,-0.063,-0.201
[SHELL] ccB:427,2147515713,1,-0.192,0.020,0.172,50.067,49.996,49.933,50.077,50.013,49.923
[SHELL] ccA:428,902290413,100999,-0.493,0.214,0.000,0.000,5.44891,5.44891,23.72,0.008,0.058,0.008,0.058,-0.002,0.062,1.00000,74.342,-0.219,-0.060
[SHELL] ccB:428,22925,1,-0.192,0.201,-0.010,50.068,50.009,49.932,50.067,49.996,49.933
[SHELL] ccA:429,902400361,101000,-0.100,-0.241,0.000,0.000,5.44854,5.44854,23.63,0.000,0.067,0.000,0.067,-0.002,0.062,1.00000,74.342,0.100,-0.643
[SHELL] ccB:429,2147515749,1,-0.409,-0.234,0.643,50.076,50.028,49.924,50.068,50.009,49.932
[SHELL] ccA:430,902510421,101001,-0.102,-0.165,0.000,0.000,5.44957,5.44957,23.73,0.000,0.066,0.000,0.066,-0.002,0.062,1.00000,74.342,-0.391,0.684
[SHELL] ccB:430,22929,1,0.243,0.527,-0.771,50.075,50.027,49.925,50.076,50.028,49.924
[SHELL] ccA:431,902620409,101002,-0.274,0.198,0.000,0.000,5.44339,5.44339,23.63,0.004,0.058,0.004,0.058,-0.002,0.062,1.00000,74.342,-0.414,0.065
[SHELL] ccB:431,2147515725,1,-0.228,0.419,-0.191,50.067,50.016,49.933,50.075,50.027,49.925
[SHELL] ctrlcap v1 armed=0 count=512 clock_hz=550000000 decimation=1
[SHELL] ccA:index,cycles,seq,id,iq,idref,iqref,theta,actangle,age_us,vdreq,vqreq,vd,vq,intd,intq,scale,bus,raw_id,raw_iq
[SHELL] ccB:index,timer,valid,ia,ib,ic,du,dv,dw,active_u,active_v,active_w
[SHELL] ccA:432,902730473,101003,-0.382,-0.047,0.000,0.000,5.44658,5.44658,23.75,0.006,0.063,0.006,0.063,-0.001,0.062,1.00000,74.342,-0.309,-1.004
[SHELL] ccB:432,22955,1,-0.953,0.092,0.860,50.073,50.014,49.927,50.067,50.016,49.933
[SHELL] ccA:433,902840401,101004,-0.314,-0.463,0.000,0.000,5.44798,5.44798,23.70,0.005,0.072,0.005,0.072,-0.001,0.062,1.00000,74.342,-0.223,0.090
[SHELL] ccB:433,2147515729,1,-0.083,0.237,-0.155,50.083,50.020,49.917,50.073,50.014,49.927
[SHELL] ccA:434,902950457,101005,-0.171,-0.140,0.000,0.000,5.44926,5.44926,23.76,0.002,0.065,0.002,0.065,-0.001,0.063,1.00000,74.342,0.073,0.262
[SHELL] ccB:434,22947,1,0.243,-0.016,-0.227,50.075,50.023,49.925,50.083,50.020,49.917
[SHELL] ccA:435,903060377,101006,0.023,0.027,0.000,0.000,5.44576,5.44576,23.63,-0.002,0.062,-0.002,0.062,-0.001,0.062,1.00000,74.342,0.168,-0.507
[SHELL] ccB:435,2147515741,1,-0.264,-0.270,0.534,50.070,50.029,49.930,50.075,50.023,49.925
[SHELL] ccA:436,903170409,101007,0.031,-0.371,0.000,0.000,5.44576,5.44576,23.63,-0.002,0.070,-0.002,0.070,-0.001,0.063,1.00000,74.342,-0.287,-0.731
[SHELL] ccB:436,22923,1,-0.735,0.129,0.607,50.079,50.033,49.921,50.070,50.029,49.930
[SHELL] ccA:437,903280381,101008,-0.086,-0.570,0.000,0.000,5.44473,5.44473,23.63,0.001,0.074,0.001,0.074,-0.001,0.063,1.00000,73.902,0.062,-0.313
[SHELL] ccB:437,2147515739,1,-0.192,-0.125,0.317,50.085,50.030,49.915,50.079,50.033,49.921
[SHELL] ccA:438,903390385,101009,-0.259,-0.207,0.000,0.000,5.44834,5.44834,23.63,0.004,0.067,0.004,0.067,-0.001,0.063,1.00000,73.902,-0.870,0.530
[SHELL] ccB:438,22911,1,-0.192,0.962,-0.771,50.078,50.020,49.922,50.085,50.030,49.915
[SHELL] ccA:439,903500377,101010,-0.410,0.040,0.000,0.000,5.45001,5.45001,23.65,0.007,0.062,0.007,0.062,-0.001,0.063,1.00000,73.902,0.038,-0.587
[SHELL] ccB:439,2147515741,1,-0.409,-0.161,0.570,50.073,50.012,49.927,50.078,50.020,49.922
[SHELL] ccA:440,903610401,101011,-0.354,-0.610,0.000,0.000,5.44359,5.44359,23.63,0.007,0.076,0.007,0.076,-0.001,0.063,1.00000,73.902,-0.621,-1.794
[SHELL] ccB:440,22919,1,-1.750,0.237,1.513,50.088,50.019,49.912,50.073,50.012,49.927
[SHELL] ccA:441,903720413,101012,-0.383,-0.972,0.000,0.000,5.45221,5.45221,23.70,0.007,0.083,0.007,0.083,-0.000,0.064,1.00000,73.902,-0.329,0.286
[SHELL] ccB:441,2147515723,1,-0.010,0.382,-0.372,50.097,50.022,49.903,50.088,50.019,49.912
[SHELL] ccA:442,903830409,101013,-0.242,-0.526,0.000,0.000,5.44702,5.44702,23.72,0.005,0.075,0.005,0.075,-0.000,0.064,1.00000,74.342,0.310,-0.880
[SHELL] ccB:442,22923,1,-0.445,-0.487,0.933,50.086,50.022,49.914,50.097,50.022,49.903
[SHELL] ccA:443,903940361,101014,0.100,-0.433,0.000,0.000,5.45085,5.45085,23.63,-0.002,0.073,-0.002,0.073,-0.000,0.064,1.00000,74.342,0.108,-0.260
[SHELL] ccB:443,2147515749,1,-0.119,-0.161,0.280,50.082,50.036,49.918,50.086,50.022,49.914
[SHELL] ccA:444,904050385,101015,0.210,-0.484,0.000,0.000,5.44337,5.44337,23.63,-0.005,0.074,-0.005,0.074,-0.000,0.065,1.00000,74.342,0.311,-0.536
[SHELL] ccB:444,22911,1,-0.192,-0.415,0.607,50.084,50.040,49.916,50.082,50.036,49.918
[SHELL] ccA:445,904160465,101016,0.305,-0.386,0.000,0.000,5.44871,5.44871,23.76,-0.007,0.072,-0.007,0.072,-0.001,0.065,1.00000,74.342,0.490,-0.213
[SHELL] ccB:445,2147515697,1,0.171,-0.524,0.353,50.081,50.044,49.919,50.084,50.040,49.916
[SHELL] ccA:446,904270489,101017,0.310,-0.318,0.000,0.000,5.45467,5.45467,23.73,-0.007,0.071,-0.007,0.071,-0.001,0.065,1.00000,74.342,-0.052,-0.310
[SHELL] ccB:446,22963,1,-0.264,-0.016,0.280,50.079,50.045,49.921,50.081,50.044,49.919
[SHELL] ccA:447,904380425,101018,0.007,0.003,0.000,0.000,5.44794,5.44794,23.73,-0.001,0.065,-0.001,0.065,-0.001,0.065,1.00000,74.342,-0.357,0.847
[SHELL] ccB:447,2147515717,1,0.388,0.527,-0.916,50.074,50.029,49.926,50.079,50.045,49.921
[SHELL] ctrlcap v1 armed=0 count=512 clock_hz=550000000 decimation=1
[SHELL] ccA:index,cycles,seq,id,iq,idref,iqref,theta,actangle,age_us,vdreq,vqreq,vd,vq,intd,intq,scale,bus,raw_id,raw_iq
[SHELL] ccB:index,timer,valid,ia,ib,ic,du,dv,dw,active_u,active_v,active_w
[SHELL] ccA:448,904490417,101019,-0.336,0.216,0.000,0.000,5.44836,5.44836,23.73,0.006,0.060,0.006,0.060,-0.001,0.065,1.00000,74.342,-0.577,-0.518
[SHELL] ccB:448,22927,1,-0.771,0.455,0.317,50.070,50.014,49.930,50.074,50.029,49.926
[SHELL] ccA:449,904600429,101020,-0.347,-0.225,0.000,0.000,5.44625,5.44625,23.75,0.007,0.069,0.007,0.069,-0.000,0.065,1.00000,74.342,0.124,-0.712
[SHELL] ccB:449,2147515715,1,-0.445,-0.270,0.715,50.081,50.016,49.919,50.070,50.014,49.930
[SHELL] ccA:450,904710437,101021,-0.028,-0.637,0.000,0.000,5.45282,5.45282,23.73,0.000,0.078,0.000,0.078,-0.000,0.065,1.00000,74.342,0.217,-0.605
[SHELL] ccB:450,22937,1,-0.300,-0.343,0.643,50.089,50.033,49.911,50.081,50.016,49.919
[SHELL] ccA:451,904820453,101022,0.202,-0.553,0.000,0.000,5.44764,5.44764,23.73,-0.004,0.077,-0.004,0.077,-0.000,0.066,1.00000,74.342,0.251,-0.290
[SHELL] ccB:451,2147515703,1,-0.047,-0.306,0.353,50.086,50.041,49.914,50.089,50.033,49.911
[SHELL] ccA:452,904930377,101023,0.250,-0.509,0.000,0.000,5.44372,5.44372,23.63,-0.006,0.076,-0.006,0.076,-0.001,0.066,1.00000,74.342,0.282,-0.851
[SHELL] ccB:452,22907,1,-0.445,-0.451,0.896,50.085,50.043,49.915,50.086,50.041,49.914
[SHELL] ccA:453,905040421,101024,0.183,-0.617,0.000,0.000,5.44530,5.44530,23.70,-0.004,0.078,-0.004,0.078,-0.001,0.066,1.00000,74.342,-0.084,-0.475
[SHELL] ccB:453,2147515719,1,-0.409,-0.016,0.425,50.088,50.041,49.912,50.085,50.043,49.915
[SHELL] ccA:454,905150401,101025,-0.175,-0.379,0.000,0.000,5.44930,5.44930,23.70,0.003,0.074,0.003,0.074,-0.001,0.066,1.00000,74.342,-0.812,0.283
[SHELL] ccB:454,22919,1,-0.336,0.854,-0.517,50.085,50.026,49.915,50.088,50.041,49.912
[SHELL] ccA:455,905260441,101026,-0.275,-0.020,0.000,0.000,5.44484,5.44484,23.76,0.005,0.067,0.005,0.067,-0.000,0.066,1.00000,74.342,0.610,-0.172
[SHELL] ccB:455,2147515709,1,0.280,-0.632,0.353,50.077,50.018,49.923,50.085,50.026,49.915
[SHELL] ccA:456,905370409,101027,0.097,-0.186,0.000,0.000,5.45237,5.45237,23.63,-0.002,0.070,-0.002,0.070,-0.000,0.066,1.00000,74.342,-0.022,-0.681
[SHELL] ccB:456,22923,1,-0.518,-0.125,0.643,50.079,50.035,49.921,50.077,50.018,49.923
[SHELL] ccA:457,905480425,101028,0.199,-0.829,0.000,0.000,5.44660,5.44660,23.73,-0.005,0.083,-0.005,0.083,-0.001,0.067,1.00000,74.342,0.229,-1.783
[SHELL] ccB:457,2147515717,1,-1.170,-0.596,1.766,50.094,50.044,49.906,50.079,50.035,49.921
[SHELL] ccA:458,905590421,101029,0.030,-1.104,0.000,0.000,5.44662,5.44662,23.72,-0.001,0.089,-0.001,0.089,-0.001,0.067,1.00000,74.342,-0.316,-0.168
[SHELL] ccB:458,22929,1,-0.336,0.274,0.063,50.102,50.040,49.898,50.094,50.044,49.906
[SHELL] ccA:459,905700429,101030,-0.089,-0.495,0.000,0.000,5.45473,5.45473,23.73,0.001,0.077,0.001,0.077,-0.001,0.068,1.00000,74.342,0.048,0.139
[SHELL] ccB:459,2147515715,1,0.135,-0.016,-0.118,50.088,50.032,49.912,50.102,50.040,49.898
[SHELL] ccA:460,905810433,101031,0.014,-0.271,0.000,0.000,5.44833,5.44833,23.73,-0.001,0.073,-0.001,0.073,-0.001,0.068,1.00000,74.342,0.278,-1.195
[SHELL] ccB:460,22935,1,-0.699,-0.524,1.223,50.083,50.033,49.917,50.088,50.032,49.912
[SHELL] ccA:461,905920397,101032,0.110,-0.688,0.000,0.000,5.44794,5.44794,23.63,-0.003,0.082,-0.003,0.082,-0.001,0.068,1.00000,74.342,-0.165,-0.500
[SHELL] ccB:461,2147515731,1,-0.481,0.056,0.425,50.092,50.040,49.908,50.083,50.033,49.917
[SHELL] ccA:462,906030357,101033,-0.036,-0.678,0.000,0.000,5.44557,5.44557,23.62,0.000,0.082,0.000,0.082,-0.001,0.068,1.00000,74.342,-0.093,-0.515
[SHELL] ccB:462,22897,1,-0.445,-0.016,0.462,50.093,50.034,49.907,50.092,50.040,49.908
[SHELL] ccA:463,906140377,101034,-0.007,-0.374,0.000,0.000,5.45076,5.45076,23.63,-0.000,0.076,-0.000,0.076,-0.001,0.069,1.00000,74.342,0.321,0.037
[SHELL] ccB:463,2147515741,1,0.243,-0.306,0.063,50.086,50.034,49.914,50.093,50.034,49.907
[SHELL] ctrlcap v1 armed=0 count=512 clock_hz=550000000 decimation=1
[SHELL] ccA:index,cycles,seq,id,iq,idref,iqref,theta,actangle,age_us,vdreq,vqreq,vd,vq,intd,intq,scale,bus,raw_id,raw_iq
[SHELL] ccB:index,timer,valid,ia,ib,ic,du,dv,dw,active_u,active_v,active_w
[SHELL] ccA:464,906250437,101035,0.331,-0.436,0.000,0.000,5.44840,5.44840,23.75,-0.007,0.078,-0.007,0.078,-0.001,0.069,1.00000,74.342,0.774,-1.302
[SHELL] ccB:464,22937,1,-0.445,-1.031,1.476,50.086,50.048,49.914,50.086,50.034,49.914
[SHELL] ccA:465,906360417,101036,0.335,-0.758,0.000,0.000,5.45108,5.45108,23.73,-0.008,0.084,-0.008,0.084,-0.001,0.069,1.00000,74.342,-0.530,-0.463
[SHELL] ccB:465,2147515721,1,-0.699,0.419,0.280,50.094,50.051,49.906,50.086,50.048,49.914
[SHELL] ccA:466,906470425,101037,-0.124,-0.562,0.000,0.000,5.44495,5.44495,23.73,0.002,0.081,0.002,0.081,-0.001,0.069,1.00000,74.342,-0.210,-0.020
[SHELL] ccB:466,22931,1,-0.155,0.201,-0.046,50.092,50.031,49.908,50.094,50.051,49.906
[SHELL] ccA:467,906580405,101038,-0.178,-0.085,0.000,0.000,5.45406,5.45406,23.63,0.003,0.071,0.003,0.071,-0.001,0.070,1.00000,74.342,0.238,0.161
[SHELL] ccB:467,2147515727,1,0.280,-0.198,-0.082,50.082,50.026,49.918,50.092,50.031,49.908
[SHELL] ccA:468,906690377,101039,0.076,0.014,0.000,0.000,5.45631,5.45631,23.63,-0.002,0.069,-0.002,0.069,-0.001,0.069,1.00000,74.342,0.036,-0.244
[SHELL] ccB:468,22907,1,-0.155,-0.089,0.244,50.078,50.035,49.922,50.082,50.026,49.918
[SHELL] ccA:469,906800433,101040,0.230,-0.211,0.000,0.000,5.44609,5.44609,23.73,-0.006,0.074,-0.006,0.074,-0.001,0.070,1.00000,74.342,0.611,-0.516
[SHELL] ccB:469,2147515713,1,0.026,-0.705,0.679,50.083,50.042,49.917,50.078,50.035,49.922
[SHELL] ccA:470,906910401,101041,0.296,-0.465,0.000,0.000,5.44879,5.44879,23.63,-0.007,0.079,-0.007,0.079,-0.001,0.070,1.00000,74.342,-0.072,-0.584
[SHELL] ccB:470,22919,1,-0.481,-0.053,0.534,50.088,50.048,49.912,50.083,50.042,49.917
[SHELL] ccA:471,907020413,101042,0.029,-0.723,0.000,0.000,5.44556,5.44556,23.73,-0.002,0.085,-0.002,0.085,-0.001,0.070,1.00000,74.342,-0.352,-1.209
[SHELL] ccB:471,2147515723,1,-1.134,0.092,1.041,50.096,50.039,49.904,50.088,50.048,49.912
[SHELL] ccA:472,907130421,101043,-0.188,-0.784,0.000,0.000,5.44874,5.44874,23.72,0.003,0.086,0.003,0.086,-0.001,0.071,1.00000,74.342,0.025,-0.134
[SHELL] ccB:472,22929,1,-0.083,-0.053,0.135,50.099,50.031,49.901,50.096,50.039,49.904
[SHELL] ccA:473,907240425,101044,-0.190,-0.404,0.000,0.000,5.44495,5.44495,23.73,0.003,0.079,0.003,0.079,-0.001,0.071,1.00000,74.342,-0.457,-0.139
[SHELL] ccB:473,2147515717,1,-0.409,0.419,-0.010,50.091,50.027,49.909,50.099,50.031,49.901
[SHELL] ccA:474,907350381,101045,-0.199,-0.359,0.000,0.000,5.44581,5.44581,23.63,0.003,0.078,0.003,0.078,-0.001,0.071,1.00000,74.342,0.095,-1.026
[SHELL] ccB:474,22909,1,-0.699,-0.306,1.005,50.090,50.027,49.910,50.091,50.027,49.909
[SHELL] ccA:475,907460425,101046,-0.015,-0.585,0.000,0.000,5.44049,5.44049,23.73,-0.000,0.083,-0.000,0.083,-0.001,0.071,1.00000,74.342,0.208,-0.150
[SHELL] ccB:475,2147515717,1,0.026,-0.234,0.208,50.095,50.035,49.905,50.090,50.027,49.910
[SHELL] ccA:476,907570409,101047,0.092,-0.388,0.000,0.000,5.44616,5.44616,23.70,-0.003,0.079,-0.003,0.079,-0.001,0.071,1.00000,74.342,-0.143,-0.227
[SHELL] ccB:476,22923,1,-0.264,0.092,0.172,50.090,50.039,49.910,50.095,50.035,49.905
[SHELL] ccA:477,907680373,101048,-0.098,-0.145,0.000,0.000,5.44651,5.44651,23.62,0.001,0.074,0.001,0.074,-0.001,0.072,1.00000,74.342,-0.312,0.023
[SHELL] ccB:477,2147515743,1,-0.192,0.310,-0.118,50.085,50.029,49.915,50.090,50.039,49.910
[SHELL] ccA:478,907790441,101049,-0.438,0.040,0.000,0.000,5.44715,5.44715,23.73,0.008,0.071,0.008,0.071,-0.001,0.072,1.00000,74.342,-0.986,0.339
[SHELL] ccB:478,22939,1,-0.409,1.035,-0.626,50.083,50.014,49.917,50.085,50.029,49.915
[SHELL] ccA:479,907900413,101050,-0.594,0.132,0.000,0.000,5.44910,5.44910,23.70,0.012,0.069,0.012,0.069,-0.000,0.071,1.00000,74.342,-0.095,-0.173
[SHELL] ccB:479,2147515723,1,-0.192,0.056,0.135,50.081,50.006,49.919,50.083,50.014,49.917
[SHELL] ctrlcap v1 armed=0 count=512 clock_hz=550000000 decimation=1
[SHELL] ccA:index,cycles,seq,id,iq,idref,iqref,theta,actangle,age_us,vdreq,vqreq,vd,vq,intd,intq,scale,bus,raw_id,raw_iq
[SHELL] ccB:index,timer,valid,ia,ib,ic,du,dv,dw,active_u,active_v,active_w
[SHELL] ccA:480,908010437,101051,-0.251,0.176,0.000,0.000,5.45246,5.45246,23.73,0.005,0.068,0.005,0.068,-0.000,0.071,1.00000,74.342,0.173,0.711
[SHELL] ccB:480,22937,1,0.642,-0.016,-0.626,50.078,50.020,49.922,50.081,50.006,49.919
[SHELL] ccA:481,908120385,101052,0.142,0.017,0.000,0.000,5.44803,5.44803,23.63,-0.003,0.071,-0.003,0.071,-0.000,0.071,1.00000,74.342,0.318,-1.182
[SHELL] ccB:481,2147515737,1,-0.663,-0.560,1.223,50.080,50.036,49.920,50.078,50.020,49.922
[SHELL] ccA:482,908230413,101053,0.231,-0.639,0.000,0.000,5.45186,5.45186,23.70,-0.005,0.084,-0.005,0.084,-0.000,0.072,1.00000,74.342,0.115,-0.904
[SHELL] ccB:482,22925,1,-0.590,-0.306,0.896,50.095,50.046,49.905,50.080,50.036,49.920
[SHELL] ccA:483,908340373,101054,0.137,-0.812,0.000,0.000,5.44598,5.44598,23.62,-0.003,0.088,-0.003,0.088,-0.000,0.072,1.00000,74.342,-0.001,-0.257
[SHELL] ccB:483,2147515743,1,-0.192,-0.053,0.244,50.100,50.043,49.900,50.095,50.046,49.905
[SHELL] ccA:484,908450377,101055,0.050,-0.402,0.000,0.000,5.44305,5.44305,23.63,-0.001,0.080,-0.001,0.080,-0.000,0.072,1.00000,74.342,0.088,-0.190
[SHELL] ccB:484,22907,1,-0.083,-0.125,0.208,50.091,50.036,49.909,50.100,50.043,49.900
[SHELL] ccA:485,908560365,101056,0.057,-0.409,0.000,0.000,5.45422,5.45422,23.63,-0.002,0.081,-0.002,0.081,-0.000,0.072,1.00000,74.342,0.055,-0.999
[SHELL] ccB:485,2147515747,1,-0.699,-0.270,0.969,50.091,50.038,49.909,50.091,50.036,49.909
[SHELL] ccA:486,908670385,101057,-0.013,-0.897,0.000,0.000,5.44825,5.44825,23.63,-0.000,0.091,-0.000,0.091,-0.000,0.073,1.00000,74.342,-0.248,-1.402
[SHELL] ccB:486,22911,1,-1.206,-0.053,1.259,50.103,50.039,49.897,50.091,50.038,49.909
[SHELL] ccA:487,908780425,101058,-0.274,-0.735,0.000,0.000,5.44308,5.44308,23.73,0.005,0.088,0.005,0.088,-0.000,0.073,1.00000,74.342,-0.654,0.864
[SHELL] ccB:487,2147515717,1,0.207,0.817,-1.024,50.102,50.026,49.898,50.103,50.039,49.897
[SHELL] ccA:488,908890381,101059,-0.332,0.026,0.000,0.000,5.45159,5.45159,23.63,0.006,0.073,0.006,0.073,-0.000,0.073,1.00000,74.342,0.228,-0.222
[SHELL] ccB:488,22909,1,-0.010,-0.270,0.280,50.084,50.019,49.916,50.102,50.026,49.898
[SHELL] ccA:489,909000385,101060,0.009,-0.550,0.000,0.000,5.44739,5.44739,23.62,-0.000,0.085,-0.000,0.085,-0.000,0.074,1.00000,74.342,0.233,-2.619
[SHELL] ccB:489,2147515737,1,-1.786,-0.777,2.564,50.096,50.036,49.904,50.084,50.019,49.916
[SHELL] ccA:490,909110357,101061,0.154,-1.473,0.000,0.000,5.44992,5.44992,23.63,-0.003,0.104,-0.003,0.104,-0.000,0.074,1.00000,74.342,-0.077,-0.433
[SHELL] ccB:490,22897,1,-0.373,-0.016,0.389,50.117,50.051,49.883,50.096,50.036,49.904
[SHELL] ccA:491,909220421,101062,0.092,-1.026,0.000,0.000,5.44889,5.44889,23.72,-0.002,0.095,-0.002,0.095,-0.000,0.075,1.00000,73.902,0.291,-0.620
[SHELL] ccB:491,2147515719,1,-0.264,-0.415,0.679,50.109,50.045,49.891,50.117,50.051,49.883
[SHELL] ccA:492,909330429,101063,0.013,-0.405,0.000,0.000,5.44699,5.44699,23.73,-0.001,0.083,-0.001,0.083,-0.000,0.075,1.00000,73.902,-0.454,0.054
[SHELL] ccB:492,22933,1,-0.264,0.455,-0.191,50.095,50.036,49.905,50.109,50.045,49.891
[SHELL] ccA:493,909440405,101064,0.026,-0.382,0.000,0.000,5.45396,5.45396,23.70,-0.001,0.083,-0.001,0.083,-0.000,0.075,1.00000,73.902,0.719,-1.017
[SHELL] ccB:493,2147515727,1,-0.264,-0.922,1.186,50.095,50.038,49.905,50.095,50.036,49.905
[SHELL] ccA:494,909550409,101065,0.201,-0.164,0.000,0.000,5.44759,5.44759,23.63,-0.004,0.079,-0.004,0.079,-0.000,0.075,1.00000,73.902,-0.181,1.323
[SHELL] ccB:494,22923,1,0.860,0.455,-1.314,50.089,50.042,49.911,50.095,50.038,49.905
[SHELL] ccA:495,909661229,101066,0.072,0.309,0.000,0.000,5.44710,5.44710,23.73,-0.002,0.069,-0.002,0.069,-0.000,0.075,1.00000,73.902,-0.067,-0.393
[SHELL] ccB:495,2147515315,1,-0.336,-0.016,0.353,50.079,50.033,49.921,50.089,50.042,49.911
[SHELL] ctrlcap v1 armed=0 count=512 clock_hz=550000000 decimation=1
[SHELL] ccA:index,cycles,seq,id,iq,idref,iqref,theta,actangle,age_us,vdreq,vqreq,vd,vq,intd,intq,scale,bus,raw_id,raw_iq
[SHELL] ccB:index,timer,valid,ia,ib,ic,du,dv,dw,active_u,active_v,active_w
[SHELL] ccA:496,909770401,101067,-0.061,0.114,0.000,0.000,5.45573,5.45573,23.63,0.001,0.073,0.001,0.073,-0.000,0.075,1.00000,74.342,0.073,-0.081
[SHELL] ccB:496,22919,1,-0.010,-0.089,0.099,50.083,50.030,49.917,50.079,50.033,49.921
[SHELL] ccA:497,909880357,101068,0.034,-0.265,0.000,0.000,5.44589,5.44589,23.62,-0.001,0.080,-0.001,0.080,-0.000,0.075,1.00000,74.342,0.057,-0.505
[SHELL] ccB:497,2147515751,1,-0.336,-0.161,0.498,50.091,50.036,49.909,50.083,50.030,49.917
[SHELL] ccA:498,909990409,101069,0.189,-0.453,0.000,0.000,5.44603,5.44603,23.72,-0.004,0.084,-0.004,0.084,-0.001,0.075,1.00000,74.342,0.567,-0.720
[SHELL] ccB:498,22923,1,-0.155,-0.705,0.860,50.095,50.044,49.905,50.091,50.036,49.909
[SHELL] ccA:499,910100437,101070,0.289,-0.506,0.000,0.000,5.44875,5.44875,23.73,-0.006,0.086,-0.006,0.086,-0.001,0.076,1.00000,74.342,-0.037,-0.078
[SHELL] ccB:499,2147515711,1,-0.083,0.020,0.063,50.096,50.049,49.904,50.095,50.044,49.905
[SHELL] ccA:500,910215393,101071,0.250,-0.338,0.000,0.000,5.44878,5.44878,26.59,-0.006,0.083,-0.006,0.083,-0.001,0.076,1.00000,74.342,0.508,-0.474
[SHELL] ccB:500,25415,1,-0.010,-0.596,0.607,50.093,50.047,49.907,50.096,50.049,49.904
[SHELL] ccA:501,910320377,101072,0.489,-0.518,0.000,0.000,5.44842,5.44842,23.63,-0.011,0.086,-0.011,0.086,-0.001,0.076,1.00000,74.342,0.978,-1.046
[SHELL] ccB:501,2147515741,1,-0.119,-1.176,1.295,50.096,50.058,49.904,50.093,50.047,49.907
[SHELL] ccA:502,910430493,101073,0.586,-0.667,0.000,0.000,5.44851,5.44851,23.76,-0.013,0.090,-0.013,0.090,-0.001,0.076,1.00000,74.342,-0.117,-0.104
[SHELL] ccB:502,22965,1,-0.155,0.092,0.063,50.099,50.064,49.901,50.096,50.058,49.904
[SHELL] ccA:503,910540429,101074,0.263,-0.363,0.000,0.000,5.45753,5.45753,23.73,-0.007,0.084,-0.007,0.084,-0.001,0.077,1.00000,74.342,0.306,-0.198
[SHELL] ccB:503,2147515715,1,0.062,-0.343,0.280,50.094,50.050,49.906,50.099,50.064,49.901
[SHELL] ccA:504,910650357,101075,0.195,-0.585,0.000,0.000,5.45023,5.45023,23.62,-0.005,0.089,-0.005,0.089,-0.002,0.077,1.00000,74.342,0.284,-1.840
[SHELL] ccB:504,22897,1,-1.170,-0.669,1.839,50.100,50.049,49.900,50.094,50.050,49.906
[SHELL] ccA:505,910760409,101076,0.140,-1.011,0.000,0.000,5.44878,5.44878,23.63,-0.004,0.098,-0.004,0.098,-0.002,0.077,1.00000,74.342,-0.316,-0.168
[SHELL] ccB:505,2147515725,1,-0.336,0.274,0.063,50.110,50.050,49.890,50.100,50.049,49.900
[SHELL] ccA:506,910870437,101077,-0.135,-0.785,0.000,0.000,5.44733,5.44733,23.73,0.001,0.093,0.001,0.093,-0.002,0.078,1.00000,74.342,-0.190,-0.965
[SHELL] ccB:506,22937,1,-0.844,-0.016,0.860,50.107,50.037,49.893,50.110,50.050,49.890
[SHELL] ccA:507,910980401,101078,-0.128,-0.802,0.000,0.000,5.44790,5.44790,23.63,0.001,0.094,0.001,0.094,-0.001,0.078,1.00000,74.342,0.186,-1.111
[SHELL] ccB:507,2147515729,1,-0.699,-0.415,1.114,50.108,50.038,49.892,50.107,50.037,49.893
[SHELL] ccA:508,911090385,101079,0.031,-0.751,0.000,0.000,5.44867,5.44867,23.63,-0.002,0.094,-0.002,0.094,-0.002,0.079,1.00000,74.342,-0.055,0.183
[SHELL] ccB:508,22911,1,0.098,0.092,-0.191,50.106,50.044,49.894,50.108,50.038,49.892
[SHELL] ccA:509,911200385,101080,0.194,-0.337,0.000,0.000,5.45186,5.45186,23.65,-0.005,0.085,-0.005,0.085,-0.002,0.079,1.00000,74.342,0.701,-0.604
[SHELL] ccB:509,2147515737,1,0.026,-0.814,0.788,50.096,50.048,49.904,50.106,50.044,49.894
[SHELL] ccA:510,911310397,101081,0.487,-0.520,0.000,0.000,5.45272,5.45272,23.64,-0.012,0.089,-0.012,0.089,-0.002,0.079,1.00000,74.342,0.601,-1.054
[SHELL] ccB:510,22917,1,-0.373,-0.814,1.186,50.099,50.062,49.901,50.096,50.048,49.904
[SHELL] ccA:511,911420433,101082,0.533,-0.562,0.000,0.000,5.44750,5.44750,23.73,-0.013,0.091,-0.013,0.091,-0.002,0.079,1.00000,74.342,0.228,0.464
[SHELL] ccB:511,2147515713,1,0.497,-0.125,-0.372,50.100,50.064,49.900,50.099,50.062,49.901
