[SHELL] ctrlcap v1 armed=0 count=512 clock_hz=550000000 decimation=1
[SHELL] ccA:index,cycles,seq,id,iq,idref,iqref,theta,actangle,age_us,vdreq,vqreq,vd,vq,intd,intq,scale,bus
[SHELL] ccB:index,timer,valid,ia,ib,ic,du,dv,dw,active_u,active_v,active_w
[SHELL] ccA:0,3701840715,54250,-4.775,15.615,0.000,35.000,0.63085,0.97180,15.60,-8.034,25.491,-7.449,23.634,-8.124,6.465,0.92718,74.342
[SHELL] ccB:0,18907,1,-13.066,15.014,-1.948,21.892,78.108,61.396,21.644,78.356,40.632
[SHELL] ccA:1,3702060895,54251,-2.425,16.790,0.000,35.000,1.05228,1.39290,15.97,-8.073,25.467,-7.488,23.622,-8.116,6.465,0.92757,74.342
[SHELL] ccB:1,18997,1,-15.785,13.275,2.510,23.350,69.218,76.650,21.892,78.108,61.396
[SHELL] ccA:2,3702280907,54252,12.220,21.255,0.000,35.000,1.47757,1.81819,15.97,-8.372,25.373,-7.765,23.533,-8.122,6.460,0.92747,74.342
[SHELL] ccB:2,19003,1,-20.025,22.263,-2.238,21.159,47.874,78.841,23.350,69.218,76.650
[SHELL] ccA:3,3702500951,54253,18.319,17.267,0.000,35.000,1.88267,2.22298,15.97,-8.507,25.452,-7.855,23.503,-8.134,6.458,0.92342,74.342
[SHELL] ccB:3,19025,1,-22.055,21.538,0.517,24.021,28.201,75.979,21.159,47.874,78.841
[SHELL] ccA:4,3702720911,54254,4.077,14.263,0.000,35.000,2.31592,2.65648,16.24,-8.219,25.513,-7.599,23.587,-8.132,6.460,0.92450,74.342
[SHELL] ccB:4,19005,1,-13.248,0.843,12.405,41.371,21.566,78.434,24.021,28.201,75.979
[SHELL] ccA:5,3702940827,54255,-0.031,17.008,0.000,35.000,2.74726,3.08773,15.81,-8.131,25.457,-7.540,23.606,-8.126,6.459,0.92728,74.342
[SHELL] ccB:5,18963,1,-6.506,-10.356,16.863,62.626,22.068,77.932,41.371,21.566,78.434
[SHELL] ccA:6,3703160831,54256,1.551,15.457,0.000,35.000,3.16102,3.50148,15.81,-8.158,25.489,-7.554,23.601,-8.121,6.460,0.92594,74.342
[SHELL] ccB:6,18965,1,-1.251,-12.785,14.036,76.834,23.166,68.432,62.626,22.068,77.932
[SHELL] ccA:7,3703380827,54257,9.967,21.373,0.000,35.000,3.58485,3.92531,15.81,-8.330,25.365,-7.732,23.543,-8.125,6.455,0.92817,74.342
[SHELL] ccB:7,18963,1,0.163,-20.505,20.342,78.826,21.174,47.309,76.834,23.166,68.432
[SHELL] ccA:8,3703600739,54258,18.169,18.005,0.000,35.000,4.00596,4.34671,15.83,-8.507,25.432,-7.861,23.501,-8.137,6.453,0.92408,74.342
[SHELL] ccB:8,18919,1,1.902,-23.042,21.139,75.596,24.404,26.879,78.826,21.174,47.309
[SHELL] ccA:9,3703820763,54259,3.400,12.765,0.000,35.000,4.43196,4.77268,15.83,-8.208,25.539,-7.582,23.592,-8.134,6.456,0.92375,74.342
[SHELL] ccB:9,18931,1,11.326,-11.552,0.227,78.533,42.412,21.467,75.596,24.404,26.879
[SHELL] ccA:10,3704040727,54260,-5.528,11.511,0.000,35.000,4.84584,5.18661,15.83,-8.018,25.568,-7.415,23.645,-8.122,6.460,0.92478,74.342
[SHELL] ccB:10,18913,1,10.673,0.734,-11.408,77.938,62.588,22.062,78.533,42.412,21.467
[SHELL] ccA:11,3704260827,54261,-6.496,12.380,0.000,35.000,5.26852,5.60907,15.83,-7.986,25.554,-7.392,23.653,-8.110,6.464,0.92557,74.342
[SHELL] ccB:11,18963,1,7.085,6.896,-13.981,68.138,76.901,23.099,77.938,62.588,22.062
[SHELL] ccA:12,3704480707,54262,7.175,22.179,0.000,35.000,5.69436,6.03516,15.78,-8.261,25.352,-7.677,23.561,-8.111,6.458,0.92936,74.342
[SHELL] ccB:12,18903,1,18.285,3.380,-21.665,46.654,78.803,21.197,68.138,76.901,23.099
[SHELL] ccA:13,3704700715,54263,17.846,17.071,0.000,35.000,6.11448,0.17187,15.78,-8.486,25.454,-7.837,23.509,-8.123,6.457,0.92356,74.342
[SHELL] ccB:13,18907,1,20.459,1.749,-22.208,26.307,75.421,24.579,46.654,78.803,21.197
[SHELL] ccA:14,3704920623,54264,-0.475,13.327,0.000,35.000,0.25806,0.59876,15.65,-8.113,25.532,-7.504,23.617,-8.116,6.459,0.92501,74.342
[SHELL] ccB:14,18861,1,-3.860,12.985,-9.124,21.418,78.582,42.984,26.307,75.421,24.579
[SHELL] ccA:15,3705140819,54265,-11.187,15.647,0.000,35.000,0.68032,1.02102,15.68,-7.881,25.485,-7.321,23.674,-8.099,6.461,0.92894,74.342
[SHELL] ccB:15,18959,1,-18.539,13.710,4.830,22.207,77.793,63.517,21.418,78.582,42.984
[SHELL] ctrlcap v1 armed=0 count=512 clock_hz=550000000 decimation=1
[SHELL] ccA:index,cycles,seq,id,iq,idref,iqref,theta,actangle,age_us,vdreq,vqreq,vd,vq,intd,intq,scale,bus
[SHELL] ccB:index,timer,valid,ia,ib,ic,du,dv,dw,active_u,active_v,active_w
[SHELL] ccA:16,3705360967,54266,-8.045,18.618,0.000,35.000,1.10098,1.44154,16.05,-7.930,25.424,-7.379,23.656,-8.086,6.459,0.93047,74.342
[SHELL] ccB:16,19033,1,-20.243,11.209,9.034,22.888,67.168,77.112,22.207,77.793,63.517
[SHELL] ccA:17,3705580963,54267,6.219,24.860,0.000,35.000,1.52097,1.86154,16.05,-8.216,25.292,-7.656,23.568,-8.086,6.452,0.93185,74.342
[SHELL] ccB:17,19031,1,-24.519,18.711,5.808,21.228,45.942,78.772,22.888,67.168,77.112
[SHELL] ccA:18,3705800943,54268,13.759,19.999,0.000,35.000,1.93939,2.28083,16.05,-8.375,25.436,-7.750,23.537,-8.094,6.448,0.92537,74.342
[SHELL] ccB:18,19021,1,-23.613,16.682,6.932,24.729,25.830,75.271,21.228,45.942,78.772
[SHELL] ccA:19,3706021099,54269,-2.447,17.178,0.000,35.000,2.35585,2.69723,16.00,-8.043,25.491,-7.456,23.632,-8.086,6.448,0.92708,74.342
[SHELL] ccB:19,19099,1,-10.421,-6.804,17.225,43.085,21.410,78.590,24.729,25.830,75.271
[SHELL] ccA:20,3706240495,54270,-4.400,20.325,0.000,35.000,2.78760,3.12907,15.71,-7.993,25.424,-7.432,23.640,-8.076,6.444,0.92982,74.342
[SHELL] ccB:20,18797,1,-2.918,-16.373,19.291,64.398,22.355,77.645,43.085,21.410,78.590
[SHELL] ccA:21,3706460315,54271,-0.251,18.426,0.000,35.000,3.20569,3.54765,15.49,-8.070,25.461,-7.488,23.622,-8.070,6.443,0.92779,74.342
[SHELL] ccB:21,18707,1,1.431,-16.626,15.195,77.271,22.730,66.400,64.398,22.355,77.645
[SHELL] ccA:22,3706680419,54272,9.343,23.378,0.000,35.000,3.63069,3.97238,15.49,-8.266,25.355,-7.681,23.560,-8.073,6.436,0.92921,74.342
[SHELL] ccB:22,18759,1,2.736,-23.042,20.306,78.727,21.273,45.072,77.271,22.730,66.400
[SHELL] ccA:23,3706900439,54273,14.434,17.501,0.000,35.000,4.03799,4.37963,15.51,-8.376,25.472,-7.741,23.541,-8.081,6.434,0.92417,74.342
[SHELL] ccB:23,18769,1,4.657,-21.556,16.899,75.215,24.785,25.655,78.727,21.273,45.072
[SHELL] ccA:24,3707120439,54274,1.281,14.103,0.000,35.000,4.46402,4.80568,15.51,-8.108,25.542,-7.498,23.619,-8.076,6.436,0.92473,74.342
[SHELL] ccB:24,18769,1,13.355,-10.755,-2.600,78.650,43.869,21.350,75.215,24.785,25.655
[SHELL] ccA:25,3707340351,54275,-4.589,11.164,0.000,35.000,4.89180,5.23370,15.51,-7.980,25.605,-7.330,23.518,-8.065,6.439,0.91850,73.902
[SHELL] ccB:25,18725,1,10.166,0.553,-10.719,77.580,64.768,22.420,78.650,43.869,21.350
[SHELL] ccA:26,3707560339,54276,-7.070,10.849,0.000,35.000,5.30154,5.64349,15.51,-7.917,25.615,-7.317,23.676,-8.052,6.444,0.92430,74.342
[SHELL] ccB:26,18719,1,5.092,7.766,-12.857,66.671,77.216,22.784,77.580,64.768,22.420
[SHELL] ccA:27,3707780331,54277,5.157,20.712,0.000,35.000,5.72225,6.06421,15.51,-8.160,25.412,-7.532,23.454,-8.051,6.439,0.92295,73.902
[SHELL] ccB:27,18715,1,15.385,5.120,-20.505,45.419,78.746,21.254,66.671,77.216,22.784
[SHELL] ccA:28,3708000419,54278,18.300,17.268,0.000,35.000,6.14310,0.20188,15.51,-8.435,25.479,-7.788,23.525,-8.063,6.437,0.92329,74.342
[SHELL] ccB:28,18759,1,20.532,2.329,-22.861,25.087,75.029,24.971,45.419,78.746,21.254
[SHELL] ccA:29,3708220367,54279,2.915,14.379,0.000,35.000,0.27798,0.61992,15.52,-8.124,25.538,-7.512,23.615,-8.060,6.438,0.92468,74.342
[SHELL] ccB:29,18733,1,-1.142,13.238,-12.096,21.338,78.662,44.050,25.087,75.029,24.971
[SHELL] ccA:30,3708440555,54280,-7.661,15.564,0.000,35.000,0.69080,1.03279,15.46,-7.899,25.515,-7.328,23.672,-8.046,6.439,0.92779,74.342
[SHELL] ccB:30,18827,1,-15.821,14.072,1.749,22.304,77.696,64.097,21.338,78.662,44.050
[SHELL] ccA:31,3708660755,54281,0.340,17.259,0.000,35.000,1.11994,1.46153,15.84,-8.053,25.480,-7.468,23.628,-8.041,6.438,0.92733,74.342
[SHELL] ccB:31,18927,1,-15.386,14.471,0.915,22.660,66.048,77.340,22.304,77.696,64.097
[SHELL] ctrlcap v1 armed=0 count=512 clock_hz=550000000 decimation=1
[SHELL] ccA:index,cycles,seq,id,iq,idref,iqref,theta,actangle,age_us,vdreq,vqreq,vd,vq,intd,intq,scale,bus
[SHELL] ccB:index,timer,valid,ia,ib,ic,du,dv,dw,active_u,active_v,active_w
[SHELL] ccA:32,3708880879,54282,16.811,22.818,0.000,35.000,1.53491,1.87623,15.84,-8.394,25.363,-7.786,23.526,-8.051,6.432,0.92757,74.342
[SHELL] ccB:32,18989,1,-22.200,26.359,-4.159,21.281,44.937,78.719,22.660,66.048,77.340
[SHELL] ccA:33,3709100907,54283,19.704,15.625,0.000,35.000,1.95223,2.29372,16.23,-8.465,25.507,-7.805,23.519,-8.065,6.432,0.92205,74.342
[SHELL] ccB:33,19003,1,-21.837,21.719,0.118,24.945,25.166,75.055,21.281,44.937,78.719
[SHELL] ccA:34,3709320767,54284,3.732,14.229,0.000,35.000,2.37493,2.71634,15.76,-8.143,25.536,-7.528,23.609,-8.062,6.433,0.92454,74.342
[SHELL] ccB:34,18933,1,-12.559,-0.353,12.912,44.185,21.328,78.672,24.945,25.166,75.055
[SHELL] ccA:35,3709540667,54285,-0.384,15.583,0.000,35.000,2.79640,3.13814,15.76,-8.054,25.509,-7.461,23.631,-8.056,6.434,0.92636,74.342
[SHELL] ccB:35,18883,1,-4.912,-10.356,15.268,64.889,22.442,77.558,44.185,21.328,78.672
[SHELL] ccA:36,3709760695,54286,7.181,16.978,0.000,35.000,3.21029,3.55201,15.76,-8.207,25.481,-7.597,23.587,-8.057,6.433,0.92570,74.342
[SHELL] ccB:36,18897,1,-5.999,-12.096,18.095,77.354,22.646,65.975,64.889,22.442,77.558
[SHELL] ccA:37,3709980723,54287,23.239,21.113,0.000,35.000,3.63780,3.97947,15.76,-8.545,25.393,-7.903,23.486,-8.074,6.428,0.92492,74.342
[SHELL] ccB:37,18911,1,-10.384,-20.468,30.853,78.676,21.324,44.249,77.354,22.646,65.975
[SHELL] ccA:38,3710200675,54288,24.930,14.546,0.000,35.000,4.06145,4.40314,15.78,-8.597,25.526,-7.910,23.484,-8.092,6.428,0.92003,74.342
[SHELL] ccB:38,18887,1,-3.534,-23.042,26.576,75.222,25.680,24.778,78.676,21.324,44.249
[SHELL] ccA:39,3710420731,54289,6.973,11.253,0.000,35.000,4.48250,4.82399,15.78,-8.238,25.595,-7.593,23.589,-8.092,6.431,0.92162,74.342
[SHELL] ccB:39,18915,1,9.369,-12.785,3.416,78.722,44.979,21.278,75.222,25.680,24.778
[SHELL] ccA:40,3710640743,54290,-4.050,9.698,0.000,35.000,4.90338,5.24487,15.78,-8.007,25.631,-7.433,23.793,-8.083,6.438,0.92829,74.782
[SHELL] ccB:40,18921,1,8.752,0.662,-9.414,77.477,65.333,22.523,78.722,44.979,21.278
[SHELL] ccA:41,3710860739,54291,-0.009,13.135,0.000,35.000,5.32446,5.66595,15.78,-8.082,25.566,-7.514,23.768,-8.077,6.442,0.92967,74.782
[SHELL] ccB:41,18919,1,10.746,1.169,-11.915,65.302,77.482,22.518,77.477,65.333,22.523
[SHELL] ccA:42,3711080643,54292,17.799,23.050,0.000,35.000,5.74900,6.09076,15.72,-8.451,25.362,-7.880,23.649,-8.089,6.437,0.93247,74.782
[SHELL] ccB:42,18871,1,27.056,-4.195,-22.861,43.557,78.627,21.373,65.302,77.482,22.518
[SHELL] ccA:43,3711300563,54293,24.081,17.946,0.000,35.000,6.16664,0.22522,15.72,-8.595,25.464,-7.972,23.618,-8.107,6.436,0.92753,74.782
[SHELL] ccB:43,18831,1,26.004,0.009,-26.014,24.617,75.383,26.184,43.557,78.627,21.373
[SHELL] ccA:44,3711520423,54294,6.194,14.782,0.000,35.000,0.30969,0.65160,15.59,-8.237,25.529,-7.609,23.583,-8.107,6.436,0.92380,74.342
[SHELL] ccB:44,18761,1,1.395,13.130,-14.525,21.233,78.767,45.830,24.617,75.383,26.184
[SHELL] ccA:45,3711740603,54295,-4.927,15.028,0.000,35.000,0.72868,1.07062,15.53,-8.003,25.524,-7.458,23.785,-8.096,6.439,0.93187,74.782
[SHELL] ccB:45,18851,1,-13.683,13.710,-0.027,22.665,77.335,66.073,21.233,78.767,45.830
[SHELL] ccA:46,3711960803,54296,2.153,16.958,0.000,35.000,1.15706,1.49865,15.91,-8.142,25.486,-7.585,23.745,-8.093,6.440,0.93168,74.782
[SHELL] ccB:46,18951,1,-14.661,14.942,-0.281,22.310,64.132,77.690,22.665,77.335,66.073
[SHELL] ccA:47,3712180827,54297,18.244,23.167,0.000,35.000,1.58145,1.92299,15.91,-8.476,25.357,-7.903,23.641,-8.105,6.434,0.93236,74.782
[SHELL] ccB:47,18963,1,-23.360,27.265,-3.905,21.462,42.469,78.538,22.310,64.132,77.690
[SHELL] ctrlcap v1 armed=0 count=512 clock_hz=550000000 decimation=1
[SHELL] ccA:index,cycles,seq,id,iq,idref,iqref,theta,actangle,age_us,vdreq,vqreq,vd,vq,intd,intq,scale,bus
[SHELL] ccB:index,timer,valid,ia,ib,ic,du,dv,dw,active_u,active_v,active_w
[SHELL] ccA:48,3712400791,54298,16.699,15.848,0.000,35.000,1.99652,2.33809,15.91,-8.456,25.505,-7.799,23.522,-8.116,6.434,0.92223,74.342
[SHELL] ccB:48,18945,1,-21.330,18.168,3.162,26.762,24.440,75.560,21.462,42.469,78.538
[SHELL] ccA:49,3712620795,54299,-0.493,15.693,0.000,35.000,2.42087,2.76228,15.80,-8.105,25.508,-7.549,23.757,-8.109,6.435,0.93136,74.782
[SHELL] ccB:49,18947,1,-9.986,-5.500,15.485,46.421,21.207,78.793,26.762,24.440,75.560
[SHELL] ccA:50,3712840763,54300,-3.608,18.829,0.000,35.000,2.85661,3.19808,15.80,-8.034,25.443,-7.505,23.770,-8.101,6.435,0.93425,74.782
[SHELL] ccB:50,18931,1,-1.831,-15.612,17.442,67.723,23.007,76.993,46.421,21.207,78.793
[SHELL] ccA:51,3713060835,54301,-0.141,17.877,0.000,35.000,3.26481,3.60629,15.80,-8.098,25.463,-7.510,23.615,-8.095,6.433,0.92744,74.342
[SHELL] ccB:51,18967,1,2.337,-16.518,14.181,77.786,22.214,63.558,67.723,23.007,76.993
[SHELL] ccA:52,3713280731,54302,9.127,23.302,0.000,35.000,3.69323,4.03490,15.82,-8.286,25.348,-7.745,23.693,-8.098,6.429,0.93474,74.782
[SHELL] ccB:52,18915,1,4.439,-23.549,19.110,78.489,21.511,41.932,77.786,22.214,63.558
[SHELL] ccA:53,3713500739,54303,14.942,18.888,0.000,35.000,4.10949,4.45113,15.84,-8.412,25.435,-7.781,23.527,-8.107,6.426,0.92498,74.342
[SHELL] ccB:53,18919,1,7.085,-23.477,16.391,75.797,27.558,24.204,78.489,21.511,41.932
[SHELL] ccA:54,3713720747,54304,2.096,18.220,0.000,35.000,4.53408,4.87573,15.84,-8.151,25.447,-7.559,23.599,-8.103,6.424,0.92742,74.342
[SHELL] ccB:54,18923,1,17.560,-13.365,-4.195,78.831,47.488,21.169,75.797,27.558,24.204
[SHELL] ccA:55,3713940739,54305,-6.900,15.349,0.000,35.000,4.95456,5.29623,15.84,-7.958,25.505,-7.381,23.656,-8.090,6.425,0.92749,74.342
[SHELL] ccB:55,18919,1,13.247,2.365,-15.612,76.990,67.740,23.010,78.831,47.488,21.169
[SHELL] ccA:56,3714160743,54306,-3.629,17.264,0.000,35.000,5.37085,5.71250,15.84,-8.014,25.466,-7.439,23.638,-8.081,6.425,0.92821,74.342
[SHELL] ccB:56,18921,1,11.434,5.917,-17.352,63.134,77.854,22.146,76.990,67.740,23.010
[SHELL] ccA:57,3714380711,54307,11.484,25.056,0.000,35.000,5.80062,6.14231,15.79,-8.322,25.302,-7.743,23.540,-8.087,6.417,0.93036,74.342
[SHELL] ccB:57,18905,1,21.800,3.706,-25.506,41.201,78.417,21.583,63.134,77.854,22.146
[SHELL] ccA:58,3714600723,54308,16.479,18.377,0.000,35.000,6.22269,0.28090,15.79,-8.433,25.434,-7.799,23.522,-8.097,6.414,0.92479,74.342
[SHELL] ccB:58,18911,1,17.560,6.243,-23.803,23.958,76.042,28.425,41.201,78.417,21.583
[SHELL] ccA:59,3714820619,54309,-0.707,17.166,0.000,35.000,0.35634,0.69782,15.67,-8.082,25.457,-7.498,23.619,-8.090,6.414,0.92778,74.342
[SHELL] ccB:59,18859,1,-6.651,17.044,-10.393,21.158,78.842,47.902,23.958,76.042,28.425
[SHELL] ccA:60,3715040979,54310,-9.174,17.019,0.000,35.000,0.78213,1.12340,15.95,-7.898,25.460,-7.342,23.668,-8.076,6.414,0.92962,74.342
[SHELL] ccB:60,19039,1,-18.503,14.108,4.395,23.160,76.840,68.406,21.158,78.842,47.902
[SHELL] ccA:61,3715261003,54311,-3.426,18.174,0.000,35.000,1.19899,1.54016,15.99,-8.004,25.436,-7.438,23.638,-8.067,6.413,0.92932,74.342
[SHELL] ccB:61,19051,1,-18.177,12.042,6.134,22.025,62.340,77.975,23.160,76.840,68.406
[SHELL] ccA:62,3715480939,54312,11.546,22.726,0.000,35.000,1.61161,1.95307,15.99,-8.309,25.339,-7.721,23.547,-8.072,6.407,0.92928,74.342
[SHELL] ccB:62,19019,1,-23.178,20.777,2.401,21.576,41.268,78.424,22.025,62.340,77.975
[SHELL] ccA:63,3715700827,54313,13.045,16.370,0.000,35.000,2.03925,2.38081,15.93,-8.346,25.467,-7.717,23.548,-8.079,6.407,0.92466,74.342
[SHELL] ccB:63,18963,1,-20.496,13.927,6.569,28.518,23.933,76.067,21.576,41.268,78.424
[SHELL] ctrlcap v1 armed=0 count=512 clock_hz=550000000 decimation=1
[SHELL] ccA:index,cycles,seq,id,iq,idref,iqref,theta,actangle,age_us,vdreq,vqreq,vd,vq,intd,intq,scale,bus
[SHELL] ccB:index,timer,valid,ia,ib,ic,du,dv,dw,active_u,active_v,active_w
[SHELL] ccA:64,3715920859,54314,0.073,16.358,0.000,35.000,2.45825,2.79967,15.82,-8.080,25.467,-7.495,23.620,-8.073,6.407,0.92750,74.342
[SHELL] ccB:64,18979,1,-10.384,-5.753,16.138,48.267,21.150,78.850,28.518,23.933,76.067
[SHELL] ccA:65,3716140763,54315,-4.689,16.615,0.000,35.000,2.87596,3.21765,15.82,-7.975,25.461,-7.407,23.648,-8.063,6.407,0.92878,74.342
[SHELL] ccB:65,18931,1,0.163,-15.032,14.869,68.527,23.187,76.813,48.267,21.150,78.850
[SHELL] ccA:66,3716360755,54316,2.018,17.792,0.000,35.000,3.29600,3.63766,15.82,-8.105,25.437,-7.523,23.611,-8.059,6.406,0.92822,74.342
[SHELL] ccB:66,18927,1,0.742,-15.865,15.123,78.022,21.978,62.014,68.527,23.187,76.813
[SHELL] ccA:67,3716580755,54317,16.364,22.423,0.000,35.000,3.72304,4.06463,15.82,-8.403,25.339,-7.800,23.521,-8.069,6.400,0.92827,74.342
[SHELL] ccB:67,18927,1,-1.360,-23.332,24.691,78.315,21.685,40.261,78.022,21.978,62.014
[SHELL] ccA:68,3716800747,54318,16.115,15.294,0.000,35.000,4.13602,4.47853,15.84,-8.408,25.530,-7.705,23.398,-8.078,6.399,0.91648,73.902
[SHELL] ccB:68,18923,1,4.041,-20.940,16.899,76.126,28.734,23.874,78.315,21.685,40.261
[SHELL] ccA:69,3717020739,54319,2.678,14.881,0.000,35.000,4.55919,4.90172,15.84,-8.135,25.537,-7.521,23.612,-8.075,6.400,0.92460,74.342
[SHELL] ccB:69,18919,1,14.298,-11.407,-2.890,78.858,48.706,21.142,76.126,28.734,23.874
[SHELL] ccA:70,3717240839,54320,-4.769,11.886,0.000,35.000,4.98003,5.32222,15.84,-7.975,25.601,-7.370,23.659,-8.064,6.403,0.92415,74.342
[SHELL] ccB:70,18969,1,10.202,1.604,-11.806,76.719,68.926,23.281,78.858,48.706,21.142
[SHELL] ccA:71,3717460839,54321,-0.967,13.364,0.000,35.000,5.40203,5.74422,15.84,-8.044,25.574,-7.435,23.639,-8.057,6.406,0.92434,74.342
[SHELL] ccB:71,18969,1,9.695,3.163,-12.857,61.605,78.079,21.921,76.719,68.926,23.281
[SHELL] ccA:72,3717680763,54322,15.413,22.928,0.000,35.000,5.82164,6.16408,15.79,-8.381,25.375,-7.772,23.530,-8.066,6.399,0.92730,74.342
[SHELL] ccB:72,18931,1,24.011,-0.172,-23.839,40.072,78.293,21.707,61.605,78.079,21.921
[SHELL] ccA:73,3717900651,54323,17.789,16.557,0.000,35.000,6.23909,0.29840,15.79,-8.440,25.503,-7.786,23.526,-8.078,6.398,0.92249,74.342
[SHELL] ccB:73,18875,1,18.502,4.395,-22.897,23.751,76.249,29.193,40.072,78.293,21.707
[SHELL] ccA:74,3718120495,54324,3.618,16.479,0.000,35.000,0.38345,0.72615,15.65,-8.154,25.503,-7.546,23.604,-8.075,6.397,0.92553,74.342
[SHELL] ccB:74,18797,1,-2.809,15.812,-13.002,21.134,78.866,49.420,23.751,76.249,29.193
[SHELL] ccA:75,3718340911,54325,-5.103,14.923,0.000,35.000,0.80570,1.14804,16.03,-7.968,25.535,-7.382,23.656,-8.064,6.399,0.92640,74.342
[SHELL] ccB:75,19005,1,-14.299,12.912,1.386,23.449,76.551,69.623,21.134,78.866,49.420
[SHELL] ccA:76,3718560883,54326,0.737,16.513,0.000,35.000,1.23536,1.57778,15.97,-8.080,25.503,-7.484,23.623,-8.059,6.398,0.92630,74.342
[SHELL] ccB:76,18991,1,-15.350,12.985,2.365,21.766,60.414,78.234,23.449,76.551,69.623
[SHELL] ccA:77,3718780915,54327,12.611,20.427,0.000,35.000,1.65052,1.99286,15.97,-8.324,25.420,-7.711,23.550,-8.066,6.394,0.92643,74.342
[SHELL] ccB:77,19007,1,-21.366,20.161,1.205,21.797,39.337,78.203,21.766,60.414,78.234
[SHELL] ccA:78,3719000867,54328,10.207,12.644,0.000,35.000,2.07522,2.41744,15.92,-8.280,25.580,-7.631,23.576,-8.069,6.397,0.92168,74.342
[SHELL] ccB:78,18983,1,-16.002,10.448,5.555,30.019,23.538,76.462,21.797,39.337,78.203
[SHELL] ccA:79,3719220847,54329,-1.672,18.828,0.000,35.000,2.49645,2.83866,15.81,-8.034,25.452,-7.459,23.631,-8.062,6.395,0.92846,74.342
[SHELL] ccB:79,18973,1,-9.986,-8.907,18.892,50.141,21.133,78.867,30.019,23.538,76.462
[SHELL] ctrlcap v1 armed=0 count=512 clock_hz=550000000 decimation=1
[SHELL] ccA:index,cycles,seq,id,iq,idref,iqref,theta,actangle,age_us,vdreq,vqreq,vd,vq,intd,intq,scale,bus
[SHELL] ccB:index,timer,valid,ia,ib,ic,du,dv,dw,active_u,active_v,active_w
[SHELL] ccA:80,3719440735,54330,-4.034,18.162,0.000,35.000,2.90837,3.25092,15.81,-7.977,25.464,-7.408,23.647,-8.052,6.393,0.92865,74.342
[SHELL] ccB:80,18917,1,-0.272,-15.974,16.246,70.064,23.559,76.441,50.141,21.133,78.867
[SHELL] ccA:81,3719660727,54331,3.449,18.238,0.000,35.000,3.33725,3.67981,15.81,-8.125,25.461,-7.533,23.608,-8.050,6.391,0.92721,74.342
[SHELL] ccB:81,18913,1,0.163,-16.155,15.993,78.292,21.708,59.938,70.064,23.559,76.441
[SHELL] ccA:82,3719880727,54332,16.732,22.869,0.000,35.000,3.75725,4.09979,15.81,-8.401,25.362,-7.792,23.524,-8.060,6.385,0.92751,74.342
[SHELL] ccB:82,18913,1,-0.454,-24.310,24.764,78.102,21.898,38.559,78.292,21.708,59.938
[SHELL] ccA:83,3720100735,54333,13.898,13.846,0.000,35.000,4.17616,4.51869,15.83,-8.352,25.545,-7.701,23.554,-8.068,6.386,0.92203,74.342
[SHELL] ccB:83,18917,1,4.802,-18.874,14.072,76.574,30.469,23.426,78.102,21.898,38.559
[SHELL] ccA:84,3720320743,54334,2.841,14.605,0.000,35.000,4.59881,4.94129,15.83,-8.127,25.531,-7.517,23.613,-8.064,6.388,0.92489,74.342
[SHELL] ccB:84,18921,1,14.189,-10.972,-3.216,78.865,50.675,21.135,76.574,30.469,23.426
[SHELL] ccA:85,3720540843,54335,-5.215,11.627,0.000,35.000,5.02718,5.36949,16.15,-7.955,25.595,-7.355,23.664,-8.053,6.392,0.92457,74.342
[SHELL] ccB:85,18971,1,9.441,2.691,-12.132,76.181,71.063,23.819,78.865,50.675,21.135
[SHELL] ccA:86,3720760851,54336,-2.658,13.234,0.000,35.000,5.44134,5.78375,16.15,-7.997,25.565,-7.398,23.650,-8.045,6.394,0.92511,74.342
[SHELL] ccB:86,18975,1,8.100,5.301,-13.401,59.750,78.313,21.687,76.181,71.063,23.819
[SHELL] ccA:87,3720980803,54337,11.336,21.577,0.000,35.000,5.87238,6.21462,15.78,-8.283,25.392,-7.685,23.559,-8.050,6.389,0.92780,74.342
[SHELL] ccB:87,18951,1,19.009,3.706,-22.716,37.788,77.993,22.007,59.750,78.313,21.687
[SHELL] ccA:88,3721200715,54338,10.385,15.372,0.000,35.000,0.00484,0.34725,15.98,-8.268,25.518,-7.638,23.574,-8.054,6.390,0.92383,74.342
[SHELL] ccB:88,18907,1,10.311,8.201,-18.511,23.263,76.737,31.147,37.788,77.993,22.007
[SHELL] ccA:89,3721420767,54339,-3.151,16.054,0.000,35.000,0.42683,0.76953,15.65,-7.988,25.504,-7.407,23.648,-8.045,6.390,0.92724,74.342
[SHELL] ccB:89,18933,1,-9.515,16.283,-6.768,21.142,78.858,51.293,23.263,76.737,31.147
[SHELL] ccA:90,3721641047,54340,-9.354,16.732,0.000,35.000,0.85321,1.19541,16.11,-7.849,25.490,-7.292,23.683,-8.030,6.390,0.92913,74.342
[SHELL] ccB:90,19073,1,-18.757,12.803,5.953,23.968,76.032,71.609,21.142,78.858,51.293
[SHELL] ccA:91,3721860979,54341,-2.234,19.075,0.000,35.000,1.26571,1.60805,16.05,-7.983,25.441,-7.419,23.644,-8.022,6.388,0.92937,74.342
[SHELL] ccB:91,19039,1,-18.865,12.550,6.316,21.611,59.064,78.389,23.968,76.032,71.609
[SHELL] ccA:92,3722081003,54342,10.920,22.800,0.000,35.000,1.69488,2.03698,16.05,-8.252,25.360,-7.667,23.565,-8.027,6.382,0.92919,74.342
[SHELL] ccB:92,19051,1,-23.976,18.929,5.047,22.082,37.284,77.918,21.611,59.064,78.389
[SHELL] ccA:93,3722300895,54343,9.075,18.168,0.000,35.000,2.11453,2.45689,16.00,-8.218,25.452,-7.614,23.582,-8.030,6.381,0.92653,74.342
[SHELL] ccB:93,18997,1,-20.243,8.708,11.535,31.808,23.111,76.889,22.082,37.284,77.918
[SHELL] ccA:94,3722521003,54344,-3.393,18.758,0.000,35.000,2.54047,2.88287,15.89,-7.959,25.438,-7.400,23.650,-8.021,6.379,0.92972,74.342
[SHELL] ccB:94,19051,1,-7.811,-11.154,18.965,52.225,21.161,78.839,31.808,23.111,76.889
[SHELL] ccA:95,3722740335,54345,-7.030,17.265,0.000,35.000,2.95550,3.29824,15.49,-7.874,25.467,-7.320,23.675,-8.009,6.379,0.92962,74.342
[SHELL] ccB:95,18717,1,3.714,-17.678,13.963,72.040,24.088,75.912,52.225,21.161,78.839
[SHELL] ctrlcap v1 armed=0 count=512 clock_hz=550000000 decimation=1
[SHELL] ccA:index,cycles,seq,id,iq,idref,iqref,theta,actangle,age_us,vdreq,vqreq,vd,vq,intd,intq,scale,bus
[SHELL] ccB:index,timer,valid,ia,ib,ic,du,dv,dw,active_u,active_v,active_w
[SHELL] ccA:96,3722960375,54346,0.822,18.334,0.000,35.000,3.37809,3.72073,15.49,-8.026,25.445,-7.454,23.633,-8.004,6.377,0.92879,74.342
[SHELL] ccB:96,18737,1,3.497,-17.351,13.854,78.487,21.513,58.089,72.040,24.088,75.912
[SHELL] ccA:97,3723180419,54347,14.226,21.687,0.000,35.000,3.79697,4.13949,15.49,-8.303,25.373,-7.707,23.552,-8.012,6.372,0.92823,74.342
[SHELL] ccB:97,18759,1,1.939,-23.368,21.429,77.845,22.155,36.811,78.487,21.513,58.089
[SHELL] ccA:98,3723400431,54348,12.709,15.016,0.000,35.000,4.21837,4.56086,15.51,-8.279,25.508,-7.650,23.570,-8.019,6.373,0.92403,74.342
[SHELL] ccB:98,18765,1,7.194,-19.454,12.260,77.004,32.326,22.996,77.845,22.155,36.811
[SHELL] ccA:99,3723620343,54349,0.156,14.811,0.000,35.000,4.64655,4.98937,15.51,-8.022,25.513,-7.433,23.640,-8.013,6.374,0.92657,74.342
[SHELL] ccB:99,18721,1,14.769,-8.363,-6.406,78.819,52.899,21.181,77.004,32.326,22.996
[SHELL] ccA:100,3723840355,54350,-8.710,10.518,0.000,35.000,5.05532,5.39812,15.51,-7.830,25.605,-7.247,23.697,-7.998,6.380,0.92551,74.342
[SHELL] ccB:100,18727,1,6.976,6.678,-13.655,75.881,72.148,24.119,78.819,52.899,21.181
[SHELL] ccA:101,3724060339,54351,-5.271,13.669,0.000,35.000,5.47702,5.81985,15.51,-7.888,25.544,-7.311,23.677,-7.987,6.383,0.92694,74.342
[SHELL] ccB:101,18719,1,6.215,8.382,-14.597,58.155,78.481,21.519,75.881,72.148,24.119
[SHELL] ccA:102,3724280327,54352,13.660,21.333,0.000,35.000,5.89041,6.23325,15.51,-8.274,25.386,-7.679,23.561,-7.995,6.378,0.92812,74.342
[SHELL] ccB:102,18713,1,20.785,2.148,-22.933,36.898,77.859,22.141,58.155,78.481,21.519
[SHELL] ccA:103,3724500579,54353,14.381,15.630,0.000,35.000,0.03269,0.37502,15.68,-8.297,25.501,-7.667,23.565,-8.003,6.378,0.92408,74.342
[SHELL] ccB:103,18839,1,13.863,7.004,-20.867,22.959,77.041,32.498,36.898,77.859,22.141
[SHELL] ccA:104,3724720687,54354,3.023,16.703,0.000,35.000,0.44813,0.79072,15.52,-8.067,25.478,-7.480,23.625,-8.000,6.378,0.92726,74.342
[SHELL] ccB:104,18893,1,-4.513,16.428,-11.915,21.169,78.831,52.506,22.959,77.041,32.498
[SHELL] ccA:105,3724940771,54355,-4.211,15.014,0.000,35.000,0.86977,1.21225,15.89,-7.912,25.513,-7.340,23.669,-7.990,6.379,0.92770,74.342
[SHELL] ccB:105,18935,1,-14.190,12.695,1.495,24.207,75.793,72.455,21.169,78.831,52.506
[SHELL] ccA:106,3725160843,54356,6.459,16.661,0.000,35.000,1.28740,1.62957,15.84,-8.126,25.480,-7.529,23.609,-7.991,6.379,0.92656,74.342
[SHELL] ccB:106,18971,1,-14.190,16.500,-2.310,21.484,57.774,78.516,24.207,75.793,72.455
[SHELL] ccA:107,3725380855,54357,17.278,19.733,0.000,35.000,1.71556,2.05773,15.84,-8.354,25.416,-7.738,23.542,-8.002,6.375,0.92627,74.342
[SHELL] ccB:107,18977,1,-22.019,23.350,-1.332,22.264,36.139,77.736,21.484,57.774,78.516
[SHELL] ccA:108,3725600739,54358,11.401,12.471,0.000,35.000,2.12958,2.47207,15.87,-8.241,25.565,-7.603,23.585,-8.007,6.378,0.92258,74.342
[SHELL] ccB:108,18919,1,-16.618,10.955,5.663,32.496,22.959,77.041,22.264,36.139,77.736
[SHELL] ccA:109,3725820675,54359,2.821,16.215,0.000,35.000,2.55177,2.89438,15.76,-8.066,25.489,-7.477,23.626,-8.004,6.378,0.92692,74.342
[SHELL] ccB:109,18887,1,-11.363,-4.630,15.993,52.962,21.183,78.817,32.496,22.959,77.041
[SHELL] ccA:110,3726040675,54360,2.365,16.943,0.000,35.000,2.96021,3.30282,15.76,-8.054,25.474,-7.470,23.628,-8.000,6.378,0.92755,74.342
[SHELL] ccB:110,18887,1,-5.383,-11.371,16.754,72.530,24.229,75.771,52.962,21.183,78.817
[SHELL] ccA:111,3726260687,54361,12.617,16.959,0.000,35.000,3.38790,3.73049,15.76,-8.265,25.473,-7.648,23.571,-8.007,6.377,0.92533,74.342
[SHELL] ccB:111,18893,1,-8.101,-12.857,20.958,78.566,21.434,57.202,72.530,24.229,75.771
[SHELL] ctrlcap v1 armed=0 count=512 clock_hz=550000000 decimation=1
[SHELL] ccA:index,cycles,seq,id,iq,idref,iqref,theta,actangle,age_us,vdreq,vqreq,vd,vq,intd,intq,scale,bus
[SHELL] ccB:index,timer,valid,ia,ib,ic,du,dv,dw,active_u,active_v,active_w
[SHELL] ccA:112,3726480675,54362,26.195,19.527,0.000,35.000,3.81206,4.15464,15.76,-8.557,25.418,-7.906,23.485,-8.026,6.373,0.92398,74.342
[SHELL] ccB:112,18887,1,-8.391,-23.150,31.541,77.657,22.343,35.675,78.566,21.434,57.202
[SHELL] ccA:113,3726700695,54363,17.870,11.887,0.000,35.000,4.22094,4.56344,15.78,-8.402,25.574,-7.734,23.543,-8.038,6.376,0.92056,74.342
[SHELL] ccB:113,18897,1,2.047,-19.526,17.479,77.066,32.614,22.934,77.657,22.343,35.675
[SHELL] ccA:114,3726920763,54364,8.963,13.066,0.000,35.000,4.65409,4.99635,15.78,-8.226,25.552,-7.594,23.588,-8.040,6.378,0.92314,74.342
[SHELL] ccB:114,18931,1,12.522,-14.669,2.148,78.793,53.587,21.207,77.066,32.614,22.934
[SHELL] ccA:115,3727140759,54365,3.722,10.510,0.000,35.000,5.08281,5.42507,15.78,-8.119,25.608,-7.533,23.762,-8.038,6.384,0.92789,74.782
[SHELL] ccB:115,18929,1,11.144,-5.282,-5.862,75.388,73.799,24.612,78.793,53.587,21.207
[SHELL] ccA:116,3727360751,54366,7.451,13.302,0.000,35.000,5.49251,5.83486,15.78,-8.195,25.556,-7.611,23.737,-8.040,6.388,0.92882,74.782
[SHELL] ccB:116,18925,1,14.696,-3.832,-10.864,56.880,78.593,21.407,75.388,73.799,24.612
[SHELL] ccA:117,3727580727,54367,19.520,20.778,0.000,35.000,5.92180,6.26422,15.72,-8.450,25.402,-7.868,23.653,-8.054,6.384,0.93113,74.782
[SHELL] ccB:117,18913,1,25.606,-1.948,-23.658,35.121,77.560,22.440,56.880,78.593,21.407
[SHELL] ccA:118,3727800555,54368,16.107,14.498,0.000,35.000,0.06034,0.40381,15.75,-8.392,25.578,-7.771,23.685,-8.063,6.386,0.92600,74.782
[SHELL] ccB:118,18827,1,15.204,5.772,-20.976,22.656,77.344,33.970,35.121,77.560,22.440
[SHELL] ccA:119,3728020671,54369,3.918,16.546,0.000,35.000,0.47908,0.82269,15.59,-8.146,25.536,-7.531,23.609,-8.061,6.385,0.92451,74.342
[SHELL] ccB:119,18885,1,-4.150,16.355,-12.205,21.235,78.765,54.209,22.656,77.344,33.970
[SHELL] ccA:120,3728240843,54370,-1.609,15.919,0.000,35.000,0.89948,1.24275,15.96,-8.027,25.549,-7.472,23.781,-8.054,6.387,0.93081,74.782
[SHELL] ccB:120,18971,1,-13.465,14.217,-0.752,24.666,75.334,73.970,21.235,78.765,54.209
[SHELL] ccA:121,3728460815,54371,10.035,18.427,0.000,35.000,1.32693,1.67026,15.91,-8.265,25.497,-7.686,23.713,-8.058,6.385,0.93000,74.782
[SHELL] ccB:121,18957,1,-15.459,20.016,-4.558,21.309,55.523,78.691,24.666,75.334,73.970
[SHELL] ccA:122,3728680775,54372,20.187,19.328,0.000,35.000,1.75333,2.09666,15.91,-8.482,25.477,-7.874,23.651,-8.072,6.383,0.92831,74.782
[SHELL] ccB:122,18937,1,-22.671,25.489,-2.818,22.631,34.098,77.369,21.309,55.523,78.691
[SHELL] ccA:123,3728900835,54373,8.277,13.109,0.000,35.000,2.16775,2.51101,16.16,-8.246,25.605,-7.641,23.727,-8.075,6.386,0.92665,74.782
[SHELL] ccB:123,18967,1,-15.495,7.294,8.200,34.318,22.589,77.411,22.631,34.098,77.369
[SHELL] ccA:124,3729120771,54374,-0.629,17.323,0.000,35.000,2.59285,2.93595,15.80,-8.061,25.520,-7.508,23.770,-8.068,6.386,0.93141,74.782
[SHELL] ccB:124,18935,1,-8.500,-8.834,17.334,55.008,21.278,78.722,34.318,22.589,77.411
[SHELL] ccA:125,3729340715,54375,0.125,18.140,0.000,35.000,3.01317,3.35653,15.80,-8.071,25.503,-7.521,23.765,-8.063,6.385,0.93187,74.782
[SHELL] ccB:125,18907,1,-2.447,-14.343,16.790,74.907,24.969,75.031,55.008,21.278,78.722
[SHELL] ccA:126,3729560751,54376,9.999,20.006,0.000,35.000,3.43820,3.78158,15.82,-8.273,25.463,-7.703,23.707,-8.067,6.383,0.93104,74.782
[SHELL] ccB:126,18925,1,-3.716,-17.243,20.958,78.743,21.257,54.646,74.907,24.969,75.031
[SHELL] ccA:127,3729780819,54377,17.990,20.739,0.000,35.000,3.86336,4.20645,15.82,-8.445,25.445,-7.852,23.658,-8.079,6.379,0.92977,74.782
[SHELL] ccB:127,18959,1,0.199,-23.875,23.676,77.233,22.767,33.414,78.743,21.257,54.646
[SHELL] ctrlcap v1 armed=0 count=512 clock_hz=550000000 decimation=1
[SHELL] ccA:index,cycles,seq,id,iq,idref,iqref,theta,actangle,age_us,vdreq,vqreq,vd,vq,intd,intq,scale,bus
[SHELL] ccB:index,timer,valid,ia,ib,ic,du,dv,dw,active_u,active_v,active_w
[SHELL] ccA:128,3730000751,54378,8.277,14.835,0.000,35.000,4.28670,4.63008,15.84,-8.253,25.566,-7.658,23.722,-8.082,6.381,0.92788,74.782
[SHELL] ccB:128,18925,1,10.093,-16.880,6.787,77.632,35.528,22.368,77.233,22.767,33.414
[SHELL] ccA:129,3730220847,54379,-1.826,16.984,0.000,35.000,4.71451,5.05755,15.84,-8.043,25.522,-7.493,23.775,-8.074,6.382,0.93152,74.782
[SHELL] ccB:129,18973,1,16.980,-6.877,-10.103,78.636,56.326,21.364,77.632,35.528,22.368
[SHELL] ccA:130,3730440743,54380,-8.065,15.237,0.000,35.000,5.12878,5.47214,15.84,-7.905,25.559,-7.365,23.814,-8.061,6.384,0.93172,74.782
[SHELL] ccB:130,18921,1,10.673,6.388,-17.062,74.457,75.178,24.822,78.636,56.326,21.364
[SHELL] ccA:131,3730660723,54381,-1.254,19.355,0.000,35.000,5.55282,5.89625,15.79,-8.035,25.475,-7.498,23.773,-8.054,6.382,0.93318,74.782
[SHELL] ccB:131,18911,1,11.978,7.222,-19.200,54.066,78.772,21.228,74.457,75.178,24.822
[SHELL] ccA:132,3730880723,54382,15.800,22.888,0.000,35.000,5.97386,0.03406,15.79,-8.386,25.400,-7.815,23.670,-8.064,6.377,0.93192,74.782
[SHELL] ccB:132,18911,1,22.018,3.706,-25.724,32.716,77.088,22.912,54.066,78.772,21.228
[SHELL] ccA:133,3731100639,54383,7.912,15.337,0.000,35.000,0.11681,0.46018,15.77,-8.231,25.553,-7.597,23.587,-8.066,6.377,0.92307,74.342
[SHELL] ccB:133,18869,1,6.070,10.955,-17.025,22.220,77.780,36.403,32.716,77.088,22.912
[SHELL] ccA:134,3731320735,54384,-5.858,18.542,0.000,35.000,0.52568,0.86927,15.61,-7.943,25.486,-7.373,23.658,-8.054,6.375,0.92829,74.342
[SHELL] ccB:134,18917,1,-14.371,18.530,-4.159,21.355,78.645,56.194,22.220,77.780,36.403
[SHELL] ccA:135,3731540947,54385,-6.718,19.023,0.000,35.000,0.95502,1.29820,16.04,-7.913,25.474,-7.351,23.665,-8.042,6.373,0.92899,74.342
[SHELL] ccB:135,19023,1,-19.409,14.471,4.938,24.597,73.752,75.403,21.355,78.645,56.194
[SHELL] ccA:136,3731761027,54386,5.634,21.611,0.000,35.000,1.37085,1.71393,16.30,-8.160,25.417,-7.575,23.594,-8.042,6.369,0.92828,74.342
[SHELL] ccB:136,19063,1,-20.061,18.530,1.531,21.203,53.487,78.797,24.597,73.752,75.403
[SHELL] ccA:137,3731980991,54387,15.950,20.663,0.000,35.000,1.79113,2.13422,16.30,-8.377,25.432,-7.752,23.537,-8.052,6.364,0.92546,74.342
[SHELL] ccB:137,19045,1,-23.650,21.393,2.256,22.963,32.480,77.037,21.203,53.487,78.797
[SHELL] ccA:138,3732200911,54388,3.736,12.819,0.000,35.000,2.21639,2.55934,15.93,-8.130,25.593,-7.503,23.618,-8.049,6.366,0.92283,74.342
[SHELL] ccB:138,19005,1,-12.487,2.148,10.339,36.439,22.214,77.786,22.963,32.480,77.037
[SHELL] ccA:139,3732420863,54389,-4.259,17.023,0.000,35.000,2.62990,2.97297,15.83,-7.960,25.507,-7.382,23.656,-8.039,6.366,0.92742,74.342
[SHELL] ccB:139,18981,1,-4.622,-12.350,16.971,56.673,21.391,78.609,36.439,22.214,77.786
[SHELL] ccA:140,3732640751,54390,-2.953,17.888,0.000,35.000,3.05298,3.39636,15.82,-7.977,25.488,-7.402,23.649,-8.030,6.365,0.92786,74.342
[SHELL] ccB:140,18925,1,1.359,-16.337,14.978,75.483,24.517,73.492,56.673,21.391,78.609
[SHELL] ccA:141,3732860735,54391,10.976,22.745,0.000,35.000,3.47682,3.82023,15.82,-8.261,25.385,-7.668,23.564,-8.035,6.359,0.92828,74.342
[SHELL] ccB:141,18917,1,-2.882,-20.287,23.169,78.826,21.174,52.696,75.483,24.517,73.492
[SHELL] ccA:142,3733080763,54392,18.210,19.585,0.000,35.000,3.89535,4.23866,15.82,-8.418,25.445,-7.783,23.527,-8.047,6.355,0.92460,74.342
[SHELL] ccB:142,18931,1,0.126,-23.223,23.097,76.921,23.079,31.949,78.826,21.174,52.696
[SHELL] ccA:143,3733300811,54393,5.922,13.371,0.000,35.000,4.31347,4.65663,15.84,-8.172,25.572,-7.543,23.605,-8.047,6.357,0.92307,74.342
[SHELL] ccB:143,18955,1,10.021,-14.234,4.213,77.821,36.660,22.179,76.921,23.079,31.949
[SHELL] ctrlcap v1 armed=0 count=512 clock_hz=550000000 decimation=1
[SHELL] ccA:index,cycles,seq,id,iq,idref,iqref,theta,actangle,age_us,vdreq,vqreq,vd,vq,intd,intq,scale,bus
[SHELL] ccB:index,timer,valid,ia,ib,ic,du,dv,dw,active_u,active_v,active_w
[SHELL] ccA:144,3733520855,54394,-2.373,14.933,0.000,35.000,4.73432,5.07748,15.84,-7.997,25.541,-7.404,23.649,-8.039,6.358,0.92590,74.342
[SHELL] ccB:144,18977,1,14.878,-5.101,-9.777,78.565,57.221,21.435,77.821,36.660,22.179
[SHELL] ccA:145,3733740799,54395,-3.847,10.871,0.000,35.000,5.15091,5.49407,15.84,-7.958,25.627,-7.349,23.666,-8.029,6.362,0.92346,74.342
[SHELL] ccB:145,18949,1,8.209,2.909,-11.118,73.445,75.497,24.503,78.565,57.221,21.435
[SHELL] ccA:146,3733960807,54396,5.263,17.389,0.000,35.000,5.57830,5.92140,15.79,-8.139,25.495,-7.536,23.607,-8.028,6.361,0.92594,74.342
[SHELL] ccB:146,18953,1,15.276,0.879,-16.156,52.637,78.827,21.173,73.445,75.497,24.503
[SHELL] ccA:147,3734180695,54397,21.194,20.309,0.000,35.000,5.99609,0.05634,15.79,-8.473,25.433,-7.833,23.510,-8.043,6.357,0.92442,74.342
[SHELL] ccB:147,18897,1,26.077,-1.368,-24.709,31.550,76.830,23.170,52.637,78.827,21.173
[SHELL] ccA:148,3734400571,54398,10.538,13.923,0.000,35.000,0.13478,0.47829,15.71,-8.264,25.562,-7.623,23.579,-8.047,6.358,0.92242,74.342
[SHELL] ccB:148,18835,1,8.571,8.889,-17.460,22.075,77.925,37.329,31.550,76.830,23.170
[SHELL] ccA:149,3734620783,54399,-1.622,17.035,0.000,35.000,0.55712,0.90048,15.60,-8.013,25.498,-7.429,23.641,-8.039,6.357,0.92716,74.342
[SHELL] ccB:149,18941,1,-10.384,16.972,-6.587,21.491,78.509,57.856,22.075,77.925,37.329
[SHELL] ccA:150,3734840923,54400,-3.669,16.189,0.000,35.000,0.98716,1.33036,16.03,-7.962,25.515,-7.382,23.656,-8.030,6.357,0.92712,74.342
[SHELL] ccB:150,19011,1,-15.531,12.840,2.691,24.153,72.267,75.847,21.491,78.509,57.856
[SHELL] ccA:151,3735060895,54401,7.079,19.107,0.000,35.000,1.40068,1.74389,15.97,-8.179,25.454,-7.580,23.593,-8.031,6.355,0.92687,74.342
[SHELL] ccB:151,18997,1,-17.633,17.660,-0.027,21.155,51.980,78.845,24.153,72.267,75.847
[SHELL] ccA:152,3735280907,54402,16.206,18.187,0.000,35.000,1.82306,2.16612,15.97,-8.371,25.471,-7.737,23.542,-8.041,6.352,0.92427,74.342
[SHELL] ccB:152,19003,1,-21.656,20.487,1.169,23.292,31.025,76.708,21.155,51.980,78.845
[SHELL] ccA:153,3735500919,54403,4.251,13.195,0.000,35.000,2.25317,2.59632,16.24,-8.130,25.573,-7.508,23.616,-8.039,6.355,0.92347,74.342
[SHELL] ccB:153,19009,1,-12.921,2.112,10.810,38.238,21.943,78.057,23.292,31.025,76.708
[SHELL] ccA:154,3735720843,54404,-4.633,17.773,0.000,35.000,2.66875,3.01181,15.81,-7.942,25.479,-7.374,23.658,-8.029,6.354,0.92853,74.342
[SHELL] ccB:154,18971,1,-3.969,-13.546,17.515,58.575,21.560,78.440,38.238,21.943,78.057
[SHELL] ccA:155,3735940739,54405,-3.812,17.215,0.000,35.000,3.08991,3.43331,15.81,-7.948,25.490,-7.377,23.657,-8.019,6.353,0.92810,74.342
[SHELL] ccB:155,18919,1,2.917,-16.518,13.601,75.953,24.047,71.892,58.575,21.560,78.440
[SHELL] ccA:156,3736160743,54406,10.360,21.508,0.000,35.000,3.51980,3.86320,15.81,-8.237,25.399,-7.644,23.572,-8.023,6.348,0.92807,74.342
[SHELL] ccB:156,18921,1,-1.686,-19.780,21.466,78.865,21.135,50.600,75.953,24.047,71.892
[SHELL] ccA:157,3736380827,54407,18.494,18.763,0.000,35.000,3.92593,4.26910,15.81,-8.412,25.452,-7.776,23.529,-8.036,6.345,0.92444,74.342
[SHELL] ccB:157,18963,1,0.163,-22.897,22.734,76.594,23.406,30.552,78.865,21.135,50.600
[SHELL] ccA:158,3736600751,54408,5.570,11.028,0.000,35.000,4.35179,4.69513,15.83,-8.153,25.611,-7.516,23.613,-8.035,6.349,0.92198,74.342
[SHELL] ccB:158,18925,1,8.354,-12.060,3.706,78.090,38.470,21.910,76.594,23.406,30.552
[SHELL] ccA:159,3736820735,54409,-1.789,13.539,0.000,35.000,4.77844,5.12182,15.83,-7.997,25.563,-7.399,23.650,-8.027,6.352,0.92518,74.342
[SHELL] ccB:159,18917,1,13.392,-4.376,-9.016,78.353,59.396,21.647,78.090,38.470,21.910
[SHELL] ctrlcap v1 armed=0 count=512 clock_hz=550000000 decimation=1
[SHELL] ccA:index,cycles,seq,id,iq,idref,iqref,theta,actangle,age_us,vdreq,vqreq,vd,vq,intd,intq,scale,bus
[SHELL] ccB:index,timer,valid,ia,ib,ic,du,dv,dw,active_u,active_v,active_w
[SHELL] ccA:160,3737040775,54410,-4.850,10.855,0.000,35.000,5.19774,5.54099,15.83,-7.925,25.621,-7.323,23.674,-8.016,6.356,0.92399,74.342
[SHELL] ccB:160,18937,1,7.339,4.431,-11.770,71.397,76.091,23.909,78.353,59.396,21.647
[SHELL] ccA:161,3737260771,54411,2.394,17.766,0.000,35.000,5.62385,5.96707,15.78,-8.066,25.481,-7.479,23.625,-8.013,6.355,0.92717,74.342
[SHELL] ccB:161,18935,1,12.775,4.504,-17.279,50.476,78.866,21.134,71.397,76.091,23.909
[SHELL] ccA:162,3737480659,54412,16.582,18.245,0.000,35.000,6.04466,0.10492,15.78,-8.361,25.470,-7.729,23.544,-8.023,6.352,0.92442,74.342
[SHELL] ccB:162,18879,1,20.423,1.749,-22.172,29.516,76.334,23.666,50.476,78.866,21.134
[SHELL] ccA:163,3737700635,54413,1.232,12.693,0.000,35.000,0.18642,0.52959,15.71,-8.049,25.584,-7.437,23.638,-8.018,6.355,0.92396,74.342
[SHELL] ccB:163,18867,1,-1.142,11.571,-10.429,21.784,78.216,39.440,29.516,76.334,23.666
[SHELL] ccA:164,3737920799,54414,-10.817,15.448,0.000,35.000,0.60289,0.94642,15.68,-7.791,25.529,-7.233,23.701,-8.002,6.357,0.92842,74.342
[SHELL] ccB:164,18949,1,-17.669,14.543,3.126,21.682,78.318,59.709,21.784,78.216,39.440
[SHELL] ccA:165,3738141031,54415,-8.418,18.136,0.000,35.000,1.02927,1.37222,16.05,-7.825,25.474,-7.276,23.688,-7.988,6.356,0.92992,74.342
[SHELL] ccB:165,19065,1,-19.880,11.789,8.092,23.690,70.577,76.310,21.682,78.318,59.709
[SHELL] ccA:166,3738361027,54416,3.901,24.174,0.000,35.000,1.44668,1.78971,16.05,-8.070,25.346,-7.518,23.613,-7.986,6.349,0.93162,74.342
[SHELL] ccB:166,19063,1,-23.505,17.696,5.808,21.133,49.823,78.867,23.690,70.577,76.310
[SHELL] ccA:167,3738580955,54417,15.471,19.732,0.000,35.000,1.86778,2.21095,16.05,-8.311,25.433,-7.697,23.555,-7.995,6.346,0.92617,74.342
[SHELL] ccB:167,19027,1,-23.396,19.509,3.887,23.789,29.048,76.211,21.133,49.823,78.867
[SHELL] ccA:168,3738801167,54418,0.725,14.914,0.000,35.000,2.29097,2.63505,16.00,-8.011,25.577,-7.407,23.648,-7.990,6.346,0.92459,74.342
[SHELL] ccB:168,19133,1,-11.689,-2.201,13.891,39.919,21.725,78.275,23.789,29.048,76.211
[SHELL] ccA:169,3739020487,54419,-6.872,18.502,0.000,35.000,2.71701,3.06105,15.71,-7.846,25.502,-7.287,23.685,-7.978,6.345,0.92875,74.342
[SHELL] ccB:169,18793,1,-1.360,-16.373,17.732,60.810,21.815,78.185,39.919,21.725,78.275
[SHELL] ccA:170,3739240363,54420,-5.067,19.012,0.000,35.000,3.13145,3.47581,15.49,-7.871,25.490,-7.312,23.677,-7.967,6.343,0.92890,74.342
[SHELL] ccB:170,18731,1,4.874,-18.946,14.072,76.435,23.565,70.089,60.810,21.815,78.185
[SHELL] ccA:171,3739460379,54421,6.758,22.434,0.000,35.000,3.55121,3.89552,15.49,-8.109,25.416,-7.532,23.608,-7.968,6.337,0.92888,74.342
[SHELL] ccB:171,18739,1,2.736,-21.519,18.784,78.864,21.136,49.221,76.435,23.565,70.089
[SHELL] ccA:172,3739680419,54422,18.621,18.619,0.000,35.000,3.97454,4.31874,15.52,-8.359,25.490,-7.722,23.547,-7.980,6.334,0.92376,74.342
[SHELL] ccB:172,18759,1,1.250,-23.404,22.154,76.033,23.967,28.394,78.864,21.136,49.221
[SHELL] ccA:173,3739900427,54423,3.897,12.744,0.000,35.000,4.39498,4.73917,15.51,-8.062,25.611,-7.441,23.637,-7.978,6.336,0.92294,74.342
[SHELL] ccB:173,18763,1,10.891,-12.096,1.205,78.338,40.467,21.662,76.033,23.967,28.394
[SHELL] ccA:174,3740120443,54424,-6.426,12.763,0.000,35.000,4.81337,5.15755,15.51,-7.843,25.613,-7.256,23.695,-7.966,6.340,0.92511,74.342
[SHELL] ccB:174,18771,1,12.051,0.626,-12.676,78.180,60.849,21.820,78.338,40.467,21.662
[SHELL] ccA:175,3740340315,54425,-8.216,11.093,0.000,35.000,5.22807,5.57262,15.51,-7.793,25.651,-7.161,23.570,-7.951,6.343,0.91889,73.902
[SHELL] ccB:175,18707,1,5.599,8.128,-13.727,70.187,76.410,23.590,78.180,60.849,21.820
[SHELL] ctrlcap v1 armed=0 count=512 clock_hz=550000000 decimation=1
[SHELL] ccA:index,cycles,seq,id,iq,idref,iqref,theta,actangle,age_us,vdreq,vqreq,vd,vq,intd,intq,scale,bus
[SHELL] ccB:index,timer,valid,ia,ib,ic,du,dv,dw,active_u,active_v,active_w
[SHELL] ccA:176,3740560455,54426,4.002,19.698,0.000,35.000,5.64763,5.99180,15.51,-8.035,25.473,-7.455,23.633,-7.949,6.340,0.92775,74.342
[SHELL] ccB:176,18777,1,14.914,4.214,-19.128,49.292,78.865,21.135,70.187,76.410,23.590
[SHELL] ccA:177,3740780423,54427,20.900,17.486,0.000,35.000,6.07054,0.13189,15.51,-8.388,25.517,-7.739,23.541,-7.964,6.337,0.92259,74.342
[SHELL] ccB:177,18761,1,24.120,-1.078,-23.042,28.274,76.000,24.000,49.292,78.865,21.135
[SHELL] ccA:178,3741000439,54428,7.395,14.175,0.000,35.000,0.20417,0.54851,15.57,-8.119,25.584,-7.496,23.620,-7.965,6.338,0.92323,74.342
[SHELL] ccB:178,18769,1,4.367,11.136,-15.503,21.660,78.340,40.489,28.274,76.000,24.000
[SHELL] ccA:179,3741220559,54429,-4.448,15.233,0.000,35.000,0.62159,0.96618,15.46,-7.871,25.563,-7.293,23.683,-7.955,6.339,0.92647,74.342
[SHELL] ccB:179,18829,1,-12.487,14.724,-2.238,21.814,78.186,60.799,21.660,78.340,40.489
[SHELL] ccA:180,3741440799,54430,-0.566,16.314,0.000,35.000,1.04195,1.38604,15.89,-7.943,25.541,-7.359,23.663,-7.948,6.339,0.92646,74.342
[SHELL] ccB:180,18949,1,-14.371,13.891,0.480,23.489,69.786,76.511,21.814,78.186,60.799
[SHELL] ccA:181,3741660871,54431,14.814,21.402,0.000,35.000,1.46817,1.81213,15.84,-8.259,25.434,-7.654,23.569,-7.957,6.334,0.92667,74.342
[SHELL] ccB:181,18985,1,-19.772,24.547,-4.775,21.147,48.414,78.853,23.489,69.786,76.511
[SHELL] ccA:182,3741880899,54432,21.367,14.358,0.000,35.000,1.88401,2.22783,15.92,-8.406,25.577,-7.691,23.403,-7.971,6.333,0.91499,73.902
[SHELL] ccB:182,18999,1,-20.243,23.894,-3.651,24.018,28.209,75.982,21.147,48.414,78.853
[SHELL] ccA:183,3742100839,54433,5.235,11.860,0.000,35.000,2.30663,2.65054,15.87,-8.081,25.628,-7.452,23.634,-7.970,6.336,0.92217,74.342
[SHELL] ccB:183,18969,1,-12.305,2.619,9.686,40.773,21.628,78.372,24.018,28.209,75.982
[SHELL] ccA:184,3742320679,54434,-0.381,16.983,0.000,35.000,2.71686,3.06116,15.76,-7.962,25.524,-7.380,23.656,-7.964,6.336,0.92683,74.342
[SHELL] ccB:184,18889,1,-6.651,-10.211,16.863,61.007,21.841,78.159,40.773,21.628,78.372
[SHELL] ccA:185,3742540687,54435,6.370,17.420,0.000,35.000,3.13999,3.48429,15.76,-8.098,25.514,-7.496,23.620,-7.964,6.334,0.92574,74.342
[SHELL] ccB:185,18893,1,-6.398,-11.879,18.276,76.620,23.380,69.341,61.007,21.841,78.159
[SHELL] ccA:186,3742760683,54436,23.367,20.903,0.000,35.000,3.56414,3.90842,15.76,-8.455,25.440,-7.816,23.516,-7.981,6.329,0.92438,74.342
[SHELL] ccB:186,18891,1,-12.740,-18.439,31.179,78.844,21.156,47.976,76.620,23.380,69.341
[SHELL] ccA:187,3742980707,54437,27.854,16.124,0.000,35.000,3.98637,4.33059,15.84,-8.566,25.535,-7.882,23.494,-8.002,6.328,0.92007,74.342
[SHELL] ccB:187,18903,1,-6.434,-24.093,30.527,75.796,24.204,27.558,78.844,21.156,47.976
[SHELL] ccA:188,3743200679,54438,10.405,11.395,0.000,35.000,4.40689,4.75117,15.78,-8.221,25.633,-7.568,23.597,-8.006,6.331,0.92058,74.342
[SHELL] ccB:188,18889,1,7.738,-15.430,7.693,78.429,41.321,21.571,75.796,24.204,27.558
[SHELL] ccA:189,3743420759,54439,-0.156,10.438,0.000,35.000,4.83019,5.17416,15.78,-8.003,25.656,-7.423,23.796,-8.000,6.337,0.92752,74.782
[SHELL] ccB:189,18929,1,10.347,-3.977,-6.370,78.036,61.911,21.964,78.429,41.321,21.571
[SHELL] ccA:190,3743642751,54440,1.024,11.857,0.000,35.000,5.24976,5.59286,17.08,-8.022,25.632,-7.445,23.789,-7.995,6.342,0.92811,74.782
[SHELL] ccB:190,19925,1,10.710,-0.860,-9.849,68.872,76.732,23.268,78.036,61.911,21.964
[SHELL] ccA:191,3743860763,54441,16.087,21.447,0.000,35.000,5.67017,6.01439,16.04,-8.333,25.435,-7.761,23.688,-8.006,6.338,0.93131,74.782
[SHELL] ccB:191,18931,1,25.497,-5.572,-19.925,47.610,78.835,21.165,68.872,76.732,23.268
[SHELL] ctrlcap v1 armed=0 count=512 clock_hz=550000000 decimation=1
[SHELL] ccA:index,cycles,seq,id,iq,idref,iqref,theta,actangle,age_us,vdreq,vqreq,vd,vq,intd,intq,scale,bus
[SHELL] ccB:index,timer,valid,ia,ib,ic,du,dv,dw,active_u,active_v,active_w
[SHELL] ccA:192,3744080659,54442,27.663,19.171,0.000,35.000,6.10613,0.16695,15.72,-8.587,25.479,-7.961,23.622,-8.027,6.335,0.92710,74.782
[SHELL] ccB:192,18879,1,30.607,-3.180,-27.427,26.380,75.443,24.557,47.610,78.835,21.165
[SHELL] ccA:193,3744300447,54443,9.940,13.197,0.000,35.000,0.23846,0.58289,15.64,-8.236,25.602,-7.634,23.730,-8.031,6.338,0.92687,74.782
[SHELL] ccB:193,18773,1,6.541,9.868,-16.409,21.470,78.530,42.376,26.380,75.443,24.557
[SHELL] ccA:194,3744520603,54444,-7.036,14.162,0.000,35.000,0.65781,1.00234,15.53,-7.883,25.585,-7.340,23.822,-8.019,6.341,0.93110,74.782
[SHELL] ccB:194,18851,1,-14.226,13.093,1.133,22.059,77.941,62.566,21.470,78.530,42.376
[SHELL] ccA:195,3744740811,54445,-2.038,17.098,0.000,35.000,1.08548,1.42964,15.91,-7.976,25.526,-7.434,23.793,-8.011,6.342,0.93209,74.782
[SHELL] ccB:195,18955,1,-16.075,13.383,2.691,23.002,67.703,76.998,22.059,77.941,62.566
[SHELL] ccA:196,3744960807,54446,16.373,23.188,0.000,35.000,1.50461,1.84878,15.91,-8.355,25.399,-7.789,23.679,-8.022,6.336,0.93228,74.782
[SHELL] ccB:196,18953,1,-22.055,26.504,-4.449,21.208,46.394,78.792,23.002,67.703,76.998
[SHELL] ccA:197,3745180911,54447,20.170,17.168,0.000,35.000,1.91453,2.25841,15.91,-8.445,25.520,-7.832,23.665,-8.036,6.336,0.92731,74.782
[SHELL] ccB:197,19005,1,-22.961,22.916,0.045,24.443,26.751,75.557,21.208,46.394,78.792
[SHELL] ccA:198,3745400795,54448,4.061,15.479,0.000,35.000,2.35039,2.69436,15.85,-8.121,25.555,-7.550,23.756,-8.034,6.337,0.92963,74.782
[SHELL] ccB:198,18947,1,-13.864,0.009,13.854,43.046,21.413,78.587,24.443,26.751,75.557
[SHELL] ccA:199,3745620783,54449,-1.318,16.872,0.000,35.000,2.77367,3.11761,15.80,-8.007,25.527,-7.460,23.785,-8.028,6.338,0.93174,74.782
[SHELL] ccB:199,18941,1,-4.839,-11.625,16.464,63.815,22.256,77.744,43.046,21.413,78.587
[SHELL] ccA:200,3745840791,54450,0.662,15.785,0.000,35.000,3.18923,3.53327,15.80,-8.041,25.551,-7.483,23.777,-8.023,6.339,0.93060,74.782
[SHELL] ccB:200,18945,1,0.090,-13.727,13.637,77.111,22.889,67.173,63.815,22.256,77.744
[SHELL] ccA:201,3746060763,54451,13.006,22.580,0.000,35.000,3.61893,3.96317,15.82,-8.296,25.409,-7.736,23.696,-8.030,6.335,0.93258,74.782
[SHELL] ccB:201,18931,1,-1.178,-21.954,23.133,78.751,21.249,45.508,77.111,22.889,67.173
[SHELL] ccA:202,3746280739,54452,18.633,18.123,0.000,35.000,4.04070,4.38493,15.84,-8.421,25.498,-7.771,23.530,-8.042,6.332,0.92283,74.342
[SHELL] ccB:202,18919,1,2.591,-23.694,21.103,75.121,24.879,25.368,78.751,21.249,45.508
[SHELL] ccA:203,3746500735,54453,1.471,15.833,0.000,35.000,4.46422,4.80845,15.84,-8.073,25.544,-7.468,23.629,-8.038,6.332,0.92503,74.342
[SHELL] ccB:203,18917,1,14.986,-12.096,-2.890,78.655,43.944,21.345,75.121,24.879,25.368
[SHELL] ccA:204,3746720747,54454,-7.917,14.485,0.000,35.000,4.88403,5.22825,15.84,-7.871,25.572,-7.333,23.824,-8.024,6.335,0.93165,74.782
[SHELL] ccB:204,18923,1,12.920,2.438,-15.358,77.655,64.339,22.345,78.655,43.944,21.345
[SHELL] ccA:205,3746940763,54455,-5.893,15.706,0.000,35.000,5.30540,5.64962,15.84,-7.901,25.549,-7.321,23.675,-8.013,6.336,0.92662,74.342
[SHELL] ccB:205,18931,1,9.731,6.968,-16.699,66.376,77.275,22.725,77.655,64.339,22.345
[SHELL] ccA:206,3747160731,54456,7.671,24.527,0.000,35.000,5.72819,6.07238,15.79,-8.174,25.365,-7.646,23.726,-8.015,6.330,0.93539,74.782
[SHELL] ccB:206,18915,1,19.444,4.830,-24.274,44.962,78.721,21.279,66.376,77.275,22.725
[SHELL] ccA:207,3747380731,54457,17.340,20.948,0.000,35.000,6.15088,0.21166,15.79,-8.379,25.434,-7.754,23.536,-8.026,6.325,0.92539,74.342
[SHELL] ccB:207,18915,1,19.952,6.026,-25.978,24.909,75.091,25.274,44.962,78.721,21.279
[SHELL] ctrlcap v1 armed=0 count=512 clock_hz=550000000 decimation=1
[SHELL] ccA:index,cycles,seq,id,iq,idref,iqref,theta,actangle,age_us,vdreq,vqreq,vd,vq,intd,intq,scale,bus
[SHELL] ccB:index,timer,valid,ia,ib,ic,du,dv,dw,active_u,active_v,active_w
[SHELL] ccA:208,3747600615,54458,-0.157,13.507,0.000,35.000,0.28662,0.63091,15.97,-8.023,25.585,-7.414,23.645,-8.020,6.327,0.92418,74.342
[SHELL] ccB:208,18857,1,-3.969,13.166,-9.197,21.315,78.685,44.391,24.909,75.091,25.274
[SHELL] ccA:209,3747820807,54459,-8.501,17.151,0.000,35.000,0.71092,1.05502,15.61,-7.841,25.511,-7.281,23.687,-8.006,6.326,0.92851,74.342
[SHELL] ccB:209,18953,1,-17.633,15.268,2.365,22.474,77.526,65.064,21.315,78.685,44.391
[SHELL] ccA:210,3748040939,54460,-4.627,17.988,0.000,35.000,1.13205,1.47607,15.99,-7.909,25.493,-7.342,23.668,-7.995,6.325,0.92841,74.342
[SHELL] ccB:210,19019,1,-18.249,12.115,6.134,22.575,65.610,77.425,22.474,77.526,65.064
[SHELL] ccA:211,3748260907,54461,9.180,23.348,0.000,35.000,1.54528,1.88936,15.99,-8.188,25.379,-7.609,23.584,-7.999,6.319,0.92925,74.342
[SHELL] ccB:211,19003,1,-23.106,20.016,3.090,21.298,44.657,78.702,22.575,65.610,77.425
[SHELL] ccA:212,3748480883,54462,14.814,16.989,0.000,35.000,1.96876,2.31280,15.99,-8.310,25.506,-7.676,23.562,-8.007,6.317,0.92376,74.342
[SHELL] ccB:212,18991,1,-21.402,16.827,4.576,25.424,24.860,75.140,21.298,44.657,78.702
[SHELL] ccA:213,3748700755,54463,-1.486,14.627,0.000,35.000,2.38720,2.73140,15.82,-7.976,25.554,-7.383,23.655,-8.000,6.319,0.92568,74.342
[SHELL] ccB:213,18927,1,-8.935,-5.645,14.579,44.628,21.300,78.700,25.424,24.860,75.140
[SHELL] ccA:214,3748920755,54464,-5.427,15.726,0.000,35.000,2.81037,3.15461,15.82,-7.886,25.533,-7.313,23.677,-7.989,6.320,0.92732,74.342
[SHELL] ccB:214,18927,1,0.018,-14.416,14.398,65.376,22.531,77.469,44.628,21.300,78.700
[SHELL] ccA:215,3749140763,54465,0.800,17.412,0.000,35.000,3.23634,3.58057,15.82,-8.006,25.498,-7.423,23.643,-7.984,6.319,0.92724,74.342
[SHELL] ccB:215,18931,1,0.851,-15.503,14.652,77.544,22.456,64.967,65.376,22.531,77.469
[SHELL] ccA:216,3749360763,54466,12.978,23.502,0.000,35.000,3.64949,3.99373,15.83,-8.256,25.369,-7.669,23.564,-7.991,6.312,0.92885,74.342
[SHELL] ccB:216,18931,1,0.090,-23.295,23.205,78.661,21.339,44.036,77.544,22.456,64.967
[SHELL] ccA:217,3749580859,54467,16.217,17.260,0.000,35.000,4.07353,4.41763,16.16,-8.331,25.494,-7.698,23.555,-8.001,6.310,0.92394,74.342
[SHELL] ccB:217,18979,1,4.186,-22.281,18.095,75.299,25.919,24.701,78.661,21.339,44.036
[SHELL] ccA:218,3749800851,54468,1.862,14.923,0.000,35.000,4.49158,4.83637,16.16,-8.040,25.582,-7.430,23.641,-7.996,6.311,0.92412,74.342
[SHELL] ccB:218,18975,1,14.153,-11.480,-2.673,78.737,45.251,21.263,75.299,25.919,24.701
[SHELL] ccA:219,3750020847,54469,-6.507,12.579,0.000,35.000,4.90827,5.25295,15.84,-7.860,25.632,-7.265,23.692,-7.984,6.314,0.92432,74.342
[SHELL] ccB:219,18973,1,11.072,2.112,-13.184,77.452,65.467,22.548,78.737,45.251,21.263
[SHELL] ccA:220,3750240847,54470,-2.911,12.604,0.000,35.000,5.33196,5.67657,15.84,-7.923,25.634,-7.318,23.676,-7.975,6.317,0.92360,74.342
[SHELL] ccB:220,18973,1,8.571,4.105,-12.676,65.103,77.519,22.481,77.452,65.467,22.548
[SHELL] ccA:221,3750462275,54471,13.801,22.484,0.000,35.000,5.75802,6.10076,15.79,-8.265,25.429,-7.660,23.567,-7.983,6.311,0.92677,74.342
[SHELL] ccB:221,19687,1,23.214,-0.752,-22.462,43.428,78.617,21.383,65.103,77.519,22.481
[SHELL] ccA:222,3750680639,54472,20.403,17.612,0.000,35.000,6.18119,0.24302,15.79,-8.411,25.526,-7.756,23.536,-7.997,6.308,0.92204,74.342
[SHELL] ccB:222,18869,1,22.090,2.329,-24.419,24.473,75.527,26.652,43.428,78.617,21.383
[SHELL] ccA:223,3750900599,54473,1.517,14.517,0.000,35.000,0.31557,0.66050,15.65,-8.028,25.588,-7.419,23.644,-7.992,6.309,0.92403,74.342
[SHELL] ccB:223,18849,1,-3.063,13.891,-10.828,21.231,78.769,45.871,24.473,75.527,26.652
[SHELL] ctrlcap v1 armed=0 count=512 clock_hz=550000000 decimation=1
[SHELL] ccA:index,cycles,seq,id,iq,idref,iqref,theta,actangle,age_us,vdreq,vqreq,vd,vq,intd,intq,scale,bus
[SHELL] ccB:index,timer,valid,ia,ib,ic,du,dv,dw,active_u,active_v,active_w
[SHELL] ccA:224,3751120687,54474,-9.022,15.084,0.000,35.000,0.73329,1.07845,15.60,-7.803,25.577,-7.231,23.702,-7.977,6.310,0.92669,74.342
[SHELL] ccB:224,18893,1,-16.800,12.876,3.924,22.665,77.335,66.076,21.231,78.769,45.871
[SHELL] ccA:225,3751340911,54475,-2.705,17.005,0.000,35.000,1.15622,1.50098,15.97,-7.920,25.538,-7.341,23.668,-7.969,6.310,0.92679,74.342
[SHELL] ccB:225,19005,1,-16.655,12.115,4.540,22.360,64.426,77.640,22.665,77.335,66.076
[SHELL] ccA:226,3751560935,54476,14.916,22.564,0.000,35.000,1.57802,1.92274,15.97,-8.282,25.421,-7.676,23.562,-7.978,6.304,0.92687,74.342
[SHELL] ccB:226,19017,1,-22.671,24.112,-1.441,21.428,42.860,78.572,22.360,64.426,77.640
[SHELL] ccA:227,3751780891,54477,17.000,15.915,0.000,35.000,2.00019,2.34486,15.92,-8.335,25.554,-7.684,23.559,-7.988,6.303,0.92193,74.342
[SHELL] ccB:227,18995,1,-21.547,18.421,3.126,26.846,24.414,75.586,21.428,42.860,78.572
[SHELL] ccA:228,3752000739,54478,1.144,16.552,0.000,35.000,2.42577,2.77077,15.81,-8.012,25.540,-7.418,23.644,-7.983,6.302,0.92579,74.342
[SHELL] ccB:228,18919,1,-11.725,-4.304,16.029,46.661,21.197,78.803,26.846,24.414,75.586
[SHELL] ccA:229,3752220735,54479,-5.179,17.715,0.000,35.000,2.84829,3.19330,15.81,-7.875,25.515,-7.308,23.679,-7.972,6.301,0.92803,74.342
[SHELL] ccB:229,18917,1,-0.164,-15.902,16.065,67.195,22.893,77.107,46.661,21.197,78.803
[SHELL] ccA:230,3752440735,54480,1.140,17.615,0.000,35.000,3.26682,3.61182,15.81,-7.996,25.516,-7.411,23.647,-7.968,6.300,0.92674,74.342
[SHELL] ccB:230,18917,1,1.069,-15.793,14.724,77.796,22.204,63.494,67.195,22.893,77.107
[SHELL] ccA:231,3752660715,54481,13.331,22.537,0.000,35.000,3.69857,4.04358,15.81,-8.248,25.411,-7.650,23.570,-7.975,6.294,0.92755,74.342
[SHELL] ccB:231,18907,1,0.598,-22.969,22.372,78.458,21.542,41.609,77.796,22.204,63.494
[SHELL] ccA:232,3752880727,54482,15.445,15.412,0.000,35.000,4.11262,4.45760,15.83,-8.299,25.555,-7.654,23.569,-7.984,6.294,0.92228,74.342
[SHELL] ccB:232,18913,1,4.004,-20.577,16.573,75.811,27.607,24.189,78.458,21.542,41.609
[SHELL] ccA:233,3753100739,54483,-0.544,13.707,0.000,35.000,4.52728,4.87225,15.83,-7.973,25.591,-7.371,23.659,-7.978,6.296,0.92452,74.342
[SHELL] ccB:233,18919,1,13.573,-8.508,-5.065,78.813,46.916,21.187,75.811,27.607,24.189
[SHELL] ccA:234,3753320799,54484,-6.909,12.418,0.000,35.000,4.94484,5.28960,15.83,-7.832,25.620,-7.245,23.698,-7.965,6.299,0.92499,74.342
[SHELL] ccB:234,18949,1,10.492,3.054,-13.546,77.114,67.159,22.886,78.813,46.916,21.187
[SHELL] ccA:235,3753540839,54485,-1.340,13.029,0.000,35.000,5.37170,5.71638,15.83,-7.937,25.610,-7.335,23.670,-7.957,6.302,0.92425,74.342
[SHELL] ccB:235,18969,1,9.477,3.090,-12.567,63.158,77.850,22.150,77.114,67.159,22.886
[SHELL] ccA:236,3753760767,54486,14.879,22.014,0.000,35.000,5.80067,6.14549,15.78,-8.270,25.424,-7.665,23.565,-7.966,6.296,0.92689,74.342
[SHELL] ccB:236,18933,1,23.395,-0.788,-22.607,41.207,78.418,21.582,63.158,77.850,22.150
[SHELL] ccA:237,3753980671,54487,14.941,14.621,0.000,35.000,6.22104,0.28267,15.78,-8.280,25.574,-7.633,23.576,-7.975,6.296,0.92188,74.342
[SHELL] ccB:237,18885,1,15.820,3.924,-19.744,24.024,75.976,28.188,41.207,78.418,21.582
[SHELL] ccA:238,3754200551,54488,-4.474,14.729,0.000,35.000,0.35651,0.70166,15.65,-7.881,25.572,-7.298,23.682,-7.964,6.298,0.92608,74.342
[SHELL] ccB:238,18825,1,-9.333,15.268,-5.935,21.164,78.836,47.671,24.024,75.976,28.188
[SHELL] ccA:239,3754420967,54489,-10.815,15.661,0.000,35.000,0.78509,1.12984,16.02,-7.737,25.554,-7.181,23.717,-7.948,6.299,0.92814,74.342
[SHELL] ccB:239,19033,1,-18.720,12.332,6.388,23.156,76.844,68.391,21.164,78.836,47.671
[SHELL] ctrlcap v1 armed=0 count=512 clock_hz=550000000 decimation=1
[SHELL] ccA:index,cycles,seq,id,iq,idref,iqref,theta,actangle,age_us,vdreq,vqreq,vd,vq,intd,intq,scale,bus
[SHELL] ccB:index,timer,valid,ia,ib,ic,du,dv,dw,active_u,active_v,active_w
[SHELL] ccA:240,3754640983,54490,-3.194,18.304,0.000,35.000,1.20886,1.55362,16.05,-7.881,25.499,-7.317,23.676,-7.939,6.297,0.92849,74.342
[SHELL] ccB:240,19041,1,-18.249,12.151,6.098,21.967,61.934,78.033,23.156,76.844,68.391
[SHELL] ccA:241,3754860983,54491,9.050,23.578,0.000,35.000,1.62223,1.96701,16.05,-8.129,25.387,-7.557,23.600,-7.943,6.291,0.92963,74.342
[SHELL] ccB:241,19041,1,-24.012,18.784,5.228,21.612,40.925,78.388,21.967,61.934,78.033
[SHELL] ccA:242,3755080887,54492,9.608,17.130,0.000,35.000,2.04467,2.38948,16.00,-8.144,25.516,-7.535,23.607,-7.946,6.289,0.92520,74.342
[SHELL] ccB:242,18993,1,-19.627,10.448,9.179,28.561,23.921,76.079,21.612,40.925,78.388
[SHELL] ccA:243,3755301087,54493,-2.130,18.601,0.000,35.000,2.46959,2.81441,16.20,-7.901,25.484,-7.339,23.669,-7.938,6.288,0.92879,74.342
[SHELL] ccB:243,19093,1,-9.913,-8.798,18.711,48.674,21.143,78.857,28.561,23.921,76.079
[SHELL] ccA:244,3755520427,54494,-6.080,17.970,0.000,35.000,2.89082,3.23600,15.81,-7.811,25.495,-7.259,23.694,-7.927,6.287,0.92934,74.342
[SHELL] ccB:244,18763,1,1.431,-17.098,15.667,69.087,23.319,76.681,48.674,21.143,78.857
[SHELL] ccA:245,3755740419,54495,-0.190,17.957,0.000,35.000,3.30644,3.65139,15.49,-7.923,25.494,-7.354,23.664,-7.921,6.285,0.92821,74.342
[SHELL] ccB:245,18759,1,3.135,-16.880,13.746,78.067,21.933,61.696,69.087,23.319,76.681
[SHELL] ccA:246,3755960407,54496,12.823,22.872,0.000,35.000,3.73351,4.07848,15.49,-8.190,25.390,-7.608,23.584,-7.928,6.280,0.92887,74.342
[SHELL] ccB:246,18753,1,2.120,-23.694,21.574,78.282,21.718,39.982,78.067,21.933,61.696
[SHELL] ccA:247,3756180331,54497,13.770,15.216,0.000,35.000,4.15165,4.49694,15.51,-8.217,25.545,-7.588,23.590,-7.935,6.280,0.92348,74.342
[SHELL] ccB:247,18715,1,5.563,-19.888,14.326,76.266,29.255,23.734,78.282,21.718,39.982
[SHELL] ccA:248,3756400363,54498,0.950,14.679,0.000,35.000,4.57366,4.91889,15.51,-7.955,25.556,-7.322,23.521,-7.930,6.280,0.92035,73.902
[SHELL] ccB:248,18731,1,14.406,-9.776,-4.630,78.864,49.234,21.136,76.266,29.255,23.734
[SHELL] ccA:249,3756620343,54499,-9.498,10.820,0.000,35.000,4.98941,5.33468,15.51,-7.730,25.637,-7.154,23.725,-7.915,6.285,0.92543,74.342
[SHELL] ccB:249,18721,1,7.810,6.570,-14.380,76.683,69.081,23.317,78.864,49.234,21.136
[SHELL] ccA:250,3756840439,54500,-5.995,12.581,0.000,35.000,5.41077,5.75578,15.51,-7.789,25.605,-7.169,23.568,-7.902,6.287,0.92042,73.902
[SHELL] ccB:250,18769,1,5.780,8.092,-13.872,61.502,78.093,21.907,76.683,69.081,23.317
[SHELL] ccA:251,3757060367,54501,11.462,22.167,0.000,35.000,5.83152,6.17673,15.51,-8.143,25.406,-7.564,23.598,-7.908,6.282,0.92884,74.342
[SHELL] ccB:251,18733,1,19.988,2.945,-22.933,39.884,78.271,21.729,61.502,78.093,21.907
[SHELL] ccA:252,3757280391,54502,14.814,15.920,0.000,35.000,6.24198,0.30405,15.51,-8.219,25.532,-7.549,23.449,-7.916,6.280,0.91841,73.902
[SHELL] ccB:252,18745,1,15.457,5.518,-20.976,23.781,76.219,29.079,39.884,78.271,21.729
[SHELL] ccA:253,3757500435,54503,2.926,16.489,0.000,35.000,0.38385,0.72888,15.52,-7.978,25.518,-7.350,23.512,-7.913,6.278,0.92137,73.902
[SHELL] ccB:253,18767,1,-3.462,15.920,-12.459,21.136,78.864,49.234,23.781,76.219,29.079
[SHELL] ccA:254,3757720839,54504,-4.231,15.868,0.000,35.000,0.79602,1.14071,15.89,-7.824,25.530,-7.261,23.693,-7.903,6.279,0.92805,74.342
[SHELL] ccB:254,18969,1,-14.299,14.145,0.154,23.310,76.690,69.051,21.136,78.864,49.234
[SHELL] ccA:255,3757940731,54505,1.773,16.858,0.000,35.000,1.22743,1.57242,15.84,-7.940,25.510,-7.365,23.661,-7.899,6.279,0.92752,74.342
[SHELL] ccB:255,18915,1,-15.277,14.000,1.278,21.830,60.922,78.170,23.310,76.690,69.051
[SHELL] ctrlcap v1 armed=0 count=512 clock_hz=550000000 decimation=1
[SHELL] ccA:index,cycles,seq,id,iq,idref,iqref,theta,actangle,age_us,vdreq,vqreq,vd,vq,intd,intq,scale,bus
[SHELL] ccB:index,timer,valid,ia,ib,ic,du,dv,dw,active_u,active_v,active_w
[SHELL] ccA:256,3758160783,54506,17.813,20.301,0.000,35.000,1.63721,1.98218,15.84,-8.273,25.437,-7.664,23.566,-7.911,6.275,0.92642,74.342
[SHELL] ccB:256,18941,1,-21.439,24.945,-3.506,21.721,39.957,78.279,21.830,60.922,78.170
[SHELL] ccA:257,3758380739,54507,15.583,12.574,0.000,35.000,2.06112,2.40606,15.87,-8.238,25.595,-7.592,23.589,-7.920,6.277,0.92161,74.342
[SHELL] ccB:257,18919,1,-18.431,15.993,2.438,29.423,23.690,76.310,21.721,39.957,78.279
[SHELL] ccA:258,3758600671,54508,4.815,15.791,0.000,35.000,2.47990,2.82495,15.76,-8.021,25.530,-7.428,23.641,-7.919,6.277,0.92601,74.342
[SHELL] ccB:258,18885,1,-13.501,-1.477,14.978,49.388,21.135,78.865,29.423,23.690,76.310
[SHELL] ccA:259,3758820695,54509,2.146,16.736,0.000,35.000,2.89644,3.24147,15.76,-7.964,25.511,-7.384,23.655,-7.915,6.277,0.92725,74.342
[SHELL] ccB:259,18897,1,-6.144,-10.538,16.681,69.585,23.439,76.561,49.388,21.135,78.865
[SHELL] ccA:260,3759040699,54510,10.266,15.862,0.000,35.000,3.31702,3.66201,15.76,-8.131,25.529,-7.520,23.612,-7.919,6.277,0.92492,74.342
[SHELL] ccB:260,18899,1,-7.340,-11.407,18.747,78.182,21.818,60.835,69.585,23.439,76.561
[SHELL] ccA:261,3759260759,54511,24.677,19.389,0.000,35.000,3.74687,4.09164,15.76,-8.438,25.455,-7.797,23.522,-7.938,6.273,0.92408,74.342
[SHELL] ccB:261,18929,1,-9.261,-21.338,30.599,78.153,21.847,38.946,78.182,21.818,60.835
[SHELL] ccA:262,3759480779,54512,20.671,12.076,0.000,35.000,4.17077,4.51547,15.78,-8.372,25.604,-7.701,23.554,-7.952,6.276,0.91990,74.342
[SHELL] ccB:262,18939,1,-0.309,-20.577,20.886,76.538,30.321,23.462,78.153,21.847,38.946
[SHELL] ccA:263,3759700751,54513,4.237,13.617,0.000,35.000,4.58909,4.93391,15.78,-8.041,25.575,-7.432,23.640,-7.950,6.278,0.92435,74.342
[SHELL] ccB:263,18925,1,12.993,-11.589,-1.404,78.867,50.127,21.133,76.538,30.321,23.462
[SHELL] ccA:264,3759920679,54514,-2.937,10.667,0.000,35.000,5.01072,5.35575,15.78,-7.888,25.639,-7.287,23.685,-7.941,6.283,0.92380,74.342
[SHELL] ccB:264,18889,1,9.332,0.481,-9.813,76.379,70.307,23.621,78.867,50.127,21.133
[SHELL] ccA:265,3760140671,54515,2.635,13.242,0.000,35.000,5.43313,5.77817,15.78,-7.996,25.589,-7.391,23.653,-7.937,6.285,0.92432,74.342
[SHELL] ccB:265,18885,1,11.688,0.009,-11.698,60.039,78.280,21.720,76.379,70.307,23.621
[SHELL] ccA:266,3760360639,54516,19.218,21.353,0.000,35.000,5.85026,6.19534,15.72,-8.341,25.421,-7.771,23.685,-7.951,6.281,0.93170,74.782
[SHELL] ccB:266,18869,1,26.403,-3.397,-23.006,38.641,78.113,21.887,60.039,78.280,21.720
[SHELL] ccA:267,3760580595,54517,19.612,16.093,0.000,35.000,6.27781,0.33948,15.72,-8.363,25.528,-7.760,23.689,-7.964,6.282,0.92794,74.782
[SHELL] ccB:267,18847,1,19.698,3.996,-23.694,23.313,76.687,30.938,38.641,78.113,21.887
[SHELL] ccA:268,3760800651,54518,5.968,16.397,0.000,35.000,0.41666,0.76273,15.59,-8.090,25.571,-7.519,23.766,-7.965,6.282,0.92944,74.782
[SHELL] ccB:268,18875,1,-1.178,15.667,-14.488,21.139,78.861,51.097,23.313,76.687,30.938
[SHELL] ccA:269,3761020935,54519,-3.177,15.728,0.000,35.000,0.84395,1.18936,15.96,-7.898,25.585,-7.353,23.818,-7.956,6.284,0.93094,74.782
[SHELL] ccB:269,19017,1,-13.864,13.927,-0.063,23.902,76.098,71.368,21.139,78.861,51.097
[SHELL] ccA:270,3761240827,54520,2.779,16.926,0.000,35.000,1.25698,1.60276,15.91,-8.014,25.562,-7.458,23.786,-7.953,6.284,0.93052,74.782
[SHELL] ccB:270,18963,1,-15.241,14.434,0.807,21.640,59.335,78.360,23.902,76.098,71.368
[SHELL] ccA:271,3761460815,54521,16.499,21.400,0.000,35.000,1.67482,2.02049,15.91,-8.300,25.468,-7.724,23.700,-7.964,6.280,0.93060,74.782
[SHELL] ccB:271,18957,1,-22.997,23.785,-0.788,21.968,38.060,78.032,21.640,59.335,78.360
[SHELL] ctrlcap v1 armed=0 count=512 clock_hz=550000000 decimation=1
[SHELL] ccA:index,cycles,seq,id,iq,idref,iqref,theta,actangle,age_us,vdreq,vqreq,vd,vq,intd,intq,scale,bus
[SHELL] ccB:index,timer,valid,ia,ib,ic,du,dv,dw,active_u,active_v,active_w
[SHELL] ccA:272,3761680819,54522,14.916,15.218,0.000,35.000,2.10219,2.44775,15.85,-8.277,25.594,-7.671,23.718,-7.973,6.281,0.92670,74.782
[SHELL] ccB:272,18959,1,-20.678,14.797,5.881,31.405,23.203,76.797,21.968,38.060,78.032
[SHELL] ccA:273,3761900795,54523,4.468,17.593,0.000,35.000,2.52735,2.87291,15.80,-8.067,25.545,-7.506,23.770,-7.972,6.281,0.93053,74.782
[SHELL] ccB:273,18947,1,-13.791,-3.325,17.116,51.859,21.152,78.848,31.405,23.203,76.797
[SHELL] ccA:274,3762120787,54524,-0.867,17.052,0.000,35.000,2.94266,3.28828,15.80,-7.954,25.556,-7.407,23.801,-7.965,6.281,0.93134,74.782
[SHELL] ccB:274,18943,1,-2.519,-13.365,15.884,71.677,23.986,76.014,51.859,21.152,78.848
[SHELL] ccA:275,3762340763,54525,6.132,18.157,0.000,35.000,3.37542,3.72129,15.80,-8.094,25.533,-7.533,23.762,-7.966,6.280,0.93063,74.782
[SHELL] ccB:275,18931,1,-1.758,-15.648,17.406,78.496,21.504,57.991,71.677,23.986,76.014
[SHELL] ccA:276,3762560807,54526,16.814,21.549,0.000,35.000,3.78759,4.13325,15.82,-8.319,25.461,-7.696,23.555,-7.977,6.275,0.92515,74.342
[SHELL] ccB:276,18953,1,-0.454,-23.440,23.894,77.895,22.105,37.133,78.496,21.504,57.991
[SHELL] ccA:277,3762780735,54527,12.974,15.605,0.000,35.000,4.22248,4.56834,15.84,-8.249,25.580,-7.650,23.724,-7.984,6.276,0.92744,74.782
[SHELL] ccB:277,18917,1,7.665,-20.106,12.441,77.060,32.587,22.940,77.895,22.105,37.133
[SHELL] ccA:278,3763000767,54528,0.943,18.901,0.000,35.000,4.64367,4.98946,15.84,-8.003,25.512,-7.461,23.784,-7.979,6.274,0.93229,74.782
[SHELL] ccB:278,18933,1,18.792,-11.335,-7.457,78.820,52.871,21.180,77.060,32.587,22.940
[SHELL] ccA:279,3763220763,54529,-8.135,14.829,0.000,35.000,5.06208,5.40782,15.84,-7.808,25.596,-7.273,23.843,-7.966,6.277,0.93149,74.782
[SHELL] ccB:279,18931,1,11.144,5.446,-16.590,75.765,72.551,24.235,78.820,52.871,21.180
[SHELL] ccA:280,3763440779,54530,-3.190,16.713,0.000,35.000,5.48574,5.83147,15.84,-7.899,25.559,-7.360,23.816,-7.957,6.278,0.93180,74.782
[SHELL] ccB:280,18939,1,9.731,7.222,-16.953,57.571,78.535,21.465,75.765,72.551,24.235
[SHELL] ccA:281,3763660723,54531,13.201,23.644,0.000,35.000,5.90687,6.25276,15.79,-8.234,25.415,-7.638,23.574,-7.964,6.271,0.92759,74.342
[SHELL] ccB:281,18911,1,20.967,4.359,-25.325,36.043,77.720,22.280,57.571,78.535,21.465
[SHELL] ccA:282,3763880631,54532,10.859,17.351,0.000,35.000,0.03742,0.38330,15.83,-8.192,25.540,-7.569,23.596,-7.969,6.269,0.92391,74.342
[SHELL] ccB:282,18865,1,10.202,10.266,-20.469,22.917,77.083,32.691,36.043,77.720,22.280
[SHELL] ccA:283,3764100755,54533,0.379,19.128,0.000,35.000,0.46543,0.81145,15.67,-7.977,25.501,-7.398,23.651,-7.963,6.266,0.92745,74.342
[SHELL] ccB:283,18927,1,-8.246,19.074,-10.828,21.198,78.802,53.368,22.917,77.083,32.691
[SHELL] ccA:284,3764320975,54534,-5.770,18.379,0.000,35.000,0.88125,1.22679,16.04,-7.842,25.514,-7.281,23.687,-7.952,6.265,0.92840,74.342
[SHELL] ccB:284,19037,1,-17.851,15.196,2.655,24.365,75.635,72.991,21.198,78.802,53.368
[SHELL] ccA:285,3764540895,54535,2.091,19.645,0.000,35.000,1.30842,1.65414,15.99,-7.996,25.485,-7.418,23.644,-7.948,6.262,0.92775,74.342
[SHELL] ccB:285,18997,1,-18.431,15.377,3.054,21.400,56.791,78.600,24.365,75.635,72.991
[SHELL] ccA:286,3764760879,54536,13.660,20.650,0.000,35.000,1.72728,2.07301,15.99,-8.235,25.461,-7.626,23.578,-7.956,6.257,0.92603,74.342
[SHELL] ccB:286,18989,1,-22.526,20.161,2.365,22.350,35.633,77.650,21.400,56.791,78.600
[SHELL] ccA:287,3764980839,54537,5.755,14.397,0.000,35.000,2.14801,2.49368,15.93,-8.077,25.588,-7.459,23.631,-7.955,6.258,0.92353,74.342
[SHELL] ccB:287,18969,1,-15.205,4.975,10.230,33.224,22.806,77.194,22.350,35.633,77.650
[SHELL] ctrlcap v1 armed=0 count=512 clock_hz=550000000 decimation=1
[SHELL] ccA:index,cycles,seq,id,iq,idref,iqref,theta,actangle,age_us,vdreq,vqreq,vd,vq,intd,intq,scale,bus
[SHELL] ccB:index,timer,valid,ia,ib,ic,du,dv,dw,active_u,active_v,active_w
[SHELL] ccA:288,3765200859,54538,-3.758,17.842,0.000,35.000,2.56276,2.90829,15.82,-7.877,25.517,-7.309,23.678,-7.946,6.257,0.92795,74.342
[SHELL] ccB:288,18979,1,-6.615,-11.407,18.022,53.303,21.196,78.804,33.224,22.806,77.194
[SHELL] ccA:289,3765420851,54539,-2.858,16.520,0.000,35.000,2.99297,3.33855,15.82,-7.886,25.543,-7.310,23.678,-7.937,6.257,0.92697,74.342
[SHELL] ccB:289,18975,1,0.380,-14.706,14.326,73.814,24.617,75.383,53.303,21.196,78.804
[SHELL] ccA:290,3765640815,54540,6.893,18.817,0.000,35.000,3.40489,3.75055,15.82,-8.082,25.495,-7.488,23.622,-7.938,6.254,0.92654,74.342
[SHELL] ccB:290,18957,1,-1.758,-16.409,18.167,78.619,21.381,56.544,73.814,24.617,75.383
[SHELL] ccA:291,3765860855,54541,13.680,21.135,0.000,35.000,3.83943,4.18494,15.82,-8.226,25.444,-7.623,23.579,-7.946,6.250,0.92672,74.342
[SHELL] ccB:291,18977,1,3.098,-23.187,20.088,77.502,22.498,34.803,78.619,21.381,56.544
[SHELL] ccA:292,3766080835,54542,9.573,14.863,0.000,35.000,4.25069,4.59620,15.84,-8.147,25.571,-7.523,23.611,-7.949,6.250,0.92337,74.342
[SHELL] ccB:292,18967,1,9.042,-17.678,8.635,77.297,33.734,22.703,77.502,22.498,34.803
[SHELL] ccA:293,3766300739,54543,-1.918,16.084,0.000,35.000,4.67391,5.01977,15.84,-7.909,25.545,-7.286,23.532,-7.941,6.249,0.92118,73.902
[SHELL] ccB:293,18919,1,16.146,-6.949,-9.197,78.766,54.197,21.234,77.297,33.734,22.703
[SHELL] ccA:294,3766520743,54544,-6.324,13.332,0.000,35.000,5.09035,5.43621,15.84,-7.808,25.602,-7.229,23.703,-7.929,6.252,0.92581,74.342
[SHELL] ccB:294,18921,1,10.057,4.322,-14.380,75.385,73.807,24.615,78.766,54.197,21.234
[SHELL] ccA:295,3766740707,54545,0.377,15.199,0.000,35.000,5.50952,5.85543,15.79,-7.937,25.566,-7.347,23.666,-7.924,6.252,0.92571,74.342
[SHELL] ccB:295,18903,1,10.891,3.743,-14.633,56.320,78.636,21.364,75.385,73.807,24.615
[SHELL] ccA:296,3766960723,54546,17.341,21.513,0.000,35.000,5.93443,6.28029,15.79,-8.288,25.434,-7.678,23.561,-7.935,6.247,0.92638,74.342
[SHELL] ccB:296,18911,1,23.649,0.553,-24.202,34.646,77.473,22.527,56.320,78.636,21.364
[SHELL] ccA:297,3767180603,54547,12.434,12.869,0.000,35.000,0.06448,0.41040,15.76,-8.196,25.610,-7.553,23.601,-7.941,6.249,0.92157,74.342
[SHELL] ccB:297,18851,1,11.579,6.026,-17.605,22.663,77.337,33.937,34.646,77.473,22.527
[SHELL] ccA:298,3767400827,54548,1.292,16.982,0.000,35.000,0.49336,0.83908,15.65,-7.968,25.526,-7.384,23.655,-7.936,6.249,0.92671,74.342
[SHELL] ccB:298,18963,1,-6.905,16.935,-10.030,21.261,78.739,54.716,22.663,77.337,33.937
[SHELL] ccA:299,3767621031,54549,-2.616,16.682,0.000,35.000,0.91365,1.25903,16.03,-7.881,25.531,-7.309,23.678,-7.928,6.248,0.92741,74.342
[SHELL] ccB:299,19065,1,-14.806,14.434,0.372,24.824,75.176,74.463,21.261,78.739,54.716
[SHELL] ccA:300,3767840991,54550,5.492,17.023,0.000,35.000,1.35573,1.70112,15.97,-8.043,25.524,-7.448,23.635,-7.927,6.247,0.92599,74.342
[SHELL] ccB:300,19045,1,-15.459,15.522,-0.063,21.244,54.394,78.756,24.824,75.176,74.463
[SHELL] ccA:301,3768060851,54551,11.415,18.423,0.000,35.000,1.76017,2.10591,15.97,-8.167,25.494,-7.560,23.599,-7.933,6.245,0.92569,74.342
[SHELL] ccB:301,18975,1,-20.243,16.827,3.416,22.612,34.198,77.388,21.244,54.394,78.756
[SHELL] ccA:302,3768280795,54552,2.148,12.556,0.000,35.000,2.18332,2.52910,15.92,-7.978,25.614,-7.369,23.660,-7.929,6.248,0.92368,74.342
[SHELL] ccB:302,18947,1,-11.508,1.024,10.484,34.721,22.513,77.487,22.612,34.198,77.388
[SHELL] ccA:303,3768500847,54553,-3.314,19.563,0.000,35.000,2.60073,2.94635,15.81,-7.859,25.470,-7.307,23.679,-7.920,6.245,0.92967,74.342
[SHELL] ccB:303,18973,1,-7.231,-12.386,19.617,55.194,21.289,78.711,34.721,22.513,77.487
[SHELL] ctrlcap v1 armed=0 count=512 clock_hz=550000000 decimation=1
[SHELL] ccA:index,cycles,seq,id,iq,idref,iqref,theta,actangle,age_us,vdreq,vqreq,vd,vq,intd,intq,scale,bus
[SHELL] ccB:index,timer,valid,ia,ib,ic,du,dv,dw,active_u,active_v,active_w
[SHELL] ccA:304,3768720731,54554,-1.139,19.319,0.000,35.000,3.01990,3.36579,15.81,-7.896,25.473,-7.337,23.670,-7.913,6.243,0.92920,74.342
[SHELL] ccB:304,18915,1,-1.215,-16.119,17.334,75.017,24.983,74.948,55.194,21.289,78.711
[SHELL] ccA:305,3768940735,54555,9.722,19.509,0.000,35.000,3.44779,3.79367,15.81,-8.117,25.467,-7.526,23.610,-7.917,6.240,0.92711,74.342
[SHELL] ccB:305,18917,1,-3.389,-16.953,20.342,78.759,21.241,54.322,75.017,24.983,74.948
[SHELL] ccA:306,3769160739,54556,18.084,18.855,0.000,35.000,3.87765,4.22345,15.81,-8.297,25.477,-7.673,23.563,-7.929,6.237,0.92485,74.342
[SHELL] ccB:306,18919,1,-0.744,-22.244,22.988,77.122,22.878,32.879,78.759,21.241,54.322
[SHELL] ccA:307,3769380811,54557,6.340,11.846,0.000,35.000,4.28347,4.62910,15.83,-8.062,25.621,-7.438,23.638,-7.929,6.240,0.92259,74.342
[SHELL] ccB:307,18955,1,8.136,-13.328,5.192,77.561,35.127,22.439,77.122,22.878,32.879
[SHELL] ccA:308,3769600735,54558,-2.678,13.923,0.000,35.000,4.70793,5.05380,15.83,-7.873,25.581,-7.289,23.684,-7.921,6.242,0.92585,74.342
[SHELL] ccB:308,18917,1,13.935,-4.702,-9.233,78.672,55.806,21.328,77.561,35.127,22.439
[SHELL] ccA:309,3769820819,54559,-4.746,11.003,0.000,35.000,5.13369,5.47923,15.83,-7.821,25.645,-7.229,23.703,-7.910,6.247,0.92429,74.342
[SHELL] ccB:309,18959,1,8.100,3.598,-11.698,74.319,75.223,24.777,78.672,55.806,21.328
[SHELL] ccA:310,3770040799,54560,1.987,15.753,0.000,35.000,5.56429,5.90987,15.78,-7.952,25.549,-7.364,23.661,-7.906,6.247,0.92610,74.342
[SHELL] ccB:310,18949,1,11.869,3.199,-15.068,53.576,78.794,21.206,74.319,75.223,24.777
[SHELL] ccA:311,3770260699,54561,13.941,18.409,0.000,35.000,5.97256,0.03528,15.78,-8.199,25.494,-7.587,23.591,-7.914,6.245,0.92535,74.342
[SHELL] ccB:311,18899,1,18.901,2.039,-20.940,33.023,77.153,22.847,53.576,78.794,21.206
[SHELL] ccA:312,3770480587,54562,3.987,13.060,0.000,35.000,0.11619,0.46213,15.76,-7.998,25.604,-7.388,23.654,-7.912,6.247,0.92383,74.342
[SHELL] ccB:312,18843,1,2.446,10.411,-12.857,22.275,77.725,36.071,33.023,77.153,22.847
[SHELL] ccA:313,3770700763,54563,-6.008,16.382,0.000,35.000,0.53982,0.88590,15.60,-7.786,25.536,-7.227,23.703,-7.900,6.248,0.92822,74.342
[SHELL] ccB:313,18931,1,-13.574,16.283,-2.709,21.394,78.606,56.711,22.275,77.725,36.071
[SHELL] ccA:314,3770920983,54564,-7.932,17.163,0.000,35.000,0.96099,1.30669,16.08,-7.734,25.520,-7.187,23.716,-7.887,6.247,0.92928,74.342
[SHELL] ccB:314,19041,1,-18.612,12.187,6.424,24.576,73.684,75.424,21.394,78.606,56.711
[SHELL] ccA:315,3771140979,54565,2.105,20.298,0.000,35.000,1.38398,1.72964,16.05,-7.931,25.454,-7.371,23.659,-7.883,6.244,0.92946,74.342
[SHELL] ccB:315,19039,1,-19.554,14.833,4.721,21.189,53.134,78.811,24.576,73.684,75.424
[SHELL] ccA:316,3771361055,54566,13.175,20.881,0.000,35.000,1.80843,2.15380,16.05,-8.160,25.439,-7.569,23.596,-7.891,6.240,0.92757,74.342
[SHELL] ccB:316,19077,1,-23.396,18.530,4.866,23.084,31.929,76.916,21.189,53.134,78.811
[SHELL] ccA:317,3771580947,54567,2.521,14.098,0.000,35.000,2.22765,2.57314,16.00,-7.943,25.577,-7.350,23.666,-7.887,6.242,0.92527,74.342
[SHELL] ccB:317,19023,1,-12.704,0.626,12.078,36.792,22.158,77.842,23.084,31.929,76.916
[SHELL] ccA:318,3771800579,54568,-8.001,18.250,0.000,35.000,2.64553,2.99198,16.08,-7.719,25.535,-7.171,23.721,-7.874,6.240,0.92893,74.342
[SHELL] ccB:318,18839,1,-1.650,-16.373,18.022,57.172,21.431,78.569,36.792,22.158,77.842
[SHELL] ccA:319,3772020307,54569,-4.664,17.013,0.000,35.000,3.06936,3.41635,15.49,-7.776,25.560,-7.212,23.708,-7.863,6.240,0.92755,74.342
[SHELL] ccB:319,18703,1,3.425,-16.699,13.274,75.644,24.356,72.961,57.172,21.431,78.569
[SHELL] ctrlcap v1 armed=0 count=512 clock_hz=550000000 decimation=1
[SHELL] ccA:index,cycles,seq,id,iq,idref,iqref,theta,actangle,age_us,vdreq,vqreq,vd,vq,intd,intq,scale,bus
[SHELL] ccB:index,timer,valid,ia,ib,ic,du,dv,dw,active_u,active_v,active_w
[SHELL] ccA:320,3772240307,54570,6.792,20.356,0.000,35.000,3.49486,3.84185,15.49,-8.006,25.489,-7.426,23.642,-7.864,6.236,0.92753,74.342
[SHELL] ccB:320,18703,1,0.670,-18.910,18.240,78.841,21.159,52.130,75.644,24.356,72.961
[SHELL] ccA:321,3772460335,54571,16.365,19.403,0.000,35.000,3.91299,4.25996,15.49,-8.208,25.505,-7.591,23.589,-7.874,6.232,0.92488,74.342
[SHELL] ccB:321,18717,1,1.794,-22.824,21.031,76.781,23.219,31.337,78.841,21.159,52.130
[SHELL] ccA:322,3772680331,54572,3.745,12.257,0.000,35.000,4.33130,4.67826,15.51,-7.953,25.652,-7.338,23.669,-7.872,6.235,0.92271,74.342
[SHELL] ccB:322,18715,1,9.985,-11.951,1.966,77.919,37.287,22.081,76.781,23.219,31.337
[SHELL] ccA:323,3772900343,54573,-5.327,13.451,0.000,35.000,4.74914,5.09610,15.51,-7.760,25.630,-7.181,23.717,-7.861,6.238,0.92539,74.342
[SHELL] ccB:323,18721,1,13.247,-1.585,-11.661,78.525,57.676,21.475,77.919,37.287,22.081
[SHELL] ccA:324,3773120395,54574,-8.179,11.128,0.000,35.000,5.16484,5.51164,15.51,-7.689,25.681,-7.108,23.739,-7.847,6.242,0.92440,74.342
[SHELL] ccB:324,18747,1,6.433,7.367,-13.800,73.117,75.597,24.403,78.525,57.676,21.475
[SHELL] ccA:325,3773340423,54575,1.387,17.020,0.000,35.000,5.59301,5.93970,15.51,-7.876,25.561,-7.254,23.542,-7.842,6.240,0.92099,73.902
[SHELL] ccB:325,18761,1,11.906,4.649,-16.554,52.229,78.839,21.161,73.117,75.597,24.403
[SHELL] ccA:326,3773560535,54576,17.904,19.080,0.000,35.000,6.00522,0.06867,15.51,-8.218,25.516,-7.597,23.587,-7.854,6.237,0.92442,74.342
[SHELL] ccB:326,18817,1,22.453,0.408,-22.861,31.442,76.806,23.194,52.229,78.839,21.161
[SHELL] ccA:327,3773780515,54577,7.752,13.841,0.000,35.000,0.13757,0.48419,15.57,-8.017,25.623,-7.399,23.650,-7.855,6.238,0.92302,74.342
[SHELL] ccB:327,18807,1,5.780,9.904,-15.684,22.101,77.899,37.157,31.442,76.806,23.194
[SHELL] ccA:328,3774000563,54578,-1.794,15.886,0.000,35.000,0.55929,0.90631,15.46,-7.818,25.581,-7.242,23.699,-7.848,6.238,0.92641,74.342
[SHELL] ccB:328,18831,1,-9.949,15.812,-5.862,21.482,78.518,57.754,22.101,77.899,37.157
[SHELL] ccA:329,3774220811,54579,-1.093,16.301,0.000,35.000,0.97635,1.32288,15.89,-7.825,25.573,-7.251,23.696,-7.841,6.238,0.92662,74.342
[SHELL] ccB:329,18955,1,-14.117,14.181,-0.063,24.323,72.848,75.677,21.482,78.518,57.754
[SHELL] ccA:330,3774440787,54580,12.299,20.243,0.000,35.000,1.39489,1.74154,15.84,-8.099,25.490,-7.504,23.617,-7.847,6.234,0.92653,74.342
[SHELL] ccB:330,18943,1,-17.778,22.444,-4.666,21.162,52.259,78.838,24.323,72.848,75.677
[SHELL] ccA:331,3774660807,54581,22.213,18.519,0.000,35.000,1.82040,2.16698,15.92,-8.314,25.522,-7.675,23.562,-7.863,6.231,0.92320,74.342
[SHELL] ccB:331,18953,1,-23.432,26.395,-2.963,23.273,31.107,76.727,21.162,52.259,78.838
[SHELL] ccA:332,3774880751,54582,10.395,11.392,0.000,35.000,2.24257,2.58918,15.87,-8.082,25.669,-7.442,23.637,-7.867,6.234,0.92084,74.342
[SHELL] ccB:332,18925,1,-15.386,8.599,6.787,37.756,22.011,77.989,23.273,31.107,76.727
[SHELL] ccA:333,3775100675,54583,1.513,16.163,0.000,35.000,2.65747,3.00419,15.76,-7.899,25.572,-7.314,23.677,-7.863,6.234,0.92590,74.342
[SHELL] ccB:333,18887,1,-8.862,-7.348,16.210,58.074,21.511,78.489,37.756,22.011,77.989
[SHELL] ccA:334,3775320671,54584,4.029,16.563,0.000,35.000,3.08350,3.43025,15.76,-7.947,25.563,-7.357,23.663,-7.861,6.234,0.92568,74.342
[SHELL] ccB:334,18885,1,-4.984,-11.625,16.609,75.904,24.096,72.068,58.074,21.511,78.489
[SHELL] ccA:335,3775540675,54585,18.408,20.470,0.000,35.000,3.49858,3.84532,15.76,-8.248,25.481,-7.631,23.576,-7.873,6.229,0.92527,74.342
[SHELL] ccB:335,18887,1,-10.094,-17.134,27.228,78.854,21.146,51.521,75.904,24.096,72.068
[SHELL] ctrlcap v1 armed=0 count=512 clock_hz=550000000 decimation=1
[SHELL] ccA:index,cycles,seq,id,iq,idref,iqref,theta,actangle,age_us,vdreq,vqreq,vd,vq,intd,intq,scale,bus
[SHELL] ccB:index,timer,valid,ia,ib,ic,du,dv,dw,active_u,active_v,active_w
[SHELL] ccA:336,3775760763,54586,23.918,18.267,0.000,35.000,3.91938,4.26577,15.76,-8.376,25.522,-7.727,23.545,-7.891,6.226,0.92253,74.342
[SHELL] ccB:336,18931,1,-4.223,-23.694,27.917,76.655,23.345,30.802,78.854,21.146,51.521
[SHELL] ccA:337,3775980751,54587,14.085,12.327,0.000,35.000,4.34429,4.69067,15.78,-8.186,25.644,-7.536,23.607,-7.898,6.229,0.92056,74.342
[SHELL] ccB:337,18925,1,6.433,-18.439,12.006,78.065,38.294,21.935,76.655,23.345,30.802
[SHELL] ccA:338,3776200675,54588,3.983,12.281,0.000,35.000,4.76876,5.11548,15.78,-7.982,25.647,-7.364,23.661,-7.896,6.231,0.92256,74.342
[SHELL] ccB:338,18887,1,12.485,-9.088,-3.398,78.395,59.011,21.605,78.065,38.294,21.935
[SHELL] ccA:339,3776420699,54589,1.128,11.531,0.000,35.000,5.19311,5.53976,15.78,-7.920,25.666,-7.307,23.679,-7.891,6.235,0.92258,74.342
[SHELL] ccB:339,18899,1,10.746,-1.622,-9.124,71.483,76.067,23.933,78.395,59.011,21.605
[SHELL] ccA:340,3776640639,54590,9.900,19.846,0.000,35.000,5.61568,5.96244,15.72,-8.099,25.495,-7.547,23.757,-7.895,6.233,0.93185,74.782
[SHELL] ccB:340,18869,1,20.060,-1.839,-18.221,50.658,78.865,21.135,71.483,76.067,23.933
[SHELL] ccA:341,3776860619,54591,22.241,18.937,0.000,35.000,6.02849,0.09202,15.72,-8.362,25.512,-7.719,23.548,-7.911,6.229,0.92302,74.342
[SHELL] ccB:341,18859,1,26.294,-2.129,-24.165,30.126,76.489,23.511,50.658,78.865,21.135
[SHELL] ccA:342,3777080491,54592,11.206,13.484,0.000,35.000,0.17074,0.51751,15.64,-8.147,25.623,-7.508,23.616,-7.916,6.231,0.92167,74.342
[SHELL] ccB:342,18795,1,8.752,8.780,-17.533,21.840,78.160,38.998,30.126,76.489,23.511
[SHELL] ccA:343,3777300735,54593,0.454,15.748,0.000,35.000,0.59597,0.94269,15.53,-7.926,25.577,-7.378,23.810,-7.911,6.232,0.93094,74.782
[SHELL] ccB:343,18917,1,-8.463,15.739,-7.276,21.685,78.315,59.737,21.840,78.160,38.998
[SHELL] ccA:344,3777520851,54594,0.135,16.057,0.000,35.000,1.01555,1.36203,15.91,-7.914,25.572,-7.370,23.813,-7.906,6.234,0.93122,74.782
[SHELL] ccB:344,18975,1,-13.574,14.217,-0.643,23.787,70.945,76.213,21.685,78.315,59.737
[SHELL] ccA:345,3777740911,54595,14.888,19.090,0.000,35.000,1.43553,1.78178,15.91,-8.218,25.509,-7.644,23.726,-7.915,6.232,0.93010,74.782
[SHELL] ccB:345,19005,1,-16.908,23.459,-6.551,21.133,50.047,78.868,23.787,70.945,76.213
[SHELL] ccA:346,3777960787,54596,22.137,18.264,0.000,35.000,1.86530,2.21190,15.91,-8.380,25.525,-7.775,23.684,-7.931,6.230,0.92787,74.782
[SHELL] ccB:346,18943,1,-23.903,25.706,-1.803,23.817,28.942,76.183,21.133,50.047,78.868
[SHELL] ccA:347,3778180727,54597,5.720,12.721,0.000,35.000,2.28553,2.63218,15.85,-8.051,25.640,-7.468,23.782,-7.931,6.234,0.92756,74.782
[SHELL] ccB:347,18913,1,-13.356,3.199,10.157,39.814,21.738,78.262,23.817,28.942,76.183
[SHELL] ccA:348,3778400691,54598,-3.956,16.015,0.000,35.000,2.70819,3.05488,15.80,-7.848,25.574,-7.313,23.830,-7.922,6.235,0.93182,74.782
[SHELL] ccB:348,18895,1,-3.136,-12.458,15.594,60.473,21.773,78.227,39.814,21.738,78.262
[SHELL] ccA:349,3778620739,54599,-0.757,19.372,0.000,35.000,3.13521,3.48191,15.80,-7.906,25.505,-7.380,23.810,-7.916,6.234,0.93353,74.782
[SHELL] ccB:349,18919,1,0.634,-17.098,16.464,76.517,23.483,69.761,60.473,21.773,78.227
[SHELL] ccA:350,3778840751,54600,10.272,22.117,0.000,35.000,3.55033,3.89701,15.82,-8.131,25.446,-7.587,23.744,-7.920,6.230,0.93312,74.782
[SHELL] ccB:350,18925,1,-0.635,-20.795,21.429,78.863,21.137,49.125,76.517,23.483,69.761
[SHELL] ccA:351,3779060771,54601,18.041,19.727,0.000,35.000,3.98352,4.33010,15.90,-8.299,25.492,-7.717,23.703,-7.933,6.227,0.92980,74.782
[SHELL] ccB:351,18935,1,2.700,-24.383,21.683,75.917,24.083,27.980,78.863,21.137,49.125
[SHELL] ctrlcap v1 armed=0 count=512 clock_hz=550000000 decimation=1
[SHELL] ccA:index,cycles,seq,id,iq,idref,iqref,theta,actangle,age_us,vdreq,vqreq,vd,vq,intd,intq,scale,bus
[SHELL] ccB:index,timer,valid,ia,ib,ic,du,dv,dw,active_u,active_v,active_w
[SHELL] ccA:352,3779280751,54602,3.841,15.232,0.000,35.000,4.40060,4.74723,15.84,-8.013,25.584,-7.451,23.788,-7.931,6.229,0.92979,74.782
[SHELL] ccB:352,18925,1,13.319,-13.872,0.553,78.374,40.792,21.626,75.917,24.083,27.980
[SHELL] ccA:353,3779500831,54603,-7.526,16.721,0.000,35.000,4.82343,5.16977,15.84,-7.773,25.555,-7.254,23.848,-7.918,6.230,0.93324,74.782
[SHELL] ccB:353,18965,1,15.784,0.191,-15.974,78.114,61.353,21.886,78.374,40.792,21.626
[SHELL] ccA:354,3779720859,54604,-7.561,14.909,0.000,35.000,5.24489,5.59143,16.16,-7.759,25.594,-7.232,23.855,-7.905,6.233,0.93206,74.782
[SHELL] ccB:354,18979,1,9.006,7.693,-16.699,69.351,76.618,23.382,78.114,61.353,21.886
[SHELL] ccA:355,3779940811,54605,2.921,23.849,0.000,35.000,5.65998,6.00635,15.79,-7.967,25.409,-7.458,23.786,-7.903,6.228,0.93612,74.782
[SHELL] ccB:355,18955,1,16.291,7.149,-23.441,48.650,78.857,21.143,69.351,76.618,23.382
[SHELL] ccA:356,3780160735,54606,18.471,21.506,0.000,35.000,6.08705,0.15034,15.79,-8.291,25.453,-7.675,23.562,-7.915,6.222,0.92571,74.342
[SHELL] ccB:356,18917,1,22.308,3.996,-26.304,27.568,75.799,24.201,48.650,78.857,21.143
[SHELL] ccA:357,3780380567,54607,4.940,16.971,0.000,35.000,0.22069,0.56744,15.72,-8.019,25.543,-7.423,23.643,-7.914,6.221,0.92562,74.342
[SHELL] ccB:357,18833,1,1.105,14.724,-15.829,21.576,78.424,41.267,27.568,75.799,24.201
[SHELL] ccA:358,3780600727,54608,-7.544,17.251,0.000,35.000,0.64123,0.98810,15.61,-7.756,25.536,-7.202,23.711,-7.901,6.221,0.92854,74.342
[SHELL] ccB:358,18913,1,-16.365,16.247,0.118,21.931,78.069,61.680,21.576,78.424,41.267
[SHELL] ccA:359,3780820987,54609,-4.523,17.623,0.000,35.000,1.06255,1.40873,15.99,-7.806,25.528,-7.247,23.697,-7.891,6.220,0.92831,74.342
[SHELL] ccB:359,19043,1,-17.597,12.803,4.793,23.288,68.959,76.712,21.931,78.069,61.680
[SHELL] ccA:360,3781040907,54610,10.760,23.053,0.000,35.000,1.48566,1.83218,15.99,-8.117,25.413,-7.540,23.606,-7.896,6.214,0.92890,74.342
[SHELL] ccB:360,19003,1,-22.055,22.009,0.045,21.164,47.653,78.836,23.288,68.959,76.712
[SHELL] ccA:361,3781260879,54611,17.659,17.297,0.000,35.000,1.90789,2.25440,15.99,-8.267,25.527,-7.635,23.575,-7.907,6.212,0.92353,74.342
[SHELL] ccB:361,18989,1,-22.164,20.560,1.604,24.305,27.213,75.695,21.164,47.653,78.836
[SHELL] ccA:362,3781480939,54612,-2.002,12.352,0.000,35.000,2.32517,2.67157,16.25,-7.865,25.629,-7.270,23.690,-7.900,6.215,0.92434,74.342
[SHELL] ccB:362,19019,1,-7.630,-4.775,12.405,41.430,21.560,78.440,24.305,27.213,75.695
[SHELL] ccA:363,3781700847,54613,-6.431,16.929,0.000,35.000,2.74746,3.09380,15.82,-7.764,25.537,-7.209,23.709,-7.888,6.215,0.92843,74.342
[SHELL] ccB:363,18973,1,-0.562,-15.394,15.956,62.243,22.011,77.989,41.430,21.560,78.440
[SHELL] ccA:364,3781920859,54614,-1.400,18.299,0.000,35.000,3.16113,3.50765,16.13,-7.858,25.508,-7.296,23.682,-7.881,6.214,0.92844,74.342
[SHELL] ccB:364,18979,1,1.757,-16.699,14.942,76.784,23.216,68.653,62.243,22.011,77.989
[SHELL] ccA:365,3782140763,54615,13.041,22.567,0.000,35.000,3.58969,3.93636,15.82,-8.154,25.416,-7.570,23.596,-7.888,6.208,0.92838,74.342
[SHELL] ccB:365,18931,1,-1.976,-21.519,23.495,78.819,21.181,47.100,76.784,23.216,68.653
[SHELL] ccA:366,3782360747,54616,19.342,17.880,0.000,35.000,4.00130,4.34795,15.84,-8.294,25.509,-7.662,23.566,-7.901,6.205,0.92384,74.342
[SHELL] ccB:366,18923,1,0.924,-23.259,22.335,75.691,24.309,27.199,78.819,21.181,47.100
[SHELL] ccA:367,3782580751,54617,5.841,13.536,0.000,35.000,4.42505,4.77168,15.84,-8.023,25.598,-7.412,23.646,-7.900,6.207,0.92376,74.342
[SHELL] ccB:367,18925,1,11.326,-13.836,2.510,78.496,42.006,21.504,75.691,24.309,27.199
[SHELL] ctrlcap v1 armed=0 count=512 clock_hz=550000000 decimation=1
[SHELL] ccA:index,cycles,seq,id,iq,idref,iqref,theta,actangle,age_us,vdreq,vqreq,vd,vq,intd,intq,scale,bus
[SHELL] ccB:index,timer,valid,ia,ib,ic,du,dv,dw,active_u,active_v,active_w
[SHELL] ccA:368,3782800755,54618,-3.706,12.422,0.000,35.000,4.84316,5.19059,15.84,-7.823,25.665,-7.225,23.704,-7.891,6.210,0.92358,74.342
[SHELL] ccB:368,18927,1,11.833,-1.332,-10.502,77.967,62.392,22.033,78.496,42.006,21.504
[SHELL] ccA:369,3783020827,54619,-2.386,11.844,0.000,35.000,5.27420,5.62140,15.84,-7.841,25.681,-7.236,23.701,-7.882,6.214,0.92290,74.342
[SHELL] ccB:369,18963,1,8.752,2.836,-11.589,67.869,76.961,23.039,77.967,62.392,22.033
[SHELL] ccA:370,3783240715,54620,10.763,20.807,0.000,35.000,5.69209,6.03956,15.79,-8.108,25.496,-7.510,23.615,-7.887,6.209,0.92624,74.342
[SHELL] ccB:370,18907,1,20.532,-0.498,-20.034,46.788,78.808,21.192,67.869,76.961,23.039
[SHELL] ccA:371,3783460695,54621,19.805,18.281,0.000,35.000,6.11418,0.17825,15.79,-8.303,25.544,-7.660,23.567,-7.901,6.206,0.92260,74.342
[SHELL] ccB:371,18897,1,22.598,1.423,-24.020,26.357,75.436,24.564,46.788,78.808,21.192
[SHELL] ccA:372,3783680595,54622,3.214,13.546,0.000,35.000,0.26297,0.61023,15.65,-7.968,25.640,-7.354,23.664,-7.898,6.208,0.92293,74.342
[SHELL] ccB:372,18847,1,-0.417,12.260,-11.843,21.398,78.602,43.237,26.357,75.436,24.564
[SHELL] ccA:373,3783900767,54623,-8.991,14.886,0.000,35.000,0.67613,1.02355,15.60,-7.709,25.614,-7.142,23.729,-7.883,6.209,0.92642,74.342
[SHELL] ccB:373,18933,1,-16.328,13.347,2.981,22.168,77.832,63.273,21.398,78.602,43.237
[SHELL] ccA:374,3784120875,54624,-7.600,17.072,0.000,35.000,1.08695,1.43426,15.97,-7.723,25.569,-7.165,23.722,-7.870,6.208,0.92775,74.342
[SHELL] ccB:374,18987,1,-18.648,10.375,8.273,23.053,67.931,76.947,22.168,77.832,63.273
[SHELL] ccA:375,3784340895,54625,11.273,22.974,0.000,35.000,1.52071,1.86800,15.97,-8.106,25.445,-7.522,23.611,-7.875,6.202,0.92794,74.342
[SHELL] ccB:375,18997,1,-22.381,21.937,0.444,21.230,45.903,78.770,23.053,67.931,76.947
[SHELL] ccA:376,3784560859,54626,19.373,17.710,0.000,35.000,1.92749,2.27478,15.97,-8.282,25.549,-7.641,23.573,-7.888,6.200,0.92265,74.342
[SHELL] ccB:376,18979,1,-23.360,22.046,1.314,24.582,26.299,75.418,21.230,45.903,78.770
[SHELL] ccA:377,3784780743,54627,2.290,15.967,0.000,35.000,2.36239,2.70984,15.81,-7.936,25.583,-7.342,23.668,-7.884,6.200,0.92514,74.342
[SHELL] ccB:377,18921,1,-12.849,-2.020,14.869,43.471,21.380,78.620,24.582,26.299,75.418
[SHELL] ccA:378,3785000739,54628,-3.332,16.641,0.000,35.000,2.78635,3.13381,15.81,-7.815,25.569,-7.243,23.699,-7.875,6.199,0.92685,74.342
[SHELL] ccB:378,18919,1,-2.664,-13.183,15.848,64.241,22.328,77.672,43.471,21.380,78.620
[SHELL] ccA:379,3785220759,54629,0.392,18.449,0.000,35.000,3.20699,3.55435,15.81,-7.884,25.531,-7.311,23.677,-7.870,6.197,0.92741,74.342
[SHELL] ccB:379,18929,1,0.815,-16.373,15.558,77.263,22.737,66.435,64.241,22.328,77.672
[SHELL] ccA:380,3785440847,54630,11.290,22.316,0.000,35.000,3.62806,3.97520,15.81,-8.107,25.447,-7.522,23.611,-7.876,6.192,0.92785,74.342
[SHELL] ccB:380,18973,1,0.453,-21.882,21.429,78.738,21.262,45.265,77.263,22.737,66.435
[SHELL] ccA:381,3785660731,54631,15.892,16.694,0.000,35.000,4.04675,4.39418,15.83,-8.209,25.560,-7.578,23.594,-7.885,6.190,0.92307,74.342
[SHELL] ccB:381,18915,1,3.316,-21.411,18.095,75.107,24.893,25.323,78.738,21.262,45.265
[SHELL] ccA:382,3785880731,54632,2.374,12.797,0.000,35.000,4.46634,4.81377,15.83,-7.935,25.640,-7.326,23.673,-7.881,6.193,0.92327,74.342
[SHELL] ccB:382,18915,1,11.833,-10.610,-1.223,78.653,43.910,21.347,75.107,24.893,25.323
[SHELL] ccA:383,3786100787,54633,-6.208,11.765,0.000,35.000,4.89334,5.24056,15.83,-7.751,25.665,-7.164,23.722,-7.869,6.197,0.92432,74.342
[SHELL] ccB:383,18943,1,10.456,1.894,-12.350,77.596,64.675,22.404,78.653,43.910,21.347
[SHELL] ctrlcap v1 armed=0 count=512 clock_hz=550000000 decimation=1
[SHELL] ccA:index,cycles,seq,id,iq,idref,iqref,theta,actangle,age_us,vdreq,vqreq,vd,vq,intd,intq,scale,bus
[SHELL] ccB:index,timer,valid,ia,ib,ic,du,dv,dw,active_u,active_v,active_w
[SHELL] ccA:384,3786320811,54634,-4.938,12.652,0.000,35.000,5.31463,5.66184,15.83,-7.766,25.650,-7.181,23.717,-7.859,6.200,0.92467,74.342
[SHELL] ccB:384,18955,1,7.629,5.917,-13.546,66.077,77.335,22.665,77.596,64.675,22.404
[SHELL] ccA:385,3786540755,54635,7.261,20.993,0.000,35.000,5.73332,6.08060,15.78,-8.011,25.478,-7.433,23.640,-7.860,6.195,0.92786,74.342
[SHELL] ccB:385,18927,1,17.161,3.634,-20.795,44.906,78.717,21.283,66.077,77.335,22.665
[SHELL] ccA:386,3786760695,54636,15.997,17.300,0.000,35.000,6.16521,0.22930,15.78,-8.196,25.551,-7.569,23.596,-7.870,6.193,0.92351,74.342
[SHELL] ccB:386,18897,1,17.922,4.286,-22.208,24.771,75.229,25.700,44.906,78.717,21.283
[SHELL] ccA:387,3786980543,54637,-2.244,13.954,0.000,35.000,0.30456,0.65218,15.65,-7.823,25.619,-7.237,23.700,-7.862,6.195,0.92510,74.342
[SHELL] ccB:387,18821,1,-6.325,14.108,-7.783,21.273,78.727,45.075,24.771,75.229,25.700
[SHELL] ccA:388,3787200763,54638,-14.178,14.708,0.000,35.000,0.71655,1.06413,15.68,-7.564,25.605,-7.020,23.765,-7.842,6.197,0.92815,74.342
[SHELL] ccB:388,18931,1,-20.351,11.716,8.635,22.458,77.542,64.975,21.273,78.727,45.075
[SHELL] ccA:389,3787420971,54639,-8.699,18.879,0.000,35.000,1.14003,1.48726,16.05,-7.659,25.520,-7.124,23.735,-7.828,6.195,0.93006,74.342
[SHELL] ccB:389,19035,1,-20.786,10.375,10.411,22.558,65.517,77.442,22.458,77.542,64.975
[SHELL] ccA:390,3787640975,54640,10.002,24.606,0.000,35.000,1.56224,1.90945,16.05,-8.038,25.398,-7.477,23.626,-7.832,6.188,0.93023,74.342
[SHELL] ccB:390,19037,1,-24.519,21.103,3.416,21.346,43.936,78.654,22.558,65.517,77.442
[SHELL] ccA:391,3787860955,54641,14.239,18.783,0.000,35.000,1.97830,2.32550,16.05,-8.131,25.512,-7.525,23.610,-7.841,6.185,0.92545,74.342
[SHELL] ccB:391,19027,1,-22.888,16.319,6.569,25.698,24.771,75.229,21.346,43.936,78.654
[SHELL] ccA:392,3788093011,54642,-0.743,18.347,0.000,35.000,2.41869,2.76235,18.84,-7.825,25.519,-7.265,23.692,-7.834,6.184,0.92841,74.342
[SHELL] ccB:392,25055,1,-11.580,-6.551,18.131,45.919,21.229,78.771,25.698,24.771,75.229
[SHELL] ccA:393,3788300427,54643,-7.462,17.680,0.000,35.000,2.82444,3.17203,15.80,-7.678,25.531,-7.136,23.731,-7.821,6.183,0.92948,74.342
[SHELL] ccB:393,18763,1,1.576,-17.351,15.775,65.849,22.621,77.379,45.919,21.229,78.771
[SHELL] ccA:394,3788520415,54644,-3.674,17.443,0.000,35.000,3.24497,3.59240,15.49,-7.744,25.536,-7.192,23.714,-7.812,6.182,0.92867,74.342
[SHELL] ccB:394,18757,1,5.454,-17.424,11.970,77.562,22.438,64.868,65.849,22.621,77.379
[SHELL] ccA:395,3788740335,54645,12.496,23.358,0.000,35.000,3.67179,4.01953,15.49,-8.075,25.411,-7.505,23.617,-7.819,6.176,0.92941,74.342
[SHELL] ccB:395,18717,1,1.032,-23.440,22.408,78.591,21.409,43.101,77.562,22.438,64.868
[SHELL] ccA:396,3788960343,54646,16.621,16.133,0.000,35.000,4.09504,4.44277,15.51,-8.168,25.556,-7.544,23.604,-7.829,6.175,0.92363,74.342
[SHELL] ccB:396,18721,1,3.533,-21.592,18.059,75.554,26.740,24.446,78.591,21.409,43.101
[SHELL] ccA:397,3789180351,54647,0.332,13.710,0.000,35.000,4.50725,4.85493,15.51,-7.836,25.606,-7.252,23.696,-7.824,6.178,0.92539,74.342
[SHELL] ccB:397,18725,1,13.355,-9.378,-3.978,78.766,45.801,21.234,75.554,26.740,24.446
[SHELL] ccA:398,3789400355,54648,-8.052,10.634,0.000,35.000,4.92652,5.27420,15.51,-7.655,25.673,-7.039,23.607,-7.810,6.181,0.91952,73.902
[SHELL] ccB:398,18727,1,8.680,4.431,-13.111,77.329,66.106,22.671,78.766,45.801,21.234
[SHELL] ccA:399,3789620395,54649,-6.044,12.297,0.000,35.000,5.34366,5.69118,15.51,-7.683,25.642,-7.112,23.738,-7.798,6.185,0.92575,74.342
[SHELL] ccB:399,18747,1,6.360,7.331,-13.691,64.819,77.570,22.430,77.329,66.106,22.671
[SHELL] ctrlcap v1 armed=0 count=512 clock_hz=550000000 decimation=1
[SHELL] ccA:index,cycles,seq,id,iq,idref,iqref,theta,actangle,age_us,vdreq,vqreq,vd,vq,intd,intq,scale,bus
[SHELL] ccB:index,timer,valid,ia,ib,ic,du,dv,dw,active_u,active_v,active_w
[SHELL] ccA:400,3789840383,54650,11.142,22.212,0.000,35.000,5.77575,6.12336,15.52,-8.032,25.437,-7.461,23.631,-7.803,6.180,0.92898,74.342
[SHELL] ccB:400,18741,1,20.532,1.858,-22.389,42.725,78.560,21.440,64.819,77.570,22.430
[SHELL] ccA:401,3790060411,54651,16.524,16.266,0.000,35.000,6.17557,0.24013,15.51,-8.150,25.557,-7.485,23.469,-7.813,6.177,0.91832,73.902
[SHELL] ccB:401,18755,1,18.176,3.380,-21.556,24.644,75.356,26.101,42.725,78.560,21.440
[SHELL] ccA:402,3790280455,54652,0.765,14.803,0.000,35.000,0.32527,0.67266,15.52,-7.829,25.585,-7.251,23.696,-7.808,6.179,0.92615,74.342
[SHELL] ccB:402,18777,1,-4.005,14.362,-10.357,21.219,78.781,46.125,24.644,75.356,26.101
[SHELL] ccA:403,3790500531,54653,-5.862,15.475,0.000,35.000,0.73602,1.08381,15.46,-7.685,25.573,-7.132,23.732,-7.797,6.180,0.92803,74.342
[SHELL] ccB:403,18815,1,-14.734,13.891,0.843,22.676,77.324,66.133,21.219,78.781,46.125
[SHELL] ccA:404,3790720783,54654,0.984,17.215,0.000,35.000,1.15950,1.50679,15.84,-7.817,25.537,-7.254,23.695,-7.792,6.179,0.92787,74.342
[SHELL] ccB:404,18941,1,-15.386,14.434,0.952,22.342,64.324,77.658,22.676,77.324,66.133
[SHELL] ccA:405,3790940783,54655,19.246,21.932,0.000,35.000,1.57532,1.92275,15.84,-8.196,25.438,-7.555,23.447,-7.805,6.172,0.92174,73.902
[SHELL] ccB:405,18941,1,-22.019,27.591,-5.572,21.415,43.020,78.585,22.342,64.324,77.658
[SHELL] ccA:406,3791160799,54656,20.238,14.320,0.000,35.000,1.99964,2.34700,15.92,-8.230,25.591,-7.587,23.591,-7.819,6.173,0.92185,74.342
[SHELL] ccB:406,18949,1,-21.439,21.502,-0.063,26.758,24.441,75.559,21.415,43.020,78.585
[SHELL] ccA:407,3791380695,54657,5.079,14.425,0.000,35.000,2.41806,2.76550,15.76,-7.925,25.589,-7.331,23.671,-7.818,6.175,0.92506,74.342
[SHELL] ccB:407,18897,1,-13.356,0.227,13.129,46.216,21.215,78.785,26.758,24.441,75.559
[SHELL] ccA:408,3791600763,54658,0.174,14.710,0.000,35.000,2.83642,3.18368,15.76,-7.822,25.584,-7.245,23.698,-7.812,6.176,0.92626,74.342
[SHELL] ccB:408,18931,1,-4.585,-9.813,14.398,66.617,22.773,77.227,46.216,21.215,78.785
[SHELL] ccA:409,3791820775,54659,8.544,17.021,0.000,35.000,3.26021,3.60744,15.76,-7.992,25.537,-7.401,23.650,-7.815,6.175,0.92608,74.342
[SHELL] ccB:409,18937,1,-6.470,-12.277,18.747,77.759,22.241,63.725,66.617,22.773,77.227
[SHELL] ccA:410,3792040727,54660,25.071,20.230,0.000,35.000,3.68498,4.03225,15.76,-8.341,25.469,-7.713,23.550,-7.834,6.171,0.92464,74.342
[SHELL] ccB:410,18913,1,-11.001,-20.722,31.723,78.499,21.501,42.036,77.759,22.241,63.725
[SHELL] ccA:411,3792260767,54661,22.976,12.845,0.000,35.000,4.10539,4.45253,15.78,-8.316,25.620,-7.651,23.570,-7.850,6.172,0.91999,74.342
[SHELL] ccB:411,18933,1,-2.556,-21.411,23.966,75.743,27.374,24.257,78.499,21.501,42.036
[SHELL] ccA:412,3792480671,54662,6.576,11.800,0.000,35.000,4.52668,4.87417,15.78,-7.988,25.643,-7.370,23.659,-7.850,6.176,0.92263,74.342
[SHELL] ccB:412,18885,1,10.383,-12.676,2.293,78.816,47.010,21.184,75.743,27.374,24.257
[SHELL] ccA:413,3792700699,54663,-2.533,11.343,0.000,35.000,4.95159,5.29904,15.78,-7.797,25.656,-7.206,23.710,-7.842,6.180,0.92413,74.342
[SHELL] ccB:413,18899,1,10.420,-0.752,-9.668,77.036,67.524,22.964,78.816,47.010,21.184
[SHELL] ccA:414,3792920659,54664,1.415,12.968,0.000,35.000,5.36760,5.71510,15.78,-7.872,25.626,-7.319,23.828,-7.838,6.184,0.92984,74.782
[SHELL] ccB:414,18879,1,11.144,0.299,-11.444,63.340,77.821,22.179,77.036,67.524,22.964
[SHELL] ccA:415,3793140639,54665,18.594,23.288,0.000,35.000,5.79185,6.13939,15.72,-8.228,25.414,-7.678,23.715,-7.851,6.179,0.93317,74.782
[SHELL] ccB:415,18869,1,27.382,-3.506,-23.875,41.574,78.455,21.545,63.340,77.821,22.179
[SHELL] ctrlcap v1 armed=0 count=512 clock_hz=550000000 decimation=1
[SHELL] ccA:index,cycles,seq,id,iq,idref,iqref,theta,actangle,age_us,vdreq,vqreq,vd,vq,intd,intq,scale,bus
[SHELL] ccB:index,timer,valid,ia,ib,ic,du,dv,dw,active_u,active_v,active_w
[SHELL] ccA:416,3793360543,54666,23.160,16.461,0.000,35.000,6.21984,0.28415,15.72,-8.337,25.552,-7.732,23.698,-7.868,6.179,0.92744,74.782
[SHELL] ccB:416,18821,1,24.156,0.879,-25.035,23.977,76.023,28.357,41.574,78.455,21.545
[SHELL] ccA:417,3793580491,54667,4.758,13.967,0.000,35.000,0.34676,0.69420,15.59,-7.968,25.604,-7.407,23.801,-7.867,6.182,0.92959,74.782
[SHELL] ccB:417,18795,1,-0.272,12.912,-12.640,21.170,78.830,47.436,23.977,76.023,28.357
[SHELL] ccA:418,3793800939,54668,-4.212,15.592,0.000,35.000,0.77270,1.12068,16.24,-7.779,25.615,-7.243,23.852,-7.858,6.183,0.93117,74.782
[SHELL] ccB:418,19019,1,-13.900,14.072,-0.172,23.068,76.932,68.002,21.170,78.830,47.436
[SHELL] ccA:419,3794020907,54669,3.991,16.699,0.000,35.000,1.19991,1.54768,15.91,-7.941,25.593,-7.344,23.667,-7.856,6.182,0.92476,74.342
[SHELL] ccB:419,19003,1,-14.117,15.522,-1.404,22.000,62.168,78.000,23.068,76.932,68.002
[SHELL] ccA:420,3794240915,54670,18.924,21.405,0.000,35.000,1.61993,1.96772,15.91,-8.253,25.493,-7.677,23.715,-7.869,6.178,0.93026,74.782
[SHELL] ccB:420,19007,1,-22.309,26.612,-4.304,21.633,40.734,78.367,22.000,62.168,78.000
[SHELL] ccA:421,3794460711,54671,16.097,13.557,0.000,35.000,2.03585,2.38404,15.85,-8.207,25.654,-7.595,23.742,-7.879,6.181,0.92547,74.782
[SHELL] ccB:421,18905,1,-19.337,16.863,2.474,28.345,23.980,76.020,21.633,40.734,78.367
[SHELL] ccA:422,3794680779,54672,2.530,16.582,0.000,35.000,2.46305,2.81106,15.80,-7.932,25.593,-7.379,23.810,-7.876,6.181,0.93034,74.782
[SHELL] ccB:422,18939,1,-12.378,-3.615,15.993,48.501,21.145,78.855,28.345,23.980,76.020
[SHELL] ccA:423,3794900691,54673,-0.687,17.349,0.000,35.000,2.89486,3.24308,15.80,-7.861,25.577,-7.323,23.827,-7.870,6.181,0.93158,74.782
[SHELL] ccB:423,18895,1,-3.571,-12.930,16.500,69.456,23.408,76.592,48.501,21.145,78.855
[SHELL] ccA:424,3795120759,54674,2.292,16.399,0.000,35.000,3.30780,3.65596,15.80,-7.918,25.597,-7.366,23.814,-7.867,6.182,0.93033,74.782
[SHELL] ccB:424,18929,1,0.453,-14.561,14.108,78.089,21.911,61.537,69.456,23.408,76.592
[SHELL] ccA:425,3795340723,54675,12.619,22.085,0.000,35.000,3.73699,4.08521,15.82,-8.132,25.479,-7.579,23.747,-7.874,6.178,0.93204,74.782
[SHELL] ccB:425,18911,1,1.939,-22.933,20.994,78.261,21.739,39.804,78.089,21.911,61.537
[SHELL] ccA:426,3795560739,54676,14.561,16.351,0.000,35.000,4.17429,4.52247,15.84,-8.179,25.595,-7.588,23.744,-7.882,6.178,0.92770,74.782
[SHELL] ccB:426,18919,1,6.578,-21.374,14.797,76.541,30.336,23.459,78.261,21.739,39.804
[SHELL] ccA:427,3795780743,54677,-1.407,17.232,0.000,35.000,4.58372,4.93190,15.84,-7.853,25.576,-7.316,23.829,-7.875,6.178,0.93169,74.782
[SHELL] ccB:427,18921,1,17.270,-9.341,-7.928,78.867,49.691,21.133,76.541,30.336,23.459
[SHELL] ccA:428,3796000755,54678,-11.691,15.008,0.000,35.000,5.00720,5.35530,15.84,-7.630,25.623,-7.072,23.750,-7.858,6.179,0.92689,74.342
[SHELL] ccB:428,18927,1,10.963,7.983,-18.946,76.490,69.872,23.510,78.867,49.691,21.133
[SHELL] ccA:429,3796220851,54679,-5.710,18.000,0.000,35.000,5.41892,5.76674,15.84,-7.738,25.562,-7.180,23.718,-7.847,6.178,0.92785,74.342
[SHELL] ccB:429,18975,1,9.985,8.889,-18.874,61.033,78.156,21.844,76.490,69.872,23.510
[SHELL] ccA:430,3796440807,54680,11.843,26.427,0.000,35.000,5.84266,6.19056,15.79,-8.096,25.383,-7.530,23.609,-7.853,6.169,0.93009,74.342
[SHELL] ccB:430,18953,1,21.981,5.337,-27.319,39.279,78.196,21.804,61.033,78.156,21.844
[SHELL] ccA:431,3796660611,54681,16.554,20.644,0.000,35.000,6.25883,0.32390,15.79,-8.201,25.496,-7.588,23.590,-7.864,6.164,0.92527,74.342
[SHELL] ccB:431,18855,1,17.052,8.998,-26.050,23.549,76.451,29.973,39.279,78.196,21.804
[SHELL] ctrlcap v1 armed=0 count=512 clock_hz=550000000 decimation=1
[SHELL] ccA:index,cycles,seq,id,iq,idref,iqref,theta,actangle,age_us,vdreq,vqreq,vd,vq,intd,intq,scale,bus
[SHELL] ccB:index,timer,valid,ia,ib,ic,du,dv,dw,active_u,active_v,active_w
[SHELL] ccA:432,3796880743,54682,3.861,18.931,0.000,35.000,0.40619,0.75453,15.67,-7.945,25.527,-7.364,23.661,-7.862,6.161,0.92691,74.342
[SHELL] ccB:432,18921,1,-3.933,18.349,-14.416,21.134,78.866,50.453,23.549,76.451,29.973
[SHELL] ccA:433,3797100943,54683,-6.415,17.577,0.000,35.000,0.82595,1.17395,16.04,-7.727,25.553,-7.173,23.720,-7.850,6.161,0.92827,74.342
[SHELL] ccB:433,19021,1,-17.271,14.869,2.401,23.646,76.354,70.406,21.134,78.866,50.453
[SHELL] ccA:434,3797320959,54684,-2.824,17.183,0.000,35.000,1.23764,1.58558,15.99,-7.790,25.560,-7.225,23.704,-7.841,6.160,0.92738,74.342
[SHELL] ccB:434,19029,1,-17.162,11.136,6.026,21.785,60.568,78.215,23.646,76.354,70.406
[SHELL] ccA:435,3797540859,54685,13.024,21.953,0.000,35.000,1.67402,2.02208,15.99,-8.115,25.459,-7.525,23.610,-7.848,6.154,0.92738,74.342
[SHELL] ccB:435,18979,1,-23.178,20.850,2.329,21.934,38.298,78.066,21.785,60.568,78.215
[SHELL] ccA:436,3797760915,54686,10.278,13.843,0.000,35.000,2.07675,2.42461,15.93,-8.064,25.624,-7.439,23.638,-7.852,6.156,0.92248,74.342
[SHELL] ccB:436,19007,1,-17.089,10.520,6.569,29.974,23.549,76.451,21.934,38.298,78.066
[SHELL] ccA:437,3797980815,54687,-2.075,16.736,0.000,35.000,2.50731,2.85529,15.82,-7.809,25.565,-7.239,23.700,-7.845,6.155,0.92705,74.342
[SHELL] ccB:437,18957,1,-8.246,-8.617,16.863,50.507,21.134,78.866,29.974,23.549,76.451
[SHELL] ccA:438,3798200759,54688,-3.559,16.165,0.000,35.000,2.93469,3.28287,15.82,-7.770,25.576,-7.203,23.711,-7.835,6.155,0.92706,74.342
[SHELL] ccB:438,18929,1,0.163,-14.416,14.253,71.125,23.836,76.164,50.507,21.134,78.866
[SHELL] ccA:439,3798420759,54689,1.785,15.658,0.000,35.000,3.34601,3.69418,15.82,-7.873,25.587,-7.287,23.685,-7.831,6.156,0.92566,74.342
[SHELL] ccB:439,18929,1,1.431,-14.307,12.876,78.314,21.686,59.743,71.125,23.836,76.164
[SHELL] ccA:440,3798640739,54690,13.251,22.406,0.000,35.000,3.76558,4.11377,15.82,-8.110,25.446,-7.525,23.611,-7.839,6.150,0.92788,74.342
[SHELL] ccB:440,18919,1,2.337,-23.622,21.284,78.084,21.916,38.431,78.314,21.686,59.743
[SHELL] ccA:441,3798860747,54691,14.759,15.379,0.000,35.000,4.18633,4.53450,15.84,-8.149,25.587,-7.520,23.612,-7.847,6.150,0.92280,74.342
[SHELL] ccB:441,18923,1,5.889,-20.686,14.797,76.665,30.844,23.335,78.084,21.916,38.431
[SHELL] ccA:442,3799080739,54692,4.258,15.587,0.000,35.000,4.60799,4.95616,15.84,-7.937,25.583,-7.342,23.668,-7.845,6.150,0.92514,74.342
[SHELL] ccB:442,18919,1,15.059,-12.603,-2.455,78.861,51.049,21.139,76.665,30.844,23.335
[SHELL] ccA:443,3799300743,54693,-4.798,11.357,0.000,35.000,5.02929,5.37748,15.84,-7.745,25.672,-7.157,23.725,-7.835,6.154,0.92414,74.342
[SHELL] ccB:443,18921,1,9.296,2.365,-11.661,76.185,71.047,23.815,78.861,51.049,21.139
[SHELL] ccA:444,3799520803,54694,-0.753,13.347,0.000,35.000,5.44644,5.79447,15.84,-7.819,25.634,-7.230,23.703,-7.828,6.157,0.92464,74.342
[SHELL] ccB:444,18951,1,9.405,3.525,-12.930,59.574,78.333,21.667,76.185,71.047,23.815
[SHELL] ccA:445,3799740815,54695,17.390,22.226,0.000,35.000,5.87585,6.22380,15.79,-8.193,25.450,-7.594,23.588,-7.840,6.151,0.92684,74.342
[SHELL] ccB:445,18957,1,24.772,-0.679,-24.093,37.529,77.955,22.045,59.574,78.333,21.667
[SHELL] ccA:446,3799962915,54696,15.420,14.861,0.000,35.000,0.01200,0.35767,17.04,-8.163,25.599,-7.529,23.609,-7.849,6.151,0.92227,74.342
[SHELL] ccB:446,20007,1,15.240,5.410,-20.650,23.201,76.799,31.415,37.529,77.955,22.045
[SHELL] ccA:447,3800180823,54697,1.372,15.607,0.000,35.000,0.43103,0.77911,15.65,-7.877,25.584,-7.292,23.683,-7.844,6.151,0.92572,74.342
[SHELL] ccB:447,18961,1,-5.274,15.413,-10.139,21.146,78.854,51.530,23.201,76.799,31.415
[SHELL] ctrlcap v1 armed=0 count=512 clock_hz=550000000 decimation=1
[SHELL] ccA:index,cycles,seq,id,iq,idref,iqref,theta,actangle,age_us,vdreq,vqreq,vd,vq,intd,intq,scale,bus
[SHELL] ccB:index,timer,valid,ia,ib,ic,du,dv,dw,active_u,active_v,active_w
[SHELL] ccA:448,3800400915,54698,-5.794,15.807,0.000,35.000,0.85205,1.20006,16.03,-7.722,25.580,-7.162,23.723,-7.833,6.152,0.92741,74.342
[SHELL] ccB:448,19007,1,-15.712,13.093,2.619,23.957,76.043,71.571,21.146,78.854,51.530
[SHELL] ccA:449,3800620915,54699,4.133,16.179,0.000,35.000,1.27401,1.62201,15.97,-7.920,25.573,-7.331,23.671,-7.831,6.152,0.92565,74.342
[SHELL] ccB:449,19007,1,-14.262,14.652,-0.389,21.559,58.561,78.441,23.957,76.043,71.571
[SHELL] ccA:450,3800840851,54700,14.501,20.404,0.000,35.000,1.69294,2.04101,15.97,-8.135,25.484,-7.536,23.607,-7.839,6.148,0.92635,74.342
[SHELL] ccB:450,18975,1,-22.019,21.321,0.698,22.071,37.357,77.929,21.559,58.561,78.441
[SHELL] ccA:451,3801060783,54701,11.684,13.698,0.000,35.000,2.11825,2.46637,15.92,-8.085,25.620,-7.457,23.632,-7.845,6.149,0.92238,74.342
[SHELL] ccB:451,18941,1,-17.778,11.354,6.424,31.940,23.081,76.919,22.071,37.357,77.929
[SHELL] ccA:452,3801280723,54702,1.141,17.651,0.000,35.000,2.54275,2.89098,15.81,-7.869,25.539,-7.297,23.682,-7.840,6.148,0.92729,74.342
[SHELL] ccB:452,18911,1,-10.892,-6.623,17.515,52.413,21.166,78.834,31.940,23.081,76.919
[SHELL] ccA:453,3801500751,54703,-2.522,17.724,0.000,35.000,2.96476,3.31295,15.81,-7.787,25.536,-7.228,23.703,-7.832,6.147,0.92821,74.342
[SHELL] ccB:453,18925,1,-0.635,-15.177,15.812,72.526,24.228,75.772,52.413,21.166,78.834
[SHELL] ccA:454,3801720735,54704,3.832,16.880,0.000,35.000,3.38678,3.73500,15.81,-7.913,25.553,-7.330,23.672,-7.830,6.146,0.92638,74.342
[SHELL] ccB:454,18917,1,0.380,-15.177,14.797,78.528,21.472,57.644,72.526,24.228,75.772
[SHELL] ccA:455,3801940815,54705,14.981,20.509,0.000,35.000,3.80743,4.15532,15.81,-8.145,25.476,-7.546,23.604,-7.839,6.142,0.92651,74.342
[SHELL] ccB:455,18957,1,0.887,-22.426,21.538,77.775,22.225,36.376,78.528,21.472,57.644
[SHELL] ccA:456,3802160831,54706,13.398,14.495,0.000,35.000,4.24107,4.58891,15.83,-8.121,25.598,-7.493,23.621,-7.846,6.143,0.92275,74.342
[SHELL] ccB:456,18965,1,6.831,-19.454,12.622,77.216,33.331,22.784,77.775,22.225,36.376
[SHELL] ccA:457,3802380827,54707,-1.426,13.725,0.000,35.000,4.64375,4.99161,15.83,-7.816,25.615,-7.233,23.702,-7.839,6.145,0.92531,74.342
[SHELL] ccB:457,18963,1,13.790,-6.478,-7.312,78.829,52.588,21.171,77.216,33.331,22.784
[SHELL] ccA:458,3802600739,54708,-8.299,12.075,0.000,35.000,5.07132,5.41950,15.83,-7.665,25.652,-7.095,23.743,-7.825,6.149,0.92561,74.342
[SHELL] ccB:458,18919,1,8.390,6.207,-14.597,75.687,72.817,24.313,78.829,52.588,21.171
[SHELL] ccA:459,3802820759,54709,-1.304,15.173,0.000,35.000,5.48554,5.83368,15.83,-7.798,25.590,-7.223,23.705,-7.818,6.150,0.92631,74.342
[SHELL] ccB:459,18929,1,9.948,5.011,-14.959,57.657,78.527,21.473,75.687,72.817,24.313
[SHELL] ccA:460,3803040727,54710,15.270,21.000,0.000,35.000,5.91533,6.26354,15.78,-8.139,25.469,-7.543,23.605,-7.827,6.145,0.92680,74.342
[SHELL] ccB:460,18913,1,21.800,1.314,-23.114,35.719,77.665,22.335,57.657,78.527,21.473
[SHELL] ccA:461,3803260635,54711,10.696,13.955,0.000,35.000,0.05503,0.40325,15.82,-8.052,25.612,-7.432,23.640,-7.832,6.146,0.92299,74.342
[SHELL] ccB:461,18867,1,9.912,7.621,-17.533,22.779,77.221,33.356,35.719,77.665,22.335
[SHELL] ccA:462,3803480815,54712,-3.335,16.114,0.000,35.000,0.47882,0.82709,15.65,-7.762,25.568,-7.198,23.712,-7.823,6.147,0.92740,74.342
[SHELL] ccB:462,18957,1,-10.384,16.247,-5.862,21.213,78.787,53.728,22.779,77.221,33.356
[SHELL] ccA:463,3803701119,54713,-9.340,16.562,0.000,35.000,0.90484,1.25270,16.42,-7.627,25.559,-7.086,23.746,-7.808,6.147,0.92906,74.342
[SHELL] ccB:463,19109,1,-18.793,11.897,6.896,24.604,75.396,73.773,21.213,78.787,53.728
[SHELL] ctrlcap v1 armed=0 count=512 clock_hz=550000000 decimation=1
[SHELL] ccA:index,cycles,seq,id,iq,idref,iqref,theta,actangle,age_us,vdreq,vqreq,vd,vq,intd,intq,scale,bus
[SHELL] ccB:index,timer,valid,ia,ib,ic,du,dv,dw,active_u,active_v,active_w
[SHELL] ccA:464,3803921043,54714,-2.305,19.176,0.000,35.000,1.32298,1.67065,16.05,-7.760,25.505,-7.213,23.708,-7.800,6.145,0.92954,74.342
[SHELL] ccB:464,19071,1,-19.155,11.716,7.439,21.370,56.402,78.630,24.604,75.396,73.773
[SHELL] ccA:465,3804141003,54715,10.464,22.069,0.000,35.000,1.74384,2.09160,16.05,-8.020,25.442,-7.450,23.634,-7.805,6.140,0.92895,74.342
[SHELL] ccB:465,19051,1,-23.541,17.406,6.134,22.444,35.101,77.556,21.370,56.402,78.630
[SHELL] ccA:466,3804360899,54716,6.314,15.257,0.000,35.000,2.17380,2.52182,16.00,-7.938,25.580,-7.344,23.667,-7.805,6.140,0.92524,74.342
[SHELL] ccB:466,18999,1,-16.147,5.084,11.064,34.325,22.588,77.412,22.444,35.101,77.556
[SHELL] ccA:467,3804581015,54717,-6.287,19.596,0.000,35.000,2.57742,2.92546,15.89,-7.673,25.489,-7.143,23.729,-7.794,6.138,0.93093,74.342
[SHELL] ccB:467,19057,1,-5.165,-14.669,19.835,53.810,21.216,78.784,34.325,22.588,77.412
[SHELL] ccA:468,3804800323,54718,-6.928,18.006,0.000,35.000,3.01226,3.36076,15.49,-7.648,25.520,-7.114,23.738,-7.782,6.137,0.93014,74.342
[SHELL] ccB:468,18711,1,4.548,-18.511,13.963,74.424,24.811,75.189,53.810,21.216,78.784
[SHELL] ccA:469,3805020431,54719,4.897,18.693,0.000,35.000,3.42872,3.77794,15.80,-7.884,25.550,-7.307,23.679,-7.781,6.135,0.92675,74.342
[SHELL] ccB:469,18765,1,0.598,-17.025,16.428,78.688,21.312,55.565,74.424,24.811,75.189
[SHELL] ccA:470,3805240411,54720,15.339,19.898,0.000,35.000,3.85098,4.20000,15.49,-8.103,25.523,-7.498,23.619,-7.790,6.131,0.92541,74.342
[SHELL] ccB:470,18755,1,1.322,-22.389,21.067,77.415,22.585,34.337,78.688,21.312,55.565
[SHELL] ccA:471,3805460439,54721,8.464,12.996,0.000,35.000,4.27112,4.62011,15.51,-7.968,25.664,-7.348,23.666,-7.792,6.133,0.92217,74.342
[SHELL] ccB:471,18769,1,8.136,-15.503,7.367,77.448,34.516,22.552,77.415,22.585,34.337
[SHELL] ccA:472,3805680439,54722,-1.761,13.361,0.000,35.000,4.69340,5.04238,15.51,-7.755,25.658,-7.170,23.721,-7.785,6.135,0.92450,74.342
[SHELL] ccB:472,18769,1,13.392,-5.391,-8.001,78.724,54.987,21.276,77.448,34.516,22.552
[SHELL] ccA:473,3805900343,54723,-9.058,9.168,0.000,35.000,5.10688,5.45619,15.51,-7.594,25.748,-7.010,23.768,-7.770,6.141,0.92310,74.342
[SHELL] ccB:473,18721,1,4.983,7.802,-12.785,75.236,74.279,24.764,78.724,54.987,21.276
[SHELL] ccA:474,3806120339,54724,-3.142,14.778,0.000,35.000,5.52764,5.87697,15.51,-7.704,25.637,-7.132,23.732,-7.761,6.142,0.92572,74.342
[SHELL] ccB:474,18719,1,7.846,7.258,-15.104,55.703,78.679,21.321,75.236,74.279,24.764
[SHELL] ccA:475,3806340535,54725,15.608,20.110,0.000,35.000,5.94195,0.00809,15.51,-8.089,25.526,-7.486,23.623,-7.770,6.138,0.92545,74.342
[SHELL] ccB:475,18817,1,21.438,1.169,-22.607,34.511,77.447,22.553,55.703,78.679,21.321
[SHELL] ccA:476,3806560555,54726,11.815,13.894,0.000,35.000,0.08199,0.43099,15.63,-8.019,25.652,-7.393,23.652,-7.776,6.139,0.92203,74.342
[SHELL] ccB:476,18827,1,10.637,7.512,-18.149,22.537,77.463,34.593,34.511,77.447,22.553
[SHELL] ccA:477,3806780607,54727,0.518,16.336,0.000,35.000,0.49994,0.84921,15.52,-7.787,25.602,-7.211,23.708,-7.771,6.139,0.92603,74.342
[SHELL] ccB:477,18853,1,-7.376,16.319,-8.943,21.269,78.731,54.856,22.537,77.463,34.593
[SHELL] ccA:478,3807000871,54728,-3.192,16.255,0.000,35.000,0.92173,1.27036,15.89,-7.704,25.603,-7.140,23.730,-7.762,6.139,0.92682,74.342
[SHELL] ccB:478,18985,1,-14.879,13.746,1.133,24.883,75.117,74.645,21.269,78.731,54.856
[SHELL] ccA:479,3807220847,54729,7.663,18.001,0.000,35.000,1.34436,1.69302,15.84,-7.923,25.567,-7.335,23.670,-7.764,6.137,0.92582,74.342
[SHELL] ccB:479,18973,1,-15.821,17.878,-2.057,21.279,55.035,78.721,24.883,75.117,74.645
[SHELL] ctrlcap v1 armed=0 count=512 clock_hz=550000000 decimation=1
[SHELL] ccA:index,cycles,seq,id,iq,idref,iqref,theta,actangle,age_us,vdreq,vqreq,vd,vq,intd,intq,scale,bus
[SHELL] ccB:index,timer,valid,ia,ib,ic,du,dv,dw,active_u,active_v,active_w
[SHELL] ccA:480,3807440867,54730,17.659,18.304,0.000,35.000,1.76228,2.11100,15.92,-8.135,25.558,-7.516,23.613,-7.775,6.134,0.92390,74.342
[SHELL] ccB:480,18983,1,-21.330,22.662,-1.332,22.641,34.047,77.359,21.279,55.035,78.721
[SHELL] ccA:481,3807660735,54731,8.136,12.903,0.000,35.000,2.17456,2.52355,15.87,-7.946,25.669,-7.328,23.672,-7.777,6.136,0.92221,74.342
[SHELL] ccB:481,18917,1,-15.241,7.077,8.164,34.374,22.578,77.422,22.641,34.047,77.359
[SHELL] ccA:482,3807880691,54732,3.718,17.869,0.000,35.000,2.60148,2.95059,15.76,-7.855,25.567,-7.278,23.688,-7.775,6.135,0.92650,74.342
[SHELL] ccB:482,18895,1,-12.378,-5.427,17.805,55.344,21.298,78.702,34.374,22.578,77.422
[SHELL] ccA:483,3808100667,54733,6.816,17.672,0.000,35.000,3.02283,3.37193,15.76,-7.918,25.569,-7.287,23.531,-7.776,6.132,0.92030,73.902
[SHELL] ccB:483,18883,1,-8.862,-10.066,18.928,75.101,24.899,74.694,55.344,21.298,78.702
[SHELL] ccA:484,3808320771,54734,14.740,17.150,0.000,35.000,3.43663,3.78538,15.76,-8.085,25.577,-7.469,23.628,-7.784,6.130,0.92379,74.342
[SHELL] ccB:484,18935,1,-9.116,-13.365,22.480,78.731,21.269,54.854,75.101,24.899,74.694
[SHELL] ccA:485,3808540655,54735,23.285,18.444,0.000,35.000,3.86398,4.21308,15.76,-8.273,25.549,-7.634,23.575,-7.801,6.127,0.92277,74.342
[SHELL] ccB:485,18877,1,-5.274,-22.679,27.953,77.239,22.761,33.446,78.731,21.269,54.854
[SHELL] ccA:486,3808760683,54736,14.992,11.639,0.000,35.000,4.29226,4.64131,15.78,-8.116,25.688,-7.465,23.629,-7.810,6.130,0.91985,74.342
[SHELL] ccB:486,18891,1,4.512,-18.221,13.709,77.673,35.767,22.327,77.239,22.761,33.446
[SHELL] ccA:487,3808980783,54737,2.508,12.748,0.000,35.000,4.70888,5.05764,15.78,-7.862,25.668,-7.258,23.694,-7.806,6.132,0.92310,74.342
[SHELL] ccB:487,18941,1,12.739,-8.580,-4.159,78.664,55.930,21.336,77.673,35.767,22.327
[SHELL] ccA:488,3809200731,54738,-1.826,11.047,0.000,35.000,5.12805,5.47690,15.78,-7.768,25.706,-7.210,23.862,-7.799,6.138,0.92825,74.782
[SHELL] ccB:488,18915,1,9.369,0.626,-9.994,74.533,75.154,24.846,78.664,55.930,21.336
[SHELL] ccA:489,3809420747,54739,7.447,15.840,0.000,35.000,5.55353,5.90233,15.72,-7.955,25.611,-7.351,23.665,-7.800,6.137,0.92403,74.342
[SHELL] ccB:489,18923,1,16.110,-2.129,-13.981,53.980,78.776,21.224,74.533,75.154,24.846
[SHELL] ccA:490,3809640619,54740,22.014,20.594,0.000,35.000,5.96835,0.03430,15.72,-8.262,25.511,-7.681,23.714,-7.816,6.134,0.92959,74.782
[SHELL] ccB:490,18859,1,27.309,-2.600,-24.709,32.972,77.142,22.858,53.980,78.776,21.224
[SHELL] ccA:491,3809860563,54741,14.754,15.156,0.000,35.000,0.09520,0.44422,15.69,-8.126,25.621,-7.536,23.761,-7.825,6.135,0.92738,74.782
[SHELL] ccB:491,18831,1,13.247,7.657,-20.903,22.387,77.613,35.422,32.972,77.142,22.858
[SHELL] ccA:492,3810080671,54742,6.324,16.421,0.000,35.000,0.53632,0.88550,15.53,-7.958,25.596,-7.357,23.663,-7.825,6.134,0.92449,74.342
[SHELL] ccB:492,18885,1,-2.954,16.500,-13.546,21.414,78.586,56.964,22.387,77.613,35.422
[SHELL] ccA:493,3810300919,54743,3.846,15.755,0.000,35.000,0.95484,1.30351,15.96,-7.906,25.609,-7.310,23.678,-7.823,6.134,0.92458,74.342
[SHELL] ccB:493,19009,1,-10.638,15.920,-5.282,24.549,73.595,75.451,21.414,78.586,56.964
[SHELL] ccA:494,3810520819,54744,11.819,18.015,0.000,35.000,1.37839,1.72733,15.91,-8.071,25.562,-7.506,23.770,-7.829,6.133,0.92992,74.782
[SHELL] ccB:494,18959,1,-15.422,20.741,-5.319,21.187,53.058,78.813,24.549,73.595,75.451
[SHELL] ccA:495,3810740787,54745,19.696,16.973,0.000,35.000,1.80233,2.15127,15.91,-8.243,25.583,-7.645,23.726,-7.843,6.133,0.92743,74.782
[SHELL] ccB:495,18943,1,-21.040,23.749,-2.709,23.071,31.985,76.929,21.187,53.058,78.813
[SHELL] ctrlcap v1 armed=0 count=512 clock_hz=550000000 decimation=1
[SHELL] ccA:index,cycles,seq,id,iq,idref,iqref,theta,actangle,age_us,vdreq,vqreq,vd,vq,intd,intq,scale,bus
[SHELL] ccB:index,timer,valid,ia,ib,ic,du,dv,dw,active_u,active_v,active_w
[SHELL] ccA:496,3810960719,54746,7.045,11.890,0.000,35.000,2.22712,2.57613,15.85,-7.991,25.689,-7.404,23.802,-7.844,6.137,0.92656,74.782
[SHELL] ccB:496,18909,1,-13.719,5.410,8.309,36.959,22.132,77.868,23.071,31.985,76.929
[SHELL] ccA:497,3811180723,54747,-2.236,17.518,0.000,35.000,2.64835,2.99728,15.80,-7.797,25.575,-7.270,23.844,-7.837,6.137,0.93231,74.782
[SHELL] ccB:497,18911,1,-6.325,-11.117,17.442,57.552,21.464,78.536,36.959,22.132,77.868
[SHELL] ccA:498,3811400699,54748,-3.673,16.461,0.000,35.000,3.06326,3.41230,15.80,-7.760,25.597,-7.232,23.855,-7.828,6.138,0.93194,74.782
[SHELL] ccB:498,18899,1,2.373,-15.648,13.274,75.577,24.423,73.184,57.552,21.464,78.536
[SHELL] ccA:499,3811620751,54749,12.036,22.603,0.000,35.000,3.49815,3.84719,15.82,-8.081,25.469,-7.538,23.760,-7.834,6.134,0.93289,74.782
[SHELL] ccB:499,18925,1,-3.389,-20.287,23.676,78.850,21.150,51.719,75.577,24.423,73.184
[SHELL] ccA:500,3811840755,54750,19.704,20.009,0.000,35.000,3.91351,4.26245,15.82,-8.248,25.519,-7.666,23.719,-7.848,6.131,0.92946,74.782
[SHELL] ccB:500,18927,1,-0.164,-24.238,24.401,76.741,23.259,31.163,78.850,21.150,51.719
[SHELL] ccA:501,3812060815,54751,5.568,14.272,0.000,35.000,4.34557,4.69435,15.84,-7.965,25.637,-7.396,23.805,-7.848,6.133,0.92854,74.782
[SHELL] ccB:501,18957,1,11.326,-14.597,3.271,78.037,38.096,21.963,76.741,23.259,31.163
[SHELL] ccA:502,3812280847,54752,-4.997,16.490,0.000,35.000,4.76252,5.11123,15.84,-7.743,25.593,-7.219,23.859,-7.838,6.134,0.93227,74.782
[SHELL] ccB:502,18973,1,16.219,-3.071,-13.147,78.456,58.412,21.544,78.037,38.096,21.963
[SHELL] ccA:503,3812500823,54753,-8.489,15.090,0.000,35.000,5.18397,5.53275,15.84,-7.660,25.623,-7.098,23.742,-7.824,6.135,0.92660,74.342
[SHELL] ccB:503,18961,1,9.586,7.693,-17.279,72.195,75.867,24.133,78.456,58.412,21.544
[SHELL] ccA:504,3812720723,54754,0.726,21.148,0.000,35.000,5.60769,5.95675,15.79,-7.839,25.497,-7.282,23.686,-7.819,6.131,0.92899,74.342
[SHELL] ccB:504,18911,1,13.790,7.004,-20.795,51.408,78.856,21.144,72.195,75.867,24.133
[SHELL] ccA:505,3812940771,54755,17.126,21.409,0.000,35.000,6.02762,0.09316,15.79,-8.179,25.487,-7.572,23.596,-7.830,6.126,0.92578,74.342
[SHELL] ccB:505,18935,1,21.981,3.199,-25.180,30.360,76.547,23.453,51.408,78.856,21.144
[SHELL] ccA:506,3813160555,54756,4.122,14.784,0.000,35.000,0.16194,0.51106,15.72,-7.917,25.621,-7.316,23.676,-7.828,6.127,0.92409,74.342
[SHELL] ccB:506,18827,1,1.685,12.369,-14.053,21.936,78.064,38.287,30.360,76.547,23.453
[SHELL] ccA:507,3813380743,54757,-5.990,17.896,0.000,35.000,0.58210,0.93131,15.61,-7.702,25.556,-7.151,23.726,-7.817,6.125,0.92839,74.342
[SHELL] ccB:507,18921,1,-14.842,17.515,-2.673,21.583,78.417,58.796,21.936,78.064,38.287
[SHELL] ccA:508,3813600899,54758,-4.591,18.203,0.000,35.000,1.00282,1.35170,15.99,-7.720,25.549,-7.168,23.721,-7.807,6.124,0.92847,74.342
[SHELL] ccB:508,18999,1,-17.814,14.036,3.779,23.997,71.714,76.003,21.583,78.417,58.796
[SHELL] ccA:509,3813820903,54759,7.716,22.035,0.000,35.000,1.42480,1.77364,15.99,-7.969,25.467,-7.400,23.650,-7.809,6.119,0.92865,74.342
[SHELL] ccB:509,19001,1,-20.678,19.726,0.952,21.137,50.875,78.863,23.997,71.714,76.003
[SHELL] ccA:510,3814040875,54760,18.024,18.675,0.000,35.000,1.84455,2.19341,15.99,-8.187,25.532,-7.567,23.597,-7.820,6.116,0.92421,74.342
[SHELL] ccB:510,18987,1,-22.852,22.082,0.770,23.517,30.101,76.483,21.137,50.875,78.863
[SHELL] ccA:511,3814260887,54761,1.044,12.772,0.000,35.000,2.26868,2.61739,15.93,-7.842,25.653,-7.245,23.698,-7.816,6.118,0.92378,74.342
[SHELL] ccB:511,18993,1,-10.457,-1.187,11.643,38.722,21.876,78.124,23.517,30.101,76.483
