[SHELL] ctrlcap v1 armed=0 count=512 clock_hz=550000000 decimation=1
[SHELL] ccA:index,cycles,seq,id,iq,idref,iqref,theta,actangle,age_us,vdreq,vqreq,vd,vq,intd,intq,scale,bus,raw_id,raw_iq
[SHELL] ccB:index,timer,valid,ia,ib,ic,du,dv,dw,active_u,active_v,active_w
[SHELL] ccA:0,311381559,96650,-1.246,17.247,0.000,20.000,5.43020,5.53250,22.28,-4.668,14.023,-4.668,14.023,-4.693,3.111,1.00000,74.342,0.503,18.149
[SHELL] ccB:0,2147517875,1,14.002,3.009,-17.011,62.413,65.654,34.346,65.195,64.072,34.805
[SHELL] ccA:1,311491491,96651,0.070,19.713,0.000,20.000,5.55029,5.65255,22.15,-4.694,13.973,-4.694,13.973,-4.693,3.111,1.00000,73.902,-0.363,21.278
[SHELL] ccB:1,20739,1,13.965,6.923,-20.889,59.028,66.469,33.531,62.413,65.654,34.346
[SHELL] ccA:2,311601543,96652,0.514,21.739,0.000,20.000,5.67744,5.77971,22.24,-4.704,13.932,-4.704,13.932,-4.693,3.110,1.00000,73.902,1.391,22.201
[SHELL] ccB:2,2147517883,1,13.784,8.228,-22.012,55.281,66.960,33.040,59.028,66.469,33.531
[SHELL] ccA:3,311711483,96653,2.593,23.402,0.000,20.000,5.79778,5.90001,22.12,-4.746,13.897,-4.746,13.897,-4.695,3.108,1.00000,73.902,3.794,24.604
[SHELL] ccB:3,20735,1,14.835,9.895,-24.731,51.610,67.184,32.816,55.281,66.960,33.040
[SHELL] ccA:4,311821583,96654,2.254,22.734,0.000,20.000,5.92113,6.02339,22.27,-4.741,13.909,-4.741,13.909,-4.696,3.107,1.00000,74.342,0.714,20.864
[SHELL] ccB:4,2147517863,1,8.058,12.650,-20.707,47.965,67.078,32.922,51.610,67.184,32.816
[SHELL] ccA:5,311931491,96655,3.387,21.542,0.000,20.000,6.04467,6.14694,22.15,-4.765,13.932,-4.765,13.932,-4.697,3.106,1.00000,74.342,6.060,22.219
[SHELL] ccB:5,20739,1,11.138,11.889,-23.027,44.293,66.833,33.167,47.965,67.078,32.922
[SHELL] ccA:6,312041515,96656,1.551,20.592,0.000,20.000,6.17319,6.27547,22.15,-4.729,13.951,-4.729,13.951,-4.698,3.106,1.00000,74.342,-2.958,18.965
[SHELL] ccB:6,2147517897,1,-0.858,17.035,-16.177,40.675,66.294,33.706,44.293,66.833,33.167
[SHELL] ccA:7,312151543,96657,-0.138,19.094,0.000,20.000,0.01447,0.11672,22.32,-4.695,13.981,-4.695,13.981,-4.698,3.106,1.00000,74.342,2.682,19.222
[SHELL] ccB:7,20765,1,2.404,15.477,-17.880,37.306,65.539,34.461,40.675,66.294,33.706
[SHELL] ccA:8,312261371,96658,0.256,19.081,0.000,20.000,0.13304,0.23531,22.04,-4.703,13.982,-4.703,13.982,-4.698,3.107,1.00000,74.342,-2.171,18.940
[SHELL] ccB:8,2147517969,1,-4.664,18.340,-13.676,34.816,65.184,36.060,37.306,65.539,34.461
[SHELL] ccA:9,312372031,96659,-1.510,19.337,0.000,20.000,0.26201,0.36496,23.29,-4.667,13.977,-4.667,13.977,-4.697,3.107,1.00000,74.342,-0.850,19.734
[SHELL] ccB:9,21009,1,-5.932,19.282,-13.350,33.934,66.066,39.527,34.816,65.184,36.060
[SHELL] ccA:10,312481339,96660,-0.850,20.987,0.000,20.000,0.38584,0.48810,22.04,-4.680,13.944,-4.680,13.944,-4.697,3.106,1.00000,74.342,-0.851,22.239
[SHELL] ccB:10,2147517985,1,-9.158,22.146,-12.988,33.338,66.662,43.082,33.934,66.066,39.527
[SHELL] ccA:11,312591227,96661,-1.416,22.322,0.000,20.000,0.50648,0.60874,21.92,-4.668,13.916,-4.668,13.916,-4.696,3.105,1.00000,74.342,-1.981,22.405
[SHELL] ccB:11,20607,1,-12.601,22.436,-9.834,33.014,66.986,46.607,33.338,66.662,43.082
[SHELL] ccA:12,312701231,96662,-0.222,22.129,0.000,20.000,0.63140,0.73366,21.92,-4.692,13.919,-4.692,13.919,-4.696,3.104,1.00000,74.342,1.537,21.853
[SHELL] ccB:12,2147518039,1,-11.659,21.892,-10.233,32.891,67.109,50.343,33.014,66.986,46.607
[SHELL] ccA:13,312811459,96663,-0.676,20.255,0.000,20.000,0.74845,0.85069,21.90,-4.682,13.956,-4.682,13.956,-4.696,3.104,1.00000,74.342,-2.888,18.656
[SHELL] ccB:13,20723,1,-14.812,17.543,-2.731,32.990,67.010,53.768,32.891,67.109,50.343
[SHELL] ccA:14,312921691,96664,-0.620,19.132,0.000,20.000,0.87918,0.98145,22.33,-4.683,13.979,-4.683,13.979,-4.696,3.105,1.00000,74.342,1.649,19.609
[SHELL] ccB:14,2147517809,1,-14.051,18.956,-4.905,33.392,66.608,57.576,32.990,67.010,53.768
[SHELL] ccA:15,313031631,96665,-1.473,18.815,0.000,20.000,1.00488,1.10712,22.27,-4.665,13.986,-4.665,13.986,-4.695,3.105,1.00000,74.342,-4.596,18.020
[SHELL] ccB:15,20809,1,-17.675,13.846,3.830,34.062,65.938,61.086,33.392,66.608,57.576
[SHELL] ctrlcap v1 armed=0 count=512 clock_hz=550000000 decimation=1
[SHELL] ccA:index,cycles,seq,id,iq,idref,iqref,theta,actangle,age_us,vdreq,vqreq,vd,vq,intd,intq,scale,bus,raw_id,raw_iq
[SHELL] ccB:index,timer,valid,ia,ib,ic,du,dv,dw,active_u,active_v,active_w
[SHELL] ccA:16,313141631,96666,-1.892,18.180,0.000,20.000,1.12836,1.23060,22.27,-4.656,13.999,-4.656,13.999,-4.694,3.106,1.00000,74.342,0.813,18.340
[SHELL] ccB:16,2147517839,1,-16.226,15.549,0.676,34.954,65.046,64.388,34.062,65.938,61.086
[SHELL] ccA:17,313251619,96667,-1.204,19.050,0.000,20.000,1.24189,1.34415,22.27,-4.669,13.983,-4.669,13.983,-4.693,3.106,1.00000,74.342,-3.221,19.760
[SHELL] ccB:17,20803,1,-19.741,12.758,6.983,34.376,62.344,65.624,34.954,65.046,64.388
[SHELL] ccA:18,313361675,96668,-1.909,20.554,0.000,20.000,1.37214,1.47440,22.34,-4.654,13.952,-4.654,13.952,-4.692,3.106,1.00000,74.342,-0.597,21.348
[SHELL] ccB:18,2147517817,1,-21.046,13.665,7.381,33.622,58.714,66.378,34.376,62.344,65.624
[SHELL] ccA:19,313471639,96669,0.045,21.737,0.000,20.000,1.50117,1.60343,22.28,-4.693,13.928,-4.693,13.928,-4.692,3.105,1.00000,74.342,0.688,22.126
[SHELL] ccB:19,20813,1,-22.025,12.940,9.085,33.114,54.898,66.886,33.622,58.714,66.378
[SHELL] ccA:20,313581639,96670,-0.270,21.687,0.000,20.000,1.62303,1.72528,22.27,-4.687,13.928,-4.687,13.928,-4.692,3.105,1.00000,73.902,-1.229,21.248
[SHELL] ccB:20,2147517835,1,-21.155,8.554,12.601,32.796,51.327,67.204,33.114,54.898,66.886
[SHELL] ccA:21,313691655,96671,1.091,20.641,0.000,20.000,1.74417,1.84643,22.33,-4.715,13.948,-4.715,13.948,-4.693,3.104,1.00000,74.342,3.410,20.033
[SHELL] ccB:21,20821,1,-20.321,10.076,10.245,32.900,47.686,67.100,32.796,51.327,67.204
[SHELL] ccA:22,313801631,96672,-0.197,19.299,0.000,20.000,1.86925,1.97153,22.27,-4.689,13.976,-4.689,13.976,-4.693,3.105,1.00000,74.342,-3.805,18.564
[SHELL] ccB:22,2147517839,1,-16.624,0.436,16.189,33.173,44.067,66.827,32.900,47.686,67.100
[SHELL] ccA:23,313911647,96673,-1.819,19.174,0.000,20.000,1.99817,2.10046,22.35,-4.655,13.978,-4.655,13.978,-4.692,3.105,1.00000,74.342,0.167,19.785
[SHELL] ccB:23,20817,1,-18.074,2.067,16.008,33.749,40.436,66.251,33.173,44.067,66.827
[SHELL] ccA:24,314021611,96674,-2.260,19.372,0.000,20.000,2.12254,2.22483,22.29,-4.645,13.975,-4.645,13.975,-4.691,3.105,1.00000,74.342,-4.687,18.959
[SHELL] ccB:24,2147517849,1,-13.689,-5.218,18.907,34.563,37.039,65.437,33.749,40.436,66.251
[SHELL] ccA:25,314131555,96675,-2.792,19.449,0.000,20.000,2.24126,2.34351,22.19,-4.633,13.974,-4.633,13.974,-4.689,3.106,1.00000,74.342,-0.897,19.939
[SHELL] ccB:25,20771,1,-15.066,-3.805,18.871,36.338,34.772,65.228,34.563,37.039,65.437
[SHELL] ccA:26,314241575,96676,-1.533,20.917,0.000,20.000,2.36288,2.46513,22.21,-4.658,13.944,-4.658,13.944,-4.688,3.105,1.00000,74.342,-2.170,21.895
[SHELL] ccB:26,2147517867,1,-13.834,-7.901,21.734,39.715,33.937,66.063,36.338,34.772,65.228
[SHELL] ccA:27,314351607,96677,-0.812,22.925,0.000,20.000,2.49025,2.59255,22.28,-4.672,13.902,-4.672,13.902,-4.688,3.104,1.00000,74.342,0.545,23.956
[SHELL] ccB:27,20797,1,-14.957,-8.734,23.691,43.402,33.345,66.655,39.715,33.937,66.063
[SHELL] ccA:28,314461615,96678,1.757,24.252,0.000,20.000,2.61047,2.71272,22.29,-4.724,13.873,-4.724,13.873,-4.689,3.101,1.00000,74.342,2.969,24.548
[SHELL] ccB:28,2147517847,1,-14.993,-9.531,24.525,47.028,33.014,66.986,43.402,33.345,66.655
[SHELL] ccA:29,314571631,96679,1.755,23.534,0.000,20.000,2.73810,2.84039,22.33,-4.725,13.886,-4.725,13.886,-4.690,3.100,1.00000,74.342,0.541,22.520
[SHELL] ccB:29,20809,1,-9.339,-13.083,22.423,50.792,32.919,67.081,47.028,33.014,66.986
[SHELL] ccA:30,314681559,96680,3.181,22.201,0.000,20.000,2.86076,2.96301,22.23,-4.755,13.912,-4.755,13.912,-4.691,3.099,1.00000,74.342,5.822,21.882
[SHELL] ccB:30,2147517875,1,-11.659,-10.981,22.640,54.456,33.068,66.932,50.792,32.919,67.081
[SHELL] ccA:31,314791647,96681,2.203,21.012,0.000,20.000,2.98931,3.09157,22.34,-4.737,13.935,-4.737,13.935,-4.693,3.098,1.00000,74.342,-1.416,20.141
[SHELL] ccB:31,20817,1,-1.656,-16.599,18.255,58.139,33.511,66.489,54.456,33.068,66.932
[SHELL] ctrlcap v1 armed=0 count=512 clock_hz=550000000 decimation=1
[SHELL] ccA:index,cycles,seq,id,iq,idref,iqref,theta,actangle,age_us,vdreq,vqreq,vd,vq,intd,intq,scale,bus,raw_id,raw_iq
[SHELL] ccB:index,timer,valid,ia,ib,ic,du,dv,dw,active_u,active_v,active_w
[SHELL] ccA:32,314901563,96682,1.028,19.943,0.000,20.000,3.10862,3.21088,22.21,-4.714,13.956,-4.714,13.956,-4.693,3.098,1.00000,74.342,3.471,19.746
[SHELL] ccB:32,2147517873,1,-4.120,-14.932,19.052,61.437,34.161,65.839,58.139,33.511,66.489
[SHELL] ccA:33,315011579,96683,0.424,19.040,0.000,20.000,3.23520,3.33745,22.19,-4.702,13.975,-4.702,13.975,-4.693,3.099,1.00000,74.342,-2.622,18.335
[SHELL] ccB:33,20783,1,4.325,-17.759,13.434,64.793,35.098,64.902,61.437,34.161,65.839
[SHELL] ccA:34,315121663,96684,-0.341,18.757,0.000,20.000,3.36175,3.46398,22.33,-4.686,13.981,-4.686,13.981,-4.693,3.099,1.00000,74.342,1.940,19.178
[SHELL] ccB:34,2147517823,1,2.295,-17.723,15.428,65.812,34.188,61.624,64.793,35.098,64.902
[SHELL] ccA:35,315231563,96685,0.772,20.728,0.000,20.000,3.47822,3.58049,22.21,-4.709,13.941,-4.709,13.941,-4.693,3.099,1.00000,74.342,-0.395,22.278
[SHELL] ccB:35,20775,1,7.732,-21.963,14.232,66.462,33.538,58.278,65.812,34.188,61.624
[SHELL] ccA:36,315341567,96686,-0.750,21.908,0.000,20.000,3.60390,3.70614,22.21,-4.678,13.917,-4.678,13.917,-4.693,3.098,1.00000,74.342,-1.105,21.537
[SHELL] ccB:36,2147517871,1,10.595,-21.564,10.970,66.889,33.111,54.672,66.462,33.538,58.278
[SHELL] ccA:37,315451603,96687,0.495,21.253,0.000,20.000,3.72666,3.82892,22.28,-4.703,13.929,-4.703,13.929,-4.693,3.097,1.00000,74.342,2.094,20.968
[SHELL] ccB:37,20795,1,9.834,-21.057,11.223,67.117,32.883,51.015,66.889,33.111,54.672
[SHELL] ccA:38,315561583,96688,0.360,19.942,0.000,20.000,3.85793,3.96019,22.22,-4.701,13.956,-4.701,13.956,-4.694,3.097,1.00000,74.342,-1.375,18.916
[SHELL] ccB:38,2147517863,1,13.458,-18.302,4.844,67.075,32.925,47.143,67.117,32.883,51.015
[SHELL] ccA:39,315671611,96689,1.566,18.940,0.000,20.000,3.98094,4.08319,22.32,-4.726,13.976,-4.726,13.976,-4.694,3.098,1.00000,74.342,4.507,18.964
[SHELL] ccB:39,20799,1,11.102,-19.426,8.324,66.771,33.229,43.491,67.075,32.925,47.143
[SHELL] ccA:40,315781559,96690,1.003,17.369,0.000,20.000,4.10271,4.20495,22.19,-4.715,14.009,-4.715,14.009,-4.695,3.099,1.00000,74.342,-2.501,15.774
[SHELL] ccB:40,2147517875,1,14.364,-13.228,-1.136,66.228,33.772,40.031,66.771,33.229,43.491
[SHELL] ccA:41,315891547,96691,-0.977,16.402,0.000,20.000,4.22166,4.32390,22.19,-4.675,14.030,-4.675,14.030,-4.694,3.101,1.00000,74.342,0.548,17.031
[SHELL] ccB:41,20767,1,14.763,-14.751,-0.012,65.461,34.539,36.841,66.228,33.772,40.031
[SHELL] ccA:42,316001523,96692,-0.989,17.060,0.000,20.000,4.34753,4.44979,22.19,-4.674,14.018,-4.674,14.018,-4.694,3.102,1.00000,74.342,-2.526,17.089
[SHELL] ccB:42,2147517893,1,16.865,-11.670,-5.195,65.391,36.647,34.609,65.461,34.539,36.841
[SHELL] ccA:43,316111535,96693,-1.190,18.295,0.000,20.000,4.46976,4.57202,22.19,-4.669,13.994,-4.669,13.994,-4.693,3.103,1.00000,74.342,0.145,19.501
[SHELL] ccB:43,20761,1,18.895,-13.627,-5.268,66.191,40.019,33.809,65.391,36.647,34.609
[SHELL] ccA:44,316221547,96694,0.754,20.054,0.000,20.000,4.59536,4.69760,22.20,-4.709,13.959,-4.709,13.959,-4.694,3.103,1.00000,74.342,1.362,20.608
[SHELL] ccB:44,2147517881,1,20.308,-13.410,-6.899,66.774,43.715,33.226,66.191,40.019,33.809
[SHELL] ccA:45,316331579,96695,0.729,20.077,0.000,20.000,4.71659,4.81884,22.26,-4.709,13.959,-4.709,13.959,-4.694,3.103,1.00000,74.342,0.096,19.547
[SHELL] ccB:45,20783,1,19.547,-9.785,-9.762,67.089,47.275,32.911,66.774,43.715,33.226
[SHELL] ccA:46,316441543,96696,2.747,19.003,0.000,20.000,4.84219,4.94446,22.20,-4.750,13.981,-4.750,13.981,-4.695,3.104,1.00000,74.342,5.399,18.460
[SHELL] ccB:46,2147517883,1,19.003,-12.069,-6.935,67.190,51.072,32.810,67.089,47.275,32.911
[SHELL] ccA:47,316551551,96697,1.898,17.261,0.000,20.000,4.96965,5.07191,22.20,-4.734,14.017,-4.734,14.017,-4.696,3.105,1.00000,74.342,-1.602,16.062
[SHELL] ccB:47,20769,1,15.125,-2.681,-12.444,67.010,54.804,32.990,67.190,51.072,32.810
[SHELL] ctrlcap v1 armed=0 count=512 clock_hz=550000000 decimation=1
[SHELL] ccA:index,cycles,seq,id,iq,idref,iqref,theta,actangle,age_us,vdreq,vqreq,vd,vq,intd,intq,scale,bus,raw_id,raw_iq
[SHELL] ccB:index,timer,valid,ia,ib,ic,du,dv,dw,active_u,active_v,active_w
[SHELL] ccA:48,316661583,96698,-0.124,17.010,0.000,20.000,5.09015,5.19241,22.26,-4.694,14.023,-4.694,14.023,-4.696,3.107,1.00000,74.342,1.355,17.958
[SHELL] ccB:48,2147517863,1,17.191,-3.950,-13.241,66.559,58.229,33.441,67.010,54.804,32.990
[SHELL] ccA:49,316771539,96699,-1.780,16.954,0.000,20.000,5.21200,5.31429,22.20,-4.660,14.026,-4.660,14.026,-4.695,3.108,1.00000,74.342,-4.915,15.950
[SHELL] ccB:49,20763,1,11.646,4.531,-16.177,65.865,61.587,34.135,66.559,58.229,33.441
[SHELL] ccA:50,316881539,96700,-2.867,16.018,0.000,20.000,5.33880,5.44105,22.19,-4.637,14.047,-4.637,14.047,-4.694,3.110,1.00000,74.342,-0.819,16.086
[SHELL] ccB:50,2147517885,1,12.552,2.465,-15.017,64.916,64.926,35.074,65.865,61.587,34.135
[SHELL] ccA:51,316991515,96701,-1.921,16.931,0.000,20.000,5.46159,5.56383,22.20,-4.655,14.030,-4.655,14.030,-4.693,3.112,1.00000,74.342,-3.023,17.776
[SHELL] ccB:51,20751,1,10.957,6.923,-17.880,61.588,65.867,34.133,64.916,64.926,35.074
[SHELL] ccA:52,317101475,96702,-2.180,18.937,0.000,20.000,5.58252,5.68476,22.12,-4.648,13.990,-4.648,13.990,-4.692,3.112,1.00000,74.342,-1.337,20.098
[SHELL] ccB:52,2147517917,1,11.936,8.083,-20.019,58.154,66.516,33.484,61.588,65.867,34.133
[SHELL] ccA:53,317211483,96703,-0.582,21.109,0.000,20.000,5.70937,5.81162,22.14,-4.680,13.946,-4.680,13.946,-4.692,3.112,1.00000,74.342,0.173,22.121
[SHELL] ccB:53,20735,1,12.153,9.931,-22.085,54.371,66.950,33.050,58.154,66.516,33.484
[SHELL] ccA:54,317321487,96704,-0.423,21.174,0.000,20.000,5.83535,5.93759,22.14,-4.683,13.945,-4.683,13.945,-4.691,3.111,1.00000,74.342,-1.018,20.226
[SHELL] ccB:54,2147517911,1,7.840,12.251,-20.091,50.641,67.132,32.868,54.371,66.950,33.050
[SHELL] ccA:55,317431479,96705,1.023,19.519,0.000,20.000,5.96575,6.06797,22.08,-4.712,13.978,-4.712,13.978,-4.692,3.111,1.00000,74.342,3.064,18.811
[SHELL] ccB:55,20733,1,8.783,10.258,-19.040,46.734,67.080,32.920,50.641,67.132,32.868
[SHELL] ccA:56,317541563,96706,-0.240,18.317,0.000,20.000,6.07825,6.18052,22.25,-4.687,14.003,-4.687,14.003,-4.692,3.112,1.00000,74.342,-3.544,17.822
[SHELL] ccB:56,2147517873,1,0.157,15.658,-15.815,43.489,66.786,33.214,46.734,67.080,32.920
[SHELL] ccA:57,317651515,96707,-1.187,17.805,0.000,20.000,6.20753,0.02659,22.15,-4.667,14.014,-4.667,14.014,-4.691,3.113,1.00000,74.342,1.171,17.787
[SHELL] ccB:57,20751,1,2.512,14.027,-16.539,39.834,66.175,33.825,43.489,66.786,33.214
[SHELL] ccA:58,317761431,96708,-2.091,17.283,0.000,20.000,0.04562,0.14789,22.15,-4.648,14.026,-4.648,14.026,-4.690,3.115,1.00000,74.342,-5.354,16.779
[SHELL] ccB:58,2147517939,1,-6.114,17.361,-11.248,36.553,65.363,34.637,39.834,66.175,33.825
[SHELL] ccA:59,317871371,96709,-3.387,17.997,0.000,20.000,0.17076,0.27302,22.10,-4.621,14.013,-4.621,14.013,-4.688,3.116,1.00000,74.342,-1.419,19.214
[SHELL] ccB:59,20679,1,-4.664,18.521,-13.857,34.565,65.435,36.899,36.553,65.363,34.637
[SHELL] ccA:60,317981299,96710,-2.377,19.542,0.000,20.000,0.30156,0.40383,21.98,-4.640,13.982,-4.640,13.982,-4.687,3.116,1.00000,74.342,-3.335,19.869
[SHELL] ccB:60,2147518005,1,-9.086,20.116,-11.030,33.726,66.274,40.566,34.565,65.435,36.899
[SHELL] ccA:61,318091279,96711,-3.074,20.592,0.000,20.000,0.41804,0.52029,21.98,-4.624,13.961,-4.624,13.961,-4.686,3.116,1.00000,74.342,-2.813,21.316
[SHELL] ccB:61,20633,1,-11.224,21.493,-10.269,33.234,66.766,43.900,33.726,66.274,40.566
[SHELL] ccA:62,318201279,96712,-2.305,21.699,0.000,20.000,0.54586,0.64813,21.93,-4.638,13.938,-4.638,13.938,-4.685,3.115,1.00000,74.342,-1.797,22.082
[SHELL] ccB:62,2147518015,1,-13.000,22.037,-9.037,32.940,67.060,47.697,33.234,66.766,43.900
[SHELL] ccA:63,318311587,96713,-3.175,21.099,0.000,20.000,0.66874,0.77099,22.09,-4.619,13.949,-4.619,13.949,-4.683,3.114,1.00000,74.342,-4.553,20.116
[SHELL] ccB:63,20787,1,-16.044,19.246,-3.202,32.899,67.101,51.292,32.940,67.060,47.697
[SHELL] ctrlcap v1 armed=0 count=512 clock_hz=550000000 decimation=1
[SHELL] ccA:index,cycles,seq,id,iq,idref,iqref,theta,actangle,age_us,vdreq,vqreq,vd,vq,intd,intq,scale,bus,raw_id,raw_iq
[SHELL] ccB:index,timer,valid,ia,ib,ic,du,dv,dw,active_u,active_v,active_w
[SHELL] ccA:64,318421787,96714,-1.327,20.379,0.000,20.000,0.79224,0.89479,22.40,-4.656,13.996,-4.656,13.996,-4.682,3.114,1.00000,74.342,1.899,20.642
[SHELL] ccB:64,2147517761,1,-13.362,20.406,-7.044,33.061,66.939,54.998,32.899,67.101,51.292
[SHELL] ccA:65,318531747,96715,-2.234,20.114,0.000,20.000,0.91633,1.01888,22.40,-4.636,14.001,-4.636,14.001,-4.681,3.114,1.00000,74.342,-6.368,19.586
[SHELL] ccB:65,20867,1,-19.415,15.658,3.757,33.543,66.457,58.551,33.061,66.939,54.998
[SHELL] ccA:66,318641707,96716,-3.714,19.519,0.000,20.000,1.04425,1.14681,22.32,-4.605,14.014,-4.605,14.014,-4.679,3.114,1.00000,74.342,-1.060,19.451
[SHELL] ccB:66,2147517801,1,-17.349,16.347,1.003,34.290,65.710,62.057,33.543,66.457,58.551
[SHELL] ccA:67,318751707,96717,-2.922,19.580,0.000,20.000,1.16439,1.26694,22.32,-4.619,14.013,-4.619,14.013,-4.678,3.114,1.00000,74.342,-4.784,19.709
[SHELL] ccB:67,20847,1,-19.995,12.940,7.055,34.991,64.507,65.009,34.290,65.710,62.057
[SHELL] ccA:68,318861739,96718,-4.147,19.925,0.000,20.000,1.28817,1.39074,22.41,-4.593,14.006,-4.593,14.006,-4.676,3.114,1.00000,74.342,-3.510,20.141
[SHELL] ccB:68,2147517785,1,-20.321,12.106,8.215,34.098,61.218,65.902,34.991,64.507,65.009
[SHELL] ccA:69,318971723,96719,-2.754,21.955,0.000,20.000,1.42074,1.52331,22.35,-4.619,13.964,-4.619,13.964,-4.674,3.113,1.00000,74.342,-1.999,23.769
[SHELL] ccB:69,20855,1,-23.801,13.266,10.535,33.405,57.389,66.595,34.098,61.218,65.902
[SHELL] ccA:70,319081743,96720,-1.671,23.623,0.000,20.000,1.53378,1.63635,22.41,-4.640,13.929,-4.640,13.929,-4.674,3.112,1.00000,74.342,-1.344,23.477
[SHELL] ccB:70,2147517783,1,-23.511,11.345,12.166,33.056,54.030,66.944,33.405,57.389,66.595
[SHELL] ccA:71,319191719,96721,-0.724,23.303,0.000,20.000,1.65476,1.75731,22.34,-4.659,13.934,-4.659,13.934,-4.673,3.110,1.00000,74.342,-0.104,23.130
[SHELL] ccB:71,20853,1,-23.039,9.750,13.289,32.887,50.428,67.113,33.056,54.030,66.944
[SHELL] ccA:72,319301715,96722,-1.734,21.419,0.000,20.000,1.77974,1.88229,22.34,-4.638,13.971,-4.638,13.971,-4.672,3.109,1.00000,74.342,-3.364,19.708
[SHELL] ccB:72,2147517797,1,-18.581,2.900,15.681,32.953,46.786,67.047,32.887,50.428,67.113
[SHELL] ccA:73,319411675,96723,-0.903,20.209,0.000,20.000,1.90641,2.00895,22.32,-4.654,13.995,-4.654,13.995,-4.672,3.109,1.00000,74.342,1.558,20.710
[SHELL] ccB:73,20831,1,-20.067,5.401,14.667,33.294,43.054,66.706,32.953,46.786,67.047
[SHELL] ccA:74,319521651,96724,-1.866,19.682,0.000,20.000,2.03273,2.13528,22.27,-4.634,14.005,-4.634,14.005,-4.671,3.109,1.00000,74.342,-5.291,18.654
[SHELL] ccB:74,2147517829,1,-14.341,-4.131,18.472,33.919,39.504,66.081,33.294,43.054,66.706
[SHELL] ccA:75,319631651,96725,-3.038,18.670,0.000,20.000,2.16300,2.26555,22.27,-4.609,14.026,-4.609,14.026,-4.669,3.110,1.00000,74.342,-0.786,18.687
[SHELL] ccB:75,20819,1,-15.066,-2.065,17.131,34.814,36.017,65.186,33.919,39.504,66.081
[SHELL] ccA:76,319741711,96726,-1.867,19.181,0.000,20.000,2.27593,2.37851,22.38,-4.631,14.017,-4.631,14.017,-4.668,3.110,1.00000,74.342,-2.947,19.674
[SHELL] ccB:76,2147517799,1,-13.072,-6.451,19.523,37.207,34.471,65.529,34.814,36.017,65.186
[SHELL] ccA:77,319851691,96727,-2.551,21.338,0.000,20.000,2.40225,2.50485,22.36,-4.616,13.973,-4.616,13.973,-4.667,3.110,1.00000,74.342,-2.156,23.002
[SHELL] ccB:77,20839,1,-13.906,-9.024,22.930,40.726,33.715,66.285,37.207,34.471,65.529
[SHELL] ccA:78,319962063,96728,-1.742,24.066,0.000,20.000,2.52219,2.62474,22.27,-4.631,13.916,-4.631,13.916,-4.666,3.108,1.00000,74.342,-1.328,25.129
[SHELL] ccB:78,2147517623,1,-13.507,-11.634,25.141,44.249,33.240,66.760,40.726,33.715,66.285
[SHELL] ccA:79,320071271,96729,-1.081,24.936,0.000,20.000,2.64885,2.75136,22.08,-4.644,13.896,-4.644,13.896,-4.666,3.105,1.00000,74.342,-0.834,24.744
[SHELL] ccB:79,20629,1,-10.970,-13.736,24.706,48.000,32.971,67.029,44.249,33.240,66.760
[SHELL] ctrlcap v1 armed=0 count=512 clock_hz=550000000 decimation=1
[SHELL] ccA:index,cycles,seq,id,iq,idref,iqref,theta,actangle,age_us,vdreq,vqreq,vd,vq,intd,intq,scale,bus,raw_id,raw_iq
[SHELL] ccB:index,timer,valid,ia,ib,ic,du,dv,dw,active_u,active_v,active_w
[SHELL] ccA:80,320181059,96730,2.266,23.811,0.000,20.000,2.77642,2.87901,21.74,-4.712,13.917,-4.712,13.917,-4.667,3.103,1.00000,74.342,5.365,22.878
[SHELL] ccB:80,2147518125,1,-13.181,-10.256,23.438,51.893,32.919,67.081,48.000,32.971,67.029
[SHELL] ccA:81,320291051,96731,2.723,21.256,0.000,20.000,2.90208,3.00465,21.75,-4.723,13.967,-4.723,13.967,-4.668,3.103,1.00000,73.902,0.081,19.635
[SHELL] ccB:81,20519,1,-4.736,-14.134,18.871,55.626,33.030,66.970,51.893,32.919,67.081
[SHELL] ccA:82,320401131,96732,2.290,19.897,0.000,20.000,3.02744,3.13000,21.83,-4.715,13.995,-4.715,13.995,-4.669,3.103,1.00000,74.342,4.499,20.160
[SHELL] ccB:82,2147518089,1,-6.766,-13.518,20.284,59.186,33.635,66.365,55.626,33.030,66.970
[SHELL] ccA:83,320511051,96733,0.719,19.066,0.000,20.000,3.14332,3.24588,21.75,-4.684,14.012,-4.684,14.012,-4.670,3.103,1.00000,74.342,-3.061,17.973
[SHELL] ccB:83,20519,1,3.092,-17.106,14.014,62.343,34.334,65.666,59.186,33.635,66.365
[SHELL] ccA:84,320621115,96734,-0.759,18.420,0.000,20.000,3.26977,3.37237,21.84,-4.654,14.025,-4.654,14.025,-4.669,3.104,1.00000,74.342,1.543,18.867
[SHELL] ccB:84,2147518097,1,0.881,-16.816,15.935,65.140,34.860,64.190,62.343,34.334,65.666
[SHELL] ccA:85,320731059,96735,0.393,19.441,0.000,20.000,3.38870,3.49125,21.75,-4.677,14.005,-4.677,14.005,-4.670,3.104,1.00000,74.342,-0.756,20.016
[SHELL] ccB:85,20523,1,5.629,-19.462,13.833,66.004,33.996,60.918,65.140,34.860,64.190
[SHELL] ccA:86,320841059,96736,0.342,20.959,0.000,20.000,3.51827,3.62085,21.75,-4.677,13.974,-4.677,13.974,-4.670,3.104,1.00000,74.342,1.441,21.903
[SHELL] ccB:86,2147518125,1,6.717,-21.456,14.739,66.654,33.346,57.212,66.004,33.996,60.918
[SHELL] ccA:87,320951039,96737,2.048,22.193,0.000,20.000,3.63676,3.73932,21.74,-4.712,13.949,-4.712,13.949,-4.671,3.103,1.00000,74.342,2.654,22.483
[SHELL] ccB:87,20513,1,8.348,-22.398,14.050,67.020,32.980,53.666,66.654,33.346,57.212
[SHELL] ccA:88,321061063,96738,1.117,21.554,0.000,20.000,3.76646,3.86905,21.75,-4.694,13.961,-4.694,13.961,-4.671,3.102,1.00000,74.342,-0.421,20.625
[SHELL] ccB:88,2147518123,1,12.407,-20.477,8.070,67.157,32.843,49.863,67.020,32.980,53.666
[SHELL] ccA:89,321171079,96739,2.777,20.651,0.000,20.000,3.89368,3.99624,21.75,-4.728,13.978,-4.728,13.978,-4.673,3.102,1.00000,74.342,5.976,20.676
[SHELL] ccB:89,20533,1,9.761,-21.492,11.731,67.037,32.963,46.033,67.157,32.843,49.863
[SHELL] ccA:90,321281103,96740,1.482,19.149,0.000,20.000,4.00804,4.11063,21.78,-4.703,14.009,-4.703,14.009,-4.673,3.102,1.00000,74.342,-3.012,17.622
[SHELL] ccB:90,2147518103,1,15.379,-15.584,0.205,66.697,33.303,42.747,67.037,32.963,46.033
[SHELL] ccA:91,321391091,96741,-0.324,17.763,0.000,20.000,4.12892,4.23150,21.78,-4.667,14.038,-4.667,14.038,-4.673,3.103,1.00000,74.342,2.364,17.904
[SHELL] ccB:91,20539,1,13.639,-17.070,3.431,66.106,33.894,39.383,66.697,33.303,42.747
[SHELL] ccA:92,321501243,96742,0.170,17.699,0.000,20.000,4.25856,4.36113,21.92,-4.677,14.040,-4.677,14.040,-4.673,3.104,1.00000,74.342,-2.023,17.495
[SHELL] ccB:92,2147518033,1,16.611,-13.373,-3.238,65.179,34.821,35.845,66.106,33.894,39.383
[SHELL] ccA:93,321611131,96743,0.881,17.869,0.000,20.000,4.37848,4.48105,21.85,-4.691,14.038,-4.691,14.038,-4.674,3.105,1.00000,74.342,3.786,18.243
[SHELL] ccB:93,20559,1,15.995,-16.273,0.278,65.655,37.485,34.345,65.179,34.821,35.845
[SHELL] ccA:94,321721095,96744,2.358,19.159,0.000,20.000,4.50217,4.60472,21.75,-4.722,14.012,-4.722,14.012,-4.675,3.106,1.00000,74.342,0.930,20.074
[SHELL] ccB:94,2147518107,1,19.438,-14.134,-5.304,66.424,41.006,33.576,65.655,37.485,34.345
[SHELL] ccA:95,321831103,96745,1.433,20.244,0.000,20.000,4.63396,4.73651,21.79,-4.704,13.991,-4.704,13.991,-4.676,3.106,1.00000,74.342,1.936,20.414
[SHELL] ccB:95,20545,1,20.199,-13.156,-7.044,66.932,44.812,33.068,66.424,41.006,33.576
[SHELL] ctrlcap v1 armed=0 count=512 clock_hz=550000000 decimation=1
[SHELL] ccA:index,cycles,seq,id,iq,idref,iqref,theta,actangle,age_us,vdreq,vqreq,vd,vq,intd,intq,scale,bus,raw_id,raw_iq
[SHELL] ccB:index,timer,valid,ia,ib,ic,du,dv,dw,active_u,active_v,active_w
[SHELL] ccA:96,321941139,96746,2.856,20.234,0.000,20.000,4.75585,4.85842,21.85,-4.734,13.991,-4.734,13.991,-4.677,3.105,1.00000,74.342,3.776,20.054
[SHELL] ccB:96,2147518085,1,20.199,-12.612,-7.587,67.183,48.473,32.817,66.932,44.812,33.068
[SHELL] ccA:97,322051095,96747,1.151,18.310,0.000,20.000,4.87595,4.97851,21.78,-4.701,14.030,-4.701,14.030,-4.678,3.106,1.00000,74.342,-1.473,16.565
[SHELL] ccB:97,20541,1,16.104,-4.457,-11.647,67.200,51.964,32.800,67.183,48.473,32.817
[SHELL] ccA:98,322161135,96748,0.518,16.682,0.000,20.000,4.99701,5.09958,21.85,-4.688,14.064,-4.688,14.064,-4.678,3.108,1.00000,74.342,2.509,16.800
[SHELL] ccB:98,2147518087,1,16.829,-6.415,-10.414,66.974,55.513,33.026,67.200,51.964,32.800
[SHELL] ccA:99,322271099,96749,-1.370,15.853,0.000,20.000,5.11942,5.22199,21.78,-4.650,14.083,-4.650,14.083,-4.677,3.110,1.00000,74.342,-5.249,14.906
[SHELL] ccB:99,20543,1,11.610,3.480,-15.090,66.480,58.984,33.520,66.974,55.513,33.026
[SHELL] ccA:100,322381087,96750,-2.646,15.610,0.000,20.000,5.24002,5.34257,21.76,-4.623,14.090,-4.623,14.090,-4.676,3.112,1.00000,74.342,-0.044,16.315
[SHELL] ccB:100,2147518111,1,14.074,0.109,-14.184,65.748,62.299,34.252,66.480,58.984,33.520
[SHELL] ccA:101,322491139,96751,-1.280,16.422,0.000,20.000,5.37064,5.47323,21.87,-4.650,14.075,-4.650,14.075,-4.675,3.114,1.00000,74.342,-2.516,16.530
[SHELL] ccB:101,20563,1,11.537,4.712,-16.249,64.100,65.229,34.771,65.748,62.299,34.252
[SHELL] ccA:102,322601059,96752,-0.961,17.946,0.000,20.000,5.49506,5.59766,21.79,-4.656,14.046,-4.656,14.046,-4.675,3.115,1.00000,74.342,0.594,19.362
[SHELL] ccB:102,2147518125,1,14.147,4.386,-18.533,60.670,66.100,33.900,64.100,65.229,34.771
[SHELL] ccA:103,322711083,96753,0.247,20.208,0.000,20.000,5.61593,5.71852,21.81,-4.680,14.001,-4.680,14.001,-4.675,3.115,1.00000,74.342,-0.100,21.055
[SHELL] ccB:103,20535,1,12.951,7.902,-20.852,57.140,66.695,33.305,60.670,66.100,33.900
[SHELL] ccA:104,322821055,96754,-0.703,20.126,0.000,20.000,5.73705,5.83960,21.73,-4.661,14.002,-4.661,14.002,-4.675,3.115,1.00000,74.342,-1.305,19.197
[SHELL] ccB:104,2147518127,1,8.855,10.366,-19.221,53.632,67.063,32.937,57.140,66.695,33.305
[SHELL] ccA:105,322931043,96755,1.414,20.418,0.000,20.000,5.85772,5.96027,21.73,-4.704,13.996,-4.704,13.996,-4.675,3.115,1.00000,74.342,4.134,21.639
[SHELL] ccB:105,20515,1,12.697,9.243,-21.940,49.961,67.201,32.799,53.632,67.063,32.937
[SHELL] ccA:106,323041087,96756,2.351,20.434,0.000,20.000,5.98804,6.09063,21.81,-4.724,13.996,-4.724,13.996,-4.677,3.114,1.00000,74.342,0.568,19.230
[SHELL] ccB:106,2147518111,1,6.137,12.722,-18.859,46.050,67.056,32.944,49.961,67.201,32.799
[SHELL] ccA:107,323151083,96757,3.384,19.505,0.000,20.000,6.10848,6.21106,21.82,-4.746,14.014,-4.746,14.014,-4.678,3.115,1.00000,74.342,6.200,19.780
[SHELL] ccB:107,20535,1,9.544,11.164,-20.707,42.487,66.682,33.318,46.050,67.056,32.944
[SHELL] ccA:108,323261159,96758,1.686,18.955,0.000,20.000,6.23069,0.05005,21.70,-4.713,14.026,-4.713,14.026,-4.679,3.115,1.00000,74.342,-2.828,18.131
[SHELL] ccB:108,2147518075,1,-1.873,16.745,-14.872,39.087,66.044,33.956,42.487,66.682,33.318
[SHELL] ccA:109,323380163,96759,-0.490,18.032,0.000,20.000,0.08392,0.19647,24.84,-4.669,14.045,-4.669,14.045,-4.679,3.116,1.00000,74.342,1.847,17.932
[SHELL] ccB:109,25075,1,0.338,15.441,-15.778,35.228,64.985,35.015,39.087,66.044,33.956
[SHELL] ccA:110,323481183,96760,0.047,18.740,0.000,20.000,0.19442,0.29697,21.90,-4.680,14.032,-4.680,14.032,-4.679,3.117,1.00000,73.902,-1.754,19.547
[SHELL] ccB:110,2147518063,1,-5.497,19.065,-13.567,34.232,65.768,37.530,35.228,64.985,35.015
[SHELL] ccA:111,323591151,96761,-2.707,20.111,0.000,20.000,0.31687,0.41944,21.84,-4.623,14.004,-4.623,14.004,-4.678,3.117,1.00000,73.902,-3.659,20.675
[SHELL] ccB:111,20569,1,-9.919,20.986,-11.067,33.536,66.464,40.900,34.232,65.768,37.530
[SHELL] ctrlcap v1 armed=0 count=512 clock_hz=550000000 decimation=1
[SHELL] ccA:index,cycles,seq,id,iq,idref,iqref,theta,actangle,age_us,vdreq,vqreq,vd,vq,intd,intq,scale,bus,raw_id,raw_iq
[SHELL] ccB:index,timer,valid,ia,ib,ic,du,dv,dw,active_u,active_v,active_w
[SHELL] ccA:112,323701191,96762,-2.627,21.600,0.000,20.000,0.44210,0.54469,21.96,-4.624,13.974,-4.624,13.974,-4.676,3.116,1.00000,74.342,-1.595,22.525
[SHELL] ccB:112,2147518059,1,-11.079,22.581,-11.502,33.140,66.860,44.596,33.536,66.464,40.900
[SHELL] ccA:113,323811095,96763,-1.600,22.214,0.000,20.000,0.56446,0.66704,21.78,-4.643,13.960,-4.643,13.960,-4.675,3.115,1.00000,74.342,-1.604,21.903
[SHELL] ccB:113,20541,1,-13.072,21.819,-8.747,32.891,67.109,48.248,33.140,66.860,44.596
[SHELL] ccA:114,323921371,96764,1.499,22.289,0.000,20.000,0.69071,0.79329,21.85,-4.706,13.958,-4.706,13.958,-4.676,3.114,1.00000,74.342,4.603,22.674
[SHELL] ccB:114,2147517969,1,-10.898,23.124,-12.226,32.884,67.116,52.117,32.891,67.109,48.248
[SHELL] ccA:115,324031587,96765,2.272,21.646,0.000,20.000,0.81136,0.91393,22.26,-4.723,13.970,-4.723,13.970,-4.677,3.113,1.00000,74.342,-0.059,20.618
[SHELL] ccB:115,20787,1,-14.993,19.754,-4.760,33.139,66.861,55.699,32.884,67.116,52.117
[SHELL] ccA:116,324141539,96766,2.837,20.433,0.000,20.000,0.95053,1.05313,22.25,-4.735,13.994,-4.735,13.994,-4.679,3.113,1.00000,74.342,5.732,20.249
[SHELL] ccB:116,2147517885,1,-13.145,20.805,-7.660,33.731,66.269,59.722,33.139,66.861,55.699
[SHELL] ccA:117,324251487,96767,1.937,19.867,0.000,20.000,1.06284,1.16539,22.13,-4.718,14.005,-4.718,14.005,-4.680,3.113,1.00000,74.342,-1.858,19.486
[SHELL] ccB:117,20737,1,-17.929,15.767,2.162,34.447,65.553,62.786,33.731,66.269,59.722
[SHELL] ccA:118,324361491,96768,-1.053,19.369,0.000,20.000,1.18480,1.28735,22.13,-4.658,14.016,-4.658,14.016,-4.679,3.113,1.00000,74.342,-0.249,19.252
[SHELL] ccB:118,2147517909,1,-17.929,15.042,2.887,34.788,63.924,65.212,34.447,65.553,62.786
[SHELL] ccA:119,324471483,96769,-1.001,20.286,0.000,20.000,1.30846,1.41101,22.13,-4.659,13.997,-4.659,13.997,-4.679,3.113,1.00000,74.342,-1.753,21.321
[SHELL] ccB:119,20735,1,-21.046,13.846,7.200,33.929,60.544,66.071,34.788,63.924,65.212
[SHELL] ccA:120,324581515,96770,-0.737,21.793,0.000,20.000,1.43585,1.53841,22.19,-4.664,13.966,-4.664,13.966,-4.678,3.112,1.00000,74.342,0.279,22.265
[SHELL] ccB:120,2147517897,1,-22.025,13.846,8.179,33.314,56.880,66.686,33.929,60.544,66.071
[SHELL] ccA:121,324691483,96771,1.505,22.695,0.000,20.000,1.55374,1.65631,22.13,-4.709,13.947,-4.709,13.947,-4.679,3.111,1.00000,74.342,2.731,23.126
[SHELL] ccB:121,20735,1,-23.076,14.244,8.831,32.960,53.333,67.040,33.314,56.880,66.686
[SHELL] ccA:122,324801523,96772,1.057,22.081,0.000,20.000,1.67268,1.77524,22.13,-4.701,13.958,-4.701,13.958,-4.680,3.110,1.00000,74.342,-0.618,21.037
[SHELL] ccB:122,2147517893,1,-20.865,8.047,12.818,32.843,49.831,67.157,32.960,53.333,67.040
[SHELL] ccA:123,324911611,96773,2.528,20.718,0.000,20.000,1.80023,1.90280,22.28,-4.731,13.985,-4.731,13.985,-4.681,3.109,1.00000,74.342,5.674,20.399
[SHELL] ccB:123,20799,1,-21.155,11.345,9.810,32.957,46.002,67.043,32.843,49.831,67.157
[SHELL] ccA:124,325021543,96774,3.155,19.297,0.000,20.000,1.93297,2.03552,22.19,-4.745,14.014,-4.745,14.014,-4.682,3.110,1.00000,74.342,0.636,18.195
[SHELL] ccB:124,2147517883,1,-17.240,3.553,13.688,33.378,42.105,66.622,32.957,46.002,67.043
[SHELL] ccA:125,325131515,96775,3.059,18.596,0.000,20.000,2.06027,2.16283,22.16,-4.745,14.028,-4.745,14.028,-4.684,3.110,1.00000,74.342,5.481,18.996
[SHELL] ccB:125,20751,1,-19.343,6.126,13.217,34.074,38.513,65.926,33.378,42.105,66.622
[SHELL] ccA:126,325241543,96776,2.079,18.440,0.000,20.000,2.17067,2.27324,22.23,-4.727,14.032,-4.727,14.032,-4.685,3.111,1.00000,73.902,-1.323,17.884
[SHELL] ccB:126,2147517883,1,-14.015,-2.681,16.696,34.804,35.493,65.196,34.074,38.513,65.926
[SHELL] ccA:127,325351491,96777,-0.269,19.122,0.000,20.000,2.29903,2.40160,22.16,-4.679,14.019,-4.679,14.019,-4.685,3.112,1.00000,73.902,0.784,20.361
[SHELL] ccB:127,20739,1,-15.718,-3.370,19.088,37.828,34.171,65.829,34.804,35.493,65.196
[SHELL] ctrlcap v1 armed=0 count=512 clock_hz=550000000 decimation=1
[SHELL] ccA:index,cycles,seq,id,iq,idref,iqref,theta,actangle,age_us,vdreq,vqreq,vd,vq,intd,intq,scale,bus,raw_id,raw_iq
[SHELL] ccB:index,timer,valid,ia,ib,ic,du,dv,dw,active_u,active_v,active_w
[SHELL] ccA:128,325461547,96778,0.864,21.639,0.000,20.000,2.41905,2.52161,22.24,-4.703,13.968,-4.703,13.968,-4.685,3.111,1.00000,74.342,0.945,22.916
[SHELL] ccB:128,2147517881,1,-15.863,-6.415,22.278,41.348,33.574,66.426,37.828,34.171,65.829
[SHELL] ccA:129,325571543,96779,1.609,24.385,0.000,20.000,2.54315,2.64572,22.23,-4.718,13.911,-4.718,13.911,-4.686,3.109,1.00000,74.342,2.273,25.854
[SHELL] ccB:129,20765,1,-16.443,-9.169,25.612,45.019,33.132,66.868,41.348,33.574,66.426
[SHELL] ccA:130,325681507,96780,5.018,25.861,0.000,20.000,2.66885,2.77142,22.16,-4.789,13.878,-4.789,13.878,-4.689,3.106,1.00000,74.342,7.764,25.867
[SHELL] ccB:130,2147517901,1,-18.690,-7.538,26.228,48.878,32.910,67.090,45.019,33.132,66.868
[SHELL] ccA:131,325791531,96781,6.130,24.235,0.000,20.000,2.79100,2.89354,22.14,-4.814,13.909,-4.814,13.909,-4.692,3.104,1.00000,74.342,4.496,22.602
[SHELL] ccB:131,20759,1,-11.985,-11.054,23.039,52.526,32.916,67.084,48.878,32.910,67.090
[SHELL] ccA:132,325901515,96782,7.810,22.823,0.000,20.000,2.91363,3.01618,22.16,-4.852,13.935,-4.852,13.935,-4.696,3.102,1.00000,74.342,11.124,23.045
[SHELL] ccB:132,2147517897,1,-16.044,-9.242,25.286,56.196,33.187,66.813,52.526,32.916,67.084
[SHELL] ccA:133,326011503,96783,7.111,22.037,0.000,20.000,3.03153,3.13409,22.16,-4.841,13.950,-4.841,13.950,-4.699,3.101,1.00000,74.342,3.097,21.030
[SHELL] ccB:133,20745,1,-5.389,-15.113,20.502,59.557,33.707,66.293,56.196,33.187,66.813
[SHELL] ccA:134,326121543,96784,5.313,20.455,0.000,20.000,3.16344,3.26603,22.24,-4.808,13.982,-4.808,13.982,-4.702,3.101,1.00000,74.342,7.528,19.879
[SHELL] ccB:134,2147517883,1,-7.092,-13.808,20.900,63.127,34.534,65.466,59.557,33.707,66.293
[SHELL] ccA:135,326231519,96785,4.867,19.493,0.000,20.000,3.28922,3.39177,22.17,-4.802,14.001,-4.802,14.001,-4.704,3.101,1.00000,74.342,2.207,19.106
[SHELL] ccB:135,20753,1,0.628,-16.961,16.334,65.399,34.601,63.436,63.127,34.534,65.466
[SHELL] ccA:136,326341503,96786,2.615,19.451,0.000,20.000,3.40802,3.51059,22.16,-4.758,14.002,-4.758,14.002,-4.705,3.101,1.00000,74.342,3.024,19.795
[SHELL] ccB:136,2147517903,1,2.295,-18.375,16.080,66.179,33.821,60.250,65.399,34.601,63.436
[SHELL] ccA:137,326451551,96787,2.469,20.708,0.000,20.000,3.53748,3.64006,22.24,-4.756,13.977,-4.756,13.977,-4.707,3.101,1.00000,74.342,1.914,21.622
[SHELL] ccB:137,20769,1,6.572,-21.202,14.630,66.781,33.219,56.522,66.179,33.821,60.250
[SHELL] ccA:138,326561523,96788,2.112,21.634,0.000,20.000,3.66135,3.76392,22.17,-4.750,13.957,-4.750,13.957,-4.708,3.100,1.00000,74.342,2.309,21.646
[SHELL] ccB:138,2147517893,1,8.746,-21.637,12.891,67.095,32.905,52.876,66.781,33.219,56.522
[SHELL] ccA:139,326671515,96789,5.231,22.284,0.000,20.000,3.78633,3.88890,22.16,-4.815,13.943,-4.815,13.943,-4.710,3.099,1.00000,74.342,8.152,22.922
[SHELL] ccB:139,20751,1,7.260,-23.739,16.479,67.175,32.825,49.029,67.095,32.905,52.876
[SHELL] ccA:140,326781503,96790,4.933,20.943,0.000,20.000,3.91167,4.01423,22.17,-4.812,13.970,-4.812,13.970,-4.713,3.099,1.00000,74.342,1.715,18.965
[SHELL] ccB:140,2147517903,1,11.972,-18.810,6.838,67.000,33.000,45.335,67.175,32.825,49.029
[SHELL] ccA:141,326891499,96791,4.199,19.401,0.000,20.000,4.03378,4.13638,22.19,-4.799,14.001,-4.799,14.001,-4.715,3.099,1.00000,74.342,6.682,19.837
[SHELL] ccB:141,20743,1,11.247,-20.912,9.665,66.580,33.420,41.810,67.000,33.000,45.335
[SHELL] ccA:142,327001535,96792,3.244,18.565,0.000,20.000,4.15735,4.25991,22.23,-4.781,14.018,-4.781,14.018,-4.717,3.100,1.00000,74.342,-0.194,17.293
[SHELL] ccB:142,2147517887,1,14.799,-15.149,0.350,65.893,34.107,38.367,66.580,33.420,41.810
[SHELL] ccA:143,327111483,96793,1.805,17.625,0.000,20.000,4.28145,4.38404,22.13,-4.754,14.038,-4.754,14.038,-4.717,3.101,1.00000,74.342,3.804,17.957
[SHELL] ccB:143,20735,1,14.727,-16.853,2.126,64.968,35.032,35.096,65.893,34.107,38.367
[SHELL] ctrlcap v1 armed=0 count=512 clock_hz=550000000 decimation=1
[SHELL] ccA:index,cycles,seq,id,iq,idref,iqref,theta,actangle,age_us,vdreq,vqreq,vd,vq,intd,intq,scale,bus,raw_id,raw_iq
[SHELL] ccB:index,timer,valid,ia,ib,ic,du,dv,dw,active_u,active_v,active_w
[SHELL] ccA:144,327221483,96794,2.332,18.846,0.000,20.000,4.40261,4.50518,22.14,-4.765,14.014,-4.765,14.014,-4.719,3.101,1.00000,74.342,0.860,19.734
[SHELL] ccB:144,2147517913,1,18.532,-15.186,-3.347,65.862,38.286,34.138,64.968,35.032,35.096
[SHELL] ccA:145,327331523,96795,1.497,20.232,0.000,20.000,4.52720,4.62977,22.21,-4.749,13.986,-4.749,13.986,-4.719,3.101,1.00000,74.342,2.134,20.729
[SHELL] ccB:145,20755,1,19.982,-15.113,-4.869,66.542,41.796,33.458,65.862,38.286,34.138
[SHELL] ccA:146,327441471,96796,3.206,20.677,0.000,20.000,4.65494,4.75750,22.12,-4.785,13.977,-4.785,13.977,-4.721,3.101,1.00000,74.342,4.277,20.624
[SHELL] ccB:146,2147517919,1,20.344,-14.896,-5.449,67.020,45.585,32.980,66.542,41.796,33.458
[SHELL] ccA:147,327551475,96797,3.077,19.863,0.000,20.000,4.77907,4.88163,22.13,-4.784,13.994,-4.784,13.994,-4.723,3.101,1.00000,74.342,1.876,19.102
[SHELL] ccB:147,20731,1,19.185,-10.111,-9.073,67.222,49.256,32.778,67.020,45.585,32.980
[SHELL] ccA:148,327661495,96798,4.240,19.047,0.000,20.000,4.90643,5.00898,22.15,-4.809,14.010,-4.809,14.010,-4.725,3.101,1.00000,74.342,6.604,18.993
[SHELL] ccB:148,2147517907,1,19.909,-12.395,-7.515,67.163,53.093,32.837,67.222,49.256,32.778
[SHELL] ccA:149,327771499,96799,3.493,18.089,0.000,20.000,5.03292,5.13549,22.14,-4.796,14.031,-4.796,14.031,-4.726,3.102,1.00000,74.342,0.383,17.184
[SHELL] ccB:149,20743,1,16.430,-3.841,-12.589,66.823,56.788,33.177,67.163,53.093,32.837
[SHELL] ccA:150,327881515,96800,2.590,17.345,0.000,20.000,5.15286,5.25544,22.20,-4.780,14.047,-4.780,14.047,-4.728,3.104,1.00000,74.342,4.796,17.506
[SHELL] ccB:150,2147517897,1,17.880,-6.233,-11.647,66.252,60.193,33.748,66.823,56.788,33.177
[SHELL] ccA:151,327991515,96801,1.223,17.158,0.000,20.000,5.27962,5.38219,22.20,-4.753,14.052,-4.753,14.052,-4.728,3.105,1.00000,74.342,-2.350,16.810
[SHELL] ccB:151,20751,1,12.914,3.081,-15.996,65.388,63.618,34.612,66.252,60.193,33.748
[SHELL] ccA:152,328101459,96802,-0.408,17.735,0.000,20.000,5.40139,5.50396,22.13,-4.720,14.041,-4.720,14.041,-4.728,3.106,1.00000,74.342,1.534,18.660
[SHELL] ccB:152,2147517925,1,15.379,1.559,-16.938,63.134,65.501,34.499,65.388,63.618,34.612
[SHELL] ccA:153,328211423,96803,0.175,19.043,0.000,20.000,5.51897,5.62152,22.06,-4.732,14.016,-4.732,14.016,-4.728,3.107,1.00000,74.342,-1.184,19.427
[SHELL] ccB:153,20705,1,12.588,6.561,-19.149,59.844,66.269,33.731,63.134,65.501,34.499
[SHELL] ccA:154,328321411,96804,0.578,20.897,0.000,20.000,5.64972,5.75228,22.08,-4.740,13.978,-4.740,13.978,-4.728,3.106,1.00000,74.342,2.339,22.367
[SHELL] ccB:154,2147517949,1,15.125,6.851,-21.976,56.032,66.838,33.162,59.844,66.269,33.731
[SHELL] ccA:155,328431419,96805,3.521,23.852,0.000,20.000,5.76987,5.87242,22.07,-4.801,13.917,-4.801,13.917,-4.730,3.104,1.00000,74.342,4.703,25.336
[SHELL] ccB:155,20703,1,16.539,8.844,-25.383,52.332,67.097,32.903,56.032,66.838,33.162
[SHELL] ccA:156,328541475,96806,4.176,23.839,0.000,20.000,5.89345,5.99604,22.18,-4.816,13.916,-4.816,13.916,-4.732,3.102,1.00000,74.342,3.648,22.341
[SHELL] ccB:156,2147517917,1,11.863,10.765,-22.628,48.633,67.136,32.864,52.332,67.097,32.903
[SHELL] ccA:157,328651415,96807,6.159,21.866,0.000,20.000,6.02624,6.12881,22.08,-4.859,13.954,-4.859,13.954,-4.735,3.102,1.00000,74.342,8.669,21.390
[SHELL] ccB:157,20701,1,13.820,9.098,-22.918,44.643,66.932,33.068,48.633,67.136,32.864
[SHELL] ccA:158,328761443,96808,4.950,20.558,0.000,20.000,6.14925,6.25180,22.08,-4.837,13.980,-4.837,13.980,-4.738,3.101,1.00000,74.342,1.230,19.725
[SHELL] ccB:158,2147517933,1,3.853,14.861,-18.714,41.131,66.454,33.546,44.643,66.932,33.068
[SHELL] ccA:159,328877931,96809,2.976,18.857,0.000,20.000,6.27299,0.10242,25.00,-4.799,14.015,-4.799,14.015,-4.739,3.102,1.00000,74.342,4.721,17.990
[SHELL] ccB:159,23959,1,4.905,13.085,-17.989,37.477,65.669,34.331,41.131,66.454,33.546
[SHELL] ctrlcap v1 armed=0 count=512 clock_hz=550000000 decimation=1
[SHELL] ccA:index,cycles,seq,id,iq,idref,iqref,theta,actangle,age_us,vdreq,vqreq,vd,vq,intd,intq,scale,bus,raw_id,raw_iq
[SHELL] ccB:index,timer,valid,ia,ib,ic,du,dv,dw,active_u,active_v,active_w
[SHELL] ccA:160,328981315,96810,1.620,18.201,0.000,20.000,0.10056,0.20311,22.00,-4.773,14.029,-4.773,14.029,-4.740,3.103,1.00000,74.342,-1.482,18.412
[SHELL] ccB:160,2147517997,1,-3.323,17.398,-14.075,34.987,65.013,35.244,37.477,65.669,34.331
[SHELL] ccA:161,329091235,96811,-1.211,18.404,0.000,20.000,0.23555,0.33812,21.95,-4.715,14.025,-4.715,14.025,-4.740,3.104,1.00000,74.342,-0.940,18.396
[SHELL] ccB:161,20611,1,-5.208,17.905,-12.698,34.023,65.977,38.795,34.987,65.013,35.244
[SHELL] ccA:162,329201275,96812,-0.825,19.902,0.000,20.000,0.36046,0.46304,21.98,-4.723,13.995,-4.723,13.995,-4.739,3.104,1.00000,74.342,-0.711,21.408
[SHELL] ccB:162,2147518017,1,-8.216,21.240,-13.024,33.366,66.634,42.375,34.023,65.977,38.795
[SHELL] ccA:163,329311179,96813,0.018,21.708,0.000,20.000,0.48655,0.58911,21.88,-4.740,13.958,-4.740,13.958,-4.739,3.103,1.00000,74.342,0.748,22.007
[SHELL] ccB:163,20583,1,-9.629,21.964,-12.335,32.974,67.026,46.122,33.366,66.634,42.375
[SHELL] ccA:164,329421139,96814,2.195,21.652,0.000,20.000,0.60897,0.71180,21.81,-4.784,13.989,-4.784,13.989,-4.740,3.102,1.00000,74.342,3.642,21.296
[SHELL] ccB:164,2147518085,1,-9.194,21.529,-12.335,32.778,67.222,49.825,32.974,67.026,46.122
[SHELL] ccA:165,329531391,96815,1.469,20.532,0.000,20.000,0.73627,0.83910,21.84,-4.770,14.011,-4.770,14.011,-4.741,3.102,1.00000,74.342,-0.705,19.768
[SHELL] ccB:165,20689,1,-13.797,19.174,-5.376,32.883,67.117,53.577,32.778,67.222,49.825
[SHELL] ccA:166,329641635,96816,2.455,19.767,0.000,20.000,0.85675,0.95961,22.28,-4.791,14.026,-4.791,14.026,-4.742,3.102,1.00000,74.342,5.614,19.765
[SHELL] ccB:166,2147517837,1,-11.260,20.515,-9.254,33.235,66.765,57.155,32.883,67.117,53.577
[SHELL] ccA:167,329751607,96817,1.595,19.123,0.000,20.000,0.98419,1.08702,22.28,-4.775,14.039,-4.775,14.039,-4.743,3.102,1.00000,74.342,-2.425,18.480
[SHELL] ccB:167,20797,1,-16.733,15.477,1.256,33.880,66.120,60.755,33.235,66.765,57.155
[SHELL] ccA:168,329861631,96818,0.012,18.702,0.000,20.000,1.10681,1.20966,22.33,-4.743,14.049,-4.743,14.049,-4.743,3.103,1.00000,74.342,2.449,18.924
[SHELL] ccB:168,2147517839,1,-15.827,17.144,-1.317,34.744,65.256,64.030,33.880,66.120,60.755
[SHELL] ccA:169,329971543,96819,0.641,19.434,0.000,20.000,1.23181,1.33465,22.19,-4.756,14.034,-4.756,14.034,-4.743,3.103,1.00000,74.342,-1.167,19.945
[SHELL] ccB:169,20765,1,-19.198,14.389,4.808,34.331,62.545,65.669,34.744,65.256,64.030
[SHELL] ccA:170,330081647,96820,-0.486,20.495,0.000,20.000,1.36022,1.46307,22.33,-4.733,14.013,-4.733,14.013,-4.743,3.103,1.00000,74.342,0.196,21.044
[SHELL] ccB:170,2147517831,1,-20.539,14.244,6.294,33.568,58.978,66.432,34.331,62.545,65.669
[SHELL] ccA:171,330191563,96821,0.497,22.112,0.000,20.000,1.47731,1.58018,22.23,-4.753,13.979,-4.753,13.979,-4.743,3.102,1.00000,74.342,0.798,23.179
[SHELL] ccB:171,20775,1,-23.003,14.063,8.940,33.098,55.523,66.902,33.568,58.978,66.432
[SHELL] ccA:172,330301619,96822,-0.382,21.970,0.000,20.000,1.59400,1.69683,22.31,-4.736,13.981,-4.736,13.981,-4.743,3.101,1.00000,74.342,-1.562,20.762
[SHELL] ccB:172,2147517845,1,-20.720,8.590,12.129,32.847,52.112,67.153,33.098,55.523,66.902
[SHELL] ccA:173,330411619,96823,2.093,20.466,0.000,20.000,1.73107,1.83392,22.31,-4.786,14.011,-4.786,14.011,-4.744,3.101,1.00000,74.342,5.748,20.170
[SHELL] ccB:173,20803,1,-20.829,12.541,8.288,32.793,47.950,67.207,32.847,52.112,67.153
[SHELL] ccA:174,330521551,96824,2.815,19.582,0.000,20.000,1.85117,1.95403,22.22,-4.802,14.029,-4.802,14.029,-4.746,3.101,1.00000,74.342,-0.119,18.994
[SHELL] ccB:174,2147517879,1,-18.219,4.459,13.760,33.036,44.367,66.964,32.793,47.950,67.207
[SHELL] ccA:175,330631527,96825,2.441,18.301,0.000,20.000,1.97896,2.08181,22.22,-4.796,14.055,-4.796,14.055,-4.747,3.102,1.00000,74.342,5.001,17.608
[SHELL] ccB:175,20757,1,-18.147,6.996,11.151,33.558,40.682,66.442,33.036,44.367,66.964
[SHELL] ctrlcap v1 armed=0 count=512 clock_hz=550000000 decimation=1
[SHELL] ccA:index,cycles,seq,id,iq,idref,iqref,theta,actangle,age_us,vdreq,vqreq,vd,vq,intd,intq,scale,bus,raw_id,raw_iq
[SHELL] ccB:index,timer,valid,ia,ib,ic,du,dv,dw,active_u,active_v,active_w
[SHELL] ccA:176,330741543,96826,0.794,17.641,0.000,20.000,2.10225,2.20510,22.24,-4.763,14.070,-4.763,14.070,-4.747,3.103,1.00000,74.342,-3.412,17.675
[SHELL] ccB:176,2147517883,1,-13.507,-3.551,17.059,34.323,37.312,65.677,33.558,40.682,66.442
[SHELL] ccA:177,330851511,96827,-1.609,17.689,0.000,20.000,2.22232,2.32517,22.18,-4.714,14.070,-4.714,14.070,-4.746,3.104,1.00000,74.342,0.195,17.704
[SHELL] ccB:177,20749,1,-14.196,-2.065,16.261,35.827,34.773,65.227,34.323,37.312,65.677
[SHELL] ccA:178,330961515,96828,-0.810,19.231,0.000,20.000,2.35131,2.45415,22.17,-4.730,14.039,-4.730,14.039,-4.746,3.104,1.00000,74.342,-1.816,20.757
[SHELL] ccB:178,2147517897,1,-13.471,-7.031,20.502,39.400,33.863,66.137,35.827,34.773,65.227
[SHELL] ccA:179,331071523,96829,-0.407,21.960,0.000,20.000,2.47543,2.57828,22.20,-4.738,13.984,-4.738,13.984,-4.746,3.103,1.00000,74.342,1.003,23.163
[SHELL] ccB:179,20755,1,-15.102,-7.683,22.785,43.016,33.280,66.720,39.400,33.863,66.137
[SHELL] ccA:180,331181495,96830,1.880,23.687,0.000,20.000,2.59036,2.69319,22.11,-4.784,13.948,-4.784,13.948,-4.747,3.102,1.00000,74.342,2.758,24.212
[SHELL] ccB:180,2147517907,1,-15.030,-9.097,24.126,46.499,32.942,67.058,43.016,33.280,66.720
[SHELL] ccA:181,331291499,96831,1.855,22.855,0.000,20.000,2.72191,2.82474,22.15,-4.785,13.963,-4.785,13.963,-4.748,3.100,1.00000,74.342,0.952,21.498
[SHELL] ccB:181,20743,1,-9.629,-11.851,21.480,50.396,32.807,67.193,46.499,32.942,67.058
[SHELL] ccA:182,331401479,96832,4.512,22.073,0.000,20.000,2.85426,2.95711,22.14,-4.840,13.977,-4.840,13.977,-4.750,3.099,1.00000,74.342,8.072,22.648
[SHELL] ccB:182,2147517915,1,-14.160,-9.749,23.909,54.427,32.959,67.041,50.396,32.807,67.193
[SHELL] ccA:183,331511475,96833,3.907,21.200,0.000,20.000,2.96689,3.06974,22.14,-4.830,13.994,-4.830,13.994,-4.752,3.099,1.00000,74.342,-0.259,19.751
[SHELL] ccB:183,20731,1,-3.178,-15.294,18.472,57.693,33.336,66.664,54.427,32.959,67.041
[SHELL] ccA:184,331621519,96834,1.638,19.239,0.000,20.000,3.10241,3.20526,22.21,-4.785,14.034,-4.785,14.034,-4.753,3.099,1.00000,74.342,3.534,18.727
[SHELL] ccB:184,2147517895,1,-4.265,-13.953,18.218,61.438,34.040,65.960,57.693,33.336,66.664
[SHELL] ccA:185,331731495,96835,0.061,18.400,0.000,20.000,3.23928,3.34211,22.15,-4.754,14.051,-4.754,14.051,-4.753,3.100,1.00000,74.342,-3.412,18.072
[SHELL] ccB:185,20741,1,5.158,-17.868,12.709,64.992,35.008,64.883,61.438,34.040,65.960
[SHELL] ccA:186,331841543,96836,-1.390,18.770,0.000,20.000,3.34858,3.45142,22.15,-4.724,14.045,-4.724,14.045,-4.752,3.100,1.00000,74.342,0.632,19.467
[SHELL] ccB:186,2147517883,1,3.382,-18.302,14.920,65.811,34.189,61.997,64.992,35.008,64.883
[SHELL] ccA:187,331951631,96837,-1.381,20.167,0.000,20.000,3.46998,3.57283,22.29,-4.724,14.017,-4.724,14.017,-4.751,3.100,1.00000,74.342,-3.394,20.868
[SHELL] ccB:187,20809,1,9.942,-21.129,11.187,66.507,33.493,58.560,65.811,34.189,61.997
[SHELL] ccA:188,332061575,96838,-3.036,21.258,0.000,20.000,3.59552,3.69838,22.22,-4.689,13.994,-4.689,13.994,-4.750,3.100,1.00000,74.342,-2.678,21.648
[SHELL] ccB:188,2147517867,1,11.900,-21.782,9.882,66.953,33.047,54.953,66.507,33.493,58.560
[SHELL] ccA:189,332171659,96839,-0.325,22.274,0.000,20.000,3.72134,3.82419,22.34,-4.743,13.973,-4.743,13.973,-4.750,3.098,1.00000,73.902,2.028,22.900
[SHELL] ccB:189,20823,1,10.848,-22.978,12.129,67.280,32.720,51.118,66.953,33.047,54.953
[SHELL] ccA:190,332281579,96840,0.117,21.345,0.000,20.000,3.84084,3.94367,22.20,-4.752,13.991,-4.752,13.991,-4.750,3.098,1.00000,73.902,-1.793,19.790
[SHELL] ccB:190,2147517865,1,14.110,-19.172,5.062,67.256,32.744,47.534,67.280,32.720,51.118
[SHELL] ccA:191,332391587,96841,0.654,20.386,0.000,20.000,3.96914,4.07199,22.26,-4.763,14.010,-4.763,14.010,-4.750,3.098,1.00000,73.902,3.102,20.982
[SHELL] ccB:191,20787,1,13.349,-20.948,7.599,66.956,33.044,43.712,67.256,32.744,47.534
[SHELL] ctrlcap v1 armed=0 count=512 clock_hz=550000000 decimation=1
[SHELL] ccA:index,cycles,seq,id,iq,idref,iqref,theta,actangle,age_us,vdreq,vqreq,vd,vq,intd,intq,scale,bus,raw_id,raw_iq
[SHELL] ccB:index,timer,valid,ia,ib,ic,du,dv,dw,active_u,active_v,active_w
[SHELL] ccA:192,332501563,96842,-0.532,20.317,0.000,20.000,4.09807,4.20091,22.22,-4.739,14.011,-4.739,14.011,-4.750,3.097,1.00000,74.342,-4.166,19.652
[SHELL] ccB:192,2147517873,1,18.460,-16.092,-2.368,66.253,33.747,40.096,66.956,33.044,43.712
[SHELL] ccA:193,332611559,96843,-1.067,20.076,0.000,20.000,4.22122,4.32408,22.20,-4.728,14.016,-4.728,14.016,-4.749,3.097,1.00000,74.342,2.031,20.500
[SHELL] ccB:193,20773,1,17.119,-18.484,1.365,65.435,34.565,36.733,66.253,33.747,40.096
[SHELL] ccA:194,332721567,96844,-0.087,20.702,0.000,20.000,4.35303,4.45587,22.21,-4.747,14.003,-4.747,14.003,-4.749,3.097,1.00000,74.342,-2.206,20.904
[SHELL] ccB:194,2147517871,1,20.344,-14.751,-5.594,65.485,36.937,34.515,65.435,34.565,36.733
[SHELL] ccA:195,332831639,96845,-0.943,20.846,0.000,20.000,4.46754,4.57039,22.32,-4.730,13.999,-4.730,13.999,-4.749,3.097,1.00000,74.342,0.320,20.788
[SHELL] ccB:195,20813,1,20.091,-14.678,-5.413,66.230,40.063,33.770,65.485,36.937,34.515
[SHELL] ccA:196,332941563,96846,-0.861,21.738,0.000,20.000,4.59911,4.70195,22.20,-4.731,13.981,-4.731,13.981,-4.748,3.096,1.00000,74.342,-2.041,22.687
[SHELL] ccB:196,2147517873,1,22.773,-11.851,-10.922,66.824,43.858,33.176,66.230,40.063,33.770
[SHELL] ccA:197,333053207,96847,-2.180,22.444,0.000,20.000,4.71571,4.81857,22.21,-4.704,13.965,-4.704,13.965,-4.747,3.095,1.00000,74.342,-2.319,22.201
[SHELL] ccB:197,21597,1,22.193,-9.024,-13.169,67.093,47.252,32.907,66.824,43.858,33.176
[SHELL] ccA:198,333161551,96848,-1.014,21.703,0.000,20.000,4.84015,4.94300,22.21,-4.726,13.979,-4.726,13.979,-4.747,3.094,1.00000,74.342,0.290,21.205
[SHELL] ccB:198,2147517879,1,21.069,-8.444,-12.625,67.181,50.984,32.819,67.093,47.252,32.907
[SHELL] ccA:199,333271559,96849,-1.579,19.725,0.000,20.000,4.97108,5.07393,22.21,-4.714,14.019,-4.714,14.019,-4.746,3.094,1.00000,74.342,-3.448,18.245
[SHELL] ccB:199,20773,1,16.756,-1.449,-15.307,67.003,54.824,32.997,67.181,50.984,32.819
[SHELL] ccA:200,333381603,96850,-0.735,18.835,0.000,20.000,5.08995,5.19280,22.27,-4.731,14.037,-4.731,14.037,-4.746,3.094,1.00000,74.342,1.978,19.425
[SHELL] ccB:200,2147517853,1,18.786,-4.784,-14.002,66.575,58.314,33.425,67.003,54.824,32.997
[SHELL] ccA:201,333491559,96851,-1.612,18.464,0.000,20.000,5.21426,5.31711,22.21,-4.713,14.046,-4.713,14.046,-4.745,3.095,1.00000,74.342,-5.203,17.503
[SHELL] ccB:201,20773,1,12.842,4.821,-17.663,65.863,61.774,34.137,66.575,58.314,33.425
[SHELL] ccA:202,333601551,96852,-3.247,16.843,0.000,20.000,5.33374,5.43657,22.17,-4.678,14.080,-4.678,14.080,-4.743,3.097,1.00000,74.342,-1.291,16.183
[SHELL] ccB:202,2147517879,1,12.407,2.864,-15.271,64.987,64.910,35.013,65.863,61.774,34.137
[SHELL] ccA:203,333711559,96853,-2.123,17.958,0.000,20.000,5.46108,5.56393,22.28,-4.700,14.058,-4.700,14.058,-4.742,3.098,1.00000,74.342,-2.956,19.732
[SHELL] ccB:203,20773,1,12.443,7.286,-19.729,61.554,65.927,34.073,64.987,64.910,35.013
[SHELL] ccA:204,333821491,96854,-1.671,21.299,0.000,20.000,5.58720,5.69006,22.15,-4.708,13.991,-4.708,13.991,-4.741,3.097,1.00000,74.342,-0.385,22.865
[SHELL] ccB:204,2147517909,1,14.364,8.228,-22.592,57.902,66.580,33.420,61.554,65.927,34.073
[SHELL] ccA:205,333931503,96855,0.160,23.256,0.000,20.000,5.70414,5.80699,22.15,-4.745,13.950,-4.745,13.950,-4.741,3.095,1.00000,74.342,0.706,23.646
[SHELL] ccB:205,20745,1,13.531,10.040,-23.571,54.395,66.976,33.024,57.902,66.580,33.420
[SHELL] ccA:206,334041491,96856,-0.045,22.400,0.000,20.000,5.83459,5.93742,22.15,-4.740,13.966,-4.740,13.966,-4.741,3.094,1.00000,74.342,-0.796,21.153
[SHELL] ccB:206,2147517909,1,8.456,12.577,-21.034,50.552,67.178,32.822,54.395,66.976,33.024
[SHELL] ccA:207,334151487,96857,2.116,21.297,0.000,20.000,5.96020,6.06304,22.12,-4.785,13.987,-4.785,13.987,-4.742,3.094,1.00000,74.342,5.028,21.440
[SHELL] ccB:207,20737,1,11.573,10.439,-22.012,46.742,67.118,32.882,50.552,67.178,32.822
[SHELL] ctrlcap v1 armed=0 count=512 clock_hz=550000000 decimation=1
[SHELL] ccA:index,cycles,seq,id,iq,idref,iqref,theta,actangle,age_us,vdreq,vqreq,vd,vq,intd,intq,scale,bus,raw_id,raw_iq
[SHELL] ccB:index,timer,valid,ia,ib,ic,du,dv,dw,active_u,active_v,active_w
[SHELL] ccA:208,334261491,96858,1.916,20.549,0.000,20.000,6.08523,6.18808,22.15,-4.782,14.002,-4.782,14.002,-4.743,3.093,1.00000,74.342,-1.196,19.659
[SHELL] ccB:208,2147517909,1,2.694,15.549,-18.243,43.078,66.767,33.233,46.742,67.118,32.882
[SHELL] ccA:209,334371555,96859,1.115,19.315,0.000,20.000,6.21048,0.03018,22.21,-4.766,14.027,-4.766,14.027,-4.744,3.094,1.00000,74.342,3.427,18.972
[SHELL] ccB:209,20771,1,4.796,13.773,-18.569,39.534,66.166,33.834,43.078,66.767,33.233
[SHELL] ccA:210,334481443,96860,0.196,18.481,0.000,20.000,0.05048,0.15334,22.16,-4.748,14.045,-4.748,14.045,-4.744,3.094,1.00000,74.342,-3.035,17.991
[SHELL] ccB:210,2147517933,1,-3.939,17.398,-13.459,36.204,65.324,34.676,39.534,66.166,33.834
[SHELL] ccA:211,334591371,96861,-1.335,18.097,0.000,20.000,0.17736,0.28021,22.11,-4.717,14.053,-4.717,14.053,-4.743,3.095,1.00000,74.342,0.366,18.203
[SHELL] ccB:211,20679,1,-2.852,16.999,-14.147,34.400,65.600,37.175,36.204,65.324,34.676
[SHELL] ccA:212,334701347,96862,-0.871,19.516,0.000,20.000,0.29679,0.39964,22.06,-4.725,14.025,-4.725,14.025,-4.743,3.096,1.00000,74.342,-2.108,20.828
[SHELL] ccB:212,2147517981,1,-8.107,20.768,-12.661,33.649,66.351,40.534,34.400,65.600,37.175
[SHELL] ccA:213,334811275,96863,-1.407,21.724,0.000,20.000,0.42607,0.52890,21.97,-4.714,13.980,-4.714,13.980,-4.742,3.095,1.00000,74.342,-0.706,22.619
[SHELL] ccB:213,20631,1,-9.992,22.581,-12.589,33.133,66.867,44.288,33.649,66.351,40.534
[SHELL] ccA:214,334921251,96864,0.414,22.697,0.000,20.000,0.54164,0.64450,21.93,-4.751,13.959,-4.751,13.959,-4.742,3.093,1.00000,74.342,1.534,22.774
[SHELL] ccB:214,2147518029,1,-10.427,22.798,-12.371,32.871,67.129,47.781,33.133,66.867,44.288
[SHELL] ccA:215,335031499,96865,-0.488,21.392,0.000,20.000,0.66373,0.76658,22.01,-4.732,13.985,-4.732,13.985,-4.742,3.093,1.00000,74.342,-2.510,20.010
[SHELL] ccB:215,20743,1,-14.305,19.464,-5.159,32.819,67.181,51.360,32.871,67.129,47.781
[SHELL] ccA:216,335141703,96866,0.675,20.215,0.000,20.000,0.80148,0.90431,22.31,-4.756,14.008,-4.756,14.008,-4.742,3.093,1.00000,74.342,3.859,20.421
[SHELL] ccB:216,2147517803,1,-11.985,20.696,-8.711,33.059,66.941,55.473,32.819,67.181,51.360
[SHELL] ccA:217,335251767,96867,0.225,19.642,0.000,20.000,0.92264,1.02549,22.47,-4.747,14.020,-4.747,14.020,-4.743,3.093,1.00000,74.342,-3.409,18.863
[SHELL] ccB:217,20877,1,-17.095,16.057,1.039,33.552,66.448,58.962,33.059,66.941,55.473
[SHELL] ccA:218,335361623,96868,-1.003,19.026,0.000,20.000,1.04225,1.14508,22.25,-4.722,14.032,-4.722,14.032,-4.742,3.093,1.00000,74.342,1.403,19.189
[SHELL] ccB:218,2147517843,1,-15.863,17.361,-1.498,34.269,65.731,62.249,33.552,66.448,58.962
[SHELL] ccA:219,335471731,96869,0.207,18.256,0.000,20.000,1.16375,1.26660,22.40,-4.746,14.049,-4.746,14.049,-4.742,3.094,1.00000,74.342,-0.988,17.322
[SHELL] ccB:219,20859,1,-16.298,13.302,2.996,34.857,64.397,65.143,34.269,65.731,62.249
[SHELL] ccA:220,335581647,96870,-0.890,18.500,0.000,20.000,1.28984,1.39268,22.28,-4.724,14.045,-4.724,14.045,-4.742,3.095,1.00000,74.342,-0.792,19.677
[SHELL] ccB:220,2147517831,1,-19.125,13.628,5.497,33.952,61.013,66.048,34.857,64.397,65.143
[SHELL] ccA:221,335691683,96871,-0.734,20.481,0.000,20.000,1.40967,1.51255,22.35,-4.727,14.005,-4.727,14.005,-4.741,3.095,1.00000,74.342,-0.675,21.286
[SHELL] ccB:221,20835,1,-21.119,12.940,8.179,33.344,57.562,66.656,33.952,61.013,66.048
[SHELL] ccA:222,335801651,96872,-0.317,20.721,0.000,20.000,1.53297,1.63580,22.28,-4.735,14.000,-4.735,14.000,-4.741,3.094,1.00000,74.342,0.040,20.156
[SHELL] ccB:222,2147517829,1,-20.140,10.765,9.375,32.935,53.938,67.065,33.344,57.562,66.656
[SHELL] ccA:223,335911643,96873,1.679,20.580,0.000,20.000,1.66800,1.77086,22.28,-4.776,14.002,-4.776,14.002,-4.742,3.094,1.00000,74.342,3.317,21.005
[SHELL] ccB:223,20815,1,-21.227,11.707,9.520,32.766,49.846,67.234,32.935,53.938,67.065
[SHELL] ctrlcap v1 armed=0 count=512 clock_hz=550000000 decimation=1
[SHELL] ccA:index,cycles,seq,id,iq,idref,iqref,theta,actangle,age_us,vdreq,vqreq,vd,vq,intd,intq,scale,bus,raw_id,raw_iq
[SHELL] ccB:index,timer,valid,ia,ib,ic,du,dv,dw,active_u,active_v,active_w
[SHELL] ccA:224,336021731,96874,0.926,19.568,0.000,20.000,1.78865,1.89147,22.40,-4.761,14.023,-4.761,14.023,-4.743,3.094,1.00000,74.342,-1.465,18.131
[SHELL] ccB:224,2147517789,1,-17.385,4.060,13.325,32.882,46.293,67.118,32.766,49.846,67.234
[SHELL] ccA:225,336131611,96875,1.007,18.267,0.000,20.000,1.91090,2.01375,22.28,-4.763,14.049,-4.763,14.049,-4.743,3.095,1.00000,74.342,3.479,18.403
[SHELL] ccB:225,20799,1,-18.509,6.778,11.731,33.240,42.704,66.760,32.882,46.293,67.118
[SHELL] ccA:226,336241587,96876,-1.218,17.835,0.000,20.000,2.03574,2.13858,22.24,-4.718,14.059,-4.718,14.059,-4.742,3.096,1.00000,74.342,-5.915,17.267
[SHELL] ccB:226,2147517861,1,-12.782,-4.892,17.675,33.881,39.237,66.119,33.240,42.704,66.760
[SHELL] ccA:227,336351587,96877,-3.635,17.191,0.000,20.000,2.14665,2.24948,22.23,-4.668,14.074,-4.668,14.074,-4.741,3.098,1.00000,74.342,-1.354,17.114
[SHELL] ccB:227,20787,1,-13.616,-2.246,15.863,34.642,36.308,65.358,33.881,39.237,66.119
[SHELL] ccA:228,336461583,96878,-2.635,16.718,0.000,20.000,2.27929,2.38212,22.22,-4.687,14.085,-4.687,14.085,-4.739,3.099,1.00000,74.342,-3.915,16.323
[SHELL] ccB:228,2147517863,1,-9.847,-6.849,16.696,37.290,34.342,65.658,34.642,36.308,65.358
[SHELL] ccA:229,336571611,96879,-1.815,19.293,0.000,20.000,2.40458,2.50741,22.23,-4.702,14.033,-4.702,14.033,-4.738,3.100,1.00000,74.342,0.286,22.263
[SHELL] ccB:229,20799,1,-15.175,-6.523,21.698,40.865,33.585,66.415,37.290,34.342,65.658
[SHELL] ccA:230,336681567,96880,1.039,23.344,0.000,20.000,2.52755,2.63040,22.22,-4.760,13.951,-4.760,13.951,-4.739,3.098,1.00000,74.342,1.792,24.424
[SHELL] ccB:230,2147517871,1,-15.537,-8.625,24.162,44.605,33.113,66.887,40.865,33.585,66.415
[SHELL] ccA:231,336791575,96881,1.487,23.010,0.000,20.000,2.65657,2.75942,22.22,-4.769,13.956,-4.769,13.956,-4.740,3.096,1.00000,74.342,1.183,21.596
[SHELL] ccB:231,20781,1,-11.115,-10.510,21.625,48.427,32.843,67.157,44.605,33.113,66.887
[SHELL] ccA:232,336901563,96882,3.637,21.714,0.000,20.000,2.78117,2.88402,22.22,-4.814,13.981,-4.814,13.981,-4.741,3.096,1.00000,74.342,6.090,21.832
[SHELL] ccB:232,2147517873,1,-13.399,-9.133,22.531,52.207,32.822,67.178,48.427,32.843,67.157
[SHELL] ccA:233,337011583,96883,2.888,20.764,0.000,20.000,2.90548,3.00831,22.23,-4.801,14.000,-4.801,14.000,-4.743,3.095,1.00000,74.342,-0.315,19.696
[SHELL] ccB:233,20785,1,-4.301,-14.497,18.798,55.847,33.093,66.907,52.207,32.822,67.178
[SHELL] ccA:234,337121587,96884,1.911,19.778,0.000,20.000,3.03142,3.13425,22.23,-4.782,14.019,-4.782,14.019,-4.744,3.095,1.00000,74.342,4.136,19.861
[SHELL] ccB:234,2147517861,1,-6.295,-13.555,19.849,59.441,33.628,66.372,55.847,33.093,66.907
[SHELL] ccA:235,337231563,96885,0.164,18.896,0.000,20.000,3.14821,3.25105,22.20,-4.747,14.038,-4.747,14.038,-4.744,3.096,1.00000,74.342,-3.807,17.930
[SHELL] ccB:235,20775,1,3.926,-17.469,13.543,62.615,34.349,65.651,59.441,33.628,66.372
[SHELL] ccA:236,337341591,96886,-1.486,19.191,0.000,20.000,3.27873,3.38159,22.22,-4.713,14.032,-4.713,14.032,-4.743,3.096,1.00000,74.342,0.835,20.452
[SHELL] ccB:236,2147517859,1,1.969,-18.629,16.660,65.270,34.730,63.875,62.615,34.349,65.651
[SHELL] ccA:237,337451575,96887,-0.077,21.042,0.000,20.000,3.39903,3.50187,22.22,-4.742,13.995,-4.742,13.995,-4.743,3.096,1.00000,74.342,-0.988,21.631
[SHELL] ccB:237,20781,1,6.463,-21.129,14.667,66.108,33.892,60.509,65.270,34.730,63.875
[SHELL] ccA:238,337561619,96888,-0.129,21.759,0.000,20.000,3.52338,3.62623,22.29,-4.741,13.979,-4.741,13.979,-4.743,3.095,1.00000,74.342,0.729,21.887
[SHELL] ccB:238,2147517845,1,7.478,-21.564,14.087,66.721,33.279,56.953,66.108,33.892,60.509
[SHELL] ccA:239,337671571,96889,1.558,22.397,0.000,20.000,3.65027,3.75315,22.24,-4.775,13.965,-4.775,13.965,-4.744,3.094,1.00000,74.342,2.386,22.907
[SHELL] ccB:239,20779,1,9.073,-22.869,13.797,67.096,32.904,53.156,66.721,33.279,56.953
[SHELL] ctrlcap v1 armed=0 count=512 clock_hz=550000000 decimation=1
[SHELL] ccA:index,cycles,seq,id,iq,idref,iqref,theta,actangle,age_us,vdreq,vqreq,vd,vq,intd,intq,scale,bus,raw_id,raw_iq
[SHELL] ccB:index,timer,valid,ia,ib,ic,du,dv,dw,active_u,active_v,active_w
[SHELL] ccA:240,337781631,96890,0.606,21.750,0.000,20.000,3.77711,3.87995,22.31,-4.756,13.977,-4.756,13.977,-4.744,3.093,1.00000,74.342,-1.174,20.592
[SHELL] ccB:240,2147517839,1,13.168,-20.332,7.164,67.196,32.804,49.429,67.096,32.904,53.156
[SHELL] ccA:241,337891607,96891,1.262,20.581,0.000,20.000,3.89179,3.99462,22.23,-4.770,14.001,-4.770,14.001,-4.745,3.093,1.00000,74.342,3.698,20.571
[SHELL] ccB:241,20797,1,11.320,-20.876,9.556,67.075,32.925,46.007,67.196,32.804,49.429
[SHELL] ccA:242,338001555,96892,-0.278,19.681,0.000,20.000,4.02135,4.12420,22.20,-4.739,14.019,-4.739,14.019,-4.745,3.093,1.00000,74.342,-4.254,18.791
[SHELL] ccB:242,2147517877,1,17.191,-16.128,-1.063,66.653,33.347,42.284,67.075,32.925,46.007
[SHELL] ccA:243,338111603,96893,-0.947,18.681,0.000,20.000,4.14858,4.25143,22.28,-4.725,14.039,-4.725,14.039,-4.744,3.093,1.00000,74.342,2.360,18.572
[SHELL] ccB:243,20795,1,14.437,-17.541,3.105,65.978,34.022,38.711,66.653,33.347,42.284
[SHELL] ccA:244,338221543,96894,-0.049,18.664,0.000,20.000,4.26755,4.37040,22.20,-4.743,14.040,-4.743,14.040,-4.744,3.094,1.00000,73.902,-2.458,18.756
[SHELL] ccB:244,2147517883,1,17.989,-14.062,-3.927,65.179,34.821,35.384,65.978,34.022,38.711
[SHELL] ccA:245,338331559,96895,-0.583,19.033,0.000,20.000,4.39151,4.49434,22.20,-4.732,14.034,-4.732,14.034,-4.744,3.094,1.00000,73.902,1.292,19.309
[SHELL] ccB:245,20773,1,17.916,-15.294,-2.622,65.872,37.841,34.128,65.179,34.821,35.384
[SHELL] ccA:246,338441595,96896,-0.307,20.203,0.000,20.000,4.51872,4.62159,22.29,-4.738,14.010,-4.738,14.010,-4.744,3.094,1.00000,74.342,-1.906,21.097
[SHELL] ccB:246,2147517857,1,21.069,-12.431,-8.638,66.517,41.515,33.483,65.872,37.841,34.128
[SHELL] ccA:247,338551551,96897,-0.675,21.529,0.000,20.000,4.64169,4.74454,22.21,-4.730,13.983,-4.730,13.983,-4.743,3.094,1.00000,74.342,0.556,21.961
[SHELL] ccB:247,20769,1,21.867,-12.757,-9.109,66.961,45.100,33.039,66.517,41.515,33.483
[SHELL] ccA:248,338661619,96898,1.826,22.033,0.000,20.000,4.76079,4.86365,22.29,-4.781,13.972,-4.781,13.972,-4.744,3.093,1.00000,74.342,3.096,22.105
[SHELL] ccB:248,2147517845,1,22.229,-12.866,-9.363,67.187,48.730,32.813,66.961,45.100,33.039
[SHELL] ccA:249,338771559,96899,1.150,19.822,0.000,20.000,4.89100,4.99383,22.20,-4.768,14.016,-4.768,14.016,-4.745,3.093,1.00000,74.342,-0.796,17.539
[SHELL] ccB:249,20773,1,17.119,-5.182,-11.936,67.183,52.558,32.817,67.187,48.730,32.813
[SHELL] ccA:250,338881567,96900,2.318,17.515,0.000,20.000,5.01510,5.11796,22.21,-4.792,14.063,-4.792,14.063,-4.746,3.094,1.00000,74.342,5.433,17.490
[SHELL] ccB:250,2147517871,1,18.315,-9.133,-9.182,66.926,56.261,33.074,67.183,52.558,32.817
[SHELL] ccA:251,338991647,96901,0.910,15.826,0.000,20.000,5.13562,5.23843,22.29,-4.765,14.099,-4.765,14.099,-4.746,3.096,1.00000,74.342,-3.613,14.162
[SHELL] ccB:251,20817,1,11.428,2.175,-13.604,66.411,59.683,33.589,66.926,56.261,33.074
[SHELL] ccA:252,339101551,96902,-1.780,15.606,0.000,20.000,5.26039,5.36324,22.20,-4.710,14.106,-4.710,14.106,-4.746,3.098,1.00000,74.342,0.053,17.051
[SHELL] ccB:252,2147517879,1,14.582,0.363,-14.945,65.603,63.039,34.397,66.411,59.683,33.589
[SHELL] ccA:253,339211543,96903,-0.684,17.107,0.000,20.000,5.38703,5.48988,22.20,-4.732,14.077,-4.732,14.077,-4.745,3.100,1.00000,74.342,-1.421,17.163
[SHELL] ccB:253,20765,1,12.516,3.987,-16.503,63.546,65.432,34.568,65.603,63.039,34.397
[SHELL] ccA:254,339321531,96904,-0.315,18.874,0.000,20.000,5.51249,5.61533,22.22,-4.739,14.042,-4.739,14.042,-4.745,3.100,1.00000,74.342,0.792,20.584
[SHELL] ccB:254,2147517889,1,14.908,4.857,-19.765,60.040,66.263,33.737,63.546,65.432,34.568
[SHELL] ccA:255,339431491,96905,0.901,21.641,0.000,20.000,5.63908,5.74193,22.15,-4.764,13.986,-4.764,13.986,-4.746,3.099,1.00000,74.342,1.010,22.697
[SHELL] ccB:255,20739,1,14.437,7.974,-22.411,56.302,66.823,33.177,60.040,66.263,33.737
[SHELL] ctrlcap v1 armed=0 count=512 clock_hz=550000000 decimation=1
[SHELL] ccA:index,cycles,seq,id,iq,idref,iqref,theta,actangle,age_us,vdreq,vqreq,vd,vq,intd,intq,scale,bus,raw_id,raw_iq
[SHELL] ccB:index,timer,valid,ia,ib,ic,du,dv,dw,active_u,active_v,active_w
[SHELL] ccA:256,339541507,96906,0.437,22.319,0.000,20.000,5.76168,5.86453,22.16,-4.755,13.972,-4.755,13.972,-4.746,3.098,1.00000,74.342,-0.136,21.940
[SHELL] ccB:256,2147517901,1,10.812,11.128,-21.940,52.696,67.122,32.878,56.302,66.823,33.177
[SHELL] ccA:257,339651499,96907,2.320,22.124,0.000,20.000,5.88846,5.99129,22.15,-4.793,13.974,-4.793,13.974,-4.747,3.097,1.00000,74.342,4.775,22.308
[SHELL] ccB:257,20743,1,12.987,9.750,-22.737,48.852,67.197,32.803,52.696,67.122,32.878
[SHELL] ccA:258,339761495,96908,2.270,21.384,0.000,20.000,6.00946,6.11229,22.12,-4.793,13.989,-4.793,13.989,-4.748,3.096,1.00000,74.342,-0.236,20.459
[SHELL] ccB:258,2147517907,1,5.303,14.462,-19.765,45.269,67.008,32.992,48.852,67.197,32.803
[SHELL] ccA:259,339871479,96909,1.984,20.077,0.000,20.000,6.13240,6.23523,22.12,-4.789,14.015,-4.789,14.015,-4.749,3.096,1.00000,74.342,4.204,19.695
[SHELL] ccB:259,20733,1,7.115,12.758,-19.874,41.704,66.575,33.425,45.269,67.008,32.992
[SHELL] ccA:260,339981451,96910,0.180,19.028,0.000,20.000,6.26074,0.08038,22.14,-4.753,14.036,-4.753,14.036,-4.749,3.097,1.00000,74.342,-3.845,18.361
[SHELL] ccB:260,2147517929,1,-3.432,17.688,-14.256,38.167,65.854,34.146,41.704,66.575,33.425
[SHELL] ccA:261,340091379,96911,-1.350,18.485,0.000,20.000,0.09972,0.20255,22.07,-4.721,14.048,-4.721,14.048,-4.748,3.098,1.00000,74.342,1.145,18.609
[SHELL] ccB:261,20683,1,-0.713,16.492,-15.778,35.021,64.979,35.132,38.167,65.854,34.146
[SHELL] ccA:262,340201327,96912,-0.430,18.983,0.000,20.000,0.22817,0.33103,22.03,-4.740,14.038,-4.740,14.038,-4.748,3.098,1.00000,74.342,-2.005,19.356
[SHELL] ccB:262,2147517991,1,-6.331,19.101,-12.770,34.039,65.961,38.619,35.021,64.979,35.132
[SHELL] ccA:263,340311307,96913,-1.384,20.226,0.000,20.000,0.35055,0.45343,21.99,-4.720,14.013,-4.720,14.013,-4.748,3.098,1.00000,74.342,-0.764,21.097
[SHELL] ccB:263,20647,1,-7.962,20.913,-12.951,33.394,66.606,42.074,34.039,65.961,38.619
[SHELL] ccA:264,340421355,96914,-0.706,21.328,0.000,20.000,0.47443,0.57756,22.09,-4.733,14.021,-4.733,14.021,-4.747,3.097,1.00000,74.342,-0.649,21.560
[SHELL] ccB:264,2147517977,1,-10.427,21.566,-11.139,32.940,67.060,45.713,33.394,66.606,42.074
[SHELL] ccA:265,340531231,96915,-1.667,20.827,0.000,20.000,0.60119,0.70435,21.93,-4.713,14.030,-4.713,14.030,-4.746,3.097,1.00000,74.342,-2.685,20.095
[SHELL] ccB:265,20609,1,-13.580,19.826,-6.246,32.761,67.239,49.439,32.940,67.060,45.713
[SHELL] ccA:266,340641471,96916,-0.053,20.290,0.000,20.000,0.72528,0.82841,21.93,-4.745,14.041,-4.745,14.041,-4.746,3.097,1.00000,74.342,2.579,20.486
[SHELL] ccB:266,2147517919,1,-11.659,20.587,-8.928,32.833,67.167,53.197,32.761,67.239,49.439
[SHELL] ccA:267,340751727,96917,-0.528,20.066,0.000,20.000,0.84727,0.95041,22.39,-4.736,14.045,-4.736,14.045,-4.746,3.097,1.00000,74.342,-3.636,19.647
[SHELL] ccB:267,20857,1,-17.132,17.470,-0.338,33.182,66.818,56.771,32.833,67.167,53.197
[SHELL] ccA:268,340861651,96918,-0.748,19.461,0.000,20.000,0.97675,1.07992,22.33,-4.731,14.058,-4.731,14.058,-4.746,3.097,1.00000,74.342,2.140,19.276
[SHELL] ccB:268,2147517829,1,-14.776,18.268,-3.492,33.813,66.187,60.468,33.182,66.818,56.771
[SHELL] ccA:269,340971731,96919,-0.453,19.037,0.000,20.000,1.10854,1.21172,22.39,-4.736,14.067,-4.736,14.067,-4.745,3.098,1.00000,74.342,-3.045,18.797
[SHELL] ccB:269,20859,1,-18.183,13.991,4.192,34.738,65.262,64.076,33.813,66.187,60.468
[SHELL] ccA:270,341081639,96920,-1.519,19.308,0.000,20.000,1.21599,1.31911,22.27,-4.714,14.062,-4.714,14.062,-4.745,3.098,1.00000,74.342,0.007,19.818
[SHELL] ccB:270,2147517835,1,-18.581,15.259,3.322,34.457,63.065,65.543,34.738,65.262,64.076
[SHELL] ccA:271,341191639,96921,-1.386,20.610,0.000,20.000,1.34514,1.44828,22.27,-4.716,14.035,-4.716,14.035,-4.744,3.098,1.00000,74.342,-2.780,21.402
[SHELL] ccB:271,20813,1,-21.481,12.541,8.940,33.638,59.453,66.362,34.457,63.065,65.543
[SHELL] ctrlcap v1 armed=0 count=512 clock_hz=550000000 decimation=1
[SHELL] ccA:index,cycles,seq,id,iq,idref,iqref,theta,actangle,age_us,vdreq,vqreq,vd,vq,intd,intq,scale,bus,raw_id,raw_iq
[SHELL] ccB:index,timer,valid,ia,ib,ic,du,dv,dw,active_u,active_v,active_w
[SHELL] ccA:272,341301715,96922,-1.612,22.089,0.000,20.000,1.47465,1.57778,22.38,-4.711,14.005,-4.711,14.005,-4.743,3.097,1.00000,74.342,-0.444,22.776
[SHELL] ccB:272,2147517797,1,-22.713,12.867,9.846,33.104,55.692,66.896,33.638,59.453,66.362
[SHELL] ccA:273,341411615,96923,0.513,22.748,0.000,20.000,1.59462,1.69774,22.25,-4.754,13.990,-4.754,13.990,-4.743,3.095,1.00000,74.342,1.470,22.721
[SHELL] ccB:273,20801,1,-22.750,12.179,10.571,32.828,52.058,67.172,33.104,55.692,66.896
[SHELL] ccA:274,341521659,96924,-0.242,21.167,0.000,20.000,1.72322,1.82639,22.33,-4.739,14.021,-4.739,14.021,-4.743,3.095,1.00000,74.342,-1.955,19.613
[SHELL] ccB:274,2147517825,1,-19.089,5.292,13.797,32.788,48.272,67.212,32.828,52.058,67.172
[SHELL] ccA:275,341631675,96925,1.937,19.257,0.000,20.000,1.85474,1.95787,22.35,-4.783,14.060,-4.783,14.060,-4.744,3.095,1.00000,74.342,5.829,18.901
[SHELL] ccB:275,20831,1,-19.778,10.149,9.629,33.015,44.300,66.985,32.788,48.272,67.212
[SHELL] ccA:276,341741611,96926,0.250,18.603,0.000,20.000,1.97145,2.07460,22.28,-4.749,14.074,-4.749,14.074,-4.744,3.096,1.00000,74.342,-5.329,18.304
[SHELL] ccB:276,2147517849,1,-14.776,-3.044,17.820,33.499,40.981,66.501,33.015,44.300,66.985
[SHELL] ccA:277,341851563,96927,-3.365,18.360,0.000,20.000,2.09106,2.19420,22.21,-4.675,14.079,-4.675,14.079,-4.743,3.097,1.00000,74.342,-1.402,18.417
[SHELL] ccB:277,20775,1,-15.283,-1.340,16.624,34.223,37.783,65.777,33.499,40.981,66.501
[SHELL] ccA:278,341961619,96928,-2.793,18.917,0.000,20.000,2.22066,2.32378,22.22,-4.686,14.069,-4.686,14.069,-4.741,3.097,1.00000,74.342,-4.184,19.417
[SHELL] ccB:278,2147517845,1,-12.927,-6.596,19.523,35.753,34.810,65.190,34.223,37.783,65.777
[SHELL] ccA:279,342071559,96929,-2.172,21.014,0.000,20.000,2.34333,2.44648,22.21,-4.697,14.026,-4.697,14.026,-4.740,3.097,1.00000,74.342,-0.160,22.611
[SHELL] ccB:279,20773,1,-16.081,-5.726,21.807,39.152,33.947,66.053,35.753,34.810,65.190
[SHELL] ccA:280,342181575,96930,-0.239,23.242,0.000,20.000,2.46869,2.57181,22.21,-4.735,13.980,-4.735,13.980,-4.740,3.095,1.00000,74.342,-0.317,23.873
[SHELL] ccB:280,2147517867,1,-14.631,-9.024,23.655,42.829,33.311,66.689,39.152,33.947,66.053
[SHELL] ccA:281,342291559,96931,0.101,24.372,0.000,20.000,2.59372,2.69685,22.22,-4.742,13.955,-4.742,13.955,-4.740,3.093,1.00000,74.342,0.520,24.871
[SHELL] ccB:281,20773,1,-13.399,-11.452,24.851,46.523,32.948,67.052,42.829,33.311,66.689
[SHELL] ccA:282,342401555,96932,2.549,24.350,0.000,20.000,2.71567,2.81879,22.19,-4.792,13.953,-4.792,13.953,-4.741,3.091,1.00000,74.342,4.578,23.829
[SHELL] ccB:282,2147517877,1,-14.015,-10.148,24.162,50.239,32.814,67.186,46.523,32.948,67.052
[SHELL] ccA:283,342511575,96933,2.345,22.423,0.000,20.000,2.83735,2.94046,22.21,-4.790,13.991,-4.790,13.991,-4.743,3.089,1.00000,74.342,0.113,21.017
[SHELL] ccB:283,20781,1,-6.404,-14.134,20.538,53.830,32.916,67.084,50.239,32.814,67.186
[SHELL] ccA:284,342621559,96934,2.590,21.722,0.000,20.000,2.97471,3.07785,22.21,-4.796,14.004,-4.796,14.004,-4.744,3.088,1.00000,74.342,5.068,22.427
[SHELL] ccB:284,2147517875,1,-8.723,-14.062,22.785,57.857,33.364,66.636,53.830,32.916,67.084
[SHELL] ccA:285,342731575,96935,1.392,21.129,0.000,20.000,3.09657,3.19971,22.22,-4.773,14.015,-4.773,14.015,-4.745,3.088,1.00000,74.342,-2.284,19.831
[SHELL] ccB:285,20781,1,1.389,-17.940,16.551,61.256,34.024,65.976,57.857,33.364,66.636
[SHELL] ccA:286,342841607,96936,-0.671,18.815,0.000,20.000,3.21546,3.31859,22.28,-4.731,14.062,-4.731,14.062,-4.744,3.089,1.00000,74.342,0.942,17.800
[SHELL] ccB:286,2147517851,1,0.374,-15.620,15.246,64.392,34.845,65.155,61.256,34.024,65.976
[SHELL] ccA:287,342951563,96937,-0.360,18.643,0.000,20.000,3.33883,3.44194,22.21,-4.737,14.066,-4.737,14.066,-4.744,3.089,1.00000,74.342,-1.662,19.487
[SHELL] ccB:287,20775,1,5.448,-18.991,13.543,65.773,34.227,62.267,64.392,34.845,65.155
[SHELL] ctrlcap v1 armed=0 count=512 clock_hz=550000000 decimation=1
[SHELL] ccA:index,cycles,seq,id,iq,idref,iqref,theta,actangle,age_us,vdreq,vqreq,vd,vq,intd,intq,scale,bus,raw_id,raw_iq
[SHELL] ccB:index,timer,valid,ia,ib,ic,du,dv,dw,active_u,active_v,active_w
[SHELL] ccA:288,343061559,96938,-1.336,19.953,0.000,20.000,3.46852,3.57166,22.21,-4.717,14.040,-4.717,14.040,-4.743,3.089,1.00000,74.342,-1.010,20.420
[SHELL] ccB:288,2147517875,1,7.514,-20.223,12.709,66.518,33.482,58.632,65.773,34.227,62.267
[SHELL] ccA:289,343171571,96939,-0.352,21.180,0.000,20.000,3.58909,3.69221,22.21,-4.736,14.015,-4.736,14.015,-4.743,3.089,1.00000,74.342,0.307,21.941
[SHELL] ccB:289,20779,1,9.218,-21.854,12.637,66.983,33.017,55.070,66.518,33.482,58.632
[SHELL] ccA:290,343281575,96940,-0.610,21.202,0.000,20.000,3.71198,3.81512,22.22,-4.731,14.014,-4.731,14.014,-4.743,3.088,1.00000,74.342,-1.528,20.462
[SHELL] ccB:290,2147517867,1,12.334,-20.368,8.034,67.210,32.790,51.435,66.983,33.017,55.070
[SHELL] ccA:291,343391631,96941,1.014,20.406,0.000,20.000,3.84492,3.94805,22.28,-4.764,14.030,-4.764,14.030,-4.744,3.088,1.00000,74.342,3.556,20.350
[SHELL] ccB:291,20809,1,10.450,-20.658,10.209,67.195,32.805,47.415,67.210,32.790,51.435
[SHELL] ccA:292,343501603,96942,1.851,19.101,0.000,20.000,3.97040,4.07352,22.26,-4.781,14.056,-4.781,14.056,-4.744,3.088,1.00000,74.342,0.147,17.851
[SHELL] ccB:292,2147517853,1,13.059,-17.070,4.011,66.906,33.094,43.678,67.195,32.805,47.415
[SHELL] ccA:293,343611547,96943,1.118,17.636,0.000,20.000,4.08813,4.19124,22.19,-4.767,14.087,-4.767,14.087,-4.745,3.089,1.00000,74.342,2.089,17.421
[SHELL] ccB:293,20767,1,12.914,-16.744,3.830,66.396,33.604,40.311,66.906,33.094,43.678
[SHELL] ccA:294,343721539,96944,-0.002,17.131,0.000,20.000,4.21155,4.31468,22.19,-4.745,14.098,-4.745,14.098,-4.745,3.091,1.00000,74.342,-2.094,16.840
[SHELL] ccB:294,2147517885,1,15.778,-13.301,-2.477,65.599,34.401,36.930,66.396,33.604,40.311
[SHELL] ccA:295,343831575,96945,-0.385,16.970,0.000,20.000,4.34086,4.44399,22.27,-4.737,14.103,-4.737,14.103,-4.745,3.092,1.00000,74.342,1.325,17.099
[SHELL] ccB:295,20781,1,15.451,-14.171,-1.281,65.468,36.460,34.532,65.599,34.401,36.930
[SHELL] ccA:296,343941539,96946,0.498,18.033,0.000,20.000,4.46282,4.56595,22.20,-4.755,14.083,-4.755,14.083,-4.745,3.093,1.00000,74.342,-0.329,18.966
[SHELL] ccB:296,2147517885,1,18.460,-13.011,-5.449,66.298,39.874,33.702,65.468,36.460,34.532
[SHELL] ccA:297,344051595,96947,0.105,19.698,0.000,20.000,4.58600,4.68913,22.27,-4.747,14.050,-4.747,14.050,-4.745,3.094,1.00000,73.902,0.539,20.430
[SHELL] ccB:297,20791,1,20.199,-12.793,-7.406,66.956,43.401,33.044,66.298,39.874,33.702
[SHELL] ccA:298,344161539,96948,0.939,20.605,0.000,20.000,4.71175,4.81490,22.19,-4.764,14.031,-4.764,14.031,-4.746,3.093,1.00000,73.902,1.340,20.780
[SHELL] ccB:298,2147517885,1,20.779,-11.561,-9.218,67.288,47.185,32.712,66.956,43.401,33.044
[SHELL] ccA:299,344271543,96949,-0.263,19.456,0.000,20.000,4.84313,4.94624,22.16,-4.740,14.054,-4.740,14.054,-4.745,3.094,1.00000,73.902,-1.865,18.133
[SHELL] ccB:299,20765,1,17.735,-5.218,-12.516,67.370,51.070,32.630,67.288,47.185,32.712
[SHELL] ccA:300,344381631,96950,0.900,17.544,0.000,20.000,4.96192,5.06506,22.28,-4.764,14.094,-4.764,14.094,-4.746,3.095,1.00000,74.342,3.666,16.956
[SHELL] ccB:300,2147517839,1,17.336,-8.118,-9.218,67.123,54.635,32.877,67.370,51.070,32.630
[SHELL] ccA:301,344491535,96951,-1.011,17.129,0.000,20.000,5.08233,5.18545,22.17,-4.725,14.104,-4.725,14.104,-4.745,3.096,1.00000,74.342,-5.688,17.301
[SHELL] ccB:301,20761,1,14.074,2.973,-17.047,66.687,58.084,33.313,67.123,54.635,32.877
[SHELL] ccA:302,344601531,96952,-3.438,17.287,0.000,20.000,5.20916,5.31229,22.19,-4.675,14.102,-4.675,14.102,-4.744,3.098,1.00000,74.342,-1.189,17.272
[SHELL] ccB:302,2147517889,1,14.618,0.726,-15.343,65.965,61.574,34.035,66.687,58.084,33.313
[SHELL] ccA:303,344711547,96953,-2.795,17.001,0.000,20.000,5.33178,5.43489,22.20,-4.686,14.109,-4.686,14.109,-4.742,3.099,1.00000,74.342,-4.401,16.729
[SHELL] ccB:303,20767,1,11.066,5.981,-17.047,65.033,64.894,34.967,65.965,61.574,34.035
[SHELL] ctrlcap v1 armed=0 count=512 clock_hz=550000000 decimation=1
[SHELL] ccA:index,cycles,seq,id,iq,idref,iqref,theta,actangle,age_us,vdreq,vqreq,vd,vq,intd,intq,scale,bus,raw_id,raw_iq
[SHELL] ccB:index,timer,valid,ia,ib,ic,du,dv,dw,active_u,active_v,active_w
[SHELL] ccA:304,344821515,96954,-2.756,17.748,0.000,20.000,5.45620,5.55937,22.21,-4.686,14.095,-4.686,14.095,-4.741,3.100,1.00000,74.342,-1.111,18.768
[SHELL] ccB:304,2147517897,1,13.059,5.184,-18.243,61.750,65.918,34.082,65.033,64.894,34.967
[SHELL] ccA:305,344931483,96955,-1.397,20.075,0.000,20.000,5.57323,5.67636,22.14,-4.712,14.049,-4.712,14.049,-4.740,3.100,1.00000,74.342,-1.683,21.382
[SHELL] ccB:305,20735,1,12.661,8.663,-21.324,58.354,66.574,33.426,61.750,65.918,34.082
[SHELL] ccA:306,345041491,96956,-0.864,21.852,0.000,20.000,5.71505,5.81816,22.14,-4.722,14.012,-4.722,14.012,-4.740,3.099,1.00000,74.342,-0.046,22.322
[SHELL] ccB:306,2147517909,1,11.972,10.330,-22.302,54.162,67.057,32.943,58.354,66.574,33.426
[SHELL] ccA:307,345151487,96957,1.994,22.207,0.000,20.000,5.83726,5.94039,22.14,-4.781,14.004,-4.781,14.004,-4.741,3.098,1.00000,74.342,4.034,22.092
[SHELL] ccB:307,20737,1,13.168,9.170,-22.338,50.413,67.236,32.764,54.162,67.057,32.943
[SHELL] ccA:308,345261519,96958,1.260,20.355,0.000,20.000,5.95840,6.06155,22.22,-4.767,14.041,-4.767,14.041,-4.741,3.098,1.00000,74.342,-1.515,18.619
[SHELL] ccB:308,2147517895,1,4.506,13.447,-17.953,46.845,67.177,32.823,50.413,67.236,32.764
[SHELL] ccA:309,345371467,96959,0.508,18.841,0.000,20.000,6.07837,6.18149,22.11,-4.752,14.072,-4.752,14.072,-4.742,3.098,1.00000,74.342,2.530,19.063
[SHELL] ccB:309,20727,1,6.354,12.541,-18.895,43.344,66.870,33.130,46.845,67.177,32.823
[SHELL] ccA:310,345481511,96960,-2.016,18.432,0.000,20.000,6.21001,0.02995,22.15,-4.700,14.081,-4.700,14.081,-4.741,3.099,1.00000,74.342,-6.563,17.801
[SHELL] ccB:310,2147517899,1,-5.244,18.413,-13.169,39.670,66.231,33.769,43.344,66.870,33.130
[SHELL] ccA:311,345591431,96961,-3.788,18.107,0.000,20.000,0.05073,0.15385,22.15,-4.663,14.088,-4.663,14.088,-4.739,3.100,1.00000,74.342,-1.013,18.413
[SHELL] ccB:311,20709,1,-1.946,16.854,-14.908,36.347,65.385,34.615,39.670,66.231,33.769
[SHELL] ccA:312,345701335,96962,-3.112,18.249,0.000,20.000,0.17336,0.27650,22.04,-4.675,14.086,-4.675,14.086,-4.737,3.101,1.00000,74.342,-5.211,18.085
[SHELL] ccB:312,2147517987,1,-8.252,18.775,-10.523,34.434,65.566,36.968,36.347,65.385,34.615
[SHELL] ccA:313,345811307,96963,-4.164,19.675,0.000,20.000,0.29651,0.39963,21.99,-4.652,14.058,-4.652,14.058,-4.735,3.101,1.00000,74.342,-3.117,21.265
[SHELL] ccB:313,20647,1,-9.194,21.421,-12.226,33.670,66.330,40.375,34.434,65.566,36.968
[SHELL] ccA:314,345921291,96964,-2.908,21.480,0.000,20.000,0.42503,0.52816,22.05,-4.675,14.021,-4.675,14.021,-4.734,3.101,1.00000,74.342,-2.699,21.695
[SHELL] ccB:314,2147518009,1,-11.405,21.856,-10.450,33.116,66.884,44.158,33.670,66.330,40.375
[SHELL] ccA:315,346031287,96965,-3.458,21.211,0.000,20.000,0.54666,0.64980,21.93,-4.663,14.026,-4.663,14.026,-4.732,3.100,1.00000,74.342,-4.218,20.726
[SHELL] ccB:315,20637,1,-14.377,20.623,-6.246,32.832,67.168,47.722,33.116,66.884,44.158
[SHELL] ccA:316,346141547,96966,-2.056,20.997,0.000,20.000,0.66903,0.77216,22.01,-4.690,14.029,-4.690,14.029,-4.731,3.099,1.00000,73.902,0.105,21.268
[SHELL] ccB:316,2147517881,1,-13.109,21.058,-7.950,32.685,67.315,51.428,32.832,67.168,47.722
[SHELL] ccA:317,346251811,96967,-2.418,20.442,0.000,20.000,0.79448,0.89761,22.47,-4.681,14.040,-4.681,14.040,-4.730,3.099,1.00000,74.342,-4.941,19.616
[SHELL] ccB:317,20899,1,-17.458,17.579,-0.121,33.014,66.986,55.118,32.685,67.315,51.428
[SHELL] ccA:318,346361735,96968,-1.899,20.031,0.000,20.000,0.92273,1.02587,22.41,-4.691,14.048,-4.691,14.048,-4.729,3.099,1.00000,74.342,1.144,20.445
[SHELL] ccB:318,2147517787,1,-15.610,19.282,-3.673,33.522,66.478,58.858,33.014,66.986,55.118
[SHELL] ccA:319,346471787,96969,-2.398,20.022,0.000,20.000,1.05050,1.15366,22.47,-4.680,14.049,-4.680,14.049,-4.728,3.099,1.00000,74.342,-5.939,19.600
[SHELL] ccB:319,20887,1,-19.959,13.955,6.004,34.306,65.694,62.401,33.522,66.478,58.858
[SHELL] ctrlcap v1 armed=0 count=512 clock_hz=550000000 decimation=1
[SHELL] ccA:index,cycles,seq,id,iq,idref,iqref,theta,actangle,age_us,vdreq,vqreq,vd,vq,intd,intq,scale,bus,raw_id,raw_iq
[SHELL] ccB:index,timer,valid,ia,ib,ic,du,dv,dw,active_u,active_v,active_w
[SHELL] ccA:320,346581707,96970,-3.937,19.843,0.000,20.000,1.17331,1.27642,22.32,-4.647,14.052,-4.647,14.052,-4.726,3.099,1.00000,74.342,-1.935,20.087
[SHELL] ccB:320,2147517801,1,-19.270,14.824,4.446,34.858,64.281,65.142,34.306,65.694,62.401
[SHELL] ccA:321,346691727,96971,-2.717,20.513,0.000,20.000,1.30312,1.40623,22.34,-4.670,14.039,-4.670,14.039,-4.724,3.099,1.00000,74.342,-3.500,20.939
[SHELL] ccB:321,20857,1,-21.119,12.432,8.686,33.913,60.712,66.087,34.858,64.281,65.142
[SHELL] ccA:322,346801767,96972,-3.051,22.069,0.000,20.000,1.42293,1.52607,22.44,-4.662,14.007,-4.662,14.007,-4.723,3.098,1.00000,74.342,-2.602,23.199
[SHELL] ccB:322,2147517771,1,-23.329,12.396,10.933,33.326,57.283,66.674,33.913,60.712,66.087
[SHELL] ccA:323,346911719,96973,-2.055,23.103,0.000,20.000,1.54313,1.64629,22.36,-4.681,13.984,-4.681,13.984,-4.722,3.096,1.00000,74.342,-1.509,23.007
[SHELL] ccB:323,20853,1,-23.039,10.765,12.274,32.955,53.713,67.045,33.326,57.283,66.674
[SHELL] ccA:324,347021711,96974,-1.867,21.584,0.000,20.000,1.66828,1.77139,22.33,-4.683,14.014,-4.683,14.014,-4.721,3.096,1.00000,74.342,-2.226,20.162
[SHELL] ccB:324,2147517799,1,-19.850,6.307,13.543,32.787,50.014,67.213,32.955,53.713,67.045
[SHELL] ccA:325,347131779,96975,-0.418,20.317,0.000,20.000,1.80107,1.90421,22.46,-4.712,14.039,-4.712,14.039,-4.721,3.095,1.00000,74.342,1.390,20.472
[SHELL] ccB:325,20883,1,-20.249,7.249,12.999,32.903,46.019,67.097,32.787,50.014,67.213
[SHELL] ccA:326,347241687,96976,-1.687,19.851,0.000,20.000,1.92294,2.02608,22.35,-4.686,14.048,-4.686,14.048,-4.720,3.096,1.00000,74.342,-4.764,19.230
[SHELL] ccB:326,2147517811,1,-16.407,-1.413,17.820,33.300,42.502,66.700,32.903,46.019,67.097
[SHELL] ccA:327,347351687,96977,-2.354,18.776,0.000,20.000,2.04390,2.14702,22.29,-4.671,14.071,-4.671,14.071,-4.718,3.096,1.00000,74.342,0.055,18.322
[SHELL] ccB:327,20837,1,-16.334,0.979,15.355,33.918,39.094,66.082,33.300,42.502,66.700
[SHELL] ccA:328,347461711,96978,-2.083,18.336,0.000,20.000,2.16922,2.27236,22.37,-4.676,14.080,-4.676,14.080,-4.717,3.097,1.00000,74.342,-4.221,18.349
[SHELL] ccB:328,2147517799,1,-12.782,-5.581,18.363,34.821,35.685,65.179,33.918,39.094,66.082
[SHELL] ccA:329,347571659,96979,-2.852,19.380,0.000,20.000,2.29257,2.39571,22.29,-4.659,14.060,-4.659,14.060,-4.716,3.097,1.00000,74.342,-1.483,20.410
[SHELL] ccB:329,20823,1,-14.341,-5.472,19.813,37.653,34.287,65.713,34.821,35.685,65.179
[SHELL] ccA:330,347681699,96980,-1.582,21.185,0.000,20.000,2.41322,2.51636,22.36,-4.684,14.023,-4.684,14.023,-4.715,3.097,1.00000,74.342,-1.682,21.960
[SHELL] ccB:330,2147517805,1,-13.362,-8.480,21.843,41.102,33.561,66.439,37.653,34.287,65.713
[SHELL] ccA:331,347792019,96981,-1.198,23.308,0.000,20.000,2.53670,2.63985,22.29,-4.691,13.979,-4.691,13.979,-4.715,3.095,1.00000,74.342,-0.714,24.657
[SHELL] ccB:331,21003,1,-13.435,-11.199,24.634,44.732,33.095,66.905,41.102,33.561,66.439
[SHELL] ccA:332,347901267,96982,1.221,24.314,0.000,20.000,2.66333,2.76642,22.08,-4.740,13.957,-4.740,13.957,-4.715,3.093,1.00000,74.342,3.155,23.972
[SHELL] ccB:332,2147518021,1,-13.834,-10.256,24.090,48.579,32.849,67.151,44.732,33.095,66.905
[SHELL] ccA:333,348011055,96983,1.671,22.926,0.000,20.000,2.79009,2.89323,21.75,-4.749,13.983,-4.749,13.983,-4.716,3.091,1.00000,74.342,0.186,21.880
[SHELL] ccB:333,20521,1,-7.708,-13.881,21.589,52.354,32.851,67.149,48.579,32.849,67.151
[SHELL] ccA:334,348121047,96984,2.729,21.518,0.000,20.000,2.91723,3.02035,21.72,-4.772,14.010,-4.772,14.010,-4.717,3.091,1.00000,74.342,5.272,21.156
[SHELL] ccB:334,2147518131,1,-9.847,-11.924,21.770,56.139,33.127,66.873,52.354,32.851,67.149
[SHELL] ccA:335,348231055,96985,1.000,20.744,0.000,20.000,3.03716,3.14030,21.75,-4.738,14.025,-4.738,14.025,-4.718,3.090,1.00000,74.342,-3.272,20.332
[SHELL] ccB:335,20521,1,1.135,-18.375,17.240,59.523,33.654,66.346,56.139,33.127,66.873
[SHELL] ctrlcap v1 armed=0 count=512 clock_hz=550000000 decimation=1
[SHELL] ccA:index,cycles,seq,id,iq,idref,iqref,theta,actangle,age_us,vdreq,vqreq,vd,vq,intd,intq,scale,bus,raw_id,raw_iq
[SHELL] ccB:index,timer,valid,ia,ib,ic,du,dv,dw,active_u,active_v,active_w
[SHELL] ccA:336,348341099,96986,-1.054,19.329,0.000,20.000,3.16029,3.26342,21.82,-4.696,14.054,-4.696,14.054,-4.717,3.091,1.00000,73.902,1.165,18.326
[SHELL] ccB:336,2147518105,1,-0.822,-15.475,16.297,62.928,34.322,65.678,59.523,33.654,66.346
[SHELL] ccA:337,348451059,96987,-0.003,18.878,0.000,20.000,3.29214,3.39527,21.74,-4.717,14.064,-4.717,14.064,-4.717,3.091,1.00000,73.902,-1.170,19.430
[SHELL] ccB:337,20523,1,4.071,-18.520,14.449,65.499,34.501,63.632,62.928,34.322,65.678
[SHELL] ccA:338,348561059,96988,0.345,19.801,0.000,20.000,3.41216,3.51529,21.75,-4.724,14.045,-4.724,14.045,-4.718,3.091,1.00000,74.342,1.859,20.171
[SHELL] ccB:338,2147518125,1,3.600,-19.064,15.464,66.222,33.778,60.225,65.499,34.501,63.632
[SHELL] ccA:339,348671103,96989,1.384,21.256,0.000,20.000,3.53533,3.63847,21.82,-4.746,14.015,-4.746,14.015,-4.718,3.091,1.00000,74.342,0.909,22.341
[SHELL] ccB:339,20545,1,7.732,-22.036,14.304,66.808,33.192,56.627,66.222,33.778,60.225
[SHELL] ccA:340,348781059,96990,0.309,21.934,0.000,20.000,3.66199,3.76513,21.75,-4.725,14.001,-4.725,14.001,-4.718,3.090,1.00000,74.342,-0.292,21.527
[SHELL] ccB:340,2147518125,1,10.957,-21.528,10.571,67.131,32.869,52.923,66.808,33.192,56.627
[SHELL] ccA:341,348891051,96991,1.500,21.352,0.000,20.000,3.78590,3.88904,21.76,-4.749,14.012,-4.749,14.012,-4.719,3.089,1.00000,74.342,3.293,21.177
[SHELL] ccB:341,20519,1,10.087,-21.419,11.332,67.229,32.771,49.193,67.131,32.869,52.923
[SHELL] ccA:342,349001079,96992,0.893,19.965,0.000,20.000,3.90952,4.01265,21.75,-4.737,14.040,-4.737,14.040,-4.720,3.089,1.00000,74.342,-1.507,18.753
[SHELL] ccB:342,2147518115,1,14.110,-17.831,3.721,67.069,32.931,45.553,67.229,32.771,49.193
[SHELL] ccA:343,349111091,96993,1.595,19.056,0.000,20.000,4.03348,4.13661,21.78,-4.752,14.058,-4.752,14.058,-4.720,3.089,1.00000,74.342,4.697,19.359
[SHELL] ccB:343,20539,1,12.117,-19.752,7.635,66.643,33.357,41.904,67.069,32.931,45.553
[SHELL] ccA:344,349221103,96994,1.425,18.406,0.000,20.000,4.15845,4.26158,21.79,-4.750,14.072,-4.750,14.072,-4.721,3.090,1.00000,74.342,-1.847,17.452
[SHELL] ccB:344,2147518103,1,15.814,-14.497,-1.317,65.947,34.053,38.377,66.643,33.357,41.904
[SHELL] ccA:345,349331091,96995,-0.577,17.533,0.000,20.000,4.28029,4.38340,21.76,-4.709,14.091,-4.709,14.091,-4.721,3.092,1.00000,74.342,0.694,17.615
[SHELL] ccB:345,20539,1,15.705,-14.787,-0.918,65.044,34.956,35.179,65.947,34.053,38.377
[SHELL] ccA:346,349441099,96996,0.678,18.368,0.000,20.000,4.40494,4.50809,21.78,-4.735,14.075,-4.735,14.075,-4.721,3.092,1.00000,74.342,0.661,19.121
[SHELL] ccB:346,2147518105,1,18.025,-14.569,-3.455,65.911,38.238,34.089,65.044,34.956,35.179
[SHELL] ccA:347,349551127,96997,0.580,19.217,0.000,20.000,4.52801,4.63114,21.85,-4.733,14.058,-4.733,14.058,-4.721,3.093,1.00000,74.342,0.499,19.313
[SHELL] ccB:347,20557,1,18.895,-12.938,-5.956,66.607,41.726,33.393,65.911,38.238,34.089
[SHELL] ccA:348,349661075,96998,1.146,19.500,0.000,20.000,4.65383,4.75695,21.75,-4.745,14.053,-4.745,14.053,-4.722,3.093,1.00000,74.342,1.794,19.686
[SHELL] ccB:348,2147518117,1,19.547,-12.322,-7.225,67.076,45.427,32.924,66.607,41.726,33.393
[SHELL] ccA:349,349771175,96999,1.206,17.693,0.000,20.000,4.78012,4.88325,21.88,-4.747,14.090,-4.747,14.090,-4.723,3.094,1.00000,74.342,0.617,15.699
[SHELL] ccB:349,20581,1,15.705,-7.466,-8.240,67.314,49.166,32.686,67.076,45.427,32.924
[SHELL] ccA:350,349881135,97000,2.347,16.299,0.000,20.000,4.91219,5.01532,21.85,-4.771,14.120,-4.771,14.120,-4.724,3.096,1.00000,73.902,4.076,16.900
[SHELL] ccB:350,2147518087,1,17.372,-9.242,-8.131,67.369,53.175,32.631,67.314,49.166,32.686
[SHELL] ccA:351,349991095,97001,0.246,15.991,0.000,20.000,5.02607,5.12922,21.78,-4.729,14.128,-4.729,14.128,-4.724,3.098,1.00000,73.902,-3.585,15.083
[SHELL] ccB:351,20541,1,13.241,0.363,-13.604,67.052,56.488,32.948,67.369,53.175,32.631
[SHELL] ctrlcap v1 armed=0 count=512 clock_hz=550000000 decimation=1
[SHELL] ccA:index,cycles,seq,id,iq,idref,iqref,theta,actangle,age_us,vdreq,vqreq,vd,vq,intd,intq,scale,bus,raw_id,raw_iq
[SHELL] ccB:index,timer,valid,ia,ib,ic,du,dv,dw,active_u,active_v,active_w
[SHELL] ccA:352,350101147,97002,-1.523,15.460,0.000,20.000,5.14848,5.25164,21.87,-4.693,14.141,-4.693,14.141,-4.723,3.100,1.00000,73.902,0.538,15.836
[SHELL] ccB:352,2147518081,1,14.582,-1.920,-12.661,66.483,59.973,33.517,67.052,56.488,32.948
[SHELL] ccA:353,350211087,97003,-1.756,16.097,0.000,20.000,5.27445,5.37757,21.75,-4.687,14.130,-4.687,14.130,-4.722,3.102,1.00000,73.902,-4.050,16.357
[SHELL] ccB:353,20537,1,11.682,4.676,-16.358,65.618,63.466,34.382,66.483,59.973,33.517
[SHELL] ccA:354,350321103,97004,-1.958,16.991,0.000,20.000,5.40269,5.50586,21.87,-4.682,14.114,-4.682,14.114,-4.721,3.104,1.00000,74.342,0.135,17.625
[SHELL] ccB:354,2147518103,1,13.676,2.791,-16.467,63.239,65.545,34.455,65.618,63.466,34.382
[SHELL] ccA:355,350431039,97005,-1.027,19.672,0.000,20.000,5.51841,5.62152,21.73,-4.700,14.060,-4.700,14.060,-4.721,3.104,1.00000,74.342,-2.190,21.719
[SHELL] ccB:355,20513,1,13.458,8.156,-21.614,59.949,66.287,33.713,63.239,65.545,34.455
[SHELL] ccA:356,350541043,97006,-0.866,21.700,0.000,20.000,5.65169,5.75484,21.73,-4.703,14.019,-4.703,14.019,-4.720,3.103,1.00000,74.342,0.457,21.680
[SHELL] ccB:356,2147518133,1,13.168,8.337,-21.505,56.064,66.866,33.134,59.949,66.287,33.713
[SHELL] ccA:357,350651051,97007,2.101,21.879,0.000,20.000,5.77157,5.87471,21.74,-4.763,14.014,-4.763,14.014,-4.721,3.102,1.00000,74.342,3.745,22.078
[SHELL] ccB:357,20519,1,14.074,8.047,-22.121,52.412,67.187,32.813,56.064,66.866,33.134
[SHELL] ccA:358,350761027,97008,2.085,20.860,0.000,20.000,5.89837,6.00152,21.72,-4.764,14.034,-4.764,14.034,-4.722,3.102,1.00000,74.342,0.426,19.641
[SHELL] ccB:358,2147518141,1,7.768,11.744,-19.511,48.637,67.247,32.753,52.412,67.187,32.813
[SHELL] ccA:359,350871043,97009,3.407,19.178,0.000,20.000,6.02044,6.12358,21.73,-4.792,14.068,-4.792,14.068,-4.724,3.102,1.00000,74.342,6.388,18.714
[SHELL] ccB:359,20515,1,11.030,8.699,-19.729,44.965,67.068,32.932,48.637,67.247,32.753
[SHELL] ccA:360,350981027,97010,1.969,17.916,0.000,20.000,6.14450,6.24762,21.72,-4.765,14.095,-4.765,14.095,-4.725,3.103,1.00000,74.342,-2.451,17.117
[SHELL] ccB:360,2147518141,1,-0.061,15.006,-14.945,41.404,66.606,33.394,44.965,67.068,32.932
[SHELL] ccA:361,351091147,97011,0.280,18.253,0.000,20.000,6.27526,0.09521,21.72,-4.731,14.089,-4.731,14.089,-4.725,3.104,1.00000,74.342,3.011,19.388
[SHELL] ccB:361,20567,1,3.165,15.187,-18.352,37.795,65.814,34.186,41.404,66.606,33.394
[SHELL] ccA:362,351201243,97012,-0.061,18.469,0.000,20.000,0.10918,0.21231,21.96,-4.724,14.085,-4.724,14.085,-4.725,3.105,1.00000,74.342,-3.133,17.549
[SHELL] ccB:362,2147518033,1,-5.026,17.325,-12.299,34.907,65.093,35.333,37.795,65.814,34.186
[SHELL] ccA:363,351311219,97013,-2.070,18.434,0.000,20.000,0.22827,0.33166,21.96,-4.683,14.114,-4.683,14.114,-4.724,3.106,1.00000,74.342,-1.007,19.318
[SHELL] ccB:363,20603,1,-5.352,18.775,-13.422,34.012,65.988,38.449,34.907,65.093,35.333
[SHELL] ccA:364,351421155,97014,-1.578,20.634,0.000,20.000,0.35606,0.45943,21.82,-4.692,14.070,-4.692,14.070,-4.723,3.105,1.00000,74.342,-2.149,21.950
[SHELL] ccB:364,2147518077,1,-9.666,22.001,-12.335,33.330,66.670,42.136,34.012,65.988,38.449
[SHELL] ccA:365,351531111,97015,-1.586,21.891,0.000,20.000,0.48093,0.58430,21.81,-4.691,14.044,-4.691,14.044,-4.723,3.104,1.00000,74.342,-1.023,21.832
[SHELL] ccB:365,20549,1,-11.007,21.856,-10.849,32.922,67.078,45.816,33.330,66.670,42.136
[SHELL] ccA:366,351641131,97016,1.523,22.489,0.000,20.000,0.61147,0.71485,21.86,-4.754,14.031,-4.754,14.031,-4.723,3.103,1.00000,74.342,4.070,23.146
[SHELL] ccB:366,2147518089,1,-9.955,23.414,-13.459,32.743,67.257,49.831,32.922,67.078,45.816
[SHELL] ccA:367,351751319,97017,1.611,22.194,0.000,20.000,0.72862,0.83202,21.78,-4.756,14.035,-4.756,14.035,-4.724,3.102,1.00000,74.342,-0.848,21.241
[SHELL] ccB:367,20653,1,-14.776,20.623,-5.848,32.844,67.156,53.329,32.743,67.257,49.831
[SHELL] ctrlcap v1 armed=0 count=512 clock_hz=550000000 decimation=1
[SHELL] ccA:index,cycles,seq,id,iq,idref,iqref,theta,actangle,age_us,vdreq,vqreq,vd,vq,intd,intq,scale,bus,raw_id,raw_iq
[SHELL] ccB:index,timer,valid,ia,ib,ic,du,dv,dw,active_u,active_v,active_w
[SHELL] ccA:368,351861539,97018,2.172,21.266,0.000,20.000,0.85593,0.95931,22.17,-4.769,14.053,-4.769,14.053,-4.725,3.101,1.00000,73.902,5.193,21.290
[SHELL] ccB:368,2147517885,1,-12.674,21.819,-9.146,33.105,66.895,57.138,32.844,67.156,53.329
[SHELL] ccA:369,351971499,97019,1.100,20.310,0.000,20.000,0.97455,1.07795,22.19,-4.748,14.072,-4.748,14.072,-4.726,3.101,1.00000,74.342,-2.993,19.330
[SHELL] ccB:369,20743,1,-17.675,16.093,1.582,33.785,66.215,60.448,33.105,66.895,57.138
[SHELL] ccA:370,352081479,97020,0.000,19.895,0.000,20.000,1.09710,1.20051,22.13,-4.726,14.081,-4.726,14.081,-4.726,3.101,1.00000,74.342,2.994,20.460
[SHELL] ccB:370,2147517915,1,-16.842,18.811,-1.969,34.630,65.370,63.762,33.785,66.215,60.448
[SHELL] ccA:371,352191519,97021,1.059,20.627,0.000,20.000,1.22928,1.33267,22.20,-4.748,14.066,-4.748,14.066,-4.726,3.101,1.00000,74.342,-0.876,20.794
[SHELL] ccB:371,20753,1,-19.886,15.259,4.627,34.326,62.655,65.674,34.630,65.370,63.762
[SHELL] ccA:372,352301499,97022,1.096,21.372,0.000,20.000,1.35148,1.45487,22.19,-4.749,14.050,-4.749,14.050,-4.727,3.100,1.00000,74.342,3.069,21.950
[SHELL] ccB:372,2147517905,1,-20.756,17.108,3.648,33.566,59.231,66.434,34.326,62.655,65.674
[SHELL] ccA:373,352411483,97023,1.729,22.643,0.000,20.000,1.47212,1.57549,22.12,-4.762,14.023,-4.762,14.023,-4.728,3.099,1.00000,74.342,0.389,23.336
[SHELL] ccB:373,20735,1,-23.184,13.918,9.266,33.063,55.688,66.937,33.566,59.231,66.434
[SHELL] ccA:374,352521479,97024,-0.185,22.843,0.000,20.000,1.60204,1.70542,22.13,-4.724,14.018,-4.724,14.018,-4.728,3.097,1.00000,74.342,-0.760,22.349
[SHELL] ccB:374,2147517915,1,-22.315,9.895,12.419,32.803,51.907,67.197,33.063,55.688,66.937
[SHELL] ccA:375,352631563,97025,2.071,21.773,0.000,20.000,1.72549,1.82886,22.21,-4.770,14.038,-4.770,14.038,-4.729,3.097,1.00000,74.342,4.901,21.196
[SHELL] ccB:375,20775,1,-21.698,12.215,9.484,32.761,48.146,67.239,32.803,51.907,67.197
[SHELL] ccA:376,352741575,97026,2.007,19.800,0.000,20.000,1.84819,1.95157,22.19,-4.770,14.078,-4.770,14.078,-4.730,3.097,1.00000,74.342,-0.887,18.405
[SHELL] ccB:376,2147517867,1,-17.458,3.625,13.833,32.976,44.517,67.024,32.761,48.146,67.239
[SHELL] ccA:377,352851643,97027,2.061,18.507,0.000,20.000,1.97169,2.07508,22.33,-4.772,14.105,-4.772,14.105,-4.731,3.097,1.00000,74.342,5.009,18.610
[SHELL] ccB:377,20815,1,-19.089,7.249,11.839,33.465,40.923,66.535,32.976,44.517,67.024
[SHELL] ccA:378,352961503,97028,1.273,18.071,0.000,20.000,2.09850,2.20191,22.16,-4.757,14.114,-4.757,14.114,-4.731,3.098,1.00000,74.342,-2.464,17.532
[SHELL] ccB:378,2147517903,1,-13.906,-2.536,16.442,34.247,37.402,65.753,33.465,40.923,66.535
[SHELL] ccA:379,353071495,97029,-0.447,18.605,0.000,20.000,2.21990,2.32329,22.16,-4.722,14.104,-4.722,14.104,-4.731,3.099,1.00000,74.342,1.570,19.677
[SHELL] ccB:379,20741,1,-16.624,-0.905,17.530,35.738,34.755,65.245,34.247,37.402,65.753
[SHELL] ccA:380,353181519,97030,1.054,20.975,0.000,20.000,2.34996,2.45334,22.19,-4.753,14.056,-4.753,14.056,-4.732,3.099,1.00000,74.342,0.538,22.273
[SHELL] ccB:380,2147517895,1,-16.226,-5.110,21.335,39.392,33.836,66.164,35.738,34.755,65.245
[SHELL] ccA:381,353291499,97031,2.426,22.635,0.000,20.000,2.46831,2.57173,22.17,-4.781,14.022,-4.781,14.022,-4.733,3.097,1.00000,74.342,4.313,22.997
[SHELL] ccB:381,20743,1,-17.712,-4.385,22.096,42.859,33.242,66.758,39.392,33.836,66.164
[SHELL] ccA:382,353401543,97032,4.800,24.117,0.000,20.000,2.60049,2.70388,22.23,-4.831,13.990,-4.831,13.990,-4.735,3.095,1.00000,74.342,5.286,25.237
[SHELL] ccB:382,2147517883,1,-17.530,-7.611,25.141,46.864,32.853,67.147,42.859,33.242,66.758
[SHELL] ccA:383,353511595,97033,4.352,24.372,0.000,20.000,2.71590,2.81930,22.28,-4.825,13.983,-4.825,13.983,-4.738,3.093,1.00000,74.342,3.417,23.506
[SHELL] ccB:383,20791,1,-12.819,-10.909,23.727,50.297,32.769,67.230,46.864,32.853,67.147
[SHELL] ctrlcap v1 armed=0 count=512 clock_hz=550000000 decimation=1
[SHELL] ccA:index,cycles,seq,id,iq,idref,iqref,theta,actangle,age_us,vdreq,vqreq,vd,vq,intd,intq,scale,bus,raw_id,raw_iq
[SHELL] ccB:index,timer,valid,ia,ib,ic,du,dv,dw,active_u,active_v,active_w
[SHELL] ccA:384,353621507,97034,6.091,22.890,0.000,20.000,2.83956,2.94295,22.16,-4.862,14.011,-4.862,14.011,-4.741,3.092,1.00000,74.342,8.765,22.273
[SHELL] ccB:384,2147517901,1,-14.993,-8.662,23.655,54.039,32.881,67.119,50.297,32.769,67.230
[SHELL] ccA:385,353731587,97035,5.418,21.879,0.000,20.000,2.97321,3.07660,22.28,-4.852,14.030,-4.852,14.030,-4.743,3.091,1.00000,74.342,2.071,21.485
[SHELL] ccB:385,20787,1,-5.642,-15.222,20.864,57.930,33.323,66.677,54.039,32.881,67.119
[SHELL] ccA:386,353841495,97036,4.727,20.883,0.000,20.000,3.09473,3.19814,22.16,-4.840,14.050,-4.840,14.050,-4.746,3.090,1.00000,74.342,7.383,20.282
[SHELL] ccB:386,2147517907,1,-8.324,-13.083,21.408,61.353,33.978,66.022,57.930,33.323,66.677
[SHELL] ccA:387,353951515,97037,3.866,19.503,0.000,20.000,3.21505,3.31842,22.16,-4.825,14.078,-4.825,14.078,-4.748,3.090,1.00000,74.342,0.349,18.725
[SHELL] ccB:387,20751,1,1.026,-16.708,15.681,64.580,34.845,65.155,61.353,33.978,66.022
[SHELL] ccA:388,354061555,97038,1.600,19.061,0.000,20.000,3.33990,3.44328,22.23,-4.780,14.087,-4.780,14.087,-4.748,3.091,1.00000,74.342,2.851,19.397
[SHELL] ccB:388,2147517877,1,1.026,-17.469,16.442,65.835,34.165,62.194,64.580,34.845,65.155
[SHELL] ccA:389,354171515,97039,2.257,20.500,0.000,20.000,3.47084,3.57423,22.16,-4.795,14.058,-4.795,14.058,-4.749,3.091,1.00000,74.342,1.662,21.604
[SHELL] ccB:389,20751,1,5.412,-20.876,15.464,66.601,33.399,58.451,65.835,34.165,62.194
[SHELL] ccA:390,354281511,97040,1.752,21.120,0.000,20.000,3.59055,3.69394,22.16,-4.785,14.045,-4.785,14.045,-4.750,3.090,1.00000,74.342,1.842,20.636
[SHELL] ccB:390,2147517899,1,7.297,-20.441,13.144,67.046,32.954,54.961,66.601,33.399,58.451
[SHELL] ccA:391,354391539,97041,3.787,21.873,0.000,20.000,3.71697,3.82036,22.22,-4.828,14.029,-4.828,14.029,-4.752,3.089,1.00000,74.342,5.731,23.111
[SHELL] ccB:391,20763,1,7.768,-23.377,15.609,67.272,32.728,51.107,67.046,32.954,54.961
[SHELL] ccA:392,354501511,97042,3.680,21.130,0.000,20.000,3.84233,3.94570,22.13,-4.828,14.043,-4.828,14.043,-4.754,3.089,1.00000,74.342,1.628,19.149
[SHELL] ccB:392,2147517899,1,11.102,-19.136,8.034,67.232,32.768,47.366,67.272,32.728,51.107
[SHELL] ccA:393,354611551,97043,4.428,19.969,0.000,20.000,3.96905,4.07243,22.27,-4.845,14.067,-4.845,14.067,-4.756,3.089,1.00000,74.342,7.228,20.789
[SHELL] ccB:393,20769,1,10.414,-21.999,11.586,66.931,33.069,43.586,67.232,32.768,47.366
[SHELL] ccA:394,354721515,97044,3.688,19.643,0.000,20.000,4.08361,4.18701,22.21,-4.832,14.073,-4.832,14.073,-4.758,3.089,1.00000,74.342,0.149,18.497
[SHELL] ccB:394,2147517897,1,14.872,-16.961,2.090,66.404,33.596,40.301,66.931,33.069,43.586
[SHELL] ccA:395,354831475,97045,2.505,18.399,0.000,20.000,4.21928,4.32266,22.12,-4.810,14.099,-4.810,14.099,-4.759,3.090,1.00000,74.342,4.861,18.302
[SHELL] ccB:395,20731,1,13.820,-18.121,4.301,65.529,34.471,36.586,66.404,33.596,40.301
[SHELL] ccA:396,354941483,97046,2.817,18.418,0.000,20.000,4.34866,4.45203,22.12,-4.817,14.099,-4.817,14.099,-4.761,3.090,1.00000,74.342,0.773,18.534
[SHELL] ccB:396,2147517913,1,17.046,-14.859,-2.187,65.593,36.796,34.407,65.529,34.471,36.586
[SHELL] ccA:397,355051487,97047,1.966,19.068,0.000,20.000,4.46625,4.56962,22.14,-4.801,14.087,-4.801,14.087,-4.762,3.091,1.00000,74.342,3.158,19.603
[SHELL] ccB:397,20737,1,18.242,-15.910,-2.332,66.357,40.046,33.643,65.593,36.796,34.407
[SHELL] ccA:398,355161479,97048,3.375,19.655,0.000,20.000,4.58856,4.69191,22.08,-4.831,14.075,-4.831,14.075,-4.763,3.091,1.00000,74.342,3.592,19.707
[SHELL] ccB:398,2147517915,1,19.112,-14.751,-4.362,66.942,43.640,33.058,66.357,40.046,33.643
[SHELL] ccA:399,355271527,97049,1.890,19.935,0.000,20.000,4.70963,4.81303,22.22,-4.802,14.070,-4.802,14.070,-4.764,3.091,1.00000,74.342,0.188,20.164
[SHELL] ccB:399,20757,1,20.163,-10.293,-9.871,67.242,47.183,32.758,66.942,43.640,33.058
[SHELL] ctrlcap v1 armed=0 count=512 clock_hz=550000000 decimation=1
[SHELL] ccA:index,cycles,seq,id,iq,idref,iqref,theta,actangle,age_us,vdreq,vqreq,vd,vq,intd,intq,scale,bus,raw_id,raw_iq
[SHELL] ccB:index,timer,valid,ia,ib,ic,du,dv,dw,active_u,active_v,active_w
[SHELL] ccA:400,355381471,97050,3.023,19.784,0.000,20.000,4.83682,4.94022,22.13,-4.826,14.073,-4.826,14.073,-4.766,3.091,1.00000,74.342,5.857,19.405
[SHELL] ccB:400,2147517919,1,19.982,-12.938,-7.044,67.321,51.039,32.679,67.242,47.183,32.758
[SHELL] ccA:401,355491483,97051,4.890,18.073,0.000,20.000,4.96245,5.06582,22.12,-4.866,14.108,-4.866,14.108,-4.768,3.092,1.00000,74.342,3.923,16.741
[SHELL] ccB:401,20735,1,17.191,-8.299,-8.892,67.157,54.856,32.843,67.321,51.039,32.679
[SHELL] ccA:402,355601567,97052,5.586,17.330,0.000,20.000,5.08967,5.19309,22.27,-4.883,14.124,-4.883,14.124,-4.771,3.093,1.00000,74.342,7.250,17.919
[SHELL] ccB:402,2147517871,1,19.330,-9.785,-9.544,66.682,58.621,33.318,67.157,54.856,32.843
[SHELL] ccA:403,355711523,97053,3.508,17.555,0.000,20.000,5.22028,5.32372,22.22,-4.843,14.121,-4.843,14.121,-4.773,3.095,1.00000,74.342,-0.235,17.192
[SHELL] ccB:403,20755,1,14.908,-0.036,-14.872,65.892,62.231,34.108,66.682,58.621,33.318
[SHELL] ccA:404,355821491,97054,1.103,17.786,0.000,20.000,5.33873,5.44210,22.14,-4.796,14.117,-4.796,14.117,-4.773,3.096,1.00000,74.342,2.441,18.379
[SHELL] ccB:404,2147517909,1,16.321,-0.543,-15.778,64.781,65.128,34.872,65.892,62.231,34.108
[SHELL] ccA:405,355931467,97055,0.440,19.296,0.000,20.000,5.45837,5.56174,22.15,-4.782,14.088,-4.782,14.088,-4.774,3.096,1.00000,74.342,-1.562,20.212
[SHELL] ccB:405,20727,1,13.784,5.981,-19.765,61.528,66.002,33.998,64.781,65.128,34.872
[SHELL] ccA:406,356041419,97056,-0.066,21.117,0.000,20.000,5.59061,5.69402,22.08,-4.772,14.051,-4.772,14.051,-4.774,3.096,1.00000,74.342,1.429,22.023
[SHELL] ccB:406,2147517945,1,15.162,6.307,-21.469,57.747,66.697,33.303,61.528,66.002,33.998
[SHELL] ccA:407,356151459,97057,2.427,22.769,0.000,20.000,5.71800,5.82142,22.17,-4.823,14.016,-4.823,14.016,-4.775,3.094,1.00000,74.342,3.426,23.516
[SHELL] ccB:407,20723,1,15.488,7.866,-23.353,53.887,67.121,32.879,57.747,66.697,33.303
[SHELL] ccA:408,356261427,97058,2.946,22.590,0.000,20.000,5.84290,5.94632,22.10,-4.835,14.018,-4.835,14.018,-4.776,3.093,1.00000,74.342,2.466,21.665
[SHELL] ccB:408,2147517941,1,11.465,10.330,-21.795,50.141,67.274,32.726,53.887,67.121,32.879
[SHELL] ccA:409,356371415,97059,5.182,21.915,0.000,20.000,5.96688,6.07027,22.08,-4.883,14.031,-4.883,14.031,-4.779,3.092,1.00000,74.342,7.897,22.166
[SHELL] ccB:409,20701,1,14.400,8.917,-23.317,46.353,67.178,32.822,50.141,67.274,32.726
[SHELL] ccA:410,356481519,97060,4.273,20.059,0.000,20.000,6.09690,6.20030,22.20,-4.867,14.068,-4.867,14.068,-4.781,3.092,1.00000,74.342,0.648,17.953
[SHELL] ccB:410,2147517895,1,3.962,13.193,-17.156,42.565,66.801,33.199,46.353,67.178,32.822
[SHELL] ccA:411,356591395,97061,2.647,18.506,0.000,20.000,6.21772,0.03793,22.08,-4.835,14.100,-4.835,14.100,-4.782,3.093,1.00000,74.342,4.646,19.060
[SHELL] ccB:411,20691,1,5.883,13.266,-19.149,39.172,66.200,33.800,42.565,66.801,33.199
[SHELL] ccA:412,356701299,97062,1.035,18.248,0.000,20.000,0.06609,0.16949,22.00,-4.804,14.106,-4.804,14.106,-4.783,3.094,1.00000,74.342,-2.576,17.437
[SHELL] ccB:412,2147518005,1,-3.722,16.782,-13.060,35.646,65.253,34.747,39.172,66.200,33.800
[SHELL] ccA:413,356811275,97063,-0.570,18.686,0.000,20.000,0.18219,0.28557,22.00,-4.771,14.098,-4.771,14.098,-4.783,3.094,1.00000,74.342,1.436,19.935
[SHELL] ccB:413,20631,1,-2.199,18.304,-16.105,34.279,65.721,37.337,35.646,65.253,34.747
[SHELL] ccA:414,356921223,97064,0.334,20.815,0.000,20.000,0.31511,0.41849,21.89,-4.789,14.055,-4.789,14.055,-4.783,3.094,1.00000,74.342,-0.769,21.695
[SHELL] ccB:414,2147518043,1,-7.455,21.385,-13.930,33.477,66.523,41.138,34.279,65.721,37.337
[SHELL] ccA:415,357031215,97065,-0.601,22.219,0.000,20.000,0.43396,0.53735,21.95,-4.770,14.026,-4.770,14.026,-4.783,3.093,1.00000,74.342,-0.434,22.742
[SHELL] ccB:415,20601,1,-9.955,22.689,-12.734,33.027,66.973,44.590,33.477,66.523,41.138
[SHELL] ctrlcap v1 armed=0 count=512 clock_hz=550000000 decimation=1
[SHELL] ccA:index,cycles,seq,id,iq,idref,iqref,theta,actangle,age_us,vdreq,vqreq,vd,vq,intd,intq,scale,bus,raw_id,raw_iq
[SHELL] ccB:index,timer,valid,ia,ib,ic,du,dv,dw,active_u,active_v,active_w
[SHELL] ccA:416,357141151,97066,0.697,22.742,0.000,20.000,0.56553,0.66893,21.84,-4.797,14.014,-4.797,14.014,-4.783,3.091,1.00000,74.342,1.827,22.741
[SHELL] ccB:416,2147518079,1,-10.644,22.798,-12.154,32.765,67.235,48.552,33.027,66.973,44.590
[SHELL] ccA:417,357251359,97067,0.015,21.422,0.000,20.000,0.68091,0.78428,21.81,-4.783,14.040,-4.783,14.040,-4.783,3.091,1.00000,74.342,-1.798,20.102
[SHELL] ccB:417,20673,1,-14.051,19.572,-5.521,32.759,67.241,51.957,32.765,67.235,48.552
[SHELL] ccA:418,357361631,97068,1.506,20.033,0.000,20.000,0.80423,0.90763,22.29,-4.814,14.067,-4.814,14.067,-4.784,3.091,1.00000,74.342,4.810,19.963
[SHELL] ccB:418,2147517839,1,-11.043,20.515,-9.472,32.992,67.008,55.670,32.759,67.241,51.957
[SHELL] ccA:419,357471655,97069,0.527,19.306,0.000,20.000,0.93553,1.03891,22.36,-4.794,14.082,-4.794,14.082,-4.784,3.091,1.00000,74.342,-3.757,18.650
[SHELL] ccB:419,20821,1,-17.240,15.586,1.655,33.550,66.450,59.438,32.992,67.008,55.670
[SHELL] ccA:420,357581567,97070,-0.185,18.771,0.000,20.000,1.05888,1.16226,22.22,-4.780,14.093,-4.780,14.093,-4.784,3.092,1.00000,74.342,3.386,18.893
[SHELL] ccB:420,2147517871,1,-14.812,17.978,-3.165,34.330,65.670,62.846,33.550,66.450,59.438
[SHELL] ccA:421,357691559,97071,0.935,19.114,0.000,20.000,1.18294,1.28633,22.21,-4.803,14.087,-4.803,14.087,-4.784,3.092,1.00000,74.342,-1.517,19.335
[SHELL] ccB:421,20773,1,-18.473,14.353,4.120,34.617,63.853,65.383,34.330,65.670,62.846
[SHELL] ccA:422,357801587,97072,-0.248,19.866,0.000,20.000,1.31119,1.41458,22.29,-4.779,14.072,-4.779,14.072,-4.784,3.092,1.00000,74.342,1.021,20.397
[SHELL] ccB:422,2147517861,1,-19.451,15.114,4.337,33.752,60.350,66.248,34.617,63.853,65.383
[SHELL] ccA:423,357911563,97073,0.530,21.353,0.000,20.000,1.43488,1.53827,22.23,-4.795,14.042,-4.795,14.042,-4.784,3.091,1.00000,74.342,0.040,22.308
[SHELL] ccB:423,20775,1,-22.097,13.701,8.396,33.159,56.739,66.841,33.752,60.350,66.248
[SHELL] ccA:424,358021559,97074,0.139,21.897,0.000,20.000,1.55909,1.66247,22.21,-4.787,14.030,-4.787,14.030,-4.784,3.090,1.00000,74.342,0.237,21.485
[SHELL] ccB:424,2147517875,1,-21.481,11.164,10.317,32.823,53.078,67.177,33.159,56.739,66.841
[SHELL] ccA:425,358131595,97075,2.366,20.969,0.000,20.000,1.68370,1.78710,22.22,-4.833,14.048,-4.833,14.048,-4.786,3.090,1.00000,74.342,4.496,20.452
[SHELL] ccB:425,20791,1,-20.829,12.287,8.541,32.699,49.279,67.301,32.823,53.078,67.177
[SHELL] ccA:426,358241559,97076,1.450,19.502,0.000,20.000,1.79877,1.90216,22.21,-4.815,14.077,-4.815,14.077,-4.786,3.090,1.00000,74.342,-1.595,18.552
[SHELL] ccB:426,2147517875,1,-17.712,3.879,13.833,32.831,45.890,67.169,32.699,49.279,67.301
[SHELL] ccA:427,358351539,97077,1.216,18.897,0.000,20.000,1.93492,2.03829,22.22,-4.811,14.090,-4.811,14.090,-4.787,3.091,1.00000,74.342,4.027,19.242
[SHELL] ccB:427,20763,1,-19.415,7.032,12.383,33.298,41.902,66.702,32.831,45.890,67.169
[SHELL] ccA:428,358461543,97078,0.135,18.790,0.000,20.000,2.05757,2.16100,22.24,-4.790,14.093,-4.790,14.093,-4.787,3.091,1.00000,74.342,-3.758,18.337
[SHELL] ccB:428,2147517883,1,-14.450,-3.080,17.530,33.991,38.465,66.009,33.298,41.902,66.702
[SHELL] ccA:429,358571539,97079,-1.804,18.725,0.000,20.000,2.18385,2.28724,22.25,-4.750,14.095,-4.750,14.095,-4.786,3.092,1.00000,74.342,0.150,19.112
[SHELL] ccB:429,20763,1,-15.718,-1.558,17.276,34.946,35.143,65.054,33.991,38.465,66.009
[SHELL] ccA:430,358681515,97080,-0.805,19.520,0.000,20.000,2.30986,2.41325,22.18,-4.770,14.079,-4.770,14.079,-4.786,3.092,1.00000,74.342,-1.760,19.928
[SHELL] ccB:430,2147517897,1,-13.544,-5.980,19.523,38.273,34.062,65.938,34.946,35.143,65.054
[SHELL] ccA:431,358791499,97081,-0.651,21.123,0.000,20.000,2.43868,2.54208,22.15,-4.772,14.047,-4.772,14.047,-4.785,3.092,1.00000,74.342,0.457,22.318
[SHELL] ccB:431,20743,1,-14.776,-7.103,21.879,41.958,33.354,66.646,38.273,34.062,65.938
[SHELL] ctrlcap v1 armed=0 count=512 clock_hz=550000000 decimation=1
[SHELL] ccA:index,cycles,seq,id,iq,idref,iqref,theta,actangle,age_us,vdreq,vqreq,vd,vq,intd,intq,scale,bus,raw_id,raw_iq
[SHELL] ccB:index,timer,valid,ia,ib,ic,du,dv,dw,active_u,active_v,active_w
[SHELL] ccA:432,358901539,97082,0.890,22.653,0.000,20.000,2.55461,2.65800,22.22,-4.804,14.015,-4.804,14.015,-4.786,3.090,1.00000,74.342,1.323,22.988
[SHELL] ccB:432,2147517885,1,-13.834,-9.024,22.858,45.433,32.944,67.056,41.958,33.354,66.646
[SHELL] ccA:433,359011539,97083,0.421,22.107,0.000,20.000,2.68052,2.78394,22.23,-4.794,14.024,-4.794,14.024,-4.786,3.089,1.00000,74.342,-0.480,21.226
[SHELL] ccB:433,20763,1,-9.013,-12.141,21.154,49.156,32.741,67.259,45.433,32.944,67.056
[SHELL] ccA:434,359121519,97084,2.799,21.037,0.000,20.000,2.81028,2.91367,22.21,-4.843,14.045,-4.843,14.045,-4.787,3.089,1.00000,74.342,6.078,20.848
[SHELL] ccB:434,2147517895,1,-12.529,-9.097,21.625,53.117,32.786,67.214,49.156,32.741,67.259
[SHELL] ccA:435,359231563,97085,2.694,19.635,0.000,20.000,2.93695,3.04034,22.25,-4.843,14.074,-4.843,14.074,-4.789,3.089,1.00000,74.342,-0.689,18.421
[SHELL] ccB:435,20775,1,-3.069,-14.207,17.276,56.851,33.119,66.881,53.117,32.786,67.214
[SHELL] ccA:436,359341495,97086,1.910,19.050,0.000,20.000,3.06297,3.16637,22.15,-4.828,14.086,-4.828,14.086,-4.790,3.089,1.00000,74.342,4.509,19.680
[SHELL] ccB:436,2147517907,1,-6.041,-13.663,19.704,60.443,33.736,66.264,56.851,33.119,66.881
[SHELL] ccA:437,359451495,97087,0.328,18.815,0.000,20.000,3.18215,3.28555,22.15,-4.796,14.091,-4.796,14.091,-4.790,3.090,1.00000,74.342,-3.854,17.950
[SHELL] ccB:437,20741,1,4.578,-17.686,13.108,63.657,34.556,65.444,60.443,33.736,66.264
[SHELL] ccA:438,359561579,97088,-1.863,18.447,0.000,20.000,3.31620,3.41956,22.27,-4.752,14.099,-4.752,14.099,-4.789,3.091,1.00000,74.342,0.128,18.945
[SHELL] ccB:438,2147517865,1,3.165,-17.759,14.594,65.650,34.350,62.900,63.657,34.556,65.444
[SHELL] ccA:439,359671555,97089,-0.583,19.975,0.000,20.000,3.43039,3.53380,22.15,-4.777,14.069,-4.777,14.069,-4.789,3.091,1.00000,74.342,-1.295,21.006
[SHELL] ccB:439,20771,1,7.224,-20.731,13.507,66.387,33.613,59.648,65.650,34.350,62.900
[SHELL] ccA:440,359781583,97090,-1.454,21.041,0.000,20.000,3.56080,3.66417,22.22,-4.759,14.047,-4.759,14.047,-4.788,3.090,1.00000,74.342,-1.612,21.076
[SHELL] ccB:440,2147517863,1,10.051,-21.130,11.078,66.940,33.060,55.886,66.387,33.613,59.648
[SHELL] ccA:441,359891583,97091,-0.309,21.350,0.000,20.000,3.68182,3.78519,22.23,-4.782,14.040,-4.782,14.040,-4.788,3.090,1.00000,74.342,0.995,21.623
[SHELL] ccB:441,20785,1,10.269,-21.637,11.368,67.229,32.771,52.253,66.940,33.060,55.886
[SHELL] ccA:442,360001579,97092,-0.056,20.914,0.000,20.000,3.81211,3.91550,22.23,-4.787,14.048,-4.787,14.048,-4.788,3.089,1.00000,74.342,-1.107,20.204
[SHELL] ccB:442,2147517865,1,13.422,-19.825,6.403,67.263,32.737,48.351,67.229,32.771,52.253
[SHELL] ccA:443,360111575,97093,1.743,20.376,0.000,20.000,3.94146,4.04484,22.24,-4.824,14.059,-4.824,14.059,-4.789,3.089,1.00000,74.342,4.593,20.547
[SHELL] ccB:443,20781,1,11.537,-21.021,9.484,67.014,32.986,44.438,67.263,32.737,48.351
[SHELL] ccA:444,360221563,97094,0.713,19.726,0.000,20.000,4.06316,4.16654,22.21,-4.803,14.072,-4.803,14.072,-4.789,3.089,1.00000,74.342,-3.167,18.905
[SHELL] ccB:444,2147517873,1,16.974,-16.200,-0.773,66.513,33.487,40.943,67.014,32.986,44.438
[SHELL] ccA:445,360331551,97095,-1.041,18.997,0.000,20.000,4.18927,4.29266,22.20,-4.768,14.087,-4.768,14.087,-4.789,3.090,1.00000,74.342,1.084,19.090
[SHELL] ccB:445,20769,1,15.995,-17.070,1.075,65.746,34.254,37.485,66.513,33.487,40.943
[SHELL] ccA:446,360441591,97096,-1.047,19.465,0.000,20.000,4.31210,4.41549,22.27,-4.767,14.078,-4.767,14.078,-4.788,3.090,1.00000,74.342,-3.177,19.841
[SHELL] ccB:446,2147517859,1,19.511,-13.917,-5.594,65.244,35.781,34.756,65.746,34.254,37.485
[SHELL] ccA:447,360551551,97097,-0.300,18.900,0.000,20.000,4.43610,4.53947,22.17,-4.782,14.090,-4.782,14.090,-4.788,3.090,1.00000,74.342,2.578,17.959
[SHELL] ccB:447,20769,1,16.575,-14.678,-1.897,66.164,39.163,33.836,65.244,35.781,34.756
[SHELL] ctrlcap v1 armed=0 count=512 clock_hz=550000000 decimation=1
[SHELL] ccA:index,cycles,seq,id,iq,idref,iqref,theta,actangle,age_us,vdreq,vqreq,vd,vq,intd,intq,scale,bus,raw_id,raw_iq
[SHELL] ccB:index,timer,valid,ia,ib,ic,du,dv,dw,active_u,active_v,active_w
[SHELL] ccA:448,360661555,97098,0.524,20.139,0.000,20.000,4.56465,4.66803,22.20,-4.799,14.065,-4.799,14.065,-4.788,3.090,1.00000,74.342,-1.531,22.319
[SHELL] ccB:448,2147517877,1,22.302,-12.685,-9.617,66.819,42.897,33.181,66.164,39.163,33.836
[SHELL] ccA:449,360771559,97099,-1.922,22.106,0.000,20.000,4.69025,4.79363,22.20,-4.749,14.025,-4.749,14.025,-4.787,3.089,1.00000,74.342,-2.313,21.893
[SHELL] ccB:449,20773,1,21.939,-9.386,-12.553,67.133,46.546,32.867,66.819,42.897,33.181
[SHELL] ccA:450,360881551,97100,-0.054,21.788,0.000,20.000,4.80738,4.91077,22.21,-4.786,14.030,-4.786,14.030,-4.787,3.088,1.00000,74.342,2.206,21.683
[SHELL] ccB:450,2147517879,1,21.794,-11.017,-10.777,67.269,50.106,32.731,67.133,46.546,32.867
[SHELL] ccA:451,360991559,97101,-0.480,19.903,0.000,20.000,4.94062,5.04401,22.21,-4.777,14.068,-4.777,14.068,-4.787,3.088,1.00000,74.342,-3.166,18.124
[SHELL] ccB:451,20773,1,16.937,-2.246,-14.691,67.149,54.046,32.851,67.269,50.106,32.731
[SHELL] ccA:452,361101603,97102,-0.272,18.784,0.000,20.000,5.06618,5.16959,22.29,-4.781,14.091,-4.781,14.091,-4.787,3.089,1.00000,74.342,2.623,19.444
[SHELL] ccB:452,2147517853,1,19.148,-5.871,-13.277,66.748,57.740,33.252,67.149,54.046,32.851
[SHELL] ccA:453,361211595,97103,-1.378,18.566,0.000,20.000,5.19247,5.29590,22.27,-4.758,14.096,-4.758,14.096,-4.786,3.090,1.00000,74.342,-5.378,17.688
[SHELL] ccB:453,20791,1,13.204,4.604,-17.808,66.059,61.287,33.941,66.748,57.740,33.252
[SHELL] ccA:454,361321571,97104,-3.303,17.743,0.000,20.000,5.31194,5.41533,22.20,-4.718,14.113,-4.718,14.113,-4.784,3.091,1.00000,74.342,-1.227,17.798
[SHELL] ccB:454,2147517869,1,14.002,2.574,-16.576,65.197,64.447,34.803,66.059,61.287,33.941
[SHELL] ccA:455,361431523,97105,-3.055,19.153,0.000,20.000,5.43704,5.54042,22.20,-4.722,14.086,-4.722,14.086,-4.783,3.091,1.00000,74.342,-4.883,20.507
[SHELL] ccB:455,20755,1,12.117,8.880,-20.997,62.204,65.807,34.193,65.197,64.447,34.803
[SHELL] ccA:456,361541487,97106,-3.437,21.425,0.000,20.000,5.56297,5.66640,22.16,-4.712,14.039,-4.712,14.039,-4.781,3.091,1.00000,74.342,-1.990,22.344
[SHELL] ccB:456,2147517911,1,13.241,9.062,-22.302,58.629,66.517,33.483,62.204,65.807,34.193
[SHELL] ccA:457,361651503,97107,-0.932,22.945,0.000,20.000,5.70068,5.80407,22.15,-4.762,14.008,-4.762,14.008,-4.781,3.089,1.00000,74.342,0.127,23.547
[SHELL] ccB:457,20745,1,13.059,10.439,-23.498,54.503,67.038,32.962,58.629,66.517,33.483
[SHELL] ccA:458,361761535,97108,-0.493,22.499,0.000,20.000,5.81387,5.91726,22.22,-4.771,14.015,-4.771,14.015,-4.780,3.088,1.00000,74.342,-1.112,21.452
[SHELL] ccB:458,2147517887,1,8.710,12.650,-21.360,51.130,67.234,32.766,54.503,67.038,32.962
[SHELL] ccA:459,361871519,97109,0.987,21.779,0.000,20.000,5.93835,6.04172,22.16,-4.801,14.029,-4.801,14.029,-4.781,3.087,1.00000,74.342,3.086,22.106
[SHELL] ccB:459,20753,1,10.377,11.925,-22.302,47.363,67.206,32.794,51.130,67.234,32.766
[SHELL] ccA:460,361981535,97110,-0.206,20.572,0.000,20.000,6.06340,6.16679,22.22,-4.777,14.053,-4.777,14.053,-4.781,3.087,1.00000,74.342,-3.498,19.038
[SHELL] ccB:460,2147517887,1,0.736,16.383,-17.119,43.720,66.906,33.094,47.363,67.206,32.794
[SHELL] ccA:461,362091643,97111,-0.638,19.196,0.000,20.000,6.18129,0.00150,22.17,-4.768,14.081,-4.768,14.081,-4.781,3.087,1.00000,74.342,2.222,19.355
[SHELL] ccB:461,20815,1,4.180,14.389,-18.569,40.338,66.394,33.606,43.720,66.906,33.094
[SHELL] ccA:462,362201491,97112,-0.574,18.941,0.000,20.000,0.02878,0.13220,22.28,-4.769,14.086,-4.769,14.086,-4.780,3.088,1.00000,74.342,-3.371,18.526
[SHELL] ccB:462,2147517909,1,-3.903,17.905,-14.002,36.716,65.534,34.466,40.338,66.394,33.606
[SHELL] ccA:463,362311379,97113,-0.798,18.619,0.000,20.000,0.15956,0.26323,22.11,-4.764,14.124,-4.764,14.124,-4.780,3.088,1.00000,74.342,1.775,18.712
[SHELL] ccB:463,20683,1,-1.221,16.854,-15.633,34.431,65.569,36.685,36.716,65.534,34.466
[SHELL] ctrlcap v1 armed=0 count=512 clock_hz=550000000 decimation=1
[SHELL] ccA:index,cycles,seq,id,iq,idref,iqref,theta,actangle,age_us,vdreq,vqreq,vd,vq,intd,intq,scale,bus,raw_id,raw_iq
[SHELL] ccB:index,timer,valid,ia,ib,ic,du,dv,dw,active_u,active_v,active_w
[SHELL] ccA:464,362421355,97114,0.219,19.627,0.000,20.000,0.28110,0.38481,22.07,-4.784,14.104,-4.784,14.104,-4.780,3.089,1.00000,74.342,-1.338,20.541
[SHELL] ccB:464,2147517977,1,-6.983,20.261,-13.277,33.617,66.383,40.111,34.431,65.569,36.685
[SHELL] ccA:465,362531271,97115,-0.718,21.255,0.000,20.000,0.40206,0.50573,21.97,-4.765,14.071,-4.765,14.071,-4.780,3.088,1.00000,74.342,-0.098,21.970
[SHELL] ccB:465,20629,1,-8.687,21.819,-13.133,33.093,66.907,43.607,33.617,66.383,40.111
[SHELL] ccA:466,362641355,97116,-0.118,22.130,0.000,20.000,0.52711,0.63079,22.05,-4.777,14.052,-4.777,14.052,-4.780,3.087,1.00000,74.342,-0.138,22.291
[SHELL] ccB:466,2147517977,1,-11.333,22.291,-10.958,32.778,67.222,47.347,33.093,66.907,43.607
[SHELL] ccA:467,362751463,97117,-1.429,21.340,0.000,20.000,0.65377,0.75743,21.91,-4.750,14.067,-4.750,14.067,-4.779,3.086,1.00000,74.342,-2.720,20.388
[SHELL] ccB:467,20725,1,-14.558,19.862,-5.304,32.715,67.285,51.075,32.778,67.222,47.347
[SHELL] ccA:468,362861731,97118,0.473,20.802,0.000,20.000,0.77774,0.88142,22.37,-4.788,14.077,-4.788,14.077,-4.779,3.086,1.00000,74.342,3.666,21.217
[SHELL] ccB:468,2147517789,1,-12.275,21.457,-9.182,32.905,67.095,54.842,32.715,67.285,51.075
[SHELL] ccA:469,362971667,97119,-0.267,20.302,0.000,20.000,0.90269,1.00635,22.33,-4.774,14.087,-4.774,14.087,-4.779,3.086,1.00000,74.342,-4.200,19.386
[SHELL] ccB:469,20827,1,-17.820,16.455,1.365,33.376,66.624,58.463,32.905,67.095,54.842
[SHELL] ccA:470,363081639,97120,-1.296,19.291,0.000,20.000,1.02838,1.13206,22.28,-4.752,14.108,-4.752,14.108,-4.778,3.086,1.00000,74.342,1.609,19.195
[SHELL] ccB:470,2147517835,1,-15.610,17.579,-1.969,34.094,65.906,61.967,33.376,66.624,58.463
[SHELL] ccA:471,363191631,97121,-0.345,19.078,0.000,20.000,1.15171,1.25538,22.28,-4.771,14.113,-4.771,14.113,-4.778,3.086,1.00000,74.342,-2.299,18.961
[SHELL] ccB:471,20809,1,-18.255,13.991,4.265,34.880,64.752,65.120,34.094,65.906,61.967
[SHELL] ccA:472,363301687,97122,-0.774,19.428,0.000,20.000,1.27850,1.38218,22.35,-4.762,14.106,-4.762,14.106,-4.778,3.087,1.00000,74.342,0.751,19.896
[SHELL] ccB:472,2147517811,1,-18.835,15.006,3.830,33.937,61.327,66.063,34.880,64.752,65.120
[SHELL] ccA:473,363411643,97123,0.085,20.988,0.000,20.000,1.40732,1.51100,22.28,-4.779,14.074,-4.779,14.074,-4.778,3.086,1.00000,74.342,-0.580,22.080
[SHELL] ccB:473,20815,1,-21.880,13.556,8.324,33.249,57.595,66.751,33.937,61.327,66.063
[SHELL] ccA:474,363521699,97124,-0.589,21.632,0.000,20.000,1.52743,1.63108,22.34,-4.766,14.061,-4.766,14.061,-4.777,3.085,1.00000,74.342,-0.598,21.185
[SHELL] ccB:474,2147517805,1,-21.191,10.874,10.317,32.866,54.077,67.134,33.249,57.595,66.751
[SHELL] ccA:475,363631635,97125,0.515,21.248,0.000,20.000,1.64473,1.74839,22.25,-4.788,14.068,-4.788,14.068,-4.778,3.085,1.00000,74.342,1.628,21.310
[SHELL] ccB:475,20811,1,-21.372,10.729,10.643,32.692,50.538,67.308,32.866,54.077,67.134
[SHELL] ccA:476,363741639,97126,-0.676,19.807,0.000,20.000,1.77603,1.87971,22.28,-4.764,14.096,-4.764,14.096,-4.777,3.085,1.00000,74.342,-2.979,18.304
[SHELL] ccB:476,2147517835,1,-17.313,2.900,14.413,32.773,46.668,67.227,32.692,50.538,67.308
[SHELL] ccA:477,363851611,97127,0.021,18.517,0.000,20.000,1.90323,2.00689,22.28,-4.778,14.123,-4.778,14.123,-4.777,3.086,1.00000,74.342,3.021,18.730
[SHELL] ccB:477,20799,1,-18.690,6.525,12.166,33.124,42.887,66.876,32.773,46.668,67.227
[SHELL] ccA:478,363961619,97128,-0.973,18.018,0.000,20.000,2.02582,2.12953,22.29,-4.757,14.134,-4.757,14.134,-4.777,3.087,1.00000,74.342,-4.966,17.306
[SHELL] ccB:478,2147517845,1,-13.362,-3.769,17.131,33.740,39.405,66.260,33.124,42.887,66.876
[SHELL] ccA:479,364071587,97129,-2.812,17.214,0.000,20.000,2.14922,2.25290,22.23,-4.719,14.151,-4.719,14.151,-4.775,3.088,1.00000,74.342,-0.657,17.123
[SHELL] ccB:479,20787,1,-13.979,-1.594,15.573,34.589,36.090,65.411,33.740,39.405,66.260
[SHELL] ctrlcap v1 armed=0 count=512 clock_hz=550000000 decimation=1
[SHELL] ccA:index,cycles,seq,id,iq,idref,iqref,theta,actangle,age_us,vdreq,vqreq,vd,vq,intd,intq,scale,bus,raw_id,raw_iq
[SHELL] ccB:index,timer,valid,ia,ib,ic,du,dv,dw,active_u,active_v,active_w
[SHELL] ccA:480,364181615,97130,-1.965,18.318,0.000,20.000,2.27783,2.38151,22.29,-4.735,14.130,-4.735,14.130,-4.774,3.089,1.00000,74.342,-3.273,19.513
[SHELL] ccB:480,2147517847,1,-12.710,-6.777,19.487,37.281,34.269,65.731,34.589,36.090,65.411
[SHELL] ccA:481,364291623,97131,-2.255,19.726,0.000,20.000,2.40173,2.50545,22.29,-4.728,14.102,-4.728,14.102,-4.773,3.089,1.00000,74.342,-1.238,19.940
[SHELL] ccB:481,20805,1,-12.529,-7.212,19.741,40.769,33.513,66.487,37.281,34.269,65.731
[SHELL] ccA:482,364401583,97132,-0.662,21.610,0.000,20.000,2.52279,2.62646,22.22,-4.760,14.064,-4.760,14.064,-4.773,3.088,1.00000,74.782,-0.085,23.281
[SHELL] ccB:482,2147517863,1,-13.435,-9.749,23.184,44.411,33.111,66.889,40.769,33.513,66.487
[SHELL] ccA:483,364511583,97133,-0.236,22.809,0.000,20.000,2.64969,2.75335,22.23,-4.768,14.038,-4.768,14.038,-4.773,3.087,1.00000,74.342,-0.387,22.337
[SHELL] ccB:483,20785,1,-10.209,-12.105,22.314,48.182,32.761,67.239,44.411,33.111,66.889
[SHELL] ccA:484,364621611,97134,2.368,22.042,0.000,20.000,2.77369,2.87740,22.29,-4.821,14.053,-4.821,14.053,-4.774,3.086,1.00000,74.342,5.123,21.746
[SHELL] ccB:484,2147517849,1,-12.601,-9.676,22.278,51.987,32.731,67.269,48.182,32.761,67.239
[SHELL] ccA:485,364731619,97135,2.631,20.569,0.000,20.000,2.90199,3.00566,22.29,-4.828,14.082,-4.828,14.082,-4.775,3.085,1.00000,74.342,0.138,19.391
[SHELL] ccB:485,20803,1,-4.736,-13.917,18.653,55.801,32.985,67.015,51.987,32.731,67.269
[SHELL] ccA:486,364841587,97136,2.201,19.486,0.000,20.000,3.02503,3.12869,22.23,-4.821,14.104,-4.821,14.104,-4.777,3.086,1.00000,74.342,4.264,19.580
[SHELL] ccB:486,2147517861,1,-6.512,-13.156,19.668,59.358,33.499,66.501,55.801,32.985,67.015
[SHELL] ccA:487,364951615,97137,0.469,19.378,0.000,20.000,3.14639,3.25010,22.29,-4.786,14.106,-4.786,14.106,-4.777,3.086,1.00000,74.342,-3.327,19.176
[SHELL] ccB:487,20801,1,3.419,-18.302,14.884,62.683,34.268,65.732,59.358,33.499,66.501
[SHELL] ccA:488,365061623,97138,-1.390,19.048,0.000,20.000,3.27466,3.37833,22.30,-4.748,14.113,-4.748,14.113,-4.776,3.087,1.00000,74.342,0.546,18.920
[SHELL] ccB:488,2147517843,1,1.969,-17.288,15.319,65.339,34.661,64.032,62.683,34.268,65.732
[SHELL] ccA:489,365171575,97139,-0.453,20.084,0.000,20.000,3.39780,3.50149,22.22,-4.767,14.093,-4.767,14.093,-4.776,3.086,1.00000,74.342,-1.452,21.247
[SHELL] ccB:489,20781,1,6.789,-20.876,14.087,66.213,33.787,60.606,65.339,34.661,64.032
[SHELL] ccA:490,365281575,97140,-0.203,22.003,0.000,20.000,3.52704,3.63070,22.20,-4.772,14.053,-4.772,14.053,-4.776,3.085,1.00000,74.342,1.047,22.759
[SHELL] ccB:490,2147517867,1,7.587,-22.398,14.811,66.831,33.169,56.849,66.213,33.787,60.606
[SHELL] ccA:491,365391651,97141,0.464,23.105,0.000,20.000,3.64911,3.75280,22.35,-4.785,14.030,-4.785,14.030,-4.776,3.084,1.00000,74.342,-0.119,23.450
[SHELL] ccB:491,20819,1,11.501,-23.449,11.948,67.169,32.831,53.203,66.831,33.169,56.849
[SHELL] ccA:492,365501575,97142,-1.108,22.290,0.000,20.000,3.77642,3.88010,22.22,-4.753,14.045,-4.753,14.045,-4.775,3.083,1.00000,74.342,-2.097,21.130
[SHELL] ccB:492,2147517867,1,14.219,-20.767,6.548,67.270,32.730,49.472,67.169,32.831,53.203
[SHELL] ccA:493,365611575,97143,1.102,21.049,0.000,20.000,3.91118,4.01487,22.23,-4.798,14.069,-4.798,14.069,-4.776,3.082,1.00000,74.342,4.301,20.967
[SHELL] ccB:493,20781,1,11.501,-21.383,9.882,67.109,32.891,45.377,67.270,32.730,49.472
[SHELL] ccA:494,365721563,97144,0.375,19.768,0.000,20.000,4.01774,4.12140,22.20,-4.784,14.095,-4.784,14.095,-4.776,3.082,1.00000,74.342,-3.551,18.568
[SHELL] ccB:494,2147517873,1,16.539,-16.200,-0.338,66.757,33.243,42.285,67.109,32.891,45.377
[SHELL] ccA:495,365831571,97145,-1.276,18.334,0.000,20.000,4.14851,4.25217,22.20,-4.750,14.124,-4.750,14.124,-4.776,3.083,1.00000,74.342,0.999,18.099
[SHELL] ccB:495,20779,1,14.763,-16.490,1.727,66.070,33.930,38.630,66.757,33.243,42.285
[SHELL] ctrlcap v1 armed=0 count=512 clock_hz=550000000 decimation=1
[SHELL] ccA:index,cycles,seq,id,iq,idref,iqref,theta,actangle,age_us,vdreq,vqreq,vd,vq,intd,intq,scale,bus,raw_id,raw_iq
[SHELL] ccB:index,timer,valid,ia,ib,ic,du,dv,dw,active_u,active_v,active_w
[SHELL] ccA:496,365941571,97146,0.348,17.642,0.000,20.000,4.27113,4.37477,22.20,-4.783,14.139,-4.783,14.139,-4.776,3.084,1.00000,74.342,-0.303,17.186
[SHELL] ccB:496,2147517869,1,15.669,-13.953,-1.716,65.157,34.843,35.241,66.070,33.930,38.630
[SHELL] ccA:497,366051559,97147,0.219,18.475,0.000,20.000,4.40379,4.50745,22.20,-4.780,14.123,-4.780,14.123,-4.776,3.085,1.00000,74.342,0.742,19.764
[SHELL] ccB:497,20773,1,18.605,-15.113,-3.492,65.984,38.224,34.016,65.157,34.843,35.241
[SHELL] ccA:498,366161543,97148,0.656,20.441,0.000,20.000,4.52308,4.62675,22.20,-4.789,14.084,-4.789,14.084,-4.776,3.085,1.00000,74.342,0.569,21.119
[SHELL] ccB:498,2147517883,1,20.634,-14.243,-6.391,66.647,41.663,33.353,65.984,38.224,34.016
[SHELL] ccA:499,366271591,97149,0.504,21.275,0.000,20.000,4.64818,4.75186,22.27,-4.786,14.067,-4.786,14.067,-4.776,3.084,1.00000,74.342,0.439,21.432
[SHELL] ccB:499,20789,1,21.359,-12.250,-9.109,67.099,45.338,32.901,66.647,41.663,33.353
[SHELL] ccA:500,366381559,97150,1.513,21.245,0.000,20.000,4.77376,4.87745,22.21,-4.807,14.067,-4.807,14.067,-4.777,3.084,1.00000,74.342,2.586,21.059
[SHELL] ccB:500,2147517875,1,21.178,-11.706,-9.472,67.310,49.124,32.690,67.099,45.338,32.901
[SHELL] ccA:501,366491559,97151,0.387,19.341,0.000,20.000,4.90026,5.00392,22.20,-4.785,14.105,-4.785,14.105,-4.777,3.084,1.00000,74.342,-1.812,17.622
[SHELL] ccB:501,20773,1,16.974,-4.095,-12.879,67.273,52.851,32.727,67.310,49.124,32.690
[SHELL] ccA:502,366601567,97152,0.561,18.300,0.000,20.000,5.02266,5.12633,22.21,-4.789,14.127,-4.789,14.127,-4.778,3.085,1.00000,74.342,2.934,18.977
[SHELL] ccB:502,2147517871,1,18.967,-6.886,-12.081,66.968,56.485,33.032,67.273,52.851,32.727
[SHELL] ccA:503,366711551,97153,-0.817,17.705,0.000,20.000,5.15297,5.25665,22.20,-4.761,14.140,-4.761,14.140,-4.777,3.086,1.00000,74.342,-4.568,16.432
[SHELL] ccB:503,20769,1,12.914,3.190,-16.105,66.354,60.193,33.646,66.968,56.485,33.032
[SHELL] ccA:504,366821539,97154,-2.093,17.158,0.000,20.000,5.27766,5.38132,22.18,-4.734,14.152,-4.734,14.152,-4.776,3.087,1.00000,74.342,0.382,17.884
[SHELL] ccB:504,2147517885,1,15.306,0.363,-15.670,65.514,63.587,34.486,66.354,60.193,33.646
[SHELL] ccA:505,366931547,97155,-1.257,17.869,0.000,20.000,5.39107,5.49478,22.21,-4.750,14.139,-4.750,14.139,-4.776,3.088,1.00000,74.342,-2.895,17.855
[SHELL] ccB:505,20767,1,12.081,5.618,-17.699,63.476,65.536,34.464,65.514,63.587,34.486
[SHELL] ccA:506,367041511,97156,-2.047,19.116,0.000,20.000,5.52323,5.62689,22.15,-4.734,14.114,-4.734,14.114,-4.774,3.089,1.00000,74.342,-1.199,20.377
[SHELL] ccB:506,2147517899,1,13.168,6.923,-20.091,59.810,66.391,33.609,63.476,65.536,34.464
[SHELL] ccA:507,367151579,97157,-0.361,21.689,0.000,20.000,5.64961,5.75332,22.27,-4.767,14.062,-4.767,14.062,-4.774,3.088,1.00000,74.342,0.477,23.001
[SHELL] ccB:507,20783,1,14.002,8.808,-22.810,56.041,66.942,33.058,59.810,66.391,33.609
[SHELL] ccA:508,367261519,97158,0.814,21.867,0.000,20.000,5.77037,5.87407,22.15,-4.791,14.058,-4.791,14.058,-4.775,3.087,1.00000,74.342,1.151,20.733
[SHELL] ccB:508,2147517895,1,11.175,9.569,-20.744,52.414,67.245,32.755,56.041,66.942,33.058
[SHELL] ccA:509,367371499,97159,3.656,21.823,0.000,20.000,5.90707,6.01075,22.15,-4.850,14.058,-4.850,14.058,-4.777,3.086,1.00000,74.342,6.161,22.914
[SHELL] ccB:509,20743,1,14.147,9.424,-23.571,48.208,67.292,32.708,52.414,67.245,32.755
[SHELL] ccA:510,367481543,97160,3.586,21.410,0.000,20.000,6.02479,6.12850,22.23,-4.850,14.065,-4.850,14.065,-4.778,3.086,1.00000,74.342,1.011,19.906
[SHELL] ccB:510,2147517883,1,6.064,13.411,-19.475,44.703,67.060,32.940,48.208,67.292,32.708
[SHELL] ccA:511,367591523,97161,2.621,20.295,0.000,20.000,6.14851,6.25223,22.21,-4.832,14.087,-4.832,14.087,-4.780,3.085,1.00000,74.342,4.231,20.684
[SHELL] ccB:511,20755,1,6.970,13.773,-20.744,41.135,66.577,33.423,44.703,67.060,32.940
