[SHELL] ctrlcap v1 armed=0 count=512 clock_hz=550000000 decimation=1
[SHELL] ccA:index,cycles,seq,id,iq,idref,iqref,theta,actangle,age_us,vdreq,vqreq,vd,vq,intd,intq,scale,bus,raw_id,raw_iq
[SHELL] ccB:index,timer,valid,ia,ib,ic,du,dv,dw,active_u,active_v,active_w
[SHELL] ccA:0,2489105139,473159,-0.257,41.424,0.000,35.000,2.60897,2.78718,22.10,-13.312,23.047,-13.312,23.047,-13.317,4.271,1.00000,74.342,5.516,44.293
[SHELL] ccB:0,2147517733,1,-27.244,-16.998,44.241,59.052,19.439,80.561,46.749,19.061,80.939
[SHELL] ccA:1,2489214323,473160,-1.076,39.919,0.000,35.000,2.84563,3.02389,21.66,-13.295,23.075,-13.295,23.075,-13.316,4.268,1.00000,74.342,-7.667,35.544
[SHELL] ccB:1,20507,1,-3.033,-29.864,32.897,71.172,21.487,78.513,59.052,19.439,80.561
[SHELL] ccA:2,2489324239,473161,4.759,36.843,0.000,35.000,3.07249,3.25068,21.51,-13.414,23.136,-13.414,23.136,-13.319,4.267,1.00000,74.342,17.185,38.141
[SHELL] ccB:2,2147518183,1,-19.778,-22.036,41.813,78.538,21.462,71.641,71.172,21.487,78.513
[SHELL] ccA:3,2489434259,473162,6.873,35.531,0.000,35.000,3.30721,3.48543,21.55,-13.460,23.162,-13.460,23.162,-13.322,4.267,1.00000,74.342,-3.439,32.921
[SHELL] ccB:3,20475,1,8.819,-32.039,23.220,80.719,19.281,59.514,78.538,21.462,71.641
[SHELL] ccA:4,2489544247,473163,-3.066,32.472,0.000,35.000,3.51978,3.69800,21.53,-13.259,23.224,-13.259,23.224,-13.321,4.268,1.00000,74.342,-2.694,32.023
[SHELL] ccB:4,2147518179,1,14.328,-32.075,17.747,81.141,18.859,48.490,80.719,19.281,59.514
[SHELL] ccA:5,2489654243,473164,3.173,33.843,0.000,35.000,3.74639,3.92461,21.53,-13.386,23.197,-13.386,23.197,-13.322,4.269,1.00000,74.342,9.040,35.664
[SHELL] ccB:5,20467,1,12.842,-36.279,23.438,80.157,19.843,36.150,81.141,18.859,48.490
[SHELL] ccA:6,2489764303,473165,-2.571,32.174,0.000,35.000,3.97251,4.15073,21.59,-13.270,23.232,-13.270,23.232,-13.321,4.270,1.00000,74.342,-14.182,28.684
[SHELL] ccB:6,2147518151,1,30.746,-23.050,-7.696,77.632,22.368,25.029,80.157,19.843,36.150
[SHELL] ccA:7,2489874291,473166,-4.458,30.453,0.000,35.000,4.19063,4.36883,21.56,-13.230,23.269,-13.230,23.269,-13.319,4.272,1.00000,74.342,5.266,32.222
[SHELL] ccB:7,20491,1,25.310,-30.517,5.207,79.289,31.472,20.711,77.632,22.368,25.029
[SHELL] ccA:8,2489984279,473167,-1.300,34.163,0.000,35.000,4.41869,4.59691,21.56,-13.292,23.195,-13.292,23.195,-13.318,4.273,1.00000,74.342,-7.867,36.104
[SHELL] ccB:8,2147518163,1,36.835,-20.948,-15.887,80.923,43.612,19.077,79.289,31.472,20.711
[SHELL] ccA:9,2490094299,473168,-5.576,34.328,0.000,35.000,4.64147,4.81966,21.58,-13.204,23.192,-13.204,23.192,-13.315,4.273,1.00000,73.902,-3.285,32.553
[SHELL] ccB:9,20495,1,32.704,-15.512,-17.192,81.113,55.475,18.887,80.923,43.612,19.077
[SHELL] ccA:10,2490204287,473169,5.042,36.910,0.000,35.000,4.87525,5.05344,21.52,-13.419,23.139,-13.419,23.139,-13.318,4.272,1.00000,74.342,13.368,41.267
[SHELL] ccB:10,2147518159,1,42.888,-27.073,-15.815,79.345,68.150,20.655,81.113,55.475,18.887
[SHELL] ccA:11,2490314303,473170,1.721,34.441,0.000,35.000,5.09364,5.27185,21.57,-13.353,23.189,-13.353,23.189,-13.319,4.273,1.00000,74.342,-9.927,27.615
[SHELL] ccB:11,20497,1,21.939,5.908,-27.848,75.356,77.521,22.479,79.345,68.150,20.655
[SHELL] ccA:12,2490424247,473171,-3.533,28.824,0.000,35.000,5.32495,5.50317,21.56,-13.246,23.304,-13.246,23.304,-13.317,4.276,1.00000,74.342,2.860,30.032
[SHELL] ccB:12,2147518179,1,26.216,-0.181,-26.035,64.069,80.152,19.848,75.356,77.521,22.479
[SHELL] ccA:13,2490534235,473172,-0.806,31.881,0.000,35.000,5.54200,5.72028,21.53,-13.301,23.245,-13.301,23.245,-13.317,4.277,1.00000,74.342,-4.472,33.730
[SHELL] ccB:13,20463,1,19.475,14.426,-33.900,52.333,81.169,18.831,64.069,80.152,19.848
[SHELL] ccA:14,2490644291,473173,-6.993,32.270,0.000,35.000,5.76234,5.94061,21.62,-13.173,23.238,-13.173,23.238,-13.313,4.279,1.00000,74.342,-9.514,30.810
[SHELL] ccB:14,2147518157,1,7.079,23.704,-30.783,40.715,80.653,19.347,52.333,81.169,18.831
[SHELL] ccA:15,2490754219,473174,2.405,34.786,0.000,35.000,5.98900,6.16722,21.51,-13.362,23.188,-13.362,23.188,-13.314,4.279,1.00000,74.342,14.323,38.762
[SHELL] ccB:15,20455,1,24.947,16.057,-41.004,28.633,78.632,21.368,40.715,80.653,19.347
[SHELL] ctrlcap v1 armed=0 count=512 clock_hz=550000000 decimation=1
[SHELL] ccA:index,cycles,seq,id,iq,idref,iqref,theta,actangle,age_us,vdreq,vqreq,vd,vq,intd,intq,scale,bus,raw_id,raw_iq
[SHELL] ccB:index,timer,valid,ia,ib,ic,du,dv,dw,active_u,active_v,active_w
[SHELL] ccA:16,2490864327,473175,2.263,35.040,0.000,35.000,6.21142,0.10645,21.50,-13.361,23.183,-13.361,23.183,-13.315,4.279,1.00000,74.342,-9.798,31.318
[SHELL] ccB:16,2147518139,1,-7.527,31.424,-23.897,21.512,78.488,28.088,28.633,78.632,21.368
[SHELL] ccA:17,2490974427,473176,-1.811,32.929,0.000,35.000,0.15389,0.33216,21.79,-13.278,23.226,-13.278,23.226,-13.315,4.280,1.00000,74.342,6.176,34.540
[SHELL] ccB:17,20559,1,0.809,29.974,-30.783,19.428,80.572,39.503,21.512,78.488,28.088
[SHELL] ccA:18,2491084323,473177,6.277,39.547,0.000,35.000,0.37599,0.55424,21.65,-13.443,23.092,-13.443,23.092,-13.318,4.277,1.00000,74.342,6.379,44.553
[SHELL] ccB:18,2147518141,1,-10.427,43.131,-32.704,18.892,81.108,51.846,19.428,80.572,39.503
[SHELL] ccA:19,2491194483,473178,0.349,39.392,0.000,35.000,0.59864,0.77686,21.56,-13.325,23.093,-13.325,23.093,-13.318,4.275,1.00000,74.342,-5.681,34.230
[SHELL] ccB:19,20587,1,-23.982,33.707,-9.726,19.931,80.069,63.466,18.892,81.108,51.846
[SHELL] ccA:20,2491304711,473179,7.989,38.511,0.000,35.000,0.82572,1.00392,21.99,-13.482,23.109,-13.482,23.109,-13.322,4.273,1.00000,74.342,21.658,42.793
[SHELL] ccB:20,2147517947,1,-16.769,47.299,-30.530,22.426,77.574,75.159,19.931,80.069,63.466
[SHELL] ccA:21,2491414671,473180,7.826,38.049,0.000,35.000,1.05043,1.22865,21.91,-13.482,23.116,-13.482,23.116,-13.326,4.272,1.00000,74.342,-6.005,33.306
[SHELL] ccB:21,20681,1,-31.883,25.770,6.113,20.587,67.892,79.413,22.426,77.574,75.159
[SHELL] ccA:22,2491524691,473181,-1.071,34.530,0.000,35.000,1.27269,1.45090,21.93,-13.304,23.187,-13.304,23.187,-13.325,4.272,1.00000,74.342,3.864,35.755
[SHELL] ccB:22,2147517957,1,-33.043,28.815,4.228,19.092,56.596,80.908,20.587,67.892,79.413
[SHELL] ccA:23,2491634691,473182,6.967,36.343,0.000,35.000,1.49685,1.67507,21.93,-13.468,23.150,-13.468,23.150,-13.329,4.271,1.00000,74.342,10.071,36.932
[SHELL] ccB:23,20691,1,-36.087,29.104,6.983,18.981,44.197,81.019,19.092,56.596,80.908
[SHELL] ccA:24,2491744775,473183,2.280,33.692,0.000,35.000,1.72205,1.90035,22.03,-13.375,23.204,-13.375,23.204,-13.330,4.272,1.00000,74.342,-5.511,30.452
[SHELL] ccB:24,2147517915,1,-29.273,5.945,23.329,20.472,32.546,79.528,18.981,44.197,81.019
[SHELL] ccA:25,2491854739,473184,5.579,31.218,0.000,35.000,1.94639,2.12460,22.02,-13.444,23.255,-13.444,23.255,-13.333,4.274,1.00000,74.342,16.669,31.985
[SHELL] ccB:25,20715,1,-35.870,21.203,14.667,24.358,22.432,77.568,20.472,32.546,79.528
[SHELL] ccA:26,2491964707,473185,5.557,32.268,0.000,35.000,2.16923,2.34748,21.96,-13.447,23.235,-13.447,23.235,-13.335,4.275,1.00000,74.342,-5.555,32.550
[SHELL] ccB:26,2147517949,1,-23.764,-7.973,31.737,35.578,19.856,80.144,24.358,22.432,77.568
[SHELL] ccA:27,2492074711,473186,-1.086,35.583,0.000,35.000,2.39279,2.57100,21.97,-13.313,23.169,-13.313,23.169,-13.335,4.275,1.00000,74.342,3.384,38.615
[SHELL] ccB:27,20701,1,-28.766,-8.118,36.884,47.357,18.909,81.091,35.578,19.856,80.144
[SHELL] ccA:28,2492184723,473187,10.379,40.038,0.000,35.000,2.62788,2.80613,21.97,-13.548,23.077,-13.548,23.077,-13.340,4.273,1.00000,74.342,17.375,41.462
[SHELL] ccB:28,2147517941,1,-35.507,-6.125,41.632,60.483,19.420,80.580,47.357,18.909,81.091
[SHELL] ccA:29,2492294795,473188,9.549,38.649,0.000,35.000,2.84151,3.01971,22.09,-13.536,23.103,-13.536,23.103,-13.345,4.271,1.00000,74.342,1.723,35.835
[SHELL] ccB:29,20743,1,-12.239,-23.087,35.325,71.441,21.369,78.631,60.483,19.420,80.580
[SHELL] ccA:30,2492404711,473189,12.466,36.916,0.000,35.000,3.06902,3.24800,21.96,-13.600,23.217,-13.600,23.217,-13.351,4.270,1.00000,74.342,23.209,37.997
[SHELL] ccB:30,2147517947,1,-25.903,-18.411,44.314,78.736,21.264,71.685,71.441,21.369,78.631
[SHELL] ccA:31,2492514707,473190,13.633,36.605,0.000,35.000,3.29449,3.47346,21.96,-13.631,23.222,-13.631,23.222,-13.358,4.269,1.00000,74.342,4.058,35.212
[SHELL] ccB:31,20699,1,1.353,-31.350,29.998,80.835,19.165,59.970,78.736,21.264,71.685
[SHELL] ctrlcap v1 armed=0 count=512 clock_hz=550000000 decimation=1
[SHELL] ccA:index,cycles,seq,id,iq,idref,iqref,theta,actangle,age_us,vdreq,vqreq,vd,vq,intd,intq,scale,bus,raw_id,raw_iq
[SHELL] ccB:index,timer,valid,ia,ib,ic,du,dv,dw,active_u,active_v,active_w
[SHELL] ccA:32,2492624703,473191,5.750,34.597,0.000,35.000,3.52292,3.70186,21.90,-13.476,23.263,-13.476,23.263,-13.361,4.269,1.00000,74.342,7.443,33.981
[SHELL] ccB:32,2147517951,1,5.738,-32.583,26.844,81.295,18.705,47.932,80.835,19.165,59.970
[SHELL] ccA:33,2492734707,473192,14.657,36.347,0.000,35.000,3.74919,3.92816,21.93,-13.661,23.227,-13.661,23.227,-13.368,4.268,1.00000,74.342,21.872,38.713
[SHELL] ccB:33,20699,1,4.143,-40.411,36.268,80.245,19.755,35.443,81.295,18.705,47.932
[SHELL] ccA:34,2492844751,473193,10.054,35.507,0.000,35.000,3.97482,4.15378,22.07,-13.574,23.243,-13.574,23.243,-13.373,4.268,1.00000,74.342,-1.765,32.300
[SHELL] ccB:34,2147517927,1,25.092,-30.227,5.134,77.614,22.386,24.270,80.245,19.755,35.443
[SHELL] ccA:35,2492954667,473194,6.818,33.335,0.000,35.000,4.20379,4.38276,21.92,-13.513,23.288,-13.513,23.288,-13.377,4.269,1.00000,74.342,15.401,34.369
[SHELL] ccB:35,20679,1,22.519,-37.403,14.884,79.698,32.528,20.302,77.614,22.386,24.270
[SHELL] ccA:36,2493064719,473195,10.204,35.483,0.000,35.000,4.42533,4.60432,22.01,-13.586,23.245,-13.586,23.245,-13.382,4.269,1.00000,74.342,5.006,36.597
[SHELL] ccB:36,2147517943,1,33.682,-29.973,-3.709,81.199,44.428,18.801,79.698,32.528,20.302
[SHELL] ccA:37,2493174671,473196,3.772,35.569,0.000,35.000,4.64652,4.82549,21.91,-13.459,23.243,-13.459,23.243,-13.384,4.269,1.00000,74.342,2.538,34.540
[SHELL] ccB:37,20681,1,34.298,-21.311,-12.988,81.083,56.185,18.917,81.199,44.428,18.801
[SHELL] ccA:38,2493284671,473197,10.198,39.821,0.000,35.000,4.87350,5.05244,21.91,-13.593,23.155,-13.593,23.155,-13.389,4.266,1.00000,74.342,17.859,45.102
[SHELL] ccB:38,2147517967,1,47.382,-32.691,-14.691,79.411,68.438,20.589,81.083,56.185,18.917
[SHELL] ccA:39,2493394671,473198,7.393,38.323,0.000,35.000,5.10344,5.28241,21.92,-13.540,23.183,-13.540,23.183,-13.392,4.264,1.00000,74.342,-3.073,31.544
[SHELL] ccB:39,20681,1,27.992,-1.123,-26.869,74.638,77.854,22.146,79.411,68.438,20.589
[SHELL] ccA:40,2493504635,473199,5.230,33.414,0.000,35.000,5.32835,5.50729,21.90,-13.500,23.282,-13.500,23.282,-13.395,4.265,1.00000,74.342,13.532,35.284
[SHELL] ccB:40,2147517985,1,36.618,-10.220,-26.398,63.458,80.373,19.627,74.638,77.854,22.146
[SHELL] ccA:41,2493614667,473200,9.893,37.522,0.000,35.000,5.55574,5.73475,21.96,-13.598,23.199,-13.598,23.199,-13.400,4.264,1.00000,74.342,6.254,39.759
[SHELL] ccB:41,20679,1,31.109,6.561,-37.670,50.991,81.320,18.680,63.458,80.373,19.627
[SHELL] ccA:42,2493724671,473201,3.258,37.846,0.000,35.000,5.78358,5.96262,21.98,-13.467,23.191,-13.467,23.191,-13.402,4.263,1.00000,74.342,0.262,35.934
[SHELL] ccB:42,2147517967,1,17.445,18.485,-35.930,38.957,80.583,19.417,50.991,81.320,18.680
[SHELL] ccA:43,2493834635,473202,12.314,39.411,0.000,35.000,6.00820,6.18718,21.89,-13.654,23.158,-13.654,23.158,-13.408,4.260,1.00000,74.782,24.366,42.887
[SHELL] ccB:43,20663,1,35.096,12.469,-47.564,27.191,78.210,21.790,38.957,80.583,19.417
[SHELL] ccA:44,2493944527,473203,10.571,38.337,0.000,35.000,6.23260,0.12839,21.85,-13.624,23.177,-13.624,23.177,-13.413,4.259,1.00000,74.782,-3.223,33.787
[SHELL] ccB:44,2147518039,1,-1.511,30.119,-28.609,21.172,78.828,29.628,27.191,78.210,21.790
[SHELL] ccA:45,2494054491,473204,2.715,34.910,0.000,35.000,0.17177,0.35079,21.84,-13.469,23.246,-13.469,23.246,-13.414,4.259,1.00000,74.342,8.654,36.034
[SHELL] ccB:45,20591,1,2.367,30.844,-33.212,19.161,80.839,40.761,21.172,78.828,29.628
[SHELL] ccA:46,2494164367,473205,8.035,38.916,0.000,35.000,0.39656,0.57553,21.68,-13.579,23.164,-13.579,23.164,-13.418,4.257,1.00000,74.342,7.417,41.798
[SHELL] ccB:46,2147518119,1,-9.303,40.521,-31.218,18.775,81.225,53.171,19.161,80.839,40.761
[SHELL] ccA:47,2494274583,473206,0.452,36.788,0.000,35.000,0.62162,0.80056,21.61,-13.428,23.205,-13.428,23.205,-13.419,4.256,1.00000,74.342,-6.512,31.779
[SHELL] ccB:47,20637,1,-23.801,30.989,-7.189,19.967,80.034,64.842,18.775,81.225,53.171
[SHELL] ctrlcap v1 armed=0 count=512 clock_hz=550000000 decimation=1
[SHELL] ccA:index,cycles,seq,id,iq,idref,iqref,theta,actangle,age_us,vdreq,vqreq,vd,vq,intd,intq,scale,bus,raw_id,raw_iq
[SHELL] ccB:index,timer,valid,ia,ib,ic,du,dv,dw,active_u,active_v,active_w
[SHELL] ccA:48,2494384875,473207,7.864,36.951,0.000,35.000,0.85205,1.03106,22.20,-13.580,23.201,-13.580,23.201,-13.422,4.255,1.00000,74.342,22.240,42.123
[SHELL] ccB:48,2147517865,1,-17.059,47.045,-29.986,22.720,77.280,76.641,19.967,80.034,64.842
[SHELL] ccA:49,2494494767,473208,8.679,38.126,0.000,35.000,1.07907,1.25805,22.01,-13.600,23.176,-13.600,23.176,-13.427,4.253,1.00000,74.342,-4.883,34.129
[SHELL] ccB:49,20729,1,-32.390,26.422,5.968,20.147,66.316,79.853,22.720,77.280,76.641
[SHELL] ccA:50,2494604759,473209,0.454,34.791,0.000,35.000,1.29969,1.47867,22.03,-13.436,23.243,-13.436,23.243,-13.427,4.253,1.00000,74.342,5.791,35.454
[SHELL] ccB:50,2147517923,1,-32.608,29.358,3.250,18.856,54.954,81.144,20.147,66.316,79.853
[SHELL] ccA:51,2494714779,473210,8.947,36.674,0.000,35.000,1.52632,1.70527,22.03,-13.610,23.205,-13.610,23.205,-13.432,4.253,1.00000,74.342,12.103,37.895
[SHELL] ccB:51,20735,1,-37.320,30.590,6.729,18.974,42.354,81.026,18.856,54.954,81.144
[SHELL] ccA:52,2494824755,473211,2.707,35.536,0.000,35.000,1.75898,1.93800,22.02,-13.487,23.227,-13.487,23.227,-13.433,4.252,1.00000,74.342,-6.690,33.176
[SHELL] ccB:52,2147517925,1,-31.339,4.604,26.736,20.825,30.419,79.175,18.974,42.354,81.026
[SHELL] ccA:53,2494934735,473212,4.329,33.323,0.000,35.000,1.98007,2.15903,22.03,-13.522,23.272,-13.522,23.272,-13.435,4.253,1.00000,74.342,15.347,33.469
[SHELL] ccB:53,20713,1,-36.812,19.065,17.747,26.075,21.853,78.147,20.825,30.419,79.175
[SHELL] ccA:54,2495044707,473213,3.118,33.049,0.000,35.000,2.19900,2.37800,21.97,-13.499,23.279,-13.499,23.279,-13.437,4.254,1.00000,74.342,-9.110,32.629
[SHELL] ccB:54,2147517949,1,-21.046,-12.467,33.513,37.195,19.537,80.463,26.075,21.853,78.147
[SHELL] ccA:55,2495154687,473214,-5.476,35.325,0.000,35.000,2.42747,2.60644,21.93,-13.324,23.233,-13.324,23.233,-13.434,4.254,1.00000,74.342,-1.841,38.021
[SHELL] ccB:55,20689,1,-23.511,-14.171,37.681,49.220,18.804,81.196,37.195,19.537,80.463
[SHELL] ccA:56,2495264675,473215,6.048,39.793,0.000,35.000,2.65321,2.83215,21.91,-13.558,23.141,-13.558,23.141,-13.437,4.252,1.00000,74.342,13.937,41.566
[SHELL] ccB:56,2147517965,1,-31.810,-10.220,42.031,61.838,19.513,80.487,49.220,18.804,81.196
[SHELL] ccA:57,2495374695,473216,5.077,38.523,0.000,35.000,2.88787,3.06684,21.94,-13.541,23.165,-13.541,23.165,-13.439,4.250,1.00000,74.342,-3.783,35.480
[SHELL] ccB:57,20693,1,-5.244,-27.943,33.187,73.755,21.912,78.088,61.838,19.513,80.487
[SHELL] ccA:58,2495484699,473217,7.785,37.387,0.000,35.000,3.11304,3.29200,21.95,-13.599,23.186,-13.599,23.186,-13.443,4.249,1.00000,74.342,19.352,39.294
[SHELL] ccB:58,2147517953,1,-20.466,-23.304,43.770,79.235,20.765,69.428,73.755,21.912,78.088
[SHELL] ccA:59,2495594751,473218,9.240,36.293,0.000,35.000,3.33964,3.51858,21.95,-13.633,23.208,-13.633,23.208,-13.448,4.248,1.00000,74.342,-0.872,33.291
[SHELL] ccB:59,20721,1,7.405,-31.821,24.416,81.052,18.948,57.529,79.235,20.765,69.428
[SHELL] ccA:60,2495704763,473219,-2.492,33.103,0.000,35.000,3.56339,3.74236,22.01,-13.397,23.272,-13.397,23.272,-13.447,4.249,1.00000,74.342,-4.113,32.915
[SHELL] ccB:60,2147517921,1,17.227,-33.162,15.935,81.191,18.809,45.892,81.052,18.948,57.529
[SHELL] ccA:61,2495814783,473220,4.251,35.521,0.000,35.000,3.79423,3.97320,22.01,-13.534,23.224,-13.534,23.224,-13.449,4.249,1.00000,74.342,12.614,38.126
[SHELL] ccB:61,20737,1,13.132,-39.433,26.301,79.800,20.200,33.349,81.191,18.809,45.892
[SHELL] ccA:62,2495924751,473221,1.045,35.768,0.000,35.000,4.01579,4.19475,21.98,-13.470,23.218,-13.470,23.218,-13.449,4.248,1.00000,74.342,-10.523,33.409
[SHELL] ccB:62,2147517927,1,32.377,-27.762,-4.615,77.206,23.299,22.794,79.800,20.200,33.349
[SHELL] ccA:63,2496034759,473222,-2.836,34.522,0.000,35.000,4.24476,4.42373,22.01,-13.391,23.243,-13.391,23.243,-13.448,4.249,1.00000,74.342,4.852,35.636
[SHELL] ccB:63,20725,1,29.623,-32.474,2.851,79.948,34.545,20.052,77.206,23.299,22.794
[SHELL] ctrlcap v1 armed=0 count=512 clock_hz=550000000 decimation=1
[SHELL] ccA:index,cycles,seq,id,iq,idref,iqref,theta,actangle,age_us,vdreq,vqreq,vd,vq,intd,intq,scale,bus,raw_id,raw_iq
[SHELL] ccB:index,timer,valid,ia,ib,ic,du,dv,dw,active_u,active_v,active_w
[SHELL] ccA:64,2496144759,473223,1.149,38.055,0.000,35.000,4.48213,4.66111,22.00,-13.471,23.171,-13.471,23.171,-13.449,4.247,1.00000,74.342,-2.553,40.474
[SHELL] ccB:64,2147517923,1,39.989,-25.841,-14.147,81.187,47.391,18.813,79.948,34.545,20.052
[SHELL] ccA:65,2496254771,473224,-4.143,37.754,0.000,35.000,4.69413,4.87311,22.00,-13.364,23.176,-13.364,23.176,-13.446,4.246,1.00000,74.342,-5.733,35.033
[SHELL] ccB:65,20731,1,35.132,-13.156,-21.976,80.766,58.609,19.234,81.187,47.391,18.813
[SHELL] ccA:66,2496364763,473225,2.495,38.989,0.000,35.000,4.91751,5.09648,22.00,-13.498,23.149,-13.498,23.149,-13.448,4.244,1.00000,74.342,10.722,42.945
[SHELL] ccB:66,2147517921,1,44.229,-23.630,-20.599,78.892,70.475,21.108,80.766,58.609,19.234
[SHELL] ccA:67,2496474831,473226,-1.869,36.466,0.000,35.000,5.14716,5.32616,22.12,-13.409,23.199,-13.409,23.199,-13.447,4.243,1.00000,74.342,-14.461,29.986
[SHELL] ccB:67,20761,1,21.105,11.744,-32.849,72.682,78.335,21.665,78.892,70.475,21.108
[SHELL] ccA:68,2496584727,473227,-7.969,31.210,0.000,35.000,5.37350,5.55250,22.00,-13.283,23.306,-13.283,23.306,-13.443,4.245,1.00000,74.342,-1.476,32.434
[SHELL] ccB:68,2147517939,1,24.694,5.908,-30.602,61.423,80.546,19.454,72.682,78.335,21.665
[SHELL] ccA:69,2496694691,473228,-2.579,35.721,0.000,35.000,5.59474,5.77369,21.92,-13.390,23.215,-13.390,23.215,-13.441,4.244,1.00000,74.342,-3.683,39.008
[SHELL] ccB:69,20691,1,21.939,17.144,-39.083,49.261,81.217,18.783,61.423,80.546,19.454
[SHELL] ccA:70,2496804783,473229,-7.504,35.875,0.000,35.000,5.81870,5.99770,22.07,-13.288,23.212,-13.288,23.212,-13.438,4.244,1.00000,74.342,-11.325,32.742
[SHELL] ccB:70,2147517911,1,4.542,27.473,-32.016,37.464,80.305,19.695,49.261,81.217,18.783
[SHELL] ccA:71,2496914715,473230,1.652,35.967,0.000,35.000,6.04609,6.22512,21.95,-13.472,23.210,-13.472,23.210,-13.439,4.244,1.00000,74.342,14.629,39.192
[SHELL] ccB:71,20703,1,23.425,18.304,-41.729,25.582,77.902,22.098,37.464,80.305,19.695
[SHELL] ccA:72,2497024619,473231,2.429,35.953,0.000,35.000,6.27223,0.16802,21.92,-13.488,23.209,-13.488,23.209,-13.440,4.243,1.00000,74.342,-9.771,32.713
[SHELL] ccB:72,2147517993,1,-9.412,33.128,-23.716,20.654,79.346,31.289,25.582,77.902,22.098
[SHELL] ccA:73,2497134611,473232,-3.748,34.384,0.000,35.000,0.21577,0.39477,21.96,-13.363,23.241,-13.363,23.241,-13.438,4.243,1.00000,74.342,2.275,36.055
[SHELL] ccB:73,20651,1,-5.497,33.671,-28.174,19.036,80.964,42.955,20.654,79.346,31.289
[SHELL] ccA:74,2497244467,473233,3.637,38.427,0.000,35.000,0.43906,0.61804,21.77,-13.512,23.158,-13.512,23.158,-13.440,4.242,1.00000,74.342,4.999,40.799
[SHELL] ccB:74,2147518069,1,-12.819,40.231,-27.413,18.919,81.081,55.348,19.036,80.964,42.955
[SHELL] ccA:75,2497354703,473234,-2.859,36.304,0.000,35.000,0.66783,0.84681,21.75,-13.381,23.200,-13.381,23.200,-13.438,4.241,1.00000,74.342,-10.717,31.809
[SHELL] ccB:75,20697,1,-28.114,29.938,-1.824,20.412,79.588,67.141,18.919,81.081,55.348
[SHELL] ccA:76,2497464863,473235,1.265,35.296,0.000,35.000,0.88918,1.06815,22.15,-13.464,23.220,-13.464,23.220,-13.439,4.241,1.00000,74.342,13.247,38.783
[SHELL] ccB:76,2147517871,1,-21.771,40.956,-19.185,22.571,76.002,77.429,20.412,79.588,67.141
[SHELL] ccA:77,2497574851,473236,2.451,35.214,0.000,35.000,1.11708,1.29608,22.09,-13.489,23.222,-13.489,23.222,-13.440,4.241,1.00000,74.342,-8.346,31.644
[SHELL] ccB:77,20771,1,-32.100,21.566,10.535,19.866,64.561,80.134,22.571,76.002,77.429
[SHELL] ccA:78,2497684887,473237,-4.407,33.322,0.000,35.000,1.33842,1.51742,22.17,-13.350,23.261,-13.350,23.261,-13.438,4.242,1.00000,73.902,-0.469,34.999
[SHELL] ccB:78,2147517859,1,-34.166,23.668,10.498,18.621,53.044,81.379,19.866,64.561,80.134
[SHELL] ccA:79,2497794843,473238,3.636,36.205,0.000,35.000,1.56835,1.74732,22.08,-13.512,23.202,-13.512,23.202,-13.440,4.241,1.00000,74.342,7.742,37.411
[SHELL] ccB:79,20767,1,-37.392,25.480,11.912,19.229,40.286,80.771,18.621,53.044,81.379
[SHELL] ctrlcap v1 armed=0 count=512 clock_hz=550000000 decimation=1
[SHELL] ccA:index,cycles,seq,id,iq,idref,iqref,theta,actangle,age_us,vdreq,vqreq,vd,vq,intd,intq,scale,bus,raw_id,raw_iq
[SHELL] ccB:index,timer,valid,ia,ib,ic,du,dv,dw,active_u,active_v,active_w
[SHELL] ccA:80,2497904851,473239,-1.810,33.495,0.000,35.000,1.78942,1.96839,22.08,-13.403,23.257,-13.403,23.257,-13.439,4.242,1.00000,74.342,-11.362,29.579
[SHELL] ccB:80,2147517877,1,-26.410,-1.957,28.367,21.160,29.069,78.840,19.229,40.286,80.771
[SHELL] ccA:81,2498014851,473240,-1.500,31.405,0.000,35.000,2.03250,2.21149,22.11,-13.408,23.301,-13.408,23.301,-13.438,4.244,1.00000,74.342,8.363,33.232
[SHELL] ccB:81,20771,1,-33.478,10.403,23.075,28.481,21.253,78.747,21.160,29.069,78.840
[SHELL] ccA:82,2498124775,473241,-0.836,32.977,0.000,35.000,2.24471,2.42366,22.00,-13.421,23.270,-13.421,23.270,-13.438,4.245,1.00000,74.342,-10.036,32.723
[SHELL] ccB:82,2147517915,1,-19.306,-14.823,34.129,39.509,19.298,80.702,28.481,21.253,78.747
[SHELL] ccA:83,2498234763,473242,-8.759,33.966,0.000,35.000,2.46346,2.64240,21.99,-13.258,23.251,-13.258,23.251,-13.433,4.245,1.00000,74.342,-7.482,35.210
[SHELL] ccB:83,20727,1,-16.262,-19.680,35.942,51.028,18.826,81.174,39.509,19.298,80.702
[SHELL] ccA:84,2498344795,473243,1.359,38.695,0.000,35.000,2.68829,2.86726,22.04,-13.461,23.155,-13.461,23.155,-13.434,4.243,1.00000,74.342,10.201,42.179
[SHELL] ccB:84,2147517905,1,-27.642,-15.149,42.792,63.489,19.787,80.213,51.028,18.826,81.174
[SHELL] ccA:85,2498454763,473244,0.619,37.375,0.000,35.000,2.91953,3.09851,22.00,-13.447,23.180,-13.447,23.180,-13.434,4.242,1.00000,74.342,-8.963,32.571
[SHELL] ccB:85,20727,1,1.570,-30.009,28.439,75.092,22.348,77.652,63.489,19.787,80.213
[SHELL] ccA:86,2498564815,473245,2.355,34.903,0.000,35.000,3.14507,3.32406,22.10,-13.483,23.229,-13.483,23.229,-13.435,4.242,1.00000,73.902,13.673,37.234
[SHELL] ccB:86,2147517895,1,-13.544,-25.515,39.059,79.685,20.315,68.120,75.092,22.348,77.652
[SHELL] ccA:87,2498674759,473246,5.901,35.608,0.000,35.000,3.36971,3.54868,22.00,-13.556,23.215,-13.556,23.215,-13.438,4.242,1.00000,74.342,-1.871,33.982
[SHELL] ccB:87,20725,1,9.507,-33.054,23.546,81.122,18.878,56.040,79.685,20.315,68.120
[SHELL] ccA:88,2498784767,473247,-3.744,33.805,0.000,35.000,3.59971,3.77865,21.99,-13.362,23.252,-13.362,23.252,-13.437,4.242,1.00000,74.342,-5.616,33.628
[SHELL] ccB:88,2147517919,1,19.909,-33.924,14.014,81.046,18.954,43.983,81.122,18.878,56.040
[SHELL] ccA:89,2498894783,473248,3.697,36.306,0.000,35.000,3.81419,3.99316,22.01,-13.512,23.201,-13.512,23.201,-13.438,4.242,1.00000,74.342,13.011,38.984
[SHELL] ccB:89,20737,1,14.110,-40.484,26.373,79.572,20.428,32.356,81.046,18.954,43.983
[SHELL] ccA:90,2499004751,473249,1.600,36.071,0.000,35.000,4.04555,4.22452,22.01,-13.471,23.205,-13.471,23.205,-13.439,4.241,1.00000,74.342,-9.812,33.158
[SHELL] ccB:90,2147517927,1,32.124,-27.146,-4.978,77.645,24.737,22.355,79.572,20.428,32.356
[SHELL] ccA:91,2499114743,473250,-2.065,33.675,0.000,35.000,4.26795,4.44689,21.97,-13.397,23.254,-13.397,23.254,-13.438,4.242,1.00000,74.342,5.681,34.191
[SHELL] ccB:91,20717,1,28.427,-31.387,2.960,80.160,35.744,19.840,77.645,24.737,22.355
[SHELL] ccA:92,2499224735,473251,3.355,35.619,0.000,35.000,4.49631,4.67529,21.98,-13.507,23.215,-13.507,23.215,-13.440,4.242,1.00000,74.342,1.030,37.048
[SHELL] ccB:92,2147517935,1,35.965,-25.732,-10.233,81.270,48.172,18.730,80.160,35.744,19.840
[SHELL] ccA:93,2499334751,473252,-1.797,34.452,0.000,35.000,4.71727,4.89624,21.98,-13.403,23.238,-13.403,23.238,-13.439,4.242,1.00000,74.342,-4.623,31.857
[SHELL] ccB:93,20721,1,31.834,-11.779,-20.055,80.726,59.872,19.274,81.270,48.172,18.730
[SHELL] ccA:94,2499444759,473253,5.392,36.203,0.000,35.000,4.94945,5.12843,22.00,-13.549,23.203,-13.549,23.203,-13.442,4.241,1.00000,74.342,15.408,40.549
[SHELL] ccB:94,2147517923,1,43.033,-26.240,-16.793,78.567,72.155,21.433,80.726,59.872,19.274
[SHELL] ccA:95,2499554763,473254,2.583,34.699,0.000,35.000,5.17314,5.35209,22.01,-13.495,23.233,-13.495,23.233,-13.443,4.241,1.00000,74.342,-10.241,28.849
[SHELL] ccB:95,20727,1,21.287,8.409,-29.696,71.354,78.768,21.232,78.567,72.155,21.433
[SHELL] ctrlcap v1 armed=0 count=512 clock_hz=550000000 decimation=1
[SHELL] ccA:index,cycles,seq,id,iq,idref,iqref,theta,actangle,age_us,vdreq,vqreq,vd,vq,intd,intq,scale,bus,raw_id,raw_iq
[SHELL] ccB:index,timer,valid,ia,ib,ic,du,dv,dw,active_u,active_v,active_w
[SHELL] ccA:96,2499664707,473255,-4.529,30.406,0.000,35.000,5.39800,5.57697,21.98,-13.350,23.321,-13.350,23.321,-13.441,4.244,1.00000,74.342,1.184,31.964
[SHELL] ccB:96,2147517949,1,25.491,3.987,-29.478,60.043,80.762,19.238,71.354,78.768,21.232
[SHELL] ccA:97,2499774723,473256,1.437,34.914,0.000,35.000,5.62699,5.80604,22.01,-13.470,23.231,-13.470,23.231,-13.441,4.244,1.00000,74.342,1.691,37.863
[SHELL] ccB:97,20707,1,24.440,12.867,-37.307,47.383,81.246,18.754,60.043,80.762,19.238
[SHELL] ccA:98,2499884707,473257,-2.882,34.639,0.000,35.000,5.84408,6.02306,21.96,-13.382,23.236,-13.382,23.236,-13.440,4.244,1.00000,74.342,-7.455,31.416
[SHELL] ccB:98,2147517949,1,6.608,24.067,-30.675,35.966,80.168,19.832,47.383,81.246,18.754
[SHELL] ccA:99,2499994695,473258,4.493,34.989,0.000,35.000,6.07649,6.25543,21.92,-13.532,23.229,-13.532,23.229,-13.442,4.244,1.00000,74.342,16.441,38.562
[SHELL] ccB:99,20693,1,24.005,17.760,-41.765,24.007,77.488,22.512,35.966,80.168,19.832
[SHELL] ccA:100,2500104723,473259,4.378,35.333,0.000,35.000,0.01545,0.19447,22.14,-13.532,23.222,-13.532,23.222,-13.444,4.244,1.00000,74.342,-7.685,32.104
[SHELL] ccB:100,2147517941,1,-8.180,31.786,-23.607,20.330,79.670,32.678,24.007,77.488,22.512
[SHELL] ccA:101,2500214507,473260,-2.999,33.967,0.000,35.000,0.24297,0.42194,21.81,-13.383,23.250,-13.383,23.250,-13.443,4.244,1.00000,74.342,1.686,35.830
[SHELL] ccB:101,20599,1,-6.983,33.961,-26.978,18.914,81.086,44.436,20.330,79.670,32.678
[SHELL] ccA:102,2500324451,473261,4.802,38.790,0.000,35.000,0.47157,0.65055,21.76,-13.541,23.152,-13.541,23.152,-13.445,4.242,1.00000,74.342,7.918,41.751
[SHELL] ccB:102,2147518077,1,-11.913,41.282,-29.370,19.030,80.970,57.154,18.914,81.086,44.436
[SHELL] ccA:103,2500434723,473262,-1.013,36.756,0.000,35.000,0.69654,0.87553,21.83,-13.425,23.192,-13.425,23.192,-13.445,4.241,1.00000,74.342,-9.945,31.761
[SHELL] ccB:103,20707,1,-28.005,29.576,-1.571,20.709,79.291,68.695,19.030,80.970,57.154
[SHELL] ccA:104,2500544851,473263,1.910,34.498,0.000,35.000,0.92584,1.10485,22.13,-13.484,23.237,-13.484,23.237,-13.446,4.242,1.00000,74.342,13.764,37.235
[SHELL] ccB:104,2147517877,1,-21.481,39.651,-18.170,22.009,74.248,77.991,20.709,79.291,68.695
[SHELL] ccA:105,2500654839,473264,1.859,34.988,0.000,35.000,1.14915,1.32813,22.08,-13.484,23.227,-13.484,23.227,-13.447,4.242,1.00000,74.342,-10.045,32.742
[SHELL] ccB:105,20765,1,-33.985,20.660,13.325,19.612,62.897,80.388,22.009,74.248,77.991
[SHELL] ccA:106,2500764875,473265,-5.953,33.381,0.000,35.000,1.37483,1.55384,22.16,-13.325,23.260,-13.325,23.260,-13.444,4.243,1.00000,73.902,-1.860,34.020
[SHELL] ccB:106,2147517865,1,-33.731,21.022,12.709,18.593,51.106,81.407,19.612,62.897,80.388
[SHELL] ccA:107,2500874839,473266,4.333,34.894,0.000,35.000,1.60672,1.78569,22.08,-13.533,23.230,-13.533,23.230,-13.446,4.243,1.00000,73.902,10.527,35.769
[SHELL] ccB:107,20765,1,-36.124,26.060,10.064,19.246,38.157,80.754,18.593,51.106,81.407
[SHELL] ccA:108,2500984883,473267,-0.559,32.671,0.000,35.000,1.83124,2.01020,22.14,-13.434,23.276,-13.434,23.276,-13.446,4.244,1.00000,73.902,-11.645,29.573
[SHELL] ccB:108,2147517861,1,-25.577,-3.551,29.128,21.497,26.801,78.503,19.246,38.157,80.754
[SHELL] ccA:109,2501094755,473268,-2.551,31.587,0.000,35.000,2.05812,2.23709,22.00,-13.393,23.299,-13.393,23.299,-13.444,4.245,1.00000,74.342,6.543,33.601
[SHELL] ccB:109,20723,1,-32.753,7.757,24.996,29.747,20.959,79.041,21.497,26.801,78.503
[SHELL] ccA:110,2501204763,473269,-2.183,34.009,0.000,35.000,2.27875,2.45770,22.02,-13.400,23.251,-13.400,23.251,-13.443,4.246,1.00000,74.342,-10.910,34.418
[SHELL] ccB:110,2147517921,1,-19.053,-17.034,36.087,41.316,19.143,80.857,29.747,20.959,79.041
[SHELL] ccA:111,2501314767,473270,-8.487,37.028,0.000,35.000,2.50286,2.68182,22.02,-13.269,23.190,-13.269,23.190,-13.439,4.245,1.00000,74.342,-6.065,39.639
[SHELL] ccB:111,20729,1,-18.763,-21.311,40.073,53.230,18.932,81.068,41.316,19.143,80.857
[SHELL] ctrlcap v1 armed=0 count=512 clock_hz=550000000 decimation=1
[SHELL] ccA:index,cycles,seq,id,iq,idref,iqref,theta,actangle,age_us,vdreq,vqreq,vd,vq,intd,intq,scale,bus,raw_id,raw_iq
[SHELL] ccB:index,timer,valid,ia,ib,ic,du,dv,dw,active_u,active_v,active_w
[SHELL] ccA:112,2501424747,473271,4.227,42.639,0.000,35.000,2.72821,2.90719,21.99,-13.526,23.074,-13.526,23.074,-13.441,4.241,1.00000,74.342,14.518,45.640
[SHELL] ccB:112,2147517929,1,-31.629,-15.330,46.960,65.731,20.196,79.804,53.230,18.932,81.068
[SHELL] ccA:113,2501534743,473272,3.802,39.988,0.000,35.000,2.95772,3.13670,21.99,-13.519,23.124,-13.519,23.124,-13.443,4.239,1.00000,74.342,-6.913,34.336
[SHELL] ccB:113,20717,1,0.519,-30.589,30.070,77.032,22.968,76.998,65.731,20.196,79.804
[SHELL] ccA:114,2501644807,473273,2.985,35.365,0.000,35.000,3.18192,3.36091,22.08,-13.504,23.216,-13.504,23.216,-13.444,4.238,1.00000,73.902,12.883,36.394
[SHELL] ccB:114,2147517899,1,-11.405,-26.240,37.645,80.059,19.941,66.165,77.032,22.968,76.998
[SHELL] ccA:115,2501754751,473274,6.152,34.830,0.000,35.000,3.41400,3.59298,21.98,-13.571,23.227,-13.571,23.227,-13.448,4.239,1.00000,73.902,-0.579,33.265
[SHELL] ccB:115,20721,1,9.507,-32.365,22.858,81.453,18.547,53.658,80.059,19.941,66.165
[SHELL] ccA:116,2501864763,473275,-3.740,32.824,0.000,35.000,3.63995,3.81893,22.03,-13.371,23.268,-13.371,23.268,-13.446,4.240,1.00000,74.342,-6.902,32.382
[SHELL] ccB:116,2147517921,1,21.540,-32.546,11.006,80.904,19.096,41.817,81.453,18.547,53.658
[SHELL] ccA:117,2501974751,473276,2.447,34.696,0.000,35.000,3.86125,4.04020,22.02,-13.496,23.231,-13.496,23.231,-13.447,4.240,1.00000,73.902,11.795,37.010
[SHELL] ccB:117,20721,1,15.524,-38.599,23.075,79.265,20.735,29.890,80.904,19.096,41.817
[SHELL] ccA:118,2502084727,473277,-0.200,34.098,0.000,35.000,4.08592,4.26489,21.97,-13.443,23.244,-13.443,23.244,-13.447,4.240,1.00000,73.902,-12.195,31.186
[SHELL] ccB:118,2147517939,1,32.414,-23.485,-8.928,78.377,26.454,21.623,79.265,20.735,29.890
[SHELL] ccA:119,2502194735,473278,-4.445,32.419,0.000,35.000,4.31386,4.49283,21.98,-13.356,23.278,-13.356,23.278,-13.445,4.242,1.00000,73.902,3.305,33.651
[SHELL] ccB:119,20713,1,29.732,-28.813,-0.918,80.676,37.992,19.324,78.377,26.454,21.623
[SHELL] ccA:120,2502304743,473279,1.892,36.622,0.000,35.000,4.54185,4.72083,21.99,-13.483,23.194,-13.483,23.194,-13.446,4.241,1.00000,74.342,0.478,39.593
[SHELL] ccB:120,2147517931,1,38.937,-25.696,-13.241,81.251,50.618,18.749,80.676,37.992,19.324
[SHELL] ccA:121,2502414755,473280,-3.302,35.449,0.000,35.000,4.76477,4.94377,21.99,-13.378,23.217,-13.378,23.217,-13.444,4.240,1.00000,74.342,-7.083,31.305
[SHELL] ccB:121,20723,1,30.891,-7.901,-22.991,80.389,62.353,19.611,81.251,50.618,18.749
[SHELL] ccA:122,2502524743,473281,2.817,35.970,0.000,35.000,4.98734,5.16632,21.99,-13.502,23.206,-13.502,23.206,-13.445,4.240,1.00000,74.342,12.716,40.636
[SHELL] ccB:122,2147517931,1,42.562,-22.326,-20.236,78.062,73.917,21.938,80.389,62.353,19.611
[SHELL] ccA:123,2502634739,473282,-0.280,34.836,0.000,35.000,5.20836,5.38733,21.99,-13.440,23.229,-13.440,23.229,-13.445,4.240,1.00000,74.342,-13.276,29.037
[SHELL] ccB:123,20715,1,19.221,12.469,-31.689,69.648,79.132,20.868,78.062,73.917,21.938
[SHELL] ccA:124,2502744703,473283,-7.721,30.633,0.000,35.000,5.44157,5.62055,21.97,-13.287,23.315,-13.287,23.315,-13.441,4.242,1.00000,74.342,-2.165,32.230
[SHELL] ccB:124,2147517951,1,22.591,8.699,-31.291,57.805,80.934,19.066,69.648,79.132,20.868
[SHELL] ccA:125,2502854763,473284,0.475,34.694,0.000,35.000,5.67504,5.85404,22.06,-13.451,23.234,-13.451,23.234,-13.442,4.242,1.00000,74.342,3.115,37.159
[SHELL] ccB:125,20727,1,23.788,12.976,-36.763,44.827,81.131,18.869,57.805,80.934,19.066
[SHELL] ccA:126,2502964691,473285,-2.225,33.799,0.000,35.000,5.90009,6.07907,21.95,-13.396,23.252,-13.396,23.252,-13.440,4.243,1.00000,73.902,-7.565,30.439
[SHELL] ccB:126,2147517957,1,4.361,24.719,-29.080,32.941,79.865,20.135,44.827,81.131,18.869
[SHELL] ccA:127,2503074695,473286,2.928,33.109,0.000,35.000,6.12049,0.01628,21.92,-13.500,23.267,-13.500,23.267,-13.442,4.244,1.00000,73.902,13.422,35.779
[SHELL] ccB:127,20693,1,19.040,19.174,-38.213,22.414,77.586,23.577,32.941,79.865,20.135
[SHELL] ctrlcap v1 armed=0 count=512 clock_hz=550000000 decimation=1
[SHELL] ccA:index,cycles,seq,id,iq,idref,iqref,theta,actangle,age_us,vdreq,vqreq,vd,vq,intd,intq,scale,bus,raw_id,raw_iq
[SHELL] ccB:index,timer,valid,ia,ib,ic,du,dv,dw,active_u,active_v,active_w
[SHELL] ccA:128,2503184675,473287,0.222,32.414,0.000,35.000,0.06024,0.23986,22.04,-13.446,23.345,-13.446,23.345,-13.442,4.245,1.00000,73.902,-12.978,29.049
[SHELL] ccB:128,2147517965,1,-14.703,31.786,-17.083,19.701,80.299,34.638,22.414,77.586,23.577
[SHELL] ccA:129,2503294471,473288,-9.194,32.342,0.000,35.000,0.28947,0.46903,21.76,-13.254,23.348,-13.254,23.348,-13.437,4.247,1.00000,73.902,-5.409,35.636
[SHELL] ccB:129,20581,1,-15.356,35.918,-20.562,18.599,81.401,46.631,19.701,80.299,34.638
[SHELL] ccA:130,2503404499,473289,-0.367,40.411,0.000,35.000,0.51838,0.69796,21.73,-13.430,23.184,-13.430,23.184,-13.437,4.244,1.00000,74.342,4.675,45.185
[SHELL] ccB:130,2147518053,1,-18.328,45.160,-26.833,19.270,80.730,59.455,18.599,81.401,46.631
[SHELL] ccA:131,2503514755,473290,-4.143,39.661,0.000,35.000,0.74558,0.92514,21.81,-13.352,23.196,-13.352,23.196,-13.435,4.242,1.00000,74.342,-12.961,34.137
[SHELL] ccB:131,20723,1,-32.680,30.445,2.235,21.285,78.715,71.042,19.270,80.730,59.455
[SHELL] ccA:132,2503624943,473291,-1.527,35.596,0.000,35.000,0.98101,1.16061,22.21,-13.404,23.277,-13.404,23.277,-13.434,4.241,1.00000,74.342,9.906,37.056
[SHELL] ccB:132,2147517831,1,-25.287,37.622,-12.335,21.319,71.669,78.681,21.285,78.715,71.042
[SHELL] ccA:133,2503734895,473292,-0.162,35.852,0.000,35.000,1.19360,1.37316,22.13,-13.431,23.272,-13.431,23.272,-13.434,4.241,1.00000,74.342,-10.229,34.647
[SHELL] ccB:133,20793,1,-35.979,20.805,15.174,19.309,60.654,80.691,21.319,71.669,78.681
[SHELL] ccA:134,2503844967,473293,-8.658,34.509,0.000,35.000,1.42510,1.60470,22.24,-13.257,23.299,-13.257,23.299,-13.430,4.241,1.00000,73.902,-7.088,34.371
[SHELL] ccB:134,2147517819,1,-35.036,15.767,19.269,18.599,48.498,81.401,19.309,60.654,80.691
[SHELL] ccA:135,2503954903,473294,1.041,35.571,0.000,35.000,1.65193,1.83149,22.12,-13.451,23.277,-13.451,23.277,-13.430,4.241,1.00000,73.902,9.170,36.770
[SHELL] ccB:135,20797,1,-37.392,24.030,13.362,19.563,35.914,80.437,18.599,48.498,81.401
[SHELL] ccA:136,2504064883,473295,-3.256,33.953,0.000,35.000,1.87997,2.05951,22.12,-13.364,23.310,-13.364,23.310,-13.429,4.241,1.00000,74.342,-15.682,31.136
[SHELL] ccB:136,2147517861,1,-24.888,-8.698,33.586,22.319,24.693,77.681,19.563,35.914,80.437
[SHELL] ccA:137,2504174843,473296,-6.580,32.488,0.000,35.000,2.11532,2.29489,22.08,-13.294,23.341,-13.294,23.341,-13.426,4.243,1.00000,74.342,2.521,33.840
[SHELL] ccB:137,20767,1,-30.252,1.813,28.439,32.490,20.387,79.613,22.319,24.693,77.681
[SHELL] ccA:138,2504284863,473297,-4.094,35.551,0.000,35.000,2.32964,2.50921,22.10,-13.342,23.279,-13.342,23.279,-13.424,4.242,1.00000,73.902,-10.710,37.261
[SHELL] ccB:138,2147517871,1,-19.669,-19.100,38.769,43.915,18.754,81.246,32.490,20.387,79.613
[SHELL] ccA:139,2504395159,473298,-11.048,37.047,0.000,35.000,2.54836,2.72792,22.09,-13.197,23.248,-13.197,23.248,-13.418,4.241,1.00000,74.342,-11.385,36.833
[SHELL] ccB:139,20925,1,-11.152,-26.385,37.536,55.526,19.022,80.978,43.915,18.754,81.246
[SHELL] ccA:140,2504504239,473299,-0.260,39.839,0.000,35.000,2.77693,2.95650,21.52,-13.413,23.190,-13.413,23.190,-13.418,4.239,1.00000,74.342,10.866,42.844
[SHELL] ccB:140,2147518183,1,-25.432,-18.592,44.024,67.989,20.571,79.429,55.526,19.022,80.978
[SHELL] ccA:141,2504614263,473300,-0.122,37.364,0.000,35.000,3.00217,3.18174,21.56,-13.415,23.239,-13.415,23.239,-13.418,4.238,1.00000,73.902,-11.110,31.883
[SHELL] ccB:141,20477,1,6.572,-31.966,25.395,77.840,22.160,75.319,67.989,20.571,79.429
[SHELL] ccA:142,2504724263,473301,-2.174,32.865,0.000,35.000,3.22969,3.40923,21.55,-13.373,23.330,-13.373,23.330,-13.417,4.239,1.00000,73.902,6.762,33.847
[SHELL] ccB:142,2147518171,1,-3.758,-27.835,31.592,80.461,19.539,63.982,77.840,22.160,75.319
[SHELL] ccA:143,2504834267,473302,2.864,34.742,0.000,35.000,3.45722,3.63678,21.55,-13.475,23.292,-13.475,23.292,-13.418,4.239,1.00000,73.902,-1.033,35.638
[SHELL] ccB:143,20479,1,12.045,-35.083,23.039,81.522,18.478,51.503,80.461,19.539,63.982
[SHELL] ctrlcap v1 armed=0 count=512 clock_hz=550000000 decimation=1
[SHELL] ccA:index,cycles,seq,id,iq,idref,iqref,theta,actangle,age_us,vdreq,vqreq,vd,vq,intd,intq,scale,bus,raw_id,raw_iq
[SHELL] ccB:index,timer,valid,ia,ib,ic,du,dv,dw,active_u,active_v,active_w
[SHELL] ccA:144,2504944311,473303,-5.250,33.805,0.000,35.000,3.68440,3.86394,21.63,-13.311,23.311,-13.311,23.311,-13.416,4.239,1.00000,74.342,-9.467,31.973
[SHELL] ccB:144,2147518147,1,24.621,-31.785,7.164,80.685,19.315,39.560,81.522,18.478,51.503
[SHELL] ccA:145,2505054263,473304,2.075,34.820,0.000,35.000,3.91612,4.09566,21.51,-13.458,23.291,-13.458,23.291,-13.417,4.240,1.00000,74.342,13.616,37.666
[SHELL] ccB:145,20477,1,16.611,-39.868,23.256,78.473,21.527,27.334,80.685,19.315,39.560
[SHELL] ccA:146,2505164287,473305,1.551,34.848,0.000,35.000,4.13298,4.31255,21.56,-13.448,23.291,-13.448,23.291,-13.417,4.240,1.00000,74.342,-10.514,32.030
[SHELL] ccB:146,2147518159,1,32.559,-23.848,-8.711,78.859,28.878,21.141,78.473,21.527,27.334
[SHELL] ccA:147,2505274343,473306,-4.315,32.523,0.000,35.000,4.34712,4.52674,21.67,-13.329,23.339,-13.329,23.339,-13.415,4.241,1.00000,73.902,1.883,33.017
[SHELL] ccB:147,20517,1,30.166,-26.820,-3.347,80.927,39.679,19.073,78.859,28.878,21.141
[SHELL] ccA:148,2505384291,473307,0.850,36.558,0.000,35.000,4.57980,4.75935,21.59,-13.433,23.257,-13.433,23.257,-13.416,4.240,1.00000,74.342,-0.183,40.099
[SHELL] ccB:148,2147518157,1,39.771,-24.319,-15.452,81.252,52.553,18.748,80.927,39.679,19.073
[SHELL] ccA:149,2505494279,473308,-3.313,34.393,0.000,35.000,4.80653,4.98610,21.56,-13.348,23.301,-13.348,23.301,-13.414,4.240,1.00000,74.342,-6.442,28.688
[SHELL] ccB:149,20485,1,27.956,-6.088,-21.867,80.146,64.469,19.854,81.252,52.553,18.748
[SHELL] ccA:150,2505604331,473309,3.561,33.562,0.000,35.000,5.03128,5.21089,21.67,-13.487,23.318,-13.487,23.318,-13.416,4.241,1.00000,74.342,13.563,38.435
[SHELL] ccB:150,2147518137,1,40.750,-21.093,-19.656,77.549,76.024,22.451,80.146,64.469,19.854
[SHELL] ccA:151,2505714295,473310,1.183,33.086,0.000,35.000,5.25573,5.43528,21.56,-13.440,23.328,-13.440,23.328,-13.416,4.242,1.00000,73.902,-11.198,27.736
[SHELL] ccB:151,20493,1,17.952,11.744,-29.696,67.461,79.896,20.104,77.549,76.024,22.451
[SHELL] ccA:152,2505824247,473311,-7.000,29.766,0.000,35.000,5.48487,5.66444,21.57,-13.273,23.397,-13.273,23.397,-13.413,4.245,1.00000,73.902,-2.802,31.795
[SHELL] ccB:152,2147518179,1,20.816,10.548,-31.363,55.600,81.357,18.643,67.461,79.896,20.104
[SHELL] ccA:153,2505934283,473312,0.833,35.059,0.000,35.000,5.71809,5.89768,21.60,-13.430,23.292,-13.430,23.292,-13.413,4.245,1.00000,73.902,4.468,38.323
[SHELL] ccB:153,20487,1,24.295,13.810,-38.105,42.519,81.209,18.791,55.600,81.357,18.643
[SHELL] ccA:154,2506044211,473313,-2.851,34.296,0.000,35.000,5.93028,6.10985,21.50,-13.355,23.307,-13.355,23.307,-13.412,4.245,1.00000,73.902,-10.171,30.269
[SHELL] ccB:154,2147518197,1,0.918,27.184,-28.101,31.459,79.603,20.397,42.519,81.209,18.791
[SHELL] ccA:155,2506154363,473314,1.376,33.442,0.000,35.000,6.15967,0.05606,21.51,-13.440,23.325,-13.440,23.325,-13.412,4.246,1.00000,74.342,12.924,36.615
[SHELL] ccB:155,20527,1,17.336,21.421,-38.757,22.018,77.982,25.478,31.459,79.603,20.397
[SHELL] ccA:156,2506264415,473315,1.680,35.006,0.000,35.000,0.09677,0.27632,21.76,-13.447,23.294,-13.447,23.294,-13.413,4.246,1.00000,73.902,-9.564,33.397
[SHELL] ccB:156,2147518095,1,-12.746,34.360,-21.614,19.440,80.560,36.635,22.018,77.982,25.478
[SHELL] ccA:157,2506374351,473316,-5.477,34.913,0.000,35.000,0.32542,0.50498,21.64,-13.301,23.296,-13.301,23.296,-13.411,4.246,1.00000,73.902,-1.390,36.430
[SHELL] ccB:157,20521,1,-12.964,35.991,-23.027,18.573,81.427,48.725,19.440,80.560,36.635
[SHELL] ccA:158,2506484291,473317,7.006,41.256,0.000,35.000,0.54953,0.72907,21.56,-13.554,23.166,-13.554,23.166,-13.414,4.243,1.00000,74.342,15.401,46.081
[SHELL] ccB:158,2147518157,1,-10.934,46.465,-35.531,19.429,80.571,61.356,18.573,81.427,48.725
[SHELL] ccA:159,2506594811,473318,4.415,40.002,0.000,35.000,0.77358,0.95319,22.08,-13.505,23.188,-13.505,23.188,-13.416,4.240,1.00000,74.342,-6.572,33.923
[SHELL] ccB:159,20751,1,-28.404,31.243,-2.839,21.630,78.370,72.736,19.429,80.571,61.356
[SHELL] ctrlcap v1 armed=0 count=512 clock_hz=550000000 decimation=1
[SHELL] ccA:index,cycles,seq,id,iq,idref,iqref,theta,actangle,age_us,vdreq,vqreq,vd,vq,intd,intq,scale,bus,raw_id,raw_iq
[SHELL] ccB:index,timer,valid,ia,ib,ic,du,dv,dw,active_u,active_v,active_w
[SHELL] ccA:160,2506704715,473319,5.202,36.193,0.000,35.000,0.99769,1.17726,21.99,-13.523,23.264,-13.523,23.264,-13.419,4.240,1.00000,74.342,16.977,38.463
[SHELL] ccB:160,2147517945,1,-23.112,41.971,-18.859,21.014,70.672,78.986,21.630,78.370,72.736
[SHELL] ccA:161,2506814755,473320,8.079,36.463,0.000,35.000,1.22311,1.40271,22.05,-13.585,23.258,-13.585,23.258,-13.423,4.239,1.00000,74.342,-0.819,34.463
[SHELL] ccB:161,20723,1,-32.680,25.843,6.838,19.040,58.822,80.960,21.014,70.672,78.986
[SHELL] ccA:162,2506924695,473321,0.508,33.986,0.000,35.000,1.44979,1.62936,21.93,-13.433,23.308,-13.433,23.308,-13.423,4.239,1.00000,73.902,1.835,33.509
[SHELL] ccB:162,2147517955,1,-33.043,21.602,11.441,18.528,46.845,81.472,19.040,58.822,80.960
[SHELL] ccA:163,2507034719,473322,10.448,34.638,0.000,35.000,1.67379,1.85336,21.91,-13.637,23.295,-13.637,23.295,-13.428,4.240,1.00000,73.902,19.061,35.767
[SHELL] ccB:163,20705,1,-37.537,32.004,5.533,19.676,34.407,80.324,18.528,46.845,81.472
[SHELL] ccA:164,2507144755,473323,6.118,33.159,0.000,35.000,1.90467,2.08422,22.02,-13.554,23.325,-13.554,23.325,-13.431,4.240,1.00000,73.902,-6.826,30.552
[SHELL] ccB:164,2147517925,1,-26.628,-0.942,27.569,22.506,22.973,77.494,19.676,34.407,80.324
[SHELL] ccA:165,2507254715,473324,2.335,31.365,0.000,35.000,2.12596,2.30552,21.96,-13.479,23.363,-13.479,23.363,-13.433,4.242,1.00000,73.902,11.496,32.178
[SHELL] ccB:165,20703,1,-33.405,10.475,22.930,33.155,19.925,80.075,22.506,22.973,77.494
[SHELL] ccA:166,2507364679,473325,5.601,35.274,0.000,35.000,2.35239,2.53196,21.93,-13.547,23.285,-13.547,23.285,-13.435,4.242,1.00000,74.342,-0.295,38.369
[SHELL] ccB:166,2147517963,1,-27.026,-10.075,37.101,45.510,18.725,81.275,33.155,19.925,80.075
[SHELL] ccA:167,2507474711,473326,0.038,38.522,0.000,35.000,2.57580,2.75539,21.97,-13.436,23.218,-13.436,23.218,-13.435,4.240,1.00000,74.342,0.372,38.674
[SHELL] ccB:167,20701,1,-21.046,-17.578,38.624,57.468,19.049,80.951,45.510,18.725,81.275
[SHELL] ccA:168,2507584707,473327,12.545,40.887,0.000,35.000,2.80368,2.98321,21.93,-13.693,23.168,-13.693,23.168,-13.442,4.237,1.00000,74.342,24.718,43.101
[SHELL] ccB:168,2147517949,1,-37.610,-9.314,46.924,69.909,20.833,79.167,57.468,19.049,80.951
[SHELL] ccA:169,2507694715,473328,13.020,39.117,0.000,35.000,3.03055,3.21014,21.96,-13.709,23.201,-13.709,23.201,-13.448,4.235,1.00000,74.342,1.322,35.133
[SHELL] ccB:169,20703,1,-5.208,-27.508,32.716,78.336,21.664,73.405,69.909,20.833,79.167
[SHELL] ccA:170,2507804727,473329,9.396,35.809,0.000,35.000,3.25626,3.43583,21.96,-13.641,23.267,-13.641,23.267,-13.453,4.235,1.00000,73.902,17.471,36.485
[SHELL] ccB:170,2147517939,1,-13.181,-26.530,39.711,80.825,19.175,62.090,78.336,21.664,73.405
[SHELL] ccA:171,2507914703,473330,13.708,36.378,0.000,35.000,3.48186,3.66142,21.94,-13.734,23.255,-13.734,23.255,-13.460,4.234,1.00000,73.902,9.946,36.272
[SHELL] ccB:171,20697,1,2.730,-33.851,31.121,81.648,18.352,49.666,80.825,19.175,62.090
[SHELL] ccA:172,2508024691,473331,3.999,33.991,0.000,35.000,3.70592,3.88548,21.94,-13.542,23.303,-13.542,23.303,-13.462,4.235,1.00000,74.342,-1.947,31.710
[SHELL] ccB:172,2147517957,1,18.605,-31.604,12.999,80.619,19.381,37.967,81.648,18.352,49.666
[SHELL] ccA:173,2508134707,473332,9.504,34.554,0.000,35.000,3.93621,4.11577,21.99,-13.657,23.292,-13.657,23.292,-13.467,4.235,1.00000,74.342,20.954,37.399
[SHELL] ccB:173,20699,1,12.008,-41.644,29.635,78.222,21.778,25.947,80.619,19.381,37.967
[SHELL] ccA:174,2508244679,473333,9.633,35.153,0.000,35.000,4.15990,4.33946,21.92,-13.664,23.280,-13.664,23.280,-13.471,4.235,1.00000,74.342,-1.688,32.908
[SHELL] ccB:174,2147517963,1,28.898,-28.161,-0.737,79.366,30.520,20.634,78.222,21.778,25.947
[SHELL] ccA:175,2508354735,473334,3.433,33.886,0.000,35.000,4.39134,4.57097,22.03,-13.542,23.306,-13.542,23.306,-13.473,4.236,1.00000,74.342,8.554,34.864
[SHELL] ccB:175,20713,1,30.384,-31.749,1.365,81.099,42.484,18.901,79.366,30.520,20.634
[SHELL] ctrlcap v1 armed=0 count=512 clock_hz=550000000 decimation=1
[SHELL] ccA:index,cycles,seq,id,iq,idref,iqref,theta,actangle,age_us,vdreq,vqreq,vd,vq,intd,intq,scale,bus,raw_id,raw_iq
[SHELL] ccB:index,timer,valid,ia,ib,ic,du,dv,dw,active_u,active_v,active_w
[SHELL] ccA:176,2508464679,473335,8.129,38.765,0.000,35.000,4.61002,4.78958,21.92,-13.640,23.206,-13.640,23.206,-13.477,4.234,1.00000,74.342,7.705,42.666
[SHELL] ccB:176,2147517963,1,41.656,-31.242,-10.414,81.244,54.609,18.756,81.099,42.484,18.901
[SHELL] ccA:177,2508574675,473336,2.930,35.934,0.000,35.000,4.83585,5.01541,21.92,-13.537,23.263,-13.537,23.263,-13.479,4.233,1.00000,74.342,-1.845,29.202
[SHELL] ccB:177,20683,1,28.753,-9.676,-19.077,79.893,66.383,20.107,81.244,54.609,18.756
[SHELL] ccA:178,2508684759,473337,9.019,32.661,0.000,35.000,5.06859,5.24818,22.06,-13.664,23.329,-13.664,23.329,-13.483,4.234,1.00000,74.342,19.883,36.120
[SHELL] ccB:178,2147517923,1,40.786,-25.624,-15.162,76.401,77.561,22.439,79.893,66.383,20.107
[SHELL] ccA:179,2508794703,473338,8.337,32.516,0.000,35.000,5.29321,5.47281,21.94,-13.654,23.333,-13.654,23.333,-13.487,4.236,1.00000,74.342,-3.209,28.912
[SHELL] ccB:179,20697,1,22.410,4.857,-27.268,65.124,80.259,19.741,76.401,77.561,22.439
[SHELL] ccA:180,2508904603,473339,0.444,31.710,0.000,35.000,5.52080,5.70036,21.86,-13.496,23.351,-13.496,23.351,-13.488,4.237,1.00000,74.342,4.097,34.507
[SHELL] ccB:180,2147518001,1,26.796,5.763,-32.559,53.196,81.365,18.635,65.124,80.259,19.741
[SHELL] ccA:181,2509014643,473340,9.217,37.643,0.000,35.000,5.74770,5.92724,21.89,-13.676,23.231,-13.676,23.231,-13.492,4.236,1.00000,74.342,14.338,40.779
[SHELL] ccB:181,20667,1,33.138,7.467,-40.605,40.469,80.918,19.082,53.196,81.365,18.635
[SHELL] ccA:182,2509124631,473341,5.221,36.062,0.000,35.000,5.98038,6.16000,21.89,-13.599,23.262,-13.599,23.262,-13.495,4.235,1.00000,74.342,-3.895,31.346
[SHELL] ccB:182,2147517987,1,5.629,24.103,-29.732,28.536,78.840,21.160,40.469,80.918,19.082
[SHELL] ccA:183,2509234611,473342,7.960,33.783,0.000,35.000,6.20475,0.10115,21.96,-13.658,23.308,-13.658,23.308,-13.499,4.236,1.00000,74.342,19.814,36.219
[SHELL] ccB:183,20651,1,22.591,18.630,-41.221,21.214,78.786,27.972,28.536,78.840,21.160
[SHELL] ccA:184,2509344479,473343,8.632,34.304,0.000,35.000,0.14377,0.32340,21.83,-13.676,23.298,-13.676,23.298,-13.503,4.236,1.00000,74.342,-2.551,32.388
[SHELL] ccB:184,2147518063,1,-7.165,31.025,-23.861,19.113,80.887,39.545,21.214,78.786,27.972
[SHELL] ccA:185,2509454363,473344,-1.592,33.714,0.000,35.000,0.37762,0.55718,21.67,-13.470,23.311,-13.470,23.311,-13.502,4.237,1.00000,74.342,-0.633,35.039
[SHELL] ccB:185,20527,1,-13.507,34.758,-21.251,18.655,81.345,51.845,19.113,80.887,39.545
[SHELL] ccA:186,2509564623,473345,8.613,39.555,0.000,35.000,0.59751,0.77711,21.73,-13.679,23.192,-13.679,23.192,-13.507,4.235,1.00000,74.342,17.860,44.071
[SHELL] ccB:186,2147517991,1,-10.028,45.269,-35.241,19.711,80.289,64.114,18.655,81.345,51.845
[SHELL] ccA:187,2509674799,473346,4.662,37.824,0.000,35.000,0.82716,1.00673,22.08,-13.602,23.225,-13.602,23.225,-13.509,4.233,1.00000,74.342,-8.536,31.577
[SHELL] ccB:187,20745,1,-29.020,27.582,1.438,22.326,77.674,75.527,19.711,80.289,64.114
[SHELL] ccA:188,2509784839,473347,1.622,33.162,0.000,35.000,1.04580,1.22540,22.14,-13.542,23.319,-13.542,23.319,-13.510,4.234,1.00000,74.342,11.779,34.746
[SHELL] ccB:188,2147517883,1,-24.163,35.991,-11.828,20.415,68.292,79.585,22.326,77.674,75.527
[SHELL] ccA:189,2509894767,473348,5.908,34.230,0.000,35.000,1.27561,1.45518,22.03,-13.631,23.298,-13.631,23.298,-13.513,4.235,1.00000,74.342,0.036,33.714
[SHELL] ccB:189,20729,1,-32.245,24.646,7.599,18.745,55.971,81.255,20.415,68.292,79.585
[SHELL] ccA:190,2510004755,473349,0.175,33.567,0.000,35.000,1.50726,1.68683,22.02,-13.516,23.312,-13.516,23.312,-13.513,4.235,1.00000,74.342,0.313,33.420
[SHELL] ccB:190,2147517925,1,-33.333,18.775,14.558,18.827,43.606,81.173,18.745,55.971,81.255
[SHELL] ccA:191,2510114783,473350,10.949,35.296,0.000,35.000,1.73391,1.91347,22.04,-13.737,23.277,-13.737,23.277,-13.518,4.235,1.00000,74.342,21.585,37.171
[SHELL] ccB:191,20737,1,-40.183,33.309,6.874,20.447,31.186,79.553,18.827,43.606,81.173
[SHELL] ctrlcap v1 armed=0 count=512 clock_hz=550000000 decimation=1
[SHELL] ccA:index,cycles,seq,id,iq,idref,iqref,theta,actangle,age_us,vdreq,vqreq,vd,vq,intd,intq,scale,bus,raw_id,raw_iq
[SHELL] ccB:index,timer,valid,ia,ib,ic,du,dv,dw,active_u,active_v,active_w
[SHELL] ccA:192,2510224747,473351,7.618,33.968,0.000,35.000,1.96248,2.14204,22.02,-13.674,23.304,-13.674,23.304,-13.522,4.236,1.00000,74.342,-6.348,30.765
[SHELL] ccB:192,2147517929,1,-26.011,-2.246,28.258,25.362,21.921,78.079,20.447,31.186,79.553
[SHELL] ccA:193,2510334691,473352,0.117,33.040,0.000,35.000,2.18567,2.36524,21.95,-13.524,23.324,-13.524,23.324,-13.522,4.237,1.00000,74.342,6.581,35.316
[SHELL] ccB:193,20691,1,-32.644,3.335,29.309,36.495,19.575,80.425,25.362,21.921,78.079
[SHELL] ccA:194,2510444679,473353,3.442,36.447,0.000,35.000,2.41413,2.59369,21.95,-13.593,23.255,-13.593,23.255,-13.524,4.236,1.00000,74.342,0.302,37.578
[SHELL] ccB:194,2147517963,1,-25.214,-11.525,36.739,48.970,18.627,81.373,36.495,19.575,80.425
[SHELL] ccA:195,2510554695,473354,-1.845,37.089,0.000,35.000,2.64348,2.82304,21.96,-13.486,23.241,-13.486,23.241,-13.523,4.235,1.00000,74.342,-3.992,36.599
[SHELL] ccB:195,20693,1,-13.979,-22.507,36.485,61.155,19.368,80.632,48.970,18.627,81.373
[SHELL] ccA:196,2510664695,473355,7.484,39.053,0.000,35.000,2.86635,3.04588,21.91,-13.676,23.200,-13.676,23.200,-13.527,4.233,1.00000,74.342,18.960,41.507
[SHELL] ccB:196,2147517955,1,-29.527,-15.367,44.894,72.995,21.575,78.425,61.155,19.368,80.632
[SHELL] ccA:197,2510774695,473356,4.840,36.414,0.000,35.000,3.08450,3.26407,21.95,-13.626,23.252,-13.626,23.252,-13.529,4.232,1.00000,74.342,-9.280,31.321
[SHELL] ccB:197,20693,1,7.478,-31.278,23.800,78.982,21.018,70.907,72.995,21.575,78.425
[SHELL] ccA:198,2510884723,473357,-2.435,33.364,0.000,35.000,3.31971,3.49927,21.92,-13.479,23.314,-13.479,23.314,-13.528,4.233,1.00000,74.342,4.411,35.407
[SHELL] ccB:198,2147517941,1,1.933,-31.821,29.889,80.944,19.056,58.942,78.982,21.018,70.907
[SHELL] ccA:199,2510994791,473358,4.754,36.505,0.000,35.000,3.54441,3.72397,22.03,-13.625,23.250,-13.625,23.250,-13.530,4.232,1.00000,74.342,5.097,37.602
[SHELL] ccB:199,20741,1,10.051,-36.714,26.663,81.326,18.674,46.454,80.944,19.056,58.942
[SHELL] ccA:200,2511104859,473359,-0.408,34.582,0.000,35.000,3.78897,3.96856,22.14,-13.522,23.289,-13.522,23.289,-13.530,4.232,1.00000,74.342,-5.914,31.561
[SHELL] ccB:200,2147517873,1,23.751,-30.589,6.838,79.916,20.084,33.641,81.326,18.674,46.454
[SHELL] ccA:201,2511214739,473360,4.749,33.753,0.000,35.000,4.00796,4.18750,21.97,-13.627,23.306,-13.627,23.306,-13.532,4.233,1.00000,74.342,15.412,35.945
[SHELL] ccB:201,20715,1,17.409,-39.034,21.625,77.303,22.962,22.697,79.916,20.084,33.641
[SHELL] ccA:202,2511324743,473361,3.020,34.429,0.000,35.000,4.22953,4.40906,21.97,-13.594,23.293,-13.594,23.293,-13.534,4.233,1.00000,74.342,-9.371,32.912
[SHELL] ccB:202,2147517931,1,33.501,-22.797,-10.704,80.027,33.990,19.973,77.303,22.962,22.697
[SHELL] ccA:203,2511434811,473362,-6.489,34.511,0.000,35.000,4.45848,4.63808,22.10,-13.401,23.291,-13.401,23.291,-13.531,4.234,1.00000,74.342,-3.606,36.109
[SHELL] ccB:203,20751,1,35.857,-22.760,-13.096,81.213,45.894,18.787,80.027,33.990,19.973
[SHELL] ccA:204,2511544747,473363,-0.831,40.141,0.000,35.000,4.67883,4.85845,22.00,-13.514,23.176,-13.514,23.176,-13.530,4.231,1.00000,74.342,1.943,44.174
[SHELL] ccB:204,2147517929,1,44.084,-25.008,-19.076,80.900,58.108,19.100,81.213,45.894,18.787
[SHELL] ccA:205,2511654771,473364,-5.342,37.416,0.000,35.000,4.90548,5.08504,22.00,-13.421,23.230,-13.421,23.230,-13.528,4.230,1.00000,74.342,-12.627,30.658
[SHELL] ccB:205,20731,1,27.666,1.994,-29.660,79.104,69.723,20.896,80.900,58.108,19.100
[SHELL] ccA:206,2511764791,473365,-1.601,32.228,0.000,35.000,5.14025,5.31981,22.00,-13.495,23.335,-13.495,23.335,-13.527,4.231,1.00000,74.342,9.425,33.797
[SHELL] ccB:206,2147517907,1,34.661,-12.612,-22.048,73.120,78.423,21.577,79.104,69.723,20.896
[SHELL] ccA:207,2511874699,473366,-0.391,32.998,0.000,35.000,5.36438,5.54395,21.98,-13.519,23.320,-13.519,23.320,-13.527,4.232,1.00000,74.342,-10.206,32.199
[SHELL] ccB:207,20695,1,19.402,14.244,-33.647,61.544,80.685,19.315,73.120,78.423,21.577
[SHELL] ctrlcap v1 armed=0 count=512 clock_hz=550000000 decimation=1
[SHELL] ccA:index,cycles,seq,id,iq,idref,iqref,theta,actangle,age_us,vdreq,vqreq,vd,vq,intd,intq,scale,bus,raw_id,raw_iq
[SHELL] ccB:index,timer,valid,ia,ib,ic,du,dv,dw,active_u,active_v,active_w
[SHELL] ccA:208,2511984683,473367,-7.201,33.964,0.000,35.000,5.59301,5.77258,21.95,-13.379,23.302,-13.379,23.302,-13.523,4.233,1.00000,74.342,-4.197,35.729
[SHELL] ccB:208,2147517961,1,19.511,16.419,-35.930,49.426,81.299,18.701,61.544,80.685,19.315
[SHELL] ccA:209,2512094703,473368,3.549,38.587,0.000,35.000,5.82045,5.99999,21.96,-13.596,23.207,-13.596,23.207,-13.525,4.231,1.00000,74.342,11.295,41.445
[SHELL] ccB:209,20697,1,28.608,13.447,-42.055,36.745,80.383,19.617,49.426,81.299,18.701
[SHELL] ccA:210,2512204703,473369,0.507,36.635,0.000,35.000,6.04957,6.22916,21.96,-13.535,23.245,-13.535,23.245,-13.525,4.230,1.00000,74.342,-10.281,31.826
[SHELL] ccB:210,2147517951,1,-2.634,30.192,-27.558,25.263,77.891,22.109,36.745,80.383,19.617
[SHELL] ccA:211,2512314687,473370,-0.841,33.161,0.000,35.000,6.26630,0.16269,22.05,-13.508,23.316,-13.508,23.316,-13.525,4.231,1.00000,74.342,8.600,34.496
[SHELL] ccB:211,20689,1,9.181,25.154,-34.335,20.616,79.384,30.877,25.263,77.891,22.109
[SHELL] ccA:212,2512424527,473371,0.980,34.660,0.000,35.000,0.21469,0.39425,21.84,-13.545,23.286,-13.545,23.286,-13.525,4.231,1.00000,74.342,-6.640,34.823
[SHELL] ccB:212,2147518039,1,-13.906,35.193,-21.287,18.868,81.132,43.163,20.616,79.384,30.877
[SHELL] ccA:213,2512534475,473372,-6.891,35.007,0.000,35.000,0.43977,0.61933,21.77,-13.384,23.279,-13.384,23.279,-13.522,4.231,1.00000,74.342,-7.143,35.190
[SHELL] ccB:213,20583,1,-21.445,35.665,-14.220,18.857,81.143,55.081,18.868,81.132,43.163
[SHELL] ccA:214,2512644727,473373,3.993,39.885,0.000,35.000,0.65862,0.83822,21.83,-13.603,23.179,-13.603,23.179,-13.524,4.229,1.00000,74.342,15.129,44.581
[SHELL] ccB:214,2147517939,1,-15.320,46.212,-30.892,20.298,79.702,67.148,18.857,81.143,55.081
[SHELL] ccA:215,2512754851,473374,2.287,38.216,0.000,35.000,0.88845,1.06803,22.11,-13.570,23.211,-13.570,23.211,-13.525,4.227,1.00000,74.342,-10.556,31.850
[SHELL] ccB:215,20771,1,-31.376,25.987,5.388,22.473,75.880,77.527,20.298,79.702,67.148
[SHELL] ccA:216,2512864815,473375,-1.875,33.232,0.000,35.000,1.11635,1.29588,22.03,-13.486,23.311,-13.486,23.311,-13.524,4.228,1.00000,74.342,6.806,34.614
[SHELL] ccB:216,2147517895,1,-28.114,32.511,-4.398,19.798,64.705,80.202,22.473,75.880,77.527
[SHELL] ccA:217,2512974903,473376,3.937,34.619,0.000,35.000,1.35428,1.53383,22.20,-13.605,23.284,-13.605,23.284,-13.526,4.228,1.00000,74.342,1.069,34.624
[SHELL] ccB:217,20797,1,-33.586,24.139,9.447,18.601,51.729,81.399,19.798,64.705,80.202
[SHELL] ccA:218,2513084827,473377,-2.560,33.487,0.000,35.000,1.57007,1.74964,22.05,-13.473,23.307,-13.473,23.307,-13.524,4.229,1.00000,74.342,-6.189,32.350
[SHELL] ccB:218,2147517889,1,-32.354,10.838,21.517,19.142,40.308,80.858,18.601,51.729,81.399
[SHELL] ccA:219,2513194847,473378,3.307,33.302,0.000,35.000,1.79285,1.97242,22.09,-13.592,23.312,-13.592,23.312,-13.526,4.230,1.00000,74.342,12.804,34.253
[SHELL] ccB:219,20769,1,-36.232,22.399,13.833,21.119,28.502,78.881,19.142,40.308,80.858
[SHELL] ccA:220,2513304791,473379,-0.850,31.615,0.000,35.000,2.01677,2.19633,22.03,-13.509,23.347,-13.509,23.347,-13.526,4.231,1.00000,74.342,-14.504,28.977
[SHELL] ccB:220,2147517907,1,-19.886,-12.214,32.100,27.771,21.318,78.682,21.119,28.502,78.881
[SHELL] ccA:221,2513414759,473380,-8.102,31.578,0.000,35.000,2.24623,2.42579,22.01,-13.360,23.350,-13.360,23.350,-13.522,4.233,1.00000,74.342,-1.699,34.180
[SHELL] ccB:221,20725,1,-25.613,-6.849,32.462,39.424,19.263,80.738,27.771,21.318,78.682
[SHELL] ccA:222,2513524783,473381,-0.662,36.823,0.000,35.000,2.47112,2.65070,22.03,-13.508,23.244,-13.508,23.244,-13.521,4.232,1.00000,74.342,0.374,39.466
[SHELL] ccB:222,2147517911,1,-24.815,-14.171,38.986,51.928,18.702,81.298,39.424,19.263,80.738
[SHELL] ccA:223,2513634791,473382,-2.698,36.633,0.000,35.000,2.70324,2.88278,22.03,-13.466,23.247,-13.466,23.247,-13.520,4.231,1.00000,74.342,-5.771,33.801
[SHELL] ccB:223,20741,1,-9.122,-24.065,33.187,64.261,19.806,80.194,51.928,18.702,81.298
[SHELL] ctrlcap v1 armed=0 count=512 clock_hz=550000000 decimation=1
[SHELL] ccA:index,cycles,seq,id,iq,idref,iqref,theta,actangle,age_us,vdreq,vqreq,vd,vq,intd,intq,scale,bus,raw_id,raw_iq
[SHELL] ccB:index,timer,valid,ia,ib,ic,du,dv,dw,active_u,active_v,active_w
[SHELL] ccA:224,2513744763,473383,6.721,36.446,0.000,35.000,2.92692,3.10646,21.99,-13.658,23.250,-13.658,23.250,-13.523,4.231,1.00000,74.342,19.212,39.091
[SHELL] ccB:224,2147517921,1,-27.099,-15.983,43.082,75.892,22.373,77.627,64.261,19.806,80.194
[SHELL] ccA:225,2513854759,473384,6.381,35.755,0.000,35.000,3.14983,3.32939,22.00,-13.654,23.263,-13.654,23.263,-13.527,4.230,1.00000,74.342,-6.450,32.418
[SHELL] ccB:225,20725,1,6.717,-31.387,24.670,79.741,20.259,67.566,75.892,22.373,77.627
[SHELL] ccA:226,2513964795,473385,-2.827,32.777,0.000,35.000,3.38311,3.56267,22.03,-13.469,23.324,-13.469,23.324,-13.525,4.231,1.00000,74.342,0.797,33.135
[SHELL] ccB:226,2147517905,1,7.152,-31.604,24.452,81.211,18.789,55.558,79.741,20.259,67.566
[SHELL] ccA:227,2514074759,473386,3.195,35.234,0.000,35.000,3.60089,3.78046,22.00,-13.591,23.275,-13.591,23.275,-13.527,4.231,1.00000,74.342,5.593,37.332
[SHELL] ccB:227,20725,1,11.537,-36.896,25.358,81.171,18.829,43.480,81.211,18.789,55.558
[SHELL] ccA:228,2514184835,473387,-1.528,34.397,0.000,35.000,3.83302,4.01327,22.11,-13.495,23.363,-13.495,23.363,-13.526,4.232,1.00000,74.342,-8.649,31.461
[SHELL] ccB:228,2147517885,1,26.723,-29.574,2.851,79.544,20.456,31.420,81.171,18.829,43.480
[SHELL] ccA:229,2514294751,473388,2.734,32.893,0.000,35.000,4.06250,4.24279,22.00,-13.582,23.394,-13.582,23.394,-13.527,4.233,1.00000,74.342,14.116,34.325
[SHELL] ccB:229,20721,1,18.786,-37.113,18.327,78.136,25.418,21.864,79.544,20.456,31.420
[SHELL] ccA:230,2514404735,473389,2.966,33.766,0.000,35.000,4.28451,4.46474,21.99,-13.588,23.378,-13.588,23.378,-13.529,4.233,1.00000,74.342,-8.184,33.207
[SHELL] ccB:230,2147517935,1,33.610,-22.289,-11.320,80.561,36.781,19.439,78.136,25.418,21.864
[SHELL] ccA:231,2514514803,473390,-4.483,34.338,0.000,35.000,4.51205,4.69234,22.10,-13.437,23.367,-13.437,23.367,-13.527,4.234,1.00000,74.342,-0.783,35.468
[SHELL] ccB:231,20747,1,34.914,-22.905,-12.009,81.392,48.816,18.608,80.561,36.781,19.439
[SHELL] ccA:232,2514624755,473391,4.273,39.409,0.000,35.000,4.74278,4.92307,22.00,-13.614,23.263,-13.614,23.263,-13.529,4.231,1.00000,74.342,9.328,43.350
[SHELL] ccB:232,2147517925,1,43.613,-28.741,-14.872,80.666,61.686,19.334,81.392,48.816,18.608
[SHELL] ccA:233,2514734747,473392,-0.461,36.600,0.000,35.000,4.96386,5.14410,21.99,-13.519,23.318,-13.519,23.318,-13.528,4.231,1.00000,74.342,-10.249,29.850
[SHELL] ccB:233,20719,1,26.361,1.849,-28.210,78.495,72.845,21.505,80.666,61.686,19.334
[SHELL] ccA:234,2514844747,473393,-0.679,30.229,0.000,35.000,5.19831,5.37855,22.00,-13.515,23.448,-13.515,23.448,-13.528,4.233,1.00000,74.342,8.892,30.608
[SHELL] ccB:234,2147517929,1,31.218,-10.039,-21.179,70.345,79.258,20.742,78.495,72.845,21.505
[SHELL] ccA:235,2514954735,473394,0.453,31.472,0.000,35.000,5.41656,5.59683,22.01,-13.537,23.425,-13.537,23.425,-13.528,4.235,1.00000,74.342,-7.987,32.337
[SHELL] ccB:235,20713,1,19.475,13.665,-33.139,58.823,81.103,18.897,70.345,79.258,20.742
[SHELL] ccA:236,2515064667,473395,-6.603,33.604,0.000,35.000,5.64288,5.82312,21.93,-13.393,23.383,-13.393,23.383,-13.525,4.236,1.00000,74.342,-5.220,34.871
[SHELL] ccB:236,2147517969,1,16.648,18.594,-35.241,46.735,81.334,18.666,58.823,81.103,18.897
[SHELL] ccA:237,2515174699,473396,5.291,38.914,0.000,35.000,5.87095,6.05117,21.96,-13.634,23.275,-13.634,23.275,-13.528,4.234,1.00000,74.342,15.801,42.957
[SHELL] ccB:237,20695,1,31.689,12.758,-44.447,34.027,80.039,19.961,46.735,81.334,18.666
[SHELL] ccA:238,2515284691,473397,4.237,38.327,0.000,35.000,6.09710,6.27734,21.93,-13.615,23.285,-13.615,23.285,-13.530,4.232,1.00000,74.342,-7.328,33.698
[SHELL] ccB:238,2147517957,1,-0.967,30.337,-29.370,22.805,77.217,22.783,34.027,80.039,19.961
[SHELL] ccA:239,2515394695,473398,2.318,34.988,0.000,35.000,0.04442,0.22469,22.07,-13.577,23.352,-13.577,23.352,-13.531,4.232,1.00000,74.342,11.964,36.278
[SHELL] ccB:239,20693,1,10.341,26.676,-37.017,19.900,80.100,34.109,22.805,77.217,22.783
[SHELL] ctrlcap v1 armed=0 count=512 clock_hz=550000000 decimation=1
[SHELL] ccA:index,cycles,seq,id,iq,idref,iqref,theta,actangle,age_us,vdreq,vqreq,vd,vq,intd,intq,scale,bus,raw_id,raw_iq
[SHELL] ccB:index,timer,valid,ia,ib,ic,du,dv,dw,active_u,active_v,active_w
[SHELL] ccA:240,2515504491,473399,6.219,36.687,0.000,35.000,0.26828,0.44850,21.76,-13.658,23.317,-13.658,23.317,-13.534,4.231,1.00000,74.342,0.475,37.096
[SHELL] ccB:240,2147518057,1,-9.376,35.773,-26.398,18.595,81.405,46.251,19.900,80.100,34.109
[SHELL] ccA:241,2515614463,473400,-2.521,35.940,0.000,35.000,0.49219,0.67249,21.79,-13.482,23.331,-13.482,23.331,-13.533,4.231,1.00000,74.342,-5.517,34.784
[SHELL] ccB:241,20577,1,-21.300,34.940,-13.640,18.958,81.042,58.086,18.595,81.405,46.251
[SHELL] ccA:242,2515724711,473401,6.951,39.544,0.000,35.000,0.72193,0.90218,21.81,-13.675,23.257,-13.675,23.257,-13.536,4.228,1.00000,74.342,19.419,44.305
[SHELL] ccB:242,2147517947,1,-14.703,47.263,-32.559,20.890,79.110,70.522,18.958,81.042,58.086
[SHELL] ccA:243,2515834839,473402,4.917,38.860,0.000,35.000,0.94357,1.12381,22.11,-13.637,23.269,-13.637,23.269,-13.539,4.226,1.00000,74.342,-9.585,33.415
[SHELL] ccB:243,20765,1,-32.680,26.604,6.077,21.580,73.202,78.420,20.890,79.110,70.522
[SHELL] ccA:244,2515944823,473403,-1.859,34.613,0.000,35.000,1.18726,1.36749,22.07,-13.501,23.354,-13.501,23.354,-13.538,4.227,1.00000,74.342,5.866,35.810
[SHELL] ccB:244,2147517891,1,-31.013,31.823,-0.810,19.219,60.960,80.781,21.580,73.202,78.420
[SHELL] ccA:245,2516054835,473404,5.339,36.415,0.000,35.000,1.40232,1.58255,22.08,-13.647,23.317,-13.647,23.317,-13.540,4.226,1.00000,74.342,4.812,37.020
[SHELL] ccB:245,20763,1,-35.689,27.329,8.360,18.532,49.036,81.468,19.219,60.960,80.781
[SHELL] ccA:246,2516164819,473405,-1.835,34.586,0.000,35.000,1.63009,1.81033,22.05,-13.503,23.354,-13.503,23.354,-13.540,4.226,1.00000,74.342,-8.481,32.152
[SHELL] ccB:246,2147517893,1,-31.593,6.814,24.779,19.476,37.053,80.524,18.532,49.036,81.468
[SHELL] ccA:247,2516274795,473406,2.565,33.080,0.000,35.000,1.86263,2.04286,22.05,-13.592,23.385,-13.592,23.385,-13.541,4.227,1.00000,74.342,13.611,34.008
[SHELL] ccB:247,20743,1,-36.486,21.058,15.428,21.979,25.042,78.021,19.476,37.053,80.524
[SHELL] ccA:248,2516384783,473407,-0.030,32.887,0.000,35.000,2.08622,2.26646,22.02,-13.540,23.390,-13.540,23.390,-13.541,4.228,1.00000,74.342,-13.670,31.766
[SHELL] ccB:248,2147517911,1,-20.901,-13.410,34.311,31.282,20.429,79.571,21.979,25.042,78.021
[SHELL] ccA:249,2516494755,473408,-8.501,34.176,0.000,35.000,2.31850,2.49875,22.00,-13.367,23.365,-13.367,23.365,-13.537,4.229,1.00000,74.342,-3.332,36.587
[SHELL] ccB:249,20723,1,-24.562,-11.380,35.942,43.325,18.880,81.120,31.282,20.429,79.571
[SHELL] ccA:250,2516604763,473409,0.051,39.174,0.000,35.000,2.54729,2.72752,22.02,-13.538,23.263,-13.538,23.263,-13.537,4.226,1.00000,74.342,3.434,41.761
[SHELL] ccB:250,2147517921,1,-26.229,-15.186,41.414,56.122,18.846,81.154,43.325,18.880,81.120
[SHELL] ccA:251,2516714743,473410,-3.155,38.187,0.000,35.000,2.76654,2.94675,21.96,-13.472,23.281,-13.472,23.281,-13.535,4.225,1.00000,74.342,-9.743,34.612
[SHELL] ccB:251,20717,1,-3.613,-29.176,32.788,67.573,20.354,79.646,56.122,18.846,81.154
[SHELL] ccA:252,2516824759,473411,1.566,36.515,0.000,35.000,2.98955,3.16976,21.99,-13.567,23.313,-13.567,23.313,-13.536,4.224,1.00000,74.342,12.875,38.419
[SHELL] ccB:252,2147517923,1,-18.545,-21.927,40.472,77.695,22.305,75.709,67.573,20.354,79.646
[SHELL] ccA:253,2516934767,473412,1.994,34.992,0.000,35.000,3.21609,3.39632,22.01,-13.577,23.344,-13.577,23.344,-13.537,4.224,1.00000,74.342,-8.886,31.565
[SHELL] ccB:253,20729,1,11.211,-32.293,21.082,80.355,19.645,64.307,77.695,22.305,75.709
[SHELL] ccA:254,2517044775,473413,-4.979,32.733,0.000,35.000,3.44908,3.62929,21.98,-13.435,23.390,-13.435,23.390,-13.534,4.225,1.00000,74.342,-1.073,33.902
[SHELL] ccB:254,2147517915,1,11.283,-33.344,22.060,81.400,18.600,52.075,80.355,19.645,64.307
[SHELL] ccA:255,2517154847,473414,4.091,36.046,0.000,35.000,3.67443,3.85468,22.10,-13.618,23.323,-13.618,23.323,-13.536,4.225,1.00000,74.342,9.254,38.189
[SHELL] ccB:255,20769,1,11.428,-38.273,26.844,80.870,19.130,39.474,81.400,18.600,52.075
[SHELL] ctrlcap v1 armed=0 count=512 clock_hz=550000000 decimation=1
[SHELL] ccA:index,cycles,seq,id,iq,idref,iqref,theta,actangle,age_us,vdreq,vqreq,vd,vq,intd,intq,scale,bus,raw_id,raw_iq
[SHELL] ccB:index,timer,valid,ia,ib,ic,du,dv,dw,active_u,active_v,active_w
[SHELL] ccA:256,2517264759,473415,-0.509,34.686,0.000,35.000,3.89967,4.07991,22.02,-13.526,23.351,-13.526,23.351,-13.536,4.225,1.00000,74.342,-10.272,31.183
[SHELL] ccB:256,2147517923,1,28.898,-27.943,-0.955,78.753,21.247,27.990,80.870,19.130,39.474
[SHELL] ccA:257,2517374723,473416,-0.650,31.777,0.000,35.000,4.12649,4.30673,21.96,-13.523,23.411,-13.523,23.411,-13.536,4.226,1.00000,74.342,8.972,32.371
[SHELL] ccB:257,20707,1,22.012,-32.981,10.970,78.941,28.484,21.059,78.753,21.247,27.990
[SHELL] ccA:258,2517484787,473417,1.680,32.521,0.000,35.000,4.35327,4.53356,22.08,-13.570,23.397,-13.570,23.397,-13.537,4.228,1.00000,74.342,-5.612,32.670
[SHELL] ccB:258,2147517909,1,32.559,-21.673,-10.885,81.017,40.399,18.983,78.941,28.484,21.059
[SHELL] ccA:259,2517594739,473418,-3.931,33.086,0.000,35.000,4.57818,4.75843,22.00,-13.456,23.387,-13.456,23.387,-13.535,4.229,1.00000,74.342,-2.251,33.501
[SHELL] ccB:259,20715,1,33.501,-18.701,-14.800,81.400,52.425,18.600,81.017,40.399,18.983
[SHELL] ccA:260,2517704727,473419,4.949,37.562,0.000,35.000,4.80867,4.98890,21.96,-13.636,23.296,-13.636,23.296,-13.537,4.227,1.00000,74.342,12.148,41.623
[SHELL] ccB:260,2147517939,1,42.598,-28.306,-14.292,80.199,65.182,19.801,81.400,52.425,18.600
[SHELL] ccA:261,2517814747,473420,0.539,35.102,0.000,35.000,5.03642,5.21666,22.00,-13.548,23.345,-13.548,23.345,-13.537,4.227,1.00000,74.342,-11.070,28.582
[SHELL] ccB:261,20719,1,23.570,5.184,-28.754,77.495,76.421,22.505,80.199,65.182,19.801
[SHELL] ccA:262,2517924743,473421,-2.887,29.556,0.000,35.000,5.25983,5.44011,21.99,-13.478,23.459,-13.478,23.459,-13.536,4.230,1.00000,74.342,5.295,30.531
[SHELL] ccB:262,2147517931,1,28.825,-4.566,-24.259,67.254,79.901,20.099,77.495,76.421,22.505
[SHELL] ccA:263,2518034719,473422,-1.309,31.064,0.000,35.000,5.48574,5.66599,22.00,-13.509,23.430,-13.509,23.430,-13.535,4.232,1.00000,74.342,-7.913,31.597
[SHELL] ccB:263,20705,1,17.082,15.477,-32.559,55.132,81.367,18.633,67.254,79.901,20.099
[SHELL] ccA:264,2518144743,473423,-8.053,31.536,0.000,35.000,5.71667,5.89695,22.05,-13.370,23.423,-13.370,23.423,-13.531,4.234,1.00000,74.342,-8.194,31.476
[SHELL] ccB:264,2147517931,1,9.979,21.819,-31.798,42.813,81.143,18.857,55.132,81.367,18.633
[SHELL] ccA:265,2518254679,473424,3.552,36.095,0.000,35.000,5.94234,6.12255,21.91,-13.604,23.331,-13.604,23.331,-13.533,4.233,1.00000,74.342,15.298,40.714
[SHELL] ccB:265,20685,1,28.028,14.788,-42.816,30.434,79.364,20.636,42.813,81.143,18.857
[SHELL] ccA:266,2518364707,473425,1.822,35.518,0.000,35.000,6.17078,0.06787,22.04,-13.570,23.342,-13.570,23.342,-13.534,4.233,1.00000,74.342,-11.654,30.321
[SHELL] ccB:266,2147517949,1,-8.180,31.315,-23.136,21.715,78.285,26.170,30.434,79.364,20.636
[SHELL] ccA:267,2518474567,473426,-3.068,32.241,0.000,35.000,0.12001,0.30023,21.88,-13.471,23.409,-13.471,23.409,-13.532,4.234,1.00000,74.342,5.518,34.161
[SHELL] ccB:267,20629,1,1.389,29.249,-30.638,19.329,80.671,37.853,21.715,78.285,26.170
[SHELL] ccA:268,2518584467,473427,2.238,36.819,0.000,35.000,0.34527,0.52554,21.78,-13.578,23.317,-13.578,23.317,-13.534,4.233,1.00000,74.342,-1.041,39.477
[SHELL] ccB:268,2147518069,1,-14.341,39.035,-24.694,18.568,81.432,50.309,19.329,80.671,37.853
[SHELL] ccA:269,2518706331,473428,-6.003,36.027,0.000,35.000,0.59209,0.78974,24.70,-13.410,23.332,-13.410,23.332,-13.531,4.233,1.00000,74.342,-10.966,32.577
[SHELL] ccB:269,26511,1,-27.280,31.750,-4.470,19.738,80.262,64.180,18.568,81.432,50.309
[SHELL] ccA:270,2518804975,473429,-0.339,36.148,0.000,35.000,0.77975,0.95999,22.18,-13.524,23.329,-13.524,23.329,-13.530,4.232,1.00000,74.342,10.287,39.718
[SHELL] ccB:270,2147517815,1,-20.611,41.029,-20.418,21.555,78.445,73.083,19.738,80.262,64.180
[SHELL] ccA:271,2518914899,473430,-4.538,34.730,0.000,35.000,1.02595,1.20619,22.12,-13.437,23.357,-13.437,23.357,-13.528,4.232,1.00000,74.342,-19.362,29.743
[SHELL] ccB:271,20795,1,-35.471,16.745,18.726,20.690,69.466,79.310,21.555,78.445,73.083
[SHELL] ctrlcap v1 armed=0 count=512 clock_hz=550000000 decimation=1
[SHELL] ccA:index,cycles,seq,id,iq,idref,iqref,theta,actangle,age_us,vdreq,vqreq,vd,vq,intd,intq,scale,bus,raw_id,raw_iq
[SHELL] ccB:index,timer,valid,ia,ib,ic,du,dv,dw,active_u,active_v,active_w
[SHELL] ccA:272,2519024907,473431,-12.037,31.844,0.000,35.000,1.25527,1.43554,22.15,-13.281,23.417,-13.281,23.417,-13.522,4.234,1.00000,74.342,-4.711,33.945
[SHELL] ccB:272,2147517849,1,-33.731,22.109,11.622,18.959,57.737,81.041,20.690,69.466,79.310
[SHELL] ccA:273,2519134903,473432,-2.355,35.922,0.000,35.000,1.48327,1.66351,22.13,-13.474,23.335,-13.474,23.335,-13.521,4.234,1.00000,74.342,0.001,37.900
[SHELL] ccB:273,20797,1,-37.754,21.747,16.008,18.746,44.964,81.254,18.959,57.737,81.041
[SHELL] ccA:274,2519244883,473433,-6.756,34.808,0.000,35.000,1.70633,1.88655,22.09,-13.382,23.357,-13.382,23.357,-13.518,4.234,1.00000,74.342,-13.513,31.716
[SHELL] ccB:274,2147517861,1,-29.600,-0.507,30.106,20.159,33.304,79.841,18.746,44.964,81.254
[SHELL] ccA:275,2519354883,473434,-3.185,33.194,0.000,35.000,1.93103,2.11126,22.15,-13.452,23.390,-13.452,23.390,-13.516,4.235,1.00000,73.902,7.142,34.672
[SHELL] ccB:275,20787,1,-34.964,12.686,22.278,23.340,22.379,77.621,20.159,33.304,79.841
[SHELL] ccA:276,2519464843,473435,-3.727,33.635,0.000,35.000,2.15672,2.33697,22.07,-13.440,23.382,-13.440,23.382,-13.514,4.235,1.00000,73.902,-14.597,32.598
[SHELL] ccB:276,2147517881,1,-19.089,-16.599,35.688,34.717,19.652,80.348,23.340,22.379,77.621
[SHELL] ccA:277,2519574823,473436,-9.551,36.238,0.000,35.000,2.38069,2.56089,22.01,-13.318,23.329,-13.318,23.329,-13.509,4.235,1.00000,74.342,-4.506,39.878
[SHELL] ccB:277,20757,1,-24.236,-15.584,39.820,46.643,18.766,81.234,34.717,19.652,80.348
[SHELL] ccA:278,2519685107,473437,0.960,41.722,0.000,35.000,2.61049,2.79074,22.07,-13.529,23.216,-13.529,23.216,-13.510,4.231,1.00000,74.342,6.426,43.566
[SHELL] ccB:278,2147517749,1,-27.606,-15.910,43.517,59.534,19.185,80.815,46.643,18.766,81.234
[SHELL] ccA:279,2519794271,473438,-1.197,39.296,0.000,35.000,2.84101,3.02125,21.56,-13.485,23.263,-13.485,23.263,-13.509,4.229,1.00000,74.342,-8.820,35.027
[SHELL] ccB:279,20481,1,-1.946,-30.263,32.209,71.378,21.211,78.789,59.534,19.185,80.815
[SHELL] ccA:280,2519904275,473439,2.820,36.185,0.000,35.000,3.07499,3.25521,21.55,-13.567,23.324,-13.567,23.324,-13.511,4.229,1.00000,74.342,14.461,37.343
[SHELL] ccB:280,2147518165,1,-16.914,-22.978,39.892,78.869,21.131,71.539,71.378,21.211,78.789
[SHELL] ccA:281,2520014263,473440,3.447,33.965,0.000,35.000,3.29259,3.47285,21.57,-13.581,23.369,-13.581,23.369,-13.512,4.229,1.00000,74.342,-7.566,30.586
[SHELL] ccB:281,20477,1,12.081,-31.242,19.161,80.923,19.077,60.272,78.869,21.131,71.539
[SHELL] ccA:282,2520124243,473441,-7.432,30.979,0.000,35.000,3.51512,3.69536,21.53,-13.360,23.431,-13.360,23.431,-13.509,4.231,1.00000,74.342,-7.297,31.373
[SHELL] ccB:282,2147518181,1,18.242,-32.111,13.869,81.411,18.589,48.652,80.923,19.077,60.272
[SHELL] ccA:283,2520234247,473442,-0.114,33.572,0.000,35.000,3.74158,3.92180,21.53,-13.506,23.380,-13.506,23.380,-13.509,4.232,1.00000,74.342,7.068,35.772
[SHELL] ccB:283,20469,1,14.364,-36.207,21.843,80.422,19.578,36.160,81.411,18.589,48.652
[SHELL] ccA:284,2520344307,473443,-2.588,33.048,0.000,35.000,3.97131,4.15155,21.59,-13.455,23.391,-13.455,23.391,-13.507,4.233,1.00000,73.902,-12.244,30.325
[SHELL] ccB:284,2147518149,1,30.638,-25.225,-5.413,77.979,22.021,24.476,80.422,19.578,36.160
[SHELL] ccA:285,2520454283,473444,-2.254,31.591,0.000,35.000,4.19187,4.37208,21.54,-13.461,23.422,-13.461,23.422,-13.506,4.234,1.00000,73.902,7.736,32.856
[SHELL] ccB:285,20487,1,24.657,-32.293,7.635,79.821,31.596,20.179,77.979,22.021,24.476
[SHELL] ccA:286,2520564383,473445,2.221,33.192,0.000,35.000,4.43357,4.61384,21.72,-13.552,23.391,-13.552,23.391,-13.507,4.235,1.00000,74.342,-3.294,33.527
[SHELL] ccB:286,2147518111,1,33.138,-21.818,-11.320,81.343,44.715,18.657,79.821,31.596,20.179
[SHELL] ccA:287,2520674307,473446,-2.768,32.714,0.000,35.000,4.64896,4.82919,21.59,-13.450,23.402,-13.450,23.402,-13.506,4.236,1.00000,74.342,-2.243,31.901
[SHELL] ccB:287,20499,1,31.979,-15.802,-16.177,81.236,56.242,18.764,81.343,44.715,18.657
[SHELL] ctrlcap v1 armed=0 count=512 clock_hz=550000000 decimation=1
[SHELL] ccA:index,cycles,seq,id,iq,idref,iqref,theta,actangle,age_us,vdreq,vqreq,vd,vq,intd,intq,scale,bus,raw_id,raw_iq
[SHELL] ccB:index,timer,valid,ia,ib,ic,du,dv,dw,active_u,active_v,active_w
[SHELL] ccA:288,2520784287,473447,5.485,36.081,0.000,35.000,4.87549,5.05578,21.59,-13.618,23.334,-13.618,23.334,-13.509,4.236,1.00000,74.342,13.213,40.262
[SHELL] ccB:288,2147518159,1,41.873,-26.566,-15.307,79.585,68.594,20.415,81.236,56.242,18.764
[SHELL] ccA:289,2520894351,473448,0.268,33.474,0.000,35.000,5.09524,5.27548,21.67,-13.514,23.387,-13.514,23.387,-13.509,4.237,1.00000,73.902,-12.677,26.686
[SHELL] ccB:289,20521,1,20.018,8.808,-28.826,75.498,78.021,21.979,79.585,68.594,20.415
[SHELL] ccA:290,2521004267,473449,-5.449,28.524,0.000,35.000,5.32788,5.50815,21.58,-13.397,23.489,-13.397,23.489,-13.506,4.240,1.00000,73.902,1.778,30.362
[SHELL] ccB:290,2147518169,1,25.817,1.015,-26.833,63.935,80.650,19.350,75.498,78.021,21.979
[SHELL] ccA:291,2521114231,473450,-0.828,32.623,0.000,35.000,5.55179,5.73203,21.53,-13.489,23.408,-13.489,23.408,-13.506,4.241,1.00000,74.342,-3.435,34.884
[SHELL] ccB:291,20461,1,20.743,14.100,-34.843,51.547,81.460,18.540,63.935,80.650,19.350
[SHELL] ccA:292,2521224315,473451,-4.725,33.559,0.000,35.000,5.78252,5.96280,21.65,-13.409,23.390,-13.409,23.390,-13.503,4.242,1.00000,74.342,-6.015,32.234
[SHELL] ccB:292,2147518145,1,10.196,21.892,-32.088,39.185,80.781,19.219,51.547,81.460,18.540
[SHELL] ccA:293,2521334231,473452,7.455,36.779,0.000,35.000,6.01238,6.19259,21.49,-13.656,23.325,-13.656,23.325,-13.507,4.241,1.00000,74.342,20.926,41.324
[SHELL] ccB:293,20461,1,31.218,14.027,-45.245,26.817,78.500,21.500,39.185,80.781,19.219
[SHELL] ccA:294,2521444311,473453,7.232,36.760,0.000,35.000,6.23655,0.13361,21.50,-13.655,23.324,-13.655,23.324,-13.511,4.240,1.00000,73.902,-6.462,32.197
[SHELL] ccB:294,2147518147,1,-4.954,30.590,-25.637,20.633,79.367,29.451,26.817,78.500,21.500
[SHELL] ccA:295,2521554395,473454,-0.788,33.532,0.000,35.000,0.17696,0.35720,21.71,-13.494,23.390,-13.494,23.390,-13.510,4.241,1.00000,73.902,4.885,34.868
[SHELL] ccB:295,20543,1,-1.329,31.134,-29.805,18.795,81.205,40.905,20.633,79.367,29.451
[SHELL] ccA:296,2521664311,473455,5.330,39.515,0.000,35.000,0.40163,0.58184,21.61,-13.619,23.268,-13.619,23.268,-13.513,4.239,1.00000,73.902,5.774,44.161
[SHELL] ccB:296,2147518147,1,-11.949,43.131,-31.182,18.471,81.529,53.511,18.795,81.205,40.905
[SHELL] ccA:297,2521774563,473456,-2.062,38.772,0.000,35.000,0.63229,0.81255,21.68,-13.471,23.281,-13.471,23.281,-13.512,4.237,1.00000,73.902,-9.899,33.384
[SHELL] ccB:297,20627,1,-27.715,32.113,-4.398,19.796,80.204,65.605,18.471,81.529,53.511
[SHELL] ccA:298,2521884695,473457,4.250,38.019,0.000,35.000,0.84529,1.02553,21.97,-13.599,23.294,-13.599,23.294,-13.514,4.235,1.00000,73.902,18.399,42.655
[SHELL] ccB:298,2147517955,1,-19.705,46.284,-26.579,22.363,77.637,76.571,19.796,80.204,65.605
[SHELL] ccA:299,2521994679,473458,4.689,38.332,0.000,35.000,1.07907,1.25931,21.93,-13.610,23.286,-13.610,23.286,-13.516,4.234,1.00000,73.902,-9.021,34.009
[SHELL] ccB:299,20685,1,-34.239,24.139,10.100,19.862,66.501,80.138,22.363,77.637,76.571
[SHELL] ccA:300,2522104687,473459,-2.606,35.796,0.000,35.000,1.29906,1.47929,21.94,-13.463,23.337,-13.463,23.337,-13.515,4.233,1.00000,74.342,3.808,37.582
[SHELL] ccB:300,2147517959,1,-35.181,29.503,5.678,18.747,54.986,81.253,19.862,66.501,80.138
[SHELL] ccA:301,2522214695,473460,7.673,38.981,0.000,35.000,1.52859,1.70883,21.93,-13.672,23.271,-13.672,23.271,-13.519,4.231,1.00000,74.342,11.539,40.380
[SHELL] ccB:301,20693,1,-39.857,31.388,8.469,18.891,42.098,81.109,18.747,54.986,81.253
[SHELL] ccA:302,2522324743,473461,3.365,36.764,0.000,35.000,1.74881,1.92905,21.99,-13.588,23.315,-13.588,23.315,-13.521,4.230,1.00000,74.342,-4.808,33.149
[SHELL] ccB:302,2147517931,1,-31.774,6.706,25.068,20.605,30.700,79.395,18.891,42.098,81.109
[SHELL] ccA:303,2522434783,473462,6.459,33.153,0.000,35.000,1.97796,2.15822,22.08,-13.653,23.388,-13.653,23.388,-13.524,4.231,1.00000,73.902,17.725,33.156
[SHELL] ccB:303,20737,1,-37.465,21.457,16.008,25.845,21.493,78.507,20.605,30.700,79.395
[SHELL] ctrlcap v1 armed=0 count=512 clock_hz=550000000 decimation=1
[SHELL] ccA:index,cycles,seq,id,iq,idref,iqref,theta,actangle,age_us,vdreq,vqreq,vd,vq,intd,intq,scale,bus,raw_id,raw_iq
[SHELL] ccB:index,timer,valid,ia,ib,ic,du,dv,dw,active_u,active_v,active_w
[SHELL] ccA:304,2522544723,473463,7.216,32.230,0.000,35.000,2.20540,2.38561,21.96,-13.672,23.408,-13.672,23.408,-13.527,4.233,1.00000,73.902,-3.293,31.304
[SHELL] ccB:304,2147517941,1,-23.257,-6.741,29.998,37.598,19.051,80.949,25.845,21.493,78.507
[SHELL] ccA:305,2522654703,473464,0.763,34.379,0.000,35.000,2.43412,2.61436,21.96,-13.543,23.365,-13.543,23.365,-13.528,4.233,1.00000,74.342,4.820,37.454
[SHELL] ccB:305,20697,1,-28.005,-7.937,35.942,49.895,18.540,81.460,37.598,19.051,80.949
[SHELL] ccA:306,2522764679,473465,13.194,39.664,0.000,35.000,2.66250,2.84273,21.93,-13.798,23.257,-13.798,23.257,-13.534,4.231,1.00000,74.342,21.569,41.874
[SHELL] ccB:306,2147517963,1,-38.443,-4.349,42.792,62.790,19.376,80.624,49.895,18.540,81.460
[SHELL] ccA:307,2522874711,473466,11.821,38.584,0.000,35.000,2.89340,3.07367,21.97,-13.777,23.277,-13.777,23.277,-13.540,4.229,1.00000,74.342,2.074,35.294
[SHELL] ccB:307,20701,1,-10.680,-23.848,34.528,74.546,21.858,78.142,62.790,19.376,80.624
[SHELL] ccA:308,2522984723,473467,13.002,36.259,0.000,35.000,3.11564,3.29586,21.97,-13.807,23.323,-13.807,23.323,-13.547,4.228,1.00000,74.342,23.930,37.225
[SHELL] ccB:308,2147517941,1,-24.888,-19.245,44.133,79.566,20.434,69.184,74.546,21.858,78.142
[SHELL] ccA:309,2523094715,473468,13.912,35.380,0.000,35.000,3.34136,3.52160,21.96,-13.832,23.340,-13.832,23.340,-13.554,4.228,1.00000,74.342,3.894,33.535
[SHELL] ccB:309,20703,1,2.839,-30.553,27.714,81.329,18.671,57.216,79.566,20.434,69.184
[SHELL] ccA:310,2523204707,473469,2.941,32.873,0.000,35.000,3.56640,3.74664,21.95,-13.614,23.391,-13.614,23.391,-13.555,4.229,1.00000,74.342,1.988,32.211
[SHELL] ccB:310,2147517949,1,11.465,-31.858,20.393,81.414,18.586,45.367,81.329,18.671,57.216
[SHELL] ccA:311,2523314727,473470,11.368,34.893,0.000,35.000,3.79471,3.97499,21.96,-13.788,23.351,-13.788,23.351,-13.561,4.229,1.00000,74.342,20.749,37.575
[SHELL] ccB:311,20709,1,6.354,-39.940,33.586,79.990,20.010,32.809,81.414,18.586,45.367
[SHELL] ccA:312,2523424667,473471,9.131,34.361,0.000,35.000,4.02825,4.20849,21.92,-13.748,23.362,-13.748,23.362,-13.565,4.229,1.00000,74.342,-2.486,31.146
[SHELL] ccB:312,2147517969,1,25.708,-28.233,2.525,77.778,23.990,22.222,79.990,20.010,32.809
[SHELL] ccA:313,2523534727,473472,6.401,31.963,0.000,35.000,4.25647,4.43674,22.03,-13.697,23.411,-13.697,23.411,-13.569,4.231,1.00000,74.342,15.287,32.779
[SHELL] ccB:313,20709,1,22.700,-35.736,13.036,80.453,35.408,19.547,77.778,23.990,22.222
[SHELL] ccA:314,2523644695,473473,9.977,35.956,0.000,35.000,4.48344,4.66367,21.95,-13.773,23.331,-13.773,23.331,-13.574,4.230,1.00000,74.342,4.667,39.133
[SHELL] ccB:314,2147517955,1,37.053,-30.154,-6.899,81.537,47.867,18.463,80.453,35.408,19.547
[SHELL] ccA:315,2523754667,473474,2.687,35.156,0.000,35.000,4.71517,4.89541,21.92,-13.629,23.347,-13.629,23.347,-13.575,4.230,1.00000,74.342,0.707,31.179
[SHELL] ccB:315,20679,1,31.181,-16.128,-15.053,80.938,60.184,19.062,81.537,47.867,18.463
[SHELL] ccA:316,2523864683,473475,10.176,36.596,0.000,35.000,4.93535,5.11558,21.93,-13.784,23.317,-13.784,23.317,-13.580,4.230,1.00000,74.342,19.645,42.012
[SHELL] ccB:316,2147517961,1,45.316,-31.205,-14.111,78.895,71.959,21.105,80.938,60.184,19.062
[SHELL] ccA:317,2523974739,473476,6.344,35.345,0.000,35.000,5.15589,5.33616,22.01,-13.710,23.342,-13.710,23.342,-13.583,4.229,1.00000,74.342,-6.957,28.677
[SHELL] ccB:317,20715,1,22.918,4.640,-27.558,72.070,78.846,21.154,78.895,71.959,21.105
[SHELL] ccA:318,2524084655,473477,-0.346,30.956,0.000,35.000,5.39551,5.57572,21.94,-13.576,23.432,-13.576,23.432,-13.583,4.231,1.00000,74.342,6.264,33.235
[SHELL] ccB:318,2147517975,1,29.732,-0.905,-28.826,59.908,81.024,18.976,72.070,78.846,21.154
[SHELL] ccA:319,2524194651,473478,6.452,36.428,0.000,35.000,5.61199,5.79229,21.95,-13.715,23.322,-13.715,23.322,-13.586,4.231,1.00000,74.342,6.640,39.620
[SHELL] ccB:319,20671,1,29.840,8.373,-38.213,47.778,81.492,18.508,59.908,81.024,18.976
[SHELL] ctrlcap v1 armed=0 count=512 clock_hz=550000000 decimation=1
[SHELL] ccA:index,cycles,seq,id,iq,idref,iqref,theta,actangle,age_us,vdreq,vqreq,vd,vq,intd,intq,scale,bus,raw_id,raw_iq
[SHELL] ccB:index,timer,valid,ia,ib,ic,du,dv,dw,active_u,active_v,active_w
[SHELL] ccA:320,2524304703,473479,2.117,36.124,0.000,35.000,5.84442,6.02464,22.00,-13.630,23.327,-13.630,23.327,-13.587,4.230,1.00000,74.342,-2.406,32.627
[SHELL] ccB:320,2147517951,1,11.682,20.623,-32.306,35.448,80.331,19.669,47.778,81.492,18.508
[SHELL] ccA:321,2524414639,473480,10.717,37.207,0.000,35.000,6.06848,6.24875,21.89,-13.807,23.304,-13.807,23.304,-13.593,4.229,1.00000,74.342,23.840,41.787
[SHELL] ccB:321,20665,1,32.196,14.861,-47.057,23.777,77.686,22.314,35.448,80.331,19.669
[SHELL] ccA:322,2524524555,473481,10.946,37.271,0.000,35.000,0.01874,0.19898,21.89,-13.817,23.302,-13.817,23.302,-13.598,4.228,1.00000,74.342,-1.948,32.756
[SHELL] ccB:322,2147518025,1,-2.562,29.612,-27.050,19.975,80.025,33.169,23.777,77.686,22.314
[SHELL] ccA:323,2524634439,473482,2.502,34.033,0.000,35.000,0.24748,0.42772,21.75,-13.649,23.367,-13.649,23.367,-13.599,4.228,1.00000,74.342,6.952,35.309
[SHELL] ccB:323,20565,1,-1.909,32.076,-30.167,18.605,81.395,45.048,19.975,80.025,33.169
[SHELL] ccA:324,2524744367,473483,9.629,38.459,0.000,35.000,0.47209,0.65233,21.67,-13.797,23.277,-13.797,23.277,-13.604,4.227,1.00000,74.342,12.305,41.609
[SHELL] ccB:324,2147518119,1,-7.962,40.920,-32.958,18.788,81.212,57.628,18.605,81.395,45.048
[SHELL] ccA:325,2524854567,473484,2.222,36.180,0.000,35.000,0.71421,0.89445,21.63,-13.650,23.322,-13.650,23.322,-13.605,4.226,1.00000,74.342,-7.862,30.752
[SHELL] ccB:325,20629,1,-26.084,28.706,-2.622,20.729,79.271,70.061,18.788,81.212,57.628
[SHELL] ccA:326,2524964815,473485,5.100,35.579,0.000,35.000,0.92805,1.10826,22.08,-13.710,23.334,-13.710,23.334,-13.608,4.226,1.00000,74.342,18.062,40.407
[SHELL] ccB:326,2147517895,1,-21.517,44.254,-22.737,21.680,73.993,78.320,20.729,79.271,70.061
[SHELL] ccA:327,2525074739,473486,4.735,36.313,0.000,35.000,1.15306,1.33330,21.99,-13.705,23.318,-13.705,23.318,-13.610,4.225,1.00000,74.342,-8.592,32.219
[SHELL] ccB:327,20715,1,-32.934,20.986,11.948,19.320,62.428,80.680,21.680,73.993,78.320
[SHELL] ccA:328,2525184759,473487,-4.267,32.975,0.000,35.000,1.38700,1.56791,22.02,-13.523,23.458,-13.523,23.458,-13.608,4.226,1.00000,74.342,0.059,33.730
[SHELL] ccB:328,2147517923,1,-33.152,21.964,11.187,18.459,50.193,81.541,19.320,62.428,80.680
[SHELL] ccA:329,2525294751,473488,7.447,35.670,0.000,35.000,1.60927,1.79018,22.00,-13.761,23.403,-13.761,23.403,-13.612,4.226,1.00000,74.342,14.836,37.610
[SHELL] ccB:329,20721,1,-38.153,30.663,7.490,19.187,37.654,80.813,18.459,50.193,81.541
[SHELL] ccA:330,2525404715,473489,3.300,34.007,0.000,35.000,1.83441,2.01533,22.00,-13.679,23.437,-13.679,23.437,-13.613,4.226,1.00000,74.342,-8.237,30.404
[SHELL] ccB:330,2147517945,1,-27.208,-0.144,27.352,21.524,26.220,78.476,19.187,37.654,80.813
[SHELL] ccA:331,2525514723,473490,2.130,31.227,0.000,35.000,2.06803,2.24894,21.97,-13.657,23.495,-13.657,23.495,-13.615,4.228,1.00000,74.342,12.498,32.050
[SHELL] ccB:331,20707,1,-34.130,13.338,20.792,30.371,20.441,79.559,21.524,26.220,78.476
[SHELL] ccA:332,2525624683,473491,4.544,33.634,0.000,35.000,2.29198,2.47286,21.93,-13.708,23.447,-13.708,23.447,-13.617,4.229,1.00000,74.342,-3.409,35.219
[SHELL] ccB:332,2147517961,1,-24.199,-10.256,34.456,42.369,18.669,81.331,30.371,20.441,79.559
[SHELL] ccA:333,2525734739,473492,-2.310,36.859,0.000,35.000,2.52422,2.70518,22.04,-13.569,23.382,-13.569,23.382,-13.616,4.228,1.00000,74.342,-1.210,38.498
[SHELL] ccB:333,20715,1,-21.300,-17.143,38.442,54.872,18.633,81.367,42.369,18.669,81.331
[SHELL] ccA:334,2525844671,473493,9.346,40.529,0.000,35.000,2.75344,2.93432,21.90,-13.807,23.305,-13.807,23.305,-13.620,4.225,1.00000,74.342,19.901,42.560
[SHELL] ccB:334,2147517967,1,-34.529,-10.329,44.858,67.585,20.122,79.878,54.872,18.633,81.367
[SHELL] ccA:335,2525954679,473494,7.890,38.856,0.000,35.000,2.98017,3.16108,21.93,-13.782,23.337,-13.782,23.337,-13.624,4.223,1.00000,74.342,-4.120,35.151
[SHELL] ccB:335,20685,1,-1.583,-29.828,31.411,77.794,22.206,75.942,67.585,20.122,79.878
[SHELL] ctrlcap v1 armed=0 count=512 clock_hz=550000000 decimation=1
[SHELL] ccA:index,cycles,seq,id,iq,idref,iqref,theta,actangle,age_us,vdreq,vqreq,vd,vq,intd,intq,scale,bus,raw_id,raw_iq
[SHELL] ccB:index,timer,valid,ia,ib,ic,du,dv,dw,active_u,active_v,active_w
[SHELL] ccA:336,2526064751,473495,4.666,36.223,0.000,35.000,3.21498,3.39594,22.05,-13.720,23.389,-13.720,23.389,-13.627,4.223,1.00000,74.342,13.451,37.295
[SHELL] ccB:336,2147517927,1,-10.680,-27.726,38.406,80.507,19.493,64.189,77.794,22.206,75.942
[SHELL] ccA:337,2526174779,473496,7.378,36.762,0.000,35.000,3.43883,3.61979,22.02,-13.778,23.377,-13.778,23.377,-13.630,4.222,1.00000,74.342,1.305,36.228
[SHELL] ccB:337,20735,1,9.362,-35.011,25.648,81.590,18.410,51.994,80.507,19.493,64.189
[SHELL] ccA:338,2526284783,473497,-3.339,34.691,0.000,35.000,3.65962,3.84053,22.00,-13.562,23.419,-13.562,23.419,-13.629,4.222,1.00000,74.342,-7.983,33.155
[SHELL] ccB:338,2147517911,1,23.353,-33.199,9.846,81.035,18.965,40.404,81.590,18.410,51.994
[SHELL] ccA:339,2526394831,473498,2.547,35.699,0.000,35.000,3.89857,4.07953,22.12,-13.681,23.398,-13.681,23.398,-13.630,4.221,1.00000,74.342,13.077,38.242
[SHELL] ccB:339,20761,1,16.756,-40.230,23.474,78.833,21.167,27.709,81.035,18.965,40.404
[SHELL] ccA:340,2526504755,473499,1.869,36.418,0.000,35.000,4.12195,4.30292,22.01,-13.668,23.383,-13.668,23.383,-13.631,4.221,1.00000,74.342,-9.339,34.594
[SHELL] ccB:340,2147517925,1,33.936,-26.929,-7.007,79.011,28.512,20.989,78.833,21.167,27.709
[SHELL] ccA:341,2526614747,473500,-2.996,35.832,0.000,35.000,4.34931,4.53022,22.00,-13.569,23.395,-13.569,23.395,-13.629,4.220,1.00000,74.342,3.346,37.070
[SHELL] ccB:341,20719,1,33.465,-30.843,-2.622,80.996,40.222,19.004,79.011,28.512,20.989
[SHELL] ccA:342,2526724799,473501,2.341,41.054,0.000,35.000,4.57708,4.75803,22.09,-13.677,23.287,-13.677,23.287,-13.631,4.217,1.00000,74.342,1.337,45.039
[SHELL] ccB:342,2147517903,1,44.447,-28.632,-15.815,81.416,52.892,18.584,80.996,40.222,19.004
[SHELL] ccA:343,2526834771,473502,-3.229,38.792,0.000,35.000,4.80803,4.98894,22.01,-13.564,23.331,-13.564,23.331,-13.629,4.215,1.00000,74.342,-7.795,32.546
[SHELL] ccB:343,20731,1,31.652,-6.415,-25.238,80.217,65.026,19.783,81.416,52.892,18.584
[SHELL] ccA:344,2526944755,473503,1.977,37.298,0.000,35.000,5.03153,5.21249,22.00,-13.669,23.359,-13.669,23.359,-13.630,4.214,1.00000,74.342,11.749,42.050
[SHELL] ccB:344,2147517925,1,43.613,-20.042,-23.571,77.578,76.466,22.422,80.217,65.026,19.783
[SHELL] ccA:345,2527054755,473504,-0.728,36.446,0.000,35.000,5.25804,5.43896,22.01,-13.615,23.376,-13.615,23.376,-13.630,4.214,1.00000,74.342,-13.205,30.843
[SHELL] ccB:345,20723,1,19.511,13.882,-33.393,67.005,79.945,20.055,77.578,76.466,22.422
[SHELL] ccA:346,2527164723,473505,-9.013,32.944,0.000,35.000,5.48922,5.67016,22.00,-13.445,23.447,-13.445,23.447,-13.625,4.215,1.00000,74.342,-4.821,35.046
[SHELL] ccB:346,2147517941,1,21.613,13.447,-35.060,55.031,81.351,18.649,67.005,79.945,20.055
[SHELL] ccA:347,2527274695,473506,-1.476,37.517,0.000,35.000,5.70928,5.89018,21.95,-13.595,23.354,-13.595,23.354,-13.624,4.213,1.00000,74.342,1.869,39.989
[SHELL] ccB:347,20693,1,23.280,16.564,-39.844,42.707,81.196,18.804,55.031,81.351,18.649
[SHELL] ccA:348,2527384707,473507,-4.720,36.576,0.000,35.000,5.94593,6.12687,21.95,-13.528,23.372,-13.528,23.372,-13.622,4.213,1.00000,74.342,-11.309,33.163
[SHELL] ccB:348,2147517949,1,0.302,30.192,-30.493,30.380,79.348,20.652,42.707,81.196,18.804
[SHELL] ccA:349,2527494663,473508,0.527,34.942,0.000,35.000,6.16798,0.06571,21.96,-13.633,23.405,-13.633,23.405,-13.622,4.213,1.00000,74.342,12.363,36.722
[SHELL] ccB:349,20677,1,16.503,22.109,-38.612,21.644,78.356,26.029,30.380,79.348,20.652
[SHELL] ccA:350,2527604567,473509,1.105,34.426,0.000,35.000,0.11697,0.29787,21.91,-13.645,23.415,-13.645,23.415,-13.623,4.213,1.00000,74.342,-10.153,32.130
[SHELL] ccB:350,2147518019,1,-13.834,33.526,-19.693,19.202,80.798,37.976,21.644,78.356,26.029
[SHELL] ccA:351,2527714471,473510,-7.107,33.972,0.000,35.000,0.34056,0.52144,21.76,-13.477,23.425,-13.477,23.425,-13.619,4.213,1.00000,74.342,-4.062,35.813
[SHELL] ccB:351,20581,1,-15.791,35.955,-20.164,18.518,81.482,49.800,19.202,80.798,37.976
[SHELL] ctrlcap v1 armed=0 count=512 clock_hz=550000000 decimation=1
[SHELL] ccA:index,cycles,seq,id,iq,idref,iqref,theta,actangle,age_us,vdreq,vqreq,vd,vq,intd,intq,scale,bus,raw_id,raw_iq
[SHELL] ccB:index,timer,valid,ia,ib,ic,du,dv,dw,active_u,active_v,active_w
[SHELL] ccA:352,2527824455,473511,3.499,40.332,0.000,35.000,0.56486,0.74578,21.74,-13.691,23.295,-13.691,23.295,-13.621,4.211,1.00000,74.342,11.059,44.851
[SHELL] ccB:352,2147518075,1,-14.667,45.269,-30.602,19.352,80.648,62.425,18.518,81.482,49.800
[SHELL] ccA:353,2527934939,473512,-0.553,38.710,0.000,35.000,0.79799,0.97888,22.16,-13.610,23.326,-13.610,23.326,-13.621,4.209,1.00000,73.902,-12.165,32.568
[SHELL] ccB:353,20815,1,-31.810,28.053,3.757,21.641,78.359,74.327,19.352,80.648,62.425
[SHELL] ccA:354,2528044823,473513,-1.304,34.173,0.000,35.000,1.01804,1.19895,22.06,-13.594,23.417,-13.594,23.417,-13.620,4.209,1.00000,73.902,9.557,35.777
[SHELL] ccB:354,2147517891,1,-25.432,36.027,-10.595,20.411,69.846,79.589,21.641,78.359,74.327
[SHELL] ccA:355,2528154847,473514,2.827,34.708,0.000,35.000,1.24468,1.42557,22.09,-13.678,23.406,-13.678,23.406,-13.621,4.209,1.00000,74.342,-3.902,33.638
[SHELL] ccB:355,20769,1,-33.115,22.689,10.426,18.728,57.631,81.272,20.411,69.846,79.589
[SHELL] ccA:356,2528264835,473515,-3.931,33.573,0.000,35.000,1.47713,1.65804,22.08,-13.541,23.430,-13.541,23.430,-13.619,4.210,1.00000,74.342,-3.960,33.508
[SHELL] ccB:356,2147517885,1,-33.731,16.165,17.566,18.597,45.219,81.403,18.728,57.631,81.272
[SHELL] ccA:357,2528374827,473516,5.817,35.627,0.000,35.000,1.70172,1.88263,22.06,-13.739,23.388,-13.739,23.388,-13.622,4.210,1.00000,74.342,15.594,37.745
[SHELL] ccB:357,20759,1,-39.458,28.851,10.607,19.999,32.817,80.001,18.597,45.219,81.403
[SHELL] ccA:358,2528484795,473517,2.017,34.467,0.000,35.000,1.93464,2.11556,22.05,-13.664,23.412,-13.664,23.412,-13.623,4.210,1.00000,74.342,-11.559,31.188
[SHELL] ccB:358,2147517905,1,-25.033,-6.451,31.484,23.886,22.254,77.746,19.999,32.817,80.001
[SHELL] ccA:359,2528594783,473518,-3.737,32.343,0.000,35.000,2.15124,2.33212,22.00,-13.547,23.455,-13.547,23.455,-13.621,4.211,1.00000,74.342,4.085,33.498
[SHELL] ccB:359,20737,1,-30.252,2.175,28.077,34.596,19.726,80.274,23.886,22.254,77.746
[SHELL] ccA:360,2528704763,473519,-0.492,35.091,0.000,35.000,2.38069,2.56157,21.99,-13.611,23.400,-13.611,23.400,-13.621,4.211,1.00000,74.342,-5.069,36.684
[SHELL] ccB:360,2147517921,1,-21.626,-15.222,36.848,47.096,18.509,81.491,34.596,19.726,80.274
[SHELL] ccA:361,2528814819,473520,-5.469,36.270,0.000,35.000,2.62198,2.80296,22.12,-13.509,23.376,-13.509,23.376,-13.619,4.211,1.00000,74.342,-5.869,35.857
[SHELL] ccB:361,20755,1,-12.710,-23.123,35.833,60.041,19.087,80.913,47.096,18.509,81.491
[SHELL] ccA:362,2528924767,473521,6.672,38.917,0.000,35.000,2.84057,3.02153,22.03,-13.755,23.321,-13.755,23.321,-13.622,4.209,1.00000,73.902,19.213,41.978
[SHELL] ccB:362,2147517919,1,-30.796,-14.388,45.184,72.049,20.937,79.063,60.041,19.087,80.913
[SHELL] ccA:363,2529034759,473522,5.135,36.295,0.000,35.000,3.06725,3.24816,22.01,-13.727,23.373,-13.727,23.373,-13.624,4.208,1.00000,73.902,-8.943,30.613
[SHELL] ccB:363,20725,1,6.644,-30.335,23.691,79.137,20.863,71.910,72.049,20.937,79.063
[SHELL] ccA:364,2529144827,473523,-2.662,32.511,0.000,35.000,3.29282,3.47379,22.12,-13.570,23.450,-13.570,23.450,-13.623,4.209,1.00000,74.342,3.619,34.409
[SHELL] ccB:364,2147517889,1,1.606,-30.734,29.128,80.991,19.009,60.346,79.137,20.863,71.910
[SHELL] ccA:365,2529254779,473524,2.689,36.485,0.000,35.000,3.51639,3.69736,22.02,-13.678,23.370,-13.678,23.370,-13.624,4.209,1.00000,74.342,1.759,38.561
[SHELL] ccB:365,20735,1,12.479,-37.874,25.395,81.521,18.479,47.919,80.991,19.009,60.346
[SHELL] ccA:366,2529364799,473525,-4.010,35.517,0.000,35.000,3.74968,3.93056,21.99,-13.542,23.389,-13.542,23.389,-13.622,4.208,1.00000,74.342,-9.780,32.473
[SHELL] ccB:366,2147517903,1,26.578,-31.531,4.953,80.372,19.628,35.633,81.521,18.479,47.919
[SHELL] ccA:367,2529474807,473526,2.459,34.974,0.000,35.000,3.96957,4.15048,22.07,-13.673,23.400,-13.673,23.400,-13.624,4.208,1.00000,74.342,14.697,37.475
[SHELL] ccB:367,20749,1,17.662,-40.158,22.495,77.849,22.151,24.241,80.372,19.628,35.633
[SHELL] ctrlcap v1 armed=0 count=512 clock_hz=550000000 decimation=1
[SHELL] ccA:index,cycles,seq,id,iq,idref,iqref,theta,actangle,age_us,vdreq,vqreq,vd,vq,intd,intq,scale,bus,raw_id,raw_iq
[SHELL] ccB:index,timer,valid,ia,ib,ic,du,dv,dw,active_u,active_v,active_w
[SHELL] ccA:368,2529584763,473527,3.590,35.360,0.000,35.000,4.20076,4.38167,22.01,-13.697,23.392,-13.697,23.392,-13.625,4.208,1.00000,74.342,-7.516,33.244
[SHELL] ccB:368,2147517921,1,32.667,-24.754,-7.913,79.929,32.557,20.071,77.849,22.151,24.241
[SHELL] ccA:369,2529694743,473528,-2.458,34.762,0.000,35.000,4.42988,4.61079,22.00,-13.575,23.404,-13.575,23.404,-13.624,4.208,1.00000,74.342,2.600,36.280
[SHELL] ccB:369,20717,1,34.117,-27.980,-6.137,81.362,44.572,18.638,79.929,32.557,20.071
[SHELL] ccA:370,2529804751,473529,4.241,39.544,0.000,35.000,4.66602,4.84693,22.01,-13.711,23.306,-13.711,23.306,-13.626,4.206,1.00000,74.342,5.882,42.808
[SHELL] ccB:370,2147517927,1,42.489,-28.052,-14.437,81.179,57.760,18.821,81.362,44.572,18.638
[SHELL] ccA:371,2529914759,473530,-1.492,35.620,0.000,35.000,4.88622,5.06717,22.01,-13.596,23.384,-13.596,23.384,-13.626,4.206,1.00000,74.342,-8.867,28.432
[SHELL] ccB:371,20725,1,26.470,-1.413,-25.057,79.515,69.115,20.485,81.179,57.760,18.821
[SHELL] ccA:372,2530024755,473531,0.280,30.107,0.000,35.000,5.10910,5.29002,22.00,-13.631,23.497,-13.631,23.497,-13.626,4.208,1.00000,74.342,9.427,31.783
[SHELL] ccB:372,2147517925,1,32.957,-13.373,-19.584,74.700,78.250,21.750,79.515,69.115,20.485
[SHELL] ccA:373,2530134739,473532,-1.147,30.825,0.000,35.000,5.33973,5.52070,22.00,-13.602,23.485,-13.602,23.485,-13.625,4.210,1.00000,74.342,-11.722,29.868
[SHELL] ccB:373,20715,1,17.300,14.752,-32.052,62.884,80.728,19.272,74.700,78.250,21.750
[SHELL] ccA:374,2530244679,473533,-7.178,32.743,0.000,35.000,5.56579,5.74667,21.92,-13.478,23.447,-13.478,23.447,-13.622,4.211,1.00000,74.342,-2.634,35.618
[SHELL] ccB:374,2147517963,1,21.432,14.027,-35.459,50.808,81.502,18.498,62.884,80.728,19.272
[SHELL] ccA:375,2530354735,473534,4.407,37.612,0.000,35.000,5.79523,5.97614,21.96,-13.712,23.349,-13.712,23.349,-13.624,4.210,1.00000,73.902,11.448,39.606
[SHELL] ccB:375,20713,1,28.680,11.309,-39.989,37.794,80.938,19.062,50.808,81.502,18.498
[SHELL] ccA:376,2530464675,473535,1.830,35.825,0.000,35.000,6.01914,6.20006,21.92,-13.661,23.384,-13.661,23.384,-13.625,4.210,1.00000,73.902,-7.788,32.043
[SHELL] ccB:376,2147517965,1,0.845,28.126,-28.971,26.308,78.637,21.363,37.794,80.938,19.062
[SHELL] ccA:377,2530574627,473536,3.172,33.942,0.000,35.000,6.25533,0.15306,21.96,-13.690,23.422,-13.690,23.422,-13.626,4.210,1.00000,74.342,14.132,35.842
[SHELL] ccB:377,20659,1,15.125,23.124,-38.249,20.481,79.519,30.450,26.308,78.637,21.363
[SHELL] ccA:378,2530684527,473537,4.936,35.493,0.000,35.000,0.19662,0.37756,21.85,-13.727,23.391,-13.727,23.391,-13.629,4.210,1.00000,73.902,-4.259,35.144
[SHELL] ccB:378,2147518039,1,-11.043,34.650,-23.607,18.524,81.476,42.376,20.481,79.519,30.450
[SHELL] ccA:379,2530794467,473538,-4.882,35.468,0.000,35.000,0.41804,0.59895,21.76,-13.529,23.391,-13.529,23.391,-13.626,4.210,1.00000,73.902,-5.504,35.791
[SHELL] ccB:379,20579,1,-19.560,36.172,-16.612,18.426,81.574,54.170,18.524,81.476,42.376
[SHELL] ccA:380,2530904671,473539,5.361,40.679,0.000,35.000,0.65489,0.83580,21.73,-13.736,23.284,-13.736,23.284,-13.629,4.207,1.00000,74.342,16.226,45.567
[SHELL] ccB:380,2147517967,1,-14.885,47.299,-32.414,20.122,79.878,67.241,18.426,81.574,54.170
[SHELL] ccA:381,2531014867,473540,2.647,39.848,0.000,35.000,0.87381,1.05472,22.13,-13.683,23.298,-13.683,23.298,-13.630,4.204,1.00000,73.902,-10.933,34.130
[SHELL] ccB:381,20779,1,-33.188,28.307,4.881,22.345,76.708,77.655,20.122,79.878,67.241
[SHELL] ccA:382,2531124815,473541,-2.664,35.212,0.000,35.000,1.10914,1.29005,22.05,-13.576,23.391,-13.576,23.391,-13.629,4.204,1.00000,73.902,5.604,36.294
[SHELL] ccB:382,2147517895,1,-29.998,33.345,-3.347,19.528,65.090,80.472,22.345,76.708,77.655
[SHELL] ccA:383,2531234815,473542,2.717,35.915,0.000,35.000,1.33167,1.51258,22.05,-13.685,23.377,-13.685,23.377,-13.630,4.204,1.00000,73.902,-0.170,35.536
[SHELL] ccB:383,20753,1,-34.565,24.429,10.136,18.301,52.869,81.699,19.528,65.090,80.472
[SHELL] ctrlcap v1 armed=0 count=512 clock_hz=550000000 decimation=1
[SHELL] ccA:index,cycles,seq,id,iq,idref,iqref,theta,actangle,age_us,vdreq,vqreq,vd,vq,intd,intq,scale,bus,raw_id,raw_iq
[SHELL] ccB:index,timer,valid,ia,ib,ic,du,dv,dw,active_u,active_v,active_w
[SHELL] ccA:384,2531344827,473543,-2.892,34.512,0.000,35.000,1.56604,1.74693,22.07,-13.571,23.405,-13.571,23.405,-13.629,4.204,1.00000,74.342,-5.613,33.488
[SHELL] ccB:384,2147517889,1,-33.514,12.034,21.480,18.981,40.335,81.019,18.301,52.869,81.699
[SHELL] ccA:385,2531454819,473544,5.474,35.138,0.000,35.000,1.79260,1.97351,22.05,-13.741,23.392,-13.741,23.392,-13.632,4.204,1.00000,74.342,16.562,36.788
[SHELL] ccB:385,20755,1,-39.530,26.749,12.782,21.018,28.168,78.982,18.981,40.335,81.019
[SHELL] ccA:386,2531564827,473545,2.436,34.627,0.000,35.000,2.03190,2.21286,22.11,-13.682,23.403,-13.682,23.403,-13.633,4.204,1.00000,74.342,-11.691,32.465
[SHELL] ccB:386,2147517889,1,-23.873,-9.640,33.513,28.715,20.910,79.090,21.018,28.168,78.982
[SHELL] ccA:387,2531674783,473546,-6.171,33.945,0.000,35.000,2.24766,2.42863,22.02,-13.506,23.417,-13.506,23.417,-13.630,4.205,1.00000,74.342,-0.651,35.425
[SHELL] ccB:387,20737,1,-27.208,-6.052,33.260,39.710,19.074,80.926,28.715,20.910,79.090
[SHELL] ccA:388,2531784755,473547,-1.391,37.982,0.000,35.000,2.47688,2.65782,22.01,-13.601,23.335,-13.601,23.335,-13.629,4.203,1.00000,74.342,-2.130,40.539
[SHELL] ccB:388,2147517925,1,-23.329,-17.106,40.436,52.395,18.567,81.433,39.710,19.074,80.926
[SHELL] ccA:389,2531894811,473548,-6.290,37.209,0.000,35.000,2.69806,2.87903,22.10,-13.500,23.349,-13.500,23.349,-13.626,4.202,1.00000,74.342,-10.450,33.878
[SHELL] ccB:389,20751,1,-5.099,-27.835,32.933,64.077,19.650,80.350,52.395,18.567,81.433
[SHELL] ccA:390,2532004763,473549,1.367,36.990,0.000,35.000,2.92436,3.10532,22.02,-13.654,23.352,-13.654,23.352,-13.627,4.201,1.00000,74.342,13.184,40.103
[SHELL] ccB:390,2147517921,1,-21.517,-20.695,42.212,75.823,22.237,77.763,64.077,19.650,80.350
[SHELL] ccA:391,2532114751,473550,1.889,35.438,0.000,35.000,3.15670,3.33761,21.99,-13.665,23.383,-13.665,23.383,-13.628,4.201,1.00000,74.342,-9.406,30.773
[SHELL] ccB:391,20721,1,9.870,-31.459,21.589,79.926,20.074,67.309,75.823,22.237,77.763
[SHELL] ccA:392,2532224767,473551,-4.179,32.298,0.000,35.000,3.38549,3.56641,22.02,-13.542,23.447,-13.542,23.447,-13.625,4.202,1.00000,74.342,1.047,33.824
[SHELL] ccB:392,2147517919,1,7.152,-32.220,25.068,81.389,18.611,55.380,79.926,20.074,67.309
[SHELL] ccA:393,2532334795,473552,3.000,35.012,0.000,35.000,3.61664,3.79765,22.08,-13.687,23.393,-13.687,23.393,-13.627,4.202,1.00000,74.342,4.952,36.200
[SHELL] ccB:393,20743,1,12.153,-35.917,23.764,81.272,18.728,42.464,81.389,18.611,55.380
[SHELL] ccA:394,2532444763,473553,-2.650,33.628,0.000,35.000,3.84151,4.02242,22.02,-13.573,23.421,-13.573,23.421,-13.626,4.203,1.00000,74.342,-10.252,31.057
[SHELL] ccB:394,2147517921,1,27.847,-28.777,0.930,79.526,20.474,30.818,81.272,18.728,42.464
[SHELL] ccA:395,2532554823,473554,-0.678,31.254,0.000,35.000,4.06388,4.24483,22.12,-13.612,23.471,-13.612,23.471,-13.625,4.205,1.00000,73.902,8.897,31.450
[SHELL] ccB:395,20757,1,19.692,-32.438,12.746,78.410,25.275,21.590,79.526,20.474,30.818
[SHELL] ccA:396,2532664727,473555,1.087,31.485,0.000,35.000,4.29585,4.47676,21.97,-13.648,23.468,-13.648,23.468,-13.626,4.207,1.00000,73.902,-6.722,31.519
[SHELL] ccB:396,2147517939,1,31.544,-21.492,-10.052,80.957,37.304,19.043,78.410,25.275,21.590
[SHELL] ccA:397,2532774791,473556,-3.634,33.010,0.000,35.000,4.52060,4.70155,22.09,-13.551,23.438,-13.551,23.438,-13.624,4.208,1.00000,73.902,-0.546,34.500
[SHELL] ccB:397,20741,1,33.972,-22.217,-11.755,81.725,49.438,18.275,80.957,37.304,19.043
[SHELL] ccA:398,2532884743,473557,5.357,38.557,0.000,35.000,4.75658,4.93749,21.99,-13.734,23.326,-13.734,23.326,-13.627,4.206,1.00000,74.342,11.260,42.613
[SHELL] ccB:398,2147517931,1,43.069,-29.647,-13.422,80.676,62.644,19.324,81.725,49.438,18.275
[SHELL] ccA:399,2532994751,473558,0.965,35.874,0.000,35.000,4.98178,5.16273,22.00,-13.646,23.379,-13.646,23.379,-13.627,4.205,1.00000,74.342,-9.330,29.134
[SHELL] ccB:399,20721,1,25.600,1.704,-27.304,78.325,74.008,21.675,80.676,62.644,19.324
[SHELL] ctrlcap v1 armed=0 count=512 clock_hz=550000000 decimation=1
[SHELL] ccA:index,cycles,seq,id,iq,idref,iqref,theta,actangle,age_us,vdreq,vqreq,vd,vq,intd,intq,scale,bus,raw_id,raw_iq
[SHELL] ccB:index,timer,valid,ia,ib,ic,du,dv,dw,active_u,active_v,active_w
[SHELL] ccA:400,2533104735,473559,-0.674,30.352,0.000,35.000,5.21097,5.39189,21.99,-13.613,23.492,-13.613,23.492,-13.627,4.208,1.00000,74.342,7.983,31.570
[SHELL] ccB:400,2147517935,1,31.544,-8.770,-22.773,69.610,79.533,20.467,78.325,74.008,21.675
[SHELL] ccA:401,2533214719,473560,-0.788,31.449,0.000,35.000,5.43449,5.61546,21.99,-13.611,23.471,-13.611,23.471,-13.626,4.210,1.00000,74.342,-9.559,31.328
[SHELL] ccB:401,20705,1,17.191,15.549,-32.740,57.760,81.288,18.712,69.610,79.533,20.467
[SHELL] ccA:402,2533324727,473561,-9.000,31.952,0.000,35.000,5.66129,5.84217,21.95,-13.442,23.463,-13.442,23.463,-13.622,4.211,1.00000,74.342,-8.442,32.577
[SHELL] ccB:402,2147517939,1,12.117,21.131,-33.248,45.681,81.401,18.599,57.760,81.288,18.712
[SHELL] ccA:403,2533434679,473562,1.772,36.160,0.000,35.000,5.89033,6.07124,21.95,-13.658,23.378,-13.658,23.378,-13.623,4.210,1.00000,74.342,11.986,39.744
[SHELL] ccB:403,20685,1,26.288,14.679,-40.968,32.981,79.971,20.029,45.681,81.401,18.599
[SHELL] ccA:404,2533544723,473563,-0.279,34.815,0.000,35.000,6.11213,0.00982,21.90,-13.617,23.405,-13.617,23.405,-13.623,4.211,1.00000,74.342,-12.544,29.885
[SHELL] ccB:404,2147517941,1,-7.273,30.989,-23.716,22.477,77.523,23.307,32.981,79.971,20.029
[SHELL] ccA:405,2533654607,473564,-3.331,31.593,0.000,35.000,0.06495,0.24586,21.89,-13.554,23.471,-13.554,23.471,-13.621,4.212,1.00000,73.902,5.882,33.302
[SHELL] ccB:405,20649,1,3.708,27.256,-30.964,19.454,80.546,34.922,22.477,77.523,23.307
[SHELL] ccA:406,2533764499,473565,1.377,34.232,0.000,35.000,0.29172,0.47260,21.78,-13.649,23.419,-13.649,23.419,-13.622,4.213,1.00000,73.902,-3.128,35.162
[SHELL] ccB:406,2147518053,1,-13.109,34.940,-21.831,18.270,81.730,47.421,19.454,80.546,34.922
[SHELL] ccA:407,2533874479,473566,-6.097,34.393,0.000,35.000,0.52242,0.70336,21.73,-13.497,23.416,-13.497,23.416,-13.619,4.213,1.00000,73.902,-9.066,33.624
[SHELL] ccB:407,20585,1,-24.634,33.635,-9.001,18.834,81.166,59.769,18.270,81.730,47.421
[SHELL] ccA:408,2533984951,473567,3.766,38.559,0.000,35.000,0.76074,0.94166,22.17,-13.696,23.331,-13.696,23.331,-13.621,4.211,1.00000,74.342,16.597,43.493
[SHELL] ccB:408,2147517827,1,-17.965,46.175,-28.210,21.292,78.708,72.522,18.834,81.166,59.769
[SHELL] ccA:409,2534094963,473568,2.517,38.364,0.000,35.000,0.97781,1.15870,22.21,-13.672,23.333,-13.672,23.333,-13.622,4.209,1.00000,73.902,-11.562,33.234
[SHELL] ccB:409,20827,1,-34.021,24.791,9.230,20.881,71.662,79.119,21.292,78.708,72.522
[SHELL] ccA:410,2534204895,473569,-6.447,34.403,0.000,35.000,1.21140,1.39231,22.12,-13.490,23.413,-13.490,23.413,-13.619,4.210,1.00000,73.902,-1.331,35.572
[SHELL] ccB:410,2147517855,1,-33.768,26.640,7.128,18.844,59.785,81.156,20.881,71.662,79.119
[SHELL] ccA:411,2534314915,473570,-1.201,36.640,0.000,35.000,1.43383,1.61474,22.15,-13.594,23.367,-13.594,23.367,-13.618,4.209,1.00000,73.902,-1.071,37.708
[SHELL] ccB:411,20803,1,-37.501,22.291,15.210,18.356,47.409,81.644,18.844,59.785,81.156
[SHELL] ccA:412,2534424875,473571,-7.526,35.033,0.000,35.000,1.67316,1.85407,22.12,-13.464,23.399,-13.464,23.399,-13.614,4.209,1.00000,73.902,-13.981,32.357
[SHELL] ccB:412,2147517865,1,-30.759,0.472,30.288,19.612,34.762,80.388,18.356,47.409,81.644
[SHELL] ccA:413,2534534875,473572,-2.667,33.655,0.000,35.000,1.88816,2.06907,22.13,-13.560,23.427,-13.560,23.427,-13.613,4.210,1.00000,73.902,8.647,34.953
[SHELL] ccB:413,20783,1,-35.906,15.622,20.284,22.153,23.691,77.847,19.612,34.762,80.388
[SHELL] ccA:414,2534644863,473573,-4.668,34.034,0.000,35.000,2.11290,2.29381,22.10,-13.517,23.420,-13.517,23.420,-13.611,4.210,1.00000,73.902,-17.983,33.115
[SHELL] ccB:414,2147517871,1,-19.089,-18.592,37.681,32.509,19.964,80.036,22.153,23.691,77.847
[SHELL] ccA:415,2534754843,473574,-12.656,35.226,0.000,35.000,2.34670,2.52762,22.07,-13.351,23.396,-13.351,23.396,-13.604,4.210,1.00000,73.902,-7.329,37.337
[SHELL] ccB:415,20767,1,-21.517,-16.418,37.935,44.791,18.576,81.424,32.509,19.964,80.036
[SHELL] ctrlcap v1 armed=0 count=512 clock_hz=550000000 decimation=1
[SHELL] ccA:index,cycles,seq,id,iq,idref,iqref,theta,actangle,age_us,vdreq,vqreq,vd,vq,intd,intq,scale,bus,raw_id,raw_iq
[SHELL] ccB:index,timer,valid,ia,ib,ic,du,dv,dw,active_u,active_v,active_w
[SHELL] ccA:416,2534865215,473575,-1.809,40.762,0.000,35.000,2.56891,2.74985,22.19,-13.567,23.283,-13.567,23.283,-13.603,4.207,1.00000,74.342,3.710,44.187
[SHELL] ccB:416,2147517695,1,-27.063,-16.889,43.952,57.365,18.898,81.102,44.791,18.576,81.424
[SHELL] ccA:417,2534974247,473576,-3.091,39.390,0.000,35.000,2.79686,2.97777,21.55,-13.540,23.308,-13.540,23.308,-13.602,4.205,1.00000,73.902,-9.892,34.593
[SHELL] ccB:417,20469,1,-2.381,-29.901,32.281,69.399,20.464,79.536,57.365,18.898,81.102
[SHELL] ccA:418,2535084251,473577,2.419,36.279,0.000,35.000,3.02887,3.20983,21.55,-13.651,23.370,-13.651,23.370,-13.603,4.204,1.00000,73.902,14.730,37.966
[SHELL] ccB:418,2147518177,1,-18.908,-21.782,40.690,78.555,21.445,73.908,69.399,20.464,79.536
[SHELL] ccA:419,2535196675,473578,3.810,34.756,0.000,35.000,3.25844,3.45660,24.49,-13.681,23.400,-13.681,23.400,-13.605,4.204,1.00000,73.902,-7.111,31.546
[SHELL] ccB:419,21683,1,10.740,-31.785,21.045,81.111,18.889,61.099,78.555,21.445,73.908
[SHELL] ccA:420,2535304275,473579,-4.934,32.177,0.000,35.000,3.48243,3.66334,21.56,-13.504,23.453,-13.504,23.453,-13.602,4.206,1.00000,73.902,-2.758,32.809
[SHELL] ccB:420,2147518165,1,13.567,-32.764,19.197,81.714,18.286,50.167,81.111,18.889,61.099
[SHELL] ccA:421,2535414247,473580,1.406,34.607,0.000,35.000,3.70694,3.88785,21.53,-13.631,23.405,-13.631,23.405,-13.603,4.206,1.00000,73.902,5.570,36.405
[SHELL] ccB:421,20469,1,14.799,-36.606,21.807,80.929,19.071,37.657,81.714,18.286,50.167
[SHELL] ccA:422,2535524347,473581,-4.874,33.315,0.000,35.000,3.93675,4.11769,21.68,-13.503,23.432,-13.503,23.432,-13.601,4.207,1.00000,73.902,-15.318,30.224
[SHELL] ccB:422,2147518129,1,32.305,-25.008,-7.297,78.513,21.487,26.040,80.929,19.071,37.657
[SHELL] ccA:423,2535634287,473582,-5.016,31.256,0.000,35.000,4.16766,4.34858,21.56,-13.498,23.475,-13.498,23.475,-13.598,4.209,1.00000,73.902,5.287,32.288
[SHELL] ccB:423,20489,1,24.875,-30.843,5.968,79.635,30.352,20.365,78.513,21.487,26.040
[SHELL] ccA:424,2535744271,473583,0.550,32.590,0.000,35.000,4.38976,4.57064,21.50,-13.609,23.449,-13.609,23.449,-13.598,4.210,1.00000,73.902,-4.186,32.892
[SHELL] ccB:424,2147518167,1,32.522,-21.854,-10.668,81.463,42.349,18.537,79.635,30.352,20.365
[SHELL] ccA:425,2535854331,473584,-3.774,33.221,0.000,35.000,4.61524,4.79617,21.66,-13.521,23.437,-13.521,23.437,-13.597,4.211,1.00000,73.902,-3.361,33.551
[SHELL] ccB:425,20511,1,33.718,-16.780,-16.938,81.598,54.577,18.402,81.463,42.349,18.537
[SHELL] ccA:426,2535964295,473585,4.940,38.229,0.000,35.000,4.84288,5.02385,21.59,-13.698,23.336,-13.698,23.336,-13.599,4.209,1.00000,73.902,13.242,42.907
[SHELL] ccB:426,2147518155,1,44.265,-28.668,-15.597,80.113,67.207,19.887,81.598,54.577,18.402
[SHELL] ccA:427,2536074307,473586,1.176,35.973,0.000,35.000,5.06651,5.24741,21.58,-13.623,23.380,-13.623,23.380,-13.600,4.209,1.00000,73.902,-10.890,29.039
[SHELL] ccB:427,20499,1,23.461,5.836,-29.297,76.726,77.703,22.297,80.113,67.207,19.887
[SHELL] ccA:428,2536184351,473587,-1.843,30.279,0.000,35.000,5.30200,5.48362,21.67,-13.562,23.568,-13.562,23.568,-13.599,4.211,1.00000,73.902,7.205,31.518
[SHELL] ccB:428,2147518127,1,30.203,-5.110,-25.093,65.114,80.646,19.354,76.726,77.703,22.297
[SHELL] ccA:429,2536294239,473588,2.706,33.286,0.000,35.000,5.52607,5.70766,21.53,-13.654,23.509,-13.654,23.509,-13.600,4.212,1.00000,73.902,-1.792,35.053
[SHELL] ccB:429,20465,1,22.773,11.744,-34.516,52.721,81.820,18.180,65.114,80.646,19.354
[SHELL] ccA:430,2536404235,473589,-3.724,33.747,0.000,35.000,5.74437,5.92596,21.53,-13.524,23.500,-13.524,23.500,-13.598,4.213,1.00000,73.902,-5.657,32.441
[SHELL] ccB:430,2147518185,1,11.791,20.732,-32.523,40.962,81.342,18.658,52.721,81.820,18.180
[SHELL] ccA:431,2536514243,473590,6.949,37.078,0.000,35.000,5.98453,6.16611,21.53,-13.741,23.432,-13.741,23.432,-13.602,4.212,1.00000,73.902,19.555,41.716
[SHELL] ccB:431,20467,1,30.964,14.063,-45.027,27.857,79.152,20.848,40.962,81.342,18.658
[SHELL] ctrlcap v1 armed=0 count=512 clock_hz=550000000 decimation=1
[SHELL] ccA:index,cycles,seq,id,iq,idref,iqref,theta,actangle,age_us,vdreq,vqreq,vd,vq,intd,intq,scale,bus,raw_id,raw_iq
[SHELL] ccB:index,timer,valid,ia,ib,ic,du,dv,dw,active_u,active_v,active_w
[SHELL] ccA:432,2536624331,473591,6.672,37.657,0.000,35.000,6.20204,0.10044,21.50,-13.738,23.419,-13.738,23.419,-13.605,4.210,1.00000,73.902,-6.212,33.597
[SHELL] ccB:432,2147518137,1,-3.468,31.170,-27.703,20.899,79.101,27.718,27.857,79.152,20.848
[SHELL] ccA:433,2536734387,473592,1.846,35.590,0.000,35.000,0.15367,0.33526,21.70,-13.643,23.460,-13.643,23.460,-13.606,4.210,1.00000,73.902,9.904,37.584
[SHELL] ccB:433,20539,1,4.035,31.460,-35.495,18.741,81.259,39.856,20.899,79.101,27.718
[SHELL] ccA:434,2536844331,473593,9.142,41.696,0.000,35.000,0.37332,0.55491,21.65,-13.793,23.335,-13.793,23.335,-13.611,4.207,1.00000,73.902,8.379,45.808
[SHELL] ccB:434,2147518137,1,-8.904,44.037,-35.133,18.262,81.738,52.286,18.741,81.259,39.856
[SHELL] ccA:435,2536954495,473594,1.209,40.428,0.000,35.000,0.60272,0.78430,21.57,-13.635,23.358,-13.635,23.358,-13.611,4.204,1.00000,73.902,-5.961,35.049
[SHELL] ccB:435,20593,1,-24.779,34.469,-9.689,19.416,80.584,64.404,18.262,81.738,52.286
[SHELL] ccA:436,2537064723,473595,8.775,39.992,0.000,35.000,0.83120,1.01278,21.99,-13.791,23.364,-13.791,23.364,-13.616,4.201,1.00000,74.342,23.511,44.935
[SHELL] ccB:436,2147517941,1,-17.349,49.945,-32.595,22.246,77.754,76.188,19.416,80.584,64.404
[SHELL] ccA:437,2537174675,473596,8.800,39.978,0.000,35.000,1.05710,1.23868,21.93,-13.796,23.362,-13.796,23.362,-13.620,4.199,1.00000,74.342,-5.912,35.020
[SHELL] ccB:437,20683,1,-33.405,27.147,6.258,20.022,67.339,79.978,22.246,77.754,76.188
[SHELL] ccA:438,2537284655,473597,-0.417,36.012,0.000,35.000,1.27946,1.46105,21.91,-13.611,23.441,-13.611,23.441,-13.620,4.198,1.00000,73.902,5.078,37.003
[SHELL] ccB:438,2147517975,1,-33.985,30.409,3.576,18.418,55.890,81.582,20.022,67.339,79.978
[SHELL] ccA:439,2537394679,473598,8.421,37.020,0.000,35.000,1.51363,1.69522,21.93,-13.792,23.419,-13.792,23.419,-13.624,4.197,1.00000,73.902,11.763,37.037
[SHELL] ccB:439,20685,1,-36.305,30.156,6.149,18.432,42.681,81.568,18.418,55.890,81.582
[SHELL] ccA:440,2537504763,473599,3.166,33.801,0.000,35.000,1.73775,1.91940,22.02,-13.689,23.484,-13.689,23.484,-13.625,4.198,1.00000,73.902,-5.431,30.565
[SHELL] ccB:440,2147517921,1,-29.237,5.582,23.655,20.107,30.939,79.893,18.432,42.681,81.568
[SHELL] ccA:441,2537614751,473600,5.918,32.057,0.000,35.000,1.96595,2.14753,22.02,-13.747,23.521,-13.747,23.521,-13.628,4.199,1.00000,73.902,17.266,33.548
[SHELL] ccB:441,20721,1,-37.610,21.421,16.189,25.197,21.467,78.533,20.107,30.939,79.893
[SHELL] ccA:442,2537724703,473601,5.899,33.855,0.000,35.000,2.19200,2.37359,21.96,-13.749,23.485,-13.749,23.485,-13.631,4.200,1.00000,73.902,-5.467,34.162
[SHELL] ccB:442,2147517951,1,-24.598,-8.770,33.368,36.958,19.011,80.989,25.197,21.467,78.533
[SHELL] ccA:443,2537834727,473602,-1.206,36.637,0.000,35.000,2.42061,2.60222,21.96,-13.607,23.429,-13.607,23.429,-13.631,4.199,1.00000,73.902,3.055,39.112
[SHELL] ccB:443,20709,1,-28.114,-9.640,37.754,49.273,18.253,81.747,36.958,19.011,80.989
[SHELL] ccA:444,2537944703,473603,11.259,41.602,0.000,35.000,2.64510,2.82670,21.96,-13.862,23.326,-13.862,23.326,-13.636,4.196,1.00000,74.342,19.464,44.093
[SHELL] ccB:444,2147517951,1,-38.117,-6.487,44.604,62.016,19.162,80.838,49.273,18.253,81.747
[SHELL] ccA:445,2538054767,473604,10.458,40.427,0.000,35.000,2.87723,3.05879,22.05,-13.851,23.347,-13.851,23.347,-13.642,4.193,1.00000,74.342,1.451,36.762
[SHELL] ccB:445,20729,1,-11.007,-24.899,35.905,73.955,21.561,78.439,62.016,19.162,80.838
[SHELL] ccA:446,2538164751,473605,13.780,38.282,0.000,35.000,3.10536,3.28696,22.03,-13.924,23.388,-13.924,23.388,-13.649,4.192,1.00000,74.342,26.109,39.802
[SHELL] ccB:446,2147517927,1,-27.534,-19.861,47.395,79.621,20.379,69.595,73.955,21.561,78.439
[SHELL] ccA:447,2538274691,473606,16.732,37.781,0.000,35.000,3.33582,3.51738,21.91,-13.992,23.397,-13.992,23.397,-13.657,4.190,1.00000,74.342,7.355,35.760
[SHELL] ccB:447,20691,1,-0.315,-31.459,31.774,81.479,18.521,57.264,79.621,20.379,69.595
[SHELL] ctrlcap v1 armed=0 count=512 clock_hz=550000000 decimation=1
[SHELL] ccA:index,cycles,seq,id,iq,idref,iqref,theta,actangle,age_us,vdreq,vqreq,vd,vq,intd,intq,scale,bus,raw_id,raw_iq
[SHELL] ccB:index,timer,valid,ia,ib,ic,du,dv,dw,active_u,active_v,active_w
[SHELL] ccA:448,2538384707,473607,6.048,34.182,0.000,35.000,3.56497,3.74656,21.97,-13.781,23.469,-13.781,23.469,-13.660,4.191,1.00000,73.902,4.741,32.604
[SHELL] ccB:448,2147517949,1,9.073,-31.966,22.894,81.768,18.232,45.106,81.479,18.521,57.264
[SHELL] ccA:449,2538494719,473608,12.934,34.967,0.000,35.000,3.79334,3.97490,21.93,-13.925,23.454,-13.925,23.454,-13.666,4.191,1.00000,73.902,21.126,37.329
[SHELL] ccB:449,20705,1,5.847,-39.723,33.876,80.322,19.678,32.485,81.768,18.232,45.106
[SHELL] ccA:450,2538604699,473609,8.057,34.395,0.000,35.000,4.01749,4.19911,21.95,-13.832,23.465,-13.832,23.465,-13.670,4.191,1.00000,73.902,-5.013,31.461
[SHELL] ccB:450,2147517953,1,27.376,-27.798,0.423,77.947,23.288,22.053,80.322,19.678,32.485
[SHELL] ccA:451,2538714755,473610,2.991,32.584,0.000,35.000,4.24607,4.42761,22.03,-13.732,23.503,-13.732,23.503,-13.672,4.192,1.00000,74.342,10.996,33.708
[SHELL] ccB:451,20723,1,25.165,-34.214,9.049,80.478,34.842,19.522,77.947,23.288,22.053
[SHELL] ccA:452,2538824667,473611,7.037,36.567,0.000,35.000,4.46910,4.65065,21.90,-13.816,23.422,-13.816,23.422,-13.675,4.191,1.00000,74.342,3.078,39.427
[SHELL] ccB:452,2147517969,1,37.524,-29.574,-7.950,81.635,47.126,18.365,80.478,34.842,19.522
[SHELL] ccA:453,2538934663,473612,2.408,36.232,0.000,35.000,4.70761,4.88919,21.92,-13.725,23.428,-13.725,23.428,-13.677,4.191,1.00000,74.342,1.739,33.038
[SHELL] ccB:453,20677,1,33.030,-18.158,-14.872,81.102,59.977,18.898,81.635,47.126,18.365
[SHELL] ccA:454,2539044751,473613,11.452,38.668,0.000,35.000,4.93608,5.11771,22.05,-13.911,23.378,-13.911,23.378,-13.682,4.189,1.00000,74.342,21.165,44.298
[SHELL] ccB:454,2147517927,1,47.890,-33.307,-14.582,78.955,72.307,21.045,81.102,59.977,18.898
[SHELL] ccA:455,2539154671,473614,9.071,37.614,0.000,35.000,5.16422,5.34578,21.91,-13.868,23.398,-13.868,23.398,-13.687,4.188,1.00000,74.342,-3.024,30.930
[SHELL] ccB:455,20681,1,26.506,0.798,-27.304,71.490,79.154,20.846,78.955,72.307,21.045
[SHELL] ccA:456,2539264651,473615,2.584,31.946,0.000,35.000,5.38985,5.57140,21.91,-13.740,23.512,-13.740,23.512,-13.688,4.189,1.00000,74.342,8.192,32.963
[SHELL] ccB:456,2147517977,1,30.819,-3.044,-27.775,59.996,81.195,18.805,71.490,79.154,20.846
[SHELL] ccA:457,2539374711,473616,6.842,36.049,0.000,35.000,5.61713,5.79870,22.00,-13.828,23.430,-13.828,23.430,-13.692,4.189,1.00000,74.342,5.492,39.136
[SHELL] ccB:457,20701,1,28.499,9.460,-37.960,47.328,81.656,18.344,59.996,81.195,18.805
[SHELL] ccA:458,2539484615,473617,0.539,35.415,0.000,35.000,5.84791,6.02949,21.86,-13.703,23.442,-13.703,23.442,-13.692,4.188,1.00000,74.342,-4.414,31.695
[SHELL] ccB:458,2147517993,1,9.362,21.819,-31.182,35.108,80.441,19.559,47.328,81.656,18.344
[SHELL] ccA:459,2539594631,473618,8.381,35.711,0.000,35.000,6.07063,6.25219,21.89,-13.864,23.436,-13.864,23.436,-13.696,4.188,1.00000,74.342,21.175,39.728
[SHELL] ccB:459,20661,1,29.079,15.223,-44.302,23.506,77.789,22.211,35.108,80.441,19.559
[SHELL] ccA:460,2539704567,473619,8.490,35.559,0.000,35.000,0.02192,0.20350,21.91,-13.870,23.439,-13.870,23.439,-13.700,4.188,1.00000,74.342,-4.194,31.390
[SHELL] ccB:460,2147518019,1,-4.881,29.539,-24.658,19.779,80.221,33.270,23.506,77.789,22.211
[SHELL] ccA:461,2539814415,473620,0.530,34.101,0.000,35.000,0.24595,0.42754,21.72,-13.711,23.468,-13.711,23.468,-13.701,4.188,1.00000,74.342,5.254,36.811
[SHELL] ccB:461,20553,1,-3.867,33.961,-30.095,18.468,81.532,45.021,19.779,80.221,33.270
[SHELL] ccA:462,2539924383,473621,8.618,40.491,0.000,35.000,0.47442,0.65600,21.69,-13.877,23.338,-13.877,23.338,-13.705,4.185,1.00000,74.342,11.981,44.172
[SHELL] ccB:462,2147518111,1,-9.521,43.529,-34.009,18.703,81.297,57.930,18.468,81.532,45.021
[SHELL] ccA:463,2540034583,473622,2.461,38.085,0.000,35.000,0.69989,0.88147,21.63,-13.755,23.385,-13.755,23.385,-13.706,4.184,1.00000,74.342,-7.060,31.998
[SHELL] ccB:463,20637,1,-26.011,30.264,-4.253,20.489,79.511,69.590,18.703,81.297,57.930
[SHELL] ctrlcap v1 armed=0 count=512 clock_hz=550000000 decimation=1
[SHELL] ccA:index,cycles,seq,id,iq,idref,iqref,theta,actangle,age_us,vdreq,vqreq,vd,vq,intd,intq,scale,bus,raw_id,raw_iq
[SHELL] ccB:index,timer,valid,ia,ib,ic,du,dv,dw,active_u,active_v,active_w
[SHELL] ccA:464,2540144795,473623,7.146,35.949,0.000,35.000,0.92947,1.11102,22.05,-13.853,23.427,-13.853,23.427,-13.710,4.183,1.00000,74.342,21.352,39.899
[SHELL] ccB:464,2147517905,1,-19.198,45.088,-25.890,21.443,73.854,78.557,20.489,79.511,69.590
[SHELL] ccA:465,2540254747,473624,8.445,36.516,0.000,35.000,1.16159,1.34317,21.99,-13.883,23.415,-13.883,23.415,-13.714,4.183,1.00000,74.342,-4.462,33.133
[SHELL] ccB:465,20719,1,-32.173,23.958,8.215,19.027,61.773,80.973,21.443,73.854,78.557
[SHELL] ccA:466,2540364771,473625,-0.038,33.382,0.000,35.000,1.38533,1.56697,22.03,-13.713,23.478,-13.713,23.478,-13.714,4.183,1.00000,74.342,4.386,33.631
[SHELL] ccB:466,2147517917,1,-32.245,25.226,7.019,18.326,49.934,81.674,19.027,61.773,80.973
[SHELL] ccA:467,2540474743,473626,11.131,35.261,0.000,35.000,1.61953,1.80108,21.99,-13.942,23.440,-13.942,23.440,-13.719,4.183,1.00000,74.342,17.876,36.891
[SHELL] ccB:467,20717,1,-37.718,32.765,4.953,19.164,36.745,80.836,18.326,49.934,81.674
[SHELL] ccA:468,2540584783,473627,6.033,33.950,0.000,35.000,1.85397,2.03562,22.11,-13.843,23.467,-13.843,23.467,-13.722,4.184,1.00000,74.342,-5.810,31.008
[SHELL] ccB:468,2147517911,1,-28.150,1.740,26.410,21.762,24.898,78.238,19.164,36.745,80.836
[SHELL] ccA:469,2540694711,473628,3.220,31.542,0.000,35.000,2.07850,2.26011,21.98,-13.788,23.517,-13.788,23.517,-13.724,4.186,1.00000,74.342,12.250,32.075
[SHELL] ccB:469,20701,1,-33.985,12.758,21.227,31.078,20.181,79.819,21.762,24.898,78.238
[SHELL] ccA:470,2540804699,473629,3.603,33.179,0.000,35.000,2.30402,2.48567,21.97,-13.798,23.485,-13.798,23.485,-13.726,4.186,1.00000,74.342,-5.045,34.284
[SHELL] ccB:470,2147517953,1,-22.097,-12.069,34.166,43.162,18.516,81.484,31.078,20.181,79.819
[SHELL] ccA:471,2540914699,473630,-4.961,35.404,0.000,35.000,2.52971,2.71132,21.95,-13.624,23.441,-13.624,23.441,-13.723,4.186,1.00000,74.342,-4.878,36.524
[SHELL] ccB:471,20695,1,-16.987,-19.825,36.811,55.256,18.562,81.438,43.162,18.516,81.484
[SHELL] ccA:472,2541024675,473631,6.976,39.651,0.000,35.000,2.77102,2.95260,21.93,-13.866,23.353,-13.866,23.353,-13.727,4.184,1.00000,74.342,18.829,42.777
[SHELL] ccB:472,2147517965,1,-33.043,-12.105,45.148,68.628,20.245,79.755,55.256,18.562,81.438
[SHELL] ccA:473,2541147247,473632,7.158,39.472,0.000,35.000,3.00384,3.20310,24.86,-13.874,23.355,-13.874,23.355,-13.730,4.182,1.00000,74.342,-4.514,36.167
[SHELL] ccB:473,26969,1,-0.496,-31.314,31.810,78.499,21.501,73.824,68.628,20.245,79.755
[SHELL] ccA:474,2541244683,473633,2.336,36.466,0.000,35.000,3.19718,3.37882,21.94,-13.778,23.414,-13.778,23.414,-13.732,4.181,1.00000,74.342,9.185,36.765
[SHELL] ccB:474,2147517961,1,-7.128,-28.668,35.797,80.432,19.568,65.047,78.499,21.501,73.824
[SHELL] ccA:475,2541354759,473634,3.068,35.512,0.000,35.000,3.45482,3.63641,22.01,-13.795,23.433,-13.795,23.433,-13.733,4.181,1.00000,74.342,-3.050,34.259
[SHELL] ccB:475,20725,1,13.458,-34.141,20.683,81.670,18.330,51.115,80.432,19.568,65.047
[SHELL] ccA:476,2541464847,473635,-5.396,32.735,0.000,35.000,3.68380,3.86542,22.15,-13.623,23.490,-13.623,23.490,-13.730,4.182,1.00000,74.342,-7.742,31.210
[SHELL] ccB:476,2147517879,1,22.736,-31.060,8.324,80.988,19.012,38.999,81.670,18.330,51.115
[SHELL] ccA:477,2541574747,473636,3.135,34.067,0.000,35.000,3.91726,4.09885,22.00,-13.795,23.463,-13.795,23.463,-13.732,4.182,1.00000,74.342,14.012,36.924
[SHELL] ccB:477,20719,1,15.850,-39.251,23.401,78.666,21.334,26.531,80.988,19.012,38.999
[SHELL] ccA:478,2541684771,473637,1.948,35.278,0.000,35.000,4.13662,4.31824,22.01,-13.772,23.439,-13.772,23.439,-13.733,4.182,1.00000,74.342,-10.116,33.633
[SHELL] ccB:478,2147517917,1,33.718,-25.370,-8.348,79.333,29.322,20.667,78.666,21.334,26.531
[SHELL] ccA:479,2541794759,473638,-3.733,34.911,0.000,35.000,4.37333,4.55488,22.00,-13.657,23.446,-13.657,23.446,-13.731,4.182,1.00000,74.342,2.650,36.189
[SHELL] ccB:479,20725,1,33.247,-29.212,-4.035,81.236,41.619,18.764,79.333,29.322,20.667
[SHELL] ctrlcap v1 armed=0 count=512 clock_hz=550000000 decimation=1
[SHELL] ccA:index,cycles,seq,id,iq,idref,iqref,theta,actangle,age_us,vdreq,vqreq,vd,vq,intd,intq,scale,bus,raw_id,raw_iq
[SHELL] ccB:index,timer,valid,ia,ib,ic,du,dv,dw,active_u,active_v,active_w
[SHELL] ccA:480,2541904759,473639,1.783,40.145,0.000,35.000,4.60012,4.78176,22.01,-13.768,23.339,-13.768,23.339,-13.732,4.180,1.00000,74.342,0.916,44.102
[SHELL] ccB:480,2147517923,1,43.722,-26.929,-16.793,81.469,54.300,18.531,81.236,41.619,18.764
[SHELL] ccA:481,2542014751,473640,-4.511,37.464,0.000,35.000,4.82773,5.00930,22.00,-13.640,23.391,-13.640,23.391,-13.730,4.178,1.00000,74.342,-9.939,30.827
[SHELL] ccB:481,20721,1,29.478,-3.116,-26.362,80.123,66.209,19.877,81.469,54.300,18.531
[SHELL] ccA:482,2542124751,473641,0.302,32.086,0.000,35.000,5.05475,5.23637,22.01,-13.736,23.501,-13.736,23.501,-13.730,4.180,1.00000,74.342,10.544,33.346
[SHELL] ccB:482,2147517927,1,34.951,-16.382,-18.569,77.189,77.552,22.448,80.123,66.209,19.877
[SHELL] ccA:483,2542234763,473642,-1.678,32.035,0.000,35.000,5.28675,5.46834,22.01,-13.696,23.503,-13.696,23.503,-13.729,4.181,1.00000,74.342,-13.900,30.724
[SHELL] ccB:483,20727,1,18.242,15.441,-33.683,65.549,80.390,19.610,77.189,77.552,22.448
[SHELL] ccA:484,2542344695,473643,-9.865,33.504,0.000,35.000,5.50485,5.68644,21.95,-13.527,23.474,-13.527,23.474,-13.724,4.182,1.00000,74.342,-5.830,36.284
[SHELL] ccB:484,2147517955,1,21.323,15.259,-36.582,54.041,81.475,18.525,65.549,80.390,19.610
[SHELL] ccA:485,2542454691,473644,-1.215,38.816,0.000,35.000,5.73637,5.91795,21.92,-13.699,23.366,-13.699,23.366,-13.724,4.180,1.00000,74.342,3.400,41.348
[SHELL] ccB:485,20691,1,24.404,16.854,-41.258,41.021,81.124,18.876,54.041,81.475,18.525
[SHELL] ccA:486,2542564683,473645,-4.075,36.644,0.000,35.000,5.96576,6.14737,21.95,-13.640,23.409,-13.640,23.409,-13.722,4.179,1.00000,74.342,-11.549,31.939
[SHELL] ccB:486,2147517961,1,-1.003,29.902,-28.899,29.127,79.170,20.830,41.021,81.124,18.876
[SHELL] ccA:487,2542674663,473646,0.859,34.800,0.000,35.000,6.19681,0.09519,21.95,-13.739,23.446,-13.739,23.446,-13.722,4.179,1.00000,74.342,13.267,37.661
[SHELL] ccB:487,20677,1,16.466,23.269,-39.735,21.120,78.880,27.545,29.127,79.170,20.830
[SHELL] ccA:488,2542784539,473647,3.019,35.917,0.000,35.000,0.14622,0.32778,21.82,-13.784,23.423,-13.784,23.423,-13.723,4.179,1.00000,74.342,-7.228,34.174
[SHELL] ccB:488,2147518033,1,-12.130,34.432,-22.302,18.895,81.105,39.777,21.120,78.880,27.545
[SHELL] ccA:489,2542894635,473648,-5.853,35.059,0.000,35.000,0.37210,0.55373,21.91,-13.603,23.440,-13.603,23.440,-13.721,4.179,1.00000,73.902,-4.479,35.944
[SHELL] ccB:489,20663,1,-17.240,36.208,-18.968,18.257,81.743,51.781,18.895,81.105,39.777
[SHELL] ccA:490,2543004671,473649,4.451,40.486,0.000,35.000,0.59668,0.77826,21.74,-13.812,23.329,-13.812,23.329,-13.723,4.176,1.00000,74.342,13.381,45.029
[SHELL] ccB:490,2147517967,1,-14.232,45.885,-31.653,19.525,80.475,64.359,18.257,81.743,51.781
[SHELL] ccA:491,2543114859,473650,0.356,38.919,0.000,35.000,0.82937,1.01095,22.12,-13.730,23.358,-13.730,23.358,-13.723,4.174,1.00000,74.342,-12.669,32.809
[SHELL] ccB:491,20775,1,-32.753,27.473,5.279,22.228,77.772,75.977,19.525,80.475,64.359
[SHELL] ccA:492,2543224827,473651,-3.362,34.352,0.000,35.000,1.05192,1.23350,22.06,-13.654,23.450,-13.654,23.450,-13.721,4.175,1.00000,74.342,5.945,35.895
[SHELL] ccB:492,2147517889,1,-28.222,33.997,-5.775,20.132,67.929,79.868,22.228,77.772,75.977
[SHELL] ccA:493,2543334851,473652,0.509,34.889,0.000,35.000,1.28083,1.46241,22.08,-13.732,23.439,-13.732,23.439,-13.722,4.175,1.00000,74.342,-4.927,33.882
[SHELL] ccB:493,20771,1,-33.876,21.240,12.637,18.519,55.583,81.481,20.132,67.929,79.868
[SHELL] ccA:494,2543444839,473653,-5.269,33.297,0.000,35.000,1.50615,1.68773,22.09,-13.614,23.472,-13.614,23.472,-13.719,4.175,1.00000,74.342,-5.612,32.712
[SHELL] ccB:494,2147517883,1,-33.007,13.483,19.523,18.614,43.505,81.386,18.519,55.583,81.481
[SHELL] ccA:495,2543554831,473654,4.352,34.414,0.000,35.000,1.73524,1.91682,22.08,-13.808,23.450,-13.808,23.450,-13.721,4.176,1.00000,74.342,14.316,36.116
[SHELL] ccB:495,20761,1,-37.972,26.096,11.876,20.271,30.935,79.729,18.614,43.505,81.386
[SHELL] ctrlcap v1 armed=0 count=512 clock_hz=550000000 decimation=1
[SHELL] ccA:index,cycles,seq,id,iq,idref,iqref,theta,actangle,age_us,vdreq,vqreq,vd,vq,intd,intq,scale,bus,raw_id,raw_iq
[SHELL] ccB:index,timer,valid,ia,ib,ic,du,dv,dw,active_u,active_v,active_w
[SHELL] ccA:496,2543664799,473655,0.785,32.588,0.000,35.000,1.96588,2.14744,22.05,-13.737,23.488,-13.737,23.488,-13.721,4.177,1.00000,74.342,-12.745,29.060
[SHELL] ccB:496,2147517903,1,-21.916,-8.915,30.831,25.384,21.667,78.333,20.271,30.935,79.729
[SHELL] ccA:497,2543774779,473656,-5.674,31.564,0.000,35.000,2.18640,2.36803,22.03,-13.605,23.510,-13.605,23.510,-13.719,4.179,1.00000,74.342,1.397,34.069
[SHELL] ccB:497,20735,1,-28.621,-1.739,30.360,36.496,19.333,80.667,25.384,21.667,78.333
[SHELL] ccA:498,2543884779,473657,-0.634,36.033,0.000,35.000,2.41482,2.59640,22.03,-13.706,23.420,-13.706,23.420,-13.718,4.178,1.00000,74.342,-2.664,37.998
[SHELL] ccB:498,2147517913,1,-23.257,-14.497,37.754,49.140,18.393,81.607,36.496,19.333,80.667
[SHELL] ccA:499,2543994783,473658,-4.229,36.420,0.000,35.000,2.65019,2.83175,21.99,-13.632,23.411,-13.632,23.411,-13.716,4.177,1.00000,74.342,-5.793,34.841
[SHELL] ccB:499,20737,1,-11.333,-23.304,34.637,61.792,19.184,80.816,49.140,18.393,81.607
[SHELL] ccA:500,2544104859,473659,7.395,38.621,0.000,35.000,2.87435,3.05596,22.09,-13.868,23.366,-13.868,23.366,-13.720,4.176,1.00000,74.342,20.583,42.402
[SHELL] ccB:500,2147517873,1,-31.049,-15.186,46.235,73.846,21.499,78.501,61.792,19.184,80.816
[SHELL] ccA:501,2544214759,473660,7.607,37.363,0.000,35.000,3.10710,3.28870,22.00,-13.876,23.390,-13.876,23.390,-13.724,4.174,1.00000,74.342,-5.370,32.324
[SHELL] ccB:501,20725,1,4.252,-30.263,26.011,79.598,20.402,69.569,73.846,21.499,78.501
[SHELL] ccA:502,2544324755,473661,-0.418,33.181,0.000,35.000,3.33771,3.51930,22.00,-13.715,23.474,-13.715,23.474,-13.723,4.175,1.00000,74.342,4.533,34.037
[SHELL] ccB:502,2147517925,1,2.186,-30.770,28.584,81.358,18.642,57.694,79.598,20.402,69.569
[SHELL] ccA:503,2544434787,473662,4.169,35.909,0.000,35.000,3.56170,3.74328,22.03,-13.809,23.419,-13.809,23.419,-13.726,4.175,1.00000,74.342,3.804,37.781
[SHELL] ccB:503,20739,1,11.936,-37.186,25.250,81.550,18.450,45.219,81.358,18.642,57.694
[SHELL] ccA:504,2544544811,473663,-2.920,35.598,0.000,35.000,3.78381,3.96543,22.03,-13.666,23.425,-13.666,23.425,-13.724,4.175,1.00000,74.342,-9.645,33.415
[SHELL] ccB:504,2147517897,1,27.738,-32.039,4.301,80.137,19.863,33.581,81.550,18.450,45.219
[SHELL] ccA:505,2544654759,473664,0.826,34.672,0.000,35.000,4.01686,4.19846,22.01,-13.741,23.444,-13.741,23.444,-13.725,4.175,1.00000,74.342,11.296,35.928
[SHELL] ccB:505,20725,1,20.344,-37.620,17.276,77.668,23.359,22.332,80.137,19.863,33.581
[SHELL] ccA:506,2544764823,473665,1.701,34.857,0.000,35.000,4.25867,4.44029,22.12,-13.759,23.440,-13.759,23.440,-13.725,4.175,1.00000,74.342,-7.893,33.786
[SHELL] ccB:506,2147517891,1,33.827,-23.594,-10.233,80.558,35.642,19.442,77.668,23.359,22.332
[SHELL] ccA:507,2544874747,473666,-4.799,35.960,0.000,35.000,4.47317,4.65473,21.96,-13.627,23.418,-13.627,23.418,-13.723,4.174,1.00000,74.342,-1.705,38.133
[SHELL] ccB:507,20719,1,37.451,-25.116,-12.335,81.516,47.036,18.484,80.558,35.642,19.442
[SHELL] ccA:508,2544984807,473667,2.381,38.862,0.000,35.000,4.70147,4.88309,22.09,-13.772,23.358,-13.772,23.358,-13.724,4.172,1.00000,74.342,6.466,39.590
[SHELL] ccB:508,2147517899,1,39.517,-25.732,-13.785,81.078,59.786,18.922,81.516,47.036,18.484
[SHELL] ccA:509,2545094739,473668,-3.325,34.845,0.000,35.000,4.93457,5.11616,21.98,-13.656,23.438,-13.656,23.438,-13.723,4.173,1.00000,74.342,-13.116,30.100
[SHELL] ccB:509,20715,1,26.470,3.589,-30.058,79.009,71.703,20.991,81.078,59.786,18.922
[SHELL] ccA:510,2545204751,473669,-2.528,30.901,0.000,35.000,5.16255,5.34412,22.01,-13.671,23.519,-13.671,23.519,-13.721,4.175,1.00000,74.342,8.061,31.702
[SHELL] ccB:510,2147517927,1,32.051,-10.365,-21.686,72.007,79.031,20.969,79.009,71.703,20.991
[SHELL] ccA:511,2545314731,473670,-1.064,31.434,0.000,35.000,5.38915,5.57073,22.01,-13.699,23.510,-13.699,23.510,-13.721,4.176,1.00000,74.342,-10.189,31.166
[SHELL] ccB:511,20711,1,17.916,14.824,-32.740,60.091,81.158,18.842,72.007,79.031,20.969
