[SHELL] ctrlcap v1 armed=0 count=512 clock_hz=550000000 decimation=1
[SHELL] ccA:index,cycles,seq,id,iq,idref,iqref,theta,actangle,age_us,vdreq,vqreq,vd,vq,intd,intq,scale,bus
[SHELL] ccB:index,timer,valid,ia,ib,ic,du,dv,dw,active_u,active_v,active_w
[SHELL] ccA:0,627826444,489297,-8.394,-15.965,0.000,-35.000,1.28866,1.11244,16.53,-5.363,-26.183,-4.972,-24.277,-5.529,-7.107,0.92720,74.342
[SHELL] ccB:0,19229,1,12.997,-17.330,4.332,78.598,21.402,56.818,78.737,21.263,45.260
[SHELL] ccA:1,627927912,489297,-8.394,-15.965,0.000,-35.000,1.28866,0.91449,201.00,-5.357,-26.183,-4.967,-24.278,-5.522,-7.107,0.92724,74.342
[SHELL] ccB:1,2147523685,1,12.997,-17.330,4.332,77.267,22.733,66.415,78.598,21.402,56.818
[SHELL] ccA:2,628046292,489298,-11.440,-15.948,0.000,-35.000,0.86397,0.68776,16.62,-5.288,-26.183,-4.906,-24.290,-5.515,-7.107,0.92770,74.342
[SHELL] ccB:2,19153,1,4.697,-18.852,14.155,73.465,24.509,75.491,77.267,22.733,66.415
[SHELL] ccA:3,628147700,489298,-11.440,-15.948,0.000,-35.000,0.86397,0.48463,200.93,-5.280,-26.183,-4.899,-24.292,-5.507,-7.107,0.92775,74.342
[SHELL] ccB:3,2147523791,1,4.697,-18.852,14.155,64.088,22.302,77.698,73.465,24.509,75.491
[SHELL] ccA:4,628266092,489299,2.578,-19.467,0.000,-35.000,0.44103,0.26478,16.21,-5.560,-26.111,-5.130,-24.094,-5.506,-7.105,0.92274,73.902
[SHELL] ccB:4,19053,1,10.641,-19.613,8.972,52.748,21.176,78.824,64.088,22.302,77.698
[SHELL] ccA:5,628367796,489299,2.578,-19.467,0.000,-35.000,0.44103,0.05633,200.99,-5.559,-26.109,-5.130,-24.094,-5.505,-7.103,0.92282,73.902
[SHELL] ccB:5,2147523743,1,10.641,-19.613,8.972,42.357,21.472,78.528,52.748,21.176,78.824
[SHELL] ccA:6,628486180,489300,15.022,-17.234,0.000,-35.000,0.01508,6.12201,16.48,-5.813,-26.152,-5.377,-24.190,-5.511,-7.102,0.92497,74.342
[SHELL] ccB:6,19097,1,15.281,-22.368,7.087,31.458,23.191,76.809,42.357,21.472,78.528
[SHELL] ccA:7,628587652,489300,15.022,-17.234,0.000,-35.000,0.01508,5.91102,200.99,-5.819,-26.151,-5.382,-24.189,-5.516,-7.101,0.92496,74.342
[SHELL] ccB:7,2147523815,1,15.281,-22.368,7.087,24.083,27.978,75.917,31.458,23.191,76.809
[SHELL] ccA:8,628705964,489301,0.680,-16.050,0.000,-35.000,5.87782,5.70157,16.11,-5.530,-26.175,-5.122,-24.245,-5.514,-7.101,0.92629,74.342
[SHELL] ccB:8,18989,1,-5.704,-10.153,15.858,22.083,37.273,77.917,24.083,27.978,75.917
[SHELL] ccA:9,628807728,489301,0.680,-16.050,0.000,-35.000,5.87782,5.48716,201.10,-5.528,-26.175,-5.121,-24.246,-5.513,-7.101,0.92631,74.342
[SHELL] ccB:9,2147523777,1,-5.704,-10.153,15.858,21.159,47.850,78.841,22.083,37.273,77.917
[SHELL] ccA:10,628926092,489302,-2.902,-20.180,0.000,-35.000,5.44845,5.27220,16.29,-5.453,-26.090,-5.070,-24.256,-5.509,-7.099,0.92973,74.342
[SHELL] ccB:10,19053,1,-16.904,-1.419,18.323,21.548,58.451,78.452,21.159,47.850,78.841
[SHELL] ccA:11,629027692,489302,-2.902,-20.180,0.000,-35.000,5.44845,5.06394,201.01,-5.450,-26.088,-5.067,-24.257,-5.506,-7.097,0.92981,74.342
[SHELL] ccB:11,2147523795,1,-16.904,-1.419,18.323,23.170,68.453,76.830,21.548,58.451,78.452
[SHELL] ccA:12,629146140,489303,-3.599,-17.348,0.000,-35.000,5.01714,4.84095,16.29,-5.432,-26.144,-5.041,-24.262,-5.502,-7.096,0.92802,74.342
[SHELL] ccB:12,19077,1,-17.629,7.280,10.349,23.972,76.028,71.627,23.170,68.453,76.830
[SHELL] ccA:13,629247684,489303,-3.599,-17.348,0.000,-35.000,5.01714,4.63564,200.96,-5.428,-26.144,-5.038,-24.263,-5.498,-7.096,0.92807,74.342
[SHELL] ccB:13,2147523799,1,-17.629,7.280,10.349,21.975,78.025,61.988,23.972,76.028,71.627
[SHELL] ccA:14,629366064,489304,8.151,-18.298,0.000,-35.000,4.59087,4.41465,16.26,-5.666,-26.124,-5.252,-24.218,-5.501,-7.095,0.92704,74.342
[SHELL] ccB:14,19039,1,-19.151,4.489,14.662,21.135,78.865,50.614,21.975,78.025,61.988
[SHELL] ccA:15,629467672,489304,8.151,-18.298,0.000,-35.000,4.59087,4.21380,200.99,-5.668,-26.123,-5.254,-24.217,-5.503,-7.094,0.92706,74.342
[SHELL] ccB:15,2147523805,1,-19.151,4.489,14.662,21.645,78.355,40.624,21.135,78.865,50.614
[SHELL] ctrlcap v1 armed=0 count=512 clock_hz=550000000 decimation=1
[SHELL] ccA:index,cycles,seq,id,iq,idref,iqref,theta,actangle,age_us,vdreq,vqreq,vd,vq,intd,intq,scale,bus
[SHELL] ccB:index,timer,valid,ia,ib,ic,du,dv,dw,active_u,active_v,active_w
[SHELL] ccA:16,629586064,489305,18.973,-13.583,0.000,-35.000,4.16528,3.98903,16.26,-5.891,-26.218,-5.433,-24.178,-5.510,-7.094,0.92218,74.342
[SHELL] ccB:16,19039,1,-21.471,2.822,18.649,23.651,76.349,29.576,21.645,78.355,40.624
[SHELL] ccA:17,629687660,489305,18.973,-13.583,0.000,-35.000,4.16528,3.78307,200.98,-5.899,-26.219,-5.439,-24.176,-5.517,-7.095,0.92211,74.342
[SHELL] ccB:17,2147523811,1,-21.471,2.822,18.649,29.604,76.356,23.644,23.651,76.349,29.576
[SHELL] ccA:18,629806112,489306,8.933,-14.362,0.000,-35.000,3.73223,3.55550,16.17,-5.700,-26.257,-5.257,-24.217,-5.519,-7.095,0.92228,74.342
[SHELL] ccB:18,19063,1,-15.418,13.731,1.687,40.060,78.291,21.709,29.604,76.356,23.644
[SHELL] ccA:19,629907656,489306,8.933,-14.362,0.000,-35.000,3.73223,3.35960,200.79,-5.702,-26.258,-5.259,-24.216,-5.521,-7.095,0.92226,74.342
[SHELL] ccB:19,2147523813,1,-15.418,13.731,1.687,49.792,78.867,21.133,40.060,78.291,21.709
[SHELL] ccA:20,630025968,489307,-3.981,-13.911,0.000,-35.000,3.31086,3.13410,16.13,-5.440,-26.267,-5.025,-24.266,-5.517,-7.095,0.92381,74.342
[SHELL] ccB:20,18991,1,1.581,11.665,-13.246,60.506,78.223,21.777,49.792,78.867,21.133
[SHELL] ccA:21,630127652,489307,-3.981,-13.911,0.000,-35.000,3.31086,2.91919,200.99,-5.436,-26.267,-5.022,-24.266,-5.513,-7.096,0.92382,74.342
[SHELL] ccB:21,2147523815,1,1.581,11.665,-13.246,70.683,76.282,23.718,60.506,78.223,21.777
[SHELL] ccA:22,630245972,489308,-4.334,-13.896,0.000,-35.000,2.89192,2.71518,16.13,-5.424,-26.268,-5.011,-24.269,-5.509,-7.096,0.92387,74.342
[SHELL] ccB:22,18993,1,7.633,6.917,-14.551,76.392,70.258,23.608,70.683,76.282,23.718
[SHELL] ccA:23,630347956,489308,-4.334,-13.896,0.000,-35.000,2.89192,2.50033,201.01,-5.420,-26.269,-5.008,-24.269,-5.505,-7.097,0.92389,74.342
[SHELL] ccB:23,2147523663,1,7.633,6.917,-14.551,78.278,60.054,21.722,76.392,70.258,23.608
[SHELL] ccA:24,630466592,489309,12.161,-17.420,0.000,-35.000,2.45596,2.27920,16.67,-5.754,-26.197,-5.316,-24.204,-5.509,-7.096,0.92390,74.342
[SHELL] ccB:24,19303,1,1.617,17.537,-19.154,78.853,48.430,21.147,78.278,60.054,21.722
[SHELL] ccA:25,630567980,489309,12.161,-17.420,0.000,-35.000,2.45596,2.07700,201.02,-5.758,-26.196,-5.320,-24.203,-5.513,-7.095,0.92392,74.342
[SHELL] ccB:25,2147523651,1,1.617,17.537,-19.154,78.082,38.418,21.918,78.853,48.430,21.147
[SHELL] ccA:26,630686624,489310,22.927,-9.759,0.000,-35.000,2.02328,1.84654,16.70,-5.983,-26.352,-5.486,-24.166,-5.522,-7.096,0.91704,74.342
[SHELL] ccB:26,19319,1,-1.247,22.176,-20.930,75.723,27.306,24.277,78.082,38.418,21.918
[SHELL] ccA:27,630788044,489310,22.927,-9.759,0.000,-35.000,2.02328,1.63873,201.06,-5.992,-26.354,-5.494,-24.164,-5.531,-7.098,0.91692,74.342
[SHELL] ccB:27,2147523619,1,-1.247,22.176,-20.930,76.935,23.065,32.014,75.723,27.306,24.277
[SHELL] ccA:28,630906676,489311,5.647,-10.032,0.000,-35.000,1.59699,1.42026,16.75,-5.646,-26.350,-5.192,-24.231,-5.531,-7.100,0.91958,74.342
[SHELL] ccB:28,19345,1,9.880,0.176,-10.056,78.490,21.510,41.937,76.935,23.065,32.014
[SHELL] ccA:29,631008016,489311,5.647,-10.032,0.000,-35.000,1.59699,1.22120,201.02,-5.647,-26.351,-5.192,-24.231,-5.532,-7.102,0.91951,74.342
[SHELL] ccB:29,2147523633,1,9.880,0.176,-10.056,78.848,21.152,51.854,78.490,21.510,41.937
[SHELL] ccA:30,631126740,489312,-9.897,-12.970,0.000,-35.000,1.17167,0.99491,16.78,-5.329,-26.293,-4.922,-24.287,-5.525,-7.103,0.92370,74.342
[SHELL] ccB:30,19377,1,8.104,-16.315,8.211,77.954,22.046,62.479,78.848,21.152,51.854
[SHELL] ccA:31,631228024,489312,-9.897,-12.970,0.000,-35.000,1.17167,0.78662,200.97,-5.322,-26.294,-4.916,-24.288,-5.518,-7.104,0.92371,74.342
[SHELL] ccB:31,2147523629,1,8.104,-16.315,8.211,75.863,24.137,72.210,77.954,22.046,62.479
[SHELL] ctrlcap v1 armed=0 count=512 clock_hz=550000000 decimation=1
[SHELL] ccA:index,cycles,seq,id,iq,idref,iqref,theta,actangle,age_us,vdreq,vqreq,vd,vq,intd,intq,scale,bus
[SHELL] ccB:index,timer,valid,ia,ib,ic,du,dv,dw,active_u,active_v,active_w
[SHELL] ccA:32,631346220,489313,-4.870,-14.812,0.000,-35.000,0.74321,0.56647,16.38,-5.418,-26.257,-4.978,-24.126,-5.513,-7.103,0.91882,73.902
[SHELL] ccB:32,19117,1,6.437,-15.518,9.080,67.754,23.014,76.986,75.863,24.137,72.210
[SHELL] ccA:33,631447788,489313,-4.870,-14.812,0.000,-35.000,0.74321,0.36843,200.99,-5.413,-26.257,-5.004,-24.270,-5.509,-7.103,0.92434,74.342
[SHELL] ccB:33,2147523747,1,6.437,-15.518,9.080,58.218,21.525,78.475,67.754,23.014,76.986
[SHELL] ccA:34,631566268,489314,12.769,-17.137,0.000,-35.000,0.31249,0.13573,16.35,-5.770,-26.209,-5.328,-24.201,-5.513,-7.102,0.92338,74.342
[SHELL] ccB:34,19141,1,17.419,-19.432,2.013,45.956,21.227,78.773,58.218,21.525,78.475
[SHELL] ccA:35,631667924,489314,12.769,-17.137,0.000,-35.000,0.31249,6.21607,201.08,-5.775,-26.208,-5.332,-24.200,-5.517,-7.101,0.92338,74.342
[SHELL] ccB:35,2147523679,1,17.419,-19.432,2.013,35.991,22.289,77.711,45.956,21.227,78.773
[SHELL] ccA:36,631786452,489315,19.849,-12.822,0.000,-35.000,6.17829,6.00157,16.56,-5.924,-26.296,-5.446,-24.175,-5.524,-7.102,0.91935,74.342
[SHELL] ccB:36,19233,1,18.398,-22.041,3.644,25.889,24.711,75.289,35.991,22.289,77.711
[SHELL] ccA:37,631887864,489315,19.849,-12.822,0.000,-35.000,6.17829,5.79079,200.95,-5.931,-26.296,-5.453,-24.173,-5.532,-7.102,0.91928,74.342
[SHELL] ccB:37,2147523709,1,18.398,-22.041,3.644,22.718,33.658,77.282,25.889,24.711,75.289
[SHELL] ccA:38,632006432,489316,6.855,-19.231,0.000,-35.000,5.73806,5.56132,16.53,-5.673,-26.165,-5.250,-24.218,-5.533,-7.100,0.92558,74.342
[SHELL] ccB:38,19223,1,-4.110,-15.264,19.374,21.313,44.420,78.687,22.718,33.658,77.282
[SHELL] ccA:39,632107904,489316,6.855,-19.231,0.000,-35.000,5.73806,5.36438,200.98,-5.674,-26.163,-5.252,-24.218,-5.535,-7.098,0.92564,74.342
[SHELL] ccB:39,2147523689,1,-4.110,-15.264,19.374,21.237,54.253,78.763,21.313,44.420,78.687
[SHELL] ccA:40,632226460,489317,-2.432,-17.392,0.000,-35.000,5.31946,5.14270,16.57,-5.485,-26.199,-5.078,-24.255,-5.531,-7.097,0.92579,74.342
[SHELL] ccB:40,19237,1,-15.672,0.973,14.698,22.419,64.760,77.581,21.237,54.253,78.763
[SHELL] ccA:41,632327912,489317,-2.432,-17.392,0.000,-35.000,5.31946,4.94118,201.02,-5.482,-26.198,-5.075,-24.255,-5.528,-7.097,0.92584,74.342
[SHELL] ccB:41,2147523685,1,-15.672,0.973,14.698,24.681,74.018,75.319,22.419,64.760,77.581
[SHELL] ccA:42,632446492,489318,2.323,-17.223,0.000,-35.000,4.89000,4.71329,16.59,-5.576,-26.201,-5.158,-24.238,-5.527,-7.096,0.92508,74.342
[SHELL] ccB:42,19253,1,-16.541,3.655,12.886,22.551,77.449,65.482,24.681,74.018,75.319
[SHELL] ccA:43,632547872,489318,2.323,-17.223,0.000,-35.000,4.89000,4.50277,200.94,-5.575,-26.200,-5.157,-24.238,-5.526,-7.095,0.92512,74.342
[SHELL] ccB:43,2147523705,1,-16.541,3.655,12.886,21.289,78.711,55.207,22.551,77.449,65.482
[SHELL] ccA:44,632666484,489319,19.305,-16.713,0.000,-35.000,4.46280,4.28608,16.59,-5.922,-26.209,-5.494,-24.314,-5.534,-7.094,0.92770,74.782
[SHELL] ccB:44,19249,1,-20.963,-2.144,23.107,21.357,78.643,43.770,21.289,78.711,55.207
[SHELL] ccA:45,632767892,489319,19.305,-16.713,0.000,-35.000,4.46280,4.08178,200.95,-5.930,-26.209,-5.501,-24.313,-5.541,-7.094,0.92765,74.782
[SHELL] ccB:45,2147523695,1,-20.963,-2.144,23.107,22.685,77.315,33.821,21.357,78.643,43.770
[SHELL] ccA:46,632886472,489320,20.643,-12.096,0.000,-35.000,4.02035,3.84361,16.57,-5.964,-26.303,-5.512,-24.310,-5.549,-7.096,0.92422,74.782
[SHELL] ccB:46,19243,1,-22.485,4.163,18.323,26.954,75.618,24.382,22.685,77.315,33.821
[SHELL] ccA:47,632987912,489320,20.643,-12.096,0.000,-35.000,4.02035,3.64516,200.97,-5.973,-26.305,-5.519,-24.309,-5.557,-7.097,0.92411,74.782
[SHELL] ccB:47,2147523685,1,-22.485,4.163,18.323,36.168,77.741,22.259,26.954,75.618,24.382
[SHELL] ctrlcap v1 armed=0 count=512 clock_hz=550000000 decimation=1
[SHELL] ccA:index,cycles,seq,id,iq,idref,iqref,theta,actangle,age_us,vdreq,vqreq,vd,vq,intd,intq,scale,bus
[SHELL] ccB:index,timer,valid,ia,ib,ic,du,dv,dw,active_u,active_v,active_w
[SHELL] ccA:48,633106520,489321,6.122,-16.665,0.000,-35.000,3.59245,3.41572,16.59,-5.683,-26.213,-5.250,-24.218,-5.558,-7.096,0.92391,74.342
[SHELL] ccB:48,19267,1,-12.772,17.066,-4.294,46.970,78.814,21.186,36.168,77.741,22.259
[SHELL] ccA:49,633207928,489321,6.122,-16.665,0.000,-35.000,3.59245,3.21495,200.99,-5.684,-26.212,-5.283,-24.361,-5.559,-7.096,0.92939,74.782
[SHELL] ccB:49,2147523677,1,-12.772,17.066,-4.294,56.986,78.584,21.416,46.970,78.814,21.186
[SHELL] ccA:50,633326492,489322,-5.150,-15.118,0.000,-35.000,3.16187,2.98514,16.60,-5.454,-26.243,-5.072,-24.406,-5.555,-7.097,0.92998,74.782
[SHELL] ccB:50,19253,1,4.842,10.759,-15.602,67.677,77.003,22.997,56.986,78.584,21.416
[SHELL] ccA:51,633427936,489322,-5.150,-15.118,0.000,-35.000,3.16187,2.78495,201.04,-5.449,-26.244,-5.068,-24.407,-5.550,-7.098,0.92998,74.782
[SHELL] ccB:51,2147523673,1,4.842,10.759,-15.602,75.527,73.347,24.473,67.677,77.003,22.997
[SHELL] ccA:52,633546520,489323,-1.784,-18.018,0.000,-35.000,2.73777,2.56101,16.63,-5.514,-26.185,-5.136,-24.392,-5.548,-7.097,0.93152,74.782
[SHELL] ccB:52,19267,1,8.721,9.382,-18.102,77.904,62.810,22.096,75.527,73.347,24.473
[SHELL] ccA:53,633647964,489323,-1.784,-18.018,0.000,-35.000,2.73777,2.36088,201.06,-5.511,-26.185,-5.134,-24.393,-5.545,-7.097,0.93156,74.782
[SHELL] ccB:53,2147523659,1,8.721,9.382,-18.102,78.817,52.951,21.183,77.904,62.810,22.096
[SHELL] ccA:54,633766524,489324,20.000,-19.044,0.000,-35.000,2.30596,2.12922,16.62,-5.955,-26.164,-5.532,-24.306,-5.553,-7.095,0.92899,74.782
[SHELL] ccB:54,19269,1,0.711,23.553,-24.264,78.354,40.608,21.646,78.817,52.951,21.183
[SHELL] ccA:55,633867936,489324,20.000,-19.044,0.000,-35.000,2.30596,1.92526,200.97,-5.963,-26.162,-5.507,-24.161,-5.560,-7.093,0.92351,74.342
[SHELL] ccB:55,2147523673,1,0.711,23.553,-24.264,76.664,30.842,23.336,78.354,40.608,21.646
[SHELL] ccA:56,633986616,489325,16.876,-10.676,0.000,-35.000,1.87115,1.69444,16.70,-5.906,-26.332,-5.424,-24.180,-5.566,-7.095,0.91828,74.342
[SHELL] ccB:56,19315,1,5.205,14.094,-19.299,76.281,23.719,29.312,76.664,30.842,23.336
[SHELL] ccA:57,634087932,489325,16.876,-10.676,0.000,-35.000,1.87115,1.49559,200.94,-5.912,-26.333,-5.429,-24.179,-5.572,-7.096,0.91818,74.342
[SHELL] ccB:57,2147523675,1,5.205,14.094,-19.299,78.123,21.877,38.721,76.281,23.719,29.312
[SHELL] ccA:58,634206572,489326,-0.406,-15.893,0.000,-35.000,1.44482,1.26806,16.67,-5.564,-26.228,-5.143,-24.241,-5.570,-7.096,0.92426,74.342
[SHELL] ccB:58,19293,1,15.716,-9.936,-5.780,78.865,21.135,49.409,78.123,21.877,38.721
[SHELL] ccA:59,634307968,489326,-0.406,-15.893,0.000,-35.000,1.44482,1.07037,201.01,-5.562,-26.227,-5.141,-24.242,-5.568,-7.095,0.92429,74.342
[SHELL] ccB:59,2147523657,1,15.716,-9.936,-5.780,78.371,21.629,59.237,78.865,21.135,49.409
[SHELL] ccA:60,634426620,489327,-9.369,-15.216,0.000,-35.000,1.01581,0.83908,16.67,-5.376,-26.241,-4.973,-24.276,-5.561,-7.095,0.92514,74.342
[SHELL] ccB:60,19317,1,7.996,-17.837,9.842,76.473,23.527,69.939,78.371,21.629,59.237
[SHELL] ccA:61,634527808,489327,-9.369,-15.216,0.000,-35.000,1.01581,0.63964,201.08,-5.369,-26.241,-4.967,-24.278,-5.554,-7.096,0.92519,74.342
[SHELL] ccB:61,2147523737,1,7.996,-17.837,9.842,71.198,23.855,76.145,76.473,23.527,69.939
[SHELL] ccA:62,634646276,489328,-1.392,-19.019,0.000,-35.000,0.59344,0.41677,16.33,-5.526,-26.163,-5.151,-24.389,-5.552,-7.095,0.93221,74.782
[SHELL] ccB:62,19145,1,9.482,-19.069,9.588,60.355,21.758,78.242,71.198,23.855,76.145
[SHELL] ccA:63,634747796,489328,-1.392,-19.019,0.000,-35.000,0.59344,0.21609,200.89,-5.523,-26.162,-5.149,-24.390,-5.549,-7.094,0.93225,74.782
[SHELL] ccB:63,2147523743,1,9.482,-19.069,9.588,50.401,21.133,78.867,60.355,21.758,78.242
[SHELL] ctrlcap v1 armed=0 count=512 clock_hz=550000000 decimation=1
[SHELL] ccA:index,cycles,seq,id,iq,idref,iqref,theta,actangle,age_us,vdreq,vqreq,vd,vq,intd,intq,scale,bus
[SHELL] ccB:index,timer,valid,ia,ib,ic,du,dv,dw,active_u,active_v,active_w
[SHELL] ccA:64,634866360,489329,18.197,-17.982,0.000,-35.000,0.16716,6.27359,16.41,-5.922,-26.182,-5.500,-24.313,-5.556,-7.093,0.92860,74.782
[SHELL] ccB:64,19187,1,20.935,-23.201,2.267,38.501,21.906,78.094,50.401,21.133,78.867
[SHELL] ccA:65,634967904,489329,18.197,-17.982,0.000,-35.000,0.16716,6.07017,201.01,-5.929,-26.182,-5.473,-24.169,-5.563,-7.091,0.92312,74.342
[SHELL] ccB:65,2147523689,1,20.935,-23.201,2.267,28.896,23.830,76.170,38.501,21.906,78.094
[SHELL] ccA:66,635086424,489330,12.268,-13.368,0.000,-35.000,6.02166,5.84490,16.54,-5.815,-26.275,-5.386,-24.338,-5.567,-7.092,0.92631,74.782
[SHELL] ccB:66,19219,1,8.394,-18.127,9.733,23.312,30.939,76.688,28.896,23.830,76.170
[SHELL] ccA:67,635187900,489330,12.268,-13.368,0.000,-35.000,6.02166,5.63734,200.99,-5.819,-26.276,-5.389,-24.338,-5.571,-7.094,0.92624,74.782
[SHELL] ccB:67,2147523691,1,8.394,-18.127,9.733,21.617,40.880,78.383,23.312,30.939,76.688
[SHELL] ccA:68,635306460,489331,1.384,-20.496,0.000,-35.000,5.58475,5.40799,16.54,-5.600,-26.131,-5.223,-24.374,-5.570,-7.092,0.93277,74.782
[SHELL] ccB:68,19237,1,-12.120,-8.305,20.425,21.155,51.954,78.845,21.617,40.880,78.383
[SHELL] ccA:69,635407916,489331,1.384,-20.496,0.000,-35.000,5.58475,5.21144,201.00,-5.598,-26.129,-5.192,-24.231,-5.569,-7.090,0.92734,74.342
[SHELL] ccB:69,2147523683,1,-12.120,-8.305,20.425,21.930,61.672,78.070,21.155,51.954,78.845
[SHELL] ccA:70,635526500,489332,-5.898,-20.587,0.000,-35.000,5.16095,4.98425,16.57,-5.448,-26.125,-5.059,-24.259,-5.564,-7.088,0.92856,74.342
[SHELL] ccB:70,19257,1,-21.108,7.425,13.683,24.099,72.077,75.901,21.930,61.672,78.070
[SHELL] ccA:71,635627900,489332,-5.898,-20.587,0.000,-35.000,5.16095,4.78191,200.94,-5.443,-26.123,-5.055,-24.260,-5.559,-7.086,0.92867,74.342
[SHELL] ccB:71,2147523691,1,-21.108,7.425,13.683,23.275,76.725,68.903,24.099,72.077,75.901
[SHELL] ccA:72,635746464,489333,1.363,-18.042,0.000,-35.000,4.72231,4.54558,16.58,-5.587,-26.173,-5.173,-24.235,-5.557,-7.084,0.92594,74.342
[SHELL] ccB:72,19239,1,-18.027,7.678,10.349,21.442,78.558,57.299,23.275,76.725,68.903
[SHELL] ccA:73,635847892,489333,1.363,-18.042,0.000,-35.000,4.72231,4.35011,200.98,-5.585,-26.172,-5.172,-24.235,-5.556,-7.083,0.92599,74.342
[SHELL] ccB:73,2147523695,1,-18.027,7.678,10.349,21.167,78.833,47.554,21.442,78.558,57.299
[SHELL] ccA:74,635966464,489334,15.390,-16.395,0.000,-35.000,4.30585,4.12910,16.58,-5.872,-26.204,-5.418,-24.181,-5.561,-7.082,0.92279,74.342
[SHELL] ccB:74,19239,1,-21.144,3.945,17.199,22.258,77.742,36.177,21.167,78.833,47.554
[SHELL] ccA:75,636067932,489334,15.390,-16.395,0.000,-35.000,4.30585,3.93257,200.98,-5.877,-26.204,-5.423,-24.180,-5.567,-7.082,0.92277,74.342
[SHELL] ccB:75,2147523675,1,-21.144,3.945,17.199,24.353,75.647,27.051,22.258,77.742,36.177
[SHELL] ccA:76,636186540,489335,6.679,-13.158,0.000,-35.000,3.87824,3.70152,16.64,-5.704,-26.269,-5.258,-24.216,-5.568,-7.082,0.92186,74.342
[SHELL] ccB:76,19277,1,-13.787,11.448,2.339,33.038,77.156,22.844,24.353,75.647,27.051
[SHELL] ccA:77,636287924,489335,6.679,-13.158,0.000,-35.000,3.87824,3.49575,200.98,-5.705,-26.270,-5.228,-24.073,-5.569,-7.082,0.91637,73.902
[SHELL] ccB:77,2147523679,1,-13.787,11.448,2.339,43.007,78.584,21.416,33.038,77.156,22.844
[SHELL] ccA:78,636408244,489336,-0.935,-18.960,0.000,-35.000,3.45235,3.27561,16.61,-5.550,-26.151,-5.114,-24.097,-5.566,-7.080,0.92148,73.902
[SHELL] ccB:78,20129,1,-4.907,18.334,-13.427,53.752,78.786,21.214,43.007,78.584,21.416
[SHELL] ccA:79,636507948,489336,-0.935,-18.960,0.000,-35.000,3.45235,3.07248,201.07,-5.547,-26.148,-5.143,-24.241,-5.564,-7.078,0.92706,74.342
[SHELL] ccB:79,2147523667,1,-4.907,18.334,-13.427,63.729,77.758,22.242,53.752,78.786,21.214
[SHELL] ctrlcap v1 armed=0 count=512 clock_hz=550000000 decimation=1
[SHELL] ccA:index,cycles,seq,id,iq,idref,iqref,theta,actangle,age_us,vdreq,vqreq,vd,vq,intd,intq,scale,bus
[SHELL] ccB:index,timer,valid,ia,ib,ic,du,dv,dw,active_u,active_v,active_w
[SHELL] ccA:80,636626496,489337,-8.067,-18.682,0.000,-35.000,3.02585,2.84909,16.61,-5.398,-26.153,-5.010,-24.269,-5.558,-7.077,0.92797,74.342
[SHELL] ccB:80,19255,1,10.170,10.179,-20.350,73.798,75.388,24.612,63.729,77.758,22.242
[SHELL] ccA:81,636727928,489337,-8.067,-18.682,0.000,-35.000,3.02585,2.64843,200.99,-5.392,-26.151,-5.005,-24.270,-5.552,-7.076,0.92806,74.342
[SHELL] ccB:81,2147523677,1,10.170,10.179,-20.350,77.111,67.177,22.889,73.798,75.388,24.612
[SHELL] ccA:82,636846508,489338,3.865,-21.258,0.000,-35.000,2.59886,2.42210,16.61,-5.631,-26.097,-5.227,-24.223,-5.552,-7.073,0.92818,74.342
[SHELL] ccB:82,19261,1,7.669,13.659,-21.328,78.676,55.747,21.324,77.111,67.177,22.889
[SHELL] ccA:83,636947916,489338,3.865,-21.258,0.000,-35.000,2.59886,2.21752,200.99,-5.631,-26.095,-5.227,-24.223,-5.552,-7.071,0.92827,74.342
[SHELL] ccB:83,2147523683,1,7.669,13.659,-21.328,78.752,45.536,21.248,78.676,55.747,21.324
[SHELL] ccA:84,637066568,489339,26.137,-15.939,0.000,-35.000,2.16623,1.98947,16.63,-6.088,-26.201,-5.608,-24.138,-5.562,-7.070,0.92124,74.342
[SHELL] ccB:84,19291,1,-1.464,27.214,-25.750,77.280,33.646,22.720,78.752,45.536,21.248
[SHELL] ccA:85,637167964,489339,26.137,-15.939,0.000,-35.000,2.16623,1.79037,200.99,-6.098,-26.201,-5.618,-24.135,-5.573,-7.069,0.92118,74.342
[SHELL] ccB:85,2147523659,1,-1.464,27.214,-25.750,75.130,24.870,25.395,77.280,33.646,22.720
[SHELL] ccA:86,637286580,489340,11.182,-11.464,0.000,-35.000,1.74066,1.56392,16.69,-5.802,-26.292,-5.340,-24.198,-5.576,-7.071,0.92038,74.342
[SHELL] ccB:86,19297,1,9.409,6.519,-15.928,77.582,22.418,35.247,75.130,24.870,25.395
[SHELL] ccA:87,637387972,489340,11.182,-11.464,0.000,-35.000,1.74066,1.36043,201.00,-5.806,-26.293,-5.343,-24.198,-5.580,-7.072,0.92032,74.342
[SHELL] ccB:87,2147523655,1,9.409,6.519,-15.928,78.735,21.265,45.211,77.582,22.418,35.247
[SHELL] ccA:88,637506652,489341,-4.144,-14.958,0.000,-35.000,1.31150,1.13484,16.71,-5.495,-26.223,-5.082,-24.254,-5.575,-7.072,0.92493,74.342
[SHELL] ccB:88,19333,1,13.396,-13.488,0.092,78.664,21.336,55.931,78.735,21.265,45.211
[SHELL] ccA:89,637607992,489341,-4.144,-14.958,0.000,-35.000,1.31150,0.92307,200.89,-5.491,-26.223,-5.078,-24.255,-5.571,-7.072,0.92495,74.342
[SHELL] ccB:89,2147523645,1,13.396,-13.488,0.092,77.305,22.695,66.227,78.664,21.336,55.931
[SHELL] ccA:90,637726408,489342,-8.701,-15.574,0.000,-35.000,0.88959,0.71282,16.74,-5.393,-26.210,-4.994,-24.272,-5.565,-7.072,0.92605,74.342
[SHELL] ccB:90,19211,1,6.618,-17.656,11.038,74.404,24.805,75.195,77.305,22.695,66.227
[SHELL] ccA:91,637827744,489342,-8.701,-15.574,0.000,-35.000,0.88959,0.50166,201.00,-5.387,-26.210,-4.989,-24.273,-5.559,-7.072,0.92610,74.342
[SHELL] ccB:91,2147523769,1,6.618,-17.656,11.038,64.727,22.413,77.587,74.404,24.805,75.195
[SHELL] ccA:92,637946260,489343,6.439,-18.645,0.000,-35.000,0.44968,0.27297,16.36,-5.691,-26.147,-5.270,-24.214,-5.560,-7.071,0.92605,74.342
[SHELL] ccB:92,19137,1,13.903,-19.069,5.166,52.932,21.182,78.818,64.727,22.413,77.587
[SHELL] ccA:93,638047884,489343,6.439,-18.645,0.000,-35.000,0.44968,0.07496,201.02,-5.692,-26.146,-5.271,-24.214,-5.561,-7.069,0.92609,74.342
[SHELL] ccB:93,2147523699,1,13.903,-19.069,5.166,43.053,21.412,78.588,52.932,21.182,78.818
[SHELL] ccA:94,638166424,489344,19.674,-14.197,0.000,-35.000,0.03342,6.13985,16.53,-5.964,-26.236,-5.493,-24.164,-5.568,-7.069,0.92104,74.342
[SHELL] ccB:94,19219,1,20.137,-21.788,1.650,32.065,23.053,76.947,43.053,21.412,78.588
[SHELL] ccA:95,638267880,489344,19.674,-14.197,0.000,-35.000,0.03342,5.93121,200.98,-5.972,-26.236,-5.500,-24.163,-5.576,-7.069,0.92098,74.342
[SHELL] ccB:95,2147523701,1,20.137,-21.788,1.650,24.281,27.293,75.719,32.065,23.053,76.947
[SHELL] ctrlcap v1 armed=0 count=512 clock_hz=550000000 decimation=1
[SHELL] ccA:index,cycles,seq,id,iq,idref,iqref,theta,actangle,age_us,vdreq,vqreq,vd,vq,intd,intq,scale,bus
[SHELL] ccB:index,timer,valid,ia,ib,ic,du,dv,dw,active_u,active_v,active_w
[SHELL] ccA:96,638386432,489345,6.627,-14.072,0.000,-35.000,5.88408,5.70734,16.54,-5.712,-26.238,-5.271,-24.214,-5.577,-7.070,0.92284,74.342
[SHELL] ccB:96,19223,1,0.638,-13.778,13.140,22.081,37.291,77.919,24.281,27.293,75.719
[SHELL] ccA:97,638487884,489345,6.627,-14.072,0.000,-35.000,5.88408,5.50003,200.99,-5.713,-26.239,-5.272,-24.213,-5.578,-7.070,0.92282,74.342
[SHELL] ccB:97,2147523699,1,0.638,-13.778,13.140,21.168,47.518,78.832,22.081,37.291,77.919
[SHELL] ccA:98,638606476,489346,-2.622,-16.585,0.000,-35.000,5.45357,5.27682,16.58,-5.524,-26.187,-5.115,-24.247,-5.575,-7.070,0.92590,74.342
[SHELL] ccB:98,19245,1,-14.004,-1.020,15.024,21.534,58.315,78.466,21.168,47.518,78.832
[SHELL] ccA:99,638707884,489346,-2.622,-16.585,0.000,-35.000,5.45357,5.07094,200.99,-5.521,-26.187,-5.112,-24.248,-5.571,-7.069,0.92594,74.342
[SHELL] ccB:99,2147523699,1,-14.004,-1.020,15.024,23.116,68.213,76.884,21.534,58.315,78.466
[SHELL] ccA:100,638826496,489347,-3.860,-15.905,0.000,-35.000,5.02302,4.84630,16.61,-5.492,-26.200,-5.084,-24.253,-5.567,-7.069,0.92569,74.342
[SHELL] ccB:100,19255,1,-16.324,7.135,9.189,24.017,75.983,71.788,23.116,68.213,76.884
[SHELL] ccA:101,638927908,489347,-3.860,-15.905,0.000,-35.000,5.02302,4.63726,200.98,-5.488,-26.200,-5.081,-24.254,-5.563,-7.069,0.92573,74.342
[SHELL] ccB:101,2147523687,1,-16.324,7.135,9.189,21.974,78.026,61.981,24.017,75.983,71.788
[SHELL] ccA:102,639046464,489348,8.100,-17.635,0.000,-35.000,4.59494,4.41818,16.58,-5.729,-26.164,-5.301,-24.207,-5.565,-7.068,0.92519,74.342
[SHELL] ccB:102,19239,1,-18.462,4.054,14.408,21.135,78.865,50.691,21.974,78.026,61.981
[SHELL] ccA:103,639147900,489348,8.100,-17.635,0.000,-35.000,4.59494,4.21669,200.98,-5.731,-26.163,-5.303,-24.207,-5.567,-7.067,0.92521,74.342
[SHELL] ccB:103,2147523691,1,-18.462,4.054,14.408,21.640,78.360,40.667,21.135,78.865,50.691
[SHELL] ccA:104,639266488,489349,15.079,-14.697,0.000,-35.000,4.18753,4.01079,16.58,-5.876,-26.223,-5.419,-24.181,-5.572,-7.066,0.92214,74.342
[SHELL] ccB:104,19251,1,-20.275,5.214,15.061,23.394,76.606,30.600,21.640,78.360,40.667
[SHELL] ccA:105,639367952,489349,15.079,-14.697,0.000,-35.000,4.18753,3.78178,201.06,-5.882,-26.222,-5.423,-24.180,-5.578,-7.066,0.92210,74.342
[SHELL] ccB:105,2147523665,1,-20.275,5.214,15.061,29.633,76.364,23.636,23.394,76.606,30.600
[SHELL] ccA:106,639486552,489350,8.910,-15.098,0.000,-35.000,3.74785,3.57111,16.64,-5.760,-26.214,-5.318,-24.203,-5.580,-7.066,0.92329,74.342
[SHELL] ccB:106,19283,1,-15.925,14.311,1.614,39.420,78.214,21.786,29.633,76.364,23.636
[SHELL] ccA:107,639587888,489350,8.910,-15.098,0.000,-35.000,3.74785,3.35813,200.98,-5.763,-26.214,-5.320,-24.203,-5.582,-7.066,0.92327,74.342
[SHELL] ccB:107,2147523697,1,-15.925,14.311,1.614,49.992,78.868,21.132,39.420,78.214,21.786
[SHELL] ccA:108,639706408,489351,-2.915,-15.070,0.000,-35.000,3.31001,3.13325,16.53,-5.522,-26.215,-5.108,-24.248,-5.579,-7.066,0.92500,74.342
[SHELL] ccB:108,19211,1,0.348,13.115,-13.463,60.715,78.197,21.803,49.992,78.868,21.132
[SHELL] ccA:109,639807892,489351,-2.915,-15.070,0.000,-35.000,3.31001,2.92269,201.02,-5.519,-26.215,-5.105,-24.249,-5.575,-7.066,0.92502,74.342
[SHELL] ccB:109,2147523695,1,0.348,13.115,-13.463,70.680,76.283,23.717,60.715,78.197,21.803
[SHELL] ccA:110,639926428,489352,-8.623,-18.685,0.000,-35.000,2.87895,2.70218,16.53,-5.398,-26.141,-5.012,-24.269,-5.569,-7.065,0.92838,74.342
[SHELL] ccB:110,19221,1,13.179,7.099,-20.277,76.542,69.661,23.458,70.680,76.283,23.717
[SHELL] ccA:111,640027868,489352,-8.623,-18.685,0.000,-35.000,2.87895,2.50566,200.98,-5.392,-26.140,-5.006,-24.270,-5.563,-7.064,0.92847,74.342
[SHELL] ccB:111,2147523707,1,13.179,7.099,-20.277,78.246,60.317,21.754,76.542,69.661,23.458
[SHELL] ctrlcap v1 armed=0 count=512 clock_hz=550000000 decimation=1
[SHELL] ccA:index,cycles,seq,id,iq,idref,iqref,theta,actangle,age_us,vdreq,vqreq,vd,vq,intd,intq,scale,bus
[SHELL] ccB:index,timer,valid,ia,ib,ic,du,dv,dw,active_u,active_v,active_w
[SHELL] ccA:112,640146444,489353,7.485,-20.899,0.000,-35.000,2.45532,2.27859,16.53,-5.716,-26.093,-5.303,-24.207,-5.564,-7.062,0.92771,74.342
[SHELL] ccB:112,19229,1,7.452,14.384,-21.836,78.853,48.427,21.147,78.246,60.317,21.754
[SHELL] ccA:113,640247888,489353,7.485,-20.899,0.000,-35.000,2.45532,2.07123,200.98,-5.718,-26.091,-5.305,-24.206,-5.566,-7.059,0.92778,74.342
[SHELL] ccB:113,2147523697,1,7.452,14.384,-21.836,78.048,38.168,21.952,78.853,48.427,21.147
[SHELL] ccA:114,640366536,489354,19.518,-14.223,0.000,-35.000,2.02464,1.84798,16.58,-5.966,-26.225,-5.497,-24.163,-5.573,-7.059,0.92138,74.342
[SHELL] ccB:114,19275,1,4.226,18.479,-22.705,75.736,27.351,24.264,78.048,38.168,21.952
[SHELL] ccA:115,640467940,489354,19.518,-14.223,0.000,-35.000,2.02464,1.63369,200.95,-5.974,-26.225,-5.504,-24.162,-5.581,-7.059,0.92132,74.342
[SHELL] ccB:115,2147523671,1,4.226,18.479,-22.705,76.991,23.009,32.268,75.736,27.351,24.264
[SHELL] ccA:116,640586492,489355,2.033,-14.502,0.000,-35.000,1.59562,1.41885,16.61,-5.623,-26.219,-5.196,-24.230,-5.580,-7.060,0.92411,74.342
[SHELL] ccB:116,19253,1,14.447,-5.152,-9.295,78.497,21.503,42.014,76.991,23.009,32.268
[SHELL] ccA:117,640687952,489355,2.033,-14.502,0.000,-35.000,1.59562,1.21008,201.07,-5.621,-26.220,-5.195,-24.230,-5.579,-7.060,0.92411,74.342
[SHELL] ccB:117,2147523665,1,14.447,-5.152,-9.295,78.834,21.166,52.415,78.497,21.503,42.014
[SHELL] ccA:118,640806532,489356,-9.878,-15.782,0.000,-35.000,1.16054,0.98378,16.61,-5.376,-26.194,-4.982,-24.275,-5.572,-7.060,0.92673,74.342
[SHELL] ccB:118,19273,1,10.533,-18.562,8.029,77.853,22.147,63.137,78.834,21.166,52.415
[SHELL] ccA:119,640907940,489356,-9.878,-15.782,0.000,-35.000,1.16054,0.77113,201.02,-5.369,-26.252,-4.965,-24.278,-5.565,-7.060,0.92481,74.342
[SHELL] ccB:119,2147523671,1,10.533,-18.562,8.029,75.635,24.365,72.992,77.853,22.147,63.137
[SHELL] ccA:120,641026084,489357,-8.947,-16.756,0.000,-35.000,0.74426,0.56696,16.23,-5.381,-26.232,-4.980,-24.275,-5.558,-7.059,0.92541,74.342
[SHELL] ccB:120,19049,1,4.770,-18.308,13.538,67.830,23.030,76.970,75.635,24.365,72.992
[SHELL] ccA:121,641127732,489357,-8.947,-16.756,0.000,-35.000,0.74426,0.34759,200.98,-5.375,-26.231,-4.974,-24.276,-5.552,-7.059,0.92547,74.342
[SHELL] ccB:121,2147523775,1,4.770,-18.308,13.538,57.249,21.437,78.563,67.830,23.030,76.970
[SHELL] ccA:122,641246224,489358,9.187,-19.246,0.000,-35.000,0.29888,0.12159,16.29,-5.740,-26.179,-5.307,-24.206,-5.554,-7.057,0.92460,74.342
[SHELL] ccB:122,19119,1,14.447,-20.809,6.362,45.294,21.261,78.739,57.249,21.437,78.563
[SHELL] ccA:123,641347868,489358,9.187,-19.246,0.000,-35.000,0.29888,6.20037,200.99,-5.743,-26.177,-5.310,-24.205,-5.557,-7.055,0.92465,74.342
[SHELL] ccB:123,2147523707,1,14.447,-20.809,6.362,35.283,22.411,77.589,45.294,21.261,78.739
[SHELL] ccA:124,641466372,489359,10.850,-13.564,0.000,-35.000,6.15387,5.97657,16.48,-5.779,-26.292,-5.320,-24.203,-5.560,-7.055,0.92054,74.342
[SHELL] ccB:124,19193,1,9.010,-17.366,8.356,25.027,24.991,75.009,35.283,22.411,77.589
[SHELL] ccA:125,641567848,489359,10.850,-13.564,0.000,-35.000,6.15387,5.77241,200.99,-5.782,-26.292,-5.323,-24.202,-5.563,-7.055,0.92051,74.342
[SHELL] ccB:125,2147523717,1,9.010,-17.366,8.356,22.597,34.274,77.403,25.027,24.991,75.009
[SHELL] ccA:126,641686364,489360,-3.009,-20.684,0.000,-35.000,5.72566,5.54834,16.48,-5.501,-26.147,-5.102,-24.250,-5.559,-7.053,0.92745,74.342
[SHELL] ccB:126,19189,1,-13.497,-7.073,20.570,21.291,44.761,78.709,22.597,34.274,77.403
[SHELL] ccA:127,641787852,489360,-3.009,-20.684,0.000,-35.000,5.72566,5.33325,200.99,-5.498,-26.144,-5.099,-24.250,-5.556,-7.050,0.92756,74.342
[SHELL] ccB:127,2147523715,1,-13.497,-7.073,20.570,21.307,55.489,78.693,21.291,44.761,78.709
[SHELL] ctrlcap v1 armed=0 count=512 clock_hz=550000000 decimation=1
[SHELL] ccA:index,cycles,seq,id,iq,idref,iqref,theta,actangle,age_us,vdreq,vqreq,vd,vq,intd,intq,scale,bus
[SHELL] ccB:index,timer,valid,ia,ib,ic,du,dv,dw,active_u,active_v,active_w
[SHELL] ccA:128,641906392,489361,-8.879,-20.360,0.000,-35.000,5.29948,5.12218,16.51,-5.374,-26.149,-4.959,-24.130,-5.549,-7.048,0.92279,73.902
[SHELL] ccB:128,19203,1,-21.869,7.570,14.300,22.566,65.562,77.434,21.307,55.489,78.693
[SHELL] ccA:129,642007892,489361,-8.879,-20.360,0.000,-35.000,5.29948,4.91741,201.05,-5.367,-26.146,-4.954,-24.131,-5.543,-7.045,0.92293,73.902
[SHELL] ccB:129,2147523695,1,-21.869,7.570,14.300,24.963,74.890,75.037,22.566,65.562,77.434
[SHELL] ccA:130,642126384,489362,-7.246,-18.915,0.000,-35.000,4.86662,4.68930,16.51,-5.394,-26.173,-5.002,-24.270,-5.537,-7.043,0.92732,74.342
[SHELL] ccB:130,19199,1,-19.803,13.586,6.217,22.398,77.602,64.645,24.963,74.890,75.037
[SHELL] ccA:131,642227904,489362,-7.246,-18.915,0.000,-35.000,4.86662,4.48131,201.06,-5.389,-26.171,-4.968,-24.128,-5.532,-7.041,0.92192,73.902
[SHELL] ccB:131,2147523689,1,-19.803,13.586,6.217,21.248,78.752,54.467,22.398,77.602,64.645
[SHELL] ccA:132,642346420,489363,8.619,-19.354,0.000,-35.000,4.43883,4.26152,16.51,-5.708,-26.160,-5.252,-24.068,-5.534,-7.039,0.92002,73.902
[SHELL] ccB:132,19217,1,-20.963,7.823,13.140,21.423,78.577,42.919,21.248,78.752,54.467
[SHELL] ccA:133,642447872,489363,8.619,-19.354,0.000,-35.000,4.43883,4.05655,201.01,-5.710,-26.157,-5.254,-24.067,-5.536,-7.036,0.92009,73.902
[SHELL] ccB:133,2147523705,1,-20.963,7.823,13.140,22.855,77.145,32.988,21.423,78.577,42.919
[SHELL] ccA:134,642566404,489364,7.392,-14.285,0.000,-35.000,4.02874,3.85143,16.51,-5.687,-26.259,-5.245,-24.219,-5.537,-7.036,0.92233,74.342
[SHELL] ccB:134,19209,1,-15.744,10.723,5.021,26.180,75.381,24.619,22.855,77.145,32.988
[SHELL] ccA:135,642667888,489364,7.392,-14.285,0.000,-35.000,4.02874,3.62383,201.00,-5.689,-26.259,-5.247,-24.219,-5.539,-7.036,0.92231,74.342
[SHELL] ccB:135,2147523697,1,-15.744,10.723,5.021,36.716,77.830,22.170,26.180,75.381,24.619
[SHELL] ccA:136,642786440,489365,1.913,-18.677,0.000,-35.000,3.58866,3.41137,16.54,-5.578,-26.169,-5.135,-24.093,-5.537,-7.034,0.92066,73.902
[SHELL] ccB:136,19227,1,-9.800,18.769,-8.969,47.013,78.816,21.184,36.716,77.830,22.170
[SHELL] ccA:137,642887872,489365,1.913,-18.677,0.000,-35.000,3.58866,3.20393,200.96,-5.577,-26.167,-5.165,-24.236,-5.536,-7.033,0.92623,74.342
[SHELL] ccB:137,2147523705,1,-9.800,18.769,-8.969,57.355,78.553,21.447,47.013,78.816,21.184
[SHELL] ccA:138,643006456,489366,-10.266,-17.487,0.000,-35.000,3.15533,2.97802,16.54,-5.326,-26.190,-4.938,-24.284,-5.529,-7.032,0.92722,74.342
[SHELL] ccB:138,19235,1,10.025,10.252,-20.277,67.810,76.974,23.026,57.355,78.553,21.447
[SHELL] ccA:139,643107884,489366,-10.266,-17.487,0.000,-35.000,3.15533,2.77181,200.98,-5.319,-26.189,-4.932,-24.285,-5.522,-7.031,0.92730,74.342
[SHELL] ccB:139,2147523699,1,10.025,10.252,-20.277,75.645,72.958,24.355,67.810,76.974,23.026
[SHELL] ccA:140,643226484,489367,-7.437,-18.965,0.000,-35.000,2.72694,2.54970,16.57,-5.370,-26.158,-4.983,-24.274,-5.516,-7.030,0.92800,74.342
[SHELL] ccB:140,19249,1,14.447,5.214,-19.661,77.950,62.507,22.050,75.645,72.958,24.355
[SHELL] ccA:141,643327960,489367,-7.437,-18.965,0.000,-35.000,2.72694,2.34267,201.06,-5.364,-26.156,-4.978,-24.275,-5.511,-7.028,0.92809,74.342
[SHELL] ccB:141,2147523661,1,14.447,5.214,-19.661,78.837,52.299,21.163,77.950,62.507,22.050
[SHELL] ccA:142,643446464,489368,12.642,-18.981,0.000,-35.000,2.29428,2.11697,16.57,-5.770,-26.155,-5.338,-24.199,-5.515,-7.027,0.92522,74.342
[SHELL] ccB:142,19239,1,5.857,16.160,-22.017,78.323,40.333,21.677,78.837,52.299,21.163
[SHELL] ccA:143,643547920,489368,12.642,-18.981,0.000,-35.000,2.29428,1.91430,200.99,-5.774,-26.153,-5.343,-24.198,-5.519,-7.025,0.92525,74.342
[SHELL] ccB:143,2147523681,1,5.857,16.160,-22.017,76.618,30.649,23.382,78.323,40.333,21.677
[SHELL] ctrlcap v1 armed=0 count=512 clock_hz=550000000 decimation=1
[SHELL] ccA:index,cycles,seq,id,iq,idref,iqref,theta,actangle,age_us,vdreq,vqreq,vd,vq,intd,intq,scale,bus
[SHELL] ccB:index,timer,valid,ia,ib,ic,du,dv,dw,active_u,active_v,active_w
[SHELL] ccA:144,643666476,489369,7.712,-11.983,0.000,-35.000,1.87536,1.69804,16.62,-5.677,-26.295,-5.230,-24.222,-5.521,-7.026,0.92120,74.342
[SHELL] ccB:144,19245,1,9.119,4.924,-14.043,76.140,23.860,28.784,76.618,30.649,23.382
[SHELL] ccA:145,643767884,489369,7.712,-11.983,0.000,-35.000,1.87536,1.49018,200.99,-5.679,-26.296,-5.231,-24.222,-5.522,-7.027,0.92115,74.342
[SHELL] ccB:145,2147523699,1,9.119,4.924,-14.043,78.105,21.895,38.587,76.140,23.860,28.784
[SHELL] ccA:146,643886460,489370,-3.977,-16.318,0.000,-35.000,1.44328,1.26603,16.53,-5.441,-26.208,-5.037,-24.263,-5.518,-7.027,0.92580,74.342
[SHELL] ccB:146,19237,1,15.679,-13.053,-2.626,78.865,21.135,49.293,78.105,21.895,38.587
[SHELL] ccA:147,643987904,489370,-3.977,-16.318,0.000,-35.000,1.44328,1.06016,201.00,-5.437,-26.208,-5.034,-24.264,-5.514,-7.026,0.92584,74.342
[SHELL] ccB:147,2147523689,1,15.679,-13.053,-2.626,78.339,21.661,59.521,78.865,21.135,49.293
[SHELL] ccA:148,644106452,489371,-13.073,-15.283,0.000,-35.000,1.01635,0.83906,16.53,-5.246,-26.228,-4.860,-24.299,-5.506,-7.027,0.92645,74.342
[SHELL] ccB:148,19233,1,6.111,-19.649,13.538,76.526,23.474,69.727,78.339,21.661,59.521
[SHELL] ccA:149,644207688,489371,-13.073,-15.283,0.000,-35.000,1.01635,0.64445,201.00,-5.238,-26.229,-4.853,-24.301,-5.497,-7.027,0.92650,74.342
[SHELL] ccB:149,2147523797,1,6.111,-19.649,13.538,71.628,23.973,76.027,76.526,23.474,69.727
[SHELL] ccA:150,644326056,489372,-5.670,-17.637,0.000,-35.000,0.59174,0.41442,16.15,-5.381,-26.181,-4.989,-24.273,-5.493,-7.026,0.92714,74.342
[SHELL] ccB:150,19035,1,5.132,-17.982,12.850,60.506,21.777,78.223,71.628,23.973,76.027
[SHELL] ccA:151,644427728,489372,-5.670,-17.637,0.000,-35.000,0.59174,0.21539,200.99,-5.376,-26.180,-4.985,-24.274,-5.488,-7.025,0.92721,74.342
[SHELL] ccB:151,2147523777,1,5.132,-17.982,12.850,50.642,21.135,78.865,60.506,21.777,78.223
[SHELL] ccA:152,644546052,489373,14.897,-16.488,0.000,-35.000,0.16093,6.26681,16.26,-5.793,-26.202,-5.350,-24.196,-5.493,-7.024,0.92343,74.342
[SHELL] ccB:152,19033,1,17.347,-20.700,3.354,38.408,21.919,78.081,50.642,21.135,78.865
[SHELL] ccA:153,644647668,489373,14.897,-16.488,0.000,-35.000,0.16093,6.06688,201.02,-5.798,-26.202,-5.354,-24.195,-5.498,-7.023,0.92342,74.342
[SHELL] ccB:153,2147523807,1,17.347,-20.700,3.354,28.970,23.810,76.190,38.408,21.919,78.081
[SHELL] ccA:154,644766012,489374,6.390,-13.006,0.000,-35.000,6.01929,5.84203,16.16,-5.629,-26.272,-5.161,-24.087,-5.499,-7.024,0.91683,73.902
[SHELL] ccB:154,19013,1,2.777,-13.705,10.929,23.355,30.761,76.645,28.970,23.810,76.190
[SHELL] ccA:155,644867648,489374,6.390,-13.006,0.000,-35.000,6.01929,5.64009,200.95,-5.630,-26.272,-5.162,-24.087,-5.500,-7.024,0.91682,73.902
[SHELL] ccB:155,2147523817,1,2.777,-13.705,10.929,21.668,40.410,78.332,23.355,30.761,76.645
[SHELL] ccA:156,644985992,489375,-2.748,-20.482,0.000,-35.000,5.59781,5.42050,16.11,-5.444,-26.119,-5.056,-24.259,-5.497,-7.022,0.92879,74.342
[SHELL] ccB:156,19003,1,-15.092,-4.681,19.772,21.139,51.048,78.861,21.668,40.410,78.332
[SHELL] ccA:157,645087668,489375,-2.748,-20.482,0.000,-35.000,5.59781,5.21235,200.99,-5.440,-26.117,-5.024,-24.116,-5.493,-7.019,0.92339,73.902
[SHELL] ccB:157,2147523807,1,-15.092,-4.681,19.772,21.886,61.350,78.114,21.139,51.048,78.861
[SHELL] ccA:158,645206080,489376,-6.034,-18.585,0.000,-35.000,5.17213,4.99482,16.26,-5.370,-26.153,-4.984,-24.274,-5.488,-7.018,0.92815,74.342
[SHELL] ccB:158,19047,1,-19.332,7.207,12.125,23.927,71.463,76.073,21.886,61.350,78.114
[SHELL] ccA:159,645307672,489376,-6.034,-18.585,0.000,-35.000,5.17213,4.78284,200.99,-5.365,-26.152,-4.980,-24.275,-5.483,-7.016,0.92823,74.342
[SHELL] ccB:159,2147523805,1,-19.332,7.207,12.125,23.319,76.681,69.089,23.927,71.463,76.073
[SHELL] ctrlcap v1 armed=0 count=512 clock_hz=550000000 decimation=1
[SHELL] ccA:index,cycles,seq,id,iq,idref,iqref,theta,actangle,age_us,vdreq,vqreq,vd,vq,intd,intq,scale,bus
[SHELL] ccB:index,timer,valid,ia,ib,ic,du,dv,dw,active_u,active_v,active_w
[SHELL] ccA:160,645426076,489377,1.168,-17.356,0.000,-35.000,4.74846,4.57118,16.26,-5.507,-26.176,-5.102,-24.250,-5.482,-7.016,0.92641,74.342
[SHELL] ccB:160,19045,1,-17.303,7.099,10.204,21.574,78.426,58.707,23.319,76.681,69.089
[SHELL] ccA:161,645527700,489377,1.168,-17.356,0.000,-35.000,4.74846,4.36144,201.05,-5.506,-26.175,-5.101,-24.250,-5.480,-7.015,0.92644,74.342
[SHELL] ccB:161,2147523791,1,-17.303,7.099,10.204,21.150,78.850,48.266,21.574,78.426,58.707
[SHELL] ccA:162,645646068,489378,19.502,-16.140,0.000,-35.000,4.31949,4.14220,16.26,-5.880,-26.199,-5.427,-24.179,-5.488,-7.014,0.92289,74.342
[SHELL] ccB:162,19041,1,-22.377,0.937,21.440,22.158,77.842,36.790,21.150,78.850,48.266
[SHELL] ccA:163,645747664,489378,19.502,-16.140,0.000,-35.000,4.31949,3.94261,200.98,-5.888,-26.199,-5.434,-24.178,-5.495,-7.014,0.92285,74.342
[SHELL] ccB:163,2147523809,1,-22.377,0.937,21.440,24.227,75.773,27.479,22.158,77.842,36.790
[SHELL] ccA:164,645865984,489379,11.859,-11.059,0.000,-35.000,3.88907,3.71178,16.13,-5.739,-26.302,-5.282,-24.211,-5.499,-7.015,0.92049,74.342
[SHELL] ccB:164,18999,1,-16.215,8.150,8.066,32.603,77.064,22.936,24.227,75.773,27.479
[SHELL] ccA:165,645967676,489379,11.859,-11.059,0.000,-35.000,3.88907,3.50616,200.99,-5.742,-26.304,-5.285,-24.210,-5.503,-7.017,0.92042,74.342
[SHELL] ccB:165,2147523803,1,-16.215,8.150,8.066,42.546,78.545,21.455,32.603,77.064,22.936
[SHELL] ccA:166,646085976,489380,2.863,-14.466,0.000,-35.000,3.46118,3.28389,16.13,-5.561,-26.235,-5.139,-24.242,-5.502,-7.017,0.92401,74.342
[SHELL] ccB:166,18995,1,-7.263,14.746,-7.483,53.327,78.804,21.196,42.546,78.545,21.455
[SHELL] ccA:167,646187728,489380,2.863,-14.466,0.000,-35.000,3.46118,3.08027,201.11,-5.561,-26.236,-5.108,-24.099,-5.501,-7.016,0.91854,73.902
[SHELL] ccB:167,2147523777,1,-7.263,14.746,-7.483,63.346,77.820,22.180,53.327,78.804,21.196
[SHELL] ccA:168,646305984,489381,-4.787,-13.038,0.000,-35.000,3.03206,2.85480,16.12,-5.403,-26.265,-4.993,-24.272,-5.497,-7.017,0.92415,74.342
[SHELL] ccB:168,18999,1,6.183,7.678,-13.862,73.517,75.475,24.525,63.346,77.820,22.180
[SHELL] ccA:169,646407652,489381,-4.787,-13.038,0.000,-35.000,3.03206,2.65225,200.96,-5.399,-26.266,-4.989,-24.273,-5.492,-7.018,0.92414,74.342
[SHELL] ccB:169,2147523815,1,6.183,7.678,-13.862,77.066,67.386,22.934,73.517,75.475,24.525
[SHELL] ccA:170,646526696,489382,4.092,-15.453,0.000,-35.000,2.60811,2.43089,16.89,-5.576,-26.217,-5.155,-24.238,-5.492,-7.018,0.92453,74.342
[SHELL] ccB:170,19355,1,4.335,11.158,-15.493,78.635,56.329,21.365,77.066,67.386,22.934
[SHELL] ccA:171,646628000,489382,4.092,-15.453,0.000,-35.000,2.60811,2.21808,201.06,-5.576,-26.217,-5.155,-24.238,-5.492,-7.018,0.92453,74.342
[SHELL] ccB:171,2147523641,1,4.335,11.158,-15.493,78.761,45.711,21.239,78.635,56.329,21.365
[SHELL] ccA:172,646746596,489383,23.998,-12.861,0.000,-35.000,2.17938,2.00206,16.70,-5.984,-26.270,-5.504,-24.162,-5.502,-7.019,0.91974,74.342
[SHELL] ccB:172,19305,1,-3.167,25.003,-21.836,77.435,34.447,22.565,78.761,45.711,21.239
[SHELL] ccA:173,646847996,489383,23.998,-12.861,0.000,-35.000,2.17938,1.79485,200.99,-5.994,-26.271,-5.512,-24.160,-5.511,-7.019,0.91965,74.342
[SHELL] ccB:173,2147523643,1,-3.167,25.003,-21.836,75.004,24.996,25.011,77.435,34.447,22.565
[SHELL] ccA:174,646966692,489384,10.289,-7.617,0.000,-35.000,1.74866,1.57138,16.78,-5.722,-26.379,-5.253,-24.217,-5.514,-7.022,0.91807,74.342
[SHELL] ccB:174,19353,1,5.676,7.099,-12.775,77.487,22.513,34.720,75.004,24.996,25.011
[SHELL] ccA:175,647068000,489384,10.289,-7.617,0.000,-35.000,1.74866,1.36569,200.99,-5.725,-26.381,-5.255,-24.217,-5.517,-7.025,0.91795,74.342
[SHELL] ccB:175,2147523641,1,5.676,7.099,-12.775,78.709,21.291,44.770,77.487,22.513,34.720
[SHELL] ctrlcap v1 armed=0 count=512 clock_hz=550000000 decimation=1
[SHELL] ccA:index,cycles,seq,id,iq,idref,iqref,theta,actangle,age_us,vdreq,vqreq,vd,vq,intd,intq,scale,bus
[SHELL] ccB:index,timer,valid,ia,ib,ic,du,dv,dw,active_u,active_v,active_w
[SHELL] ccA:176,647186668,489385,-4.321,-13.193,0.000,-35.000,1.31793,1.14061,16.75,-5.428,-26.270,-5.015,-24.268,-5.513,-7.026,0.92379,74.342
[SHELL] ccB:176,19341,1,11.693,-12.328,0.636,78.692,21.308,55.507,78.709,21.291,44.770
[SHELL] ccA:177,647288036,489385,-4.321,-13.193,0.000,-35.000,1.31793,0.93660,201.01,-5.424,-26.271,-5.011,-24.269,-5.509,-7.027,0.92379,74.342
[SHELL] ccB:177,2147523623,1,11.693,-12.328,0.636,77.454,22.546,65.453,78.692,21.308,55.507
[SHELL] ccA:178,647406520,489386,-11.860,-13.575,0.000,-35.000,0.89719,0.71993,16.84,-5.265,-26.264,-4.871,-24.297,-5.501,-7.028,0.92511,74.342
[SHELL] ccB:178,19267,1,3.211,-16.967,13.756,74.934,24.978,75.022,77.454,22.546,65.453
[SHELL] ccA:179,647507740,489386,-11.860,-13.575,0.000,-35.000,0.89719,0.51407,200.94,-5.258,-26.265,-4.864,-24.299,-5.493,-7.029,0.92514,74.342
[SHELL] ccB:179,2147523771,1,3.211,-16.967,13.756,65.562,22.566,77.434,74.934,24.978,75.022
[SHELL] ccA:180,647626256,489387,5.026,-17.534,0.000,-35.000,0.46424,0.28696,16.35,-5.596,-26.185,-5.179,-24.233,-5.493,-7.028,0.92548,74.342
[SHELL] ccB:180,19135,1,12.345,-17.801,5.456,53.817,21.217,78.783,65.562,22.566,77.434
[SHELL] ccA:181,647727856,489387,5.026,-17.534,0.000,-35.000,0.46424,0.07975,201.00,-5.596,-26.184,-5.179,-24.233,-5.494,-7.027,0.92552,74.342
[SHELL] ccB:181,2147523713,1,12.345,-17.801,5.456,43.478,21.379,78.621,53.817,21.217,78.783
[SHELL] ccA:182,647846416,489388,23.151,-13.961,0.000,-35.000,0.03712,6.14300,16.52,-5.968,-26.256,-5.493,-24.164,-5.503,-7.027,0.92034,74.342
[SHELL] ccB:182,19215,1,23.653,-23.165,-0.488,32.213,23.021,76.979,43.478,21.379,78.621
[SHELL] ccA:183,647947900,489388,23.151,-13.961,0.000,-35.000,0.03712,5.92914,201.05,-5.977,-26.256,-5.501,-24.162,-5.512,-7.027,0.92027,74.342
[SHELL] ccB:183,2147523691,1,23.653,-23.165,-0.488,24.254,27.387,75.746,32.213,23.021,76.979
[SHELL] ccA:184,648066412,489389,7.728,-14.041,0.000,-35.000,5.89703,5.71973,16.53,-5.670,-26.254,-5.232,-24.222,-5.514,-7.027,0.92260,74.342
[SHELL] ccB:184,19213,1,1.870,-14.720,12.850,22.186,36.614,77.814,24.254,27.387,75.746
[SHELL] ccA:185,648167936,489389,7.728,-14.041,0.000,-35.000,5.89703,5.51679,201.09,-5.672,-26.255,-5.233,-24.222,-5.515,-7.027,0.92257,74.342
[SHELL] ccB:185,2147523673,1,1.870,-14.720,12.850,21.199,46.601,78.801,22.186,36.614,77.814
[SHELL] ccA:186,648286456,489390,-1.453,-19.814,0.000,-35.000,5.46515,5.28787,16.57,-5.486,-26.137,-5.090,-24.252,-5.513,-7.025,0.92791,74.342
[SHELL] ccB:186,19235,1,-15.454,-3.086,18.540,21.479,57.719,78.521,21.199,46.601,78.801
[SHELL] ccA:187,648387892,489390,-1.453,-19.814,0.000,-35.000,5.46515,5.08596,200.98,-5.483,-26.135,-5.088,-24.253,-5.510,-7.024,0.92799,74.342
[SHELL] ccB:187,2147523695,1,-15.454,-3.086,18.540,22.951,67.465,77.049,21.479,57.719,78.521
[SHELL] ccA:188,648506480,489391,-0.770,-17.696,0.000,-35.000,5.03804,4.86074,16.57,-5.494,-26.176,-5.090,-24.252,-5.508,-7.023,0.92649,74.342
[SHELL] ccB:188,19247,1,-17.013,4.235,12.777,24.198,75.802,72.424,22.951,67.465,77.049
[SHELL] ccA:189,648607888,489391,-0.770,-17.696,0.000,-35.000,5.03804,4.66109,200.99,-5.492,-26.175,-5.088,-24.253,-5.505,-7.022,0.92654,74.342
[SHELL] ccB:189,2147523697,1,-17.013,4.235,12.777,22.144,77.856,63.120,24.198,75.802,72.424
[SHELL] ccA:190,648726476,489392,10.680,-18.253,0.000,-35.000,4.60037,4.42309,16.57,-5.724,-26.163,-5.296,-24.208,-5.508,-7.020,0.92528,74.342
[SHELL] ccB:190,19245,1,-19.332,2.242,17.090,21.138,78.862,50.945,22.144,77.856,63.120
[SHELL] ccA:191,648827924,489392,10.680,-18.253,0.000,-35.000,4.60037,4.22518,201.01,-5.727,-26.162,-5.299,-24.207,-5.512,-7.019,0.92530,74.342
[SHELL] ccB:191,2147523679,1,-19.332,2.242,17.090,21.594,78.406,41.091,21.138,78.862,50.945
[SHELL] ctrlcap v1 armed=0 count=512 clock_hz=550000000 decimation=1
[SHELL] ccA:index,cycles,seq,id,iq,idref,iqref,theta,actangle,age_us,vdreq,vqreq,vd,vq,intd,intq,scale,bus
[SHELL] ccB:index,timer,valid,ia,ib,ic,du,dv,dw,active_u,active_v,active_w
[SHELL] ccA:192,648946456,489393,21.414,-13.531,0.000,-35.000,4.17741,4.00010,16.57,-5.950,-26.257,-5.509,-24.311,-5.520,-7.020,0.92588,74.782
[SHELL] ccB:192,19235,1,-22.558,1.300,21.258,23.543,76.457,29.998,21.594,78.406,41.091
[SHELL] ccA:193,649047960,489393,21.414,-13.531,0.000,-35.000,4.17741,3.80366,201.04,-5.959,-26.258,-5.517,-24.309,-5.529,-7.021,0.92578,74.782
[SHELL] ccB:193,2147523661,1,-22.558,1.300,21.258,28.753,76.131,23.869,23.543,76.457,29.998
[SHELL] ccA:194,649166564,489394,7.364,-13.583,0.000,-35.000,3.74723,3.57002,16.63,-5.679,-26.258,-5.239,-24.221,-5.530,-7.021,0.92241,74.342
[SHELL] ccB:194,19289,1,-13.787,12.934,0.853,39.312,78.200,21.800,28.753,76.131,23.869
[SHELL] ccA:195,649267916,489394,7.364,-13.583,0.000,-35.000,3.74723,3.36876,200.89,-5.681,-26.258,-5.271,-24.364,-5.532,-7.023,0.92784,74.782
[SHELL] ccB:195,2147523683,1,-13.787,12.934,0.853,49.295,78.865,21.135,39.312,78.200,21.800
[SHELL] ccA:196,649386504,489395,-1.447,-15.010,0.000,-35.000,3.31802,3.14072,16.60,-5.502,-26.230,-5.117,-24.396,-5.529,-7.023,0.93008,74.782
[SHELL] ccB:196,19259,1,-1.210,13.622,-12.412,60.307,78.248,21.752,49.295,78.865,21.135
[SHELL] ccA:197,649487880,489395,-1.447,-15.010,0.000,-35.000,3.31802,2.94299,200.95,-5.499,-26.231,-5.115,-24.397,-5.526,-7.024,0.93007,74.782
[SHELL] ccB:197,2147523701,1,-1.210,13.622,-12.412,69.713,76.529,23.471,60.307,78.248,21.752
[SHELL] ccA:198,649606496,489396,-5.910,-15.072,0.000,-35.000,2.89234,2.71505,16.60,-5.405,-26.231,-5.001,-24.271,-5.521,-7.024,0.92528,74.342
[SHELL] ccB:198,19255,1,9.445,6.664,-16.109,76.389,70.271,23.611,69.713,76.529,23.471
[SHELL] ccA:199,649707912,489396,-5.910,-15.072,0.000,-35.000,2.89234,2.50760,201.00,-5.400,-26.231,-4.997,-24.272,-5.516,-7.025,0.92530,74.342
[SHELL] ccB:199,2147523685,1,9.445,6.664,-16.109,78.232,60.431,21.768,76.389,70.271,23.611
[SHELL] ccA:200,649826504,489397,11.114,-19.669,0.000,-35.000,2.45866,2.28137,16.60,-5.744,-26.137,-5.319,-24.203,-5.520,-7.023,0.92601,74.342
[SHELL] ccB:200,19259,1,3.791,17.392,-21.183,78.855,48.532,21.145,78.232,60.431,21.768
[SHELL] ccA:201,649927976,489397,11.114,-19.669,0.000,-35.000,2.45866,2.07764,201.05,-5.748,-26.135,-5.323,-24.202,-5.523,-7.021,0.92605,74.342
[SHELL] ccB:201,2147523653,1,3.791,17.392,-21.183,78.086,38.444,21.914,78.855,48.532,21.145
[SHELL] ccA:202,650046572,489398,21.247,-15.714,0.000,-35.000,2.03587,1.85857,16.62,-5.959,-26.214,-5.525,-24.307,-5.532,-7.021,0.92726,74.782
[SHELL] ccB:202,19293,1,4.516,20.291,-24.808,75.875,27.832,24.125,78.086,38.444,21.914
[SHELL] ccA:203,650147952,489398,21.247,-15.714,0.000,-35.000,2.03587,1.64815,201.01,-5.967,-26.214,-5.533,-24.305,-5.540,-7.021,0.92719,74.782
[SHELL] ccB:203,2147523665,1,4.516,20.291,-24.808,76.839,23.161,31.587,75.875,27.832,24.125
[SHELL] ccA:204,650266584,489399,3.431,-14.945,0.000,-35.000,1.59801,1.42072,16.67,-5.610,-26.230,-5.183,-24.232,-5.540,-7.021,0.92385,74.342
[SHELL] ccB:204,19299,1,14.846,-4.101,-10.745,78.486,21.514,41.896,76.839,23.161,31.587
[SHELL] ccA:205,650367948,489399,3.431,-14.945,0.000,-35.000,1.59801,1.22526,201.00,-5.610,-26.230,-5.214,-24.376,-5.539,-7.022,0.92932,74.782
[SHELL] ccB:205,2147523667,1,14.846,-4.101,-10.745,78.852,21.148,51.632,78.486,21.514,41.896
[SHELL] ccA:206,650486612,489400,-9.561,-15.234,0.000,-35.000,1.17619,0.99890,16.67,-5.343,-26.225,-4.977,-24.425,-5.533,-7.023,0.93139,74.782
[SHELL] ccB:206,19313,1,10.388,-17.910,7.522,77.975,22.025,62.336,78.852,21.148,51.632
[SHELL] ccA:207,650588000,489400,-9.561,-15.234,0.000,-35.000,1.17619,0.79061,200.99,-5.337,-26.226,-4.942,-24.283,-5.526,-7.023,0.92592,74.342
[SHELL] ccB:207,2147523641,1,10.388,-17.910,7.522,75.901,24.099,72.078,77.975,22.025,62.336
[SHELL] ctrlcap v1 armed=0 count=512 clock_hz=550000000 decimation=1
[SHELL] ccA:index,cycles,seq,id,iq,idref,iqref,theta,actangle,age_us,vdreq,vqreq,vd,vq,intd,intq,scale,bus
[SHELL] ccB:index,timer,valid,ia,ib,ic,du,dv,dw,active_u,active_v,active_w
[SHELL] ccA:208,650706204,489401,-5.847,-16.750,0.000,-35.000,0.74250,0.56524,16.33,-5.406,-26.195,-5.009,-24.269,-5.521,-7.022,0.92649,74.342
[SHELL] ccB:208,19109,1,7.017,-17.620,10.603,67.694,23.000,77.000,75.901,24.099,72.078
[SHELL] ccA:209,650807784,489401,-5.847,-16.750,0.000,-35.000,0.74250,0.36602,200.95,-5.401,-26.194,-5.005,-24.270,-5.516,-7.022,0.92654,74.342
[SHELL] ccB:209,2147523749,1,7.017,-17.620,10.603,58.098,21.514,78.486,67.694,23.000,77.000
[SHELL] ccA:210,650926244,489402,10.609,-20.001,0.000,-35.000,0.31118,0.13386,16.35,-5.734,-26.127,-5.312,-24.205,-5.519,-7.020,0.92642,74.342
[SHELL] ccB:210,19129,1,16.223,-21.788,5.565,45.896,21.230,78.770,58.098,21.514,78.486
[SHELL] ccA:211,651027928,489402,10.609,-20.001,0.000,-35.000,0.31118,6.21804,201.09,-5.737,-26.125,-5.315,-24.204,-5.523,-7.017,0.92646,74.342
[SHELL] ccB:211,2147523677,1,16.223,-21.788,5.565,36.119,22.267,77.733,45.896,21.230,78.770
[SHELL] ccA:212,651146420,489403,14.507,-15.483,0.000,-35.000,6.17460,5.99729,16.54,-5.820,-26.216,-5.371,-24.192,-5.528,-7.017,0.92280,74.342
[SHELL] ccB:212,19217,1,12.744,-21.063,8.319,25.838,24.727,75.273,36.119,22.267,77.733
[SHELL] ccA:213,651247872,489403,14.507,-15.483,0.000,-35.000,6.17460,5.79072,200.99,-5.825,-26.215,-5.375,-24.191,-5.533,-7.017,0.92277,74.342
[SHELL] ccB:213,2147523705,1,12.744,-21.063,8.319,22.747,33.511,77.253,25.838,24.727,75.273
[SHELL] ccA:214,651366456,489404,2.007,-22.201,0.000,-35.000,5.73965,5.56235,16.56,-5.574,-26.077,-5.180,-24.233,-5.532,-7.014,0.92929,74.342
[SHELL] ccB:214,19235,1,-9.764,-12.473,22.237,21.326,44.224,78.674,22.747,33.511,77.253
[SHELL] ccA:215,651467944,489404,2.007,-22.201,0.000,-35.000,5.73965,5.36577,201.02,-5.573,-26.074,-5.179,-24.233,-5.531,-7.011,0.92940,74.342
[SHELL] ccB:215,2147523669,1,-9.764,-12.473,22.237,21.227,54.034,78.773,21.326,44.224,78.674
[SHELL] ccA:216,651586480,489405,-4.983,-19.888,0.000,-35.000,5.31302,5.13574,16.58,-5.429,-26.119,-5.043,-24.262,-5.526,-7.009,0.92891,74.342
[SHELL] ccB:216,19247,1,-19.223,3.438,15.786,22.466,65.023,77.534,21.227,54.034,78.773
[SHELL] ccA:217,651687892,489405,-4.983,-19.888,0.000,-35.000,5.31302,4.93371,200.98,-5.424,-26.117,-5.039,-24.263,-5.522,-7.008,0.92900,74.342
[SHELL] ccB:217,2147523695,1,-19.223,3.438,15.786,24.765,74.280,75.235,22.466,65.023,77.534
[SHELL] ccA:218,651806460,489406,-3.354,-17.086,0.000,-35.000,4.89502,4.71727,16.58,-5.453,-26.220,-5.046,-24.261,-5.518,-7.007,0.92529,74.342
[SHELL] ccB:218,19237,1,-17.411,8.875,8.537,22.629,77.371,65.891,24.765,74.280,75.235
[SHELL] ccA:219,651907912,489406,-3.354,-17.086,0.000,-35.000,4.89502,4.50883,201.02,-5.449,-26.219,-5.043,-24.262,-5.514,-7.006,0.92535,74.342
[SHELL] ccB:219,2147523685,1,-17.411,8.875,8.537,21.324,78.676,55.743,22.629,77.371,65.891
[SHELL] ccA:220,652026524,489407,13.487,-18.268,0.000,-35.000,4.46258,4.28492,16.61,-5.791,-26.194,-5.349,-24.196,-5.519,-7.004,0.92372,74.342
[SHELL] ccB:220,19269,1,-21.036,3.112,17.924,21.345,78.655,43.942,21.324,78.676,55.743
[SHELL] ccA:221,652127940,489407,13.487,-18.268,0.000,-35.000,4.46258,4.08110,200.95,-5.795,-26.193,-5.354,-24.195,-5.524,-7.003,0.92374,74.342
[SHELL] ccB:221,2147523671,1,-21.036,3.112,17.924,22.648,77.352,34.013,21.345,78.655,43.942
[SHELL] ccA:222,652246488,489408,16.005,-12.463,0.000,-35.000,4.02966,3.85192,16.58,-5.852,-26.310,-5.380,-24.190,-5.529,-7.003,0.91940,74.342
[SHELL] ccB:222,19251,1,-19.767,5.939,13.828,26.403,75.451,24.549,22.648,77.352,34.013
[SHELL] ccA:223,652347932,489408,16.005,-12.463,0.000,-35.000,4.02966,3.64558,201.00,-5.857,-26.311,-5.385,-24.188,-5.535,-7.004,0.91934,74.342
[SHELL] ccB:223,2147523675,1,-19.767,5.939,13.828,35.945,77.704,22.296,26.403,75.451,24.549
[SHELL] ctrlcap v1 armed=0 count=512 clock_hz=550000000 decimation=1
[SHELL] ccA:index,cycles,seq,id,iq,idref,iqref,theta,actangle,age_us,vdreq,vqreq,vd,vq,intd,intq,scale,bus
[SHELL] ccB:index,timer,valid,ia,ib,ic,du,dv,dw,active_u,active_v,active_w
[SHELL] ccA:224,652466516,489409,4.011,-17.765,0.000,-35.000,3.60575,3.42801,16.61,-5.617,-26.203,-5.194,-24.230,-5.535,-7.003,0.92472,74.342
[SHELL] ccB:224,19265,1,-11.540,17.972,-6.432,46.241,78.786,21.214,35.945,77.704,22.296
[SHELL] ccA:225,652567940,489409,4.011,-17.765,0.000,-35.000,3.60575,3.21652,201.03,-5.617,-26.202,-5.194,-24.230,-5.535,-7.002,0.92476,74.342
[SHELL] ccB:225,2147523671,1,-11.540,17.972,-6.432,56.792,78.600,21.400,46.241,78.786,21.214
[SHELL] ccA:226,652686508,489410,-7.972,-16.952,0.000,-35.000,3.17204,2.99430,16.61,-5.371,-26.217,-4.974,-24.276,-5.529,-7.001,0.92598,74.342
[SHELL] ccB:226,19261,1,7.452,11.158,-18.610,67.115,77.124,22.876,56.792,78.600,21.400
[SHELL] ccA:227,652787916,489410,-7.972,-16.952,0.000,-35.000,3.17204,2.78969,200.97,-5.365,-26.216,-4.968,-24.277,-5.523,-7.000,0.92604,74.342
[SHELL] ccB:227,2147523683,1,7.452,11.158,-18.610,75.424,73.683,24.576,67.115,77.124,22.876
[SHELL] ccA:228,652906516,489411,-4.978,-18.049,0.000,-35.000,2.74612,2.56839,16.61,-5.421,-26.193,-5.022,-24.266,-5.518,-6.999,0.92644,74.342
[SHELL] ccB:228,19265,1,11.548,6.990,-18.537,77.822,63.333,22.178,75.424,73.683,24.576
[SHELL] ccA:229,653007916,489411,-4.978,-18.049,0.000,-35.000,2.74612,2.36563,200.98,-5.416,-26.192,-5.018,-24.267,-5.514,-6.998,0.92651,74.342
[SHELL] ccB:229,2147523681,1,11.548,6.990,-18.537,78.802,53.364,21.198,77.822,63.333,22.178
[SHELL] ccA:230,653126532,489412,16.017,-19.397,0.000,-35.000,2.32335,2.14559,16.63,-5.842,-26.163,-5.400,-24.185,-5.520,-6.996,0.92439,74.342
[SHELL] ccB:230,19273,1,3.211,20.001,-23.213,78.459,41.615,21.541,78.802,53.364,21.198
[SHELL] ccA:231,653227968,489412,16.017,-19.397,0.000,-35.000,2.32335,1.94210,201.02,-5.848,-26.161,-5.406,-24.184,-5.525,-6.994,0.92442,74.342
[SHELL] ccB:231,2147523657,1,3.211,20.001,-23.213,76.891,31.816,23.109,78.459,41.615,21.541
[SHELL] ccA:232,653346652,489413,16.040,-12.300,0.000,-35.000,1.89331,1.71560,16.71,-5.854,-26.304,-5.383,-24.189,-5.531,-6.995,0.91957,74.342
[SHELL] ccB:232,19333,1,6.582,13.260,-19.842,76.001,23.999,28.278,76.891,31.816,23.109
[SHELL] ccA:233,653447936,489413,16.040,-12.300,0.000,-35.000,1.89331,1.51157,200.92,-5.860,-26.305,-5.388,-24.188,-5.537,-6.995,0.91950,74.342
[SHELL] ccB:233,2147523673,1,6.582,13.260,-19.842,78.004,21.996,37.863,76.001,23.999,28.278
[SHELL] ccA:234,653566612,489414,1.964,-15.414,0.000,-35.000,1.46604,1.28830,16.69,-5.577,-26.242,-5.151,-24.239,-5.535,-6.995,0.92368,74.342
[SHELL] ccB:234,19313,1,15.534,-7.471,-8.063,78.853,21.147,48.415,78.004,21.996,37.863
[SHELL] ccA:235,653667968,489414,1.964,-15.414,0.000,-35.000,1.46604,1.08401,200.98,-5.576,-26.242,-5.150,-24.240,-5.534,-6.995,0.92369,74.342
[SHELL] ccB:235,2147523657,1,15.534,-7.471,-8.063,78.439,21.561,58.584,78.853,21.147,48.415
[SHELL] ccA:236,653786620,489415,-6.685,-14.998,0.000,-35.000,1.03488,0.85712,16.69,-5.397,-26.250,-4.991,-24.273,-5.529,-6.995,0.92467,74.342
[SHELL] ccB:236,19317,1,9.482,-16.351,6.870,76.668,23.332,69.142,78.439,21.561,58.584
[SHELL] ccA:237,653887788,489415,-6.685,-14.998,0.000,-35.000,1.03488,0.65191,201.05,-5.392,-26.250,-4.986,-24.274,-5.524,-6.995,0.92470,74.342
[SHELL] ccB:237,2147523747,1,9.482,-16.351,6.870,71.718,23.998,76.002,76.668,23.332,69.142
[SHELL] ccA:238,654006224,489416,-0.481,-17.319,0.000,-35.000,0.61185,0.43413,16.34,-5.514,-26.203,-5.103,-24.250,-5.521,-6.994,0.92545,74.342
[SHELL] ccB:238,19119,1,9.554,-17.294,7.739,61.240,21.871,78.129,71.718,23.998,76.002
[SHELL] ccA:239,654107800,489416,-0.481,-17.319,0.000,-35.000,0.61185,0.22643,200.97,-5.511,-26.202,-5.071,-24.106,-5.519,-6.993,0.92002,73.902
[SHELL] ccB:239,2147523741,1,9.554,-17.294,7.739,50.955,21.138,78.862,61.240,21.871,78.129
[SHELL] ctrlcap v1 armed=0 count=512 clock_hz=550000000 decimation=1
[SHELL] ccA:index,cycles,seq,id,iq,idref,iqref,theta,actangle,age_us,vdreq,vqreq,vd,vq,intd,intq,scale,bus
[SHELL] ccB:index,timer,valid,ia,ib,ic,du,dv,dw,active_u,active_v,active_w
[SHELL] ccA:240,654226532,489417,19.056,-16.151,0.000,-35.000,0.17868,0.00094,16.42,-5.910,-26.224,-5.415,-24.031,-5.526,-6.991,0.91638,73.902
[SHELL] ccB:240,19273,1,21.623,-21.643,0.019,39.054,21.833,78.167,50.955,21.138,78.862
[SHELL] ccA:241,654327880,489417,19.056,-16.151,0.000,-35.000,0.17868,6.08504,201.00,-5.917,-26.223,-5.454,-24.173,-5.533,-6.990,0.92183,74.342
[SHELL] ccB:241,2147523701,1,21.623,-21.643,0.019,29.609,23.642,76.358,39.054,21.833,78.167
[SHELL] ccA:242,654446436,489418,12.069,-11.070,0.000,-35.000,6.03460,5.85686,16.54,-5.781,-26.326,-5.315,-24.204,-5.537,-6.992,0.91939,74.342
[SHELL] ccB:242,19225,1,8.974,-16.351,7.377,23.465,30.312,76.535,29.609,23.642,76.358
[SHELL] ccA:243,654547884,489418,12.069,-11.070,0.000,-35.000,6.03460,5.64317,200.98,-5.784,-26.327,-5.318,-24.203,-5.541,-6.993,0.91932,74.342
[SHELL] ccB:243,2147523699,1,8.974,-16.351,7.377,21.657,40.512,78.343,23.465,30.312,76.535
[SHELL] ccA:244,654666484,489419,1.744,-17.381,0.000,-35.000,5.61736,5.43966,16.54,-5.576,-26.199,-5.159,-24.238,-5.539,-6.992,0.92512,74.342
[SHELL] ccB:244,19249,1,-9.365,-8.088,17.453,21.133,50.302,78.867,21.657,40.512,78.343
[SHELL] ccA:245,654767916,489419,1.744,-17.381,0.000,-35.000,5.61736,5.22724,200.97,-5.575,-26.198,-5.158,-24.238,-5.538,-6.991,0.92517,74.342
[SHELL] ccB:245,2147523683,1,-9.365,-8.088,17.453,21.818,60.834,78.182,21.133,50.302,78.867
[SHELL] ccA:246,654886472,489420,-4.790,-16.161,0.000,-35.000,5.18241,5.00467,16.58,-5.440,-26.222,-5.034,-24.264,-5.534,-6.990,0.92531,74.342
[SHELL] ccB:246,19243,1,-16.578,5.649,10.929,23.831,71.110,76.169,21.818,60.834,78.182
[SHELL] ccA:247,654987948,489420,-4.790,-16.161,0.000,-35.000,5.18241,4.79207,201.11,-5.435,-26.222,-5.030,-24.265,-5.529,-6.990,0.92536,74.342
[SHELL] ccB:247,2147523667,1,-16.578,5.649,10.929,23.399,76.601,69.420,23.831,71.110,76.169
[SHELL] ccA:248,655106504,489421,1.804,-15.895,0.000,-35.000,4.74994,4.57221,16.61,-5.566,-26.227,-5.145,-24.241,-5.528,-6.990,0.92426,74.342
[SHELL] ccB:248,19259,1,-15.817,5.830,9.986,21.570,78.430,58.671,23.399,76.601,69.420
[SHELL] ccA:249,655207908,489421,1.804,-15.895,0.000,-35.000,4.74994,4.36479,200.94,-5.565,-26.227,-5.144,-24.241,-5.527,-6.989,0.92428,74.342
[SHELL] ccB:249,2147523687,1,-15.817,5.830,9.986,21.148,78.852,48.346,21.570,78.430,58.671
[SHELL] ccA:250,655326464,489422,17.017,-15.280,0.000,-35.000,4.32251,4.14475,16.58,-5.876,-26.239,-5.415,-24.182,-5.533,-6.989,0.92159,74.342
[SHELL] ccB:250,19239,1,-20.601,1.698,18.902,22.135,77.865,36.937,21.148,78.852,48.346
[SHELL] ccA:251,655427924,489422,17.017,-15.280,0.000,-35.000,4.32251,3.93387,200.99,-5.882,-26.239,-5.421,-24.181,-5.539,-6.989,0.92156,74.342
[SHELL] ccB:251,2147523679,1,-20.601,1.698,18.902,24.334,75.666,27.113,22.135,77.865,36.937
[SHELL] ccA:252,655546512,489423,9.030,-11.225,0.000,-35.000,3.89163,3.71390,16.61,-5.724,-26.321,-5.266,-24.215,-5.541,-6.990,0.91996,74.342
[SHELL] ccB:252,19263,1,-14.258,8.911,5.347,32.472,77.036,22.964,24.334,75.666,27.113
[SHELL] ccA:253,655647920,489423,9.030,-11.225,0.000,-35.000,3.89163,3.50552,201.00,-5.727,-26.323,-5.268,-24.214,-5.544,-6.991,0.91990,74.342
[SHELL] ccB:253,2147523681,1,-14.258,8.911,5.347,42.543,78.545,21.455,32.472,77.036,22.964
[SHELL] ccA:254,655766452,489424,-1.827,-15.777,0.000,-35.000,3.46701,3.28925,16.61,-5.506,-26.231,-5.091,-24.252,-5.541,-6.991,0.92457,74.342
[SHELL] ccB:254,19233,1,-3.312,15.108,-11.796,52.961,78.817,21.183,42.543,78.545,21.455
[SHELL] ccA:255,655867864,489424,-1.827,-15.777,0.000,-35.000,3.46701,3.08192,200.98,-5.503,-26.230,-5.088,-24.253,-5.538,-6.991,0.92460,74.342
[SHELL] ccB:255,2147523709,1,-3.312,15.108,-11.796,63.167,77.849,22.151,52.961,78.817,21.183
[SHELL] ctrlcap v1 armed=0 count=512 clock_hz=550000000 decimation=1
[SHELL] ccA:index,cycles,seq,id,iq,idref,iqref,theta,actangle,age_us,vdreq,vqreq,vd,vq,intd,intq,scale,bus
[SHELL] ccB:index,timer,valid,ia,ib,ic,du,dv,dw,active_u,active_v,active_w
[SHELL] ccA:256,655986420,489425,-8.613,-16.981,0.000,-35.000,3.02940,2.85165,16.53,-5.361,-26.205,-4.967,-24.278,-5.531,-6.990,0.92644,74.342
[SHELL] ccB:256,19217,1,10.460,8.548,-19.009,73.608,75.447,24.553,63.167,77.849,22.151
[SHELL] ccA:257,656087872,489425,-8.613,-16.981,0.000,-35.000,3.02940,2.65000,200.98,-5.355,-26.205,-4.961,-24.279,-5.525,-6.989,0.92651,74.342
[SHELL] ccB:257,2147523705,1,10.460,8.548,-19.009,77.077,67.334,22.923,73.608,75.447,24.553
[SHELL] ccA:258,656206416,489426,2.091,-19.229,0.000,-35.000,2.60095,2.42320,16.53,-5.568,-26.158,-5.159,-24.238,-5.524,-6.988,0.92658,74.342
[SHELL] ccB:258,19215,1,8.104,11.158,-19.262,78.663,55.940,21.337,77.077,67.334,22.923
[SHELL] ccA:259,656307884,489426,2.091,-19.229,0.000,-35.000,2.60095,2.21931,201.01,-5.567,-26.156,-5.159,-24.238,-5.523,-6.986,0.92665,74.342
[SHELL] ccB:259,2147523699,1,8.104,11.158,-19.262,78.764,45.765,21.236,78.663,55.940,21.337
[SHELL] ccA:260,656426492,489427,20.076,-16.907,0.000,-35.000,2.17305,1.99532,16.55,-5.935,-26.202,-5.474,-24.168,-5.531,-6.985,0.92238,74.342
[SHELL] ccB:260,19253,1,2.559,21.342,-23.901,77.386,34.186,22.614,78.764,45.765,21.236
[SHELL] ccA:261,656527924,489427,20.076,-16.907,0.000,-35.000,2.17305,1.78761,200.99,-5.942,-26.201,-5.481,-24.167,-5.539,-6.984,0.92236,74.342
[SHELL] ccB:261,2147523679,1,2.559,21.342,-23.901,75.089,24.911,25.270,77.386,34.186,22.614
[SHELL] ccA:262,656646512,489428,5.900,-11.688,0.000,-35.000,1.74863,1.57089,16.61,-5.660,-26.307,-5.212,-24.226,-5.539,-6.985,0.92091,74.342
[SHELL] ccB:262,19263,1,10.460,1.590,-12.050,77.476,22.524,34.662,75.089,24.911,25.270
[SHELL] ccA:263,656747976,489428,5.900,-11.688,0.000,-35.000,1.74863,1.36417,201.09,-5.660,-26.308,-5.212,-24.226,-5.540,-6.986,0.92086,74.342
[SHELL] ccB:263,2147523653,1,10.460,1.590,-12.050,78.708,21.292,44.757,77.476,22.524,34.662
[SHELL] ccA:264,656866500,489429,-5.596,-16.905,0.000,-35.000,1.31284,1.13509,16.61,-5.425,-26.203,-5.024,-24.266,-5.535,-6.986,0.92609,74.342
[SHELL] ccB:264,19257,1,14.918,-15.880,0.962,78.673,21.327,55.800,78.708,21.292,44.757
[SHELL] ccA:265,656967948,489429,-5.596,-16.905,0.000,-35.000,1.31284,0.92734,201.00,-5.421,-26.202,-5.020,-24.267,-5.530,-6.985,0.92614,74.342
[SHELL] ccB:265,2147523667,1,14.918,-15.880,0.962,77.367,22.633,65.911,78.673,21.327,55.800
[SHELL] ccA:266,657086356,489430,-11.851,-16.052,0.000,-35.000,0.88672,0.70902,16.66,-5.288,-26.219,-4.899,-24.292,-5.523,-6.985,0.92649,74.342
[SHELL] ccB:266,19185,1,4.951,-19.214,14.263,74.410,24.806,75.194,77.367,22.633,65.911
[SHELL] ccA:267,657187720,489430,-11.851,-16.052,0.000,-35.000,0.88672,0.50069,200.99,-5.280,-26.219,-4.892,-24.293,-5.515,-6.985,0.92655,74.342
[SHELL] ccB:267,2147523781,1,4.951,-19.214,14.263,64.870,22.439,77.561,74.410,24.806,75.194
[SHELL] ccA:268,657306152,489431,1.663,-19.473,0.000,-35.000,0.45564,0.27790,16.29,-5.549,-26.148,-5.144,-24.241,-5.514,-6.983,0.92705,74.342
[SHELL] ccB:268,19083,1,10.062,-19.541,9.479,53.437,21.201,78.799,64.870,22.439,77.561
[SHELL] ccA:269,657407820,489431,1.663,-19.473,0.000,-35.000,0.45564,0.06903,201.03,-5.548,-26.147,-5.143,-24.241,-5.512,-6.981,0.92712,74.342
[SHELL] ccB:269,2147523731,1,10.062,-19.541,9.479,43.021,21.415,78.585,53.437,21.201,78.799
[SHELL] ccA:270,657526372,489432,17.820,-15.057,0.000,-35.000,0.02429,6.12974,16.50,-5.878,-26.235,-5.417,-24.181,-5.519,-6.981,0.92170,74.342
[SHELL] ccB:270,19193,1,18.180,-21.752,3.571,31.740,23.126,76.874,43.021,21.415,78.585
[SHELL] ccA:271,657627852,489432,17.820,-15.057,0.000,-35.000,0.02429,5.92912,200.99,-5.884,-26.235,-5.423,-24.180,-5.526,-6.981,0.92166,74.342
[SHELL] ccB:271,2147523715,1,18.180,-21.752,3.571,24.295,27.245,75.705,31.740,23.126,76.874
[SHELL] ctrlcap v1 armed=0 count=512 clock_hz=550000000 decimation=1
[SHELL] ccA:index,cycles,seq,id,iq,idref,iqref,theta,actangle,age_us,vdreq,vqreq,vd,vq,intd,intq,scale,bus
[SHELL] ccB:index,timer,valid,ia,ib,ic,du,dv,dw,active_u,active_v,active_w
[SHELL] ccA:272,657746364,489433,-1.469,-15.940,0.000,-35.000,5.87597,5.69824,16.48,-5.495,-26.217,-5.084,-24.254,-5.523,-6.980,0.92512,74.342
[SHELL] ccB:272,19189,1,-7.662,-8.341,16.003,22.070,37.358,77.930,24.295,27.245,75.705
[SHELL] ccA:273,657847924,489433,-1.469,-15.940,0.000,-35.000,5.87597,5.48239,201.10,-5.493,-26.216,-5.082,-24.254,-5.520,-6.980,0.92515,74.342
[SHELL] ccB:273,2147523679,1,-7.662,-8.341,16.003,21.155,48.007,78.845,22.070,37.358,77.930
[SHELL] ccA:274,657966412,489434,-8.000,-21.711,0.000,-35.000,5.45572,5.27800,16.54,-5.356,-26.098,-4.982,-24.275,-5.514,-6.977,0.93014,74.342
[SHELL] ccB:274,19213,1,-21.398,3.076,18.323,21.503,57.986,78.497,21.155,48.007,78.845
[SHELL] ccA:275,658067852,489434,-8.000,-21.711,0.000,-35.000,5.45572,5.06293,200.97,-5.350,-26.095,-4.977,-24.276,-5.508,-6.975,0.93027,74.342
[SHELL] ccB:275,2147523715,1,-21.398,3.076,18.323,23.142,68.327,76.858,21.503,57.986,78.497
[SHELL] ccA:276,658186392,489435,-8.848,-20.179,0.000,-35.000,5.01780,4.84007,16.51,-5.327,-26.124,-4.951,-24.281,-5.502,-6.973,0.92944,74.342
[SHELL] ccB:276,19203,1,-21.905,13.006,8.899,24.008,75.992,71.754,23.142,68.327,76.858
[SHELL] ccA:277,658287872,489435,-8.848,-20.179,0.000,-35.000,5.01780,4.64545,200.98,-5.321,-26.122,-4.946,-24.282,-5.496,-6.971,0.92955,74.342
[SHELL] ccB:277,2147523705,1,-21.905,13.006,8.899,22.071,77.929,62.648,24.008,75.992,71.754
[SHELL] ccA:278,658406400,489436,2.004,-20.397,0.000,-35.000,4.59575,4.41798,16.51,-5.537,-26.116,-5.139,-24.242,-5.495,-6.969,0.92823,74.342
[SHELL] ccB:278,19207,1,-20.492,10.578,9.914,21.138,78.862,51.014,22.071,77.929,62.648
[SHELL] ccA:279,658507900,489436,2.004,-20.397,0.000,-35.000,4.59575,4.20513,201.06,-5.536,-26.114,-5.139,-24.242,-5.494,-6.967,0.92831,74.342
[SHELL] ccB:279,2147523691,1,-20.492,10.578,9.914,21.666,78.334,40.432,21.138,78.862,51.014
[SHELL] ccA:280,658626436,489437,15.378,-16.344,0.000,-35.000,4.16088,3.98313,16.51,-5.809,-26.195,-5.365,-24.193,-5.499,-6.967,0.92356,74.342
[SHELL] ccB:280,19225,1,-21.978,7.062,14.916,23.687,76.313,29.435,21.666,78.334,40.432
[SHELL] ccA:281,658727852,489437,15.378,-16.344,0.000,-35.000,4.16088,3.78187,200.96,-5.814,-26.194,-5.370,-24.192,-5.505,-6.966,0.92355,74.342
[SHELL] ccB:281,2147523715,1,-21.978,7.062,14.916,29.528,76.337,23.663,23.687,76.313,29.435
[SHELL] ccA:282,658846452,489438,-0.253,-14.403,0.000,-35.000,3.73787,3.56015,16.57,-5.499,-26.234,-5.084,-24.253,-5.502,-6.966,0.92452,74.342
[SHELL] ccB:282,19233,1,-7.879,14.384,-6.504,39.483,78.222,21.778,29.528,76.337,23.663
[SHELL] ccA:283,658947880,489438,-0.253,-14.403,0.000,-35.000,3.73787,3.35368,200.98,-5.497,-26.234,-5.082,-24.254,-5.500,-6.967,0.92452,74.342
[SHELL] ccB:283,2147523701,1,-7.879,14.384,-6.504,49.723,78.867,21.133,39.483,78.222,21.778
[SHELL] ccA:284,659066428,489439,-8.750,-15.973,0.000,-35.000,3.30900,3.13124,16.54,-5.321,-26.202,-4.932,-24.285,-5.494,-6.967,0.92683,74.342
[SHELL] ccB:284,19221,1,5.966,11.919,-17.885,60.457,78.229,21.771,49.723,78.867,21.133
[SHELL] ccA:285,659167900,489439,-8.750,-15.973,0.000,-35.000,3.30900,2.92621,201.03,-5.315,-26.202,-4.926,-24.286,-5.488,-6.967,0.92688,74.342
[SHELL] ccB:285,2147523691,1,5.966,11.919,-17.885,70.182,76.411,23.589,60.457,78.229,21.771
[SHELL] ccA:286,659286492,489440,-10.253,-17.743,0.000,-35.000,2.87565,2.69795,16.57,-5.277,-26.166,-4.899,-24.291,-5.481,-6.966,0.92837,74.342
[SHELL] ccB:286,19253,1,14.556,5.214,-19.770,76.538,69.679,23.462,70.182,76.411,23.589
[SHELL] ccA:287,659387876,489440,-10.253,-17.743,0.000,-35.000,2.87565,2.49273,200.95,-5.270,-26.165,-4.893,-24.293,-5.474,-6.965,0.92844,74.342
[SHELL] ccB:287,2147523703,1,14.556,5.214,-19.770,78.295,59.912,21.705,76.538,69.679,23.462
[SHELL] ctrlcap v1 armed=0 count=512 clock_hz=550000000 decimation=1
[SHELL] ccA:index,cycles,seq,id,iq,idref,iqref,theta,actangle,age_us,vdreq,vqreq,vd,vq,intd,intq,scale,bus
[SHELL] ccB:index,timer,valid,ia,ib,ic,du,dv,dw,active_u,active_v,active_w
[SHELL] ccA:288,659506440,489441,5.224,-20.383,0.000,-35.000,2.45199,2.27428,16.50,-5.581,-26.110,-5.179,-24.233,-5.474,-6.963,0.92812,74.342
[SHELL] ccB:288,19227,1,8.938,12.028,-20.966,78.854,48.466,21.146,78.295,59.912,21.705
[SHELL] ccA:289,659607880,489441,5.224,-20.383,0.000,-35.000,2.45199,2.06598,200.94,-5.581,-26.108,-5.180,-24.233,-5.475,-6.961,0.92818,74.342
[SHELL] ccB:289,2147523701,1,8.938,12.028,-20.966,78.047,38.162,21.953,78.854,48.466,21.146
[SHELL] ccA:290,659726480,489442,13.069,-13.745,0.000,-35.000,2.03104,1.85331,16.57,-5.743,-26.242,-5.297,-24.208,-5.479,-6.961,0.92248,74.342
[SHELL] ccB:290,19247,1,6.510,12.173,-18.682,75.911,27.959,24.089,78.047,38.162,21.953
[SHELL] ccA:291,659827928,489442,13.069,-13.745,0.000,-35.000,2.03104,1.64942,201.07,-5.747,-26.243,-5.301,-24.207,-5.483,-6.962,0.92243,74.342
[SHELL] ccB:291,2147523677,1,6.510,12.173,-18.682,76.737,23.263,31.146,75.911,27.959,24.089
[SHELL] ccA:292,659946420,489443,-1.716,-12.811,0.000,-35.000,1.59743,1.41967,16.53,-5.448,-26.262,-5.034,-24.264,-5.480,-6.963,0.92392,74.342
[SHELL] ccB:292,19217,1,12.852,-7.616,-5.236,78.461,21.539,41.643,76.737,23.263,31.146
[SHELL] ccA:293,660048576,489443,-1.716,-12.811,0.000,-35.000,1.59743,1.21431,201.00,-5.445,-26.263,-5.001,-24.121,-5.477,-6.963,0.91843,73.902
[SHELL] ccB:293,2147523353,1,12.852,-7.616,-5.236,78.847,21.153,51.866,78.461,21.539,41.643
[SHELL] ccA:294,660166464,489444,-11.425,-13.403,0.000,-35.000,1.17253,0.99479,16.53,-5.243,-26.251,-4.825,-24.157,-5.470,-6.964,0.92021,73.902
[SHELL] ccB:294,19239,1,7.923,-17.583,9.660,77.973,22.027,62.348,78.847,21.153,51.866
[SHELL] ccA:295,660267920,489444,-11.425,-13.403,0.000,-35.000,1.17253,0.78740,201.01,-5.235,-26.252,-4.818,-24.158,-5.462,-6.964,0.92025,73.902
[SHELL] ccB:295,2147523681,1,7.923,-17.583,9.660,75.910,24.090,72.047,77.973,22.027,62.348
[SHELL] ccA:296,660386008,489445,-10.082,-16.021,0.000,-35.000,0.74967,0.57194,16.15,-5.255,-26.198,-4.845,-24.153,-5.455,-6.963,0.92192,73.902
[SHELL] ccB:296,19011,1,3.538,-17.873,14.336,68.266,23.128,76.872,75.910,24.090,72.047
[SHELL] ccA:297,660487716,489445,-10.082,-16.021,0.000,-35.000,0.74967,0.36960,201.00,-5.248,-26.198,-4.839,-24.154,-5.448,-6.963,0.92199,73.902
[SHELL] ccB:297,2147523783,1,3.538,-17.873,14.336,58.552,21.558,78.442,68.266,23.128,76.872
[SHELL] ccA:298,660606116,489446,7.166,-19.564,0.000,-35.000,0.31362,0.13586,16.21,-5.594,-26.124,-5.189,-24.231,-5.449,-6.961,0.92753,74.342
[SHELL] ccB:298,19065,1,12.852,-20.628,7.776,46.248,21.214,78.786,58.552,21.558,78.442
[SHELL] ccA:299,660707668,489446,7.166,-19.564,0.000,-35.000,0.31362,6.21360,200.99,-5.596,-26.123,-5.191,-24.231,-5.451,-6.959,0.92758,74.342
[SHELL] ccB:299,2147523807,1,12.852,-20.628,7.776,36.152,22.262,77.738,46.248,21.214,78.786
[SHELL] ccA:300,660826052,489447,13.652,-14.803,0.000,-35.000,6.17331,5.99565,16.16,-5.731,-26.218,-5.291,-24.209,-5.455,-6.959,0.92336,74.342
[SHELL] ccB:300,19033,1,11.946,-20.012,8.066,25.909,24.704,75.296,36.152,22.262,77.738
[SHELL] ccA:301,660927648,489447,13.652,-14.803,0.000,-35.000,6.17331,5.78631,200.89,-5.735,-26.219,-5.295,-24.208,-5.460,-6.959,0.92332,74.342
[SHELL] ccB:301,2147523817,1,11.946,-20.012,8.066,22.737,33.563,77.263,25.909,24.704,75.296
[SHELL] ccA:302,661045972,489448,-1.380,-19.825,0.000,-35.000,5.74871,5.57100,16.11,-5.432,-26.116,-5.046,-24.261,-5.457,-6.957,0.92900,74.342
[SHELL] ccB:302,18993,1,-11.286,-8.523,19.809,21.376,43.521,78.624,22.737,33.563,77.263
[SHELL] ccA:303,661147656,489448,-1.380,-19.825,0.000,-35.000,5.74871,5.35921,200.97,-5.429,-26.114,-5.044,-24.262,-5.455,-6.956,0.92908,74.342
[SHELL] ccB:303,2147523813,1,-11.286,-8.523,19.809,21.229,54.083,78.771,21.376,43.521,78.624
[SHELL] ctrlcap v1 armed=0 count=512 clock_hz=550000000 decimation=1
[SHELL] ccA:index,cycles,seq,id,iq,idref,iqref,theta,actangle,age_us,vdreq,vqreq,vd,vq,intd,intq,scale,bus
[SHELL] ccB:index,timer,valid,ia,ib,ic,du,dv,dw,active_u,active_v,active_w
[SHELL] ccA:304,661266072,489449,-5.614,-19.814,0.000,-35.000,5.32467,5.14693,16.26,-5.340,-26.112,-4.965,-24.278,-5.450,-6.954,0.92975,74.342
[SHELL] ccB:304,19043,1,-19.441,3.837,15.604,22.344,64.334,77.656,21.229,54.083,78.771
[SHELL] ccA:305,661367692,489449,-5.614,-19.814,0.000,-35.000,5.32467,4.94462,201.02,-5.335,-26.111,-4.961,-24.279,-5.445,-6.953,0.92984,74.342
[SHELL] ccB:305,2147523795,1,-19.441,3.837,15.604,24.569,73.660,75.431,22.344,64.334,77.656
[SHELL] ccA:306,661486096,489450,-2.198,-17.370,0.000,-35.000,4.89167,4.71392,16.29,-5.400,-26.159,-5.010,-24.269,-5.442,-6.952,0.92773,74.342
[SHELL] ccB:306,19055,1,-17.484,7.932,9.552,22.612,77.388,65.802,24.569,73.660,75.431
[SHELL] ccA:307,661587644,489450,-2.198,-17.370,0.000,-35.000,4.89167,4.50944,200.95,-5.397,-26.159,-5.007,-24.269,-5.439,-6.951,0.92777,74.342
[SHELL] ccB:307,2147523819,1,-17.484,7.932,9.552,21.330,78.670,55.846,22.612,77.388,65.802
[SHELL] ccA:308,661706068,489451,13.432,-18.194,0.000,-35.000,4.46522,4.28749,16.26,-5.715,-26.141,-5.292,-24.209,-5.444,-6.950,0.92608,74.342
[SHELL] ccB:308,19041,1,-20.927,3.039,17.888,21.328,78.672,44.187,21.330,78.670,55.846
[SHELL] ccA:309,661807652,489451,13.432,-18.194,0.000,-35.000,4.46522,4.09064,200.97,-5.719,-26.140,-5.296,-24.208,-5.448,-6.949,0.92609,74.342
[SHELL] ccB:309,2147523815,1,-20.927,3.039,17.888,22.540,77.460,34.578,21.328,78.672,44.187
[SHELL] ccA:310,661926064,489452,15.682,-12.368,0.000,-35.000,4.04055,3.86282,16.26,-5.770,-26.258,-5.318,-24.203,-5.454,-6.950,0.92174,74.342
[SHELL] ccB:310,19039,1,-19.441,5.758,13.683,25.813,75.265,24.735,22.540,77.460,34.578
[SHELL] ccA:311,662027656,489452,15.682,-12.368,0.000,-35.000,4.04055,3.66723,200.97,-5.776,-26.259,-5.323,-24.202,-5.460,-6.951,0.92166,74.342
[SHELL] ccB:311,2147523813,1,-19.441,5.758,13.683,34.788,77.499,22.501,25.813,75.265,24.735
[SHELL] ccA:312,662145976,489453,6.331,-16.668,0.000,-35.000,3.60974,3.43199,16.13,-5.589,-26.172,-5.176,-24.234,-5.461,-6.950,0.92595,74.342
[SHELL] ccB:312,18995,1,-13.171,16.993,-3.822,46.004,78.775,21.225,34.788,77.499,22.501
[SHELL] ccA:313,662247700,489453,6.331,-16.668,0.000,-35.000,3.60974,3.22904,201.03,-5.590,-26.172,-5.177,-24.234,-5.462,-6.950,0.92596,74.342
[SHELL] ccB:313,2147523791,1,-13.171,16.993,-3.822,56.135,78.649,21.351,46.004,78.775,21.225
[SHELL] ccA:314,662365980,489454,-3.573,-12.863,0.000,-35.000,3.18355,3.00582,16.13,-5.389,-26.249,-4.983,-24.274,-5.458,-6.951,0.92477,74.342
[SHELL] ccB:314,18997,1,3.030,9.744,-12.775,66.592,77.232,22.768,56.135,78.649,21.351
[SHELL] ccA:315,662467660,489454,-3.573,-12.863,0.000,-35.000,3.18355,2.80561,201.01,-5.385,-26.250,-4.980,-24.275,-5.454,-6.952,0.92476,74.342
[SHELL] ccB:315,2147523811,1,3.030,9.744,-12.775,75.210,74.360,24.790,66.592,77.232,22.768
[SHELL] ccA:316,662586272,489455,-1.543,-14.006,0.000,-35.000,2.76820,2.59047,16.13,-5.423,-26.228,-5.017,-24.267,-5.451,-6.953,0.92525,74.342
[SHELL] ccB:316,19143,1,6.546,7.533,-14.079,77.644,64.403,22.356,75.210,74.360,24.790
[SHELL] ccA:317,662688064,489455,-1.543,-14.006,0.000,-35.000,2.76820,2.37148,201.18,-5.420,-26.229,-5.015,-24.268,-5.449,-6.954,0.92524,74.342
[SHELL] ccB:317,2147523609,1,6.546,7.533,-14.079,78.790,53.663,21.210,77.644,64.403,22.356
[SHELL] ccA:318,662806600,489456,21.013,-15.103,0.000,-35.000,2.32940,2.15166,16.70,-5.879,-26.207,-5.425,-24.180,-5.457,-6.953,0.92264,74.342
[SHELL] ccB:318,19307,1,-3.494,23.952,-20.458,78.483,41.865,21.517,78.790,53.663,21.210
[SHELL] ccA:319,662907988,489456,21.013,-15.103,0.000,-35.000,2.32940,1.94251,200.99,-5.888,-26.263,-5.421,-24.180,-5.465,-6.953,0.92072,74.342
[SHELL] ccB:319,2147523647,1,-3.494,23.952,-20.458,76.889,31.806,23.111,78.483,41.865,21.517
[SHELL] ctrlcap v1 armed=0 count=512 clock_hz=550000000 decimation=1
[SHELL] ccA:index,cycles,seq,id,iq,idref,iqref,theta,actangle,age_us,vdreq,vqreq,vd,vq,intd,intq,scale,bus
[SHELL] ccB:index,timer,valid,ia,ib,ic,du,dv,dw,active_u,active_v,active_w
[SHELL] ccA:320,663026648,489457,17.692,-6.951,0.000,-35.000,1.89632,1.71805,16.75,-5.828,-26.429,-5.336,-24.199,-5.471,-6.956,0.91562,74.342
[SHELL] ccB:320,19331,1,0.928,15.978,-16.906,75.945,24.055,28.080,76.889,31.806,23.111
[SHELL] ccA:321,663127984,489457,17.692,-6.951,0.000,-35.000,1.89632,1.52013,200.98,-5.834,-26.432,-5.309,-24.055,-5.478,-6.958,0.91007,73.902
[SHELL] ccB:321,2147523649,1,0.928,15.978,-16.906,77.929,22.071,37.354,75.945,24.055,28.080
[SHELL] ccA:322,663246660,489458,-1.191,-11.245,0.000,-35.000,1.47385,1.29557,16.75,-5.453,-26.346,-4.993,-24.123,-5.475,-6.959,0.91560,73.902
[SHELL] ccB:322,19337,1,11.076,-7.508,-3.569,78.839,21.161,47.787,77.929,22.071,37.354
[SHELL] ccA:323,663347984,489458,-1.191,-11.245,0.000,-35.000,1.47385,1.09161,200.99,-5.450,-26.347,-5.020,-24.267,-5.472,-6.960,0.92105,74.342
[SHELL] ccB:323,2147523649,1,11.076,-7.508,-3.569,78.501,21.499,57.945,78.839,21.161,47.787
[SHELL] ccA:324,663466696,489459,-8.709,-12.853,0.000,-35.000,1.04365,0.86538,16.75,-5.293,-26.316,-4.887,-24.294,-5.466,-6.961,0.92318,74.342
[SHELL] ccB:324,19355,1,6.727,-15.481,8.754,76.805,23.195,68.561,78.501,21.499,57.945
[SHELL] ccA:325,663567792,489459,-8.709,-12.853,0.000,-35.000,1.04365,0.67451,200.98,-5.287,-26.317,-4.881,-24.295,-5.459,-6.962,0.92319,74.342
[SHELL] ccB:325,2147523745,1,6.727,-15.481,8.754,72.922,24.345,75.655,76.805,23.195,68.561
[SHELL] ccA:326,663686312,489460,-0.920,-15.935,0.000,-35.000,0.61412,0.43594,16.41,-5.440,-26.254,-5.028,-24.265,-5.457,-6.962,0.92423,74.342
[SHELL] ccB:326,19163,1,8.431,-15.953,7.522,61.478,21.903,78.097,72.922,24.345,75.655
[SHELL] ccA:327,663787860,489460,-0.920,-15.935,0.000,-35.000,0.61412,0.23390,200.96,-5.438,-26.254,-5.026,-24.266,-5.454,-6.961,0.92427,74.342
[SHELL] ccB:327,2147523711,1,8.431,-15.953,7.522,51.483,21.145,78.855,61.478,21.903,78.097
[SHELL] ccA:328,663906404,489461,21.172,-15.632,0.000,-35.000,0.19161,0.01333,16.41,-5.888,-26.260,-5.422,-24.180,-5.462,-6.961,0.92081,74.342
[SHELL] ccB:328,19209,1,23.762,-21.679,-2.083,39.712,21.750,78.250,51.483,21.145,78.855
[SHELL] ccA:329,664007872,489461,21.172,-15.632,0.000,-35.000,0.19161,6.09159,201.01,-5.896,-26.259,-5.397,-24.035,-5.470,-6.959,0.91532,73.902
[SHELL] ccB:329,2147523705,1,23.762,-21.679,-2.083,29.956,23.554,76.446,39.712,21.750,78.250
[SHELL] ccA:330,664126412,489462,14.531,-11.667,0.000,-35.000,6.05224,5.87396,16.53,-5.768,-26.339,-5.270,-24.064,-5.475,-6.960,0.91362,73.902
[SHELL] ccB:330,19213,1,11.475,-18.453,6.978,23.669,29.504,76.331,29.956,23.554,76.446
[SHELL] ccA:331,664227868,489462,14.531,-11.667,0.000,-35.000,6.05224,5.66825,200.99,-5.773,-26.339,-5.306,-24.206,-5.480,-6.961,0.91901,74.342
[SHELL] ccB:331,2147523707,1,11.475,-18.453,6.978,21.806,39.260,78.194,23.669,29.504,76.331
[SHELL] ccA:332,664346448,489463,4.849,-20.147,0.000,-35.000,5.61112,5.43284,16.53,-5.580,-26.166,-5.168,-24.236,-5.481,-6.958,0.92622,74.342
[SHELL] ccB:332,19231,1,-8.749,-11.893,20.642,21.135,50.662,78.865,21.806,39.260,78.194
[SHELL] ccA:333,664447888,489463,4.849,-20.147,0.000,-35.000,5.61112,5.23427,200.97,-5.580,-26.164,-5.169,-24.236,-5.481,-6.956,0.92629,74.342
[SHELL] ccB:333,2147523697,1,-8.749,-11.893,20.642,21.778,60.513,78.222,21.135,50.662,78.865
[SHELL] ccA:334,664566460,489464,-2.534,-17.036,0.000,-35.000,5.19129,5.01303,16.57,-5.429,-26.226,-5.023,-24.266,-5.478,-6.955,0.92528,74.342
[SHELL] ccB:334,19237,1,-16.288,3.293,12.995,23.726,70.711,76.274,21.778,60.513,78.222
[SHELL] ccA:335,664667916,489464,-2.534,-17.036,0.000,-35.000,5.19129,4.80633,201.03,-5.426,-26.225,-5.021,-24.267,-5.474,-6.954,0.92533,74.342
[SHELL] ccB:335,2147523683,1,-16.288,3.293,12.995,23.566,76.434,70.092,23.726,70.711,76.274
[SHELL] ctrlcap v1 armed=0 count=512 clock_hz=550000000 decimation=1
[SHELL] ccA:index,cycles,seq,id,iq,idref,iqref,theta,actangle,age_us,vdreq,vqreq,vd,vq,intd,intq,scale,bus
[SHELL] ccB:index,timer,valid,ia,ib,ic,du,dv,dw,active_u,active_v,active_w
[SHELL] ccA:336,664786464,489465,4.567,-17.269,0.000,-35.000,4.75678,4.57852,16.57,-5.568,-26.219,-5.148,-24.240,-5.475,-6.953,0.92451,74.342
[SHELL] ccB:336,19239,1,-17.049,3.909,13.140,21.601,78.399,58.975,23.566,76.434,70.092
[SHELL] ccA:337,664887888,489465,4.567,-17.269,0.000,-35.000,4.75678,4.37704,200.99,-5.568,-26.218,-5.148,-24.240,-5.475,-6.952,0.92455,74.342
[SHELL] ccB:337,2147523697,1,-17.049,3.909,13.140,21.139,78.861,48.949,21.601,78.399,58.975
[SHELL] ccA:338,665006484,489466,20.391,-15.540,0.000,-35.000,4.33639,4.15815,16.59,-5.893,-26.253,-5.427,-24.179,-5.483,-6.952,0.92101,74.342
[SHELL] ccB:338,19249,1,-21.942,-0.513,22.454,22.040,77.960,37.560,21.139,78.861,48.949
[SHELL] ccA:339,665107924,489466,20.391,-15.540,0.000,-35.000,4.33639,3.94878,200.97,-5.901,-26.252,-5.434,-24.177,-5.490,-6.951,0.92098,74.342
[SHELL] ccB:339,2147523679,1,-21.942,-0.513,22.454,24.147,75.853,27.753,22.040,77.960,37.560
[SHELL] ccA:340,665226488,489467,15.109,-11.222,0.000,-35.000,3.90268,3.72441,16.60,-5.800,-26.340,-5.329,-24.201,-5.496,-6.952,0.91879,74.342
[SHELL] ccB:340,19251,1,-18.680,7.352,11.328,32.103,76.955,23.045,24.147,75.853,27.753
[SHELL] ccA:341,665327916,489467,15.109,-11.222,0.000,-35.000,3.90268,3.52494,201.00,-5.805,-26.341,-5.333,-24.200,-5.501,-6.953,0.91871,74.342
[SHELL] ccB:341,2147523683,1,-18.680,7.352,11.328,41.717,78.469,21.531,32.103,76.955,23.045
[SHELL] ccA:342,665446516,489468,2.521,-16.304,0.000,-35.000,3.47364,3.29540,16.60,-5.553,-26.238,-5.130,-24.244,-5.500,-6.953,0.92399,74.342
[SHELL] ccB:342,19265,1,-7.698,16.486,-8.788,52.736,78.824,21.176,41.717,78.469,21.531
[SHELL] ccA:343,665547904,489468,2.521,-16.304,0.000,-35.000,3.47364,3.09422,200.97,-5.552,-26.237,-5.130,-24.244,-5.499,-6.952,0.92402,74.342
[SHELL] ccB:343,2147523689,1,-7.698,16.486,-8.788,62.655,77.928,22.072,52.736,78.824,21.176
[SHELL] ccA:344,665666488,489469,-5.459,-14.534,0.000,-35.000,3.04235,2.86407,16.60,-5.387,-26.273,-5.007,-24.419,-5.494,-6.953,0.92944,74.782
[SHELL] ccB:344,19251,1,6.872,8.621,-15.493,73.079,75.608,24.392,62.655,77.928,22.072
[SHELL] ccA:345,665767900,489469,-5.459,-14.534,0.000,-35.000,3.04235,2.65919,200.99,-5.383,-26.274,-5.003,-24.420,-5.490,-6.954,0.92944,74.782
[SHELL] ccB:345,2147523691,1,6.872,8.621,-15.493,76.989,67.741,23.011,73.079,75.608,24.392
[SHELL] ccA:346,665886492,489470,4.476,-17.109,0.000,-35.000,2.61473,2.43647,16.60,-5.582,-26.222,-5.190,-24.381,-5.490,-6.954,0.92979,74.782
[SHELL] ccB:346,19253,1,4.734,12.390,-17.124,78.615,56.598,21.385,76.989,67.741,23.011
[SHELL] ccA:347,665987940,489470,4.476,-17.109,0.000,-35.000,2.61473,2.23265,201.01,-5.582,-26.222,-5.190,-24.381,-5.490,-6.954,0.92979,74.782
[SHELL] ccB:347,2147523671,1,4.734,12.390,-17.124,78.794,46.429,21.206,78.615,56.598,21.385
[SHELL] ccA:348,666106548,489471,23.392,-15.669,0.000,-35.000,2.17693,1.99865,16.62,-5.970,-26.251,-5.495,-24.164,-5.500,-6.953,0.92048,74.342
[SHELL] ccB:348,19281,1,-0.449,24.604,-24.155,77.408,34.302,22.592,78.794,46.429,21.206
[SHELL] ccA:349,666207984,489471,23.392,-15.669,0.000,-35.000,2.17693,1.80406,201.03,-5.979,-26.250,-5.504,-24.162,-5.509,-6.952,0.92043,74.342
[SHELL] ccB:349,2147523649,1,-0.449,24.604,-24.155,75.133,25.404,24.867,77.408,34.302,22.592
[SHELL] ccA:350,666326600,489472,9.068,-10.514,0.000,-35.000,1.75085,1.57260,16.67,-5.695,-26.355,-5.234,-24.222,-5.511,-6.954,0.91904,74.342
[SHELL] ccB:350,19307,1,8.721,4.996,-13.717,77.469,22.531,34.624,75.133,25.404,24.867
[SHELL] ccA:351,666427944,489472,9.068,-10.514,0.000,-35.000,1.75085,1.36852,200.98,-5.697,-26.357,-5.236,-24.221,-5.514,-6.955,0.91897,74.342
[SHELL] ccB:351,2147523669,1,8.721,4.996,-13.717,78.698,21.302,44.589,77.469,22.531,34.624
[SHELL] ctrlcap v1 armed=0 count=512 clock_hz=550000000 decimation=1
[SHELL] ccA:index,cycles,seq,id,iq,idref,iqref,theta,actangle,age_us,vdreq,vqreq,vd,vq,intd,intq,scale,bus
[SHELL] ccB:index,timer,valid,ia,ib,ic,du,dv,dw,active_u,active_v,active_w
[SHELL] ccA:352,666546572,489473,-5.876,-16.012,0.000,-35.000,1.32331,1.14501,16.67,-5.393,-26.246,-5.017,-24.417,-5.509,-6.956,0.93032,74.782
[SHELL] ccB:352,19293,1,14.085,-15.373,1.288,78.709,21.291,55.233,78.698,21.302,44.589
[SHELL] ccA:353,666648036,489473,-5.876,-16.012,0.000,-35.000,1.32331,0.94806,201.11,-5.388,-26.246,-5.013,-24.418,-5.504,-6.956,0.93035,74.782
[SHELL] ccB:353,2147523623,1,14.085,-15.373,1.288,77.564,22.436,64.853,78.709,21.291,55.233
[SHELL] ccA:354,666766400,489474,-10.142,-16.205,0.000,-35.000,0.89458,0.71632,16.73,-5.296,-26.243,-4.931,-24.435,-5.497,-6.956,0.93111,74.782
[SHELL] ccB:354,19207,1,6.292,-18.780,12.487,74.722,24.908,75.092,77.564,22.436,64.853
[SHELL] ccA:355,666867748,489474,-10.142,-16.205,0.000,-35.000,0.89458,0.51860,200.99,-5.289,-26.243,-4.925,-24.436,-5.490,-6.957,0.93114,74.782
[SHELL] ccB:355,2147523767,1,6.292,-18.780,12.487,65.715,22.595,77.405,74.722,24.908,75.092
[SHELL] ccA:356,666986228,489475,4.889,-19.364,0.000,-35.000,0.46609,0.28782,16.35,-5.590,-26.178,-5.175,-24.234,-5.490,-6.955,0.92573,74.342
[SHELL] ccB:356,19121,1,13.070,-19.613,6.543,53.868,21.219,78.781,65.715,22.595,77.405
[SHELL] ccA:357,667087828,489475,4.889,-19.364,0.000,-35.000,0.46609,0.08383,200.98,-5.591,-26.177,-5.176,-24.234,-5.491,-6.953,0.92579,74.342
[SHELL] ccB:357,2147523727,1,13.070,-19.613,6.543,43.688,21.363,78.637,53.868,21.219,78.781
[SHELL] ccA:358,667206440,489476,20.531,-15.768,0.000,-35.000,0.03805,6.14294,16.55,-5.912,-26.248,-5.477,-24.318,-5.499,-6.953,0.92646,74.782
[SHELL] ccB:358,19227,1,21.116,-23.527,2.412,32.304,23.001,76.999,43.688,21.363,78.637
[SHELL] ccA:359,667307876,489476,20.531,-15.768,0.000,-35.000,0.03805,5.94873,200.97,-5.920,-26.248,-5.484,-24.316,-5.507,-6.953,0.92640,74.782
[SHELL] ccB:359,2147523703,1,21.116,-23.527,2.412,24.542,26.428,75.458,32.304,23.001,76.999
[SHELL] ccA:360,667426432,489477,4.091,-16.478,0.000,-35.000,5.89329,5.71500,16.54,-5.591,-26.234,-5.196,-24.380,-5.507,-6.953,0.92933,74.782
[SHELL] ccB:360,19223,1,-2.479,-13.307,15.786,22.171,36.710,77.829,24.542,26.428,75.458
[SHELL] ccA:361,667527908,489477,4.091,-16.478,0.000,-35.000,5.89329,5.51743,201.02,-5.591,-26.234,-5.196,-24.380,-5.507,-6.953,0.92933,74.782
[SHELL] ccB:361,2147523687,1,-2.479,-13.307,15.786,21.206,46.430,78.794,22.171,36.710,77.829
[SHELL] ccA:362,667646512,489478,-1.962,-20.544,0.000,-35.000,5.46885,5.29062,16.61,-5.467,-26.150,-5.101,-24.400,-5.504,-6.951,0.93306,74.782
[SHELL] ccB:362,19263,1,-16.288,-2.832,19.120,21.463,57.544,78.537,21.206,46.430,78.794
[SHELL] ccA:363,667747944,489478,-1.962,-20.544,0.000,-35.000,5.46885,5.08252,201.02,-5.464,-26.149,-5.099,-24.400,-5.502,-6.950,0.93313,74.782
[SHELL] ccB:363,2147523669,1,-16.288,-2.832,19.120,22.978,67.589,77.022,21.463,57.544,78.537
[SHELL] ccA:364,667870072,489479,-2.578,-20.992,0.000,-35.000,5.03040,4.83467,19.47,-5.449,-26.138,-5.087,-24.403,-5.498,-6.948,0.93360,74.782
[SHELL] ccB:364,21043,1,-20.746,6.809,13.937,23.887,76.113,71.313,22.978,67.589,77.022
[SHELL] ccA:365,667967948,489479,-2.578,-20.992,0.000,-35.000,5.03040,4.67263,197.42,-5.446,-26.136,-5.084,-24.403,-5.495,-6.946,0.93368,74.782
[SHELL] ccB:365,2147523667,1,-20.746,6.809,13.937,22.244,77.756,63.742,23.887,76.113,71.313
[SHELL] ccA:366,668086476,489480,3.384,-19.565,0.000,-35.000,4.61358,4.43532,16.58,-5.565,-26.164,-5.186,-24.382,-5.495,-6.945,0.93188,74.782
[SHELL] ccB:366,19245,1,-19.803,8.657,11.146,21.152,78.848,51.848,22.244,77.756,63.742
[SHELL] ccA:367,668187904,489480,3.384,-19.565,0.000,-35.000,4.61358,4.23307,201.00,-5.565,-26.163,-5.186,-24.382,-5.495,-6.944,0.93193,74.782
[SHELL] ccB:367,2147523689,1,-19.803,8.657,11.146,21.526,78.474,41.773,21.152,78.848,51.848
[SHELL] ctrlcap v1 armed=0 count=512 clock_hz=550000000 decimation=1
[SHELL] ccA:index,cycles,seq,id,iq,idref,iqref,theta,actangle,age_us,vdreq,vqreq,vd,vq,intd,intq,scale,bus
[SHELL] ccB:index,timer,valid,ia,ib,ic,du,dv,dw,active_u,active_v,active_w
[SHELL] ccA:368,668306464,489481,18.316,-15.051,0.000,-35.000,4.17963,4.00134,16.58,-5.870,-26.254,-5.407,-24.183,-5.502,-6.944,0.92112,74.342
[SHELL] ccB:368,19239,1,-22.268,4.090,18.178,23.496,76.504,30.187,21.526,78.474,41.773
[SHELL] ccA:369,668407964,489481,18.316,-15.051,0.000,-35.000,4.17963,3.79958,201.06,-5.877,-26.254,-5.413,-24.182,-5.509,-6.943,0.92109,74.342
[SHELL] ccB:369,2147523659,1,-22.268,4.090,18.178,28.805,76.145,23.855,23.496,76.504,30.187
[SHELL] ccA:370,668526520,489482,5.261,-15.174,0.000,-35.000,3.75000,3.57171,16.61,-5.616,-26.251,-5.185,-24.232,-5.509,-6.943,0.92310,74.342
[SHELL] ccB:370,19267,1,-12.990,14.674,-1.684,39.120,78.176,21.824,28.805,76.145,23.855
[SHELL] ccA:371,668627948,489482,5.261,-15.174,0.000,-35.000,3.75000,3.37680,201.07,-5.617,-26.251,-5.185,-24.232,-5.510,-6.943,0.92310,74.342
[SHELL] ccB:371,2147523667,1,-12.990,14.674,-1.684,48.779,78.859,21.141,39.120,78.176,21.824
[SHELL] ccA:372,668746504,489483,-6.503,-18.783,0.000,-35.000,3.32552,3.14724,16.61,-5.376,-26.177,-4.985,-24.274,-5.504,-6.941,0.92731,74.342
[SHELL] ccB:372,19259,1,2.958,15.543,-18.501,59.783,78.310,21.690,48.779,78.859,21.141
[SHELL] ccA:373,668847912,489483,-6.503,-18.783,0.000,-35.000,3.32552,2.94533,200.98,-5.371,-26.175,-4.981,-24.275,-5.499,-6.940,0.92740,74.342
[SHELL] ccB:373,2147523685,1,2.958,15.543,-18.501,69.409,76.604,23.396,59.783,78.310,21.690
[SHELL] ccA:374,668966512,489484,-7.792,-18.372,0.000,-35.000,2.89638,2.71814,16.61,-5.339,-26.182,-4.981,-24.425,-5.493,-6.940,0.93287,74.782
[SHELL] ccB:374,19263,1,12.019,7.787,-19.806,76.328,70.505,23.672,69.409,76.604,23.396
[SHELL] ccA:375,669067948,489484,-7.792,-18.372,0.000,-35.000,2.89638,2.52338,201.03,-5.334,-26.182,-4.947,-24.282,-5.488,-6.938,0.92743,74.342
[SHELL] ccB:375,2147523667,1,12.019,7.787,-19.806,78.120,61.302,21.880,76.328,70.505,23.672
[SHELL] ccA:376,669186524,489485,9.368,-22.020,0.000,-35.000,2.47328,2.29503,16.61,-5.680,-26.106,-5.299,-24.357,-5.490,-6.936,0.93303,74.782
[SHELL] ccB:376,19269,1,6.292,16.848,-23.140,78.865,49.320,21.135,78.120,61.302,21.880
[SHELL] ccA:377,669287948,489485,9.368,-22.020,0.000,-35.000,2.47328,2.08788,201.01,-5.682,-26.104,-5.302,-24.357,-5.493,-6.934,0.93308,74.782
[SHELL] ccB:377,2147523667,1,6.292,16.848,-23.140,78.166,39.046,21.834,78.865,49.320,21.135
[SHELL] ccA:378,669406568,489486,22.766,-15.497,0.000,-35.000,2.05292,1.87462,16.63,-5.960,-26.235,-5.490,-24.165,-5.502,-6.933,0.92109,74.342
[SHELL] ccB:378,19291,1,3.175,22.104,-25.279,76.079,28.560,23.921,78.166,39.046,21.834
[SHELL] ccA:379,669508020,489486,22.766,-15.497,0.000,-35.000,2.05292,1.66416,201.10,-5.969,-26.234,-5.498,-24.163,-5.511,-6.933,0.92105,74.342
[SHELL] ccB:379,2147523631,1,3.175,22.104,-25.279,76.664,23.336,30.841,76.079,28.560,23.921
[SHELL] ccA:380,669626616,489487,5.345,-13.571,0.000,-35.000,1.62676,1.44852,16.71,-5.621,-26.273,-5.184,-24.232,-5.512,-6.933,0.92232,74.342
[SHELL] ccB:380,19315,1,13.251,-1.346,-11.905,78.345,21.655,40.530,76.664,23.336,30.841
[SHELL] ccA:381,669727968,489487,5.345,-13.571,0.000,-35.000,1.62676,1.23595,200.96,-5.621,-26.274,-5.185,-24.232,-5.512,-6.934,0.92230,74.342
[SHELL] ccB:381,2147523657,1,13.251,-1.346,-11.905,78.861,21.139,51.101,78.345,21.655,40.530
[SHELL] ccA:382,669846588,489488,-4.116,-15.276,0.000,-35.000,1.19206,1.01376,16.69,-5.428,-26.239,-5.020,-24.267,-5.508,-6.934,0.92483,74.342
[SHELL] ccB:382,19301,1,12.671,-14.539,1.868,78.058,21.942,61.760,78.861,21.139,51.101
[SHELL] ccA:383,669947992,489488,-4.116,-15.276,0.000,-35.000,1.19206,0.81378,200.98,-5.424,-26.239,-5.016,-24.268,-5.504,-6.934,0.92485,74.342
[SHELL] ccB:383,2147523645,1,12.671,-14.539,1.868,76.152,23.848,71.173,78.058,21.942,61.760
[SHELL] ctrlcap v1 armed=0 count=512 clock_hz=550000000 decimation=1
[SHELL] ccA:index,cycles,seq,id,iq,idref,iqref,theta,actangle,age_us,vdreq,vqreq,vd,vq,intd,intq,scale,bus
[SHELL] ccB:index,timer,valid,ia,ib,ic,du,dv,dw,active_u,active_v,active_w
[SHELL] ccA:384,670066392,489489,-4.689,-15.950,0.000,-35.000,0.76051,0.58222,16.71,-5.408,-26.226,-5.005,-24.270,-5.500,-6.933,0.92543,74.342
[SHELL] ccB:384,19203,1,7.597,-16.605,9.008,68.493,23.180,76.820,76.152,23.848,71.173
[SHELL] ccA:385,670167804,489489,-4.689,-15.950,0.000,-35.000,0.76051,0.38539,201.06,-5.404,-26.225,-5.001,-24.271,-5.495,-6.933,0.92547,74.342
[SHELL] ccB:385,2147523739,1,7.597,-16.605,9.008,59.059,21.610,78.390,68.493,23.180,76.820
[SHELL] ccA:386,670286292,489490,12.553,-18.931,0.000,-35.000,0.33442,0.15619,16.36,-5.753,-26.164,-5.321,-24.203,-5.499,-6.931,0.92503,74.342
[SHELL] ccB:386,19153,1,18.071,-20.954,2.883,46.990,21.185,78.815,59.059,21.610,78.390
[SHELL] ccA:387,670387872,489490,12.553,-18.931,0.000,-35.000,0.33442,6.23501,200.93,-5.757,-26.162,-5.325,-24.202,-5.504,-6.930,0.92506,74.342
[SHELL] ccB:387,2147523705,1,18.071,-20.954,2.883,36.916,22.138,77.862,46.990,21.185,78.815
[SHELL] ccA:388,670506428,489491,18.917,-13.108,0.000,-35.000,6.18896,6.01068,16.54,-5.891,-26.280,-5.421,-24.180,-5.511,-6.930,0.92012,74.342
[SHELL] ccB:388,19221,1,17.600,-21.643,4.043,26.335,24.571,75.429,36.916,22.138,77.862
[SHELL] ccA:389,670607900,489491,18.917,-13.108,0.000,-35.000,6.18896,5.80364,201.00,-5.898,-26.280,-5.427,-24.179,-5.518,-6.931,0.92005,74.342
[SHELL] ccB:389,2147523691,1,17.600,-21.643,4.043,22.852,33.003,77.148,26.335,24.571,75.429
[SHELL] ccA:390,670726436,489492,3.847,-16.360,0.000,-35.000,5.75817,5.57989,16.55,-5.597,-26.214,-5.174,-24.234,-5.518,-6.930,0.92449,74.342
[SHELL] ccB:390,19225,1,-4.871,-11.495,16.365,21.390,43.342,78.610,22.852,33.003,77.148
[SHELL] ccA:391,670827916,489492,3.847,-16.360,0.000,-35.000,5.75817,5.38297,201.02,-5.596,-26.213,-5.174,-24.234,-5.517,-6.929,0.92451,74.342
[SHELL] ccB:391,2147523683,1,-4.871,-11.495,16.365,21.190,53.166,78.810,21.390,43.342,78.610
[SHELL] ccA:392,670946508,489493,-4.373,-16.726,0.000,-35.000,5.33416,5.15592,16.61,-5.428,-26.205,-5.026,-24.266,-5.513,-6.929,0.92598,74.342
[SHELL] ccB:392,19261,1,-16.143,2.713,13.430,22.291,64.024,77.709,21.190,53.166,78.810
[SHELL] ccA:393,671047900,489493,-4.373,-16.726,0.000,-35.000,5.33416,4.94372,200.95,-5.424,-26.205,-5.022,-24.266,-5.509,-6.928,0.92603,74.342
[SHELL] ccB:393,2147523691,1,-16.143,2.713,13.430,24.616,73.811,75.384,22.291,64.024,77.709
[SHELL] ccA:394,671166476,489494,-1.366,-15.656,0.000,-35.000,4.90034,4.72208,16.58,-5.481,-26.226,-5.069,-24.257,-5.506,-6.928,0.92490,74.342
[SHELL] ccB:394,19245,1,-15.635,6.446,9.189,22.665,77.335,66.073,24.616,73.811,75.384
[SHELL] ccA:395,671267892,489494,-1.366,-15.656,0.000,-35.000,4.90034,4.51398,200.98,-5.478,-26.226,-5.037,-24.114,-5.503,-6.927,0.91945,73.902
[SHELL] ccB:395,2147523695,1,-15.635,6.446,9.189,21.338,78.662,55.949,22.665,77.335,66.073
[SHELL] ccA:396,671386468,489495,12.140,-17.032,0.000,-35.000,4.47093,4.29268,16.57,-5.752,-26.197,-5.283,-24.061,-5.507,-6.926,0.91846,73.902
[SHELL] ccB:396,19241,1,-19.441,3.039,16.402,21.314,78.686,44.399,21.338,78.662,55.949
[SHELL] ccA:397,671487952,489495,12.140,-17.032,0.000,-35.000,4.47093,4.08974,201.06,-5.756,-26.195,-5.318,-24.203,-5.511,-6.925,0.92396,74.342
[SHELL] ccB:397,2147523665,1,-19.441,3.039,16.402,22.556,77.444,34.493,21.314,78.686,44.399
[SHELL] ccA:398,671606500,489496,12.454,-12.768,0.000,-35.000,4.04483,3.86656,16.58,-5.766,-26.282,-5.311,-24.205,-5.515,-6.925,0.92098,74.342
[SHELL] ccB:398,19257,1,-17.737,7.244,10.494,25.636,75.208,24.792,22.556,77.444,34.493
[SHELL] ccA:399,671707952,489496,12.454,-12.768,0.000,-35.000,4.04483,3.66075,201.06,-5.770,-26.282,-5.314,-24.204,-5.519,-6.926,0.92093,74.342
[SHELL] ccB:399,2147523665,1,-17.737,7.244,10.494,35.079,77.552,22.448,25.636,75.208,24.792
[SHELL] ctrlcap v1 armed=0 count=512 clock_hz=550000000 decimation=1
[SHELL] ccA:index,cycles,seq,id,iq,idref,iqref,theta,actangle,age_us,vdreq,vqreq,vd,vq,intd,intq,scale,bus
[SHELL] ccB:index,timer,valid,ia,ib,ic,du,dv,dw,active_u,active_v,active_w
[SHELL] ccA:400,671826512,489497,3.215,-17.513,0.000,-35.000,3.61794,3.43968,16.61,-5.585,-26.186,-5.169,-24.236,-5.518,-6.925,0.92552,74.342
[SHELL] ccB:400,19263,1,-10.887,17.646,-6.758,45.608,78.756,21.244,35.079,77.552,22.448
[SHELL] ccA:401,671927868,489497,3.215,-17.513,0.000,-35.000,3.61794,3.22994,200.98,-5.584,-26.185,-5.169,-24.236,-5.518,-6.924,0.92556,74.342
[SHELL] ccB:401,2147523707,1,-10.887,17.646,-6.758,56.073,78.654,21.346,45.608,78.756,21.244
[SHELL] ccA:402,672046420,489498,-6.251,-15.574,0.000,-35.000,3.18056,3.00227,16.53,-5.390,-26.224,-4.989,-24.273,-5.513,-6.924,0.92563,74.342
[SHELL] ccB:402,19217,1,5.640,10.868,-16.508,66.770,77.195,22.805,56.073,78.654,21.346
[SHELL] ccA:403,672147900,489498,-6.251,-15.574,0.000,-35.000,3.18056,2.80367,200.99,-5.385,-26.224,-4.984,-24.274,-5.508,-6.924,0.92566,74.342
[SHELL] ccB:403,2147523691,1,5.640,10.868,-16.508,75.240,74.267,24.760,66.770,77.195,22.805
[SHELL] ccA:404,672266420,489499,-4.698,-18.316,0.000,-35.000,2.75734,2.57905,16.53,-5.411,-26.167,-5.018,-24.267,-5.503,-6.923,0.92739,74.342
[SHELL] ccB:404,19217,1,11.221,7.570,-18.791,77.737,63.853,22.263,75.240,74.267,24.760
[SHELL] ccA:405,672367868,489499,-4.698,-18.316,0.000,-35.000,2.75734,2.37629,200.99,-5.407,-26.166,-5.015,-24.268,-5.499,-6.922,0.92746,74.342
[SHELL] ccB:405,2147523707,1,11.221,7.570,-18.791,78.779,53.902,21.221,77.737,63.853,22.263
[SHELL] ccA:406,672486536,489500,15.957,-19.262,0.000,-35.000,2.32686,2.14868,16.58,-5.826,-26.146,-5.390,-24.187,-5.505,-6.920,0.92510,74.342
[SHELL] ccB:406,19275,1,3.067,19.965,-23.032,78.476,41.789,21.524,78.779,53.902,21.221
[SHELL] ccA:407,672587912,489500,15.957,-19.262,0.000,-35.000,2.32686,1.94263,200.92,-5.832,-26.144,-5.395,-24.186,-5.511,-6.918,0.92513,74.342
[SHELL] ccB:407,2147523685,1,3.067,19.965,-23.032,76.901,31.861,23.099,78.476,41.789,21.524
[SHELL] ccA:408,672706508,489501,14.500,-11.773,0.000,-35.000,1.89264,1.71439,16.60,-5.808,-26.295,-5.345,-24.197,-5.516,-6.919,0.92022,74.342
[SHELL] ccB:408,19261,1,6.582,11.847,-18.429,75.996,24.004,28.260,76.901,31.861,23.099
[SHELL] ccA:409,672807940,489501,14.500,-11.773,0.000,-35.000,1.89264,1.51235,201.02,-5.813,-26.296,-5.349,-24.197,-5.521,-6.920,0.92015,74.342
[SHELL] ccB:409,2147523671,1,6.582,11.847,-18.429,77.987,22.013,37.746,75.996,24.004,28.260
[SHELL] ccA:410,672926492,489502,-1.388,-16.452,0.000,-35.000,1.46800,1.28971,16.61,-5.492,-26.202,-5.084,-24.254,-5.518,-6.920,0.92565,74.342
[SHELL] ccB:410,19253,1,16.223,-10.770,-5.453,78.849,21.151,48.205,77.987,22.013,37.746
[SHELL] ccA:411,673027912,489502,-1.388,-16.452,0.000,-35.000,1.46800,1.08488,200.99,-5.489,-26.201,-5.081,-24.254,-5.515,-6.919,0.92569,74.342
[SHELL] ccB:411,2147523685,1,16.223,-10.770,-5.453,78.457,21.543,58.402,78.849,21.151,48.205
[SHELL] ccA:412,673146548,489503,-10.425,-16.217,0.000,-35.000,1.04073,0.86246,16.61,-5.301,-26.205,-4.914,-24.289,-5.508,-6.919,0.92685,74.342
[SHELL] ccB:412,19281,1,8.721,-19.251,10.530,76.762,23.238,68.747,78.457,21.543,58.402
[SHELL] ccA:413,673247700,489503,-10.425,-16.217,0.000,-35.000,1.04073,0.66126,200.98,-5.294,-26.205,-4.907,-24.290,-5.501,-6.919,0.92691,74.342
[SHELL] ccB:413,2147523791,1,8.721,-19.251,10.530,72.283,24.158,75.842,76.762,23.238,68.747
[SHELL] ccA:414,673366112,489504,-2.137,-18.160,0.000,-35.000,0.60305,0.42475,16.23,-5.457,-26.165,-5.059,-24.259,-5.498,-6.918,0.92713,74.342
[SHELL] ccB:414,19063,1,8.539,-18.272,9.733,60.870,21.823,78.177,72.283,24.158,75.842
[SHELL] ccA:415,673467784,489504,-2.137,-18.160,0.000,-35.000,0.60305,0.21709,201.03,-5.454,-26.164,-5.057,-24.259,-5.495,-6.917,0.92719,74.342
[SHELL] ccB:415,2147523749,1,8.539,-18.272,9.733,50.579,21.134,78.866,60.870,21.823,78.177
[SHELL] ctrlcap v1 armed=0 count=512 clock_hz=550000000 decimation=1
[SHELL] ccA:index,cycles,seq,id,iq,idref,iqref,theta,actangle,age_us,vdreq,vqreq,vd,vq,intd,intq,scale,bus
[SHELL] ccB:index,timer,valid,ia,ib,ic,du,dv,dw,active_u,active_v,active_w
[SHELL] ccA:416,673586332,489505,16.132,-16.441,0.000,-35.000,0.17591,6.28086,16.37,-5.825,-26.198,-5.379,-24.190,-5.500,-6.916,0.92334,74.342
[SHELL] ccB:416,19173,1,18.760,-20.954,2.194,39.034,21.835,78.165,50.579,21.134,78.866
[SHELL] ccA:417,673687864,489505,16.132,-16.441,0.000,-35.000,0.17591,6.07947,200.93,-5.831,-26.197,-5.384,-24.189,-5.506,-6.915,0.92332,74.342
[SHELL] ccB:417,2147523709,1,18.760,-20.954,2.194,29.488,23.674,76.326,39.034,21.835,78.165
[SHELL] ccA:418,673806372,489506,3.606,-13.110,0.000,-35.000,6.03241,5.85371,16.48,-5.580,-26.311,-5.141,-24.241,-5.506,-6.916,0.92134,74.342
[SHELL] ccB:418,19193,1,0.239,-11.893,11.654,23.510,30.128,76.490,29.488,23.674,76.326
[SHELL] ccA:419,673907844,489506,3.606,-13.110,0.000,-35.000,6.03241,5.64756,200.98,-5.580,-26.312,-5.141,-24.242,-5.506,-6.916,0.92132,74.342
[SHELL] ccB:419,2147523719,1,0.239,-11.893,11.654,21.723,39.939,78.277,23.510,30.128,76.490
[SHELL] ccA:420,674026388,489507,-3.551,-21.707,0.000,-35.000,5.60414,5.42545,16.48,-5.433,-26.136,-5.043,-24.262,-5.502,-6.913,0.92830,74.342
[SHELL] ccB:420,19201,1,-16.396,-4.499,20.896,21.136,50.774,78.864,21.723,39.939,78.277
[SHELL] ccA:421,674127852,489507,-3.551,-21.707,0.000,-35.000,5.60414,5.21973,200.97,-5.429,-26.133,-5.040,-24.263,-5.498,-6.911,0.92842,74.342
[SHELL] ccB:421,2147523715,1,-16.396,-4.499,20.896,21.835,60.965,78.165,21.136,50.774,78.864
[SHELL] ccA:422,674246396,489508,-8.823,-20.398,0.000,-35.000,5.17215,4.99345,16.51,-5.317,-26.157,-4.936,-24.284,-5.492,-6.909,0.92838,74.342
[SHELL] ccB:422,19205,1,-22.195,10.107,12.089,23.920,71.436,76.080,21.835,60.965,78.165
[SHELL] ccA:423,674347912,489508,-8.823,-20.398,0.000,-35.000,5.17215,4.78913,201.07,-5.311,-26.155,-4.931,-24.285,-5.485,-6.907,0.92849,74.342
[SHELL] ccB:423,2147523685,1,-22.195,10.107,12.089,23.411,76.589,69.472,23.920,71.436,76.080
[SHELL] ccA:424,674466384,489509,-2.824,-18.919,0.000,-35.000,4.74730,4.56858,16.51,-5.428,-26.184,-5.030,-24.265,-5.482,-6.905,0.92671,74.342
[SHELL] ccB:424,19199,1,-19.006,11.375,7.631,21.575,78.425,58.725,23.411,76.589,69.472
[SHELL] ccA:425,674567872,489509,-2.824,-18.919,0.000,-35.000,4.74730,4.36288,201.01,-5.424,-26.182,-5.027,-24.265,-5.479,-6.904,0.92679,74.342
[SHELL] ccB:425,2147523705,1,-19.006,11.375,7.631,21.146,78.854,48.491,21.575,78.425,58.725
[SHELL] ccA:426,674686420,489510,14.187,-17.018,0.000,-35.000,4.31525,4.13655,16.51,-5.769,-26.220,-5.325,-24.202,-5.484,-6.902,0.92304,74.342
[SHELL] ccB:426,19217,1,-21.181,4.960,16.220,22.169,77.831,36.719,21.146,78.854,48.491
[SHELL] ccA:427,674787892,489510,14.187,-17.018,0.000,-35.000,4.31525,3.93606,201.00,-5.774,-26.218,-5.330,-24.201,-5.488,-6.901,0.92304,74.342
[SHELL] ccB:427,2147523695,1,-21.181,4.960,16.220,24.256,75.744,27.377,22.169,77.831,36.719
[SHELL] ccA:428,674906436,489511,5.622,-12.832,0.000,-35.000,3.88870,3.71000,16.54,-5.604,-26.303,-5.163,-24.237,-5.489,-6.902,0.92144,74.342
[SHELL] ccB:428,19225,1,-12.845,11.267,1.578,32.456,77.032,22.968,24.256,75.744,27.377
[SHELL] ccA:429,675007988,489511,5.622,-12.832,0.000,-35.000,3.88870,3.50600,201.19,-5.604,-26.304,-5.164,-24.237,-5.490,-6.903,0.92141,74.342
[SHELL] ccB:429,2147523647,1,-12.845,11.267,1.578,42.306,78.524,21.476,32.456,77.032,22.968
[SHELL] ccA:430,675126444,489512,-3.988,-18.293,0.000,-35.000,3.45590,3.27720,16.54,-5.408,-26.193,-5.011,-24.269,-5.486,-6.902,0.92655,74.342
[SHELL] ccB:430,19229,1,-1.863,17.066,-15.203,53.397,78.801,21.199,42.306,78.524,21.476
[SHELL] ccA:431,675227900,489512,-3.988,-18.293,0.000,-35.000,3.45590,3.07817,201.00,-5.404,-26.191,-5.007,-24.269,-5.482,-6.900,0.92662,74.342
[SHELL] ccB:431,2147523691,1,-1.863,17.066,-15.203,63.187,77.845,22.155,53.397,78.801,21.199
[SHELL] ctrlcap v1 armed=0 count=512 clock_hz=550000000 decimation=1
[SHELL] ccA:index,cycles,seq,id,iq,idref,iqref,theta,actangle,age_us,vdreq,vqreq,vd,vq,intd,intq,scale,bus
[SHELL] ccB:index,timer,valid,ia,ib,ic,du,dv,dw,active_u,active_v,active_w
[SHELL] ccA:432,675346488,489513,-10.956,-17.763,0.000,-35.000,3.02198,2.84336,16.57,-5.257,-26.201,-4.875,-24.296,-5.474,-6.899,0.92730,74.342
[SHELL] ccB:432,19251,1,12.997,7.642,-20.640,73.806,75.385,24.615,63.187,77.845,22.155
[SHELL] ccA:433,675447916,489513,-10.956,-17.763,0.000,-35.000,3.02198,2.64443,200.96,-5.250,-26.200,-4.868,-24.298,-5.467,-6.899,0.92739,74.342
[SHELL] ccB:433,2147523683,1,12.997,7.642,-20.640,77.095,67.252,22.905,73.806,75.385,24.615
[SHELL] ccA:434,675566432,489514,-3.023,-19.651,0.000,-35.000,2.59847,2.41975,16.54,-5.405,-26.161,-5.014,-24.268,-5.463,-6.897,0.92766,74.342
[SHELL] ccB:434,19223,1,12.744,6.845,-19.588,78.654,56.066,21.346,77.095,67.252,22.905
[SHELL] ccA:435,675667876,489514,-3.023,-19.651,0.000,-35.000,2.59847,2.21463,200.99,-5.401,-26.159,-5.011,-24.269,-5.460,-6.895,0.92774,74.342
[SHELL] ccB:435,2147523703,1,12.744,6.845,-19.588,78.767,45.835,21.233,78.654,56.066,21.346
[SHELL] ccA:436,675786520,489515,13.655,-16.743,0.000,-35.000,2.17067,1.99200,16.60,-5.740,-26.217,-5.300,-24.207,-5.465,-6.894,0.92335,74.342
[SHELL] ccB:436,19267,1,6.111,14.891,-21.002,77.421,34.370,22.579,78.767,45.835,21.233
[SHELL] ccA:437,675887920,489515,13.655,-16.743,0.000,-35.000,2.17067,1.79366,200.95,-5.744,-26.216,-5.304,-24.206,-5.469,-6.893,0.92335,74.342
[SHELL] ccB:437,2147523681,1,6.111,14.891,-21.002,75.103,25.310,24.897,77.421,34.370,22.579
[SHELL] ccA:438,676006468,489516,-0.572,-11.704,0.000,-35.000,1.74918,1.57045,16.62,-5.457,-26.318,-5.032,-24.264,-5.467,-6.895,0.92197,74.342
[SHELL] ccB:438,19241,1,11.620,-4.499,-7.121,77.413,22.587,34.329,75.103,25.310,24.897
[SHELL] ccA:439,676107884,489516,-0.572,-11.704,0.000,-35.000,1.74918,1.35854,200.99,-5.455,-26.319,-5.029,-24.265,-5.464,-6.896,0.92194,74.342
[SHELL] ccB:439,2147523699,1,11.620,-4.499,-7.121,78.703,21.297,44.662,77.413,22.587,34.329
[SHELL] ccA:440,676226460,489517,-7.833,-16.835,0.000,-35.000,1.32087,1.14220,16.53,-5.304,-26.216,-4.914,-24.289,-5.459,-6.895,0.92649,74.342
[SHELL] ccB:440,19237,1,14.375,-17.366,2.991,78.710,21.290,55.221,78.703,21.297,44.662
[SHELL] ccA:441,676327916,489517,-7.833,-16.835,0.000,-35.000,1.32087,0.94161,200.97,-5.298,-26.215,-4.909,-24.290,-5.453,-6.895,0.92655,74.342
[SHELL] ccB:441,2147523683,1,14.375,-17.366,2.991,77.535,22.465,65.014,78.710,21.290,55.221
[SHELL] ccA:442,676446252,489518,-11.757,-16.298,0.000,-35.000,0.89065,0.71196,16.59,-5.212,-26.226,-4.830,-24.305,-5.445,-6.895,0.92678,74.342
[SHELL] ccB:442,19133,1,5.277,-19.432,14.155,74.661,24.888,75.112,77.535,22.465,65.014
[SHELL] ccA:443,676547660,489518,-11.757,-16.298,0.000,-35.000,0.89065,0.51617,200.98,-5.204,-26.225,-4.823,-24.307,-5.437,-6.894,0.92684,74.342
[SHELL] ccB:443,2147523811,1,5.277,-19.432,14.155,65.742,22.601,77.399,74.661,24.888,75.112
[SHELL] ccA:444,676666116,489519,0.389,-18.572,0.000,-35.000,0.46330,0.28458,16.24,-5.445,-26.178,-5.046,-24.261,-5.435,-6.893,0.92677,74.342
[SHELL] ccB:444,19065,1,8.648,-18.562,9.914,53.971,21.224,78.776,65.742,22.601,77.399
[SHELL] ccA:445,676767780,489519,0.389,-18.572,0.000,-35.000,0.46330,0.08668,200.97,-5.443,-26.177,-5.045,-24.262,-5.433,-6.892,0.92683,74.342
[SHELL] ccB:445,2147523751,1,8.648,-18.562,9.914,44.097,21.334,78.666,53.971,21.224,78.776
[SHELL] ccA:446,676886120,489520,15.372,-15.830,0.000,-35.000,0.03848,6.14297,16.37,-5.749,-26.232,-5.305,-24.206,-5.439,-6.891,0.92278,74.342
[SHELL] ccB:446,19067,1,15.969,-21.172,5.202,32.576,22.942,77.058,44.097,21.334,78.666
[SHELL] ccA:447,676987640,489520,15.372,-15.830,0.000,-35.000,0.03848,5.93997,200.98,-5.754,-26.231,-5.310,-24.205,-5.444,-6.890,0.92275,74.342
[SHELL] ccB:447,2147523821,1,15.969,-21.172,5.202,24.503,26.555,75.497,32.576,22.942,77.058
[SHELL] ctrlcap v1 armed=0 count=512 clock_hz=550000000 decimation=1
[SHELL] ccA:index,cycles,seq,id,iq,idref,iqref,theta,actangle,age_us,vdreq,vqreq,vd,vq,intd,intq,scale,bus
[SHELL] ccB:index,timer,valid,ia,ib,ic,du,dv,dw,active_u,active_v,active_w
[SHELL] ccA:448,677105976,489521,1.109,-15.871,0.000,-35.000,5.89749,5.71879,16.11,-5.467,-26.230,-5.056,-24.259,-5.443,-6.890,0.92487,74.342
[SHELL] ccB:448,18995,1,-4.943,-10.625,15.568,22.235,36.311,77.765,24.503,26.555,75.497
[SHELL] ccA:449,677207684,489521,1.109,-15.871,0.000,-35.000,5.89749,5.51707,201.05,-5.466,-26.230,-5.055,-24.260,-5.441,-6.890,0.92489,74.342
[SHELL] ccB:449,2147523799,1,-4.943,-10.625,15.568,21.215,46.222,78.785,22.235,36.311,77.765
[SHELL] ccA:450,677326116,489522,-3.531,-20.884,0.000,-35.000,5.47053,5.29186,16.29,-5.369,-26.127,-4.988,-24.273,-5.438,-6.888,0.92907,74.342
[SHELL] ccB:450,19065,1,-17.592,-1.419,19.011,21.443,57.314,78.557,21.215,46.222,78.785
[SHELL] ccA:451,677427660,489522,-3.531,-20.884,0.000,-35.000,5.47053,5.08825,200.93,-5.365,-26.124,-4.985,-24.274,-5.434,-6.885,0.92917,74.342
[SHELL] ccB:451,2147523811,1,-17.592,-1.419,19.011,22.886,67.159,77.114,21.443,57.314,78.557
[SHELL] ccA:452,677546132,489523,-4.207,-19.725,0.000,-35.000,5.04388,4.86521,16.29,-5.348,-26.146,-4.966,-24.278,-5.430,-6.884,0.92855,74.342
[SHELL] ccB:452,19073,1,-20.021,7.896,12.125,24.324,75.676,72.852,22.886,67.159,77.114
[SHELL] ccA:453,677647660,489523,-4.207,-19.725,0.000,-35.000,5.04388,4.66289,200.91,-5.344,-26.144,-4.962,-24.279,-5.426,-6.882,0.92864,74.342
[SHELL] ccB:453,2147523811,1,-20.021,7.896,12.125,22.198,77.802,63.456,24.324,75.676,72.852
[SHELL] ccA:454,677766080,489524,5.903,-18.047,0.000,-35.000,4.62377,4.44505,16.26,-5.547,-26.177,-5.137,-24.242,-5.427,-6.881,0.92609,74.342
[SHELL] ccB:454,19047,1,-18.499,5.540,12.958,21.165,78.835,52.371,22.198,77.802,63.456
[SHELL] ccA:455,677867668,489524,5.903,-18.047,0.000,-35.000,4.62377,4.22632,201.00,-5.548,-26.176,-5.138,-24.242,-5.428,-6.880,0.92613,74.342
[SHELL] ccB:455,2147523807,1,-18.499,5.540,12.958,21.555,78.445,41.475,21.165,78.835,52.371
[SHELL] ccA:456,677986072,489525,20.807,-14.258,0.000,-35.000,4.18993,4.01123,16.26,-5.854,-26.252,-5.394,-24.186,-5.436,-6.880,0.92131,74.342
[SHELL] ccB:456,19043,1,-22.739,1.916,20.823,23.377,76.623,30.669,21.555,78.445,41.475
[SHELL] ccA:457,678087672,489525,20.807,-14.258,0.000,-35.000,4.18993,3.80974,200.99,-5.862,-26.252,-5.401,-24.185,-5.444,-6.880,0.92125,74.342
[SHELL] ccB:457,2147523805,1,-22.739,1.916,20.823,28.322,76.013,23.987,23.377,76.623,30.669
[SHELL] ccA:458,678206028,489526,5.685,-12.981,0.000,-35.000,3.77480,3.59613,16.17,-5.561,-26.279,-5.130,-24.244,-5.445,-6.881,0.92257,74.342
[SHELL] ccB:458,19021,1,-12.265,12.281,-0.017,37.823,77.998,22.002,28.322,76.013,23.987
[SHELL] ccA:459,678307724,489526,5.685,-12.981,0.000,-35.000,3.77480,3.38240,201.07,-5.561,-26.279,-5.130,-24.244,-5.445,-6.881,0.92254,74.342
[SHELL] ccB:459,2147523779,1,-12.265,12.281,-0.017,48.387,78.852,21.148,37.823,77.998,22.002
[SHELL] ccA:460,678425976,489527,-0.194,-15.275,0.000,-35.000,3.34139,3.16267,16.13,-5.441,-26.233,-5.033,-24.264,-5.443,-6.881,0.92494,74.342
[SHELL] ccB:460,18995,1,-2.841,14.420,-11.579,59.121,78.383,21.617,48.387,78.852,21.148
[SHELL] ccA:461,678527656,489527,-0.194,-15.275,0.000,-35.000,3.34139,2.95159,200.99,-5.439,-26.233,-5.031,-24.265,-5.441,-6.881,0.92495,74.342
[SHELL] ccB:461,2147523813,1,-2.841,14.420,-11.579,69.215,76.651,23.349,59.121,78.383,21.617
[SHELL] ccA:462,678645988,489528,-2.127,-12.851,0.000,-35.000,2.90968,2.73102,16.12,-5.398,-26.283,-4.985,-24.274,-5.438,-6.883,0.92357,74.342
[SHELL] ccB:462,19001,1,5.024,7.896,-12.920,76.190,71.028,23.810,69.215,76.651,23.349
[SHELL] ccA:463,678747944,489528,-2.127,-12.851,0.000,-35.000,2.90968,2.52694,200.94,-5.394,-26.284,-4.982,-24.275,-5.435,-6.884,0.92355,74.342
[SHELL] ccB:463,2147523669,1,5.024,7.896,-12.920,78.107,61.405,21.893,76.190,71.028,23.810
[SHELL] ctrlcap v1 armed=0 count=512 clock_hz=550000000 decimation=1
[SHELL] ccA:index,cycles,seq,id,iq,idref,iqref,theta,actangle,age_us,vdreq,vqreq,vd,vq,intd,intq,scale,bus
[SHELL] ccB:index,timer,valid,ia,ib,ic,du,dv,dw,active_u,active_v,active_w
[SHELL] ccA:464,678866576,489529,10.024,-16.073,0.000,-35.000,2.47929,2.30057,16.67,-5.640,-26.219,-5.212,-24.226,-5.438,-6.883,0.92400,74.342
[SHELL] ccB:464,19295,1,1.979,15.326,-17.305,78.867,49.714,21.133,78.107,61.405,21.893
[SHELL] ccA:465,678967972,489529,10.024,-16.073,0.000,-35.000,2.47929,2.10451,201.02,-5.643,-26.218,-5.214,-24.226,-5.441,-6.883,0.92400,74.342
[SHELL] ccB:465,2147523655,1,1.979,15.326,-17.305,78.281,39.974,21.719,78.867,49.714,21.133
[SHELL] ccA:466,679086636,489530,21.938,-10.272,0.000,-35.000,2.05568,1.87699,16.70,-5.890,-26.337,-5.409,-24.183,-5.449,-6.884,0.91822,74.342
[SHELL] ccB:466,19325,1,-1.138,21.524,-20.386,76.149,28.819,23.851,78.281,39.974,21.719
[SHELL] ccA:467,679187992,489530,21.938,-10.272,0.000,-35.000,2.05568,1.66327,200.98,-5.899,-26.338,-5.416,-24.182,-5.458,-6.886,0.91811,74.342
[SHELL] ccB:467,2147523645,1,-1.138,21.524,-20.386,76.636,23.364,30.726,76.149,28.819,23.851
[SHELL] ccA:468,679306676,489531,5.818,-9.487,0.000,-35.000,1.62531,1.44661,16.75,-5.577,-26.356,-5.130,-24.244,-5.458,-6.888,0.91985,74.342
[SHELL] ccB:468,19345,1,9.155,0.901,-10.056,78.343,21.657,40.514,76.636,23.364,30.726
[SHELL] ccA:469,679407988,489531,5.818,-9.487,0.000,-35.000,1.62531,1.24337,200.98,-5.578,-26.358,-5.130,-24.244,-5.459,-6.890,0.91978,74.342
[SHELL] ccB:469,2147523647,1,9.155,0.901,-10.056,78.865,21.135,50.618,78.343,21.657,40.514
[SHELL] ccA:470,679526672,489532,-7.462,-12.485,0.000,-35.000,1.18793,1.00924,16.75,-5.306,-26.299,-4.901,-24.291,-5.453,-6.891,0.92365,74.342
[SHELL] ccB:470,19343,1,8.793,-14.430,5.637,78.060,21.940,61.741,78.865,21.135,50.618
[SHELL] ccA:471,679628020,489532,-7.462,-12.485,0.000,-35.000,1.18793,0.81166,200.98,-5.300,-26.300,-4.896,-24.292,-5.448,-6.893,0.92365,74.342
[SHELL] ccB:471,2147523631,1,8.793,-14.430,5.637,76.186,23.814,71.044,78.060,21.940,61.741
[SHELL] ccA:472,679746452,489533,-8.262,-15.052,0.000,-35.000,0.76815,0.58944,16.77,-5.278,-26.249,-4.885,-24.294,-5.441,-6.893,0.92554,74.342
[SHELL] ccB:472,19233,1,4.516,-16.605,12.089,69.056,23.311,76.689,76.186,23.814,71.044
[SHELL] ccA:473,679847788,489533,-8.262,-15.052,0.000,-35.000,0.76815,0.39587,200.99,-5.272,-26.249,-4.880,-24.295,-5.435,-6.893,0.92557,74.342
[SHELL] ccB:473,2147523747,1,4.516,-16.605,12.089,59.819,21.695,78.305,69.056,23.311,76.689
[SHELL] ccA:474,679966296,489534,9.681,-18.115,0.000,-35.000,0.34026,0.16159,16.38,-5.634,-26.186,-5.212,-24.226,-5.438,-6.892,0.92515,74.342
[SHELL] ccB:474,19155,1,15.172,-19.577,4.405,47.485,21.169,78.831,59.819,21.695,78.305
[SHELL] ccA:475,680067872,489534,9.681,-18.115,0.000,-35.000,0.34026,6.24050,200.95,-5.637,-26.185,-5.215,-24.226,-5.441,-6.890,0.92517,74.342
[SHELL] ccB:475,2147523705,1,15.172,-19.577,4.405,37.402,22.064,77.936,47.485,21.169,78.831
[SHELL] ccA:476,680186428,489535,19.564,-13.927,0.000,-35.000,6.20141,6.02269,16.53,-5.842,-26.270,-5.379,-24.190,-5.448,-6.890,0.92082,74.342
[SHELL] ccB:476,19221,1,18.361,-22.585,4.224,26.941,24.386,75.614,37.402,22.064,77.936
[SHELL] ccA:477,680287860,489535,19.564,-13.927,0.000,-35.000,6.20141,5.82184,200.99,-5.849,-26.270,-5.386,-24.188,-5.456,-6.890,0.92076,74.342
[SHELL] ccB:477,2147523711,1,18.361,-22.585,4.224,23.052,32.070,76.948,26.941,24.386,75.614
[SHELL] ccA:478,680406420,489536,6.211,-17.801,0.000,-35.000,5.76892,5.59021,16.54,-5.583,-26.190,-5.136,-24.093,-5.457,-6.889,0.91990,73.902
[SHELL] ccB:478,19217,1,-3.349,-14.394,17.743,21.432,42.816,78.568,23.052,32.070,76.948
[SHELL] ccA:479,680507904,489536,6.211,-17.801,0.000,-35.000,5.76892,5.37792,200.99,-5.584,-26.189,-5.137,-24.092,-5.458,-6.887,0.91996,73.902
[SHELL] ccB:479,2147523689,1,-3.349,-14.394,17.743,21.199,53.405,78.801,21.432,42.816,78.568
[SHELL] ctrlcap v1 armed=0 count=512 clock_hz=550000000 decimation=1
[SHELL] ccA:index,cycles,seq,id,iq,idref,iqref,theta,actangle,age_us,vdreq,vqreq,vd,vq,intd,intq,scale,bus
[SHELL] ccB:index,timer,valid,ia,ib,ic,du,dv,dw,active_u,active_v,active_w
[SHELL] ccA:480,680626456,489537,-0.527,-17.846,0.000,-35.000,5.33895,5.16024,16.57,-5.447,-26.186,-5.046,-24.261,-5.455,-6.886,0.92651,74.342
[SHELL] ccB:480,19235,1,-14.765,-1.310,16.075,22.263,63.858,77.737,21.199,53.405,78.801
[SHELL] ccA:481,680727944,489537,-0.527,-17.846,0.000,-35.000,5.33895,4.95481,201.04,-5.444,-26.185,-5.045,-24.262,-5.453,-6.885,0.92656,74.342
[SHELL] ccB:481,2147523669,1,-14.765,-1.310,16.075,24.478,73.363,75.522,22.263,63.858,77.737
[SHELL] ccA:482,680846472,489538,-1.294,-15.646,0.000,-35.000,4.90800,4.72928,16.57,-5.426,-26.229,-5.021,-24.267,-5.450,-6.885,0.92519,74.342
[SHELL] ccB:482,19243,1,-15.599,6.265,9.334,22.751,77.249,66.508,24.478,73.363,75.522
[SHELL] ccA:483,680947892,489538,-1.294,-15.646,0.000,-35.000,4.90800,4.52529,201.00,-5.424,-26.229,-5.018,-24.267,-5.448,-6.884,0.92522,74.342
[SHELL] ccB:483,2147523695,1,-15.599,6.265,9.334,21.386,78.614,56.610,22.751,77.249,66.508
[SHELL] ccA:484,681066492,489539,13.607,-18.762,0.000,-35.000,4.48330,4.30463,16.56,-5.727,-26.165,-5.298,-24.208,-5.452,-6.883,0.92520,74.342
[SHELL] ccB:484,19253,1,-21.362,2.894,18.468,21.276,78.724,45.027,21.386,78.614,56.610
[SHELL] ccA:485,681167944,489539,13.607,-18.762,0.000,-35.000,4.48330,4.10572,201.04,-5.731,-26.163,-5.303,-24.207,-5.457,-6.881,0.92522,74.342
[SHELL] ccB:485,2147523669,1,-21.362,2.894,18.468,22.411,77.589,35.285,21.276,78.724,45.027
[SHELL] ccA:486,681286460,489540,17.920,-13.033,0.000,-35.000,4.05142,3.87273,16.57,-5.824,-26.279,-5.362,-24.194,-5.464,-6.882,0.92065,74.342
[SHELL] ccB:486,19237,1,-21.289,5.323,15.967,25.459,75.151,24.849,22.411,77.589,35.285
[SHELL] ccA:487,681387904,489540,17.920,-13.033,0.000,-35.000,4.05142,3.67350,200.98,-5.831,-26.279,-5.368,-24.192,-5.470,-6.882,0.92058,74.342
[SHELL] ccB:487,2147523689,1,-21.289,5.323,15.967,34.578,77.460,22.540,25.459,75.151,24.849
[SHELL] ccA:488,681506504,489541,7.203,-18.101,0.000,-35.000,3.62014,3.44143,16.60,-5.618,-26.176,-5.200,-24.229,-5.472,-6.881,0.92562,74.342
[SHELL] ccB:488,19259,1,-14.729,18.407,-3.677,45.584,78.755,21.245,34.578,77.460,22.540
[SHELL] ccA:489,681607928,489541,7.203,-18.101,0.000,-35.000,3.62014,3.23628,201.00,-5.619,-26.175,-5.202,-24.229,-5.473,-6.880,0.92565,74.342
[SHELL] ccB:489,2147523677,1,-14.729,18.407,-3.677,55.826,78.671,21.329,45.584,78.755,21.245
[SHELL] ccA:490,681726504,489542,-4.716,-14.445,0.000,-35.000,3.20005,3.02134,16.60,-5.377,-26.248,-5.002,-24.420,-5.469,-6.881,0.93035,74.782
[SHELL] ccB:490,19259,1,3.864,10.795,-14.659,65.837,77.381,22.619,55.826,78.671,21.329
[SHELL] ccA:491,681827928,489542,-4.716,-14.445,0.000,-35.000,3.20005,2.81313,201.03,-5.372,-26.249,-4.969,-24.277,-5.465,-6.881,0.92487,74.342
[SHELL] ccB:491,2147523677,1,3.864,10.795,-14.659,75.097,74.707,24.903,65.837,77.381,22.619
[SHELL] ccA:492,681946480,489543,-1.667,-16.876,0.000,-35.000,2.75871,2.58000,16.60,-5.431,-26.200,-5.059,-24.408,-5.462,-6.881,0.93162,74.782
[SHELL] ccB:492,19247,1,7.851,9.092,-16.943,77.733,63.877,22.267,75.097,74.707,24.903
[SHELL] ccA:493,682047904,489543,-1.667,-16.876,0.000,-35.000,2.75871,2.38039,200.97,-5.428,-26.200,-5.057,-24.409,-5.459,-6.881,0.93163,74.782
[SHELL] ccB:493,2147523689,1,7.851,9.092,-16.943,78.771,54.081,21.229,77.733,63.877,22.267
[SHELL] ccA:494,682166552,489544,17.688,-18.350,0.000,-35.000,2.34099,2.16232,16.65,-5.822,-26.170,-5.381,-24.189,-5.466,-6.880,0.92431,74.342
[SHELL] ccB:494,19283,1,0.856,21.632,-22.488,78.539,42.480,21.461,78.771,54.081,21.229
[SHELL] ccA:495,682267960,489544,17.688,-18.350,0.000,-35.000,2.34099,1.95517,200.95,-5.829,-26.168,-5.387,-24.188,-5.473,-6.878,0.92431,74.342
[SHELL] ccB:495,2147523661,1,0.856,21.632,-22.488,77.033,32.462,22.967,78.539,42.480,21.461
[SHELL] ctrlcap v1 armed=0 count=512 clock_hz=550000000 decimation=1
[SHELL] ccA:index,cycles,seq,id,iq,idref,iqref,theta,actangle,age_us,vdreq,vqreq,vd,vq,intd,intq,scale,bus
[SHELL] ccB:index,timer,valid,ia,ib,ic,du,dv,dw,active_u,active_v,active_w
[SHELL] ccA:496,682386588,489545,16.999,-10.769,0.000,-35.000,1.90544,1.72674,16.67,-5.821,-26.322,-5.351,-24.196,-5.479,-6.880,0.91922,74.342
[SHELL] ccB:496,19301,1,4.589,14.674,-19.262,75.842,24.158,27.717,77.033,32.462,22.967
[SHELL] ccA:497,682487932,489545,16.999,-10.769,0.000,-35.000,1.90544,1.51698,200.95,-5.827,-26.324,-5.356,-24.195,-5.485,-6.881,0.91913,74.342
[SHELL] ccB:497,2147523675,1,4.589,14.674,-19.262,77.956,22.044,37.536,75.842,24.158,27.717
[SHELL] ccA:498,682606592,489546,1.810,-15.180,0.000,-35.000,1.48132,1.30262,16.67,-5.522,-26.235,-5.104,-24.249,-5.484,-6.881,0.92432,74.342
[SHELL] ccB:498,19303,1,15.281,-7.254,-8.027,78.834,21.166,47.603,77.956,22.044,37.536
[SHELL] ccA:499,682707932,489546,1.810,-15.180,0.000,-35.000,1.48132,1.09558,200.95,-5.521,-26.235,-5.103,-24.249,-5.483,-6.881,0.92432,74.342
[SHELL] ccB:499,2147523675,1,15.281,-7.254,-8.027,78.503,21.497,57.918,78.834,21.166,47.603
[SHELL] ccA:500,682826616,489547,-8.513,-15.138,0.000,-35.000,1.04804,0.86932,16.67,-5.308,-26.236,-4.943,-24.432,-5.476,-6.882,0.93126,74.782
[SHELL] ccB:500,19315,1,8.866,-17.366,8.500,76.835,23.165,68.430,78.503,21.497,57.918
[SHELL] ccA:501,682927756,489547,-8.513,-15.138,0.000,-35.000,1.04804,0.66358,200.99,-5.302,-26.237,-4.908,-24.290,-5.470,-6.882,0.92579,74.342
[SHELL] ccB:501,2147523763,1,8.866,-17.366,8.500,72.385,24.187,75.813,76.835,23.165,68.430
[SHELL] ccA:502,683046192,489548,-1.117,-17.520,0.000,-35.000,0.61716,0.43844,16.30,-5.447,-26.188,-5.076,-24.405,-5.468,-6.882,0.93191,74.782
[SHELL] ccB:502,19103,1,9.228,-17.547,8.319,61.562,21.915,78.085,72.385,24.187,75.813
[SHELL] ccA:503,683147856,489548,-1.117,-17.520,0.000,-35.000,0.61716,0.23941,201.09,-5.445,-26.188,-5.074,-24.405,-5.465,-6.882,0.93194,74.782
[SHELL] ccB:503,2147523713,1,9.228,-17.547,8.319,51.720,21.150,78.850,61.562,21.915,78.085
[SHELL] ccA:504,683266476,489549,16.083,-17.569,0.000,-35.000,0.19074,0.01203,16.44,-5.795,-26.187,-5.354,-24.195,-5.471,-6.881,0.92396,74.342
[SHELL] ccB:504,19245,1,19.123,-21.860,2.738,39.785,21.741,78.259,51.720,21.150,78.850
[SHELL] ccA:505,683367864,489549,16.083,-17.569,0.000,-35.000,0.19074,6.09204,200.91,-5.801,-26.185,-5.360,-24.194,-5.477,-6.879,0.92395,74.342
[SHELL] ccB:505,2147523709,1,19.123,-21.860,2.738,30.108,23.515,76.485,39.785,21.741,78.259
[SHELL] ccA:506,683486436,489550,11.471,-13.364,0.000,-35.000,6.04045,5.86173,16.54,-5.712,-26.270,-5.265,-24.215,-5.481,-6.880,0.92175,74.342
[SHELL] ccB:506,19225,1,7.923,-17.583,9.660,23.544,29.994,76.456,30.108,23.515,76.485
[SHELL] ccA:507,683587876,489550,11.471,-13.364,0.000,-35.000,6.04045,5.66794,201.00,-5.716,-26.271,-5.268,-24.214,-5.484,-6.880,0.92171,74.342
[SHELL] ccB:507,2147523703,1,7.923,-17.583,9.660,21.814,39.200,78.186,23.544,29.994,76.456
[SHELL] ccA:508,683708828,489551,-0.439,-21.297,0.000,-35.000,5.61315,5.43445,17.63,-5.475,-26.109,-5.086,-24.253,-5.482,-6.878,0.92893,74.342
[SHELL] ccB:508,20421,1,-13.569,-7.435,21.005,21.133,50.412,78.867,21.814,39.200,78.186
[SHELL] ccA:509,683807896,489551,-0.439,-21.297,0.000,-35.000,5.61315,5.24252,200.98,-5.473,-26.106,-5.084,-24.253,-5.480,-6.876,0.92902,74.342
[SHELL] ccB:509,2147523693,1,-13.569,-7.435,21.005,21.709,59.939,78.291,21.133,50.412,78.867
[SHELL] ccA:510,683926484,489552,-5.681,-18.454,0.000,-35.000,5.18827,5.00958,16.58,-5.363,-26.162,-4.977,-24.276,-5.475,-6.874,0.92789,74.342
[SHELL] ccB:510,19249,1,-19.006,6.555,12.451,23.744,70.780,76.256,21.709,59.939,78.291
[SHELL] ccA:511,684027936,489552,-5.681,-18.454,0.000,-35.000,5.18827,4.79795,201.07,-5.358,-26.161,-4.973,-24.277,-5.470,-6.873,0.92797,74.342
[SHELL] ccB:511,2147523673,1,-19.006,6.555,12.451,23.492,76.508,69.799,23.744,70.780,76.256
