[SHELL] ctrlcap v1 armed=0 count=512 clock_hz=550000000 decimation=1
[SHELL] ccA:index,cycles,seq,id,iq,idref,iqref,theta,actangle,age_us,vdreq,vqreq,vd,vq,intd,intq,scale,bus
[SHELL] ccB:index,timer,valid,ia,ib,ic,du,dv,dw,active_u,active_v,active_w
[SHELL] ccA:0,3748453851,581572,1.268,-29.721,0.000,-35.000,1.63033,1.28097,15.84,-4.828,-27.538,-4.828,-27.538,-4.803,-8.351,1.00000,73.902
[SHELL] ccB:0,18973,1,29.593,-12.169,-17.424,82.704,17.296,46.585,78.703,21.297,22.184
[SHELL] ccA:1,3748673887,581573,-10.615,-29.830,0.000,-35.000,1.16484,0.81545,15.84,-4.580,-27.541,-4.580,-27.541,-4.792,-8.357,1.00000,73.902
[SHELL] ccB:1,18991,1,23.214,-30.254,7.041,80.179,19.821,71.887,82.704,17.296,46.585
[SHELL] ccA:2,3748893459,581574,-4.517,-32.844,0.000,-35.000,0.70652,0.35690,15.47,-4.697,-27.483,-4.697,-27.483,-4.788,-8.359,1.00000,73.902
[SHELL] ccB:2,18777,1,17.886,-33.117,15.232,60.555,17.900,82.100,80.179,19.821,71.887
[SHELL] ccA:3,3749113523,581575,18.689,-35.003,0.000,-35.000,0.23884,6.17228,15.50,-5.180,-27.440,-5.180,-27.440,-4.806,-8.359,1.00000,73.902
[SHELL] ccB:3,18809,1,26.439,-38.844,12.405,33.386,18.714,81.286,60.555,17.900,82.100
[SHELL] ccA:4,3749333599,581576,14.283,-30.779,0.000,-35.000,6.05251,5.70140,15.57,-5.106,-27.611,-5.106,-27.611,-4.821,-8.363,1.00000,73.902
[SHELL] ccB:4,18847,1,6.868,-32.211,25.344,18.399,34.110,81.601,33.386,18.714,81.286
[SHELL] ccA:5,3749553675,581577,-3.052,-39.088,0.000,-35.000,5.58794,5.23706,15.57,-4.757,-27.441,-4.757,-27.441,-4.818,-8.359,1.00000,74.342
[SHELL] ccB:5,18885,1,-27.383,-10.610,37.993,18.027,59.538,81.973,18.399,34.110,81.601
[SHELL] ccA:6,3749773683,581578,-5.898,-35.754,0.000,-35.000,5.12679,4.77590,15.63,-4.694,-27.507,-4.694,-27.507,-4.812,-8.358,1.00000,73.902
[SHELL] ccB:6,18889,1,-35.103,9.759,25.344,20.116,79.884,72.997,18.027,59.538,81.973
[SHELL] ccA:7,3749993691,581579,9.045,-35.528,0.000,-35.000,4.65724,4.30639,15.63,-5.002,-27.511,-5.002,-27.511,-4.821,-8.358,1.00000,73.902
[SHELL] ccB:7,18893,1,-35.973,11.861,24.111,17.296,82.704,46.469,20.116,79.884,72.997
[SHELL] ccA:8,3750213611,581580,21.270,-31.644,0.000,-35.000,4.18925,3.83811,15.63,-5.268,-27.592,-5.268,-27.592,-4.842,-8.361,1.00000,73.902
[SHELL] ccB:8,18853,1,-38.038,16.754,21.284,22.272,78.763,21.237,17.296,82.704,46.469
[SHELL] ccA:9,3750433615,581581,3.440,-32.967,0.000,-35.000,3.71827,3.36715,15.60,-4.914,-27.568,-4.914,-27.568,-4.846,-8.363,1.00000,73.902
[SHELL] ccB:9,18855,1,-20.859,32.738,-11.879,47.208,82.775,17.225,22.272,78.763,21.237
[SHELL] ccA:10,3750653627,581582,-11.391,-34.179,0.000,-35.000,3.26225,2.91116,15.60,-4.606,-27.544,-4.606,-27.544,-4.834,-8.364,1.00000,73.902
[SHELL] ccB:10,18861,1,7.194,26.975,-34.169,71.872,80.192,19.808,47.208,82.775,17.225
[SHELL] ccA:11,3750873619,581583,-6.964,-37.296,0.000,-35.000,2.79033,2.43920,15.60,-4.688,-27.480,-4.688,-27.480,-4.827,-8.362,1.00000,73.902
[SHELL] ccB:11,18857,1,19.372,18.566,-37.938,82.164,59.898,17.836,71.872,80.192,19.808
[SHELL] ccA:12,3751093711,581584,19.920,-39.926,0.000,-35.000,2.32332,1.97226,15.72,-5.246,-27.422,-5.246,-27.422,-4.847,-8.357,1.00000,74.342
[SHELL] ccB:12,18903,1,15.530,28.461,-43.991,80.962,32.754,19.038,82.164,59.898,17.836
[SHELL] ccA:13,3751313767,581585,12.320,-30.942,0.000,-35.000,1.86322,1.51225,15.77,-5.106,-27.606,-5.106,-27.606,-4.859,-8.361,1.00000,73.902
[SHELL] ccB:13,18931,1,26.077,4.902,-30.979,81.598,18.402,34.134,80.962,32.754,19.038
[SHELL] ccA:14,3751533875,581586,-8.020,-33.775,0.000,-35.000,1.39412,1.04325,16.08,-4.691,-27.550,-4.691,-27.550,-4.851,-8.362,1.00000,73.902
[SHELL] ccB:14,18985,1,31.840,-27.898,-3.941,82.263,17.737,59.742,81.598,18.402,34.134
[SHELL] ccA:15,3751753695,581587,-9.073,-34.295,0.000,-35.000,0.92560,0.57479,16.14,-4.661,-27.541,-4.661,-27.541,-4.842,-8.363,1.00000,73.902
[SHELL] ccB:15,18895,1,21.945,-35.111,13.166,72.450,19.943,80.057,82.263,17.737,59.742
[SHELL] ctrlcap v1 armed=0 count=512 clock_hz=550000000 decimation=1
[SHELL] ccA:index,cycles,seq,id,iq,idref,iqref,theta,actangle,age_us,vdreq,vqreq,vd,vq,intd,intq,scale,bus
[SHELL] ccB:index,timer,valid,ia,ib,ic,du,dv,dw,active_u,active_v,active_w
[SHELL] ccA:16,3751973571,581588,8.236,-39.290,0.000,-35.000,0.45724,0.10629,15.45,-5.015,-27.437,-5.015,-27.437,-4.851,-8.358,1.00000,73.902
[SHELL] ccB:16,18833,1,24.736,-39.750,15.014,45.786,17.406,82.594,72.450,19.943,80.057
[SHELL] ccA:17,3752193591,581589,17.355,-31.659,0.000,-35.000,6.27708,5.92595,15.58,-5.215,-27.592,-5.215,-27.592,-4.868,-8.362,1.00000,73.902
[SHELL] ccB:17,18843,1,17.161,-36.089,18.928,21.172,22.516,78.828,45.786,17.406,82.594
[SHELL] ccA:18,3752413587,581590,-6.300,-38.769,0.000,-35.000,5.83010,5.47895,15.58,-4.736,-27.447,-4.736,-27.447,-4.862,-8.358,1.00000,73.902
[SHELL] ccB:18,18841,1,-22.635,-16.482,39.116,17.446,45.928,82.554,21.172,22.516,78.828
[SHELL] ccA:19,3752633619,581591,-7.290,-38.619,0.000,-35.000,5.34015,4.98904,15.64,-4.709,-27.446,-4.709,-27.446,-4.854,-8.354,1.00000,73.902
[SHELL] ccB:19,18857,1,-35.538,3.235,32.302,20.162,72.884,79.838,17.446,45.928,82.554
[SHELL] ccA:20,3752853615,581592,0.579,-33.856,0.000,-35.000,4.88490,4.53378,15.64,-4.867,-27.542,-4.867,-27.542,-4.855,-8.355,1.00000,73.902
[SHELL] ccB:20,18855,1,-33.254,11.100,22.154,17.697,82.303,59.610,20.162,72.884,79.838
[SHELL] ccA:21,3753073723,581593,13.518,-34.694,0.000,-35.000,4.41510,4.06425,15.64,-5.139,-27.526,-5.139,-27.526,-4.868,-8.356,1.00000,73.902
[SHELL] ccB:21,18909,1,-37.132,16.174,20.958,18.742,81.258,32.710,17.697,82.303,59.610
[SHELL] ccA:22,3753293691,581594,6.985,-33.120,0.000,-35.000,3.94909,3.59808,15.69,-5.015,-27.559,-5.015,-27.559,-4.875,-8.358,1.00000,73.902
[SHELL] ccB:22,18893,1,-28.760,29.838,-1.078,34.480,81.579,18.421,18.742,81.258,32.710
[SHELL] ccA:23,3753513615,581595,-9.041,-38.383,0.000,-35.000,3.47837,3.12722,15.61,-4.686,-27.451,-4.686,-27.451,-4.866,-8.354,1.00000,73.902
[SHELL] ccB:23,18855,1,-4.150,36.036,-31.885,60.310,82.086,17.914,34.480,81.579,18.421
[SHELL] ccA:24,3753733683,581596,-13.307,-38.282,0.000,-35.000,3.01906,2.66815,15.61,-4.587,-27.449,-4.587,-27.449,-4.853,-8.351,1.00000,73.902
[SHELL] ccB:24,18889,1,17.886,22.553,-40.439,79.933,72.422,20.067,60.310,82.086,17.914
[SHELL] ccA:25,3753953711,581597,3.498,-40.476,0.000,-35.000,2.55021,2.19930,15.61,-4.927,-27.400,-4.927,-27.400,-4.857,-8.345,1.00000,73.902
[SHELL] ccB:25,18903,1,19.662,20.958,-40.620,82.537,45.879,17.463,79.933,72.422,20.067
[SHELL] ccA:26,3754173739,581598,19.309,-35.253,0.000,-35.000,2.09493,1.74390,15.73,-5.262,-27.504,-5.262,-27.504,-4.876,-8.345,1.00000,73.902
[SHELL] ccB:26,18917,1,20.858,19.327,-40.185,78.677,21.323,22.369,82.537,45.879,17.463
[SHELL] ccA:27,3754393759,581599,-0.914,-32.419,0.000,-35.000,1.62673,1.27574,15.78,-4.857,-27.563,-4.857,-27.563,-4.875,-8.348,1.00000,73.902
[SHELL] ccB:27,18927,1,32.420,-15.430,-16.989,82.750,17.250,46.926,78.677,21.323,22.369
[SHELL] ccA:28,3754613831,581600,-10.777,-32.441,0.000,-35.000,1.15942,0.80854,15.78,-4.649,-27.566,-4.649,-27.566,-4.864,-8.350,1.00000,73.902
[SHELL] ccB:28,18963,1,25.425,-32.501,7.077,80.099,19.901,72.395,82.750,17.250,46.926
[SHELL] ccA:29,3754833455,581601,-6.356,-34.275,0.000,-35.000,0.69688,0.34576,15.40,-4.731,-27.530,-4.731,-27.530,-4.858,-8.351,1.00000,73.902
[SHELL] ccB:29,18775,1,17.125,-34.857,17.732,59.904,17.770,82.230,80.099,19.901,72.395
[SHELL] ccA:30,3755053675,581602,17.695,-35.630,0.000,-35.000,0.22177,6.15390,15.82,-5.229,-27.502,-5.229,-27.502,-4.876,-8.350,1.00000,73.902
[SHELL] ccB:30,18885,1,25.098,-39.279,14.181,32.277,18.831,81.169,59.904,17.770,82.230
[SHELL] ccA:31,3755273671,581603,10.395,-30.590,0.000,-35.000,6.05054,5.69970,15.58,-5.094,-27.607,-5.094,-27.607,-4.886,-8.355,1.00000,73.902
[SHELL] ccB:31,18883,1,3.062,-29.384,26.322,18.395,34.185,81.605,32.277,18.831,81.169
[SHELL] ctrlcap v1 armed=0 count=512 clock_hz=550000000 decimation=1
[SHELL] ccA:index,cycles,seq,id,iq,idref,iqref,theta,actangle,age_us,vdreq,vqreq,vd,vq,intd,intq,scale,bus
[SHELL] ccB:index,timer,valid,ia,ib,ic,du,dv,dw,active_u,active_v,active_w
[SHELL] ccA:32,3755493583,581604,-6.162,-39.054,0.000,-35.000,5.57290,5.22172,15.58,-4.757,-27.434,-4.757,-27.434,-4.880,-8.351,1.00000,73.902
[SHELL] ccB:32,18839,1,-30.137,-7.094,37.232,17.934,60.448,82.066,18.395,34.185,81.605
[SHELL] ccA:33,3755713627,581605,-7.375,-34.498,0.000,-35.000,5.10913,4.75800,15.64,-4.725,-27.525,-4.725,-27.525,-4.872,-8.351,1.00000,73.902
[SHELL] ccB:33,18861,1,-34.668,11.680,22.988,19.846,80.154,72.033,17.934,60.448,82.066
[SHELL] ccA:34,3755933687,581606,4.171,-35.838,0.000,-35.000,4.64061,4.28970,15.64,-4.960,-27.498,-4.960,-27.498,-4.877,-8.350,1.00000,73.902
[SHELL] ccB:34,18891,1,-36.045,16.645,19.400,17.355,82.645,45.606,19.846,80.154,72.033
[SHELL] ccA:35,3756153743,581607,13.977,-33.051,0.000,-35.000,4.17307,3.82230,15.64,-5.170,-27.555,-5.170,-27.555,-4.891,-8.352,1.00000,73.902
[SHELL] ccB:35,18919,1,-35.538,22.082,13.456,22.956,78.907,21.093,17.355,82.645,45.606
[SHELL] ccA:36,3756373579,581608,-4.050,-35.581,0.000,-35.000,3.71816,3.36703,15.61,-4.806,-27.504,-4.806,-27.504,-4.887,-8.352,1.00000,73.902
[SHELL] ccB:36,18837,1,-16.002,35.746,-19.744,47.028,82.674,17.326,22.956,78.907,21.093
[SHELL] ccA:37,3756593555,581609,-13.062,-35.930,0.000,-35.000,3.25344,2.90227,15.59,-4.612,-27.496,-4.612,-27.496,-4.873,-8.351,1.00000,73.902
[SHELL] ccB:37,18825,1,8.970,27.700,-36.670,72.324,80.022,19.978,47.028,82.674,17.326
[SHELL] ccA:38,3756813571,581610,-5.128,-37.529,0.000,-35.000,2.77909,2.42793,15.59,-4.766,-27.462,-4.766,-27.462,-4.868,-8.348,1.00000,73.902
[SHELL] ccB:38,18833,1,18.103,19.762,-37.866,82.236,59.108,17.764,72.324,80.022,19.978
[SHELL] ccA:39,3757033667,581611,19.390,-38.325,0.000,-35.000,2.31049,1.95939,15.65,-5.276,-27.443,-5.276,-27.443,-4.888,-8.345,1.00000,73.902
[SHELL] ccB:39,18881,1,15.240,27.156,-42.396,81.034,31.892,18.966,82.236,59.108,17.764
[SHELL] ccA:40,3757253791,581612,9.204,-30.420,0.000,-35.000,1.84652,1.49558,16.00,-5.081,-27.605,-5.081,-27.605,-4.897,-8.350,1.00000,73.902
[SHELL] ccB:40,18943,1,26.766,1.459,-28.225,81.733,18.267,35.004,81.034,31.892,18.966
[SHELL] ccA:41,3757473795,581613,-10.666,-34.176,0.000,-35.000,1.37882,1.02812,15.70,-4.673,-27.531,-4.673,-27.531,-4.886,-8.350,1.00000,73.902
[SHELL] ccB:41,18945,1,31.514,-30.472,-1.042,82.152,17.848,60.549,81.733,18.267,35.004
[SHELL] ccA:42,3757693599,581614,-10.581,-34.756,0.000,-35.000,0.90461,0.55395,15.76,-4.664,-27.520,-4.664,-27.520,-4.876,-8.351,1.00000,73.902
[SHELL] ccB:42,18847,1,20.785,-36.198,15.413,71.333,19.698,80.301,82.152,17.848,60.549
[SHELL] ccA:43,3757913387,581615,7.937,-37.523,0.000,-35.000,0.44165,0.09027,15.38,-5.042,-27.462,-5.042,-27.462,-4.884,-8.348,1.00000,74.342
[SHELL] ccB:43,18741,1,23.214,-38.047,14.833,44.863,17.610,82.390,71.333,19.698,80.301
[SHELL] ccA:44,3758133551,581616,12.754,-31.920,0.000,-35.000,6.25675,5.90559,15.52,-5.151,-27.577,-5.151,-27.577,-4.896,-8.351,1.00000,74.342
[SHELL] ccB:44,18823,1,11.906,-33.879,21.973,21.087,23.614,78.913,44.863,17.610,82.390
[SHELL] ccA:45,3758353523,581617,-9.581,-36.129,0.000,-35.000,5.78102,5.42980,15.52,-4.695,-27.492,-4.695,-27.492,-4.887,-8.350,1.00000,73.902
[SHELL] ccB:45,18809,1,-25.788,-10.538,36.326,17.327,48.604,82.673,21.087,23.614,78.913
[SHELL] ccA:46,3758573579,581618,-17.578,-37.182,0.000,-35.000,5.31806,4.96699,15.57,-4.518,-27.468,-4.518,-27.468,-4.869,-8.348,1.00000,74.342
[SHELL] ccB:46,18837,1,-40.575,14.471,26.105,20.551,73.517,79.449,17.327,48.604,82.673
[SHELL] ccA:47,3758793607,581619,-10.693,-34.665,0.000,-35.000,4.83592,4.48497,15.57,-4.645,-27.519,-4.645,-27.519,-4.859,-8.348,1.00000,74.342
[SHELL] ccB:47,18851,1,-35.719,23.350,12.368,17.759,82.241,57.242,20.551,73.517,79.449
[SHELL] ctrlcap v1 armed=0 count=512 clock_hz=550000000 decimation=1
[SHELL] ccA:index,cycles,seq,id,iq,idref,iqref,theta,actangle,age_us,vdreq,vqreq,vd,vq,intd,intq,scale,bus
[SHELL] ccB:index,timer,valid,ia,ib,ic,du,dv,dw,active_u,active_v,active_w
[SHELL] ccA:48,3759013647,581620,3.513,-35.603,0.000,-35.000,4.38149,4.03039,15.88,-4.932,-27.500,-4.932,-27.500,-4.862,-8.348,1.00000,74.342
[SHELL] ccB:48,18871,1,-34.813,24.546,10.266,19.272,80.728,31.420,17.759,82.241,57.242
[SHELL] ccA:49,3759233615,581621,-7.664,-34.450,0.000,-35.000,3.91598,3.56502,15.55,-4.701,-27.523,-4.701,-27.523,-4.854,-8.348,1.00000,74.342
[SHELL] ccB:49,18855,1,-18.612,35.275,-16.663,35.830,81.481,18.519,19.272,80.728,31.420
[SHELL] ccA:50,3759453651,581622,-17.074,-38.598,0.000,-35.000,3.44924,3.09838,15.55,-4.496,-27.437,-4.496,-27.437,-4.837,-8.345,1.00000,74.342
[SHELL] ccB:50,18873,1,4.584,34.042,-38.627,61.454,81.706,18.294,35.830,81.481,18.519
[SHELL] ccA:51,3759673571,581623,-16.916,-36.648,0.000,-35.000,2.99171,2.64052,15.55,-4.482,-27.474,-4.482,-27.474,-4.820,-8.343,1.00000,74.342
[SHELL] ccB:51,18833,1,22.199,18.095,-40.294,80.062,71.064,19.938,61.454,81.706,18.294
[SHELL] ccA:52,3759902475,581624,2.856,-38.626,0.000,-35.000,2.50354,2.15100,18.50,-4.880,-27.431,-4.880,-27.431,-4.823,-8.339,1.00000,73.902
[SHELL] ccB:52,23285,1,20.713,17.986,-38.699,82.417,43.260,17.583,80.062,71.064,19.938
[SHELL] ccA:53,3760113627,581625,11.106,-32.013,0.000,-35.000,2.05150,1.70040,15.66,-5.056,-27.566,-5.056,-27.566,-4.834,-8.342,1.00000,74.342
[SHELL] ccB:53,18861,1,23.250,9.723,-32.973,79.082,20.918,24.300,82.417,43.260,17.583
[SHELL] ccA:54,3760333731,581626,-13.982,-33.633,0.000,-35.000,1.59076,1.23848,15.63,-4.541,-27.618,-4.541,-27.618,-4.820,-8.344,1.00000,74.342
[SHELL] ccB:54,18913,1,33.906,-28.478,-5.427,82.592,17.408,48.401,79.082,20.918,24.300
[SHELL] ccA:55,3760553611,581627,-17.096,-33.541,0.000,-35.000,1.11882,0.76616,15.63,-4.461,-27.621,-4.461,-27.621,-4.803,-8.345,1.00000,74.342
[SHELL] ccB:55,18853,1,22.706,-37.358,14.652,79.473,20.527,74.106,82.592,17.408,48.401
[SHELL] ccA:56,3760773323,581628,-7.649,-34.080,0.000,-35.000,0.65394,0.30127,15.25,-4.643,-27.611,-4.643,-27.611,-4.796,-8.346,1.00000,74.342
[SHELL] ccB:56,18709,1,14.660,-34.785,20.125,57.586,17.679,82.321,79.473,20.527,74.106
[SHELL] ccA:57,3760993239,581629,10.429,-36.614,0.000,-35.000,0.19015,6.12044,15.36,-5.015,-27.559,-5.015,-27.559,-4.806,-8.344,1.00000,74.342
[SHELL] ccB:57,18667,1,17.161,-38.010,20.849,31.006,19.266,80.734,57.586,17.679,82.321
[SHELL] ccA:58,3761213191,581630,0.242,-35.635,0.000,-35.000,6.01245,5.65948,15.31,-4.811,-27.578,-4.811,-27.578,-4.806,-8.344,1.00000,74.342
[SHELL] ccB:58,18643,1,-9.297,-25.144,34.441,18.408,35.983,81.592,31.006,19.266,80.734
[SHELL] ccA:59,3761433243,581631,-10.316,-40.238,0.000,-35.000,5.54522,5.19234,15.31,-4.590,-27.481,-4.590,-27.481,-4.796,-8.339,1.00000,74.342
[SHELL] ccB:59,18669,1,-34.704,-2.419,37.123,18.251,61.671,81.749,18.408,35.983,81.592
[SHELL] ccA:60,3761653207,581632,-7.597,-36.958,0.000,-35.000,5.08227,4.72932,15.31,-4.636,-27.544,-4.636,-27.544,-4.788,-8.337,1.00000,74.342
[SHELL] ccB:60,18651,1,-37.205,13.166,24.039,19.708,80.292,70.578,18.251,61.671,81.749
[SHELL] ccA:61,3761873279,581633,8.475,-36.590,0.000,-35.000,4.61495,4.26221,15.31,-4.966,-27.550,-4.966,-27.550,-4.797,-8.335,1.00000,74.342
[SHELL] ccB:61,18687,1,-37.241,14.398,22.843,17.568,82.432,44.084,19.708,80.292,70.578
[SHELL] ccA:62,3762093255,581634,16.316,-30.855,0.000,-35.000,4.15397,3.80125,15.31,-5.139,-27.669,-5.139,-27.669,-4.813,-8.339,1.00000,74.342
[SHELL] ccB:62,18675,1,-34.813,19.581,15.232,23.981,79.139,20.861,17.568,82.432,44.084
[SHELL] ccA:63,3762313279,581635,0.294,-33.001,0.000,-35.000,3.68212,3.32949,15.28,-4.819,-27.628,-4.819,-27.628,-4.813,-8.341,1.00000,74.342
[SHELL] ccB:63,18687,1,-17.234,32.991,-15.757,49.140,82.667,17.333,23.981,79.139,20.861
[SHELL] ctrlcap v1 armed=0 count=512 clock_hz=550000000 decimation=1
[SHELL] ccA:index,cycles,seq,id,iq,idref,iqref,theta,actangle,age_us,vdreq,vqreq,vd,vq,intd,intq,scale,bus
[SHELL] ccB:index,timer,valid,ia,ib,ic,du,dv,dw,active_u,active_v,active_w
[SHELL] ccA:64,3762533271,581636,-10.150,-32.809,0.000,-35.000,3.21979,2.86706,15.28,-4.600,-27.634,-4.600,-27.634,-4.803,-8.343,1.00000,74.342
[SHELL] ccB:64,18683,1,7.556,25.235,-32.791,74.050,79.533,20.467,49.140,82.667,17.333
[SHELL] ccA:65,3762753475,581637,-3.392,-34.021,0.000,-35.000,2.75272,2.39975,15.28,-4.732,-27.611,-4.732,-27.611,-4.800,-8.344,1.00000,74.342
[SHELL] ccB:65,18785,1,16.037,18.131,-34.169,82.334,57.642,17.666,74.050,79.533,20.467
[SHELL] ccA:66,3762973815,581638,21.937,-35.596,0.000,-35.000,2.28605,1.93356,15.79,-5.261,-27.579,-5.261,-27.579,-4.822,-8.344,1.00000,74.342
[SHELL] ccB:66,18955,1,12.485,28.316,-40.801,80.731,30.611,19.269,82.334,57.642,17.666
[SHELL] ccA:67,3763193847,581639,12.826,-27.825,0.000,-35.000,1.81476,1.46233,15.84,-5.091,-27.741,-5.091,-27.741,-4.835,-8.351,1.00000,74.342
[SHELL] ccB:67,18971,1,23.902,4.649,-28.551,81.964,18.036,36.825,80.731,30.611,19.269
[SHELL] ccA:68,3763413867,581640,-8.606,-32.421,0.000,-35.000,1.35396,1.00154,15.84,-4.654,-27.652,-4.654,-27.652,-4.826,-8.354,1.00000,74.342
[SHELL] ccB:68,18981,1,29.810,-28.225,-1.586,81.932,18.068,61.927,81.964,18.036,36.825
[SHELL] ccA:69,3763633659,581641,-7.189,-33.566,0.000,-35.000,0.88279,0.53054,15.90,-4.675,-27.631,-4.675,-27.631,-4.819,-8.355,1.00000,74.342
[SHELL] ccB:69,18877,1,21.365,-33.951,12.586,70.074,19.481,80.519,81.932,18.068,61.927
[SHELL] ccA:70,3763853483,581642,13.790,-37.072,0.000,-35.000,0.41616,0.06340,15.45,-5.108,-27.558,-5.108,-27.558,-4.833,-8.353,1.00000,74.342
[SHELL] ccB:70,18789,1,27.599,-38.337,10.737,43.236,17.584,82.416,70.074,19.481,80.519
[SHELL] ccA:71,3764073667,581643,20.562,-30.678,0.000,-35.000,6.23798,5.88560,15.57,-5.264,-27.691,-5.264,-27.691,-4.853,-8.357,1.00000,74.342
[SHELL] ccB:71,18881,1,19.154,-36.923,17.769,20.603,24.663,79.397,43.236,17.584,82.416
[SHELL] ccA:72,3764293679,581644,1.007,-37.595,0.000,-35.000,5.76076,5.40837,15.57,-4.874,-27.550,-4.874,-27.550,-4.854,-8.355,1.00000,74.342
[SHELL] ccB:72,18887,1,-17.887,-19.707,37.594,17.408,50.155,82.592,20.603,24.663,79.397
[SHELL] ccA:73,3764513695,581645,-5.539,-37.429,0.000,-35.000,5.29248,4.94017,15.63,-4.738,-27.551,-4.738,-27.551,-4.849,-8.352,1.00000,74.342
[SHELL] ccB:73,18895,1,-34.342,3.416,30.925,20.909,75.350,79.091,17.408,50.155,82.592
[SHELL] ccA:74,3764733715,581646,0.132,-34.099,0.000,-35.000,4.83341,4.48106,15.63,-4.851,-27.618,-4.851,-27.618,-4.849,-8.353,1.00000,74.342
[SHELL] ccB:74,18905,1,-33.834,13.238,20.596,17.563,82.437,56.682,20.909,75.350,79.091
[SHELL] ccA:75,3764953591,581647,18.282,-33.975,0.000,-35.000,4.35582,4.00315,15.63,-5.233,-27.622,-5.233,-27.622,-4.867,-8.354,1.00000,74.782
[SHELL] ccB:75,18843,1,-38.220,14.543,23.676,19.680,80.320,29.458,17.563,82.437,56.682
[SHELL] ccA:76,3765173639,581648,10.064,-31.336,0.000,-35.000,3.88711,3.53452,15.60,-5.078,-27.678,-5.078,-27.678,-4.877,-8.358,1.00000,74.782
[SHELL] ccB:76,18867,1,-28.651,28.352,0.299,38.153,81.862,18.138,19.680,80.320,29.458
[SHELL] ccA:77,3765402523,581649,-7.378,-33.775,0.000,-35.000,3.40753,3.05347,18.56,-4.722,-27.630,-4.722,-27.630,-4.870,-8.359,1.00000,74.782
[SHELL] ccB:77,23309,1,-1.758,30.780,-29.022,64.313,81.393,18.607,38.153,81.862,18.138
[SHELL] ccA:78,3765613707,581650,-14.568,-35.022,0.000,-35.000,2.95355,2.60123,15.60,-4.564,-27.606,-4.564,-27.606,-4.855,-8.359,1.00000,74.782
[SHELL] ccB:78,18901,1,20.858,17.008,-37.866,80.516,68.875,19.484,64.313,81.393,18.607
[SHELL] ccA:79,3765833631,581651,4.905,-41.319,0.000,-35.000,2.47710,2.12441,15.60,-4.958,-27.473,-4.958,-27.473,-4.860,-8.353,1.00000,74.782
[SHELL] ccB:79,18863,1,21.619,19.980,-41.599,81.974,41.713,18.026,80.516,68.875,19.484
[SHELL] ctrlcap v1 armed=0 count=512 clock_hz=550000000 decimation=1
[SHELL] ccA:index,cycles,seq,id,iq,idref,iqref,theta,actangle,age_us,vdreq,vqreq,vd,vq,intd,intq,scale,bus
[SHELL] ccB:index,timer,valid,ia,ib,ic,du,dv,dw,active_u,active_v,active_w
[SHELL] ccA:80,3766053723,581652,17.124,-32.465,0.000,-35.000,2.01534,1.66279,15.72,-5.220,-27.653,-5.220,-27.653,-4.877,-8.355,1.00000,74.782
[SHELL] ccB:80,18909,1,21.945,14.507,-36.452,79.636,20.364,26.519,81.974,41.713,18.026
[SHELL] ccA:81,3766273771,581653,-4.928,-32.541,0.000,-35.000,1.54794,1.19544,15.77,-4.774,-27.654,-4.774,-27.654,-4.872,-8.358,1.00000,74.782
[SHELL] ccB:81,18933,1,32.420,-21.121,-11.299,82.490,17.510,51.277,79.636,20.364,26.519
[SHELL] ccA:82,3766493555,581654,-13.563,-31.267,0.000,-35.000,1.07597,0.72346,15.77,-4.588,-27.683,-4.588,-27.683,-4.859,-8.361,1.00000,74.782
[SHELL] ccB:82,18825,1,21.075,-33.734,12.658,78.703,21.297,76.388,82.490,17.510,51.277
[SHELL] ccA:83,3766713367,581655,-3.815,-32.653,0.000,-35.000,0.61331,0.26043,15.39,-4.779,-27.658,-4.779,-27.658,-4.855,-8.364,1.00000,74.782
[SHELL] ccB:83,18731,1,15.675,-32.864,17.189,55.023,17.626,82.374,78.703,21.297,76.388
[SHELL] ccA:84,3766933631,581656,14.898,-33.688,0.000,-35.000,0.14086,6.07154,15.50,-5.168,-27.638,-5.168,-27.638,-4.870,-8.365,1.00000,74.782
[SHELL] ccB:84,18863,1,19.481,-36.814,17.334,28.220,19.964,80.036,55.023,17.626,82.374
[SHELL] ccA:85,3767153671,581657,0.977,-35.471,0.000,-35.000,5.95757,5.60520,15.58,-4.890,-27.602,-4.890,-27.602,-4.871,-8.365,1.00000,74.782
[SHELL] ccB:85,18883,1,-10.421,-24.165,34.586,18.145,39.168,81.855,28.220,19.964,80.036
[SHELL] ccA:86,3767373727,581658,-11.150,-37.422,0.000,-35.000,5.48819,5.13584,15.64,-4.637,-27.561,-4.637,-27.561,-4.860,-8.362,1.00000,74.782
[SHELL] ccB:86,18911,1,-34.523,1.459,33.064,18.780,64.781,81.220,18.145,39.168,81.855
[SHELL] ccA:87,3767593703,581659,-10.052,-34.248,0.000,-35.000,5.02134,4.66904,15.64,-4.649,-27.625,-4.649,-27.625,-4.850,-8.363,1.00000,74.782
[SHELL] ccB:87,18899,1,-35.683,17.117,18.566,19.140,80.860,67.330,18.780,64.781,81.220
[SHELL] ccA:88,3767813739,581660,6.754,-36.560,0.000,-35.000,4.55280,4.20044,15.64,-4.991,-27.577,-4.991,-27.577,-4.856,-8.361,1.00000,74.782
[SHELL] ccB:88,18917,1,-37.169,17.841,19.327,17.999,82.001,40.633,19.140,80.860,67.330
[SHELL] ccA:89,3768033639,581661,9.382,-32.714,0.000,-35.000,4.09073,3.73808,15.64,-5.053,-27.656,-5.053,-27.656,-4.866,-8.364,1.00000,74.782
[SHELL] ccB:89,18867,1,-32.058,25.924,6.134,27.224,79.785,20.215,17.999,82.001,40.633
[SHELL] ccA:90,3768253631,581662,-4.236,-35.919,0.000,-35.000,3.62324,3.27063,15.61,-4.777,-27.591,-4.777,-27.591,-4.862,-8.363,1.00000,74.782
[SHELL] ccB:90,18863,1,-12.885,35.710,-22.824,52.380,82.399,17.601,27.224,79.785,20.215
[SHELL] ccA:91,3768473635,581663,-11.790,-36.723,0.000,-35.000,3.15618,2.80358,15.61,-4.614,-27.573,-4.614,-27.573,-4.850,-8.361,1.00000,74.342
[SHELL] ccB:91,18865,1,11.253,26.322,-37.576,77.232,78.521,21.479,52.380,82.399,17.601
[SHELL] ccA:92,3768693655,581664,-3.107,-38.285,0.000,-35.000,2.68959,2.33692,15.61,-4.784,-27.539,-4.784,-27.539,-4.847,-8.358,1.00000,74.782
[SHELL] ccB:92,18875,1,19.517,18.892,-38.409,82.289,53.950,17.711,77.232,78.521,21.479
[SHELL] ccA:93,3768913743,581665,20.810,-36.585,0.000,-35.000,2.21481,1.86224,15.73,-5.284,-27.571,-5.284,-27.571,-4.867,-8.356,1.00000,74.782
[SHELL] ccB:93,18919,1,16.762,25.054,-41.816,79.665,26.962,20.335,82.289,53.950,17.711
[SHELL] ccA:94,3769133887,581666,5.951,-29.217,0.000,-35.000,1.75475,1.40237,16.09,-4.992,-27.725,-4.992,-27.725,-4.873,-8.362,1.00000,74.782
[SHELL] ccB:94,18991,1,27.635,-4.122,-23.513,82.114,17.886,40.050,79.665,26.962,20.335
[SHELL] ccA:95,3769353915,581667,-11.033,-32.465,0.000,-35.000,1.28667,0.93430,16.09,-4.642,-27.662,-4.642,-27.662,-4.862,-8.364,1.00000,74.782
[SHELL] ccB:95,19005,1,28.070,-31.088,3.017,81.225,18.775,65.502,82.114,17.886,40.050
[SHELL] ctrlcap v1 armed=0 count=512 clock_hz=550000000 decimation=1
[SHELL] ccA:index,cycles,seq,id,iq,idref,iqref,theta,actangle,age_us,vdreq,vqreq,vd,vq,intd,intq,scale,bus
[SHELL] ccB:index,timer,valid,ia,ib,ic,du,dv,dw,active_u,active_v,active_w
[SHELL] ccA:96,3769573739,581668,-8.082,-33.039,0.000,-35.000,0.82397,0.47173,16.15,-4.693,-27.653,-4.693,-27.653,-4.854,-8.366,1.00000,74.782
[SHELL] ccB:96,18917,1,18.756,-33.951,15.195,66.821,19.004,80.996,81.225,18.775,65.502
[SHELL] ccA:97,3769793627,581669,15.015,-37.034,0.000,-35.000,0.35116,6.28190,15.46,-5.170,-27.571,-5.170,-27.571,-4.869,-8.364,1.00000,74.782
[SHELL] ccB:97,18861,1,26.838,-39.061,12.223,39.560,18.079,81.921,66.821,19.004,80.996
[SHELL] ccA:98,3770013607,581670,18.779,-27.009,0.000,-35.000,6.15483,5.80215,15.58,-5.264,-27.779,-5.264,-27.779,-4.888,-8.372,1.00000,74.782
[SHELL] ccB:98,18851,1,15.168,-32.864,17.696,19.580,29.022,80.420,39.560,18.079,81.921
[SHELL] ccA:99,3770233619,581671,-3.650,-35.024,0.000,-35.000,5.69158,5.33896,15.58,-4.811,-27.619,-4.811,-27.619,-4.884,-8.372,1.00000,74.782
[SHELL] ccB:99,18857,1,-22.562,-12.132,34.695,17.612,53.905,82.388,19.580,29.022,80.420
[SHELL] ccA:100,3770453635,581672,-11.797,-33.735,0.000,-35.000,5.22654,4.87393,15.64,-4.637,-27.646,-4.637,-27.646,-4.873,-8.374,1.00000,74.782
[SHELL] ccB:100,18865,1,-35.175,12.115,23.060,21.811,78.189,77.888,17.612,53.905,82.388
[SHELL] ccA:101,3770673639,581673,-1.573,-32.458,0.000,-35.000,4.74794,4.39535,15.64,-4.840,-27.674,-4.840,-27.674,-4.871,-8.376,1.00000,74.782
[SHELL] ccB:101,18867,1,-32.493,16.609,15.884,17.483,82.517,51.883,21.811,78.189,77.888
[SHELL] ccA:102,3770893667,581674,14.022,-32.504,0.000,-35.000,4.28620,3.93358,15.64,-5.166,-27.676,-5.166,-27.676,-4.885,-8.379,1.00000,74.782
[SHELL] ccB:102,18881,1,-35.393,18.276,17.116,20.498,79.502,25.960,17.483,82.517,51.883
[SHELL] ccA:103,3771113623,581675,0.323,-32.013,0.000,-35.000,3.82043,3.46779,15.61,-4.892,-27.688,-4.892,-27.688,-4.885,-8.382,1.00000,74.782
[SHELL] ccB:103,18859,1,-20.351,31.578,-11.226,41.498,82.190,17.810,20.498,79.502,25.960
[SHELL] ccA:104,3771333575,581676,-13.692,-36.287,0.000,-35.000,3.35375,2.99960,15.59,-4.598,-27.684,-4.598,-27.684,-4.872,-8.380,1.00000,74.782
[SHELL] ccB:104,18835,1,5.744,30.346,-36.090,66.988,80.984,19.016,41.498,82.190,17.810
[SHELL] ccA:105,3771553551,581677,-9.430,-36.788,0.000,-35.000,2.88258,2.52837,15.59,-4.674,-27.672,-4.674,-27.672,-4.862,-8.379,1.00000,74.782
[SHELL] ccB:105,18823,1,18.538,19.436,-37.974,81.351,64.834,18.649,66.988,80.984,19.016
[SHELL] ccA:106,3771773587,581678,13.057,-41.115,0.000,-35.000,2.41487,2.06067,15.59,-5.136,-27.579,-5.136,-27.579,-4.875,-8.372,1.00000,74.782
[SHELL] ccB:106,18841,1,17.560,25.344,-42.903,81.720,37.838,18.280,81.351,64.834,18.649
[SHELL] ccA:107,3771993707,581679,15.911,-32.224,0.000,-35.000,1.94446,1.59045,15.70,-5.209,-27.760,-5.209,-27.760,-4.891,-8.375,1.00000,74.342
[SHELL] ccB:107,18901,1,24.192,10.919,-35.111,80.820,19.180,30.044,81.720,37.838,18.280
[SHELL] ccA:108,3772213671,581680,-4.246,-34.803,0.000,-35.000,1.46954,1.11544,15.70,-4.802,-27.709,-4.802,-27.709,-4.887,-8.375,1.00000,74.782
[SHELL] ccB:108,18883,1,34.196,-23.803,-10.393,82.393,17.607,55.820,80.820,19.180,30.044
[SHELL] ccA:109,3772433515,581681,-12.256,-34.023,0.000,-35.000,1.00414,0.65019,15.70,-4.630,-27.725,-4.630,-27.725,-4.875,-8.376,1.00000,74.782
[SHELL] ccB:109,18805,1,22.126,-35.836,13.709,76.273,21.198,78.802,82.393,17.607,55.820
[SHELL] ccA:110,3772653327,581682,0.847,-35.845,0.000,-35.000,0.53279,0.17835,15.32,-4.893,-27.688,-4.893,-27.688,-4.876,-8.376,1.00000,74.782
[SHELL] ccB:110,18711,1,18.937,-35.836,16.899,50.195,17.439,82.561,76.273,21.198,78.802
[SHELL] ccA:111,3772873527,581683,14.844,-33.049,0.000,-35.000,0.05999,5.98894,15.54,-5.187,-27.746,-5.187,-27.746,-4.890,-8.377,1.00000,74.782
[SHELL] ccB:111,18811,1,16.799,-36.198,19.400,23.902,20.992,79.008,50.195,17.439,82.561
[SHELL] ctrlcap v1 armed=0 count=512 clock_hz=550000000 decimation=1
[SHELL] ccA:index,cycles,seq,id,iq,idref,iqref,theta,actangle,age_us,vdreq,vqreq,vd,vq,intd,intq,scale,bus
[SHELL] ccB:index,timer,valid,ia,ib,ic,du,dv,dw,active_u,active_v,active_w
[SHELL] ccA:112,3773093519,581684,-5.249,-35.827,0.000,-35.000,5.86530,5.51109,15.52,-4.780,-27.689,-4.780,-27.689,-4.885,-8.377,1.00000,74.782
[SHELL] ccB:112,18807,1,-19.337,-16.844,36.181,17.636,44.141,82.364,23.902,20.992,79.008
[SHELL] ccA:113,3773313607,581685,-17.761,-37.970,0.000,-35.000,5.40373,5.04974,15.57,-4.512,-27.644,-4.512,-27.644,-4.867,-8.374,1.00000,74.782
[SHELL] ccB:113,18851,1,-40.575,11.173,29.403,19.508,69.162,80.492,17.636,44.141,82.364
[SHELL] ccA:114,3773533655,581686,-15.748,-35.950,0.000,-35.000,4.94080,4.58690,15.57,-4.537,-27.683,-4.537,-27.683,-4.852,-8.373,1.00000,74.782
[SHELL] ccB:114,18875,1,-38.582,25.525,13.057,18.411,81.589,63.139,19.508,69.162,80.492
[SHELL] ccA:115,3773753607,581687,5.660,-37.955,0.000,-35.000,4.46440,4.11040,15.57,-4.971,-27.640,-4.971,-27.640,-4.857,-8.370,1.00000,74.782
[SHELL] ccB:115,18851,1,-38.183,22.408,15.775,18.540,81.460,35.719,18.411,81.589,63.139
[SHELL] ccA:116,3773973695,581688,8.135,-32.914,0.000,-35.000,3.98953,3.63573,15.63,-5.028,-27.743,-5.028,-27.743,-4.865,-8.372,1.00000,74.342
[SHELL] ccB:116,18895,1,-30.065,28.606,1.459,32.383,81.230,18.770,18.540,81.460,35.719
[SHELL] ccA:117,3774193551,581689,-13.255,-37.372,0.000,-35.000,3.52770,3.17347,15.55,-4.587,-27.651,-4.587,-27.651,-4.852,-8.369,1.00000,74.342
[SHELL] ccB:117,18823,1,-1.795,35.202,-33.408,57.473,82.366,17.634,32.383,81.230,18.770
[SHELL] ccA:118,3774413579,581690,-19.168,-37.598,0.000,-35.000,3.05612,2.70194,15.55,-4.450,-27.644,-4.450,-27.644,-4.833,-8.367,1.00000,74.342
[SHELL] ccB:118,18837,1,22.308,19.871,-42.179,79.400,74.469,20.600,57.473,82.366,17.634
[SHELL] ccA:119,3774633587,581691,-3.063,-41.036,0.000,-35.000,2.58438,2.23014,15.55,-4.769,-27.569,-4.769,-27.569,-4.830,-8.361,1.00000,74.342
[SHELL] ccB:119,18841,1,24.301,16.609,-40.910,82.573,47.994,17.427,79.400,74.469,20.600
[SHELL] ccA:120,3774853691,581692,13.468,-35.769,0.000,-35.000,2.12156,1.76745,15.66,-5.113,-27.674,-5.113,-27.674,-4.843,-8.360,1.00000,74.342
[SHELL] ccB:120,18893,1,23.431,14.434,-37.866,78.618,22.298,21.382,82.573,47.994,17.427
[SHELL] ccA:121,3775073639,581693,-8.195,-33.468,0.000,-35.000,1.65052,1.29645,15.63,-4.671,-27.722,-4.671,-27.722,-4.835,-8.362,1.00000,74.342
[SHELL] ccB:121,18867,1,34.014,-21.773,-12.241,82.638,17.362,45.337,78.618,22.298,21.382
[SHELL] ccA:122,3775293735,581694,-17.804,-33.875,0.000,-35.000,1.18796,0.83409,15.63,-4.461,-27.715,-4.461,-27.715,-4.817,-8.363,1.00000,74.342
[SHELL] ccB:122,18915,1,24.772,-37.648,12.876,80.456,19.544,70.625,82.638,17.362,45.337
[SHELL] ccA:123,3775513331,581695,-13.128,-34.798,0.000,-35.000,0.71659,0.36241,15.25,-4.542,-27.696,-4.542,-27.696,-4.804,-8.363,1.00000,74.342
[SHELL] ccB:123,18713,1,12.957,-36.669,23.713,61.243,17.956,82.044,80.456,19.544,70.625
[SHELL] ccA:124,3775733187,581696,10.592,-36.958,0.000,-35.000,0.25006,6.17877,15.31,-5.027,-27.651,-5.027,-27.651,-4.815,-8.361,1.00000,74.342
[SHELL] ccB:124,18641,1,19.408,-38.445,19.037,34.098,18.574,81.426,61.243,17.956,82.044
[SHELL] ccA:125,3775953215,581697,4.436,-35.434,0.000,-35.000,6.07072,5.71625,15.31,-4.908,-27.681,-4.908,-27.681,-4.819,-8.361,1.00000,74.342
[SHELL] ccB:125,18655,1,-3.136,-29.239,32.375,18.760,32.978,81.240,34.098,18.574,81.426
[SHELL] ccA:126,3776173203,581698,-10.862,-40.062,0.000,-35.000,5.60549,5.25102,15.31,-4.591,-27.584,-4.591,-27.584,-4.808,-8.355,1.00000,74.342
[SHELL] ccB:126,18649,1,-33.580,-4.340,37.920,17.790,58.426,82.210,18.760,32.978,81.240
[SHELL] ccA:127,3776393315,581699,-8.299,-36.401,0.000,-35.000,5.13685,4.78273,15.31,-4.634,-27.655,-4.634,-27.655,-4.800,-8.354,1.00000,73.902
[SHELL] ccB:127,18705,1,-36.589,11.861,24.728,20.103,79.897,73.618,17.790,58.426,82.210
[SHELL] ctrlcap v1 armed=0 count=512 clock_hz=550000000 decimation=1
[SHELL] ccA:index,cycles,seq,id,iq,idref,iqref,theta,actangle,age_us,vdreq,vqreq,vd,vq,intd,intq,scale,bus
[SHELL] ccB:index,timer,valid,ia,ib,ic,du,dv,dw,active_u,active_v,active_w
[SHELL] ccA:128,3776613271,581700,6.934,-35.675,0.000,-35.000,4.67011,4.31586,15.31,-4.946,-27.669,-4.946,-27.669,-4.807,-8.353,1.00000,73.902
[SHELL] ccB:128,18683,1,-35.936,13.275,22.662,17.102,82.898,47.160,20.103,79.897,73.618
[SHELL] ccA:129,3776833195,581701,18.074,-31.695,0.000,-35.000,4.21249,3.85802,15.31,-5.187,-27.752,-5.187,-27.752,-4.825,-8.357,1.00000,73.902
[SHELL] ccB:129,18645,1,-36.480,17.660,18.820,21.215,78.785,21.749,17.102,82.898,47.160
[SHELL] ccA:130,3777053207,581702,6.202,-32.841,0.000,-35.000,3.73799,3.38357,15.28,-4.955,-27.731,-4.955,-27.731,-4.831,-8.359,1.00000,73.902
[SHELL] ccB:130,18651,1,-23.577,32.303,-8.726,46.277,82.942,17.058,21.215,78.785,21.749
[SHELL] ccA:131,3777273171,581703,-4.968,-32.783,0.000,-35.000,3.26631,2.91181,15.28,-4.727,-27.735,-4.727,-27.735,-4.826,-8.361,1.00000,74.342
[SHELL] ccB:131,18633,1,0.851,28.280,-29.131,72.033,80.205,19.795,46.277,82.942,17.058
[SHELL] ccA:132,3777493483,581704,-1.157,-32.518,0.000,-35.000,2.79536,2.44087,15.28,-4.802,-27.743,-4.802,-27.743,-4.825,-8.364,1.00000,74.342
[SHELL] ccB:132,18789,1,12.123,20.089,-32.212,82.297,59.895,17.703,72.033,80.205,19.795
[SHELL] ccA:133,3777713819,581705,19.297,-33.739,0.000,-35.000,2.33416,1.98018,15.79,-5.231,-27.719,-5.231,-27.719,-4.845,-8.365,1.00000,74.342
[SHELL] ccB:133,18957,1,11.036,26.757,-37.793,81.386,33.141,18.614,82.297,59.895,17.703
[SHELL] ccA:134,3777933963,581706,14.617,-26.587,0.000,-35.000,1.85426,1.50046,16.16,-5.152,-27.871,-5.152,-27.871,-4.859,-8.373,1.00000,73.902
[SHELL] ccB:134,19029,1,21.438,7.874,-29.312,82.006,17.994,34.628,81.386,33.141,18.614
[SHELL] ccA:135,3778153967,581707,-6.445,-30.111,0.000,-35.000,1.38760,1.03382,16.16,-4.724,-27.805,-4.724,-27.805,-4.853,-8.378,1.00000,74.342
[SHELL] ccB:135,19031,1,28.433,-24.455,-3.978,82.315,17.685,60.281,82.006,17.994,34.628
[SHELL] ccA:136,3778373771,581708,-9.989,-32.205,0.000,-35.000,0.93395,0.58054,15.90,-4.643,-27.766,-4.643,-27.766,-4.843,-8.381,1.00000,73.902
[SHELL] ccB:136,18933,1,19.952,-33.516,13.564,73.031,19.809,80.191,82.315,17.685,60.281
[SHELL] ccA:137,3778593563,581709,13.205,-35.459,0.000,-35.000,0.44567,0.09169,15.45,-5.120,-27.701,-5.120,-27.701,-4.856,-8.380,1.00000,74.342
[SHELL] ccB:137,18829,1,27.200,-36.379,9.179,44.830,17.320,82.680,73.031,19.809,80.191
[SHELL] ccA:138,3778813583,581710,25.655,-28.776,0.000,-35.000,6.26771,5.91350,15.57,-5.395,-27.841,-5.395,-27.841,-4.882,-8.387,1.00000,73.902
[SHELL] ccB:138,18839,1,25.207,-37.865,12.658,20.618,23.108,79.382,44.830,17.320,82.680
[SHELL] ccA:139,3779033607,581711,-1.124,-34.931,0.000,-35.000,5.79727,5.44313,15.57,-4.858,-27.718,-4.858,-27.718,-4.880,-8.387,1.00000,74.342
[SHELL] ccB:139,18851,1,-17.307,-17.641,34.948,17.238,48.091,82.762,20.618,23.108,79.382
[SHELL] ccA:140,3779253607,581712,-6.382,-35.914,0.000,-35.000,5.32605,4.97189,15.63,-4.746,-27.697,-4.746,-27.697,-4.874,-8.386,1.00000,74.342
[SHELL] ccB:140,18851,1,-33.037,3.126,29.910,20.297,73.833,79.703,17.238,48.091,82.762
[SHELL] ccA:141,3779473647,581713,1.618,-32.571,0.000,-35.000,4.85319,4.49909,15.63,-4.908,-27.766,-4.908,-27.766,-4.876,-8.388,1.00000,74.342
[SHELL] ccB:141,18871,1,-32.022,10.665,21.357,17.453,82.547,57.677,20.297,73.833,79.703
[SHELL] ccA:142,3779693639,581714,16.199,-32.589,0.000,-35.000,4.38199,4.02791,15.63,-5.216,-27.768,-5.216,-27.768,-4.892,-8.391,1.00000,74.342
[SHELL] ccB:142,18867,1,-36.081,13.927,22.154,19.043,80.957,30.637,17.453,82.547,57.677
[SHELL] ccA:143,3779913639,581715,8.195,-29.253,0.000,-35.000,3.91238,3.55832,15.60,-5.064,-27.841,-5.064,-27.841,-4.900,-8.396,1.00000,74.342
[SHELL] ccB:143,18867,1,-26.259,26.359,-0.100,36.606,82.045,17.955,19.043,80.957,30.637
[SHELL] ctrlcap v1 armed=0 count=512 clock_hz=550000000 decimation=1
[SHELL] ccA:index,cycles,seq,id,iq,idref,iqref,theta,actangle,age_us,vdreq,vqreq,vd,vq,intd,intq,scale,bus
[SHELL] ccB:index,timer,valid,ia,ib,ic,du,dv,dw,active_u,active_v,active_w
[SHELL] ccA:144,3780133675,581716,-6.385,-32.613,0.000,-35.000,3.43601,3.08206,15.60,-4.766,-27.776,-4.766,-27.776,-4.894,-8.399,1.00000,74.342
[SHELL] ccB:144,18885,1,-3.353,30.309,-26.956,62.934,81.969,18.031,36.606,82.045,17.955
[SHELL] ccA:145,3780353679,581717,-12.036,-34.452,0.000,-35.000,2.97232,2.61837,15.60,-4.641,-27.740,-4.641,-27.740,-4.882,-8.399,1.00000,74.342
[SHELL] ccB:145,18887,1,17.668,18.820,-36.488,80.684,69.896,19.316,62.934,81.969,18.031
[SHELL] ccA:146,3780573635,581718,9.039,-39.644,0.000,-35.000,2.49837,2.14417,15.60,-5.072,-27.631,-5.072,-27.631,-4.891,-8.395,1.00000,74.342
[SHELL] ccB:146,18865,1,16.545,23.894,-40.439,82.442,42.554,17.558,80.684,69.896,19.316
[SHELL] ccA:147,3780793743,581719,20.359,-31.510,0.000,-35.000,2.01968,1.66562,15.72,-5.318,-27.797,-5.318,-27.797,-4.911,-8.398,1.00000,74.342
[SHELL] ccB:147,18919,1,19.553,17.950,-37.503,79.976,20.024,26.227,82.442,42.554,17.558
[SHELL] ccA:148,3781013755,581720,-4.227,-30.678,0.000,-35.000,1.55510,1.20107,15.77,-4.822,-27.818,-4.822,-27.818,-4.907,-8.403,1.00000,73.902
[SHELL] ccB:148,18925,1,30.607,-19.381,-11.226,83.080,16.920,51.018,79.976,20.024,26.227
[SHELL] ccA:149,3781233547,581721,-15.919,-31.840,0.000,-35.000,1.08215,0.72812,15.77,-4.573,-27.798,-4.573,-27.798,-4.891,-8.406,1.00000,74.342
[SHELL] ccB:149,18821,1,20.640,-35.437,14.797,79.077,20.923,76.355,83.080,16.920,51.018
[SHELL] ccA:150,3781453367,581722,-4.852,-34.192,0.000,-35.000,0.61681,0.26241,15.39,-4.789,-27.752,-4.789,-27.752,-4.886,-8.407,1.00000,74.342
[SHELL] ccB:150,18731,1,15.820,-34.495,18.675,55.194,17.330,82.670,79.077,20.923,76.355
[SHELL] ccA:151,3781673563,581723,15.136,-34.302,0.000,-35.000,0.14557,6.07454,15.50,-5.204,-27.751,-5.204,-27.751,-4.901,-8.407,1.00000,74.342
[SHELL] ccB:151,18829,1,19.952,-37.467,17.515,28.130,19.630,80.370,55.194,17.330,82.670
[SHELL] ccA:152,3781893591,581724,1.659,-34.526,0.000,-35.000,5.96066,5.60647,15.58,-4.936,-27.747,-4.936,-27.747,-4.903,-8.408,1.00000,74.342
[SHELL] ccB:152,18843,1,-9.370,-24.129,33.499,17.788,39.014,82.212,28.130,19.630,80.370
[SHELL] ccA:153,3782113663,581725,-10.755,-36.944,0.000,-35.000,5.48606,5.13197,15.64,-4.677,-27.696,-4.677,-27.696,-4.892,-8.406,1.00000,74.342
[SHELL] ccB:153,18879,1,-33.943,1.278,32.665,18.476,65.188,81.524,17.788,39.014,82.212
[SHELL] ccA:154,3782333611,581726,-10.314,-34.695,0.000,-35.000,5.01867,4.66300,15.64,-4.676,-27.824,-4.676,-27.824,-4.882,-8.406,1.00000,74.342
[SHELL] ccB:154,18853,1,-36.190,17.551,18.639,18.676,81.324,67.243,18.476,65.188,81.524
[SHELL] ccA:155,3782553719,581727,5.828,-35.938,0.000,-35.000,4.54817,4.19278,15.64,-5.004,-27.799,-5.004,-27.799,-4.888,-8.405,1.00000,74.342
[SHELL] ccB:155,18907,1,-36.407,18.313,18.095,17.594,82.406,40.127,18.676,81.324,67.243
[SHELL] ccA:156,3782773699,581728,10.629,-31.890,0.000,-35.000,4.07807,3.72256,15.64,-5.111,-27.883,-5.111,-27.883,-4.898,-8.408,1.00000,74.342
[SHELL] ccB:156,18897,1,-31.986,24.945,7.041,27.744,80.420,19.580,17.594,82.406,40.127
[SHELL] ccA:157,3782993655,581729,-7.090,-36.547,0.000,-35.000,3.61488,3.25932,15.61,-4.749,-27.788,-4.749,-27.788,-4.891,-8.407,1.00000,74.342
[SHELL] ccB:157,18875,1,-10.348,36.145,-25.796,52.931,82.797,17.203,27.744,80.420,19.580
[SHELL] ccA:158,3783215815,581730,-12.682,-36.189,0.000,-35.000,3.13600,2.78057,15.61,-4.625,-27.794,-4.625,-27.794,-4.879,-8.405,1.00000,74.342
[SHELL] ccB:158,19955,1,12.884,24.836,-37.721,78.463,78.312,21.537,52.931,82.797,17.203
[SHELL] ccA:159,3783433755,581731,-2.221,-36.095,0.000,-35.000,2.67181,2.31648,15.61,-4.832,-27.795,-4.832,-27.795,-4.876,-8.404,1.00000,73.902
[SHELL] ccB:159,18925,1,18.321,17.841,-36.162,83.019,52.860,16.981,78.463,78.312,21.537
[SHELL] ctrlcap v1 armed=0 count=512 clock_hz=550000000 decimation=1
[SHELL] ccA:index,cycles,seq,id,iq,idref,iqref,theta,actangle,age_us,vdreq,vqreq,vd,vq,intd,intq,scale,bus
[SHELL] ccB:index,timer,valid,ia,ib,ic,du,dv,dw,active_u,active_v,active_w
[SHELL] ccA:160,3783653735,581732,17.525,-35.115,0.000,-35.000,2.19924,1.84366,15.73,-5.244,-27.814,-5.244,-27.814,-4.894,-8.404,1.00000,74.342
[SHELL] ccB:160,18915,1,18.103,21.103,-39.207,79.872,25.825,20.128,83.019,52.860,16.981
[SHELL] ccA:161,3783873775,581733,5.066,-31.580,0.000,-35.000,1.73947,1.38397,15.78,-5.000,-27.888,-5.000,-27.888,-4.899,-8.408,1.00000,73.902
[SHELL] ccB:161,18935,1,30.281,-6.225,-24.057,82.781,17.219,40.874,79.872,25.825,20.128
[SHELL] ccA:162,3784093803,581734,-9.960,-33.870,0.000,-35.000,1.26513,0.90960,15.78,-4.690,-27.844,-4.690,-27.844,-4.889,-8.409,1.00000,73.902
[SHELL] ccB:162,18949,1,29.303,-31.704,2.401,81.566,18.434,67.181,82.781,17.219,40.874
[SHELL] ccA:163,3784313671,581735,-6.479,-34.884,0.000,-35.000,0.78825,0.43292,15.84,-4.753,-27.823,-4.753,-27.823,-4.882,-8.409,1.00000,73.902
[SHELL] ccB:163,18883,1,20.169,-35.365,15.195,64.935,18.066,81.934,81.566,18.434,67.181
[SHELL] ccA:164,3784533539,581736,13.885,-39.487,0.000,-35.000,0.32451,6.25193,15.46,-5.174,-27.727,-5.174,-27.727,-4.896,-8.404,1.00000,73.902
[SHELL] ccB:164,18817,1,25.751,-41.454,15.703,37.744,17.713,82.287,64.935,18.066,81.934
[SHELL] ccA:165,3784753647,581737,14.026,-31.250,0.000,-35.000,6.13503,5.77952,15.58,-5.191,-27.895,-5.191,-27.895,-4.910,-8.408,1.00000,73.902
[SHELL] ccB:165,18871,1,9.260,-33.190,23.930,18.876,29.736,81.124,37.744,17.713,82.287
[SHELL] ccA:166,3784973683,581738,-2.767,-39.130,0.000,-35.000,5.66310,5.30767,15.58,-4.852,-27.734,-4.852,-27.734,-4.908,-8.404,1.00000,73.902
[SHELL] ccB:166,18889,1,-24.991,-13.691,38.681,17.176,55.792,82.824,18.876,29.736,81.124
[SHELL] ccA:167,3785193671,581739,-7.458,-35.718,0.000,-35.000,5.19472,4.83928,15.64,-4.751,-27.801,-4.751,-27.801,-4.900,-8.403,1.00000,73.902
[SHELL] ccB:167,18883,1,-35.103,8.925,26.177,20.703,79.297,76.498,17.176,55.792,82.824
[SHELL] ccA:168,3785413715,581740,2.281,-35.213,0.000,-35.000,4.72724,4.37187,15.64,-4.948,-27.811,-4.948,-27.811,-4.902,-8.403,1.00000,73.902
[SHELL] ccB:168,18905,1,-35.175,15.159,20.016,16.898,83.102,50.402,20.703,79.297,76.498
[SHELL] ccA:169,3785633667,581741,19.355,-32.286,0.000,-35.000,4.24969,3.89406,15.64,-5.309,-27.872,-5.309,-27.872,-4.922,-8.406,1.00000,73.902
[SHELL] ccB:169,18881,1,-37.531,16.247,21.284,20.553,79.447,23.256,16.898,83.102,50.402
[SHELL] ccA:170,3785853571,581742,2.603,-32.527,0.000,-35.000,3.78595,3.43026,15.61,-4.976,-27.870,-4.976,-27.870,-4.924,-8.408,1.00000,73.902
[SHELL] ccB:170,18833,1,-21.620,31.976,-10.357,43.579,82.968,17.032,20.553,79.447,23.256
[SHELL] ccA:171,3786073627,581743,-12.453,-35.117,0.000,-35.000,3.30294,2.94747,15.59,-4.663,-27.818,-4.663,-27.818,-4.912,-8.408,1.00000,73.902
[SHELL] ccB:171,18861,1,6.650,28.425,-35.075,70.178,80.932,19.068,43.579,82.968,17.032
[SHELL] ccA:172,3786293583,581744,-10.626,-36.588,0.000,-35.000,2.83236,2.47667,15.59,-4.689,-27.787,-4.689,-27.787,-4.901,-8.407,1.00000,73.902
[SHELL] ccB:172,18839,1,21.256,16.754,-38.011,82.262,62.209,17.738,70.178,80.932,19.068
[SHELL] ccA:173,3786513603,581745,11.014,-41.168,0.000,-35.000,2.36776,2.01205,15.59,-5.133,-27.689,-5.133,-27.689,-4.912,-8.400,1.00000,73.902
[SHELL] ccB:173,18849,1,20.894,21.719,-42.614,81.843,34.995,18.157,82.262,62.209,17.738
[SHELL] ccA:174,3786733683,581746,10.068,-32.976,0.000,-35.000,1.89943,1.54385,15.70,-5.124,-27.855,-5.124,-27.855,-4.922,-8.402,1.00000,73.902
[SHELL] ccB:174,18889,1,27.962,3.489,-31.450,81.559,18.441,32.204,81.843,34.995,18.157
[SHELL] ccA:175,3786953787,581747,-8.054,-36.346,0.000,-35.000,1.41846,1.06297,16.00,-4.753,-27.786,-4.753,-27.786,-4.914,-8.401,1.00000,73.902
[SHELL] ccB:175,18941,1,34.703,-29.022,-5.681,82.645,17.355,58.757,81.559,18.441,32.204
[SHELL] ctrlcap v1 armed=0 count=512 clock_hz=550000000 decimation=1
[SHELL] ccA:index,cycles,seq,id,iq,idref,iqref,theta,actangle,age_us,vdreq,vqreq,vd,vq,intd,intq,scale,bus
[SHELL] ccB:index,timer,valid,ia,ib,ic,du,dv,dw,active_u,active_v,active_w
[SHELL] ccA:176,3787173611,581748,-13.058,-33.607,0.000,-35.000,0.95823,0.60303,15.76,-4.640,-27.843,-4.640,-27.843,-4.901,-8.403,1.00000,73.902
[SHELL] ccB:176,18853,1,19.988,-35.981,15.993,74.294,20.043,79.957,82.645,17.355,58.757
[SHELL] ccA:177,3787393359,581749,3.396,-36.165,0.000,-35.000,0.48429,0.12838,15.38,-4.973,-27.790,-4.973,-27.790,-4.905,-8.401,1.00000,73.902
[SHELL] ccB:177,18727,1,19.843,-36.271,16.428,47.212,16.956,83.044,74.294,20.043,79.957
[SHELL] ccA:178,3787613551,581750,17.877,-30.765,0.000,-35.000,6.28113,5.92542,15.52,-5.280,-27.902,-5.280,-27.902,-4.923,-8.406,1.00000,73.902
[SHELL] ccB:178,18823,1,17.813,-35.582,17.769,20.834,22.244,79.166,47.212,16.956,83.044
[SHELL] ccA:179,3787833523,581751,-8.644,-37.131,0.000,-35.000,5.81578,5.46000,15.52,-4.741,-27.773,-4.741,-27.773,-4.914,-8.403,1.00000,73.902
[SHELL] ccB:179,18809,1,-24.447,-13.111,37.558,17.033,46.860,82.967,20.834,22.244,79.166
[SHELL] ccA:180,3788053659,581752,-18.894,-37.101,0.000,-35.000,5.34646,4.99097,15.57,-4.517,-27.771,-4.517,-27.771,-4.895,-8.401,1.00000,73.902
[SHELL] ccB:180,18877,1,-41.083,14.688,26.395,19.712,72.568,80.288,17.033,46.860,82.967
[SHELL] ccA:181,3788273579,581753,-12.419,-36.331,0.000,-35.000,4.87422,4.51860,15.57,-4.634,-27.786,-4.634,-27.786,-4.883,-8.400,1.00000,73.902
[SHELL] ccB:181,18837,1,-37.857,24.474,13.383,17.435,82.565,59.366,19.712,72.568,80.288
[SHELL] ccA:182,3788493635,581754,7.635,-36.681,0.000,-35.000,4.40646,4.05095,15.57,-5.043,-27.777,-5.043,-27.777,-4.890,-8.398,1.00000,73.902
[SHELL] ccB:182,18865,1,-37.277,21.901,15.377,18.570,81.430,32.115,17.435,82.565,59.366
[SHELL] ccA:183,3788713655,581755,4.266,-32.323,0.000,-35.000,3.93189,3.57645,15.63,-4.980,-27.867,-4.980,-27.867,-4.894,-8.401,1.00000,73.902
[SHELL] ccB:183,18875,1,-25.969,30.056,-4.086,35.339,82.075,17.925,18.570,81.430,32.115
[SHELL] ccA:184,3788933639,581756,-13.120,-36.362,0.000,-35.000,3.46867,3.11326,15.55,-4.619,-27.785,-4.619,-27.785,-4.881,-8.400,1.00000,73.902
[SHELL] ccB:184,18867,1,0.742,33.100,-33.843,60.969,82.393,17.607,35.339,82.075,17.925
[SHELL] ccA:185,3789153571,581757,-15.945,-37.614,0.000,-35.000,2.99014,2.63439,15.55,-4.547,-27.757,-4.547,-27.757,-4.865,-8.397,1.00000,73.902
[SHELL] ccB:185,18833,1,21.438,19.400,-40.838,80.638,71.051,19.362,60.969,82.393,17.607
[SHELL] ccA:186,3789373603,581758,4.437,-39.541,0.000,-35.000,2.51716,2.16144,15.55,-4.959,-27.714,-4.959,-27.714,-4.870,-8.393,1.00000,73.902
[SHELL] ccB:186,18849,1,19.517,20.270,-39.787,82.793,43.727,17.207,80.638,71.051,19.362
[SHELL] ccA:187,3789593643,581759,13.227,-32.212,0.000,-35.000,2.05123,1.69560,15.66,-5.148,-27.863,-5.148,-27.863,-4.883,-8.395,1.00000,73.902
[SHELL] ccB:187,18869,1,22.453,11.825,-34.277,79.668,20.332,24.174,82.793,43.727,17.207
[SHELL] ccA:188,3789813615,581760,-9.644,-32.001,0.000,-35.000,1.58051,1.22484,15.63,-4.681,-27.870,-4.681,-27.870,-4.873,-8.398,1.00000,73.902
[SHELL] ccB:188,18855,1,32.093,-24.129,-7.964,83.115,16.885,49.354,79.668,20.332,24.174
[SHELL] ccA:189,3790033655,581761,-17.610,-32.315,0.000,-35.000,1.10751,0.75191,15.63,-4.504,-27.867,-4.504,-27.867,-4.856,-8.401,1.00000,73.902
[SHELL] ccB:189,18875,1,21.039,-36.669,15.630,79.707,20.293,75.206,83.115,16.885,49.354
[SHELL] ccA:190,3790253299,581762,-8.882,-33.475,0.000,-35.000,0.63940,0.28360,15.25,-4.669,-27.845,-4.669,-27.845,-4.847,-8.403,1.00000,73.902
[SHELL] ccB:190,18697,1,12.848,-34.277,21.429,56.715,17.142,82.858,79.707,20.293,75.206
[SHELL] ccA:191,3790473351,581763,11.170,-35.846,0.000,-35.000,0.17371,6.10132,15.36,-5.082,-27.797,-5.082,-27.797,-4.858,-8.402,1.00000,73.902
[SHELL] ccB:191,18723,1,17.197,-37.503,20.306,29.652,19.040,80.960,56.715,17.142,82.858
[SHELL] ctrlcap v1 armed=0 count=512 clock_hz=550000000 decimation=1
[SHELL] ccA:index,cycles,seq,id,iq,idref,iqref,theta,actangle,age_us,vdreq,vqreq,vd,vq,intd,intq,scale,bus
[SHELL] ccB:index,timer,valid,ia,ib,ic,du,dv,dw,active_u,active_v,active_w
[SHELL] ccA:192,3790693303,581764,0.586,-35.797,0.000,-35.000,5.99257,5.63693,15.31,-4.870,-27.797,-4.870,-27.797,-4.859,-8.401,1.00000,73.902
[SHELL] ccB:192,18699,1,-9.696,-24.999,34.695,17.782,37.082,82.218,29.652,19.040,80.960
[SHELL] ccA:193,3790913227,581765,-8.939,-40.480,0.000,-35.000,5.51958,5.16362,15.31,-4.671,-27.698,-4.671,-27.698,-4.850,-8.395,1.00000,73.902
[SHELL] ccB:193,18661,1,-34.450,-2.745,37.195,18.023,63.521,81.977,17.782,37.082,82.218
[SHELL] ccA:194,3791133215,581766,-4.516,-35.184,0.000,-35.000,5.04859,4.69262,15.31,-4.755,-27.804,-4.755,-27.804,-4.845,-8.395,1.00000,73.902
[SHELL] ccB:194,18655,1,-34.704,10.991,23.713,18.777,81.223,68.793,18.023,63.521,81.977
[SHELL] ccA:195,3791353303,581767,10.425,-35.276,0.000,-35.000,4.58154,4.22580,15.31,-5.064,-27.802,-5.064,-27.802,-4.856,-8.395,1.00000,73.902
[SHELL] ccB:195,18699,1,-36.335,13.202,23.133,17.223,82.777,41.816,18.777,81.223,68.793
[SHELL] ccA:196,3791573215,581768,16.409,-30.715,0.000,-35.000,4.10730,3.75135,15.31,-5.200,-27.897,-5.200,-27.897,-4.872,-8.399,1.00000,73.902
[SHELL] ccB:196,18655,1,-34.595,20.741,13.854,26.227,80.290,19.710,17.223,82.777,41.816
[SHELL] ccA:197,3791793179,581769,1.402,-33.183,0.000,-35.000,3.63858,3.28259,15.28,-4.902,-27.850,-4.902,-27.850,-4.873,-8.401,1.00000,73.902
[SHELL] ccB:197,18637,1,-17.053,33.209,-16.156,51.906,83.119,16.881,26.227,80.290,19.710
[SHELL] ccA:198,3792013187,581770,-8.373,-30.563,0.000,-35.000,3.16352,2.80762,15.30,-4.698,-27.906,-4.698,-27.906,-4.865,-8.405,1.00000,73.902
[SHELL] ccB:198,18641,1,7.701,22.771,-30.472,77.575,79.091,20.909,51.906,83.119,16.881
[SHELL] ccA:199,3792233543,581771,-0.348,-33.744,0.000,-35.000,2.69892,2.34301,15.28,-4.858,-27.844,-4.858,-27.844,-4.865,-8.407,1.00000,73.902
[SHELL] ccB:199,18819,1,14.769,18.892,-33.661,83.027,54.350,16.973,77.575,79.091,20.909
[SHELL] ccA:200,3792453827,581772,23.349,-33.477,0.000,-35.000,2.22169,1.86619,15.79,-5.355,-27.851,-5.355,-27.851,-4.888,-8.408,1.00000,73.902
[SHELL] ccB:200,18961,1,12.485,27.410,-39.895,80.371,26.624,19.629,83.027,54.350,16.973
[SHELL] ccA:201,3792673951,581773,8.727,-28.696,0.000,-35.000,1.75959,1.40448,15.84,-5.071,-27.953,-5.071,-27.953,-4.897,-8.415,1.00000,73.902
[SHELL] ccB:201,19023,1,26.548,-1.187,-25.361,82.767,17.233,39.801,80.371,26.624,19.629
[SHELL] ccA:202,3792893983,581774,-10.008,-32.105,0.000,-35.000,1.28980,0.93470,15.84,-4.687,-27.888,-4.687,-27.888,-4.887,-8.417,1.00000,73.902
[SHELL] ccB:202,19039,1,28.070,-30.073,2.003,81.857,18.143,65.807,82.767,17.233,39.801
[SHELL] ccA:203,3793113787,581775,-3.327,-33.007,0.000,-35.000,0.80880,0.45363,16.21,-4.817,-27.871,-4.817,-27.871,-4.883,-8.419,1.00000,74.342
[SHELL] ccB:203,18941,1,21.583,-32.610,11.027,65.909,18.357,81.643,81.857,18.143,65.807
[SHELL] ccA:204,3793333507,581776,19.917,-35.194,0.000,-35.000,0.33807,6.26391,15.45,-5.302,-27.910,-5.302,-27.910,-4.903,-8.419,1.00000,73.902
[SHELL] ccB:204,18801,1,30.462,-38.264,7.802,38.149,17.419,82.581,65.909,18.357,81.643
[SHELL] ccA:205,3793553563,581777,15.745,-28.153,0.000,-35.000,6.15250,5.79526,15.57,-5.234,-28.058,-5.234,-28.058,-4.919,-8.426,1.00000,74.342
[SHELL] ccB:205,18829,1,11.942,-31.921,19.980,19.060,28.915,80.940,38.149,17.419,82.581
[SHELL] ccA:206,3793773583,581778,-2.543,-39.074,0.000,-35.000,5.68099,5.32381,15.57,-4.866,-27.835,-4.866,-27.835,-4.917,-8.422,1.00000,74.342
[SHELL] ccB:206,18839,1,-24.230,-14.524,38.754,17.202,54.854,82.798,19.060,28.915,80.940
[SHELL] ccA:207,3793993603,581779,-6.132,-35.784,0.000,-35.000,5.21258,4.85539,15.63,-4.788,-27.900,-4.788,-27.900,-4.910,-8.421,1.00000,74.342
[SHELL] ccB:207,18849,1,-34.342,6.968,27.373,21.008,78.992,77.215,17.202,54.854,82.798
[SHELL] ctrlcap v1 armed=0 count=512 clock_hz=550000000 decimation=1
[SHELL] ccA:index,cycles,seq,id,iq,idref,iqref,theta,actangle,age_us,vdreq,vqreq,vd,vq,intd,intq,scale,bus
[SHELL] ccB:index,timer,valid,ia,ib,ic,du,dv,dw,active_u,active_v,active_w
[SHELL] ccA:208,3794213731,581780,9.799,-34.896,0.000,-35.000,4.72784,4.37097,15.63,-5.116,-27.918,-5.116,-27.918,-4.920,-8.421,1.00000,74.342
[SHELL] ccB:208,18913,1,-34.740,8.418,26.322,16.936,83.064,50.053,21.008,78.992,77.215
[SHELL] ccA:209,3794433683,581781,21.474,-30.974,0.000,-35.000,4.26058,3.90363,15.63,-5.371,-28.000,-5.371,-28.000,-4.942,-8.425,1.00000,74.342
[SHELL] ccB:209,18889,1,-37.241,13.601,23.640,20.459,79.541,23.707,16.936,83.064,50.053
[SHELL] ccA:210,3794653715,581782,2.224,-31.159,0.000,-35.000,3.79065,3.43380,15.60,-4.988,-28.001,-4.988,-28.001,-4.944,-8.429,1.00000,74.342
[SHELL] ccB:210,18905,1,-20.605,30.635,-10.030,43.364,82.910,17.090,20.459,79.541,23.707
[SHELL] ccA:211,3794873711,581783,-10.358,-34.515,0.000,-35.000,3.30964,2.95279,15.60,-4.726,-27.934,-4.726,-27.934,-4.934,-8.430,1.00000,74.342
[SHELL] ccB:211,18903,1,4.439,28.751,-33.190,69.945,80.929,19.071,43.364,82.910,17.090
[SHELL] ccA:212,3795093619,581784,-7.733,-35.548,0.000,-35.000,2.83609,2.47891,15.60,-4.771,-27.913,-4.771,-27.913,-4.926,-8.429,1.00000,74.342
[SHELL] ccB:212,18857,1,18.067,18.313,-36.380,82.227,62.202,17.773,69.945,80.929,19.071
[SHELL] ccA:213,3795313643,581785,13.932,-40.765,0.000,-35.000,2.36928,2.01206,15.60,-5.218,-27.803,-5.218,-27.803,-4.940,-8.423,1.00000,74.342
[SHELL] ccB:213,18869,1,18.466,24.474,-42.940,81.778,34.893,18.222,82.227,62.202,17.773
[SHELL] ccA:214,3795533755,581786,12.264,-32.261,0.000,-35.000,1.90236,1.54531,15.77,-5.197,-27.975,-5.197,-27.975,-4.952,-8.426,1.00000,74.342
[SHELL] ccB:214,18925,1,26.512,5.881,-32.393,81.522,18.478,32.244,81.778,34.893,18.222
[SHELL] ccA:215,3795753779,581787,-6.115,-34.375,0.000,-35.000,1.41729,1.06032,15.77,-4.824,-27.934,-4.824,-27.934,-4.946,-8.427,1.00000,74.342
[SHELL] ccB:215,18937,1,33.036,-26.304,-6.732,82.612,17.388,58.992,81.522,18.478,32.244
[SHELL] ccA:216,3795973591,581788,-9.730,-34.977,0.000,-35.000,0.94956,0.59257,15.83,-4.742,-27.922,-4.742,-27.922,-4.936,-8.427,1.00000,74.342
[SHELL] ccB:216,18843,1,22.779,-35.872,13.093,73.528,19.934,80.066,82.612,17.388,58.992
[SHELL] ccA:217,3796193567,581789,5.726,-37.525,0.000,-35.000,0.47556,0.11854,15.45,-5.056,-27.868,-5.056,-27.868,-4.942,-8.424,1.00000,74.342
[SHELL] ccB:217,18831,1,22.271,-37.757,15.485,46.519,17.067,82.933,73.528,19.934,80.066
[SHELL] ccA:218,3796413703,581790,16.242,-32.554,0.000,-35.000,6.28024,5.92334,15.58,-5.283,-27.970,-5.283,-27.970,-4.958,-8.427,1.00000,74.342
[SHELL] ccB:218,18899,1,16.146,-36.307,20.161,20.911,22.431,79.089,46.519,17.067,82.933
[SHELL] ccA:219,3796633675,581791,-7.783,-38.729,0.000,-35.000,5.81773,5.46084,15.58,-4.795,-27.843,-4.795,-27.843,-4.950,-8.423,1.00000,74.342
[SHELL] ccB:219,18885,1,-24.338,-14.778,39.116,17.136,46.905,82.864,20.911,22.431,79.089
[SHELL] ccA:220,3796853615,581792,-14.292,-38.093,0.000,-35.000,5.34260,4.98542,15.64,-4.650,-27.853,-4.650,-27.853,-4.936,-8.420,1.00000,73.902
[SHELL] ccB:220,18855,1,-39.198,10.158,29.041,19.731,73.161,80.269,17.136,46.905,82.864
[SHELL] ccA:221,3797073627,581793,-6.036,-35.500,0.000,-35.000,4.87325,4.51610,15.64,-4.809,-27.904,-4.809,-27.904,-4.930,-8.419,1.00000,74.342
[SHELL] ccB:221,18861,1,-36.009,18.240,17.769,17.419,82.581,58.912,19.731,73.161,80.269
[SHELL] ccA:222,3797293735,581794,13.911,-36.937,0.000,-35.000,4.40471,4.04777,15.64,-5.222,-27.873,-5.222,-27.873,-4.944,-8.417,1.00000,74.342
[SHELL] ccB:222,18915,1,-39.416,17.914,21.502,18.707,81.293,31.663,17.419,82.581,58.912
[SHELL] ccA:223,3797513615,581795,9.001,-33.112,0.000,-35.000,3.92681,3.56961,15.61,-5.133,-27.952,-5.133,-27.952,-4.953,-8.419,1.00000,74.342
[SHELL] ccB:223,18855,1,-29.775,29.657,0.118,36.013,82.106,17.894,18.707,81.293,31.663
[SHELL] ctrlcap v1 armed=0 count=512 clock_hz=550000000 decimation=1
[SHELL] ccA:index,cycles,seq,id,iq,idref,iqref,theta,actangle,age_us,vdreq,vqreq,vd,vq,intd,intq,scale,bus
[SHELL] ccB:index,timer,valid,ia,ib,ic,du,dv,dw,active_u,active_v,active_w
[SHELL] ccA:224,3797733631,581796,-9.921,-37.535,0.000,-35.000,3.46026,3.10311,15.61,-4.745,-27.861,-4.745,-27.861,-4.943,-8.417,1.00000,74.342
[SHELL] ccB:224,18863,1,-2.338,34.731,-32.393,61.729,82.219,17.781,36.013,82.106,17.894
[SHELL] ccA:225,3797953627,581797,-12.775,-37.217,0.000,-35.000,2.99002,2.63284,15.61,-4.675,-27.865,-4.675,-27.865,-4.930,-8.415,1.00000,74.342
[SHELL] ccB:225,18861,1,18.248,21.067,-39.315,80.660,70.733,19.340,61.729,82.219,17.781
[SHELL] ccA:226,3798173739,581798,9.200,-40.275,0.000,-35.000,2.51263,2.15570,15.61,-5.124,-27.798,-5.124,-27.798,-4.940,-8.409,1.00000,74.342
[SHELL] ccB:226,18917,1,16.255,24.764,-41.019,82.688,43.118,17.312,80.660,70.733,19.340
[SHELL] ccA:227,3798393743,581799,21.120,-31.909,0.000,-35.000,2.04029,1.68322,15.73,-5.383,-27.969,-5.383,-27.969,-4.961,-8.412,1.00000,74.342
[SHELL] ccB:227,18919,1,18.901,19.364,-38.264,79.936,20.064,25.217,82.688,43.118,17.312
[SHELL] ccA:228,3798613871,581800,-4.751,-30.884,0.000,-35.000,1.57353,1.21686,15.78,-4.861,-27.993,-4.861,-27.993,-4.956,-8.416,1.00000,74.342
[SHELL] ccB:228,18983,1,30.897,-19.490,-11.408,83.098,16.902,50.130,79.936,20.064,25.217
[SHELL] ccA:229,3798833679,581801,-13.098,-31.920,0.000,-35.000,1.10350,0.74682,15.78,-4.681,-27.976,-4.681,-27.976,-4.943,-8.420,1.00000,74.342
[SHELL] ccB:229,18887,1,22.598,-33.879,11.281,79.517,20.483,75.723,83.098,16.902,50.130
[SHELL] ccA:230,3799053435,581802,-1.090,-35.090,0.000,-35.000,0.63176,0.27451,15.40,-4.920,-27.912,-4.920,-27.912,-4.942,-8.419,1.00000,74.342
[SHELL] ccB:230,18765,1,19.843,-35.002,15.159,55.711,17.148,82.852,79.517,20.483,75.723
[SHELL] ccA:231,3799273547,581803,20.881,-34.852,0.000,-35.000,0.15943,6.08533,15.51,-5.380,-27.917,-5.380,-27.917,-4.963,-8.420,1.00000,74.342
[SHELL] ccB:231,18821,1,26.149,-40.004,13.854,28.284,19.345,80.655,55.711,17.148,82.852
[SHELL] ccA:232,3799493599,581804,8.586,-32.575,0.000,-35.000,5.96572,5.60850,15.58,-5.143,-27.965,-5.143,-27.965,-4.971,-8.422,1.00000,74.342
[SHELL] ccB:232,18847,1,-2.012,-28.116,30.128,17.477,39.129,82.523,28.284,19.345,80.655
[SHELL] ccA:233,3799713623,581805,-7.387,-37.065,0.000,-35.000,5.49388,5.13672,15.64,-4.816,-27.873,-4.816,-27.873,-4.964,-8.420,1.00000,74.342
[SHELL] ccB:233,18859,1,-31.515,-2.310,33.825,18.246,65.243,81.754,17.477,39.129,82.523
[SHELL] ccA:234,3799933719,581806,-8.382,-33.028,0.000,-35.000,5.01992,4.66309,15.64,-4.788,-27.956,-4.788,-27.956,-4.955,-8.422,1.00000,74.342
[SHELL] ccB:234,18907,1,-34.015,15.268,18.747,18.481,81.519,67.168,18.246,65.243,81.754
[SHELL] ccA:235,3800153655,581807,9.693,-36.127,0.000,-35.000,4.54381,4.18672,15.64,-5.159,-27.893,-5.159,-27.893,-4.965,-8.421,1.00000,74.342
[SHELL] ccB:235,18875,1,-37.241,15.594,21.647,17.520,82.480,39.474,18.481,81.519,67.168
[SHELL] ccA:236,3800373699,581808,12.707,-32.198,0.000,-35.000,4.07478,3.71785,15.64,-5.232,-27.974,-5.232,-27.974,-4.978,-8.424,1.00000,74.342
[SHELL] ccB:236,18897,1,-33.435,24.474,8.961,28.096,80.646,19.354,17.520,82.480,39.474
[SHELL] ccA:237,3800593687,581809,-2.563,-36.741,0.000,-35.000,3.60995,3.25313,15.61,-4.924,-27.882,-4.924,-27.882,-4.975,-8.422,1.00000,74.342
[SHELL] ccB:237,18891,1,-14.299,36.543,-22.244,53.612,82.917,17.083,28.096,80.646,19.354
[SHELL] ccA:238,3800813655,581810,-8.848,-35.899,0.000,-35.000,3.11997,2.76310,15.59,-4.789,-27.898,-4.789,-27.898,-4.966,-8.421,1.00000,74.342
[SHELL] ccB:238,18875,1,9.622,26.105,-35.727,78.958,77.315,21.042,53.612,82.917,17.083
[SHELL] ccA:239,3801033591,581811,2.841,-38.099,0.000,-35.000,2.64439,2.28716,15.59,-5.026,-27.850,-5.026,-27.850,-4.969,-8.418,1.00000,74.342
[SHELL] ccB:239,18843,1,15.675,22.336,-38.011,82.964,50.812,17.036,78.958,77.315,21.042
[SHELL] ctrlcap v1 armed=0 count=512 clock_hz=550000000 decimation=1
[SHELL] ccA:index,cycles,seq,id,iq,idref,iqref,theta,actangle,age_us,vdreq,vqreq,vd,vq,intd,intq,scale,bus
[SHELL] ccB:index,timer,valid,ia,ib,ic,du,dv,dw,active_u,active_v,active_w
[SHELL] ccA:240,3801253663,581812,17.441,-35.011,0.000,-35.000,2.18566,1.82851,15.65,-5.335,-27.912,-5.335,-27.912,-4.987,-8.418,1.00000,74.342
[SHELL] ccB:240,18879,1,18.538,20.560,-39.098,79.740,24.814,20.260,82.964,50.812,17.036
[SHELL] ccA:241,3801473683,581813,-1.695,-32.450,0.000,-35.000,1.70550,1.34840,15.70,-4.951,-27.966,-4.951,-27.966,-4.985,-8.420,1.00000,74.342
[SHELL] ccB:241,18889,1,32.383,-13.872,-18.511,82.823,17.177,42.800,79.740,24.814,20.260
[SHELL] ccA:242,3801693711,581814,-11.844,-34.688,0.000,-35.000,1.23110,0.87398,15.70,-4.736,-27.922,-4.736,-27.922,-4.973,-8.421,1.00000,74.342
[SHELL] ccB:242,18903,1,28.759,-34.060,5.301,81.089,18.911,69.123,82.823,17.177,42.800
[SHELL] ccA:243,3801913519,581815,-9.924,-34.651,0.000,-35.000,0.76375,0.40666,15.72,-4.765,-27.923,-4.765,-27.923,-4.963,-8.421,1.00000,74.342
[SHELL] ccB:243,18807,1,16.799,-36.017,19.218,63.455,17.930,82.070,81.089,18.911,69.123
[SHELL] ccA:244,3802133495,581816,13.235,-38.275,0.000,-35.000,0.28187,6.20784,15.38,-5.241,-27.847,-5.241,-27.847,-4.976,-8.418,1.00000,74.342
[SHELL] ccB:244,18795,1,23.359,-40.330,16.971,35.225,18.112,81.888,63.455,17.930,82.070
[SHELL] ccA:245,3802353535,581817,10.237,-31.599,0.000,-35.000,6.08415,5.72692,15.52,-5.191,-27.984,-5.191,-27.984,-4.987,-8.421,1.00000,74.342
[SHELL] ccB:245,18815,1,3.787,-30.472,26.685,18.400,32.618,81.600,35.225,18.112,81.888
[SHELL] ccA:246,3802573611,581818,-11.772,-40.093,0.000,-35.000,5.61167,5.25473,15.52,-4.739,-27.809,-4.739,-27.809,-4.975,-8.416,1.00000,74.342
[SHELL] ccB:246,18853,1,-34.160,-3.760,37.920,17.507,58.510,82.493,18.400,32.618,81.600
[SHELL] ccA:247,3802793547,581819,-14.935,-38.423,0.000,-35.000,5.14052,4.78330,15.57,-4.661,-27.839,-4.661,-27.839,-4.960,-8.413,1.00000,74.342
[SHELL] ccB:247,18821,1,-41.155,18.530,22.625,20.093,79.907,73.670,17.507,58.510,82.493
[SHELL] ccA:248,3803013551,581820,-1.887,-37.875,0.000,-35.000,4.66657,4.30934,15.57,-4.920,-27.847,-4.920,-27.847,-4.958,-8.410,1.00000,74.342
[SHELL] ccB:248,18823,1,-37.748,22.009,15.739,17.107,82.893,46.901,20.093,79.907,73.670
[SHELL] ccA:249,3803233671,581821,10.150,-34.244,0.000,-35.000,4.19432,3.83732,15.57,-5.171,-27.920,-5.171,-27.920,-4.968,-8.411,1.00000,74.342
[SHELL] ccB:249,18883,1,-34.776,24.438,10.339,21.901,78.827,21.173,17.107,82.893,46.901
[SHELL] ccA:250,3803453619,581822,-9.096,-36.114,0.000,-35.000,3.71785,3.36085,15.55,-4.777,-27.882,-4.777,-27.882,-4.959,-8.409,1.00000,74.342
[SHELL] ccB:250,18857,1,-12.052,36.543,-24.492,47.172,82.913,17.087,21.901,78.827,21.173
[SHELL] ccA:251,3803673551,581823,-19.172,-36.885,0.000,-35.000,3.24932,2.89205,15.55,-4.557,-27.864,-4.557,-27.864,-4.940,-8.408,1.00000,74.342
[SHELL] ccB:251,18823,1,15.095,25.996,-41.091,72.793,80.144,19.856,47.172,82.913,17.087
[SHELL] ccA:252,3803893583,581824,-13.788,-37.397,0.000,-35.000,2.77561,2.41843,15.55,-4.650,-27.852,-4.650,-27.852,-4.926,-8.405,1.00000,74.342
[SHELL] ccB:252,18839,1,26.258,12.840,-39.098,82.482,58.998,17.518,72.793,80.144,19.856
[SHELL] ccA:253,3804113743,581825,11.475,-38.680,0.000,-35.000,2.30146,1.94455,15.66,-5.167,-27.822,-5.167,-27.822,-4.938,-8.402,1.00000,74.342
[SHELL] ccB:253,18919,1,21.148,19.182,-40.330,81.149,31.311,18.851,82.482,58.998,17.518
[SHELL] ccA:254,3804333663,581826,4.045,-31.466,0.000,-35.000,1.83622,1.47760,15.71,-5.023,-28.053,-5.023,-28.053,-4.942,-8.405,1.00000,74.342
[SHELL] ccB:254,18879,1,29.303,-4.122,-25.180,82.140,17.860,35.593,81.149,31.311,18.851
[SHELL] ccA:255,3804553707,581827,-12.680,-34.478,0.000,-35.000,1.36089,1.00254,15.63,-4.675,-27.993,-4.675,-27.993,-4.929,-8.406,1.00000,74.342
[SHELL] ccB:255,18901,1,31.079,-32.501,1.423,82.334,17.666,61.946,82.140,17.860,35.593
[SHELL] ctrlcap v1 armed=0 count=512 clock_hz=550000000 decimation=1
[SHELL] ccA:index,cycles,seq,id,iq,idref,iqref,theta,actangle,age_us,vdreq,vqreq,vd,vq,intd,intq,scale,bus
[SHELL] ccB:index,timer,valid,ia,ib,ic,du,dv,dw,active_u,active_v,active_w
[SHELL] ccA:256,3804773535,581828,-14.173,-34.423,0.000,-35.000,0.88734,0.52905,15.69,-4.631,-27.995,-4.631,-27.995,-4.915,-8.406,1.00000,74.342
[SHELL] ccB:256,18815,1,17.741,-37.213,19.472,70.442,19.123,80.877,82.334,17.666,61.946
[SHELL] ccA:257,3804993331,581829,5.609,-38.791,0.000,-35.000,0.41536,0.05634,15.31,-5.033,-27.904,-5.033,-27.904,-4.920,-8.402,1.00000,74.342
[SHELL] ccB:257,18713,1,20.785,-39.170,18.385,43.032,17.216,82.784,70.442,19.123,80.877
[SHELL] ccA:258,3805213243,581830,12.977,-33.094,0.000,-35.000,6.23051,5.87156,15.31,-5.193,-28.020,-5.193,-28.020,-4.933,-8.404,1.00000,74.342
[SHELL] ccB:258,18669,1,11.217,-34.821,23.604,20.142,24.870,79.858,43.032,17.216,82.784
[SHELL] ccA:259,3805433203,581831,-6.622,-40.255,0.000,-35.000,5.75735,5.39833,15.31,-4.794,-27.871,-4.794,-27.871,-4.927,-8.399,1.00000,74.342
[SHELL] ccB:259,18649,1,-25.933,-14.307,40.240,17.056,50.457,82.944,20.142,24.870,79.858
[SHELL] ccA:260,3805653203,581832,-10.441,-36.514,0.000,-35.000,5.28608,4.92707,15.31,-4.708,-27.945,-4.708,-27.945,-4.916,-8.397,1.00000,74.342
[SHELL] ccB:260,18649,1,-36.335,8.599,27.736,20.655,76.191,79.345,17.056,50.457,82.944
[SHELL] ccA:261,3805873223,581833,-0.646,-35.674,0.000,-35.000,4.81976,4.46080,15.31,-4.903,-27.961,-4.903,-27.961,-4.916,-8.397,1.00000,73.902
[SHELL] ccB:261,18659,1,-35.538,15.014,20.523,16.895,83.105,55.662,20.655,76.191,79.345
[SHELL] ccA:262,3806093303,581834,16.143,-34.779,0.000,-35.000,4.34500,3.98628,15.31,-5.255,-27.979,-5.255,-27.979,-4.932,-8.397,1.00000,74.342
[SHELL] ccB:262,18699,1,-38.256,16.899,21.357,19.304,80.696,28.260,16.895,83.105,55.662
[SHELL] ccA:263,3806313251,581835,10.980,-32.117,0.000,-35.000,3.87781,3.51901,15.28,-5.162,-28.035,-5.162,-28.035,-4.943,-8.400,1.00000,74.342
[SHELL] ccB:263,18673,1,-29.702,29.077,0.625,38.837,82.576,17.424,19.304,80.696,28.260
[SHELL] ccA:264,3806533287,581836,-4.171,-34.052,0.000,-35.000,3.39647,3.03780,15.28,-4.855,-27.997,-4.855,-27.997,-4.939,-8.401,1.00000,74.342
[SHELL] ccB:264,18691,1,-4.549,31.723,-27.174,65.596,81.853,18.147,38.837,82.576,17.424
[SHELL] ccA:265,3806753547,581837,-5.257,-34.361,0.000,-35.000,2.92377,2.56502,15.28,-4.828,-27.992,-4.828,-27.992,-4.933,-8.402,1.00000,74.342
[SHELL] ccB:265,18821,1,12.558,21.792,-34.350,81.614,66.927,18.386,65.596,81.853,18.147
[SHELL] ccA:266,3806973971,581838,15.181,-37.987,0.000,-35.000,2.44844,2.09053,15.98,-5.252,-27.916,-5.252,-27.916,-4.949,-8.399,1.00000,74.342
[SHELL] ccB:266,19033,1,12.594,27.410,-40.004,82.496,39.185,17.504,81.614,66.927,18.386
[SHELL] ccA:267,3807193851,581839,18.482,-29.020,0.000,-35.000,1.97773,1.61924,15.84,-5.337,-28.101,-5.337,-28.101,-4.967,-8.405,1.00000,73.902
[SHELL] ccB:267,18973,1,19.336,14.978,-34.314,81.074,18.926,28.230,82.496,39.185,17.504
[SHELL] ccA:268,3807413839,581840,-2.731,-31.095,0.000,-35.000,1.50022,1.14172,15.84,-4.910,-28.064,-4.910,-28.064,-4.964,-8.408,1.00000,73.902
[SHELL] ccB:268,18967,1,30.825,-19.671,-11.154,83.283,16.717,54.544,81.074,18.926,28.230
[SHELL] ccA:269,3807633755,581841,-10.382,-33.424,0.000,-35.000,1.03327,0.67495,16.16,-4.746,-28.019,-4.746,-28.019,-4.954,-8.410,1.00000,74.342
[SHELL] ccB:269,18925,1,23.395,-34.241,10.846,77.849,21.062,78.938,83.283,16.717,54.544
[SHELL] ccA:270,3807853443,581842,5.831,-36.277,0.000,-35.000,0.56330,0.20450,15.39,-5.076,-27.960,-5.076,-27.960,-4.960,-8.409,1.00000,74.342
[SHELL] ccB:270,18769,1,24.301,-36.017,11.716,51.427,16.906,83.094,77.849,21.062,78.938
[SHELL] ccA:271,3808073591,581843,26.234,-32.277,0.000,-35.000,0.08823,6.01274,15.56,-5.511,-28.043,-5.511,-28.043,-4.986,-8.411,1.00000,74.342
[SHELL] ccB:271,18843,1,28.976,-40.330,11.354,24.168,20.234,79.766,51.427,16.906,83.094
[SHELL] ctrlcap v1 armed=0 count=512 clock_hz=550000000 decimation=1
[SHELL] ccA:index,cycles,seq,id,iq,idref,iqref,theta,actangle,age_us,vdreq,vqreq,vd,vq,intd,intq,scale,bus
[SHELL] ccB:index,timer,valid,ia,ib,ic,du,dv,dw,active_u,active_v,active_w
[SHELL] ccA:272,3808293615,581844,7.049,-33.772,0.000,-35.000,5.90053,5.54186,15.57,-5.134,-28.015,-5.134,-28.015,-4.993,-8.413,1.00000,74.342
[SHELL] ccB:272,18855,1,-6.071,-26.376,32.447,17.079,42.857,82.921,24.168,20.234,79.766
[SHELL] ccA:273,3808513699,581845,-5.212,-38.977,0.000,-35.000,5.42031,5.06190,15.63,-4.884,-27.906,-4.884,-27.906,-4.988,-8.409,1.00000,74.342
[SHELL] ccB:273,18897,1,-33.001,-2.020,35.021,18.968,69.457,81.032,17.079,42.857,82.921
[SHELL] ccA:274,3808733667,581846,1.141,-35.917,0.000,-35.000,4.94696,4.58848,15.63,-5.012,-27.967,-5.012,-27.967,-4.989,-8.408,1.00000,74.342
[SHELL] ccB:274,18881,1,-34.668,9.143,25.525,17.717,82.283,62.643,18.968,69.457,81.032
[SHELL] ccA:275,3808953699,581847,15.066,-33.816,0.000,-35.000,4.46996,4.11154,15.63,-5.305,-28.010,-5.305,-28.010,-5.004,-8.409,1.00000,74.342
[SHELL] ccB:275,18897,1,-36.444,12.586,23.858,17.945,82.055,34.966,17.717,82.283,62.643
[SHELL] ccA:276,3809173659,581848,14.991,-30.223,0.000,-35.000,3.99607,3.63745,15.68,-5.319,-28.087,-5.319,-28.087,-5.019,-8.414,1.00000,74.342
[SHELL] ccB:276,18877,1,-32.638,23.713,8.925,32.477,81.726,18.274,17.945,82.055,34.966
[SHELL] ccA:277,3809393599,581849,-1.219,-34.769,0.000,-35.000,3.51377,3.15505,15.60,-4.993,-27.996,-4.993,-27.996,-5.018,-8.414,1.00000,74.342
[SHELL] ccB:277,18847,1,-11.508,34.187,-22.679,59.314,82.688,17.312,32.477,81.726,18.274
[SHELL] ccA:278,3809613631,581850,-10.409,-35.670,0.000,-35.000,3.03794,2.67924,15.60,-4.799,-27.977,-4.799,-27.977,-5.007,-8.413,1.00000,74.342
[SHELL] ccB:278,18863,1,14.044,22.771,-36.815,80.261,73.090,19.739,59.314,82.688,17.312
[SHELL] ccA:279,3809834219,581851,5.651,-40.389,0.000,-35.000,2.56826,2.20952,15.60,-5.126,-27.877,-5.126,-27.877,-5.013,-8.408,1.00000,74.342
[SHELL] ccB:279,19157,1,17.161,23.459,-40.620,82.946,46.187,17.054,80.261,73.090,19.739
[SHELL] ccA:280,3810053743,581852,21.055,-35.835,0.000,-35.000,2.09068,1.73206,15.72,-5.455,-27.968,-5.455,-27.968,-5.034,-8.407,1.00000,74.342
[SHELL] ccB:280,18919,1,20.640,20.922,-41.562,79.254,20.746,22.829,82.946,46.187,17.054
[SHELL] ccA:281,3810273771,581853,-2.096,-31.778,0.000,-35.000,1.61499,1.25644,15.77,-4.990,-28.052,-4.990,-28.052,-5.032,-8.410,1.00000,74.342
[SHELL] ccB:281,18933,1,31.840,-16.518,-15.322,83.173,16.827,48.092,79.254,20.746,22.829
[SHELL] ccA:282,3810493903,581854,-14.172,-32.712,0.000,-35.000,1.12868,0.77050,15.77,-4.734,-28.036,-4.734,-28.036,-5.018,-8.413,1.00000,74.342
[SHELL] ccB:282,18999,1,23.504,-34.966,11.462,79.910,20.090,74.643,83.173,16.827,48.092
[SHELL] ccA:283,3810713523,581855,-8.916,-34.742,0.000,-35.000,0.66562,0.30712,15.39,-4.831,-27.995,-4.831,-27.995,-5.009,-8.413,1.00000,74.342
[SHELL] ccB:283,18809,1,14.443,-35.655,21.212,57.786,17.212,82.788,79.910,20.090,74.643
[SHELL] ccA:284,3810933535,581856,10.906,-37.440,0.000,-35.000,0.19303,6.11739,15.50,-5.238,-27.939,-5.238,-27.939,-5.020,-8.410,1.00000,74.342
[SHELL] ccB:284,18815,1,17.886,-38.953,21.067,30.273,18.907,81.093,57.786,17.212,82.788
[SHELL] ccA:285,3811153691,581857,2.879,-36.994,0.000,-35.000,5.99741,5.63898,15.58,-5.080,-27.946,-5.080,-27.946,-5.023,-8.408,1.00000,74.342
[SHELL] ccB:285,18893,1,-7.666,-27.608,35.274,17.732,37.316,82.268,30.273,18.907,81.093
[SHELL] ccA:286,3811373579,581858,-10.688,-40.872,0.000,-35.000,5.52500,5.16626,15.58,-4.798,-27.862,-4.798,-27.862,-5.012,-8.403,1.00000,74.342
[SHELL] ccB:286,18837,1,-35.864,-1.404,37.268,18.011,63.575,81.989,17.732,37.316,82.268
[SHELL] ccA:287,3811593655,581859,-10.741,-36.094,0.000,-35.000,5.05554,4.69692,15.64,-4.787,-27.957,-4.787,-27.957,-5.001,-8.401,1.00000,74.342
[SHELL] ccB:287,18875,1,-37.603,17.044,20.559,18.834,81.166,69.008,18.011,63.575,81.989
[SHELL] ctrlcap v1 armed=0 count=512 clock_hz=550000000 decimation=1
[SHELL] ccA:index,cycles,seq,id,iq,idref,iqref,theta,actangle,age_us,vdreq,vqreq,vd,vq,intd,intq,scale,bus
[SHELL] ccB:index,timer,valid,ia,ib,ic,du,dv,dw,active_u,active_v,active_w
[SHELL] ccA:288,3811813607,581860,6.286,-36.258,0.000,-35.000,4.58055,4.22185,15.64,-5.133,-27.952,-5.133,-27.952,-5.008,-8.400,1.00000,74.342
[SHELL] ccB:288,18851,1,-36.770,17.117,19.653,17.258,82.742,41.512,18.834,81.166,69.008
[SHELL] ccA:289,3812033747,581861,13.336,-31.095,0.000,-35.000,4.09980,3.74116,15.95,-5.288,-28.059,-5.288,-28.059,-5.021,-8.404,1.00000,74.342
[SHELL] ccB:289,18921,1,-33.109,22.589,10.520,26.860,80.462,19.538,17.258,82.742,41.512
[SHELL] ccA:290,3812253675,581862,-4.701,-35.423,0.000,-35.000,3.63051,3.27203,15.61,-4.922,-27.973,-4.922,-27.973,-5.016,-8.404,1.00000,74.342
[SHELL] ccB:290,18885,1,-12.487,35.238,-22.752,52.506,83.055,16.945,26.860,80.462,19.538
[SHELL] ccA:291,3812473679,581863,-15.725,-36.477,0.000,-35.000,3.15486,2.79636,15.61,-4.686,-27.950,-4.686,-27.950,-5.001,-8.402,1.00000,74.342
[SHELL] ccB:291,18887,1,15.240,24.148,-39.388,77.982,78.791,21.209,52.506,83.055,16.945
[SHELL] ccA:292,3812693759,581864,-4.074,-37.173,0.000,-35.000,2.68226,2.32392,15.61,-4.915,-27.934,-4.915,-27.934,-4.996,-8.400,1.00000,74.342
[SHELL] ccB:292,18927,1,20.133,17.225,-37.358,82.990,53.166,17.010,77.982,78.791,21.209
[SHELL] ccA:293,3812913751,581865,19.638,-35.527,0.000,-35.000,2.20999,1.85139,15.73,-5.409,-27.966,-5.409,-27.966,-5.016,-8.399,1.00000,74.342
[SHELL] ccB:293,18923,1,16.799,23.604,-40.403,80.105,25.829,19.895,82.990,53.166,17.010
[SHELL] ccA:294,3813133755,581866,4.025,-30.978,0.000,-35.000,1.73727,1.37868,15.75,-5.101,-28.061,-5.101,-28.061,-5.020,-8.404,1.00000,73.902
[SHELL] ccB:294,18925,1,29.883,-7.058,-22.824,83.039,16.961,41.253,80.105,25.829,19.895
[SHELL] ccA:295,3813353795,581867,-11.851,-33.253,0.000,-35.000,1.26164,0.90308,15.78,-4.771,-28.018,-4.771,-28.018,-5.008,-8.405,1.00000,74.342
[SHELL] ccB:295,18945,1,28.070,-32.574,4.503,81.502,18.498,67.646,83.039,16.961,41.253
[SHELL] ccA:296,3813573627,581868,-8.910,-34.227,0.000,-35.000,0.79201,0.43353,15.84,-4.821,-27.999,-4.821,-27.999,-4.999,-8.406,1.00000,74.342
[SHELL] ccB:296,18861,1,18.103,-35.365,17.261,64.904,18.042,81.958,81.502,18.498,67.646
[SHELL] ccA:297,3813793555,581869,15.932,-36.674,0.000,-35.000,0.31142,6.23588,15.46,-5.334,-27.948,-5.334,-27.948,-5.015,-8.404,1.00000,74.342
[SHELL] ccB:297,18825,1,26.403,-39.206,12.803,36.583,17.773,82.227,64.904,18.042,81.958
[SHELL] ccA:298,3814013591,581870,14.182,-29.403,0.000,-35.000,6.12137,5.76268,15.58,-5.313,-28.099,-5.313,-28.099,-5.029,-8.410,1.00000,74.342
[SHELL] ccB:298,18843,1,9.260,-31.740,22.480,18.592,30.768,81.408,36.583,17.773,82.227
[SHELL] ccA:299,3814233683,581871,-4.583,-37.512,0.000,-35.000,5.64714,5.28875,15.58,-4.933,-27.935,-4.933,-27.935,-5.025,-8.407,1.00000,74.342
[SHELL] ccB:299,18889,1,-25.969,-10.791,36.760,17.201,56.968,82.799,18.592,30.768,81.408
[SHELL] ccA:300,3814453731,581872,-8.648,-34.147,0.000,-35.000,5.16562,4.80725,15.64,-4.843,-28.003,-4.843,-28.003,-5.016,-8.408,1.00000,74.342
[SHELL] ccB:300,18913,1,-34.487,11.028,23.459,20.150,79.850,74.796,17.201,56.968,82.799
[SHELL] ccA:301,3814673679,581873,4.218,-33.542,0.000,-35.000,4.69333,4.33487,15.64,-5.105,-28.016,-5.105,-28.016,-5.020,-8.410,1.00000,74.342
[SHELL] ccB:301,18887,1,-33.617,13.710,19.907,16.845,83.155,48.038,20.150,79.850,74.796
[SHELL] ccA:302,3814893743,581874,13.139,-31.521,0.000,-35.000,4.21740,3.85901,15.64,-5.296,-28.060,-5.296,-28.060,-5.034,-8.413,1.00000,74.342
[SHELL] ccB:302,18919,1,-33.979,19.944,14.036,21.072,78.928,21.555,16.845,83.155,48.038
[SHELL] ccA:303,3815113679,581875,-3.647,-33.961,0.000,-35.000,3.75427,3.39591,15.61,-4.957,-28.012,-4.957,-28.012,-5.030,-8.414,1.00000,74.342
[SHELL] ccB:303,18887,1,-16.546,34.151,-17.605,45.460,83.035,16.965,21.072,78.928,21.555
[SHELL] ctrlcap v1 armed=0 count=512 clock_hz=550000000 decimation=1
[SHELL] ccA:index,cycles,seq,id,iq,idref,iqref,theta,actangle,age_us,vdreq,vqreq,vd,vq,intd,intq,scale,bus
[SHELL] ccB:index,timer,valid,ia,ib,ic,du,dv,dw,active_u,active_v,active_w
[SHELL] ccA:304,3815333571,581876,-12.732,-35.308,0.000,-35.000,3.26916,2.91044,15.59,-4.763,-27.985,-4.763,-27.985,-5.017,-8.414,1.00000,73.902
[SHELL] ccB:304,18833,1,8.136,27.663,-35.800,72.423,80.644,19.356,45.460,83.035,16.965
[SHELL] ccA:305,3815553563,581877,-5.868,-36.717,0.000,-35.000,2.79380,2.43346,15.59,-4.894,-28.043,-4.894,-28.043,-5.011,-8.412,1.00000,74.342
[SHELL] ccB:305,18829,1,18.031,19.146,-37.177,82.704,59.507,17.296,72.423,80.644,19.356
[SHELL] ccA:306,3815773659,581878,16.923,-39.491,0.000,-35.000,2.31940,1.95911,15.65,-5.367,-27.983,-5.367,-27.983,-5.028,-8.408,1.00000,74.342
[SHELL] ccB:306,18877,1,17.415,25.308,-42.722,81.457,31.656,18.543,82.704,59.507,17.296
[SHELL] ccA:307,3815993679,581879,9.696,-31.794,0.000,-35.000,1.83793,1.47770,15.70,-5.232,-28.140,-5.232,-28.140,-5.038,-8.411,1.00000,74.342
[SHELL] ccB:307,18887,1,28.107,1.314,-29.421,82.333,17.667,35.898,81.457,31.656,18.543
[SHELL] ccA:308,3816213675,581880,-11.142,-34.735,0.000,-35.000,1.36332,1.00308,15.70,-4.804,-28.081,-4.804,-28.081,-5.027,-8.411,1.00000,74.342
[SHELL] ccB:308,18885,1,31.695,-31.486,-0.208,82.434,17.566,62.182,82.333,17.667,35.898
[SHELL] ccA:309,3816433543,581881,-16.334,-34.509,0.000,-35.000,0.89448,0.53441,15.76,-4.684,-28.086,-4.684,-28.086,-5.010,-8.412,1.00000,73.902
[SHELL] ccB:309,18819,1,16.690,-38.083,21.393,70.854,18.880,81.119,82.434,17.566,62.182
[SHELL] ccA:310,3816653531,581882,7.572,-38.489,0.000,-35.000,0.41065,0.05028,15.68,-5.169,-28.003,-5.169,-28.003,-5.018,-8.408,1.00000,74.342
[SHELL] ccB:310,18813,1,22.308,-39.098,16.790,42.423,17.117,82.883,70.854,18.880,81.119
[SHELL] ccA:311,3816873619,581883,15.427,-32.053,0.000,-35.000,6.21728,5.85723,15.52,-5.342,-28.135,-5.342,-28.135,-5.033,-8.411,1.00000,74.342
[SHELL] ccB:311,18857,1,13.283,-35.220,21.937,19.727,25.723,80.273,42.423,17.117,82.883
[SHELL] ccA:312,3817093623,581884,-7.967,-39.692,0.000,-35.000,5.73842,5.37839,15.52,-4.866,-27.977,-4.866,-27.977,-5.026,-8.406,1.00000,74.342
[SHELL] ccB:312,18859,1,-27.383,-12.132,39.515,16.934,51.708,83.066,19.727,25.723,80.273
[SHELL] ccA:313,3817313539,581885,-15.499,-37.390,0.000,-35.000,5.25951,4.89916,15.57,-4.700,-28.021,-4.700,-28.021,-5.010,-8.404,1.00000,73.902
[SHELL] ccB:313,18817,1,-39.996,14.616,25.380,20.829,77.801,79.171,16.934,51.708,83.066
[SHELL] ccA:314,3817533531,581886,-9.111,-35.054,0.000,-35.000,4.78306,4.42269,15.57,-4.819,-28.068,-4.819,-28.068,-5.001,-8.404,1.00000,73.902
[SHELL] ccB:314,18813,1,-35.610,23.532,12.078,16.696,83.304,53.690,20.829,77.801,79.171
[SHELL] ccA:315,3817753611,581887,7.660,-36.507,0.000,-35.000,4.30966,3.94938,15.57,-5.162,-28.037,-5.162,-28.037,-5.009,-8.403,1.00000,73.902
[SHELL] ccB:315,18853,1,-36.589,24.583,12.006,19.516,80.484,26.327,16.696,83.304,53.690
[SHELL] ccA:316,3817973555,581888,-6.810,-38.924,0.000,-35.000,3.83773,3.47735,15.55,-4.866,-27.985,-4.866,-27.985,-5.002,-8.399,1.00000,74.342
[SHELL] ccB:316,18825,1,-19.735,39.515,-19.780,40.665,82.647,17.353,19.516,80.484,26.327
[SHELL] ccA:317,3818193555,581889,-17.863,-39.849,0.000,-35.000,3.36714,3.00681,15.55,-4.627,-27.961,-4.627,-27.961,-4.984,-8.394,1.00000,73.902
[SHELL] ccB:317,18825,1,8.499,32.846,-41.345,66.932,81.741,18.259,40.665,82.647,17.353
[SHELL] ccA:318,3818413571,581890,-14.488,-38.777,0.000,-35.000,2.88787,2.52758,15.55,-4.680,-27.979,-4.680,-27.979,-4.969,-8.390,1.00000,73.902
[SHELL] ccB:318,18833,1,23.757,17.479,-41.236,82.061,65.217,17.939,66.932,81.741,18.259
[SHELL] ccA:319,3818633655,581891,9.375,-41.536,0.000,-35.000,2.40966,2.04953,15.55,-5.166,-27.917,-5.166,-27.917,-4.979,-8.383,1.00000,73.902
[SHELL] ccB:319,18875,1,20.785,21.792,-42.577,82.411,36.983,17.589,82.061,65.217,17.939
[SHELL] ctrlcap v1 armed=0 count=512 clock_hz=550000000 decimation=1
[SHELL] ccA:index,cycles,seq,id,iq,idref,iqref,theta,actangle,age_us,vdreq,vqreq,vd,vq,intd,intq,scale,bus
[SHELL] ccB:index,timer,valid,ia,ib,ic,du,dv,dw,active_u,active_v,active_w
[SHELL] ccA:320,3818853655,581892,9.591,-32.988,0.000,-35.000,1.93973,1.57950,15.71,-5.180,-28.090,-5.180,-28.090,-4.988,-8.385,1.00000,73.902
[SHELL] ccB:320,18875,1,27.309,4.395,-31.704,81.444,18.556,30.123,82.411,36.983,17.589
[SHELL] ccA:321,3819073595,581893,-10.812,-37.356,0.000,-35.000,1.46519,1.10488,15.63,-4.761,-28.001,-4.761,-28.001,-4.978,-8.383,1.00000,73.902
[SHELL] ccB:321,18845,1,36.008,-30.725,-5.282,83.080,16.920,56.371,81.444,18.556,30.123
[SHELL] ccA:322,3819293447,581894,-15.804,-33.506,0.000,-35.000,0.99214,0.63195,15.69,-4.646,-28.079,-4.646,-28.079,-4.962,-8.385,1.00000,73.902
[SHELL] ccB:322,18771,1,19.408,-37.032,17.624,76.058,20.234,79.766,83.080,16.920,56.371
[SHELL] ccA:323,3819513263,581895,-0.164,-36.019,0.000,-35.000,0.51607,0.15541,15.25,-4.958,-28.028,-4.958,-28.028,-4.962,-8.384,1.00000,73.902
[SHELL] ccB:323,18679,1,17.632,-36.017,18.385,48.863,16.652,83.348,76.058,20.234,79.766
[SHELL] ccA:324,3819733295,581896,15.522,-32.807,0.000,-35.000,0.04605,5.96878,15.47,-5.288,-28.094,-5.288,-28.094,-4.977,-8.386,1.00000,73.902
[SHELL] ccB:324,18695,1,17.016,-36.271,19.255,22.159,20.608,79.392,48.863,16.652,83.348
[SHELL] ccA:325,3819953235,581897,-4.827,-40.367,0.000,-35.000,5.85093,5.49039,15.31,-4.876,-27.938,-4.876,-27.938,-4.972,-8.380,1.00000,73.902
[SHELL] ccB:325,18665,1,-21.294,-19.345,40.639,16.877,45.307,83.123,22.159,20.608,79.392
[SHELL] ccA:326,3820173199,581898,-12.245,-36.940,0.000,-35.000,5.38550,5.02487,15.31,-4.715,-28.004,-4.715,-28.004,-4.960,-8.378,1.00000,73.902
[SHELL] ccB:326,18647,1,-36.516,6.606,29.910,19.069,71.269,80.931,16.877,45.307,83.123
[SHELL] ccA:327,3820393323,581899,-6.626,-34.473,0.000,-35.000,4.91062,4.55032,15.31,-4.821,-28.054,-4.821,-28.054,-4.953,-8.379,1.00000,73.902
[SHELL] ccB:327,18709,1,-35.103,17.298,17.805,17.251,82.749,60.988,19.069,71.269,80.931
[SHELL] ccA:328,3820613303,581900,15.727,-35.142,0.000,-35.000,4.43393,4.07366,15.31,-5.284,-28.041,-5.284,-28.041,-4.969,-8.379,1.00000,73.902
[SHELL] ccB:328,18699,1,-38.111,14.326,23.785,18.069,81.931,32.809,17.251,82.749,60.988
[SHELL] ccA:329,3820833311,581901,14.195,-30.345,0.000,-35.000,3.95525,3.59492,15.31,-5.267,-28.141,-5.267,-28.141,-4.983,-8.383,1.00000,73.902
[SHELL] ccB:329,18703,1,-31.804,25.018,6.787,34.596,82.350,17.650,18.069,81.931,32.809
[SHELL] ccA:330,3821053179,581902,-4.224,-34.030,0.000,-35.000,3.48296,3.12233,15.28,-4.895,-28.069,-4.895,-28.069,-4.979,-8.384,1.00000,73.902
[SHELL] ccB:330,18637,1,-7.412,32.701,-25.289,61.030,82.776,17.224,34.596,82.350,17.650
[SHELL] ccA:331,3821273175,581903,-10.360,-33.706,0.000,-35.000,3.00877,2.64814,15.28,-4.762,-28.076,-4.762,-28.076,-4.969,-8.386,1.00000,73.902
[SHELL] ccB:331,18635,1,14.733,20.378,-35.111,80.919,71.748,19.081,61.030,82.776,17.224
[SHELL] ccA:332,3821493991,581904,11.054,-37.585,0.000,-35.000,2.53021,2.17071,15.98,-5.201,-27.996,-5.201,-27.996,-4.980,-8.383,1.00000,73.902
[SHELL] ccB:332,19043,1,12.522,25.888,-38.409,83.177,43.807,16.823,80.919,71.748,19.081
[SHELL] ccA:333,3821713811,581905,24.165,-29.015,0.000,-35.000,2.05569,1.69555,15.79,-5.487,-28.174,-5.487,-28.174,-5.004,-8.389,1.00000,73.902
[SHELL] ccB:333,18953,1,14.406,23.024,-37.431,80.199,19.801,24.346,83.177,43.807,16.823
[SHELL] ccA:334,3821933863,581906,-1.731,-29.217,0.000,-35.000,1.57919,1.21912,15.84,-4.968,-28.175,-4.968,-28.175,-5.002,-8.395,1.00000,73.902
[SHELL] ccB:334,18979,1,29.230,-15.902,-13.329,83.527,16.473,50.150,80.199,19.801,24.346
[SHELL] ccA:335,3822153667,581907,-13.247,-30.583,0.000,-35.000,1.10601,0.74600,15.84,-4.724,-28.152,-4.724,-28.152,-4.989,-8.399,1.00000,73.902
[SHELL] ccB:335,18881,1,21.401,-32.827,11.426,79.863,20.137,76.109,83.527,16.473,50.150
[SHELL] ctrlcap v1 armed=0 count=512 clock_hz=550000000 decimation=1
[SHELL] ccA:index,cycles,seq,id,iq,idref,iqref,theta,actangle,age_us,vdreq,vqreq,vd,vq,intd,intq,scale,bus
[SHELL] ccB:index,timer,valid,ia,ib,ic,du,dv,dw,active_u,active_v,active_w
[SHELL] ccA:336,3822373507,581908,-1.319,-33.376,0.000,-35.000,0.62655,0.26641,15.47,-4.961,-28.098,-4.961,-28.098,-4.988,-8.401,1.00000,73.902
[SHELL] ccB:336,18801,1,18.502,-33.335,14.833,55.300,16.704,83.296,79.863,20.137,76.109
[SHELL] ccA:337,3822593647,581909,20.349,-33.826,0.000,-35.000,0.15582,6.07895,15.50,-5.415,-28.090,-5.415,-28.090,-5.008,-8.402,1.00000,74.342
[SHELL] ccB:337,18871,1,25.352,-38.880,13.528,27.806,19.236,80.764,55.300,16.704,83.296
[SHELL] ccA:338,3822813571,581910,8.207,-34.505,0.000,-35.000,5.95910,5.59875,15.57,-5.180,-28.077,-5.180,-28.077,-5.016,-8.403,1.00000,74.342
[SHELL] ccB:338,18833,1,-3.208,-28.986,32.194,17.279,39.669,82.721,27.806,19.236,80.764
[SHELL] ccA:339,3823033699,581911,-7.508,-37.416,0.000,-35.000,5.48033,5.12038,15.63,-4.859,-28.017,-4.859,-28.017,-5.009,-8.400,1.00000,73.902
[SHELL] ccB:339,18897,1,-32.131,-1.767,33.897,18.045,66.355,81.955,17.279,39.669,82.721
[SHELL] ccA:340,3823253607,581912,-6.523,-33.715,0.000,-35.000,5.00605,4.64576,15.63,-4.872,-28.092,-4.872,-28.092,-5.002,-8.402,1.00000,73.902
[SHELL] ccB:340,18851,1,-34.160,14.036,20.125,17.939,82.061,66.285,18.045,66.355,81.955
[SHELL] ccA:341,3823473619,581913,11.210,-36.387,0.000,-35.000,4.52036,4.16008,15.63,-5.238,-28.037,-5.238,-28.037,-5.013,-8.400,1.00000,74.342
[SHELL] ccB:341,18857,1,-37.857,15.413,22.444,17.528,82.472,37.812,17.939,82.061,66.285
[SHELL] ccA:342,3823693699,581914,15.190,-31.216,0.000,-35.000,4.04817,3.68809,15.63,-5.332,-28.144,-5.332,-28.144,-5.029,-8.404,1.00000,74.342
[SHELL] ccB:342,18897,1,-33.943,23.278,10.665,29.680,81.239,18.761,17.528,82.472,37.812
[SHELL] ccA:343,3823913619,581915,-6.047,-35.264,0.000,-35.000,3.57219,3.21188,15.60,-4.902,-28.063,-4.902,-28.063,-5.023,-8.404,1.00000,74.342
[SHELL] ccB:343,18857,1,-9.225,34.550,-25.325,55.889,83.012,16.988,29.680,81.239,18.761
[SHELL] ccA:344,3824133619,581916,-13.008,-33.272,0.000,-35.000,3.10030,2.74003,15.60,-4.749,-28.105,-4.749,-28.105,-5.010,-8.405,1.00000,74.342
[SHELL] ccB:344,18857,1,14.370,21.140,-35.510,79.479,76.467,20.521,55.889,83.012,16.988
[SHELL] ccA:345,3824353639,581917,2.718,-36.221,0.000,-35.000,2.61272,2.25240,15.60,-5.067,-28.044,-5.067,-28.044,-5.012,-8.404,1.00000,74.342
[SHELL] ccB:345,18867,1,15.929,20.306,-36.235,83.191,48.808,16.809,79.479,76.467,20.521
[SHELL] ccA:346,3824573787,581918,21.921,-32.792,0.000,-35.000,2.13865,1.77866,15.72,-5.473,-28.115,-5.473,-28.115,-5.034,-8.406,1.00000,74.342
[SHELL] ccB:346,18941,1,15.856,23.350,-39.207,79.153,21.889,20.847,83.191,48.808,16.809
[SHELL] ccA:347,3824793755,581919,-3.233,-30.548,0.000,-35.000,1.66397,1.30380,15.77,-4.966,-28.165,-4.966,-28.165,-5.031,-8.411,1.00000,74.342
[SHELL] ccB:347,18925,1,30.716,-15.684,-15.032,83.204,16.796,45.270,79.153,21.889,20.847
[SHELL] ccA:348,3825013879,581920,-15.766,-32.280,0.000,-35.000,1.18636,0.82654,15.77,-4.700,-28.133,-4.700,-28.133,-5.015,-8.414,1.00000,74.342
[SHELL] ccB:348,18987,1,24.011,-35.147,11.136,80.779,19.221,71.677,83.204,16.796,45.270
[SHELL] ccA:349,3825233471,581921,-9.643,-33.104,0.000,-35.000,0.70871,0.34852,15.39,-4.813,-28.118,-4.813,-28.118,-5.006,-8.415,1.00000,74.342
[SHELL] ccB:349,18783,1,14.225,-34.313,20.088,60.248,17.299,82.701,80.779,19.221,71.677
[SHELL] ccA:350,3825453571,581922,13.018,-36.277,0.000,-35.000,0.23515,6.15803,15.50,-5.279,-28.053,-5.279,-28.053,-5.019,-8.414,1.00000,74.342
[SHELL] ccB:350,18833,1,21.112,-38.482,17.370,32.366,18.343,81.657,60.248,17.299,82.701
[SHELL] ccA:351,3825673579,581923,5.360,-35.351,0.000,-35.000,6.03778,5.67743,15.58,-5.131,-28.071,-5.131,-28.071,-5.024,-8.414,1.00000,74.342
[SHELL] ccB:351,18837,1,-3.389,-29.131,32.520,17.880,35.161,82.120,32.366,18.343,81.657
[SHELL] ctrlcap v1 armed=0 count=512 clock_hz=550000000 decimation=1
[SHELL] ccA:index,cycles,seq,id,iq,idref,iqref,theta,actangle,age_us,vdreq,vqreq,vd,vq,intd,intq,scale,bus
[SHELL] ccB:index,timer,valid,ia,ib,ic,du,dv,dw,active_u,active_v,active_w
[SHELL] ccA:352,3825893583,581924,-10.371,-38.583,0.000,-35.000,5.56735,5.20701,15.58,-4.806,-28.003,-4.806,-28.003,-5.014,-8.410,1.00000,74.342
[SHELL] ccB:352,18839,1,-33.146,-2.745,35.891,17.554,61.330,82.446,17.880,35.161,82.120
[SHELL] ccA:353,3826113607,581925,-11.049,-34.936,0.000,-35.000,5.08842,4.72812,15.64,-4.782,-28.076,-4.782,-28.076,-5.002,-8.410,1.00000,74.342
[SHELL] ccB:353,18851,1,-36.552,16.065,20.487,19.075,80.925,70.815,17.554,61.330,82.446
[SHELL] ccA:354,3826333659,581926,8.173,-36.571,0.000,-35.000,4.61231,4.25069,15.64,-5.174,-28.120,-5.174,-28.120,-5.011,-8.409,1.00000,74.342
[SHELL] ccB:354,18877,1,-37.205,14.724,22.480,16.933,83.067,43.090,19.075,80.925,70.815
[SHELL] ccA:355,3826553751,581927,12.046,-30.187,0.000,-35.000,4.13636,3.77496,15.64,-5.264,-28.252,-5.264,-28.252,-5.023,-8.414,1.00000,74.342
[SHELL] ccB:355,18923,1,-31.877,21.430,10.447,24.822,80.157,19.843,16.933,83.067,43.090
[SHELL] ccA:356,3826773723,581928,-4.965,-35.525,0.000,-35.000,3.65872,3.29732,15.62,-4.918,-28.145,-4.918,-28.145,-5.018,-8.413,1.00000,73.902
[SHELL] ccB:356,18909,1,-13.248,35.492,-22.245,51.002,83.477,16.523,24.822,80.157,19.843
[SHELL] ccA:357,3826993691,581929,-14.432,-36.446,0.000,-35.000,3.18177,2.82028,15.61,-4.715,-28.125,-4.715,-28.125,-5.003,-8.412,1.00000,74.342
[SHELL] ccB:357,18893,1,12.957,25.561,-38.518,76.948,79.352,20.648,51.002,83.477,16.523
[SHELL] ccA:358,3827213755,581930,-3.265,-39.035,0.000,-35.000,2.70667,2.34530,15.61,-4.935,-28.069,-4.935,-28.069,-5.000,-8.408,1.00000,74.342
[SHELL] ccB:358,18925,1,19.408,19.762,-39.170,83.102,54.416,16.898,76.948,79.352,20.648
[SHELL] ccA:359,3827433759,581931,19.604,-38.069,0.000,-35.000,2.24071,1.87910,15.73,-5.412,-28.085,-5.412,-28.085,-5.020,-8.404,1.00000,74.342
[SHELL] ccB:359,18927,1,17.668,24.945,-42.614,80.615,27.226,19.385,83.102,54.416,16.898
[SHELL] ccA:360,3827653783,581932,8.759,-32.034,0.000,-35.000,1.75787,1.39630,15.78,-5.204,-28.209,-5.204,-28.209,-5.028,-8.407,1.00000,74.342
[SHELL] ccB:360,18939,1,29.846,-2.310,-27.536,82.953,17.047,40.397,80.615,27.226,19.385
[SHELL] ccA:361,3827873803,581933,-10.657,-32.778,0.000,-35.000,1.28443,0.92285,15.78,-4.805,-28.196,-4.805,-28.196,-5.018,-8.410,1.00000,74.342
[SHELL] ccB:361,18949,1,28.433,-31.088,2.655,81.899,18.101,66.675,82.953,17.047,40.397
[SHELL] ccA:362,3828093735,581934,-8.587,-33.690,0.000,-35.000,0.80583,0.44467,15.84,-4.837,-28.180,-4.837,-28.180,-5.009,-8.411,1.00000,74.342
[SHELL] ccB:362,18915,1,18.357,-34.748,16.391,65.647,17.941,82.059,81.899,18.101,66.675
[SHELL] ccA:363,3828313503,581935,16.088,-36.862,0.000,-35.000,0.32877,6.25005,15.46,-5.347,-28.114,-5.347,-28.114,-5.025,-8.409,1.00000,74.342
[SHELL] ccB:363,18799,1,27.128,-39.279,12.151,37.338,17.473,82.527,65.647,17.941,82.059
[SHELL] ccA:364,3828533699,581936,14.929,-30.306,0.000,-35.000,6.13448,5.77309,15.58,-5.339,-28.250,-5.339,-28.250,-5.040,-8.414,1.00000,74.342
[SHELL] ccB:364,18897,1,10.275,-33.009,22.734,18.543,30.091,81.457,37.338,17.473,82.527
[SHELL] ccA:365,3828753583,581937,-2.433,-37.420,0.000,-35.000,5.65191,5.29014,15.58,-4.989,-28.105,-4.989,-28.105,-5.038,-8.411,1.00000,74.342
[SHELL] ccB:365,18839,1,-24.048,-12.893,36.942,16.993,56.983,83.007,18.543,30.091,81.457
[SHELL] ccA:366,3828973639,581938,-8.671,-34.415,0.000,-35.000,5.17972,4.81807,15.64,-4.856,-28.166,-4.856,-28.166,-5.029,-8.412,1.00000,74.342
[SHELL] ccB:366,18867,1,-34.631,10.593,24.039,20.145,79.855,75.528,16.993,56.983,83.007
[SHELL] ccA:367,3829193719,581939,2.314,-35.224,0.000,-35.000,4.70135,4.33994,15.64,-5.078,-28.150,-5.078,-28.150,-5.031,-8.412,1.00000,74.342
[SHELL] ccB:367,18907,1,-35.248,15.957,19.291,16.691,83.309,48.424,20.145,79.855,75.528
[SHELL] ctrlcap v1 armed=0 count=512 clock_hz=550000000 decimation=1
[SHELL] ccA:index,cycles,seq,id,iq,idref,iqref,theta,actangle,age_us,vdreq,vqreq,vd,vq,intd,intq,scale,bus
[SHELL] ccB:index,timer,valid,ia,ib,ic,du,dv,dw,active_u,active_v,active_w
[SHELL] ccA:368,3829413743,581940,17.372,-32.490,0.000,-35.000,4.22250,3.86114,15.64,-5.396,-28.207,-5.396,-28.207,-5.049,-8.414,1.00000,74.342
[SHELL] ccB:368,18919,1,-36.842,18.385,18.457,20.912,79.088,21.375,16.691,83.309,48.424
[SHELL] ccA:369,3829633703,581941,-1.973,-33.306,0.000,-35.000,3.74994,3.38849,15.61,-5.007,-28.192,-5.007,-28.192,-5.047,-8.416,1.00000,74.342
[SHELL] ccB:369,18899,1,-17.416,33.354,-15.938,45.895,83.271,16.729,20.912,79.088,21.375
[SHELL] ccA:370,3829853667,581942,-12.732,-33.956,0.000,-35.000,3.26685,2.90546,15.59,-4.779,-28.180,-4.779,-28.180,-5.034,-8.417,1.00000,74.342
[SHELL] ccB:370,18881,1,8.390,26.359,-34.749,72.678,80.614,19.386,45.895,83.271,16.729
[SHELL] ccA:371,3830073595,581943,-8.278,-34.533,0.000,-35.000,2.78886,2.42718,15.59,-4.860,-28.169,-4.860,-28.169,-5.026,-8.417,1.00000,74.342
[SHELL] ccB:371,18845,1,19.698,15.739,-35.437,82.864,59.299,17.136,72.678,80.614,19.386
[SHELL] ccA:372,3830293659,581944,16.732,-40.306,0.000,-35.000,2.30938,1.94768,15.65,-5.377,-28.048,-5.377,-28.048,-5.043,-8.412,1.00000,74.342
[SHELL] ccB:372,18877,1,18.538,24.945,-43.483,81.407,30.994,18.593,82.864,59.299,17.136
[SHELL] ccA:373,3830513695,581945,7.624,-31.255,0.000,-35.000,1.83967,1.47803,15.70,-5.203,-28.233,-5.203,-28.233,-5.050,-8.416,1.00000,74.342
[SHELL] ccB:373,18895,1,28.107,-0.498,-27.609,82.415,17.585,35.747,81.407,30.994,18.593
[SHELL] ccA:374,3830733707,581946,-9.135,-34.973,0.000,-35.000,1.35259,0.99093,15.70,-4.858,-28.159,-4.858,-28.159,-5.041,-8.416,1.00000,74.342
[SHELL] ccB:374,18901,1,32.166,-30.363,-1.803,82.433,17.567,62.982,82.415,17.585,35.747
[SHELL] ccA:375,3830953511,581947,-11.796,-34.309,0.000,-35.000,0.87795,0.51636,15.76,-4.793,-28.173,-4.793,-28.173,-5.029,-8.417,1.00000,74.342
[SHELL] ccB:375,18803,1,18.864,-36.271,17.406,69.654,18.703,81.297,82.433,17.567,62.982
[SHELL] ccA:376,3831173443,581948,7.018,-37.782,0.000,-35.000,0.39347,0.03155,15.38,-5.177,-28.101,-5.177,-28.101,-5.036,-8.414,1.00000,74.342
[SHELL] ccB:376,18769,1,20.967,-38.373,17.406,41.349,17.091,82.909,69.654,18.703,81.297
[SHELL] ccA:377,3831393543,581949,10.627,-31.899,0.000,-35.000,6.19824,5.83653,15.52,-5.259,-28.221,-5.259,-28.221,-5.047,-8.417,1.00000,74.342
[SHELL] ccB:377,18819,1,7.883,-32.248,24.365,19.414,26.578,80.586,41.349,17.091,82.909
[SHELL] ccA:378,3831613607,581950,-11.593,-40.401,0.000,-35.000,5.71749,5.35600,15.52,-4.803,-28.046,-4.803,-28.046,-5.035,-8.412,1.00000,74.342
[SHELL] ccB:378,18851,1,-31.442,-8.435,39.877,16.894,52.847,83.106,19.414,26.578,80.586
[SHELL] ccA:379,3831833539,581951,-16.637,-38.556,0.000,-35.000,5.24514,4.88336,15.57,-4.686,-28.079,-4.686,-28.079,-5.019,-8.408,1.00000,73.902
[SHELL] ccB:379,18817,1,-41.663,16.283,25.380,21.016,78.609,78.984,16.894,52.847,83.106
[SHELL] ccA:380,3832053535,581952,-7.148,-35.315,0.000,-35.000,4.76580,4.40402,15.57,-4.869,-28.144,-4.869,-28.144,-5.011,-8.408,1.00000,74.342
[SHELL] ccB:380,18815,1,-35.646,22.372,13.274,16.760,83.240,52.531,21.016,78.609,78.984
[SHELL] ccA:381,3832273571,581953,10.413,-34.329,0.000,-35.000,4.28861,3.92683,15.57,-5.230,-28.164,-5.230,-28.164,-5.022,-8.408,1.00000,74.342
[SHELL] ccB:381,18833,1,-35.574,21.792,13.782,19.888,80.112,25.091,16.760,83.240,52.531
[SHELL] ccA:382,3832493615,581954,-2.814,-33.743,0.000,-35.000,3.81319,3.45159,15.55,-4.963,-28.177,-4.963,-28.177,-5.019,-8.410,1.00000,74.342
[SHELL] ccB:382,18855,1,-18.793,33.789,-14.996,42.193,83.023,16.977,19.888,80.112,25.091
[SHELL] ccA:383,3832713575,581955,-17.718,-36.674,0.000,-35.000,3.33572,2.97399,15.55,-4.647,-28.117,-4.647,-28.117,-5.001,-8.408,1.00000,74.342
[SHELL] ccB:383,18835,1,10.311,28.968,-39.279,68.709,81.392,18.608,42.193,83.023,16.977
[SHELL] ctrlcap v1 armed=0 count=512 clock_hz=550000000 decimation=1
[SHELL] ccA:index,cycles,seq,id,iq,idref,iqref,theta,actangle,age_us,vdreq,vqreq,vd,vq,intd,intq,scale,bus
[SHELL] ccB:index,timer,valid,ia,ib,ic,du,dv,dw,active_u,active_v,active_w
[SHELL] ccA:384,3832933543,581956,-14.863,-37.346,0.000,-35.000,2.85403,2.49224,15.55,-4.689,-28.101,-4.689,-28.101,-4.986,-8.406,1.00000,74.342
[SHELL] ccB:384,18819,1,24.845,14.942,-39.787,82.295,63.245,17.705,68.709,81.392,18.608
[SHELL] ccA:385,3833153619,581957,7.306,-39.578,0.000,-35.000,2.38020,2.01853,15.55,-5.140,-28.052,-5.140,-28.052,-4.994,-8.401,1.00000,74.342
[SHELL] ccB:385,18857,1,22.018,18.168,-40.185,82.130,35.369,17.870,82.295,63.245,17.705
[SHELL] ccA:386,3833373723,581958,7.508,-31.068,0.000,-35.000,1.89728,1.53589,15.71,-5.151,-28.226,-5.151,-28.226,-5.001,-8.405,1.00000,74.342
[SHELL] ccB:386,18909,1,27.019,1.278,-28.297,81.850,18.150,32.441,82.130,35.369,17.870
[SHELL] ccA:387,3833593615,581959,-13.329,-33.461,0.000,-35.000,1.43406,1.07235,15.63,-4.721,-28.180,-4.721,-28.180,-4.988,-8.406,1.00000,73.902
[SHELL] ccB:387,18855,1,31.332,-31.052,-0.281,83.151,16.849,58.141,81.850,18.150,32.441
[SHELL] ccA:388,3833813535,581960,-17.601,-33.700,0.000,-35.000,0.95603,0.59472,15.69,-4.618,-28.176,-4.618,-28.176,-4.970,-8.408,1.00000,74.342
[SHELL] ccB:388,18815,1,17.378,-37.974,20.596,74.134,19.798,80.202,83.151,16.849,58.141
[SHELL] ccA:389,3834033315,581961,4.778,-36.980,0.000,-35.000,0.47218,0.11014,15.31,-5.071,-28.109,-5.071,-28.109,-4.975,-8.406,1.00000,74.342
[SHELL] ccB:389,18705,1,21.075,-37.177,16.101,46.065,16.805,83.195,74.134,19.798,80.202
[SHELL] ccA:390,3834253459,581962,15.924,-31.348,0.000,-35.000,0.00015,5.92180,15.68,-5.310,-28.225,-5.310,-28.225,-4.991,-8.409,1.00000,74.342
[SHELL] ccB:390,18777,1,15.929,-35.111,19.182,20.637,22.225,79.363,46.065,16.805,83.195
[SHELL] ccA:391,3834473203,581963,-8.860,-38.149,0.000,-35.000,5.80849,5.44645,15.31,-4.805,-28.086,-4.805,-28.086,-4.982,-8.406,1.00000,74.342
[SHELL] ccB:391,18649,1,-25.317,-13.220,38.536,16.835,47.643,83.165,20.637,22.225,79.363
[SHELL] ccA:392,3834693207,581964,-13.543,-35.116,0.000,-35.000,5.33681,4.97478,15.31,-4.698,-28.146,-4.698,-28.146,-4.969,-8.406,1.00000,74.342
[SHELL] ccB:392,18651,1,-36.407,9.940,26.467,19.737,73.823,80.263,16.835,47.643,83.165
[SHELL] ccA:393,3834913239,581965,-4.053,-33.929,0.000,-35.000,4.85577,4.49380,15.31,-4.884,-28.171,-4.884,-28.171,-4.965,-8.407,1.00000,74.342
[SHELL] ccB:393,18667,1,-34.160,16.355,17.805,16.989,83.011,57.671,19.737,73.823,80.263
[SHELL] ccA:394,3835133251,581966,15.940,-32.983,0.000,-35.000,4.38187,4.02006,15.31,-5.299,-28.192,-5.299,-28.192,-4.981,-8.409,1.00000,74.342
[SHELL] ccB:394,18673,1,-36.371,14.398,21.973,18.662,81.338,29.907,16.989,83.011,57.671
[SHELL] ccA:395,3835353283,581967,8.491,-29.888,0.000,-35.000,3.90295,3.54120,15.28,-5.159,-28.259,-5.159,-28.259,-4.989,-8.414,1.00000,74.342
[SHELL] ccB:395,18689,1,-26.767,27.047,-0.281,37.406,82.664,17.336,18.662,81.338,29.907
[SHELL] ccA:396,3835573287,581968,-7.076,-32.965,0.000,-35.000,3.42568,3.06396,15.28,-4.840,-28.199,-4.840,-28.199,-4.982,-8.416,1.00000,74.342
[SHELL] ccB:396,18691,1,-2.447,30.346,-27.899,64.150,82.314,17.686,37.406,82.664,17.336
[SHELL] ccA:397,3835793535,581969,-9.966,-33.596,0.000,-35.000,2.95462,2.59279,15.28,-4.773,-28.188,-4.773,-28.188,-4.972,-8.418,1.00000,74.342
[SHELL] ccB:397,18815,1,16.037,18.965,-35.002,81.500,68.729,18.500,64.150,82.314,17.686
[SHELL] ccA:398,3836013967,581970,15.907,-37.028,0.000,-35.000,2.47151,2.11057,15.98,-5.306,-28.118,-5.306,-28.118,-4.988,-8.416,1.00000,74.342
[SHELL] ccB:398,19031,1,10.528,28.425,-38.953,82.851,40.213,17.149,81.500,68.729,18.500
[SHELL] ccA:399,3836233839,581971,23.573,-27.554,0.000,-35.000,1.99686,1.63534,15.84,-5.483,-28.314,-5.483,-28.314,-5.011,-8.423,1.00000,74.342
[SHELL] ccB:399,18967,1,15.349,20.777,-36.126,80.986,19.014,27.507,82.851,40.213,17.149
[SHELL] ctrlcap v1 armed=0 count=512 clock_hz=550000000 decimation=1
[SHELL] ccA:index,cycles,seq,id,iq,idref,iqref,theta,actangle,age_us,vdreq,vqreq,vd,vq,intd,intq,scale,bus
[SHELL] ccB:index,timer,valid,ia,ib,ic,du,dv,dw,active_u,active_v,active_w
[SHELL] ccA:400,3836454419,581972,-0.509,-29.299,0.000,-35.000,1.51743,1.15592,15.84,-5.001,-28.285,-5.001,-28.285,-5.011,-8.429,1.00000,74.342
[SHELL] ccB:400,19257,1,29.230,-16.409,-12.821,83.388,16.612,53.838,80.986,19.014,27.507
[SHELL] ccA:401,3836673635,581973,-11.380,-30.801,0.000,-35.000,1.03508,0.67356,15.84,-4.772,-28.259,-4.772,-28.259,-5.000,-8.433,1.00000,74.342
[SHELL] ccB:401,18865,1,20.677,-32.429,11.752,78.041,20.802,79.198,83.388,16.612,53.838
[SHELL] ccA:402,3836898471,581974,4.558,-33.662,0.000,-35.000,0.55251,0.18244,18.34,-5.095,-28.204,-5.095,-28.204,-5.004,-8.434,1.00000,74.342
[SHELL] ccB:402,21283,1,21.546,-33.516,11.970,50.215,16.613,83.387,78.041,20.802,79.198
[SHELL] ccA:403,3837113563,581975,19.220,-30.785,0.000,-35.000,0.08872,6.01011,15.56,-5.408,-28.265,-5.408,-28.265,-5.023,-8.439,1.00000,74.342
[SHELL] ccB:403,18829,1,21.873,-36.017,14.144,24.112,19.992,80.008,50.215,16.613,83.387
[SHELL] ccA:404,3837333571,581976,0.084,-36.353,0.000,-35.000,5.88960,5.52631,15.57,-5.025,-28.235,-5.025,-28.235,-5.023,-8.437,1.00000,74.342
[SHELL] ccB:404,18833,1,-13.864,-22.172,36.036,16.809,43.407,83.191,24.112,19.992,80.008
[SHELL] ccA:405,3837553607,581977,-5.647,-39.370,0.000,-35.000,5.41011,5.04689,15.63,-4.905,-28.170,-4.905,-28.170,-5.018,-8.433,1.00000,74.342
[SHELL] ccB:405,18851,1,-33.798,-1.259,35.057,18.843,70.404,81.157,16.809,43.407,83.191
[SHELL] ccA:406,3837773723,581978,0.305,-34.761,0.000,-35.000,4.93069,4.56749,15.94,-5.024,-28.263,-5.024,-28.263,-5.018,-8.433,1.00000,74.342
[SHELL] ccB:406,18909,1,-33.870,10.158,23.713,17.245,82.755,61.664,18.843,70.404,81.157
[SHELL] ccA:407,3837993695,581979,18.565,-35.618,0.000,-35.000,4.44343,4.08049,15.63,-5.408,-28.245,-5.408,-28.245,-5.037,-8.433,1.00000,74.782
[SHELL] ccB:407,18895,1,-39.271,12.332,26.938,18.159,81.841,33.092,17.245,82.755,61.664
[SHELL] ccA:408,3838213727,581980,13.335,-30.058,0.000,-35.000,3.97236,3.60940,15.68,-5.317,-28.361,-5.317,-28.361,-5.050,-8.438,1.00000,74.342
[SHELL] ccB:408,18911,1,-31.188,24.619,6.569,33.771,82.282,17.718,18.159,81.841,33.092
[SHELL] ccA:409,3838433691,581981,-5.678,-34.945,0.000,-35.000,3.48438,3.12135,15.60,-4.931,-28.263,-4.931,-28.263,-5.044,-8.438,1.00000,74.782
[SHELL] ccB:409,18893,1,-6.398,33.354,-26.956,61.036,82.609,17.391,33.771,82.282,17.718
[SHELL] ccA:410,3838653599,581982,-11.064,-35.552,0.000,-35.000,3.01412,2.65084,15.60,-4.812,-28.251,-4.812,-28.251,-5.033,-8.437,1.00000,74.782
[SHELL] ccB:410,18847,1,15.494,21.575,-37.068,80.724,71.734,19.276,61.036,82.609,17.391
[SHELL] ccA:411,3838873643,581983,8.093,-39.091,0.000,-35.000,2.53195,2.16870,15.60,-5.203,-28.176,-5.203,-28.176,-5.041,-8.433,1.00000,74.782
[SHELL] ccB:411,18869,1,15.747,23.894,-39.642,82.987,43.788,17.013,80.724,71.734,19.276
[SHELL] ccA:412,3839093735,581984,21.185,-31.746,0.000,-35.000,2.05244,1.68933,15.72,-5.486,-28.326,-5.486,-28.326,-5.063,-8.436,1.00000,74.342
[SHELL] ccB:412,18915,1,18.321,19.835,-38.156,80.253,19.747,24.635,82.987,43.788,17.013
[SHELL] ccA:413,3839313767,581985,-5.256,-30.274,0.000,-35.000,1.56539,1.20229,15.77,-4.952,-28.360,-4.952,-28.360,-5.057,-8.441,1.00000,74.342
[SHELL] ccB:413,18931,1,30.245,-19.816,-10.429,83.532,16.468,51.033,80.253,19.747,24.635
[SHELL] ccA:414,3839533571,581986,-14.131,-32.174,0.000,-35.000,1.08701,0.72394,15.77,-4.761,-28.325,-4.761,-28.325,-5.043,-8.444,1.00000,74.782
[SHELL] ccB:414,18833,1,21.909,-34.748,12.840,79.352,20.648,77.102,83.532,16.468,51.033
[SHELL] ccA:415,3839753403,581987,-5.579,-34.535,0.000,-35.000,0.61207,0.24862,15.39,-4.926,-28.278,-4.926,-28.278,-5.038,-8.444,1.00000,74.342
[SHELL] ccB:415,18749,1,15.276,-34.893,19.617,54.406,16.659,83.341,79.352,20.648,77.102
[SHELL] ctrlcap v1 armed=0 count=512 clock_hz=550000000 decimation=1
[SHELL] ccA:index,cycles,seq,id,iq,idref,iqref,theta,actangle,age_us,vdreq,vqreq,vd,vq,intd,intq,scale,bus
[SHELL] ccB:index,timer,valid,ia,ib,ic,du,dv,dw,active_u,active_v,active_w
[SHELL] ccA:416,3839973627,581988,13.951,-34.734,0.000,-35.000,0.13508,6.05523,15.50,-5.331,-28.274,-5.331,-28.274,-5.052,-8.444,1.00000,74.782
[SHELL] ccB:416,18861,1,18.502,-37.430,18.928,26.768,19.498,80.502,54.406,16.659,83.341
[SHELL] ccA:417,3840193695,581989,-0.013,-37.385,0.000,-35.000,5.94299,5.58009,15.58,-5.051,-28.219,-5.051,-28.219,-5.052,-8.442,1.00000,74.342
[SHELL] ccB:417,18895,1,-12.487,-24.274,36.760,17.069,40.386,82.931,26.768,19.498,80.502
[SHELL] ccA:418,3840413707,581990,-10.213,-38.181,0.000,-35.000,5.46501,5.10209,15.64,-4.837,-28.200,-4.837,-28.200,-5.041,-8.439,1.00000,74.342
[SHELL] ccB:418,18901,1,-34.849,1.278,33.571,18.196,67.268,81.804,17.069,40.386,82.931
[SHELL] ccA:419,3840633723,581991,-6.989,-34.972,0.000,-35.000,4.98070,4.61784,15.64,-4.895,-28.264,-4.895,-28.264,-5.034,-8.439,1.00000,73.902
[SHELL] ccB:419,18909,1,-35.574,15.594,19.980,17.495,82.505,64.831,18.196,67.268,81.804
[SHELL] ccA:420,3840853619,581992,12.327,-37.385,0.000,-35.000,4.50414,4.14094,15.64,-5.293,-28.213,-5.293,-28.213,-5.047,-8.437,1.00000,74.342
[SHELL] ccB:420,18857,1,-39.126,15.812,23.314,17.466,82.534,36.609,17.495,82.505,64.831
[SHELL] ccA:421,3841073647,581993,10.654,-32.973,0.000,-35.000,4.02455,3.66134,15.64,-5.270,-28.304,-5.270,-28.304,-5.057,-8.439,1.00000,74.342
[SHELL] ccB:421,18871,1,-32.239,27.120,5.120,30.866,81.667,18.333,17.466,82.534,36.609
[SHELL] ccA:422,3841293699,581994,-5.686,-37.782,0.000,-35.000,3.54558,3.18256,15.61,-4.938,-28.205,-4.938,-28.205,-5.052,-8.436,1.00000,74.342
[SHELL] ccB:422,18897,1,-9.623,36.833,-27.210,57.624,83.064,16.936,30.866,81.667,18.333
[SHELL] ccA:423,3841513631,581995,-13.354,-37.390,0.000,-35.000,3.07182,2.70859,15.61,-4.771,-28.210,-4.771,-28.210,-5.038,-8.433,1.00000,74.342
[SHELL] ccB:423,18863,1,15.929,23.532,-39.460,80.060,74.936,19.940,57.624,83.064,16.936
[SHELL] ccA:424,3841733683,581996,3.948,-38.891,0.000,-35.000,2.58904,2.22587,15.61,-5.121,-28.176,-5.121,-28.176,-5.042,-8.429,1.00000,74.342
[SHELL] ccB:424,18889,1,17.052,21.937,-38.989,83.322,47.209,16.678,80.060,74.936,19.940
[SHELL] ccA:425,3841953747,581997,21.709,-34.272,0.000,-35.000,2.12137,1.75823,15.73,-5.498,-28.269,-5.498,-28.269,-5.064,-8.430,1.00000,74.342
[SHELL] ccB:425,18921,1,17.850,22.626,-40.475,79.132,20.868,21.181,83.322,47.209,16.678
[SHELL] ccA:426,3842173859,581998,-0.404,-31.854,0.000,-35.000,1.64131,1.27850,15.78,-5.055,-28.321,-5.055,-28.321,-5.064,-8.433,1.00000,74.342
[SHELL] ccB:426,18977,1,31.803,-14.307,-17.497,83.463,16.537,46.829,79.132,20.868,21.181
[SHELL] ccA:427,3842393863,581999,-12.415,-31.610,0.000,-35.000,1.16103,0.79821,15.78,-4.803,-28.329,-4.803,-28.329,-5.051,-8.437,1.00000,74.342
[SHELL] ccB:427,18979,1,24.047,-32.791,8.744,80.605,19.395,73.477,83.463,16.537,46.829
[SHELL] ccA:428,3842613499,582000,-3.901,-32.688,0.000,-35.000,0.67748,0.31439,15.40,-4.969,-28.310,-4.969,-28.310,-5.047,-8.439,1.00000,74.342
[SHELL] ccB:428,18797,1,17.451,-32.900,15.449,58.129,16.848,83.152,80.605,19.395,73.477
[SHELL] ccA:429,3842833639,582001,18.431,-33.312,0.000,-35.000,0.20187,6.12206,15.51,-5.434,-28.299,-5.434,-28.299,-5.066,-8.441,1.00000,74.342
[SHELL] ccB:429,18867,1,24.736,-37.430,12.695,30.017,18.476,81.524,58.129,16.848,83.152
[SHELL] ccA:430,3843053571,582002,7.627,-31.966,0.000,-35.000,6.00536,5.64204,15.55,-5.226,-28.329,-5.226,-28.329,-5.073,-8.444,1.00000,74.342
[SHELL] ccB:430,18833,1,-1.432,-27.717,29.149,17.278,37.109,82.722,30.017,18.476,81.524
[SHELL] ccA:431,3843273599,582003,-8.373,-37.826,0.000,-35.000,5.52474,5.16150,15.58,-4.897,-28.209,-4.897,-28.209,-5.065,-8.441,1.00000,74.342
[SHELL] ccB:431,18847,1,-32.094,-2.745,34.840,17.654,64.090,82.346,17.278,37.109,82.722
[SHELL] ctrlcap v1 armed=0 count=512 clock_hz=550000000 decimation=1
[SHELL] ccA:index,cycles,seq,id,iq,idref,iqref,theta,actangle,age_us,vdreq,vqreq,vd,vq,intd,intq,scale,bus
[SHELL] ccB:index,timer,valid,ia,ib,ic,du,dv,dw,active_u,active_v,active_w
[SHELL] ccA:432,3843493619,582004,-8.672,-32.912,0.000,-35.000,5.04387,4.68066,15.64,-4.883,-28.309,-4.883,-28.309,-5.056,-8.443,1.00000,74.342
[SHELL] ccB:432,18857,1,-33.943,14.797,19.146,18.245,81.755,68.292,17.654,64.090,82.346
[SHELL] ccA:433,3843713599,582005,8.343,-35.195,0.000,-35.000,4.56304,4.19980,15.64,-5.231,-28.264,-5.231,-28.264,-5.065,-8.443,1.00000,74.342
[SHELL] ccB:433,18847,1,-36.045,15.413,20.632,17.010,82.990,40.073,18.245,81.755,68.292
[SHELL] ccA:434,3843933663,582006,11.832,-31.357,0.000,-35.000,4.09529,3.73211,15.64,-5.313,-28.344,-5.313,-28.344,-5.076,-8.447,1.00000,74.342
[SHELL] ccB:434,18879,1,-32.421,23.568,8.853,27.062,80.873,19.127,17.010,82.990,40.073
[SHELL] ccA:435,3844153599,582007,-1.953,-35.138,0.000,-35.000,3.61213,3.24896,15.61,-5.035,-28.268,-5.035,-28.268,-5.074,-8.446,1.00000,74.342
[SHELL] ccB:435,18847,1,-14.190,34.985,-20.795,53.989,83.369,16.631,27.062,80.873,19.127
[SHELL] ccA:436,3844373659,582008,-9.624,-33.556,0.000,-35.000,3.12758,2.76454,15.59,-4.872,-28.301,-4.872,-28.301,-5.065,-8.448,1.00000,74.342
[SHELL] ccB:436,18877,1,10.093,23.894,-33.988,79.364,77.762,20.636,53.989,83.369,16.631
[SHELL] ccA:437,3844593691,582009,2.398,-36.319,0.000,-35.000,2.64695,2.28403,15.59,-5.115,-28.245,-5.115,-28.245,-5.067,-8.446,1.00000,74.342
[SHELL] ccB:437,18893,1,15.131,21.103,-36.235,83.436,50.607,16.564,79.364,77.762,20.636
[SHELL] ccA:438,3844813763,582010,21.101,-33.002,0.000,-35.000,2.17110,1.80827,15.65,-5.510,-28.313,-5.510,-28.313,-5.088,-8.448,1.00000,74.342
[SHELL] ccB:438,18929,1,15.313,23.568,-38.880,79.830,23.210,20.170,83.436,50.607,16.564
[SHELL] ccA:439,3845033775,582011,0.457,-30.709,0.000,-35.000,1.69262,1.32980,15.70,-5.098,-28.363,-5.098,-28.363,-5.089,-8.453,1.00000,74.342
[SHELL] ccB:439,18935,1,30.426,-11.589,-18.838,83.386,16.614,43.919,79.830,23.210,20.170
[SHELL] ccA:440,3845253723,582012,-11.926,-32.293,0.000,-35.000,1.21002,0.84686,15.70,-4.838,-28.334,-4.838,-28.334,-5.077,-8.455,1.00000,74.342
[SHELL] ccB:440,18909,1,26.004,-32.538,6.533,81.225,18.775,70.944,83.386,16.614,43.919
[SHELL] ccA:441,3845473311,582013,-8.338,-33.610,0.000,-35.000,0.72822,0.36471,15.32,-4.902,-28.309,-4.902,-28.309,-5.069,-8.457,1.00000,73.902
[SHELL] ccB:441,18703,1,16.146,-34.603,18.457,61.200,16.959,83.041,81.225,18.775,70.944
[SHELL] ccA:442,3845693467,582014,14.914,-36.309,0.000,-35.000,0.24992,6.16970,15.43,-5.382,-28.254,-5.382,-28.254,-5.083,-8.456,1.00000,74.342
[SHELL] ccB:442,18781,1,23.431,-38.989,15.558,32.755,18.008,81.992,61.200,16.959,83.041
[SHELL] ccA:443,3845913515,582015,7.805,-34.108,0.000,-35.000,6.04734,5.68400,15.52,-5.247,-28.299,-5.247,-28.299,-5.091,-8.456,1.00000,73.902
[SHELL] ccB:443,18805,1,-0.381,-30.109,30.490,17.447,34.719,82.553,32.755,18.008,81.992
[SHELL] ccA:444,3846133547,582016,-9.970,-38.982,0.000,-35.000,5.55918,5.19597,15.52,-4.882,-28.197,-4.882,-28.197,-5.081,-8.452,1.00000,74.342
[SHELL] ccB:444,18821,1,-33.290,-2.926,36.217,17.406,62.118,82.594,17.447,34.719,82.553
[SHELL] ccA:445,3846353659,582017,-13.171,-36.821,0.000,-35.000,5.08480,4.72164,15.88,-4.805,-28.239,-4.805,-28.239,-5.068,-8.451,1.00000,74.342
[SHELL] ccB:445,18877,1,-39.089,18.566,20.523,18.821,81.179,70.594,17.406,62.118,82.594
[SHELL] ccA:446,3846573655,582018,1.142,-38.242,0.000,-35.000,4.60588,4.24294,15.57,-5.092,-28.207,-5.092,-28.207,-5.069,-8.447,1.00000,73.902
[SHELL] ccB:446,18875,1,-38.147,21.611,16.536,16.671,83.329,42.779,18.821,81.179,70.594
[SHELL] ccA:447,3846793555,582019,10.344,-33.860,0.000,-35.000,4.12393,3.76063,15.57,-5.286,-28.296,-5.286,-28.296,-5.080,-8.449,1.00000,74.342
[SHELL] ccB:447,18825,1,-33.907,25.779,8.128,25.559,80.419,19.581,16.671,83.329,42.779
[SHELL] ctrlcap v1 armed=0 count=512 clock_hz=550000000 decimation=1
[SHELL] ccA:index,cycles,seq,id,iq,idref,iqref,theta,actangle,age_us,vdreq,vqreq,vd,vq,intd,intq,scale,bus
[SHELL] ccB:index,timer,valid,ia,ib,ic,du,dv,dw,active_u,active_v,active_w
[SHELL] ccA:448,3847013547,582020,-8.043,-36.495,0.000,-35.000,3.64920,3.28589,15.55,-4.911,-28.242,-4.911,-28.242,-5.072,-8.447,1.00000,74.342
[SHELL] ccB:448,18821,1,-10.711,36.362,-25.651,51.611,83.380,16.620,25.559,80.419,19.581
[SHELL] ccA:449,3847233627,582021,-17.169,-35.619,0.000,-35.000,3.16509,2.80202,15.55,-4.711,-28.259,-4.711,-28.259,-5.054,-8.446,1.00000,74.342
[SHELL] ccB:449,18861,1,16.327,23.024,-39.352,77.954,79.211,20.789,51.611,83.380,16.620
[SHELL] ccA:450,3847453591,582022,-7.914,-35.795,0.000,-35.000,2.68995,2.32666,15.55,-4.888,-28.254,-4.888,-28.254,-5.046,-8.446,1.00000,74.342
[SHELL] ccB:450,18843,1,22.742,13.528,-36.271,83.341,53.524,16.659,77.954,79.211,20.789
[SHELL] ccA:451,3847673663,582023,14.764,-34.910,0.000,-35.000,2.20839,1.84518,15.66,-5.356,-28.272,-5.356,-28.272,-5.061,-8.446,1.00000,74.342
[SHELL] ccB:451,18879,1,19.263,18.639,-37.902,80.378,25.456,19.622,83.341,53.524,16.659
[SHELL] ccA:452,3847893659,582024,-1.949,-29.179,0.000,-35.000,1.72922,1.36608,15.71,-5.020,-28.393,-5.020,-28.393,-5.059,-8.452,1.00000,73.902
[SHELL] ccB:452,18877,1,29.121,-12.241,-16.880,83.439,16.561,41.609,80.378,25.456,19.622
[SHELL] ccA:453,3848113639,582025,-17.932,-32.466,0.000,-35.000,1.24789,0.88465,15.63,-4.683,-28.329,-4.683,-28.329,-5.041,-8.454,1.00000,74.342
[SHELL] ccB:453,18867,1,25.098,-36.198,11.100,81.684,18.316,68.574,83.439,16.561,41.609
[SHELL] ccA:454,3848333399,582026,-14.700,-34.500,0.000,-35.000,0.76794,0.40316,15.60,-4.733,-28.372,-4.733,-28.372,-5.027,-8.455,1.00000,73.902
[SHELL] ccB:454,18747,1,13.392,-37.032,23.640,63.757,17.242,82.758,81.684,18.316,68.574
[SHELL] ccA:455,3848553335,582027,8.551,-38.189,0.000,-35.000,0.29864,6.21715,15.31,-5.206,-28.295,-5.206,-28.295,-5.035,-8.451,1.00000,74.342
[SHELL] ccB:455,18715,1,19.408,-39.134,19.726,35.751,17.510,82.490,63.757,17.242,82.758
[SHELL] ccA:456,3848773315,582028,7.164,-34.169,0.000,-35.000,6.09882,5.73410,15.31,-5.186,-28.376,-5.186,-28.376,-5.042,-8.452,1.00000,73.902
[SHELL] ccB:456,18705,1,0.779,-30.617,29.838,17.884,31.729,82.116,35.751,17.510,82.490
[SHELL] ccA:457,3848993323,582029,-7.554,-42.207,0.000,-35.000,5.62838,5.26351,15.62,-4.884,-28.208,-4.884,-28.208,-5.035,-8.445,1.00000,73.902
[SHELL] ccB:457,18709,1,-31.696,-9.160,40.856,16.799,58.333,83.201,17.884,31.729,82.116
[SHELL] ccA:458,3849213207,582030,-7.220,-37.948,0.000,-35.000,5.14720,4.78214,15.31,-4.883,-28.291,-4.883,-28.291,-5.028,-8.442,1.00000,73.902
[SHELL] ccB:458,18651,1,-37.459,10.556,26.902,19.314,80.686,73.889,16.799,58.333,83.201
[SHELL] ccA:459,3849433227,582031,11.466,-37.247,0.000,-35.000,4.66498,4.29993,15.31,-5.268,-28.302,-5.268,-28.302,-5.039,-8.440,1.00000,73.902
[SHELL] ccB:459,18661,1,-37.748,10.484,27.265,16.353,83.647,45.744,19.314,80.686,73.889
[SHELL] ccA:460,3849653175,582032,20.027,-31.357,0.000,-35.000,4.18958,3.82450,15.31,-5.460,-28.424,-5.460,-28.424,-5.059,-8.443,1.00000,73.902
[SHELL] ccB:460,18635,1,-37.169,17.117,20.052,22.189,79.876,20.124,16.353,83.647,45.744
[SHELL] ccA:461,3849873191,582033,1.108,-33.422,0.000,-35.000,3.70392,3.33882,15.28,-5.082,-28.384,-5.082,-28.384,-5.060,-8.445,1.00000,73.902
[SHELL] ccB:461,18643,1,-18.757,33.354,-14.597,48.827,83.784,16.216,22.189,79.876,20.124
[SHELL] ccA:462,3850093215,582034,-12.088,-34.067,0.000,-35.000,3.23076,2.86573,15.28,-4.806,-28.372,-4.806,-28.372,-5.048,-8.446,1.00000,73.902
[SHELL] ccB:462,18655,1,9.006,25.815,-34.821,75.072,80.457,19.543,48.827,83.784,16.216
[SHELL] ccA:463,3850313419,582035,-5.083,-36.096,0.000,-35.000,2.75718,2.39190,15.21,-4.941,-28.330,-4.941,-28.330,-5.043,-8.445,1.00000,73.902
[SHELL] ccB:463,18757,1,18.248,18.204,-36.452,83.438,57.267,16.562,75.072,80.457,19.543
[SHELL] ctrlcap v1 armed=0 count=512 clock_hz=550000000 decimation=1
[SHELL] ccA:index,cycles,seq,id,iq,idref,iqref,theta,actangle,age_us,vdreq,vqreq,vd,vq,intd,intq,scale,bus
[SHELL] ccB:index,timer,valid,ia,ib,ic,du,dv,dw,active_u,active_v,active_w
[SHELL] ccA:464,3850533839,582036,24.745,-35.728,0.000,-35.000,2.27567,1.91114,15.79,-5.563,-28.337,-5.563,-28.337,-5.068,-8.444,1.00000,73.902
[SHELL] ccB:464,18967,1,11.181,30.780,-41.961,81.463,28.417,18.537,83.438,57.267,16.562
[SHELL] ccA:465,3850753847,582037,15.286,-27.880,0.000,-35.000,1.78936,1.42487,15.84,-5.389,-28.501,-5.389,-28.501,-5.083,-8.451,1.00000,73.902
[SHELL] ccB:465,18971,1,23.902,6.207,-30.109,83.374,16.626,38.835,81.463,28.417,18.537
[SHELL] ccA:466,3850973943,582038,-9.879,-31.188,0.000,-35.000,1.31490,0.95062,15.84,-4.876,-28.439,-4.876,-28.439,-5.073,-8.455,1.00000,73.902
[SHELL] ccB:466,19019,1,27.672,-28.949,1.278,82.620,17.380,65.416,83.374,16.626,38.835
[SHELL] ccA:467,3851193703,582039,-8.315,-33.277,0.000,-35.000,0.82721,0.46286,15.90,-4.899,-28.399,-4.899,-28.399,-5.065,-8.457,1.00000,73.902
[SHELL] ccB:467,18899,1,18.864,-34.241,15.377,66.841,17.659,82.341,82.620,17.380,65.416
[SHELL] ccA:468,3851413495,582040,17.958,-36.873,0.000,-35.000,0.34645,6.26469,15.45,-5.442,-28.325,-5.442,-28.325,-5.083,-8.455,1.00000,73.902
[SHELL] ccB:468,18795,1,29.411,-39.460,10.049,37.893,16.931,83.069,66.841,17.659,82.341
[SHELL] ccA:469,3851633571,582041,15.763,-31.236,0.000,-35.000,6.16523,5.80043,15.57,-5.414,-28.442,-5.414,-28.442,-5.099,-8.459,1.00000,73.902
[SHELL] ccB:469,18833,1,11.978,-34.458,22.480,18.447,28.403,81.553,37.893,16.931,83.069
[SHELL] ccA:470,3851853575,582042,0.201,-41.143,0.000,-35.000,5.67130,5.30651,15.57,-5.103,-28.237,-5.103,-28.237,-5.099,-8.453,1.00000,73.902
[SHELL] ccB:470,18835,1,-23.468,-17.533,41.001,16.571,56.293,83.429,18.447,28.403,81.553
[SHELL] ccA:471,3852073603,582043,-3.882,-37.563,0.000,-35.000,5.19036,4.82561,15.63,-5.017,-28.306,-5.017,-28.306,-5.095,-8.450,1.00000,73.902
[SHELL] ccB:471,18849,1,-35.139,5.591,29.548,19.835,80.165,75.977,16.571,56.293,83.429
[SHELL] ccA:472,3852293591,582044,8.113,-34.410,0.000,-35.000,4.71194,4.34718,15.63,-5.265,-28.370,-5.265,-28.370,-5.103,-8.451,1.00000,73.902
[SHELL] ccB:472,18843,1,-34.414,10.194,24.220,16.197,83.803,48.529,19.835,80.165,75.977
[SHELL] ccA:473,3852513655,582045,20.443,-31.242,0.000,-35.000,4.22783,3.86314,15.63,-5.532,-28.437,-5.532,-28.437,-5.123,-8.454,1.00000,73.902
[SHELL] ccB:473,18875,1,-37.169,15.522,21.647,20.501,79.499,20.895,16.197,83.803,48.529
[SHELL] ccA:474,3852733735,582046,3.766,-32.531,0.000,-35.000,3.74594,3.38150,15.60,-5.203,-28.414,-5.203,-28.414,-5.127,-8.457,1.00000,73.902
[SHELL] ccB:474,18915,1,-21.584,32.121,-10.538,46.554,83.792,16.208,20.501,79.499,20.895
[SHELL] ccA:475,3852953711,582047,-11.649,-32.507,0.000,-35.000,3.26723,2.90281,15.61,-4.883,-28.417,-4.883,-28.417,-5.116,-8.459,1.00000,73.902
[SHELL] ccB:475,18903,1,7.484,25.453,-32.936,73.271,81.002,18.998,46.554,83.792,16.208
[SHELL] ccA:476,3853173719,582048,-7.704,-36.956,0.000,-35.000,2.78346,2.41897,15.60,-4.954,-28.326,-4.954,-28.326,-5.108,-8.457,1.00000,73.902
[SHELL] ccB:476,18907,1,20.169,17.551,-37.721,83.312,58.805,16.688,73.271,81.002,18.998
[SHELL] ccA:477,3853393827,582049,20.547,-38.542,0.000,-35.000,2.29804,1.93373,15.72,-5.539,-28.290,-5.539,-28.290,-5.128,-8.454,1.00000,73.902
[SHELL] ccB:477,18961,1,15.131,27.917,-43.048,81.687,29.716,18.313,83.312,58.805,16.688
[SHELL] ccA:478,3853613759,582050,10.260,-31.564,0.000,-35.000,1.81317,1.44857,15.77,-5.344,-28.433,-5.344,-28.433,-5.139,-8.457,1.00000,73.902
[SHELL] ccB:478,18927,1,28.179,1.097,-29.276,83.118,16.882,37.438,81.687,29.716,18.313
[SHELL] ccA:479,3853833787,582051,-12.498,-33.825,0.000,-35.000,1.34153,0.97693,15.77,-4.876,-28.389,-4.876,-28.389,-5.126,-8.458,1.00000,73.902
[SHELL] ccB:479,18941,1,30.100,-32.248,2.148,82.785,17.215,63.919,83.118,16.882,37.438
[SHELL] ctrlcap v1 armed=0 count=512 clock_hz=550000000 decimation=1
[SHELL] ccA:index,cycles,seq,id,iq,idref,iqref,theta,actangle,age_us,vdreq,vqreq,vd,vq,intd,intq,scale,bus
[SHELL] ccB:index,timer,valid,ia,ib,ic,du,dv,dw,active_u,active_v,active_w
[SHELL] ccA:480,3854053627,582052,-13.744,-34.934,0.000,-35.000,0.85395,0.48941,15.83,-4.838,-28.367,-4.838,-28.367,-5.112,-8.458,1.00000,73.902
[SHELL] ccB:480,18861,1,17.306,-37.503,20.197,68.401,17.995,82.005,82.785,17.215,63.919
[SHELL] ccA:481,3854273575,582053,9.895,-39.198,0.000,-35.000,0.37755,0.01265,15.45,-5.320,-28.278,-5.320,-28.278,-5.122,-8.454,1.00000,73.902
[SHELL] ccB:481,18835,1,23.649,-40.221,16.573,39.928,16.786,83.214,68.401,17.995,82.005
[SHELL] ccA:482,3854493575,582054,13.861,-31.967,0.000,-35.000,6.17555,5.81074,15.58,-5.413,-28.426,-5.413,-28.426,-5.136,-8.457,1.00000,73.902
[SHELL] ccB:482,18835,1,10.347,-33.987,23.640,18.593,27.857,81.407,39.928,16.786,83.214
[SHELL] ccA:483,3854713631,582055,-6.589,-41.501,0.000,-35.000,5.69624,5.33155,15.58,-4.998,-28.228,-4.998,-28.228,-5.130,-8.451,1.00000,73.902
[SHELL] ccB:483,18863,1,-28.470,-12.531,41.001,16.513,54.631,83.487,18.593,27.857,81.407
[SHELL] ccA:484,3854933743,582056,-12.445,-36.739,0.000,-35.000,5.22127,4.85674,15.95,-4.868,-28.322,-4.868,-28.322,-5.117,-8.449,1.00000,73.902
[SHELL] ccB:484,18919,1,-38.147,12.985,25.162,20.410,79.590,77.848,16.513,54.631,83.487
[SHELL] ccA:485,3855153727,582057,-0.359,-34.378,0.000,-35.000,4.73379,4.36940,15.64,-5.110,-28.370,-5.110,-28.370,-5.117,-8.450,1.00000,73.902
[SHELL] ccB:485,18911,1,-34.378,16.863,17.515,16.220,83.780,50.141,20.410,79.590,77.848
[SHELL] ccA:486,3855373635,582058,15.915,-31.979,0.000,-35.000,4.25940,3.89467,15.64,-5.451,-28.421,-5.451,-28.421,-5.133,-8.453,1.00000,73.462
[SHELL] ccB:486,18865,1,-35.719,17.588,18.131,19.797,80.203,22.525,16.220,83.780,50.141
[SHELL] ccA:487,3855593631,582059,-1.407,-33.738,0.000,-35.000,3.77868,3.41394,15.61,-5.103,-28.387,-5.103,-28.387,-5.131,-8.454,1.00000,73.902
[SHELL] ccB:487,18863,1,-18.938,33.680,-14.742,44.477,83.648,16.352,19.797,80.203,22.525
[SHELL] ccA:488,3855813623,582060,-14.001,-37.340,0.000,-35.000,3.29579,2.93104,15.61,-4.837,-28.312,-4.837,-28.312,-5.117,-8.452,1.00000,73.902
[SHELL] ccB:488,18859,1,8.100,29.766,-37.866,71.612,81.261,18.739,44.477,83.648,16.352
[SHELL] ccA:489,3856033691,582061,-9.424,-37.871,0.000,-35.000,2.81833,2.45378,15.61,-4.919,-28.299,-4.919,-28.299,-5.108,-8.449,1.00000,73.902
[SHELL] ccB:489,18893,1,20.967,18.023,-38.989,83.071,60.854,16.929,71.612,81.261,18.739
[SHELL] ccA:490,3856253771,582062,16.921,-40.805,0.000,-35.000,2.33253,1.96794,15.73,-5.463,-28.234,-5.463,-28.234,-5.125,-8.443,1.00000,73.902
[SHELL] ccB:490,18933,1,17.850,26.069,-43.918,82.015,31.772,17.985,83.071,60.854,16.929
[SHELL] ccA:491,3856473759,582063,11.677,-30.524,0.000,-35.000,1.85607,1.49146,15.78,-5.370,-28.444,-5.370,-28.444,-5.136,-8.447,1.00000,73.902
[SHELL] ccB:491,18927,1,26.004,4.141,-30.146,82.802,17.198,35.028,82.015,31.772,17.985
[SHELL] ccA:492,3856693847,582064,-12.267,-32.794,0.000,-35.000,1.37071,1.00635,15.78,-4.879,-28.401,-4.879,-28.401,-5.124,-8.450,1.00000,73.902
[SHELL] ccB:492,18971,1,29.701,-30.907,1.205,83.021,16.979,62.248,82.802,17.198,35.028
[SHELL] ccA:493,3856913695,582065,-13.061,-34.034,0.000,-35.000,0.89993,0.53572,15.84,-4.850,-28.377,-4.850,-28.377,-5.111,-8.451,1.00000,73.902
[SHELL] ccB:493,18895,1,18.538,-36.452,17.914,70.937,18.503,81.497,83.021,16.979,62.248
[SHELL] ccA:494,3857133503,582066,11.970,-36.552,0.000,-35.000,0.41327,0.04834,15.46,-5.363,-28.326,-5.363,-28.326,-5.123,-8.449,1.00000,73.902
[SHELL] ccB:494,18799,1,25.642,-37.648,12.006,41.906,16.542,83.458,70.937,18.503,81.497
[SHELL] ccA:495,3857353587,582067,20.768,-28.524,0.000,-35.000,6.21674,5.85196,15.58,-5.559,-28.493,-5.559,-28.493,-5.144,-8.456,1.00000,73.902
[SHELL] ccB:495,18841,1,18.828,-35.256,16.428,18.983,25.797,81.017,41.906,16.542,83.458
[SHELL] ctrlcap v1 armed=0 count=512 clock_hz=550000000 decimation=1
[SHELL] ccA:index,cycles,seq,id,iq,idref,iqref,theta,actangle,age_us,vdreq,vqreq,vd,vq,intd,intq,scale,bus
[SHELL] ccB:index,timer,valid,ia,ib,ic,du,dv,dw,active_u,active_v,active_w
[SHELL] ccA:496,3857573583,582068,-2.692,-36.372,0.000,-35.000,5.73359,5.36879,15.58,-5.087,-28.334,-5.087,-28.334,-5.141,-8.454,1.00000,73.902
[SHELL] ccB:496,18839,1,-21.294,-14.996,36.289,16.299,52.620,83.701,18.983,25.797,81.017
[SHELL] ccA:497,3857793643,582069,-10.553,-33.783,0.000,-35.000,5.25087,4.88626,15.64,-4.920,-28.387,-4.920,-28.387,-5.131,-8.455,1.00000,73.902
[SHELL] ccB:497,18869,1,-34.414,10.049,24.365,20.723,79.123,79.277,16.299,52.620,83.701
[SHELL] ccA:498,3858013619,582070,-0.712,-32.184,0.000,-35.000,4.77416,4.40943,15.64,-5.116,-28.422,-5.116,-28.422,-5.130,-8.458,1.00000,73.902
[SHELL] ccB:498,18857,1,-32.167,14.978,17.189,16.189,83.811,52.494,20.723,79.123,79.277
[SHELL] ccA:499,3858233651,582071,16.991,-33.080,0.000,-35.000,4.29306,3.92832,15.64,-5.487,-28.406,-5.487,-28.406,-5.147,-8.460,1.00000,73.902
[SHELL] ccB:499,18873,1,-37.132,16.790,20.342,19.491,80.509,24.391,16.189,83.811,52.494
[SHELL] ccA:500,3858453635,582072,3.943,-32.946,0.000,-35.000,3.80810,3.44339,15.61,-5.230,-28.411,-5.230,-28.411,-5.151,-8.462,1.00000,73.902
[SHELL] ccB:500,18865,1,-23.468,32.049,-8.581,42.995,83.610,16.390,19.491,80.509,24.391
[SHELL] ccA:501,3858673603,582073,-11.647,-34.860,0.000,-35.000,3.32306,2.95840,15.59,-4.906,-28.373,-4.906,-28.373,-5.139,-8.462,1.00000,73.902
[SHELL] ccB:501,18849,1,5.164,28.932,-34.096,70.283,81.645,18.355,42.995,83.610,16.390
[SHELL] ccA:502,3858893659,582074,-10.081,-37.442,0.000,-35.000,2.83553,2.47104,15.59,-4.928,-28.319,-4.928,-28.319,-5.129,-8.460,1.00000,73.902
[SHELL] ccB:502,18877,1,20.894,17.841,-38.735,82.983,61.840,17.017,70.283,81.645,18.355
[SHELL] ccA:503,3859113687,582075,13.452,-40.524,0.000,-35.000,2.36064,1.99608,15.59,-5.412,-28.251,-5.412,-28.251,-5.143,-8.454,1.00000,74.342
[SHELL] ccB:503,18891,1,18.973,23.640,-42.614,82.133,33.538,17.867,82.983,61.840,17.017
[SHELL] ccA:504,3859333767,582076,9.260,-32.343,0.000,-35.000,1.88160,1.51576,15.70,-5.337,-28.500,-5.337,-28.500,-5.152,-8.457,1.00000,73.902
[SHELL] ccB:504,18931,1,27.962,2.220,-30.182,82.623,17.377,33.541,82.133,33.538,17.867
[SHELL] ccA:505,3859553779,582077,-10.867,-35.552,0.000,-35.000,1.39529,1.02945,15.70,-4.924,-28.435,-4.924,-28.435,-5.141,-8.456,1.00000,73.902
[SHELL] ccB:505,18937,1,33.108,-31.197,-1.912,83.214,16.786,61.016,82.623,17.377,33.541
[SHELL] ccA:506,3859773527,582078,-12.756,-35.224,0.000,-35.000,0.91253,0.54640,15.76,-4.873,-28.442,-4.873,-28.442,-5.128,-8.456,1.00000,74.342
[SHELL] ccB:506,18811,1,20.060,-37.430,17.370,71.418,18.742,81.258,83.214,16.786,61.016
[SHELL] ccA:507,3859993427,582079,8.935,-37.406,0.000,-35.000,0.42899,0.06249,15.38,-5.316,-28.396,-5.316,-28.396,-5.137,-8.454,1.00000,74.342
[SHELL] ccB:507,18761,1,23.685,-38.083,14.398,42.873,16.599,83.401,71.418,18.742,81.258
[SHELL] ccA:508,3860213511,582080,12.853,-32.171,0.000,-35.000,6.23172,5.86535,15.52,-5.407,-28.503,-5.407,-28.503,-5.150,-8.457,1.00000,74.342
[SHELL] ccB:508,18803,1,11.181,-33.987,22.807,19.450,24.967,80.550,42.873,16.599,83.401
[SHELL] ccA:509,3860433603,582081,-10.355,-39.505,0.000,-35.000,5.74688,5.38071,15.52,-4.933,-28.352,-4.933,-28.352,-5.140,-8.452,1.00000,74.342
[SHELL] ccB:509,18849,1,-29.086,-10.284,39.370,16.489,51.598,83.511,19.450,24.967,80.550
[SHELL] ccA:510,3860653543,582082,-16.679,-37.329,0.000,-35.000,5.26295,4.89664,15.57,-4.789,-28.393,-4.789,-28.393,-5.123,-8.450,1.00000,74.342
[SHELL] ccB:510,18819,1,-40.539,15.667,24.872,20.668,78.183,79.332,16.489,51.598,83.511
[SHELL] ccA:511,3860873607,582083,-6.684,-34.164,0.000,-35.000,4.77660,4.41052,15.57,-4.983,-28.457,-4.983,-28.457,-5.116,-8.451,1.00000,73.902
[SHELL] ccB:511,18851,1,-34.523,21.140,13.383,16.185,83.815,52.837,20.668,78.183,79.332
