signal,time_s,value
"Mech_RPM",66999.3,-545.549
"Mech_RPM",66999.3,-545.549
"Mech_RPM",66999.3,-544.065
"Mech_RPM",66999.3,-544.065
"Mech_RPM",66999.3,-541.945
"Mech_RPM",66999.3,-541.945
"Mech_RPM",66999.4,-540.241
"Mech_RPM",66999.4,-540.241
"Mech_RPM",66999.4,-538.593
"Mech_RPM",66999.4,-538.593
"Mech_RPM",66999.4,-536.737
"Mech_RPM",66999.4,-534.971
"Mech_RPM",66999.4,-534.971
"Mech_RPM",66999.4,-534.971
"Mech_RPM",66999.4,-533.366
"Mech_RPM",66999.4,-533.366
"Mech_RPM",66999.5,-531.49
"Mech_RPM",66999.5,-531.49
"Mech_RPM",66999.5,-529.683
"Mech_RPM",66999.5,-529.683
"Mech_RPM",66999.5,-527.964
"Mech_RPM",66999.5,-527.964
"Mech_RPM",66999.5,-526.509
"Mech_RPM",66999.5,-526.509
"Mech_RPM",66999.5,-524.344
"Mech_RPM",66999.5,-524.344
"Mech_RPM",66999.6,-522.638
"Mech_RPM",66999.6,-522.638
"Mech_RPM",66999.6,-520.935
"Mech_RPM",66999.6,-520.935
"Mech_RPM",66999.6,-519.069
"Mech_RPM",66999.6,-519.069
"Mech_RPM",66999.6,-517.208
"Mech_RPM",66999.6,-517.208
"Mech_RPM",66999.6,-515.499
"Mech_RPM",66999.6,-515.499
"Mech_RPM",66999.7,-513.794
"Mech_RPM",66999.7,-513.794
"Mech_RPM",66999.7,-512.153
"Mech_RPM",66999.7,-512.153
"Mech_RPM",66999.7,-510.296
"Mech_RPM",66999.7,-510.296
"Mech_RPM",66999.7,-508.569
"Mech_RPM",66999.7,-508.569
"Mech_RPM",66999.7,-506.762
"Mech_RPM",66999.8,-506.762
"Mech_RPM",66999.8,-504.939
"Mech_RPM",66999.8,-504.939
"Mech_RPM",66999.8,-503.226
"Mech_RPM",66999.8,-503.226
"Mech_RPM",66999.8,-501.359
"Mech_RPM",66999.8,-501.359
"Mech_RPM",66999.8,-499.676
"Mech_RPM",66999.8,-499.676
"Mech_RPM",66999.8,-497.974
"Mech_RPM",66999.8,-497.974
"Mech_RPM",66999.9,-496.16
"Mech_RPM",66999.9,-496.16
"Mech_RPM",66999.9,-494.331
"Mech_RPM",66999.9,-494.331
"Mech_RPM",66999.9,-492.621
"Mech_RPM",66999.9,-492.621
"Mech_RPM",66999.9,-490.727
"Mech_RPM",66999.9,-490.727
"Mech_RPM",66999.9,-489.121
"Mech_RPM",66999.9,-489.121
"Mech_RPM",67000,-487.297
"Mech_RPM",67000,-487.297
"Mech_RPM",67000,-485.551
"Mech_RPM",67000,-485.551
"Mech_RPM",67000,-483.673
"Mech_RPM",67000,-483.673
"Mech_RPM",67000,-481.854
"Mech_RPM",67000,-481.854
"Mech_RPM",67000,-480.071
"Mech_RPM",67000,-480.071
"Mech_RPM",67000.1,-478.418
"Mech_RPM",67000.1,-478.418
"Mech_RPM",67000.1,-476.797
"Mech_RPM",67000.1,-476.797
"Mech_RPM",67000.1,-474.959
"Mech_RPM",67000.1,-474.959
"Mech_RPM",67000.1,-473.064
"Mech_RPM",67000.1,-473.064
"Mech_RPM",67000.1,-471.415
"Mech_RPM",67000.1,-471.415
"Mech_RPM",67000.2,-469.56
"Mech_RPM",67000.2,-469.56
"Mech_RPM",67000.2,-467.773
"Mech_RPM",67000.2,-467.773
"Mech_RPM",67000.2,-466.042
"Mech_RPM",67000.2,-466.042
"Mech_RPM",67000.2,-464.367
"Mech_RPM",67000.2,-464.367
"Mech_RPM",67000.2,-462.601
"Mech_RPM",67000.2,-462.601
"Mech_RPM",67000.3,-460.734
"Mech_RPM",67000.3,-460.734
"Mech_RPM",67000.3,-459.04
"Mech_RPM",67000.3,-459.04
"Mech_RPM",67000.3,-457.401
"Mech_RPM",67000.3,-457.401
"Mech_RPM",67000.3,-455.587
"Mech_RPM",67000.3,-455.587
"Mech_RPM",67000.3,-453.746
"Mech_RPM",67000.4,-453.746
"Mech_RPM",67000.4,-452.035
"Mech_RPM",67000.4,-452.035
"Mech_RPM",67000.4,-450.328
"Mech_RPM",67000.4,-450.328
"Mech_RPM",67000.4,-448.749
"Mech_RPM",67000.4,-448.749
"Mech_RPM",67000.4,-447.034
"Mech_RPM",67000.4,-447.034
"Mech_RPM",67000.4,-445.239
"Mech_RPM",67000.4,-445.239
"Mech_RPM",67000.5,-443.543
"Mech_RPM",67000.5,-443.543
"Mech_RPM",67000.5,-441.766
"Mech_RPM",67000.5,-441.766
"Mech_RPM",67000.5,-439.982
"Mech_RPM",67000.5,-439.982
"Mech_RPM",67000.5,-438.11
"Mech_RPM",67000.5,-438.11
"Mech_RPM",67000.5,-436.41
"Mech_RPM",67000.5,-436.41
"Mech_RPM",67000.6,-434.786
"Mech_RPM",67000.6,-434.786
"Mech_RPM",67000.6,-432.934
"Mech_RPM",67000.6,-432.934
"Mech_RPM",67000.6,-431.213
"Mech_RPM",67000.6,-431.213
"Mech_RPM",67000.6,-429.62
"Mech_RPM",67000.6,-429.62
"Mech_RPM",67000.6,-428.017
"Mech_RPM",67000.6,-428.017
"Mech_RPM",67000.7,-426.061
"Mech_RPM",67000.7,-426.061
"Mech_RPM",67000.7,-424.311
"Mech_RPM",67000.7,-424.311
"Mech_RPM",67000.7,-422.522
"Mech_RPM",67000.7,-422.522
"Mech_RPM",67000.7,-420.78
"Mech_RPM",67000.7,-419.021
"Mech_RPM",67000.7,-419.021
"Mech_RPM",67000.8,-419.021
"Mech_RPM",67000.8,-417.317
"Mech_RPM",67000.8,-417.317
"Mech_RPM",67000.8,-415.648
"Mech_RPM",67000.8,-415.648
"Mech_RPM",67000.8,-414.023
"Mech_RPM",67000.8,-414.023
"Mech_RPM",67000.8,-412.232
"Mech_RPM",67000.8,-410.529
"Mech_RPM",67000.8,-410.529
"Mech_RPM",67000.9,-410.529
"Mech_RPM",67000.9,-408.725
"Mech_RPM",67000.9,-408.725
"Mech_RPM",67000.9,-407.029
"Mech_RPM",67000.9,-407.029
"Mech_RPM",67000.9,-405.243
"Mech_RPM",67000.9,-405.243
"Mech_RPM",67000.9,-403.638
"Mech_RPM",67000.9,-403.638
"Mech_RPM",67000.9,-402.107
"Mech_RPM",67000.9,-402.107
"Mech_RPM",67001,-400.138
"Mech_RPM",67001,-400.138
"Mech_RPM",67001,-398.458
"Mech_RPM",67001,-398.458
"Mech_RPM",67001,-396.895
"Mech_RPM",67001,-396.895
"Mech_RPM",67001,-395.092
"Mech_RPM",67001,-393.378
"Mech_RPM",67001,-393.378
"Mech_RPM",67001,-393.378
"Mech_RPM",67001.1,-391.75
"Mech_RPM",67001.1,-391.75
"Mech_RPM",67001.1,-390.113
"Mech_RPM",67001.1,-390.113
"Mech_RPM",67001.1,-388.373
"Mech_RPM",67001.1,-388.373
"Mech_RPM",67001.1,-386.752
"Mech_RPM",67001.1,-384.933
"Mech_RPM",67001.1,-384.933
"Mech_RPM",67001.1,-384.933
"Mech_RPM",67001.2,-383.214
"Mech_RPM",67001.2,-383.214
"Mech_RPM",67001.2,-381.57
"Mech_RPM",67001.2,-381.57
"Mech_RPM",67001.2,-379.824
"Mech_RPM",67001.2,-379.824
"Mech_RPM",67001.2,-378.301
"Mech_RPM",67001.2,-376.547
"Mech_RPM",67001.2,-376.547
"Mech_RPM",67001.2,-376.547
"Mech_RPM",67001.3,-374.902
"Mech_RPM",67001.3,-374.902
"Mech_RPM",67001.3,-373.32
"Mech_RPM",67001.3,-373.32
"Mech_RPM",67001.3,-371.729
"Mech_RPM",67001.3,-371.729
"Mech_RPM",67001.3,-370.013
"Mech_RPM",67001.3,-370.013
"Mech_RPM",67001.3,-368.571
"Mech_RPM",67001.4,-368.571
"Mech_RPM",67001.4,-366.679
"Mech_RPM",67001.4,-366.679
"Mech_RPM",67001.4,-365.022
"Mech_RPM",67001.4,-365.022
"Mech_RPM",67001.4,-363.389
"Mech_RPM",67001.4,-363.389
"Mech_RPM",67001.4,-361.694
"Mech_RPM",67001.4,-360.002
"Mech_RPM",67001.4,-360.002
"Mech_RPM",67001.5,-360.002
"Mech_RPM",67001.5,-358.302
"Mech_RPM",67001.5,-358.302
"Mech_RPM",67001.5,-356.677
"Mech_RPM",67001.5,-356.677
"Mech_RPM",67001.5,-354.971
"Mech_RPM",67001.5,-354.971
"Mech_RPM",67001.5,-353.371
"Mech_RPM",67001.5,-351.679
"Mech_RPM",67001.5,-351.679
"Mech_RPM",67001.5,-351.679
"Mech_RPM",67001.6,-350.125
"Mech_RPM",67001.6,-350.125
"Mech_RPM",67001.6,-348.414
"Mech_RPM",67001.6,-348.414
"Mech_RPM",67001.6,-346.831
"Mech_RPM",67001.6,-346.831
"Mech_RPM",67001.6,-345.196
"Mech_RPM",67001.6,-345.196
"Mech_RPM",67001.6,-343.532
"Mech_RPM",67001.7,-343.532
"Mech_RPM",67001.7,-341.943
"Mech_RPM",67001.7,-341.943
"Mech_RPM",67001.7,-340.302
"Mech_RPM",67001.7,-340.302
"Mech_RPM",67001.7,-338.673
"Mech_RPM",67001.7,-338.673
"Mech_RPM",67001.7,-337.035
"Mech_RPM",67001.7,-337.035
"Mech_RPM",67001.7,-335.461
"Mech_RPM",67001.8,-335.461
"Mech_RPM",67001.8,-333.918
"Mech_RPM",67001.8,-333.918
"Mech_RPM",67001.8,-332.188
"Mech_RPM",67001.8,-332.188
"Mech_RPM",67001.8,-330.586
"Mech_RPM",67001.8,-330.586
"Mech_RPM",67001.8,-329.099
"Mech_RPM",67001.8,-329.099
"Mech_RPM",67001.8,-327.402
"Mech_RPM",67001.9,-327.402
"Mech_RPM",67001.9,-325.865
"Mech_RPM",67001.9,-325.865
"Mech_RPM",67001.9,-324.202
"Mech_RPM",67001.9,-324.202
"Mech_RPM",67001.9,-322.572
"Mech_RPM",67001.9,-322.572
"Mech_RPM",67001.9,-320.902
"Mech_RPM",67001.9,-320.902
"Mech_RPM",67001.9,-319.265
"Mech_RPM",67002,-319.265
"Mech_RPM",67002,-317.609
"Mech_RPM",67002,-317.609
"Mech_RPM",67002,-316.059
"Mech_RPM",67002,-316.059
"Mech_RPM",67002,-314.519
"Mech_RPM",67002,-314.519
"Mech_RPM",67002,-312.874
"Mech_RPM",67002,-312.874
"Mech_RPM",67002,-311.294
"Mech_RPM",67002.1,-311.294
"Mech_RPM",67002.1,-309.755
"Mech_RPM",67002.1,-309.755
"Mech_RPM",67002.1,-308.227
"Mech_RPM",67002.1,-308.227
"Mech_RPM",67002.1,-306.677
"Mech_RPM",67002.1,-306.677
"Mech_RPM",67002.1,-305.054
"Mech_RPM",67002.1,-305.054
"Mech_RPM",67002.1,-303.515
"Mech_RPM",67002.2,-303.515
"Mech_RPM",67002.2,-301.935
"Mech_RPM",67002.2,-301.935
"Mech_RPM",67002.2,-300.354
"Mech_RPM",67002.2,-300.354
"Mech_RPM",67002.2,-298.649
"Mech_RPM",67002.2,-298.649
"Mech_RPM",67002.2,-297.103
"Mech_RPM",67002.2,-297.103
"Mech_RPM",67002.2,-295.505
"Mech_RPM",67002.2,-295.505
"Mech_RPM",67002.3,-293.939
"Mech_RPM",67002.3,-293.939
"Mech_RPM",67002.3,-292.393
"Mech_RPM",67002.3,-292.393
"Mech_RPM",67002.3,-290.785
"Mech_RPM",67002.3,-290.785
"Mech_RPM",67002.3,-289.24
"Mech_RPM",67002.3,-289.24
"Mech_RPM",67002.3,-287.664
"Mech_RPM",67002.4,-287.664
"Mech_RPM",67002.4,-286.202
"Mech_RPM",67002.4,-286.202
"Mech_RPM",67002.4,-284.603
"Mech_RPM",67002.4,-284.603
"Mech_RPM",67002.4,-283.109
"Mech_RPM",67002.4,-283.109
"Mech_RPM",67002.4,-281.53
"Mech_RPM",67002.4,-281.53
"Mech_RPM",67002.4,-279.899
"Mech_RPM",67002.5,-279.899
"Mech_RPM",67002.5,-278.437
"Mech_RPM",67002.5,-278.437
"Mech_RPM",67002.5,-276.806
"Mech_RPM",67002.5,-276.806
"Mech_RPM",67002.5,-275.217
"Mech_RPM",67002.5,-275.217
"Mech_RPM",67002.5,-273.828
"Mech_RPM",67002.5,-273.828
"Mech_RPM",67002.5,-272.278
"Mech_RPM",67002.6,-272.278
"Mech_RPM",67002.6,-270.812
"Mech_RPM",67002.6,-270.812
"Mech_RPM",67002.6,-269.27
"Mech_RPM",67002.6,-269.27
"Mech_RPM",67002.6,-267.77
"Mech_RPM",67002.6,-267.77
"Mech_RPM",67002.6,-266.28
"Mech_RPM",67002.6,-266.28
"Mech_RPM",67002.6,-264.683
"Mech_RPM",67002.7,-263.212
"Mech_RPM",67002.7,-263.212
"Mech_RPM",67002.7,-263.212
"Mech_RPM",67002.7,-261.719
"Mech_RPM",67002.7,-261.719
"Mech_RPM",67002.7,-260.318
"Mech_RPM",67002.7,-260.318
"Mech_RPM",67002.7,-258.799
"Mech_RPM",67002.7,-258.799
"Mech_RPM",67002.7,-257.248
"Mech_RPM",67002.8,-257.248
"Mech_RPM",67002.8,-255.822
"Mech_RPM",67002.8,-255.822
"Mech_RPM",67002.8,-254.206
"Mech_RPM",67002.8,-254.206
"Mech_RPM",67002.8,-252.663
"Mech_RPM",67002.8,-252.663
"Mech_RPM",67002.8,-251.099
"Mech_RPM",67002.8,-251.099
"Mech_RPM",67002.8,-249.629
"Mech_RPM",67002.9,-249.629
"Mech_RPM",67002.9,-248.231
"Mech_RPM",67002.9,-248.231
"Mech_RPM",67002.9,-246.568
"Mech_RPM",67002.9,-246.568
"Mech_RPM",67002.9,-245.168
"Mech_RPM",67002.9,-245.168
"Mech_RPM",67002.9,-243.692
"Mech_RPM",67002.9,-243.692
"Mech_RPM",67002.9,-242.172
"Mech_RPM",67003,-240.652
"Mech_RPM",67003,-240.652
"Mech_RPM",67003,-240.652
"Mech_RPM",67003,-239.161
"Mech_RPM",67003,-239.161
"Mech_RPM",67003,-237.732
"Mech_RPM",67003,-237.732
"Mech_RPM",67003,-236.238
"Mech_RPM",67003,-236.238
"Mech_RPM",67003,-234.753
"Mech_RPM",67003.1,-233.297
"Mech_RPM",67003.1,-233.297
"Mech_RPM",67003.1,-233.297
"Mech_RPM",67003.1,-231.892
"Mech_RPM",67003.1,-231.892
"Mech_RPM",67003.1,-230.379
"Mech_RPM",67003.1,-230.379
"Mech_RPM",67003.1,-228.917
"Mech_RPM",67003.1,-228.917
"Mech_RPM",67003.1,-227.464
"Mech_RPM",67003.2,-227.464
"Mech_RPM",67003.2,-226.071
"Mech_RPM",67003.2,-226.071
"Mech_RPM",67003.2,-224.539
"Mech_RPM",67003.2,-224.539
"Mech_RPM",67003.2,-223.038
"Mech_RPM",67003.2,-223.038
"Mech_RPM",67003.2,-221.723
"Mech_RPM",67003.2,-221.723
"Mech_RPM",67003.2,-220.268
"Mech_RPM",67003.3,-218.81
"Mech_RPM",67003.3,-218.81
"Mech_RPM",67003.3,-218.81
"Mech_RPM",67003.3,-217.424
"Mech_RPM",67003.3,-217.424
"Mech_RPM",67003.3,-215.981
"Mech_RPM",67003.3,-215.981
"Mech_RPM",67003.3,-214.485
"Mech_RPM",67003.3,-214.485
"Mech_RPM",67003.3,-213.153
"Mech_RPM",67003.4,-213.153
"Mech_RPM",67003.4,-211.859
"Mech_RPM",67003.4,-211.859
"Mech_RPM",67003.4,-210.424
"Mech_RPM",67003.4,-210.424
"Mech_RPM",67003.4,-209.018
"Mech_RPM",67003.4,-209.018
"Mech_RPM",67003.4,-207.618
"Mech_RPM",67003.4,-207.618
"Mech_RPM",67003.4,-206.279
"Mech_RPM",67003.5,-206.279
"Mech_RPM",67003.5,-204.924
"Mech_RPM",67003.5,-204.924
"Mech_RPM",67003.5,-203.45
"Mech_RPM",67003.5,-203.45
"Mech_RPM",67003.5,-202.1
"Mech_RPM",67003.5,-202.1
"Mech_RPM",67003.5,-200.662
"Mech_RPM",67003.5,-200.662
"Mech_RPM",67003.5,-199.274
"Mech_RPM",67003.6,-197.789
"Mech_RPM",67003.6,-197.789
"Mech_RPM",67003.6,-197.789
"Mech_RPM",67003.6,-196.395
"Mech_RPM",67003.6,-196.395
"Mech_RPM",67003.6,-195.019
"Mech_RPM",67003.6,-195.019
"Mech_RPM",67003.6,-193.671
"Mech_RPM",67003.6,-193.671
"Mech_RPM",67003.6,-192.277
"Mech_RPM",67003.6,-192.277
"Mech_RPM",67003.7,-190.911
"Mech_RPM",67003.7,-190.911
"Mech_RPM",67003.7,-189.571
"Mech_RPM",67003.7,-189.571
"Mech_RPM",67003.7,-188.249
"Mech_RPM",67003.7,-188.249
"Mech_RPM",67003.7,-186.942
"Mech_RPM",67003.7,-186.942
"Mech_RPM",67003.7,-185.547
"Mech_RPM",67003.7,-185.547
"Mech_RPM",67003.8,-184.19
"Mech_RPM",67003.8,-184.19
"Mech_RPM",67003.8,-182.85
"Mech_RPM",67003.8,-182.85
"Mech_RPM",67003.8,-181.527
"Mech_RPM",67003.8,-181.527
"Mech_RPM",67003.8,-180.146
"Mech_RPM",67003.8,-180.146
"Mech_RPM",67003.8,-178.845
"Mech_RPM",67003.8,-178.845
"Mech_RPM",67003.9,-177.456
"Mech_RPM",67003.9,-177.456
"Mech_RPM",67003.9,-176.167
"Mech_RPM",67003.9,-176.167
"Mech_RPM",67003.9,-174.821
"Mech_RPM",67003.9,-174.821
"Mech_RPM",67003.9,-173.408
"Mech_RPM",67003.9,-173.408
"Mech_RPM",67003.9,-172.085
"Mech_RPM",67003.9,-172.085
"Mech_RPM",67004,-170.779
"Mech_RPM",67004,-170.779
"Mech_RPM",67004,-169.447
"Mech_RPM",67004,-169.447
"Mech_RPM",67004,-168.089
"Mech_RPM",67004,-168.089
"Mech_RPM",67004,-166.821
"Mech_RPM",67004,-166.821
"Mech_RPM",67004,-165.547
"Mech_RPM",67004,-165.547
"Mech_RPM",67004.1,-164.163
"Mech_RPM",67004.1,-164.163
"Mech_RPM",67004.1,-162.818
"Mech_RPM",67004.1,-162.818
"Mech_RPM",67004.1,-161.447
"Mech_RPM",67004.1,-161.447
"Mech_RPM",67004.1,-160.103
"Mech_RPM",67004.1,-160.103
"Mech_RPM",67004.1,-158.807
"Mech_RPM",67004.1,-158.807
"Mech_RPM",67004.2,-157.496
"Mech_RPM",67004.2,-157.496
"Mech_RPM",67004.2,-156.21
"Mech_RPM",67004.2,-156.21
"Mech_RPM",67004.2,-154.951
"Mech_RPM",67004.2,-154.951
"Mech_RPM",67004.2,-153.633
"Mech_RPM",67004.2,-153.633
"Mech_RPM",67004.2,-152.352
"Mech_RPM",67004.2,-152.352
"Mech_RPM",67004.3,-151.107
"Mech_RPM",67004.3,-151.107
"Mech_RPM",67004.3,-149.856
"Mech_RPM",67004.3,-149.856
"Mech_RPM",67004.3,-148.557
"Mech_RPM",67004.3,-148.557
"Mech_RPM",67004.3,-147.273
"Mech_RPM",67004.3,-147.273
"Mech_RPM",67004.3,-145.973
"Mech_RPM",67004.3,-145.973
"Mech_RPM",67004.4,-144.658
"Mech_RPM",67004.4,-144.658
"Mech_RPM",67004.4,-143.442
"Mech_RPM",67004.4,-143.442
"Mech_RPM",67004.4,-142.136
"Mech_RPM",67004.4,-142.136
"Mech_RPM",67004.4,-140.907
"Mech_RPM",67004.4,-140.907
"Mech_RPM",67004.4,-139.621
"Mech_RPM",67004.4,-139.621
"Mech_RPM",67004.5,-138.339
"Mech_RPM",67004.5,-138.339
"Mech_RPM",67004.5,-137.145
"Mech_RPM",67004.5,-137.145
"Mech_RPM",67004.5,-135.891
"Mech_RPM",67004.5,-135.891
"Mech_RPM",67004.5,-134.705
"Mech_RPM",67004.5,-134.705
"Mech_RPM",67004.5,-133.511
"Mech_RPM",67004.5,-133.511
"Mech_RPM",67004.6,-132.226
"Mech_RPM",67004.6,-132.226
"Mech_RPM",67004.6,-131.009
"Mech_RPM",67004.6,-131.009
"Mech_RPM",67004.6,-129.743
"Mech_RPM",67004.6,-129.743
"Mech_RPM",67004.6,-128.502
"Mech_RPM",67004.6,-128.502
"Mech_RPM",67004.6,-127.276
"Mech_RPM",67004.6,-127.276
"Mech_RPM",67004.7,-126.043
"Mech_RPM",67004.7,-126.043
"Mech_RPM",67004.7,-124.722
"Mech_RPM",67004.7,-124.722
"Mech_RPM",67004.7,-123.603
"Mech_RPM",67004.7,-123.603
"Mech_RPM",67004.8,-122.381
"Mech_RPM",67004.8,-122.381
"Mech_RPM",67004.8,-121.152
"Mech_RPM",67004.8,-121.152
"Mech_RPM",67004.8,-119.906
"Mech_RPM",67004.8,-119.906
"Mech_RPM",67004.9,-118.643
"Mech_RPM",67004.9,-118.643
"Mech_RPM",67004.9,-117.437
"Mech_RPM",67004.9,-117.437
"Mech_RPM",67004.9,-116.182
"Mech_RPM",67004.9,-116.182
"Mech_RPM",67004.9,-115.004
"Mech_RPM",67004.9,-113.871
"Mech_RPM",67005,-113.871
"Mech_RPM",67005,-112.666
"Mech_RPM",67005,-112.666
"Mech_RPM",67005,-111.371
"Mech_RPM",67005,-107.711
"Mech_RPM",67005.1,-107.711
"Mech_RPM",67005.1,-106.525
"Mech_RPM",67005.1,-106.525
"Mech_RPM",67005.1,-105.322
"Mech_RPM",67005.1,-105.322
"Mech_RPM",67005.1,-104.174
"Mech_RPM",67005.1,-102.996
"Mech_RPM",67005.1,-102.996
"Mech_RPM",67005.1,-101.801
"Mech_RPM",67005.1,-101.801
"Mech_RPM",67005.2,-100.609
"Mech_RPM",67005.2,-100.609
"Mech_RPM",67005.2,-99.3883
"Mech_RPM",67005.2,-99.3883
"Mech_RPM",67005.2,-98.2234
"Mech_RPM",67005.2,-98.2234
"Mech_RPM",67005.2,-97.0194
"Mech_RPM",67005.2,-97.0194
"Mech_RPM",67005.2,-95.8707
"Mech_RPM",67005.2,-95.8707
"Mech_RPM",67005.2,-94.6928
"Mech_RPM",67005.3,-94.6928
"Mech_RPM",67005.3,-93.5802
"Mech_RPM",67005.3,-93.5802
"Mech_RPM",67005.3,-92.3961
"Mech_RPM",67005.3,-92.3961
"Mech_RPM",67005.3,-91.2878
"Mech_RPM",67005.3,-91.2878
"Mech_RPM",67005.3,-90.1391
"Mech_RPM",67005.3,-90.1391
"Mech_RPM",67005.3,-89.0238
"Mech_RPM",67005.3,-89.0238
"Mech_RPM",67005.4,-87.8892
"Mech_RPM",67005.4,-87.8892
"Mech_RPM",67005.4,-86.7772
"Mech_RPM",67005.4,-86.7772
"Mech_RPM",67005.4,-85.6667
"Mech_RPM",67005.4,-85.6667
"Mech_RPM",67005.4,-84.5471
"Mech_RPM",67005.4,-84.5471
"Mech_RPM",67005.4,-83.4499
"Mech_RPM",67005.4,-83.4499
"Mech_RPM",67005.4,-82.333
"Mech_RPM",67005.5,-82.333
"Mech_RPM",67005.5,-81.2176
"Mech_RPM",67005.5,-81.2176
"Mech_RPM",67005.5,-80.1036
"Mech_RPM",67005.5,-80.1036
"Mech_RPM",67005.5,-79.0432
"Mech_RPM",67005.5,-79.0432
"Mech_RPM",67005.5,-78.0353
"Mech_RPM",67005.5,-78.0353
"Mech_RPM",67005.5,-76.9329
"Mech_RPM",67005.5,-76.9329
"Mech_RPM",67005.5,-75.8734
"Mech_RPM",67005.6,-75.8734
"Mech_RPM",67005.6,-74.8247
"Mech_RPM",67005.6,-74.8247
"Mech_RPM",67005.6,-73.724
"Mech_RPM",67005.6,-73.724
"Mech_RPM",67005.6,-72.6766
"Mech_RPM",67005.6,-72.6766
"Mech_RPM",67005.6,-71.6085
"Mech_RPM",67005.6,-71.6085
"Mech_RPM",67005.6,-70.5618
"Mech_RPM",67005.6,-70.5618
"Mech_RPM",67005.7,-69.4839
"Mech_RPM",67005.7,-69.4839
"Mech_RPM",67005.7,-68.5004
"Mech_RPM",67005.7,-68.5004
"Mech_RPM",67005.7,-67.5054
"Mech_RPM",67005.7,-67.5054
"Mech_RPM",67005.7,-66.4678
"Mech_RPM",67005.7,-66.4678
"Mech_RPM",67005.7,-65.4406
"Mech_RPM",67005.7,-65.4406
"Mech_RPM",67005.7,-64.4651
"Mech_RPM",67005.8,-64.4651
"Mech_RPM",67005.8,-63.4674
"Mech_RPM",67005.8,-63.4674
"Mech_RPM",67005.8,-62.4168
"Mech_RPM",67005.8,-62.4168
"Mech_RPM",67005.8,-61.4289
"Mech_RPM",67005.8,-61.4289
"Mech_RPM",67005.8,-60.4399
"Mech_RPM",67005.8,-60.4399
"Mech_RPM",67005.8,-59.4915
"Mech_RPM",67005.8,-59.4915
"Mech_RPM",67005.9,-58.5309
"Mech_RPM",67005.9,-58.5309
"Mech_RPM",67005.9,-57.5373
"Mech_RPM",67005.9,-57.5373
"Mech_RPM",67005.9,-56.5533
"Mech_RPM",67005.9,-56.5533
"Mech_RPM",67005.9,-55.5472
"Mech_RPM",67005.9,-55.5472
"Mech_RPM",67005.9,-54.5613
"Mech_RPM",67005.9,-54.5613
"Mech_RPM",67005.9,-53.6054
"Mech_RPM",67006,-53.6054
"Mech_RPM",67006,-52.6167
"Mech_RPM",67006,-52.6167
"Mech_RPM",67006,-51.5852
"Mech_RPM",67006,-51.5852
"Mech_RPM",67006,-50.491
"Mech_RPM",67006,-50.491
"Mech_RPM",67006,-49.4291
"Mech_RPM",67006,-49.4291
"Mech_RPM",67006,-48.3467
"Mech_RPM",67006.1,-48.3467
"Mech_RPM",67006.1,-47.3277
"Mech_RPM",67006.1,-47.3277
"Mech_RPM",67006.1,-46.3187
"Mech_RPM",67006.1,-46.3187
"Mech_RPM",67006.1,-45.3402
"Mech_RPM",67006.1,-45.3402
"Mech_RPM",67006.1,-44.3501
"Mech_RPM",67006.1,-44.3501
"Mech_RPM",67006.1,-43.4006
"Mech_RPM",67006.2,-43.4006
"Mech_RPM",67006.2,-42.5013
"Mech_RPM",67006.2,-42.5013
"Mech_RPM",67006.2,-41.6617
"Mech_RPM",67006.2,-41.6617
"Mech_RPM",67006.2,-40.8493
"Mech_RPM",67006.2,-40.8493
"Mech_RPM",67006.2,-39.9802
"Mech_RPM",67006.2,-39.9802
"Mech_RPM",67006.2,-39.2431
"Mech_RPM",67006.3,-39.2431
"Mech_RPM",67006.3,-38.5208
"Mech_RPM",67006.3,-38.5208
"Mech_RPM",67006.3,-37.7608
"Mech_RPM",67006.3,-37.7608
"Mech_RPM",67006.3,-36.9743
"Mech_RPM",67006.3,-36.9743
"Mech_RPM",67006.3,-36.2348
"Mech_RPM",67006.3,-36.2348
"Mech_RPM",67006.3,-35.5414
"Mech_RPM",67006.4,-35.5414
"Mech_RPM",67006.4,-34.8305
"Mech_RPM",67006.4,-34.8305
"Mech_RPM",67006.4,-34.1548
"Mech_RPM",67006.4,-34.1548
"Mech_RPM",67006.4,-33.4821
"Mech_RPM",67006.4,-33.4821
"Mech_RPM",67006.4,-32.8333
"Mech_RPM",67006.4,-32.8333
"Mech_RPM",67006.4,-32.187
"Mech_RPM",67006.5,-32.187
"Mech_RPM",67006.5,-31.5745
"Mech_RPM",67006.5,-31.5745
"Mech_RPM",67006.5,-30.9222
"Mech_RPM",67006.5,-30.9222
"Mech_RPM",67006.5,-30.3142
"Mech_RPM",67006.5,-30.3142
"Mech_RPM",67006.5,-29.7079
"Mech_RPM",67006.5,-29.7079
"Mech_RPM",67006.5,-29.1137
"Mech_RPM",67006.6,-29.1137
"Mech_RPM",67006.6,-28.521
"Mech_RPM",67006.6,-28.521
"Mech_RPM",67006.6,-27.9506
"Mech_RPM",67006.6,-27.9506
"Mech_RPM",67006.6,-27.4124
"Mech_RPM",67006.6,-27.4124
"Mech_RPM",67006.6,-26.8538
"Mech_RPM",67006.6,-26.8538
"Mech_RPM",67006.6,-26.2334
"Mech_RPM",67006.7,-26.2334
"Mech_RPM",67006.7,-25.74
"Mech_RPM",67006.7,-25.74
"Mech_RPM",67006.7,-25.2147
"Mech_RPM",67006.7,-25.2147
"Mech_RPM",67006.7,-24.7
"Mech_RPM",67006.7,-24.7
"Mech_RPM",67006.7,-24.1852
"Mech_RPM",67006.7,-24.1852
"Mech_RPM",67006.8,-23.6702
"Mech_RPM",67006.8,-23.6702
"Mech_RPM",67006.8,-23.2281
"Mech_RPM",67006.8,-23.2281
"Mech_RPM",67006.8,-22.7219
"Mech_RPM",67006.8,-22.7219
"Mech_RPM",67006.8,-22.2883
"Mech_RPM",67006.8,-22.2883
"Mech_RPM",67006.8,-21.8737
"Mech_RPM",67006.8,-21.8737
"Mech_RPM",67006.9,-21.4154
"Mech_RPM",67006.9,-21.4154
"Mech_RPM",67006.9,-20.9871
"Mech_RPM",67006.9,-20.9871
"Mech_RPM",67006.9,-20.5361
"Mech_RPM",67006.9,-20.5361
"Mech_RPM",67006.9,-20.1358
"Mech_RPM",67006.9,-20.1358
"Mech_RPM",67006.9,-19.7331
"Mech_RPM",67006.9,-19.7331
"Mech_RPM",67006.9,-19.3489
"Mech_RPM",67007,-19.3489
"Mech_RPM",67007,-18.9931
"Mech_RPM",67007,-18.9931
"Mech_RPM",67007,-18.6133
"Mech_RPM",67007,-18.6133
"Mech_RPM",67007,-18.2306
"Mech_RPM",67007,-18.2306
"Mech_RPM",67007,-17.8556
"Mech_RPM",67007,-17.8556
"Mech_RPM",67007,-17.4255
"Mech_RPM",67007.1,-17.4255
"Mech_RPM",67007.1,-17.0562
"Mech_RPM",67007.1,-17.0562
"Mech_RPM",67007.1,-16.7151
"Mech_RPM",67007.1,-16.7151
"Mech_RPM",67007.1,-16.3495
"Mech_RPM",67007.1,-16.3495
"Mech_RPM",67007.1,-16.0225
"Mech_RPM",67007.1,-16.0225
"Mech_RPM",67007.1,-15.6812
"Mech_RPM",67007.2,-15.6812
"Mech_RPM",67007.2,-15.3572
"Mech_RPM",67007.2,-15.3572
"Mech_RPM",67007.2,-15.0813
"Mech_RPM",67007.2,-15.0813
"Mech_RPM",67007.2,-14.7797
"Mech_RPM",67007.2,-14.7797
"Mech_RPM",67007.2,-14.4737
"Mech_RPM",67007.2,-14.4737
"Mech_RPM",67007.2,-14.1738
"Mech_RPM",67007.3,-14.1738
"Mech_RPM",67007.3,-13.9111
"Mech_RPM",67007.3,-13.9111
"Mech_RPM",67007.3,-13.6433
"Mech_RPM",67007.3,-13.6433
"Mech_RPM",67007.3,-13.3809
"Mech_RPM",67007.3,-13.3809
"Mech_RPM",67007.3,-13.0716
"Mech_RPM",67007.3,-13.0716
"Mech_RPM",67007.4,-12.8414
"Mech_RPM",67007.4,-12.8414
"Mech_RPM",67007.4,-12.5846
"Mech_RPM",67007.4,-12.5846
"Mech_RPM",67007.4,-12.3746
"Mech_RPM",67007.4,-12.3746
"Mech_RPM",67007.4,-12.1271
"Mech_RPM",67007.4,-12.1271
"Mech_RPM",67007.4,-11.8741
"Mech_RPM",67007.4,-11.8741
"Mech_RPM",67007.5,-11.6366
"Mech_RPM",67007.5,-11.6366
"Mech_RPM",67007.5,-11.4456
"Mech_RPM",67007.5,-11.4456
"Mech_RPM",67007.5,-11.1958
"Mech_RPM",67007.5,-11.1958
"Mech_RPM",67007.5,-10.9615
"Mech_RPM",67007.5,-10.9615
"Mech_RPM",67007.5,-10.7214
"Mech_RPM",67007.5,-10.7214
"Mech_RPM",67007.5,-10.5695
"Mech_RPM",67007.6,-10.5695
"Mech_RPM",67007.6,-10.3373
"Mech_RPM",67007.6,-10.3373
"Mech_RPM",67007.6,-10.1097
"Mech_RPM",67007.6,-10.1097
"Mech_RPM",67007.6,-9.91792
"Mech_RPM",67007.6,-9.91792
"Mech_RPM",67007.6,-9.71956
"Mech_RPM",67007.6,-9.71956
"Mech_RPM",67007.6,-9.51475
"Mech_RPM",67007.7,-9.51475
"Mech_RPM",67007.7,-9.37654
"Mech_RPM",67007.7,-9.37654
"Mech_RPM",67007.7,-9.18901
"Mech_RPM",67007.7,-9.18901
"Mech_RPM",67007.7,-8.96356
"Mech_RPM",67007.7,-8.96356
"Mech_RPM",67007.7,-8.78429
"Mech_RPM",67007.7,-8.78429
"Mech_RPM",67007.8,-8.63985
"Mech_RPM",67007.8,-8.63985
"Mech_RPM",67007.8,-8.47747
"Mech_RPM",67007.8,-8.47747
"Mech_RPM",67007.8,-8.29751
"Mech_RPM",67007.8,-8.29751
"Mech_RPM",67007.8,-8.10031
"Mech_RPM",67007.8,-8.10031
"Mech_RPM",67007.8,-7.9383
"Mech_RPM",67007.8,-7.9383
"Mech_RPM",67007.9,-7.78995
"Mech_RPM",67007.9,-7.78995
"Mech_RPM",67007.9,-7.6029
"Mech_RPM",67007.9,-7.6029
"Mech_RPM",67007.9,-7.4196
"Mech_RPM",67007.9,-7.4196
"Mech_RPM",67007.9,-7.29204
"Mech_RPM",67007.9,-7.29204
"Mech_RPM",67007.9,-7.1462
"Mech_RPM",67007.9,-7.1462
"Mech_RPM",67007.9,-6.95119
"Mech_RPM",67008,-6.95119
"Mech_RPM",67008,-6.81217
"Mech_RPM",67008,-6.81217
"Mech_RPM",67008,-6.69676
"Mech_RPM",67008,-6.69676
"Mech_RPM",67008,-6.5524
"Mech_RPM",67008,-6.5524
"Mech_RPM",67008,-6.43177
"Mech_RPM",67008,-6.43177
"Mech_RPM",67008,-6.32397
"Mech_RPM",67008.1,-6.32397
"Mech_RPM",67008.1,-6.20791
"Mech_RPM",67008.1,-6.20791
"Mech_RPM",67008.1,-6.08375
"Mech_RPM",67008.1,-6.08375
"Mech_RPM",67008.1,-6.00374
"Mech_RPM",67008.1,-6.00374
"Mech_RPM",67008.1,-5.91492
"Mech_RPM",67008.1,-5.91492
"Mech_RPM",67008.1,-5.7862
"Mech_RPM",67008.2,-5.7862
"Mech_RPM",67008.2,-5.66006
"Mech_RPM",67008.2,-5.66006
"Mech_RPM",67008.2,-5.52603
"Mech_RPM",67008.2,-5.52603
"Mech_RPM",67008.2,-5.41551
"Mech_RPM",67008.2,-5.41551
"Mech_RPM",67008.2,-5.32803
"Mech_RPM",67008.2,-5.32803
"Mech_RPM",67008.2,-5.21105
"Mech_RPM",67008.3,-5.21105
"Mech_RPM",67008.3,-5.09641
"Mech_RPM",67008.3,-5.09641
"Mech_RPM",67008.3,-5.0049
"Mech_RPM",67008.3,-5.0049
"Mech_RPM",67008.3,-4.87355
"Mech_RPM",67008.3,-4.87355
"Mech_RPM",67008.3,-4.77608
"Mech_RPM",67008.3,-4.77608
"Mech_RPM",67008.3,-4.70139
"Mech_RPM",67008.4,-4.70139
"Mech_RPM",67008.4,-4.60737
"Mech_RPM",67008.4,-4.60737
"Mech_RPM",67008.4,-4.46314
"Mech_RPM",67008.4,-4.46314
"Mech_RPM",67008.4,-4.40512
"Mech_RPM",67008.4,-4.40512
"Mech_RPM",67008.4,-4.3066
"Mech_RPM",67008.4,-4.3066
"Mech_RPM",67008.4,-4.22047
"Mech_RPM",67008.5,-4.22047
"Mech_RPM",67008.5,-4.12565
"Mech_RPM",67008.5,-4.12565
"Mech_RPM",67008.5,-4.01188
"Mech_RPM",67008.5,-4.01188
"Mech_RPM",67008.5,-3.90039
"Mech_RPM",67008.5,-3.90039
"Mech_RPM",67008.5,-3.82239
"Mech_RPM",67008.5,-3.82239
"Mech_RPM",67008.5,-3.70427
"Mech_RPM",67008.6,-3.70427
"Mech_RPM",67008.6,-3.60935
"Mech_RPM",67008.6,-3.60935
"Mech_RPM",67008.6,-3.53717
"Mech_RPM",67008.6,-3.53717
"Mech_RPM",67008.6,-3.45601
"Mech_RPM",67008.6,-3.45601
"Mech_RPM",67008.6,-3.42855
"Mech_RPM",67008.6,-3.42855
"Mech_RPM",67008.6,-3.31832
"Mech_RPM",67008.7,-3.31832
"Mech_RPM",67008.7,-3.26237
"Mech_RPM",67008.7,-3.26237
"Mech_RPM",67008.7,-3.27003
"Mech_RPM",67008.7,-3.27003
"Mech_RPM",67008.7,-3.1838
"Mech_RPM",67008.7,-3.1838
"Mech_RPM",67008.7,-3.08887
"Mech_RPM",67008.7,-3.08887
"Mech_RPM",67008.8,-3.04793
"Mech_RPM",67008.8,-3.04793
"Mech_RPM",67008.8,-2.97656
"Mech_RPM",67008.8,-2.97656
"Mech_RPM",67008.8,-2.86494
"Mech_RPM",67008.8,-2.86494
"Mech_RPM",67008.8,-2.82848
"Mech_RPM",67008.8,-2.82848
"Mech_RPM",67008.8,-2.73024
"Mech_RPM",67008.8,-2.73024
"Mech_RPM",67008.9,-2.61313
"Mech_RPM",67008.9,-2.61313
"Mech_RPM",67008.9,-2.55046
"Mech_RPM",67008.9,-2.55046
"Mech_RPM",67008.9,-2.49945
"Mech_RPM",67008.9,-2.49945
"Mech_RPM",67008.9,-2.41821
"Mech_RPM",67008.9,-2.41821
"Mech_RPM",67008.9,-2.38026
"Mech_RPM",67008.9,-2.38026
"Mech_RPM",67009,-2.34307
"Mech_RPM",67009,-2.34307
"Mech_RPM",67009,-2.32746
"Mech_RPM",67009,-2.32746
"Mech_RPM",67009,-2.29133
"Mech_RPM",67009,-2.29133
"Mech_RPM",67009,-2.21425
"Mech_RPM",67009,-2.21425
"Mech_RPM",67009,-2.1283
"Mech_RPM",67009,-2.1283
"Mech_RPM",67009.1,-2.01282
"Mech_RPM",67009.1,-2.01282
"Mech_RPM",67009.1,-2.01423
"Mech_RPM",67009.1,-2.01423
"Mech_RPM",67009.1,-1.96353
"Mech_RPM",67009.1,-1.96353
"Mech_RPM",67009.1,-1.90342
"Mech_RPM",67009.1,-1.90342
"Mech_RPM",67009.1,-1.86535
"Mech_RPM",67009.1,-1.86535
"Mech_RPM",67009.2,-1.84888
"Mech_RPM",67009.2,-1.84888
"Mech_RPM",67009.2,-1.8119
"Mech_RPM",67009.2,-1.8119
"Mech_RPM",67009.2,-1.77566
"Mech_RPM",67009.2,-1.77566
"Mech_RPM",67009.2,-1.69848
"Mech_RPM",67009.2,-1.69848
"Mech_RPM",67009.2,-1.66451
"Mech_RPM",67009.2,-1.66451
"Mech_RPM",67009.2,-1.61039
"Mech_RPM",67009.3,-1.61039
"Mech_RPM",67009.3,-1.56777
"Mech_RPM",67009.3,-1.56777
"Mech_RPM",67009.3,-1.53641
"Mech_RPM",67009.3,-1.53641
"Mech_RPM",67009.3,-1.50568
"Mech_RPM",67009.3,-1.50568
"Mech_RPM",67009.3,-1.4964
"Mech_RPM",67009.3,-1.4964
"Mech_RPM",67009.4,-1.45606
"Mech_RPM",67009.4,-1.45606
"Mech_RPM",67009.4,-1.36444
"Mech_RPM",67009.4,-1.36444
"Mech_RPM",67009.4,-1.35798
"Mech_RPM",67009.4,-1.35798
"Mech_RPM",67009.4,-1.41415
"Mech_RPM",67009.4,-1.41415
"Mech_RPM",67009.4,-1.39629
"Mech_RPM",67009.4,-1.39629
"Mech_RPM",67009.5,-1.3267
"Mech_RPM",67009.5,-1.3267
"Mech_RPM",67009.5,-1.321
"Mech_RPM",67009.5,-1.321
"Mech_RPM",67009.5,-1.28416
"Mech_RPM",67009.5,-1.28416
"Mech_RPM",67009.5,-1.24806
"Mech_RPM",67009.5,-1.24806
"Mech_RPM",67009.5,-1.2231
"Mech_RPM",67009.5,-1.2231
"Mech_RPM",67009.6,-1.27155
"Mech_RPM",67009.6,-1.27155
"Mech_RPM",67009.6,-1.26695
"Mech_RPM",67009.6,-1.26695
"Mech_RPM",67009.6,-1.25203
"Mech_RPM",67009.6,-1.25203
"Mech_RPM",67009.6,-1.15407
"Mech_RPM",67009.6,-1.15407
"Mech_RPM",67009.6,-1.08933
"Mech_RPM",67009.6,-1.08933
"Mech_RPM",67009.6,-1.06754
"Mech_RPM",67009.7,-1.06754
"Mech_RPM",67009.7,-1.02536
"Mech_RPM",67009.7,-1.02536
"Mech_RPM",67009.7,-1.02568
"Mech_RPM",67009.7,-1.02568
"Mech_RPM",67009.7,-1.01559
"Mech_RPM",67009.7,-1.01559
"Mech_RPM",67009.7,-0.97444
"Mech_RPM",67009.8,-0.97444
"Mech_RPM",67009.8,-0.923701
"Mech_RPM",67009.8,-0.923701
"Mech_RPM",67009.8,-0.936477
"Mech_RPM",67009.8,-0.936477
"Mech_RPM",67009.8,-0.907331
"Mech_RPM",67009.8,-0.907331
"Mech_RPM",67009.8,-0.920434
"Mech_RPM",67009.8,-0.920434
"Mech_RPM",67009.8,-0.954109
"Mech_RPM",67009.8,-0.954109
"Mech_RPM",67009.9,-0.945444
"Mech_RPM",67009.9,-0.945444
"Mech_RPM",67009.9,-0.947368
"Mech_RPM",67009.9,-0.947368
"Mech_RPM",67009.9,-0.886754
"Mech_RPM",67009.9,-0.886754
"Mech_RPM",67009.9,-0.879436
"Mech_RPM",67009.9,-0.879436
"Mech_RPM",67009.9,-0.82018
"Mech_RPM",67009.9,-0.82018
"Mech_RPM",67010,-0.814193
"Mech_RPM",67010,-0.814193
"Mech_RPM",67010,-0.745826
"Mech_RPM",67010,-0.745826
"Mech_RPM",67010,-0.689243
"Mech_RPM",67010,-0.689243
"Mech_RPM",67010,-0.665041
"Mech_RPM",67010,-0.665041
"Mech_RPM",67010,-0.641324
"Mech_RPM",67010,-0.641324
"Mech_RPM",67010.1,-0.555581
"Mech_RPM",67010.1,-0.555581
"Mech_RPM",67010.1,-0.554886
"Mech_RPM",67010.1,-0.554886
"Mech_RPM",67010.1,-0.554205
"Mech_RPM",67010.1,-0.554205
"Mech_RPM",67010.1,-0.532704
"Mech_RPM",67010.1,-0.532704
"Mech_RPM",67010.1,-0.532467
"Mech_RPM",67010.1,-0.532467
"Mech_RPM",67010.2,-0.563484
"Mech_RPM",67010.2,-0.563484
"Mech_RPM",67010.2,-0.552214
"Mech_RPM",67010.2,-0.552214
"Mech_RPM",67010.2,-0.47867
"Mech_RPM",67010.2,-0.47867
"Mech_RPM",67010.2,-0.48993
"Mech_RPM",67010.2,-0.48993
"Mech_RPM",67010.2,-0.490548
"Mech_RPM",67010.2,-0.490548
"Mech_RPM",67010.3,-0.491154
"Mech_RPM",67010.3,-0.491154
"Mech_RPM",67010.3,-0.450081
"Mech_RPM",67010.3,-0.450081
"Mech_RPM",67010.3,-0.420246
"Mech_RPM",67010.3,-0.420246
"Mech_RPM",67010.3,-0.443091
"Mech_RPM",67010.3,-0.443091
"Mech_RPM",67010.3,-0.444646
"Mech_RPM",67010.4,-0.444646
"Mech_RPM",67010.4,-0.477419
"Mech_RPM",67010.4,-0.477419
"Mech_RPM",67010.4,-0.499121
"Mech_RPM",67010.4,-0.499121
"Mech_RPM",67010.4,-0.447472
"Mech_RPM",67010.4,-0.447472
"Mech_RPM",67010.4,-0.459356
"Mech_RPM",67010.4,-0.459356
"Mech_RPM",67010.4,-0.387669
"Mech_RPM",67010.4,-0.387669
"Mech_RPM",67010.5,-0.359082
"Mech_RPM",67010.5,-0.359082
"Mech_RPM",67010.5,-0.32065
"Mech_RPM",67010.5,-0.32065
"Mech_RPM",67010.5,-0.282987
"Mech_RPM",67010.5,-0.282987
"Mech_RPM",67010.5,-0.287744
"Mech_RPM",67010.5,-0.287744
"Mech_RPM",67010.5,-0.261156
"Mech_RPM",67010.5,-0.261156
"Mech_RPM",67010.6,-0.255933
"Mech_RPM",67010.6,-0.255933
"Mech_RPM",67010.6,-0.250814
"Mech_RPM",67010.6,-0.250814
"Mech_RPM",67010.6,-0.204131
"Mech_RPM",67010.6,-0.204131
"Mech_RPM",67010.6,-0.189632
"Mech_RPM",67010.6,-0.189632
"Mech_RPM",67010.6,-0.185839
"Mech_RPM",67010.6,-0.185839
"Mech_RPM",67010.7,-0.192539
"Mech_RPM",67010.7,-0.192539
"Mech_RPM",67010.7,-0.167855
"Mech_RPM",67010.7,-0.167855
"Mech_RPM",67010.7,-0.133248
"Mech_RPM",67010.7,-0.133248
"Mech_RPM",67010.7,-0.130583
"Mech_RPM",67010.7,-0.130583
"Mech_RPM",67010.7,-0.107138
"Mech_RPM",67010.8,-0.107138
"Mech_RPM",67010.8,-0.0841619
"Mech_RPM",67010.8,-0.0841619
"Mech_RPM",67010.8,-0.0616454
"Mech_RPM",67010.8,-0.0616454
"Mech_RPM",67010.8,-0.112496
"Mech_RPM",67010.8,-0.112496
"Mech_RPM",67010.8,-0.0685792
"Mech_RPM",67010.8,-0.0685792
"Mech_RPM",67010.8,-0.0463743
"Mech_RPM",67010.8,-0.0463743
"Mech_RPM",67010.9,-0.0141968
"Mech_RPM",67010.9,-0.0141968
"Mech_RPM",67010.9,-0.0243295
"Mech_RPM",67010.9,-0.0243295
"Mech_RPM",67010.9,-0.0238429
"Mech_RPM",67010.9,-0.0238429
"Mech_RPM",67010.9,-0.0650327
"Mech_RPM",67010.9,-0.0650327
"Mech_RPM",67010.9,-0.0637321
"Mech_RPM",67010.9,-0.0637321
"Mech_RPM",67011,-0.0624574
"Mech_RPM",67011,-0.0624574
"Mech_RPM",67011,-0.0820416
"Mech_RPM",67011,-0.0820416
"Mech_RPM",67011,-0.0283175
"Mech_RPM",67011,-0.0283175
"Mech_RPM",67011,-0.00691778
"Mech_RPM",67011,-0.00691778
"Mech_RPM",67011,0.0140539
"Mech_RPM",67011,0.0140539
"Mech_RPM",67011.1,-0.0174772
"Mech_RPM",67011.1,-0.0174772
"Mech_RPM",67011.1,-0.037961
"Mech_RPM",67011.1,-0.037961
"Mech_RPM",67011.1,-0.0476184
"Mech_RPM",67011.1,-0.0476184
"Mech_RPM",67011.1,-0.077916
"Mech_RPM",67011.1,-0.077916
"Mech_RPM",67011.1,-0.0451077
"Mech_RPM",67011.1,-0.0451077
"Mech_RPM",67011.2,-0.0233722
"Mech_RPM",67011.2,-0.0233722
"Mech_RPM",67011.2,0.0604286
"Mech_RPM",67011.2,0.0604286
"Mech_RPM",67011.2,0.00713665
"Mech_RPM",67011.2,0.00713665
"Mech_RPM",67011.2,-0.00342275
"Mech_RPM",67011.2,-0.00342275
"Mech_RPM",67011.2,-0.045021
"Mech_RPM",67011.2,-0.045021
"Mech_RPM",67011.3,-0.0441205
"Mech_RPM",67011.3,-0.0441205
"Mech_RPM",67011.3,-0.0224048
"Mech_RPM",67011.3,-0.0224048
"Mech_RPM",67011.3,-0.0323734
"Mech_RPM",67011.3,-0.0323734
"Mech_RPM",67011.3,-0.0213092
"Mech_RPM",67011.3,-0.0213092
"Mech_RPM",67011.3,-0.0104664
"Mech_RPM",67011.4,-0.0104664
"Mech_RPM",67011.4,0.0314096
"Mech_RPM",67011.4,0.0314096
"Mech_RPM",67011.4,-0.0108852
"Mech_RPM",67011.4,-0.0108852
"Mech_RPM",67011.4,-0.0210842
"Mech_RPM",67011.4,-0.0210842
"Mech_RPM",67011.4,0.0418375
"Mech_RPM",67011.4,0.0418375
"Mech_RPM",67011.4,0.0514174
"Mech_RPM",67011.5,0.0514174
"Mech_RPM",67011.5,0.019139
"Mech_RPM",67011.5,0.019139
"Mech_RPM",67011.5,-0.0124937
"Mech_RPM",67011.5,-0.0124937
"Mech_RPM",67011.5,-0.0226605
"Mech_RPM",67011.5,-0.0226605
"Mech_RPM",67011.5,0.0194594
"Mech_RPM",67011.5,0.0194594
"Mech_RPM",67011.5,0.0190702
"Mech_RPM",67011.5,0.0190702
"Mech_RPM",67011.6,0.0186888
"Mech_RPM",67011.6,0.0186888
"Mech_RPM",67011.6,-0.044185
"Mech_RPM",67011.6,-0.044185
"Mech_RPM",67011.6,-0.0433013
"Mech_RPM",67011.6,-0.0433013
"Mech_RPM",67011.6,-0.021602
"Mech_RPM",67011.6,-0.021602
"Mech_RPM",67011.6,-0.0732533
"Mech_RPM",67011.6,-0.0732533
"Mech_RPM",67011.7,-0.0717882
"Mech_RPM",67011.7,-0.0717882
"Mech_RPM",67011.7,-0.0807691
"Mech_RPM",67011.7,-0.0807691
"Mech_RPM",67011.7,-0.068737
"Mech_RPM",67011.7,-0.068737
"Mech_RPM",67011.7,-0.0256956
"Mech_RPM",67011.7,-0.0256956
"Mech_RPM",67011.7,-0.0251817
"Mech_RPM",67011.8,-0.0251817
"Mech_RPM",67011.8,-0.0455114
"Mech_RPM",67011.8,-0.0455114
"Mech_RPM",67011.8,-0.0446012
"Mech_RPM",67011.8,-0.0446012
"Mech_RPM",67011.8,-0.0541258
"Mech_RPM",67011.8,-0.0541258
"Mech_RPM",67011.8,-0.0842933
"Mech_RPM",67011.8,-0.0842933
"Mech_RPM",67011.8,-0.0930241
"Mech_RPM",67011.9,-0.0930241
"Mech_RPM",67011.9,-0.0390803
"Mech_RPM",67011.9,-0.0390803
"Mech_RPM",67011.9,0.00336797
"Mech_RPM",67011.9,0.00336797
"Mech_RPM",67011.9,0.0449673
"Mech_RPM",67011.9,0.0449673
"Mech_RPM",67011.9,0.0128179
"Mech_RPM",67011.9,0.0128179
"Mech_RPM",67011.9,0.00214491
"Mech_RPM",67012,0.00214491
"Mech_RPM",67012,0.0229353
"Mech_RPM",67012,0.0229353
"Mech_RPM",67012,-0.01919
"Mech_RPM",67012,-0.01919
"Mech_RPM",67012,0.0124438
"Mech_RPM",67012,0.0124438
"Mech_RPM",67012,-0.0398884
"Mech_RPM",67012,-0.0398884
"Mech_RPM",67012,-0.091174
"Mech_RPM",67012.1,-0.091174
"Mech_RPM",67012.1,-0.0997672
"Mech_RPM",67012.1,-0.0997672
"Mech_RPM",67012.1,-0.129022
"Mech_RPM",67012.1,-0.129022
"Mech_RPM",67012.1,-0.147275
"Mech_RPM",67012.1,-0.147275
"Mech_RPM",67012.1,-0.185996
"Mech_RPM",67012.1,-0.185996
"Mech_RPM",67012.1,-0.203109
"Mech_RPM",67012.1,-0.203109
"Mech_RPM",67012.2,-0.178214
"Mech_RPM",67012.2,-0.178214
"Mech_RPM",67012.2,-0.153816
"Mech_RPM",67012.2,-0.153816
"Mech_RPM",67012.2,-0.15074
"Mech_RPM",67012.2,-0.15074
"Mech_RPM",67012.2,-0.0748084
"Mech_RPM",67012.2,-0.0748084
"Mech_RPM",67012.2,-0.0837289
"Mech_RPM",67012.2,-0.0837289
"Mech_RPM",67012.3,-0.0508043
"Mech_RPM",67012.3,-0.0508043
"Mech_RPM",67012.3,-0.0914549
"Mech_RPM",67012.3,-0.0914549
"Mech_RPM",67012.3,-0.0375425
"Mech_RPM",67012.3,-0.0375425
"Mech_RPM",67012.3,-0.026375
"Mech_RPM",67012.3,-0.026375
"Mech_RPM",67012.3,-0.0258475
"Mech_RPM",67012.4,-0.0258475
"Mech_RPM",67012.4,-0.0253305
"Mech_RPM",67012.4,-0.0253305
"Mech_RPM",67012.4,-0.0352406
"Mech_RPM",67012.4,-0.0352406
"Mech_RPM",67012.4,-0.0345358
"Mech_RPM",67012.4,-0.0345358
"Mech_RPM",67012.4,-0.0442617
"Mech_RPM",67012.4,-0.0442617
"Mech_RPM",67012.4,-0.0433765
"Mech_RPM",67012.5,-0.0433765
"Mech_RPM",67012.5,-0.0529256
"Mech_RPM",67012.5,-0.0529256
"Mech_RPM",67012.5,-0.0518671
"Mech_RPM",67012.5,-0.0518671
"Mech_RPM",67012.5,-0.0299964
"Mech_RPM",67012.5,-0.0299964
"Mech_RPM",67012.5,-0.0189798
"Mech_RPM",67012.5,-0.0189798
"Mech_RPM",67012.5,-0.0290169
"Mech_RPM",67012.5,-0.0290169
"Mech_RPM",67012.6,-0.0284366
"Mech_RPM",67012.6,-0.0284366
"Mech_RPM",67012.6,-0.0278678
"Mech_RPM",67012.6,-0.0278678
"Mech_RPM",67012.6,-0.0481438
"Mech_RPM",67012.6,-0.0481438
"Mech_RPM",67012.6,-0.0992643
"Mech_RPM",67012.6,-0.0992643
"Mech_RPM",67012.6,-0.138946
"Mech_RPM",67012.6,-0.138946
"Mech_RPM",67012.7,-0.157
"Mech_RPM",67012.7,-0.157
"Mech_RPM",67012.7,-0.164277
"Mech_RPM",67012.7,-0.164277
"Mech_RPM",67012.7,-0.213075
"Mech_RPM",67012.7,-0.213075
"Mech_RPM",67012.7,-0.21923
"Mech_RPM",67012.7,-0.21923
"Mech_RPM",67012.7,-0.235678
"Mech_RPM",67012.8,-0.235678
"Mech_RPM",67012.8,-0.241382
"Mech_RPM",67012.8,-0.241382
"Mech_RPM",67012.8,-0.194887
"Mech_RPM",67012.8,-0.194887
"Mech_RPM",67012.8,-0.180573
"Mech_RPM",67012.8,-0.180573
"Mech_RPM",67012.8,-0.145711
"Mech_RPM",67012.8,-0.145711
"Mech_RPM",67012.8,-0.153214
"Mech_RPM",67012.9,-0.153214
"Mech_RPM",67012.9,-0.202233
"Mech_RPM",67012.9,-0.202233
"Mech_RPM",67012.9,-0.187772
"Mech_RPM",67012.9,-0.187772
"Mech_RPM",67012.9,-0.204849
"Mech_RPM",67012.9,-0.204849
"Mech_RPM",67012.9,-0.221586
"Mech_RPM",67012.9,-0.221586
"Mech_RPM",67012.9,-0.227571
"Mech_RPM",67013,-0.227571
"Mech_RPM",67013,-0.275103
"Mech_RPM",67013,-0.275103
"Mech_RPM",67013,-0.259184
"Mech_RPM",67013,-0.259184
"Mech_RPM",67013,-0.212334
"Mech_RPM",67013,-0.212334
"Mech_RPM",67013,-0.145587
"Mech_RPM",67013,-0.145587
"Mech_RPM",67013,-0.132259
"Mech_RPM",67013.1,-0.132259
"Mech_RPM",67013.1,-0.10878
"Mech_RPM",67013.1,-0.10878
"Mech_RPM",67013.1,-0.0649378
"Mech_RPM",67013.1,-0.0649378
"Mech_RPM",67013.1,-0.0740557
"Mech_RPM",67013.1,-0.0740557
"Mech_RPM",67013.1,-0.0413245
"Mech_RPM",67013.1,-0.0413245
"Mech_RPM",67013.1,-0.0404981
"Mech_RPM",67013.2,-0.0404981
"Mech_RPM",67013.2,-0.0813548
"Mech_RPM",67013.2,-0.0813548
"Mech_RPM",67013.2,-0.0797277
"Mech_RPM",67013.2,-0.0797277
"Mech_RPM",67013.2,-0.0572998
"Mech_RPM",67013.2,-0.0572998
"Mech_RPM",67013.2,-0.0457371
"Mech_RPM",67013.2,-0.0457371
"Mech_RPM",67013.2,-0.0448224
"Mech_RPM",67013.3,-0.0448224
"Mech_RPM",67013.3,-0.0230926
"Mech_RPM",67013.3,-0.0230926
"Mech_RPM",67013.3,-0.0642974
"Mech_RPM",67013.3,-0.0642974
"Mech_RPM",67013.3,-0.0213448
"Mech_RPM",67013.3,-0.0213448
"Mech_RPM",67013.3,-0.0209179
"Mech_RPM",67013.3,-0.0209179
"Mech_RPM",67013.3,-0.0517495
"Mech_RPM",67013.4,-0.0517495
"Mech_RPM",67013.4,-0.102798
"Mech_RPM",67013.4,-0.102798
"Mech_RPM",67013.4,-0.0694919
"Mech_RPM",67013.4,-0.0694919
"Mech_RPM",67013.4,-0.0785187
"Mech_RPM",67013.4,-0.0785187
"Mech_RPM",67013.4,-0.0665317
"Mech_RPM",67013.4,-0.0665317
"Mech_RPM",67013.4,-0.00270107
"Mech_RPM",67013.5,-0.00270107
"Mech_RPM",67013.5,0.028603
"Mech_RPM",67013.5,0.028603
"Mech_RPM",67013.5,0.0696976
"Mech_RPM",67013.5,0.0696976
"Mech_RPM",67013.5,0.0370536
"Mech_RPM",67013.5,0.0370536
"Mech_RPM",67013.5,0.0258959
"Mech_RPM",67013.5,0.0258959
"Mech_RPM",67013.5,0.0149613
"Mech_RPM",67013.6,0.0149613
"Mech_RPM",67013.6,0.0459121
"Mech_RPM",67013.6,0.0459121
"Mech_RPM",67013.6,0.0345772
"Mech_RPM",67013.6,0.0345772
"Mech_RPM",67013.6,0.023469
"Mech_RPM",67013.6,0.023469
"Mech_RPM",67013.6,0.0334162
"Mech_RPM",67013.6,0.0334162
"Mech_RPM",67013.6,0.0119146
"Mech_RPM",67013.7,0.0119146
"Mech_RPM",67013.7,0.0741763
"Mech_RPM",67013.7,0.0741763
"Mech_RPM",67013.7,0.0518594
"Mech_RPM",67013.7,0.0518594
"Mech_RPM",67013.7,0.0612389
"Mech_RPM",67013.7,0.0612389
"Mech_RPM",67013.7,0.0287641
"Mech_RPM",67013.7,0.0287641
"Mech_RPM",67013.7,0.0594388
"Mech_RPM",67013.7,0.0594388
"Mech_RPM",67013.8,0.0478334
"Mech_RPM",67013.8,0.0478334
"Mech_RPM",67013.8,0.0677101
"Mech_RPM",67013.8,0.0677101
"Mech_RPM",67013.8,0.0559392
"Mech_RPM",67013.8,0.0559392
"Mech_RPM",67013.8,0.0548204
"Mech_RPM",67013.8,0.0548204
"Mech_RPM",67013.8,0.053724
"Mech_RPM",67013.8,0.053724
"Mech_RPM",67013.9,0.0838995
"Mech_RPM",67013.9,0.0838995
"Mech_RPM",67013.9,0.144722
"Mech_RPM",67013.9,0.144722
"Mech_RPM",67013.9,0.141827
"Mech_RPM",67013.9,0.141827
"Mech_RPM",67013.9,0.170241
"Mech_RPM",67013.9,0.170241
"Mech_RPM",67013.9,0.156419
"Mech_RPM",67013.9,0.156419
"Mech_RPM",67014,0.142874
"Mech_RPM",67014,0.142874
"Mech_RPM",67014,0.150433
"Mech_RPM",67014,0.150433
"Mech_RPM",67014,0.168258
"Mech_RPM",67014,0.168258
"Mech_RPM",67014,0.175309
"Mech_RPM",67014,0.175309
"Mech_RPM",67014,0.15097
"Mech_RPM",67014,0.15097
"Mech_RPM",67014.1,0.200034
"Mech_RPM",67014.1,0.200034
"Mech_RPM",67014.1,0.1752
"Mech_RPM",67014.1,0.1752
"Mech_RPM",67014.1,0.161279
"Mech_RPM",67014.1,0.161279
"Mech_RPM",67014.1,0.13722
"Mech_RPM",67014.1,0.13722
"Mech_RPM",67014.1,0.134476
"Mech_RPM",67014.1,0.134476
"Mech_RPM",67014.2,0.100536
"Mech_RPM",67014.2,0.100536
"Mech_RPM",67014.2,0.0881089
"Mech_RPM",67014.2,0.0881089
"Mech_RPM",67014.2,0.04468
"Mech_RPM",67014.2,0.04468
"Mech_RPM",67014.2,0.0750364
"Mech_RPM",67014.2,0.0750364
"Mech_RPM",67014.2,0.094369
"Mech_RPM",67014.2,0.094369
"Mech_RPM",67014.3,0.113315
"Mech_RPM",67014.3,0.113315
"Mech_RPM",67014.3,0.0902154
"Mech_RPM",67014.3,0.0902154
"Mech_RPM",67014.3,0.0467444
"Mech_RPM",67014.3,0.0467444
"Mech_RPM",67014.3,0.0249762
"Mech_RPM",67014.3,0.0249762
"Mech_RPM",67014.3,0.04531
"Mech_RPM",67014.3,0.04531
"Mech_RPM",67014.4,0.0756538
"Mech_RPM",67014.4,0.0756538
"Mech_RPM",67014.4,0.115807
"Mech_RPM",67014.4,0.115807
"Mech_RPM",67014.4,0.134325
"Mech_RPM",67014.4,0.134325
"Mech_RPM",67014.4,0.131638
"Mech_RPM",67014.4,0.131638
"Mech_RPM",67014.4,0.129005
"Mech_RPM",67014.4,0.129005
"Mech_RPM",67014.5,0.116009
"Mech_RPM",67014.5,0.116009
"Mech_RPM",67014.5,0.092855
"Mech_RPM",67014.5,0.092855
"Mech_RPM",67014.5,0.0805813
"Mech_RPM",67014.5,0.0805813
"Mech_RPM",67014.5,0.11022
"Mech_RPM",67014.5,0.11022
"Mech_RPM",67014.5,0.0975986
"Mech_RPM",67014.5,0.0975986
"Mech_RPM",67014.6,0.0748133
"Mech_RPM",67014.6,0.0748133
"Mech_RPM",67014.6,0.0629003
"Mech_RPM",67014.6,0.0629003
"Mech_RPM",67014.6,0.0616423
"Mech_RPM",67014.6,0.0616423
"Mech_RPM",67014.6,0.0395762
"Mech_RPM",67014.6,0.0395762
"Mech_RPM",67014.6,0.028368
"Mech_RPM",67014.6,0.028368
"Mech_RPM",67014.7,0.0694673
"Mech_RPM",67014.7,0.0694673
"Mech_RPM",67014.7,-0.00483874
"Mech_RPM",67014.7,-0.00483874
"Mech_RPM",67014.7,-0.00474196
"Mech_RPM",67014.7,-0.00474196
"Mech_RPM",67014.8,-0.0150638
"Mech_RPM",67014.8,-0.0150638
"Mech_RPM",67014.8,0.0477375
"Mech_RPM",67014.8,0.0477375
"Mech_RPM",67014.8,0.0259494
"Mech_RPM",67014.8,0.0259494
"Mech_RPM",67014.9,0.0566804
"Mech_RPM",67014.9,0.0566804
"Mech_RPM",67014.9,0.0347135
"Mech_RPM",67014.9,0.0347135
"Mech_RPM",67014.9,0.117353
"Mech_RPM",67014.9,0.117353
"Mech_RPM",67014.9,0.104589
"Mech_RPM",67014.9,0.104589
"Mech_RPM",67015,0.102497
"Mech_RPM",67015,0.0900304
"Mech_RPM",67015,0.109063
"Mech_RPM",67015,0.109063
"Mech_RPM",67015,0.0860486
"Mech_RPM",67015,0.0860486
"Mech_RPM",67015.1,0.0579474
"Mech_RPM",67015.1,0.0579474
"Mech_RPM",67015.1,0.108872
"Mech_RPM",67015.1,0.108872
"Mech_RPM",67015.1,0.169194
"Mech_RPM",67015.1,0.169194
"Mech_RPM",67015.1,0.16581
"Mech_RPM",67015.1,0.16581
"Mech_RPM",67015.2,0.0895776
"Mech_RPM",67015.2,0.0895776
"Mech_RPM",67015.2,0.0357027
"Mech_RPM",67015.2,0.0357027
"Mech_RPM",67015.2,-0.0275114
"Mech_RPM",67015.2,-0.0275114
"Mech_RPM",67015.2,-0.0582112
"Mech_RPM",67015.2,-0.0582112
"Mech_RPM",67015.2,-0.119547
"Mech_RPM",67015.2,-0.119547
"Mech_RPM",67015.2,-0.023406
"Mech_RPM",67015.3,-0.023406
"Mech_RPM",67015.3,-0.0125212
"Mech_RPM",67015.3,-0.0125212
"Mech_RPM",67015.3,-0.0331041
"Mech_RPM",67015.3,-0.0331041
"Mech_RPM",67015.3,-0.0428587
"Mech_RPM",67015.3,-0.0428587
"Mech_RPM",67015.3,-0.0211682
"Mech_RPM",67015.3,-0.0211682
"Mech_RPM",67015.3,-0.0728282
"Mech_RPM",67015.3,-0.0728282
"Mech_RPM",67015.4,-0.0713716
"Mech_RPM",67015.4,-0.0713716
"Mech_RPM",67015.4,-0.0803608
"Mech_RPM",67015.4,-0.0803608
"Mech_RPM",67015.4,-0.0787536
"Mech_RPM",67015.4,-0.0787536
"Mech_RPM",67015.4,-0.0563452
"Mech_RPM",67015.4,-0.0563452
"Mech_RPM",67015.4,-0.0552183
"Mech_RPM",67015.4,-0.0552183
"Mech_RPM",67015.4,-0.0436973
"Mech_RPM",67015.4,-0.0436973
"Mech_RPM",67015.5,-0.0636567
"Mech_RPM",67015.5,-0.0636567
"Mech_RPM",67015.5,-0.0728002
"Mech_RPM",67015.5,-0.0728002
"Mech_RPM",67015.5,-0.0505108
"Mech_RPM",67015.5,-0.0505108
"Mech_RPM",67015.5,-0.0495006
"Mech_RPM",67015.5,-0.0495006
"Mech_RPM",67015.5,-0.00684395
"Mech_RPM",67015.5,-0.00684395
"Mech_RPM",67015.5,0.0245429
"Mech_RPM",67015.6,0.0245429
"Mech_RPM",67015.6,0.0136354
"Mech_RPM",67015.6,0.0136354
"Mech_RPM",67015.6,-0.0491373
"Mech_RPM",67015.6,-0.0491373
"Mech_RPM",67015.6,-0.110655
"Mech_RPM",67015.6,-0.110655
"Mech_RPM",67015.6,-0.0563581
"Mech_RPM",67015.6,-0.0563581
"Mech_RPM",67015.6,-0.0760643
"Mech_RPM",67015.6,-0.0760643
"Mech_RPM",67015.6,-0.043293
"Mech_RPM",67015.7,-0.043293
"Mech_RPM",67015.7,-0.0528438
"Mech_RPM",67015.7,-0.0528438
"Mech_RPM",67015.7,-0.0413703
"Mech_RPM",67015.7,-0.0413703
"Mech_RPM",67015.7,-0.103043
"Mech_RPM",67015.7,-0.103043
"Mech_RPM",67015.7,-0.0801487
"Mech_RPM",67015.7,-0.0801487
"Mech_RPM",67015.7,-0.0577124
"Mech_RPM",67015.8,-0.0577124
"Mech_RPM",67015.8,-0.0565581
"Mech_RPM",67015.8,-0.0565581
"Mech_RPM",67015.8,-0.024177
"Mech_RPM",67015.8,-0.024177
"Mech_RPM",67015.8,-0.0236934
"Mech_RPM",67015.8,-0.0236934
"Mech_RPM",67015.8,-0.0440529
"Mech_RPM",67015.8,-0.0440529
"Mech_RPM",67015.8,-0.0327552
"Mech_RPM",67015.8,-0.0327552
"Mech_RPM",67015.8,-0.0112667
"Mech_RPM",67015.9,-0.0112667
"Mech_RPM",67015.9,0.00979193
"Mech_RPM",67015.9,0.00979193
"Mech_RPM",67015.9,0.0200128
"Mech_RPM",67015.9,0.0200128
"Mech_RPM",67015.9,0.00919583
"Mech_RPM",67015.9,0.00919583
"Mech_RPM",67015.9,0.0610953
"Mech_RPM",67015.9,0.0610953
"Mech_RPM",67015.9,0.0494567
"Mech_RPM",67016,0.0494567
"Mech_RPM",67016,0.0797175
"Mech_RPM",67016,0.0797175
"Mech_RPM",67016,0.0364565
"Mech_RPM",67016,0.0364565
"Mech_RPM",67016,0.0253107
"Mech_RPM",67016,0.0253107
"Mech_RPM",67016,0.0456378
"Mech_RPM",67016,0.0456378
"Mech_RPM",67016,0.0551418
"Mech_RPM",67016.1,0.0551418
"Mech_RPM",67016.1,0.0123723
"Mech_RPM",67016.1,0.0123723
"Mech_RPM",67016.1,-0.0399585
"Mech_RPM",67016.1,-0.0399585
"Mech_RPM",67016.1,-0.0287427
"Mech_RPM",67016.1,-0.0287427
"Mech_RPM",67016.1,-0.0802512
"Mech_RPM",67016.1,-0.0802512
"Mech_RPM",67016.1,-0.0786461
"Mech_RPM",67016.2,-0.0786461
"Mech_RPM",67016.2,-0.108323
"Mech_RPM",67016.2,-0.108323
"Mech_RPM",67016.2,-0.0332401
"Mech_RPM",67016.2,-0.0332401
"Mech_RPM",67016.2,-0.0221586
"Mech_RPM",67016.2,-0.0221586
"Mech_RPM",67016.2,-0.0529654
"Mech_RPM",67016.2,-0.0529654
"Mech_RPM",67016.2,-0.0623228
"Mech_RPM",67016.3,-0.0623228
"Mech_RPM",67016.3,-0.071493
"Mech_RPM",67016.3,-0.071493
"Mech_RPM",67016.3,-0.0596465
"Mech_RPM",67016.3,-0.0596465
"Mech_RPM",67016.3,-0.0897036
"Mech_RPM",67016.3,-0.0897036
"Mech_RPM",67016.3,-0.0670762
"Mech_RPM",67016.3,-0.0670762
"Mech_RPM",67016.3,-0.138651
"Mech_RPM",67016.4,-0.138651
"Mech_RPM",67016.4,-0.104628
"Mech_RPM",67016.4,-0.104628
"Mech_RPM",67016.4,-0.0400357
"Mech_RPM",67016.4,-0.0400357
"Mech_RPM",67016.4,-0.0600683
"Mech_RPM",67016.4,-0.0600683
"Mech_RPM",67016.4,-0.0484503
"Mech_RPM",67016.4,-0.0484503
"Mech_RPM",67016.4,-0.0370646
"Mech_RPM",67016.5,-0.0370646
"Mech_RPM",67016.5,0.00534334
"Mech_RPM",67016.5,0.00534334
"Mech_RPM",67016.5,-0.00518019
"Mech_RPM",67016.5,-0.00518019
"Mech_RPM",67016.5,-0.0779933
"Mech_RPM",67016.5,-0.0779933
"Mech_RPM",67016.5,-0.0347667
"Mech_RPM",67016.5,-0.0347667
"Mech_RPM",67016.5,-0.0340714
"Mech_RPM",67016.6,-0.0340714
"Mech_RPM",67016.6,0.0186934
"Mech_RPM",67016.6,0.0186934
"Mech_RPM",67016.6,-0.0233472
"Mech_RPM",67016.6,-0.0233472
"Mech_RPM",67016.6,0.00836978
"Mech_RPM",67016.6,0.00836978
"Mech_RPM",67016.6,-0.0230476
"Mech_RPM",67016.6,-0.0230476
"Mech_RPM",67016.6,-0.0642533
"Mech_RPM",67016.7,-0.0642533
"Mech_RPM",67016.7,-0.0421349
"Mech_RPM",67016.7,-0.0421349
"Mech_RPM",67016.7,-0.0725422
"Mech_RPM",67016.7,-0.0725422
"Mech_RPM",67016.7,-0.0710914
"Mech_RPM",67016.7,-0.0710914
"Mech_RPM",67016.7,-0.0488362
"Mech_RPM",67016.7,-0.0488362
"Mech_RPM",67016.8,-0.0582762
"Mech_RPM",67016.8,-0.0582762
"Mech_RPM",67016.8,-0.077944
"Mech_RPM",67016.8,-0.077944
"Mech_RPM",67016.8,-0.0659684
"Mech_RPM",67016.8,-0.0659684
"Mech_RPM",67016.8,-0.106316
"Mech_RPM",67016.8,-0.106316
"Mech_RPM",67016.8,-0.114606
"Mech_RPM",67016.8,-0.114606
"Mech_RPM",67016.9,-0.081064
"Mech_RPM",67016.9,-0.081064
"Mech_RPM",67016.9,-0.0586093
"Mech_RPM",67016.9,-0.0586093
"Mech_RPM",67016.9,-0.0366038
"Mech_RPM",67016.9,-0.0366038
"Mech_RPM",67016.9,-0.0462884
"Mech_RPM",67016.9,-0.0462884
"Mech_RPM",67016.9,-0.0141126
"Mech_RPM",67016.9,-0.0141126
"Mech_RPM",67016.9,0.0174196
"Mech_RPM",67017,0.0174196
"Mech_RPM",67017,-0.00376212
"Mech_RPM",67017,-0.00376212
"Mech_RPM",67017,-0.0245202
"Mech_RPM",67017,-0.0245202
"Mech_RPM",67017,0.0176369
"Mech_RPM",67017,0.0176369
"Mech_RPM",67017,-0.0139659
"Mech_RPM",67017,-0.0139659
"Mech_RPM",67017,-0.00326989
"Mech_RPM",67017.1,-0.00326989
"Mech_RPM",67017.1,-0.00320449
"Mech_RPM",67017.1,-0.00320449
"Mech_RPM",67017.1,-0.0031404
"Mech_RPM",67017.1,-0.0031404
"Mech_RPM",67017.1,0.0490057
"Mech_RPM",67017.1,0.0490057
"Mech_RPM",67017.1,0.0480256
"Mech_RPM",67017.1,0.0480256
"Mech_RPM",67017.1,0.0470651
"Mech_RPM",67017.2,0.0470651
"Mech_RPM",67017.2,0.0461238
"Mech_RPM",67017.2,0.0461238
"Mech_RPM",67017.2,0.055618
"Mech_RPM",67017.2,0.055618
"Mech_RPM",67017.2,0.0232556
"Mech_RPM",67017.2,0.0232556
"Mech_RPM",67017.2,-0.0188761
"Mech_RPM",67017.2,-0.0188761
"Mech_RPM",67017.2,0.0127514
"Mech_RPM",67017.3,0.0127514
"Mech_RPM",67017.3,0.0437464
"Mech_RPM",67017.3,0.0437464
"Mech_RPM",67017.3,-0.0092119
"Mech_RPM",67017.3,-0.0092119
"Mech_RPM",67017.3,-0.0402777
"Mech_RPM",67017.3,-0.0402777
"Mech_RPM",67017.3,-0.0603054
"Mech_RPM",67017.3,-0.0603054
"Mech_RPM",67017.4,-0.0278493
"Mech_RPM",67017.4,-0.0278493
"Mech_RPM",67017.4,-0.0272924
"Mech_RPM",67017.4,-0.0272924
"Mech_RPM",67017.4,-0.0371632
"Mech_RPM",67017.4,-0.0371632
"Mech_RPM",67017.4,-0.00516991
"Mech_RPM",67017.4,-0.00516991
"Mech_RPM",67017.4,-0.00506651
"Mech_RPM",67017.4,-0.00506651
"Mech_RPM",67017.4,-0.0153818
"Mech_RPM",67017.5,-0.0153818
"Mech_RPM",67017.5,0.00575912
"Mech_RPM",67017.5,0.00575912
"Mech_RPM",67017.5,0.0368939
"Mech_RPM",67017.5,0.0368939
"Mech_RPM",67017.5,0.0361561
"Mech_RPM",67017.5,0.0361561
"Mech_RPM",67017.5,-0.00623372
"Mech_RPM",67017.5,-0.00623372
"Mech_RPM",67017.5,0.056391
"Mech_RPM",67017.6,0.056391
"Mech_RPM",67017.6,0.0656798
"Mech_RPM",67017.6,0.0656798
"Mech_RPM",67017.6,0.0747829
"Mech_RPM",67017.6,0.0747829
"Mech_RPM",67017.6,0.0837039
"Mech_RPM",67017.6,0.0837039
"Mech_RPM",67017.6,0.00911314
"Mech_RPM",67017.6,0.00911314
"Mech_RPM",67017.6,-0.0119025
"Mech_RPM",67017.7,-0.0119025
"Mech_RPM",67017.7,0.0300023
"Mech_RPM",67017.7,0.0300023
"Mech_RPM",67017.7,-0.0122645
"Mech_RPM",67017.7,-0.0122645
"Mech_RPM",67017.7,-0.0536858
"Mech_RPM",67017.7,-0.0536858
"Mech_RPM",67017.7,-0.0421955
"Mech_RPM",67017.7,-0.0421955
"Mech_RPM",67017.8,-0.0101015
"Mech_RPM",67017.8,-0.0101015
"Mech_RPM",67017.8,0.0109338
"Mech_RPM",67017.8,0.0109338
"Mech_RPM",67017.8,0.000298479
"Mech_RPM",67017.8,0.000298479
"Mech_RPM",67017.8,-0.0309575
"Mech_RPM",67017.8,-0.0309575
"Mech_RPM",67017.8,-0.00950501
"Mech_RPM",67017.8,-0.00950501
"Mech_RPM",67017.8,0.00110176
"Mech_RPM",67017.9,0.00110176
"Mech_RPM",67017.9,-0.0301703
"Mech_RPM",67017.9,-0.0301703
"Mech_RPM",67017.9,-0.0399835
"Mech_RPM",67017.9,-0.0399835
"Mech_RPM",67017.9,0.0441495
"Mech_RPM",67017.9,0.0441495
"Mech_RPM",67017.9,0.0536831
"Mech_RPM",67017.9,0.0536831
"Mech_RPM",67017.9,0.0526095
"Mech_RPM",67018,0.0526095
"Mech_RPM",67018,0.0411406
"Mech_RPM",67018,0.0411406
"Mech_RPM",67018,0.0611511
"Mech_RPM",67018,0.0611511
"Mech_RPM",67018,0.0495115
"Mech_RPM",67018,0.0495115
"Mech_RPM",67018,0.0693546
"Mech_RPM",67018,0.0693546
"Mech_RPM",67018,0.109634
"Mech_RPM",67018.1,0.109634
"Mech_RPM",67018.1,0.0761914
"Mech_RPM",67018.1,0.0761914
"Mech_RPM",67018.1,0.0746676
"Mech_RPM",67018.1,0.0746676
"Mech_RPM",67018.1,0.0835909
"Mech_RPM",67018.1,0.0835909
"Mech_RPM",67018.1,0.0819191
"Mech_RPM",67018.1,0.0819191
"Mech_RPM",67018.1,0.101114
"Mech_RPM",67018.2,0.101114
"Mech_RPM",67018.2,0.109508
"Mech_RPM",67018.2,0.109508
"Mech_RPM",67018.2,0.0969016
"Mech_RPM",67018.2,0.0969016
"Mech_RPM",67018.2,0.126214
"Mech_RPM",67018.2,0.126214
"Mech_RPM",67018.2,0.165356
"Mech_RPM",67018.2,0.165356
"Mech_RPM",67018.2,0.109966
"Mech_RPM",67018.3,0.109966
"Mech_RPM",67018.3,0.0869329
"Mech_RPM",67018.3,0.0869329
"Mech_RPM",67018.3,0.0331109
"Mech_RPM",67018.3,0.0331109
"Mech_RPM",67018.3,0.0116153
"Mech_RPM",67018.3,0.0116153
"Mech_RPM",67018.3,0.011383
"Mech_RPM",67018.3,0.011383
"Mech_RPM",67018.3,0.0319887
"Mech_RPM",67018.4,0.0319887
"Mech_RPM",67018.4,0.0834323
"Mech_RPM",67018.4,0.0834323
"Mech_RPM",67018.4,0.0817636
"Mech_RPM",67018.4,0.0817636
"Mech_RPM",67018.4,0.0384617
"Mech_RPM",67018.4,0.0384617
"Mech_RPM",67018.4,0.0272758
"Mech_RPM",67018.4,0.0272758
"Mech_RPM",67018.4,0.0163136
"Mech_RPM",67018.5,0.0163136
"Mech_RPM",67018.5,0.00557066
"Mech_RPM",67018.5,0.00557066
"Mech_RPM",67018.5,-0.0257908
"Mech_RPM",67018.5,-0.0257908
"Mech_RPM",67018.5,-0.0356916
"Mech_RPM",67018.5,-0.0356916
"Mech_RPM",67018.5,-0.0453944
"Mech_RPM",67018.5,-0.0453944
"Mech_RPM",67018.5,-0.0653199
"Mech_RPM",67018.6,-0.0653199
"Mech_RPM",67018.6,-0.0952635
"Mech_RPM",67018.6,-0.0952635
"Mech_RPM",67018.6,-0.0829416
"Mech_RPM",67018.6,-0.0829416
"Mech_RPM",67018.6,-0.0604494
"Mech_RPM",67018.6,-0.0604494
"Mech_RPM",67018.6,-0.0488237
"Mech_RPM",67018.6,-0.0488237
"Mech_RPM",67018.6,-0.0790973
"Mech_RPM",67018.7,-0.0790973
"Mech_RPM",67018.7,-0.0775153
"Mech_RPM",67018.7,-0.0775153
"Mech_RPM",67018.7,-0.0967983
"Mech_RPM",67018.7,-0.0967983
"Mech_RPM",67018.7,-0.074029
"Mech_RPM",67018.7,-0.074029
"Mech_RPM",67018.7,-0.0621318
"Mech_RPM",67018.7,-0.0621318
"Mech_RPM",67018.8,-0.0400558
"Mech_RPM",67018.8,-0.0400558
"Mech_RPM",67018.8,-0.028838
"Mech_RPM",67018.8,-0.028838
"Mech_RPM",67018.8,-0.0699279
"Mech_RPM",67018.8,-0.0699279
"Mech_RPM",67018.8,-0.0164461
"Mech_RPM",67018.8,-0.0164461
"Mech_RPM",67018.8,-0.0473671
"Mech_RPM",67018.8,-0.0473671
"Mech_RPM",67018.9,-0.0568365
"Mech_RPM",67018.9,-0.0568365
"Mech_RPM",67018.9,-0.0869497
"Mech_RPM",67018.9,-0.0869497
"Mech_RPM",67018.9,-0.0331274
"Mech_RPM",67018.9,-0.0331274
"Mech_RPM",67018.9,-0.0116315
"Mech_RPM",67018.9,-0.0116315
"Mech_RPM",67018.9,-0.0113989
"Mech_RPM",67018.9,-0.0113989
"Mech_RPM",67019,-0.0111709
"Mech_RPM",67019,-0.0111709
"Mech_RPM",67019,-0.0317808
"Mech_RPM",67019,-0.0317808
"Mech_RPM",67019,0.0209381
"Mech_RPM",67019,0.0209381
"Mech_RPM",67019,-0.000313978
"Mech_RPM",67019,-0.000313978
"Mech_RPM",67019,0.0205256
"Mech_RPM",67019,0.0205256
"Mech_RPM",67019.1,0.0201151
"Mech_RPM",67019.1,0.0201151
"Mech_RPM",67019.1,0.0301295
"Mech_RPM",67019.1,0.0301295
"Mech_RPM",67019.1,0.00869356
"Mech_RPM",67019.1,0.00869356
"Mech_RPM",67019.1,0.0397697
"Mech_RPM",67019.1,0.0397697
"Mech_RPM",67019.1,-0.013109
"Mech_RPM",67019.1,-0.013109
"Mech_RPM",67019.1,-0.00243018
"Mech_RPM",67019.2,-0.00243018
"Mech_RPM",67019.2,-0.0336316
"Mech_RPM",67019.2,-0.0336316
"Mech_RPM",67019.2,-0.032959
"Mech_RPM",67019.2,-0.032959
"Mech_RPM",67019.2,-0.0114664
"Mech_RPM",67019.2,-0.0114664
"Mech_RPM",67019.2,-0.000820444
"Mech_RPM",67019.2,-0.000820444
"Mech_RPM",67019.2,-0.0112207
"Mech_RPM",67019.3,-0.0112207
"Mech_RPM",67019.3,0.0202537
"Mech_RPM",67019.3,0.0202537
"Mech_RPM",67019.3,0.040682
"Mech_RPM",67019.3,0.040682
"Mech_RPM",67019.3,0.0294517
"Mech_RPM",67019.3,0.0294517
"Mech_RPM",67019.3,0.0288626
"Mech_RPM",67019.3,0.0288626
"Mech_RPM",67019.4,0.0282854
"Mech_RPM",67019.4,0.0282854
"Mech_RPM",67019.4,0.0277197
"Mech_RPM",67019.4,0.0277197
"Mech_RPM",67019.4,0.0584153
"Mech_RPM",67019.4,0.0584153
"Mech_RPM",67019.4,0.025997
"Mech_RPM",67019.4,0.025997
"Mech_RPM",67019.4,-0.0161896
"Mech_RPM",67019.4,-0.0161896
"Mech_RPM",67019.5,-0.0158658
"Mech_RPM",67019.5,-0.0158658
"Mech_RPM",67019.5,0.0469515
"Mech_RPM",67019.5,0.0469515
"Mech_RPM",67019.5,0.0355958
"Mech_RPM",67019.5,0.0355958
"Mech_RPM",67019.5,0.0348839
"Mech_RPM",67019.5,0.0348839
"Mech_RPM",67019.5,0.0966862
"Mech_RPM",67019.5,0.0966862
"Mech_RPM",67019.5,0.0739191
"Mech_RPM",67019.6,0.0739191
"Mech_RPM",67019.6,0.0516074
"Mech_RPM",67019.6,0.0516074
"Mech_RPM",67019.6,0.0714086
"Mech_RPM",67019.6,0.0714086
"Mech_RPM",67019.6,0.0491471
"Mech_RPM",67019.6,0.0491471
"Mech_RPM",67019.6,0.0377475
"Mech_RPM",67019.6,0.0377475
"Mech_RPM",67019.6,0.0369925
"Mech_RPM",67019.7,0.0369925
"Mech_RPM",67019.7,0.0362527
"Mech_RPM",67019.7,0.0362527
"Mech_RPM",67019.7,0.025111
"Mech_RPM",67019.7,0.025111
"Mech_RPM",67019.7,0.00377541
"Mech_RPM",67019.7,0.00377541
"Mech_RPM",67019.7,-0.00671677
"Mech_RPM",67019.7,-0.00671677
"Mech_RPM",67019.8,0.0455009
"Mech_RPM",67019.8,0.0455009
"Mech_RPM",67019.8,0.00292422
"Mech_RPM",67019.8,0.00292422
"Mech_RPM",67019.8,0.00286573
"Mech_RPM",67019.8,0.00286573
"Mech_RPM",67019.8,-0.00760825
"Mech_RPM",67019.8,-0.00760825
"Mech_RPM",67019.8,-0.0387061
"Mech_RPM",67019.9,-0.0387061
"Mech_RPM",67019.9,-0.00668196
"Mech_RPM",67019.9,-0.00668196
"Mech_RPM",67019.9,0.00386834
"Mech_RPM",67019.9,0.00386834
"Mech_RPM",67019.9,-0.00662569
"Mech_RPM",67019.9,-0.00662569
"Mech_RPM",67019.9,0.0143402
"Mech_RPM",67019.9,0.0143402
"Mech_RPM",67019.9,0.05572
"Mech_RPM",67019.9,0.05572
"Mech_RPM",67020,0.0337723
"Mech_RPM",67020,0.0337723
"Mech_RPM",67020,0.0851802
"Mech_RPM",67020,0.0851802
"Mech_RPM",67020,0.0938932
"Mech_RPM",67020,0.0938932
"Mech_RPM",67020,0.123265
"Mech_RPM",67020,0.123265
"Mech_RPM",67020,0.1208
"Mech_RPM",67020,0.1208
"Mech_RPM",67020.1,0.128801
"Mech_RPM",67020.1,0.128801
"Mech_RPM",67020.1,0.136641
"Mech_RPM",67020.1,0.136641
"Mech_RPM",67020.1,0.123492
"Mech_RPM",67020.1,0.123492
"Mech_RPM",67020.1,0.162689
"Mech_RPM",67020.1,0.162689
"Mech_RPM",67020.1,0.149018
"Mech_RPM",67020.1,0.149018
"Mech_RPM",67020.2,0.135621
"Mech_RPM",67020.2,0.135621
"Mech_RPM",67020.2,0.153742
"Mech_RPM",67020.2,0.153742
"Mech_RPM",67020.2,0.192334
"Mech_RPM",67020.2,0.192334
"Mech_RPM",67020.2,0.209321
"Mech_RPM",67020.2,0.209321
"Mech_RPM",67020.2,0.173884
"Mech_RPM",67020.2,0.173884
"Mech_RPM",67020.3,0.22249
"Mech_RPM",67020.3,0.22249
"Mech_RPM",67020.3,0.145123
"Mech_RPM",67020.3,0.145123
"Mech_RPM",67020.3,0.100554
"Mech_RPM",67020.3,0.100554
"Mech_RPM",67020.3,0.14021
"Mech_RPM",67020.3,0.14021
"Mech_RPM",67020.3,0.095739
"Mech_RPM",67020.3,0.095739
"Mech_RPM",67020.4,0.0938242
"Mech_RPM",67020.4,0.0938242
"Mech_RPM",67020.4,0.0711144
"Mech_RPM",67020.4,0.0711144
"Mech_RPM",67020.4,0.0905254
"Mech_RPM",67020.4,0.0905254
"Mech_RPM",67020.4,0.00538159
"Mech_RPM",67020.4,0.00538159
"Mech_RPM",67020.4,-0.025976
"Mech_RPM",67020.4,-0.025976
"Mech_RPM",67020.5,-0.00462319
"Mech_RPM",67020.5,-0.00462319
"Mech_RPM",67020.5,-0.0566141
"Mech_RPM",67020.5,-0.0566141
"Mech_RPM",67020.5,0.0278516
"Mech_RPM",67020.5,0.0278516
"Mech_RPM",67020.5,0.0377112
"Mech_RPM",67020.5,0.0377112
"Mech_RPM",67020.5,0.036957
"Mech_RPM",67020.5,0.036957
"Mech_RPM",67020.6,-0.00544883
"Mech_RPM",67020.6,-0.00544883
"Mech_RPM",67020.6,0.00507681
"Mech_RPM",67020.6,0.00507681
"Mech_RPM",67020.6,-0.0158581
"Mech_RPM",67020.6,-0.0158581
"Mech_RPM",67020.6,-0.0363742
"Mech_RPM",67020.6,-0.0363742
"Mech_RPM",67020.6,0.0476866
"Mech_RPM",67020.6,0.0476866
"Mech_RPM",67020.7,0.0467329
"Mech_RPM",67020.7,0.0467329
"Mech_RPM",67020.7,0.0145482
"Mech_RPM",67020.7,0.0145482
"Mech_RPM",67020.7,0.0350906
"Mech_RPM",67020.7,0.0350906
"Mech_RPM",67020.7,0.0656388
"Mech_RPM",67020.7,0.0656388
"Mech_RPM",67020.7,0.033076
"Mech_RPM",67020.7,0.033076
"Mech_RPM",67020.8,0.00116446
"Mech_RPM",67020.8,0.00116446
"Mech_RPM",67020.8,0.0219745
"Mech_RPM",67020.8,0.0219745
"Mech_RPM",67020.8,0.084035
"Mech_RPM",67020.8,0.084035
"Mech_RPM",67020.8,0.092771
"Mech_RPM",67020.8,0.092771
"Mech_RPM",67020.8,0.0492489
"Mech_RPM",67020.9,0.0492489
"Mech_RPM",67020.9,0.0899306
"Mech_RPM",67020.9,0.0899306
"Mech_RPM",67020.9,0.108965
"Mech_RPM",67020.9,0.108965
"Mech_RPM",67020.9,0.127619
"Mech_RPM",67020.9,0.127619
"Mech_RPM",67020.9,0.0834003
"Mech_RPM",67020.9,0.0834003
"Mech_RPM",67020.9,0.0817323
"Mech_RPM",67020.9,0.0817323
"Mech_RPM",67021,0.0488476
"Mech_RPM",67021,0.0488476
"Mech_RPM",67021,0.068704
"Mech_RPM",67021,0.068704
"Mech_RPM",67021,0.0985799
"Mech_RPM",67021,0.0985799
"Mech_RPM",67021,0.127858
"Mech_RPM",67021,0.127858
"Mech_RPM",67021,0.166968
"Mech_RPM",67021,0.166968
"Mech_RPM",67021.1,0.205295
"Mech_RPM",67021.1,0.205295
"Mech_RPM",67021.1,0.190773
"Mech_RPM",67021.1,0.190773
"Mech_RPM",67021.1,0.186957
"Mech_RPM",67021.1,0.186957
"Mech_RPM",67021.1,0.204051
"Mech_RPM",67021.1,0.204051
"Mech_RPM",67021.1,0.220804
"Mech_RPM",67021.1,0.220804
"Mech_RPM",67021.2,0.237221
"Mech_RPM",67021.2,0.237221
"Mech_RPM",67021.2,0.22206
"Mech_RPM",67021.2,0.22206
"Mech_RPM",67021.2,0.207202
"Mech_RPM",67021.2,0.207202
"Mech_RPM",67021.2,0.265558
"Mech_RPM",67021.2,0.265558
"Mech_RPM",67021.2,0.270663
"Mech_RPM",67021.2,0.270663
"Mech_RPM",67021.3,0.26525
"Mech_RPM",67021.3,0.26525
"Mech_RPM",67021.3,0.228695
"Mech_RPM",67021.3,0.228695
"Mech_RPM",67021.3,0.255371
"Mech_RPM",67021.3,0.255371
"Mech_RPM",67021.3,0.239847
"Mech_RPM",67021.3,0.239847
"Mech_RPM",67021.3,0.2663
"Mech_RPM",67021.4,0.2663
"Mech_RPM",67021.4,0.229724
"Mech_RPM",67021.4,0.229724
"Mech_RPM",67021.4,0.22513
"Mech_RPM",67021.4,0.22513
"Mech_RPM",67021.4,0.189377
"Mech_RPM",67021.4,0.189377
"Mech_RPM",67021.4,0.206423
"Mech_RPM",67021.4,0.206423
"Mech_RPM",67021.4,0.171044
"Mech_RPM",67021.5,0.171044
"Mech_RPM",67021.5,0.188457
"Mech_RPM",67021.5,0.188457
"Mech_RPM",67021.5,0.163854
"Mech_RPM",67021.5,0.163854
"Mech_RPM",67021.5,0.202244
"Mech_RPM",67021.5,0.202244
"Mech_RPM",67021.5,0.229449
"Mech_RPM",67021.5,0.229449
"Mech_RPM",67021.5,0.245693
"Mech_RPM",67021.5,0.245693
"Mech_RPM",67021.6,0.24078
"Mech_RPM",67021.6,0.24078
"Mech_RPM",67021.6,0.215131
"Mech_RPM",67021.6,0.215131
"Mech_RPM",67021.6,0.231661
"Mech_RPM",67021.6,0.231661
"Mech_RPM",67021.6,0.299945
"Mech_RPM",67021.6,0.299945
"Mech_RPM",67021.6,0.273113
"Mech_RPM",67021.6,0.273113
"Mech_RPM",67021.7,0.2989
"Mech_RPM",67021.7,0.2989
"Mech_RPM",67021.7,0.272089
"Mech_RPM",67021.7,0.272089
"Mech_RPM",67021.7,0.287481
"Mech_RPM",67021.7,0.287481
"Mech_RPM",67021.7,0.250481
"Mech_RPM",67021.7,0.250481
"Mech_RPM",67021.7,0.224638
"Mech_RPM",67021.8,0.224638
"Mech_RPM",67021.8,0.199312
"Mech_RPM",67021.8,0.199312
"Mech_RPM",67021.8,0.164076
"Mech_RPM",67021.8,0.164076
"Mech_RPM",67021.8,0.150378
"Mech_RPM",67021.8,0.150378
"Mech_RPM",67021.8,0.14737
"Mech_RPM",67021.8,0.14737
"Mech_RPM",67021.8,0.186089
"Mech_RPM",67021.9,0.186089
"Mech_RPM",67021.9,0.182367
"Mech_RPM",67021.9,0.182367
"Mech_RPM",67021.9,0.17872
"Mech_RPM",67021.9,0.17872
"Mech_RPM",67021.9,0.154312
"Mech_RPM",67021.9,0.154312
"Mech_RPM",67021.9,0.172059
"Mech_RPM",67021.9,0.172059
"Mech_RPM",67021.9,0.179035
"Mech_RPM",67022,0.179035
"Mech_RPM",67022,0.217121
"Mech_RPM",67022,0.217121
"Mech_RPM",67022,0.171112
"Mech_RPM",67022,0.171112
"Mech_RPM",67022,0.178106
"Mech_RPM",67022,0.178106
"Mech_RPM",67022,0.143294
"Mech_RPM",67022,0.143294
"Mech_RPM",67022,0.140428
"Mech_RPM",67022,0.140428
"Mech_RPM",67022.1,0.127203
"Mech_RPM",67022.1,0.127203
"Mech_RPM",67022.1,0.135076
"Mech_RPM",67022.1,0.135076
"Mech_RPM",67022.1,0.132374
"Mech_RPM",67022.1,0.132374
"Mech_RPM",67022.1,0.140143
"Mech_RPM",67022.1,0.140143
"Mech_RPM",67022.1,0.116507
"Mech_RPM",67022.1,0.116507
"Mech_RPM",67022.2,0.13501
"Mech_RPM",67022.2,0.13501
"Mech_RPM",67022.2,0.153143
"Mech_RPM",67022.2,0.153143
"Mech_RPM",67022.2,0.160497
"Mech_RPM",67022.2,0.160497
"Mech_RPM",67022.2,0.136454
"Mech_RPM",67022.2,0.136454
"Mech_RPM",67022.2,0.133725
"Mech_RPM",67022.2,0.133725
"Mech_RPM",67022.3,0.13105
"Mech_RPM",67022.3,0.13105
"Mech_RPM",67022.3,0.138846
"Mech_RPM",67022.3,0.138846
"Mech_RPM",67022.3,0.156902
"Mech_RPM",67022.3,0.156902
"Mech_RPM",67022.3,0.174598
"Mech_RPM",67022.3,0.174598
"Mech_RPM",67022.3,0.191939
"Mech_RPM",67022.4,0.191939
"Mech_RPM",67022.4,0.208934
"Mech_RPM",67022.4,0.208934
"Mech_RPM",67022.4,0.183922
"Mech_RPM",67022.4,0.183922
"Mech_RPM",67022.4,0.180243
"Mech_RPM",67022.4,0.180243
"Mech_RPM",67022.4,0.166222
"Mech_RPM",67022.4,0.166222
"Mech_RPM",67022.4,0.152481
"Mech_RPM",67022.5,0.152481
"Mech_RPM",67022.5,0.107764
"Mech_RPM",67022.5,0.107764
"Mech_RPM",67022.5,0.116026
"Mech_RPM",67022.5,0.116026
"Mech_RPM",67022.5,0.144955
"Mech_RPM",67022.5,0.144955
"Mech_RPM",67022.5,0.142056
"Mech_RPM",67022.5,0.142056
"Mech_RPM",67022.5,0.0975483
"Mech_RPM",67022.5,0.0975483
"Mech_RPM",67022.6,0.116431
"Mech_RPM",67022.6,0.116431
"Mech_RPM",67022.6,0.103685
"Mech_RPM",67022.6,0.103685
"Mech_RPM",67022.6,0.0807783
"Mech_RPM",67022.6,0.0807783
"Mech_RPM",67022.6,0.152079
"Mech_RPM",67022.6,0.152079
"Mech_RPM",67022.6,0.169871
"Mech_RPM",67022.6,0.169871
"Mech_RPM",67022.7,0.166474
"Mech_RPM",67022.7,0.166474
"Mech_RPM",67022.7,0.142311
"Mech_RPM",67022.7,0.142311
"Mech_RPM",67022.7,0.149881
"Mech_RPM",67022.7,0.149881
"Mech_RPM",67022.7,0.136467
"Mech_RPM",67022.7,0.136467
"Mech_RPM",67022.8,0.112904
"Mech_RPM",67022.8,0.112904
"Mech_RPM",67022.8,0.089813
"Mech_RPM",67022.8,0.089813
"Mech_RPM",67022.8,0.10885
"Mech_RPM",67022.8,0.10885
"Mech_RPM",67022.8,0.127506
"Mech_RPM",67022.8,0.127506
"Mech_RPM",67022.8,0.104123
"Mech_RPM",67022.8,0.104123
"Mech_RPM",67022.8,0.10204
"Mech_RPM",67022.9,0.10204
"Mech_RPM",67022.9,0.110416
"Mech_RPM",67022.9,0.110416
"Mech_RPM",67022.9,0.212375
"Mech_RPM",67022.9,0.212375
"Mech_RPM",67022.9,0.197711
"Mech_RPM",67022.9,0.197711
"Mech_RPM",67022.9,0.256256
"Mech_RPM",67022.9,0.256256
"Mech_RPM",67022.9,0.230298
"Mech_RPM",67023,0.230298
"Mech_RPM",67023,0.194442
"Mech_RPM",67023,0.194442
"Mech_RPM",67023,0.211386
"Mech_RPM",67023,0.211386
"Mech_RPM",67023,0.144659
"Mech_RPM",67023,0.144659
"Mech_RPM",67023,0.162599
"Mech_RPM",67023,0.162599
"Mech_RPM",67023,0.232264
"Mech_RPM",67023.1,0.232264
"Mech_RPM",67023.1,0.258868
"Mech_RPM",67023.1,0.258868
"Mech_RPM",67023.1,0.284941
"Mech_RPM",67023.1,0.284941
"Mech_RPM",67023.1,0.289659
"Mech_RPM",67023.1,0.289659
"Mech_RPM",67023.1,0.304699
"Mech_RPM",67023.1,0.304699
"Mech_RPM",67023.1,0.319438
"Mech_RPM",67023.2,0.319438
"Mech_RPM",67023.2,0.323466
"Mech_RPM",67023.2,0.323466
"Mech_RPM",67023.2,0.30658
"Mech_RPM",67023.2,0.30658
"Mech_RPM",67023.2,0.321282
"Mech_RPM",67023.2,0.321282
"Mech_RPM",67023.2,0.30444
"Mech_RPM",67023.2,0.30444
"Mech_RPM",67023.2,0.308767
"Mech_RPM",67023.3,0.308767
"Mech_RPM",67023.3,0.271342
"Mech_RPM",67023.3,0.271342
"Mech_RPM",67023.3,0.245082
"Mech_RPM",67023.3,0.245082
"Mech_RPM",67023.3,0.229764
"Mech_RPM",67023.3,0.229764
"Mech_RPM",67023.3,0.204335
"Mech_RPM",67023.3,0.204335
"Mech_RPM",67023.3,0.200248
"Mech_RPM",67023.4,0.200248
"Mech_RPM",67023.4,0.164993
"Mech_RPM",67023.4,0.164993
"Mech_RPM",67023.4,0.161693
"Mech_RPM",67023.4,0.161693
"Mech_RPM",67023.4,0.137626
"Mech_RPM",67023.4,0.137626
"Mech_RPM",67023.4,0.0619571
"Mech_RPM",67023.4,0.0619571
"Mech_RPM",67023.4,0.0503013
"Mech_RPM",67023.5,0.0503013
"Mech_RPM",67023.5,0.00762857
"Mech_RPM",67023.5,0.00762857
"Mech_RPM",67023.5,0.0283093
"Mech_RPM",67023.5,0.0283093
"Mech_RPM",67023.5,0.00690981
"Mech_RPM",67023.5,0.00690981
"Mech_RPM",67023.5,0.0171883
"Mech_RPM",67023.5,0.0171883
"Mech_RPM",67023.5,0.0376779
"Mech_RPM",67023.6,0.0376779
"Mech_RPM",67023.6,0.078591
"Mech_RPM",67023.6,0.078591
"Mech_RPM",67023.6,0.118686
"Mech_RPM",67023.6,0.118686
"Mech_RPM",67023.6,0.116312
"Mech_RPM",67023.6,0.116312
"Mech_RPM",67023.6,0.0827358
"Mech_RPM",67023.6,0.0827358
"Mech_RPM",67023.6,0.0602478
"Mech_RPM",67023.7,0.0602478
"Mech_RPM",67023.7,0.0382095
"Mech_RPM",67023.7,0.0382095
"Mech_RPM",67023.7,-0.00422135
"Mech_RPM",67023.7,-0.00422135
"Mech_RPM",67023.7,0.00627974
"Mech_RPM",67023.7,0.00627974
"Mech_RPM",67023.7,-0.00426252
"Mech_RPM",67023.7,-0.00426252
"Mech_RPM",67023.7,-0.0145939
"Mech_RPM",67023.8,-0.0145939
"Mech_RPM",67023.8,-0.00388539
"Mech_RPM",67023.8,-0.00388539
"Mech_RPM",67023.8,0.037859
"Mech_RPM",67023.8,0.037859
"Mech_RPM",67023.8,0.0058518
"Mech_RPM",67023.8,0.0058518
"Mech_RPM",67023.8,-0.0255152
"Mech_RPM",67023.8,-0.0255152
"Mech_RPM",67023.8,0.00624507
"Mech_RPM",67023.8,0.00624507
"Mech_RPM",67023.9,-0.0563798
"Mech_RPM",67023.9,-0.0563798
"Mech_RPM",67023.9,-0.0760856
"Mech_RPM",67023.9,-0.0760856
"Mech_RPM",67023.9,-0.0641472
"Mech_RPM",67023.9,-0.0641472
"Mech_RPM",67023.9,-0.0420309
"Mech_RPM",67023.9,-0.0420309
"Mech_RPM",67023.9,-0.0724403
"Mech_RPM",67023.9,-0.0724403
"Mech_RPM",67024,-0.0397415
"Mech_RPM",67024,-0.0397415
"Mech_RPM",67024,-0.0389467
"Mech_RPM",67024,-0.0389467
"Mech_RPM",67024,-0.0694177
"Mech_RPM",67024,-0.0694177
"Mech_RPM",67024,-0.0367794
"Mech_RPM",67024,-0.0367794
"Mech_RPM",67024,-0.0152105
"Mech_RPM",67024,-0.0152105
"Mech_RPM",67024.1,0.0163438
"Mech_RPM",67024.1,0.0163438
"Mech_RPM",67024.1,-0.0256498
"Mech_RPM",67024.1,-0.0256498
"Mech_RPM",67024.1,-0.0147201
"Mech_RPM",67024.1,-0.0147201
"Mech_RPM",67024.1,0.0272409
"Mech_RPM",67024.1,0.0272409
"Mech_RPM",67024.1,-0.0253872
"Mech_RPM",67024.1,-0.0253872
"Mech_RPM",67024.2,-0.0144628
"Mech_RPM",67024.2,-0.0144628
"Mech_RPM",67024.2,0.0274931
"Mech_RPM",67024.2,0.0274931
"Mech_RPM",67024.2,-0.00430674
"Mech_RPM",67024.2,-0.00430674
"Mech_RPM",67024.2,-0.0146373
"Mech_RPM",67024.2,-0.0146373
"Mech_RPM",67024.2,0.0377388
"Mech_RPM",67024.2,0.0377388
"Mech_RPM",67024.3,0.0474007
"Mech_RPM",67024.3,0.0474007
"Mech_RPM",67024.3,0.0464527
"Mech_RPM",67024.3,0.0464527
"Mech_RPM",67024.3,0.0142736
"Mech_RPM",67024.3,0.0142736
"Mech_RPM",67024.3,0.0348215
"Mech_RPM",67024.3,0.0348215
"Mech_RPM",67024.3,0.0237084
"Mech_RPM",67024.3,0.0237084
"Mech_RPM",67024.4,0.0128176
"Mech_RPM",67024.4,0.0128176
"Mech_RPM",67024.4,-0.0186888
"Mech_RPM",67024.4,-0.0186888
"Mech_RPM",67024.4,0.00251832
"Mech_RPM",67024.4,0.00251832
"Mech_RPM",67024.4,0.0128846
"Mech_RPM",67024.4,0.0128846
"Mech_RPM",67024.4,0.00221026
"Mech_RPM",67024.4,0.00221026
"Mech_RPM",67024.5,-0.0603339
"Mech_RPM",67024.5,-0.0603339
"Mech_RPM",67024.5,-0.0591273
"Mech_RPM",67024.5,-0.0591273
"Mech_RPM",67024.5,-0.0891947
"Mech_RPM",67024.5,-0.0891947
"Mech_RPM",67024.5,-0.108244
"Mech_RPM",67024.5,-0.108244
"Mech_RPM",67024.5,-0.0956626
"Mech_RPM",67024.5,-0.0956626
"Mech_RPM",67024.6,-0.124999
"Mech_RPM",67024.6,-0.124999
"Mech_RPM",67024.6,-0.153749
"Mech_RPM",67024.6,-0.153749
"Mech_RPM",67024.6,-0.140258
"Mech_RPM",67024.6,-0.140258
"Mech_RPM",67024.6,-0.137453
"Mech_RPM",67024.6,-0.137453
"Mech_RPM",67024.6,-0.14512
"Mech_RPM",67024.6,-0.14512
"Mech_RPM",67024.7,-0.0901344
"Mech_RPM",67024.7,-0.0901344
"Mech_RPM",67024.7,-0.0674984
"Mech_RPM",67024.7,-0.0674984
"Mech_RPM",67024.7,-0.0348984
"Mech_RPM",67024.7,-0.0348984
"Mech_RPM",67024.8,-0.00295048
"Mech_RPM",67024.8,-0.00295048
"Mech_RPM",67024.8,0.0179419
"Mech_RPM",67024.8,0.0179419
"Mech_RPM",67024.8,0.0696664
"Mech_RPM",67024.8,0.0696664
"Mech_RPM",67024.9,0.099523
"Mech_RPM",67024.9,0.099523
"Mech_RPM",67024.9,0.0766992
"Mech_RPM",67024.9,0.0766992
"Mech_RPM",67024.9,0.0647486
"Mech_RPM",67024.9,0.0647486
"Mech_RPM",67024.9,0.0634536
"Mech_RPM",67024.9,0.0634536
"Mech_RPM",67025,0.0934345
"Mech_RPM",67025,0.0875273
"Mech_RPM",67025,0.0857768
"Mech_RPM",67025,0.0857768
"Mech_RPM",67025,0.0944779
"Mech_RPM",67025.1,0.0944779
"Mech_RPM",67025.1,0.0821717
"Mech_RPM",67025.1,0.132612
"Mech_RPM",67025.1,0.132612
"Mech_RPM",67025.1,0.129959
"Mech_RPM",67025.1,0.129959
"Mech_RPM",67025.1,0.148194
"Mech_RPM",67025.1,0.148194
"Mech_RPM",67025.1,0.134813
"Mech_RPM",67025.1,0.134813
"Mech_RPM",67025.2,0.111283
"Mech_RPM",67025.2,0.111283
"Mech_RPM",67025.2,0.150724
"Mech_RPM",67025.2,0.150724
"Mech_RPM",67025.2,0.158127
"Mech_RPM",67025.2,0.158127
"Mech_RPM",67025.2,0.165381
"Mech_RPM",67025.2,0.165381
"Mech_RPM",67025.2,0.17249
"Mech_RPM",67025.2,0.17249
"Mech_RPM",67025.2,0.13779
"Mech_RPM",67025.2,0.13779
"Mech_RPM",67025.3,0.135034
"Mech_RPM",67025.3,0.135034
"Mech_RPM",67025.3,0.153167
"Mech_RPM",67025.3,0.153167
"Mech_RPM",67025.3,0.170937
"Mech_RPM",67025.3,0.170937
"Mech_RPM",67025.3,0.188351
"Mech_RPM",67025.3,0.188351
"Mech_RPM",67025.3,0.195001
"Mech_RPM",67025.3,0.195001
"Mech_RPM",67025.3,0.170268
"Mech_RPM",67025.4,0.170268
"Mech_RPM",67025.4,0.146029
"Mech_RPM",67025.4,0.146029
"Mech_RPM",67025.4,0.111858
"Mech_RPM",67025.4,0.111858
"Mech_RPM",67025.4,0.130455
"Mech_RPM",67025.4,0.130455
"Mech_RPM",67025.4,0.138262
"Mech_RPM",67025.4,0.138262
"Mech_RPM",67025.4,0.135497
"Mech_RPM",67025.4,0.135497
"Mech_RPM",67025.5,0.143204
"Mech_RPM",67025.5,0.143204
"Mech_RPM",67025.5,0.119506
"Mech_RPM",67025.5,0.119506
"Mech_RPM",67025.5,0.127533
"Mech_RPM",67025.5,0.127533
"Mech_RPM",67025.5,0.114565
"Mech_RPM",67025.5,0.114565
"Mech_RPM",67025.5,0.133107
"Mech_RPM",67025.5,0.133107
"Mech_RPM",67025.5,0.140862
"Mech_RPM",67025.5,0.140862
"Mech_RPM",67025.6,0.169295
"Mech_RPM",67025.6,0.169295
"Mech_RPM",67025.6,0.134659
"Mech_RPM",67025.6,0.134659
"Mech_RPM",67025.6,0.131966
"Mech_RPM",67025.6,0.131966
"Mech_RPM",67025.6,0.15016
"Mech_RPM",67025.6,0.15016
"Mech_RPM",67025.6,0.157573
"Mech_RPM",67025.6,0.157573
"Mech_RPM",67025.6,0.206505
"Mech_RPM",67025.7,0.206505
"Mech_RPM",67025.7,0.212792
"Mech_RPM",67025.7,0.212792
"Mech_RPM",67025.7,0.239786
"Mech_RPM",67025.7,0.239786
"Mech_RPM",67025.7,0.214157
"Mech_RPM",67025.7,0.214157
"Mech_RPM",67025.7,0.22029
"Mech_RPM",67025.7,0.22029
"Mech_RPM",67025.7,0.267968
"Mech_RPM",67025.7,0.267968
"Mech_RPM",67025.8,0.262608
"Mech_RPM",67025.8,0.262608
"Mech_RPM",67025.8,0.24694
"Mech_RPM",67025.8,0.24694
"Mech_RPM",67025.8,0.189917
"Mech_RPM",67025.8,0.189917
"Mech_RPM",67025.8,0.186119
"Mech_RPM",67025.8,0.186119
"Mech_RPM",67025.8,0.192813
"Mech_RPM",67025.8,0.192813
"Mech_RPM",67025.8,0.136874
"Mech_RPM",67025.9,0.136874
"Mech_RPM",67025.9,0.134136
"Mech_RPM",67025.9,0.134136
"Mech_RPM",67025.9,0.131454
"Mech_RPM",67025.9,0.131454
"Mech_RPM",67025.9,0.160075
"Mech_RPM",67025.9,0.160075
"Mech_RPM",67025.9,0.19854
"Mech_RPM",67025.9,0.19854
"Mech_RPM",67025.9,0.184152
"Mech_RPM",67026,0.184152
"Mech_RPM",67026,0.190886
"Mech_RPM",67026,0.190886
"Mech_RPM",67026,0.187068
"Mech_RPM",67026,0.187068
"Mech_RPM",67026,0.162493
"Mech_RPM",67026,0.162493
"Mech_RPM",67026,0.117577
"Mech_RPM",67026,0.117577
"Mech_RPM",67026,0.115225
"Mech_RPM",67026.1,0.115225
"Mech_RPM",67026.1,0.0712542
"Mech_RPM",67026.1,0.0712542
"Mech_RPM",67026.1,0.0594125
"Mech_RPM",67026.1,0.0594125
"Mech_RPM",67026.1,0.0478075
"Mech_RPM",67026.1,0.0478075
"Mech_RPM",67026.1,0.0156014
"Mech_RPM",67026.1,0.0156014
"Mech_RPM",67026.1,-0.00554397
"Mech_RPM",67026.2,-0.00554397
"Mech_RPM",67026.2,-0.0158498
"Mech_RPM",67026.2,-0.0158498
"Mech_RPM",67026.2,-0.0259494
"Mech_RPM",67026.2,-0.0259494
"Mech_RPM",67026.2,-0.0254304
"Mech_RPM",67026.2,-0.0254304
"Mech_RPM",67026.2,-0.0561718
"Mech_RPM",67026.2,-0.0561718
"Mech_RPM",67026.2,-0.0237984
"Mech_RPM",67026.3,-0.0237984
"Mech_RPM",67026.3,0.00792757
"Mech_RPM",67026.3,0.00792757
"Mech_RPM",67026.3,0.0598524
"Mech_RPM",67026.3,0.0598524
"Mech_RPM",67026.3,0.0169886
"Mech_RPM",67026.3,0.0169886
"Mech_RPM",67026.3,0.0687322
"Mech_RPM",67026.3,0.0687322
"Mech_RPM",67026.3,0.0881909
"Mech_RPM",67026.4,0.0881909
"Mech_RPM",67026.4,0.0551771
"Mech_RPM",67026.4,0.0551771
"Mech_RPM",67026.4,0.0749069
"Mech_RPM",67026.4,0.0749069
"Mech_RPM",67026.4,0.0942421
"Mech_RPM",67026.4,0.0942421
"Mech_RPM",67026.4,0.134024
"Mech_RPM",67026.4,0.134024
"Mech_RPM",67026.4,0.17301
"Mech_RPM",67026.5,0.17301
"Mech_RPM",67026.5,0.159133
"Mech_RPM",67026.5,0.159133
"Mech_RPM",67026.5,0.145534
"Mech_RPM",67026.5,0.145534
"Mech_RPM",67026.5,0.132207
"Mech_RPM",67026.5,0.132207
"Mech_RPM",67026.5,0.171229
"Mech_RPM",67026.5,0.171229
"Mech_RPM",67026.5,0.146971
"Mech_RPM",67026.6,0.146971
"Mech_RPM",67026.6,0.154448
"Mech_RPM",67026.6,0.154448
"Mech_RPM",67026.6,0.130526
"Mech_RPM",67026.6,0.130526
"Mech_RPM",67026.6,0.117499
"Mech_RPM",67026.6,0.117499
"Mech_RPM",67026.6,0.135982
"Mech_RPM",67026.6,0.135982
"Mech_RPM",67026.6,0.154096
"Mech_RPM",67026.7,0.154096
"Mech_RPM",67026.7,0.161431
"Mech_RPM",67026.7,0.161431
"Mech_RPM",67026.7,0.179035
"Mech_RPM",67026.7,0.179035
"Mech_RPM",67026.7,0.154621
"Mech_RPM",67026.7,0.154621
"Mech_RPM",67026.7,0.109862
"Mech_RPM",67026.7,0.109862
"Mech_RPM",67026.8,0.118082
"Mech_RPM",67026.8,0.118082
"Mech_RPM",67026.8,0.0740534
"Mech_RPM",67026.8,0.0740534
"Mech_RPM",67026.8,0.0934057
"Mech_RPM",67026.8,0.0934057
"Mech_RPM",67026.8,0.0707042
"Mech_RPM",67026.8,0.0707042
"Mech_RPM",67026.8,0.110957
"Mech_RPM",67026.8,0.110957
"Mech_RPM",67026.9,0.0774876
"Mech_RPM",67026.9,0.0774876
"Mech_RPM",67026.9,0.0551046
"Mech_RPM",67026.9,0.0551046
"Mech_RPM",67026.9,0.0644191
"Mech_RPM",67026.9,0.0644191
"Mech_RPM",67026.9,0.0631308
"Mech_RPM",67026.9,0.0631308
"Mech_RPM",67026.9,0.0514515
"Mech_RPM",67026.9,0.0514515
"Mech_RPM",67026.9,0.00875577
"Mech_RPM",67027,0.00875577
"Mech_RPM",67027,-0.00183601
"Mech_RPM",67027,-0.00183601
"Mech_RPM",67027,0.00861738
"Mech_RPM",67027,0.00861738
"Mech_RPM",67027,-0.0123883
"Mech_RPM",67027,-0.0123883
"Mech_RPM",67027,-0.0329739
"Mech_RPM",67027,-0.0329739
"Mech_RPM",67027,-0.0739811
"Mech_RPM",67027.1,-0.0739811
"Mech_RPM",67027.1,-0.0725014
"Mech_RPM",67027.1,-0.0725014
"Mech_RPM",67027.1,-0.102301
"Mech_RPM",67027.1,-0.102301
"Mech_RPM",67027.1,-0.121089
"Mech_RPM",67027.1,-0.121089
"Mech_RPM",67027.1,-0.118667
"Mech_RPM",67027.1,-0.118667
"Mech_RPM",67027.1,-0.116294
"Mech_RPM",67027.2,-0.116294
"Mech_RPM",67027.2,-0.113968
"Mech_RPM",67027.2,-0.113968
"Mech_RPM",67027.2,-0.153355
"Mech_RPM",67027.2,-0.153355
"Mech_RPM",67027.2,-0.181538
"Mech_RPM",67027.2,-0.181538
"Mech_RPM",67027.2,-0.167491
"Mech_RPM",67027.2,-0.167491
"Mech_RPM",67027.2,-0.132891
"Mech_RPM",67027.3,-0.132891
"Mech_RPM",67027.3,-0.14065
"Mech_RPM",67027.3,-0.14065
"Mech_RPM",67027.3,-0.179503
"Mech_RPM",67027.3,-0.179503
"Mech_RPM",67027.3,-0.21758
"Mech_RPM",67027.3,-0.21758
"Mech_RPM",67027.3,-0.109062
"Mech_RPM",67027.3,-0.109062
"Mech_RPM",67027.4,-0.127714
"Mech_RPM",67027.4,-0.127714
"Mech_RPM",67027.4,-0.135576
"Mech_RPM",67027.4,-0.135576
"Mech_RPM",67027.4,-0.174531
"Mech_RPM",67027.4,-0.174531
"Mech_RPM",67027.4,-0.150207
"Mech_RPM",67027.4,-0.150207
"Mech_RPM",67027.4,-0.199286
"Mech_RPM",67027.4,-0.199286
"Mech_RPM",67027.4,-0.184884
"Mech_RPM",67027.5,-0.184884
"Mech_RPM",67027.5,-0.20202
"Mech_RPM",67027.5,-0.20202
"Mech_RPM",67027.5,-0.197979
"Mech_RPM",67027.5,-0.197979
"Mech_RPM",67027.5,-0.235686
"Mech_RPM",67027.5,-0.235686
"Mech_RPM",67027.5,-0.262223
"Mech_RPM",67027.5,-0.262223
"Mech_RPM",67027.5,-0.267395
"Mech_RPM",67027.6,-0.267395
"Mech_RPM",67027.6,-0.25163
"Mech_RPM",67027.6,-0.25163
"Mech_RPM",67027.6,-0.184098
"Mech_RPM",67027.6,-0.184098
"Mech_RPM",67027.6,-0.201249
"Mech_RPM",67027.6,-0.201249
"Mech_RPM",67027.6,-0.165974
"Mech_RPM",67027.6,-0.165974
"Mech_RPM",67027.6,-0.100155
"Mech_RPM",67027.7,-0.100155
"Mech_RPM",67027.7,-0.139818
"Mech_RPM",67027.7,-0.139818
"Mech_RPM",67027.7,-0.147439
"Mech_RPM",67027.7,-0.147439
"Mech_RPM",67027.7,-0.186156
"Mech_RPM",67027.7,-0.186156
"Mech_RPM",67027.7,-0.19285
"Mech_RPM",67027.7,-0.19285
"Mech_RPM",67027.8,-0.241076
"Mech_RPM",67027.8,-0.241076
"Mech_RPM",67027.8,-0.236255
"Mech_RPM",67027.8,-0.236255
"Mech_RPM",67027.8,-0.23153
"Mech_RPM",67027.8,-0.23153
"Mech_RPM",67027.8,-0.258149
"Mech_RPM",67027.8,-0.258149
"Mech_RPM",67027.8,-0.305069
"Mech_RPM",67027.8,-0.305069
"Mech_RPM",67027.8,-0.288551
"Mech_RPM",67027.9,-0.288551
"Mech_RPM",67027.9,-0.261947
"Mech_RPM",67027.9,-0.261947
"Mech_RPM",67027.9,-0.277541
"Mech_RPM",67027.9,-0.277541
"Mech_RPM",67027.9,-0.292824
"Mech_RPM",67027.9,-0.292824
"Mech_RPM",67027.9,-0.307801
"Mech_RPM",67027.9,-0.307801
"Mech_RPM",67027.9,-0.249561
"Mech_RPM",67028,-0.249561
"Mech_RPM",67028,-0.265404
"Mech_RPM",67028,-0.265404
"Mech_RPM",67028,-0.270512
"Mech_RPM",67028,-0.270512
"Mech_RPM",67028,-0.244269
"Mech_RPM",67028,-0.244269
"Mech_RPM",67028,-0.208133
"Mech_RPM",67028,-0.208133
"Mech_RPM",67028,-0.245637
"Mech_RPM",67028.1,-0.245637
"Mech_RPM",67028.1,-0.199058
"Mech_RPM",67028.1,-0.199058
"Mech_RPM",67028.1,-0.21591
"Mech_RPM",67028.1,-0.21591
"Mech_RPM",67028.1,-0.169925
"Mech_RPM",67028.1,-0.169925
"Mech_RPM",67028.1,-0.18736
"Mech_RPM",67028.1,-0.18736
"Mech_RPM",67028.1,-0.194029
"Mech_RPM",67028.2,-0.194029
"Mech_RPM",67028.2,-0.190149
"Mech_RPM",67028.2,-0.190149
"Mech_RPM",67028.2,-0.165512
"Mech_RPM",67028.2,-0.165512
"Mech_RPM",67028.2,-0.193452
"Mech_RPM",67028.2,-0.193452
"Mech_RPM",67028.2,-0.210416
"Mech_RPM",67028.2,-0.210416
"Mech_RPM",67028.2,-0.195791
"Mech_RPM",67028.3,-0.195791
"Mech_RPM",67028.3,-0.181459
"Mech_RPM",67028.3,-0.181459
"Mech_RPM",67028.3,-0.14658
"Mech_RPM",67028.3,-0.14658
"Mech_RPM",67028.3,-0.133232
"Mech_RPM",67028.3,-0.133232
"Mech_RPM",67028.3,-0.130567
"Mech_RPM",67028.3,-0.130567
"Mech_RPM",67028.3,-0.127956
"Mech_RPM",67028.4,-0.127956
"Mech_RPM",67028.4,-0.0837298
"Mech_RPM",67028.4,-0.0837298
"Mech_RPM",67028.4,-0.0716385
"Mech_RPM",67028.4,-0.0716385
"Mech_RPM",67028.4,-0.0493724
"Mech_RPM",67028.4,-0.0493724
"Mech_RPM",67028.4,-0.048385
"Mech_RPM",67028.4,-0.048385
"Mech_RPM",67028.4,-0.026584
"Mech_RPM",67028.5,-0.026584
"Mech_RPM",67028.5,-0.0364689
"Mech_RPM",67028.5,-0.0364689
"Mech_RPM",67028.5,-0.0669896
"Mech_RPM",67028.5,-0.0669896
"Mech_RPM",67028.5,-0.0760664
"Mech_RPM",67028.5,-0.0760664
"Mech_RPM",67028.5,-0.105795
"Mech_RPM",67028.5,-0.105795
"Mech_RPM",67028.5,-0.145346
"Mech_RPM",67028.6,-0.145346
"Mech_RPM",67028.6,-0.132022
"Mech_RPM",67028.6,-0.132022
"Mech_RPM",67028.6,-0.118965
"Mech_RPM",67028.6,-0.118965
"Mech_RPM",67028.6,-0.158253
"Mech_RPM",67028.6,-0.158253
"Mech_RPM",67028.6,-0.196754
"Mech_RPM",67028.6,-0.196754
"Mech_RPM",67028.6,-0.192819
"Mech_RPM",67028.7,-0.192819
"Mech_RPM",67028.7,-0.178546
"Mech_RPM",67028.7,-0.178546
"Mech_RPM",67028.7,-0.154142
"Mech_RPM",67028.7,-0.154142
"Mech_RPM",67028.7,-0.192726
"Mech_RPM",67028.7,-0.192726
"Mech_RPM",67028.7,-0.178454
"Mech_RPM",67028.7,-0.178454
"Mech_RPM",67028.8,-0.112385
"Mech_RPM",67028.8,-0.112385
"Mech_RPM",67028.8,-0.151804
"Mech_RPM",67028.8,-0.151804
"Mech_RPM",67028.8,-0.159185
"Mech_RPM",67028.8,-0.159185
"Mech_RPM",67028.8,-0.156001
"Mech_RPM",67028.8,-0.156001
"Mech_RPM",67028.8,-0.163298
"Mech_RPM",67028.8,-0.163298
"Mech_RPM",67028.9,-0.149615
"Mech_RPM",67028.9,-0.149615
"Mech_RPM",67028.9,-0.146623
"Mech_RPM",67028.9,-0.146623
"Mech_RPM",67028.9,-0.102024
"Mech_RPM",67028.9,-0.102024
"Mech_RPM",67028.9,-0.1104
"Mech_RPM",67028.9,-0.1104
"Mech_RPM",67028.9,-0.0561086
"Mech_RPM",67028.9,-0.0561086
"Mech_RPM",67029,-0.0549864
"Mech_RPM",67029,-0.0549864
"Mech_RPM",67029,-0.04347
"Mech_RPM",67029,-0.04347
"Mech_RPM",67029,-0.032184
"Mech_RPM",67029,-0.032184
"Mech_RPM",67029,-0.104457
"Mech_RPM",67029,-0.104457
"Mech_RPM",67029,-0.0711178
"Mech_RPM",67029,-0.0711178
"Mech_RPM",67029,-0.100945
"Mech_RPM",67029.1,-0.100945
"Mech_RPM",67029.1,-0.0468432
"Mech_RPM",67029.1,-0.0468432
"Mech_RPM",67029.1,-0.0771564
"Mech_RPM",67029.1,-0.0771564
"Mech_RPM",67029.1,-0.0443632
"Mech_RPM",67029.1,-0.0443632
"Mech_RPM",67029.1,-0.00180931
"Mech_RPM",67029.1,-0.00180931
"Mech_RPM",67029.1,0.00864354
"Mech_RPM",67029.2,0.00864354
"Mech_RPM",67029.2,0.0397207
"Mech_RPM",67029.2,0.0397207
"Mech_RPM",67029.2,0.0285096
"Mech_RPM",67029.2,0.0285096
"Mech_RPM",67029.2,0.0279394
"Mech_RPM",67029.2,0.0279394
"Mech_RPM",67029.2,0.0169639
"Mech_RPM",67029.2,0.0169639
"Mech_RPM",67029.2,0.0270413
"Mech_RPM",67029.3,0.0270413
"Mech_RPM",67029.3,0.0369172
"Mech_RPM",67029.3,0.0369172
"Mech_RPM",67029.3,0.0570122
"cg_id_a",66999.4,-0.139453
"cg_id_a",66999.4,1.99351
"cg_id_a",66999.4,-2.58544
"cg_id_a",66999.4,3.81052
"cg_id_a",66999.4,0.156566
"cg_id_a",66999.4,-0.766042
"cg_id_a",66999.4,0.320725
"cg_id_a",66999.4,-0.202806
"cg_id_a",66999.5,-0.249747
"cg_id_a",66999.5,0.386855
"cg_id_a",66999.5,-0.74213
"cg_id_a",66999.5,0.490308
"cg_id_a",66999.5,0.996893
"cg_id_a",66999.5,-2.761
"cg_id_a",66999.5,2.70875
"cg_id_a",66999.5,-0.721379
"cg_id_a",66999.5,-1.52525
"cg_id_a",66999.5,2.65194
"cg_id_a",66999.6,-1.42863
"cg_id_a",66999.6,0.711498
"cg_id_a",66999.6,0.131893
"cg_id_a",66999.6,-1.5364
"cg_id_a",66999.6,0.447362
"cg_id_a",66999.6,0.290381
"cg_id_a",66999.6,-0.244526
"cg_id_a",66999.6,2.05195
"cg_id_a",66999.6,-0.253043
"cg_id_a",66999.6,-2.45744
"cg_id_a",66999.7,3.48981
"cg_id_a",66999.7,-1.40373
"cg_id_a",66999.7,-1.45331
"cg_id_a",66999.7,1.88683
"cg_id_a",66999.7,-1.05653
"cg_id_a",66999.7,0.601173
"cg_id_a",66999.7,0.765444
"cg_id_a",66999.7,-0.545325
"cg_id_a",66999.7,0.24628
"cg_id_a",66999.8,1.11183
"cg_id_a",66999.8,-0.483353
"cg_id_a",66999.8,1.16523
"cg_id_a",66999.8,1.26926
"cg_id_a",66999.8,-2.83402
"cg_id_a",66999.8,1.96066
"cg_id_a",66999.8,0.463019
"cg_id_a",66999.8,-2.68443
"cg_id_a",66999.8,2.21606
"cg_id_a",66999.8,-0.0675311
"cg_id_a",66999.8,-0.944687
"cg_id_a",66999.9,0.552437
"cg_id_a",66999.9,0.381271
"cg_id_a",66999.9,-0.597268
"cg_id_a",66999.9,-0.141012
"cg_id_a",66999.9,0.555556
"cg_id_a",66999.9,-0.950291
"cg_id_a",66999.9,1.57955
"cg_id_a",66999.9,-0.0576636
"cg_id_a",66999.9,-1.86713
"cg_id_a",66999.9,3.47384
"cg_id_a",67000,-0.996097
"cg_id_a",67000,-1.67511
"cg_id_a",67000,2.08809
"cg_id_a",67000,0.113503
"cg_id_a",67000,-1.0854
"cg_id_a",67000,-0.0536957
"cg_id_a",67000,-0.182028
"cg_id_a",67000,-0.980368
"cg_id_a",67000,0.344819
"cg_id_a",67000,1.01721
"cg_id_a",67000.1,-0.834063
"cg_id_a",67000.1,0.460131
"cg_id_a",67000.1,-0.0711714
"cg_id_a",67000.1,-1.81759
"cg_id_a",67000.1,1.08359
"cg_id_a",67000.1,1.35939
"cg_id_a",67000.1,-2.41783
"cg_id_a",67000.1,1.38749
"cg_id_a",67000.1,1.61953
"cg_id_a",67000.1,-2.59633
"cg_id_a",67000.2,0.427105
"cg_id_a",67000.2,0.499854
"cg_id_a",67000.2,-0.185726
"cg_id_a",67000.2,-0.458953
"cg_id_a",67000.2,0.678363
"cg_id_a",67000.2,-0.0393357
"cg_id_a",67000.2,-0.961955
"cg_id_a",67000.2,2.04655
"cg_id_a",67000.2,-0.131792
"cg_id_a",67000.2,-2.07426
"cg_id_a",67000.3,2.14509
"cg_id_a",67000.3,0.4657
"cg_id_a",67000.3,-2.37043
"cg_id_a",67000.3,0.626306
"cg_id_a",67000.3,0.834078
"cg_id_a",67000.3,-0.976901
"cg_id_a",67000.3,-0.332912
"cg_id_a",67000.3,0.145877
"cg_id_a",67000.3,0.224171
"cg_id_a",67000.4,-0.554826
"cg_id_a",67000.4,0.383163
"cg_id_a",67000.4,0.189863
"cg_id_a",67000.4,-0.716199
"cg_id_a",67000.4,1.63626
"cg_id_a",67000.4,0.309406
"cg_id_a",67000.4,-3.13988
"cg_id_a",67000.4,0.827026
"cg_id_a",67000.4,2.48885
"cg_id_a",67000.4,-1.9661
"cg_id_a",67000.4,-0.383051
"cg_id_a",67000.5,2.54468
"cg_id_a",67000.5,-0.173268
"cg_id_a",67000.5,-1.05404
"cg_id_a",67000.5,0.0902901
"cg_id_a",67000.5,-0.0278048
"cg_id_a",67000.5,-0.348553
"cg_id_a",67000.5,-0.844971
"cg_id_a",67000.5,0.0156625
"cg_id_a",67000.5,-0.0727716
"cg_id_a",67000.5,-0.857506
"cg_id_a",67000.6,1.7169
"cg_id_a",67000.6,0.833832
"cg_id_a",67000.6,-2.67526
"cg_id_a",67000.6,0.772862
"cg_id_a",67000.6,2.24428
"cg_id_a",67000.6,-1.58974
"cg_id_a",67000.6,-1.84342
"cg_id_a",67000.6,2.95356
"cg_id_a",67000.6,0.0187959
"cg_id_a",67000.6,-1.09231
"cg_id_a",67000.7,0.428775
"cg_id_a",67000.7,0.182901
"cg_id_a",67000.7,-0.383343
"cg_id_a",67000.7,-0.564135
"cg_id_a",67000.7,0.112547
"cg_id_a",67000.7,0.263767
"cg_id_a",67000.7,-1.12364
"cg_id_a",67000.7,0.269851
"cg_id_a",67000.7,2.3214
"cg_id_a",67000.8,-0.412543
"cg_id_a",67000.8,-2.11429
"cg_id_a",67000.8,2.56684
"cg_id_a",67000.8,1.6619
"cg_id_a",67000.8,-3.77283
"cg_id_a",67000.8,-1.22828
"cg_id_a",67000.8,1.03342
"cg_id_a",67000.8,-0.763381
"cg_id_a",67000.8,-0.849082
"cg_id_a",67000.8,-0.300888
"cg_id_a",67000.9,0.117719
"cg_id_a",67000.9,-1.88713
"cg_id_a",67000.9,-0.567568
"cg_id_a",67000.9,0.0906164
"cg_id_a",67000.9,0.925182
"cg_id_a",67000.9,-0.411498
"cg_id_a",67000.9,-0.980611
"cg_id_a",67000.9,1.33621
"cg_id_a",67000.9,-0.0329934
"cg_id_a",67000.9,-2.67945
"cg_id_a",67000.9,-0.812404
"cg_id_a",67001,1.52457
"cg_id_a",67001,-1.02688
"cg_id_a",67001,-3.97012
"cg_id_a",67001,-1.89655
"cg_id_a",67001,1.50212
"cg_id_a",67001,1.03215
"cg_id_a",67001,-0.395192
"cg_id_a",67001,-0.877909
"cg_id_a",67001,0.342848
"cg_id_a",67001,-0.0654465
"cg_id_a",67001.1,-0.467993
"cg_id_a",67001.1,0.700296
"cg_id_a",67001.1,0.249975
"cg_id_a",67001.1,-0.987582
"cg_id_a",67001.1,-0.879365
"cg_id_a",67001.1,0.740703
"cg_id_a",67001.1,1.43834
"cg_id_a",67001.1,-1.42238
"cg_id_a",67001.1,-2.0636
"cg_id_a",67001.1,2.09498
"cg_id_a",67001.2,2.6742
"cg_id_a",67001.2,-2.14317
"cg_id_a",67001.2,-2.03225
"cg_id_a",67001.2,1.45863
"cg_id_a",67001.2,1.34202
"cg_id_a",67001.2,-1.11262
"cg_id_a",67001.2,-0.447618
"cg_id_a",67001.2,-0.437955
"cg_id_a",67001.2,0.0836716
"cg_id_a",67001.2,0.359457
"cg_id_a",67001.3,-0.536942
"cg_id_a",67001.3,-0.103058
"cg_id_a",67001.3,0.45591
"cg_id_a",67001.3,0.612549
"cg_id_a",67001.3,-1.12253
"cg_id_a",67001.3,0.0619784
"cg_id_a",67001.3,2.36391
"cg_id_a",67001.3,-0.260094
"cg_id_a",67001.3,-2.21997
"cg_id_a",67001.4,-0.720064
"cg_id_a",67001.4,4.61621
"cg_id_a",67001.4,0.552837
"cg_id_a",67001.4,-2.29499
"cg_id_a",67001.4,-1.23833
"cg_id_a",67001.4,1.52018
"cg_id_a",67001.4,1.04255
"cg_id_a",67001.4,-1.50563
"cg_id_a",67001.4,-0.627052
"cg_id_a",67001.4,0.0899157
"cg_id_a",67001.5,0.83798
"cg_id_a",67001.5,0.419178
"cg_id_a",67001.5,0.187403
"cg_id_a",67001.5,-0.509351
"cg_id_a",67001.5,0.711311
"cg_id_a",67001.5,0.482027
"cg_id_a",67001.5,-1.60144
"cg_id_a",67001.5,-0.529249
"cg_id_a",67001.5,1.50591
"cg_id_a",67001.5,1.2014
"cg_id_a",67001.5,-0.638235
"cg_id_a",67001.6,-3.01725
"cg_id_a",67001.6,0.137198
"cg_id_a",67001.6,2.27952
"cg_id_a",67001.6,0.442472
"cg_id_a",67001.6,-2.67161
"cg_id_a",67001.6,-1.47082
"cg_id_a",67001.6,1.06657
"cg_id_a",67001.6,1.23512
"cg_id_a",67001.6,-0.643546
"cg_id_a",67001.7,-0.844784
"cg_id_a",67001.7,0.616648
"cg_id_a",67001.7,0.420946
"cg_id_a",67001.7,0.276656
"cg_id_a",67001.7,0.297612
"cg_id_a",67001.7,0.0427304
"cg_id_a",67001.7,-0.0964385
"cg_id_a",67001.7,2.55757
"cg_id_a",67001.7,0.181419
"cg_id_a",67001.7,-1.58223
"cg_id_a",67001.8,-0.713465
"cg_id_a",67001.8,0.87353
"cg_id_a",67001.8,1.72729
"cg_id_a",67001.8,-1.45421
"cg_id_a",67001.8,-2.1854
"cg_id_a",67001.8,0.116203
"cg_id_a",67001.8,3.13727
"cg_id_a",67001.8,2.35503
"cg_id_a",67001.8,-1.07062
"cg_id_a",67001.8,-2.45671
"cg_id_a",67001.9,0.435633
"cg_id_a",67001.9,1.57977
"cg_id_a",67001.9,0.632913
"cg_id_a",67001.9,-1.56083
"cg_id_a",67001.9,-1.12992
"cg_id_a",67001.9,0.107757
"cg_id_a",67001.9,-0.00359601
"cg_id_a",67001.9,0.321326
"cg_id_a",67001.9,0.522421
"cg_id_a",67001.9,0.0395648
"cg_id_a",67002,-0.817541
"cg_id_a",67002,1.30777
"cg_id_a",67002,0.0854796
"cg_id_a",67002,-0.2104
"cg_id_a",67002,-1.51506
"cg_id_a",67002,0.205455
"cg_id_a",67002,1.2585
"cg_id_a",67002,1.47579
"cg_id_a",67002,-1.20481
"cg_id_a",67002,-2.03233
"cg_id_a",67002.1,1.29359
"cg_id_a",67002.1,3.41479
"cg_id_a",67002.1,1.97166
"cg_id_a",67002.1,-1.6606
"cg_id_a",67002.1,-2.7249
"cg_id_a",67002.1,-0.556938
"cg_id_a",67002.1,0.824352
"cg_id_a",67002.1,1.51685
"cg_id_a",67002.1,-0.711603
"cg_id_a",67002.1,-1.33682
"cg_id_a",67002.2,-0.80508
"cg_id_a",67002.2,0.403495
"cg_id_a",67002.2,0.125154
"cg_id_a",67002.2,-0.0185923
"cg_id_a",67002.2,0.100281
"cg_id_a",67002.2,0.514177
"cg_id_a",67002.2,-0.202457
"cg_id_a",67002.2,0.268722
"cg_id_a",67002.2,1.13026
"cg_id_a",67002.2,-0.41977
"cg_id_a",67002.2,-1.20982
"cg_id_a",67002.3,-0.480338
"cg_id_a",67002.3,0.593151
"cg_id_a",67002.3,1.99343
"cg_id_a",67002.3,-0.615256
"cg_id_a",67002.3,-3.14434
"cg_id_a",67002.3,-0.284748
"cg_id_a",67002.3,-0.318655
"cg_id_a",67002.3,2.62843
"cg_id_a",67002.3,2.45
"cg_id_a",67002.4,-0.196348
"cg_id_a",67002.4,-2.84102
"cg_id_a",67002.4,-2.12855
"cg_id_a",67002.4,0.235039
"cg_id_a",67002.4,1.48967
"cg_id_a",67002.4,0.693762
"cg_id_a",67002.4,-0.348918
"cg_id_a",67002.4,-0.0877183
"cg_id_a",67002.4,-0.676813
"cg_id_a",67002.4,0.68289
"cg_id_a",67002.5,-0.308046
"cg_id_a",67002.5,0.630725
"cg_id_a",67002.5,-0.565034
"cg_id_a",67002.5,-0.030505
"cg_id_a",67002.5,-0.611787
"cg_id_a",67002.5,0.326447
"cg_id_a",67002.5,0.384611
"cg_id_a",67002.5,0.369561
"cg_id_a",67002.5,-0.0928872
"cg_id_a",67002.5,-0.544409
"cg_id_a",67002.6,-0.52229
"cg_id_a",67002.6,0.501987
"cg_id_a",67002.6,1.27944
"cg_id_a",67002.6,1.88818
"cg_id_a",67002.6,-0.121504
"cg_id_a",67002.6,-2.57694
"cg_id_a",67002.6,-2.04585
"cg_id_a",67002.6,0.515638
"cg_id_a",67002.6,2.87008
"cg_id_a",67002.6,3.03457
"cg_id_a",67002.7,-0.756842
"cg_id_a",67002.7,-1.55831
"cg_id_a",67002.7,-2.05544
"cg_id_a",67002.7,0.330977
"cg_id_a",67002.7,1.50338
"cg_id_a",67002.7,1.92449
"cg_id_a",67002.7,0.397204
"cg_id_a",67002.7,-1.08284
"cg_id_a",67002.7,-0.969701
"cg_id_a",67002.7,-0.0691249
"cg_id_a",67002.8,0.16797
"cg_id_a",67002.8,-0.191336
"cg_id_a",67002.8,0.105306
"cg_id_a",67002.8,0.669361
"cg_id_a",67002.8,-0.0545708
"cg_id_a",67002.8,-0.25792
"cg_id_a",67002.8,-0.0201277
"cg_id_a",67002.8,1.02774
"cg_id_a",67002.8,0.0371771
"cg_id_a",67002.8,0.543568
"cg_id_a",67002.9,-0.0417873
"cg_id_a",67002.9,-0.886583
"cg_id_a",67002.9,-1.46161
"cg_id_a",67002.9,-1.60666
"cg_id_a",67002.9,1.82443
"cg_id_a",67002.9,1.84186
"cg_id_a",67002.9,0.882187
"cg_id_a",67002.9,-0.915604
"cg_id_a",67002.9,-2.65913
"cg_id_a",67002.9,-2.90706
"cg_id_a",67003,-0.856946
"cg_id_a",67003,2.17629
"cg_id_a",67003,3.16696
"cg_id_a",67003,2.18021
"cg_id_a",67003,0.101379
"cg_id_a",67003,-1.64232
"cg_id_a",67003,-2.47243
"cg_id_a",67003,-1.31019
"cg_id_a",67003,1.00615
"cg_id_a",67003,0.981716
"cg_id_a",67003.1,1.1336
"cg_id_a",67003.1,0.921647
"cg_id_a",67003.1,-0.635945
"cg_id_a",67003.1,-0.867607
"cg_id_a",67003.1,-1.02373
"cg_id_a",67003.1,0.10047
"cg_id_a",67003.1,-0.793977
"cg_id_a",67003.1,0.551865
"cg_id_a",67003.1,0.776214
"cg_id_a",67003.1,1.81189
"cg_id_a",67003.2,-0.476733
"cg_id_a",67003.2,-0.670851
"cg_id_a",67003.2,-0.338717
"cg_id_a",67003.2,0.583181
"cg_id_a",67003.2,0.329674
"cg_id_a",67003.2,0.392917
"cg_id_a",67003.2,0.396442
"cg_id_a",67003.2,0.273167
"cg_id_a",67003.2,-1.68782
"cg_id_a",67003.2,-2.25652
"cg_id_a",67003.3,-1.35461
"cg_id_a",67003.3,0.210222
"cg_id_a",67003.3,1.72008
"cg_id_a",67003.3,2.06623
"cg_id_a",67003.3,1.91674
"cg_id_a",67003.3,-0.261353
"cg_id_a",67003.3,-1.7705
"cg_id_a",67003.3,-3.4072
"cg_id_a",67003.3,-2.10106
"cg_id_a",67003.3,-0.456503
"cg_id_a",67003.4,2.43371
"cg_id_a",67003.4,5.13187
"cg_id_a",67003.4,2.75654
"cg_id_a",67003.4,0.618095
"cg_id_a",67003.4,-1.57944
"cg_id_a",67003.4,-2.55177
"cg_id_a",67003.4,-2.37185
"cg_id_a",67003.4,-1.168
"cg_id_a",67003.4,0.305988
"cg_id_a",67003.4,1.95654
"cg_id_a",67003.5,2.01809
"cg_id_a",67003.5,1.37041
"cg_id_a",67003.5,-0.0474261
"cg_id_a",67003.5,-0.774596
"cg_id_a",67003.5,-1.3747
"cg_id_a",67003.5,0.0712324
"cg_id_a",67003.5,-1.34019
"cg_id_a",67003.5,0.966986
"cg_id_a",67003.5,-0.624305
"cg_id_a",67003.5,0.303296
"cg_id_a",67003.6,-0.385109
"cg_id_a",67003.6,0.156231
"cg_id_a",67003.6,0.0192321
"cg_id_a",67003.6,-0.281087
"cg_id_a",67003.6,-0.0469423
"cg_id_a",67003.6,-1.00028
"cg_id_a",67003.6,0.0200115
"cg_id_a",67003.6,0.091002
"cg_id_a",67003.6,0.362618
"cg_id_a",67003.6,0.688148
"cg_id_a",67003.6,1.1307
"cg_id_a",67003.7,-0.476132
"cg_id_a",67003.7,-0.139359
"cg_id_a",67003.7,-0.378225
"cg_id_a",67003.7,-0.841806
"cg_id_a",67003.7,-0.789269
"cg_id_a",67003.7,-0.201045
"cg_id_a",67003.7,-0.0571464
"cg_id_a",67003.7,2.73812
"cg_id_a",67003.7,0.491356
"cg_id_a",67003.7,1.12419
"cg_id_a",67003.8,-0.316373
"cg_id_a",67003.8,-1.89781
"cg_id_a",67003.8,-2.94161
"cg_id_a",67003.8,-2.67428
"cg_id_a",67003.8,-2.21756
"cg_id_a",67003.8,0.451939
"cg_id_a",67003.8,0.766298
"cg_id_a",67003.8,2.78623
"cg_id_a",67003.8,2.70963
"cg_id_a",67003.8,2.18232
"cg_id_a",67003.9,0.749556
"cg_id_a",67003.9,-0.534113
"cg_id_a",67003.9,-1.51282
"cg_id_a",67003.9,-3.48052
"cg_id_a",67003.9,-2.08144
"cg_id_a",67003.9,-1.62374
"cg_id_a",67003.9,-0.082017
"cg_id_a",67003.9,2.77757
"cg_id_a",67003.9,0.144156
"cg_id_a",67003.9,2.88686
"cg_id_a",67004,1.8892
"cg_id_a",67004,1.29054
"cg_id_a",67004,-0.369534
"cg_id_a",67004,-0.639809
"cg_id_a",67004,-0.414286
"cg_id_a",67004,-1.39889
"cg_id_a",67004,-0.86349
"cg_id_a",67004,-0.601018
"cg_id_a",67004,0.53269
"cg_id_a",67004,0.709947
"cg_id_a",67004.1,0.839028
"cg_id_a",67004.1,0.195557
"cg_id_a",67004.1,0.623593
"cg_id_a",67004.1,0.368365
"cg_id_a",67004.1,-0.154433
"cg_id_a",67004.1,0.264398
"cg_id_a",67004.1,0.890327
"cg_id_a",67004.1,0.503825
"cg_id_a",67004.1,1.09268
"cg_id_a",67004.1,-0.345814
"cg_id_a",67004.2,0.0191635
"cg_id_a",67004.2,-1.09602
"cg_id_a",67004.2,-0.0582117
"cg_id_a",67004.2,0.217096
"cg_id_a",67004.2,0.195142
"cg_id_a",67004.2,0.0665743
"cg_id_a",67004.2,0.104566
"cg_id_a",67004.2,0.0241694
"cg_id_a",67004.2,0.0824406
"cg_id_a",67004.2,-0.96421
"cg_id_a",67004.3,-0.721697
"cg_id_a",67004.3,-1.17956
"cg_id_a",67004.3,-0.695136
"cg_id_a",67004.3,-1.17908
"cg_id_a",67004.3,-0.64405
"cg_id_a",67004.3,0.76475
"cg_id_a",67004.3,0.768084
"cg_id_a",67004.3,1.57732
"cg_id_a",67004.3,1.57742
"cg_id_a",67004.3,1.85225
"cg_id_a",67004.4,0.890646
"cg_id_a",67004.4,0.156297
"cg_id_a",67004.4,0.0582584
"cg_id_a",67004.4,-1.7173
"cg_id_a",67004.4,-1.78327
"cg_id_a",67004.4,-2.32616
"cg_id_a",67004.4,-2.4826
"cg_id_a",67004.4,-1.5858
"cg_id_a",67004.4,-1.25209
"cg_id_a",67004.4,0.28615
"cg_id_a",67004.5,3.15443
"cg_id_a",67004.5,1.94229
"cg_id_a",67004.5,1.66028
"cg_id_a",67004.5,3.47873
"cg_id_a",67004.5,1.87451
"cg_id_a",67004.5,1.78618
"cg_id_a",67004.5,1.10634
"cg_id_a",67004.5,-0.424924
"cg_id_a",67004.5,-1.4869
"cg_id_a",67004.5,-1.68706
"cg_id_a",67004.6,-3.19091
"cg_id_a",67004.6,-1.74906
"cg_id_a",67004.6,-2.42237
"cg_id_a",67004.6,-2.03394
"cg_id_a",67004.6,-1.18006
"cg_id_a",67004.6,-0.627665
"cg_id_a",67004.6,0.34171
"cg_id_a",67004.6,1.03991
"cg_id_a",67004.6,1.6873
"cg_id_a",67004.6,1.56823
"cg_id_a",67004.7,2.04767
"cg_id_a",67004.7,2.29179
"cg_id_a",67004.7,1.03555
"cg_id_a",67004.7,-0.47945
"cg_id_a",67004.7,1.69868
"cg_id_a",67004.7,-0.819277
"cg_id_a",67004.8,0.24987
"cg_id_a",67004.8,-0.518946
"cg_id_a",67004.8,-1.214
"cg_id_a",67004.8,-0.543408
"cg_id_a",67004.8,-1.60645
"cg_id_a",67004.8,-1.16821
"cg_id_a",67004.9,-0.195609
"cg_id_a",67004.9,-0.551842
"cg_id_a",67004.9,-0.79103
"cg_id_a",67004.9,0.0952156
"cg_id_a",67004.9,-0.0731739
"cg_id_a",67004.9,-0.00911609
"cg_id_a",67004.9,-0.913926
"cg_id_a",67004.9,2.02712
"cg_id_a",67005,0.578423
"cg_id_a",67005,0.805639
"cg_id_a",67005,-0.204056
"cg_id_a",67005,-0.246947
"cg_id_a",67005,0.0536942
"cg_id_a",67005.1,-1.79889
"cg_id_a",67005.1,0.382349
"cg_id_a",67005.1,-0.177481
"cg_id_a",67005.1,-0.753438
"cg_id_a",67005.1,0.0037
"cg_id_a",67005.1,0.145002
"cg_id_a",67005.1,-0.912219
"cg_id_a",67005.1,-0.75798
"cg_id_a",67005.1,0.30921
"cg_id_a",67005.1,-0.560013
"cg_id_a",67005.2,0.659006
"cg_id_a",67005.2,1.83523
"cg_id_a",67005.2,-0.0500714
"cg_id_a",67005.2,0.064676
"cg_id_a",67005.2,0.308431
"cg_id_a",67005.2,0.266852
"cg_id_a",67005.2,1.14016
"cg_id_a",67005.2,0.896491
"cg_id_a",67005.2,0.0932048
"cg_id_a",67005.2,0.211786
"cg_id_a",67005.2,2.25225
"cg_id_a",67005.3,0.101771
"cg_id_a",67005.3,-0.59325
"cg_id_a",67005.3,0.47224
"cg_id_a",67005.3,-0.485266
"cg_id_a",67005.3,-1.6092
"cg_id_a",67005.3,-0.0873961
"cg_id_a",67005.3,0.0911054
"cg_id_a",67005.3,-0.44831
"cg_id_a",67005.3,-0.572444
"cg_id_a",67005.3,-0.994794
"cg_id_a",67005.3,-1.57688
"cg_id_a",67005.4,-1.84834
"cg_id_a",67005.4,0.00867668
"cg_id_a",67005.4,-1.12188
"cg_id_a",67005.4,-1.29299
"cg_id_a",67005.4,-0.438468
"cg_id_a",67005.4,-0.397467
"cg_id_a",67005.4,-0.445147
"cg_id_a",67005.4,-0.10833
"cg_id_a",67005.4,0.137926
"cg_id_a",67005.4,0.0189436
"cg_id_a",67005.4,0.958952
"cg_id_a",67005.5,0.847001
"cg_id_a",67005.5,1.88746
"cg_id_a",67005.5,1.14561
"cg_id_a",67005.5,1.24236
"cg_id_a",67005.5,0.458496
"cg_id_a",67005.5,1.84393
"cg_id_a",67005.5,1.54112
"cg_id_a",67005.5,1.11117
"cg_id_a",67005.5,1.86551
"cg_id_a",67005.5,2.2466
"cg_id_a",67005.5,2.22868
"cg_id_a",67005.5,2.19153
"cg_id_a",67005.6,1.96764
"cg_id_a",67005.6,2.05879
"cg_id_a",67005.6,1.07873
"cg_id_a",67005.6,1.03884
"cg_id_a",67005.6,1.03793
"cg_id_a",67005.6,1.15139
"cg_id_a",67005.6,1.02551
"cg_id_a",67005.6,1.16747
"cg_id_a",67005.6,0.175862
"cg_id_a",67005.6,0.336538
"cg_id_a",67005.6,0.00119138
"cg_id_a",67005.7,0.429714
"cg_id_a",67005.7,-0.604565
"cg_id_a",67005.7,-0.538208
"cg_id_a",67005.7,-1.50092
"cg_id_a",67005.7,-0.0636908
"cg_id_a",67005.7,-2.65204
"cg_id_a",67005.7,-0.297458
"cg_id_a",67005.7,-1.38407
"cg_id_a",67005.7,-1.0092
"cg_id_a",67005.7,-1.33566
"cg_id_a",67005.7,-2.10806
"cg_id_a",67005.8,-2.09298
"cg_id_a",67005.8,-2.39991
"cg_id_a",67005.8,-2.68665
"cg_id_a",67005.8,-2.11584
"cg_id_a",67005.8,-2.58382
"cg_id_a",67005.8,-1.8118
"cg_id_a",67005.8,-0.999869
"cg_id_a",67005.8,-2.88882
"cg_id_a",67005.8,-3.26214
"cg_id_a",67005.8,-2.81829
"cg_id_a",67005.8,-3.06398
"cg_id_a",67005.9,-2.80164
"cg_id_a",67005.9,-2.67046
"cg_id_a",67005.9,-2.81239
"cg_id_a",67005.9,-1.70415
"cg_id_a",67005.9,-2.57335
"cg_id_a",67005.9,-2.90791
"cg_id_a",67005.9,-3.00283
"cg_id_a",67005.9,-2.58357
"cg_id_a",67005.9,-2.25686
"cg_id_a",67005.9,-2.38166
"cg_id_a",67005.9,-2.93981
"cg_id_a",67006,-2.92018
"cg_id_a",67006,-1.99499
"cg_id_a",67006,-2.66114
"cg_id_a",67006,-2.83144
"cg_id_a",67006,-2.40349
"cg_id_a",67006,-2.49748
"cg_id_a",67006,-1.92235
"cg_id_a",67006,-2.3433
"cg_id_a",67006,-1.95063
"cg_id_a",67006,-3.21731
"cg_id_a",67006.1,-2.79157
"cg_id_a",67006.1,-2.22871
"cg_id_a",67006.1,-2.13752
"cg_id_a",67006.1,-2.53893
"cg_id_a",67006.1,-2.30274
"cg_id_a",67006.1,-2.76197
"cg_id_a",67006.1,-2.44807
"cg_id_a",67006.1,-2.89968
"cg_id_a",67006.1,-3.11367
"cg_id_a",67006.1,-2.51699
"cg_id_a",67006.2,-1.92406
"cg_id_a",67006.2,-2.57811
"cg_id_a",67006.2,-2.02211
"cg_id_a",67006.2,-2.87118
"cg_id_a",67006.2,-2.37869
"cg_id_a",67006.2,-2.65164
"cg_id_a",67006.2,-3.10822
"cg_id_a",67006.2,-3.57969
"cg_id_a",67006.2,-2.3886
"cg_id_a",67006.2,-2.63422
"cg_id_a",67006.3,-2.26133
"cg_id_a",67006.3,-2.95683
"cg_id_a",67006.3,-2.98453
"cg_id_a",67006.3,-3.18597
"cg_id_a",67006.3,-2.42558
"cg_id_a",67006.3,-3.05196
"cg_id_a",67006.3,-3.10892
"cg_id_a",67006.3,-2.32099
"cg_id_a",67006.3,-1.83116
"cg_id_a",67006.3,-2.66227
"cg_id_a",67006.4,-2.52369
"cg_id_a",67006.4,-2.77895
"cg_id_a",67006.4,-1.71654
"cg_id_a",67006.4,-2.95815
"cg_id_a",67006.4,-2.92161
"cg_id_a",67006.4,-2.84802
"cg_id_a",67006.4,-3.29137
"cg_id_a",67006.4,-2.19499
"cg_id_a",67006.4,-2.94884
"cg_id_a",67006.4,-2.38888
"cg_id_a",67006.5,-2.64779
"cg_id_a",67006.5,-2.95861
"cg_id_a",67006.5,-1.88339
"cg_id_a",67006.5,-3.07283
"cg_id_a",67006.5,-2.58679
"cg_id_a",67006.5,-2.9577
"cg_id_a",67006.5,-3.29761
"cg_id_a",67006.5,-2.86197
"cg_id_a",67006.5,-3.21245
"cg_id_a",67006.5,-2.49728
"cg_id_a",67006.6,-2.75198
"cg_id_a",67006.6,-3.97344
"cg_id_a",67006.6,-2.04386
"cg_id_a",67006.6,-2.40992
"cg_id_a",67006.6,-2.00376
"cg_id_a",67006.6,-2.28828
"cg_id_a",67006.6,-2.75264
"cg_id_a",67006.6,-2.52827
"cg_id_a",67006.6,-2.48486
"cg_id_a",67006.6,-2.29264
"cg_id_a",67006.7,-2.63375
"cg_id_a",67006.7,-2.53788
"cg_id_a",67006.7,-2.37754
"cg_id_a",67006.7,-2.63845
"cg_id_a",67006.7,-2.89898
"cg_id_a",67006.7,-2.82232
"cg_id_a",67006.7,-3.07545
"cg_id_a",67006.7,-2.82494
"cg_id_a",67006.7,-2.5399
"cg_id_a",67006.8,-2.93546
"cg_id_a",67006.8,-3.37615
"cg_id_a",67006.8,-2.62381
"cg_id_a",67006.8,-3.26358
"cg_id_a",67006.8,-2.83535
"cg_id_a",67006.8,-2.20395
"cg_id_a",67006.8,-2.24645
"cg_id_a",67006.8,-3.15866
"cg_id_a",67006.8,-2.35533
"cg_id_a",67006.8,-2.38167
"cg_id_a",67006.9,-4.17679
"cg_id_a",67006.9,-2.73787
"cg_id_a",67006.9,-1.87175
"cg_id_a",67006.9,-2.90692
"cg_id_a",67006.9,-2.16965
"cg_id_a",67006.9,-2.36821
"cg_id_a",67006.9,-2.46595
"cg_id_a",67006.9,-2.61202
"cg_id_a",67006.9,-3.2465
"cg_id_a",67006.9,-3.26442
"cg_id_a",67006.9,-2.9474
"cg_id_a",67007,-2.78835
"cg_id_a",67007,-2.2771
"cg_id_a",67007,-1.97005
"cg_id_a",67007,-2.03389
"cg_id_a",67007,-3.07621
"cg_id_a",67007,-3.19305
"cg_id_a",67007,-2.37288
"cg_id_a",67007,-2.48992
"cg_id_a",67007,-1.60532
"cg_id_a",67007,-3.52679
"cg_id_a",67007.1,-2.48349
"cg_id_a",67007.1,-2.23573
"cg_id_a",67007.1,-2.77645
"cg_id_a",67007.1,-3.70946
"cg_id_a",67007.1,-2.46941
"cg_id_a",67007.1,-2.75429
"cg_id_a",67007.1,-3.18467
"cg_id_a",67007.1,-2.11967
"cg_id_a",67007.1,-3.0761
"cg_id_a",67007.1,-3.09515
"cg_id_a",67007.2,-1.68551
"cg_id_a",67007.2,-2.39355
"cg_id_a",67007.2,-2.77614
"cg_id_a",67007.2,-2.52085
"cg_id_a",67007.2,-3.22686
"cg_id_a",67007.2,-2.3196
"cg_id_a",67007.2,-3.30283
"cg_id_a",67007.2,-3.07295
"cg_id_a",67007.2,-2.67571
"cg_id_a",67007.2,-2.8747
"cg_id_a",67007.3,-2.77501
"cg_id_a",67007.3,-2.63488
"cg_id_a",67007.3,-1.49324
"cg_id_a",67007.3,-2.63756
"cg_id_a",67007.3,-3.19243
"cg_id_a",67007.3,-2.74949
"cg_id_a",67007.3,-3.22961
"cg_id_a",67007.3,-2.28005
"cg_id_a",67007.3,-3.06034
"cg_id_a",67007.4,-2.62692
"cg_id_a",67007.4,-2.62324
"cg_id_a",67007.4,-3.14746
"cg_id_a",67007.4,-2.49746
"cg_id_a",67007.4,-2.58138
"cg_id_a",67007.4,-2.69548
"cg_id_a",67007.4,-2.79987
"cg_id_a",67007.4,-2.52718
"cg_id_a",67007.4,-2.74018
"cg_id_a",67007.4,-3.26462
"cg_id_a",67007.5,-4.29833
"cg_id_a",67007.5,-2.44144
"cg_id_a",67007.5,-3.13273
"cg_id_a",67007.5,-3.31059
"cg_id_a",67007.5,-2.40852
"cg_id_a",67007.5,-2.88409
"cg_id_a",67007.5,-2.55963
"cg_id_a",67007.5,-3.14679
"cg_id_a",67007.5,-2.99382
"cg_id_a",67007.5,-3.17889
"cg_id_a",67007.5,-3.19809
"cg_id_a",67007.6,-2.74595
"cg_id_a",67007.6,-3.03896
"cg_id_a",67007.6,-2.53489
"cg_id_a",67007.6,-2.99503
"cg_id_a",67007.6,-2.30748
"cg_id_a",67007.6,-2.52526
"cg_id_a",67007.6,-3.40467
"cg_id_a",67007.6,-1.94028
"cg_id_a",67007.6,-2.59236
"cg_id_a",67007.6,-3.02702
"cg_id_a",67007.7,-2.79642
"cg_id_a",67007.7,-3.44652
"cg_id_a",67007.7,-2.62931
"cg_id_a",67007.7,-3.30122
"cg_id_a",67007.7,-2.95737
"cg_id_a",67007.7,-2.92984
"cg_id_a",67007.7,-2.58665
"cg_id_a",67007.7,-3.06631
"cg_id_a",67007.7,-2.57227
"cg_id_a",67007.8,-2.49131
"cg_id_a",67007.8,-3.30593
"cg_id_a",67007.8,-2.68379
"cg_id_a",67007.8,-2.80879
"cg_id_a",67007.8,-2.51836
"cg_id_a",67007.8,-2.96229
"cg_id_a",67007.8,-3.1432
"cg_id_a",67007.8,-3.1036
"cg_id_a",67007.8,-1.74525
"cg_id_a",67007.8,-2.84242
"cg_id_a",67007.9,-2.91311
"cg_id_a",67007.9,-3.01838
"cg_id_a",67007.9,-2.14564
"cg_id_a",67007.9,-1.55227
"cg_id_a",67007.9,-2.94503
"cg_id_a",67007.9,-2.48418
"cg_id_a",67007.9,-2.8123
"cg_id_a",67007.9,-2.14534
"cg_id_a",67007.9,-1.82243
"cg_id_a",67007.9,-2.46429
"cg_id_a",67007.9,-2.35983
"cg_id_a",67008,-2.7825
"cg_id_a",67008,-3.02864
"cg_id_a",67008,-2.69721
"cg_id_a",67008,-2.86244
"cg_id_a",67008,-2.28375
"cg_id_a",67008,-2.46576
"cg_id_a",67008,-2.66976
"cg_id_a",67008,-3.54983
"cg_id_a",67008,-2.81624
"cg_id_a",67008,-2.65172
"cg_id_a",67008.1,-2.33842
"cg_id_a",67008.1,-2.45528
"cg_id_a",67008.1,-3.29368
"cg_id_a",67008.1,-2.62821
"cg_id_a",67008.1,-1.99051
"cg_id_a",67008.1,-2.33625
"cg_id_a",67008.1,-2.25627
"cg_id_a",67008.1,-2.53522
"cg_id_a",67008.1,-3.20268
"cg_id_a",67008.1,-2.95435
"cg_id_a",67008.2,-2.36716
"cg_id_a",67008.2,-2.26595
"cg_id_a",67008.2,-2.87592
"cg_id_a",67008.2,-2.72649
"cg_id_a",67008.2,-3.3189
"cg_id_a",67008.2,-1.52315
"cg_id_a",67008.2,-2.77037
"cg_id_a",67008.2,-2.20548
"cg_id_a",67008.2,-2.76972
"cg_id_a",67008.2,-2.51115
"cg_id_a",67008.3,-1.74746
"cg_id_a",67008.3,-2.58693
"cg_id_a",67008.3,-3.01808
"cg_id_a",67008.3,-2.47397
"cg_id_a",67008.3,-2.88035
"cg_id_a",67008.3,-3.15696
"cg_id_a",67008.3,-3.03347
"cg_id_a",67008.3,-3.18405
"cg_id_a",67008.3,-2.54437
"cg_id_a",67008.3,-3.22049
"cg_id_a",67008.4,-3.09956
"cg_id_a",67008.4,-2.51662
"cg_id_a",67008.4,-2.46383
"cg_id_a",67008.4,-3.55083
"cg_id_a",67008.4,-2.59157
"cg_id_a",67008.4,-3.05058
"cg_id_a",67008.4,-2.24409
"cg_id_a",67008.4,-2.58552
"cg_id_a",67008.4,-2.89258
"cg_id_a",67008.4,-3.28279
"cg_id_a",67008.5,-1.76114
"cg_id_a",67008.5,-2.636
"cg_id_a",67008.5,-2.71844
"cg_id_a",67008.5,-3.0001
"cg_id_a",67008.5,-2.81271
"cg_id_a",67008.5,-2.29237
"cg_id_a",67008.5,-2.84966
"cg_id_a",67008.5,-2.93259
"cg_id_a",67008.5,-2.07707
"cg_id_a",67008.5,-2.23609
"cg_id_a",67008.6,-2.56892
"cg_id_a",67008.6,-3.95256
"cg_id_a",67008.6,-2.72906
"cg_id_a",67008.6,-2.75089
"cg_id_a",67008.6,-2.69532
"cg_id_a",67008.6,-3.07865
"cg_id_a",67008.6,-3.1432
"cg_id_a",67008.6,-2.64717
"cg_id_a",67008.6,-2.30685
"cg_id_a",67008.6,-2.44074
"cg_id_a",67008.7,-2.29677
"cg_id_a",67008.7,-2.94659
"cg_id_a",67008.7,-2.99911
"cg_id_a",67008.7,-3.40012
"cg_id_a",67008.7,-2.19539
"cg_id_a",67008.7,-2.16155
"cg_id_a",67008.7,-3.03648
"cg_id_a",67008.7,-2.68978
"cg_id_a",67008.7,-2.42572
"cg_id_a",67008.8,-3.56429
"cg_id_a",67008.8,-2.67596
"cg_id_a",67008.8,-3.07198
"cg_id_a",67008.8,-2.52064
"cg_id_a",67008.8,-3.27271
"cg_id_a",67008.8,-2.92673
"cg_id_a",67008.8,-2.46803
"cg_id_a",67008.8,-2.57758
"cg_id_a",67008.8,-2.78474
"cg_id_a",67008.8,-3.20753
"cg_id_a",67008.9,-3.92509
"cg_id_a",67008.9,-3.08737
"cg_id_a",67008.9,-2.80976
"cg_id_a",67008.9,-3.32711
"cg_id_a",67008.9,-2.26016
"cg_id_a",67008.9,-3.43322
"cg_id_a",67008.9,-2.27423
"cg_id_a",67008.9,-2.2629
"cg_id_a",67008.9,-3.4934
"cg_id_a",67008.9,-2.63133
"cg_id_a",67009,-2.7978
"cg_id_a",67009,-2.97815
"cg_id_a",67009,-2.12465
"cg_id_a",67009,-2.7107
"cg_id_a",67009,-2.67736
"cg_id_a",67009,-2.63872
"cg_id_a",67009,-3.23225
"cg_id_a",67009,-2.59734
"cg_id_a",67009,-2.83733
"cg_id_a",67009,-2.68842
"cg_id_a",67009.1,-2.20405
"cg_id_a",67009.1,-3.12076
"cg_id_a",67009.1,-3.1265
"cg_id_a",67009.1,-2.56907
"cg_id_a",67009.1,-2.47634
"cg_id_a",67009.1,-2.64786
"cg_id_a",67009.1,-3.03175
"cg_id_a",67009.1,-2.88182
"cg_id_a",67009.1,-2.5654
"cg_id_a",67009.1,-2.41448
"cg_id_a",67009.2,-2.56726
"cg_id_a",67009.2,-3.62988
"cg_id_a",67009.2,-3.04047
"cg_id_a",67009.2,-3.25436
"cg_id_a",67009.2,-3.002
"cg_id_a",67009.2,-2.72857
"cg_id_a",67009.2,-2.56743
"cg_id_a",67009.2,-2.5435
"cg_id_a",67009.2,-3.25731
"cg_id_a",67009.2,-2.85594
"cg_id_a",67009.2,-2.71307
"cg_id_a",67009.3,-3.2654
"cg_id_a",67009.3,-2.379
"cg_id_a",67009.3,-2.62025
"cg_id_a",67009.3,-2.17835
"cg_id_a",67009.3,-3.16044
"cg_id_a",67009.3,-2.27512
"cg_id_a",67009.3,-2.38234
"cg_id_a",67009.3,-2.97595
"cg_id_a",67009.3,-2.49151
"cg_id_a",67009.4,-2.10619
"cg_id_a",67009.4,-2.75387
"cg_id_a",67009.4,-2.63424
"cg_id_a",67009.4,-2.79182
"cg_id_a",67009.4,-2.96816
"cg_id_a",67009.4,-3.15667
"cg_id_a",67009.4,-2.55989
"cg_id_a",67009.4,-2.43216
"cg_id_a",67009.4,-2.91908
"cg_id_a",67009.4,-2.53713
"cg_id_a",67009.5,-2.32385
"cg_id_a",67009.5,-2.78955
"cg_id_a",67009.5,-2.92756
"cg_id_a",67009.5,-3.12226
"cg_id_a",67009.5,-2.08685
"cg_id_a",67009.5,-2.83682
"cg_id_a",67009.5,-3.28523
"cg_id_a",67009.5,-2.2369
"cg_id_a",67009.5,-2.48224
"cg_id_a",67009.5,-2.73085
"cg_id_a",67009.6,-2.84671
"cg_id_a",67009.6,-2.48605
"cg_id_a",67009.6,-2.46626
"cg_id_a",67009.6,-2.53366
"cg_id_a",67009.6,-2.08316
"cg_id_a",67009.6,-2.42096
"cg_id_a",67009.6,-2.1921
"cg_id_a",67009.6,-2.74634
"cg_id_a",67009.6,-2.76428
"cg_id_a",67009.6,-3.16974
"cg_id_a",67009.6,-2.33621
"cg_id_a",67009.7,-4.397
"cg_id_a",67009.7,-3.11629
"cg_id_a",67009.7,-4.48005
"cg_id_a",67009.7,-2.91727
"cg_id_a",67009.7,-2.68893
"cg_id_a",67009.7,-2.68459
"cg_id_a",67009.7,-2.94237
"cg_id_a",67009.7,-2.96716
"cg_id_a",67009.8,-2.5972
"cg_id_a",67009.8,-2.63019
"cg_id_a",67009.8,-2.28075
"cg_id_a",67009.8,-3.97913
"cg_id_a",67009.8,-3.26471
"cg_id_a",67009.8,-2.76772
"cg_id_a",67009.8,-3.09493
"cg_id_a",67009.8,-2.20483
"cg_id_a",67009.8,-2.03539
"cg_id_a",67009.8,-4.20737
"cg_id_a",67009.8,-2.32074
"cg_id_a",67009.9,-2.51981
"cg_id_a",67009.9,-2.845
"cg_id_a",67009.9,-3.30281
"cg_id_a",67009.9,-2.4372
"cg_id_a",67009.9,-1.72682
"cg_id_a",67009.9,-3.01458
"cg_id_a",67009.9,-3.34481
"cg_id_a",67009.9,-2.98621
"cg_id_a",67009.9,-2.40286
"cg_id_a",67009.9,-2.44505
"cg_id_a",67010,-2.81526
"cg_id_a",67010,-2.29512
"cg_id_a",67010,-2.54552
"cg_id_a",67010,-2.08623
"cg_id_a",67010,-3.95117
"cg_id_a",67010,-3.33863
"cg_id_a",67010,-2.34719
"cg_id_a",67010,-2.92491
"cg_id_a",67010,-2.40859
"cg_id_a",67010,-2.85732
"cg_id_a",67010.1,-3.10137
"cg_id_a",67010.1,-2.41617
"cg_id_a",67010.1,-2.19737
"cg_id_a",67010.1,-2.26385
"cg_id_a",67010.1,-3.28927
"cg_id_a",67010.1,-3.12575
"cg_id_a",67010.1,-2.52802
"cg_id_a",67010.1,-2.42751
"cg_id_a",67010.1,-2.106
"cg_id_a",67010.1,-3.22126
"cg_id_a",67010.2,-2.76486
"cg_id_a",67010.2,-3.44765
"cg_id_a",67010.2,-2.9681
"cg_id_a",67010.2,-2.5641
"cg_id_a",67010.2,-3.35048
"cg_id_a",67010.2,-2.64039
"cg_id_a",67010.2,-2.50031
"cg_id_a",67010.2,-2.40749
"cg_id_a",67010.2,-2.54272
"cg_id_a",67010.2,-2.57017
"cg_id_a",67010.3,-2.85738
"cg_id_a",67010.3,-3.06045
"cg_id_a",67010.3,-2.64556
"cg_id_a",67010.3,-3.2351
"cg_id_a",67010.3,-2.1815
"cg_id_a",67010.3,-3.25209
"cg_id_a",67010.3,-2.63237
"cg_id_a",67010.3,-2.7367
"cg_id_a",67010.3,-2.37711
"cg_id_a",67010.4,-3.0361
"cg_id_a",67010.4,-3.82856
"cg_id_a",67010.4,-2.71941
"cg_id_a",67010.4,-4.12299
"cg_id_a",67010.4,-2.29084
"cg_id_a",67010.4,-2.08166
"cg_id_a",67010.4,-2.15334
"cg_id_a",67010.4,-2.7139
"cg_id_a",67010.4,-2.7648
"cg_id_a",67010.4,-2.78743
"cg_id_a",67010.4,-2.69763
"cg_id_a",67010.5,-2.34676
"cg_id_a",67010.5,-2.83821
"cg_id_a",67010.5,-2.33561
"cg_id_a",67010.5,-2.82793
"cg_id_a",67010.5,-2.4293
"cg_id_a",67010.5,-2.47541
"cg_id_a",67010.5,-2.82953
"cg_id_a",67010.5,-2.47768
"cg_id_a",67010.5,-2.95066
"cg_id_a",67010.5,-2.73614
"cg_id_a",67010.6,-2.64746
"cg_id_a",67010.6,-3.00971
"cg_id_a",67010.6,-3.10481
"cg_id_a",67010.6,-2.80739
"cg_id_a",67010.6,-2.70761
"cg_id_a",67010.6,-2.28694
"cg_id_a",67010.6,-3.32424
"cg_id_a",67010.6,-3.30505
"cg_id_a",67010.6,-2.60778
"cg_id_a",67010.6,-2.14382
"cg_id_a",67010.7,-3.91315
"cg_id_a",67010.7,-2.54981
"cg_id_a",67010.7,-2.58021
"cg_id_a",67010.7,-2.80541
"cg_id_a",67010.7,-3.126
"cg_id_a",67010.7,-2.57082
"cg_id_a",67010.7,-2.86101
"cg_id_a",67010.7,-2.83739
"cg_id_a",67010.7,-2.68725
"cg_id_a",67010.8,-2.45747
"cg_id_a",67010.8,-3.40002
"cg_id_a",67010.8,-2.82482
"cg_id_a",67010.8,-2.53245
"cg_id_a",67010.8,-3.0016
"cg_id_a",67010.8,-3.71959
"cg_id_a",67010.8,-2.41903
"cg_id_a",67010.8,-1.95236
"cg_id_a",67010.8,-3.06456
"cg_id_a",67010.8,-2.68569
"cg_id_a",67010.8,-3.72591
"cg_id_a",67010.9,-2.38658
"cg_id_a",67010.9,-3.61423
"cg_id_a",67010.9,-2.09026
"cg_id_a",67010.9,-2.77103
"cg_id_a",67010.9,-2.61642
"cg_id_a",67010.9,-3.28837
"cg_id_a",67010.9,-2.48087
"cg_id_a",67010.9,-3.08703
"cg_id_a",67010.9,-2.86452
"cg_id_a",67010.9,-2.2428
"cg_id_a",67011,-3.00125
"cg_id_a",67011,-2.94907
"cg_id_a",67011,-2.51592
"cg_id_a",67011,-1.78438
"cg_id_a",67011,-2.70485
"cg_id_a",67011,-2.53726
"cg_id_a",67011,-3.56107
"cg_id_a",67011,-3.88469
"cg_id_a",67011,-3.47077
"cg_id_a",67011,-2.49999
"cg_id_a",67011.1,-4.33481
"cg_id_a",67011.1,-3.79916
"cg_id_a",67011.1,-2.91957
"cg_id_a",67011.1,-3.23065
"cg_id_a",67011.1,-2.73784
"cg_id_a",67011.1,-3.21632
"cg_id_a",67011.1,-2.76937
"cg_id_a",67011.1,-2.89586
"cg_id_a",67011.1,-2.56918
"cg_id_a",67011.1,-3.57839
"cg_id_a",67011.2,-3.73623
"cg_id_a",67011.2,-2.70021
"cg_id_a",67011.2,-2.84426
"cg_id_a",67011.2,-2.76015
"cg_id_a",67011.2,-2.3447
"cg_id_a",67011.2,-2.86745
"cg_id_a",67011.2,-2.91163
"cg_id_a",67011.2,-2.37585
"cg_id_a",67011.2,-2.80625
"cg_id_a",67011.2,-2.85596
"cg_id_a",67011.3,-3.0699
"cg_id_a",67011.3,-2.7067
"cg_id_a",67011.3,-2.36298
"cg_id_a",67011.3,-2.93802
"cg_id_a",67011.3,-2.60988
"cg_id_a",67011.3,-3.05658
"cg_id_a",67011.3,-2.84872
"cg_id_a",67011.3,-3.31319
"cg_id_a",67011.3,-2.65897
"cg_id_a",67011.4,-2.31693
"cg_id_a",67011.4,-3.00016
"cg_id_a",67011.4,-1.34953
"cg_id_a",67011.4,-2.84883
"cg_id_a",67011.4,-2.92408
"cg_id_a",67011.4,-3.00777
"cg_id_a",67011.4,-2.8668
"cg_id_a",67011.4,-3.01627
"cg_id_a",67011.4,-3.35595
"cg_id_a",67011.4,-2.72779
"cg_id_a",67011.5,-3.06668
"cg_id_a",67011.5,-2.41427
"cg_id_a",67011.5,-3.01821
"cg_id_a",67011.5,-1.96071
"cg_id_a",67011.5,-2.71266
"cg_id_a",67011.5,-2.93532
"cg_id_a",67011.5,-2.84774
"cg_id_a",67011.5,-3.55144
"cg_id_a",67011.5,-2.94655
"cg_id_a",67011.5,-2.11835
"cg_id_a",67011.5,-3.00905
"cg_id_a",67011.6,-3.15117
"cg_id_a",67011.6,-3.64396
"cg_id_a",67011.6,-2.42405
"cg_id_a",67011.6,-2.7178
"cg_id_a",67011.6,-2.55861
"cg_id_a",67011.6,-3.14469
"cg_id_a",67011.6,-2.76069
"cg_id_a",67011.6,-2.74673
"cg_id_a",67011.6,-3.65202
"cg_id_a",67011.6,-3.36023
"cg_id_a",67011.7,-2.45844
"cg_id_a",67011.7,-2.40882
"cg_id_a",67011.7,-2.59305
"cg_id_a",67011.7,-2.66898
"cg_id_a",67011.7,-2.46707
"cg_id_a",67011.7,-2.63404
"cg_id_a",67011.7,-2.86525
"cg_id_a",67011.7,-2.78926
"cg_id_a",67011.7,-2.50768
"cg_id_a",67011.8,-2.61062
"cg_id_a",67011.8,-2.80461
"cg_id_a",67011.8,-2.57873
"cg_id_a",67011.8,-2.43413
"cg_id_a",67011.8,-2.7354
"cg_id_a",67011.8,-2.52831
"cg_id_a",67011.8,-2.54731
"cg_id_a",67011.8,-3.01948
"cg_id_a",67011.8,-2.67764
"cg_id_a",67011.8,-1.90865
"cg_id_a",67011.9,-3.15691
"cg_id_a",67011.9,-2.38707
"cg_id_a",67011.9,-3.25656
"cg_id_a",67011.9,-2.50638
"cg_id_a",67011.9,-2.23412
"cg_id_a",67011.9,-2.65543
"cg_id_a",67011.9,-2.96403
"cg_id_a",67011.9,-2.80754
"cg_id_a",67011.9,-2.92273
"cg_id_a",67011.9,-3.50928
"cg_id_a",67012,-2.15634
"cg_id_a",67012,-2.84223
"cg_id_a",67012,-2.84934
"cg_id_a",67012,-2.34619
"cg_id_a",67012,-2.81086
"cg_id_a",67012,-2.72909
"cg_id_a",67012,-2.73958
"cg_id_a",67012,-2.73062
"cg_id_a",67012,-3.20982
"cg_id_a",67012,-2.91439
"cg_id_a",67012.1,-1.89362
"cg_id_a",67012.1,-2.60851
"cg_id_a",67012.1,-2.98541
"cg_id_a",67012.1,-2.2966
"cg_id_a",67012.1,-2.75845
"cg_id_a",67012.1,-2.47849
"cg_id_a",67012.1,-2.79951
"cg_id_a",67012.1,-2.35109
"cg_id_a",67012.1,-3.2053
"cg_id_a",67012.1,-2.35598
"cg_id_a",67012.1,-2.15436
"cg_id_a",67012.2,-2.64531
"cg_id_a",67012.2,-2.62504
"cg_id_a",67012.2,-2.74513
"cg_id_a",67012.2,-2.73292
"cg_id_a",67012.2,-3.70317
"cg_id_a",67012.2,-2.72725
"cg_id_a",67012.2,-3.12042
"cg_id_a",67012.2,-1.69306
"cg_id_a",67012.2,-3.03216
"cg_id_a",67012.2,-3.15
"cg_id_a",67012.3,-2.85857
"cg_id_a",67012.3,-3.3986
"cg_id_a",67012.3,-2.54697
"cg_id_a",67012.3,-3.09216
"cg_id_a",67012.3,-2.4756
"cg_id_a",67012.3,-1.03279
"cg_id_a",67012.3,-1.60451
"cg_id_a",67012.3,-2.6614
"cg_id_a",67012.3,-2.61562
"cg_id_a",67012.4,-2.31186
"cg_id_a",67012.4,-2.76558
"cg_id_a",67012.4,-2.65859
"cg_id_a",67012.4,-2.56678
"cg_id_a",67012.4,-2.56752
"cg_id_a",67012.4,-2.31379
"cg_id_a",67012.4,-3.14865
"cg_id_a",67012.4,-2.25337
"cg_id_a",67012.4,-2.78639
"cg_id_a",67012.4,-2.90986
"cg_id_a",67012.5,-2.76134
"cg_id_a",67012.5,-2.60089
"cg_id_a",67012.5,-2.69655
"cg_id_a",67012.5,-2.43172
"cg_id_a",67012.5,-2.76984
"cg_id_a",67012.5,-3.84146
"cg_id_a",67012.5,-2.81807
"cg_id_a",67012.5,-2.69691
"cg_id_a",67012.5,-2.56485
"cg_id_a",67012.5,-3.06335
"cg_id_a",67012.5,-2.87766
"cg_id_a",67012.6,-4.13971
"cg_id_a",67012.6,-2.36994
"cg_id_a",67012.6,-2.58865
"cg_id_a",67012.6,-3.35359
"cg_id_a",67012.6,-2.98996
"cg_id_a",67012.6,-0.85958
"cg_id_a",67012.6,-3.11808
"cg_id_a",67012.6,-2.90801
"cg_id_a",67012.6,-2.27602
"cg_id_a",67012.6,-2.4294
"cg_id_a",67012.7,-1.33414
"cg_id_a",67012.7,-2.94736
"cg_id_a",67012.7,-2.45016
"cg_id_a",67012.7,-2.7494
"cg_id_a",67012.7,-3.47574
"cg_id_a",67012.7,-2.91286
"cg_id_a",67012.7,-3.59065
"cg_id_a",67012.7,-2.83647
"cg_id_a",67012.7,-2.50651
"cg_id_a",67012.8,-3.23831
"cg_id_a",67012.8,-2.94471
"cg_id_a",67012.8,-2.94639
"cg_id_a",67012.8,-2.69414
"cg_id_a",67012.8,-2.70793
"cg_id_a",67012.8,-3.42062
"cg_id_a",67012.8,-2.62921
"cg_id_a",67012.8,-2.68702
"cg_id_a",67012.8,-3.47795
"cg_id_a",67012.8,-1.42395
"cg_id_a",67012.9,-1.79761
"cg_id_a",67012.9,-3.54775
"cg_id_a",67012.9,-2.80506
"cg_id_a",67012.9,-2.08733
"cg_id_a",67012.9,-2.40807
"cg_id_a",67012.9,-1.38863
"cg_id_a",67012.9,-3.99716
"cg_id_a",67012.9,-2.20827
"cg_id_a",67012.9,-2.8168
"cg_id_a",67012.9,-3.21034
"cg_id_a",67013,-2.6049
"cg_id_a",67013,-3.11636
"cg_id_a",67013,-2.5845
"cg_id_a",67013,-2.46809
"cg_id_a",67013,-2.95834
"cg_id_a",67013,-3.29236
"cg_id_a",67013,-2.41609
"cg_id_a",67013,-2.60859
"cg_id_a",67013,-2.8817
"cg_id_a",67013,-2.73156
"cg_id_a",67013.1,-2.88113
"cg_id_a",67013.1,-2.50603
"cg_id_a",67013.1,-3.36221
"cg_id_a",67013.1,-2.12804
"cg_id_a",67013.1,-3.43943
"cg_id_a",67013.1,-1.87435
"cg_id_a",67013.1,-3.76018
"cg_id_a",67013.1,-2.11176
"cg_id_a",67013.1,-2.946
"cg_id_a",67013.1,-3.16999
"cg_id_a",67013.2,-2.57782
"cg_id_a",67013.2,-2.9365
"cg_id_a",67013.2,-2.99028
"cg_id_a",67013.2,-3.5922
"cg_id_a",67013.2,-0.341303
"cg_id_a",67013.2,-2.78403
"cg_id_a",67013.2,-3.26083
"cg_id_a",67013.2,-3.23247
"cg_id_a",67013.2,-3.0711
"cg_id_a",67013.2,-3.40109
"cg_id_a",67013.3,-2.94249
"cg_id_a",67013.3,-3.77178
"cg_id_a",67013.3,-2.67982
"cg_id_a",67013.3,-2.77704
"cg_id_a",67013.3,-3.27247
"cg_id_a",67013.3,-2.81597
"cg_id_a",67013.3,-2.88601
"cg_id_a",67013.3,-2.79042
"cg_id_a",67013.3,-2.59393
"cg_id_a",67013.3,-2.79434
"cg_id_a",67013.4,-1.86669
"cg_id_a",67013.4,-3.62162
"cg_id_a",67013.4,-1.90929
"cg_id_a",67013.4,-2.55693
"cg_id_a",67013.4,-3.07988
"cg_id_a",67013.4,-3.02486
"cg_id_a",67013.4,-3.26837
"cg_id_a",67013.4,-3.26607
"cg_id_a",67013.4,-2.44998
"cg_id_a",67013.4,-2.71847
"cg_id_a",67013.5,-3.09076
"cg_id_a",67013.5,-3.27315
"cg_id_a",67013.5,-3.06701
"cg_id_a",67013.5,-3.65815
"cg_id_a",67013.5,-2.54882
"cg_id_a",67013.5,-2.37585
"cg_id_a",67013.5,-2.29559
"cg_id_a",67013.5,-2.77605
"cg_id_a",67013.5,-2.93414
"cg_id_a",67013.5,-2.95692
"cg_id_a",67013.6,-2.90106
"cg_id_a",67013.6,-2.94634
"cg_id_a",67013.6,-2.38172
"cg_id_a",67013.6,-2.58987
"cg_id_a",67013.6,-3.20065
"cg_id_a",67013.6,-2.89857
"cg_id_a",67013.6,-2.30911
"cg_id_a",67013.6,-3.1827
"cg_id_a",67013.6,-2.99592
"cg_id_a",67013.6,-1.99392
"cg_id_a",67013.7,-3.27276
"cg_id_a",67013.7,-2.55829
"cg_id_a",67013.7,-2.78714
"cg_id_a",67013.7,-2.65809
"cg_id_a",67013.7,-2.94163
"cg_id_a",67013.7,-1.89987
"cg_id_a",67013.7,-3.44715
"cg_id_a",67013.7,-2.294
"cg_id_a",67013.7,-2.91792
"cg_id_a",67013.7,-2.79076
"cg_id_a",67013.7,-2.46947
"cg_id_a",67013.8,-2.44665
"cg_id_a",67013.8,-2.33353
"cg_id_a",67013.8,-1.21292
"cg_id_a",67013.8,-2.89769
"cg_id_a",67013.8,-2.38504
"cg_id_a",67013.8,-2.34087
"cg_id_a",67013.8,-2.10895
"cg_id_a",67013.8,-2.8301
"cg_id_a",67013.8,-2.67415
"cg_id_a",67013.8,-2.83047
"cg_id_a",67013.9,-2.37289
"cg_id_a",67013.9,-2.47487
"cg_id_a",67013.9,-2.50721
"cg_id_a",67013.9,-2.39649
"cg_id_a",67013.9,-2.82647
"cg_id_a",67013.9,-2.37633
"cg_id_a",67013.9,-3.64825
"cg_id_a",67013.9,-2.60618
"cg_id_a",67013.9,-2.78709
"cg_id_a",67013.9,-3.87409
"cg_id_a",67014,-2.42878
"cg_id_a",67014,-2.43677
"cg_id_a",67014,-3.26555
"cg_id_a",67014,-3.09102
"cg_id_a",67014,-3.39245
"cg_id_a",67014,-3.29659
"cg_id_a",67014,-2.75728
"cg_id_a",67014,-2.58033
"cg_id_a",67014,-2.71822
"cg_id_a",67014,-3.03786
"cg_id_a",67014.1,-0.859647
"cg_id_a",67014.1,-3.17782
"cg_id_a",67014.1,-2.83617
"cg_id_a",67014.1,-3.00872
"cg_id_a",67014.1,-3.09634
"cg_id_a",67014.1,-2.16646
"cg_id_a",67014.1,-2.6002
"cg_id_a",67014.1,-2.88909
"cg_id_a",67014.1,-2.34643
"cg_id_a",67014.1,-3.04592
"cg_id_a",67014.2,-2.72678
"cg_id_a",67014.2,-3.31704
"cg_id_a",67014.2,-2.6041
"cg_id_a",67014.2,-3.26687
"cg_id_a",67014.2,-2.12046
"cg_id_a",67014.2,-2.6306
"cg_id_a",67014.2,-2.90564
"cg_id_a",67014.2,-2.88794
"cg_id_a",67014.2,-3.14994
"cg_id_a",67014.2,-2.82468
"cg_id_a",67014.3,-2.58893
"cg_id_a",67014.3,-2.70477
"cg_id_a",67014.3,-2.3499
"cg_id_a",67014.3,-2.51509
"cg_id_a",67014.3,-2.90217
"cg_id_a",67014.3,-2.82387
"cg_id_a",67014.3,-2.22612
"cg_id_a",67014.3,-2.46949
"cg_id_a",67014.3,-3.00112
"cg_id_a",67014.3,-2.73871
"cg_id_a",67014.4,-2.90376
"cg_id_a",67014.4,-2.82719
"cg_id_a",67014.4,-2.52433
"cg_id_a",67014.4,-3.1442
"cg_id_a",67014.4,-2.52511
"cg_id_a",67014.4,-2.6554
"cg_id_a",67014.4,-3.28737
"cg_id_a",67014.4,-3.13603
"cg_id_a",67014.4,-2.4392
"cg_id_a",67014.4,-2.8341
"cg_id_a",67014.5,-2.15355
"cg_id_a",67014.5,-1.63464
"cg_id_a",67014.5,-2.13549
"cg_id_a",67014.5,-2.76873
"cg_id_a",67014.5,-2.908
"cg_id_a",67014.5,-3.38122
"cg_id_a",67014.5,-3.25061
"cg_id_a",67014.5,-1.81567
"cg_id_a",67014.5,-2.33444
"cg_id_a",67014.5,-1.71595
"cg_id_a",67014.6,-3.53557
"cg_id_a",67014.6,-3.9456
"cg_id_a",67014.6,-2.4234
"cg_id_a",67014.6,-3.09878
"cg_id_a",67014.6,-2.79387
"cg_id_a",67014.6,-2.5654
"cg_id_a",67014.6,-3.24012
"cg_id_a",67014.6,-3.44259
"cg_id_a",67014.6,-2.44625
"cg_id_a",67014.6,-2.67882
"cg_id_a",67014.7,-2.97308
"cg_id_a",67014.7,-2.14634
"cg_id_a",67014.7,-3.0227
"cg_id_a",67014.7,-3.38859
"cg_id_a",67014.7,-3.33688
"cg_id_a",67014.7,-4.32988
"cg_id_a",67014.8,-2.60525
"cg_id_a",67014.8,-3.37913
"cg_id_a",67014.8,-2.33619
"cg_id_a",67014.8,-3.04654
"cg_id_a",67014.8,-2.67565
"cg_id_a",67014.8,-3.33014
"cg_id_a",67014.9,-1.79623
"cg_id_a",67014.9,-3.15701
"cg_id_a",67014.9,-2.41083
"cg_id_a",67014.9,-2.3041
"cg_id_a",67014.9,-1.83732
"cg_id_a",67014.9,-2.36586
"cg_id_a",67014.9,-2.56159
"cg_id_a",67014.9,-2.74447
"cg_id_a",67015,-2.45732
"cg_id_a",67015,-2.09775
"cg_id_a",67015,-3.17027
"cg_id_a",67015,-1.72474
"cg_id_a",67015,-2.88939
"cg_id_a",67015,-2.86626
"cg_id_a",67015.1,-3.00729
"cg_id_a",67015.1,-2.21783
"cg_id_a",67015.1,-2.41943
"cg_id_a",67015.1,-2.82826
"cg_id_a",67015.1,-2.94865
"cg_id_a",67015.1,-2.62346
"cg_id_a",67015.1,-2.84665
"cg_id_a",67015.1,-1.17404
"cg_id_a",67015.2,-1.86485
"cg_id_a",67015.2,-2.81563
"cg_id_a",67015.2,-3.56242
"cg_id_a",67015.2,-2.22484
"cg_id_a",67015.2,-2.26476
"cg_id_a",67015.2,-2.9277
"cg_id_a",67015.2,-2.82766
"cg_id_a",67015.2,-2.93782
"cg_id_a",67015.2,-2.61191
"cg_id_a",67015.2,-2.96648
"cg_id_a",67015.2,-3.04768
"cg_id_a",67015.3,-2.28636
"cg_id_a",67015.3,-3.2085
"cg_id_a",67015.3,-3.5088
"cg_id_a",67015.3,-3.58071
"cg_id_a",67015.3,-2.4653
"cg_id_a",67015.3,-3.65789
"cg_id_a",67015.3,-2.97062
"cg_id_a",67015.3,-2.5881
"cg_id_a",67015.3,-2.14958
"cg_id_a",67015.3,-2.46657
"cg_id_a",67015.3,-2.81435
"cg_id_a",67015.4,-3.05011
"cg_id_a",67015.4,-2.54539
"cg_id_a",67015.4,-2.95806
"cg_id_a",67015.4,-2.57433
"cg_id_a",67015.4,-2.61878
"cg_id_a",67015.4,-4.92271
"cg_id_a",67015.4,-2.93107
"cg_id_a",67015.4,-2.82834
"cg_id_a",67015.4,-2.1079
"cg_id_a",67015.4,-1.73246
"cg_id_a",67015.4,-3.07131
"cg_id_a",67015.4,-2.79496
"cg_id_a",67015.5,-2.90507
"cg_id_a",67015.5,-3.08105
"cg_id_a",67015.5,-2.72878
"cg_id_a",67015.5,-2.01637
"cg_id_a",67015.5,-4.48659
"cg_id_a",67015.5,-2.74539
"cg_id_a",67015.5,-2.32523
"cg_id_a",67015.5,-2.98576
"cg_id_a",67015.5,-3.32793
"cg_id_a",67015.5,-2.42716
"cg_id_a",67015.5,-2.56102
"cg_id_a",67015.6,-2.66506
"cg_id_a",67015.6,-2.71662
"cg_id_a",67015.6,-2.32507
"cg_id_a",67015.6,-3.22736
"cg_id_a",67015.6,-2.79636
"cg_id_a",67015.6,-3.1401
"cg_id_a",67015.6,-2.42953
"cg_id_a",67015.6,-2.68565
"cg_id_a",67015.6,-3.58486
"cg_id_a",67015.6,-2.64699
"cg_id_a",67015.6,-2.66591
"cg_id_a",67015.6,-2.56869
"cg_id_a",67015.7,-2.29605
"cg_id_a",67015.7,-2.84359
"cg_id_a",67015.7,-2.67032
"cg_id_a",67015.7,-1.07159
"cg_id_a",67015.7,-3.0112
"cg_id_a",67015.7,-2.76095
"cg_id_a",67015.7,-2.71977
"cg_id_a",67015.7,-1.47057
"cg_id_a",67015.7,-1.91191
"cg_id_a",67015.7,-2.97452
"cg_id_a",67015.8,-2.80818
"cg_id_a",67015.8,-2.29921
"cg_id_a",67015.8,-2.56244
"cg_id_a",67015.8,-2.87728
"cg_id_a",67015.8,-1.05315
"cg_id_a",67015.8,-3.8116
"cg_id_a",67015.8,-2.76549
"cg_id_a",67015.8,-3.18495
"cg_id_a",67015.8,-4.10225
"cg_id_a",67015.8,-2.82179
"cg_id_a",67015.8,-2.24293
"cg_id_a",67015.8,-3.22562
"cg_id_a",67015.9,-2.24446
"cg_id_a",67015.9,-2.82729
"cg_id_a",67015.9,-2.06416
"cg_id_a",67015.9,-2.31804
"cg_id_a",67015.9,-2.35579
"cg_id_a",67015.9,-2.51108
"cg_id_a",67015.9,-3.248
"cg_id_a",67015.9,-2.37738
"cg_id_a",67015.9,-2.49631
"cg_id_a",67015.9,-2.68542
"cg_id_a",67016,-2.63132
"cg_id_a",67016,-2.37617
"cg_id_a",67016,-2.55601
"cg_id_a",67016,-3.05369
"cg_id_a",67016,-2.01316
"cg_id_a",67016,-2.61059
"cg_id_a",67016,-2.9713
"cg_id_a",67016,-2.72387
"cg_id_a",67016,-2.89139
"cg_id_a",67016,-2.25471
"cg_id_a",67016.1,-3.27978
"cg_id_a",67016.1,-3.62164
"cg_id_a",67016.1,-2.9943
"cg_id_a",67016.1,-2.62041
"cg_id_a",67016.1,-2.89233
"cg_id_a",67016.1,-2.75926
"cg_id_a",67016.1,-2.45437
"cg_id_a",67016.1,-1.61934
"cg_id_a",67016.1,-3.14778
"cg_id_a",67016.1,-1.96902
"cg_id_a",67016.2,-2.96458
"cg_id_a",67016.2,-2.17326
"cg_id_a",67016.2,-2.79223
"cg_id_a",67016.2,-2.86969
"cg_id_a",67016.2,-2.41086
"cg_id_a",67016.2,-2.86892
"cg_id_a",67016.2,-3.56175
"cg_id_a",67016.2,-3.33135
"cg_id_a",67016.2,-3.16822
"cg_id_a",67016.2,-2.48471
"cg_id_a",67016.3,-2.67889
"cg_id_a",67016.3,-2.68599
"cg_id_a",67016.3,-2.41974
"cg_id_a",67016.3,-3.38133
"cg_id_a",67016.3,-1.81589
"cg_id_a",67016.3,-3.29107
"cg_id_a",67016.3,-2.87146
"cg_id_a",67016.3,-3.80482
"cg_id_a",67016.3,-3.028
"cg_id_a",67016.3,-3.22169
"cg_id_a",67016.4,-3.33621
"cg_id_a",67016.4,-3.49579
"cg_id_a",67016.4,-2.67475
"cg_id_a",67016.4,-2.92848
"cg_id_a",67016.4,-2.64664
"cg_id_a",67016.4,-2.6129
"cg_id_a",67016.4,-2.81292
"cg_id_a",67016.4,-3.0099
"cg_id_a",67016.4,-2.42469
"cg_id_a",67016.4,-2.7161
"cg_id_a",67016.5,-2.72113
"cg_id_a",67016.5,-2.91395
"cg_id_a",67016.5,-2.19641
"cg_id_a",67016.5,-1.93605
"cg_id_a",67016.5,-2.90508
"cg_id_a",67016.5,-2.73621
"cg_id_a",67016.5,-2.71831
"cg_id_a",67016.5,-4.40468
"cg_id_a",67016.5,-3.45437
"cg_id_a",67016.5,-2.87488
"cg_id_a",67016.6,-2.15686
"cg_id_a",67016.6,-2.55788
"cg_id_a",67016.6,-2.50653
"cg_id_a",67016.6,-2.14764
"cg_id_a",67016.6,-2.40798
"cg_id_a",67016.6,-3.04628
"cg_id_a",67016.6,-2.53606
"cg_id_a",67016.6,-2.7262
"cg_id_a",67016.6,-2.31816
"cg_id_a",67016.6,-3.07017
"cg_id_a",67016.7,-3.18557
"cg_id_a",67016.7,-2.47281
"cg_id_a",67016.7,-1.17485
"cg_id_a",67016.7,-2.30797
"cg_id_a",67016.7,-2.86455
"cg_id_a",67016.7,-2.8157
"cg_id_a",67016.7,-2.41649
"cg_id_a",67016.7,-2.90048
"cg_id_a",67016.7,-3.54252
"cg_id_a",67016.8,-1.80312
"cg_id_a",67016.8,-2.96015
"cg_id_a",67016.8,-2.44442
"cg_id_a",67016.8,-2.20923
"cg_id_a",67016.8,-3.28938
"cg_id_a",67016.8,-3.0534
"cg_id_a",67016.8,-2.8622
"cg_id_a",67016.8,-2.81103
"cg_id_a",67016.8,-3.32287
"cg_id_a",67016.8,-2.5994
"cg_id_a",67016.9,-2.72955
"cg_id_a",67016.9,-2.55927
"cg_id_a",67016.9,-2.21807
"cg_id_a",67016.9,-2.82391
"cg_id_a",67016.9,-2.01745
"cg_id_a",67016.9,-2.93018
"cg_id_a",67016.9,-2.27659
"cg_id_a",67016.9,-2.78692
"cg_id_a",67016.9,-3.58196
"cg_id_a",67016.9,-2.44524
"cg_id_a",67016.9,-2.63233
"cg_id_a",67017,-2.31185
"cg_id_a",67017,-2.8077
"cg_id_a",67017,-2.87827
"cg_id_a",67017,-2.46766
"cg_id_a",67017,-3.26051
"cg_id_a",67017,-1.44412
"cg_id_a",67017,-4.05994
"cg_id_a",67017,-3.57422
"cg_id_a",67017,-3.36712
"cg_id_a",67017,-3.05129
"cg_id_a",67017.1,-2.51536
"cg_id_a",67017.1,-2.75789
"cg_id_a",67017.1,-2.8389
"cg_id_a",67017.1,-2.32288
"cg_id_a",67017.1,-3.00141
"cg_id_a",67017.1,-3.50619
"cg_id_a",67017.1,-3.40041
"cg_id_a",67017.1,-3.24679
"cg_id_a",67017.1,-2.75897
"cg_id_a",67017.1,-2.42366
"cg_id_a",67017.2,-3.23071
"cg_id_a",67017.2,-2.5753
"cg_id_a",67017.2,-2.60111
"cg_id_a",67017.2,-2.66264
"cg_id_a",67017.2,-2.7601
"cg_id_a",67017.2,-2.65643
"cg_id_a",67017.2,-2.54761
"cg_id_a",67017.2,-3.09826
"cg_id_a",67017.2,-3.06922
"cg_id_a",67017.2,-2.92715
"cg_id_a",67017.3,-1.82419
"cg_id_a",67017.3,-2.71298
"cg_id_a",67017.3,-2.72379
"cg_id_a",67017.3,-3.19406
"cg_id_a",67017.3,-2.05584
"cg_id_a",67017.3,-1.67414
"cg_id_a",67017.3,-3.21616
"cg_id_a",67017.3,-2.98849
"cg_id_a",67017.3,-3.27038
"cg_id_a",67017.4,-2.31841
"cg_id_a",67017.4,-2.42809
"cg_id_a",67017.4,-2.92907
"cg_id_a",67017.4,-2.42661
"cg_id_a",67017.4,-2.81548
"cg_id_a",67017.4,-2.39512
"cg_id_a",67017.4,-2.65504
"cg_id_a",67017.4,-2.26906
"cg_id_a",67017.4,-2.34424
"cg_id_a",67017.4,-2.84558
"cg_id_a",67017.4,-2.67781
"cg_id_a",67017.5,-2.42528
"cg_id_a",67017.5,-2.08641
"cg_id_a",67017.5,-2.35535
"cg_id_a",67017.5,-2.63562
"cg_id_a",67017.5,-2.38637
"cg_id_a",67017.5,-3.08812
"cg_id_a",67017.5,-2.69628
"cg_id_a",67017.5,-2.07495
"cg_id_a",67017.5,-2.53735
"cg_id_a",67017.5,-3.30813
"cg_id_a",67017.6,-3.85845
"cg_id_a",67017.6,-3.1942
"cg_id_a",67017.6,-2.40549
"cg_id_a",67017.6,-2.52797
"cg_id_a",67017.6,-3.35238
"cg_id_a",67017.6,-2.64846
"cg_id_a",67017.6,-2.22372
"cg_id_a",67017.6,-2.34927
"cg_id_a",67017.6,-3.07951
"cg_id_a",67017.6,-2.86619
"cg_id_a",67017.7,-2.64931
"cg_id_a",67017.7,-2.1217
"cg_id_a",67017.7,-1.99579
"cg_id_a",67017.7,-3.33144
"cg_id_a",67017.7,-2.20615
"cg_id_a",67017.7,-3.1184
"cg_id_a",67017.7,-1.2291
"cg_id_a",67017.7,-2.89534
"cg_id_a",67017.7,-2.87066
"cg_id_a",67017.8,-1.95386
"cg_id_a",67017.8,-2.5492
"cg_id_a",67017.8,-2.19851
"cg_id_a",67017.8,-2.79169
"cg_id_a",67017.8,-2.29982
"cg_id_a",67017.8,-1.89593
"cg_id_a",67017.8,-2.29915
"cg_id_a",67017.8,-2.67779
"cg_id_a",67017.8,-1.92659
"cg_id_a",67017.8,-2.58749
"cg_id_a",67017.8,-3.28141
"cg_id_a",67017.9,-2.38868
"cg_id_a",67017.9,-3.04453
"cg_id_a",67017.9,-2.56585
"cg_id_a",67017.9,-2.77871
"cg_id_a",67017.9,-2.81613
"cg_id_a",67017.9,-2.94647
"cg_id_a",67017.9,-2.36702
"cg_id_a",67017.9,-2.97888
"cg_id_a",67017.9,-2.72904
"cg_id_a",67017.9,-2.778
"cg_id_a",67018,-3.09618
"cg_id_a",67018,-2.56302
"cg_id_a",67018,-2.73077
"cg_id_a",67018,-2.45054
"cg_id_a",67018,-2.83293
"cg_id_a",67018,-3.20702
"cg_id_a",67018,-2.75038
"cg_id_a",67018,-2.77293
"cg_id_a",67018,-3.02424
"cg_id_a",67018,-2.53738
"cg_id_a",67018.1,-4.05753
"cg_id_a",67018.1,-2.72051
"cg_id_a",67018.1,-2.99084
"cg_id_a",67018.1,-2.44283
"cg_id_a",67018.1,-2.19092
"cg_id_a",67018.1,-1.99361
"cg_id_a",67018.1,-2.0121
"cg_id_a",67018.1,-2.12424
"cg_id_a",67018.1,-2.51682
"cg_id_a",67018.1,-2.63004
"cg_id_a",67018.2,-2.69465
"cg_id_a",67018.2,-2.66431
"cg_id_a",67018.2,-3.44844
"cg_id_a",67018.2,-3.21762
"cg_id_a",67018.2,-2.80043
"cg_id_a",67018.2,-3.64995
"cg_id_a",67018.2,-2.43498
"cg_id_a",67018.2,-3.36418
"cg_id_a",67018.2,-2.4273
"cg_id_a",67018.2,-3.02675
"cg_id_a",67018.3,-1.94445
"cg_id_a",67018.3,-2.80093
"cg_id_a",67018.3,-2.89589
"cg_id_a",67018.3,-2.66738
"cg_id_a",67018.3,-3.84267
"cg_id_a",67018.3,-2.8606
"cg_id_a",67018.3,-3.30313
"cg_id_a",67018.3,-2.47563
"cg_id_a",67018.3,-2.08395
"cg_id_a",67018.3,-2.66748
"cg_id_a",67018.4,-2.52397
"cg_id_a",67018.4,-2.90292
"cg_id_a",67018.4,-3.16667
"cg_id_a",67018.4,-2.76271
"cg_id_a",67018.4,-3.31293
"cg_id_a",67018.4,-3.11825
"cg_id_a",67018.4,-3.69689
"cg_id_a",67018.4,-2.45877
"cg_id_a",67018.4,-3.56808
"cg_id_a",67018.4,-2.80327
"cg_id_a",67018.5,-2.70385
"cg_id_a",67018.5,-1.29999
"cg_id_a",67018.5,-2.79152
"cg_id_a",67018.5,-2.78202
"cg_id_a",67018.5,-2.60233
"cg_id_a",67018.5,-2.89882
"cg_id_a",67018.5,-3.3154
"cg_id_a",67018.5,-2.76123
"cg_id_a",67018.5,-2.58037
"cg_id_a",67018.5,-2.63948
"cg_id_a",67018.6,-2.33772
"cg_id_a",67018.6,-2.71509
"cg_id_a",67018.6,-2.63791
"cg_id_a",67018.6,-2.66737
"cg_id_a",67018.6,-3.13646
"cg_id_a",67018.6,-2.53638
"cg_id_a",67018.6,-3.88451
"cg_id_a",67018.6,-2.79807
"cg_id_a",67018.6,-2.93323
"cg_id_a",67018.6,-2.81944
"cg_id_a",67018.7,-2.37809
"cg_id_a",67018.7,-2.95976
"cg_id_a",67018.7,-2.69756
"cg_id_a",67018.7,-4.16297
"cg_id_a",67018.7,-2.51914
"cg_id_a",67018.7,-1.8865
"cg_id_a",67018.7,-2.94611
"cg_id_a",67018.7,-2.80202
"cg_id_a",67018.7,-2.56558
"cg_id_a",67018.8,-2.75815
"cg_id_a",67018.8,-2.43677
"cg_id_a",67018.8,-2.93248
"cg_id_a",67018.8,-2.71083
"cg_id_a",67018.8,-2.56417
"cg_id_a",67018.8,-2.36043
"cg_id_a",67018.8,-2.72896
"cg_id_a",67018.8,-2.64132
"cg_id_a",67018.8,-2.79259
"cg_id_a",67018.8,-3.30194
"cg_id_a",67018.9,-2.46164
"cg_id_a",67018.9,-2.94403
"cg_id_a",67018.9,-3.05951
"cg_id_a",67018.9,-2.71121
"cg_id_a",67018.9,-2.12805
"cg_id_a",67018.9,-2.00464
"cg_id_a",67018.9,-1.88311
"cg_id_a",67018.9,-2.30557
"cg_id_a",67018.9,-2.82823
"cg_id_a",67018.9,-0.998161
"cg_id_a",67019,-2.75544
"cg_id_a",67019,-2.81266
"cg_id_a",67019,-2.55838
"cg_id_a",67019,-2.97179
"cg_id_a",67019,-2.69326
"cg_id_a",67019,-1.35914
"cg_id_a",67019,-2.59547
"cg_id_a",67019,-2.79575
"cg_id_a",67019,-2.53839
"cg_id_a",67019,-2.6479
"cg_id_a",67019.1,-2.86209
"cg_id_a",67019.1,-2.78256
"cg_id_a",67019.1,-0.771461
"cg_id_a",67019.1,-2.7814
"cg_id_a",67019.1,-2.60734
"cg_id_a",67019.1,-3.16717
"cg_id_a",67019.1,-1.82607
"cg_id_a",67019.1,-2.31516
"cg_id_a",67019.1,-2.43656
"cg_id_a",67019.1,-2.12109
"cg_id_a",67019.1,-2.06764
"cg_id_a",67019.2,-2.26555
"cg_id_a",67019.2,-1.56978
"cg_id_a",67019.2,-2.80249
"cg_id_a",67019.2,-2.99706
"cg_id_a",67019.2,-2.17014
"cg_id_a",67019.2,-2.49407
"cg_id_a",67019.2,-2.21443
"cg_id_a",67019.2,-1.39293
"cg_id_a",67019.2,-2.48848
"cg_id_a",67019.2,-2.13302
"cg_id_a",67019.3,-2.15629
"cg_id_a",67019.3,-2.48529
"cg_id_a",67019.3,-2.90509
"cg_id_a",67019.3,-1.67081
"cg_id_a",67019.3,-3.04901
"cg_id_a",67019.3,-2.43945
"cg_id_a",67019.3,-2.57337
"cg_id_a",67019.3,-3.04242
"cg_id_a",67019.3,-2.53498
"cg_id_a",67019.4,-3.62023
"cg_id_a",67019.4,-2.90041
"cg_id_a",67019.4,-2.52101
"cg_id_a",67019.4,-2.90225
"cg_id_a",67019.4,-3.07811
"cg_id_a",67019.4,-2.94466
"cg_id_a",67019.4,-3.32801
"cg_id_a",67019.4,-2.81137
"cg_id_a",67019.4,-2.39805
"cg_id_a",67019.4,-2.92911
"cg_id_a",67019.5,-2.42649
"cg_id_a",67019.5,-3.03751
"cg_id_a",67019.5,-3.43941
"cg_id_a",67019.5,-3.11478
"cg_id_a",67019.5,-2.78802
"cg_id_a",67019.5,-3.12807
"cg_id_a",67019.5,-3.16946
"cg_id_a",67019.5,-2.6788
"cg_id_a",67019.5,-2.83963
"cg_id_a",67019.5,-3.61801
"cg_id_a",67019.5,-2.6801
"cg_id_a",67019.6,-2.92103
"cg_id_a",67019.6,-2.61783
"cg_id_a",67019.6,-3.12435
"cg_id_a",67019.6,-2.89521
"cg_id_a",67019.6,-3.02672
"cg_id_a",67019.6,-2.69809
"cg_id_a",67019.6,-2.76335
"cg_id_a",67019.6,-2.6286
"cg_id_a",67019.6,-2.29819
"cg_id_a",67019.6,-2.78108
"cg_id_a",67019.7,-2.34646
"cg_id_a",67019.7,-2.28385
"cg_id_a",67019.7,-3.001
"cg_id_a",67019.7,-2.68275
"cg_id_a",67019.7,-2.6147
"cg_id_a",67019.7,-1.78797
"cg_id_a",67019.7,-2.63726
"cg_id_a",67019.7,-2.41179
"cg_id_a",67019.7,-2.80579
"cg_id_a",67019.8,-2.20836
"cg_id_a",67019.8,-0.533205
"cg_id_a",67019.8,-2.64996
"cg_id_a",67019.8,-2.74406
"cg_id_a",67019.8,-2.83166
"cg_id_a",67019.8,-2.44535
"cg_id_a",67019.8,-2.04642
"cg_id_a",67019.8,-2.07591
"cg_id_a",67019.8,-2.90418
"cg_id_a",67019.9,-1.37306
"cg_id_a",67019.9,-3.02079
"cg_id_a",67019.9,-2.50479
"cg_id_a",67019.9,-3.59255
"cg_id_a",67019.9,-2.48875
"cg_id_a",67019.9,-2.52248
"cg_id_a",67019.9,-2.72875
"cg_id_a",67019.9,-2.40764
"cg_id_a",67019.9,-2.11854
"cg_id_a",67019.9,-2.49509
"cg_id_a",67019.9,-2.47831
"cg_id_a",67020,-3.01441
"cg_id_a",67020,-3.03899
"cg_id_a",67020,-3.05889
"cg_id_a",67020,-2.58383
"cg_id_a",67020,-2.65736
"cg_id_a",67020,-2.17181
"cg_id_a",67020,-2.70491
"cg_id_a",67020,-2.82651
"cg_id_a",67020,-2.39221
"cg_id_a",67020,-3.01913
"cg_id_a",67020.1,-2.98225
"cg_id_a",67020.1,-2.71906
"cg_id_a",67020.1,-2.66875
"cg_id_a",67020.1,-1.53034
"cg_id_a",67020.1,-2.34762
"cg_id_a",67020.1,-2.76607
"cg_id_a",67020.1,-2.27227
"cg_id_a",67020.1,-2.79579
"cg_id_a",67020.1,-2.59653
"cg_id_a",67020.1,-3.25388
"cg_id_a",67020.2,-2.87871
"cg_id_a",67020.2,-2.35674
"cg_id_a",67020.2,-2.82517
"cg_id_a",67020.2,-2.5891
"cg_id_a",67020.2,-2.62154
"cg_id_a",67020.2,-2.52974
"cg_id_a",67020.2,-3.58314
"cg_id_a",67020.2,-2.98951
"cg_id_a",67020.2,-2.1296
"cg_id_a",67020.2,-2.81554
"cg_id_a",67020.3,-1.65199
"cg_id_a",67020.3,-3.09787
"cg_id_a",67020.3,-2.11451
"cg_id_a",67020.3,-3.09299
"cg_id_a",67020.3,-1.5407
"cg_id_a",67020.3,-2.58698
"cg_id_a",67020.3,-2.94648
"cg_id_a",67020.3,-2.62617
"cg_id_a",67020.3,-3.1623
"cg_id_a",67020.3,-2.85475
"cg_id_a",67020.4,-3.02393
"cg_id_a",67020.4,-2.87094
"cg_id_a",67020.4,-2.97869
"cg_id_a",67020.4,-3.20119
"cg_id_a",67020.4,-2.51601
"cg_id_a",67020.4,-2.58715
"cg_id_a",67020.4,-2.8711
"cg_id_a",67020.4,-2.6158
"cg_id_a",67020.4,-3.21127
"cg_id_a",67020.4,-2.37348
"cg_id_a",67020.5,-3.01096
"cg_id_a",67020.5,-2.40453
"cg_id_a",67020.5,-2.50449
"cg_id_a",67020.5,-2.52535
"cg_id_a",67020.5,-2.51127
"cg_id_a",67020.5,-3.25925
"cg_id_a",67020.5,-2.85165
"cg_id_a",67020.5,-2.68327
"cg_id_a",67020.5,-2.97042
"cg_id_a",67020.5,-2.55374
"cg_id_a",67020.6,-2.33848
"cg_id_a",67020.6,-2.57748
"cg_id_a",67020.6,-3.13218
"cg_id_a",67020.6,-2.91902
"cg_id_a",67020.6,-2.71043
"cg_id_a",67020.6,-3.24943
"cg_id_a",67020.6,-2.50624
"cg_id_a",67020.6,-2.5116
"cg_id_a",67020.6,-2.98559
"cg_id_a",67020.6,-2.77446
"cg_id_a",67020.7,-3.66116
"cg_id_a",67020.7,-2.19728
"cg_id_a",67020.7,-2.05037
"cg_id_a",67020.7,-1.9736
"cg_id_a",67020.7,-2.58697
"cg_id_a",67020.7,-3.11101
"cg_id_a",67020.7,-2.83919
"cg_id_a",67020.7,-3.37342
"cg_id_a",67020.7,-2.266
"cg_id_a",67020.7,-2.36918
"cg_id_a",67020.8,-2.66443
"cg_id_a",67020.8,-3.18823
"cg_id_a",67020.8,-2.9548
"cg_id_a",67020.8,-3.79381
"cg_id_a",67020.8,-0.764219
"cg_id_a",67020.8,-2.776
"cg_id_a",67020.8,-2.39402
"cg_id_a",67020.8,-2.93633
"cg_id_a",67020.8,-2.82839
"cg_id_a",67020.9,-2.82949
"cg_id_a",67020.9,-3.15689
"cg_id_a",67020.9,-2.82019
"cg_id_a",67020.9,-2.42678
"cg_id_a",67020.9,-2.09669
"cg_id_a",67020.9,-2.25193
"cg_id_a",67020.9,-2.72722
"cg_id_a",67020.9,-2.60831
"cg_id_a",67020.9,-2.99376
"cg_id_a",67020.9,-3.12012
"cg_id_a",67020.9,-3.44258
"cg_id_a",67021,-2.38736
"cg_id_a",67021,-2.74681
"cg_id_a",67021,-4.56472
"cg_id_a",67021,-1.57102
"cg_id_a",67021,-3.05698
"cg_id_a",67021,-2.3689
"cg_id_a",67021,-2.65859
"cg_id_a",67021,-3.05921
"cg_id_a",67021,-2.32736
"cg_id_a",67021,-2.99769
"cg_id_a",67021.1,-2.90046
"cg_id_a",67021.1,-3.18694
"cg_id_a",67021.1,-3.20497
"cg_id_a",67021.1,-2.03787
"cg_id_a",67021.1,-2.07515
"cg_id_a",67021.1,-2.40992
"cg_id_a",67021.1,-2.63709
"cg_id_a",67021.1,-2.37492
"cg_id_a",67021.1,-2.04858
"cg_id_a",67021.1,-2.87095
"cg_id_a",67021.2,-3.2609
"cg_id_a",67021.2,-2.07562
"cg_id_a",67021.2,-2.56695
"cg_id_a",67021.2,-2.33832
"cg_id_a",67021.2,-2.72745
"cg_id_a",67021.2,-2.65324
"cg_id_a",67021.2,-2.45652
"cg_id_a",67021.2,-3.41112
"cg_id_a",67021.2,-4.60905
"cg_id_a",67021.2,-2.70077
"cg_id_a",67021.3,-2.65745
"cg_id_a",67021.3,-3.09366
"cg_id_a",67021.3,-2.50561
"cg_id_a",67021.3,-2.05763
"cg_id_a",67021.3,-2.7558
"cg_id_a",67021.3,-2.46791
"cg_id_a",67021.3,-2.05749
"cg_id_a",67021.3,-2.55519
"cg_id_a",67021.3,-2.6189
"cg_id_a",67021.4,-3.27165
"cg_id_a",67021.4,-2.8169
"cg_id_a",67021.4,-2.94861
"cg_id_a",67021.4,-2.7605
"cg_id_a",67021.4,-2.53271
"cg_id_a",67021.4,-3.13761
"cg_id_a",67021.4,-1.83434
"cg_id_a",67021.4,-2.51639
"cg_id_a",67021.4,-2.92512
"cg_id_a",67021.4,-3.21778
"cg_id_a",67021.5,-2.53606
"cg_id_a",67021.5,-2.49794
"cg_id_a",67021.5,-3.02254
"cg_id_a",67021.5,-2.60006
"cg_id_a",67021.5,-3.05549
"cg_id_a",67021.5,-2.13726
"cg_id_a",67021.5,-2.52797
"cg_id_a",67021.5,-3.33136
"cg_id_a",67021.5,-2.69737
"cg_id_a",67021.5,-3.21842
"cg_id_a",67021.5,-2.48092
"cg_id_a",67021.6,-1.85222
"cg_id_a",67021.6,-2.45731
"cg_id_a",67021.6,-2.00618
"cg_id_a",67021.6,-3.454
"cg_id_a",67021.6,-2.71805
"cg_id_a",67021.6,-2.14759
"cg_id_a",67021.6,-3.22749
"cg_id_a",67021.6,-2.99076
"cg_id_a",67021.6,-2.45568
"cg_id_a",67021.6,-2.31784
"cg_id_a",67021.7,-2.46815
"cg_id_a",67021.7,-2.00841
"cg_id_a",67021.7,-2.48462
"cg_id_a",67021.7,-2.87924
"cg_id_a",67021.7,-3.03012
"cg_id_a",67021.7,-2.62137
"cg_id_a",67021.7,-2.78257
"cg_id_a",67021.7,-1.69062
"cg_id_a",67021.7,-2.76772
"cg_id_a",67021.8,-2.96098
"cg_id_a",67021.8,-2.90316
"cg_id_a",67021.8,-2.52681
"cg_id_a",67021.8,-2.64449
"cg_id_a",67021.8,-3.07923
"cg_id_a",67021.8,-1.98431
"cg_id_a",67021.8,-2.47396
"cg_id_a",67021.8,-3.31055
"cg_id_a",67021.8,-2.96616
"cg_id_a",67021.8,-3.63999
"cg_id_a",67021.9,-2.55467
"cg_id_a",67021.9,-2.53901
"cg_id_a",67021.9,-2.25647
"cg_id_a",67021.9,-3.87677
"cg_id_a",67021.9,-3.07525
"cg_id_a",67021.9,-2.83402
"cg_id_a",67021.9,-2.9847
"cg_id_a",67021.9,-1.93211
"cg_id_a",67021.9,-3.23509
"cg_id_a",67021.9,-2.72601
"cg_id_a",67022,-2.78392
"cg_id_a",67022,-2.955
"cg_id_a",67022,-2.14575
"cg_id_a",67022,-2.30715
"cg_id_a",67022,-2.6533
"cg_id_a",67022,-2.30655
"cg_id_a",67022,-2.84319
"cg_id_a",67022,-3.22906
"cg_id_a",67022,-2.71169
"cg_id_a",67022,-2.76898
"cg_id_a",67022,-2.90657
"cg_id_a",67022.1,-3.45471
"cg_id_a",67022.1,-2.34424
"cg_id_a",67022.1,-2.62792
"cg_id_a",67022.1,-2.22439
"cg_id_a",67022.1,-3.02551
"cg_id_a",67022.1,-3.08907
"cg_id_a",67022.1,-2.19854
"cg_id_a",67022.1,-2.00427
"cg_id_a",67022.1,-3.18043
"cg_id_a",67022.1,-3.88411
"cg_id_a",67022.2,-2.51412
"cg_id_a",67022.2,-1.90626
"cg_id_a",67022.2,-2.3264
"cg_id_a",67022.2,-2.78738
"cg_id_a",67022.2,-2.88852
"cg_id_a",67022.2,-2.71521
"cg_id_a",67022.2,-3.04327
"cg_id_a",67022.2,-2.6043
"cg_id_a",67022.2,-3.05939
"cg_id_a",67022.2,-2.92298
"cg_id_a",67022.3,-2.88142
"cg_id_a",67022.3,-3.07856
"cg_id_a",67022.3,-2.99989
"cg_id_a",67022.3,-2.28989
"cg_id_a",67022.3,-2.5667
"cg_id_a",67022.3,-2.71616
"cg_id_a",67022.3,-2.33782
"cg_id_a",67022.3,-2.63693
"cg_id_a",67022.3,-2.6683
"cg_id_a",67022.4,-2.57085
"cg_id_a",67022.4,-2.7432
"cg_id_a",67022.4,-2.717
"cg_id_a",67022.4,-2.7168
"cg_id_a",67022.4,-3.13896
"cg_id_a",67022.4,-2.68657
"cg_id_a",67022.4,-2.46344
"cg_id_a",67022.4,-3.06033
"cg_id_a",67022.4,-2.61752
"cg_id_a",67022.4,-2.54794
"cg_id_a",67022.5,-2.31159
"cg_id_a",67022.5,-2.84918
"cg_id_a",67022.5,-2.37876
"cg_id_a",67022.5,-2.37011
"cg_id_a",67022.5,-2.04706
"cg_id_a",67022.5,-2.91746
"cg_id_a",67022.5,-2.32882
"cg_id_a",67022.5,-2.71546
"cg_id_a",67022.5,-2.99883
"cg_id_a",67022.5,-2.66984
"cg_id_a",67022.5,-2.87763
"cg_id_a",67022.6,-2.86975
"cg_id_a",67022.6,-2.04655
"cg_id_a",67022.6,-2.73157
"cg_id_a",67022.6,-2.91652
"cg_id_a",67022.6,-2.09457
"cg_id_a",67022.6,-2.62567
"cg_id_a",67022.6,-2.46783
"cg_id_a",67022.6,-1.61426
"cg_id_a",67022.6,-2.44008
"cg_id_a",67022.6,-2.8961
"cg_id_a",67022.7,-2.71472
"cg_id_a",67022.7,-2.84538
"cg_id_a",67022.7,-3.39537
"cg_id_a",67022.7,-1.84789
"cg_id_a",67022.7,-3.21692
"cg_id_a",67022.7,-2.32645
"cg_id_a",67022.7,-3.30303
"cg_id_a",67022.7,-2.51673
"cg_id_a",67022.8,-4.52399
"cg_id_a",67022.8,-3.35286
"cg_id_a",67022.8,-2.3555
"cg_id_a",67022.8,-3.16055
"cg_id_a",67022.8,-2.55163
"cg_id_a",67022.8,-3.1149
"cg_id_a",67022.8,-2.90528
"cg_id_a",67022.8,-2.02684
"cg_id_a",67022.8,-3.48809
"cg_id_a",67022.8,-2.80703
"cg_id_a",67022.8,-3.25378
"cg_id_a",67022.9,-2.29617
"cg_id_a",67022.9,-2.95622
"cg_id_a",67022.9,-2.15661
"cg_id_a",67022.9,-2.15826
"cg_id_a",67022.9,-3.52617
"cg_id_a",67022.9,-3.3465
"cg_id_a",67022.9,-2.71712
"cg_id_a",67022.9,-2.93522
"cg_id_a",67022.9,-4.23451
"cg_id_a",67022.9,-2.86032
"cg_id_a",67023,-2.73559
"cg_id_a",67023,-3.39339
"cg_id_a",67023,-2.80894
"cg_id_a",67023,-2.35196
"cg_id_a",67023,-2.62443
"cg_id_a",67023,-2.65908
"cg_id_a",67023,-2.90172
"cg_id_a",67023,-2.63639
"cg_id_a",67023,-2.32358
"cg_id_a",67023,-3.02163
"cg_id_a",67023.1,-2.90371
"cg_id_a",67023.1,-3.1504
"cg_id_a",67023.1,-3.33018
"cg_id_a",67023.1,-2.28952
"cg_id_a",67023.1,-2.05739
"cg_id_a",67023.1,-1.75497
"cg_id_a",67023.1,-2.87921
"cg_id_a",67023.1,-2.6292
"cg_id_a",67023.1,-3.36243
"cg_id_a",67023.1,-2.93214
"cg_id_a",67023.2,-2.20095
"cg_id_a",67023.2,-2.93908
"cg_id_a",67023.2,-3.22479
"cg_id_a",67023.2,-3.10413
"cg_id_a",67023.2,-3.0484
"cg_id_a",67023.2,-2.51139
"cg_id_a",67023.2,-2.73273
"cg_id_a",67023.2,-1.95919
"cg_id_a",67023.2,-3.24496
"cg_id_a",67023.2,-2.78698
"cg_id_a",67023.3,-2.96872
"cg_id_a",67023.3,-2.33682
"cg_id_a",67023.3,-2.8883
"cg_id_a",67023.3,-3.05046
"cg_id_a",67023.3,-2.7624
"cg_id_a",67023.3,-1.90806
"cg_id_a",67023.3,-2.83758
"cg_id_a",67023.3,-2.18237
"cg_id_a",67023.3,-2.63544
"cg_id_a",67023.3,-2.63553
"cg_id_a",67023.4,-3.13071
"cg_id_a",67023.4,-2.6065
"cg_id_a",67023.4,-2.30887
"cg_id_a",67023.4,-3.18132
"cg_id_a",67023.4,-3.09056
"cg_id_a",67023.4,-3.19732
"cg_id_a",67023.4,-2.39723
"cg_id_a",67023.4,-2.99626
"cg_id_a",67023.4,-3.0738
"cg_id_a",67023.4,-3.38981
"cg_id_a",67023.5,-2.47321
"cg_id_a",67023.5,-4.03938
"cg_id_a",67023.5,-2.49769
"cg_id_a",67023.5,-3.23578
"cg_id_a",67023.5,-2.71434
"cg_id_a",67023.5,-2.78707
"cg_id_a",67023.5,-2.56898
"cg_id_a",67023.5,-2.85009
"cg_id_a",67023.5,-2.99906
"cg_id_a",67023.5,-2.7028
"cg_id_a",67023.6,-3.0166
"cg_id_a",67023.6,-3.06118
"cg_id_a",67023.6,-2.1527
"cg_id_a",67023.6,-2.49886
"cg_id_a",67023.6,-2.89769
"cg_id_a",67023.6,-3.40277
"cg_id_a",67023.6,-2.4517
"cg_id_a",67023.6,-2.54517
"cg_id_a",67023.6,-2.69597
"cg_id_a",67023.6,-3.01617
"cg_id_a",67023.7,-2.10758
"cg_id_a",67023.7,-2.54852
"cg_id_a",67023.7,-2.77924
"cg_id_a",67023.7,-2.77609
"cg_id_a",67023.7,-2.27475
"cg_id_a",67023.7,-3.04147
"cg_id_a",67023.7,-3.21811
"cg_id_a",67023.7,-2.61677
"cg_id_a",67023.7,-2.29502
"cg_id_a",67023.7,-2.32026
"cg_id_a",67023.8,-2.35611
"cg_id_a",67023.8,-3.30805
"cg_id_a",67023.8,-2.19373
"cg_id_a",67023.8,-1.33417
"cg_id_a",67023.8,-4.19426
"cg_id_a",67023.8,-2.95869
"cg_id_a",67023.8,-2.625
"cg_id_a",67023.8,-3.11928
"cg_id_a",67023.8,-3.3437
"cg_id_a",67023.8,-2.91779
"cg_id_a",67023.8,-2.71883
"cg_id_a",67023.9,-2.93731
"cg_id_a",67023.9,-2.26024
"cg_id_a",67023.9,-2.70553
"cg_id_a",67023.9,-3.22216
"cg_id_a",67023.9,-3.06862
"cg_id_a",67023.9,-2.53673
"cg_id_a",67023.9,-4.1513
"cg_id_a",67023.9,-2.31345
"cg_id_a",67023.9,-2.75063
"cg_id_a",67023.9,-2.73467
"cg_id_a",67024,-2.56519
"cg_id_a",67024,-3.52641
"cg_id_a",67024,-2.26366
"cg_id_a",67024,-2.69759
"cg_id_a",67024,-2.38922
"cg_id_a",67024,-2.86684
"cg_id_a",67024,-2.40851
"cg_id_a",67024,-2.63322
"cg_id_a",67024,-3.01029
"cg_id_a",67024,-2.97347
"cg_id_a",67024.1,-3.54673
"cg_id_a",67024.1,-3.17541
"cg_id_a",67024.1,-2.70026
"cg_id_a",67024.1,-3.3755
"cg_id_a",67024.1,-3.21498
"cg_id_a",67024.1,-0.745751
"cg_id_a",67024.1,-2.78203
"cg_id_a",67024.1,-1.88612
"cg_id_a",67024.1,-2.64971
"cg_id_a",67024.1,-2.74265
"cg_id_a",67024.2,-2.67325
"cg_id_a",67024.2,-2.97619
"cg_id_a",67024.2,-2.5543
"cg_id_a",67024.2,-3.44068
"cg_id_a",67024.2,-2.10565
"cg_id_a",67024.2,-3.62246
"cg_id_a",67024.2,-2.48731
"cg_id_a",67024.2,-3.27607
"cg_id_a",67024.2,-2.82051
"cg_id_a",67024.2,-2.62963
"cg_id_a",67024.3,-2.37941
"cg_id_a",67024.3,-2.41962
"cg_id_a",67024.3,-2.55428
"cg_id_a",67024.3,-2.76239
"cg_id_a",67024.3,-2.56798
"cg_id_a",67024.3,-2.4751
"cg_id_a",67024.3,-2.87036
"cg_id_a",67024.3,-1.86669
"cg_id_a",67024.3,-2.74829
"cg_id_a",67024.3,-2.58652
"cg_id_a",67024.4,-3.8349
"cg_id_a",67024.4,-2.79254
"cg_id_a",67024.4,-3.85139
"cg_id_a",67024.4,-2.6266
"cg_id_a",67024.4,-2.684
"cg_id_a",67024.4,-2.51858
"cg_id_a",67024.4,-2.85494
"cg_id_a",67024.4,-3.05886
"cg_id_a",67024.4,-2.80438
"cg_id_a",67024.4,-2.46972
"cg_id_a",67024.5,-2.3126
"cg_id_a",67024.5,-2.95952
"cg_id_a",67024.5,-2.52933
"cg_id_a",67024.5,-2.90723
"cg_id_a",67024.5,-2.97974
"cg_id_a",67024.5,-2.74568
"cg_id_a",67024.5,-2.84074
"cg_id_a",67024.5,-2.51196
"cg_id_a",67024.5,-2.2262
"cg_id_a",67024.5,-2.39127
"cg_id_a",67024.6,-2.47585
"cg_id_a",67024.6,-2.86532
"cg_id_a",67024.6,-3.333
"cg_id_a",67024.6,-4.59938
"cg_id_a",67024.6,-1.6004
"cg_id_a",67024.6,-2.65795
"cg_id_a",67024.6,-2.95975
"cg_id_a",67024.6,-2.17937
"cg_id_a",67024.6,-2.67921
"cg_id_a",67024.6,-2.4929
"cg_id_a",67024.7,-2.52846
"cg_id_a",67024.7,-2.60323
"cg_id_a",67024.7,-2.34315
"cg_id_a",67024.7,-2.81515
"cg_id_a",67024.7,-2.96734
"cg_id_a",67024.7,-2.26706
"cg_id_a",67024.8,-1.24165
"cg_id_a",67024.8,-3.33438
"cg_id_a",67024.8,-2.70739
"cg_id_a",67024.8,-3.24236
"cg_id_a",67024.8,-2.8933
"cg_id_a",67024.8,-2.63765
"cg_id_a",67024.9,-2.76098
"cg_id_a",67024.9,-2.26756
"cg_id_a",67024.9,-2.31929
"cg_id_a",67024.9,-3.42765
"cg_id_a",67024.9,-2.45868
"cg_id_a",67024.9,-2.85931
"cg_id_a",67024.9,-2.25359
"cg_id_a",67024.9,-2.29822
"cg_id_a",67025,-2.81906
"cg_id_a",67025,-3.01029
"cg_id_a",67025,-1.91694
"cg_id_a",67025,-2.73221
"cg_id_a",67025,-2.59784
"cg_id_a",67025.1,-2.47201
"cg_id_a",67025.1,-2.72008
"cg_id_a",67025.1,-3.03253
"cg_id_a",67025.1,-2.83499
"cg_id_a",67025.1,-2.43703
"cg_id_a",67025.1,-2.06841
"cg_id_a",67025.1,-1.94693
"cg_id_a",67025.1,-4.11152
"cg_id_a",67025.1,-2.71642
"cg_id_a",67025.1,-2.40492
"cg_id_a",67025.2,-2.94286
"cg_id_a",67025.2,-2.9505
"cg_id_a",67025.2,-3.28382
"cg_id_a",67025.2,-2.53885
"cg_id_a",67025.2,-2.76342
"cg_id_a",67025.2,-3.00889
"cg_id_a",67025.2,-2.4164
"cg_id_a",67025.2,-2.624
"cg_id_a",67025.2,-1.96946
"cg_id_a",67025.2,-3.38673
"cg_id_a",67025.2,-2.23445
"cg_id_a",67025.2,-3.27107
"cg_id_a",67025.3,-2.86303
"cg_id_a",67025.3,-2.08011
"cg_id_a",67025.3,-2.12374
"cg_id_a",67025.3,-2.69622
"cg_id_a",67025.3,-2.1148
"cg_id_a",67025.3,-2.59245
"cg_id_a",67025.3,-2.77175
"cg_id_a",67025.3,-3.08534
"cg_id_a",67025.3,-1.3745
"cg_id_a",67025.3,-2.476
"cg_id_a",67025.3,-2.57211
"cg_id_a",67025.4,-2.85419
"cg_id_a",67025.4,-2.43396
"cg_id_a",67025.4,-2.16723
"cg_id_a",67025.4,-2.8606
"cg_id_a",67025.4,-3.42104
"cg_id_a",67025.4,-3.9478
"cg_id_a",67025.4,-2.52831
"cg_id_a",67025.4,-3.05509
"cg_id_a",67025.4,-2.74767
"cg_id_a",67025.4,-3.17356
"cg_id_a",67025.4,-2.72728
"cg_id_a",67025.5,-2.72501
"cg_id_a",67025.5,-2.78497
"cg_id_a",67025.5,-2.49516
"cg_id_a",67025.5,-2.84681
"cg_id_a",67025.5,-2.82839
"cg_id_a",67025.5,-2.55729
"cg_id_a",67025.5,-2.63636
"cg_id_a",67025.5,-2.62552
"cg_id_a",67025.5,-2.76607
"cg_id_a",67025.5,-2.57204
"cg_id_a",67025.5,-2.83026
"cg_id_a",67025.5,-3.3158
"cg_id_a",67025.6,-2.59644
"cg_id_a",67025.6,-0.840837
"cg_id_a",67025.6,-2.90099
"cg_id_a",67025.6,-2.90301
"cg_id_a",67025.6,-1.78532
"cg_id_a",67025.6,-3.36899
"cg_id_a",67025.6,-2.40827
"cg_id_a",67025.6,-3.14516
"cg_id_a",67025.6,-2.72532
"cg_id_a",67025.6,-2.28584
"cg_id_a",67025.6,-2.59814
"cg_id_a",67025.7,-3.35797
"cg_id_a",67025.7,-2.96445
"cg_id_a",67025.7,-2.99818
"cg_id_a",67025.7,-2.88844
"cg_id_a",67025.7,-3.28375
"cg_id_a",67025.7,-3.21173
"cg_id_a",67025.7,-2.23715
"cg_id_a",67025.7,-2.71887
"cg_id_a",67025.7,-2.50631
"cg_id_a",67025.7,-2.93588
"cg_id_a",67025.7,-2.80724
"cg_id_a",67025.8,-2.48221
"cg_id_a",67025.8,-3.19663
"cg_id_a",67025.8,-3.20634
"cg_id_a",67025.8,-2.56634
"cg_id_a",67025.8,-2.63054
"cg_id_a",67025.8,-2.86719
"cg_id_a",67025.8,-3.17525
"cg_id_a",67025.8,-2.54007
"cg_id_a",67025.8,-2.91625
"cg_id_a",67025.8,-2.84714
"cg_id_a",67025.8,-2.73825
"cg_id_a",67025.9,-2.77978
"cg_id_a",67025.9,-3.23348
"cg_id_a",67025.9,-1.28249
"cg_id_a",67025.9,-3.02533
"cg_id_a",67025.9,-3.15361
"cg_id_a",67025.9,-3.49096
"cg_id_a",67025.9,-2.80987
"cg_id_a",67025.9,-2.8391
"cg_id_a",67025.9,-2.96891
"cg_id_a",67025.9,-2.52423
"cg_id_a",67026,-2.80439
"cg_id_a",67026,-3.36408
"cg_id_a",67026,-3.10049
"cg_id_a",67026,-2.42655
"cg_id_a",67026,-2.48909
"cg_id_a",67026,-2.3217
"cg_id_a",67026,-2.21535
"cg_id_a",67026,-2.91211
"cg_id_a",67026,-2.5672
"cg_id_a",67026,-2.36865
"cg_id_a",67026.1,-2.73838
"cg_id_a",67026.1,-4.16151
"cg_id_a",67026.1,-2.91236
"cg_id_a",67026.1,-2.80831
"cg_id_a",67026.1,-2.65463
"cg_id_a",67026.1,-2.71804
"cg_id_a",67026.1,-3.03589
"cg_id_a",67026.1,-1.89207
"cg_id_a",67026.1,-2.76369
"cg_id_a",67026.1,-2.81572
"cg_id_a",67026.2,-3.13112
"cg_id_a",67026.2,-2.86781
"cg_id_a",67026.2,-2.83874
"cg_id_a",67026.2,-3.17056
"cg_id_a",67026.2,-2.58135
"cg_id_a",67026.2,-2.67888
"cg_id_a",67026.2,-2.1745
"cg_id_a",67026.2,-4.44582
"cg_id_a",67026.2,-2.00014
"cg_id_a",67026.2,-2.56206
"cg_id_a",67026.3,-3.00462
"cg_id_a",67026.3,-2.6688
"cg_id_a",67026.3,-2.73094
"cg_id_a",67026.3,-2.32678
"cg_id_a",67026.3,-3.09173
"cg_id_a",67026.3,-2.96564
"cg_id_a",67026.3,-3.6176
"cg_id_a",67026.3,-3.31249
"cg_id_a",67026.3,-2.54451
"cg_id_a",67026.3,-3.24307
"cg_id_a",67026.4,-3.02776
"cg_id_a",67026.4,-3.09911
"cg_id_a",67026.4,-3.19699
"cg_id_a",67026.4,-2.79996
"cg_id_a",67026.4,-2.5763
"cg_id_a",67026.4,-2.44031
"cg_id_a",67026.4,-2.61099
"cg_id_a",67026.4,-2.4551
"cg_id_a",67026.4,-2.90027
"cg_id_a",67026.4,-2.65455
"cg_id_a",67026.5,-2.32723
"cg_id_a",67026.5,-2.89823
"cg_id_a",67026.5,-3.05613
"cg_id_a",67026.5,-2.76506
"cg_id_a",67026.5,-2.33903
"cg_id_a",67026.5,-2.54639
"cg_id_a",67026.5,-1.92649
"cg_id_a",67026.5,-1.77669
"cg_id_a",67026.5,-2.36798
"cg_id_a",67026.5,-3.34433
"cg_id_a",67026.6,-2.55818
"cg_id_a",67026.6,-2.51131
"cg_id_a",67026.6,-2.83899
"cg_id_a",67026.6,-2.0275
"cg_id_a",67026.6,-2.69508
"cg_id_a",67026.6,-2.77547
"cg_id_a",67026.6,-2.53304
"cg_id_a",67026.6,-2.14645
"cg_id_a",67026.6,-3.23587
"cg_id_a",67026.6,-3.25833
"cg_id_a",67026.7,-2.44246
"cg_id_a",67026.7,-3.26853
"cg_id_a",67026.7,-3.01077
"cg_id_a",67026.7,-2.22539
"cg_id_a",67026.7,-2.54568
"cg_id_a",67026.7,-2.78032
"cg_id_a",67026.7,-3.04126
"cg_id_a",67026.7,-3.15022
"cg_id_a",67026.7,-2.25762
"cg_id_a",67026.8,-3.45355
"cg_id_a",67026.8,-4.08494
"cg_id_a",67026.8,-2.70671
"cg_id_a",67026.8,-3.15918
"cg_id_a",67026.8,-2.13637
"cg_id_a",67026.8,-2.37563
"cg_id_a",67026.8,-2.87407
"cg_id_a",67026.8,-3.1974
"cg_id_a",67026.8,-2.5098
"cg_id_a",67026.8,-2.52206
"cg_id_a",67026.9,-2.32671
"cg_id_a",67026.9,-1.98178
"cg_id_a",67026.9,-3.17296
"cg_id_a",67026.9,-2.38783
"cg_id_a",67026.9,-2.22888
"cg_id_a",67026.9,-2.88985
"cg_id_a",67026.9,-2.71827
"cg_id_a",67026.9,-2.7928
"cg_id_a",67026.9,-2.49873
"cg_id_a",67026.9,-2.40768
"cg_id_a",67026.9,-2.38352
"cg_id_a",67027,-3.57519
"cg_id_a",67027,-3.22404
"cg_id_a",67027,-2.94029
"cg_id_a",67027,-2.53619
"cg_id_a",67027,-1.55541
"cg_id_a",67027,-2.42497
"cg_id_a",67027,-2.80248
"cg_id_a",67027,-2.22564
"cg_id_a",67027,-2.32123
"cg_id_a",67027,-1.85158
"cg_id_a",67027.1,-2.96134
"cg_id_a",67027.1,-2.23613
"cg_id_a",67027.1,-2.47624
"cg_id_a",67027.1,-2.72196
"cg_id_a",67027.1,-2.53496
"cg_id_a",67027.1,-2.81744
"cg_id_a",67027.1,-3.48731
"cg_id_a",67027.1,-4.3004
"cg_id_a",67027.1,-2.98548
"cg_id_a",67027.1,-3.20808
"cg_id_a",67027.2,-2.69842
"cg_id_a",67027.2,-2.14941
"cg_id_a",67027.2,-2.18068
"cg_id_a",67027.2,-2.73348
"cg_id_a",67027.2,-2.94125
"cg_id_a",67027.2,-2.55616
"cg_id_a",67027.2,-2.8109
"cg_id_a",67027.2,-2.8293
"cg_id_a",67027.2,-2.49358
"cg_id_a",67027.2,-2.72022
"cg_id_a",67027.3,-3.02503
"cg_id_a",67027.3,-3.05623
"cg_id_a",67027.3,-2.47522
"cg_id_a",67027.3,-2.45593
"cg_id_a",67027.3,-3.17005
"cg_id_a",67027.3,-2.44759
"cg_id_a",67027.3,-2.69375
"cg_id_a",67027.3,-2.49387
"cg_id_a",67027.3,-2.62281
"cg_id_a",67027.4,-2.51887
"cg_id_a",67027.4,-2.76427
"cg_id_a",67027.4,-3.75852
"cg_id_a",67027.4,-2.45218
"cg_id_a",67027.4,-2.90141
"cg_id_a",67027.4,-2.38443
"cg_id_a",67027.4,-2.64645
"cg_id_a",67027.4,-3.08633
"cg_id_a",67027.4,-2.86604
"cg_id_a",67027.4,-2.54571
"cg_id_a",67027.4,-3.23408
"cg_id_a",67027.5,-2.88714
"cg_id_a",67027.5,-2.4086
"cg_id_a",67027.5,-3.1048
"cg_id_a",67027.5,-2.43766
"cg_id_a",67027.5,-2.24454
"cg_id_a",67027.5,-2.96622
"cg_id_a",67027.5,-1.48838
"cg_id_a",67027.5,-3.07097
"cg_id_a",67027.5,-3.01532
"cg_id_a",67027.5,-3.61437
"cg_id_a",67027.6,-2.5496
"cg_id_a",67027.6,-2.80388
"cg_id_a",67027.6,-2.98467
"cg_id_a",67027.6,-3.04559
"cg_id_a",67027.6,-2.58736
"cg_id_a",67027.6,-2.62705
"cg_id_a",67027.6,-2.69799
"cg_id_a",67027.6,-3.02625
"cg_id_a",67027.6,-2.89981
"cg_id_a",67027.6,-2.89549
"cg_id_a",67027.7,-2.38949
"cg_id_a",67027.7,-2.6561
"cg_id_a",67027.7,-2.79009
"cg_id_a",67027.7,-2.86584
"cg_id_a",67027.7,-2.98162
"cg_id_a",67027.7,-2.44502
"cg_id_a",67027.7,-3.25012
"cg_id_a",67027.7,-3.24867
"cg_id_a",67027.7,-2.82975
"cg_id_a",67027.8,-2.64645
"cg_id_a",67027.8,-2.77113
"cg_id_a",67027.8,-2.51398
"cg_id_a",67027.8,-3.2374
"cg_id_a",67027.8,-2.97933
"cg_id_a",67027.8,-2.45931
"cg_id_a",67027.8,-2.99443
"cg_id_a",67027.8,-2.45669
"cg_id_a",67027.8,-2.64771
"cg_id_a",67027.8,-2.8608
"cg_id_a",67027.8,-2.85589
"cg_id_a",67027.9,-2.82835
"cg_id_a",67027.9,-2.82394
"cg_id_a",67027.9,-3.19611
"cg_id_a",67027.9,-2.57737
"cg_id_a",67027.9,-2.66258
"cg_id_a",67027.9,-3.13966
"cg_id_a",67027.9,-2.79392
"cg_id_a",67027.9,-2.16063
"cg_id_a",67027.9,-1.85204
"cg_id_a",67027.9,-2.4874
"cg_id_a",67028,-3.54756
"cg_id_a",67028,-2.23215
"cg_id_a",67028,-3.36194
"cg_id_a",67028,-2.35961
"cg_id_a",67028,-2.66301
"cg_id_a",67028,-3.26059
"cg_id_a",67028,-3.415
"cg_id_a",67028,-2.98223
"cg_id_a",67028,-2.57774
"cg_id_a",67028,-2.63238
"cg_id_a",67028.1,-2.23526
"cg_id_a",67028.1,-3.6031
"cg_id_a",67028.1,-2.86288
"cg_id_a",67028.1,-2.10043
"cg_id_a",67028.1,-2.93023
"cg_id_a",67028.1,-3.13162
"cg_id_a",67028.1,-3.00068
"cg_id_a",67028.1,-4.0263
"cg_id_a",67028.1,-2.16809
"cg_id_a",67028.1,-2.11077
"cg_id_a",67028.2,-3.2503
"cg_id_a",67028.2,-2.56493
"cg_id_a",67028.2,-1.77358
"cg_id_a",67028.2,-3.05709
"cg_id_a",67028.2,-3.01752
"cg_id_a",67028.2,-2.88003
"cg_id_a",67028.2,-2.80378
"cg_id_a",67028.2,-2.28169
"cg_id_a",67028.2,-2.8832
"cg_id_a",67028.2,-2.91505
"cg_id_a",67028.3,-2.93597
"cg_id_a",67028.3,-2.81232
"cg_id_a",67028.3,-3.50891
"cg_id_a",67028.3,-2.73928
"cg_id_a",67028.3,-3.38193
"cg_id_a",67028.3,-2.92503
"cg_id_a",67028.3,-2.97897
"cg_id_a",67028.3,-0.651233
"cg_id_a",67028.3,-2.91676
"cg_id_a",67028.3,-2.96905
"cg_id_a",67028.4,-2.5849
"cg_id_a",67028.4,-2.81042
"cg_id_a",67028.4,-2.876
"cg_id_a",67028.4,-2.85573
"cg_id_a",67028.4,-2.64744
"cg_id_a",67028.4,-2.30092
"cg_id_a",67028.4,-3.02297
"cg_id_a",67028.4,-2.90533
"cg_id_a",67028.4,-2.84628
"cg_id_a",67028.4,-2.8653
"cg_id_a",67028.5,-2.39225
"cg_id_a",67028.5,-3.26966
"cg_id_a",67028.5,-2.44645
"cg_id_a",67028.5,-2.67915
"cg_id_a",67028.5,-2.32182
"cg_id_a",67028.5,-2.06582
"cg_id_a",67028.5,-2.9111
"cg_id_a",67028.5,-2.75887
"cg_id_a",67028.5,-2.648
"cg_id_a",67028.5,-3.01932
"cg_id_a",67028.6,-2.61664
"cg_id_a",67028.6,-2.71249
"cg_id_a",67028.6,-2.65422
"cg_id_a",67028.6,-3.08226
"cg_id_a",67028.6,-2.34161
"cg_id_a",67028.6,-2.82861
"cg_id_a",67028.6,-3.08549
"cg_id_a",67028.6,-2.5371
"cg_id_a",67028.6,-2.98624
"cg_id_a",67028.6,-1.23449
"cg_id_a",67028.7,-3.40939
"cg_id_a",67028.7,-2.82913
"cg_id_a",67028.7,-2.34406
"cg_id_a",67028.7,-2.77919
"cg_id_a",67028.7,-2.86855
"cg_id_a",67028.7,-2.99861
"cg_id_a",67028.7,-2.74534
"cg_id_a",67028.7,-2.39165
"cg_id_a",67028.7,-3.53413
"cg_id_a",67028.8,-2.91648
"cg_id_a",67028.8,-2.96214
"cg_id_a",67028.8,-3.12576
"cg_id_a",67028.8,-4.07308
"cg_id_a",67028.8,-2.51602
"cg_id_a",67028.8,-2.66907
"cg_id_a",67028.8,-2.9061
"cg_id_a",67028.8,-2.652
"cg_id_a",67028.8,-2.80357
"cg_id_a",67028.8,-2.00633
"cg_id_a",67028.9,-2.54716
"cg_id_a",67028.9,-3.08678
"cg_id_a",67028.9,-2.99683
"cg_id_a",67028.9,-2.7112
"cg_id_a",67028.9,-2.78662
"cg_id_a",67028.9,-2.30461
"cg_id_a",67028.9,-2.94135
"cg_id_a",67028.9,-2.58604
"cg_id_a",67028.9,-3.48212
"cg_id_a",67028.9,-2.18571
"cg_id_a",67029,-2.80096
"cg_id_a",67029,-3.16137
"cg_id_a",67029,-2.65541
"cg_id_a",67029,-3.28247
"cg_id_a",67029,-2.57706
"cg_id_a",67029,-2.53314
"cg_id_a",67029,-2.84163
"cg_id_a",67029,-2.72121
"cg_id_a",67029,-2.65804
"cg_id_a",67029,-2.08676
"cg_id_a",67029,-3.04585
"cg_id_a",67029.1,-3.09864
"cg_id_a",67029.1,-2.64317
"cg_id_a",67029.1,-3.00963
"cg_id_a",67029.1,-2.77845
"cg_id_a",67029.1,-1.97012
"cg_id_a",67029.1,-2.85794
"cg_id_a",67029.1,-2.84953
"cg_id_a",67029.1,-2.70944
"cg_id_a",67029.1,-2.25607
"cg_id_a",67029.1,-2.98619
"cg_id_a",67029.2,-3.01999
"cg_id_a",67029.2,-2.4175
"cg_id_a",67029.2,-2.827
"cg_id_a",67029.2,-2.31528
"cg_id_a",67029.2,-2.1193
"cg_id_a",67029.2,-2.68492
"cg_id_a",67029.2,-2.09718
"cg_id_a",67029.2,-2.88059
"cg_id_a",67029.2,-2.76063
"cg_id_a",67029.2,-3.22202
"cg_id_a",67029.3,-1.43209
"cg_id_a",67029.3,-2.11508
"cg_id_a",67029.3,-2.62535
"cg_id_a",67029.3,-2.97991
"cg_id_a",67029.3,-3.12909
"cg_id_a",67029.3,-2.49041
"cg_id_a",67029.3,-2.9438
"cg_id_a",67029.3,-2.82348
"cg_id_a",67029.3,-3.66513
"cg_id_a",67029.4,-3.09748
"cg_id_a",67029.4,-2.14415
"cg_id_a",67029.4,-1.96249
"cg_iq_a",66999.5,-1.43516
"cg_iq_a",66999.5,2.0607
"cg_iq_a",66999.5,-0.808774
"cg_iq_a",66999.5,-1.57317
"cg_iq_a",66999.5,2.16393
"cg_iq_a",66999.5,-2.06906
"cg_iq_a",66999.5,0.589131
"cg_iq_a",66999.6,0.857494
"cg_iq_a",66999.6,-1.0301
"cg_iq_a",66999.6,-0.354793
"cg_iq_a",66999.6,-1.49645
"cg_iq_a",66999.6,-0.121028
"cg_iq_a",66999.6,-0.472207
"cg_iq_a",66999.6,-0.343152
"cg_iq_a",66999.6,-0.566053
"cg_iq_a",66999.6,2.49123
"cg_iq_a",66999.6,-1.97593
"cg_iq_a",66999.7,0.00581187
"cg_iq_a",66999.7,2.68763
"cg_iq_a",66999.7,-1.89661
"cg_iq_a",66999.7,0.0706739
"cg_iq_a",66999.7,1.05141
"cg_iq_a",66999.7,-1.51115
"cg_iq_a",66999.7,0.273118
"cg_iq_a",66999.7,0.0715251
"cg_iq_a",66999.7,-0.704765
"cg_iq_a",66999.8,-0.673816
"cg_iq_a",66999.8,0.45338
"cg_iq_a",66999.8,-2.04831
"cg_iq_a",66999.8,1.15822
"cg_iq_a",66999.8,-0.137169
"cg_iq_a",66999.8,-1.93734
"cg_iq_a",66999.8,3.87811
"cg_iq_a",66999.8,-0.968986
"cg_iq_a",66999.8,-1.41808
"cg_iq_a",66999.8,1.71051
"cg_iq_a",66999.8,0.186609
"cg_iq_a",66999.9,-0.6826
"cg_iq_a",66999.9,0.015847
"cg_iq_a",66999.9,0.131693
"cg_iq_a",66999.9,-0.472622
"cg_iq_a",66999.9,0.329984
"cg_iq_a",66999.9,-0.256033
"cg_iq_a",66999.9,-0.717691
"cg_iq_a",66999.9,2.30956
"cg_iq_a",66999.9,-1.72909
"cg_iq_a",66999.9,-1.00054
"cg_iq_a",67000,3.63359
"cg_iq_a",67000,-1.25037
"cg_iq_a",67000,-0.52368
"cg_iq_a",67000,1.92546
"cg_iq_a",67000,-0.807133
"cg_iq_a",67000,-0.313426
"cg_iq_a",67000,0.576808
"cg_iq_a",67000,-1.18221
"cg_iq_a",67000,-0.139167
"cg_iq_a",67000,0.382293
"cg_iq_a",67000.1,1.31156
"cg_iq_a",67000.1,-0.792932
"cg_iq_a",67000.1,2.41255
"cg_iq_a",67000.1,-0.0610362
"cg_iq_a",67000.1,-2.1533
"cg_iq_a",67000.1,2.8919
"cg_iq_a",67000.1,-0.176044
"cg_iq_a",67000.1,-2.45081
"cg_iq_a",67000.1,1.68854
"cg_iq_a",67000.1,0.870361
"cg_iq_a",67000.2,-0.921117
"cg_iq_a",67000.2,-0.463309
"cg_iq_a",67000.2,1.53728
"cg_iq_a",67000.2,-0.0331302
"cg_iq_a",67000.2,0.4447
"cg_iq_a",67000.2,1.25496
"cg_iq_a",67000.2,-0.999278
"cg_iq_a",67000.2,0.144371
"cg_iq_a",67000.2,2.00355
"cg_iq_a",67000.2,-1.63076
"cg_iq_a",67000.3,-1.42029
"cg_iq_a",67000.3,2.60473
"cg_iq_a",67000.3,-0.802062
"cg_iq_a",67000.3,-1.8004
"cg_iq_a",67000.3,1.86815
"cg_iq_a",67000.3,0.213447
"cg_iq_a",67000.3,-0.449043
"cg_iq_a",67000.3,0.027738
"cg_iq_a",67000.3,0.446411
"cg_iq_a",67000.4,0.231256
"cg_iq_a",67000.4,-0.515536
"cg_iq_a",67000.4,0.853257
"cg_iq_a",67000.4,-0.920215
"cg_iq_a",67000.4,-1.16199
"cg_iq_a",67000.4,1.87227
"cg_iq_a",67000.4,-0.270962
"cg_iq_a",67000.4,-2.76601
"cg_iq_a",67000.4,1.56708
"cg_iq_a",67000.4,1.30424
"cg_iq_a",67000.4,-2.95033
"cg_iq_a",67000.5,-0.381115
"cg_iq_a",67000.5,1.45452
"cg_iq_a",67000.5,-0.0707338
"cg_iq_a",67000.5,-0.358623
"cg_iq_a",67000.5,0.382063
"cg_iq_a",67000.5,-0.241361
"cg_iq_a",67000.5,0.00834581
"cg_iq_a",67000.5,-0.294949
"cg_iq_a",67000.5,0.504642
"cg_iq_a",67000.5,-0.724833
"cg_iq_a",67000.6,-0.579045
"cg_iq_a",67000.6,0.966841
"cg_iq_a",67000.6,-0.445864
"cg_iq_a",67000.6,-2.45414
"cg_iq_a",67000.6,1.55984
"cg_iq_a",67000.6,1.98512
"cg_iq_a",67000.6,-2.90084
"cg_iq_a",67000.6,-0.15822
"cg_iq_a",67000.6,1.72812
"cg_iq_a",67000.6,0.284284
"cg_iq_a",67000.7,-0.605156
"cg_iq_a",67000.7,0.0111569
"cg_iq_a",67000.7,0.462502
"cg_iq_a",67000.7,0.818816
"cg_iq_a",67000.7,-0.462271
"cg_iq_a",67000.7,0.107552
"cg_iq_a",67000.7,-0.184674
"cg_iq_a",67000.7,-1.36807
"cg_iq_a",67000.7,1.24567
"cg_iq_a",67000.8,1.63453
"cg_iq_a",67000.8,-0.799172
"cg_iq_a",67000.8,-2.60727
"cg_iq_a",67000.8,2.47858
"cg_iq_a",67000.8,0.583411
"cg_iq_a",67000.8,-1.74512
"cg_iq_a",67000.8,-1.2941
"cg_iq_a",67000.8,1.94498
"cg_iq_a",67000.8,-0.191475
"cg_iq_a",67000.8,-0.308615
"cg_iq_a",67000.9,-0.285845
"cg_iq_a",67000.9,0.305808
"cg_iq_a",67000.9,0.411033
"cg_iq_a",67000.9,-0.0165066
"cg_iq_a",67000.9,0.426581
"cg_iq_a",67000.9,1.01403
"cg_iq_a",67000.9,-1.53664
"cg_iq_a",67000.9,-0.825249
"cg_iq_a",67000.9,3.2494
"cg_iq_a",67000.9,0.538942
"cg_iq_a",67000.9,-2.09693
"cg_iq_a",67001,-0.774695
"cg_iq_a",67001,3.30162
"cg_iq_a",67001,-0.268134
"cg_iq_a",67001,-1.38856
"cg_iq_a",67001,0.350764
"cg_iq_a",67001,0.0935939
"cg_iq_a",67001,0.401541
"cg_iq_a",67001,0.183444
"cg_iq_a",67001,-0.742672
"cg_iq_a",67001,0.291404
"cg_iq_a",67001.1,-0.143795
"cg_iq_a",67001.1,-0.0902626
"cg_iq_a",67001.1,-0.244219
"cg_iq_a",67001.1,0.913464
"cg_iq_a",67001.1,-0.241693
"cg_iq_a",67001.1,-1.37024
"cg_iq_a",67001.1,0.735912
"cg_iq_a",67001.1,2.19287
"cg_iq_a",67001.1,-1.57648
"cg_iq_a",67001.1,-1.5011
"cg_iq_a",67001.2,2.09211
"cg_iq_a",67001.2,2.19626
"cg_iq_a",67001.2,-1.70373
"cg_iq_a",67001.2,-1.80098
"cg_iq_a",67001.2,0.681745
"cg_iq_a",67001.2,0.390134
"cg_iq_a",67001.2,0.0386241
"cg_iq_a",67001.2,-0.522211
"cg_iq_a",67001.2,1.4739
"cg_iq_a",67001.2,0.699717
"cg_iq_a",67001.3,0.470442
"cg_iq_a",67001.3,-0.64928
"cg_iq_a",67001.3,-0.178324
"cg_iq_a",67001.3,0.594913
"cg_iq_a",67001.3,-0.02513
"cg_iq_a",67001.3,-1.72015
"cg_iq_a",67001.3,-0.0841619
"cg_iq_a",67001.3,2.66214
"cg_iq_a",67001.3,0.39922
"cg_iq_a",67001.4,-3.27629
"cg_iq_a",67001.4,0.488466
"cg_iq_a",67001.4,3.12973
"cg_iq_a",67001.4,1.02511
"cg_iq_a",67001.4,-2.05215
"cg_iq_a",67001.4,-0.865227
"cg_iq_a",67001.4,1.10132
"cg_iq_a",67001.4,-0.261995
"cg_iq_a",67001.4,-0.315586
"cg_iq_a",67001.4,-0.284806
"cg_iq_a",67001.5,0.0555593
"cg_iq_a",67001.5,-0.0289006
"cg_iq_a",67001.5,0.249084
"cg_iq_a",67001.5,-0.207208
"cg_iq_a",67001.5,0.247655
"cg_iq_a",67001.5,0.734015
"cg_iq_a",67001.5,0.124096
"cg_iq_a",67001.5,-1.03594
"cg_iq_a",67001.5,-1.20873
"cg_iq_a",67001.5,0.687426
"cg_iq_a",67001.5,1.46552
"cg_iq_a",67001.6,-2.12551
"cg_iq_a",67001.6,-2.59841
"cg_iq_a",67001.6,0.0822859
"cg_iq_a",67001.6,2.86156
"cg_iq_a",67001.6,0.480939
"cg_iq_a",67001.6,-1.66364
"cg_iq_a",67001.6,-2.22418
"cg_iq_a",67001.6,1.23857
"cg_iq_a",67001.6,1.15805
"cg_iq_a",67001.7,-0.0200333
"cg_iq_a",67001.7,-1.21613
"cg_iq_a",67001.7,-0.35716
"cg_iq_a",67001.7,-0.165782
"cg_iq_a",67001.7,0.194728
"cg_iq_a",67001.7,0.193799
"cg_iq_a",67001.7,-0.56255
"cg_iq_a",67001.7,1.17916
"cg_iq_a",67001.7,0.476494
"cg_iq_a",67001.7,0.0811629
"cg_iq_a",67001.8,-0.466092
"cg_iq_a",67001.8,-1.38035
"cg_iq_a",67001.8,1.72371
"cg_iq_a",67001.8,2.16559
"cg_iq_a",67001.8,-0.401861
"cg_iq_a",67001.8,-3.00281
"cg_iq_a",67001.8,-0.966363
"cg_iq_a",67001.8,3.64148
"cg_iq_a",67001.8,1.19932
"cg_iq_a",67001.8,-1.28129
"cg_iq_a",67001.9,-1.99711
"cg_iq_a",67001.9,-0.119756
"cg_iq_a",67001.9,2.18234
"cg_iq_a",67001.9,0.778016
"cg_iq_a",67001.9,-1.01899
"cg_iq_a",67001.9,-0.532364
"cg_iq_a",67001.9,-0.0918905
"cg_iq_a",67001.9,0.296829
"cg_iq_a",67001.9,-0.0548548
"cg_iq_a",67001.9,-0.568582
"cg_iq_a",67002,-0.454464
"cg_iq_a",67002,0.0717544
"cg_iq_a",67002,-0.033912
"cg_iq_a",67002,0.304162
"cg_iq_a",67002,-1.13928
"cg_iq_a",67002,-1.46081
"cg_iq_a",67002,-0.25209
"cg_iq_a",67002,1.712
"cg_iq_a",67002,1.9815
"cg_iq_a",67002,-0.688702
"cg_iq_a",67002.1,-5.00717
"cg_iq_a",67002.1,-0.542958
"cg_iq_a",67002.1,2.5676
"cg_iq_a",67002.1,2.90687
"cg_iq_a",67002.1,-0.340827
"cg_iq_a",67002.1,-2.25494
"cg_iq_a",67002.1,-1.28366
"cg_iq_a",67002.1,0.664788
"cg_iq_a",67002.1,1.74561
"cg_iq_a",67002.1,0.282005
"cg_iq_a",67002.2,-0.638207
"cg_iq_a",67002.2,-1.15571
"cg_iq_a",67002.2,-0.361912
"cg_iq_a",67002.2,-0.217966
"cg_iq_a",67002.2,0.173802
"cg_iq_a",67002.2,0.690843
"cg_iq_a",67002.2,4.5603e-06
"cg_iq_a",67002.2,-0.247105
"cg_iq_a",67002.2,-1.9023
"cg_iq_a",67002.2,0.667248
"cg_iq_a",67002.2,0.289568
"cg_iq_a",67002.3,-1.31099
"cg_iq_a",67002.3,-1.13943
"cg_iq_a",67002.3,0.452184
"cg_iq_a",67002.3,3.2273
"cg_iq_a",67002.3,2.5592
"cg_iq_a",67002.3,0.159996
"cg_iq_a",67002.3,-2.77759
"cg_iq_a",67002.3,-1.71262
"cg_iq_a",67002.3,1.75527
"cg_iq_a",67002.4,2.91383
"cg_iq_a",67002.4,1.14232
"cg_iq_a",67002.4,-1.89072
"cg_iq_a",67002.4,-2.18933
"cg_iq_a",67002.4,-0.455881
"cg_iq_a",67002.4,1.0374
"cg_iq_a",67002.4,1.30559
"cg_iq_a",67002.4,0.133584
"cg_iq_a",67002.4,-0.429993
"cg_iq_a",67002.4,-0.898237
"cg_iq_a",67002.5,-0.449658
"cg_iq_a",67002.5,1.09988
"cg_iq_a",67002.5,0.00637532
"cg_iq_a",67002.5,0.381725
"cg_iq_a",67002.5,0.568571
"cg_iq_a",67002.5,-0.622665
"cg_iq_a",67002.5,-0.278801
"cg_iq_a",67002.5,0.0847696
"cg_iq_a",67002.5,0.839901
"cg_iq_a",67002.5,0.645441
"cg_iq_a",67002.6,-0.67196
"cg_iq_a",67002.6,-2.70676
"cg_iq_a",67002.6,-0.655632
"cg_iq_a",67002.6,1.34637
"cg_iq_a",67002.6,2.20515
"cg_iq_a",67002.6,0.347214
"cg_iq_a",67002.6,-1.72311
"cg_iq_a",67002.6,-2.83254
"cg_iq_a",67002.6,-1.0292
"cg_iq_a",67002.6,0.270188
"cg_iq_a",67002.7,3.23088
"cg_iq_a",67002.7,1.75805
"cg_iq_a",67002.7,-1.06679
"cg_iq_a",67002.7,-3.43014
"cg_iq_a",67002.7,-1.50563
"cg_iq_a",67002.7,0.0928273
"cg_iq_a",67002.7,1.94811
"cg_iq_a",67002.7,2.03515
"cg_iq_a",67002.7,0.290452
"cg_iq_a",67002.7,-0.303139
"cg_iq_a",67002.8,-0.842245
"cg_iq_a",67002.8,-0.910229
"cg_iq_a",67002.8,-0.304849
"cg_iq_a",67002.8,-0.144292
"cg_iq_a",67002.8,0.2936
"cg_iq_a",67002.8,0.624464
"cg_iq_a",67002.8,-0.206598
"cg_iq_a",67002.8,-0.896099
"cg_iq_a",67002.8,0.0507243
"cg_iq_a",67002.8,0.0963966
"cg_iq_a",67002.9,1.22728
"cg_iq_a",67002.9,0.500652
"cg_iq_a",67002.9,-0.659574
"cg_iq_a",67002.9,0.0209449
"cg_iq_a",67002.9,-1.40647
"cg_iq_a",67002.9,-0.334823
"cg_iq_a",67002.9,2.20936
"cg_iq_a",67002.9,2.61088
"cg_iq_a",67002.9,1.06024
"cg_iq_a",67002.9,-1.71321
"cg_iq_a",67003,-2.50342
"cg_iq_a",67003,-3.34793
"cg_iq_a",67003,-0.489373
"cg_iq_a",67003,2.50703
"cg_iq_a",67003,3.13551
"cg_iq_a",67003,1.14185
"cg_iq_a",67003,-0.11934
"cg_iq_a",67003,-2.56527
"cg_iq_a",67003,-2.58869
"cg_iq_a",67003,-0.477863
"cg_iq_a",67003.1,1.11587
"cg_iq_a",67003.1,1.07438
"cg_iq_a",67003.1,0.60718
"cg_iq_a",67003.1,0.34023
"cg_iq_a",67003.1,-0.730429
"cg_iq_a",67003.1,-1.09944
"cg_iq_a",67003.1,0.0174989
"cg_iq_a",67003.1,-0.526092
"cg_iq_a",67003.1,-1.02682
"cg_iq_a",67003.1,-0.340322
"cg_iq_a",67003.2,0.179329
"cg_iq_a",67003.2,-0.244397
"cg_iq_a",67003.2,0.116968
"cg_iq_a",67003.2,-0.376783
"cg_iq_a",67003.2,-0.361953
"cg_iq_a",67003.2,-0.709485
"cg_iq_a",67003.2,0.26173
"cg_iq_a",67003.2,0.790824
"cg_iq_a",67003.2,1.23316
"cg_iq_a",67003.2,-0.60254
"cg_iq_a",67003.3,-0.774728
"cg_iq_a",67003.3,-1.55178
"cg_iq_a",67003.3,-1.44574
"cg_iq_a",67003.3,1.074
"cg_iq_a",67003.3,1.47708
"cg_iq_a",67003.3,2.17354
"cg_iq_a",67003.3,2.22848
"cg_iq_a",67003.3,-0.0766216
"cg_iq_a",67003.3,-2.54925
"cg_iq_a",67003.3,-2.50192
"cg_iq_a",67003.4,-2.3188
"cg_iq_a",67003.4,1.07723
"cg_iq_a",67003.4,0.456334
"cg_iq_a",67003.4,2.98448
"cg_iq_a",67003.4,2.30978
"cg_iq_a",67003.4,1.22819
"cg_iq_a",67003.4,-0.985214
"cg_iq_a",67003.4,-1.83387
"cg_iq_a",67003.4,-1.95879
"cg_iq_a",67003.4,-0.953759
"cg_iq_a",67003.5,0.228537
"cg_iq_a",67003.5,1.00032
"cg_iq_a",67003.5,2.14619
"cg_iq_a",67003.5,2.17603
"cg_iq_a",67003.5,0.0977657
"cg_iq_a",67003.5,-0.104187
"cg_iq_a",67003.5,-0.430351
"cg_iq_a",67003.5,-2.18027
"cg_iq_a",67003.5,-0.743341
"cg_iq_a",67003.5,0.415419
"cg_iq_a",67003.6,0.140971
"cg_iq_a",67003.6,-0.701146
"cg_iq_a",67003.6,0.0749421
"cg_iq_a",67003.6,0.240358
"cg_iq_a",67003.6,0.309578
"cg_iq_a",67003.6,1.14252
"cg_iq_a",67003.6,-0.0531226
"cg_iq_a",67003.6,-0.796661
"cg_iq_a",67003.6,-0.466983
"cg_iq_a",67003.6,0.38455
"cg_iq_a",67003.6,0.317014
"cg_iq_a",67003.7,1.33031
"cg_iq_a",67003.7,1.12938
"cg_iq_a",67003.7,1.16947
"cg_iq_a",67003.7,-0.319045
"cg_iq_a",67003.7,-1.21528
"cg_iq_a",67003.7,-1.7752
"cg_iq_a",67003.7,-0.773998
"cg_iq_a",67003.7,-0.156891
"cg_iq_a",67003.7,-1.68217
"cg_iq_a",67003.7,2.09424
"cg_iq_a",67003.8,2.08095
"cg_iq_a",67003.8,2.5302
"cg_iq_a",67003.8,0.445059
"cg_iq_a",67003.8,-0.588801
"cg_iq_a",67003.8,-2.7269
"cg_iq_a",67003.8,-3.66297
"cg_iq_a",67003.8,-2.25483
"cg_iq_a",67003.8,-1.33522
"cg_iq_a",67003.8,0.130278
"cg_iq_a",67003.8,2.46334
"cg_iq_a",67003.9,3.12655
"cg_iq_a",67003.9,1.97774
"cg_iq_a",67003.9,1.92858
"cg_iq_a",67003.9,-0.322078
"cg_iq_a",67003.9,-1.32708
"cg_iq_a",67003.9,-1.88559
"cg_iq_a",67003.9,-1.96346
"cg_iq_a",67003.9,-2.28285
"cg_iq_a",67003.9,-2.6269
"cg_iq_a",67003.9,0.785333
"cg_iq_a",67004,0.766743
"cg_iq_a",67004,0.104276
"cg_iq_a",67004,1.62472
"cg_iq_a",67004,0.79204
"cg_iq_a",67004,1.67858
"cg_iq_a",67004,-0.914052
"cg_iq_a",67004,-0.469307
"cg_iq_a",67004,-1.11775
"cg_iq_a",67004,-0.668166
"cg_iq_a",67004,-0.222949
"cg_iq_a",67004.1,-0.369109
"cg_iq_a",67004.1,-0.31615
"cg_iq_a",67004.1,0.0159742
"cg_iq_a",67004.1,0.178504
"cg_iq_a",67004.1,1.3006
"cg_iq_a",67004.1,0.351562
"cg_iq_a",67004.1,1.15688
"cg_iq_a",67004.1,-0.585426
"cg_iq_a",67004.1,1.05955
"cg_iq_a",67004.1,0.033142
"cg_iq_a",67004.2,0.0283529
"cg_iq_a",67004.2,-0.150761
"cg_iq_a",67004.2,-0.0233707
"cg_iq_a",67004.2,-0.515111
"cg_iq_a",67004.2,-0.118423
"cg_iq_a",67004.2,-1.22494
"cg_iq_a",67004.2,0.399857
"cg_iq_a",67004.2,0.74986
"cg_iq_a",67004.2,0.946548
"cg_iq_a",67004.2,0.967554
"cg_iq_a",67004.3,0.489652
"cg_iq_a",67004.3,-0.404519
"cg_iq_a",67004.3,-0.479425
"cg_iq_a",67004.3,-2.1292
"cg_iq_a",67004.3,-1.22416
"cg_iq_a",67004.3,-1.71047
"cg_iq_a",67004.3,-1.11439
"cg_iq_a",67004.3,-0.925453
"cg_iq_a",67004.3,-0.268926
"cg_iq_a",67004.3,2.03233
"cg_iq_a",67004.4,2.02204
"cg_iq_a",67004.4,2.20998
"cg_iq_a",67004.4,2.40081
"cg_iq_a",67004.4,1.80239
"cg_iq_a",67004.4,1.32322
"cg_iq_a",67004.4,0.231288
"cg_iq_a",67004.4,-0.898707
"cg_iq_a",67004.4,-3.12967
"cg_iq_a",67004.4,-3.20864
"cg_iq_a",67004.4,-2.50763
"cg_iq_a",67004.5,-2.37654
"cg_iq_a",67004.5,-2.32003
"cg_iq_a",67004.5,-1.09932
"cg_iq_a",67004.5,0.728488
"cg_iq_a",67004.5,1.87471
"cg_iq_a",67004.5,2.0468
"cg_iq_a",67004.5,2.81052
"cg_iq_a",67004.5,3.77629
"cg_iq_a",67004.5,2.82562
"cg_iq_a",67004.5,1.71556
"cg_iq_a",67004.6,0.73179
"cg_iq_a",67004.6,-0.0187919
"cg_iq_a",67004.6,-1.07544
"cg_iq_a",67004.6,-2.00995
"cg_iq_a",67004.6,-1.24578
"cg_iq_a",67004.6,-0.529615
"cg_iq_a",67004.6,-1.9537
"cg_iq_a",67004.6,-1.96369
"cg_iq_a",67004.6,-1.71693
"cg_iq_a",67004.6,-0.56785
"cg_iq_a",67004.7,-0.0616564
"cg_iq_a",67004.7,0.587636
"cg_iq_a",67004.7,1.27938
"cg_iq_a",67004.7,2.11903
"cg_iq_a",67004.7,1.79152
"cg_iq_a",67004.7,1.86503
"cg_iq_a",67004.8,0.929958
"cg_iq_a",67004.8,0.915817
"cg_iq_a",67004.8,-0.938239
"cg_iq_a",67004.8,0.882233
"cg_iq_a",67004.8,-0.515873
"cg_iq_a",67004.8,-0.081207
"cg_iq_a",67004.9,-0.452903
"cg_iq_a",67004.9,-0.495309
"cg_iq_a",67004.9,-0.4565
"cg_iq_a",67004.9,-1.53698
"cg_iq_a",67004.9,-0.0642498
"cg_iq_a",67004.9,-0.844949
"cg_iq_a",67004.9,-0.210763
"cg_iq_a",67004.9,0.0434809
"cg_iq_a",67005,0.153372
"cg_iq_a",67005,0.207327
"cg_iq_a",67005,-0.0721822
"cg_iq_a",67005,-0.739289
"cg_iq_a",67005,0.0324315
"cg_iq_a",67005.1,-1.36485
"cg_iq_a",67005.1,0.476369
"cg_iq_a",67005.1,-0.317261
"cg_iq_a",67005.1,-0.392283
"cg_iq_a",67005.1,0.170746
"cg_iq_a",67005.1,0.293382
"cg_iq_a",67005.1,0.869125
"cg_iq_a",67005.1,-0.765465
"cg_iq_a",67005.1,-0.550923
"cg_iq_a",67005.1,-0.231682
"cg_iq_a",67005.2,-0.660637
"cg_iq_a",67005.2,0.635429
"cg_iq_a",67005.2,-1.08295
"cg_iq_a",67005.2,-0.393728
"cg_iq_a",67005.2,-0.0328979
"cg_iq_a",67005.2,0.173157
"cg_iq_a",67005.2,0.600955
"cg_iq_a",67005.2,0.547561
"cg_iq_a",67005.2,0.738271
"cg_iq_a",67005.2,0.724909
"cg_iq_a",67005.2,-0.631894
"cg_iq_a",67005.3,1.93479
"cg_iq_a",67005.3,1.68083
"cg_iq_a",67005.3,0.244534
"cg_iq_a",67005.3,0.797024
"cg_iq_a",67005.3,0.506985
"cg_iq_a",67005.3,0.553057
"cg_iq_a",67005.3,0.83279
"cg_iq_a",67005.3,0.575613
"cg_iq_a",67005.3,1.11138
"cg_iq_a",67005.3,0.367659
"cg_iq_a",67005.3,-0.204978
"cg_iq_a",67005.4,-0.81777
"cg_iq_a",67005.4,0.461467
"cg_iq_a",67005.4,-0.962324
"cg_iq_a",67005.4,-1.63433
"cg_iq_a",67005.4,-2.16477
"cg_iq_a",67005.4,-1.78321
"cg_iq_a",67005.4,-2.29223
"cg_iq_a",67005.4,-0.658399
"cg_iq_a",67005.4,-1.78794
"cg_iq_a",67005.4,-1.57517
"cg_iq_a",67005.4,-1.94464
"cg_iq_a",67005.5,-1.66098
"cg_iq_a",67005.5,-1.95097
"cg_iq_a",67005.5,-1.25349
"cg_iq_a",67005.5,-1.11136
"cg_iq_a",67005.5,-1.36023
"cg_iq_a",67005.5,-0.81026
"cg_iq_a",67005.5,-0.108669
"cg_iq_a",67005.5,-1.38557
"cg_iq_a",67005.5,0.185476
"cg_iq_a",67005.5,0.648656
"cg_iq_a",67005.5,0.589367
"cg_iq_a",67005.5,1.20911
"cg_iq_a",67005.6,0.960338
"cg_iq_a",67005.6,1.63578
"cg_iq_a",67005.6,0.814042
"cg_iq_a",67005.6,2.16228
"cg_iq_a",67005.6,1.46867
"cg_iq_a",67005.6,2.04508
"cg_iq_a",67005.6,1.74363
"cg_iq_a",67005.6,2.37076
"cg_iq_a",67005.6,2.22521
"cg_iq_a",67005.6,2.28924
"cg_iq_a",67005.6,2.44781
"cg_iq_a",67005.7,2.42842
"cg_iq_a",67005.7,2.21207
"cg_iq_a",67005.7,2.25038
"cg_iq_a",67005.7,3.19298
"cg_iq_a",67005.7,2.57455
"cg_iq_a",67005.7,2.08592
"cg_iq_a",67005.7,2.6014
"cg_iq_a",67005.7,1.80224
"cg_iq_a",67005.7,1.48603
"cg_iq_a",67005.7,1.38863
"cg_iq_a",67005.7,1.70739
"cg_iq_a",67005.8,1.6741
"cg_iq_a",67005.8,1.57992
"cg_iq_a",67005.8,1.34289
"cg_iq_a",67005.8,1.33163
"cg_iq_a",67005.8,0.878807
"cg_iq_a",67005.8,1.10405
"cg_iq_a",67005.8,1.60317
"cg_iq_a",67005.8,0.428569
"cg_iq_a",67005.8,0.231237
"cg_iq_a",67005.8,0.129157
"cg_iq_a",67005.8,0.0778311
"cg_iq_a",67005.9,-0.24526
"cg_iq_a",67005.9,-0.303061
"cg_iq_a",67005.9,-0.788911
"cg_iq_a",67005.9,0.180524
"cg_iq_a",67005.9,-0.445175
"cg_iq_a",67005.9,-1.32165
"cg_iq_a",67005.9,-1.41263
"cg_iq_a",67005.9,-1.78796
"cg_iq_a",67005.9,-1.35219
"cg_iq_a",67005.9,0.692931
"cg_iq_a",67005.9,-1.29283
"cg_iq_a",67006,-1.66353
"cg_iq_a",67006,-1.57524
"cg_iq_a",67006,-1.08353
"cg_iq_a",67006,-1.56939
"cg_iq_a",67006,-1.34657
"cg_iq_a",67006,-0.97648
"cg_iq_a",67006,-0.713163
"cg_iq_a",67006,-1.40849
"cg_iq_a",67006,-0.860599
"cg_iq_a",67006,-1.41509
"cg_iq_a",67006.1,-1.83397
"cg_iq_a",67006.1,-0.608474
"cg_iq_a",67006.1,-0.638774
"cg_iq_a",67006.1,-0.48735
"cg_iq_a",67006.1,-0.274421
"cg_iq_a",67006.1,-1.24561
"cg_iq_a",67006.1,-0.111856
"cg_iq_a",67006.1,-0.872873
"cg_iq_a",67006.1,-0.88606
"cg_iq_a",67006.1,-0.82553
"cg_iq_a",67006.2,-0.399855
"cg_iq_a",67006.2,-0.473497
"cg_iq_a",67006.2,-0.427928
"cg_iq_a",67006.2,0.0672005
"cg_iq_a",67006.2,-0.629579
"cg_iq_a",67006.2,-0.662379
"cg_iq_a",67006.2,-0.481909
"cg_iq_a",67006.2,-0.998838
"cg_iq_a",67006.2,0.0618502
"cg_iq_a",67006.2,-0.160802
"cg_iq_a",67006.3,-0.187929
"cg_iq_a",67006.3,-1.5026
"cg_iq_a",67006.3,-1.17542
"cg_iq_a",67006.3,-1.23233
"cg_iq_a",67006.3,-2.02176
"cg_iq_a",67006.3,-1.08422
"cg_iq_a",67006.3,-2.42513
"cg_iq_a",67006.3,-0.680686
"cg_iq_a",67006.3,0.294693
"cg_iq_a",67006.3,-0.922844
"cg_iq_a",67006.4,-0.804796
"cg_iq_a",67006.4,-1.80526
"cg_iq_a",67006.4,-0.511113
"cg_iq_a",67006.4,-0.887263
"cg_iq_a",67006.4,-0.580935
"cg_iq_a",67006.4,-0.747916
"cg_iq_a",67006.4,-2.45571
"cg_iq_a",67006.4,-0.301239
"cg_iq_a",67006.4,-0.989733
"cg_iq_a",67006.4,-0.963501
"cg_iq_a",67006.5,-0.828748
"cg_iq_a",67006.5,-0.885734
"cg_iq_a",67006.5,-0.250003
"cg_iq_a",67006.5,-0.869185
"cg_iq_a",67006.5,-0.242482
"cg_iq_a",67006.5,-0.888741
"cg_iq_a",67006.5,-1.0651
"cg_iq_a",67006.5,-0.629794
"cg_iq_a",67006.5,-0.84185
"cg_iq_a",67006.5,-0.309357
"cg_iq_a",67006.6,-0.630885
"cg_iq_a",67006.6,-1.42998
"cg_iq_a",67006.6,-0.29655
"cg_iq_a",67006.6,-1.0407
"cg_iq_a",67006.6,-0.426254
"cg_iq_a",67006.6,-0.0639471
"cg_iq_a",67006.6,-0.489366
"cg_iq_a",67006.6,-0.144197
"cg_iq_a",67006.6,0.190268
"cg_iq_a",67006.6,-0.415941
"cg_iq_a",67006.7,-0.585958
"cg_iq_a",67006.7,-0.182778
"cg_iq_a",67006.7,-0.137036
"cg_iq_a",67006.7,-0.148643
"cg_iq_a",67006.7,-0.937827
"cg_iq_a",67006.7,-0.757919
"cg_iq_a",67006.7,-0.859856
"cg_iq_a",67006.7,-0.748084
"cg_iq_a",67006.7,-0.680639
"cg_iq_a",67006.8,-1.4567
"cg_iq_a",67006.8,-0.733007
"cg_iq_a",67006.8,0.412815
"cg_iq_a",67006.8,-1.24714
"cg_iq_a",67006.8,0.301416
"cg_iq_a",67006.8,-0.781373
"cg_iq_a",67006.8,-0.202706
"cg_iq_a",67006.8,-0.94711
"cg_iq_a",67006.8,-0.349126
"cg_iq_a",67006.8,0.170713
"cg_iq_a",67006.9,-0.699069
"cg_iq_a",67006.9,-1.03683
"cg_iq_a",67006.9,-0.649599
"cg_iq_a",67006.9,-0.476363
"cg_iq_a",67006.9,0.126136
"cg_iq_a",67006.9,-0.223131
"cg_iq_a",67006.9,-0.344675
"cg_iq_a",67006.9,-0.517857
"cg_iq_a",67006.9,-0.515637
"cg_iq_a",67006.9,-0.742307
"cg_iq_a",67006.9,-0.629513
"cg_iq_a",67007,-0.289724
"cg_iq_a",67007,-0.681502
"cg_iq_a",67007,-0.469108
"cg_iq_a",67007,-0.398909
"cg_iq_a",67007,-0.711484
"cg_iq_a",67007,-1.19759
"cg_iq_a",67007,-0.796353
"cg_iq_a",67007,-0.629789
"cg_iq_a",67007,-0.00794744
"cg_iq_a",67007,0.384394
"cg_iq_a",67007.1,-0.435476
"cg_iq_a",67007.1,-0.308494
"cg_iq_a",67007.1,-0.403955
"cg_iq_a",67007.1,-0.712196
"cg_iq_a",67007.1,-0.0466313
"cg_iq_a",67007.1,-0.911977
"cg_iq_a",67007.1,-0.86025
"cg_iq_a",67007.1,1.12476
"cg_iq_a",67007.1,-0.85755
"cg_iq_a",67007.1,-0.650897
"cg_iq_a",67007.2,-0.0308323
"cg_iq_a",67007.2,-0.803759
"cg_iq_a",67007.2,-0.406036
"cg_iq_a",67007.2,0.0563803
"cg_iq_a",67007.2,-0.864467
"cg_iq_a",67007.2,-0.685417
"cg_iq_a",67007.2,-0.623205
"cg_iq_a",67007.2,-1.08275
"cg_iq_a",67007.2,-0.58955
"cg_iq_a",67007.2,-0.800864
"cg_iq_a",67007.3,-0.842249
"cg_iq_a",67007.3,-0.580889
"cg_iq_a",67007.3,-0.162087
"cg_iq_a",67007.3,-0.93434
"cg_iq_a",67007.3,-0.625538
"cg_iq_a",67007.3,-0.137409
"cg_iq_a",67007.3,-1.28408
"cg_iq_a",67007.3,0.134623
"cg_iq_a",67007.3,-0.323532
"cg_iq_a",67007.4,-0.388408
"cg_iq_a",67007.4,-0.692781
"cg_iq_a",67007.4,-0.548205
"cg_iq_a",67007.4,-0.307905
"cg_iq_a",67007.4,0.123085
"cg_iq_a",67007.4,-0.66937
"cg_iq_a",67007.4,-0.176228
"cg_iq_a",67007.4,-0.285259
"cg_iq_a",67007.4,-0.96304
"cg_iq_a",67007.4,-1.17791
"cg_iq_a",67007.5,-1.65996
"cg_iq_a",67007.5,-0.861982
"cg_iq_a",67007.5,-0.81611
"cg_iq_a",67007.5,-1.24091
"cg_iq_a",67007.5,-0.0994862
"cg_iq_a",67007.5,-0.555934
"cg_iq_a",67007.5,-0.0968028
"cg_iq_a",67007.5,-0.839994
"cg_iq_a",67007.5,-0.697028
"cg_iq_a",67007.5,-0.65784
"cg_iq_a",67007.5,-0.740617
"cg_iq_a",67007.6,-0.719541
"cg_iq_a",67007.6,-0.687053
"cg_iq_a",67007.6,-0.47828
"cg_iq_a",67007.6,-1.13116
"cg_iq_a",67007.6,-0.144749
"cg_iq_a",67007.6,-1.38234
"cg_iq_a",67007.6,-0.713824
"cg_iq_a",67007.6,-0.355301
"cg_iq_a",67007.6,-0.722937
"cg_iq_a",67007.6,-0.656184
"cg_iq_a",67007.7,-1.57352
"cg_iq_a",67007.7,-2.01374
"cg_iq_a",67007.7,-0.519987
"cg_iq_a",67007.7,-1.12307
"cg_iq_a",67007.7,-0.963964
"cg_iq_a",67007.7,-1.05334
"cg_iq_a",67007.7,-0.377606
"cg_iq_a",67007.7,-0.964044
"cg_iq_a",67007.7,0.318797
"cg_iq_a",67007.8,0.816486
"cg_iq_a",67007.8,-0.748029
"cg_iq_a",67007.8,-0.781988
"cg_iq_a",67007.8,-1.60952
"cg_iq_a",67007.8,-0.527241
"cg_iq_a",67007.8,-0.873339
"cg_iq_a",67007.8,-0.853329
"cg_iq_a",67007.8,-0.696501
"cg_iq_a",67007.8,-0.776039
"cg_iq_a",67007.8,-0.835932
"cg_iq_a",67007.9,-0.964646
"cg_iq_a",67007.9,-0.610319
"cg_iq_a",67007.9,-0.245911
"cg_iq_a",67007.9,0.689413
"cg_iq_a",67007.9,-0.784837
"cg_iq_a",67007.9,-0.866445
"cg_iq_a",67007.9,-0.719068
"cg_iq_a",67007.9,-0.536124
"cg_iq_a",67007.9,-0.306125
"cg_iq_a",67007.9,-1.29203
"cg_iq_a",67007.9,0.119668
"cg_iq_a",67008,-0.744928
"cg_iq_a",67008,-0.648711
"cg_iq_a",67008,-0.516078
"cg_iq_a",67008,-0.914782
"cg_iq_a",67008,-0.513296
"cg_iq_a",67008,-0.34602
"cg_iq_a",67008,-0.235689
"cg_iq_a",67008,-0.51842
"cg_iq_a",67008,-1.14752
"cg_iq_a",67008,-0.816087
"cg_iq_a",67008.1,-0.106317
"cg_iq_a",67008.1,-0.451233
"cg_iq_a",67008.1,-0.331563
"cg_iq_a",67008.1,-0.749946
"cg_iq_a",67008.1,0.411719
"cg_iq_a",67008.1,-0.554478
"cg_iq_a",67008.1,1.80378
"cg_iq_a",67008.1,-0.620832
"cg_iq_a",67008.1,-1.38622
"cg_iq_a",67008.1,-0.682389
"cg_iq_a",67008.2,-0.375966
"cg_iq_a",67008.2,-0.281519
"cg_iq_a",67008.2,-0.796465
"cg_iq_a",67008.2,-0.637975
"cg_iq_a",67008.2,-1.13944
"cg_iq_a",67008.2,-0.139162
"cg_iq_a",67008.2,-0.335896
"cg_iq_a",67008.2,-0.336
"cg_iq_a",67008.2,-0.487884
"cg_iq_a",67008.2,-0.847698
"cg_iq_a",67008.3,0.181674
"cg_iq_a",67008.3,-0.519343
"cg_iq_a",67008.3,-0.468445
"cg_iq_a",67008.3,-0.535371
"cg_iq_a",67008.3,-0.335735
"cg_iq_a",67008.3,-1.53427
"cg_iq_a",67008.3,-1.00038
"cg_iq_a",67008.3,-1.00806
"cg_iq_a",67008.3,-0.958375
"cg_iq_a",67008.3,-1.03154
"cg_iq_a",67008.4,-0.777022
"cg_iq_a",67008.4,-0.535466
"cg_iq_a",67008.4,0.613957
"cg_iq_a",67008.4,-1.16817
"cg_iq_a",67008.4,0.0670968
"cg_iq_a",67008.4,-0.942855
"cg_iq_a",67008.4,-0.645395
"cg_iq_a",67008.4,1.05199
"cg_iq_a",67008.4,-1.83282
"cg_iq_a",67008.4,-0.970148
"cg_iq_a",67008.5,-0.802872
"cg_iq_a",67008.5,-0.869983
"cg_iq_a",67008.5,-0.300513
"cg_iq_a",67008.5,-0.750862
"cg_iq_a",67008.5,-0.862072
"cg_iq_a",67008.5,0.705871
"cg_iq_a",67008.5,-0.66173
"cg_iq_a",67008.5,-0.899409
"cg_iq_a",67008.5,-0.104546
"cg_iq_a",67008.5,-0.598149
"cg_iq_a",67008.6,-0.145896
"cg_iq_a",67008.6,-1.21435
"cg_iq_a",67008.6,-0.626893
"cg_iq_a",67008.6,-0.499113
"cg_iq_a",67008.6,-0.669997
"cg_iq_a",67008.6,-1.50641
"cg_iq_a",67008.6,-1.44095
"cg_iq_a",67008.6,-0.61021
"cg_iq_a",67008.6,-0.431833
"cg_iq_a",67008.6,-0.575845
"cg_iq_a",67008.7,-0.24944
"cg_iq_a",67008.7,-2.17716
"cg_iq_a",67008.7,-0.527513
"cg_iq_a",67008.7,-0.794075
"cg_iq_a",67008.7,-0.441392
"cg_iq_a",67008.7,-0.629495
"cg_iq_a",67008.7,-0.554692
"cg_iq_a",67008.7,-0.31448
"cg_iq_a",67008.7,-0.333752
"cg_iq_a",67008.8,-0.906913
"cg_iq_a",67008.8,-0.445364
"cg_iq_a",67008.8,-0.0852001
"cg_iq_a",67008.8,-1.03571
"cg_iq_a",67008.8,-0.704876
"cg_iq_a",67008.8,-0.4146
"cg_iq_a",67008.8,-0.189723
"cg_iq_a",67008.8,-1.57905
"cg_iq_a",67008.8,-0.882962
"cg_iq_a",67008.8,-0.92934
"cg_iq_a",67008.9,-1.3054
"cg_iq_a",67008.9,-0.601158
"cg_iq_a",67008.9,-0.35387
"cg_iq_a",67008.9,-1.11525
"cg_iq_a",67008.9,-0.359117
"cg_iq_a",67008.9,-1.62768
"cg_iq_a",67008.9,-0.472041
"cg_iq_a",67008.9,0.674218
"cg_iq_a",67008.9,-0.782541
"cg_iq_a",67008.9,0.0672109
"cg_iq_a",67009,-0.331615
"cg_iq_a",67009,-0.598924
"cg_iq_a",67009,-0.459502
"cg_iq_a",67009,-0.0946079
"cg_iq_a",67009,-0.436828
"cg_iq_a",67009,-0.712072
"cg_iq_a",67009,-1.50749
"cg_iq_a",67009,-0.272307
"cg_iq_a",67009,-0.632003
"cg_iq_a",67009,-2.07505
"cg_iq_a",67009.1,-0.633197
"cg_iq_a",67009.1,-0.41031
"cg_iq_a",67009.1,-0.908242
"cg_iq_a",67009.1,-0.143264
"cg_iq_a",67009.1,-0.524291
"cg_iq_a",67009.1,-0.460469
"cg_iq_a",67009.1,-0.634002
"cg_iq_a",67009.1,-0.0334481
"cg_iq_a",67009.1,-0.449445
"cg_iq_a",67009.1,-0.733235
"cg_iq_a",67009.2,-0.297277
"cg_iq_a",67009.2,-0.829999
"cg_iq_a",67009.2,-1.04889
"cg_iq_a",67009.2,-0.846885
"cg_iq_a",67009.2,-0.361321
"cg_iq_a",67009.2,-0.337536
"cg_iq_a",67009.2,1.11285
"cg_iq_a",67009.2,-0.813131
"cg_iq_a",67009.2,-0.835453
"cg_iq_a",67009.2,-0.572492
"cg_iq_a",67009.2,-1.05075
"cg_iq_a",67009.3,0.226889
"cg_iq_a",67009.3,-0.108752
"cg_iq_a",67009.3,-0.0463291
"cg_iq_a",67009.3,-0.718355
"cg_iq_a",67009.3,-1.23199
"cg_iq_a",67009.3,-0.614129
"cg_iq_a",67009.3,-0.479978
"cg_iq_a",67009.3,-0.900689
"cg_iq_a",67009.3,0.186072
"cg_iq_a",67009.4,-0.228084
"cg_iq_a",67009.4,-0.766819
"cg_iq_a",67009.4,-0.312329
"cg_iq_a",67009.4,0.00520935
"cg_iq_a",67009.4,-0.853171
"cg_iq_a",67009.4,-0.734342
"cg_iq_a",67009.4,-0.532467
"cg_iq_a",67009.4,-0.820156
"cg_iq_a",67009.4,-0.649086
"cg_iq_a",67009.4,-0.61301
"cg_iq_a",67009.5,-0.670861
"cg_iq_a",67009.5,-1.0843
"cg_iq_a",67009.5,-0.408743
"cg_iq_a",67009.5,-0.779196
"cg_iq_a",67009.5,-0.144965
"cg_iq_a",67009.5,-0.490356
"cg_iq_a",67009.5,-1.25628
"cg_iq_a",67009.5,-0.446381
"cg_iq_a",67009.5,0.221864
"cg_iq_a",67009.5,-0.843525
"cg_iq_a",67009.6,-0.529661
"cg_iq_a",67009.6,-0.282584
"cg_iq_a",67009.6,-0.485159
"cg_iq_a",67009.6,-0.627169
"cg_iq_a",67009.6,-0.45389
"cg_iq_a",67009.6,-0.639686
"cg_iq_a",67009.6,-0.600537
"cg_iq_a",67009.6,-1.61273
"cg_iq_a",67009.6,-0.951942
"cg_iq_a",67009.6,-0.613994
"cg_iq_a",67009.6,-0.40838
"cg_iq_a",67009.7,-1.11659
"cg_iq_a",67009.7,-1.16448
"cg_iq_a",67009.7,-0.984738
"cg_iq_a",67009.7,-0.803925
"cg_iq_a",67009.7,-1.12861
"cg_iq_a",67009.7,-0.633685
"cg_iq_a",67009.7,-0.715906
"cg_iq_a",67009.7,-1.07306
"cg_iq_a",67009.8,-1.30327
"cg_iq_a",67009.8,-0.515498
"cg_iq_a",67009.8,-0.962158
"cg_iq_a",67009.8,0.202116
"cg_iq_a",67009.8,-0.884791
"cg_iq_a",67009.8,-0.645157
"cg_iq_a",67009.8,-0.940964
"cg_iq_a",67009.8,-0.340193
"cg_iq_a",67009.8,-0.247349
"cg_iq_a",67009.8,-1.53185
"cg_iq_a",67009.8,-0.68154
"cg_iq_a",67009.9,-1.03772
"cg_iq_a",67009.9,-0.681482
"cg_iq_a",67009.9,-0.236635
"cg_iq_a",67009.9,-0.361839
"cg_iq_a",67009.9,0.58728
"cg_iq_a",67009.9,-0.771893
"cg_iq_a",67009.9,-1.05484
"cg_iq_a",67009.9,-0.647484
"cg_iq_a",67009.9,-0.8457
"cg_iq_a",67009.9,-0.703682
"cg_iq_a",67010,-1.00142
"cg_iq_a",67010,-0.402063
"cg_iq_a",67010,-0.659329
"cg_iq_a",67010,-0.521605
"cg_iq_a",67010,-1.07092
"cg_iq_a",67010,-2.25463
"cg_iq_a",67010,-0.297193
"cg_iq_a",67010,-0.852089
"cg_iq_a",67010,-0.097786
"cg_iq_a",67010,-0.565556
"cg_iq_a",67010.1,-0.326891
"cg_iq_a",67010.1,-0.433775
"cg_iq_a",67010.1,-0.283298
"cg_iq_a",67010.1,-0.579179
"cg_iq_a",67010.1,-1.6061
"cg_iq_a",67010.1,0.340456
"cg_iq_a",67010.1,-0.277676
"cg_iq_a",67010.1,-0.466175
"cg_iq_a",67010.1,-0.229783
"cg_iq_a",67010.1,-0.658838
"cg_iq_a",67010.2,-0.802961
"cg_iq_a",67010.2,0.397793
"cg_iq_a",67010.2,-0.559811
"cg_iq_a",67010.2,-0.743966
"cg_iq_a",67010.2,-1.03669
"cg_iq_a",67010.2,-1.07299
"cg_iq_a",67010.2,-1.10422
"cg_iq_a",67010.2,-0.243686
"cg_iq_a",67010.2,-0.815551
"cg_iq_a",67010.2,0.952031
"cg_iq_a",67010.3,-0.5653
"cg_iq_a",67010.3,-0.761028
"cg_iq_a",67010.3,-0.473544
"cg_iq_a",67010.3,-2.15509
"cg_iq_a",67010.3,-0.422542
"cg_iq_a",67010.3,-1.3764
"cg_iq_a",67010.3,-0.880901
"cg_iq_a",67010.3,-0.531229
"cg_iq_a",67010.3,-0.272218
"cg_iq_a",67010.4,-1.06146
"cg_iq_a",67010.4,-0.897804
"cg_iq_a",67010.4,-0.291578
"cg_iq_a",67010.4,-1.00585
"cg_iq_a",67010.4,-0.708187
"cg_iq_a",67010.4,-0.323574
"cg_iq_a",67010.4,-0.439014
"cg_iq_a",67010.4,-0.754406
"cg_iq_a",67010.4,-0.515009
"cg_iq_a",67010.4,-0.435495
"cg_iq_a",67010.4,-0.95805
"cg_iq_a",67010.5,-0.300559
"cg_iq_a",67010.5,-0.775778
"cg_iq_a",67010.5,-0.41181
"cg_iq_a",67010.5,-0.444942
"cg_iq_a",67010.5,-0.0381326
"cg_iq_a",67010.5,-0.674833
"cg_iq_a",67010.5,-0.29123
"cg_iq_a",67010.5,-0.371362
"cg_iq_a",67010.5,-0.182386
"cg_iq_a",67010.5,-0.679076
"cg_iq_a",67010.6,-0.608912
"cg_iq_a",67010.6,-0.418697
"cg_iq_a",67010.6,-1.83892
"cg_iq_a",67010.6,-0.659019
"cg_iq_a",67010.6,-0.553581
"cg_iq_a",67010.6,-0.210357
"cg_iq_a",67010.6,-0.691157
"cg_iq_a",67010.6,-1.54732
"cg_iq_a",67010.6,-0.305599
"cg_iq_a",67010.6,-0.542182
"cg_iq_a",67010.7,-0.46831
"cg_iq_a",67010.7,-0.0590661
"cg_iq_a",67010.7,-0.0311134
"cg_iq_a",67010.7,-0.524161
"cg_iq_a",67010.7,-1.05722
"cg_iq_a",67010.7,0.176217
"cg_iq_a",67010.7,-0.77511
"cg_iq_a",67010.7,-0.996288
"cg_iq_a",67010.7,-0.622307
"cg_iq_a",67010.8,-0.163378
"cg_iq_a",67010.8,-0.504894
"cg_iq_a",67010.8,-0.748547
"cg_iq_a",67010.8,-0.632059
"cg_iq_a",67010.8,-0.219392
"cg_iq_a",67010.8,-1.04249
"cg_iq_a",67010.8,0.647728
"cg_iq_a",67010.8,-0.525509
"cg_iq_a",67010.8,-1.11685
"cg_iq_a",67010.8,-0.923314
"cg_iq_a",67010.8,-2.63757
"cg_iq_a",67010.9,-0.314726
"cg_iq_a",67010.9,-0.729752
"cg_iq_a",67010.9,-0.648556
"cg_iq_a",67010.9,-0.0508203
"cg_iq_a",67010.9,-0.495134
"cg_iq_a",67010.9,-0.951085
"cg_iq_a",67010.9,0.0650531
"cg_iq_a",67010.9,-0.747425
"cg_iq_a",67010.9,-0.908239
"cg_iq_a",67010.9,-1.09407
"cg_iq_a",67011,-0.964225
"cg_iq_a",67011,-0.334264
"cg_iq_a",67011,-0.75929
"cg_iq_a",67011,-0.428254
"cg_iq_a",67011,-0.566883
"cg_iq_a",67011,-0.322299
"cg_iq_a",67011,-0.548583
"cg_iq_a",67011,-1.29432
"cg_iq_a",67011,-0.62998
"cg_iq_a",67011,-0.00891456
"cg_iq_a",67011.1,-1.46871
"cg_iq_a",67011.1,-1.21623
"cg_iq_a",67011.1,-0.795525
"cg_iq_a",67011.1,-1.07035
"cg_iq_a",67011.1,-0.820535
"cg_iq_a",67011.1,-1.12084
"cg_iq_a",67011.1,-0.205687
"cg_iq_a",67011.1,-0.876349
"cg_iq_a",67011.1,-0.141344
"cg_iq_a",67011.1,-1.22513
"cg_iq_a",67011.2,-1.1336
"cg_iq_a",67011.2,-0.872544
"cg_iq_a",67011.2,-0.829652
"cg_iq_a",67011.2,-0.445055
"cg_iq_a",67011.2,-0.316272
"cg_iq_a",67011.2,-0.604326
"cg_iq_a",67011.2,-1.26322
"cg_iq_a",67011.2,-0.42299
"cg_iq_a",67011.2,-0.958426
"cg_iq_a",67011.2,-0.716964
"cg_iq_a",67011.3,-0.655278
"cg_iq_a",67011.3,-1.00098
"cg_iq_a",67011.3,-0.686202
"cg_iq_a",67011.3,-0.953091
"cg_iq_a",67011.3,-0.1427
"cg_iq_a",67011.3,-0.631604
"cg_iq_a",67011.3,-0.374802
"cg_iq_a",67011.3,-1.08723
"cg_iq_a",67011.3,-0.494136
"cg_iq_a",67011.4,-0.325376
"cg_iq_a",67011.4,-1.98125
"cg_iq_a",67011.4,0.906236
"cg_iq_a",67011.4,-1.32506
"cg_iq_a",67011.4,0.248607
"cg_iq_a",67011.4,-0.719544
"cg_iq_a",67011.4,-0.753402
"cg_iq_a",67011.4,-0.765255
"cg_iq_a",67011.4,-0.656895
"cg_iq_a",67011.4,-0.486106
"cg_iq_a",67011.5,-0.815709
"cg_iq_a",67011.5,-0.587571
"cg_iq_a",67011.5,-0.611171
"cg_iq_a",67011.5,-0.71692
"cg_iq_a",67011.5,0.197076
"cg_iq_a",67011.5,-0.600414
"cg_iq_a",67011.5,-0.382212
"cg_iq_a",67011.5,-0.507253
"cg_iq_a",67011.5,-0.7791
"cg_iq_a",67011.5,0.0300115
"cg_iq_a",67011.5,-0.567361
"cg_iq_a",67011.6,-0.380899
"cg_iq_a",67011.6,-0.932874
"cg_iq_a",67011.6,-0.627894
"cg_iq_a",67011.6,-0.740208
"cg_iq_a",67011.6,-0.246737
"cg_iq_a",67011.6,-0.704017
"cg_iq_a",67011.6,-0.591633
"cg_iq_a",67011.6,-0.864372
"cg_iq_a",67011.6,-0.753157
"cg_iq_a",67011.6,-1.14787
"cg_iq_a",67011.7,-0.148033
"cg_iq_a",67011.7,-0.230141
"cg_iq_a",67011.7,-0.866594
"cg_iq_a",67011.7,-0.387041
"cg_iq_a",67011.7,-0.481057
"cg_iq_a",67011.7,-0.875899
"cg_iq_a",67011.7,-0.614697
"cg_iq_a",67011.7,-0.280788
"cg_iq_a",67011.7,-0.207153
"cg_iq_a",67011.8,-0.00145166
"cg_iq_a",67011.8,-0.670729
"cg_iq_a",67011.8,-0.323549
"cg_iq_a",67011.8,-0.667156
"cg_iq_a",67011.8,-0.828636
"cg_iq_a",67011.8,-0.419768
"cg_iq_a",67011.8,-0.652378
"cg_iq_a",67011.8,-0.459318
"cg_iq_a",67011.8,-0.435117
"cg_iq_a",67011.8,-0.67075
"cg_iq_a",67011.9,-0.733318
"cg_iq_a",67011.9,-1.26235
"cg_iq_a",67011.9,-1.13241
"cg_iq_a",67011.9,0.43189
"cg_iq_a",67011.9,-0.460102
"cg_iq_a",67011.9,0.592063
"cg_iq_a",67011.9,-0.485772
"cg_iq_a",67011.9,-0.371082
"cg_iq_a",67011.9,-1.15273
"cg_iq_a",67011.9,-1.89541
"cg_iq_a",67012,-0.572431
"cg_iq_a",67012,-0.982389
"cg_iq_a",67012,-1.11148
"cg_iq_a",67012,-0.305004
"cg_iq_a",67012,-1.0137
"cg_iq_a",67012,-0.626778
"cg_iq_a",67012,-0.226409
"cg_iq_a",67012,-1.22249
"cg_iq_a",67012,-0.626148
"cg_iq_a",67012,-1.91034
"cg_iq_a",67012.1,-0.285821
"cg_iq_a",67012.1,-0.591873
"cg_iq_a",67012.1,-1.09005
"cg_iq_a",67012.1,-0.39351
"cg_iq_a",67012.1,-0.968701
"cg_iq_a",67012.1,-0.221505
"cg_iq_a",67012.1,-0.316839
"cg_iq_a",67012.1,-0.511573
"cg_iq_a",67012.1,-0.510795
"cg_iq_a",67012.1,-0.48854
"cg_iq_a",67012.1,-0.434015
"cg_iq_a",67012.2,-0.764423
"cg_iq_a",67012.2,-0.541129
"cg_iq_a",67012.2,-0.722673
"cg_iq_a",67012.2,-1.27975
"cg_iq_a",67012.2,-1.02608
"cg_iq_a",67012.2,-0.489118
"cg_iq_a",67012.2,-0.558036
"cg_iq_a",67012.2,-0.516425
"cg_iq_a",67012.2,-1.44687
"cg_iq_a",67012.2,-1.12623
"cg_iq_a",67012.3,-1.00429
"cg_iq_a",67012.3,-1.31028
"cg_iq_a",67012.3,-0.506635
"cg_iq_a",67012.3,-0.805945
"cg_iq_a",67012.3,-1.27022
"cg_iq_a",67012.3,0.0532066
"cg_iq_a",67012.3,-0.150625
"cg_iq_a",67012.3,-0.57082
"cg_iq_a",67012.3,-0.644004
"cg_iq_a",67012.4,-0.784223
"cg_iq_a",67012.4,-0.800466
"cg_iq_a",67012.4,-0.21216
"cg_iq_a",67012.4,-0.441506
"cg_iq_a",67012.4,-0.437173
"cg_iq_a",67012.4,1.58678
"cg_iq_a",67012.4,-1.90122
"cg_iq_a",67012.4,-0.687643
"cg_iq_a",67012.4,-0.877739
"cg_iq_a",67012.4,0.617625
"cg_iq_a",67012.5,-0.0112374
"cg_iq_a",67012.5,0.0404933
"cg_iq_a",67012.5,-0.519488
"cg_iq_a",67012.5,-0.82145
"cg_iq_a",67012.5,-0.199216
"cg_iq_a",67012.5,-0.778785
"cg_iq_a",67012.5,-0.405359
"cg_iq_a",67012.5,-0.663564
"cg_iq_a",67012.5,-0.595366
"cg_iq_a",67012.5,-0.828126
"cg_iq_a",67012.5,-0.49801
"cg_iq_a",67012.6,-1.09837
"cg_iq_a",67012.6,0.0709302
"cg_iq_a",67012.6,-0.221694
"cg_iq_a",67012.6,-0.809204
"cg_iq_a",67012.6,-0.206314
"cg_iq_a",67012.6,0.630706
"cg_iq_a",67012.6,-0.430248
"cg_iq_a",67012.6,-0.761186
"cg_iq_a",67012.6,-0.973287
"cg_iq_a",67012.6,-0.0309273
"cg_iq_a",67012.7,0.0427621
"cg_iq_a",67012.7,-0.62971
"cg_iq_a",67012.7,-0.382614
"cg_iq_a",67012.7,-0.266291
"cg_iq_a",67012.7,-0.69514
"cg_iq_a",67012.7,-0.676466
"cg_iq_a",67012.7,-0.895159
"cg_iq_a",67012.7,-0.782126
"cg_iq_a",67012.7,-1.15255
"cg_iq_a",67012.8,-1.04697
"cg_iq_a",67012.8,-0.932221
"cg_iq_a",67012.8,-0.492037
"cg_iq_a",67012.8,-0.820481
"cg_iq_a",67012.8,-0.699547
"cg_iq_a",67012.8,-1.09264
"cg_iq_a",67012.8,-0.372538
"cg_iq_a",67012.8,-0.987409
"cg_iq_a",67012.8,-1.41879
"cg_iq_a",67012.8,-0.0373836
"cg_iq_a",67012.9,0.125066
"cg_iq_a",67012.9,-0.814461
"cg_iq_a",67012.9,-0.814599
"cg_iq_a",67012.9,-0.948812
"cg_iq_a",67012.9,-0.109706
"cg_iq_a",67012.9,-0.807279
"cg_iq_a",67012.9,-0.992363
"cg_iq_a",67012.9,-0.317138
"cg_iq_a",67012.9,-0.701234
"cg_iq_a",67012.9,-0.211983
"cg_iq_a",67013,-0.753535
"cg_iq_a",67013,-0.580252
"cg_iq_a",67013,-0.675629
"cg_iq_a",67013,-0.329034
"cg_iq_a",67013,-0.377907
"cg_iq_a",67013,-1.30365
"cg_iq_a",67013,-1.02631
"cg_iq_a",67013,-0.164608
"cg_iq_a",67013,-0.0425615
"cg_iq_a",67013,0.283907
"cg_iq_a",67013.1,-0.852621
"cg_iq_a",67013.1,-0.498853
"cg_iq_a",67013.1,-1.88181
"cg_iq_a",67013.1,-0.0046216
"cg_iq_a",67013.1,-0.809485
"cg_iq_a",67013.1,-0.346384
"cg_iq_a",67013.1,-1.7976
"cg_iq_a",67013.1,-0.723167
"cg_iq_a",67013.1,-0.636027
"cg_iq_a",67013.1,-0.328121
"cg_iq_a",67013.2,-0.330719
"cg_iq_a",67013.2,-0.886547
"cg_iq_a",67013.2,-0.480919
"cg_iq_a",67013.2,-0.514726
"cg_iq_a",67013.2,0.296361
"cg_iq_a",67013.2,-0.5956
"cg_iq_a",67013.2,-0.673514
"cg_iq_a",67013.2,-0.396351
"cg_iq_a",67013.2,-0.798904
"cg_iq_a",67013.2,-0.497682
"cg_iq_a",67013.3,0.011295
"cg_iq_a",67013.3,-0.791893
"cg_iq_a",67013.3,-0.136106
"cg_iq_a",67013.3,-0.541993
"cg_iq_a",67013.3,-1.22364
"cg_iq_a",67013.3,-0.559896
"cg_iq_a",67013.3,-0.407258
"cg_iq_a",67013.3,-0.935861
"cg_iq_a",67013.3,-0.863963
"cg_iq_a",67013.3,-0.77747
"cg_iq_a",67013.4,-0.0030487
"cg_iq_a",67013.4,-1.73875
"cg_iq_a",67013.4,0.283505
"cg_iq_a",67013.4,-0.546526
"cg_iq_a",67013.4,-1.50389
"cg_iq_a",67013.4,-1.1038
"cg_iq_a",67013.4,-1.67584
"cg_iq_a",67013.4,-1.82829
"cg_iq_a",67013.4,0.0559641
"cg_iq_a",67013.4,-0.442714
"cg_iq_a",67013.5,-0.294531
"cg_iq_a",67013.5,-1.22182
"cg_iq_a",67013.5,-0.668674
"cg_iq_a",67013.5,-1.46418
"cg_iq_a",67013.5,-0.206368
"cg_iq_a",67013.5,-0.423031
"cg_iq_a",67013.5,-0.69266
"cg_iq_a",67013.5,-0.691867
"cg_iq_a",67013.5,-0.894335
"cg_iq_a",67013.5,-0.671148
"cg_iq_a",67013.6,-0.263169
"cg_iq_a",67013.6,-0.492329
"cg_iq_a",67013.6,-0.624475
"cg_iq_a",67013.6,-0.0728042
"cg_iq_a",67013.6,-0.58203
"cg_iq_a",67013.6,-0.718908
"cg_iq_a",67013.6,-0.115827
"cg_iq_a",67013.6,-1.15869
"cg_iq_a",67013.6,-0.687974
"cg_iq_a",67013.6,-0.246748
"cg_iq_a",67013.7,-1.07627
"cg_iq_a",67013.7,-0.250027
"cg_iq_a",67013.7,-1.17358
"cg_iq_a",67013.7,-0.498867
"cg_iq_a",67013.7,-0.128149
"cg_iq_a",67013.7,1.41945
"cg_iq_a",67013.7,-1.15192
"cg_iq_a",67013.7,-0.551502
"cg_iq_a",67013.7,-0.949999
"cg_iq_a",67013.7,-0.124213
"cg_iq_a",67013.7,-0.76965
"cg_iq_a",67013.8,-0.40447
"cg_iq_a",67013.8,-0.423455
"cg_iq_a",67013.8,-0.0725538
"cg_iq_a",67013.8,-0.576214
"cg_iq_a",67013.8,-0.611696
"cg_iq_a",67013.8,-0.759849
"cg_iq_a",67013.8,-1.47222
"cg_iq_a",67013.8,-0.151838
"cg_iq_a",67013.8,-0.59657
"cg_iq_a",67013.8,-0.281908
"cg_iq_a",67013.9,-0.726136
"cg_iq_a",67013.9,0.567859
"cg_iq_a",67013.9,-0.789136
"cg_iq_a",67013.9,-0.353857
"cg_iq_a",67013.9,-1.10447
"cg_iq_a",67013.9,-0.420289
"cg_iq_a",67013.9,-1.35825
"cg_iq_a",67013.9,-0.749077
"cg_iq_a",67013.9,-0.437659
"cg_iq_a",67013.9,-1.33456
"cg_iq_a",67014,-0.165815
"cg_iq_a",67014,-0.364679
"cg_iq_a",67014,-0.95604
"cg_iq_a",67014,-0.434953
"cg_iq_a",67014,-0.969089
"cg_iq_a",67014,-1.59103
"cg_iq_a",67014,-0.902884
"cg_iq_a",67014,-0.0180318
"cg_iq_a",67014,-0.887742
"cg_iq_a",67014,-0.406763
"cg_iq_a",67014.1,-0.309335
"cg_iq_a",67014.1,-0.808682
"cg_iq_a",67014.1,-1.0793
"cg_iq_a",67014.1,-0.715568
"cg_iq_a",67014.1,-1.08404
"cg_iq_a",67014.1,-0.829181
"cg_iq_a",67014.1,-0.914575
"cg_iq_a",67014.1,-2.3804
"cg_iq_a",67014.1,-0.303151
"cg_iq_a",67014.1,-0.885584
"cg_iq_a",67014.2,-0.49175
"cg_iq_a",67014.2,-0.697132
"cg_iq_a",67014.2,0.495399
"cg_iq_a",67014.2,-1.32026
"cg_iq_a",67014.2,-1.06241
"cg_iq_a",67014.2,-0.0621757
"cg_iq_a",67014.2,-0.770173
"cg_iq_a",67014.2,-0.829265
"cg_iq_a",67014.2,-1.34043
"cg_iq_a",67014.2,-1.04311
"cg_iq_a",67014.3,-0.361634
"cg_iq_a",67014.3,-0.711668
"cg_iq_a",67014.3,-0.517002
"cg_iq_a",67014.3,-0.688377
"cg_iq_a",67014.3,-1.81759
"cg_iq_a",67014.3,-0.608721
"cg_iq_a",67014.3,-0.267345
"cg_iq_a",67014.3,-0.041667
"cg_iq_a",67014.3,-0.515943
"cg_iq_a",67014.3,-0.520764
"cg_iq_a",67014.4,-0.922924
"cg_iq_a",67014.4,-0.739568
"cg_iq_a",67014.4,-0.443075
"cg_iq_a",67014.4,-0.995299
"cg_iq_a",67014.4,-0.728132
"cg_iq_a",67014.4,-0.804046
"cg_iq_a",67014.4,-0.954515
"cg_iq_a",67014.4,-0.518665
"cg_iq_a",67014.4,-0.0635776
"cg_iq_a",67014.4,-1.44229
"cg_iq_a",67014.5,0.509044
"cg_iq_a",67014.5,-0.124221
"cg_iq_a",67014.5,-0.349527
"cg_iq_a",67014.5,-1.00732
"cg_iq_a",67014.5,-0.469742
"cg_iq_a",67014.5,-1.15561
"cg_iq_a",67014.5,-0.489049
"cg_iq_a",67014.5,-0.245975
"cg_iq_a",67014.5,-0.562054
"cg_iq_a",67014.5,-0.00168264
"cg_iq_a",67014.6,-1.07423
"cg_iq_a",67014.6,-1.09127
"cg_iq_a",67014.6,-0.776574
"cg_iq_a",67014.6,-0.489159
"cg_iq_a",67014.6,-1.22152
"cg_iq_a",67014.6,0.337906
"cg_iq_a",67014.6,-0.597511
"cg_iq_a",67014.6,-1.45964
"cg_iq_a",67014.6,-0.55195
"cg_iq_a",67014.6,-0.427802
"cg_iq_a",67014.7,-0.910107
"cg_iq_a",67014.7,-0.239665
"cg_iq_a",67014.7,-0.00845498
"cg_iq_a",67014.7,-1.20353
"cg_iq_a",67014.7,-0.861886
"cg_iq_a",67014.7,-1.26632
"cg_iq_a",67014.8,-0.606069
"cg_iq_a",67014.8,-0.575085
"cg_iq_a",67014.8,0.836845
"cg_iq_a",67014.8,0.355533
"cg_iq_a",67014.8,-0.447171
"cg_iq_a",67014.8,-0.662155
"cg_iq_a",67014.9,-0.0187368
"cg_iq_a",67014.9,-1.17476
"cg_iq_a",67014.9,-0.891165
"cg_iq_a",67014.9,-0.446296
"cg_iq_a",67014.9,0.119166
"cg_iq_a",67014.9,-0.38401
"cg_iq_a",67014.9,-0.609241
"cg_iq_a",67014.9,-1.23053
"cg_iq_a",67015,-0.439961
"cg_iq_a",67015,-0.0301556
"cg_iq_a",67015,-0.465798
"cg_iq_a",67015,-0.187917
"cg_iq_a",67015,-1.12352
"cg_iq_a",67015,-0.902746
"cg_iq_a",67015.1,-1.08499
"cg_iq_a",67015.1,-0.212691
"cg_iq_a",67015.1,0.646219
"cg_iq_a",67015.1,-0.442833
"cg_iq_a",67015.1,-0.478359
"cg_iq_a",67015.1,-0.83783
"cg_iq_a",67015.1,-0.674594
"cg_iq_a",67015.1,0.0833937
"cg_iq_a",67015.2,-0.163963
"cg_iq_a",67015.2,-1.00036
"cg_iq_a",67015.2,-0.834051
"cg_iq_a",67015.2,-0.710646
"cg_iq_a",67015.2,-1.02124
"cg_iq_a",67015.2,-0.549406
"cg_iq_a",67015.2,-0.737739
"cg_iq_a",67015.2,-0.88216
"cg_iq_a",67015.2,-1.09707
"cg_iq_a",67015.2,-0.568328
"cg_iq_a",67015.2,-0.445548
"cg_iq_a",67015.3,-0.355573
"cg_iq_a",67015.3,-1.73148
"cg_iq_a",67015.3,-1.23964
"cg_iq_a",67015.3,-1.58056
"cg_iq_a",67015.3,-0.782922
"cg_iq_a",67015.3,-0.956922
"cg_iq_a",67015.3,-0.256336
"cg_iq_a",67015.3,-0.513485
"cg_iq_a",67015.3,0.215726
"cg_iq_a",67015.3,-0.483569
"cg_iq_a",67015.3,-1.00397
"cg_iq_a",67015.4,-0.428573
"cg_iq_a",67015.4,-0.659848
"cg_iq_a",67015.4,-0.81341
"cg_iq_a",67015.4,-0.782962
"cg_iq_a",67015.4,-0.336065
"cg_iq_a",67015.4,-1.40158
"cg_iq_a",67015.4,-1.99569
"cg_iq_a",67015.4,-0.302578
"cg_iq_a",67015.4,-0.0613222
"cg_iq_a",67015.4,-0.530683
"cg_iq_a",67015.4,-0.648671
"cg_iq_a",67015.4,-0.990894
"cg_iq_a",67015.5,-0.988588
"cg_iq_a",67015.5,-0.253684
"cg_iq_a",67015.5,-0.200617
"cg_iq_a",67015.5,-0.675131
"cg_iq_a",67015.5,-0.517507
"cg_iq_a",67015.5,-1.31486
"cg_iq_a",67015.5,-0.37537
"cg_iq_a",67015.5,-0.794455
"cg_iq_a",67015.5,-0.673197
"cg_iq_a",67015.5,-0.323167
"cg_iq_a",67015.5,-0.754485
"cg_iq_a",67015.6,-0.553477
"cg_iq_a",67015.6,-0.74453
"cg_iq_a",67015.6,-0.376355
"cg_iq_a",67015.6,-1.22493
"cg_iq_a",67015.6,0.468324
"cg_iq_a",67015.6,-1.00817
"cg_iq_a",67015.6,-0.018379
"cg_iq_a",67015.6,-0.485503
"cg_iq_a",67015.6,-0.604715
"cg_iq_a",67015.6,-0.610972
"cg_iq_a",67015.6,-0.694951
"cg_iq_a",67015.6,-0.284674
"cg_iq_a",67015.7,-0.396677
"cg_iq_a",67015.7,-1.12611
"cg_iq_a",67015.7,-0.527517
"cg_iq_a",67015.7,-0.110822
"cg_iq_a",67015.7,-0.407782
"cg_iq_a",67015.7,-1.10829
"cg_iq_a",67015.7,-0.150802
"cg_iq_a",67015.7,-0.384033
"cg_iq_a",67015.7,0.428336
"cg_iq_a",67015.7,-0.905382
"cg_iq_a",67015.8,-0.655618
"cg_iq_a",67015.8,0.0631886
"cg_iq_a",67015.8,-0.895936
"cg_iq_a",67015.8,-0.644664
"cg_iq_a",67015.8,0.125129
"cg_iq_a",67015.8,-0.952139
"cg_iq_a",67015.8,-0.654655
"cg_iq_a",67015.8,-1.15249
"cg_iq_a",67015.8,-0.783652
"cg_iq_a",67015.8,-1.34665
"cg_iq_a",67015.8,-0.50457
"cg_iq_a",67015.8,-1.0154
"cg_iq_a",67015.9,-0.644106
"cg_iq_a",67015.9,-0.592618
"cg_iq_a",67015.9,-0.516066
"cg_iq_a",67015.9,-0.690671
"cg_iq_a",67015.9,-0.345985
"cg_iq_a",67015.9,-0.472777
"cg_iq_a",67015.9,-0.647909
"cg_iq_a",67015.9,-0.782807
"cg_iq_a",67015.9,-0.458138
"cg_iq_a",67015.9,-0.776391
"cg_iq_a",67016,-1.32706
"cg_iq_a",67016,-0.280292
"cg_iq_a",67016,-0.407436
"cg_iq_a",67016,-0.932714
"cg_iq_a",67016,-0.46823
"cg_iq_a",67016,-0.011674
"cg_iq_a",67016,-0.542574
"cg_iq_a",67016,-0.794037
"cg_iq_a",67016,-0.0848313
"cg_iq_a",67016,-0.39185
"cg_iq_a",67016.1,-1.12461
"cg_iq_a",67016.1,-1.15093
"cg_iq_a",67016.1,-0.839313
"cg_iq_a",67016.1,-0.0368182
"cg_iq_a",67016.1,-0.206797
"cg_iq_a",67016.1,-0.30601
"cg_iq_a",67016.1,0.497298
"cg_iq_a",67016.1,-0.399433
"cg_iq_a",67016.1,-0.407949
"cg_iq_a",67016.1,0.188265
"cg_iq_a",67016.2,-0.578187
"cg_iq_a",67016.2,-0.517393
"cg_iq_a",67016.2,-0.785024
"cg_iq_a",67016.2,-0.30278
"cg_iq_a",67016.2,-0.891096
"cg_iq_a",67016.2,-1.25722
"cg_iq_a",67016.2,-0.985359
"cg_iq_a",67016.2,-0.656031
"cg_iq_a",67016.2,-0.479569
"cg_iq_a",67016.2,-0.717207
"cg_iq_a",67016.3,-0.283399
"cg_iq_a",67016.3,-0.345343
"cg_iq_a",67016.3,0.0224129
"cg_iq_a",67016.3,-1.22377
"cg_iq_a",67016.3,-0.099473
"cg_iq_a",67016.3,-0.731435
"cg_iq_a",67016.3,-0.957324
"cg_iq_a",67016.3,-0.454267
"cg_iq_a",67016.3,-0.651651
"cg_iq_a",67016.3,-0.363448
"cg_iq_a",67016.4,-1.01059
"cg_iq_a",67016.4,-0.915514
"cg_iq_a",67016.4,-0.886044
"cg_iq_a",67016.4,-0.691708
"cg_iq_a",67016.4,-0.612497
"cg_iq_a",67016.4,-0.799939
"cg_iq_a",67016.4,-1.15566
"cg_iq_a",67016.4,-0.417331
"cg_iq_a",67016.4,-0.341204
"cg_iq_a",67016.4,-0.746416
"cg_iq_a",67016.5,0.0244386
"cg_iq_a",67016.5,-1.10956
"cg_iq_a",67016.5,-0.290714
"cg_iq_a",67016.5,-0.28214
"cg_iq_a",67016.5,-0.487455
"cg_iq_a",67016.5,-0.678815
"cg_iq_a",67016.5,-0.956813
"cg_iq_a",67016.5,-1.74772
"cg_iq_a",67016.5,-0.828945
"cg_iq_a",67016.5,-0.947005
"cg_iq_a",67016.6,-0.274321
"cg_iq_a",67016.6,-0.395517
"cg_iq_a",67016.6,-1.29994
"cg_iq_a",67016.6,-0.227752
"cg_iq_a",67016.6,-0.5317
"cg_iq_a",67016.6,0.357723
"cg_iq_a",67016.6,-0.764943
"cg_iq_a",67016.6,-0.494927
"cg_iq_a",67016.6,-1.1279
"cg_iq_a",67016.6,-0.507037
"cg_iq_a",67016.7,-0.856928
"cg_iq_a",67016.7,-0.83049
"cg_iq_a",67016.7,0.238463
"cg_iq_a",67016.7,-0.136615
"cg_iq_a",67016.7,-1.05568
"cg_iq_a",67016.7,-1.00018
"cg_iq_a",67016.7,-0.43201
"cg_iq_a",67016.7,-0.561986
"cg_iq_a",67016.7,-1.71256
"cg_iq_a",67016.8,-0.366974
"cg_iq_a",67016.8,-1.17148
"cg_iq_a",67016.8,-0.705859
"cg_iq_a",67016.8,0.123519
"cg_iq_a",67016.8,-0.79981
"cg_iq_a",67016.8,-1.37599
"cg_iq_a",67016.8,0.0414001
"cg_iq_a",67016.8,-0.793732
"cg_iq_a",67016.8,-1.48503
"cg_iq_a",67016.8,-0.251869
"cg_iq_a",67016.9,-0.189769
"cg_iq_a",67016.9,-0.53544
"cg_iq_a",67016.9,-0.0698695
"cg_iq_a",67016.9,-1.1934
"cg_iq_a",67016.9,-0.00624826
"cg_iq_a",67016.9,-0.907209
"cg_iq_a",67016.9,-0.315006
"cg_iq_a",67016.9,-0.581925
"cg_iq_a",67016.9,-0.76835
"cg_iq_a",67016.9,-0.703048
"cg_iq_a",67016.9,-0.881031
"cg_iq_a",67017,1.53695
"cg_iq_a",67017,-0.657707
"cg_iq_a",67017,-0.494475
"cg_iq_a",67017,-0.194445
"cg_iq_a",67017,-0.971657
"cg_iq_a",67017,-0.248355
"cg_iq_a",67017,-1.07276
"cg_iq_a",67017,-0.717187
"cg_iq_a",67017,-2.72965
"cg_iq_a",67017,-0.27558
"cg_iq_a",67017.1,0.55413
"cg_iq_a",67017.1,-0.458901
"cg_iq_a",67017.1,-0.478139
"cg_iq_a",67017.1,-0.969271
"cg_iq_a",67017.1,-0.221951
"cg_iq_a",67017.1,1.23081
"cg_iq_a",67017.1,-1.08952
"cg_iq_a",67017.1,-0.653899
"cg_iq_a",67017.1,-1.70578
"cg_iq_a",67017.1,-1.07227
"cg_iq_a",67017.2,-1.16337
"cg_iq_a",67017.2,-0.632907
"cg_iq_a",67017.2,-0.623601
"cg_iq_a",67017.2,0.409355
"cg_iq_a",67017.2,-0.744092
"cg_iq_a",67017.2,-0.366502
"cg_iq_a",67017.2,-0.949721
"cg_iq_a",67017.2,-0.635912
"cg_iq_a",67017.2,-0.512764
"cg_iq_a",67017.2,0.384903
"cg_iq_a",67017.3,-0.295472
"cg_iq_a",67017.3,-0.757708
"cg_iq_a",67017.3,-0.794317
"cg_iq_a",67017.3,-1.19489
"cg_iq_a",67017.3,-0.321954
"cg_iq_a",67017.3,-0.43218
"cg_iq_a",67017.3,-0.973829
"cg_iq_a",67017.3,-0.491906
"cg_iq_a",67017.3,-0.42577
"cg_iq_a",67017.4,-0.314607
"cg_iq_a",67017.4,-0.175681
"cg_iq_a",67017.4,-0.986882
"cg_iq_a",67017.4,-0.327236
"cg_iq_a",67017.4,-0.562366
"cg_iq_a",67017.4,-0.651201
"cg_iq_a",67017.4,-0.953064
"cg_iq_a",67017.4,0.0238513
"cg_iq_a",67017.4,-2.1489
"cg_iq_a",67017.4,-1.12108
"cg_iq_a",67017.4,-0.434101
"cg_iq_a",67017.5,-0.336953
"cg_iq_a",67017.5,-0.151046
"cg_iq_a",67017.5,-0.348978
"cg_iq_a",67017.5,-0.577516
"cg_iq_a",67017.5,-0.316369
"cg_iq_a",67017.5,-0.742903
"cg_iq_a",67017.5,-0.520892
"cg_iq_a",67017.5,-0.263632
"cg_iq_a",67017.5,-0.321582
"cg_iq_a",67017.5,-0.884429
"cg_iq_a",67017.6,-1.01661
"cg_iq_a",67017.6,-0.757229
"cg_iq_a",67017.6,-0.542874
"cg_iq_a",67017.6,-0.421817
"cg_iq_a",67017.6,-2.04724
"cg_iq_a",67017.6,-0.312719
"cg_iq_a",67017.6,-0.56731
"cg_iq_a",67017.6,0.00273983
"cg_iq_a",67017.6,-0.697078
"cg_iq_a",67017.6,-1.26343
"cg_iq_a",67017.7,-0.166442
"cg_iq_a",67017.7,0.328337
"cg_iq_a",67017.7,-0.103156
"cg_iq_a",67017.7,-1.4657
"cg_iq_a",67017.7,-0.193347
"cg_iq_a",67017.7,-0.56921
"cg_iq_a",67017.7,-0.460965
"cg_iq_a",67017.7,-0.878062
"cg_iq_a",67017.7,-0.888653
"cg_iq_a",67017.8,-0.519914
"cg_iq_a",67017.8,-0.644942
"cg_iq_a",67017.8,0.0134963
"cg_iq_a",67017.8,0.0274031
"cg_iq_a",67017.8,0.214415
"cg_iq_a",67017.8,-0.126898
"cg_iq_a",67017.8,0.0653022
"cg_iq_a",67017.8,-0.727893
"cg_iq_a",67017.8,-0.537834
"cg_iq_a",67017.8,-1.76855
"cg_iq_a",67017.8,-1.26624
"cg_iq_a",67017.9,-1.2593
"cg_iq_a",67017.9,-1.18478
"cg_iq_a",67017.9,-0.446881
"cg_iq_a",67017.9,-0.388067
"cg_iq_a",67017.9,-0.703904
"cg_iq_a",67017.9,-0.996761
"cg_iq_a",67017.9,-0.971429
"cg_iq_a",67017.9,-0.742488
"cg_iq_a",67017.9,-0.776075
"cg_iq_a",67017.9,-0.683969
"cg_iq_a",67018,-1.83079
"cg_iq_a",67018,-1.19069
"cg_iq_a",67018,-0.843796
"cg_iq_a",67018,-0.758375
"cg_iq_a",67018,0.323385
"cg_iq_a",67018,-0.784652
"cg_iq_a",67018,-0.118233
"cg_iq_a",67018,-0.849074
"cg_iq_a",67018,-0.958285
"cg_iq_a",67018,-0.321379
"cg_iq_a",67018.1,-0.702005
"cg_iq_a",67018.1,-0.429995
"cg_iq_a",67018.1,-0.625789
"cg_iq_a",67018.1,-0.711364
"cg_iq_a",67018.1,0.353287
"cg_iq_a",67018.1,0.865266
"cg_iq_a",67018.1,-0.617978
"cg_iq_a",67018.1,-0.461362
"cg_iq_a",67018.1,-0.53452
"cg_iq_a",67018.1,-1.47833
"cg_iq_a",67018.2,-0.529247
"cg_iq_a",67018.2,-0.847443
"cg_iq_a",67018.2,-0.70805
"cg_iq_a",67018.2,-1.11712
"cg_iq_a",67018.2,-0.688
"cg_iq_a",67018.2,-0.619459
"cg_iq_a",67018.2,-0.518235
"cg_iq_a",67018.2,-1.13622
"cg_iq_a",67018.2,-0.322089
"cg_iq_a",67018.2,-1.09861
"cg_iq_a",67018.3,-0.331738
"cg_iq_a",67018.3,-0.603054
"cg_iq_a",67018.3,-0.876256
"cg_iq_a",67018.3,2.40511
"cg_iq_a",67018.3,-0.999544
"cg_iq_a",67018.3,-1.14892
"cg_iq_a",67018.3,-1.19429
"cg_iq_a",67018.3,-0.67403
"cg_iq_a",67018.3,-0.45027
"cg_iq_a",67018.3,-0.688914
"cg_iq_a",67018.4,-0.73208
"cg_iq_a",67018.4,-0.925577
"cg_iq_a",67018.4,-0.919965
"cg_iq_a",67018.4,-0.956486
"cg_iq_a",67018.4,-0.799588
"cg_iq_a",67018.4,-0.715075
"cg_iq_a",67018.4,-1.26628
"cg_iq_a",67018.4,-0.431794
"cg_iq_a",67018.4,-2.28768
"cg_iq_a",67018.4,-0.967125
"cg_iq_a",67018.5,0.390381
"cg_iq_a",67018.5,-0.443144
"cg_iq_a",67018.5,-0.257434
"cg_iq_a",67018.5,-0.891514
"cg_iq_a",67018.5,-0.76234
"cg_iq_a",67018.5,-0.425567
"cg_iq_a",67018.5,-0.789272
"cg_iq_a",67018.5,-0.137694
"cg_iq_a",67018.5,-0.0118949
"cg_iq_a",67018.5,-0.264463
"cg_iq_a",67018.6,-0.253735
"cg_iq_a",67018.6,-0.965912
"cg_iq_a",67018.6,-0.279653
"cg_iq_a",67018.6,-0.542218
"cg_iq_a",67018.6,-0.948224
"cg_iq_a",67018.6,-0.470285
"cg_iq_a",67018.6,-0.628561
"cg_iq_a",67018.6,-1.83085
"cg_iq_a",67018.6,-0.519055
"cg_iq_a",67018.6,-0.690527
"cg_iq_a",67018.7,-0.127031
"cg_iq_a",67018.7,-0.366591
"cg_iq_a",67018.7,-1.37861
"cg_iq_a",67018.7,-1.01837
"cg_iq_a",67018.7,-0.523508
"cg_iq_a",67018.7,-0.0789458
"cg_iq_a",67018.7,-1.07589
"cg_iq_a",67018.7,-0.681492
"cg_iq_a",67018.7,-0.59222
"cg_iq_a",67018.8,-0.751286
"cg_iq_a",67018.8,-0.364669
"cg_iq_a",67018.8,-1.19334
"cg_iq_a",67018.8,1.14097
"cg_iq_a",67018.8,-0.743707
"cg_iq_a",67018.8,0.107279
"cg_iq_a",67018.8,-0.334423
"cg_iq_a",67018.8,-0.245411
"cg_iq_a",67018.8,-1.07643
"cg_iq_a",67018.8,-0.6807
"cg_iq_a",67018.9,0.149015
"cg_iq_a",67018.9,-0.64511
"cg_iq_a",67018.9,-1.42458
"cg_iq_a",67018.9,-0.3845
"cg_iq_a",67018.9,-0.0034773
"cg_iq_a",67018.9,-0.27852
"cg_iq_a",67018.9,0.550666
"cg_iq_a",67018.9,-0.438638
"cg_iq_a",67018.9,-0.443027
"cg_iq_a",67018.9,1.61268
"cg_iq_a",67019,-0.615611
"cg_iq_a",67019,-0.862244
"cg_iq_a",67019,-0.249163
"cg_iq_a",67019,-0.10375
"cg_iq_a",67019,-1.32764
"cg_iq_a",67019,0.404311
"cg_iq_a",67019,-0.711686
"cg_iq_a",67019,-0.484045
"cg_iq_a",67019,-0.175633
"cg_iq_a",67019,-1.71148
"cg_iq_a",67019.1,-0.915857
"cg_iq_a",67019.1,-0.889827
"cg_iq_a",67019.1,0.0549401
"cg_iq_a",67019.1,-0.217526
"cg_iq_a",67019.1,-0.309359
"cg_iq_a",67019.1,-2.01902
"cg_iq_a",67019.1,-0.798698
"cg_iq_a",67019.1,-0.479991
"cg_iq_a",67019.1,-0.366105
"cg_iq_a",67019.1,0.332238
"cg_iq_a",67019.1,0.103534
"cg_iq_a",67019.2,-0.284726
"cg_iq_a",67019.2,-0.636889
"cg_iq_a",67019.2,0.135543
"cg_iq_a",67019.2,-0.682962
"cg_iq_a",67019.2,-0.530345
"cg_iq_a",67019.2,-0.906813
"cg_iq_a",67019.2,-0.885967
"cg_iq_a",67019.2,-0.710033
"cg_iq_a",67019.2,-0.554475
"cg_iq_a",67019.2,-0.651882
"cg_iq_a",67019.3,-0.278775
"cg_iq_a",67019.3,-0.568634
"cg_iq_a",67019.3,-1.36399
"cg_iq_a",67019.3,-0.444879
"cg_iq_a",67019.3,-0.580133
"cg_iq_a",67019.3,-0.0530069
"cg_iq_a",67019.3,-0.78609
"cg_iq_a",67019.3,-1.48652
"cg_iq_a",67019.3,-0.768512
"cg_iq_a",67019.4,-0.502949
"cg_iq_a",67019.4,-0.270229
"cg_iq_a",67019.4,0.0490476
"cg_iq_a",67019.4,-1.22174
"cg_iq_a",67019.4,-0.998482
"cg_iq_a",67019.4,-0.786201
"cg_iq_a",67019.4,-0.672785
"cg_iq_a",67019.4,-1.01229
"cg_iq_a",67019.4,-0.199848
"cg_iq_a",67019.4,-0.397488
"cg_iq_a",67019.5,-0.618379
"cg_iq_a",67019.5,-0.693427
"cg_iq_a",67019.5,-0.5216
"cg_iq_a",67019.5,-0.730019
"cg_iq_a",67019.5,-0.431678
"cg_iq_a",67019.5,-0.467995
"cg_iq_a",67019.5,-1.2086
"cg_iq_a",67019.5,-0.575333
"cg_iq_a",67019.5,-0.328802
"cg_iq_a",67019.5,-1.23848
"cg_iq_a",67019.5,-0.569257
"cg_iq_a",67019.6,-0.865292
"cg_iq_a",67019.6,-0.487617
"cg_iq_a",67019.6,-0.915586
"cg_iq_a",67019.6,-0.73233
"cg_iq_a",67019.6,-0.8032
"cg_iq_a",67019.6,-0.367044
"cg_iq_a",67019.6,-0.522769
"cg_iq_a",67019.6,-0.235405
"cg_iq_a",67019.6,-0.0969288
"cg_iq_a",67019.6,-0.894443
"cg_iq_a",67019.7,-0.446482
"cg_iq_a",67019.7,-0.512848
"cg_iq_a",67019.7,-0.890013
"cg_iq_a",67019.7,0.324981
"cg_iq_a",67019.7,-0.941801
"cg_iq_a",67019.7,0.165587
"cg_iq_a",67019.7,-0.285745
"cg_iq_a",67019.7,-0.597669
"cg_iq_a",67019.7,-0.665801
"cg_iq_a",67019.8,0.138167
"cg_iq_a",67019.8,0.275244
"cg_iq_a",67019.8,-0.967104
"cg_iq_a",67019.8,-1.29251
"cg_iq_a",67019.8,-0.944427
"cg_iq_a",67019.8,-0.412256
"cg_iq_a",67019.8,-0.137616
"cg_iq_a",67019.8,-0.401103
"cg_iq_a",67019.8,-0.775659
"cg_iq_a",67019.9,-0.124915
"cg_iq_a",67019.9,-0.598265
"cg_iq_a",67019.9,-0.505042
"cg_iq_a",67019.9,-0.658054
"cg_iq_a",67019.9,-0.121874
"cg_iq_a",67019.9,0.37027
"cg_iq_a",67019.9,-0.850304
"cg_iq_a",67019.9,-0.242203
"cg_iq_a",67019.9,0.348144
"cg_iq_a",67019.9,-0.608999
"cg_iq_a",67019.9,-0.223528
"cg_iq_a",67020,-1.277
"cg_iq_a",67020,-0.983507
"cg_iq_a",67020,-0.767261
"cg_iq_a",67020,-1.2696
"cg_iq_a",67020,-0.502719
"cg_iq_a",67020,0.91171
"cg_iq_a",67020,-0.711141
"cg_iq_a",67020,-3.09014
"cg_iq_a",67020,0.288414
"cg_iq_a",67020,-0.606594
"cg_iq_a",67020.1,-0.952263
"cg_iq_a",67020.1,-1.03515
"cg_iq_a",67020.1,-0.246936
"cg_iq_a",67020.1,-0.476043
"cg_iq_a",67020.1,-0.440381
"cg_iq_a",67020.1,-0.652186
"cg_iq_a",67020.1,0.148327
"cg_iq_a",67020.1,-1.27956
"cg_iq_a",67020.1,-0.707814
"cg_iq_a",67020.1,-0.993632
"cg_iq_a",67020.2,-0.786323
"cg_iq_a",67020.2,-0.339437
"cg_iq_a",67020.2,-0.747217
"cg_iq_a",67020.2,-0.216385
"cg_iq_a",67020.2,-0.843837
"cg_iq_a",67020.2,-0.64281
"cg_iq_a",67020.2,-2.4853
"cg_iq_a",67020.2,-0.632074
"cg_iq_a",67020.2,0.137494
"cg_iq_a",67020.2,-0.706278
"cg_iq_a",67020.3,-0.361688
"cg_iq_a",67020.3,-0.637785
"cg_iq_a",67020.3,-0.566935
"cg_iq_a",67020.3,-1.98577
"cg_iq_a",67020.3,1.06611
"cg_iq_a",67020.3,-0.519141
"cg_iq_a",67020.3,-0.491503
"cg_iq_a",67020.3,-0.393428
"cg_iq_a",67020.3,-0.934891
"cg_iq_a",67020.3,-1.52086
"cg_iq_a",67020.4,-0.670282
"cg_iq_a",67020.4,-0.438241
"cg_iq_a",67020.4,-0.596276
"cg_iq_a",67020.4,-1.2423
"cg_iq_a",67020.4,0.862373
"cg_iq_a",67020.4,-0.23856
"cg_iq_a",67020.4,-0.586775
"cg_iq_a",67020.4,-0.64326
"cg_iq_a",67020.4,-0.471845
"cg_iq_a",67020.4,1.31271
"cg_iq_a",67020.5,-0.26579
"cg_iq_a",67020.5,-0.404601
"cg_iq_a",67020.5,-1.4516
"cg_iq_a",67020.5,-0.437224
"cg_iq_a",67020.5,0.096838
"cg_iq_a",67020.5,-0.681113
"cg_iq_a",67020.5,-1.02375
"cg_iq_a",67020.5,-0.639224
"cg_iq_a",67020.5,-0.695889
"cg_iq_a",67020.5,-0.852242
"cg_iq_a",67020.6,-0.105064
"cg_iq_a",67020.6,-0.47694
"cg_iq_a",67020.6,-1.2552
"cg_iq_a",67020.6,-0.502736
"cg_iq_a",67020.6,-1.61646
"cg_iq_a",67020.6,-0.640659
"cg_iq_a",67020.6,-0.355197
"cg_iq_a",67020.6,-0.700995
"cg_iq_a",67020.6,-0.795087
"cg_iq_a",67020.6,0.716926
"cg_iq_a",67020.7,-0.508877
"cg_iq_a",67020.7,-0.284052
"cg_iq_a",67020.7,0.316762
"cg_iq_a",67020.7,-0.310964
"cg_iq_a",67020.7,-0.375376
"cg_iq_a",67020.7,-1.32568
"cg_iq_a",67020.7,-1.05784
"cg_iq_a",67020.7,-0.807961
"cg_iq_a",67020.7,-0.719293
"cg_iq_a",67020.7,-0.738148
"cg_iq_a",67020.8,-0.994869
"cg_iq_a",67020.8,-0.416951
"cg_iq_a",67020.8,-0.825184
"cg_iq_a",67020.8,-1.01162
"cg_iq_a",67020.8,0.242733
"cg_iq_a",67020.8,-0.763566
"cg_iq_a",67020.8,-0.655216
"cg_iq_a",67020.8,-1.0351
"cg_iq_a",67020.8,-0.441991
"cg_iq_a",67020.9,-1.0967
"cg_iq_a",67020.9,-1.17508
"cg_iq_a",67020.9,-0.119323
"cg_iq_a",67020.9,-0.469962
"cg_iq_a",67020.9,-0.184764
"cg_iq_a",67020.9,-0.407537
"cg_iq_a",67020.9,-0.634854
"cg_iq_a",67020.9,-0.445213
"cg_iq_a",67020.9,-0.697313
"cg_iq_a",67020.9,-0.415185
"cg_iq_a",67020.9,-0.945257
"cg_iq_a",67021,-0.308757
"cg_iq_a",67021,-0.569976
"cg_iq_a",67021,-1.3577
"cg_iq_a",67021,-0.341315
"cg_iq_a",67021,-0.487936
"cg_iq_a",67021,-0.0740362
"cg_iq_a",67021,-0.943117
"cg_iq_a",67021,-0.618755
"cg_iq_a",67021,-0.218855
"cg_iq_a",67021,-0.680177
"cg_iq_a",67021.1,-0.269714
"cg_iq_a",67021.1,-0.851786
"cg_iq_a",67021.1,-1.0848
"cg_iq_a",67021.1,0.0636066
"cg_iq_a",67021.1,-0.262068
"cg_iq_a",67021.1,0.356316
"cg_iq_a",67021.1,-0.425883
"cg_iq_a",67021.1,-0.290758
"cg_iq_a",67021.1,0.172086
"cg_iq_a",67021.1,-0.814195
"cg_iq_a",67021.2,-0.970345
"cg_iq_a",67021.2,-0.402596
"cg_iq_a",67021.2,-0.299931
"cg_iq_a",67021.2,-1.05984
"cg_iq_a",67021.2,-0.633892
"cg_iq_a",67021.2,-0.811134
"cg_iq_a",67021.2,-0.444418
"cg_iq_a",67021.2,-0.68235
"cg_iq_a",67021.2,-1.64964
"cg_iq_a",67021.2,-0.197331
"cg_iq_a",67021.3,-0.502258
"cg_iq_a",67021.3,-0.945113
"cg_iq_a",67021.3,-0.794227
"cg_iq_a",67021.3,-0.0138858
"cg_iq_a",67021.3,-0.613976
"cg_iq_a",67021.3,-0.476722
"cg_iq_a",67021.3,-0.0277551
"cg_iq_a",67021.3,-1.14562
"cg_iq_a",67021.3,-0.851978
"cg_iq_a",67021.4,-0.709775
"cg_iq_a",67021.4,-0.700842
"cg_iq_a",67021.4,-0.771252
"cg_iq_a",67021.4,-1.25702
"cg_iq_a",67021.4,-0.63102
"cg_iq_a",67021.4,-0.508997
"cg_iq_a",67021.4,0.756375
"cg_iq_a",67021.4,-0.536555
"cg_iq_a",67021.4,-0.705782
"cg_iq_a",67021.4,-1.92152
"cg_iq_a",67021.5,-0.472007
"cg_iq_a",67021.5,-0.169147
"cg_iq_a",67021.5,-1.25765
"cg_iq_a",67021.5,-0.101119
"cg_iq_a",67021.5,-0.780719
"cg_iq_a",67021.5,-0.191789
"cg_iq_a",67021.5,-1.08192
"cg_iq_a",67021.5,-1.02644
"cg_iq_a",67021.5,-0.661686
"cg_iq_a",67021.5,-0.818723
"cg_iq_a",67021.5,0.236178
"cg_iq_a",67021.6,-1.66693
"cg_iq_a",67021.6,-1.24621
"cg_iq_a",67021.6,-0.267163
"cg_iq_a",67021.6,-1.34838
"cg_iq_a",67021.6,-0.739316
"cg_iq_a",67021.6,-0.0868732
"cg_iq_a",67021.6,-0.573013
"cg_iq_a",67021.6,-1.43763
"cg_iq_a",67021.6,-0.449027
"cg_iq_a",67021.6,-0.318799
"cg_iq_a",67021.7,-0.188132
"cg_iq_a",67021.7,0.644372
"cg_iq_a",67021.7,-0.428975
"cg_iq_a",67021.7,-0.211601
"cg_iq_a",67021.7,-1.30333
"cg_iq_a",67021.7,0.114319
"cg_iq_a",67021.7,-1.33288
"cg_iq_a",67021.7,-0.524358
"cg_iq_a",67021.7,-0.357086
"cg_iq_a",67021.8,-0.21409
"cg_iq_a",67021.8,-0.636688
"cg_iq_a",67021.8,-1.3795
"cg_iq_a",67021.8,-0.479477
"cg_iq_a",67021.8,-0.552047
"cg_iq_a",67021.8,-0.34516
"cg_iq_a",67021.8,-0.535427
"cg_iq_a",67021.8,-0.437249
"cg_iq_a",67021.8,-0.570015
"cg_iq_a",67021.8,-1.58984
"cg_iq_a",67021.9,-0.557002
"cg_iq_a",67021.9,-0.455885
"cg_iq_a",67021.9,-0.381619
"cg_iq_a",67021.9,-1.10184
"cg_iq_a",67021.9,-0.715655
"cg_iq_a",67021.9,0.471192
"cg_iq_a",67021.9,-1.09199
"cg_iq_a",67021.9,0.655829
"cg_iq_a",67021.9,-1.05688
"cg_iq_a",67021.9,-0.496004
"cg_iq_a",67022,-1.03292
"cg_iq_a",67022,-0.971187
"cg_iq_a",67022,-0.244941
"cg_iq_a",67022,-0.284637
"cg_iq_a",67022,-0.810921
"cg_iq_a",67022,-0.433443
"cg_iq_a",67022,0.109927
"cg_iq_a",67022,-1.15329
"cg_iq_a",67022,0.0330955
"cg_iq_a",67022,-0.492025
"cg_iq_a",67022,-0.766659
"cg_iq_a",67022.1,-0.625118
"cg_iq_a",67022.1,-0.458001
"cg_iq_a",67022.1,-0.242934
"cg_iq_a",67022.1,0.524469
"cg_iq_a",67022.1,-0.522101
"cg_iq_a",67022.1,-0.592364
"cg_iq_a",67022.1,0.00825465
"cg_iq_a",67022.1,-0.281185
"cg_iq_a",67022.1,-0.87579
"cg_iq_a",67022.1,-1.59029
"cg_iq_a",67022.2,-0.406758
"cg_iq_a",67022.2,-0.160898
"cg_iq_a",67022.2,-0.228859
"cg_iq_a",67022.2,-0.726453
"cg_iq_a",67022.2,-0.679077
"cg_iq_a",67022.2,-1.04521
"cg_iq_a",67022.2,0.0648043
"cg_iq_a",67022.2,-0.755587
"cg_iq_a",67022.2,-0.472601
"cg_iq_a",67022.2,-1.1521
"cg_iq_a",67022.3,-0.997004
"cg_iq_a",67022.3,-0.414136
"cg_iq_a",67022.3,-0.819087
"cg_iq_a",67022.3,0.0906763
"cg_iq_a",67022.3,-0.883648
"cg_iq_a",67022.3,-0.599928
"cg_iq_a",67022.3,-0.252812
"cg_iq_a",67022.3,-0.571492
"cg_iq_a",67022.3,-0.251761
"cg_iq_a",67022.4,-0.940152
"cg_iq_a",67022.4,-0.729969
"cg_iq_a",67022.4,-0.596094
"cg_iq_a",67022.4,-0.89208
"cg_iq_a",67022.4,-0.645023
"cg_iq_a",67022.4,-0.480365
"cg_iq_a",67022.4,-0.788741
"cg_iq_a",67022.4,-0.910685
"cg_iq_a",67022.4,-0.48929
"cg_iq_a",67022.4,-0.216892
"cg_iq_a",67022.5,-0.496908
"cg_iq_a",67022.5,-0.234114
"cg_iq_a",67022.5,-0.113966
"cg_iq_a",67022.5,0.0652029
"cg_iq_a",67022.5,-0.127693
"cg_iq_a",67022.5,-0.511703
"cg_iq_a",67022.5,-0.872052
"cg_iq_a",67022.5,-0.603093
"cg_iq_a",67022.5,-1.68802
"cg_iq_a",67022.5,-1.04679
"cg_iq_a",67022.5,-0.498186
"cg_iq_a",67022.6,-0.593329
"cg_iq_a",67022.6,-0.135684
"cg_iq_a",67022.6,-0.697253
"cg_iq_a",67022.6,-0.954283
"cg_iq_a",67022.6,-0.342566
"cg_iq_a",67022.6,-0.538079
"cg_iq_a",67022.6,-0.19227
"cg_iq_a",67022.6,-0.338628
"cg_iq_a",67022.6,-0.720752
"cg_iq_a",67022.6,-0.875576
"cg_iq_a",67022.7,-0.606403
"cg_iq_a",67022.7,0.420443
"cg_iq_a",67022.7,-1.25255
"cg_iq_a",67022.7,0.993269
"cg_iq_a",67022.7,-1.26769
"cg_iq_a",67022.7,-0.878352
"cg_iq_a",67022.7,-0.9033
"cg_iq_a",67022.7,-0.390311
"cg_iq_a",67022.8,-0.690824
"cg_iq_a",67022.8,-0.812209
"cg_iq_a",67022.8,-0.49084
"cg_iq_a",67022.8,-0.285685
"cg_iq_a",67022.8,-0.713215
"cg_iq_a",67022.8,-1.16818
"cg_iq_a",67022.8,-0.771542
"cg_iq_a",67022.8,-0.195279
"cg_iq_a",67022.8,-1.16139
"cg_iq_a",67022.8,-0.51542
"cg_iq_a",67022.8,-0.0291626
"cg_iq_a",67022.9,-0.54241
"cg_iq_a",67022.9,-0.67425
"cg_iq_a",67022.9,-0.422696
"cg_iq_a",67022.9,0.033608
"cg_iq_a",67022.9,-3.17536
"cg_iq_a",67022.9,-0.902853
"cg_iq_a",67022.9,-0.595555
"cg_iq_a",67022.9,-1.03825
"cg_iq_a",67022.9,-0.559886
"cg_iq_a",67022.9,-0.550228
"cg_iq_a",67023,-0.976017
"cg_iq_a",67023,-1.55371
"cg_iq_a",67023,-0.950539
"cg_iq_a",67023,-0.796193
"cg_iq_a",67023,-0.688247
"cg_iq_a",67023,-0.205993
"cg_iq_a",67023,-1.07559
"cg_iq_a",67023,-0.430203
"cg_iq_a",67023,-0.671796
"cg_iq_a",67023,-0.743818
"cg_iq_a",67023.1,-0.634212
"cg_iq_a",67023.1,-0.826361
"cg_iq_a",67023.1,-0.808926
"cg_iq_a",67023.1,-0.432817
"cg_iq_a",67023.1,-0.0346265
"cg_iq_a",67023.1,-0.160433
"cg_iq_a",67023.1,-0.7845
"cg_iq_a",67023.1,-1.47983
"cg_iq_a",67023.1,-0.475513
"cg_iq_a",67023.1,-1.19418
"cg_iq_a",67023.2,1.25241
"cg_iq_a",67023.2,-0.877951
"cg_iq_a",67023.2,-0.728328
"cg_iq_a",67023.2,-1.13028
"cg_iq_a",67023.2,-0.583338
"cg_iq_a",67023.2,-0.993916
"cg_iq_a",67023.2,-0.692673
"cg_iq_a",67023.2,0.230227
"cg_iq_a",67023.2,-0.805416
"cg_iq_a",67023.2,-1.02463
"cg_iq_a",67023.3,-0.703127
"cg_iq_a",67023.3,-0.404855
"cg_iq_a",67023.3,-1.69204
"cg_iq_a",67023.3,-0.284536
"cg_iq_a",67023.3,-0.58359
"cg_iq_a",67023.3,0.13239
"cg_iq_a",67023.3,-0.630878
"cg_iq_a",67023.3,0.387217
"cg_iq_a",67023.3,-0.724128
"cg_iq_a",67023.3,-0.723796
"cg_iq_a",67023.4,-1.96498
"cg_iq_a",67023.4,-0.820567
"cg_iq_a",67023.4,0.0390444
"cg_iq_a",67023.4,-0.35363
"cg_iq_a",67023.4,-0.171595
"cg_iq_a",67023.4,-0.890161
"cg_iq_a",67023.4,-0.209465
"cg_iq_a",67023.4,-0.686471
"cg_iq_a",67023.4,0.0873122
"cg_iq_a",67023.4,-1.12207
"cg_iq_a",67023.5,-0.977088
"cg_iq_a",67023.5,-0.709342
"cg_iq_a",67023.5,-0.306009
"cg_iq_a",67023.5,-0.368327
"cg_iq_a",67023.5,0.34396
"cg_iq_a",67023.5,-0.581212
"cg_iq_a",67023.5,-0.144901
"cg_iq_a",67023.5,-0.222716
"cg_iq_a",67023.5,-0.251669
"cg_iq_a",67023.5,-1.15945
"cg_iq_a",67023.6,-1.12617
"cg_iq_a",67023.6,-1.12608
"cg_iq_a",67023.6,-0.732653
"cg_iq_a",67023.6,-0.154832
"cg_iq_a",67023.6,-0.43319
"cg_iq_a",67023.6,-0.341099
"cg_iq_a",67023.6,-1.4957
"cg_iq_a",67023.6,-0.660659
"cg_iq_a",67023.6,-0.66739
"cg_iq_a",67023.6,-1.27285
"cg_iq_a",67023.7,-0.0715294
"cg_iq_a",67023.7,-0.210009
"cg_iq_a",67023.7,-0.384245
"cg_iq_a",67023.7,-0.986847
"cg_iq_a",67023.7,-0.328015
"cg_iq_a",67023.7,-1.04599
"cg_iq_a",67023.7,-0.96735
"cg_iq_a",67023.7,-1.29608
"cg_iq_a",67023.7,-0.547248
"cg_iq_a",67023.7,0.283534
"cg_iq_a",67023.8,-0.343806
"cg_iq_a",67023.8,-1.03222
"cg_iq_a",67023.8,-0.449534
"cg_iq_a",67023.8,0.0419808
"cg_iq_a",67023.8,-1.20921
"cg_iq_a",67023.8,-0.517296
"cg_iq_a",67023.8,-0.272661
"cg_iq_a",67023.8,-0.710554
"cg_iq_a",67023.8,-0.985512
"cg_iq_a",67023.8,-0.802055
"cg_iq_a",67023.8,-1.39643
"cg_iq_a",67023.9,-0.813256
"cg_iq_a",67023.9,-0.593132
"cg_iq_a",67023.9,-0.563638
"cg_iq_a",67023.9,-0.953782
"cg_iq_a",67023.9,-0.661278
"cg_iq_a",67023.9,-0.468403
"cg_iq_a",67023.9,-1.57716
"cg_iq_a",67023.9,-0.632606
"cg_iq_a",67023.9,-0.778363
"cg_iq_a",67023.9,-0.541602
"cg_iq_a",67024,-0.888019
"cg_iq_a",67024,-0.886147
"cg_iq_a",67024,-0.726624
"cg_iq_a",67024,-0.370708
"cg_iq_a",67024,1.08449
"cg_iq_a",67024,-0.464336
"cg_iq_a",67024,-0.38019
"cg_iq_a",67024,-0.878375
"cg_iq_a",67024,-0.4145
"cg_iq_a",67024,0.203166
"cg_iq_a",67024.1,-0.818892
"cg_iq_a",67024.1,-0.818098
"cg_iq_a",67024.1,-0.649816
"cg_iq_a",67024.1,-1.10215
"cg_iq_a",67024.1,-1.2726
"cg_iq_a",67024.1,-0.618111
"cg_iq_a",67024.1,-1.038
"cg_iq_a",67024.1,-0.0875555
"cg_iq_a",67024.1,-0.159938
"cg_iq_a",67024.1,-1.32056
"cg_iq_a",67024.2,-0.744376
"cg_iq_a",67024.2,-0.899894
"cg_iq_a",67024.2,-0.703583
"cg_iq_a",67024.2,-2.00038
"cg_iq_a",67024.2,0.554969
"cg_iq_a",67024.2,-1.14835
"cg_iq_a",67024.2,-0.559714
"cg_iq_a",67024.2,-1.06615
"cg_iq_a",67024.2,-0.98654
"cg_iq_a",67024.2,-0.223651
"cg_iq_a",67024.3,-0.25132
"cg_iq_a",67024.3,-0.414115
"cg_iq_a",67024.3,-0.55878
"cg_iq_a",67024.3,-0.957397
"cg_iq_a",67024.3,-0.43445
"cg_iq_a",67024.3,-0.388144
"cg_iq_a",67024.3,-0.296375
"cg_iq_a",67024.3,-0.00210882
"cg_iq_a",67024.3,-0.859409
"cg_iq_a",67024.3,-0.521381
"cg_iq_a",67024.4,-1.09606
"cg_iq_a",67024.4,-0.783938
"cg_iq_a",67024.4,-1.26176
"cg_iq_a",67024.4,-0.533501
"cg_iq_a",67024.4,-0.781271
"cg_iq_a",67024.4,-0.233778
"cg_iq_a",67024.4,-0.867069
"cg_iq_a",67024.4,-1.13236
"cg_iq_a",67024.4,-0.963895
"cg_iq_a",67024.4,-0.0253216
"cg_iq_a",67024.5,0.94552
"cg_iq_a",67024.5,-1.17309
"cg_iq_a",67024.5,-0.265478
"cg_iq_a",67024.5,-0.764159
"cg_iq_a",67024.5,-0.444828
"cg_iq_a",67024.5,-0.867719
"cg_iq_a",67024.5,-1.28089
"cg_iq_a",67024.5,-0.55695
"cg_iq_a",67024.5,-0.266656
"cg_iq_a",67024.5,-0.739289
"cg_iq_a",67024.6,-0.383385
"cg_iq_a",67024.6,-0.61438
"cg_iq_a",67024.6,-1.37864
"cg_iq_a",67024.6,-1.16901
"cg_iq_a",67024.6,-0.607558
"cg_iq_a",67024.6,-0.35529
"cg_iq_a",67024.6,-1.02639
"cg_iq_a",67024.6,-0.571803
"cg_iq_a",67024.6,-0.280348
"cg_iq_a",67024.6,-0.910042
"cg_iq_a",67024.7,-0.647841
"cg_iq_a",67024.7,-0.905911
"cg_iq_a",67024.7,-0.60663
"cg_iq_a",67024.7,0.390428
"cg_iq_a",67024.7,-0.708913
"cg_iq_a",67024.7,-0.272367
"cg_iq_a",67024.8,-0.199627
"cg_iq_a",67024.8,-1.31075
"cg_iq_a",67024.8,-1.1487
"cg_iq_a",67024.8,-1.10478
"cg_iq_a",67024.8,-0.88478
"cg_iq_a",67024.8,-0.282098
"cg_iq_a",67024.9,-0.439906
"cg_iq_a",67024.9,-0.129962
"cg_iq_a",67024.9,-1.42304
"cg_iq_a",67024.9,-1.21841
"cg_iq_a",67024.9,-0.284698
"cg_iq_a",67024.9,-1.0698
"cg_iq_a",67024.9,1.03929
"cg_iq_a",67024.9,-0.383927
"cg_iq_a",67025,-0.544123
"cg_iq_a",67025,-0.4145
"cg_iq_a",67025,-0.0429511
"cg_iq_a",67025,0.113937
"cg_iq_a",67025,-0.408496
"cg_iq_a",67025.1,0.0883681
"cg_iq_a",67025.1,-0.145122
"cg_iq_a",67025.1,-0.479631
"cg_iq_a",67025.1,-0.934386
"cg_iq_a",67025.1,-0.362982
"cg_iq_a",67025.1,0.086857
"cg_iq_a",67025.1,-0.028777
"cg_iq_a",67025.1,-1.5644
"cg_iq_a",67025.1,-0.455097
"cg_iq_a",67025.1,-0.545397
"cg_iq_a",67025.2,-0.650405
"cg_iq_a",67025.2,-0.184947
"cg_iq_a",67025.2,-1.11276
"cg_iq_a",67025.2,-0.168771
"cg_iq_a",67025.2,-0.663329
"cg_iq_a",67025.2,-0.568188
"cg_iq_a",67025.2,-0.291067
"cg_iq_a",67025.2,-0.836138
"cg_iq_a",67025.2,1.58998
"cg_iq_a",67025.2,0.174161
"cg_iq_a",67025.2,-0.317574
"cg_iq_a",67025.2,-0.420492
"cg_iq_a",67025.3,-0.688204
"cg_iq_a",67025.3,0.504488
"cg_iq_a",67025.3,-0.322346
"cg_iq_a",67025.3,-0.666377
"cg_iq_a",67025.3,-0.419319
"cg_iq_a",67025.3,-0.722601
"cg_iq_a",67025.3,0.116565
"cg_iq_a",67025.3,-1.19491
"cg_iq_a",67025.3,0.0199584
"cg_iq_a",67025.3,0.402166
"cg_iq_a",67025.3,-0.505095
"cg_iq_a",67025.4,-0.443694
"cg_iq_a",67025.4,-0.667805
"cg_iq_a",67025.4,-0.609675
"cg_iq_a",67025.4,-0.920519
"cg_iq_a",67025.4,-1.23685
"cg_iq_a",67025.4,-1.08329
"cg_iq_a",67025.4,-1.22857
"cg_iq_a",67025.4,-1.07536
"cg_iq_a",67025.4,-0.421323
"cg_iq_a",67025.4,-0.683078
"cg_iq_a",67025.4,-0.782256
"cg_iq_a",67025.5,-0.644291
"cg_iq_a",67025.5,-1.24167
"cg_iq_a",67025.5,-1.20225
"cg_iq_a",67025.5,-0.820876
"cg_iq_a",67025.5,-0.302141
"cg_iq_a",67025.5,-0.399322
"cg_iq_a",67025.5,-0.293923
"cg_iq_a",67025.5,-0.53879
"cg_iq_a",67025.5,-0.652181
"cg_iq_a",67025.5,0.15732
"cg_iq_a",67025.5,-0.148691
"cg_iq_a",67025.5,-0.787609
"cg_iq_a",67025.6,-0.708136
"cg_iq_a",67025.6,-0.0778249
"cg_iq_a",67025.6,-0.263955
"cg_iq_a",67025.6,-1.07211
"cg_iq_a",67025.6,-0.424315
"cg_iq_a",67025.6,-2.72735
"cg_iq_a",67025.6,-0.105274
"cg_iq_a",67025.6,-0.561252
"cg_iq_a",67025.6,-0.499783
"cg_iq_a",67025.6,-0.221931
"cg_iq_a",67025.6,-0.701849
"cg_iq_a",67025.7,-0.937209
"cg_iq_a",67025.7,-1.3091
"cg_iq_a",67025.7,-0.53278
"cg_iq_a",67025.7,-0.53289
"cg_iq_a",67025.7,-2.35842
"cg_iq_a",67025.7,-0.324101
"cg_iq_a",67025.7,-0.298018
"cg_iq_a",67025.7,-0.166258
"cg_iq_a",67025.7,-0.497453
"cg_iq_a",67025.7,-0.742068
"cg_iq_a",67025.7,-0.807057
"cg_iq_a",67025.8,0.222134
"cg_iq_a",67025.8,-0.892636
"cg_iq_a",67025.8,-0.933407
"cg_iq_a",67025.8,-0.884696
"cg_iq_a",67025.8,-0.363042
"cg_iq_a",67025.8,-0.462144
"cg_iq_a",67025.8,-0.964523
"cg_iq_a",67025.8,-0.0223246
"cg_iq_a",67025.8,-1.1035
"cg_iq_a",67025.8,-0.819714
"cg_iq_a",67025.8,-0.241961
"cg_iq_a",67025.9,-0.527775
"cg_iq_a",67025.9,-0.916193
"cg_iq_a",67025.9,-0.207064
"cg_iq_a",67025.9,-0.954847
"cg_iq_a",67025.9,-0.607152
"cg_iq_a",67025.9,-0.855442
"cg_iq_a",67025.9,-0.212222
"cg_iq_a",67025.9,-0.333334
"cg_iq_a",67025.9,-0.555502
"cg_iq_a",67025.9,-0.585635
"cg_iq_a",67026,-0.671655
"cg_iq_a",67026,-0.845999
"cg_iq_a",67026,-1.2221
"cg_iq_a",67026,-0.327727
"cg_iq_a",67026,1.7429
"cg_iq_a",67026,-0.67829
"cg_iq_a",67026,-0.52101
"cg_iq_a",67026,-0.00815479
"cg_iq_a",67026,-0.439058
"cg_iq_a",67026,-0.884778
"cg_iq_a",67026.1,-0.37767
"cg_iq_a",67026.1,-0.594435
"cg_iq_a",67026.1,-0.678577
"cg_iq_a",67026.1,-1.31396
"cg_iq_a",67026.1,-0.660403
"cg_iq_a",67026.1,-0.739321
"cg_iq_a",67026.1,-1.14112
"cg_iq_a",67026.1,0.973915
"cg_iq_a",67026.1,-0.806968
"cg_iq_a",67026.1,-0.421311
"cg_iq_a",67026.2,-0.822251
"cg_iq_a",67026.2,-0.749546
"cg_iq_a",67026.2,-0.773845
"cg_iq_a",67026.2,-1.50595
"cg_iq_a",67026.2,-0.687572
"cg_iq_a",67026.2,-0.283496
"cg_iq_a",67026.2,-0.512189
"cg_iq_a",67026.2,-1.46285
"cg_iq_a",67026.2,0.371636
"cg_iq_a",67026.2,0.202394
"cg_iq_a",67026.3,-1.02452
"cg_iq_a",67026.3,-0.388298
"cg_iq_a",67026.3,-0.0373645
"cg_iq_a",67026.3,-0.51214
"cg_iq_a",67026.3,-0.72775
"cg_iq_a",67026.3,-0.861891
"cg_iq_a",67026.3,-1.09213
"cg_iq_a",67026.3,-1.0179
"cg_iq_a",67026.3,-0.958005
"cg_iq_a",67026.3,-1.17048
"cg_iq_a",67026.4,-1.84463
"cg_iq_a",67026.4,-0.487049
"cg_iq_a",67026.4,-0.46288
"cg_iq_a",67026.4,-0.312871
"cg_iq_a",67026.4,-0.991801
"cg_iq_a",67026.4,0.0916644
"cg_iq_a",67026.4,-0.732126
"cg_iq_a",67026.4,-0.596559
"cg_iq_a",67026.4,-0.712046
"cg_iq_a",67026.4,-0.51737
"cg_iq_a",67026.5,-0.220302
"cg_iq_a",67026.5,-0.940143
"cg_iq_a",67026.5,-0.633796
"cg_iq_a",67026.5,-0.656485
"cg_iq_a",67026.5,-0.241416
"cg_iq_a",67026.5,-0.366752
"cg_iq_a",67026.5,-0.0943469
"cg_iq_a",67026.5,0.0599564
"cg_iq_a",67026.5,-0.886567
"cg_iq_a",67026.5,-0.0785593
"cg_iq_a",67026.6,-0.393609
"cg_iq_a",67026.6,0.264029
"cg_iq_a",67026.6,-1.15707
"cg_iq_a",67026.6,-0.188245
"cg_iq_a",67026.6,-0.817397
"cg_iq_a",67026.6,-0.840719
"cg_iq_a",67026.6,-0.774882
"cg_iq_a",67026.6,-0.238666
"cg_iq_a",67026.6,-2.50571
"cg_iq_a",67026.6,-0.978944
"cg_iq_a",67026.7,0.230637
"cg_iq_a",67026.7,-1.23411
"cg_iq_a",67026.7,-0.92992
"cg_iq_a",67026.7,-0.560755
"cg_iq_a",67026.7,-0.658717
"cg_iq_a",67026.7,-0.376345
"cg_iq_a",67026.7,-2.23532
"cg_iq_a",67026.7,-0.388638
"cg_iq_a",67026.7,-0.0964322
"cg_iq_a",67026.8,-0.386366
"cg_iq_a",67026.8,-0.783548
"cg_iq_a",67026.8,0.532241
"cg_iq_a",67026.8,-0.723458
"cg_iq_a",67026.8,-0.344125
"cg_iq_a",67026.8,-0.569513
"cg_iq_a",67026.8,-0.658859
"cg_iq_a",67026.8,-0.460062
"cg_iq_a",67026.8,-0.0413676
"cg_iq_a",67026.8,-0.738649
"cg_iq_a",67026.9,-0.225637
"cg_iq_a",67026.9,-0.646443
"cg_iq_a",67026.9,-0.89803
"cg_iq_a",67026.9,-0.305123
"cg_iq_a",67026.9,-0.848956
"cg_iq_a",67026.9,-0.238951
"cg_iq_a",67026.9,-0.590289
"cg_iq_a",67026.9,-1.07589
"cg_iq_a",67026.9,-0.297398
"cg_iq_a",67026.9,-0.614013
"cg_iq_a",67026.9,-0.911751
"cg_iq_a",67027,-1.97728
"cg_iq_a",67027,-1.16727
"cg_iq_a",67027,-0.946084
"cg_iq_a",67027,-0.471349
"cg_iq_a",67027,0.0513856
"cg_iq_a",67027,0.620904
"cg_iq_a",67027,-0.969419
"cg_iq_a",67027,-0.413174
"cg_iq_a",67027,-0.679876
"cg_iq_a",67027,0.680455
"cg_iq_a",67027.1,-0.5019
"cg_iq_a",67027.1,-0.305569
"cg_iq_a",67027.1,-0.96938
"cg_iq_a",67027.1,-1.74497
"cg_iq_a",67027.1,-0.9166
"cg_iq_a",67027.1,-0.552444
"cg_iq_a",67027.1,-0.725987
"cg_iq_a",67027.1,-1.14518
"cg_iq_a",67027.1,-0.795496
"cg_iq_a",67027.1,-0.927425
"cg_iq_a",67027.2,-0.364585
"cg_iq_a",67027.2,-0.888769
"cg_iq_a",67027.2,-1.0059
"cg_iq_a",67027.2,-0.689722
"cg_iq_a",67027.2,-0.274644
"cg_iq_a",67027.2,-0.696809
"cg_iq_a",67027.2,-0.344709
"cg_iq_a",67027.2,-0.436148
"cg_iq_a",67027.2,-0.472747
"cg_iq_a",67027.2,-0.142553
"cg_iq_a",67027.3,-1.10331
"cg_iq_a",67027.3,-0.777805
"cg_iq_a",67027.3,-0.675517
"cg_iq_a",67027.3,-0.593103
"cg_iq_a",67027.3,-1.35693
"cg_iq_a",67027.3,-0.25568
"cg_iq_a",67027.3,-0.676277
"cg_iq_a",67027.3,-0.75986
"cg_iq_a",67027.3,-0.839881
"cg_iq_a",67027.4,-0.102082
"cg_iq_a",67027.4,-0.805001
"cg_iq_a",67027.4,-0.912532
"cg_iq_a",67027.4,-0.753064
"cg_iq_a",67027.4,-1.07642
"cg_iq_a",67027.4,-0.614052
"cg_iq_a",67027.4,-0.760461
"cg_iq_a",67027.4,-0.896485
"cg_iq_a",67027.4,-0.46923
"cg_iq_a",67027.4,-0.806186
"cg_iq_a",67027.4,-1.05995
"cg_iq_a",67027.5,-1.19412
"cg_iq_a",67027.5,-0.0973821
"cg_iq_a",67027.5,-0.835076
"cg_iq_a",67027.5,-0.21762
"cg_iq_a",67027.5,-0.643819
"cg_iq_a",67027.5,-0.859894
"cg_iq_a",67027.5,-0.763698
"cg_iq_a",67027.5,-0.217946
"cg_iq_a",67027.5,-0.625269
"cg_iq_a",67027.5,-1.24908
"cg_iq_a",67027.6,-0.343736
"cg_iq_a",67027.6,-0.818632
"cg_iq_a",67027.6,-0.798531
"cg_iq_a",67027.6,-1.03394
"cg_iq_a",67027.6,-0.372706
"cg_iq_a",67027.6,-0.531276
"cg_iq_a",67027.6,-0.367776
"cg_iq_a",67027.6,-0.804938
"cg_iq_a",67027.6,-0.276606
"cg_iq_a",67027.6,-0.587159
"cg_iq_a",67027.7,-1.85514
"cg_iq_a",67027.7,-0.509317
"cg_iq_a",67027.7,-0.138535
"cg_iq_a",67027.7,-0.611932
"cg_iq_a",67027.7,-0.954226
"cg_iq_a",67027.7,-0.557366
"cg_iq_a",67027.7,-2.18791
"cg_iq_a",67027.7,-1.38445
"cg_iq_a",67027.7,-1.24311
"cg_iq_a",67027.8,-0.468497
"cg_iq_a",67027.8,-0.0448952
"cg_iq_a",67027.8,-1.28547
"cg_iq_a",67027.8,-0.756037
"cg_iq_a",67027.8,-0.889427
"cg_iq_a",67027.8,-0.801534
"cg_iq_a",67027.8,-0.553463
"cg_iq_a",67027.8,-0.301414
"cg_iq_a",67027.8,-0.318998
"cg_iq_a",67027.8,-0.697435
"cg_iq_a",67027.8,-0.572753
"cg_iq_a",67027.9,-1.2463
"cg_iq_a",67027.9,-0.751866
"cg_iq_a",67027.9,-0.894526
"cg_iq_a",67027.9,-0.33415
"cg_iq_a",67027.9,-1.14777
"cg_iq_a",67027.9,-0.355549
"cg_iq_a",67027.9,-1.07299
"cg_iq_a",67027.9,0.158708
"cg_iq_a",67027.9,-0.716687
"cg_iq_a",67027.9,-0.55933
"cg_iq_a",67028,-0.815279
"cg_iq_a",67028,0.492186
"cg_iq_a",67028,-0.478975
"cg_iq_a",67028,-0.842611
"cg_iq_a",67028,-0.851543
"cg_iq_a",67028,-1.33569
"cg_iq_a",67028,-0.359669
"cg_iq_a",67028,-1.24618
"cg_iq_a",67028,-0.331343
"cg_iq_a",67028,-0.880871
"cg_iq_a",67028.1,-0.311837
"cg_iq_a",67028.1,-0.548033
"cg_iq_a",67028.1,-1.06021
"cg_iq_a",67028.1,0.897125
"cg_iq_a",67028.1,-1.05225
"cg_iq_a",67028.1,-0.298706
"cg_iq_a",67028.1,-0.372134
"cg_iq_a",67028.1,-0.168329
"cg_iq_a",67028.1,-0.0255901
"cg_iq_a",67028.1,1.62331
"cg_iq_a",67028.2,-0.636228
"cg_iq_a",67028.2,0.658675
"cg_iq_a",67028.2,-0.39177
"cg_iq_a",67028.2,-0.921519
"cg_iq_a",67028.2,-0.614539
"cg_iq_a",67028.2,-1.23155
"cg_iq_a",67028.2,-0.6742
"cg_iq_a",67028.2,-0.812247
"cg_iq_a",67028.2,-0.991847
"cg_iq_a",67028.2,-0.81194
"cg_iq_a",67028.3,-0.597234
"cg_iq_a",67028.3,-0.718993
"cg_iq_a",67028.3,-0.943325
"cg_iq_a",67028.3,-0.371125
"cg_iq_a",67028.3,-0.413459
"cg_iq_a",67028.3,-0.851677
"cg_iq_a",67028.3,-1.69794
"cg_iq_a",67028.3,0.0900026
"cg_iq_a",67028.3,-0.515731
"cg_iq_a",67028.3,-0.999178
"cg_iq_a",67028.4,-1.11807
"cg_iq_a",67028.4,-0.204789
"cg_iq_a",67028.4,-0.650359
"cg_iq_a",67028.4,-0.573576
"cg_iq_a",67028.4,-0.609014
"cg_iq_a",67028.4,-0.894039
"cg_iq_a",67028.4,-1.10894
"cg_iq_a",67028.4,-0.917977
"cg_iq_a",67028.4,-0.676136
"cg_iq_a",67028.4,-0.759082
"cg_iq_a",67028.5,-0.661652
"cg_iq_a",67028.5,-0.866296
"cg_iq_a",67028.5,-0.551064
"cg_iq_a",67028.5,-0.280926
"cg_iq_a",67028.5,0.270456
"cg_iq_a",67028.5,-0.218566
"cg_iq_a",67028.5,-0.74926
"cg_iq_a",67028.5,-0.600029
"cg_iq_a",67028.5,-0.316573
"cg_iq_a",67028.5,-0.753162
"cg_iq_a",67028.6,-0.352387
"cg_iq_a",67028.6,-0.905103
"cg_iq_a",67028.6,-0.662053
"cg_iq_a",67028.6,-0.910386
"cg_iq_a",67028.6,-0.757576
"cg_iq_a",67028.6,-0.586269
"cg_iq_a",67028.6,-0.610713
"cg_iq_a",67028.6,-0.466405
"cg_iq_a",67028.6,-0.505416
"cg_iq_a",67028.6,0.145083
"cg_iq_a",67028.7,-1.93919
"cg_iq_a",67028.7,-1.03097
"cg_iq_a",67028.7,-0.320963
"cg_iq_a",67028.7,-0.384637
"cg_iq_a",67028.7,-0.453665
"cg_iq_a",67028.7,-0.676151
"cg_iq_a",67028.7,-0.868772
"cg_iq_a",67028.7,-0.809377
"cg_iq_a",67028.7,-0.407761
"cg_iq_a",67028.8,-0.660667
"cg_iq_a",67028.8,-0.0567128
"cg_iq_a",67028.8,-0.910764
"cg_iq_a",67028.8,-0.806302
"cg_iq_a",67028.8,-0.684956
"cg_iq_a",67028.8,-1.34369
"cg_iq_a",67028.8,-0.48132
"cg_iq_a",67028.8,0.137651
"cg_iq_a",67028.8,0.111163
"cg_iq_a",67028.8,-0.125463
"cg_iq_a",67028.9,-1.16335
"cg_iq_a",67028.9,-1.04266
"cg_iq_a",67028.9,-0.977879
"cg_iq_a",67028.9,-0.232995
"cg_iq_a",67028.9,-0.729355
"cg_iq_a",67028.9,-0.588583
"cg_iq_a",67028.9,-0.1345
"cg_iq_a",67028.9,-1.11543
"cg_iq_a",67028.9,-1.55869
"cg_iq_a",67028.9,-0.547063
"cg_iq_a",67029,-0.15803
"cg_iq_a",67029,-0.565386
"cg_iq_a",67029,-0.804006
"cg_iq_a",67029,-0.304307
"cg_iq_a",67029,-0.625713
"cg_iq_a",67029,-0.629276
"cg_iq_a",67029,-0.0257224
"cg_iq_a",67029,-0.012833
"cg_iq_a",67029,-0.79526
"cg_iq_a",67029,-0.146214
"cg_iq_a",67029,-0.7399
"cg_iq_a",67029.1,-1.07745
"cg_iq_a",67029.1,-1.36372
"cg_iq_a",67029.1,-0.419225
"cg_iq_a",67029.1,-1.48958
"cg_iq_a",67029.1,0.340853
"cg_iq_a",67029.1,-2.31331
"cg_iq_a",67029.1,-1.32355
"cg_iq_a",67029.1,-1.35513
"cg_iq_a",67029.1,-0.678749
"cg_iq_a",67029.1,-0.939838
"cg_iq_a",67029.2,-1.26375
"cg_iq_a",67029.2,-0.872917
"cg_iq_a",67029.2,-0.740285
"cg_iq_a",67029.2,-0.479421
"cg_iq_a",67029.2,0.186091
"cg_iq_a",67029.2,-0.778086
"cg_iq_a",67029.2,-0.326187
"cg_iq_a",67029.2,-1.4416
"cg_iq_a",67029.2,-0.742133
"cg_iq_a",67029.2,-1.38348
"cg_iq_a",67029.3,-0.221284
"cg_iq_a",67029.3,-0.275328
"cg_iq_a",67029.3,-0.980196
"cg_iq_a",67029.3,-0.3017
"cg_iq_a",67029.3,-1.04804
"cg_iq_a",67029.3,-0.771117
"cg_iq_a",67029.3,0.163284
"cg_iq_a",67029.3,-0.753579
"cg_iq_a",67029.3,-1.44662
"cg_iq_a",67029.4,-0.932537
"cg_iq_a",67029.4,-0.540857
"cg_iq_a",67029.4,1.96304
"cg_iq_a",67029.4,-0.798026
"cg_iq_a",67029.4,-0.684478
"cg_iq_a",67029.4,-0.587517
"cg_iq_a",67029.4,-1.00503
"cg_iq_a",67029.4,-0.704278
"cg_iq_a",67029.4,-0.176398
"cg_iq_a",67029.4,-0.722499
"cg_iq_a",67029.4,-0.150579
"cg_iq_a",67029.5,1.01261
"cg_iq_a",67029.5,-0.104717
"cg_iq_a",67029.5,-0.837224
"cg_vd_v",66999.6,1.16809
"cg_vd_v",66999.6,1.2265
"cg_vd_v",66999.6,1.15948
"cg_vd_v",66999.6,1.1445
"cg_vd_v",66999.6,1.19013
"cg_vd_v",66999.6,1.09514
"cg_vd_v",66999.6,1.11584
"cg_vd_v",66999.6,1.30983
"cg_vd_v",66999.7,1.02847
"cg_vd_v",66999.7,1.15097
"cg_vd_v",66999.7,1.26932
"cg_vd_v",66999.7,1.0729
"cg_vd_v",66999.7,1.16401
"cg_vd_v",66999.7,1.14011
"cg_vd_v",66999.7,1.11035
"cg_vd_v",66999.7,1.14464
"cg_vd_v",66999.7,1.12403
"cg_vd_v",66999.8,1.06444
"cg_vd_v",66999.8,1.13442
"cg_vd_v",66999.8,1.10111
"cg_vd_v",66999.8,1.01357
"cg_vd_v",66999.8,1.23568
"cg_vd_v",66999.8,1.07927
"cg_vd_v",66999.8,1.02402
"cg_vd_v",66999.8,1.23721
"cg_vd_v",66999.8,1.05875
"cg_vd_v",66999.8,1.0792
"cg_vd_v",66999.8,1.15044
"cg_vd_v",66999.9,1.10585
"cg_vd_v",66999.9,1.08837
"cg_vd_v",66999.9,1.1254
"cg_vd_v",66999.9,1.10391
"cg_vd_v",66999.9,1.05198
"cg_vd_v",66999.9,1.1488
"cg_vd_v",66999.9,1.0365
"cg_vd_v",66999.9,1.04429
"cg_vd_v",66999.9,1.21933
"cg_vd_v",66999.9,0.977671
"cg_vd_v",67000,1.06965
"cg_vd_v",67000,1.20042
"cg_vd_v",67000,1.04253
"cg_vd_v",67000,1.06229
"cg_vd_v",67000,1.15009
"cg_vd_v",67000,1.118
"cg_vd_v",67000,1.1049
"cg_vd_v",67000,1.13839
"cg_vd_v",67000,1.09366
"cg_vd_v",67000,1.04885
"cg_vd_v",67000.1,1.15224
"cg_vd_v",67000.1,1.10604
"cg_vd_v",67000.1,1.03843
"cg_vd_v",67000.1,1.18581
"cg_vd_v",67000.1,1.11584
"cg_vd_v",67000.1,0.989709
"cg_vd_v",67000.1,1.20905
"cg_vd_v",67000.1,1.10792
"cg_vd_v",67000.1,1.01693
"cg_vd_v",67000.1,1.20576
"cg_vd_v",67000.2,1.12059
"cg_vd_v",67000.2,1.10902
"cg_vd_v",67000.2,1.12035
"cg_vd_v",67000.2,1.14043
"cg_vd_v",67000.2,1.09891
"cg_vd_v",67000.2,1.11527
"cg_vd_v",67000.2,1.20045
"cg_vd_v",67000.2,1.05077
"cg_vd_v",67000.2,1.0838
"cg_vd_v",67000.2,1.27421
"cg_vd_v",67000.3,1.08951
"cg_vd_v",67000.3,1.04809
"cg_vd_v",67000.3,1.25323
"cg_vd_v",67000.3,1.167
"cg_vd_v",67000.3,1.06736
"cg_vd_v",67000.3,1.15379
"cg_vd_v",67000.3,1.17014
"cg_vd_v",67000.3,1.13619
"cg_vd_v",67000.3,1.12568
"cg_vd_v",67000.4,1.16467
"cg_vd_v",67000.4,1.13254
"cg_vd_v",67000.4,1.11883
"cg_vd_v",67000.4,1.18767
"cg_vd_v",67000.4,1.09811
"cg_vd_v",67000.4,1.08065
"cg_vd_v",67000.4,1.2867
"cg_vd_v",67000.4,1.18881
"cg_vd_v",67000.4,1.00353
"cg_vd_v",67000.4,1.18953
"cg_vd_v",67000.4,1.2433
"cg_vd_v",67000.5,1.06288
"cg_vd_v",67000.5,1.1222
"cg_vd_v",67000.5,1.2019
"cg_vd_v",67000.5,1.16173
"cg_vd_v",67000.5,1.14524
"cg_vd_v",67000.5,1.14801
"cg_vd_v",67000.5,1.18057
"cg_vd_v",67000.5,1.13418
"cg_vd_v",67000.5,1.13109
"cg_vd_v",67000.5,1.20107
"cg_vd_v",67000.6,1.07894
"cg_vd_v",67000.6,1.03635
"cg_vd_v",67000.6,1.25209
"cg_vd_v",67000.6,1.17413
"cg_vd_v",67000.6,0.987563
"cg_vd_v",67000.6,1.13487
"cg_vd_v",67000.6,1.25924
"cg_vd_v",67000.6,1.03274
"cg_vd_v",67000.6,1.08688
"cg_vd_v",67000.6,1.17653
"cg_vd_v",67000.7,1.13549
"cg_vd_v",67000.7,1.13051
"cg_vd_v",67000.7,1.13993
"cg_vd_v",67000.7,1.14958
"cg_vd_v",67000.7,1.11967
"cg_vd_v",67000.7,1.09739
"cg_vd_v",67000.7,1.17053
"cg_vd_v",67000.7,1.1596
"cg_vd_v",67000.7,1.0049
"cg_vd_v",67000.8,1.07926
"cg_vd_v",67000.8,1.26069
"cg_vd_v",67000.8,1.07581
"cg_vd_v",67000.8,0.990537
"cg_vd_v",67000.8,1.2366
"cg_vd_v",67000.8,1.24607
"cg_vd_v",67000.8,1.09523
"cg_vd_v",67000.8,1.10651
"cg_vd_v",67000.8,1.15671
"cg_vd_v",67000.8,1.16507
"cg_vd_v",67000.9,1.1304
"cg_vd_v",67000.9,1.19969
"cg_vd_v",67000.9,1.14926
"cg_vd_v",67000.9,1.12176
"cg_vd_v",67000.9,1.07543
"cg_vd_v",67000.9,1.1229
"cg_vd_v",67000.9,1.19419
"cg_vd_v",67000.9,1.0766
"cg_vd_v",67000.9,1.05194
"cg_vd_v",67000.9,1.21341
"cg_vd_v",67000.9,1.2362
"cg_vd_v",67001,1.06025
"cg_vd_v",67001,1.0761
"cg_vd_v",67001,1.28735
"cg_vd_v",67001,1.28132
"cg_vd_v",67001,1.06112
"cg_vd_v",67001,1.03496
"cg_vd_v",67001,1.14688
"cg_vd_v",67001,1.19252
"cg_vd_v",67001,1.11785
"cg_vd_v",67001,1.12317
"cg_vd_v",67001.1,1.142
"cg_vd_v",67001.1,1.1087
"cg_vd_v",67001.1,1.10704
"cg_vd_v",67001.1,1.15108
"cg_vd_v",67001.1,1.20022
"cg_vd_v",67001.1,1.14425
"cg_vd_v",67001.1,1.02941
"cg_vd_v",67001.1,1.13743
"cg_vd_v",67001.1,1.27586
"cg_vd_v",67001.1,1.11821
"cg_vd_v",67001.2,0.963034
"cg_vd_v",67001.2,1.14685
"cg_vd_v",67001.2,1.27029
"cg_vd_v",67001.2,1.1491
"cg_vd_v",67001.2,1.06508
"cg_vd_v",67001.2,1.14542
"cg_vd_v",67001.2,1.17088
"cg_vd_v",67001.2,1.19283
"cg_vd_v",67001.2,1.1644
"cg_vd_v",67001.2,1.14188
"cg_vd_v",67001.3,1.17459
"cg_vd_v",67001.3,1.16789
"cg_vd_v",67001.3,1.13431
"cg_vd_v",67001.3,1.10807
"cg_vd_v",67001.3,1.20479
"cg_vd_v",67001.3,1.1913
"cg_vd_v",67001.3,1.03852
"cg_vd_v",67001.3,1.08014
"cg_vd_v",67001.3,1.23643
"cg_vd_v",67001.4,1.27409
"cg_vd_v",67001.4,0.977382
"cg_vd_v",67001.4,1.02244
"cg_vd_v",67001.4,1.19173
"cg_vd_v",67001.4,1.26243
"cg_vd_v",67001.4,1.12522
"cg_vd_v",67001.4,1.05696
"cg_vd_v",67001.4,1.14972
"cg_vd_v",67001.4,1.16607
"cg_vd_v",67001.4,1.14573
"cg_vd_v",67001.5,1.10353
"cg_vd_v",67001.5,1.10029
"cg_vd_v",67001.5,1.1008
"cg_vd_v",67001.5,1.14119
"cg_vd_v",67001.5,1.0881
"cg_vd_v",67001.5,1.08112
"cg_vd_v",67001.5,1.17138
"cg_vd_v",67001.5,1.17901
"cg_vd_v",67001.5,1.08785
"cg_vd_v",67001.5,1.02023
"cg_vd_v",67001.5,1.07951
"cg_vd_v",67001.6,1.28752
"cg_vd_v",67001.6,1.21645
"cg_vd_v",67001.6,1.02264
"cg_vd_v",67001.6,1.01165
"cg_vd_v",67001.6,1.20983
"cg_vd_v",67001.6,1.27537
"cg_vd_v",67001.6,1.159
"cg_vd_v",67001.6,1.06063
"cg_vd_v",67001.6,1.11826
"cg_vd_v",67001.7,1.181
"cg_vd_v",67001.7,1.15315
"cg_vd_v",67001.7,1.15801
"cg_vd_v",67001.7,1.14459
"cg_vd_v",67001.7,1.12563
"cg_vd_v",67001.7,1.136
"cg_vd_v",67001.7,1.15826
"cg_vd_v",67001.7,1.04478
"cg_vd_v",67001.7,1.11919
"cg_vd_v",67001.7,1.22132
"cg_vd_v",67001.8,1.23674
"cg_vd_v",67001.8,1.14665
"cg_vd_v",67001.8,1.01219
"cg_vd_v",67001.8,1.11649
"cg_vd_v",67001.8,1.25782
"cg_vd_v",67001.8,1.24234
"cg_vd_v",67001.8,1.0476
"cg_vd_v",67001.8,0.951252
"cg_vd_v",67001.8,1.10444
"cg_vd_v",67001.8,1.29419
"cg_vd_v",67001.9,1.22266
"cg_vd_v",67001.9,1.10087
"cg_vd_v",67001.9,1.06329
"cg_vd_v",67001.9,1.16045
"cg_vd_v",67001.9,1.20304
"cg_vd_v",67001.9,1.17063
"cg_vd_v",67001.9,1.15248
"cg_vd_v",67001.9,1.11908
"cg_vd_v",67001.9,1.10487
"cg_vd_v",67001.9,1.12977
"cg_vd_v",67002,1.17721
"cg_vd_v",67002,1.08199
"cg_vd_v",67002,1.10504
"cg_vd_v",67002,1.11313
"cg_vd_v",67002,1.22371
"cg_vd_v",67002,1.18851
"cg_vd_v",67002,1.09023
"cg_vd_v",67002,0.994193
"cg_vd_v",67002,1.1123
"cg_vd_v",67002,1.27055
"cg_vd_v",67002.1,1.20604
"cg_vd_v",67002.1,1.03213
"cg_vd_v",67002.1,0.960168
"cg_vd_v",67002.1,1.10191
"cg_vd_v",67002.1,1.26843
"cg_vd_v",67002.1,1.26881
"cg_vd_v",67002.1,1.17956
"cg_vd_v",67002.1,1.0575
"cg_vd_v",67002.1,1.11817
"cg_vd_v",67002.1,1.1853
"cg_vd_v",67002.2,1.21115
"cg_vd_v",67002.2,1.16556
"cg_vd_v",67002.2,1.16403
"cg_vd_v",67002.2,1.15023
"cg_vd_v",67002.2,1.13292
"cg_vd_v",67002.2,1.1196
"cg_vd_v",67002.2,1.15943
"cg_vd_v",67002.2,1.14585
"cg_vd_v",67002.2,1.09245
"cg_vd_v",67002.2,1.13739
"cg_vd_v",67002.2,1.1958
"cg_vd_v",67002.3,1.21973
"cg_vd_v",67002.3,1.17205
"cg_vd_v",67002.3,1.0385
"cg_vd_v",67002.3,1.06507
"cg_vd_v",67002.3,1.19514
"cg_vd_v",67002.3,1.19713
"cg_vd_v",67002.3,1.27603
"cg_vd_v",67002.3,1.10327
"cg_vd_v",67002.3,0.978773
"cg_vd_v",67002.4,1.02886
"cg_vd_v",67002.4,1.20851
"cg_vd_v",67002.4,1.31212
"cg_vd_v",67002.4,1.25476
"cg_vd_v",67002.4,1.14262
"cg_vd_v",67002.4,1.09419
"cg_vd_v",67002.4,1.11515
"cg_vd_v",67002.4,1.13523
"cg_vd_v",67002.4,1.21146
"cg_vd_v",67002.4,1.17359
"cg_vd_v",67002.5,1.1961
"cg_vd_v",67002.5,1.13662
"cg_vd_v",67002.5,1.17274
"cg_vd_v",67002.5,1.14256
"cg_vd_v",67002.5,1.1724
"cg_vd_v",67002.5,1.14582
"cg_vd_v",67002.5,1.13813
"cg_vd_v",67002.5,1.11385
"cg_vd_v",67002.5,1.11936
"cg_vd_v",67002.5,1.16732
"cg_vd_v",67002.6,1.2208
"cg_vd_v",67002.6,1.20033
"cg_vd_v",67002.6,1.12483
"cg_vd_v",67002.6,1.00844
"cg_vd_v",67002.6,1.05223
"cg_vd_v",67002.6,1.23135
"cg_vd_v",67002.6,1.33566
"cg_vd_v",67002.6,1.27491
"cg_vd_v",67002.6,1.10061
"cg_vd_v",67002.6,0.961409
"cg_vd_v",67002.7,1.05146
"cg_vd_v",67002.7,1.13924
"cg_vd_v",67002.7,1.29265
"cg_vd_v",67002.7,1.27302
"cg_vd_v",67002.7,1.19425
"cg_vd_v",67002.7,1.08997
"cg_vd_v",67002.7,1.0791
"cg_vd_v",67002.7,1.13681
"cg_vd_v",67002.7,1.18107
"cg_vd_v",67002.7,1.19091
"cg_vd_v",67002.8,1.20766
"cg_vd_v",67002.8,1.22222
"cg_vd_v",67002.8,1.18571
"cg_vd_v",67002.8,1.14025
"cg_vd_v",67002.8,1.15586
"cg_vd_v",67002.8,1.15932
"cg_vd_v",67002.8,1.1563
"cg_vd_v",67002.8,1.11971
"cg_vd_v",67002.8,1.15458
"cg_vd_v",67002.8,1.11789
"cg_vd_v",67002.9,1.12275
"cg_vd_v",67002.9,1.172
"cg_vd_v",67002.9,1.22853
"cg_vd_v",67002.9,1.28591
"cg_vd_v",67002.9,1.14488
"cg_vd_v",67002.9,1.06487
"cg_vd_v",67002.9,1.01769
"cg_vd_v",67002.9,1.05755
"cg_vd_v",67002.9,1.19547
"cg_vd_v",67002.9,1.32312
"cg_vd_v",67003,1.33239
"cg_vd_v",67003,1.1901
"cg_vd_v",67003,1.03102
"cg_vd_v",67003,0.939795
"cg_vd_v",67003,0.96825
"cg_vd_v",67003,1.10598
"cg_vd_v",67003,1.25333
"cg_vd_v",67003,1.30165
"cg_vd_v",67003,1.22229
"cg_vd_v",67003,1.16084
"cg_vd_v",67003.1,1.05337
"cg_vd_v",67003.1,1.00295
"cg_vd_v",67003.1,1.07713
"cg_vd_v",67003.1,1.13676
"cg_vd_v",67003.1,1.18953
"cg_vd_v",67003.1,1.16989
"cg_vd_v",67003.1,1.19747
"cg_vd_v",67003.1,1.12689
"cg_vd_v",67003.1,1.09504
"cg_vd_v",67003.1,1.0411
"cg_vd_v",67003.2,1.1225
"cg_vd_v",67003.2,1.13925
"cg_vd_v",67003.2,1.13322
"cg_vd_v",67003.2,1.10749
"cg_vd_v",67003.2,1.12592
"cg_vd_v",67003.2,1.11568
"cg_vd_v",67003.2,1.08483
"cg_vd_v",67003.2,1.07566
"cg_vd_v",67003.2,1.17189
"cg_vd_v",67003.2,1.2487
"cg_vd_v",67003.3,1.2705
"cg_vd_v",67003.3,1.22913
"cg_vd_v",67003.3,1.12919
"cg_vd_v",67003.3,1.02527
"cg_vd_v",67003.3,0.944694
"cg_vd_v",67003.3,0.990402
"cg_vd_v",67003.3,1.10355
"cg_vd_v",67003.3,1.28055
"cg_vd_v",67003.3,1.35772
"cg_vd_v",67003.3,1.34962
"cg_vd_v",67003.4,1.18018
"cg_vd_v",67003.4,0.938277
"cg_vd_v",67003.4,0.886311
"cg_vd_v",67003.4,0.897933
"cg_vd_v",67003.4,1.00049
"cg_vd_v",67003.4,1.14476
"cg_vd_v",67003.4,1.2713
"cg_vd_v",67003.4,1.31349
"cg_vd_v",67003.4,1.28134
"cg_vd_v",67003.4,1.14404
"cg_vd_v",67003.5,1.04429
"cg_vd_v",67003.5,0.993896
"cg_vd_v",67003.5,1.01524
"cg_vd_v",67003.5,1.06055
"cg_vd_v",67003.5,1.13024
"cg_vd_v",67003.5,1.11794
"cg_vd_v",67003.5,1.21622
"cg_vd_v",67003.5,1.14015
"cg_vd_v",67003.5,1.21085
"cg_vd_v",67003.5,1.15772
"cg_vd_v",67003.6,1.16352
"cg_vd_v",67003.6,1.13696
"cg_vd_v",67003.6,1.13509
"cg_vd_v",67003.6,1.14932
"cg_vd_v",67003.6,1.14207
"cg_vd_v",67003.6,1.18913
"cg_vd_v",67003.6,1.16093
"cg_vd_v",67003.6,1.16343
"cg_vd_v",67003.6,1.14809
"cg_vd_v",67003.6,1.1159
"cg_vd_v",67003.6,1.07578
"cg_vd_v",67003.7,1.12676
"cg_vd_v",67003.7,1.12985
"cg_vd_v",67003.7,1.17247
"cg_vd_v",67003.7,1.24688
"cg_vd_v",67003.7,1.29243
"cg_vd_v",67003.7,1.29113
"cg_vd_v",67003.7,1.25726
"cg_vd_v",67003.7,1.05874
"cg_vd_v",67003.7,1.0547
"cg_vd_v",67003.7,0.948977
"cg_vd_v",67003.8,0.977018
"cg_vd_v",67003.8,1.08192
"cg_vd_v",67003.8,1.23269
"cg_vd_v",67003.8,1.35263
"cg_vd_v",67003.8,1.45066
"cg_vd_v",67003.8,1.39529
"cg_vd_v",67003.8,1.35703
"cg_vd_v",67003.8,1.16389
"cg_vd_v",67003.8,1.0296
"cg_vd_v",67003.8,0.917721
"cg_vd_v",67003.9,0.882715
"cg_vd_v",67003.9,0.936931
"cg_vd_v",67003.9,1.05618
"cg_vd_v",67003.9,1.25733
"cg_vd_v",67003.9,1.3329
"cg_vd_v",67003.9,1.40936
"cg_vd_v",67003.9,1.3848
"cg_vd_v",67003.9,1.23764
"cg_vd_v",67003.9,1.27011
"cg_vd_v",67003.9,1.05274
"cg_vd_v",67004,0.996934
"cg_vd_v",67004,0.972422
"cg_vd_v",67004,1.02126
"cg_vd_v",67004,1.05635
"cg_vd_v",67004,1.11175
"cg_vd_v",67004,1.20846
"cg_vd_v",67004,1.2378
"cg_vd_v",67004,1.26159
"cg_vd_v",67004,1.23424
"cg_vd_v",67004,1.20856
"cg_vd_v",67004.1,1.18015
"cg_vd_v",67004.1,1.18595
"cg_vd_v",67004.1,1.15299
"cg_vd_v",67004.1,1.14229
"cg_vd_v",67004.1,1.15494
"cg_vd_v",67004.1,1.12853
"cg_vd_v",67004.1,1.0983
"cg_vd_v",67004.1,1.10893
"cg_vd_v",67004.1,1.08721
"cg_vd_v",67004.1,1.15441
"cg_vd_v",67004.2,1.1618
"cg_vd_v",67004.2,1.22045
"cg_vd_v",67004.2,1.17971
"cg_vd_v",67004.2,1.15371
"cg_vd_v",67004.2,1.13373
"cg_vd_v",67004.2,1.10824
"cg_vd_v",67004.2,1.08314
"cg_vd_v",67004.2,1.07042
"cg_vd_v",67004.2,1.07583
"cg_vd_v",67004.2,1.13691
"cg_vd_v",67004.3,1.16491
"cg_vd_v",67004.3,1.23823
"cg_vd_v",67004.3,1.28159
"cg_vd_v",67004.3,1.34656
"cg_vd_v",67004.3,1.33927
"cg_vd_v",67004.3,1.26012
"cg_vd_v",67004.3,1.20341
"cg_vd_v",67004.3,1.07422
"cg_vd_v",67004.3,0.974059
"cg_vd_v",67004.3,0.868693
"cg_vd_v",67004.4,0.838473
"cg_vd_v",67004.4,0.841685
"cg_vd_v",67004.4,0.857484
"cg_vd_v",67004.4,0.985702
"cg_vd_v",67004.4,1.08342
"cg_vd_v",67004.4,1.2323
"cg_vd_v",67004.4,1.36415
"cg_vd_v",67004.4,1.44377
"cg_vd_v",67004.4,1.49707
"cg_vd_v",67004.4,1.45487
"cg_vd_v",67004.5,1.29595
"cg_vd_v",67004.5,1.25446
"cg_vd_v",67004.5,1.14951
"cg_vd_v",67004.5,0.932701
"cg_vd_v",67004.5,0.868006
"cg_vd_v",67004.5,0.756812
"cg_vd_v",67004.5,0.711038
"cg_vd_v",67004.5,0.750372
"cg_vd_v",67004.5,0.833851
"cg_vd_v",67004.5,0.923771
"cg_vd_v",67004.6,1.09814
"cg_vd_v",67004.6,1.17351
"cg_vd_v",67004.6,1.33743
"cg_vd_v",67004.6,1.43199
"cg_vd_v",67004.6,1.48266
"cg_vd_v",67004.6,1.50356
"cg_vd_v",67004.6,1.46055
"cg_vd_v",67004.6,1.3946
"cg_vd_v",67004.6,1.29624
"cg_vd_v",67004.6,1.21517
"cg_vd_v",67004.7,1.09874
"cg_vd_v",67004.7,0.992709
"cg_vd_v",67004.7,0.962843
"cg_vd_v",67004.7,0.963158
"cg_vd_v",67004.7,0.835395
"cg_vd_v",67004.7,0.926711
"cg_vd_v",67004.8,0.892636
"cg_vd_v",67004.8,0.957413
"cg_vd_v",67004.8,1.03904
"cg_vd_v",67004.8,1.06576
"cg_vd_v",67004.8,1.17267
"cg_vd_v",67004.8,1.21521
"cg_vd_v",67004.9,1.22218
"cg_vd_v",67004.9,1.27687
"cg_vd_v",67004.9,1.31415
"cg_vd_v",67004.9,1.29144
"cg_vd_v",67004.9,1.30427
"cg_vd_v",67004.9,1.29777
"cg_vd_v",67004.9,1.32168
"cg_vd_v",67004.9,1.14954
"cg_vd_v",67005,1.18536
"cg_vd_v",67005,1.15471
"cg_vd_v",67005,1.18259
"cg_vd_v",67005,1.15779
"cg_vd_v",67005,1.06964
"cg_vd_v",67005.1,1.14779
"cg_vd_v",67005.1,1.06394
"cg_vd_v",67005.1,1.09009
"cg_vd_v",67005.1,1.11837
"cg_vd_v",67005.1,1.09627
"cg_vd_v",67005.1,1.1077
"cg_vd_v",67005.1,1.18278
"cg_vd_v",67005.1,1.19037
"cg_vd_v",67005.1,1.15396
"cg_vd_v",67005.1,1.18637
"cg_vd_v",67005.2,1.13911
"cg_vd_v",67005.2,1.08161
"cg_vd_v",67005.2,1.14536
"cg_vd_v",67005.2,1.13221
"cg_vd_v",67005.2,1.09732
"cg_vd_v",67005.2,1.08348
"cg_vd_v",67005.2,1.01415
"cg_vd_v",67005.2,0.996187
"cg_vd_v",67005.2,0.994933
"cg_vd_v",67005.2,0.964045
"cg_vd_v",67005.2,0.85803
"cg_vd_v",67005.3,0.931523
"cg_vd_v",67005.3,0.954464
"cg_vd_v",67005.3,0.905134
"cg_vd_v",67005.3,0.943614
"cg_vd_v",67005.3,1.01128
"cg_vd_v",67005.3,0.979367
"cg_vd_v",67005.3,0.999916
"cg_vd_v",67005.3,1.0592
"cg_vd_v",67005.3,1.11502
"cg_vd_v",67005.3,1.18309
"cg_vd_v",67005.3,1.27291
"cg_vd_v",67005.4,1.34466
"cg_vd_v",67005.4,1.32999
"cg_vd_v",67005.4,1.43204
"cg_vd_v",67005.4,1.49216
"cg_vd_v",67005.4,1.50841
"cg_vd_v",67005.4,1.54626
"cg_vd_v",67005.4,1.57796
"cg_vd_v",67005.4,1.57716
"cg_vd_v",67005.4,1.57176
"cg_vd_v",67005.4,1.57178
"cg_vd_v",67005.4,1.51261
"cg_vd_v",67005.5,1.47659
"cg_vd_v",67005.5,1.38298
"cg_vd_v",67005.5,1.35884
"cg_vd_v",67005.5,1.28991
"cg_vd_v",67005.5,1.25076
"cg_vd_v",67005.5,1.10155
"cg_vd_v",67005.5,1.01912
"cg_vd_v",67005.5,0.947118
"cg_vd_v",67005.5,0.816366
"cg_vd_v",67005.5,0.69958
"cg_vd_v",67005.5,0.601668
"cg_vd_v",67005.5,0.500708
"cg_vd_v",67005.6,0.420501
"cg_vd_v",67005.6,0.323171
"cg_vd_v",67005.6,0.281919
"cg_vd_v",67005.6,0.2096
"cg_vd_v",67005.6,0.138667
"cg_vd_v",67005.6,0.0802015
"cg_vd_v",67005.6,0.0348626
"cg_vd_v",67005.6,-0.00744777
"cg_vd_v",67005.6,0.00739154
"cg_vd_v",67005.6,-0.0226017
"cg_vd_v",67005.6,-0.00830629
"cg_vd_v",67005.7,-0.0189922
"cg_vd_v",67005.7,0.036201
"cg_vd_v",67005.7,0.0658676
"cg_vd_v",67005.7,0.142782
"cg_vd_v",67005.7,0.139825
"cg_vd_v",67005.7,0.296378
"cg_vd_v",67005.7,0.267776
"cg_vd_v",67005.7,0.392216
"cg_vd_v",67005.7,0.46687
"cg_vd_v",67005.7,0.565605
"cg_vd_v",67005.7,0.704927
"cg_vd_v",67005.8,0.806594
"cg_vd_v",67005.8,0.928046
"cg_vd_v",67005.8,1.05289
"cg_vd_v",67005.8,1.16591
"cg_vd_v",67005.8,1.30079
"cg_vd_v",67005.8,1.40203
"cg_vd_v",67005.8,1.4896
"cg_vd_v",67005.8,1.68791
"cg_vd_v",67005.8,1.83708
"cg_vd_v",67005.8,1.94895
"cg_vd_v",67005.8,2.08788
"cg_vd_v",67005.9,2.20801
"cg_vd_v",67005.9,2.34517
"cg_vd_v",67005.9,2.49649
"cg_vd_v",67005.9,2.58242
"cg_vd_v",67005.9,2.75465
"cg_vd_v",67005.9,2.89536
"cg_vd_v",67005.9,3.0345
"cg_vd_v",67005.9,3.14598
"cg_vd_v",67005.9,3.25679
"cg_vd_v",67005.9,3.39224
"cg_vd_v",67005.9,3.54976
"cg_vd_v",67006,3.67386
"cg_vd_v",67006,3.76666
"cg_vd_v",67006,3.91564
"cg_vd_v",67006,4.04692
"cg_vd_v",67006,4.15268
"cg_vd_v",67006,4.28591
"cg_vd_v",67006,4.38623
"cg_vd_v",67006,4.52426
"cg_vd_v",67006,4.63141
"cg_vd_v",67006,4.81499
"cg_vd_v",67006.1,4.9315
"cg_vd_v",67006.1,5.04933
"cg_vd_v",67006.1,5.17009
"cg_vd_v",67006.1,5.32193
"cg_vd_v",67006.1,5.43722
"cg_vd_v",67006.1,5.58353
"cg_vd_v",67006.1,5.70075
"cg_vd_v",67006.1,5.85123
"cg_vd_v",67006.1,5.99423
"cg_vd_v",67006.1,6.10294
"cg_vd_v",67006.2,6.20656
"cg_vd_v",67006.2,6.37725
"cg_vd_v",67006.2,6.48216
"cg_vd_v",67006.2,6.66064
"cg_vd_v",67006.2,6.76905
"cg_vd_v",67006.2,6.91598
"cg_vd_v",67006.2,7.07336
"cg_vd_v",67006.2,7.22878
"cg_vd_v",67006.2,7.3192
"cg_vd_v",67006.2,7.46296
"cg_vd_v",67006.3,7.58697
"cg_vd_v",67006.3,7.75879
"cg_vd_v",67006.3,7.88906
"cg_vd_v",67006.3,8.02987
"cg_vd_v",67006.3,8.12865
"cg_vd_v",67006.3,8.28983
"cg_vd_v",67006.3,8.4355
"cg_vd_v",67006.3,8.53771
"cg_vd_v",67006.3,8.65351
"cg_vd_v",67006.3,8.81048
"cg_vd_v",67006.4,8.93811
"cg_vd_v",67006.4,9.09047
"cg_vd_v",67006.4,9.17822
"cg_vd_v",67006.4,9.36168
"cg_vd_v",67006.4,9.49643
"cg_vd_v",67006.4,9.62278
"cg_vd_v",67006.4,9.77817
"cg_vd_v",67006.4,9.86174
"cg_vd_v",67006.4,10.0216
"cg_vd_v",67006.4,10.14
"cg_vd_v",67006.5,10.284
"cg_vd_v",67006.5,10.4395
"cg_vd_v",67006.5,10.5269
"cg_vd_v",67006.5,10.7103
"cg_vd_v",67006.5,10.8313
"cg_vd_v",67006.5,10.9919
"cg_vd_v",67006.5,11.1434
"cg_vd_v",67006.5,11.2642
"cg_vd_v",67006.5,11.4027
"cg_vd_v",67006.5,11.4995
"cg_vd_v",67006.6,11.6392
"cg_vd_v",67006.6,11.8288
"cg_vd_v",67006.6,11.8746
"cg_vd_v",67006.6,12.0206
"cg_vd_v",67006.6,12.132
"cg_vd_v",67006.6,12.2812
"cg_vd_v",67006.6,12.4255
"cg_vd_v",67006.6,12.5469
"cg_vd_v",67006.6,12.6753
"cg_vd_v",67006.6,12.7946
"cg_vd_v",67006.7,12.9367
"cg_vd_v",67006.7,13.066
"cg_vd_v",67006.7,13.1941
"cg_vd_v",67006.7,13.3238
"cg_vd_v",67006.7,13.4689
"cg_vd_v",67006.7,13.6043
"cg_vd_v",67006.7,13.7401
"cg_vd_v",67006.7,13.8615
"cg_vd_v",67006.7,13.9782
"cg_vd_v",67006.8,14.1256
"cg_vd_v",67006.8,14.274
"cg_vd_v",67006.8,14.3758
"cg_vd_v",67006.8,14.5291
"cg_vd_v",67006.8,14.6493
"cg_vd_v",67006.8,14.7587
"cg_vd_v",67006.8,14.8973
"cg_vd_v",67006.8,15.0623
"cg_vd_v",67006.8,15.1674
"cg_vd_v",67006.8,15.294
"cg_vd_v",67006.9,15.4963
"cg_vd_v",67006.9,15.5568
"cg_vd_v",67006.9,15.6537
"cg_vd_v",67006.9,15.8386
"cg_vd_v",67006.9,15.9335
"cg_vd_v",67006.9,16.076
"cg_vd_v",67006.9,16.2124
"cg_vd_v",67006.9,16.3389
"cg_vd_v",67006.9,16.5009
"cg_vd_v",67006.9,16.63
"cg_vd_v",67006.9,16.7449
"cg_vd_v",67007,16.8709
"cg_vd_v",67007,16.9902
"cg_vd_v",67007,17.1182
"cg_vd_v",67007,17.2469
"cg_vd_v",67007,17.416
"cg_vd_v",67007,17.5528
"cg_vd_v",67007,17.6501
"cg_vd_v",67007,17.7934
"cg_vd_v",67007,17.8886
"cg_vd_v",67007,18.1
"cg_vd_v",67007.1,18.1934
"cg_vd_v",67007.1,18.3211
"cg_vd_v",67007.1,18.487
"cg_vd_v",67007.1,18.6556
"cg_vd_v",67007.1,18.74
"cg_vd_v",67007.1,18.8888
"cg_vd_v",67007.1,19.0475
"cg_vd_v",67007.1,19.1417
"cg_vd_v",67007.1,19.3142
"cg_vd_v",67007.1,19.4534
"cg_vd_v",67007.2,19.5385
"cg_vd_v",67007.2,19.7013
"cg_vd_v",67007.2,19.8598
"cg_vd_v",67007.2,19.9841
"cg_vd_v",67007.2,20.1512
"cg_vd_v",67007.2,20.2541
"cg_vd_v",67007.2,20.4316
"cg_vd_v",67007.2,20.563
"cg_vd_v",67007.2,20.6807
"cg_vd_v",67007.2,20.8206
"cg_vd_v",67007.3,20.9612
"cg_vd_v",67007.3,21.093
"cg_vd_v",67007.3,21.1884
"cg_vd_v",67007.3,21.3581
"cg_vd_v",67007.3,21.5178
"cg_vd_v",67007.3,21.632
"cg_vd_v",67007.3,21.7873
"cg_vd_v",67007.3,21.892
"cg_vd_v",67007.3,22.063
"cg_vd_v",67007.4,22.1826
"cg_vd_v",67007.4,22.3142
"cg_vd_v",67007.4,22.4733
"cg_vd_v",67007.4,22.5828
"cg_vd_v",67007.4,22.722
"cg_vd_v",67007.4,22.8624
"cg_vd_v",67007.4,22.9938
"cg_vd_v",67007.4,23.1108
"cg_vd_v",67007.4,23.2465
"cg_vd_v",67007.4,23.3968
"cg_vd_v",67007.5,23.5823
"cg_vd_v",67007.5,23.6367
"cg_vd_v",67007.5,23.7994
"cg_vd_v",67007.5,23.948
"cg_vd_v",67007.5,24.0482
"cg_vd_v",67007.5,24.2092
"cg_vd_v",67007.5,24.3382
"cg_vd_v",67007.5,24.5088
"cg_vd_v",67007.5,24.6331
"cg_vd_v",67007.5,24.7909
"cg_vd_v",67007.5,24.9338
"cg_vd_v",67007.6,25.0556
"cg_vd_v",67007.6,25.2082
"cg_vd_v",67007.6,25.3242
"cg_vd_v",67007.6,25.4772
"cg_vd_v",67007.6,25.5811
"cg_vd_v",67007.6,25.723
"cg_vd_v",67007.6,25.8944
"cg_vd_v",67007.6,25.966
"cg_vd_v",67007.6,26.1216
"cg_vd_v",67007.6,26.2636
"cg_vd_v",67007.7,26.3842
"cg_vd_v",67007.7,26.5496
"cg_vd_v",67007.7,26.6557
"cg_vd_v",67007.7,26.8239
"cg_vd_v",67007.7,26.941
"cg_vd_v",67007.7,27.0825
"cg_vd_v",67007.7,27.2088
"cg_vd_v",67007.7,27.3703
"cg_vd_v",67007.7,27.4953
"cg_vd_v",67007.8,27.6234
"cg_vd_v",67007.8,27.7891
"cg_vd_v",67007.8,27.9063
"cg_vd_v",67007.8,28.0451
"cg_vd_v",67007.8,28.181
"cg_vd_v",67007.8,28.3244
"cg_vd_v",67007.8,28.471
"cg_vd_v",67007.8,28.6045
"cg_vd_v",67007.8,28.6877
"cg_vd_v",67007.8,28.8768
"cg_vd_v",67007.9,29.0252
"cg_vd_v",67007.9,29.1641
"cg_vd_v",67007.9,29.2605
"cg_vd_v",67007.9,29.3765
"cg_vd_v",67007.9,29.576
"cg_vd_v",67007.9,29.6794
"cg_vd_v",67007.9,29.8196
"cg_vd_v",67007.9,29.9254
"cg_vd_v",67007.9,30.0518
"cg_vd_v",67007.9,30.2123
"cg_vd_v",67007.9,30.3435
"cg_vd_v",67008,30.5048
"cg_vd_v",67008,30.6529
"cg_vd_v",67008,30.7715
"cg_vd_v",67008,30.9195
"cg_vd_v",67008,31.029
"cg_vd_v",67008,31.161
"cg_vd_v",67008,31.303
"cg_vd_v",67008,31.478
"cg_vd_v",67008,31.5889
"cg_vd_v",67008,31.7161
"cg_vd_v",67008.1,31.8366
"cg_vd_v",67008.1,31.9786
"cg_vd_v",67008.1,32.149
"cg_vd_v",67008.1,32.2596
"cg_vd_v",67008.1,32.3642
"cg_vd_v",67008.1,32.5158
"cg_vd_v",67008.1,32.6489
"cg_vd_v",67008.1,32.8001
"cg_vd_v",67008.1,32.8453
"cg_vd_v",67008.1,32.8453
"cg_vd_v",67008.2,32.8453
"cg_vd_v",67008.2,32.8453
"cg_vd_v",67008.2,32.8453
"cg_vd_v",67008.2,32.8453
"cg_vd_v",67008.2,32.8453
"cg_vd_v",67008.2,32.8453
"cg_vd_v",67008.2,32.8453
"cg_vd_v",67008.2,32.8453
"cg_vd_v",67008.2,32.8453
"cg_vd_v",67008.2,32.8453
"cg_vd_v",67008.3,32.8453
"cg_vd_v",67008.3,32.8453
"cg_vd_v",67008.3,32.8453
"cg_vd_v",67008.3,32.8453
"cg_vd_v",67008.3,32.8453
"cg_vd_v",67008.3,32.8453
"cg_vd_v",67008.3,32.8453
"cg_vd_v",67008.3,32.8453
"cg_vd_v",67008.3,32.8453
"cg_vd_v",67008.3,32.8453
"cg_vd_v",67008.4,32.8453
"cg_vd_v",67008.4,32.8453
"cg_vd_v",67008.4,32.8453
"cg_vd_v",67008.4,32.8453
"cg_vd_v",67008.4,32.8453
"cg_vd_v",67008.4,32.8453
"cg_vd_v",67008.4,32.8453
"cg_vd_v",67008.4,32.8453
"cg_vd_v",67008.4,32.8453
"cg_vd_v",67008.4,32.8453
"cg_vd_v",67008.5,32.8453
"cg_vd_v",67008.5,32.8453
"cg_vd_v",67008.5,32.8453
"cg_vd_v",67008.5,32.8453
"cg_vd_v",67008.5,32.8453
"cg_vd_v",67008.5,32.8453
"cg_vd_v",67008.5,32.8453
"cg_vd_v",67008.5,32.8453
"cg_vd_v",67008.5,32.8453
"cg_vd_v",67008.5,32.8453
"cg_vd_v",67008.6,32.8453
"cg_vd_v",67008.6,32.8453
"cg_vd_v",67008.6,32.8453
"cg_vd_v",67008.6,32.8453
"cg_vd_v",67008.6,32.8453
"cg_vd_v",67008.6,32.8453
"cg_vd_v",67008.6,32.8453
"cg_vd_v",67008.6,32.8453
"cg_vd_v",67008.6,32.8453
"cg_vd_v",67008.6,32.8453
"cg_vd_v",67008.7,32.8453
"cg_vd_v",67008.7,32.8453
"cg_vd_v",67008.7,32.8453
"cg_vd_v",67008.7,32.8453
"cg_vd_v",67008.7,32.8453
"cg_vd_v",67008.7,32.8453
"cg_vd_v",67008.7,32.8453
"cg_vd_v",67008.7,32.8453
"cg_vd_v",67008.7,32.8453
"cg_vd_v",67008.8,32.8453
"cg_vd_v",67008.8,32.8453
"cg_vd_v",67008.8,32.8453
"cg_vd_v",67008.8,32.8453
"cg_vd_v",67008.8,32.8453
"cg_vd_v",67008.8,32.8453
"cg_vd_v",67008.8,32.8453
"cg_vd_v",67008.8,32.8453
"cg_vd_v",67008.8,32.8453
"cg_vd_v",67008.8,32.8453
"cg_vd_v",67008.9,32.8453
"cg_vd_v",67008.9,32.8453
"cg_vd_v",67008.9,32.8453
"cg_vd_v",67008.9,32.8453
"cg_vd_v",67008.9,32.8453
"cg_vd_v",67008.9,32.8453
"cg_vd_v",67008.9,32.8453
"cg_vd_v",67008.9,32.8453
"cg_vd_v",67008.9,32.8453
"cg_vd_v",67008.9,32.8453
"cg_vd_v",67009,32.8453
"cg_vd_v",67009,32.8453
"cg_vd_v",67009,32.8453
"cg_vd_v",67009,32.8453
"cg_vd_v",67009,32.8453
"cg_vd_v",67009,32.8453
"cg_vd_v",67009,32.8453
"cg_vd_v",67009,32.8453
"cg_vd_v",67009,32.8453
"cg_vd_v",67009,32.8453
"cg_vd_v",67009.1,32.8453
"cg_vd_v",67009.1,32.8453
"cg_vd_v",67009.1,32.8453
"cg_vd_v",67009.1,32.8453
"cg_vd_v",67009.1,32.8453
"cg_vd_v",67009.1,32.8453
"cg_vd_v",67009.1,32.8453
"cg_vd_v",67009.1,32.8453
"cg_vd_v",67009.1,32.8453
"cg_vd_v",67009.1,32.8453
"cg_vd_v",67009.2,32.8453
"cg_vd_v",67009.2,32.8453
"cg_vd_v",67009.2,32.8453
"cg_vd_v",67009.2,32.8453
"cg_vd_v",67009.2,32.8453
"cg_vd_v",67009.2,32.8453
"cg_vd_v",67009.2,32.8453
"cg_vd_v",67009.2,32.8453
"cg_vd_v",67009.2,32.8453
"cg_vd_v",67009.2,32.8453
"cg_vd_v",67009.2,32.8453
"cg_vd_v",67009.3,32.8453
"cg_vd_v",67009.3,32.8453
"cg_vd_v",67009.3,32.8453
"cg_vd_v",67009.3,32.8453
"cg_vd_v",67009.3,32.8453
"cg_vd_v",67009.3,32.8453
"cg_vd_v",67009.3,32.8453
"cg_vd_v",67009.3,32.8453
"cg_vd_v",67009.3,32.8453
"cg_vd_v",67009.4,32.8453
"cg_vd_v",67009.4,32.8453
"cg_vd_v",67009.4,32.8453
"cg_vd_v",67009.4,32.8453
"cg_vd_v",67009.4,32.8453
"cg_vd_v",67009.4,32.8453
"cg_vd_v",67009.4,32.8453
"cg_vd_v",67009.4,32.8453
"cg_vd_v",67009.4,32.8453
"cg_vd_v",67009.4,32.8453
"cg_vd_v",67009.5,32.8453
"cg_vd_v",67009.5,32.8453
"cg_vd_v",67009.5,32.8453
"cg_vd_v",67009.5,32.8453
"cg_vd_v",67009.5,32.8453
"cg_vd_v",67009.5,32.8453
"cg_vd_v",67009.5,32.8453
"cg_vd_v",67009.5,32.8453
"cg_vd_v",67009.5,32.8453
"cg_vd_v",67009.5,32.8453
"cg_vd_v",67009.6,32.8453
"cg_vd_v",67009.6,32.8453
"cg_vd_v",67009.6,32.8453
"cg_vd_v",67009.6,32.8453
"cg_vd_v",67009.6,32.8453
"cg_vd_v",67009.6,32.8453
"cg_vd_v",67009.6,32.8453
"cg_vd_v",67009.6,32.8453
"cg_vd_v",67009.6,32.8453
"cg_vd_v",67009.6,32.8453
"cg_vd_v",67009.6,32.8453
"cg_vd_v",67009.7,32.8453
"cg_vd_v",67009.7,32.8453
"cg_vd_v",67009.7,32.8453
"cg_vd_v",67009.7,32.8453
"cg_vd_v",67009.7,32.8453
"cg_vd_v",67009.7,32.8453
"cg_vd_v",67009.7,32.8453
"cg_vd_v",67009.7,32.8453
"cg_vd_v",67009.8,32.8453
"cg_vd_v",67009.8,32.8453
"cg_vd_v",67009.8,32.8453
"cg_vd_v",67009.8,32.8453
"cg_vd_v",67009.8,32.8453
"cg_vd_v",67009.8,32.8453
"cg_vd_v",67009.8,32.8453
"cg_vd_v",67009.8,32.8453
"cg_vd_v",67009.8,32.8453
"cg_vd_v",67009.8,32.8453
"cg_vd_v",67009.8,32.8453
"cg_vd_v",67009.9,32.8453
"cg_vd_v",67009.9,32.8453
"cg_vd_v",67009.9,32.8453
"cg_vd_v",67009.9,32.8453
"cg_vd_v",67009.9,32.8453
"cg_vd_v",67009.9,32.8453
"cg_vd_v",67009.9,32.8453
"cg_vd_v",67009.9,32.8453
"cg_vd_v",67009.9,32.8453
"cg_vd_v",67009.9,32.8453
"cg_vd_v",67010,32.8453
"cg_vd_v",67010,32.8453
"cg_vd_v",67010,32.8453
"cg_vd_v",67010,32.8453
"cg_vd_v",67010,32.8453
"cg_vd_v",67010,32.8453
"cg_vd_v",67010,32.8453
"cg_vd_v",67010,32.8453
"cg_vd_v",67010,32.8453
"cg_vd_v",67010,32.8453
"cg_vd_v",67010.1,32.8453
"cg_vd_v",67010.1,32.8453
"cg_vd_v",67010.1,32.8453
"cg_vd_v",67010.1,32.8453
"cg_vd_v",67010.1,32.8453
"cg_vd_v",67010.1,32.8453
"cg_vd_v",67010.1,32.8453
"cg_vd_v",67010.1,32.8453
"cg_vd_v",67010.1,32.8453
"cg_vd_v",67010.1,32.8453
"cg_vd_v",67010.2,32.8453
"cg_vd_v",67010.2,32.8453
"cg_vd_v",67010.2,32.8453
"cg_vd_v",67010.2,32.8453
"cg_vd_v",67010.2,32.8453
"cg_vd_v",67010.2,32.8453
"cg_vd_v",67010.2,32.8453
"cg_vd_v",67010.2,32.8453
"cg_vd_v",67010.2,32.8453
"cg_vd_v",67010.2,32.8453
"cg_vd_v",67010.3,32.8453
"cg_vd_v",67010.3,32.8453
"cg_vd_v",67010.3,32.8453
"cg_vd_v",67010.3,32.8453
"cg_vd_v",67010.3,32.8453
"cg_vd_v",67010.3,32.8453
"cg_vd_v",67010.3,32.8453
"cg_vd_v",67010.3,32.8453
"cg_vd_v",67010.3,32.8453
"cg_vd_v",67010.4,32.8453
"cg_vd_v",67010.4,32.8453
"cg_vd_v",67010.4,32.8453
"cg_vd_v",67010.4,32.8453
"cg_vd_v",67010.4,32.8453
"cg_vd_v",67010.4,32.8453
"cg_vd_v",67010.4,32.8453
"cg_vd_v",67010.4,32.8453
"cg_vd_v",67010.4,32.8453
"cg_vd_v",67010.4,32.8453
"cg_vd_v",67010.4,32.8453
"cg_vd_v",67010.5,32.8453
"cg_vd_v",67010.5,32.8453
"cg_vd_v",67010.5,32.8453
"cg_vd_v",67010.5,32.8453
"cg_vd_v",67010.5,32.8453
"cg_vd_v",67010.5,32.8453
"cg_vd_v",67010.5,32.8453
"cg_vd_v",67010.5,32.8453
"cg_vd_v",67010.5,32.8453
"cg_vd_v",67010.5,32.8453
"cg_vd_v",67010.6,32.8453
"cg_vd_v",67010.6,32.8453
"cg_vd_v",67010.6,32.8453
"cg_vd_v",67010.6,32.8453
"cg_vd_v",67010.6,32.8453
"cg_vd_v",67010.6,32.8453
"cg_vd_v",67010.6,32.8453
"cg_vd_v",67010.6,32.8453
"cg_vd_v",67010.6,32.8453
"cg_vd_v",67010.6,32.8453
"cg_vd_v",67010.7,32.8453
"cg_vd_v",67010.7,32.8453
"cg_vd_v",67010.7,32.8453
"cg_vd_v",67010.7,32.8453
"cg_vd_v",67010.7,32.8453
"cg_vd_v",67010.7,32.8453
"cg_vd_v",67010.7,32.8453
"cg_vd_v",67010.7,32.8453
"cg_vd_v",67010.7,32.8453
"cg_vd_v",67010.8,32.8453
"cg_vd_v",67010.8,32.8453
"cg_vd_v",67010.8,32.8453
"cg_vd_v",67010.8,32.8453
"cg_vd_v",67010.8,32.8453
"cg_vd_v",67010.8,32.8453
"cg_vd_v",67010.8,32.8453
"cg_vd_v",67010.8,32.8453
"cg_vd_v",67010.8,32.8453
"cg_vd_v",67010.8,32.8453
"cg_vd_v",67010.8,32.8453
"cg_vd_v",67010.9,32.8453
"cg_vd_v",67010.9,32.8453
"cg_vd_v",67010.9,32.8453
"cg_vd_v",67010.9,32.8453
"cg_vd_v",67010.9,32.8453
"cg_vd_v",67010.9,32.8453
"cg_vd_v",67010.9,32.8453
"cg_vd_v",67010.9,32.8453
"cg_vd_v",67010.9,32.8453
"cg_vd_v",67010.9,32.8453
"cg_vd_v",67011,32.8453
"cg_vd_v",67011,32.8453
"cg_vd_v",67011,32.8453
"cg_vd_v",67011,32.8453
"cg_vd_v",67011,32.8453
"cg_vd_v",67011,32.8453
"cg_vd_v",67011,32.8453
"cg_vd_v",67011,32.8453
"cg_vd_v",67011,32.8453
"cg_vd_v",67011,32.8453
"cg_vd_v",67011.1,32.8453
"cg_vd_v",67011.1,32.8453
"cg_vd_v",67011.1,32.8453
"cg_vd_v",67011.1,32.8453
"cg_vd_v",67011.1,32.8453
"cg_vd_v",67011.1,32.8453
"cg_vd_v",67011.1,32.8453
"cg_vd_v",67011.1,32.8453
"cg_vd_v",67011.1,32.8453
"cg_vd_v",67011.1,32.8453
"cg_vd_v",67011.2,32.8453
"cg_vd_v",67011.2,32.8453
"cg_vd_v",67011.2,32.8453
"cg_vd_v",67011.2,32.8453
"cg_vd_v",67011.2,32.8453
"cg_vd_v",67011.2,32.8453
"cg_vd_v",67011.2,32.8453
"cg_vd_v",67011.2,32.8453
"cg_vd_v",67011.2,32.8453
"cg_vd_v",67011.2,32.8453
"cg_vd_v",67011.3,32.8453
"cg_vd_v",67011.3,32.8453
"cg_vd_v",67011.3,32.8453
"cg_vd_v",67011.3,32.8453
"cg_vd_v",67011.3,32.8453
"cg_vd_v",67011.3,32.8453
"cg_vd_v",67011.3,32.8453
"cg_vd_v",67011.3,32.8453
"cg_vd_v",67011.3,32.8453
"cg_vd_v",67011.4,32.8453
"cg_vd_v",67011.4,32.8453
"cg_vd_v",67011.4,32.8453
"cg_vd_v",67011.4,32.8453
"cg_vd_v",67011.4,32.8453
"cg_vd_v",67011.4,32.8453
"cg_vd_v",67011.4,32.8453
"cg_vd_v",67011.4,32.8453
"cg_vd_v",67011.4,32.8453
"cg_vd_v",67011.4,32.8453
"cg_vd_v",67011.5,32.8453
"cg_vd_v",67011.5,32.8453
"cg_vd_v",67011.5,32.8453
"cg_vd_v",67011.5,32.8453
"cg_vd_v",67011.5,32.8453
"cg_vd_v",67011.5,32.8453
"cg_vd_v",67011.5,32.8453
"cg_vd_v",67011.5,32.8453
"cg_vd_v",67011.5,32.8453
"cg_vd_v",67011.5,32.8453
"cg_vd_v",67011.5,32.8453
"cg_vd_v",67011.6,32.8453
"cg_vd_v",67011.6,32.8453
"cg_vd_v",67011.6,32.8453
"cg_vd_v",67011.6,32.8453
"cg_vd_v",67011.6,32.8453
"cg_vd_v",67011.6,32.8453
"cg_vd_v",67011.6,32.8453
"cg_vd_v",67011.6,32.8453
"cg_vd_v",67011.6,32.8453
"cg_vd_v",67011.6,32.8453
"cg_vd_v",67011.7,32.8453
"cg_vd_v",67011.7,32.8453
"cg_vd_v",67011.7,32.8453
"cg_vd_v",67011.7,32.8453
"cg_vd_v",67011.7,32.8453
"cg_vd_v",67011.7,32.8453
"cg_vd_v",67011.7,32.8453
"cg_vd_v",67011.7,32.8453
"cg_vd_v",67011.7,32.8453
"cg_vd_v",67011.8,32.8453
"cg_vd_v",67011.8,32.8453
"cg_vd_v",67011.8,32.8453
"cg_vd_v",67011.8,32.8453
"cg_vd_v",67011.8,32.8453
"cg_vd_v",67011.8,32.8453
"cg_vd_v",67011.8,32.8453
"cg_vd_v",67011.8,32.8453
"cg_vd_v",67011.8,32.8453
"cg_vd_v",67011.8,32.8453
"cg_vd_v",67011.9,32.8453
"cg_vd_v",67011.9,32.8453
"cg_vd_v",67011.9,32.8453
"cg_vd_v",67011.9,32.8453
"cg_vd_v",67011.9,32.8453
"cg_vd_v",67011.9,32.8453
"cg_vd_v",67011.9,32.8453
"cg_vd_v",67011.9,32.8453
"cg_vd_v",67011.9,32.8453
"cg_vd_v",67011.9,32.8453
"cg_vd_v",67012,32.8453
"cg_vd_v",67012,32.8453
"cg_vd_v",67012,32.8453
"cg_vd_v",67012,32.8453
"cg_vd_v",67012,32.8453
"cg_vd_v",67012,32.8453
"cg_vd_v",67012,32.8453
"cg_vd_v",67012,32.8453
"cg_vd_v",67012,32.8453
"cg_vd_v",67012,32.8453
"cg_vd_v",67012.1,32.8453
"cg_vd_v",67012.1,32.8453
"cg_vd_v",67012.1,32.8453
"cg_vd_v",67012.1,32.8453
"cg_vd_v",67012.1,32.8453
"cg_vd_v",67012.1,32.8453
"cg_vd_v",67012.1,32.8453
"cg_vd_v",67012.1,32.8453
"cg_vd_v",67012.1,32.8453
"cg_vd_v",67012.1,32.8453
"cg_vd_v",67012.1,32.8453
"cg_vd_v",67012.2,32.8453
"cg_vd_v",67012.2,32.8453
"cg_vd_v",67012.2,32.8453
"cg_vd_v",67012.2,32.8453
"cg_vd_v",67012.2,32.8453
"cg_vd_v",67012.2,32.8453
"cg_vd_v",67012.2,32.8453
"cg_vd_v",67012.2,32.8453
"cg_vd_v",67012.2,32.8453
"cg_vd_v",67012.2,32.8453
"cg_vd_v",67012.3,32.8453
"cg_vd_v",67012.3,32.8453
"cg_vd_v",67012.3,32.8453
"cg_vd_v",67012.3,32.8453
"cg_vd_v",67012.3,32.8453
"cg_vd_v",67012.3,32.8453
"cg_vd_v",67012.3,32.8453
"cg_vd_v",67012.3,32.8453
"cg_vd_v",67012.3,32.8453
"cg_vd_v",67012.4,32.8453
"cg_vd_v",67012.4,32.8453
"cg_vd_v",67012.4,32.8453
"cg_vd_v",67012.4,32.8453
"cg_vd_v",67012.4,32.8453
"cg_vd_v",67012.4,32.8453
"cg_vd_v",67012.4,32.8453
"cg_vd_v",67012.4,32.8453
"cg_vd_v",67012.4,32.8453
"cg_vd_v",67012.4,32.8453
"cg_vd_v",67012.5,32.8453
"cg_vd_v",67012.5,32.8453
"cg_vd_v",67012.5,32.8453
"cg_vd_v",67012.5,32.8453
"cg_vd_v",67012.5,32.8453
"cg_vd_v",67012.5,32.8453
"cg_vd_v",67012.5,32.8453
"cg_vd_v",67012.5,32.8453
"cg_vd_v",67012.5,32.8453
"cg_vd_v",67012.5,32.8453
"cg_vd_v",67012.5,32.8453
"cg_vd_v",67012.6,32.8453
"cg_vd_v",67012.6,32.8453
"cg_vd_v",67012.6,32.8453
"cg_vd_v",67012.6,32.8453
"cg_vd_v",67012.6,32.8453
"cg_vd_v",67012.6,32.8453
"cg_vd_v",67012.6,32.8453
"cg_vd_v",67012.6,32.8453
"cg_vd_v",67012.6,32.8453
"cg_vd_v",67012.6,32.8453
"cg_vd_v",67012.7,32.8453
"cg_vd_v",67012.7,32.8453
"cg_vd_v",67012.7,32.8453
"cg_vd_v",67012.7,32.8453
"cg_vd_v",67012.7,32.8453
"cg_vd_v",67012.7,32.8453
"cg_vd_v",67012.7,32.8453
"cg_vd_v",67012.7,32.8453
"cg_vd_v",67012.7,32.8453
"cg_vd_v",67012.8,32.8453
"cg_vd_v",67012.8,32.8453
"cg_vd_v",67012.8,32.8453
"cg_vd_v",67012.8,32.8453
"cg_vd_v",67012.8,32.8453
"cg_vd_v",67012.8,32.8453
"cg_vd_v",67012.8,32.8453
"cg_vd_v",67012.8,32.8453
"cg_vd_v",67012.8,32.8453
"cg_vd_v",67012.8,32.8453
"cg_vd_v",67012.9,32.8453
"cg_vd_v",67012.9,32.8453
"cg_vd_v",67012.9,32.8453
"cg_vd_v",67012.9,32.8453
"cg_vd_v",67012.9,32.8453
"cg_vd_v",67012.9,32.8453
"cg_vd_v",67012.9,32.8453
"cg_vd_v",67012.9,32.8453
"cg_vd_v",67012.9,32.8453
"cg_vd_v",67012.9,32.8453
"cg_vd_v",67013,32.8453
"cg_vd_v",67013,32.8453
"cg_vd_v",67013,32.8453
"cg_vd_v",67013,32.8453
"cg_vd_v",67013,32.8453
"cg_vd_v",67013,32.8453
"cg_vd_v",67013,32.8453
"cg_vd_v",67013,32.8453
"cg_vd_v",67013,32.8453
"cg_vd_v",67013,32.8453
"cg_vd_v",67013.1,32.8453
"cg_vd_v",67013.1,32.8453
"cg_vd_v",67013.1,32.8453
"cg_vd_v",67013.1,32.8453
"cg_vd_v",67013.1,32.8453
"cg_vd_v",67013.1,32.8453
"cg_vd_v",67013.1,32.8453
"cg_vd_v",67013.1,32.8453
"cg_vd_v",67013.1,32.8453
"cg_vd_v",67013.1,32.8453
"cg_vd_v",67013.2,32.8453
"cg_vd_v",67013.2,32.8453
"cg_vd_v",67013.2,32.8453
"cg_vd_v",67013.2,32.8453
"cg_vd_v",67013.2,32.8453
"cg_vd_v",67013.2,32.8453
"cg_vd_v",67013.2,32.8453
"cg_vd_v",67013.2,32.8453
"cg_vd_v",67013.2,32.8453
"cg_vd_v",67013.2,32.8453
"cg_vd_v",67013.3,32.8453
"cg_vd_v",67013.3,32.8453
"cg_vd_v",67013.3,32.8453
"cg_vd_v",67013.3,32.8453
"cg_vd_v",67013.3,32.8453
"cg_vd_v",67013.3,32.8453
"cg_vd_v",67013.3,32.8453
"cg_vd_v",67013.3,32.8453
"cg_vd_v",67013.3,32.8453
"cg_vd_v",67013.3,32.8453
"cg_vd_v",67013.4,32.8453
"cg_vd_v",67013.4,32.8453
"cg_vd_v",67013.4,32.8453
"cg_vd_v",67013.4,32.8453
"cg_vd_v",67013.4,32.8453
"cg_vd_v",67013.4,32.8453
"cg_vd_v",67013.4,32.8453
"cg_vd_v",67013.4,32.8453
"cg_vd_v",67013.4,32.8453
"cg_vd_v",67013.4,32.8453
"cg_vd_v",67013.5,32.8453
"cg_vd_v",67013.5,32.8453
"cg_vd_v",67013.5,32.8453
"cg_vd_v",67013.5,32.8453
"cg_vd_v",67013.5,32.8453
"cg_vd_v",67013.5,32.8453
"cg_vd_v",67013.5,32.8453
"cg_vd_v",67013.5,32.8453
"cg_vd_v",67013.5,32.8453
"cg_vd_v",67013.5,32.8453
"cg_vd_v",67013.6,32.8453
"cg_vd_v",67013.6,32.8453
"cg_vd_v",67013.6,32.8453
"cg_vd_v",67013.6,32.8453
"cg_vd_v",67013.6,32.8453
"cg_vd_v",67013.6,32.8453
"cg_vd_v",67013.6,32.8453
"cg_vd_v",67013.6,32.8453
"cg_vd_v",67013.6,32.8453
"cg_vd_v",67013.6,32.8453
"cg_vd_v",67013.7,32.8453
"cg_vd_v",67013.7,32.8453
"cg_vd_v",67013.7,32.8453
"cg_vd_v",67013.7,32.8453
"cg_vd_v",67013.7,32.8453
"cg_vd_v",67013.7,32.8453
"cg_vd_v",67013.7,32.8453
"cg_vd_v",67013.7,32.8453
"cg_vd_v",67013.7,32.8453
"cg_vd_v",67013.7,32.8453
"cg_vd_v",67013.7,32.8453
"cg_vd_v",67013.8,32.8453
"cg_vd_v",67013.8,32.8453
"cg_vd_v",67013.8,32.8453
"cg_vd_v",67013.8,32.8453
"cg_vd_v",67013.8,32.8453
"cg_vd_v",67013.8,32.8453
"cg_vd_v",67013.8,32.8453
"cg_vd_v",67013.8,32.8453
"cg_vd_v",67013.8,32.8453
"cg_vd_v",67013.8,32.8453
"cg_vd_v",67013.9,32.8453
"cg_vd_v",67013.9,32.8453
"cg_vd_v",67013.9,32.8453
"cg_vd_v",67013.9,32.8453
"cg_vd_v",67013.9,32.8453
"cg_vd_v",67013.9,32.8453
"cg_vd_v",67013.9,32.8453
"cg_vd_v",67013.9,32.8453
"cg_vd_v",67013.9,32.8453
"cg_vd_v",67013.9,32.8453
"cg_vd_v",67014,32.8453
"cg_vd_v",67014,32.8453
"cg_vd_v",67014,32.8453
"cg_vd_v",67014,32.8453
"cg_vd_v",67014,32.8453
"cg_vd_v",67014,32.8453
"cg_vd_v",67014,32.8453
"cg_vd_v",67014,32.8453
"cg_vd_v",67014,32.8453
"cg_vd_v",67014,32.8453
"cg_vd_v",67014.1,32.8453
"cg_vd_v",67014.1,32.8453
"cg_vd_v",67014.1,32.8453
"cg_vd_v",67014.1,32.8453
"cg_vd_v",67014.1,32.8453
"cg_vd_v",67014.1,32.8453
"cg_vd_v",67014.1,32.8453
"cg_vd_v",67014.1,32.8453
"cg_vd_v",67014.1,32.8453
"cg_vd_v",67014.1,32.8453
"cg_vd_v",67014.2,32.8453
"cg_vd_v",67014.2,32.8453
"cg_vd_v",67014.2,32.8453
"cg_vd_v",67014.2,32.8453
"cg_vd_v",67014.2,32.8453
"cg_vd_v",67014.2,32.8453
"cg_vd_v",67014.2,32.8453
"cg_vd_v",67014.2,32.8453
"cg_vd_v",67014.2,32.8453
"cg_vd_v",67014.2,32.8453
"cg_vd_v",67014.3,32.8453
"cg_vd_v",67014.3,32.8453
"cg_vd_v",67014.3,32.8453
"cg_vd_v",67014.3,32.8453
"cg_vd_v",67014.3,32.8453
"cg_vd_v",67014.3,32.8453
"cg_vd_v",67014.3,32.8453
"cg_vd_v",67014.3,32.8453
"cg_vd_v",67014.3,32.8453
"cg_vd_v",67014.3,32.8453
"cg_vd_v",67014.4,32.8453
"cg_vd_v",67014.4,32.8453
"cg_vd_v",67014.4,32.8453
"cg_vd_v",67014.4,32.8453
"cg_vd_v",67014.4,32.8453
"cg_vd_v",67014.4,32.8453
"cg_vd_v",67014.4,32.8453
"cg_vd_v",67014.4,32.8453
"cg_vd_v",67014.4,32.8453
"cg_vd_v",67014.4,32.8453
"cg_vd_v",67014.5,32.8453
"cg_vd_v",67014.5,32.8453
"cg_vd_v",67014.5,32.8453
"cg_vd_v",67014.5,32.8453
"cg_vd_v",67014.5,32.8453
"cg_vd_v",67014.5,32.8453
"cg_vd_v",67014.5,32.8453
"cg_vd_v",67014.5,32.8453
"cg_vd_v",67014.5,32.8453
"cg_vd_v",67014.5,32.8453
"cg_vd_v",67014.6,32.8453
"cg_vd_v",67014.6,32.8453
"cg_vd_v",67014.6,32.8453
"cg_vd_v",67014.6,32.8453
"cg_vd_v",67014.6,32.8453
"cg_vd_v",67014.6,32.8453
"cg_vd_v",67014.6,32.8453
"cg_vd_v",67014.6,32.8453
"cg_vd_v",67014.6,32.8453
"cg_vd_v",67014.6,32.8453
"cg_vd_v",67014.7,32.8453
"cg_vd_v",67014.7,32.8453
"cg_vd_v",67014.7,32.8453
"cg_vd_v",67014.7,32.8453
"cg_vd_v",67014.7,32.8453
"cg_vd_v",67014.7,32.8453
"cg_vd_v",67014.8,32.8453
"cg_vd_v",67014.8,32.8453
"cg_vd_v",67014.8,32.8453
"cg_vd_v",67014.8,32.8453
"cg_vd_v",67014.8,32.8453
"cg_vd_v",67014.8,32.8453
"cg_vd_v",67014.9,32.8453
"cg_vd_v",67014.9,32.8453
"cg_vd_v",67014.9,32.8453
"cg_vd_v",67014.9,32.8453
"cg_vd_v",67014.9,32.8453
"cg_vd_v",67014.9,32.8453
"cg_vd_v",67014.9,32.8453
"cg_vd_v",67014.9,32.8453
"cg_vd_v",67015,32.8453
"cg_vd_v",67015,32.8453
"cg_vd_v",67015,32.8453
"cg_vd_v",67015,32.8453
"cg_vd_v",67015,32.8453
"cg_vd_v",67015,32.8453
"cg_vd_v",67015.1,32.8453
"cg_vd_v",67015.1,32.8453
"cg_vd_v",67015.1,32.8453
"cg_vd_v",67015.1,32.8453
"cg_vd_v",67015.1,32.8453
"cg_vd_v",67015.1,32.8453
"cg_vd_v",67015.1,32.8453
"cg_vd_v",67015.1,32.8453
"cg_vd_v",67015.2,32.8453
"cg_vd_v",67015.2,32.8453
"cg_vd_v",67015.2,32.8453
"cg_vd_v",67015.2,32.8453
"cg_vd_v",67015.2,32.8453
"cg_vd_v",67015.2,32.8453
"cg_vd_v",67015.2,32.8453
"cg_vd_v",67015.2,32.8453
"cg_vd_v",67015.2,32.8453
"cg_vd_v",67015.2,32.8453
"cg_vd_v",67015.2,32.8453
"cg_vd_v",67015.3,32.8453
"cg_vd_v",67015.3,32.8453
"cg_vd_v",67015.3,32.8453
"cg_vd_v",67015.3,32.8453
"cg_vd_v",67015.3,32.8453
"cg_vd_v",67015.3,32.8453
"cg_vd_v",67015.3,32.8453
"cg_vd_v",67015.3,32.8453
"cg_vd_v",67015.3,32.8453
"cg_vd_v",67015.3,32.8453
"cg_vd_v",67015.3,32.8453
"cg_vd_v",67015.4,32.8453
"cg_vd_v",67015.4,32.8453
"cg_vd_v",67015.4,32.8453
"cg_vd_v",67015.4,32.8453
"cg_vd_v",67015.4,32.8453
"cg_vd_v",67015.4,32.8453
"cg_vd_v",67015.4,32.8453
"cg_vd_v",67015.4,32.8453
"cg_vd_v",67015.4,32.8453
"cg_vd_v",67015.4,32.8453
"cg_vd_v",67015.4,32.8453
"cg_vd_v",67015.4,32.8453
"cg_vd_v",67015.5,32.8453
"cg_vd_v",67015.5,32.8453
"cg_vd_v",67015.5,32.8453
"cg_vd_v",67015.5,32.8453
"cg_vd_v",67015.5,32.8453
"cg_vd_v",67015.5,32.8453
"cg_vd_v",67015.5,32.8453
"cg_vd_v",67015.5,32.8453
"cg_vd_v",67015.5,32.8453
"cg_vd_v",67015.5,32.8453
"cg_vd_v",67015.5,32.8453
"cg_vd_v",67015.6,32.8453
"cg_vd_v",67015.6,32.8453
"cg_vd_v",67015.6,32.8453
"cg_vd_v",67015.6,32.8453
"cg_vd_v",67015.6,32.8453
"cg_vd_v",67015.6,32.8453
"cg_vd_v",67015.6,32.8453
"cg_vd_v",67015.6,32.8453
"cg_vd_v",67015.6,32.8453
"cg_vd_v",67015.6,32.8453
"cg_vd_v",67015.6,32.8453
"cg_vd_v",67015.6,32.8453
"cg_vd_v",67015.7,32.8453
"cg_vd_v",67015.7,32.8453
"cg_vd_v",67015.7,32.8453
"cg_vd_v",67015.7,32.8453
"cg_vd_v",67015.7,32.8453
"cg_vd_v",67015.7,32.8453
"cg_vd_v",67015.7,32.8453
"cg_vd_v",67015.7,32.8453
"cg_vd_v",67015.7,32.8453
"cg_vd_v",67015.7,32.8453
"cg_vd_v",67015.8,32.8453
"cg_vd_v",67015.8,32.8453
"cg_vd_v",67015.8,32.8453
"cg_vd_v",67015.8,32.8453
"cg_vd_v",67015.8,32.8453
"cg_vd_v",67015.8,32.8453
"cg_vd_v",67015.8,32.8453
"cg_vd_v",67015.8,32.8453
"cg_vd_v",67015.8,32.8453
"cg_vd_v",67015.8,32.8453
"cg_vd_v",67015.8,32.8453
"cg_vd_v",67015.8,32.8453
"cg_vd_v",67015.9,32.8453
"cg_vd_v",67015.9,32.8453
"cg_vd_v",67015.9,32.8453
"cg_vd_v",67015.9,32.8453
"cg_vd_v",67015.9,32.8453
"cg_vd_v",67015.9,32.8453
"cg_vd_v",67015.9,32.8453
"cg_vd_v",67015.9,32.8453
"cg_vd_v",67015.9,32.8453
"cg_vd_v",67015.9,32.8453
"cg_vd_v",67016,32.8453
"cg_vd_v",67016,32.8453
"cg_vd_v",67016,32.8453
"cg_vd_v",67016,32.8453
"cg_vd_v",67016,32.8453
"cg_vd_v",67016,32.8453
"cg_vd_v",67016,32.8453
"cg_vd_v",67016,32.8453
"cg_vd_v",67016,32.8453
"cg_vd_v",67016,32.8453
"cg_vd_v",67016.1,32.8453
"cg_vd_v",67016.1,32.8453
"cg_vd_v",67016.1,32.8453
"cg_vd_v",67016.1,32.8453
"cg_vd_v",67016.1,32.8453
"cg_vd_v",67016.1,32.8453
"cg_vd_v",67016.1,32.8453
"cg_vd_v",67016.1,32.8453
"cg_vd_v",67016.1,32.8453
"cg_vd_v",67016.1,32.8453
"cg_vd_v",67016.2,32.8453
"cg_vd_v",67016.2,32.8453
"cg_vd_v",67016.2,32.8453
"cg_vd_v",67016.2,32.8453
"cg_vd_v",67016.2,32.8453
"cg_vd_v",67016.2,32.8453
"cg_vd_v",67016.2,32.8453
"cg_vd_v",67016.2,32.8453
"cg_vd_v",67016.2,32.8453
"cg_vd_v",67016.2,32.8453
"cg_vd_v",67016.3,32.8453
"cg_vd_v",67016.3,32.8453
"cg_vd_v",67016.3,32.8453
"cg_vd_v",67016.3,32.8453
"cg_vd_v",67016.3,32.8453
"cg_vd_v",67016.3,32.8453
"cg_vd_v",67016.3,32.8453
"cg_vd_v",67016.3,32.8453
"cg_vd_v",67016.3,32.8453
"cg_vd_v",67016.3,32.8453
"cg_vd_v",67016.4,32.8453
"cg_vd_v",67016.4,32.8453
"cg_vd_v",67016.4,32.8453
"cg_vd_v",67016.4,32.8453
"cg_vd_v",67016.4,32.8453
"cg_vd_v",67016.4,32.8453
"cg_vd_v",67016.4,32.8453
"cg_vd_v",67016.4,32.8453
"cg_vd_v",67016.4,32.8453
"cg_vd_v",67016.4,32.8453
"cg_vd_v",67016.5,32.8453
"cg_vd_v",67016.5,32.8453
"cg_vd_v",67016.5,32.8453
"cg_vd_v",67016.5,32.8453
"cg_vd_v",67016.5,32.8453
"cg_vd_v",67016.5,32.8453
"cg_vd_v",67016.5,32.8453
"cg_vd_v",67016.5,32.8453
"cg_vd_v",67016.5,32.8453
"cg_vd_v",67016.5,32.8453
"cg_vd_v",67016.6,32.8453
"cg_vd_v",67016.6,32.8453
"cg_vd_v",67016.6,32.8453
"cg_vd_v",67016.6,32.8453
"cg_vd_v",67016.6,32.8453
"cg_vd_v",67016.6,32.8453
"cg_vd_v",67016.6,32.8453
"cg_vd_v",67016.6,32.8453
"cg_vd_v",67016.6,32.8453
"cg_vd_v",67016.6,32.8453
"cg_vd_v",67016.7,32.8453
"cg_vd_v",67016.7,32.8453
"cg_vd_v",67016.7,32.8453
"cg_vd_v",67016.7,32.8453
"cg_vd_v",67016.7,32.8453
"cg_vd_v",67016.7,32.8453
"cg_vd_v",67016.7,32.8453
"cg_vd_v",67016.7,32.8453
"cg_vd_v",67016.7,32.8453
"cg_vd_v",67016.8,32.8453
"cg_vd_v",67016.8,32.8453
"cg_vd_v",67016.8,32.8453
"cg_vd_v",67016.8,32.8453
"cg_vd_v",67016.8,32.8453
"cg_vd_v",67016.8,32.8453
"cg_vd_v",67016.8,32.8453
"cg_vd_v",67016.8,32.8453
"cg_vd_v",67016.8,32.8453
"cg_vd_v",67016.8,32.8453
"cg_vd_v",67016.9,32.8453
"cg_vd_v",67016.9,32.8453
"cg_vd_v",67016.9,32.8453
"cg_vd_v",67016.9,32.8453
"cg_vd_v",67016.9,32.8453
"cg_vd_v",67016.9,32.8453
"cg_vd_v",67016.9,32.8453
"cg_vd_v",67016.9,32.8453
"cg_vd_v",67016.9,32.8453
"cg_vd_v",67016.9,32.8453
"cg_vd_v",67016.9,32.8453
"cg_vd_v",67017,32.8453
"cg_vd_v",67017,32.8453
"cg_vd_v",67017,32.8453
"cg_vd_v",67017,32.8453
"cg_vd_v",67017,32.8453
"cg_vd_v",67017,32.8453
"cg_vd_v",67017,32.8453
"cg_vd_v",67017,32.8453
"cg_vd_v",67017,32.8453
"cg_vd_v",67017,32.8453
"cg_vd_v",67017.1,32.8453
"cg_vd_v",67017.1,32.8453
"cg_vd_v",67017.1,32.8453
"cg_vd_v",67017.1,32.8453
"cg_vd_v",67017.1,32.8453
"cg_vd_v",67017.1,32.8453
"cg_vd_v",67017.1,32.8453
"cg_vd_v",67017.1,32.8453
"cg_vd_v",67017.1,32.8453
"cg_vd_v",67017.1,32.8453
"cg_vd_v",67017.2,32.8453
"cg_vd_v",67017.2,32.8453
"cg_vd_v",67017.2,32.8453
"cg_vd_v",67017.2,32.8453
"cg_vd_v",67017.2,32.8453
"cg_vd_v",67017.2,32.8453
"cg_vd_v",67017.2,32.8453
"cg_vd_v",67017.2,32.8453
"cg_vd_v",67017.2,32.8453
"cg_vd_v",67017.2,32.8453
"cg_vd_v",67017.3,32.8453
"cg_vd_v",67017.3,32.8453
"cg_vd_v",67017.3,32.8453
"cg_vd_v",67017.3,32.8453
"cg_vd_v",67017.3,32.8453
"cg_vd_v",67017.3,32.8453
"cg_vd_v",67017.3,32.8453
"cg_vd_v",67017.3,32.8453
"cg_vd_v",67017.3,32.8453
"cg_vd_v",67017.4,32.8453
"cg_vd_v",67017.4,32.8453
"cg_vd_v",67017.4,32.8453
"cg_vd_v",67017.4,32.8453
"cg_vd_v",67017.4,32.8453
"cg_vd_v",67017.4,32.8453
"cg_vd_v",67017.4,32.8453
"cg_vd_v",67017.4,32.8453
"cg_vd_v",67017.4,32.8453
"cg_vd_v",67017.4,32.8453
"cg_vd_v",67017.4,32.8453
"cg_vd_v",67017.5,32.8453
"cg_vd_v",67017.5,32.8453
"cg_vd_v",67017.5,32.8453
"cg_vd_v",67017.5,32.8453
"cg_vd_v",67017.5,32.8453
"cg_vd_v",67017.5,32.8453
"cg_vd_v",67017.5,32.8453
"cg_vd_v",67017.5,32.8453
"cg_vd_v",67017.5,32.8453
"cg_vd_v",67017.5,32.8453
"cg_vd_v",67017.6,32.8453
"cg_vd_v",67017.6,32.8453
"cg_vd_v",67017.6,32.8453
"cg_vd_v",67017.6,32.8453
"cg_vd_v",67017.6,32.8453
"cg_vd_v",67017.6,32.8453
"cg_vd_v",67017.6,32.8453
"cg_vd_v",67017.6,32.8453
"cg_vd_v",67017.6,32.8453
"cg_vd_v",67017.6,32.8453
"cg_vd_v",67017.7,32.8453
"cg_vd_v",67017.7,32.8453
"cg_vd_v",67017.7,32.8453
"cg_vd_v",67017.7,32.8453
"cg_vd_v",67017.7,32.8453
"cg_vd_v",67017.7,32.8453
"cg_vd_v",67017.7,32.8453
"cg_vd_v",67017.7,32.8453
"cg_vd_v",67017.7,32.8453
"cg_vd_v",67017.8,32.8453
"cg_vd_v",67017.8,32.8453
"cg_vd_v",67017.8,32.8453
"cg_vd_v",67017.8,32.8453
"cg_vd_v",67017.8,32.8453
"cg_vd_v",67017.8,32.8453
"cg_vd_v",67017.8,32.8453
"cg_vd_v",67017.8,32.8453
"cg_vd_v",67017.8,32.8453
"cg_vd_v",67017.8,32.8453
"cg_vd_v",67017.8,32.8453
"cg_vd_v",67017.9,32.8453
"cg_vd_v",67017.9,32.8453
"cg_vd_v",67017.9,32.8453
"cg_vd_v",67017.9,32.8453
"cg_vd_v",67017.9,32.8453
"cg_vd_v",67017.9,32.8453
"cg_vd_v",67017.9,32.8453
"cg_vd_v",67017.9,32.8453
"cg_vd_v",67017.9,32.8453
"cg_vd_v",67017.9,32.8453
"cg_vd_v",67018,32.8453
"cg_vd_v",67018,32.8453
"cg_vd_v",67018,32.8453
"cg_vd_v",67018,32.8453
"cg_vd_v",67018,32.8453
"cg_vd_v",67018,32.8453
"cg_vd_v",67018,32.8453
"cg_vd_v",67018,32.8453
"cg_vd_v",67018,32.8453
"cg_vd_v",67018,32.8453
"cg_vd_v",67018.1,32.8453
"cg_vd_v",67018.1,32.8453
"cg_vd_v",67018.1,32.8453
"cg_vd_v",67018.1,32.8453
"cg_vd_v",67018.1,32.8453
"cg_vd_v",67018.1,32.8453
"cg_vd_v",67018.1,32.8453
"cg_vd_v",67018.1,32.8453
"cg_vd_v",67018.1,32.8453
"cg_vd_v",67018.1,32.8453
"cg_vd_v",67018.2,32.8453
"cg_vd_v",67018.2,32.8453
"cg_vd_v",67018.2,32.8453
"cg_vd_v",67018.2,32.8453
"cg_vd_v",67018.2,32.8453
"cg_vd_v",67018.2,32.8453
"cg_vd_v",67018.2,32.8453
"cg_vd_v",67018.2,32.8453
"cg_vd_v",67018.2,32.8453
"cg_vd_v",67018.2,32.8453
"cg_vd_v",67018.3,32.8453
"cg_vd_v",67018.3,32.8453
"cg_vd_v",67018.3,32.8453
"cg_vd_v",67018.3,32.8453
"cg_vd_v",67018.3,32.8453
"cg_vd_v",67018.3,32.8453
"cg_vd_v",67018.3,32.8453
"cg_vd_v",67018.3,32.8453
"cg_vd_v",67018.3,32.8453
"cg_vd_v",67018.3,32.8453
"cg_vd_v",67018.4,32.8453
"cg_vd_v",67018.4,32.8453
"cg_vd_v",67018.4,32.8453
"cg_vd_v",67018.4,32.8453
"cg_vd_v",67018.4,32.8453
"cg_vd_v",67018.4,32.8453
"cg_vd_v",67018.4,32.8453
"cg_vd_v",67018.4,32.8453
"cg_vd_v",67018.4,32.8453
"cg_vd_v",67018.4,32.8453
"cg_vd_v",67018.5,32.8453
"cg_vd_v",67018.5,32.8453
"cg_vd_v",67018.5,32.8453
"cg_vd_v",67018.5,32.8453
"cg_vd_v",67018.5,32.8453
"cg_vd_v",67018.5,32.8453
"cg_vd_v",67018.5,32.8453
"cg_vd_v",67018.5,32.8453
"cg_vd_v",67018.5,32.8453
"cg_vd_v",67018.5,32.8453
"cg_vd_v",67018.6,32.8453
"cg_vd_v",67018.6,32.8453
"cg_vd_v",67018.6,32.8453
"cg_vd_v",67018.6,32.8453
"cg_vd_v",67018.6,32.8453
"cg_vd_v",67018.6,32.8453
"cg_vd_v",67018.6,32.8453
"cg_vd_v",67018.6,32.8453
"cg_vd_v",67018.6,32.8453
"cg_vd_v",67018.6,32.8453
"cg_vd_v",67018.7,32.8453
"cg_vd_v",67018.7,32.8453
"cg_vd_v",67018.7,32.8453
"cg_vd_v",67018.7,32.8453
"cg_vd_v",67018.7,32.8453
"cg_vd_v",67018.7,32.8453
"cg_vd_v",67018.7,32.8453
"cg_vd_v",67018.7,32.8453
"cg_vd_v",67018.7,32.8453
"cg_vd_v",67018.8,32.8453
"cg_vd_v",67018.8,32.8453
"cg_vd_v",67018.8,32.8453
"cg_vd_v",67018.8,32.8453
"cg_vd_v",67018.8,32.8453
"cg_vd_v",67018.8,32.8453
"cg_vd_v",67018.8,32.8453
"cg_vd_v",67018.8,32.8453
"cg_vd_v",67018.8,32.8453
"cg_vd_v",67018.8,32.8453
"cg_vd_v",67018.9,32.8453
"cg_vd_v",67018.9,32.8453
"cg_vd_v",67018.9,32.8453
"cg_vd_v",67018.9,32.8453
"cg_vd_v",67018.9,32.8453
"cg_vd_v",67018.9,32.8453
"cg_vd_v",67018.9,32.8453
"cg_vd_v",67018.9,32.8453
"cg_vd_v",67018.9,32.8453
"cg_vd_v",67018.9,32.8453
"cg_vd_v",67019,32.8453
"cg_vd_v",67019,32.8453
"cg_vd_v",67019,32.8453
"cg_vd_v",67019,32.8453
"cg_vd_v",67019,32.8453
"cg_vd_v",67019,32.8453
"cg_vd_v",67019,32.8453
"cg_vd_v",67019,32.8453
"cg_vd_v",67019,32.8453
"cg_vd_v",67019,32.8453
"cg_vd_v",67019.1,32.8453
"cg_vd_v",67019.1,32.8453
"cg_vd_v",67019.1,32.8453
"cg_vd_v",67019.1,32.8453
"cg_vd_v",67019.1,32.8453
"cg_vd_v",67019.1,32.8453
"cg_vd_v",67019.1,32.8453
"cg_vd_v",67019.1,32.8453
"cg_vd_v",67019.1,32.8453
"cg_vd_v",67019.1,32.8453
"cg_vd_v",67019.1,32.8453
"cg_vd_v",67019.2,32.8453
"cg_vd_v",67019.2,32.8453
"cg_vd_v",67019.2,32.8453
"cg_vd_v",67019.2,32.8453
"cg_vd_v",67019.2,32.8453
"cg_vd_v",67019.2,32.8453
"cg_vd_v",67019.2,32.8453
"cg_vd_v",67019.2,32.8453
"cg_vd_v",67019.2,32.8453
"cg_vd_v",67019.2,32.8453
"cg_vd_v",67019.3,32.8453
"cg_vd_v",67019.3,32.8453
"cg_vd_v",67019.3,32.8453
"cg_vd_v",67019.3,32.8453
"cg_vd_v",67019.3,32.8453
"cg_vd_v",67019.3,32.8453
"cg_vd_v",67019.3,32.8453
"cg_vd_v",67019.3,32.8453
"cg_vd_v",67019.3,32.8453
"cg_vd_v",67019.4,32.8453
"cg_vd_v",67019.4,32.8453
"cg_vd_v",67019.4,32.8453
"cg_vd_v",67019.4,32.8453
"cg_vd_v",67019.4,32.8453
"cg_vd_v",67019.4,32.8453
"cg_vd_v",67019.4,32.8453
"cg_vd_v",67019.4,32.8453
"cg_vd_v",67019.4,32.8453
"cg_vd_v",67019.4,32.8453
"cg_vd_v",67019.5,32.8453
"cg_vd_v",67019.5,32.8453
"cg_vd_v",67019.5,32.8453
"cg_vd_v",67019.5,32.8453
"cg_vd_v",67019.5,32.8453
"cg_vd_v",67019.5,32.8453
"cg_vd_v",67019.5,32.8453
"cg_vd_v",67019.5,32.8453
"cg_vd_v",67019.5,32.8453
"cg_vd_v",67019.5,32.8453
"cg_vd_v",67019.5,32.8453
"cg_vd_v",67019.6,32.8453
"cg_vd_v",67019.6,32.8453
"cg_vd_v",67019.6,32.8453
"cg_vd_v",67019.6,32.8453
"cg_vd_v",67019.6,32.8453
"cg_vd_v",67019.6,32.8453
"cg_vd_v",67019.6,32.8453
"cg_vd_v",67019.6,32.8453
"cg_vd_v",67019.6,32.8453
"cg_vd_v",67019.6,32.8453
"cg_vd_v",67019.7,32.8453
"cg_vd_v",67019.7,32.8453
"cg_vd_v",67019.7,32.8453
"cg_vd_v",67019.7,32.8453
"cg_vd_v",67019.7,32.8453
"cg_vd_v",67019.7,32.8453
"cg_vd_v",67019.7,32.8453
"cg_vd_v",67019.7,32.8453
"cg_vd_v",67019.7,32.8453
"cg_vd_v",67019.8,32.8453
"cg_vd_v",67019.8,32.8453
"cg_vd_v",67019.8,32.8453
"cg_vd_v",67019.8,32.8453
"cg_vd_v",67019.8,32.8453
"cg_vd_v",67019.8,32.8453
"cg_vd_v",67019.8,32.8453
"cg_vd_v",67019.8,32.8453
"cg_vd_v",67019.8,32.8453
"cg_vd_v",67019.9,32.8453
"cg_vd_v",67019.9,32.8453
"cg_vd_v",67019.9,32.8453
"cg_vd_v",67019.9,32.8453
"cg_vd_v",67019.9,32.8453
"cg_vd_v",67019.9,32.8453
"cg_vd_v",67019.9,32.8453
"cg_vd_v",67019.9,32.8453
"cg_vd_v",67019.9,32.8453
"cg_vd_v",67019.9,32.8453
"cg_vd_v",67019.9,32.8453
"cg_vd_v",67020,32.8453
"cg_vd_v",67020,32.8453
"cg_vd_v",67020,32.8453
"cg_vd_v",67020,32.8453
"cg_vd_v",67020,32.8453
"cg_vd_v",67020,32.8453
"cg_vd_v",67020,32.8453
"cg_vd_v",67020,32.8453
"cg_vd_v",67020,32.8453
"cg_vd_v",67020,32.8453
"cg_vd_v",67020.1,32.8453
"cg_vd_v",67020.1,32.8453
"cg_vd_v",67020.1,32.8453
"cg_vd_v",67020.1,32.8453
"cg_vd_v",67020.1,32.8453
"cg_vd_v",67020.1,32.8453
"cg_vd_v",67020.1,32.8453
"cg_vd_v",67020.1,32.8453
"cg_vd_v",67020.1,32.8453
"cg_vd_v",67020.1,32.8453
"cg_vd_v",67020.2,32.8453
"cg_vd_v",67020.2,32.8453
"cg_vd_v",67020.2,32.8453
"cg_vd_v",67020.2,32.8453
"cg_vd_v",67020.2,32.8453
"cg_vd_v",67020.2,32.8453
"cg_vd_v",67020.2,32.8453
"cg_vd_v",67020.2,32.8453
"cg_vd_v",67020.2,32.8453
"cg_vd_v",67020.2,32.8453
"cg_vd_v",67020.3,32.8453
"cg_vd_v",67020.3,32.8453
"cg_vd_v",67020.3,32.8453
"cg_vd_v",67020.3,32.8453
"cg_vd_v",67020.3,32.8453
"cg_vd_v",67020.3,32.8453
"cg_vd_v",67020.3,32.8453
"cg_vd_v",67020.3,32.8453
"cg_vd_v",67020.3,32.8453
"cg_vd_v",67020.3,32.8453
"cg_vd_v",67020.4,32.8453
"cg_vd_v",67020.4,32.8453
"cg_vd_v",67020.4,32.8453
"cg_vd_v",67020.4,32.8453
"cg_vd_v",67020.4,32.8453
"cg_vd_v",67020.4,32.8453
"cg_vd_v",67020.4,32.8453
"cg_vd_v",67020.4,32.8453
"cg_vd_v",67020.4,32.8453
"cg_vd_v",67020.4,32.8453
"cg_vd_v",67020.5,32.8453
"cg_vd_v",67020.5,32.8453
"cg_vd_v",67020.5,32.8453
"cg_vd_v",67020.5,32.8453
"cg_vd_v",67020.5,32.8453
"cg_vd_v",67020.5,32.8453
"cg_vd_v",67020.5,32.8453
"cg_vd_v",67020.5,32.8453
"cg_vd_v",67020.5,32.8453
"cg_vd_v",67020.5,32.8453
"cg_vd_v",67020.6,32.8453
"cg_vd_v",67020.6,32.8453
"cg_vd_v",67020.6,32.8453
"cg_vd_v",67020.6,32.8453
"cg_vd_v",67020.6,32.8453
"cg_vd_v",67020.6,32.8453
"cg_vd_v",67020.6,32.8453
"cg_vd_v",67020.6,32.8453
"cg_vd_v",67020.6,32.8453
"cg_vd_v",67020.6,32.8453
"cg_vd_v",67020.7,32.8453
"cg_vd_v",67020.7,32.8453
"cg_vd_v",67020.7,32.8453
"cg_vd_v",67020.7,32.8453
"cg_vd_v",67020.7,32.8453
"cg_vd_v",67020.7,32.8453
"cg_vd_v",67020.7,32.8453
"cg_vd_v",67020.7,32.8453
"cg_vd_v",67020.7,32.8453
"cg_vd_v",67020.7,32.8453
"cg_vd_v",67020.8,32.8453
"cg_vd_v",67020.8,32.8453
"cg_vd_v",67020.8,32.8453
"cg_vd_v",67020.8,32.8453
"cg_vd_v",67020.8,32.8453
"cg_vd_v",67020.8,32.8453
"cg_vd_v",67020.8,32.8453
"cg_vd_v",67020.8,32.8453
"cg_vd_v",67020.8,32.8453
"cg_vd_v",67020.9,32.8453
"cg_vd_v",67020.9,32.8453
"cg_vd_v",67020.9,32.8453
"cg_vd_v",67020.9,32.8453
"cg_vd_v",67020.9,32.8453
"cg_vd_v",67020.9,32.8453
"cg_vd_v",67020.9,32.8453
"cg_vd_v",67020.9,32.8453
"cg_vd_v",67020.9,32.8453
"cg_vd_v",67020.9,32.8453
"cg_vd_v",67020.9,32.8453
"cg_vd_v",67021,32.8453
"cg_vd_v",67021,32.8453
"cg_vd_v",67021,32.8453
"cg_vd_v",67021,32.8453
"cg_vd_v",67021,32.8453
"cg_vd_v",67021,32.8453
"cg_vd_v",67021,32.8453
"cg_vd_v",67021,32.8453
"cg_vd_v",67021,32.8453
"cg_vd_v",67021,32.8453
"cg_vd_v",67021.1,32.8453
"cg_vd_v",67021.1,32.8453
"cg_vd_v",67021.1,32.8453
"cg_vd_v",67021.1,32.8453
"cg_vd_v",67021.1,32.8453
"cg_vd_v",67021.1,32.8453
"cg_vd_v",67021.1,32.8453
"cg_vd_v",67021.1,32.8453
"cg_vd_v",67021.1,32.8453
"cg_vd_v",67021.1,32.8453
"cg_vd_v",67021.2,32.8453
"cg_vd_v",67021.2,32.8453
"cg_vd_v",67021.2,32.8453
"cg_vd_v",67021.2,32.8453
"cg_vd_v",67021.2,32.8453
"cg_vd_v",67021.2,32.8453
"cg_vd_v",67021.2,32.8453
"cg_vd_v",67021.2,32.8453
"cg_vd_v",67021.2,32.8453
"cg_vd_v",67021.2,32.8453
"cg_vd_v",67021.3,32.8453
"cg_vd_v",67021.3,32.8453
"cg_vd_v",67021.3,32.8453
"cg_vd_v",67021.3,32.8453
"cg_vd_v",67021.3,32.8453
"cg_vd_v",67021.3,32.8453
"cg_vd_v",67021.3,32.8453
"cg_vd_v",67021.3,32.8453
"cg_vd_v",67021.3,32.8453
"cg_vd_v",67021.4,32.8453
"cg_vd_v",67021.4,32.8453
"cg_vd_v",67021.4,32.8453
"cg_vd_v",67021.4,32.8453
"cg_vd_v",67021.4,32.8453
"cg_vd_v",67021.4,32.8453
"cg_vd_v",67021.4,32.8453
"cg_vd_v",67021.4,32.8453
"cg_vd_v",67021.4,32.8453
"cg_vd_v",67021.4,32.8453
"cg_vd_v",67021.5,32.8453
"cg_vd_v",67021.5,32.8453
"cg_vd_v",67021.5,32.8453
"cg_vd_v",67021.5,32.8453
"cg_vd_v",67021.5,32.8453
"cg_vd_v",67021.5,32.8453
"cg_vd_v",67021.5,32.8453
"cg_vd_v",67021.5,32.8453
"cg_vd_v",67021.5,32.8453
"cg_vd_v",67021.5,32.8453
"cg_vd_v",67021.5,32.8453
"cg_vd_v",67021.6,32.8453
"cg_vd_v",67021.6,32.8453
"cg_vd_v",67021.6,32.8453
"cg_vd_v",67021.6,32.8453
"cg_vd_v",67021.6,32.8453
"cg_vd_v",67021.6,32.8453
"cg_vd_v",67021.6,32.8453
"cg_vd_v",67021.6,32.8453
"cg_vd_v",67021.6,32.8453
"cg_vd_v",67021.6,32.8453
"cg_vd_v",67021.7,32.8453
"cg_vd_v",67021.7,32.8453
"cg_vd_v",67021.7,32.8453
"cg_vd_v",67021.7,32.8453
"cg_vd_v",67021.7,32.8453
"cg_vd_v",67021.7,32.8453
"cg_vd_v",67021.7,32.8453
"cg_vd_v",67021.7,32.8453
"cg_vd_v",67021.7,32.8453
"cg_vd_v",67021.8,32.8453
"cg_vd_v",67021.8,32.8453
"cg_vd_v",67021.8,32.8453
"cg_vd_v",67021.8,32.8453
"cg_vd_v",67021.8,32.8453
"cg_vd_v",67021.8,32.8453
"cg_vd_v",67021.8,32.8453
"cg_vd_v",67021.8,32.8453
"cg_vd_v",67021.8,32.8453
"cg_vd_v",67021.8,32.8453
"cg_vd_v",67021.9,32.8453
"cg_vd_v",67021.9,32.8453
"cg_vd_v",67021.9,32.8453
"cg_vd_v",67021.9,32.8453
"cg_vd_v",67021.9,32.8453
"cg_vd_v",67021.9,32.8453
"cg_vd_v",67021.9,32.8453
"cg_vd_v",67021.9,32.8453
"cg_vd_v",67021.9,32.8453
"cg_vd_v",67021.9,32.8453
"cg_vd_v",67022,32.8453
"cg_vd_v",67022,32.8453
"cg_vd_v",67022,32.8453
"cg_vd_v",67022,32.8453
"cg_vd_v",67022,32.8453
"cg_vd_v",67022,32.8453
"cg_vd_v",67022,32.8453
"cg_vd_v",67022,32.8453
"cg_vd_v",67022,32.8453
"cg_vd_v",67022,32.8453
"cg_vd_v",67022,32.8453
"cg_vd_v",67022.1,32.8453
"cg_vd_v",67022.1,32.8453
"cg_vd_v",67022.1,32.8453
"cg_vd_v",67022.1,32.8453
"cg_vd_v",67022.1,32.8453
"cg_vd_v",67022.1,32.8453
"cg_vd_v",67022.1,32.8453
"cg_vd_v",67022.1,32.8453
"cg_vd_v",67022.1,32.8453
"cg_vd_v",67022.1,32.8453
"cg_vd_v",67022.2,32.8453
"cg_vd_v",67022.2,32.8453
"cg_vd_v",67022.2,32.8453
"cg_vd_v",67022.2,32.8453
"cg_vd_v",67022.2,32.8453
"cg_vd_v",67022.2,32.8453
"cg_vd_v",67022.2,32.8453
"cg_vd_v",67022.2,32.8453
"cg_vd_v",67022.2,32.8453
"cg_vd_v",67022.2,32.8453
"cg_vd_v",67022.3,32.8453
"cg_vd_v",67022.3,32.8453
"cg_vd_v",67022.3,32.8453
"cg_vd_v",67022.3,32.8453
"cg_vd_v",67022.3,32.8453
"cg_vd_v",67022.3,32.8453
"cg_vd_v",67022.3,32.8453
"cg_vd_v",67022.3,32.8453
"cg_vd_v",67022.3,32.8453
"cg_vd_v",67022.4,32.8453
"cg_vd_v",67022.4,32.8453
"cg_vd_v",67022.4,32.8453
"cg_vd_v",67022.4,32.8453
"cg_vd_v",67022.4,32.8453
"cg_vd_v",67022.4,32.8453
"cg_vd_v",67022.4,32.8453
"cg_vd_v",67022.4,32.8453
"cg_vd_v",67022.4,32.8453
"cg_vd_v",67022.4,32.8453
"cg_vd_v",67022.5,32.8453
"cg_vd_v",67022.5,32.8453
"cg_vd_v",67022.5,32.8453
"cg_vd_v",67022.5,32.8453
"cg_vd_v",67022.5,32.8453
"cg_vd_v",67022.5,32.8453
"cg_vd_v",67022.5,32.8453
"cg_vd_v",67022.5,32.8453
"cg_vd_v",67022.5,32.8453
"cg_vd_v",67022.5,32.8453
"cg_vd_v",67022.5,32.8453
"cg_vd_v",67022.6,32.8453
"cg_vd_v",67022.6,32.8453
"cg_vd_v",67022.6,32.8453
"cg_vd_v",67022.6,32.8453
"cg_vd_v",67022.6,32.8453
"cg_vd_v",67022.6,32.8453
"cg_vd_v",67022.6,32.8453
"cg_vd_v",67022.6,32.8453
"cg_vd_v",67022.6,32.8453
"cg_vd_v",67022.6,32.8453
"cg_vd_v",67022.7,32.8453
"cg_vd_v",67022.7,32.8453
"cg_vd_v",67022.7,32.8453
"cg_vd_v",67022.7,32.8453
"cg_vd_v",67022.7,32.8453
"cg_vd_v",67022.7,32.8453
"cg_vd_v",67022.7,32.8453
"cg_vd_v",67022.7,32.8453
"cg_vd_v",67022.8,32.8453
"cg_vd_v",67022.8,32.8453
"cg_vd_v",67022.8,32.8453
"cg_vd_v",67022.8,32.8453
"cg_vd_v",67022.8,32.8453
"cg_vd_v",67022.8,32.8453
"cg_vd_v",67022.8,32.8453
"cg_vd_v",67022.8,32.8453
"cg_vd_v",67022.8,32.8453
"cg_vd_v",67022.8,32.8453
"cg_vd_v",67022.8,32.8453
"cg_vd_v",67022.9,32.8453
"cg_vd_v",67022.9,32.8453
"cg_vd_v",67022.9,32.8453
"cg_vd_v",67022.9,32.8453
"cg_vd_v",67022.9,32.8453
"cg_vd_v",67022.9,32.8453
"cg_vd_v",67022.9,32.8453
"cg_vd_v",67022.9,32.8453
"cg_vd_v",67022.9,32.8453
"cg_vd_v",67022.9,32.8453
"cg_vd_v",67023,32.8453
"cg_vd_v",67023,32.8453
"cg_vd_v",67023,32.8453
"cg_vd_v",67023,32.8453
"cg_vd_v",67023,32.8453
"cg_vd_v",67023,32.8453
"cg_vd_v",67023,32.8453
"cg_vd_v",67023,32.8453
"cg_vd_v",67023,32.8453
"cg_vd_v",67023,32.8453
"cg_vd_v",67023.1,32.8453
"cg_vd_v",67023.1,32.8453
"cg_vd_v",67023.1,32.8453
"cg_vd_v",67023.1,32.8453
"cg_vd_v",67023.1,32.8453
"cg_vd_v",67023.1,32.8453
"cg_vd_v",67023.1,32.8453
"cg_vd_v",67023.1,32.8453
"cg_vd_v",67023.1,32.8453
"cg_vd_v",67023.1,32.8453
"cg_vd_v",67023.2,32.8453
"cg_vd_v",67023.2,32.8453
"cg_vd_v",67023.2,32.8453
"cg_vd_v",67023.2,32.8453
"cg_vd_v",67023.2,32.8453
"cg_vd_v",67023.2,32.8453
"cg_vd_v",67023.2,32.8453
"cg_vd_v",67023.2,32.8453
"cg_vd_v",67023.2,32.8453
"cg_vd_v",67023.2,32.8453
"cg_vd_v",67023.3,32.8453
"cg_vd_v",67023.3,32.8453
"cg_vd_v",67023.3,32.8453
"cg_vd_v",67023.3,32.8453
"cg_vd_v",67023.3,32.8453
"cg_vd_v",67023.3,32.8453
"cg_vd_v",67023.3,32.8453
"cg_vd_v",67023.3,32.8453
"cg_vd_v",67023.3,32.8453
"cg_vd_v",67023.3,32.8453
"cg_vd_v",67023.4,32.8453
"cg_vd_v",67023.4,32.8453
"cg_vd_v",67023.4,32.8453
"cg_vd_v",67023.4,32.8453
"cg_vd_v",67023.4,32.8453
"cg_vd_v",67023.4,32.8453
"cg_vd_v",67023.4,32.8453
"cg_vd_v",67023.4,32.8453
"cg_vd_v",67023.4,32.8453
"cg_vd_v",67023.4,32.8453
"cg_vd_v",67023.5,32.8453
"cg_vd_v",67023.5,32.8453
"cg_vd_v",67023.5,32.8453
"cg_vd_v",67023.5,32.8453
"cg_vd_v",67023.5,32.8453
"cg_vd_v",67023.5,32.8453
"cg_vd_v",67023.5,32.8453
"cg_vd_v",67023.5,32.8453
"cg_vd_v",67023.5,32.8453
"cg_vd_v",67023.5,32.8453
"cg_vd_v",67023.6,32.8453
"cg_vd_v",67023.6,32.8453
"cg_vd_v",67023.6,32.8453
"cg_vd_v",67023.6,32.8453
"cg_vd_v",67023.6,32.8453
"cg_vd_v",67023.6,32.8453
"cg_vd_v",67023.6,32.8453
"cg_vd_v",67023.6,32.8453
"cg_vd_v",67023.6,32.8453
"cg_vd_v",67023.6,32.8453
"cg_vd_v",67023.7,32.8453
"cg_vd_v",67023.7,32.8453
"cg_vd_v",67023.7,32.8453
"cg_vd_v",67023.7,32.8453
"cg_vd_v",67023.7,32.8453
"cg_vd_v",67023.7,32.8453
"cg_vd_v",67023.7,32.8453
"cg_vd_v",67023.7,32.8453
"cg_vd_v",67023.7,32.8453
"cg_vd_v",67023.7,32.8453
"cg_vd_v",67023.8,32.8453
"cg_vd_v",67023.8,32.8453
"cg_vd_v",67023.8,32.8453
"cg_vd_v",67023.8,32.8453
"cg_vd_v",67023.8,32.8453
"cg_vd_v",67023.8,32.8453
"cg_vd_v",67023.8,32.8453
"cg_vd_v",67023.8,32.8453
"cg_vd_v",67023.8,32.8453
"cg_vd_v",67023.8,32.8453
"cg_vd_v",67023.8,32.8453
"cg_vd_v",67023.9,32.8453
"cg_vd_v",67023.9,32.8453
"cg_vd_v",67023.9,32.8453
"cg_vd_v",67023.9,32.8453
"cg_vd_v",67023.9,32.8453
"cg_vd_v",67023.9,32.8453
"cg_vd_v",67023.9,32.8453
"cg_vd_v",67023.9,32.8453
"cg_vd_v",67023.9,32.8453
"cg_vd_v",67023.9,32.8453
"cg_vd_v",67024,32.8453
"cg_vd_v",67024,32.8453
"cg_vd_v",67024,32.8453
"cg_vd_v",67024,32.8453
"cg_vd_v",67024,32.8453
"cg_vd_v",67024,32.8453
"cg_vd_v",67024,32.8453
"cg_vd_v",67024,32.8453
"cg_vd_v",67024,32.8453
"cg_vd_v",67024,32.8453
"cg_vd_v",67024.1,32.8453
"cg_vd_v",67024.1,32.8453
"cg_vd_v",67024.1,32.8453
"cg_vd_v",67024.1,32.8453
"cg_vd_v",67024.1,32.8453
"cg_vd_v",67024.1,32.8453
"cg_vd_v",67024.1,32.8453
"cg_vd_v",67024.1,32.8453
"cg_vd_v",67024.1,32.8453
"cg_vd_v",67024.1,32.8453
"cg_vd_v",67024.2,32.8453
"cg_vd_v",67024.2,32.8453
"cg_vd_v",67024.2,32.8453
"cg_vd_v",67024.2,32.8453
"cg_vd_v",67024.2,32.8453
"cg_vd_v",67024.2,32.8453
"cg_vd_v",67024.2,32.8453
"cg_vd_v",67024.2,32.8453
"cg_vd_v",67024.2,32.8453
"cg_vd_v",67024.2,32.8453
"cg_vd_v",67024.3,32.8453
"cg_vd_v",67024.3,32.8453
"cg_vd_v",67024.3,32.8453
"cg_vd_v",67024.3,32.8453
"cg_vd_v",67024.3,32.8453
"cg_vd_v",67024.3,32.8453
"cg_vd_v",67024.3,32.8453
"cg_vd_v",67024.3,32.8453
"cg_vd_v",67024.3,32.8453
"cg_vd_v",67024.3,32.8453
"cg_vd_v",67024.4,32.8453
"cg_vd_v",67024.4,32.8453
"cg_vd_v",67024.4,32.8453
"cg_vd_v",67024.4,32.8453
"cg_vd_v",67024.4,32.8453
"cg_vd_v",67024.4,32.8453
"cg_vd_v",67024.4,32.8453
"cg_vd_v",67024.4,32.8453
"cg_vd_v",67024.4,32.8453
"cg_vd_v",67024.4,32.8453
"cg_vd_v",67024.5,32.8453
"cg_vd_v",67024.5,32.8453
"cg_vd_v",67024.5,32.8453
"cg_vd_v",67024.5,32.8453
"cg_vd_v",67024.5,32.8453
"cg_vd_v",67024.5,32.8453
"cg_vd_v",67024.5,32.8453
"cg_vd_v",67024.5,32.8453
"cg_vd_v",67024.5,32.8453
"cg_vd_v",67024.5,32.8453
"cg_vd_v",67024.6,32.8453
"cg_vd_v",67024.6,32.8453
"cg_vd_v",67024.6,32.8453
"cg_vd_v",67024.6,32.8453
"cg_vd_v",67024.6,32.8453
"cg_vd_v",67024.6,32.8453
"cg_vd_v",67024.6,32.8453
"cg_vd_v",67024.6,32.8453
"cg_vd_v",67024.6,32.8453
"cg_vd_v",67024.6,32.8453
"cg_vd_v",67024.7,32.8453
"cg_vd_v",67024.7,32.8453
"cg_vd_v",67024.7,32.8453
"cg_vd_v",67024.7,32.8453
"cg_vd_v",67024.7,32.8453
"cg_vd_v",67024.7,32.8453
"cg_vd_v",67024.8,32.8453
"cg_vd_v",67024.8,32.8453
"cg_vd_v",67024.8,32.8453
"cg_vd_v",67024.8,32.8453
"cg_vd_v",67024.8,32.8453
"cg_vd_v",67024.8,32.8453
"cg_vd_v",67024.9,32.8453
"cg_vd_v",67024.9,32.8453
"cg_vd_v",67024.9,32.8453
"cg_vd_v",67024.9,32.8453
"cg_vd_v",67024.9,32.8453
"cg_vd_v",67024.9,32.8453
"cg_vd_v",67024.9,32.8453
"cg_vd_v",67024.9,32.8453
"cg_vd_v",67025,32.8453
"cg_vd_v",67025,32.8453
"cg_vd_v",67025,32.8453
"cg_vd_v",67025,32.8453
"cg_vd_v",67025,32.8453
"cg_vd_v",67025.1,32.8453
"cg_vd_v",67025.1,32.8453
"cg_vd_v",67025.1,32.8453
"cg_vd_v",67025.1,32.8453
"cg_vd_v",67025.1,32.8453
"cg_vd_v",67025.1,32.8453
"cg_vd_v",67025.1,32.8453
"cg_vd_v",67025.1,32.8453
"cg_vd_v",67025.1,32.8453
"cg_vd_v",67025.1,32.8453
"cg_vd_v",67025.2,32.8453
"cg_vd_v",67025.2,32.8453
"cg_vd_v",67025.2,32.8453
"cg_vd_v",67025.2,32.8453
"cg_vd_v",67025.2,32.8453
"cg_vd_v",67025.2,32.8453
"cg_vd_v",67025.2,32.8453
"cg_vd_v",67025.2,32.8453
"cg_vd_v",67025.2,32.8453
"cg_vd_v",67025.2,32.8453
"cg_vd_v",67025.2,32.8453
"cg_vd_v",67025.2,32.8453
"cg_vd_v",67025.3,32.8453
"cg_vd_v",67025.3,32.8453
"cg_vd_v",67025.3,32.8453
"cg_vd_v",67025.3,32.8453
"cg_vd_v",67025.3,32.8453
"cg_vd_v",67025.3,32.8453
"cg_vd_v",67025.3,32.8453
"cg_vd_v",67025.3,32.8453
"cg_vd_v",67025.3,32.8453
"cg_vd_v",67025.3,32.8453
"cg_vd_v",67025.3,32.8453
"cg_vd_v",67025.4,32.8453
"cg_vd_v",67025.4,32.8453
"cg_vd_v",67025.4,32.8453
"cg_vd_v",67025.4,32.8453
"cg_vd_v",67025.4,32.8453
"cg_vd_v",67025.4,32.8453
"cg_vd_v",67025.4,32.8453
"cg_vd_v",67025.4,32.8453
"cg_vd_v",67025.4,32.8453
"cg_vd_v",67025.4,32.8453
"cg_vd_v",67025.4,32.8453
"cg_vd_v",67025.5,32.8453
"cg_vd_v",67025.5,32.8453
"cg_vd_v",67025.5,32.8453
"cg_vd_v",67025.5,32.8453
"cg_vd_v",67025.5,32.8453
"cg_vd_v",67025.5,32.8453
"cg_vd_v",67025.5,32.8453
"cg_vd_v",67025.5,32.8453
"cg_vd_v",67025.5,32.8453
"cg_vd_v",67025.5,32.8453
"cg_vd_v",67025.5,32.8453
"cg_vd_v",67025.5,32.8453
"cg_vd_v",67025.6,32.8453
"cg_vd_v",67025.6,32.8453
"cg_vd_v",67025.6,32.8453
"cg_vd_v",67025.6,32.8453
"cg_vd_v",67025.6,32.8453
"cg_vd_v",67025.6,32.8453
"cg_vd_v",67025.6,32.8453
"cg_vd_v",67025.6,32.8453
"cg_vd_v",67025.6,32.8453
"cg_vd_v",67025.6,32.8453
"cg_vd_v",67025.6,32.8453
"cg_vd_v",67025.7,32.8453
"cg_vd_v",67025.7,32.8453
"cg_vd_v",67025.7,32.8453
"cg_vd_v",67025.7,32.8453
"cg_vd_v",67025.7,32.8453
"cg_vd_v",67025.7,32.8453
"cg_vd_v",67025.7,32.8453
"cg_vd_v",67025.7,32.8453
"cg_vd_v",67025.7,32.8453
"cg_vd_v",67025.7,32.8453
"cg_vd_v",67025.7,32.8453
"cg_vd_v",67025.8,32.8453
"cg_vd_v",67025.8,32.8453
"cg_vd_v",67025.8,32.8453
"cg_vd_v",67025.8,32.8453
"cg_vd_v",67025.8,32.8453
"cg_vd_v",67025.8,32.8453
"cg_vd_v",67025.8,32.8453
"cg_vd_v",67025.8,32.8453
"cg_vd_v",67025.8,32.8453
"cg_vd_v",67025.8,32.8453
"cg_vd_v",67025.8,32.8453
"cg_vd_v",67025.9,32.8453
"cg_vd_v",67025.9,32.8453
"cg_vd_v",67025.9,32.8453
"cg_vd_v",67025.9,32.8453
"cg_vd_v",67025.9,32.8453
"cg_vd_v",67025.9,32.8453
"cg_vd_v",67025.9,32.8453
"cg_vd_v",67025.9,32.8453
"cg_vd_v",67025.9,32.8453
"cg_vd_v",67025.9,32.8453
"cg_vd_v",67026,32.8453
"cg_vd_v",67026,32.8453
"cg_vd_v",67026,32.8453
"cg_vd_v",67026,32.8453
"cg_vd_v",67026,32.8453
"cg_vd_v",67026,32.8453
"cg_vd_v",67026,32.8453
"cg_vd_v",67026,32.8453
"cg_vd_v",67026,32.8453
"cg_vd_v",67026,32.8453
"cg_vd_v",67026.1,32.8453
"cg_vd_v",67026.1,32.8453
"cg_vd_v",67026.1,32.8453
"cg_vd_v",67026.1,32.8453
"cg_vd_v",67026.1,32.8453
"cg_vd_v",67026.1,32.8453
"cg_vd_v",67026.1,32.8453
"cg_vd_v",67026.1,32.8453
"cg_vd_v",67026.1,32.8453
"cg_vd_v",67026.1,32.8453
"cg_vd_v",67026.2,32.8453
"cg_vd_v",67026.2,32.8453
"cg_vd_v",67026.2,32.8453
"cg_vd_v",67026.2,32.8453
"cg_vd_v",67026.2,32.8453
"cg_vd_v",67026.2,32.8453
"cg_vd_v",67026.2,32.8453
"cg_vd_v",67026.2,32.8453
"cg_vd_v",67026.2,32.8453
"cg_vd_v",67026.2,32.8453
"cg_vd_v",67026.3,32.8453
"cg_vd_v",67026.3,32.8453
"cg_vd_v",67026.3,32.8453
"cg_vd_v",67026.3,32.8453
"cg_vd_v",67026.3,32.8453
"cg_vd_v",67026.3,32.8453
"cg_vd_v",67026.3,32.8453
"cg_vd_v",67026.3,32.8453
"cg_vd_v",67026.3,32.8453
"cg_vd_v",67026.3,32.8453
"cg_vd_v",67026.4,32.8453
"cg_vd_v",67026.4,32.8453
"cg_vd_v",67026.4,32.8453
"cg_vd_v",67026.4,32.8453
"cg_vd_v",67026.4,32.8453
"cg_vd_v",67026.4,32.8453
"cg_vd_v",67026.4,32.8453
"cg_vd_v",67026.4,32.8453
"cg_vd_v",67026.4,32.8453
"cg_vd_v",67026.4,32.8453
"cg_vd_v",67026.5,32.8453
"cg_vd_v",67026.5,32.8453
"cg_vd_v",67026.5,32.8453
"cg_vd_v",67026.5,32.8453
"cg_vd_v",67026.5,32.8453
"cg_vd_v",67026.5,32.8453
"cg_vd_v",67026.5,32.8453
"cg_vd_v",67026.5,32.8453
"cg_vd_v",67026.5,32.8453
"cg_vd_v",67026.5,32.8453
"cg_vd_v",67026.6,32.8453
"cg_vd_v",67026.6,32.8453
"cg_vd_v",67026.6,32.8453
"cg_vd_v",67026.6,32.8453
"cg_vd_v",67026.6,32.8453
"cg_vd_v",67026.6,32.8453
"cg_vd_v",67026.6,32.8453
"cg_vd_v",67026.6,32.8453
"cg_vd_v",67026.6,32.8453
"cg_vd_v",67026.6,32.8453
"cg_vd_v",67026.7,32.8453
"cg_vd_v",67026.7,32.8453
"cg_vd_v",67026.7,32.8453
"cg_vd_v",67026.7,32.8453
"cg_vd_v",67026.7,32.8453
"cg_vd_v",67026.7,32.8453
"cg_vd_v",67026.7,32.8453
"cg_vd_v",67026.7,32.8453
"cg_vd_v",67026.7,32.8453
"cg_vd_v",67026.8,32.8453
"cg_vd_v",67026.8,32.8453
"cg_vd_v",67026.8,32.8453
"cg_vd_v",67026.8,32.8453
"cg_vd_v",67026.8,32.8453
"cg_vd_v",67026.8,32.8453
"cg_vd_v",67026.8,32.8453
"cg_vd_v",67026.8,32.8453
"cg_vd_v",67026.8,32.8453
"cg_vd_v",67026.8,32.8453
"cg_vd_v",67026.9,32.8453
"cg_vd_v",67026.9,32.8453
"cg_vd_v",67026.9,32.8453
"cg_vd_v",67026.9,32.8453
"cg_vd_v",67026.9,32.8453
"cg_vd_v",67026.9,32.8453
"cg_vd_v",67026.9,32.8453
"cg_vd_v",67026.9,32.8453
"cg_vd_v",67026.9,32.8453
"cg_vd_v",67026.9,32.8453
"cg_vd_v",67026.9,32.8453
"cg_vd_v",67027,32.8453
"cg_vd_v",67027,32.8453
"cg_vd_v",67027,32.8453
"cg_vd_v",67027,32.8453
"cg_vd_v",67027,32.8453
"cg_vd_v",67027,32.8453
"cg_vd_v",67027,32.8453
"cg_vd_v",67027,32.8453
"cg_vd_v",67027,32.8453
"cg_vd_v",67027,32.8453
"cg_vd_v",67027.1,32.8453
"cg_vd_v",67027.1,32.8453
"cg_vd_v",67027.1,32.8453
"cg_vd_v",67027.1,32.8453
"cg_vd_v",67027.1,32.8453
"cg_vd_v",67027.1,32.8453
"cg_vd_v",67027.1,32.8453
"cg_vd_v",67027.1,32.8453
"cg_vd_v",67027.1,32.8453
"cg_vd_v",67027.1,32.8453
"cg_vd_v",67027.2,32.8453
"cg_vd_v",67027.2,32.8453
"cg_vd_v",67027.2,32.8453
"cg_vd_v",67027.2,32.8453
"cg_vd_v",67027.2,32.8453
"cg_vd_v",67027.2,32.8453
"cg_vd_v",67027.2,32.8453
"cg_vd_v",67027.2,32.8453
"cg_vd_v",67027.2,32.8453
"cg_vd_v",67027.2,32.8453
"cg_vd_v",67027.3,32.8453
"cg_vd_v",67027.3,32.8453
"cg_vd_v",67027.3,32.8453
"cg_vd_v",67027.3,32.8453
"cg_vd_v",67027.3,32.8453
"cg_vd_v",67027.3,32.8453
"cg_vd_v",67027.3,32.8453
"cg_vd_v",67027.3,32.8453
"cg_vd_v",67027.3,32.8453
"cg_vd_v",67027.4,32.8453
"cg_vd_v",67027.4,32.8453
"cg_vd_v",67027.4,32.8453
"cg_vd_v",67027.4,32.8453
"cg_vd_v",67027.4,32.8453
"cg_vd_v",67027.4,32.8453
"cg_vd_v",67027.4,32.8453
"cg_vd_v",67027.4,32.8453
"cg_vd_v",67027.4,32.8453
"cg_vd_v",67027.4,32.8453
"cg_vd_v",67027.4,32.8453
"cg_vd_v",67027.5,32.8453
"cg_vd_v",67027.5,32.8453
"cg_vd_v",67027.5,32.8453
"cg_vd_v",67027.5,32.8453
"cg_vd_v",67027.5,32.8453
"cg_vd_v",67027.5,32.8453
"cg_vd_v",67027.5,32.8453
"cg_vd_v",67027.5,32.8453
"cg_vd_v",67027.5,32.8453
"cg_vd_v",67027.5,32.8453
"cg_vd_v",67027.6,32.8453
"cg_vd_v",67027.6,32.8453
"cg_vd_v",67027.6,32.8453
"cg_vd_v",67027.6,32.8453
"cg_vd_v",67027.6,32.8453
"cg_vd_v",67027.6,32.8453
"cg_vd_v",67027.6,32.8453
"cg_vd_v",67027.6,32.8453
"cg_vd_v",67027.6,32.8453
"cg_vd_v",67027.6,32.8453
"cg_vd_v",67027.7,32.8453
"cg_vd_v",67027.7,32.8453
"cg_vd_v",67027.7,32.8453
"cg_vd_v",67027.7,32.8453
"cg_vd_v",67027.7,32.8453
"cg_vd_v",67027.7,32.8453
"cg_vd_v",67027.7,32.8453
"cg_vd_v",67027.7,32.8453
"cg_vd_v",67027.7,32.8453
"cg_vd_v",67027.8,32.8453
"cg_vd_v",67027.8,32.8453
"cg_vd_v",67027.8,32.8453
"cg_vd_v",67027.8,32.8453
"cg_vd_v",67027.8,32.8453
"cg_vd_v",67027.8,32.8453
"cg_vd_v",67027.8,32.8453
"cg_vd_v",67027.8,32.8453
"cg_vd_v",67027.8,32.8453
"cg_vd_v",67027.8,32.8453
"cg_vd_v",67027.8,32.8453
"cg_vd_v",67027.9,32.8453
"cg_vd_v",67027.9,32.8453
"cg_vd_v",67027.9,32.8453
"cg_vd_v",67027.9,32.8453
"cg_vd_v",67027.9,32.8453
"cg_vd_v",67027.9,32.8453
"cg_vd_v",67027.9,32.8453
"cg_vd_v",67027.9,32.8453
"cg_vd_v",67027.9,32.8453
"cg_vd_v",67027.9,32.8453
"cg_vd_v",67028,32.8453
"cg_vd_v",67028,32.8453
"cg_vd_v",67028,32.8453
"cg_vd_v",67028,32.8453
"cg_vd_v",67028,32.8453
"cg_vd_v",67028,32.8453
"cg_vd_v",67028,32.8453
"cg_vd_v",67028,32.8453
"cg_vd_v",67028,32.8453
"cg_vd_v",67028,32.8453
"cg_vd_v",67028.1,32.8453
"cg_vd_v",67028.1,32.8453
"cg_vd_v",67028.1,32.8453
"cg_vd_v",67028.1,32.8453
"cg_vd_v",67028.1,32.8453
"cg_vd_v",67028.1,32.8453
"cg_vd_v",67028.1,32.8453
"cg_vd_v",67028.1,32.8453
"cg_vd_v",67028.1,32.8453
"cg_vd_v",67028.1,32.8453
"cg_vd_v",67028.2,32.8453
"cg_vd_v",67028.2,32.8453
"cg_vd_v",67028.2,32.8453
"cg_vd_v",67028.2,32.8453
"cg_vd_v",67028.2,32.8453
"cg_vd_v",67028.2,32.8453
"cg_vd_v",67028.2,32.8453
"cg_vd_v",67028.2,32.8453
"cg_vd_v",67028.2,32.8453
"cg_vd_v",67028.2,32.8453
"cg_vd_v",67028.3,32.8453
"cg_vd_v",67028.3,32.8453
"cg_vd_v",67028.3,32.8453
"cg_vd_v",67028.3,32.8453
"cg_vd_v",67028.3,32.8453
"cg_vd_v",67028.3,32.8453
"cg_vd_v",67028.3,32.8453
"cg_vd_v",67028.3,32.8453
"cg_vd_v",67028.3,32.8453
"cg_vd_v",67028.3,32.8453
"cg_vd_v",67028.4,32.8453
"cg_vd_v",67028.4,32.8453
"cg_vd_v",67028.4,32.8453
"cg_vd_v",67028.4,32.8453
"cg_vd_v",67028.4,32.8453
"cg_vd_v",67028.4,32.8453
"cg_vd_v",67028.4,32.8453
"cg_vd_v",67028.4,32.8453
"cg_vd_v",67028.4,32.8453
"cg_vd_v",67028.4,32.8453
"cg_vd_v",67028.5,32.8453
"cg_vd_v",67028.5,32.8453
"cg_vd_v",67028.5,32.8453
"cg_vd_v",67028.5,32.8453
"cg_vd_v",67028.5,32.8453
"cg_vd_v",67028.5,32.8453
"cg_vd_v",67028.5,32.8453
"cg_vd_v",67028.5,32.8453
"cg_vd_v",67028.5,32.8453
"cg_vd_v",67028.5,32.8453
"cg_vd_v",67028.6,32.8453
"cg_vd_v",67028.6,32.8453
"cg_vd_v",67028.6,32.8453
"cg_vd_v",67028.6,32.8453
"cg_vd_v",67028.6,32.8453
"cg_vd_v",67028.6,32.8453
"cg_vd_v",67028.6,32.8453
"cg_vd_v",67028.6,32.8453
"cg_vd_v",67028.6,32.8453
"cg_vd_v",67028.6,32.8453
"cg_vd_v",67028.7,32.8453
"cg_vd_v",67028.7,32.8453
"cg_vd_v",67028.7,32.8453
"cg_vd_v",67028.7,32.8453
"cg_vd_v",67028.7,32.8453
"cg_vd_v",67028.7,32.8453
"cg_vd_v",67028.7,32.8453
"cg_vd_v",67028.7,32.8453
"cg_vd_v",67028.7,32.8453
"cg_vd_v",67028.8,32.8453
"cg_vd_v",67028.8,32.8453
"cg_vd_v",67028.8,32.8453
"cg_vd_v",67028.8,32.8453
"cg_vd_v",67028.8,32.8453
"cg_vd_v",67028.8,32.8453
"cg_vd_v",67028.8,32.8453
"cg_vd_v",67028.8,32.8453
"cg_vd_v",67028.8,32.8453
"cg_vd_v",67028.8,32.8453
"cg_vd_v",67028.9,32.8453
"cg_vd_v",67028.9,32.8453
"cg_vd_v",67028.9,32.8453
"cg_vd_v",67028.9,32.8453
"cg_vd_v",67028.9,32.8453
"cg_vd_v",67028.9,32.8453
"cg_vd_v",67028.9,32.8453
"cg_vd_v",67028.9,32.8453
"cg_vd_v",67028.9,32.8453
"cg_vd_v",67028.9,32.8453
"cg_vd_v",67029,32.8453
"cg_vd_v",67029,32.8453
"cg_vd_v",67029,32.8453
"cg_vd_v",67029,32.8453
"cg_vd_v",67029,32.8453
"cg_vd_v",67029,32.8453
"cg_vd_v",67029,32.8453
"cg_vd_v",67029,32.8453
"cg_vd_v",67029,32.8453
"cg_vd_v",67029,32.8453
"cg_vd_v",67029,32.8453
"cg_vd_v",67029.1,32.8453
"cg_vd_v",67029.1,32.8453
"cg_vd_v",67029.1,32.8453
"cg_vd_v",67029.1,32.8453
"cg_vd_v",67029.1,32.8453
"cg_vd_v",67029.1,32.8453
"cg_vd_v",67029.1,32.8453
"cg_vd_v",67029.1,32.8453
"cg_vd_v",67029.1,32.8453
"cg_vd_v",67029.1,32.8453
"cg_vd_v",67029.2,32.8453
"cg_vd_v",67029.2,32.8453
"cg_vd_v",67029.2,32.8453
"cg_vd_v",67029.2,32.8453
"cg_vd_v",67029.2,32.8453
"cg_vd_v",67029.2,32.8453
"cg_vd_v",67029.2,32.8453
"cg_vd_v",67029.2,32.8453
"cg_vd_v",67029.2,32.8453
"cg_vd_v",67029.2,32.8453
"cg_vd_v",67029.3,32.8453
"cg_vd_v",67029.3,32.8453
"cg_vd_v",67029.3,32.8453
"cg_vd_v",67029.3,32.8453
"cg_vd_v",67029.3,32.8453
"cg_vd_v",67029.3,32.8453
"cg_vd_v",67029.3,32.8453
"cg_vd_v",67029.3,32.8453
"cg_vd_v",67029.3,32.8453
"cg_vd_v",67029.4,32.8453
"cg_vd_v",67029.4,32.8453
"cg_vd_v",67029.4,32.8453
"cg_vd_v",67029.4,32.8453
"cg_vd_v",67029.4,32.8453
"cg_vd_v",67029.4,32.8453
"cg_vd_v",67029.4,32.8453
"cg_vd_v",67029.4,32.8453
"cg_vd_v",67029.4,32.8453
"cg_vd_v",67029.4,32.8453
"cg_vd_v",67029.4,32.8453
"cg_vd_v",67029.5,32.8453
"cg_vd_v",67029.5,32.8453
"cg_vd_v",67029.5,32.8453
"cg_vd_v",67029.5,32.8453
"cg_vd_v",67029.5,32.8453
"cg_vd_v",67029.5,32.8453
"cg_vd_v",67029.5,32.8453
"cg_vd_v",67029.5,32.8453
"cg_vd_v",67029.5,32.8453
"cg_vd_v",67029.5,32.8453
"cg_vd_v",67029.6,32.8453
"cg_vd_v",67029.6,32.8453
"cg_vq_v",66999.7,-28.1428
"cg_vq_v",66999.7,-28.1465
"cg_vq_v",66999.7,-28.2071
"cg_vq_v",66999.7,-28.097
"cg_vq_v",66999.7,-28.1046
"cg_vq_v",66999.7,-28.1019
"cg_vq_v",66999.7,-28.0288
"cg_vq_v",66999.8,-28.0214
"cg_vq_v",66999.8,-28.063
"cg_vq_v",66999.8,-27.9208
"cg_vq_v",66999.8,-28.02
"cg_vq_v",66999.8,-28.0417
"cg_vq_v",66999.8,-27.8194
"cg_vq_v",66999.8,-28.0834
"cg_vq_v",66999.8,-27.9451
"cg_vq_v",66999.8,-27.8356
"cg_vq_v",66999.8,-27.9421
"cg_vq_v",66999.8,-27.9231
"cg_vq_v",66999.9,-27.8186
"cg_vq_v",66999.9,-27.8456
"cg_vq_v",66999.9,-27.8154
"cg_vq_v",66999.9,-27.7782
"cg_vq_v",66999.9,-27.7752
"cg_vq_v",66999.9,-27.769
"cg_vq_v",66999.9,-27.6468
"cg_vq_v",66999.9,-27.8184
"cg_vq_v",66999.9,-27.6625
"cg_vq_v",66999.9,-27.5707
"cg_vq_v",67000,-27.7882
"cg_vq_v",67000,-27.6349
"cg_vq_v",67000,-27.5361
"cg_vq_v",67000,-27.6753
"cg_vq_v",67000,-27.5658
"cg_vq_v",67000,-27.5618
"cg_vq_v",67000,-27.5599
"cg_vq_v",67000,-27.491
"cg_vq_v",67000,-27.4905
"cg_vq_v",67000,-27.5073
"cg_vq_v",67000.1,-27.5379
"cg_vq_v",67000.1,-27.3985
"cg_vq_v",67000.1,-27.5233
"cg_vq_v",67000.1,-27.49
"cg_vq_v",67000.1,-27.2535
"cg_vq_v",67000.1,-27.4692
"cg_vq_v",67000.1,-27.4088
"cg_vq_v",67000.1,-27.2284
"cg_vq_v",67000.1,-27.3449
"cg_vq_v",67000.1,-27.3707
"cg_vq_v",67000.2,-27.2359
"cg_vq_v",67000.2,-27.2316
"cg_vq_v",67000.2,-27.2799
"cg_vq_v",67000.2,-27.2297
"cg_vq_v",67000.2,-27.1932
"cg_vq_v",67000.2,-27.2421
"cg_vq_v",67000.2,-27.1157
"cg_vq_v",67000.2,-27.1092
"cg_vq_v",67000.2,-27.2158
"cg_vq_v",67000.2,-27.0967
"cg_vq_v",67000.3,-26.9436
"cg_vq_v",67000.3,-27.1648
"cg_vq_v",67000.3,-27.068
"cg_vq_v",67000.3,-26.9348
"cg_vq_v",67000.3,-27.0472
"cg_vq_v",67000.3,-27.043
"cg_vq_v",67000.3,-26.9664
"cg_vq_v",67000.3,-26.9695
"cg_vq_v",67000.3,-26.9584
"cg_vq_v",67000.4,-26.9505
"cg_vq_v",67000.4,-26.8723
"cg_vq_v",67000.4,-26.9527
"cg_vq_v",67000.4,-26.8672
"cg_vq_v",67000.4,-26.7941
"cg_vq_v",67000.4,-26.9085
"cg_vq_v",67000.4,-26.9012
"cg_vq_v",67000.4,-26.6635
"cg_vq_v",67000.4,-26.8051
"cg_vq_v",67000.4,-26.8773
"cg_vq_v",67000.4,-26.6625
"cg_vq_v",67000.5,-26.6471
"cg_vq_v",67000.5,-26.7752
"cg_vq_v",67000.5,-26.702
"cg_vq_v",67000.5,-26.6504
"cg_vq_v",67000.5,-26.6389
"cg_vq_v",67000.5,-26.6221
"cg_vq_v",67000.5,-26.5933
"cg_vq_v",67000.5,-26.563
"cg_vq_v",67000.5,-26.5768
"cg_vq_v",67000.5,-26.5348
"cg_vq_v",67000.6,-26.4459
"cg_vq_v",67000.6,-26.5574
"cg_vq_v",67000.6,-26.5335
"cg_vq_v",67000.6,-26.3537
"cg_vq_v",67000.6,-26.442
"cg_vq_v",67000.6,-26.5935
"cg_vq_v",67000.6,-26.3333
"cg_vq_v",67000.6,-26.3506
"cg_vq_v",67000.6,-26.4386
"cg_vq_v",67000.6,-26.4247
"cg_vq_v",67000.7,-26.3158
"cg_vq_v",67000.7,-26.3183
"cg_vq_v",67000.7,-26.3085
"cg_vq_v",67000.7,-26.3337
"cg_vq_v",67000.7,-26.2391
"cg_vq_v",67000.7,-26.2573
"cg_vq_v",67000.7,-26.2364
"cg_vq_v",67000.7,-26.1155
"cg_vq_v",67000.7,-26.1866
"cg_vq_v",67000.8,-26.2831
"cg_vq_v",67000.8,-26.1745
"cg_vq_v",67000.8,-25.9707
"cg_vq_v",67000.8,-26.1563
"cg_vq_v",67000.8,-26.2088
"cg_vq_v",67000.8,-26.0366
"cg_vq_v",67000.8,-25.9672
"cg_vq_v",67000.8,-26.1114
"cg_vq_v",67000.8,-26.0361
"cg_vq_v",67000.8,-26.0077
"cg_vq_v",67000.9,-25.993
"cg_vq_v",67000.9,-25.988
"cg_vq_v",67000.9,-26.0065
"cg_vq_v",67000.9,-25.9392
"cg_vq_v",67000.9,-25.9496
"cg_vq_v",67000.9,-25.9729
"cg_vq_v",67000.9,-25.8592
"cg_vq_v",67000.9,-25.7849
"cg_vq_v",67000.9,-25.9932
"cg_vq_v",67000.9,-25.9407
"cg_vq_v",67000.9,-25.7656
"cg_vq_v",67001,-25.6682
"cg_vq_v",67001,-25.9247
"cg_vq_v",67001,-25.8333
"cg_vq_v",67001,-25.7058
"cg_vq_v",67001,-25.6877
"cg_vq_v",67001,-25.7445
"cg_vq_v",67001,-25.7563
"cg_vq_v",67001,-25.6882
"cg_vq_v",67001,-25.638
"cg_vq_v",67001,-25.6886
"cg_vq_v",67001.1,-25.6472
"cg_vq_v",67001.1,-25.6453
"cg_vq_v",67001.1,-25.5881
"cg_vq_v",67001.1,-25.6661
"cg_vq_v",67001.1,-25.5926
"cg_vq_v",67001.1,-25.4731
"cg_vq_v",67001.1,-25.5137
"cg_vq_v",67001.1,-25.643
"cg_vq_v",67001.1,-25.5008
"cg_vq_v",67001.1,-25.3768
"cg_vq_v",67001.2,-25.4754
"cg_vq_v",67001.2,-25.6079
"cg_vq_v",67001.2,-25.4236
"cg_vq_v",67001.2,-25.327
"cg_vq_v",67001.2,-25.3661
"cg_vq_v",67001.2,-25.4199
"cg_vq_v",67001.2,-25.4018
"cg_vq_v",67001.2,-25.3099
"cg_vq_v",67001.2,-25.3686
"cg_vq_v",67001.2,-25.3472
"cg_vq_v",67001.3,-25.3206
"cg_vq_v",67001.3,-25.2613
"cg_vq_v",67001.3,-25.2276
"cg_vq_v",67001.3,-25.2792
"cg_vq_v",67001.3,-25.2466
"cg_vq_v",67001.3,-25.1273
"cg_vq_v",67001.3,-25.111
"cg_vq_v",67001.3,-25.3062
"cg_vq_v",67001.3,-25.2662
"cg_vq_v",67001.4,-25.0266
"cg_vq_v",67001.4,-25.0287
"cg_vq_v",67001.4,-25.2013
"cg_vq_v",67001.4,-25.1917
"cg_vq_v",67001.4,-25.0267
"cg_vq_v",67001.4,-24.9368
"cg_vq_v",67001.4,-25.0243
"cg_vq_v",67001.4,-24.9916
"cg_vq_v",67001.4,-24.9666
"cg_vq_v",67001.4,-24.9349
"cg_vq_v",67001.5,-24.9287
"cg_vq_v",67001.5,-24.8967
"cg_vq_v",67001.5,-24.9278
"cg_vq_v",67001.5,-24.881
"cg_vq_v",67001.5,-24.8845
"cg_vq_v",67001.5,-24.8709
"cg_vq_v",67001.5,-24.8866
"cg_vq_v",67001.5,-24.7971
"cg_vq_v",67001.5,-24.6818
"cg_vq_v",67001.5,-24.7582
"cg_vq_v",67001.5,-24.8898
"cg_vq_v",67001.6,-24.7448
"cg_vq_v",67001.6,-24.5989
"cg_vq_v",67001.6,-24.5988
"cg_vq_v",67001.6,-24.81
"cg_vq_v",67001.6,-24.7878
"cg_vq_v",67001.6,-24.6508
"cg_vq_v",67001.6,-24.4849
"cg_vq_v",67001.6,-24.6236
"cg_vq_v",67001.6,-24.6561
"cg_vq_v",67001.7,-24.6314
"cg_vq_v",67001.7,-24.5177
"cg_vq_v",67001.7,-24.5248
"cg_vq_v",67001.7,-24.4993
"cg_vq_v",67001.7,-24.5235
"cg_vq_v",67001.7,-24.5093
"cg_vq_v",67001.7,-24.4733
"cg_vq_v",67001.7,-24.4895
"cg_vq_v",67001.7,-24.4855
"cg_vq_v",67001.7,-24.4637
"cg_vq_v",67001.8,-24.4163
"cg_vq_v",67001.8,-24.2691
"cg_vq_v",67001.8,-24.3984
"cg_vq_v",67001.8,-24.4909
"cg_vq_v",67001.8,-24.4358
"cg_vq_v",67001.8,-24.1975
"cg_vq_v",67001.8,-24.1714
"cg_vq_v",67001.8,-24.3777
"cg_vq_v",67001.8,-24.4153
"cg_vq_v",67001.8,-24.2946
"cg_vq_v",67001.9,-24.1638
"cg_vq_v",67001.9,-24.1435
"cg_vq_v",67001.9,-24.2716
"cg_vq_v",67001.9,-24.2517
"cg_vq_v",67001.9,-24.1809
"cg_vq_v",67001.9,-24.1218
"cg_vq_v",67001.9,-24.1122
"cg_vq_v",67001.9,-24.0976
"cg_vq_v",67001.9,-24.1105
"cg_vq_v",67001.9,-24.0744
"cg_vq_v",67002,-24.0761
"cg_vq_v",67002,-24.048
"cg_vq_v",67002,-24.0469
"cg_vq_v",67002,-24.0749
"cg_vq_v",67002,-24.0223
"cg_vq_v",67002,-23.9154
"cg_vq_v",67002,-23.9122
"cg_vq_v",67002,-24.0025
"cg_vq_v",67002,-24.1246
"cg_vq_v",67002,-24.0075
"cg_vq_v",67002.1,-23.7258
"cg_vq_v",67002.1,-23.758
"cg_vq_v",67002.1,-23.9253
"cg_vq_v",67002.1,-24.0495
"cg_vq_v",67002.1,-23.9692
"cg_vq_v",67002.1,-23.7708
"cg_vq_v",67002.1,-23.6993
"cg_vq_v",67002.1,-23.7406
"cg_vq_v",67002.1,-23.8551
"cg_vq_v",67002.1,-23.8162
"cg_vq_v",67002.2,-23.7681
"cg_vq_v",67002.2,-23.6766
"cg_vq_v",67002.2,-23.6891
"cg_vq_v",67002.2,-23.6558
"cg_vq_v",67002.2,-23.6776
"cg_vq_v",67002.2,-23.6761
"cg_vq_v",67002.2,-23.6456
"cg_vq_v",67002.2,-23.5908
"cg_vq_v",67002.2,-23.5235
"cg_vq_v",67002.2,-23.6157
"cg_vq_v",67002.2,-23.6315
"cg_vq_v",67002.3,-23.5128
"cg_vq_v",67002.3,-23.4433
"cg_vq_v",67002.3,-23.4388
"cg_vq_v",67002.3,-23.6158
"cg_vq_v",67002.3,-23.6646
"cg_vq_v",67002.3,-23.6031
"cg_vq_v",67002.3,-23.3473
"cg_vq_v",67002.3,-23.2655
"cg_vq_v",67002.3,-23.3732
"cg_vq_v",67002.4,-23.5331
"cg_vq_v",67002.4,-23.5292
"cg_vq_v",67002.4,-23.3805
"cg_vq_v",67002.4,-23.2252
"cg_vq_v",67002.4,-23.2285
"cg_vq_v",67002.4,-23.27
"cg_vq_v",67002.4,-23.3463
"cg_vq_v",67002.4,-23.3128
"cg_vq_v",67002.4,-23.2726
"cg_vq_v",67002.4,-23.1863
"cg_vq_v",67002.5,-23.1824
"cg_vq_v",67002.5,-23.2095
"cg_vq_v",67002.5,-23.1754
"cg_vq_v",67002.5,-23.1702
"cg_vq_v",67002.5,-23.1938
"cg_vq_v",67002.5,-23.1117
"cg_vq_v",67002.5,-23.1052
"cg_vq_v",67002.5,-23.09
"cg_vq_v",67002.5,-23.1509
"cg_vq_v",67002.5,-23.1413
"cg_vq_v",67002.6,-23.0729
"cg_vq_v",67002.6,-22.8883
"cg_vq_v",67002.6,-22.9169
"cg_vq_v",67002.6,-22.988
"cg_vq_v",67002.6,-23.1253
"cg_vq_v",67002.6,-23.1081
"cg_vq_v",67002.6,-23.0051
"cg_vq_v",67002.6,-22.8069
"cg_vq_v",67002.6,-22.7653
"cg_vq_v",67002.6,-22.7881
"cg_vq_v",67002.7,-23.0159
"cg_vq_v",67002.7,-23.0608
"cg_vq_v",67002.7,-22.9558
"cg_vq_v",67002.7,-22.7458
"cg_vq_v",67002.7,-22.716
"cg_vq_v",67002.7,-22.7114
"cg_vq_v",67002.7,-22.8288
"cg_vq_v",67002.7,-22.8794
"cg_vq_v",67002.7,-22.8456
"cg_vq_v",67002.7,-22.7743
"cg_vq_v",67002.8,-22.7212
"cg_vq_v",67002.8,-22.6576
"cg_vq_v",67002.8,-22.6759
"cg_vq_v",67002.8,-22.6532
"cg_vq_v",67002.8,-22.682
"cg_vq_v",67002.8,-22.6838
"cg_vq_v",67002.8,-22.6544
"cg_vq_v",67002.8,-22.5835
"cg_vq_v",67002.8,-22.6046
"cg_vq_v",67002.8,-22.5726
"cg_vq_v",67002.9,-22.6461
"cg_vq_v",67002.9,-22.6259
"cg_vq_v",67002.9,-22.5944
"cg_vq_v",67002.9,-22.5413
"cg_vq_v",67002.9,-22.4107
"cg_vq_v",67002.9,-22.3829
"cg_vq_v",67002.9,-22.5204
"cg_vq_v",67002.9,-22.6024
"cg_vq_v",67002.9,-22.6367
"cg_vq_v",67002.9,-22.5042
"cg_vq_v",67003,-22.3359
"cg_vq_v",67003,-22.1748
"cg_vq_v",67003,-22.2192
"cg_vq_v",67003,-22.3587
"cg_vq_v",67003,-22.5196
"cg_vq_v",67003,-22.5289
"cg_vq_v",67003,-22.506
"cg_vq_v",67003,-22.2992
"cg_vq_v",67003,-22.196
"cg_vq_v",67003,-22.1686
"cg_vq_v",67003.1,-22.2089
"cg_vq_v",67003.1,-22.2701
"cg_vq_v",67003.1,-22.3251
"cg_vq_v",67003.1,-22.3309
"cg_vq_v",67003.1,-22.2881
"cg_vq_v",67003.1,-22.2031
"cg_vq_v",67003.1,-22.208
"cg_vq_v",67003.1,-22.131
"cg_vq_v",67003.1,-22.0972
"cg_vq_v",67003.1,-22.1112
"cg_vq_v",67003.2,-22.148
"cg_vq_v",67003.2,-22.1021
"cg_vq_v",67003.2,-22.1304
"cg_vq_v",67003.2,-22.0735
"cg_vq_v",67003.2,-22.0556
"cg_vq_v",67003.2,-21.9923
"cg_vq_v",67003.2,-22.0442
"cg_vq_v",67003.2,-22.0705
"cg_vq_v",67003.2,-22.1273
"cg_vq_v",67003.2,-22.0369
"cg_vq_v",67003.3,-21.9731
"cg_vq_v",67003.3,-21.8854
"cg_vq_v",67003.3,-21.8103
"cg_vq_v",67003.3,-21.8538
"cg_vq_v",67003.3,-21.9107
"cg_vq_v",67003.3,-22.0093
"cg_vq_v",67003.3,-22.1218
"cg_vq_v",67003.3,-22.0434
"cg_vq_v",67003.3,-21.8794
"cg_vq_v",67003.3,-21.7316
"cg_vq_v",67003.4,-21.588
"cg_vq_v",67003.4,-21.6372
"cg_vq_v",67003.4,-21.6379
"cg_vq_v",67003.4,-21.8282
"cg_vq_v",67003.4,-21.937
"cg_vq_v",67003.4,-21.9435
"cg_vq_v",67003.4,-21.8526
"cg_vq_v",67003.4,-21.7128
"cg_vq_v",67003.4,-21.5935
"cg_vq_v",67003.4,-21.5202
"cg_vq_v",67003.5,-21.5395
"cg_vq_v",67003.5,-21.5812
"cg_vq_v",67003.5,-21.696
"cg_vq_v",67003.5,-21.7363
"cg_vq_v",67003.5,-21.6999
"cg_vq_v",67003.5,-21.6642
"cg_vq_v",67003.5,-21.6197
"cg_vq_v",67003.5,-21.4813
"cg_vq_v",67003.5,-21.5069
"cg_vq_v",67003.5,-21.5082
"cg_vq_v",67003.6,-21.4603
"cg_vq_v",67003.6,-21.4318
"cg_vq_v",67003.6,-21.4773
"cg_vq_v",67003.6,-21.4627
"cg_vq_v",67003.6,-21.4855
"cg_vq_v",67003.6,-21.5055
"cg_vq_v",67003.6,-21.4499
"cg_vq_v",67003.6,-21.379
"cg_vq_v",67003.6,-21.3673
"cg_vq_v",67003.6,-21.3714
"cg_vq_v",67003.6,-21.3804
"cg_vq_v",67003.7,-21.4262
"cg_vq_v",67003.7,-21.4562
"cg_vq_v",67003.7,-21.4587
"cg_vq_v",67003.7,-21.3991
"cg_vq_v",67003.7,-21.2986
"cg_vq_v",67003.7,-21.2085
"cg_vq_v",67003.7,-21.1472
"cg_vq_v",67003.7,-21.1304
"cg_vq_v",67003.7,-21.0452
"cg_vq_v",67003.7,-21.2605
"cg_vq_v",67003.8,-21.3488
"cg_vq_v",67003.8,-21.4791
"cg_vq_v",67003.8,-21.4411
"cg_vq_v",67003.8,-21.4093
"cg_vq_v",67003.8,-21.2104
"cg_vq_v",67003.8,-21.0403
"cg_vq_v",67003.8,-20.9285
"cg_vq_v",67003.8,-20.8674
"cg_vq_v",67003.8,-20.8666
"cg_vq_v",67003.8,-21.0137
"cg_vq_v",67003.9,-21.1452
"cg_vq_v",67003.9,-21.2334
"cg_vq_v",67003.9,-21.325
"cg_vq_v",67003.9,-21.2854
"cg_vq_v",67003.9,-21.1951
"cg_vq_v",67003.9,-21.091
"cg_vq_v",67003.9,-20.9442
"cg_vq_v",67003.9,-20.8082
"cg_vq_v",67003.9,-20.6789
"cg_vq_v",67003.9,-20.7931
"cg_vq_v",67004,-20.7995
"cg_vq_v",67004,-20.8413
"cg_vq_v",67004,-20.9488
"cg_vq_v",67004,-20.9818
"cg_vq_v",67004,-21.0321
"cg_vq_v",67004,-20.9366
"cg_vq_v",67004,-20.9214
"cg_vq_v",67004,-20.8586
"cg_vq_v",67004,-20.8227
"cg_vq_v",67004,-20.7991
"cg_vq_v",67004.1,-20.736
"cg_vq_v",67004.1,-20.7286
"cg_vq_v",67004.1,-20.707
"cg_vq_v",67004.1,-20.7251
"cg_vq_v",67004.1,-20.7424
"cg_vq_v",67004.1,-20.7114
"cg_vq_v",67004.1,-20.7306
"cg_vq_v",67004.1,-20.6761
"cg_vq_v",67004.1,-20.738
"cg_vq_v",67004.1,-20.7094
"cg_vq_v",67004.2,-20.6806
"cg_vq_v",67004.2,-20.66
"cg_vq_v",67004.2,-20.6237
"cg_vq_v",67004.2,-20.5944
"cg_vq_v",67004.2,-20.5717
"cg_vq_v",67004.2,-20.5316
"cg_vq_v",67004.2,-20.5884
"cg_vq_v",67004.2,-20.6408
"cg_vq_v",67004.2,-20.6718
"cg_vq_v",67004.2,-20.7134
"cg_vq_v",67004.3,-20.699
"cg_vq_v",67004.3,-20.6672
"cg_vq_v",67004.3,-20.5965
"cg_vq_v",67004.3,-20.477
"cg_vq_v",67004.3,-20.4087
"cg_vq_v",67004.3,-20.3083
"cg_vq_v",67004.3,-20.2418
"cg_vq_v",67004.3,-20.2098
"cg_vq_v",67004.3,-20.2157
"cg_vq_v",67004.3,-20.3567
"cg_vq_v",67004.4,-20.4164
"cg_vq_v",67004.4,-20.539
"cg_vq_v",67004.4,-20.6367
"cg_vq_v",67004.4,-20.7119
"cg_vq_v",67004.4,-20.7385
"cg_vq_v",67004.4,-20.7208
"cg_vq_v",67004.4,-20.621
"cg_vq_v",67004.4,-20.4413
"cg_vq_v",67004.4,-20.2891
"cg_vq_v",67004.4,-20.1802
"cg_vq_v",67004.5,-20.0176
"cg_vq_v",67004.5,-19.9055
"cg_vq_v",67004.5,-19.8611
"cg_vq_v",67004.5,-19.9218
"cg_vq_v",67004.5,-19.982
"cg_vq_v",67004.5,-20.0755
"cg_vq_v",67004.5,-20.1927
"cg_vq_v",67004.5,-20.3775
"cg_vq_v",67004.5,-20.4621
"cg_vq_v",67004.5,-20.5276
"cg_vq_v",67004.6,-20.5396
"cg_vq_v",67004.6,-20.541
"cg_vq_v",67004.6,-20.4504
"cg_vq_v",67004.6,-20.3526
"cg_vq_v",67004.6,-20.2659
"cg_vq_v",67004.6,-20.1745
"cg_vq_v",67004.6,-19.9598
"cg_vq_v",67004.6,-19.8507
"cg_vq_v",67004.6,-19.7481
"cg_vq_v",67004.6,-19.7363
"cg_vq_v",67004.7,-19.7054
"cg_vq_v",67004.7,-19.7348
"cg_vq_v",67004.7,-19.7735
"cg_vq_v",67004.7,-19.8672
"cg_vq_v",67004.7,-19.8961
"cg_vq_v",67004.7,-19.983
"cg_vq_v",67004.8,-19.9905
"cg_vq_v",67004.8,-20.053
"cg_vq_v",67004.8,-20.0048
"cg_vq_v",67004.8,-20.1114
"cg_vq_v",67004.8,-20.0301
"cg_vq_v",67004.8,-20.0377
"cg_vq_v",67004.9,-19.9693
"cg_vq_v",67004.9,-19.9489
"cg_vq_v",67004.9,-19.8893
"cg_vq_v",67004.9,-19.8088
"cg_vq_v",67004.9,-19.8013
"cg_vq_v",67004.9,-19.7375
"cg_vq_v",67004.9,-19.7088
"cg_vq_v",67004.9,-19.6494
"cg_vq_v",67005,-19.6399
"cg_vq_v",67005,-19.6064
"cg_vq_v",67005,-19.5946
"cg_vq_v",67005,-19.5466
"cg_vq_v",67005,-19.5688
"cg_vq_v",67005.1,-19.5263
"cg_vq_v",67005.1,-19.5888
"cg_vq_v",67005.1,-19.5705
"cg_vq_v",67005.1,-19.5657
"cg_vq_v",67005.1,-19.5976
"cg_vq_v",67005.1,-19.5836
"cg_vq_v",67005.1,-19.5753
"cg_vq_v",67005.1,-19.4994
"cg_vq_v",67005.1,-19.4703
"cg_vq_v",67005.1,-19.4577
"cg_vq_v",67005.2,-19.3939
"cg_vq_v",67005.2,-19.4285
"cg_vq_v",67005.2,-19.3126
"cg_vq_v",67005.2,-19.3189
"cg_vq_v",67005.2,-19.2973
"cg_vq_v",67005.2,-19.2851
"cg_vq_v",67005.2,-19.273
"cg_vq_v",67005.2,-19.2762
"cg_vq_v",67005.2,-19.2726
"cg_vq_v",67005.2,-19.2948
"cg_vq_v",67005.2,-19.2359
"cg_vq_v",67005.3,-19.3774
"cg_vq_v",67005.3,-19.3859
"cg_vq_v",67005.3,-19.3769
"cg_vq_v",67005.3,-19.4104
"cg_vq_v",67005.3,-19.4447
"cg_vq_v",67005.3,-19.4619
"cg_vq_v",67005.3,-19.5119
"cg_vq_v",67005.3,-19.503
"cg_vq_v",67005.3,-19.5489
"cg_vq_v",67005.3,-19.5158
"cg_vq_v",67005.3,-19.4921
"cg_vq_v",67005.4,-19.4331
"cg_vq_v",67005.4,-19.4629
"cg_vq_v",67005.4,-19.355
"cg_vq_v",67005.4,-19.2851
"cg_vq_v",67005.4,-19.1778
"cg_vq_v",67005.4,-19.1295
"cg_vq_v",67005.4,-19.0103
"cg_vq_v",67005.4,-18.9877
"cg_vq_v",67005.4,-18.8502
"cg_vq_v",67005.4,-18.7796
"cg_vq_v",67005.4,-18.6667
"cg_vq_v",67005.5,-18.5989
"cg_vq_v",67005.5,-18.4872
"cg_vq_v",67005.5,-18.4496
"cg_vq_v",67005.5,-18.372
"cg_vq_v",67005.5,-18.308
"cg_vq_v",67005.5,-18.2655
"cg_vq_v",67005.5,-18.2635
"cg_vq_v",67005.5,-18.1668
"cg_vq_v",67005.5,-18.2256
"cg_vq_v",67005.5,-18.2278
"cg_vq_v",67005.5,-18.244
"cg_vq_v",67005.5,-18.2812
"cg_vq_v",67005.6,-18.3085
"cg_vq_v",67005.6,-18.378
"cg_vq_v",67005.6,-18.4217
"cg_vq_v",67005.6,-18.5279
"cg_vq_v",67005.6,-18.593
"cg_vq_v",67005.6,-18.6776
"cg_vq_v",67005.6,-18.7656
"cg_vq_v",67005.6,-18.8912
"cg_vq_v",67005.6,-18.9994
"cg_vq_v",67005.6,-19.094
"cg_vq_v",67005.6,-19.2224
"cg_vq_v",67005.7,-19.3115
"cg_vq_v",67005.7,-19.4171
"cg_vq_v",67005.7,-19.5198
"cg_vq_v",67005.7,-19.6736
"cg_vq_v",67005.7,-19.7489
"cg_vq_v",67005.7,-19.8365
"cg_vq_v",67005.7,-19.9331
"cg_vq_v",67005.7,-20.0038
"cg_vq_v",67005.7,-20.0632
"cg_vq_v",67005.7,-20.1427
"cg_vq_v",67005.7,-20.2122
"cg_vq_v",67005.8,-20.2845
"cg_vq_v",67005.8,-20.3295
"cg_vq_v",67005.8,-20.3805
"cg_vq_v",67005.8,-20.4174
"cg_vq_v",67005.8,-20.4482
"cg_vq_v",67005.8,-20.4718
"cg_vq_v",67005.8,-20.5171
"cg_vq_v",67005.8,-20.474
"cg_vq_v",67005.8,-20.4683
"cg_vq_v",67005.8,-20.4537
"cg_vq_v",67005.8,-20.4584
"cg_vq_v",67005.9,-20.4143
"cg_vq_v",67005.9,-20.3985
"cg_vq_v",67005.9,-20.3302
"cg_vq_v",67005.9,-20.3299
"cg_vq_v",67005.9,-20.2395
"cg_vq_v",67005.9,-20.1557
"cg_vq_v",67005.9,-20.0773
"cg_vq_v",67005.9,-20.0117
"cg_vq_v",67005.9,-19.9596
"cg_vq_v",67005.9,-19.9903
"cg_vq_v",67005.9,-19.8202
"cg_vq_v",67006,-19.7416
"cg_vq_v",67006,-19.658
"cg_vq_v",67006,-19.6202
"cg_vq_v",67006,-19.5213
"cg_vq_v",67006,-19.474
"cg_vq_v",67006,-19.4007
"cg_vq_v",67006,-19.3445
"cg_vq_v",67006,-19.2344
"cg_vq_v",67006,-19.1951
"cg_vq_v",67006,-19.0906
"cg_vq_v",67006.1,-19.0172
"cg_vq_v",67006.1,-18.9887
"cg_vq_v",67006.1,-18.9364
"cg_vq_v",67006.1,-18.8683
"cg_vq_v",67006.1,-18.8336
"cg_vq_v",67006.1,-18.7321
"cg_vq_v",67006.1,-18.7375
"cg_vq_v",67006.1,-18.6528
"cg_vq_v",67006.1,-18.6169
"cg_vq_v",67006.1,-18.5706
"cg_vq_v",67006.2,-18.5583
"cg_vq_v",67006.2,-18.4926
"cg_vq_v",67006.2,-18.4711
"cg_vq_v",67006.2,-18.4469
"cg_vq_v",67006.2,-18.3875
"cg_vq_v",67006.2,-18.3382
"cg_vq_v",67006.2,-18.3142
"cg_vq_v",67006.2,-18.2468
"cg_vq_v",67006.2,-18.2636
"cg_vq_v",67006.2,-18.2009
"cg_vq_v",67006.3,-18.1688
"cg_vq_v",67006.3,-18.0705
"cg_vq_v",67006.3,-18.0539
"cg_vq_v",67006.3,-18.0104
"cg_vq_v",67006.3,-17.9542
"cg_vq_v",67006.3,-17.9448
"cg_vq_v",67006.3,-17.8544
"cg_vq_v",67006.3,-17.8751
"cg_vq_v",67006.3,-17.8924
"cg_vq_v",67006.3,-17.8043
"cg_vq_v",67006.4,-17.7774
"cg_vq_v",67006.4,-17.6837
"cg_vq_v",67006.4,-17.7076
"cg_vq_v",67006.4,-17.6579
"cg_vq_v",67006.4,-17.6421
"cg_vq_v",67006.4,-17.5912
"cg_vq_v",67006.4,-17.4918
"cg_vq_v",67006.4,-17.5364
"cg_vq_v",67006.4,-17.4789
"cg_vq_v",67006.4,-17.4429
"cg_vq_v",67006.5,-17.4164
"cg_vq_v",67006.5,-17.3668
"cg_vq_v",67006.5,-17.3497
"cg_vq_v",67006.5,-17.2832
"cg_vq_v",67006.5,-17.2828
"cg_vq_v",67006.5,-17.2048
"cg_vq_v",67006.5,-17.1643
"cg_vq_v",67006.5,-17.1299
"cg_vq_v",67006.5,-17.0954
"cg_vq_v",67006.5,-17.073
"cg_vq_v",67006.6,-17.0313
"cg_vq_v",67006.6,-16.95
"cg_vq_v",67006.6,-16.9745
"cg_vq_v",67006.6,-16.9034
"cg_vq_v",67006.6,-16.9
"cg_vq_v",67006.6,-16.8696
"cg_vq_v",67006.6,-16.8332
"cg_vq_v",67006.6,-16.8057
"cg_vq_v",67006.6,-16.7911
"cg_vq_v",67006.6,-16.7179
"cg_vq_v",67006.7,-16.689
"cg_vq_v",67006.7,-16.6656
"cg_vq_v",67006.7,-16.64
"cg_vq_v",67006.7,-16.6087
"cg_vq_v",67006.7,-16.5524
"cg_vq_v",67006.7,-16.5185
"cg_vq_v",67006.7,-16.4888
"cg_vq_v",67006.7,-16.4579
"cg_vq_v",67006.7,-16.435
"cg_vq_v",67006.8,-16.3633
"cg_vq_v",67006.8,-16.3609
"cg_vq_v",67006.8,-16.3716
"cg_vq_v",67006.8,-16.2801
"cg_vq_v",67006.8,-16.301
"cg_vq_v",67006.8,-16.2332
"cg_vq_v",67006.8,-16.2192
"cg_vq_v",67006.8,-16.1594
"cg_vq_v",67006.8,-16.1447
"cg_vq_v",67006.8,-16.135
"cg_vq_v",67006.9,-16.068
"cg_vq_v",67006.9,-16.028
"cg_vq_v",67006.9,-16.0075
"cg_vq_v",67006.9,-15.9787
"cg_vq_v",67006.9,-15.9729
"cg_vq_v",67006.9,-15.9271
"cg_vq_v",67006.9,-15.8869
"cg_vq_v",67006.9,-15.8558
"cg_vq_v",67006.9,-15.8169
"cg_vq_v",67006.9,-15.785
"cg_vq_v",67006.9,-15.7607
"cg_vq_v",67007,-15.7485
"cg_vq_v",67007,-15.684
"cg_vq_v",67007,-15.6604
"cg_vq_v",67007,-15.6247
"cg_vq_v",67007,-15.5927
"cg_vq_v",67007,-15.5355
"cg_vq_v",67007,-15.5146
"cg_vq_v",67007,-15.4782
"cg_vq_v",67007,-15.4711
"cg_vq_v",67007,-15.4538
"cg_vq_v",67007.1,-15.3884
"cg_vq_v",67007.1,-15.3562
"cg_vq_v",67007.1,-15.3205
"cg_vq_v",67007.1,-15.2797
"cg_vq_v",67007.1,-15.273
"cg_vq_v",67007.1,-15.2019
"cg_vq_v",67007.1,-15.1695
"cg_vq_v",67007.1,-15.2173
"cg_vq_v",67007.1,-15.1027
"cg_vq_v",67007.1,-15.0719
"cg_vq_v",67007.2,-15.0664
"cg_vq_v",67007.2,-14.999
"cg_vq_v",67007.2,-14.9781
"cg_vq_v",67007.2,-14.9531
"cg_vq_v",67007.2,-14.8809
"cg_vq_v",67007.2,-14.8461
"cg_vq_v",67007.2,-14.8239
"cg_vq_v",67007.2,-14.7598
"cg_vq_v",67007.2,-14.7501
"cg_vq_v",67007.2,-14.7009
"cg_vq_v",67007.3,-14.6633
"cg_vq_v",67007.3,-14.6301
"cg_vq_v",67007.3,-14.6109
"cg_vq_v",67007.3,-14.5468
"cg_vq_v",67007.3,-14.5284
"cg_vq_v",67007.3,-14.5191
"cg_vq_v",67007.3,-14.4473
"cg_vq_v",67007.3,-14.4666
"cg_vq_v",67007.3,-14.4266
"cg_vq_v",67007.4,-14.399
"cg_vq_v",67007.4,-14.3575
"cg_vq_v",67007.4,-14.3291
"cg_vq_v",67007.4,-14.3237
"cg_vq_v",67007.4,-14.3047
"cg_vq_v",67007.4,-14.24
"cg_vq_v",67007.4,-14.234
"cg_vq_v",67007.4,-14.202
"cg_vq_v",67007.4,-14.1427
"cg_vq_v",67007.4,-14.1098
"cg_vq_v",67007.5,-14.0513
"cg_vq_v",67007.5,-14.0576
"cg_vq_v",67007.5,-14.0253
"cg_vq_v",67007.5,-13.9731
"cg_vq_v",67007.5,-13.9771
"cg_vq_v",67007.5,-13.92
"cg_vq_v",67007.5,-13.896
"cg_vq_v",67007.5,-13.8242
"cg_vq_v",67007.5,-13.7974
"cg_vq_v",67007.5,-13.7596
"cg_vq_v",67007.5,-13.7135
"cg_vq_v",67007.6,-13.6766
"cg_vq_v",67007.6,-13.6412
"cg_vq_v",67007.6,-13.616
"cg_vq_v",67007.6,-13.5428
"cg_vq_v",67007.6,-13.5564
"cg_vq_v",67007.6,-13.4708
"cg_vq_v",67007.6,-13.4676
"cg_vq_v",67007.6,-13.4471
"cg_vq_v",67007.6,-13.4087
"cg_vq_v",67007.6,-13.3915
"cg_vq_v",67007.7,-13.3212
"cg_vq_v",67007.7,-13.2632
"cg_vq_v",67007.7,-13.2873
"cg_vq_v",67007.7,-13.2276
"cg_vq_v",67007.7,-13.1985
"cg_vq_v",67007.7,-13.1546
"cg_vq_v",67007.7,-13.1405
"cg_vq_v",67007.7,-13.0765
"cg_vq_v",67007.7,-13.0867
"cg_vq_v",67007.8,-13.0671
"cg_vq_v",67007.8,-12.9781
"cg_vq_v",67007.8,-12.9289
"cg_vq_v",67007.8,-12.8557
"cg_vq_v",67007.8,-12.8441
"cg_vq_v",67007.8,-12.8032
"cg_vq_v",67007.8,-12.7657
"cg_vq_v",67007.8,-12.7351
"cg_vq_v",67007.8,-12.6921
"cg_vq_v",67007.8,-12.6514
"cg_vq_v",67007.9,-12.6037
"cg_vq_v",67007.9,-12.5831
"cg_vq_v",67007.9,-12.5669
"cg_vq_v",67007.9,-12.5777
"cg_vq_v",67007.9,-12.4831
"cg_vq_v",67007.9,-12.4664
"cg_vq_v",67007.9,-12.4431
"cg_vq_v",67007.9,-12.4252
"cg_vq_v",67007.9,-12.3982
"cg_vq_v",67007.9,-12.3238
"cg_vq_v",67007.9,-12.3499
"cg_vq_v",67008,-12.2749
"cg_vq_v",67008,-12.2443
"cg_vq_v",67008,-12.2231
"cg_vq_v",67008,-12.1645
"cg_vq_v",67008,-12.1424
"cg_vq_v",67008,-12.1198
"cg_vq_v",67008,-12.0906
"cg_vq_v",67008,-12.0409
"cg_vq_v",67008,-11.9746
"cg_vq_v",67008,-11.9569
"cg_vq_v",67008.1,-11.9493
"cg_vq_v",67008.1,-11.903
"cg_vq_v",67008.1,-11.8821
"cg_vq_v",67008.1,-11.8329
"cg_vq_v",67008.1,-11.8519
"cg_vq_v",67008.1,-11.7813
"cg_vq_v",67008.1,-11.8488
"cg_vq_v",67008.1,-11.7219
"cg_vq_v",67008.1,-11.6578
"cg_vq_v",67008.1,-11.6554
"cg_vq_v",67008.2,-11.6446
"cg_vq_v",67008.2,-11.6274
"cg_vq_v",67008.2,-11.5724
"cg_vq_v",67008.2,-11.5434
"cg_vq_v",67008.2,-11.4871
"cg_vq_v",67008.2,-11.4995
"cg_vq_v",67008.2,-11.4589
"cg_vq_v",67008.2,-11.4252
"cg_vq_v",67008.2,-11.3933
"cg_vq_v",67008.2,-11.3444
"cg_vq_v",67008.3,-11.3512
"cg_vq_v",67008.3,-11.2933
"cg_vq_v",67008.3,-11.265
"cg_vq_v",67008.3,-11.2216
"cg_vq_v",67008.3,-11.2021
"cg_vq_v",67008.3,-11.122
"cg_vq_v",67008.3,-11.1116
"cg_vq_v",67008.3,-11.0704
"cg_vq_v",67008.3,-11.0277
"cg_vq_v",67008.3,-10.9906
"cg_vq_v",67008.4,-10.9671
"cg_vq_v",67008.4,-10.9435
"cg_vq_v",67008.4,-10.9583
"cg_vq_v",67008.4,-10.8462
"cg_vq_v",67008.4,-10.8639
"cg_vq_v",67008.4,-10.787
"cg_vq_v",67008.4,-10.7679
"cg_vq_v",67008.4,-10.8045
"cg_vq_v",67008.4,-10.6489
"cg_vq_v",67008.4,-10.6443
"cg_vq_v",67008.5,-10.6219
"cg_vq_v",67008.5,-10.5933
"cg_vq_v",67008.5,-10.5882
"cg_vq_v",67008.5,-10.5372
"cg_vq_v",67008.5,-10.4978
"cg_vq_v",67008.5,-10.527
"cg_vq_v",67008.5,-10.4489
"cg_vq_v",67008.5,-10.4194
"cg_vq_v",67008.5,-10.4191
"cg_vq_v",67008.5,-10.3767
"cg_vq_v",67008.6,-10.3591
"cg_vq_v",67008.6,-10.2782
"cg_vq_v",67008.6,-10.2625
"cg_vq_v",67008.6,-10.2342
"cg_vq_v",67008.6,-10.2072
"cg_vq_v",67008.6,-10.1365
"cg_vq_v",67008.6,-10.1094
"cg_vq_v",67008.6,-10.1066
"cg_vq_v",67008.6,-10.0831
"cg_vq_v",67008.6,-10.0451
"cg_vq_v",67008.7,-10.0216
"cg_vq_v",67008.7,-9.90533
"cg_vq_v",67008.7,-9.93339
"cg_vq_v",67008.7,-9.88823
"cg_vq_v",67008.7,-9.85652
"cg_vq_v",67008.7,-9.81243
"cg_vq_v",67008.7,-9.77946
"cg_vq_v",67008.7,-9.75953
"cg_vq_v",67008.7,-9.72832
"cg_vq_v",67008.8,-9.67501
"cg_vq_v",67008.8,-9.66056
"cg_vq_v",67008.8,-9.64513
"cg_vq_v",67008.8,-9.58101
"cg_vq_v",67008.8,-9.55892
"cg_vq_v",67008.8,-9.54188
"cg_vq_v",67008.8,-9.52095
"cg_vq_v",67008.8,-9.44585
"cg_vq_v",67008.8,-9.44531
"cg_vq_v",67008.8,-9.41322
"cg_vq_v",67008.9,-9.36753
"cg_vq_v",67008.9,-9.36389
"cg_vq_v",67008.9,-9.34415
"cg_vq_v",67008.9,-9.28802
"cg_vq_v",67008.9,-9.28644
"cg_vq_v",67008.9,-9.19845
"cg_vq_v",67008.9,-9.2069
"cg_vq_v",67008.9,-9.22338
"cg_vq_v",67008.9,-9.1327
"cg_vq_v",67008.9,-9.13682
"cg_vq_v",67009,-9.08954
"cg_vq_v",67009,-9.04376
"cg_vq_v",67009,-9.0184
"cg_vq_v",67009,-9.00183
"cg_vq_v",67009,-8.95858
"cg_vq_v",67009,-8.90941
"cg_vq_v",67009,-8.83179
"cg_vq_v",67009,-8.85164
"cg_vq_v",67009,-8.79888
"cg_vq_v",67009,-8.71171
"cg_vq_v",67009.1,-8.72746
"cg_vq_v",67009.1,-8.71083
"cg_vq_v",67009.1,-8.65858
"cg_vq_v",67009.1,-8.65805
"cg_vq_v",67009.1,-8.60901
"cg_vq_v",67009.1,-8.5725
"cg_vq_v",67009.1,-8.53667
"cg_vq_v",67009.1,-8.53303
"cg_vq_v",67009.1,-8.48347
"cg_vq_v",67009.1,-8.44355
"cg_vq_v",67009.2,-8.42511
"cg_vq_v",67009.2,-8.37126
"cg_vq_v",67009.2,-8.32931
"cg_vq_v",67009.2,-8.29675
"cg_vq_v",67009.2,-8.28471
"cg_vq_v",67009.2,-8.25003
"cg_vq_v",67009.2,-8.28305
"cg_vq_v",67009.2,-8.18266
"cg_vq_v",67009.2,-8.13686
"cg_vq_v",67009.2,-8.11388
"cg_vq_v",67009.2,-8.05324
"cg_vq_v",67009.3,-8.07929
"cg_vq_v",67009.3,-8.03596
"cg_vq_v",67009.3,-8.00578
"cg_vq_v",67009.3,-7.95096
"cg_vq_v",67009.3,-7.89906
"cg_vq_v",67009.3,-7.90356
"cg_vq_v",67009.3,-7.87958
"cg_vq_v",67009.3,-7.83376
"cg_vq_v",67009.3,-7.83248
"cg_vq_v",67009.4,-7.78323
"cg_vq_v",67009.4,-7.73661
"cg_vq_v",67009.4,-7.71762
"cg_vq_v",67009.4,-7.70361
"cg_vq_v",67009.4,-7.63295
"cg_vq_v",67009.4,-7.60563
"cg_vq_v",67009.4,-7.58413
"cg_vq_v",67009.4,-7.54724
"cg_vq_v",67009.4,-7.52195
"cg_vq_v",67009.4,-7.50288
"cg_vq_v",67009.5,-7.46807
"cg_vq_v",67009.5,-7.42977
"cg_vq_v",67009.5,-7.43032
"cg_vq_v",67009.5,-7.37862
"cg_vq_v",67009.5,-7.36719
"cg_vq_v",67009.5,-7.31906
"cg_vq_v",67009.5,-7.25275
"cg_vq_v",67009.5,-7.25242
"cg_vq_v",67009.5,-7.25245
"cg_vq_v",67009.5,-7.175
"cg_vq_v",67009.6,-7.16166
"cg_vq_v",67009.6,-7.1431
"cg_vq_v",67009.6,-7.10972
"cg_vq_v",67009.6,-7.0741
"cg_vq_v",67009.6,-7.05094
"cg_vq_v",67009.6,-7.00314
"cg_vq_v",67009.6,-6.9686
"cg_vq_v",67009.6,-6.89399
"cg_vq_v",67009.6,-6.88618
"cg_vq_v",67009.6,-6.86932
"cg_vq_v",67009.6,-6.84498
"cg_vq_v",67009.7,-6.77917
"cg_vq_v",67009.7,-6.74783
"cg_vq_v",67009.7,-6.72398
"cg_vq_v",67009.7,-6.69239
"cg_vq_v",67009.7,-6.64356
"cg_vq_v",67009.7,-6.62755
"cg_vq_v",67009.7,-6.58512
"cg_vq_v",67009.7,-6.53836
"cg_vq_v",67009.8,-6.49806
"cg_vq_v",67009.8,-6.48848
"cg_vq_v",67009.8,-6.42395
"cg_vq_v",67009.8,-6.4401
"cg_vq_v",67009.8,-6.36757
"cg_vq_v",67009.8,-6.34119
"cg_vq_v",67009.8,-6.28946
"cg_vq_v",67009.8,-6.28635
"cg_vq_v",67009.8,-6.25374
"cg_vq_v",67009.8,-6.16402
"cg_vq_v",67009.8,-6.16463
"cg_vq_v",67009.9,-6.11657
"cg_vq_v",67009.9,-6.10249
"cg_vq_v",67009.9,-6.10087
"cg_vq_v",67009.9,-6.05974
"cg_vq_v",67009.9,-6.05968
"cg_vq_v",67009.9,-5.96544
"cg_vq_v",67009.9,-5.90883
"cg_vq_v",67009.9,-5.88598
"cg_vq_v",67009.9,-5.83706
"cg_vq_v",67009.9,-5.80905
"cg_vq_v",67010,-5.75896
"cg_vq_v",67010,-5.74873
"cg_vq_v",67010,-5.6983
"cg_vq_v",67010,-5.66903
"cg_vq_v",67010,-5.60278
"cg_vq_v",67010,-5.51593
"cg_vq_v",67010,-5.55708
"cg_vq_v",67010,-5.50572
"cg_vq_v",67010,-5.49567
"cg_vq_v",67010,-5.42973
"cg_vq_v",67010.1,-5.40975
"cg_vq_v",67010.1,-5.36372
"cg_vq_v",67010.1,-5.33345
"cg_vq_v",67010.1,-5.28099
"cg_vq_v",67010.1,-5.20022
"cg_vq_v",67010.1,-5.25393
"cg_vq_v",67010.1,-5.19643
"cg_vq_v",67010.1,-5.16062
"cg_vq_v",67010.1,-5.13797
"cg_vq_v",67010.1,-5.08776
"cg_vq_v",67010.2,-5.0401
"cg_vq_v",67010.2,-5.0633
"cg_vq_v",67010.2,-4.98817
"cg_vq_v",67010.2,-4.94878
"cg_vq_v",67010.2,-4.90284
"cg_vq_v",67010.2,-4.86831
"cg_vq_v",67010.2,-4.8319
"cg_vq_v",67010.2,-4.83896
"cg_vq_v",67010.2,-4.78508
"cg_vq_v",67010.2,-4.82037
"cg_vq_v",67010.3,-4.73171
"cg_vq_v",67010.3,-4.69066
"cg_vq_v",67010.3,-4.66465
"cg_vq_v",67010.3,-4.55984
"cg_vq_v",67010.3,-4.59357
"cg_vq_v",67010.3,-4.52834
"cg_vq_v",67010.3,-4.51111
"cg_vq_v",67010.3,-4.49401
"cg_vq_v",67010.3,-4.47072
"cg_vq_v",67010.4,-4.40439
"cg_vq_v",67010.4,-4.37597
"cg_vq_v",67010.4,-4.36469
"cg_vq_v",67010.4,-4.31545
"cg_vq_v",67010.4,-4.27958
"cg_vq_v",67010.4,-4.26264
"cg_vq_v",67010.4,-4.22553
"cg_vq_v",67010.4,-4.18424
"cg_vq_v",67010.4,-4.16101
"cg_vq_v",67010.4,-4.13061
"cg_vq_v",67010.4,-4.07518
"cg_vq_v",67010.5,-4.07169
"cg_vq_v",67010.5,-4.03424
"cg_vq_v",67010.5,-4.01984
"cg_vq_v",67010.5,-3.98987
"cg_vq_v",67010.5,-3.97936
"cg_vq_v",67010.5,-3.9158
"cg_vq_v",67010.5,-3.89344
"cg_vq_v",67010.5,-3.86418
"cg_vq_v",67010.5,-3.84478
"cg_vq_v",67010.5,-3.79632
"cg_vq_v",67010.6,-3.76479
"cg_vq_v",67010.6,-3.73685
"cg_vq_v",67010.6,-3.65366
"cg_vq_v",67010.6,-3.66706
"cg_vq_v",67010.6,-3.64043
"cg_vq_v",67010.6,-3.63372
"cg_vq_v",67010.6,-3.58553
"cg_vq_v",67010.6,-3.53027
"cg_vq_v",67010.6,-3.56139
"cg_vq_v",67010.6,-3.52307
"cg_vq_v",67010.7,-3.49552
"cg_vq_v",67010.7,-3.4924
"cg_vq_v",67010.7,-3.46564
"cg_vq_v",67010.7,-3.41867
"cg_vq_v",67010.7,-3.36479
"cg_vq_v",67010.7,-3.39546
"cg_vq_v",67010.7,-3.32954
"cg_vq_v",67010.7,-3.28693
"cg_vq_v",67010.7,-3.27539
"cg_vq_v",67010.8,-3.25934
"cg_vq_v",67010.8,-3.2196
"cg_vq_v",67010.8,-3.17817
"cg_vq_v",67010.8,-3.15192
"cg_vq_v",67010.8,-3.13434
"cg_vq_v",67010.8,-3.06702
"cg_vq_v",67010.8,-3.09931
"cg_vq_v",67010.8,-3.01944
"cg_vq_v",67010.8,-2.95909
"cg_vq_v",67010.8,-2.94073
"cg_vq_v",67010.8,-2.83178
"cg_vq_v",67010.9,-2.90002
"cg_vq_v",67010.9,-2.84779
"cg_vq_v",67010.9,-2.82015
"cg_vq_v",67010.9,-2.81745
"cg_vq_v",67010.9,-2.76979
"cg_vq_v",67010.9,-2.71911
"cg_vq_v",67010.9,-2.72526
"cg_vq_v",67010.9,-2.66362
"cg_vq_v",67010.9,-2.62686
"cg_vq_v",67010.9,-2.58708
"cg_vq_v",67011,-2.56047
"cg_vq_v",67011,-2.55232
"cg_vq_v",67011,-2.51363
"cg_vq_v",67011,-2.49665
"cg_vq_v",67011,-2.46471
"cg_vq_v",67011,-2.45229
"cg_vq_v",67011,-2.40696
"cg_vq_v",67011,-2.33281
"cg_vq_v",67011,-2.33488
"cg_vq_v",67011,-2.32127
"cg_vq_v",67011.1,-2.22623
"cg_vq_v",67011.1,-2.20098
"cg_vq_v",67011.1,-2.18674
"cg_vq_v",67011.1,-2.14099
"cg_vq_v",67011.1,-2.12066
"cg_vq_v",67011.1,-2.07922
"cg_vq_v",67011.1,-2.08176
"cg_vq_v",67011.1,-2.00858
"cg_vq_v",67011.1,-2.00899
"cg_vq_v",67011.1,-1.93023
"cg_vq_v",67011.2,-1.89757
"cg_vq_v",67011.2,-1.86859
"cg_vq_v",67011.2,-1.84259
"cg_vq_v",67011.2,-1.82879
"cg_vq_v",67011.2,-1.80692
"cg_vq_v",67011.2,-1.75952
"cg_vq_v",67011.2,-1.70556
"cg_vq_v",67011.2,-1.69589
"cg_vq_v",67011.2,-1.64301
"cg_vq_v",67011.2,-1.62354
"cg_vq_v",67011.3,-1.59333
"cg_vq_v",67011.3,-1.55423
"cg_vq_v",67011.3,-1.5423
"cg_vq_v",67011.3,-1.50493
"cg_vq_v",67011.3,-1.50988
"cg_vq_v",67011.3,-1.4615
"cg_vq_v",67011.3,-1.43978
"cg_vq_v",67011.3,-1.37884
"cg_vq_v",67011.3,-1.37692
"cg_vq_v",67011.4,-1.35853
"cg_vq_v",67011.4,-1.26572
"cg_vq_v",67011.4,-1.35582
"cg_vq_v",67011.4,-1.2425
"cg_vq_v",67011.4,-1.29394
"cg_vq_v",67011.4,-1.22773
"cg_vq_v",67011.4,-1.20564
"cg_vq_v",67011.4,-1.17566
"cg_vq_v",67011.4,-1.15245
"cg_vq_v",67011.4,-1.13249
"cg_vq_v",67011.5,-1.0968
"cg_vq_v",67011.5,-1.07942
"cg_vq_v",67011.5,-1.05312
"cg_vq_v",67011.5,-1.01526
"cg_vq_v",67011.5,-1.01317
"cg_vq_v",67011.5,-0.946714
"cg_vq_v",67011.5,-0.924177
"cg_vq_v",67011.5,-0.894911
"cg_vq_v",67011.5,-0.853149
"cg_vq_v",67011.5,-0.861699
"cg_vq_v",67011.5,-0.809056
"cg_vq_v",67011.6,-0.781371
"cg_vq_v",67011.6,-0.728679
"cg_vq_v",67011.6,-0.70808
"cg_vq_v",67011.6,-0.666104
"cg_vq_v",67011.6,-0.654421
"cg_vq_v",67011.6,-0.604807
"cg_vq_v",67011.6,-0.577201
"cg_vq_v",67011.6,-0.528703
"cg_vq_v",67011.6,-0.498881
"cg_vq_v",67011.6,-0.448413
"cg_vq_v",67011.7,-0.460498
"cg_vq_v",67011.7,-0.429832
"cg_vq_v",67011.7,-0.376112
"cg_vq_v",67011.7,-0.373129
"cg_vq_v",67011.7,-0.338352
"cg_vq_v",67011.7,-0.291563
"cg_vq_v",67011.7,-0.272282
"cg_vq_v",67011.7,-0.251079
"cg_vq_v",67011.7,-0.228249
"cg_vq_v",67011.8,-0.216413
"cg_vq_v",67011.8,-0.169156
"cg_vq_v",67011.8,-0.147873
"cg_vq_v",67011.8,-0.0983195
"cg_vq_v",67011.8,-0.0614753
"cg_vq_v",67011.8,-0.0554082
"cg_vq_v",67011.8,-0.024355
"cg_vq_v",67011.8,-0.0107695
"cg_vq_v",67011.8,0.0110449
"cg_vq_v",67011.8,0.0481386
"cg_vq_v",67011.9,0.0768429
"cg_vq_v",67011.9,0.141764
"cg_vq_v",67011.9,0.16851
"cg_vq_v",67011.9,0.132888
"cg_vq_v",67011.9,0.193616
"cg_vq_v",67011.9,0.175886
"cg_vq_v",67011.9,0.256357
"cg_vq_v",67011.9,0.278368
"cg_vq_v",67011.9,0.337675
"cg_vq_v",67011.9,0.401481
"cg_vq_v",67012,0.365593
"cg_vq_v",67012,0.415407
"cg_vq_v",67012,0.446535
"cg_vq_v",67012,0.437906
"cg_vq_v",67012,0.489306
"cg_vq_v",67012,0.504086
"cg_vq_v",67012,0.521917
"cg_vq_v",67012,0.592558
"cg_vq_v",67012,0.597466
"cg_vq_v",67012,0.702313
"cg_vq_v",67012.1,0.664574
"cg_vq_v",67012.1,0.710074
"cg_vq_v",67012.1,0.755518
"cg_vq_v",67012.1,0.758112
"cg_vq_v",67012.1,0.82156
"cg_vq_v",67012.1,0.828802
"cg_vq_v",67012.1,0.857412
"cg_vq_v",67012.1,0.89593
"cg_vq_v",67012.1,0.928713
"cg_vq_v",67012.1,0.956907
"cg_vq_v",67012.1,0.978658
"cg_vq_v",67012.2,1.02193
"cg_vq_v",67012.2,1.04398
"cg_vq_v",67012.2,1.08465
"cg_vq_v",67012.2,1.13899
"cg_vq_v",67012.2,1.1581
"cg_vq_v",67012.2,1.1649
"cg_vq_v",67012.2,1.19882
"cg_vq_v",67012.2,1.23155
"cg_vq_v",67012.2,1.30538
"cg_vq_v",67012.2,1.31935
"cg_vq_v",67012.3,1.35231
"cg_vq_v",67012.3,1.39817
"cg_vq_v",67012.3,1.40346
"cg_vq_v",67012.3,1.45465
"cg_vq_v",67012.3,1.50165
"cg_vq_v",67012.3,1.46229
"cg_vq_v",67012.3,1.49463
"cg_vq_v",67012.3,1.5398
"cg_vq_v",67012.3,1.57849
"cg_vq_v",67012.4,1.60848
"cg_vq_v",67012.4,1.63634
"cg_vq_v",67012.4,1.63587
"cg_vq_v",67012.4,1.6843
"cg_vq_v",67012.4,1.71064
"cg_vq_v",67012.4,1.65436
"cg_vq_v",67012.4,1.8269
"cg_vq_v",67012.4,1.80808
"cg_vq_v",67012.4,1.84787
"cg_vq_v",67012.4,1.81938
"cg_vq_v",67012.5,1.86617
"cg_vq_v",67012.5,1.88238
"cg_vq_v",67012.5,1.94014
"cg_vq_v",67012.5,1.98406
"cg_vq_v",67012.5,1.99034
"cg_vq_v",67012.5,2.04411
"cg_vq_v",67012.5,2.05808
"cg_vq_v",67012.5,2.09359
"cg_vq_v",67012.5,2.10899
"cg_vq_v",67012.5,2.14256
"cg_vq_v",67012.5,2.15229
"cg_vq_v",67012.6,2.21019
"cg_vq_v",67012.6,2.18721
"cg_vq_v",67012.6,2.2229
"cg_vq_v",67012.6,2.27082
"cg_vq_v",67012.6,2.27305
"cg_vq_v",67012.6,2.2597
"cg_vq_v",67012.6,2.32789
"cg_vq_v",67012.6,2.37696
"cg_vq_v",67012.6,2.42487
"cg_vq_v",67012.6,2.42104
"cg_vq_v",67012.7,2.45722
"cg_vq_v",67012.7,2.51367
"cg_vq_v",67012.7,2.53413
"cg_vq_v",67012.7,2.55345
"cg_vq_v",67012.7,2.59465
"cg_vq_v",67012.7,2.63776
"cg_vq_v",67012.7,2.68176
"cg_vq_v",67012.7,2.71153
"cg_vq_v",67012.7,2.75392
"cg_vq_v",67012.8,2.78566
"cg_vq_v",67012.8,2.8109
"cg_vq_v",67012.8,2.82893
"cg_vq_v",67012.8,2.88414
"cg_vq_v",67012.8,2.91328
"cg_vq_v",67012.8,2.9611
"cg_vq_v",67012.8,2.96897
"cg_vq_v",67012.8,3.03666
"cg_vq_v",67012.8,3.08628
"cg_vq_v",67012.8,3.05691
"cg_vq_v",67012.9,3.07428
"cg_vq_v",67012.9,3.14036
"cg_vq_v",67012.9,3.16803
"cg_vq_v",67012.9,3.20972
"cg_vq_v",67012.9,3.20952
"cg_vq_v",67012.9,3.26888
"cg_vq_v",67012.9,3.30674
"cg_vq_v",67012.9,3.30928
"cg_vq_v",67012.9,3.35628
"cg_vq_v",67012.9,3.36467
"cg_vq_v",67013,3.41021
"cg_vq_v",67013,3.43717
"cg_vq_v",67013,3.46973
"cg_vq_v",67013,3.48229
"cg_vq_v",67013,3.51713
"cg_vq_v",67013,3.58709
"cg_vq_v",67013,3.62277
"cg_vq_v",67013,3.61743
"cg_vq_v",67013,3.64746
"cg_vq_v",67013,3.66985
"cg_vq_v",67013.1,3.76098
"cg_vq_v",67013.1,3.7833
"cg_vq_v",67013.1,3.87472
"cg_vq_v",67013.1,3.8293
"cg_vq_v",67013.1,3.89155
"cg_vq_v",67013.1,3.90906
"cg_vq_v",67013.1,4.0065
"cg_vq_v",67013.1,3.99097
"cg_vq_v",67013.1,4.02237
"cg_vq_v",67013.1,4.03206
"cg_vq_v",67013.2,4.06155
"cg_vq_v",67013.2,4.12149
"cg_vq_v",67013.2,4.13542
"cg_vq_v",67013.2,4.16121
"cg_vq_v",67013.2,4.15587
"cg_vq_v",67013.2,4.21951
"cg_vq_v",67013.2,4.25345
"cg_vq_v",67013.2,4.26732
"cg_vq_v",67013.2,4.30973
"cg_vq_v",67013.2,4.32623
"cg_vq_v",67013.3,4.33271
"cg_vq_v",67013.3,4.38924
"cg_vq_v",67013.3,4.40122
"cg_vq_v",67013.3,4.45537
"cg_vq_v",67013.3,4.50759
"cg_vq_v",67013.3,4.50824
"cg_vq_v",67013.3,4.52961
"cg_vq_v",67013.3,4.5783
"cg_vq_v",67013.3,4.60123
"cg_vq_v",67013.3,4.63472
"cg_vq_v",67013.4,4.63475
"cg_vq_v",67013.4,4.73729
"cg_vq_v",67013.4,4.68517
"cg_vq_v",67013.4,4.74725
"cg_vq_v",67013.4,4.82559
"cg_vq_v",67013.4,4.85185
"cg_vq_v",67013.4,4.90699
"cg_vq_v",67013.4,4.95661
"cg_vq_v",67013.4,4.90358
"cg_vq_v",67013.4,4.95154
"cg_vq_v",67013.5,4.97661
"cg_vq_v",67013.5,5.05096
"cg_vq_v",67013.5,5.06313
"cg_vq_v",67013.5,5.12998
"cg_vq_v",67013.5,5.11736
"cg_vq_v",67013.5,5.15565
"cg_vq_v",67013.5,5.19412
"cg_vq_v",67013.5,5.22279
"cg_vq_v",67013.5,5.26626
"cg_vq_v",67013.5,5.29572
"cg_vq_v",67013.6,5.31101
"cg_vq_v",67013.6,5.3493
"cg_vq_v",67013.6,5.3885
"cg_vq_v",67013.6,5.3943
"cg_vq_v",67013.6,5.43213
"cg_vq_v",67013.6,5.46403
"cg_vq_v",67013.6,5.45692
"cg_vq_v",67013.6,5.53518
"cg_vq_v",67013.6,5.55879
"cg_vq_v",67013.6,5.57916
"cg_vq_v",67013.7,5.63973
"cg_vq_v",67013.7,5.64108
"cg_vq_v",67013.7,5.7131
"cg_vq_v",67013.7,5.72157
"cg_vq_v",67013.7,5.7326
"cg_vq_v",67013.7,5.70229
"cg_vq_v",67013.7,5.83086
"cg_vq_v",67013.7,5.83895
"cg_vq_v",67013.7,5.88524
"cg_vq_v",67013.7,5.88158
"cg_vq_v",67013.7,5.94434
"cg_vq_v",67013.8,5.96152
"cg_vq_v",67013.8,5.98399
"cg_vq_v",67013.8,5.99651
"cg_vq_v",67013.8,6.05631
"cg_vq_v",67013.8,6.09062
"cg_vq_v",67013.8,6.11796
"cg_vq_v",67013.8,6.18403
"cg_vq_v",67013.8,6.15568
"cg_vq_v",67013.8,6.20358
"cg_vq_v",67013.8,6.22188
"cg_vq_v",67013.9,6.27177
"cg_vq_v",67013.9,6.24447
"cg_vq_v",67013.9,6.32707
"cg_vq_v",67013.9,6.3448
"cg_vq_v",67013.9,6.41378
"cg_vq_v",67013.9,6.42215
"cg_vq_v",67013.9,6.50172
"cg_vq_v",67013.9,6.50876
"cg_vq_v",67013.9,6.53192
"cg_vq_v",67013.9,6.60669
"cg_vq_v",67014,6.5985
"cg_vq_v",67014,6.63051
"cg_vq_v",67014,6.68695
"cg_vq_v",67014,6.69975
"cg_vq_v",67014,6.76097
"cg_vq_v",67014,6.82354
"cg_vq_v",67014,6.83784
"cg_vq_v",67014,6.84174
"cg_vq_v",67014,6.91357
"cg_vq_v",67014,6.91859
"cg_vq_v",67014.1,6.95739
"cg_vq_v",67014.1,7.00987
"cg_vq_v",67014.1,7.05533
"cg_vq_v",67014.1,7.08201
"cg_vq_v",67014.1,7.12212
"cg_vq_v",67014.1,7.14348
"cg_vq_v",67014.1,7.17825
"cg_vq_v",67014.1,7.27486
"cg_vq_v",67014.1,7.21952
"cg_vq_v",67014.1,7.26683
"cg_vq_v",67014.2,7.28933
"cg_vq_v",67014.2,7.33229
"cg_vq_v",67014.2,7.30957
"cg_vq_v",67014.2,7.41333
"cg_vq_v",67014.2,7.42766
"cg_vq_v",67014.2,7.41418
"cg_vq_v",67014.2,7.48162
"cg_vq_v",67014.2,7.51762
"cg_vq_v",67014.2,7.56826
"cg_vq_v",67014.2,7.58079
"cg_vq_v",67014.3,7.58642
"cg_vq_v",67014.3,7.6285
"cg_vq_v",67014.3,7.64389
"cg_vq_v",67014.3,7.68102
"cg_vq_v",67014.3,7.76281
"cg_vq_v",67014.3,7.74462
"cg_vq_v",67014.3,7.7586
"cg_vq_v",67014.3,7.78319
"cg_vq_v",67014.3,7.83613
"cg_vq_v",67014.3,7.8685
"cg_vq_v",67014.4,7.92352
"cg_vq_v",67014.4,7.94621
"cg_vq_v",67014.4,7.96474
"cg_vq_v",67014.4,8.02548
"cg_vq_v",67014.4,8.04776
"cg_vq_v",67014.4,8.08484
"cg_vq_v",67014.4,8.12443
"cg_vq_v",67014.4,8.13683
"cg_vq_v",67014.4,8.14115
"cg_vq_v",67014.4,8.21932
"cg_vq_v",67014.5,8.17102
"cg_vq_v",67014.5,8.22542
"cg_vq_v",67014.5,8.26292
"cg_vq_v",67014.5,8.32631
"cg_vq_v",67014.5,8.34522
"cg_vq_v",67014.5,8.40274
"cg_vq_v",67014.5,8.40412
"cg_vq_v",67014.5,8.42011
"cg_vq_v",67014.5,8.46001
"cg_vq_v",67014.5,8.46473
"cg_vq_v",67014.6,8.53818
"cg_vq_v",67014.6,8.57845
"cg_vq_v",67014.6,8.60293
"cg_vq_v",67014.6,8.62969
"cg_vq_v",67014.6,8.68885
"cg_vq_v",67014.6,8.65311
"cg_vq_v",67014.6,8.71987
"cg_vq_v",67014.6,8.79171
"cg_vq_v",67014.6,8.7851
"cg_vq_v",67014.6,8.79976
"cg_vq_v",67014.7,8.85075
"cg_vq_v",67014.7,8.84751
"cg_vq_v",67014.7,8.87593
"cg_vq_v",67014.7,8.96039
"cg_vq_v",67014.7,8.98317
"cg_vq_v",67014.7,9.02226
"cg_vq_v",67014.8,9.02868
"cg_vq_v",67014.8,9.05707
"cg_vq_v",67014.8,9.031
"cg_vq_v",67014.8,9.07554
"cg_vq_v",67014.8,9.13943
"cg_vq_v",67014.8,9.17983
"cg_vq_v",67014.9,9.179
"cg_vq_v",67014.9,9.25105
"cg_vq_v",67014.9,9.27596
"cg_vq_v",67014.9,9.29612
"cg_vq_v",67014.9,9.30585
"cg_vq_v",67014.9,9.35281
"cg_vq_v",67014.9,9.38725
"cg_vq_v",67014.9,9.44627
"cg_vq_v",67015,9.44888
"cg_vq_v",67015,9.52018
"cg_vq_v",67015,9.56849
"cg_vq_v",67015,9.58531
"cg_vq_v",67015,9.65828
"cg_vq_v",67015,9.68409
"cg_vq_v",67015.1,9.9073
"cg_vq_v",67015.1,9.89195
"cg_vq_v",67015.1,9.88907
"cg_vq_v",67015.1,9.96081
"cg_vq_v",67015.1,9.98727
"cg_vq_v",67015.1,10.034
"cg_vq_v",67015.1,10.0554
"cg_vq_v",67015.1,10.0518
"cg_vq_v",67015.2,10.0859
"cg_vq_v",67015.2,10.1463
"cg_vq_v",67015.2,10.1697
"cg_vq_v",67015.2,10.1932
"cg_vq_v",67015.2,10.2285
"cg_vq_v",67015.2,10.2287
"cg_vq_v",67015.2,10.2585
"cg_vq_v",67015.2,10.3052
"cg_vq_v",67015.2,10.3484
"cg_vq_v",67015.2,10.3728
"cg_vq_v",67015.2,10.401
"cg_vq_v",67015.3,10.4267
"cg_vq_v",67015.3,10.519
"cg_vq_v",67015.3,10.5295
"cg_vq_v",67015.3,10.5805
"cg_vq_v",67015.3,10.5754
"cg_vq_v",67015.3,10.6077
"cg_vq_v",67015.3,10.6097
"cg_vq_v",67015.3,10.6605
"cg_vq_v",67015.3,10.664
"cg_vq_v",67015.3,10.7203
"cg_vq_v",67015.3,10.775
"cg_vq_v",67015.4,10.7779
"cg_vq_v",67015.4,10.8232
"cg_vq_v",67015.4,10.868
"cg_vq_v",67015.4,10.9121
"cg_vq_v",67015.4,10.9302
"cg_vq_v",67015.4,11.0091
"cg_vq_v",67015.4,11.071
"cg_vq_v",67015.4,11.0408
"cg_vq_v",67015.4,11.0591
"cg_vq_v",67015.4,11.1112
"cg_vq_v",67015.4,11.1572
"cg_vq_v",67015.4,11.2065
"cg_vq_v",67015.5,11.2333
"cg_vq_v",67015.5,11.2237
"cg_vq_v",67015.5,11.2403
"cg_vq_v",67015.5,11.2749
"cg_vq_v",67015.5,11.2994
"cg_vq_v",67015.5,11.3724
"cg_vq_v",67015.5,11.3658
"cg_vq_v",67015.5,11.4121
"cg_vq_v",67015.5,11.4476
"cg_vq_v",67015.5,11.4626
"cg_vq_v",67015.5,11.5101
"cg_vq_v",67015.6,11.5333
"cg_vq_v",67015.6,11.5721
"cg_vq_v",67015.6,11.5823
"cg_vq_v",67015.6,11.6496
"cg_vq_v",67015.6,11.608
"cg_vq_v",67015.6,11.7004
"cg_vq_v",67015.6,11.6781
"cg_vq_v",67015.6,11.7322
"cg_vq_v",67015.6,11.7624
"cg_vq_v",67015.6,11.793
"cg_vq_v",67015.6,11.8227
"cg_vq_v",67015.6,11.8363
"cg_vq_v",67015.7,11.865
"cg_vq_v",67015.7,11.9127
"cg_vq_v",67015.7,11.9161
"cg_vq_v",67015.7,11.9362
"cg_vq_v",67015.7,11.9822
"cg_vq_v",67015.7,12.0431
"cg_vq_v",67015.7,12.0276
"cg_vq_v",67015.7,12.0635
"cg_vq_v",67015.7,12.0659
"cg_vq_v",67015.7,12.1486
"cg_vq_v",67015.8,12.1606
"cg_vq_v",67015.8,12.1659
"cg_vq_v",67015.8,12.2469
"cg_vq_v",67015.8,12.2701
"cg_vq_v",67015.8,12.2702
"cg_vq_v",67015.8,12.342
"cg_vq_v",67015.8,12.3575
"cg_vq_v",67015.8,12.4046
"cg_vq_v",67015.8,12.4245
"cg_vq_v",67015.8,12.4749
"cg_vq_v",67015.8,12.4707
"cg_vq_v",67015.8,12.5204
"cg_vq_v",67015.9,12.5322
"cg_vq_v",67015.9,12.5615
"cg_vq_v",67015.9,12.594
"cg_vq_v",67015.9,12.6377
"cg_vq_v",67015.9,12.6601
"cg_vq_v",67015.9,12.6962
"cg_vq_v",67015.9,12.7435
"cg_vq_v",67015.9,12.7824
"cg_vq_v",67015.9,12.8099
"cg_vq_v",67015.9,12.8552
"cg_vq_v",67016,12.9082
"cg_vq_v",67016,12.9096
"cg_vq_v",67016,12.9558
"cg_vq_v",67016,13.0111
"cg_vq_v",67016,13.0223
"cg_vq_v",67016,13.0343
"cg_vq_v",67016,13.0867
"cg_vq_v",67016,13.129
"cg_vq_v",67016,13.1265
"cg_vq_v",67016,13.1613
"cg_vq_v",67016.1,13.2287
"cg_vq_v",67016.1,13.2735
"cg_vq_v",67016.1,13.293
"cg_vq_v",67016.1,13.2866
"cg_vq_v",67016.1,13.3355
"cg_vq_v",67016.1,13.365
"cg_vq_v",67016.1,13.3576
"cg_vq_v",67016.1,13.4177
"cg_vq_v",67016.1,13.461
"cg_vq_v",67016.1,13.4637
"cg_vq_v",67016.2,13.5213
"cg_vq_v",67016.2,13.557
"cg_vq_v",67016.2,13.5946
"cg_vq_v",67016.2,13.6065
"cg_vq_v",67016.2,13.6586
"cg_vq_v",67016.2,13.7063
"cg_vq_v",67016.2,13.7286
"cg_vq_v",67016.2,13.752
"cg_vq_v",67016.2,13.7816
"cg_vq_v",67016.2,13.8319
"cg_vq_v",67016.3,13.8481
"cg_vq_v",67016.3,13.8887
"cg_vq_v",67016.3,13.903
"cg_vq_v",67016.3,13.9858
"cg_vq_v",67016.3,13.9682
"cg_vq_v",67016.3,14.0295
"cg_vq_v",67016.3,14.0684
"cg_vq_v",67016.3,14.0757
"cg_vq_v",67016.3,14.1071
"cg_vq_v",67016.3,14.1163
"cg_vq_v",67016.4,14.1688
"cg_vq_v",67016.4,14.2028
"cg_vq_v",67016.4,14.2367
"cg_vq_v",67016.4,14.2718
"cg_vq_v",67016.4,14.3073
"cg_vq_v",67016.4,14.3446
"cg_vq_v",67016.4,14.3931
"cg_vq_v",67016.4,14.4011
"cg_vq_v",67016.4,14.4281
"cg_vq_v",67016.4,14.4738
"cg_vq_v",67016.5,14.4763
"cg_vq_v",67016.5,14.5657
"cg_vq_v",67016.5,14.569
"cg_vq_v",67016.5,14.5983
"cg_vq_v",67016.5,14.6445
"cg_vq_v",67016.5,14.6892
"cg_vq_v",67016.5,14.741
"cg_vq_v",67016.5,14.813
"cg_vq_v",67016.5,14.8086
"cg_vq_v",67016.5,14.8474
"cg_vq_v",67016.6,14.846
"cg_vq_v",67016.6,14.8912
"cg_vq_v",67016.6,14.9696
"cg_vq_v",67016.6,14.9606
"cg_vq_v",67016.6,15.0084
"cg_vq_v",67016.6,15.0038
"cg_vq_v",67016.6,15.0853
"cg_vq_v",67016.6,15.1005
"cg_vq_v",67016.6,15.162
"cg_vq_v",67016.6,15.1721
"cg_vq_v",67016.7,15.2188
"cg_vq_v",67016.7,15.2597
"cg_vq_v",67016.7,15.2485
"cg_vq_v",67016.7,15.2879
"cg_vq_v",67016.7,15.3524
"cg_vq_v",67016.7,15.3848
"cg_vq_v",67016.7,15.3934
"cg_vq_v",67016.7,15.4285
"cg_vq_v",67016.7,15.5078
"cg_vq_v",67016.8,15.482
"cg_vq_v",67016.8,15.5432
"cg_vq_v",67016.8,15.5511
"cg_vq_v",67016.8,15.5519
"cg_vq_v",67016.8,15.6162
"cg_vq_v",67016.8,15.6716
"cg_vq_v",67016.8,15.6404
"cg_vq_v",67016.8,15.7007
"cg_vq_v",67016.8,15.7549
"cg_vq_v",67016.8,15.7261
"cg_vq_v",67016.9,15.7589
"cg_vq_v",67016.9,15.801
"cg_vq_v",67016.9,15.8186
"cg_vq_v",67016.9,15.8977
"cg_vq_v",67016.9,15.8827
"cg_vq_v",67016.9,15.9473
"cg_vq_v",67016.9,15.9505
"cg_vq_v",67016.9,15.9932
"cg_vq_v",67016.9,16.0349
"cg_vq_v",67016.9,16.0617
"cg_vq_v",67016.9,16.0975
"cg_vq_v",67017,16.0222
"cg_vq_v",67017,16.1417
"cg_vq_v",67017,16.1651
"cg_vq_v",67017,16.1854
"cg_vq_v",67017,16.2437
"cg_vq_v",67017,16.2463
"cg_vq_v",67017,16.3147
"cg_vq_v",67017,16.3339
"cg_vq_v",67017,16.4466
"cg_vq_v",67017,16.3748
"cg_vq_v",67017.1,16.3668
"cg_vq_v",67017.1,16.425
"cg_vq_v",67017.1,16.4586
"cg_vq_v",67017.1,16.5032
"cg_vq_v",67017.1,16.5049
"cg_vq_v",67017.1,16.4853
"cg_vq_v",67017.1,16.6143
"cg_vq_v",67017.1,16.6239
"cg_vq_v",67017.1,16.7024
"cg_vq_v",67017.1,16.7076
"cg_vq_v",67017.2,16.7478
"cg_vq_v",67017.2,16.7548
"cg_vq_v",67017.2,16.7943
"cg_vq_v",67017.2,16.7808
"cg_vq_v",67017.2,16.8676
"cg_vq_v",67017.2,16.8749
"cg_vq_v",67017.2,16.9287
"cg_vq_v",67017.2,16.9511
"cg_vq_v",67017.2,16.9809
"cg_vq_v",67017.2,16.9709
"cg_vq_v",67017.3,17.0281
"cg_vq_v",67017.3,17.0722
"cg_vq_v",67017.3,17.1019
"cg_vq_v",67017.3,17.1384
"cg_vq_v",67017.3,17.1307
"cg_vq_v",67017.3,17.1636
"cg_vq_v",67017.3,17.2126
"cg_vq_v",67017.3,17.2148
"cg_vq_v",67017.3,17.2276
"cg_vq_v",67017.4,17.2463
"cg_vq_v",67017.4,17.2677
"cg_vq_v",67017.4,17.3235
"cg_vq_v",67017.4,17.3331
"cg_vq_v",67017.4,17.3741
"cg_vq_v",67017.4,17.4043
"cg_vq_v",67017.4,17.4377
"cg_vq_v",67017.4,17.4329
"cg_vq_v",67017.4,17.5523
"cg_vq_v",67017.4,17.5442
"cg_vq_v",67017.4,17.54
"cg_vq_v",67017.5,17.5686
"cg_vq_v",67017.5,17.589
"cg_vq_v",67017.5,17.6309
"cg_vq_v",67017.5,17.6693
"cg_vq_v",67017.5,17.6772
"cg_vq_v",67017.5,17.7163
"cg_vq_v",67017.5,17.7377
"cg_vq_v",67017.5,17.7542
"cg_vq_v",67017.5,17.7827
"cg_vq_v",67017.5,17.8389
"cg_vq_v",67017.6,17.8844
"cg_vq_v",67017.6,17.9074
"cg_vq_v",67017.6,17.9255
"cg_vq_v",67017.6,17.955
"cg_vq_v",67017.6,18.0479
"cg_vq_v",67017.6,18.0052
"cg_vq_v",67017.6,18.048
"cg_vq_v",67017.6,18.0569
"cg_vq_v",67017.6,18.1189
"cg_vq_v",67017.6,18.1751
"cg_vq_v",67017.7,18.1577
"cg_vq_v",67017.7,18.1713
"cg_vq_v",67017.7,18.2253
"cg_vq_v",67017.7,18.3052
"cg_vq_v",67017.7,18.2918
"cg_vq_v",67017.7,18.3466
"cg_vq_v",67017.7,18.3702
"cg_vq_v",67017.7,18.4199
"cg_vq_v",67017.7,18.4512
"cg_vq_v",67017.8,18.4739
"cg_vq_v",67017.8,18.5183
"cg_vq_v",67017.8,18.5241
"cg_vq_v",67017.8,18.5485
"cg_vq_v",67017.8,18.5698
"cg_vq_v",67017.8,18.615
"cg_vq_v",67017.8,18.6486
"cg_vq_v",67017.8,18.7054
"cg_vq_v",67017.8,18.7296
"cg_vq_v",67017.8,18.8191
"cg_vq_v",67017.8,18.8444
"cg_vq_v",67017.9,18.8782
"cg_vq_v",67017.9,18.9042
"cg_vq_v",67017.9,18.9023
"cg_vq_v",67017.9,18.9337
"cg_vq_v",67017.9,18.9838
"cg_vq_v",67017.9,19.0259
"cg_vq_v",67017.9,19.0635
"cg_vq_v",67017.9,19.0825
"cg_vq_v",67017.9,19.1119
"cg_vq_v",67017.9,19.1369
"cg_vq_v",67018,19.2182
"cg_vq_v",67018,19.226
"cg_vq_v",67018,19.2427
"cg_vq_v",67018,19.2705
"cg_vq_v",67018,19.2565
"cg_vq_v",67018,19.3313
"cg_vq_v",67018,19.3301
"cg_vq_v",67018,19.3893
"cg_vq_v",67018,19.4413
"cg_vq_v",67018,19.4456
"cg_vq_v",67018.1,19.4953
"cg_vq_v",67018.1,19.512
"cg_vq_v",67018.1,19.5484
"cg_vq_v",67018.1,19.5695
"cg_vq_v",67018.1,19.5462
"cg_vq_v",67018.1,19.5641
"cg_vq_v",67018.1,19.6562
"cg_vq_v",67018.1,19.6801
"cg_vq_v",67018.1,19.72
"cg_vq_v",67018.1,19.7919
"cg_vq_v",67018.2,19.7888
"cg_vq_v",67018.2,19.8384
"cg_vq_v",67018.2,19.8637
"cg_vq_v",67018.2,19.9089
"cg_vq_v",67018.2,19.9245
"cg_vq_v",67018.2,19.9517
"cg_vq_v",67018.2,19.9755
"cg_vq_v",67018.2,20.0415
"cg_vq_v",67018.2,20.0375
"cg_vq_v",67018.2,20.1036
"cg_vq_v",67018.3,20.104
"cg_vq_v",67018.3,20.1482
"cg_vq_v",67018.3,20.1937
"cg_vq_v",67018.3,20.0896
"cg_vq_v",67018.3,20.257
"cg_vq_v",67018.3,20.3099
"cg_vq_v",67018.3,20.3457
"cg_vq_v",67018.3,20.3672
"cg_vq_v",67018.3,20.3978
"cg_vq_v",67018.3,20.4375
"cg_vq_v",67018.4,20.4689
"cg_vq_v",67018.4,20.5168
"cg_vq_v",67018.4,20.5478
"cg_vq_v",67018.4,20.5964
"cg_vq_v",67018.4,20.6229
"cg_vq_v",67018.4,20.6411
"cg_vq_v",67018.4,20.6753
"cg_vq_v",67018.4,20.6792
"cg_vq_v",67018.4,20.7893
"cg_vq_v",67018.4,20.7614
"cg_vq_v",67018.5,20.7414
"cg_vq_v",67018.5,20.8104
"cg_vq_v",67018.5,20.8431
"cg_vq_v",67018.5,20.9115
"cg_vq_v",67018.5,20.9367
"cg_vq_v",67018.5,20.9611
"cg_vq_v",67018.5,21.002
"cg_vq_v",67018.5,21.003
"cg_vq_v",67018.5,21.0304
"cg_vq_v",67018.5,21.07
"cg_vq_v",67018.6,21.0993
"cg_vq_v",67018.6,21.1528
"cg_vq_v",67018.6,21.153
"cg_vq_v",67018.6,21.2005
"cg_vq_v",67018.6,21.249
"cg_vq_v",67018.6,21.2689
"cg_vq_v",67018.6,21.298
"cg_vq_v",67018.6,21.3776
"cg_vq_v",67018.6,21.3595
"cg_vq_v",67018.6,21.3946
"cg_vq_v",67018.7,21.3972
"cg_vq_v",67018.7,21.4398
"cg_vq_v",67018.7,21.5117
"cg_vq_v",67018.7,21.5187
"cg_vq_v",67018.7,21.534
"cg_vq_v",67018.7,21.5509
"cg_vq_v",67018.7,21.6223
"cg_vq_v",67018.7,21.6381
"cg_vq_v",67018.7,21.6656
"cg_vq_v",67018.8,21.699
"cg_vq_v",67018.8,21.7139
"cg_vq_v",67018.8,21.7791
"cg_vq_v",67018.8,21.7211
"cg_vq_v",67018.8,21.8326
"cg_vq_v",67018.8,21.8278
"cg_vq_v",67018.8,21.8833
"cg_vq_v",67018.8,21.9163
"cg_vq_v",67018.8,21.991
"cg_vq_v",67018.8,22.0139
"cg_vq_v",67018.9,22.012
"cg_vq_v",67018.9,22.0745
"cg_vq_v",67018.9,22.1368
"cg_vq_v",67018.9,22.1265
"cg_vq_v",67018.9,22.1468
"cg_vq_v",67018.9,22.1857
"cg_vq_v",67018.9,22.1795
"cg_vq_v",67018.9,22.2455
"cg_vq_v",67018.9,22.2807
"cg_vq_v",67018.9,22.2247
"cg_vq_v",67019,22.3535
"cg_vq_v",67019,22.3996
"cg_vq_v",67019,22.4214
"cg_vq_v",67019,22.4456
"cg_vq_v",67019,22.5346
"cg_vq_v",67019,22.5048
"cg_vq_v",67019,22.581
"cg_vq_v",67019,22.6042
"cg_vq_v",67019,22.6224
"cg_vq_v",67019,22.7284
"cg_vq_v",67019.1,22.7243
"cg_vq_v",67019.1,22.7532
"cg_vq_v",67019.1,22.7502
"cg_vq_v",67019.1,22.7951
"cg_vq_v",67019.1,22.82
"cg_vq_v",67019.1,22.931
"cg_vq_v",67019.1,22.9129
"cg_vq_v",67019.1,22.9308
"cg_vq_v",67019.1,22.9544
"cg_vq_v",67019.1,22.9556
"cg_vq_v",67019.1,22.9925
"cg_vq_v",67019.2,23.0351
"cg_vq_v",67019.2,23.0708
"cg_vq_v",67019.2,23.0742
"cg_vq_v",67019.2,23.1442
"cg_vq_v",67019.2,23.1592
"cg_vq_v",67019.2,23.1864
"cg_vq_v",67019.2,23.2108
"cg_vq_v",67019.2,23.2355
"cg_vq_v",67019.2,23.2556
"cg_vq_v",67019.2,23.2937
"cg_vq_v",67019.3,23.3049
"cg_vq_v",67019.3,23.3567
"cg_vq_v",67019.3,23.4183
"cg_vq_v",67019.3,23.4117
"cg_vq_v",67019.3,23.4465
"cg_vq_v",67019.3,23.4571
"cg_vq_v",67019.3,23.5164
"cg_vq_v",67019.3,23.578
"cg_vq_v",67019.3,23.5828
"cg_vq_v",67019.4,23.6161
"cg_vq_v",67019.4,23.6294
"cg_vq_v",67019.4,23.6448
"cg_vq_v",67019.4,23.7289
"cg_vq_v",67019.4,23.7616
"cg_vq_v",67019.4,23.7857
"cg_vq_v",67019.4,23.829
"cg_vq_v",67019.4,23.8759
"cg_vq_v",67019.4,23.8754
"cg_vq_v",67019.4,23.9185
"cg_vq_v",67019.5,23.9592
"cg_vq_v",67019.5,23.9958
"cg_vq_v",67019.5,24.0236
"cg_vq_v",67019.5,24.0687
"cg_vq_v",67019.5,24.0869
"cg_vq_v",67019.5,24.1108
"cg_vq_v",67019.5,24.1764
"cg_vq_v",67019.5,24.1829
"cg_vq_v",67019.5,24.1965
"cg_vq_v",67019.5,24.2657
"cg_vq_v",67019.5,24.2715
"cg_vq_v",67019.6,24.31
"cg_vq_v",67019.6,24.3324
"cg_vq_v",67019.6,24.3902
"cg_vq_v",67019.6,24.4201
"cg_vq_v",67019.6,24.4403
"cg_vq_v",67019.6,24.4498
"cg_vq_v",67019.6,24.4918
"cg_vq_v",67019.6,24.516
"cg_vq_v",67019.6,24.5392
"cg_vq_v",67019.6,24.6003
"cg_vq_v",67019.7,24.6096
"cg_vq_v",67019.7,24.6403
"cg_vq_v",67019.7,24.6815
"cg_vq_v",67019.7,24.6481
"cg_vq_v",67019.7,24.7385
"cg_vq_v",67019.7,24.7181
"cg_vq_v",67019.7,24.7586
"cg_vq_v",67019.7,24.7952
"cg_vq_v",67019.7,24.8251
"cg_vq_v",67019.8,24.8155
"cg_vq_v",67019.8,24.8364
"cg_vq_v",67019.8,24.9149
"cg_vq_v",67019.8,24.9541
"cg_vq_v",67019.8,24.9704
"cg_vq_v",67019.8,24.9819
"cg_vq_v",67019.8,24.9879
"cg_vq_v",67019.8,25.0281
"cg_vq_v",67019.8,25.0744
"cg_vq_v",67019.9,25.0844
"cg_vq_v",67019.9,25.1322
"cg_vq_v",67019.9,25.1629
"cg_vq_v",67019.9,25.1946
"cg_vq_v",67019.9,25.1997
"cg_vq_v",67019.9,25.2047
"cg_vq_v",67019.9,25.2744
"cg_vq_v",67019.9,25.2763
"cg_vq_v",67019.9,25.2805
"cg_vq_v",67019.9,25.3425
"cg_vq_v",67019.9,25.3578
"cg_vq_v",67020,25.4276
"cg_vq_v",67020,25.4429
"cg_vq_v",67020,25.4614
"cg_vq_v",67020,25.5102
"cg_vq_v",67020,25.5126
"cg_vq_v",67020,25.4838
"cg_vq_v",67020,25.5825
"cg_vq_v",67020,25.7163
"cg_vq_v",67020,25.6222
"cg_vq_v",67020,25.6884
"cg_vq_v",67020.1,25.7369
"cg_vq_v",67020.1,25.7754
"cg_vq_v",67020.1,25.7664
"cg_vq_v",67020.1,25.8116
"cg_vq_v",67020.1,25.8372
"cg_vq_v",67020.1,25.8753
"cg_vq_v",67020.1,25.8878
"cg_vq_v",67020.1,25.981
"cg_vq_v",67020.1,25.9916
"cg_vq_v",67020.1,26.0321
"cg_vq_v",67020.2,26.0545
"cg_vq_v",67020.2,26.0629
"cg_vq_v",67020.2,26.1061
"cg_vq_v",67020.2,26.1236
"cg_vq_v",67020.2,26.1737
"cg_vq_v",67020.2,26.1882
"cg_vq_v",67020.2,26.2948
"cg_vq_v",67020.2,26.2496
"cg_vq_v",67020.2,26.2443
"cg_vq_v",67020.2,26.3006
"cg_vq_v",67020.3,26.3215
"cg_vq_v",67020.3,26.357
"cg_vq_v",67020.3,26.3854
"cg_vq_v",67020.3,26.4844
"cg_vq_v",67020.3,26.3814
"cg_vq_v",67020.3,26.4775
"cg_vq_v",67020.3,26.5091
"cg_vq_v",67020.3,26.5318
"cg_vq_v",67020.3,26.5796
"cg_vq_v",67020.3,26.6337
"cg_vq_v",67020.4,26.6346
"cg_vq_v",67020.4,26.6554
"cg_vq_v",67020.4,26.6883
"cg_vq_v",67020.4,26.7443
"cg_vq_v",67020.4,26.693
"cg_vq_v",67020.4,26.7673
"cg_vq_v",67020.4,26.8068
"cg_vq_v",67020.4,26.8391
"cg_vq_v",67020.4,26.8642
"cg_vq_v",67020.4,26.8175
"cg_vq_v",67020.5,26.9096
"cg_vq_v",67020.5,26.9421
"cg_vq_v",67020.5,27.0082
"cg_vq_v",67020.5,27.0035
"cg_vq_v",67020.5,27.0102
"cg_vq_v",67020.5,27.0671
"cg_vq_v",67020.5,27.1155
"cg_vq_v",67020.5,27.1362
"cg_vq_v",67020.5,27.171
"cg_vq_v",67020.5,27.1953
"cg_vq_v",67020.6,27.1985
"cg_vq_v",67020.6,27.2425
"cg_vq_v",67020.6,27.3074
"cg_vq_v",67020.6,27.3108
"cg_vq_v",67020.6,27.3888
"cg_vq_v",67020.6,27.3811
"cg_vq_v",67020.6,27.401
"cg_vq_v",67020.6,27.4585
"cg_vq_v",67020.6,27.4885
"cg_vq_v",67020.6,27.4494
"cg_vq_v",67020.7,27.5253
"cg_vq_v",67020.7,27.5522
"cg_vq_v",67020.7,27.5516
"cg_vq_v",67020.7,27.6102
"cg_vq_v",67020.7,27.6402
"cg_vq_v",67020.7,27.7088
"cg_vq_v",67020.7,27.7293
"cg_vq_v",67020.7,27.7425
"cg_vq_v",67020.7,27.7521
"cg_vq_v",67020.7,27.782
"cg_vq_v",67020.8,27.8224
"cg_vq_v",67020.8,27.8246
"cg_vq_v",67020.8,27.8699
"cg_vq_v",67020.8,27.9057
"cg_vq_v",67020.8,27.8902
"cg_vq_v",67020.8,27.9683
"cg_vq_v",67020.8,27.9898
"cg_vq_v",67020.8,28.0341
"cg_vq_v",67020.8,28.0394
"cg_vq_v",67020.9,28.0924
"cg_vq_v",67020.9,28.1275
"cg_vq_v",67020.9,28.1172
"cg_vq_v",67020.9,28.1563
"cg_vq_v",67020.9,28.1711
"cg_vq_v",67020.9,28.2048
"cg_vq_v",67020.9,28.234
"cg_vq_v",67020.9,28.2506
"cg_vq_v",67020.9,28.2854
"cg_vq_v",67020.9,28.3055
"cg_vq_v",67020.9,28.3515
"cg_vq_v",67021,28.3505
"cg_vq_v",67021,28.3962
"cg_vq_v",67021,28.4626
"cg_vq_v",67021,28.4598
"cg_vq_v",67021,28.495
"cg_vq_v",67021,28.5054
"cg_vq_v",67021,28.5575
"cg_vq_v",67021,28.5634
"cg_vq_v",67021,28.5793
"cg_vq_v",67021,28.6363
"cg_vq_v",67021.1,28.6409
"cg_vq_v",67021.1,28.6937
"cg_vq_v",67021.1,28.7289
"cg_vq_v",67021.1,28.702
"cg_vq_v",67021.1,28.7376
"cg_vq_v",67021.1,28.7287
"cg_vq_v",67021.1,28.787
"cg_vq_v",67021.1,28.8043
"cg_vq_v",67021.1,28.8116
"cg_vq_v",67021.1,28.8776
"cg_vq_v",67021.2,28.9138
"cg_vq_v",67021.2,28.9137
"cg_vq_v",67021.2,28.9356
"cg_vq_v",67021.2,28.9943
"cg_vq_v",67021.2,29.0085
"cg_vq_v",67021.2,29.0477
"cg_vq_v",67021.2,29.0662
"cg_vq_v",67021.2,29.1086
"cg_vq_v",67021.2,29.1783
"cg_vq_v",67021.2,29.1529
"cg_vq_v",67021.3,29.1955
"cg_vq_v",67021.3,29.2572
"cg_vq_v",67021.3,29.2798
"cg_vq_v",67021.3,29.2779
"cg_vq_v",67021.3,29.3232
"cg_vq_v",67021.3,29.3476
"cg_vq_v",67021.3,29.3598
"cg_vq_v",67021.3,29.4335
"cg_vq_v",67021.3,29.4483
"cg_vq_v",67021.4,29.4681
"cg_vq_v",67021.4,29.5035
"cg_vq_v",67021.4,29.5414
"cg_vq_v",67021.4,29.5937
"cg_vq_v",67021.4,29.6001
"cg_vq_v",67021.4,29.6335
"cg_vq_v",67021.4,29.6077
"cg_vq_v",67021.4,29.6868
"cg_vq_v",67021.4,29.7223
"cg_vq_v",67021.4,29.8014
"cg_vq_v",67021.5,29.7656
"cg_vq_v",67021.5,29.7847
"cg_vq_v",67021.5,29.8635
"cg_vq_v",67021.5,29.8528
"cg_vq_v",67021.5,29.913
"cg_vq_v",67021.5,29.9109
"cg_vq_v",67021.5,29.9662
"cg_vq_v",67021.5,29.9905
"cg_vq_v",67021.5,30.0028
"cg_vq_v",67021.5,30.035
"cg_vq_v",67021.5,30.0234
"cg_vq_v",67021.6,30.1236
"cg_vq_v",67021.6,30.1379
"cg_vq_v",67021.6,30.1213
"cg_vq_v",67021.6,30.1988
"cg_vq_v",67021.6,30.199
"cg_vq_v",67021.6,30.1913
"cg_vq_v",67021.6,30.2394
"cg_vq_v",67021.6,30.3061
"cg_vq_v",67021.6,30.2908
"cg_vq_v",67021.6,30.3094
"cg_vq_v",67021.7,30.3203
"cg_vq_v",67021.7,30.3115
"cg_vq_v",67021.7,30.3793
"cg_vq_v",67021.7,30.3976
"cg_vq_v",67021.7,30.4675
"cg_vq_v",67021.7,30.4437
"cg_vq_v",67021.7,30.5299
"cg_vq_v",67021.7,30.5205
"cg_vq_v",67021.7,30.5452
"cg_vq_v",67021.8,30.5653
"cg_vq_v",67021.8,30.6067
"cg_vq_v",67021.8,30.6692
"cg_vq_v",67021.8,30.6693
"cg_vq_v",67021.8,30.699
"cg_vq_v",67021.8,30.7239
"cg_vq_v",67021.8,30.7559
"cg_vq_v",67021.8,30.7699
"cg_vq_v",67021.8,30.818
"cg_vq_v",67021.8,30.8885
"cg_vq_v",67021.9,30.8677
"cg_vq_v",67021.9,30.8899
"cg_vq_v",67021.9,30.9175
"cg_vq_v",67021.9,30.9658
"cg_vq_v",67021.9,30.9833
"cg_vq_v",67021.9,30.9671
"cg_vq_v",67021.9,31.0658
"cg_vq_v",67021.9,31.0143
"cg_vq_v",67021.9,31.1171
"cg_vq_v",67021.9,31.1331
"cg_vq_v",67022,31.1809
"cg_vq_v",67022,31.2006
"cg_vq_v",67022,31.2091
"cg_vq_v",67022,31.2333
"cg_vq_v",67022,31.2828
"cg_vq_v",67022,31.2913
"cg_vq_v",67022,31.2997
"cg_vq_v",67022,31.3831
"cg_vq_v",67022,31.3622
"cg_vq_v",67022,31.4118
"cg_vq_v",67022,31.4481
"cg_vq_v",67022.1,31.4701
"cg_vq_v",67022.1,31.4898
"cg_vq_v",67022.1,31.4981
"cg_vq_v",67022.1,31.4889
"cg_vq_v",67022.1,31.5508
"cg_vq_v",67022.1,31.5913
"cg_vq_v",67022.1,31.596
"cg_vq_v",67022.1,31.6348
"cg_vq_v",67022.1,31.7002
"cg_vq_v",67022.1,31.7617
"cg_vq_v",67022.2,31.7459
"cg_vq_v",67022.2,31.7605
"cg_vq_v",67022.2,31.7936
"cg_vq_v",67022.2,31.8425
"cg_vq_v",67022.2,31.861
"cg_vq_v",67022.2,31.911
"cg_vq_v",67022.2,31.9008
"cg_vq_v",67022.2,31.9565
"cg_vq_v",67022.2,31.9695
"cg_vq_v",67022.2,32.0272
"cg_vq_v",67022.3,32.05
"cg_vq_v",67022.3,32.0559
"cg_vq_v",67022.3,32.1045
"cg_vq_v",67022.3,32.0941
"cg_vq_v",67022.3,32.1662
"cg_vq_v",67022.3,32.1877
"cg_vq_v",67022.3,32.2069
"cg_vq_v",67022.3,32.2453
"cg_vq_v",67022.3,32.2692
"cg_vq_v",67022.4,32.3245
"cg_vq_v",67022.4,32.3498
"cg_vq_v",67022.4,32.3732
"cg_vq_v",67022.4,32.4049
"cg_vq_v",67022.4,32.4259
"cg_vq_v",67022.4,32.454
"cg_vq_v",67022.4,32.4964
"cg_vq_v",67022.4,32.5248
"cg_vq_v",67022.4,32.5371
"cg_vq_v",67022.4,32.553
"cg_vq_v",67022.5,32.5847
"cg_vq_v",67022.5,32.5992
"cg_vq_v",67022.5,32.6189
"cg_vq_v",67022.5,32.6431
"cg_vq_v",67022.5,32.6783
"cg_vq_v",67022.5,32.7184
"cg_vq_v",67022.5,32.7491
"cg_vq_v",67022.5,32.7689
"cg_vq_v",67022.5,32.8347
"cg_vq_v",67022.5,32.836
"cg_vq_v",67022.5,32.8453
"cg_vq_v",67022.6,32.8453
"cg_vq_v",67022.6,32.8453
"cg_vq_v",67022.6,32.8453
"cg_vq_v",67022.6,32.8453
"cg_vq_v",67022.6,32.8453
"cg_vq_v",67022.6,32.8453
"cg_vq_v",67022.6,32.8453
"cg_vq_v",67022.6,32.8453
"cg_vq_v",67022.6,32.8453
"cg_vq_v",67022.6,32.8453
"cg_vq_v",67022.7,32.8453
"cg_vq_v",67022.7,32.8453
"cg_vq_v",67022.7,32.8453
"cg_vq_v",67022.7,32.8453
"cg_vq_v",67022.7,32.8453
"cg_vq_v",67022.7,32.8453
"cg_vq_v",67022.7,32.8453
"cg_vq_v",67022.7,32.8453
"cg_vq_v",67022.8,32.8453
"cg_vq_v",67022.8,32.8453
"cg_vq_v",67022.8,32.8453
"cg_vq_v",67022.8,32.8453
"cg_vq_v",67022.8,32.8453
"cg_vq_v",67022.8,32.8453
"cg_vq_v",67022.8,32.8453
"cg_vq_v",67022.8,32.8453
"cg_vq_v",67022.8,32.8453
"cg_vq_v",67022.8,32.8453
"cg_vq_v",67022.8,32.8453
"cg_vq_v",67022.9,32.8453
"cg_vq_v",67022.9,32.8453
"cg_vq_v",67022.9,32.8453
"cg_vq_v",67022.9,32.8453
"cg_vq_v",67022.9,32.8453
"cg_vq_v",67022.9,32.8453
"cg_vq_v",67022.9,32.8453
"cg_vq_v",67022.9,32.8453
"cg_vq_v",67022.9,32.8453
"cg_vq_v",67022.9,32.8453
"cg_vq_v",67023,32.8453
"cg_vq_v",67023,32.8453
"cg_vq_v",67023,32.8453
"cg_vq_v",67023,32.8453
"cg_vq_v",67023,32.8453
"cg_vq_v",67023,32.8453
"cg_vq_v",67023,32.8453
"cg_vq_v",67023,32.8453
"cg_vq_v",67023,32.8453
"cg_vq_v",67023,32.8453
"cg_vq_v",67023.1,32.8453
"cg_vq_v",67023.1,32.8453
"cg_vq_v",67023.1,32.8453
"cg_vq_v",67023.1,32.8453
"cg_vq_v",67023.1,32.8453
"cg_vq_v",67023.1,32.8453
"cg_vq_v",67023.1,32.8453
"cg_vq_v",67023.1,32.8453
"cg_vq_v",67023.1,32.8453
"cg_vq_v",67023.1,32.8453
"cg_vq_v",67023.2,32.8453
"cg_vq_v",67023.2,32.8453
"cg_vq_v",67023.2,32.8453
"cg_vq_v",67023.2,32.8453
"cg_vq_v",67023.2,32.8453
"cg_vq_v",67023.2,32.8453
"cg_vq_v",67023.2,32.8453
"cg_vq_v",67023.2,32.8453
"cg_vq_v",67023.2,32.8453
"cg_vq_v",67023.2,32.8453
"cg_vq_v",67023.3,32.8453
"cg_vq_v",67023.3,32.8453
"cg_vq_v",67023.3,32.8453
"cg_vq_v",67023.3,32.8453
"cg_vq_v",67023.3,32.8453
"cg_vq_v",67023.3,32.8453
"cg_vq_v",67023.3,32.8453
"cg_vq_v",67023.3,32.8453
"cg_vq_v",67023.3,32.8453
"cg_vq_v",67023.3,32.8453
"cg_vq_v",67023.4,32.8453
"cg_vq_v",67023.4,32.8453
"cg_vq_v",67023.4,32.8453
"cg_vq_v",67023.4,32.8453
"cg_vq_v",67023.4,32.8453
"cg_vq_v",67023.4,32.8453
"cg_vq_v",67023.4,32.8453
"cg_vq_v",67023.4,32.8453
"cg_vq_v",67023.4,32.8453
"cg_vq_v",67023.4,32.8453
"cg_vq_v",67023.5,32.8453
"cg_vq_v",67023.5,32.8453
"cg_vq_v",67023.5,32.8453
"cg_vq_v",67023.5,32.8453
"cg_vq_v",67023.5,32.8453
"cg_vq_v",67023.5,32.8453
"cg_vq_v",67023.5,32.8453
"cg_vq_v",67023.5,32.8453
"cg_vq_v",67023.5,32.8453
"cg_vq_v",67023.5,32.8453
"cg_vq_v",67023.6,32.8453
"cg_vq_v",67023.6,32.8453
"cg_vq_v",67023.6,32.8453
"cg_vq_v",67023.6,32.8453
"cg_vq_v",67023.6,32.8453
"cg_vq_v",67023.6,32.8453
"cg_vq_v",67023.6,32.8453
"cg_vq_v",67023.6,32.8453
"cg_vq_v",67023.6,32.8453
"cg_vq_v",67023.6,32.8453
"cg_vq_v",67023.7,32.8453
"cg_vq_v",67023.7,32.8453
"cg_vq_v",67023.7,32.8453
"cg_vq_v",67023.7,32.8453
"cg_vq_v",67023.7,32.8453
"cg_vq_v",67023.7,32.8453
"cg_vq_v",67023.7,32.8453
"cg_vq_v",67023.7,32.8453
"cg_vq_v",67023.7,32.8453
"cg_vq_v",67023.7,32.8453
"cg_vq_v",67023.8,32.8453
"cg_vq_v",67023.8,32.8453
"cg_vq_v",67023.8,32.8453
"cg_vq_v",67023.8,32.8453
"cg_vq_v",67023.8,32.8453
"cg_vq_v",67023.8,32.8453
"cg_vq_v",67023.8,32.8453
"cg_vq_v",67023.8,32.8453
"cg_vq_v",67023.8,32.8453
"cg_vq_v",67023.8,32.8453
"cg_vq_v",67023.8,32.8453
"cg_vq_v",67023.9,32.8453
"cg_vq_v",67023.9,32.8453
"cg_vq_v",67023.9,32.8453
"cg_vq_v",67023.9,32.8453
"cg_vq_v",67023.9,32.8453
"cg_vq_v",67023.9,32.8453
"cg_vq_v",67023.9,32.8453
"cg_vq_v",67023.9,32.8453
"cg_vq_v",67023.9,32.8453
"cg_vq_v",67023.9,32.8453
"cg_vq_v",67024,32.8453
"cg_vq_v",67024,32.8453
"cg_vq_v",67024,32.8453
"cg_vq_v",67024,32.8453
"cg_vq_v",67024,32.8453
"cg_vq_v",67024,32.8453
"cg_vq_v",67024,32.8453
"cg_vq_v",67024,32.8453
"cg_vq_v",67024,32.8453
"cg_vq_v",67024,32.8453
"cg_vq_v",67024.1,32.8453
"cg_vq_v",67024.1,32.8453
"cg_vq_v",67024.1,32.8453
"cg_vq_v",67024.1,32.8453
"cg_vq_v",67024.1,32.8453
"cg_vq_v",67024.1,32.8453
"cg_vq_v",67024.1,32.8453
"cg_vq_v",67024.1,32.8453
"cg_vq_v",67024.1,32.8453
"cg_vq_v",67024.1,32.8453
"cg_vq_v",67024.2,32.8453
"cg_vq_v",67024.2,32.8453
"cg_vq_v",67024.2,32.8453
"cg_vq_v",67024.2,32.8453
"cg_vq_v",67024.2,32.8453
"cg_vq_v",67024.2,32.8453
"cg_vq_v",67024.2,32.8453
"cg_vq_v",67024.2,32.8453
"cg_vq_v",67024.2,32.8453
"cg_vq_v",67024.2,32.8453
"cg_vq_v",67024.3,32.8453
"cg_vq_v",67024.3,32.8453
"cg_vq_v",67024.3,32.8453
"cg_vq_v",67024.3,32.8453
"cg_vq_v",67024.3,32.8453
"cg_vq_v",67024.3,32.8453
"cg_vq_v",67024.3,32.8453
"cg_vq_v",67024.3,32.8453
"cg_vq_v",67024.3,32.8453
"cg_vq_v",67024.3,32.8453
"cg_vq_v",67024.4,32.8453
"cg_vq_v",67024.4,32.8453
"cg_vq_v",67024.4,32.8453
"cg_vq_v",67024.4,32.8453
"cg_vq_v",67024.4,32.8453
"cg_vq_v",67024.4,32.8453
"cg_vq_v",67024.4,32.8453
"cg_vq_v",67024.4,32.8453
"cg_vq_v",67024.4,32.8453
"cg_vq_v",67024.4,32.8453
"cg_vq_v",67024.5,32.8453
"cg_vq_v",67024.5,32.8453
"cg_vq_v",67024.5,32.8453
"cg_vq_v",67024.5,32.8453
"cg_vq_v",67024.5,32.8453
"cg_vq_v",67024.5,32.8453
"cg_vq_v",67024.5,32.8453
"cg_vq_v",67024.5,32.8453
"cg_vq_v",67024.5,32.8453
"cg_vq_v",67024.5,32.8453
"cg_vq_v",67024.6,32.8453
"cg_vq_v",67024.6,32.8453
"cg_vq_v",67024.6,32.8453
"cg_vq_v",67024.6,32.8453
"cg_vq_v",67024.6,32.8453
"cg_vq_v",67024.6,32.8453
"cg_vq_v",67024.6,32.8453
"cg_vq_v",67024.6,32.8453
"cg_vq_v",67024.6,32.8453
"cg_vq_v",67024.6,32.8453
"cg_vq_v",67024.7,32.8453
"cg_vq_v",67024.7,32.8453
"cg_vq_v",67024.7,32.8453
"cg_vq_v",67024.7,32.8453
"cg_vq_v",67024.7,32.8453
"cg_vq_v",67024.7,32.8453
"cg_vq_v",67024.8,32.8453
"cg_vq_v",67024.8,32.8453
"cg_vq_v",67024.8,32.8453
"cg_vq_v",67024.8,32.8453
"cg_vq_v",67024.8,32.8453
"cg_vq_v",67024.8,32.8453
"cg_vq_v",67024.9,32.8453
"cg_vq_v",67024.9,32.8453
"cg_vq_v",67024.9,32.8453
"cg_vq_v",67024.9,32.8453
"cg_vq_v",67024.9,32.8453
"cg_vq_v",67024.9,32.8453
"cg_vq_v",67024.9,32.8453
"cg_vq_v",67024.9,32.8453
"cg_vq_v",67025,32.8453
"cg_vq_v",67025,32.8453
"cg_vq_v",67025,32.8453
"cg_vq_v",67025,32.8453
"cg_vq_v",67025,32.8453
"cg_vq_v",67025.1,32.8453
"cg_vq_v",67025.1,32.8453
"cg_vq_v",67025.1,32.8453
"cg_vq_v",67025.1,32.8453
"cg_vq_v",67025.1,32.8453
"cg_vq_v",67025.1,32.8453
"cg_vq_v",67025.1,32.8453
"cg_vq_v",67025.1,32.8453
"cg_vq_v",67025.1,32.8453
"cg_vq_v",67025.1,32.8453
"cg_vq_v",67025.2,32.8453
"cg_vq_v",67025.2,32.8453
"cg_vq_v",67025.2,32.8453
"cg_vq_v",67025.2,32.8453
"cg_vq_v",67025.2,32.8453
"cg_vq_v",67025.2,32.8453
"cg_vq_v",67025.2,32.8453
"cg_vq_v",67025.2,32.8453
"cg_vq_v",67025.2,32.8453
"cg_vq_v",67025.2,32.8453
"cg_vq_v",67025.2,32.8453
"cg_vq_v",67025.2,32.8453
"cg_vq_v",67025.3,32.8453
"cg_vq_v",67025.3,32.8453
"cg_vq_v",67025.3,32.8453
"cg_vq_v",67025.3,32.8453
"cg_vq_v",67025.3,32.8453
"cg_vq_v",67025.3,32.8453
"cg_vq_v",67025.3,32.8453
"cg_vq_v",67025.3,32.8453
"cg_vq_v",67025.3,32.8453
"cg_vq_v",67025.3,32.8453
"cg_vq_v",67025.3,32.8453
"cg_vq_v",67025.4,32.8453
"cg_vq_v",67025.4,32.8453
"cg_vq_v",67025.4,32.8453
"cg_vq_v",67025.4,32.8453
"cg_vq_v",67025.4,32.8453
"cg_vq_v",67025.4,32.8453
"cg_vq_v",67025.4,32.8453
"cg_vq_v",67025.4,32.8453
"cg_vq_v",67025.4,32.8453
"cg_vq_v",67025.4,32.8453
"cg_vq_v",67025.4,32.8453
"cg_vq_v",67025.5,32.8453
"cg_vq_v",67025.5,32.8453
"cg_vq_v",67025.5,32.8453
"cg_vq_v",67025.5,32.8453
"cg_vq_v",67025.5,32.8453
"cg_vq_v",67025.5,32.8453
"cg_vq_v",67025.5,32.8453
"cg_vq_v",67025.5,32.8453
"cg_vq_v",67025.5,32.8453
"cg_vq_v",67025.5,32.8453
"cg_vq_v",67025.5,32.8453
"cg_vq_v",67025.5,32.8453
"cg_vq_v",67025.6,32.8453
"cg_vq_v",67025.6,32.8453
"cg_vq_v",67025.6,32.8453
"cg_vq_v",67025.6,32.8453
"cg_vq_v",67025.6,32.8453
"cg_vq_v",67025.6,32.8453
"cg_vq_v",67025.6,32.8453
"cg_vq_v",67025.6,32.8453
"cg_vq_v",67025.6,32.8453
"cg_vq_v",67025.6,32.8453
"cg_vq_v",67025.6,32.8453
"cg_vq_v",67025.7,32.8453
"cg_vq_v",67025.7,32.8453
"cg_vq_v",67025.7,32.8453
"cg_vq_v",67025.7,32.8453
"cg_vq_v",67025.7,32.8453
"cg_vq_v",67025.7,32.8453
"cg_vq_v",67025.7,32.8453
"cg_vq_v",67025.7,32.8453
"cg_vq_v",67025.7,32.8453
"cg_vq_v",67025.7,32.8453
"cg_vq_v",67025.7,32.8453
"cg_vq_v",67025.8,32.8453
"cg_vq_v",67025.8,32.8453
"cg_vq_v",67025.8,32.8453
"cg_vq_v",67025.8,32.8453
"cg_vq_v",67025.8,32.8453
"cg_vq_v",67025.8,32.8453
"cg_vq_v",67025.8,32.8453
"cg_vq_v",67025.8,32.8453
"cg_vq_v",67025.8,32.8453
"cg_vq_v",67025.8,32.8453
"cg_vq_v",67025.8,32.8453
"cg_vq_v",67025.9,32.8453
"cg_vq_v",67025.9,32.8453
"cg_vq_v",67025.9,32.8453
"cg_vq_v",67025.9,32.8453
"cg_vq_v",67025.9,32.8453
"cg_vq_v",67025.9,32.8453
"cg_vq_v",67025.9,32.8453
"cg_vq_v",67025.9,32.8453
"cg_vq_v",67025.9,32.8453
"cg_vq_v",67025.9,32.8453
"cg_vq_v",67026,32.8453
"cg_vq_v",67026,32.8453
"cg_vq_v",67026,32.8453
"cg_vq_v",67026,32.8453
"cg_vq_v",67026,32.8453
"cg_vq_v",67026,32.8453
"cg_vq_v",67026,32.8453
"cg_vq_v",67026,32.8453
"cg_vq_v",67026,32.8453
"cg_vq_v",67026,32.8453
"cg_vq_v",67026.1,32.8453
"cg_vq_v",67026.1,32.8453
"cg_vq_v",67026.1,32.8453
"cg_vq_v",67026.1,32.8453
"cg_vq_v",67026.1,32.8453
"cg_vq_v",67026.1,32.8453
"cg_vq_v",67026.1,32.8453
"cg_vq_v",67026.1,32.8453
"cg_vq_v",67026.1,32.8453
"cg_vq_v",67026.1,32.8453
"cg_vq_v",67026.2,32.8453
"cg_vq_v",67026.2,32.8453
"cg_vq_v",67026.2,32.8453
"cg_vq_v",67026.2,32.8453
"cg_vq_v",67026.2,32.8453
"cg_vq_v",67026.2,32.8453
"cg_vq_v",67026.2,32.8453
"cg_vq_v",67026.2,32.8453
"cg_vq_v",67026.2,32.8453
"cg_vq_v",67026.2,32.8453
"cg_vq_v",67026.3,32.8453
"cg_vq_v",67026.3,32.8453
"cg_vq_v",67026.3,32.8453
"cg_vq_v",67026.3,32.8453
"cg_vq_v",67026.3,32.8453
"cg_vq_v",67026.3,32.8453
"cg_vq_v",67026.3,32.8453
"cg_vq_v",67026.3,32.8453
"cg_vq_v",67026.3,32.8453
"cg_vq_v",67026.3,32.8453
"cg_vq_v",67026.4,32.8453
"cg_vq_v",67026.4,32.8453
"cg_vq_v",67026.4,32.8453
"cg_vq_v",67026.4,32.8453
"cg_vq_v",67026.4,32.8453
"cg_vq_v",67026.4,32.8453
"cg_vq_v",67026.4,32.8453
"cg_vq_v",67026.4,32.8453
"cg_vq_v",67026.4,32.8453
"cg_vq_v",67026.4,32.8453
"cg_vq_v",67026.5,32.8453
"cg_vq_v",67026.5,32.8453
"cg_vq_v",67026.5,32.8453
"cg_vq_v",67026.5,32.8453
"cg_vq_v",67026.5,32.8453
"cg_vq_v",67026.5,32.8453
"cg_vq_v",67026.5,32.8453
"cg_vq_v",67026.5,32.8453
"cg_vq_v",67026.5,32.8453
"cg_vq_v",67026.5,32.8453
"cg_vq_v",67026.6,32.8453
"cg_vq_v",67026.6,32.8453
"cg_vq_v",67026.6,32.8453
"cg_vq_v",67026.6,32.8453
"cg_vq_v",67026.6,32.8453
"cg_vq_v",67026.6,32.8453
"cg_vq_v",67026.6,32.8453
"cg_vq_v",67026.6,32.8453
"cg_vq_v",67026.6,32.8453
"cg_vq_v",67026.6,32.8453
"cg_vq_v",67026.7,32.8453
"cg_vq_v",67026.7,32.8453
"cg_vq_v",67026.7,32.8453
"cg_vq_v",67026.7,32.8453
"cg_vq_v",67026.7,32.8453
"cg_vq_v",67026.7,32.8453
"cg_vq_v",67026.7,32.8453
"cg_vq_v",67026.7,32.8453
"cg_vq_v",67026.7,32.8453
"cg_vq_v",67026.8,32.8453
"cg_vq_v",67026.8,32.8453
"cg_vq_v",67026.8,32.8453
"cg_vq_v",67026.8,32.8453
"cg_vq_v",67026.8,32.8453
"cg_vq_v",67026.8,32.8453
"cg_vq_v",67026.8,32.8453
"cg_vq_v",67026.8,32.8453
"cg_vq_v",67026.8,32.8453
"cg_vq_v",67026.8,32.8453
"cg_vq_v",67026.9,32.8453
"cg_vq_v",67026.9,32.8453
"cg_vq_v",67026.9,32.8453
"cg_vq_v",67026.9,32.8453
"cg_vq_v",67026.9,32.8453
"cg_vq_v",67026.9,32.8453
"cg_vq_v",67026.9,32.8453
"cg_vq_v",67026.9,32.8453
"cg_vq_v",67026.9,32.8453
"cg_vq_v",67026.9,32.8453
"cg_vq_v",67026.9,32.8453
"cg_vq_v",67027,32.8453
"cg_vq_v",67027,32.8453
"cg_vq_v",67027,32.8453
"cg_vq_v",67027,32.8453
"cg_vq_v",67027,32.8453
"cg_vq_v",67027,32.8453
"cg_vq_v",67027,32.8453
"cg_vq_v",67027,32.8453
"cg_vq_v",67027,32.8453
"cg_vq_v",67027,32.8453
"cg_vq_v",67027.1,32.8453
"cg_vq_v",67027.1,32.8453
"cg_vq_v",67027.1,32.8453
"cg_vq_v",67027.1,32.8453
"cg_vq_v",67027.1,32.8453
"cg_vq_v",67027.1,32.8453
"cg_vq_v",67027.1,32.8453
"cg_vq_v",67027.1,32.8453
"cg_vq_v",67027.1,32.8453
"cg_vq_v",67027.1,32.8453
"cg_vq_v",67027.2,32.8453
"cg_vq_v",67027.2,32.8453
"cg_vq_v",67027.2,32.8453
"cg_vq_v",67027.2,32.8453
"cg_vq_v",67027.2,32.8453
"cg_vq_v",67027.2,32.8453
"cg_vq_v",67027.2,32.8453
"cg_vq_v",67027.2,32.8453
"cg_vq_v",67027.2,32.8453
"cg_vq_v",67027.2,32.8453
"cg_vq_v",67027.3,32.8453
"cg_vq_v",67027.3,32.8453
"cg_vq_v",67027.3,32.8453
"cg_vq_v",67027.3,32.8453
"cg_vq_v",67027.3,32.8453
"cg_vq_v",67027.3,32.8453
"cg_vq_v",67027.3,32.8453
"cg_vq_v",67027.3,32.8453
"cg_vq_v",67027.3,32.8453
"cg_vq_v",67027.4,32.8453
"cg_vq_v",67027.4,32.8453
"cg_vq_v",67027.4,32.8453
"cg_vq_v",67027.4,32.8453
"cg_vq_v",67027.4,32.8453
"cg_vq_v",67027.4,32.8453
"cg_vq_v",67027.4,32.8453
"cg_vq_v",67027.4,32.8453
"cg_vq_v",67027.4,32.8453
"cg_vq_v",67027.4,32.8453
"cg_vq_v",67027.4,32.8453
"cg_vq_v",67027.5,32.8453
"cg_vq_v",67027.5,32.8453
"cg_vq_v",67027.5,32.8453
"cg_vq_v",67027.5,32.8453
"cg_vq_v",67027.5,32.8453
"cg_vq_v",67027.5,32.8453
"cg_vq_v",67027.5,32.8453
"cg_vq_v",67027.5,32.8453
"cg_vq_v",67027.5,32.8453
"cg_vq_v",67027.5,32.8453
"cg_vq_v",67027.6,32.8453
"cg_vq_v",67027.6,32.8453
"cg_vq_v",67027.6,32.8453
"cg_vq_v",67027.6,32.8453
"cg_vq_v",67027.6,32.8453
"cg_vq_v",67027.6,32.8453
"cg_vq_v",67027.6,32.8453
"cg_vq_v",67027.6,32.8453
"cg_vq_v",67027.6,32.8453
"cg_vq_v",67027.6,32.8453
"cg_vq_v",67027.7,32.8453
"cg_vq_v",67027.7,32.8453
"cg_vq_v",67027.7,32.8453
"cg_vq_v",67027.7,32.8453
"cg_vq_v",67027.7,32.8453
"cg_vq_v",67027.7,32.8453
"cg_vq_v",67027.7,32.8453
"cg_vq_v",67027.7,32.8453
"cg_vq_v",67027.7,32.8453
"cg_vq_v",67027.8,32.8453
"cg_vq_v",67027.8,32.8453
"cg_vq_v",67027.8,32.8453
"cg_vq_v",67027.8,32.8453
"cg_vq_v",67027.8,32.8453
"cg_vq_v",67027.8,32.8453
"cg_vq_v",67027.8,32.8453
"cg_vq_v",67027.8,32.8453
"cg_vq_v",67027.8,32.8453
"cg_vq_v",67027.8,32.8453
"cg_vq_v",67027.8,32.8453
"cg_vq_v",67027.9,32.8453
"cg_vq_v",67027.9,32.8453
"cg_vq_v",67027.9,32.8453
"cg_vq_v",67027.9,32.8453
"cg_vq_v",67027.9,32.8453
"cg_vq_v",67027.9,32.8453
"cg_vq_v",67027.9,32.8453
"cg_vq_v",67027.9,32.8453
"cg_vq_v",67027.9,32.8453
"cg_vq_v",67027.9,32.8453
"cg_vq_v",67028,32.8453
"cg_vq_v",67028,32.8453
"cg_vq_v",67028,32.8453
"cg_vq_v",67028,32.8453
"cg_vq_v",67028,32.8453
"cg_vq_v",67028,32.8453
"cg_vq_v",67028,32.8453
"cg_vq_v",67028,32.8453
"cg_vq_v",67028,32.8453
"cg_vq_v",67028,32.8453
"cg_vq_v",67028.1,32.8453
"cg_vq_v",67028.1,32.8453
"cg_vq_v",67028.1,32.8453
"cg_vq_v",67028.1,32.8453
"cg_vq_v",67028.1,32.8453
"cg_vq_v",67028.1,32.8453
"cg_vq_v",67028.1,32.8453
"cg_vq_v",67028.1,32.8453
"cg_vq_v",67028.1,32.8453
"cg_vq_v",67028.1,32.8453
"cg_vq_v",67028.2,32.8453
"cg_vq_v",67028.2,32.8453
"cg_vq_v",67028.2,32.8453
"cg_vq_v",67028.2,32.8453
"cg_vq_v",67028.2,32.8453
"cg_vq_v",67028.2,32.8453
"cg_vq_v",67028.2,32.8453
"cg_vq_v",67028.2,32.8453
"cg_vq_v",67028.2,32.8453
"cg_vq_v",67028.2,32.8453
"cg_vq_v",67028.3,32.8453
"cg_vq_v",67028.3,32.8453
"cg_vq_v",67028.3,32.8453
"cg_vq_v",67028.3,32.8453
"cg_vq_v",67028.3,32.8453
"cg_vq_v",67028.3,32.8453
"cg_vq_v",67028.3,32.8453
"cg_vq_v",67028.3,32.8453
"cg_vq_v",67028.3,32.8453
"cg_vq_v",67028.3,32.8453
"cg_vq_v",67028.4,32.8453
"cg_vq_v",67028.4,32.8453
"cg_vq_v",67028.4,32.8453
"cg_vq_v",67028.4,32.8453
"cg_vq_v",67028.4,32.8453
"cg_vq_v",67028.4,32.8453
"cg_vq_v",67028.4,32.8453
"cg_vq_v",67028.4,32.8453
"cg_vq_v",67028.4,32.8453
"cg_vq_v",67028.4,32.8453
"cg_vq_v",67028.5,32.8453
"cg_vq_v",67028.5,32.8453
"cg_vq_v",67028.5,32.8453
"cg_vq_v",67028.5,32.8453
"cg_vq_v",67028.5,32.8453
"cg_vq_v",67028.5,32.8453
"cg_vq_v",67028.5,32.8453
"cg_vq_v",67028.5,32.8453
"cg_vq_v",67028.5,32.8453
"cg_vq_v",67028.5,32.8453
"cg_vq_v",67028.6,32.8453
"cg_vq_v",67028.6,32.8453
"cg_vq_v",67028.6,32.8453
"cg_vq_v",67028.6,32.8453
"cg_vq_v",67028.6,32.8453
"cg_vq_v",67028.6,32.8453
"cg_vq_v",67028.6,32.8453
"cg_vq_v",67028.6,32.8453
"cg_vq_v",67028.6,32.8453
"cg_vq_v",67028.6,32.8453
"cg_vq_v",67028.7,32.8453
"cg_vq_v",67028.7,32.8453
"cg_vq_v",67028.7,32.8453
"cg_vq_v",67028.7,32.8453
"cg_vq_v",67028.7,32.8453
"cg_vq_v",67028.7,32.8453
"cg_vq_v",67028.7,32.8453
"cg_vq_v",67028.7,32.8453
"cg_vq_v",67028.7,32.8453
"cg_vq_v",67028.8,32.8453
"cg_vq_v",67028.8,32.8453
"cg_vq_v",67028.8,32.8453
"cg_vq_v",67028.8,32.8453
"cg_vq_v",67028.8,32.8453
"cg_vq_v",67028.8,32.8453
"cg_vq_v",67028.8,32.8453
"cg_vq_v",67028.8,32.8453
"cg_vq_v",67028.8,32.8453
"cg_vq_v",67028.8,32.8453
"cg_vq_v",67028.9,32.8453
"cg_vq_v",67028.9,32.8453
"cg_vq_v",67028.9,32.8453
"cg_vq_v",67028.9,32.8453
"cg_vq_v",67028.9,32.8453
"cg_vq_v",67028.9,32.8453
"cg_vq_v",67028.9,32.8453
"cg_vq_v",67028.9,32.8453
"cg_vq_v",67028.9,32.8453
"cg_vq_v",67028.9,32.8453
"cg_vq_v",67029,32.8453
"cg_vq_v",67029,32.8453
"cg_vq_v",67029,32.8453
"cg_vq_v",67029,32.8453
"cg_vq_v",67029,32.8453
"cg_vq_v",67029,32.8453
"cg_vq_v",67029,32.8453
"cg_vq_v",67029,32.8453
"cg_vq_v",67029,32.8453
"cg_vq_v",67029,32.8453
"cg_vq_v",67029,32.8453
"cg_vq_v",67029.1,32.8453
"cg_vq_v",67029.1,32.8453
"cg_vq_v",67029.1,32.8453
"cg_vq_v",67029.1,32.8453
"cg_vq_v",67029.1,32.8453
"cg_vq_v",67029.1,32.8453
"cg_vq_v",67029.1,32.8453
"cg_vq_v",67029.1,32.8453
"cg_vq_v",67029.1,32.8453
"cg_vq_v",67029.1,32.8453
"cg_vq_v",67029.2,32.8453
"cg_vq_v",67029.2,32.8453
"cg_vq_v",67029.2,32.8453
"cg_vq_v",67029.2,32.8453
"cg_vq_v",67029.2,32.8453
"cg_vq_v",67029.2,32.8453
"cg_vq_v",67029.2,32.8453
"cg_vq_v",67029.2,32.8453
"cg_vq_v",67029.2,32.8453
"cg_vq_v",67029.2,32.8453
"cg_vq_v",67029.3,32.8453
"cg_vq_v",67029.3,32.8453
"cg_vq_v",67029.3,32.8453
"cg_vq_v",67029.3,32.8453
"cg_vq_v",67029.3,32.8453
"cg_vq_v",67029.3,32.8453
"cg_vq_v",67029.3,32.8453
"cg_vq_v",67029.3,32.8453
"cg_vq_v",67029.3,32.8453
"cg_vq_v",67029.4,32.8453
"cg_vq_v",67029.4,32.8453
"cg_vq_v",67029.4,32.8453
"cg_vq_v",67029.4,32.8453
"cg_vq_v",67029.4,32.8453
"cg_vq_v",67029.4,32.8453
"cg_vq_v",67029.4,32.8453
"cg_vq_v",67029.4,32.8453
"cg_vq_v",67029.4,32.8453
"cg_vq_v",67029.4,32.8453
"cg_vq_v",67029.4,32.8453
"cg_vq_v",67029.5,32.8453
"cg_vq_v",67029.5,32.8453
"cg_vq_v",67029.5,32.8453
"cg_vq_v",67029.5,32.8453
"cg_vq_v",67029.5,32.8453
"cg_vq_v",67029.5,32.8453
"cg_vq_v",67029.5,32.8453
"cg_vq_v",67029.5,32.8453
"cg_vq_v",67029.5,32.8453
"cg_vq_v",67029.5,32.8453
"cg_vq_v",67029.6,32.8453
"cg_vq_v",67029.6,32.8453
"cg_vq_v",67029.6,32.8453
"cg_vq_v",67029.6,32.8453
"cg_vq_v",67029.6,32.8453
"cg_vq_v",67029.6,32.8453
"cg_vq_v",67029.6,32.8453
"cg_vq_v",67029.6,32.8453
"cg_vq_v",67029.6,32.8453
"cg_vq_v",67029.6,32.8453
"cg_vq_v",67029.7,32.8453
"cg_vq_v",67029.7,32.8453
"cg_vq_v",67029.7,32.8453
"vdc_v",66999.7,49.268
"vdc_v",66999.8,49.268
"vdc_v",66999.8,49.268
"vdc_v",66999.8,49.268
"vdc_v",66999.8,49.268
"vdc_v",66999.8,49.268
"vdc_v",66999.8,49.268
"vdc_v",66999.8,49.268
"vdc_v",66999.8,49.268
"vdc_v",66999.8,49.268
"vdc_v",66999.8,49.268
"vdc_v",66999.8,49.268
"vdc_v",66999.9,49.268
"vdc_v",66999.9,49.268
"vdc_v",66999.9,49.268
"vdc_v",66999.9,49.268
"vdc_v",66999.9,49.268
"vdc_v",66999.9,49.268
"vdc_v",66999.9,49.268
"vdc_v",66999.9,49.268
"vdc_v",66999.9,49.268
"vdc_v",66999.9,49.268
"vdc_v",67000,49.268
"vdc_v",67000,49.268
"vdc_v",67000,49.268
"vdc_v",67000,49.268
"vdc_v",67000,49.268
"vdc_v",67000,49.268
"vdc_v",67000,49.268
"vdc_v",67000,49.268
"vdc_v",67000,49.268
"vdc_v",67000,49.268
"vdc_v",67000.1,49.268
"vdc_v",67000.1,49.268
"vdc_v",67000.1,49.268
"vdc_v",67000.1,49.268
"vdc_v",67000.1,49.268
"vdc_v",67000.1,49.268
"vdc_v",67000.1,49.268
"vdc_v",67000.1,49.268
"vdc_v",67000.1,49.268
"vdc_v",67000.1,49.268
"vdc_v",67000.2,49.268
"vdc_v",67000.2,49.268
"vdc_v",67000.2,49.268
"vdc_v",67000.2,49.268
"vdc_v",67000.2,49.268
"vdc_v",67000.2,49.268
"vdc_v",67000.2,49.268
"vdc_v",67000.2,49.268
"vdc_v",67000.2,49.268
"vdc_v",67000.2,49.268
"vdc_v",67000.3,49.268
"vdc_v",67000.3,49.268
"vdc_v",67000.3,49.268
"vdc_v",67000.3,49.268
"vdc_v",67000.3,49.268
"vdc_v",67000.3,49.268
"vdc_v",67000.3,49.268
"vdc_v",67000.3,49.268
"vdc_v",67000.3,49.268
"vdc_v",67000.4,49.268
"vdc_v",67000.4,49.268
"vdc_v",67000.4,49.268
"vdc_v",67000.4,49.268
"vdc_v",67000.4,49.268
"vdc_v",67000.4,49.268
"vdc_v",67000.4,49.268
"vdc_v",67000.4,49.268
"vdc_v",67000.4,49.268
"vdc_v",67000.4,49.268
"vdc_v",67000.4,49.268
"vdc_v",67000.5,49.268
"vdc_v",67000.5,49.268
"vdc_v",67000.5,49.268
"vdc_v",67000.5,49.268
"vdc_v",67000.5,49.268
"vdc_v",67000.5,49.268
"vdc_v",67000.5,49.268
"vdc_v",67000.5,49.268
"vdc_v",67000.5,49.268
"vdc_v",67000.5,49.268
"vdc_v",67000.6,49.268
"vdc_v",67000.6,49.268
"vdc_v",67000.6,49.268
"vdc_v",67000.6,49.268
"vdc_v",67000.6,49.268
"vdc_v",67000.6,49.268
"vdc_v",67000.6,49.268
"vdc_v",67000.6,49.268
"vdc_v",67000.6,49.268
"vdc_v",67000.6,49.268
"vdc_v",67000.7,49.268
"vdc_v",67000.7,49.268
"vdc_v",67000.7,49.268
"vdc_v",67000.7,49.268
"vdc_v",67000.7,49.268
"vdc_v",67000.7,49.268
"vdc_v",67000.7,49.268
"vdc_v",67000.7,49.268
"vdc_v",67000.7,49.268
"vdc_v",67000.8,49.268
"vdc_v",67000.8,49.268
"vdc_v",67000.8,49.268
"vdc_v",67000.8,49.268
"vdc_v",67000.8,49.268
"vdc_v",67000.8,49.268
"vdc_v",67000.8,49.268
"vdc_v",67000.8,49.268
"vdc_v",67000.8,49.268
"vdc_v",67000.8,49.268
"vdc_v",67000.9,49.268
"vdc_v",67000.9,49.268
"vdc_v",67000.9,49.268
"vdc_v",67000.9,49.268
"vdc_v",67000.9,49.268
"vdc_v",67000.9,49.268
"vdc_v",67000.9,49.268
"vdc_v",67000.9,49.268
"vdc_v",67000.9,49.268
"vdc_v",67000.9,49.268
"vdc_v",67000.9,49.268
"vdc_v",67001,49.268
"vdc_v",67001,49.268
"vdc_v",67001,49.268
"vdc_v",67001,49.268
"vdc_v",67001,49.268
"vdc_v",67001,49.268
"vdc_v",67001,49.268
"vdc_v",67001,49.268
"vdc_v",67001,49.268
"vdc_v",67001,49.268
"vdc_v",67001.1,49.268
"vdc_v",67001.1,49.268
"vdc_v",67001.1,49.268
"vdc_v",67001.1,49.268
"vdc_v",67001.1,49.268
"vdc_v",67001.1,49.268
"vdc_v",67001.1,49.268
"vdc_v",67001.1,49.268
"vdc_v",67001.1,49.268
"vdc_v",67001.1,49.268
"vdc_v",67001.2,49.268
"vdc_v",67001.2,49.268
"vdc_v",67001.2,49.268
"vdc_v",67001.2,49.268
"vdc_v",67001.2,49.268
"vdc_v",67001.2,49.268
"vdc_v",67001.2,49.268
"vdc_v",67001.2,49.268
"vdc_v",67001.2,49.268
"vdc_v",67001.2,49.268
"vdc_v",67001.3,49.268
"vdc_v",67001.3,49.268
"vdc_v",67001.3,49.268
"vdc_v",67001.3,49.268
"vdc_v",67001.3,49.268
"vdc_v",67001.3,49.268
"vdc_v",67001.3,49.268
"vdc_v",67001.3,49.268
"vdc_v",67001.3,49.268
"vdc_v",67001.4,49.268
"vdc_v",67001.4,49.268
"vdc_v",67001.4,49.268
"vdc_v",67001.4,49.268
"vdc_v",67001.4,49.268
"vdc_v",67001.4,49.268
"vdc_v",67001.4,49.268
"vdc_v",67001.4,49.268
"vdc_v",67001.4,49.268
"vdc_v",67001.4,49.268
"vdc_v",67001.5,49.268
"vdc_v",67001.5,49.268
"vdc_v",67001.5,49.268
"vdc_v",67001.5,49.268
"vdc_v",67001.5,49.268
"vdc_v",67001.5,49.268
"vdc_v",67001.5,49.268
"vdc_v",67001.5,49.268
"vdc_v",67001.5,49.268
"vdc_v",67001.5,49.268
"vdc_v",67001.5,49.268
"vdc_v",67001.6,49.268
"vdc_v",67001.6,49.268
"vdc_v",67001.6,49.268
"vdc_v",67001.6,49.268
"vdc_v",67001.6,49.268
"vdc_v",67001.6,49.268
"vdc_v",67001.6,49.268
"vdc_v",67001.6,49.268
"vdc_v",67001.6,49.268
"vdc_v",67001.7,49.268
"vdc_v",67001.7,49.268
"vdc_v",67001.7,49.268
"vdc_v",67001.7,49.268
"vdc_v",67001.7,49.268
"vdc_v",67001.7,49.268
"vdc_v",67001.7,49.268
"vdc_v",67001.7,49.268
"vdc_v",67001.7,49.268
"vdc_v",67001.7,49.268
"vdc_v",67001.8,49.268
"vdc_v",67001.8,49.268
"vdc_v",67001.8,49.268
"vdc_v",67001.8,49.268
"vdc_v",67001.8,49.268
"vdc_v",67001.8,49.268
"vdc_v",67001.8,49.268
"vdc_v",67001.8,49.268
"vdc_v",67001.8,49.268
"vdc_v",67001.8,49.268
"vdc_v",67001.9,49.268
"vdc_v",67001.9,49.268
"vdc_v",67001.9,49.268
"vdc_v",67001.9,49.268
"vdc_v",67001.9,49.268
"vdc_v",67001.9,49.268
"vdc_v",67001.9,49.268
"vdc_v",67001.9,49.268
"vdc_v",67001.9,49.268
"vdc_v",67001.9,49.268
"vdc_v",67002,49.268
"vdc_v",67002,49.268
"vdc_v",67002,49.268
"vdc_v",67002,49.268
"vdc_v",67002,49.268
"vdc_v",67002,49.268
"vdc_v",67002,49.268
"vdc_v",67002,49.268
"vdc_v",67002,49.268
"vdc_v",67002,49.268
"vdc_v",67002.1,49.268
"vdc_v",67002.1,49.268
"vdc_v",67002.1,49.268
"vdc_v",67002.1,49.268
"vdc_v",67002.1,49.268
"vdc_v",67002.1,49.268
"vdc_v",67002.1,49.268
"vdc_v",67002.1,49.268
"vdc_v",67002.1,49.268
"vdc_v",67002.1,49.268
"vdc_v",67002.2,49.268
"vdc_v",67002.2,49.268
"vdc_v",67002.2,49.268
"vdc_v",67002.2,49.268
"vdc_v",67002.2,49.268
"vdc_v",67002.2,49.268
"vdc_v",67002.2,49.268
"vdc_v",67002.2,49.268
"vdc_v",67002.2,49.268
"vdc_v",67002.2,49.268
"vdc_v",67002.2,49.268
"vdc_v",67002.3,49.268
"vdc_v",67002.3,49.268
"vdc_v",67002.3,49.268
"vdc_v",67002.3,49.268
"vdc_v",67002.3,49.268
"vdc_v",67002.3,49.268
"vdc_v",67002.3,49.268
"vdc_v",67002.3,49.268
"vdc_v",67002.3,49.268
"vdc_v",67002.4,49.268
"vdc_v",67002.4,49.268
"vdc_v",67002.4,49.268
"vdc_v",67002.4,49.268
"vdc_v",67002.4,49.268
"vdc_v",67002.4,49.268
"vdc_v",67002.4,49.268
"vdc_v",67002.4,49.268
"vdc_v",67002.4,49.268
"vdc_v",67002.4,49.268
"vdc_v",67002.5,49.268
"vdc_v",67002.5,49.268
"vdc_v",67002.5,49.268
"vdc_v",67002.5,49.268
"vdc_v",67002.5,49.268
"vdc_v",67002.5,49.268
"vdc_v",67002.5,49.268
"vdc_v",67002.5,49.268
"vdc_v",67002.5,49.268
"vdc_v",67002.5,49.268
"vdc_v",67002.6,49.268
"vdc_v",67002.6,49.268
"vdc_v",67002.6,49.268
"vdc_v",67002.6,49.268
"vdc_v",67002.6,49.268
"vdc_v",67002.6,49.268
"vdc_v",67002.6,49.268
"vdc_v",67002.6,49.268
"vdc_v",67002.6,49.268
"vdc_v",67002.6,49.268
"vdc_v",67002.7,49.268
"vdc_v",67002.7,49.268
"vdc_v",67002.7,49.268
"vdc_v",67002.7,49.268
"vdc_v",67002.7,49.268
"vdc_v",67002.7,49.268
"vdc_v",67002.7,49.268
"vdc_v",67002.7,49.268
"vdc_v",67002.7,49.268
"vdc_v",67002.7,49.268
"vdc_v",67002.8,49.268
"vdc_v",67002.8,49.268
"vdc_v",67002.8,49.268
"vdc_v",67002.8,49.268
"vdc_v",67002.8,49.268
"vdc_v",67002.8,49.268
"vdc_v",67002.8,49.268
"vdc_v",67002.8,49.268
"vdc_v",67002.8,49.268
"vdc_v",67002.8,49.268
"vdc_v",67002.9,49.268
"vdc_v",67002.9,49.268
"vdc_v",67002.9,49.268
"vdc_v",67002.9,49.268
"vdc_v",67002.9,49.268
"vdc_v",67002.9,49.268
"vdc_v",67002.9,49.268
"vdc_v",67002.9,49.268
"vdc_v",67002.9,49.268
"vdc_v",67002.9,49.268
"vdc_v",67003,49.268
"vdc_v",67003,49.268
"vdc_v",67003,49.268
"vdc_v",67003,49.268
"vdc_v",67003,49.268
"vdc_v",67003,49.268
"vdc_v",67003,49.268
"vdc_v",67003,49.268
"vdc_v",67003,49.268
"vdc_v",67003,49.268
"vdc_v",67003.1,49.268
"vdc_v",67003.1,49.268
"vdc_v",67003.1,49.268
"vdc_v",67003.1,49.268
"vdc_v",67003.1,49.268
"vdc_v",67003.1,49.268
"vdc_v",67003.1,49.268
"vdc_v",67003.1,49.268
"vdc_v",67003.1,49.268
"vdc_v",67003.1,49.268
"vdc_v",67003.2,49.268
"vdc_v",67003.2,49.268
"vdc_v",67003.2,49.268
"vdc_v",67003.2,49.268
"vdc_v",67003.2,49.268
"vdc_v",67003.2,49.268
"vdc_v",67003.2,49.268
"vdc_v",67003.2,49.268
"vdc_v",67003.2,49.268
"vdc_v",67003.2,49.268
"vdc_v",67003.3,49.268
"vdc_v",67003.3,49.268
"vdc_v",67003.3,49.268
"vdc_v",67003.3,49.268
"vdc_v",67003.3,49.268
"vdc_v",67003.3,49.268
"vdc_v",67003.3,49.268
"vdc_v",67003.3,49.268
"vdc_v",67003.3,49.268
"vdc_v",67003.3,49.268
"vdc_v",67003.4,49.268
"vdc_v",67003.4,49.268
"vdc_v",67003.4,49.268
"vdc_v",67003.4,49.268
"vdc_v",67003.4,49.268
"vdc_v",67003.4,49.268
"vdc_v",67003.4,49.268
"vdc_v",67003.4,49.268
"vdc_v",67003.4,49.268
"vdc_v",67003.4,49.268
"vdc_v",67003.5,49.268
"vdc_v",67003.5,49.268
"vdc_v",67003.5,49.268
"vdc_v",67003.5,49.268
"vdc_v",67003.5,49.268
"vdc_v",67003.5,49.268
"vdc_v",67003.5,49.268
"vdc_v",67003.5,49.268
"vdc_v",67003.5,49.268
"vdc_v",67003.5,49.268
"vdc_v",67003.6,49.268
"vdc_v",67003.6,49.268
"vdc_v",67003.6,49.268
"vdc_v",67003.6,49.268
"vdc_v",67003.6,49.268
"vdc_v",67003.6,49.268
"vdc_v",67003.6,49.268
"vdc_v",67003.6,49.268
"vdc_v",67003.6,49.268
"vdc_v",67003.6,49.268
"vdc_v",67003.6,49.268
"vdc_v",67003.7,49.268
"vdc_v",67003.7,49.268
"vdc_v",67003.7,49.268
"vdc_v",67003.7,49.268
"vdc_v",67003.7,49.268
"vdc_v",67003.7,49.268
"vdc_v",67003.7,49.268
"vdc_v",67003.7,49.268
"vdc_v",67003.7,49.268
"vdc_v",67003.7,49.268
"vdc_v",67003.8,49.268
"vdc_v",67003.8,49.268
"vdc_v",67003.8,49.268
"vdc_v",67003.8,49.268
"vdc_v",67003.8,49.268
"vdc_v",67003.8,49.268
"vdc_v",67003.8,49.268
"vdc_v",67003.8,49.268
"vdc_v",67003.8,49.268
"vdc_v",67003.8,49.268
"vdc_v",67003.9,49.268
"vdc_v",67003.9,49.268
"vdc_v",67003.9,49.268
"vdc_v",67003.9,49.268
"vdc_v",67003.9,49.268
"vdc_v",67003.9,49.268
"vdc_v",67003.9,49.268
"vdc_v",67003.9,49.268
"vdc_v",67003.9,49.268
"vdc_v",67003.9,49.268
"vdc_v",67004,49.268
"vdc_v",67004,49.268
"vdc_v",67004,49.268
"vdc_v",67004,49.268
"vdc_v",67004,49.268
"vdc_v",67004,49.268
"vdc_v",67004,49.268
"vdc_v",67004,49.268
"vdc_v",67004,49.268
"vdc_v",67004,49.268
"vdc_v",67004.1,49.268
"vdc_v",67004.1,49.268
"vdc_v",67004.1,49.268
"vdc_v",67004.1,49.268
"vdc_v",67004.1,49.268
"vdc_v",67004.1,49.268
"vdc_v",67004.1,49.268
"vdc_v",67004.1,49.268
"vdc_v",67004.1,49.268
"vdc_v",67004.1,49.268
"vdc_v",67004.2,49.268
"vdc_v",67004.2,49.268
"vdc_v",67004.2,49.268
"vdc_v",67004.2,49.268
"vdc_v",67004.2,49.268
"vdc_v",67004.2,49.268
"vdc_v",67004.2,49.268
"vdc_v",67004.2,49.268
"vdc_v",67004.2,49.268
"vdc_v",67004.2,49.268
"vdc_v",67004.3,49.268
"vdc_v",67004.3,49.268
"vdc_v",67004.3,49.268
"vdc_v",67004.3,49.268
"vdc_v",67004.3,49.268
"vdc_v",67004.3,49.268
"vdc_v",67004.3,49.268
"vdc_v",67004.3,49.268
"vdc_v",67004.3,49.268
"vdc_v",67004.3,49.268
"vdc_v",67004.4,49.268
"vdc_v",67004.4,49.268
"vdc_v",67004.4,49.268
"vdc_v",67004.4,49.268
"vdc_v",67004.4,49.268
"vdc_v",67004.4,49.268
"vdc_v",67004.4,49.268
"vdc_v",67004.4,49.268
"vdc_v",67004.4,49.268
"vdc_v",67004.4,49.268
"vdc_v",67004.5,49.268
"vdc_v",67004.5,49.268
"vdc_v",67004.5,49.268
"vdc_v",67004.5,49.268
"vdc_v",67004.5,49.268
"vdc_v",67004.5,49.268
"vdc_v",67004.5,49.268
"vdc_v",67004.5,49.268
"vdc_v",67004.5,49.268
"vdc_v",67004.5,49.268
"vdc_v",67004.6,49.268
"vdc_v",67004.6,49.268
"vdc_v",67004.6,49.268
"vdc_v",67004.6,49.268
"vdc_v",67004.6,49.268
"vdc_v",67004.6,49.268
"vdc_v",67004.6,49.268
"vdc_v",67004.6,49.268
"vdc_v",67004.6,49.268
"vdc_v",67004.6,49.268
"vdc_v",67004.7,49.268
"vdc_v",67004.7,49.268
"vdc_v",67004.7,49.268
"vdc_v",67004.7,49.268
"vdc_v",67004.7,49.268
"vdc_v",67004.7,49.268
"vdc_v",67004.8,49.268
"vdc_v",67004.8,49.268
"vdc_v",67004.8,49.268
"vdc_v",67004.8,49.268
"vdc_v",67004.8,49.268
"vdc_v",67004.8,49.268
"vdc_v",67004.9,49.268
"vdc_v",67004.9,49.268
"vdc_v",67004.9,49.268
"vdc_v",67004.9,49.268
"vdc_v",67004.9,49.268
"vdc_v",67004.9,49.268
"vdc_v",67004.9,49.268
"vdc_v",67004.9,49.268
"vdc_v",67005,49.268
"vdc_v",67005,49.268
"vdc_v",67005,49.268
"vdc_v",67005,49.268
"vdc_v",67005,49.268
"vdc_v",67005.1,49.268
"vdc_v",67005.1,49.268
"vdc_v",67005.1,49.268
"vdc_v",67005.1,49.268
"vdc_v",67005.1,49.268
"vdc_v",67005.1,49.268
"vdc_v",67005.1,49.268
"vdc_v",67005.1,49.268
"vdc_v",67005.1,49.268
"vdc_v",67005.1,49.268
"vdc_v",67005.2,49.268
"vdc_v",67005.2,49.268
"vdc_v",67005.2,49.268
"vdc_v",67005.2,49.268
"vdc_v",67005.2,49.268
"vdc_v",67005.2,49.268
"vdc_v",67005.2,49.268
"vdc_v",67005.2,49.268
"vdc_v",67005.2,49.268
"vdc_v",67005.2,49.268
"vdc_v",67005.2,49.268
"vdc_v",67005.3,49.268
"vdc_v",67005.3,49.268
"vdc_v",67005.3,49.268
"vdc_v",67005.3,49.268
"vdc_v",67005.3,49.268
"vdc_v",67005.3,49.268
"vdc_v",67005.3,49.268
"vdc_v",67005.3,49.268
"vdc_v",67005.3,49.268
"vdc_v",67005.3,49.268
"vdc_v",67005.3,49.268
"vdc_v",67005.4,49.268
"vdc_v",67005.4,49.268
"vdc_v",67005.4,49.268
"vdc_v",67005.4,49.268
"vdc_v",67005.4,49.268
"vdc_v",67005.4,49.268
"vdc_v",67005.4,49.268
"vdc_v",67005.4,49.268
"vdc_v",67005.4,49.268
"vdc_v",67005.4,49.268
"vdc_v",67005.4,49.268
"vdc_v",67005.5,49.268
"vdc_v",67005.5,49.268
"vdc_v",67005.5,49.268
"vdc_v",67005.5,49.268
"vdc_v",67005.5,49.268
"vdc_v",67005.5,49.268
"vdc_v",67005.5,49.268
"vdc_v",67005.5,49.268
"vdc_v",67005.5,49.268
"vdc_v",67005.5,49.268
"vdc_v",67005.5,49.268
"vdc_v",67005.5,49.268
"vdc_v",67005.6,49.268
"vdc_v",67005.6,49.268
"vdc_v",67005.6,49.268
"vdc_v",67005.6,49.268
"vdc_v",67005.6,49.268
"vdc_v",67005.6,49.268
"vdc_v",67005.6,49.268
"vdc_v",67005.6,49.268
"vdc_v",67005.6,49.268
"vdc_v",67005.6,49.268
"vdc_v",67005.6,49.268
"vdc_v",67005.7,49.268
"vdc_v",67005.7,49.268
"vdc_v",67005.7,49.268
"vdc_v",67005.7,49.268
"vdc_v",67005.7,49.268
"vdc_v",67005.7,49.268
"vdc_v",67005.7,49.268
"vdc_v",67005.7,49.268
"vdc_v",67005.7,49.268
"vdc_v",67005.7,49.268
"vdc_v",67005.7,49.268
"vdc_v",67005.8,49.268
"vdc_v",67005.8,49.268
"vdc_v",67005.8,49.268
"vdc_v",67005.8,49.268
"vdc_v",67005.8,49.268
"vdc_v",67005.8,49.268
"vdc_v",67005.8,49.268
"vdc_v",67005.8,49.268
"vdc_v",67005.8,49.268
"vdc_v",67005.8,49.268
"vdc_v",67005.8,49.268
"vdc_v",67005.9,49.268
"vdc_v",67005.9,49.268
"vdc_v",67005.9,49.268
"vdc_v",67005.9,49.268
"vdc_v",67005.9,49.268
"vdc_v",67005.9,49.268
"vdc_v",67005.9,49.268
"vdc_v",67005.9,49.268
"vdc_v",67005.9,49.268
"vdc_v",67005.9,49.268
"vdc_v",67005.9,49.268
"vdc_v",67006,49.268
"vdc_v",67006,49.268
"vdc_v",67006,49.268
"vdc_v",67006,49.268
"vdc_v",67006,49.268
"vdc_v",67006,49.268
"vdc_v",67006,49.268
"vdc_v",67006,49.268
"vdc_v",67006,49.268
"vdc_v",67006,49.268
"vdc_v",67006.1,49.268
"vdc_v",67006.1,49.268
"vdc_v",67006.1,49.268
"vdc_v",67006.1,49.268
"vdc_v",67006.1,49.268
"vdc_v",67006.1,49.268
"vdc_v",67006.1,49.268
"vdc_v",67006.1,49.268
"vdc_v",67006.1,49.268
"vdc_v",67006.1,49.268
"vdc_v",67006.2,49.268
"vdc_v",67006.2,49.268
"vdc_v",67006.2,49.268
"vdc_v",67006.2,49.268
"vdc_v",67006.2,49.268
"vdc_v",67006.2,49.268
"vdc_v",67006.2,49.268
"vdc_v",67006.2,49.268
"vdc_v",67006.2,49.268
"vdc_v",67006.2,49.268
"vdc_v",67006.3,49.268
"vdc_v",67006.3,49.268
"vdc_v",67006.3,49.268
"vdc_v",67006.3,49.268
"vdc_v",67006.3,49.268
"vdc_v",67006.3,49.268
"vdc_v",67006.3,49.268
"vdc_v",67006.3,49.268
"vdc_v",67006.3,49.268
"vdc_v",67006.3,49.268
"vdc_v",67006.4,49.268
"vdc_v",67006.4,49.268
"vdc_v",67006.4,49.268
"vdc_v",67006.4,49.268
"vdc_v",67006.4,49.268
"vdc_v",67006.4,49.268
"vdc_v",67006.4,49.268
"vdc_v",67006.4,49.268
"vdc_v",67006.4,49.268
"vdc_v",67006.4,49.268
"vdc_v",67006.5,49.268
"vdc_v",67006.5,49.268
"vdc_v",67006.5,49.268
"vdc_v",67006.5,49.268
"vdc_v",67006.5,49.268
"vdc_v",67006.5,49.268
"vdc_v",67006.5,49.268
"vdc_v",67006.5,49.268
"vdc_v",67006.5,49.268
"vdc_v",67006.5,49.268
"vdc_v",67006.6,49.268
"vdc_v",67006.6,49.268
"vdc_v",67006.6,49.268
"vdc_v",67006.6,49.268
"vdc_v",67006.6,49.268
"vdc_v",67006.6,49.268
"vdc_v",67006.6,49.268
"vdc_v",67006.6,49.268
"vdc_v",67006.6,49.268
"vdc_v",67006.6,49.268
"vdc_v",67006.7,49.268
"vdc_v",67006.7,49.268
"vdc_v",67006.7,49.268
"vdc_v",67006.7,49.268
"vdc_v",67006.7,49.268
"vdc_v",67006.7,49.268
"vdc_v",67006.7,49.268
"vdc_v",67006.7,49.268
"vdc_v",67006.7,49.268
"vdc_v",67006.8,49.268
"vdc_v",67006.8,49.268
"vdc_v",67006.8,49.268
"vdc_v",67006.8,49.268
"vdc_v",67006.8,49.268
"vdc_v",67006.8,49.268
"vdc_v",67006.8,49.268
"vdc_v",67006.8,49.268
"vdc_v",67006.8,49.268
"vdc_v",67006.8,49.268
"vdc_v",67006.9,49.268
"vdc_v",67006.9,49.268
"vdc_v",67006.9,49.268
"vdc_v",67006.9,49.268
"vdc_v",67006.9,49.268
"vdc_v",67006.9,49.268
"vdc_v",67006.9,49.268
"vdc_v",67006.9,49.268
"vdc_v",67006.9,49.268
"vdc_v",67006.9,49.268
"vdc_v",67006.9,49.268
"vdc_v",67007,49.268
"vdc_v",67007,49.268
"vdc_v",67007,49.268
"vdc_v",67007,49.268
"vdc_v",67007,49.268
"vdc_v",67007,49.268
"vdc_v",67007,49.268
"vdc_v",67007,49.268
"vdc_v",67007,49.268
"vdc_v",67007,49.268
"vdc_v",67007.1,49.268
"vdc_v",67007.1,49.268
"vdc_v",67007.1,49.268
"vdc_v",67007.1,49.268
"vdc_v",67007.1,49.268
"vdc_v",67007.1,49.268
"vdc_v",67007.1,49.268
"vdc_v",67007.1,49.268
"vdc_v",67007.1,49.268
"vdc_v",67007.1,49.268
"vdc_v",67007.2,49.268
"vdc_v",67007.2,49.268
"vdc_v",67007.2,49.268
"vdc_v",67007.2,49.268
"vdc_v",67007.2,49.268
"vdc_v",67007.2,49.268
"vdc_v",67007.2,49.268
"vdc_v",67007.2,49.268
"vdc_v",67007.2,49.268
"vdc_v",67007.2,49.268
"vdc_v",67007.3,49.268
"vdc_v",67007.3,49.268
"vdc_v",67007.3,49.268
"vdc_v",67007.3,49.268
"vdc_v",67007.3,49.268
"vdc_v",67007.3,49.268
"vdc_v",67007.3,49.268
"vdc_v",67007.3,49.268
"vdc_v",67007.3,49.268
"vdc_v",67007.4,49.268
"vdc_v",67007.4,49.268
"vdc_v",67007.4,49.268
"vdc_v",67007.4,49.268
"vdc_v",67007.4,49.268
"vdc_v",67007.4,49.268
"vdc_v",67007.4,49.268
"vdc_v",67007.4,49.268
"vdc_v",67007.4,49.268
"vdc_v",67007.4,49.268
"vdc_v",67007.5,49.268
"vdc_v",67007.5,49.268
"vdc_v",67007.5,49.268
"vdc_v",67007.5,49.268
"vdc_v",67007.5,49.268
"vdc_v",67007.5,49.268
"vdc_v",67007.5,49.268
"vdc_v",67007.5,49.268
"vdc_v",67007.5,49.268
"vdc_v",67007.5,49.268
"vdc_v",67007.5,49.268
"vdc_v",67007.6,49.268
"vdc_v",67007.6,49.268
"vdc_v",67007.6,49.268
"vdc_v",67007.6,49.268
"vdc_v",67007.6,49.268
"vdc_v",67007.6,49.268
"vdc_v",67007.6,49.268
"vdc_v",67007.6,49.268
"vdc_v",67007.6,49.268
"vdc_v",67007.6,49.268
"vdc_v",67007.7,49.268
"vdc_v",67007.7,49.268
"vdc_v",67007.7,49.268
"vdc_v",67007.7,49.268
"vdc_v",67007.7,49.268
"vdc_v",67007.7,49.268
"vdc_v",67007.7,49.268
"vdc_v",67007.7,49.268
"vdc_v",67007.7,49.268
"vdc_v",67007.8,49.268
"vdc_v",67007.8,49.268
"vdc_v",67007.8,49.268
"vdc_v",67007.8,49.268
"vdc_v",67007.8,49.268
"vdc_v",67007.8,49.268
"vdc_v",67007.8,49.268
"vdc_v",67007.8,49.268
"vdc_v",67007.8,49.268
"vdc_v",67007.8,49.268
"vdc_v",67007.9,49.268
"vdc_v",67007.9,49.268
"vdc_v",67007.9,49.268
"vdc_v",67007.9,49.268
"vdc_v",67007.9,49.268
"vdc_v",67007.9,49.268
"vdc_v",67007.9,49.268
"vdc_v",67007.9,49.268
"vdc_v",67007.9,49.268
"vdc_v",67007.9,49.268
"vdc_v",67007.9,49.268
"vdc_v",67008,49.268
"vdc_v",67008,49.268
"vdc_v",67008,49.268
"vdc_v",67008,49.268
"vdc_v",67008,49.268
"vdc_v",67008,49.268
"vdc_v",67008,49.268
"vdc_v",67008,49.268
"vdc_v",67008,49.268
"vdc_v",67008,49.268
"vdc_v",67008.1,49.268
"vdc_v",67008.1,49.268
"vdc_v",67008.1,49.268
"vdc_v",67008.1,49.268
"vdc_v",67008.1,49.268
"vdc_v",67008.1,49.268
"vdc_v",67008.1,49.268
"vdc_v",67008.1,49.268
"vdc_v",67008.1,49.268
"vdc_v",67008.1,49.268
"vdc_v",67008.2,49.268
"vdc_v",67008.2,49.268
"vdc_v",67008.2,49.268
"vdc_v",67008.2,49.268
"vdc_v",67008.2,49.268
"vdc_v",67008.2,49.268
"vdc_v",67008.2,49.268
"vdc_v",67008.2,49.268
"vdc_v",67008.2,49.268
"vdc_v",67008.2,49.268
"vdc_v",67008.3,49.268
"vdc_v",67008.3,49.268
"vdc_v",67008.3,49.268
"vdc_v",67008.3,49.268
"vdc_v",67008.3,49.268
"vdc_v",67008.3,49.268
"vdc_v",67008.3,49.268
"vdc_v",67008.3,49.268
"vdc_v",67008.3,49.268
"vdc_v",67008.3,49.268
"vdc_v",67008.4,49.268
"vdc_v",67008.4,49.268
"vdc_v",67008.4,49.268
"vdc_v",67008.4,49.268
"vdc_v",67008.4,49.268
"vdc_v",67008.4,49.268
"vdc_v",67008.4,49.268
"vdc_v",67008.4,49.268
"vdc_v",67008.4,49.268
"vdc_v",67008.4,49.268
"vdc_v",67008.5,49.268
"vdc_v",67008.5,49.268
"vdc_v",67008.5,49.268
"vdc_v",67008.5,49.268
"vdc_v",67008.5,49.268
"vdc_v",67008.5,49.268
"vdc_v",67008.5,49.268
"vdc_v",67008.5,49.268
"vdc_v",67008.5,49.268
"vdc_v",67008.5,49.268
"vdc_v",67008.6,49.268
"vdc_v",67008.6,49.268
"vdc_v",67008.6,49.268
"vdc_v",67008.6,49.268
"vdc_v",67008.6,49.268
"vdc_v",67008.6,49.268
"vdc_v",67008.6,49.268
"vdc_v",67008.6,49.268
"vdc_v",67008.6,49.268
"vdc_v",67008.6,49.268
"vdc_v",67008.7,49.268
"vdc_v",67008.7,49.268
"vdc_v",67008.7,49.268
"vdc_v",67008.7,49.268
"vdc_v",67008.7,49.268
"vdc_v",67008.7,49.268
"vdc_v",67008.7,49.268
"vdc_v",67008.7,49.268
"vdc_v",67008.7,49.268
"vdc_v",67008.8,49.268
"vdc_v",67008.8,49.268
"vdc_v",67008.8,49.268
"vdc_v",67008.8,49.268
"vdc_v",67008.8,49.268
"vdc_v",67008.8,49.268
"vdc_v",67008.8,49.268
"vdc_v",67008.8,49.268
"vdc_v",67008.8,49.268
"vdc_v",67008.8,49.268
"vdc_v",67008.9,49.268
"vdc_v",67008.9,49.268
"vdc_v",67008.9,49.268
"vdc_v",67008.9,49.268
"vdc_v",67008.9,49.268
"vdc_v",67008.9,49.268
"vdc_v",67008.9,49.268
"vdc_v",67008.9,49.268
"vdc_v",67008.9,49.268
"vdc_v",67008.9,49.268
"vdc_v",67009,49.268
"vdc_v",67009,49.268
"vdc_v",67009,49.268
"vdc_v",67009,49.268
"vdc_v",67009,49.268
"vdc_v",67009,49.268
"vdc_v",67009,49.268
"vdc_v",67009,49.268
"vdc_v",67009,49.268
"vdc_v",67009,49.268
"vdc_v",67009.1,49.268
"vdc_v",67009.1,49.268
"vdc_v",67009.1,49.268
"vdc_v",67009.1,49.268
"vdc_v",67009.1,49.268
"vdc_v",67009.1,49.268
"vdc_v",67009.1,49.268
"vdc_v",67009.1,49.268
"vdc_v",67009.1,49.268
"vdc_v",67009.1,49.268
"vdc_v",67009.2,49.268
"vdc_v",67009.2,49.268
"vdc_v",67009.2,49.268
"vdc_v",67009.2,49.268
"vdc_v",67009.2,49.268
"vdc_v",67009.2,49.268
"vdc_v",67009.2,49.268
"vdc_v",67009.2,49.268
"vdc_v",67009.2,49.268
"vdc_v",67009.2,49.268
"vdc_v",67009.2,49.268
"vdc_v",67009.3,49.268
"vdc_v",67009.3,49.268
"vdc_v",67009.3,49.268
"vdc_v",67009.3,49.268
"vdc_v",67009.3,49.268
"vdc_v",67009.3,49.268
"vdc_v",67009.3,49.268
"vdc_v",67009.3,49.268
"vdc_v",67009.3,49.268
"vdc_v",67009.4,49.268
"vdc_v",67009.4,49.268
"vdc_v",67009.4,49.268
"vdc_v",67009.4,49.268
"vdc_v",67009.4,49.268
"vdc_v",67009.4,49.268
"vdc_v",67009.4,49.268
"vdc_v",67009.4,49.268
"vdc_v",67009.4,49.268
"vdc_v",67009.4,49.268
"vdc_v",67009.5,49.268
"vdc_v",67009.5,49.268
"vdc_v",67009.5,49.268
"vdc_v",67009.5,49.268
"vdc_v",67009.5,49.268
"vdc_v",67009.5,49.268
"vdc_v",67009.5,49.268
"vdc_v",67009.5,49.268
"vdc_v",67009.5,49.268
"vdc_v",67009.5,49.268
"vdc_v",67009.6,49.268
"vdc_v",67009.6,49.268
"vdc_v",67009.6,49.268
"vdc_v",67009.6,49.268
"vdc_v",67009.6,49.268
"vdc_v",67009.6,49.268
"vdc_v",67009.6,49.268
"vdc_v",67009.6,49.268
"vdc_v",67009.6,49.268
"vdc_v",67009.6,49.268
"vdc_v",67009.6,49.268
"vdc_v",67009.7,49.268
"vdc_v",67009.7,49.268
"vdc_v",67009.7,49.268
"vdc_v",67009.7,49.268
"vdc_v",67009.7,49.268
"vdc_v",67009.7,49.268
"vdc_v",67009.7,49.268
"vdc_v",67009.7,49.268
"vdc_v",67009.8,49.268
"vdc_v",67009.8,49.268
"vdc_v",67009.8,49.268
"vdc_v",67009.8,49.268
"vdc_v",67009.8,49.268
"vdc_v",67009.8,49.268
"vdc_v",67009.8,49.268
"vdc_v",67009.8,49.268
"vdc_v",67009.8,49.268
"vdc_v",67009.8,49.268
"vdc_v",67009.8,49.268
"vdc_v",67009.9,49.268
"vdc_v",67009.9,49.268
"vdc_v",67009.9,49.268
"vdc_v",67009.9,49.268
"vdc_v",67009.9,49.268
"vdc_v",67009.9,49.268
"vdc_v",67009.9,49.268
"vdc_v",67009.9,49.268
"vdc_v",67009.9,49.268
"vdc_v",67009.9,49.268
"vdc_v",67010,49.268
"vdc_v",67010,49.268
"vdc_v",67010,49.268
"vdc_v",67010,49.268
"vdc_v",67010,49.268
"vdc_v",67010,49.268
"vdc_v",67010,49.268
"vdc_v",67010,49.268
"vdc_v",67010,49.268
"vdc_v",67010,49.268
"vdc_v",67010.1,49.268
"vdc_v",67010.1,49.268
"vdc_v",67010.1,49.268
"vdc_v",67010.1,49.268
"vdc_v",67010.1,49.268
"vdc_v",67010.1,49.268
"vdc_v",67010.1,49.268
"vdc_v",67010.1,49.268
"vdc_v",67010.1,49.268
"vdc_v",67010.1,49.268
"vdc_v",67010.2,49.268
"vdc_v",67010.2,49.268
"vdc_v",67010.2,49.268
"vdc_v",67010.2,49.268
"vdc_v",67010.2,49.268
"vdc_v",67010.2,49.268
"vdc_v",67010.2,49.268
"vdc_v",67010.2,49.268
"vdc_v",67010.2,49.268
"vdc_v",67010.2,49.268
"vdc_v",67010.3,49.268
"vdc_v",67010.3,49.268
"vdc_v",67010.3,49.268
"vdc_v",67010.3,49.268
"vdc_v",67010.3,49.268
"vdc_v",67010.3,49.268
"vdc_v",67010.3,49.268
"vdc_v",67010.3,49.268
"vdc_v",67010.3,49.268
"vdc_v",67010.4,49.268
"vdc_v",67010.4,49.268
"vdc_v",67010.4,49.268
"vdc_v",67010.4,49.268
"vdc_v",67010.4,49.268
"vdc_v",67010.4,49.268
"vdc_v",67010.4,49.268
"vdc_v",67010.4,49.268
"vdc_v",67010.4,49.268
"vdc_v",67010.4,49.268
"vdc_v",67010.4,49.268
"vdc_v",67010.5,49.268
"vdc_v",67010.5,49.268
"vdc_v",67010.5,49.268
"vdc_v",67010.5,49.268
"vdc_v",67010.5,49.268
"vdc_v",67010.5,49.268
"vdc_v",67010.5,49.268
"vdc_v",67010.5,49.268
"vdc_v",67010.5,49.268
"vdc_v",67010.5,49.268
"vdc_v",67010.6,49.268
"vdc_v",67010.6,49.268
"vdc_v",67010.6,49.268
"vdc_v",67010.6,49.268
"vdc_v",67010.6,49.268
"vdc_v",67010.6,49.268
"vdc_v",67010.6,49.268
"vdc_v",67010.6,49.268
"vdc_v",67010.6,49.268
"vdc_v",67010.6,49.268
"vdc_v",67010.7,49.268
"vdc_v",67010.7,49.268
"vdc_v",67010.7,49.268
"vdc_v",67010.7,49.268
"vdc_v",67010.7,49.268
"vdc_v",67010.7,49.268
"vdc_v",67010.7,49.268
"vdc_v",67010.7,49.268
"vdc_v",67010.7,49.268
"vdc_v",67010.8,49.268
"vdc_v",67010.8,49.268
"vdc_v",67010.8,49.268
"vdc_v",67010.8,49.268
"vdc_v",67010.8,49.268
"vdc_v",67010.8,49.268
"vdc_v",67010.8,49.268
"vdc_v",67010.8,49.268
"vdc_v",67010.8,49.268
"vdc_v",67010.8,49.268
"vdc_v",67010.8,49.268
"vdc_v",67010.9,49.268
"vdc_v",67010.9,49.268
"vdc_v",67010.9,49.268
"vdc_v",67010.9,49.268
"vdc_v",67010.9,49.268
"vdc_v",67010.9,49.268
"vdc_v",67010.9,49.268
"vdc_v",67010.9,49.268
"vdc_v",67010.9,49.268
"vdc_v",67010.9,49.268
"vdc_v",67011,49.268
"vdc_v",67011,49.268
"vdc_v",67011,49.268
"vdc_v",67011,49.268
"vdc_v",67011,49.268
"vdc_v",67011,49.268
"vdc_v",67011,49.268
"vdc_v",67011,49.268
"vdc_v",67011,49.268
"vdc_v",67011,49.268
"vdc_v",67011.1,49.268
"vdc_v",67011.1,49.268
"vdc_v",67011.1,49.268
"vdc_v",67011.1,49.268
"vdc_v",67011.1,49.268
"vdc_v",67011.1,49.268
"vdc_v",67011.1,49.268
"vdc_v",67011.1,49.268
"vdc_v",67011.1,49.268
"vdc_v",67011.1,49.268
"vdc_v",67011.2,49.268
"vdc_v",67011.2,49.268
"vdc_v",67011.2,49.268
"vdc_v",67011.2,49.268
"vdc_v",67011.2,49.268
"vdc_v",67011.2,49.268
"vdc_v",67011.2,49.268
"vdc_v",67011.2,49.268
"vdc_v",67011.2,49.268
"vdc_v",67011.2,49.268
"vdc_v",67011.3,49.268
"vdc_v",67011.3,49.268
"vdc_v",67011.3,49.268
"vdc_v",67011.3,49.268
"vdc_v",67011.3,49.268
"vdc_v",67011.3,49.268
"vdc_v",67011.3,49.268
"vdc_v",67011.3,49.268
"vdc_v",67011.3,49.268
"vdc_v",67011.4,49.268
"vdc_v",67011.4,49.268
"vdc_v",67011.4,49.268
"vdc_v",67011.4,49.268
"vdc_v",67011.4,49.268
"vdc_v",67011.4,49.268
"vdc_v",67011.4,49.268
"vdc_v",67011.4,49.268
"vdc_v",67011.4,49.268
"vdc_v",67011.4,49.268
"vdc_v",67011.5,49.268
"vdc_v",67011.5,49.268
"vdc_v",67011.5,49.268
"vdc_v",67011.5,49.268
"vdc_v",67011.5,49.268
"vdc_v",67011.5,49.268
"vdc_v",67011.5,49.268
"vdc_v",67011.5,49.268
"vdc_v",67011.5,49.268
"vdc_v",67011.5,49.268
"vdc_v",67011.5,49.268
"vdc_v",67011.6,49.268
"vdc_v",67011.6,49.268
"vdc_v",67011.6,49.268
"vdc_v",67011.6,49.268
"vdc_v",67011.6,49.268
"vdc_v",67011.6,49.268
"vdc_v",67011.6,49.268
"vdc_v",67011.6,49.268
"vdc_v",67011.6,49.268
"vdc_v",67011.6,49.268
"vdc_v",67011.7,49.268
"vdc_v",67011.7,49.268
"vdc_v",67011.7,49.268
"vdc_v",67011.7,49.268
"vdc_v",67011.7,49.268
"vdc_v",67011.7,49.268
"vdc_v",67011.7,49.268
"vdc_v",67011.7,49.268
"vdc_v",67011.7,49.268
"vdc_v",67011.8,49.268
"vdc_v",67011.8,49.268
"vdc_v",67011.8,49.268
"vdc_v",67011.8,49.268
"vdc_v",67011.8,49.268
"vdc_v",67011.8,49.268
"vdc_v",67011.8,49.268
"vdc_v",67011.8,49.268
"vdc_v",67011.8,49.268
"vdc_v",67011.8,49.268
"vdc_v",67011.9,49.268
"vdc_v",67011.9,49.268
"vdc_v",67011.9,49.268
"vdc_v",67011.9,49.268
"vdc_v",67011.9,49.268
"vdc_v",67011.9,49.268
"vdc_v",67011.9,49.268
"vdc_v",67011.9,49.268
"vdc_v",67011.9,49.268
"vdc_v",67011.9,49.268
"vdc_v",67012,49.268
"vdc_v",67012,49.268
"vdc_v",67012,49.268
"vdc_v",67012,49.268
"vdc_v",67012,49.268
"vdc_v",67012,49.268
"vdc_v",67012,49.268
"vdc_v",67012,49.268
"vdc_v",67012,49.268
"vdc_v",67012,49.268
"vdc_v",67012.1,49.268
"vdc_v",67012.1,49.268
"vdc_v",67012.1,49.268
"vdc_v",67012.1,49.268
"vdc_v",67012.1,49.268
"vdc_v",67012.1,49.268
"vdc_v",67012.1,49.268
"vdc_v",67012.1,49.268
"vdc_v",67012.1,49.268
"vdc_v",67012.1,49.268
"vdc_v",67012.1,49.268
"vdc_v",67012.2,49.268
"vdc_v",67012.2,49.268
"vdc_v",67012.2,49.268
"vdc_v",67012.2,49.268
"vdc_v",67012.2,49.268
"vdc_v",67012.2,49.268
"vdc_v",67012.2,49.268
"vdc_v",67012.2,49.268
"vdc_v",67012.2,49.268
"vdc_v",67012.2,49.268
"vdc_v",67012.3,49.268
"vdc_v",67012.3,49.268
"vdc_v",67012.3,49.268
"vdc_v",67012.3,49.268
"vdc_v",67012.3,49.268
"vdc_v",67012.3,49.268
"vdc_v",67012.3,49.268
"vdc_v",67012.3,49.268
"vdc_v",67012.3,49.268
"vdc_v",67012.4,49.268
"vdc_v",67012.4,49.268
"vdc_v",67012.4,49.268
"vdc_v",67012.4,49.268
"vdc_v",67012.4,49.268
"vdc_v",67012.4,49.268
"vdc_v",67012.4,49.268
"vdc_v",67012.4,49.268
"vdc_v",67012.4,49.268
"vdc_v",67012.4,49.268
"vdc_v",67012.5,49.268
"vdc_v",67012.5,49.268
"vdc_v",67012.5,49.268
"vdc_v",67012.5,49.268
"vdc_v",67012.5,49.268
"vdc_v",67012.5,49.268
"vdc_v",67012.5,49.268
"vdc_v",67012.5,49.268
"vdc_v",67012.5,49.268
"vdc_v",67012.5,49.268
"vdc_v",67012.5,49.268
"vdc_v",67012.6,49.268
"vdc_v",67012.6,49.268
"vdc_v",67012.6,49.268
"vdc_v",67012.6,49.268
"vdc_v",67012.6,49.268
"vdc_v",67012.6,49.268
"vdc_v",67012.6,49.268
"vdc_v",67012.6,49.268
"vdc_v",67012.6,49.268
"vdc_v",67012.6,49.268
"vdc_v",67012.7,49.268
"vdc_v",67012.7,49.268
"vdc_v",67012.7,49.268
"vdc_v",67012.7,49.268
"vdc_v",67012.7,49.268
"vdc_v",67012.7,49.268
"vdc_v",67012.7,49.268
"vdc_v",67012.7,49.268
"vdc_v",67012.7,49.268
"vdc_v",67012.8,49.268
"vdc_v",67012.8,49.268
"vdc_v",67012.8,49.268
"vdc_v",67012.8,49.268
"vdc_v",67012.8,49.268
"vdc_v",67012.8,49.268
"vdc_v",67012.8,49.268
"vdc_v",67012.8,49.268
"vdc_v",67012.8,49.268
"vdc_v",67012.8,49.268
"vdc_v",67012.9,49.268
"vdc_v",67012.9,49.268
"vdc_v",67012.9,49.268
"vdc_v",67012.9,49.268
"vdc_v",67012.9,49.268
"vdc_v",67012.9,49.268
"vdc_v",67012.9,49.268
"vdc_v",67012.9,49.268
"vdc_v",67012.9,49.268
"vdc_v",67012.9,49.268
"vdc_v",67013,49.268
"vdc_v",67013,49.268
"vdc_v",67013,49.268
"vdc_v",67013,49.268
"vdc_v",67013,49.268
"vdc_v",67013,49.268
"vdc_v",67013,49.268
"vdc_v",67013,49.268
"vdc_v",67013,49.268
"vdc_v",67013,49.268
"vdc_v",67013.1,49.268
"vdc_v",67013.1,49.268
"vdc_v",67013.1,49.268
"vdc_v",67013.1,49.268
"vdc_v",67013.1,49.268
"vdc_v",67013.1,49.268
"vdc_v",67013.1,49.268
"vdc_v",67013.1,49.268
"vdc_v",67013.1,49.268
"vdc_v",67013.1,49.268
"vdc_v",67013.2,49.268
"vdc_v",67013.2,49.268
"vdc_v",67013.2,49.268
"vdc_v",67013.2,49.268
"vdc_v",67013.2,49.268
"vdc_v",67013.2,49.268
"vdc_v",67013.2,49.268
"vdc_v",67013.2,49.268
"vdc_v",67013.2,49.268
"vdc_v",67013.2,49.268
"vdc_v",67013.3,49.268
"vdc_v",67013.3,49.268
"vdc_v",67013.3,49.268
"vdc_v",67013.3,49.268
"vdc_v",67013.3,49.268
"vdc_v",67013.3,49.268
"vdc_v",67013.3,49.268
"vdc_v",67013.3,49.268
"vdc_v",67013.3,49.268
"vdc_v",67013.3,49.268
"vdc_v",67013.4,49.268
"vdc_v",67013.4,49.268
"vdc_v",67013.4,49.268
"vdc_v",67013.4,49.268
"vdc_v",67013.4,49.268
"vdc_v",67013.4,49.268
"vdc_v",67013.4,49.268
"vdc_v",67013.4,49.268
"vdc_v",67013.4,49.268
"vdc_v",67013.4,49.268
"vdc_v",67013.5,49.268
"vdc_v",67013.5,49.268
"vdc_v",67013.5,49.268
"vdc_v",67013.5,49.268
"vdc_v",67013.5,49.268
"vdc_v",67013.5,49.268
"vdc_v",67013.5,49.268
"vdc_v",67013.5,49.268
"vdc_v",67013.5,49.268
"vdc_v",67013.5,49.268
"vdc_v",67013.6,49.268
"vdc_v",67013.6,49.268
"vdc_v",67013.6,49.268
"vdc_v",67013.6,49.268
"vdc_v",67013.6,49.268
"vdc_v",67013.6,49.268
"vdc_v",67013.6,49.268
"vdc_v",67013.6,49.268
"vdc_v",67013.6,49.268
"vdc_v",67013.6,49.268
"vdc_v",67013.7,49.268
"vdc_v",67013.7,49.268
"vdc_v",67013.7,49.268
"vdc_v",67013.7,49.268
"vdc_v",67013.7,49.268
"vdc_v",67013.7,49.268
"vdc_v",67013.7,49.268
"vdc_v",67013.7,49.268
"vdc_v",67013.7,49.268
"vdc_v",67013.7,49.268
"vdc_v",67013.7,49.268
"vdc_v",67013.8,49.268
"vdc_v",67013.8,49.268
"vdc_v",67013.8,49.268
"vdc_v",67013.8,49.268
"vdc_v",67013.8,49.268
"vdc_v",67013.8,49.268
"vdc_v",67013.8,49.268
"vdc_v",67013.8,49.268
"vdc_v",67013.8,49.268
"vdc_v",67013.8,49.268
"vdc_v",67013.9,49.268
"vdc_v",67013.9,49.268
"vdc_v",67013.9,49.268
"vdc_v",67013.9,49.268
"vdc_v",67013.9,49.268
"vdc_v",67013.9,49.268
"vdc_v",67013.9,49.268
"vdc_v",67013.9,49.268
"vdc_v",67013.9,49.268
"vdc_v",67013.9,49.268
"vdc_v",67014,49.268
"vdc_v",67014,49.268
"vdc_v",67014,49.268
"vdc_v",67014,49.268
"vdc_v",67014,49.268
"vdc_v",67014,49.268
"vdc_v",67014,49.268
"vdc_v",67014,49.268
"vdc_v",67014,49.268
"vdc_v",67014,49.268
"vdc_v",67014.1,49.268
"vdc_v",67014.1,49.268
"vdc_v",67014.1,49.268
"vdc_v",67014.1,49.268
"vdc_v",67014.1,49.268
"vdc_v",67014.1,49.268
"vdc_v",67014.1,49.268
"vdc_v",67014.1,49.268
"vdc_v",67014.1,49.268
"vdc_v",67014.1,49.268
"vdc_v",67014.2,49.268
"vdc_v",67014.2,49.268
"vdc_v",67014.2,49.268
"vdc_v",67014.2,49.268
"vdc_v",67014.2,49.268
"vdc_v",67014.2,49.268
"vdc_v",67014.2,49.268
"vdc_v",67014.2,49.268
"vdc_v",67014.2,49.268
"vdc_v",67014.2,49.268
"vdc_v",67014.3,49.268
"vdc_v",67014.3,49.268
"vdc_v",67014.3,49.268
"vdc_v",67014.3,49.268
"vdc_v",67014.3,49.268
"vdc_v",67014.3,49.268
"vdc_v",67014.3,49.268
"vdc_v",67014.3,49.268
"vdc_v",67014.3,49.268
"vdc_v",67014.3,49.268
"vdc_v",67014.4,49.268
"vdc_v",67014.4,49.268
"vdc_v",67014.4,49.268
"vdc_v",67014.4,49.268
"vdc_v",67014.4,49.268
"vdc_v",67014.4,49.268
"vdc_v",67014.4,49.268
"vdc_v",67014.4,49.268
"vdc_v",67014.4,49.268
"vdc_v",67014.4,49.268
"vdc_v",67014.5,49.268
"vdc_v",67014.5,49.268
"vdc_v",67014.5,49.268
"vdc_v",67014.5,49.268
"vdc_v",67014.5,49.268
"vdc_v",67014.5,49.268
"vdc_v",67014.5,49.268
"vdc_v",67014.5,49.268
"vdc_v",67014.5,49.268
"vdc_v",67014.5,49.268
"vdc_v",67014.6,49.268
"vdc_v",67014.6,49.268
"vdc_v",67014.6,49.268
"vdc_v",67014.6,49.268
"vdc_v",67014.6,49.268
"vdc_v",67014.6,49.268
"vdc_v",67014.6,49.268
"vdc_v",67014.6,49.268
"vdc_v",67014.6,49.268
"vdc_v",67014.6,49.268
"vdc_v",67014.7,49.268
"vdc_v",67014.7,49.268
"vdc_v",67014.7,49.268
"vdc_v",67014.7,49.268
"vdc_v",67014.7,49.268
"vdc_v",67014.7,49.268
"vdc_v",67014.8,49.268
"vdc_v",67014.8,49.268
"vdc_v",67014.8,49.268
"vdc_v",67014.8,49.268
"vdc_v",67014.8,49.268
"vdc_v",67014.8,49.268
"vdc_v",67014.9,49.268
"vdc_v",67014.9,49.268
"vdc_v",67014.9,49.268
"vdc_v",67014.9,49.268
"vdc_v",67014.9,49.268
"vdc_v",67014.9,49.268
"vdc_v",67014.9,49.268
"vdc_v",67014.9,49.268
"vdc_v",67015,49.268
"vdc_v",67015,49.268
"vdc_v",67015,49.268
"vdc_v",67015,49.268
"vdc_v",67015,49.268
"vdc_v",67015,49.268
"vdc_v",67015.1,49.268
"vdc_v",67015.1,49.268
"vdc_v",67015.1,49.268
"vdc_v",67015.1,49.268
"vdc_v",67015.1,49.268
"vdc_v",67015.1,49.268
"vdc_v",67015.1,49.268
"vdc_v",67015.1,49.268
"vdc_v",67015.2,49.268
"vdc_v",67015.2,49.268
"vdc_v",67015.2,49.268
"vdc_v",67015.2,49.268
"vdc_v",67015.2,49.268
"vdc_v",67015.2,49.268
"vdc_v",67015.2,49.268
"vdc_v",67015.2,49.268
"vdc_v",67015.2,49.268
"vdc_v",67015.2,49.268
"vdc_v",67015.2,49.268
"vdc_v",67015.3,49.268
"vdc_v",67015.3,49.268
"vdc_v",67015.3,49.268
"vdc_v",67015.3,49.268
"vdc_v",67015.3,49.268
"vdc_v",67015.3,49.268
"vdc_v",67015.3,49.268
"vdc_v",67015.3,49.268
"vdc_v",67015.3,49.268
"vdc_v",67015.3,49.268
"vdc_v",67015.3,49.268
"vdc_v",67015.4,49.268
"vdc_v",67015.4,49.268
"vdc_v",67015.4,49.268
"vdc_v",67015.4,49.268
"vdc_v",67015.4,49.268
"vdc_v",67015.4,49.268
"vdc_v",67015.4,49.268
"vdc_v",67015.4,49.268
"vdc_v",67015.4,49.268
"vdc_v",67015.4,49.268
"vdc_v",67015.4,49.268
"vdc_v",67015.4,49.268
"vdc_v",67015.5,49.268
"vdc_v",67015.5,49.268
"vdc_v",67015.5,49.268
"vdc_v",67015.5,49.268
"vdc_v",67015.5,49.268
"vdc_v",67015.5,49.268
"vdc_v",67015.5,49.268
"vdc_v",67015.5,49.268
"vdc_v",67015.5,49.268
"vdc_v",67015.5,49.268
"vdc_v",67015.5,49.268
"vdc_v",67015.6,49.268
"vdc_v",67015.6,49.268
"vdc_v",67015.6,49.268
"vdc_v",67015.6,49.268
"vdc_v",67015.6,49.268
"vdc_v",67015.6,49.268
"vdc_v",67015.6,49.268
"vdc_v",67015.6,49.268
"vdc_v",67015.6,49.268
"vdc_v",67015.6,49.268
"vdc_v",67015.6,49.268
"vdc_v",67015.6,49.268
"vdc_v",67015.7,49.268
"vdc_v",67015.7,49.268
"vdc_v",67015.7,49.268
"vdc_v",67015.7,49.268
"vdc_v",67015.7,49.268
"vdc_v",67015.7,49.268
"vdc_v",67015.7,49.268
"vdc_v",67015.7,49.268
"vdc_v",67015.7,49.268
"vdc_v",67015.7,49.268
"vdc_v",67015.8,49.268
"vdc_v",67015.8,49.268
"vdc_v",67015.8,49.268
"vdc_v",67015.8,49.268
"vdc_v",67015.8,49.268
"vdc_v",67015.8,49.268
"vdc_v",67015.8,49.268
"vdc_v",67015.8,49.268
"vdc_v",67015.8,49.268
"vdc_v",67015.8,49.268
"vdc_v",67015.8,49.268
"vdc_v",67015.8,49.268
"vdc_v",67015.9,49.268
"vdc_v",67015.9,49.268
"vdc_v",67015.9,49.268
"vdc_v",67015.9,49.268
"vdc_v",67015.9,49.268
"vdc_v",67015.9,49.268
"vdc_v",67015.9,49.268
"vdc_v",67015.9,49.268
"vdc_v",67015.9,49.268
"vdc_v",67015.9,49.268
"vdc_v",67016,49.268
"vdc_v",67016,49.268
"vdc_v",67016,49.268
"vdc_v",67016,49.268
"vdc_v",67016,49.268
"vdc_v",67016,49.268
"vdc_v",67016,49.268
"vdc_v",67016,49.268
"vdc_v",67016,49.268
"vdc_v",67016,49.268
"vdc_v",67016.1,49.268
"vdc_v",67016.1,49.268
"vdc_v",67016.1,49.268
"vdc_v",67016.1,49.268
"vdc_v",67016.1,49.268
"vdc_v",67016.1,49.268
"vdc_v",67016.1,49.268
"vdc_v",67016.1,49.268
"vdc_v",67016.1,49.268
"vdc_v",67016.1,49.268
"vdc_v",67016.2,49.268
"vdc_v",67016.2,49.268
"vdc_v",67016.2,49.268
"vdc_v",67016.2,49.268
"vdc_v",67016.2,49.268
"vdc_v",67016.2,49.268
"vdc_v",67016.2,49.268
"vdc_v",67016.2,49.268
"vdc_v",67016.2,49.268
"vdc_v",67016.2,49.268
"vdc_v",67016.3,49.268
"vdc_v",67016.3,49.268
"vdc_v",67016.3,49.268
"vdc_v",67016.3,49.268
"vdc_v",67016.3,49.268
"vdc_v",67016.3,49.268
"vdc_v",67016.3,49.268
"vdc_v",67016.3,49.268
"vdc_v",67016.3,49.268
"vdc_v",67016.3,49.268
"vdc_v",67016.4,49.268
"vdc_v",67016.4,49.268
"vdc_v",67016.4,49.268
"vdc_v",67016.4,49.268
"vdc_v",67016.4,49.268
"vdc_v",67016.4,49.268
"vdc_v",67016.4,49.268
"vdc_v",67016.4,49.268
"vdc_v",67016.4,49.268
"vdc_v",67016.4,49.268
"vdc_v",67016.5,49.268
"vdc_v",67016.5,49.268
"vdc_v",67016.5,49.268
"vdc_v",67016.5,49.268
"vdc_v",67016.5,49.268
"vdc_v",67016.5,49.268
"vdc_v",67016.5,49.268
"vdc_v",67016.5,49.268
"vdc_v",67016.5,49.268
"vdc_v",67016.5,49.268
"vdc_v",67016.6,49.268
"vdc_v",67016.6,49.268
"vdc_v",67016.6,49.268
"vdc_v",67016.6,49.268
"vdc_v",67016.6,49.268
"vdc_v",67016.6,49.268
"vdc_v",67016.6,49.268
"vdc_v",67016.6,49.268
"vdc_v",67016.6,49.268
"vdc_v",67016.6,49.268
"vdc_v",67016.7,49.268
"vdc_v",67016.7,49.268
"vdc_v",67016.7,49.268
"vdc_v",67016.7,49.268
"vdc_v",67016.7,49.268
"vdc_v",67016.7,49.268
"vdc_v",67016.7,49.268
"vdc_v",67016.7,49.268
"vdc_v",67016.7,49.268
"vdc_v",67016.8,49.268
"vdc_v",67016.8,49.268
"vdc_v",67016.8,49.268
"vdc_v",67016.8,49.268
"vdc_v",67016.8,49.268
"vdc_v",67016.8,49.268
"vdc_v",67016.8,49.268
"vdc_v",67016.8,49.268
"vdc_v",67016.8,49.268
"vdc_v",67016.8,49.268
"vdc_v",67016.9,49.268
"vdc_v",67016.9,49.268
"vdc_v",67016.9,49.268
"vdc_v",67016.9,49.268
"vdc_v",67016.9,49.268
"vdc_v",67016.9,49.268
"vdc_v",67016.9,49.268
"vdc_v",67016.9,49.268
"vdc_v",67016.9,49.268
"vdc_v",67016.9,49.268
"vdc_v",67016.9,49.268
"vdc_v",67017,49.268
"vdc_v",67017,49.268
"vdc_v",67017,49.268
"vdc_v",67017,49.268
"vdc_v",67017,49.268
"vdc_v",67017,49.268
"vdc_v",67017,49.268
"vdc_v",67017,49.268
"vdc_v",67017,49.268
"vdc_v",67017,49.268
"vdc_v",67017.1,49.268
"vdc_v",67017.1,49.268
"vdc_v",67017.1,49.268
"vdc_v",67017.1,49.268
"vdc_v",67017.1,49.268
"vdc_v",67017.1,49.268
"vdc_v",67017.1,49.268
"vdc_v",67017.1,49.268
"vdc_v",67017.1,49.268
"vdc_v",67017.1,49.268
"vdc_v",67017.2,49.268
"vdc_v",67017.2,49.268
"vdc_v",67017.2,49.268
"vdc_v",67017.2,49.268
"vdc_v",67017.2,49.268
"vdc_v",67017.2,49.268
"vdc_v",67017.2,49.268
"vdc_v",67017.2,49.268
"vdc_v",67017.2,49.268
"vdc_v",67017.2,49.268
"vdc_v",67017.3,49.268
"vdc_v",67017.3,49.268
"vdc_v",67017.3,49.268
"vdc_v",67017.3,49.268
"vdc_v",67017.3,49.268
"vdc_v",67017.3,49.268
"vdc_v",67017.3,49.268
"vdc_v",67017.3,49.268
"vdc_v",67017.3,49.268
"vdc_v",67017.4,49.268
"vdc_v",67017.4,49.268
"vdc_v",67017.4,49.268
"vdc_v",67017.4,49.268
"vdc_v",67017.4,49.268
"vdc_v",67017.4,49.268
"vdc_v",67017.4,49.268
"vdc_v",67017.4,49.268
"vdc_v",67017.4,49.268
"vdc_v",67017.4,49.268
"vdc_v",67017.4,49.268
"vdc_v",67017.5,49.268
"vdc_v",67017.5,49.268
"vdc_v",67017.5,49.268
"vdc_v",67017.5,49.268
"vdc_v",67017.5,49.268
"vdc_v",67017.5,49.268
"vdc_v",67017.5,49.268
"vdc_v",67017.5,49.268
"vdc_v",67017.5,49.268
"vdc_v",67017.5,49.268
"vdc_v",67017.6,49.268
"vdc_v",67017.6,49.268
"vdc_v",67017.6,49.268
"vdc_v",67017.6,49.268
"vdc_v",67017.6,49.268
"vdc_v",67017.6,49.268
"vdc_v",67017.6,49.268
"vdc_v",67017.6,49.268
"vdc_v",67017.6,49.268
"vdc_v",67017.6,49.268
"vdc_v",67017.7,49.268
"vdc_v",67017.7,49.268
"vdc_v",67017.7,49.268
"vdc_v",67017.7,49.268
"vdc_v",67017.7,49.268
"vdc_v",67017.7,49.268
"vdc_v",67017.7,49.268
"vdc_v",67017.7,49.268
"vdc_v",67017.7,49.268
"vdc_v",67017.8,49.268
"vdc_v",67017.8,49.268
"vdc_v",67017.8,49.268
"vdc_v",67017.8,49.268
"vdc_v",67017.8,49.268
"vdc_v",67017.8,49.268
"vdc_v",67017.8,49.268
"vdc_v",67017.8,49.268
"vdc_v",67017.8,49.268
"vdc_v",67017.8,49.268
"vdc_v",67017.8,49.268
"vdc_v",67017.9,49.268
"vdc_v",67017.9,49.268
"vdc_v",67017.9,49.268
"vdc_v",67017.9,49.268
"vdc_v",67017.9,49.268
"vdc_v",67017.9,49.268
"vdc_v",67017.9,49.268
"vdc_v",67017.9,49.268
"vdc_v",67017.9,49.268
"vdc_v",67017.9,49.268
"vdc_v",67018,49.268
"vdc_v",67018,49.268
"vdc_v",67018,49.268
"vdc_v",67018,49.268
"vdc_v",67018,49.268
"vdc_v",67018,49.268
"vdc_v",67018,49.268
"vdc_v",67018,49.268
"vdc_v",67018,49.268
"vdc_v",67018,49.268
"vdc_v",67018.1,49.268
"vdc_v",67018.1,49.268
"vdc_v",67018.1,49.268
"vdc_v",67018.1,49.268
"vdc_v",67018.1,49.268
"vdc_v",67018.1,49.268
"vdc_v",67018.1,49.268
"vdc_v",67018.1,49.268
"vdc_v",67018.1,49.268
"vdc_v",67018.1,49.268
"vdc_v",67018.2,49.268
"vdc_v",67018.2,49.268
"vdc_v",67018.2,49.268
"vdc_v",67018.2,49.268
"vdc_v",67018.2,49.268
"vdc_v",67018.2,49.268
"vdc_v",67018.2,49.268
"vdc_v",67018.2,49.268
"vdc_v",67018.2,49.268
"vdc_v",67018.2,49.268
"vdc_v",67018.3,49.268
"vdc_v",67018.3,49.268
"vdc_v",67018.3,49.268
"vdc_v",67018.3,49.268
"vdc_v",67018.3,49.268
"vdc_v",67018.3,49.268
"vdc_v",67018.3,49.268
"vdc_v",67018.3,49.268
"vdc_v",67018.3,49.268
"vdc_v",67018.3,49.268
"vdc_v",67018.4,49.268
"vdc_v",67018.4,49.268
"vdc_v",67018.4,49.268
"vdc_v",67018.4,49.268
"vdc_v",67018.4,49.268
"vdc_v",67018.4,49.268
"vdc_v",67018.4,49.268
"vdc_v",67018.4,49.268
"vdc_v",67018.4,49.268
"vdc_v",67018.4,49.268
"vdc_v",67018.5,49.268
"vdc_v",67018.5,49.268
"vdc_v",67018.5,49.268
"vdc_v",67018.5,49.268
"vdc_v",67018.5,49.268
"vdc_v",67018.5,49.268
"vdc_v",67018.5,49.268
"vdc_v",67018.5,49.268
"vdc_v",67018.5,49.268
"vdc_v",67018.5,49.268
"vdc_v",67018.6,49.268
"vdc_v",67018.6,49.268
"vdc_v",67018.6,49.268
"vdc_v",67018.6,49.268
"vdc_v",67018.6,49.268
"vdc_v",67018.6,49.268
"vdc_v",67018.6,49.268
"vdc_v",67018.6,49.268
"vdc_v",67018.6,49.268
"vdc_v",67018.6,49.268
"vdc_v",67018.7,49.268
"vdc_v",67018.7,49.268
"vdc_v",67018.7,49.268
"vdc_v",67018.7,49.268
"vdc_v",67018.7,49.268
"vdc_v",67018.7,49.268
"vdc_v",67018.7,49.268
"vdc_v",67018.7,49.268
"vdc_v",67018.7,49.268
"vdc_v",67018.8,49.268
"vdc_v",67018.8,49.268
"vdc_v",67018.8,49.268
"vdc_v",67018.8,49.268
"vdc_v",67018.8,49.268
"vdc_v",67018.8,49.268
"vdc_v",67018.8,49.268
"vdc_v",67018.8,49.268
"vdc_v",67018.8,49.268
"vdc_v",67018.8,49.268
"vdc_v",67018.9,49.268
"vdc_v",67018.9,49.268
"vdc_v",67018.9,49.268
"vdc_v",67018.9,49.268
"vdc_v",67018.9,49.268
"vdc_v",67018.9,49.268
"vdc_v",67018.9,49.268
"vdc_v",67018.9,49.268
"vdc_v",67018.9,49.268
"vdc_v",67018.9,49.268
"vdc_v",67019,49.268
"vdc_v",67019,49.268
"vdc_v",67019,49.268
"vdc_v",67019,49.268
"vdc_v",67019,49.268
"vdc_v",67019,49.268
"vdc_v",67019,49.268
"vdc_v",67019,49.268
"vdc_v",67019,49.268
"vdc_v",67019,49.268
"vdc_v",67019.1,49.268
"vdc_v",67019.1,49.268
"vdc_v",67019.1,49.268
"vdc_v",67019.1,49.268
"vdc_v",67019.1,49.268
"vdc_v",67019.1,49.268
"vdc_v",67019.1,49.268
"vdc_v",67019.1,49.268
"vdc_v",67019.1,49.268
"vdc_v",67019.1,49.268
"vdc_v",67019.1,49.268
"vdc_v",67019.2,49.268
"vdc_v",67019.2,49.268
"vdc_v",67019.2,49.268
"vdc_v",67019.2,49.268
"vdc_v",67019.2,49.268
"vdc_v",67019.2,49.268
"vdc_v",67019.2,49.268
"vdc_v",67019.2,49.268
"vdc_v",67019.2,49.268
"vdc_v",67019.2,49.268
"vdc_v",67019.3,49.268
"vdc_v",67019.3,49.268
"vdc_v",67019.3,49.268
"vdc_v",67019.3,49.268
"vdc_v",67019.3,49.268
"vdc_v",67019.3,49.268
"vdc_v",67019.3,49.268
"vdc_v",67019.3,49.268
"vdc_v",67019.3,49.268
"vdc_v",67019.4,49.268
"vdc_v",67019.4,49.268
"vdc_v",67019.4,49.268
"vdc_v",67019.4,49.268
"vdc_v",67019.4,49.268
"vdc_v",67019.4,49.268
"vdc_v",67019.4,49.268
"vdc_v",67019.4,49.268
"vdc_v",67019.4,49.268
"vdc_v",67019.4,49.268
"vdc_v",67019.5,49.268
"vdc_v",67019.5,49.268
"vdc_v",67019.5,49.268
"vdc_v",67019.5,49.268
"vdc_v",67019.5,49.268
"vdc_v",67019.5,49.268
"vdc_v",67019.5,49.268
"vdc_v",67019.5,49.268
"vdc_v",67019.5,49.268
"vdc_v",67019.5,49.268
"vdc_v",67019.5,49.268
"vdc_v",67019.6,49.268
"vdc_v",67019.6,49.268
"vdc_v",67019.6,49.268
"vdc_v",67019.6,49.268
"vdc_v",67019.6,49.268
"vdc_v",67019.6,49.268
"vdc_v",67019.6,49.268
"vdc_v",67019.6,49.268
"vdc_v",67019.6,49.268
"vdc_v",67019.6,49.268
"vdc_v",67019.7,49.268
"vdc_v",67019.7,49.268
"vdc_v",67019.7,49.268
"vdc_v",67019.7,49.268
"vdc_v",67019.7,49.268
"vdc_v",67019.7,49.268
"vdc_v",67019.7,49.268
"vdc_v",67019.7,49.268
"vdc_v",67019.7,49.268
"vdc_v",67019.8,49.268
"vdc_v",67019.8,49.268
"vdc_v",67019.8,49.268
"vdc_v",67019.8,49.268
"vdc_v",67019.8,49.268
"vdc_v",67019.8,49.268
"vdc_v",67019.8,49.268
"vdc_v",67019.8,49.268
"vdc_v",67019.8,49.268
"vdc_v",67019.9,49.268
"vdc_v",67019.9,49.268
"vdc_v",67019.9,49.268
"vdc_v",67019.9,49.268
"vdc_v",67019.9,49.268
"vdc_v",67019.9,49.268
"vdc_v",67019.9,49.268
"vdc_v",67019.9,49.268
"vdc_v",67019.9,49.268
"vdc_v",67019.9,49.268
"vdc_v",67019.9,49.268
"vdc_v",67020,49.268
"vdc_v",67020,49.268
"vdc_v",67020,49.268
"vdc_v",67020,49.268
"vdc_v",67020,49.268
"vdc_v",67020,49.268
"vdc_v",67020,49.268
"vdc_v",67020,49.268
"vdc_v",67020,49.268
"vdc_v",67020,49.268
"vdc_v",67020.1,49.268
"vdc_v",67020.1,49.268
"vdc_v",67020.1,49.268
"vdc_v",67020.1,49.268
"vdc_v",67020.1,49.268
"vdc_v",67020.1,49.268
"vdc_v",67020.1,49.268
"vdc_v",67020.1,49.268
"vdc_v",67020.1,49.268
"vdc_v",67020.1,49.268
"vdc_v",67020.2,49.268
"vdc_v",67020.2,49.268
"vdc_v",67020.2,49.268
"vdc_v",67020.2,49.268
"vdc_v",67020.2,49.268
"vdc_v",67020.2,49.268
"vdc_v",67020.2,49.268
"vdc_v",67020.2,49.268
"vdc_v",67020.2,49.268
"vdc_v",67020.2,49.268
"vdc_v",67020.3,49.268
"vdc_v",67020.3,49.268
"vdc_v",67020.3,49.268
"vdc_v",67020.3,49.268
"vdc_v",67020.3,49.268
"vdc_v",67020.3,49.268
"vdc_v",67020.3,49.268
"vdc_v",67020.3,49.268
"vdc_v",67020.3,49.268
"vdc_v",67020.3,49.268
"vdc_v",67020.4,49.268
"vdc_v",67020.4,49.268
"vdc_v",67020.4,49.268
"vdc_v",67020.4,49.268
"vdc_v",67020.4,49.268
"vdc_v",67020.4,49.268
"vdc_v",67020.4,49.268
"vdc_v",67020.4,49.268
"vdc_v",67020.4,49.268
"vdc_v",67020.4,49.268
"vdc_v",67020.5,49.268
"vdc_v",67020.5,49.268
"vdc_v",67020.5,49.268
"vdc_v",67020.5,49.268
"vdc_v",67020.5,49.268
"vdc_v",67020.5,49.268
"vdc_v",67020.5,49.268
"vdc_v",67020.5,49.268
"vdc_v",67020.5,49.268
"vdc_v",67020.5,49.268
"vdc_v",67020.6,49.268
"vdc_v",67020.6,49.268
"vdc_v",67020.6,49.268
"vdc_v",67020.6,49.268
"vdc_v",67020.6,49.268
"vdc_v",67020.6,49.268
"vdc_v",67020.6,49.268
"vdc_v",67020.6,49.268
"vdc_v",67020.6,49.268
"vdc_v",67020.6,49.268
"vdc_v",67020.7,49.268
"vdc_v",67020.7,49.268
"vdc_v",67020.7,49.268
"vdc_v",67020.7,49.268
"vdc_v",67020.7,49.268
"vdc_v",67020.7,49.268
"vdc_v",67020.7,49.268
"vdc_v",67020.7,49.268
"vdc_v",67020.7,49.268
"vdc_v",67020.7,49.268
"vdc_v",67020.8,49.268
"vdc_v",67020.8,49.268
"vdc_v",67020.8,49.268
"vdc_v",67020.8,49.268
"vdc_v",67020.8,49.268
"vdc_v",67020.8,49.268
"vdc_v",67020.8,49.268
"vdc_v",67020.8,49.268
"vdc_v",67020.8,49.268
"vdc_v",67020.9,49.268
"vdc_v",67020.9,49.268
"vdc_v",67020.9,49.268
"vdc_v",67020.9,49.268
"vdc_v",67020.9,49.268
"vdc_v",67020.9,49.268
"vdc_v",67020.9,49.268
"vdc_v",67020.9,49.268
"vdc_v",67020.9,49.268
"vdc_v",67020.9,49.268
"vdc_v",67020.9,49.268
"vdc_v",67021,49.268
"vdc_v",67021,49.268
"vdc_v",67021,49.268
"vdc_v",67021,49.268
"vdc_v",67021,49.268
"vdc_v",67021,49.268
"vdc_v",67021,49.268
"vdc_v",67021,49.268
"vdc_v",67021,49.268
"vdc_v",67021,49.268
"vdc_v",67021.1,49.268
"vdc_v",67021.1,49.268
"vdc_v",67021.1,49.268
"vdc_v",67021.1,49.268
"vdc_v",67021.1,49.268
"vdc_v",67021.1,49.268
"vdc_v",67021.1,49.268
"vdc_v",67021.1,49.268
"vdc_v",67021.1,49.268
"vdc_v",67021.1,49.268
"vdc_v",67021.2,49.268
"vdc_v",67021.2,49.268
"vdc_v",67021.2,49.268
"vdc_v",67021.2,49.268
"vdc_v",67021.2,49.268
"vdc_v",67021.2,49.268
"vdc_v",67021.2,49.268
"vdc_v",67021.2,49.268
"vdc_v",67021.2,49.268
"vdc_v",67021.2,49.268
"vdc_v",67021.3,49.268
"vdc_v",67021.3,49.268
"vdc_v",67021.3,49.268
"vdc_v",67021.3,49.268
"vdc_v",67021.3,49.268
"vdc_v",67021.3,49.268
"vdc_v",67021.3,49.268
"vdc_v",67021.3,49.268
"vdc_v",67021.3,49.268
"vdc_v",67021.4,49.268
"vdc_v",67021.4,49.268
"vdc_v",67021.4,49.268
"vdc_v",67021.4,49.268
"vdc_v",67021.4,49.268
"vdc_v",67021.4,49.268
"vdc_v",67021.4,49.268
"vdc_v",67021.4,49.268
"vdc_v",67021.4,49.268
"vdc_v",67021.4,49.268
"vdc_v",67021.5,49.268
"vdc_v",67021.5,49.268
"vdc_v",67021.5,49.268
"vdc_v",67021.5,49.268
"vdc_v",67021.5,49.268
"vdc_v",67021.5,49.268
"vdc_v",67021.5,49.268
"vdc_v",67021.5,49.268
"vdc_v",67021.5,49.268
"vdc_v",67021.5,49.268
"vdc_v",67021.5,49.268
"vdc_v",67021.6,49.268
"vdc_v",67021.6,49.268
"vdc_v",67021.6,49.268
"vdc_v",67021.6,49.268
"vdc_v",67021.6,49.268
"vdc_v",67021.6,49.268
"vdc_v",67021.6,49.268
"vdc_v",67021.6,49.268
"vdc_v",67021.6,49.268
"vdc_v",67021.6,49.268
"vdc_v",67021.7,49.268
"vdc_v",67021.7,49.268
"vdc_v",67021.7,49.268
"vdc_v",67021.7,49.268
"vdc_v",67021.7,49.268
"vdc_v",67021.7,49.268
"vdc_v",67021.7,49.268
"vdc_v",67021.7,49.268
"vdc_v",67021.7,49.268
"vdc_v",67021.8,49.268
"vdc_v",67021.8,49.268
"vdc_v",67021.8,49.268
"vdc_v",67021.8,49.268
"vdc_v",67021.8,49.268
"vdc_v",67021.8,49.268
"vdc_v",67021.8,49.268
"vdc_v",67021.8,49.268
"vdc_v",67021.8,49.268
"vdc_v",67021.8,49.268
"vdc_v",67021.9,49.268
"vdc_v",67021.9,49.268
"vdc_v",67021.9,49.268
"vdc_v",67021.9,49.268
"vdc_v",67021.9,49.268
"vdc_v",67021.9,49.268
"vdc_v",67021.9,49.268
"vdc_v",67021.9,49.268
"vdc_v",67021.9,49.268
"vdc_v",67021.9,49.268
"vdc_v",67022,49.268
"vdc_v",67022,49.268
"vdc_v",67022,49.268
"vdc_v",67022,49.268
"vdc_v",67022,49.268
"vdc_v",67022,49.268
"vdc_v",67022,49.268
"vdc_v",67022,49.268
"vdc_v",67022,49.268
"vdc_v",67022,49.268
"vdc_v",67022,49.268
"vdc_v",67022.1,49.268
"vdc_v",67022.1,49.268
"vdc_v",67022.1,49.268
"vdc_v",67022.1,49.268
"vdc_v",67022.1,49.268
"vdc_v",67022.1,49.268
"vdc_v",67022.1,49.268
"vdc_v",67022.1,49.268
"vdc_v",67022.1,49.268
"vdc_v",67022.1,49.268
"vdc_v",67022.2,49.268
"vdc_v",67022.2,49.268
"vdc_v",67022.2,49.268
"vdc_v",67022.2,49.268
"vdc_v",67022.2,49.268
"vdc_v",67022.2,49.268
"vdc_v",67022.2,49.268
"vdc_v",67022.2,49.268
"vdc_v",67022.2,49.268
"vdc_v",67022.2,49.268
"vdc_v",67022.3,49.268
"vdc_v",67022.3,49.268
"vdc_v",67022.3,49.268
"vdc_v",67022.3,49.268
"vdc_v",67022.3,49.268
"vdc_v",67022.3,49.268
"vdc_v",67022.3,49.268
"vdc_v",67022.3,49.268
"vdc_v",67022.3,49.268
"vdc_v",67022.4,49.268
"vdc_v",67022.4,49.268
"vdc_v",67022.4,49.268
"vdc_v",67022.4,49.268
"vdc_v",67022.4,49.268
"vdc_v",67022.4,49.268
"vdc_v",67022.4,49.268
"vdc_v",67022.4,49.268
"vdc_v",67022.4,49.268
"vdc_v",67022.4,49.268
"vdc_v",67022.5,49.268
"vdc_v",67022.5,49.268
"vdc_v",67022.5,49.268
"vdc_v",67022.5,49.268
"vdc_v",67022.5,49.268
"vdc_v",67022.5,49.268
"vdc_v",67022.5,49.268
"vdc_v",67022.5,49.268
"vdc_v",67022.5,49.268
"vdc_v",67022.5,49.268
"vdc_v",67022.5,49.268
"vdc_v",67022.6,49.268
"vdc_v",67022.6,49.268
"vdc_v",67022.6,49.268
"vdc_v",67022.6,49.268
"vdc_v",67022.6,49.268
"vdc_v",67022.6,49.268
"vdc_v",67022.6,49.268
"vdc_v",67022.6,49.268
"vdc_v",67022.6,49.268
"vdc_v",67022.6,49.268
"vdc_v",67022.7,49.268
"vdc_v",67022.7,49.268
"vdc_v",67022.7,49.268
"vdc_v",67022.7,49.268
"vdc_v",67022.7,49.268
"vdc_v",67022.7,49.268
"vdc_v",67022.7,49.268
"vdc_v",67022.7,49.268
"vdc_v",67022.8,49.268
"vdc_v",67022.8,49.268
"vdc_v",67022.8,49.268
"vdc_v",67022.8,49.268
"vdc_v",67022.8,49.268
"vdc_v",67022.8,49.268
"vdc_v",67022.8,49.268
"vdc_v",67022.8,49.268
"vdc_v",67022.8,49.268
"vdc_v",67022.8,49.268
"vdc_v",67022.8,49.268
"vdc_v",67022.9,49.268
"vdc_v",67022.9,49.268
"vdc_v",67022.9,49.268
"vdc_v",67022.9,49.268
"vdc_v",67022.9,49.268
"vdc_v",67022.9,49.268
"vdc_v",67022.9,49.268
"vdc_v",67022.9,49.268
"vdc_v",67022.9,49.268
"vdc_v",67022.9,49.268
"vdc_v",67023,49.268
"vdc_v",67023,49.268
"vdc_v",67023,49.268
"vdc_v",67023,49.268
"vdc_v",67023,49.268
"vdc_v",67023,49.268
"vdc_v",67023,49.268
"vdc_v",67023,49.268
"vdc_v",67023,49.268
"vdc_v",67023,49.268
"vdc_v",67023.1,49.268
"vdc_v",67023.1,49.268
"vdc_v",67023.1,49.268
"vdc_v",67023.1,49.268
"vdc_v",67023.1,49.268
"vdc_v",67023.1,49.268
"vdc_v",67023.1,49.268
"vdc_v",67023.1,49.268
"vdc_v",67023.1,49.268
"vdc_v",67023.1,49.268
"vdc_v",67023.2,49.268
"vdc_v",67023.2,49.268
"vdc_v",67023.2,49.268
"vdc_v",67023.2,49.268
"vdc_v",67023.2,49.268
"vdc_v",67023.2,49.268
"vdc_v",67023.2,49.268
"vdc_v",67023.2,49.268
"vdc_v",67023.2,49.268
"vdc_v",67023.2,49.268
"vdc_v",67023.3,49.268
"vdc_v",67023.3,49.268
"vdc_v",67023.3,49.268
"vdc_v",67023.3,49.268
"vdc_v",67023.3,49.268
"vdc_v",67023.3,49.268
"vdc_v",67023.3,49.268
"vdc_v",67023.3,49.268
"vdc_v",67023.3,49.268
"vdc_v",67023.3,49.268
"vdc_v",67023.4,49.268
"vdc_v",67023.4,49.268
"vdc_v",67023.4,49.268
"vdc_v",67023.4,49.268
"vdc_v",67023.4,49.268
"vdc_v",67023.4,49.268
"vdc_v",67023.4,49.268
"vdc_v",67023.4,49.268
"vdc_v",67023.4,49.268
"vdc_v",67023.4,49.268
"vdc_v",67023.5,49.268
"vdc_v",67023.5,49.268
"vdc_v",67023.5,49.268
"vdc_v",67023.5,49.268
"vdc_v",67023.5,49.268
"vdc_v",67023.5,49.268
"vdc_v",67023.5,49.268
"vdc_v",67023.5,49.268
"vdc_v",67023.5,49.268
"vdc_v",67023.5,49.268
"vdc_v",67023.6,49.268
"vdc_v",67023.6,49.268
"vdc_v",67023.6,49.268
"vdc_v",67023.6,49.268
"vdc_v",67023.6,49.268
"vdc_v",67023.6,49.268
"vdc_v",67023.6,49.268
"vdc_v",67023.6,49.268
"vdc_v",67023.6,49.268
"vdc_v",67023.6,49.268
"vdc_v",67023.7,49.268
"vdc_v",67023.7,49.268
"vdc_v",67023.7,49.268
"vdc_v",67023.7,49.268
"vdc_v",67023.7,49.268
"vdc_v",67023.7,49.268
"vdc_v",67023.7,49.268
"vdc_v",67023.7,49.268
"vdc_v",67023.7,49.268
"vdc_v",67023.7,49.268
"vdc_v",67023.8,49.268
"vdc_v",67023.8,49.268
"vdc_v",67023.8,49.268
"vdc_v",67023.8,49.268
"vdc_v",67023.8,49.268
"vdc_v",67023.8,49.268
"vdc_v",67023.8,49.268
"vdc_v",67023.8,49.268
"vdc_v",67023.8,49.268
"vdc_v",67023.8,49.268
"vdc_v",67023.8,49.268
"vdc_v",67023.9,49.268
"vdc_v",67023.9,49.268
"vdc_v",67023.9,49.268
"vdc_v",67023.9,49.268
"vdc_v",67023.9,49.268
"vdc_v",67023.9,49.268
"vdc_v",67023.9,49.268
"vdc_v",67023.9,49.268
"vdc_v",67023.9,49.268
"vdc_v",67023.9,49.268
"vdc_v",67024,49.268
"vdc_v",67024,49.268
"vdc_v",67024,49.268
"vdc_v",67024,49.268
"vdc_v",67024,49.268
"vdc_v",67024,49.268
"vdc_v",67024,49.268
"vdc_v",67024,49.268
"vdc_v",67024,49.268
"vdc_v",67024,49.268
"vdc_v",67024.1,49.268
"vdc_v",67024.1,49.268
"vdc_v",67024.1,49.268
"vdc_v",67024.1,49.268
"vdc_v",67024.1,49.268
"vdc_v",67024.1,49.268
"vdc_v",67024.1,49.268
"vdc_v",67024.1,49.268
"vdc_v",67024.1,49.268
"vdc_v",67024.1,49.268
"vdc_v",67024.2,49.268
"vdc_v",67024.2,49.268
"vdc_v",67024.2,49.268
"vdc_v",67024.2,49.268
"vdc_v",67024.2,49.268
"vdc_v",67024.2,49.268
"vdc_v",67024.2,49.268
"vdc_v",67024.2,49.268
"vdc_v",67024.2,49.268
"vdc_v",67024.2,49.268
"vdc_v",67024.3,49.268
"vdc_v",67024.3,49.268
"vdc_v",67024.3,49.268
"vdc_v",67024.3,49.268
"vdc_v",67024.3,49.268
"vdc_v",67024.3,49.268
"vdc_v",67024.3,49.268
"vdc_v",67024.3,49.268
"vdc_v",67024.3,49.268
"vdc_v",67024.3,49.268
"vdc_v",67024.4,49.268
"vdc_v",67024.4,49.268
"vdc_v",67024.4,49.268
"vdc_v",67024.4,49.268
"vdc_v",67024.4,49.268
"vdc_v",67024.4,49.268
"vdc_v",67024.4,49.268
"vdc_v",67024.4,49.268
"vdc_v",67024.4,49.268
"vdc_v",67024.4,49.268
"vdc_v",67024.5,49.268
"vdc_v",67024.5,49.268
"vdc_v",67024.5,49.268
"vdc_v",67024.5,49.268
"vdc_v",67024.5,49.268
"vdc_v",67024.5,49.268
"vdc_v",67024.5,49.268
"vdc_v",67024.5,49.268
"vdc_v",67024.5,49.268
"vdc_v",67024.5,49.268
"vdc_v",67024.6,49.268
"vdc_v",67024.6,49.268
"vdc_v",67024.6,49.268
"vdc_v",67024.6,49.268
"vdc_v",67024.6,49.268
"vdc_v",67024.6,49.268
"vdc_v",67024.6,49.268
"vdc_v",67024.6,49.268
"vdc_v",67024.6,49.268
"vdc_v",67024.6,49.268
"vdc_v",67024.7,49.268
"vdc_v",67024.7,49.268
"vdc_v",67024.7,49.268
"vdc_v",67024.7,49.268
"vdc_v",67024.7,49.268
"vdc_v",67024.7,49.268
"vdc_v",67024.8,49.268
"vdc_v",67024.8,49.268
"vdc_v",67024.8,49.268
"vdc_v",67024.8,49.268
"vdc_v",67024.8,49.268
"vdc_v",67024.8,49.268
"vdc_v",67024.9,49.268
"vdc_v",67024.9,49.268
"vdc_v",67024.9,49.268
"vdc_v",67024.9,49.268
"vdc_v",67024.9,49.268
"vdc_v",67024.9,49.268
"vdc_v",67024.9,49.268
"vdc_v",67024.9,49.268
"vdc_v",67025,49.268
"vdc_v",67025,49.268
"vdc_v",67025,49.268
"vdc_v",67025,49.268
"vdc_v",67025,49.268
"vdc_v",67025.1,49.268
"vdc_v",67025.1,49.268
"vdc_v",67025.1,49.268
"vdc_v",67025.1,49.268
"vdc_v",67025.1,49.268
"vdc_v",67025.1,49.268
"vdc_v",67025.1,49.268
"vdc_v",67025.1,49.268
"vdc_v",67025.1,49.268
"vdc_v",67025.1,49.268
"vdc_v",67025.2,49.268
"vdc_v",67025.2,49.268
"vdc_v",67025.2,49.268
"vdc_v",67025.2,49.268
"vdc_v",67025.2,49.268
"vdc_v",67025.2,49.268
"vdc_v",67025.2,49.268
"vdc_v",67025.2,49.268
"vdc_v",67025.2,49.268
"vdc_v",67025.2,49.268
"vdc_v",67025.2,49.268
"vdc_v",67025.2,49.268
"vdc_v",67025.3,49.268
"vdc_v",67025.3,49.268
"vdc_v",67025.3,49.268
"vdc_v",67025.3,49.268
"vdc_v",67025.3,49.268
"vdc_v",67025.3,49.268
"vdc_v",67025.3,49.268
"vdc_v",67025.3,49.268
"vdc_v",67025.3,49.268
"vdc_v",67025.3,49.268
"vdc_v",67025.3,49.268
"vdc_v",67025.4,49.268
"vdc_v",67025.4,49.268
"vdc_v",67025.4,49.268
"vdc_v",67025.4,49.268
"vdc_v",67025.4,49.268
"vdc_v",67025.4,49.268
"vdc_v",67025.4,49.268
"vdc_v",67025.4,49.268
"vdc_v",67025.4,49.268
"vdc_v",67025.4,49.268
"vdc_v",67025.4,49.268
"vdc_v",67025.5,49.268
"vdc_v",67025.5,49.268
"vdc_v",67025.5,49.268
"vdc_v",67025.5,49.268
"vdc_v",67025.5,49.268
"vdc_v",67025.5,49.268
"vdc_v",67025.5,49.268
"vdc_v",67025.5,49.268
"vdc_v",67025.5,49.268
"vdc_v",67025.5,49.268
"vdc_v",67025.5,49.268
"vdc_v",67025.5,49.268
"vdc_v",67025.6,49.268
"vdc_v",67025.6,49.268
"vdc_v",67025.6,49.268
"vdc_v",67025.6,49.268
"vdc_v",67025.6,49.268
"vdc_v",67025.6,49.268
"vdc_v",67025.6,49.268
"vdc_v",67025.6,49.268
"vdc_v",67025.6,49.268
"vdc_v",67025.6,49.268
"vdc_v",67025.6,49.268
"vdc_v",67025.7,49.268
"vdc_v",67025.7,49.268
"vdc_v",67025.7,49.268
"vdc_v",67025.7,49.268
"vdc_v",67025.7,49.268
"vdc_v",67025.7,49.268
"vdc_v",67025.7,49.268
"vdc_v",67025.7,49.268
"vdc_v",67025.7,49.268
"vdc_v",67025.7,49.268
"vdc_v",67025.7,49.268
"vdc_v",67025.8,49.268
"vdc_v",67025.8,49.268
"vdc_v",67025.8,49.268
"vdc_v",67025.8,49.268
"vdc_v",67025.8,49.268
"vdc_v",67025.8,49.268
"vdc_v",67025.8,49.268
"vdc_v",67025.8,49.268
"vdc_v",67025.8,49.268
"vdc_v",67025.8,49.268
"vdc_v",67025.8,49.268
"vdc_v",67025.9,49.268
"vdc_v",67025.9,49.268
"vdc_v",67025.9,49.268
"vdc_v",67025.9,49.268
"vdc_v",67025.9,49.268
"vdc_v",67025.9,49.268
"vdc_v",67025.9,49.268
"vdc_v",67025.9,49.268
"vdc_v",67025.9,49.268
"vdc_v",67025.9,49.268
"vdc_v",67026,49.268
"vdc_v",67026,49.268
"vdc_v",67026,49.268
"vdc_v",67026,49.268
"vdc_v",67026,49.268
"vdc_v",67026,49.268
"vdc_v",67026,49.268
"vdc_v",67026,49.268
"vdc_v",67026,49.268
"vdc_v",67026,49.268
"vdc_v",67026.1,49.268
"vdc_v",67026.1,49.268
"vdc_v",67026.1,49.268
"vdc_v",67026.1,49.268
"vdc_v",67026.1,49.268
"vdc_v",67026.1,49.268
"vdc_v",67026.1,49.268
"vdc_v",67026.1,49.268
"vdc_v",67026.1,49.268
"vdc_v",67026.1,49.268
"vdc_v",67026.2,49.268
"vdc_v",67026.2,49.268
"vdc_v",67026.2,49.268
"vdc_v",67026.2,49.268
"vdc_v",67026.2,49.268
"vdc_v",67026.2,49.268
"vdc_v",67026.2,49.268
"vdc_v",67026.2,49.268
"vdc_v",67026.2,49.268
"vdc_v",67026.2,49.268
"vdc_v",67026.3,49.268
"vdc_v",67026.3,49.268
"vdc_v",67026.3,49.268
"vdc_v",67026.3,49.268
"vdc_v",67026.3,49.268
"vdc_v",67026.3,49.268
"vdc_v",67026.3,49.268
"vdc_v",67026.3,49.268
"vdc_v",67026.3,49.268
"vdc_v",67026.3,49.268
"vdc_v",67026.4,49.268
"vdc_v",67026.4,49.268
"vdc_v",67026.4,49.268
"vdc_v",67026.4,49.268
"vdc_v",67026.4,49.268
"vdc_v",67026.4,49.268
"vdc_v",67026.4,49.268
"vdc_v",67026.4,49.268
"vdc_v",67026.4,49.268
"vdc_v",67026.4,49.268
"vdc_v",67026.5,49.268
"vdc_v",67026.5,49.268
"vdc_v",67026.5,49.268
"vdc_v",67026.5,49.268
"vdc_v",67026.5,49.268
"vdc_v",67026.5,49.268
"vdc_v",67026.5,49.268
"vdc_v",67026.5,49.268
"vdc_v",67026.5,49.268
"vdc_v",67026.5,49.268
"vdc_v",67026.6,49.268
"vdc_v",67026.6,49.268
"vdc_v",67026.6,49.268
"vdc_v",67026.6,49.268
"vdc_v",67026.6,49.268
"vdc_v",67026.6,49.268
"vdc_v",67026.6,49.268
"vdc_v",67026.6,49.268
"vdc_v",67026.6,49.268
"vdc_v",67026.6,49.268
"vdc_v",67026.7,49.268
"vdc_v",67026.7,49.268
"vdc_v",67026.7,49.268
"vdc_v",67026.7,49.268
"vdc_v",67026.7,49.268
"vdc_v",67026.7,49.268
"vdc_v",67026.7,49.268
"vdc_v",67026.7,49.268
"vdc_v",67026.7,49.268
"vdc_v",67026.8,49.268
"vdc_v",67026.8,49.268
"vdc_v",67026.8,49.268
"vdc_v",67026.8,49.268
"vdc_v",67026.8,49.268
"vdc_v",67026.8,49.268
"vdc_v",67026.8,49.268
"vdc_v",67026.8,49.268
"vdc_v",67026.8,49.268
"vdc_v",67026.8,49.268
"vdc_v",67026.9,49.268
"vdc_v",67026.9,49.268
"vdc_v",67026.9,49.268
"vdc_v",67026.9,49.268
"vdc_v",67026.9,49.268
"vdc_v",67026.9,49.268
"vdc_v",67026.9,49.268
"vdc_v",67026.9,49.268
"vdc_v",67026.9,49.268
"vdc_v",67026.9,49.268
"vdc_v",67026.9,49.268
"vdc_v",67027,49.268
"vdc_v",67027,49.268
"vdc_v",67027,49.268
"vdc_v",67027,49.268
"vdc_v",67027,49.268
"vdc_v",67027,49.268
"vdc_v",67027,49.268
"vdc_v",67027,49.268
"vdc_v",67027,49.268
"vdc_v",67027,49.268
"vdc_v",67027.1,49.268
"vdc_v",67027.1,49.268
"vdc_v",67027.1,49.268
"vdc_v",67027.1,49.268
"vdc_v",67027.1,49.268
"vdc_v",67027.1,49.268
"vdc_v",67027.1,49.268
"vdc_v",67027.1,49.268
"vdc_v",67027.1,49.268
"vdc_v",67027.1,49.268
"vdc_v",67027.2,49.268
"vdc_v",67027.2,49.268
"vdc_v",67027.2,49.268
"vdc_v",67027.2,49.268
"vdc_v",67027.2,49.268
"vdc_v",67027.2,49.268
"vdc_v",67027.2,49.268
"vdc_v",67027.2,49.268
"vdc_v",67027.2,49.268
"vdc_v",67027.2,49.268
"vdc_v",67027.3,49.268
"vdc_v",67027.3,49.268
"vdc_v",67027.3,49.268
"vdc_v",67027.3,49.268
"vdc_v",67027.3,49.268
"vdc_v",67027.3,49.268
"vdc_v",67027.3,49.268
"vdc_v",67027.3,49.268
"vdc_v",67027.3,49.268
"vdc_v",67027.4,49.268
"vdc_v",67027.4,49.268
"vdc_v",67027.4,49.268
"vdc_v",67027.4,49.268
"vdc_v",67027.4,49.268
"vdc_v",67027.4,49.268
"vdc_v",67027.4,49.268
"vdc_v",67027.4,49.268
"vdc_v",67027.4,49.268
"vdc_v",67027.4,49.268
"vdc_v",67027.4,49.268
"vdc_v",67027.5,49.268
"vdc_v",67027.5,49.268
"vdc_v",67027.5,49.268
"vdc_v",67027.5,49.268
"vdc_v",67027.5,49.268
"vdc_v",67027.5,49.268
"vdc_v",67027.5,49.268
"vdc_v",67027.5,49.268
"vdc_v",67027.5,49.268
"vdc_v",67027.5,49.268
"vdc_v",67027.6,49.268
"vdc_v",67027.6,49.268
"vdc_v",67027.6,49.268
"vdc_v",67027.6,49.268
"vdc_v",67027.6,49.268
"vdc_v",67027.6,49.268
"vdc_v",67027.6,49.268
"vdc_v",67027.6,49.268
"vdc_v",67027.6,49.268
"vdc_v",67027.6,49.268
"vdc_v",67027.7,49.268
"vdc_v",67027.7,49.268
"vdc_v",67027.7,49.268
"vdc_v",67027.7,49.268
"vdc_v",67027.7,49.268
"vdc_v",67027.7,49.268
"vdc_v",67027.7,49.268
"vdc_v",67027.7,49.268
"vdc_v",67027.7,49.268
"vdc_v",67027.8,49.268
"vdc_v",67027.8,49.268
"vdc_v",67027.8,49.268
"vdc_v",67027.8,49.268
"vdc_v",67027.8,49.268
"vdc_v",67027.8,49.268
"vdc_v",67027.8,49.268
"vdc_v",67027.8,49.268
"vdc_v",67027.8,49.268
"vdc_v",67027.8,49.268
"vdc_v",67027.8,49.268
"vdc_v",67027.9,49.268
"vdc_v",67027.9,49.268
"vdc_v",67027.9,49.268
"vdc_v",67027.9,49.268
"vdc_v",67027.9,49.268
"vdc_v",67027.9,49.268
"vdc_v",67027.9,49.268
"vdc_v",67027.9,49.268
"vdc_v",67027.9,49.268
"vdc_v",67027.9,49.268
"vdc_v",67028,49.268
"vdc_v",67028,49.268
"vdc_v",67028,49.268
"vdc_v",67028,49.268
"vdc_v",67028,49.268
"vdc_v",67028,49.268
"vdc_v",67028,49.268
"vdc_v",67028,49.268
"vdc_v",67028,49.268
"vdc_v",67028,49.268
"vdc_v",67028.1,49.268
"vdc_v",67028.1,49.268
"vdc_v",67028.1,49.268
"vdc_v",67028.1,49.268
"vdc_v",67028.1,49.268
"vdc_v",67028.1,49.268
"vdc_v",67028.1,49.268
"vdc_v",67028.1,49.268
"vdc_v",67028.1,49.268
"vdc_v",67028.1,49.268
"vdc_v",67028.2,49.268
"vdc_v",67028.2,49.268
"vdc_v",67028.2,49.268
"vdc_v",67028.2,49.268
"vdc_v",67028.2,49.268
"vdc_v",67028.2,49.268
"vdc_v",67028.2,49.268
"vdc_v",67028.2,49.268
"vdc_v",67028.2,49.268
"vdc_v",67028.2,49.268
"vdc_v",67028.3,49.268
"vdc_v",67028.3,49.268
"vdc_v",67028.3,49.268
"vdc_v",67028.3,49.268
"vdc_v",67028.3,49.268
"vdc_v",67028.3,49.268
"vdc_v",67028.3,49.268
"vdc_v",67028.3,49.268
"vdc_v",67028.3,49.268
"vdc_v",67028.3,49.268
"vdc_v",67028.4,49.268
"vdc_v",67028.4,49.268
"vdc_v",67028.4,49.268
"vdc_v",67028.4,49.268
"vdc_v",67028.4,49.268
"vdc_v",67028.4,49.268
"vdc_v",67028.4,49.268
"vdc_v",67028.4,49.268
"vdc_v",67028.4,49.268
"vdc_v",67028.4,49.268
"vdc_v",67028.5,49.268
"vdc_v",67028.5,49.268
"vdc_v",67028.5,49.268
"vdc_v",67028.5,49.268
"vdc_v",67028.5,49.268
"vdc_v",67028.5,49.268
"vdc_v",67028.5,49.268
"vdc_v",67028.5,49.268
"vdc_v",67028.5,49.268
"vdc_v",67028.5,49.268
"vdc_v",67028.6,49.268
"vdc_v",67028.6,49.268
"vdc_v",67028.6,49.268
"vdc_v",67028.6,49.268
"vdc_v",67028.6,49.268
"vdc_v",67028.6,49.268
"vdc_v",67028.6,49.268
"vdc_v",67028.6,49.268
"vdc_v",67028.6,49.268
"vdc_v",67028.6,49.268
"vdc_v",67028.7,49.268
"vdc_v",67028.7,49.268
"vdc_v",67028.7,49.268
"vdc_v",67028.7,49.268
"vdc_v",67028.7,49.268
"vdc_v",67028.7,49.268
"vdc_v",67028.7,49.268
"vdc_v",67028.7,49.268
"vdc_v",67028.7,49.268
"vdc_v",67028.8,49.268
"vdc_v",67028.8,49.268
"vdc_v",67028.8,49.268
"vdc_v",67028.8,49.268
"vdc_v",67028.8,49.268
"vdc_v",67028.8,49.268
"vdc_v",67028.8,49.268
"vdc_v",67028.8,49.268
"vdc_v",67028.8,49.268
"vdc_v",67028.8,49.268
"vdc_v",67028.9,49.268
"vdc_v",67028.9,49.268
"vdc_v",67028.9,49.268
"vdc_v",67028.9,49.268
"vdc_v",67028.9,49.268
"vdc_v",67028.9,49.268
"vdc_v",67028.9,49.268
"vdc_v",67028.9,49.268
"vdc_v",67028.9,49.268
"vdc_v",67028.9,49.268
"vdc_v",67029,49.268
"vdc_v",67029,49.268
"vdc_v",67029,49.268
"vdc_v",67029,49.268
"vdc_v",67029,49.268
"vdc_v",67029,49.268
"vdc_v",67029,49.268
"vdc_v",67029,49.268
"vdc_v",67029,49.268
"vdc_v",67029,49.268
"vdc_v",67029,49.268
"vdc_v",67029.1,49.268
"vdc_v",67029.1,49.268
"vdc_v",67029.1,49.268
"vdc_v",67029.1,49.268
"vdc_v",67029.1,49.268
"vdc_v",67029.1,49.268
"vdc_v",67029.1,49.268
"vdc_v",67029.1,49.268
"vdc_v",67029.1,49.268
"vdc_v",67029.1,49.268
"vdc_v",67029.2,49.268
"vdc_v",67029.2,49.268
"vdc_v",67029.2,49.268
"vdc_v",67029.2,49.268
"vdc_v",67029.2,49.268
"vdc_v",67029.2,49.268
"vdc_v",67029.2,49.268
"vdc_v",67029.2,49.268
"vdc_v",67029.2,49.268
"vdc_v",67029.2,49.268
"vdc_v",67029.3,49.268
"vdc_v",67029.3,49.268
"vdc_v",67029.3,49.268
"vdc_v",67029.3,49.268
"vdc_v",67029.3,49.268
"vdc_v",67029.3,49.268
"vdc_v",67029.3,49.268
"vdc_v",67029.3,49.268
"vdc_v",67029.3,49.268
"vdc_v",67029.4,49.268
"vdc_v",67029.4,49.268
"vdc_v",67029.4,49.268
"vdc_v",67029.4,49.268
"vdc_v",67029.4,49.268
"vdc_v",67029.4,49.268
"vdc_v",67029.4,49.268
"vdc_v",67029.4,49.268
"vdc_v",67029.4,49.268
"vdc_v",67029.4,49.268
"vdc_v",67029.4,49.268
"vdc_v",67029.5,49.268
"vdc_v",67029.5,49.268
"vdc_v",67029.5,49.268
"vdc_v",67029.5,49.268
"vdc_v",67029.5,49.268
"vdc_v",67029.5,49.268
"vdc_v",67029.5,49.268
"vdc_v",67029.5,49.268
"vdc_v",67029.5,49.268
"vdc_v",67029.5,49.268
"vdc_v",67029.6,49.268
"vdc_v",67029.6,49.268
"vdc_v",67029.6,49.268
"vdc_v",67029.6,49.268
"vdc_v",67029.6,49.268
"vdc_v",67029.6,49.268
"vdc_v",67029.6,49.268
"vdc_v",67029.6,49.268
"vdc_v",67029.6,49.268
"vdc_v",67029.6,49.268
"vdc_v",67029.7,49.268
"vdc_v",67029.7,49.268
"vdc_v",67029.7,49.268
"vdc_v",67029.7,49.268
"vdc_v",67029.7,49.268
"vdc_v",67029.7,49.268
"vdc_v",67029.7,49.268
"vdc_v",67029.7,49.268
"vdc_v",67029.7,49.268
"pwm_moe",66999.8,0
"pwm_moe",66999.8,0
"pwm_moe",66999.9,0
"pwm_moe",66999.9,0
"pwm_moe",66999.9,0
"pwm_moe",66999.9,0
"pwm_moe",66999.9,0
"pwm_moe",66999.9,0
"pwm_moe",66999.9,0
"pwm_moe",66999.9,0
"pwm_moe",66999.9,0
"pwm_moe",66999.9,0
"pwm_moe",67000,0
"pwm_moe",67000,0
"pwm_moe",67000,0
"pwm_moe",67000,0
"pwm_moe",67000,0
"pwm_moe",67000,0
"pwm_moe",67000,0
"pwm_moe",67000,0
"pwm_moe",67000,0
"pwm_moe",67000,0
"pwm_moe",67000.1,0
"pwm_moe",67000.1,0
"pwm_moe",67000.1,0
"pwm_moe",67000.1,0
"pwm_moe",67000.1,0
"pwm_moe",67000.1,0
"pwm_moe",67000.1,0
"pwm_moe",67000.1,0
"pwm_moe",67000.1,0
"pwm_moe",67000.1,0
"pwm_moe",67000.2,0
"pwm_moe",67000.2,0
"pwm_moe",67000.2,0
"pwm_moe",67000.2,0
"pwm_moe",67000.2,0
"pwm_moe",67000.2,0
"pwm_moe",67000.2,0
"pwm_moe",67000.2,0
"pwm_moe",67000.2,0
"pwm_moe",67000.2,0
"pwm_moe",67000.3,0
"pwm_moe",67000.3,0
"pwm_moe",67000.3,0
"pwm_moe",67000.3,0
"pwm_moe",67000.3,0
"pwm_moe",67000.3,0
"pwm_moe",67000.3,0
"pwm_moe",67000.3,0
"pwm_moe",67000.3,0
"pwm_moe",67000.4,0
"pwm_moe",67000.4,0
"pwm_moe",67000.4,0
"pwm_moe",67000.4,0
"pwm_moe",67000.4,0
"pwm_moe",67000.4,0
"pwm_moe",67000.4,0
"pwm_moe",67000.4,0
"pwm_moe",67000.4,0
"pwm_moe",67000.4,0
"pwm_moe",67000.4,0
"pwm_moe",67000.5,0
"pwm_moe",67000.5,0
"pwm_moe",67000.5,0
"pwm_moe",67000.5,0
"pwm_moe",67000.5,0
"pwm_moe",67000.5,0
"pwm_moe",67000.5,0
"pwm_moe",67000.5,0
"pwm_moe",67000.5,0
"pwm_moe",67000.5,0
"pwm_moe",67000.6,0
"pwm_moe",67000.6,0
"pwm_moe",67000.6,0
"pwm_moe",67000.6,0
"pwm_moe",67000.6,0
"pwm_moe",67000.6,0
"pwm_moe",67000.6,0
"pwm_moe",67000.6,0
"pwm_moe",67000.6,0
"pwm_moe",67000.6,0
"pwm_moe",67000.7,0
"pwm_moe",67000.7,0
"pwm_moe",67000.7,0
"pwm_moe",67000.7,0
"pwm_moe",67000.7,0
"pwm_moe",67000.7,0
"pwm_moe",67000.7,0
"pwm_moe",67000.7,0
"pwm_moe",67000.7,0
"pwm_moe",67000.8,0
"pwm_moe",67000.8,0
"pwm_moe",67000.8,0
"pwm_moe",67000.8,0
"pwm_moe",67000.8,0
"pwm_moe",67000.8,0
"pwm_moe",67000.8,0
"pwm_moe",67000.8,0
"pwm_moe",67000.8,0
"pwm_moe",67000.8,0
"pwm_moe",67000.9,0
"pwm_moe",67000.9,0
"pwm_moe",67000.9,0
"pwm_moe",67000.9,0
"pwm_moe",67000.9,0
"pwm_moe",67000.9,0
"pwm_moe",67000.9,0
"pwm_moe",67000.9,0
"pwm_moe",67000.9,0
"pwm_moe",67000.9,0
"pwm_moe",67000.9,0
"pwm_moe",67001,0
"pwm_moe",67001,0
"pwm_moe",67001,0
"pwm_moe",67001,0
"pwm_moe",67001,0
"pwm_moe",67001,0
"pwm_moe",67001,0
"pwm_moe",67001,0
"pwm_moe",67001,0
"pwm_moe",67001,0
"pwm_moe",67001.1,0
"pwm_moe",67001.1,0
"pwm_moe",67001.1,0
"pwm_moe",67001.1,0
"pwm_moe",67001.1,0
"pwm_moe",67001.1,0
"pwm_moe",67001.1,0
"pwm_moe",67001.1,0
"pwm_moe",67001.1,0
"pwm_moe",67001.1,0
"pwm_moe",67001.2,0
"pwm_moe",67001.2,0
"pwm_moe",67001.2,0
"pwm_moe",67001.2,0
"pwm_moe",67001.2,0
"pwm_moe",67001.2,0
"pwm_moe",67001.2,0
"pwm_moe",67001.2,0
"pwm_moe",67001.2,0
"pwm_moe",67001.2,0
"pwm_moe",67001.3,0
"pwm_moe",67001.3,0
"pwm_moe",67001.3,0
"pwm_moe",67001.3,0
"pwm_moe",67001.3,0
"pwm_moe",67001.3,0
"pwm_moe",67001.3,0
"pwm_moe",67001.3,0
"pwm_moe",67001.3,0
"pwm_moe",67001.4,0
"pwm_moe",67001.4,0
"pwm_moe",67001.4,0
"pwm_moe",67001.4,0
"pwm_moe",67001.4,0
"pwm_moe",67001.4,0
"pwm_moe",67001.4,0
"pwm_moe",67001.4,0
"pwm_moe",67001.4,0
"pwm_moe",67001.4,0
"pwm_moe",67001.5,0
"pwm_moe",67001.5,0
"pwm_moe",67001.5,0
"pwm_moe",67001.5,0
"pwm_moe",67001.5,0
"pwm_moe",67001.5,0
"pwm_moe",67001.5,0
"pwm_moe",67001.5,0
"pwm_moe",67001.5,0
"pwm_moe",67001.5,0
"pwm_moe",67001.5,0
"pwm_moe",67001.6,0
"pwm_moe",67001.6,0
"pwm_moe",67001.6,0
"pwm_moe",67001.6,0
"pwm_moe",67001.6,0
"pwm_moe",67001.6,0
"pwm_moe",67001.6,0
"pwm_moe",67001.6,0
"pwm_moe",67001.6,0
"pwm_moe",67001.7,0
"pwm_moe",67001.7,0
"pwm_moe",67001.7,0
"pwm_moe",67001.7,0
"pwm_moe",67001.7,0
"pwm_moe",67001.7,0
"pwm_moe",67001.7,0
"pwm_moe",67001.7,0
"pwm_moe",67001.7,0
"pwm_moe",67001.7,0
"pwm_moe",67001.8,0
"pwm_moe",67001.8,0
"pwm_moe",67001.8,0
"pwm_moe",67001.8,0
"pwm_moe",67001.8,0
"pwm_moe",67001.8,0
"pwm_moe",67001.8,0
"pwm_moe",67001.8,0
"pwm_moe",67001.8,0
"pwm_moe",67001.8,0
"pwm_moe",67001.9,0
"pwm_moe",67001.9,0
"pwm_moe",67001.9,0
"pwm_moe",67001.9,0
"pwm_moe",67001.9,0
"pwm_moe",67001.9,0
"pwm_moe",67001.9,0
"pwm_moe",67001.9,0
"pwm_moe",67001.9,0
"pwm_moe",67001.9,0
"pwm_moe",67002,0
"pwm_moe",67002,0
"pwm_moe",67002,0
"pwm_moe",67002,0
"pwm_moe",67002,0
"pwm_moe",67002,0
"pwm_moe",67002,0
"pwm_moe",67002,0
"pwm_moe",67002,0
"pwm_moe",67002,0
"pwm_moe",67002.1,0
"pwm_moe",67002.1,0
"pwm_moe",67002.1,0
"pwm_moe",67002.1,0
"pwm_moe",67002.1,0
"pwm_moe",67002.1,0
"pwm_moe",67002.1,0
"pwm_moe",67002.1,0
"pwm_moe",67002.1,0
"pwm_moe",67002.1,0
"pwm_moe",67002.2,0
"pwm_moe",67002.2,0
"pwm_moe",67002.2,0
"pwm_moe",67002.2,0
"pwm_moe",67002.2,0
"pwm_moe",67002.2,0
"pwm_moe",67002.2,0
"pwm_moe",67002.2,0
"pwm_moe",67002.2,0
"pwm_moe",67002.2,0
"pwm_moe",67002.2,0
"pwm_moe",67002.3,0
"pwm_moe",67002.3,0
"pwm_moe",67002.3,0
"pwm_moe",67002.3,0
"pwm_moe",67002.3,0
"pwm_moe",67002.3,0
"pwm_moe",67002.3,0
"pwm_moe",67002.3,0
"pwm_moe",67002.3,0
"pwm_moe",67002.4,0
"pwm_moe",67002.4,0
"pwm_moe",67002.4,0
"pwm_moe",67002.4,0
"pwm_moe",67002.4,0
"pwm_moe",67002.4,0
"pwm_moe",67002.4,0
"pwm_moe",67002.4,0
"pwm_moe",67002.4,0
"pwm_moe",67002.4,0
"pwm_moe",67002.5,0
"pwm_moe",67002.5,0
"pwm_moe",67002.5,0
"pwm_moe",67002.5,0
"pwm_moe",67002.5,0
"pwm_moe",67002.5,0
"pwm_moe",67002.5,0
"pwm_moe",67002.5,0
"pwm_moe",67002.5,0
"pwm_moe",67002.5,0
"pwm_moe",67002.6,0
"pwm_moe",67002.6,0
"pwm_moe",67002.6,0
"pwm_moe",67002.6,0
"pwm_moe",67002.6,0
"pwm_moe",67002.6,0
"pwm_moe",67002.6,0
"pwm_moe",67002.6,0
"pwm_moe",67002.6,0
"pwm_moe",67002.6,0
"pwm_moe",67002.7,0
"pwm_moe",67002.7,0
"pwm_moe",67002.7,0
"pwm_moe",67002.7,0
"pwm_moe",67002.7,0
"pwm_moe",67002.7,0
"pwm_moe",67002.7,0
"pwm_moe",67002.7,0
"pwm_moe",67002.7,0
"pwm_moe",67002.7,0
"pwm_moe",67002.8,0
"pwm_moe",67002.8,0
"pwm_moe",67002.8,0
"pwm_moe",67002.8,0
"pwm_moe",67002.8,0
"pwm_moe",67002.8,0
"pwm_moe",67002.8,0
"pwm_moe",67002.8,0
"pwm_moe",67002.8,0
"pwm_moe",67002.8,0
"pwm_moe",67002.9,0
"pwm_moe",67002.9,0
"pwm_moe",67002.9,0
"pwm_moe",67002.9,0
"pwm_moe",67002.9,0
"pwm_moe",67002.9,0
"pwm_moe",67002.9,0
"pwm_moe",67002.9,0
"pwm_moe",67002.9,0
"pwm_moe",67002.9,0
"pwm_moe",67003,0
"pwm_moe",67003,0
"pwm_moe",67003,0
"pwm_moe",67003,0
"pwm_moe",67003,0
"pwm_moe",67003,0
"pwm_moe",67003,0
"pwm_moe",67003,0
"pwm_moe",67003,0
"pwm_moe",67003,0
"pwm_moe",67003.1,0
"pwm_moe",67003.1,0
"pwm_moe",67003.1,0
"pwm_moe",67003.1,0
"pwm_moe",67003.1,0
"pwm_moe",67003.1,0
"pwm_moe",67003.1,0
"pwm_moe",67003.1,0
"pwm_moe",67003.1,0
"pwm_moe",67003.1,0
"pwm_moe",67003.2,0
"pwm_moe",67003.2,0
"pwm_moe",67003.2,0
"pwm_moe",67003.2,0
"pwm_moe",67003.2,0
"pwm_moe",67003.2,0
"pwm_moe",67003.2,0
"pwm_moe",67003.2,0
"pwm_moe",67003.2,0
"pwm_moe",67003.2,0
"pwm_moe",67003.3,0
"pwm_moe",67003.3,0
"pwm_moe",67003.3,0
"pwm_moe",67003.3,0
"pwm_moe",67003.3,0
"pwm_moe",67003.3,0
"pwm_moe",67003.3,0
"pwm_moe",67003.3,0
"pwm_moe",67003.3,0
"pwm_moe",67003.3,0
"pwm_moe",67003.4,0
"pwm_moe",67003.4,0
"pwm_moe",67003.4,0
"pwm_moe",67003.4,0
"pwm_moe",67003.4,0
"pwm_moe",67003.4,0
"pwm_moe",67003.4,0
"pwm_moe",67003.4,0
"pwm_moe",67003.4,0
"pwm_moe",67003.4,0
"pwm_moe",67003.5,0
"pwm_moe",67003.5,0
"pwm_moe",67003.5,0
"pwm_moe",67003.5,0
"pwm_moe",67003.5,0
"pwm_moe",67003.5,0
"pwm_moe",67003.5,0
"pwm_moe",67003.5,0
"pwm_moe",67003.5,0
"pwm_moe",67003.5,0
"pwm_moe",67003.6,0
"pwm_moe",67003.6,0
"pwm_moe",67003.6,0
"pwm_moe",67003.6,0
"pwm_moe",67003.6,0
"pwm_moe",67003.6,0
"pwm_moe",67003.6,0
"pwm_moe",67003.6,0
"pwm_moe",67003.6,0
"pwm_moe",67003.6,0
"pwm_moe",67003.6,0
"pwm_moe",67003.7,0
"pwm_moe",67003.7,0
"pwm_moe",67003.7,0
"pwm_moe",67003.7,0
"pwm_moe",67003.7,0
"pwm_moe",67003.7,0
"pwm_moe",67003.7,0
"pwm_moe",67003.7,0
"pwm_moe",67003.7,0
"pwm_moe",67003.7,0
"pwm_moe",67003.8,0
"pwm_moe",67003.8,0
"pwm_moe",67003.8,0
"pwm_moe",67003.8,0
"pwm_moe",67003.8,0
"pwm_moe",67003.8,0
"pwm_moe",67003.8,0
"pwm_moe",67003.8,0
"pwm_moe",67003.8,0
"pwm_moe",67003.8,0
"pwm_moe",67003.9,0
"pwm_moe",67003.9,0
"pwm_moe",67003.9,0
"pwm_moe",67003.9,0
"pwm_moe",67003.9,0
"pwm_moe",67003.9,0
"pwm_moe",67003.9,0
"pwm_moe",67003.9,0
"pwm_moe",67003.9,0
"pwm_moe",67003.9,0
"pwm_moe",67004,0
"pwm_moe",67004,0
"pwm_moe",67004,0
"pwm_moe",67004,0
"pwm_moe",67004,0
"pwm_moe",67004,0
"pwm_moe",67004,0
"pwm_moe",67004,0
"pwm_moe",67004,0
"pwm_moe",67004,0
"pwm_moe",67004.1,0
"pwm_moe",67004.1,0
"pwm_moe",67004.1,0
"pwm_moe",67004.1,0
"pwm_moe",67004.1,0
"pwm_moe",67004.1,0
"pwm_moe",67004.1,0
"pwm_moe",67004.1,0
"pwm_moe",67004.1,0
"pwm_moe",67004.1,0
"pwm_moe",67004.2,0
"pwm_moe",67004.2,0
"pwm_moe",67004.2,0
"pwm_moe",67004.2,0
"pwm_moe",67004.2,0
"pwm_moe",67004.2,0
"pwm_moe",67004.2,0
"pwm_moe",67004.2,0
"pwm_moe",67004.2,0
"pwm_moe",67004.2,0
"pwm_moe",67004.3,0
"pwm_moe",67004.3,0
"pwm_moe",67004.3,0
"pwm_moe",67004.3,0
"pwm_moe",67004.3,0
"pwm_moe",67004.3,0
"pwm_moe",67004.3,0
"pwm_moe",67004.3,0
"pwm_moe",67004.3,0
"pwm_moe",67004.3,0
"pwm_moe",67004.4,0
"pwm_moe",67004.4,0
"pwm_moe",67004.4,0
"pwm_moe",67004.4,0
"pwm_moe",67004.4,0
"pwm_moe",67004.4,0
"pwm_moe",67004.4,0
"pwm_moe",67004.4,0
"pwm_moe",67004.4,0
"pwm_moe",67004.4,0
"pwm_moe",67004.5,0
"pwm_moe",67004.5,0
"pwm_moe",67004.5,0
"pwm_moe",67004.5,0
"pwm_moe",67004.5,0
"pwm_moe",67004.5,0
"pwm_moe",67004.5,0
"pwm_moe",67004.5,0
"pwm_moe",67004.5,0
"pwm_moe",67004.5,0
"pwm_moe",67004.6,0
"pwm_moe",67004.6,0
"pwm_moe",67004.6,0
"pwm_moe",67004.6,0
"pwm_moe",67004.6,0
"pwm_moe",67004.6,0
"pwm_moe",67004.6,0
"pwm_moe",67004.6,0
"pwm_moe",67004.6,0
"pwm_moe",67004.6,0
"pwm_moe",67004.7,0
"pwm_moe",67004.7,0
"pwm_moe",67004.7,0
"pwm_moe",67004.7,0
"pwm_moe",67004.7,0
"pwm_moe",67004.7,0
"pwm_moe",67004.8,0
"pwm_moe",67004.8,0
"pwm_moe",67004.8,0
"pwm_moe",67004.8,0
"pwm_moe",67004.8,0
"pwm_moe",67004.8,0
"pwm_moe",67004.9,0
"pwm_moe",67004.9,0
"pwm_moe",67004.9,0
"pwm_moe",67004.9,0
"pwm_moe",67004.9,0
"pwm_moe",67004.9,0
"pwm_moe",67004.9,0
"pwm_moe",67004.9,0
"pwm_moe",67005,0
"pwm_moe",67005,0
"pwm_moe",67005,0
"pwm_moe",67005,0
"pwm_moe",67005,0
"pwm_moe",67005.1,0
"pwm_moe",67005.1,0
"pwm_moe",67005.1,0
"pwm_moe",67005.1,0
"pwm_moe",67005.1,0
"pwm_moe",67005.1,0
"pwm_moe",67005.1,0
"pwm_moe",67005.1,0
"pwm_moe",67005.1,0
"pwm_moe",67005.1,0
"pwm_moe",67005.2,0
"pwm_moe",67005.2,0
"pwm_moe",67005.2,0
"pwm_moe",67005.2,0
"pwm_moe",67005.2,0
"pwm_moe",67005.2,0
"pwm_moe",67005.2,0
"pwm_moe",67005.2,0
"pwm_moe",67005.2,0
"pwm_moe",67005.2,0
"pwm_moe",67005.2,0
"pwm_moe",67005.3,0
"pwm_moe",67005.3,0
"pwm_moe",67005.3,0
"pwm_moe",67005.3,0
"pwm_moe",67005.3,0
"pwm_moe",67005.3,0
"pwm_moe",67005.3,0
"pwm_moe",67005.3,0
"pwm_moe",67005.3,0
"pwm_moe",67005.3,0
"pwm_moe",67005.3,0
"pwm_moe",67005.4,0
"pwm_moe",67005.4,0
"pwm_moe",67005.4,0
"pwm_moe",67005.4,0
"pwm_moe",67005.4,0
"pwm_moe",67005.4,0
"pwm_moe",67005.4,0
"pwm_moe",67005.4,0
"pwm_moe",67005.4,0
"pwm_moe",67005.4,0
"pwm_moe",67005.4,0
"pwm_moe",67005.5,0
"pwm_moe",67005.5,0
"pwm_moe",67005.5,0
"pwm_moe",67005.5,0
"pwm_moe",67005.5,0
"pwm_moe",67005.5,0
"pwm_moe",67005.5,0
"pwm_moe",67005.5,0
"pwm_moe",67005.5,0
"pwm_moe",67005.5,0
"pwm_moe",67005.5,0
"pwm_moe",67005.5,0
"pwm_moe",67005.6,0
"pwm_moe",67005.6,0
"pwm_moe",67005.6,0
"pwm_moe",67005.6,0
"pwm_moe",67005.6,0
"pwm_moe",67005.6,0
"pwm_moe",67005.6,0
"pwm_moe",67005.6,0
"pwm_moe",67005.6,0
"pwm_moe",67005.6,0
"pwm_moe",67005.6,0
"pwm_moe",67005.7,0
"pwm_moe",67005.7,0
"pwm_moe",67005.7,0
"pwm_moe",67005.7,0
"pwm_moe",67005.7,0
"pwm_moe",67005.7,0
"pwm_moe",67005.7,0
"pwm_moe",67005.7,0
"pwm_moe",67005.7,0
"pwm_moe",67005.7,0
"pwm_moe",67005.7,0
"pwm_moe",67005.8,0
"pwm_moe",67005.8,0
"pwm_moe",67005.8,0
"pwm_moe",67005.8,0
"pwm_moe",67005.8,0
"pwm_moe",67005.8,0
"pwm_moe",67005.8,0
"pwm_moe",67005.8,0
"pwm_moe",67005.8,0
"pwm_moe",67005.8,0
"pwm_moe",67005.8,0
"pwm_moe",67005.9,0
"pwm_moe",67005.9,0
"pwm_moe",67005.9,0
"pwm_moe",67005.9,0
"pwm_moe",67005.9,0
"pwm_moe",67005.9,0
"pwm_moe",67005.9,0
"pwm_moe",67005.9,0
"pwm_moe",67005.9,0
"pwm_moe",67005.9,0
"pwm_moe",67005.9,0
"pwm_moe",67006,0
"pwm_moe",67006,0
"pwm_moe",67006,0
"pwm_moe",67006,0
"pwm_moe",67006,0
"pwm_moe",67006,0
"pwm_moe",67006,0
"pwm_moe",67006,0
"pwm_moe",67006,0
"pwm_moe",67006,0
"pwm_moe",67006.1,0
"pwm_moe",67006.1,0
"pwm_moe",67006.1,0
"pwm_moe",67006.1,0
"pwm_moe",67006.1,0
"pwm_moe",67006.1,0
"pwm_moe",67006.1,0
"pwm_moe",67006.1,0
"pwm_moe",67006.1,0
"pwm_moe",67006.1,0
"pwm_moe",67006.2,0
"pwm_moe",67006.2,0
"pwm_moe",67006.2,0
"pwm_moe",67006.2,0
"pwm_moe",67006.2,0
"pwm_moe",67006.2,0
"pwm_moe",67006.2,0
"pwm_moe",67006.2,0
"pwm_moe",67006.2,0
"pwm_moe",67006.2,0
"pwm_moe",67006.3,0
"pwm_moe",67006.3,0
"pwm_moe",67006.3,0
"pwm_moe",67006.3,0
"pwm_moe",67006.3,0
"pwm_moe",67006.3,0
"pwm_moe",67006.3,0
"pwm_moe",67006.3,0
"pwm_moe",67006.3,0
"pwm_moe",67006.3,0
"pwm_moe",67006.4,0
"pwm_moe",67006.4,0
"pwm_moe",67006.4,0
"pwm_moe",67006.4,0
"pwm_moe",67006.4,0
"pwm_moe",67006.4,0
"pwm_moe",67006.4,0
"pwm_moe",67006.4,0
"pwm_moe",67006.4,0
"pwm_moe",67006.4,0
"pwm_moe",67006.5,0
"pwm_moe",67006.5,0
"pwm_moe",67006.5,0
"pwm_moe",67006.5,0
"pwm_moe",67006.5,0
"pwm_moe",67006.5,0
"pwm_moe",67006.5,0
"pwm_moe",67006.5,0
"pwm_moe",67006.5,0
"pwm_moe",67006.5,0
"pwm_moe",67006.6,0
"pwm_moe",67006.6,0
"pwm_moe",67006.6,0
"pwm_moe",67006.6,0
"pwm_moe",67006.6,0
"pwm_moe",67006.6,0
"pwm_moe",67006.6,0
"pwm_moe",67006.6,0
"pwm_moe",67006.6,0
"pwm_moe",67006.6,0
"pwm_moe",67006.7,0
"pwm_moe",67006.7,0
"pwm_moe",67006.7,0
"pwm_moe",67006.7,0
"pwm_moe",67006.7,0
"pwm_moe",67006.7,0
"pwm_moe",67006.7,0
"pwm_moe",67006.7,0
"pwm_moe",67006.7,0
"pwm_moe",67006.8,0
"pwm_moe",67006.8,0
"pwm_moe",67006.8,0
"pwm_moe",67006.8,0
"pwm_moe",67006.8,0
"pwm_moe",67006.8,0
"pwm_moe",67006.8,0
"pwm_moe",67006.8,0
"pwm_moe",67006.8,0
"pwm_moe",67006.8,0
"pwm_moe",67006.9,0
"pwm_moe",67006.9,0
"pwm_moe",67006.9,0
"pwm_moe",67006.9,0
"pwm_moe",67006.9,0
"pwm_moe",67006.9,0
"pwm_moe",67006.9,0
"pwm_moe",67006.9,0
"pwm_moe",67006.9,0
"pwm_moe",67006.9,0
"pwm_moe",67006.9,0
"pwm_moe",67007,0
"pwm_moe",67007,0
"pwm_moe",67007,0
"pwm_moe",67007,0
"pwm_moe",67007,0
"pwm_moe",67007,0
"pwm_moe",67007,0
"pwm_moe",67007,0
"pwm_moe",67007,0
"pwm_moe",67007,0
"pwm_moe",67007.1,0
"pwm_moe",67007.1,0
"pwm_moe",67007.1,0
"pwm_moe",67007.1,0
"pwm_moe",67007.1,0
"pwm_moe",67007.1,0
"pwm_moe",67007.1,0
"pwm_moe",67007.1,0
"pwm_moe",67007.1,0
"pwm_moe",67007.1,0
"pwm_moe",67007.2,0
"pwm_moe",67007.2,0
"pwm_moe",67007.2,0
"pwm_moe",67007.2,0
"pwm_moe",67007.2,0
"pwm_moe",67007.2,0
"pwm_moe",67007.2,0
"pwm_moe",67007.2,0
"pwm_moe",67007.2,0
"pwm_moe",67007.2,0
"pwm_moe",67007.3,0
"pwm_moe",67007.3,0
"pwm_moe",67007.3,0
"pwm_moe",67007.3,0
"pwm_moe",67007.3,0
"pwm_moe",67007.3,0
"pwm_moe",67007.3,0
"pwm_moe",67007.3,0
"pwm_moe",67007.3,0
"pwm_moe",67007.4,0
"pwm_moe",67007.4,0
"pwm_moe",67007.4,0
"pwm_moe",67007.4,0
"pwm_moe",67007.4,0
"pwm_moe",67007.4,0
"pwm_moe",67007.4,0
"pwm_moe",67007.4,0
"pwm_moe",67007.4,0
"pwm_moe",67007.4,0
"pwm_moe",67007.5,0
"pwm_moe",67007.5,0
"pwm_moe",67007.5,0
"pwm_moe",67007.5,0
"pwm_moe",67007.5,0
"pwm_moe",67007.5,0
"pwm_moe",67007.5,0
"pwm_moe",67007.5,0
"pwm_moe",67007.5,0
"pwm_moe",67007.5,0
"pwm_moe",67007.5,0
"pwm_moe",67007.6,0
"pwm_moe",67007.6,0
"pwm_moe",67007.6,0
"pwm_moe",67007.6,0
"pwm_moe",67007.6,0
"pwm_moe",67007.6,0
"pwm_moe",67007.6,0
"pwm_moe",67007.6,0
"pwm_moe",67007.6,0
"pwm_moe",67007.6,0
"pwm_moe",67007.7,0
"pwm_moe",67007.7,0
"pwm_moe",67007.7,0
"pwm_moe",67007.7,0
"pwm_moe",67007.7,0
"pwm_moe",67007.7,0
"pwm_moe",67007.7,0
"pwm_moe",67007.7,0
"pwm_moe",67007.7,0
"pwm_moe",67007.8,0
"pwm_moe",67007.8,0
"pwm_moe",67007.8,0
"pwm_moe",67007.8,0
"pwm_moe",67007.8,0
"pwm_moe",67007.8,0
"pwm_moe",67007.8,0
"pwm_moe",67007.8,0
"pwm_moe",67007.8,0
"pwm_moe",67007.8,0
"pwm_moe",67007.9,0
"pwm_moe",67007.9,0
"pwm_moe",67007.9,0
"pwm_moe",67007.9,0
"pwm_moe",67007.9,0
"pwm_moe",67007.9,0
"pwm_moe",67007.9,0
"pwm_moe",67007.9,0
"pwm_moe",67007.9,0
"pwm_moe",67007.9,0
"pwm_moe",67007.9,0
"pwm_moe",67008,0
"pwm_moe",67008,0
"pwm_moe",67008,0
"pwm_moe",67008,0
"pwm_moe",67008,0
"pwm_moe",67008,0
"pwm_moe",67008,0
"pwm_moe",67008,0
"pwm_moe",67008,0
"pwm_moe",67008,0
"pwm_moe",67008.1,0
"pwm_moe",67008.1,0
"pwm_moe",67008.1,0
"pwm_moe",67008.1,0
"pwm_moe",67008.1,0
"pwm_moe",67008.1,0
"pwm_moe",67008.1,0
"pwm_moe",67008.1,0
"pwm_moe",67008.1,0
"pwm_moe",67008.1,0
"pwm_moe",67008.2,0
"pwm_moe",67008.2,0
"pwm_moe",67008.2,0
"pwm_moe",67008.2,0
"pwm_moe",67008.2,0
"pwm_moe",67008.2,0
"pwm_moe",67008.2,0
"pwm_moe",67008.2,0
"pwm_moe",67008.2,0
"pwm_moe",67008.2,0
"pwm_moe",67008.3,0
"pwm_moe",67008.3,0
"pwm_moe",67008.3,0
"pwm_moe",67008.3,0
"pwm_moe",67008.3,0
"pwm_moe",67008.3,0
"pwm_moe",67008.3,0
"pwm_moe",67008.3,0
"pwm_moe",67008.3,0
"pwm_moe",67008.3,0
"pwm_moe",67008.4,0
"pwm_moe",67008.4,0
"pwm_moe",67008.4,0
"pwm_moe",67008.4,0
"pwm_moe",67008.4,0
"pwm_moe",67008.4,0
"pwm_moe",67008.4,0
"pwm_moe",67008.4,0
"pwm_moe",67008.4,0
"pwm_moe",67008.4,0
"pwm_moe",67008.5,0
"pwm_moe",67008.5,0
"pwm_moe",67008.5,0
"pwm_moe",67008.5,0
"pwm_moe",67008.5,0
"pwm_moe",67008.5,0
"pwm_moe",67008.5,0
"pwm_moe",67008.5,0
"pwm_moe",67008.5,0
"pwm_moe",67008.5,0
"pwm_moe",67008.6,0
"pwm_moe",67008.6,0
"pwm_moe",67008.6,0
"pwm_moe",67008.6,0
"pwm_moe",67008.6,0
"pwm_moe",67008.6,0
"pwm_moe",67008.6,0
"pwm_moe",67008.6,0
"pwm_moe",67008.6,0
"pwm_moe",67008.6,0
"pwm_moe",67008.7,0
"pwm_moe",67008.7,0
"pwm_moe",67008.7,0
"pwm_moe",67008.7,0
"pwm_moe",67008.7,0
"pwm_moe",67008.7,0
"pwm_moe",67008.7,0
"pwm_moe",67008.7,0
"pwm_moe",67008.7,0
"pwm_moe",67008.8,0
"pwm_moe",67008.8,0
"pwm_moe",67008.8,0
"pwm_moe",67008.8,0
"pwm_moe",67008.8,0
"pwm_moe",67008.8,0
"pwm_moe",67008.8,0
"pwm_moe",67008.8,0
"pwm_moe",67008.8,0
"pwm_moe",67008.8,0
"pwm_moe",67008.9,0
"pwm_moe",67008.9,0
"pwm_moe",67008.9,0
"pwm_moe",67008.9,0
"pwm_moe",67008.9,0
"pwm_moe",67008.9,0
"pwm_moe",67008.9,0
"pwm_moe",67008.9,0
"pwm_moe",67008.9,0
"pwm_moe",67008.9,0
"pwm_moe",67009,0
"pwm_moe",67009,0
"pwm_moe",67009,0
"pwm_moe",67009,0
"pwm_moe",67009,0
"pwm_moe",67009,0
"pwm_moe",67009,0
"pwm_moe",67009,0
"pwm_moe",67009,0
"pwm_moe",67009,0
"pwm_moe",67009.1,0
"pwm_moe",67009.1,0
"pwm_moe",67009.1,0
"pwm_moe",67009.1,0
"pwm_moe",67009.1,0
"pwm_moe",67009.1,0
"pwm_moe",67009.1,0
"pwm_moe",67009.1,0
"pwm_moe",67009.1,0
"pwm_moe",67009.1,0
"pwm_moe",67009.2,0
"pwm_moe",67009.2,0
"pwm_moe",67009.2,0
"pwm_moe",67009.2,0
"pwm_moe",67009.2,0
"pwm_moe",67009.2,0
"pwm_moe",67009.2,0
"pwm_moe",67009.2,0
"pwm_moe",67009.2,0
"pwm_moe",67009.2,0
"pwm_moe",67009.2,0
"pwm_moe",67009.3,0
"pwm_moe",67009.3,0
"pwm_moe",67009.3,0
"pwm_moe",67009.3,0
"pwm_moe",67009.3,0
"pwm_moe",67009.3,0
"pwm_moe",67009.3,0
"pwm_moe",67009.3,0
"pwm_moe",67009.3,0
"pwm_moe",67009.4,0
"pwm_moe",67009.4,0
"pwm_moe",67009.4,0
"pwm_moe",67009.4,0
"pwm_moe",67009.4,0
"pwm_moe",67009.4,0
"pwm_moe",67009.4,0
"pwm_moe",67009.4,0
"pwm_moe",67009.4,0
"pwm_moe",67009.4,0
"pwm_moe",67009.5,0
"pwm_moe",67009.5,0
"pwm_moe",67009.5,0
"pwm_moe",67009.5,0
"pwm_moe",67009.5,0
"pwm_moe",67009.5,0
"pwm_moe",67009.5,0
"pwm_moe",67009.5,0
"pwm_moe",67009.5,0
"pwm_moe",67009.5,0
"pwm_moe",67009.6,0
"pwm_moe",67009.6,0
"pwm_moe",67009.6,0
"pwm_moe",67009.6,0
"pwm_moe",67009.6,0
"pwm_moe",67009.6,0
"pwm_moe",67009.6,0
"pwm_moe",67009.6,0
"pwm_moe",67009.6,0
"pwm_moe",67009.6,0
"pwm_moe",67009.6,0
"pwm_moe",67009.7,0
"pwm_moe",67009.7,0
"pwm_moe",67009.7,0
"pwm_moe",67009.7,0
"pwm_moe",67009.7,0
"pwm_moe",67009.7,0
"pwm_moe",67009.7,0
"pwm_moe",67009.7,0
"pwm_moe",67009.8,0
"pwm_moe",67009.8,0
"pwm_moe",67009.8,0
"pwm_moe",67009.8,0
"pwm_moe",67009.8,0
"pwm_moe",67009.8,0
"pwm_moe",67009.8,0
"pwm_moe",67009.8,0
"pwm_moe",67009.8,0
"pwm_moe",67009.8,0
"pwm_moe",67009.8,0
"pwm_moe",67009.9,0
"pwm_moe",67009.9,0
"pwm_moe",67009.9,0
"pwm_moe",67009.9,0
"pwm_moe",67009.9,0
"pwm_moe",67009.9,0
"pwm_moe",67009.9,0
"pwm_moe",67009.9,0
"pwm_moe",67009.9,0
"pwm_moe",67009.9,0
"pwm_moe",67010,0
"pwm_moe",67010,0
"pwm_moe",67010,0
"pwm_moe",67010,0
"pwm_moe",67010,0
"pwm_moe",67010,0
"pwm_moe",67010,0
"pwm_moe",67010,0
"pwm_moe",67010,0
"pwm_moe",67010,0
"pwm_moe",67010.1,0
"pwm_moe",67010.1,0
"pwm_moe",67010.1,0
"pwm_moe",67010.1,0
"pwm_moe",67010.1,0
"pwm_moe",67010.1,0
"pwm_moe",67010.1,0
"pwm_moe",67010.1,0
"pwm_moe",67010.1,0
"pwm_moe",67010.1,0
"pwm_moe",67010.2,0
"pwm_moe",67010.2,0
"pwm_moe",67010.2,0
"pwm_moe",67010.2,0
"pwm_moe",67010.2,0
"pwm_moe",67010.2,0
"pwm_moe",67010.2,0
"pwm_moe",67010.2,0
"pwm_moe",67010.2,0
"pwm_moe",67010.2,0
"pwm_moe",67010.3,0
"pwm_moe",67010.3,0
"pwm_moe",67010.3,0
"pwm_moe",67010.3,0
"pwm_moe",67010.3,0
"pwm_moe",67010.3,0
"pwm_moe",67010.3,0
"pwm_moe",67010.3,0
"pwm_moe",67010.3,0
"pwm_moe",67010.4,0
"pwm_moe",67010.4,0
"pwm_moe",67010.4,0
"pwm_moe",67010.4,0
"pwm_moe",67010.4,0
"pwm_moe",67010.4,0
"pwm_moe",67010.4,0
"pwm_moe",67010.4,0
"pwm_moe",67010.4,0
"pwm_moe",67010.4,0
"pwm_moe",67010.4,0
"pwm_moe",67010.5,0
"pwm_moe",67010.5,0
"pwm_moe",67010.5,0
"pwm_moe",67010.5,0
"pwm_moe",67010.5,0
"pwm_moe",67010.5,0
"pwm_moe",67010.5,0
"pwm_moe",67010.5,0
"pwm_moe",67010.5,0
"pwm_moe",67010.5,0
"pwm_moe",67010.6,0
"pwm_moe",67010.6,0
"pwm_moe",67010.6,0
"pwm_moe",67010.6,0
"pwm_moe",67010.6,0
"pwm_moe",67010.6,0
"pwm_moe",67010.6,0
"pwm_moe",67010.6,0
"pwm_moe",67010.6,0
"pwm_moe",67010.6,0
"pwm_moe",67010.7,0
"pwm_moe",67010.7,0
"pwm_moe",67010.7,0
"pwm_moe",67010.7,0
"pwm_moe",67010.7,0
"pwm_moe",67010.7,0
"pwm_moe",67010.7,0
"pwm_moe",67010.7,0
"pwm_moe",67010.7,0
"pwm_moe",67010.8,0
"pwm_moe",67010.8,0
"pwm_moe",67010.8,0
"pwm_moe",67010.8,0
"pwm_moe",67010.8,0
"pwm_moe",67010.8,0
"pwm_moe",67010.8,0
"pwm_moe",67010.8,0
"pwm_moe",67010.8,0
"pwm_moe",67010.8,0
"pwm_moe",67010.8,0
"pwm_moe",67010.9,0
"pwm_moe",67010.9,0
"pwm_moe",67010.9,0
"pwm_moe",67010.9,0
"pwm_moe",67010.9,0
"pwm_moe",67010.9,0
"pwm_moe",67010.9,0
"pwm_moe",67010.9,0
"pwm_moe",67010.9,0
"pwm_moe",67010.9,0
"pwm_moe",67011,0
"pwm_moe",67011,0
"pwm_moe",67011,0
"pwm_moe",67011,0
"pwm_moe",67011,0
"pwm_moe",67011,0
"pwm_moe",67011,0
"pwm_moe",67011,0
"pwm_moe",67011,0
"pwm_moe",67011,0
"pwm_moe",67011.1,0
"pwm_moe",67011.1,0
"pwm_moe",67011.1,0
"pwm_moe",67011.1,0
"pwm_moe",67011.1,0
"pwm_moe",67011.1,0
"pwm_moe",67011.1,0
"pwm_moe",67011.1,0
"pwm_moe",67011.1,0
"pwm_moe",67011.1,0
"pwm_moe",67011.2,0
"pwm_moe",67011.2,0
"pwm_moe",67011.2,0
"pwm_moe",67011.2,0
"pwm_moe",67011.2,0
"pwm_moe",67011.2,0
"pwm_moe",67011.2,0
"pwm_moe",67011.2,0
"pwm_moe",67011.2,0
"pwm_moe",67011.2,0
"pwm_moe",67011.3,0
"pwm_moe",67011.3,0
"pwm_moe",67011.3,0
"pwm_moe",67011.3,0
"pwm_moe",67011.3,0
"pwm_moe",67011.3,0
"pwm_moe",67011.3,0
"pwm_moe",67011.3,0
"pwm_moe",67011.3,0
"pwm_moe",67011.4,0
"pwm_moe",67011.4,0
"pwm_moe",67011.4,0
"pwm_moe",67011.4,0
"pwm_moe",67011.4,0
"pwm_moe",67011.4,0
"pwm_moe",67011.4,0
"pwm_moe",67011.4,0
"pwm_moe",67011.4,0
"pwm_moe",67011.4,0
"pwm_moe",67011.5,0
"pwm_moe",67011.5,0
"pwm_moe",67011.5,0
"pwm_moe",67011.5,0
"pwm_moe",67011.5,0
"pwm_moe",67011.5,0
"pwm_moe",67011.5,0
"pwm_moe",67011.5,0
"pwm_moe",67011.5,0
"pwm_moe",67011.5,0
"pwm_moe",67011.5,0
"pwm_moe",67011.6,0
"pwm_moe",67011.6,0
"pwm_moe",67011.6,0
"pwm_moe",67011.6,0
"pwm_moe",67011.6,0
"pwm_moe",67011.6,0
"pwm_moe",67011.6,0
"pwm_moe",67011.6,0
"pwm_moe",67011.6,0
"pwm_moe",67011.6,0
"pwm_moe",67011.7,0
"pwm_moe",67011.7,0
"pwm_moe",67011.7,0
"pwm_moe",67011.7,0
"pwm_moe",67011.7,0
"pwm_moe",67011.7,0
"pwm_moe",67011.7,0
"pwm_moe",67011.7,0
"pwm_moe",67011.7,0
"pwm_moe",67011.8,0
"pwm_moe",67011.8,0
"pwm_moe",67011.8,0
"pwm_moe",67011.8,0
"pwm_moe",67011.8,0
"pwm_moe",67011.8,0
"pwm_moe",67011.8,0
"pwm_moe",67011.8,0
"pwm_moe",67011.8,0
"pwm_moe",67011.8,0
"pwm_moe",67011.9,0
"pwm_moe",67011.9,0
"pwm_moe",67011.9,0
"pwm_moe",67011.9,0
"pwm_moe",67011.9,0
"pwm_moe",67011.9,0
"pwm_moe",67011.9,0
"pwm_moe",67011.9,0
"pwm_moe",67011.9,0
"pwm_moe",67011.9,0
"pwm_moe",67012,0
"pwm_moe",67012,0
"pwm_moe",67012,0
"pwm_moe",67012,0
"pwm_moe",67012,0
"pwm_moe",67012,0
"pwm_moe",67012,0
"pwm_moe",67012,0
"pwm_moe",67012,0
"pwm_moe",67012,0
"pwm_moe",67012.1,0
"pwm_moe",67012.1,0
"pwm_moe",67012.1,0
"pwm_moe",67012.1,0
"pwm_moe",67012.1,0
"pwm_moe",67012.1,0
"pwm_moe",67012.1,0
"pwm_moe",67012.1,0
"pwm_moe",67012.1,0
"pwm_moe",67012.1,0
"pwm_moe",67012.1,0
"pwm_moe",67012.2,0
"pwm_moe",67012.2,0
"pwm_moe",67012.2,0
"pwm_moe",67012.2,0
"pwm_moe",67012.2,0
"pwm_moe",67012.2,0
"pwm_moe",67012.2,0
"pwm_moe",67012.2,0
"pwm_moe",67012.2,0
"pwm_moe",67012.2,0
"pwm_moe",67012.3,0
"pwm_moe",67012.3,0
"pwm_moe",67012.3,0
"pwm_moe",67012.3,0
"pwm_moe",67012.3,0
"pwm_moe",67012.3,0
"pwm_moe",67012.3,0
"pwm_moe",67012.3,0
"pwm_moe",67012.3,0
"pwm_moe",67012.4,0
"pwm_moe",67012.4,0
"pwm_moe",67012.4,0
"pwm_moe",67012.4,0
"pwm_moe",67012.4,0
"pwm_moe",67012.4,0
"pwm_moe",67012.4,0
"pwm_moe",67012.4,0
"pwm_moe",67012.4,0
"pwm_moe",67012.4,0
"pwm_moe",67012.5,0
"pwm_moe",67012.5,0
"pwm_moe",67012.5,0
"pwm_moe",67012.5,0
"pwm_moe",67012.5,0
"pwm_moe",67012.5,0
"pwm_moe",67012.5,0
"pwm_moe",67012.5,0
"pwm_moe",67012.5,0
"pwm_moe",67012.5,0
"pwm_moe",67012.5,0
"pwm_moe",67012.6,0
"pwm_moe",67012.6,0
"pwm_moe",67012.6,0
"pwm_moe",67012.6,0
"pwm_moe",67012.6,0
"pwm_moe",67012.6,0
"pwm_moe",67012.6,0
"pwm_moe",67012.6,0
"pwm_moe",67012.6,0
"pwm_moe",67012.6,0
"pwm_moe",67012.7,0
"pwm_moe",67012.7,0
"pwm_moe",67012.7,0
"pwm_moe",67012.7,0
"pwm_moe",67012.7,0
"pwm_moe",67012.7,0
"pwm_moe",67012.7,0
"pwm_moe",67012.7,0
"pwm_moe",67012.7,0
"pwm_moe",67012.8,0
"pwm_moe",67012.8,0
"pwm_moe",67012.8,0
"pwm_moe",67012.8,0
"pwm_moe",67012.8,0
"pwm_moe",67012.8,0
"pwm_moe",67012.8,0
"pwm_moe",67012.8,0
"pwm_moe",67012.8,0
"pwm_moe",67012.8,0
"pwm_moe",67012.9,0
"pwm_moe",67012.9,0
"pwm_moe",67012.9,0
"pwm_moe",67012.9,0
"pwm_moe",67012.9,0
"pwm_moe",67012.9,0
"pwm_moe",67012.9,0
"pwm_moe",67012.9,0
"pwm_moe",67012.9,0
"pwm_moe",67012.9,0
"pwm_moe",67013,0
"pwm_moe",67013,0
"pwm_moe",67013,0
"pwm_moe",67013,0
"pwm_moe",67013,0
"pwm_moe",67013,0
"pwm_moe",67013,0
"pwm_moe",67013,0
"pwm_moe",67013,0
"pwm_moe",67013,0
"pwm_moe",67013.1,0
"pwm_moe",67013.1,0
"pwm_moe",67013.1,0
"pwm_moe",67013.1,0
"pwm_moe",67013.1,0
"pwm_moe",67013.1,0
"pwm_moe",67013.1,0
"pwm_moe",67013.1,0
"pwm_moe",67013.1,0
"pwm_moe",67013.1,0
"pwm_moe",67013.2,0
"pwm_moe",67013.2,0
"pwm_moe",67013.2,0
"pwm_moe",67013.2,0
"pwm_moe",67013.2,0
"pwm_moe",67013.2,0
"pwm_moe",67013.2,0
"pwm_moe",67013.2,0
"pwm_moe",67013.2,0
"pwm_moe",67013.2,0
"pwm_moe",67013.3,0
"pwm_moe",67013.3,0
"pwm_moe",67013.3,0
"pwm_moe",67013.3,0
"pwm_moe",67013.3,0
"pwm_moe",67013.3,0
"pwm_moe",67013.3,0
"pwm_moe",67013.3,0
"pwm_moe",67013.3,0
"pwm_moe",67013.3,0
"pwm_moe",67013.4,0
"pwm_moe",67013.4,0
"pwm_moe",67013.4,0
"pwm_moe",67013.4,0
"pwm_moe",67013.4,0
"pwm_moe",67013.4,0
"pwm_moe",67013.4,0
"pwm_moe",67013.4,0
"pwm_moe",67013.4,0
"pwm_moe",67013.4,0
"pwm_moe",67013.5,0
"pwm_moe",67013.5,0
"pwm_moe",67013.5,0
"pwm_moe",67013.5,0
"pwm_moe",67013.5,0
"pwm_moe",67013.5,0
"pwm_moe",67013.5,0
"pwm_moe",67013.5,0
"pwm_moe",67013.5,0
"pwm_moe",67013.5,0
"pwm_moe",67013.6,0
"pwm_moe",67013.6,0
"pwm_moe",67013.6,0
"pwm_moe",67013.6,0
"pwm_moe",67013.6,0
"pwm_moe",67013.6,0
"pwm_moe",67013.6,0
"pwm_moe",67013.6,0
"pwm_moe",67013.6,0
"pwm_moe",67013.6,0
"pwm_moe",67013.7,0
"pwm_moe",67013.7,0
"pwm_moe",67013.7,0
"pwm_moe",67013.7,0
"pwm_moe",67013.7,0
"pwm_moe",67013.7,0
"pwm_moe",67013.7,0
"pwm_moe",67013.7,0
"pwm_moe",67013.7,0
"pwm_moe",67013.7,0
"pwm_moe",67013.7,0
"pwm_moe",67013.8,0
"pwm_moe",67013.8,0
"pwm_moe",67013.8,0
"pwm_moe",67013.8,0
"pwm_moe",67013.8,0
"pwm_moe",67013.8,0
"pwm_moe",67013.8,0
"pwm_moe",67013.8,0
"pwm_moe",67013.8,0
"pwm_moe",67013.8,0
"pwm_moe",67013.9,0
"pwm_moe",67013.9,0
"pwm_moe",67013.9,0
"pwm_moe",67013.9,0
"pwm_moe",67013.9,0
"pwm_moe",67013.9,0
"pwm_moe",67013.9,0
"pwm_moe",67013.9,0
"pwm_moe",67013.9,0
"pwm_moe",67013.9,0
"pwm_moe",67014,0
"pwm_moe",67014,0
"pwm_moe",67014,0
"pwm_moe",67014,0
"pwm_moe",67014,0
"pwm_moe",67014,0
"pwm_moe",67014,0
"pwm_moe",67014,0
"pwm_moe",67014,0
"pwm_moe",67014,0
"pwm_moe",67014.1,0
"pwm_moe",67014.1,0
"pwm_moe",67014.1,0
"pwm_moe",67014.1,0
"pwm_moe",67014.1,0
"pwm_moe",67014.1,0
"pwm_moe",67014.1,0
"pwm_moe",67014.1,0
"pwm_moe",67014.1,0
"pwm_moe",67014.1,0
"pwm_moe",67014.2,0
"pwm_moe",67014.2,0
"pwm_moe",67014.2,0
"pwm_moe",67014.2,0
"pwm_moe",67014.2,0
"pwm_moe",67014.2,0
"pwm_moe",67014.2,0
"pwm_moe",67014.2,0
"pwm_moe",67014.2,0
"pwm_moe",67014.2,0
"pwm_moe",67014.3,0
"pwm_moe",67014.3,0
"pwm_moe",67014.3,0
"pwm_moe",67014.3,0
"pwm_moe",67014.3,0
"pwm_moe",67014.3,0
"pwm_moe",67014.3,0
"pwm_moe",67014.3,0
"pwm_moe",67014.3,0
"pwm_moe",67014.3,0
"pwm_moe",67014.4,0
"pwm_moe",67014.4,0
"pwm_moe",67014.4,0
"pwm_moe",67014.4,0
"pwm_moe",67014.4,0
"pwm_moe",67014.4,0
"pwm_moe",67014.4,0
"pwm_moe",67014.4,0
"pwm_moe",67014.4,0
"pwm_moe",67014.4,0
"pwm_moe",67014.5,0
"pwm_moe",67014.5,0
"pwm_moe",67014.5,0
"pwm_moe",67014.5,0
"pwm_moe",67014.5,0
"pwm_moe",67014.5,0
"pwm_moe",67014.5,0
"pwm_moe",67014.5,0
"pwm_moe",67014.5,0
"pwm_moe",67014.5,0
"pwm_moe",67014.6,0
"pwm_moe",67014.6,0
"pwm_moe",67014.6,0
"pwm_moe",67014.6,0
"pwm_moe",67014.6,0
"pwm_moe",67014.6,0
"pwm_moe",67014.6,0
"pwm_moe",67014.6,0
"pwm_moe",67014.6,0
"pwm_moe",67014.6,0
"pwm_moe",67014.7,0
"pwm_moe",67014.7,0
"pwm_moe",67014.7,0
"pwm_moe",67014.7,0
"pwm_moe",67014.7,0
"pwm_moe",67014.7,0
"pwm_moe",67014.8,0
"pwm_moe",67014.8,0
"pwm_moe",67014.8,0
"pwm_moe",67014.8,0
"pwm_moe",67014.8,0
"pwm_moe",67014.8,0
"pwm_moe",67014.9,0
"pwm_moe",67014.9,0
"pwm_moe",67014.9,0
"pwm_moe",67014.9,0
"pwm_moe",67014.9,0
"pwm_moe",67014.9,0
"pwm_moe",67014.9,0
"pwm_moe",67014.9,0
"pwm_moe",67015,0
"pwm_moe",67015,0
"pwm_moe",67015,0
"pwm_moe",67015,0
"pwm_moe",67015,0
"pwm_moe",67015,0
"pwm_moe",67015.1,0
"pwm_moe",67015.1,0
"pwm_moe",67015.1,0
"pwm_moe",67015.1,0
"pwm_moe",67015.1,0
"pwm_moe",67015.1,0
"pwm_moe",67015.1,0
"pwm_moe",67015.1,0
"pwm_moe",67015.2,0
"pwm_moe",67015.2,0
"pwm_moe",67015.2,0
"pwm_moe",67015.2,0
"pwm_moe",67015.2,0
"pwm_moe",67015.2,0
"pwm_moe",67015.2,0
"pwm_moe",67015.2,0
"pwm_moe",67015.2,0
"pwm_moe",67015.2,0
"pwm_moe",67015.2,0
"pwm_moe",67015.3,0
"pwm_moe",67015.3,0
"pwm_moe",67015.3,0
"pwm_moe",67015.3,0
"pwm_moe",67015.3,0
"pwm_moe",67015.3,0
"pwm_moe",67015.3,0
"pwm_moe",67015.3,0
"pwm_moe",67015.3,0
"pwm_moe",67015.3,0
"pwm_moe",67015.3,0
"pwm_moe",67015.4,0
"pwm_moe",67015.4,0
"pwm_moe",67015.4,0
"pwm_moe",67015.4,0
"pwm_moe",67015.4,0
"pwm_moe",67015.4,0
"pwm_moe",67015.4,0
"pwm_moe",67015.4,0
"pwm_moe",67015.4,0
"pwm_moe",67015.4,0
"pwm_moe",67015.4,0
"pwm_moe",67015.4,0
"pwm_moe",67015.5,0
"pwm_moe",67015.5,0
"pwm_moe",67015.5,0
"pwm_moe",67015.5,0
"pwm_moe",67015.5,0
"pwm_moe",67015.5,0
"pwm_moe",67015.5,0
"pwm_moe",67015.5,0
"pwm_moe",67015.5,0
"pwm_moe",67015.5,0
"pwm_moe",67015.5,0
"pwm_moe",67015.6,0
"pwm_moe",67015.6,0
"pwm_moe",67015.6,0
"pwm_moe",67015.6,0
"pwm_moe",67015.6,0
"pwm_moe",67015.6,0
"pwm_moe",67015.6,0
"pwm_moe",67015.6,0
"pwm_moe",67015.6,0
"pwm_moe",67015.6,0
"pwm_moe",67015.6,0
"pwm_moe",67015.6,0
"pwm_moe",67015.7,0
"pwm_moe",67015.7,0
"pwm_moe",67015.7,0
"pwm_moe",67015.7,0
"pwm_moe",67015.7,0
"pwm_moe",67015.7,0
"pwm_moe",67015.7,0
"pwm_moe",67015.7,0
"pwm_moe",67015.7,0
"pwm_moe",67015.7,0
"pwm_moe",67015.8,0
"pwm_moe",67015.8,0
"pwm_moe",67015.8,0
"pwm_moe",67015.8,0
"pwm_moe",67015.8,0
"pwm_moe",67015.8,0
"pwm_moe",67015.8,0
"pwm_moe",67015.8,0
"pwm_moe",67015.8,0
"pwm_moe",67015.8,0
"pwm_moe",67015.8,0
"pwm_moe",67015.8,0
"pwm_moe",67015.9,0
"pwm_moe",67015.9,0
"pwm_moe",67015.9,0
"pwm_moe",67015.9,0
"pwm_moe",67015.9,0
"pwm_moe",67015.9,0
"pwm_moe",67015.9,0
"pwm_moe",67015.9,0
"pwm_moe",67015.9,0
"pwm_moe",67015.9,0
"pwm_moe",67016,0
"pwm_moe",67016,0
"pwm_moe",67016,0
"pwm_moe",67016,0
"pwm_moe",67016,0
"pwm_moe",67016,0
"pwm_moe",67016,0
"pwm_moe",67016,0
"pwm_moe",67016,0
"pwm_moe",67016,0
"pwm_moe",67016.1,0
"pwm_moe",67016.1,0
"pwm_moe",67016.1,0
"pwm_moe",67016.1,0
"pwm_moe",67016.1,0
"pwm_moe",67016.1,0
"pwm_moe",67016.1,0
"pwm_moe",67016.1,0
"pwm_moe",67016.1,0
"pwm_moe",67016.1,0
"pwm_moe",67016.2,0
"pwm_moe",67016.2,0
"pwm_moe",67016.2,0
"pwm_moe",67016.2,0
"pwm_moe",67016.2,0
"pwm_moe",67016.2,0
"pwm_moe",67016.2,0
"pwm_moe",67016.2,0
"pwm_moe",67016.2,0
"pwm_moe",67016.2,0
"pwm_moe",67016.3,0
"pwm_moe",67016.3,0
"pwm_moe",67016.3,0
"pwm_moe",67016.3,0
"pwm_moe",67016.3,0
"pwm_moe",67016.3,0
"pwm_moe",67016.3,0
"pwm_moe",67016.3,0
"pwm_moe",67016.3,0
"pwm_moe",67016.3,0
"pwm_moe",67016.4,0
"pwm_moe",67016.4,0
"pwm_moe",67016.4,0
"pwm_moe",67016.4,0
"pwm_moe",67016.4,0
"pwm_moe",67016.4,0
"pwm_moe",67016.4,0
"pwm_moe",67016.4,0
"pwm_moe",67016.4,0
"pwm_moe",67016.4,0
"pwm_moe",67016.5,0
"pwm_moe",67016.5,0
"pwm_moe",67016.5,0
"pwm_moe",67016.5,0
"pwm_moe",67016.5,0
"pwm_moe",67016.5,0
"pwm_moe",67016.5,0
"pwm_moe",67016.5,0
"pwm_moe",67016.5,0
"pwm_moe",67016.5,0
"pwm_moe",67016.6,0
"pwm_moe",67016.6,0
"pwm_moe",67016.6,0
"pwm_moe",67016.6,0
"pwm_moe",67016.6,0
"pwm_moe",67016.6,0
"pwm_moe",67016.6,0
"pwm_moe",67016.6,0
"pwm_moe",67016.6,0
"pwm_moe",67016.6,0
"pwm_moe",67016.7,0
"pwm_moe",67016.7,0
"pwm_moe",67016.7,0
"pwm_moe",67016.7,0
"pwm_moe",67016.7,0
"pwm_moe",67016.7,0
"pwm_moe",67016.7,0
"pwm_moe",67016.7,0
"pwm_moe",67016.7,0
"pwm_moe",67016.8,0
"pwm_moe",67016.8,0
"pwm_moe",67016.8,0
"pwm_moe",67016.8,0
"pwm_moe",67016.8,0
"pwm_moe",67016.8,0
"pwm_moe",67016.8,0
"pwm_moe",67016.8,0
"pwm_moe",67016.8,0
"pwm_moe",67016.8,0
"pwm_moe",67016.9,0
"pwm_moe",67016.9,0
"pwm_moe",67016.9,0
"pwm_moe",67016.9,0
"pwm_moe",67016.9,0
"pwm_moe",67016.9,0
"pwm_moe",67016.9,0
"pwm_moe",67016.9,0
"pwm_moe",67016.9,0
"pwm_moe",67016.9,0
"pwm_moe",67016.9,0
"pwm_moe",67017,0
"pwm_moe",67017,0
"pwm_moe",67017,0
"pwm_moe",67017,0
"pwm_moe",67017,0
"pwm_moe",67017,0
"pwm_moe",67017,0
"pwm_moe",67017,0
"pwm_moe",67017,0
"pwm_moe",67017,0
"pwm_moe",67017.1,0
"pwm_moe",67017.1,0
"pwm_moe",67017.1,0
"pwm_moe",67017.1,0
"pwm_moe",67017.1,0
"pwm_moe",67017.1,0
"pwm_moe",67017.1,0
"pwm_moe",67017.1,0
"pwm_moe",67017.1,0
"pwm_moe",67017.1,0
"pwm_moe",67017.2,0
"pwm_moe",67017.2,0
"pwm_moe",67017.2,0
"pwm_moe",67017.2,0
"pwm_moe",67017.2,0
"pwm_moe",67017.2,0
"pwm_moe",67017.2,0
"pwm_moe",67017.2,0
"pwm_moe",67017.2,0
"pwm_moe",67017.2,0
"pwm_moe",67017.3,0
"pwm_moe",67017.3,0
"pwm_moe",67017.3,0
"pwm_moe",67017.3,0
"pwm_moe",67017.3,0
"pwm_moe",67017.3,0
"pwm_moe",67017.3,0
"pwm_moe",67017.3,0
"pwm_moe",67017.3,0
"pwm_moe",67017.4,0
"pwm_moe",67017.4,0
"pwm_moe",67017.4,0
"pwm_moe",67017.4,0
"pwm_moe",67017.4,0
"pwm_moe",67017.4,0
"pwm_moe",67017.4,0
"pwm_moe",67017.4,0
"pwm_moe",67017.4,0
"pwm_moe",67017.4,0
"pwm_moe",67017.4,0
"pwm_moe",67017.5,0
"pwm_moe",67017.5,0
"pwm_moe",67017.5,0
"pwm_moe",67017.5,0
"pwm_moe",67017.5,0
"pwm_moe",67017.5,0
"pwm_moe",67017.5,0
"pwm_moe",67017.5,0
"pwm_moe",67017.5,0
"pwm_moe",67017.5,0
"pwm_moe",67017.6,0
"pwm_moe",67017.6,0
"pwm_moe",67017.6,0
"pwm_moe",67017.6,0
"pwm_moe",67017.6,0
"pwm_moe",67017.6,0
"pwm_moe",67017.6,0
"pwm_moe",67017.6,0
"pwm_moe",67017.6,0
"pwm_moe",67017.6,0
"pwm_moe",67017.7,0
"pwm_moe",67017.7,0
"pwm_moe",67017.7,0
"pwm_moe",67017.7,0
"pwm_moe",67017.7,0
"pwm_moe",67017.7,0
"pwm_moe",67017.7,0
"pwm_moe",67017.7,0
"pwm_moe",67017.7,0
"pwm_moe",67017.8,0
"pwm_moe",67017.8,0
"pwm_moe",67017.8,0
"pwm_moe",67017.8,0
"pwm_moe",67017.8,0
"pwm_moe",67017.8,0
"pwm_moe",67017.8,0
"pwm_moe",67017.8,0
"pwm_moe",67017.8,0
"pwm_moe",67017.8,0
"pwm_moe",67017.8,0
"pwm_moe",67017.9,0
"pwm_moe",67017.9,0
"pwm_moe",67017.9,0
"pwm_moe",67017.9,0
"pwm_moe",67017.9,0
"pwm_moe",67017.9,0
"pwm_moe",67017.9,0
"pwm_moe",67017.9,0
"pwm_moe",67017.9,0
"pwm_moe",67017.9,0
"pwm_moe",67018,0
"pwm_moe",67018,0
"pwm_moe",67018,0
"pwm_moe",67018,0
"pwm_moe",67018,0
"pwm_moe",67018,0
"pwm_moe",67018,0
"pwm_moe",67018,0
"pwm_moe",67018,0
"pwm_moe",67018,0
"pwm_moe",67018.1,0
"pwm_moe",67018.1,0
"pwm_moe",67018.1,0
"pwm_moe",67018.1,0
"pwm_moe",67018.1,0
"pwm_moe",67018.1,0
"pwm_moe",67018.1,0
"pwm_moe",67018.1,0
"pwm_moe",67018.1,0
"pwm_moe",67018.1,0
"pwm_moe",67018.2,0
"pwm_moe",67018.2,0
"pwm_moe",67018.2,0
"pwm_moe",67018.2,0
"pwm_moe",67018.2,0
"pwm_moe",67018.2,0
"pwm_moe",67018.2,0
"pwm_moe",67018.2,0
"pwm_moe",67018.2,0
"pwm_moe",67018.2,0
"pwm_moe",67018.3,0
"pwm_moe",67018.3,0
"pwm_moe",67018.3,0
"pwm_moe",67018.3,0
"pwm_moe",67018.3,0
"pwm_moe",67018.3,0
"pwm_moe",67018.3,0
"pwm_moe",67018.3,0
"pwm_moe",67018.3,0
"pwm_moe",67018.3,0
"pwm_moe",67018.4,0
"pwm_moe",67018.4,0
"pwm_moe",67018.4,0
"pwm_moe",67018.4,0
"pwm_moe",67018.4,0
"pwm_moe",67018.4,0
"pwm_moe",67018.4,0
"pwm_moe",67018.4,0
"pwm_moe",67018.4,0
"pwm_moe",67018.4,0
"pwm_moe",67018.5,0
"pwm_moe",67018.5,0
"pwm_moe",67018.5,0
"pwm_moe",67018.5,0
"pwm_moe",67018.5,0
"pwm_moe",67018.5,0
"pwm_moe",67018.5,0
"pwm_moe",67018.5,0
"pwm_moe",67018.5,0
"pwm_moe",67018.5,0
"pwm_moe",67018.6,0
"pwm_moe",67018.6,0
"pwm_moe",67018.6,0
"pwm_moe",67018.6,0
"pwm_moe",67018.6,0
"pwm_moe",67018.6,0
"pwm_moe",67018.6,0
"pwm_moe",67018.6,0
"pwm_moe",67018.6,0
"pwm_moe",67018.6,0
"pwm_moe",67018.7,0
"pwm_moe",67018.7,0
"pwm_moe",67018.7,0
"pwm_moe",67018.7,0
"pwm_moe",67018.7,0
"pwm_moe",67018.7,0
"pwm_moe",67018.7,0
"pwm_moe",67018.7,0
"pwm_moe",67018.7,0
"pwm_moe",67018.8,0
"pwm_moe",67018.8,0
"pwm_moe",67018.8,0
"pwm_moe",67018.8,0
"pwm_moe",67018.8,0
"pwm_moe",67018.8,0
"pwm_moe",67018.8,0
"pwm_moe",67018.8,0
"pwm_moe",67018.8,0
"pwm_moe",67018.8,0
"pwm_moe",67018.9,0
"pwm_moe",67018.9,0
"pwm_moe",67018.9,0
"pwm_moe",67018.9,0
"pwm_moe",67018.9,0
"pwm_moe",67018.9,0
"pwm_moe",67018.9,0
"pwm_moe",67018.9,0
"pwm_moe",67018.9,0
"pwm_moe",67018.9,0
"pwm_moe",67019,0
"pwm_moe",67019,0
"pwm_moe",67019,0
"pwm_moe",67019,0
"pwm_moe",67019,0
"pwm_moe",67019,0
"pwm_moe",67019,0
"pwm_moe",67019,0
"pwm_moe",67019,0
"pwm_moe",67019,0
"pwm_moe",67019.1,0
"pwm_moe",67019.1,0
"pwm_moe",67019.1,0
"pwm_moe",67019.1,0
"pwm_moe",67019.1,0
"pwm_moe",67019.1,0
"pwm_moe",67019.1,0
"pwm_moe",67019.1,0
"pwm_moe",67019.1,0
"pwm_moe",67019.1,0
"pwm_moe",67019.1,0
"pwm_moe",67019.2,0
"pwm_moe",67019.2,0
"pwm_moe",67019.2,0
"pwm_moe",67019.2,0
"pwm_moe",67019.2,0
"pwm_moe",67019.2,0
"pwm_moe",67019.2,0
"pwm_moe",67019.2,0
"pwm_moe",67019.2,0
"pwm_moe",67019.2,0
"pwm_moe",67019.3,0
"pwm_moe",67019.3,0
"pwm_moe",67019.3,0
"pwm_moe",67019.3,0
"pwm_moe",67019.3,0
"pwm_moe",67019.3,0
"pwm_moe",67019.3,0
"pwm_moe",67019.3,0
"pwm_moe",67019.3,0
"pwm_moe",67019.4,0
"pwm_moe",67019.4,0
"pwm_moe",67019.4,0
"pwm_moe",67019.4,0
"pwm_moe",67019.4,0
"pwm_moe",67019.4,0
"pwm_moe",67019.4,0
"pwm_moe",67019.4,0
"pwm_moe",67019.4,0
"pwm_moe",67019.4,0
"pwm_moe",67019.5,0
"pwm_moe",67019.5,0
"pwm_moe",67019.5,0
"pwm_moe",67019.5,0
"pwm_moe",67019.5,0
"pwm_moe",67019.5,0
"pwm_moe",67019.5,0
"pwm_moe",67019.5,0
"pwm_moe",67019.5,0
"pwm_moe",67019.5,0
"pwm_moe",67019.5,0
"pwm_moe",67019.6,0
"pwm_moe",67019.6,0
"pwm_moe",67019.6,0
"pwm_moe",67019.6,0
"pwm_moe",67019.6,0
"pwm_moe",67019.6,0
"pwm_moe",67019.6,0
"pwm_moe",67019.6,0
"pwm_moe",67019.6,0
"pwm_moe",67019.6,0
"pwm_moe",67019.7,0
"pwm_moe",67019.7,0
"pwm_moe",67019.7,0
"pwm_moe",67019.7,0
"pwm_moe",67019.7,0
"pwm_moe",67019.7,0
"pwm_moe",67019.7,0
"pwm_moe",67019.7,0
"pwm_moe",67019.7,0
"pwm_moe",67019.8,0
"pwm_moe",67019.8,0
"pwm_moe",67019.8,0
"pwm_moe",67019.8,0
"pwm_moe",67019.8,0
"pwm_moe",67019.8,0
"pwm_moe",67019.8,0
"pwm_moe",67019.8,0
"pwm_moe",67019.8,0
"pwm_moe",67019.9,0
"pwm_moe",67019.9,0
"pwm_moe",67019.9,0
"pwm_moe",67019.9,0
"pwm_moe",67019.9,0
"pwm_moe",67019.9,0
"pwm_moe",67019.9,0
"pwm_moe",67019.9,0
"pwm_moe",67019.9,0
"pwm_moe",67019.9,0
"pwm_moe",67019.9,0
"pwm_moe",67020,0
"pwm_moe",67020,0
"pwm_moe",67020,0
"pwm_moe",67020,0
"pwm_moe",67020,0
"pwm_moe",67020,0
"pwm_moe",67020,0
"pwm_moe",67020,0
"pwm_moe",67020,0
"pwm_moe",67020,0
"pwm_moe",67020.1,0
"pwm_moe",67020.1,0
"pwm_moe",67020.1,0
"pwm_moe",67020.1,0
"pwm_moe",67020.1,0
"pwm_moe",67020.1,0
"pwm_moe",67020.1,0
"pwm_moe",67020.1,0
"pwm_moe",67020.1,0
"pwm_moe",67020.1,0
"pwm_moe",67020.2,0
"pwm_moe",67020.2,0
"pwm_moe",67020.2,0
"pwm_moe",67020.2,0
"pwm_moe",67020.2,0
"pwm_moe",67020.2,0
"pwm_moe",67020.2,0
"pwm_moe",67020.2,0
"pwm_moe",67020.2,0
"pwm_moe",67020.2,0
"pwm_moe",67020.3,0
"pwm_moe",67020.3,0
"pwm_moe",67020.3,0
"pwm_moe",67020.3,0
"pwm_moe",67020.3,0
"pwm_moe",67020.3,0
"pwm_moe",67020.3,0
"pwm_moe",67020.3,0
"pwm_moe",67020.3,0
"pwm_moe",67020.3,0
"pwm_moe",67020.4,0
"pwm_moe",67020.4,0
"pwm_moe",67020.4,0
"pwm_moe",67020.4,0
"pwm_moe",67020.4,0
"pwm_moe",67020.4,0
"pwm_moe",67020.4,0
"pwm_moe",67020.4,0
"pwm_moe",67020.4,0
"pwm_moe",67020.4,0
"pwm_moe",67020.5,0
"pwm_moe",67020.5,0
"pwm_moe",67020.5,0
"pwm_moe",67020.5,0
"pwm_moe",67020.5,0
"pwm_moe",67020.5,0
"pwm_moe",67020.5,0
"pwm_moe",67020.5,0
"pwm_moe",67020.5,0
"pwm_moe",67020.5,0
"pwm_moe",67020.6,0
"pwm_moe",67020.6,0
"pwm_moe",67020.6,0
"pwm_moe",67020.6,0
"pwm_moe",67020.6,0
"pwm_moe",67020.6,0
"pwm_moe",67020.6,0
"pwm_moe",67020.6,0
"pwm_moe",67020.6,0
"pwm_moe",67020.6,0
"pwm_moe",67020.7,0
"pwm_moe",67020.7,0
"pwm_moe",67020.7,0
"pwm_moe",67020.7,0
"pwm_moe",67020.7,0
"pwm_moe",67020.7,0
"pwm_moe",67020.7,0
"pwm_moe",67020.7,0
"pwm_moe",67020.7,0
"pwm_moe",67020.7,0
"pwm_moe",67020.8,0
"pwm_moe",67020.8,0
"pwm_moe",67020.8,0
"pwm_moe",67020.8,0
"pwm_moe",67020.8,0
"pwm_moe",67020.8,0
"pwm_moe",67020.8,0
"pwm_moe",67020.8,0
"pwm_moe",67020.8,0
"pwm_moe",67020.9,0
"pwm_moe",67020.9,0
"pwm_moe",67020.9,0
"pwm_moe",67020.9,0
"pwm_moe",67020.9,0
"pwm_moe",67020.9,0
"pwm_moe",67020.9,0
"pwm_moe",67020.9,0
"pwm_moe",67020.9,0
"pwm_moe",67020.9,0
"pwm_moe",67020.9,0
"pwm_moe",67021,0
"pwm_moe",67021,0
"pwm_moe",67021,0
"pwm_moe",67021,0
"pwm_moe",67021,0
"pwm_moe",67021,0
"pwm_moe",67021,0
"pwm_moe",67021,0
"pwm_moe",67021,0
"pwm_moe",67021,0
"pwm_moe",67021.1,0
"pwm_moe",67021.1,0
"pwm_moe",67021.1,0
"pwm_moe",67021.1,0
"pwm_moe",67021.1,0
"pwm_moe",67021.1,0
"pwm_moe",67021.1,0
"pwm_moe",67021.1,0
"pwm_moe",67021.1,0
"pwm_moe",67021.1,0
"pwm_moe",67021.2,0
"pwm_moe",67021.2,0
"pwm_moe",67021.2,0
"pwm_moe",67021.2,0
"pwm_moe",67021.2,0
"pwm_moe",67021.2,0
"pwm_moe",67021.2,0
"pwm_moe",67021.2,0
"pwm_moe",67021.2,0
"pwm_moe",67021.2,0
"pwm_moe",67021.3,0
"pwm_moe",67021.3,0
"pwm_moe",67021.3,0
"pwm_moe",67021.3,0
"pwm_moe",67021.3,0
"pwm_moe",67021.3,0
"pwm_moe",67021.3,0
"pwm_moe",67021.3,0
"pwm_moe",67021.3,0
"pwm_moe",67021.4,0
"pwm_moe",67021.4,0
"pwm_moe",67021.4,0
"pwm_moe",67021.4,0
"pwm_moe",67021.4,0
"pwm_moe",67021.4,0
"pwm_moe",67021.4,0
"pwm_moe",67021.4,0
"pwm_moe",67021.4,0
"pwm_moe",67021.4,0
"pwm_moe",67021.5,0
"pwm_moe",67021.5,0
"pwm_moe",67021.5,0
"pwm_moe",67021.5,0
"pwm_moe",67021.5,0
"pwm_moe",67021.5,0
"pwm_moe",67021.5,0
"pwm_moe",67021.5,0
"pwm_moe",67021.5,0
"pwm_moe",67021.5,0
"pwm_moe",67021.5,0
"pwm_moe",67021.6,0
"pwm_moe",67021.6,0
"pwm_moe",67021.6,0
"pwm_moe",67021.6,0
"pwm_moe",67021.6,0
"pwm_moe",67021.6,0
"pwm_moe",67021.6,0
"pwm_moe",67021.6,0
"pwm_moe",67021.6,0
"pwm_moe",67021.6,0
"pwm_moe",67021.7,0
"pwm_moe",67021.7,0
"pwm_moe",67021.7,0
"pwm_moe",67021.7,0
"pwm_moe",67021.7,0
"pwm_moe",67021.7,0
"pwm_moe",67021.7,0
"pwm_moe",67021.7,0
"pwm_moe",67021.7,0
"pwm_moe",67021.8,0
"pwm_moe",67021.8,0
"pwm_moe",67021.8,0
"pwm_moe",67021.8,0
"pwm_moe",67021.8,0
"pwm_moe",67021.8,0
"pwm_moe",67021.8,0
"pwm_moe",67021.8,0
"pwm_moe",67021.8,0
"pwm_moe",67021.8,0
"pwm_moe",67021.9,0
"pwm_moe",67021.9,0
"pwm_moe",67021.9,0
"pwm_moe",67021.9,0
"pwm_moe",67021.9,0
"pwm_moe",67021.9,0
"pwm_moe",67021.9,0
"pwm_moe",67021.9,0
"pwm_moe",67021.9,0
"pwm_moe",67021.9,0
"pwm_moe",67022,0
"pwm_moe",67022,0
"pwm_moe",67022,0
"pwm_moe",67022,0
"pwm_moe",67022,0
"pwm_moe",67022,0
"pwm_moe",67022,0
"pwm_moe",67022,0
"pwm_moe",67022,0
"pwm_moe",67022,0
"pwm_moe",67022,0
"pwm_moe",67022.1,0
"pwm_moe",67022.1,0
"pwm_moe",67022.1,0
"pwm_moe",67022.1,0
"pwm_moe",67022.1,0
"pwm_moe",67022.1,0
"pwm_moe",67022.1,0
"pwm_moe",67022.1,0
"pwm_moe",67022.1,0
"pwm_moe",67022.1,0
"pwm_moe",67022.2,0
"pwm_moe",67022.2,0
"pwm_moe",67022.2,0
"pwm_moe",67022.2,0
"pwm_moe",67022.2,0
"pwm_moe",67022.2,0
"pwm_moe",67022.2,0
"pwm_moe",67022.2,0
"pwm_moe",67022.2,0
"pwm_moe",67022.2,0
"pwm_moe",67022.3,0
"pwm_moe",67022.3,0
"pwm_moe",67022.3,0
"pwm_moe",67022.3,0
"pwm_moe",67022.3,0
"pwm_moe",67022.3,0
"pwm_moe",67022.3,0
"pwm_moe",67022.3,0
"pwm_moe",67022.3,0
"pwm_moe",67022.4,0
"pwm_moe",67022.4,0
"pwm_moe",67022.4,0
"pwm_moe",67022.4,0
"pwm_moe",67022.4,0
"pwm_moe",67022.4,0
"pwm_moe",67022.4,0
"pwm_moe",67022.4,0
"pwm_moe",67022.4,0
"pwm_moe",67022.4,0
"pwm_moe",67022.5,0
"pwm_moe",67022.5,0
"pwm_moe",67022.5,0
"pwm_moe",67022.5,0
"pwm_moe",67022.5,0
"pwm_moe",67022.5,0
"pwm_moe",67022.5,0
"pwm_moe",67022.5,0
"pwm_moe",67022.5,0
"pwm_moe",67022.5,0
"pwm_moe",67022.5,0
"pwm_moe",67022.6,0
"pwm_moe",67022.6,0
"pwm_moe",67022.6,0
"pwm_moe",67022.6,0
"pwm_moe",67022.6,0
"pwm_moe",67022.6,0
"pwm_moe",67022.6,0
"pwm_moe",67022.6,0
"pwm_moe",67022.6,0
"pwm_moe",67022.6,0
"pwm_moe",67022.7,0
"pwm_moe",67022.7,0
"pwm_moe",67022.7,0
"pwm_moe",67022.7,0
"pwm_moe",67022.7,0
"pwm_moe",67022.7,0
"pwm_moe",67022.7,0
"pwm_moe",67022.7,0
"pwm_moe",67022.8,0
"pwm_moe",67022.8,0
"pwm_moe",67022.8,0
"pwm_moe",67022.8,0
"pwm_moe",67022.8,0
"pwm_moe",67022.8,0
"pwm_moe",67022.8,0
"pwm_moe",67022.8,0
"pwm_moe",67022.8,0
"pwm_moe",67022.8,0
"pwm_moe",67022.8,0
"pwm_moe",67022.9,0
"pwm_moe",67022.9,0
"pwm_moe",67022.9,0
"pwm_moe",67022.9,0
"pwm_moe",67022.9,0
"pwm_moe",67022.9,0
"pwm_moe",67022.9,0
"pwm_moe",67022.9,0
"pwm_moe",67022.9,0
"pwm_moe",67022.9,0
"pwm_moe",67023,0
"pwm_moe",67023,0
"pwm_moe",67023,0
"pwm_moe",67023,0
"pwm_moe",67023,0
"pwm_moe",67023,0
"pwm_moe",67023,0
"pwm_moe",67023,0
"pwm_moe",67023,0
"pwm_moe",67023,0
"pwm_moe",67023.1,0
"pwm_moe",67023.1,0
"pwm_moe",67023.1,0
"pwm_moe",67023.1,0
"pwm_moe",67023.1,0
"pwm_moe",67023.1,0
"pwm_moe",67023.1,0
"pwm_moe",67023.1,0
"pwm_moe",67023.1,0
"pwm_moe",67023.1,0
"pwm_moe",67023.2,0
"pwm_moe",67023.2,0
"pwm_moe",67023.2,0
"pwm_moe",67023.2,0
"pwm_moe",67023.2,0
"pwm_moe",67023.2,0
"pwm_moe",67023.2,0
"pwm_moe",67023.2,0
"pwm_moe",67023.2,0
"pwm_moe",67023.2,0
"pwm_moe",67023.3,0
"pwm_moe",67023.3,0
"pwm_moe",67023.3,0
"pwm_moe",67023.3,0
"pwm_moe",67023.3,0
"pwm_moe",67023.3,0
"pwm_moe",67023.3,0
"pwm_moe",67023.3,0
"pwm_moe",67023.3,0
"pwm_moe",67023.3,0
"pwm_moe",67023.4,0
"pwm_moe",67023.4,0
"pwm_moe",67023.4,0
"pwm_moe",67023.4,0
"pwm_moe",67023.4,0
"pwm_moe",67023.4,0
"pwm_moe",67023.4,0
"pwm_moe",67023.4,0
"pwm_moe",67023.4,0
"pwm_moe",67023.4,0
"pwm_moe",67023.5,0
"pwm_moe",67023.5,0
"pwm_moe",67023.5,0
"pwm_moe",67023.5,0
"pwm_moe",67023.5,0
"pwm_moe",67023.5,0
"pwm_moe",67023.5,0
"pwm_moe",67023.5,0
"pwm_moe",67023.5,0
"pwm_moe",67023.5,0
"pwm_moe",67023.6,0
"pwm_moe",67023.6,0
"pwm_moe",67023.6,0
"pwm_moe",67023.6,0
"pwm_moe",67023.6,0
"pwm_moe",67023.6,0
"pwm_moe",67023.6,0
"pwm_moe",67023.6,0
"pwm_moe",67023.6,0
"pwm_moe",67023.6,0
"pwm_moe",67023.7,0
"pwm_moe",67023.7,0
"pwm_moe",67023.7,0
"pwm_moe",67023.7,0
"pwm_moe",67023.7,0
"pwm_moe",67023.7,0
"pwm_moe",67023.7,0
"pwm_moe",67023.7,0
"pwm_moe",67023.7,0
"pwm_moe",67023.7,0
"pwm_moe",67023.8,0
"pwm_moe",67023.8,0
"pwm_moe",67023.8,0
"pwm_moe",67023.8,0
"pwm_moe",67023.8,0
"pwm_moe",67023.8,0
"pwm_moe",67023.8,0
"pwm_moe",67023.8,0
"pwm_moe",67023.8,0
"pwm_moe",67023.8,0
"pwm_moe",67023.8,0
"pwm_moe",67023.9,0
"pwm_moe",67023.9,0
"pwm_moe",67023.9,0
"pwm_moe",67023.9,0
"pwm_moe",67023.9,0
"pwm_moe",67023.9,0
"pwm_moe",67023.9,0
"pwm_moe",67023.9,0
"pwm_moe",67023.9,0
"pwm_moe",67023.9,0
"pwm_moe",67024,0
"pwm_moe",67024,0
"pwm_moe",67024,0
"pwm_moe",67024,0
"pwm_moe",67024,0
"pwm_moe",67024,0
"pwm_moe",67024,0
"pwm_moe",67024,0
"pwm_moe",67024,0
"pwm_moe",67024,0
"pwm_moe",67024.1,0
"pwm_moe",67024.1,0
"pwm_moe",67024.1,0
"pwm_moe",67024.1,0
"pwm_moe",67024.1,0
"pwm_moe",67024.1,0
"pwm_moe",67024.1,0
"pwm_moe",67024.1,0
"pwm_moe",67024.1,0
"pwm_moe",67024.1,0
"pwm_moe",67024.2,0
"pwm_moe",67024.2,0
"pwm_moe",67024.2,0
"pwm_moe",67024.2,0
"pwm_moe",67024.2,0
"pwm_moe",67024.2,0
"pwm_moe",67024.2,0
"pwm_moe",67024.2,0
"pwm_moe",67024.2,0
"pwm_moe",67024.2,0
"pwm_moe",67024.3,0
"pwm_moe",67024.3,0
"pwm_moe",67024.3,0
"pwm_moe",67024.3,0
"pwm_moe",67024.3,0
"pwm_moe",67024.3,0
"pwm_moe",67024.3,0
"pwm_moe",67024.3,0
"pwm_moe",67024.3,0
"pwm_moe",67024.3,0
"pwm_moe",67024.4,0
"pwm_moe",67024.4,0
"pwm_moe",67024.4,0
"pwm_moe",67024.4,0
"pwm_moe",67024.4,0
"pwm_moe",67024.4,0
"pwm_moe",67024.4,0
"pwm_moe",67024.4,0
"pwm_moe",67024.4,0
"pwm_moe",67024.4,0
"pwm_moe",67024.5,0
"pwm_moe",67024.5,0
"pwm_moe",67024.5,0
"pwm_moe",67024.5,0
"pwm_moe",67024.5,0
"pwm_moe",67024.5,0
"pwm_moe",67024.5,0
"pwm_moe",67024.5,0
"pwm_moe",67024.5,0
"pwm_moe",67024.5,0
"pwm_moe",67024.6,0
"pwm_moe",67024.6,0
"pwm_moe",67024.6,0
"pwm_moe",67024.6,0
"pwm_moe",67024.6,0
"pwm_moe",67024.6,0
"pwm_moe",67024.6,0
"pwm_moe",67024.6,0
"pwm_moe",67024.6,0
"pwm_moe",67024.6,0
"pwm_moe",67024.7,0
"pwm_moe",67024.7,0
"pwm_moe",67024.7,0
"pwm_moe",67024.7,0
"pwm_moe",67024.7,0
"pwm_moe",67024.7,0
"pwm_moe",67024.8,0
"pwm_moe",67024.8,0
"pwm_moe",67024.8,0
"pwm_moe",67024.8,0
"pwm_moe",67024.8,0
"pwm_moe",67024.8,0
"pwm_moe",67024.9,0
"pwm_moe",67024.9,0
"pwm_moe",67024.9,0
"pwm_moe",67024.9,0
"pwm_moe",67024.9,0
"pwm_moe",67024.9,0
"pwm_moe",67024.9,0
"pwm_moe",67024.9,0
"pwm_moe",67025,0
"pwm_moe",67025,0
"pwm_moe",67025,0
"pwm_moe",67025,0
"pwm_moe",67025,0
"pwm_moe",67025.1,0
"pwm_moe",67025.1,0
"pwm_moe",67025.1,0
"pwm_moe",67025.1,0
"pwm_moe",67025.1,0
"pwm_moe",67025.1,0
"pwm_moe",67025.1,0
"pwm_moe",67025.1,0
"pwm_moe",67025.1,0
"pwm_moe",67025.1,0
"pwm_moe",67025.2,0
"pwm_moe",67025.2,0
"pwm_moe",67025.2,0
"pwm_moe",67025.2,0
"pwm_moe",67025.2,0
"pwm_moe",67025.2,0
"pwm_moe",67025.2,0
"pwm_moe",67025.2,0
"pwm_moe",67025.2,0
"pwm_moe",67025.2,0
"pwm_moe",67025.2,0
"pwm_moe",67025.2,0
"pwm_moe",67025.3,0
"pwm_moe",67025.3,0
"pwm_moe",67025.3,0
"pwm_moe",67025.3,0
"pwm_moe",67025.3,0
"pwm_moe",67025.3,0
"pwm_moe",67025.3,0
"pwm_moe",67025.3,0
"pwm_moe",67025.3,0
"pwm_moe",67025.3,0
"pwm_moe",67025.3,0
"pwm_moe",67025.4,0
"pwm_moe",67025.4,0
"pwm_moe",67025.4,0
"pwm_moe",67025.4,0
"pwm_moe",67025.4,0
"pwm_moe",67025.4,0
"pwm_moe",67025.4,0
"pwm_moe",67025.4,0
"pwm_moe",67025.4,0
"pwm_moe",67025.4,0
"pwm_moe",67025.4,0
"pwm_moe",67025.5,0
"pwm_moe",67025.5,0
"pwm_moe",67025.5,0
"pwm_moe",67025.5,0
"pwm_moe",67025.5,0
"pwm_moe",67025.5,0
"pwm_moe",67025.5,0
"pwm_moe",67025.5,0
"pwm_moe",67025.5,0
"pwm_moe",67025.5,0
"pwm_moe",67025.5,0
"pwm_moe",67025.5,0
"pwm_moe",67025.6,0
"pwm_moe",67025.6,0
"pwm_moe",67025.6,0
"pwm_moe",67025.6,0
"pwm_moe",67025.6,0
"pwm_moe",67025.6,0
"pwm_moe",67025.6,0
"pwm_moe",67025.6,0
"pwm_moe",67025.6,0
"pwm_moe",67025.6,0
"pwm_moe",67025.6,0
"pwm_moe",67025.7,0
"pwm_moe",67025.7,0
"pwm_moe",67025.7,0
"pwm_moe",67025.7,0
"pwm_moe",67025.7,0
"pwm_moe",67025.7,0
"pwm_moe",67025.7,0
"pwm_moe",67025.7,0
"pwm_moe",67025.7,0
"pwm_moe",67025.7,0
"pwm_moe",67025.7,0
"pwm_moe",67025.8,0
"pwm_moe",67025.8,0
"pwm_moe",67025.8,0
"pwm_moe",67025.8,0
"pwm_moe",67025.8,0
"pwm_moe",67025.8,0
"pwm_moe",67025.8,0
"pwm_moe",67025.8,0
"pwm_moe",67025.8,0
"pwm_moe",67025.8,0
"pwm_moe",67025.8,0
"pwm_moe",67025.9,0
"pwm_moe",67025.9,0
"pwm_moe",67025.9,0
"pwm_moe",67025.9,0
"pwm_moe",67025.9,0
"pwm_moe",67025.9,0
"pwm_moe",67025.9,0
"pwm_moe",67025.9,0
"pwm_moe",67025.9,0
"pwm_moe",67025.9,0
"pwm_moe",67026,0
"pwm_moe",67026,0
"pwm_moe",67026,0
"pwm_moe",67026,0
"pwm_moe",67026,0
"pwm_moe",67026,0
"pwm_moe",67026,0
"pwm_moe",67026,0
"pwm_moe",67026,0
"pwm_moe",67026,0
"pwm_moe",67026.1,0
"pwm_moe",67026.1,0
"pwm_moe",67026.1,0
"pwm_moe",67026.1,0
"pwm_moe",67026.1,0
"pwm_moe",67026.1,0
"pwm_moe",67026.1,0
"pwm_moe",67026.1,0
"pwm_moe",67026.1,0
"pwm_moe",67026.1,0
"pwm_moe",67026.2,0
"pwm_moe",67026.2,0
"pwm_moe",67026.2,0
"pwm_moe",67026.2,0
"pwm_moe",67026.2,0
"pwm_moe",67026.2,0
"pwm_moe",67026.2,0
"pwm_moe",67026.2,0
"pwm_moe",67026.2,0
"pwm_moe",67026.2,0
"pwm_moe",67026.3,0
"pwm_moe",67026.3,0
"pwm_moe",67026.3,0
"pwm_moe",67026.3,0
"pwm_moe",67026.3,0
"pwm_moe",67026.3,0
"pwm_moe",67026.3,0
"pwm_moe",67026.3,0
"pwm_moe",67026.3,0
"pwm_moe",67026.3,0
"pwm_moe",67026.4,0
"pwm_moe",67026.4,0
"pwm_moe",67026.4,0
"pwm_moe",67026.4,0
"pwm_moe",67026.4,0
"pwm_moe",67026.4,0
"pwm_moe",67026.4,0
"pwm_moe",67026.4,0
"pwm_moe",67026.4,0
"pwm_moe",67026.4,0
"pwm_moe",67026.5,0
"pwm_moe",67026.5,0
"pwm_moe",67026.5,0
"pwm_moe",67026.5,0
"pwm_moe",67026.5,0
"pwm_moe",67026.5,0
"pwm_moe",67026.5,0
"pwm_moe",67026.5,0
"pwm_moe",67026.5,0
"pwm_moe",67026.5,0
"pwm_moe",67026.6,0
"pwm_moe",67026.6,0
"pwm_moe",67026.6,0
"pwm_moe",67026.6,0
"pwm_moe",67026.6,0
"pwm_moe",67026.6,0
"pwm_moe",67026.6,0
"pwm_moe",67026.6,0
"pwm_moe",67026.6,0
"pwm_moe",67026.6,0
"pwm_moe",67026.7,0
"pwm_moe",67026.7,0
"pwm_moe",67026.7,0
"pwm_moe",67026.7,0
"pwm_moe",67026.7,0
"pwm_moe",67026.7,0
"pwm_moe",67026.7,0
"pwm_moe",67026.7,0
"pwm_moe",67026.7,0
"pwm_moe",67026.8,0
"pwm_moe",67026.8,0
"pwm_moe",67026.8,0
"pwm_moe",67026.8,0
"pwm_moe",67026.8,0
"pwm_moe",67026.8,0
"pwm_moe",67026.8,0
"pwm_moe",67026.8,0
"pwm_moe",67026.8,0
"pwm_moe",67026.8,0
"pwm_moe",67026.9,0
"pwm_moe",67026.9,0
"pwm_moe",67026.9,0
"pwm_moe",67026.9,0
"pwm_moe",67026.9,0
"pwm_moe",67026.9,0
"pwm_moe",67026.9,0
"pwm_moe",67026.9,0
"pwm_moe",67026.9,0
"pwm_moe",67026.9,0
"pwm_moe",67026.9,0
"pwm_moe",67027,0
"pwm_moe",67027,0
"pwm_moe",67027,0
"pwm_moe",67027,0
"pwm_moe",67027,0
"pwm_moe",67027,0
"pwm_moe",67027,0
"pwm_moe",67027,0
"pwm_moe",67027,0
"pwm_moe",67027,0
"pwm_moe",67027.1,0
"pwm_moe",67027.1,0
"pwm_moe",67027.1,0
"pwm_moe",67027.1,0
"pwm_moe",67027.1,0
"pwm_moe",67027.1,0
"pwm_moe",67027.1,0
"pwm_moe",67027.1,0
"pwm_moe",67027.1,0
"pwm_moe",67027.1,0
"pwm_moe",67027.2,0
"pwm_moe",67027.2,0
"pwm_moe",67027.2,0
"pwm_moe",67027.2,0
"pwm_moe",67027.2,0
"pwm_moe",67027.2,0
"pwm_moe",67027.2,0
"pwm_moe",67027.2,0
"pwm_moe",67027.2,0
"pwm_moe",67027.2,0
"pwm_moe",67027.3,0
"pwm_moe",67027.3,0
"pwm_moe",67027.3,0
"pwm_moe",67027.3,0
"pwm_moe",67027.3,0
"pwm_moe",67027.3,0
"pwm_moe",67027.3,0
"pwm_moe",67027.3,0
"pwm_moe",67027.3,0
"pwm_moe",67027.4,0
"pwm_moe",67027.4,0
"pwm_moe",67027.4,0
"pwm_moe",67027.4,0
"pwm_moe",67027.4,0
"pwm_moe",67027.4,0
"pwm_moe",67027.4,0
"pwm_moe",67027.4,0
"pwm_moe",67027.4,0
"pwm_moe",67027.4,0
"pwm_moe",67027.4,0
"pwm_moe",67027.5,0
"pwm_moe",67027.5,0
"pwm_moe",67027.5,0
"pwm_moe",67027.5,0
"pwm_moe",67027.5,0
"pwm_moe",67027.5,0
"pwm_moe",67027.5,0
"pwm_moe",67027.5,0
"pwm_moe",67027.5,0
"pwm_moe",67027.5,0
"pwm_moe",67027.6,0
"pwm_moe",67027.6,0
"pwm_moe",67027.6,0
"pwm_moe",67027.6,0
"pwm_moe",67027.6,0
"pwm_moe",67027.6,0
"pwm_moe",67027.6,0
"pwm_moe",67027.6,0
"pwm_moe",67027.6,0
"pwm_moe",67027.6,0
"pwm_moe",67027.7,0
"pwm_moe",67027.7,0
"pwm_moe",67027.7,0
"pwm_moe",67027.7,0
"pwm_moe",67027.7,0
"pwm_moe",67027.7,0
"pwm_moe",67027.7,0
"pwm_moe",67027.7,0
"pwm_moe",67027.7,0
"pwm_moe",67027.8,0
"pwm_moe",67027.8,0
"pwm_moe",67027.8,0
"pwm_moe",67027.8,0
"pwm_moe",67027.8,0
"pwm_moe",67027.8,0
"pwm_moe",67027.8,0
"pwm_moe",67027.8,0
"pwm_moe",67027.8,0
"pwm_moe",67027.8,0
"pwm_moe",67027.8,0
"pwm_moe",67027.9,0
"pwm_moe",67027.9,0
"pwm_moe",67027.9,0
"pwm_moe",67027.9,0
"pwm_moe",67027.9,0
"pwm_moe",67027.9,0
"pwm_moe",67027.9,0
"pwm_moe",67027.9,0
"pwm_moe",67027.9,0
"pwm_moe",67027.9,0
"pwm_moe",67028,0
"pwm_moe",67028,0
"pwm_moe",67028,0
"pwm_moe",67028,0
"pwm_moe",67028,0
"pwm_moe",67028,0
"pwm_moe",67028,0
"pwm_moe",67028,0
"pwm_moe",67028,0
"pwm_moe",67028,0
"pwm_moe",67028.1,0
"pwm_moe",67028.1,0
"pwm_moe",67028.1,0
"pwm_moe",67028.1,0
"pwm_moe",67028.1,0
"pwm_moe",67028.1,0
"pwm_moe",67028.1,0
"pwm_moe",67028.1,0
"pwm_moe",67028.1,0
"pwm_moe",67028.1,0
"pwm_moe",67028.2,0
"pwm_moe",67028.2,0
"pwm_moe",67028.2,0
"pwm_moe",67028.2,0
"pwm_moe",67028.2,0
"pwm_moe",67028.2,0
"pwm_moe",67028.2,0
"pwm_moe",67028.2,0
"pwm_moe",67028.2,0
"pwm_moe",67028.2,0
"pwm_moe",67028.3,0
"pwm_moe",67028.3,0
"pwm_moe",67028.3,0
"pwm_moe",67028.3,0
"pwm_moe",67028.3,0
"pwm_moe",67028.3,0
"pwm_moe",67028.3,0
"pwm_moe",67028.3,0
"pwm_moe",67028.3,0
"pwm_moe",67028.3,0
"pwm_moe",67028.4,0
"pwm_moe",67028.4,0
"pwm_moe",67028.4,0
"pwm_moe",67028.4,0
"pwm_moe",67028.4,0
"pwm_moe",67028.4,0
"pwm_moe",67028.4,0
"pwm_moe",67028.4,0
"pwm_moe",67028.4,0
"pwm_moe",67028.4,0
"pwm_moe",67028.5,0
"pwm_moe",67028.5,0
"pwm_moe",67028.5,0
"pwm_moe",67028.5,0
"pwm_moe",67028.5,0
"pwm_moe",67028.5,0
"pwm_moe",67028.5,0
"pwm_moe",67028.5,0
"pwm_moe",67028.5,0
"pwm_moe",67028.5,0
"pwm_moe",67028.6,0
"pwm_moe",67028.6,0
"pwm_moe",67028.6,0
"pwm_moe",67028.6,0
"pwm_moe",67028.6,0
"pwm_moe",67028.6,0
"pwm_moe",67028.6,0
"pwm_moe",67028.6,0
"pwm_moe",67028.6,0
"pwm_moe",67028.6,0
"pwm_moe",67028.7,0
"pwm_moe",67028.7,0
"pwm_moe",67028.7,0
"pwm_moe",67028.7,0
"pwm_moe",67028.7,0
"pwm_moe",67028.7,0
"pwm_moe",67028.7,0
"pwm_moe",67028.7,0
"pwm_moe",67028.7,0
"pwm_moe",67028.8,0
"pwm_moe",67028.8,0
"pwm_moe",67028.8,0
"pwm_moe",67028.8,0
"pwm_moe",67028.8,0
"pwm_moe",67028.8,0
"pwm_moe",67028.8,0
"pwm_moe",67028.8,0
"pwm_moe",67028.8,0
"pwm_moe",67028.8,0
"pwm_moe",67028.9,0
"pwm_moe",67028.9,0
"pwm_moe",67028.9,0
"pwm_moe",67028.9,0
"pwm_moe",67028.9,0
"pwm_moe",67028.9,0
"pwm_moe",67028.9,0
"pwm_moe",67028.9,0
"pwm_moe",67028.9,0
"pwm_moe",67028.9,0
"pwm_moe",67029,0
"pwm_moe",67029,0
"pwm_moe",67029,0
"pwm_moe",67029,0
"pwm_moe",67029,0
"pwm_moe",67029,0
"pwm_moe",67029,0
"pwm_moe",67029,0
"pwm_moe",67029,0
"pwm_moe",67029,0
"pwm_moe",67029,0
"pwm_moe",67029.1,0
"pwm_moe",67029.1,0
"pwm_moe",67029.1,0
"pwm_moe",67029.1,0
"pwm_moe",67029.1,0
"pwm_moe",67029.1,0
"pwm_moe",67029.1,0
"pwm_moe",67029.1,0
"pwm_moe",67029.1,0
"pwm_moe",67029.1,0
"pwm_moe",67029.2,0
"pwm_moe",67029.2,0
"pwm_moe",67029.2,0
"pwm_moe",67029.2,0
"pwm_moe",67029.2,0
"pwm_moe",67029.2,0
"pwm_moe",67029.2,0
"pwm_moe",67029.2,0
"pwm_moe",67029.2,0
"pwm_moe",67029.2,0
"pwm_moe",67029.3,0
"pwm_moe",67029.3,0
"pwm_moe",67029.3,0
"pwm_moe",67029.3,0
"pwm_moe",67029.3,0
"pwm_moe",67029.3,0
"pwm_moe",67029.3,0
"pwm_moe",67029.3,0
"pwm_moe",67029.3,0
"pwm_moe",67029.4,0
"pwm_moe",67029.4,0
"pwm_moe",67029.4,0
"pwm_moe",67029.4,0
"pwm_moe",67029.4,0
"pwm_moe",67029.4,0
"pwm_moe",67029.4,0
"pwm_moe",67029.4,0
"pwm_moe",67029.4,0
"pwm_moe",67029.4,0
"pwm_moe",67029.4,0
"pwm_moe",67029.5,0
"pwm_moe",67029.5,0
"pwm_moe",67029.5,0
"pwm_moe",67029.5,0
"pwm_moe",67029.5,0
"pwm_moe",67029.5,0
"pwm_moe",67029.5,0
"pwm_moe",67029.5,0
"pwm_moe",67029.5,0
"pwm_moe",67029.5,0
"pwm_moe",67029.6,0
"pwm_moe",67029.6,0
"pwm_moe",67029.6,0
"pwm_moe",67029.6,0
"pwm_moe",67029.6,0
"pwm_moe",67029.6,0
"pwm_moe",67029.6,0
"pwm_moe",67029.6,0
"pwm_moe",67029.6,0
"pwm_moe",67029.6,0
"pwm_moe",67029.7,0
"pwm_moe",67029.7,0
"pwm_moe",67029.7,0
"pwm_moe",67029.7,0
"pwm_moe",67029.7,0
"pwm_moe",67029.7,0
"pwm_moe",67029.7,0
"pwm_moe",67029.7,0
"pwm_moe",67029.7,0
"pwm_moe",67029.8,0
"pwm_moe",67029.8,0
"pwm_moe",67029.8,0
"pwm_moe",67029.8,0
"pwm_moe",67029.8,0
"pwm_moe",67029.8,0
"pwm_moe",67029.8,0
"pwm_moe",67029.8,0
"pwm_moe",67029.8,0
"pwm_moe",67029.8,0
"control_outputs_enabled",66999.9,0
"control_outputs_enabled",66999.9,0
"control_outputs_enabled",66999.9,0
"control_outputs_enabled",66999.9,0
"control_outputs_enabled",66999.9,0
"control_outputs_enabled",67000,0
"control_outputs_enabled",67000,0
"control_outputs_enabled",67000,0
"control_outputs_enabled",67000,0
"control_outputs_enabled",67000,0
"control_outputs_enabled",67000,0
"control_outputs_enabled",67000,0
"control_outputs_enabled",67000,0
"control_outputs_enabled",67000,0
"control_outputs_enabled",67000,0
"control_outputs_enabled",67000.1,0
"control_outputs_enabled",67000.1,0
"control_outputs_enabled",67000.1,0
"control_outputs_enabled",67000.1,0
"control_outputs_enabled",67000.1,0
"control_outputs_enabled",67000.1,0
"control_outputs_enabled",67000.1,0
"control_outputs_enabled",67000.1,0
"control_outputs_enabled",67000.1,0
"control_outputs_enabled",67000.1,0
"control_outputs_enabled",67000.2,0
"control_outputs_enabled",67000.2,0
"control_outputs_enabled",67000.2,0
"control_outputs_enabled",67000.2,0
"control_outputs_enabled",67000.2,0
"control_outputs_enabled",67000.2,0
"control_outputs_enabled",67000.2,0
"control_outputs_enabled",67000.2,0
"control_outputs_enabled",67000.2,0
"control_outputs_enabled",67000.2,0
"control_outputs_enabled",67000.3,0
"control_outputs_enabled",67000.3,0
"control_outputs_enabled",67000.3,0
"control_outputs_enabled",67000.3,0
"control_outputs_enabled",67000.3,0
"control_outputs_enabled",67000.3,0
"control_outputs_enabled",67000.3,0
"control_outputs_enabled",67000.3,0
"control_outputs_enabled",67000.3,0
"control_outputs_enabled",67000.4,0
"control_outputs_enabled",67000.4,0
"control_outputs_enabled",67000.4,0
"control_outputs_enabled",67000.4,0
"control_outputs_enabled",67000.4,0
"control_outputs_enabled",67000.4,0
"control_outputs_enabled",67000.4,0
"control_outputs_enabled",67000.4,0
"control_outputs_enabled",67000.4,0
"control_outputs_enabled",67000.4,0
"control_outputs_enabled",67000.4,0
"control_outputs_enabled",67000.5,0
"control_outputs_enabled",67000.5,0
"control_outputs_enabled",67000.5,0
"control_outputs_enabled",67000.5,0
"control_outputs_enabled",67000.5,0
"control_outputs_enabled",67000.5,0
"control_outputs_enabled",67000.5,0
"control_outputs_enabled",67000.5,0
"control_outputs_enabled",67000.5,0
"control_outputs_enabled",67000.5,0
"control_outputs_enabled",67000.6,0
"control_outputs_enabled",67000.6,0
"control_outputs_enabled",67000.6,0
"control_outputs_enabled",67000.6,0
"control_outputs_enabled",67000.6,0
"control_outputs_enabled",67000.6,0
"control_outputs_enabled",67000.6,0
"control_outputs_enabled",67000.6,0
"control_outputs_enabled",67000.6,0
"control_outputs_enabled",67000.6,0
"control_outputs_enabled",67000.7,0
"control_outputs_enabled",67000.7,0
"control_outputs_enabled",67000.7,0
"control_outputs_enabled",67000.7,0
"control_outputs_enabled",67000.7,0
"control_outputs_enabled",67000.7,0
"control_outputs_enabled",67000.7,0
"control_outputs_enabled",67000.7,0
"control_outputs_enabled",67000.7,0
"control_outputs_enabled",67000.8,0
"control_outputs_enabled",67000.8,0
"control_outputs_enabled",67000.8,0
"control_outputs_enabled",67000.8,0
"control_outputs_enabled",67000.8,0
"control_outputs_enabled",67000.8,0
"control_outputs_enabled",67000.8,0
"control_outputs_enabled",67000.8,0
"control_outputs_enabled",67000.8,0
"control_outputs_enabled",67000.8,0
"control_outputs_enabled",67000.9,0
"control_outputs_enabled",67000.9,0
"control_outputs_enabled",67000.9,0
"control_outputs_enabled",67000.9,0
"control_outputs_enabled",67000.9,0
"control_outputs_enabled",67000.9,0
"control_outputs_enabled",67000.9,0
"control_outputs_enabled",67000.9,0
"control_outputs_enabled",67000.9,0
"control_outputs_enabled",67000.9,0
"control_outputs_enabled",67000.9,0
"control_outputs_enabled",67001,0
"control_outputs_enabled",67001,0
"control_outputs_enabled",67001,0
"control_outputs_enabled",67001,0
"control_outputs_enabled",67001,0
"control_outputs_enabled",67001,0
"control_outputs_enabled",67001,0
"control_outputs_enabled",67001,0
"control_outputs_enabled",67001,0
"control_outputs_enabled",67001,0
"control_outputs_enabled",67001.1,0
"control_outputs_enabled",67001.1,0
"control_outputs_enabled",67001.1,0
"control_outputs_enabled",67001.1,0
"control_outputs_enabled",67001.1,0
"control_outputs_enabled",67001.1,0
"control_outputs_enabled",67001.1,0
"control_outputs_enabled",67001.1,0
"control_outputs_enabled",67001.1,0
"control_outputs_enabled",67001.1,0
"control_outputs_enabled",67001.2,0
"control_outputs_enabled",67001.2,0
"control_outputs_enabled",67001.2,0
"control_outputs_enabled",67001.2,0
"control_outputs_enabled",67001.2,0
"control_outputs_enabled",67001.2,0
"control_outputs_enabled",67001.2,0
"control_outputs_enabled",67001.2,0
"control_outputs_enabled",67001.2,0
"control_outputs_enabled",67001.2,0
"control_outputs_enabled",67001.3,0
"control_outputs_enabled",67001.3,0
"control_outputs_enabled",67001.3,0
"control_outputs_enabled",67001.3,0
"control_outputs_enabled",67001.3,0
"control_outputs_enabled",67001.3,0
"control_outputs_enabled",67001.3,0
"control_outputs_enabled",67001.3,0
"control_outputs_enabled",67001.3,0
"control_outputs_enabled",67001.4,0
"control_outputs_enabled",67001.4,0
"control_outputs_enabled",67001.4,0
"control_outputs_enabled",67001.4,0
"control_outputs_enabled",67001.4,0
"control_outputs_enabled",67001.4,0
"control_outputs_enabled",67001.4,0
"control_outputs_enabled",67001.4,0
"control_outputs_enabled",67001.4,0
"control_outputs_enabled",67001.4,0
"control_outputs_enabled",67001.5,0
"control_outputs_enabled",67001.5,0
"control_outputs_enabled",67001.5,0
"control_outputs_enabled",67001.5,0
"control_outputs_enabled",67001.5,0
"control_outputs_enabled",67001.5,0
"control_outputs_enabled",67001.5,0
"control_outputs_enabled",67001.5,0
"control_outputs_enabled",67001.5,0
"control_outputs_enabled",67001.5,0
"control_outputs_enabled",67001.5,0
"control_outputs_enabled",67001.6,0
"control_outputs_enabled",67001.6,0
"control_outputs_enabled",67001.6,0
"control_outputs_enabled",67001.6,0
"control_outputs_enabled",67001.6,0
"control_outputs_enabled",67001.6,0
"control_outputs_enabled",67001.6,0
"control_outputs_enabled",67001.6,0
"control_outputs_enabled",67001.6,0
"control_outputs_enabled",67001.7,0
"control_outputs_enabled",67001.7,0
"control_outputs_enabled",67001.7,0
"control_outputs_enabled",67001.7,0
"control_outputs_enabled",67001.7,0
"control_outputs_enabled",67001.7,0
"control_outputs_enabled",67001.7,0
"control_outputs_enabled",67001.7,0
"control_outputs_enabled",67001.7,0
"control_outputs_enabled",67001.7,0
"control_outputs_enabled",67001.8,0
"control_outputs_enabled",67001.8,0
"control_outputs_enabled",67001.8,0
"control_outputs_enabled",67001.8,0
"control_outputs_enabled",67001.8,0
"control_outputs_enabled",67001.8,0
"control_outputs_enabled",67001.8,0
"control_outputs_enabled",67001.8,0
"control_outputs_enabled",67001.8,0
"control_outputs_enabled",67001.8,0
"control_outputs_enabled",67001.9,0
"control_outputs_enabled",67001.9,0
"control_outputs_enabled",67001.9,0
"control_outputs_enabled",67001.9,0
"control_outputs_enabled",67001.9,0
"control_outputs_enabled",67001.9,0
"control_outputs_enabled",67001.9,0
"control_outputs_enabled",67001.9,0
"control_outputs_enabled",67001.9,0
"control_outputs_enabled",67001.9,0
"control_outputs_enabled",67002,0
"control_outputs_enabled",67002,0
"control_outputs_enabled",67002,0
"control_outputs_enabled",67002,0
"control_outputs_enabled",67002,0
"control_outputs_enabled",67002,0
"control_outputs_enabled",67002,0
"control_outputs_enabled",67002,0
"control_outputs_enabled",67002,0
"control_outputs_enabled",67002,0
"control_outputs_enabled",67002.1,0
"control_outputs_enabled",67002.1,0
"control_outputs_enabled",67002.1,0
"control_outputs_enabled",67002.1,0
"control_outputs_enabled",67002.1,0
"control_outputs_enabled",67002.1,0
"control_outputs_enabled",67002.1,0
"control_outputs_enabled",67002.1,0
"control_outputs_enabled",67002.1,0
"control_outputs_enabled",67002.1,0
"control_outputs_enabled",67002.2,0
"control_outputs_enabled",67002.2,0
"control_outputs_enabled",67002.2,0
"control_outputs_enabled",67002.2,0
"control_outputs_enabled",67002.2,0
"control_outputs_enabled",67002.2,0
"control_outputs_enabled",67002.2,0
"control_outputs_enabled",67002.2,0
"control_outputs_enabled",67002.2,0
"control_outputs_enabled",67002.2,0
"control_outputs_enabled",67002.2,0
"control_outputs_enabled",67002.3,0
"control_outputs_enabled",67002.3,0
"control_outputs_enabled",67002.3,0
"control_outputs_enabled",67002.3,0
"control_outputs_enabled",67002.3,0
"control_outputs_enabled",67002.3,0
"control_outputs_enabled",67002.3,0
"control_outputs_enabled",67002.3,0
"control_outputs_enabled",67002.3,0
"control_outputs_enabled",67002.4,0
"control_outputs_enabled",67002.4,0
"control_outputs_enabled",67002.4,0
"control_outputs_enabled",67002.4,0
"control_outputs_enabled",67002.4,0
"control_outputs_enabled",67002.4,0
"control_outputs_enabled",67002.4,0
"control_outputs_enabled",67002.4,0
"control_outputs_enabled",67002.4,0
"control_outputs_enabled",67002.4,0
"control_outputs_enabled",67002.5,0
"control_outputs_enabled",67002.5,0
"control_outputs_enabled",67002.5,0
"control_outputs_enabled",67002.5,0
"control_outputs_enabled",67002.5,0
"control_outputs_enabled",67002.5,0
"control_outputs_enabled",67002.5,0
"control_outputs_enabled",67002.5,0
"control_outputs_enabled",67002.5,0
"control_outputs_enabled",67002.5,0
"control_outputs_enabled",67002.6,0
"control_outputs_enabled",67002.6,0
"control_outputs_enabled",67002.6,0
"control_outputs_enabled",67002.6,0
"control_outputs_enabled",67002.6,0
"control_outputs_enabled",67002.6,0
"control_outputs_enabled",67002.6,0
"control_outputs_enabled",67002.6,0
"control_outputs_enabled",67002.6,0
"control_outputs_enabled",67002.6,0
"control_outputs_enabled",67002.7,0
"control_outputs_enabled",67002.7,0
"control_outputs_enabled",67002.7,0
"control_outputs_enabled",67002.7,0
"control_outputs_enabled",67002.7,0
"control_outputs_enabled",67002.7,0
"control_outputs_enabled",67002.7,0
"control_outputs_enabled",67002.7,0
"control_outputs_enabled",67002.7,0
"control_outputs_enabled",67002.7,0
"control_outputs_enabled",67002.8,0
"control_outputs_enabled",67002.8,0
"control_outputs_enabled",67002.8,0
"control_outputs_enabled",67002.8,0
"control_outputs_enabled",67002.8,0
"control_outputs_enabled",67002.8,0
"control_outputs_enabled",67002.8,0
"control_outputs_enabled",67002.8,0
"control_outputs_enabled",67002.8,0
"control_outputs_enabled",67002.8,0
"control_outputs_enabled",67002.9,0
"control_outputs_enabled",67002.9,0
"control_outputs_enabled",67002.9,0
"control_outputs_enabled",67002.9,0
"control_outputs_enabled",67002.9,0
"control_outputs_enabled",67002.9,0
"control_outputs_enabled",67002.9,0
"control_outputs_enabled",67002.9,0
"control_outputs_enabled",67002.9,0
"control_outputs_enabled",67002.9,0
"control_outputs_enabled",67003,0
"control_outputs_enabled",67003,0
"control_outputs_enabled",67003,0
"control_outputs_enabled",67003,0
"control_outputs_enabled",67003,0
"control_outputs_enabled",67003,0
"control_outputs_enabled",67003,0
"control_outputs_enabled",67003,0
"control_outputs_enabled",67003,0
"control_outputs_enabled",67003,0
"control_outputs_enabled",67003.1,0
"control_outputs_enabled",67003.1,0
"control_outputs_enabled",67003.1,0
"control_outputs_enabled",67003.1,0
"control_outputs_enabled",67003.1,0
"control_outputs_enabled",67003.1,0
"control_outputs_enabled",67003.1,0
"control_outputs_enabled",67003.1,0
"control_outputs_enabled",67003.1,0
"control_outputs_enabled",67003.1,0
"control_outputs_enabled",67003.2,0
"control_outputs_enabled",67003.2,0
"control_outputs_enabled",67003.2,0
"control_outputs_enabled",67003.2,0
"control_outputs_enabled",67003.2,0
"control_outputs_enabled",67003.2,0
"control_outputs_enabled",67003.2,0
"control_outputs_enabled",67003.2,0
"control_outputs_enabled",67003.2,0
"control_outputs_enabled",67003.2,0
"control_outputs_enabled",67003.3,0
"control_outputs_enabled",67003.3,0
"control_outputs_enabled",67003.3,0
"control_outputs_enabled",67003.3,0
"control_outputs_enabled",67003.3,0
"control_outputs_enabled",67003.3,0
"control_outputs_enabled",67003.3,0
"control_outputs_enabled",67003.3,0
"control_outputs_enabled",67003.3,0
"control_outputs_enabled",67003.3,0
"control_outputs_enabled",67003.4,0
"control_outputs_enabled",67003.4,0
"control_outputs_enabled",67003.4,0
"control_outputs_enabled",67003.4,0
"control_outputs_enabled",67003.4,0
"control_outputs_enabled",67003.4,0
"control_outputs_enabled",67003.4,0
"control_outputs_enabled",67003.4,0
"control_outputs_enabled",67003.4,0
"control_outputs_enabled",67003.4,0
"control_outputs_enabled",67003.5,0
"control_outputs_enabled",67003.5,0
"control_outputs_enabled",67003.5,0
"control_outputs_enabled",67003.5,0
"control_outputs_enabled",67003.5,0
"control_outputs_enabled",67003.5,0
"control_outputs_enabled",67003.5,0
"control_outputs_enabled",67003.5,0
"control_outputs_enabled",67003.5,0
"control_outputs_enabled",67003.5,0
"control_outputs_enabled",67003.6,0
"control_outputs_enabled",67003.6,0
"control_outputs_enabled",67003.6,0
"control_outputs_enabled",67003.6,0
"control_outputs_enabled",67003.6,0
"control_outputs_enabled",67003.6,0
"control_outputs_enabled",67003.6,0
"control_outputs_enabled",67003.6,0
"control_outputs_enabled",67003.6,0
"control_outputs_enabled",67003.6,0
"control_outputs_enabled",67003.6,0
"control_outputs_enabled",67003.7,0
"control_outputs_enabled",67003.7,0
"control_outputs_enabled",67003.7,0
"control_outputs_enabled",67003.7,0
"control_outputs_enabled",67003.7,0
"control_outputs_enabled",67003.7,0
"control_outputs_enabled",67003.7,0
"control_outputs_enabled",67003.7,0
"control_outputs_enabled",67003.7,0
"control_outputs_enabled",67003.7,0
"control_outputs_enabled",67003.8,0
"control_outputs_enabled",67003.8,0
"control_outputs_enabled",67003.8,0
"control_outputs_enabled",67003.8,0
"control_outputs_enabled",67003.8,0
"control_outputs_enabled",67003.8,0
"control_outputs_enabled",67003.8,0
"control_outputs_enabled",67003.8,0
"control_outputs_enabled",67003.8,0
"control_outputs_enabled",67003.8,0
"control_outputs_enabled",67003.9,0
"control_outputs_enabled",67003.9,0
"control_outputs_enabled",67003.9,0
"control_outputs_enabled",67003.9,0
"control_outputs_enabled",67003.9,0
"control_outputs_enabled",67003.9,0
"control_outputs_enabled",67003.9,0
"control_outputs_enabled",67003.9,0
"control_outputs_enabled",67003.9,0
"control_outputs_enabled",67003.9,0
"control_outputs_enabled",67004,0
"control_outputs_enabled",67004,0
"control_outputs_enabled",67004,0
"control_outputs_enabled",67004,0
"control_outputs_enabled",67004,0
"control_outputs_enabled",67004,0
"control_outputs_enabled",67004,0
"control_outputs_enabled",67004,0
"control_outputs_enabled",67004,0
"control_outputs_enabled",67004,0
"control_outputs_enabled",67004.1,0
"control_outputs_enabled",67004.1,0
"control_outputs_enabled",67004.1,0
"control_outputs_enabled",67004.1,0
"control_outputs_enabled",67004.1,0
"control_outputs_enabled",67004.1,0
"control_outputs_enabled",67004.1,0
"control_outputs_enabled",67004.1,0
"control_outputs_enabled",67004.1,0
"control_outputs_enabled",67004.1,0
"control_outputs_enabled",67004.2,0
"control_outputs_enabled",67004.2,0
"control_outputs_enabled",67004.2,0
"control_outputs_enabled",67004.2,0
"control_outputs_enabled",67004.2,0
"control_outputs_enabled",67004.2,0
"control_outputs_enabled",67004.2,0
"control_outputs_enabled",67004.2,0
"control_outputs_enabled",67004.2,0
"control_outputs_enabled",67004.2,0
"control_outputs_enabled",67004.3,0
"control_outputs_enabled",67004.3,0
"control_outputs_enabled",67004.3,0
"control_outputs_enabled",67004.3,0
"control_outputs_enabled",67004.3,0
"control_outputs_enabled",67004.3,0
"control_outputs_enabled",67004.3,0
"control_outputs_enabled",67004.3,0
"control_outputs_enabled",67004.3,0
"control_outputs_enabled",67004.3,0
"control_outputs_enabled",67004.4,0
"control_outputs_enabled",67004.4,0
"control_outputs_enabled",67004.4,0
"control_outputs_enabled",67004.4,0
"control_outputs_enabled",67004.4,0
"control_outputs_enabled",67004.4,0
"control_outputs_enabled",67004.4,0
"control_outputs_enabled",67004.4,0
"control_outputs_enabled",67004.4,0
"control_outputs_enabled",67004.4,0
"control_outputs_enabled",67004.5,0
"control_outputs_enabled",67004.5,0
"control_outputs_enabled",67004.5,0
"control_outputs_enabled",67004.5,0
"control_outputs_enabled",67004.5,0
"control_outputs_enabled",67004.5,0
"control_outputs_enabled",67004.5,0
"control_outputs_enabled",67004.5,0
"control_outputs_enabled",67004.5,0
"control_outputs_enabled",67004.5,0
"control_outputs_enabled",67004.6,0
"control_outputs_enabled",67004.6,0
"control_outputs_enabled",67004.6,0
"control_outputs_enabled",67004.6,0
"control_outputs_enabled",67004.6,0
"control_outputs_enabled",67004.6,0
"control_outputs_enabled",67004.6,0
"control_outputs_enabled",67004.6,0
"control_outputs_enabled",67004.6,0
"control_outputs_enabled",67004.6,0
"control_outputs_enabled",67004.7,0
"control_outputs_enabled",67004.7,0
"control_outputs_enabled",67004.7,0
"control_outputs_enabled",67004.7,0
"control_outputs_enabled",67004.7,0
"control_outputs_enabled",67004.7,0
"control_outputs_enabled",67004.8,0
"control_outputs_enabled",67004.8,0
"control_outputs_enabled",67004.8,0
"control_outputs_enabled",67004.8,0
"control_outputs_enabled",67004.8,0
"control_outputs_enabled",67004.8,0
"control_outputs_enabled",67004.9,0
"control_outputs_enabled",67004.9,0
"control_outputs_enabled",67004.9,0
"control_outputs_enabled",67004.9,0
"control_outputs_enabled",67004.9,0
"control_outputs_enabled",67004.9,0
"control_outputs_enabled",67004.9,0
"control_outputs_enabled",67004.9,0
"control_outputs_enabled",67005,0
"control_outputs_enabled",67005,0
"control_outputs_enabled",67005,0
"control_outputs_enabled",67005,0
"control_outputs_enabled",67005,0
"control_outputs_enabled",67005.1,0
"control_outputs_enabled",67005.1,0
"control_outputs_enabled",67005.1,0
"control_outputs_enabled",67005.1,0
"control_outputs_enabled",67005.1,0
"control_outputs_enabled",67005.1,0
"control_outputs_enabled",67005.1,0
"control_outputs_enabled",67005.1,0
"control_outputs_enabled",67005.1,0
"control_outputs_enabled",67005.1,0
"control_outputs_enabled",67005.2,0
"control_outputs_enabled",67005.2,0
"control_outputs_enabled",67005.2,0
"control_outputs_enabled",67005.2,0
"control_outputs_enabled",67005.2,0
"control_outputs_enabled",67005.2,0
"control_outputs_enabled",67005.2,0
"control_outputs_enabled",67005.2,0
"control_outputs_enabled",67005.2,0
"control_outputs_enabled",67005.2,0
"control_outputs_enabled",67005.2,0
"control_outputs_enabled",67005.3,0
"control_outputs_enabled",67005.3,0
"control_outputs_enabled",67005.3,0
"control_outputs_enabled",67005.3,0
"control_outputs_enabled",67005.3,0
"control_outputs_enabled",67005.3,0
"control_outputs_enabled",67005.3,0
"control_outputs_enabled",67005.3,0
"control_outputs_enabled",67005.3,0
"control_outputs_enabled",67005.3,0
"control_outputs_enabled",67005.3,0
"control_outputs_enabled",67005.4,0
"control_outputs_enabled",67005.4,0
"control_outputs_enabled",67005.4,0
"control_outputs_enabled",67005.4,0
"control_outputs_enabled",67005.4,0
"control_outputs_enabled",67005.4,0
"control_outputs_enabled",67005.4,0
"control_outputs_enabled",67005.4,0
"control_outputs_enabled",67005.4,0
"control_outputs_enabled",67005.4,0
"control_outputs_enabled",67005.4,0
"control_outputs_enabled",67005.5,0
"control_outputs_enabled",67005.5,0
"control_outputs_enabled",67005.5,0
"control_outputs_enabled",67005.5,0
"control_outputs_enabled",67005.5,0
"control_outputs_enabled",67005.5,0
"control_outputs_enabled",67005.5,0
"control_outputs_enabled",67005.5,0
"control_outputs_enabled",67005.5,0
"control_outputs_enabled",67005.5,0
"control_outputs_enabled",67005.5,0
"control_outputs_enabled",67005.5,0
"control_outputs_enabled",67005.6,0
"control_outputs_enabled",67005.6,0
"control_outputs_enabled",67005.6,0
"control_outputs_enabled",67005.6,0
"control_outputs_enabled",67005.6,0
"control_outputs_enabled",67005.6,0
"control_outputs_enabled",67005.6,0
"control_outputs_enabled",67005.6,0
"control_outputs_enabled",67005.6,0
"control_outputs_enabled",67005.6,0
"control_outputs_enabled",67005.6,0
"control_outputs_enabled",67005.7,0
"control_outputs_enabled",67005.7,0
"control_outputs_enabled",67005.7,0
"control_outputs_enabled",67005.7,0
"control_outputs_enabled",67005.7,0
"control_outputs_enabled",67005.7,0
"control_outputs_enabled",67005.7,0
"control_outputs_enabled",67005.7,0
"control_outputs_enabled",67005.7,0
"control_outputs_enabled",67005.7,0
"control_outputs_enabled",67005.7,0
"control_outputs_enabled",67005.8,0
"control_outputs_enabled",67005.8,0
"control_outputs_enabled",67005.8,0
"control_outputs_enabled",67005.8,0
"control_outputs_enabled",67005.8,0
"control_outputs_enabled",67005.8,0
"control_outputs_enabled",67005.8,0
"control_outputs_enabled",67005.8,0
"control_outputs_enabled",67005.8,0
"control_outputs_enabled",67005.8,0
"control_outputs_enabled",67005.8,0
"control_outputs_enabled",67005.9,0
"control_outputs_enabled",67005.9,0
"control_outputs_enabled",67005.9,0
"control_outputs_enabled",67005.9,0
"control_outputs_enabled",67005.9,0
"control_outputs_enabled",67005.9,0
"control_outputs_enabled",67005.9,0
"control_outputs_enabled",67005.9,0
"control_outputs_enabled",67005.9,0
"control_outputs_enabled",67005.9,0
"control_outputs_enabled",67005.9,0
"control_outputs_enabled",67006,0
"control_outputs_enabled",67006,0
"control_outputs_enabled",67006,0
"control_outputs_enabled",67006,0
"control_outputs_enabled",67006,0
"control_outputs_enabled",67006,0
"control_outputs_enabled",67006,0
"control_outputs_enabled",67006,0
"control_outputs_enabled",67006,0
"control_outputs_enabled",67006,0
"control_outputs_enabled",67006.1,0
"control_outputs_enabled",67006.1,0
"control_outputs_enabled",67006.1,0
"control_outputs_enabled",67006.1,0
"control_outputs_enabled",67006.1,0
"control_outputs_enabled",67006.1,0
"control_outputs_enabled",67006.1,0
"control_outputs_enabled",67006.1,0
"control_outputs_enabled",67006.1,0
"control_outputs_enabled",67006.1,0
"control_outputs_enabled",67006.2,0
"control_outputs_enabled",67006.2,0
"control_outputs_enabled",67006.2,0
"control_outputs_enabled",67006.2,0
"control_outputs_enabled",67006.2,0
"control_outputs_enabled",67006.2,0
"control_outputs_enabled",67006.2,0
"control_outputs_enabled",67006.2,0
"control_outputs_enabled",67006.2,0
"control_outputs_enabled",67006.2,0
"control_outputs_enabled",67006.3,0
"control_outputs_enabled",67006.3,0
"control_outputs_enabled",67006.3,0
"control_outputs_enabled",67006.3,0
"control_outputs_enabled",67006.3,0
"control_outputs_enabled",67006.3,0
"control_outputs_enabled",67006.3,0
"control_outputs_enabled",67006.3,0
"control_outputs_enabled",67006.3,0
"control_outputs_enabled",67006.3,0
"control_outputs_enabled",67006.4,0
"control_outputs_enabled",67006.4,0
"control_outputs_enabled",67006.4,0
"control_outputs_enabled",67006.4,0
"control_outputs_enabled",67006.4,0
"control_outputs_enabled",67006.4,0
"control_outputs_enabled",67006.4,0
"control_outputs_enabled",67006.4,0
"control_outputs_enabled",67006.4,0
"control_outputs_enabled",67006.4,0
"control_outputs_enabled",67006.5,0
"control_outputs_enabled",67006.5,0
"control_outputs_enabled",67006.5,0
"control_outputs_enabled",67006.5,0
"control_outputs_enabled",67006.5,0
"control_outputs_enabled",67006.5,0
"control_outputs_enabled",67006.5,0
"control_outputs_enabled",67006.5,0
"control_outputs_enabled",67006.5,0
"control_outputs_enabled",67006.5,0
"control_outputs_enabled",67006.6,0
"control_outputs_enabled",67006.6,0
"control_outputs_enabled",67006.6,0
"control_outputs_enabled",67006.6,0
"control_outputs_enabled",67006.6,0
"control_outputs_enabled",67006.6,0
"control_outputs_enabled",67006.6,0
"control_outputs_enabled",67006.6,0
"control_outputs_enabled",67006.6,0
"control_outputs_enabled",67006.6,0
"control_outputs_enabled",67006.7,0
"control_outputs_enabled",67006.7,0
"control_outputs_enabled",67006.7,0
"control_outputs_enabled",67006.7,0
"control_outputs_enabled",67006.7,0
"control_outputs_enabled",67006.7,0
"control_outputs_enabled",67006.7,0
"control_outputs_enabled",67006.7,0
"control_outputs_enabled",67006.7,0
"control_outputs_enabled",67006.8,0
"control_outputs_enabled",67006.8,0
"control_outputs_enabled",67006.8,0
"control_outputs_enabled",67006.8,0
"control_outputs_enabled",67006.8,0
"control_outputs_enabled",67006.8,0
"control_outputs_enabled",67006.8,0
"control_outputs_enabled",67006.8,0
"control_outputs_enabled",67006.8,0
"control_outputs_enabled",67006.8,0
"control_outputs_enabled",67006.9,0
"control_outputs_enabled",67006.9,0
"control_outputs_enabled",67006.9,0
"control_outputs_enabled",67006.9,0
"control_outputs_enabled",67006.9,0
"control_outputs_enabled",67006.9,0
"control_outputs_enabled",67006.9,0
"control_outputs_enabled",67006.9,0
"control_outputs_enabled",67006.9,0
"control_outputs_enabled",67006.9,0
"control_outputs_enabled",67006.9,0
"control_outputs_enabled",67007,0
"control_outputs_enabled",67007,0
"control_outputs_enabled",67007,0
"control_outputs_enabled",67007,0
"control_outputs_enabled",67007,0
"control_outputs_enabled",67007,0
"control_outputs_enabled",67007,0
"control_outputs_enabled",67007,0
"control_outputs_enabled",67007,0
"control_outputs_enabled",67007,0
"control_outputs_enabled",67007.1,0
"control_outputs_enabled",67007.1,0
"control_outputs_enabled",67007.1,0
"control_outputs_enabled",67007.1,0
"control_outputs_enabled",67007.1,0
"control_outputs_enabled",67007.1,0
"control_outputs_enabled",67007.1,0
"control_outputs_enabled",67007.1,0
"control_outputs_enabled",67007.1,0
"control_outputs_enabled",67007.1,0
"control_outputs_enabled",67007.2,0
"control_outputs_enabled",67007.2,0
"control_outputs_enabled",67007.2,0
"control_outputs_enabled",67007.2,0
"control_outputs_enabled",67007.2,0
"control_outputs_enabled",67007.2,0
"control_outputs_enabled",67007.2,0
"control_outputs_enabled",67007.2,0
"control_outputs_enabled",67007.2,0
"control_outputs_enabled",67007.2,0
"control_outputs_enabled",67007.3,0
"control_outputs_enabled",67007.3,0
"control_outputs_enabled",67007.3,0
"control_outputs_enabled",67007.3,0
"control_outputs_enabled",67007.3,0
"control_outputs_enabled",67007.3,0
"control_outputs_enabled",67007.3,0
"control_outputs_enabled",67007.3,0
"control_outputs_enabled",67007.3,0
"control_outputs_enabled",67007.4,0
"control_outputs_enabled",67007.4,0
"control_outputs_enabled",67007.4,0
"control_outputs_enabled",67007.4,0
"control_outputs_enabled",67007.4,0
"control_outputs_enabled",67007.4,0
"control_outputs_enabled",67007.4,0
"control_outputs_enabled",67007.4,0
"control_outputs_enabled",67007.4,0
"control_outputs_enabled",67007.4,0
"control_outputs_enabled",67007.5,0
"control_outputs_enabled",67007.5,0
"control_outputs_enabled",67007.5,0
"control_outputs_enabled",67007.5,0
"control_outputs_enabled",67007.5,0
"control_outputs_enabled",67007.5,0
"control_outputs_enabled",67007.5,0
"control_outputs_enabled",67007.5,0
"control_outputs_enabled",67007.5,0
"control_outputs_enabled",67007.5,0
"control_outputs_enabled",67007.5,0
"control_outputs_enabled",67007.6,0
"control_outputs_enabled",67007.6,0
"control_outputs_enabled",67007.6,0
"control_outputs_enabled",67007.6,0
"control_outputs_enabled",67007.6,0
"control_outputs_enabled",67007.6,0
"control_outputs_enabled",67007.6,0
"control_outputs_enabled",67007.6,0
"control_outputs_enabled",67007.6,0
"control_outputs_enabled",67007.6,0
"control_outputs_enabled",67007.7,0
"control_outputs_enabled",67007.7,0
"control_outputs_enabled",67007.7,0
"control_outputs_enabled",67007.7,0
"control_outputs_enabled",67007.7,0
"control_outputs_enabled",67007.7,0
"control_outputs_enabled",67007.7,0
"control_outputs_enabled",67007.7,0
"control_outputs_enabled",67007.7,0
"control_outputs_enabled",67007.8,0
"control_outputs_enabled",67007.8,0
"control_outputs_enabled",67007.8,0
"control_outputs_enabled",67007.8,0
"control_outputs_enabled",67007.8,0
"control_outputs_enabled",67007.8,0
"control_outputs_enabled",67007.8,0
"control_outputs_enabled",67007.8,0
"control_outputs_enabled",67007.8,0
"control_outputs_enabled",67007.8,0
"control_outputs_enabled",67007.9,0
"control_outputs_enabled",67007.9,0
"control_outputs_enabled",67007.9,0
"control_outputs_enabled",67007.9,0
"control_outputs_enabled",67007.9,0
"control_outputs_enabled",67007.9,0
"control_outputs_enabled",67007.9,0
"control_outputs_enabled",67007.9,0
"control_outputs_enabled",67007.9,0
"control_outputs_enabled",67007.9,0
"control_outputs_enabled",67007.9,0
"control_outputs_enabled",67008,0
"control_outputs_enabled",67008,0
"control_outputs_enabled",67008,0
"control_outputs_enabled",67008,0
"control_outputs_enabled",67008,0
"control_outputs_enabled",67008,0
"control_outputs_enabled",67008,0
"control_outputs_enabled",67008,0
"control_outputs_enabled",67008,0
"control_outputs_enabled",67008,0
"control_outputs_enabled",67008.1,0
"control_outputs_enabled",67008.1,0
"control_outputs_enabled",67008.1,0
"control_outputs_enabled",67008.1,0
"control_outputs_enabled",67008.1,0
"control_outputs_enabled",67008.1,0
"control_outputs_enabled",67008.1,0
"control_outputs_enabled",67008.1,0
"control_outputs_enabled",67008.1,0
"control_outputs_enabled",67008.1,0
"control_outputs_enabled",67008.2,0
"control_outputs_enabled",67008.2,0
"control_outputs_enabled",67008.2,0
"control_outputs_enabled",67008.2,0
"control_outputs_enabled",67008.2,0
"control_outputs_enabled",67008.2,0
"control_outputs_enabled",67008.2,0
"control_outputs_enabled",67008.2,0
"control_outputs_enabled",67008.2,0
"control_outputs_enabled",67008.2,0
"control_outputs_enabled",67008.3,0
"control_outputs_enabled",67008.3,0
"control_outputs_enabled",67008.3,0
"control_outputs_enabled",67008.3,0
"control_outputs_enabled",67008.3,0
"control_outputs_enabled",67008.3,0
"control_outputs_enabled",67008.3,0
"control_outputs_enabled",67008.3,0
"control_outputs_enabled",67008.3,0
"control_outputs_enabled",67008.3,0
"control_outputs_enabled",67008.4,0
"control_outputs_enabled",67008.4,0
"control_outputs_enabled",67008.4,0
"control_outputs_enabled",67008.4,0
"control_outputs_enabled",67008.4,0
"control_outputs_enabled",67008.4,0
"control_outputs_enabled",67008.4,0
"control_outputs_enabled",67008.4,0
"control_outputs_enabled",67008.4,0
"control_outputs_enabled",67008.4,0
"control_outputs_enabled",67008.5,0
"control_outputs_enabled",67008.5,0
"control_outputs_enabled",67008.5,0
"control_outputs_enabled",67008.5,0
"control_outputs_enabled",67008.5,0
"control_outputs_enabled",67008.5,0
"control_outputs_enabled",67008.5,0
"control_outputs_enabled",67008.5,0
"control_outputs_enabled",67008.5,0
"control_outputs_enabled",67008.5,0
"control_outputs_enabled",67008.6,0
"control_outputs_enabled",67008.6,0
"control_outputs_enabled",67008.6,0
"control_outputs_enabled",67008.6,0
"control_outputs_enabled",67008.6,0
"control_outputs_enabled",67008.6,0
"control_outputs_enabled",67008.6,0
"control_outputs_enabled",67008.6,0
"control_outputs_enabled",67008.6,0
"control_outputs_enabled",67008.6,0
"control_outputs_enabled",67008.7,0
"control_outputs_enabled",67008.7,0
"control_outputs_enabled",67008.7,0
"control_outputs_enabled",67008.7,0
"control_outputs_enabled",67008.7,0
"control_outputs_enabled",67008.7,0
"control_outputs_enabled",67008.7,0
"control_outputs_enabled",67008.7,0
"control_outputs_enabled",67008.7,0
"control_outputs_enabled",67008.8,0
"control_outputs_enabled",67008.8,0
"control_outputs_enabled",67008.8,0
"control_outputs_enabled",67008.8,0
"control_outputs_enabled",67008.8,0
"control_outputs_enabled",67008.8,0
"control_outputs_enabled",67008.8,0
"control_outputs_enabled",67008.8,0
"control_outputs_enabled",67008.8,0
"control_outputs_enabled",67008.8,0
"control_outputs_enabled",67008.9,0
"control_outputs_enabled",67008.9,0
"control_outputs_enabled",67008.9,0
"control_outputs_enabled",67008.9,0
"control_outputs_enabled",67008.9,0
"control_outputs_enabled",67008.9,0
"control_outputs_enabled",67008.9,0
"control_outputs_enabled",67008.9,0
"control_outputs_enabled",67008.9,0
"control_outputs_enabled",67008.9,0
"control_outputs_enabled",67009,0
"control_outputs_enabled",67009,0
"control_outputs_enabled",67009,0
"control_outputs_enabled",67009,0
"control_outputs_enabled",67009,0
"control_outputs_enabled",67009,0
"control_outputs_enabled",67009,0
"control_outputs_enabled",67009,0
"control_outputs_enabled",67009,0
"control_outputs_enabled",67009,0
"control_outputs_enabled",67009.1,0
"control_outputs_enabled",67009.1,0
"control_outputs_enabled",67009.1,0
"control_outputs_enabled",67009.1,0
"control_outputs_enabled",67009.1,0
"control_outputs_enabled",67009.1,0
"control_outputs_enabled",67009.1,0
"control_outputs_enabled",67009.1,0
"control_outputs_enabled",67009.1,0
"control_outputs_enabled",67009.1,0
"control_outputs_enabled",67009.2,0
"control_outputs_enabled",67009.2,0
"control_outputs_enabled",67009.2,0
"control_outputs_enabled",67009.2,0
"control_outputs_enabled",67009.2,0
"control_outputs_enabled",67009.2,0
"control_outputs_enabled",67009.2,0
"control_outputs_enabled",67009.2,0
"control_outputs_enabled",67009.2,0
"control_outputs_enabled",67009.2,0
"control_outputs_enabled",67009.2,0
"control_outputs_enabled",67009.3,0
"control_outputs_enabled",67009.3,0
"control_outputs_enabled",67009.3,0
"control_outputs_enabled",67009.3,0
"control_outputs_enabled",67009.3,0
"control_outputs_enabled",67009.3,0
"control_outputs_enabled",67009.3,0
"control_outputs_enabled",67009.3,0
"control_outputs_enabled",67009.3,0
"control_outputs_enabled",67009.4,0
"control_outputs_enabled",67009.4,0
"control_outputs_enabled",67009.4,0
"control_outputs_enabled",67009.4,0
"control_outputs_enabled",67009.4,0
"control_outputs_enabled",67009.4,0
"control_outputs_enabled",67009.4,0
"control_outputs_enabled",67009.4,0
"control_outputs_enabled",67009.4,0
"control_outputs_enabled",67009.4,0
"control_outputs_enabled",67009.5,0
"control_outputs_enabled",67009.5,0
"control_outputs_enabled",67009.5,0
"control_outputs_enabled",67009.5,0
"control_outputs_enabled",67009.5,0
"control_outputs_enabled",67009.5,0
"control_outputs_enabled",67009.5,0
"control_outputs_enabled",67009.5,0
"control_outputs_enabled",67009.5,0
"control_outputs_enabled",67009.5,0
"control_outputs_enabled",67009.6,0
"control_outputs_enabled",67009.6,0
"control_outputs_enabled",67009.6,0
"control_outputs_enabled",67009.6,0
"control_outputs_enabled",67009.6,0
"control_outputs_enabled",67009.6,0
"control_outputs_enabled",67009.6,0
"control_outputs_enabled",67009.6,0
"control_outputs_enabled",67009.6,0
"control_outputs_enabled",67009.6,0
"control_outputs_enabled",67009.6,0
"control_outputs_enabled",67009.7,0
"control_outputs_enabled",67009.7,0
"control_outputs_enabled",67009.7,0
"control_outputs_enabled",67009.7,0
"control_outputs_enabled",67009.7,0
"control_outputs_enabled",67009.7,0
"control_outputs_enabled",67009.7,0
"control_outputs_enabled",67009.7,0
"control_outputs_enabled",67009.8,0
"control_outputs_enabled",67009.8,0
"control_outputs_enabled",67009.8,0
"control_outputs_enabled",67009.8,0
"control_outputs_enabled",67009.8,0
"control_outputs_enabled",67009.8,0
"control_outputs_enabled",67009.8,0
"control_outputs_enabled",67009.8,0
"control_outputs_enabled",67009.8,0
"control_outputs_enabled",67009.8,0
"control_outputs_enabled",67009.8,0
"control_outputs_enabled",67009.9,0
"control_outputs_enabled",67009.9,0
"control_outputs_enabled",67009.9,0
"control_outputs_enabled",67009.9,0
"control_outputs_enabled",67009.9,0
"control_outputs_enabled",67009.9,0
"control_outputs_enabled",67009.9,0
"control_outputs_enabled",67009.9,0
"control_outputs_enabled",67009.9,0
"control_outputs_enabled",67009.9,0
"control_outputs_enabled",67010,0
"control_outputs_enabled",67010,0
"control_outputs_enabled",67010,0
"control_outputs_enabled",67010,0
"control_outputs_enabled",67010,0
"control_outputs_enabled",67010,0
"control_outputs_enabled",67010,0
"control_outputs_enabled",67010,0
"control_outputs_enabled",67010,0
"control_outputs_enabled",67010,0
"control_outputs_enabled",67010.1,0
"control_outputs_enabled",67010.1,0
"control_outputs_enabled",67010.1,0
"control_outputs_enabled",67010.1,0
"control_outputs_enabled",67010.1,0
"control_outputs_enabled",67010.1,0
"control_outputs_enabled",67010.1,0
"control_outputs_enabled",67010.1,0
"control_outputs_enabled",67010.1,0
"control_outputs_enabled",67010.1,0
"control_outputs_enabled",67010.2,0
"control_outputs_enabled",67010.2,0
"control_outputs_enabled",67010.2,0
"control_outputs_enabled",67010.2,0
"control_outputs_enabled",67010.2,0
"control_outputs_enabled",67010.2,0
"control_outputs_enabled",67010.2,0
"control_outputs_enabled",67010.2,0
"control_outputs_enabled",67010.2,0
"control_outputs_enabled",67010.2,0
"control_outputs_enabled",67010.3,0
"control_outputs_enabled",67010.3,0
"control_outputs_enabled",67010.3,0
"control_outputs_enabled",67010.3,0
"control_outputs_enabled",67010.3,0
"control_outputs_enabled",67010.3,0
"control_outputs_enabled",67010.3,0
"control_outputs_enabled",67010.3,0
"control_outputs_enabled",67010.3,0
"control_outputs_enabled",67010.4,0
"control_outputs_enabled",67010.4,0
"control_outputs_enabled",67010.4,0
"control_outputs_enabled",67010.4,0
"control_outputs_enabled",67010.4,0
"control_outputs_enabled",67010.4,0
"control_outputs_enabled",67010.4,0
"control_outputs_enabled",67010.4,0
"control_outputs_enabled",67010.4,0
"control_outputs_enabled",67010.4,0
"control_outputs_enabled",67010.4,0
"control_outputs_enabled",67010.5,0
"control_outputs_enabled",67010.5,0
"control_outputs_enabled",67010.5,0
"control_outputs_enabled",67010.5,0
"control_outputs_enabled",67010.5,0
"control_outputs_enabled",67010.5,0
"control_outputs_enabled",67010.5,0
"control_outputs_enabled",67010.5,0
"control_outputs_enabled",67010.5,0
"control_outputs_enabled",67010.5,0
"control_outputs_enabled",67010.6,0
"control_outputs_enabled",67010.6,0
"control_outputs_enabled",67010.6,0
"control_outputs_enabled",67010.6,0
"control_outputs_enabled",67010.6,0
"control_outputs_enabled",67010.6,0
"control_outputs_enabled",67010.6,0
"control_outputs_enabled",67010.6,0
"control_outputs_enabled",67010.6,0
"control_outputs_enabled",67010.6,0
"control_outputs_enabled",67010.7,0
"control_outputs_enabled",67010.7,0
"control_outputs_enabled",67010.7,0
"control_outputs_enabled",67010.7,0
"control_outputs_enabled",67010.7,0
"control_outputs_enabled",67010.7,0
"control_outputs_enabled",67010.7,0
"control_outputs_enabled",67010.7,0
"control_outputs_enabled",67010.7,0
"control_outputs_enabled",67010.8,0
"control_outputs_enabled",67010.8,0
"control_outputs_enabled",67010.8,0
"control_outputs_enabled",67010.8,0
"control_outputs_enabled",67010.8,0
"control_outputs_enabled",67010.8,0
"control_outputs_enabled",67010.8,0
"control_outputs_enabled",67010.8,0
"control_outputs_enabled",67010.8,0
"control_outputs_enabled",67010.8,0
"control_outputs_enabled",67010.8,0
"control_outputs_enabled",67010.9,0
"control_outputs_enabled",67010.9,0
"control_outputs_enabled",67010.9,0
"control_outputs_enabled",67010.9,0
"control_outputs_enabled",67010.9,0
"control_outputs_enabled",67010.9,0
"control_outputs_enabled",67010.9,0
"control_outputs_enabled",67010.9,0
"control_outputs_enabled",67010.9,0
"control_outputs_enabled",67010.9,0
"control_outputs_enabled",67011,0
"control_outputs_enabled",67011,0
"control_outputs_enabled",67011,0
"control_outputs_enabled",67011,0
"control_outputs_enabled",67011,0
"control_outputs_enabled",67011,0
"control_outputs_enabled",67011,0
"control_outputs_enabled",67011,0
"control_outputs_enabled",67011,0
"control_outputs_enabled",67011,0
"control_outputs_enabled",67011.1,0
"control_outputs_enabled",67011.1,0
"control_outputs_enabled",67011.1,0
"control_outputs_enabled",67011.1,0
"control_outputs_enabled",67011.1,0
"control_outputs_enabled",67011.1,0
"control_outputs_enabled",67011.1,0
"control_outputs_enabled",67011.1,0
"control_outputs_enabled",67011.1,0
"control_outputs_enabled",67011.1,0
"control_outputs_enabled",67011.2,0
"control_outputs_enabled",67011.2,0
"control_outputs_enabled",67011.2,0
"control_outputs_enabled",67011.2,0
"control_outputs_enabled",67011.2,0
"control_outputs_enabled",67011.2,0
"control_outputs_enabled",67011.2,0
"control_outputs_enabled",67011.2,0
"control_outputs_enabled",67011.2,0
"control_outputs_enabled",67011.2,0
"control_outputs_enabled",67011.3,0
"control_outputs_enabled",67011.3,0
"control_outputs_enabled",67011.3,0
"control_outputs_enabled",67011.3,0
"control_outputs_enabled",67011.3,0
"control_outputs_enabled",67011.3,0
"control_outputs_enabled",67011.3,0
"control_outputs_enabled",67011.3,0
"control_outputs_enabled",67011.3,0
"control_outputs_enabled",67011.4,0
"control_outputs_enabled",67011.4,0
"control_outputs_enabled",67011.4,0
"control_outputs_enabled",67011.4,0
"control_outputs_enabled",67011.4,0
"control_outputs_enabled",67011.4,0
"control_outputs_enabled",67011.4,0
"control_outputs_enabled",67011.4,0
"control_outputs_enabled",67011.4,0
"control_outputs_enabled",67011.4,0
"control_outputs_enabled",67011.5,0
"control_outputs_enabled",67011.5,0
"control_outputs_enabled",67011.5,0
"control_outputs_enabled",67011.5,0
"control_outputs_enabled",67011.5,0
"control_outputs_enabled",67011.5,0
"control_outputs_enabled",67011.5,0
"control_outputs_enabled",67011.5,0
"control_outputs_enabled",67011.5,0
"control_outputs_enabled",67011.5,0
"control_outputs_enabled",67011.5,0
"control_outputs_enabled",67011.6,0
"control_outputs_enabled",67011.6,0
"control_outputs_enabled",67011.6,0
"control_outputs_enabled",67011.6,0
"control_outputs_enabled",67011.6,0
"control_outputs_enabled",67011.6,0
"control_outputs_enabled",67011.6,0
"control_outputs_enabled",67011.6,0
"control_outputs_enabled",67011.6,0
"control_outputs_enabled",67011.6,0
"control_outputs_enabled",67011.7,0
"control_outputs_enabled",67011.7,0
"control_outputs_enabled",67011.7,0
"control_outputs_enabled",67011.7,0
"control_outputs_enabled",67011.7,0
"control_outputs_enabled",67011.7,0
"control_outputs_enabled",67011.7,0
"control_outputs_enabled",67011.7,0
"control_outputs_enabled",67011.7,0
"control_outputs_enabled",67011.8,0
"control_outputs_enabled",67011.8,0
"control_outputs_enabled",67011.8,0
"control_outputs_enabled",67011.8,0
"control_outputs_enabled",67011.8,0
"control_outputs_enabled",67011.8,0
"control_outputs_enabled",67011.8,0
"control_outputs_enabled",67011.8,0
"control_outputs_enabled",67011.8,0
"control_outputs_enabled",67011.8,0
"control_outputs_enabled",67011.9,0
"control_outputs_enabled",67011.9,0
"control_outputs_enabled",67011.9,0
"control_outputs_enabled",67011.9,0
"control_outputs_enabled",67011.9,0
"control_outputs_enabled",67011.9,0
"control_outputs_enabled",67011.9,0
"control_outputs_enabled",67011.9,0
"control_outputs_enabled",67011.9,0
"control_outputs_enabled",67011.9,0
"control_outputs_enabled",67012,0
"control_outputs_enabled",67012,0
"control_outputs_enabled",67012,0
"control_outputs_enabled",67012,0
"control_outputs_enabled",67012,0
"control_outputs_enabled",67012,0
"control_outputs_enabled",67012,0
"control_outputs_enabled",67012,0
"control_outputs_enabled",67012,0
"control_outputs_enabled",67012,0
"control_outputs_enabled",67012.1,0
"control_outputs_enabled",67012.1,0
"control_outputs_enabled",67012.1,0
"control_outputs_enabled",67012.1,0
"control_outputs_enabled",67012.1,0
"control_outputs_enabled",67012.1,0
"control_outputs_enabled",67012.1,0
"control_outputs_enabled",67012.1,0
"control_outputs_enabled",67012.1,0
"control_outputs_enabled",67012.1,0
"control_outputs_enabled",67012.1,0
"control_outputs_enabled",67012.2,0
"control_outputs_enabled",67012.2,0
"control_outputs_enabled",67012.2,0
"control_outputs_enabled",67012.2,0
"control_outputs_enabled",67012.2,0
"control_outputs_enabled",67012.2,0
"control_outputs_enabled",67012.2,0
"control_outputs_enabled",67012.2,0
"control_outputs_enabled",67012.2,0
"control_outputs_enabled",67012.2,0
"control_outputs_enabled",67012.3,0
"control_outputs_enabled",67012.3,0
"control_outputs_enabled",67012.3,0
"control_outputs_enabled",67012.3,0
"control_outputs_enabled",67012.3,0
"control_outputs_enabled",67012.3,0
"control_outputs_enabled",67012.3,0
"control_outputs_enabled",67012.3,0
"control_outputs_enabled",67012.3,0
"control_outputs_enabled",67012.4,0
"control_outputs_enabled",67012.4,0
"control_outputs_enabled",67012.4,0
"control_outputs_enabled",67012.4,0
"control_outputs_enabled",67012.4,0
"control_outputs_enabled",67012.4,0
"control_outputs_enabled",67012.4,0
"control_outputs_enabled",67012.4,0
"control_outputs_enabled",67012.4,0
"control_outputs_enabled",67012.4,0
"control_outputs_enabled",67012.5,0
"control_outputs_enabled",67012.5,0
"control_outputs_enabled",67012.5,0
"control_outputs_enabled",67012.5,0
"control_outputs_enabled",67012.5,0
"control_outputs_enabled",67012.5,0
"control_outputs_enabled",67012.5,0
"control_outputs_enabled",67012.5,0
"control_outputs_enabled",67012.5,0
"control_outputs_enabled",67012.5,0
"control_outputs_enabled",67012.5,0
"control_outputs_enabled",67012.6,0
"control_outputs_enabled",67012.6,0
"control_outputs_enabled",67012.6,0
"control_outputs_enabled",67012.6,0
"control_outputs_enabled",67012.6,0
"control_outputs_enabled",67012.6,0
"control_outputs_enabled",67012.6,0
"control_outputs_enabled",67012.6,0
"control_outputs_enabled",67012.6,0
"control_outputs_enabled",67012.6,0
"control_outputs_enabled",67012.7,0
"control_outputs_enabled",67012.7,0
"control_outputs_enabled",67012.7,0
"control_outputs_enabled",67012.7,0
"control_outputs_enabled",67012.7,0
"control_outputs_enabled",67012.7,0
"control_outputs_enabled",67012.7,0
"control_outputs_enabled",67012.7,0
"control_outputs_enabled",67012.7,0
"control_outputs_enabled",67012.8,0
"control_outputs_enabled",67012.8,0
"control_outputs_enabled",67012.8,0
"control_outputs_enabled",67012.8,0
"control_outputs_enabled",67012.8,0
"control_outputs_enabled",67012.8,0
"control_outputs_enabled",67012.8,0
"control_outputs_enabled",67012.8,0
"control_outputs_enabled",67012.8,0
"control_outputs_enabled",67012.8,0
"control_outputs_enabled",67012.9,0
"control_outputs_enabled",67012.9,0
"control_outputs_enabled",67012.9,0
"control_outputs_enabled",67012.9,0
"control_outputs_enabled",67012.9,0
"control_outputs_enabled",67012.9,0
"control_outputs_enabled",67012.9,0
"control_outputs_enabled",67012.9,0
"control_outputs_enabled",67012.9,0
"control_outputs_enabled",67012.9,0
"control_outputs_enabled",67013,0
"control_outputs_enabled",67013,0
"control_outputs_enabled",67013,0
"control_outputs_enabled",67013,0
"control_outputs_enabled",67013,0
"control_outputs_enabled",67013,0
"control_outputs_enabled",67013,0
"control_outputs_enabled",67013,0
"control_outputs_enabled",67013,0
"control_outputs_enabled",67013,0
"control_outputs_enabled",67013.1,0
"control_outputs_enabled",67013.1,0
"control_outputs_enabled",67013.1,0
"control_outputs_enabled",67013.1,0
"control_outputs_enabled",67013.1,0
"control_outputs_enabled",67013.1,0
"control_outputs_enabled",67013.1,0
"control_outputs_enabled",67013.1,0
"control_outputs_enabled",67013.1,0
"control_outputs_enabled",67013.1,0
"control_outputs_enabled",67013.2,0
"control_outputs_enabled",67013.2,0
"control_outputs_enabled",67013.2,0
"control_outputs_enabled",67013.2,0
"control_outputs_enabled",67013.2,0
"control_outputs_enabled",67013.2,0
"control_outputs_enabled",67013.2,0
"control_outputs_enabled",67013.2,0
"control_outputs_enabled",67013.2,0
"control_outputs_enabled",67013.2,0
"control_outputs_enabled",67013.3,0
"control_outputs_enabled",67013.3,0
"control_outputs_enabled",67013.3,0
"control_outputs_enabled",67013.3,0
"control_outputs_enabled",67013.3,0
"control_outputs_enabled",67013.3,0
"control_outputs_enabled",67013.3,0
"control_outputs_enabled",67013.3,0
"control_outputs_enabled",67013.3,0
"control_outputs_enabled",67013.3,0
"control_outputs_enabled",67013.4,0
"control_outputs_enabled",67013.4,0
"control_outputs_enabled",67013.4,0
"control_outputs_enabled",67013.4,0
"control_outputs_enabled",67013.4,0
"control_outputs_enabled",67013.4,0
"control_outputs_enabled",67013.4,0
"control_outputs_enabled",67013.4,0
"control_outputs_enabled",67013.4,0
"control_outputs_enabled",67013.4,0
"control_outputs_enabled",67013.5,0
"control_outputs_enabled",67013.5,0
"control_outputs_enabled",67013.5,0
"control_outputs_enabled",67013.5,0
"control_outputs_enabled",67013.5,0
"control_outputs_enabled",67013.5,0
"control_outputs_enabled",67013.5,0
"control_outputs_enabled",67013.5,0
"control_outputs_enabled",67013.5,0
"control_outputs_enabled",67013.5,0
"control_outputs_enabled",67013.6,0
"control_outputs_enabled",67013.6,0
"control_outputs_enabled",67013.6,0
"control_outputs_enabled",67013.6,0
"control_outputs_enabled",67013.6,0
"control_outputs_enabled",67013.6,0
"control_outputs_enabled",67013.6,0
"control_outputs_enabled",67013.6,0
"control_outputs_enabled",67013.6,0
"control_outputs_enabled",67013.6,0
"control_outputs_enabled",67013.7,0
"control_outputs_enabled",67013.7,0
"control_outputs_enabled",67013.7,0
"control_outputs_enabled",67013.7,0
"control_outputs_enabled",67013.7,0
"control_outputs_enabled",67013.7,0
"control_outputs_enabled",67013.7,0
"control_outputs_enabled",67013.7,0
"control_outputs_enabled",67013.7,0
"control_outputs_enabled",67013.7,0
"control_outputs_enabled",67013.7,0
"control_outputs_enabled",67013.8,0
"control_outputs_enabled",67013.8,0
"control_outputs_enabled",67013.8,0
"control_outputs_enabled",67013.8,0
"control_outputs_enabled",67013.8,0
"control_outputs_enabled",67013.8,0
"control_outputs_enabled",67013.8,0
"control_outputs_enabled",67013.8,0
"control_outputs_enabled",67013.8,0
"control_outputs_enabled",67013.8,0
"control_outputs_enabled",67013.9,0
"control_outputs_enabled",67013.9,0
"control_outputs_enabled",67013.9,0
"control_outputs_enabled",67013.9,0
"control_outputs_enabled",67013.9,0
"control_outputs_enabled",67013.9,0
"control_outputs_enabled",67013.9,0
"control_outputs_enabled",67013.9,0
"control_outputs_enabled",67013.9,0
"control_outputs_enabled",67013.9,0
"control_outputs_enabled",67014,0
"control_outputs_enabled",67014,0
"control_outputs_enabled",67014,0
"control_outputs_enabled",67014,0
"control_outputs_enabled",67014,0
"control_outputs_enabled",67014,0
"control_outputs_enabled",67014,0
"control_outputs_enabled",67014,0
"control_outputs_enabled",67014,0
"control_outputs_enabled",67014,0
"control_outputs_enabled",67014.1,0
"control_outputs_enabled",67014.1,0
"control_outputs_enabled",67014.1,0
"control_outputs_enabled",67014.1,0
"control_outputs_enabled",67014.1,0
"control_outputs_enabled",67014.1,0
"control_outputs_enabled",67014.1,0
"control_outputs_enabled",67014.1,0
"control_outputs_enabled",67014.1,0
"control_outputs_enabled",67014.1,0
"control_outputs_enabled",67014.2,0
"control_outputs_enabled",67014.2,0
"control_outputs_enabled",67014.2,0
"control_outputs_enabled",67014.2,0
"control_outputs_enabled",67014.2,0
"control_outputs_enabled",67014.2,0
"control_outputs_enabled",67014.2,0
"control_outputs_enabled",67014.2,0
"control_outputs_enabled",67014.2,0
"control_outputs_enabled",67014.2,0
"control_outputs_enabled",67014.3,0
"control_outputs_enabled",67014.3,0
"control_outputs_enabled",67014.3,0
"control_outputs_enabled",67014.3,0
"control_outputs_enabled",67014.3,0
"control_outputs_enabled",67014.3,0
"control_outputs_enabled",67014.3,0
"control_outputs_enabled",67014.3,0
"control_outputs_enabled",67014.3,0
"control_outputs_enabled",67014.3,0
"control_outputs_enabled",67014.4,0
"control_outputs_enabled",67014.4,0
"control_outputs_enabled",67014.4,0
"control_outputs_enabled",67014.4,0
"control_outputs_enabled",67014.4,0
"control_outputs_enabled",67014.4,0
"control_outputs_enabled",67014.4,0
"control_outputs_enabled",67014.4,0
"control_outputs_enabled",67014.4,0
"control_outputs_enabled",67014.4,0
"control_outputs_enabled",67014.5,0
"control_outputs_enabled",67014.5,0
"control_outputs_enabled",67014.5,0
"control_outputs_enabled",67014.5,0
"control_outputs_enabled",67014.5,0
"control_outputs_enabled",67014.5,0
"control_outputs_enabled",67014.5,0
"control_outputs_enabled",67014.5,0
"control_outputs_enabled",67014.5,0
"control_outputs_enabled",67014.5,0
"control_outputs_enabled",67014.6,0
"control_outputs_enabled",67014.6,0
"control_outputs_enabled",67014.6,0
"control_outputs_enabled",67014.6,0
"control_outputs_enabled",67014.6,0
"control_outputs_enabled",67014.6,0
"control_outputs_enabled",67014.6,0
"control_outputs_enabled",67014.6,0
"control_outputs_enabled",67014.6,0
"control_outputs_enabled",67014.6,0
"control_outputs_enabled",67014.7,0
"control_outputs_enabled",67014.7,0
"control_outputs_enabled",67014.7,0
"control_outputs_enabled",67014.7,0
"control_outputs_enabled",67014.7,0
"control_outputs_enabled",67014.7,0
"control_outputs_enabled",67014.8,0
"control_outputs_enabled",67014.8,0
"control_outputs_enabled",67014.8,0
"control_outputs_enabled",67014.8,0
"control_outputs_enabled",67014.8,0
"control_outputs_enabled",67014.8,0
"control_outputs_enabled",67014.9,0
"control_outputs_enabled",67014.9,0
"control_outputs_enabled",67014.9,0
"control_outputs_enabled",67014.9,0
"control_outputs_enabled",67014.9,0
"control_outputs_enabled",67014.9,0
"control_outputs_enabled",67014.9,0
"control_outputs_enabled",67014.9,0
"control_outputs_enabled",67015,0
"control_outputs_enabled",67015,0
"control_outputs_enabled",67015,0
"control_outputs_enabled",67015,0
"control_outputs_enabled",67015,0
"control_outputs_enabled",67015,0
"control_outputs_enabled",67015.1,0
"control_outputs_enabled",67015.1,0
"control_outputs_enabled",67015.1,0
"control_outputs_enabled",67015.1,0
"control_outputs_enabled",67015.1,0
"control_outputs_enabled",67015.1,0
"control_outputs_enabled",67015.1,0
"control_outputs_enabled",67015.1,0
"control_outputs_enabled",67015.2,0
"control_outputs_enabled",67015.2,0
"control_outputs_enabled",67015.2,0
"control_outputs_enabled",67015.2,0
"control_outputs_enabled",67015.2,0
"control_outputs_enabled",67015.2,0
"control_outputs_enabled",67015.2,0
"control_outputs_enabled",67015.2,0
"control_outputs_enabled",67015.2,0
"control_outputs_enabled",67015.2,0
"control_outputs_enabled",67015.2,0
"control_outputs_enabled",67015.3,0
"control_outputs_enabled",67015.3,0
"control_outputs_enabled",67015.3,0
"control_outputs_enabled",67015.3,0
"control_outputs_enabled",67015.3,0
"control_outputs_enabled",67015.3,0
"control_outputs_enabled",67015.3,0
"control_outputs_enabled",67015.3,0
"control_outputs_enabled",67015.3,0
"control_outputs_enabled",67015.3,0
"control_outputs_enabled",67015.3,0
"control_outputs_enabled",67015.4,0
"control_outputs_enabled",67015.4,0
"control_outputs_enabled",67015.4,0
"control_outputs_enabled",67015.4,0
"control_outputs_enabled",67015.4,0
"control_outputs_enabled",67015.4,0
"control_outputs_enabled",67015.4,0
"control_outputs_enabled",67015.4,0
"control_outputs_enabled",67015.4,0
"control_outputs_enabled",67015.4,0
"control_outputs_enabled",67015.4,0
"control_outputs_enabled",67015.4,0
"control_outputs_enabled",67015.5,0
"control_outputs_enabled",67015.5,0
"control_outputs_enabled",67015.5,0
"control_outputs_enabled",67015.5,0
"control_outputs_enabled",67015.5,0
"control_outputs_enabled",67015.5,0
"control_outputs_enabled",67015.5,0
"control_outputs_enabled",67015.5,0
"control_outputs_enabled",67015.5,0
"control_outputs_enabled",67015.5,0
"control_outputs_enabled",67015.5,0
"control_outputs_enabled",67015.6,0
"control_outputs_enabled",67015.6,0
"control_outputs_enabled",67015.6,0
"control_outputs_enabled",67015.6,0
"control_outputs_enabled",67015.6,0
"control_outputs_enabled",67015.6,0
"control_outputs_enabled",67015.6,0
"control_outputs_enabled",67015.6,0
"control_outputs_enabled",67015.6,0
"control_outputs_enabled",67015.6,0
"control_outputs_enabled",67015.6,0
"control_outputs_enabled",67015.6,0
"control_outputs_enabled",67015.7,0
"control_outputs_enabled",67015.7,0
"control_outputs_enabled",67015.7,0
"control_outputs_enabled",67015.7,0
"control_outputs_enabled",67015.7,0
"control_outputs_enabled",67015.7,0
"control_outputs_enabled",67015.7,0
"control_outputs_enabled",67015.7,0
"control_outputs_enabled",67015.7,0
"control_outputs_enabled",67015.7,0
"control_outputs_enabled",67015.8,0
"control_outputs_enabled",67015.8,0
"control_outputs_enabled",67015.8,0
"control_outputs_enabled",67015.8,0
"control_outputs_enabled",67015.8,0
"control_outputs_enabled",67015.8,0
"control_outputs_enabled",67015.8,0
"control_outputs_enabled",67015.8,0
"control_outputs_enabled",67015.8,0
"control_outputs_enabled",67015.8,0
"control_outputs_enabled",67015.8,0
"control_outputs_enabled",67015.8,0
"control_outputs_enabled",67015.9,0
"control_outputs_enabled",67015.9,0
"control_outputs_enabled",67015.9,0
"control_outputs_enabled",67015.9,0
"control_outputs_enabled",67015.9,0
"control_outputs_enabled",67015.9,0
"control_outputs_enabled",67015.9,0
"control_outputs_enabled",67015.9,0
"control_outputs_enabled",67015.9,0
"control_outputs_enabled",67015.9,0
"control_outputs_enabled",67016,0
"control_outputs_enabled",67016,0
"control_outputs_enabled",67016,0
"control_outputs_enabled",67016,0
"control_outputs_enabled",67016,0
"control_outputs_enabled",67016,0
"control_outputs_enabled",67016,0
"control_outputs_enabled",67016,0
"control_outputs_enabled",67016,0
"control_outputs_enabled",67016,0
"control_outputs_enabled",67016.1,0
"control_outputs_enabled",67016.1,0
"control_outputs_enabled",67016.1,0
"control_outputs_enabled",67016.1,0
"control_outputs_enabled",67016.1,0
"control_outputs_enabled",67016.1,0
"control_outputs_enabled",67016.1,0
"control_outputs_enabled",67016.1,0
"control_outputs_enabled",67016.1,0
"control_outputs_enabled",67016.1,0
"control_outputs_enabled",67016.2,0
"control_outputs_enabled",67016.2,0
"control_outputs_enabled",67016.2,0
"control_outputs_enabled",67016.2,0
"control_outputs_enabled",67016.2,0
"control_outputs_enabled",67016.2,0
"control_outputs_enabled",67016.2,0
"control_outputs_enabled",67016.2,0
"control_outputs_enabled",67016.2,0
"control_outputs_enabled",67016.2,0
"control_outputs_enabled",67016.3,0
"control_outputs_enabled",67016.3,0
"control_outputs_enabled",67016.3,0
"control_outputs_enabled",67016.3,0
"control_outputs_enabled",67016.3,0
"control_outputs_enabled",67016.3,0
"control_outputs_enabled",67016.3,0
"control_outputs_enabled",67016.3,0
"control_outputs_enabled",67016.3,0
"control_outputs_enabled",67016.3,0
"control_outputs_enabled",67016.4,0
"control_outputs_enabled",67016.4,0
"control_outputs_enabled",67016.4,0
"control_outputs_enabled",67016.4,0
"control_outputs_enabled",67016.4,0
"control_outputs_enabled",67016.4,0
"control_outputs_enabled",67016.4,0
"control_outputs_enabled",67016.4,0
"control_outputs_enabled",67016.4,0
"control_outputs_enabled",67016.4,0
"control_outputs_enabled",67016.5,0
"control_outputs_enabled",67016.5,0
"control_outputs_enabled",67016.5,0
"control_outputs_enabled",67016.5,0
"control_outputs_enabled",67016.5,0
"control_outputs_enabled",67016.5,0
"control_outputs_enabled",67016.5,0
"control_outputs_enabled",67016.5,0
"control_outputs_enabled",67016.5,0
"control_outputs_enabled",67016.5,0
"control_outputs_enabled",67016.6,0
"control_outputs_enabled",67016.6,0
"control_outputs_enabled",67016.6,0
"control_outputs_enabled",67016.6,0
"control_outputs_enabled",67016.6,0
"control_outputs_enabled",67016.6,0
"control_outputs_enabled",67016.6,0
"control_outputs_enabled",67016.6,0
"control_outputs_enabled",67016.6,0
"control_outputs_enabled",67016.6,0
"control_outputs_enabled",67016.7,0
"control_outputs_enabled",67016.7,0
"control_outputs_enabled",67016.7,0
"control_outputs_enabled",67016.7,0
"control_outputs_enabled",67016.7,0
"control_outputs_enabled",67016.7,0
"control_outputs_enabled",67016.7,0
"control_outputs_enabled",67016.7,0
"control_outputs_enabled",67016.7,0
"control_outputs_enabled",67016.8,0
"control_outputs_enabled",67016.8,0
"control_outputs_enabled",67016.8,0
"control_outputs_enabled",67016.8,0
"control_outputs_enabled",67016.8,0
"control_outputs_enabled",67016.8,0
"control_outputs_enabled",67016.8,0
"control_outputs_enabled",67016.8,0
"control_outputs_enabled",67016.8,0
"control_outputs_enabled",67016.8,0
"control_outputs_enabled",67016.9,0
"control_outputs_enabled",67016.9,0
"control_outputs_enabled",67016.9,0
"control_outputs_enabled",67016.9,0
"control_outputs_enabled",67016.9,0
"control_outputs_enabled",67016.9,0
"control_outputs_enabled",67016.9,0
"control_outputs_enabled",67016.9,0
"control_outputs_enabled",67016.9,0
"control_outputs_enabled",67016.9,0
"control_outputs_enabled",67016.9,0
"control_outputs_enabled",67017,0
"control_outputs_enabled",67017,0
"control_outputs_enabled",67017,0
"control_outputs_enabled",67017,0
"control_outputs_enabled",67017,0
"control_outputs_enabled",67017,0
"control_outputs_enabled",67017,0
"control_outputs_enabled",67017,0
"control_outputs_enabled",67017,0
"control_outputs_enabled",67017,0
"control_outputs_enabled",67017.1,0
"control_outputs_enabled",67017.1,0
"control_outputs_enabled",67017.1,0
"control_outputs_enabled",67017.1,0
"control_outputs_enabled",67017.1,0
"control_outputs_enabled",67017.1,0
"control_outputs_enabled",67017.1,0
"control_outputs_enabled",67017.1,0
"control_outputs_enabled",67017.1,0
"control_outputs_enabled",67017.1,0
"control_outputs_enabled",67017.2,0
"control_outputs_enabled",67017.2,0
"control_outputs_enabled",67017.2,0
"control_outputs_enabled",67017.2,0
"control_outputs_enabled",67017.2,0
"control_outputs_enabled",67017.2,0
"control_outputs_enabled",67017.2,0
"control_outputs_enabled",67017.2,0
"control_outputs_enabled",67017.2,0
"control_outputs_enabled",67017.2,0
"control_outputs_enabled",67017.3,0
"control_outputs_enabled",67017.3,0
"control_outputs_enabled",67017.3,0
"control_outputs_enabled",67017.3,0
"control_outputs_enabled",67017.3,0
"control_outputs_enabled",67017.3,0
"control_outputs_enabled",67017.3,0
"control_outputs_enabled",67017.3,0
"control_outputs_enabled",67017.3,0
"control_outputs_enabled",67017.4,0
"control_outputs_enabled",67017.4,0
"control_outputs_enabled",67017.4,0
"control_outputs_enabled",67017.4,0
"control_outputs_enabled",67017.4,0
"control_outputs_enabled",67017.4,0
"control_outputs_enabled",67017.4,0
"control_outputs_enabled",67017.4,0
"control_outputs_enabled",67017.4,0
"control_outputs_enabled",67017.4,0
"control_outputs_enabled",67017.4,0
"control_outputs_enabled",67017.5,0
"control_outputs_enabled",67017.5,0
"control_outputs_enabled",67017.5,0
"control_outputs_enabled",67017.5,0
"control_outputs_enabled",67017.5,0
"control_outputs_enabled",67017.5,0
"control_outputs_enabled",67017.5,0
"control_outputs_enabled",67017.5,0
"control_outputs_enabled",67017.5,0
"control_outputs_enabled",67017.5,0
"control_outputs_enabled",67017.6,0
"control_outputs_enabled",67017.6,0
"control_outputs_enabled",67017.6,0
"control_outputs_enabled",67017.6,0
"control_outputs_enabled",67017.6,0
"control_outputs_enabled",67017.6,0
"control_outputs_enabled",67017.6,0
"control_outputs_enabled",67017.6,0
"control_outputs_enabled",67017.6,0
"control_outputs_enabled",67017.6,0
"control_outputs_enabled",67017.7,0
"control_outputs_enabled",67017.7,0
"control_outputs_enabled",67017.7,0
"control_outputs_enabled",67017.7,0
"control_outputs_enabled",67017.7,0
"control_outputs_enabled",67017.7,0
"control_outputs_enabled",67017.7,0
"control_outputs_enabled",67017.7,0
"control_outputs_enabled",67017.7,0
"control_outputs_enabled",67017.8,0
"control_outputs_enabled",67017.8,0
"control_outputs_enabled",67017.8,0
"control_outputs_enabled",67017.8,0
"control_outputs_enabled",67017.8,0
"control_outputs_enabled",67017.8,0
"control_outputs_enabled",67017.8,0
"control_outputs_enabled",67017.8,0
"control_outputs_enabled",67017.8,0
"control_outputs_enabled",67017.8,0
"control_outputs_enabled",67017.8,0
"control_outputs_enabled",67017.9,0
"control_outputs_enabled",67017.9,0
"control_outputs_enabled",67017.9,0
"control_outputs_enabled",67017.9,0
"control_outputs_enabled",67017.9,0
"control_outputs_enabled",67017.9,0
"control_outputs_enabled",67017.9,0
"control_outputs_enabled",67017.9,0
"control_outputs_enabled",67017.9,0
"control_outputs_enabled",67017.9,0
"control_outputs_enabled",67018,0
"control_outputs_enabled",67018,0
"control_outputs_enabled",67018,0
"control_outputs_enabled",67018,0
"control_outputs_enabled",67018,0
"control_outputs_enabled",67018,0
"control_outputs_enabled",67018,0
"control_outputs_enabled",67018,0
"control_outputs_enabled",67018,0
"control_outputs_enabled",67018,0
"control_outputs_enabled",67018.1,0
"control_outputs_enabled",67018.1,0
"control_outputs_enabled",67018.1,0
"control_outputs_enabled",67018.1,0
"control_outputs_enabled",67018.1,0
"control_outputs_enabled",67018.1,0
"control_outputs_enabled",67018.1,0
"control_outputs_enabled",67018.1,0
"control_outputs_enabled",67018.1,0
"control_outputs_enabled",67018.1,0
"control_outputs_enabled",67018.2,0
"control_outputs_enabled",67018.2,0
"control_outputs_enabled",67018.2,0
"control_outputs_enabled",67018.2,0
"control_outputs_enabled",67018.2,0
"control_outputs_enabled",67018.2,0
"control_outputs_enabled",67018.2,0
"control_outputs_enabled",67018.2,0
"control_outputs_enabled",67018.2,0
"control_outputs_enabled",67018.2,0
"control_outputs_enabled",67018.3,0
"control_outputs_enabled",67018.3,0
"control_outputs_enabled",67018.3,0
"control_outputs_enabled",67018.3,0
"control_outputs_enabled",67018.3,0
"control_outputs_enabled",67018.3,0
"control_outputs_enabled",67018.3,0
"control_outputs_enabled",67018.3,0
"control_outputs_enabled",67018.3,0
"control_outputs_enabled",67018.3,0
"control_outputs_enabled",67018.4,0
"control_outputs_enabled",67018.4,0
"control_outputs_enabled",67018.4,0
"control_outputs_enabled",67018.4,0
"control_outputs_enabled",67018.4,0
"control_outputs_enabled",67018.4,0
"control_outputs_enabled",67018.4,0
"control_outputs_enabled",67018.4,0
"control_outputs_enabled",67018.4,0
"control_outputs_enabled",67018.4,0
"control_outputs_enabled",67018.5,0
"control_outputs_enabled",67018.5,0
"control_outputs_enabled",67018.5,0
"control_outputs_enabled",67018.5,0
"control_outputs_enabled",67018.5,0
"control_outputs_enabled",67018.5,0
"control_outputs_enabled",67018.5,0
"control_outputs_enabled",67018.5,0
"control_outputs_enabled",67018.5,0
"control_outputs_enabled",67018.5,0
"control_outputs_enabled",67018.6,0
"control_outputs_enabled",67018.6,0
"control_outputs_enabled",67018.6,0
"control_outputs_enabled",67018.6,0
"control_outputs_enabled",67018.6,0
"control_outputs_enabled",67018.6,0
"control_outputs_enabled",67018.6,0
"control_outputs_enabled",67018.6,0
"control_outputs_enabled",67018.6,0
"control_outputs_enabled",67018.6,0
"control_outputs_enabled",67018.7,0
"control_outputs_enabled",67018.7,0
"control_outputs_enabled",67018.7,0
"control_outputs_enabled",67018.7,0
"control_outputs_enabled",67018.7,0
"control_outputs_enabled",67018.7,0
"control_outputs_enabled",67018.7,0
"control_outputs_enabled",67018.7,0
"control_outputs_enabled",67018.7,0
"control_outputs_enabled",67018.8,0
"control_outputs_enabled",67018.8,0
"control_outputs_enabled",67018.8,0
"control_outputs_enabled",67018.8,0
"control_outputs_enabled",67018.8,0
"control_outputs_enabled",67018.8,0
"control_outputs_enabled",67018.8,0
"control_outputs_enabled",67018.8,0
"control_outputs_enabled",67018.8,0
"control_outputs_enabled",67018.8,0
"control_outputs_enabled",67018.9,0
"control_outputs_enabled",67018.9,0
"control_outputs_enabled",67018.9,0
"control_outputs_enabled",67018.9,0
"control_outputs_enabled",67018.9,0
"control_outputs_enabled",67018.9,0
"control_outputs_enabled",67018.9,0
"control_outputs_enabled",67018.9,0
"control_outputs_enabled",67018.9,0
"control_outputs_enabled",67018.9,0
"control_outputs_enabled",67019,0
"control_outputs_enabled",67019,0
"control_outputs_enabled",67019,0
"control_outputs_enabled",67019,0
"control_outputs_enabled",67019,0
"control_outputs_enabled",67019,0
"control_outputs_enabled",67019,0
"control_outputs_enabled",67019,0
"control_outputs_enabled",67019,0
"control_outputs_enabled",67019,0
"control_outputs_enabled",67019.1,0
"control_outputs_enabled",67019.1,0
"control_outputs_enabled",67019.1,0
"control_outputs_enabled",67019.1,0
"control_outputs_enabled",67019.1,0
"control_outputs_enabled",67019.1,0
"control_outputs_enabled",67019.1,0
"control_outputs_enabled",67019.1,0
"control_outputs_enabled",67019.1,0
"control_outputs_enabled",67019.1,0
"control_outputs_enabled",67019.1,0
"control_outputs_enabled",67019.2,0
"control_outputs_enabled",67019.2,0
"control_outputs_enabled",67019.2,0
"control_outputs_enabled",67019.2,0
"control_outputs_enabled",67019.2,0
"control_outputs_enabled",67019.2,0
"control_outputs_enabled",67019.2,0
"control_outputs_enabled",67019.2,0
"control_outputs_enabled",67019.2,0
"control_outputs_enabled",67019.2,0
"control_outputs_enabled",67019.3,0
"control_outputs_enabled",67019.3,0
"control_outputs_enabled",67019.3,0
"control_outputs_enabled",67019.3,0
"control_outputs_enabled",67019.3,0
"control_outputs_enabled",67019.3,0
"control_outputs_enabled",67019.3,0
"control_outputs_enabled",67019.3,0
"control_outputs_enabled",67019.3,0
"control_outputs_enabled",67019.4,0
"control_outputs_enabled",67019.4,0
"control_outputs_enabled",67019.4,0
"control_outputs_enabled",67019.4,0
"control_outputs_enabled",67019.4,0
"control_outputs_enabled",67019.4,0
"control_outputs_enabled",67019.4,0
"control_outputs_enabled",67019.4,0
"control_outputs_enabled",67019.4,0
"control_outputs_enabled",67019.4,0
"control_outputs_enabled",67019.5,0
"control_outputs_enabled",67019.5,0
"control_outputs_enabled",67019.5,0
"control_outputs_enabled",67019.5,0
"control_outputs_enabled",67019.5,0
"control_outputs_enabled",67019.5,0
"control_outputs_enabled",67019.5,0
"control_outputs_enabled",67019.5,0
"control_outputs_enabled",67019.5,0
"control_outputs_enabled",67019.5,0
"control_outputs_enabled",67019.5,0
"control_outputs_enabled",67019.6,0
"control_outputs_enabled",67019.6,0
"control_outputs_enabled",67019.6,0
"control_outputs_enabled",67019.6,0
"control_outputs_enabled",67019.6,0
"control_outputs_enabled",67019.6,0
"control_outputs_enabled",67019.6,0
"control_outputs_enabled",67019.6,0
"control_outputs_enabled",67019.6,0
"control_outputs_enabled",67019.6,0
"control_outputs_enabled",67019.7,0
"control_outputs_enabled",67019.7,0
"control_outputs_enabled",67019.7,0
"control_outputs_enabled",67019.7,0
"control_outputs_enabled",67019.7,0
"control_outputs_enabled",67019.7,0
"control_outputs_enabled",67019.7,0
"control_outputs_enabled",67019.7,0
"control_outputs_enabled",67019.7,0
"control_outputs_enabled",67019.8,0
"control_outputs_enabled",67019.8,0
"control_outputs_enabled",67019.8,0
"control_outputs_enabled",67019.8,0
"control_outputs_enabled",67019.8,0
"control_outputs_enabled",67019.8,0
"control_outputs_enabled",67019.8,0
"control_outputs_enabled",67019.8,0
"control_outputs_enabled",67019.8,0
"control_outputs_enabled",67019.9,0
"control_outputs_enabled",67019.9,0
"control_outputs_enabled",67019.9,0
"control_outputs_enabled",67019.9,0
"control_outputs_enabled",67019.9,0
"control_outputs_enabled",67019.9,0
"control_outputs_enabled",67019.9,0
"control_outputs_enabled",67019.9,0
"control_outputs_enabled",67019.9,0
"control_outputs_enabled",67019.9,0
"control_outputs_enabled",67019.9,0
"control_outputs_enabled",67020,0
"control_outputs_enabled",67020,0
"control_outputs_enabled",67020,0
"control_outputs_enabled",67020,0
"control_outputs_enabled",67020,0
"control_outputs_enabled",67020,0
"control_outputs_enabled",67020,0
"control_outputs_enabled",67020,0
"control_outputs_enabled",67020,0
"control_outputs_enabled",67020,0
"control_outputs_enabled",67020.1,0
"control_outputs_enabled",67020.1,0
"control_outputs_enabled",67020.1,0
"control_outputs_enabled",67020.1,0
"control_outputs_enabled",67020.1,0
"control_outputs_enabled",67020.1,0
"control_outputs_enabled",67020.1,0
"control_outputs_enabled",67020.1,0
"control_outputs_enabled",67020.1,0
"control_outputs_enabled",67020.1,0
"control_outputs_enabled",67020.2,0
"control_outputs_enabled",67020.2,0
"control_outputs_enabled",67020.2,0
"control_outputs_enabled",67020.2,0
"control_outputs_enabled",67020.2,0
"control_outputs_enabled",67020.2,0
"control_outputs_enabled",67020.2,0
"control_outputs_enabled",67020.2,0
"control_outputs_enabled",67020.2,0
"control_outputs_enabled",67020.2,0
"control_outputs_enabled",67020.3,0
"control_outputs_enabled",67020.3,0
"control_outputs_enabled",67020.3,0
"control_outputs_enabled",67020.3,0
"control_outputs_enabled",67020.3,0
"control_outputs_enabled",67020.3,0
"control_outputs_enabled",67020.3,0
"control_outputs_enabled",67020.3,0
"control_outputs_enabled",67020.3,0
"control_outputs_enabled",67020.3,0
"control_outputs_enabled",67020.4,0
"control_outputs_enabled",67020.4,0
"control_outputs_enabled",67020.4,0
"control_outputs_enabled",67020.4,0
"control_outputs_enabled",67020.4,0
"control_outputs_enabled",67020.4,0
"control_outputs_enabled",67020.4,0
"control_outputs_enabled",67020.4,0
"control_outputs_enabled",67020.4,0
"control_outputs_enabled",67020.4,0
"control_outputs_enabled",67020.5,0
"control_outputs_enabled",67020.5,0
"control_outputs_enabled",67020.5,0
"control_outputs_enabled",67020.5,0
"control_outputs_enabled",67020.5,0
"control_outputs_enabled",67020.5,0
"control_outputs_enabled",67020.5,0
"control_outputs_enabled",67020.5,0
"control_outputs_enabled",67020.5,0
"control_outputs_enabled",67020.5,0
"control_outputs_enabled",67020.6,0
"control_outputs_enabled",67020.6,0
"control_outputs_enabled",67020.6,0
"control_outputs_enabled",67020.6,0
"control_outputs_enabled",67020.6,0
"control_outputs_enabled",67020.6,0
"control_outputs_enabled",67020.6,0
"control_outputs_enabled",67020.6,0
"control_outputs_enabled",67020.6,0
"control_outputs_enabled",67020.6,0
"control_outputs_enabled",67020.7,0
"control_outputs_enabled",67020.7,0
"control_outputs_enabled",67020.7,0
"control_outputs_enabled",67020.7,0
"control_outputs_enabled",67020.7,0
"control_outputs_enabled",67020.7,0
"control_outputs_enabled",67020.7,0
"control_outputs_enabled",67020.7,0
"control_outputs_enabled",67020.7,0
"control_outputs_enabled",67020.7,0
"control_outputs_enabled",67020.8,0
"control_outputs_enabled",67020.8,0
"control_outputs_enabled",67020.8,0
"control_outputs_enabled",67020.8,0
"control_outputs_enabled",67020.8,0
"control_outputs_enabled",67020.8,0
"control_outputs_enabled",67020.8,0
"control_outputs_enabled",67020.8,0
"control_outputs_enabled",67020.8,0
"control_outputs_enabled",67020.9,0
"control_outputs_enabled",67020.9,0
"control_outputs_enabled",67020.9,0
"control_outputs_enabled",67020.9,0
"control_outputs_enabled",67020.9,0
"control_outputs_enabled",67020.9,0
"control_outputs_enabled",67020.9,0
"control_outputs_enabled",67020.9,0
"control_outputs_enabled",67020.9,0
"control_outputs_enabled",67020.9,0
"control_outputs_enabled",67020.9,0
"control_outputs_enabled",67021,0
"control_outputs_enabled",67021,0
"control_outputs_enabled",67021,0
"control_outputs_enabled",67021,0
"control_outputs_enabled",67021,0
"control_outputs_enabled",67021,0
"control_outputs_enabled",67021,0
"control_outputs_enabled",67021,0
"control_outputs_enabled",67021,0
"control_outputs_enabled",67021,0
"control_outputs_enabled",67021.1,0
"control_outputs_enabled",67021.1,0
"control_outputs_enabled",67021.1,0
"control_outputs_enabled",67021.1,0
"control_outputs_enabled",67021.1,0
"control_outputs_enabled",67021.1,0
"control_outputs_enabled",67021.1,0
"control_outputs_enabled",67021.1,0
"control_outputs_enabled",67021.1,0
"control_outputs_enabled",67021.1,0
"control_outputs_enabled",67021.2,0
"control_outputs_enabled",67021.2,0
"control_outputs_enabled",67021.2,0
"control_outputs_enabled",67021.2,0
"control_outputs_enabled",67021.2,0
"control_outputs_enabled",67021.2,0
"control_outputs_enabled",67021.2,0
"control_outputs_enabled",67021.2,0
"control_outputs_enabled",67021.2,0
"control_outputs_enabled",67021.2,0
"control_outputs_enabled",67021.3,0
"control_outputs_enabled",67021.3,0
"control_outputs_enabled",67021.3,0
"control_outputs_enabled",67021.3,0
"control_outputs_enabled",67021.3,0
"control_outputs_enabled",67021.3,0
"control_outputs_enabled",67021.3,0
"control_outputs_enabled",67021.3,0
"control_outputs_enabled",67021.3,0
"control_outputs_enabled",67021.4,0
"control_outputs_enabled",67021.4,0
"control_outputs_enabled",67021.4,0
"control_outputs_enabled",67021.4,0
"control_outputs_enabled",67021.4,0
"control_outputs_enabled",67021.4,0
"control_outputs_enabled",67021.4,0
"control_outputs_enabled",67021.4,0
"control_outputs_enabled",67021.4,0
"control_outputs_enabled",67021.4,0
"control_outputs_enabled",67021.5,0
"control_outputs_enabled",67021.5,0
"control_outputs_enabled",67021.5,0
"control_outputs_enabled",67021.5,0
"control_outputs_enabled",67021.5,0
"control_outputs_enabled",67021.5,0
"control_outputs_enabled",67021.5,0
"control_outputs_enabled",67021.5,0
"control_outputs_enabled",67021.5,0
"control_outputs_enabled",67021.5,0
"control_outputs_enabled",67021.5,0
"control_outputs_enabled",67021.6,0
"control_outputs_enabled",67021.6,0
"control_outputs_enabled",67021.6,0
"control_outputs_enabled",67021.6,0
"control_outputs_enabled",67021.6,0
"control_outputs_enabled",67021.6,0
"control_outputs_enabled",67021.6,0
"control_outputs_enabled",67021.6,0
"control_outputs_enabled",67021.6,0
"control_outputs_enabled",67021.6,0
"control_outputs_enabled",67021.7,0
"control_outputs_enabled",67021.7,0
"control_outputs_enabled",67021.7,0
"control_outputs_enabled",67021.7,0
"control_outputs_enabled",67021.7,0
"control_outputs_enabled",67021.7,0
"control_outputs_enabled",67021.7,0
"control_outputs_enabled",67021.7,0
"control_outputs_enabled",67021.7,0
"control_outputs_enabled",67021.8,0
"control_outputs_enabled",67021.8,0
"control_outputs_enabled",67021.8,0
"control_outputs_enabled",67021.8,0
"control_outputs_enabled",67021.8,0
"control_outputs_enabled",67021.8,0
"control_outputs_enabled",67021.8,0
"control_outputs_enabled",67021.8,0
"control_outputs_enabled",67021.8,0
"control_outputs_enabled",67021.8,0
"control_outputs_enabled",67021.9,0
"control_outputs_enabled",67021.9,0
"control_outputs_enabled",67021.9,0
"control_outputs_enabled",67021.9,0
"control_outputs_enabled",67021.9,0
"control_outputs_enabled",67021.9,0
"control_outputs_enabled",67021.9,0
"control_outputs_enabled",67021.9,0
"control_outputs_enabled",67021.9,0
"control_outputs_enabled",67021.9,0
"control_outputs_enabled",67022,0
"control_outputs_enabled",67022,0
"control_outputs_enabled",67022,0
"control_outputs_enabled",67022,0
"control_outputs_enabled",67022,0
"control_outputs_enabled",67022,0
"control_outputs_enabled",67022,0
"control_outputs_enabled",67022,0
"control_outputs_enabled",67022,0
"control_outputs_enabled",67022,0
"control_outputs_enabled",67022,0
"control_outputs_enabled",67022.1,0
"control_outputs_enabled",67022.1,0
"control_outputs_enabled",67022.1,0
"control_outputs_enabled",67022.1,0
"control_outputs_enabled",67022.1,0
"control_outputs_enabled",67022.1,0
"control_outputs_enabled",67022.1,0
"control_outputs_enabled",67022.1,0
"control_outputs_enabled",67022.1,0
"control_outputs_enabled",67022.1,0
"control_outputs_enabled",67022.2,0
"control_outputs_enabled",67022.2,0
"control_outputs_enabled",67022.2,0
"control_outputs_enabled",67022.2,0
"control_outputs_enabled",67022.2,0
"control_outputs_enabled",67022.2,0
"control_outputs_enabled",67022.2,0
"control_outputs_enabled",67022.2,0
"control_outputs_enabled",67022.2,0
"control_outputs_enabled",67022.2,0
"control_outputs_enabled",67022.3,0
"control_outputs_enabled",67022.3,0
"control_outputs_enabled",67022.3,0
"control_outputs_enabled",67022.3,0
"control_outputs_enabled",67022.3,0
"control_outputs_enabled",67022.3,0
"control_outputs_enabled",67022.3,0
"control_outputs_enabled",67022.3,0
"control_outputs_enabled",67022.3,0
"control_outputs_enabled",67022.4,0
"control_outputs_enabled",67022.4,0
"control_outputs_enabled",67022.4,0
"control_outputs_enabled",67022.4,0
"control_outputs_enabled",67022.4,0
"control_outputs_enabled",67022.4,0
"control_outputs_enabled",67022.4,0
"control_outputs_enabled",67022.4,0
"control_outputs_enabled",67022.4,0
"control_outputs_enabled",67022.4,0
"control_outputs_enabled",67022.5,0
"control_outputs_enabled",67022.5,0
"control_outputs_enabled",67022.5,0
"control_outputs_enabled",67022.5,0
"control_outputs_enabled",67022.5,0
"control_outputs_enabled",67022.5,0
"control_outputs_enabled",67022.5,0
"control_outputs_enabled",67022.5,0
"control_outputs_enabled",67022.5,0
"control_outputs_enabled",67022.5,0
"control_outputs_enabled",67022.5,0
"control_outputs_enabled",67022.6,0
"control_outputs_enabled",67022.6,0
"control_outputs_enabled",67022.6,0
"control_outputs_enabled",67022.6,0
"control_outputs_enabled",67022.6,0
"control_outputs_enabled",67022.6,0
"control_outputs_enabled",67022.6,0
"control_outputs_enabled",67022.6,0
"control_outputs_enabled",67022.6,0
"control_outputs_enabled",67022.6,0
"control_outputs_enabled",67022.7,0
"control_outputs_enabled",67022.7,0
"control_outputs_enabled",67022.7,0
"control_outputs_enabled",67022.7,0
"control_outputs_enabled",67022.7,0
"control_outputs_enabled",67022.7,0
"control_outputs_enabled",67022.7,0
"control_outputs_enabled",67022.7,0
"control_outputs_enabled",67022.8,0
"control_outputs_enabled",67022.8,0
"control_outputs_enabled",67022.8,0
"control_outputs_enabled",67022.8,0
"control_outputs_enabled",67022.8,0
"control_outputs_enabled",67022.8,0
"control_outputs_enabled",67022.8,0
"control_outputs_enabled",67022.8,0
"control_outputs_enabled",67022.8,0
"control_outputs_enabled",67022.8,0
"control_outputs_enabled",67022.8,0
"control_outputs_enabled",67022.9,0
"control_outputs_enabled",67022.9,0
"control_outputs_enabled",67022.9,0
"control_outputs_enabled",67022.9,0
"control_outputs_enabled",67022.9,0
"control_outputs_enabled",67022.9,0
"control_outputs_enabled",67022.9,0
"control_outputs_enabled",67022.9,0
"control_outputs_enabled",67022.9,0
"control_outputs_enabled",67022.9,0
"control_outputs_enabled",67023,0
"control_outputs_enabled",67023,0
"control_outputs_enabled",67023,0
"control_outputs_enabled",67023,0
"control_outputs_enabled",67023,0
"control_outputs_enabled",67023,0
"control_outputs_enabled",67023,0
"control_outputs_enabled",67023,0
"control_outputs_enabled",67023,0
"control_outputs_enabled",67023,0
"control_outputs_enabled",67023.1,0
"control_outputs_enabled",67023.1,0
"control_outputs_enabled",67023.1,0
"control_outputs_enabled",67023.1,0
"control_outputs_enabled",67023.1,0
"control_outputs_enabled",67023.1,0
"control_outputs_enabled",67023.1,0
"control_outputs_enabled",67023.1,0
"control_outputs_enabled",67023.1,0
"control_outputs_enabled",67023.1,0
"control_outputs_enabled",67023.2,0
"control_outputs_enabled",67023.2,0
"control_outputs_enabled",67023.2,0
"control_outputs_enabled",67023.2,0
"control_outputs_enabled",67023.2,0
"control_outputs_enabled",67023.2,0
"control_outputs_enabled",67023.2,0
"control_outputs_enabled",67023.2,0
"control_outputs_enabled",67023.2,0
"control_outputs_enabled",67023.2,0
"control_outputs_enabled",67023.3,0
"control_outputs_enabled",67023.3,0
"control_outputs_enabled",67023.3,0
"control_outputs_enabled",67023.3,0
"control_outputs_enabled",67023.3,0
"control_outputs_enabled",67023.3,0
"control_outputs_enabled",67023.3,0
"control_outputs_enabled",67023.3,0
"control_outputs_enabled",67023.3,0
"control_outputs_enabled",67023.3,0
"control_outputs_enabled",67023.4,0
"control_outputs_enabled",67023.4,0
"control_outputs_enabled",67023.4,0
"control_outputs_enabled",67023.4,0
"control_outputs_enabled",67023.4,0
"control_outputs_enabled",67023.4,0
"control_outputs_enabled",67023.4,0
"control_outputs_enabled",67023.4,0
"control_outputs_enabled",67023.4,0
"control_outputs_enabled",67023.4,0
"control_outputs_enabled",67023.5,0
"control_outputs_enabled",67023.5,0
"control_outputs_enabled",67023.5,0
"control_outputs_enabled",67023.5,0
"control_outputs_enabled",67023.5,0
"control_outputs_enabled",67023.5,0
"control_outputs_enabled",67023.5,0
"control_outputs_enabled",67023.5,0
"control_outputs_enabled",67023.5,0
"control_outputs_enabled",67023.5,0
"control_outputs_enabled",67023.6,0
"control_outputs_enabled",67023.6,0
"control_outputs_enabled",67023.6,0
"control_outputs_enabled",67023.6,0
"control_outputs_enabled",67023.6,0
"control_outputs_enabled",67023.6,0
"control_outputs_enabled",67023.6,0
"control_outputs_enabled",67023.6,0
"control_outputs_enabled",67023.6,0
"control_outputs_enabled",67023.6,0
"control_outputs_enabled",67023.7,0
"control_outputs_enabled",67023.7,0
"control_outputs_enabled",67023.7,0
"control_outputs_enabled",67023.7,0
"control_outputs_enabled",67023.7,0
"control_outputs_enabled",67023.7,0
"control_outputs_enabled",67023.7,0
"control_outputs_enabled",67023.7,0
"control_outputs_enabled",67023.7,0
"control_outputs_enabled",67023.7,0
"control_outputs_enabled",67023.8,0
"control_outputs_enabled",67023.8,0
"control_outputs_enabled",67023.8,0
"control_outputs_enabled",67023.8,0
"control_outputs_enabled",67023.8,0
"control_outputs_enabled",67023.8,0
"control_outputs_enabled",67023.8,0
"control_outputs_enabled",67023.8,0
"control_outputs_enabled",67023.8,0
"control_outputs_enabled",67023.8,0
"control_outputs_enabled",67023.8,0
"control_outputs_enabled",67023.9,0
"control_outputs_enabled",67023.9,0
"control_outputs_enabled",67023.9,0
"control_outputs_enabled",67023.9,0
"control_outputs_enabled",67023.9,0
"control_outputs_enabled",67023.9,0
"control_outputs_enabled",67023.9,0
"control_outputs_enabled",67023.9,0
"control_outputs_enabled",67023.9,0
"control_outputs_enabled",67023.9,0
"control_outputs_enabled",67024,0
"control_outputs_enabled",67024,0
"control_outputs_enabled",67024,0
"control_outputs_enabled",67024,0
"control_outputs_enabled",67024,0
"control_outputs_enabled",67024,0
"control_outputs_enabled",67024,0
"control_outputs_enabled",67024,0
"control_outputs_enabled",67024,0
"control_outputs_enabled",67024,0
"control_outputs_enabled",67024.1,0
"control_outputs_enabled",67024.1,0
"control_outputs_enabled",67024.1,0
"control_outputs_enabled",67024.1,0
"control_outputs_enabled",67024.1,0
"control_outputs_enabled",67024.1,0
"control_outputs_enabled",67024.1,0
"control_outputs_enabled",67024.1,0
"control_outputs_enabled",67024.1,0
"control_outputs_enabled",67024.1,0
"control_outputs_enabled",67024.2,0
"control_outputs_enabled",67024.2,0
"control_outputs_enabled",67024.2,0
"control_outputs_enabled",67024.2,0
"control_outputs_enabled",67024.2,0
"control_outputs_enabled",67024.2,0
"control_outputs_enabled",67024.2,0
"control_outputs_enabled",67024.2,0
"control_outputs_enabled",67024.2,0
"control_outputs_enabled",67024.2,0
"control_outputs_enabled",67024.3,0
"control_outputs_enabled",67024.3,0
"control_outputs_enabled",67024.3,0
"control_outputs_enabled",67024.3,0
"control_outputs_enabled",67024.3,0
"control_outputs_enabled",67024.3,0
"control_outputs_enabled",67024.3,0
"control_outputs_enabled",67024.3,0
"control_outputs_enabled",67024.3,0
"control_outputs_enabled",67024.3,0
"control_outputs_enabled",67024.4,0
"control_outputs_enabled",67024.4,0
"control_outputs_enabled",67024.4,0
"control_outputs_enabled",67024.4,0
"control_outputs_enabled",67024.4,0
"control_outputs_enabled",67024.4,0
"control_outputs_enabled",67024.4,0
"control_outputs_enabled",67024.4,0
"control_outputs_enabled",67024.4,0
"control_outputs_enabled",67024.4,0
"control_outputs_enabled",67024.5,0
"control_outputs_enabled",67024.5,0
"control_outputs_enabled",67024.5,0
"control_outputs_enabled",67024.5,0
"control_outputs_enabled",67024.5,0
"control_outputs_enabled",67024.5,0
"control_outputs_enabled",67024.5,0
"control_outputs_enabled",67024.5,0
"control_outputs_enabled",67024.5,0
"control_outputs_enabled",67024.5,0
"control_outputs_enabled",67024.6,0
"control_outputs_enabled",67024.6,0
"control_outputs_enabled",67024.6,0
"control_outputs_enabled",67024.6,0
"control_outputs_enabled",67024.6,0
"control_outputs_enabled",67024.6,0
"control_outputs_enabled",67024.6,0
"control_outputs_enabled",67024.6,0
"control_outputs_enabled",67024.6,0
"control_outputs_enabled",67024.6,0
"control_outputs_enabled",67024.7,0
"control_outputs_enabled",67024.7,0
"control_outputs_enabled",67024.7,0
"control_outputs_enabled",67024.7,0
"control_outputs_enabled",67024.7,0
"control_outputs_enabled",67024.7,0
"control_outputs_enabled",67024.8,0
"control_outputs_enabled",67024.8,0
"control_outputs_enabled",67024.8,0
"control_outputs_enabled",67024.8,0
"control_outputs_enabled",67024.8,0
"control_outputs_enabled",67024.8,0
"control_outputs_enabled",67024.9,0
"control_outputs_enabled",67024.9,0
"control_outputs_enabled",67024.9,0
"control_outputs_enabled",67024.9,0
"control_outputs_enabled",67024.9,0
"control_outputs_enabled",67024.9,0
"control_outputs_enabled",67024.9,0
"control_outputs_enabled",67024.9,0
"control_outputs_enabled",67025,0
"control_outputs_enabled",67025,0
"control_outputs_enabled",67025,0
"control_outputs_enabled",67025,0
"control_outputs_enabled",67025,0
"control_outputs_enabled",67025.1,0
"control_outputs_enabled",67025.1,0
"control_outputs_enabled",67025.1,0
"control_outputs_enabled",67025.1,0
"control_outputs_enabled",67025.1,0
"control_outputs_enabled",67025.1,0
"control_outputs_enabled",67025.1,0
"control_outputs_enabled",67025.1,0
"control_outputs_enabled",67025.1,0
"control_outputs_enabled",67025.1,0
"control_outputs_enabled",67025.2,0
"control_outputs_enabled",67025.2,0
"control_outputs_enabled",67025.2,0
"control_outputs_enabled",67025.2,0
"control_outputs_enabled",67025.2,0
"control_outputs_enabled",67025.2,0
"control_outputs_enabled",67025.2,0
"control_outputs_enabled",67025.2,0
"control_outputs_enabled",67025.2,0
"control_outputs_enabled",67025.2,0
"control_outputs_enabled",67025.2,0
"control_outputs_enabled",67025.2,0
"control_outputs_enabled",67025.3,0
"control_outputs_enabled",67025.3,0
"control_outputs_enabled",67025.3,0
"control_outputs_enabled",67025.3,0
"control_outputs_enabled",67025.3,0
"control_outputs_enabled",67025.3,0
"control_outputs_enabled",67025.3,0
"control_outputs_enabled",67025.3,0
"control_outputs_enabled",67025.3,0
"control_outputs_enabled",67025.3,0
"control_outputs_enabled",67025.3,0
"control_outputs_enabled",67025.4,0
"control_outputs_enabled",67025.4,0
"control_outputs_enabled",67025.4,0
"control_outputs_enabled",67025.4,0
"control_outputs_enabled",67025.4,0
"control_outputs_enabled",67025.4,0
"control_outputs_enabled",67025.4,0
"control_outputs_enabled",67025.4,0
"control_outputs_enabled",67025.4,0
"control_outputs_enabled",67025.4,0
"control_outputs_enabled",67025.4,0
"control_outputs_enabled",67025.5,0
"control_outputs_enabled",67025.5,0
"control_outputs_enabled",67025.5,0
"control_outputs_enabled",67025.5,0
"control_outputs_enabled",67025.5,0
"control_outputs_enabled",67025.5,0
"control_outputs_enabled",67025.5,0
"control_outputs_enabled",67025.5,0
"control_outputs_enabled",67025.5,0
"control_outputs_enabled",67025.5,0
"control_outputs_enabled",67025.5,0
"control_outputs_enabled",67025.5,0
"control_outputs_enabled",67025.6,0
"control_outputs_enabled",67025.6,0
"control_outputs_enabled",67025.6,0
"control_outputs_enabled",67025.6,0
"control_outputs_enabled",67025.6,0
"control_outputs_enabled",67025.6,0
"control_outputs_enabled",67025.6,0
"control_outputs_enabled",67025.6,0
"control_outputs_enabled",67025.6,0
"control_outputs_enabled",67025.6,0
"control_outputs_enabled",67025.6,0
"control_outputs_enabled",67025.7,0
"control_outputs_enabled",67025.7,0
"control_outputs_enabled",67025.7,0
"control_outputs_enabled",67025.7,0
"control_outputs_enabled",67025.7,0
"control_outputs_enabled",67025.7,0
"control_outputs_enabled",67025.7,0
"control_outputs_enabled",67025.7,0
"control_outputs_enabled",67025.7,0
"control_outputs_enabled",67025.7,0
"control_outputs_enabled",67025.7,0
"control_outputs_enabled",67025.8,0
"control_outputs_enabled",67025.8,0
"control_outputs_enabled",67025.8,0
"control_outputs_enabled",67025.8,0
"control_outputs_enabled",67025.8,0
"control_outputs_enabled",67025.8,0
"control_outputs_enabled",67025.8,0
"control_outputs_enabled",67025.8,0
"control_outputs_enabled",67025.8,0
"control_outputs_enabled",67025.8,0
"control_outputs_enabled",67025.8,0
"control_outputs_enabled",67025.9,0
"control_outputs_enabled",67025.9,0
"control_outputs_enabled",67025.9,0
"control_outputs_enabled",67025.9,0
"control_outputs_enabled",67025.9,0
"control_outputs_enabled",67025.9,0
"control_outputs_enabled",67025.9,0
"control_outputs_enabled",67025.9,0
"control_outputs_enabled",67025.9,0
"control_outputs_enabled",67025.9,0
"control_outputs_enabled",67026,0
"control_outputs_enabled",67026,0
"control_outputs_enabled",67026,0
"control_outputs_enabled",67026,0
"control_outputs_enabled",67026,0
"control_outputs_enabled",67026,0
"control_outputs_enabled",67026,0
"control_outputs_enabled",67026,0
"control_outputs_enabled",67026,0
"control_outputs_enabled",67026,0
"control_outputs_enabled",67026.1,0
"control_outputs_enabled",67026.1,0
"control_outputs_enabled",67026.1,0
"control_outputs_enabled",67026.1,0
"control_outputs_enabled",67026.1,0
"control_outputs_enabled",67026.1,0
"control_outputs_enabled",67026.1,0
"control_outputs_enabled",67026.1,0
"control_outputs_enabled",67026.1,0
"control_outputs_enabled",67026.1,0
"control_outputs_enabled",67026.2,0
"control_outputs_enabled",67026.2,0
"control_outputs_enabled",67026.2,0
"control_outputs_enabled",67026.2,0
"control_outputs_enabled",67026.2,0
"control_outputs_enabled",67026.2,0
"control_outputs_enabled",67026.2,0
"control_outputs_enabled",67026.2,0
"control_outputs_enabled",67026.2,0
"control_outputs_enabled",67026.2,0
"control_outputs_enabled",67026.3,0
"control_outputs_enabled",67026.3,0
"control_outputs_enabled",67026.3,0
"control_outputs_enabled",67026.3,0
"control_outputs_enabled",67026.3,0
"control_outputs_enabled",67026.3,0
"control_outputs_enabled",67026.3,0
"control_outputs_enabled",67026.3,0
"control_outputs_enabled",67026.3,0
"control_outputs_enabled",67026.3,0
"control_outputs_enabled",67026.4,0
"control_outputs_enabled",67026.4,0
"control_outputs_enabled",67026.4,0
"control_outputs_enabled",67026.4,0
"control_outputs_enabled",67026.4,0
"control_outputs_enabled",67026.4,0
"control_outputs_enabled",67026.4,0
"control_outputs_enabled",67026.4,0
"control_outputs_enabled",67026.4,0
"control_outputs_enabled",67026.4,0
"control_outputs_enabled",67026.5,0
"control_outputs_enabled",67026.5,0
"control_outputs_enabled",67026.5,0
"control_outputs_enabled",67026.5,0
"control_outputs_enabled",67026.5,0
"control_outputs_enabled",67026.5,0
"control_outputs_enabled",67026.5,0
"control_outputs_enabled",67026.5,0
"control_outputs_enabled",67026.5,0
"control_outputs_enabled",67026.5,0
"control_outputs_enabled",67026.6,0
"control_outputs_enabled",67026.6,0
"control_outputs_enabled",67026.6,0
"control_outputs_enabled",67026.6,0
"control_outputs_enabled",67026.6,0
"control_outputs_enabled",67026.6,0
"control_outputs_enabled",67026.6,0
"control_outputs_enabled",67026.6,0
"control_outputs_enabled",67026.6,0
"control_outputs_enabled",67026.6,0
"control_outputs_enabled",67026.7,0
"control_outputs_enabled",67026.7,0
"control_outputs_enabled",67026.7,0
"control_outputs_enabled",67026.7,0
"control_outputs_enabled",67026.7,0
"control_outputs_enabled",67026.7,0
"control_outputs_enabled",67026.7,0
"control_outputs_enabled",67026.7,0
"control_outputs_enabled",67026.7,0
"control_outputs_enabled",67026.8,0
"control_outputs_enabled",67026.8,0
"control_outputs_enabled",67026.8,0
"control_outputs_enabled",67026.8,0
"control_outputs_enabled",67026.8,0
"control_outputs_enabled",67026.8,0
"control_outputs_enabled",67026.8,0
"control_outputs_enabled",67026.8,0
"control_outputs_enabled",67026.8,0
"control_outputs_enabled",67026.8,0
"control_outputs_enabled",67026.9,0
"control_outputs_enabled",67026.9,0
"control_outputs_enabled",67026.9,0
"control_outputs_enabled",67026.9,0
"control_outputs_enabled",67026.9,0
"control_outputs_enabled",67026.9,0
"control_outputs_enabled",67026.9,0
"control_outputs_enabled",67026.9,0
"control_outputs_enabled",67026.9,0
"control_outputs_enabled",67026.9,0
"control_outputs_enabled",67026.9,0
"control_outputs_enabled",67027,0
"control_outputs_enabled",67027,0
"control_outputs_enabled",67027,0
"control_outputs_enabled",67027,0
"control_outputs_enabled",67027,0
"control_outputs_enabled",67027,0
"control_outputs_enabled",67027,0
"control_outputs_enabled",67027,0
"control_outputs_enabled",67027,0
"control_outputs_enabled",67027,0
"control_outputs_enabled",67027.1,0
"control_outputs_enabled",67027.1,0
"control_outputs_enabled",67027.1,0
"control_outputs_enabled",67027.1,0
"control_outputs_enabled",67027.1,0
"control_outputs_enabled",67027.1,0
"control_outputs_enabled",67027.1,0
"control_outputs_enabled",67027.1,0
"control_outputs_enabled",67027.1,0
"control_outputs_enabled",67027.1,0
"control_outputs_enabled",67027.2,0
"control_outputs_enabled",67027.2,0
"control_outputs_enabled",67027.2,0
"control_outputs_enabled",67027.2,0
"control_outputs_enabled",67027.2,0
"control_outputs_enabled",67027.2,0
"control_outputs_enabled",67027.2,0
"control_outputs_enabled",67027.2,0
"control_outputs_enabled",67027.2,0
"control_outputs_enabled",67027.2,0
"control_outputs_enabled",67027.3,0
"control_outputs_enabled",67027.3,0
"control_outputs_enabled",67027.3,0
"control_outputs_enabled",67027.3,0
"control_outputs_enabled",67027.3,0
"control_outputs_enabled",67027.3,0
"control_outputs_enabled",67027.3,0
"control_outputs_enabled",67027.3,0
"control_outputs_enabled",67027.3,0
"control_outputs_enabled",67027.4,0
"control_outputs_enabled",67027.4,0
"control_outputs_enabled",67027.4,0
"control_outputs_enabled",67027.4,0
"control_outputs_enabled",67027.4,0
"control_outputs_enabled",67027.4,0
"control_outputs_enabled",67027.4,0
"control_outputs_enabled",67027.4,0
"control_outputs_enabled",67027.4,0
"control_outputs_enabled",67027.4,0
"control_outputs_enabled",67027.4,0
"control_outputs_enabled",67027.5,0
"control_outputs_enabled",67027.5,0
"control_outputs_enabled",67027.5,0
"control_outputs_enabled",67027.5,0
"control_outputs_enabled",67027.5,0
"control_outputs_enabled",67027.5,0
"control_outputs_enabled",67027.5,0
"control_outputs_enabled",67027.5,0
"control_outputs_enabled",67027.5,0
"control_outputs_enabled",67027.5,0
"control_outputs_enabled",67027.6,0
"control_outputs_enabled",67027.6,0
"control_outputs_enabled",67027.6,0
"control_outputs_enabled",67027.6,0
"control_outputs_enabled",67027.6,0
"control_outputs_enabled",67027.6,0
"control_outputs_enabled",67027.6,0
"control_outputs_enabled",67027.6,0
"control_outputs_enabled",67027.6,0
"control_outputs_enabled",67027.6,0
"control_outputs_enabled",67027.7,0
"control_outputs_enabled",67027.7,0
"control_outputs_enabled",67027.7,0
"control_outputs_enabled",67027.7,0
"control_outputs_enabled",67027.7,0
"control_outputs_enabled",67027.7,0
"control_outputs_enabled",67027.7,0
"control_outputs_enabled",67027.7,0
"control_outputs_enabled",67027.7,0
"control_outputs_enabled",67027.8,0
"control_outputs_enabled",67027.8,0
"control_outputs_enabled",67027.8,0
"control_outputs_enabled",67027.8,0
"control_outputs_enabled",67027.8,0
"control_outputs_enabled",67027.8,0
"control_outputs_enabled",67027.8,0
"control_outputs_enabled",67027.8,0
"control_outputs_enabled",67027.8,0
"control_outputs_enabled",67027.8,0
"control_outputs_enabled",67027.8,0
"control_outputs_enabled",67027.9,0
"control_outputs_enabled",67027.9,0
"control_outputs_enabled",67027.9,0
"control_outputs_enabled",67027.9,0
"control_outputs_enabled",67027.9,0
"control_outputs_enabled",67027.9,0
"control_outputs_enabled",67027.9,0
"control_outputs_enabled",67027.9,0
"control_outputs_enabled",67027.9,0
"control_outputs_enabled",67027.9,0
"control_outputs_enabled",67028,0
"control_outputs_enabled",67028,0
"control_outputs_enabled",67028,0
"control_outputs_enabled",67028,0
"control_outputs_enabled",67028,0
"control_outputs_enabled",67028,0
"control_outputs_enabled",67028,0
"control_outputs_enabled",67028,0
"control_outputs_enabled",67028,0
"control_outputs_enabled",67028,0
"control_outputs_enabled",67028.1,0
"control_outputs_enabled",67028.1,0
"control_outputs_enabled",67028.1,0
"control_outputs_enabled",67028.1,0
"control_outputs_enabled",67028.1,0
"control_outputs_enabled",67028.1,0
"control_outputs_enabled",67028.1,0
"control_outputs_enabled",67028.1,0
"control_outputs_enabled",67028.1,0
"control_outputs_enabled",67028.1,0
"control_outputs_enabled",67028.2,0
"control_outputs_enabled",67028.2,0
"control_outputs_enabled",67028.2,0
"control_outputs_enabled",67028.2,0
"control_outputs_enabled",67028.2,0
"control_outputs_enabled",67028.2,0
"control_outputs_enabled",67028.2,0
"control_outputs_enabled",67028.2,0
"control_outputs_enabled",67028.2,0
"control_outputs_enabled",67028.2,0
"control_outputs_enabled",67028.3,0
"control_outputs_enabled",67028.3,0
"control_outputs_enabled",67028.3,0
"control_outputs_enabled",67028.3,0
"control_outputs_enabled",67028.3,0
"control_outputs_enabled",67028.3,0
"control_outputs_enabled",67028.3,0
"control_outputs_enabled",67028.3,0
"control_outputs_enabled",67028.3,0
"control_outputs_enabled",67028.3,0
"control_outputs_enabled",67028.4,0
"control_outputs_enabled",67028.4,0
"control_outputs_enabled",67028.4,0
"control_outputs_enabled",67028.4,0
"control_outputs_enabled",67028.4,0
"control_outputs_enabled",67028.4,0
"control_outputs_enabled",67028.4,0
"control_outputs_enabled",67028.4,0
"control_outputs_enabled",67028.4,0
"control_outputs_enabled",67028.4,0
"control_outputs_enabled",67028.5,0
"control_outputs_enabled",67028.5,0
"control_outputs_enabled",67028.5,0
"control_outputs_enabled",67028.5,0
"control_outputs_enabled",67028.5,0
"control_outputs_enabled",67028.5,0
"control_outputs_enabled",67028.5,0
"control_outputs_enabled",67028.5,0
"control_outputs_enabled",67028.5,0
"control_outputs_enabled",67028.5,0
"control_outputs_enabled",67028.6,0
"control_outputs_enabled",67028.6,0
"control_outputs_enabled",67028.6,0
"control_outputs_enabled",67028.6,0
"control_outputs_enabled",67028.6,0
"control_outputs_enabled",67028.6,0
"control_outputs_enabled",67028.6,0
"control_outputs_enabled",67028.6,0
"control_outputs_enabled",67028.6,0
"control_outputs_enabled",67028.6,0
"control_outputs_enabled",67028.7,0
"control_outputs_enabled",67028.7,0
"control_outputs_enabled",67028.7,0
"control_outputs_enabled",67028.7,0
"control_outputs_enabled",67028.7,0
"control_outputs_enabled",67028.7,0
"control_outputs_enabled",67028.7,0
"control_outputs_enabled",67028.7,0
"control_outputs_enabled",67028.7,0
"control_outputs_enabled",67028.8,0
"control_outputs_enabled",67028.8,0
"control_outputs_enabled",67028.8,0
"control_outputs_enabled",67028.8,0
"control_outputs_enabled",67028.8,0
"control_outputs_enabled",67028.8,0
"control_outputs_enabled",67028.8,0
"control_outputs_enabled",67028.8,0
"control_outputs_enabled",67028.8,0
"control_outputs_enabled",67028.8,0
"control_outputs_enabled",67028.9,0
"control_outputs_enabled",67028.9,0
"control_outputs_enabled",67028.9,0
"control_outputs_enabled",67028.9,0
"control_outputs_enabled",67028.9,0
"control_outputs_enabled",67028.9,0
"control_outputs_enabled",67028.9,0
"control_outputs_enabled",67028.9,0
"control_outputs_enabled",67028.9,0
"control_outputs_enabled",67028.9,0
"control_outputs_enabled",67029,0
"control_outputs_enabled",67029,0
"control_outputs_enabled",67029,0
"control_outputs_enabled",67029,0
"control_outputs_enabled",67029,0
"control_outputs_enabled",67029,0
"control_outputs_enabled",67029,0
"control_outputs_enabled",67029,0
"control_outputs_enabled",67029,0
"control_outputs_enabled",67029,0
"control_outputs_enabled",67029,0
"control_outputs_enabled",67029.1,0
"control_outputs_enabled",67029.1,0
"control_outputs_enabled",67029.1,0
"control_outputs_enabled",67029.1,0
"control_outputs_enabled",67029.1,0
"control_outputs_enabled",67029.1,0
"control_outputs_enabled",67029.1,0
"control_outputs_enabled",67029.1,0
"control_outputs_enabled",67029.1,0
"control_outputs_enabled",67029.1,0
"control_outputs_enabled",67029.2,0
"control_outputs_enabled",67029.2,0
"control_outputs_enabled",67029.2,0
"control_outputs_enabled",67029.2,0
"control_outputs_enabled",67029.2,0
"control_outputs_enabled",67029.2,0
"control_outputs_enabled",67029.2,0
"control_outputs_enabled",67029.2,0
"control_outputs_enabled",67029.2,0
"control_outputs_enabled",67029.2,0
"control_outputs_enabled",67029.3,0
"control_outputs_enabled",67029.3,0
"control_outputs_enabled",67029.3,0
"control_outputs_enabled",67029.3,0
"control_outputs_enabled",67029.3,0
"control_outputs_enabled",67029.3,0
"control_outputs_enabled",67029.3,0
"control_outputs_enabled",67029.3,0
"control_outputs_enabled",67029.3,0
"control_outputs_enabled",67029.4,0
"control_outputs_enabled",67029.4,0
"control_outputs_enabled",67029.4,0
"control_outputs_enabled",67029.4,0
"control_outputs_enabled",67029.4,0
"control_outputs_enabled",67029.4,0
"control_outputs_enabled",67029.4,0
"control_outputs_enabled",67029.4,0
"control_outputs_enabled",67029.4,0
"control_outputs_enabled",67029.4,0
"control_outputs_enabled",67029.4,0
"control_outputs_enabled",67029.5,0
"control_outputs_enabled",67029.5,0
"control_outputs_enabled",67029.5,0
"control_outputs_enabled",67029.5,0
"control_outputs_enabled",67029.5,0
"control_outputs_enabled",67029.5,0
"control_outputs_enabled",67029.5,0
"control_outputs_enabled",67029.5,0
"control_outputs_enabled",67029.5,0
"control_outputs_enabled",67029.5,0
"control_outputs_enabled",67029.6,0
"control_outputs_enabled",67029.6,0
"control_outputs_enabled",67029.6,0
"control_outputs_enabled",67029.6,0
"control_outputs_enabled",67029.6,0
"control_outputs_enabled",67029.6,0
"control_outputs_enabled",67029.6,0
"control_outputs_enabled",67029.6,0
"control_outputs_enabled",67029.6,0
"control_outputs_enabled",67029.6,0
"control_outputs_enabled",67029.7,0
"control_outputs_enabled",67029.7,0
"control_outputs_enabled",67029.7,0
"control_outputs_enabled",67029.7,0
"control_outputs_enabled",67029.7,0
"control_outputs_enabled",67029.7,0
"control_outputs_enabled",67029.7,0
"control_outputs_enabled",67029.7,0
"control_outputs_enabled",67029.7,0
"control_outputs_enabled",67029.8,0
"control_outputs_enabled",67029.8,0
"control_outputs_enabled",67029.8,0
"control_outputs_enabled",67029.8,0
"control_outputs_enabled",67029.8,0
"control_outputs_enabled",67029.8,0
"control_outputs_enabled",67029.8,0
"control_outputs_enabled",67029.8,0
"control_outputs_enabled",67029.8,0
"control_outputs_enabled",67029.8,0
"control_outputs_enabled",67029.9,0
"control_outputs_enabled",67029.9,0
"control_outputs_enabled",67029.9,0
"control_outputs_enabled",67029.9,0
"control_outputs_enabled",67029.9,0
"control_outputs_enabled",67029.9,0
