signal,time_s,value
"Mech_RPM",66732.7,-419.262
"Mech_RPM",66732.7,-419.262
"Mech_RPM",66732.7,-420.356
"Mech_RPM",66732.7,-420.356
"Mech_RPM",66732.7,-421.522
"Mech_RPM",66732.7,-421.522
"Mech_RPM",66732.7,-422.55
"Mech_RPM",66732.7,-422.55
"Mech_RPM",66732.8,-423.828
"Mech_RPM",66732.8,-423.828
"Mech_RPM",66732.8,-424.789
"Mech_RPM",66732.8,-424.789
"Mech_RPM",66732.8,-425.866
"Mech_RPM",66732.8,-425.866
"Mech_RPM",66732.8,-427.078
"Mech_RPM",66732.8,-427.078
"Mech_RPM",66732.8,-428.193
"Mech_RPM",66732.8,-428.193
"Mech_RPM",66732.8,-429.171
"Mech_RPM",66732.9,-429.171
"Mech_RPM",66732.9,-430.296
"Mech_RPM",66732.9,-430.296
"Mech_RPM",66732.9,-431.502
"Mech_RPM",66732.9,-431.502
"Mech_RPM",66732.9,-432.528
"Mech_RPM",66732.9,-432.528
"Mech_RPM",66732.9,-433.701
"Mech_RPM",66732.9,-433.701
"Mech_RPM",66732.9,-434.683
"Mech_RPM",66733,-434.683
"Mech_RPM",66733,-435.906
"Mech_RPM",66733,-435.906
"Mech_RPM",66733,-436.855
"Mech_RPM",66733,-436.855
"Mech_RPM",66733,-438.055
"Mech_RPM",66733,-438.055
"Mech_RPM",66733,-439.117
"Mech_RPM",66733,-439.117
"Mech_RPM",66733,-440.157
"Mech_RPM",66733.1,-440.157
"Mech_RPM",66733.1,-441.167
"Mech_RPM",66733.1,-441.167
"Mech_RPM",66733.1,-442.166
"Mech_RPM",66733.1,-442.166
"Mech_RPM",66733.1,-443.302
"Mech_RPM",66733.1,-443.302
"Mech_RPM",66733.1,-444.53
"Mech_RPM",66733.1,-444.53
"Mech_RPM",66733.1,-445.535
"Mech_RPM",66733.2,-445.535
"Mech_RPM",66733.2,-446.614
"Mech_RPM",66733.2,-446.614
"Mech_RPM",66733.2,-447.671
"Mech_RPM",66733.2,-447.671
"Mech_RPM",66733.2,-448.624
"Mech_RPM",66733.2,-448.624
"Mech_RPM",66733.2,-449.787
"Mech_RPM",66733.2,-449.787
"Mech_RPM",66733.2,-450.843
"Mech_RPM",66733.3,-450.843
"Mech_RPM",66733.3,-451.733
"Mech_RPM",66733.3,-451.733
"Mech_RPM",66733.3,-452.677
"Mech_RPM",66733.3,-452.677
"Mech_RPM",66733.3,-453.832
"Mech_RPM",66733.3,-453.832
"Mech_RPM",66733.3,-454.797
"Mech_RPM",66733.3,-454.797
"Mech_RPM",66733.3,-455.837
"Mech_RPM",66733.4,-455.837
"Mech_RPM",66733.4,-456.928
"Mech_RPM",66733.4,-456.928
"Mech_RPM",66733.4,-458.019
"Mech_RPM",66733.4,-458.019
"Mech_RPM",66733.4,-459.015
"Mech_RPM",66733.4,-459.015
"Mech_RPM",66733.4,-460.053
"Mech_RPM",66733.4,-460.053
"Mech_RPM",66733.4,-461.029
"Mech_RPM",66733.5,-461.029
"Mech_RPM",66733.5,-462.152
"Mech_RPM",66733.5,-462.152
"Mech_RPM",66733.5,-463.107
"Mech_RPM",66733.5,-463.107
"Mech_RPM",66733.5,-464.21
"Mech_RPM",66733.5,-464.21
"Mech_RPM",66733.5,-465.113
"Mech_RPM",66733.5,-465.113
"Mech_RPM",66733.5,-466.321
"Mech_RPM",66733.6,-466.321
"Mech_RPM",66733.6,-467.234
"Mech_RPM",66733.6,-467.234
"Mech_RPM",66733.6,-468.244
"Mech_RPM",66733.6,-468.244
"Mech_RPM",66733.6,-469.41
"Mech_RPM",66733.6,-469.41
"Mech_RPM",66733.6,-470.376
"Mech_RPM",66733.6,-470.376
"Mech_RPM",66733.6,-471.219
"Mech_RPM",66733.7,-471.219
"Mech_RPM",66733.7,-472.336
"Mech_RPM",66733.7,-472.336
"Mech_RPM",66733.7,-473.358
"Mech_RPM",66733.7,-473.358
"Mech_RPM",66733.7,-474.359
"Mech_RPM",66733.7,-474.359
"Mech_RPM",66733.7,-475.372
"Mech_RPM",66733.7,-475.372
"Mech_RPM",66733.7,-476.365
"Mech_RPM",66733.8,-476.365
"Mech_RPM",66733.8,-477.39
"Mech_RPM",66733.8,-477.39
"Mech_RPM",66733.8,-478.311
"Mech_RPM",66733.8,-478.311
"Mech_RPM",66733.8,-479.286
"Mech_RPM",66733.8,-479.286
"Mech_RPM",66733.8,-480.377
"Mech_RPM",66733.8,-480.377
"Mech_RPM",66733.8,-481.457
"Mech_RPM",66733.9,-481.457
"Mech_RPM",66733.9,-482.38
"Mech_RPM",66733.9,-482.38
"Mech_RPM",66733.9,-483.379
"Mech_RPM",66733.9,-483.379
"Mech_RPM",66733.9,-484.409
"Mech_RPM",66733.9,-484.409
"Mech_RPM",66733.9,-485.325
"Mech_RPM",66733.9,-485.325
"Mech_RPM",66733.9,-486.452
"Mech_RPM",66734,-486.452
"Mech_RPM",66734,-487.389
"Mech_RPM",66734,-487.389
"Mech_RPM",66734,-488.204
"Mech_RPM",66734,-488.204
"Mech_RPM",66734,-489.346
"Mech_RPM",66734,-489.346
"Mech_RPM",66734,-490.184
"Mech_RPM",66734,-490.184
"Mech_RPM",66734,-491.266
"Mech_RPM",66734.1,-491.266
"Mech_RPM",66734.1,-492.17
"Mech_RPM",66734.1,-492.17
"Mech_RPM",66734.1,-493.087
"Mech_RPM",66734.1,-493.087
"Mech_RPM",66734.1,-494.079
"Mech_RPM",66734.1,-494.079
"Mech_RPM",66734.1,-494.937
"Mech_RPM",66734.1,-494.937
"Mech_RPM",66734.1,-495.893
"Mech_RPM",66734.2,-495.893
"Mech_RPM",66734.2,-496.964
"Mech_RPM",66734.2,-496.964
"Mech_RPM",66734.2,-497.765
"Mech_RPM",66734.2,-497.765
"Mech_RPM",66734.2,-498.841
"Mech_RPM",66734.2,-498.841
"Mech_RPM",66734.2,-499.791
"Mech_RPM",66734.2,-499.791
"Mech_RPM",66734.2,-500.66
"Mech_RPM",66734.2,-500.66
"Mech_RPM",66734.3,-501.761
"Mech_RPM",66734.3,-501.761
"Mech_RPM",66734.3,-502.622
"Mech_RPM",66734.3,-502.622
"Mech_RPM",66734.3,-503.559
"Mech_RPM",66734.3,-503.559
"Mech_RPM",66734.3,-504.654
"Mech_RPM",66734.3,-504.654
"Mech_RPM",66734.3,-505.447
"Mech_RPM",66734.4,-505.447
"Mech_RPM",66734.4,-506.452
"Mech_RPM",66734.4,-506.452
"Mech_RPM",66734.4,-507.386
"Mech_RPM",66734.4,-507.386
"Mech_RPM",66734.4,-508.301
"Mech_RPM",66734.4,-508.301
"Mech_RPM",66734.4,-509.27
"Mech_RPM",66734.4,-509.27
"Mech_RPM",66734.4,-510.105
"Mech_RPM",66734.5,-510.105
"Mech_RPM",66734.5,-511.132
"Mech_RPM",66734.5,-511.132
"Mech_RPM",66734.5,-512.045
"Mech_RPM",66734.5,-512.045
"Mech_RPM",66734.5,-512.929
"Mech_RPM",66734.5,-512.929
"Mech_RPM",66734.5,-513.827
"Mech_RPM",66734.5,-513.827
"Mech_RPM",66734.5,-514.769
"Mech_RPM",66734.6,-514.769
"Mech_RPM",66734.6,-515.713
"Mech_RPM",66734.6,-515.713
"Mech_RPM",66734.6,-516.639
"Mech_RPM",66734.6,-516.639
"Mech_RPM",66734.6,-517.514
"Mech_RPM",66734.6,-517.514
"Mech_RPM",66734.6,-518.362
"Mech_RPM",66734.6,-518.362
"Mech_RPM",66734.7,-519.318
"Mech_RPM",66734.7,-519.318
"Mech_RPM",66734.7,-520.067
"Mech_RPM",66734.7,-520.067
"Mech_RPM",66734.7,-521.103
"Mech_RPM",66734.7,-521.103
"Mech_RPM",66734.7,-521.91
"Mech_RPM",66734.8,-521.91
"Mech_RPM",66734.8,-522.826
"Mech_RPM",66734.8,-522.826
"Mech_RPM",66734.8,-523.609
"Mech_RPM",66734.8,-523.609
"Mech_RPM",66734.8,-524.626
"Mech_RPM",66734.9,-524.626
"Mech_RPM",66734.9,-525.363
"Mech_RPM",66734.9,-525.363
"Mech_RPM",66734.9,-526.408
"Mech_RPM",66734.9,-526.408
"Mech_RPM",66734.9,-527.244
"Mech_RPM",66734.9,-527.244
"Mech_RPM",66734.9,-528.147
"Mech_RPM",66735,-528.147
"Mech_RPM",66735,-528.98
"Mech_RPM",66735,-530.876
"Mech_RPM",66735,-530.876
"Mech_RPM",66735,-531.634
"Mech_RPM",66735,-531.634
"Mech_RPM",66735.1,-532.491
"Mech_RPM",66735.1,-532.491
"Mech_RPM",66735.1,-534.298
"Mech_RPM",66735.1,-535.269
"Mech_RPM",66735.1,-535.269
"Mech_RPM",66735.1,-536.042
"Mech_RPM",66735.1,-536.042
"Mech_RPM",66735.2,-538.617
"Mech_RPM",66735.2,-538.617
"Mech_RPM",66735.2,-539.657
"Mech_RPM",66735.2,-539.657
"Mech_RPM",66735.2,-540.437
"Mech_RPM",66735.2,-540.437
"Mech_RPM",66735.2,-541.212
"Mech_RPM",66735.2,-541.212
"Mech_RPM",66735.2,-542.085
"Mech_RPM",66735.3,-542.085
"Mech_RPM",66735.3,-543.004
"Mech_RPM",66735.3,-543.004
"Mech_RPM",66735.3,-544.061
"Mech_RPM",66735.3,-544.061
"Mech_RPM",66735.3,-544.846
"Mech_RPM",66735.3,-544.846
"Mech_RPM",66735.3,-545.71
"Mech_RPM",66735.3,-545.71
"Mech_RPM",66735.3,-546.639
"Mech_RPM",66735.3,-546.639
"Mech_RPM",66735.4,-547.519
"Mech_RPM",66735.4,-547.519
"Mech_RPM",66735.4,-548.371
"Mech_RPM",66735.4,-548.371
"Mech_RPM",66735.4,-549.122
"Mech_RPM",66735.4,-549.122
"Mech_RPM",66735.4,-549.952
"Mech_RPM",66735.4,-549.952
"Mech_RPM",66735.4,-550.943
"Mech_RPM",66735.4,-550.943
"Mech_RPM",66735.4,-551.736
"Mech_RPM",66735.5,-551.736
"Mech_RPM",66735.5,-552.587
"Mech_RPM",66735.5,-552.587
"Mech_RPM",66735.5,-553.389
"Mech_RPM",66735.5,-553.389
"Mech_RPM",66735.5,-554.165
"Mech_RPM",66735.5,-554.165
"Mech_RPM",66735.5,-555.165
"Mech_RPM",66735.5,-555.165
"Mech_RPM",66735.5,-555.937
"Mech_RPM",66735.5,-555.937
"Mech_RPM",66735.5,-556.933
"Mech_RPM",66735.6,-556.933
"Mech_RPM",66735.6,-557.857
"Mech_RPM",66735.6,-557.857
"Mech_RPM",66735.6,-558.522
"Mech_RPM",66735.6,-558.522
"Mech_RPM",66735.6,-559.498
"Mech_RPM",66735.6,-559.498
"Mech_RPM",66735.6,-560.36
"Mech_RPM",66735.6,-560.36
"Mech_RPM",66735.6,-561.205
"Mech_RPM",66735.6,-561.205
"Mech_RPM",66735.6,-561.929
"Mech_RPM",66735.7,-561.929
"Mech_RPM",66735.7,-562.846
"Mech_RPM",66735.7,-562.846
"Mech_RPM",66735.7,-563.694
"Mech_RPM",66735.7,-563.694
"Mech_RPM",66735.7,-564.524
"Mech_RPM",66735.7,-564.524
"Mech_RPM",66735.7,-565.317
"Mech_RPM",66735.7,-565.317
"Mech_RPM",66735.7,-566.281
"Mech_RPM",66735.8,-566.281
"Mech_RPM",66735.8,-567.081
"Mech_RPM",66735.8,-567.081
"Mech_RPM",66735.8,-567.937
"Mech_RPM",66735.8,-567.937
"Mech_RPM",66735.8,-568.661
"Mech_RPM",66735.8,-568.661
"Mech_RPM",66735.8,-569.486
"Mech_RPM",66735.8,-569.486
"Mech_RPM",66735.8,-570.471
"Mech_RPM",66735.8,-570.471
"Mech_RPM",66735.9,-571.312
"Mech_RPM",66735.9,-571.312
"Mech_RPM",66735.9,-572.021
"Mech_RPM",66735.9,-572.021
"Mech_RPM",66735.9,-572.987
"Mech_RPM",66735.9,-572.987
"Mech_RPM",66735.9,-573.829
"Mech_RPM",66735.9,-573.829
"Mech_RPM",66735.9,-574.488
"Mech_RPM",66735.9,-574.488
"Mech_RPM",66735.9,-575.436
"Mech_RPM",66736,-575.436
"Mech_RPM",66736,-576.24
"Mech_RPM",66736,-576.24
"Mech_RPM",66736,-576.944
"Mech_RPM",66736,-576.944
"Mech_RPM",66736,-577.77
"Mech_RPM",66736,-577.77
"Mech_RPM",66736,-578.746
"Mech_RPM",66736,-578.746
"Mech_RPM",66736,-579.514
"Mech_RPM",66736,-579.514
"Mech_RPM",66736.1,-580.226
"Mech_RPM",66736.1,-580.226
"Mech_RPM",66736.1,-581.205
"Mech_RPM",66736.1,-581.205
"Mech_RPM",66736.1,-581.946
"Mech_RPM",66736.1,-581.946
"Mech_RPM",66736.1,-582.723
"Mech_RPM",66736.1,-582.723
"Mech_RPM",66736.1,-583.517
"Mech_RPM",66736.1,-583.517
"Mech_RPM",66736.2,-584.524
"Mech_RPM",66736.2,-584.524
"Mech_RPM",66736.2,-585.208
"Mech_RPM",66736.2,-585.208
"Mech_RPM",66736.2,-586.181
"Mech_RPM",66736.2,-586.181
"Mech_RPM",66736.2,-587.02
"Mech_RPM",66736.2,-587.02
"Mech_RPM",66736.2,-587.644
"Mech_RPM",66736.2,-587.644
"Mech_RPM",66736.3,-588.641
"Mech_RPM",66736.3,-588.641
"Mech_RPM",66736.3,-589.504
"Mech_RPM",66736.3,-589.504
"Mech_RPM",66736.3,-590.36
"Mech_RPM",66736.3,-590.36
"Mech_RPM",66736.3,-591.011
"Mech_RPM",66736.3,-591.011
"Mech_RPM",66736.3,-591.805
"Mech_RPM",66736.4,-591.805
"Mech_RPM",66736.4,-592.802
"Mech_RPM",66736.4,-592.802
"Mech_RPM",66736.4,-593.509
"Mech_RPM",66736.4,-593.509
"Mech_RPM",66736.4,-594.462
"Mech_RPM",66736.4,-594.462
"Mech_RPM",66736.4,-595.114
"Mech_RPM",66736.4,-595.114
"Mech_RPM",66736.4,-596.045
"Mech_RPM",66736.5,-596.045
"Mech_RPM",66736.5,-596.76
"Mech_RPM",66736.5,-596.76
"Mech_RPM",66736.5,-597.71
"Mech_RPM",66736.5,-597.71
"Mech_RPM",66736.5,-598.485
"Mech_RPM",66736.5,-598.485
"Mech_RPM",66736.5,-599.161
"Mech_RPM",66736.5,-599.161
"Mech_RPM",66736.5,-599.969
"Mech_RPM",66736.6,-599.969
"Mech_RPM",66736.6,-600.907
"Mech_RPM",66736.6,-600.907
"Mech_RPM",66736.6,-601.546
"Mech_RPM",66736.6,-601.546
"Mech_RPM",66736.6,-602.275
"Mech_RPM",66736.6,-602.275
"Mech_RPM",66736.6,-603.011
"Mech_RPM",66736.6,-603.011
"Mech_RPM",66736.6,-603.909
"Mech_RPM",66736.7,-603.909
"Mech_RPM",66736.7,-604.727
"Mech_RPM",66736.7,-604.727
"Mech_RPM",66736.7,-605.486
"Mech_RPM",66736.7,-605.486
"Mech_RPM",66736.7,-606.21
"Mech_RPM",66736.7,-606.21
"Mech_RPM",66736.7,-606.992
"Mech_RPM",66736.7,-606.992
"Mech_RPM",66736.7,-607.769
"Mech_RPM",66736.8,-607.769
"Mech_RPM",66736.8,-608.593
"Mech_RPM",66736.8,-608.593
"Mech_RPM",66736.8,-609.4
"Mech_RPM",66736.8,-609.4
"Mech_RPM",66736.8,-610.149
"Mech_RPM",66736.8,-610.149
"Mech_RPM",66736.8,-610.759
"Mech_RPM",66736.8,-610.759
"Mech_RPM",66736.8,-611.648
"Mech_RPM",66736.9,-611.648
"Mech_RPM",66736.9,-612.259
"Mech_RPM",66736.9,-612.259
"Mech_RPM",66736.9,-613.118
"Mech_RPM",66736.9,-613.118
"Mech_RPM",66736.9,-613.668
"Mech_RPM",66736.9,-613.668
"Mech_RPM",66736.9,-614.499
"Mech_RPM",66736.9,-614.499
"Mech_RPM",66736.9,-615.115
"Mech_RPM",66737,-615.115
"Mech_RPM",66737,-615.781
"Mech_RPM",66737,-615.781
"Mech_RPM",66737,-616.226
"Mech_RPM",66737,-616.226
"Mech_RPM",66737,-616.672
"Mech_RPM",66737,-616.672
"Mech_RPM",66737,-617.099
"Mech_RPM",66737,-617.099
"Mech_RPM",66737,-617.476
"Mech_RPM",66737.1,-617.476
"Mech_RPM",66737.1,-617.689
"Mech_RPM",66737.1,-617.689
"Mech_RPM",66737.1,-617.96
"Mech_RPM",66737.1,-617.96
"Mech_RPM",66737.1,-618.174
"Mech_RPM",66737.1,-618.174
"Mech_RPM",66737.1,-618.342
"Mech_RPM",66737.1,-618.342
"Mech_RPM",66737.1,-618.485
"Mech_RPM",66737.1,-618.485
"Mech_RPM",66737.2,-618.584
"Mech_RPM",66737.2,-618.584
"Mech_RPM",66737.2,-618.556
"Mech_RPM",66737.2,-618.556
"Mech_RPM",66737.2,-618.581
"Mech_RPM",66737.2,-618.581
"Mech_RPM",66737.2,-618.543
"Mech_RPM",66737.2,-618.543
"Mech_RPM",66737.2,-618.568
"Mech_RPM",66737.2,-618.568
"Mech_RPM",66737.3,-618.249
"Mech_RPM",66737.3,-618.249
"Mech_RPM",66737.3,-618.227
"Mech_RPM",66737.3,-618.227
"Mech_RPM",66737.3,-617.998
"Mech_RPM",66737.3,-617.998
"Mech_RPM",66737.3,-617.847
"Mech_RPM",66737.3,-617.847
"Mech_RPM",66737.3,-617.708
"Mech_RPM",66737.4,-617.708
"Mech_RPM",66737.4,-617.417
"Mech_RPM",66737.4,-617.417
"Mech_RPM",66737.4,-617.141
"Mech_RPM",66737.4,-617.141
"Mech_RPM",66737.4,-616.767
"Mech_RPM",66737.4,-616.767
"Mech_RPM",66737.4,-616.338
"Mech_RPM",66737.4,-616.338
"Mech_RPM",66737.4,-616.032
"Mech_RPM",66737.5,-616.032
"Mech_RPM",66737.5,-615.451
"Mech_RPM",66737.5,-615.451
"Mech_RPM",66737.5,-615.08
"Mech_RPM",66737.5,-615.08
"Mech_RPM",66737.5,-614.591
"Mech_RPM",66737.5,-614.591
"Mech_RPM",66737.5,-614.049
"Mech_RPM",66737.5,-614.049
"Mech_RPM",66737.5,-613.559
"Mech_RPM",66737.5,-613.559
"Mech_RPM",66737.6,-612.924
"Mech_RPM",66737.6,-612.924
"Mech_RPM",66737.6,-612.29
"Mech_RPM",66737.6,-612.29
"Mech_RPM",66737.6,-611.586
"Mech_RPM",66737.6,-611.586
"Mech_RPM",66737.6,-610.823
"Mech_RPM",66737.6,-610.823
"Mech_RPM",66737.6,-610.18
"Mech_RPM",66737.6,-610.18
"Mech_RPM",66737.7,-609.393
"Mech_RPM",66737.7,-609.393
"Mech_RPM",66737.7,-608.673
"Mech_RPM",66737.7,-608.673
"Mech_RPM",66737.7,-607.854
"Mech_RPM",66737.7,-607.854
"Mech_RPM",66737.7,-607.062
"Mech_RPM",66737.7,-607.062
"Mech_RPM",66737.7,-606.368
"Mech_RPM",66737.8,-606.368
"Mech_RPM",66737.8,-605.501
"Mech_RPM",66737.8,-605.501
"Mech_RPM",66737.8,-604.537
"Mech_RPM",66737.8,-604.537
"Mech_RPM",66737.8,-603.801
"Mech_RPM",66737.8,-603.801
"Mech_RPM",66737.8,-602.86
"Mech_RPM",66737.8,-602.86
"Mech_RPM",66737.8,-601.949
"Mech_RPM",66737.9,-601.949
"Mech_RPM",66737.9,-600.972
"Mech_RPM",66737.9,-600.972
"Mech_RPM",66737.9,-599.911
"Mech_RPM",66737.9,-599.911
"Mech_RPM",66737.9,-599.111
"Mech_RPM",66737.9,-599.111
"Mech_RPM",66737.9,-598.108
"Mech_RPM",66737.9,-598.108
"Mech_RPM",66737.9,-597.052
"Mech_RPM",66738,-597.052
"Mech_RPM",66738,-596.028
"Mech_RPM",66738,-596.028
"Mech_RPM",66738,-594.94
"Mech_RPM",66738,-594.94
"Mech_RPM",66738,-593.854
"Mech_RPM",66738,-593.854
"Mech_RPM",66738,-592.789
"Mech_RPM",66738,-592.789
"Mech_RPM",66738,-591.621
"Mech_RPM",66738.1,-591.621
"Mech_RPM",66738.1,-590.612
"Mech_RPM",66738.1,-590.612
"Mech_RPM",66738.1,-589.508
"Mech_RPM",66738.1,-589.508
"Mech_RPM",66738.1,-588.332
"Mech_RPM",66738.1,-588.332
"Mech_RPM",66738.1,-587.17
"Mech_RPM",66738.1,-587.17
"Mech_RPM",66738.1,-586.02
"Mech_RPM",66738.2,-586.02
"Mech_RPM",66738.2,-584.893
"Mech_RPM",66738.2,-584.893
"Mech_RPM",66738.2,-583.633
"Mech_RPM",66738.2,-583.633
"Mech_RPM",66738.2,-582.45
"Mech_RPM",66738.2,-582.45
"Mech_RPM",66738.2,-581.197
"Mech_RPM",66738.2,-581.197
"Mech_RPM",66738.2,-579.948
"Mech_RPM",66738.3,-579.948
"Mech_RPM",66738.3,-578.63
"Mech_RPM",66738.3,-578.63
"Mech_RPM",66738.3,-577.391
"Mech_RPM",66738.3,-577.391
"Mech_RPM",66738.3,-576.228
"Mech_RPM",66738.3,-576.228
"Mech_RPM",66738.3,-574.995
"Mech_RPM",66738.3,-574.995
"Mech_RPM",66738.3,-573.558
"Mech_RPM",66738.4,-573.558
"Mech_RPM",66738.4,-572.233
"Mech_RPM",66738.4,-572.233
"Mech_RPM",66738.4,-570.955
"Mech_RPM",66738.4,-570.955
"Mech_RPM",66738.4,-569.598
"Mech_RPM",66738.4,-569.598
"Mech_RPM",66738.4,-568.31
"Mech_RPM",66738.4,-568.31
"Mech_RPM",66738.4,-566.955
"Mech_RPM",66738.5,-566.955
"Mech_RPM",66738.5,-565.605
"Mech_RPM",66738.5,-565.605
"Mech_RPM",66738.5,-564.366
"Mech_RPM",66738.5,-564.366
"Mech_RPM",66738.5,-562.808
"Mech_RPM",66738.5,-562.808
"Mech_RPM",66738.5,-561.427
"Mech_RPM",66738.5,-561.427
"Mech_RPM",66738.5,-560.073
"Mech_RPM",66738.6,-560.073
"Mech_RPM",66738.6,-558.601
"Mech_RPM",66738.6,-558.601
"Mech_RPM",66738.6,-557.21
"Mech_RPM",66738.6,-557.21
"Mech_RPM",66738.6,-555.753
"Mech_RPM",66738.6,-555.753
"Mech_RPM",66738.6,-554.367
"Mech_RPM",66738.6,-554.367
"Mech_RPM",66738.6,-552.936
"Mech_RPM",66738.7,-552.936
"Mech_RPM",66738.7,-551.503
"Mech_RPM",66738.7,-551.503
"Mech_RPM",66738.7,-549.952
"Mech_RPM",66738.7,-549.952
"Mech_RPM",66738.7,-548.348
"Mech_RPM",66738.7,-548.348
"Mech_RPM",66738.7,-546.881
"Mech_RPM",66738.7,-546.881
"Mech_RPM",66738.7,-545.444
"Mech_RPM",66738.8,-545.444
"Mech_RPM",66738.8,-543.983
"Mech_RPM",66738.8,-543.983
"Mech_RPM",66738.8,-542.426
"Mech_RPM",66738.8,-542.426
"Mech_RPM",66738.8,-541.036
"Mech_RPM",66738.8,-541.036
"Mech_RPM",66738.8,-539.434
"Mech_RPM",66738.8,-539.434
"Mech_RPM",66738.8,-537.885
"Mech_RPM",66738.9,-537.885
"Mech_RPM",66738.9,-536.461
"Mech_RPM",66738.9,-536.461
"Mech_RPM",66738.9,-534.992
"Mech_RPM",66738.9,-534.992
"Mech_RPM",66738.9,-533.386
"Mech_RPM",66738.9,-533.386
"Mech_RPM",66738.9,-531.812
"Mech_RPM",66738.9,-531.812
"Mech_RPM",66739,-530.311
"Mech_RPM",66739,-530.311
"Mech_RPM",66739,-528.746
"Mech_RPM",66739,-528.746
"Mech_RPM",66739,-527.171
"Mech_RPM",66739,-527.171
"Mech_RPM",66739,-525.711
"Mech_RPM",66739,-525.711
"Mech_RPM",66739,-524.093
"Mech_RPM",66739,-524.093
"Mech_RPM",66739.1,-522.601
"Mech_RPM",66739.1,-522.601
"Mech_RPM",66739.1,-521.065
"Mech_RPM",66739.1,-521.065
"Mech_RPM",66739.1,-519.529
"Mech_RPM",66739.1,-519.529
"Mech_RPM",66739.1,-517.858
"Mech_RPM",66739.1,-517.858
"Mech_RPM",66739.1,-516.355
"Mech_RPM",66739.1,-516.355
"Mech_RPM",66739.1,-514.673
"Mech_RPM",66739.2,-514.673
"Mech_RPM",66739.2,-513.161
"Mech_RPM",66739.2,-513.161
"Mech_RPM",66739.2,-511.565
"Mech_RPM",66739.2,-511.565
"Mech_RPM",66739.2,-509.969
"Mech_RPM",66739.2,-509.969
"Mech_RPM",66739.2,-508.311
"Mech_RPM",66739.2,-508.311
"Mech_RPM",66739.2,-506.759
"Mech_RPM",66739.3,-506.759
"Mech_RPM",66739.3,-505.093
"Mech_RPM",66739.3,-505.093
"Mech_RPM",66739.3,-503.585
"Mech_RPM",66739.3,-503.585
"Mech_RPM",66739.3,-501.992
"Mech_RPM",66739.3,-501.992
"Mech_RPM",66739.3,-500.39
"Mech_RPM",66739.3,-500.39
"Mech_RPM",66739.4,-498.851
"Mech_RPM",66739.4,-498.851
"Mech_RPM",66739.4,-497.29
"Mech_RPM",66739.4,-497.29
"Mech_RPM",66739.4,-495.595
"Mech_RPM",66739.4,-495.595
"Mech_RPM",66739.4,-493.912
"Mech_RPM",66739.4,-493.912
"Mech_RPM",66739.4,-492.294
"Mech_RPM",66739.4,-492.294
"Mech_RPM",66739.5,-490.709
"Mech_RPM",66739.5,-490.709
"Mech_RPM",66739.5,-488.999
"Mech_RPM",66739.5,-488.999
"Mech_RPM",66739.5,-487.49
"Mech_RPM",66739.5,-487.49
"Mech_RPM",66739.5,-485.813
"Mech_RPM",66739.5,-485.813
"Mech_RPM",66739.5,-484.18
"Mech_RPM",66739.5,-484.18
"Mech_RPM",66739.6,-482.621
"Mech_RPM",66739.6,-482.621
"Mech_RPM",66739.6,-480.937
"Mech_RPM",66739.6,-480.937
"Mech_RPM",66739.6,-479.308
"Mech_RPM",66739.6,-479.308
"Mech_RPM",66739.6,-477.649
"Mech_RPM",66739.6,-477.649
"Mech_RPM",66739.6,-476.065
"Mech_RPM",66739.6,-476.065
"Mech_RPM",66739.6,-474.387
"Mech_RPM",66739.7,-474.387
"Mech_RPM",66739.7,-472.723
"Mech_RPM",66739.7,-472.723
"Mech_RPM",66739.7,-471.112
"Mech_RPM",66739.7,-471.112
"Mech_RPM",66739.7,-469.471
"Mech_RPM",66739.7,-469.471
"Mech_RPM",66739.7,-467.821
"Mech_RPM",66739.7,-467.821
"Mech_RPM",66739.8,-466.152
"Mech_RPM",66739.8,-466.152
"Mech_RPM",66739.8,-464.423
"Mech_RPM",66739.8,-464.423
"Mech_RPM",66739.8,-462.822
"Mech_RPM",66739.8,-462.822
"Mech_RPM",66739.8,-461.222
"Mech_RPM",66739.8,-461.222
"Mech_RPM",66739.8,-459.57
"Mech_RPM",66739.8,-459.57
"Mech_RPM",66739.9,-457.837
"Mech_RPM",66739.9,-457.837
"Mech_RPM",66739.9,-456.201
"Mech_RPM",66739.9,-456.201
"Mech_RPM",66739.9,-454.588
"Mech_RPM",66739.9,-454.588
"Mech_RPM",66739.9,-452.933
"Mech_RPM",66739.9,-452.933
"Mech_RPM",66739.9,-451.281
"Mech_RPM",66739.9,-451.281
"Mech_RPM",66740,-449.662
"Mech_RPM",66740,-449.662
"Mech_RPM",66740,-448.043
"Mech_RPM",66740,-448.043
"Mech_RPM",66740,-446.26
"Mech_RPM",66740,-446.26
"Mech_RPM",66740,-444.647
"Mech_RPM",66740,-444.647
"Mech_RPM",66740,-443.014
"Mech_RPM",66740,-443.014
"Mech_RPM",66740.1,-441.394
"Mech_RPM",66740.1,-441.394
"Mech_RPM",66740.1,-439.733
"Mech_RPM",66740.1,-439.733
"Mech_RPM",66740.1,-438.125
"Mech_RPM",66740.1,-438.125
"Mech_RPM",66740.1,-436.446
"Mech_RPM",66740.1,-436.446
"Mech_RPM",66740.1,-434.801
"Mech_RPM",66740.1,-434.801
"Mech_RPM",66740.1,-433.063
"Mech_RPM",66740.2,-433.063
"Mech_RPM",66740.2,-431.36
"Mech_RPM",66740.2,-431.36
"Mech_RPM",66740.2,-429.722
"Mech_RPM",66740.2,-429.722
"Mech_RPM",66740.2,-428.138
"Mech_RPM",66740.2,-428.138
"Mech_RPM",66740.2,-426.492
"Mech_RPM",66740.2,-426.492
"Mech_RPM",66740.2,-424.796
"Mech_RPM",66740.3,-424.796
"Mech_RPM",66740.3,-423.144
"Mech_RPM",66740.3,-423.144
"Mech_RPM",66740.3,-421.462
"Mech_RPM",66740.3,-421.462
"Mech_RPM",66740.3,-419.887
"Mech_RPM",66740.3,-419.887
"Mech_RPM",66740.3,-418.281
"Mech_RPM",66740.3,-418.281
"Mech_RPM",66740.4,-416.571
"Mech_RPM",66740.4,-416.571
"Mech_RPM",66740.4,-414.928
"Mech_RPM",66740.4,-414.928
"Mech_RPM",66740.4,-413.285
"Mech_RPM",66740.4,-413.285
"Mech_RPM",66740.4,-411.561
"Mech_RPM",66740.4,-411.561
"Mech_RPM",66740.4,-409.934
"Mech_RPM",66740.4,-409.934
"Mech_RPM",66740.5,-408.308
"Mech_RPM",66740.5,-408.308
"Mech_RPM",66740.5,-406.736
"Mech_RPM",66740.5,-406.736
"Mech_RPM",66740.5,-405.049
"Mech_RPM",66740.5,-405.049
"Mech_RPM",66740.5,-403.354
"Mech_RPM",66740.5,-403.354
"Mech_RPM",66740.5,-401.746
"Mech_RPM",66740.5,-401.746
"Mech_RPM",66740.6,-400.065
"Mech_RPM",66740.6,-400.065
"Mech_RPM",66740.6,-398.47
"Mech_RPM",66740.6,-398.47
"Mech_RPM",66740.6,-396.844
"Mech_RPM",66740.6,-396.844
"Mech_RPM",66740.6,-395.168
"Mech_RPM",66740.6,-395.168
"Mech_RPM",66740.6,-393.452
"Mech_RPM",66740.6,-393.452
"Mech_RPM",66740.7,-391.906
"Mech_RPM",66740.7,-391.906
"Mech_RPM",66740.7,-390.245
"Mech_RPM",66740.7,-390.245
"Mech_RPM",66740.7,-388.617
"Mech_RPM",66740.7,-388.617
"Mech_RPM",66740.7,-386.933
"Mech_RPM",66740.7,-386.933
"Mech_RPM",66740.7,-385.257
"Mech_RPM",66740.8,-385.257
"Mech_RPM",66740.8,-383.672
"Mech_RPM",66740.8,-383.672
"Mech_RPM",66740.8,-382.061
"Mech_RPM",66740.8,-382.061
"Mech_RPM",66740.8,-380.367
"Mech_RPM",66740.8,-380.367
"Mech_RPM",66740.8,-378.765
"Mech_RPM",66740.8,-378.765
"Mech_RPM",66740.8,-377.143
"Mech_RPM",66740.8,-377.143
"Mech_RPM",66740.9,-375.527
"Mech_RPM",66740.9,-375.527
"Mech_RPM",66740.9,-373.939
"Mech_RPM",66740.9,-373.939
"Mech_RPM",66740.9,-372.293
"Mech_RPM",66740.9,-372.293
"Mech_RPM",66740.9,-370.655
"Mech_RPM",66740.9,-370.655
"Mech_RPM",66740.9,-369.002
"Mech_RPM",66740.9,-369.002
"Mech_RPM",66741,-367.424
"Mech_RPM",66741,-367.424
"Mech_RPM",66741,-365.758
"Mech_RPM",66741,-365.758
"Mech_RPM",66741,-364.177
"Mech_RPM",66741,-364.177
"Mech_RPM",66741,-362.513
"Mech_RPM",66741,-362.513
"Mech_RPM",66741,-360.924
"Mech_RPM",66741,-360.924
"Mech_RPM",66741.1,-359.331
"Mech_RPM",66741.1,-359.331
"Mech_RPM",66741.1,-357.696
"Mech_RPM",66741.1,-357.696
"Mech_RPM",66741.1,-356.084
"Mech_RPM",66741.1,-356.084
"Mech_RPM",66741.1,-354.457
"Mech_RPM",66741.1,-354.457
"Mech_RPM",66741.1,-352.847
"Mech_RPM",66741.1,-352.847
"Mech_RPM",66741.2,-351.217
"Mech_RPM",66741.2,-351.217
"Mech_RPM",66741.2,-349.615
"Mech_RPM",66741.2,-349.615
"Mech_RPM",66741.2,-348.034
"Mech_RPM",66741.2,-348.034
"Mech_RPM",66741.2,-346.422
"Mech_RPM",66741.2,-346.422
"Mech_RPM",66741.2,-344.786
"Mech_RPM",66741.2,-344.786
"Mech_RPM",66741.3,-343.176
"Mech_RPM",66741.3,-343.176
"Mech_RPM",66741.3,-341.573
"Mech_RPM",66741.3,-341.573
"Mech_RPM",66741.3,-340.049
"Mech_RPM",66741.3,-340.049
"Mech_RPM",66741.3,-338.441
"Mech_RPM",66741.3,-338.441
"Mech_RPM",66741.3,-336.833
"Mech_RPM",66741.3,-336.833
"Mech_RPM",66741.4,-335.196
"Mech_RPM",66741.4,-335.196
"Mech_RPM",66741.4,-333.601
"Mech_RPM",66741.4,-333.601
"Mech_RPM",66741.4,-332.018
"Mech_RPM",66741.4,-332.018
"Mech_RPM",66741.4,-330.435
"Mech_RPM",66741.4,-330.435
"Mech_RPM",66741.4,-328.904
"Mech_RPM",66741.4,-328.904
"Mech_RPM",66741.5,-327.342
"Mech_RPM",66741.5,-327.342
"Mech_RPM",66741.5,-325.696
"Mech_RPM",66741.5,-325.696
"Mech_RPM",66741.5,-324.114
"Mech_RPM",66741.5,-324.114
"Mech_RPM",66741.5,-322.554
"Mech_RPM",66741.5,-322.554
"Mech_RPM",66741.5,-321.045
"Mech_RPM",66741.5,-321.045
"Mech_RPM",66741.6,-319.473
"Mech_RPM",66741.6,-319.473
"Mech_RPM",66741.6,-317.86
"Mech_RPM",66741.6,-317.86
"Mech_RPM",66741.6,-316.294
"Mech_RPM",66741.6,-316.294
"Mech_RPM",66741.6,-314.739
"Mech_RPM",66741.6,-314.739
"Mech_RPM",66741.6,-313.221
"Mech_RPM",66741.6,-313.221
"Mech_RPM",66741.7,-311.665
"Mech_RPM",66741.7,-311.665
"Mech_RPM",66741.7,-310.093
"Mech_RPM",66741.7,-310.093
"Mech_RPM",66741.7,-308.558
"Mech_RPM",66741.7,-308.558
"Mech_RPM",66741.7,-307.017
"Mech_RPM",66741.7,-307.017
"Mech_RPM",66741.7,-305.423
"Mech_RPM",66741.8,-305.423
"Mech_RPM",66741.8,-303.888
"Mech_RPM",66741.8,-303.888
"Mech_RPM",66741.8,-302.388
"Mech_RPM",66741.8,-302.388
"Mech_RPM",66741.8,-300.83
"Mech_RPM",66741.8,-300.83
"Mech_RPM",66741.8,-299.329
"Mech_RPM",66741.8,-299.329
"Mech_RPM",66741.8,-297.749
"Mech_RPM",66741.9,-297.749
"Mech_RPM",66741.9,-296.169
"Mech_RPM",66741.9,-296.169
"Mech_RPM",66741.9,-294.605
"Mech_RPM",66741.9,-294.605
"Mech_RPM",66741.9,-293.113
"Mech_RPM",66741.9,-293.113
"Mech_RPM",66741.9,-291.553
"Mech_RPM",66741.9,-291.553
"Mech_RPM",66741.9,-290.056
"Mech_RPM",66741.9,-290.056
"Mech_RPM",66742,-288.504
"Mech_RPM",66742,-288.504
"Mech_RPM",66742,-286.979
"Mech_RPM",66742,-286.979
"Mech_RPM",66742,-285.432
"Mech_RPM",66742,-285.432
"Mech_RPM",66742,-283.927
"Mech_RPM",66742,-283.927
"Mech_RPM",66742,-282.394
"Mech_RPM",66742,-282.394
"Mech_RPM",66742.1,-280.908
"Mech_RPM",66742.1,-280.908
"Mech_RPM",66742.1,-279.43
"Mech_RPM",66742.1,-279.43
"Mech_RPM",66742.1,-277.935
"Mech_RPM",66742.1,-277.935
"Mech_RPM",66742.1,-276.429
"Mech_RPM",66742.1,-276.429
"Mech_RPM",66742.1,-274.879
"Mech_RPM",66742.1,-274.879
"Mech_RPM",66742.2,-273.35
"Mech_RPM",66742.2,-273.35
"Mech_RPM",66742.2,-271.816
"Mech_RPM",66742.2,-271.816
"Mech_RPM",66742.2,-270.301
"Mech_RPM",66742.2,-270.301
"Mech_RPM",66742.2,-268.817
"Mech_RPM",66742.2,-268.817
"Mech_RPM",66742.2,-267.331
"Mech_RPM",66742.2,-267.331
"Mech_RPM",66742.3,-265.823
"Mech_RPM",66742.3,-265.823
"Mech_RPM",66742.3,-264.324
"Mech_RPM",66742.3,-264.324
"Mech_RPM",66742.3,-262.85
"Mech_RPM",66742.3,-262.85
"Mech_RPM",66742.3,-261.385
"Mech_RPM",66742.3,-261.385
"Mech_RPM",66742.3,-259.881
"Mech_RPM",66742.3,-259.881
"Mech_RPM",66742.4,-258.429
"Mech_RPM",66742.4,-258.429
"Mech_RPM",66742.4,-256.974
"Mech_RPM",66742.4,-256.974
"Mech_RPM",66742.4,-255.496
"Mech_RPM",66742.4,-255.496
"Mech_RPM",66742.4,-254.026
"Mech_RPM",66742.4,-254.026
"Mech_RPM",66742.4,-252.513
"Mech_RPM",66742.4,-252.513
"Mech_RPM",66742.5,-251.041
"Mech_RPM",66742.5,-251.041
"Mech_RPM",66742.5,-249.557
"Mech_RPM",66742.5,-249.557
"Mech_RPM",66742.5,-248.071
"Mech_RPM",66742.5,-248.071
"Mech_RPM",66742.5,-246.594
"Mech_RPM",66742.5,-246.594
"Mech_RPM",66742.5,-245.162
"Mech_RPM",66742.5,-245.162
"Mech_RPM",66742.6,-243.728
"Mech_RPM",66742.6,-243.728
"Mech_RPM",66742.6,-242.301
"Mech_RPM",66742.6,-242.301
"Mech_RPM",66742.6,-240.851
"Mech_RPM",66742.6,-240.851
"Mech_RPM",66742.6,-239.346
"Mech_RPM",66742.6,-239.346
"Mech_RPM",66742.6,-237.924
"Mech_RPM",66742.6,-237.924
"Mech_RPM",66742.7,-236.462
"Mech_RPM",66742.7,-236.462
"Mech_RPM",66742.7,-235.025
"Mech_RPM",66742.7,-235.025
"Mech_RPM",66742.7,-233.585
"Mech_RPM",66742.7,-233.585
"Mech_RPM",66742.7,-232.126
"Mech_RPM",66742.7,-232.126
"Mech_RPM",66742.7,-230.734
"Mech_RPM",66742.7,-230.734
"Mech_RPM",66742.8,-229.27
"Mech_RPM",66742.8,-229.27
"Mech_RPM",66742.8,-227.836
"Mech_RPM",66742.8,-227.836
"Mech_RPM",66742.8,-226.383
"Mech_RPM",66742.8,-226.383
"Mech_RPM",66742.8,-224.908
"Mech_RPM",66742.8,-224.908
"Mech_RPM",66742.8,-223.43
"Mech_RPM",66742.8,-223.43
"Mech_RPM",66742.9,-221.983
"Mech_RPM",66742.9,-221.983
"Mech_RPM",66742.9,-220.58
"Mech_RPM",66742.9,-220.58
"Mech_RPM",66742.9,-219.178
"Mech_RPM",66742.9,-219.178
"Mech_RPM",66742.9,-217.732
"Mech_RPM",66742.9,-217.732
"Mech_RPM",66742.9,-216.346
"Mech_RPM",66742.9,-216.346
"Mech_RPM",66742.9,-214.91
"Mech_RPM",66743,-214.91
"Mech_RPM",66743,-213.487
"Mech_RPM",66743,-213.487
"Mech_RPM",66743,-212.118
"Mech_RPM",66743,-212.118
"Mech_RPM",66743,-210.688
"Mech_RPM",66743,-210.688
"Mech_RPM",66743,-209.292
"Mech_RPM",66743,-209.292
"Mech_RPM",66743,-207.898
"Mech_RPM",66743.1,-207.898
"Mech_RPM",66743.1,-206.506
"Mech_RPM",66743.1,-206.506
"Mech_RPM",66743.1,-205.162
"Mech_RPM",66743.1,-205.162
"Mech_RPM",66743.1,-203.767
"Mech_RPM",66743.1,-203.767
"Mech_RPM",66743.1,-202.416
"Mech_RPM",66743.1,-202.416
"Mech_RPM",66743.1,-200.998
"Mech_RPM",66743.2,-200.998
"Mech_RPM",66743.2,-199.629
"Mech_RPM",66743.2,-199.629
"Mech_RPM",66743.2,-198.23
"Mech_RPM",66743.2,-198.23
"Mech_RPM",66743.2,-196.843
"Mech_RPM",66743.2,-196.843
"Mech_RPM",66743.2,-195.438
"Mech_RPM",66743.2,-195.438
"Mech_RPM",66743.2,-194.066
"Mech_RPM",66743.3,-194.066
"Mech_RPM",66743.3,-192.632
"Mech_RPM",66743.3,-192.632
"Mech_RPM",66743.3,-191.269
"Mech_RPM",66743.3,-191.269
"Mech_RPM",66743.3,-189.923
"Mech_RPM",66743.3,-189.923
"Mech_RPM",66743.3,-188.552
"Mech_RPM",66743.3,-188.552
"Mech_RPM",66743.3,-187.234
"Mech_RPM",66743.4,-187.234
"Mech_RPM",66743.4,-185.921
"Mech_RPM",66743.4,-185.921
"Mech_RPM",66743.4,-184.557
"Mech_RPM",66743.4,-184.557
"Mech_RPM",66743.4,-183.21
"Mech_RPM",66743.4,-183.21
"Mech_RPM",66743.4,-181.884
"Mech_RPM",66743.4,-181.884
"Mech_RPM",66743.4,-180.527
"Mech_RPM",66743.5,-180.527
"Mech_RPM",66743.5,-179.183
"Mech_RPM",66743.5,-179.183
"Mech_RPM",66743.5,-177.875
"Mech_RPM",66743.5,-177.875
"Mech_RPM",66743.5,-176.51
"Mech_RPM",66743.5,-176.51
"Mech_RPM",66743.5,-175.188
"Mech_RPM",66743.5,-175.188
"Mech_RPM",66743.5,-173.856
"Mech_RPM",66743.6,-173.856
"Mech_RPM",66743.6,-172.53
"Mech_RPM",66743.6,-172.53
"Mech_RPM",66743.6,-171.226
"Mech_RPM",66743.6,-171.226
"Mech_RPM",66743.6,-169.931
"Mech_RPM",66743.6,-169.931
"Mech_RPM",66743.6,-168.616
"Mech_RPM",66743.6,-168.616
"Mech_RPM",66743.6,-167.343
"Mech_RPM",66743.7,-167.343
"Mech_RPM",66743.7,-166.022
"Mech_RPM",66743.7,-166.022
"Mech_RPM",66743.7,-164.691
"Mech_RPM",66743.7,-164.691
"Mech_RPM",66743.7,-163.366
"Mech_RPM",66743.7,-163.366
"Mech_RPM",66743.7,-162.093
"Mech_RPM",66743.7,-162.093
"Mech_RPM",66743.7,-160.773
"Mech_RPM",66743.8,-160.773
"Mech_RPM",66743.8,-159.464
"Mech_RPM",66743.8,-159.464
"Mech_RPM",66743.8,-158.165
"Mech_RPM",66743.8,-158.165
"Mech_RPM",66743.8,-156.835
"Mech_RPM",66743.8,-156.835
"Mech_RPM",66743.8,-155.522
"Mech_RPM",66743.8,-155.522
"Mech_RPM",66743.8,-154.26
"Mech_RPM",66743.9,-154.26
"Mech_RPM",66743.9,-152.956
"Mech_RPM",66743.9,-152.956
"Mech_RPM",66743.9,-151.704
"Mech_RPM",66743.9,-151.704
"Mech_RPM",66743.9,-150.405
"Mech_RPM",66743.9,-150.405
"Mech_RPM",66743.9,-149.131
"Mech_RPM",66743.9,-149.131
"Mech_RPM",66743.9,-147.878
"Mech_RPM",66744,-147.878
"Mech_RPM",66744,-146.587
"Mech_RPM",66744,-146.587
"Mech_RPM",66744,-145.327
"Mech_RPM",66744,-145.327
"Mech_RPM",66744,-144.056
"Mech_RPM",66744,-144.056
"Mech_RPM",66744,-142.81
"Mech_RPM",66744,-142.81
"Mech_RPM",66744,-141.568
"Mech_RPM",66744.1,-141.568
"Mech_RPM",66744.1,-140.315
"Mech_RPM",66744.1,-140.315
"Mech_RPM",66744.1,-139.077
"Mech_RPM",66744.1,-139.077
"Mech_RPM",66744.1,-137.8
"Mech_RPM",66744.1,-137.8
"Mech_RPM",66744.1,-136.565
"Mech_RPM",66744.1,-136.565
"Mech_RPM",66744.1,-135.323
"Mech_RPM",66744.2,-135.323
"Mech_RPM",66744.2,-134.075
"Mech_RPM",66744.2,-134.075
"Mech_RPM",66744.2,-132.862
"Mech_RPM",66744.2,-132.862
"Mech_RPM",66744.2,-131.622
"Mech_RPM",66744.2,-131.622
"Mech_RPM",66744.2,-130.401
"Mech_RPM",66744.2,-130.401
"Mech_RPM",66744.2,-129.194
"Mech_RPM",66744.2,-129.194
"Mech_RPM",66744.3,-127.985
"Mech_RPM",66744.3,-127.985
"Mech_RPM",66744.3,-126.774
"Mech_RPM",66744.3,-126.774
"Mech_RPM",66744.3,-125.551
"Mech_RPM",66744.3,-125.551
"Mech_RPM",66744.3,-124.332
"Mech_RPM",66744.3,-124.332
"Mech_RPM",66744.3,-123.142
"Mech_RPM",66744.4,-123.142
"Mech_RPM",66744.4,-121.935
"Mech_RPM",66744.4,-121.935
"Mech_RPM",66744.4,-120.725
"Mech_RPM",66744.4,-120.725
"Mech_RPM",66744.4,-119.555
"Mech_RPM",66744.4,-119.555
"Mech_RPM",66744.4,-118.346
"Mech_RPM",66744.4,-118.346
"Mech_RPM",66744.4,-117.125
"Mech_RPM",66744.5,-117.125
"Mech_RPM",66744.5,-115.944
"Mech_RPM",66744.5,-115.944
"Mech_RPM",66744.5,-114.73
"Mech_RPM",66744.5,-114.73
"Mech_RPM",66744.5,-113.534
"Mech_RPM",66744.5,-113.534
"Mech_RPM",66744.5,-112.373
"Mech_RPM",66744.5,-112.373
"Mech_RPM",66744.5,-111.167
"Mech_RPM",66744.6,-111.167
"Mech_RPM",66744.6,-109.97
"Mech_RPM",66744.6,-109.97
"Mech_RPM",66744.6,-108.775
"Mech_RPM",66744.6,-108.775
"Mech_RPM",66744.6,-107.579
"Mech_RPM",66744.6,-107.579
"Mech_RPM",66744.6,-106.381
"Mech_RPM",66744.6,-106.381
"Mech_RPM",66744.6,-105.222
"Mech_RPM",66744.7,-105.222
"Mech_RPM",66744.7,-104.044
"Mech_RPM",66744.7,-104.044
"Mech_RPM",66744.7,-102.896
"Mech_RPM",66744.7,-102.896
"Mech_RPM",66744.7,-101.744
"Mech_RPM",66744.8,-101.744
"Mech_RPM",66744.8,-100.579
"Mech_RPM",66744.8,-100.579
"Mech_RPM",66744.8,-99.4581
"Mech_RPM",66744.8,-99.4581
"Mech_RPM",66744.8,-98.2814
"Mech_RPM",66744.9,-98.2814
"Mech_RPM",66744.9,-97.1543
"Mech_RPM",66744.9,-97.1543
"Mech_RPM",66744.9,-96.029
"Mech_RPM",66744.9,-96.029
"Mech_RPM",66744.9,-94.8844
"Mech_RPM",66744.9,-94.8844
"Mech_RPM",66744.9,-93.7367
"Mech_RPM",66745,-93.7367
"Mech_RPM",66745,-90.3777
"Mech_RPM",66745,-90.3777
"Mech_RPM",66745,-89.2524
"Mech_RPM",66745,-89.2524
"Mech_RPM",66745,-88.1601
"Mech_RPM",66745.1,-88.1601
"Mech_RPM",66745.1,-87.0688
"Mech_RPM",66745.1,-84.8842
"Mech_RPM",66745.1,-83.7698
"Mech_RPM",66745.1,-83.7698
"Mech_RPM",66745.1,-82.6465
"Mech_RPM",66745.1,-82.6465
"Mech_RPM",66745.1,-81.6082
"Mech_RPM",66745.2,-81.6082
"Mech_RPM",66745.2,-80.5385
"Mech_RPM",66745.2,-80.5385
"Mech_RPM",66745.2,-79.4694
"Mech_RPM",66745.2,-79.4694
"Mech_RPM",66745.2,-78.3956
"Mech_RPM",66745.2,-78.3956
"Mech_RPM",66745.2,-77.3225
"Mech_RPM",66745.2,-77.3225
"Mech_RPM",66745.2,-76.2396
"Mech_RPM",66745.3,-76.2396
"Mech_RPM",66745.3,-75.2044
"Mech_RPM",66745.3,-75.2044
"Mech_RPM",66745.3,-74.1378
"Mech_RPM",66745.3,-74.1378
"Mech_RPM",66745.3,-73.0821
"Mech_RPM",66745.3,-73.0821
"Mech_RPM",66745.3,-72.0632
"Mech_RPM",66745.3,-72.0632
"Mech_RPM",66745.3,-71.0126
"Mech_RPM",66745.4,-71.0126
"Mech_RPM",66745.4,-69.9413
"Mech_RPM",66745.4,-69.9413
"Mech_RPM",66745.4,-68.8862
"Mech_RPM",66745.4,-68.8862
"Mech_RPM",66745.4,-67.8522
"Mech_RPM",66745.4,-67.8522
"Mech_RPM",66745.4,-66.865
"Mech_RPM",66745.4,-66.865
"Mech_RPM",66745.4,-65.8662
"Mech_RPM",66745.4,-65.8662
"Mech_RPM",66745.4,-64.8822
"Mech_RPM",66745.5,-64.8822
"Mech_RPM",66745.5,-63.8658
"Mech_RPM",66745.5,-63.8658
"Mech_RPM",66745.5,-62.8385
"Mech_RPM",66745.5,-62.8385
"Mech_RPM",66745.5,-61.8317
"Mech_RPM",66745.5,-61.8317
"Mech_RPM",66745.5,-60.8139
"Mech_RPM",66745.5,-60.8139
"Mech_RPM",66745.5,-59.8007
"Mech_RPM",66745.5,-59.8007
"Mech_RPM",66745.5,-58.7557
"Mech_RPM",66745.6,-58.7557
"Mech_RPM",66745.6,-57.7629
"Mech_RPM",66745.6,-57.7629
"Mech_RPM",66745.6,-56.7691
"Mech_RPM",66745.6,-56.7691
"Mech_RPM",66745.6,-55.7639
"Mech_RPM",66745.6,-55.7639
"Mech_RPM",66745.6,-54.7789
"Mech_RPM",66745.6,-54.7789
"Mech_RPM",66745.6,-53.8239
"Mech_RPM",66745.6,-53.8239
"Mech_RPM",66745.7,-52.8672
"Mech_RPM",66745.7,-52.8672
"Mech_RPM",66745.7,-51.9088
"Mech_RPM",66745.7,-51.9088
"Mech_RPM",66745.7,-50.9592
"Mech_RPM",66745.7,-50.9592
"Mech_RPM",66745.7,-50.0598
"Mech_RPM",66745.7,-50.0598
"Mech_RPM",66745.7,-49.1211
"Mech_RPM",66745.7,-49.1211
"Mech_RPM",66745.8,-48.1751
"Mech_RPM",66745.8,-48.1751
"Mech_RPM",66745.8,-47.2689
"Mech_RPM",66745.8,-47.2689
"Mech_RPM",66745.8,-46.3288
"Mech_RPM",66745.8,-46.3288
"Mech_RPM",66745.8,-45.4282
"Mech_RPM",66745.8,-45.4282
"Mech_RPM",66745.8,-44.5353
"Mech_RPM",66745.8,-44.5353
"Mech_RPM",66745.8,-43.629
"Mech_RPM",66745.8,-43.629
"Mech_RPM",66745.9,-42.7199
"Mech_RPM",66745.9,-42.7199
"Mech_RPM",66745.9,-41.8603
"Mech_RPM",66745.9,-41.8603
"Mech_RPM",66745.9,-41.0335
"Mech_RPM",66745.9,-41.0335
"Mech_RPM",66745.9,-40.2129
"Mech_RPM",66745.9,-40.2129
"Mech_RPM",66745.9,-39.4138
"Mech_RPM",66745.9,-39.4138
"Mech_RPM",66745.9,-38.5995
"Mech_RPM",66746,-38.5995
"Mech_RPM",66746,-37.7962
"Mech_RPM",66746,-37.7962
"Mech_RPM",66746,-37.0455
"Mech_RPM",66746,-37.0455
"Mech_RPM",66746,-36.3307
"Mech_RPM",66746,-36.3307
"Mech_RPM",66746,-35.6145
"Mech_RPM",66746,-35.6145
"Mech_RPM",66746,-34.9022
"Mech_RPM",66746.1,-34.9022
"Mech_RPM",66746.1,-34.1781
"Mech_RPM",66746.1,-34.1781
"Mech_RPM",66746.1,-33.5154
"Mech_RPM",66746.1,-33.5154
"Mech_RPM",66746.1,-32.8451
"Mech_RPM",66746.1,-32.8451
"Mech_RPM",66746.1,-32.1621
"Mech_RPM",66746.1,-32.1621
"Mech_RPM",66746.1,-31.5293
"Mech_RPM",66746.1,-31.5293
"Mech_RPM",66746.2,-30.8466
"Mech_RPM",66746.2,-30.8466
"Mech_RPM",66746.2,-30.2193
"Mech_RPM",66746.2,-30.2193
"Mech_RPM",66746.2,-29.6409
"Mech_RPM",66746.2,-29.6409
"Mech_RPM",66746.2,-29.0429
"Mech_RPM",66746.2,-29.0429
"Mech_RPM",66746.2,-28.5089
"Mech_RPM",66746.2,-28.5089
"Mech_RPM",66746.3,-27.9335
"Mech_RPM",66746.3,-27.9335
"Mech_RPM",66746.3,-27.3644
"Mech_RPM",66746.3,-27.3644
"Mech_RPM",66746.3,-26.8119
"Mech_RPM",66746.3,-26.8119
"Mech_RPM",66746.3,-26.2549
"Mech_RPM",66746.3,-26.2549
"Mech_RPM",66746.3,-25.7714
"Mech_RPM",66746.4,-25.7714
"Mech_RPM",66746.4,-25.2091
"Mech_RPM",66746.4,-25.2091
"Mech_RPM",66746.4,-24.731
"Mech_RPM",66746.4,-24.731
"Mech_RPM",66746.4,-24.2572
"Mech_RPM",66746.4,-24.2572
"Mech_RPM",66746.4,-23.7825
"Mech_RPM",66746.4,-23.7825
"Mech_RPM",66746.4,-23.3016
"Mech_RPM",66746.5,-23.3016
"Mech_RPM",66746.5,-22.872
"Mech_RPM",66746.5,-22.872
"Mech_RPM",66746.5,-22.4198
"Mech_RPM",66746.5,-22.4198
"Mech_RPM",66746.5,-21.961
"Mech_RPM",66746.5,-21.961
"Mech_RPM",66746.5,-21.5218
"Mech_RPM",66746.5,-21.5218
"Mech_RPM",66746.5,-21.0705
"Mech_RPM",66746.6,-21.0705
"Mech_RPM",66746.6,-20.6439
"Mech_RPM",66746.6,-20.6439
"Mech_RPM",66746.6,-20.2258
"Mech_RPM",66746.6,-20.2258
"Mech_RPM",66746.6,-19.8265
"Mech_RPM",66746.6,-19.8265
"Mech_RPM",66746.6,-19.4143
"Mech_RPM",66746.6,-19.4143
"Mech_RPM",66746.6,-19.0417
"Mech_RPM",66746.6,-19.0417
"Mech_RPM",66746.7,-18.6296
"Mech_RPM",66746.7,-18.6296
"Mech_RPM",66746.7,-18.2778
"Mech_RPM",66746.7,-18.2778
"Mech_RPM",66746.7,-17.9279
"Mech_RPM",66746.7,-17.9279
"Mech_RPM",66746.7,-17.5589
"Mech_RPM",66746.7,-17.5589
"Mech_RPM",66746.7,-17.1817
"Mech_RPM",66746.8,-17.1817
"Mech_RPM",66746.8,-16.8381
"Mech_RPM",66746.8,-16.8381
"Mech_RPM",66746.8,-16.5065
"Mech_RPM",66746.8,-16.5065
"Mech_RPM",66746.8,-16.1608
"Mech_RPM",66746.8,-16.1608
"Mech_RPM",66746.8,-15.8323
"Mech_RPM",66746.8,-15.8323
"Mech_RPM",66746.8,-15.5522
"Mech_RPM",66746.9,-15.5522
"Mech_RPM",66746.9,-15.2359
"Mech_RPM",66746.9,-15.2359
"Mech_RPM",66746.9,-14.9051
"Mech_RPM",66746.9,-14.9051
"Mech_RPM",66746.9,-14.6331
"Mech_RPM",66746.9,-14.6331
"Mech_RPM",66746.9,-14.3508
"Mech_RPM",66746.9,-14.3508
"Mech_RPM",66746.9,-14.0847
"Mech_RPM",66747,-14.0847
"Mech_RPM",66747,-13.7821
"Mech_RPM",66747,-13.7821
"Mech_RPM",66747,-13.5117
"Mech_RPM",66747,-13.5117
"Mech_RPM",66747,-13.2206
"Mech_RPM",66747,-13.2206
"Mech_RPM",66747,-12.9823
"Mech_RPM",66747,-12.9823
"Mech_RPM",66747,-12.7278
"Mech_RPM",66747,-12.7278
"Mech_RPM",66747.1,-12.4889
"Mech_RPM",66747.1,-12.4889
"Mech_RPM",66747.1,-12.2443
"Mech_RPM",66747.1,-12.2443
"Mech_RPM",66747.1,-11.9734
"Mech_RPM",66747.1,-11.9734
"Mech_RPM",66747.1,-11.7235
"Mech_RPM",66747.1,-11.7235
"Mech_RPM",66747.1,-11.4838
"Mech_RPM",66747.1,-11.4838
"Mech_RPM",66747.2,-11.2385
"Mech_RPM",66747.2,-11.2385
"Mech_RPM",66747.2,-11.0086
"Mech_RPM",66747.2,-11.0086
"Mech_RPM",66747.2,-10.7988
"Mech_RPM",66747.2,-10.7988
"Mech_RPM",66747.2,-10.5828
"Mech_RPM",66747.2,-10.5828
"Mech_RPM",66747.2,-10.3868
"Mech_RPM",66747.2,-10.3868
"Mech_RPM",66747.3,-10.153
"Mech_RPM",66747.3,-10.153
"Mech_RPM",66747.3,-9.96558
"Mech_RPM",66747.3,-9.96558
"Mech_RPM",66747.3,-9.73502
"Mech_RPM",66747.3,-9.73502
"Mech_RPM",66747.3,-9.54552
"Mech_RPM",66747.3,-9.54552
"Mech_RPM",66747.3,-9.3442
"Mech_RPM",66747.4,-9.3442
"Mech_RPM",66747.4,-9.17815
"Mech_RPM",66747.4,-9.17815
"Mech_RPM",66747.4,-8.99979
"Mech_RPM",66747.4,-8.99979
"Mech_RPM",66747.4,-8.80938
"Mech_RPM",66747.4,-8.80938
"Mech_RPM",66747.4,-8.63319
"Mech_RPM",66747.4,-8.63319
"Mech_RPM",66747.4,-8.45011
"Mech_RPM",66747.5,-8.45011
"Mech_RPM",66747.5,-8.29152
"Mech_RPM",66747.5,-8.29152
"Mech_RPM",66747.5,-8.11528
"Mech_RPM",66747.5,-8.11528
"Mech_RPM",66747.5,-7.9738
"Mech_RPM",66747.5,-7.9738
"Mech_RPM",66747.5,-7.81433
"Mech_RPM",66747.5,-7.81433
"Mech_RPM",66747.5,-7.64242
"Mech_RPM",66747.5,-7.64242
"Mech_RPM",66747.6,-7.47394
"Mech_RPM",66747.6,-7.47394
"Mech_RPM",66747.6,-7.34009
"Mech_RPM",66747.6,-7.34009
"Mech_RPM",66747.6,-7.1985
"Mech_RPM",66747.6,-7.1985
"Mech_RPM",66747.6,-7.05973
"Mech_RPM",66747.6,-7.05973
"Mech_RPM",66747.6,-6.93417
"Mech_RPM",66747.6,-6.93417
"Mech_RPM",66747.7,-6.79548
"Mech_RPM",66747.7,-6.79548
"Mech_RPM",66747.7,-6.64916
"Mech_RPM",66747.7,-6.64916
"Mech_RPM",66747.7,-6.5318
"Mech_RPM",66747.7,-6.5318
"Mech_RPM",66747.7,-6.40637
"Mech_RPM",66747.7,-6.40637
"Mech_RPM",66747.7,-6.29387
"Mech_RPM",66747.8,-6.29387
"Mech_RPM",66747.8,-6.16278
"Mech_RPM",66747.8,-6.16278
"Mech_RPM",66747.8,-6.0239
"Mech_RPM",66747.8,-6.0239
"Mech_RPM",66747.8,-5.92426
"Mech_RPM",66747.8,-5.92426
"Mech_RPM",66747.8,-5.79015
"Mech_RPM",66747.8,-5.79015
"Mech_RPM",66747.8,-5.67434
"Mech_RPM",66747.9,-5.67434
"Mech_RPM",66747.9,-5.54002
"Mech_RPM",66747.9,-5.54002
"Mech_RPM",66747.9,-5.42922
"Mech_RPM",66747.9,-5.42922
"Mech_RPM",66747.9,-5.31543
"Mech_RPM",66747.9,-5.31543
"Mech_RPM",66747.9,-5.20391
"Mech_RPM",66747.9,-5.20391
"Mech_RPM",66747.9,-5.11546
"Mech_RPM",66748,-5.11546
"Mech_RPM",66748,-4.9819
"Mech_RPM",66748,-4.9819
"Mech_RPM",66748,-4.9083
"Mech_RPM",66748,-4.9083
"Mech_RPM",66748,-4.79451
"Mech_RPM",66748,-4.79451
"Mech_RPM",66748,-4.68821
"Mech_RPM",66748,-4.68821
"Mech_RPM",66748,-4.59965
"Mech_RPM",66748.1,-4.59965
"Mech_RPM",66748.1,-4.52849
"Mech_RPM",66748.1,-4.52849
"Mech_RPM",66748.1,-4.4275
"Mech_RPM",66748.1,-4.4275
"Mech_RPM",66748.1,-4.34937
"Mech_RPM",66748.1,-4.34937
"Mech_RPM",66748.1,-4.24155
"Mech_RPM",66748.1,-4.24155
"Mech_RPM",66748.1,-4.17755
"Mech_RPM",66748.2,-4.17755
"Mech_RPM",66748.2,-4.10442
"Mech_RPM",66748.2,-4.10442
"Mech_RPM",66748.2,-4.02233
"Mech_RPM",66748.2,-4.02233
"Mech_RPM",66748.2,-3.94709
"Mech_RPM",66748.2,-3.94709
"Mech_RPM",66748.2,-3.84211
"Mech_RPM",66748.2,-3.84211
"Mech_RPM",66748.2,-3.74443
"Mech_RPM",66748.3,-3.74443
"Mech_RPM",66748.3,-3.65392
"Mech_RPM",66748.3,-3.65392
"Mech_RPM",66748.3,-3.62251
"Mech_RPM",66748.3,-3.62251
"Mech_RPM",66748.3,-3.53964
"Mech_RPM",66748.3,-3.53964
"Mech_RPM",66748.3,-3.48447
"Mech_RPM",66748.3,-3.48447
"Mech_RPM",66748.3,-3.43041
"Mech_RPM",66748.4,-3.43041
"Mech_RPM",66748.4,-3.36701
"Mech_RPM",66748.4,-3.36701
"Mech_RPM",66748.4,-3.29967
"Mech_RPM",66748.4,-3.29967
"Mech_RPM",66748.4,-3.23888
"Mech_RPM",66748.4,-3.23888
"Mech_RPM",66748.4,-3.19494
"Mech_RPM",66748.4,-3.19494
"Mech_RPM",66748.4,-3.13104
"Mech_RPM",66748.5,-3.13104
"Mech_RPM",66748.5,-3.07883
"Mech_RPM",66748.5,-3.07883
"Mech_RPM",66748.5,-3.00163
"Mech_RPM",66748.5,-3.00163
"Mech_RPM",66748.5,-2.90514
"Mech_RPM",66748.5,-2.90514
"Mech_RPM",66748.5,-2.85225
"Mech_RPM",66748.5,-2.85225
"Mech_RPM",66748.5,-2.78479
"Mech_RPM",66748.6,-2.78479
"Mech_RPM",66748.6,-2.74992
"Mech_RPM",66748.6,-2.74992
"Mech_RPM",66748.6,-2.68451
"Mech_RPM",66748.6,-2.68451
"Mech_RPM",66748.6,-2.63603
"Mech_RPM",66748.6,-2.63603
"Mech_RPM",66748.6,-2.55726
"Mech_RPM",66748.6,-2.55726
"Mech_RPM",66748.6,-2.47487
"Mech_RPM",66748.7,-2.47487
"Mech_RPM",66748.7,-2.42016
"Mech_RPM",66748.7,-2.42016
"Mech_RPM",66748.7,-2.3978
"Mech_RPM",66748.7,-2.3978
"Mech_RPM",66748.7,-2.36547
"Mech_RPM",66748.7,-2.36547
"Mech_RPM",66748.7,-2.28691
"Mech_RPM",66748.7,-2.28691
"Mech_RPM",66748.7,-2.23596
"Mech_RPM",66748.8,-2.23596
"Mech_RPM",66748.8,-2.15479
"Mech_RPM",66748.8,-2.15479
"Mech_RPM",66748.8,-2.11169
"Mech_RPM",66748.8,-2.11169
"Mech_RPM",66748.8,-2.05904
"Mech_RPM",66748.8,-2.05904
"Mech_RPM",66748.8,-2.03869
"Mech_RPM",66748.8,-2.03869
"Mech_RPM",66748.8,-1.9875
"Mech_RPM",66748.9,-1.9875
"Mech_RPM",66748.9,-1.92692
"Mech_RPM",66748.9,-1.92692
"Mech_RPM",66748.9,-1.90921
"Mech_RPM",66748.9,-1.90921
"Mech_RPM",66748.9,-1.87103
"Mech_RPM",66748.9,-1.87103
"Mech_RPM",66748.9,-1.82319
"Mech_RPM",66748.9,-1.82319
"Mech_RPM",66748.9,-1.77631
"Mech_RPM",66749,-1.77631
"Mech_RPM",66749,-1.7512
"Mech_RPM",66749,-1.7512
"Mech_RPM",66749,-1.71618
"Mech_RPM",66749,-1.71618
"Mech_RPM",66749,-1.69227
"Mech_RPM",66749,-1.69227
"Mech_RPM",66749,-1.67405
"Mech_RPM",66749,-1.67405
"Mech_RPM",66749.1,-1.62495
"Mech_RPM",66749.1,-1.62495
"Mech_RPM",66749.1,-1.58724
"Mech_RPM",66749.1,-1.58724
"Mech_RPM",66749.1,-1.5607
"Mech_RPM",66749.1,-1.5607
"Mech_RPM",66749.1,-1.5399
"Mech_RPM",66749.1,-1.5399
"Mech_RPM",66749.1,-1.50911
"Mech_RPM",66749.1,-1.50911
"Mech_RPM",66749.1,-1.48413
"Mech_RPM",66749.2,-1.48413
"Mech_RPM",66749.2,-1.44403
"Mech_RPM",66749.2,-1.44403
"Mech_RPM",66749.2,-1.38911
"Mech_RPM",66749.2,-1.38911
"Mech_RPM",66749.2,-1.35091
"Mech_RPM",66749.2,-1.35091
"Mech_RPM",66749.2,-1.31348
"Mech_RPM",66749.2,-1.31348
"Mech_RPM",66749.2,-1.29762
"Mech_RPM",66749.3,-1.29762
"Mech_RPM",66749.3,-1.27688
"Mech_RPM",66749.3,-1.27688
"Mech_RPM",66749.3,-1.25655
"Mech_RPM",66749.3,-1.25655
"Mech_RPM",66749.3,-1.23663
"Mech_RPM",66749.3,-1.23663
"Mech_RPM",66749.3,-1.23794
"Mech_RPM",66749.3,-1.23794
"Mech_RPM",66749.4,-1.21839
"Mech_RPM",66749.4,-1.21839
"Mech_RPM",66749.4,-1.19923
"Mech_RPM",66749.4,-1.19923
"Mech_RPM",66749.4,-1.16483
"Mech_RPM",66749.4,-1.16483
"Mech_RPM",66749.4,-1.14674
"Mech_RPM",66749.4,-1.14674
"Mech_RPM",66749.4,-1.11859
"Mech_RPM",66749.4,-1.11859
"Mech_RPM",66749.5,-1.09622
"Mech_RPM",66749.5,-1.09622
"Mech_RPM",66749.5,-1.0743
"Mech_RPM",66749.5,-1.0743
"Mech_RPM",66749.5,-1.05281
"Mech_RPM",66749.5,-1.05281
"Mech_RPM",66749.5,-1.02655
"Mech_RPM",66749.5,-1.02655
"Mech_RPM",66749.5,-1.00081
"Mech_RPM",66749.5,-1.00081
"Mech_RPM",66749.5,-1.00683
"Mech_RPM",66749.6,-1.00683
"Mech_RPM",66749.6,-1.00232
"Mech_RPM",66749.6,-1.00232
"Mech_RPM",66749.6,-0.992693
"Mech_RPM",66749.6,-0.992693
"Mech_RPM",66749.6,-0.983255
"Mech_RPM",66749.6,-0.983255
"Mech_RPM",66749.6,-0.974007
"Mech_RPM",66749.6,-0.974007
"Mech_RPM",66749.6,-0.964944
"Mech_RPM",66749.7,-0.964944
"Mech_RPM",66749.7,-0.956061
"Mech_RPM",66749.7,-0.956061
"Mech_RPM",66749.7,-0.931732
"Mech_RPM",66749.7,-0.931732
"Mech_RPM",66749.7,-0.944347
"Mech_RPM",66749.7,-0.944347
"Mech_RPM",66749.7,-0.915044
"Mech_RPM",66749.7,-0.915044
"Mech_RPM",66749.8,-0.927993
"Mech_RPM",66749.8,-0.927993
"Mech_RPM",66749.8,-0.904224
"Mech_RPM",66749.8,-0.904224
"Mech_RPM",66749.8,-0.896557
"Mech_RPM",66749.8,-0.896557
"Mech_RPM",66749.8,-0.894251
"Mech_RPM",66749.8,-0.894251
"Mech_RPM",66749.8,-0.855532
"Mech_RPM",66749.8,-0.855532
"Mech_RPM",66749.9,-0.828005
"Mech_RPM",66749.9,-0.828005
"Mech_RPM",66749.9,-0.82707
"Mech_RPM",66749.9,-0.82707
"Mech_RPM",66749.9,-0.820945
"Mech_RPM",66749.9,-0.820945
"Mech_RPM",66749.9,-0.820151
"Mech_RPM",66749.9,-0.820151
"Mech_RPM",66749.9,-0.819373
"Mech_RPM",66749.9,-0.819373
"Mech_RPM",66749.9,-0.782152
"Mech_RPM",66750,-0.782152
"Mech_RPM",66750,-0.776926
"Mech_RPM",66750,-0.776926
"Mech_RPM",66750,-0.771804
"Mech_RPM",66750,-0.771804
"Mech_RPM",66750,-0.761576
"Mech_RPM",66750,-0.761576
"Mech_RPM",66750,-0.704678
"Mech_RPM",66750,-0.704678
"Mech_RPM",66750.1,-0.711418
"Mech_RPM",66750.1,-0.711418
"Mech_RPM",66750.1,-0.691981
"Mech_RPM",66750.1,-0.691981
"Mech_RPM",66750.1,-0.693767
"Mech_RPM",66750.1,-0.693767
"Mech_RPM",66750.1,-0.6851
"Mech_RPM",66750.1,-0.6851
"Mech_RPM",66750.1,-0.681814
"Mech_RPM",66750.1,-0.681814
"Mech_RPM",66750.1,-0.652553
"Mech_RPM",66750.2,-0.652553
"Mech_RPM",66750.2,-0.618669
"Mech_RPM",66750.2,-0.618669
"Mech_RPM",66750.2,-0.59067
"Mech_RPM",66750.2,-0.59067
"Mech_RPM",66750.2,-0.573649
"Mech_RPM",66750.2,-0.573649
"Mech_RPM",66750.2,-0.546551
"Mech_RPM",66750.2,-0.546551
"Mech_RPM",66750.2,-0.50437
"Mech_RPM",66750.3,-0.50437
"Mech_RPM",66750.3,-0.509907
"Mech_RPM",66750.3,-0.509907
"Mech_RPM",66750.3,-0.504917
"Mech_RPM",66750.3,-0.504917
"Mech_RPM",66750.3,-0.463569
"Mech_RPM",66750.3,-0.463569
"Mech_RPM",66750.3,-0.433464
"Mech_RPM",66750.3,-0.433464
"Mech_RPM",66750.4,-0.424795
"Mech_RPM",66750.4,-0.424795
"Mech_RPM",66750.4,-0.431924
"Mech_RPM",66750.4,-0.431924
"Mech_RPM",66750.4,-0.449327
"Mech_RPM",66750.4,-0.449327
"Mech_RPM",66750.4,-0.440341
"Mech_RPM",66750.4,-0.440341
"Mech_RPM",66750.4,-0.441951
"Mech_RPM",66750.4,-0.441951
"Mech_RPM",66750.5,-0.459153
"Mech_RPM",66750.5,-0.459153
"Mech_RPM",66750.5,-0.460387
"Mech_RPM",66750.5,-0.460387
"Mech_RPM",66750.5,-0.445971
"Mech_RPM",66750.5,-0.445971
"Mech_RPM",66750.5,-0.421426
"Mech_RPM",66750.5,-0.421426
"Mech_RPM",66750.5,-0.397373
"Mech_RPM",66750.5,-0.397373
"Mech_RPM",66750.6,-0.394634
"Mech_RPM",66750.6,-0.394634
"Mech_RPM",66750.6,-0.386741
"Mech_RPM",66750.6,-0.386741
"Mech_RPM",66750.6,-0.394631
"Mech_RPM",66750.6,-0.394631
"Mech_RPM",66750.6,-0.376322
"Mech_RPM",66750.6,-0.376322
"Mech_RPM",66750.6,-0.379212
"Mech_RPM",66750.6,-0.379212
"Mech_RPM",66750.7,-0.382045
"Mech_RPM",66750.7,-0.382045
"Mech_RPM",66750.7,-0.369195
"Mech_RPM",66750.7,-0.369195
"Mech_RPM",66750.7,-0.351395
"Mech_RPM",66750.7,-0.351395
"Mech_RPM",66750.7,-0.33395
"Mech_RPM",66750.7,-0.33395
"Mech_RPM",66750.7,-0.316855
"Mech_RPM",66750.7,-0.316855
"Mech_RPM",66750.8,-0.310517
"Mech_RPM",66750.8,-0.310517
"Mech_RPM",66750.8,-0.299099
"Mech_RPM",66750.8,-0.299099
"Mech_RPM",66750.8,-0.298325
"Mech_RPM",66750.8,-0.298325
"Mech_RPM",66750.8,-0.3184
"Mech_RPM",66750.8,-0.3184
"Mech_RPM",66750.8,-0.301616
"Mech_RPM",66750.8,-0.301616
"Mech_RPM",66750.9,-0.300792
"Mech_RPM",66750.9,-0.300792
"Mech_RPM",66750.9,-0.279151
"Mech_RPM",66750.9,-0.279151
"Mech_RPM",66750.9,-0.278776
"Mech_RPM",66750.9,-0.278776
"Mech_RPM",66750.9,-0.273201
"Mech_RPM",66750.9,-0.273201
"Mech_RPM",66750.9,-0.25732
"Mech_RPM",66750.9,-0.25732
"Mech_RPM",66751,-0.252174
"Mech_RPM",66751,-0.252174
"Mech_RPM",66751,-0.24713
"Mech_RPM",66751,-0.24713
"Mech_RPM",66751,-0.252604
"Mech_RPM",66751,-0.252604
"Mech_RPM",66751,-0.211094
"Mech_RPM",66751,-0.211094
"Mech_RPM",66751,-0.217289
"Mech_RPM",66751,-0.217289
"Mech_RPM",66751.1,-0.228568
"Mech_RPM",66751.1,-0.228568
"Mech_RPM",66751.1,-0.255246
"Mech_RPM",66751.1,-0.255246
"Mech_RPM",66751.1,-0.244933
"Mech_RPM",66751.1,-0.244933
"Mech_RPM",66751.1,-0.245243
"Mech_RPM",66751.1,-0.245243
"Mech_RPM",66751.1,-0.261171
"Mech_RPM",66751.1,-0.261171
"Mech_RPM",66751.2,-0.271573
"Mech_RPM",66751.2,-0.271573
"Mech_RPM",66751.2,-0.260933
"Mech_RPM",66751.2,-0.260933
"Mech_RPM",66751.2,-0.260923
"Mech_RPM",66751.2,-0.260923
"Mech_RPM",66751.2,-0.266121
"Mech_RPM",66751.2,-0.266121
"Mech_RPM",66751.2,-0.219132
"Mech_RPM",66751.2,-0.219132
"Mech_RPM",66751.2,-0.199124
"Mech_RPM",66751.3,-0.199124
"Mech_RPM",66751.3,-0.195142
"Mech_RPM",66751.3,-0.195142
"Mech_RPM",66751.3,-0.201656
"Mech_RPM",66751.3,-0.201656
"Mech_RPM",66751.3,-0.228872
"Mech_RPM",66751.3,-0.228872
"Mech_RPM",66751.3,-0.219087
"Mech_RPM",66751.3,-0.219087
"Mech_RPM",66751.4,-0.240747
"Mech_RPM",66751.4,-0.240747
"Mech_RPM",66751.4,-0.20989
"Mech_RPM",66751.4,-0.20989
"Mech_RPM",66751.4,-0.242151
"Mech_RPM",66751.4,-0.242151
"Mech_RPM",66751.4,-0.247724
"Mech_RPM",66751.4,-0.247724
"Mech_RPM",66751.4,-0.24277
"Mech_RPM",66751.4,-0.24277
"Mech_RPM",66751.5,-0.243123
"Mech_RPM",66751.5,-0.243123
"Mech_RPM",66751.5,-0.264302
"Mech_RPM",66751.5,-0.264302
"Mech_RPM",66751.5,-0.259016
"Mech_RPM",66751.5,-0.259016
"Mech_RPM",66751.5,-0.248627
"Mech_RPM",66751.5,-0.248627
"Mech_RPM",66751.5,-0.233238
"Mech_RPM",66751.5,-0.233238
"Mech_RPM",66751.6,-0.20774
"Mech_RPM",66751.6,-0.20774
"Mech_RPM",66751.6,-0.193168
"Mech_RPM",66751.6,-0.193168
"Mech_RPM",66751.6,-0.199722
"Mech_RPM",66751.6,-0.199722
"Mech_RPM",66751.6,-0.211352
"Mech_RPM",66751.6,-0.211352
"Mech_RPM",66751.6,-0.212334
"Mech_RPM",66751.6,-0.212334
"Mech_RPM",66751.7,-0.202879
"Mech_RPM",66751.7,-0.202879
"Mech_RPM",66751.7,-0.224863
"Mech_RPM",66751.7,-0.224863
"Mech_RPM",66751.7,-0.215157
"Mech_RPM",66751.7,-0.215157
"Mech_RPM",66751.7,-0.200437
"Mech_RPM",66751.7,-0.200437
"Mech_RPM",66751.7,-0.175595
"Mech_RPM",66751.8,-0.175595
"Mech_RPM",66751.8,-0.146042
"Mech_RPM",66751.8,-0.146042
"Mech_RPM",66751.8,-0.153537
"Mech_RPM",66751.8,-0.153537
"Mech_RPM",66751.8,-0.1713
"Mech_RPM",66751.8,-0.1713
"Mech_RPM",66751.8,-0.173082
"Mech_RPM",66751.8,-0.173082
"Mech_RPM",66751.8,-0.174829
"Mech_RPM",66751.9,-0.174829
"Mech_RPM",66751.9,-0.160916
"Mech_RPM",66751.9,-0.160916
"Mech_RPM",66751.9,-0.173322
"Mech_RPM",66751.9,-0.173322
"Mech_RPM",66751.9,-0.164648
"Mech_RPM",66751.9,-0.164648
"Mech_RPM",66751.9,-0.150938
"Mech_RPM",66751.9,-0.150938
"Mech_RPM",66751.9,-0.173961
"Mech_RPM",66751.9,-0.173961
"Mech_RPM",66752,-0.149648
"Mech_RPM",66752,-0.149648
"Mech_RPM",66752,-0.141447
"Mech_RPM",66752,-0.141447
"Mech_RPM",66752,-0.154243
"Mech_RPM",66752,-0.154243
"Mech_RPM",66752,-0.14595
"Mech_RPM",66752,-0.14595
"Mech_RPM",66752,-0.169073
"Mech_RPM",66752,-0.169073
"Mech_RPM",66752.1,-0.144858
"Mech_RPM",66752.1,-0.144858
"Mech_RPM",66752.1,-0.131544
"Mech_RPM",66752.1,-0.131544
"Mech_RPM",66752.1,-0.128913
"Mech_RPM",66752.1,-0.128913
"Mech_RPM",66752.1,-0.0950849
"Mech_RPM",66752.1,-0.0950849
"Mech_RPM",66752.1,-0.0879749
"Mech_RPM",66752.1,-0.0879749
"Mech_RPM",66752.2,-0.081007
"Mech_RPM",66752.2,-0.081007
"Mech_RPM",66752.2,-0.0898036
"Mech_RPM",66752.2,-0.0898036
"Mech_RPM",66752.2,-0.0880075
"Mech_RPM",66752.2,-0.0880075
"Mech_RPM",66752.2,-0.081039
"Mech_RPM",66752.2,-0.081039
"Mech_RPM",66752.2,-0.0585849
"Mech_RPM",66752.2,-0.0585849
"Mech_RPM",66752.3,-0.0469965
"Mech_RPM",66752.3,-0.0469965
"Mech_RPM",66752.3,-0.0512649
"Mech_RPM",66752.3,-0.0512649
"Mech_RPM",66752.3,-0.0294063
"Mech_RPM",66752.3,-0.0294063
"Mech_RPM",66752.3,-0.0392348
"Mech_RPM",66752.3,-0.0392348
"Mech_RPM",66752.3,-0.0280335
"Mech_RPM",66752.3,-0.0280335
"Mech_RPM",66752.4,-0.0326811
"Mech_RPM",66752.4,-0.0326811
"Mech_RPM",66752.4,-0.00598586
"Mech_RPM",66752.4,-0.00598586
"Mech_RPM",66752.4,-0.0110745
"Mech_RPM",66752.4,-0.0110745
"Mech_RPM",66752.4,-0.00564465
"Mech_RPM",66752.4,-0.00564465
"Mech_RPM",66752.4,-0.0263651
"Mech_RPM",66752.4,-0.0263651
"Mech_RPM",66752.5,-0.0154211
"Mech_RPM",66752.5,-0.0154211
"Mech_RPM",66752.5,-0.0307377
"Mech_RPM",66752.5,-0.0307377
"Mech_RPM",66752.5,-0.0249146
"Mech_RPM",66752.5,-0.0249146
"Mech_RPM",66752.5,-0.00879132
"Mech_RPM",66752.5,-0.00879132
"Mech_RPM",66752.5,0.0070095
"Mech_RPM",66752.5,0.0070095
"Mech_RPM",66752.6,-0.0191724
"Mech_RPM",66752.6,-0.0191724
"Mech_RPM",66752.6,-0.0135806
"Mech_RPM",66752.6,-0.0135806
"Mech_RPM",66752.6,-0.0185173
"Mech_RPM",66752.6,-0.0185173
"Mech_RPM",66752.6,-0.0233553
"Mech_RPM",66752.6,-0.0233553
"Mech_RPM",66752.6,-0.0333048
"Mech_RPM",66752.6,-0.0333048
"Mech_RPM",66752.7,-0.0274304
"Mech_RPM",66752.7,-0.0274304
"Mech_RPM",66752.7,-0.0477151
"Mech_RPM",66752.7,-0.0477151
"Mech_RPM",66752.7,-0.0571775
"Mech_RPM",66752.7,-0.0571775
"Mech_RPM",66752.7,-0.0612423
"Mech_RPM",66752.7,-0.0612423
"Mech_RPM",66752.7,-0.0339758
"Mech_RPM",66752.7,-0.0339758
"Mech_RPM",66752.8,-0.0280879
"Mech_RPM",66752.8,-0.0280879
"Mech_RPM",66752.8,-0.00669284
"Mech_RPM",66752.8,-0.00669284
"Mech_RPM",66752.8,0.00906602
"Mech_RPM",66752.8,0.00906602
"Mech_RPM",66752.8,-0.0067403
"Mech_RPM",66752.8,-0.0067403
"Mech_RPM",66752.8,0.00381117
"Mech_RPM",66752.8,0.00381117
"Mech_RPM",66752.9,0.01936
"Mech_RPM",66752.9,0.01936
"Mech_RPM",66752.9,-0.00706891
"Mech_RPM",66752.9,-0.00706891
"Mech_RPM",66752.9,0.00869746
"Mech_RPM",66752.9,0.00869746
"Mech_RPM",66752.9,0.0189402
"Mech_RPM",66752.9,0.0189402
"Mech_RPM",66752.9,0.013353
"Mech_RPM",66752.9,0.013353
"Mech_RPM",66753,0.00787765
"Mech_RPM",66753,0.00787765
"Mech_RPM",66753,-0.0183216
"Mech_RPM",66753,-0.0183216
"Mech_RPM",66753,-0.00233014
"Mech_RPM",66753,-0.00233014
"Mech_RPM",66753,0.0029248
"Mech_RPM",66753,0.0029248
"Mech_RPM",66753,-0.00755036
"Mech_RPM",66753,-0.00755036
"Mech_RPM",66753,-0.00739936
"Mech_RPM",66753.1,-0.00739936
"Mech_RPM",66753.1,-0.017668
"Mech_RPM",66753.1,-0.017668
"Mech_RPM",66753.1,-0.00168968
"Mech_RPM",66753.1,-0.00168968
"Mech_RPM",66753.1,-0.0224892
"Mech_RPM",66753.1,-0.0224892
"Mech_RPM",66753.1,-0.0324561
"Mech_RPM",66753.1,-0.0324561
"Mech_RPM",66753.1,-0.016182
"Mech_RPM",66753.2,-0.016182
"Mech_RPM",66753.2,-0.0158583
"Mech_RPM",66753.2,-0.0158583
"Mech_RPM",66753.2,-0.0311662
"Mech_RPM",66753.2,-0.0311662
"Mech_RPM",66753.2,-0.0149178
"Mech_RPM",66753.2,-0.0149178
"Mech_RPM",66753.2,-0.00941116
"Mech_RPM",66753.2,-0.00941116
"Mech_RPM",66753.2,-0.0144313
"Mech_RPM",66753.3,-0.0144313
"Mech_RPM",66753.3,0.011899
"Mech_RPM",66753.3,0.011899
"Mech_RPM",66753.3,0.00645271
"Mech_RPM",66753.3,0.00645271
"Mech_RPM",66753.3,0.00632366
"Mech_RPM",66753.3,0.00632366
"Mech_RPM",66753.3,0.000988849
"Mech_RPM",66753.3,0.000988849
"Mech_RPM",66753.3,0.0165941
"Mech_RPM",66753.4,0.0165941
"Mech_RPM",66753.4,0.0110539
"Mech_RPM",66753.4,0.0110539
"Mech_RPM",66753.4,0.0108328
"Mech_RPM",66753.4,0.0108328
"Mech_RPM",66753.4,-0.00500888
"Mech_RPM",66753.4,-0.00500888
"Mech_RPM",66753.4,-0.0361587
"Mech_RPM",66753.4,-0.0361587
"Mech_RPM",66753.4,-0.0406439
"Mech_RPM",66753.5,-0.0406439
"Mech_RPM",66753.5,-0.0502477
"Mech_RPM",66753.5,-0.0502477
"Mech_RPM",66753.5,-0.0648677
"Mech_RPM",66753.5,-0.0648677
"Mech_RPM",66753.5,-0.0635703
"Mech_RPM",66753.5,-0.0635703
"Mech_RPM",66753.5,-0.0414656
"Mech_RPM",66753.5,-0.0414656
"Mech_RPM",66753.5,-0.0562613
"Mech_RPM",66753.6,-0.0562613
"Mech_RPM",66753.6,-0.0707611
"Mech_RPM",66753.6,-0.0707611
"Mech_RPM",66753.6,-0.0953875
"Mech_RPM",66753.6,-0.0953875
"Mech_RPM",66753.6,-0.0882714
"Mech_RPM",66753.6,-0.0882714
"Mech_RPM",66753.6,-0.0760893
"Mech_RPM",66753.6,-0.0760893
"Mech_RPM",66753.6,-0.0589425
"Mech_RPM",66753.7,-0.0589425
"Mech_RPM",66753.7,-0.016097
"Mech_RPM",66753.7,-0.016097
"Mech_RPM",66753.7,-0.0626501
"Mech_RPM",66753.7,-0.0626501
"Mech_RPM",66753.7,-0.0718137
"Mech_RPM",66753.7,-0.0718137
"Mech_RPM",66753.7,-0.0287108
"Mech_RPM",66753.7,-0.0287108
"Mech_RPM",66753.7,-0.0489699
"Mech_RPM",66753.8,-0.0489699
"Mech_RPM",66753.8,-0.0375739
"Mech_RPM",66753.8,-0.0375739
"Mech_RPM",66753.8,-0.0524474
"Mech_RPM",66753.8,-0.0524474
"Mech_RPM",66753.8,-0.0774401
"Mech_RPM",66753.8,-0.0774401
"Mech_RPM",66753.8,-0.070683
"Mech_RPM",66753.8,-0.070683
"Mech_RPM",66753.8,-0.079686
"Mech_RPM",66753.9,-0.079686
"Mech_RPM",66753.9,-0.0624673
"Mech_RPM",66753.9,-0.0624673
"Mech_RPM",66753.9,-0.0299679
"Mech_RPM",66753.9,-0.0299679
"Mech_RPM",66753.9,-0.0241602
"Mech_RPM",66753.9,-0.0241602
"Mech_RPM",66753.9,-0.0184687
"Mech_RPM",66753.9,-0.0184687
"Mech_RPM",66753.9,-0.0180993
"Mech_RPM",66754,-0.0180993
"Mech_RPM",66754,-0.012529
"Mech_RPM",66754,-0.012529
"Mech_RPM",66754,-0.0279034
"Mech_RPM",66754,-0.0279034
"Mech_RPM",66754,-0.0273453
"Mech_RPM",66754,-0.0273453
"Mech_RPM",66754,-0.00596509
"Mech_RPM",66754,-0.00596509
"Mech_RPM",66754,-0.0214708
"Mech_RPM",66754.1,-0.0214708
"Mech_RPM",66754.1,-0.015833
"Mech_RPM",66754.1,-0.015833
"Mech_RPM",66754.1,-0.0207247
"Mech_RPM",66754.1,-0.0207247
"Mech_RPM",66754.1,-0.0411436
"Mech_RPM",66754.1,-0.0411436
"Mech_RPM",66754.1,-0.0559457
"Mech_RPM",66754.1,-0.0559457
"Mech_RPM",66754.1,-0.0496184
"Mech_RPM",66754.1,-0.0496184
"Mech_RPM",66754.2,-0.0330011
"Mech_RPM",66754.2,-0.0330011
"Mech_RPM",66754.2,-0.047966
"Mech_RPM",66754.2,-0.047966
"Mech_RPM",66754.2,-0.0574234
"Mech_RPM",66754.2,-0.0574234
"Mech_RPM",66754.2,-0.0562749
"Mech_RPM",66754.2,-0.0562749
"Mech_RPM",66754.2,-0.0655661
"Mech_RPM",66754.2,-0.0655661
"Mech_RPM",66754.3,-0.0486298
"Mech_RPM",66754.3,-0.0486298
"Mech_RPM",66754.3,-0.0632822
"Mech_RPM",66754.3,-0.0632822
"Mech_RPM",66754.3,-0.0255582
"Mech_RPM",66754.3,-0.0255582
"Mech_RPM",66754.3,-0.0146304
"Mech_RPM",66754.3,-0.0146304
"Mech_RPM",66754.3,-0.0143378
"Mech_RPM",66754.4,-0.0143378
"Mech_RPM",66754.4,-0.014051
"Mech_RPM",66754.4,-0.014051
"Mech_RPM",66754.4,0.00706335
"Mech_RPM",66754.4,0.00706335
"Mech_RPM",66754.4,-0.0191196
"Mech_RPM",66754.4,-0.0191196
"Mech_RPM",66754.4,-0.00832053
"Mech_RPM",66754.4,-0.00832053
"Mech_RPM",66754.4,-0.00294578
"Mech_RPM",66754.5,-0.00294578
"Mech_RPM",66754.5,-0.00288687
"Mech_RPM",66754.5,-0.00288687
"Mech_RPM",66754.5,-0.0236625
"Mech_RPM",66754.5,-0.0236625
"Mech_RPM",66754.5,-0.0127725
"Mech_RPM",66754.5,-0.0127725
"Mech_RPM",66754.5,-0.00730876
"Mech_RPM",66754.5,-0.00730876
"Mech_RPM",66754.5,-0.00716259
"Mech_RPM",66754.5,-0.00716259
"Mech_RPM",66754.6,0.00860566
"Mech_RPM",66754.6,0.00860566
"Mech_RPM",66754.6,0.00322522
"Mech_RPM",66754.6,0.00322522
"Mech_RPM",66754.6,0.00836905
"Mech_RPM",66754.6,0.00836905
"Mech_RPM",66754.6,0.0238267
"Mech_RPM",66754.6,0.0238267
"Mech_RPM",66754.6,0.0233501
"Mech_RPM",66754.7,0.0233501
"Mech_RPM",66754.7,0.0489248
"Mech_RPM",66754.7,0.0489248
"Mech_RPM",66754.7,0.0687796
"Mech_RPM",66754.7,0.0687796
"Mech_RPM",66754.7,0.067404
"Mech_RPM",66754.8,0.067404
"Mech_RPM",66754.8,0.066056
"Mech_RPM",66754.8,0.066056
"Mech_RPM",66754.8,0.0543182
"Mech_RPM",66754.8,0.0543182
"Mech_RPM",66754.8,0.0532318
"Mech_RPM",66754.9,0.0532318
"Mech_RPM",66754.9,0.0886255
"Mech_RPM",66754.9,0.0886255
"Mech_RPM",66754.9,0.055603
"Mech_RPM",66754.9,0.055603
"Mech_RPM",66754.9,0.0649076
"Mech_RPM",66754.9,0.0649076
"Mech_RPM",66754.9,0.0740261
"Mech_RPM",66755,0.0673373
"Mech_RPM",66755,0.0673373
"Mech_RPM",66755,0.0868239
"Mech_RPM",66755,0.0868239
"Mech_RPM",66755,0.079669
"Mech_RPM",66755.1,0.079669
"Mech_RPM",66755.1,0.0780756
"Mech_RPM",66755.1,0.0780756
"Mech_RPM",66755.1,0.0973475
"Mech_RPM",66755.1,0.0973475
"Mech_RPM",66755.1,0.0745672
"Mech_RPM",66755.1,0.0745672
"Mech_RPM",66755.1,0.125159
"Mech_RPM",66755.1,0.125159
"Mech_RPM",66755.1,0.143489
"Mech_RPM",66755.2,0.143489
"Mech_RPM",66755.2,0.10937
"Mech_RPM",66755.2,0.10937
"Mech_RPM",66755.2,0.101974
"Mech_RPM",66755.2,0.101974
"Mech_RPM",66755.2,0.105143
"Mech_RPM",66755.2,0.105143
"Mech_RPM",66755.2,0.10304
"Mech_RPM",66755.2,0.10304
"Mech_RPM",66755.2,0.085354
"Mech_RPM",66755.2,0.085354
"Mech_RPM",66755.3,0.0732303
"Mech_RPM",66755.3,0.0732303
"Mech_RPM",66755.3,0.0873907
"Mech_RPM",66755.3,0.0873907
"Mech_RPM",66755.3,0.0908512
"Mech_RPM",66755.3,0.0908512
"Mech_RPM",66755.3,0.0473675
"Mech_RPM",66755.3,0.0473675
"Mech_RPM",66755.3,0.0568368
"Mech_RPM",66755.3,0.0568368
"Mech_RPM",66755.3,0.0557001
"Mech_RPM",66755.4,0.0557001
"Mech_RPM",66755.4,0.0389611
"Mech_RPM",66755.4,0.0389611
"Mech_RPM",66755.4,0.0433902
"Mech_RPM",66755.4,0.0433902
"Mech_RPM",66755.4,0.0164807
"Mech_RPM",66755.4,0.0164807
"Mech_RPM",66755.4,0.0474011
"Mech_RPM",66755.4,0.0474011
"Mech_RPM",66755.4,0.00999475
"Mech_RPM",66755.4,0.00999475
"Mech_RPM",66755.5,-0.0318718
"Mech_RPM",66755.5,-0.0318718
"Mech_RPM",66755.5,-0.0156094
"Mech_RPM",66755.5,-0.0156094
"Mech_RPM",66755.5,-0.0205055
"Mech_RPM",66755.5,-0.0205055
"Mech_RPM",66755.5,-0.0461371
"Mech_RPM",66755.5,-0.0461371
"Mech_RPM",66755.5,-0.055631
"Mech_RPM",66755.5,-0.055631
"Mech_RPM",66755.5,-0.0441017
"Mech_RPM",66755.5,-0.0441017
"Mech_RPM",66755.6,-0.0223863
"Mech_RPM",66755.6,-0.0223863
"Mech_RPM",66755.6,-0.0167303
"Mech_RPM",66755.6,-0.0167303
"Mech_RPM",66755.6,-0.021604
"Mech_RPM",66755.6,-0.021604
"Mech_RPM",66755.6,0.00486973
"Mech_RPM",66755.6,0.00486973
"Mech_RPM",66755.6,0.00477233
"Mech_RPM",66755.6,0.00477233
"Mech_RPM",66755.6,-0.0265731
"Mech_RPM",66755.7,-0.0265731
"Mech_RPM",66755.7,-0.0520833
"Mech_RPM",66755.7,-0.0520833
"Mech_RPM",66755.7,-0.05625
"Mech_RPM",66755.7,-0.05625
"Mech_RPM",66755.7,-0.0447083
"Mech_RPM",66755.7,-0.0447083
"Mech_RPM",66755.7,-0.0750642
"Mech_RPM",66755.7,-0.0750642
"Mech_RPM",66755.7,-0.0735629
"Mech_RPM",66755.7,-0.0735629
"Mech_RPM",66755.8,-0.0772999
"Mech_RPM",66755.8,-0.0772999
"Mech_RPM",66755.8,-0.0757539
"Mech_RPM",66755.8,-0.0757539
"Mech_RPM",66755.8,-0.0690305
"Mech_RPM",66755.8,-0.0690305
"Mech_RPM",66755.8,-0.0832749
"Mech_RPM",66755.8,-0.0832749
"Mech_RPM",66755.8,-0.0607761
"Mech_RPM",66755.8,-0.0607761
"Mech_RPM",66755.8,-0.0908106
"Mech_RPM",66755.9,-0.0908106
"Mech_RPM",66755.9,-0.068161
"Mech_RPM",66755.9,-0.068161
"Mech_RPM",66755.9,-0.0876312
"Mech_RPM",66755.9,-0.0876312
"Mech_RPM",66755.9,-0.0754619
"Mech_RPM",66755.9,-0.0754619
"Mech_RPM",66755.9,-0.094786
"Mech_RPM",66755.9,-0.094786
"Mech_RPM",66755.9,-0.0928902
"Mech_RPM",66756,-0.0928902
"Mech_RPM",66756,-0.0910324
"Mech_RPM",66756,-0.0910324
"Mech_RPM",66756,-0.0944201
"Mech_RPM",66756,-0.0944201
"Mech_RPM",66756,-0.0873234
"Mech_RPM",66756,-0.0873234
"Mech_RPM",66756,-0.0751603
"Mech_RPM",66756,-0.0751603
"Mech_RPM",66756,-0.073657
"Mech_RPM",66756.1,-0.073657
"Mech_RPM",66756.1,-0.0826006
"Mech_RPM",66756.1,-0.0826006
"Mech_RPM",66756.1,-0.0809486
"Mech_RPM",66756.1,-0.0809486
"Mech_RPM",66756.1,-0.0689129
"Mech_RPM",66756.1,-0.0689129
"Mech_RPM",66756.1,-0.0362847
"Mech_RPM",66756.1,-0.0362847
"Mech_RPM",66756.1,-0.019934
"Mech_RPM",66756.1,-0.019934
"Mech_RPM",66756.2,-0.0195353
"Mech_RPM",66756.2,-0.0195353
"Mech_RPM",66756.2,-0.00351958
"Mech_RPM",66756.2,-0.00351958
"Mech_RPM",66756.2,0.00175914
"Mech_RPM",66756.2,0.00175914
"Mech_RPM",66756.2,0.00172396
"Mech_RPM",66756.2,0.00172396
"Mech_RPM",66756.2,-0.00351885
"Mech_RPM",66756.2,-0.00351885
"Mech_RPM",66756.3,-0.0190735
"Mech_RPM",66756.3,-0.0190735
"Mech_RPM",66756.3,0.00734966
"Mech_RPM",66756.3,0.00734966
"Mech_RPM",66756.3,-0.018839
"Mech_RPM",66756.3,-0.018839
"Mech_RPM",66756.3,0.00237111
"Mech_RPM",66756.3,0.00237111
"Mech_RPM",66756.3,0.0439904
"Mech_RPM",66756.4,0.0439904
"Mech_RPM",66756.4,0.0535272
"Mech_RPM",66756.4,0.0535272
"Mech_RPM",66756.4,0.0680817
"Mech_RPM",66756.4,0.0680817
"Mech_RPM",66756.4,0.06672
"Mech_RPM",66756.4,0.06672
"Mech_RPM",66756.4,0.0653856
"Mech_RPM",66756.4,0.0653856
"Mech_RPM",66756.4,0.0588696
"Mech_RPM",66756.5,0.0588696
"Mech_RPM",66756.5,0.0316505
"Mech_RPM",66756.5,0.0316505
"Mech_RPM",66756.5,0.0206009
"Mech_RPM",66756.5,0.0206009
"Mech_RPM",66756.5,0.0306055
"Mech_RPM",66756.5,0.0306055
"Mech_RPM",66756.5,0.0195767
"Mech_RPM",66756.5,0.0195767
"Mech_RPM",66756.5,0.0191852
"Mech_RPM",66756.6,0.0191852
"Mech_RPM",66756.6,0.00317649
"Mech_RPM",66756.6,0.00317649
"Mech_RPM",66756.6,-0.00730371
"Mech_RPM",66756.6,-0.00730371
"Mech_RPM",66756.6,0.0136757
"Mech_RPM",66756.6,0.0136757
"Mech_RPM",66756.6,-0.00222281
"Mech_RPM",66756.6,-0.00222281
"Mech_RPM",66756.6,-0.012595
"Mech_RPM",66756.6,-0.012595
"Mech_RPM",66756.7,-0.0123431
"Mech_RPM",66756.7,-0.0123431
"Mech_RPM",66756.7,-0.0173046
"Mech_RPM",66756.7,-0.0173046
"Mech_RPM",66756.7,-0.0013335
"Mech_RPM",66756.7,-0.0013335
"Mech_RPM",66756.7,-0.00651516
"Mech_RPM",66756.7,-0.00651516
"Mech_RPM",66756.7,-0.0168015
"Mech_RPM",66756.8,-0.0168015
"Mech_RPM",66756.8,0.0147845
"Mech_RPM",66756.8,0.0147845
"Mech_RPM",66756.8,0.0301138
"Mech_RPM",66756.8,0.0301138
"Mech_RPM",66756.8,0.0451365
"Mech_RPM",66756.8,0.0451365
"Mech_RPM",66756.8,0.0442338
"Mech_RPM",66756.8,0.0442338
"Mech_RPM",66756.8,0.0537658
"Mech_RPM",66756.9,0.0537658
"Mech_RPM",66756.9,0.0578988
"Mech_RPM",66756.9,0.0578988
"Mech_RPM",66756.9,0.0723658
"Mech_RPM",66756.9,0.0723658
"Mech_RPM",66756.9,0.0500852
"Mech_RPM",66756.9,0.0500852
"Mech_RPM",66756.9,0.0126251
"Mech_RPM",66756.9,0.0126251
"Mech_RPM",66756.9,0.0227893
"Mech_RPM",66757,0.0227893
"Mech_RPM",66757,0.0379585
"Mech_RPM",66757,0.0379585
"Mech_RPM",66757,0.0424077
"Mech_RPM",66757,0.0424077
"Mech_RPM",66757,0.0311429
"Mech_RPM",66757,0.0311429
"Mech_RPM",66757,0.0357283
"Mech_RPM",66757,0.0357283
"Mech_RPM",66757,0.0245971
"Mech_RPM",66757,0.0245971
"Mech_RPM",66757.1,0.0397302
"Mech_RPM",66757.1,0.0397302
"Mech_RPM",66757.1,0.0441439
"Mech_RPM",66757.1,0.0441439
"Mech_RPM",66757.1,0.0640944
"Mech_RPM",66757.1,0.0640944
"Mech_RPM",66757.1,0.0523958
"Mech_RPM",66757.1,0.0523958
"Mech_RPM",66757.1,0.0409312
"Mech_RPM",66757.1,0.0409312
"Mech_RPM",66757.2,0.0609459
"Mech_RPM",66757.2,0.0609459
"Mech_RPM",66757.2,0.0649353
"Mech_RPM",66757.2,0.0649353
"Mech_RPM",66757.2,0.037595
"Mech_RPM",66757.2,0.037595
"Mech_RPM",66757.2,0.0420514
"Mech_RPM",66757.2,0.0420514
"Mech_RPM",66757.2,0.051627
"Mech_RPM",66757.2,0.051627
"Mech_RPM",66757.3,0.0453862
"Mech_RPM",66757.3,0.0453862
"Mech_RPM",66757.3,0.0548951
"Mech_RPM",66757.3,0.0548951
"Mech_RPM",66757.3,0.0694222
"Mech_RPM",66757.3,0.0694222
"Mech_RPM",66757.3,0.0576171
"Mech_RPM",66757.3,0.0576171
"Mech_RPM",66757.3,0.0564648
"Mech_RPM",66757.4,0.0564648
"Mech_RPM",66757.4,0.0449188
"Mech_RPM",66757.4,0.0449188
"Mech_RPM",66757.4,0.0283954
"Mech_RPM",66757.4,0.0283954
"Mech_RPM",66757.4,0.0330359
"Mech_RPM",66757.4,0.0330359
"Mech_RPM",66757.4,0.0323751
"Mech_RPM",66757.4,0.0323751
"Mech_RPM",66757.4,0.021311
"Mech_RPM",66757.5,0.021311
"Mech_RPM",66757.5,-0.0103653
"Mech_RPM",66757.5,-0.0103653
"Mech_RPM",66757.5,0.00546705
"Mech_RPM",66757.5,0.00546705
"Mech_RPM",66757.5,0.0366077
"Mech_RPM",66757.5,0.0366077
"Mech_RPM",66757.5,0.0150422
"Mech_RPM",66757.5,0.0150422
"Mech_RPM",66757.5,0.0355747
"Mech_RPM",66757.5,0.0355747
"Mech_RPM",66757.6,0.0244466
"Mech_RPM",66757.6,0.0244466
"Mech_RPM",66757.6,0.044791
"Mech_RPM",66757.6,0.044791
"Mech_RPM",66757.6,0.0334785
"Mech_RPM",66757.6,0.0334785
"Mech_RPM",66757.6,0.0484339
"Mech_RPM",66757.6,0.0484339
"Mech_RPM",66757.6,0.0735069
"Mech_RPM",66757.6,0.0735069
"Mech_RPM",66757.7,0.0772451
"Mech_RPM",66757.7,0.0772451
"Mech_RPM",66757.7,0.0704919
"Mech_RPM",66757.7,0.0704919
"Mech_RPM",66757.7,0.0482487
"Mech_RPM",66757.7,0.0482487
"Mech_RPM",66757.7,0.0472837
"Mech_RPM",66757.7,0.0472837
"Mech_RPM",66757.7,0.0255047
"Mech_RPM",66757.8,0.0255047
"Mech_RPM",66757.8,0.0145779
"Mech_RPM",66757.8,0.0145779
"Mech_RPM",66757.8,-0.00133862
"Mech_RPM",66757.8,-0.00133862
"Mech_RPM",66757.8,-0.0117285
"Mech_RPM",66757.8,-0.0117285
"Mech_RPM",66757.8,-0.00628561
"Mech_RPM",66757.8,-0.00628561
"Mech_RPM",66757.8,-0.0061599
"Mech_RPM",66757.9,-0.0061599
"Mech_RPM",66757.9,-0.0372867
"Mech_RPM",66757.9,-0.0372867
"Mech_RPM",66757.9,-0.052166
"Mech_RPM",66757.9,-0.052166
"Mech_RPM",66757.9,-0.0511227
"Mech_RPM",66757.9,-0.0511227
"Mech_RPM",66757.9,-0.0448919
"Mech_RPM",66757.9,-0.0448919
"Mech_RPM",66757.9,-0.0335774
"Mech_RPM",66758,-0.0335774
"Mech_RPM",66758,-0.0120725
"Mech_RPM",66758,-0.0120725
"Mech_RPM",66758,-0.0066227
"Mech_RPM",66758,-0.0066227
"Mech_RPM",66758,-0.00649024
"Mech_RPM",66758,-0.00649024
"Mech_RPM",66758,-0.0271938
"Mech_RPM",66758,-0.0271938
"Mech_RPM",66758,-0.0162332
"Mech_RPM",66758.1,-0.0162332
"Mech_RPM",66758.1,-0.0315336
"Mech_RPM",66758.1,-0.0315336
"Mech_RPM",66758.1,0.0107638
"Mech_RPM",66758.1,0.0107638
"Mech_RPM",66758.1,0.0313818
"Mech_RPM",66758.1,0.0313818
"Mech_RPM",66758.1,0.0307542
"Mech_RPM",66758.1,0.0307542
"Mech_RPM",66758.1,0.0249308
"Mech_RPM",66758.2,0.0249308
"Mech_RPM",66758.2,0.0244322
"Mech_RPM",66758.2,0.0244322
"Mech_RPM",66758.2,0.0239435
"Mech_RPM",66758.2,0.0239435
"Mech_RPM",66758.2,0.0495063
"Mech_RPM",66758.2,0.0495063
"Mech_RPM",66758.2,0.0380995
"Mech_RPM",66758.2,0.0380995
"Mech_RPM",66758.2,0.0269209
"Mech_RPM",66758.2,0.0269209
"Mech_RPM",66758.3,0.0211741
"Mech_RPM",66758.3,0.0211741
"Mech_RPM",66758.3,0.0467923
"Mech_RPM",66758.3,0.0467923
"Mech_RPM",66758.3,0.0354398
"Mech_RPM",66758.3,0.0354398
"Mech_RPM",66758.3,0.034731
"Mech_RPM",66758.3,0.034731
"Mech_RPM",66758.3,0.028828
"Mech_RPM",66758.4,0.028828
"Mech_RPM",66758.4,0.0126265
"Mech_RPM",66758.4,0.0126265
"Mech_RPM",66758.4,0.0175823
"Mech_RPM",66758.4,0.0175823
"Mech_RPM",66758.4,0.0120223
"Mech_RPM",66758.4,0.0120223
"Mech_RPM",66758.4,0.0274069
"Mech_RPM",66758.4,0.0274069
"Mech_RPM",66758.4,0.032067
"Mech_RPM",66758.5,0.032067
"Mech_RPM",66758.5,0.00538404
"Mech_RPM",66758.5,0.00538404
"Mech_RPM",66758.5,0.015693
"Mech_RPM",66758.5,0.015693
"Mech_RPM",66758.5,0.0153792
"Mech_RPM",66758.5,0.0153792
"Mech_RPM",66758.5,0.0306966
"Mech_RPM",66758.5,0.0306966
"Mech_RPM",66758.5,0.0300826
"Mech_RPM",66758.6,0.0300826
"Mech_RPM",66758.6,0.060731
"Mech_RPM",66758.6,0.060731
"Mech_RPM",66758.6,0.0595164
"Mech_RPM",66758.6,0.0595164
"Mech_RPM",66758.6,0.0531177
"Mech_RPM",66758.6,0.0531177
"Mech_RPM",66758.6,0.0416387
"Mech_RPM",66758.6,0.0416387
"Mech_RPM",66758.6,0.0251809
"Mech_RPM",66758.6,0.0251809
"Mech_RPM",66758.7,0.0246773
"Mech_RPM",66758.7,0.0246773
"Mech_RPM",66758.7,0.0450171
"Mech_RPM",66758.7,0.0450171
"Mech_RPM",66758.7,0.0493251
"Mech_RPM",66758.7,0.0493251
"Mech_RPM",66758.7,0.0691719
"Mech_RPM",66758.7,0.0691719
"Mech_RPM",66758.7,0.0313301
"Mech_RPM",66758.8,0.0313301
"Mech_RPM",66758.8,0.0307035
"Mech_RPM",66758.8,0.0307035
"Mech_RPM",66758.8,0.0509228
"Mech_RPM",66758.8,0.0509228
"Mech_RPM",66758.8,0.0551127
"Mech_RPM",66758.8,0.0551127
"Mech_RPM",66758.8,0.0540104
"Mech_RPM",66758.8,0.0540104
"Mech_RPM",66758.8,0.0268886
"Mech_RPM",66758.9,0.0268886
"Mech_RPM",66758.9,0.0315591
"Mech_RPM",66758.9,0.0315591
"Mech_RPM",66758.9,0.0361363
"Mech_RPM",66758.9,0.0361363
"Mech_RPM",66758.9,0.0249969
"Mech_RPM",66758.9,0.0249969
"Mech_RPM",66758.9,0.0349136
"Mech_RPM",66758.9,0.0349136
"Mech_RPM",66758.9,0.060257
"Mech_RPM",66759,0.060257
"Mech_RPM",66759,0.0642602
"Mech_RPM",66759,0.0642602
"Mech_RPM",66759,0.0525583
"Mech_RPM",66759,0.0525583
"Mech_RPM",66759,0.0671322
"Mech_RPM",66759,0.0671322
"Mech_RPM",66759,0.0397478
"Mech_RPM",66759,0.0397478
"Mech_RPM",66759,0.0337446
"Mech_RPM",66759.1,0.0337446
"Mech_RPM",66759.1,0.00702799
"Mech_RPM",66759.1,0.00702799
"Mech_RPM",66759.1,0.0225124
"Mech_RPM",66759.1,0.0225124
"Mech_RPM",66759.1,0.0272705
"Mech_RPM",66759.1,0.0272705
"Mech_RPM",66759.1,0.0319334
"Mech_RPM",66759.1,0.0319334
"Mech_RPM",66759.1,0.0521281
"Mech_RPM",66759.2,0.0521281
"Mech_RPM",66759.2,0.0719189
"Mech_RPM",66759.2,0.0719189
"Mech_RPM",66759.2,0.0704805
"Mech_RPM",66759.2,0.0704805
"Mech_RPM",66759.2,0.0430292
"Mech_RPM",66759.2,0.0430292
"Mech_RPM",66759.2,0.0421686
"Mech_RPM",66759.2,0.0421686
"Mech_RPM",66759.2,0.0309086
"Mech_RPM",66759.3,0.0309086
"Mech_RPM",66759.3,0.0146654
"Mech_RPM",66759.3,0.0146654
"Mech_RPM",66759.3,0.0195804
"Mech_RPM",66759.3,0.0195804
"Mech_RPM",66759.3,0.0452305
"Mech_RPM",66759.3,0.0452305
"Mech_RPM",66759.3,0.0807842
"Mech_RPM",66759.3,0.0807842
"Mech_RPM",66759.4,0.0895852
"Mech_RPM",66759.4,0.0895852
"Mech_RPM",66759.4,0.0982102
"Mech_RPM",66759.4,0.0982102
"Mech_RPM",66759.4,0.106663
"Mech_RPM",66759.4,0.106663
"Mech_RPM",66759.4,0.120154
"Mech_RPM",66759.4,0.120154
"Mech_RPM",66759.4,0.12296
"Mech_RPM",66759.4,0.12296
"Mech_RPM",66759.4,0.0996671
"Mech_RPM",66759.5,0.0996671
"Mech_RPM",66759.5,0.10809
"Mech_RPM",66759.5,0.10809
"Mech_RPM",66759.5,0.111137
"Mech_RPM",66759.5,0.111137
"Mech_RPM",66759.5,0.0984976
"Mech_RPM",66759.5,0.0984976
"Mech_RPM",66759.5,0.0913193
"Mech_RPM",66759.5,0.0913193
"Mech_RPM",66759.5,0.0894929
"Mech_RPM",66759.6,0.0894929
"Mech_RPM",66759.6,0.0824947
"Mech_RPM",66759.6,0.0824947
"Mech_RPM",66759.6,0.101678
"Mech_RPM",66759.6,0.101678
"Mech_RPM",66759.6,0.120478
"Mech_RPM",66759.6,0.120478
"Mech_RPM",66759.6,0.123277
"Mech_RPM",66759.6,0.123277
"Mech_RPM",66759.6,0.115603
"Mech_RPM",66759.7,0.115603
"Mech_RPM",66759.7,0.102874
"Mech_RPM",66759.7,0.102874
"Mech_RPM",66759.7,0.111233
"Mech_RPM",66759.7,0.111233
"Mech_RPM",66759.7,0.109009
"Mech_RPM",66759.7,0.109009
"Mech_RPM",66759.7,0.0859951
"Mech_RPM",66759.7,0.0859951
"Mech_RPM",66759.8,0.0738585
"Mech_RPM",66759.8,0.0738585
"Mech_RPM",66759.8,0.0723814
"Mech_RPM",66759.8,0.0723814
"Mech_RPM",66759.8,0.0657254
"Mech_RPM",66759.8,0.0657254
"Mech_RPM",66759.8,0.0644109
"Mech_RPM",66759.8,0.0644109
"Mech_RPM",66759.8,0.068331
"Mech_RPM",66759.8,0.068331
"Mech_RPM",66759.8,0.0565477
"Mech_RPM",66759.9,0.0565477
"Mech_RPM",66759.9,0.0502084
"Mech_RPM",66759.9,0.0502084
"Mech_RPM",66759.9,0.0648293
"Mech_RPM",66759.9,0.0648293
"Mech_RPM",66759.9,0.0739494
"Mech_RPM",66759.9,0.0739494
"Mech_RPM",66759.9,0.0568454
"Mech_RPM",66759.9,0.0568454
"Mech_RPM",66759.9,0.0400835
"Mech_RPM",66760,0.0400835
"Mech_RPM",66760,0.0392818
"Mech_RPM",66760,0.0392818
"Mech_RPM",66760,0.0280795
"Mech_RPM",66760,0.0280795
"Mech_RPM",66760,0.0587679
"Mech_RPM",66760,0.0587679
"Mech_RPM",66760,0.0680092
"Mech_RPM",66760,0.0680092
"Mech_RPM",66760,0.0718574
"Mech_RPM",66760.1,0.0718574
"Mech_RPM",66760.1,0.0652119
"Mech_RPM",66760.1,0.0652119
"Mech_RPM",66760.1,0.069116
"Mech_RPM",66760.1,0.069116
"Mech_RPM",66760.1,0.057317
"Mech_RPM",66760.1,0.057317
"Mech_RPM",66760.1,0.0717957
"Mech_RPM",66760.1,0.0717957
"Mech_RPM",66760.1,0.0911931
"Mech_RPM",66760.2,0.0911931
"Mech_RPM",66760.2,0.104994
"Mech_RPM",66760.2,0.104994
"Mech_RPM",66760.2,0.0872693
"Mech_RPM",66760.2,0.0872693
"Mech_RPM",66760.2,0.0907323
"Mech_RPM",66760.2,0.0907323
"Mech_RPM",66760.2,0.0732926
"Mech_RPM",66760.2,0.0732926
"Mech_RPM",66760.2,0.0614101
"Mech_RPM",66760.3,0.0614101
"Mech_RPM",66760.3,0.0653902
"Mech_RPM",66760.3,0.0653902
"Mech_RPM",66760.3,0.0849158
"Mech_RPM",66760.3,0.0849158
"Mech_RPM",66760.3,0.0207175
"Mech_RPM",66760.3,0.0207175
"Mech_RPM",66760.3,0.0255114
"Mech_RPM",66760.3,0.0255114
"Mech_RPM",66760.4,0.0458345
"Mech_RPM",66760.4,0.0458345
"Mech_RPM",66760.4,0.0501262
"Mech_RPM",66760.4,0.0501262
"Mech_RPM",66760.4,0.0595403
"Mech_RPM",66760.4,0.0595403
"Mech_RPM",66760.4,0.0479329
"Mech_RPM",66760.4,0.0479329
"Mech_RPM",66760.4,0.0573909
"Mech_RPM",66760.4,0.0573909
"Mech_RPM",66760.5,0.0302014
"Mech_RPM",66760.5,0.0302014
"Mech_RPM",66760.5,0.0504307
"Mech_RPM",66760.5,0.0504307
"Mech_RPM",66760.5,0.0337971
"Mech_RPM",66760.5,0.0337971
"Mech_RPM",66760.5,0.0539545
"Mech_RPM",66760.5,0.0539545
"Mech_RPM",66760.5,0.063292
"Mech_RPM",66760.5,0.063292
"Mech_RPM",66760.6,0.0828595
"Mech_RPM",66760.6,0.0828595
"Mech_RPM",66760.6,0.0968273
"Mech_RPM",66760.6,0.0968273
"Mech_RPM",66760.6,0.0688491
"Mech_RPM",66760.6,0.0688491
"Mech_RPM",66760.6,0.0674722
"Mech_RPM",66760.6,0.0674722
"Mech_RPM",66760.6,0.086956
"Mech_RPM",66760.6,0.086956
"Mech_RPM",66760.7,0.0800086
"Mech_RPM",66760.7,0.0800086
"Mech_RPM",66760.7,0.0940334
"Mech_RPM",66760.7,0.0940334
"Mech_RPM",66760.7,0.0817361
"Mech_RPM",66760.7,0.0817361
"Mech_RPM",66760.7,0.0696847
"Mech_RPM",66760.7,0.0696847
"Mech_RPM",66760.7,0.0630827
"Mech_RPM",66760.7,0.0630827
"Mech_RPM",66760.8,0.0722377
"Mech_RPM",66760.8,0.0722377
"Mech_RPM",66760.8,0.0707929
"Mech_RPM",66760.8,0.0707929
"Mech_RPM",66760.8,0.0537521
"Mech_RPM",66760.8,0.0537521
"Mech_RPM",66760.8,0.0787187
"Mech_RPM",66760.8,0.0787187
"Mech_RPM",66760.8,0.0354776
"Mech_RPM",66760.8,0.0354776
"Mech_RPM",66760.9,0.0243514
"Mech_RPM",66760.9,0.0243514
"Mech_RPM",66760.9,0.0238644
"Mech_RPM",66760.9,0.0238644
"Mech_RPM",66760.9,0.0338038
"Mech_RPM",66760.9,0.0338038
"Mech_RPM",66760.9,0.0487527
"Mech_RPM",66760.9,0.0487527
"Mech_RPM",66760.9,0.037361
"Mech_RPM",66760.9,0.037361
"Mech_RPM",66761,0.0157804
"Mech_RPM",66761,0.0157804
"Mech_RPM",66761,0.0258815
"Mech_RPM",66761,0.0258815
"Mech_RPM",66761,-0.0110945
"Mech_RPM",66761,-0.0110945
"Mech_RPM",66761,0.00475241
"Mech_RPM",66761,0.00475241
"Mech_RPM",66761,-0.00055097
"Mech_RPM",66761,-0.00055097
"Mech_RPM",66761.1,0.00466838
"Mech_RPM",66761.1,0.00466838
"Mech_RPM",66761.1,-0.01105
"Mech_RPM",66761.1,-0.01105
"Mech_RPM",66761.1,0.00479601
"Mech_RPM",66761.1,0.00479601
"Mech_RPM",66761.1,-0.0161332
"Mech_RPM",66761.1,-0.0161332
"Mech_RPM",66761.1,-0.0158106
"Mech_RPM",66761.1,-0.0158106
"Mech_RPM",66761.2,-0.0363277
"Mech_RPM",66761.2,-0.0363277
"Mech_RPM",66761.2,-0.0408095
"Mech_RPM",66761.2,-0.0408095
"Mech_RPM",66761.2,-0.0243683
"Mech_RPM",66761.2,-0.0243683
"Mech_RPM",66761.2,-0.00825592
"Mech_RPM",66761.2,-0.00825592
"Mech_RPM",66761.2,-0.0185075
"Mech_RPM",66761.2,-0.0185075
"Mech_RPM",66761.2,-0.0233457
"Mech_RPM",66761.3,-0.0233457
"Mech_RPM",66761.3,-0.0176704
"Mech_RPM",66761.3,-0.0176704
"Mech_RPM",66761.3,-0.0381503
"Mech_RPM",66761.3,-0.0381503
"Mech_RPM",66761.3,-0.00613732
"Mech_RPM",66761.3,-0.00613732
"Mech_RPM",66761.3,-0.0372646
"Mech_RPM",66761.3,-0.0372646
"Mech_RPM",66761.4,-0.0365193
"Mech_RPM",66761.4,-0.0365193
"Mech_RPM",66761.4,-0.0305806
"Mech_RPM",66761.4,-0.0305806
"Mech_RPM",66761.4,-0.0247606
"Mech_RPM",66761.4,-0.0247606
"Mech_RPM",66761.4,-0.0242654
"Mech_RPM",66761.4,-0.0242654
"Mech_RPM",66761.4,0.0074699
"Mech_RPM",66761.4,0.0074699
"Mech_RPM",66761.5,0.0281538
"Mech_RPM",66761.5,0.0281538
"Mech_RPM",66761.5,0.0536324
"Mech_RPM",66761.5,0.0536324
"Mech_RPM",66761.5,-0.00473189
"Mech_RPM",66761.5,-0.00473189
"Mech_RPM",66761.5,-0.00463725
"Mech_RPM",66761.5,-0.00463725
"Mech_RPM",66761.5,-0.0201695
"Mech_RPM",66761.5,-0.0201695
"Mech_RPM",66761.6,-0.0249744
"Mech_RPM",66761.6,-0.0249744
"Mech_RPM",66761.6,-0.0401
"Mech_RPM",66761.6,-0.0401
"Mech_RPM",66761.6,-0.039298
"Mech_RPM",66761.6,-0.039298
"Mech_RPM",66761.6,-0.0645537
"Mech_RPM",66761.6,-0.0645537
"Mech_RPM",66761.6,-0.0320126
"Mech_RPM",66761.6,-0.0320126
"Mech_RPM",66761.7,-0.057414
"Mech_RPM",66761.7,-0.057414
"Mech_RPM",66761.7,-0.0406407
"Mech_RPM",66761.7,-0.0406407
"Mech_RPM",66761.7,-0.0398279
"Mech_RPM",66761.7,-0.0398279
"Mech_RPM",66761.7,-0.033823
"Mech_RPM",66761.7,-0.033823
"Mech_RPM",66761.7,-0.0175216
"Mech_RPM",66761.8,-0.0175216
"Mech_RPM",66761.8,-0.00675447
"Mech_RPM",66761.8,-0.00675447
"Mech_RPM",66761.8,-0.0274527
"Mech_RPM",66761.8,-0.0274527
"Mech_RPM",66761.8,-0.047737
"Mech_RPM",66761.8,-0.047737
"Mech_RPM",66761.8,-0.0259489
"Mech_RPM",66761.8,-0.0259489
"Mech_RPM",66761.8,-0.0410549
"Mech_RPM",66761.9,-0.0410549
"Mech_RPM",66761.9,-0.0402338
"Mech_RPM",66761.9,-0.0402338
"Mech_RPM",66761.9,-0.0290125
"Mech_RPM",66761.9,-0.0290125
"Mech_RPM",66761.9,-0.0336406
"Mech_RPM",66761.9,-0.0336406
"Mech_RPM",66761.9,-0.0121344
"Mech_RPM",66761.9,-0.0121344
"Mech_RPM",66761.9,-0.00147508
"Mech_RPM",66761.9,-0.00147508
"Mech_RPM",66762,0.0141794
"Mech_RPM",66762,0.0141794
"Mech_RPM",66762,0.0191042
"Mech_RPM",66762,0.0191042
"Mech_RPM",66762,0.0239304
"Mech_RPM",66762,0.0239304
"Mech_RPM",66762,0.00782681
"Mech_RPM",66762,0.00782681
"Mech_RPM",66762,-0.0027464
"Mech_RPM",66762,-0.0027464
"Mech_RPM",66762.1,0.0181419
"Mech_RPM",66762.1,0.0181419
"Mech_RPM",66762.1,0.0386124
"Mech_RPM",66762.1,0.0386124
"Mech_RPM",66762.1,0.0117984
"Mech_RPM",66762.1,0.0117984
"Mech_RPM",66762.1,0.00635415
"Mech_RPM",66762.1,0.00635415
"Mech_RPM",66762.1,0.00101873
"Mech_RPM",66762.1,0.00101873
"Mech_RPM",66762.2,-0.00420998
"Mech_RPM",66762.2,-0.00420998
"Mech_RPM",66762.2,0.00629089
"Mech_RPM",66762.2,0.00629089
"Mech_RPM",66762.2,0.00616507
"Mech_RPM",66762.2,0.00616507
"Mech_RPM",66762.2,0.0112501
"Mech_RPM",66762.2,0.0112501
"Mech_RPM",66762.2,0.0318584
"Mech_RPM",66762.2,0.0318584
"Mech_RPM",66762.3,0.0155963
"Mech_RPM",66762.3,0.0155963
"Mech_RPM",66762.3,0.0204927
"Mech_RPM",66762.3,0.0204927
"Mech_RPM",66762.3,0.00966615
"Mech_RPM",66762.3,0.00966615
"Mech_RPM",66762.3,0.0198895
"Mech_RPM",66762.3,0.0198895
"Mech_RPM",66762.3,-0.0117583
"Mech_RPM",66762.3,-0.0117583
"Mech_RPM",66762.4,-0.0271481
"Mech_RPM",66762.4,-0.0271481
"Mech_RPM",66762.4,-0.0266052
"Mech_RPM",66762.4,-0.0266052
"Mech_RPM",66762.4,0.0103853
"Mech_RPM",66762.4,0.0103853
"Mech_RPM",66762.4,-0.0106558
"Mech_RPM",66762.4,-0.0106558
"Mech_RPM",66762.4,-2.59876e-05
"Mech_RPM",66762.4,-2.59876e-05
"Mech_RPM",66762.5,0.00518287
"Mech_RPM",66762.5,0.00518287
"Mech_RPM",66762.5,0.0207042
"Mech_RPM",66762.5,0.0207042
"Mech_RPM",66762.5,0.0515401
"Mech_RPM",66762.5,0.0515401
"Mech_RPM",66762.5,0.0713427
"Mech_RPM",66762.5,0.0713427
"Mech_RPM",66762.5,0.0334575
"Mech_RPM",66762.5,0.0334575
"Mech_RPM",66762.6,0.0327883
"Mech_RPM",66762.6,0.0327883
"Mech_RPM",66762.6,0.0321326
"Mech_RPM",66762.6,0.0321326
"Mech_RPM",66762.6,0.0262816
"Mech_RPM",66762.6,0.0262816
"Mech_RPM",66762.6,-0.000285728
"Mech_RPM",66762.6,-0.000285728
"Mech_RPM",66762.6,-0.00548835
"Mech_RPM",66762.6,-0.00548835
"Mech_RPM",66762.7,0.0102464
"Mech_RPM",66762.7,0.0102464
"Mech_RPM",66762.7,0.00483316
"cg_id_a",66732.8,3.01145
"cg_id_a",66732.8,0.492542
"cg_id_a",66732.8,-2.25875
"cg_id_a",66732.8,3.03508
"cg_id_a",66732.8,-3.86308
"cg_id_a",66732.8,3.35778
"cg_id_a",66732.8,-2.18816
"cg_id_a",66732.9,1.1007
"cg_id_a",66732.9,2.2204
"cg_id_a",66732.9,-3.75297
"cg_id_a",66732.9,0.247857
"cg_id_a",66732.9,-1.53467
"cg_id_a",66732.9,4.20894
"cg_id_a",66732.9,0.247061
"cg_id_a",66732.9,0.291281
"cg_id_a",66732.9,-0.0672586
"cg_id_a",66732.9,-1.31839
"cg_id_a",66733,0.331243
"cg_id_a",66733,-0.496103
"cg_id_a",66733,-2.66127
"cg_id_a",66733,-2.05914
"cg_id_a",66733,2.69088
"cg_id_a",66733,-1.36804
"cg_id_a",66733,1.6427
"cg_id_a",66733,-2.13108
"cg_id_a",66733,2.71034
"cg_id_a",66733,2.7168
"cg_id_a",66733.1,1.26657
"cg_id_a",66733.1,0.136315
"cg_id_a",66733.1,-3.0752
"cg_id_a",66733.1,3.34343
"cg_id_a",66733.1,-5.41772
"cg_id_a",66733.1,0.539501
"cg_id_a",66733.1,-1.66359
"cg_id_a",66733.1,2.71556
"cg_id_a",66733.1,-2.61556
"cg_id_a",66733.1,1.51735
"cg_id_a",66733.2,0.0649863
"cg_id_a",66733.2,3.80872
"cg_id_a",66733.2,-3.54042
"cg_id_a",66733.2,1.73507
"cg_id_a",66733.2,-4.45907
"cg_id_a",66733.2,4.65789
"cg_id_a",66733.2,-5.12037
"cg_id_a",66733.2,0.669519
"cg_id_a",66733.2,-3.10888
"cg_id_a",66733.2,2.81036
"cg_id_a",66733.3,1.13981
"cg_id_a",66733.3,0.817378
"cg_id_a",66733.3,-0.296213
"cg_id_a",66733.3,2.76371
"cg_id_a",66733.3,-1.37884
"cg_id_a",66733.3,-0.280946
"cg_id_a",66733.3,0.432591
"cg_id_a",66733.3,1.98989
"cg_id_a",66733.3,-2.62348
"cg_id_a",66733.3,1.16174
"cg_id_a",66733.4,1.27085
"cg_id_a",66733.4,-2.88627
"cg_id_a",66733.4,3.03469
"cg_id_a",66733.4,-3.4385
"cg_id_a",66733.4,4.84176
"cg_id_a",66733.4,-1.92802
"cg_id_a",66733.4,-0.845421
"cg_id_a",66733.4,2.92608
"cg_id_a",66733.4,0.197037
"cg_id_a",66733.4,3.48163
"cg_id_a",66733.5,-6.17313
"cg_id_a",66733.5,4.33335
"cg_id_a",66733.5,-4.43035
"cg_id_a",66733.5,-1.08922
"cg_id_a",66733.5,0.484283
"cg_id_a",66733.5,2.59666
"cg_id_a",66733.5,2.52251
"cg_id_a",66733.5,-4.91981
"cg_id_a",66733.5,4.96445
"cg_id_a",66733.5,-6.3036
"cg_id_a",66733.6,0.437263
"cg_id_a",66733.6,1.25818
"cg_id_a",66733.6,-0.747447
"cg_id_a",66733.6,0.685113
"cg_id_a",66733.6,-2.83454
"cg_id_a",66733.6,2.18184
"cg_id_a",66733.6,0.66142
"cg_id_a",66733.6,-0.600672
"cg_id_a",66733.6,3.10755
"cg_id_a",66733.6,-2.38851
"cg_id_a",66733.7,-0.780585
"cg_id_a",66733.7,1.60798
"cg_id_a",66733.7,-0.340901
"cg_id_a",66733.7,-2.45377
"cg_id_a",66733.7,0.998404
"cg_id_a",66733.7,-1.73916
"cg_id_a",66733.7,0.372638
"cg_id_a",66733.7,-2.57585
"cg_id_a",66733.7,4.09683
"cg_id_a",66733.7,0.814368
"cg_id_a",66733.8,-4.24671
"cg_id_a",66733.8,4.21785
"cg_id_a",66733.8,-5.59614
"cg_id_a",66733.8,2.14038
"cg_id_a",66733.8,2.63634
"cg_id_a",66733.8,-4.04432
"cg_id_a",66733.8,-1.89425
"cg_id_a",66733.8,2.07537
"cg_id_a",66733.8,-1.62548
"cg_id_a",66733.8,-1.77645
"cg_id_a",66733.9,2.16669
"cg_id_a",66733.9,-2.78602
"cg_id_a",66733.9,1.40042
"cg_id_a",66733.9,1.3206
"cg_id_a",66733.9,-1.81913
"cg_id_a",66733.9,0.00301855
"cg_id_a",66733.9,-0.457906
"cg_id_a",66733.9,-1.87909
"cg_id_a",66733.9,-4.14244
"cg_id_a",66733.9,3.07692
"cg_id_a",66734,-1.11134
"cg_id_a",66734,0.656953
"cg_id_a",66734,4.91376
"cg_id_a",66734,-3.00685
"cg_id_a",66734,-0.786463
"cg_id_a",66734,3.10532
"cg_id_a",66734,-0.689699
"cg_id_a",66734,-4.20603
"cg_id_a",66734,5.6238
"cg_id_a",66734,-4.15283
"cg_id_a",66734.1,3.51805
"cg_id_a",66734.1,3.54877
"cg_id_a",66734.1,0.255552
"cg_id_a",66734.1,-3.05623
"cg_id_a",66734.1,1.44614
"cg_id_a",66734.1,2.04872
"cg_id_a",66734.1,-4.73921
"cg_id_a",66734.1,3.10105
"cg_id_a",66734.1,-1.56428
"cg_id_a",66734.1,1.14453
"cg_id_a",66734.2,-3.10097
"cg_id_a",66734.2,-0.926899
"cg_id_a",66734.2,4.7658
"cg_id_a",66734.2,-2.90631
"cg_id_a",66734.2,0.770981
"cg_id_a",66734.2,2.82561
"cg_id_a",66734.2,0.0358875
"cg_id_a",66734.2,-4.92837
"cg_id_a",66734.2,3.88038
"cg_id_a",66734.2,-2.07443
"cg_id_a",66734.2,1.55031
"cg_id_a",66734.3,-4.58924
"cg_id_a",66734.3,0.793843
"cg_id_a",66734.3,4.71474
"cg_id_a",66734.3,-2.5305
"cg_id_a",66734.3,-1.77595
"cg_id_a",66734.3,2.46616
"cg_id_a",66734.3,2.00913
"cg_id_a",66734.3,-2.76223
"cg_id_a",66734.3,0.867097
"cg_id_a",66734.4,-4.96119
"cg_id_a",66734.4,3.43852
"cg_id_a",66734.4,-3.42665
"cg_id_a",66734.4,-3.01263
"cg_id_a",66734.4,3.1333
"cg_id_a",66734.4,1.0264
"cg_id_a",66734.4,3.71584
"cg_id_a",66734.4,-3.28586
"cg_id_a",66734.4,-1.53617
"cg_id_a",66734.4,3.53517
"cg_id_a",66734.5,1.7411
"cg_id_a",66734.5,1.41633
"cg_id_a",66734.5,-1.13023
"cg_id_a",66734.5,-5.54957
"cg_id_a",66734.5,3.90034
"cg_id_a",66734.5,-0.152859
"cg_id_a",66734.5,-0.341711
"cg_id_a",66734.5,-0.277607
"cg_id_a",66734.5,-1.39293
"cg_id_a",66734.5,1.84139
"cg_id_a",66734.6,0.357883
"cg_id_a",66734.6,-0.527488
"cg_id_a",66734.6,-2.84169
"cg_id_a",66734.6,-3.64561
"cg_id_a",66734.6,2.44851
"cg_id_a",66734.6,2.8314
"cg_id_a",66734.6,0.0798022
"cg_id_a",66734.6,-1.22437
"cg_id_a",66734.6,-3.10114
"cg_id_a",66734.7,1.70212
"cg_id_a",66734.7,-1.19429
"cg_id_a",66734.7,5.31207
"cg_id_a",66734.7,-4.22939
"cg_id_a",66734.7,-2.89012
"cg_id_a",66734.7,-1.88885
"cg_id_a",66734.7,-0.542702
"cg_id_a",66734.8,5.40258
"cg_id_a",66734.8,-0.380707
"cg_id_a",66734.8,-0.805092
"cg_id_a",66734.8,-3.57135
"cg_id_a",66734.8,-2.06157
"cg_id_a",66734.8,1.54565
"cg_id_a",66734.9,-1.21046
"cg_id_a",66734.9,1.85469
"cg_id_a",66734.9,-0.906493
"cg_id_a",66734.9,-5.21319
"cg_id_a",66734.9,-2.2379
"cg_id_a",66734.9,-2.17681
"cg_id_a",66734.9,3.84582
"cg_id_a",66734.9,0.447693
"cg_id_a",66735,6.53449
"cg_id_a",66735,-4.24663
"cg_id_a",66735,-4.25296
"cg_id_a",66735,-0.362521
"cg_id_a",66735,5.06545
"cg_id_a",66735,1.82145
"cg_id_a",66735.1,-0.0247831
"cg_id_a",66735.1,-2.8136
"cg_id_a",66735.1,0.518095
"cg_id_a",66735.1,-3.03111
"cg_id_a",66735.1,3.90678
"cg_id_a",66735.1,2.56477
"cg_id_a",66735.1,3.76266
"cg_id_a",66735.2,-1.02213
"cg_id_a",66735.2,-0.835776
"cg_id_a",66735.2,2.053
"cg_id_a",66735.2,-2.73906
"cg_id_a",66735.2,5.8843
"cg_id_a",66735.2,1.36626
"cg_id_a",66735.2,5.71141
"cg_id_a",66735.2,-0.443606
"cg_id_a",66735.2,1.15168
"cg_id_a",66735.3,-2.75105
"cg_id_a",66735.3,-1.3761
"cg_id_a",66735.3,-4.96277
"cg_id_a",66735.3,-2.19492
"cg_id_a",66735.3,-3.92472
"cg_id_a",66735.3,-0.889428
"cg_id_a",66735.3,3.71178
"cg_id_a",66735.3,0.502892
"cg_id_a",66735.3,4.4406
"cg_id_a",66735.3,3.36709
"cg_id_a",66735.3,2.27433
"cg_id_a",66735.4,-0.0538716
"cg_id_a",66735.4,1.04071
"cg_id_a",66735.4,0.303378
"cg_id_a",66735.4,1.30949
"cg_id_a",66735.4,-0.510787
"cg_id_a",66735.4,2.35066
"cg_id_a",66735.4,-1.05954
"cg_id_a",66735.4,1.35745
"cg_id_a",66735.4,-1.3027
"cg_id_a",66735.4,1.63546
"cg_id_a",66735.4,-3.50419
"cg_id_a",66735.5,-1.95314
"cg_id_a",66735.5,-2.52271
"cg_id_a",66735.5,-3.95209
"cg_id_a",66735.5,-3.14519
"cg_id_a",66735.5,-1.2712
"cg_id_a",66735.5,-2.88098
"cg_id_a",66735.5,-1.65742
"cg_id_a",66735.5,-3.60791
"cg_id_a",66735.5,-1.77667
"cg_id_a",66735.5,-2.0097
"cg_id_a",66735.5,-2.77059
"cg_id_a",66735.5,-3.68058
"cg_id_a",66735.6,-4.21703
"cg_id_a",66735.6,-3.91558
"cg_id_a",66735.6,-1.92802
"cg_id_a",66735.6,-1.80926
"cg_id_a",66735.6,-2.44706
"cg_id_a",66735.6,-2.18723
"cg_id_a",66735.6,0.171074
"cg_id_a",66735.6,-1.8222
"cg_id_a",66735.6,-4.4272
"cg_id_a",66735.6,-4.44456
"cg_id_a",66735.6,-2.6672
"cg_id_a",66735.6,-4.06664
"cg_id_a",66735.7,-1.16891
"cg_id_a",66735.7,-1.5453
"cg_id_a",66735.7,-0.459942
"cg_id_a",66735.7,-2.61254
"cg_id_a",66735.7,1.83024
"cg_id_a",66735.7,-1.52327
"cg_id_a",66735.7,1.71962
"cg_id_a",66735.7,-0.460082
"cg_id_a",66735.7,3.10484
"cg_id_a",66735.7,1.18023
"cg_id_a",66735.8,5.98084
"cg_id_a",66735.8,2.32776
"cg_id_a",66735.8,3.88173
"cg_id_a",66735.8,0.959194
"cg_id_a",66735.8,-3.23346
"cg_id_a",66735.8,5.14063
"cg_id_a",66735.8,-1.28305
"cg_id_a",66735.8,-3.43046
"cg_id_a",66735.8,-3.84178
"cg_id_a",66735.8,-2.05457
"cg_id_a",66735.8,-2.56392
"cg_id_a",66735.9,-0.807737
"cg_id_a",66735.9,-2.89985
"cg_id_a",66735.9,-0.67022
"cg_id_a",66735.9,-3.88676
"cg_id_a",66735.9,9.28518
"cg_id_a",66735.9,-1.63813
"cg_id_a",66735.9,4.87222
"cg_id_a",66735.9,-0.544093
"cg_id_a",66735.9,2.79892
"cg_id_a",66735.9,-0.128136
"cg_id_a",66735.9,2.83605
"cg_id_a",66736,-0.497355
"cg_id_a",66736,-1.31287
"cg_id_a",66736,-4.9108
"cg_id_a",66736,0.826048
"cg_id_a",66736,-2.65573
"cg_id_a",66736,-0.917006
"cg_id_a",66736,4.9786
"cg_id_a",66736,2.44697
"cg_id_a",66736,4.7856
"cg_id_a",66736,-1.92318
"cg_id_a",66736,-0.553162
"cg_id_a",66736.1,-3.60692
"cg_id_a",66736.1,-2.15241
"cg_id_a",66736.1,0.873143
"cg_id_a",66736.1,-1.69014
"cg_id_a",66736.1,2.58143
"cg_id_a",66736.1,-0.204546
"cg_id_a",66736.1,2.49617
"cg_id_a",66736.1,7.11059
"cg_id_a",66736.1,-1.24037
"cg_id_a",66736.1,-1.9834
"cg_id_a",66736.2,-5.41633
"cg_id_a",66736.2,5.38784
"cg_id_a",66736.2,-1.09369
"cg_id_a",66736.2,5.74121
"cg_id_a",66736.2,-3.19056
"cg_id_a",66736.2,1.96007
"cg_id_a",66736.2,2.43335
"cg_id_a",66736.2,-2.63908
"cg_id_a",66736.2,-2.09702
"cg_id_a",66736.2,2.02572
"cg_id_a",66736.3,5.25312
"cg_id_a",66736.3,-0.976926
"cg_id_a",66736.3,-0.315255
"cg_id_a",66736.3,-3.44119
"cg_id_a",66736.3,-3.81173
"cg_id_a",66736.3,0.837184
"cg_id_a",66736.3,1.72808
"cg_id_a",66736.3,5.93606
"cg_id_a",66736.3,0.186473
"cg_id_a",66736.4,-1.56419
"cg_id_a",66736.4,-0.222646
"cg_id_a",66736.4,-5.43546
"cg_id_a",66736.4,2.38115
"cg_id_a",66736.4,-3.24492
"cg_id_a",66736.4,-0.664945
"cg_id_a",66736.4,-2.01767
"cg_id_a",66736.4,-2.46924
"cg_id_a",66736.4,1.70132
"cg_id_a",66736.4,1.55485
"cg_id_a",66736.5,3.73662
"cg_id_a",66736.5,-1.44257
"cg_id_a",66736.5,-3.6548
"cg_id_a",66736.5,-0.758275
"cg_id_a",66736.5,-0.402959
"cg_id_a",66736.5,4.86835
"cg_id_a",66736.5,-1.50016
"cg_id_a",66736.5,1.71001
"cg_id_a",66736.5,-0.461618
"cg_id_a",66736.5,-3.70712
"cg_id_a",66736.6,6.70241
"cg_id_a",66736.6,2.55437
"cg_id_a",66736.6,2.23004
"cg_id_a",66736.6,0.511673
"cg_id_a",66736.6,0.475303
"cg_id_a",66736.6,6.3191
"cg_id_a",66736.6,0.929554
"cg_id_a",66736.6,-0.131574
"cg_id_a",66736.6,-2.62231
"cg_id_a",66736.6,-0.448294
"cg_id_a",66736.7,3.73074
"cg_id_a",66736.7,-1.90006
"cg_id_a",66736.7,-6.4072
"cg_id_a",66736.7,4.61003
"cg_id_a",66736.7,1.82733
"cg_id_a",66736.7,5.09173
"cg_id_a",66736.7,-3.53678
"cg_id_a",66736.7,-2.54875
"cg_id_a",66736.7,3.67236
"cg_id_a",66736.7,-0.385676
"cg_id_a",66736.8,0.620013
"cg_id_a",66736.8,-3.2165
"cg_id_a",66736.8,-2.6617
"cg_id_a",66736.8,3.87814
"cg_id_a",66736.8,0.791508
"cg_id_a",66736.8,-4.31703
"cg_id_a",66736.8,1.96538
"cg_id_a",66736.8,-3.05715
"cg_id_a",66736.8,4.32406
"cg_id_a",66736.8,-4.44049
"cg_id_a",66736.9,-1.58993
"cg_id_a",66736.9,4.99105
"cg_id_a",66736.9,0.595707
"cg_id_a",66736.9,-0.0155866
"cg_id_a",66736.9,3.25313
"cg_id_a",66736.9,-0.492676
"cg_id_a",66736.9,-0.222809
"cg_id_a",66736.9,2.95453
"cg_id_a",66736.9,-2.40217
"cg_id_a",66736.9,3.87609
"cg_id_a",66737,-1.59403
"cg_id_a",66737,0.809785
"cg_id_a",66737,-0.651357
"cg_id_a",66737,0.476273
"cg_id_a",66737,-1.31742
"cg_id_a",66737,1.55581
"cg_id_a",66737,-1.46332
"cg_id_a",66737,0.898119
"cg_id_a",66737,-0.52003
"cg_id_a",66737,-0.06169
"cg_id_a",66737.1,0.00612707
"cg_id_a",66737.1,0.534091
"cg_id_a",66737.1,0.294115
"cg_id_a",66737.1,-0.553219
"cg_id_a",66737.1,1.04576
"cg_id_a",66737.1,-2.3707
"cg_id_a",66737.1,2.65374
"cg_id_a",66737.1,-2.41913
"cg_id_a",66737.1,2.62297
"cg_id_a",66737.1,-1.73391
"cg_id_a",66737.1,2.26215
"cg_id_a",66737.2,-0.627328
"cg_id_a",66737.2,0.381967
"cg_id_a",66737.2,-0.800634
"cg_id_a",66737.2,1.82096
"cg_id_a",66737.2,-1.81113
"cg_id_a",66737.2,2.58983
"cg_id_a",66737.2,-2.17592
"cg_id_a",66737.2,1.18534
"cg_id_a",66737.2,-0.585636
"cg_id_a",66737.2,0.636612
"cg_id_a",66737.3,-0.962306
"cg_id_a",66737.3,0.29684
"cg_id_a",66737.3,-1.21799
"cg_id_a",66737.3,0.66404
"cg_id_a",66737.3,-0.572411
"cg_id_a",66737.3,0.712807
"cg_id_a",66737.3,-1.15792
"cg_id_a",66737.3,0.888164
"cg_id_a",66737.3,-0.343783
"cg_id_a",66737.4,0.532431
"cg_id_a",66737.4,-0.121112
"cg_id_a",66737.4,0.146205
"cg_id_a",66737.4,-0.488808
"cg_id_a",66737.4,0.180738
"cg_id_a",66737.4,-0.640043
"cg_id_a",66737.4,0.307301
"cg_id_a",66737.4,-1.34076
"cg_id_a",66737.4,0.427845
"cg_id_a",66737.4,-0.357259
"cg_id_a",66737.5,0.24742
"cg_id_a",66737.5,-0.501332
"cg_id_a",66737.5,0.286811
"cg_id_a",66737.5,-0.813371
"cg_id_a",66737.5,0.636682
"cg_id_a",66737.5,-1.37823
"cg_id_a",66737.5,1.90682
"cg_id_a",66737.5,-2.15608
"cg_id_a",66737.5,2.08933
"cg_id_a",66737.5,-0.873816
"cg_id_a",66737.5,-0.57849
"cg_id_a",66737.6,-0.340993
"cg_id_a",66737.6,0.473144
"cg_id_a",66737.6,-1.21336
"cg_id_a",66737.6,2.23519
"cg_id_a",66737.6,-2.80015
"cg_id_a",66737.6,2.2672
"cg_id_a",66737.6,-1.95397
"cg_id_a",66737.6,3.09181
"cg_id_a",66737.6,-1.81081
"cg_id_a",66737.6,0.160508
"cg_id_a",66737.7,-0.217825
"cg_id_a",66737.7,0.0831698
"cg_id_a",66737.7,-0.1409
"cg_id_a",66737.7,0.942371
"cg_id_a",66737.7,-2.09852
"cg_id_a",66737.7,2.13007
"cg_id_a",66737.7,0.429892
"cg_id_a",66737.7,-1.32863
"cg_id_a",66737.7,1.14028
"cg_id_a",66737.8,-0.662147
"cg_id_a",66737.8,0.449276
"cg_id_a",66737.8,-0.508965
"cg_id_a",66737.8,0.296097
"cg_id_a",66737.8,-1.29363
"cg_id_a",66737.8,2.05739
"cg_id_a",66737.8,-2.77301
"cg_id_a",66737.8,3.29074
"cg_id_a",66737.8,-2.20471
"cg_id_a",66737.8,0.988696
"cg_id_a",66737.9,-1.02399
"cg_id_a",66737.9,0.022218
"cg_id_a",66737.9,0.341082
"cg_id_a",66737.9,-0.475676
"cg_id_a",66737.9,-0.735872
"cg_id_a",66737.9,-0.918901
"cg_id_a",66737.9,1.6605
"cg_id_a",66737.9,-3.29275
"cg_id_a",66737.9,2.58004
"cg_id_a",66737.9,-3.37668
"cg_id_a",66738,1.15489
"cg_id_a",66738,-0.896908
"cg_id_a",66738,0.558695
"cg_id_a",66738,0.828304
"cg_id_a",66738,-0.33931
"cg_id_a",66738,0.485609
"cg_id_a",66738,-0.894749
"cg_id_a",66738,3.41294
"cg_id_a",66738,-2.4564
"cg_id_a",66738,3.78992
"cg_id_a",66738.1,-1.95151
"cg_id_a",66738.1,1.38129
"cg_id_a",66738.1,0.128263
"cg_id_a",66738.1,-0.125104
"cg_id_a",66738.1,0.102813
"cg_id_a",66738.1,-0.550804
"cg_id_a",66738.1,0.764543
"cg_id_a",66738.1,-0.836344
"cg_id_a",66738.1,0.880238
"cg_id_a",66738.1,-1.81898
"cg_id_a",66738.2,0.736379
"cg_id_a",66738.2,0.421005
"cg_id_a",66738.2,-1.31914
"cg_id_a",66738.2,1.13395
"cg_id_a",66738.2,-1.24474
"cg_id_a",66738.2,0.229851
"cg_id_a",66738.2,-0.64048
"cg_id_a",66738.2,0.349764
"cg_id_a",66738.2,1.39686
"cg_id_a",66738.2,-0.672609
"cg_id_a",66738.3,1.3984
"cg_id_a",66738.3,-2.2856
"cg_id_a",66738.3,2.67299
"cg_id_a",66738.3,-3.05145
"cg_id_a",66738.3,1.21912
"cg_id_a",66738.3,-1.12533
"cg_id_a",66738.3,-0.889201
"cg_id_a",66738.3,0.0678729
"cg_id_a",66738.3,0.321947
"cg_id_a",66738.3,0.770334
"cg_id_a",66738.4,-0.176621
"cg_id_a",66738.4,-1.82701
"cg_id_a",66738.4,0.101741
"cg_id_a",66738.4,-1.37422
"cg_id_a",66738.4,3.08775
"cg_id_a",66738.4,-1.09109
"cg_id_a",66738.4,3.42931
"cg_id_a",66738.4,-1.1377
"cg_id_a",66738.4,-0.294826
"cg_id_a",66738.4,0.369676
"cg_id_a",66738.5,-1.48949
"cg_id_a",66738.5,1.98183
"cg_id_a",66738.5,-1.53037
"cg_id_a",66738.5,0.422855
"cg_id_a",66738.5,-0.0247427
"cg_id_a",66738.5,-1.11791
"cg_id_a",66738.5,2.74714
"cg_id_a",66738.5,-2.8245
"cg_id_a",66738.5,2.64001
"cg_id_a",66738.5,-0.994756
"cg_id_a",66738.6,0.676439
"cg_id_a",66738.6,0.180221
"cg_id_a",66738.6,-0.348774
"cg_id_a",66738.6,-0.743321
"cg_id_a",66738.6,-0.573885
"cg_id_a",66738.6,0.12324
"cg_id_a",66738.6,1.41789
"cg_id_a",66738.6,-2.15382
"cg_id_a",66738.6,3.08157
"cg_id_a",66738.6,-1.37741
"cg_id_a",66738.7,0.063745
"cg_id_a",66738.7,1.08025
"cg_id_a",66738.7,-1.61555
"cg_id_a",66738.7,0.862992
"cg_id_a",66738.7,0.089959
"cg_id_a",66738.7,0.218324
"cg_id_a",66738.7,0.480692
"cg_id_a",66738.7,-2.39157
"cg_id_a",66738.7,1.13109
"cg_id_a",66738.7,-1.61236
"cg_id_a",66738.8,-0.911688
"cg_id_a",66738.8,2.38941
"cg_id_a",66738.8,-2.35246
"cg_id_a",66738.8,2.106
"cg_id_a",66738.8,0.504302
"cg_id_a",66738.8,-0.379355
"cg_id_a",66738.8,-0.199417
"cg_id_a",66738.8,-0.498316
"cg_id_a",66738.8,1.09068
"cg_id_a",66738.8,0.564525
"cg_id_a",66738.9,0.329314
"cg_id_a",66738.9,1.62556
"cg_id_a",66738.9,-0.831941
"cg_id_a",66738.9,-0.355375
"cg_id_a",66738.9,2.12981
"cg_id_a",66738.9,-3.48962
"cg_id_a",66738.9,1.82285
"cg_id_a",66738.9,-0.854742
"cg_id_a",66738.9,-1.05389
"cg_id_a",66739,1.06018
"cg_id_a",66739,-0.690901
"cg_id_a",66739,0.0603836
"cg_id_a",66739,0.479232
"cg_id_a",66739,-0.576834
"cg_id_a",66739,1.27215
"cg_id_a",66739,-0.0353475
"cg_id_a",66739,-0.484854
"cg_id_a",66739,2.2077
"cg_id_a",66739,-3.04524
"cg_id_a",66739.1,0.377639
"cg_id_a",66739.1,1.45047
"cg_id_a",66739.1,-0.0823633
"cg_id_a",66739.1,-0.0766081
"cg_id_a",66739.1,0.344149
"cg_id_a",66739.1,-0.0487834
"cg_id_a",66739.1,0.639276
"cg_id_a",66739.1,-0.155669
"cg_id_a",66739.1,-1.13998
"cg_id_a",66739.1,2.00597
"cg_id_a",66739.1,-1.95875
"cg_id_a",66739.2,0.546991
"cg_id_a",66739.2,1.70863
"cg_id_a",66739.2,-3.224
"cg_id_a",66739.2,2.35666
"cg_id_a",66739.2,0.502299
"cg_id_a",66739.2,-0.979528
"cg_id_a",66739.2,-0.0589722
"cg_id_a",66739.2,-0.236562
"cg_id_a",66739.2,-1.1788
"cg_id_a",66739.2,1.50795
"cg_id_a",66739.3,-1.24477
"cg_id_a",66739.3,-0.620359
"cg_id_a",66739.3,1.43237
"cg_id_a",66739.3,-2.99541
"cg_id_a",66739.3,0.116277
"cg_id_a",66739.3,2.22665
"cg_id_a",66739.3,-2.08157
"cg_id_a",66739.3,1.39395
"cg_id_a",66739.3,0.81785
"cg_id_a",66739.4,-0.238784
"cg_id_a",66739.4,-0.124162
"cg_id_a",66739.4,0.0527369
"cg_id_a",66739.4,0.319106
"cg_id_a",66739.4,0.305305
"cg_id_a",66739.4,-0.187183
"cg_id_a",66739.4,-1.0116
"cg_id_a",66739.4,2.22566
"cg_id_a",66739.4,0.333126
"cg_id_a",66739.4,-2.21374
"cg_id_a",66739.5,3.39829
"cg_id_a",66739.5,-1.50551
"cg_id_a",66739.5,-1.97029
"cg_id_a",66739.5,1.89864
"cg_id_a",66739.5,-0.670316
"cg_id_a",66739.5,-0.664848
"cg_id_a",66739.5,0.659835
"cg_id_a",66739.5,-0.322665
"cg_id_a",66739.5,-0.402743
"cg_id_a",66739.5,0.299737
"cg_id_a",66739.6,-1.50224
"cg_id_a",66739.6,0.104892
"cg_id_a",66739.6,1.5164
"cg_id_a",66739.6,-2.71807
"cg_id_a",66739.6,-0.607318
"cg_id_a",66739.6,2.94861
"cg_id_a",66739.6,-3.21591
"cg_id_a",66739.6,-1.54217
"cg_id_a",66739.6,1.91225
"cg_id_a",66739.6,0.171504
"cg_id_a",66739.6,-0.471028
"cg_id_a",66739.7,0.844238
"cg_id_a",66739.7,-0.876228
"cg_id_a",66739.7,-0.670528
"cg_id_a",66739.7,0.903341
"cg_id_a",66739.7,-0.279079
"cg_id_a",66739.7,-1.26766
"cg_id_a",66739.7,2.08214
"cg_id_a",66739.7,-0.310645
"cg_id_a",66739.7,-3.21372
"cg_id_a",66739.8,1.78543
"cg_id_a",66739.8,0.851575
"cg_id_a",66739.8,-2.58434
"cg_id_a",66739.8,0.687986
"cg_id_a",66739.8,1.25162
"cg_id_a",66739.8,-1.16146
"cg_id_a",66739.8,-0.393221
"cg_id_a",66739.8,-0.913499
"cg_id_a",66739.8,0.00407716
"cg_id_a",66739.8,-0.148216
"cg_id_a",66739.9,1.27603
"cg_id_a",66739.9,0.0832341
"cg_id_a",66739.9,-1.1124
"cg_id_a",66739.9,1.78335
"cg_id_a",66739.9,0.0641263
"cg_id_a",66739.9,-2.08049
"cg_id_a",66739.9,2.05963
"cg_id_a",66739.9,1.71309
"cg_id_a",66739.9,-2.3631
"cg_id_a",66739.9,2.39053
"cg_id_a",66740,1.19792
"cg_id_a",66740,-0.770202
"cg_id_a",66740,-0.412624
"cg_id_a",66740,0.407102
"cg_id_a",66740,0.206576
"cg_id_a",66740,-0.529773
"cg_id_a",66740,0.92305
"cg_id_a",66740,0.0639378
"cg_id_a",66740,-1.04432
"cg_id_a",66740,1.11267
"cg_id_a",66740.1,0.766193
"cg_id_a",66740.1,-2.18502
"cg_id_a",66740.1,-0.214134
"cg_id_a",66740.1,3.13686
"cg_id_a",66740.1,-1.89486
"cg_id_a",66740.1,-1.58231
"cg_id_a",66740.1,2.29225
"cg_id_a",66740.1,0.15643
"cg_id_a",66740.1,-1.07447
"cg_id_a",66740.1,-0.559769
"cg_id_a",66740.1,0.47952
"cg_id_a",66740.2,-0.0563844
"cg_id_a",66740.2,0.0722077
"cg_id_a",66740.2,0.431642
"cg_id_a",66740.2,0.228495
"cg_id_a",66740.2,-1.09235
"cg_id_a",66740.2,0.72026
"cg_id_a",66740.2,1.22149
"cg_id_a",66740.2,-0.900783
"cg_id_a",66740.2,-0.86088
"cg_id_a",66740.2,2.64227
"cg_id_a",66740.3,-0.407112
"cg_id_a",66740.3,-2.53573
"cg_id_a",66740.3,1.739
"cg_id_a",66740.3,1.15375
"cg_id_a",66740.3,-1.40039
"cg_id_a",66740.3,-0.758212
"cg_id_a",66740.3,0.634448
"cg_id_a",66740.3,0.405696
"cg_id_a",66740.3,-0.48195
"cg_id_a",66740.4,-0.194324
"cg_id_a",66740.4,0.827612
"cg_id_a",66740.4,-0.551931
"cg_id_a",66740.4,-1.49189
"cg_id_a",66740.4,1.96275
"cg_id_a",66740.4,0.993882
"cg_id_a",66740.4,-4.38743
"cg_id_a",66740.4,-0.0478603
"cg_id_a",66740.4,3.85958
"cg_id_a",66740.4,-0.704227
"cg_id_a",66740.5,-2.43683
"cg_id_a",66740.5,0.534065
"cg_id_a",66740.5,2.49588
"cg_id_a",66740.5,-0.814732
"cg_id_a",66740.5,-0.439581
"cg_id_a",66740.5,1.68997
"cg_id_a",66740.5,0.274459
"cg_id_a",66740.5,-0.204234
"cg_id_a",66740.5,-0.305619
"cg_id_a",66740.5,0.57474
"cg_id_a",66740.6,0.563254
"cg_id_a",66740.6,-1.30592
"cg_id_a",66740.6,0.182951
"cg_id_a",66740.6,2.87652
"cg_id_a",66740.6,-0.603278
"cg_id_a",66740.6,-3.25599
"cg_id_a",66740.6,1.42587
"cg_id_a",66740.6,2.35903
"cg_id_a",66740.6,-2.02381
"cg_id_a",66740.6,-2.32964
"cg_id_a",66740.7,1.50813
"cg_id_a",66740.7,1.54721
"cg_id_a",66740.7,-0.877431
"cg_id_a",66740.7,-0.74041
"cg_id_a",66740.7,0.677161
"cg_id_a",66740.7,0.681361
"cg_id_a",66740.7,0.928918
"cg_id_a",66740.7,-0.424819
"cg_id_a",66740.7,0.0698227
"cg_id_a",66740.8,0.551118
"cg_id_a",66740.8,-0.716016
"cg_id_a",66740.8,-1.99261
"cg_id_a",66740.8,1.31446
"cg_id_a",66740.8,0.434968
"cg_id_a",66740.8,-1.89824
"cg_id_a",66740.8,-1.483
"cg_id_a",66740.8,2.32301
"cg_id_a",66740.8,1.70061
"cg_id_a",66740.8,-2.95115
"cg_id_a",66740.8,-1.25828
"cg_id_a",66740.9,2.0034
"cg_id_a",66740.9,0.535886
"cg_id_a",66740.9,-0.991997
"cg_id_a",66740.9,-1.16024
"cg_id_a",66740.9,-0.207907
"cg_id_a",66740.9,0.278042
"cg_id_a",66740.9,0.109272
"cg_id_a",66740.9,-0.781543
"cg_id_a",66740.9,0.232438
"cg_id_a",66740.9,1.05376
"cg_id_a",66741,-0.498238
"cg_id_a",66741,-1.33824
"cg_id_a",66741,-0.202189
"cg_id_a",66741,2.13253
"cg_id_a",66741,-0.960526
"cg_id_a",66741,-2.94256
"cg_id_a",66741,-0.0487636
"cg_id_a",66741,2.95899
"cg_id_a",66741,1.00023
"cg_id_a",66741,-2.85962
"cg_id_a",66741.1,-1.42071
"cg_id_a",66741.1,1.66074
"cg_id_a",66741.1,0.563561
"cg_id_a",66741.1,0.990118
"cg_id_a",66741.1,-0.837707
"cg_id_a",66741.1,1.27137
"cg_id_a",66741.1,0.205369
"cg_id_a",66741.1,0.0909729
"cg_id_a",66741.1,-0.11773
"cg_id_a",66741.1,-0.334491
"cg_id_a",66741.2,-0.489616
"cg_id_a",66741.2,0.0524202
"cg_id_a",66741.2,-1.02309
"cg_id_a",66741.2,-0.55808
"cg_id_a",66741.2,0.435531
"cg_id_a",66741.2,1.489
"cg_id_a",66741.2,-0.521099
"cg_id_a",66741.2,-2.69339
"cg_id_a",66741.2,-0.203842
"cg_id_a",66741.2,3.92009
"cg_id_a",66741.3,0.650829
"cg_id_a",66741.3,-1.77342
"cg_id_a",66741.3,-2.04146
"cg_id_a",66741.3,1.687
"cg_id_a",66741.3,1.51912
"cg_id_a",66741.3,-0.466527
"cg_id_a",66741.3,0.331607
"cg_id_a",66741.3,-0.002475
"cg_id_a",66741.3,-0.246555
"cg_id_a",66741.3,0.167037
"cg_id_a",66741.4,0.240255
"cg_id_a",66741.4,-0.364074
"cg_id_a",66741.4,-0.616215
"cg_id_a",66741.4,0.648312
"cg_id_a",66741.4,0.831294
"cg_id_a",66741.4,-0.783808
"cg_id_a",66741.4,-1.17416
"cg_id_a",66741.4,0.684004
"cg_id_a",66741.4,1.74613
"cg_id_a",66741.4,0.208497
"cg_id_a",66741.5,-2.11371
"cg_id_a",66741.5,-1.42242
"cg_id_a",66741.5,2.02578
"cg_id_a",66741.5,2.11746
"cg_id_a",66741.5,-0.247212
"cg_id_a",66741.5,-2.03771
"cg_id_a",66741.5,-1.03206
"cg_id_a",66741.5,3.10248
"cg_id_a",66741.5,1.77896
"cg_id_a",66741.5,-0.527702
"cg_id_a",66741.6,-0.850571
"cg_id_a",66741.6,-0.216356
"cg_id_a",66741.6,0.0389167
"cg_id_a",66741.6,0.813624
"cg_id_a",66741.6,-0.0875107
"cg_id_a",66741.6,-0.0886751
"cg_id_a",66741.6,-0.416823
"cg_id_a",66741.6,-0.0658251
"cg_id_a",66741.6,0.647403
"cg_id_a",66741.6,0.177536
"cg_id_a",66741.7,-0.820789
"cg_id_a",66741.7,-0.765245
"cg_id_a",66741.7,-0.204223
"cg_id_a",66741.7,2.51425
"cg_id_a",66741.7,0.0208417
"cg_id_a",66741.7,-3.17765
"cg_id_a",66741.7,-1.31981
"cg_id_a",66741.7,1.24256
"cg_id_a",66741.7,3.73813
"cg_id_a",66741.8,0.116521
"cg_id_a",66741.8,-2.13424
"cg_id_a",66741.8,-2.19995
"cg_id_a",66741.8,1.15025
"cg_id_a",66741.8,2.42879
"cg_id_a",66741.8,1.30096
"cg_id_a",66741.8,-1.81644
"cg_id_a",66741.8,-1.13042
"cg_id_a",66741.8,-0.0895972
"cg_id_a",66741.8,0.591963
"cg_id_a",66741.9,-0.152287
"cg_id_a",66741.9,0.221231
"cg_id_a",66741.9,-0.956248
"cg_id_a",66741.9,-0.568698
"cg_id_a",66741.9,-0.531545
"cg_id_a",66741.9,0.164316
"cg_id_a",66741.9,0.943314
"cg_id_a",66741.9,0.482598
"cg_id_a",66741.9,-1.34686
"cg_id_a",66741.9,-0.536671
"cg_id_a",66741.9,2.52683
"cg_id_a",66742,1.82595
"cg_id_a",66742,0.295772
"cg_id_a",66742,-1.62625
"cg_id_a",66742,-2.56602
"cg_id_a",66742,0.193822
"cg_id_a",66742,3.3347
"cg_id_a",66742,2.16571
"cg_id_a",66742,-0.551356
"cg_id_a",66742,-3.49256
"cg_id_a",66742,-1.96215
"cg_id_a",66742.1,-0.178019
"cg_id_a",66742.1,3.48764
"cg_id_a",66742.1,1.32348
"cg_id_a",66742.1,0.368966
"cg_id_a",66742.1,-2.20095
"cg_id_a",66742.1,-0.751389
"cg_id_a",66742.1,-0.391976
"cg_id_a",66742.1,0.821914
"cg_id_a",66742.1,0.103258
"cg_id_a",66742.1,0.164442
"cg_id_a",66742.2,-0.293137
"cg_id_a",66742.2,0.117659
"cg_id_a",66742.2,-0.0375457
"cg_id_a",66742.2,0.95995
"cg_id_a",66742.2,0.474643
"cg_id_a",66742.2,-0.786828
"cg_id_a",66742.2,0.892497
"cg_id_a",66742.2,-1.15637
"cg_id_a",66742.2,0.325134
"cg_id_a",66742.2,0.892205
"cg_id_a",66742.3,2.05221
"cg_id_a",66742.3,-0.400366
"cg_id_a",66742.3,-2.76308
"cg_id_a",66742.3,-2.60001
"cg_id_a",66742.3,-0.550908
"cg_id_a",66742.3,1.93944
"cg_id_a",66742.3,2.77965
"cg_id_a",66742.3,1.25891
"cg_id_a",66742.3,-1.45311
"cg_id_a",66742.3,-3.10263
"cg_id_a",66742.4,-1.22679
"cg_id_a",66742.4,1.96748
"cg_id_a",66742.4,2.61343
"cg_id_a",66742.4,1.59253
"cg_id_a",66742.4,0.00615497
"cg_id_a",66742.4,-0.429186
"cg_id_a",66742.4,-0.697336
"cg_id_a",66742.4,-0.476643
"cg_id_a",66742.4,-0.419484
"cg_id_a",66742.4,1.38739
"cg_id_a",66742.5,0.610508
"cg_id_a",66742.5,0.034815
"cg_id_a",66742.5,0.093702
"cg_id_a",66742.5,-0.182751
"cg_id_a",66742.5,0.265287
"cg_id_a",66742.5,0.477268
"cg_id_a",66742.5,0.361939
"cg_id_a",66742.5,0.275051
"cg_id_a",66742.5,-0.460162
"cg_id_a",66742.5,-1.74507
"cg_id_a",66742.6,-1.03656
"cg_id_a",66742.6,0.561238
"cg_id_a",66742.6,0.590787
"cg_id_a",66742.6,2.63184
"cg_id_a",66742.6,1.12016
"cg_id_a",66742.6,-1.1896
"cg_id_a",66742.6,-1.61609
"cg_id_a",66742.6,-2.27962
"cg_id_a",66742.6,0.232059
"cg_id_a",66742.6,2.61985
"cg_id_a",66742.7,3.77172
"cg_id_a",66742.7,1.89755
"cg_id_a",66742.7,-1.46316
"cg_id_a",66742.7,-2.18543
"cg_id_a",66742.7,-2.61383
"cg_id_a",66742.7,-0.976839
"cg_id_a",66742.7,1.17432
"cg_id_a",66742.7,1.96066
"cg_id_a",66742.7,1.42136
"cg_id_a",66742.7,-0.417298
"cg_id_a",66742.8,-2.06749
"cg_id_a",66742.8,-1.55701
"cg_id_a",66742.8,-0.612477
"cg_id_a",66742.8,-1.18004
"cg_id_a",66742.8,0.389494
"cg_id_a",66742.8,-2.31438
"cg_id_a",66742.8,0.76306
"cg_id_a",66742.8,1.59498
"cg_id_a",66742.8,0.039019
"cg_id_a",66742.8,-0.177043
"cg_id_a",66742.9,0.237942
"cg_id_a",66742.9,-0.166677
"cg_id_a",66742.9,-0.109852
"cg_id_a",66742.9,0.803244
"cg_id_a",66742.9,0.594627
"cg_id_a",66742.9,-0.098411
"cg_id_a",66742.9,-0.765236
"cg_id_a",66742.9,-1.65348
"cg_id_a",66742.9,-0.830609
"cg_id_a",66742.9,0.293402
"cg_id_a",66742.9,1.38816
"cg_id_a",66743,2.22124
"cg_id_a",66743,2.04829
"cg_id_a",66743,-0.0187158
"cg_id_a",66743,-1.54724
"cg_id_a",66743,-3.23911
"cg_id_a",66743,-2.33038
"cg_id_a",66743,0.165894
"cg_id_a",66743,1.68884
"cg_id_a",66743,4.50175
"cg_id_a",66743,3.24023
"cg_id_a",66743.1,1.48741
"cg_id_a",66743.1,-0.589509
"cg_id_a",66743.1,-2.42312
"cg_id_a",66743.1,-2.90446
"cg_id_a",66743.1,-2.16519
"cg_id_a",66743.1,0.0110468
"cg_id_a",66743.1,1.49271
"cg_id_a",66743.1,3.67102
"cg_id_a",66743.1,1.65304
"cg_id_a",66743.1,1.12466
"cg_id_a",66743.2,-0.377625
"cg_id_a",66743.2,-1.15321
"cg_id_a",66743.2,-1.20313
"cg_id_a",66743.2,-1.06922
"cg_id_a",66743.2,-0.470091
"cg_id_a",66743.2,0.607484
"cg_id_a",66743.2,0.777211
"cg_id_a",66743.2,0.0593649
"cg_id_a",66743.2,0.286806
"cg_id_a",66743.2,-0.228984
"cg_id_a",66743.3,-0.779346
"cg_id_a",66743.3,1.47349
"cg_id_a",66743.3,-0.502938
"cg_id_a",66743.3,0.223344
"cg_id_a",66743.3,-0.0729803
"cg_id_a",66743.3,0.0532276
"cg_id_a",66743.3,0.504205
"cg_id_a",66743.3,0.390672
"cg_id_a",66743.3,0.536314
"cg_id_a",66743.3,1.68502
"cg_id_a",66743.4,-0.133686
"cg_id_a",66743.4,-1.08955
"cg_id_a",66743.4,-1.21856
"cg_id_a",66743.4,-0.602178
"cg_id_a",66743.4,1.07275
"cg_id_a",66743.4,2.50685
"cg_id_a",66743.4,1.97889
"cg_id_a",66743.4,2.13475
"cg_id_a",66743.4,1.47393
"cg_id_a",66743.4,0.605751
"cg_id_a",66743.5,-1.17791
"cg_id_a",66743.5,-2.52752
"cg_id_a",66743.5,-3.16097
"cg_id_a",66743.5,-1.7886
"cg_id_a",66743.5,-0.447198
"cg_id_a",66743.5,1.26213
"cg_id_a",66743.5,2.45468
"cg_id_a",66743.5,3.26868
"cg_id_a",66743.5,2.84545
"cg_id_a",66743.5,1.20689
"cg_id_a",66743.6,-1.36067
"cg_id_a",66743.6,-2.26837
"cg_id_a",66743.6,-2.79092
"cg_id_a",66743.6,-2.74291
"cg_id_a",66743.6,-1.63172
"cg_id_a",66743.6,-1.06594
"cg_id_a",66743.6,0.514501
"cg_id_a",66743.6,0.838098
"cg_id_a",66743.6,2.27682
"cg_id_a",66743.6,2.00732
"cg_id_a",66743.7,1.0076
"cg_id_a",66743.7,1.61329
"cg_id_a",66743.7,-0.524728
"cg_id_a",66743.7,-0.558162
"cg_id_a",66743.7,0.0117989
"cg_id_a",66743.7,-1.09401
"cg_id_a",66743.7,-0.775941
"cg_id_a",66743.7,-0.366634
"cg_id_a",66743.7,-0.361743
"cg_id_a",66743.7,-0.0934308
"cg_id_a",66743.8,-1.74049
"cg_id_a",66743.8,-0.343562
"cg_id_a",66743.8,0.717398
"cg_id_a",66743.8,0.264084
"cg_id_a",66743.8,1.07086
"cg_id_a",66743.8,0.273639
"cg_id_a",66743.8,-0.456577
"cg_id_a",66743.8,0.191158
"cg_id_a",66743.8,-0.147183
"cg_id_a",66743.8,-0.57803
"cg_id_a",66743.9,-0.180131
"cg_id_a",66743.9,0.692197
"cg_id_a",66743.9,1.83362
"cg_id_a",66743.9,0.344759
"cg_id_a",66743.9,0.624683
"cg_id_a",66743.9,0.760157
"cg_id_a",66743.9,0.975966
"cg_id_a",66743.9,0.50781
"cg_id_a",66743.9,0.251945
"cg_id_a",66743.9,-0.615988
"cg_id_a",66744,-1.20779
"cg_id_a",66744,-1.08731
"cg_id_a",66744,-1.67235
"cg_id_a",66744,-1.37542
"cg_id_a",66744,-0.217815
"cg_id_a",66744,-0.398845
"cg_id_a",66744,1.67437
"cg_id_a",66744,2.12824
"cg_id_a",66744,2.41851
"cg_id_a",66744,1.41148
"cg_id_a",66744.1,1.02725
"cg_id_a",66744.1,0.657917
"cg_id_a",66744.1,-0.670381
"cg_id_a",66744.1,-1.44049
"cg_id_a",66744.1,-1.72568
"cg_id_a",66744.1,-2.07021
"cg_id_a",66744.1,-1.5205
"cg_id_a",66744.1,-2.128
"cg_id_a",66744.1,-1.77288
"cg_id_a",66744.1,-0.824062
"cg_id_a",66744.2,-0.276035
"cg_id_a",66744.2,1.37942
"cg_id_a",66744.2,2.49618
"cg_id_a",66744.2,2.09627
"cg_id_a",66744.2,2.42754
"cg_id_a",66744.2,3.17604
"cg_id_a",66744.2,2.90561
"cg_id_a",66744.2,0.954074
"cg_id_a",66744.2,0.552731
"cg_id_a",66744.2,0.161189
"cg_id_a",66744.2,-1.41587
"cg_id_a",66744.3,-2.09367
"cg_id_a",66744.3,-2.86923
"cg_id_a",66744.3,-2.59673
"cg_id_a",66744.3,-2.66338
"cg_id_a",66744.3,-2.15986
"cg_id_a",66744.3,-1.82202
"cg_id_a",66744.3,-1.03472
"cg_id_a",66744.3,0.283302
"cg_id_a",66744.3,-0.0676655
"cg_id_a",66744.4,1.97919
"cg_id_a",66744.4,1.25054
"cg_id_a",66744.4,1.64425
"cg_id_a",66744.4,1.56169
"cg_id_a",66744.4,1.87699
"cg_id_a",66744.4,1.20538
"cg_id_a",66744.4,0.156314
"cg_id_a",66744.4,0.14959
"cg_id_a",66744.4,-0.478289
"cg_id_a",66744.4,-0.714653
"cg_id_a",66744.5,-1.22242
"cg_id_a",66744.5,-0.594891
"cg_id_a",66744.5,-1.24287
"cg_id_a",66744.5,-0.750037
"cg_id_a",66744.5,-2.0742
"cg_id_a",66744.5,-1.15355
"cg_id_a",66744.5,-0.597524
"cg_id_a",66744.5,-0.320919
"cg_id_a",66744.5,-0.538138
"cg_id_a",66744.5,0.513288
"cg_id_a",66744.6,-0.173068
"cg_id_a",66744.6,-0.661482
"cg_id_a",66744.6,0.543787
"cg_id_a",66744.6,0.0721916
"cg_id_a",66744.6,0.636672
"cg_id_a",66744.6,-0.128958
"cg_id_a",66744.6,0.482248
"cg_id_a",66744.6,-0.59459
"cg_id_a",66744.6,0.962913
"cg_id_a",66744.6,0.0125042
"cg_id_a",66744.7,0.275368
"cg_id_a",66744.7,-0.124483
"cg_id_a",66744.7,0.231066
"cg_id_a",66744.7,-0.203925
"cg_id_a",66744.7,-0.403847
"cg_id_a",66744.7,0.4511
"cg_id_a",66744.8,-0.248085
"cg_id_a",66744.8,0.0944281
"cg_id_a",66744.8,0.00305755
"cg_id_a",66744.8,-0.403144
"cg_id_a",66744.8,-0.692842
"cg_id_a",66744.8,0.283735
"cg_id_a",66744.9,0.00615981
"cg_id_a",66744.9,0.0888857
"cg_id_a",66744.9,-0.417673
"cg_id_a",66744.9,-1.03705
"cg_id_a",66744.9,-0.0795054
"cg_id_a",66744.9,0.501658
"cg_id_a",66744.9,0.316643
"cg_id_a",66744.9,0.692114
"cg_id_a",66745,0.540219
"cg_id_a",66745,0.613268
"cg_id_a",66745,0.707834
"cg_id_a",66745,0.566835
"cg_id_a",66745,0.916854
"cg_id_a",66745,-0.154749
"cg_id_a",66745.1,0.406138
"cg_id_a",66745.1,0.174803
"cg_id_a",66745.1,-1.16484
"cg_id_a",66745.1,-0.503528
"cg_id_a",66745.1,-0.651034
"cg_id_a",66745.1,0.772382
"cg_id_a",66745.1,0.526285
"cg_id_a",66745.1,-1.7833
"cg_id_a",66745.2,-1.19049
"cg_id_a",66745.2,-1.92536
"cg_id_a",66745.2,-1.31929
"cg_id_a",66745.2,-1.0469
"cg_id_a",66745.2,-1.32385
"cg_id_a",66745.2,-0.807074
"cg_id_a",66745.2,-0.972012
"cg_id_a",66745.2,-1.09962
"cg_id_a",66745.2,-0.333587
"cg_id_a",66745.2,-0.707296
"cg_id_a",66745.3,-0.498279
"cg_id_a",66745.3,-0.350654
"cg_id_a",66745.3,-0.357906
"cg_id_a",66745.3,0.135142
"cg_id_a",66745.3,0.306664
"cg_id_a",66745.3,-0.357266
"cg_id_a",66745.3,1.05319
"cg_id_a",66745.3,1.7683
"cg_id_a",66745.3,1.12255
"cg_id_a",66745.3,0.450232
"cg_id_a",66745.4,0.740993
"cg_id_a",66745.4,1.33351
"cg_id_a",66745.4,1.97181
"cg_id_a",66745.4,0.680971
"cg_id_a",66745.4,2.1026
"cg_id_a",66745.4,1.49748
"cg_id_a",66745.4,1.55806
"cg_id_a",66745.4,2.67308
"cg_id_a",66745.4,2.28651
"cg_id_a",66745.4,1.23779
"cg_id_a",66745.4,1.79087
"cg_id_a",66745.4,1.96366
"cg_id_a",66745.5,1.84114
"cg_id_a",66745.5,1.93485
"cg_id_a",66745.5,2.13427
"cg_id_a",66745.5,2.29117
"cg_id_a",66745.5,1.48422
"cg_id_a",66745.5,2.14668
"cg_id_a",66745.5,1.91399
"cg_id_a",66745.5,1.63808
"cg_id_a",66745.5,2.00573
"cg_id_a",66745.5,1.5992
"cg_id_a",66745.5,1.7107
"cg_id_a",66745.5,1.06847
"cg_id_a",66745.6,1.13294
"cg_id_a",66745.6,1.30722
"cg_id_a",66745.6,1.15744
"cg_id_a",66745.6,1.23761
"cg_id_a",66745.6,0.724114
"cg_id_a",66745.6,0.954101
"cg_id_a",66745.6,0.848037
"cg_id_a",66745.6,0.198161
"cg_id_a",66745.6,0.775958
"cg_id_a",66745.6,0.208508
"cg_id_a",66745.6,0.526815
"cg_id_a",66745.7,0.0978511
"cg_id_a",66745.7,0.675227
"cg_id_a",66745.7,0.356467
"cg_id_a",66745.7,0.620996
"cg_id_a",66745.7,0.0463738
"cg_id_a",66745.7,0.971776
"cg_id_a",66745.7,0.363705
"cg_id_a",66745.7,0.0446735
"cg_id_a",66745.7,-1.56554
"cg_id_a",66745.7,0.472987
"cg_id_a",66745.8,0.545682
"cg_id_a",66745.8,0.228177
"cg_id_a",66745.8,-0.144903
"cg_id_a",66745.8,0.150724
"cg_id_a",66745.8,-0.570668
"cg_id_a",66745.8,1.3525
"cg_id_a",66745.8,-0.306239
"cg_id_a",66745.8,-0.522866
"cg_id_a",66745.8,-0.0916274
"cg_id_a",66745.8,-0.359688
"cg_id_a",66745.8,0.561826
"cg_id_a",66745.8,0.593994
"cg_id_a",66745.9,0.204392
"cg_id_a",66745.9,0.0308971
"cg_id_a",66745.9,0.188794
"cg_id_a",66745.9,0.407243
"cg_id_a",66745.9,0.29269
"cg_id_a",66745.9,0.0227722
"cg_id_a",66745.9,-0.183617
"cg_id_a",66745.9,-0.173592
"cg_id_a",66745.9,-0.0189046
"cg_id_a",66745.9,-0.201145
"cg_id_a",66745.9,0.364047
"cg_id_a",66746,-0.04247
"cg_id_a",66746,-0.0771269
"cg_id_a",66746,0.0668788
"cg_id_a",66746,-0.237416
"cg_id_a",66746,0.300656
"cg_id_a",66746,0.182989
"cg_id_a",66746,-0.170555
"cg_id_a",66746,0.394986
"cg_id_a",66746,-0.0120385
"cg_id_a",66746,-0.379545
"cg_id_a",66746.1,-0.601984
"cg_id_a",66746.1,-0.482136
"cg_id_a",66746.1,-0.156694
"cg_id_a",66746.1,-0.27177
"cg_id_a",66746.1,-0.181775
"cg_id_a",66746.1,0.386618
"cg_id_a",66746.1,0.189861
"cg_id_a",66746.1,-0.0233993
"cg_id_a",66746.1,0.525267
"cg_id_a",66746.1,-0.0936372
"cg_id_a",66746.1,0.33701
"cg_id_a",66746.2,-0.355739
"cg_id_a",66746.2,-0.0701192
"cg_id_a",66746.2,0.495231
"cg_id_a",66746.2,0.345967
"cg_id_a",66746.2,0.39571
"cg_id_a",66746.2,0.0040361
"cg_id_a",66746.2,-0.238317
"cg_id_a",66746.2,0.0631426
"cg_id_a",66746.2,0.208315
"cg_id_a",66746.2,-0.113894
"cg_id_a",66746.3,0.0861309
"cg_id_a",66746.3,0.0499323
"cg_id_a",66746.3,-0.0766983
"cg_id_a",66746.3,0.331989
"cg_id_a",66746.3,1.03912
"cg_id_a",66746.3,-0.285735
"cg_id_a",66746.3,-0.25704
"cg_id_a",66746.3,0.270958
"cg_id_a",66746.3,-0.0315415
"cg_id_a",66746.4,-0.186834
"cg_id_a",66746.4,0.556138
"cg_id_a",66746.4,-0.185148
"cg_id_a",66746.4,0.382454
"cg_id_a",66746.4,0.087179
"cg_id_a",66746.4,0.204458
"cg_id_a",66746.4,-0.16109
"cg_id_a",66746.4,-0.374989
"cg_id_a",66746.4,-0.394871
"cg_id_a",66746.4,-0.991542
"cg_id_a",66746.5,-0.443671
"cg_id_a",66746.5,0.478061
"cg_id_a",66746.5,-0.298996
"cg_id_a",66746.5,0.0195408
"cg_id_a",66746.5,-0.11975
"cg_id_a",66746.5,-0.268985
"cg_id_a",66746.5,-0.0245847
"cg_id_a",66746.5,0.146118
"cg_id_a",66746.5,-0.348617
"cg_id_a",66746.5,-0.310358
"cg_id_a",66746.6,-0.134912
"cg_id_a",66746.6,0.37427
"cg_id_a",66746.6,0.407352
"cg_id_a",66746.6,0.244802
"cg_id_a",66746.6,0.262621
"cg_id_a",66746.6,0.070999
"cg_id_a",66746.6,0.304875
"cg_id_a",66746.6,0.724653
"cg_id_a",66746.6,0.259437
"cg_id_a",66746.6,-0.820748
"cg_id_a",66746.6,-0.00877465
"cg_id_a",66746.7,0.817953
"cg_id_a",66746.7,-0.0677429
"cg_id_a",66746.7,-0.26956
"cg_id_a",66746.7,0.191518
"cg_id_a",66746.7,0.355799
"cg_id_a",66746.7,0.656076
"cg_id_a",66746.7,0.102026
"cg_id_a",66746.7,-0.125391
"cg_id_a",66746.7,-0.0999483
"cg_id_a",66746.8,-0.0314531
"cg_id_a",66746.8,0.645052
"cg_id_a",66746.8,0.328819
"cg_id_a",66746.8,0.348671
"cg_id_a",66746.8,-0.0691484
"cg_id_a",66746.8,-0.0595082
"cg_id_a",66746.8,-0.121261
"cg_id_a",66746.8,0.651048
"cg_id_a",66746.8,-0.0452416
"cg_id_a",66746.8,-0.387088
"cg_id_a",66746.9,-0.0457015
"cg_id_a",66746.9,-0.0961348
"cg_id_a",66746.9,0.0783992
"cg_id_a",66746.9,-0.306439
"cg_id_a",66746.9,0.0962695
"cg_id_a",66746.9,-0.0588466
"cg_id_a",66746.9,0.317023
"cg_id_a",66746.9,0.427995
"cg_id_a",66746.9,-0.257344
"cg_id_a",66746.9,0.0994024
"cg_id_a",66747,0.136788
"cg_id_a",66747,-0.146654
"cg_id_a",66747,0.416374
"cg_id_a",66747,-0.0435448
"cg_id_a",66747,-0.0184928
"cg_id_a",66747,0.131312
"cg_id_a",66747,-0.0730007
"cg_id_a",66747,-0.19709
"cg_id_a",66747,0.458144
"cg_id_a",66747,0.000921942
"cg_id_a",66747,-0.133711
"cg_id_a",66747.1,-0.752884
"cg_id_a",66747.1,0.0463339
"cg_id_a",66747.1,-0.139763
"cg_id_a",66747.1,-0.209806
"cg_id_a",66747.1,-0.188753
"cg_id_a",66747.1,-0.319904
"cg_id_a",66747.1,-0.125923
"cg_id_a",66747.1,-0.311814
"cg_id_a",66747.1,-1.72066
"cg_id_a",66747.1,0.0264224
"cg_id_a",66747.2,-0.0735323
"cg_id_a",66747.2,-0.0569836
"cg_id_a",66747.2,0.0985199
"cg_id_a",66747.2,0.232372
"cg_id_a",66747.2,0.237341
"cg_id_a",66747.2,0.860456
"cg_id_a",66747.2,0.219809
"cg_id_a",66747.2,0.134699
"cg_id_a",66747.2,-0.352865
"cg_id_a",66747.2,-0.0256103
"cg_id_a",66747.3,-0.310976
"cg_id_a",66747.3,-0.701884
"cg_id_a",66747.3,-0.309252
"cg_id_a",66747.3,2.15455
"cg_id_a",66747.3,-0.0294215
"cg_id_a",66747.3,-0.0307156
"cg_id_a",66747.3,0.232637
"cg_id_a",66747.3,0.296375
"cg_id_a",66747.3,-0.492086
"cg_id_a",66747.4,-0.343741
"cg_id_a",66747.4,0.363123
"cg_id_a",66747.4,-0.277779
"cg_id_a",66747.4,0.0924921
"cg_id_a",66747.4,-0.220378
"cg_id_a",66747.4,0.940075
"cg_id_a",66747.4,0.183594
"cg_id_a",66747.4,-0.170638
"cg_id_a",66747.4,-0.0226971
"cg_id_a",66747.4,-0.354029
"cg_id_a",66747.5,0.0196037
"cg_id_a",66747.5,-0.265371
"cg_id_a",66747.5,0.263061
"cg_id_a",66747.5,0.115468
"cg_id_a",66747.5,-0.182565
"cg_id_a",66747.5,-0.106821
"cg_id_a",66747.5,0.291789
"cg_id_a",66747.5,0.796409
"cg_id_a",66747.5,0.123411
"cg_id_a",66747.5,0.966782
"cg_id_a",66747.5,1.75596
"cg_id_a",66747.6,-0.373841
"cg_id_a",66747.6,-0.418838
"cg_id_a",66747.6,0.358796
"cg_id_a",66747.6,-0.719469
"cg_id_a",66747.6,-0.3038
"cg_id_a",66747.6,0.0883761
"cg_id_a",66747.6,0.40545
"cg_id_a",66747.6,0.44368
"cg_id_a",66747.6,0.260609
"cg_id_a",66747.6,0.456525
"cg_id_a",66747.7,0.84962
"cg_id_a",66747.7,0.504059
"cg_id_a",66747.7,0.103051
"cg_id_a",66747.7,0.377019
"cg_id_a",66747.7,-0.0338044
"cg_id_a",66747.7,0.61869
"cg_id_a",66747.7,-0.0353596
"cg_id_a",66747.7,0.166655
"cg_id_a",66747.7,-0.0588722
"cg_id_a",66747.8,0.839553
"cg_id_a",66747.8,0.10473
"cg_id_a",66747.8,0.300217
"cg_id_a",66747.8,-0.642947
"cg_id_a",66747.8,-0.541717
"cg_id_a",66747.8,0.180871
"cg_id_a",66747.8,0.313875
"cg_id_a",66747.8,0.5627
"cg_id_a",66747.8,-0.454147
"cg_id_a",66747.8,-0.461399
"cg_id_a",66747.9,-0.169546
"cg_id_a",66747.9,-0.304881
"cg_id_a",66747.9,-0.578039
"cg_id_a",66747.9,-0.51058
"cg_id_a",66747.9,-0.46245
"cg_id_a",66747.9,0.290144
"cg_id_a",66747.9,0.0154498
"cg_id_a",66747.9,0.158744
"cg_id_a",66747.9,0.0338961
"cg_id_a",66747.9,-0.110069
"cg_id_a",66748,0.267848
"cg_id_a",66748,-0.124531
"cg_id_a",66748,0.207615
"cg_id_a",66748,-0.482136
"cg_id_a",66748,0.401476
"cg_id_a",66748,0.51258
"cg_id_a",66748,-1.33854
"cg_id_a",66748,0.487325
"cg_id_a",66748,0.210597
"cg_id_a",66748,-0.161893
"cg_id_a",66748.1,0.0070109
"cg_id_a",66748.1,0.199607
"cg_id_a",66748.1,-0.321499
"cg_id_a",66748.1,0.312126
"cg_id_a",66748.1,0.204236
"cg_id_a",66748.1,-0.337701
"cg_id_a",66748.1,-0.580445
"cg_id_a",66748.1,-1.06971
"cg_id_a",66748.1,-0.57772
"cg_id_a",66748.1,0.878719
"cg_id_a",66748.2,-0.345983
"cg_id_a",66748.2,-0.19366
"cg_id_a",66748.2,0.331349
"cg_id_a",66748.2,0.594644
"cg_id_a",66748.2,-0.816267
"cg_id_a",66748.2,-0.158027
"cg_id_a",66748.2,-0.923827
"cg_id_a",66748.2,0.140862
"cg_id_a",66748.2,0.171394
"cg_id_a",66748.2,-0.385056
"cg_id_a",66748.3,0.0688065
"cg_id_a",66748.3,-0.226512
"cg_id_a",66748.3,0.249052
"cg_id_a",66748.3,-0.141479
"cg_id_a",66748.3,0.214498
"cg_id_a",66748.3,-0.489117
"cg_id_a",66748.3,0.416123
"cg_id_a",66748.3,-0.468834
"cg_id_a",66748.3,0.237011
"cg_id_a",66748.3,0.801609
"cg_id_a",66748.4,-0.436932
"cg_id_a",66748.4,1.38562
"cg_id_a",66748.4,0.469791
"cg_id_a",66748.4,0.18048
"cg_id_a",66748.4,0.649629
"cg_id_a",66748.4,0.0595658
"cg_id_a",66748.4,-0.359139
"cg_id_a",66748.4,-0.404698
"cg_id_a",66748.4,-0.107198
"cg_id_a",66748.4,1.07754
"cg_id_a",66748.5,0.0650637
"cg_id_a",66748.5,-0.213099
"cg_id_a",66748.5,0.26604
"cg_id_a",66748.5,1.22017
"cg_id_a",66748.5,0.21638
"cg_id_a",66748.5,-0.0597317
"cg_id_a",66748.5,-0.37575
"cg_id_a",66748.5,-0.192775
"cg_id_a",66748.5,0.750138
"cg_id_a",66748.5,0.417756
"cg_id_a",66748.6,-0.0272597
"cg_id_a",66748.6,0.0739707
"cg_id_a",66748.6,0.0982275
"cg_id_a",66748.6,0.392601
"cg_id_a",66748.6,0.232212
"cg_id_a",66748.6,0.357434
"cg_id_a",66748.6,-0.369327
"cg_id_a",66748.6,-0.155727
"cg_id_a",66748.6,0.260487
"cg_id_a",66748.6,0.337931
"cg_id_a",66748.7,0.535134
"cg_id_a",66748.7,0.036952
"cg_id_a",66748.7,-0.626743
"cg_id_a",66748.7,0.31479
"cg_id_a",66748.7,0.149883
"cg_id_a",66748.7,0.731028
"cg_id_a",66748.7,-0.142864
"cg_id_a",66748.7,0.537716
"cg_id_a",66748.7,-0.780297
"cg_id_a",66748.7,-1.43552
"cg_id_a",66748.8,0.634271
"cg_id_a",66748.8,-0.114133
"cg_id_a",66748.8,-0.0951895
"cg_id_a",66748.8,0.715507
"cg_id_a",66748.8,0.357127
"cg_id_a",66748.8,0.769946
"cg_id_a",66748.8,-0.221099
"cg_id_a",66748.8,-0.235989
"cg_id_a",66748.8,0.473476
"cg_id_a",66748.8,0.0827678
"cg_id_a",66748.9,-0.165834
"cg_id_a",66748.9,-0.239553
"cg_id_a",66748.9,0.356118
"cg_id_a",66748.9,-0.016304
"cg_id_a",66748.9,0.203169
"cg_id_a",66748.9,0.450274
"cg_id_a",66748.9,0.40186
"cg_id_a",66748.9,-0.150234
"cg_id_a",66748.9,-0.362169
"cg_id_a",66748.9,0.0399264
"cg_id_a",66749,-0.0291123
"cg_id_a",66749,1.33142
"cg_id_a",66749,-0.148914
"cg_id_a",66749,-0.369314
"cg_id_a",66749,0.779381
"cg_id_a",66749,0.25967
"cg_id_a",66749,0.215625
"cg_id_a",66749,0.16038
"cg_id_a",66749,0.473585
"cg_id_a",66749.1,-0.198232
"cg_id_a",66749.1,0.0224451
"cg_id_a",66749.1,-0.0942313
"cg_id_a",66749.1,-0.00097812
"cg_id_a",66749.1,0.200603
"cg_id_a",66749.1,0.291914
"cg_id_a",66749.1,-0.496787
"cg_id_a",66749.1,-0.308303
"cg_id_a",66749.1,-0.216819
"cg_id_a",66749.1,-0.222332
"cg_id_a",66749.1,0.441042
"cg_id_a",66749.2,0.102782
"cg_id_a",66749.2,0.447592
"cg_id_a",66749.2,-0.353501
"cg_id_a",66749.2,-0.289879
"cg_id_a",66749.2,-0.0637308
"cg_id_a",66749.2,0.254486
"cg_id_a",66749.2,0.452711
"cg_id_a",66749.2,-0.0645792
"cg_id_a",66749.2,0.129329
"cg_id_a",66749.2,-0.612811
"cg_id_a",66749.3,0.894086
"cg_id_a",66749.3,0.975558
"cg_id_a",66749.3,0.0466058
"cg_id_a",66749.3,0.125796
"cg_id_a",66749.3,0.143934
"cg_id_a",66749.3,-1.48787
"cg_id_a",66749.3,0.314369
"cg_id_a",66749.3,0.288208
"cg_id_a",66749.3,0.522969
"cg_id_a",66749.4,0.26521
"cg_id_a",66749.4,0.154127
"cg_id_a",66749.4,-0.0182664
"cg_id_a",66749.4,-0.17133
"cg_id_a",66749.4,-0.50303
"cg_id_a",66749.4,-0.0130663
"cg_id_a",66749.4,1.05137
"cg_id_a",66749.4,-0.110525
"cg_id_a",66749.4,-0.0361182
"cg_id_a",66749.4,0.0795446
"cg_id_a",66749.5,0.62135
"cg_id_a",66749.5,0.0770253
"cg_id_a",66749.5,0.0608906
"cg_id_a",66749.5,1.09045
"cg_id_a",66749.5,-0.30276
"cg_id_a",66749.5,0.631823
"cg_id_a",66749.5,1.47855
"cg_id_a",66749.5,-0.085497
"cg_id_a",66749.5,0.0150032
"cg_id_a",66749.5,0.00158002
"cg_id_a",66749.5,0.486694
"cg_id_a",66749.6,1.81987
"cg_id_a",66749.6,-0.0445519
"cg_id_a",66749.6,-0.00617589
"cg_id_a",66749.6,-0.0204073
"cg_id_a",66749.6,0.704101
"cg_id_a",66749.6,0.0556207
"cg_id_a",66749.6,0.938496
"cg_id_a",66749.6,0.428609
"cg_id_a",66749.6,-0.286723
"cg_id_a",66749.6,0.0846439
"cg_id_a",66749.7,0.153669
"cg_id_a",66749.7,0.229012
"cg_id_a",66749.7,-0.0977523
"cg_id_a",66749.7,0.0308111
"cg_id_a",66749.7,-0.0870296
"cg_id_a",66749.7,-0.261098
"cg_id_a",66749.7,0.0980218
"cg_id_a",66749.7,2.49854
"cg_id_a",66749.7,0.271527
"cg_id_a",66749.8,0.282431
"cg_id_a",66749.8,-0.12742
"cg_id_a",66749.8,0.0570874
"cg_id_a",66749.8,-0.192172
"cg_id_a",66749.8,0.50858
"cg_id_a",66749.8,-0.0306524
"cg_id_a",66749.8,-0.0807219
"cg_id_a",66749.8,0.324172
"cg_id_a",66749.8,0.0468536
"cg_id_a",66749.8,0.58917
"cg_id_a",66749.9,0.0699907
"cg_id_a",66749.9,-1.27284
"cg_id_a",66749.9,0.146505
"cg_id_a",66749.9,-1.09321
"cg_id_a",66749.9,0.376242
"cg_id_a",66749.9,-0.352901
"cg_id_a",66749.9,-1.68213
"cg_id_a",66749.9,0.869866
"cg_id_a",66749.9,-0.0871001
"cg_id_a",66749.9,0.154105
"cg_id_a",66749.9,-0.0470061
"cg_id_a",66750,-0.402013
"cg_id_a",66750,-0.00181118
"cg_id_a",66750,1.02822
"cg_id_a",66750,0.114838
"cg_id_a",66750,-0.234313
"cg_id_a",66750,0.333641
"cg_id_a",66750,-0.588226
"cg_id_a",66750,0.375582
"cg_id_a",66750,-0.810854
"cg_id_a",66750.1,0.0251567
"cg_id_a",66750.1,0.366233
"cg_id_a",66750.1,-0.0344277
"cg_id_a",66750.1,0.0120018
"cg_id_a",66750.1,-0.230245
"cg_id_a",66750.1,0.131246
"cg_id_a",66750.1,-0.363967
"cg_id_a",66750.1,1.1335
"cg_id_a",66750.1,0.0626208
"cg_id_a",66750.1,0.49352
"cg_id_a",66750.1,-0.420123
"cg_id_a",66750.2,0.269952
"cg_id_a",66750.2,0.0234722
"cg_id_a",66750.2,2.65169
"cg_id_a",66750.2,1.12854
"cg_id_a",66750.2,-0.108729
"cg_id_a",66750.2,0.630739
"cg_id_a",66750.2,0.524776
"cg_id_a",66750.2,0.278109
"cg_id_a",66750.2,0.215027
"cg_id_a",66750.2,-0.056521
"cg_id_a",66750.3,0.00413695
"cg_id_a",66750.3,0.317096
"cg_id_a",66750.3,0.491264
"cg_id_a",66750.3,0.127536
"cg_id_a",66750.3,-0.851635
"cg_id_a",66750.3,0.173893
"cg_id_a",66750.3,-0.12441
"cg_id_a",66750.3,0.78693
"cg_id_a",66750.3,0.341751
"cg_id_a",66750.4,-0.182818
"cg_id_a",66750.4,0.231781
"cg_id_a",66750.4,-0.535906
"cg_id_a",66750.4,0.421639
"cg_id_a",66750.4,-0.545412
"cg_id_a",66750.4,0.0837193
"cg_id_a",66750.4,0.276335
"cg_id_a",66750.4,-0.207226
"cg_id_a",66750.4,-0.636884
"cg_id_a",66750.4,0.394508
"cg_id_a",66750.5,0.30896
"cg_id_a",66750.5,0.105214
"cg_id_a",66750.5,-0.00750778
"cg_id_a",66750.5,-0.611046
"cg_id_a",66750.5,0.128347
"cg_id_a",66750.5,0.256198
"cg_id_a",66750.5,1.07796
"cg_id_a",66750.5,0.281392
"cg_id_a",66750.5,-0.027388
"cg_id_a",66750.5,0.880621
"cg_id_a",66750.6,-2.02868
"cg_id_a",66750.6,0.374631
"cg_id_a",66750.6,0.268431
"cg_id_a",66750.6,-0.086386
"cg_id_a",66750.6,0.175483
"cg_id_a",66750.6,-0.122613
"cg_id_a",66750.6,-0.277797
"cg_id_a",66750.6,0.281802
"cg_id_a",66750.6,-0.425898
"cg_id_a",66750.6,0.308258
"cg_id_a",66750.7,-0.298415
"cg_id_a",66750.7,-0.0501587
"cg_id_a",66750.7,-0.105421
"cg_id_a",66750.7,0.501944
"cg_id_a",66750.7,0.252825
"cg_id_a",66750.7,0.0823426
"cg_id_a",66750.7,1.99316
"cg_id_a",66750.7,-0.306438
"cg_id_a",66750.7,0.2896
"cg_id_a",66750.7,0.303297
"cg_id_a",66750.8,-0.275454
"cg_id_a",66750.8,-0.278977
"cg_id_a",66750.8,0.0668582
"cg_id_a",66750.8,0.169375
"cg_id_a",66750.8,0.284897
"cg_id_a",66750.8,-0.10899
"cg_id_a",66750.8,0.136882
"cg_id_a",66750.8,-0.214814
"cg_id_a",66750.8,0.743721
"cg_id_a",66750.8,-0.154542
"cg_id_a",66750.9,-0.487391
"cg_id_a",66750.9,-0.240022
"cg_id_a",66750.9,-0.134854
"cg_id_a",66750.9,-0.0858316
"cg_id_a",66750.9,0.265943
"cg_id_a",66750.9,-0.0639443
"cg_id_a",66750.9,-0.600848
"cg_id_a",66750.9,-1.23601
"cg_id_a",66750.9,0.211229
"cg_id_a",66750.9,-0.129881
"cg_id_a",66751,-1.01708
"cg_id_a",66751,0.218824
"cg_id_a",66751,0.343714
"cg_id_a",66751,0.0652175
"cg_id_a",66751,-0.305282
"cg_id_a",66751,0.077138
"cg_id_a",66751,-0.143018
"cg_id_a",66751,-0.183625
"cg_id_a",66751,0.0321612
"cg_id_a",66751,0.439664
"cg_id_a",66751.1,-0.51933
"cg_id_a",66751.1,-0.0681366
"cg_id_a",66751.1,0.408558
"cg_id_a",66751.1,0.400179
"cg_id_a",66751.1,-0.568417
"cg_id_a",66751.1,0.058588
"cg_id_a",66751.1,0.394734
"cg_id_a",66751.1,0.114968
"cg_id_a",66751.1,0.334142
"cg_id_a",66751.1,-0.555426
"cg_id_a",66751.2,0.266842
"cg_id_a",66751.2,-0.107476
"cg_id_a",66751.2,0.266382
"cg_id_a",66751.2,-1.00094
"cg_id_a",66751.2,-0.589641
"cg_id_a",66751.2,-0.272409
"cg_id_a",66751.2,-0.100866
"cg_id_a",66751.2,-0.0689616
"cg_id_a",66751.2,0.156294
"cg_id_a",66751.2,0.169525
"cg_id_a",66751.2,0.253184
"cg_id_a",66751.3,0.611682
"cg_id_a",66751.3,0.774014
"cg_id_a",66751.3,0.187672
"cg_id_a",66751.3,0.786603
"cg_id_a",66751.3,-0.16383
"cg_id_a",66751.3,0.463553
"cg_id_a",66751.3,0.0261646
"cg_id_a",66751.3,0.28494
"cg_id_a",66751.3,0.219408
"cg_id_a",66751.4,0.400061
"cg_id_a",66751.4,0.377588
"cg_id_a",66751.4,-0.559129
"cg_id_a",66751.4,0.143086
"cg_id_a",66751.4,-0.0545
"cg_id_a",66751.4,-0.649218
"cg_id_a",66751.4,0.324554
"cg_id_a",66751.4,1.05461
"cg_id_a",66751.4,0.155882
"cg_id_a",66751.4,0.0575236
"cg_id_a",66751.5,1.50457
"cg_id_a",66751.5,0.18101
"cg_id_a",66751.5,0.670733
"cg_id_a",66751.5,0.351054
"cg_id_a",66751.5,-0.461613
"cg_id_a",66751.5,0.168252
"cg_id_a",66751.5,1.73783
"cg_id_a",66751.5,0.125816
"cg_id_a",66751.5,0.162625
"cg_id_a",66751.5,0.431504
"cg_id_a",66751.6,0.219441
"cg_id_a",66751.6,-0.628526
"cg_id_a",66751.6,0.156921
"cg_id_a",66751.6,-0.389211
"cg_id_a",66751.6,0.259693
"cg_id_a",66751.6,0.00892921
"cg_id_a",66751.6,-0.222667
"cg_id_a",66751.6,-0.0610296
"cg_id_a",66751.6,-0.12194
"cg_id_a",66751.6,0.0550752
"cg_id_a",66751.7,0.177585
"cg_id_a",66751.7,0.000877907
"cg_id_a",66751.7,0.114424
"cg_id_a",66751.7,-0.709218
"cg_id_a",66751.7,0.248983
"cg_id_a",66751.7,-0.0866337
"cg_id_a",66751.7,-1.06119
"cg_id_a",66751.7,-0.143774
"cg_id_a",66751.7,-0.215198
"cg_id_a",66751.8,0.979597
"cg_id_a",66751.8,-0.565156
"cg_id_a",66751.8,-0.0647919
"cg_id_a",66751.8,-2.2548
"cg_id_a",66751.8,0.332205
"cg_id_a",66751.8,0.0416233
"cg_id_a",66751.8,0.725522
"cg_id_a",66751.8,-0.0360865
"cg_id_a",66751.8,-0.527469
"cg_id_a",66751.8,0.136489
"cg_id_a",66751.9,-0.104615
"cg_id_a",66751.9,0.141716
"cg_id_a",66751.9,-0.475543
"cg_id_a",66751.9,0.412166
"cg_id_a",66751.9,0.466624
"cg_id_a",66751.9,0.12742
"cg_id_a",66751.9,0.613297
"cg_id_a",66751.9,-0.284049
"cg_id_a",66751.9,-0.159033
"cg_id_a",66751.9,-0.0482642
"cg_id_a",66751.9,-0.0512026
"cg_id_a",66752,-0.0751732
"cg_id_a",66752,0.889567
"cg_id_a",66752,-0.114959
"cg_id_a",66752,-0.430561
"cg_id_a",66752,0.792612
"cg_id_a",66752,0.0783817
"cg_id_a",66752,0.856539
"cg_id_a",66752,0.252812
"cg_id_a",66752,0.736611
"cg_id_a",66752,-0.116122
"cg_id_a",66752.1,-0.452168
"cg_id_a",66752.1,0.649272
"cg_id_a",66752.1,-0.115602
"cg_id_a",66752.1,-0.0209849
"cg_id_a",66752.1,0.124253
"cg_id_a",66752.1,0.192383
"cg_id_a",66752.1,-0.537289
"cg_id_a",66752.1,-0.292919
"cg_id_a",66752.1,-0.44258
"cg_id_a",66752.1,-0.552295
"cg_id_a",66752.2,-0.215103
"cg_id_a",66752.2,-0.600521
"cg_id_a",66752.2,0.16415
"cg_id_a",66752.2,-0.120847
"cg_id_a",66752.2,-0.09772
"cg_id_a",66752.2,0.654153
"cg_id_a",66752.2,-0.389214
"cg_id_a",66752.2,0.0370444
"cg_id_a",66752.2,-1.26884
"cg_id_a",66752.2,0.00987875
"cg_id_a",66752.3,-0.000363624
"cg_id_a",66752.3,-0.494474
"cg_id_a",66752.3,0.341456
"cg_id_a",66752.3,0.242541
"cg_id_a",66752.3,0.0776769
"cg_id_a",66752.3,0.0143457
"cg_id_a",66752.3,0.0420699
"cg_id_a",66752.3,0.401707
"cg_id_a",66752.3,0.0177762
"cg_id_a",66752.3,0.152464
"cg_id_a",66752.4,-0.0792875
"cg_id_a",66752.4,-0.173801
"cg_id_a",66752.4,0.263249
"cg_id_a",66752.4,1.48476
"cg_id_a",66752.4,0.11859
"cg_id_a",66752.4,-0.115338
"cg_id_a",66752.4,0.503409
"cg_id_a",66752.4,-0.403303
"cg_id_a",66752.4,0.314436
"cg_id_a",66752.4,-0.128093
"cg_id_a",66752.5,0.133151
"cg_id_a",66752.5,0.17715
"cg_id_a",66752.5,0.18651
"cg_id_a",66752.5,0.883353
"cg_id_a",66752.5,0.360074
"cg_id_a",66752.5,0.189762
"cg_id_a",66752.5,-0.141234
"cg_id_a",66752.5,0.118478
"cg_id_a",66752.5,0.564782
"cg_id_a",66752.5,1.24598
"cg_id_a",66752.6,-0.0291506
"cg_id_a",66752.6,-0.181526
"cg_id_a",66752.6,-0.0941768
"cg_id_a",66752.6,-0.414077
"cg_id_a",66752.6,0.177048
"cg_id_a",66752.6,0.144976
"cg_id_a",66752.6,-0.653439
"cg_id_a",66752.6,-0.274205
"cg_id_a",66752.6,-0.177775
"cg_id_a",66752.6,-0.219605
"cg_id_a",66752.7,0.289074
"cg_id_a",66752.7,1.16334
"cg_id_a",66752.7,0.167941
"cg_id_a",66752.7,-0.502721
"cg_id_a",66752.7,-0.343601
"cg_id_a",66752.7,-0.202817
"cg_id_a",66752.7,0.777487
"cg_id_a",66752.7,0.586955
"cg_id_a",66752.7,0.0766605
"cg_id_a",66752.7,-0.0893522
"cg_id_a",66752.8,-0.0927938
"cg_id_a",66752.8,-0.237099
"cg_id_a",66752.8,0.0179426
"cg_id_a",66752.8,-0.441108
"cg_id_a",66752.8,-0.496077
"cg_id_a",66752.8,0.277302
"cg_id_a",66752.8,0.156856
"cg_id_a",66752.8,-0.236762
"cg_id_a",66752.8,-1.53317
"cg_id_a",66752.8,0.14361
"cg_id_a",66752.9,-0.241517
"cg_id_a",66752.9,-0.147386
"cg_id_a",66752.9,-0.054736
"cg_id_a",66752.9,-0.171879
"cg_id_a",66752.9,-0.0280878
"cg_id_a",66752.9,0.0656738
"cg_id_a",66752.9,-0.0621582
"cg_id_a",66752.9,0.222765
"cg_id_a",66752.9,0.895239
"cg_id_a",66752.9,0.0622421
"cg_id_a",66753,-0.107325
"cg_id_a",66753,-0.321173
"cg_id_a",66753,-0.548971
"cg_id_a",66753,-0.257092
"cg_id_a",66753,0.314419
"cg_id_a",66753,0.241127
"cg_id_a",66753,0.835286
"cg_id_a",66753,-0.117629
"cg_id_a",66753,0.285824
"cg_id_a",66753,-0.407745
"cg_id_a",66753,-0.693604
"cg_id_a",66753.1,-0.139924
"cg_id_a",66753.1,0.154272
"cg_id_a",66753.1,-0.0709418
"cg_id_a",66753.1,-0.0492939
"cg_id_a",66753.1,0.1403
"cg_id_a",66753.1,0.204591
"cg_id_a",66753.1,-0.239708
"cg_id_a",66753.1,0.196253
"cg_id_a",66753.1,-0.664505
"cg_id_a",66753.1,0.25934
"cg_id_a",66753.2,0.280148
"cg_id_a",66753.2,-0.179658
"cg_id_a",66753.2,-2.0361
"cg_id_a",66753.2,0.373601
"cg_id_a",66753.2,-0.198704
"cg_id_a",66753.2,0.514999
"cg_id_a",66753.2,0.258676
"cg_id_a",66753.2,-0.0948241
"cg_id_a",66753.2,0.0189691
"cg_id_a",66753.2,-0.285868
"cg_id_a",66753.3,0.541781
"cg_id_a",66753.3,-0.05377
"cg_id_a",66753.3,-0.524505
"cg_id_a",66753.3,-0.50679
"cg_id_a",66753.3,0.13855
"cg_id_a",66753.3,0.247167
"cg_id_a",66753.3,0.405895
"cg_id_a",66753.3,-0.207583
"cg_id_a",66753.3,0.0967617
"cg_id_a",66753.3,-0.213276
"cg_id_a",66753.4,-0.595221
"cg_id_a",66753.4,0.188376
"cg_id_a",66753.4,0.845493
"cg_id_a",66753.4,0.118995
"cg_id_a",66753.4,0.322684
"cg_id_a",66753.4,0.120826
"cg_id_a",66753.4,0.784641
"cg_id_a",66753.4,0.0141981
"cg_id_a",66753.4,0.32967
"cg_id_a",66753.4,-0.26969
"cg_id_a",66753.5,0.286937
"cg_id_a",66753.5,-0.0753712
"cg_id_a",66753.5,-0.286751
"cg_id_a",66753.5,0.44195
"cg_id_a",66753.5,-0.146565
"cg_id_a",66753.5,0.0039449
"cg_id_a",66753.5,-0.290102
"cg_id_a",66753.5,-0.185699
"cg_id_a",66753.5,-0.0550832
"cg_id_a",66753.5,-0.107465
"cg_id_a",66753.6,-0.055732
"cg_id_a",66753.6,-0.068618
"cg_id_a",66753.6,0.368846
"cg_id_a",66753.6,-0.0159324
"cg_id_a",66753.6,-0.203385
"cg_id_a",66753.6,-0.333435
"cg_id_a",66753.6,-0.989437
"cg_id_a",66753.6,-0.366366
"cg_id_a",66753.6,0.350242
"cg_id_a",66753.6,-0.176966
"cg_id_a",66753.7,-0.235656
"cg_id_a",66753.7,-0.187239
"cg_id_a",66753.7,-0.159014
"cg_id_a",66753.7,-0.0488913
"cg_id_a",66753.7,0.595203
"cg_id_a",66753.7,-0.0836557
"cg_id_a",66753.7,-0.210188
"cg_id_a",66753.7,0.263225
"cg_id_a",66753.7,-0.0986602
"cg_id_a",66753.7,-0.144947
"cg_id_a",66753.8,0.256939
"cg_id_a",66753.8,0.45103
"cg_id_a",66753.8,0.293497
"cg_id_a",66753.8,0.0997999
"cg_id_a",66753.8,0.973342
"cg_id_a",66753.8,0.368016
"cg_id_a",66753.8,-0.0491949
"cg_id_a",66753.8,-0.0390967
"cg_id_a",66753.8,0.506683
"cg_id_a",66753.8,0.49089
"cg_id_a",66753.9,-0.081822
"cg_id_a",66753.9,-0.591586
"cg_id_a",66753.9,-1.6415
"cg_id_a",66753.9,-0.0102113
"cg_id_a",66753.9,0.336428
"cg_id_a",66753.9,0.198163
"cg_id_a",66753.9,1.67303
"cg_id_a",66753.9,0.439952
"cg_id_a",66753.9,-0.245032
"cg_id_a",66753.9,-0.225502
"cg_id_a",66754,0.189436
"cg_id_a",66754,0.577906
"cg_id_a",66754,-0.0646408
"cg_id_a",66754,-0.160533
"cg_id_a",66754,0.0421021
"cg_id_a",66754,0.0615507
"cg_id_a",66754,-0.0739972
"cg_id_a",66754,-0.818512
"cg_id_a",66754,0.300677
"cg_id_a",66754,0.144118
"cg_id_a",66754.1,0.214079
"cg_id_a",66754.1,0.0671115
"cg_id_a",66754.1,-0.471358
"cg_id_a",66754.1,0.029028
"cg_id_a",66754.1,-0.189384
"cg_id_a",66754.1,0.238994
"cg_id_a",66754.1,-0.279588
"cg_id_a",66754.1,0.498383
"cg_id_a",66754.1,-0.329551
"cg_id_a",66754.1,0.00682863
"cg_id_a",66754.1,0.0994659
"cg_id_a",66754.2,-0.325518
"cg_id_a",66754.2,0.319499
"cg_id_a",66754.2,0.732059
"cg_id_a",66754.2,0.252673
"cg_id_a",66754.2,0.010981
"cg_id_a",66754.2,-0.14161
"cg_id_a",66754.2,0.0110838
"cg_id_a",66754.2,0.933849
"cg_id_a",66754.2,0.64807
"cg_id_a",66754.2,-0.179404
"cg_id_a",66754.3,0.0787624
"cg_id_a",66754.3,1.61422
"cg_id_a",66754.3,-0.379674
"cg_id_a",66754.3,0.372401
"cg_id_a",66754.3,0.237259
"cg_id_a",66754.3,0.141044
"cg_id_a",66754.3,0.828714
"cg_id_a",66754.3,0.179536
"cg_id_a",66754.3,0.131358
"cg_id_a",66754.4,1.31344
"cg_id_a",66754.4,0.519358
"cg_id_a",66754.4,-0.665749
"cg_id_a",66754.4,-0.42575
"cg_id_a",66754.4,0.465456
"cg_id_a",66754.4,0.616678
"cg_id_a",66754.4,-0.161709
"cg_id_a",66754.4,0.160825
"cg_id_a",66754.4,0.200635
"cg_id_a",66754.4,0.0683866
"cg_id_a",66754.5,-0.695283
"cg_id_a",66754.5,0.264877
"cg_id_a",66754.5,-0.0118245
"cg_id_a",66754.5,0.00157364
"cg_id_a",66754.5,0.016335
"cg_id_a",66754.5,0.0734073
"cg_id_a",66754.5,-1.20745
"cg_id_a",66754.5,-0.671095
"cg_id_a",66754.5,0.538867
"cg_id_a",66754.5,-0.136483
"cg_id_a",66754.5,-0.0958713
"cg_id_a",66754.6,-0.160994
"cg_id_a",66754.6,0.252935
"cg_id_a",66754.6,-0.220661
"cg_id_a",66754.6,-0.111878
"cg_id_a",66754.6,-0.121918
"cg_id_a",66754.6,0.101453
"cg_id_a",66754.6,-0.0445268
"cg_id_a",66754.6,0.0721566
"cg_id_a",66754.6,1.33086
"cg_id_a",66754.7,-0.721795
"cg_id_a",66754.7,0.63111
"cg_id_a",66754.7,0.527041
"cg_id_a",66754.7,0.9658
"cg_id_a",66754.7,-0.500674
"cg_id_a",66754.7,-1.64151
"cg_id_a",66754.8,0.0678816
"cg_id_a",66754.8,-0.677487
"cg_id_a",66754.8,-0.258608
"cg_id_a",66754.8,-0.252894
"cg_id_a",66754.8,-0.0549626
"cg_id_a",66754.8,0.138709
"cg_id_a",66754.9,0.285899
"cg_id_a",66754.9,-0.136029
"cg_id_a",66754.9,-0.41031
"cg_id_a",66754.9,0.95615
"cg_id_a",66754.9,-0.509703
"cg_id_a",66754.9,-0.00456563
"cg_id_a",66754.9,0.0833065
"cg_id_a",66754.9,-0.0620137
"cg_id_a",66755,0.278382
"cg_id_a",66755,-0.305326
"cg_id_a",66755,0.491195
"cg_id_a",66755,-0.113421
"cg_id_a",66755,-1.16081
"cg_id_a",66755.1,-0.300793
"cg_id_a",66755.1,-0.00546153
"cg_id_a",66755.1,0.0412184
"cg_id_a",66755.1,-0.0984721
"cg_id_a",66755.1,0.700681
"cg_id_a",66755.1,-0.121364
"cg_id_a",66755.1,-0.171939
"cg_id_a",66755.1,-0.203009
"cg_id_a",66755.1,-0.141963
"cg_id_a",66755.1,0.175225
"cg_id_a",66755.2,0.431869
"cg_id_a",66755.2,0.0427548
"cg_id_a",66755.2,-0.0647705
"cg_id_a",66755.2,-0.43069
"cg_id_a",66755.2,0.069413
"cg_id_a",66755.2,0.0912841
"cg_id_a",66755.2,1.26594
"cg_id_a",66755.2,0.200708
"cg_id_a",66755.2,0.00392595
"cg_id_a",66755.2,-0.0442398
"cg_id_a",66755.2,-0.535291
"cg_id_a",66755.3,0.208518
"cg_id_a",66755.3,0.387168
"cg_id_a",66755.3,0.994933
"cg_id_a",66755.3,-0.335799
"cg_id_a",66755.3,0.387273
"cg_id_a",66755.3,-0.0548284
"cg_id_a",66755.3,-0.146799
"cg_id_a",66755.3,0.344834
"cg_id_a",66755.3,-0.630399
"cg_id_a",66755.3,0.357708
"cg_id_a",66755.3,0.343566
"cg_id_a",66755.4,0.915774
"cg_id_a",66755.4,0.408796
"cg_id_a",66755.4,0.588896
"cg_id_a",66755.4,-0.458497
"cg_id_a",66755.4,0.384759
"cg_id_a",66755.4,-0.348443
"cg_id_a",66755.4,-0.16682
"cg_id_a",66755.4,0.0385127
"cg_id_a",66755.4,-1.82873
"cg_id_a",66755.4,-0.58054
"cg_id_a",66755.4,0.227801
"cg_id_a",66755.5,0.0944078
"cg_id_a",66755.5,-0.185012
"cg_id_a",66755.5,-0.101952
"cg_id_a",66755.5,0.254829
"cg_id_a",66755.5,0.501724
"cg_id_a",66755.5,-1.02528
"cg_id_a",66755.5,0.0172249
"cg_id_a",66755.5,-0.483369
"cg_id_a",66755.5,-0.00345866
"cg_id_a",66755.5,-0.14189
"cg_id_a",66755.5,0.8607
"cg_id_a",66755.5,-0.205123
"cg_id_a",66755.6,-0.135221
"cg_id_a",66755.6,-1.69908
"cg_id_a",66755.6,0.0270744
"cg_id_a",66755.6,0.244114
"cg_id_a",66755.6,0.232213
"cg_id_a",66755.6,-0.0314538
"cg_id_a",66755.6,-0.0220427
"cg_id_a",66755.6,-0.389145
"cg_id_a",66755.6,-0.0444823
"cg_id_a",66755.6,0.18749
"cg_id_a",66755.6,0.0761027
"cg_id_a",66755.7,1.44304
"cg_id_a",66755.7,-0.0933156
"cg_id_a",66755.7,0.268535
"cg_id_a",66755.7,-0.155566
"cg_id_a",66755.7,0.482109
"cg_id_a",66755.7,0.0664854
"cg_id_a",66755.7,0.222312
"cg_id_a",66755.7,-0.0168804
"cg_id_a",66755.7,0.498352
"cg_id_a",66755.7,0.170895
"cg_id_a",66755.7,0.659994
"cg_id_a",66755.8,-0.614234
"cg_id_a",66755.8,0.377816
"cg_id_a",66755.8,0.372437
"cg_id_a",66755.8,0.0607366
"cg_id_a",66755.8,-0.237964
"cg_id_a",66755.8,-0.295597
"cg_id_a",66755.8,0.42529
"cg_id_a",66755.8,0.177172
"cg_id_a",66755.8,0.333336
"cg_id_a",66755.8,0.762952
"cg_id_a",66755.8,-0.310812
"cg_id_a",66755.9,0.428033
"cg_id_a",66755.9,0.117128
"cg_id_a",66755.9,1.15468
"cg_id_a",66755.9,0.754504
"cg_id_a",66755.9,-1.36875
"cg_id_a",66755.9,-0.309575
"cg_id_a",66755.9,-0.428462
"cg_id_a",66755.9,0.012441
"cg_id_a",66755.9,-0.021237
"cg_id_a",66755.9,0.759791
"cg_id_a",66756,-0.000472059
"cg_id_a",66756,-0.162062
"cg_id_a",66756,0.0609798
"cg_id_a",66756,0.0288515
"cg_id_a",66756,0.0973427
"cg_id_a",66756,0.331417
"cg_id_a",66756,0.765939
"cg_id_a",66756,0.270113
"cg_id_a",66756,-0.817608
"cg_id_a",66756,0.3859
"cg_id_a",66756.1,-0.557425
"cg_id_a",66756.1,-0.308199
"cg_id_a",66756.1,0.102851
"cg_id_a",66756.1,-1.05263
"cg_id_a",66756.1,-0.131204
"cg_id_a",66756.1,0.337324
"cg_id_a",66756.1,-0.201439
"cg_id_a",66756.1,0.296163
"cg_id_a",66756.1,-0.381621
"cg_id_a",66756.1,0.38226
"cg_id_a",66756.1,0.0106968
"cg_id_a",66756.2,-0.53776
"cg_id_a",66756.2,-0.962206
"cg_id_a",66756.2,-0.0903526
"cg_id_a",66756.2,-0.313822
"cg_id_a",66756.2,-0.0518832
"cg_id_a",66756.2,-0.114677
"cg_id_a",66756.2,-0.179598
"cg_id_a",66756.2,0.319727
"cg_id_a",66756.2,-0.0621609
"cg_id_a",66756.2,0.143473
"cg_id_a",66756.3,-0.172748
"cg_id_a",66756.3,-0.556136
"cg_id_a",66756.3,-1.02401
"cg_id_a",66756.3,0.0322414
"cg_id_a",66756.3,0.419673
"cg_id_a",66756.3,-0.147758
"cg_id_a",66756.3,0.110463
"cg_id_a",66756.3,0.523168
"cg_id_a",66756.3,0.105609
"cg_id_a",66756.4,-0.34333
"cg_id_a",66756.4,0.3256
"cg_id_a",66756.4,0.203313
"cg_id_a",66756.4,0.213501
"cg_id_a",66756.4,0.533179
"cg_id_a",66756.4,0.00729734
"cg_id_a",66756.4,-0.799119
"cg_id_a",66756.4,0.104465
"cg_id_a",66756.4,0.09381
"cg_id_a",66756.4,-0.246893
"cg_id_a",66756.5,-0.506953
"cg_id_a",66756.5,0.0331711
"cg_id_a",66756.5,-0.27379
"cg_id_a",66756.5,0.433098
"cg_id_a",66756.5,-0.0305153
"cg_id_a",66756.5,0.13152
"cg_id_a",66756.5,0.411145
"cg_id_a",66756.5,-0.0631332
"cg_id_a",66756.5,-0.165065
"cg_id_a",66756.5,0.0147602
"cg_id_a",66756.6,-0.121064
"cg_id_a",66756.6,-0.0457952
"cg_id_a",66756.6,-0.151653
"cg_id_a",66756.6,-0.710488
"cg_id_a",66756.6,0.0217108
"cg_id_a",66756.6,-0.203996
"cg_id_a",66756.6,-0.13636
"cg_id_a",66756.6,1.0072
"cg_id_a",66756.6,-0.213243
"cg_id_a",66756.6,0.565765
"cg_id_a",66756.6,-0.285954
"cg_id_a",66756.7,-0.814119
"cg_id_a",66756.7,0.319979
"cg_id_a",66756.7,-0.291052
"cg_id_a",66756.7,-0.206253
"cg_id_a",66756.7,0.0326743
"cg_id_a",66756.7,-0.468968
"cg_id_a",66756.7,0.27195
"cg_id_a",66756.7,0.109916
"cg_id_a",66756.7,0.020675
"cg_id_a",66756.8,-0.565922
"cg_id_a",66756.8,-0.0939485
"cg_id_a",66756.8,-0.374089
"cg_id_a",66756.8,-0.241937
"cg_id_a",66756.8,-0.0578741
"cg_id_a",66756.8,-1.22898
"cg_id_a",66756.8,0.45808
"cg_id_a",66756.8,0.0781481
"cg_id_a",66756.8,-0.0309579
"cg_id_a",66756.8,0.205876
"cg_id_a",66756.9,0.387971
"cg_id_a",66756.9,-0.334896
"cg_id_a",66756.9,0.0582894
"cg_id_a",66756.9,0.416145
"cg_id_a",66756.9,-0.279474
"cg_id_a",66756.9,-0.389115
"cg_id_a",66756.9,-0.0638472
"cg_id_a",66756.9,0.261653
"cg_id_a",66756.9,-0.352183
"cg_id_a",66756.9,0.00723481
"cg_id_a",66757,0.112376
"cg_id_a",66757,0.236364
"cg_id_a",66757,-0.491332
"cg_id_a",66757,1.27256
"cg_id_a",66757,-0.0846459
"cg_id_a",66757,1.24501
"cg_id_a",66757,-0.379223
"cg_id_a",66757,-0.141541
"cg_id_a",66757,-0.207943
"cg_id_a",66757,0.132393
"cg_id_a",66757,-0.436903
"cg_id_a",66757.1,0.523829
"cg_id_a",66757.1,-0.521736
"cg_id_a",66757.1,-0.420101
"cg_id_a",66757.1,-0.439833
"cg_id_a",66757.1,0.550684
"cg_id_a",66757.1,-0.112427
"cg_id_a",66757.1,0.0392405
"cg_id_a",66757.1,0.137231
"cg_id_a",66757.1,0.208026
"cg_id_a",66757.1,0.0740547
"cg_id_a",66757.2,1.20683
"cg_id_a",66757.2,-0.0901169
"cg_id_a",66757.2,0.205174
"cg_id_a",66757.2,-0.171401
"cg_id_a",66757.2,-0.130406
"cg_id_a",66757.2,-0.235964
"cg_id_a",66757.2,-0.165599
"cg_id_a",66757.2,-0.102247
"cg_id_a",66757.2,-0.238817
"cg_id_a",66757.2,-0.156254
"cg_id_a",66757.3,0.211461
"cg_id_a",66757.3,-0.42133
"cg_id_a",66757.3,-0.221171
"cg_id_a",66757.3,-0.14615
"cg_id_a",66757.3,0.0130335
"cg_id_a",66757.3,0.268096
"cg_id_a",66757.3,-0.0169664
"cg_id_a",66757.3,-0.097427
"cg_id_a",66757.3,-0.0445903
"cg_id_a",66757.4,0.872013
"cg_id_a",66757.4,-0.245168
"cg_id_a",66757.4,0.0243454
"cg_id_a",66757.4,-1.42226
"cg_id_a",66757.4,0.442144
"cg_id_a",66757.4,0.50216
"cg_id_a",66757.4,-0.353014
"cg_id_a",66757.4,0.330226
"cg_id_a",66757.4,-0.586464
"cg_id_a",66757.4,0.196605
"cg_id_a",66757.5,-0.615109
"cg_id_a",66757.5,-0.0307249
"cg_id_a",66757.5,-0.143171
"cg_id_a",66757.5,0.320284
"cg_id_a",66757.5,-0.0032834
"cg_id_a",66757.5,-0.725197
"cg_id_a",66757.5,0.512766
"cg_id_a",66757.5,0.223152
"cg_id_a",66757.5,-0.162654
"cg_id_a",66757.5,-0.545102
"cg_id_a",66757.5,-0.152178
"cg_id_a",66757.6,-0.489833
"cg_id_a",66757.6,-0.100184
"cg_id_a",66757.6,-0.556129
"cg_id_a",66757.6,-0.0803752
"cg_id_a",66757.6,-0.498973
"cg_id_a",66757.6,-0.0565729
"cg_id_a",66757.6,-0.0104144
"cg_id_a",66757.6,-0.0481737
"cg_id_a",66757.6,-0.840347
"cg_id_a",66757.6,0.312424
"cg_id_a",66757.7,-0.315164
"cg_id_a",66757.7,0.773834
"cg_id_a",66757.7,-0.149971
"cg_id_a",66757.7,-0.50554
"cg_id_a",66757.7,-0.201742
"cg_id_a",66757.7,-0.321113
"cg_id_a",66757.7,0.0508681
"cg_id_a",66757.7,0.053322
"cg_id_a",66757.7,-0.220089
"cg_id_a",66757.8,-0.154629
"cg_id_a",66757.8,0.36034
"cg_id_a",66757.8,0.240874
"cg_id_a",66757.8,-0.166334
"cg_id_a",66757.8,0.435055
"cg_id_a",66757.8,0.227651
"cg_id_a",66757.8,0.182243
"cg_id_a",66757.8,0.185571
"cg_id_a",66757.8,-0.300923
"cg_id_a",66757.8,-1.76952
"cg_id_a",66757.9,0.267571
"cg_id_a",66757.9,0.0342222
"cg_id_a",66757.9,-0.271061
"cg_id_a",66757.9,-0.0271649
"cg_id_a",66757.9,0.435975
"cg_id_a",66757.9,0.431643
"cg_id_a",66757.9,-0.427995
"cg_id_a",66757.9,-0.129468
"cg_id_a",66757.9,0.407358
"cg_id_a",66757.9,0.105238
"cg_id_a",66758,-0.21797
"cg_id_a",66758,0.375237
"cg_id_a",66758,0.162348
"cg_id_a",66758,-0.184383
"cg_id_a",66758,-0.0865965
"cg_id_a",66758,0.461986
"cg_id_a",66758,-0.0979588
"cg_id_a",66758,0.0463515
"cg_id_a",66758,-0.0638785
"cg_id_a",66758,0.0276952
"cg_id_a",66758.1,-0.219647
"cg_id_a",66758.1,1.01144
"cg_id_a",66758.1,0.00237654
"cg_id_a",66758.1,-0.113973
"cg_id_a",66758.1,0.233475
"cg_id_a",66758.1,0.479488
"cg_id_a",66758.1,1.81919
"cg_id_a",66758.1,0.217891
"cg_id_a",66758.1,0.115664
"cg_id_a",66758.1,-0.012622
"cg_id_a",66758.2,-0.10693
"cg_id_a",66758.2,0.305255
"cg_id_a",66758.2,-0.424906
"cg_id_a",66758.2,0.287501
"cg_id_a",66758.2,-0.0950823
"cg_id_a",66758.2,-0.502852
"cg_id_a",66758.2,0.246659
"cg_id_a",66758.2,-0.592176
"cg_id_a",66758.2,0.346772
"cg_id_a",66758.2,0.0612838
"cg_id_a",66758.2,-0.000373381
"cg_id_a",66758.3,-0.281418
"cg_id_a",66758.3,0.31963
"cg_id_a",66758.3,0.407506
"cg_id_a",66758.3,-0.0768626
"cg_id_a",66758.3,0.135148
"cg_id_a",66758.3,0.0271786
"cg_id_a",66758.3,-0.243987
"cg_id_a",66758.3,1.15912
"cg_id_a",66758.3,-0.0471584
"cg_id_a",66758.4,-0.053164
"cg_id_a",66758.4,0.0310423
"cg_id_a",66758.4,0.111767
"cg_id_a",66758.4,0.491216
"cg_id_a",66758.4,0.0824792
"cg_id_a",66758.4,0.101968
"cg_id_a",66758.4,0.476912
"cg_id_a",66758.4,-0.304432
"cg_id_a",66758.4,-1.07045
"cg_id_a",66758.4,0.451886
"cg_id_a",66758.5,0.226302
"cg_id_a",66758.5,1.62339
"cg_id_a",66758.5,0.0221518
"cg_id_a",66758.5,-0.0458921
"cg_id_a",66758.5,0.0982773
"cg_id_a",66758.5,0.290279
"cg_id_a",66758.5,0.422706
"cg_id_a",66758.5,0.113577
"cg_id_a",66758.5,0.194557
"cg_id_a",66758.5,-0.173472
"cg_id_a",66758.6,0.297549
"cg_id_a",66758.6,-0.598994
"cg_id_a",66758.6,1.01948
"cg_id_a",66758.6,-0.492712
"cg_id_a",66758.6,-0.068778
"cg_id_a",66758.6,-0.476539
"cg_id_a",66758.6,0.130436
"cg_id_a",66758.6,0.0080735
"cg_id_a",66758.6,-0.0147374
"cg_id_a",66758.6,-0.463143
"cg_id_a",66758.6,-1.68532
"cg_id_a",66758.7,0.101935
"cg_id_a",66758.7,-0.0286304
"cg_id_a",66758.7,-0.117583
"cg_id_a",66758.7,-0.4167
"cg_id_a",66758.7,-0.305269
"cg_id_a",66758.7,-0.357824
"cg_id_a",66758.7,0.557141
"cg_id_a",66758.7,-0.141193
"cg_id_a",66758.7,-0.849859
"cg_id_a",66758.8,0.442396
"cg_id_a",66758.8,-0.390788
"cg_id_a",66758.8,0.0943589
"cg_id_a",66758.8,-0.223417
"cg_id_a",66758.8,-0.442723
"cg_id_a",66758.8,-0.219377
"cg_id_a",66758.8,0.0866213
"cg_id_a",66758.8,0.174039
"cg_id_a",66758.8,0.29782
"cg_id_a",66758.8,0.376026
"cg_id_a",66758.9,0.183076
"cg_id_a",66758.9,0.0200375
"cg_id_a",66758.9,0.259347
"cg_id_a",66758.9,0.223224
"cg_id_a",66758.9,-0.23854
"cg_id_a",66758.9,0.0541077
"cg_id_a",66758.9,0.0171515
"cg_id_a",66758.9,-0.0251338
"cg_id_a",66758.9,-0.324699
"cg_id_a",66758.9,1.06382
"cg_id_a",66759,-0.153383
"cg_id_a",66759,0.258105
"cg_id_a",66759,-0.253978
"cg_id_a",66759,-0.454011
"cg_id_a",66759,-0.195245
"cg_id_a",66759,-0.0929717
"cg_id_a",66759,0.0128505
"cg_id_a",66759,0.37619
"cg_id_a",66759,-0.354705
"cg_id_a",66759,0.304177
"cg_id_a",66759.1,0.527173
"cg_id_a",66759.1,-0.0553444
"cg_id_a",66759.1,0.43179
"cg_id_a",66759.1,0.391543
"cg_id_a",66759.1,-0.0531351
"cg_id_a",66759.1,0.436838
"cg_id_a",66759.1,-0.351638
"cg_id_a",66759.1,0.803312
"cg_id_a",66759.1,-0.063515
"cg_id_a",66759.1,0.210662
"cg_id_a",66759.2,1.04597
"cg_id_a",66759.2,-0.0472265
"cg_id_a",66759.2,0.2251
"cg_id_a",66759.2,-0.404322
"cg_id_a",66759.2,-0.233161
"cg_id_a",66759.2,-0.440914
"cg_id_a",66759.2,-0.107119
"cg_id_a",66759.2,-0.0301737
"cg_id_a",66759.2,0.0398063
"cg_id_a",66759.2,0.197885
"cg_id_a",66759.3,-0.00601163
"cg_id_a",66759.3,0.369122
"cg_id_a",66759.3,-0.160863
"cg_id_a",66759.3,0.228592
"cg_id_a",66759.3,-0.469252
"cg_id_a",66759.3,0.0398059
"cg_id_a",66759.3,0.162942
"cg_id_a",66759.3,-0.676632
"cg_id_a",66759.3,0.389754
"cg_id_a",66759.4,-0.411866
"cg_id_a",66759.4,0.511476
"cg_id_a",66759.4,-0.0974675
"cg_id_a",66759.4,-0.224529
"cg_id_a",66759.4,0.29146
"cg_id_a",66759.4,0.613715
"cg_id_a",66759.4,-0.158862
"cg_id_a",66759.4,-0.56031
"cg_id_a",66759.4,-1.17693
"cg_id_a",66759.4,-0.460349
"cg_id_a",66759.4,-0.389877
"cg_id_a",66759.5,0.180325
"cg_id_a",66759.5,0.122089
"cg_id_a",66759.5,0.254278
"cg_id_a",66759.5,-0.334699
"cg_id_a",66759.5,-0.206391
"cg_id_a",66759.5,0.0215155
"cg_id_a",66759.5,-0.158881
"cg_id_a",66759.5,0.984395
"cg_id_a",66759.5,-0.358242
"cg_id_a",66759.5,0.684819
"cg_id_a",66759.6,-0.326453
"cg_id_a",66759.6,-0.111328
"cg_id_a",66759.6,0.0779081
"cg_id_a",66759.6,0.277612
"cg_id_a",66759.6,-0.0236544
"cg_id_a",66759.6,0.164436
"cg_id_a",66759.6,-0.328078
"cg_id_a",66759.6,0.11677
"cg_id_a",66759.6,0.557268
"cg_id_a",66759.6,0.147553
"cg_id_a",66759.7,0.291639
"cg_id_a",66759.7,0.00443518
"cg_id_a",66759.7,-0.601789
"cg_id_a",66759.7,-1.4142
"cg_id_a",66759.7,0.441309
"cg_id_a",66759.7,0.180655
"cg_id_a",66759.7,-1.4653
"cg_id_a",66759.7,0.230886
"cg_id_a",66759.7,0.0216595
"cg_id_a",66759.8,-0.176948
"cg_id_a",66759.8,0.927889
"cg_id_a",66759.8,-0.122854
"cg_id_a",66759.8,0.238178
"cg_id_a",66759.8,-0.121055
"cg_id_a",66759.8,-0.0197843
"cg_id_a",66759.8,0.168681
"cg_id_a",66759.8,-1.08803
"cg_id_a",66759.8,-0.0545111
"cg_id_a",66759.8,-0.158215
"cg_id_a",66759.8,-1.49742
"cg_id_a",66759.9,-1.40397
"cg_id_a",66759.9,0.161978
"cg_id_a",66759.9,-0.159613
"cg_id_a",66759.9,-2.34587
"cg_id_a",66759.9,0.0607894
"cg_id_a",66759.9,-0.33513
"cg_id_a",66759.9,1.17046
"cg_id_a",66759.9,0.357175
"cg_id_a",66759.9,-0.265116
"cg_id_a",66759.9,-0.0833356
"cg_id_a",66760,-0.129931
"cg_id_a",66760,-0.0160232
"cg_id_a",66760,-0.453123
"cg_id_a",66760,-0.140213
"cg_id_a",66760,-0.145359
"cg_id_a",66760,0.0412002
"cg_id_a",66760,-0.363593
"cg_id_a",66760,0.594159
"cg_id_a",66760,-0.231532
"cg_id_a",66760,0.076368
"cg_id_a",66760.1,-0.0564322
"cg_id_a",66760.1,-1.26347
"cg_id_a",66760.1,-0.365315
"cg_id_a",66760.1,-0.192568
"cg_id_a",66760.1,0.0497886
"cg_id_a",66760.1,-0.0217621
"cg_id_a",66760.1,-0.72666
"cg_id_a",66760.1,0.105814
"cg_id_a",66760.1,-0.0161638
"cg_id_a",66760.1,-0.0627615
"cg_id_a",66760.2,-0.250901
"cg_id_a",66760.2,0.393941
"cg_id_a",66760.2,0.868554
"cg_id_a",66760.2,-0.155585
"cg_id_a",66760.2,-0.357352
"cg_id_a",66760.2,-0.183215
"cg_id_a",66760.2,0.509574
"cg_id_a",66760.2,-0.159094
"cg_id_a",66760.2,-0.0381017
"cg_id_a",66760.2,0.243993
"cg_id_a",66760.3,-0.527188
"cg_id_a",66760.3,0.0715225
"cg_id_a",66760.3,-0.262048
"cg_id_a",66760.3,0.276361
"cg_id_a",66760.3,-0.265549
"cg_id_a",66760.3,-0.0717325
"cg_id_a",66760.3,0.0106259
"cg_id_a",66760.3,-0.162535
"cg_id_a",66760.3,-0.323496
"cg_id_a",66760.4,-0.258661
"cg_id_a",66760.4,0.179591
"cg_id_a",66760.4,0.0493583
"cg_id_a",66760.4,-0.344161
"cg_id_a",66760.4,-0.715205
"cg_id_a",66760.4,-0.243837
"cg_id_a",66760.4,0.285453
"cg_id_a",66760.4,-0.0392431
"cg_id_a",66760.4,-0.499388
"cg_id_a",66760.4,-0.234503
"cg_id_a",66760.5,-0.29517
"cg_id_a",66760.5,-0.0802273
"cg_id_a",66760.5,0.0576915
"cg_id_a",66760.5,-0.0851724
"cg_id_a",66760.5,-0.54147
"cg_id_a",66760.5,-0.176137
"cg_id_a",66760.5,-0.165025
"cg_id_a",66760.5,1.44091
"cg_id_a",66760.5,0.227784
"cg_id_a",66760.5,-1.09029
"cg_id_a",66760.6,-1.23337
"cg_id_a",66760.6,-0.256837
"cg_id_a",66760.6,0.582396
"cg_id_a",66760.6,0.168682
"cg_id_a",66760.6,-0.359315
"cg_id_a",66760.6,0.110073
"cg_id_a",66760.6,-0.103739
"cg_id_a",66760.6,0.254006
"cg_id_a",66760.6,-0.681644
"cg_id_a",66760.6,0.529885
"cg_id_a",66760.7,0.0622066
"cg_id_a",66760.7,0.330771
"cg_id_a",66760.7,-0.116401
"cg_id_a",66760.7,-0.275118
"cg_id_a",66760.7,-0.00675231
"cg_id_a",66760.7,0.515185
"cg_id_a",66760.7,-0.131763
"cg_id_a",66760.7,0.412171
"cg_id_a",66760.7,-0.0729138
"cg_id_a",66760.7,-0.0630379
"cg_id_a",66760.8,-0.382414
"cg_id_a",66760.8,0.866852
"cg_id_a",66760.8,-0.124223
"cg_id_a",66760.8,0.446779
"cg_id_a",66760.8,0.820196
"cg_id_a",66760.8,0.107246
"cg_id_a",66760.8,0.0516436
"cg_id_a",66760.8,-0.0417601
"cg_id_a",66760.8,0.0817491
"cg_id_a",66760.8,-0.115262
"cg_id_a",66760.9,-0.0540073
"cg_id_a",66760.9,-0.261578
"cg_id_a",66760.9,-0.081195
"cg_id_a",66760.9,-0.0363797
"cg_id_a",66760.9,-0.336843
"cg_id_a",66760.9,0.348146
"cg_id_a",66760.9,-0.716869
"cg_id_a",66760.9,0.172859
"cg_id_a",66760.9,-0.10722
"cg_id_a",66760.9,-0.257121
"cg_id_a",66761,-0.0729619
"cg_id_a",66761,-0.0316372
"cg_id_a",66761,-0.32329
"cg_id_a",66761,0.699092
"cg_id_a",66761,0.372181
"cg_id_a",66761,0.446728
"cg_id_a",66761,-0.396381
"cg_id_a",66761,-0.0187504
"cg_id_a",66761,0.0983542
"cg_id_a",66761,-0.179704
"cg_id_a",66761.1,-0.580524
"cg_id_a",66761.1,0.112461
"cg_id_a",66761.1,0.133595
"cg_id_a",66761.1,-1.13601
"cg_id_a",66761.1,-0.0737024
"cg_id_a",66761.1,-0.572124
"cg_id_a",66761.1,0.235322
"cg_id_a",66761.1,0.150133
"cg_id_a",66761.1,-0.154605
"cg_id_a",66761.1,-0.34923
"cg_id_a",66761.2,-0.167841
"cg_id_a",66761.2,-0.138728
"cg_id_a",66761.2,-0.157327
"cg_id_a",66761.2,-0.415344
"cg_id_a",66761.2,0.0239054
"cg_id_a",66761.2,-0.295186
"cg_id_a",66761.2,0.122182
"cg_id_a",66761.2,-0.652185
"cg_id_a",66761.2,0.0863656
"cg_id_a",66761.2,-0.211774
"cg_id_a",66761.2,0.717308
"cg_id_a",66761.3,-0.30857
"cg_id_a",66761.3,0.333873
"cg_id_a",66761.3,-0.0424684
"cg_id_a",66761.3,-0.0718829
"cg_id_a",66761.3,-0.173884
"cg_id_a",66761.3,0.158768
"cg_id_a",66761.3,0.344003
"cg_id_a",66761.3,0.362672
"cg_id_a",66761.3,-0.739982
"cg_id_a",66761.4,1.19221
"cg_id_a",66761.4,-0.426496
"cg_id_a",66761.4,-0.0921151
"cg_id_a",66761.4,0.232169
"cg_id_a",66761.4,-0.293087
"cg_id_a",66761.4,-0.207572
"cg_id_a",66761.4,-0.280749
"cg_id_a",66761.4,-0.017004
"cg_id_a",66761.4,-0.0638663
"cg_id_a",66761.4,1.58456
"cg_id_a",66761.5,-0.165613
"cg_id_a",66761.5,0.4047
"cg_id_a",66761.5,1.18205
"cg_id_a",66761.5,-0.165632
"cg_id_a",66761.5,-0.123997
"cg_id_a",66761.5,-0.196104
"cg_id_a",66761.5,0.0411472
"cg_id_a",66761.5,-0.269105
"cg_id_a",66761.5,0.101402
"cg_id_a",66761.5,-0.119155
"cg_id_a",66761.6,-0.278487
"cg_id_a",66761.6,0.00700397
"cg_id_a",66761.6,-0.250994
"cg_id_a",66761.6,0.174409
"cg_id_a",66761.6,-0.155951
"cg_id_a",66761.6,0.298711
"cg_id_a",66761.6,0.123182
"cg_id_a",66761.6,-0.169938
"cg_id_a",66761.6,0.0347727
"cg_id_a",66761.6,-0.704662
"cg_id_a",66761.7,-0.116611
"cg_id_a",66761.7,0.0830741
"cg_id_a",66761.7,-0.473263
"cg_id_a",66761.7,-0.0722867
"cg_id_a",66761.7,0.280306
"cg_id_a",66761.7,-0.928976
"cg_id_a",66761.7,-0.216209
"cg_id_a",66761.7,-0.344493
"cg_id_a",66761.7,-0.481243
"cg_id_a",66761.8,-0.00983869
"cg_id_a",66761.8,0.719652
"cg_id_a",66761.8,-0.147901
"cg_id_a",66761.8,0.143049
"cg_id_a",66761.8,0.352645
"cg_id_a",66761.8,2.2618
"cg_id_a",66761.8,-0.446423
"cg_id_a",66761.8,-0.00882026
"cg_id_a",66761.8,-0.29511
"cg_id_a",66761.8,0.864424
"cg_id_a",66761.9,0.869169
"cg_id_a",66761.9,-0.13518
"cg_id_a",66761.9,1.35984
"cg_id_a",66761.9,-0.0856738
"cg_id_a",66761.9,-0.0171259
"cg_id_a",66761.9,-0.0366492
"cg_id_a",66761.9,1.06718
"cg_id_a",66761.9,0.714845
"cg_id_a",66761.9,-0.805394
"cg_id_a",66761.9,0.67284
"cg_id_a",66761.9,0.453017
"cg_id_a",66762,0.144105
"cg_id_a",66762,0.43243
"cg_id_a",66762,0.264221
"cg_id_a",66762,-0.163359
"cg_id_a",66762,-0.447605
"cg_id_a",66762,0.449543
"cg_id_a",66762,0.269859
"cg_id_a",66762,-0.404428
"cg_id_a",66762,-0.0878789
"cg_id_a",66762,-0.563871
"cg_id_a",66762.1,0.140493
"cg_id_a",66762.1,0.0728081
"cg_id_a",66762.1,0.063321
"cg_id_a",66762.1,-0.49701
"cg_id_a",66762.1,-0.214084
"cg_id_a",66762.1,-0.106425
"cg_id_a",66762.1,0.293919
"cg_id_a",66762.1,-0.395048
"cg_id_a",66762.1,-0.106827
"cg_id_a",66762.1,-0.0614735
"cg_id_a",66762.2,0.179496
"cg_id_a",66762.2,-0.157259
"cg_id_a",66762.2,0.116574
"cg_id_a",66762.2,-0.139742
"cg_id_a",66762.2,0.440301
"cg_id_a",66762.2,-0.395855
"cg_id_a",66762.2,-0.684833
"cg_id_a",66762.2,0.503049
"cg_id_a",66762.2,0.470889
"cg_id_a",66762.2,0.607646
"cg_id_a",66762.3,-0.425713
"cg_id_a",66762.3,0.149567
"cg_id_a",66762.3,-0.11684
"cg_id_a",66762.3,-0.147371
"cg_id_a",66762.3,-0.278074
"cg_id_a",66762.3,0.553772
"cg_id_a",66762.3,0.418071
"cg_id_a",66762.3,0.112353
"cg_id_a",66762.3,0.308094
"cg_id_a",66762.3,-0.156636
"cg_id_a",66762.4,1.59616
"cg_id_a",66762.4,0.059061
"cg_id_a",66762.4,0.10313
"cg_id_a",66762.4,0.171703
"cg_id_a",66762.4,0.135327
"cg_id_a",66762.4,0.346804
"cg_id_a",66762.4,-0.377265
"cg_id_a",66762.4,0.348818
"cg_id_a",66762.4,-0.418401
"cg_id_a",66762.4,0.0158776
"cg_id_a",66762.5,0.530354
"cg_id_a",66762.5,-0.120838
"cg_id_a",66762.5,-0.171815
"cg_id_a",66762.5,-0.505031
"cg_id_a",66762.5,-0.0621186
"cg_id_a",66762.5,-0.412559
"cg_id_a",66762.5,-0.176172
"cg_id_a",66762.5,-0.255039
"cg_id_a",66762.5,0.593564
"cg_id_a",66762.5,0.122468
"cg_id_a",66762.6,-0.259849
"cg_id_a",66762.6,0.136092
"cg_id_a",66762.6,0.118798
"cg_id_a",66762.6,0.227608
"cg_id_a",66762.6,0.663106
"cg_id_a",66762.6,-0.0466376
"cg_id_a",66762.6,-0.0274664
"cg_id_a",66762.6,-0.578668
"cg_id_a",66762.6,-0.306918
"cg_id_a",66762.6,-0.365345
"cg_id_a",66762.7,-0.0750745
"cg_id_a",66762.7,1.57748
"cg_id_a",66762.7,0.115714
"cg_id_a",66762.7,0.905045
"cg_id_a",66762.7,-0.374642
"cg_id_a",66762.7,-0.412614
"cg_id_a",66762.7,-0.329053
"cg_id_a",66762.7,-0.0635715
"cg_id_a",66762.7,0.993585
"cg_id_a",66762.7,0.0520336
"cg_id_a",66762.8,0.224353
"cg_id_a",66762.8,-0.0617571
"cg_id_a",66762.8,0.338332
"cg_id_a",66762.8,0.475916
"cg_id_a",66762.8,-0.618757
"cg_iq_a",66732.9,-14.9458
"cg_iq_a",66732.9,-15.4534
"cg_iq_a",66732.9,-14.2221
"cg_iq_a",66732.9,-18.8074
"cg_iq_a",66732.9,-13.1863
"cg_iq_a",66732.9,-14.3017
"cg_iq_a",66732.9,-13.6658
"cg_iq_a",66732.9,-13.6786
"cg_iq_a",66733,-13.875
"cg_iq_a",66733,-14.5757
"cg_iq_a",66733,-14.9859
"cg_iq_a",66733,-15.5004
"cg_iq_a",66733,-17.0498
"cg_iq_a",66733,-14.6104
"cg_iq_a",66733,-16.8072
"cg_iq_a",66733,-13.2093
"cg_iq_a",66733,-17.7412
"cg_iq_a",66733,-13.5647
"cg_iq_a",66733.1,-16.3422
"cg_iq_a",66733.1,-8.86131
"cg_iq_a",66733.1,-20.5261
"cg_iq_a",66733.1,-13.4426
"cg_iq_a",66733.1,-15.0012
"cg_iq_a",66733.1,-15.5811
"cg_iq_a",66733.1,-14.3741
"cg_iq_a",66733.1,-16.1843
"cg_iq_a",66733.1,-15.6273
"cg_iq_a",66733.1,-14.914
"cg_iq_a",66733.2,-17.3341
"cg_iq_a",66733.2,-15.3735
"cg_iq_a",66733.2,-15.8184
"cg_iq_a",66733.2,-10.4669
"cg_iq_a",66733.2,-17.4433
"cg_iq_a",66733.2,-15.1329
"cg_iq_a",66733.2,-15.3458
"cg_iq_a",66733.2,-15.9018
"cg_iq_a",66733.2,-14.4529
"cg_iq_a",66733.2,-15.9526
"cg_iq_a",66733.3,-16.6385
"cg_iq_a",66733.3,-13.5987
"cg_iq_a",66733.3,-17.1333
"cg_iq_a",66733.3,-14.2184
"cg_iq_a",66733.3,-17.5003
"cg_iq_a",66733.3,-9.02825
"cg_iq_a",66733.3,-21.3921
"cg_iq_a",66733.3,-11.8245
"cg_iq_a",66733.3,-14.5365
"cg_iq_a",66733.3,-14.2581
"cg_iq_a",66733.4,-15.0365
"cg_iq_a",66733.4,-13.8383
"cg_iq_a",66733.4,-15.3979
"cg_iq_a",66733.4,-17.5001
"cg_iq_a",66733.4,-16.098
"cg_iq_a",66733.4,-15.0947
"cg_iq_a",66733.4,-13.4602
"cg_iq_a",66733.4,-10.0351
"cg_iq_a",66733.4,-15.1928
"cg_iq_a",66733.4,-13.4532
"cg_iq_a",66733.5,-17.6376
"cg_iq_a",66733.5,-16.1441
"cg_iq_a",66733.5,-14.8553
"cg_iq_a",66733.5,-13.0132
"cg_iq_a",66733.5,-16.686
"cg_iq_a",66733.5,-13.2232
"cg_iq_a",66733.5,-15.9907
"cg_iq_a",66733.5,-14.3983
"cg_iq_a",66733.5,-15.1566
"cg_iq_a",66733.5,-14.6058
"cg_iq_a",66733.6,-14.5491
"cg_iq_a",66733.6,-15.3859
"cg_iq_a",66733.6,-14.8256
"cg_iq_a",66733.6,-11.0677
"cg_iq_a",66733.6,-17.8244
"cg_iq_a",66733.6,-14.8969
"cg_iq_a",66733.6,-15.4825
"cg_iq_a",66733.6,-14.503
"cg_iq_a",66733.6,-16.8759
"cg_iq_a",66733.6,-15.9947
"cg_iq_a",66733.7,-9.13195
"cg_iq_a",66733.7,-21.0605
"cg_iq_a",66733.7,-12.8997
"cg_iq_a",66733.7,-14.3798
"cg_iq_a",66733.7,-17.1694
"cg_iq_a",66733.7,-11.3221
"cg_iq_a",66733.7,-15.6067
"cg_iq_a",66733.7,-14.6218
"cg_iq_a",66733.7,-15.276
"cg_iq_a",66733.7,-16.6182
"cg_iq_a",66733.8,-15.8096
"cg_iq_a",66733.8,-15.5721
"cg_iq_a",66733.8,-14.8687
"cg_iq_a",66733.8,-14.8589
"cg_iq_a",66733.8,-16.4967
"cg_iq_a",66733.8,-15.6932
"cg_iq_a",66733.8,-9.61978
"cg_iq_a",66733.8,-19.5359
"cg_iq_a",66733.8,-15.1701
"cg_iq_a",66733.8,-13.1077
"cg_iq_a",66733.9,-19.209
"cg_iq_a",66733.9,-14.3414
"cg_iq_a",66733.9,-14.703
"cg_iq_a",66733.9,-15.0614
"cg_iq_a",66733.9,-15.7182
"cg_iq_a",66733.9,-9.93649
"cg_iq_a",66733.9,-21.2055
"cg_iq_a",66733.9,-12.9695
"cg_iq_a",66733.9,-14.4069
"cg_iq_a",66733.9,-19.0976
"cg_iq_a",66734,-13.2454
"cg_iq_a",66734,-15.0477
"cg_iq_a",66734,-11.6576
"cg_iq_a",66734,-14.5316
"cg_iq_a",66734,-9.55608
"cg_iq_a",66734,-21.5922
"cg_iq_a",66734,-14.0899
"cg_iq_a",66734,-12.8571
"cg_iq_a",66734,-15.5307
"cg_iq_a",66734,-14.9125
"cg_iq_a",66734.1,-11.4769
"cg_iq_a",66734.1,-16.505
"cg_iq_a",66734.1,-16.2338
"cg_iq_a",66734.1,-11.646
"cg_iq_a",66734.1,-15.6385
"cg_iq_a",66734.1,-12.8961
"cg_iq_a",66734.1,-18.7558
"cg_iq_a",66734.1,-12.1642
"cg_iq_a",66734.1,-14.3947
"cg_iq_a",66734.1,-18.0783
"cg_iq_a",66734.2,-12.1783
"cg_iq_a",66734.2,-13.4314
"cg_iq_a",66734.2,-18.5306
"cg_iq_a",66734.2,-14.5424
"cg_iq_a",66734.2,-11.4212
"cg_iq_a",66734.2,-16.9103
"cg_iq_a",66734.2,-14.926
"cg_iq_a",66734.2,-16.4299
"cg_iq_a",66734.2,-12.7016
"cg_iq_a",66734.2,-15.4936
"cg_iq_a",66734.2,-18.3722
"cg_iq_a",66734.3,-14.2979
"cg_iq_a",66734.3,-14.5277
"cg_iq_a",66734.3,-18.9505
"cg_iq_a",66734.3,-15.2858
"cg_iq_a",66734.3,-12.2423
"cg_iq_a",66734.3,-14.5042
"cg_iq_a",66734.3,-12.5669
"cg_iq_a",66734.3,-20.2427
"cg_iq_a",66734.3,-13.3922
"cg_iq_a",66734.4,-14.0922
"cg_iq_a",66734.4,-13.177
"cg_iq_a",66734.4,-14.7453
"cg_iq_a",66734.4,-16.3742
"cg_iq_a",66734.4,-14.3822
"cg_iq_a",66734.4,-16.2333
"cg_iq_a",66734.4,-17.2863
"cg_iq_a",66734.4,-14.7906
"cg_iq_a",66734.4,-7.58559
"cg_iq_a",66734.4,-15.8417
"cg_iq_a",66734.5,-11.5942
"cg_iq_a",66734.5,-22.5378
"cg_iq_a",66734.5,-14.0853
"cg_iq_a",66734.5,-12.653
"cg_iq_a",66734.5,-17.0829
"cg_iq_a",66734.5,-15.3525
"cg_iq_a",66734.5,-17.5027
"cg_iq_a",66734.5,-13.6203
"cg_iq_a",66734.5,-12.8526
"cg_iq_a",66734.5,-15.0211
"cg_iq_a",66734.6,-17.4263
"cg_iq_a",66734.6,-14.4707
"cg_iq_a",66734.6,-15.4314
"cg_iq_a",66734.6,-10.9934
"cg_iq_a",66734.6,-16.6199
"cg_iq_a",66734.6,-16.2168
"cg_iq_a",66734.6,-19.6335
"cg_iq_a",66734.6,-15.5664
"cg_iq_a",66734.6,-13.9318
"cg_iq_a",66734.7,-13.6182
"cg_iq_a",66734.7,-14.0274
"cg_iq_a",66734.7,-15.9478
"cg_iq_a",66734.7,-14.4055
"cg_iq_a",66734.7,-16.0854
"cg_iq_a",66734.7,-12.0801
"cg_iq_a",66734.7,-14.686
"cg_iq_a",66734.8,-18.4943
"cg_iq_a",66734.8,-16.0968
"cg_iq_a",66734.8,-15.1451
"cg_iq_a",66734.8,-14.8657
"cg_iq_a",66734.8,-9.29328
"cg_iq_a",66734.8,-14.7698
"cg_iq_a",66734.9,-9.51125
"cg_iq_a",66734.9,-20.9908
"cg_iq_a",66734.9,-14.8716
"cg_iq_a",66734.9,-18.4888
"cg_iq_a",66734.9,-14.6968
"cg_iq_a",66734.9,-12.9873
"cg_iq_a",66734.9,-15.505
"cg_iq_a",66734.9,-14.8221
"cg_iq_a",66735,-17.675
"cg_iq_a",66735,-13.2886
"cg_iq_a",66735,-11.4498
"cg_iq_a",66735,-14.0993
"cg_iq_a",66735,-19.1917
"cg_iq_a",66735,-15.0298
"cg_iq_a",66735.1,-16.9633
"cg_iq_a",66735.1,-15.1978
"cg_iq_a",66735.1,-13.9147
"cg_iq_a",66735.1,-8.92624
"cg_iq_a",66735.1,-19.0088
"cg_iq_a",66735.1,-16.4424
"cg_iq_a",66735.1,-19.8474
"cg_iq_a",66735.2,-13.9289
"cg_iq_a",66735.2,-10.4652
"cg_iq_a",66735.2,-13.269
"cg_iq_a",66735.2,-13.2871
"cg_iq_a",66735.2,-18.3805
"cg_iq_a",66735.2,-15.9273
"cg_iq_a",66735.2,-18.1685
"cg_iq_a",66735.2,-14.3807
"cg_iq_a",66735.2,-17.5754
"cg_iq_a",66735.3,-14.1266
"cg_iq_a",66735.3,-17.2192
"cg_iq_a",66735.3,-13.8334
"cg_iq_a",66735.3,-16.5997
"cg_iq_a",66735.3,-12.0024
"cg_iq_a",66735.3,-13.8509
"cg_iq_a",66735.3,-14.353
"cg_iq_a",66735.3,-13.8885
"cg_iq_a",66735.3,-14.3854
"cg_iq_a",66735.3,-15.1304
"cg_iq_a",66735.3,-12.6351
"cg_iq_a",66735.4,-16.177
"cg_iq_a",66735.4,-15.4503
"cg_iq_a",66735.4,-15.1743
"cg_iq_a",66735.4,-15.9093
"cg_iq_a",66735.4,-14.987
"cg_iq_a",66735.4,-18.4337
"cg_iq_a",66735.4,-16.565
"cg_iq_a",66735.4,-16.6734
"cg_iq_a",66735.4,-16.7828
"cg_iq_a",66735.4,-15.2068
"cg_iq_a",66735.4,-17.7951
"cg_iq_a",66735.5,-14.7618
"cg_iq_a",66735.5,-16.5743
"cg_iq_a",66735.5,-14.1053
"cg_iq_a",66735.5,-14.6477
"cg_iq_a",66735.5,-15.7885
"cg_iq_a",66735.5,-14.0545
"cg_iq_a",66735.5,-14.5747
"cg_iq_a",66735.5,-13.6186
"cg_iq_a",66735.5,-13.7826
"cg_iq_a",66735.5,-16.3146
"cg_iq_a",66735.5,-11.7992
"cg_iq_a",66735.5,-14.9386
"cg_iq_a",66735.6,-12.6533
"cg_iq_a",66735.6,-13.965
"cg_iq_a",66735.6,-12.8664
"cg_iq_a",66735.6,-13.7734
"cg_iq_a",66735.6,-13.0883
"cg_iq_a",66735.6,-14.4119
"cg_iq_a",66735.6,-15.5249
"cg_iq_a",66735.6,-16.7606
"cg_iq_a",66735.6,-11.2334
"cg_iq_a",66735.6,-16.3892
"cg_iq_a",66735.6,-14.5485
"cg_iq_a",66735.6,-16.0825
"cg_iq_a",66735.7,-16.0913
"cg_iq_a",66735.7,-15.0849
"cg_iq_a",66735.7,-15.3547
"cg_iq_a",66735.7,-15.9731
"cg_iq_a",66735.7,-15.2442
"cg_iq_a",66735.7,-17.4283
"cg_iq_a",66735.7,-14.5075
"cg_iq_a",66735.7,-16.9803
"cg_iq_a",66735.7,-16.3144
"cg_iq_a",66735.7,-16.5833
"cg_iq_a",66735.8,-18.9906
"cg_iq_a",66735.8,-17.6263
"cg_iq_a",66735.8,-17.7642
"cg_iq_a",66735.8,-16.1084
"cg_iq_a",66735.8,-12.2002
"cg_iq_a",66735.8,-13.2554
"cg_iq_a",66735.8,-10.8444
"cg_iq_a",66735.8,-13.7726
"cg_iq_a",66735.8,-11.751
"cg_iq_a",66735.8,-15.3362
"cg_iq_a",66735.8,-13.8105
"cg_iq_a",66735.9,-16.6102
"cg_iq_a",66735.9,-14.6098
"cg_iq_a",66735.9,-17.7877
"cg_iq_a",66735.9,-13.9173
"cg_iq_a",66735.9,-15.3226
"cg_iq_a",66735.9,-14.1924
"cg_iq_a",66735.9,-15.9111
"cg_iq_a",66735.9,-15.1761
"cg_iq_a",66735.9,-16.0692
"cg_iq_a",66735.9,-13.6761
"cg_iq_a",66735.9,-12.5406
"cg_iq_a",66736,-9.33486
"cg_iq_a",66736,-14.3509
"cg_iq_a",66736,-18.0933
"cg_iq_a",66736,-12.5897
"cg_iq_a",66736,-21.5515
"cg_iq_a",66736,-13.9847
"cg_iq_a",66736,-19.2591
"cg_iq_a",66736,-16.567
"cg_iq_a",66736,-16.9982
"cg_iq_a",66736,-11.5765
"cg_iq_a",66736,-12.1846
"cg_iq_a",66736.1,-10.7166
"cg_iq_a",66736.1,-16.8143
"cg_iq_a",66736.1,-16.3586
"cg_iq_a",66736.1,-16.7048
"cg_iq_a",66736.1,-16.3526
"cg_iq_a",66736.1,-16.4873
"cg_iq_a",66736.1,-16.0649
"cg_iq_a",66736.1,-12.4492
"cg_iq_a",66736.1,-11.79
"cg_iq_a",66736.1,-15.9889
"cg_iq_a",66736.2,-14.0656
"cg_iq_a",66736.2,-17.7735
"cg_iq_a",66736.2,-14.7921
"cg_iq_a",66736.2,-14.7423
"cg_iq_a",66736.2,-13.0767
"cg_iq_a",66736.2,-13.4954
"cg_iq_a",66736.2,-11.3951
"cg_iq_a",66736.2,-14.6218
"cg_iq_a",66736.2,-20.3539
"cg_iq_a",66736.2,-13.8228
"cg_iq_a",66736.3,-21.1987
"cg_iq_a",66736.3,-9.6866
"cg_iq_a",66736.3,-9.73651
"cg_iq_a",66736.3,-12.7784
"cg_iq_a",66736.3,-15.336
"cg_iq_a",66736.3,-18.4047
"cg_iq_a",66736.3,-16.6447
"cg_iq_a",66736.3,-16.622
"cg_iq_a",66736.3,-14.4984
"cg_iq_a",66736.4,-7.32481
"cg_iq_a",66736.4,-17.3248
"cg_iq_a",66736.4,-13.796
"cg_iq_a",66736.4,-15.0166
"cg_iq_a",66736.4,-13.9321
"cg_iq_a",66736.4,-13.5898
"cg_iq_a",66736.4,-15.3236
"cg_iq_a",66736.4,-14.5025
"cg_iq_a",66736.4,-20.9273
"cg_iq_a",66736.4,-12.0606
"cg_iq_a",66736.5,-19.3178
"cg_iq_a",66736.5,-8.86359
"cg_iq_a",66736.5,-15.5461
"cg_iq_a",66736.5,-15.8852
"cg_iq_a",66736.5,-14.8481
"cg_iq_a",66736.5,-18.6651
"cg_iq_a",66736.5,-13.9744
"cg_iq_a",66736.5,-8.55812
"cg_iq_a",66736.5,-17.6906
"cg_iq_a",66736.5,-14.3279
"cg_iq_a",66736.6,-17.2073
"cg_iq_a",66736.6,-10.8313
"cg_iq_a",66736.6,-8.36062
"cg_iq_a",66736.6,-20.5655
"cg_iq_a",66736.6,-16.6273
"cg_iq_a",66736.6,-20.0366
"cg_iq_a",66736.6,-11.8688
"cg_iq_a",66736.6,-7.545
"cg_iq_a",66736.6,-13.8039
"cg_iq_a",66736.6,-16.6885
"cg_iq_a",66736.7,-15.2917
"cg_iq_a",66736.7,-13.5455
"cg_iq_a",66736.7,-12.9956
"cg_iq_a",66736.7,-19.8216
"cg_iq_a",66736.7,-16.2433
"cg_iq_a",66736.7,-16.4797
"cg_iq_a",66736.7,-12.9587
"cg_iq_a",66736.7,-14.9131
"cg_iq_a",66736.7,-20.8244
"cg_iq_a",66736.7,-10.3661
"cg_iq_a",66736.8,-14.2146
"cg_iq_a",66736.8,-13.2959
"cg_iq_a",66736.8,-14.6037
"cg_iq_a",66736.8,-13.8972
"cg_iq_a",66736.8,-13.0315
"cg_iq_a",66736.8,-13.5056
"cg_iq_a",66736.8,-15.6944
"cg_iq_a",66736.8,-12.1859
"cg_iq_a",66736.8,-10.2494
"cg_iq_a",66736.8,-13.012
"cg_iq_a",66736.9,-11.3203
"cg_iq_a",66736.9,-15.4508
"cg_iq_a",66736.9,-7.35051
"cg_iq_a",66736.9,-9.89824
"cg_iq_a",66736.9,-11.216
"cg_iq_a",66736.9,-1.0689
"cg_iq_a",66736.9,0.297698
"cg_iq_a",66736.9,-2.06889
"cg_iq_a",66736.9,2.18276
"cg_iq_a",66736.9,-0.940074
"cg_iq_a",66737,0.00841472
"cg_iq_a",66737,-0.556799
"cg_iq_a",66737,-0.041053
"cg_iq_a",66737,0.0639866
"cg_iq_a",66737,-0.524525
"cg_iq_a",66737,1.46691
"cg_iq_a",66737,-2.52955
"cg_iq_a",66737,1.99731
"cg_iq_a",66737,-2.36569
"cg_iq_a",66737,1.62446
"cg_iq_a",66737.1,-0.773391
"cg_iq_a",66737.1,-0.766088
"cg_iq_a",66737.1,-0.690924
"cg_iq_a",66737.1,0.777494
"cg_iq_a",66737.1,-1.1326
"cg_iq_a",66737.1,1.52944
"cg_iq_a",66737.1,-0.671417
"cg_iq_a",66737.1,1.0093
"cg_iq_a",66737.1,-0.103953
"cg_iq_a",66737.1,-0.23586
"cg_iq_a",66737.1,0.592126
"cg_iq_a",66737.2,-0.138343
"cg_iq_a",66737.2,-0.206548
"cg_iq_a",66737.2,0.0945224
"cg_iq_a",66737.2,0.958206
"cg_iq_a",66737.2,-1.67796
"cg_iq_a",66737.2,2.66498
"cg_iq_a",66737.2,-0.421915
"cg_iq_a",66737.2,1.56392
"cg_iq_a",66737.2,-1.69886
"cg_iq_a",66737.2,0.518885
"cg_iq_a",66737.3,-0.164811
"cg_iq_a",66737.3,0.212505
"cg_iq_a",66737.3,-0.983575
"cg_iq_a",66737.3,1.52893
"cg_iq_a",66737.3,-2.22242
"cg_iq_a",66737.3,3.37187
"cg_iq_a",66737.3,-2.02144
"cg_iq_a",66737.3,1.40132
"cg_iq_a",66737.3,-1.30695
"cg_iq_a",66737.4,-0.370421
"cg_iq_a",66737.4,-0.478827
"cg_iq_a",66737.4,0.644849
"cg_iq_a",66737.4,-1.2848
"cg_iq_a",66737.4,2.58196
"cg_iq_a",66737.4,-3.6133
"cg_iq_a",66737.4,3.24121
"cg_iq_a",66737.4,-1.67683
"cg_iq_a",66737.4,1.65284
"cg_iq_a",66737.4,-0.972678
"cg_iq_a",66737.5,0.547397
"cg_iq_a",66737.5,0.164149
"cg_iq_a",66737.5,-0.205053
"cg_iq_a",66737.5,-1.72384
"cg_iq_a",66737.5,2.35512
"cg_iq_a",66737.5,-2.97401
"cg_iq_a",66737.5,2.87497
"cg_iq_a",66737.5,-1.528
"cg_iq_a",66737.5,3.03805
"cg_iq_a",66737.5,-0.607454
"cg_iq_a",66737.5,-1.22872
"cg_iq_a",66737.6,0.447804
"cg_iq_a",66737.6,0.00672532
"cg_iq_a",66737.6,-0.546342
"cg_iq_a",66737.6,0.275748
"cg_iq_a",66737.6,-0.301249
"cg_iq_a",66737.6,-0.273041
"cg_iq_a",66737.6,0.33541
"cg_iq_a",66737.6,-0.340466
"cg_iq_a",66737.6,0.242417
"cg_iq_a",66737.6,-0.619972
"cg_iq_a",66737.7,0.346606
"cg_iq_a",66737.7,0.142314
"cg_iq_a",66737.7,0.860666
"cg_iq_a",66737.7,-1.54118
"cg_iq_a",66737.7,2.24192
"cg_iq_a",66737.7,-3.19361
"cg_iq_a",66737.7,2.71509
"cg_iq_a",66737.7,-4.19097
"cg_iq_a",66737.7,2.48388
"cg_iq_a",66737.8,-0.919665
"cg_iq_a",66737.8,0.00222638
"cg_iq_a",66737.8,-0.0303475
"cg_iq_a",66737.8,0.0924025
"cg_iq_a",66737.8,-0.351855
"cg_iq_a",66737.8,-0.180191
"cg_iq_a",66737.8,1.48994
"cg_iq_a",66737.8,-1.21839
"cg_iq_a",66737.8,1.28519
"cg_iq_a",66737.8,-1.86266
"cg_iq_a",66737.9,1.57527
"cg_iq_a",66737.9,-1.06598
"cg_iq_a",66737.9,-1.20261
"cg_iq_a",66737.9,0.530064
"cg_iq_a",66737.9,-0.924613
"cg_iq_a",66737.9,-0.731234
"cg_iq_a",66737.9,1.9536
"cg_iq_a",66737.9,-0.873815
"cg_iq_a",66737.9,-0.525625
"cg_iq_a",66737.9,1.43653
"cg_iq_a",66738,-1.50894
"cg_iq_a",66738,1.8316
"cg_iq_a",66738,-1.02793
"cg_iq_a",66738,0.294669
"cg_iq_a",66738,-0.557513
"cg_iq_a",66738,0.698929
"cg_iq_a",66738,-0.677932
"cg_iq_a",66738,0.653784
"cg_iq_a",66738,0.945797
"cg_iq_a",66738,-0.870088
"cg_iq_a",66738.1,2.0153
"cg_iq_a",66738.1,-2.66006
"cg_iq_a",66738.1,1.16399
"cg_iq_a",66738.1,-0.797853
"cg_iq_a",66738.1,-0.0814679
"cg_iq_a",66738.1,-0.197993
"cg_iq_a",66738.1,0.265439
"cg_iq_a",66738.1,0.195241
"cg_iq_a",66738.1,-0.895392
"cg_iq_a",66738.1,2.22419
"cg_iq_a",66738.2,-3.01509
"cg_iq_a",66738.2,2.26138
"cg_iq_a",66738.2,-2.5387
"cg_iq_a",66738.2,2.38441
"cg_iq_a",66738.2,-0.098203
"cg_iq_a",66738.2,-0.413214
"cg_iq_a",66738.2,1.18123
"cg_iq_a",66738.2,-0.511177
"cg_iq_a",66738.2,-1.12659
"cg_iq_a",66738.2,-1.83875
"cg_iq_a",66738.3,1.89606
"cg_iq_a",66738.3,-1.83874
"cg_iq_a",66738.3,0.313155
"cg_iq_a",66738.3,1.14676
"cg_iq_a",66738.3,-1.94829
"cg_iq_a",66738.3,1.76508
"cg_iq_a",66738.3,-0.761964
"cg_iq_a",66738.3,0.850193
"cg_iq_a",66738.3,0.505578
"cg_iq_a",66738.3,0.0268425
"cg_iq_a",66738.4,0.564243
"cg_iq_a",66738.4,-0.232539
"cg_iq_a",66738.4,2.98864
"cg_iq_a",66738.4,-2.93519
"cg_iq_a",66738.4,2.37074
"cg_iq_a",66738.4,-0.0404921
"cg_iq_a",66738.4,-0.860062
"cg_iq_a",66738.4,1.41588
"cg_iq_a",66738.4,-0.822917
"cg_iq_a",66738.4,0.233876
"cg_iq_a",66738.5,-0.946885
"cg_iq_a",66738.5,-0.33686
"cg_iq_a",66738.5,1.05604
"cg_iq_a",66738.5,-1.40779
"cg_iq_a",66738.5,2.10472
"cg_iq_a",66738.5,-2.9175
"cg_iq_a",66738.5,0.767027
"cg_iq_a",66738.5,0.273254
"cg_iq_a",66738.5,-1.33377
"cg_iq_a",66738.5,1.51367
"cg_iq_a",66738.6,-1.77968
"cg_iq_a",66738.6,0.0331309
"cg_iq_a",66738.6,0.201656
"cg_iq_a",66738.6,-1.06276
"cg_iq_a",66738.6,1.09082
"cg_iq_a",66738.6,-1.53499
"cg_iq_a",66738.6,2.57663
"cg_iq_a",66738.6,-0.593136
"cg_iq_a",66738.6,-0.985223
"cg_iq_a",66738.6,2.60713
"cg_iq_a",66738.7,-2.86701
"cg_iq_a",66738.7,1.25592
"cg_iq_a",66738.7,0.0200307
"cg_iq_a",66738.7,-1.07779
"cg_iq_a",66738.7,0.253569
"cg_iq_a",66738.7,-0.570002
"cg_iq_a",66738.7,0.635107
"cg_iq_a",66738.7,-0.382429
"cg_iq_a",66738.7,-0.858137
"cg_iq_a",66738.7,2.7247
"cg_iq_a",66738.8,-2.95334
"cg_iq_a",66738.8,1.57083
"cg_iq_a",66738.8,0.817711
"cg_iq_a",66738.8,-2.37374
"cg_iq_a",66738.8,1.32861
"cg_iq_a",66738.8,-0.598655
"cg_iq_a",66738.8,-1.99738
"cg_iq_a",66738.8,0.335472
"cg_iq_a",66738.8,-0.0773792
"cg_iq_a",66738.8,0.741493
"cg_iq_a",66738.9,0.423627
"cg_iq_a",66738.9,-0.646851
"cg_iq_a",66738.9,1.67882
"cg_iq_a",66738.9,-4.3129
"cg_iq_a",66738.9,0.737572
"cg_iq_a",66738.9,-0.011206
"cg_iq_a",66738.9,-1.73474
"cg_iq_a",66738.9,2.30809
"cg_iq_a",66738.9,-0.982538
"cg_iq_a",66739,-0.398404
"cg_iq_a",66739,0.847073
"cg_iq_a",66739,-0.256918
"cg_iq_a",66739,0.599575
"cg_iq_a",66739,0.480709
"cg_iq_a",66739,-0.792686
"cg_iq_a",66739,2.21528
"cg_iq_a",66739,-0.772728
"cg_iq_a",66739,0.317513
"cg_iq_a",66739,2.64446
"cg_iq_a",66739.1,-2.56145
"cg_iq_a",66739.1,1.11761
"cg_iq_a",66739.1,0.277177
"cg_iq_a",66739.1,-0.454408
"cg_iq_a",66739.1,0.469713
"cg_iq_a",66739.1,1.09217
"cg_iq_a",66739.1,-0.650382
"cg_iq_a",66739.1,0.42149
"cg_iq_a",66739.1,-2.38147
"cg_iq_a",66739.1,0.260781
"cg_iq_a",66739.1,1.77173
"cg_iq_a",66739.2,-3.25191
"cg_iq_a",66739.2,1.9698
"cg_iq_a",66739.2,-1.13206
"cg_iq_a",66739.2,-1.88337
"cg_iq_a",66739.2,2.30527
"cg_iq_a",66739.2,-0.462726
"cg_iq_a",66739.2,-0.607406
"cg_iq_a",66739.2,0.483253
"cg_iq_a",66739.2,1.18205
"cg_iq_a",66739.2,0.641582
"cg_iq_a",66739.3,0.802599
"cg_iq_a",66739.3,-1.6108
"cg_iq_a",66739.3,0.85883
"cg_iq_a",66739.3,0.826403
"cg_iq_a",66739.3,-3.3681
"cg_iq_a",66739.3,1.82483
"cg_iq_a",66739.3,0.624765
"cg_iq_a",66739.3,-2.18187
"cg_iq_a",66739.3,1.71092
"cg_iq_a",66739.4,-0.199132
"cg_iq_a",66739.4,-0.715058
"cg_iq_a",66739.4,-0.0339655
"cg_iq_a",66739.4,0.6838
"cg_iq_a",66739.4,-0.454217
"cg_iq_a",66739.4,1.38361
"cg_iq_a",66739.4,-0.92764
"cg_iq_a",66739.4,-0.0368475
"cg_iq_a",66739.4,1.96743
"cg_iq_a",66739.4,-1.62969
"cg_iq_a",66739.5,-0.695958
"cg_iq_a",66739.5,2.88814
"cg_iq_a",66739.5,-2.62569
"cg_iq_a",66739.5,-0.234263
"cg_iq_a",66739.5,1.49605
"cg_iq_a",66739.5,-1.50671
"cg_iq_a",66739.5,-0.30568
"cg_iq_a",66739.5,-0.00331468
"cg_iq_a",66739.5,-0.424717
"cg_iq_a",66739.5,-0.13373
"cg_iq_a",66739.6,1.84416
"cg_iq_a",66739.6,-2.40438
"cg_iq_a",66739.6,-0.607416
"cg_iq_a",66739.6,1.95381
"cg_iq_a",66739.6,-3.46305
"cg_iq_a",66739.6,0.00826947
"cg_iq_a",66739.6,2.25411
"cg_iq_a",66739.6,-1.80753
"cg_iq_a",66739.6,-1.05667
"cg_iq_a",66739.6,1.39534
"cg_iq_a",66739.6,0.0413523
"cg_iq_a",66739.7,-0.220535
"cg_iq_a",66739.7,0.847495
"cg_iq_a",66739.7,1.96143
"cg_iq_a",66739.7,-0.388052
"cg_iq_a",66739.7,0.981723
"cg_iq_a",66739.7,-0.490528
"cg_iq_a",66739.7,-0.254057
"cg_iq_a",66739.7,3.17903
"cg_iq_a",66739.7,-1.55624
"cg_iq_a",66739.8,-2.30058
"cg_iq_a",66739.8,3.19445
"cg_iq_a",66739.8,-0.0189913
"cg_iq_a",66739.8,-2.16238
"cg_iq_a",66739.8,0.870212
"cg_iq_a",66739.8,0.0655338
"cg_iq_a",66739.8,-0.343486
"cg_iq_a",66739.8,-0.934947
"cg_iq_a",66739.8,0.389182
"cg_iq_a",66739.8,-0.208397
"cg_iq_a",66739.9,-0.317674
"cg_iq_a",66739.9,0.661979
"cg_iq_a",66739.9,-1.74883
"cg_iq_a",66739.9,-0.620324
"cg_iq_a",66739.9,1.60655
"cg_iq_a",66739.9,-1.40013
"cg_iq_a",66739.9,-1.38115
"cg_iq_a",66739.9,1.62736
"cg_iq_a",66739.9,-1.12574
"cg_iq_a",66739.9,-1.99743
"cg_iq_a",66740,1.47008
"cg_iq_a",66740,1.21389
"cg_iq_a",66740,-1.0879
"cg_iq_a",66740,-0.215927
"cg_iq_a",66740,0.125792
"cg_iq_a",66740,-0.119595
"cg_iq_a",66740,0.279571
"cg_iq_a",66740,1.02145
"cg_iq_a",66740,-1.03125
"cg_iq_a",66740,-1.35262
"cg_iq_a",66740.1,1.06977
"cg_iq_a",66740.1,0.750394
"cg_iq_a",66740.1,-3.48799
"cg_iq_a",66740.1,1.76781
"cg_iq_a",66740.1,1.9985
"cg_iq_a",66740.1,-2.20218
"cg_iq_a",66740.1,-0.462095
"cg_iq_a",66740.1,1.52402
"cg_iq_a",66740.1,-0.333481
"cg_iq_a",66740.1,-0.641862
"cg_iq_a",66740.1,0.800781
"cg_iq_a",66740.2,0.0530453
"cg_iq_a",66740.2,-1.00466
"cg_iq_a",66740.2,-0.0479605
"cg_iq_a",66740.2,0.804876
"cg_iq_a",66740.2,-0.643677
"cg_iq_a",66740.2,-1.20839
"cg_iq_a",66740.2,1.31994
"cg_iq_a",66740.2,0.695395
"cg_iq_a",66740.2,-2.351
"cg_iq_a",66740.2,0.194604
"cg_iq_a",66740.3,3.33637
"cg_iq_a",66740.3,-0.229239
"cg_iq_a",66740.3,-2.05721
"cg_iq_a",66740.3,1.23642
"cg_iq_a",66740.3,0.753306
"cg_iq_a",66740.3,-2.39644
"cg_iq_a",66740.3,-0.486754
"cg_iq_a",66740.3,-1.36584
"cg_iq_a",66740.3,-0.108017
"cg_iq_a",66740.4,-0.507149
"cg_iq_a",66740.4,2.30356
"cg_iq_a",66740.4,0.500228
"cg_iq_a",66740.4,-1.17204
"cg_iq_a",66740.4,-1.16678
"cg_iq_a",66740.4,2.57872
"cg_iq_a",66740.4,-0.58565
"cg_iq_a",66740.4,-3.46095
"cg_iq_a",66740.4,1.37384
"cg_iq_a",66740.4,2.49956
"cg_iq_a",66740.5,-0.947864
"cg_iq_a",66740.5,-1.74676
"cg_iq_a",66740.5,1.46216
"cg_iq_a",66740.5,0.868665
"cg_iq_a",66740.5,-0.0928538
"cg_iq_a",66740.5,-1.06573
"cg_iq_a",66740.5,0.714886
"cg_iq_a",66740.5,0.458471
"cg_iq_a",66740.5,0.06811
"cg_iq_a",66740.5,0.184982
"cg_iq_a",66740.6,0.0165884
"cg_iq_a",66740.6,0.276307
"cg_iq_a",66740.6,-2.131
"cg_iq_a",66740.6,0.459427
"cg_iq_a",66740.6,1.64184
"cg_iq_a",66740.6,-1.3637
"cg_iq_a",66740.6,-2.15813
"cg_iq_a",66740.6,1.1204
"cg_iq_a",66740.6,2.48461
"cg_iq_a",66740.6,-1.40968
"cg_iq_a",66740.7,-1.61476
"cg_iq_a",66740.7,1.28948
"cg_iq_a",66740.7,0.454629
"cg_iq_a",66740.7,-0.497448
"cg_iq_a",66740.7,-0.593195
"cg_iq_a",66740.7,0.168805
"cg_iq_a",66740.7,0.0541881
"cg_iq_a",66740.7,-0.288104
"cg_iq_a",66740.7,-0.428586
"cg_iq_a",66740.8,0.814173
"cg_iq_a",66740.8,0.757841
"cg_iq_a",66740.8,-0.29303
"cg_iq_a",66740.8,-0.626731
"cg_iq_a",66740.8,2.64514
"cg_iq_a",66740.8,1.10738
"cg_iq_a",66740.8,-2.85269
"cg_iq_a",66740.8,-1.64595
"cg_iq_a",66740.8,2.9962
"cg_iq_a",66740.8,1.62999
"cg_iq_a",66740.8,-2.28331
"cg_iq_a",66740.9,-1.32361
"cg_iq_a",66740.9,2.95277
"cg_iq_a",66740.9,1.27528
"cg_iq_a",66740.9,-1.73557
"cg_iq_a",66740.9,-1.12443
"cg_iq_a",66740.9,0.214948
"cg_iq_a",66740.9,0.438608
"cg_iq_a",66740.9,-0.197924
"cg_iq_a",66740.9,-0.787711
"cg_iq_a",66740.9,0.0182413
"cg_iq_a",66741,1.27215
"cg_iq_a",66741,-0.408418
"cg_iq_a",66741,-0.143853
"cg_iq_a",66741,0.398824
"cg_iq_a",66741,2.22826
"cg_iq_a",66741,0.281046
"cg_iq_a",66741,-3.57036
"cg_iq_a",66741,-0.687393
"cg_iq_a",66741,2.35396
"cg_iq_a",66741,1.31534
"cg_iq_a",66741.1,-2.02675
"cg_iq_a",66741.1,-1.4024
"cg_iq_a",66741.1,2.62774
"cg_iq_a",66741.1,0.830909
"cg_iq_a",66741.1,-0.306448
"cg_iq_a",66741.1,-0.825523
"cg_iq_a",66741.1,-0.645914
"cg_iq_a",66741.1,0.0134418
"cg_iq_a",66741.1,0.444832
"cg_iq_a",66741.1,-0.198986
"cg_iq_a",66741.2,0.263418
"cg_iq_a",66741.2,1.13153
"cg_iq_a",66741.2,0.750915
"cg_iq_a",66741.2,-0.269139
"cg_iq_a",66741.2,-1.24077
"cg_iq_a",66741.2,0.717045
"cg_iq_a",66741.2,2.47515
"cg_iq_a",66741.2,-0.855571
"cg_iq_a",66741.2,-3.22389
"cg_iq_a",66741.2,-0.970132
"cg_iq_a",66741.3,2.09021
"cg_iq_a",66741.3,1.30342
"cg_iq_a",66741.3,-2.45835
"cg_iq_a",66741.3,-2.20328
"cg_iq_a",66741.3,0.548325
"cg_iq_a",66741.3,1.7315
"cg_iq_a",66741.3,0.311816
"cg_iq_a",66741.3,-1.13871
"cg_iq_a",66741.3,-0.161732
"cg_iq_a",66741.3,0.887518
"cg_iq_a",66741.4,0.354959
"cg_iq_a",66741.4,0.188994
"cg_iq_a",66741.4,0.984263
"cg_iq_a",66741.4,-0.567207
"cg_iq_a",66741.4,1.29821
"cg_iq_a",66741.4,0.825002
"cg_iq_a",66741.4,-1.92097
"cg_iq_a",66741.4,-1.34273
"cg_iq_a",66741.4,0.854864
"cg_iq_a",66741.4,2.483
"cg_iq_a",66741.5,1.02534
"cg_iq_a",66741.5,-2.38545
"cg_iq_a",66741.5,-2.137
"cg_iq_a",66741.5,2.40369
"cg_iq_a",66741.5,2.59985
"cg_iq_a",66741.5,1.03813
"cg_iq_a",66741.5,-2.40238
"cg_iq_a",66741.5,-2.23052
"cg_iq_a",66741.5,1.29032
"cg_iq_a",66741.5,1.69595
"cg_iq_a",66741.6,-0.22276
"cg_iq_a",66741.6,-1.16759
"cg_iq_a",66741.6,-0.307674
"cg_iq_a",66741.6,-0.180123
"cg_iq_a",66741.6,0.452488
"cg_iq_a",66741.6,0.231756
"cg_iq_a",66741.6,-1.28678
"cg_iq_a",66741.6,-0.383597
"cg_iq_a",66741.6,0.0978022
"cg_iq_a",66741.6,0.522723
"cg_iq_a",66741.7,0.261543
"cg_iq_a",66741.7,-1.50367
"cg_iq_a",66741.7,-1.20999
"cg_iq_a",66741.7,1.0428
"cg_iq_a",66741.7,2.57287
"cg_iq_a",66741.7,0.626538
"cg_iq_a",66741.7,-2.28006
"cg_iq_a",66741.7,-2.00234
"cg_iq_a",66741.7,0.588237
"cg_iq_a",66741.8,2.82361
"cg_iq_a",66741.8,1.90792
"cg_iq_a",66741.8,-1.48087
"cg_iq_a",66741.8,-2.6101
"cg_iq_a",66741.8,-0.156027
"cg_iq_a",66741.8,1.59163
"cg_iq_a",66741.8,1.61472
"cg_iq_a",66741.8,-0.363629
"cg_iq_a",66741.8,1.42834
"cg_iq_a",66741.8,-0.602199
"cg_iq_a",66741.9,0.136834
"cg_iq_a",66741.9,0.700288
"cg_iq_a",66741.9,0.105276
"cg_iq_a",66741.9,0.432
"cg_iq_a",66741.9,0.1206
"cg_iq_a",66741.9,-0.56739
"cg_iq_a",66741.9,0.686265
"cg_iq_a",66741.9,-0.20567
"cg_iq_a",66741.9,-0.264253
"cg_iq_a",66741.9,-2.50844
"cg_iq_a",66741.9,-0.876922
"cg_iq_a",66742,1.00562
"cg_iq_a",66742,1.81616
"cg_iq_a",66742,1.70929
"cg_iq_a",66742,-2.93526
"cg_iq_a",66742,-3.39709
"cg_iq_a",66742,-1.33203
"cg_iq_a",66742,1.86515
"cg_iq_a",66742,3.55139
"cg_iq_a",66742,0.640896
"cg_iq_a",66742,-0.871421
"cg_iq_a",66742.1,-1.95389
"cg_iq_a",66742.1,-0.387047
"cg_iq_a",66742.1,1.54056
"cg_iq_a",66742.1,0.65318
"cg_iq_a",66742.1,-0.0198576
"cg_iq_a",66742.1,-1.32305
"cg_iq_a",66742.1,-0.583547
"cg_iq_a",66742.1,-0.469284
"cg_iq_a",66742.1,-0.13711
"cg_iq_a",66742.1,0.932046
"cg_iq_a",66742.2,0.355565
"cg_iq_a",66742.2,0.442207
"cg_iq_a",66742.2,-0.949407
"cg_iq_a",66742.2,-0.178416
"cg_iq_a",66742.2,0.297093
"cg_iq_a",66742.2,1.52802
"cg_iq_a",66742.2,1.69188
"cg_iq_a",66742.2,-1.02088
"cg_iq_a",66742.2,-2.08345
"cg_iq_a",66742.2,-0.905561
"cg_iq_a",66742.3,1.46486
"cg_iq_a",66742.3,2.68244
"cg_iq_a",66742.3,1.5158
"cg_iq_a",66742.3,-1.33413
"cg_iq_a",66742.3,-3.45285
"cg_iq_a",66742.3,-2.15584
"cg_iq_a",66742.3,0.541774
"cg_iq_a",66742.3,2.70286
"cg_iq_a",66742.3,2.57194
"cg_iq_a",66742.3,-0.970031
"cg_iq_a",66742.4,-2.37299
"cg_iq_a",66742.4,-2.00808
"cg_iq_a",66742.4,-0.510672
"cg_iq_a",66742.4,1.68374
"cg_iq_a",66742.4,1.10504
"cg_iq_a",66742.4,0.727888
"cg_iq_a",66742.4,-0.523275
"cg_iq_a",66742.4,-0.997479
"cg_iq_a",66742.4,0.202885
"cg_iq_a",66742.4,-0.17497
"cg_iq_a",66742.5,0.104026
"cg_iq_a",66742.5,-0.324993
"cg_iq_a",66742.5,0.298768
"cg_iq_a",66742.5,0.406429
"cg_iq_a",66742.5,-0.866033
"cg_iq_a",66742.5,-0.325245
"cg_iq_a",66742.5,-0.53989
"cg_iq_a",66742.5,0.500164
"cg_iq_a",66742.5,0.990136
"cg_iq_a",66742.5,0.76709
"cg_iq_a",66742.6,-0.557556
"cg_iq_a",66742.6,-2.16466
"cg_iq_a",66742.6,-0.79268
"cg_iq_a",66742.6,0.761825
"cg_iq_a",66742.6,2.20713
"cg_iq_a",66742.6,1.9367
"cg_iq_a",66742.6,0.466514
"cg_iq_a",66742.6,-1.43529
"cg_iq_a",66742.6,-3.10478
"cg_iq_a",66742.6,-2.20325
"cg_iq_a",66742.7,1.01306
"cg_iq_a",66742.7,2.04519
"cg_iq_a",66742.7,3.35568
"cg_iq_a",66742.7,1.25748
"cg_iq_a",66742.7,-0.85261
"cg_iq_a",66742.7,-2.07849
"cg_iq_a",66742.7,-2.44542
"cg_iq_a",66742.7,0.0601561
"cg_iq_a",66742.7,1.0625
"cg_iq_a",66742.7,2.47357
"cg_iq_a",66742.8,1.88141
"cg_iq_a",66742.8,-0.500313
"cg_iq_a",66742.8,0.0917239
"cg_iq_a",66742.8,2.21332
"cg_iq_a",66742.8,-0.82142
"cg_iq_a",66742.8,-0.628593
"cg_iq_a",66742.8,0.167698
"cg_iq_a",66742.8,-0.458424
"cg_iq_a",66742.8,0.827567
"cg_iq_a",66742.8,0.278938
"cg_iq_a",66742.9,0.9182
"cg_iq_a",66742.9,-0.980743
"cg_iq_a",66742.9,-0.255467
"cg_iq_a",66742.9,-0.0167356
"cg_iq_a",66742.9,0.353809
"cg_iq_a",66742.9,0.911331
"cg_iq_a",66742.9,0.890783
"cg_iq_a",66742.9,-0.101345
"cg_iq_a",66742.9,-0.809246
"cg_iq_a",66742.9,-3.3954
"cg_iq_a",66742.9,-1.42496
"cg_iq_a",66743,0.208764
"cg_iq_a",66743,1.76601
"cg_iq_a",66743,2.16757
"cg_iq_a",66743,1.60648
"cg_iq_a",66743,-0.0993732
"cg_iq_a",66743,-1.76332
"cg_iq_a",66743,-3.51915
"cg_iq_a",66743,-3.19848
"cg_iq_a",66743,-1.56232
"cg_iq_a",66743,1.2658
"cg_iq_a",66743.1,2.98648
"cg_iq_a",66743.1,2.62215
"cg_iq_a",66743.1,1.63919
"cg_iq_a",66743.1,-0.219741
"cg_iq_a",66743.1,-2.57294
"cg_iq_a",66743.1,-1.35257
"cg_iq_a",66743.1,-2.27733
"cg_iq_a",66743.1,0.931732
"cg_iq_a",66743.1,0.460391
"cg_iq_a",66743.1,0.659722
"cg_iq_a",66743.2,1.58116
"cg_iq_a",66743.2,1.00473
"cg_iq_a",66743.2,0.408391
"cg_iq_a",66743.2,-0.692005
"cg_iq_a",66743.2,-0.606954
"cg_iq_a",66743.2,-1.02437
"cg_iq_a",66743.2,-0.51424
"cg_iq_a",66743.2,-0.428746
"cg_iq_a",66743.2,0.233506
"cg_iq_a",66743.2,0.532303
"cg_iq_a",66743.3,0.747123
"cg_iq_a",66743.3,0.290525
"cg_iq_a",66743.3,-0.446935
"cg_iq_a",66743.3,0.777593
"cg_iq_a",66743.3,-0.0931933
"cg_iq_a",66743.3,-0.213951
"cg_iq_a",66743.3,-0.291296
"cg_iq_a",66743.3,1.07988
"cg_iq_a",66743.3,1.57754
"cg_iq_a",66743.3,0.126971
"cg_iq_a",66743.4,0.616443
"cg_iq_a",66743.4,0.378031
"cg_iq_a",66743.4,-0.406486
"cg_iq_a",66743.4,-2.5222
"cg_iq_a",66743.4,-1.96522
"cg_iq_a",66743.4,-2.04632
"cg_iq_a",66743.4,-1.11409
"cg_iq_a",66743.4,0.539667
"cg_iq_a",66743.4,1.59022
"cg_iq_a",66743.4,1.71637
"cg_iq_a",66743.5,1.85915
"cg_iq_a",66743.5,0.350418
"cg_iq_a",66743.5,-1.44012
"cg_iq_a",66743.5,-2.17607
"cg_iq_a",66743.5,-3.54375
"cg_iq_a",66743.5,-2.89419
"cg_iq_a",66743.5,-1.42567
"cg_iq_a",66743.5,0.244885
"cg_iq_a",66743.5,1.62741
"cg_iq_a",66743.5,1.45242
"cg_iq_a",66743.6,2.96506
"cg_iq_a",66743.6,2.02547
"cg_iq_a",66743.6,1.48295
"cg_iq_a",66743.6,-0.95524
"cg_iq_a",66743.6,-1.55969
"cg_iq_a",66743.6,-1.80339
"cg_iq_a",66743.6,-1.36231
"cg_iq_a",66743.6,-1.85372
"cg_iq_a",66743.6,-0.432713
"cg_iq_a",66743.6,1.12625
"cg_iq_a",66743.7,1.71126
"cg_iq_a",66743.7,0.884849
"cg_iq_a",66743.7,1.75551
"cg_iq_a",66743.7,1.02433
"cg_iq_a",66743.7,0.38276
"cg_iq_a",66743.7,-0.974124
"cg_iq_a",66743.7,-0.0159538
"cg_iq_a",66743.7,-0.636337
"cg_iq_a",66743.7,-1.33903
"cg_iq_a",66743.7,-0.719719
"cg_iq_a",66743.8,-0.0909461
"cg_iq_a",66743.8,-0.497491
"cg_iq_a",66743.8,0.720596
"cg_iq_a",66743.8,0.918168
"cg_iq_a",66743.8,-0.421469
"cg_iq_a",66743.8,0.510954
"cg_iq_a",66743.8,0.435261
"cg_iq_a",66743.8,0.136378
"cg_iq_a",66743.8,-0.0196639
"cg_iq_a",66743.8,0.343264
"cg_iq_a",66743.9,-0.498555
"cg_iq_a",66743.9,-0.671598
"cg_iq_a",66743.9,-1.55349
"cg_iq_a",66743.9,-0.575176
"cg_iq_a",66743.9,0.293217
"cg_iq_a",66743.9,0.433338
"cg_iq_a",66743.9,0.699913
"cg_iq_a",66743.9,0.969406
"cg_iq_a",66743.9,0.772641
"cg_iq_a",66743.9,0.712268
"cg_iq_a",66744,0.606267
"cg_iq_a",66744,0.199764
"cg_iq_a",66744,-0.638755
"cg_iq_a",66744,-1.11374
"cg_iq_a",66744,-1.94626
"cg_iq_a",66744,-1.25303
"cg_iq_a",66744,-1.69163
"cg_iq_a",66744,-1.17325
"cg_iq_a",66744,-0.0339158
"cg_iq_a",66744,0.261307
"cg_iq_a",66744.1,1.51082
"cg_iq_a",66744.1,2.70546
"cg_iq_a",66744.1,3.50947
"cg_iq_a",66744.1,1.90246
"cg_iq_a",66744.1,1.71113
"cg_iq_a",66744.1,1.34698
"cg_iq_a",66744.1,-0.273734
"cg_iq_a",66744.1,-1.23638
"cg_iq_a",66744.1,-2.73216
"cg_iq_a",66744.1,-2.67117
"cg_iq_a",66744.2,-2.26684
"cg_iq_a",66744.2,-2.57471
"cg_iq_a",66744.2,-2.40869
"cg_iq_a",66744.2,-1.50469
"cg_iq_a",66744.2,-0.229178
"cg_iq_a",66744.2,1.17154
"cg_iq_a",66744.2,2.05975
"cg_iq_a",66744.2,2.98346
"cg_iq_a",66744.2,2.95227
"cg_iq_a",66744.2,2.88042
"cg_iq_a",66744.2,2.19816
"cg_iq_a",66744.3,1.41419
"cg_iq_a",66744.3,0.360196
"cg_iq_a",66744.3,0.107242
"cg_iq_a",66744.3,-0.24354
"cg_iq_a",66744.3,-1.63366
"cg_iq_a",66744.3,-1.86756
"cg_iq_a",66744.3,-2.77611
"cg_iq_a",66744.3,-2.38002
"cg_iq_a",66744.3,-2.37023
"cg_iq_a",66744.4,-1.60133
"cg_iq_a",66744.4,-1.01921
"cg_iq_a",66744.4,-0.273906
"cg_iq_a",66744.4,0.166191
"cg_iq_a",66744.4,0.562641
"cg_iq_a",66744.4,1.59627
"cg_iq_a",66744.4,2.45478
"cg_iq_a",66744.4,1.89394
"cg_iq_a",66744.4,1.92483
"cg_iq_a",66744.4,1.22383
"cg_iq_a",66744.5,1.20298
"cg_iq_a",66744.5,1.1504
"cg_iq_a",66744.5,0.320387
"cg_iq_a",66744.5,-0.550286
"cg_iq_a",66744.5,-0.98209
"cg_iq_a",66744.5,-1.50229
"cg_iq_a",66744.5,-1.76632
"cg_iq_a",66744.5,-0.449218
"cg_iq_a",66744.5,-0.66082
"cg_iq_a",66744.5,-1.29844
"cg_iq_a",66744.6,-0.700575
"cg_iq_a",66744.6,-0.458189
"cg_iq_a",66744.6,-0.728514
"cg_iq_a",66744.6,-0.627519
"cg_iq_a",66744.6,-0.596607
"cg_iq_a",66744.6,-1.70416
"cg_iq_a",66744.6,-0.233154
"cg_iq_a",66744.6,-1.25771
"cg_iq_a",66744.6,1.2059
"cg_iq_a",66744.6,0.398918
"cg_iq_a",66744.7,0.17565
"cg_iq_a",66744.7,1.36056
"cg_iq_a",66744.7,0.462896
"cg_iq_a",66744.7,0.445094
"cg_iq_a",66744.7,0.459391
"cg_iq_a",66744.7,0.617218
"cg_iq_a",66744.8,-0.00905926
"cg_iq_a",66744.8,0.350889
"cg_iq_a",66744.8,0.0207182
"cg_iq_a",66744.8,-0.161524
"cg_iq_a",66744.8,2.07871
"cg_iq_a",66744.8,0.863084
"cg_iq_a",66744.9,0.855637
"cg_iq_a",66744.9,-1.01819
"cg_iq_a",66744.9,0.0306046
"cg_iq_a",66744.9,0.942117
"cg_iq_a",66744.9,0.0429243
"cg_iq_a",66744.9,-0.608083
"cg_iq_a",66744.9,-0.32268
"cg_iq_a",66744.9,-0.69774
"cg_iq_a",66745,-0.497503
"cg_iq_a",66745,0.727399
"cg_iq_a",66745,-0.30489
"cg_iq_a",66745,0.0667956
"cg_iq_a",66745,-0.311988
"cg_iq_a",66745,1.91875
"cg_iq_a",66745.1,-0.435472
"cg_iq_a",66745.1,0.606101
"cg_iq_a",66745.1,0.587144
"cg_iq_a",66745.1,0.883676
"cg_iq_a",66745.1,0.692053
"cg_iq_a",66745.1,0.795759
"cg_iq_a",66745.1,2.55386
"cg_iq_a",66745.1,-0.207508
"cg_iq_a",66745.2,-0.926045
"cg_iq_a",66745.2,-0.428882
"cg_iq_a",66745.2,-0.203118
"cg_iq_a",66745.2,-0.532746
"cg_iq_a",66745.2,-0.897221
"cg_iq_a",66745.2,-0.977848
"cg_iq_a",66745.2,-0.731015
"cg_iq_a",66745.2,-1.15679
"cg_iq_a",66745.2,-1.49064
"cg_iq_a",66745.2,-1.3623
"cg_iq_a",66745.3,-0.979721
"cg_iq_a",66745.3,-1.7015
"cg_iq_a",66745.3,-0.641261
"cg_iq_a",66745.3,-1.60589
"cg_iq_a",66745.3,-0.995464
"cg_iq_a",66745.3,-0.0663373
"cg_iq_a",66745.3,-1.9566
"cg_iq_a",66745.3,-2.13857
"cg_iq_a",66745.3,-1.63337
"cg_iq_a",66745.3,-1.38415
"cg_iq_a",66745.4,-1.12716
"cg_iq_a",66745.4,-1.33712
"cg_iq_a",66745.4,-1.20389
"cg_iq_a",66745.4,-1.8691
"cg_iq_a",66745.4,-0.778562
"cg_iq_a",66745.4,-0.772608
"cg_iq_a",66745.4,-0.49865
"cg_iq_a",66745.4,-0.213531
"cg_iq_a",66745.4,0.095539
"cg_iq_a",66745.4,0.362594
"cg_iq_a",66745.4,0.621416
"cg_iq_a",66745.4,0.759768
"cg_iq_a",66745.5,0.418735
"cg_iq_a",66745.5,1.64049
"cg_iq_a",66745.5,1.12628
"cg_iq_a",66745.5,1.40491
"cg_iq_a",66745.5,1.62532
"cg_iq_a",66745.5,1.68529
"cg_iq_a",66745.5,2.34875
"cg_iq_a",66745.5,1.10744
"cg_iq_a",66745.5,2.02061
"cg_iq_a",66745.5,1.91691
"cg_iq_a",66745.5,1.69834
"cg_iq_a",66745.5,2.76708
"cg_iq_a",66745.6,1.18011
"cg_iq_a",66745.6,1.65475
"cg_iq_a",66745.6,2.34455
"cg_iq_a",66745.6,2.414
"cg_iq_a",66745.6,2.21994
"cg_iq_a",66745.6,2.09088
"cg_iq_a",66745.6,2.34794
"cg_iq_a",66745.6,3.13565
"cg_iq_a",66745.6,0.912829
"cg_iq_a",66745.6,2.96204
"cg_iq_a",66745.6,2.08246
"cg_iq_a",66745.7,2.75462
"cg_iq_a",66745.7,0.947542
"cg_iq_a",66745.7,2.53801
"cg_iq_a",66745.7,2.48504
"cg_iq_a",66745.7,2.98603
"cg_iq_a",66745.7,2.55766
"cg_iq_a",66745.7,3.56595
"cg_iq_a",66745.7,2.66249
"cg_iq_a",66745.7,3.22521
"cg_iq_a",66745.7,3.20009
"cg_iq_a",66745.8,2.0966
"cg_iq_a",66745.8,2.23109
"cg_iq_a",66745.8,2.16893
"cg_iq_a",66745.8,1.82488
"cg_iq_a",66745.8,2.84787
"cg_iq_a",66745.8,2.26916
"cg_iq_a",66745.8,3.18076
"cg_iq_a",66745.8,3.15109
"cg_iq_a",66745.8,2.42848
"cg_iq_a",66745.8,2.62437
"cg_iq_a",66745.8,2.55513
"cg_iq_a",66745.8,2.30627
"cg_iq_a",66745.9,1.80709
"cg_iq_a",66745.9,1.76471
"cg_iq_a",66745.9,2.05516
"cg_iq_a",66745.9,2.03839
"cg_iq_a",66745.9,2.1703
"cg_iq_a",66745.9,2.41311
"cg_iq_a",66745.9,2.89696
"cg_iq_a",66745.9,2.3921
"cg_iq_a",66745.9,3.10365
"cg_iq_a",66745.9,2.51588
"cg_iq_a",66745.9,2.30097
"cg_iq_a",66746,2.40572
"cg_iq_a",66746,2.33946
"cg_iq_a",66746,2.03832
"cg_iq_a",66746,2.57523
"cg_iq_a",66746,1.21908
"cg_iq_a",66746,2.66057
"cg_iq_a",66746,2.14057
"cg_iq_a",66746,2.44881
"cg_iq_a",66746,2.43018
"cg_iq_a",66746,2.70755
"cg_iq_a",66746.1,2.62359
"cg_iq_a",66746.1,3.16046
"cg_iq_a",66746.1,2.58295
"cg_iq_a",66746.1,2.78215
"cg_iq_a",66746.1,2.85518
"cg_iq_a",66746.1,2.80767
"cg_iq_a",66746.1,2.49484
"cg_iq_a",66746.1,2.47176
"cg_iq_a",66746.1,2.50688
"cg_iq_a",66746.1,2.42242
"cg_iq_a",66746.1,2.23441
"cg_iq_a",66746.2,2.45745
"cg_iq_a",66746.2,2.21439
"cg_iq_a",66746.2,0.335769
"cg_iq_a",66746.2,2.50863
"cg_iq_a",66746.2,2.05008
"cg_iq_a",66746.2,2.30528
"cg_iq_a",66746.2,2.44903
"cg_iq_a",66746.2,2.67051
"cg_iq_a",66746.2,2.36956
"cg_iq_a",66746.2,3.11357
"cg_iq_a",66746.3,2.4624
"cg_iq_a",66746.3,1.88882
"cg_iq_a",66746.3,2.2977
"cg_iq_a",66746.3,1.91863
"cg_iq_a",66746.3,2.03935
"cg_iq_a",66746.3,2.54925
"cg_iq_a",66746.3,2.65744
"cg_iq_a",66746.3,1.78659
"cg_iq_a",66746.3,1.92321
"cg_iq_a",66746.4,2.3911
"cg_iq_a",66746.4,1.8982
"cg_iq_a",66746.4,2.74877
"cg_iq_a",66746.4,3.56438
"cg_iq_a",66746.4,2.25523
"cg_iq_a",66746.4,2.21861
"cg_iq_a",66746.4,3.13029
"cg_iq_a",66746.4,2.91919
"cg_iq_a",66746.4,2.64342
"cg_iq_a",66746.4,2.6091
"cg_iq_a",66746.5,2.11336
"cg_iq_a",66746.5,1.21784
"cg_iq_a",66746.5,2.67409
"cg_iq_a",66746.5,3.08667
"cg_iq_a",66746.5,3.11335
"cg_iq_a",66746.5,3.18204
"cg_iq_a",66746.5,3.86042
"cg_iq_a",66746.5,3.15951
"cg_iq_a",66746.5,3.02689
"cg_iq_a",66746.5,2.84126
"cg_iq_a",66746.6,2.52293
"cg_iq_a",66746.6,2.21744
"cg_iq_a",66746.6,1.84396
"cg_iq_a",66746.6,1.76098
"cg_iq_a",66746.6,0.797702
"cg_iq_a",66746.6,2.4373
"cg_iq_a",66746.6,3.11757
"cg_iq_a",66746.6,1.66334
"cg_iq_a",66746.6,1.95234
"cg_iq_a",66746.6,2.91613
"cg_iq_a",66746.6,2.47185
"cg_iq_a",66746.7,1.85987
"cg_iq_a",66746.7,2.59039
"cg_iq_a",66746.7,2.90848
"cg_iq_a",66746.7,2.65997
"cg_iq_a",66746.7,1.66924
"cg_iq_a",66746.7,0.18459
"cg_iq_a",66746.7,1.30625
"cg_iq_a",66746.7,2.20776
"cg_iq_a",66746.7,2.63114
"cg_iq_a",66746.8,3.121
"cg_iq_a",66746.8,2.17741
"cg_iq_a",66746.8,2.00101
"cg_iq_a",66746.8,2.54933
"cg_iq_a",66746.8,1.5828
"cg_iq_a",66746.8,2.76298
"cg_iq_a",66746.8,2.48178
"cg_iq_a",66746.8,2.33121
"cg_iq_a",66746.8,2.93009
"cg_iq_a",66746.8,2.56004
"cg_iq_a",66746.9,2.72154
"cg_iq_a",66746.9,3.17934
"cg_iq_a",66746.9,2.31252
"cg_iq_a",66746.9,3.55682
"cg_iq_a",66746.9,2.8196
"cg_iq_a",66746.9,2.57229
"cg_iq_a",66746.9,1.76813
"cg_iq_a",66746.9,2.35076
"cg_iq_a",66746.9,3.81414
"cg_iq_a",66746.9,2.4619
"cg_iq_a",66747,2.21133
"cg_iq_a",66747,3.48854
"cg_iq_a",66747,2.19959
"cg_iq_a",66747,3.07916
"cg_iq_a",66747,2.55513
"cg_iq_a",66747,1.81263
"cg_iq_a",66747,2.73891
"cg_iq_a",66747,2.15867
"cg_iq_a",66747,2.5394
"cg_iq_a",66747,1.67342
"cg_iq_a",66747,2.29105
"cg_iq_a",66747.1,2.83678
"cg_iq_a",66747.1,2.28804
"cg_iq_a",66747.1,2.45826
"cg_iq_a",66747.1,2.59913
"cg_iq_a",66747.1,1.99133
"cg_iq_a",66747.1,3.05068
"cg_iq_a",66747.1,2.39785
"cg_iq_a",66747.1,2.60991
"cg_iq_a",66747.1,2.84846
"cg_iq_a",66747.1,2.72905
"cg_iq_a",66747.2,2.97125
"cg_iq_a",66747.2,2.25652
"cg_iq_a",66747.2,1.07279
"cg_iq_a",66747.2,2.68379
"cg_iq_a",66747.2,3.27476
"cg_iq_a",66747.2,2.15883
"cg_iq_a",66747.2,2.32727
"cg_iq_a",66747.2,2.92679
"cg_iq_a",66747.2,2.35385
"cg_iq_a",66747.2,2.47173
"cg_iq_a",66747.3,2.52571
"cg_iq_a",66747.3,2.46552
"cg_iq_a",66747.3,3.32509
"cg_iq_a",66747.3,0.860311
"cg_iq_a",66747.3,2.44763
"cg_iq_a",66747.3,2.76345
"cg_iq_a",66747.3,2.24355
"cg_iq_a",66747.3,2.37517
"cg_iq_a",66747.3,2.21347
"cg_iq_a",66747.4,2.5858
"cg_iq_a",66747.4,2.02539
"cg_iq_a",66747.4,2.36114
"cg_iq_a",66747.4,2.02178
"cg_iq_a",66747.4,2.45071
"cg_iq_a",66747.4,2.36098
"cg_iq_a",66747.4,2.42693
"cg_iq_a",66747.4,2.26645
"cg_iq_a",66747.4,2.63845
"cg_iq_a",66747.4,2.75319
"cg_iq_a",66747.5,2.85389
"cg_iq_a",66747.5,2.86684
"cg_iq_a",66747.5,2.74971
"cg_iq_a",66747.5,2.69443
"cg_iq_a",66747.5,4.22094
"cg_iq_a",66747.5,3.11382
"cg_iq_a",66747.5,2.81582
"cg_iq_a",66747.5,2.50692
"cg_iq_a",66747.5,2.25353
"cg_iq_a",66747.5,1.7929
"cg_iq_a",66747.5,1.95269
"cg_iq_a",66747.6,2.47749
"cg_iq_a",66747.6,2.62055
"cg_iq_a",66747.6,2.54792
"cg_iq_a",66747.6,2.86127
"cg_iq_a",66747.6,2.79988
"cg_iq_a",66747.6,2.50379
"cg_iq_a",66747.6,2.04818
"cg_iq_a",66747.6,1.99
"cg_iq_a",66747.6,2.79122
"cg_iq_a",66747.6,2.26362
"cg_iq_a",66747.7,1.16947
"cg_iq_a",66747.7,0.609971
"cg_iq_a",66747.7,2.81936
"cg_iq_a",66747.7,2.29888
"cg_iq_a",66747.7,2.13177
"cg_iq_a",66747.7,1.27385
"cg_iq_a",66747.7,2.48927
"cg_iq_a",66747.7,2.55221
"cg_iq_a",66747.7,3.13851
"cg_iq_a",66747.8,2.16947
"cg_iq_a",66747.8,2.42021
"cg_iq_a",66747.8,2.37469
"cg_iq_a",66747.8,3.04007
"cg_iq_a",66747.8,2.71322
"cg_iq_a",66747.8,1.71174
"cg_iq_a",66747.8,1.05338
"cg_iq_a",66747.8,2.57134
"cg_iq_a",66747.8,2.86876
"cg_iq_a",66747.8,2.76412
"cg_iq_a",66747.9,3.864
"cg_iq_a",66747.9,3.11531
"cg_iq_a",66747.9,2.77336
"cg_iq_a",66747.9,2.37964
"cg_iq_a",66747.9,2.99435
"cg_iq_a",66747.9,2.45825
"cg_iq_a",66747.9,2.07258
"cg_iq_a",66747.9,1.8376
"cg_iq_a",66747.9,1.73937
"cg_iq_a",66747.9,3.1555
"cg_iq_a",66748,1.91012
"cg_iq_a",66748,1.49289
"cg_iq_a",66748,1.73695
"cg_iq_a",66748,2.57275
"cg_iq_a",66748,2.5298
"cg_iq_a",66748,1.64005
"cg_iq_a",66748,3.39079
"cg_iq_a",66748,1.57258
"cg_iq_a",66748,3.12575
"cg_iq_a",66748,3.44604
"cg_iq_a",66748.1,2.38855
"cg_iq_a",66748.1,2.4528
"cg_iq_a",66748.1,3.09259
"cg_iq_a",66748.1,1.80991
"cg_iq_a",66748.1,1.81967
"cg_iq_a",66748.1,2.62877
"cg_iq_a",66748.1,2.37297
"cg_iq_a",66748.1,4.07088
"cg_iq_a",66748.1,2.37363
"cg_iq_a",66748.1,1.99151
"cg_iq_a",66748.2,2.27036
"cg_iq_a",66748.2,2.87397
"cg_iq_a",66748.2,1.91874
"cg_iq_a",66748.2,1.96167
"cg_iq_a",66748.2,2.83172
"cg_iq_a",66748.2,2.89847
"cg_iq_a",66748.2,2.2143
"cg_iq_a",66748.2,2.56881
"cg_iq_a",66748.2,2.15287
"cg_iq_a",66748.2,2.47578
"cg_iq_a",66748.3,2.67037
"cg_iq_a",66748.3,2.26094
"cg_iq_a",66748.3,2.11816
"cg_iq_a",66748.3,2.45816
"cg_iq_a",66748.3,2.09386
"cg_iq_a",66748.3,3.32848
"cg_iq_a",66748.3,0.768725
"cg_iq_a",66748.3,3.12021
"cg_iq_a",66748.3,1.84421
"cg_iq_a",66748.3,2.02638
"cg_iq_a",66748.4,3.16703
"cg_iq_a",66748.4,1.92394
"cg_iq_a",66748.4,1.82089
"cg_iq_a",66748.4,3.05965
"cg_iq_a",66748.4,2.57489
"cg_iq_a",66748.4,1.93009
"cg_iq_a",66748.4,2.62593
"cg_iq_a",66748.4,2.76874
"cg_iq_a",66748.4,2.67266
"cg_iq_a",66748.4,1.82191
"cg_iq_a",66748.5,2.52054
"cg_iq_a",66748.5,2.80873
"cg_iq_a",66748.5,1.8283
"cg_iq_a",66748.5,2.19526
"cg_iq_a",66748.5,2.72643
"cg_iq_a",66748.5,2.2982
"cg_iq_a",66748.5,3.2765
"cg_iq_a",66748.5,3.31533
"cg_iq_a",66748.5,2.56714
"cg_iq_a",66748.5,2.2402
"cg_iq_a",66748.6,4.27707
"cg_iq_a",66748.6,2.31267
"cg_iq_a",66748.6,2.50343
"cg_iq_a",66748.6,1.7338
"cg_iq_a",66748.6,1.84482
"cg_iq_a",66748.6,2.46596
"cg_iq_a",66748.6,2.79337
"cg_iq_a",66748.6,2.54111
"cg_iq_a",66748.6,2.39222
"cg_iq_a",66748.6,1.55985
"cg_iq_a",66748.7,0.315664
"cg_iq_a",66748.7,2.72893
"cg_iq_a",66748.7,1.3586
"cg_iq_a",66748.7,2.20827
"cg_iq_a",66748.7,1.68714
"cg_iq_a",66748.7,1.70046
"cg_iq_a",66748.7,2.37429
"cg_iq_a",66748.7,2.50423
"cg_iq_a",66748.7,2.9423
"cg_iq_a",66748.7,2.47407
"cg_iq_a",66748.8,1.90349
"cg_iq_a",66748.8,2.83963
"cg_iq_a",66748.8,3.78746
"cg_iq_a",66748.8,2.22532
"cg_iq_a",66748.8,2.67156
"cg_iq_a",66748.8,2.39944
"cg_iq_a",66748.8,2.40862
"cg_iq_a",66748.8,2.38617
"cg_iq_a",66748.8,2.49566
"cg_iq_a",66748.8,2.35388
"cg_iq_a",66748.9,2.6662
"cg_iq_a",66748.9,2.97454
"cg_iq_a",66748.9,2.82383
"cg_iq_a",66748.9,2.28095
"cg_iq_a",66748.9,1.94348
"cg_iq_a",66748.9,2.30571
"cg_iq_a",66748.9,2.04889
"cg_iq_a",66748.9,2.77328
"cg_iq_a",66748.9,2.12208
"cg_iq_a",66748.9,3.44405
"cg_iq_a",66749,2.95428
"cg_iq_a",66749,1.8652
"cg_iq_a",66749,2.45772
"cg_iq_a",66749,1.84855
"cg_iq_a",66749,1.91726
"cg_iq_a",66749,2.39231
"cg_iq_a",66749,1.3371
"cg_iq_a",66749,2.36049
"cg_iq_a",66749,2.49564
"cg_iq_a",66749.1,2.642
"cg_iq_a",66749.1,2.85387
"cg_iq_a",66749.1,2.90534
"cg_iq_a",66749.1,3.14535
"cg_iq_a",66749.1,2.30155
"cg_iq_a",66749.1,2.49923
"cg_iq_a",66749.1,2.69724
"cg_iq_a",66749.1,2.08402
"cg_iq_a",66749.1,2.99815
"cg_iq_a",66749.1,2.45053
"cg_iq_a",66749.1,0.518819
"cg_iq_a",66749.2,2.10415
"cg_iq_a",66749.2,2.34711
"cg_iq_a",66749.2,3.02633
"cg_iq_a",66749.2,2.71719
"cg_iq_a",66749.2,2.61391
"cg_iq_a",66749.2,2.59915
"cg_iq_a",66749.2,3.1442
"cg_iq_a",66749.2,2.73912
"cg_iq_a",66749.2,2.2532
"cg_iq_a",66749.2,2.34899
"cg_iq_a",66749.3,2.22337
"cg_iq_a",66749.3,2.50479
"cg_iq_a",66749.3,2.96163
"cg_iq_a",66749.3,1.93714
"cg_iq_a",66749.3,2.80199
"cg_iq_a",66749.3,3.41766
"cg_iq_a",66749.3,2.20833
"cg_iq_a",66749.3,2.05963
"cg_iq_a",66749.3,2.31261
"cg_iq_a",66749.4,1.91048
"cg_iq_a",66749.4,2.44372
"cg_iq_a",66749.4,1.52414
"cg_iq_a",66749.4,3.10712
"cg_iq_a",66749.4,2.82326
"cg_iq_a",66749.4,2.1976
"cg_iq_a",66749.4,1.79295
"cg_iq_a",66749.4,3.19728
"cg_iq_a",66749.4,2.13173
"cg_iq_a",66749.4,1.99636
"cg_iq_a",66749.5,2.50851
"cg_iq_a",66749.5,2.03796
"cg_iq_a",66749.5,2.52065
"cg_iq_a",66749.5,1.77489
"cg_iq_a",66749.5,2.84208
"cg_iq_a",66749.5,2.50589
"cg_iq_a",66749.5,1.08304
"cg_iq_a",66749.5,1.83306
"cg_iq_a",66749.5,2.97877
"cg_iq_a",66749.5,2.51353
"cg_iq_a",66749.5,1.21442
"cg_iq_a",66749.6,1.64736
"cg_iq_a",66749.6,2.53084
"cg_iq_a",66749.6,2.82943
"cg_iq_a",66749.6,2.36431
"cg_iq_a",66749.6,1.63315
"cg_iq_a",66749.6,1.88866
"cg_iq_a",66749.6,0.65116
"cg_iq_a",66749.6,2.19724
"cg_iq_a",66749.6,3.11704
"cg_iq_a",66749.6,2.75298
"cg_iq_a",66749.7,0.489757
"cg_iq_a",66749.7,2.00984
"cg_iq_a",66749.7,2.71483
"cg_iq_a",66749.7,2.77059
"cg_iq_a",66749.7,2.23231
"cg_iq_a",66749.7,2.46774
"cg_iq_a",66749.7,2.46196
"cg_iq_a",66749.7,0.341098
"cg_iq_a",66749.7,2.26739
"cg_iq_a",66749.8,2.1015
"cg_iq_a",66749.8,2.24953
"cg_iq_a",66749.8,2.52074
"cg_iq_a",66749.8,2.6005
"cg_iq_a",66749.8,1.32367
"cg_iq_a",66749.8,2.76345
"cg_iq_a",66749.8,2.42289
"cg_iq_a",66749.8,2.16582
"cg_iq_a",66749.8,2.01356
"cg_iq_a",66749.8,2.63817
"cg_iq_a",66749.9,2.12124
"cg_iq_a",66749.9,3.02807
"cg_iq_a",66749.9,2.80185
"cg_iq_a",66749.9,2.85002
"cg_iq_a",66749.9,2.13535
"cg_iq_a",66749.9,2.35385
"cg_iq_a",66749.9,4.07642
"cg_iq_a",66749.9,2.19515
"cg_iq_a",66749.9,2.19049
"cg_iq_a",66749.9,2.71858
"cg_iq_a",66749.9,2.25675
"cg_iq_a",66750,2.49634
"cg_iq_a",66750,2.78778
"cg_iq_a",66750,2.12228
"cg_iq_a",66750,2.65299
"cg_iq_a",66750,2.21807
"cg_iq_a",66750,1.24371
"cg_iq_a",66750,2.81373
"cg_iq_a",66750,2.38113
"cg_iq_a",66750,3.27605
"cg_iq_a",66750.1,2.49627
"cg_iq_a",66750.1,2.06575
"cg_iq_a",66750.1,2.00659
"cg_iq_a",66750.1,3.06204
"cg_iq_a",66750.1,3.123
"cg_iq_a",66750.1,2.52788
"cg_iq_a",66750.1,3.67719
"cg_iq_a",66750.1,1.95621
"cg_iq_a",66750.1,2.07995
"cg_iq_a",66750.1,2.64531
"cg_iq_a",66750.1,2.5357
"cg_iq_a",66750.2,2.66652
"cg_iq_a",66750.2,3.06198
"cg_iq_a",66750.2,1.67485
"cg_iq_a",66750.2,2.0376
"cg_iq_a",66750.2,2.79803
"cg_iq_a",66750.2,1.98534
"cg_iq_a",66750.2,1.9541
"cg_iq_a",66750.2,2.22542
"cg_iq_a",66750.2,0.979373
"cg_iq_a",66750.2,2.17303
"cg_iq_a",66750.3,2.82943
"cg_iq_a",66750.3,1.0929
"cg_iq_a",66750.3,1.53094
"cg_iq_a",66750.3,2.92711
"cg_iq_a",66750.3,3.77771
"cg_iq_a",66750.3,1.83622
"cg_iq_a",66750.3,2.64901
"cg_iq_a",66750.3,2.15215
"cg_iq_a",66750.3,1.95786
"cg_iq_a",66750.4,2.43337
"cg_iq_a",66750.4,1.92714
"cg_iq_a",66750.4,2.44228
"cg_iq_a",66750.4,2.23947
"cg_iq_a",66750.4,2.79741
"cg_iq_a",66750.4,3.30208
"cg_iq_a",66750.4,2.22564
"cg_iq_a",66750.4,3.06085
"cg_iq_a",66750.4,3.84044
"cg_iq_a",66750.4,2.61302
"cg_iq_a",66750.5,2.88321
"cg_iq_a",66750.5,2.18696
"cg_iq_a",66750.5,2.55519
"cg_iq_a",66750.5,3.23375
"cg_iq_a",66750.5,2.56947
"cg_iq_a",66750.5,3.74056
"cg_iq_a",66750.5,1.82166
"cg_iq_a",66750.5,2.85811
"cg_iq_a",66750.5,2.36424
"cg_iq_a",66750.5,1.67185
"cg_iq_a",66750.6,3.74284
"cg_iq_a",66750.6,1.94149
"cg_iq_a",66750.6,2.70792
"cg_iq_a",66750.6,2.54805
"cg_iq_a",66750.6,2.11122
"cg_iq_a",66750.6,2.16603
"cg_iq_a",66750.6,2.319
"cg_iq_a",66750.6,0.710446
"cg_iq_a",66750.6,2.74631
"cg_iq_a",66750.6,0.817981
"cg_iq_a",66750.7,2.56936
"cg_iq_a",66750.7,2.17319
"cg_iq_a",66750.7,2.44067
"cg_iq_a",66750.7,2.08175
"cg_iq_a",66750.7,2.43426
"cg_iq_a",66750.7,2.60317
"cg_iq_a",66750.7,1.40672
"cg_iq_a",66750.7,2.52627
"cg_iq_a",66750.7,2.14164
"cg_iq_a",66750.7,1.72971
"cg_iq_a",66750.8,2.76075
"cg_iq_a",66750.8,2.17249
"cg_iq_a",66750.8,2.16287
"cg_iq_a",66750.8,2.19436
"cg_iq_a",66750.8,1.78442
"cg_iq_a",66750.8,2.98839
"cg_iq_a",66750.8,2.44475
"cg_iq_a",66750.8,2.40919
"cg_iq_a",66750.8,1.61495
"cg_iq_a",66750.8,2.6893
"cg_iq_a",66750.9,2.65658
"cg_iq_a",66750.9,2.25955
"cg_iq_a",66750.9,3.04787
"cg_iq_a",66750.9,4.1452
"cg_iq_a",66750.9,2.66692
"cg_iq_a",66750.9,3.09667
"cg_iq_a",66750.9,2.39473
"cg_iq_a",66750.9,5.37891
"cg_iq_a",66750.9,2.69985
"cg_iq_a",66750.9,2.33315
"cg_iq_a",66751,4.24375
"cg_iq_a",66751,3.0425
"cg_iq_a",66751,2.59108
"cg_iq_a",66751,2.52054
"cg_iq_a",66751,4.83917
"cg_iq_a",66751,1.99646
"cg_iq_a",66751,2.24859
"cg_iq_a",66751,2.7908
"cg_iq_a",66751,2.51332
"cg_iq_a",66751,2.47134
"cg_iq_a",66751.1,3.91526
"cg_iq_a",66751.1,2.06577
"cg_iq_a",66751.1,2.0067
"cg_iq_a",66751.1,3.16352
"cg_iq_a",66751.1,3.44721
"cg_iq_a",66751.1,2.28776
"cg_iq_a",66751.1,0.260311
"cg_iq_a",66751.1,2.41975
"cg_iq_a",66751.1,0.129459
"cg_iq_a",66751.1,2.9652
"cg_iq_a",66751.2,1.99246
"cg_iq_a",66751.2,2.52425
"cg_iq_a",66751.2,1.99252
"cg_iq_a",66751.2,3.09157
"cg_iq_a",66751.2,2.85594
"cg_iq_a",66751.2,3.37149
"cg_iq_a",66751.2,4.27011
"cg_iq_a",66751.2,3.22179
"cg_iq_a",66751.2,2.31938
"cg_iq_a",66751.2,2.59341
"cg_iq_a",66751.2,2.11767
"cg_iq_a",66751.3,2.07197
"cg_iq_a",66751.3,1.91943
"cg_iq_a",66751.3,3.14202
"cg_iq_a",66751.3,1.83433
"cg_iq_a",66751.3,2.5406
"cg_iq_a",66751.3,1.38356
"cg_iq_a",66751.3,3.29465
"cg_iq_a",66751.3,2.10116
"cg_iq_a",66751.3,2.68489
"cg_iq_a",66751.4,1.7321
"cg_iq_a",66751.4,2.29878
"cg_iq_a",66751.4,2.60732
"cg_iq_a",66751.4,2.52724
"cg_iq_a",66751.4,2.53065
"cg_iq_a",66751.4,2.63866
"cg_iq_a",66751.4,2.44142
"cg_iq_a",66751.4,2.07091
"cg_iq_a",66751.4,2.31941
"cg_iq_a",66751.4,2.20468
"cg_iq_a",66751.5,1.94607
"cg_iq_a",66751.5,2.46848
"cg_iq_a",66751.5,1.927
"cg_iq_a",66751.5,2.31437
"cg_iq_a",66751.5,2.55227
"cg_iq_a",66751.5,2.23579
"cg_iq_a",66751.5,1.36732
"cg_iq_a",66751.5,2.21199
"cg_iq_a",66751.5,2.27757
"cg_iq_a",66751.5,2.11495
"cg_iq_a",66751.6,3.08379
"cg_iq_a",66751.6,2.74531
"cg_iq_a",66751.6,1.56265
"cg_iq_a",66751.6,3.00171
"cg_iq_a",66751.6,2.39231
"cg_iq_a",66751.6,1.63175
"cg_iq_a",66751.6,2.84996
"cg_iq_a",66751.6,1.94064
"cg_iq_a",66751.6,3.44768
"cg_iq_a",66751.6,2.87836
"cg_iq_a",66751.7,2.19371
"cg_iq_a",66751.7,2.62123
"cg_iq_a",66751.7,2.985
"cg_iq_a",66751.7,3.11953
"cg_iq_a",66751.7,1.40251
"cg_iq_a",66751.7,2.23232
"cg_iq_a",66751.7,3.04588
"cg_iq_a",66751.7,2.37424
"cg_iq_a",66751.7,2.7666
"cg_iq_a",66751.8,1.70712
"cg_iq_a",66751.8,2.69106
"cg_iq_a",66751.8,1.6248
"cg_iq_a",66751.8,3.89187
"cg_iq_a",66751.8,2.08246
"cg_iq_a",66751.8,2.45445
"cg_iq_a",66751.8,2.10104
"cg_iq_a",66751.8,1.29145
"cg_iq_a",66751.8,2.94602
"cg_iq_a",66751.8,2.21135
"cg_iq_a",66751.9,2.4407
"cg_iq_a",66751.9,2.76067
"cg_iq_a",66751.9,2.88873
"cg_iq_a",66751.9,2.5579
"cg_iq_a",66751.9,2.49695
"cg_iq_a",66751.9,2.61096
"cg_iq_a",66751.9,2.19297
"cg_iq_a",66751.9,2.80195
"cg_iq_a",66751.9,2.5409
"cg_iq_a",66751.9,2.48905
"cg_iq_a",66751.9,3.64511
"cg_iq_a",66752,3.19831
"cg_iq_a",66752,2.30527
"cg_iq_a",66752,2.35656
"cg_iq_a",66752,2.66098
"cg_iq_a",66752,2.15007
"cg_iq_a",66752,2.39554
"cg_iq_a",66752,1.92205
"cg_iq_a",66752,2.20012
"cg_iq_a",66752,2.65193
"cg_iq_a",66752,2.52386
"cg_iq_a",66752.1,3.03818
"cg_iq_a",66752.1,1.77752
"cg_iq_a",66752.1,2.52389
"cg_iq_a",66752.1,2.23922
"cg_iq_a",66752.1,1.13922
"cg_iq_a",66752.1,2.42625
"cg_iq_a",66752.1,2.39944
"cg_iq_a",66752.1,2.84311
"cg_iq_a",66752.1,3.62747
"cg_iq_a",66752.1,2.60878
"cg_iq_a",66752.2,2.36715
"cg_iq_a",66752.2,2.6665
"cg_iq_a",66752.2,2.27746
"cg_iq_a",66752.2,2.88117
"cg_iq_a",66752.2,2.63123
"cg_iq_a",66752.2,0.978447
"cg_iq_a",66752.2,2.77096
"cg_iq_a",66752.2,2.41293
"cg_iq_a",66752.2,3.12641
"cg_iq_a",66752.2,3.69394
"cg_iq_a",66752.3,2.47187
"cg_iq_a",66752.3,3.05489
"cg_iq_a",66752.3,1.95791
"cg_iq_a",66752.3,2.16008
"cg_iq_a",66752.3,2.83628
"cg_iq_a",66752.3,2.70446
"cg_iq_a",66752.3,2.41285
"cg_iq_a",66752.3,2.36578
"cg_iq_a",66752.3,2.62117
"cg_iq_a",66752.3,2.36102
"cg_iq_a",66752.4,2.25585
"cg_iq_a",66752.4,3.10698
"cg_iq_a",66752.4,2.4744
"cg_iq_a",66752.4,1.79507
"cg_iq_a",66752.4,2.61137
"cg_iq_a",66752.4,2.12456
"cg_iq_a",66752.4,2.16277
"cg_iq_a",66752.4,3.25294
"cg_iq_a",66752.4,2.24941
"cg_iq_a",66752.4,2.24949
"cg_iq_a",66752.5,1.81249
"cg_iq_a",66752.5,2.63431
"cg_iq_a",66752.5,3.10068
"cg_iq_a",66752.5,1.59138
"cg_iq_a",66752.5,1.66832
"cg_iq_a",66752.5,1.98608
"cg_iq_a",66752.5,2.37439
"cg_iq_a",66752.5,2.29522
"cg_iq_a",66752.5,2.69325
"cg_iq_a",66752.5,2.22429
"cg_iq_a",66752.6,3.20441
"cg_iq_a",66752.6,2.47542
"cg_iq_a",66752.6,2.63136
"cg_iq_a",66752.6,3.42021
"cg_iq_a",66752.6,2.15241
"cg_iq_a",66752.6,2.80193
"cg_iq_a",66752.6,3.29279
"cg_iq_a",66752.6,2.23515
"cg_iq_a",66752.6,3.2324
"cg_iq_a",66752.6,3.1657
"cg_iq_a",66752.7,2.54077
"cg_iq_a",66752.7,1.34441
"cg_iq_a",66752.7,1.08013
"cg_iq_a",66752.7,2.38131
"cg_iq_a",66752.7,2.628
"cg_iq_a",66752.7,2.80949
"cg_iq_a",66752.7,2.35663
"cg_iq_a",66752.7,2.00441
"cg_iq_a",66752.7,1.68032
"cg_iq_a",66752.7,1.91657
"cg_iq_a",66752.8,3.15606
"cg_iq_a",66752.8,2.93276
"cg_iq_a",66752.8,2.57955
"cg_iq_a",66752.8,2.74391
"cg_iq_a",66752.8,3.09694
"cg_iq_a",66752.8,1.82663
"cg_iq_a",66752.8,2.003
"cg_iq_a",66752.8,2.38609
"cg_iq_a",66752.8,3.3009
"cg_iq_a",66752.8,2.36157
"cg_iq_a",66752.9,2.17519
"cg_iq_a",66752.9,2.45781
"cg_iq_a",66752.9,1.58336
"cg_iq_a",66752.9,1.99286
"cg_iq_a",66752.9,2.72178
"cg_iq_a",66752.9,2.28757
"cg_iq_a",66752.9,3.35308
"cg_iq_a",66752.9,1.96936
"cg_iq_a",66752.9,2.2229
"cg_iq_a",66752.9,2.79511
"cg_iq_a",66753,2.83989
"cg_iq_a",66753,2.10508
"cg_iq_a",66753,2.79671
"cg_iq_a",66753,2.02647
"cg_iq_a",66753,2.24941
"cg_iq_a",66753,3.08218
"cg_iq_a",66753,0.219856
"cg_iq_a",66753,2.64932
"cg_iq_a",66753,2.22444
"cg_iq_a",66753,2.7683
"cg_iq_a",66753,2.46787
"cg_iq_a",66753.1,3.57244
"cg_iq_a",66753.1,2.31951
"cg_iq_a",66753.1,2.38142
"cg_iq_a",66753.1,2.21495
"cg_iq_a",66753.1,2.44455
"cg_iq_a",66753.1,2.61764
"cg_iq_a",66753.1,2.61704
"cg_iq_a",66753.1,2.34325
"cg_iq_a",66753.1,3.16308
"cg_iq_a",66753.1,0.521357
"cg_iq_a",66753.2,2.18402
"cg_iq_a",66753.2,2.62338
"cg_iq_a",66753.2,4.41024
"cg_iq_a",66753.2,1.98256
"cg_iq_a",66753.2,2.60001
"cg_iq_a",66753.2,1.59895
"cg_iq_a",66753.2,2.51615
"cg_iq_a",66753.2,2.58954
"cg_iq_a",66753.2,3.18695
"cg_iq_a",66753.2,3.07509
"cg_iq_a",66753.3,2.54416
"cg_iq_a",66753.3,4.84284
"cg_iq_a",66753.3,2.23206
"cg_iq_a",66753.3,2.69538
"cg_iq_a",66753.3,2.04568
"cg_iq_a",66753.3,1.76065
"cg_iq_a",66753.3,2.32414
"cg_iq_a",66753.3,2.76718
"cg_iq_a",66753.3,2.10443
"cg_iq_a",66753.3,3.7973
"cg_iq_a",66753.4,2.62514
"cg_iq_a",66753.4,2.02749
"cg_iq_a",66753.4,2.00672
"cg_iq_a",66753.4,2.33663
"cg_iq_a",66753.4,1.36834
"cg_iq_a",66753.4,1.53844
"cg_iq_a",66753.4,1.91511
"cg_iq_a",66753.4,2.26362
"cg_iq_a",66753.4,2.00087
"cg_iq_a",66753.4,2.59307
"cg_iq_a",66753.5,1.42602
"cg_iq_a",66753.5,2.19093
"cg_iq_a",66753.5,3.36911
"cg_iq_a",66753.5,3.42127
"cg_iq_a",66753.5,2.33217
"cg_iq_a",66753.5,2.38856
"cg_iq_a",66753.5,2.5282
"cg_iq_a",66753.5,1.7603
"cg_iq_a",66753.5,2.69759
"cg_iq_a",66753.5,1.99937
"cg_iq_a",66753.6,2.34006
"cg_iq_a",66753.6,2.42326
"cg_iq_a",66753.6,2.46428
"cg_iq_a",66753.6,2.40605
"cg_iq_a",66753.6,2.59965
"cg_iq_a",66753.6,3.57503
"cg_iq_a",66753.6,3.1087
"cg_iq_a",66753.6,2.75157
"cg_iq_a",66753.6,2.31449
"cg_iq_a",66753.6,3.58988
"cg_iq_a",66753.7,2.8909
"cg_iq_a",66753.7,2.15955
"cg_iq_a",66753.7,3.21409
"cg_iq_a",66753.7,2.53076
"cg_iq_a",66753.7,1.92109
"cg_iq_a",66753.7,2.58992
"cg_iq_a",66753.7,2.32557
"cg_iq_a",66753.7,2.70843
"cg_iq_a",66753.7,2.31547
"cg_iq_a",66753.7,1.25958
"cg_iq_a",66753.8,3.94736
"cg_iq_a",66753.8,2.74541
"cg_iq_a",66753.8,1.97678
"cg_iq_a",66753.8,2.14574
"cg_iq_a",66753.8,2.10784
"cg_iq_a",66753.8,0.949999
"cg_iq_a",66753.8,2.65596
"cg_iq_a",66753.8,3.28772
"cg_iq_a",66753.8,2.47925
"cg_iq_a",66753.8,1.92978
"cg_iq_a",66753.9,2.5482
"cg_iq_a",66753.9,2.81303
"cg_iq_a",66753.9,3.70357
"cg_iq_a",66753.9,2.59685
"cg_iq_a",66753.9,3.11432
"cg_iq_a",66753.9,3.03222
"cg_iq_a",66753.9,1.31442
"cg_iq_a",66753.9,1.27514
"cg_iq_a",66753.9,1.98582
"cg_iq_a",66753.9,2.97564
"cg_iq_a",66754,1.66957
"cg_iq_a",66754,1.73
"cg_iq_a",66754,3.30538
"cg_iq_a",66754,2.81458
"cg_iq_a",66754,2.81204
"cg_iq_a",66754,1.04868
"cg_iq_a",66754,2.14917
"cg_iq_a",66754,3.31682
"cg_iq_a",66754,2.53942
"cg_iq_a",66754,0.93113
"cg_iq_a",66754.1,2.5342
"cg_iq_a",66754.1,3.19414
"cg_iq_a",66754.1,2.72008
"cg_iq_a",66754.1,1.90587
"cg_iq_a",66754.1,2.55875
"cg_iq_a",66754.1,1.76177
"cg_iq_a",66754.1,3.11768
"cg_iq_a",66754.1,1.80601
"cg_iq_a",66754.1,2.24996
"cg_iq_a",66754.1,1.27418
"cg_iq_a",66754.1,2.06287
"cg_iq_a",66754.2,3.05009
"cg_iq_a",66754.2,2.16651
"cg_iq_a",66754.2,2.3763
"cg_iq_a",66754.2,2.91585
"cg_iq_a",66754.2,2.18041
"cg_iq_a",66754.2,3.53056
"cg_iq_a",66754.2,2.03096
"cg_iq_a",66754.2,2.20537
"cg_iq_a",66754.2,2.05535
"cg_iq_a",66754.2,2.39167
"cg_iq_a",66754.3,2.28715
"cg_iq_a",66754.3,2.29488
"cg_iq_a",66754.3,2.64564
"cg_iq_a",66754.3,2.29963
"cg_iq_a",66754.3,1.44547
"cg_iq_a",66754.3,3.60031
"cg_iq_a",66754.3,2.17363
"cg_iq_a",66754.3,1.67067
"cg_iq_a",66754.3,3.80823
"cg_iq_a",66754.4,0.918253
"cg_iq_a",66754.4,2.43578
"cg_iq_a",66754.4,2.31927
"cg_iq_a",66754.4,3.01917
"cg_iq_a",66754.4,2.53807
"cg_iq_a",66754.4,2.11095
"cg_iq_a",66754.4,2.39293
"cg_iq_a",66754.4,2.42855
"cg_iq_a",66754.4,2.8929
"cg_iq_a",66754.4,2.43737
"cg_iq_a",66754.5,2.96891
"cg_iq_a",66754.5,2.35053
"cg_iq_a",66754.5,1.79837
"cg_iq_a",66754.5,2.26366
"cg_iq_a",66754.5,2.22198
"cg_iq_a",66754.5,2.47877
"cg_iq_a",66754.5,2.98865
"cg_iq_a",66754.5,2.70263
"cg_iq_a",66754.5,0.274486
"cg_iq_a",66754.5,2.73213
"cg_iq_a",66754.5,0.801891
"cg_iq_a",66754.6,2.22521
"cg_iq_a",66754.6,2.03539
"cg_iq_a",66754.6,2.57672
"cg_iq_a",66754.6,2.48222
"cg_iq_a",66754.6,2.52359
"cg_iq_a",66754.6,2.42035
"cg_iq_a",66754.6,2.2568
"cg_iq_a",66754.6,2.43727
"cg_iq_a",66754.6,1.50656
"cg_iq_a",66754.7,3.38886
"cg_iq_a",66754.7,2.2219
"cg_iq_a",66754.7,1.83192
"cg_iq_a",66754.7,2.27053
"cg_iq_a",66754.7,3.538
"cg_iq_a",66754.7,3.47784
"cg_iq_a",66754.8,2.75344
"cg_iq_a",66754.8,4.57188
"cg_iq_a",66754.8,2.51007
"cg_iq_a",66754.8,2.78393
"cg_iq_a",66754.8,2.29832
"cg_iq_a",66754.8,2.52749
"cg_iq_a",66754.9,2.14214
"cg_iq_a",66754.9,2.41658
"cg_iq_a",66754.9,2.49499
"cg_iq_a",66754.9,2.75294
"cg_iq_a",66754.9,2.73726
"cg_iq_a",66754.9,2.78778
"cg_iq_a",66754.9,2.35386
"cg_iq_a",66754.9,2.69743
"cg_iq_a",66755,2.18424
"cg_iq_a",66755,3.76687
"cg_iq_a",66755,2.32861
"cg_iq_a",66755,2.12466
"cg_iq_a",66755,2.80162
"cg_iq_a",66755.1,2.8002
"cg_iq_a",66755.1,1.75673
"cg_iq_a",66755.1,2.85366
"cg_iq_a",66755.1,1.68432
"cg_iq_a",66755.1,2.03328
"cg_iq_a",66755.1,0.337287
"cg_iq_a",66755.1,2.14046
"cg_iq_a",66755.1,2.64164
"cg_iq_a",66755.1,2.60627
"cg_iq_a",66755.1,2.51026
"cg_iq_a",66755.2,2.23752
"cg_iq_a",66755.2,1.93053
"cg_iq_a",66755.2,2.78087
"cg_iq_a",66755.2,3.0607
"cg_iq_a",66755.2,1.76362
"cg_iq_a",66755.2,1.11472
"cg_iq_a",66755.2,1.49353
"cg_iq_a",66755.2,2.30154
"cg_iq_a",66755.2,2.70449
"cg_iq_a",66755.2,2.57258
"cg_iq_a",66755.2,2.35733
"cg_iq_a",66755.3,2.45206
"cg_iq_a",66755.3,2.17429
"cg_iq_a",66755.3,1.78136
"cg_iq_a",66755.3,2.90201
"cg_iq_a",66755.3,2.73741
"cg_iq_a",66755.3,2.21482
"cg_iq_a",66755.3,2.41595
"cg_iq_a",66755.3,2.54985
"cg_iq_a",66755.3,2.07225
"cg_iq_a",66755.3,0.635891
"cg_iq_a",66755.3,1.95754
"cg_iq_a",66755.4,2.41283
"cg_iq_a",66755.4,2.40554
"cg_iq_a",66755.4,1.64569
"cg_iq_a",66755.4,2.72228
"cg_iq_a",66755.4,2.17472
"cg_iq_a",66755.4,2.94266
"cg_iq_a",66755.4,1.86727
"cg_iq_a",66755.4,2.41291
"cg_iq_a",66755.4,3.57388
"cg_iq_a",66755.4,2.77283
"cg_iq_a",66755.4,2.40905
"cg_iq_a",66755.5,1.91274
"cg_iq_a",66755.5,3.10633
"cg_iq_a",66755.5,2.39899
"cg_iq_a",66755.5,2.70924
"cg_iq_a",66755.5,1.80509
"cg_iq_a",66755.5,3.29845
"cg_iq_a",66755.5,2.22198
"cg_iq_a",66755.5,2.48766
"cg_iq_a",66755.5,2.43021
"cg_iq_a",66755.5,2.56441
"cg_iq_a",66755.5,2.27901
"cg_iq_a",66755.5,3.16667
"cg_iq_a",66755.6,1.21857
"cg_iq_a",66755.6,3.61658
"cg_iq_a",66755.6,3.31942
"cg_iq_a",66755.6,2.55886
"cg_iq_a",66755.6,2.68381
"cg_iq_a",66755.6,2.84685
"cg_iq_a",66755.6,2.68014
"cg_iq_a",66755.6,2.77097
"cg_iq_a",66755.6,3.16253
"cg_iq_a",66755.6,3.49969
"cg_iq_a",66755.6,3.86758
"cg_iq_a",66755.7,1.419
"cg_iq_a",66755.7,2.67318
"cg_iq_a",66755.7,2.98308
"cg_iq_a",66755.7,2.58302
"cg_iq_a",66755.7,2.77019
"cg_iq_a",66755.7,2.47896
"cg_iq_a",66755.7,1.65285
"cg_iq_a",66755.7,2.23926
"cg_iq_a",66755.7,2.60349
"cg_iq_a",66755.7,2.55193
"cg_iq_a",66755.7,2.80841
"cg_iq_a",66755.8,2.0771
"cg_iq_a",66755.8,2.46292
"cg_iq_a",66755.8,2.82172
"cg_iq_a",66755.8,2.52065
"cg_iq_a",66755.8,2.78525
"cg_iq_a",66755.8,2.12808
"cg_iq_a",66755.8,4.06913
"cg_iq_a",66755.8,2.1524
"cg_iq_a",66755.8,2.39912
"cg_iq_a",66755.8,2.16442
"cg_iq_a",66755.8,3.8504
"cg_iq_a",66755.9,2.15649
"cg_iq_a",66755.9,2.69435
"cg_iq_a",66755.9,2.22412
"cg_iq_a",66755.9,2.12717
"cg_iq_a",66755.9,2.56638
"cg_iq_a",66755.9,3.24099
"cg_iq_a",66755.9,2.619
"cg_iq_a",66755.9,1.98931
"cg_iq_a",66755.9,2.3643
"cg_iq_a",66755.9,2.20583
"cg_iq_a",66756,2.47187
"cg_iq_a",66756,2.98199
"cg_iq_a",66756,2.64533
"cg_iq_a",66756,2.49623
"cg_iq_a",66756,3.34324
"cg_iq_a",66756,1.24431
"cg_iq_a",66756,1.44465
"cg_iq_a",66756,0.436457
"cg_iq_a",66756,3.10347
"cg_iq_a",66756,2.25641
"cg_iq_a",66756.1,3.23737
"cg_iq_a",66756.1,3.15704
"cg_iq_a",66756.1,2.54473
"cg_iq_a",66756.1,3.41873
"cg_iq_a",66756.1,2.73239
"cg_iq_a",66756.1,2.35747
"cg_iq_a",66756.1,1.12789
"cg_iq_a",66756.1,2.3752
"cg_iq_a",66756.1,2.98073
"cg_iq_a",66756.1,2.02186
"cg_iq_a",66756.1,3.37799
"cg_iq_a",66756.2,2.52688
"cg_iq_a",66756.2,2.98851
"cg_iq_a",66756.2,2.84048
"cg_iq_a",66756.2,2.56752
"cg_iq_a",66756.2,2.17315
"cg_iq_a",66756.2,2.20834
"cg_iq_a",66756.2,2.62338
"cg_iq_a",66756.2,2.16648
"cg_iq_a",66756.2,2.78093
"cg_iq_a",66756.2,1.96268
"cg_iq_a",66756.3,2.39216
"cg_iq_a",66756.3,3.595
"cg_iq_a",66756.3,2.49899
"cg_iq_a",66756.3,2.72899
"cg_iq_a",66756.3,2.63866
"cg_iq_a",66756.3,2.49969
"cg_iq_a",66756.3,2.10376
"cg_iq_a",66756.3,2.62964
"cg_iq_a",66756.3,2.62764
"cg_iq_a",66756.4,2.75454
"cg_iq_a",66756.4,1.72565
"cg_iq_a",66756.4,1.9022
"cg_iq_a",66756.4,1.4195
"cg_iq_a",66756.4,2.54598
"cg_iq_a",66756.4,2.09723
"cg_iq_a",66756.4,2.87938
"cg_iq_a",66756.4,2.86081
"cg_iq_a",66756.4,2.27044
"cg_iq_a",66756.4,2.97394
"cg_iq_a",66756.5,2.86493
"cg_iq_a",66756.5,2.3714
"cg_iq_a",66756.5,2.59264
"cg_iq_a",66756.5,3.14696
"cg_iq_a",66756.5,2.76345
"cg_iq_a",66756.5,1.81261
"cg_iq_a",66756.5,2.20057
"cg_iq_a",66756.5,2.29811
"cg_iq_a",66756.5,3.14933
"cg_iq_a",66756.5,2.66282
"cg_iq_a",66756.6,1.89248
"cg_iq_a",66756.6,2.57255
"cg_iq_a",66756.6,3.25629
"cg_iq_a",66756.6,2.71973
"cg_iq_a",66756.6,2.62114
"cg_iq_a",66756.6,2.8094
"cg_iq_a",66756.6,2.37467
"cg_iq_a",66756.6,1.41643
"cg_iq_a",66756.6,2.36731
"cg_iq_a",66756.6,1.81454
"cg_iq_a",66756.6,2.90691
"cg_iq_a",66756.7,2.96076
"cg_iq_a",66756.7,2.24863
"cg_iq_a",66756.7,3.20069
"cg_iq_a",66756.7,2.32592
"cg_iq_a",66756.7,2.53779
"cg_iq_a",66756.7,2.76284
"cg_iq_a",66756.7,2.30852
"cg_iq_a",66756.7,1.66328
"cg_iq_a",66756.7,2.51344
"cg_iq_a",66756.8,2.83583
"cg_iq_a",66756.8,2.4642
"cg_iq_a",66756.8,2.43518
"cg_iq_a",66756.8,2.34351
"cg_iq_a",66756.8,2.21475
"cg_iq_a",66756.8,3.02321
"cg_iq_a",66756.8,2.22247
"cg_iq_a",66756.8,1.76325
"cg_iq_a",66756.8,2.53105
"cg_iq_a",66756.8,2.53488
"cg_iq_a",66756.9,1.89797
"cg_iq_a",66756.9,2.94423
"cg_iq_a",66756.9,2.16312
"cg_iq_a",66756.9,1.92348
"cg_iq_a",66756.9,2.67621
"cg_iq_a",66756.9,3.38103
"cg_iq_a",66756.9,3.53767
"cg_iq_a",66756.9,2.30971
"cg_iq_a",66756.9,2.26941
"cg_iq_a",66756.9,2.4302
"cg_iq_a",66757,2.73603
"cg_iq_a",66757,2.72477
"cg_iq_a",66757,3.41264
"cg_iq_a",66757,1.37294
"cg_iq_a",66757,3.01269
"cg_iq_a",66757,2.30342
"cg_iq_a",66757,2.41539
"cg_iq_a",66757,2.01689
"cg_iq_a",66757,2.40979
"cg_iq_a",66757,2.1702
"cg_iq_a",66757,2.42954
"cg_iq_a",66757.1,2.31242
"cg_iq_a",66757.1,2.94704
"cg_iq_a",66757.1,3.01996
"cg_iq_a",66757.1,2.87099
"cg_iq_a",66757.1,2.41985
"cg_iq_a",66757.1,2.88151
"cg_iq_a",66757.1,2.49609
"cg_iq_a",66757.1,2.84376
"cg_iq_a",66757.1,2.85103
"cg_iq_a",66757.1,2.31266
"cg_iq_a",66757.2,1.92371
"cg_iq_a",66757.2,2.79869
"cg_iq_a",66757.2,2.53493
"cg_iq_a",66757.2,2.79157
"cg_iq_a",66757.2,2.9644
"cg_iq_a",66757.2,2.61738
"cg_iq_a",66757.2,1.63617
"cg_iq_a",66757.2,2.86329
"cg_iq_a",66757.2,2.34382
"cg_iq_a",66757.2,1.82619
"cg_iq_a",66757.3,1.73649
"cg_iq_a",66757.3,3.062
"cg_iq_a",66757.3,2.8081
"cg_iq_a",66757.3,4.01331
"cg_iq_a",66757.3,2.43018
"cg_iq_a",66757.3,2.35016
"cg_iq_a",66757.3,1.9234
"cg_iq_a",66757.3,2.48283
"cg_iq_a",66757.3,2.51313
"cg_iq_a",66757.4,2.03427
"cg_iq_a",66757.4,2.61654
"cg_iq_a",66757.4,2.30516
"cg_iq_a",66757.4,2.92561
"cg_iq_a",66757.4,2.42995
"cg_iq_a",66757.4,2.60276
"cg_iq_a",66757.4,2.71114
"cg_iq_a",66757.4,2.48178
"cg_iq_a",66757.4,2.41416
"cg_iq_a",66757.4,2.78372
"cg_iq_a",66757.5,2.03398
"cg_iq_a",66757.5,2.3642
"cg_iq_a",66757.5,1.38606
"cg_iq_a",66757.5,2.08433
"cg_iq_a",66757.5,2.82943
"cg_iq_a",66757.5,2.9719
"cg_iq_a",66757.5,1.80198
"cg_iq_a",66757.5,2.24451
"cg_iq_a",66757.5,2.94009
"cg_iq_a",66757.5,3.02764
"cg_iq_a",66757.5,2.89878
"cg_iq_a",66757.6,2.65613
"cg_iq_a",66757.6,2.79835
"cg_iq_a",66757.6,2.83777
"cg_iq_a",66757.6,2.14894
"cg_iq_a",66757.6,2.86633
"cg_iq_a",66757.6,2.21478
"cg_iq_a",66757.6,2.59685
"cg_iq_a",66757.6,2.48905
"cg_iq_a",66757.6,2.81019
"cg_iq_a",66757.6,1.89179
"cg_iq_a",66757.7,2.02147
"cg_iq_a",66757.7,2.79697
"cg_iq_a",66757.7,3.17268
"cg_iq_a",66757.7,2.94987
"cg_iq_a",66757.7,2.9992
"cg_iq_a",66757.7,2.42004
"cg_iq_a",66757.7,2.60398
"cg_iq_a",66757.7,1.93027
"cg_iq_a",66757.7,2.80819
"cg_iq_a",66757.8,2.18373
"cg_iq_a",66757.8,2.82329
"cg_iq_a",66757.8,3.35721
"cg_iq_a",66757.8,2.70807
"cg_iq_a",66757.8,1.67489
"cg_iq_a",66757.8,2.05122
"cg_iq_a",66757.8,2.2618
"cg_iq_a",66757.8,2.06904
"cg_iq_a",66757.8,2.75809
"cg_iq_a",66757.8,3.52355
"cg_iq_a",66757.9,1.91015
"cg_iq_a",66757.9,2.49616
"cg_iq_a",66757.9,2.95037
"cg_iq_a",66757.9,2.6801
"cg_iq_a",66757.9,2.07322
"cg_iq_a",66757.9,2.78951
"cg_iq_a",66757.9,2.87278
"cg_iq_a",66757.9,2.73248
"cg_iq_a",66757.9,1.64894
"cg_iq_a",66757.9,3.30146
"cg_iq_a",66758,2.00938
"cg_iq_a",66758,2.38119
"cg_iq_a",66758,2.36036
"cg_iq_a",66758,2.43325
"cg_iq_a",66758,3.03089
"cg_iq_a",66758,3.77652
"cg_iq_a",66758,2.84023
"cg_iq_a",66758,2.28804
"cg_iq_a",66758,2.38162
"cg_iq_a",66758,2.93705
"cg_iq_a",66758.1,1.69386
"cg_iq_a",66758.1,2.44846
"cg_iq_a",66758.1,2.07264
"cg_iq_a",66758.1,2.71419
"cg_iq_a",66758.1,2.72501
"cg_iq_a",66758.1,2.77064
"cg_iq_a",66758.1,2.19669
"cg_iq_a",66758.1,2.05228
"cg_iq_a",66758.1,2.73589
"cg_iq_a",66758.1,2.63852
"cg_iq_a",66758.2,2.83991
"cg_iq_a",66758.2,2.29177
"cg_iq_a",66758.2,2.66189
"cg_iq_a",66758.2,2.4174
"cg_iq_a",66758.2,2.75672
"cg_iq_a",66758.2,2.69612
"cg_iq_a",66758.2,2.47611
"cg_iq_a",66758.2,2.49806
"cg_iq_a",66758.2,1.8342
"cg_iq_a",66758.2,1.80542
"cg_iq_a",66758.2,3.187
"cg_iq_a",66758.3,3.03347
"cg_iq_a",66758.3,2.48317
"cg_iq_a",66758.3,2.40576
"cg_iq_a",66758.3,2.82232
"cg_iq_a",66758.3,2.21144
"cg_iq_a",66758.3,1.02431
"cg_iq_a",66758.3,2.57461
"cg_iq_a",66758.3,2.42169
"cg_iq_a",66758.3,2.5308
"cg_iq_a",66758.4,2.17312
"cg_iq_a",66758.4,2.81219
"cg_iq_a",66758.4,2.29556
"cg_iq_a",66758.4,2.16557
"cg_iq_a",66758.4,2.31238
"cg_iq_a",66758.4,2.54477
"cg_iq_a",66758.4,1.89273
"cg_iq_a",66758.4,2.56865
"cg_iq_a",66758.4,2.99957
"cg_iq_a",66758.4,2.55118
"cg_iq_a",66758.5,0.895274
"cg_iq_a",66758.5,1.49272
"cg_iq_a",66758.5,0.350741
"cg_iq_a",66758.5,3.79429
"cg_iq_a",66758.5,1.82962
"cg_iq_a",66758.5,2.58186
"cg_iq_a",66758.5,2.59716
"cg_iq_a",66758.5,2.10359
"cg_iq_a",66758.5,2.26077
"cg_iq_a",66758.5,2.53996
"cg_iq_a",66758.6,2.37502
"cg_iq_a",66758.6,2.53908
"cg_iq_a",66758.6,1.29162
"cg_iq_a",66758.6,2.61318
"cg_iq_a",66758.6,1.98217
"cg_iq_a",66758.6,2.48898
"cg_iq_a",66758.6,2.65227
"cg_iq_a",66758.6,2.03097
"cg_iq_a",66758.6,2.95439
"cg_iq_a",66758.6,2.67914
"cg_iq_a",66758.6,3.23067
"cg_iq_a",66758.7,2.18711
"cg_iq_a",66758.7,2.40593
"cg_iq_a",66758.7,2.92312
"cg_iq_a",66758.7,2.93598
"cg_iq_a",66758.7,2.65281
"cg_iq_a",66758.7,2.54165
"cg_iq_a",66758.7,1.54015
"cg_iq_a",66758.7,2.37439
"cg_iq_a",66758.7,3.20767
"cg_iq_a",66758.8,2.66488
"cg_iq_a",66758.8,2.8749
"cg_iq_a",66758.8,2.77818
"cg_iq_a",66758.8,2.13505
"cg_iq_a",66758.8,2.51325
"cg_iq_a",66758.8,2.76627
"cg_iq_a",66758.8,2.62834
"cg_iq_a",66758.8,2.55172
"cg_iq_a",66758.8,2.73274
"cg_iq_a",66758.8,2.34004
"cg_iq_a",66758.9,2.5097
"cg_iq_a",66758.9,2.09715
"cg_iq_a",66758.9,2.03458
"cg_iq_a",66758.9,2.40947
"cg_iq_a",66758.9,3.85727
"cg_iq_a",66758.9,2.64548
"cg_iq_a",66758.9,2.62118
"cg_iq_a",66758.9,2.72181
"cg_iq_a",66758.9,2.86116
"cg_iq_a",66758.9,1.66753
"cg_iq_a",66759,2.66694
"cg_iq_a",66759,2.03474
"cg_iq_a",66759,2.51055
"cg_iq_a",66759,2.63836
"cg_iq_a",66759,2.72613
"cg_iq_a",66759,2.16751
"cg_iq_a",66759,2.66283
"cg_iq_a",66759,2.73895
"cg_iq_a",66759,2.87958
"cg_iq_a",66759,2.12771
"cg_iq_a",66759.1,2.14896
"cg_iq_a",66759.1,2.6141
"cg_iq_a",66759.1,0.960501
"cg_iq_a",66759.1,2.40841
"cg_iq_a",66759.1,3.01341
"cg_iq_a",66759.1,3.14645
"cg_iq_a",66759.1,2.71132
"cg_iq_a",66759.1,2.34347
"cg_iq_a",66759.1,2.38163
"cg_iq_a",66759.1,2.17674
"cg_iq_a",66759.2,2.47267
"cg_iq_a",66759.2,3.01351
"cg_iq_a",66759.2,2.28553
"cg_iq_a",66759.2,3.84134
"cg_iq_a",66759.2,2.57562
"cg_iq_a",66759.2,1.94372
"cg_iq_a",66759.2,3.1556
"cg_iq_a",66759.2,2.17356
"cg_iq_a",66759.2,3.33614
"cg_iq_a",66759.2,2.61816
"cg_iq_a",66759.3,3.46128
"cg_iq_a",66759.3,2.38214
"cg_iq_a",66759.3,2.30911
"cg_iq_a",66759.3,2.32643
"cg_iq_a",66759.3,2.72044
"cg_iq_a",66759.3,2.41289
"cg_iq_a",66759.3,1.87851
"cg_iq_a",66759.3,3.05835
"cg_iq_a",66759.3,2.44965
"cg_iq_a",66759.4,2.05237
"cg_iq_a",66759.4,1.99818
"cg_iq_a",66759.4,2.90523
"cg_iq_a",66759.4,2.17701
"cg_iq_a",66759.4,2.21147
"cg_iq_a",66759.4,2.19285
"cg_iq_a",66759.4,3.46518
"cg_iq_a",66759.4,2.92185
"cg_iq_a",66759.4,3.51008
"cg_iq_a",66759.4,0.808361
"cg_iq_a",66759.4,2.32907
"cg_iq_a",66759.5,1.94573
"cg_iq_a",66759.5,2.4194
"cg_iq_a",66759.5,2.03522
"cg_iq_a",66759.5,2.81788
"cg_iq_a",66759.5,2.32591
"cg_iq_a",66759.5,1.86435
"cg_iq_a",66759.5,2.58281
"cg_iq_a",66759.5,2.14255
"cg_iq_a",66759.5,2.49935
"cg_iq_a",66759.5,2.19997
"cg_iq_a",66759.6,2.81884
"cg_iq_a",66759.6,3.32264
"cg_iq_a",66759.6,2.62861
"cg_iq_a",66759.6,2.62448
"cg_iq_a",66759.6,1.56578
"cg_iq_a",66759.6,1.9197
"cg_iq_a",66759.6,2.33466
"cg_iq_a",66759.6,2.57002
"cg_iq_a",66759.6,2.29621
"cg_iq_a",66759.6,1.81138
"cg_iq_a",66759.7,2.26489
"cg_iq_a",66759.7,2.43021
"cg_iq_a",66759.7,2.26645
"cg_iq_a",66759.7,3.46884
"cg_iq_a",66759.7,2.03129
"cg_iq_a",66759.7,2.6755
"cg_iq_a",66759.7,2.62801
"cg_iq_a",66759.7,2.3262
"cg_iq_a",66759.7,2.43011
"cg_iq_a",66759.8,2.34989
"cg_iq_a",66759.8,2.60588
"cg_iq_a",66759.8,2.12414
"cg_iq_a",66759.8,1.80295
"cg_iq_a",66759.8,2.88116
"cg_iq_a",66759.8,1.88167
"cg_iq_a",66759.8,2.46935
"cg_iq_a",66759.8,2.72231
"cg_iq_a",66759.8,0.784834
"cg_iq_a",66759.8,2.89846
"cg_iq_a",66759.8,3.23029
"cg_iq_a",66759.9,3.51624
"cg_iq_a",66759.9,2.23626
"cg_iq_a",66759.9,3.024
"cg_iq_a",66759.9,3.73733
"cg_iq_a",66759.9,2.52065
"cg_iq_a",66759.9,2.71341
"cg_iq_a",66759.9,2.81464
"cg_iq_a",66759.9,2.14924
"cg_iq_a",66759.9,1.79458
"cg_iq_a",66759.9,2.19064
"cg_iq_a",66760,2.29127
"cg_iq_a",66760,2.38851
"cg_iq_a",66760,4.27836
"cg_iq_a",66760,3.04762
"cg_iq_a",66760,2.37414
"cg_iq_a",66760,2.41286
"cg_iq_a",66760,2.79413
"cg_iq_a",66760,2.15778
"cg_iq_a",66760,2.53374
"cg_iq_a",66760,2.75322
"cg_iq_a",66760.1,1.94078
"cg_iq_a",66760.1,3.17183
"cg_iq_a",66760.1,2.47877
"cg_iq_a",66760.1,2.64242
"cg_iq_a",66760.1,2.47935
"cg_iq_a",66760.1,1.88165
"cg_iq_a",66760.1,2.67268
"cg_iq_a",66760.1,2.77777
"cg_iq_a",66760.1,2.19758
"cg_iq_a",66760.1,2.46519
"cg_iq_a",66760.2,2.15366
"cg_iq_a",66760.2,2.88882
"cg_iq_a",66760.2,1.83678
"cg_iq_a",66760.2,2.49921
"cg_iq_a",66760.2,2.71057
"cg_iq_a",66760.2,2.1599
"cg_iq_a",66760.2,2.51952
"cg_iq_a",66760.2,2.26729
"cg_iq_a",66760.2,2.88848
"cg_iq_a",66760.2,2.55888
"cg_iq_a",66760.3,2.77641
"cg_iq_a",66760.3,3.19405
"cg_iq_a",66760.3,2.55179
"cg_iq_a",66760.3,1.50989
"cg_iq_a",66760.3,2.90885
"cg_iq_a",66760.3,2.46494
"cg_iq_a",66760.3,2.66284
"cg_iq_a",66760.3,2.2251
"cg_iq_a",66760.3,2.81919
"cg_iq_a",66760.4,2.86745
"cg_iq_a",66760.4,1.71187
"cg_iq_a",66760.4,2.60401
"cg_iq_a",66760.4,2.90103
"cg_iq_a",66760.4,2.31868
"cg_iq_a",66760.4,2.70071
"cg_iq_a",66760.4,2.10109
"cg_iq_a",66760.4,1.01742
"cg_iq_a",66760.4,2.73916
"cg_iq_a",66760.4,2.53347
"cg_iq_a",66760.5,3.30577
"cg_iq_a",66760.5,2.59003
"cg_iq_a",66760.5,3.06969
"cg_iq_a",66760.5,2.94739
"cg_iq_a",66760.5,2.75573
"cg_iq_a",66760.5,2.70745
"cg_iq_a",66760.5,2.66625
"cg_iq_a",66760.5,1.57231
"cg_iq_a",66760.5,2.24405
"cg_iq_a",66760.5,2.85114
"cg_iq_a",66760.6,3.37889
"cg_iq_a",66760.6,2.06867
"cg_iq_a",66760.6,1.76885
"cg_iq_a",66760.6,0.681421
"cg_iq_a",66760.6,2.35288
"cg_iq_a",66760.6,2.0209
"cg_iq_a",66760.6,2.27342
"cg_iq_a",66760.6,2.79183
"cg_iq_a",66760.6,2.61458
"cg_iq_a",66760.6,1.83109
"cg_iq_a",66760.7,1.80539
"cg_iq_a",66760.7,2.3584
"cg_iq_a",66760.7,2.92317
"cg_iq_a",66760.7,2.99202
"cg_iq_a",66760.7,2.51352
"cg_iq_a",66760.7,2.31436
"cg_iq_a",66760.7,2.33305
"cg_iq_a",66760.7,1.96512
"cg_iq_a",66760.7,2.50669
"cg_iq_a",66760.7,2.06594
"cg_iq_a",66760.8,2.56074
"cg_iq_a",66760.8,1.71851
"cg_iq_a",66760.8,2.29158
"cg_iq_a",66760.8,1.94858
"cg_iq_a",66760.8,2.21695
"cg_iq_a",66760.8,2.4201
"cg_iq_a",66760.8,1.88877
"cg_iq_a",66760.8,2.48917
"cg_iq_a",66760.8,1.99627
"cg_iq_a",66760.8,2.96503
"cg_iq_a",66760.9,1.49978
"cg_iq_a",66760.9,2.4256
"cg_iq_a",66760.9,2.54822
"cg_iq_a",66760.9,1.69073
"cg_iq_a",66760.9,2.7132
"cg_iq_a",66760.9,2.59049
"cg_iq_a",66760.9,2.9473
"cg_iq_a",66760.9,2.6346
"cg_iq_a",66760.9,2.08312
"cg_iq_a",66760.9,2.46815
"cg_iq_a",66761,2.50668
"cg_iq_a",66761,2.48932
"cg_iq_a",66761,3.05032
"cg_iq_a",66761,2.47313
"cg_iq_a",66761,2.06469
"cg_iq_a",66761,2.34727
"cg_iq_a",66761,3.16948
"cg_iq_a",66761,2.5968
"cg_iq_a",66761,2.22876
"cg_iq_a",66761,2.34968
"cg_iq_a",66761.1,2.68778
"cg_iq_a",66761.1,2.819
"cg_iq_a",66761.1,2.5692
"cg_iq_a",66761.1,3.5798
"cg_iq_a",66761.1,2.46488
"cg_iq_a",66761.1,3.04689
"cg_iq_a",66761.1,2.32575
"cg_iq_a",66761.1,1.72844
"cg_iq_a",66761.1,2.79255
"cg_iq_a",66761.1,2.62726
"cg_iq_a",66761.2,2.26666
"cg_iq_a",66761.2,1.97515
"cg_iq_a",66761.2,2.14159
"cg_iq_a",66761.2,3.29359
"cg_iq_a",66761.2,1.86432
"cg_iq_a",66761.2,1.37132
"cg_iq_a",66761.2,1.53834
"cg_iq_a",66761.2,2.45142
"cg_iq_a",66761.2,1.87166
"cg_iq_a",66761.2,2.68293
"cg_iq_a",66761.2,1.46761
"cg_iq_a",66761.3,2.84145
"cg_iq_a",66761.3,2.04117
"cg_iq_a",66761.3,2.57261
"cg_iq_a",66761.3,0.951376
"cg_iq_a",66761.3,2.39207
"cg_iq_a",66761.3,1.9615
"cg_iq_a",66761.3,1.15978
"cg_iq_a",66761.3,2.42415
"cg_iq_a",66761.3,3.05353
"cg_iq_a",66761.4,1.76993
"cg_iq_a",66761.4,2.30425
"cg_iq_a",66761.4,2.94718
"cg_iq_a",66761.4,0.0560641
"cg_iq_a",66761.4,2.84309
"cg_iq_a",66761.4,2.72522
"cg_iq_a",66761.4,2.63399
"cg_iq_a",66761.4,2.72187
"cg_iq_a",66761.4,2.42339
"cg_iq_a",66761.4,1.15075
"cg_iq_a",66761.5,2.54048
"cg_iq_a",66761.5,2.99855
"cg_iq_a",66761.5,1.49627
"cg_iq_a",66761.5,2.70811
"cg_iq_a",66761.5,2.33347
"cg_iq_a",66761.5,2.55824
"cg_iq_a",66761.5,2.72887
"cg_iq_a",66761.5,2.23577
"cg_iq_a",66761.5,2.10421
"cg_iq_a",66761.5,2.52372
"cg_iq_a",66761.6,2.76045
"cg_iq_a",66761.6,1.98934
"cg_iq_a",66761.6,3.26746
"cg_iq_a",66761.6,2.31809
"cg_iq_a",66761.6,1.82622
"cg_iq_a",66761.6,2.69144
"cg_iq_a",66761.6,1.57959
"cg_iq_a",66761.6,2.26651
"cg_iq_a",66761.6,2.05538
"cg_iq_a",66761.6,2.55036
"cg_iq_a",66761.7,1.76701
"cg_iq_a",66761.7,2.39539
"cg_iq_a",66761.7,3.07726
"cg_iq_a",66761.7,2.82244
"cg_iq_a",66761.7,4.7028
"cg_iq_a",66761.7,3.01258
"cg_iq_a",66761.7,2.45108
"cg_iq_a",66761.7,2.67007
"cg_iq_a",66761.7,2.93011
"cg_iq_a",66761.8,1.39914
"cg_iq_a",66761.8,1.94588
"cg_iq_a",66761.8,2.05838
"cg_iq_a",66761.8,3.13389
"cg_iq_a",66761.8,2.63101
"cg_iq_a",66761.8,1.57108
"cg_iq_a",66761.8,3.96403
"cg_iq_a",66761.8,2.82942
"cg_iq_a",66761.8,2.8008
"cg_iq_a",66761.8,1.7593
"cg_iq_a",66761.9,1.32013
"cg_iq_a",66761.9,2.29096
"cg_iq_a",66761.9,0.817345
"cg_iq_a",66761.9,3.34666
"cg_iq_a",66761.9,2.59681
"cg_iq_a",66761.9,0.57639
"cg_iq_a",66761.9,1.18998
"cg_iq_a",66761.9,2.18519
"cg_iq_a",66761.9,2.83484
"cg_iq_a",66761.9,1.96657
"cg_iq_a",66761.9,2.42794
"cg_iq_a",66762,2.48575
"cg_iq_a",66762,2.66651
"cg_iq_a",66762,2.30941
"cg_iq_a",66762,1.51017
"cg_iq_a",66762,2.55476
"cg_iq_a",66762,1.94794
"cg_iq_a",66762,1.90983
"cg_iq_a",66762,2.58054
"cg_iq_a",66762,2.27409
"cg_iq_a",66762,2.47859
"cg_iq_a",66762.1,1.81194
"cg_iq_a",66762.1,2.79486
"cg_iq_a",66762.1,1.99694
"cg_iq_a",66762.1,2.34001
"cg_iq_a",66762.1,2.72472
"cg_iq_a",66762.1,2.20875
"cg_iq_a",66762.1,1.5782
"cg_iq_a",66762.1,2.64339
"cg_iq_a",66762.1,2.08314
"cg_iq_a",66762.1,2.69745
"cg_iq_a",66762.2,2.42724
"cg_iq_a",66762.2,2.22548
"cg_iq_a",66762.2,2.90186
"cg_iq_a",66762.2,2.50015
"cg_iq_a",66762.2,2.34849
"cg_iq_a",66762.2,2.60099
"cg_iq_a",66762.2,2.74186
"cg_iq_a",66762.2,2.12215
"cg_iq_a",66762.2,1.77995
"cg_iq_a",66762.2,2.47124
"cg_iq_a",66762.3,2.66176
"cg_iq_a",66762.3,2.80169
"cg_iq_a",66762.3,1.76699
"cg_iq_a",66762.3,2.41592
"cg_iq_a",66762.3,2.99175
"cg_iq_a",66762.3,3.1761
"cg_iq_a",66762.3,2.76206
"cg_iq_a",66762.3,2.31112
"cg_iq_a",66762.3,2.25029
"cg_iq_a",66762.3,3.00498
"cg_iq_a",66762.4,1.42359
"cg_iq_a",66762.4,2.1631
"cg_iq_a",66762.4,1.74649
"cg_iq_a",66762.4,1.7539
"cg_iq_a",66762.4,2.00457
"cg_iq_a",66762.4,1.91601
"cg_iq_a",66762.4,3.04539
"cg_iq_a",66762.4,2.19159
"cg_iq_a",66762.4,3.02019
"cg_iq_a",66762.4,2.26361
"cg_iq_a",66762.5,1.87145
"cg_iq_a",66762.5,2.56549
"cg_iq_a",66762.5,1.99286
"cg_iq_a",66762.5,3.1378
"cg_iq_a",66762.5,2.78093
"cg_iq_a",66762.5,3.37825
"cg_iq_a",66762.5,2.22406
"cg_iq_a",66762.5,2.90979
"cg_iq_a",66762.5,2.32001
"cg_iq_a",66762.5,2.65265
"cg_iq_a",66762.6,3.26676
"cg_iq_a",66762.6,2.4862
"cg_iq_a",66762.6,2.25378
"cg_iq_a",66762.6,2.24407
"cg_iq_a",66762.6,2.01018
"cg_iq_a",66762.6,2.29851
"cg_iq_a",66762.6,3.35355
"cg_iq_a",66762.6,2.77322
"cg_iq_a",66762.6,3.68277
"cg_iq_a",66762.6,2.43651
"cg_iq_a",66762.7,2.98943
"cg_iq_a",66762.7,1.59324
"cg_iq_a",66762.7,1.97917
"cg_iq_a",66762.7,2.21893
"cg_iq_a",66762.7,2.56189
"cg_iq_a",66762.7,3.06319
"cg_iq_a",66762.7,2.46117
"cg_iq_a",66762.7,2.2981
"cg_iq_a",66762.7,1.93947
"cg_iq_a",66762.7,1.53115
"cg_iq_a",66762.8,1.61148
"cg_iq_a",66762.8,2.29815
"cg_iq_a",66762.8,2.43955
"cg_iq_a",66762.8,1.65689
"cg_iq_a",66762.8,2.83264
"cg_iq_a",66762.8,1.41998
"cg_iq_a",66762.8,1.75311
"cg_iq_a",66762.8,1.6676
"cg_iq_a",66762.8,2.04133
"cg_iq_a",66762.8,1.7537
"cg_iq_a",66762.9,1.08318
"cg_iq_a",66762.9,2.38516
"cg_iq_a",66762.9,0.910705
"cg_iq_a",66762.9,2.96078
"cg_iq_a",66762.9,0.412369
"cg_vd_v",66733,2.152
"cg_vd_v",66733,2.19007
"cg_vd_v",66733,1.99044
"cg_vd_v",66733,2.2098
"cg_vd_v",66733,2.08208
"cg_vd_v",66733,2.17917
"cg_vd_v",66733,1.93813
"cg_vd_v",66733,1.86271
"cg_vd_v",66733.1,1.95869
"cg_vd_v",66733.1,1.95314
"cg_vd_v",66733.1,2.18884
"cg_vd_v",66733.1,1.86314
"cg_vd_v",66733.1,2.22961
"cg_vd_v",66733.1,2.06553
"cg_vd_v",66733.1,2.14725
"cg_vd_v",66733.1,2.02776
"cg_vd_v",66733.1,2.22728
"cg_vd_v",66733.1,1.98874
"cg_vd_v",66733.2,2.05003
"cg_vd_v",66733.2,1.83147
"cg_vd_v",66733.2,2.14231
"cg_vd_v",66733.2,1.87746
"cg_vd_v",66733.2,2.22316
"cg_vd_v",66733.2,1.81093
"cg_vd_v",66733.2,2.20219
"cg_vd_v",66733.2,2.04675
"cg_vd_v",66733.2,2.19468
"cg_vd_v",66733.2,2.02044
"cg_vd_v",66733.3,2.07957
"cg_vd_v",66733.3,2.04809
"cg_vd_v",66733.3,2.06119
"cg_vd_v",66733.3,1.85905
"cg_vd_v",66733.3,2.05604
"cg_vd_v",66733.3,1.96553
"cg_vd_v",66733.3,2.04633
"cg_vd_v",66733.3,1.89947
"cg_vd_v",66733.3,2.10678
"cg_vd_v",66733.3,2.02065
"cg_vd_v",66733.4,2.00749
"cg_vd_v",66733.4,2.23994
"cg_vd_v",66733.4,1.98091
"cg_vd_v",66733.4,2.20503
"cg_vd_v",66733.4,1.80023
"cg_vd_v",66733.4,2.03712
"cg_vd_v",66733.4,2.01445
"cg_vd_v",66733.4,1.83241
"cg_vd_v",66733.4,2.00784
"cg_vd_v",66733.4,1.81387
"cg_vd_v",66733.5,2.30084
"cg_vd_v",66733.5,1.8674
"cg_vd_v",66733.5,2.24748
"cg_vd_v",66733.5,2.17006
"cg_vd_v",66733.5,2.07338
"cg_vd_v",66733.5,1.92352
"cg_vd_v",66733.5,1.88268
"cg_vd_v",66733.5,2.17725
"cg_vd_v",66733.5,1.74986
"cg_vd_v",66733.5,2.22067
"cg_vd_v",66733.6,1.98959
"cg_vd_v",66733.6,1.90031
"cg_vd_v",66733.6,2.06207
"cg_vd_v",66733.6,1.99748
"cg_vd_v",66733.6,2.24033
"cg_vd_v",66733.6,2.01049
"cg_vd_v",66733.6,2.02704
"cg_vd_v",66733.6,2.02797
"cg_vd_v",66733.6,1.82335
"cg_vd_v",66733.6,2.05792
"cg_vd_v",66733.7,1.94772
"cg_vd_v",66733.7,1.956
"cg_vd_v",66733.7,1.95409
"cg_vd_v",66733.7,2.08426
"cg_vd_v",66733.7,2.0001
"cg_vd_v",66733.7,2.09258
"cg_vd_v",66733.7,2.08646
"cg_vd_v",66733.7,2.1768
"cg_vd_v",66733.7,1.85411
"cg_vd_v",66733.7,1.93651
"cg_vd_v",66733.8,2.13814
"cg_vd_v",66733.8,1.77387
"cg_vd_v",66733.8,2.17589
"cg_vd_v",66733.8,1.90619
"cg_vd_v",66733.8,1.82847
"cg_vd_v",66733.8,2.18786
"cg_vd_v",66733.8,2.08801
"cg_vd_v",66733.8,2.02212
"cg_vd_v",66733.8,2.13664
"cg_vd_v",66733.8,2.09666
"cg_vd_v",66733.9,1.91226
"cg_vd_v",66733.9,2.04026
"cg_vd_v",66733.9,1.89597
"cg_vd_v",66733.9,1.87489
"cg_vd_v",66733.9,2.0615
"cg_vd_v",66733.9,1.91473
"cg_vd_v",66733.9,2.04706
"cg_vd_v",66733.9,2.07994
"cg_vd_v",66733.9,2.24023
"cg_vd_v",66733.9,1.9934
"cg_vd_v",66734,2.07212
"cg_vd_v",66734,1.96683
"cg_vd_v",66734,1.73849
"cg_vd_v",66734,2.06043
"cg_vd_v",66734,1.9322
"cg_vd_v",66734,1.86739
"cg_vd_v",66734,1.94224
"cg_vd_v",66734,2.1439
"cg_vd_v",66734,1.7733
"cg_vd_v",66734,2.19344
"cg_vd_v",66734.1,1.94062
"cg_vd_v",66734.1,1.87994
"cg_vd_v",66734.1,1.97276
"cg_vd_v",66734.1,2.04914
"cg_vd_v",66734.1,1.87357
"cg_vd_v",66734.1,1.81484
"cg_vd_v",66734.1,2.17474
"cg_vd_v",66734.1,1.79419
"cg_vd_v",66734.1,2.01997
"cg_vd_v",66734.1,1.96427
"cg_vd_v",66734.2,2.12035
"cg_vd_v",66734.2,2.11111
"cg_vd_v",66734.2,1.84546
"cg_vd_v",66734.2,2.08448
"cg_vd_v",66734.2,1.87671
"cg_vd_v",66734.2,1.80494
"cg_vd_v",66734.2,1.89953
"cg_vd_v",66734.2,2.1781
"cg_vd_v",66734.2,1.76087
"cg_vd_v",66734.2,2.03562
"cg_vd_v",66734.2,1.95958
"cg_vd_v",66734.3,2.20223
"cg_vd_v",66734.3,2.04888
"cg_vd_v",66734.3,1.84878
"cg_vd_v",66734.3,2.08024
"cg_vd_v",66734.3,1.97798
"cg_vd_v",66734.3,1.8211
"cg_vd_v",66734.3,1.80875
"cg_vd_v",66734.3,2.09005
"cg_vd_v",66734.3,1.86704
"cg_vd_v",66734.4,2.1494
"cg_vd_v",66734.4,1.82075
"cg_vd_v",66734.4,2.14861
"cg_vd_v",66734.4,2.19531
"cg_vd_v",66734.4,1.86475
"cg_vd_v",66734.4,1.91744
"cg_vd_v",66734.4,1.75814
"cg_vd_v",66734.4,2.05026
"cg_vd_v",66734.4,1.93639
"cg_vd_v",66734.4,1.80831
"cg_vd_v",66734.5,1.81016
"cg_vd_v",66734.5,1.93281
"cg_vd_v",66734.5,2.01156
"cg_vd_v",66734.5,2.25032
"cg_vd_v",66734.5,1.87326
"cg_vd_v",66734.5,1.99058
"cg_vd_v",66734.5,1.96383
"cg_vd_v",66734.5,1.88064
"cg_vd_v",66734.5,1.95157
"cg_vd_v",66734.5,1.7867
"cg_vd_v",66734.6,1.91787
"cg_vd_v",66734.6,1.89901
"cg_vd_v",66734.6,2.06777
"cg_vd_v",66734.6,2.10416
"cg_vd_v",66734.6,1.93189
"cg_vd_v",66734.6,1.90868
"cg_vd_v",66734.6,1.99602
"cg_vd_v",66734.6,1.95433
"cg_vd_v",66734.6,2.0154
"cg_vd_v",66734.7,1.79129
"cg_vd_v",66734.7,1.94273
"cg_vd_v",66734.7,1.67956
"cg_vd_v",66734.7,2.06166
"cg_vd_v",66734.7,2.08128
"cg_vd_v",66734.7,2.03738
"cg_vd_v",66734.7,2.06227
"cg_vd_v",66734.8,1.77511
"cg_vd_v",66734.8,1.95209
"cg_vd_v",66734.8,1.91169
"cg_vd_v",66734.8,2.00464
"cg_vd_v",66734.8,1.91658
"cg_vd_v",66734.8,1.84511
"cg_vd_v",66734.9,1.90077
"cg_vd_v",66734.9,1.87847
"cg_vd_v",66734.9,1.97404
"cg_vd_v",66734.9,2.25357
"cg_vd_v",66734.9,2.1083
"cg_vd_v",66734.9,2.06071
"cg_vd_v",66734.9,1.74682
"cg_vd_v",66734.9,1.8477
"cg_vd_v",66735,1.59878
"cg_vd_v",66735,2.03706
"cg_vd_v",66735,2.1081
"cg_vd_v",66735,2.03652
"cg_vd_v",66735,1.78342
"cg_vd_v",66735,1.86329
"cg_vd_v",66735.1,1.87693
"cg_vd_v",66735.1,1.97535
"cg_vd_v",66735.1,1.89688
"cg_vd_v",66735.1,2.04471
"cg_vd_v",66735.1,1.86378
"cg_vd_v",66735.1,1.89698
"cg_vd_v",66735.1,1.80792
"cg_vd_v",66735.2,1.87402
"cg_vd_v",66735.2,1.92599
"cg_vd_v",66735.2,1.81616
"cg_vd_v",66735.2,2.07983
"cg_vd_v",66735.2,1.76544
"cg_vd_v",66735.2,1.88922
"cg_vd_v",66735.2,1.65392
"cg_vd_v",66735.2,1.8447
"cg_vd_v",66735.2,1.80331
"cg_vd_v",66735.3,1.94535
"cg_vd_v",66735.3,1.93247
"cg_vd_v",66735.3,2.03383
"cg_vd_v",66735.3,2.01283
"cg_vd_v",66735.3,2.08185
"cg_vd_v",66735.3,2.04805
"cg_vd_v",66735.3,1.78357
"cg_vd_v",66735.3,1.8697
"cg_vd_v",66735.3,1.63285
"cg_vd_v",66735.3,1.70224
"cg_vd_v",66735.3,1.70697
"cg_vd_v",66735.4,1.8754
"cg_vd_v",66735.4,1.77811
"cg_vd_v",66735.4,1.89187
"cg_vd_v",66735.4,1.87604
"cg_vd_v",66735.4,2.01301
"cg_vd_v",66735.4,1.87445
"cg_vd_v",66735.4,1.93932
"cg_vd_v",66735.4,1.77874
"cg_vd_v",66735.4,1.87981
"cg_vd_v",66735.4,1.74932
"cg_vd_v",66735.4,2.01938
"cg_vd_v",66735.5,1.90215
"cg_vd_v",66735.5,2.01479
"cg_vd_v",66735.5,2.08562
"cg_vd_v",66735.5,2.11639
"cg_vd_v",66735.5,2.01546
"cg_vd_v",66735.5,1.99873
"cg_vd_v",66735.5,1.8891
"cg_vd_v",66735.5,1.95313
"cg_vd_v",66735.5,1.87489
"cg_vd_v",66735.5,1.94126
"cg_vd_v",66735.5,1.92947
"cg_vd_v",66735.5,2.04033
"cg_vd_v",66735.6,2.07781
"cg_vd_v",66735.6,2.12192
"cg_vd_v",66735.6,2.0332
"cg_vd_v",66735.6,1.95361
"cg_vd_v",66735.6,1.91932
"cg_vd_v",66735.6,1.90013
"cg_vd_v",66735.6,1.78812
"cg_vd_v",66735.6,1.92188
"cg_vd_v",66735.6,1.96868
"cg_vd_v",66735.6,2.04839
"cg_vd_v",66735.6,1.99437
"cg_vd_v",66735.6,2.11377
"cg_vd_v",66735.7,1.98414
"cg_vd_v",66735.7,1.91995
"cg_vd_v",66735.7,1.8171
"cg_vd_v",66735.7,1.90443
"cg_vd_v",66735.7,1.70099
"cg_vd_v",66735.7,1.89864
"cg_vd_v",66735.7,1.7079
"cg_vd_v",66735.7,1.88363
"cg_vd_v",66735.7,1.75648
"cg_vd_v",66735.7,1.8969
"cg_vd_v",66735.8,1.65676
"cg_vd_v",66735.8,1.75897
"cg_vd_v",66735.8,1.62317
"cg_vd_v",66735.8,1.75664
"cg_vd_v",66735.8,1.89346
"cg_vd_v",66735.8,1.61792
"cg_vd_v",66735.8,1.82127
"cg_vd_v",66735.8,1.99116
"cg_vd_v",66735.8,2.023
"cg_vd_v",66735.8,2.02755
"cg_vd_v",66735.8,1.97851
"cg_vd_v",66735.9,1.87404
"cg_vd_v",66735.9,1.88229
"cg_vd_v",66735.9,1.81147
"cg_vd_v",66735.9,1.93218
"cg_vd_v",66735.9,1.40607
"cg_vd_v",66735.9,1.8664
"cg_vd_v",66735.9,1.64436
"cg_vd_v",66735.9,1.91801
"cg_vd_v",66735.9,1.80663
"cg_vd_v",66735.9,1.87075
"cg_vd_v",66735.9,1.68613
"cg_vd_v",66736,1.80913
"cg_vd_v",66736,1.81164
"cg_vd_v",66736,2.0416
"cg_vd_v",66736,1.73057
"cg_vd_v",66736,1.96464
"cg_vd_v",66736,1.86928
"cg_vd_v",66736,1.72166
"cg_vd_v",66736,1.80496
"cg_vd_v",66736,1.63519
"cg_vd_v",66736,1.84398
"cg_vd_v",66736,1.77034
"cg_vd_v",66736.1,1.87676
"cg_vd_v",66736.1,1.87548
"cg_vd_v",66736.1,1.71682
"cg_vd_v",66736.1,1.88957
"cg_vd_v",66736.1,1.72995
"cg_vd_v",66736.1,1.92697
"cg_vd_v",66736.1,1.76251
"cg_vd_v",66736.1,1.52066
"cg_vd_v",66736.1,1.78164
"cg_vd_v",66736.1,1.85221
"cg_vd_v",66736.2,1.9705
"cg_vd_v",66736.2,1.56803
"cg_vd_v",66736.2,1.82887
"cg_vd_v",66736.2,1.57138
"cg_vd_v",66736.2,2.00315
"cg_vd_v",66736.2,1.8001
"cg_vd_v",66736.2,1.73912
"cg_vd_v",66736.2,1.85842
"cg_vd_v",66736.2,1.84728
"cg_vd_v",66736.2,1.63026
"cg_vd_v",66736.3,1.57708
"cg_vd_v",66736.3,1.763
"cg_vd_v",66736.3,1.81453
"cg_vd_v",66736.3,1.96205
"cg_vd_v",66736.3,2.04576
"cg_vd_v",66736.3,1.84552
"cg_vd_v",66736.3,1.73827
"cg_vd_v",66736.3,1.49417
"cg_vd_v",66736.3,1.74411
"cg_vd_v",66736.4,1.77881
"cg_vd_v",66736.4,1.7857
"cg_vd_v",66736.4,1.97634
"cg_vd_v",66736.4,1.70963
"cg_vd_v",66736.4,1.9925
"cg_vd_v",66736.4,1.90088
"cg_vd_v",66736.4,1.92602
"cg_vd_v",66736.4,1.85386
"cg_vd_v",66736.4,1.68764
"cg_vd_v",66736.4,1.64413
"cg_vd_v",66736.5,1.63175
"cg_vd_v",66736.5,1.7737
"cg_vd_v",66736.5,1.94536
"cg_vd_v",66736.5,1.85946
"cg_vd_v",66736.5,1.90698
"cg_vd_v",66736.5,1.66032
"cg_vd_v",66736.5,1.85444
"cg_vd_v",66736.5,1.64687
"cg_vd_v",66736.5,1.76881
"cg_vd_v",66736.5,1.88857
"cg_vd_v",66736.6,1.47564
"cg_vd_v",66736.6,1.65045
"cg_vd_v",66736.6,1.671
"cg_vd_v",66736.6,1.85471
"cg_vd_v",66736.6,1.83536
"cg_vd_v",66736.6,1.54443
"cg_vd_v",66736.6,1.67641
"cg_vd_v",66736.6,1.71831
"cg_vd_v",66736.6,1.81019
"cg_vd_v",66736.6,1.77631
"cg_vd_v",66736.7,1.54972
"cg_vd_v",66736.7,1.8665
"cg_vd_v",66736.7,2.07311
"cg_vd_v",66736.7,1.70104
"cg_vd_v",66736.7,1.74219
"cg_vd_v",66736.7,1.5356
"cg_vd_v",66736.7,1.86603
"cg_vd_v",66736.7,1.789
"cg_vd_v",66736.7,1.61774
"cg_vd_v",66736.7,1.70883
"cg_vd_v",66736.8,1.74287
"cg_vd_v",66736.8,1.93378
"cg_vd_v",66736.8,1.97462
"cg_vd_v",66736.8,1.65912
"cg_vd_v",66736.8,1.73416
"cg_vd_v",66736.8,1.86306
"cg_vd_v",66736.8,1.62217
"cg_vd_v",66736.8,1.8094
"cg_vd_v",66736.8,1.47869
"cg_vd_v",66736.8,1.90221
"cg_vd_v",66736.9,1.75633
"cg_vd_v",66736.9,1.58066
"cg_vd_v",66736.9,1.73539
"cg_vd_v",66736.9,1.66692
"cg_vd_v",66736.9,1.47536
"cg_vd_v",66736.9,1.63031
"cg_vd_v",66736.9,1.569
"cg_vd_v",66736.9,1.50436
"cg_vd_v",66736.9,1.66091
"cg_vd_v",66736.9,1.45011
"cg_vd_v",66737,1.64267
"cg_vd_v",66737,1.55492
"cg_vd_v",66737,1.60486
"cg_vd_v",66737,1.55787
"cg_vd_v",66737,1.64693
"cg_vd_v",66737,1.48677
"cg_vd_v",66737,1.6777
"cg_vd_v",66737,1.50022
"cg_vd_v",66737,1.64205
"cg_vd_v",66737,1.55913
"cg_vd_v",66737.1,1.59777
"cg_vd_v",66737.1,1.56129
"cg_vd_v",66737.1,1.5748
"cg_vd_v",66737.1,1.59926
"cg_vd_v",66737.1,1.55919
"cg_vd_v",66737.1,1.67234
"cg_vd_v",66737.1,1.50323
"cg_vd_v",66737.1,1.68127
"cg_vd_v",66737.1,1.50473
"cg_vd_v",66737.1,1.66826
"cg_vd_v",66737.1,1.51589
"cg_vd_v",66737.2,1.62977
"cg_vd_v",66737.2,1.59216
"cg_vd_v",66737.2,1.66739
"cg_vd_v",66737.2,1.52916
"cg_vd_v",66737.2,1.72936
"cg_vd_v",66737.2,1.49398
"cg_vd_v",66737.2,1.75096
"cg_vd_v",66737.2,1.57839
"cg_vd_v",66737.2,1.68321
"cg_vd_v",66737.2,1.61747
"cg_vd_v",66737.3,1.68834
"cg_vd_v",66737.3,1.63224
"cg_vd_v",66737.3,1.72058
"cg_vd_v",66737.3,1.58629
"cg_vd_v",66737.3,1.72464
"cg_vd_v",66737.3,1.58499
"cg_vd_v",66737.3,1.73822
"cg_vd_v",66737.3,1.58553
"cg_vd_v",66737.3,1.68216
"cg_vd_v",66737.4,1.6183
"cg_vd_v",66737.4,1.652
"cg_vd_v",66737.4,1.62635
"cg_vd_v",66737.4,1.68814
"cg_vd_v",66737.4,1.58594
"cg_vd_v",66737.4,1.71046
"cg_vd_v",66737.4,1.56887
"cg_vd_v",66737.4,1.72296
"cg_vd_v",66737.4,1.58381
"cg_vd_v",66737.4,1.65454
"cg_vd_v",66737.5,1.6129
"cg_vd_v",66737.5,1.64717
"cg_vd_v",66737.5,1.60893
"cg_vd_v",66737.5,1.68693
"cg_vd_v",66737.5,1.57297
"cg_vd_v",66737.5,1.7281
"cg_vd_v",66737.5,1.51395
"cg_vd_v",66737.5,1.75535
"cg_vd_v",66737.5,1.53616
"cg_vd_v",66737.5,1.68432
"cg_vd_v",66737.5,1.67324
"cg_vd_v",66737.6,1.65751
"cg_vd_v",66737.6,1.6197
"cg_vd_v",66737.6,1.69907
"cg_vd_v",66737.6,1.53215
"cg_vd_v",66737.6,1.75038
"cg_vd_v",66737.6,1.5359
"cg_vd_v",66737.6,1.71004
"cg_vd_v",66737.6,1.52066
"cg_vd_v",66737.6,1.69966
"cg_vd_v",66737.6,1.64719
"cg_vd_v",66737.7,1.65358
"cg_vd_v",66737.7,1.65342
"cg_vd_v",66737.7,1.64622
"cg_vd_v",66737.7,1.63728
"cg_vd_v",66737.7,1.70277
"cg_vd_v",66737.7,1.62158
"cg_vd_v",66737.7,1.59011
"cg_vd_v",66737.7,1.75402
"cg_vd_v",66737.7,1.58548
"cg_vd_v",66737.8,1.70119
"cg_vd_v",66737.8,1.63925
"cg_vd_v",66737.8,1.67507
"cg_vd_v",66737.8,1.64155
"cg_vd_v",66737.8,1.71565
"cg_vd_v",66737.8,1.5561
"cg_vd_v",66737.8,1.73865
"cg_vd_v",66737.8,1.51094
"cg_vd_v",66737.8,1.68783
"cg_vd_v",66737.8,1.62719
"cg_vd_v",66737.9,1.65205
"cg_vd_v",66737.9,1.66008
"cg_vd_v",66737.9,1.63029
"cg_vd_v",66737.9,1.67159
"cg_vd_v",66737.9,1.67018
"cg_vd_v",66737.9,1.71064
"cg_vd_v",66737.9,1.57221
"cg_vd_v",66737.9,1.79687
"cg_vd_v",66737.9,1.56593
"cg_vd_v",66737.9,1.78063
"cg_vd_v",66738,1.65973
"cg_vd_v",66738,1.68707
"cg_vd_v",66738,1.67525
"cg_vd_v",66738,1.64492
"cg_vd_v",66738,1.70028
"cg_vd_v",66738,1.65553
"cg_vd_v",66738,1.73094
"cg_vd_v",66738,1.53172
"cg_vd_v",66738,1.77847
"cg_vd_v",66738,1.54102
"cg_vd_v",66738.1,1.72081
"cg_vd_v",66738.1,1.66494
"cg_vd_v",66738.1,1.6474
"cg_vd_v",66738.1,1.69978
"cg_vd_v",66738.1,1.67325
"cg_vd_v",66738.1,1.70147
"cg_vd_v",66738.1,1.64993
"cg_vd_v",66738.1,1.71774
"cg_vd_v",66738.1,1.66284
"cg_vd_v",66738.1,1.73028
"cg_vd_v",66738.2,1.70764
"cg_vd_v",66738.2,1.61043
"cg_vd_v",66738.2,1.76734
"cg_vd_v",66738.2,1.61688
"cg_vd_v",66738.2,1.72793
"cg_vd_v",66738.2,1.67184
"cg_vd_v",66738.2,1.69412
"cg_vd_v",66738.2,1.66475
"cg_vd_v",66738.2,1.59836
"cg_vd_v",66738.2,1.72964
"cg_vd_v",66738.3,1.57671
"cg_vd_v",66738.3,1.79599
"cg_vd_v",66738.3,1.55941
"cg_vd_v",66738.3,1.77904
"cg_vd_v",66738.3,1.66656
"cg_vd_v",66738.3,1.68806
"cg_vd_v",66738.3,1.72795
"cg_vd_v",66738.3,1.67257
"cg_vd_v",66738.3,1.66088
"cg_vd_v",66738.3,1.65273
"cg_vd_v",66738.4,1.68157
"cg_vd_v",66738.4,1.7913
"cg_vd_v",66738.4,1.64387
"cg_vd_v",66738.4,1.80051
"cg_vd_v",66738.4,1.52544
"cg_vd_v",66738.4,1.71416
"cg_vd_v",66738.4,1.54294
"cg_vd_v",66738.4,1.68156
"cg_vd_v",66738.4,1.69068
"cg_vd_v",66738.4,1.62952
"cg_vd_v",66738.5,1.70637
"cg_vd_v",66738.5,1.5633
"cg_vd_v",66738.5,1.69739
"cg_vd_v",66738.5,1.65286
"cg_vd_v",66738.5,1.59478
"cg_vd_v",66738.5,1.74447
"cg_vd_v",66738.5,1.51612
"cg_vd_v",66738.5,1.75877
"cg_vd_v",66738.5,1.59111
"cg_vd_v",66738.5,1.67362
"cg_vd_v",66738.6,1.6543
"cg_vd_v",66738.6,1.66555
"cg_vd_v",66738.6,1.68179
"cg_vd_v",66738.6,1.70419
"cg_vd_v",66738.6,1.67039
"cg_vd_v",66738.6,1.68089
"cg_vd_v",66738.6,1.54963
"cg_vd_v",66738.6,1.74825
"cg_vd_v",66738.6,1.52744
"cg_vd_v",66738.6,1.63641
"cg_vd_v",66738.7,1.68815
"cg_vd_v",66738.7,1.57196
"cg_vd_v",66738.7,1.72083
"cg_vd_v",66738.7,1.63017
"cg_vd_v",66738.7,1.64149
"cg_vd_v",66738.7,1.64302
"cg_vd_v",66738.7,1.61942
"cg_vd_v",66738.7,1.75694
"cg_vd_v",66738.7,1.63172
"cg_vd_v",66738.7,1.68494
"cg_vd_v",66738.8,1.77391
"cg_vd_v",66738.8,1.56062
"cg_vd_v",66738.8,1.77483
"cg_vd_v",66738.8,1.63583
"cg_vd_v",66738.8,1.6268
"cg_vd_v",66738.8,1.71481
"cg_vd_v",66738.8,1.69338
"cg_vd_v",66738.8,1.70417
"cg_vd_v",66738.8,1.65229
"cg_vd_v",66738.8,1.65736
"cg_vd_v",66738.9,1.70005
"cg_vd_v",66738.9,1.64141
"cg_vd_v",66738.9,1.68622
"cg_vd_v",66738.9,1.77722
"cg_vd_v",66738.9,1.5714
"cg_vd_v",66738.9,1.84024
"cg_vd_v",66738.9,1.67386
"cg_vd_v",66738.9,1.71837
"cg_vd_v",66738.9,1.77708
"cg_vd_v",66739,1.68344
"cg_vd_v",66739,1.73556
"cg_vd_v",66739,1.71231
"cg_vd_v",66739,1.67951
"cg_vd_v",66739,1.73543
"cg_vd_v",66739,1.68346
"cg_vd_v",66739,1.66518
"cg_vd_v",66739,1.78033
"cg_vd_v",66739,1.61134
"cg_vd_v",66739,1.78447
"cg_vd_v",66739.1,1.75563
"cg_vd_v",66739.1,1.62482
"cg_vd_v",66739.1,1.70267
"cg_vd_v",66739.1,1.73682
"cg_vd_v",66739.1,1.69532
"cg_vd_v",66739.1,1.71988
"cg_vd_v",66739.1,1.69296
"cg_vd_v",66739.1,1.70817
"cg_vd_v",66739.1,1.80153
"cg_vd_v",66739.1,1.62246
"cg_vd_v",66739.1,1.77025
"cg_vd_v",66739.2,1.76032
"cg_vd_v",66739.2,1.59354
"cg_vd_v",66739.2,1.84299
"cg_vd_v",66739.2,1.66283
"cg_vd_v",66739.2,1.65646
"cg_vd_v",66739.2,1.77109
"cg_vd_v",66739.2,1.73976
"cg_vd_v",66739.2,1.72447
"cg_vd_v",66739.2,1.77384
"cg_vd_v",66739.2,1.66038
"cg_vd_v",66739.3,1.76258
"cg_vd_v",66739.3,1.79722
"cg_vd_v",66739.3,1.65216
"cg_vd_v",66739.3,1.83807
"cg_vd_v",66739.3,1.78684
"cg_vd_v",66739.3,1.58286
"cg_vd_v",66739.3,1.79949
"cg_vd_v",66739.3,1.71121
"cg_vd_v",66739.3,1.64506
"cg_vd_v",66739.4,1.72723
"cg_vd_v",66739.4,1.74282
"cg_vd_v",66739.4,1.7137
"cg_vd_v",66739.4,1.70692
"cg_vd_v",66739.4,1.7203
"cg_vd_v",66739.4,1.71744
"cg_vd_v",66739.4,1.78997
"cg_vd_v",66739.4,1.63424
"cg_vd_v",66739.4,1.65298
"cg_vd_v",66739.4,1.85741
"cg_vd_v",66739.5,1.5898
"cg_vd_v",66739.5,1.71622
"cg_vd_v",66739.5,1.83965
"cg_vd_v",66739.5,1.64322
"cg_vd_v",66739.5,1.71136
"cg_vd_v",66739.5,1.76213
"cg_vd_v",66739.5,1.70251
"cg_vd_v",66739.5,1.73276
"cg_vd_v",66739.5,1.74318
"cg_vd_v",66739.5,1.70519
"cg_vd_v",66739.6,1.76821
"cg_vd_v",66739.6,1.75355
"cg_vd_v",66739.6,1.65267
"cg_vd_v",66739.6,1.78948
"cg_vd_v",66739.6,1.81623
"cg_vd_v",66739.6,1.60665
"cg_vd_v",66739.6,1.80898
"cg_vd_v",66739.6,1.8574
"cg_vd_v",66739.6,1.6642
"cg_vd_v",66739.6,1.69521
"cg_vd_v",66739.6,1.76857
"cg_vd_v",66739.7,1.70275
"cg_vd_v",66739.7,1.76189
"cg_vd_v",66739.7,1.76503
"cg_vd_v",66739.7,1.69759
"cg_vd_v",66739.7,1.71258
"cg_vd_v",66739.7,1.78814
"cg_vd_v",66739.7,1.63991
"cg_vd_v",66739.7,1.67003
"cg_vd_v",66739.7,1.88234
"cg_vd_v",66739.8,1.69301
"cg_vd_v",66739.8,1.61572
"cg_vd_v",66739.8,1.82724
"cg_vd_v",66739.8,1.74539
"cg_vd_v",66739.8,1.63395
"cg_vd_v",66739.8,1.75665
"cg_vd_v",66739.8,1.75617
"cg_vd_v",66739.8,1.75086
"cg_vd_v",66739.8,1.70868
"cg_vd_v",66739.8,1.7328
"cg_vd_v",66739.9,1.65701
"cg_vd_v",66739.9,1.68627
"cg_vd_v",66739.9,1.78981
"cg_vd_v",66739.9,1.64046
"cg_vd_v",66739.9,1.65382
"cg_vd_v",66739.9,1.8489
"cg_vd_v",66739.9,1.67498
"cg_vd_v",66739.9,1.58591
"cg_vd_v",66739.9,1.83655
"cg_vd_v",66739.9,1.68876
"cg_vd_v",66740,1.64759
"cg_vd_v",66740,1.73043
"cg_vd_v",66740,1.76292
"cg_vd_v",66740,1.71701
"cg_vd_v",66740,1.70322
"cg_vd_v",66740,1.73527
"cg_vd_v",66740,1.66579
"cg_vd_v",66740,1.67667
"cg_vd_v",66740,1.75205
"cg_vd_v",66740,1.67467
"cg_vd_v",66740.1,1.60566
"cg_vd_v",66740.1,1.76721
"cg_vd_v",66740.1,1.78096
"cg_vd_v",66740.1,1.53823
"cg_vd_v",66740.1,1.71058
"cg_vd_v",66740.1,1.80844
"cg_vd_v",66740.1,1.62036
"cg_vd_v",66740.1,1.63352
"cg_vd_v",66740.1,1.73274
"cg_vd_v",66740.1,1.73514
"cg_vd_v",66740.1,1.66888
"cg_vd_v",66740.2,1.68477
"cg_vd_v",66740.2,1.69323
"cg_vd_v",66740.2,1.67773
"cg_vd_v",66740.2,1.66657
"cg_vd_v",66740.2,1.75683
"cg_vd_v",66740.2,1.69263
"cg_vd_v",66740.2,1.59749
"cg_vd_v",66740.2,1.71668
"cg_vd_v",66740.2,1.8185
"cg_vd_v",66740.2,1.59405
"cg_vd_v",66740.3,1.64193
"cg_vd_v",66740.3,1.83937
"cg_vd_v",66740.3,1.68763
"cg_vd_v",66740.3,1.61255
"cg_vd_v",66740.3,1.73413
"cg_vd_v",66740.3,1.76914
"cg_vd_v",66740.3,1.70542
"cg_vd_v",66740.3,1.68509
"cg_vd_v",66740.3,1.72983
"cg_vd_v",66740.4,1.73747
"cg_vd_v",66740.4,1.67356
"cg_vd_v",66740.4,1.72197
"cg_vd_v",66740.4,1.81475
"cg_vd_v",66740.4,1.66222
"cg_vd_v",66740.4,1.61323
"cg_vd_v",66740.4,1.88559
"cg_vd_v",66740.4,1.80549
"cg_vd_v",66740.4,1.5382
"cg_vd_v",66740.4,1.65193
"cg_vd_v",66740.5,1.83713
"cg_vd_v",66740.5,1.76045
"cg_vd_v",66740.5,1.5893
"cg_vd_v",66740.5,1.72451
"cg_vd_v",66740.5,1.76478
"cg_vd_v",66740.5,1.68959
"cg_vd_v",66740.5,1.72705
"cg_vd_v",66740.5,1.73668
"cg_vd_v",66740.5,1.75811
"cg_vd_v",66740.5,1.72051
"cg_vd_v",66740.6,1.68783
"cg_vd_v",66740.6,1.79452
"cg_vd_v",66740.6,1.77648
"cg_vd_v",66740.6,1.58677
"cg_vd_v",66740.6,1.68215
"cg_vd_v",66740.6,1.90392
"cg_vd_v",66740.6,1.76046
"cg_vd_v",66740.6,1.58066
"cg_vd_v",66740.6,1.73143
"cg_vd_v",66740.6,1.85641
"cg_vd_v",66740.7,1.72272
"cg_vd_v",66740.7,1.62479
"cg_vd_v",66740.7,1.7207
"cg_vd_v",66740.7,1.7697
"cg_vd_v",66740.7,1.72413
"cg_vd_v",66740.7,1.69879
"cg_vd_v",66740.7,1.67831
"cg_vd_v",66740.7,1.7476
"cg_vd_v",66740.7,1.74254
"cg_vd_v",66740.8,1.69878
"cg_vd_v",66740.8,1.7552
"cg_vd_v",66740.8,1.86242
"cg_vd_v",66740.8,1.70252
"cg_vd_v",66740.8,1.63585
"cg_vd_v",66740.8,1.76369
"cg_vd_v",66740.8,1.87018
"cg_vd_v",66740.8,1.67905
"cg_vd_v",66740.8,1.56031
"cg_vd_v",66740.8,1.78574
"cg_vd_v",66740.8,1.82924
"cg_vd_v",66740.9,1.6762
"cg_vd_v",66740.9,1.64484
"cg_vd_v",66740.9,1.70787
"cg_vd_v",66740.9,1.78361
"cg_vd_v",66740.9,1.74741
"cg_vd_v",66740.9,1.70145
"cg_vd_v",66740.9,1.69317
"cg_vd_v",66740.9,1.73931
"cg_vd_v",66740.9,1.70611
"cg_vd_v",66740.9,1.65649
"cg_vd_v",66741,1.69896
"cg_vd_v",66741,1.77035
"cg_vd_v",66741,1.76599
"cg_vd_v",66741,1.60283
"cg_vd_v",66741,1.67693
"cg_vd_v",66741,1.83772
"cg_vd_v",66741,1.82524
"cg_vd_v",66741,1.62966
"cg_vd_v",66741,1.59225
"cg_vd_v",66741,1.8045
"cg_vd_v",66741.1,1.85819
"cg_vd_v",66741.1,1.71847
"cg_vd_v",66741.1,1.66792
"cg_vd_v",66741.1,1.63563
"cg_vd_v",66741.1,1.76987
"cg_vd_v",66741.1,1.70002
"cg_vd_v",66741.1,1.71627
"cg_vd_v",66741.1,1.69681
"cg_vd_v",66741.1,1.71437
"cg_vd_v",66741.1,1.73207
"cg_vd_v",66741.2,1.73535
"cg_vd_v",66741.2,1.69202
"cg_vd_v",66741.2,1.74759
"cg_vd_v",66741.2,1.79047
"cg_vd_v",66741.2,1.74651
"cg_vd_v",66741.2,1.60565
"cg_vd_v",66741.2,1.64773
"cg_vd_v",66741.2,1.8375
"cg_vd_v",66741.2,1.82198
"cg_vd_v",66741.2,1.53947
"cg_vd_v",66741.3,1.54809
"cg_vd_v",66741.3,1.68774
"cg_vd_v",66741.3,1.82547
"cg_vd_v",66741.3,1.68539
"cg_vd_v",66741.3,1.59196
"cg_vd_v",66741.3,1.62323
"cg_vd_v",66741.3,1.63586
"cg_vd_v",66741.3,1.68061
"cg_vd_v",66741.3,1.69838
"cg_vd_v",66741.3,1.66278
"cg_vd_v",66741.4,1.64468
"cg_vd_v",66741.4,1.67075
"cg_vd_v",66741.4,1.69496
"cg_vd_v",66741.4,1.62956
"cg_vd_v",66741.4,1.59909
"cg_vd_v",66741.4,1.68387
"cg_vd_v",66741.4,1.75566
"cg_vd_v",66741.4,1.68461
"cg_vd_v",66741.4,1.5562
"cg_vd_v",66741.4,1.55634
"cg_vd_v",66741.5,1.73281
"cg_vd_v",66741.5,1.82928
"cg_vd_v",66741.5,1.67942
"cg_vd_v",66741.5,1.53022
"cg_vd_v",66741.5,1.56785
"cg_vd_v",66741.5,1.74897
"cg_vd_v",66741.5,1.81226
"cg_vd_v",66741.5,1.61609
"cg_vd_v",66741.5,1.5733
"cg_vd_v",66741.5,1.63422
"cg_vd_v",66741.6,1.7029
"cg_vd_v",66741.6,1.716
"cg_vd_v",66741.6,1.71043
"cg_vd_v",66741.6,1.65295
"cg_vd_v",66741.6,1.6719
"cg_vd_v",66741.6,1.67543
"cg_vd_v",66741.6,1.69851
"cg_vd_v",66741.6,1.68051
"cg_vd_v",66741.6,1.63406
"cg_vd_v",66741.6,1.6325
"cg_vd_v",66741.7,1.71219
"cg_vd_v",66741.7,1.7733
"cg_vd_v",66741.7,1.75199
"cg_vd_v",66741.7,1.55663
"cg_vd_v",66741.7,1.60604
"cg_vd_v",66741.7,1.81794
"cg_vd_v",66741.7,1.87071
"cg_vd_v",66741.7,1.78295
"cg_vd_v",66741.7,1.55253
"cg_vd_v",66741.8,1.59528
"cg_vd_v",66741.8,1.73473
"cg_vd_v",66741.8,1.88429
"cg_vd_v",66741.8,1.79662
"cg_vd_v",66741.8,1.66722
"cg_vd_v",66741.8,1.62981
"cg_vd_v",66741.8,1.75011
"cg_vd_v",66741.8,1.78276
"cg_vd_v",66741.8,1.78017
"cg_vd_v",66741.8,1.75015
"cg_vd_v",66741.9,1.75572
"cg_vd_v",66741.9,1.73054
"cg_vd_v",66741.9,1.76569
"cg_vd_v",66741.9,1.76664
"cg_vd_v",66741.9,1.77497
"cg_vd_v",66741.9,1.73129
"cg_vd_v",66741.9,1.67424
"cg_vd_v",66741.9,1.69246
"cg_vd_v",66741.9,1.81695
"cg_vd_v",66741.9,1.84224
"cg_vd_v",66741.9,1.68769
"cg_vd_v",66742,1.61331
"cg_vd_v",66742,1.61103
"cg_vd_v",66742,1.73235
"cg_vd_v",66742,1.89672
"cg_vd_v",66742,1.84623
"cg_vd_v",66742,1.64719
"cg_vd_v",66742,1.54836
"cg_vd_v",66742,1.59505
"cg_vd_v",66742,1.81818
"cg_vd_v",66742,1.88081
"cg_vd_v",66742.1,1.83489
"cg_vd_v",66742.1,1.60766
"cg_vd_v",66742.1,1.59127
"cg_vd_v",66742.1,1.61474
"cg_vd_v",66742.1,1.77469
"cg_vd_v",66742.1,1.7719
"cg_vd_v",66742.1,1.77233
"cg_vd_v",66742.1,1.70093
"cg_vd_v",66742.1,1.70561
"cg_vd_v",66742.1,1.69186
"cg_vd_v",66742.2,1.72627
"cg_vd_v",66742.2,1.71625
"cg_vd_v",66742.2,1.73343
"cg_vd_v",66742.2,1.69116
"cg_vd_v",66742.2,1.67165
"cg_vd_v",66742.2,1.70961
"cg_vd_v",66742.2,1.67321
"cg_vd_v",66742.2,1.81295
"cg_vd_v",66742.2,1.78253
"cg_vd_v",66742.2,1.70769
"cg_vd_v",66742.3,1.55819
"cg_vd_v",66742.3,1.61464
"cg_vd_v",66742.3,1.77636
"cg_vd_v",66742.3,1.90182
"cg_vd_v",66742.3,1.9011
"cg_vd_v",66742.3,1.75352
"cg_vd_v",66742.3,1.57435
"cg_vd_v",66742.3,1.52861
"cg_vd_v",66742.3,1.65286
"cg_vd_v",66742.3,1.86027
"cg_vd_v",66742.4,1.90107
"cg_vd_v",66742.4,1.78047
"cg_vd_v",66742.4,1.67055
"cg_vd_v",66742.4,1.61607
"cg_vd_v",66742.4,1.65075
"cg_vd_v",66742.4,1.70757
"cg_vd_v",66742.4,1.77461
"cg_vd_v",66742.4,1.79832
"cg_vd_v",66742.4,1.80449
"cg_vd_v",66742.4,1.71194
"cg_vd_v",66742.5,1.71172
"cg_vd_v",66742.5,1.71878
"cg_vd_v",66742.5,1.71598
"cg_vd_v",66742.5,1.74088
"cg_vd_v",66742.5,1.73536
"cg_vd_v",66742.5,1.71465
"cg_vd_v",66742.5,1.69754
"cg_vd_v",66742.5,1.67123
"cg_vd_v",66742.5,1.68695
"cg_vd_v",66742.5,1.78885
"cg_vd_v",66742.6,1.81765
"cg_vd_v",66742.6,1.78448
"cg_vd_v",66742.6,1.74797
"cg_vd_v",66742.6,1.57672
"cg_vd_v",66742.6,1.55363
"cg_vd_v",66742.6,1.65771
"cg_vd_v",66742.6,1.7646
"cg_vd_v",66742.6,1.92085
"cg_vd_v",66742.6,1.87207
"cg_vd_v",66742.6,1.7236
"cg_vd_v",66742.7,1.52619
"cg_vd_v",66742.7,1.48082
"cg_vd_v",66742.7,1.58917
"cg_vd_v",66742.7,1.71119
"cg_vd_v",66742.7,1.86958
"cg_vd_v",66742.7,1.89069
"cg_vd_v",66742.7,1.78954
"cg_vd_v",66742.7,1.67042
"cg_vd_v",66742.7,1.60098
"cg_vd_v",66742.7,1.62676
"cg_vd_v",66742.8,1.71374
"cg_vd_v",66742.8,1.74549
"cg_vd_v",66742.8,1.75972
"cg_vd_v",66742.8,1.81544
"cg_vd_v",66742.8,1.75804
"cg_vd_v",66742.8,1.85704
"cg_vd_v",66742.8,1.70608
"cg_vd_v",66742.8,1.64847
"cg_vd_v",66742.8,1.70079
"cg_vd_v",66742.8,1.70506
"cg_vd_v",66742.9,1.70181
"cg_vd_v",66742.9,1.74002
"cg_vd_v",66742.9,1.73527
"cg_vd_v",66742.9,1.69314
"cg_vd_v",66742.9,1.66762
"cg_vd_v",66742.9,1.67037
"cg_vd_v",66742.9,1.71218
"cg_vd_v",66742.9,1.80066
"cg_vd_v",66742.9,1.83057
"cg_vd_v",66742.9,1.81852
"cg_vd_v",66742.9,1.74385
"cg_vd_v",66743,1.62529
"cg_vd_v",66743,1.54501
"cg_vd_v",66743,1.57858
"cg_vd_v",66743,1.67835
"cg_vd_v",66743,1.84869
"cg_vd_v",66743,1.95293
"cg_vd_v",66743,1.93407
"cg_vd_v",66743,1.82884
"cg_vd_v",66743,1.62999
"cg_vd_v",66743,1.53423
"cg_vd_v",66743.1,1.48997
"cg_vd_v",66743.1,1.57039
"cg_vd_v",66743.1,1.70545
"cg_vd_v",66743.1,1.86362
"cg_vd_v",66743.1,1.947
"cg_vd_v",66743.1,1.90437
"cg_vd_v",66743.1,1.81484
"cg_vd_v",66743.1,1.6407
"cg_vd_v",66743.1,1.63231
"cg_vd_v",66743.1,1.58774
"cg_vd_v",66743.2,1.63408
"cg_vd_v",66743.2,1.70235
"cg_vd_v",66743.2,1.75984
"cg_vd_v",66743.2,1.80451
"cg_vd_v",66743.2,1.80932
"cg_vd_v",66743.2,1.77022
"cg_vd_v",66743.2,1.74424
"cg_vd_v",66743.2,1.7498
"cg_vd_v",66743.2,1.71991
"cg_vd_v",66743.2,1.72609
"cg_vd_v",66743.3,1.73829
"cg_vd_v",66743.3,1.65747
"cg_vd_v",66743.3,1.74251
"cg_vd_v",66743.3,1.73536
"cg_vd_v",66743.3,1.75698
"cg_vd_v",66743.3,1.76272
"cg_vd_v",66743.3,1.73715
"cg_vd_v",66743.3,1.72735
"cg_vd_v",66743.3,1.68636
"cg_vd_v",66743.3,1.62141
"cg_vd_v",66743.4,1.70619
"cg_vd_v",66743.4,1.78301
"cg_vd_v",66743.4,1.84811
"cg_vd_v",66743.4,1.87236
"cg_vd_v",66743.4,1.83083
"cg_vd_v",66743.4,1.73997
"cg_vd_v",66743.4,1.68498
"cg_vd_v",66743.4,1.57444
"cg_vd_v",66743.4,1.51369
"cg_vd_v",66743.4,1.51528
"cg_vd_v",66743.5,1.63442
"cg_vd_v",66743.5,1.77331
"cg_vd_v",66743.5,1.93719
"cg_vd_v",66743.5,2.00621
"cg_vd_v",66743.5,2.02136
"cg_vd_v",66743.5,1.93123
"cg_vd_v",66743.5,1.78329
"cg_vd_v",66743.5,1.6192
"cg_vd_v",66743.5,1.49338
"cg_vd_v",66743.5,1.46591
"cg_vd_v",66743.6,1.54326
"cg_vd_v",66743.6,1.61824
"cg_vd_v",66743.6,1.75342
"cg_vd_v",66743.6,1.8863
"cg_vd_v",66743.6,1.96017
"cg_vd_v",66743.6,2.00902
"cg_vd_v",66743.6,1.95339
"cg_vd_v",66743.6,1.89306
"cg_vd_v",66743.6,1.7424
"cg_vd_v",66743.6,1.65187
"cg_vd_v",66743.7,1.61096
"cg_vd_v",66743.7,1.54726
"cg_vd_v",66743.7,1.63347
"cg_vd_v",66743.7,1.65554
"cg_vd_v",66743.7,1.68504
"cg_vd_v",66743.7,1.77937
"cg_vd_v",66743.7,1.82257
"cg_vd_v",66743.7,1.84118
"cg_vd_v",66743.7,1.83902
"cg_vd_v",66743.7,1.82196
"cg_vd_v",66743.8,1.87422
"cg_vd_v",66743.8,1.79276
"cg_vd_v",66743.8,1.72809
"cg_vd_v",66743.8,1.72338
"cg_vd_v",66743.8,1.67485
"cg_vd_v",66743.8,1.6978
"cg_vd_v",66743.8,1.71977
"cg_vd_v",66743.8,1.70324
"cg_vd_v",66743.8,1.72633
"cg_vd_v",66743.8,1.76235
"cg_vd_v",66743.9,1.76665
"cg_vd_v",66743.9,1.74173
"cg_vd_v",66743.9,1.7053
"cg_vd_v",66743.9,1.75669
"cg_vd_v",66743.9,1.72314
"cg_vd_v",66743.9,1.69212
"cg_vd_v",66743.9,1.65037
"cg_vd_v",66743.9,1.64801
"cg_vd_v",66743.9,1.64593
"cg_vd_v",66743.9,1.69817
"cg_vd_v",66744,1.78079
"cg_vd_v",66744,1.84395
"cg_vd_v",66744,1.93002
"cg_vd_v",66744,1.97916
"cg_vd_v",66744,1.96881
"cg_vd_v",66744,1.97813
"cg_vd_v",66744,1.86411
"cg_vd_v",66744,1.78176
"cg_vd_v",66744,1.67777
"cg_vd_v",66744,1.60746
"cg_vd_v",66744.1,1.53034
"cg_vd_v",66744.1,1.48044
"cg_vd_v",66744.1,1.51043
"cg_vd_v",66744.1,1.57289
"cg_vd_v",66744.1,1.66304
"cg_vd_v",66744.1,1.78162
"cg_vd_v",66744.1,1.89206
"cg_vd_v",66744.1,2.05264
"cg_vd_v",66744.1,2.14566
"cg_vd_v",66744.1,2.19268
"cg_vd_v",66744.2,2.18888
"cg_vd_v",66744.2,2.08685
"cg_vd_v",66744.2,1.95939
"cg_vd_v",66744.2,1.85029
"cg_vd_v",66744.2,1.6888
"cg_vd_v",66744.2,1.50712
"cg_vd_v",66744.2,1.39246
"cg_vd_v",66744.2,1.36787
"cg_vd_v",66744.2,1.33502
"cg_vd_v",66744.2,1.35277
"cg_vd_v",66744.2,1.47494
"cg_vd_v",66744.3,1.604
"cg_vd_v",66744.3,1.76109
"cg_vd_v",66744.3,1.88017
"cg_vd_v",66744.3,2.03094
"cg_vd_v",66744.3,2.12517
"cg_vd_v",66744.3,2.19456
"cg_vd_v",66744.3,2.21025
"cg_vd_v",66744.3,2.15918
"cg_vd_v",66744.3,2.13258
"cg_vd_v",66744.4,1.97627
"cg_vd_v",66744.4,1.91014
"cg_vd_v",66744.4,1.79399
"cg_vd_v",66744.4,1.70552
"cg_vd_v",66744.4,1.59886
"cg_vd_v",66744.4,1.55446
"cg_vd_v",66744.4,1.54598
"cg_vd_v",66744.4,1.50944
"cg_vd_v",66744.4,1.5353
"cg_vd_v",66744.4,1.56109
"cg_vd_v",66744.5,1.61531
"cg_vd_v",66744.5,1.63003
"cg_vd_v",66744.5,1.70251
"cg_vd_v",66744.5,1.74956
"cg_vd_v",66744.5,1.85936
"cg_vd_v",66744.5,1.87576
"cg_vd_v",66744.5,1.88841
"cg_vd_v",66744.5,1.90701
"cg_vd_v",66744.5,1.94322
"cg_vd_v",66744.5,1.90018
"cg_vd_v",66744.6,1.92522
"cg_vd_v",66744.6,1.94877
"cg_vd_v",66744.6,1.88591
"cg_vd_v",66744.6,1.89167
"cg_vd_v",66744.6,1.8396
"cg_vd_v",66744.6,1.85077
"cg_vd_v",66744.6,1.80028
"cg_vd_v",66744.6,1.8246
"cg_vd_v",66744.6,1.73724
"cg_vd_v",66744.6,1.75947
"cg_vd_v",66744.7,1.72724
"cg_vd_v",66744.7,1.73255
"cg_vd_v",66744.7,1.71033
"cg_vd_v",66744.7,1.73186
"cg_vd_v",66744.7,1.73144
"cg_vd_v",66744.7,1.69837
"cg_vd_v",66744.8,1.74117
"cg_vd_v",66744.8,1.73094
"cg_vd_v",66744.8,1.7509
"cg_vd_v",66744.8,1.76989
"cg_vd_v",66744.8,1.79207
"cg_vd_v",66744.8,1.77435
"cg_vd_v",66744.9,1.80602
"cg_vd_v",66744.9,1.82213
"cg_vd_v",66744.9,1.86672
"cg_vd_v",66744.9,1.90754
"cg_vd_v",66744.9,1.87504
"cg_vd_v",66744.9,1.84935
"cg_vd_v",66744.9,1.85399
"cg_vd_v",66744.9,1.83227
"cg_vd_v",66745,1.82336
"cg_vd_v",66745,1.693
"cg_vd_v",66745,1.65998
"cg_vd_v",66745,1.63452
"cg_vd_v",66745,1.58981
"cg_vd_v",66745,1.607
"cg_vd_v",66745.1,1.56233
"cg_vd_v",66745.1,1.55394
"cg_vd_v",66745.1,1.6273
"cg_vd_v",66745.1,1.64704
"cg_vd_v",66745.1,1.67975
"cg_vd_v",66745.1,1.6636
"cg_vd_v",66745.1,1.73125
"cg_vd_v",66745.1,1.87884
"cg_vd_v",66745.2,1.919
"cg_vd_v",66745.2,2.01039
"cg_vd_v",66745.2,2.04606
"cg_vd_v",66745.2,2.1058
"cg_vd_v",66745.2,2.18097
"cg_vd_v",66745.2,2.21726
"cg_vd_v",66745.2,2.28
"cg_vd_v",66745.2,2.33707
"cg_vd_v",66745.2,2.33975
"cg_vd_v",66745.2,2.39094
"cg_vd_v",66745.3,2.4095
"cg_vd_v",66745.3,2.41903
"cg_vd_v",66745.3,2.42246
"cg_vd_v",66745.3,2.4099
"cg_vd_v",66745.3,2.38815
"cg_vd_v",66745.3,2.38605
"cg_vd_v",66745.3,2.29975
"cg_vd_v",66745.3,2.23447
"cg_vd_v",66745.3,2.20864
"cg_vd_v",66745.3,2.18367
"cg_vd_v",66745.4,2.10387
"cg_vd_v",66745.4,2.00349
"cg_vd_v",66745.4,1.89521
"cg_vd_v",66745.4,1.87233
"cg_vd_v",66745.4,1.71009
"cg_vd_v",66745.4,1.64084
"cg_vd_v",66745.4,1.54483
"cg_vd_v",66745.4,1.41171
"cg_vd_v",66745.4,1.32528
"cg_vd_v",66745.4,1.27635
"cg_vd_v",66745.4,1.14452
"cg_vd_v",66745.4,1.04696
"cg_vd_v",66745.5,0.946509
"cg_vd_v",66745.5,0.854702
"cg_vd_v",66745.5,0.751402
"cg_vd_v",66745.5,0.649499
"cg_vd_v",66745.5,0.593117
"cg_vd_v",66745.5,0.477775
"cg_vd_v",66745.5,0.398337
"cg_vd_v",66745.5,0.329986
"cg_vd_v",66745.5,0.22781
"cg_vd_v",66745.5,0.167954
"cg_vd_v",66745.5,0.0856479
"cg_vd_v",66745.5,0.0509248
"cg_vd_v",66745.6,-0.0234317
"cg_vd_v",66745.6,-0.0929488
"cg_vd_v",66745.6,-0.143761
"cg_vd_v",66745.6,-0.196028
"cg_vd_v",66745.6,-0.221701
"cg_vd_v",66745.6,-0.28702
"cg_vd_v",66745.6,-0.318165
"cg_vd_v",66745.6,-0.325868
"cg_vd_v",66745.6,-0.381103
"cg_vd_v",66745.6,-0.385379
"cg_vd_v",66745.6,-0.422712
"cg_vd_v",66745.7,-0.426324
"cg_vd_v",66745.7,-0.468851
"cg_vd_v",66745.7,-0.472865
"cg_vd_v",66745.7,-0.498326
"cg_vd_v",66745.7,-0.486431
"cg_vd_v",66745.7,-0.52315
"cg_vd_v",66745.7,-0.498796
"cg_vd_v",66745.7,-0.499517
"cg_vd_v",66745.7,-0.438917
"cg_vd_v",66745.7,-0.51768
"cg_vd_v",66745.8,-0.516344
"cg_vd_v",66745.8,-0.503468
"cg_vd_v",66745.8,-0.4878
"cg_vd_v",66745.8,-0.49948
"cg_vd_v",66745.8,-0.463781
"cg_vd_v",66745.8,-0.536703
"cg_vd_v",66745.8,-0.467967
"cg_vd_v",66745.8,-0.444868
"cg_vd_v",66745.8,-0.461017
"cg_vd_v",66745.8,-0.446182
"cg_vd_v",66745.8,-0.477057
"cg_vd_v",66745.8,-0.475092
"cg_vd_v",66745.9,-0.457047
"cg_vd_v",66745.9,-0.448468
"cg_vd_v",66745.9,-0.449603
"cg_vd_v",66745.9,-0.455535
"cg_vd_v",66745.9,-0.454612
"cg_vd_v",66745.9,-0.446298
"cg_vd_v",66745.9,-0.440776
"cg_vd_v",66745.9,-0.444973
"cg_vd_v",66745.9,-0.450023
"cg_vd_v",66745.9,-0.448976
"cg_vd_v",66745.9,-0.475493
"cg_vd_v",66746,-0.46455
"cg_vd_v",66746,-0.466204
"cg_vd_v",66746,-0.475375
"cg_vd_v",66746,-0.464295
"cg_vd_v",66746,-0.489731
"cg_vd_v",66746,-0.490329
"cg_vd_v",66746,-0.466955
"cg_vd_v",66746,-0.481665
"cg_vd_v",66746,-0.46288
"cg_vd_v",66746,-0.444179
"cg_vd_v",66746.1,-0.441738
"cg_vd_v",66746.1,-0.44478
"cg_vd_v",66746.1,-0.45293
"cg_vd_v",66746.1,-0.445257
"cg_vd_v",66746.1,-0.449339
"cg_vd_v",66746.1,-0.467894
"cg_vd_v",66746.1,-0.46138
"cg_vd_v",66746.1,-0.446181
"cg_vd_v",66746.1,-0.460586
"cg_vd_v",66746.1,-0.428691
"cg_vd_v",66746.1,-0.441705
"cg_vd_v",66746.2,-0.418239
"cg_vd_v",66746.2,-0.426919
"cg_vd_v",66746.2,-0.455868
"cg_vd_v",66746.2,-0.448869
"cg_vd_v",66746.2,-0.453305
"cg_vd_v",66746.2,-0.43572
"cg_vd_v",66746.2,-0.422729
"cg_vd_v",66746.2,-0.421692
"cg_vd_v",66746.2,-0.422255
"cg_vd_v",66746.2,-0.406525
"cg_vd_v",66746.3,-0.416654
"cg_vd_v",66746.3,-0.412682
"cg_vd_v",66746.3,-0.402452
"cg_vd_v",66746.3,-0.413395
"cg_vd_v",66746.3,-0.440932
"cg_vd_v",66746.3,-0.385088
"cg_vd_v",66746.3,-0.402063
"cg_vd_v",66746.3,-0.409915
"cg_vd_v",66746.3,-0.388006
"cg_vd_v",66746.4,-0.376421
"cg_vd_v",66746.4,-0.406096
"cg_vd_v",66746.4,-0.364438
"cg_vd_v",66746.4,-0.395188
"cg_vd_v",66746.4,-0.381791
"cg_vd_v",66746.4,-0.395628
"cg_vd_v",66746.4,-0.378824
"cg_vd_v",66746.4,-0.370103
"cg_vd_v",66746.4,-0.373814
"cg_vd_v",66746.4,-0.347792
"cg_vd_v",66746.5,-0.357074
"cg_vd_v",66746.5,-0.396427
"cg_vd_v",66746.5,-0.363458
"cg_vd_v",66746.5,-0.382294
"cg_vd_v",66746.5,-0.376161
"cg_vd_v",66746.5,-0.370784
"cg_vd_v",66746.5,-0.380513
"cg_vd_v",66746.5,-0.381764
"cg_vd_v",66746.5,-0.363254
"cg_vd_v",66746.5,-0.370642
"cg_vd_v",66746.6,-0.378152
"cg_vd_v",66746.6,-0.409327
"cg_vd_v",66746.6,-0.406696
"cg_vd_v",66746.6,-0.399756
"cg_vd_v",66746.6,-0.408579
"cg_vd_v",66746.6,-0.405387
"cg_vd_v",66746.6,-0.41992
"cg_vd_v",66746.6,-0.440799
"cg_vd_v",66746.6,-0.427044
"cg_vd_v",66746.6,-0.377914
"cg_vd_v",66746.6,-0.41405
"cg_vd_v",66746.7,-0.452834
"cg_vd_v",66746.7,-0.426182
"cg_vd_v",66746.7,-0.423592
"cg_vd_v",66746.7,-0.438058
"cg_vd_v",66746.7,-0.445833
"cg_vd_v",66746.7,-0.453013
"cg_vd_v",66746.7,-0.43778
"cg_vd_v",66746.7,-0.43304
"cg_vd_v",66746.7,-0.434359
"cg_vd_v",66746.8,-0.431612
"cg_vd_v",66746.8,-0.46099
"cg_vd_v",66746.8,-0.45204
"cg_vd_v",66746.8,-0.460504
"cg_vd_v",66746.8,-0.440961
"cg_vd_v",66746.8,-0.43958
"cg_vd_v",66746.8,-0.439937
"cg_vd_v",66746.8,-0.47997
"cg_vd_v",66746.8,-0.456833
"cg_vd_v",66746.8,-0.434415
"cg_vd_v",66746.9,-0.451068
"cg_vd_v",66746.9,-0.441986
"cg_vd_v",66746.9,-0.455889
"cg_vd_v",66746.9,-0.428334
"cg_vd_v",66746.9,-0.438521
"cg_vd_v",66746.9,-0.432804
"cg_vd_v",66746.9,-0.44592
"cg_vd_v",66746.9,-0.448714
"cg_vd_v",66746.9,-0.424939
"cg_vd_v",66746.9,-0.439992
"cg_vd_v",66747,-0.444392
"cg_vd_v",66747,-0.435976
"cg_vd_v",66747,-0.452893
"cg_vd_v",66747,-0.439638
"cg_vd_v",66747,-0.427499
"cg_vd_v",66747,-0.431794
"cg_vd_v",66747,-0.419021
"cg_vd_v",66747,-0.411442
"cg_vd_v",66747,-0.440584
"cg_vd_v",66747,-0.422644
"cg_vd_v",66747,-0.4181
"cg_vd_v",66747.1,-0.382975
"cg_vd_v",66747.1,-0.420453
"cg_vd_v",66747.1,-0.409388
"cg_vd_v",66747.1,-0.40569
"cg_vd_v",66747.1,-0.402513
"cg_vd_v",66747.1,-0.399902
"cg_vd_v",66747.1,-0.41115
"cg_vd_v",66747.1,-0.404085
"cg_vd_v",66747.1,-0.349838
"cg_vd_v",66747.1,-0.419131
"cg_vd_v",66747.2,-0.413086
"cg_vd_v",66747.2,-0.415596
"cg_vd_v",66747.2,-0.416227
"cg_vd_v",66747.2,-0.427628
"cg_vd_v",66747.2,-0.434432
"cg_vd_v",66747.2,-0.45205
"cg_vd_v",66747.2,-0.440221
"cg_vd_v",66747.2,-0.436246
"cg_vd_v",66747.2,-0.425257
"cg_vd_v",66747.2,-0.44291
"cg_vd_v",66747.3,-0.438339
"cg_vd_v",66747.3,-0.420371
"cg_vd_v",66747.3,-0.443682
"cg_vd_v",66747.3,-0.546497
"cg_vd_v",66747.3,-0.463665
"cg_vd_v",66747.3,-0.464271
"cg_vd_v",66747.3,-0.471276
"cg_vd_v",66747.3,-0.476445
"cg_vd_v",66747.3,-0.442432
"cg_vd_v",66747.4,-0.442509
"cg_vd_v",66747.4,-0.467545
"cg_vd_v",66747.4,-0.440276
"cg_vd_v",66747.4,-0.455892
"cg_vd_v",66747.4,-0.451299
"cg_vd_v",66747.4,-0.501667
"cg_vd_v",66747.4,-0.472528
"cg_vd_v",66747.4,-0.459996
"cg_vd_v",66747.4,-0.465561
"cg_vd_v",66747.4,-0.457961
"cg_vd_v",66747.5,-0.475866
"cg_vd_v",66747.5,-0.460109
"cg_vd_v",66747.5,-0.486983
"cg_vd_v",66747.5,-0.491696
"cg_vd_v",66747.5,-0.482101
"cg_vd_v",66747.5,-0.490543
"cg_vd_v",66747.5,-0.506255
"cg_vd_v",66747.5,-0.53496
"cg_vd_v",66747.5,-0.51675
"cg_vd_v",66747.5,-0.567206
"cg_vd_v",66747.5,-0.608056
"cg_vd_v",66747.6,-0.527566
"cg_vd_v",66747.6,-0.521383
"cg_vd_v",66747.6,-0.55809
"cg_vd_v",66747.6,-0.519551
"cg_vd_v",66747.6,-0.549588
"cg_vd_v",66747.6,-0.572981
"cg_vd_v",66747.6,-0.591026
"cg_vd_v",66747.6,-0.586787
"cg_vd_v",66747.6,-0.577603
"cg_vd_v",66747.6,-0.589665
"cg_vd_v",66747.7,-0.605926
"cg_vd_v",66747.7,-0.603914
"cg_vd_v",66747.7,-0.595805
"cg_vd_v",66747.7,-0.606147
"cg_vd_v",66747.7,-0.596037
"cg_vd_v",66747.7,-0.624637
"cg_vd_v",66747.7,-0.59068
"cg_vd_v",66747.7,-0.610258
"cg_vd_v",66747.7,-0.603534
"cg_vd_v",66747.8,-0.6423
"cg_vd_v",66747.8,-0.622466
"cg_vd_v",66747.8,-0.636119
"cg_vd_v",66747.8,-0.599397
"cg_vd_v",66747.8,-0.600391
"cg_vd_v",66747.8,-0.634633
"cg_vd_v",66747.8,-0.64634
"cg_vd_v",66747.8,-0.669916
"cg_vd_v",66747.8,-0.634945
"cg_vd_v",66747.8,-0.626048
"cg_vd_v",66747.9,-0.647464
"cg_vd_v",66747.9,-0.642106
"cg_vd_v",66747.9,-0.621835
"cg_vd_v",66747.9,-0.629434
"cg_vd_v",66747.9,-0.629522
"cg_vd_v",66747.9,-0.6622
"cg_vd_v",66747.9,-0.657098
"cg_vd_v",66747.9,-0.671058
"cg_vd_v",66747.9,-0.667325
"cg_vd_v",66747.9,-0.663295
"cg_vd_v",66748,-0.681985
"cg_vd_v",66748,-0.674154
"cg_vd_v",66748,-0.692343
"cg_vd_v",66748,-0.669236
"cg_vd_v",66748,-0.71369
"cg_vd_v",66748,-0.720875
"cg_vd_v",66748,-0.645757
"cg_vd_v",66748,-0.72512
"cg_vd_v",66748,-0.716051
"cg_vd_v",66748,-0.695092
"cg_vd_v",66748.1,-0.705214
"cg_vd_v",66748.1,-0.711458
"cg_vd_v",66748.1,-0.699892
"cg_vd_v",66748.1,-0.725346
"cg_vd_v",66748.1,-0.716841
"cg_vd_v",66748.1,-0.690564
"cg_vd_v",66748.1,-0.683982
"cg_vd_v",66748.1,-0.661973
"cg_vd_v",66748.1,-0.691531
"cg_vd_v",66748.1,-0.753645
"cg_vd_v",66748.2,-0.710416
"cg_vd_v",66748.2,-0.718278
"cg_vd_v",66748.2,-0.740966
"cg_vd_v",66748.2,-0.752433
"cg_vd_v",66748.2,-0.688733
"cg_vd_v",66748.2,-0.712291
"cg_vd_v",66748.2,-0.676285
"cg_vd_v",66748.2,-0.724085
"cg_vd_v",66748.2,-0.724936
"cg_vd_v",66748.2,-0.702684
"cg_vd_v",66748.3,-0.721562
"cg_vd_v",66748.3,-0.704238
"cg_vd_v",66748.3,-0.731071
"cg_vd_v",66748.3,-0.717611
"cg_vd_v",66748.3,-0.734114
"cg_vd_v",66748.3,-0.705905
"cg_vd_v",66748.3,-0.745984
"cg_vd_v",66748.3,-0.716021
"cg_vd_v",66748.3,-0.740383
"cg_vd_v",66748.3,-0.766314
"cg_vd_v",66748.4,-0.721399
"cg_vd_v",66748.4,-0.792434
"cg_vd_v",66748.4,-0.757128
"cg_vd_v",66748.4,-0.757097
"cg_vd_v",66748.4,-0.77775
"cg_vd_v",66748.4,-0.749438
"cg_vd_v",66748.4,-0.730555
"cg_vd_v",66748.4,-0.730528
"cg_vd_v",66748.4,-0.739842
"cg_vd_v",66748.4,-0.789409
"cg_vd_v",66748.5,-0.753177
"cg_vd_v",66748.5,-0.745509
"cg_vd_v",66748.5,-0.770245
"cg_vd_v",66748.5,-0.82201
"cg_vd_v",66748.5,-0.786967
"cg_vd_v",66748.5,-0.769194
"cg_vd_v",66748.5,-0.760674
"cg_vd_v",66748.5,-0.773377
"cg_vd_v",66748.5,-0.811993
"cg_vd_v",66748.5,-0.804963
"cg_vd_v",66748.6,-0.788246
"cg_vd_v",66748.6,-0.79365
"cg_vd_v",66748.6,-0.79347
"cg_vd_v",66748.6,-0.807506
"cg_vd_v",66748.6,-0.81244
"cg_vd_v",66748.6,-0.816196
"cg_vd_v",66748.6,-0.784249
"cg_vd_v",66748.6,-0.794741
"cg_vd_v",66748.6,-0.813613
"cg_vd_v",66748.6,-0.81879
"cg_vd_v",66748.7,-0.838335
"cg_vd_v",66748.7,-0.823014
"cg_vd_v",66748.7,-0.797997
"cg_vd_v",66748.7,-0.841494
"cg_vd_v",66748.7,-0.841187
"cg_vd_v",66748.7,-0.876451
"cg_vd_v",66748.7,-0.847084
"cg_vd_v",66748.7,-0.880724
"cg_vd_v",66748.7,-0.818821
"cg_vd_v",66748.7,-0.790522
"cg_vd_v",66748.8,-0.879731
"cg_vd_v",66748.8,-0.855596
"cg_vd_v",66748.8,-0.864286
"cg_vd_v",66748.8,-0.902511
"cg_vd_v",66748.8,-0.893827
"cg_vd_v",66748.8,-0.911977
"cg_vd_v",66748.8,-0.873686
"cg_vd_v",66748.8,-0.879534
"cg_vd_v",66748.8,-0.917662
"cg_vd_v",66748.8,-0.910109
"cg_vd_v",66748.9,-0.905825
"cg_vd_v",66748.9,-0.900098
"cg_vd_v",66748.9,-0.92524
"cg_vd_v",66748.9,-0.912467
"cg_vd_v",66748.9,-0.929223
"cg_vd_v",66748.9,-0.946565
"cg_vd_v",66748.9,-0.953328
"cg_vd_v",66748.9,-0.937531
"cg_vd_v",66748.9,-0.92827
"cg_vd_v",66748.9,-0.947551
"cg_vd_v",66749,-0.944158
"cg_vd_v",66749,-1.01468
"cg_vd_v",66749,-0.970568
"cg_vd_v",66749,-0.965667
"cg_vd_v",66749,-1.0206
"cg_vd_v",66749,-1.00625
"cg_vd_v",66749,-1.01011
"cg_vd_v",66749,-1.017
"cg_vd_v",66749,-1.03286
"cg_vd_v",66749.1,-1.01133
"cg_vd_v",66749.1,-1.0192
"cg_vd_v",66749.1,-1.01303
"cg_vd_v",66749.1,-1.02057
"cg_vd_v",66749.1,-1.0169
"cg_vd_v",66749.1,-1.01885
"cg_vd_v",66749.1,-0.991246
"cg_vd_v",66749.1,-0.997283
"cg_vd_v",66749.1,-1.00479
"cg_vd_v",66749.1,-1.00999
"cg_vd_v",66749.1,-1.0293
"cg_vd_v",66749.2,-1.0148
"cg_vd_v",66749.2,-1.01855
"cg_vd_v",66749.2,-0.978852
"cg_vd_v",66749.2,-0.981519
"cg_vd_v",66749.2,-0.998304
"cg_vd_v",66749.2,-1.0192
"cg_vd_v",66749.2,-1.02159
"cg_vd_v",66749.2,-1.00122
"cg_vd_v",66749.2,-0.998093
"cg_vd_v",66749.2,-0.96897
"cg_vd_v",66749.3,-1.04075
"cg_vd_v",66749.3,-1.04865
"cg_vd_v",66749.3,-1.01974
"cg_vd_v",66749.3,-1.03082
"cg_vd_v",66749.3,-1.03421
"cg_vd_v",66749.3,-0.964276
"cg_vd_v",66749.3,-1.03697
"cg_vd_v",66749.3,-1.04617
"cg_vd_v",66749.3,-1.06363
"cg_vd_v",66749.4,-1.06317
"cg_vd_v",66749.4,-1.06161
"cg_vd_v",66749.4,-1.05255
"cg_vd_v",66749.4,-1.04835
"cg_vd_v",66749.4,-1.03625
"cg_vd_v",66749.4,-1.06027
"cg_vd_v",66749.4,-1.10557
"cg_vd_v",66749.4,-1.05421
"cg_vd_v",66749.4,-1.06487
"cg_vd_v",66749.4,-1.06755
"cg_vd_v",66749.5,-1.09478
"cg_vd_v",66749.5,-1.08642
"cg_vd_v",66749.5,-1.09215
"cg_vd_v",66749.5,-1.1378
"cg_vd_v",66749.5,-1.0847
"cg_vd_v",66749.5,-1.1287
"cg_vd_v",66749.5,-1.16502
"cg_vd_v",66749.5,-1.10927
"cg_vd_v",66749.5,-1.10607
"cg_vd_v",66749.5,-1.09749
"cg_vd_v",66749.5,-1.12056
"cg_vd_v",66749.6,-1.18158
"cg_vd_v",66749.6,-1.10501
"cg_vd_v",66749.6,-1.10069
"cg_vd_v",66749.6,-1.09719
"cg_vd_v",66749.6,-1.13483
"cg_vd_v",66749.6,-1.10401
"cg_vd_v",66749.6,-1.14748
"cg_vd_v",66749.6,-1.1237
"cg_vd_v",66749.6,-1.08557
"cg_vd_v",66749.6,-1.09423
"cg_vd_v",66749.7,-1.09558
"cg_vd_v",66749.7,-1.09897
"cg_vd_v",66749.7,-1.09026
"cg_vd_v",66749.7,-1.08928
"cg_vd_v",66749.7,-1.0773
"cg_vd_v",66749.7,-1.07287
"cg_vd_v",66749.7,-1.09571
"cg_vd_v",66749.7,-1.20171
"cg_vd_v",66749.7,-1.11319
"cg_vd_v",66749.8,-1.11893
"cg_vd_v",66749.8,-1.09522
"cg_vd_v",66749.8,-1.10249
"cg_vd_v",66749.8,-1.09276
"cg_vd_v",66749.8,-1.12719
"cg_vd_v",66749.8,-1.11465
"cg_vd_v",66749.8,-1.10855
"cg_vd_v",66749.8,-1.11866
"cg_vd_v",66749.8,-1.10731
"cg_vd_v",66749.8,-1.12505
"cg_vd_v",66749.9,-1.10286
"cg_vd_v",66749.9,-1.04197
"cg_vd_v",66749.9,-1.10412
"cg_vd_v",66749.9,-1.05103
"cg_vd_v",66749.9,-1.11432
"cg_vd_v",66749.9,-1.08483
"cg_vd_v",66749.9,-1.02934
"cg_vd_v",66749.9,-1.13322
"cg_vd_v",66749.9,-1.0867
"cg_vd_v",66749.9,-1.09969
"cg_vd_v",66749.9,-1.09053
"cg_vd_v",66750,-1.0697
"cg_vd_v",66750,-1.09477
"cg_vd_v",66750,-1.13825
"cg_vd_v",66750,-1.09662
"cg_vd_v",66750,-1.08591
"cg_vd_v",66750,-1.11292
"cg_vd_v",66750,-1.07843
"cg_vd_v",66750,-1.10909
"cg_vd_v",66750,-1.06153
"cg_vd_v",66750.1,-1.09969
"cg_vd_v",66750.1,-1.11029
"cg_vd_v",66750.1,-1.10119
"cg_vd_v",66750.1,-1.09926
"cg_vd_v",66750.1,-1.09503
"cg_vd_v",66750.1,-1.11739
"cg_vd_v",66750.1,-1.09993
"cg_vd_v",66750.1,-1.16804
"cg_vd_v",66750.1,-1.12914
"cg_vd_v",66750.1,-1.15233
"cg_vd_v",66750.1,-1.11804
"cg_vd_v",66750.2,-1.14343
"cg_vd_v",66750.2,-1.1312
"cg_vd_v",66750.2,-1.24689
"cg_vd_v",66750.2,-1.1816
"cg_vd_v",66750.2,-1.13113
"cg_vd_v",66750.2,-1.17502
"cg_vd_v",66750.2,-1.17736
"cg_vd_v",66750.2,-1.17487
"cg_vd_v",66750.2,-1.18465
"cg_vd_v",66750.2,-1.17106
"cg_vd_v",66750.3,-1.17507
"cg_vd_v",66750.3,-1.18515
"cg_vd_v",66750.3,-1.19083
"cg_vd_v",66750.3,-1.17357
"cg_vd_v",66750.3,-1.1394
"cg_vd_v",66750.3,-1.1787
"cg_vd_v",66750.3,-1.15744
"cg_vd_v",66750.3,-1.20023
"cg_vd_v",66750.3,-1.18993
"cg_vd_v",66750.4,-1.1739
"cg_vd_v",66750.4,-1.19125
"cg_vd_v",66750.4,-1.16383
"cg_vd_v",66750.4,-1.20174
"cg_vd_v",66750.4,-1.16955
"cg_vd_v",66750.4,-1.19295
"cg_vd_v",66750.4,-1.21156
"cg_vd_v",66750.4,-1.19802
"cg_vd_v",66750.4,-1.18547
"cg_vd_v",66750.4,-1.23413
"cg_vd_v",66750.5,-1.24094
"cg_vd_v",66750.5,-1.23945
"cg_vd_v",66750.5,-1.24057
"cg_vd_v",66750.5,-1.22204
"cg_vd_v",66750.5,-1.25521
"cg_vd_v",66750.5,-1.26238
"cg_vd_v",66750.5,-1.29376
"cg_vd_v",66750.5,-1.26017
"cg_vd_v",66750.5,-1.25429
"cg_vd_v",66750.5,-1.29889
"cg_vd_v",66750.6,-1.18211
"cg_vd_v",66750.6,-1.27677
"cg_vd_v",66750.6,-1.27524
"cg_vd_v",66750.6,-1.25197
"cg_vd_v",66750.6,-1.27637
"cg_vd_v",66750.6,-1.26731
"cg_vd_v",66750.6,-1.267
"cg_vd_v",66750.6,-1.29813
"cg_vd_v",66750.6,-1.27352
"cg_vd_v",66750.6,-1.30987
"cg_vd_v",66750.7,-1.2904
"cg_vd_v",66750.7,-1.29626
"cg_vd_v",66750.7,-1.2975
"cg_vd_v",66750.7,-1.34249
"cg_vd_v",66750.7,-1.34105
"cg_vd_v",66750.7,-1.34402
"cg_vd_v",66750.7,-1.43215
"cg_vd_v",66750.7,-1.34344
"cg_vd_v",66750.7,-1.37449
"cg_vd_v",66750.7,-1.37338
"cg_vd_v",66750.8,-1.35467
"cg_vd_v",66750.8,-1.35193
"cg_vd_v",66750.8,-1.36812
"cg_vd_v",66750.8,-1.37253
"cg_vd_v",66750.8,-1.38071
"cg_vd_v",66750.8,-1.37076
"cg_vd_v",66750.8,-1.38063
"cg_vd_v",66750.8,-1.37499
"cg_vd_v",66750.8,-1.41839
"cg_vd_v",66750.8,-1.38216
"cg_vd_v",66750.9,-1.3706
"cg_vd_v",66750.9,-1.38629
"cg_vd_v",66750.9,-1.39707
"cg_vd_v",66750.9,-1.40685
"cg_vd_v",66750.9,-1.417
"cg_vd_v",66750.9,-1.40197
"cg_vd_v",66750.9,-1.37564
"cg_vd_v",66750.9,-1.34686
"cg_vd_v",66750.9,-1.40055
"cg_vd_v",66750.9,-1.39469
"cg_vd_v",66751,-1.35598
"cg_vd_v",66751,-1.42126
"cg_vd_v",66751,-1.43109
"cg_vd_v",66751,-1.4297
"cg_vd_v",66751,-1.40998
"cg_vd_v",66751,-1.43303
"cg_vd_v",66751,-1.43188
"cg_vd_v",66751,-1.43482
"cg_vd_v",66751,-1.44649
"cg_vd_v",66751,-1.45912
"cg_vd_v",66751.1,-1.42178
"cg_vd_v",66751.1,-1.4411
"cg_vd_v",66751.1,-1.46397
"cg_vd_v",66751.1,-1.46379
"cg_vd_v",66751.1,-1.42698
"cg_vd_v",66751.1,-1.45844
"cg_vd_v",66751.1,-1.47931
"cg_vd_v",66751.1,-1.47972
"cg_vd_v",66751.1,-1.48176
"cg_vd_v",66751.1,-1.45384
"cg_vd_v",66751.2,-1.48302
"cg_vd_v",66751.2,-1.4628
"cg_vd_v",66751.2,-1.48062
"cg_vd_v",66751.2,-1.43899
"cg_vd_v",66751.2,-1.44898
"cg_vd_v",66751.2,-1.45522
"cg_vd_v",66751.2,-1.46874
"cg_vd_v",66751.2,-1.46453
"cg_vd_v",66751.2,-1.48074
"cg_vd_v",66751.2,-1.48217
"cg_vd_v",66751.2,-1.49474
"cg_vd_v",66751.3,-1.50902
"cg_vd_v",66751.3,-1.51471
"cg_vd_v",66751.3,-1.49638
"cg_vd_v",66751.3,-1.53111
"cg_vd_v",66751.3,-1.49673
"cg_vd_v",66751.3,-1.53117
"cg_vd_v",66751.3,-1.50649
"cg_vd_v",66751.3,-1.52582
"cg_vd_v",66751.3,-1.52098
"cg_vd_v",66751.4,-1.53513
"cg_vd_v",66751.4,-1.53994
"cg_vd_v",66751.4,-1.50507
"cg_vd_v",66751.4,-1.53474
"cg_vd_v",66751.4,-1.52981
"cg_vd_v",66751.4,-1.51061
"cg_vd_v",66751.4,-1.5615
"cg_vd_v",66751.4,-1.59243
"cg_vd_v",66751.4,-1.56069
"cg_vd_v",66751.4,-1.55099
"cg_vd_v",66751.5,-1.61564
"cg_vd_v",66751.5,-1.56249
"cg_vd_v",66751.5,-1.59502
"cg_vd_v",66751.5,-1.58932
"cg_vd_v",66751.5,-1.56375
"cg_vd_v",66751.5,-1.59777
"cg_vd_v",66751.5,-1.66784
"cg_vd_v",66751.5,-1.60482
"cg_vd_v",66751.5,-1.61152
"cg_vd_v",66751.5,-1.61391
"cg_vd_v",66751.6,-1.61203
"cg_vd_v",66751.6,-1.5843
"cg_vd_v",66751.6,-1.62319
"cg_vd_v",66751.6,-1.61191
"cg_vd_v",66751.6,-1.63515
"cg_vd_v",66751.6,-1.63398
"cg_vd_v",66751.6,-1.63517
"cg_vd_v",66751.6,-1.64396
"cg_vd_v",66751.6,-1.65061
"cg_vd_v",66751.6,-1.66667
"cg_vd_v",66751.7,-1.67663
"cg_vd_v",66751.7,-1.67823
"cg_vd_v",66751.7,-1.68449
"cg_vd_v",66751.7,-1.65654
"cg_vd_v",66751.7,-1.69312
"cg_vd_v",66751.7,-1.68397
"cg_vd_v",66751.7,-1.65152
"cg_vd_v",66751.7,-1.69918
"cg_vd_v",66751.7,-1.70399
"cg_vd_v",66751.8,-1.75368
"cg_vd_v",66751.8,-1.68541
"cg_vd_v",66751.8,-1.70443
"cg_vd_v",66751.8,-1.6096
"cg_vd_v",66751.8,-1.7182
"cg_vd_v",66751.8,-1.70203
"cg_vd_v",66751.8,-1.72857
"cg_vd_v",66751.8,-1.69678
"cg_vd_v",66751.8,-1.68255
"cg_vd_v",66751.8,-1.71466
"cg_vd_v",66751.9,-1.70651
"cg_vd_v",66751.9,-1.72012
"cg_vd_v",66751.9,-1.69603
"cg_vd_v",66751.9,-1.73564
"cg_vd_v",66751.9,-1.74697
"cg_vd_v",66751.9,-1.74043
"cg_vd_v",66751.9,-1.75848
"cg_vd_v",66751.9,-1.72188
"cg_vd_v",66751.9,-1.72912
"cg_vd_v",66751.9,-1.7375
"cg_vd_v",66751.9,-1.73945
"cg_vd_v",66752,-1.73503
"cg_vd_v",66752,-1.77697
"cg_vd_v",66752,-1.73607
"cg_vd_v",66752,-1.71833
"cg_vd_v",66752,-1.77356
"cg_vd_v",66752,-1.75109
"cg_vd_v",66752,-1.78073
"cg_vd_v",66752,-1.75873
"cg_vd_v",66752,-1.78388
"cg_vd_v",66752,-1.74805
"cg_vd_v",66752.1,-1.7262
"cg_vd_v",66752.1,-1.77088
"cg_vd_v",66752.1,-1.73001
"cg_vd_v",66752.1,-1.73885
"cg_vd_v",66752.1,-1.74655
"cg_vd_v",66752.1,-1.74851
"cg_vd_v",66752.1,-1.72123
"cg_vd_v",66752.1,-1.73527
"cg_vd_v",66752.1,-1.73092
"cg_vd_v",66752.1,-1.72749
"cg_vd_v",66752.2,-1.7432
"cg_vd_v",66752.2,-1.73795
"cg_vd_v",66752.2,-1.77508
"cg_vd_v",66752.2,-1.75511
"cg_vd_v",66752.2,-1.75555
"cg_vd_v",66752.2,-1.79112
"cg_vd_v",66752.2,-1.74813
"cg_vd_v",66752.2,-1.76122
"cg_vd_v",66752.2,-1.70572
"cg_vd_v",66752.2,-1.7612
"cg_vd_v",66752.3,-1.75184
"cg_vd_v",66752.3,-1.73095
"cg_vd_v",66752.3,-1.78072
"cg_vd_v",66752.3,-1.78473
"cg_vd_v",66752.3,-1.78242
"cg_vd_v",66752.3,-1.77737
"cg_vd_v",66752.3,-1.78027
"cg_vd_v",66752.3,-1.80415
"cg_vd_v",66752.3,-1.79411
"cg_vd_v",66752.3,-1.79851
"cg_vd_v",66752.4,-1.78902
"cg_vd_v",66752.4,-1.78708
"cg_vd_v",66752.4,-1.80962
"cg_vd_v",66752.4,-1.86895
"cg_vd_v",66752.4,-1.81431
"cg_vd_v",66752.4,-1.80563
"cg_vd_v",66752.4,-1.83463
"cg_vd_v",66752.4,-1.79326
"cg_vd_v",66752.4,-1.82324
"cg_vd_v",66752.4,-1.80624
"cg_vd_v",66752.5,-1.81821
"cg_vd_v",66752.5,-1.8217
"cg_vd_v",66752.5,-1.81922
"cg_vd_v",66752.5,-1.8529
"cg_vd_v",66752.5,-1.84369
"cg_vd_v",66752.5,-1.83705
"cg_vd_v",66752.5,-1.82498
"cg_vd_v",66752.5,-1.837
"cg_vd_v",66752.5,-1.85604
"cg_vd_v",66752.5,-1.89446
"cg_vd_v",66752.6,-1.8462
"cg_vd_v",66752.6,-1.83339
"cg_vd_v",66752.6,-1.83638
"cg_vd_v",66752.6,-1.81433
"cg_vd_v",66752.6,-1.82671
"cg_vd_v",66752.6,-1.82516
"cg_vd_v",66752.6,-1.78876
"cg_vd_v",66752.6,-1.80604
"cg_vd_v",66752.6,-1.81164
"cg_vd_v",66752.6,-1.81205
"cg_vd_v",66752.7,-1.8349
"cg_vd_v",66752.7,-1.87198
"cg_vd_v",66752.7,-1.82706
"cg_vd_v",66752.7,-1.79397
"cg_vd_v",66752.7,-1.79842
"cg_vd_v",66752.7,-1.80568
"cg_vd_v",66752.7,-1.85445
"cg_vd_v",66752.7,-1.86136
"cg_vd_v",66752.7,-1.84196
"cg_vd_v",66752.7,-1.83879
"cg_vd_v",66752.8,-1.83996
"cg_vd_v",66752.8,-1.82741
"cg_vd_v",66752.8,-1.82916
"cg_vd_v",66752.8,-1.81277
"cg_vd_v",66752.8,-1.80542
"cg_vd_v",66752.8,-1.84435
"cg_vd_v",66752.8,-1.84777
"cg_vd_v",66752.8,-1.8235
"cg_vd_v",66752.8,-1.76681
"cg_vd_v",66752.8,-1.83803
"cg_vd_v",66752.9,-1.82993
"cg_vd_v",66752.9,-1.83832
"cg_vd_v",66752.9,-1.85027
"cg_vd_v",66752.9,-1.84441
"cg_vd_v",66752.9,-1.84751
"cg_vd_v",66752.9,-1.85651
"cg_vd_v",66752.9,-1.85437
"cg_vd_v",66752.9,-1.86303
"cg_vd_v",66752.9,-1.88521
"cg_vd_v",66752.9,-1.85777
"cg_vd_v",66753,-1.85452
"cg_vd_v",66753,-1.84963
"cg_vd_v",66753,-1.84591
"cg_vd_v",66753,-1.8573
"cg_vd_v",66753,-1.87575
"cg_vd_v",66753,-1.86943
"cg_vd_v",66753,-1.90027
"cg_vd_v",66753,-1.86306
"cg_vd_v",66753,-1.88209
"cg_vd_v",66753,-1.8613
"cg_vd_v",66753,-1.83702
"cg_vd_v",66753.1,-1.86313
"cg_vd_v",66753.1,-1.88265
"cg_vd_v",66753.1,-1.87783
"cg_vd_v",66753.1,-1.88626
"cg_vd_v",66753.1,-1.89492
"cg_vd_v",66753.1,-1.90155
"cg_vd_v",66753.1,-1.89007
"cg_vd_v",66753.1,-1.90537
"cg_vd_v",66753.1,-1.86789
"cg_vd_v",66753.1,-1.90441
"cg_vd_v",66753.2,-1.91468
"cg_vd_v",66753.2,-1.89305
"cg_vd_v",66753.2,-1.81805
"cg_vd_v",66753.2,-1.91817
"cg_vd_v",66753.2,-1.89177
"cg_vd_v",66753.2,-1.9289
"cg_vd_v",66753.2,-1.92286
"cg_vd_v",66753.2,-1.91326
"cg_vd_v",66753.2,-1.92044
"cg_vd_v",66753.2,-1.90722
"cg_vd_v",66753.3,-1.94314
"cg_vd_v",66753.3,-1.90877
"cg_vd_v",66753.3,-1.88817
"cg_vd_v",66753.3,-1.88375
"cg_vd_v",66753.3,-1.90612
"cg_vd_v",66753.3,-1.91359
"cg_vd_v",66753.3,-1.9238
"cg_vd_v",66753.3,-1.89926
"cg_vd_v",66753.3,-1.91555
"cg_vd_v",66753.3,-1.90406
"cg_vd_v",66753.4,-1.88232
"cg_vd_v",66753.4,-1.92368
"cg_vd_v",66753.4,-1.953
"cg_vd_v",66753.4,-1.92367
"cg_vd_v",66753.4,-1.93748
"cg_vd_v",66753.4,-1.94334
"cg_vd_v",66753.4,-1.97905
"cg_vd_v",66753.4,-1.95217
"cg_vd_v",66753.4,-1.96827
"cg_vd_v",66753.4,-1.9592
"cg_vd_v",66753.5,-1.98033
"cg_vd_v",66753.5,-1.96904
"cg_vd_v",66753.5,-1.96893
"cg_vd_v",66753.5,-1.99784
"cg_vd_v",66753.5,-1.97008
"cg_vd_v",66753.5,-1.97498
"cg_vd_v",66753.5,-1.96421
"cg_vd_v",66753.5,-1.96966
"cg_vd_v",66753.5,-1.98157
"cg_vd_v",66753.5,-1.98708
"cg_vd_v",66753.6,-1.99119
"cg_vd_v",66753.6,-1.98575
"cg_vd_v",66753.6,-2.00677
"cg_vd_v",66753.6,-2.00032
"cg_vd_v",66753.6,-1.991
"cg_vd_v",66753.6,-1.98821
"cg_vd_v",66753.6,-1.95717
"cg_vd_v",66753.6,-1.9765
"cg_vd_v",66753.6,-2.01037
"cg_vd_v",66753.6,-1.98414
"cg_vd_v",66753.7,-1.98268
"cg_vd_v",66753.7,-1.98615
"cg_vd_v",66753.7,-1.99047
"cg_vd_v",66753.7,-1.99311
"cg_vd_v",66753.7,-2.02782
"cg_vd_v",66753.7,-2.00497
"cg_vd_v",66753.7,-2.00227
"cg_vd_v",66753.7,-2.02038
"cg_vd_v",66753.7,-2.01165
"cg_vd_v",66753.7,-2.01792
"cg_vd_v",66753.8,-2.02526
"cg_vd_v",66753.8,-2.0329
"cg_vd_v",66753.8,-2.02274
"cg_vd_v",66753.8,-2.01308
"cg_vd_v",66753.8,-2.05588
"cg_vd_v",66753.8,-2.02825
"cg_vd_v",66753.8,-2.01337
"cg_vd_v",66753.8,-2.0162
"cg_vd_v",66753.8,-2.03862
"cg_vd_v",66753.8,-2.04056
"cg_vd_v",66753.9,-2.01505
"cg_vd_v",66753.9,-1.99839
"cg_vd_v",66753.9,-1.95445
"cg_vd_v",66753.9,-2.01557
"cg_vd_v",66753.9,-2.03641
"cg_vd_v",66753.9,-2.04187
"cg_vd_v",66753.9,-2.09401
"cg_vd_v",66753.9,-2.0438
"cg_vd_v",66753.9,-2.02105
"cg_vd_v",66753.9,-2.02606
"cg_vd_v",66754,-2.04692
"cg_vd_v",66754,-2.06041
"cg_vd_v",66754,-2.036
"cg_vd_v",66754,-2.03057
"cg_vd_v",66754,-2.03539
"cg_vd_v",66754,-2.02799
"cg_vd_v",66754,-2.0199
"cg_vd_v",66754,-1.98817
"cg_vd_v",66754,-2.04403
"cg_vd_v",66754,-2.03338
"cg_vd_v",66754.1,-2.03808
"cg_vd_v",66754.1,-2.03783
"cg_vd_v",66754.1,-2.01344
"cg_vd_v",66754.1,-2.0341
"cg_vd_v",66754.1,-2.02224
"cg_vd_v",66754.1,-2.04137
"cg_vd_v",66754.1,-2.03007
"cg_vd_v",66754.1,-2.06081
"cg_vd_v",66754.1,-2.02908
"cg_vd_v",66754.1,-2.04444
"cg_vd_v",66754.1,-2.05271
"cg_vd_v",66754.2,-2.03682
"cg_vd_v",66754.2,-2.05626
"cg_vd_v",66754.2,-2.07724
"cg_vd_v",66754.2,-2.06921
"cg_vd_v",66754.2,-2.06392
"cg_vd_v",66754.2,-2.05905
"cg_vd_v",66754.2,-2.06594
"cg_vd_v",66754.2,-2.11346
"cg_vd_v",66754.2,-2.11582
"cg_vd_v",66754.2,-2.08832
"cg_vd_v",66754.3,-2.10083
"cg_vd_v",66754.3,-2.17199
"cg_vd_v",66754.3,-2.09453
"cg_vd_v",66754.3,-2.12715
"cg_vd_v",66754.3,-2.12424
"cg_vd_v",66754.3,-2.12635
"cg_vd_v",66754.3,-2.15173
"cg_vd_v",66754.3,-2.13416
"cg_vd_v",66754.3,-2.13578
"cg_vd_v",66754.4,-2.17797
"cg_vd_v",66754.4,-2.14076
"cg_vd_v",66754.4,-2.08728
"cg_vd_v",66754.4,-2.09178
"cg_vd_v",66754.4,-2.12874
"cg_vd_v",66754.4,-2.13703
"cg_vd_v",66754.4,-2.10584
"cg_vd_v",66754.4,-2.11623
"cg_vd_v",66754.4,-2.11341
"cg_vd_v",66754.4,-2.11073
"cg_vd_v",66754.5,-2.07317
"cg_vd_v",66754.5,-2.11096
"cg_vd_v",66754.5,-2.10241
"cg_vd_v",66754.5,-2.09727
"cg_vd_v",66754.5,-2.09592
"cg_vd_v",66754.5,-2.09497
"cg_vd_v",66754.5,-2.03271
"cg_vd_v",66754.5,-2.05242
"cg_vd_v",66754.5,-2.09549
"cg_vd_v",66754.5,-2.0694
"cg_vd_v",66754.5,-2.06748
"cg_vd_v",66754.6,-2.06974
"cg_vd_v",66754.6,-2.08654
"cg_vd_v",66754.6,-2.07238
"cg_vd_v",66754.6,-2.07693
"cg_vd_v",66754.6,-2.07322
"cg_vd_v",66754.6,-2.07831
"cg_vd_v",66754.6,-2.06781
"cg_vd_v",66754.6,-2.07643
"cg_vd_v",66754.6,-2.12343
"cg_vd_v",66754.7,-2.03544
"cg_vd_v",66754.7,-2.09244
"cg_vd_v",66754.7,-2.09051
"cg_vd_v",66754.7,-2.10673
"cg_vd_v",66754.7,-2.04029
"cg_vd_v",66754.7,-1.99606
"cg_vd_v",66754.8,-2.06473
"cg_vd_v",66754.8,-2.0452
"cg_vd_v",66754.8,-2.06563
"cg_vd_v",66754.8,-2.07152
"cg_vd_v",66754.8,-2.08002
"cg_vd_v",66754.8,-2.08238
"cg_vd_v",66754.9,-2.09404
"cg_vd_v",66754.9,-2.06725
"cg_vd_v",66754.9,-2.05472
"cg_vd_v",66754.9,-2.11518
"cg_vd_v",66754.9,-2.06016
"cg_vd_v",66754.9,-2.07781
"cg_vd_v",66754.9,-2.07297
"cg_vd_v",66754.9,-2.06608
"cg_vd_v",66755,-2.07825
"cg_vd_v",66755,-2.05492
"cg_vd_v",66755,-2.0751
"cg_vd_v",66755,-2.0561
"cg_vd_v",66755,-1.99545
"cg_vd_v",66755.1,-2.03191
"cg_vd_v",66755.1,-2.04472
"cg_vd_v",66755.1,-2.04728
"cg_vd_v",66755.1,-2.03717
"cg_vd_v",66755.1,-2.07702
"cg_vd_v",66755.1,-2.04153
"cg_vd_v",66755.1,-2.04041
"cg_vd_v",66755.1,-2.03984
"cg_vd_v",66755.1,-2.04355
"cg_vd_v",66755.1,-2.06037
"cg_vd_v",66755.2,-2.07309
"cg_vd_v",66755.2,-2.05147
"cg_vd_v",66755.2,-2.04002
"cg_vd_v",66755.2,-2.02258
"cg_vd_v",66755.2,-2.03896
"cg_vd_v",66755.2,-2.04551
"cg_vd_v",66755.2,-2.09127
"cg_vd_v",66755.2,-2.04998
"cg_vd_v",66755.2,-2.03933
"cg_vd_v",66755.2,-2.03532
"cg_vd_v",66755.2,-2.02183
"cg_vd_v",66755.3,-2.05753
"cg_vd_v",66755.3,-2.07042
"cg_vd_v",66755.3,-2.10278
"cg_vd_v",66755.3,-2.05722
"cg_vd_v",66755.3,-2.09596
"cg_vd_v",66755.3,-2.08055
"cg_vd_v",66755.3,-2.07448
"cg_vd_v",66755.3,-2.09363
"cg_vd_v",66755.3,-2.05818
"cg_vd_v",66755.3,-2.10201
"cg_vd_v",66755.3,-2.09812
"cg_vd_v",66755.4,-2.12263
"cg_vd_v",66755.4,-2.11315
"cg_vd_v",66755.4,-2.13039
"cg_vd_v",66755.4,-2.08438
"cg_vd_v",66755.4,-2.11991
"cg_vd_v",66755.4,-2.08839
"cg_vd_v",66755.4,-2.09631
"cg_vd_v",66755.4,-2.10129
"cg_vd_v",66755.4,-2.01494
"cg_vd_v",66755.4,-2.06142
"cg_vd_v",66755.4,-2.09788
"cg_vd_v",66755.5,-2.0949
"cg_vd_v",66755.5,-2.08615
"cg_vd_v",66755.5,-2.08501
"cg_vd_v",66755.5,-2.1015
"cg_vd_v",66755.5,-2.10696
"cg_vd_v",66755.5,-2.0506
"cg_vd_v",66755.5,-2.08875
"cg_vd_v",66755.5,-2.07614
"cg_vd_v",66755.5,-2.09266
"cg_vd_v",66755.5,-2.08828
"cg_vd_v",66755.5,-2.13234
"cg_vd_v",66755.5,-2.08467
"cg_vd_v",66755.6,-2.09699
"cg_vd_v",66755.6,-2.02592
"cg_vd_v",66755.6,-2.09551
"cg_vd_v",66755.6,-2.10755
"cg_vd_v",66755.6,-2.10773
"cg_vd_v",66755.6,-2.0957
"cg_vd_v",66755.6,-2.08831
"cg_vd_v",66755.6,-2.0774
"cg_vd_v",66755.6,-2.09345
"cg_vd_v",66755.6,-2.11467
"cg_vd_v",66755.6,-2.11244
"cg_vd_v",66755.7,-2.16763
"cg_vd_v",66755.7,-2.11175
"cg_vd_v",66755.7,-2.12822
"cg_vd_v",66755.7,-2.11919
"cg_vd_v",66755.7,-2.15548
"cg_vd_v",66755.7,-2.14548
"cg_vd_v",66755.7,-2.15033
"cg_vd_v",66755.7,-2.14777
"cg_vd_v",66755.7,-2.16724
"cg_vd_v",66755.7,-2.16237
"cg_vd_v",66755.7,-2.1827
"cg_vd_v",66755.8,-2.1255
"cg_vd_v",66755.8,-2.1663
"cg_vd_v",66755.8,-2.16817
"cg_vd_v",66755.8,-2.15679
"cg_vd_v",66755.8,-2.1348
"cg_vd_v",66755.8,-2.12623
"cg_vd_v",66755.8,-2.15978
"cg_vd_v",66755.8,-2.14639
"cg_vd_v",66755.8,-2.15622
"cg_vd_v",66755.8,-2.17039
"cg_vd_v",66755.8,-2.12707
"cg_vd_v",66755.9,-2.15769
"cg_vd_v",66755.9,-2.13952
"cg_vd_v",66755.9,-2.18388
"cg_vd_v",66755.9,-2.17008
"cg_vd_v",66755.9,-2.07812
"cg_vd_v",66755.9,-2.10819
"cg_vd_v",66755.9,-2.1017
"cg_vd_v",66755.9,-2.11671
"cg_vd_v",66755.9,-2.10993
"cg_vd_v",66755.9,-2.1389
"cg_vd_v",66756,-2.10489
"cg_vd_v",66756,-2.09534
"cg_vd_v",66756,-2.10424
"cg_vd_v",66756,-2.10207
"cg_vd_v",66756,-2.11369
"cg_vd_v",66756,-2.12135
"cg_vd_v",66756,-2.13888
"cg_vd_v",66756,-2.11997
"cg_vd_v",66756,-2.08183
"cg_vd_v",66756,-2.13448
"cg_vd_v",66756.1,-2.08473
"cg_vd_v",66756.1,-2.09464
"cg_vd_v",66756.1,-2.10384
"cg_vd_v",66756.1,-2.05185
"cg_vd_v",66756.1,-2.08874
"cg_vd_v",66756.1,-2.11699
"cg_vd_v",66756.1,-2.09524
"cg_vd_v",66756.1,-2.11445
"cg_vd_v",66756.1,-2.08876
"cg_vd_v",66756.1,-2.11917
"cg_vd_v",66756.1,-2.0973
"cg_vd_v",66756.2,-2.07161
"cg_vd_v",66756.2,-2.05749
"cg_vd_v",66756.2,-2.09628
"cg_vd_v",66756.2,-2.08879
"cg_vd_v",66756.2,-2.08235
"cg_vd_v",66756.2,-2.08715
"cg_vd_v",66756.2,-2.08625
"cg_vd_v",66756.2,-2.10646
"cg_vd_v",66756.2,-2.09451
"cg_vd_v",66756.2,-2.10513
"cg_vd_v",66756.3,-2.09722
"cg_vd_v",66756.3,-2.0727
"cg_vd_v",66756.3,-2.0485
"cg_vd_v",66756.3,-2.08386
"cg_vd_v",66756.3,-2.10478
"cg_vd_v",66756.3,-2.08596
"cg_vd_v",66756.3,-2.0951
"cg_vd_v",66756.3,-2.10187
"cg_vd_v",66756.3,-2.09304
"cg_vd_v",66756.4,-2.0683
"cg_vd_v",66756.4,-2.09881
"cg_vd_v",66756.4,-2.10445
"cg_vd_v",66756.4,-2.10659
"cg_vd_v",66756.4,-2.1211
"cg_vd_v",66756.4,-2.10241
"cg_vd_v",66756.4,-2.07124
"cg_vd_v",66756.4,-2.11461
"cg_vd_v",66756.4,-2.10616
"cg_vd_v",66756.4,-2.09158
"cg_vd_v",66756.5,-2.08236
"cg_vd_v",66756.5,-2.10991
"cg_vd_v",66756.5,-2.10038
"cg_vd_v",66756.5,-2.13199
"cg_vd_v",66756.5,-2.11884
"cg_vd_v",66756.5,-2.13334
"cg_vd_v",66756.5,-2.14969
"cg_vd_v",66756.5,-2.12218
"cg_vd_v",66756.5,-2.12345
"cg_vd_v",66756.5,-2.13151
"cg_vd_v",66756.6,-2.13853
"cg_vd_v",66756.6,-2.14015
"cg_vd_v",66756.6,-2.14011
"cg_vd_v",66756.6,-2.11768
"cg_vd_v",66756.6,-2.15058
"cg_vd_v",66756.6,-2.14211
"cg_vd_v",66756.6,-2.14578
"cg_vd_v",66756.6,-2.18996
"cg_vd_v",66756.6,-2.14415
"cg_vd_v",66756.6,-2.17307
"cg_vd_v",66756.6,-2.14349
"cg_vd_v",66756.7,-2.12687
"cg_vd_v",66756.7,-2.17295
"cg_vd_v",66756.7,-2.15676
"cg_vd_v",66756.7,-2.15522
"cg_vd_v",66756.7,-2.1713
"cg_vd_v",66756.7,-2.15366
"cg_vd_v",66756.7,-2.18198
"cg_vd_v",66756.7,-2.17684
"cg_vd_v",66756.7,-2.17642
"cg_vd_v",66756.8,-2.1543
"cg_vd_v",66756.8,-2.17716
"cg_vd_v",66756.8,-2.16982
"cg_vd_v",66756.8,-2.17057
"cg_vd_v",66756.8,-2.17173
"cg_vd_v",66756.8,-2.122
"cg_vd_v",66756.8,-2.19838
"cg_vd_v",66756.8,-2.18547
"cg_vd_v",66756.8,-2.18382
"cg_vd_v",66756.8,-2.1949
"cg_vd_v",66756.9,-2.20361
"cg_vd_v",66756.9,-2.18284
"cg_vd_v",66756.9,-2.20918
"cg_vd_v",66756.9,-2.22094
"cg_vd_v",66756.9,-2.20062
"cg_vd_v",66756.9,-2.19426
"cg_vd_v",66756.9,-2.20209
"cg_vd_v",66756.9,-2.21647
"cg_vd_v",66756.9,-2.18525
"cg_vd_v",66756.9,-2.19624
"cg_vd_v",66757,-2.19694
"cg_vd_v",66757,-2.19126
"cg_vd_v",66757,-2.16044
"cg_vd_v",66757,-2.23534
"cg_vd_v",66757,-2.18134
"cg_vd_v",66757,-2.24156
"cg_vd_v",66757,-2.18429
"cg_vd_v",66757,-2.19283
"cg_vd_v",66757,-2.18504
"cg_vd_v",66757,-2.20156
"cg_vd_v",66757,-2.17993
"cg_vd_v",66757.1,-2.22576
"cg_vd_v",66757.1,-2.18796
"cg_vd_v",66757.1,-2.19079
"cg_vd_v",66757.1,-2.1863
"cg_vd_v",66757.1,-2.2285
"cg_vd_v",66757.1,-2.19359
"cg_vd_v",66757.1,-2.19646
"cg_vd_v",66757.1,-2.20877
"cg_vd_v",66757.1,-2.21661
"cg_vd_v",66757.1,-2.21166
"cg_vd_v",66757.2,-2.26306
"cg_vd_v",66757.2,-2.21679
"cg_vd_v",66757.2,-2.22383
"cg_vd_v",66757.2,-2.20296
"cg_vd_v",66757.2,-2.20444
"cg_vd_v",66757.2,-2.20223
"cg_vd_v",66757.2,-2.20458
"cg_vd_v",66757.2,-2.19808
"cg_vd_v",66757.2,-2.19202
"cg_vd_v",66757.2,-2.2033
"cg_vd_v",66757.3,-2.21657
"cg_vd_v",66757.3,-2.19481
"cg_vd_v",66757.3,-2.2044
"cg_vd_v",66757.3,-2.20924
"cg_vd_v",66757.3,-2.21748
"cg_vd_v",66757.3,-2.22621
"cg_vd_v",66757.3,-2.21685
"cg_vd_v",66757.3,-2.21491
"cg_vd_v",66757.3,-2.21663
"cg_vd_v",66757.4,-2.2564
"cg_vd_v",66757.4,-2.2153
"cg_vd_v",66757.4,-2.22302
"cg_vd_v",66757.4,-2.16451
"cg_vd_v",66757.4,-2.23603
"cg_vd_v",66757.4,-2.24221
"cg_vd_v",66757.4,-2.20297
"cg_vd_v",66757.4,-2.23029
"cg_vd_v",66757.4,-2.19037
"cg_vd_v",66757.4,-2.22551
"cg_vd_v",66757.5,-2.18466
"cg_vd_v",66757.5,-2.20786
"cg_vd_v",66757.5,-2.19489
"cg_vd_v",66757.5,-2.21324
"cg_vd_v",66757.5,-2.19934
"cg_vd_v",66757.5,-2.16526
"cg_vd_v",66757.5,-2.21365
"cg_vd_v",66757.5,-2.19852
"cg_vd_v",66757.5,-2.17463
"cg_vd_v",66757.5,-2.16292
"cg_vd_v",66757.5,-2.17236
"cg_vd_v",66757.6,-2.15433
"cg_vd_v",66757.6,-2.17293
"cg_vd_v",66757.6,-2.1529
"cg_vd_v",66757.6,-2.18241
"cg_vd_v",66757.6,-2.16642
"cg_vd_v",66757.6,-2.18812
"cg_vd_v",66757.6,-2.19406
"cg_vd_v",66757.6,-2.19035
"cg_vd_v",66757.6,-2.15605
"cg_vd_v",66757.6,-2.20011
"cg_vd_v",66757.7,-2.1651
"cg_vd_v",66757.7,-2.2046
"cg_vd_v",66757.7,-2.1546
"cg_vd_v",66757.7,-2.12895
"cg_vd_v",66757.7,-2.14428
"cg_vd_v",66757.7,-2.12712
"cg_vd_v",66757.7,-2.1415
"cg_vd_v",66757.7,-2.13837
"cg_vd_v",66757.7,-2.12749
"cg_vd_v",66757.8,-2.13718
"cg_vd_v",66757.8,-2.15776
"cg_vd_v",66757.8,-2.15877
"cg_vd_v",66757.8,-2.14256
"cg_vd_v",66757.8,-2.17051
"cg_vd_v",66757.8,-2.15647
"cg_vd_v",66757.8,-2.16072
"cg_vd_v",66757.8,-2.15096
"cg_vd_v",66757.8,-2.13048
"cg_vd_v",66757.8,-2.07159
"cg_vd_v",66757.9,-2.16402
"cg_vd_v",66757.9,-2.15836
"cg_vd_v",66757.9,-2.15071
"cg_vd_v",66757.9,-2.15988
"cg_vd_v",66757.9,-2.1739
"cg_vd_v",66757.9,-2.18043
"cg_vd_v",66757.9,-2.14723
"cg_vd_v",66757.9,-2.15675
"cg_vd_v",66757.9,-2.18863
"cg_vd_v",66757.9,-2.18013
"cg_vd_v",66758,-2.16888
"cg_vd_v",66758,-2.19747
"cg_vd_v",66758,-2.19498
"cg_vd_v",66758,-2.1862
"cg_vd_v",66758,-2.19543
"cg_vd_v",66758,-2.22333
"cg_vd_v",66758,-2.20143
"cg_vd_v",66758,-2.20952
"cg_vd_v",66758,-2.21799
"cg_vd_v",66758,-2.22294
"cg_vd_v",66758.1,-2.21633
"cg_vd_v",66758.1,-2.26941
"cg_vd_v",66758.1,-2.23289
"cg_vd_v",66758.1,-2.22695
"cg_vd_v",66758.1,-2.24232
"cg_vd_v",66758.1,-2.25804
"cg_vd_v",66758.1,-2.32231
"cg_vd_v",66758.1,-2.26232
"cg_vd_v",66758.1,-2.26045
"cg_vd_v",66758.1,-2.25258
"cg_vd_v",66758.2,-2.25547
"cg_vd_v",66758.2,-2.27696
"cg_vd_v",66758.2,-2.24908
"cg_vd_v",66758.2,-2.28326
"cg_vd_v",66758.2,-2.26346
"cg_vd_v",66758.2,-2.24261
"cg_vd_v",66758.2,-2.27733
"cg_vd_v",66758.2,-2.23835
"cg_vd_v",66758.2,-2.27435
"cg_vd_v",66758.2,-2.25937
"cg_vd_v",66758.2,-2.25449
"cg_vd_v",66758.3,-2.24276
"cg_vd_v",66758.3,-2.26764
"cg_vd_v",66758.3,-2.27705
"cg_vd_v",66758.3,-2.25421
"cg_vd_v",66758.3,-2.27433
"cg_vd_v",66758.3,-2.27261
"cg_vd_v",66758.3,-2.2648
"cg_vd_v",66758.3,-2.32051
"cg_vd_v",66758.3,-2.27682
"cg_vd_v",66758.4,-2.28446
"cg_vd_v",66758.4,-2.28814
"cg_vd_v",66758.4,-2.29296
"cg_vd_v",66758.4,-2.30105
"cg_vd_v",66758.4,-2.28818
"cg_vd_v",66758.4,-2.28748
"cg_vd_v",66758.4,-2.30525
"cg_vd_v",66758.4,-2.26342
"cg_vd_v",66758.4,-2.23604
"cg_vd_v",66758.4,-2.30414
"cg_vd_v",66758.5,-2.3018
"cg_vd_v",66758.5,-2.35739
"cg_vd_v",66758.5,-2.28863
"cg_vd_v",66758.5,-2.28384
"cg_vd_v",66758.5,-2.29684
"cg_vd_v",66758.5,-2.30709
"cg_vd_v",66758.5,-2.3016
"cg_vd_v",66758.5,-2.29672
"cg_vd_v",66758.5,-2.30316
"cg_vd_v",66758.5,-2.27877
"cg_vd_v",66758.6,-2.31359
"cg_vd_v",66758.6,-2.27406
"cg_vd_v",66758.6,-2.33212
"cg_vd_v",66758.6,-2.27467
"cg_vd_v",66758.6,-2.29278
"cg_vd_v",66758.6,-2.28132
"cg_vd_v",66758.6,-2.31193
"cg_vd_v",66758.6,-2.3142
"cg_vd_v",66758.6,-2.32334
"cg_vd_v",66758.6,-2.30296
"cg_vd_v",66758.6,-2.25497
"cg_vd_v",66758.7,-2.33148
"cg_vd_v",66758.7,-2.32645
"cg_vd_v",66758.7,-2.31931
"cg_vd_v",66758.7,-2.30773
"cg_vd_v",66758.7,-2.30519
"cg_vd_v",66758.7,-2.29912
"cg_vd_v",66758.7,-2.33568
"cg_vd_v",66758.7,-2.30654
"cg_vd_v",66758.7,-2.27488
"cg_vd_v",66758.8,-2.31859
"cg_vd_v",66758.8,-2.28334
"cg_vd_v",66758.8,-2.31283
"cg_vd_v",66758.8,-2.30228
"cg_vd_v",66758.8,-2.2896
"cg_vd_v",66758.8,-2.29665
"cg_vd_v",66758.8,-2.30546
"cg_vd_v",66758.8,-2.29713
"cg_vd_v",66758.8,-2.31235
"cg_vd_v",66758.8,-2.32259
"cg_vd_v",66758.9,-2.31816
"cg_vd_v",66758.9,-2.30667
"cg_vd_v",66758.9,-2.30881
"cg_vd_v",66758.9,-2.30841
"cg_vd_v",66758.9,-2.2874
"cg_vd_v",66758.9,-2.3004
"cg_vd_v",66758.9,-2.3014
"cg_vd_v",66758.9,-2.30355
"cg_vd_v",66758.9,-2.28876
"cg_vd_v",66758.9,-2.33207
"cg_vd_v",66759,-2.27838
"cg_vd_v",66759,-2.29051
"cg_vd_v",66759,-2.26067
"cg_vd_v",66759,-2.24645
"cg_vd_v",66759,-2.25297
"cg_vd_v",66759,-2.26171
"cg_vd_v",66759,-2.26894
"cg_vd_v",66759,-2.28854
"cg_vd_v",66759,-2.26271
"cg_vd_v",66759,-2.28919
"cg_vd_v",66759.1,-2.30042
"cg_vd_v",66759.1,-2.27917
"cg_vd_v",66759.1,-2.30415
"cg_vd_v",66759.1,-2.30005
"cg_vd_v",66759.1,-2.2794
"cg_vd_v",66759.1,-2.30341
"cg_vd_v",66759.1,-2.27282
"cg_vd_v",66759.1,-2.31639
"cg_vd_v",66759.1,-2.27741
"cg_vd_v",66759.1,-2.29069
"cg_vd_v",66759.2,-2.32471
"cg_vd_v",66759.2,-2.28265
"cg_vd_v",66759.2,-2.29718
"cg_vd_v",66759.2,-2.27326
"cg_vd_v",66759.2,-2.28119
"cg_vd_v",66759.2,-2.26233
"cg_vd_v",66759.2,-2.27345
"cg_vd_v",66759.2,-2.27939
"cg_vd_v",66759.2,-2.28123
"cg_vd_v",66759.2,-2.29004
"cg_vd_v",66759.3,-2.28902
"cg_vd_v",66759.3,-2.3098
"cg_vd_v",66759.3,-2.29304
"cg_vd_v",66759.3,-2.30516
"cg_vd_v",66759.3,-2.27562
"cg_vd_v",66759.3,-2.29583
"cg_vd_v",66759.3,-2.29908
"cg_vd_v",66759.3,-2.25169
"cg_vd_v",66759.3,-2.29197
"cg_vd_v",66759.4,-2.25446
"cg_vd_v",66759.4,-2.28591
"cg_vd_v",66759.4,-2.26303
"cg_vd_v",66759.4,-2.2535
"cg_vd_v",66759.4,-2.27194
"cg_vd_v",66759.4,-2.28417
"cg_vd_v",66759.4,-2.25857
"cg_vd_v",66759.4,-2.24336
"cg_vd_v",66759.4,-2.2175
"cg_vd_v",66759.4,-2.24256
"cg_vd_v",66759.4,-2.24448
"cg_vd_v",66759.5,-2.26533
"cg_vd_v",66759.5,-2.26244
"cg_vd_v",66759.5,-2.26567
"cg_vd_v",66759.5,-2.23036
"cg_vd_v",66759.5,-2.2314
"cg_vd_v",66759.5,-2.2444
"cg_vd_v",66759.5,-2.2321
"cg_vd_v",66759.5,-2.28254
"cg_vd_v",66759.5,-2.2258
"cg_vd_v",66759.5,-2.27206
"cg_vd_v",66759.6,-2.23251
"cg_vd_v",66759.6,-2.24723
"cg_vd_v",66759.6,-2.2511
"cg_vd_v",66759.6,-2.26504
"cg_vd_v",66759.6,-2.24984
"cg_vd_v",66759.6,-2.25237
"cg_vd_v",66759.6,-2.23319
"cg_vd_v",66759.6,-2.24564
"cg_vd_v",66759.6,-2.2603
"cg_vd_v",66759.6,-2.24434
"cg_vd_v",66759.7,-2.252
"cg_vd_v",66759.7,-2.24512
"cg_vd_v",66759.7,-2.21749
"cg_vd_v",66759.7,-2.18725
"cg_vd_v",66759.7,-2.27307
"cg_vd_v",66759.7,-2.27019
"cg_vd_v",66759.7,-2.2049
"cg_vd_v",66759.7,-2.27374
"cg_vd_v",66759.7,-2.26002
"cg_vd_v",66759.8,-2.25973
"cg_vd_v",66759.8,-2.2947
"cg_vd_v",66759.8,-2.24992
"cg_vd_v",66759.8,-2.25911
"cg_vd_v",66759.8,-2.25172
"cg_vd_v",66759.8,-2.25336
"cg_vd_v",66759.8,-2.26318
"cg_vd_v",66759.8,-2.20596
"cg_vd_v",66759.8,-2.2475
"cg_vd_v",66759.8,-2.24587
"cg_vd_v",66759.8,-2.19101
"cg_vd_v",66759.9,-2.19197
"cg_vd_v",66759.9,-2.25563
"cg_vd_v",66759.9,-2.2302
"cg_vd_v",66759.9,-2.13776
"cg_vd_v",66759.9,-2.22796
"cg_vd_v",66759.9,-2.21123
"cg_vd_v",66759.9,-2.27513
"cg_vd_v",66759.9,-2.23726
"cg_vd_v",66759.9,-2.21543
"cg_vd_v",66759.9,-2.2239
"cg_vd_v",66760,-2.21937
"cg_vd_v",66760,-2.21869
"cg_vd_v",66760,-2.19829
"cg_vd_v",66760,-2.21148
"cg_vd_v",66760,-2.20799
"cg_vd_v",66760,-2.21924
"cg_vd_v",66760,-2.20031
"cg_vd_v",66760,-2.24221
"cg_vd_v",66760,-2.21304
"cg_vd_v",66760,-2.226
"cg_vd_v",66760.1,-2.22846
"cg_vd_v",66760.1,-2.17756
"cg_vd_v",66760.1,-2.21407
"cg_vd_v",66760.1,-2.213
"cg_vd_v",66760.1,-2.22043
"cg_vd_v",66760.1,-2.21918
"cg_vd_v",66760.1,-2.18419
"cg_vd_v",66760.1,-2.22472
"cg_vd_v",66760.1,-2.22034
"cg_vd_v",66760.1,-2.22254
"cg_vd_v",66760.2,-2.20498
"cg_vd_v",66760.2,-2.23235
"cg_vd_v",66760.2,-2.24919
"cg_vd_v",66760.2,-2.20642
"cg_vd_v",66760.2,-2.20094
"cg_vd_v",66760.2,-2.20284
"cg_vd_v",66760.2,-2.22608
"cg_vd_v",66760.2,-2.20077
"cg_vd_v",66760.2,-2.19896
"cg_vd_v",66760.2,-2.21099
"cg_vd_v",66760.3,-2.18153
"cg_vd_v",66760.3,-2.20106
"cg_vd_v",66760.3,-2.18533
"cg_vd_v",66760.3,-2.20496
"cg_vd_v",66760.3,-2.18095
"cg_vd_v",66760.3,-2.18826
"cg_vd_v",66760.3,-2.1889
"cg_vd_v",66760.3,-2.16435
"cg_vd_v",66760.3,-2.14619
"cg_vd_v",66760.4,-2.14624
"cg_vd_v",66760.4,-2.15323
"cg_vd_v",66760.4,-2.1397
"cg_vd_v",66760.4,-2.11796
"cg_vd_v",66760.4,-2.10254
"cg_vd_v",66760.4,-2.1149
"cg_vd_v",66760.4,-2.12892
"cg_vd_v",66760.4,-2.10964
"cg_vd_v",66760.4,-2.08048
"cg_vd_v",66760.4,-2.09085
"cg_vd_v",66760.5,-2.08222
"cg_vd_v",66760.5,-2.08592
"cg_vd_v",66760.5,-2.08607
"cg_vd_v",66760.5,-2.07172
"cg_vd_v",66760.5,-2.05206
"cg_vd_v",66760.5,-2.07337
"cg_vd_v",66760.5,-2.06729
"cg_vd_v",66760.5,-2.12399
"cg_vd_v",66760.5,-2.07967
"cg_vd_v",66760.5,-2.02378
"cg_vd_v",66760.6,-2.00912
"cg_vd_v",66760.6,-2.03964
"cg_vd_v",66760.6,-2.07715
"cg_vd_v",66760.6,-2.06508
"cg_vd_v",66760.6,-2.04149
"cg_vd_v",66760.6,-2.05174
"cg_vd_v",66760.6,-2.03738
"cg_vd_v",66760.6,-2.05174
"cg_vd_v",66760.6,-2.00665
"cg_vd_v",66760.6,-2.05994
"cg_vd_v",66760.7,-2.03927
"cg_vd_v",66760.7,-2.05196
"cg_vd_v",66760.7,-2.0317
"cg_vd_v",66760.7,-2.01958
"cg_vd_v",66760.7,-2.02172
"cg_vd_v",66760.7,-2.04118
"cg_vd_v",66760.7,-2.00901
"cg_vd_v",66760.7,-2.02962
"cg_vd_v",66760.7,-2.00344
"cg_vd_v",66760.7,-2.01033
"cg_vd_v",66760.8,-1.98743
"cg_vd_v",66760.8,-2.04226
"cg_vd_v",66760.8,-2.0033
"cg_vd_v",66760.8,-2.016
"cg_vd_v",66760.8,-2.02461
"cg_vd_v",66760.8,-1.99954
"cg_vd_v",66760.8,-1.99455
"cg_vd_v",66760.8,-1.98666
"cg_vd_v",66760.8,-1.9858
"cg_vd_v",66760.8,-1.97137
"cg_vd_v",66760.9,-1.97844
"cg_vd_v",66760.9,-1.97271
"cg_vd_v",66760.9,-1.97852
"cg_vd_v",66760.9,-1.97705
"cg_vd_v",66760.9,-1.9663
"cg_vd_v",66760.9,-1.99739
"cg_vd_v",66760.9,-1.94615
"cg_vd_v",66760.9,-1.98241
"cg_vd_v",66760.9,-1.95755
"cg_vd_v",66760.9,-1.95523
"cg_vd_v",66761,-1.95183
"cg_vd_v",66761,-1.94938
"cg_vd_v",66761,-1.9384
"cg_vd_v",66761,-1.97401
"cg_vd_v",66761,-1.9578
"cg_vd_v",66761,-1.95763
"cg_vd_v",66761,-1.9229
"cg_vd_v",66761,-1.93507
"cg_vd_v",66761,-1.94247
"cg_vd_v",66761,-1.9269
"cg_vd_v",66761.1,-1.9057
"cg_vd_v",66761.1,-1.92411
"cg_vd_v",66761.1,-1.91734
"cg_vd_v",66761.1,-1.8608
"cg_vd_v",66761.1,-1.88859
"cg_vd_v",66761.1,-1.8551
"cg_vd_v",66761.1,-1.89121
"cg_vd_v",66761.1,-1.88711
"cg_vd_v",66761.1,-1.8712
"cg_vd_v",66761.1,-1.85884
"cg_vd_v",66761.2,-1.85951
"cg_vd_v",66761.2,-1.84218
"cg_vd_v",66761.2,-1.83682
"cg_vd_v",66761.2,-1.81345
"cg_vd_v",66761.2,-1.82431
"cg_vd_v",66761.2,-1.81728
"cg_vd_v",66761.2,-1.83365
"cg_vd_v",66761.2,-1.79596
"cg_vd_v",66761.2,-1.81888
"cg_vd_v",66761.2,-1.80308
"cg_vd_v",66761.2,-1.83672
"cg_vd_v",66761.3,-1.78795
"cg_vd_v",66761.3,-1.80982
"cg_vd_v",66761.3,-1.79344
"cg_vd_v",66761.3,-1.78985
"cg_vd_v",66761.3,-1.78316
"cg_vd_v",66761.3,-1.79678
"cg_vd_v",66761.3,-1.80032
"cg_vd_v",66761.3,-1.80623
"cg_vd_v",66761.3,-1.75559
"cg_vd_v",66761.4,-1.82445
"cg_vd_v",66761.4,-1.75769
"cg_vd_v",66761.4,-1.76705
"cg_vd_v",66761.4,-1.78337
"cg_vd_v",66761.4,-1.76127
"cg_vd_v",66761.4,-1.76352
"cg_vd_v",66761.4,-1.75559
"cg_vd_v",66761.4,-1.76221
"cg_vd_v",66761.4,-1.7641
"cg_vd_v",66761.4,-1.8255
"cg_vd_v",66761.5,-1.74803
"cg_vd_v",66761.5,-1.7653
"cg_vd_v",66761.5,-1.79277
"cg_vd_v",66761.5,-1.7325
"cg_vd_v",66761.5,-1.73008
"cg_vd_v",66761.5,-1.72455
"cg_vd_v",66761.5,-1.73202
"cg_vd_v",66761.5,-1.70993
"cg_vd_v",66761.5,-1.72637
"cg_vd_v",66761.5,-1.70789
"cg_vd_v",66761.6,-1.69933
"cg_vd_v",66761.6,-1.70636
"cg_vd_v",66761.6,-1.69646
"cg_vd_v",66761.6,-1.71531
"cg_vd_v",66761.6,-1.70424
"cg_vd_v",66761.6,-1.72296
"cg_vd_v",66761.6,-1.72345
"cg_vd_v",66761.6,-1.70643
"cg_vd_v",66761.6,-1.71772
"cg_vd_v",66761.6,-1.69005
"cg_vd_v",66761.7,-1.71068
"cg_vd_v",66761.7,-1.71892
"cg_vd_v",66761.7,-1.70011
"cg_vd_v",66761.7,-1.71354
"cg_vd_v",66761.7,-1.72997
"cg_vd_v",66761.7,-1.6757
"cg_vd_v",66761.7,-1.70144
"cg_vd_v",66761.7,-1.6923
"cg_vd_v",66761.7,-1.67466
"cg_vd_v",66761.8,-1.67851
"cg_vd_v",66761.8,-1.71418
"cg_vd_v",66761.8,-1.68752
"cg_vd_v",66761.8,-1.70064
"cg_vd_v",66761.8,-1.70356
"cg_vd_v",66761.8,-1.7841
"cg_vd_v",66761.8,-1.66809
"cg_vd_v",66761.8,-1.68163
"cg_vd_v",66761.8,-1.67142
"cg_vd_v",66761.8,-1.72756
"cg_vd_v",66761.9,-1.73923
"cg_vd_v",66761.9,-1.69739
"cg_vd_v",66761.9,-1.75896
"cg_vd_v",66761.9,-1.71364
"cg_vd_v",66761.9,-1.71805
"cg_vd_v",66761.9,-1.71537
"cg_vd_v",66761.9,-1.76518
"cg_vd_v",66761.9,-1.7518
"cg_vd_v",66761.9,-1.68721
"cg_vd_v",66761.9,-1.74779
"cg_vd_v",66761.9,-1.74487
"cg_vd_v",66762,-1.74182
"cg_vd_v",66762,-1.76117
"cg_vd_v",66762,-1.75648
"cg_vd_v",66762,-1.73596
"cg_vd_v",66762,-1.72437
"cg_vd_v",66762,-1.75849
"cg_vd_v",66762,-1.76276
"cg_vd_v",66762,-1.73157
"cg_vd_v",66762,-1.74133
"cg_vd_v",66762,-1.71866
"cg_vd_v",66762.1,-1.74563
"cg_vd_v",66762.1,-1.74444
"cg_vd_v",66762.1,-1.74411
"cg_vd_v",66762.1,-1.72315
"cg_vd_v",66762.1,-1.74016
"cg_vd_v",66762.1,-1.74811
"cg_vd_v",66762.1,-1.76886
"cg_vd_v",66762.1,-1.73287
"cg_vd_v",66762.1,-1.74893
"cg_vd_v",66762.1,-1.75031
"cg_vd_v",66762.2,-1.76599
"cg_vd_v",66762.2,-1.75035
"cg_vd_v",66762.2,-1.76092
"cg_vd_v",66762.2,-1.75558
"cg_vd_v",66762.2,-1.77728
"cg_vd_v",66762.2,-1.73971
"cg_vd_v",66762.2,-1.7203
"cg_vd_v",66762.2,-1.75686
"cg_vd_v",66762.2,-1.75568
"cg_vd_v",66762.2,-1.76177
"cg_vd_v",66762.3,-1.71722
"cg_vd_v",66762.3,-1.73222
"cg_vd_v",66762.3,-1.72834
"cg_vd_v",66762.3,-1.72197
"cg_vd_v",66762.3,-1.7136
"cg_vd_v",66762.3,-1.74983
"cg_vd_v",66762.3,-1.74971
"cg_vd_v",66762.3,-1.73844
"cg_vd_v",66762.3,-1.75045
"cg_vd_v",66762.3,-1.73053
"cg_vd_v",66762.4,-1.80178
"cg_vd_v",66762.4,-1.73393
"cg_vd_v",66762.4,-1.73068
"cg_vd_v",66762.4,-1.73275
"cg_vd_v",66762.4,-1.72427
"cg_vd_v",66762.4,-1.73215
"cg_vd_v",66762.4,-1.70507
"cg_vd_v",66762.4,-1.73523
"cg_vd_v",66762.4,-1.69835
"cg_vd_v",66762.4,-1.71978
"cg_vd_v",66762.5,-1.74903
"cg_vd_v",66762.5,-1.72459
"cg_vd_v",66762.5,-1.72421
"cg_vd_v",66762.5,-1.71439
"cg_vd_v",66762.5,-1.72688
"cg_vd_v",66762.5,-1.71946
"cg_vd_v",66762.5,-1.73762
"cg_vd_v",66762.5,-1.73857
"cg_vd_v",66762.5,-1.78117
"cg_vd_v",66762.5,-1.76858
"cg_vd_v",66762.6,-1.76469
"cg_vd_v",66762.6,-1.77937
"cg_vd_v",66762.6,-1.76992
"cg_vd_v",66762.6,-1.78228
"cg_vd_v",66762.6,-1.79979
"cg_vd_v",66762.6,-1.7647
"cg_vd_v",66762.6,-1.7691
"cg_vd_v",66762.6,-1.74888
"cg_vd_v",66762.6,-1.75231
"cg_vd_v",66762.6,-1.74488
"cg_vd_v",66762.7,-1.75246
"cg_vd_v",66762.7,-1.8336
"cg_vd_v",66762.7,-1.77676
"cg_vd_v",66762.7,-1.80221
"cg_vd_v",66762.7,-1.76404
"cg_vd_v",66762.7,-1.75978
"cg_vd_v",66762.7,-1.74889
"cg_vd_v",66762.7,-1.7567
"cg_vd_v",66762.7,-1.7979
"cg_vd_v",66762.7,-1.76927
"cg_vd_v",66762.8,-1.76804
"cg_vd_v",66762.8,-1.7487
"cg_vd_v",66762.8,-1.7648
"cg_vd_v",66762.8,-1.77591
"cg_vd_v",66762.8,-1.73297
"cg_vd_v",66762.8,-1.765
"cg_vd_v",66762.8,-1.76618
"cg_vd_v",66762.8,-1.77264
"cg_vd_v",66762.8,-1.72985
"cg_vd_v",66762.8,-1.75107
"cg_vd_v",66762.9,-1.7308
"cg_vd_v",66762.9,-1.71648
"cg_vd_v",66762.9,-1.72936
"cg_vd_v",66762.9,-1.6974
"cg_vd_v",66762.9,-1.7233
"cg_vd_v",66762.9,-1.69593
"cg_vd_v",66762.9,-1.71214
"cg_vd_v",66762.9,-1.70329
"cg_vd_v",66762.9,-1.69757
"cg_vd_v",66762.9,-1.70921
"cg_vd_v",66763,-1.6845
"cg_vd_v",66763,-1.69739
"cg_vd_v",66763,-1.70321
"cg_vd_v",66763,-1.70668
"cg_vq_v",66733.1,-12.6599
"cg_vq_v",66733.1,-13.0264
"cg_vq_v",66733.1,-12.6171
"cg_vq_v",66733.1,-12.8202
"cg_vq_v",66733.1,-12.882
"cg_vq_v",66733.1,-12.8023
"cg_vq_v",66733.1,-12.9106
"cg_vq_v",66733.1,-12.8487
"cg_vq_v",66733.1,-12.8528
"cg_vq_v",66733.1,-12.8887
"cg_vq_v",66733.2,-12.7458
"cg_vq_v",66733.2,-12.8237
"cg_vq_v",66733.2,-12.8041
"cg_vq_v",66733.2,-13.0592
"cg_vq_v",66733.2,-12.8786
"cg_vq_v",66733.2,-12.8859
"cg_vq_v",66733.2,-13.0018
"cg_vq_v",66733.2,-12.9268
"cg_vq_v",66733.2,-13.0497
"cg_vq_v",66733.2,-12.9961
"cg_vq_v",66733.3,-12.9422
"cg_vq_v",66733.3,-13.0729
"cg_vq_v",66733.3,-12.8939
"cg_vq_v",66733.3,-13.0045
"cg_vq_v",66733.3,-12.8694
"cg_vq_v",66733.3,-13.2721
"cg_vq_v",66733.3,-12.8056
"cg_vq_v",66733.3,-13.1416
"cg_vq_v",66733.3,-13.1564
"cg_vq_v",66733.3,-13.1258
"cg_vq_v",66733.4,-13.1483
"cg_vq_v",66733.4,-13.2234
"cg_vq_v",66733.4,-13.1134
"cg_vq_v",66733.4,-13.0513
"cg_vq_v",66733.4,-13.038
"cg_vq_v",66733.4,-13.117
"cg_vq_v",66733.4,-13.1611
"cg_vq_v",66733.4,-13.3942
"cg_vq_v",66733.4,-13.163
"cg_vq_v",66733.4,-13.227
"cg_vq_v",66733.5,-13.1629
"cg_vq_v",66733.5,-13.1595
"cg_vq_v",66733.5,-13.3026
"cg_vq_v",66733.5,-13.3609
"cg_vq_v",66733.5,-13.1903
"cg_vq_v",66733.5,-13.2971
"cg_vq_v",66733.5,-13.1572
"cg_vq_v",66733.5,-13.2777
"cg_vq_v",66733.5,-13.2077
"cg_vq_v",66733.5,-13.3637
"cg_vq_v",66733.6,-13.2976
"cg_vq_v",66733.6,-13.3555
"cg_vq_v",66733.6,-13.3677
"cg_vq_v",66733.6,-13.5327
"cg_vq_v",66733.6,-13.3255
"cg_vq_v",66733.6,-13.391
"cg_vq_v",66733.6,-13.3552
"cg_vq_v",66733.6,-13.3812
"cg_vq_v",66733.6,-13.2708
"cg_vq_v",66733.6,-13.3229
"cg_vq_v",66733.7,-13.6449
"cg_vq_v",66733.7,-13.2112
"cg_vq_v",66733.7,-13.4842
"cg_vq_v",66733.7,-13.543
"cg_vq_v",66733.7,-13.363
"cg_vq_v",66733.7,-13.6837
"cg_vq_v",66733.7,-13.4995
"cg_vq_v",66733.7,-13.5378
"cg_vq_v",66733.7,-13.4505
"cg_vq_v",66733.7,-13.3912
"cg_vq_v",66733.8,-13.4645
"cg_vq_v",66733.8,-13.4444
"cg_vq_v",66733.8,-13.5717
"cg_vq_v",66733.8,-13.5104
"cg_vq_v",66733.8,-13.5236
"cg_vq_v",66733.8,-13.5506
"cg_vq_v",66733.8,-13.8201
"cg_vq_v",66733.8,-13.4763
"cg_vq_v",66733.8,-13.6051
"cg_vq_v",66733.8,-13.7054
"cg_vq_v",66733.9,-13.4155
"cg_vq_v",66733.9,-13.635
"cg_vq_v",66733.9,-13.5955
"cg_vq_v",66733.9,-13.669
"cg_vq_v",66733.9,-13.6223
"cg_vq_v",66733.9,-13.8723
"cg_vq_v",66733.9,-13.4727
"cg_vq_v",66733.9,-13.7757
"cg_vq_v",66733.9,-13.8037
"cg_vq_v",66733.9,-13.586
"cg_vq_v",66734,-13.7884
"cg_vq_v",66734,-13.6974
"cg_vq_v",66734,-13.8322
"cg_vq_v",66734,-13.7245
"cg_vq_v",66734,-13.9498
"cg_vq_v",66734,-13.5253
"cg_vq_v",66734,-13.7833
"cg_vq_v",66734,-13.9459
"cg_vq_v",66734,-13.7512
"cg_vq_v",66734,-13.9028
"cg_vq_v",66734.1,-14.0242
"cg_vq_v",66734.1,-13.8028
"cg_vq_v",66734.1,-13.784
"cg_vq_v",66734.1,-13.9741
"cg_vq_v",66734.1,-13.79
"cg_vq_v",66734.1,-13.9256
"cg_vq_v",66734.1,-13.7807
"cg_vq_v",66734.1,-13.9667
"cg_vq_v",66734.1,-13.9863
"cg_vq_v",66734.1,-13.7896
"cg_vq_v",66734.2,-14.1042
"cg_vq_v",66734.2,-14.0585
"cg_vq_v",66734.2,-13.8263
"cg_vq_v",66734.2,-13.9792
"cg_vq_v",66734.2,-14.0864
"cg_vq_v",66734.2,-13.8681
"cg_vq_v",66734.2,-13.9415
"cg_vq_v",66734.2,-13.988
"cg_vq_v",66734.2,-14.0501
"cg_vq_v",66734.2,-14.0739
"cg_vq_v",66734.2,-13.8892
"cg_vq_v",66734.3,-14.1539
"cg_vq_v",66734.3,-14.1141
"cg_vq_v",66734.3,-13.9108
"cg_vq_v",66734.3,-14.0261
"cg_vq_v",66734.3,-14.152
"cg_vq_v",66734.3,-14.0515
"cg_vq_v",66734.3,-14.1692
"cg_vq_v",66734.3,-13.9306
"cg_vq_v",66734.3,-14.1435
"cg_vq_v",66734.4,-14.2093
"cg_vq_v",66734.4,-14.1971
"cg_vq_v",66734.4,-14.2169
"cg_vq_v",66734.4,-14.1696
"cg_vq_v",66734.4,-14.2024
"cg_vq_v",66734.4,-14.1127
"cg_vq_v",66734.4,-14.0499
"cg_vq_v",66734.4,-14.1567
"cg_vq_v",66734.4,-14.4896
"cg_vq_v",66734.4,-14.179
"cg_vq_v",66734.5,-14.3361
"cg_vq_v",66734.5,-13.9735
"cg_vq_v",66734.5,-14.2677
"cg_vq_v",66734.5,-14.424
"cg_vq_v",66734.5,-14.1891
"cg_vq_v",66734.5,-14.2689
"cg_vq_v",66734.5,-14.1428
"cg_vq_v",66734.5,-14.3121
"cg_vq_v",66734.5,-14.3227
"cg_vq_v",66734.5,-14.317
"cg_vq_v",66734.6,-14.2203
"cg_vq_v",66734.6,-14.4095
"cg_vq_v",66734.6,-14.3521
"cg_vq_v",66734.6,-14.5782
"cg_vq_v",66734.6,-14.3524
"cg_vq_v",66734.6,-14.3487
"cg_vq_v",66734.6,-14.1853
"cg_vq_v",66734.6,-14.3146
"cg_vq_v",66734.6,-14.4115
"cg_vq_v",66734.7,-14.3993
"cg_vq_v",66734.7,-14.4878
"cg_vq_v",66734.7,-14.3385
"cg_vq_v",66734.7,-14.5402
"cg_vq_v",66734.7,-14.4432
"cg_vq_v",66734.7,-14.6416
"cg_vq_v",66734.7,-14.5404
"cg_vq_v",66734.8,-14.3525
"cg_vq_v",66734.8,-14.4278
"cg_vq_v",66734.8,-14.4608
"cg_vq_v",66734.8,-14.4903
"cg_vq_v",66734.8,-14.754
"cg_vq_v",66734.8,-14.5668
"cg_vq_v",66734.9,-14.7669
"cg_vq_v",66734.9,-14.3683
"cg_vq_v",66734.9,-14.5853
"cg_vq_v",66734.9,-14.541
"cg_vq_v",66734.9,-14.6284
"cg_vq_v",66734.9,-14.6849
"cg_vq_v",66734.9,-14.5134
"cg_vq_v",66734.9,-14.5844
"cg_vq_v",66735,-14.4297
"cg_vq_v",66735,-14.7353
"cg_vq_v",66735,-14.9125
"cg_vq_v",66735,-14.7879
"cg_vq_v",66735,-14.5435
"cg_vq_v",66735,-14.6658
"cg_vq_v",66735.1,-14.5969
"cg_vq_v",66735.1,-14.6598
"cg_vq_v",66735.1,-14.8335
"cg_vq_v",66735.1,-15.0667
"cg_vq_v",66735.1,-14.6831
"cg_vq_v",66735.1,-14.7567
"cg_vq_v",66735.1,-14.5891
"cg_vq_v",66735.2,-14.8613
"cg_vq_v",66735.2,-15.1139
"cg_vq_v",66735.2,-14.947
"cg_vq_v",66735.2,-15.0349
"cg_vq_v",66735.2,-14.7903
"cg_vq_v",66735.2,-14.8571
"cg_vq_v",66735.2,-14.7236
"cg_vq_v",66735.2,-14.8989
"cg_vq_v",66735.2,-14.7611
"cg_vq_v",66735.3,-14.9857
"cg_vq_v",66735.3,-14.8149
"cg_vq_v",66735.3,-15.0405
"cg_vq_v",66735.3,-14.9128
"cg_vq_v",66735.3,-15.1484
"cg_vq_v",66735.3,-15.0778
"cg_vq_v",66735.3,-15.0092
"cg_vq_v",66735.3,-15.0103
"cg_vq_v",66735.3,-14.9759
"cg_vq_v",66735.3,-14.9622
"cg_vq_v",66735.3,-15.1324
"cg_vq_v",66735.4,-14.9597
"cg_vq_v",66735.4,-15.0364
"cg_vq_v",66735.4,-15.0466
"cg_vq_v",66735.4,-15.0667
"cg_vq_v",66735.4,-15.1214
"cg_vq_v",66735.4,-14.968
"cg_vq_v",66735.4,-15.0351
"cg_vq_v",66735.4,-15.0005
"cg_vq_v",66735.4,-15.0003
"cg_vq_v",66735.4,-15.1195
"cg_vq_v",66735.4,-15.026
"cg_vq_v",66735.5,-15.1929
"cg_vq_v",66735.5,-15.1146
"cg_vq_v",66735.5,-15.2566
"cg_vq_v",66735.5,-15.2533
"cg_vq_v",66735.5,-15.1734
"cg_vq_v",66735.5,-15.2068
"cg_vq_v",66735.5,-15.1704
"cg_vq_v",66735.5,-15.2182
"cg_vq_v",66735.5,-15.2708
"cg_vq_v",66735.5,-15.1836
"cg_vq_v",66735.5,-15.3968
"cg_vq_v",66735.5,-15.2767
"cg_vq_v",66735.6,-15.3917
"cg_vq_v",66735.6,-15.3504
"cg_vq_v",66735.6,-15.384
"cg_vq_v",66735.6,-15.3253
"cg_vq_v",66735.6,-15.3422
"cg_vq_v",66735.6,-15.2843
"cg_vq_v",66735.6,-15.2923
"cg_vq_v",66735.6,-15.2262
"cg_vq_v",66735.6,-15.5003
"cg_vq_v",66735.6,-15.3013
"cg_vq_v",66735.6,-15.4108
"cg_vq_v",66735.6,-15.3862
"cg_vq_v",66735.7,-15.3532
"cg_vq_v",66735.7,-15.3664
"cg_vq_v",66735.7,-15.3332
"cg_vq_v",66735.7,-15.3171
"cg_vq_v",66735.7,-15.3939
"cg_vq_v",66735.7,-15.3078
"cg_vq_v",66735.7,-15.4739
"cg_vq_v",66735.7,-15.3668
"cg_vq_v",66735.7,-15.4332
"cg_vq_v",66735.7,-15.4382
"cg_vq_v",66735.8,-15.3212
"cg_vq_v",66735.8,-15.3509
"cg_vq_v",66735.8,-15.3327
"cg_vq_v",66735.8,-15.3973
"cg_vq_v",66735.8,-15.6347
"cg_vq_v",66735.8,-15.5554
"cg_vq_v",66735.8,-15.7264
"cg_vq_v",66735.8,-15.605
"cg_vq_v",66735.8,-15.7321
"cg_vq_v",66735.8,-15.5901
"cg_vq_v",66735.8,-15.6048
"cg_vq_v",66735.9,-15.466
"cg_vq_v",66735.9,-15.5399
"cg_vq_v",66735.9,-15.4109
"cg_vq_v",66735.9,-15.6479
"cg_vq_v",66735.9,-15.5312
"cg_vq_v",66735.9,-15.6926
"cg_vq_v",66735.9,-15.5684
"cg_vq_v",66735.9,-15.688
"cg_vq_v",66735.9,-15.6061
"cg_vq_v",66735.9,-15.7145
"cg_vq_v",66735.9,-15.7112
"cg_vq_v",66736,-15.8693
"cg_vq_v",66736,-15.6673
"cg_vq_v",66736,-15.5917
"cg_vq_v",66736,-15.7511
"cg_vq_v",66736,-15.4627
"cg_vq_v",66736,-15.7657
"cg_vq_v",66736,-15.593
"cg_vq_v",66736,-15.6953
"cg_vq_v",66736,-15.6405
"cg_vq_v",66736,-15.8503
"cg_vq_v",66736,-15.8112
"cg_vq_v",66736.1,-15.9248
"cg_vq_v",66736.1,-15.6752
"cg_vq_v",66736.1,-15.7516
"cg_vq_v",66736.1,-15.7357
"cg_vq_v",66736.1,-15.8054
"cg_vq_v",66736.1,-15.8096
"cg_vq_v",66736.1,-15.7878
"cg_vq_v",66736.1,-15.9102
"cg_vq_v",66736.1,-15.9342
"cg_vq_v",66736.1,-15.7593
"cg_vq_v",66736.2,-15.9371
"cg_vq_v",66736.2,-15.7103
"cg_vq_v",66736.2,-15.9465
"cg_vq_v",66736.2,-15.8883
"cg_vq_v",66736.2,-16.0626
"cg_vq_v",66736.2,-16.0001
"cg_vq_v",66736.2,-16.0978
"cg_vq_v",66736.2,-15.9067
"cg_vq_v",66736.2,-15.7019
"cg_vq_v",66736.2,-15.9356
"cg_vq_v",66736.3,-15.6834
"cg_vq_v",66736.3,-16.1497
"cg_vq_v",66736.3,-16.1969
"cg_vq_v",66736.3,-16.1061
"cg_vq_v",66736.3,-16.0044
"cg_vq_v",66736.3,-15.8617
"cg_vq_v",66736.3,-15.8845
"cg_vq_v",66736.3,-15.8619
"cg_vq_v",66736.3,-15.9631
"cg_vq_v",66736.4,-16.3249
"cg_vq_v",66736.4,-15.9004
"cg_vq_v",66736.4,-16.1224
"cg_vq_v",66736.4,-16.0239
"cg_vq_v",66736.4,-16.16
"cg_vq_v",66736.4,-16.1553
"cg_vq_v",66736.4,-16.0771
"cg_vq_v",66736.4,-16.0511
"cg_vq_v",66736.4,-15.7997
"cg_vq_v",66736.4,-16.1679
"cg_vq_v",66736.5,-15.9065
"cg_vq_v",66736.5,-16.3494
"cg_vq_v",66736.5,-16.1031
"cg_vq_v",66736.5,-16.1428
"cg_vq_v",66736.5,-16.1817
"cg_vq_v",66736.5,-16.0115
"cg_vq_v",66736.5,-16.1627
"cg_vq_v",66736.5,-16.3835
"cg_vq_v",66736.5,-16.0025
"cg_vq_v",66736.5,-16.2182
"cg_vq_v",66736.6,-16.0331
"cg_vq_v",66736.6,-16.4301
"cg_vq_v",66736.6,-16.4752
"cg_vq_v",66736.6,-16.0647
"cg_vq_v",66736.6,-16.1717
"cg_vq_v",66736.6,-16.0101
"cg_vq_v",66736.6,-16.3184
"cg_vq_v",66736.6,-16.4891
"cg_vq_v",66736.6,-16.2967
"cg_vq_v",66736.6,-16.177
"cg_vq_v",66736.7,-16.2795
"cg_vq_v",66736.7,-16.3536
"cg_vq_v",66736.7,-16.4241
"cg_vq_v",66736.7,-16.1352
"cg_vq_v",66736.7,-16.2569
"cg_vq_v",66736.7,-16.1991
"cg_vq_v",66736.7,-16.3729
"cg_vq_v",66736.7,-16.2844
"cg_vq_v",66736.7,-16.0872
"cg_vq_v",66736.7,-16.5023
"cg_vq_v",66736.8,-16.3692
"cg_vq_v",66736.8,-16.4751
"cg_vq_v",66736.8,-16.4151
"cg_vq_v",66736.8,-16.4001
"cg_vq_v",66736.8,-16.35
"cg_vq_v",66736.8,-16.2828
"cg_vq_v",66736.8,-16.1045
"cg_vq_v",66736.8,-16.2541
"cg_vq_v",66736.8,-16.2013
"cg_vq_v",66736.8,-16.1347
"cg_vq_v",66736.9,-16.0926
"cg_vq_v",66736.9,-15.8862
"cg_vq_v",66736.9,-16.1155
"cg_vq_v",66736.9,-15.9086
"cg_vq_v",66736.9,-15.7481
"cg_vq_v",66736.9,-16.232
"cg_vq_v",66736.9,-16.7222
"cg_vq_v",66736.9,-17.0078
"cg_vq_v",66736.9,-17.6177
"cg_vq_v",66736.9,-17.8179
"cg_vq_v",66737,-18.2531
"cg_vq_v",66737,-18.5732
"cg_vq_v",66737,-18.9199
"cg_vq_v",66737,-19.2456
"cg_vq_v",66737,-19.5742
"cg_vq_v",66737,-19.9203
"cg_vq_v",66737,-20.0766
"cg_vq_v",66737,-20.5222
"cg_vq_v",66737,-20.6277
"cg_vq_v",66737,-21.0373
"cg_vq_v",66737.1,-21.1842
"cg_vq_v",66737.1,-21.407
"cg_vq_v",66737.1,-21.636
"cg_vq_v",66737.1,-21.9013
"cg_vq_v",66737.1,-21.9826
"cg_vq_v",66737.1,-22.3186
"cg_vq_v",66737.1,-22.3062
"cg_vq_v",66737.1,-22.6087
"cg_vq_v",66737.1,-22.6205
"cg_vq_v",66737.1,-22.8069
"cg_vq_v",66737.1,-22.9264
"cg_vq_v",66737.2,-23.0136
"cg_vq_v",66737.2,-23.0837
"cg_vq_v",66737.2,-23.1915
"cg_vq_v",66737.2,-23.2501
"cg_vq_v",66737.2,-23.237
"cg_vq_v",66737.2,-23.3802
"cg_vq_v",66737.2,-23.3354
"cg_vq_v",66737.2,-23.3708
"cg_vq_v",66737.2,-23.2838
"cg_vq_v",66737.2,-23.3455
"cg_vq_v",66737.3,-23.3213
"cg_vq_v",66737.3,-23.3289
"cg_vq_v",66737.3,-23.2895
"cg_vq_v",66737.3,-23.3882
"cg_vq_v",66737.3,-23.2488
"cg_vq_v",66737.3,-23.4605
"cg_vq_v",66737.3,-23.2613
"cg_vq_v",66737.3,-23.3736
"cg_vq_v",66737.3,-23.2868
"cg_vq_v",66737.4,-23.3124
"cg_vq_v",66737.4,-23.3108
"cg_vq_v",66737.4,-23.3499
"cg_vq_v",66737.4,-23.2737
"cg_vq_v",66737.4,-23.4348
"cg_vq_v",66737.4,-23.175
"cg_vq_v",66737.4,-23.4409
"cg_vq_v",66737.4,-23.2596
"cg_vq_v",66737.4,-23.3772
"cg_vq_v",66737.4,-23.2793
"cg_vq_v",66737.5,-23.3149
"cg_vq_v",66737.5,-23.3206
"cg_vq_v",66737.5,-23.2922
"cg_vq_v",66737.5,-23.2389
"cg_vq_v",66737.5,-23.3888
"cg_vq_v",66737.5,-23.1988
"cg_vq_v",66737.5,-23.3891
"cg_vq_v",66737.5,-23.2587
"cg_vq_v",66737.5,-23.3822
"cg_vq_v",66737.5,-23.2627
"cg_vq_v",66737.5,-23.2001
"cg_vq_v",66737.6,-23.2638
"cg_vq_v",66737.6,-23.2358
"cg_vq_v",66737.6,-23.2258
"cg_vq_v",66737.6,-23.2086
"cg_vq_v",66737.6,-23.2442
"cg_vq_v",66737.6,-23.1472
"cg_vq_v",66737.6,-23.263
"cg_vq_v",66737.6,-23.1475
"cg_vq_v",66737.6,-23.2104
"cg_vq_v",66737.6,-23.1531
"cg_vq_v",66737.7,-23.1738
"cg_vq_v",66737.7,-23.1669
"cg_vq_v",66737.7,-23.1957
"cg_vq_v",66737.7,-23.0773
"cg_vq_v",66737.7,-23.2659
"cg_vq_v",66737.7,-23.0064
"cg_vq_v",66737.7,-23.2389
"cg_vq_v",66737.7,-22.9668
"cg_vq_v",66737.7,-23.1923
"cg_vq_v",66737.8,-23.0874
"cg_vq_v",66737.8,-23.0842
"cg_vq_v",66737.8,-23.0958
"cg_vq_v",66737.8,-23.0727
"cg_vq_v",66737.8,-23.0705
"cg_vq_v",66737.8,-23.0003
"cg_vq_v",66737.8,-23.1534
"cg_vq_v",66737.8,-22.9169
"cg_vq_v",66737.8,-23.1111
"cg_vq_v",66737.8,-22.9093
"cg_vq_v",66737.9,-23.0719
"cg_vq_v",66737.9,-22.9372
"cg_vq_v",66737.9,-22.9251
"cg_vq_v",66737.9,-22.9837
"cg_vq_v",66737.9,-22.9097
"cg_vq_v",66737.9,-22.916
"cg_vq_v",66737.9,-22.9753
"cg_vq_v",66737.9,-22.9259
"cg_vq_v",66737.9,-22.8396
"cg_vq_v",66737.9,-23.0006
"cg_vq_v",66738,-22.8234
"cg_vq_v",66738,-22.9775
"cg_vq_v",66738,-22.8594
"cg_vq_v",66738,-22.8793
"cg_vq_v",66738,-22.8535
"cg_vq_v",66738,-22.8723
"cg_vq_v",66738,-22.8372
"cg_vq_v",66738,-22.8096
"cg_vq_v",66738,-22.9078
"cg_vq_v",66738,-22.7118
"cg_vq_v",66738.1,-22.9206
"cg_vq_v",66738.1,-22.6546
"cg_vq_v",66738.1,-22.8293
"cg_vq_v",66738.1,-22.7331
"cg_vq_v",66738.1,-22.7396
"cg_vq_v",66738.1,-22.7363
"cg_vq_v",66738.1,-22.7344
"cg_vq_v",66738.1,-22.7313
"cg_vq_v",66738.1,-22.6369
"cg_vq_v",66738.1,-22.7974
"cg_vq_v",66738.2,-22.5337
"cg_vq_v",66738.2,-22.7357
"cg_vq_v",66738.2,-22.565
"cg_vq_v",66738.2,-22.6899
"cg_vq_v",66738.2,-22.6396
"cg_vq_v",66738.2,-22.5596
"cg_vq_v",66738.2,-22.6261
"cg_vq_v",66738.2,-22.522
"cg_vq_v",66738.2,-22.5066
"cg_vq_v",66738.2,-22.4442
"cg_vq_v",66738.3,-22.5766
"cg_vq_v",66738.3,-22.4628
"cg_vq_v",66738.3,-22.441
"cg_vq_v",66738.3,-22.5605
"cg_vq_v",66738.3,-22.3649
"cg_vq_v",66738.3,-22.5248
"cg_vq_v",66738.3,-22.4308
"cg_vq_v",66738.3,-22.4548
"cg_vq_v",66738.3,-22.4571
"cg_vq_v",66738.3,-22.3895
"cg_vq_v",66738.4,-22.4358
"cg_vq_v",66738.4,-22.3361
"cg_vq_v",66738.4,-22.486
"cg_vq_v",66738.4,-22.2338
"cg_vq_v",66738.4,-22.3843
"cg_vq_v",66738.4,-22.3727
"cg_vq_v",66738.4,-22.2427
"cg_vq_v",66738.4,-22.346
"cg_vq_v",66738.4,-22.2482
"cg_vq_v",66738.4,-22.2429
"cg_vq_v",66738.5,-22.2073
"cg_vq_v",66738.5,-22.1865
"cg_vq_v",66738.5,-22.2714
"cg_vq_v",66738.5,-22.1045
"cg_vq_v",66738.5,-22.2837
"cg_vq_v",66738.5,-22.073
"cg_vq_v",66738.5,-22.1393
"cg_vq_v",66738.5,-22.1951
"cg_vq_v",66738.5,-22.0357
"cg_vq_v",66738.5,-22.1602
"cg_vq_v",66738.6,-22.0337
"cg_vq_v",66738.6,-22.0501
"cg_vq_v",66738.6,-22.0761
"cg_vq_v",66738.6,-21.992
"cg_vq_v",66738.6,-22.1029
"cg_vq_v",66738.6,-21.9542
"cg_vq_v",66738.6,-22.1094
"cg_vq_v",66738.6,-22.0214
"cg_vq_v",66738.6,-21.8913
"cg_vq_v",66738.6,-22.0887
"cg_vq_v",66738.7,-21.8415
"cg_vq_v",66738.7,-21.939
"cg_vq_v",66738.7,-21.947
"cg_vq_v",66738.7,-21.8383
"cg_vq_v",66738.7,-21.8966
"cg_vq_v",66738.7,-21.838
"cg_vq_v",66738.7,-21.8768
"cg_vq_v",66738.7,-21.8226
"cg_vq_v",66738.7,-21.7405
"cg_vq_v",66738.7,-21.9194
"cg_vq_v",66738.8,-21.6862
"cg_vq_v",66738.8,-21.7746
"cg_vq_v",66738.8,-21.8567
"cg_vq_v",66738.8,-21.6033
"cg_vq_v",66738.8,-21.7714
"cg_vq_v",66738.8,-21.6896
"cg_vq_v",66738.8,-21.6
"cg_vq_v",66738.8,-21.6616
"cg_vq_v",66738.8,-21.6427
"cg_vq_v",66738.8,-21.6452
"cg_vq_v",66738.9,-21.6532
"cg_vq_v",66738.9,-21.5263
"cg_vq_v",66738.9,-21.6927
"cg_vq_v",66738.9,-21.3857
"cg_vq_v",66738.9,-21.5334
"cg_vq_v",66738.9,-21.5708
"cg_vq_v",66738.9,-21.406
"cg_vq_v",66738.9,-21.5657
"cg_vq_v",66738.9,-21.4623
"cg_vq_v",66739,-21.422
"cg_vq_v",66739,-21.4792
"cg_vq_v",66739,-21.4042
"cg_vq_v",66739,-21.4321
"cg_vq_v",66739,-21.426
"cg_vq_v",66739,-21.3179
"cg_vq_v",66739,-21.4561
"cg_vq_v",66739,-21.3557
"cg_vq_v",66739,-21.269
"cg_vq_v",66739,-21.4782
"cg_vq_v",66739.1,-21.1874
"cg_vq_v",66739.1,-21.3026
"cg_vq_v",66739.1,-21.3062
"cg_vq_v",66739.1,-21.2427
"cg_vq_v",66739.1,-21.2313
"cg_vq_v",66739.1,-21.2706
"cg_vq_v",66739.1,-21.1478
"cg_vq_v",66739.1,-21.2019
"cg_vq_v",66739.1,-21.0487
"cg_vq_v",66739.1,-21.1069
"cg_vq_v",66739.1,-21.2364
"cg_vq_v",66739.2,-20.9636
"cg_vq_v",66739.2,-21.1127
"cg_vq_v",66739.2,-21.0942
"cg_vq_v",66739.2,-20.931
"cg_vq_v",66739.2,-21.1195
"cg_vq_v",66739.2,-21.0117
"cg_vq_v",66739.2,-20.9696
"cg_vq_v",66739.2,-20.989
"cg_vq_v",66739.2,-21.0238
"cg_vq_v",66739.2,-20.951
"cg_vq_v",66739.3,-20.9929
"cg_vq_v",66739.3,-20.8447
"cg_vq_v",66739.3,-20.9037
"cg_vq_v",66739.3,-20.9764
"cg_vq_v",66739.3,-20.7268
"cg_vq_v",66739.3,-20.8677
"cg_vq_v",66739.3,-20.9331
"cg_vq_v",66739.3,-20.7063
"cg_vq_v",66739.3,-20.8623
"cg_vq_v",66739.4,-20.8045
"cg_vq_v",66739.4,-20.7351
"cg_vq_v",66739.4,-20.7207
"cg_vq_v",66739.4,-20.7609
"cg_vq_v",66739.4,-20.6616
"cg_vq_v",66739.4,-20.7388
"cg_vq_v",66739.4,-20.6333
"cg_vq_v",66739.4,-20.6037
"cg_vq_v",66739.4,-20.7145
"cg_vq_v",66739.4,-20.5849
"cg_vq_v",66739.5,-20.4728
"cg_vq_v",66739.5,-20.7216
"cg_vq_v",66739.5,-20.4764
"cg_vq_v",66739.5,-20.483
"cg_vq_v",66739.5,-20.5887
"cg_vq_v",66739.5,-20.4752
"cg_vq_v",66739.5,-20.4516
"cg_vq_v",66739.5,-20.4731
"cg_vq_v",66739.5,-20.4387
"cg_vq_v",66739.5,-20.4388
"cg_vq_v",66739.6,-20.5137
"cg_vq_v",66739.6,-20.3305
"cg_vq_v",66739.6,-20.3156
"cg_vq_v",66739.6,-20.5194
"cg_vq_v",66739.6,-20.2461
"cg_vq_v",66739.6,-20.2824
"cg_vq_v",66739.6,-20.4456
"cg_vq_v",66739.6,-20.2633
"cg_vq_v",66739.6,-20.1825
"cg_vq_v",66739.6,-20.3504
"cg_vq_v",66739.6,-20.2776
"cg_vq_v",66739.7,-20.2148
"cg_vq_v",66739.7,-20.2329
"cg_vq_v",66739.7,-20.2991
"cg_vq_v",66739.7,-20.1596
"cg_vq_v",66739.7,-20.2443
"cg_vq_v",66739.7,-20.1629
"cg_vq_v",66739.7,-20.101
"cg_vq_v",66739.7,-20.2583
"cg_vq_v",66739.7,-20.1291
"cg_vq_v",66739.8,-19.9336
"cg_vq_v",66739.8,-20.1995
"cg_vq_v",66739.8,-20.1206
"cg_vq_v",66739.8,-19.9344
"cg_vq_v",66739.8,-20.0231
"cg_vq_v",66739.8,-20.0592
"cg_vq_v",66739.8,-19.9888
"cg_vq_v",66739.8,-19.9499
"cg_vq_v",66739.8,-19.9874
"cg_vq_v",66739.8,-19.9641
"cg_vq_v",66739.9,-19.9085
"cg_vq_v",66739.9,-19.979
"cg_vq_v",66739.9,-19.845
"cg_vq_v",66739.9,-19.8209
"cg_vq_v",66739.9,-19.9603
"cg_vq_v",66739.9,-19.8655
"cg_vq_v",66739.9,-19.7087
"cg_vq_v",66739.9,-19.8724
"cg_vq_v",66739.9,-19.8036
"cg_vq_v",66739.9,-19.6789
"cg_vq_v",66740,-19.7758
"cg_vq_v",66740,-19.8292
"cg_vq_v",66740,-19.6746
"cg_vq_v",66740,-19.686
"cg_vq_v",66740,-19.6771
"cg_vq_v",66740,-19.6714
"cg_vq_v",66740,-19.6363
"cg_vq_v",66740,-19.6771
"cg_vq_v",66740,-19.5892
"cg_vq_v",66740,-19.5173
"cg_vq_v",66740.1,-19.5821
"cg_vq_v",66740.1,-19.6592
"cg_vq_v",66740.1,-19.3684
"cg_vq_v",66740.1,-19.5146
"cg_vq_v",66740.1,-19.6178
"cg_vq_v",66740.1,-19.4489
"cg_vq_v",66740.1,-19.3785
"cg_vq_v",66740.1,-19.5019
"cg_vq_v",66740.1,-19.4429
"cg_vq_v",66740.1,-19.4045
"cg_vq_v",66740.1,-19.4158
"cg_vq_v",66740.2,-19.3925
"cg_vq_v",66740.2,-19.3129
"cg_vq_v",66740.2,-19.3361
"cg_vq_v",66740.2,-19.3634
"cg_vq_v",66740.2,-19.3295
"cg_vq_v",66740.2,-19.206
"cg_vq_v",66740.2,-19.3091
"cg_vq_v",66740.2,-19.3619
"cg_vq_v",66740.2,-19.1831
"cg_vq_v",66740.2,-19.1488
"cg_vq_v",66740.3,-19.3741
"cg_vq_v",66740.3,-19.2534
"cg_vq_v",66740.3,-19.077
"cg_vq_v",66740.3,-19.1703
"cg_vq_v",66740.3,-19.2142
"cg_vq_v",66740.3,-19.03
"cg_vq_v",66740.3,-19.0831
"cg_vq_v",66740.3,-19.0167
"cg_vq_v",66740.3,-19.0765
"cg_vq_v",66740.4,-19.0136
"cg_vq_v",66740.4,-19.1202
"cg_vq_v",66740.4,-19.0463
"cg_vq_v",66740.4,-18.9797
"cg_vq_v",66740.4,-18.872
"cg_vq_v",66740.4,-19.0678
"cg_vq_v",66740.4,-19.0054
"cg_vq_v",66740.4,-18.7983
"cg_vq_v",66740.4,-18.8773
"cg_vq_v",66740.4,-19.035
"cg_vq_v",66740.5,-18.9137
"cg_vq_v",66740.5,-18.7741
"cg_vq_v",66740.5,-18.8429
"cg_vq_v",66740.5,-18.8963
"cg_vq_v",66740.5,-18.8319
"cg_vq_v",66740.5,-18.7579
"cg_vq_v",66740.5,-18.7855
"cg_vq_v",66740.5,-18.7884
"cg_vq_v",66740.5,-18.7448
"cg_vq_v",66740.5,-18.7274
"cg_vq_v",66740.6,-18.7041
"cg_vq_v",66740.6,-18.75
"cg_vq_v",66740.6,-18.5739
"cg_vq_v",66740.6,-18.6265
"cg_vq_v",66740.6,-18.7256
"cg_vq_v",66740.6,-18.6501
"cg_vq_v",66740.6,-18.4601
"cg_vq_v",66740.6,-18.556
"cg_vq_v",66740.6,-18.7118
"cg_vq_v",66740.6,-18.5707
"cg_vq_v",66740.7,-18.4209
"cg_vq_v",66740.7,-18.5212
"cg_vq_v",66740.7,-18.5234
"cg_vq_v",66740.7,-18.4949
"cg_vq_v",66740.7,-18.4299
"cg_vq_v",66740.7,-18.4466
"cg_vq_v",66740.7,-18.4253
"cg_vq_v",66740.7,-18.4145
"cg_vq_v",66740.7,-18.3632
"cg_vq_v",66740.8,-18.4072
"cg_vq_v",66740.8,-18.4023
"cg_vq_v",66740.8,-18.3576
"cg_vq_v",66740.8,-18.2417
"cg_vq_v",66740.8,-18.4126
"cg_vq_v",66740.8,-18.4082
"cg_vq_v",66740.8,-18.2058
"cg_vq_v",66740.8,-18.1031
"cg_vq_v",66740.8,-18.3243
"cg_vq_v",66740.8,-18.3754
"cg_vq_v",66740.8,-18.1898
"cg_vq_v",66740.9,-18.0839
"cg_vq_v",66740.9,-18.2627
"cg_vq_v",66740.9,-18.2413
"cg_vq_v",66740.9,-18.1229
"cg_vq_v",66740.9,-18.0698
"cg_vq_v",66740.9,-18.1153
"cg_vq_v",66740.9,-18.0988
"cg_vq_v",66740.9,-18.0845
"cg_vq_v",66740.9,-18.006
"cg_vq_v",66740.9,-18.0238
"cg_vq_v",66741,-18.0801
"cg_vq_v",66741,-18.0353
"cg_vq_v",66741,-17.9476
"cg_vq_v",66741,-17.9273
"cg_vq_v",66741,-18.0556
"cg_vq_v",66741,-18.0524
"cg_vq_v",66741,-17.7712
"cg_vq_v",66741,-17.782
"cg_vq_v",66741,-17.9386
"cg_vq_v",66741,-18.0141
"cg_vq_v",66741.1,-17.8023
"cg_vq_v",66741.1,-17.7185
"cg_vq_v",66741.1,-17.867
"cg_vq_v",66741.1,-17.855
"cg_vq_v",66741.1,-17.7939
"cg_vq_v",66741.1,-17.7313
"cg_vq_v",66741.1,-17.6906
"cg_vq_v",66741.1,-17.7236
"cg_vq_v",66741.1,-17.7266
"cg_vq_v",66741.1,-17.7106
"cg_vq_v",66741.2,-17.6699
"cg_vq_v",66741.2,-17.7052
"cg_vq_v",66741.2,-17.7072
"cg_vq_v",66741.2,-17.6441
"cg_vq_v",66741.2,-17.4854
"cg_vq_v",66741.2,-17.5487
"cg_vq_v",66741.2,-17.7008
"cg_vq_v",66741.2,-17.6188
"cg_vq_v",66741.2,-17.3718
"cg_vq_v",66741.2,-17.36
"cg_vq_v",66741.3,-17.531
"cg_vq_v",66741.3,-17.6236
"cg_vq_v",66741.3,-17.4164
"cg_vq_v",66741.3,-17.3168
"cg_vq_v",66741.3,-17.3648
"cg_vq_v",66741.3,-17.483
"cg_vq_v",66741.3,-17.4297
"cg_vq_v",66741.3,-17.3475
"cg_vq_v",66741.3,-17.3172
"cg_vq_v",66741.3,-17.3503
"cg_vq_v",66741.4,-17.2984
"cg_vq_v",66741.4,-17.2963
"cg_vq_v",66741.4,-17.3058
"cg_vq_v",66741.4,-17.2262
"cg_vq_v",66741.4,-17.2806
"cg_vq_v",66741.4,-17.303
"cg_vq_v",66741.4,-17.1575
"cg_vq_v",66741.4,-17.0975
"cg_vq_v",66741.4,-17.1127
"cg_vq_v",66741.4,-17.2754
"cg_vq_v",66741.5,-17.2731
"cg_vq_v",66741.5,-17.0845
"cg_vq_v",66741.5,-16.922
"cg_vq_v",66741.5,-17.083
"cg_vq_v",66741.5,-17.1843
"cg_vq_v",66741.5,-17.2099
"cg_vq_v",66741.5,-16.9757
"cg_vq_v",66741.5,-16.8697
"cg_vq_v",66741.5,-16.975
"cg_vq_v",66741.5,-17.0697
"cg_vq_v",66741.6,-17
"cg_vq_v",66741.6,-16.9342
"cg_vq_v",66741.6,-16.9026
"cg_vq_v",66741.6,-16.8875
"cg_vq_v",66741.6,-16.8872
"cg_vq_v",66741.6,-16.8988
"cg_vq_v",66741.6,-16.8066
"cg_vq_v",66741.6,-16.82
"cg_vq_v",66741.6,-16.7902
"cg_vq_v",66741.6,-16.8367
"cg_vq_v",66741.7,-16.8208
"cg_vq_v",66741.7,-16.7113
"cg_vq_v",66741.7,-16.6203
"cg_vq_v",66741.7,-16.6972
"cg_vq_v",66741.7,-16.821
"cg_vq_v",66741.7,-16.8421
"cg_vq_v",66741.7,-16.6544
"cg_vq_v",66741.7,-16.5275
"cg_vq_v",66741.7,-16.5428
"cg_vq_v",66741.8,-16.7401
"cg_vq_v",66741.8,-16.7867
"cg_vq_v",66741.8,-16.6437
"cg_vq_v",66741.8,-16.446
"cg_vq_v",66741.8,-16.4654
"cg_vq_v",66741.8,-16.5274
"cg_vq_v",66741.8,-16.6128
"cg_vq_v",66741.8,-16.5301
"cg_vq_v",66741.8,-16.5664
"cg_vq_v",66741.8,-16.4144
"cg_vq_v",66741.9,-16.4287
"cg_vq_v",66741.9,-16.4393
"cg_vq_v",66741.9,-16.4264
"cg_vq_v",66741.9,-16.4092
"cg_vq_v",66741.9,-16.3768
"cg_vq_v",66741.9,-16.2949
"cg_vq_v",66741.9,-16.3438
"cg_vq_v",66741.9,-16.3226
"cg_vq_v",66741.9,-16.3571
"cg_vq_v",66741.9,-16.1939
"cg_vq_v",66741.9,-16.1869
"cg_vq_v",66742,-16.2148
"cg_vq_v",66742,-16.3264
"cg_vq_v",66742,-16.4025
"cg_vq_v",66742,-16.2136
"cg_vq_v",66742,-16.0471
"cg_vq_v",66742,-16.0082
"cg_vq_v",66742,-16.1175
"cg_vq_v",66742,-16.3269
"cg_vq_v",66742,-16.2777
"cg_vq_v",66742,-16.1919
"cg_vq_v",66742.1,-15.998
"cg_vq_v",66742.1,-15.9891
"cg_vq_v",66742.1,-16.0663
"cg_vq_v",66742.1,-16.0956
"cg_vq_v",66742.1,-16.0844
"cg_vq_v",66742.1,-16.0164
"cg_vq_v",66742.1,-15.9669
"cg_vq_v",66742.1,-15.9425
"cg_vq_v",66742.1,-15.9179
"cg_vq_v",66742.1,-15.9876
"cg_vq_v",66742.2,-15.9466
"cg_vq_v",66742.2,-15.9504
"cg_vq_v",66742.2,-15.851
"cg_vq_v",66742.2,-15.8589
"cg_vq_v",66742.2,-15.8611
"cg_vq_v",66742.2,-15.9468
"cg_vq_v",66742.2,-15.9687
"cg_vq_v",66742.2,-15.8338
"cg_vq_v",66742.2,-15.689
"cg_vq_v",66742.2,-15.6729
"cg_vq_v",66742.3,-15.7503
"cg_vq_v",66742.3,-15.8999
"cg_vq_v",66742.3,-15.9332
"cg_vq_v",66742.3,-15.8241
"cg_vq_v",66742.3,-15.5899
"cg_vq_v",66742.3,-15.5076
"cg_vq_v",66742.3,-15.5533
"cg_vq_v",66742.3,-15.7458
"cg_vq_v",66742.3,-15.8399
"cg_vq_v",66742.3,-15.7499
"cg_vq_v",66742.4,-15.5975
"cg_vq_v",66742.4,-15.4956
"cg_vq_v",66742.4,-15.4547
"cg_vq_v",66742.4,-15.5707
"cg_vq_v",66742.4,-15.5919
"cg_vq_v",66742.4,-15.6358
"cg_vq_v",66742.4,-15.5711
"cg_vq_v",66742.4,-15.5123
"cg_vq_v",66742.4,-15.4951
"cg_vq_v",66742.4,-15.4548
"cg_vq_v",66742.5,-15.4567
"cg_vq_v",66742.5,-15.4508
"cg_vq_v",66742.5,-15.4651
"cg_vq_v",66742.5,-15.4725
"cg_vq_v",66742.5,-15.3837
"cg_vq_v",66742.5,-15.3859
"cg_vq_v",66742.5,-15.3263
"cg_vq_v",66742.5,-15.3771
"cg_vq_v",66742.5,-15.4033
"cg_vq_v",66742.5,-15.4284
"cg_vq_v",66742.6,-15.3282
"cg_vq_v",66742.6,-15.1978
"cg_vq_v",66742.6,-15.1598
"cg_vq_v",66742.6,-15.2038
"cg_vq_v",66742.6,-15.316
"cg_vq_v",66742.6,-15.4306
"cg_vq_v",66742.6,-15.4191
"cg_vq_v",66742.6,-15.3165
"cg_vq_v",66742.6,-15.0907
"cg_vq_v",66742.6,-14.9983
"cg_vq_v",66742.7,-15.0538
"cg_vq_v",66742.7,-15.1641
"cg_vq_v",66742.7,-15.3391
"cg_vq_v",66742.7,-15.3582
"cg_vq_v",66742.7,-15.2427
"cg_vq_v",66742.7,-15.0981
"cg_vq_v",66742.7,-14.9385
"cg_vq_v",66742.7,-14.9763
"cg_vq_v",66742.7,-15.012
"cg_vq_v",66742.7,-15.1365
"cg_vq_v",66742.8,-15.1579
"cg_vq_v",66742.8,-15.0918
"cg_vq_v",66742.8,-15.0686
"cg_vq_v",66742.8,-15.1274
"cg_vq_v",66742.8,-14.9491
"cg_vq_v",66742.8,-14.9319
"cg_vq_v",66742.8,-14.9317
"cg_vq_v",66742.8,-14.9146
"cg_vq_v",66742.8,-14.9516
"cg_vq_v",66742.8,-14.9528
"cg_vq_v",66742.9,-14.9614
"cg_vq_v",66742.9,-14.8802
"cg_vq_v",66742.9,-14.8614
"cg_vq_v",66742.9,-14.851
"cg_vq_v",66742.9,-14.8372
"cg_vq_v",66742.9,-14.8862
"cg_vq_v",66742.9,-14.9067
"cg_vq_v",66742.9,-14.8923
"cg_vq_v",66742.9,-14.8025
"cg_vq_v",66742.9,-14.6213
"cg_vq_v",66742.9,-14.591
"cg_vq_v",66743,-14.612
"cg_vq_v",66743,-14.6779
"cg_vq_v",66743,-14.8028
"cg_vq_v",66743,-14.8684
"cg_vq_v",66743,-14.8662
"cg_vq_v",66743,-14.7355
"cg_vq_v",66743,-14.5472
"cg_vq_v",66743,-14.4013
"cg_vq_v",66743,-14.357
"cg_vq_v",66743,-14.4494
"cg_vq_v",66743.1,-14.6187
"cg_vq_v",66743.1,-14.7217
"cg_vq_v",66743.1,-14.7897
"cg_vq_v",66743.1,-14.7207
"cg_vq_v",66743.1,-14.5744
"cg_vq_v",66743.1,-14.4879
"cg_vq_v",66743.1,-14.3475
"cg_vq_v",66743.1,-14.3889
"cg_vq_v",66743.1,-14.3703
"cg_vq_v",66743.1,-14.4114
"cg_vq_v",66743.2,-14.5151
"cg_vq_v",66743.2,-14.5216
"cg_vq_v",66743.2,-14.5232
"cg_vq_v",66743.2,-14.4427
"cg_vq_v",66743.2,-14.4098
"cg_vq_v",66743.2,-14.3249
"cg_vq_v",66743.2,-14.3192
"cg_vq_v",66743.2,-14.2819
"cg_vq_v",66743.2,-14.3066
"cg_vq_v",66743.2,-14.3109
"cg_vq_v",66743.3,-14.3345
"cg_vq_v",66743.3,-14.2974
"cg_vq_v",66743.3,-14.283
"cg_vq_v",66743.3,-14.3078
"cg_vq_v",66743.3,-14.2562
"cg_vq_v",66743.3,-14.1985
"cg_vq_v",66743.3,-14.173
"cg_vq_v",66743.3,-14.1931
"cg_vq_v",66743.3,-14.2352
"cg_vq_v",66743.3,-14.1965
"cg_vq_v",66743.4,-14.2655
"cg_vq_v",66743.4,-14.2589
"cg_vq_v",66743.4,-14.2366
"cg_vq_v",66743.4,-14.0839
"cg_vq_v",66743.4,-14.0302
"cg_vq_v",66743.4,-13.9231
"cg_vq_v",66743.4,-13.9069
"cg_vq_v",66743.4,-13.9481
"cg_vq_v",66743.4,-14.0626
"cg_vq_v",66743.4,-14.1394
"cg_vq_v",66743.5,-14.2737
"cg_vq_v",66743.5,-14.257
"cg_vq_v",66743.5,-14.1869
"cg_vq_v",66743.5,-14.0654
"cg_vq_v",66743.5,-13.8797
"cg_vq_v",66743.5,-13.7319
"cg_vq_v",66743.5,-13.6717
"cg_vq_v",66743.5,-13.6606
"cg_vq_v",66743.5,-13.7485
"cg_vq_v",66743.5,-13.8105
"cg_vq_v",66743.6,-14.0198
"cg_vq_v",66743.6,-14.0672
"cg_vq_v",66743.6,-14.1293
"cg_vq_v",66743.6,-14.0171
"cg_vq_v",66743.6,-13.9408
"cg_vq_v",66743.6,-13.7891
"cg_vq_v",66743.6,-13.6938
"cg_vq_v",66743.6,-13.5536
"cg_vq_v",66743.6,-13.5595
"cg_vq_v",66743.6,-13.5967
"cg_vq_v",66743.7,-13.6721
"cg_vq_v",66743.7,-13.6727
"cg_vq_v",66743.7,-13.7953
"cg_vq_v",66743.7,-13.7939
"cg_vq_v",66743.7,-13.8067
"cg_vq_v",66743.7,-13.7385
"cg_vq_v",66743.7,-13.7565
"cg_vq_v",66743.7,-13.6679
"cg_vq_v",66743.7,-13.587
"cg_vq_v",66743.7,-13.5485
"cg_vq_v",66743.8,-13.5425
"cg_vq_v",66743.8,-13.4822
"cg_vq_v",66743.8,-13.533
"cg_vq_v",66743.8,-13.5174
"cg_vq_v",66743.8,-13.4663
"cg_vq_v",66743.8,-13.4939
"cg_vq_v",66743.8,-13.5068
"cg_vq_v",66743.8,-13.4866
"cg_vq_v",66743.8,-13.5007
"cg_vq_v",66743.8,-13.4942
"cg_vq_v",66743.9,-13.4563
"cg_vq_v",66743.9,-13.4131
"cg_vq_v",66743.9,-13.3574
"cg_vq_v",66743.9,-13.3488
"cg_vq_v",66743.9,-13.3691
"cg_vq_v",66743.9,-13.3404
"cg_vq_v",66743.9,-13.3601
"cg_vq_v",66743.9,-13.3803
"cg_vq_v",66743.9,-13.4065
"cg_vq_v",66743.9,-13.4267
"cg_vq_v",66744,-13.4555
"cg_vq_v",66744,-13.4189
"cg_vq_v",66744,-13.3788
"cg_vq_v",66744,-13.2891
"cg_vq_v",66744,-13.1742
"cg_vq_v",66744,-13.0884
"cg_vq_v",66744,-13.0004
"cg_vq_v",66744,-12.9284
"cg_vq_v",66744,-12.9455
"cg_vq_v",66744,-12.9451
"cg_vq_v",66744.1,-13.0433
"cg_vq_v",66744.1,-13.1658
"cg_vq_v",66744.1,-13.3234
"cg_vq_v",66744.1,-13.3671
"cg_vq_v",66744.1,-13.4629
"cg_vq_v",66744.1,-13.4905
"cg_vq_v",66744.1,-13.4442
"cg_vq_v",66744.1,-13.3439
"cg_vq_v",66744.1,-13.2076
"cg_vq_v",66744.1,-13.0527
"cg_vq_v",66744.2,-12.9253
"cg_vq_v",66744.2,-12.7313
"cg_vq_v",66744.2,-12.6207
"cg_vq_v",66744.2,-12.5465
"cg_vq_v",66744.2,-12.5694
"cg_vq_v",66744.2,-12.6242
"cg_vq_v",66744.2,-12.7278
"cg_vq_v",66744.2,-12.8676
"cg_vq_v",66744.2,-13.0002
"cg_vq_v",66744.2,-13.116
"cg_vq_v",66744.2,-13.2266
"cg_vq_v",66744.3,-13.2782
"cg_vq_v",66744.3,-13.292
"cg_vq_v",66744.3,-13.2663
"cg_vq_v",66744.3,-13.2226
"cg_vq_v",66744.3,-13.0697
"cg_vq_v",66744.3,-12.951
"cg_vq_v",66744.3,-12.7722
"cg_vq_v",66744.3,-12.674
"cg_vq_v",66744.3,-12.5384
"cg_vq_v",66744.4,-12.475
"cg_vq_v",66744.4,-12.4122
"cg_vq_v",66744.4,-12.4159
"cg_vq_v",66744.4,-12.4099
"cg_vq_v",66744.4,-12.4593
"cg_vq_v",66744.4,-12.536
"cg_vq_v",66744.4,-12.6355
"cg_vq_v",66744.4,-12.6666
"cg_vq_v",66744.4,-12.752
"cg_vq_v",66744.4,-12.7618
"cg_vq_v",66744.5,-12.8206
"cg_vq_v",66744.5,-12.8404
"cg_vq_v",66744.5,-12.8351
"cg_vq_v",66744.5,-12.7814
"cg_vq_v",66744.5,-12.7567
"cg_vq_v",66744.5,-12.6816
"cg_vq_v",66744.5,-12.6332
"cg_vq_v",66744.5,-12.6386
"cg_vq_v",66744.5,-12.5776
"cg_vq_v",66744.5,-12.4792
"cg_vq_v",66744.6,-12.4702
"cg_vq_v",66744.6,-12.4268
"cg_vq_v",66744.6,-12.3894
"cg_vq_v",66744.6,-12.3419
"cg_vq_v",66744.6,-12.3259
"cg_vq_v",66744.6,-12.2436
"cg_vq_v",66744.6,-12.2972
"cg_vq_v",66744.6,-12.2255
"cg_vq_v",66744.6,-12.3267
"cg_vq_v",66744.6,-12.2874
"cg_vq_v",66744.7,-12.2733
"cg_vq_v",66744.7,-12.3179
"cg_vq_v",66744.7,-12.3008
"cg_vq_v",66744.7,-12.2924
"cg_vq_v",66744.7,-12.3026
"cg_vq_v",66744.7,-12.305
"cg_vq_v",66744.8,-12.2996
"cg_vq_v",66744.8,-12.306
"cg_vq_v",66744.8,-12.2977
"cg_vq_v",66744.8,-12.2824
"cg_vq_v",66744.8,-12.3856
"cg_vq_v",66744.8,-12.3165
"cg_vq_v",66744.9,-12.3297
"cg_vq_v",66744.9,-12.2274
"cg_vq_v",66744.9,-12.255
"cg_vq_v",66744.9,-12.2494
"cg_vq_v",66744.9,-12.1888
"cg_vq_v",66744.9,-12.1063
"cg_vq_v",66744.9,-12.0972
"cg_vq_v",66744.9,-12.0273
"cg_vq_v",66745,-12.0157
"cg_vq_v",66745,-11.9273
"cg_vq_v",66745,-11.8848
"cg_vq_v",66745,-11.886
"cg_vq_v",66745,-11.8779
"cg_vq_v",66745,-11.979
"cg_vq_v",66745.1,-11.9157
"cg_vq_v",66745.1,-11.966
"cg_vq_v",66745.1,-12.1328
"cg_vq_v",66745.1,-12.1651
"cg_vq_v",66745.1,-12.1924
"cg_vq_v",66745.1,-12.2047
"cg_vq_v",66745.1,-12.3037
"cg_vq_v",66745.1,-12.1841
"cg_vq_v",66745.2,-12.1627
"cg_vq_v",66745.2,-12.158
"cg_vq_v",66745.2,-12.1557
"cg_vq_v",66745.2,-12.0901
"cg_vq_v",66745.2,-12.0453
"cg_vq_v",66745.2,-11.979
"cg_vq_v",66745.2,-11.9429
"cg_vq_v",66745.2,-11.847
"cg_vq_v",66745.2,-11.7762
"cg_vq_v",66745.2,-11.6851
"cg_vq_v",66745.3,-11.6195
"cg_vq_v",66745.3,-11.4949
"cg_vq_v",66745.3,-11.4613
"cg_vq_v",66745.3,-11.3254
"cg_vq_v",66745.3,-11.2731
"cg_vq_v",66745.3,-11.1998
"cg_vq_v",66745.3,-11.0463
"cg_vq_v",66745.3,-10.9357
"cg_vq_v",66745.3,-10.8835
"cg_vq_v",66745.3,-10.8056
"cg_vq_v",66745.4,-10.7468
"cg_vq_v",66745.4,-10.6545
"cg_vq_v",66745.4,-10.6038
"cg_vq_v",66745.4,-10.5029
"cg_vq_v",66745.4,-10.5191
"cg_vq_v",66745.4,-10.4698
"cg_vq_v",66745.4,-10.4602
"cg_vq_v",66745.4,-10.4351
"cg_vq_v",66745.4,-10.441
"cg_vq_v",66745.4,-10.4427
"cg_vq_v",66745.4,-10.4652
"cg_vq_v",66745.4,-10.467
"cg_vq_v",66745.5,-10.484
"cg_vq_v",66745.5,-10.5502
"cg_vq_v",66745.5,-10.5758
"cg_vq_v",66745.5,-10.6144
"cg_vq_v",66745.5,-10.6885
"cg_vq_v",66745.5,-10.7357
"cg_vq_v",66745.5,-10.8358
"cg_vq_v",66745.5,-10.8323
"cg_vq_v",66745.5,-10.9542
"cg_vq_v",66745.5,-11.0035
"cg_vq_v",66745.5,-11.0859
"cg_vq_v",66745.5,-11.1959
"cg_vq_v",66745.6,-11.2317
"cg_vq_v",66745.6,-11.306
"cg_vq_v",66745.6,-11.4423
"cg_vq_v",66745.6,-11.5377
"cg_vq_v",66745.6,-11.627
"cg_vq_v",66745.6,-11.7023
"cg_vq_v",66745.6,-11.8306
"cg_vq_v",66745.6,-11.94
"cg_vq_v",66745.6,-11.9645
"cg_vq_v",66745.6,-12.1397
"cg_vq_v",66745.6,-12.2194
"cg_vq_v",66745.7,-12.3492
"cg_vq_v",66745.7,-12.4001
"cg_vq_v",66745.7,-12.547
"cg_vq_v",66745.7,-12.6727
"cg_vq_v",66745.7,-12.7968
"cg_vq_v",66745.7,-12.9163
"cg_vq_v",66745.7,-13.0552
"cg_vq_v",66745.7,-13.1328
"cg_vq_v",66745.7,-13.2478
"cg_vq_v",66745.7,-13.3838
"cg_vq_v",66745.8,-13.4515
"cg_vq_v",66745.8,-13.5707
"cg_vq_v",66745.8,-13.6724
"cg_vq_v",66745.8,-13.7717
"cg_vq_v",66745.8,-13.9209
"cg_vq_v",66745.8,-14.0248
"cg_vq_v",66745.8,-14.1675
"cg_vq_v",66745.8,-14.2951
"cg_vq_v",66745.8,-14.3801
"cg_vq_v",66745.8,-14.5077
"cg_vq_v",66745.8,-14.608
"cg_vq_v",66745.8,-14.7141
"cg_vq_v",66745.9,-14.7943
"cg_vq_v",66745.9,-14.912
"cg_vq_v",66745.9,-15.0243
"cg_vq_v",66745.9,-15.1496
"cg_vq_v",66745.9,-15.2451
"cg_vq_v",66745.9,-15.3748
"cg_vq_v",66745.9,-15.4971
"cg_vq_v",66745.9,-15.5982
"cg_vq_v",66745.9,-15.7372
"cg_vq_v",66745.9,-15.8245
"cg_vq_v",66745.9,-15.9321
"cg_vq_v",66746,-16.0553
"cg_vq_v",66746,-16.152
"cg_vq_v",66746,-16.2649
"cg_vq_v",66746,-16.4069
"cg_vq_v",66746,-16.4604
"cg_vq_v",66746,-16.6264
"cg_vq_v",66746,-16.7291
"cg_vq_v",66746,-16.8524
"cg_vq_v",66746,-16.9696
"cg_vq_v",66746,-17.0963
"cg_vq_v",66746.1,-17.2201
"cg_vq_v",66746.1,-17.3547
"cg_vq_v",66746.1,-17.4538
"cg_vq_v",66746.1,-17.5735
"cg_vq_v",66746.1,-17.6924
"cg_vq_v",66746.1,-17.8018
"cg_vq_v",66746.1,-17.9027
"cg_vq_v",66746.1,-18.0165
"cg_vq_v",66746.1,-18.1456
"cg_vq_v",66746.1,-18.252
"cg_vq_v",66746.1,-18.3647
"cg_vq_v",66746.2,-18.4825
"cg_vq_v",66746.2,-18.5909
"cg_vq_v",66746.2,-18.6178
"cg_vq_v",66746.2,-18.8202
"cg_vq_v",66746.2,-18.9104
"cg_vq_v",66746.2,-19.046
"cg_vq_v",66746.2,-19.1629
"cg_vq_v",66746.2,-19.2938
"cg_vq_v",66746.2,-19.3896
"cg_vq_v",66746.2,-19.5415
"cg_vq_v",66746.3,-19.6194
"cg_vq_v",66746.3,-19.719
"cg_vq_v",66746.3,-19.8487
"cg_vq_v",66746.3,-19.959
"cg_vq_v",66746.3,-20.0664
"cg_vq_v",66746.3,-20.2209
"cg_vq_v",66746.3,-20.3351
"cg_vq_v",66746.3,-20.4266
"cg_vq_v",66746.3,-20.5552
"cg_vq_v",66746.4,-20.6923
"cg_vq_v",66746.4,-20.8038
"cg_vq_v",66746.4,-20.9492
"cg_vq_v",66746.4,-21.0972
"cg_vq_v",66746.4,-21.1527
"cg_vq_v",66746.4,-21.2637
"cg_vq_v",66746.4,-21.4284
"cg_vq_v",66746.4,-21.5156
"cg_vq_v",66746.4,-21.6239
"cg_vq_v",66746.4,-21.7274
"cg_vq_v",66746.5,-21.8341
"cg_vq_v",66746.5,-21.9119
"cg_vq_v",66746.5,-22.0955
"cg_vq_v",66746.5,-22.2309
"cg_vq_v",66746.5,-22.3449
"cg_vq_v",66746.5,-22.4705
"cg_vq_v",66746.5,-22.6284
"cg_vq_v",66746.5,-22.7144
"cg_vq_v",66746.5,-22.841
"cg_vq_v",66746.5,-22.9405
"cg_vq_v",66746.6,-23.0516
"cg_vq_v",66746.6,-23.1445
"cg_vq_v",66746.6,-23.2537
"cg_vq_v",66746.6,-23.3672
"cg_vq_v",66746.6,-23.4384
"cg_vq_v",66746.6,-23.6179
"cg_vq_v",66746.6,-23.7649
"cg_vq_v",66746.6,-23.8088
"cg_vq_v",66746.6,-23.9448
"cg_vq_v",66746.6,-24.0955
"cg_vq_v",66746.6,-24.1956
"cg_vq_v",66746.7,-24.2772
"cg_vq_v",66746.7,-24.4258
"cg_vq_v",66746.7,-24.5566
"cg_vq_v",66746.7,-24.6682
"cg_vq_v",66746.7,-24.7465
"cg_vq_v",66746.7,-24.7973
"cg_vq_v",66746.7,-24.9532
"cg_vq_v",66746.7,-25.1041
"cg_vq_v",66746.7,-25.2318
"cg_vq_v",66746.8,-25.3878
"cg_vq_v",66746.8,-25.4737
"cg_vq_v",66746.8,-25.5779
"cg_vq_v",66746.8,-25.726
"cg_vq_v",66746.8,-25.8032
"cg_vq_v",66746.8,-25.9735
"cg_vq_v",66746.8,-26.079
"cg_vq_v",66746.8,-26.1857
"cg_vq_v",66746.8,-26.3252
"cg_vq_v",66746.8,-26.4277
"cg_vq_v",66746.9,-26.5609
"cg_vq_v",66746.9,-26.7033
"cg_vq_v",66746.9,-26.7943
"cg_vq_v",66746.9,-26.977
"cg_vq_v",66746.9,-27.0614
"cg_vq_v",66746.9,-27.1648
"cg_vq_v",66746.9,-27.2529
"cg_vq_v",66746.9,-27.3924
"cg_vq_v",66746.9,-27.567
"cg_vq_v",66746.9,-27.635
"cg_vq_v",66747,-27.7318
"cg_vq_v",66747,-27.9034
"cg_vq_v",66747,-27.9764
"cg_vq_v",66747,-28.1317
"cg_vq_v",66747,-28.2361
"cg_vq_v",66747,-28.3178
"cg_vq_v",66747,-28.4849
"cg_vq_v",66747,-28.5781
"cg_vq_v",66747,-28.7154
"cg_vq_v",66747,-28.807
"cg_vq_v",66747,-28.948
"cg_vq_v",66747.1,-29.1013
"cg_vq_v",66747.1,-29.1942
"cg_vq_v",66747.1,-29.3215
"cg_vq_v",66747.1,-29.4591
"cg_vq_v",66747.1,-29.5517
"cg_vq_v",66747.1,-29.7011
"cg_vq_v",66747.1,-29.7976
"cg_vq_v",66747.1,-29.9266
"cg_vq_v",66747.1,-30.047
"cg_vq_v",66747.1,-30.1633
"cg_vq_v",66747.2,-30.2867
"cg_vq_v",66747.2,-30.3702
"cg_vq_v",66747.2,-30.4446
"cg_vq_v",66747.2,-30.6273
"cg_vq_v",66747.2,-30.7552
"cg_vq_v",66747.2,-30.8319
"cg_vq_v",66747.2,-30.9516
"cg_vq_v",66747.2,-31.0987
"cg_vq_v",66747.2,-31.184
"cg_vq_v",66747.2,-31.3187
"cg_vq_v",66747.3,-31.436
"cg_vq_v",66747.3,-31.5497
"cg_vq_v",66747.3,-31.6993
"cg_vq_v",66747.3,-31.717
"cg_vq_v",66747.3,-31.8893
"cg_vq_v",66747.3,-32.0213
"cg_vq_v",66747.3,-32.1205
"cg_vq_v",66747.3,-32.2424
"cg_vq_v",66747.3,-32.3572
"cg_vq_v",66747.4,-32.5015
"cg_vq_v",66747.4,-32.5928
"cg_vq_v",66747.4,-32.737
"cg_vq_v",66747.4,-32.8384
"cg_vq_v",66747.4,-32.8453
"cg_vq_v",66747.4,-32.8453
"cg_vq_v",66747.4,-32.8453
"cg_vq_v",66747.4,-32.8453
"cg_vq_v",66747.4,-32.8453
"cg_vq_v",66747.4,-32.8453
"cg_vq_v",66747.5,-32.8453
"cg_vq_v",66747.5,-32.8453
"cg_vq_v",66747.5,-32.8453
"cg_vq_v",66747.5,-32.8453
"cg_vq_v",66747.5,-32.8453
"cg_vq_v",66747.5,-32.8453
"cg_vq_v",66747.5,-32.8453
"cg_vq_v",66747.5,-32.8453
"cg_vq_v",66747.5,-32.8453
"cg_vq_v",66747.5,-32.8453
"cg_vq_v",66747.5,-32.8453
"cg_vq_v",66747.6,-32.8453
"cg_vq_v",66747.6,-32.8453
"cg_vq_v",66747.6,-32.8453
"cg_vq_v",66747.6,-32.8453
"cg_vq_v",66747.6,-32.8453
"cg_vq_v",66747.6,-32.8453
"cg_vq_v",66747.6,-32.8453
"cg_vq_v",66747.6,-32.8453
"cg_vq_v",66747.6,-32.8453
"cg_vq_v",66747.6,-32.8453
"cg_vq_v",66747.7,-32.8453
"cg_vq_v",66747.7,-32.8453
"cg_vq_v",66747.7,-32.8453
"cg_vq_v",66747.7,-32.8453
"cg_vq_v",66747.7,-32.8453
"cg_vq_v",66747.7,-32.8453
"cg_vq_v",66747.7,-32.8453
"cg_vq_v",66747.7,-32.8453
"cg_vq_v",66747.7,-32.8453
"cg_vq_v",66747.8,-32.8453
"cg_vq_v",66747.8,-32.8453
"cg_vq_v",66747.8,-32.8453
"cg_vq_v",66747.8,-32.8453
"cg_vq_v",66747.8,-32.8453
"cg_vq_v",66747.8,-32.8453
"cg_vq_v",66747.8,-32.8453
"cg_vq_v",66747.8,-32.8453
"cg_vq_v",66747.8,-32.8453
"cg_vq_v",66747.8,-32.8453
"cg_vq_v",66747.9,-32.8453
"cg_vq_v",66747.9,-32.8453
"cg_vq_v",66747.9,-32.8453
"cg_vq_v",66747.9,-32.8453
"cg_vq_v",66747.9,-32.8453
"cg_vq_v",66747.9,-32.8453
"cg_vq_v",66747.9,-32.8453
"cg_vq_v",66747.9,-32.8453
"cg_vq_v",66747.9,-32.8453
"cg_vq_v",66747.9,-32.8453
"cg_vq_v",66748,-32.8453
"cg_vq_v",66748,-32.8453
"cg_vq_v",66748,-32.8453
"cg_vq_v",66748,-32.8453
"cg_vq_v",66748,-32.8453
"cg_vq_v",66748,-32.8453
"cg_vq_v",66748,-32.8453
"cg_vq_v",66748,-32.8453
"cg_vq_v",66748,-32.8453
"cg_vq_v",66748,-32.8453
"cg_vq_v",66748.1,-32.8453
"cg_vq_v",66748.1,-32.8453
"cg_vq_v",66748.1,-32.8453
"cg_vq_v",66748.1,-32.8453
"cg_vq_v",66748.1,-32.8453
"cg_vq_v",66748.1,-32.8453
"cg_vq_v",66748.1,-32.8453
"cg_vq_v",66748.1,-32.8453
"cg_vq_v",66748.1,-32.8453
"cg_vq_v",66748.1,-32.8453
"cg_vq_v",66748.2,-32.8453
"cg_vq_v",66748.2,-32.8453
"cg_vq_v",66748.2,-32.8453
"cg_vq_v",66748.2,-32.8453
"cg_vq_v",66748.2,-32.8453
"cg_vq_v",66748.2,-32.8453
"cg_vq_v",66748.2,-32.8453
"cg_vq_v",66748.2,-32.8453
"cg_vq_v",66748.2,-32.8453
"cg_vq_v",66748.2,-32.8453
"cg_vq_v",66748.3,-32.8453
"cg_vq_v",66748.3,-32.8453
"cg_vq_v",66748.3,-32.8453
"cg_vq_v",66748.3,-32.8453
"cg_vq_v",66748.3,-32.8453
"cg_vq_v",66748.3,-32.8453
"cg_vq_v",66748.3,-32.8453
"cg_vq_v",66748.3,-32.8453
"cg_vq_v",66748.3,-32.8453
"cg_vq_v",66748.3,-32.8453
"cg_vq_v",66748.4,-32.8453
"cg_vq_v",66748.4,-32.8453
"cg_vq_v",66748.4,-32.8453
"cg_vq_v",66748.4,-32.8453
"cg_vq_v",66748.4,-32.8453
"cg_vq_v",66748.4,-32.8453
"cg_vq_v",66748.4,-32.8453
"cg_vq_v",66748.4,-32.8453
"cg_vq_v",66748.4,-32.8453
"cg_vq_v",66748.4,-32.8453
"cg_vq_v",66748.5,-32.8453
"cg_vq_v",66748.5,-32.8453
"cg_vq_v",66748.5,-32.8453
"cg_vq_v",66748.5,-32.8453
"cg_vq_v",66748.5,-32.8453
"cg_vq_v",66748.5,-32.8453
"cg_vq_v",66748.5,-32.8453
"cg_vq_v",66748.5,-32.8453
"cg_vq_v",66748.5,-32.8453
"cg_vq_v",66748.5,-32.8453
"cg_vq_v",66748.6,-32.8453
"cg_vq_v",66748.6,-32.8453
"cg_vq_v",66748.6,-32.8453
"cg_vq_v",66748.6,-32.8453
"cg_vq_v",66748.6,-32.8453
"cg_vq_v",66748.6,-32.8453
"cg_vq_v",66748.6,-32.8453
"cg_vq_v",66748.6,-32.8453
"cg_vq_v",66748.6,-32.8453
"cg_vq_v",66748.6,-32.8453
"cg_vq_v",66748.7,-32.8453
"cg_vq_v",66748.7,-32.8453
"cg_vq_v",66748.7,-32.8453
"cg_vq_v",66748.7,-32.8453
"cg_vq_v",66748.7,-32.8453
"cg_vq_v",66748.7,-32.8453
"cg_vq_v",66748.7,-32.8453
"cg_vq_v",66748.7,-32.8453
"cg_vq_v",66748.7,-32.8453
"cg_vq_v",66748.7,-32.8453
"cg_vq_v",66748.8,-32.8453
"cg_vq_v",66748.8,-32.8453
"cg_vq_v",66748.8,-32.8453
"cg_vq_v",66748.8,-32.8453
"cg_vq_v",66748.8,-32.8453
"cg_vq_v",66748.8,-32.8453
"cg_vq_v",66748.8,-32.8453
"cg_vq_v",66748.8,-32.8453
"cg_vq_v",66748.8,-32.8453
"cg_vq_v",66748.8,-32.8453
"cg_vq_v",66748.9,-32.8453
"cg_vq_v",66748.9,-32.8453
"cg_vq_v",66748.9,-32.8453
"cg_vq_v",66748.9,-32.8453
"cg_vq_v",66748.9,-32.8453
"cg_vq_v",66748.9,-32.8453
"cg_vq_v",66748.9,-32.8453
"cg_vq_v",66748.9,-32.8453
"cg_vq_v",66748.9,-32.8453
"cg_vq_v",66748.9,-32.8453
"cg_vq_v",66749,-32.8453
"cg_vq_v",66749,-32.8453
"cg_vq_v",66749,-32.8453
"cg_vq_v",66749,-32.8453
"cg_vq_v",66749,-32.8453
"cg_vq_v",66749,-32.8453
"cg_vq_v",66749,-32.8453
"cg_vq_v",66749,-32.8453
"cg_vq_v",66749,-32.8453
"cg_vq_v",66749.1,-32.8453
"cg_vq_v",66749.1,-32.8453
"cg_vq_v",66749.1,-32.8453
"cg_vq_v",66749.1,-32.8453
"cg_vq_v",66749.1,-32.8453
"cg_vq_v",66749.1,-32.8453
"cg_vq_v",66749.1,-32.8453
"cg_vq_v",66749.1,-32.8453
"cg_vq_v",66749.1,-32.8453
"cg_vq_v",66749.1,-32.8453
"cg_vq_v",66749.1,-32.8453
"cg_vq_v",66749.2,-32.8453
"cg_vq_v",66749.2,-32.8453
"cg_vq_v",66749.2,-32.8453
"cg_vq_v",66749.2,-32.8453
"cg_vq_v",66749.2,-32.8453
"cg_vq_v",66749.2,-32.8453
"cg_vq_v",66749.2,-32.8453
"cg_vq_v",66749.2,-32.8453
"cg_vq_v",66749.2,-32.8453
"cg_vq_v",66749.2,-32.8453
"cg_vq_v",66749.3,-32.8453
"cg_vq_v",66749.3,-32.8453
"cg_vq_v",66749.3,-32.8453
"cg_vq_v",66749.3,-32.8453
"cg_vq_v",66749.3,-32.8453
"cg_vq_v",66749.3,-32.8453
"cg_vq_v",66749.3,-32.8453
"cg_vq_v",66749.3,-32.8453
"cg_vq_v",66749.3,-32.8453
"cg_vq_v",66749.4,-32.8453
"cg_vq_v",66749.4,-32.8453
"cg_vq_v",66749.4,-32.8453
"cg_vq_v",66749.4,-32.8453
"cg_vq_v",66749.4,-32.8453
"cg_vq_v",66749.4,-32.8453
"cg_vq_v",66749.4,-32.8453
"cg_vq_v",66749.4,-32.8453
"cg_vq_v",66749.4,-32.8453
"cg_vq_v",66749.4,-32.8453
"cg_vq_v",66749.5,-32.8453
"cg_vq_v",66749.5,-32.8453
"cg_vq_v",66749.5,-32.8453
"cg_vq_v",66749.5,-32.8453
"cg_vq_v",66749.5,-32.8453
"cg_vq_v",66749.5,-32.8453
"cg_vq_v",66749.5,-32.8453
"cg_vq_v",66749.5,-32.8453
"cg_vq_v",66749.5,-32.8453
"cg_vq_v",66749.5,-32.8453
"cg_vq_v",66749.5,-32.8453
"cg_vq_v",66749.6,-32.8453
"cg_vq_v",66749.6,-32.8453
"cg_vq_v",66749.6,-32.8453
"cg_vq_v",66749.6,-32.8453
"cg_vq_v",66749.6,-32.8453
"cg_vq_v",66749.6,-32.8453
"cg_vq_v",66749.6,-32.8453
"cg_vq_v",66749.6,-32.8453
"cg_vq_v",66749.6,-32.8453
"cg_vq_v",66749.6,-32.8453
"cg_vq_v",66749.7,-32.8453
"cg_vq_v",66749.7,-32.8453
"cg_vq_v",66749.7,-32.8453
"cg_vq_v",66749.7,-32.8453
"cg_vq_v",66749.7,-32.8453
"cg_vq_v",66749.7,-32.8453
"cg_vq_v",66749.7,-32.8453
"cg_vq_v",66749.7,-32.8453
"cg_vq_v",66749.7,-32.8453
"cg_vq_v",66749.8,-32.8453
"cg_vq_v",66749.8,-32.8453
"cg_vq_v",66749.8,-32.8453
"cg_vq_v",66749.8,-32.8453
"cg_vq_v",66749.8,-32.8453
"cg_vq_v",66749.8,-32.8453
"cg_vq_v",66749.8,-32.8453
"cg_vq_v",66749.8,-32.8453
"cg_vq_v",66749.8,-32.8453
"cg_vq_v",66749.8,-32.8453
"cg_vq_v",66749.9,-32.8453
"cg_vq_v",66749.9,-32.8453
"cg_vq_v",66749.9,-32.8453
"cg_vq_v",66749.9,-32.8453
"cg_vq_v",66749.9,-32.8453
"cg_vq_v",66749.9,-32.8453
"cg_vq_v",66749.9,-32.8453
"cg_vq_v",66749.9,-32.8453
"cg_vq_v",66749.9,-32.8453
"cg_vq_v",66749.9,-32.8453
"cg_vq_v",66749.9,-32.8453
"cg_vq_v",66750,-32.8453
"cg_vq_v",66750,-32.8453
"cg_vq_v",66750,-32.8453
"cg_vq_v",66750,-32.8453
"cg_vq_v",66750,-32.8453
"cg_vq_v",66750,-32.8453
"cg_vq_v",66750,-32.8453
"cg_vq_v",66750,-32.8453
"cg_vq_v",66750,-32.8453
"cg_vq_v",66750.1,-32.8453
"cg_vq_v",66750.1,-32.8453
"cg_vq_v",66750.1,-32.8453
"cg_vq_v",66750.1,-32.8453
"cg_vq_v",66750.1,-32.8453
"cg_vq_v",66750.1,-32.8453
"cg_vq_v",66750.1,-32.8453
"cg_vq_v",66750.1,-32.8453
"cg_vq_v",66750.1,-32.8453
"cg_vq_v",66750.1,-32.8453
"cg_vq_v",66750.1,-32.8453
"cg_vq_v",66750.2,-32.8453
"cg_vq_v",66750.2,-32.8453
"cg_vq_v",66750.2,-32.8453
"cg_vq_v",66750.2,-32.8453
"cg_vq_v",66750.2,-32.8453
"cg_vq_v",66750.2,-32.8453
"cg_vq_v",66750.2,-32.8453
"cg_vq_v",66750.2,-32.8453
"cg_vq_v",66750.2,-32.8453
"cg_vq_v",66750.2,-32.8453
"cg_vq_v",66750.3,-32.8453
"cg_vq_v",66750.3,-32.8453
"cg_vq_v",66750.3,-32.8453
"cg_vq_v",66750.3,-32.8453
"cg_vq_v",66750.3,-32.8453
"cg_vq_v",66750.3,-32.8453
"cg_vq_v",66750.3,-32.8453
"cg_vq_v",66750.3,-32.8453
"cg_vq_v",66750.3,-32.8453
"cg_vq_v",66750.4,-32.8453
"cg_vq_v",66750.4,-32.8453
"cg_vq_v",66750.4,-32.8453
"cg_vq_v",66750.4,-32.8453
"cg_vq_v",66750.4,-32.8453
"cg_vq_v",66750.4,-32.8453
"cg_vq_v",66750.4,-32.8453
"cg_vq_v",66750.4,-32.8453
"cg_vq_v",66750.4,-32.8453
"cg_vq_v",66750.4,-32.8453
"cg_vq_v",66750.5,-32.8453
"cg_vq_v",66750.5,-32.8453
"cg_vq_v",66750.5,-32.8453
"cg_vq_v",66750.5,-32.8453
"cg_vq_v",66750.5,-32.8453
"cg_vq_v",66750.5,-32.8453
"cg_vq_v",66750.5,-32.8453
"cg_vq_v",66750.5,-32.8453
"cg_vq_v",66750.5,-32.8453
"cg_vq_v",66750.5,-32.8453
"cg_vq_v",66750.6,-32.8453
"cg_vq_v",66750.6,-32.8453
"cg_vq_v",66750.6,-32.8453
"cg_vq_v",66750.6,-32.8453
"cg_vq_v",66750.6,-32.8453
"cg_vq_v",66750.6,-32.8453
"cg_vq_v",66750.6,-32.8453
"cg_vq_v",66750.6,-32.8453
"cg_vq_v",66750.6,-32.8453
"cg_vq_v",66750.6,-32.8453
"cg_vq_v",66750.7,-32.8453
"cg_vq_v",66750.7,-32.8453
"cg_vq_v",66750.7,-32.8453
"cg_vq_v",66750.7,-32.8453
"cg_vq_v",66750.7,-32.8453
"cg_vq_v",66750.7,-32.8453
"cg_vq_v",66750.7,-32.8453
"cg_vq_v",66750.7,-32.8453
"cg_vq_v",66750.7,-32.8453
"cg_vq_v",66750.7,-32.8453
"cg_vq_v",66750.8,-32.8453
"cg_vq_v",66750.8,-32.8453
"cg_vq_v",66750.8,-32.8453
"cg_vq_v",66750.8,-32.8453
"cg_vq_v",66750.8,-32.8453
"cg_vq_v",66750.8,-32.8453
"cg_vq_v",66750.8,-32.8453
"cg_vq_v",66750.8,-32.8453
"cg_vq_v",66750.8,-32.8453
"cg_vq_v",66750.8,-32.8453
"cg_vq_v",66750.9,-32.8453
"cg_vq_v",66750.9,-32.8453
"cg_vq_v",66750.9,-32.8453
"cg_vq_v",66750.9,-32.8453
"cg_vq_v",66750.9,-32.8453
"cg_vq_v",66750.9,-32.8453
"cg_vq_v",66750.9,-32.8453
"cg_vq_v",66750.9,-32.8453
"cg_vq_v",66750.9,-32.8453
"cg_vq_v",66750.9,-32.8453
"cg_vq_v",66751,-32.8453
"cg_vq_v",66751,-32.8453
"cg_vq_v",66751,-32.8453
"cg_vq_v",66751,-32.8453
"cg_vq_v",66751,-32.8453
"cg_vq_v",66751,-32.8453
"cg_vq_v",66751,-32.8453
"cg_vq_v",66751,-32.8453
"cg_vq_v",66751,-32.8453
"cg_vq_v",66751,-32.8453
"cg_vq_v",66751.1,-32.8453
"cg_vq_v",66751.1,-32.8453
"cg_vq_v",66751.1,-32.8453
"cg_vq_v",66751.1,-32.8453
"cg_vq_v",66751.1,-32.8453
"cg_vq_v",66751.1,-32.8453
"cg_vq_v",66751.1,-32.8453
"cg_vq_v",66751.1,-32.8453
"cg_vq_v",66751.1,-32.8453
"cg_vq_v",66751.1,-32.8453
"cg_vq_v",66751.2,-32.8453
"cg_vq_v",66751.2,-32.8453
"cg_vq_v",66751.2,-32.8453
"cg_vq_v",66751.2,-32.8453
"cg_vq_v",66751.2,-32.8453
"cg_vq_v",66751.2,-32.8453
"cg_vq_v",66751.2,-32.8453
"cg_vq_v",66751.2,-32.8453
"cg_vq_v",66751.2,-32.8453
"cg_vq_v",66751.2,-32.8453
"cg_vq_v",66751.2,-32.8453
"cg_vq_v",66751.3,-32.8453
"cg_vq_v",66751.3,-32.8453
"cg_vq_v",66751.3,-32.8453
"cg_vq_v",66751.3,-32.8453
"cg_vq_v",66751.3,-32.8453
"cg_vq_v",66751.3,-32.8453
"cg_vq_v",66751.3,-32.8453
"cg_vq_v",66751.3,-32.8453
"cg_vq_v",66751.3,-32.8453
"cg_vq_v",66751.4,-32.8453
"cg_vq_v",66751.4,-32.8453
"cg_vq_v",66751.4,-32.8453
"cg_vq_v",66751.4,-32.8453
"cg_vq_v",66751.4,-32.8453
"cg_vq_v",66751.4,-32.8453
"cg_vq_v",66751.4,-32.8453
"cg_vq_v",66751.4,-32.8453
"cg_vq_v",66751.4,-32.8453
"cg_vq_v",66751.4,-32.8453
"cg_vq_v",66751.5,-32.8453
"cg_vq_v",66751.5,-32.8453
"cg_vq_v",66751.5,-32.8453
"cg_vq_v",66751.5,-32.8453
"cg_vq_v",66751.5,-32.8453
"cg_vq_v",66751.5,-32.8453
"cg_vq_v",66751.5,-32.8453
"cg_vq_v",66751.5,-32.8453
"cg_vq_v",66751.5,-32.8453
"cg_vq_v",66751.5,-32.8453
"cg_vq_v",66751.6,-32.8453
"cg_vq_v",66751.6,-32.8453
"cg_vq_v",66751.6,-32.8453
"cg_vq_v",66751.6,-32.8453
"cg_vq_v",66751.6,-32.8453
"cg_vq_v",66751.6,-32.8453
"cg_vq_v",66751.6,-32.8453
"cg_vq_v",66751.6,-32.8453
"cg_vq_v",66751.6,-32.8453
"cg_vq_v",66751.6,-32.8453
"cg_vq_v",66751.7,-32.8453
"cg_vq_v",66751.7,-32.8453
"cg_vq_v",66751.7,-32.8453
"cg_vq_v",66751.7,-32.8453
"cg_vq_v",66751.7,-32.8453
"cg_vq_v",66751.7,-32.8453
"cg_vq_v",66751.7,-32.8453
"cg_vq_v",66751.7,-32.8453
"cg_vq_v",66751.7,-32.8453
"cg_vq_v",66751.8,-32.8453
"cg_vq_v",66751.8,-32.8453
"cg_vq_v",66751.8,-32.8453
"cg_vq_v",66751.8,-32.8453
"cg_vq_v",66751.8,-32.8453
"cg_vq_v",66751.8,-32.8453
"cg_vq_v",66751.8,-32.8453
"cg_vq_v",66751.8,-32.8453
"cg_vq_v",66751.8,-32.8453
"cg_vq_v",66751.8,-32.8453
"cg_vq_v",66751.9,-32.8453
"cg_vq_v",66751.9,-32.8453
"cg_vq_v",66751.9,-32.8453
"cg_vq_v",66751.9,-32.8453
"cg_vq_v",66751.9,-32.8453
"cg_vq_v",66751.9,-32.8453
"cg_vq_v",66751.9,-32.8453
"cg_vq_v",66751.9,-32.8453
"cg_vq_v",66751.9,-32.8453
"cg_vq_v",66751.9,-32.8453
"cg_vq_v",66751.9,-32.8453
"cg_vq_v",66752,-32.8453
"cg_vq_v",66752,-32.8453
"cg_vq_v",66752,-32.8453
"cg_vq_v",66752,-32.8453
"cg_vq_v",66752,-32.8453
"cg_vq_v",66752,-32.8453
"cg_vq_v",66752,-32.8453
"cg_vq_v",66752,-32.8453
"cg_vq_v",66752,-32.8453
"cg_vq_v",66752,-32.8453
"cg_vq_v",66752.1,-32.8453
"cg_vq_v",66752.1,-32.8453
"cg_vq_v",66752.1,-32.8453
"cg_vq_v",66752.1,-32.8453
"cg_vq_v",66752.1,-32.8453
"cg_vq_v",66752.1,-32.8453
"cg_vq_v",66752.1,-32.8453
"cg_vq_v",66752.1,-32.8453
"cg_vq_v",66752.1,-32.8453
"cg_vq_v",66752.1,-32.8453
"cg_vq_v",66752.2,-32.8453
"cg_vq_v",66752.2,-32.8453
"cg_vq_v",66752.2,-32.8453
"cg_vq_v",66752.2,-32.8453
"cg_vq_v",66752.2,-32.8453
"cg_vq_v",66752.2,-32.8453
"cg_vq_v",66752.2,-32.8453
"cg_vq_v",66752.2,-32.8453
"cg_vq_v",66752.2,-32.8453
"cg_vq_v",66752.2,-32.8453
"cg_vq_v",66752.3,-32.8453
"cg_vq_v",66752.3,-32.8453
"cg_vq_v",66752.3,-32.8453
"cg_vq_v",66752.3,-32.8453
"cg_vq_v",66752.3,-32.8453
"cg_vq_v",66752.3,-32.8453
"cg_vq_v",66752.3,-32.8453
"cg_vq_v",66752.3,-32.8453
"cg_vq_v",66752.3,-32.8453
"cg_vq_v",66752.3,-32.8453
"cg_vq_v",66752.4,-32.8453
"cg_vq_v",66752.4,-32.8453
"cg_vq_v",66752.4,-32.8453
"cg_vq_v",66752.4,-32.8453
"cg_vq_v",66752.4,-32.8453
"cg_vq_v",66752.4,-32.8453
"cg_vq_v",66752.4,-32.8453
"cg_vq_v",66752.4,-32.8453
"cg_vq_v",66752.4,-32.8453
"cg_vq_v",66752.4,-32.8453
"cg_vq_v",66752.5,-32.8453
"cg_vq_v",66752.5,-32.8453
"cg_vq_v",66752.5,-32.8453
"cg_vq_v",66752.5,-32.8453
"cg_vq_v",66752.5,-32.8453
"cg_vq_v",66752.5,-32.8453
"cg_vq_v",66752.5,-32.8453
"cg_vq_v",66752.5,-32.8453
"cg_vq_v",66752.5,-32.8453
"cg_vq_v",66752.5,-32.8453
"cg_vq_v",66752.6,-32.8453
"cg_vq_v",66752.6,-32.8453
"cg_vq_v",66752.6,-32.8453
"cg_vq_v",66752.6,-32.8453
"cg_vq_v",66752.6,-32.8453
"cg_vq_v",66752.6,-32.8453
"cg_vq_v",66752.6,-32.8453
"cg_vq_v",66752.6,-32.8453
"cg_vq_v",66752.6,-32.8453
"cg_vq_v",66752.6,-32.8453
"cg_vq_v",66752.7,-32.8453
"cg_vq_v",66752.7,-32.8453
"cg_vq_v",66752.7,-32.8453
"cg_vq_v",66752.7,-32.8453
"cg_vq_v",66752.7,-32.8453
"cg_vq_v",66752.7,-32.8453
"cg_vq_v",66752.7,-32.8453
"cg_vq_v",66752.7,-32.8453
"cg_vq_v",66752.7,-32.8453
"cg_vq_v",66752.7,-32.8453
"cg_vq_v",66752.8,-32.8453
"cg_vq_v",66752.8,-32.8453
"cg_vq_v",66752.8,-32.8453
"cg_vq_v",66752.8,-32.8453
"cg_vq_v",66752.8,-32.8453
"cg_vq_v",66752.8,-32.8453
"cg_vq_v",66752.8,-32.8453
"cg_vq_v",66752.8,-32.8453
"cg_vq_v",66752.8,-32.8453
"cg_vq_v",66752.8,-32.8453
"cg_vq_v",66752.9,-32.8453
"cg_vq_v",66752.9,-32.8453
"cg_vq_v",66752.9,-32.8453
"cg_vq_v",66752.9,-32.8453
"cg_vq_v",66752.9,-32.8453
"cg_vq_v",66752.9,-32.8453
"cg_vq_v",66752.9,-32.8453
"cg_vq_v",66752.9,-32.8453
"cg_vq_v",66752.9,-32.8453
"cg_vq_v",66752.9,-32.8453
"cg_vq_v",66753,-32.8453
"cg_vq_v",66753,-32.8453
"cg_vq_v",66753,-32.8453
"cg_vq_v",66753,-32.8453
"cg_vq_v",66753,-32.8453
"cg_vq_v",66753,-32.8453
"cg_vq_v",66753,-32.8453
"cg_vq_v",66753,-32.8453
"cg_vq_v",66753,-32.8453
"cg_vq_v",66753,-32.8453
"cg_vq_v",66753,-32.8453
"cg_vq_v",66753.1,-32.8453
"cg_vq_v",66753.1,-32.8453
"cg_vq_v",66753.1,-32.8453
"cg_vq_v",66753.1,-32.8453
"cg_vq_v",66753.1,-32.8453
"cg_vq_v",66753.1,-32.8453
"cg_vq_v",66753.1,-32.8453
"cg_vq_v",66753.1,-32.8453
"cg_vq_v",66753.1,-32.8453
"cg_vq_v",66753.1,-32.8453
"cg_vq_v",66753.2,-32.8453
"cg_vq_v",66753.2,-32.8453
"cg_vq_v",66753.2,-32.8453
"cg_vq_v",66753.2,-32.8453
"cg_vq_v",66753.2,-32.8453
"cg_vq_v",66753.2,-32.8453
"cg_vq_v",66753.2,-32.8453
"cg_vq_v",66753.2,-32.8453
"cg_vq_v",66753.2,-32.8453
"cg_vq_v",66753.2,-32.8453
"cg_vq_v",66753.3,-32.8453
"cg_vq_v",66753.3,-32.8453
"cg_vq_v",66753.3,-32.8453
"cg_vq_v",66753.3,-32.8453
"cg_vq_v",66753.3,-32.8453
"cg_vq_v",66753.3,-32.8453
"cg_vq_v",66753.3,-32.8453
"cg_vq_v",66753.3,-32.8453
"cg_vq_v",66753.3,-32.8453
"cg_vq_v",66753.3,-32.8453
"cg_vq_v",66753.4,-32.8453
"cg_vq_v",66753.4,-32.8453
"cg_vq_v",66753.4,-32.8453
"cg_vq_v",66753.4,-32.8453
"cg_vq_v",66753.4,-32.8453
"cg_vq_v",66753.4,-32.8453
"cg_vq_v",66753.4,-32.8453
"cg_vq_v",66753.4,-32.8453
"cg_vq_v",66753.4,-32.8453
"cg_vq_v",66753.4,-32.8453
"cg_vq_v",66753.5,-32.8453
"cg_vq_v",66753.5,-32.8453
"cg_vq_v",66753.5,-32.8453
"cg_vq_v",66753.5,-32.8453
"cg_vq_v",66753.5,-32.8453
"cg_vq_v",66753.5,-32.8453
"cg_vq_v",66753.5,-32.8453
"cg_vq_v",66753.5,-32.8453
"cg_vq_v",66753.5,-32.8453
"cg_vq_v",66753.5,-32.8453
"cg_vq_v",66753.6,-32.8453
"cg_vq_v",66753.6,-32.8453
"cg_vq_v",66753.6,-32.8453
"cg_vq_v",66753.6,-32.8453
"cg_vq_v",66753.6,-32.8453
"cg_vq_v",66753.6,-32.8453
"cg_vq_v",66753.6,-32.8453
"cg_vq_v",66753.6,-32.8453
"cg_vq_v",66753.6,-32.8453
"cg_vq_v",66753.6,-32.8453
"cg_vq_v",66753.7,-32.8453
"cg_vq_v",66753.7,-32.8453
"cg_vq_v",66753.7,-32.8453
"cg_vq_v",66753.7,-32.8453
"cg_vq_v",66753.7,-32.8453
"cg_vq_v",66753.7,-32.8453
"cg_vq_v",66753.7,-32.8453
"cg_vq_v",66753.7,-32.8453
"cg_vq_v",66753.7,-32.8453
"cg_vq_v",66753.7,-32.8453
"cg_vq_v",66753.8,-32.8453
"cg_vq_v",66753.8,-32.8453
"cg_vq_v",66753.8,-32.8453
"cg_vq_v",66753.8,-32.8453
"cg_vq_v",66753.8,-32.8453
"cg_vq_v",66753.8,-32.8453
"cg_vq_v",66753.8,-32.8453
"cg_vq_v",66753.8,-32.8453
"cg_vq_v",66753.8,-32.8453
"cg_vq_v",66753.8,-32.8453
"cg_vq_v",66753.9,-32.8453
"cg_vq_v",66753.9,-32.8453
"cg_vq_v",66753.9,-32.8453
"cg_vq_v",66753.9,-32.8453
"cg_vq_v",66753.9,-32.8453
"cg_vq_v",66753.9,-32.8453
"cg_vq_v",66753.9,-32.8453
"cg_vq_v",66753.9,-32.8453
"cg_vq_v",66753.9,-32.8453
"cg_vq_v",66753.9,-32.8453
"cg_vq_v",66754,-32.8453
"cg_vq_v",66754,-32.8453
"cg_vq_v",66754,-32.8453
"cg_vq_v",66754,-32.8453
"cg_vq_v",66754,-32.8453
"cg_vq_v",66754,-32.8453
"cg_vq_v",66754,-32.8453
"cg_vq_v",66754,-32.8453
"cg_vq_v",66754,-32.8453
"cg_vq_v",66754,-32.8453
"cg_vq_v",66754.1,-32.8453
"cg_vq_v",66754.1,-32.8453
"cg_vq_v",66754.1,-32.8453
"cg_vq_v",66754.1,-32.8453
"cg_vq_v",66754.1,-32.8453
"cg_vq_v",66754.1,-32.8453
"cg_vq_v",66754.1,-32.8453
"cg_vq_v",66754.1,-32.8453
"cg_vq_v",66754.1,-32.8453
"cg_vq_v",66754.1,-32.8453
"cg_vq_v",66754.1,-32.8453
"cg_vq_v",66754.2,-32.8453
"cg_vq_v",66754.2,-32.8453
"cg_vq_v",66754.2,-32.8453
"cg_vq_v",66754.2,-32.8453
"cg_vq_v",66754.2,-32.8453
"cg_vq_v",66754.2,-32.8453
"cg_vq_v",66754.2,-32.8453
"cg_vq_v",66754.2,-32.8453
"cg_vq_v",66754.2,-32.8453
"cg_vq_v",66754.2,-32.8453
"cg_vq_v",66754.3,-32.8453
"cg_vq_v",66754.3,-32.8453
"cg_vq_v",66754.3,-32.8453
"cg_vq_v",66754.3,-32.8453
"cg_vq_v",66754.3,-32.8453
"cg_vq_v",66754.3,-32.8453
"cg_vq_v",66754.3,-32.8453
"cg_vq_v",66754.3,-32.8453
"cg_vq_v",66754.3,-32.8453
"cg_vq_v",66754.4,-32.8453
"cg_vq_v",66754.4,-32.8453
"cg_vq_v",66754.4,-32.8453
"cg_vq_v",66754.4,-32.8453
"cg_vq_v",66754.4,-32.8453
"cg_vq_v",66754.4,-32.8453
"cg_vq_v",66754.4,-32.8453
"cg_vq_v",66754.4,-32.8453
"cg_vq_v",66754.4,-32.8453
"cg_vq_v",66754.4,-32.8453
"cg_vq_v",66754.5,-32.8453
"cg_vq_v",66754.5,-32.8453
"cg_vq_v",66754.5,-32.8453
"cg_vq_v",66754.5,-32.8453
"cg_vq_v",66754.5,-32.8453
"cg_vq_v",66754.5,-32.8453
"cg_vq_v",66754.5,-32.8453
"cg_vq_v",66754.5,-32.8453
"cg_vq_v",66754.5,-32.8453
"cg_vq_v",66754.5,-32.8453
"cg_vq_v",66754.5,-32.8453
"cg_vq_v",66754.6,-32.8453
"cg_vq_v",66754.6,-32.8453
"cg_vq_v",66754.6,-32.8453
"cg_vq_v",66754.6,-32.8453
"cg_vq_v",66754.6,-32.8453
"cg_vq_v",66754.6,-32.8453
"cg_vq_v",66754.6,-32.8453
"cg_vq_v",66754.6,-32.8453
"cg_vq_v",66754.6,-32.8453
"cg_vq_v",66754.7,-32.8453
"cg_vq_v",66754.7,-32.8453
"cg_vq_v",66754.7,-32.8453
"cg_vq_v",66754.7,-32.8453
"cg_vq_v",66754.7,-32.8453
"cg_vq_v",66754.7,-32.8453
"cg_vq_v",66754.8,-32.8453
"cg_vq_v",66754.8,-32.8453
"cg_vq_v",66754.8,-32.8453
"cg_vq_v",66754.8,-32.8453
"cg_vq_v",66754.8,-32.8453
"cg_vq_v",66754.8,-32.8453
"cg_vq_v",66754.9,-32.8453
"cg_vq_v",66754.9,-32.8453
"cg_vq_v",66754.9,-32.8453
"cg_vq_v",66754.9,-32.8453
"cg_vq_v",66754.9,-32.8453
"cg_vq_v",66754.9,-32.8453
"cg_vq_v",66754.9,-32.8453
"cg_vq_v",66754.9,-32.8453
"cg_vq_v",66755,-32.8453
"cg_vq_v",66755,-32.8453
"cg_vq_v",66755,-32.8453
"cg_vq_v",66755,-32.8453
"cg_vq_v",66755,-32.8453
"cg_vq_v",66755.1,-32.8453
"cg_vq_v",66755.1,-32.8453
"cg_vq_v",66755.1,-32.8453
"cg_vq_v",66755.1,-32.8453
"cg_vq_v",66755.1,-32.8453
"cg_vq_v",66755.1,-32.8453
"cg_vq_v",66755.1,-32.8453
"cg_vq_v",66755.1,-32.8453
"cg_vq_v",66755.1,-32.8453
"cg_vq_v",66755.1,-32.8453
"cg_vq_v",66755.2,-32.8453
"cg_vq_v",66755.2,-32.8453
"cg_vq_v",66755.2,-32.8453
"cg_vq_v",66755.2,-32.8453
"cg_vq_v",66755.2,-32.8453
"cg_vq_v",66755.2,-32.8453
"cg_vq_v",66755.2,-32.8453
"cg_vq_v",66755.2,-32.8453
"cg_vq_v",66755.2,-32.8453
"cg_vq_v",66755.2,-32.8453
"cg_vq_v",66755.2,-32.8453
"cg_vq_v",66755.3,-32.8453
"cg_vq_v",66755.3,-32.8453
"cg_vq_v",66755.3,-32.8453
"cg_vq_v",66755.3,-32.8453
"cg_vq_v",66755.3,-32.8453
"cg_vq_v",66755.3,-32.8453
"cg_vq_v",66755.3,-32.8453
"cg_vq_v",66755.3,-32.8453
"cg_vq_v",66755.3,-32.8453
"cg_vq_v",66755.3,-32.8453
"cg_vq_v",66755.3,-32.8453
"cg_vq_v",66755.4,-32.8453
"cg_vq_v",66755.4,-32.8453
"cg_vq_v",66755.4,-32.8453
"cg_vq_v",66755.4,-32.8453
"cg_vq_v",66755.4,-32.8453
"cg_vq_v",66755.4,-32.8453
"cg_vq_v",66755.4,-32.8453
"cg_vq_v",66755.4,-32.8453
"cg_vq_v",66755.4,-32.8453
"cg_vq_v",66755.4,-32.8453
"cg_vq_v",66755.4,-32.8453
"cg_vq_v",66755.5,-32.8453
"cg_vq_v",66755.5,-32.8453
"cg_vq_v",66755.5,-32.8453
"cg_vq_v",66755.5,-32.8453
"cg_vq_v",66755.5,-32.8453
"cg_vq_v",66755.5,-32.8453
"cg_vq_v",66755.5,-32.8453
"cg_vq_v",66755.5,-32.8453
"cg_vq_v",66755.5,-32.8453
"cg_vq_v",66755.5,-32.8453
"cg_vq_v",66755.5,-32.8453
"cg_vq_v",66755.5,-32.8453
"cg_vq_v",66755.6,-32.8453
"cg_vq_v",66755.6,-32.8453
"cg_vq_v",66755.6,-32.8453
"cg_vq_v",66755.6,-32.8453
"cg_vq_v",66755.6,-32.8453
"cg_vq_v",66755.6,-32.8453
"cg_vq_v",66755.6,-32.8453
"cg_vq_v",66755.6,-32.8453
"cg_vq_v",66755.6,-32.8453
"cg_vq_v",66755.6,-32.8453
"cg_vq_v",66755.6,-32.8453
"cg_vq_v",66755.7,-32.8453
"cg_vq_v",66755.7,-32.8453
"cg_vq_v",66755.7,-32.8453
"cg_vq_v",66755.7,-32.8453
"cg_vq_v",66755.7,-32.8453
"cg_vq_v",66755.7,-32.8453
"cg_vq_v",66755.7,-32.8453
"cg_vq_v",66755.7,-32.8453
"cg_vq_v",66755.7,-32.8453
"cg_vq_v",66755.7,-32.8453
"cg_vq_v",66755.7,-32.8453
"cg_vq_v",66755.8,-32.8453
"cg_vq_v",66755.8,-32.8453
"cg_vq_v",66755.8,-32.8453
"cg_vq_v",66755.8,-32.8453
"cg_vq_v",66755.8,-32.8453
"cg_vq_v",66755.8,-32.8453
"cg_vq_v",66755.8,-32.8453
"cg_vq_v",66755.8,-32.8453
"cg_vq_v",66755.8,-32.8453
"cg_vq_v",66755.8,-32.8453
"cg_vq_v",66755.8,-32.8453
"cg_vq_v",66755.9,-32.8453
"cg_vq_v",66755.9,-32.8453
"cg_vq_v",66755.9,-32.8453
"cg_vq_v",66755.9,-32.8453
"cg_vq_v",66755.9,-32.8453
"cg_vq_v",66755.9,-32.8453
"cg_vq_v",66755.9,-32.8453
"cg_vq_v",66755.9,-32.8453
"cg_vq_v",66755.9,-32.8453
"cg_vq_v",66755.9,-32.8453
"cg_vq_v",66756,-32.8453
"cg_vq_v",66756,-32.8453
"cg_vq_v",66756,-32.8453
"cg_vq_v",66756,-32.8453
"cg_vq_v",66756,-32.8453
"cg_vq_v",66756,-32.8453
"cg_vq_v",66756,-32.8453
"cg_vq_v",66756,-32.8453
"cg_vq_v",66756,-32.8453
"cg_vq_v",66756,-32.8453
"cg_vq_v",66756.1,-32.8453
"cg_vq_v",66756.1,-32.8453
"cg_vq_v",66756.1,-32.8453
"cg_vq_v",66756.1,-32.8453
"cg_vq_v",66756.1,-32.8453
"cg_vq_v",66756.1,-32.8453
"cg_vq_v",66756.1,-32.8453
"cg_vq_v",66756.1,-32.8453
"cg_vq_v",66756.1,-32.8453
"cg_vq_v",66756.1,-32.8453
"cg_vq_v",66756.1,-32.8453
"cg_vq_v",66756.2,-32.8453
"cg_vq_v",66756.2,-32.8453
"cg_vq_v",66756.2,-32.8453
"cg_vq_v",66756.2,-32.8453
"cg_vq_v",66756.2,-32.8453
"cg_vq_v",66756.2,-32.8453
"cg_vq_v",66756.2,-32.8453
"cg_vq_v",66756.2,-32.8453
"cg_vq_v",66756.2,-32.8453
"cg_vq_v",66756.2,-32.8453
"cg_vq_v",66756.3,-32.8453
"cg_vq_v",66756.3,-32.8453
"cg_vq_v",66756.3,-32.8453
"cg_vq_v",66756.3,-32.8453
"cg_vq_v",66756.3,-32.8453
"cg_vq_v",66756.3,-32.8453
"cg_vq_v",66756.3,-32.8453
"cg_vq_v",66756.3,-32.8453
"cg_vq_v",66756.3,-32.8453
"cg_vq_v",66756.4,-32.8453
"cg_vq_v",66756.4,-32.8453
"cg_vq_v",66756.4,-32.8453
"cg_vq_v",66756.4,-32.8453
"cg_vq_v",66756.4,-32.8453
"cg_vq_v",66756.4,-32.8453
"cg_vq_v",66756.4,-32.8453
"cg_vq_v",66756.4,-32.8453
"cg_vq_v",66756.4,-32.8453
"cg_vq_v",66756.4,-32.8453
"cg_vq_v",66756.5,-32.8453
"cg_vq_v",66756.5,-32.8453
"cg_vq_v",66756.5,-32.8453
"cg_vq_v",66756.5,-32.8453
"cg_vq_v",66756.5,-32.8453
"cg_vq_v",66756.5,-32.8453
"cg_vq_v",66756.5,-32.8453
"cg_vq_v",66756.5,-32.8453
"cg_vq_v",66756.5,-32.8453
"cg_vq_v",66756.5,-32.8453
"cg_vq_v",66756.6,-32.8453
"cg_vq_v",66756.6,-32.8453
"cg_vq_v",66756.6,-32.8453
"cg_vq_v",66756.6,-32.8453
"cg_vq_v",66756.6,-32.8453
"cg_vq_v",66756.6,-32.8453
"cg_vq_v",66756.6,-32.8453
"cg_vq_v",66756.6,-32.8453
"cg_vq_v",66756.6,-32.8453
"cg_vq_v",66756.6,-32.8453
"cg_vq_v",66756.6,-32.8453
"cg_vq_v",66756.7,-32.8453
"cg_vq_v",66756.7,-32.8453
"cg_vq_v",66756.7,-32.8453
"cg_vq_v",66756.7,-32.8453
"cg_vq_v",66756.7,-32.8453
"cg_vq_v",66756.7,-32.8453
"cg_vq_v",66756.7,-32.8453
"cg_vq_v",66756.7,-32.8453
"cg_vq_v",66756.7,-32.8453
"cg_vq_v",66756.8,-32.8453
"cg_vq_v",66756.8,-32.8453
"cg_vq_v",66756.8,-32.8453
"cg_vq_v",66756.8,-32.8453
"cg_vq_v",66756.8,-32.8453
"cg_vq_v",66756.8,-32.8453
"cg_vq_v",66756.8,-32.8453
"cg_vq_v",66756.8,-32.8453
"cg_vq_v",66756.8,-32.8453
"cg_vq_v",66756.8,-32.8453
"cg_vq_v",66756.9,-32.8453
"cg_vq_v",66756.9,-32.8453
"cg_vq_v",66756.9,-32.8453
"cg_vq_v",66756.9,-32.8453
"cg_vq_v",66756.9,-32.8453
"cg_vq_v",66756.9,-32.8453
"cg_vq_v",66756.9,-32.8453
"cg_vq_v",66756.9,-32.8453
"cg_vq_v",66756.9,-32.8453
"cg_vq_v",66756.9,-32.8453
"cg_vq_v",66757,-32.8453
"cg_vq_v",66757,-32.8453
"cg_vq_v",66757,-32.8453
"cg_vq_v",66757,-32.8453
"cg_vq_v",66757,-32.8453
"cg_vq_v",66757,-32.8453
"cg_vq_v",66757,-32.8453
"cg_vq_v",66757,-32.8453
"cg_vq_v",66757,-32.8453
"cg_vq_v",66757,-32.8453
"cg_vq_v",66757,-32.8453
"cg_vq_v",66757.1,-32.8453
"cg_vq_v",66757.1,-32.8453
"cg_vq_v",66757.1,-32.8453
"cg_vq_v",66757.1,-32.8453
"cg_vq_v",66757.1,-32.8453
"cg_vq_v",66757.1,-32.8453
"cg_vq_v",66757.1,-32.8453
"cg_vq_v",66757.1,-32.8453
"cg_vq_v",66757.1,-32.8453
"cg_vq_v",66757.1,-32.8453
"cg_vq_v",66757.2,-32.8453
"cg_vq_v",66757.2,-32.8453
"cg_vq_v",66757.2,-32.8453
"cg_vq_v",66757.2,-32.8453
"cg_vq_v",66757.2,-32.8453
"cg_vq_v",66757.2,-32.8453
"cg_vq_v",66757.2,-32.8453
"cg_vq_v",66757.2,-32.8453
"cg_vq_v",66757.2,-32.8453
"cg_vq_v",66757.2,-32.8453
"cg_vq_v",66757.3,-32.8453
"cg_vq_v",66757.3,-32.8453
"cg_vq_v",66757.3,-32.8453
"cg_vq_v",66757.3,-32.8453
"cg_vq_v",66757.3,-32.8453
"cg_vq_v",66757.3,-32.8453
"cg_vq_v",66757.3,-32.8453
"cg_vq_v",66757.3,-32.8453
"cg_vq_v",66757.3,-32.8453
"cg_vq_v",66757.4,-32.8453
"cg_vq_v",66757.4,-32.8453
"cg_vq_v",66757.4,-32.8453
"cg_vq_v",66757.4,-32.8453
"cg_vq_v",66757.4,-32.8453
"cg_vq_v",66757.4,-32.8453
"cg_vq_v",66757.4,-32.8453
"cg_vq_v",66757.4,-32.8453
"cg_vq_v",66757.4,-32.8453
"cg_vq_v",66757.4,-32.8453
"cg_vq_v",66757.5,-32.8453
"cg_vq_v",66757.5,-32.8453
"cg_vq_v",66757.5,-32.8453
"cg_vq_v",66757.5,-32.8453
"cg_vq_v",66757.5,-32.8453
"cg_vq_v",66757.5,-32.8453
"cg_vq_v",66757.5,-32.8453
"cg_vq_v",66757.5,-32.8453
"cg_vq_v",66757.5,-32.8453
"cg_vq_v",66757.5,-32.8453
"cg_vq_v",66757.5,-32.8453
"cg_vq_v",66757.6,-32.8453
"cg_vq_v",66757.6,-32.8453
"cg_vq_v",66757.6,-32.8453
"cg_vq_v",66757.6,-32.8453
"cg_vq_v",66757.6,-32.8453
"cg_vq_v",66757.6,-32.8453
"cg_vq_v",66757.6,-32.8453
"cg_vq_v",66757.6,-32.8453
"cg_vq_v",66757.6,-32.8453
"cg_vq_v",66757.6,-32.8453
"cg_vq_v",66757.7,-32.8453
"cg_vq_v",66757.7,-32.8453
"cg_vq_v",66757.7,-32.8453
"cg_vq_v",66757.7,-32.8453
"cg_vq_v",66757.7,-32.8453
"cg_vq_v",66757.7,-32.8453
"cg_vq_v",66757.7,-32.8453
"cg_vq_v",66757.7,-32.8453
"cg_vq_v",66757.7,-32.8453
"cg_vq_v",66757.8,-32.8453
"cg_vq_v",66757.8,-32.8453
"cg_vq_v",66757.8,-32.8453
"cg_vq_v",66757.8,-32.8453
"cg_vq_v",66757.8,-32.8453
"cg_vq_v",66757.8,-32.8453
"cg_vq_v",66757.8,-32.8453
"cg_vq_v",66757.8,-32.8453
"cg_vq_v",66757.8,-32.8453
"cg_vq_v",66757.8,-32.8453
"cg_vq_v",66757.9,-32.8453
"cg_vq_v",66757.9,-32.8453
"cg_vq_v",66757.9,-32.8453
"cg_vq_v",66757.9,-32.8453
"cg_vq_v",66757.9,-32.8453
"cg_vq_v",66757.9,-32.8453
"cg_vq_v",66757.9,-32.8453
"cg_vq_v",66757.9,-32.8453
"cg_vq_v",66757.9,-32.8453
"cg_vq_v",66757.9,-32.8453
"cg_vq_v",66758,-32.8453
"cg_vq_v",66758,-32.8453
"cg_vq_v",66758,-32.8453
"cg_vq_v",66758,-32.8453
"cg_vq_v",66758,-32.8453
"cg_vq_v",66758,-32.8453
"cg_vq_v",66758,-32.8453
"cg_vq_v",66758,-32.8453
"cg_vq_v",66758,-32.8453
"cg_vq_v",66758,-32.8453
"cg_vq_v",66758.1,-32.8453
"cg_vq_v",66758.1,-32.8453
"cg_vq_v",66758.1,-32.8453
"cg_vq_v",66758.1,-32.8453
"cg_vq_v",66758.1,-32.8453
"cg_vq_v",66758.1,-32.8453
"cg_vq_v",66758.1,-32.8453
"cg_vq_v",66758.1,-32.8453
"cg_vq_v",66758.1,-32.8453
"cg_vq_v",66758.1,-32.8453
"cg_vq_v",66758.2,-32.8453
"cg_vq_v",66758.2,-32.8453
"cg_vq_v",66758.2,-32.8453
"cg_vq_v",66758.2,-32.8453
"cg_vq_v",66758.2,-32.8453
"cg_vq_v",66758.2,-32.8453
"cg_vq_v",66758.2,-32.8453
"cg_vq_v",66758.2,-32.8453
"cg_vq_v",66758.2,-32.8453
"cg_vq_v",66758.2,-32.8453
"cg_vq_v",66758.2,-32.8453
"cg_vq_v",66758.3,-32.8453
"cg_vq_v",66758.3,-32.8453
"cg_vq_v",66758.3,-32.8453
"cg_vq_v",66758.3,-32.8453
"cg_vq_v",66758.3,-32.8453
"cg_vq_v",66758.3,-32.8453
"cg_vq_v",66758.3,-32.8453
"cg_vq_v",66758.3,-32.8453
"cg_vq_v",66758.3,-32.8453
"cg_vq_v",66758.4,-32.8453
"cg_vq_v",66758.4,-32.8453
"cg_vq_v",66758.4,-32.8453
"cg_vq_v",66758.4,-32.8453
"cg_vq_v",66758.4,-32.8453
"cg_vq_v",66758.4,-32.8453
"cg_vq_v",66758.4,-32.8453
"cg_vq_v",66758.4,-32.8453
"cg_vq_v",66758.4,-32.8453
"cg_vq_v",66758.4,-32.8453
"cg_vq_v",66758.5,-32.8453
"cg_vq_v",66758.5,-32.8453
"cg_vq_v",66758.5,-32.8453
"cg_vq_v",66758.5,-32.8453
"cg_vq_v",66758.5,-32.8453
"cg_vq_v",66758.5,-32.8453
"cg_vq_v",66758.5,-32.8453
"cg_vq_v",66758.5,-32.8453
"cg_vq_v",66758.5,-32.8453
"cg_vq_v",66758.5,-32.8453
"cg_vq_v",66758.6,-32.8453
"cg_vq_v",66758.6,-32.8453
"cg_vq_v",66758.6,-32.8453
"cg_vq_v",66758.6,-32.8453
"cg_vq_v",66758.6,-32.8453
"cg_vq_v",66758.6,-32.8453
"cg_vq_v",66758.6,-32.8453
"cg_vq_v",66758.6,-32.8453
"cg_vq_v",66758.6,-32.8453
"cg_vq_v",66758.6,-32.8453
"cg_vq_v",66758.6,-32.8453
"cg_vq_v",66758.7,-32.8453
"cg_vq_v",66758.7,-32.8453
"cg_vq_v",66758.7,-32.8453
"cg_vq_v",66758.7,-32.8453
"cg_vq_v",66758.7,-32.8453
"cg_vq_v",66758.7,-32.8453
"cg_vq_v",66758.7,-32.8453
"cg_vq_v",66758.7,-32.8453
"cg_vq_v",66758.7,-32.8453
"cg_vq_v",66758.8,-32.8453
"cg_vq_v",66758.8,-32.8453
"cg_vq_v",66758.8,-32.8453
"cg_vq_v",66758.8,-32.8453
"cg_vq_v",66758.8,-32.8453
"cg_vq_v",66758.8,-32.8453
"cg_vq_v",66758.8,-32.8453
"cg_vq_v",66758.8,-32.8453
"cg_vq_v",66758.8,-32.8453
"cg_vq_v",66758.8,-32.8453
"cg_vq_v",66758.9,-32.8453
"cg_vq_v",66758.9,-32.8453
"cg_vq_v",66758.9,-32.8453
"cg_vq_v",66758.9,-32.8453
"cg_vq_v",66758.9,-32.8453
"cg_vq_v",66758.9,-32.8453
"cg_vq_v",66758.9,-32.8453
"cg_vq_v",66758.9,-32.8453
"cg_vq_v",66758.9,-32.8453
"cg_vq_v",66758.9,-32.8453
"cg_vq_v",66759,-32.8453
"cg_vq_v",66759,-32.8453
"cg_vq_v",66759,-32.8453
"cg_vq_v",66759,-32.8453
"cg_vq_v",66759,-32.8453
"cg_vq_v",66759,-32.8453
"cg_vq_v",66759,-32.8453
"cg_vq_v",66759,-32.8453
"cg_vq_v",66759,-32.8453
"cg_vq_v",66759,-32.8453
"cg_vq_v",66759.1,-32.8453
"cg_vq_v",66759.1,-32.8453
"cg_vq_v",66759.1,-32.8453
"cg_vq_v",66759.1,-32.8453
"cg_vq_v",66759.1,-32.8453
"cg_vq_v",66759.1,-32.8453
"cg_vq_v",66759.1,-32.8453
"cg_vq_v",66759.1,-32.8453
"cg_vq_v",66759.1,-32.8453
"cg_vq_v",66759.1,-32.8453
"cg_vq_v",66759.2,-32.8453
"cg_vq_v",66759.2,-32.8453
"cg_vq_v",66759.2,-32.8453
"cg_vq_v",66759.2,-32.8453
"cg_vq_v",66759.2,-32.8453
"cg_vq_v",66759.2,-32.8453
"cg_vq_v",66759.2,-32.8453
"cg_vq_v",66759.2,-32.8453
"cg_vq_v",66759.2,-32.8453
"cg_vq_v",66759.2,-32.8453
"cg_vq_v",66759.3,-32.8453
"cg_vq_v",66759.3,-32.8453
"cg_vq_v",66759.3,-32.8453
"cg_vq_v",66759.3,-32.8453
"cg_vq_v",66759.3,-32.8453
"cg_vq_v",66759.3,-32.8453
"cg_vq_v",66759.3,-32.8453
"cg_vq_v",66759.3,-32.8453
"cg_vq_v",66759.3,-32.8453
"cg_vq_v",66759.4,-32.8453
"cg_vq_v",66759.4,-32.8453
"cg_vq_v",66759.4,-32.8453
"cg_vq_v",66759.4,-32.8453
"cg_vq_v",66759.4,-32.8453
"cg_vq_v",66759.4,-32.8453
"cg_vq_v",66759.4,-32.8453
"cg_vq_v",66759.4,-32.8453
"cg_vq_v",66759.4,-32.8453
"cg_vq_v",66759.4,-32.8453
"cg_vq_v",66759.4,-32.8453
"cg_vq_v",66759.5,-32.8453
"cg_vq_v",66759.5,-32.8453
"cg_vq_v",66759.5,-32.8453
"cg_vq_v",66759.5,-32.8453
"cg_vq_v",66759.5,-32.8453
"cg_vq_v",66759.5,-32.8453
"cg_vq_v",66759.5,-32.8453
"cg_vq_v",66759.5,-32.8453
"cg_vq_v",66759.5,-32.8453
"cg_vq_v",66759.5,-32.8453
"cg_vq_v",66759.6,-32.8453
"cg_vq_v",66759.6,-32.8453
"cg_vq_v",66759.6,-32.8453
"cg_vq_v",66759.6,-32.8453
"cg_vq_v",66759.6,-32.8453
"cg_vq_v",66759.6,-32.8453
"cg_vq_v",66759.6,-32.8453
"cg_vq_v",66759.6,-32.8453
"cg_vq_v",66759.6,-32.8453
"cg_vq_v",66759.6,-32.8453
"cg_vq_v",66759.7,-32.8453
"cg_vq_v",66759.7,-32.8453
"cg_vq_v",66759.7,-32.8453
"cg_vq_v",66759.7,-32.8453
"cg_vq_v",66759.7,-32.8453
"cg_vq_v",66759.7,-32.8453
"cg_vq_v",66759.7,-32.8453
"cg_vq_v",66759.7,-32.8453
"cg_vq_v",66759.7,-32.8453
"cg_vq_v",66759.8,-32.8453
"cg_vq_v",66759.8,-32.8453
"cg_vq_v",66759.8,-32.8453
"cg_vq_v",66759.8,-32.8453
"cg_vq_v",66759.8,-32.8453
"cg_vq_v",66759.8,-32.8453
"cg_vq_v",66759.8,-32.8453
"cg_vq_v",66759.8,-32.8453
"cg_vq_v",66759.8,-32.8453
"cg_vq_v",66759.8,-32.8453
"cg_vq_v",66759.8,-32.8453
"cg_vq_v",66759.9,-32.8453
"cg_vq_v",66759.9,-32.8453
"cg_vq_v",66759.9,-32.8453
"cg_vq_v",66759.9,-32.8453
"cg_vq_v",66759.9,-32.8453
"cg_vq_v",66759.9,-32.8453
"cg_vq_v",66759.9,-32.8453
"cg_vq_v",66759.9,-32.8453
"cg_vq_v",66759.9,-32.8453
"cg_vq_v",66759.9,-32.8453
"cg_vq_v",66760,-32.8453
"cg_vq_v",66760,-32.8453
"cg_vq_v",66760,-32.8453
"cg_vq_v",66760,-32.8453
"cg_vq_v",66760,-32.8453
"cg_vq_v",66760,-32.8453
"cg_vq_v",66760,-32.8453
"cg_vq_v",66760,-32.8453
"cg_vq_v",66760,-32.8453
"cg_vq_v",66760,-32.8453
"cg_vq_v",66760.1,-32.8453
"cg_vq_v",66760.1,-32.8453
"cg_vq_v",66760.1,-32.8453
"cg_vq_v",66760.1,-32.8453
"cg_vq_v",66760.1,-32.8453
"cg_vq_v",66760.1,-32.8453
"cg_vq_v",66760.1,-32.8453
"cg_vq_v",66760.1,-32.8453
"cg_vq_v",66760.1,-32.8453
"cg_vq_v",66760.1,-32.8453
"cg_vq_v",66760.2,-32.8453
"cg_vq_v",66760.2,-32.8453
"cg_vq_v",66760.2,-32.8453
"cg_vq_v",66760.2,-32.8453
"cg_vq_v",66760.2,-32.8453
"cg_vq_v",66760.2,-32.8453
"cg_vq_v",66760.2,-32.8453
"cg_vq_v",66760.2,-32.8453
"cg_vq_v",66760.2,-32.8453
"cg_vq_v",66760.2,-32.8453
"cg_vq_v",66760.3,-32.8453
"cg_vq_v",66760.3,-32.8453
"cg_vq_v",66760.3,-32.8453
"cg_vq_v",66760.3,-32.8453
"cg_vq_v",66760.3,-32.8453
"cg_vq_v",66760.3,-32.8453
"cg_vq_v",66760.3,-32.8453
"cg_vq_v",66760.3,-32.8453
"cg_vq_v",66760.3,-32.8453
"cg_vq_v",66760.4,-32.8453
"cg_vq_v",66760.4,-32.8453
"cg_vq_v",66760.4,-32.8453
"cg_vq_v",66760.4,-32.8453
"cg_vq_v",66760.4,-32.8453
"cg_vq_v",66760.4,-32.8453
"cg_vq_v",66760.4,-32.8453
"cg_vq_v",66760.4,-32.8453
"cg_vq_v",66760.4,-32.8453
"cg_vq_v",66760.4,-32.8453
"cg_vq_v",66760.5,-32.8453
"cg_vq_v",66760.5,-32.8453
"cg_vq_v",66760.5,-32.8453
"cg_vq_v",66760.5,-32.8453
"cg_vq_v",66760.5,-32.8453
"cg_vq_v",66760.5,-32.8453
"cg_vq_v",66760.5,-32.8453
"cg_vq_v",66760.5,-32.8453
"cg_vq_v",66760.5,-32.8453
"cg_vq_v",66760.5,-32.8453
"cg_vq_v",66760.6,-32.8453
"cg_vq_v",66760.6,-32.8453
"cg_vq_v",66760.6,-32.8453
"cg_vq_v",66760.6,-32.8453
"cg_vq_v",66760.6,-32.8453
"cg_vq_v",66760.6,-32.8453
"cg_vq_v",66760.6,-32.8453
"cg_vq_v",66760.6,-32.8453
"cg_vq_v",66760.6,-32.8453
"cg_vq_v",66760.6,-32.8453
"cg_vq_v",66760.7,-32.8453
"cg_vq_v",66760.7,-32.8453
"cg_vq_v",66760.7,-32.8453
"cg_vq_v",66760.7,-32.8453
"cg_vq_v",66760.7,-32.8453
"cg_vq_v",66760.7,-32.8453
"cg_vq_v",66760.7,-32.8453
"cg_vq_v",66760.7,-32.8453
"cg_vq_v",66760.7,-32.8453
"cg_vq_v",66760.7,-32.8453
"cg_vq_v",66760.8,-32.8453
"cg_vq_v",66760.8,-32.8453
"cg_vq_v",66760.8,-32.8453
"cg_vq_v",66760.8,-32.8453
"cg_vq_v",66760.8,-32.8453
"cg_vq_v",66760.8,-32.8453
"cg_vq_v",66760.8,-32.8453
"cg_vq_v",66760.8,-32.8453
"cg_vq_v",66760.8,-32.8453
"cg_vq_v",66760.8,-32.8453
"cg_vq_v",66760.9,-32.8453
"cg_vq_v",66760.9,-32.8453
"cg_vq_v",66760.9,-32.8453
"cg_vq_v",66760.9,-32.8453
"cg_vq_v",66760.9,-32.8453
"cg_vq_v",66760.9,-32.8453
"cg_vq_v",66760.9,-32.8453
"cg_vq_v",66760.9,-32.8453
"cg_vq_v",66760.9,-32.8453
"cg_vq_v",66760.9,-32.8453
"cg_vq_v",66761,-32.8453
"cg_vq_v",66761,-32.8453
"cg_vq_v",66761,-32.8453
"cg_vq_v",66761,-32.8453
"cg_vq_v",66761,-32.8453
"cg_vq_v",66761,-32.8453
"cg_vq_v",66761,-32.8453
"cg_vq_v",66761,-32.8453
"cg_vq_v",66761,-32.8453
"cg_vq_v",66761,-32.8453
"cg_vq_v",66761.1,-32.8453
"cg_vq_v",66761.1,-32.8453
"cg_vq_v",66761.1,-32.8453
"cg_vq_v",66761.1,-32.8453
"cg_vq_v",66761.1,-32.8453
"cg_vq_v",66761.1,-32.8453
"cg_vq_v",66761.1,-32.8453
"cg_vq_v",66761.1,-32.8453
"cg_vq_v",66761.1,-32.8453
"cg_vq_v",66761.1,-32.8453
"cg_vq_v",66761.2,-32.8453
"cg_vq_v",66761.2,-32.8453
"cg_vq_v",66761.2,-32.8453
"cg_vq_v",66761.2,-32.8453
"cg_vq_v",66761.2,-32.8453
"cg_vq_v",66761.2,-32.8453
"cg_vq_v",66761.2,-32.8453
"cg_vq_v",66761.2,-32.8453
"cg_vq_v",66761.2,-32.8453
"cg_vq_v",66761.2,-32.8453
"cg_vq_v",66761.2,-32.8453
"cg_vq_v",66761.3,-32.8453
"cg_vq_v",66761.3,-32.8453
"cg_vq_v",66761.3,-32.8453
"cg_vq_v",66761.3,-32.8453
"cg_vq_v",66761.3,-32.8453
"cg_vq_v",66761.3,-32.8453
"cg_vq_v",66761.3,-32.8453
"cg_vq_v",66761.3,-32.8453
"cg_vq_v",66761.3,-32.8453
"cg_vq_v",66761.4,-32.8453
"cg_vq_v",66761.4,-32.8453
"cg_vq_v",66761.4,-32.8453
"cg_vq_v",66761.4,-32.8453
"cg_vq_v",66761.4,-32.8453
"cg_vq_v",66761.4,-32.8453
"cg_vq_v",66761.4,-32.8453
"cg_vq_v",66761.4,-32.8453
"cg_vq_v",66761.4,-32.8453
"cg_vq_v",66761.4,-32.8453
"cg_vq_v",66761.5,-32.8453
"cg_vq_v",66761.5,-32.8453
"cg_vq_v",66761.5,-32.8453
"cg_vq_v",66761.5,-32.8453
"cg_vq_v",66761.5,-32.8453
"cg_vq_v",66761.5,-32.8453
"cg_vq_v",66761.5,-32.8453
"cg_vq_v",66761.5,-32.8453
"cg_vq_v",66761.5,-32.8453
"cg_vq_v",66761.5,-32.8453
"cg_vq_v",66761.6,-32.8453
"cg_vq_v",66761.6,-32.8453
"cg_vq_v",66761.6,-32.8453
"cg_vq_v",66761.6,-32.8453
"cg_vq_v",66761.6,-32.8453
"cg_vq_v",66761.6,-32.8453
"cg_vq_v",66761.6,-32.8453
"cg_vq_v",66761.6,-32.8453
"cg_vq_v",66761.6,-32.8453
"cg_vq_v",66761.6,-32.8453
"cg_vq_v",66761.7,-32.8453
"cg_vq_v",66761.7,-32.8453
"cg_vq_v",66761.7,-32.8453
"cg_vq_v",66761.7,-32.8453
"cg_vq_v",66761.7,-32.8453
"cg_vq_v",66761.7,-32.8453
"cg_vq_v",66761.7,-32.8453
"cg_vq_v",66761.7,-32.8453
"cg_vq_v",66761.7,-32.8453
"cg_vq_v",66761.8,-32.8453
"cg_vq_v",66761.8,-32.8453
"cg_vq_v",66761.8,-32.8453
"cg_vq_v",66761.8,-32.8453
"cg_vq_v",66761.8,-32.8453
"cg_vq_v",66761.8,-32.8453
"cg_vq_v",66761.8,-32.8453
"cg_vq_v",66761.8,-32.8453
"cg_vq_v",66761.8,-32.8453
"cg_vq_v",66761.8,-32.8453
"cg_vq_v",66761.9,-32.8453
"cg_vq_v",66761.9,-32.8453
"cg_vq_v",66761.9,-32.8453
"cg_vq_v",66761.9,-32.8453
"cg_vq_v",66761.9,-32.8453
"cg_vq_v",66761.9,-32.8453
"cg_vq_v",66761.9,-32.8453
"cg_vq_v",66761.9,-32.8453
"cg_vq_v",66761.9,-32.8453
"cg_vq_v",66761.9,-32.8453
"cg_vq_v",66761.9,-32.8453
"cg_vq_v",66762,-32.8453
"cg_vq_v",66762,-32.8453
"cg_vq_v",66762,-32.8453
"cg_vq_v",66762,-32.8453
"cg_vq_v",66762,-32.8453
"cg_vq_v",66762,-32.8453
"cg_vq_v",66762,-32.8453
"cg_vq_v",66762,-32.8453
"cg_vq_v",66762,-32.8453
"cg_vq_v",66762,-32.8453
"cg_vq_v",66762.1,-32.8453
"cg_vq_v",66762.1,-32.8453
"cg_vq_v",66762.1,-32.8453
"cg_vq_v",66762.1,-32.8453
"cg_vq_v",66762.1,-32.8453
"cg_vq_v",66762.1,-32.8453
"cg_vq_v",66762.1,-32.8453
"cg_vq_v",66762.1,-32.8453
"cg_vq_v",66762.1,-32.8453
"cg_vq_v",66762.1,-32.8453
"cg_vq_v",66762.2,-32.8453
"cg_vq_v",66762.2,-32.8453
"cg_vq_v",66762.2,-32.8453
"cg_vq_v",66762.2,-32.8453
"cg_vq_v",66762.2,-32.8453
"cg_vq_v",66762.2,-32.8453
"cg_vq_v",66762.2,-32.8453
"cg_vq_v",66762.2,-32.8453
"cg_vq_v",66762.2,-32.8453
"cg_vq_v",66762.2,-32.8453
"cg_vq_v",66762.3,-32.8453
"cg_vq_v",66762.3,-32.8453
"cg_vq_v",66762.3,-32.8453
"cg_vq_v",66762.3,-32.8453
"cg_vq_v",66762.3,-32.8453
"cg_vq_v",66762.3,-32.8453
"cg_vq_v",66762.3,-32.8453
"cg_vq_v",66762.3,-32.8453
"cg_vq_v",66762.3,-32.8453
"cg_vq_v",66762.3,-32.8453
"cg_vq_v",66762.4,-32.8453
"cg_vq_v",66762.4,-32.8453
"cg_vq_v",66762.4,-32.8453
"cg_vq_v",66762.4,-32.8453
"cg_vq_v",66762.4,-32.8453
"cg_vq_v",66762.4,-32.8453
"cg_vq_v",66762.4,-32.8453
"cg_vq_v",66762.4,-32.8453
"cg_vq_v",66762.4,-32.8453
"cg_vq_v",66762.4,-32.8453
"cg_vq_v",66762.5,-32.8453
"cg_vq_v",66762.5,-32.8453
"cg_vq_v",66762.5,-32.8453
"cg_vq_v",66762.5,-32.8453
"cg_vq_v",66762.5,-32.8453
"cg_vq_v",66762.5,-32.8453
"cg_vq_v",66762.5,-32.8453
"cg_vq_v",66762.5,-32.8453
"cg_vq_v",66762.5,-32.8453
"cg_vq_v",66762.5,-32.8453
"cg_vq_v",66762.6,-32.8453
"cg_vq_v",66762.6,-32.8453
"cg_vq_v",66762.6,-32.8453
"cg_vq_v",66762.6,-32.8453
"cg_vq_v",66762.6,-32.8453
"cg_vq_v",66762.6,-32.8453
"cg_vq_v",66762.6,-32.8453
"cg_vq_v",66762.6,-32.8453
"cg_vq_v",66762.6,-32.8453
"cg_vq_v",66762.6,-32.8453
"cg_vq_v",66762.7,-32.8453
"cg_vq_v",66762.7,-32.8453
"cg_vq_v",66762.7,-32.8453
"cg_vq_v",66762.7,-32.8453
"cg_vq_v",66762.7,-32.8453
"cg_vq_v",66762.7,-32.8453
"cg_vq_v",66762.7,-32.8453
"cg_vq_v",66762.7,-32.8453
"cg_vq_v",66762.7,-32.8453
"cg_vq_v",66762.7,-32.8453
"cg_vq_v",66762.8,-32.8453
"cg_vq_v",66762.8,-32.8453
"cg_vq_v",66762.8,-32.8453
"cg_vq_v",66762.8,-32.8453
"cg_vq_v",66762.8,-32.8453
"cg_vq_v",66762.8,-32.8453
"cg_vq_v",66762.8,-32.8453
"cg_vq_v",66762.8,-32.8453
"cg_vq_v",66762.8,-32.8453
"cg_vq_v",66762.8,-32.8453
"cg_vq_v",66762.9,-32.8453
"cg_vq_v",66762.9,-32.8453
"cg_vq_v",66762.9,-32.8453
"cg_vq_v",66762.9,-32.8453
"cg_vq_v",66762.9,-32.8453
"cg_vq_v",66762.9,-32.8453
"cg_vq_v",66762.9,-32.8453
"cg_vq_v",66762.9,-32.8453
"cg_vq_v",66762.9,-32.8453
"cg_vq_v",66762.9,-32.8453
"cg_vq_v",66763,-32.8453
"cg_vq_v",66763,-32.8453
"cg_vq_v",66763,-32.8453
"cg_vq_v",66763,-32.8453
"cg_vq_v",66763,-32.8453
"cg_vq_v",66763,-32.8453
"cg_vq_v",66763,-32.8453
"cg_vq_v",66763,-32.8453
"cg_vq_v",66763,-32.8453
"cg_vq_v",66763,-32.8453
"cg_vq_v",66763.1,-32.8453
"cg_vq_v",66763.1,-32.8453
"cg_vq_v",66763.1,-32.8453
"vdc_v",66733.1,49.268
"vdc_v",66733.2,49.268
"vdc_v",66733.2,49.268
"vdc_v",66733.2,49.268
"vdc_v",66733.2,49.268
"vdc_v",66733.2,49.268
"vdc_v",66733.2,49.268
"vdc_v",66733.2,49.268
"vdc_v",66733.2,49.268
"vdc_v",66733.2,49.268
"vdc_v",66733.2,48.8281
"vdc_v",66733.3,49.268
"vdc_v",66733.3,49.268
"vdc_v",66733.3,49.268
"vdc_v",66733.3,49.268
"vdc_v",66733.3,49.268
"vdc_v",66733.3,49.268
"vdc_v",66733.3,49.268
"vdc_v",66733.3,49.268
"vdc_v",66733.3,49.268
"vdc_v",66733.3,49.268
"vdc_v",66733.4,49.268
"vdc_v",66733.4,49.268
"vdc_v",66733.4,49.268
"vdc_v",66733.4,49.268
"vdc_v",66733.4,49.268
"vdc_v",66733.4,49.268
"vdc_v",66733.4,49.268
"vdc_v",66733.4,49.268
"vdc_v",66733.4,49.268
"vdc_v",66733.4,49.268
"vdc_v",66733.5,49.268
"vdc_v",66733.5,49.268
"vdc_v",66733.5,49.268
"vdc_v",66733.5,49.268
"vdc_v",66733.5,48.8281
"vdc_v",66733.5,49.268
"vdc_v",66733.5,49.268
"vdc_v",66733.5,49.268
"vdc_v",66733.5,49.268
"vdc_v",66733.5,49.268
"vdc_v",66733.6,49.268
"vdc_v",66733.6,49.268
"vdc_v",66733.6,49.268
"vdc_v",66733.6,49.268
"vdc_v",66733.6,48.8281
"vdc_v",66733.6,49.268
"vdc_v",66733.6,49.268
"vdc_v",66733.6,49.268
"vdc_v",66733.6,49.268
"vdc_v",66733.6,49.268
"vdc_v",66733.7,49.268
"vdc_v",66733.7,49.268
"vdc_v",66733.7,49.268
"vdc_v",66733.7,49.268
"vdc_v",66733.7,49.268
"vdc_v",66733.7,49.268
"vdc_v",66733.7,49.268
"vdc_v",66733.7,49.268
"vdc_v",66733.7,49.268
"vdc_v",66733.7,49.268
"vdc_v",66733.8,49.268
"vdc_v",66733.8,49.268
"vdc_v",66733.8,49.268
"vdc_v",66733.8,49.268
"vdc_v",66733.8,49.268
"vdc_v",66733.8,49.268
"vdc_v",66733.8,49.268
"vdc_v",66733.8,49.268
"vdc_v",66733.8,49.268
"vdc_v",66733.8,49.268
"vdc_v",66733.9,49.268
"vdc_v",66733.9,49.268
"vdc_v",66733.9,49.268
"vdc_v",66733.9,48.8281
"vdc_v",66733.9,48.8281
"vdc_v",66733.9,49.268
"vdc_v",66733.9,49.268
"vdc_v",66733.9,49.268
"vdc_v",66733.9,49.268
"vdc_v",66733.9,49.268
"vdc_v",66734,49.268
"vdc_v",66734,49.268
"vdc_v",66734,49.268
"vdc_v",66734,49.268
"vdc_v",66734,49.268
"vdc_v",66734,49.268
"vdc_v",66734,49.268
"vdc_v",66734,49.268
"vdc_v",66734,49.268
"vdc_v",66734,49.268
"vdc_v",66734.1,49.268
"vdc_v",66734.1,49.268
"vdc_v",66734.1,49.268
"vdc_v",66734.1,49.268
"vdc_v",66734.1,48.8281
"vdc_v",66734.1,49.268
"vdc_v",66734.1,49.268
"vdc_v",66734.1,49.268
"vdc_v",66734.1,49.268
"vdc_v",66734.1,49.268
"vdc_v",66734.2,49.268
"vdc_v",66734.2,49.268
"vdc_v",66734.2,49.268
"vdc_v",66734.2,49.268
"vdc_v",66734.2,49.268
"vdc_v",66734.2,49.268
"vdc_v",66734.2,49.268
"vdc_v",66734.2,49.268
"vdc_v",66734.2,49.268
"vdc_v",66734.2,49.268
"vdc_v",66734.2,49.268
"vdc_v",66734.3,49.268
"vdc_v",66734.3,49.268
"vdc_v",66734.3,49.268
"vdc_v",66734.3,49.268
"vdc_v",66734.3,49.268
"vdc_v",66734.3,49.268
"vdc_v",66734.3,49.268
"vdc_v",66734.3,49.268
"vdc_v",66734.3,49.268
"vdc_v",66734.4,49.268
"vdc_v",66734.4,49.268
"vdc_v",66734.4,49.268
"vdc_v",66734.4,49.268
"vdc_v",66734.4,49.268
"vdc_v",66734.4,49.268
"vdc_v",66734.4,49.268
"vdc_v",66734.4,49.268
"vdc_v",66734.4,49.268
"vdc_v",66734.4,48.8281
"vdc_v",66734.5,49.268
"vdc_v",66734.5,49.268
"vdc_v",66734.5,49.268
"vdc_v",66734.5,49.268
"vdc_v",66734.5,49.268
"vdc_v",66734.5,49.268
"vdc_v",66734.5,49.268
"vdc_v",66734.5,49.268
"vdc_v",66734.5,49.268
"vdc_v",66734.5,49.268
"vdc_v",66734.6,49.268
"vdc_v",66734.6,49.268
"vdc_v",66734.6,49.268
"vdc_v",66734.6,49.268
"vdc_v",66734.6,49.268
"vdc_v",66734.6,49.268
"vdc_v",66734.6,49.268
"vdc_v",66734.6,49.268
"vdc_v",66734.6,49.268
"vdc_v",66734.7,49.268
"vdc_v",66734.7,49.268
"vdc_v",66734.7,49.268
"vdc_v",66734.7,49.268
"vdc_v",66734.7,49.268
"vdc_v",66734.7,49.268
"vdc_v",66734.7,49.268
"vdc_v",66734.8,49.268
"vdc_v",66734.8,49.268
"vdc_v",66734.8,49.268
"vdc_v",66734.8,49.268
"vdc_v",66734.8,48.8281
"vdc_v",66734.8,49.268
"vdc_v",66734.9,49.268
"vdc_v",66734.9,49.268
"vdc_v",66734.9,49.268
"vdc_v",66734.9,49.268
"vdc_v",66734.9,49.268
"vdc_v",66734.9,49.268
"vdc_v",66734.9,49.268
"vdc_v",66734.9,49.268
"vdc_v",66735,49.268
"vdc_v",66735,49.268
"vdc_v",66735,49.268
"vdc_v",66735,49.268
"vdc_v",66735,49.268
"vdc_v",66735,49.268
"vdc_v",66735.1,49.268
"vdc_v",66735.1,49.268
"vdc_v",66735.1,49.268
"vdc_v",66735.1,49.268
"vdc_v",66735.1,49.268
"vdc_v",66735.1,49.268
"vdc_v",66735.1,49.268
"vdc_v",66735.2,49.268
"vdc_v",66735.2,49.268
"vdc_v",66735.2,49.268
"vdc_v",66735.2,49.268
"vdc_v",66735.2,49.268
"vdc_v",66735.2,49.268
"vdc_v",66735.2,49.268
"vdc_v",66735.2,49.268
"vdc_v",66735.2,49.268
"vdc_v",66735.3,49.268
"vdc_v",66735.3,49.268
"vdc_v",66735.3,49.268
"vdc_v",66735.3,49.268
"vdc_v",66735.3,49.268
"vdc_v",66735.3,48.8281
"vdc_v",66735.3,49.268
"vdc_v",66735.3,49.268
"vdc_v",66735.3,49.268
"vdc_v",66735.3,49.268
"vdc_v",66735.3,49.268
"vdc_v",66735.4,49.268
"vdc_v",66735.4,49.268
"vdc_v",66735.4,49.268
"vdc_v",66735.4,49.268
"vdc_v",66735.4,49.268
"vdc_v",66735.4,49.268
"vdc_v",66735.4,49.268
"vdc_v",66735.4,49.268
"vdc_v",66735.4,49.268
"vdc_v",66735.4,49.268
"vdc_v",66735.4,49.268
"vdc_v",66735.5,49.268
"vdc_v",66735.5,49.268
"vdc_v",66735.5,49.268
"vdc_v",66735.5,49.268
"vdc_v",66735.5,49.268
"vdc_v",66735.5,49.268
"vdc_v",66735.5,49.268
"vdc_v",66735.5,49.268
"vdc_v",66735.5,49.268
"vdc_v",66735.5,49.268
"vdc_v",66735.5,49.268
"vdc_v",66735.5,49.268
"vdc_v",66735.6,49.268
"vdc_v",66735.6,49.268
"vdc_v",66735.6,49.268
"vdc_v",66735.6,49.268
"vdc_v",66735.6,49.268
"vdc_v",66735.6,49.268
"vdc_v",66735.6,49.268
"vdc_v",66735.6,49.268
"vdc_v",66735.6,49.268
"vdc_v",66735.6,49.268
"vdc_v",66735.6,49.268
"vdc_v",66735.6,49.268
"vdc_v",66735.7,49.268
"vdc_v",66735.7,49.268
"vdc_v",66735.7,49.268
"vdc_v",66735.7,49.268
"vdc_v",66735.7,49.268
"vdc_v",66735.7,49.268
"vdc_v",66735.7,49.268
"vdc_v",66735.7,49.268
"vdc_v",66735.7,49.268
"vdc_v",66735.7,49.268
"vdc_v",66735.8,49.268
"vdc_v",66735.8,49.268
"vdc_v",66735.8,49.268
"vdc_v",66735.8,49.268
"vdc_v",66735.8,49.268
"vdc_v",66735.8,49.268
"vdc_v",66735.8,49.268
"vdc_v",66735.8,49.268
"vdc_v",66735.8,49.268
"vdc_v",66735.8,49.268
"vdc_v",66735.8,49.268
"vdc_v",66735.9,49.268
"vdc_v",66735.9,49.268
"vdc_v",66735.9,49.268
"vdc_v",66735.9,49.268
"vdc_v",66735.9,49.268
"vdc_v",66735.9,49.268
"vdc_v",66735.9,49.268
"vdc_v",66735.9,49.268
"vdc_v",66735.9,49.268
"vdc_v",66735.9,49.268
"vdc_v",66735.9,49.268
"vdc_v",66736,49.268
"vdc_v",66736,49.268
"vdc_v",66736,49.268
"vdc_v",66736,49.268
"vdc_v",66736,49.268
"vdc_v",66736,49.268
"vdc_v",66736,48.8281
"vdc_v",66736,49.268
"vdc_v",66736,49.268
"vdc_v",66736,49.268
"vdc_v",66736,49.268
"vdc_v",66736.1,49.268
"vdc_v",66736.1,49.268
"vdc_v",66736.1,49.268
"vdc_v",66736.1,49.268
"vdc_v",66736.1,49.268
"vdc_v",66736.1,49.268
"vdc_v",66736.1,49.268
"vdc_v",66736.1,49.268
"vdc_v",66736.1,49.268
"vdc_v",66736.1,49.268
"vdc_v",66736.2,49.268
"vdc_v",66736.2,49.268
"vdc_v",66736.2,49.268
"vdc_v",66736.2,49.268
"vdc_v",66736.2,49.268
"vdc_v",66736.2,49.268
"vdc_v",66736.2,49.268
"vdc_v",66736.2,49.268
"vdc_v",66736.2,49.268
"vdc_v",66736.2,49.268
"vdc_v",66736.3,49.268
"vdc_v",66736.3,49.268
"vdc_v",66736.3,49.268
"vdc_v",66736.3,48.8281
"vdc_v",66736.3,49.268
"vdc_v",66736.3,49.268
"vdc_v",66736.3,49.268
"vdc_v",66736.3,49.268
"vdc_v",66736.3,49.268
"vdc_v",66736.4,49.268
"vdc_v",66736.4,49.268
"vdc_v",66736.4,49.268
"vdc_v",66736.4,49.268
"vdc_v",66736.4,49.268
"vdc_v",66736.4,49.268
"vdc_v",66736.4,49.268
"vdc_v",66736.4,49.268
"vdc_v",66736.4,49.268
"vdc_v",66736.4,49.268
"vdc_v",66736.5,49.268
"vdc_v",66736.5,49.268
"vdc_v",66736.5,49.268
"vdc_v",66736.5,49.268
"vdc_v",66736.5,49.268
"vdc_v",66736.5,49.268
"vdc_v",66736.5,49.268
"vdc_v",66736.5,49.268
"vdc_v",66736.5,49.268
"vdc_v",66736.5,48.8281
"vdc_v",66736.6,49.268
"vdc_v",66736.6,49.268
"vdc_v",66736.6,48.8281
"vdc_v",66736.6,49.268
"vdc_v",66736.6,49.268
"vdc_v",66736.6,49.268
"vdc_v",66736.6,49.268
"vdc_v",66736.6,49.268
"vdc_v",66736.6,49.268
"vdc_v",66736.6,49.268
"vdc_v",66736.7,49.268
"vdc_v",66736.7,49.268
"vdc_v",66736.7,48.8281
"vdc_v",66736.7,49.268
"vdc_v",66736.7,49.268
"vdc_v",66736.7,49.268
"vdc_v",66736.7,49.268
"vdc_v",66736.7,49.268
"vdc_v",66736.7,49.268
"vdc_v",66736.7,49.268
"vdc_v",66736.8,49.268
"vdc_v",66736.8,49.268
"vdc_v",66736.8,49.268
"vdc_v",66736.8,49.268
"vdc_v",66736.8,49.268
"vdc_v",66736.8,49.7079
"vdc_v",66736.8,49.268
"vdc_v",66736.8,49.268
"vdc_v",66736.8,49.268
"vdc_v",66736.8,49.268
"vdc_v",66736.9,49.268
"vdc_v",66736.9,49.268
"vdc_v",66736.9,49.268
"vdc_v",66736.9,49.268
"vdc_v",66736.9,49.268
"vdc_v",66736.9,49.7079
"vdc_v",66736.9,50.1478
"vdc_v",66736.9,49.7079
"vdc_v",66736.9,49.268
"vdc_v",66736.9,48.8281
"vdc_v",66737,48.8281
"vdc_v",66737,49.268
"vdc_v",66737,49.7079
"vdc_v",66737,49.7079
"vdc_v",66737,49.268
"vdc_v",66737,48.8281
"vdc_v",66737,49.268
"vdc_v",66737,49.268
"vdc_v",66737,49.7079
"vdc_v",66737,49.268
"vdc_v",66737.1,49.268
"vdc_v",66737.1,49.268
"vdc_v",66737.1,49.268
"vdc_v",66737.1,49.268
"vdc_v",66737.1,49.268
"vdc_v",66737.1,49.268
"vdc_v",66737.1,49.268
"vdc_v",66737.1,49.268
"vdc_v",66737.1,49.268
"vdc_v",66737.1,49.268
"vdc_v",66737.1,49.268
"vdc_v",66737.2,49.268
"vdc_v",66737.2,49.268
"vdc_v",66737.2,49.268
"vdc_v",66737.2,49.268
"vdc_v",66737.2,49.268
"vdc_v",66737.2,49.268
"vdc_v",66737.2,49.268
"vdc_v",66737.2,49.268
"vdc_v",66737.2,49.268
"vdc_v",66737.2,49.268
"vdc_v",66737.3,49.268
"vdc_v",66737.3,49.268
"vdc_v",66737.3,49.268
"vdc_v",66737.3,49.268
"vdc_v",66737.3,49.268
"vdc_v",66737.3,49.268
"vdc_v",66737.3,49.268
"vdc_v",66737.3,49.268
"vdc_v",66737.3,49.268
"vdc_v",66737.4,49.268
"vdc_v",66737.4,49.268
"vdc_v",66737.4,49.268
"vdc_v",66737.4,49.268
"vdc_v",66737.4,49.268
"vdc_v",66737.4,49.268
"vdc_v",66737.4,49.268
"vdc_v",66737.4,49.268
"vdc_v",66737.4,49.268
"vdc_v",66737.4,49.268
"vdc_v",66737.5,49.268
"vdc_v",66737.5,49.268
"vdc_v",66737.5,49.268
"vdc_v",66737.5,49.268
"vdc_v",66737.5,49.268
"vdc_v",66737.5,49.268
"vdc_v",66737.5,49.268
"vdc_v",66737.5,49.268
"vdc_v",66737.5,49.268
"vdc_v",66737.5,49.268
"vdc_v",66737.5,49.268
"vdc_v",66737.6,49.268
"vdc_v",66737.6,49.268
"vdc_v",66737.6,49.268
"vdc_v",66737.6,49.268
"vdc_v",66737.6,49.268
"vdc_v",66737.6,49.268
"vdc_v",66737.6,49.268
"vdc_v",66737.6,49.268
"vdc_v",66737.6,49.268
"vdc_v",66737.6,49.268
"vdc_v",66737.7,49.268
"vdc_v",66737.7,49.268
"vdc_v",66737.7,49.268
"vdc_v",66737.7,49.268
"vdc_v",66737.7,49.268
"vdc_v",66737.7,49.268
"vdc_v",66737.7,49.268
"vdc_v",66737.7,49.268
"vdc_v",66737.7,49.268
"vdc_v",66737.8,49.268
"vdc_v",66737.8,49.268
"vdc_v",66737.8,49.268
"vdc_v",66737.8,49.268
"vdc_v",66737.8,49.268
"vdc_v",66737.8,49.268
"vdc_v",66737.8,49.268
"vdc_v",66737.8,49.268
"vdc_v",66737.8,49.268
"vdc_v",66737.8,49.268
"vdc_v",66737.9,49.268
"vdc_v",66737.9,49.268
"vdc_v",66737.9,49.268
"vdc_v",66737.9,49.268
"vdc_v",66737.9,49.268
"vdc_v",66737.9,49.268
"vdc_v",66737.9,49.268
"vdc_v",66737.9,49.268
"vdc_v",66737.9,49.268
"vdc_v",66737.9,49.268
"vdc_v",66738,49.268
"vdc_v",66738,49.268
"vdc_v",66738,49.268
"vdc_v",66738,49.268
"vdc_v",66738,49.268
"vdc_v",66738,49.268
"vdc_v",66738,49.268
"vdc_v",66738,49.268
"vdc_v",66738,49.268
"vdc_v",66738,49.268
"vdc_v",66738.1,49.268
"vdc_v",66738.1,49.268
"vdc_v",66738.1,49.268
"vdc_v",66738.1,49.268
"vdc_v",66738.1,49.268
"vdc_v",66738.1,49.268
"vdc_v",66738.1,49.268
"vdc_v",66738.1,49.268
"vdc_v",66738.1,49.268
"vdc_v",66738.1,49.268
"vdc_v",66738.2,49.268
"vdc_v",66738.2,49.268
"vdc_v",66738.2,49.268
"vdc_v",66738.2,49.268
"vdc_v",66738.2,49.268
"vdc_v",66738.2,49.268
"vdc_v",66738.2,49.268
"vdc_v",66738.2,49.268
"vdc_v",66738.2,49.268
"vdc_v",66738.2,49.268
"vdc_v",66738.3,49.268
"vdc_v",66738.3,49.268
"vdc_v",66738.3,49.268
"vdc_v",66738.3,49.268
"vdc_v",66738.3,49.268
"vdc_v",66738.3,49.268
"vdc_v",66738.3,49.268
"vdc_v",66738.3,49.268
"vdc_v",66738.3,49.268
"vdc_v",66738.3,49.268
"vdc_v",66738.4,49.268
"vdc_v",66738.4,49.268
"vdc_v",66738.4,49.268
"vdc_v",66738.4,49.268
"vdc_v",66738.4,49.268
"vdc_v",66738.4,49.268
"vdc_v",66738.4,49.268
"vdc_v",66738.4,49.268
"vdc_v",66738.4,49.268
"vdc_v",66738.4,49.268
"vdc_v",66738.5,49.268
"vdc_v",66738.5,49.268
"vdc_v",66738.5,49.268
"vdc_v",66738.5,49.268
"vdc_v",66738.5,49.268
"vdc_v",66738.5,49.268
"vdc_v",66738.5,49.268
"vdc_v",66738.5,49.268
"vdc_v",66738.5,49.268
"vdc_v",66738.5,49.268
"vdc_v",66738.6,49.268
"vdc_v",66738.6,49.268
"vdc_v",66738.6,49.268
"vdc_v",66738.6,49.268
"vdc_v",66738.6,49.268
"vdc_v",66738.6,49.268
"vdc_v",66738.6,49.268
"vdc_v",66738.6,49.268
"vdc_v",66738.6,49.268
"vdc_v",66738.6,49.268
"vdc_v",66738.7,49.268
"vdc_v",66738.7,49.268
"vdc_v",66738.7,49.268
"vdc_v",66738.7,49.268
"vdc_v",66738.7,49.268
"vdc_v",66738.7,49.268
"vdc_v",66738.7,49.268
"vdc_v",66738.7,49.268
"vdc_v",66738.7,49.268
"vdc_v",66738.7,49.268
"vdc_v",66738.8,49.268
"vdc_v",66738.8,49.268
"vdc_v",66738.8,49.268
"vdc_v",66738.8,49.268
"vdc_v",66738.8,49.268
"vdc_v",66738.8,49.268
"vdc_v",66738.8,49.268
"vdc_v",66738.8,49.268
"vdc_v",66738.8,49.268
"vdc_v",66738.8,49.268
"vdc_v",66738.9,49.268
"vdc_v",66738.9,49.268
"vdc_v",66738.9,49.268
"vdc_v",66738.9,49.268
"vdc_v",66738.9,49.268
"vdc_v",66738.9,49.268
"vdc_v",66738.9,49.268
"vdc_v",66738.9,49.268
"vdc_v",66738.9,49.268
"vdc_v",66739,49.268
"vdc_v",66739,49.268
"vdc_v",66739,49.268
"vdc_v",66739,49.268
"vdc_v",66739,49.268
"vdc_v",66739,49.268
"vdc_v",66739,49.268
"vdc_v",66739,49.268
"vdc_v",66739,49.268
"vdc_v",66739,49.268
"vdc_v",66739.1,49.268
"vdc_v",66739.1,49.268
"vdc_v",66739.1,49.268
"vdc_v",66739.1,49.268
"vdc_v",66739.1,49.268
"vdc_v",66739.1,49.268
"vdc_v",66739.1,49.268
"vdc_v",66739.1,49.268
"vdc_v",66739.1,49.268
"vdc_v",66739.1,49.268
"vdc_v",66739.1,49.268
"vdc_v",66739.2,49.268
"vdc_v",66739.2,49.268
"vdc_v",66739.2,49.268
"vdc_v",66739.2,49.268
"vdc_v",66739.2,49.268
"vdc_v",66739.2,49.268
"vdc_v",66739.2,49.268
"vdc_v",66739.2,49.268
"vdc_v",66739.2,49.268
"vdc_v",66739.2,49.268
"vdc_v",66739.3,49.268
"vdc_v",66739.3,49.268
"vdc_v",66739.3,49.268
"vdc_v",66739.3,49.268
"vdc_v",66739.3,49.268
"vdc_v",66739.3,49.268
"vdc_v",66739.3,49.268
"vdc_v",66739.3,49.268
"vdc_v",66739.3,49.268
"vdc_v",66739.4,49.268
"vdc_v",66739.4,49.268
"vdc_v",66739.4,49.268
"vdc_v",66739.4,49.268
"vdc_v",66739.4,49.268
"vdc_v",66739.4,49.268
"vdc_v",66739.4,49.268
"vdc_v",66739.4,49.268
"vdc_v",66739.4,49.268
"vdc_v",66739.4,49.268
"vdc_v",66739.5,49.268
"vdc_v",66739.5,49.268
"vdc_v",66739.5,49.268
"vdc_v",66739.5,49.268
"vdc_v",66739.5,49.268
"vdc_v",66739.5,49.268
"vdc_v",66739.5,49.268
"vdc_v",66739.5,49.268
"vdc_v",66739.5,49.268
"vdc_v",66739.5,49.268
"vdc_v",66739.6,49.268
"vdc_v",66739.6,49.268
"vdc_v",66739.6,49.268
"vdc_v",66739.6,49.268
"vdc_v",66739.6,49.268
"vdc_v",66739.6,49.268
"vdc_v",66739.6,49.268
"vdc_v",66739.6,49.268
"vdc_v",66739.6,49.268
"vdc_v",66739.6,49.268
"vdc_v",66739.6,49.268
"vdc_v",66739.7,49.268
"vdc_v",66739.7,49.268
"vdc_v",66739.7,49.268
"vdc_v",66739.7,49.268
"vdc_v",66739.7,49.268
"vdc_v",66739.7,49.268
"vdc_v",66739.7,49.268
"vdc_v",66739.7,49.268
"vdc_v",66739.7,49.268
"vdc_v",66739.8,49.268
"vdc_v",66739.8,49.268
"vdc_v",66739.8,49.268
"vdc_v",66739.8,49.268
"vdc_v",66739.8,49.268
"vdc_v",66739.8,49.268
"vdc_v",66739.8,49.268
"vdc_v",66739.8,49.268
"vdc_v",66739.8,49.268
"vdc_v",66739.8,49.268
"vdc_v",66739.9,49.268
"vdc_v",66739.9,49.268
"vdc_v",66739.9,49.268
"vdc_v",66739.9,49.268
"vdc_v",66739.9,49.268
"vdc_v",66739.9,49.268
"vdc_v",66739.9,49.268
"vdc_v",66739.9,49.268
"vdc_v",66739.9,49.268
"vdc_v",66739.9,49.268
"vdc_v",66740,49.268
"vdc_v",66740,49.268
"vdc_v",66740,49.268
"vdc_v",66740,49.268
"vdc_v",66740,49.268
"vdc_v",66740,49.268
"vdc_v",66740,49.268
"vdc_v",66740,49.268
"vdc_v",66740,49.268
"vdc_v",66740,49.268
"vdc_v",66740.1,49.268
"vdc_v",66740.1,49.268
"vdc_v",66740.1,49.268
"vdc_v",66740.1,49.268
"vdc_v",66740.1,49.268
"vdc_v",66740.1,49.268
"vdc_v",66740.1,49.268
"vdc_v",66740.1,49.268
"vdc_v",66740.1,49.268
"vdc_v",66740.1,49.268
"vdc_v",66740.1,49.268
"vdc_v",66740.2,49.268
"vdc_v",66740.2,49.268
"vdc_v",66740.2,49.268
"vdc_v",66740.2,49.268
"vdc_v",66740.2,49.268
"vdc_v",66740.2,49.268
"vdc_v",66740.2,49.268
"vdc_v",66740.2,49.268
"vdc_v",66740.2,49.268
"vdc_v",66740.2,49.268
"vdc_v",66740.3,49.268
"vdc_v",66740.3,49.268
"vdc_v",66740.3,49.268
"vdc_v",66740.3,49.268
"vdc_v",66740.3,49.268
"vdc_v",66740.3,49.268
"vdc_v",66740.3,49.268
"vdc_v",66740.3,49.268
"vdc_v",66740.3,49.268
"vdc_v",66740.4,49.268
"vdc_v",66740.4,49.268
"vdc_v",66740.4,49.268
"vdc_v",66740.4,49.268
"vdc_v",66740.4,49.268
"vdc_v",66740.4,49.268
"vdc_v",66740.4,49.268
"vdc_v",66740.4,49.268
"vdc_v",66740.4,49.268
"vdc_v",66740.4,49.268
"vdc_v",66740.5,49.268
"vdc_v",66740.5,49.268
"vdc_v",66740.5,49.268
"vdc_v",66740.5,49.268
"vdc_v",66740.5,49.268
"vdc_v",66740.5,49.268
"vdc_v",66740.5,49.268
"vdc_v",66740.5,49.268
"vdc_v",66740.5,49.268
"vdc_v",66740.5,49.268
"vdc_v",66740.6,49.268
"vdc_v",66740.6,49.268
"vdc_v",66740.6,49.268
"vdc_v",66740.6,49.268
"vdc_v",66740.6,49.268
"vdc_v",66740.6,49.268
"vdc_v",66740.6,49.268
"vdc_v",66740.6,49.268
"vdc_v",66740.6,49.268
"vdc_v",66740.6,49.268
"vdc_v",66740.7,49.268
"vdc_v",66740.7,49.268
"vdc_v",66740.7,49.268
"vdc_v",66740.7,49.268
"vdc_v",66740.7,49.268
"vdc_v",66740.7,49.268
"vdc_v",66740.7,49.268
"vdc_v",66740.7,49.268
"vdc_v",66740.7,49.268
"vdc_v",66740.8,49.268
"vdc_v",66740.8,49.268
"vdc_v",66740.8,49.268
"vdc_v",66740.8,49.268
"vdc_v",66740.8,49.268
"vdc_v",66740.8,49.268
"vdc_v",66740.8,49.268
"vdc_v",66740.8,49.268
"vdc_v",66740.8,49.268
"vdc_v",66740.8,49.268
"vdc_v",66740.8,49.268
"vdc_v",66740.9,49.268
"vdc_v",66740.9,49.268
"vdc_v",66740.9,49.268
"vdc_v",66740.9,49.268
"vdc_v",66740.9,49.268
"vdc_v",66740.9,49.268
"vdc_v",66740.9,49.268
"vdc_v",66740.9,49.268
"vdc_v",66740.9,49.268
"vdc_v",66740.9,49.268
"vdc_v",66741,49.268
"vdc_v",66741,49.268
"vdc_v",66741,49.268
"vdc_v",66741,49.268
"vdc_v",66741,49.268
"vdc_v",66741,49.268
"vdc_v",66741,49.268
"vdc_v",66741,49.268
"vdc_v",66741,49.268
"vdc_v",66741,49.268
"vdc_v",66741.1,49.268
"vdc_v",66741.1,49.268
"vdc_v",66741.1,49.268
"vdc_v",66741.1,49.268
"vdc_v",66741.1,49.268
"vdc_v",66741.1,49.268
"vdc_v",66741.1,49.268
"vdc_v",66741.1,49.268
"vdc_v",66741.1,49.268
"vdc_v",66741.1,49.268
"vdc_v",66741.2,49.268
"vdc_v",66741.2,49.268
"vdc_v",66741.2,49.268
"vdc_v",66741.2,49.268
"vdc_v",66741.2,49.268
"vdc_v",66741.2,49.268
"vdc_v",66741.2,49.268
"vdc_v",66741.2,49.268
"vdc_v",66741.2,49.268
"vdc_v",66741.2,49.268
"vdc_v",66741.3,49.268
"vdc_v",66741.3,49.268
"vdc_v",66741.3,49.268
"vdc_v",66741.3,49.268
"vdc_v",66741.3,49.268
"vdc_v",66741.3,49.268
"vdc_v",66741.3,49.268
"vdc_v",66741.3,49.268
"vdc_v",66741.3,49.268
"vdc_v",66741.3,49.268
"vdc_v",66741.4,49.268
"vdc_v",66741.4,49.268
"vdc_v",66741.4,49.268
"vdc_v",66741.4,49.268
"vdc_v",66741.4,49.268
"vdc_v",66741.4,49.268
"vdc_v",66741.4,49.268
"vdc_v",66741.4,49.268
"vdc_v",66741.4,49.268
"vdc_v",66741.4,49.268
"vdc_v",66741.5,49.268
"vdc_v",66741.5,49.268
"vdc_v",66741.5,49.268
"vdc_v",66741.5,49.268
"vdc_v",66741.5,49.268
"vdc_v",66741.5,49.268
"vdc_v",66741.5,49.268
"vdc_v",66741.5,49.268
"vdc_v",66741.5,49.268
"vdc_v",66741.5,49.268
"vdc_v",66741.6,49.268
"vdc_v",66741.6,49.268
"vdc_v",66741.6,49.268
"vdc_v",66741.6,49.268
"vdc_v",66741.6,49.268
"vdc_v",66741.6,49.268
"vdc_v",66741.6,49.268
"vdc_v",66741.6,49.268
"vdc_v",66741.6,49.268
"vdc_v",66741.6,49.268
"vdc_v",66741.7,49.268
"vdc_v",66741.7,49.268
"vdc_v",66741.7,49.268
"vdc_v",66741.7,49.268
"vdc_v",66741.7,49.268
"vdc_v",66741.7,49.268
"vdc_v",66741.7,49.268
"vdc_v",66741.7,49.268
"vdc_v",66741.7,49.268
"vdc_v",66741.8,49.268
"vdc_v",66741.8,49.268
"vdc_v",66741.8,49.268
"vdc_v",66741.8,49.268
"vdc_v",66741.8,49.268
"vdc_v",66741.8,49.268
"vdc_v",66741.8,49.268
"vdc_v",66741.8,49.268
"vdc_v",66741.8,49.268
"vdc_v",66741.8,49.268
"vdc_v",66741.9,49.268
"vdc_v",66741.9,49.268
"vdc_v",66741.9,49.268
"vdc_v",66741.9,49.268
"vdc_v",66741.9,49.268
"vdc_v",66741.9,49.268
"vdc_v",66741.9,49.268
"vdc_v",66741.9,49.268
"vdc_v",66741.9,49.268
"vdc_v",66741.9,49.268
"vdc_v",66741.9,49.268
"vdc_v",66742,49.268
"vdc_v",66742,49.268
"vdc_v",66742,49.268
"vdc_v",66742,49.268
"vdc_v",66742,49.268
"vdc_v",66742,49.268
"vdc_v",66742,49.268
"vdc_v",66742,49.268
"vdc_v",66742,49.268
"vdc_v",66742,49.268
"vdc_v",66742.1,49.268
"vdc_v",66742.1,49.268
"vdc_v",66742.1,49.268
"vdc_v",66742.1,49.268
"vdc_v",66742.1,49.268
"vdc_v",66742.1,49.268
"vdc_v",66742.1,49.268
"vdc_v",66742.1,49.268
"vdc_v",66742.1,49.268
"vdc_v",66742.1,49.268
"vdc_v",66742.2,49.268
"vdc_v",66742.2,49.268
"vdc_v",66742.2,49.268
"vdc_v",66742.2,49.268
"vdc_v",66742.2,49.268
"vdc_v",66742.2,49.268
"vdc_v",66742.2,49.268
"vdc_v",66742.2,49.268
"vdc_v",66742.2,49.268
"vdc_v",66742.2,49.268
"vdc_v",66742.3,49.268
"vdc_v",66742.3,49.268
"vdc_v",66742.3,49.268
"vdc_v",66742.3,49.268
"vdc_v",66742.3,49.268
"vdc_v",66742.3,49.268
"vdc_v",66742.3,49.268
"vdc_v",66742.3,49.268
"vdc_v",66742.3,49.268
"vdc_v",66742.3,49.268
"vdc_v",66742.4,49.268
"vdc_v",66742.4,49.268
"vdc_v",66742.4,49.268
"vdc_v",66742.4,49.268
"vdc_v",66742.4,49.268
"vdc_v",66742.4,49.268
"vdc_v",66742.4,49.268
"vdc_v",66742.4,49.268
"vdc_v",66742.4,49.268
"vdc_v",66742.4,49.268
"vdc_v",66742.5,49.268
"vdc_v",66742.5,49.268
"vdc_v",66742.5,49.268
"vdc_v",66742.5,49.268
"vdc_v",66742.5,49.268
"vdc_v",66742.5,49.268
"vdc_v",66742.5,49.268
"vdc_v",66742.5,49.268
"vdc_v",66742.5,49.268
"vdc_v",66742.5,49.268
"vdc_v",66742.6,49.268
"vdc_v",66742.6,49.268
"vdc_v",66742.6,49.268
"vdc_v",66742.6,49.268
"vdc_v",66742.6,49.268
"vdc_v",66742.6,49.268
"vdc_v",66742.6,49.268
"vdc_v",66742.6,49.268
"vdc_v",66742.6,49.268
"vdc_v",66742.6,49.268
"vdc_v",66742.7,49.268
"vdc_v",66742.7,49.268
"vdc_v",66742.7,49.268
"vdc_v",66742.7,49.268
"vdc_v",66742.7,49.268
"vdc_v",66742.7,49.268
"vdc_v",66742.7,49.268
"vdc_v",66742.7,49.268
"vdc_v",66742.7,49.268
"vdc_v",66742.7,49.268
"vdc_v",66742.8,49.268
"vdc_v",66742.8,49.268
"vdc_v",66742.8,49.268
"vdc_v",66742.8,49.268
"vdc_v",66742.8,49.268
"vdc_v",66742.8,49.268
"vdc_v",66742.8,49.268
"vdc_v",66742.8,49.268
"vdc_v",66742.8,49.268
"vdc_v",66742.8,49.268
"vdc_v",66742.9,49.268
"vdc_v",66742.9,49.268
"vdc_v",66742.9,49.268
"vdc_v",66742.9,49.268
"vdc_v",66742.9,49.268
"vdc_v",66742.9,49.268
"vdc_v",66742.9,49.268
"vdc_v",66742.9,49.268
"vdc_v",66742.9,49.268
"vdc_v",66742.9,49.268
"vdc_v",66742.9,49.268
"vdc_v",66743,49.268
"vdc_v",66743,49.268
"vdc_v",66743,49.268
"vdc_v",66743,49.268
"vdc_v",66743,49.268
"vdc_v",66743,49.268
"vdc_v",66743,49.268
"vdc_v",66743,49.268
"vdc_v",66743,49.268
"vdc_v",66743,49.268
"vdc_v",66743.1,49.268
"vdc_v",66743.1,49.268
"vdc_v",66743.1,49.268
"vdc_v",66743.1,49.268
"vdc_v",66743.1,49.268
"vdc_v",66743.1,49.268
"vdc_v",66743.1,49.268
"vdc_v",66743.1,49.268
"vdc_v",66743.1,49.268
"vdc_v",66743.1,49.268
"vdc_v",66743.2,49.268
"vdc_v",66743.2,49.268
"vdc_v",66743.2,49.268
"vdc_v",66743.2,49.268
"vdc_v",66743.2,49.268
"vdc_v",66743.2,49.268
"vdc_v",66743.2,49.268
"vdc_v",66743.2,49.268
"vdc_v",66743.2,49.268
"vdc_v",66743.2,49.268
"vdc_v",66743.3,49.268
"vdc_v",66743.3,49.268
"vdc_v",66743.3,49.268
"vdc_v",66743.3,49.268
"vdc_v",66743.3,49.268
"vdc_v",66743.3,49.268
"vdc_v",66743.3,49.268
"vdc_v",66743.3,49.268
"vdc_v",66743.3,49.268
"vdc_v",66743.3,49.268
"vdc_v",66743.4,49.268
"vdc_v",66743.4,49.268
"vdc_v",66743.4,49.268
"vdc_v",66743.4,49.268
"vdc_v",66743.4,49.268
"vdc_v",66743.4,49.268
"vdc_v",66743.4,49.268
"vdc_v",66743.4,49.268
"vdc_v",66743.4,49.268
"vdc_v",66743.4,49.268
"vdc_v",66743.5,49.268
"vdc_v",66743.5,49.268
"vdc_v",66743.5,49.268
"vdc_v",66743.5,49.268
"vdc_v",66743.5,49.268
"vdc_v",66743.5,49.268
"vdc_v",66743.5,49.268
"vdc_v",66743.5,49.268
"vdc_v",66743.5,49.268
"vdc_v",66743.5,49.268
"vdc_v",66743.6,49.268
"vdc_v",66743.6,49.268
"vdc_v",66743.6,49.268
"vdc_v",66743.6,49.268
"vdc_v",66743.6,49.268
"vdc_v",66743.6,49.268
"vdc_v",66743.6,49.268
"vdc_v",66743.6,49.268
"vdc_v",66743.6,49.268
"vdc_v",66743.6,49.268
"vdc_v",66743.7,49.268
"vdc_v",66743.7,49.268
"vdc_v",66743.7,49.268
"vdc_v",66743.7,49.268
"vdc_v",66743.7,49.268
"vdc_v",66743.7,49.268
"vdc_v",66743.7,49.268
"vdc_v",66743.7,49.268
"vdc_v",66743.7,49.268
"vdc_v",66743.7,49.268
"vdc_v",66743.8,49.268
"vdc_v",66743.8,49.268
"vdc_v",66743.8,49.268
"vdc_v",66743.8,49.268
"vdc_v",66743.8,49.268
"vdc_v",66743.8,49.268
"vdc_v",66743.8,49.268
"vdc_v",66743.8,49.268
"vdc_v",66743.8,49.268
"vdc_v",66743.8,49.268
"vdc_v",66743.9,49.268
"vdc_v",66743.9,49.268
"vdc_v",66743.9,49.268
"vdc_v",66743.9,49.268
"vdc_v",66743.9,49.268
"vdc_v",66743.9,49.268
"vdc_v",66743.9,49.268
"vdc_v",66743.9,49.268
"vdc_v",66743.9,49.268
"vdc_v",66743.9,49.268
"vdc_v",66744,49.268
"vdc_v",66744,49.268
"vdc_v",66744,49.268
"vdc_v",66744,49.268
"vdc_v",66744,49.268
"vdc_v",66744,49.268
"vdc_v",66744,49.268
"vdc_v",66744,49.268
"vdc_v",66744,49.268
"vdc_v",66744,49.268
"vdc_v",66744.1,49.268
"vdc_v",66744.1,49.268
"vdc_v",66744.1,49.268
"vdc_v",66744.1,49.268
"vdc_v",66744.1,49.268
"vdc_v",66744.1,49.268
"vdc_v",66744.1,49.268
"vdc_v",66744.1,49.268
"vdc_v",66744.1,49.268
"vdc_v",66744.1,49.268
"vdc_v",66744.2,49.268
"vdc_v",66744.2,49.268
"vdc_v",66744.2,49.268
"vdc_v",66744.2,49.268
"vdc_v",66744.2,49.268
"vdc_v",66744.2,49.268
"vdc_v",66744.2,49.268
"vdc_v",66744.2,49.268
"vdc_v",66744.2,49.268
"vdc_v",66744.2,49.268
"vdc_v",66744.2,49.268
"vdc_v",66744.3,49.268
"vdc_v",66744.3,49.268
"vdc_v",66744.3,49.268
"vdc_v",66744.3,49.268
"vdc_v",66744.3,49.268
"vdc_v",66744.3,49.268
"vdc_v",66744.3,49.268
"vdc_v",66744.3,49.268
"vdc_v",66744.3,49.268
"vdc_v",66744.4,49.268
"vdc_v",66744.4,49.268
"vdc_v",66744.4,49.268
"vdc_v",66744.4,49.268
"vdc_v",66744.4,49.268
"vdc_v",66744.4,49.268
"vdc_v",66744.4,49.268
"vdc_v",66744.4,49.268
"vdc_v",66744.4,49.268
"vdc_v",66744.4,49.268
"vdc_v",66744.5,49.268
"vdc_v",66744.5,49.268
"vdc_v",66744.5,49.268
"vdc_v",66744.5,49.268
"vdc_v",66744.5,49.268
"vdc_v",66744.5,49.268
"vdc_v",66744.5,49.268
"vdc_v",66744.5,49.268
"vdc_v",66744.5,49.268
"vdc_v",66744.5,49.268
"vdc_v",66744.6,49.268
"vdc_v",66744.6,49.268
"vdc_v",66744.6,49.268
"vdc_v",66744.6,49.268
"vdc_v",66744.6,49.268
"vdc_v",66744.6,49.268
"vdc_v",66744.6,49.268
"vdc_v",66744.6,49.268
"vdc_v",66744.6,49.268
"vdc_v",66744.6,49.268
"vdc_v",66744.7,49.268
"vdc_v",66744.7,49.268
"vdc_v",66744.7,49.268
"vdc_v",66744.7,49.268
"vdc_v",66744.7,49.268
"vdc_v",66744.7,49.268
"vdc_v",66744.8,49.268
"vdc_v",66744.8,49.268
"vdc_v",66744.8,49.268
"vdc_v",66744.8,49.268
"vdc_v",66744.8,49.268
"vdc_v",66744.8,49.268
"vdc_v",66744.9,49.268
"vdc_v",66744.9,49.268
"vdc_v",66744.9,49.268
"vdc_v",66744.9,49.268
"vdc_v",66744.9,49.268
"vdc_v",66744.9,49.268
"vdc_v",66744.9,49.268
"vdc_v",66744.9,49.268
"vdc_v",66745,49.268
"vdc_v",66745,49.268
"vdc_v",66745,49.268
"vdc_v",66745,49.268
"vdc_v",66745,49.268
"vdc_v",66745,49.268
"vdc_v",66745.1,49.268
"vdc_v",66745.1,49.268
"vdc_v",66745.1,49.268
"vdc_v",66745.1,49.268
"vdc_v",66745.1,49.268
"vdc_v",66745.1,49.268
"vdc_v",66745.1,49.268
"vdc_v",66745.1,49.268
"vdc_v",66745.2,49.268
"vdc_v",66745.2,49.268
"vdc_v",66745.2,49.268
"vdc_v",66745.2,49.268
"vdc_v",66745.2,49.268
"vdc_v",66745.2,49.268
"vdc_v",66745.2,49.268
"vdc_v",66745.2,49.268
"vdc_v",66745.2,49.268
"vdc_v",66745.2,49.268
"vdc_v",66745.3,49.268
"vdc_v",66745.3,49.268
"vdc_v",66745.3,49.268
"vdc_v",66745.3,49.268
"vdc_v",66745.3,49.268
"vdc_v",66745.3,49.268
"vdc_v",66745.3,49.268
"vdc_v",66745.3,49.268
"vdc_v",66745.3,49.268
"vdc_v",66745.3,49.268
"vdc_v",66745.4,49.268
"vdc_v",66745.4,49.268
"vdc_v",66745.4,49.268
"vdc_v",66745.4,49.268
"vdc_v",66745.4,49.268
"vdc_v",66745.4,49.268
"vdc_v",66745.4,49.268
"vdc_v",66745.4,49.268
"vdc_v",66745.4,49.268
"vdc_v",66745.4,49.268
"vdc_v",66745.4,49.268
"vdc_v",66745.4,49.268
"vdc_v",66745.5,49.268
"vdc_v",66745.5,49.268
"vdc_v",66745.5,49.268
"vdc_v",66745.5,49.268
"vdc_v",66745.5,49.268
"vdc_v",66745.5,49.268
"vdc_v",66745.5,49.268
"vdc_v",66745.5,49.268
"vdc_v",66745.5,49.268
"vdc_v",66745.5,49.268
"vdc_v",66745.5,49.268
"vdc_v",66745.5,49.268
"vdc_v",66745.6,49.268
"vdc_v",66745.6,49.268
"vdc_v",66745.6,49.268
"vdc_v",66745.6,49.268
"vdc_v",66745.6,49.268
"vdc_v",66745.6,49.268
"vdc_v",66745.6,49.268
"vdc_v",66745.6,49.268
"vdc_v",66745.6,49.268
"vdc_v",66745.6,49.268
"vdc_v",66745.6,49.268
"vdc_v",66745.7,49.268
"vdc_v",66745.7,49.268
"vdc_v",66745.7,49.268
"vdc_v",66745.7,49.268
"vdc_v",66745.7,49.268
"vdc_v",66745.7,49.268
"vdc_v",66745.7,49.268
"vdc_v",66745.7,49.268
"vdc_v",66745.7,49.268
"vdc_v",66745.7,49.268
"vdc_v",66745.8,49.268
"vdc_v",66745.8,49.268
"vdc_v",66745.8,49.268
"vdc_v",66745.8,49.268
"vdc_v",66745.8,49.268
"vdc_v",66745.8,49.268
"vdc_v",66745.8,49.268
"vdc_v",66745.8,49.268
"vdc_v",66745.8,49.268
"vdc_v",66745.8,49.268
"vdc_v",66745.8,49.268
"vdc_v",66745.8,49.268
"vdc_v",66745.9,49.268
"vdc_v",66745.9,49.268
"vdc_v",66745.9,49.268
"vdc_v",66745.9,49.268
"vdc_v",66745.9,49.268
"vdc_v",66745.9,49.268
"vdc_v",66745.9,49.268
"vdc_v",66745.9,49.268
"vdc_v",66745.9,49.268
"vdc_v",66745.9,49.268
"vdc_v",66745.9,49.268
"vdc_v",66746,49.268
"vdc_v",66746,49.268
"vdc_v",66746,49.268
"vdc_v",66746,49.268
"vdc_v",66746,49.268
"vdc_v",66746,49.268
"vdc_v",66746,49.268
"vdc_v",66746,49.268
"vdc_v",66746,49.268
"vdc_v",66746,49.268
"vdc_v",66746.1,49.268
"vdc_v",66746.1,49.268
"vdc_v",66746.1,49.268
"vdc_v",66746.1,49.268
"vdc_v",66746.1,49.268
"vdc_v",66746.1,49.268
"vdc_v",66746.1,49.268
"vdc_v",66746.1,49.268
"vdc_v",66746.1,49.268
"vdc_v",66746.1,49.268
"vdc_v",66746.1,49.268
"vdc_v",66746.2,49.268
"vdc_v",66746.2,49.268
"vdc_v",66746.2,49.268
"vdc_v",66746.2,49.268
"vdc_v",66746.2,49.268
"vdc_v",66746.2,49.268
"vdc_v",66746.2,49.268
"vdc_v",66746.2,49.268
"vdc_v",66746.2,49.268
"vdc_v",66746.2,49.268
"vdc_v",66746.3,49.268
"vdc_v",66746.3,49.268
"vdc_v",66746.3,49.268
"vdc_v",66746.3,49.268
"vdc_v",66746.3,49.268
"vdc_v",66746.3,49.268
"vdc_v",66746.3,49.268
"vdc_v",66746.3,49.268
"vdc_v",66746.3,49.268
"vdc_v",66746.4,49.268
"vdc_v",66746.4,49.268
"vdc_v",66746.4,49.268
"vdc_v",66746.4,49.268
"vdc_v",66746.4,49.268
"vdc_v",66746.4,49.268
"vdc_v",66746.4,49.268
"vdc_v",66746.4,49.268
"vdc_v",66746.4,49.268
"vdc_v",66746.4,49.268
"vdc_v",66746.5,49.268
"vdc_v",66746.5,49.268
"vdc_v",66746.5,49.268
"vdc_v",66746.5,49.268
"vdc_v",66746.5,49.268
"vdc_v",66746.5,49.268
"vdc_v",66746.5,49.268
"vdc_v",66746.5,49.268
"vdc_v",66746.5,49.268
"vdc_v",66746.5,49.268
"vdc_v",66746.6,49.268
"vdc_v",66746.6,49.268
"vdc_v",66746.6,49.268
"vdc_v",66746.6,49.268
"vdc_v",66746.6,49.268
"vdc_v",66746.6,49.268
"vdc_v",66746.6,49.268
"vdc_v",66746.6,49.268
"vdc_v",66746.6,49.268
"vdc_v",66746.6,49.268
"vdc_v",66746.6,49.268
"vdc_v",66746.7,49.268
"vdc_v",66746.7,49.268
"vdc_v",66746.7,49.268
"vdc_v",66746.7,49.268
"vdc_v",66746.7,49.268
"vdc_v",66746.7,49.268
"vdc_v",66746.7,49.268
"vdc_v",66746.7,49.268
"vdc_v",66746.7,49.268
"vdc_v",66746.8,49.268
"vdc_v",66746.8,49.268
"vdc_v",66746.8,49.268
"vdc_v",66746.8,49.268
"vdc_v",66746.8,49.268
"vdc_v",66746.8,49.268
"vdc_v",66746.8,49.268
"vdc_v",66746.8,49.268
"vdc_v",66746.8,49.268
"vdc_v",66746.8,49.268
"vdc_v",66746.9,49.268
"vdc_v",66746.9,49.268
"vdc_v",66746.9,49.268
"vdc_v",66746.9,49.268
"vdc_v",66746.9,49.268
"vdc_v",66746.9,49.268
"vdc_v",66746.9,49.268
"vdc_v",66746.9,49.268
"vdc_v",66746.9,49.268
"vdc_v",66746.9,49.268
"vdc_v",66747,49.268
"vdc_v",66747,49.268
"vdc_v",66747,49.268
"vdc_v",66747,49.268
"vdc_v",66747,49.268
"vdc_v",66747,49.268
"vdc_v",66747,49.268
"vdc_v",66747,49.268
"vdc_v",66747,49.268
"vdc_v",66747,49.268
"vdc_v",66747,49.268
"vdc_v",66747.1,49.268
"vdc_v",66747.1,49.268
"vdc_v",66747.1,49.268
"vdc_v",66747.1,49.268
"vdc_v",66747.1,49.268
"vdc_v",66747.1,49.268
"vdc_v",66747.1,49.268
"vdc_v",66747.1,49.268
"vdc_v",66747.1,49.268
"vdc_v",66747.1,49.268
"vdc_v",66747.2,49.268
"vdc_v",66747.2,49.268
"vdc_v",66747.2,49.268
"vdc_v",66747.2,49.268
"vdc_v",66747.2,49.268
"vdc_v",66747.2,49.268
"vdc_v",66747.2,49.268
"vdc_v",66747.2,49.268
"vdc_v",66747.2,49.268
"vdc_v",66747.2,49.268
"vdc_v",66747.3,49.268
"vdc_v",66747.3,49.268
"vdc_v",66747.3,49.268
"vdc_v",66747.3,49.268
"vdc_v",66747.3,49.268
"vdc_v",66747.3,49.268
"vdc_v",66747.3,49.268
"vdc_v",66747.3,49.268
"vdc_v",66747.3,49.268
"vdc_v",66747.4,49.268
"vdc_v",66747.4,49.268
"vdc_v",66747.4,49.268
"vdc_v",66747.4,49.268
"vdc_v",66747.4,49.268
"vdc_v",66747.4,49.268
"vdc_v",66747.4,49.268
"vdc_v",66747.4,49.268
"vdc_v",66747.4,49.268
"vdc_v",66747.4,49.268
"vdc_v",66747.5,49.268
"vdc_v",66747.5,49.268
"vdc_v",66747.5,49.268
"vdc_v",66747.5,49.268
"vdc_v",66747.5,49.268
"vdc_v",66747.5,49.268
"vdc_v",66747.5,49.268
"vdc_v",66747.5,49.268
"vdc_v",66747.5,49.268
"vdc_v",66747.5,49.268
"vdc_v",66747.5,49.268
"vdc_v",66747.6,49.268
"vdc_v",66747.6,49.268
"vdc_v",66747.6,49.268
"vdc_v",66747.6,49.268
"vdc_v",66747.6,49.268
"vdc_v",66747.6,49.268
"vdc_v",66747.6,49.268
"vdc_v",66747.6,49.268
"vdc_v",66747.6,49.268
"vdc_v",66747.6,49.268
"vdc_v",66747.7,49.268
"vdc_v",66747.7,49.268
"vdc_v",66747.7,49.268
"vdc_v",66747.7,49.268
"vdc_v",66747.7,49.268
"vdc_v",66747.7,49.268
"vdc_v",66747.7,49.268
"vdc_v",66747.7,49.268
"vdc_v",66747.7,49.268
"vdc_v",66747.8,49.268
"vdc_v",66747.8,49.268
"vdc_v",66747.8,49.268
"vdc_v",66747.8,49.268
"vdc_v",66747.8,49.268
"vdc_v",66747.8,49.268
"vdc_v",66747.8,49.268
"vdc_v",66747.8,49.268
"vdc_v",66747.8,49.268
"vdc_v",66747.8,49.268
"vdc_v",66747.9,49.268
"vdc_v",66747.9,49.268
"vdc_v",66747.9,49.268
"vdc_v",66747.9,49.268
"vdc_v",66747.9,49.268
"vdc_v",66747.9,49.268
"vdc_v",66747.9,49.268
"vdc_v",66747.9,49.268
"vdc_v",66747.9,49.268
"vdc_v",66747.9,49.268
"vdc_v",66748,49.268
"vdc_v",66748,49.268
"vdc_v",66748,49.268
"vdc_v",66748,49.268
"vdc_v",66748,49.268
"vdc_v",66748,49.268
"vdc_v",66748,49.268
"vdc_v",66748,49.268
"vdc_v",66748,49.268
"vdc_v",66748,49.268
"vdc_v",66748.1,49.268
"vdc_v",66748.1,49.268
"vdc_v",66748.1,49.268
"vdc_v",66748.1,49.268
"vdc_v",66748.1,49.268
"vdc_v",66748.1,49.268
"vdc_v",66748.1,49.268
"vdc_v",66748.1,49.268
"vdc_v",66748.1,49.268
"vdc_v",66748.1,49.268
"vdc_v",66748.2,49.268
"vdc_v",66748.2,49.268
"vdc_v",66748.2,49.268
"vdc_v",66748.2,49.268
"vdc_v",66748.2,49.268
"vdc_v",66748.2,49.268
"vdc_v",66748.2,49.268
"vdc_v",66748.2,49.268
"vdc_v",66748.2,49.268
"vdc_v",66748.2,49.268
"vdc_v",66748.3,49.268
"vdc_v",66748.3,49.268
"vdc_v",66748.3,49.268
"vdc_v",66748.3,49.268
"vdc_v",66748.3,49.268
"vdc_v",66748.3,49.268
"vdc_v",66748.3,49.268
"vdc_v",66748.3,49.268
"vdc_v",66748.3,49.268
"vdc_v",66748.3,49.268
"vdc_v",66748.4,49.268
"vdc_v",66748.4,49.268
"vdc_v",66748.4,49.268
"vdc_v",66748.4,49.268
"vdc_v",66748.4,49.268
"vdc_v",66748.4,49.268
"vdc_v",66748.4,49.268
"vdc_v",66748.4,49.268
"vdc_v",66748.4,49.268
"vdc_v",66748.4,49.268
"vdc_v",66748.5,49.268
"vdc_v",66748.5,49.268
"vdc_v",66748.5,49.268
"vdc_v",66748.5,49.268
"vdc_v",66748.5,49.268
"vdc_v",66748.5,49.268
"vdc_v",66748.5,49.268
"vdc_v",66748.5,49.268
"vdc_v",66748.5,49.268
"vdc_v",66748.5,49.268
"vdc_v",66748.6,49.268
"vdc_v",66748.6,49.268
"vdc_v",66748.6,49.268
"vdc_v",66748.6,49.268
"vdc_v",66748.6,49.268
"vdc_v",66748.6,49.268
"vdc_v",66748.6,49.268
"vdc_v",66748.6,49.268
"vdc_v",66748.6,49.268
"vdc_v",66748.6,49.268
"vdc_v",66748.7,49.268
"vdc_v",66748.7,49.268
"vdc_v",66748.7,49.268
"vdc_v",66748.7,49.268
"vdc_v",66748.7,49.268
"vdc_v",66748.7,49.268
"vdc_v",66748.7,49.268
"vdc_v",66748.7,49.268
"vdc_v",66748.7,49.268
"vdc_v",66748.7,49.268
"vdc_v",66748.8,49.268
"vdc_v",66748.8,49.268
"vdc_v",66748.8,49.268
"vdc_v",66748.8,49.268
"vdc_v",66748.8,49.268
"vdc_v",66748.8,49.268
"vdc_v",66748.8,49.268
"vdc_v",66748.8,49.268
"vdc_v",66748.8,49.268
"vdc_v",66748.8,49.268
"vdc_v",66748.9,49.268
"vdc_v",66748.9,49.268
"vdc_v",66748.9,49.268
"vdc_v",66748.9,49.268
"vdc_v",66748.9,49.268
"vdc_v",66748.9,49.268
"vdc_v",66748.9,49.268
"vdc_v",66748.9,49.268
"vdc_v",66748.9,49.268
"vdc_v",66748.9,49.268
"vdc_v",66749,49.268
"vdc_v",66749,49.268
"vdc_v",66749,49.268
"vdc_v",66749,49.268
"vdc_v",66749,49.268
"vdc_v",66749,49.268
"vdc_v",66749,49.268
"vdc_v",66749,49.268
"vdc_v",66749,49.268
"vdc_v",66749.1,49.268
"vdc_v",66749.1,49.268
"vdc_v",66749.1,49.268
"vdc_v",66749.1,49.268
"vdc_v",66749.1,49.268
"vdc_v",66749.1,49.268
"vdc_v",66749.1,49.268
"vdc_v",66749.1,49.268
"vdc_v",66749.1,49.268
"vdc_v",66749.1,49.268
"vdc_v",66749.1,49.268
"vdc_v",66749.2,49.268
"vdc_v",66749.2,49.268
"vdc_v",66749.2,49.268
"vdc_v",66749.2,49.268
"vdc_v",66749.2,49.268
"vdc_v",66749.2,49.268
"vdc_v",66749.2,49.268
"vdc_v",66749.2,49.268
"vdc_v",66749.2,49.268
"vdc_v",66749.2,49.268
"vdc_v",66749.3,49.268
"vdc_v",66749.3,49.268
"vdc_v",66749.3,49.268
"vdc_v",66749.3,49.268
"vdc_v",66749.3,49.268
"vdc_v",66749.3,49.268
"vdc_v",66749.3,49.268
"vdc_v",66749.3,49.268
"vdc_v",66749.3,49.268
"vdc_v",66749.4,49.268
"vdc_v",66749.4,49.268
"vdc_v",66749.4,49.268
"vdc_v",66749.4,49.268
"vdc_v",66749.4,49.268
"vdc_v",66749.4,49.268
"vdc_v",66749.4,49.268
"vdc_v",66749.4,49.268
"vdc_v",66749.4,49.268
"vdc_v",66749.4,49.268
"vdc_v",66749.5,49.268
"vdc_v",66749.5,49.268
"vdc_v",66749.5,49.268
"vdc_v",66749.5,49.268
"vdc_v",66749.5,49.268
"vdc_v",66749.5,49.268
"vdc_v",66749.5,49.268
"vdc_v",66749.5,49.268
"vdc_v",66749.5,49.268
"vdc_v",66749.5,49.268
"vdc_v",66749.5,49.268
"vdc_v",66749.6,49.268
"vdc_v",66749.6,49.268
"vdc_v",66749.6,49.268
"vdc_v",66749.6,49.268
"vdc_v",66749.6,49.268
"vdc_v",66749.6,49.268
"vdc_v",66749.6,49.268
"vdc_v",66749.6,49.268
"vdc_v",66749.6,49.268
"vdc_v",66749.6,49.268
"vdc_v",66749.7,49.268
"vdc_v",66749.7,49.268
"vdc_v",66749.7,49.268
"vdc_v",66749.7,49.268
"vdc_v",66749.7,49.268
"vdc_v",66749.7,49.268
"vdc_v",66749.7,49.268
"vdc_v",66749.7,49.268
"vdc_v",66749.7,49.268
"vdc_v",66749.8,49.268
"vdc_v",66749.8,49.268
"vdc_v",66749.8,49.268
"vdc_v",66749.8,49.268
"vdc_v",66749.8,49.268
"vdc_v",66749.8,49.268
"vdc_v",66749.8,49.268
"vdc_v",66749.8,49.268
"vdc_v",66749.8,49.268
"vdc_v",66749.8,49.268
"vdc_v",66749.9,49.268
"vdc_v",66749.9,49.268
"vdc_v",66749.9,49.268
"vdc_v",66749.9,49.268
"vdc_v",66749.9,49.268
"vdc_v",66749.9,49.268
"vdc_v",66749.9,49.268
"vdc_v",66749.9,49.268
"vdc_v",66749.9,49.268
"vdc_v",66749.9,49.268
"vdc_v",66749.9,49.268
"vdc_v",66750,49.268
"vdc_v",66750,49.268
"vdc_v",66750,49.268
"vdc_v",66750,49.268
"vdc_v",66750,49.268
"vdc_v",66750,49.268
"vdc_v",66750,49.268
"vdc_v",66750,49.268
"vdc_v",66750,49.268
"vdc_v",66750.1,49.268
"vdc_v",66750.1,49.268
"vdc_v",66750.1,49.268
"vdc_v",66750.1,49.268
"vdc_v",66750.1,49.268
"vdc_v",66750.1,49.268
"vdc_v",66750.1,49.268
"vdc_v",66750.1,49.268
"vdc_v",66750.1,49.268
"vdc_v",66750.1,49.268
"vdc_v",66750.1,49.268
"vdc_v",66750.2,49.268
"vdc_v",66750.2,49.268
"vdc_v",66750.2,49.268
"vdc_v",66750.2,49.268
"vdc_v",66750.2,49.268
"vdc_v",66750.2,49.268
"vdc_v",66750.2,49.268
"vdc_v",66750.2,49.268
"vdc_v",66750.2,49.268
"vdc_v",66750.2,49.268
"vdc_v",66750.3,49.268
"vdc_v",66750.3,49.268
"vdc_v",66750.3,49.268
"vdc_v",66750.3,49.268
"vdc_v",66750.3,49.268
"vdc_v",66750.3,49.268
"vdc_v",66750.3,49.268
"vdc_v",66750.3,49.268
"vdc_v",66750.3,49.268
"vdc_v",66750.4,49.268
"vdc_v",66750.4,49.268
"vdc_v",66750.4,49.268
"vdc_v",66750.4,49.268
"vdc_v",66750.4,49.268
"vdc_v",66750.4,49.268
"vdc_v",66750.4,49.268
"vdc_v",66750.4,49.268
"vdc_v",66750.4,49.268
"vdc_v",66750.4,49.268
"vdc_v",66750.5,49.268
"vdc_v",66750.5,49.268
"vdc_v",66750.5,49.268
"vdc_v",66750.5,49.268
"vdc_v",66750.5,49.268
"vdc_v",66750.5,49.268
"vdc_v",66750.5,49.268
"vdc_v",66750.5,49.268
"vdc_v",66750.5,49.268
"vdc_v",66750.5,49.268
"vdc_v",66750.6,49.268
"vdc_v",66750.6,49.268
"vdc_v",66750.6,49.268
"vdc_v",66750.6,49.268
"vdc_v",66750.6,49.268
"vdc_v",66750.6,49.268
"vdc_v",66750.6,49.268
"vdc_v",66750.6,49.268
"vdc_v",66750.6,49.268
"vdc_v",66750.6,49.268
"vdc_v",66750.7,49.268
"vdc_v",66750.7,49.268
"vdc_v",66750.7,49.268
"vdc_v",66750.7,49.268
"vdc_v",66750.7,49.268
"vdc_v",66750.7,49.268
"vdc_v",66750.7,49.268
"vdc_v",66750.7,49.268
"vdc_v",66750.7,49.268
"vdc_v",66750.7,49.268
"vdc_v",66750.8,49.268
"vdc_v",66750.8,49.268
"vdc_v",66750.8,49.268
"vdc_v",66750.8,49.268
"vdc_v",66750.8,49.268
"vdc_v",66750.8,49.268
"vdc_v",66750.8,49.268
"vdc_v",66750.8,49.268
"vdc_v",66750.8,49.268
"vdc_v",66750.8,49.268
"vdc_v",66750.9,49.268
"vdc_v",66750.9,49.268
"vdc_v",66750.9,49.268
"vdc_v",66750.9,49.268
"vdc_v",66750.9,49.268
"vdc_v",66750.9,49.268
"vdc_v",66750.9,49.268
"vdc_v",66750.9,49.268
"vdc_v",66750.9,49.268
"vdc_v",66750.9,49.268
"vdc_v",66751,49.268
"vdc_v",66751,49.268
"vdc_v",66751,49.268
"vdc_v",66751,49.268
"vdc_v",66751,49.268
"vdc_v",66751,49.268
"vdc_v",66751,49.268
"vdc_v",66751,49.268
"vdc_v",66751,49.268
"vdc_v",66751,49.268
"vdc_v",66751.1,49.268
"vdc_v",66751.1,49.268
"vdc_v",66751.1,49.268
"vdc_v",66751.1,49.268
"vdc_v",66751.1,49.268
"vdc_v",66751.1,49.268
"vdc_v",66751.1,49.268
"vdc_v",66751.1,49.268
"vdc_v",66751.1,49.268
"vdc_v",66751.1,49.268
"vdc_v",66751.2,49.268
"vdc_v",66751.2,49.268
"vdc_v",66751.2,49.268
"vdc_v",66751.2,49.268
"vdc_v",66751.2,49.268
"vdc_v",66751.2,49.268
"vdc_v",66751.2,49.268
"vdc_v",66751.2,49.268
"vdc_v",66751.2,49.268
"vdc_v",66751.2,49.268
"vdc_v",66751.2,49.268
"vdc_v",66751.3,49.268
"vdc_v",66751.3,49.268
"vdc_v",66751.3,49.268
"vdc_v",66751.3,49.268
"vdc_v",66751.3,49.268
"vdc_v",66751.3,49.268
"vdc_v",66751.3,49.268
"vdc_v",66751.3,49.268
"vdc_v",66751.3,49.268
"vdc_v",66751.4,49.268
"vdc_v",66751.4,49.268
"vdc_v",66751.4,49.268
"vdc_v",66751.4,49.268
"vdc_v",66751.4,49.268
"vdc_v",66751.4,49.268
"vdc_v",66751.4,49.268
"vdc_v",66751.4,49.268
"vdc_v",66751.4,49.268
"vdc_v",66751.4,49.268
"vdc_v",66751.5,49.268
"vdc_v",66751.5,49.268
"vdc_v",66751.5,49.268
"vdc_v",66751.5,49.268
"vdc_v",66751.5,49.268
"vdc_v",66751.5,49.268
"vdc_v",66751.5,49.268
"vdc_v",66751.5,49.268
"vdc_v",66751.5,49.268
"vdc_v",66751.5,49.268
"vdc_v",66751.6,49.268
"vdc_v",66751.6,49.268
"vdc_v",66751.6,49.268
"vdc_v",66751.6,49.268
"vdc_v",66751.6,49.268
"vdc_v",66751.6,49.268
"vdc_v",66751.6,49.268
"vdc_v",66751.6,49.268
"vdc_v",66751.6,49.268
"vdc_v",66751.6,49.268
"vdc_v",66751.7,49.268
"vdc_v",66751.7,49.268
"vdc_v",66751.7,49.268
"vdc_v",66751.7,49.268
"vdc_v",66751.7,49.268
"vdc_v",66751.7,49.268
"vdc_v",66751.7,49.268
"vdc_v",66751.7,49.268
"vdc_v",66751.7,49.268
"vdc_v",66751.8,49.268
"vdc_v",66751.8,49.268
"vdc_v",66751.8,49.268
"vdc_v",66751.8,49.268
"vdc_v",66751.8,49.268
"vdc_v",66751.8,49.268
"vdc_v",66751.8,49.268
"vdc_v",66751.8,49.268
"vdc_v",66751.8,49.268
"vdc_v",66751.8,49.268
"vdc_v",66751.9,49.268
"vdc_v",66751.9,49.268
"vdc_v",66751.9,49.268
"vdc_v",66751.9,49.268
"vdc_v",66751.9,49.268
"vdc_v",66751.9,49.268
"vdc_v",66751.9,49.268
"vdc_v",66751.9,49.268
"vdc_v",66751.9,49.268
"vdc_v",66751.9,49.268
"vdc_v",66751.9,49.268
"vdc_v",66752,49.268
"vdc_v",66752,49.268
"vdc_v",66752,49.268
"vdc_v",66752,49.268
"vdc_v",66752,49.268
"vdc_v",66752,49.268
"vdc_v",66752,49.268
"vdc_v",66752,49.268
"vdc_v",66752,49.268
"vdc_v",66752,49.268
"vdc_v",66752.1,49.268
"vdc_v",66752.1,49.268
"vdc_v",66752.1,49.268
"vdc_v",66752.1,49.268
"vdc_v",66752.1,49.268
"vdc_v",66752.1,49.268
"vdc_v",66752.1,49.268
"vdc_v",66752.1,49.268
"vdc_v",66752.1,49.268
"vdc_v",66752.1,49.268
"vdc_v",66752.2,49.268
"vdc_v",66752.2,49.268
"vdc_v",66752.2,49.268
"vdc_v",66752.2,49.268
"vdc_v",66752.2,49.268
"vdc_v",66752.2,49.268
"vdc_v",66752.2,49.268
"vdc_v",66752.2,49.268
"vdc_v",66752.2,49.268
"vdc_v",66752.2,49.268
"vdc_v",66752.3,49.268
"vdc_v",66752.3,49.268
"vdc_v",66752.3,49.268
"vdc_v",66752.3,49.268
"vdc_v",66752.3,49.268
"vdc_v",66752.3,49.268
"vdc_v",66752.3,49.268
"vdc_v",66752.3,49.268
"vdc_v",66752.3,49.268
"vdc_v",66752.3,49.268
"vdc_v",66752.4,49.268
"vdc_v",66752.4,49.268
"vdc_v",66752.4,49.268
"vdc_v",66752.4,49.268
"vdc_v",66752.4,49.268
"vdc_v",66752.4,49.268
"vdc_v",66752.4,49.268
"vdc_v",66752.4,49.268
"vdc_v",66752.4,49.268
"vdc_v",66752.4,49.268
"vdc_v",66752.5,49.268
"vdc_v",66752.5,49.268
"vdc_v",66752.5,49.268
"vdc_v",66752.5,49.268
"vdc_v",66752.5,49.268
"vdc_v",66752.5,49.268
"vdc_v",66752.5,49.268
"vdc_v",66752.5,49.268
"vdc_v",66752.5,49.268
"vdc_v",66752.5,49.268
"vdc_v",66752.6,49.268
"vdc_v",66752.6,49.268
"vdc_v",66752.6,49.268
"vdc_v",66752.6,49.268
"vdc_v",66752.6,49.268
"vdc_v",66752.6,49.268
"vdc_v",66752.6,49.268
"vdc_v",66752.6,49.268
"vdc_v",66752.6,49.268
"vdc_v",66752.6,49.268
"vdc_v",66752.7,49.268
"vdc_v",66752.7,49.268
"vdc_v",66752.7,49.268
"vdc_v",66752.7,49.268
"vdc_v",66752.7,49.268
"vdc_v",66752.7,49.268
"vdc_v",66752.7,49.268
"vdc_v",66752.7,49.268
"vdc_v",66752.7,49.268
"vdc_v",66752.7,49.268
"vdc_v",66752.8,49.268
"vdc_v",66752.8,49.268
"vdc_v",66752.8,49.268
"vdc_v",66752.8,49.268
"vdc_v",66752.8,49.268
"vdc_v",66752.8,49.268
"vdc_v",66752.8,49.268
"vdc_v",66752.8,49.268
"vdc_v",66752.8,49.268
"vdc_v",66752.8,49.268
"vdc_v",66752.9,49.268
"vdc_v",66752.9,49.268
"vdc_v",66752.9,49.268
"vdc_v",66752.9,49.268
"vdc_v",66752.9,49.268
"vdc_v",66752.9,49.268
"vdc_v",66752.9,49.268
"vdc_v",66752.9,49.268
"vdc_v",66752.9,49.268
"vdc_v",66752.9,49.268
"vdc_v",66753,49.268
"vdc_v",66753,49.268
"vdc_v",66753,49.268
"vdc_v",66753,49.268
"vdc_v",66753,49.268
"vdc_v",66753,49.268
"vdc_v",66753,49.268
"vdc_v",66753,49.268
"vdc_v",66753,49.268
"vdc_v",66753,49.268
"vdc_v",66753,49.268
"vdc_v",66753.1,49.268
"vdc_v",66753.1,49.268
"vdc_v",66753.1,49.268
"vdc_v",66753.1,49.268
"vdc_v",66753.1,49.268
"vdc_v",66753.1,49.268
"vdc_v",66753.1,49.268
"vdc_v",66753.1,49.268
"vdc_v",66753.1,49.268
"vdc_v",66753.1,49.268
"vdc_v",66753.2,49.268
"vdc_v",66753.2,49.268
"vdc_v",66753.2,49.268
"vdc_v",66753.2,49.268
"vdc_v",66753.2,49.268
"vdc_v",66753.2,49.268
"vdc_v",66753.2,49.268
"vdc_v",66753.2,49.268
"vdc_v",66753.2,49.268
"vdc_v",66753.2,49.268
"vdc_v",66753.3,49.268
"vdc_v",66753.3,49.268
"vdc_v",66753.3,49.268
"vdc_v",66753.3,49.268
"vdc_v",66753.3,49.268
"vdc_v",66753.3,49.268
"vdc_v",66753.3,49.268
"vdc_v",66753.3,49.268
"vdc_v",66753.3,49.268
"vdc_v",66753.3,49.268
"vdc_v",66753.4,49.268
"vdc_v",66753.4,49.268
"vdc_v",66753.4,49.268
"vdc_v",66753.4,49.268
"vdc_v",66753.4,49.268
"vdc_v",66753.4,49.268
"vdc_v",66753.4,49.268
"vdc_v",66753.4,49.268
"vdc_v",66753.4,49.268
"vdc_v",66753.4,49.268
"vdc_v",66753.5,49.268
"vdc_v",66753.5,49.268
"vdc_v",66753.5,49.268
"vdc_v",66753.5,49.268
"vdc_v",66753.5,49.268
"vdc_v",66753.5,49.268
"vdc_v",66753.5,49.268
"vdc_v",66753.5,49.268
"vdc_v",66753.5,49.268
"vdc_v",66753.5,49.268
"vdc_v",66753.6,49.268
"vdc_v",66753.6,49.268
"vdc_v",66753.6,49.268
"vdc_v",66753.6,49.268
"vdc_v",66753.6,49.268
"vdc_v",66753.6,49.268
"vdc_v",66753.6,49.268
"vdc_v",66753.6,49.268
"vdc_v",66753.6,49.268
"vdc_v",66753.6,49.268
"vdc_v",66753.7,49.268
"vdc_v",66753.7,49.268
"vdc_v",66753.7,49.268
"vdc_v",66753.7,49.268
"vdc_v",66753.7,49.268
"vdc_v",66753.7,49.268
"vdc_v",66753.7,49.268
"vdc_v",66753.7,49.268
"vdc_v",66753.7,49.268
"vdc_v",66753.7,49.268
"vdc_v",66753.8,49.268
"vdc_v",66753.8,49.268
"vdc_v",66753.8,49.268
"vdc_v",66753.8,49.268
"vdc_v",66753.8,49.268
"vdc_v",66753.8,49.268
"vdc_v",66753.8,49.268
"vdc_v",66753.8,49.268
"vdc_v",66753.8,49.268
"vdc_v",66753.8,49.268
"vdc_v",66753.9,49.268
"vdc_v",66753.9,49.268
"vdc_v",66753.9,49.268
"vdc_v",66753.9,49.268
"vdc_v",66753.9,49.268
"vdc_v",66753.9,49.268
"vdc_v",66753.9,49.268
"vdc_v",66753.9,49.268
"vdc_v",66753.9,49.268
"vdc_v",66753.9,49.268
"vdc_v",66754,49.268
"vdc_v",66754,49.268
"vdc_v",66754,49.268
"vdc_v",66754,49.268
"vdc_v",66754,49.268
"vdc_v",66754,49.268
"vdc_v",66754,49.268
"vdc_v",66754,49.268
"vdc_v",66754,49.268
"vdc_v",66754,49.268
"vdc_v",66754.1,49.268
"vdc_v",66754.1,49.268
"vdc_v",66754.1,49.268
"vdc_v",66754.1,49.268
"vdc_v",66754.1,49.268
"vdc_v",66754.1,49.268
"vdc_v",66754.1,49.268
"vdc_v",66754.1,49.268
"vdc_v",66754.1,49.268
"vdc_v",66754.1,49.268
"vdc_v",66754.1,49.268
"vdc_v",66754.2,49.268
"vdc_v",66754.2,49.268
"vdc_v",66754.2,49.268
"vdc_v",66754.2,49.268
"vdc_v",66754.2,49.268
"vdc_v",66754.2,49.268
"vdc_v",66754.2,49.268
"vdc_v",66754.2,49.268
"vdc_v",66754.2,49.268
"vdc_v",66754.2,49.268
"vdc_v",66754.3,49.268
"vdc_v",66754.3,49.268
"vdc_v",66754.3,49.268
"vdc_v",66754.3,49.268
"vdc_v",66754.3,49.268
"vdc_v",66754.3,49.268
"vdc_v",66754.3,49.268
"vdc_v",66754.3,49.268
"vdc_v",66754.3,49.268
"vdc_v",66754.4,49.268
"vdc_v",66754.4,49.268
"vdc_v",66754.4,49.268
"vdc_v",66754.4,49.268
"vdc_v",66754.4,49.268
"vdc_v",66754.4,49.268
"vdc_v",66754.4,49.268
"vdc_v",66754.4,49.268
"vdc_v",66754.4,49.268
"vdc_v",66754.4,49.268
"vdc_v",66754.5,49.268
"vdc_v",66754.5,49.268
"vdc_v",66754.5,49.268
"vdc_v",66754.5,49.268
"vdc_v",66754.5,49.268
"vdc_v",66754.5,49.268
"vdc_v",66754.5,49.268
"vdc_v",66754.5,49.268
"vdc_v",66754.5,49.268
"vdc_v",66754.5,49.268
"vdc_v",66754.5,49.268
"vdc_v",66754.6,49.268
"vdc_v",66754.6,49.268
"vdc_v",66754.6,49.268
"vdc_v",66754.6,49.268
"vdc_v",66754.6,49.268
"vdc_v",66754.6,49.268
"vdc_v",66754.6,49.268
"vdc_v",66754.6,49.268
"vdc_v",66754.6,49.268
"vdc_v",66754.7,49.268
"vdc_v",66754.7,49.268
"vdc_v",66754.7,49.268
"vdc_v",66754.7,49.268
"vdc_v",66754.7,49.268
"vdc_v",66754.7,49.268
"vdc_v",66754.8,49.268
"vdc_v",66754.8,49.268
"vdc_v",66754.8,49.268
"vdc_v",66754.8,49.268
"vdc_v",66754.8,49.268
"vdc_v",66754.8,49.268
"vdc_v",66754.9,49.268
"vdc_v",66754.9,49.268
"vdc_v",66754.9,49.268
"vdc_v",66754.9,49.268
"vdc_v",66754.9,49.268
"vdc_v",66754.9,49.268
"vdc_v",66754.9,49.268
"vdc_v",66754.9,49.268
"vdc_v",66755,49.268
"vdc_v",66755,49.268
"vdc_v",66755,49.268
"vdc_v",66755,49.268
"vdc_v",66755,49.268
"vdc_v",66755.1,49.268
"vdc_v",66755.1,49.268
"vdc_v",66755.1,49.268
"vdc_v",66755.1,49.268
"vdc_v",66755.1,49.268
"vdc_v",66755.1,49.268
"vdc_v",66755.1,49.268
"vdc_v",66755.1,49.268
"vdc_v",66755.1,49.268
"vdc_v",66755.1,49.268
"vdc_v",66755.2,49.268
"vdc_v",66755.2,49.268
"vdc_v",66755.2,49.268
"vdc_v",66755.2,49.268
"vdc_v",66755.2,49.268
"vdc_v",66755.2,49.268
"vdc_v",66755.2,49.268
"vdc_v",66755.2,49.268
"vdc_v",66755.2,49.268
"vdc_v",66755.2,49.268
"vdc_v",66755.2,49.268
"vdc_v",66755.3,49.268
"vdc_v",66755.3,49.268
"vdc_v",66755.3,49.268
"vdc_v",66755.3,49.268
"vdc_v",66755.3,49.268
"vdc_v",66755.3,49.268
"vdc_v",66755.3,49.268
"vdc_v",66755.3,49.268
"vdc_v",66755.3,49.268
"vdc_v",66755.3,49.268
"vdc_v",66755.3,49.268
"vdc_v",66755.4,49.268
"vdc_v",66755.4,49.268
"vdc_v",66755.4,49.268
"vdc_v",66755.4,49.268
"vdc_v",66755.4,49.268
"vdc_v",66755.4,49.268
"vdc_v",66755.4,49.268
"vdc_v",66755.4,49.268
"vdc_v",66755.4,49.268
"vdc_v",66755.4,49.268
"vdc_v",66755.4,49.268
"vdc_v",66755.5,49.268
"vdc_v",66755.5,49.268
"vdc_v",66755.5,49.268
"vdc_v",66755.5,49.268
"vdc_v",66755.5,49.268
"vdc_v",66755.5,49.268
"vdc_v",66755.5,49.268
"vdc_v",66755.5,49.268
"vdc_v",66755.5,49.268
"vdc_v",66755.5,49.268
"vdc_v",66755.5,49.268
"vdc_v",66755.5,49.268
"vdc_v",66755.6,49.268
"vdc_v",66755.6,49.268
"vdc_v",66755.6,49.268
"vdc_v",66755.6,49.268
"vdc_v",66755.6,49.268
"vdc_v",66755.6,49.268
"vdc_v",66755.6,49.268
"vdc_v",66755.6,49.268
"vdc_v",66755.6,49.268
"vdc_v",66755.6,49.268
"vdc_v",66755.6,49.268
"vdc_v",66755.7,49.268
"vdc_v",66755.7,49.268
"vdc_v",66755.7,49.268
"vdc_v",66755.7,49.268
"vdc_v",66755.7,49.268
"vdc_v",66755.7,49.268
"vdc_v",66755.7,49.268
"vdc_v",66755.7,49.268
"vdc_v",66755.7,49.268
"vdc_v",66755.7,49.268
"vdc_v",66755.7,49.268
"vdc_v",66755.8,49.268
"vdc_v",66755.8,49.268
"vdc_v",66755.8,49.268
"vdc_v",66755.8,49.268
"vdc_v",66755.8,49.268
"vdc_v",66755.8,49.268
"vdc_v",66755.8,49.268
"vdc_v",66755.8,49.268
"vdc_v",66755.8,49.268
"vdc_v",66755.8,49.268
"vdc_v",66755.8,49.268
"vdc_v",66755.9,49.268
"vdc_v",66755.9,49.268
"vdc_v",66755.9,49.268
"vdc_v",66755.9,49.268
"vdc_v",66755.9,49.268
"vdc_v",66755.9,49.268
"vdc_v",66755.9,49.268
"vdc_v",66755.9,49.268
"vdc_v",66755.9,49.268
"vdc_v",66755.9,49.268
"vdc_v",66756,49.268
"vdc_v",66756,49.268
"vdc_v",66756,49.268
"vdc_v",66756,49.268
"vdc_v",66756,49.268
"vdc_v",66756,49.268
"vdc_v",66756,49.268
"vdc_v",66756,49.268
"vdc_v",66756,49.268
"vdc_v",66756,49.268
"vdc_v",66756.1,49.268
"vdc_v",66756.1,49.268
"vdc_v",66756.1,49.268
"vdc_v",66756.1,49.268
"vdc_v",66756.1,49.268
"vdc_v",66756.1,49.268
"vdc_v",66756.1,49.268
"vdc_v",66756.1,49.268
"vdc_v",66756.1,49.268
"vdc_v",66756.1,49.268
"vdc_v",66756.1,49.268
"vdc_v",66756.2,49.268
"vdc_v",66756.2,49.268
"vdc_v",66756.2,49.268
"vdc_v",66756.2,49.268
"vdc_v",66756.2,49.268
"vdc_v",66756.2,49.268
"vdc_v",66756.2,49.268
"vdc_v",66756.2,49.268
"vdc_v",66756.2,49.268
"vdc_v",66756.2,49.268
"vdc_v",66756.3,49.268
"vdc_v",66756.3,49.268
"vdc_v",66756.3,49.268
"vdc_v",66756.3,49.268
"vdc_v",66756.3,49.268
"vdc_v",66756.3,49.268
"vdc_v",66756.3,49.268
"vdc_v",66756.3,49.268
"vdc_v",66756.3,49.268
"vdc_v",66756.4,49.268
"vdc_v",66756.4,49.268
"vdc_v",66756.4,49.268
"vdc_v",66756.4,49.268
"vdc_v",66756.4,49.268
"vdc_v",66756.4,49.268
"vdc_v",66756.4,49.268
"vdc_v",66756.4,49.268
"vdc_v",66756.4,49.268
"vdc_v",66756.4,49.268
"vdc_v",66756.5,49.268
"vdc_v",66756.5,49.268
"vdc_v",66756.5,49.268
"vdc_v",66756.5,49.268
"vdc_v",66756.5,49.268
"vdc_v",66756.5,49.268
"vdc_v",66756.5,49.268
"vdc_v",66756.5,49.268
"vdc_v",66756.5,49.268
"vdc_v",66756.5,49.268
"vdc_v",66756.6,49.268
"vdc_v",66756.6,49.268
"vdc_v",66756.6,49.268
"vdc_v",66756.6,49.268
"vdc_v",66756.6,49.268
"vdc_v",66756.6,49.268
"vdc_v",66756.6,49.268
"vdc_v",66756.6,49.268
"vdc_v",66756.6,49.268
"vdc_v",66756.6,49.268
"vdc_v",66756.6,49.268
"vdc_v",66756.7,49.268
"vdc_v",66756.7,49.268
"vdc_v",66756.7,49.268
"vdc_v",66756.7,49.268
"vdc_v",66756.7,49.268
"vdc_v",66756.7,49.268
"vdc_v",66756.7,49.268
"vdc_v",66756.7,49.268
"vdc_v",66756.7,49.268
"vdc_v",66756.8,49.268
"vdc_v",66756.8,49.268
"vdc_v",66756.8,49.268
"vdc_v",66756.8,49.268
"vdc_v",66756.8,49.268
"vdc_v",66756.8,49.268
"vdc_v",66756.8,49.268
"vdc_v",66756.8,49.268
"vdc_v",66756.8,49.268
"vdc_v",66756.8,49.268
"vdc_v",66756.9,49.268
"vdc_v",66756.9,49.268
"vdc_v",66756.9,49.268
"vdc_v",66756.9,49.268
"vdc_v",66756.9,49.268
"vdc_v",66756.9,49.268
"vdc_v",66756.9,49.268
"vdc_v",66756.9,49.268
"vdc_v",66756.9,49.268
"vdc_v",66756.9,49.268
"vdc_v",66757,49.268
"vdc_v",66757,49.268
"vdc_v",66757,49.268
"vdc_v",66757,49.268
"vdc_v",66757,49.268
"vdc_v",66757,49.268
"vdc_v",66757,49.268
"vdc_v",66757,49.268
"vdc_v",66757,49.268
"vdc_v",66757,49.268
"vdc_v",66757,49.268
"vdc_v",66757.1,49.268
"vdc_v",66757.1,49.268
"vdc_v",66757.1,49.268
"vdc_v",66757.1,49.268
"vdc_v",66757.1,49.268
"vdc_v",66757.1,49.268
"vdc_v",66757.1,49.268
"vdc_v",66757.1,49.268
"vdc_v",66757.1,49.268
"vdc_v",66757.1,49.268
"vdc_v",66757.2,49.268
"vdc_v",66757.2,49.268
"vdc_v",66757.2,49.268
"vdc_v",66757.2,49.268
"vdc_v",66757.2,49.268
"vdc_v",66757.2,49.268
"vdc_v",66757.2,49.268
"vdc_v",66757.2,49.268
"vdc_v",66757.2,49.268
"vdc_v",66757.2,49.268
"vdc_v",66757.3,49.268
"vdc_v",66757.3,49.268
"vdc_v",66757.3,49.268
"vdc_v",66757.3,49.268
"vdc_v",66757.3,49.268
"vdc_v",66757.3,49.268
"vdc_v",66757.3,49.268
"vdc_v",66757.3,49.268
"vdc_v",66757.3,49.268
"vdc_v",66757.4,49.268
"vdc_v",66757.4,49.268
"vdc_v",66757.4,49.268
"vdc_v",66757.4,49.268
"vdc_v",66757.4,49.268
"vdc_v",66757.4,49.268
"vdc_v",66757.4,49.268
"vdc_v",66757.4,49.268
"vdc_v",66757.4,49.268
"vdc_v",66757.4,49.268
"vdc_v",66757.5,49.268
"vdc_v",66757.5,49.268
"vdc_v",66757.5,49.268
"vdc_v",66757.5,49.268
"vdc_v",66757.5,49.268
"vdc_v",66757.5,49.268
"vdc_v",66757.5,49.268
"vdc_v",66757.5,49.268
"vdc_v",66757.5,49.268
"vdc_v",66757.5,49.268
"vdc_v",66757.5,49.268
"vdc_v",66757.6,49.268
"vdc_v",66757.6,49.268
"vdc_v",66757.6,49.268
"vdc_v",66757.6,49.268
"vdc_v",66757.6,49.268
"vdc_v",66757.6,49.268
"vdc_v",66757.6,49.268
"vdc_v",66757.6,49.268
"vdc_v",66757.6,49.268
"vdc_v",66757.6,49.268
"vdc_v",66757.7,49.268
"vdc_v",66757.7,49.268
"vdc_v",66757.7,49.268
"vdc_v",66757.7,49.268
"vdc_v",66757.7,49.268
"vdc_v",66757.7,49.268
"vdc_v",66757.7,49.268
"vdc_v",66757.7,49.268
"vdc_v",66757.7,49.268
"vdc_v",66757.8,49.268
"vdc_v",66757.8,49.268
"vdc_v",66757.8,49.268
"vdc_v",66757.8,49.268
"vdc_v",66757.8,49.268
"vdc_v",66757.8,49.268
"vdc_v",66757.8,49.268
"vdc_v",66757.8,49.268
"vdc_v",66757.8,49.268
"vdc_v",66757.8,49.268
"vdc_v",66757.9,49.268
"vdc_v",66757.9,49.268
"vdc_v",66757.9,49.268
"vdc_v",66757.9,49.268
"vdc_v",66757.9,49.268
"vdc_v",66757.9,49.268
"vdc_v",66757.9,49.268
"vdc_v",66757.9,49.268
"vdc_v",66757.9,49.268
"vdc_v",66757.9,49.268
"vdc_v",66758,49.268
"vdc_v",66758,49.268
"vdc_v",66758,49.268
"vdc_v",66758,49.268
"vdc_v",66758,49.268
"vdc_v",66758,49.268
"vdc_v",66758,49.268
"vdc_v",66758,49.268
"vdc_v",66758,49.268
"vdc_v",66758,49.268
"vdc_v",66758.1,49.268
"vdc_v",66758.1,49.268
"vdc_v",66758.1,49.268
"vdc_v",66758.1,49.268
"vdc_v",66758.1,49.268
"vdc_v",66758.1,49.268
"vdc_v",66758.1,49.268
"vdc_v",66758.1,49.268
"vdc_v",66758.1,49.268
"vdc_v",66758.1,49.268
"vdc_v",66758.2,49.268
"vdc_v",66758.2,49.268
"vdc_v",66758.2,49.268
"vdc_v",66758.2,49.268
"vdc_v",66758.2,49.268
"vdc_v",66758.2,49.268
"vdc_v",66758.2,49.268
"vdc_v",66758.2,49.268
"vdc_v",66758.2,49.268
"vdc_v",66758.2,49.268
"vdc_v",66758.2,49.268
"vdc_v",66758.3,49.268
"vdc_v",66758.3,49.268
"vdc_v",66758.3,49.268
"vdc_v",66758.3,49.268
"vdc_v",66758.3,49.268
"vdc_v",66758.3,49.268
"vdc_v",66758.3,49.268
"vdc_v",66758.3,49.268
"vdc_v",66758.3,49.268
"vdc_v",66758.4,49.268
"vdc_v",66758.4,49.268
"vdc_v",66758.4,49.268
"vdc_v",66758.4,49.268
"vdc_v",66758.4,49.268
"vdc_v",66758.4,49.268
"vdc_v",66758.4,49.268
"vdc_v",66758.4,49.268
"vdc_v",66758.4,49.268
"vdc_v",66758.4,49.268
"vdc_v",66758.5,49.268
"vdc_v",66758.5,49.268
"vdc_v",66758.5,49.268
"vdc_v",66758.5,49.268
"vdc_v",66758.5,49.268
"vdc_v",66758.5,49.268
"vdc_v",66758.5,49.268
"vdc_v",66758.5,49.268
"vdc_v",66758.5,49.268
"vdc_v",66758.5,49.268
"vdc_v",66758.6,49.268
"vdc_v",66758.6,49.268
"vdc_v",66758.6,49.268
"vdc_v",66758.6,49.268
"vdc_v",66758.6,49.268
"vdc_v",66758.6,49.268
"vdc_v",66758.6,49.268
"vdc_v",66758.6,49.268
"vdc_v",66758.6,49.268
"vdc_v",66758.6,49.268
"vdc_v",66758.6,49.268
"vdc_v",66758.7,49.268
"vdc_v",66758.7,49.268
"vdc_v",66758.7,49.268
"vdc_v",66758.7,49.268
"vdc_v",66758.7,49.268
"vdc_v",66758.7,49.268
"vdc_v",66758.7,49.268
"vdc_v",66758.7,49.268
"vdc_v",66758.7,49.268
"vdc_v",66758.8,49.268
"vdc_v",66758.8,49.268
"vdc_v",66758.8,49.268
"vdc_v",66758.8,49.268
"vdc_v",66758.8,49.268
"vdc_v",66758.8,49.268
"vdc_v",66758.8,49.268
"vdc_v",66758.8,49.268
"vdc_v",66758.8,49.268
"vdc_v",66758.8,49.268
"vdc_v",66758.9,49.268
"vdc_v",66758.9,49.268
"vdc_v",66758.9,49.268
"vdc_v",66758.9,49.268
"vdc_v",66758.9,49.268
"vdc_v",66758.9,49.268
"vdc_v",66758.9,49.268
"vdc_v",66758.9,49.268
"vdc_v",66758.9,49.268
"vdc_v",66758.9,49.268
"vdc_v",66759,49.268
"vdc_v",66759,49.268
"vdc_v",66759,49.268
"vdc_v",66759,49.268
"vdc_v",66759,49.268
"vdc_v",66759,49.268
"vdc_v",66759,49.268
"vdc_v",66759,49.268
"vdc_v",66759,49.268
"vdc_v",66759,49.268
"vdc_v",66759.1,49.268
"vdc_v",66759.1,49.268
"vdc_v",66759.1,49.268
"vdc_v",66759.1,49.268
"vdc_v",66759.1,49.268
"vdc_v",66759.1,49.268
"vdc_v",66759.1,49.268
"vdc_v",66759.1,49.268
"vdc_v",66759.1,49.268
"vdc_v",66759.1,49.268
"vdc_v",66759.2,49.268
"vdc_v",66759.2,49.268
"vdc_v",66759.2,49.268
"vdc_v",66759.2,49.268
"vdc_v",66759.2,49.268
"vdc_v",66759.2,49.268
"vdc_v",66759.2,49.268
"vdc_v",66759.2,49.268
"vdc_v",66759.2,49.268
"vdc_v",66759.2,49.268
"vdc_v",66759.3,49.268
"vdc_v",66759.3,49.268
"vdc_v",66759.3,49.268
"vdc_v",66759.3,49.268
"vdc_v",66759.3,49.268
"vdc_v",66759.3,49.268
"vdc_v",66759.3,49.268
"vdc_v",66759.3,49.268
"vdc_v",66759.3,49.268
"vdc_v",66759.4,49.268
"vdc_v",66759.4,49.268
"vdc_v",66759.4,49.268
"vdc_v",66759.4,49.268
"vdc_v",66759.4,49.268
"vdc_v",66759.4,49.268
"vdc_v",66759.4,49.268
"vdc_v",66759.4,49.268
"vdc_v",66759.4,49.268
"vdc_v",66759.4,49.268
"vdc_v",66759.4,49.268
"vdc_v",66759.5,49.268
"vdc_v",66759.5,49.268
"vdc_v",66759.5,49.268
"vdc_v",66759.5,49.268
"vdc_v",66759.5,49.268
"vdc_v",66759.5,49.268
"vdc_v",66759.5,49.268
"vdc_v",66759.5,49.268
"vdc_v",66759.5,49.268
"vdc_v",66759.5,49.268
"vdc_v",66759.6,49.268
"vdc_v",66759.6,49.268
"vdc_v",66759.6,49.268
"vdc_v",66759.6,49.268
"vdc_v",66759.6,49.268
"vdc_v",66759.6,49.268
"vdc_v",66759.6,49.268
"vdc_v",66759.6,49.268
"vdc_v",66759.6,49.268
"vdc_v",66759.6,49.268
"vdc_v",66759.7,49.268
"vdc_v",66759.7,49.268
"vdc_v",66759.7,49.268
"vdc_v",66759.7,49.268
"vdc_v",66759.7,49.268
"vdc_v",66759.7,49.268
"vdc_v",66759.7,49.268
"vdc_v",66759.7,49.268
"vdc_v",66759.7,49.268
"vdc_v",66759.8,49.268
"vdc_v",66759.8,49.268
"vdc_v",66759.8,49.268
"vdc_v",66759.8,49.268
"vdc_v",66759.8,49.268
"vdc_v",66759.8,49.268
"vdc_v",66759.8,49.268
"vdc_v",66759.8,49.268
"vdc_v",66759.8,49.268
"vdc_v",66759.8,49.268
"vdc_v",66759.8,49.268
"vdc_v",66759.9,49.268
"vdc_v",66759.9,49.268
"vdc_v",66759.9,49.268
"vdc_v",66759.9,49.268
"vdc_v",66759.9,49.268
"vdc_v",66759.9,49.268
"vdc_v",66759.9,49.268
"vdc_v",66759.9,49.268
"vdc_v",66759.9,49.268
"vdc_v",66759.9,49.268
"vdc_v",66760,49.268
"vdc_v",66760,49.268
"vdc_v",66760,49.268
"vdc_v",66760,49.268
"vdc_v",66760,49.268
"vdc_v",66760,49.268
"vdc_v",66760,49.268
"vdc_v",66760,49.268
"vdc_v",66760,49.268
"vdc_v",66760,49.268
"vdc_v",66760.1,49.268
"vdc_v",66760.1,49.268
"vdc_v",66760.1,49.268
"vdc_v",66760.1,49.268
"vdc_v",66760.1,49.268
"vdc_v",66760.1,49.268
"vdc_v",66760.1,49.268
"vdc_v",66760.1,49.268
"vdc_v",66760.1,49.268
"vdc_v",66760.1,49.268
"vdc_v",66760.2,49.268
"vdc_v",66760.2,49.268
"vdc_v",66760.2,49.268
"vdc_v",66760.2,49.268
"vdc_v",66760.2,49.268
"vdc_v",66760.2,49.268
"vdc_v",66760.2,49.268
"vdc_v",66760.2,49.268
"vdc_v",66760.2,49.268
"vdc_v",66760.2,49.268
"vdc_v",66760.3,49.268
"vdc_v",66760.3,49.268
"vdc_v",66760.3,49.268
"vdc_v",66760.3,49.268
"vdc_v",66760.3,49.268
"vdc_v",66760.3,49.268
"vdc_v",66760.3,49.268
"vdc_v",66760.3,49.268
"vdc_v",66760.3,49.268
"vdc_v",66760.4,49.268
"vdc_v",66760.4,49.268
"vdc_v",66760.4,49.268
"vdc_v",66760.4,49.268
"vdc_v",66760.4,49.268
"vdc_v",66760.4,49.268
"vdc_v",66760.4,49.268
"vdc_v",66760.4,49.268
"vdc_v",66760.4,49.268
"vdc_v",66760.4,49.268
"vdc_v",66760.5,49.268
"vdc_v",66760.5,49.268
"vdc_v",66760.5,49.268
"vdc_v",66760.5,49.268
"vdc_v",66760.5,49.268
"vdc_v",66760.5,49.268
"vdc_v",66760.5,49.268
"vdc_v",66760.5,49.268
"vdc_v",66760.5,49.268
"vdc_v",66760.5,49.268
"vdc_v",66760.6,49.268
"vdc_v",66760.6,49.268
"vdc_v",66760.6,49.268
"vdc_v",66760.6,49.268
"vdc_v",66760.6,49.268
"vdc_v",66760.6,49.268
"vdc_v",66760.6,49.268
"vdc_v",66760.6,49.268
"vdc_v",66760.6,49.268
"vdc_v",66760.6,49.268
"vdc_v",66760.7,49.268
"vdc_v",66760.7,49.268
"vdc_v",66760.7,49.268
"vdc_v",66760.7,49.268
"vdc_v",66760.7,49.268
"vdc_v",66760.7,49.268
"vdc_v",66760.7,49.268
"vdc_v",66760.7,49.268
"vdc_v",66760.7,49.268
"vdc_v",66760.7,49.268
"vdc_v",66760.8,49.268
"vdc_v",66760.8,49.268
"vdc_v",66760.8,49.268
"vdc_v",66760.8,49.268
"vdc_v",66760.8,49.268
"vdc_v",66760.8,49.268
"vdc_v",66760.8,49.268
"vdc_v",66760.8,49.268
"vdc_v",66760.8,49.268
"vdc_v",66760.8,49.268
"vdc_v",66760.9,49.268
"vdc_v",66760.9,49.268
"vdc_v",66760.9,49.268
"vdc_v",66760.9,49.268
"vdc_v",66760.9,49.268
"vdc_v",66760.9,49.268
"vdc_v",66760.9,49.268
"vdc_v",66760.9,49.268
"vdc_v",66760.9,49.268
"vdc_v",66760.9,49.268
"vdc_v",66761,49.268
"vdc_v",66761,49.268
"vdc_v",66761,49.268
"vdc_v",66761,49.268
"vdc_v",66761,49.268
"vdc_v",66761,49.268
"vdc_v",66761,49.268
"vdc_v",66761,49.268
"vdc_v",66761,49.268
"vdc_v",66761,49.268
"vdc_v",66761.1,49.268
"vdc_v",66761.1,49.268
"vdc_v",66761.1,49.268
"vdc_v",66761.1,49.268
"vdc_v",66761.1,49.268
"vdc_v",66761.1,49.268
"vdc_v",66761.1,49.268
"vdc_v",66761.1,49.268
"vdc_v",66761.1,49.268
"vdc_v",66761.1,49.268
"vdc_v",66761.2,49.268
"vdc_v",66761.2,49.268
"vdc_v",66761.2,49.268
"vdc_v",66761.2,49.268
"vdc_v",66761.2,49.268
"vdc_v",66761.2,49.268
"vdc_v",66761.2,49.268
"vdc_v",66761.2,49.268
"vdc_v",66761.2,49.268
"vdc_v",66761.2,49.268
"vdc_v",66761.2,49.268
"vdc_v",66761.3,49.268
"vdc_v",66761.3,49.268
"vdc_v",66761.3,49.268
"vdc_v",66761.3,49.268
"vdc_v",66761.3,49.268
"vdc_v",66761.3,49.268
"vdc_v",66761.3,49.268
"vdc_v",66761.3,49.268
"vdc_v",66761.3,49.268
"vdc_v",66761.4,49.268
"vdc_v",66761.4,49.268
"vdc_v",66761.4,49.268
"vdc_v",66761.4,49.268
"vdc_v",66761.4,49.268
"vdc_v",66761.4,49.268
"vdc_v",66761.4,49.268
"vdc_v",66761.4,49.268
"vdc_v",66761.4,49.268
"vdc_v",66761.4,49.268
"vdc_v",66761.5,49.268
"vdc_v",66761.5,49.268
"vdc_v",66761.5,49.268
"vdc_v",66761.5,49.268
"vdc_v",66761.5,49.268
"vdc_v",66761.5,49.268
"vdc_v",66761.5,49.268
"vdc_v",66761.5,49.268
"vdc_v",66761.5,49.268
"vdc_v",66761.5,49.268
"vdc_v",66761.6,49.268
"vdc_v",66761.6,49.268
"vdc_v",66761.6,49.268
"vdc_v",66761.6,49.268
"vdc_v",66761.6,49.268
"vdc_v",66761.6,49.268
"vdc_v",66761.6,49.268
"vdc_v",66761.6,49.268
"vdc_v",66761.6,49.268
"vdc_v",66761.6,49.268
"vdc_v",66761.7,49.268
"vdc_v",66761.7,49.268
"vdc_v",66761.7,49.268
"vdc_v",66761.7,49.268
"vdc_v",66761.7,49.268
"vdc_v",66761.7,49.268
"vdc_v",66761.7,49.268
"vdc_v",66761.7,49.268
"vdc_v",66761.7,49.268
"vdc_v",66761.8,49.268
"vdc_v",66761.8,49.268
"vdc_v",66761.8,49.268
"vdc_v",66761.8,49.268
"vdc_v",66761.8,49.268
"vdc_v",66761.8,49.268
"vdc_v",66761.8,49.268
"vdc_v",66761.8,49.268
"vdc_v",66761.8,49.268
"vdc_v",66761.8,49.268
"vdc_v",66761.9,49.268
"vdc_v",66761.9,49.268
"vdc_v",66761.9,49.268
"vdc_v",66761.9,49.268
"vdc_v",66761.9,49.268
"vdc_v",66761.9,49.268
"vdc_v",66761.9,49.268
"vdc_v",66761.9,49.268
"vdc_v",66761.9,49.268
"vdc_v",66761.9,49.268
"vdc_v",66761.9,49.268
"vdc_v",66762,49.268
"vdc_v",66762,49.268
"vdc_v",66762,49.268
"vdc_v",66762,49.268
"vdc_v",66762,49.268
"vdc_v",66762,49.268
"vdc_v",66762,49.268
"vdc_v",66762,49.268
"vdc_v",66762,49.268
"vdc_v",66762,49.268
"vdc_v",66762.1,49.268
"vdc_v",66762.1,49.268
"vdc_v",66762.1,49.268
"vdc_v",66762.1,49.268
"vdc_v",66762.1,49.268
"vdc_v",66762.1,49.268
"vdc_v",66762.1,49.268
"vdc_v",66762.1,49.268
"vdc_v",66762.1,49.268
"vdc_v",66762.1,49.268
"vdc_v",66762.2,49.268
"vdc_v",66762.2,49.268
"vdc_v",66762.2,49.268
"vdc_v",66762.2,49.268
"vdc_v",66762.2,49.268
"vdc_v",66762.2,49.268
"vdc_v",66762.2,49.268
"vdc_v",66762.2,49.268
"vdc_v",66762.2,49.268
"vdc_v",66762.2,49.268
"vdc_v",66762.3,49.268
"vdc_v",66762.3,49.268
"vdc_v",66762.3,49.268
"vdc_v",66762.3,49.268
"vdc_v",66762.3,49.268
"vdc_v",66762.3,49.268
"vdc_v",66762.3,49.268
"vdc_v",66762.3,49.268
"vdc_v",66762.3,49.268
"vdc_v",66762.3,49.268
"vdc_v",66762.4,49.268
"vdc_v",66762.4,49.268
"vdc_v",66762.4,49.268
"vdc_v",66762.4,49.268
"vdc_v",66762.4,49.268
"vdc_v",66762.4,49.268
"vdc_v",66762.4,49.268
"vdc_v",66762.4,49.268
"vdc_v",66762.4,49.268
"vdc_v",66762.4,49.268
"vdc_v",66762.5,49.268
"vdc_v",66762.5,49.268
"vdc_v",66762.5,49.268
"vdc_v",66762.5,49.268
"vdc_v",66762.5,49.268
"vdc_v",66762.5,49.268
"vdc_v",66762.5,49.268
"vdc_v",66762.5,49.268
"vdc_v",66762.5,49.268
"vdc_v",66762.5,49.268
"vdc_v",66762.6,49.268
"vdc_v",66762.6,49.268
"vdc_v",66762.6,49.268
"vdc_v",66762.6,49.268
"vdc_v",66762.6,49.268
"vdc_v",66762.6,49.268
"vdc_v",66762.6,49.268
"vdc_v",66762.6,49.268
"vdc_v",66762.6,49.268
"vdc_v",66762.6,49.268
"vdc_v",66762.7,49.268
"vdc_v",66762.7,49.268
"vdc_v",66762.7,49.268
"vdc_v",66762.7,49.268
"vdc_v",66762.7,49.268
"vdc_v",66762.7,49.268
"vdc_v",66762.7,49.268
"vdc_v",66762.7,49.268
"vdc_v",66762.7,49.268
"vdc_v",66762.7,49.268
"vdc_v",66762.8,49.268
"vdc_v",66762.8,49.268
"vdc_v",66762.8,49.268
"vdc_v",66762.8,49.268
"vdc_v",66762.8,49.268
"vdc_v",66762.8,49.268
"vdc_v",66762.8,49.268
"vdc_v",66762.8,49.268
"vdc_v",66762.8,49.268
"vdc_v",66762.8,49.268
"vdc_v",66762.9,49.268
"vdc_v",66762.9,49.268
"vdc_v",66762.9,49.268
"vdc_v",66762.9,49.268
"vdc_v",66762.9,49.268
"vdc_v",66762.9,49.268
"vdc_v",66762.9,49.268
"vdc_v",66762.9,49.268
"vdc_v",66762.9,49.268
"vdc_v",66762.9,49.268
"vdc_v",66763,49.268
"vdc_v",66763,49.268
"vdc_v",66763,49.268
"vdc_v",66763,49.268
"vdc_v",66763,49.268
"vdc_v",66763,49.268
"vdc_v",66763,49.268
"vdc_v",66763,49.268
"vdc_v",66763,49.268
"vdc_v",66763,49.268
"vdc_v",66763.1,49.268
"vdc_v",66763.1,49.268
"vdc_v",66763.1,49.268
"vdc_v",66763.1,49.268
"vdc_v",66763.1,49.268
"vdc_v",66763.1,49.268
"vdc_v",66763.1,49.268
"vdc_v",66763.1,49.268
"vdc_v",66763.1,49.268
"vdc_v",66763.1,49.268
"vdc_v",66763.1,49.268
"pwm_moe",66733.2,1
"pwm_moe",66733.3,1
"pwm_moe",66733.3,1
"pwm_moe",66733.3,1
"pwm_moe",66733.3,1
"pwm_moe",66733.3,1
"pwm_moe",66733.3,1
"pwm_moe",66733.3,1
"pwm_moe",66733.3,1
"pwm_moe",66733.3,1
"pwm_moe",66733.3,1
"pwm_moe",66733.4,1
"pwm_moe",66733.4,1
"pwm_moe",66733.4,1
"pwm_moe",66733.4,1
"pwm_moe",66733.4,1
"pwm_moe",66733.4,1
"pwm_moe",66733.4,1
"pwm_moe",66733.4,1
"pwm_moe",66733.4,1
"pwm_moe",66733.4,1
"pwm_moe",66733.5,1
"pwm_moe",66733.5,1
"pwm_moe",66733.5,1
"pwm_moe",66733.5,1
"pwm_moe",66733.5,1
"pwm_moe",66733.5,1
"pwm_moe",66733.5,1
"pwm_moe",66733.5,1
"pwm_moe",66733.5,1
"pwm_moe",66733.5,1
"pwm_moe",66733.6,1
"pwm_moe",66733.6,1
"pwm_moe",66733.6,1
"pwm_moe",66733.6,1
"pwm_moe",66733.6,1
"pwm_moe",66733.6,1
"pwm_moe",66733.6,1
"pwm_moe",66733.6,1
"pwm_moe",66733.6,1
"pwm_moe",66733.6,1
"pwm_moe",66733.7,1
"pwm_moe",66733.7,1
"pwm_moe",66733.7,1
"pwm_moe",66733.7,1
"pwm_moe",66733.7,1
"pwm_moe",66733.7,1
"pwm_moe",66733.7,1
"pwm_moe",66733.7,1
"pwm_moe",66733.7,1
"pwm_moe",66733.7,1
"pwm_moe",66733.8,1
"pwm_moe",66733.8,1
"pwm_moe",66733.8,1
"pwm_moe",66733.8,1
"pwm_moe",66733.8,1
"pwm_moe",66733.8,1
"pwm_moe",66733.8,1
"pwm_moe",66733.8,1
"pwm_moe",66733.8,1
"pwm_moe",66733.8,1
"pwm_moe",66733.9,1
"pwm_moe",66733.9,1
"pwm_moe",66733.9,1
"pwm_moe",66733.9,1
"pwm_moe",66733.9,1
"pwm_moe",66733.9,1
"pwm_moe",66733.9,1
"pwm_moe",66733.9,1
"pwm_moe",66733.9,1
"pwm_moe",66733.9,1
"pwm_moe",66734,1
"pwm_moe",66734,1
"pwm_moe",66734,1
"pwm_moe",66734,1
"pwm_moe",66734,1
"pwm_moe",66734,1
"pwm_moe",66734,1
"pwm_moe",66734,1
"pwm_moe",66734,1
"pwm_moe",66734,1
"pwm_moe",66734.1,1
"pwm_moe",66734.1,1
"pwm_moe",66734.1,1
"pwm_moe",66734.1,1
"pwm_moe",66734.1,1
"pwm_moe",66734.1,1
"pwm_moe",66734.1,1
"pwm_moe",66734.1,1
"pwm_moe",66734.1,1
"pwm_moe",66734.1,1
"pwm_moe",66734.2,1
"pwm_moe",66734.2,1
"pwm_moe",66734.2,1
"pwm_moe",66734.2,1
"pwm_moe",66734.2,1
"pwm_moe",66734.2,1
"pwm_moe",66734.2,1
"pwm_moe",66734.2,1
"pwm_moe",66734.2,1
"pwm_moe",66734.2,1
"pwm_moe",66734.2,1
"pwm_moe",66734.3,1
"pwm_moe",66734.3,1
"pwm_moe",66734.3,1
"pwm_moe",66734.3,1
"pwm_moe",66734.3,1
"pwm_moe",66734.3,1
"pwm_moe",66734.3,1
"pwm_moe",66734.3,1
"pwm_moe",66734.3,1
"pwm_moe",66734.4,1
"pwm_moe",66734.4,1
"pwm_moe",66734.4,1
"pwm_moe",66734.4,1
"pwm_moe",66734.4,1
"pwm_moe",66734.4,1
"pwm_moe",66734.4,1
"pwm_moe",66734.4,1
"pwm_moe",66734.4,1
"pwm_moe",66734.4,1
"pwm_moe",66734.5,1
"pwm_moe",66734.5,1
"pwm_moe",66734.5,1
"pwm_moe",66734.5,1
"pwm_moe",66734.5,1
"pwm_moe",66734.5,1
"pwm_moe",66734.5,1
"pwm_moe",66734.5,1
"pwm_moe",66734.5,1
"pwm_moe",66734.5,1
"pwm_moe",66734.6,1
"pwm_moe",66734.6,1
"pwm_moe",66734.6,1
"pwm_moe",66734.6,1
"pwm_moe",66734.6,1
"pwm_moe",66734.6,1
"pwm_moe",66734.6,1
"pwm_moe",66734.6,1
"pwm_moe",66734.6,1
"pwm_moe",66734.7,1
"pwm_moe",66734.7,1
"pwm_moe",66734.7,1
"pwm_moe",66734.7,1
"pwm_moe",66734.7,1
"pwm_moe",66734.7,1
"pwm_moe",66734.7,1
"pwm_moe",66734.8,1
"pwm_moe",66734.8,1
"pwm_moe",66734.8,1
"pwm_moe",66734.8,1
"pwm_moe",66734.8,1
"pwm_moe",66734.8,1
"pwm_moe",66734.9,1
"pwm_moe",66734.9,1
"pwm_moe",66734.9,1
"pwm_moe",66734.9,1
"pwm_moe",66734.9,1
"pwm_moe",66734.9,1
"pwm_moe",66734.9,1
"pwm_moe",66734.9,1
"pwm_moe",66735,1
"pwm_moe",66735,1
"pwm_moe",66735,1
"pwm_moe",66735,1
"pwm_moe",66735,1
"pwm_moe",66735,1
"pwm_moe",66735.1,1
"pwm_moe",66735.1,1
"pwm_moe",66735.1,1
"pwm_moe",66735.1,1
"pwm_moe",66735.1,1
"pwm_moe",66735.1,1
"pwm_moe",66735.1,1
"pwm_moe",66735.2,1
"pwm_moe",66735.2,1
"pwm_moe",66735.2,1
"pwm_moe",66735.2,1
"pwm_moe",66735.2,1
"pwm_moe",66735.2,1
"pwm_moe",66735.2,1
"pwm_moe",66735.2,1
"pwm_moe",66735.2,1
"pwm_moe",66735.3,1
"pwm_moe",66735.3,1
"pwm_moe",66735.3,1
"pwm_moe",66735.3,1
"pwm_moe",66735.3,1
"pwm_moe",66735.3,1
"pwm_moe",66735.3,1
"pwm_moe",66735.3,1
"pwm_moe",66735.3,1
"pwm_moe",66735.3,1
"pwm_moe",66735.3,1
"pwm_moe",66735.4,1
"pwm_moe",66735.4,1
"pwm_moe",66735.4,1
"pwm_moe",66735.4,1
"pwm_moe",66735.4,1
"pwm_moe",66735.4,1
"pwm_moe",66735.4,1
"pwm_moe",66735.4,1
"pwm_moe",66735.4,1
"pwm_moe",66735.4,1
"pwm_moe",66735.4,1
"pwm_moe",66735.5,1
"pwm_moe",66735.5,1
"pwm_moe",66735.5,1
"pwm_moe",66735.5,1
"pwm_moe",66735.5,1
"pwm_moe",66735.5,1
"pwm_moe",66735.5,1
"pwm_moe",66735.5,1
"pwm_moe",66735.5,1
"pwm_moe",66735.5,1
"pwm_moe",66735.5,1
"pwm_moe",66735.5,1
"pwm_moe",66735.6,1
"pwm_moe",66735.6,1
"pwm_moe",66735.6,1
"pwm_moe",66735.6,1
"pwm_moe",66735.6,1
"pwm_moe",66735.6,1
"pwm_moe",66735.6,1
"pwm_moe",66735.6,1
"pwm_moe",66735.6,1
"pwm_moe",66735.6,1
"pwm_moe",66735.6,1
"pwm_moe",66735.6,1
"pwm_moe",66735.7,1
"pwm_moe",66735.7,1
"pwm_moe",66735.7,1
"pwm_moe",66735.7,1
"pwm_moe",66735.7,1
"pwm_moe",66735.7,1
"pwm_moe",66735.7,1
"pwm_moe",66735.7,1
"pwm_moe",66735.7,1
"pwm_moe",66735.7,1
"pwm_moe",66735.8,1
"pwm_moe",66735.8,1
"pwm_moe",66735.8,1
"pwm_moe",66735.8,1
"pwm_moe",66735.8,1
"pwm_moe",66735.8,1
"pwm_moe",66735.8,1
"pwm_moe",66735.8,1
"pwm_moe",66735.8,1
"pwm_moe",66735.8,1
"pwm_moe",66735.8,1
"pwm_moe",66735.9,1
"pwm_moe",66735.9,1
"pwm_moe",66735.9,1
"pwm_moe",66735.9,1
"pwm_moe",66735.9,1
"pwm_moe",66735.9,1
"pwm_moe",66735.9,1
"pwm_moe",66735.9,1
"pwm_moe",66735.9,1
"pwm_moe",66735.9,1
"pwm_moe",66735.9,1
"pwm_moe",66736,1
"pwm_moe",66736,1
"pwm_moe",66736,1
"pwm_moe",66736,1
"pwm_moe",66736,1
"pwm_moe",66736,1
"pwm_moe",66736,1
"pwm_moe",66736,1
"pwm_moe",66736,1
"pwm_moe",66736,1
"pwm_moe",66736,1
"pwm_moe",66736.1,1
"pwm_moe",66736.1,1
"pwm_moe",66736.1,1
"pwm_moe",66736.1,1
"pwm_moe",66736.1,1
"pwm_moe",66736.1,1
"pwm_moe",66736.1,1
"pwm_moe",66736.1,1
"pwm_moe",66736.1,1
"pwm_moe",66736.1,1
"pwm_moe",66736.2,1
"pwm_moe",66736.2,1
"pwm_moe",66736.2,1
"pwm_moe",66736.2,1
"pwm_moe",66736.2,1
"pwm_moe",66736.2,1
"pwm_moe",66736.2,1
"pwm_moe",66736.2,1
"pwm_moe",66736.2,1
"pwm_moe",66736.2,1
"pwm_moe",66736.3,1
"pwm_moe",66736.3,1
"pwm_moe",66736.3,1
"pwm_moe",66736.3,1
"pwm_moe",66736.3,1
"pwm_moe",66736.3,1
"pwm_moe",66736.3,1
"pwm_moe",66736.3,1
"pwm_moe",66736.3,1
"pwm_moe",66736.4,1
"pwm_moe",66736.4,1
"pwm_moe",66736.4,1
"pwm_moe",66736.4,1
"pwm_moe",66736.4,1
"pwm_moe",66736.4,1
"pwm_moe",66736.4,1
"pwm_moe",66736.4,1
"pwm_moe",66736.4,1
"pwm_moe",66736.4,1
"pwm_moe",66736.5,1
"pwm_moe",66736.5,1
"pwm_moe",66736.5,1
"pwm_moe",66736.5,1
"pwm_moe",66736.5,1
"pwm_moe",66736.5,1
"pwm_moe",66736.5,1
"pwm_moe",66736.5,1
"pwm_moe",66736.5,1
"pwm_moe",66736.5,1
"pwm_moe",66736.6,1
"pwm_moe",66736.6,1
"pwm_moe",66736.6,1
"pwm_moe",66736.6,1
"pwm_moe",66736.6,1
"pwm_moe",66736.6,1
"pwm_moe",66736.6,1
"pwm_moe",66736.6,1
"pwm_moe",66736.6,1
"pwm_moe",66736.6,1
"pwm_moe",66736.7,1
"pwm_moe",66736.7,1
"pwm_moe",66736.7,1
"pwm_moe",66736.7,1
"pwm_moe",66736.7,1
"pwm_moe",66736.7,1
"pwm_moe",66736.7,1
"pwm_moe",66736.7,1
"pwm_moe",66736.7,1
"pwm_moe",66736.7,1
"pwm_moe",66736.8,1
"pwm_moe",66736.8,1
"pwm_moe",66736.8,1
"pwm_moe",66736.8,1
"pwm_moe",66736.8,1
"pwm_moe",66736.8,1
"pwm_moe",66736.8,1
"pwm_moe",66736.8,1
"pwm_moe",66736.8,1
"pwm_moe",66736.8,1
"pwm_moe",66736.9,1
"pwm_moe",66736.9,1
"pwm_moe",66736.9,1
"pwm_moe",66736.9,1
"pwm_moe",66736.9,1
"pwm_moe",66736.9,1
"pwm_moe",66736.9,1
"pwm_moe",66736.9,1
"pwm_moe",66736.9,1
"pwm_moe",66736.9,1
"pwm_moe",66737,1
"pwm_moe",66737,1
"pwm_moe",66737,1
"pwm_moe",66737,1
"pwm_moe",66737,1
"pwm_moe",66737,1
"pwm_moe",66737,1
"pwm_moe",66737,1
"pwm_moe",66737,1
"pwm_moe",66737,1
"pwm_moe",66737.1,1
"pwm_moe",66737.1,1
"pwm_moe",66737.1,1
"pwm_moe",66737.1,1
"pwm_moe",66737.1,1
"pwm_moe",66737.1,1
"pwm_moe",66737.1,1
"pwm_moe",66737.1,1
"pwm_moe",66737.1,1
"pwm_moe",66737.1,1
"pwm_moe",66737.1,1
"pwm_moe",66737.2,1
"pwm_moe",66737.2,1
"pwm_moe",66737.2,1
"pwm_moe",66737.2,1
"pwm_moe",66737.2,1
"pwm_moe",66737.2,1
"pwm_moe",66737.2,1
"pwm_moe",66737.2,1
"pwm_moe",66737.2,1
"pwm_moe",66737.2,1
"pwm_moe",66737.3,1
"pwm_moe",66737.3,1
"pwm_moe",66737.3,1
"pwm_moe",66737.3,1
"pwm_moe",66737.3,1
"pwm_moe",66737.3,1
"pwm_moe",66737.3,1
"pwm_moe",66737.3,1
"pwm_moe",66737.3,1
"pwm_moe",66737.4,1
"pwm_moe",66737.4,1
"pwm_moe",66737.4,1
"pwm_moe",66737.4,1
"pwm_moe",66737.4,1
"pwm_moe",66737.4,1
"pwm_moe",66737.4,1
"pwm_moe",66737.4,1
"pwm_moe",66737.4,1
"pwm_moe",66737.4,1
"pwm_moe",66737.5,1
"pwm_moe",66737.5,1
"pwm_moe",66737.5,1
"pwm_moe",66737.5,1
"pwm_moe",66737.5,1
"pwm_moe",66737.5,1
"pwm_moe",66737.5,1
"pwm_moe",66737.5,1
"pwm_moe",66737.5,1
"pwm_moe",66737.5,1
"pwm_moe",66737.5,1
"pwm_moe",66737.6,1
"pwm_moe",66737.6,1
"pwm_moe",66737.6,1
"pwm_moe",66737.6,1
"pwm_moe",66737.6,1
"pwm_moe",66737.6,1
"pwm_moe",66737.6,1
"pwm_moe",66737.6,1
"pwm_moe",66737.6,1
"pwm_moe",66737.6,1
"pwm_moe",66737.7,1
"pwm_moe",66737.7,1
"pwm_moe",66737.7,0
"pwm_moe",66737.7,0
"pwm_moe",66737.7,0
"pwm_moe",66737.7,0
"pwm_moe",66737.7,0
"pwm_moe",66737.7,0
"pwm_moe",66737.7,0
"pwm_moe",66737.8,0
"pwm_moe",66737.8,0
"pwm_moe",66737.8,0
"pwm_moe",66737.8,0
"pwm_moe",66737.8,0
"pwm_moe",66737.8,0
"pwm_moe",66737.8,0
"pwm_moe",66737.8,0
"pwm_moe",66737.8,0
"pwm_moe",66737.8,0
"pwm_moe",66737.9,0
"pwm_moe",66737.9,0
"pwm_moe",66737.9,0
"pwm_moe",66737.9,0
"pwm_moe",66737.9,0
"pwm_moe",66737.9,0
"pwm_moe",66737.9,0
"pwm_moe",66737.9,0
"pwm_moe",66737.9,0
"pwm_moe",66737.9,0
"pwm_moe",66738,0
"pwm_moe",66738,0
"pwm_moe",66738,0
"pwm_moe",66738,0
"pwm_moe",66738,0
"pwm_moe",66738,0
"pwm_moe",66738,0
"pwm_moe",66738,0
"pwm_moe",66738,0
"pwm_moe",66738,0
"pwm_moe",66738.1,0
"pwm_moe",66738.1,0
"pwm_moe",66738.1,0
"pwm_moe",66738.1,0
"pwm_moe",66738.1,0
"pwm_moe",66738.1,0
"pwm_moe",66738.1,0
"pwm_moe",66738.1,0
"pwm_moe",66738.1,0
"pwm_moe",66738.1,0
"pwm_moe",66738.2,0
"pwm_moe",66738.2,0
"pwm_moe",66738.2,0
"pwm_moe",66738.2,0
"pwm_moe",66738.2,0
"pwm_moe",66738.2,0
"pwm_moe",66738.2,0
"pwm_moe",66738.2,0
"pwm_moe",66738.2,0
"pwm_moe",66738.2,0
"pwm_moe",66738.3,0
"pwm_moe",66738.3,0
"pwm_moe",66738.3,0
"pwm_moe",66738.3,0
"pwm_moe",66738.3,0
"pwm_moe",66738.3,0
"pwm_moe",66738.3,0
"pwm_moe",66738.3,0
"pwm_moe",66738.3,0
"pwm_moe",66738.3,0
"pwm_moe",66738.4,0
"pwm_moe",66738.4,0
"pwm_moe",66738.4,0
"pwm_moe",66738.4,0
"pwm_moe",66738.4,0
"pwm_moe",66738.4,0
"pwm_moe",66738.4,0
"pwm_moe",66738.4,0
"pwm_moe",66738.4,0
"pwm_moe",66738.4,0
"pwm_moe",66738.5,0
"pwm_moe",66738.5,0
"pwm_moe",66738.5,0
"pwm_moe",66738.5,0
"pwm_moe",66738.5,0
"pwm_moe",66738.5,0
"pwm_moe",66738.5,0
"pwm_moe",66738.5,0
"pwm_moe",66738.5,0
"pwm_moe",66738.5,0
"pwm_moe",66738.6,0
"pwm_moe",66738.6,0
"pwm_moe",66738.6,0
"pwm_moe",66738.6,0
"pwm_moe",66738.6,0
"pwm_moe",66738.6,0
"pwm_moe",66738.6,0
"pwm_moe",66738.6,0
"pwm_moe",66738.6,0
"pwm_moe",66738.6,0
"pwm_moe",66738.7,0
"pwm_moe",66738.7,0
"pwm_moe",66738.7,0
"pwm_moe",66738.7,0
"pwm_moe",66738.7,0
"pwm_moe",66738.7,0
"pwm_moe",66738.7,0
"pwm_moe",66738.7,0
"pwm_moe",66738.7,0
"pwm_moe",66738.7,0
"pwm_moe",66738.8,0
"pwm_moe",66738.8,0
"pwm_moe",66738.8,0
"pwm_moe",66738.8,0
"pwm_moe",66738.8,0
"pwm_moe",66738.8,0
"pwm_moe",66738.8,0
"pwm_moe",66738.8,0
"pwm_moe",66738.8,0
"pwm_moe",66738.8,0
"pwm_moe",66738.9,0
"pwm_moe",66738.9,0
"pwm_moe",66738.9,0
"pwm_moe",66738.9,0
"pwm_moe",66738.9,0
"pwm_moe",66738.9,0
"pwm_moe",66738.9,0
"pwm_moe",66738.9,0
"pwm_moe",66738.9,0
"pwm_moe",66739,0
"pwm_moe",66739,0
"pwm_moe",66739,0
"pwm_moe",66739,0
"pwm_moe",66739,0
"pwm_moe",66739,0
"pwm_moe",66739,0
"pwm_moe",66739,0
"pwm_moe",66739,0
"pwm_moe",66739,0
"pwm_moe",66739.1,0
"pwm_moe",66739.1,0
"pwm_moe",66739.1,0
"pwm_moe",66739.1,0
"pwm_moe",66739.1,0
"pwm_moe",66739.1,0
"pwm_moe",66739.1,0
"pwm_moe",66739.1,0
"pwm_moe",66739.1,0
"pwm_moe",66739.1,0
"pwm_moe",66739.1,0
"pwm_moe",66739.2,0
"pwm_moe",66739.2,0
"pwm_moe",66739.2,0
"pwm_moe",66739.2,0
"pwm_moe",66739.2,0
"pwm_moe",66739.2,0
"pwm_moe",66739.2,0
"pwm_moe",66739.2,0
"pwm_moe",66739.2,0
"pwm_moe",66739.2,0
"pwm_moe",66739.3,0
"pwm_moe",66739.3,0
"pwm_moe",66739.3,0
"pwm_moe",66739.3,0
"pwm_moe",66739.3,0
"pwm_moe",66739.3,0
"pwm_moe",66739.3,0
"pwm_moe",66739.3,0
"pwm_moe",66739.3,0
"pwm_moe",66739.4,0
"pwm_moe",66739.4,0
"pwm_moe",66739.4,0
"pwm_moe",66739.4,0
"pwm_moe",66739.4,0
"pwm_moe",66739.4,0
"pwm_moe",66739.4,0
"pwm_moe",66739.4,0
"pwm_moe",66739.4,0
"pwm_moe",66739.4,0
"pwm_moe",66739.5,0
"pwm_moe",66739.5,0
"pwm_moe",66739.5,0
"pwm_moe",66739.5,0
"pwm_moe",66739.5,0
"pwm_moe",66739.5,0
"pwm_moe",66739.5,0
"pwm_moe",66739.5,0
"pwm_moe",66739.5,0
"pwm_moe",66739.5,0
"pwm_moe",66739.6,0
"pwm_moe",66739.6,0
"pwm_moe",66739.6,0
"pwm_moe",66739.6,0
"pwm_moe",66739.6,0
"pwm_moe",66739.6,0
"pwm_moe",66739.6,0
"pwm_moe",66739.6,0
"pwm_moe",66739.6,0
"pwm_moe",66739.6,0
"pwm_moe",66739.6,0
"pwm_moe",66739.7,0
"pwm_moe",66739.7,0
"pwm_moe",66739.7,0
"pwm_moe",66739.7,0
"pwm_moe",66739.7,0
"pwm_moe",66739.7,0
"pwm_moe",66739.7,0
"pwm_moe",66739.7,0
"pwm_moe",66739.7,0
"pwm_moe",66739.8,0
"pwm_moe",66739.8,0
"pwm_moe",66739.8,0
"pwm_moe",66739.8,0
"pwm_moe",66739.8,0
"pwm_moe",66739.8,0
"pwm_moe",66739.8,0
"pwm_moe",66739.8,0
"pwm_moe",66739.8,0
"pwm_moe",66739.8,0
"pwm_moe",66739.9,0
"pwm_moe",66739.9,0
"pwm_moe",66739.9,0
"pwm_moe",66739.9,0
"pwm_moe",66739.9,0
"pwm_moe",66739.9,0
"pwm_moe",66739.9,0
"pwm_moe",66739.9,0
"pwm_moe",66739.9,0
"pwm_moe",66739.9,0
"pwm_moe",66740,0
"pwm_moe",66740,0
"pwm_moe",66740,0
"pwm_moe",66740,0
"pwm_moe",66740,0
"pwm_moe",66740,0
"pwm_moe",66740,0
"pwm_moe",66740,0
"pwm_moe",66740,0
"pwm_moe",66740,0
"pwm_moe",66740.1,0
"pwm_moe",66740.1,0
"pwm_moe",66740.1,0
"pwm_moe",66740.1,0
"pwm_moe",66740.1,0
"pwm_moe",66740.1,0
"pwm_moe",66740.1,0
"pwm_moe",66740.1,0
"pwm_moe",66740.1,0
"pwm_moe",66740.1,0
"pwm_moe",66740.1,0
"pwm_moe",66740.2,0
"pwm_moe",66740.2,0
"pwm_moe",66740.2,0
"pwm_moe",66740.2,0
"pwm_moe",66740.2,0
"pwm_moe",66740.2,0
"pwm_moe",66740.2,0
"pwm_moe",66740.2,0
"pwm_moe",66740.2,0
"pwm_moe",66740.2,0
"pwm_moe",66740.3,0
"pwm_moe",66740.3,0
"pwm_moe",66740.3,0
"pwm_moe",66740.3,0
"pwm_moe",66740.3,0
"pwm_moe",66740.3,0
"pwm_moe",66740.3,0
"pwm_moe",66740.3,0
"pwm_moe",66740.3,0
"pwm_moe",66740.4,0
"pwm_moe",66740.4,0
"pwm_moe",66740.4,0
"pwm_moe",66740.4,0
"pwm_moe",66740.4,0
"pwm_moe",66740.4,0
"pwm_moe",66740.4,0
"pwm_moe",66740.4,0
"pwm_moe",66740.4,0
"pwm_moe",66740.4,0
"pwm_moe",66740.5,0
"pwm_moe",66740.5,0
"pwm_moe",66740.5,0
"pwm_moe",66740.5,0
"pwm_moe",66740.5,0
"pwm_moe",66740.5,0
"pwm_moe",66740.5,0
"pwm_moe",66740.5,0
"pwm_moe",66740.5,0
"pwm_moe",66740.5,0
"pwm_moe",66740.6,0
"pwm_moe",66740.6,0
"pwm_moe",66740.6,0
"pwm_moe",66740.6,0
"pwm_moe",66740.6,0
"pwm_moe",66740.6,0
"pwm_moe",66740.6,0
"pwm_moe",66740.6,0
"pwm_moe",66740.6,0
"pwm_moe",66740.6,0
"pwm_moe",66740.7,0
"pwm_moe",66740.7,0
"pwm_moe",66740.7,0
"pwm_moe",66740.7,0
"pwm_moe",66740.7,0
"pwm_moe",66740.7,0
"pwm_moe",66740.7,0
"pwm_moe",66740.7,0
"pwm_moe",66740.7,0
"pwm_moe",66740.8,0
"pwm_moe",66740.8,0
"pwm_moe",66740.8,0
"pwm_moe",66740.8,0
"pwm_moe",66740.8,0
"pwm_moe",66740.8,0
"pwm_moe",66740.8,0
"pwm_moe",66740.8,0
"pwm_moe",66740.8,0
"pwm_moe",66740.8,0
"pwm_moe",66740.8,0
"pwm_moe",66740.9,0
"pwm_moe",66740.9,0
"pwm_moe",66740.9,0
"pwm_moe",66740.9,0
"pwm_moe",66740.9,0
"pwm_moe",66740.9,0
"pwm_moe",66740.9,0
"pwm_moe",66740.9,0
"pwm_moe",66740.9,0
"pwm_moe",66740.9,0
"pwm_moe",66741,0
"pwm_moe",66741,0
"pwm_moe",66741,0
"pwm_moe",66741,0
"pwm_moe",66741,0
"pwm_moe",66741,0
"pwm_moe",66741,0
"pwm_moe",66741,0
"pwm_moe",66741,0
"pwm_moe",66741,0
"pwm_moe",66741.1,0
"pwm_moe",66741.1,0
"pwm_moe",66741.1,0
"pwm_moe",66741.1,0
"pwm_moe",66741.1,0
"pwm_moe",66741.1,0
"pwm_moe",66741.1,0
"pwm_moe",66741.1,0
"pwm_moe",66741.1,0
"pwm_moe",66741.1,0
"pwm_moe",66741.2,0
"pwm_moe",66741.2,0
"pwm_moe",66741.2,0
"pwm_moe",66741.2,0
"pwm_moe",66741.2,0
"pwm_moe",66741.2,0
"pwm_moe",66741.2,0
"pwm_moe",66741.2,0
"pwm_moe",66741.2,0
"pwm_moe",66741.2,0
"pwm_moe",66741.3,0
"pwm_moe",66741.3,0
"pwm_moe",66741.3,0
"pwm_moe",66741.3,0
"pwm_moe",66741.3,0
"pwm_moe",66741.3,0
"pwm_moe",66741.3,0
"pwm_moe",66741.3,0
"pwm_moe",66741.3,0
"pwm_moe",66741.3,0
"pwm_moe",66741.4,0
"pwm_moe",66741.4,0
"pwm_moe",66741.4,0
"pwm_moe",66741.4,0
"pwm_moe",66741.4,0
"pwm_moe",66741.4,0
"pwm_moe",66741.4,0
"pwm_moe",66741.4,0
"pwm_moe",66741.4,0
"pwm_moe",66741.4,0
"pwm_moe",66741.5,0
"pwm_moe",66741.5,0
"pwm_moe",66741.5,0
"pwm_moe",66741.5,0
"pwm_moe",66741.5,0
"pwm_moe",66741.5,0
"pwm_moe",66741.5,0
"pwm_moe",66741.5,0
"pwm_moe",66741.5,0
"pwm_moe",66741.5,0
"pwm_moe",66741.6,0
"pwm_moe",66741.6,0
"pwm_moe",66741.6,0
"pwm_moe",66741.6,0
"pwm_moe",66741.6,0
"pwm_moe",66741.6,0
"pwm_moe",66741.6,0
"pwm_moe",66741.6,0
"pwm_moe",66741.6,0
"pwm_moe",66741.6,0
"pwm_moe",66741.7,0
"pwm_moe",66741.7,0
"pwm_moe",66741.7,0
"pwm_moe",66741.7,0
"pwm_moe",66741.7,0
"pwm_moe",66741.7,0
"pwm_moe",66741.7,0
"pwm_moe",66741.7,0
"pwm_moe",66741.7,0
"pwm_moe",66741.8,0
"pwm_moe",66741.8,0
"pwm_moe",66741.8,0
"pwm_moe",66741.8,0
"pwm_moe",66741.8,0
"pwm_moe",66741.8,0
"pwm_moe",66741.8,0
"pwm_moe",66741.8,0
"pwm_moe",66741.8,0
"pwm_moe",66741.8,0
"pwm_moe",66741.9,0
"pwm_moe",66741.9,0
"pwm_moe",66741.9,0
"pwm_moe",66741.9,0
"pwm_moe",66741.9,0
"pwm_moe",66741.9,0
"pwm_moe",66741.9,0
"pwm_moe",66741.9,0
"pwm_moe",66741.9,0
"pwm_moe",66741.9,0
"pwm_moe",66741.9,0
"pwm_moe",66742,0
"pwm_moe",66742,0
"pwm_moe",66742,0
"pwm_moe",66742,0
"pwm_moe",66742,0
"pwm_moe",66742,0
"pwm_moe",66742,0
"pwm_moe",66742,0
"pwm_moe",66742,0
"pwm_moe",66742,0
"pwm_moe",66742.1,0
"pwm_moe",66742.1,0
"pwm_moe",66742.1,0
"pwm_moe",66742.1,0
"pwm_moe",66742.1,0
"pwm_moe",66742.1,0
"pwm_moe",66742.1,0
"pwm_moe",66742.1,0
"pwm_moe",66742.1,0
"pwm_moe",66742.1,0
"pwm_moe",66742.2,0
"pwm_moe",66742.2,0
"pwm_moe",66742.2,0
"pwm_moe",66742.2,0
"pwm_moe",66742.2,0
"pwm_moe",66742.2,0
"pwm_moe",66742.2,0
"pwm_moe",66742.2,0
"pwm_moe",66742.2,0
"pwm_moe",66742.2,0
"pwm_moe",66742.3,0
"pwm_moe",66742.3,0
"pwm_moe",66742.3,0
"pwm_moe",66742.3,0
"pwm_moe",66742.3,0
"pwm_moe",66742.3,0
"pwm_moe",66742.3,0
"pwm_moe",66742.3,0
"pwm_moe",66742.3,0
"pwm_moe",66742.3,0
"pwm_moe",66742.4,0
"pwm_moe",66742.4,0
"pwm_moe",66742.4,0
"pwm_moe",66742.4,0
"pwm_moe",66742.4,0
"pwm_moe",66742.4,0
"pwm_moe",66742.4,0
"pwm_moe",66742.4,0
"pwm_moe",66742.4,0
"pwm_moe",66742.4,0
"pwm_moe",66742.5,0
"pwm_moe",66742.5,0
"pwm_moe",66742.5,0
"pwm_moe",66742.5,0
"pwm_moe",66742.5,0
"pwm_moe",66742.5,0
"pwm_moe",66742.5,0
"pwm_moe",66742.5,0
"pwm_moe",66742.5,0
"pwm_moe",66742.5,0
"pwm_moe",66742.6,0
"pwm_moe",66742.6,0
"pwm_moe",66742.6,0
"pwm_moe",66742.6,0
"pwm_moe",66742.6,0
"pwm_moe",66742.6,0
"pwm_moe",66742.6,0
"pwm_moe",66742.6,0
"pwm_moe",66742.6,0
"pwm_moe",66742.6,0
"pwm_moe",66742.7,0
"pwm_moe",66742.7,0
"pwm_moe",66742.7,0
"pwm_moe",66742.7,0
"pwm_moe",66742.7,0
"pwm_moe",66742.7,0
"pwm_moe",66742.7,0
"pwm_moe",66742.7,0
"pwm_moe",66742.7,0
"pwm_moe",66742.7,0
"pwm_moe",66742.8,0
"pwm_moe",66742.8,0
"pwm_moe",66742.8,0
"pwm_moe",66742.8,0
"pwm_moe",66742.8,0
"pwm_moe",66742.8,0
"pwm_moe",66742.8,0
"pwm_moe",66742.8,0
"pwm_moe",66742.8,0
"pwm_moe",66742.8,0
"pwm_moe",66742.9,0
"pwm_moe",66742.9,0
"pwm_moe",66742.9,0
"pwm_moe",66742.9,0
"pwm_moe",66742.9,0
"pwm_moe",66742.9,0
"pwm_moe",66742.9,0
"pwm_moe",66742.9,0
"pwm_moe",66742.9,0
"pwm_moe",66742.9,0
"pwm_moe",66742.9,0
"pwm_moe",66743,0
"pwm_moe",66743,0
"pwm_moe",66743,0
"pwm_moe",66743,0
"pwm_moe",66743,0
"pwm_moe",66743,0
"pwm_moe",66743,0
"pwm_moe",66743,0
"pwm_moe",66743,0
"pwm_moe",66743,0
"pwm_moe",66743.1,0
"pwm_moe",66743.1,0
"pwm_moe",66743.1,0
"pwm_moe",66743.1,0
"pwm_moe",66743.1,0
"pwm_moe",66743.1,0
"pwm_moe",66743.1,0
"pwm_moe",66743.1,0
"pwm_moe",66743.1,0
"pwm_moe",66743.1,0
"pwm_moe",66743.2,0
"pwm_moe",66743.2,0
"pwm_moe",66743.2,0
"pwm_moe",66743.2,0
"pwm_moe",66743.2,0
"pwm_moe",66743.2,0
"pwm_moe",66743.2,0
"pwm_moe",66743.2,0
"pwm_moe",66743.2,0
"pwm_moe",66743.2,0
"pwm_moe",66743.3,0
"pwm_moe",66743.3,0
"pwm_moe",66743.3,0
"pwm_moe",66743.3,0
"pwm_moe",66743.3,0
"pwm_moe",66743.3,0
"pwm_moe",66743.3,0
"pwm_moe",66743.3,0
"pwm_moe",66743.3,0
"pwm_moe",66743.3,0
"pwm_moe",66743.4,0
"pwm_moe",66743.4,0
"pwm_moe",66743.4,0
"pwm_moe",66743.4,0
"pwm_moe",66743.4,0
"pwm_moe",66743.4,0
"pwm_moe",66743.4,0
"pwm_moe",66743.4,0
"pwm_moe",66743.4,0
"pwm_moe",66743.4,0
"pwm_moe",66743.5,0
"pwm_moe",66743.5,0
"pwm_moe",66743.5,0
"pwm_moe",66743.5,0
"pwm_moe",66743.5,0
"pwm_moe",66743.5,0
"pwm_moe",66743.5,0
"pwm_moe",66743.5,0
"pwm_moe",66743.5,0
"pwm_moe",66743.5,0
"pwm_moe",66743.6,0
"pwm_moe",66743.6,0
"pwm_moe",66743.6,0
"pwm_moe",66743.6,0
"pwm_moe",66743.6,0
"pwm_moe",66743.6,0
"pwm_moe",66743.6,0
"pwm_moe",66743.6,0
"pwm_moe",66743.6,0
"pwm_moe",66743.6,0
"pwm_moe",66743.7,0
"pwm_moe",66743.7,0
"pwm_moe",66743.7,0
"pwm_moe",66743.7,0
"pwm_moe",66743.7,0
"pwm_moe",66743.7,0
"pwm_moe",66743.7,0
"pwm_moe",66743.7,0
"pwm_moe",66743.7,0
"pwm_moe",66743.7,0
"pwm_moe",66743.8,0
"pwm_moe",66743.8,0
"pwm_moe",66743.8,0
"pwm_moe",66743.8,0
"pwm_moe",66743.8,0
"pwm_moe",66743.8,0
"pwm_moe",66743.8,0
"pwm_moe",66743.8,0
"pwm_moe",66743.8,0
"pwm_moe",66743.8,0
"pwm_moe",66743.9,0
"pwm_moe",66743.9,0
"pwm_moe",66743.9,0
"pwm_moe",66743.9,0
"pwm_moe",66743.9,0
"pwm_moe",66743.9,0
"pwm_moe",66743.9,0
"pwm_moe",66743.9,0
"pwm_moe",66743.9,0
"pwm_moe",66743.9,0
"pwm_moe",66744,0
"pwm_moe",66744,0
"pwm_moe",66744,0
"pwm_moe",66744,0
"pwm_moe",66744,0
"pwm_moe",66744,0
"pwm_moe",66744,0
"pwm_moe",66744,0
"pwm_moe",66744,0
"pwm_moe",66744,0
"pwm_moe",66744.1,0
"pwm_moe",66744.1,0
"pwm_moe",66744.1,0
"pwm_moe",66744.1,0
"pwm_moe",66744.1,0
"pwm_moe",66744.1,0
"pwm_moe",66744.1,0
"pwm_moe",66744.1,0
"pwm_moe",66744.1,0
"pwm_moe",66744.1,0
"pwm_moe",66744.2,0
"pwm_moe",66744.2,0
"pwm_moe",66744.2,0
"pwm_moe",66744.2,0
"pwm_moe",66744.2,0
"pwm_moe",66744.2,0
"pwm_moe",66744.2,0
"pwm_moe",66744.2,0
"pwm_moe",66744.2,0
"pwm_moe",66744.2,0
"pwm_moe",66744.2,0
"pwm_moe",66744.3,0
"pwm_moe",66744.3,0
"pwm_moe",66744.3,0
"pwm_moe",66744.3,0
"pwm_moe",66744.3,0
"pwm_moe",66744.3,0
"pwm_moe",66744.3,0
"pwm_moe",66744.3,0
"pwm_moe",66744.3,0
"pwm_moe",66744.4,0
"pwm_moe",66744.4,0
"pwm_moe",66744.4,0
"pwm_moe",66744.4,0
"pwm_moe",66744.4,0
"pwm_moe",66744.4,0
"pwm_moe",66744.4,0
"pwm_moe",66744.4,0
"pwm_moe",66744.4,0
"pwm_moe",66744.4,0
"pwm_moe",66744.5,0
"pwm_moe",66744.5,0
"pwm_moe",66744.5,0
"pwm_moe",66744.5,0
"pwm_moe",66744.5,0
"pwm_moe",66744.5,0
"pwm_moe",66744.5,0
"pwm_moe",66744.5,0
"pwm_moe",66744.5,0
"pwm_moe",66744.5,0
"pwm_moe",66744.6,0
"pwm_moe",66744.6,0
"pwm_moe",66744.6,0
"pwm_moe",66744.6,0
"pwm_moe",66744.6,0
"pwm_moe",66744.6,0
"pwm_moe",66744.6,0
"pwm_moe",66744.6,0
"pwm_moe",66744.6,0
"pwm_moe",66744.6,0
"pwm_moe",66744.7,0
"pwm_moe",66744.7,0
"pwm_moe",66744.7,0
"pwm_moe",66744.7,0
"pwm_moe",66744.7,0
"pwm_moe",66744.7,0
"pwm_moe",66744.8,0
"pwm_moe",66744.8,0
"pwm_moe",66744.8,0
"pwm_moe",66744.8,0
"pwm_moe",66744.8,0
"pwm_moe",66744.8,0
"pwm_moe",66744.9,0
"pwm_moe",66744.9,0
"pwm_moe",66744.9,0
"pwm_moe",66744.9,0
"pwm_moe",66744.9,0
"pwm_moe",66744.9,0
"pwm_moe",66744.9,0
"pwm_moe",66744.9,0
"pwm_moe",66745,0
"pwm_moe",66745,0
"pwm_moe",66745,0
"pwm_moe",66745,0
"pwm_moe",66745,0
"pwm_moe",66745,0
"pwm_moe",66745.1,0
"pwm_moe",66745.1,0
"pwm_moe",66745.1,0
"pwm_moe",66745.1,0
"pwm_moe",66745.1,0
"pwm_moe",66745.1,0
"pwm_moe",66745.1,0
"pwm_moe",66745.1,0
"pwm_moe",66745.2,0
"pwm_moe",66745.2,0
"pwm_moe",66745.2,0
"pwm_moe",66745.2,0
"pwm_moe",66745.2,0
"pwm_moe",66745.2,0
"pwm_moe",66745.2,0
"pwm_moe",66745.2,0
"pwm_moe",66745.2,0
"pwm_moe",66745.2,0
"pwm_moe",66745.3,0
"pwm_moe",66745.3,0
"pwm_moe",66745.3,0
"pwm_moe",66745.3,0
"pwm_moe",66745.3,0
"pwm_moe",66745.3,0
"pwm_moe",66745.3,0
"pwm_moe",66745.3,0
"pwm_moe",66745.3,0
"pwm_moe",66745.3,0
"pwm_moe",66745.4,0
"pwm_moe",66745.4,0
"pwm_moe",66745.4,0
"pwm_moe",66745.4,0
"pwm_moe",66745.4,0
"pwm_moe",66745.4,0
"pwm_moe",66745.4,0
"pwm_moe",66745.4,0
"pwm_moe",66745.4,0
"pwm_moe",66745.4,0
"pwm_moe",66745.4,0
"pwm_moe",66745.4,0
"pwm_moe",66745.5,0
"pwm_moe",66745.5,0
"pwm_moe",66745.5,0
"pwm_moe",66745.5,0
"pwm_moe",66745.5,0
"pwm_moe",66745.5,0
"pwm_moe",66745.5,0
"pwm_moe",66745.5,0
"pwm_moe",66745.5,0
"pwm_moe",66745.5,0
"pwm_moe",66745.5,0
"pwm_moe",66745.5,0
"pwm_moe",66745.6,0
"pwm_moe",66745.6,0
"pwm_moe",66745.6,0
"pwm_moe",66745.6,0
"pwm_moe",66745.6,0
"pwm_moe",66745.6,0
"pwm_moe",66745.6,0
"pwm_moe",66745.6,0
"pwm_moe",66745.6,0
"pwm_moe",66745.6,0
"pwm_moe",66745.6,0
"pwm_moe",66745.7,0
"pwm_moe",66745.7,0
"pwm_moe",66745.7,0
"pwm_moe",66745.7,0
"pwm_moe",66745.7,0
"pwm_moe",66745.7,0
"pwm_moe",66745.7,0
"pwm_moe",66745.7,0
"pwm_moe",66745.7,0
"pwm_moe",66745.7,0
"pwm_moe",66745.8,0
"pwm_moe",66745.8,0
"pwm_moe",66745.8,0
"pwm_moe",66745.8,0
"pwm_moe",66745.8,0
"pwm_moe",66745.8,0
"pwm_moe",66745.8,0
"pwm_moe",66745.8,0
"pwm_moe",66745.8,0
"pwm_moe",66745.8,0
"pwm_moe",66745.8,0
"pwm_moe",66745.8,0
"pwm_moe",66745.9,0
"pwm_moe",66745.9,0
"pwm_moe",66745.9,0
"pwm_moe",66745.9,0
"pwm_moe",66745.9,0
"pwm_moe",66745.9,0
"pwm_moe",66745.9,0
"pwm_moe",66745.9,0
"pwm_moe",66745.9,0
"pwm_moe",66745.9,0
"pwm_moe",66745.9,0
"pwm_moe",66746,0
"pwm_moe",66746,0
"pwm_moe",66746,0
"pwm_moe",66746,0
"pwm_moe",66746,0
"pwm_moe",66746,0
"pwm_moe",66746,0
"pwm_moe",66746,0
"pwm_moe",66746,0
"pwm_moe",66746,0
"pwm_moe",66746.1,0
"pwm_moe",66746.1,0
"pwm_moe",66746.1,0
"pwm_moe",66746.1,0
"pwm_moe",66746.1,0
"pwm_moe",66746.1,0
"pwm_moe",66746.1,0
"pwm_moe",66746.1,0
"pwm_moe",66746.1,0
"pwm_moe",66746.1,0
"pwm_moe",66746.1,0
"pwm_moe",66746.2,0
"pwm_moe",66746.2,0
"pwm_moe",66746.2,0
"pwm_moe",66746.2,0
"pwm_moe",66746.2,0
"pwm_moe",66746.2,0
"pwm_moe",66746.2,0
"pwm_moe",66746.2,0
"pwm_moe",66746.2,0
"pwm_moe",66746.2,0
"pwm_moe",66746.3,0
"pwm_moe",66746.3,0
"pwm_moe",66746.3,0
"pwm_moe",66746.3,0
"pwm_moe",66746.3,0
"pwm_moe",66746.3,0
"pwm_moe",66746.3,0
"pwm_moe",66746.3,0
"pwm_moe",66746.3,0
"pwm_moe",66746.4,0
"pwm_moe",66746.4,0
"pwm_moe",66746.4,0
"pwm_moe",66746.4,0
"pwm_moe",66746.4,0
"pwm_moe",66746.4,0
"pwm_moe",66746.4,0
"pwm_moe",66746.4,0
"pwm_moe",66746.4,0
"pwm_moe",66746.4,0
"pwm_moe",66746.5,0
"pwm_moe",66746.5,0
"pwm_moe",66746.5,0
"pwm_moe",66746.5,0
"pwm_moe",66746.5,0
"pwm_moe",66746.5,0
"pwm_moe",66746.5,0
"pwm_moe",66746.5,0
"pwm_moe",66746.5,0
"pwm_moe",66746.5,0
"pwm_moe",66746.6,0
"pwm_moe",66746.6,0
"pwm_moe",66746.6,0
"pwm_moe",66746.6,0
"pwm_moe",66746.6,0
"pwm_moe",66746.6,0
"pwm_moe",66746.6,0
"pwm_moe",66746.6,0
"pwm_moe",66746.6,0
"pwm_moe",66746.6,0
"pwm_moe",66746.6,0
"pwm_moe",66746.7,0
"pwm_moe",66746.7,0
"pwm_moe",66746.7,0
"pwm_moe",66746.7,0
"pwm_moe",66746.7,0
"pwm_moe",66746.7,0
"pwm_moe",66746.7,0
"pwm_moe",66746.7,0
"pwm_moe",66746.7,0
"pwm_moe",66746.8,0
"pwm_moe",66746.8,0
"pwm_moe",66746.8,0
"pwm_moe",66746.8,0
"pwm_moe",66746.8,0
"pwm_moe",66746.8,0
"pwm_moe",66746.8,0
"pwm_moe",66746.8,0
"pwm_moe",66746.8,0
"pwm_moe",66746.8,0
"pwm_moe",66746.9,0
"pwm_moe",66746.9,0
"pwm_moe",66746.9,0
"pwm_moe",66746.9,0
"pwm_moe",66746.9,0
"pwm_moe",66746.9,0
"pwm_moe",66746.9,0
"pwm_moe",66746.9,0
"pwm_moe",66746.9,0
"pwm_moe",66746.9,0
"pwm_moe",66747,0
"pwm_moe",66747,0
"pwm_moe",66747,0
"pwm_moe",66747,0
"pwm_moe",66747,0
"pwm_moe",66747,0
"pwm_moe",66747,0
"pwm_moe",66747,0
"pwm_moe",66747,0
"pwm_moe",66747,0
"pwm_moe",66747,0
"pwm_moe",66747.1,0
"pwm_moe",66747.1,0
"pwm_moe",66747.1,0
"pwm_moe",66747.1,0
"pwm_moe",66747.1,0
"pwm_moe",66747.1,0
"pwm_moe",66747.1,0
"pwm_moe",66747.1,0
"pwm_moe",66747.1,0
"pwm_moe",66747.1,0
"pwm_moe",66747.2,0
"pwm_moe",66747.2,0
"pwm_moe",66747.2,0
"pwm_moe",66747.2,0
"pwm_moe",66747.2,0
"pwm_moe",66747.2,0
"pwm_moe",66747.2,0
"pwm_moe",66747.2,0
"pwm_moe",66747.2,0
"pwm_moe",66747.2,0
"pwm_moe",66747.3,0
"pwm_moe",66747.3,0
"pwm_moe",66747.3,0
"pwm_moe",66747.3,0
"pwm_moe",66747.3,0
"pwm_moe",66747.3,0
"pwm_moe",66747.3,0
"pwm_moe",66747.3,0
"pwm_moe",66747.3,0
"pwm_moe",66747.4,0
"pwm_moe",66747.4,0
"pwm_moe",66747.4,0
"pwm_moe",66747.4,0
"pwm_moe",66747.4,0
"pwm_moe",66747.4,0
"pwm_moe",66747.4,0
"pwm_moe",66747.4,0
"pwm_moe",66747.4,0
"pwm_moe",66747.4,0
"pwm_moe",66747.5,0
"pwm_moe",66747.5,0
"pwm_moe",66747.5,0
"pwm_moe",66747.5,0
"pwm_moe",66747.5,0
"pwm_moe",66747.5,0
"pwm_moe",66747.5,0
"pwm_moe",66747.5,0
"pwm_moe",66747.5,0
"pwm_moe",66747.5,0
"pwm_moe",66747.5,0
"pwm_moe",66747.6,0
"pwm_moe",66747.6,0
"pwm_moe",66747.6,0
"pwm_moe",66747.6,0
"pwm_moe",66747.6,0
"pwm_moe",66747.6,0
"pwm_moe",66747.6,0
"pwm_moe",66747.6,0
"pwm_moe",66747.6,0
"pwm_moe",66747.6,0
"pwm_moe",66747.7,0
"pwm_moe",66747.7,0
"pwm_moe",66747.7,0
"pwm_moe",66747.7,0
"pwm_moe",66747.7,0
"pwm_moe",66747.7,0
"pwm_moe",66747.7,0
"pwm_moe",66747.7,0
"pwm_moe",66747.7,0
"pwm_moe",66747.8,0
"pwm_moe",66747.8,0
"pwm_moe",66747.8,0
"pwm_moe",66747.8,0
"pwm_moe",66747.8,0
"pwm_moe",66747.8,0
"pwm_moe",66747.8,0
"pwm_moe",66747.8,0
"pwm_moe",66747.8,0
"pwm_moe",66747.8,0
"pwm_moe",66747.9,0
"pwm_moe",66747.9,0
"pwm_moe",66747.9,0
"pwm_moe",66747.9,0
"pwm_moe",66747.9,0
"pwm_moe",66747.9,0
"pwm_moe",66747.9,0
"pwm_moe",66747.9,0
"pwm_moe",66747.9,0
"pwm_moe",66747.9,0
"pwm_moe",66748,0
"pwm_moe",66748,0
"pwm_moe",66748,0
"pwm_moe",66748,0
"pwm_moe",66748,0
"pwm_moe",66748,0
"pwm_moe",66748,0
"pwm_moe",66748,0
"pwm_moe",66748,0
"pwm_moe",66748,0
"pwm_moe",66748.1,0
"pwm_moe",66748.1,0
"pwm_moe",66748.1,0
"pwm_moe",66748.1,0
"pwm_moe",66748.1,0
"pwm_moe",66748.1,0
"pwm_moe",66748.1,0
"pwm_moe",66748.1,0
"pwm_moe",66748.1,0
"pwm_moe",66748.1,0
"pwm_moe",66748.2,0
"pwm_moe",66748.2,0
"pwm_moe",66748.2,0
"pwm_moe",66748.2,0
"pwm_moe",66748.2,0
"pwm_moe",66748.2,0
"pwm_moe",66748.2,0
"pwm_moe",66748.2,0
"pwm_moe",66748.2,0
"pwm_moe",66748.2,0
"pwm_moe",66748.3,0
"pwm_moe",66748.3,0
"pwm_moe",66748.3,0
"pwm_moe",66748.3,0
"pwm_moe",66748.3,0
"pwm_moe",66748.3,0
"pwm_moe",66748.3,0
"pwm_moe",66748.3,0
"pwm_moe",66748.3,0
"pwm_moe",66748.3,0
"pwm_moe",66748.4,0
"pwm_moe",66748.4,0
"pwm_moe",66748.4,0
"pwm_moe",66748.4,0
"pwm_moe",66748.4,0
"pwm_moe",66748.4,0
"pwm_moe",66748.4,0
"pwm_moe",66748.4,0
"pwm_moe",66748.4,0
"pwm_moe",66748.4,0
"pwm_moe",66748.5,0
"pwm_moe",66748.5,0
"pwm_moe",66748.5,0
"pwm_moe",66748.5,0
"pwm_moe",66748.5,0
"pwm_moe",66748.5,0
"pwm_moe",66748.5,0
"pwm_moe",66748.5,0
"pwm_moe",66748.5,0
"pwm_moe",66748.5,0
"pwm_moe",66748.6,0
"pwm_moe",66748.6,0
"pwm_moe",66748.6,0
"pwm_moe",66748.6,0
"pwm_moe",66748.6,0
"pwm_moe",66748.6,0
"pwm_moe",66748.6,0
"pwm_moe",66748.6,0
"pwm_moe",66748.6,0
"pwm_moe",66748.6,0
"pwm_moe",66748.7,0
"pwm_moe",66748.7,0
"pwm_moe",66748.7,0
"pwm_moe",66748.7,0
"pwm_moe",66748.7,0
"pwm_moe",66748.7,0
"pwm_moe",66748.7,0
"pwm_moe",66748.7,0
"pwm_moe",66748.7,0
"pwm_moe",66748.7,0
"pwm_moe",66748.8,0
"pwm_moe",66748.8,0
"pwm_moe",66748.8,0
"pwm_moe",66748.8,0
"pwm_moe",66748.8,0
"pwm_moe",66748.8,0
"pwm_moe",66748.8,0
"pwm_moe",66748.8,0
"pwm_moe",66748.8,0
"pwm_moe",66748.8,0
"pwm_moe",66748.9,0
"pwm_moe",66748.9,0
"pwm_moe",66748.9,0
"pwm_moe",66748.9,0
"pwm_moe",66748.9,0
"pwm_moe",66748.9,0
"pwm_moe",66748.9,0
"pwm_moe",66748.9,0
"pwm_moe",66748.9,0
"pwm_moe",66748.9,0
"pwm_moe",66749,0
"pwm_moe",66749,0
"pwm_moe",66749,0
"pwm_moe",66749,0
"pwm_moe",66749,0
"pwm_moe",66749,0
"pwm_moe",66749,0
"pwm_moe",66749,0
"pwm_moe",66749,0
"pwm_moe",66749.1,0
"pwm_moe",66749.1,0
"pwm_moe",66749.1,0
"pwm_moe",66749.1,0
"pwm_moe",66749.1,0
"pwm_moe",66749.1,0
"pwm_moe",66749.1,0
"pwm_moe",66749.1,0
"pwm_moe",66749.1,0
"pwm_moe",66749.1,0
"pwm_moe",66749.1,0
"pwm_moe",66749.2,0
"pwm_moe",66749.2,0
"pwm_moe",66749.2,0
"pwm_moe",66749.2,0
"pwm_moe",66749.2,0
"pwm_moe",66749.2,0
"pwm_moe",66749.2,0
"pwm_moe",66749.2,0
"pwm_moe",66749.2,0
"pwm_moe",66749.2,0
"pwm_moe",66749.3,0
"pwm_moe",66749.3,0
"pwm_moe",66749.3,0
"pwm_moe",66749.3,0
"pwm_moe",66749.3,0
"pwm_moe",66749.3,0
"pwm_moe",66749.3,0
"pwm_moe",66749.3,0
"pwm_moe",66749.3,0
"pwm_moe",66749.4,0
"pwm_moe",66749.4,0
"pwm_moe",66749.4,0
"pwm_moe",66749.4,0
"pwm_moe",66749.4,0
"pwm_moe",66749.4,0
"pwm_moe",66749.4,0
"pwm_moe",66749.4,0
"pwm_moe",66749.4,0
"pwm_moe",66749.4,0
"pwm_moe",66749.5,0
"pwm_moe",66749.5,0
"pwm_moe",66749.5,0
"pwm_moe",66749.5,0
"pwm_moe",66749.5,0
"pwm_moe",66749.5,0
"pwm_moe",66749.5,0
"pwm_moe",66749.5,0
"pwm_moe",66749.5,0
"pwm_moe",66749.5,0
"pwm_moe",66749.5,0
"pwm_moe",66749.6,0
"pwm_moe",66749.6,0
"pwm_moe",66749.6,0
"pwm_moe",66749.6,0
"pwm_moe",66749.6,0
"pwm_moe",66749.6,0
"pwm_moe",66749.6,0
"pwm_moe",66749.6,0
"pwm_moe",66749.6,0
"pwm_moe",66749.6,0
"pwm_moe",66749.7,0
"pwm_moe",66749.7,0
"pwm_moe",66749.7,0
"pwm_moe",66749.7,0
"pwm_moe",66749.7,0
"pwm_moe",66749.7,0
"pwm_moe",66749.7,0
"pwm_moe",66749.7,0
"pwm_moe",66749.7,0
"pwm_moe",66749.8,0
"pwm_moe",66749.8,0
"pwm_moe",66749.8,0
"pwm_moe",66749.8,0
"pwm_moe",66749.8,0
"pwm_moe",66749.8,0
"pwm_moe",66749.8,0
"pwm_moe",66749.8,0
"pwm_moe",66749.8,0
"pwm_moe",66749.8,0
"pwm_moe",66749.9,0
"pwm_moe",66749.9,0
"pwm_moe",66749.9,0
"pwm_moe",66749.9,0
"pwm_moe",66749.9,0
"pwm_moe",66749.9,0
"pwm_moe",66749.9,0
"pwm_moe",66749.9,0
"pwm_moe",66749.9,0
"pwm_moe",66749.9,0
"pwm_moe",66749.9,0
"pwm_moe",66750,0
"pwm_moe",66750,0
"pwm_moe",66750,0
"pwm_moe",66750,0
"pwm_moe",66750,0
"pwm_moe",66750,0
"pwm_moe",66750,0
"pwm_moe",66750,0
"pwm_moe",66750,0
"pwm_moe",66750.1,0
"pwm_moe",66750.1,0
"pwm_moe",66750.1,0
"pwm_moe",66750.1,0
"pwm_moe",66750.1,0
"pwm_moe",66750.1,0
"pwm_moe",66750.1,0
"pwm_moe",66750.1,0
"pwm_moe",66750.1,0
"pwm_moe",66750.1,0
"pwm_moe",66750.1,0
"pwm_moe",66750.2,0
"pwm_moe",66750.2,0
"pwm_moe",66750.2,0
"pwm_moe",66750.2,0
"pwm_moe",66750.2,0
"pwm_moe",66750.2,0
"pwm_moe",66750.2,0
"pwm_moe",66750.2,0
"pwm_moe",66750.2,0
"pwm_moe",66750.2,0
"pwm_moe",66750.3,0
"pwm_moe",66750.3,0
"pwm_moe",66750.3,0
"pwm_moe",66750.3,0
"pwm_moe",66750.3,0
"pwm_moe",66750.3,0
"pwm_moe",66750.3,0
"pwm_moe",66750.3,0
"pwm_moe",66750.3,0
"pwm_moe",66750.4,0
"pwm_moe",66750.4,0
"pwm_moe",66750.4,0
"pwm_moe",66750.4,0
"pwm_moe",66750.4,0
"pwm_moe",66750.4,0
"pwm_moe",66750.4,0
"pwm_moe",66750.4,0
"pwm_moe",66750.4,0
"pwm_moe",66750.4,0
"pwm_moe",66750.5,0
"pwm_moe",66750.5,0
"pwm_moe",66750.5,0
"pwm_moe",66750.5,0
"pwm_moe",66750.5,0
"pwm_moe",66750.5,0
"pwm_moe",66750.5,0
"pwm_moe",66750.5,0
"pwm_moe",66750.5,0
"pwm_moe",66750.5,0
"pwm_moe",66750.6,0
"pwm_moe",66750.6,0
"pwm_moe",66750.6,0
"pwm_moe",66750.6,0
"pwm_moe",66750.6,0
"pwm_moe",66750.6,0
"pwm_moe",66750.6,0
"pwm_moe",66750.6,0
"pwm_moe",66750.6,0
"pwm_moe",66750.6,0
"pwm_moe",66750.7,0
"pwm_moe",66750.7,0
"pwm_moe",66750.7,0
"pwm_moe",66750.7,0
"pwm_moe",66750.7,0
"pwm_moe",66750.7,0
"pwm_moe",66750.7,0
"pwm_moe",66750.7,0
"pwm_moe",66750.7,0
"pwm_moe",66750.7,0
"pwm_moe",66750.8,0
"pwm_moe",66750.8,0
"pwm_moe",66750.8,0
"pwm_moe",66750.8,0
"pwm_moe",66750.8,0
"pwm_moe",66750.8,0
"pwm_moe",66750.8,0
"pwm_moe",66750.8,0
"pwm_moe",66750.8,0
"pwm_moe",66750.8,0
"pwm_moe",66750.9,0
"pwm_moe",66750.9,0
"pwm_moe",66750.9,0
"pwm_moe",66750.9,0
"pwm_moe",66750.9,0
"pwm_moe",66750.9,0
"pwm_moe",66750.9,0
"pwm_moe",66750.9,0
"pwm_moe",66750.9,0
"pwm_moe",66750.9,0
"pwm_moe",66751,0
"pwm_moe",66751,0
"pwm_moe",66751,0
"pwm_moe",66751,0
"pwm_moe",66751,0
"pwm_moe",66751,0
"pwm_moe",66751,0
"pwm_moe",66751,0
"pwm_moe",66751,0
"pwm_moe",66751,0
"pwm_moe",66751.1,0
"pwm_moe",66751.1,0
"pwm_moe",66751.1,0
"pwm_moe",66751.1,0
"pwm_moe",66751.1,0
"pwm_moe",66751.1,0
"pwm_moe",66751.1,0
"pwm_moe",66751.1,0
"pwm_moe",66751.1,0
"pwm_moe",66751.1,0
"pwm_moe",66751.2,0
"pwm_moe",66751.2,0
"pwm_moe",66751.2,0
"pwm_moe",66751.2,0
"pwm_moe",66751.2,0
"pwm_moe",66751.2,0
"pwm_moe",66751.2,0
"pwm_moe",66751.2,0
"pwm_moe",66751.2,0
"pwm_moe",66751.2,0
"pwm_moe",66751.2,0
"pwm_moe",66751.3,0
"pwm_moe",66751.3,0
"pwm_moe",66751.3,0
"pwm_moe",66751.3,0
"pwm_moe",66751.3,0
"pwm_moe",66751.3,0
"pwm_moe",66751.3,0
"pwm_moe",66751.3,0
"pwm_moe",66751.3,0
"pwm_moe",66751.4,0
"pwm_moe",66751.4,0
"pwm_moe",66751.4,0
"pwm_moe",66751.4,0
"pwm_moe",66751.4,0
"pwm_moe",66751.4,0
"pwm_moe",66751.4,0
"pwm_moe",66751.4,0
"pwm_moe",66751.4,0
"pwm_moe",66751.4,0
"pwm_moe",66751.5,0
"pwm_moe",66751.5,0
"pwm_moe",66751.5,0
"pwm_moe",66751.5,0
"pwm_moe",66751.5,0
"pwm_moe",66751.5,0
"pwm_moe",66751.5,0
"pwm_moe",66751.5,0
"pwm_moe",66751.5,0
"pwm_moe",66751.5,0
"pwm_moe",66751.6,0
"pwm_moe",66751.6,0
"pwm_moe",66751.6,0
"pwm_moe",66751.6,0
"pwm_moe",66751.6,0
"pwm_moe",66751.6,0
"pwm_moe",66751.6,0
"pwm_moe",66751.6,0
"pwm_moe",66751.6,0
"pwm_moe",66751.6,0
"pwm_moe",66751.7,0
"pwm_moe",66751.7,0
"pwm_moe",66751.7,0
"pwm_moe",66751.7,0
"pwm_moe",66751.7,0
"pwm_moe",66751.7,0
"pwm_moe",66751.7,0
"pwm_moe",66751.7,0
"pwm_moe",66751.7,0
"pwm_moe",66751.8,0
"pwm_moe",66751.8,0
"pwm_moe",66751.8,0
"pwm_moe",66751.8,0
"pwm_moe",66751.8,0
"pwm_moe",66751.8,0
"pwm_moe",66751.8,0
"pwm_moe",66751.8,0
"pwm_moe",66751.8,0
"pwm_moe",66751.8,0
"pwm_moe",66751.9,0
"pwm_moe",66751.9,0
"pwm_moe",66751.9,0
"pwm_moe",66751.9,0
"pwm_moe",66751.9,0
"pwm_moe",66751.9,0
"pwm_moe",66751.9,0
"pwm_moe",66751.9,0
"pwm_moe",66751.9,0
"pwm_moe",66751.9,0
"pwm_moe",66751.9,0
"pwm_moe",66752,0
"pwm_moe",66752,0
"pwm_moe",66752,0
"pwm_moe",66752,0
"pwm_moe",66752,0
"pwm_moe",66752,0
"pwm_moe",66752,0
"pwm_moe",66752,0
"pwm_moe",66752,0
"pwm_moe",66752,0
"pwm_moe",66752.1,0
"pwm_moe",66752.1,0
"pwm_moe",66752.1,0
"pwm_moe",66752.1,0
"pwm_moe",66752.1,0
"pwm_moe",66752.1,0
"pwm_moe",66752.1,0
"pwm_moe",66752.1,0
"pwm_moe",66752.1,0
"pwm_moe",66752.1,0
"pwm_moe",66752.2,0
"pwm_moe",66752.2,0
"pwm_moe",66752.2,0
"pwm_moe",66752.2,0
"pwm_moe",66752.2,0
"pwm_moe",66752.2,0
"pwm_moe",66752.2,0
"pwm_moe",66752.2,0
"pwm_moe",66752.2,0
"pwm_moe",66752.2,0
"pwm_moe",66752.3,0
"pwm_moe",66752.3,0
"pwm_moe",66752.3,0
"pwm_moe",66752.3,0
"pwm_moe",66752.3,0
"pwm_moe",66752.3,0
"pwm_moe",66752.3,0
"pwm_moe",66752.3,0
"pwm_moe",66752.3,0
"pwm_moe",66752.3,0
"pwm_moe",66752.4,0
"pwm_moe",66752.4,0
"pwm_moe",66752.4,0
"pwm_moe",66752.4,0
"pwm_moe",66752.4,0
"pwm_moe",66752.4,0
"pwm_moe",66752.4,0
"pwm_moe",66752.4,0
"pwm_moe",66752.4,0
"pwm_moe",66752.4,0
"pwm_moe",66752.5,0
"pwm_moe",66752.5,0
"pwm_moe",66752.5,0
"pwm_moe",66752.5,0
"pwm_moe",66752.5,0
"pwm_moe",66752.5,0
"pwm_moe",66752.5,0
"pwm_moe",66752.5,0
"pwm_moe",66752.5,0
"pwm_moe",66752.5,0
"pwm_moe",66752.6,0
"pwm_moe",66752.6,0
"pwm_moe",66752.6,0
"pwm_moe",66752.6,0
"pwm_moe",66752.6,0
"pwm_moe",66752.6,0
"pwm_moe",66752.6,0
"pwm_moe",66752.6,0
"pwm_moe",66752.6,0
"pwm_moe",66752.6,0
"pwm_moe",66752.7,0
"pwm_moe",66752.7,0
"pwm_moe",66752.7,0
"pwm_moe",66752.7,0
"pwm_moe",66752.7,0
"pwm_moe",66752.7,0
"pwm_moe",66752.7,0
"pwm_moe",66752.7,0
"pwm_moe",66752.7,0
"pwm_moe",66752.7,0
"pwm_moe",66752.8,0
"pwm_moe",66752.8,0
"pwm_moe",66752.8,0
"pwm_moe",66752.8,0
"pwm_moe",66752.8,0
"pwm_moe",66752.8,0
"pwm_moe",66752.8,0
"pwm_moe",66752.8,0
"pwm_moe",66752.8,0
"pwm_moe",66752.8,0
"pwm_moe",66752.9,0
"pwm_moe",66752.9,0
"pwm_moe",66752.9,0
"pwm_moe",66752.9,0
"pwm_moe",66752.9,0
"pwm_moe",66752.9,0
"pwm_moe",66752.9,0
"pwm_moe",66752.9,0
"pwm_moe",66752.9,0
"pwm_moe",66752.9,0
"pwm_moe",66753,0
"pwm_moe",66753,0
"pwm_moe",66753,0
"pwm_moe",66753,0
"pwm_moe",66753,0
"pwm_moe",66753,0
"pwm_moe",66753,0
"pwm_moe",66753,0
"pwm_moe",66753,0
"pwm_moe",66753,0
"pwm_moe",66753,0
"pwm_moe",66753.1,0
"pwm_moe",66753.1,0
"pwm_moe",66753.1,0
"pwm_moe",66753.1,0
"pwm_moe",66753.1,0
"pwm_moe",66753.1,0
"pwm_moe",66753.1,0
"pwm_moe",66753.1,0
"pwm_moe",66753.1,0
"pwm_moe",66753.1,0
"pwm_moe",66753.2,0
"pwm_moe",66753.2,0
"pwm_moe",66753.2,0
"pwm_moe",66753.2,0
"pwm_moe",66753.2,0
"pwm_moe",66753.2,0
"pwm_moe",66753.2,0
"pwm_moe",66753.2,0
"pwm_moe",66753.2,0
"pwm_moe",66753.2,0
"pwm_moe",66753.3,0
"pwm_moe",66753.3,0
"pwm_moe",66753.3,0
"pwm_moe",66753.3,0
"pwm_moe",66753.3,0
"pwm_moe",66753.3,0
"pwm_moe",66753.3,0
"pwm_moe",66753.3,0
"pwm_moe",66753.3,0
"pwm_moe",66753.3,0
"pwm_moe",66753.4,0
"pwm_moe",66753.4,0
"pwm_moe",66753.4,0
"pwm_moe",66753.4,0
"pwm_moe",66753.4,0
"pwm_moe",66753.4,0
"pwm_moe",66753.4,0
"pwm_moe",66753.4,0
"pwm_moe",66753.4,0
"pwm_moe",66753.4,0
"pwm_moe",66753.5,0
"pwm_moe",66753.5,0
"pwm_moe",66753.5,0
"pwm_moe",66753.5,0
"pwm_moe",66753.5,0
"pwm_moe",66753.5,0
"pwm_moe",66753.5,0
"pwm_moe",66753.5,0
"pwm_moe",66753.5,0
"pwm_moe",66753.5,0
"pwm_moe",66753.6,0
"pwm_moe",66753.6,0
"pwm_moe",66753.6,0
"pwm_moe",66753.6,0
"pwm_moe",66753.6,0
"pwm_moe",66753.6,0
"pwm_moe",66753.6,0
"pwm_moe",66753.6,0
"pwm_moe",66753.6,0
"pwm_moe",66753.6,0
"pwm_moe",66753.7,0
"pwm_moe",66753.7,0
"pwm_moe",66753.7,0
"pwm_moe",66753.7,0
"pwm_moe",66753.7,0
"pwm_moe",66753.7,0
"pwm_moe",66753.7,0
"pwm_moe",66753.7,0
"pwm_moe",66753.7,0
"pwm_moe",66753.7,0
"pwm_moe",66753.8,0
"pwm_moe",66753.8,0
"pwm_moe",66753.8,0
"pwm_moe",66753.8,0
"pwm_moe",66753.8,0
"pwm_moe",66753.8,0
"pwm_moe",66753.8,0
"pwm_moe",66753.8,0
"pwm_moe",66753.8,0
"pwm_moe",66753.8,0
"pwm_moe",66753.9,0
"pwm_moe",66753.9,0
"pwm_moe",66753.9,0
"pwm_moe",66753.9,0
"pwm_moe",66753.9,0
"pwm_moe",66753.9,0
"pwm_moe",66753.9,0
"pwm_moe",66753.9,0
"pwm_moe",66753.9,0
"pwm_moe",66753.9,0
"pwm_moe",66754,0
"pwm_moe",66754,0
"pwm_moe",66754,0
"pwm_moe",66754,0
"pwm_moe",66754,0
"pwm_moe",66754,0
"pwm_moe",66754,0
"pwm_moe",66754,0
"pwm_moe",66754,0
"pwm_moe",66754,0
"pwm_moe",66754.1,0
"pwm_moe",66754.1,0
"pwm_moe",66754.1,0
"pwm_moe",66754.1,0
"pwm_moe",66754.1,0
"pwm_moe",66754.1,0
"pwm_moe",66754.1,0
"pwm_moe",66754.1,0
"pwm_moe",66754.1,0
"pwm_moe",66754.1,0
"pwm_moe",66754.1,0
"pwm_moe",66754.2,0
"pwm_moe",66754.2,0
"pwm_moe",66754.2,0
"pwm_moe",66754.2,0
"pwm_moe",66754.2,0
"pwm_moe",66754.2,0
"pwm_moe",66754.2,0
"pwm_moe",66754.2,0
"pwm_moe",66754.2,0
"pwm_moe",66754.2,0
"pwm_moe",66754.3,0
"pwm_moe",66754.3,0
"pwm_moe",66754.3,0
"pwm_moe",66754.3,0
"pwm_moe",66754.3,0
"pwm_moe",66754.3,0
"pwm_moe",66754.3,0
"pwm_moe",66754.3,0
"pwm_moe",66754.3,0
"pwm_moe",66754.4,0
"pwm_moe",66754.4,0
"pwm_moe",66754.4,0
"pwm_moe",66754.4,0
"pwm_moe",66754.4,0
"pwm_moe",66754.4,0
"pwm_moe",66754.4,0
"pwm_moe",66754.4,0
"pwm_moe",66754.4,0
"pwm_moe",66754.4,0
"pwm_moe",66754.5,0
"pwm_moe",66754.5,0
"pwm_moe",66754.5,0
"pwm_moe",66754.5,0
"pwm_moe",66754.5,0
"pwm_moe",66754.5,0
"pwm_moe",66754.5,0
"pwm_moe",66754.5,0
"pwm_moe",66754.5,0
"pwm_moe",66754.5,0
"pwm_moe",66754.5,0
"pwm_moe",66754.6,0
"pwm_moe",66754.6,0
"pwm_moe",66754.6,0
"pwm_moe",66754.6,0
"pwm_moe",66754.6,0
"pwm_moe",66754.6,0
"pwm_moe",66754.6,0
"pwm_moe",66754.6,0
"pwm_moe",66754.6,0
"pwm_moe",66754.7,0
"pwm_moe",66754.7,0
"pwm_moe",66754.7,0
"pwm_moe",66754.7,0
"pwm_moe",66754.7,0
"pwm_moe",66754.7,0
"pwm_moe",66754.8,0
"pwm_moe",66754.8,0
"pwm_moe",66754.8,0
"pwm_moe",66754.8,0
"pwm_moe",66754.8,0
"pwm_moe",66754.8,0
"pwm_moe",66754.9,0
"pwm_moe",66754.9,0
"pwm_moe",66754.9,0
"pwm_moe",66754.9,0
"pwm_moe",66754.9,0
"pwm_moe",66754.9,0
"pwm_moe",66754.9,0
"pwm_moe",66754.9,0
"pwm_moe",66755,0
"pwm_moe",66755,0
"pwm_moe",66755,0
"pwm_moe",66755,0
"pwm_moe",66755,0
"pwm_moe",66755.1,0
"pwm_moe",66755.1,0
"pwm_moe",66755.1,0
"pwm_moe",66755.1,0
"pwm_moe",66755.1,0
"pwm_moe",66755.1,0
"pwm_moe",66755.1,0
"pwm_moe",66755.1,0
"pwm_moe",66755.1,0
"pwm_moe",66755.1,0
"pwm_moe",66755.2,0
"pwm_moe",66755.2,0
"pwm_moe",66755.2,0
"pwm_moe",66755.2,0
"pwm_moe",66755.2,0
"pwm_moe",66755.2,0
"pwm_moe",66755.2,0
"pwm_moe",66755.2,0
"pwm_moe",66755.2,0
"pwm_moe",66755.2,0
"pwm_moe",66755.2,0
"pwm_moe",66755.3,0
"pwm_moe",66755.3,0
"pwm_moe",66755.3,0
"pwm_moe",66755.3,0
"pwm_moe",66755.3,0
"pwm_moe",66755.3,0
"pwm_moe",66755.3,0
"pwm_moe",66755.3,0
"pwm_moe",66755.3,0
"pwm_moe",66755.3,0
"pwm_moe",66755.3,0
"pwm_moe",66755.4,0
"pwm_moe",66755.4,0
"pwm_moe",66755.4,0
"pwm_moe",66755.4,0
"pwm_moe",66755.4,0
"pwm_moe",66755.4,0
"pwm_moe",66755.4,0
"pwm_moe",66755.4,0
"pwm_moe",66755.4,0
"pwm_moe",66755.4,0
"pwm_moe",66755.4,0
"pwm_moe",66755.5,0
"pwm_moe",66755.5,0
"pwm_moe",66755.5,0
"pwm_moe",66755.5,0
"pwm_moe",66755.5,0
"pwm_moe",66755.5,0
"pwm_moe",66755.5,0
"pwm_moe",66755.5,0
"pwm_moe",66755.5,0
"pwm_moe",66755.5,0
"pwm_moe",66755.5,0
"pwm_moe",66755.5,0
"pwm_moe",66755.6,0
"pwm_moe",66755.6,0
"pwm_moe",66755.6,0
"pwm_moe",66755.6,0
"pwm_moe",66755.6,0
"pwm_moe",66755.6,0
"pwm_moe",66755.6,0
"pwm_moe",66755.6,0
"pwm_moe",66755.6,0
"pwm_moe",66755.6,0
"pwm_moe",66755.6,0
"pwm_moe",66755.7,0
"pwm_moe",66755.7,0
"pwm_moe",66755.7,0
"pwm_moe",66755.7,0
"pwm_moe",66755.7,0
"pwm_moe",66755.7,0
"pwm_moe",66755.7,0
"pwm_moe",66755.7,0
"pwm_moe",66755.7,0
"pwm_moe",66755.7,0
"pwm_moe",66755.7,0
"pwm_moe",66755.8,0
"pwm_moe",66755.8,0
"pwm_moe",66755.8,0
"pwm_moe",66755.8,0
"pwm_moe",66755.8,0
"pwm_moe",66755.8,0
"pwm_moe",66755.8,0
"pwm_moe",66755.8,0
"pwm_moe",66755.8,0
"pwm_moe",66755.8,0
"pwm_moe",66755.8,0
"pwm_moe",66755.9,0
"pwm_moe",66755.9,0
"pwm_moe",66755.9,0
"pwm_moe",66755.9,0
"pwm_moe",66755.9,0
"pwm_moe",66755.9,0
"pwm_moe",66755.9,0
"pwm_moe",66755.9,0
"pwm_moe",66755.9,0
"pwm_moe",66755.9,0
"pwm_moe",66756,0
"pwm_moe",66756,0
"pwm_moe",66756,0
"pwm_moe",66756,0
"pwm_moe",66756,0
"pwm_moe",66756,0
"pwm_moe",66756,0
"pwm_moe",66756,0
"pwm_moe",66756,0
"pwm_moe",66756,0
"pwm_moe",66756.1,0
"pwm_moe",66756.1,0
"pwm_moe",66756.1,0
"pwm_moe",66756.1,0
"pwm_moe",66756.1,0
"pwm_moe",66756.1,0
"pwm_moe",66756.1,0
"pwm_moe",66756.1,0
"pwm_moe",66756.1,0
"pwm_moe",66756.1,0
"pwm_moe",66756.1,0
"pwm_moe",66756.2,0
"pwm_moe",66756.2,0
"pwm_moe",66756.2,0
"pwm_moe",66756.2,0
"pwm_moe",66756.2,0
"pwm_moe",66756.2,0
"pwm_moe",66756.2,0
"pwm_moe",66756.2,0
"pwm_moe",66756.2,0
"pwm_moe",66756.2,0
"pwm_moe",66756.3,0
"pwm_moe",66756.3,0
"pwm_moe",66756.3,0
"pwm_moe",66756.3,0
"pwm_moe",66756.3,0
"pwm_moe",66756.3,0
"pwm_moe",66756.3,0
"pwm_moe",66756.3,0
"pwm_moe",66756.3,0
"pwm_moe",66756.4,0
"pwm_moe",66756.4,0
"pwm_moe",66756.4,0
"pwm_moe",66756.4,0
"pwm_moe",66756.4,0
"pwm_moe",66756.4,0
"pwm_moe",66756.4,0
"pwm_moe",66756.4,0
"pwm_moe",66756.4,0
"pwm_moe",66756.4,0
"pwm_moe",66756.5,0
"pwm_moe",66756.5,0
"pwm_moe",66756.5,0
"pwm_moe",66756.5,0
"pwm_moe",66756.5,0
"pwm_moe",66756.5,0
"pwm_moe",66756.5,0
"pwm_moe",66756.5,0
"pwm_moe",66756.5,0
"pwm_moe",66756.5,0
"pwm_moe",66756.6,0
"pwm_moe",66756.6,0
"pwm_moe",66756.6,0
"pwm_moe",66756.6,0
"pwm_moe",66756.6,0
"pwm_moe",66756.6,0
"pwm_moe",66756.6,0
"pwm_moe",66756.6,0
"pwm_moe",66756.6,0
"pwm_moe",66756.6,0
"pwm_moe",66756.6,0
"pwm_moe",66756.7,0
"pwm_moe",66756.7,0
"pwm_moe",66756.7,0
"pwm_moe",66756.7,0
"pwm_moe",66756.7,0
"pwm_moe",66756.7,0
"pwm_moe",66756.7,0
"pwm_moe",66756.7,0
"pwm_moe",66756.7,0
"pwm_moe",66756.8,0
"pwm_moe",66756.8,0
"pwm_moe",66756.8,0
"pwm_moe",66756.8,0
"pwm_moe",66756.8,0
"pwm_moe",66756.8,0
"pwm_moe",66756.8,0
"pwm_moe",66756.8,0
"pwm_moe",66756.8,0
"pwm_moe",66756.8,0
"pwm_moe",66756.9,0
"pwm_moe",66756.9,0
"pwm_moe",66756.9,0
"pwm_moe",66756.9,0
"pwm_moe",66756.9,0
"pwm_moe",66756.9,0
"pwm_moe",66756.9,0
"pwm_moe",66756.9,0
"pwm_moe",66756.9,0
"pwm_moe",66756.9,0
"pwm_moe",66757,0
"pwm_moe",66757,0
"pwm_moe",66757,0
"pwm_moe",66757,0
"pwm_moe",66757,0
"pwm_moe",66757,0
"pwm_moe",66757,0
"pwm_moe",66757,0
"pwm_moe",66757,0
"pwm_moe",66757,0
"pwm_moe",66757,0
"pwm_moe",66757.1,0
"pwm_moe",66757.1,0
"pwm_moe",66757.1,0
"pwm_moe",66757.1,0
"pwm_moe",66757.1,0
"pwm_moe",66757.1,0
"pwm_moe",66757.1,0
"pwm_moe",66757.1,0
"pwm_moe",66757.1,0
"pwm_moe",66757.1,0
"pwm_moe",66757.2,0
"pwm_moe",66757.2,0
"pwm_moe",66757.2,0
"pwm_moe",66757.2,0
"pwm_moe",66757.2,0
"pwm_moe",66757.2,0
"pwm_moe",66757.2,0
"pwm_moe",66757.2,0
"pwm_moe",66757.2,0
"pwm_moe",66757.2,0
"pwm_moe",66757.3,0
"pwm_moe",66757.3,0
"pwm_moe",66757.3,0
"pwm_moe",66757.3,0
"pwm_moe",66757.3,0
"pwm_moe",66757.3,0
"pwm_moe",66757.3,0
"pwm_moe",66757.3,0
"pwm_moe",66757.3,0
"pwm_moe",66757.4,0
"pwm_moe",66757.4,0
"pwm_moe",66757.4,0
"pwm_moe",66757.4,0
"pwm_moe",66757.4,0
"pwm_moe",66757.4,0
"pwm_moe",66757.4,0
"pwm_moe",66757.4,0
"pwm_moe",66757.4,0
"pwm_moe",66757.4,0
"pwm_moe",66757.5,0
"pwm_moe",66757.5,0
"pwm_moe",66757.5,0
"pwm_moe",66757.5,0
"pwm_moe",66757.5,0
"pwm_moe",66757.5,0
"pwm_moe",66757.5,0
"pwm_moe",66757.5,0
"pwm_moe",66757.5,0
"pwm_moe",66757.5,0
"pwm_moe",66757.5,0
"pwm_moe",66757.6,0
"pwm_moe",66757.6,0
"pwm_moe",66757.6,0
"pwm_moe",66757.6,0
"pwm_moe",66757.6,0
"pwm_moe",66757.6,0
"pwm_moe",66757.6,0
"pwm_moe",66757.6,0
"pwm_moe",66757.6,0
"pwm_moe",66757.6,0
"pwm_moe",66757.7,0
"pwm_moe",66757.7,0
"pwm_moe",66757.7,0
"pwm_moe",66757.7,0
"pwm_moe",66757.7,0
"pwm_moe",66757.7,0
"pwm_moe",66757.7,0
"pwm_moe",66757.7,0
"pwm_moe",66757.7,0
"pwm_moe",66757.8,0
"pwm_moe",66757.8,0
"pwm_moe",66757.8,0
"pwm_moe",66757.8,0
"pwm_moe",66757.8,0
"pwm_moe",66757.8,0
"pwm_moe",66757.8,0
"pwm_moe",66757.8,0
"pwm_moe",66757.8,0
"pwm_moe",66757.8,0
"pwm_moe",66757.9,0
"pwm_moe",66757.9,0
"pwm_moe",66757.9,0
"pwm_moe",66757.9,0
"pwm_moe",66757.9,0
"pwm_moe",66757.9,0
"pwm_moe",66757.9,0
"pwm_moe",66757.9,0
"pwm_moe",66757.9,0
"pwm_moe",66757.9,0
"pwm_moe",66758,0
"pwm_moe",66758,0
"pwm_moe",66758,0
"pwm_moe",66758,0
"pwm_moe",66758,0
"pwm_moe",66758,0
"pwm_moe",66758,0
"pwm_moe",66758,0
"pwm_moe",66758,0
"pwm_moe",66758,0
"pwm_moe",66758.1,0
"pwm_moe",66758.1,0
"pwm_moe",66758.1,0
"pwm_moe",66758.1,0
"pwm_moe",66758.1,0
"pwm_moe",66758.1,0
"pwm_moe",66758.1,0
"pwm_moe",66758.1,0
"pwm_moe",66758.1,0
"pwm_moe",66758.1,0
"pwm_moe",66758.2,0
"pwm_moe",66758.2,0
"pwm_moe",66758.2,0
"pwm_moe",66758.2,0
"pwm_moe",66758.2,0
"pwm_moe",66758.2,0
"pwm_moe",66758.2,0
"pwm_moe",66758.2,0
"pwm_moe",66758.2,0
"pwm_moe",66758.2,0
"pwm_moe",66758.2,0
"pwm_moe",66758.3,0
"pwm_moe",66758.3,0
"pwm_moe",66758.3,0
"pwm_moe",66758.3,0
"pwm_moe",66758.3,0
"pwm_moe",66758.3,0
"pwm_moe",66758.3,0
"pwm_moe",66758.3,0
"pwm_moe",66758.3,0
"pwm_moe",66758.4,0
"pwm_moe",66758.4,0
"pwm_moe",66758.4,0
"pwm_moe",66758.4,0
"pwm_moe",66758.4,0
"pwm_moe",66758.4,0
"pwm_moe",66758.4,0
"pwm_moe",66758.4,0
"pwm_moe",66758.4,0
"pwm_moe",66758.4,0
"pwm_moe",66758.5,0
"pwm_moe",66758.5,0
"pwm_moe",66758.5,0
"pwm_moe",66758.5,0
"pwm_moe",66758.5,0
"pwm_moe",66758.5,0
"pwm_moe",66758.5,0
"pwm_moe",66758.5,0
"pwm_moe",66758.5,0
"pwm_moe",66758.5,0
"pwm_moe",66758.6,0
"pwm_moe",66758.6,0
"pwm_moe",66758.6,0
"pwm_moe",66758.6,0
"pwm_moe",66758.6,0
"pwm_moe",66758.6,0
"pwm_moe",66758.6,0
"pwm_moe",66758.6,0
"pwm_moe",66758.6,0
"pwm_moe",66758.6,0
"pwm_moe",66758.6,0
"pwm_moe",66758.7,0
"pwm_moe",66758.7,0
"pwm_moe",66758.7,0
"pwm_moe",66758.7,0
"pwm_moe",66758.7,0
"pwm_moe",66758.7,0
"pwm_moe",66758.7,0
"pwm_moe",66758.7,0
"pwm_moe",66758.7,0
"pwm_moe",66758.8,0
"pwm_moe",66758.8,0
"pwm_moe",66758.8,0
"pwm_moe",66758.8,0
"pwm_moe",66758.8,0
"pwm_moe",66758.8,0
"pwm_moe",66758.8,0
"pwm_moe",66758.8,0
"pwm_moe",66758.8,0
"pwm_moe",66758.8,0
"pwm_moe",66758.9,0
"pwm_moe",66758.9,0
"pwm_moe",66758.9,0
"pwm_moe",66758.9,0
"pwm_moe",66758.9,0
"pwm_moe",66758.9,0
"pwm_moe",66758.9,0
"pwm_moe",66758.9,0
"pwm_moe",66758.9,0
"pwm_moe",66758.9,0
"pwm_moe",66759,0
"pwm_moe",66759,0
"pwm_moe",66759,0
"pwm_moe",66759,0
"pwm_moe",66759,0
"pwm_moe",66759,0
"pwm_moe",66759,0
"pwm_moe",66759,0
"pwm_moe",66759,0
"pwm_moe",66759,0
"pwm_moe",66759.1,0
"pwm_moe",66759.1,0
"pwm_moe",66759.1,0
"pwm_moe",66759.1,0
"pwm_moe",66759.1,0
"pwm_moe",66759.1,0
"pwm_moe",66759.1,0
"pwm_moe",66759.1,0
"pwm_moe",66759.1,0
"pwm_moe",66759.1,0
"pwm_moe",66759.2,0
"pwm_moe",66759.2,0
"pwm_moe",66759.2,0
"pwm_moe",66759.2,0
"pwm_moe",66759.2,0
"pwm_moe",66759.2,0
"pwm_moe",66759.2,0
"pwm_moe",66759.2,0
"pwm_moe",66759.2,0
"pwm_moe",66759.2,0
"pwm_moe",66759.3,0
"pwm_moe",66759.3,0
"pwm_moe",66759.3,0
"pwm_moe",66759.3,0
"pwm_moe",66759.3,0
"pwm_moe",66759.3,0
"pwm_moe",66759.3,0
"pwm_moe",66759.3,0
"pwm_moe",66759.3,0
"pwm_moe",66759.4,0
"pwm_moe",66759.4,0
"pwm_moe",66759.4,0
"pwm_moe",66759.4,0
"pwm_moe",66759.4,0
"pwm_moe",66759.4,0
"pwm_moe",66759.4,0
"pwm_moe",66759.4,0
"pwm_moe",66759.4,0
"pwm_moe",66759.4,0
"pwm_moe",66759.4,0
"pwm_moe",66759.5,0
"pwm_moe",66759.5,0
"pwm_moe",66759.5,0
"pwm_moe",66759.5,0
"pwm_moe",66759.5,0
"pwm_moe",66759.5,0
"pwm_moe",66759.5,0
"pwm_moe",66759.5,0
"pwm_moe",66759.5,0
"pwm_moe",66759.5,0
"pwm_moe",66759.6,0
"pwm_moe",66759.6,0
"pwm_moe",66759.6,0
"pwm_moe",66759.6,0
"pwm_moe",66759.6,0
"pwm_moe",66759.6,0
"pwm_moe",66759.6,0
"pwm_moe",66759.6,0
"pwm_moe",66759.6,0
"pwm_moe",66759.6,0
"pwm_moe",66759.7,0
"pwm_moe",66759.7,0
"pwm_moe",66759.7,0
"pwm_moe",66759.7,0
"pwm_moe",66759.7,0
"pwm_moe",66759.7,0
"pwm_moe",66759.7,0
"pwm_moe",66759.7,0
"pwm_moe",66759.7,0
"pwm_moe",66759.8,0
"pwm_moe",66759.8,0
"pwm_moe",66759.8,0
"pwm_moe",66759.8,0
"pwm_moe",66759.8,0
"pwm_moe",66759.8,0
"pwm_moe",66759.8,0
"pwm_moe",66759.8,0
"pwm_moe",66759.8,0
"pwm_moe",66759.8,0
"pwm_moe",66759.8,0
"pwm_moe",66759.9,0
"pwm_moe",66759.9,0
"pwm_moe",66759.9,0
"pwm_moe",66759.9,0
"pwm_moe",66759.9,0
"pwm_moe",66759.9,0
"pwm_moe",66759.9,0
"pwm_moe",66759.9,0
"pwm_moe",66759.9,0
"pwm_moe",66759.9,0
"pwm_moe",66760,0
"pwm_moe",66760,0
"pwm_moe",66760,0
"pwm_moe",66760,0
"pwm_moe",66760,0
"pwm_moe",66760,0
"pwm_moe",66760,0
"pwm_moe",66760,0
"pwm_moe",66760,0
"pwm_moe",66760,0
"pwm_moe",66760.1,0
"pwm_moe",66760.1,0
"pwm_moe",66760.1,0
"pwm_moe",66760.1,0
"pwm_moe",66760.1,0
"pwm_moe",66760.1,0
"pwm_moe",66760.1,0
"pwm_moe",66760.1,0
"pwm_moe",66760.1,0
"pwm_moe",66760.1,0
"pwm_moe",66760.2,0
"pwm_moe",66760.2,0
"pwm_moe",66760.2,0
"pwm_moe",66760.2,0
"pwm_moe",66760.2,0
"pwm_moe",66760.2,0
"pwm_moe",66760.2,0
"pwm_moe",66760.2,0
"pwm_moe",66760.2,0
"pwm_moe",66760.2,0
"pwm_moe",66760.3,0
"pwm_moe",66760.3,0
"pwm_moe",66760.3,0
"pwm_moe",66760.3,0
"pwm_moe",66760.3,0
"pwm_moe",66760.3,0
"pwm_moe",66760.3,0
"pwm_moe",66760.3,0
"pwm_moe",66760.3,0
"pwm_moe",66760.4,0
"pwm_moe",66760.4,0
"pwm_moe",66760.4,0
"pwm_moe",66760.4,0
"pwm_moe",66760.4,0
"pwm_moe",66760.4,0
"pwm_moe",66760.4,0
"pwm_moe",66760.4,0
"pwm_moe",66760.4,0
"pwm_moe",66760.4,0
"pwm_moe",66760.5,0
"pwm_moe",66760.5,0
"pwm_moe",66760.5,0
"pwm_moe",66760.5,0
"pwm_moe",66760.5,0
"pwm_moe",66760.5,0
"pwm_moe",66760.5,0
"pwm_moe",66760.5,0
"pwm_moe",66760.5,0
"pwm_moe",66760.5,0
"pwm_moe",66760.6,0
"pwm_moe",66760.6,0
"pwm_moe",66760.6,0
"pwm_moe",66760.6,0
"pwm_moe",66760.6,0
"pwm_moe",66760.6,0
"pwm_moe",66760.6,0
"pwm_moe",66760.6,0
"pwm_moe",66760.6,0
"pwm_moe",66760.6,0
"pwm_moe",66760.7,0
"pwm_moe",66760.7,0
"pwm_moe",66760.7,0
"pwm_moe",66760.7,0
"pwm_moe",66760.7,0
"pwm_moe",66760.7,0
"pwm_moe",66760.7,0
"pwm_moe",66760.7,0
"pwm_moe",66760.7,0
"pwm_moe",66760.7,0
"pwm_moe",66760.8,0
"pwm_moe",66760.8,0
"pwm_moe",66760.8,0
"pwm_moe",66760.8,0
"pwm_moe",66760.8,0
"pwm_moe",66760.8,0
"pwm_moe",66760.8,0
"pwm_moe",66760.8,0
"pwm_moe",66760.8,0
"pwm_moe",66760.8,0
"pwm_moe",66760.9,0
"pwm_moe",66760.9,0
"pwm_moe",66760.9,0
"pwm_moe",66760.9,0
"pwm_moe",66760.9,0
"pwm_moe",66760.9,0
"pwm_moe",66760.9,0
"pwm_moe",66760.9,0
"pwm_moe",66760.9,0
"pwm_moe",66760.9,0
"pwm_moe",66761,0
"pwm_moe",66761,0
"pwm_moe",66761,0
"pwm_moe",66761,0
"pwm_moe",66761,0
"pwm_moe",66761,0
"pwm_moe",66761,0
"pwm_moe",66761,0
"pwm_moe",66761,0
"pwm_moe",66761,0
"pwm_moe",66761.1,0
"pwm_moe",66761.1,0
"pwm_moe",66761.1,0
"pwm_moe",66761.1,0
"pwm_moe",66761.1,0
"pwm_moe",66761.1,0
"pwm_moe",66761.1,0
"pwm_moe",66761.1,0
"pwm_moe",66761.1,0
"pwm_moe",66761.1,0
"pwm_moe",66761.2,0
"pwm_moe",66761.2,0
"pwm_moe",66761.2,0
"pwm_moe",66761.2,0
"pwm_moe",66761.2,0
"pwm_moe",66761.2,0
"pwm_moe",66761.2,0
"pwm_moe",66761.2,0
"pwm_moe",66761.2,0
"pwm_moe",66761.2,0
"pwm_moe",66761.2,0
"pwm_moe",66761.3,0
"pwm_moe",66761.3,0
"pwm_moe",66761.3,0
"pwm_moe",66761.3,0
"pwm_moe",66761.3,0
"pwm_moe",66761.3,0
"pwm_moe",66761.3,0
"pwm_moe",66761.3,0
"pwm_moe",66761.3,0
"pwm_moe",66761.4,0
"pwm_moe",66761.4,0
"pwm_moe",66761.4,0
"pwm_moe",66761.4,0
"pwm_moe",66761.4,0
"pwm_moe",66761.4,0
"pwm_moe",66761.4,0
"pwm_moe",66761.4,0
"pwm_moe",66761.4,0
"pwm_moe",66761.4,0
"pwm_moe",66761.5,0
"pwm_moe",66761.5,0
"pwm_moe",66761.5,0
"pwm_moe",66761.5,0
"pwm_moe",66761.5,0
"pwm_moe",66761.5,0
"pwm_moe",66761.5,0
"pwm_moe",66761.5,0
"pwm_moe",66761.5,0
"pwm_moe",66761.5,0
"pwm_moe",66761.6,0
"pwm_moe",66761.6,0
"pwm_moe",66761.6,0
"pwm_moe",66761.6,0
"pwm_moe",66761.6,0
"pwm_moe",66761.6,0
"pwm_moe",66761.6,0
"pwm_moe",66761.6,0
"pwm_moe",66761.6,0
"pwm_moe",66761.6,0
"pwm_moe",66761.7,0
"pwm_moe",66761.7,0
"pwm_moe",66761.7,0
"pwm_moe",66761.7,0
"pwm_moe",66761.7,0
"pwm_moe",66761.7,0
"pwm_moe",66761.7,0
"pwm_moe",66761.7,0
"pwm_moe",66761.7,0
"pwm_moe",66761.8,0
"pwm_moe",66761.8,0
"pwm_moe",66761.8,0
"pwm_moe",66761.8,0
"pwm_moe",66761.8,0
"pwm_moe",66761.8,0
"pwm_moe",66761.8,0
"pwm_moe",66761.8,0
"pwm_moe",66761.8,0
"pwm_moe",66761.8,0
"pwm_moe",66761.9,0
"pwm_moe",66761.9,0
"pwm_moe",66761.9,0
"pwm_moe",66761.9,0
"pwm_moe",66761.9,0
"pwm_moe",66761.9,0
"pwm_moe",66761.9,0
"pwm_moe",66761.9,0
"pwm_moe",66761.9,0
"pwm_moe",66761.9,0
"pwm_moe",66761.9,0
"pwm_moe",66762,0
"pwm_moe",66762,0
"pwm_moe",66762,0
"pwm_moe",66762,0
"pwm_moe",66762,0
"pwm_moe",66762,0
"pwm_moe",66762,0
"pwm_moe",66762,0
"pwm_moe",66762,0
"pwm_moe",66762,0
"pwm_moe",66762.1,0
"pwm_moe",66762.1,0
"pwm_moe",66762.1,0
"pwm_moe",66762.1,0
"pwm_moe",66762.1,0
"pwm_moe",66762.1,0
"pwm_moe",66762.1,0
"pwm_moe",66762.1,0
"pwm_moe",66762.1,0
"pwm_moe",66762.1,0
"pwm_moe",66762.2,0
"pwm_moe",66762.2,0
"pwm_moe",66762.2,0
"pwm_moe",66762.2,0
"pwm_moe",66762.2,0
"pwm_moe",66762.2,0
"pwm_moe",66762.2,0
"pwm_moe",66762.2,0
"pwm_moe",66762.2,0
"pwm_moe",66762.2,0
"pwm_moe",66762.3,0
"pwm_moe",66762.3,0
"pwm_moe",66762.3,0
"pwm_moe",66762.3,0
"pwm_moe",66762.3,0
"pwm_moe",66762.3,0
"pwm_moe",66762.3,0
"pwm_moe",66762.3,0
"pwm_moe",66762.3,0
"pwm_moe",66762.3,0
"pwm_moe",66762.4,0
"pwm_moe",66762.4,0
"pwm_moe",66762.4,0
"pwm_moe",66762.4,0
"pwm_moe",66762.4,0
"pwm_moe",66762.4,0
"pwm_moe",66762.4,0
"pwm_moe",66762.4,0
"pwm_moe",66762.4,0
"pwm_moe",66762.4,0
"pwm_moe",66762.5,0
"pwm_moe",66762.5,0
"pwm_moe",66762.5,0
"pwm_moe",66762.5,0
"pwm_moe",66762.5,0
"pwm_moe",66762.5,0
"pwm_moe",66762.5,0
"pwm_moe",66762.5,0
"pwm_moe",66762.5,0
"pwm_moe",66762.5,0
"pwm_moe",66762.6,0
"pwm_moe",66762.6,0
"pwm_moe",66762.6,0
"pwm_moe",66762.6,0
"pwm_moe",66762.6,0
"pwm_moe",66762.6,0
"pwm_moe",66762.6,0
"pwm_moe",66762.6,0
"pwm_moe",66762.6,0
"pwm_moe",66762.6,0
"pwm_moe",66762.7,0
"pwm_moe",66762.7,0
"pwm_moe",66762.7,0
"pwm_moe",66762.7,0
"pwm_moe",66762.7,0
"pwm_moe",66762.7,0
"pwm_moe",66762.7,0
"pwm_moe",66762.7,0
"pwm_moe",66762.7,0
"pwm_moe",66762.7,0
"pwm_moe",66762.8,0
"pwm_moe",66762.8,0
"pwm_moe",66762.8,0
"pwm_moe",66762.8,0
"pwm_moe",66762.8,0
"pwm_moe",66762.8,0
"pwm_moe",66762.8,0
"pwm_moe",66762.8,0
"pwm_moe",66762.8,0
"pwm_moe",66762.8,0
"pwm_moe",66762.9,0
"pwm_moe",66762.9,0
"pwm_moe",66762.9,0
"pwm_moe",66762.9,0
"pwm_moe",66762.9,0
"pwm_moe",66762.9,0
"pwm_moe",66762.9,0
"pwm_moe",66762.9,0
"pwm_moe",66762.9,0
"pwm_moe",66762.9,0
"pwm_moe",66763,0
"pwm_moe",66763,0
"pwm_moe",66763,0
"pwm_moe",66763,0
"pwm_moe",66763,0
"pwm_moe",66763,0
"pwm_moe",66763,0
"pwm_moe",66763,0
"pwm_moe",66763,0
"pwm_moe",66763,0
"pwm_moe",66763.1,0
"pwm_moe",66763.1,0
"pwm_moe",66763.1,0
"pwm_moe",66763.1,0
"pwm_moe",66763.1,0
"pwm_moe",66763.1,0
"pwm_moe",66763.1,0
"pwm_moe",66763.1,0
"pwm_moe",66763.1,0
"pwm_moe",66763.1,0
"pwm_moe",66763.1,0
"pwm_moe",66763.2,0
"pwm_moe",66763.2,0
"pwm_moe",66763.2,0
"pwm_moe",66763.2,0
"pwm_moe",66763.2,0
"pwm_moe",66763.2,0
"pwm_moe",66763.2,0
"pwm_moe",66763.2,0
"pwm_moe",66763.2,0
"pwm_moe",66763.2,0
"control_outputs_enabled",66733.4,1
"control_outputs_enabled",66733.4,1
"control_outputs_enabled",66733.4,1
"control_outputs_enabled",66733.4,1
"control_outputs_enabled",66733.4,1
"control_outputs_enabled",66733.4,1
"control_outputs_enabled",66733.4,1
"control_outputs_enabled",66733.4,1
"control_outputs_enabled",66733.4,1
"control_outputs_enabled",66733.4,1
"control_outputs_enabled",66733.5,1
"control_outputs_enabled",66733.5,1
"control_outputs_enabled",66733.5,1
"control_outputs_enabled",66733.5,1
"control_outputs_enabled",66733.5,1
"control_outputs_enabled",66733.5,1
"control_outputs_enabled",66733.5,1
"control_outputs_enabled",66733.5,1
"control_outputs_enabled",66733.5,1
"control_outputs_enabled",66733.5,1
"control_outputs_enabled",66733.6,1
"control_outputs_enabled",66733.6,1
"control_outputs_enabled",66733.6,1
"control_outputs_enabled",66733.6,1
"control_outputs_enabled",66733.6,1
"control_outputs_enabled",66733.6,1
"control_outputs_enabled",66733.6,1
"control_outputs_enabled",66733.6,1
"control_outputs_enabled",66733.6,1
"control_outputs_enabled",66733.6,1
"control_outputs_enabled",66733.7,1
"control_outputs_enabled",66733.7,1
"control_outputs_enabled",66733.7,1
"control_outputs_enabled",66733.7,1
"control_outputs_enabled",66733.7,1
"control_outputs_enabled",66733.7,1
"control_outputs_enabled",66733.7,1
"control_outputs_enabled",66733.7,1
"control_outputs_enabled",66733.7,1
"control_outputs_enabled",66733.7,1
"control_outputs_enabled",66733.8,1
"control_outputs_enabled",66733.8,1
"control_outputs_enabled",66733.8,1
"control_outputs_enabled",66733.8,1
"control_outputs_enabled",66733.8,1
"control_outputs_enabled",66733.8,1
"control_outputs_enabled",66733.8,1
"control_outputs_enabled",66733.8,1
"control_outputs_enabled",66733.8,1
"control_outputs_enabled",66733.8,1
"control_outputs_enabled",66733.9,1
"control_outputs_enabled",66733.9,1
"control_outputs_enabled",66733.9,1
"control_outputs_enabled",66733.9,1
"control_outputs_enabled",66733.9,1
"control_outputs_enabled",66733.9,1
"control_outputs_enabled",66733.9,1
"control_outputs_enabled",66733.9,1
"control_outputs_enabled",66733.9,1
"control_outputs_enabled",66733.9,1
"control_outputs_enabled",66734,1
"control_outputs_enabled",66734,1
"control_outputs_enabled",66734,1
"control_outputs_enabled",66734,1
"control_outputs_enabled",66734,1
"control_outputs_enabled",66734,1
"control_outputs_enabled",66734,1
"control_outputs_enabled",66734,1
"control_outputs_enabled",66734,1
"control_outputs_enabled",66734,1
"control_outputs_enabled",66734.1,1
"control_outputs_enabled",66734.1,1
"control_outputs_enabled",66734.1,1
"control_outputs_enabled",66734.1,1
"control_outputs_enabled",66734.1,1
"control_outputs_enabled",66734.1,1
"control_outputs_enabled",66734.1,1
"control_outputs_enabled",66734.1,1
"control_outputs_enabled",66734.1,1
"control_outputs_enabled",66734.1,1
"control_outputs_enabled",66734.2,1
"control_outputs_enabled",66734.2,1
"control_outputs_enabled",66734.2,1
"control_outputs_enabled",66734.2,1
"control_outputs_enabled",66734.2,1
"control_outputs_enabled",66734.2,1
"control_outputs_enabled",66734.2,1
"control_outputs_enabled",66734.2,1
"control_outputs_enabled",66734.2,1
"control_outputs_enabled",66734.2,1
"control_outputs_enabled",66734.2,1
"control_outputs_enabled",66734.3,1
"control_outputs_enabled",66734.3,1
"control_outputs_enabled",66734.3,1
"control_outputs_enabled",66734.3,1
"control_outputs_enabled",66734.3,1
"control_outputs_enabled",66734.3,1
"control_outputs_enabled",66734.3,1
"control_outputs_enabled",66734.3,1
"control_outputs_enabled",66734.3,1
"control_outputs_enabled",66734.4,1
"control_outputs_enabled",66734.4,1
"control_outputs_enabled",66734.4,1
"control_outputs_enabled",66734.4,1
"control_outputs_enabled",66734.4,1
"control_outputs_enabled",66734.4,1
"control_outputs_enabled",66734.4,1
"control_outputs_enabled",66734.4,1
"control_outputs_enabled",66734.4,1
"control_outputs_enabled",66734.4,1
"control_outputs_enabled",66734.5,1
"control_outputs_enabled",66734.5,1
"control_outputs_enabled",66734.5,1
"control_outputs_enabled",66734.5,1
"control_outputs_enabled",66734.5,1
"control_outputs_enabled",66734.5,1
"control_outputs_enabled",66734.5,1
"control_outputs_enabled",66734.5,1
"control_outputs_enabled",66734.5,1
"control_outputs_enabled",66734.5,1
"control_outputs_enabled",66734.6,1
"control_outputs_enabled",66734.6,1
"control_outputs_enabled",66734.6,1
"control_outputs_enabled",66734.6,1
"control_outputs_enabled",66734.6,1
"control_outputs_enabled",66734.6,1
"control_outputs_enabled",66734.6,1
"control_outputs_enabled",66734.6,1
"control_outputs_enabled",66734.6,1
"control_outputs_enabled",66734.7,1
"control_outputs_enabled",66734.7,1
"control_outputs_enabled",66734.7,1
"control_outputs_enabled",66734.7,1
"control_outputs_enabled",66734.7,1
"control_outputs_enabled",66734.7,1
"control_outputs_enabled",66734.7,1
"control_outputs_enabled",66734.8,1
"control_outputs_enabled",66734.8,1
"control_outputs_enabled",66734.8,1
"control_outputs_enabled",66734.8,1
"control_outputs_enabled",66734.8,1
"control_outputs_enabled",66734.8,1
"control_outputs_enabled",66734.9,1
"control_outputs_enabled",66734.9,1
"control_outputs_enabled",66734.9,1
"control_outputs_enabled",66734.9,1
"control_outputs_enabled",66734.9,1
"control_outputs_enabled",66734.9,1
"control_outputs_enabled",66734.9,1
"control_outputs_enabled",66734.9,1
"control_outputs_enabled",66735,1
"control_outputs_enabled",66735,1
"control_outputs_enabled",66735,1
"control_outputs_enabled",66735,1
"control_outputs_enabled",66735,1
"control_outputs_enabled",66735,1
"control_outputs_enabled",66735.1,1
"control_outputs_enabled",66735.1,1
"control_outputs_enabled",66735.1,1
"control_outputs_enabled",66735.1,1
"control_outputs_enabled",66735.1,1
"control_outputs_enabled",66735.1,1
"control_outputs_enabled",66735.1,1
"control_outputs_enabled",66735.2,1
"control_outputs_enabled",66735.2,1
"control_outputs_enabled",66735.2,1
"control_outputs_enabled",66735.2,1
"control_outputs_enabled",66735.2,1
"control_outputs_enabled",66735.2,1
"control_outputs_enabled",66735.2,1
"control_outputs_enabled",66735.2,1
"control_outputs_enabled",66735.2,1
"control_outputs_enabled",66735.3,1
"control_outputs_enabled",66735.3,1
"control_outputs_enabled",66735.3,1
"control_outputs_enabled",66735.3,1
"control_outputs_enabled",66735.3,1
"control_outputs_enabled",66735.3,1
"control_outputs_enabled",66735.3,1
"control_outputs_enabled",66735.3,1
"control_outputs_enabled",66735.3,1
"control_outputs_enabled",66735.3,1
"control_outputs_enabled",66735.3,1
"control_outputs_enabled",66735.4,1
"control_outputs_enabled",66735.4,1
"control_outputs_enabled",66735.4,1
"control_outputs_enabled",66735.4,1
"control_outputs_enabled",66735.4,1
"control_outputs_enabled",66735.4,1
"control_outputs_enabled",66735.4,1
"control_outputs_enabled",66735.4,1
"control_outputs_enabled",66735.4,1
"control_outputs_enabled",66735.4,1
"control_outputs_enabled",66735.4,1
"control_outputs_enabled",66735.5,1
"control_outputs_enabled",66735.5,1
"control_outputs_enabled",66735.5,1
"control_outputs_enabled",66735.5,1
"control_outputs_enabled",66735.5,1
"control_outputs_enabled",66735.5,1
"control_outputs_enabled",66735.5,1
"control_outputs_enabled",66735.5,1
"control_outputs_enabled",66735.5,1
"control_outputs_enabled",66735.5,1
"control_outputs_enabled",66735.5,1
"control_outputs_enabled",66735.5,1
"control_outputs_enabled",66735.6,1
"control_outputs_enabled",66735.6,1
"control_outputs_enabled",66735.6,1
"control_outputs_enabled",66735.6,1
"control_outputs_enabled",66735.6,1
"control_outputs_enabled",66735.6,1
"control_outputs_enabled",66735.6,1
"control_outputs_enabled",66735.6,1
"control_outputs_enabled",66735.6,1
"control_outputs_enabled",66735.6,1
"control_outputs_enabled",66735.6,1
"control_outputs_enabled",66735.6,1
"control_outputs_enabled",66735.7,1
"control_outputs_enabled",66735.7,1
"control_outputs_enabled",66735.7,1
"control_outputs_enabled",66735.7,1
"control_outputs_enabled",66735.7,1
"control_outputs_enabled",66735.7,1
"control_outputs_enabled",66735.7,1
"control_outputs_enabled",66735.7,1
"control_outputs_enabled",66735.7,1
"control_outputs_enabled",66735.7,1
"control_outputs_enabled",66735.8,1
"control_outputs_enabled",66735.8,1
"control_outputs_enabled",66735.8,1
"control_outputs_enabled",66735.8,1
"control_outputs_enabled",66735.8,1
"control_outputs_enabled",66735.8,1
"control_outputs_enabled",66735.8,1
"control_outputs_enabled",66735.8,1
"control_outputs_enabled",66735.8,1
"control_outputs_enabled",66735.8,1
"control_outputs_enabled",66735.8,1
"control_outputs_enabled",66735.9,1
"control_outputs_enabled",66735.9,1
"control_outputs_enabled",66735.9,1
"control_outputs_enabled",66735.9,1
"control_outputs_enabled",66735.9,1
"control_outputs_enabled",66735.9,1
"control_outputs_enabled",66735.9,1
"control_outputs_enabled",66735.9,1
"control_outputs_enabled",66735.9,1
"control_outputs_enabled",66735.9,1
"control_outputs_enabled",66735.9,1
"control_outputs_enabled",66736,1
"control_outputs_enabled",66736,1
"control_outputs_enabled",66736,1
"control_outputs_enabled",66736,1
"control_outputs_enabled",66736,1
"control_outputs_enabled",66736,1
"control_outputs_enabled",66736,1
"control_outputs_enabled",66736,1
"control_outputs_enabled",66736,1
"control_outputs_enabled",66736,1
"control_outputs_enabled",66736,1
"control_outputs_enabled",66736.1,1
"control_outputs_enabled",66736.1,1
"control_outputs_enabled",66736.1,1
"control_outputs_enabled",66736.1,1
"control_outputs_enabled",66736.1,1
"control_outputs_enabled",66736.1,1
"control_outputs_enabled",66736.1,1
"control_outputs_enabled",66736.1,1
"control_outputs_enabled",66736.1,1
"control_outputs_enabled",66736.1,1
"control_outputs_enabled",66736.2,1
"control_outputs_enabled",66736.2,1
"control_outputs_enabled",66736.2,1
"control_outputs_enabled",66736.2,1
"control_outputs_enabled",66736.2,1
"control_outputs_enabled",66736.2,1
"control_outputs_enabled",66736.2,1
"control_outputs_enabled",66736.2,1
"control_outputs_enabled",66736.2,1
"control_outputs_enabled",66736.2,1
"control_outputs_enabled",66736.3,1
"control_outputs_enabled",66736.3,1
"control_outputs_enabled",66736.3,1
"control_outputs_enabled",66736.3,1
"control_outputs_enabled",66736.3,1
"control_outputs_enabled",66736.3,1
"control_outputs_enabled",66736.3,1
"control_outputs_enabled",66736.3,1
"control_outputs_enabled",66736.3,1
"control_outputs_enabled",66736.4,1
"control_outputs_enabled",66736.4,1
"control_outputs_enabled",66736.4,1
"control_outputs_enabled",66736.4,1
"control_outputs_enabled",66736.4,1
"control_outputs_enabled",66736.4,1
"control_outputs_enabled",66736.4,1
"control_outputs_enabled",66736.4,1
"control_outputs_enabled",66736.4,1
"control_outputs_enabled",66736.4,1
"control_outputs_enabled",66736.5,1
"control_outputs_enabled",66736.5,1
"control_outputs_enabled",66736.5,1
"control_outputs_enabled",66736.5,1
"control_outputs_enabled",66736.5,1
"control_outputs_enabled",66736.5,1
"control_outputs_enabled",66736.5,1
"control_outputs_enabled",66736.5,1
"control_outputs_enabled",66736.5,1
"control_outputs_enabled",66736.5,1
"control_outputs_enabled",66736.6,1
"control_outputs_enabled",66736.6,1
"control_outputs_enabled",66736.6,1
"control_outputs_enabled",66736.6,1
"control_outputs_enabled",66736.6,1
"control_outputs_enabled",66736.6,1
"control_outputs_enabled",66736.6,1
"control_outputs_enabled",66736.6,1
"control_outputs_enabled",66736.6,1
"control_outputs_enabled",66736.6,1
"control_outputs_enabled",66736.7,1
"control_outputs_enabled",66736.7,1
"control_outputs_enabled",66736.7,1
"control_outputs_enabled",66736.7,1
"control_outputs_enabled",66736.7,1
"control_outputs_enabled",66736.7,1
"control_outputs_enabled",66736.7,1
"control_outputs_enabled",66736.7,1
"control_outputs_enabled",66736.7,1
"control_outputs_enabled",66736.7,1
"control_outputs_enabled",66736.8,1
"control_outputs_enabled",66736.8,1
"control_outputs_enabled",66736.8,1
"control_outputs_enabled",66736.8,1
"control_outputs_enabled",66736.8,1
"control_outputs_enabled",66736.8,1
"control_outputs_enabled",66736.8,1
"control_outputs_enabled",66736.8,1
"control_outputs_enabled",66736.8,1
"control_outputs_enabled",66736.8,1
"control_outputs_enabled",66736.9,1
"control_outputs_enabled",66736.9,1
"control_outputs_enabled",66736.9,1
"control_outputs_enabled",66736.9,1
"control_outputs_enabled",66736.9,1
"control_outputs_enabled",66736.9,0
"control_outputs_enabled",66736.9,0
"control_outputs_enabled",66736.9,0
"control_outputs_enabled",66736.9,0
"control_outputs_enabled",66736.9,0
"control_outputs_enabled",66737,0
"control_outputs_enabled",66737,0
"control_outputs_enabled",66737,0
"control_outputs_enabled",66737,0
"control_outputs_enabled",66737,0
"control_outputs_enabled",66737,0
"control_outputs_enabled",66737,0
"control_outputs_enabled",66737,0
"control_outputs_enabled",66737,0
"control_outputs_enabled",66737,0
"control_outputs_enabled",66737.1,0
"control_outputs_enabled",66737.1,0
"control_outputs_enabled",66737.1,0
"control_outputs_enabled",66737.1,0
"control_outputs_enabled",66737.1,0
"control_outputs_enabled",66737.1,0
"control_outputs_enabled",66737.1,0
"control_outputs_enabled",66737.1,0
"control_outputs_enabled",66737.1,0
"control_outputs_enabled",66737.1,0
"control_outputs_enabled",66737.1,0
"control_outputs_enabled",66737.2,0
"control_outputs_enabled",66737.2,0
"control_outputs_enabled",66737.2,0
"control_outputs_enabled",66737.2,0
"control_outputs_enabled",66737.2,0
"control_outputs_enabled",66737.2,0
"control_outputs_enabled",66737.2,0
"control_outputs_enabled",66737.2,0
"control_outputs_enabled",66737.2,0
"control_outputs_enabled",66737.2,0
"control_outputs_enabled",66737.3,0
"control_outputs_enabled",66737.3,0
"control_outputs_enabled",66737.3,0
"control_outputs_enabled",66737.3,0
"control_outputs_enabled",66737.3,0
"control_outputs_enabled",66737.3,0
"control_outputs_enabled",66737.3,0
"control_outputs_enabled",66737.3,0
"control_outputs_enabled",66737.3,0
"control_outputs_enabled",66737.4,0
"control_outputs_enabled",66737.4,0
"control_outputs_enabled",66737.4,0
"control_outputs_enabled",66737.4,0
"control_outputs_enabled",66737.4,0
"control_outputs_enabled",66737.4,0
"control_outputs_enabled",66737.4,0
"control_outputs_enabled",66737.4,0
"control_outputs_enabled",66737.4,0
"control_outputs_enabled",66737.4,0
"control_outputs_enabled",66737.5,0
"control_outputs_enabled",66737.5,0
"control_outputs_enabled",66737.5,0
"control_outputs_enabled",66737.5,0
"control_outputs_enabled",66737.5,0
"control_outputs_enabled",66737.5,0
"control_outputs_enabled",66737.5,0
"control_outputs_enabled",66737.5,0
"control_outputs_enabled",66737.5,0
"control_outputs_enabled",66737.5,0
"control_outputs_enabled",66737.5,0
"control_outputs_enabled",66737.6,0
"control_outputs_enabled",66737.6,0
"control_outputs_enabled",66737.6,0
"control_outputs_enabled",66737.6,0
"control_outputs_enabled",66737.6,0
"control_outputs_enabled",66737.6,0
"control_outputs_enabled",66737.6,0
"control_outputs_enabled",66737.6,0
"control_outputs_enabled",66737.6,0
"control_outputs_enabled",66737.6,0
"control_outputs_enabled",66737.7,0
"control_outputs_enabled",66737.7,0
"control_outputs_enabled",66737.7,0
"control_outputs_enabled",66737.7,0
"control_outputs_enabled",66737.7,0
"control_outputs_enabled",66737.7,0
"control_outputs_enabled",66737.7,0
"control_outputs_enabled",66737.7,0
"control_outputs_enabled",66737.7,0
"control_outputs_enabled",66737.8,0
"control_outputs_enabled",66737.8,0
"control_outputs_enabled",66737.8,0
"control_outputs_enabled",66737.8,0
"control_outputs_enabled",66737.8,0
"control_outputs_enabled",66737.8,0
"control_outputs_enabled",66737.8,0
"control_outputs_enabled",66737.8,0
"control_outputs_enabled",66737.8,0
"control_outputs_enabled",66737.8,0
"control_outputs_enabled",66737.9,0
"control_outputs_enabled",66737.9,0
"control_outputs_enabled",66737.9,0
"control_outputs_enabled",66737.9,0
"control_outputs_enabled",66737.9,0
"control_outputs_enabled",66737.9,0
"control_outputs_enabled",66737.9,0
"control_outputs_enabled",66737.9,0
"control_outputs_enabled",66737.9,0
"control_outputs_enabled",66737.9,0
"control_outputs_enabled",66738,0
"control_outputs_enabled",66738,0
"control_outputs_enabled",66738,0
"control_outputs_enabled",66738,0
"control_outputs_enabled",66738,0
"control_outputs_enabled",66738,0
"control_outputs_enabled",66738,0
"control_outputs_enabled",66738,0
"control_outputs_enabled",66738,0
"control_outputs_enabled",66738,0
"control_outputs_enabled",66738.1,0
"control_outputs_enabled",66738.1,0
"control_outputs_enabled",66738.1,0
"control_outputs_enabled",66738.1,0
"control_outputs_enabled",66738.1,0
"control_outputs_enabled",66738.1,0
"control_outputs_enabled",66738.1,0
"control_outputs_enabled",66738.1,0
"control_outputs_enabled",66738.1,0
"control_outputs_enabled",66738.1,0
"control_outputs_enabled",66738.2,0
"control_outputs_enabled",66738.2,0
"control_outputs_enabled",66738.2,0
"control_outputs_enabled",66738.2,0
"control_outputs_enabled",66738.2,0
"control_outputs_enabled",66738.2,0
"control_outputs_enabled",66738.2,0
"control_outputs_enabled",66738.2,0
"control_outputs_enabled",66738.2,0
"control_outputs_enabled",66738.2,0
"control_outputs_enabled",66738.3,0
"control_outputs_enabled",66738.3,0
"control_outputs_enabled",66738.3,0
"control_outputs_enabled",66738.3,0
"control_outputs_enabled",66738.3,0
"control_outputs_enabled",66738.3,0
"control_outputs_enabled",66738.3,0
"control_outputs_enabled",66738.3,0
"control_outputs_enabled",66738.3,0
"control_outputs_enabled",66738.3,0
"control_outputs_enabled",66738.4,0
"control_outputs_enabled",66738.4,0
"control_outputs_enabled",66738.4,0
"control_outputs_enabled",66738.4,0
"control_outputs_enabled",66738.4,0
"control_outputs_enabled",66738.4,0
"control_outputs_enabled",66738.4,0
"control_outputs_enabled",66738.4,0
"control_outputs_enabled",66738.4,0
"control_outputs_enabled",66738.4,0
"control_outputs_enabled",66738.5,0
"control_outputs_enabled",66738.5,0
"control_outputs_enabled",66738.5,0
"control_outputs_enabled",66738.5,0
"control_outputs_enabled",66738.5,0
"control_outputs_enabled",66738.5,0
"control_outputs_enabled",66738.5,0
"control_outputs_enabled",66738.5,0
"control_outputs_enabled",66738.5,0
"control_outputs_enabled",66738.5,0
"control_outputs_enabled",66738.6,0
"control_outputs_enabled",66738.6,0
"control_outputs_enabled",66738.6,0
"control_outputs_enabled",66738.6,0
"control_outputs_enabled",66738.6,0
"control_outputs_enabled",66738.6,0
"control_outputs_enabled",66738.6,0
"control_outputs_enabled",66738.6,0
"control_outputs_enabled",66738.6,0
"control_outputs_enabled",66738.6,0
"control_outputs_enabled",66738.7,0
"control_outputs_enabled",66738.7,0
"control_outputs_enabled",66738.7,0
"control_outputs_enabled",66738.7,0
"control_outputs_enabled",66738.7,0
"control_outputs_enabled",66738.7,0
"control_outputs_enabled",66738.7,0
"control_outputs_enabled",66738.7,0
"control_outputs_enabled",66738.7,0
"control_outputs_enabled",66738.7,0
"control_outputs_enabled",66738.8,0
"control_outputs_enabled",66738.8,0
"control_outputs_enabled",66738.8,0
"control_outputs_enabled",66738.8,0
"control_outputs_enabled",66738.8,0
"control_outputs_enabled",66738.8,0
"control_outputs_enabled",66738.8,0
"control_outputs_enabled",66738.8,0
"control_outputs_enabled",66738.8,0
"control_outputs_enabled",66738.8,0
"control_outputs_enabled",66738.9,0
"control_outputs_enabled",66738.9,0
"control_outputs_enabled",66738.9,0
"control_outputs_enabled",66738.9,0
"control_outputs_enabled",66738.9,0
"control_outputs_enabled",66738.9,0
"control_outputs_enabled",66738.9,0
"control_outputs_enabled",66738.9,0
"control_outputs_enabled",66738.9,0
"control_outputs_enabled",66739,0
"control_outputs_enabled",66739,0
"control_outputs_enabled",66739,0
"control_outputs_enabled",66739,0
"control_outputs_enabled",66739,0
"control_outputs_enabled",66739,0
"control_outputs_enabled",66739,0
"control_outputs_enabled",66739,0
"control_outputs_enabled",66739,0
"control_outputs_enabled",66739,0
"control_outputs_enabled",66739.1,0
"control_outputs_enabled",66739.1,0
"control_outputs_enabled",66739.1,0
"control_outputs_enabled",66739.1,0
"control_outputs_enabled",66739.1,0
"control_outputs_enabled",66739.1,0
"control_outputs_enabled",66739.1,0
"control_outputs_enabled",66739.1,0
"control_outputs_enabled",66739.1,0
"control_outputs_enabled",66739.1,0
"control_outputs_enabled",66739.1,0
"control_outputs_enabled",66739.2,0
"control_outputs_enabled",66739.2,0
"control_outputs_enabled",66739.2,0
"control_outputs_enabled",66739.2,0
"control_outputs_enabled",66739.2,0
"control_outputs_enabled",66739.2,0
"control_outputs_enabled",66739.2,0
"control_outputs_enabled",66739.2,0
"control_outputs_enabled",66739.2,0
"control_outputs_enabled",66739.2,0
"control_outputs_enabled",66739.3,0
"control_outputs_enabled",66739.3,0
"control_outputs_enabled",66739.3,0
"control_outputs_enabled",66739.3,0
"control_outputs_enabled",66739.3,0
"control_outputs_enabled",66739.3,0
"control_outputs_enabled",66739.3,0
"control_outputs_enabled",66739.3,0
"control_outputs_enabled",66739.3,0
"control_outputs_enabled",66739.4,0
"control_outputs_enabled",66739.4,0
"control_outputs_enabled",66739.4,0
"control_outputs_enabled",66739.4,0
"control_outputs_enabled",66739.4,0
"control_outputs_enabled",66739.4,0
"control_outputs_enabled",66739.4,0
"control_outputs_enabled",66739.4,0
"control_outputs_enabled",66739.4,0
"control_outputs_enabled",66739.4,0
"control_outputs_enabled",66739.5,0
"control_outputs_enabled",66739.5,0
"control_outputs_enabled",66739.5,0
"control_outputs_enabled",66739.5,0
"control_outputs_enabled",66739.5,0
"control_outputs_enabled",66739.5,0
"control_outputs_enabled",66739.5,0
"control_outputs_enabled",66739.5,0
"control_outputs_enabled",66739.5,0
"control_outputs_enabled",66739.5,0
"control_outputs_enabled",66739.6,0
"control_outputs_enabled",66739.6,0
"control_outputs_enabled",66739.6,0
"control_outputs_enabled",66739.6,0
"control_outputs_enabled",66739.6,0
"control_outputs_enabled",66739.6,0
"control_outputs_enabled",66739.6,0
"control_outputs_enabled",66739.6,0
"control_outputs_enabled",66739.6,0
"control_outputs_enabled",66739.6,0
"control_outputs_enabled",66739.6,0
"control_outputs_enabled",66739.7,0
"control_outputs_enabled",66739.7,0
"control_outputs_enabled",66739.7,0
"control_outputs_enabled",66739.7,0
"control_outputs_enabled",66739.7,0
"control_outputs_enabled",66739.7,0
"control_outputs_enabled",66739.7,0
"control_outputs_enabled",66739.7,0
"control_outputs_enabled",66739.7,0
"control_outputs_enabled",66739.8,0
"control_outputs_enabled",66739.8,0
"control_outputs_enabled",66739.8,0
"control_outputs_enabled",66739.8,0
"control_outputs_enabled",66739.8,0
"control_outputs_enabled",66739.8,0
"control_outputs_enabled",66739.8,0
"control_outputs_enabled",66739.8,0
"control_outputs_enabled",66739.8,0
"control_outputs_enabled",66739.8,0
"control_outputs_enabled",66739.9,0
"control_outputs_enabled",66739.9,0
"control_outputs_enabled",66739.9,0
"control_outputs_enabled",66739.9,0
"control_outputs_enabled",66739.9,0
"control_outputs_enabled",66739.9,0
"control_outputs_enabled",66739.9,0
"control_outputs_enabled",66739.9,0
"control_outputs_enabled",66739.9,0
"control_outputs_enabled",66739.9,0
"control_outputs_enabled",66740,0
"control_outputs_enabled",66740,0
"control_outputs_enabled",66740,0
"control_outputs_enabled",66740,0
"control_outputs_enabled",66740,0
"control_outputs_enabled",66740,0
"control_outputs_enabled",66740,0
"control_outputs_enabled",66740,0
"control_outputs_enabled",66740,0
"control_outputs_enabled",66740,0
"control_outputs_enabled",66740.1,0
"control_outputs_enabled",66740.1,0
"control_outputs_enabled",66740.1,0
"control_outputs_enabled",66740.1,0
"control_outputs_enabled",66740.1,0
"control_outputs_enabled",66740.1,0
"control_outputs_enabled",66740.1,0
"control_outputs_enabled",66740.1,0
"control_outputs_enabled",66740.1,0
"control_outputs_enabled",66740.1,0
"control_outputs_enabled",66740.1,0
"control_outputs_enabled",66740.2,0
"control_outputs_enabled",66740.2,0
"control_outputs_enabled",66740.2,0
"control_outputs_enabled",66740.2,0
"control_outputs_enabled",66740.2,0
"control_outputs_enabled",66740.2,0
"control_outputs_enabled",66740.2,0
"control_outputs_enabled",66740.2,0
"control_outputs_enabled",66740.2,0
"control_outputs_enabled",66740.2,0
"control_outputs_enabled",66740.3,0
"control_outputs_enabled",66740.3,0
"control_outputs_enabled",66740.3,0
"control_outputs_enabled",66740.3,0
"control_outputs_enabled",66740.3,0
"control_outputs_enabled",66740.3,0
"control_outputs_enabled",66740.3,0
"control_outputs_enabled",66740.3,0
"control_outputs_enabled",66740.3,0
"control_outputs_enabled",66740.4,0
"control_outputs_enabled",66740.4,0
"control_outputs_enabled",66740.4,0
"control_outputs_enabled",66740.4,0
"control_outputs_enabled",66740.4,0
"control_outputs_enabled",66740.4,0
"control_outputs_enabled",66740.4,0
"control_outputs_enabled",66740.4,0
"control_outputs_enabled",66740.4,0
"control_outputs_enabled",66740.4,0
"control_outputs_enabled",66740.5,0
"control_outputs_enabled",66740.5,0
"control_outputs_enabled",66740.5,0
"control_outputs_enabled",66740.5,0
"control_outputs_enabled",66740.5,0
"control_outputs_enabled",66740.5,0
"control_outputs_enabled",66740.5,0
"control_outputs_enabled",66740.5,0
"control_outputs_enabled",66740.5,0
"control_outputs_enabled",66740.5,0
"control_outputs_enabled",66740.6,0
"control_outputs_enabled",66740.6,0
"control_outputs_enabled",66740.6,0
"control_outputs_enabled",66740.6,0
"control_outputs_enabled",66740.6,0
"control_outputs_enabled",66740.6,0
"control_outputs_enabled",66740.6,0
"control_outputs_enabled",66740.6,0
"control_outputs_enabled",66740.6,0
"control_outputs_enabled",66740.6,0
"control_outputs_enabled",66740.7,0
"control_outputs_enabled",66740.7,0
"control_outputs_enabled",66740.7,0
"control_outputs_enabled",66740.7,0
"control_outputs_enabled",66740.7,0
"control_outputs_enabled",66740.7,0
"control_outputs_enabled",66740.7,0
"control_outputs_enabled",66740.7,0
"control_outputs_enabled",66740.7,0
"control_outputs_enabled",66740.8,0
"control_outputs_enabled",66740.8,0
"control_outputs_enabled",66740.8,0
"control_outputs_enabled",66740.8,0
"control_outputs_enabled",66740.8,0
"control_outputs_enabled",66740.8,0
"control_outputs_enabled",66740.8,0
"control_outputs_enabled",66740.8,0
"control_outputs_enabled",66740.8,0
"control_outputs_enabled",66740.8,0
"control_outputs_enabled",66740.8,0
"control_outputs_enabled",66740.9,0
"control_outputs_enabled",66740.9,0
"control_outputs_enabled",66740.9,0
"control_outputs_enabled",66740.9,0
"control_outputs_enabled",66740.9,0
"control_outputs_enabled",66740.9,0
"control_outputs_enabled",66740.9,0
"control_outputs_enabled",66740.9,0
"control_outputs_enabled",66740.9,0
"control_outputs_enabled",66740.9,0
"control_outputs_enabled",66741,0
"control_outputs_enabled",66741,0
"control_outputs_enabled",66741,0
"control_outputs_enabled",66741,0
"control_outputs_enabled",66741,0
"control_outputs_enabled",66741,0
"control_outputs_enabled",66741,0
"control_outputs_enabled",66741,0
"control_outputs_enabled",66741,0
"control_outputs_enabled",66741,0
"control_outputs_enabled",66741.1,0
"control_outputs_enabled",66741.1,0
"control_outputs_enabled",66741.1,0
"control_outputs_enabled",66741.1,0
"control_outputs_enabled",66741.1,0
"control_outputs_enabled",66741.1,0
"control_outputs_enabled",66741.1,0
"control_outputs_enabled",66741.1,0
"control_outputs_enabled",66741.1,0
"control_outputs_enabled",66741.1,0
"control_outputs_enabled",66741.2,0
"control_outputs_enabled",66741.2,0
"control_outputs_enabled",66741.2,0
"control_outputs_enabled",66741.2,0
"control_outputs_enabled",66741.2,0
"control_outputs_enabled",66741.2,0
"control_outputs_enabled",66741.2,0
"control_outputs_enabled",66741.2,0
"control_outputs_enabled",66741.2,0
"control_outputs_enabled",66741.2,0
"control_outputs_enabled",66741.3,0
"control_outputs_enabled",66741.3,0
"control_outputs_enabled",66741.3,0
"control_outputs_enabled",66741.3,0
"control_outputs_enabled",66741.3,0
"control_outputs_enabled",66741.3,0
"control_outputs_enabled",66741.3,0
"control_outputs_enabled",66741.3,0
"control_outputs_enabled",66741.3,0
"control_outputs_enabled",66741.3,0
"control_outputs_enabled",66741.4,0
"control_outputs_enabled",66741.4,0
"control_outputs_enabled",66741.4,0
"control_outputs_enabled",66741.4,0
"control_outputs_enabled",66741.4,0
"control_outputs_enabled",66741.4,0
"control_outputs_enabled",66741.4,0
"control_outputs_enabled",66741.4,0
"control_outputs_enabled",66741.4,0
"control_outputs_enabled",66741.4,0
"control_outputs_enabled",66741.5,0
"control_outputs_enabled",66741.5,0
"control_outputs_enabled",66741.5,0
"control_outputs_enabled",66741.5,0
"control_outputs_enabled",66741.5,0
"control_outputs_enabled",66741.5,0
"control_outputs_enabled",66741.5,0
"control_outputs_enabled",66741.5,0
"control_outputs_enabled",66741.5,0
"control_outputs_enabled",66741.5,0
"control_outputs_enabled",66741.6,0
"control_outputs_enabled",66741.6,0
"control_outputs_enabled",66741.6,0
"control_outputs_enabled",66741.6,0
"control_outputs_enabled",66741.6,0
"control_outputs_enabled",66741.6,0
"control_outputs_enabled",66741.6,0
"control_outputs_enabled",66741.6,0
"control_outputs_enabled",66741.6,0
"control_outputs_enabled",66741.6,0
"control_outputs_enabled",66741.7,0
"control_outputs_enabled",66741.7,0
"control_outputs_enabled",66741.7,0
"control_outputs_enabled",66741.7,0
"control_outputs_enabled",66741.7,0
"control_outputs_enabled",66741.7,0
"control_outputs_enabled",66741.7,0
"control_outputs_enabled",66741.7,0
"control_outputs_enabled",66741.7,0
"control_outputs_enabled",66741.8,0
"control_outputs_enabled",66741.8,0
"control_outputs_enabled",66741.8,0
"control_outputs_enabled",66741.8,0
"control_outputs_enabled",66741.8,0
"control_outputs_enabled",66741.8,0
"control_outputs_enabled",66741.8,0
"control_outputs_enabled",66741.8,0
"control_outputs_enabled",66741.8,0
"control_outputs_enabled",66741.8,0
"control_outputs_enabled",66741.9,0
"control_outputs_enabled",66741.9,0
"control_outputs_enabled",66741.9,0
"control_outputs_enabled",66741.9,0
"control_outputs_enabled",66741.9,0
"control_outputs_enabled",66741.9,0
"control_outputs_enabled",66741.9,0
"control_outputs_enabled",66741.9,0
"control_outputs_enabled",66741.9,0
"control_outputs_enabled",66741.9,0
"control_outputs_enabled",66741.9,0
"control_outputs_enabled",66742,0
"control_outputs_enabled",66742,0
"control_outputs_enabled",66742,0
"control_outputs_enabled",66742,0
"control_outputs_enabled",66742,0
"control_outputs_enabled",66742,0
"control_outputs_enabled",66742,0
"control_outputs_enabled",66742,0
"control_outputs_enabled",66742,0
"control_outputs_enabled",66742,0
"control_outputs_enabled",66742.1,0
"control_outputs_enabled",66742.1,0
"control_outputs_enabled",66742.1,0
"control_outputs_enabled",66742.1,0
"control_outputs_enabled",66742.1,0
"control_outputs_enabled",66742.1,0
"control_outputs_enabled",66742.1,0
"control_outputs_enabled",66742.1,0
"control_outputs_enabled",66742.1,0
"control_outputs_enabled",66742.1,0
"control_outputs_enabled",66742.2,0
"control_outputs_enabled",66742.2,0
"control_outputs_enabled",66742.2,0
"control_outputs_enabled",66742.2,0
"control_outputs_enabled",66742.2,0
"control_outputs_enabled",66742.2,0
"control_outputs_enabled",66742.2,0
"control_outputs_enabled",66742.2,0
"control_outputs_enabled",66742.2,0
"control_outputs_enabled",66742.2,0
"control_outputs_enabled",66742.3,0
"control_outputs_enabled",66742.3,0
"control_outputs_enabled",66742.3,0
"control_outputs_enabled",66742.3,0
"control_outputs_enabled",66742.3,0
"control_outputs_enabled",66742.3,0
"control_outputs_enabled",66742.3,0
"control_outputs_enabled",66742.3,0
"control_outputs_enabled",66742.3,0
"control_outputs_enabled",66742.3,0
"control_outputs_enabled",66742.4,0
"control_outputs_enabled",66742.4,0
"control_outputs_enabled",66742.4,0
"control_outputs_enabled",66742.4,0
"control_outputs_enabled",66742.4,0
"control_outputs_enabled",66742.4,0
"control_outputs_enabled",66742.4,0
"control_outputs_enabled",66742.4,0
"control_outputs_enabled",66742.4,0
"control_outputs_enabled",66742.4,0
"control_outputs_enabled",66742.5,0
"control_outputs_enabled",66742.5,0
"control_outputs_enabled",66742.5,0
"control_outputs_enabled",66742.5,0
"control_outputs_enabled",66742.5,0
"control_outputs_enabled",66742.5,0
"control_outputs_enabled",66742.5,0
"control_outputs_enabled",66742.5,0
"control_outputs_enabled",66742.5,0
"control_outputs_enabled",66742.5,0
"control_outputs_enabled",66742.6,0
"control_outputs_enabled",66742.6,0
"control_outputs_enabled",66742.6,0
"control_outputs_enabled",66742.6,0
"control_outputs_enabled",66742.6,0
"control_outputs_enabled",66742.6,0
"control_outputs_enabled",66742.6,0
"control_outputs_enabled",66742.6,0
"control_outputs_enabled",66742.6,0
"control_outputs_enabled",66742.6,0
"control_outputs_enabled",66742.7,0
"control_outputs_enabled",66742.7,0
"control_outputs_enabled",66742.7,0
"control_outputs_enabled",66742.7,0
"control_outputs_enabled",66742.7,0
"control_outputs_enabled",66742.7,0
"control_outputs_enabled",66742.7,0
"control_outputs_enabled",66742.7,0
"control_outputs_enabled",66742.7,0
"control_outputs_enabled",66742.7,0
"control_outputs_enabled",66742.8,0
"control_outputs_enabled",66742.8,0
"control_outputs_enabled",66742.8,0
"control_outputs_enabled",66742.8,0
"control_outputs_enabled",66742.8,0
"control_outputs_enabled",66742.8,0
"control_outputs_enabled",66742.8,0
"control_outputs_enabled",66742.8,0
"control_outputs_enabled",66742.8,0
"control_outputs_enabled",66742.8,0
"control_outputs_enabled",66742.9,0
"control_outputs_enabled",66742.9,0
"control_outputs_enabled",66742.9,0
"control_outputs_enabled",66742.9,0
"control_outputs_enabled",66742.9,0
"control_outputs_enabled",66742.9,0
"control_outputs_enabled",66742.9,0
"control_outputs_enabled",66742.9,0
"control_outputs_enabled",66742.9,0
"control_outputs_enabled",66742.9,0
"control_outputs_enabled",66742.9,0
"control_outputs_enabled",66743,0
"control_outputs_enabled",66743,0
"control_outputs_enabled",66743,0
"control_outputs_enabled",66743,0
"control_outputs_enabled",66743,0
"control_outputs_enabled",66743,0
"control_outputs_enabled",66743,0
"control_outputs_enabled",66743,0
"control_outputs_enabled",66743,0
"control_outputs_enabled",66743,0
"control_outputs_enabled",66743.1,0
"control_outputs_enabled",66743.1,0
"control_outputs_enabled",66743.1,0
"control_outputs_enabled",66743.1,0
"control_outputs_enabled",66743.1,0
"control_outputs_enabled",66743.1,0
"control_outputs_enabled",66743.1,0
"control_outputs_enabled",66743.1,0
"control_outputs_enabled",66743.1,0
"control_outputs_enabled",66743.1,0
"control_outputs_enabled",66743.2,0
"control_outputs_enabled",66743.2,0
"control_outputs_enabled",66743.2,0
"control_outputs_enabled",66743.2,0
"control_outputs_enabled",66743.2,0
"control_outputs_enabled",66743.2,0
"control_outputs_enabled",66743.2,0
"control_outputs_enabled",66743.2,0
"control_outputs_enabled",66743.2,0
"control_outputs_enabled",66743.2,0
"control_outputs_enabled",66743.3,0
"control_outputs_enabled",66743.3,0
"control_outputs_enabled",66743.3,0
"control_outputs_enabled",66743.3,0
"control_outputs_enabled",66743.3,0
"control_outputs_enabled",66743.3,0
"control_outputs_enabled",66743.3,0
"control_outputs_enabled",66743.3,0
"control_outputs_enabled",66743.3,0
"control_outputs_enabled",66743.3,0
"control_outputs_enabled",66743.4,0
"control_outputs_enabled",66743.4,0
"control_outputs_enabled",66743.4,0
"control_outputs_enabled",66743.4,0
"control_outputs_enabled",66743.4,0
"control_outputs_enabled",66743.4,0
"control_outputs_enabled",66743.4,0
"control_outputs_enabled",66743.4,0
"control_outputs_enabled",66743.4,0
"control_outputs_enabled",66743.4,0
"control_outputs_enabled",66743.5,0
"control_outputs_enabled",66743.5,0
"control_outputs_enabled",66743.5,0
"control_outputs_enabled",66743.5,0
"control_outputs_enabled",66743.5,0
"control_outputs_enabled",66743.5,0
"control_outputs_enabled",66743.5,0
"control_outputs_enabled",66743.5,0
"control_outputs_enabled",66743.5,0
"control_outputs_enabled",66743.5,0
"control_outputs_enabled",66743.6,0
"control_outputs_enabled",66743.6,0
"control_outputs_enabled",66743.6,0
"control_outputs_enabled",66743.6,0
"control_outputs_enabled",66743.6,0
"control_outputs_enabled",66743.6,0
"control_outputs_enabled",66743.6,0
"control_outputs_enabled",66743.6,0
"control_outputs_enabled",66743.6,0
"control_outputs_enabled",66743.6,0
"control_outputs_enabled",66743.7,0
"control_outputs_enabled",66743.7,0
"control_outputs_enabled",66743.7,0
"control_outputs_enabled",66743.7,0
"control_outputs_enabled",66743.7,0
"control_outputs_enabled",66743.7,0
"control_outputs_enabled",66743.7,0
"control_outputs_enabled",66743.7,0
"control_outputs_enabled",66743.7,0
"control_outputs_enabled",66743.7,0
"control_outputs_enabled",66743.8,0
"control_outputs_enabled",66743.8,0
"control_outputs_enabled",66743.8,0
"control_outputs_enabled",66743.8,0
"control_outputs_enabled",66743.8,0
"control_outputs_enabled",66743.8,0
"control_outputs_enabled",66743.8,0
"control_outputs_enabled",66743.8,0
"control_outputs_enabled",66743.8,0
"control_outputs_enabled",66743.8,0
"control_outputs_enabled",66743.9,0
"control_outputs_enabled",66743.9,0
"control_outputs_enabled",66743.9,0
"control_outputs_enabled",66743.9,0
"control_outputs_enabled",66743.9,0
"control_outputs_enabled",66743.9,0
"control_outputs_enabled",66743.9,0
"control_outputs_enabled",66743.9,0
"control_outputs_enabled",66743.9,0
"control_outputs_enabled",66743.9,0
"control_outputs_enabled",66744,0
"control_outputs_enabled",66744,0
"control_outputs_enabled",66744,0
"control_outputs_enabled",66744,0
"control_outputs_enabled",66744,0
"control_outputs_enabled",66744,0
"control_outputs_enabled",66744,0
"control_outputs_enabled",66744,0
"control_outputs_enabled",66744,0
"control_outputs_enabled",66744,0
"control_outputs_enabled",66744.1,0
"control_outputs_enabled",66744.1,0
"control_outputs_enabled",66744.1,0
"control_outputs_enabled",66744.1,0
"control_outputs_enabled",66744.1,0
"control_outputs_enabled",66744.1,0
"control_outputs_enabled",66744.1,0
"control_outputs_enabled",66744.1,0
"control_outputs_enabled",66744.1,0
"control_outputs_enabled",66744.1,0
"control_outputs_enabled",66744.2,0
"control_outputs_enabled",66744.2,0
"control_outputs_enabled",66744.2,0
"control_outputs_enabled",66744.2,0
"control_outputs_enabled",66744.2,0
"control_outputs_enabled",66744.2,0
"control_outputs_enabled",66744.2,0
"control_outputs_enabled",66744.2,0
"control_outputs_enabled",66744.2,0
"control_outputs_enabled",66744.2,0
"control_outputs_enabled",66744.2,0
"control_outputs_enabled",66744.3,0
"control_outputs_enabled",66744.3,0
"control_outputs_enabled",66744.3,0
"control_outputs_enabled",66744.3,0
"control_outputs_enabled",66744.3,0
"control_outputs_enabled",66744.3,0
"control_outputs_enabled",66744.3,0
"control_outputs_enabled",66744.3,0
"control_outputs_enabled",66744.3,0
"control_outputs_enabled",66744.4,0
"control_outputs_enabled",66744.4,0
"control_outputs_enabled",66744.4,0
"control_outputs_enabled",66744.4,0
"control_outputs_enabled",66744.4,0
"control_outputs_enabled",66744.4,0
"control_outputs_enabled",66744.4,0
"control_outputs_enabled",66744.4,0
"control_outputs_enabled",66744.4,0
"control_outputs_enabled",66744.4,0
"control_outputs_enabled",66744.5,0
"control_outputs_enabled",66744.5,0
"control_outputs_enabled",66744.5,0
"control_outputs_enabled",66744.5,0
"control_outputs_enabled",66744.5,0
"control_outputs_enabled",66744.5,0
"control_outputs_enabled",66744.5,0
"control_outputs_enabled",66744.5,0
"control_outputs_enabled",66744.5,0
"control_outputs_enabled",66744.5,0
"control_outputs_enabled",66744.6,0
"control_outputs_enabled",66744.6,0
"control_outputs_enabled",66744.6,0
"control_outputs_enabled",66744.6,0
"control_outputs_enabled",66744.6,0
"control_outputs_enabled",66744.6,0
"control_outputs_enabled",66744.6,0
"control_outputs_enabled",66744.6,0
"control_outputs_enabled",66744.6,0
"control_outputs_enabled",66744.6,0
"control_outputs_enabled",66744.7,0
"control_outputs_enabled",66744.7,0
"control_outputs_enabled",66744.7,0
"control_outputs_enabled",66744.7,0
"control_outputs_enabled",66744.7,0
"control_outputs_enabled",66744.7,0
"control_outputs_enabled",66744.8,0
"control_outputs_enabled",66744.8,0
"control_outputs_enabled",66744.8,0
"control_outputs_enabled",66744.8,0
"control_outputs_enabled",66744.8,0
"control_outputs_enabled",66744.8,0
"control_outputs_enabled",66744.9,0
"control_outputs_enabled",66744.9,0
"control_outputs_enabled",66744.9,0
"control_outputs_enabled",66744.9,0
"control_outputs_enabled",66744.9,0
"control_outputs_enabled",66744.9,0
"control_outputs_enabled",66744.9,0
"control_outputs_enabled",66744.9,0
"control_outputs_enabled",66745,0
"control_outputs_enabled",66745,0
"control_outputs_enabled",66745,0
"control_outputs_enabled",66745,0
"control_outputs_enabled",66745,0
"control_outputs_enabled",66745,0
"control_outputs_enabled",66745.1,0
"control_outputs_enabled",66745.1,0
"control_outputs_enabled",66745.1,0
"control_outputs_enabled",66745.1,0
"control_outputs_enabled",66745.1,0
"control_outputs_enabled",66745.1,0
"control_outputs_enabled",66745.1,0
"control_outputs_enabled",66745.1,0
"control_outputs_enabled",66745.2,0
"control_outputs_enabled",66745.2,0
"control_outputs_enabled",66745.2,0
"control_outputs_enabled",66745.2,0
"control_outputs_enabled",66745.2,0
"control_outputs_enabled",66745.2,0
"control_outputs_enabled",66745.2,0
"control_outputs_enabled",66745.2,0
"control_outputs_enabled",66745.2,0
"control_outputs_enabled",66745.2,0
"control_outputs_enabled",66745.3,0
"control_outputs_enabled",66745.3,0
"control_outputs_enabled",66745.3,0
"control_outputs_enabled",66745.3,0
"control_outputs_enabled",66745.3,0
"control_outputs_enabled",66745.3,0
"control_outputs_enabled",66745.3,0
"control_outputs_enabled",66745.3,0
"control_outputs_enabled",66745.3,0
"control_outputs_enabled",66745.3,0
"control_outputs_enabled",66745.4,0
"control_outputs_enabled",66745.4,0
"control_outputs_enabled",66745.4,0
"control_outputs_enabled",66745.4,0
"control_outputs_enabled",66745.4,0
"control_outputs_enabled",66745.4,0
"control_outputs_enabled",66745.4,0
"control_outputs_enabled",66745.4,0
"control_outputs_enabled",66745.4,0
"control_outputs_enabled",66745.4,0
"control_outputs_enabled",66745.4,0
"control_outputs_enabled",66745.4,0
"control_outputs_enabled",66745.5,0
"control_outputs_enabled",66745.5,0
"control_outputs_enabled",66745.5,0
"control_outputs_enabled",66745.5,0
"control_outputs_enabled",66745.5,0
"control_outputs_enabled",66745.5,0
"control_outputs_enabled",66745.5,0
"control_outputs_enabled",66745.5,0
"control_outputs_enabled",66745.5,0
"control_outputs_enabled",66745.5,0
"control_outputs_enabled",66745.5,0
"control_outputs_enabled",66745.5,0
"control_outputs_enabled",66745.6,0
"control_outputs_enabled",66745.6,0
"control_outputs_enabled",66745.6,0
"control_outputs_enabled",66745.6,0
"control_outputs_enabled",66745.6,0
"control_outputs_enabled",66745.6,0
"control_outputs_enabled",66745.6,0
"control_outputs_enabled",66745.6,0
"control_outputs_enabled",66745.6,0
"control_outputs_enabled",66745.6,0
"control_outputs_enabled",66745.6,0
"control_outputs_enabled",66745.7,0
"control_outputs_enabled",66745.7,0
"control_outputs_enabled",66745.7,0
"control_outputs_enabled",66745.7,0
"control_outputs_enabled",66745.7,0
"control_outputs_enabled",66745.7,0
"control_outputs_enabled",66745.7,0
"control_outputs_enabled",66745.7,0
"control_outputs_enabled",66745.7,0
"control_outputs_enabled",66745.7,0
"control_outputs_enabled",66745.8,0
"control_outputs_enabled",66745.8,0
"control_outputs_enabled",66745.8,0
"control_outputs_enabled",66745.8,0
"control_outputs_enabled",66745.8,0
"control_outputs_enabled",66745.8,0
"control_outputs_enabled",66745.8,0
"control_outputs_enabled",66745.8,0
"control_outputs_enabled",66745.8,0
"control_outputs_enabled",66745.8,0
"control_outputs_enabled",66745.8,0
"control_outputs_enabled",66745.8,0
"control_outputs_enabled",66745.9,0
"control_outputs_enabled",66745.9,0
"control_outputs_enabled",66745.9,0
"control_outputs_enabled",66745.9,0
"control_outputs_enabled",66745.9,0
"control_outputs_enabled",66745.9,0
"control_outputs_enabled",66745.9,0
"control_outputs_enabled",66745.9,0
"control_outputs_enabled",66745.9,0
"control_outputs_enabled",66745.9,0
"control_outputs_enabled",66745.9,0
"control_outputs_enabled",66746,0
"control_outputs_enabled",66746,0
"control_outputs_enabled",66746,0
"control_outputs_enabled",66746,0
"control_outputs_enabled",66746,0
"control_outputs_enabled",66746,0
"control_outputs_enabled",66746,0
"control_outputs_enabled",66746,0
"control_outputs_enabled",66746,0
"control_outputs_enabled",66746,0
"control_outputs_enabled",66746.1,0
"control_outputs_enabled",66746.1,0
"control_outputs_enabled",66746.1,0
"control_outputs_enabled",66746.1,0
"control_outputs_enabled",66746.1,0
"control_outputs_enabled",66746.1,0
"control_outputs_enabled",66746.1,0
"control_outputs_enabled",66746.1,0
"control_outputs_enabled",66746.1,0
"control_outputs_enabled",66746.1,0
"control_outputs_enabled",66746.1,0
"control_outputs_enabled",66746.2,0
"control_outputs_enabled",66746.2,0
"control_outputs_enabled",66746.2,0
"control_outputs_enabled",66746.2,0
"control_outputs_enabled",66746.2,0
"control_outputs_enabled",66746.2,0
"control_outputs_enabled",66746.2,0
"control_outputs_enabled",66746.2,0
"control_outputs_enabled",66746.2,0
"control_outputs_enabled",66746.2,0
"control_outputs_enabled",66746.3,0
"control_outputs_enabled",66746.3,0
"control_outputs_enabled",66746.3,0
"control_outputs_enabled",66746.3,0
"control_outputs_enabled",66746.3,0
"control_outputs_enabled",66746.3,0
"control_outputs_enabled",66746.3,0
"control_outputs_enabled",66746.3,0
"control_outputs_enabled",66746.3,0
"control_outputs_enabled",66746.4,0
"control_outputs_enabled",66746.4,0
"control_outputs_enabled",66746.4,0
"control_outputs_enabled",66746.4,0
"control_outputs_enabled",66746.4,0
"control_outputs_enabled",66746.4,0
"control_outputs_enabled",66746.4,0
"control_outputs_enabled",66746.4,0
"control_outputs_enabled",66746.4,0
"control_outputs_enabled",66746.4,0
"control_outputs_enabled",66746.5,0
"control_outputs_enabled",66746.5,0
"control_outputs_enabled",66746.5,0
"control_outputs_enabled",66746.5,0
"control_outputs_enabled",66746.5,0
"control_outputs_enabled",66746.5,0
"control_outputs_enabled",66746.5,0
"control_outputs_enabled",66746.5,0
"control_outputs_enabled",66746.5,0
"control_outputs_enabled",66746.5,0
"control_outputs_enabled",66746.6,0
"control_outputs_enabled",66746.6,0
"control_outputs_enabled",66746.6,0
"control_outputs_enabled",66746.6,0
"control_outputs_enabled",66746.6,0
"control_outputs_enabled",66746.6,0
"control_outputs_enabled",66746.6,0
"control_outputs_enabled",66746.6,0
"control_outputs_enabled",66746.6,0
"control_outputs_enabled",66746.6,0
"control_outputs_enabled",66746.6,0
"control_outputs_enabled",66746.7,0
"control_outputs_enabled",66746.7,0
"control_outputs_enabled",66746.7,0
"control_outputs_enabled",66746.7,0
"control_outputs_enabled",66746.7,0
"control_outputs_enabled",66746.7,0
"control_outputs_enabled",66746.7,0
"control_outputs_enabled",66746.7,0
"control_outputs_enabled",66746.7,0
"control_outputs_enabled",66746.8,0
"control_outputs_enabled",66746.8,0
"control_outputs_enabled",66746.8,0
"control_outputs_enabled",66746.8,0
"control_outputs_enabled",66746.8,0
"control_outputs_enabled",66746.8,0
"control_outputs_enabled",66746.8,0
"control_outputs_enabled",66746.8,0
"control_outputs_enabled",66746.8,0
"control_outputs_enabled",66746.8,0
"control_outputs_enabled",66746.9,0
"control_outputs_enabled",66746.9,0
"control_outputs_enabled",66746.9,0
"control_outputs_enabled",66746.9,0
"control_outputs_enabled",66746.9,0
"control_outputs_enabled",66746.9,0
"control_outputs_enabled",66746.9,0
"control_outputs_enabled",66746.9,0
"control_outputs_enabled",66746.9,0
"control_outputs_enabled",66746.9,0
"control_outputs_enabled",66747,0
"control_outputs_enabled",66747,0
"control_outputs_enabled",66747,0
"control_outputs_enabled",66747,0
"control_outputs_enabled",66747,0
"control_outputs_enabled",66747,0
"control_outputs_enabled",66747,0
"control_outputs_enabled",66747,0
"control_outputs_enabled",66747,0
"control_outputs_enabled",66747,0
"control_outputs_enabled",66747,0
"control_outputs_enabled",66747.1,0
"control_outputs_enabled",66747.1,0
"control_outputs_enabled",66747.1,0
"control_outputs_enabled",66747.1,0
"control_outputs_enabled",66747.1,0
"control_outputs_enabled",66747.1,0
"control_outputs_enabled",66747.1,0
"control_outputs_enabled",66747.1,0
"control_outputs_enabled",66747.1,0
"control_outputs_enabled",66747.1,0
"control_outputs_enabled",66747.2,0
"control_outputs_enabled",66747.2,0
"control_outputs_enabled",66747.2,0
"control_outputs_enabled",66747.2,0
"control_outputs_enabled",66747.2,0
"control_outputs_enabled",66747.2,0
"control_outputs_enabled",66747.2,0
"control_outputs_enabled",66747.2,0
"control_outputs_enabled",66747.2,0
"control_outputs_enabled",66747.2,0
"control_outputs_enabled",66747.3,0
"control_outputs_enabled",66747.3,0
"control_outputs_enabled",66747.3,0
"control_outputs_enabled",66747.3,0
"control_outputs_enabled",66747.3,0
"control_outputs_enabled",66747.3,0
"control_outputs_enabled",66747.3,0
"control_outputs_enabled",66747.3,0
"control_outputs_enabled",66747.3,0
"control_outputs_enabled",66747.4,0
"control_outputs_enabled",66747.4,0
"control_outputs_enabled",66747.4,0
"control_outputs_enabled",66747.4,0
"control_outputs_enabled",66747.4,0
"control_outputs_enabled",66747.4,0
"control_outputs_enabled",66747.4,0
"control_outputs_enabled",66747.4,0
"control_outputs_enabled",66747.4,0
"control_outputs_enabled",66747.4,0
"control_outputs_enabled",66747.5,0
"control_outputs_enabled",66747.5,0
"control_outputs_enabled",66747.5,0
"control_outputs_enabled",66747.5,0
"control_outputs_enabled",66747.5,0
"control_outputs_enabled",66747.5,0
"control_outputs_enabled",66747.5,0
"control_outputs_enabled",66747.5,0
"control_outputs_enabled",66747.5,0
"control_outputs_enabled",66747.5,0
"control_outputs_enabled",66747.5,0
"control_outputs_enabled",66747.6,0
"control_outputs_enabled",66747.6,0
"control_outputs_enabled",66747.6,0
"control_outputs_enabled",66747.6,0
"control_outputs_enabled",66747.6,0
"control_outputs_enabled",66747.6,0
"control_outputs_enabled",66747.6,0
"control_outputs_enabled",66747.6,0
"control_outputs_enabled",66747.6,0
"control_outputs_enabled",66747.6,0
"control_outputs_enabled",66747.7,0
"control_outputs_enabled",66747.7,0
"control_outputs_enabled",66747.7,0
"control_outputs_enabled",66747.7,0
"control_outputs_enabled",66747.7,0
"control_outputs_enabled",66747.7,0
"control_outputs_enabled",66747.7,0
"control_outputs_enabled",66747.7,0
"control_outputs_enabled",66747.7,0
"control_outputs_enabled",66747.8,0
"control_outputs_enabled",66747.8,0
"control_outputs_enabled",66747.8,0
"control_outputs_enabled",66747.8,0
"control_outputs_enabled",66747.8,0
"control_outputs_enabled",66747.8,0
"control_outputs_enabled",66747.8,0
"control_outputs_enabled",66747.8,0
"control_outputs_enabled",66747.8,0
"control_outputs_enabled",66747.8,0
"control_outputs_enabled",66747.9,0
"control_outputs_enabled",66747.9,0
"control_outputs_enabled",66747.9,0
"control_outputs_enabled",66747.9,0
"control_outputs_enabled",66747.9,0
"control_outputs_enabled",66747.9,0
"control_outputs_enabled",66747.9,0
"control_outputs_enabled",66747.9,0
"control_outputs_enabled",66747.9,0
"control_outputs_enabled",66747.9,0
"control_outputs_enabled",66748,0
"control_outputs_enabled",66748,0
"control_outputs_enabled",66748,0
"control_outputs_enabled",66748,0
"control_outputs_enabled",66748,0
"control_outputs_enabled",66748,0
"control_outputs_enabled",66748,0
"control_outputs_enabled",66748,0
"control_outputs_enabled",66748,0
"control_outputs_enabled",66748,0
"control_outputs_enabled",66748.1,0
"control_outputs_enabled",66748.1,0
"control_outputs_enabled",66748.1,0
"control_outputs_enabled",66748.1,0
"control_outputs_enabled",66748.1,0
"control_outputs_enabled",66748.1,0
"control_outputs_enabled",66748.1,0
"control_outputs_enabled",66748.1,0
"control_outputs_enabled",66748.1,0
"control_outputs_enabled",66748.1,0
"control_outputs_enabled",66748.2,0
"control_outputs_enabled",66748.2,0
"control_outputs_enabled",66748.2,0
"control_outputs_enabled",66748.2,0
"control_outputs_enabled",66748.2,0
"control_outputs_enabled",66748.2,0
"control_outputs_enabled",66748.2,0
"control_outputs_enabled",66748.2,0
"control_outputs_enabled",66748.2,0
"control_outputs_enabled",66748.2,0
"control_outputs_enabled",66748.3,0
"control_outputs_enabled",66748.3,0
"control_outputs_enabled",66748.3,0
"control_outputs_enabled",66748.3,0
"control_outputs_enabled",66748.3,0
"control_outputs_enabled",66748.3,0
"control_outputs_enabled",66748.3,0
"control_outputs_enabled",66748.3,0
"control_outputs_enabled",66748.3,0
"control_outputs_enabled",66748.3,0
"control_outputs_enabled",66748.4,0
"control_outputs_enabled",66748.4,0
"control_outputs_enabled",66748.4,0
"control_outputs_enabled",66748.4,0
"control_outputs_enabled",66748.4,0
"control_outputs_enabled",66748.4,0
"control_outputs_enabled",66748.4,0
"control_outputs_enabled",66748.4,0
"control_outputs_enabled",66748.4,0
"control_outputs_enabled",66748.4,0
"control_outputs_enabled",66748.5,0
"control_outputs_enabled",66748.5,0
"control_outputs_enabled",66748.5,0
"control_outputs_enabled",66748.5,0
"control_outputs_enabled",66748.5,0
"control_outputs_enabled",66748.5,0
"control_outputs_enabled",66748.5,0
"control_outputs_enabled",66748.5,0
"control_outputs_enabled",66748.5,0
"control_outputs_enabled",66748.5,0
"control_outputs_enabled",66748.6,0
"control_outputs_enabled",66748.6,0
"control_outputs_enabled",66748.6,0
"control_outputs_enabled",66748.6,0
"control_outputs_enabled",66748.6,0
"control_outputs_enabled",66748.6,0
"control_outputs_enabled",66748.6,0
"control_outputs_enabled",66748.6,0
"control_outputs_enabled",66748.6,0
"control_outputs_enabled",66748.6,0
"control_outputs_enabled",66748.7,0
"control_outputs_enabled",66748.7,0
"control_outputs_enabled",66748.7,0
"control_outputs_enabled",66748.7,0
"control_outputs_enabled",66748.7,0
"control_outputs_enabled",66748.7,0
"control_outputs_enabled",66748.7,0
"control_outputs_enabled",66748.7,0
"control_outputs_enabled",66748.7,0
"control_outputs_enabled",66748.7,0
"control_outputs_enabled",66748.8,0
"control_outputs_enabled",66748.8,0
"control_outputs_enabled",66748.8,0
"control_outputs_enabled",66748.8,0
"control_outputs_enabled",66748.8,0
"control_outputs_enabled",66748.8,0
"control_outputs_enabled",66748.8,0
"control_outputs_enabled",66748.8,0
"control_outputs_enabled",66748.8,0
"control_outputs_enabled",66748.8,0
"control_outputs_enabled",66748.9,0
"control_outputs_enabled",66748.9,0
"control_outputs_enabled",66748.9,0
"control_outputs_enabled",66748.9,0
"control_outputs_enabled",66748.9,0
"control_outputs_enabled",66748.9,0
"control_outputs_enabled",66748.9,0
"control_outputs_enabled",66748.9,0
"control_outputs_enabled",66748.9,0
"control_outputs_enabled",66748.9,0
"control_outputs_enabled",66749,0
"control_outputs_enabled",66749,0
"control_outputs_enabled",66749,0
"control_outputs_enabled",66749,0
"control_outputs_enabled",66749,0
"control_outputs_enabled",66749,0
"control_outputs_enabled",66749,0
"control_outputs_enabled",66749,0
"control_outputs_enabled",66749,0
"control_outputs_enabled",66749.1,0
"control_outputs_enabled",66749.1,0
"control_outputs_enabled",66749.1,0
"control_outputs_enabled",66749.1,0
"control_outputs_enabled",66749.1,0
"control_outputs_enabled",66749.1,0
"control_outputs_enabled",66749.1,0
"control_outputs_enabled",66749.1,0
"control_outputs_enabled",66749.1,0
"control_outputs_enabled",66749.1,0
"control_outputs_enabled",66749.1,0
"control_outputs_enabled",66749.2,0
"control_outputs_enabled",66749.2,0
"control_outputs_enabled",66749.2,0
"control_outputs_enabled",66749.2,0
"control_outputs_enabled",66749.2,0
"control_outputs_enabled",66749.2,0
"control_outputs_enabled",66749.2,0
"control_outputs_enabled",66749.2,0
"control_outputs_enabled",66749.2,0
"control_outputs_enabled",66749.2,0
"control_outputs_enabled",66749.3,0
"control_outputs_enabled",66749.3,0
"control_outputs_enabled",66749.3,0
"control_outputs_enabled",66749.3,0
"control_outputs_enabled",66749.3,0
"control_outputs_enabled",66749.3,0
"control_outputs_enabled",66749.3,0
"control_outputs_enabled",66749.3,0
"control_outputs_enabled",66749.3,0
"control_outputs_enabled",66749.4,0
"control_outputs_enabled",66749.4,0
"control_outputs_enabled",66749.4,0
"control_outputs_enabled",66749.4,0
"control_outputs_enabled",66749.4,0
"control_outputs_enabled",66749.4,0
"control_outputs_enabled",66749.4,0
"control_outputs_enabled",66749.4,0
"control_outputs_enabled",66749.4,0
"control_outputs_enabled",66749.4,0
"control_outputs_enabled",66749.5,0
"control_outputs_enabled",66749.5,0
"control_outputs_enabled",66749.5,0
"control_outputs_enabled",66749.5,0
"control_outputs_enabled",66749.5,0
"control_outputs_enabled",66749.5,0
"control_outputs_enabled",66749.5,0
"control_outputs_enabled",66749.5,0
"control_outputs_enabled",66749.5,0
"control_outputs_enabled",66749.5,0
"control_outputs_enabled",66749.5,0
"control_outputs_enabled",66749.6,0
"control_outputs_enabled",66749.6,0
"control_outputs_enabled",66749.6,0
"control_outputs_enabled",66749.6,0
"control_outputs_enabled",66749.6,0
"control_outputs_enabled",66749.6,0
"control_outputs_enabled",66749.6,0
"control_outputs_enabled",66749.6,0
"control_outputs_enabled",66749.6,0
"control_outputs_enabled",66749.6,0
"control_outputs_enabled",66749.7,0
"control_outputs_enabled",66749.7,0
"control_outputs_enabled",66749.7,0
"control_outputs_enabled",66749.7,0
"control_outputs_enabled",66749.7,0
"control_outputs_enabled",66749.7,0
"control_outputs_enabled",66749.7,0
"control_outputs_enabled",66749.7,0
"control_outputs_enabled",66749.7,0
"control_outputs_enabled",66749.8,0
"control_outputs_enabled",66749.8,0
"control_outputs_enabled",66749.8,0
"control_outputs_enabled",66749.8,0
"control_outputs_enabled",66749.8,0
"control_outputs_enabled",66749.8,0
"control_outputs_enabled",66749.8,0
"control_outputs_enabled",66749.8,0
"control_outputs_enabled",66749.8,0
"control_outputs_enabled",66749.8,0
"control_outputs_enabled",66749.9,0
"control_outputs_enabled",66749.9,0
"control_outputs_enabled",66749.9,0
"control_outputs_enabled",66749.9,0
"control_outputs_enabled",66749.9,0
"control_outputs_enabled",66749.9,0
"control_outputs_enabled",66749.9,0
"control_outputs_enabled",66749.9,0
"control_outputs_enabled",66749.9,0
"control_outputs_enabled",66749.9,0
"control_outputs_enabled",66749.9,0
"control_outputs_enabled",66750,0
"control_outputs_enabled",66750,0
"control_outputs_enabled",66750,0
"control_outputs_enabled",66750,0
"control_outputs_enabled",66750,0
"control_outputs_enabled",66750,0
"control_outputs_enabled",66750,0
"control_outputs_enabled",66750,0
"control_outputs_enabled",66750,0
"control_outputs_enabled",66750.1,0
"control_outputs_enabled",66750.1,0
"control_outputs_enabled",66750.1,0
"control_outputs_enabled",66750.1,0
"control_outputs_enabled",66750.1,0
"control_outputs_enabled",66750.1,0
"control_outputs_enabled",66750.1,0
"control_outputs_enabled",66750.1,0
"control_outputs_enabled",66750.1,0
"control_outputs_enabled",66750.1,0
"control_outputs_enabled",66750.1,0
"control_outputs_enabled",66750.2,0
"control_outputs_enabled",66750.2,0
"control_outputs_enabled",66750.2,0
"control_outputs_enabled",66750.2,0
"control_outputs_enabled",66750.2,0
"control_outputs_enabled",66750.2,0
"control_outputs_enabled",66750.2,0
"control_outputs_enabled",66750.2,0
"control_outputs_enabled",66750.2,0
"control_outputs_enabled",66750.2,0
"control_outputs_enabled",66750.3,0
"control_outputs_enabled",66750.3,0
"control_outputs_enabled",66750.3,0
"control_outputs_enabled",66750.3,0
"control_outputs_enabled",66750.3,0
"control_outputs_enabled",66750.3,0
"control_outputs_enabled",66750.3,0
"control_outputs_enabled",66750.3,0
"control_outputs_enabled",66750.3,0
"control_outputs_enabled",66750.4,0
"control_outputs_enabled",66750.4,0
"control_outputs_enabled",66750.4,0
"control_outputs_enabled",66750.4,0
"control_outputs_enabled",66750.4,0
"control_outputs_enabled",66750.4,0
"control_outputs_enabled",66750.4,0
"control_outputs_enabled",66750.4,0
"control_outputs_enabled",66750.4,0
"control_outputs_enabled",66750.4,0
"control_outputs_enabled",66750.5,0
"control_outputs_enabled",66750.5,0
"control_outputs_enabled",66750.5,0
"control_outputs_enabled",66750.5,0
"control_outputs_enabled",66750.5,0
"control_outputs_enabled",66750.5,0
"control_outputs_enabled",66750.5,0
"control_outputs_enabled",66750.5,0
"control_outputs_enabled",66750.5,0
"control_outputs_enabled",66750.5,0
"control_outputs_enabled",66750.6,0
"control_outputs_enabled",66750.6,0
"control_outputs_enabled",66750.6,0
"control_outputs_enabled",66750.6,0
"control_outputs_enabled",66750.6,0
"control_outputs_enabled",66750.6,0
"control_outputs_enabled",66750.6,0
"control_outputs_enabled",66750.6,0
"control_outputs_enabled",66750.6,0
"control_outputs_enabled",66750.6,0
"control_outputs_enabled",66750.7,0
"control_outputs_enabled",66750.7,0
"control_outputs_enabled",66750.7,0
"control_outputs_enabled",66750.7,0
"control_outputs_enabled",66750.7,0
"control_outputs_enabled",66750.7,0
"control_outputs_enabled",66750.7,0
"control_outputs_enabled",66750.7,0
"control_outputs_enabled",66750.7,0
"control_outputs_enabled",66750.7,0
"control_outputs_enabled",66750.8,0
"control_outputs_enabled",66750.8,0
"control_outputs_enabled",66750.8,0
"control_outputs_enabled",66750.8,0
"control_outputs_enabled",66750.8,0
"control_outputs_enabled",66750.8,0
"control_outputs_enabled",66750.8,0
"control_outputs_enabled",66750.8,0
"control_outputs_enabled",66750.8,0
"control_outputs_enabled",66750.8,0
"control_outputs_enabled",66750.9,0
"control_outputs_enabled",66750.9,0
"control_outputs_enabled",66750.9,0
"control_outputs_enabled",66750.9,0
"control_outputs_enabled",66750.9,0
"control_outputs_enabled",66750.9,0
"control_outputs_enabled",66750.9,0
"control_outputs_enabled",66750.9,0
"control_outputs_enabled",66750.9,0
"control_outputs_enabled",66750.9,0
"control_outputs_enabled",66751,0
"control_outputs_enabled",66751,0
"control_outputs_enabled",66751,0
"control_outputs_enabled",66751,0
"control_outputs_enabled",66751,0
"control_outputs_enabled",66751,0
"control_outputs_enabled",66751,0
"control_outputs_enabled",66751,0
"control_outputs_enabled",66751,0
"control_outputs_enabled",66751,0
"control_outputs_enabled",66751.1,0
"control_outputs_enabled",66751.1,0
"control_outputs_enabled",66751.1,0
"control_outputs_enabled",66751.1,0
"control_outputs_enabled",66751.1,0
"control_outputs_enabled",66751.1,0
"control_outputs_enabled",66751.1,0
"control_outputs_enabled",66751.1,0
"control_outputs_enabled",66751.1,0
"control_outputs_enabled",66751.1,0
"control_outputs_enabled",66751.2,0
"control_outputs_enabled",66751.2,0
"control_outputs_enabled",66751.2,0
"control_outputs_enabled",66751.2,0
"control_outputs_enabled",66751.2,0
"control_outputs_enabled",66751.2,0
"control_outputs_enabled",66751.2,0
"control_outputs_enabled",66751.2,0
"control_outputs_enabled",66751.2,0
"control_outputs_enabled",66751.2,0
"control_outputs_enabled",66751.2,0
"control_outputs_enabled",66751.3,0
"control_outputs_enabled",66751.3,0
"control_outputs_enabled",66751.3,0
"control_outputs_enabled",66751.3,0
"control_outputs_enabled",66751.3,0
"control_outputs_enabled",66751.3,0
"control_outputs_enabled",66751.3,0
"control_outputs_enabled",66751.3,0
"control_outputs_enabled",66751.3,0
"control_outputs_enabled",66751.4,0
"control_outputs_enabled",66751.4,0
"control_outputs_enabled",66751.4,0
"control_outputs_enabled",66751.4,0
"control_outputs_enabled",66751.4,0
"control_outputs_enabled",66751.4,0
"control_outputs_enabled",66751.4,0
"control_outputs_enabled",66751.4,0
"control_outputs_enabled",66751.4,0
"control_outputs_enabled",66751.4,0
"control_outputs_enabled",66751.5,0
"control_outputs_enabled",66751.5,0
"control_outputs_enabled",66751.5,0
"control_outputs_enabled",66751.5,0
"control_outputs_enabled",66751.5,0
"control_outputs_enabled",66751.5,0
"control_outputs_enabled",66751.5,0
"control_outputs_enabled",66751.5,0
"control_outputs_enabled",66751.5,0
"control_outputs_enabled",66751.5,0
"control_outputs_enabled",66751.6,0
"control_outputs_enabled",66751.6,0
"control_outputs_enabled",66751.6,0
"control_outputs_enabled",66751.6,0
"control_outputs_enabled",66751.6,0
"control_outputs_enabled",66751.6,0
"control_outputs_enabled",66751.6,0
"control_outputs_enabled",66751.6,0
"control_outputs_enabled",66751.6,0
"control_outputs_enabled",66751.6,0
"control_outputs_enabled",66751.7,0
"control_outputs_enabled",66751.7,0
"control_outputs_enabled",66751.7,0
"control_outputs_enabled",66751.7,0
"control_outputs_enabled",66751.7,0
"control_outputs_enabled",66751.7,0
"control_outputs_enabled",66751.7,0
"control_outputs_enabled",66751.7,0
"control_outputs_enabled",66751.7,0
"control_outputs_enabled",66751.8,0
"control_outputs_enabled",66751.8,0
"control_outputs_enabled",66751.8,0
"control_outputs_enabled",66751.8,0
"control_outputs_enabled",66751.8,0
"control_outputs_enabled",66751.8,0
"control_outputs_enabled",66751.8,0
"control_outputs_enabled",66751.8,0
"control_outputs_enabled",66751.8,0
"control_outputs_enabled",66751.8,0
"control_outputs_enabled",66751.9,0
"control_outputs_enabled",66751.9,0
"control_outputs_enabled",66751.9,0
"control_outputs_enabled",66751.9,0
"control_outputs_enabled",66751.9,0
"control_outputs_enabled",66751.9,0
"control_outputs_enabled",66751.9,0
"control_outputs_enabled",66751.9,0
"control_outputs_enabled",66751.9,0
"control_outputs_enabled",66751.9,0
"control_outputs_enabled",66751.9,0
"control_outputs_enabled",66752,0
"control_outputs_enabled",66752,0
"control_outputs_enabled",66752,0
"control_outputs_enabled",66752,0
"control_outputs_enabled",66752,0
"control_outputs_enabled",66752,0
"control_outputs_enabled",66752,0
"control_outputs_enabled",66752,0
"control_outputs_enabled",66752,0
"control_outputs_enabled",66752,0
"control_outputs_enabled",66752.1,0
"control_outputs_enabled",66752.1,0
"control_outputs_enabled",66752.1,0
"control_outputs_enabled",66752.1,0
"control_outputs_enabled",66752.1,0
"control_outputs_enabled",66752.1,0
"control_outputs_enabled",66752.1,0
"control_outputs_enabled",66752.1,0
"control_outputs_enabled",66752.1,0
"control_outputs_enabled",66752.1,0
"control_outputs_enabled",66752.2,0
"control_outputs_enabled",66752.2,0
"control_outputs_enabled",66752.2,0
"control_outputs_enabled",66752.2,0
"control_outputs_enabled",66752.2,0
"control_outputs_enabled",66752.2,0
"control_outputs_enabled",66752.2,0
"control_outputs_enabled",66752.2,0
"control_outputs_enabled",66752.2,0
"control_outputs_enabled",66752.2,0
"control_outputs_enabled",66752.3,0
"control_outputs_enabled",66752.3,0
"control_outputs_enabled",66752.3,0
"control_outputs_enabled",66752.3,0
"control_outputs_enabled",66752.3,0
"control_outputs_enabled",66752.3,0
"control_outputs_enabled",66752.3,0
"control_outputs_enabled",66752.3,0
"control_outputs_enabled",66752.3,0
"control_outputs_enabled",66752.3,0
"control_outputs_enabled",66752.4,0
"control_outputs_enabled",66752.4,0
"control_outputs_enabled",66752.4,0
"control_outputs_enabled",66752.4,0
"control_outputs_enabled",66752.4,0
"control_outputs_enabled",66752.4,0
"control_outputs_enabled",66752.4,0
"control_outputs_enabled",66752.4,0
"control_outputs_enabled",66752.4,0
"control_outputs_enabled",66752.4,0
"control_outputs_enabled",66752.5,0
"control_outputs_enabled",66752.5,0
"control_outputs_enabled",66752.5,0
"control_outputs_enabled",66752.5,0
"control_outputs_enabled",66752.5,0
"control_outputs_enabled",66752.5,0
"control_outputs_enabled",66752.5,0
"control_outputs_enabled",66752.5,0
"control_outputs_enabled",66752.5,0
"control_outputs_enabled",66752.5,0
"control_outputs_enabled",66752.6,0
"control_outputs_enabled",66752.6,0
"control_outputs_enabled",66752.6,0
"control_outputs_enabled",66752.6,0
"control_outputs_enabled",66752.6,0
"control_outputs_enabled",66752.6,0
"control_outputs_enabled",66752.6,0
"control_outputs_enabled",66752.6,0
"control_outputs_enabled",66752.6,0
"control_outputs_enabled",66752.6,0
"control_outputs_enabled",66752.7,0
"control_outputs_enabled",66752.7,0
"control_outputs_enabled",66752.7,0
"control_outputs_enabled",66752.7,0
"control_outputs_enabled",66752.7,0
"control_outputs_enabled",66752.7,0
"control_outputs_enabled",66752.7,0
"control_outputs_enabled",66752.7,0
"control_outputs_enabled",66752.7,0
"control_outputs_enabled",66752.7,0
"control_outputs_enabled",66752.8,0
"control_outputs_enabled",66752.8,0
"control_outputs_enabled",66752.8,0
"control_outputs_enabled",66752.8,0
"control_outputs_enabled",66752.8,0
"control_outputs_enabled",66752.8,0
"control_outputs_enabled",66752.8,0
"control_outputs_enabled",66752.8,0
"control_outputs_enabled",66752.8,0
"control_outputs_enabled",66752.8,0
"control_outputs_enabled",66752.9,0
"control_outputs_enabled",66752.9,0
"control_outputs_enabled",66752.9,0
"control_outputs_enabled",66752.9,0
"control_outputs_enabled",66752.9,0
"control_outputs_enabled",66752.9,0
"control_outputs_enabled",66752.9,0
"control_outputs_enabled",66752.9,0
"control_outputs_enabled",66752.9,0
"control_outputs_enabled",66752.9,0
"control_outputs_enabled",66753,0
"control_outputs_enabled",66753,0
"control_outputs_enabled",66753,0
"control_outputs_enabled",66753,0
"control_outputs_enabled",66753,0
"control_outputs_enabled",66753,0
"control_outputs_enabled",66753,0
"control_outputs_enabled",66753,0
"control_outputs_enabled",66753,0
"control_outputs_enabled",66753,0
"control_outputs_enabled",66753,0
"control_outputs_enabled",66753.1,0
"control_outputs_enabled",66753.1,0
"control_outputs_enabled",66753.1,0
"control_outputs_enabled",66753.1,0
"control_outputs_enabled",66753.1,0
"control_outputs_enabled",66753.1,0
"control_outputs_enabled",66753.1,0
"control_outputs_enabled",66753.1,0
"control_outputs_enabled",66753.1,0
"control_outputs_enabled",66753.1,0
"control_outputs_enabled",66753.2,0
"control_outputs_enabled",66753.2,0
"control_outputs_enabled",66753.2,0
"control_outputs_enabled",66753.2,0
"control_outputs_enabled",66753.2,0
"control_outputs_enabled",66753.2,0
"control_outputs_enabled",66753.2,0
"control_outputs_enabled",66753.2,0
"control_outputs_enabled",66753.2,0
"control_outputs_enabled",66753.2,0
"control_outputs_enabled",66753.3,0
"control_outputs_enabled",66753.3,0
"control_outputs_enabled",66753.3,0
"control_outputs_enabled",66753.3,0
"control_outputs_enabled",66753.3,0
"control_outputs_enabled",66753.3,0
"control_outputs_enabled",66753.3,0
"control_outputs_enabled",66753.3,0
"control_outputs_enabled",66753.3,0
"control_outputs_enabled",66753.3,0
"control_outputs_enabled",66753.4,0
"control_outputs_enabled",66753.4,0
"control_outputs_enabled",66753.4,0
"control_outputs_enabled",66753.4,0
"control_outputs_enabled",66753.4,0
"control_outputs_enabled",66753.4,0
"control_outputs_enabled",66753.4,0
"control_outputs_enabled",66753.4,0
"control_outputs_enabled",66753.4,0
"control_outputs_enabled",66753.4,0
"control_outputs_enabled",66753.5,0
"control_outputs_enabled",66753.5,0
"control_outputs_enabled",66753.5,0
"control_outputs_enabled",66753.5,0
"control_outputs_enabled",66753.5,0
"control_outputs_enabled",66753.5,0
"control_outputs_enabled",66753.5,0
"control_outputs_enabled",66753.5,0
"control_outputs_enabled",66753.5,0
"control_outputs_enabled",66753.5,0
"control_outputs_enabled",66753.6,0
"control_outputs_enabled",66753.6,0
"control_outputs_enabled",66753.6,0
"control_outputs_enabled",66753.6,0
"control_outputs_enabled",66753.6,0
"control_outputs_enabled",66753.6,0
"control_outputs_enabled",66753.6,0
"control_outputs_enabled",66753.6,0
"control_outputs_enabled",66753.6,0
"control_outputs_enabled",66753.6,0
"control_outputs_enabled",66753.7,0
"control_outputs_enabled",66753.7,0
"control_outputs_enabled",66753.7,0
"control_outputs_enabled",66753.7,0
"control_outputs_enabled",66753.7,0
"control_outputs_enabled",66753.7,0
"control_outputs_enabled",66753.7,0
"control_outputs_enabled",66753.7,0
"control_outputs_enabled",66753.7,0
"control_outputs_enabled",66753.7,0
"control_outputs_enabled",66753.8,0
"control_outputs_enabled",66753.8,0
"control_outputs_enabled",66753.8,0
"control_outputs_enabled",66753.8,0
"control_outputs_enabled",66753.8,0
"control_outputs_enabled",66753.8,0
"control_outputs_enabled",66753.8,0
"control_outputs_enabled",66753.8,0
"control_outputs_enabled",66753.8,0
"control_outputs_enabled",66753.8,0
"control_outputs_enabled",66753.9,0
"control_outputs_enabled",66753.9,0
"control_outputs_enabled",66753.9,0
"control_outputs_enabled",66753.9,0
"control_outputs_enabled",66753.9,0
"control_outputs_enabled",66753.9,0
"control_outputs_enabled",66753.9,0
"control_outputs_enabled",66753.9,0
"control_outputs_enabled",66753.9,0
"control_outputs_enabled",66753.9,0
"control_outputs_enabled",66754,0
"control_outputs_enabled",66754,0
"control_outputs_enabled",66754,0
"control_outputs_enabled",66754,0
"control_outputs_enabled",66754,0
"control_outputs_enabled",66754,0
"control_outputs_enabled",66754,0
"control_outputs_enabled",66754,0
"control_outputs_enabled",66754,0
"control_outputs_enabled",66754,0
"control_outputs_enabled",66754.1,0
"control_outputs_enabled",66754.1,0
"control_outputs_enabled",66754.1,0
"control_outputs_enabled",66754.1,0
"control_outputs_enabled",66754.1,0
"control_outputs_enabled",66754.1,0
"control_outputs_enabled",66754.1,0
"control_outputs_enabled",66754.1,0
"control_outputs_enabled",66754.1,0
"control_outputs_enabled",66754.1,0
"control_outputs_enabled",66754.1,0
"control_outputs_enabled",66754.2,0
"control_outputs_enabled",66754.2,0
"control_outputs_enabled",66754.2,0
"control_outputs_enabled",66754.2,0
"control_outputs_enabled",66754.2,0
"control_outputs_enabled",66754.2,0
"control_outputs_enabled",66754.2,0
"control_outputs_enabled",66754.2,0
"control_outputs_enabled",66754.2,0
"control_outputs_enabled",66754.2,0
"control_outputs_enabled",66754.3,0
"control_outputs_enabled",66754.3,0
"control_outputs_enabled",66754.3,0
"control_outputs_enabled",66754.3,0
"control_outputs_enabled",66754.3,0
"control_outputs_enabled",66754.3,0
"control_outputs_enabled",66754.3,0
"control_outputs_enabled",66754.3,0
"control_outputs_enabled",66754.3,0
"control_outputs_enabled",66754.4,0
"control_outputs_enabled",66754.4,0
"control_outputs_enabled",66754.4,0
"control_outputs_enabled",66754.4,0
"control_outputs_enabled",66754.4,0
"control_outputs_enabled",66754.4,0
"control_outputs_enabled",66754.4,0
"control_outputs_enabled",66754.4,0
"control_outputs_enabled",66754.4,0
"control_outputs_enabled",66754.4,0
"control_outputs_enabled",66754.5,0
"control_outputs_enabled",66754.5,0
"control_outputs_enabled",66754.5,0
"control_outputs_enabled",66754.5,0
"control_outputs_enabled",66754.5,0
"control_outputs_enabled",66754.5,0
"control_outputs_enabled",66754.5,0
"control_outputs_enabled",66754.5,0
"control_outputs_enabled",66754.5,0
"control_outputs_enabled",66754.5,0
"control_outputs_enabled",66754.5,0
"control_outputs_enabled",66754.6,0
"control_outputs_enabled",66754.6,0
"control_outputs_enabled",66754.6,0
"control_outputs_enabled",66754.6,0
"control_outputs_enabled",66754.6,0
"control_outputs_enabled",66754.6,0
"control_outputs_enabled",66754.6,0
"control_outputs_enabled",66754.6,0
"control_outputs_enabled",66754.6,0
"control_outputs_enabled",66754.7,0
"control_outputs_enabled",66754.7,0
"control_outputs_enabled",66754.7,0
"control_outputs_enabled",66754.7,0
"control_outputs_enabled",66754.7,0
"control_outputs_enabled",66754.7,0
"control_outputs_enabled",66754.8,0
"control_outputs_enabled",66754.8,0
"control_outputs_enabled",66754.8,0
"control_outputs_enabled",66754.8,0
"control_outputs_enabled",66754.8,0
"control_outputs_enabled",66754.8,0
"control_outputs_enabled",66754.9,0
"control_outputs_enabled",66754.9,0
"control_outputs_enabled",66754.9,0
"control_outputs_enabled",66754.9,0
"control_outputs_enabled",66754.9,0
"control_outputs_enabled",66754.9,0
"control_outputs_enabled",66754.9,0
"control_outputs_enabled",66754.9,0
"control_outputs_enabled",66755,0
"control_outputs_enabled",66755,0
"control_outputs_enabled",66755,0
"control_outputs_enabled",66755,0
"control_outputs_enabled",66755,0
"control_outputs_enabled",66755.1,0
"control_outputs_enabled",66755.1,0
"control_outputs_enabled",66755.1,0
"control_outputs_enabled",66755.1,0
"control_outputs_enabled",66755.1,0
"control_outputs_enabled",66755.1,0
"control_outputs_enabled",66755.1,0
"control_outputs_enabled",66755.1,0
"control_outputs_enabled",66755.1,0
"control_outputs_enabled",66755.1,0
"control_outputs_enabled",66755.2,0
"control_outputs_enabled",66755.2,0
"control_outputs_enabled",66755.2,0
"control_outputs_enabled",66755.2,0
"control_outputs_enabled",66755.2,0
"control_outputs_enabled",66755.2,0
"control_outputs_enabled",66755.2,0
"control_outputs_enabled",66755.2,0
"control_outputs_enabled",66755.2,0
"control_outputs_enabled",66755.2,0
"control_outputs_enabled",66755.2,0
"control_outputs_enabled",66755.3,0
"control_outputs_enabled",66755.3,0
"control_outputs_enabled",66755.3,0
"control_outputs_enabled",66755.3,0
"control_outputs_enabled",66755.3,0
"control_outputs_enabled",66755.3,0
"control_outputs_enabled",66755.3,0
"control_outputs_enabled",66755.3,0
"control_outputs_enabled",66755.3,0
"control_outputs_enabled",66755.3,0
"control_outputs_enabled",66755.3,0
"control_outputs_enabled",66755.4,0
"control_outputs_enabled",66755.4,0
"control_outputs_enabled",66755.4,0
"control_outputs_enabled",66755.4,0
"control_outputs_enabled",66755.4,0
"control_outputs_enabled",66755.4,0
"control_outputs_enabled",66755.4,0
"control_outputs_enabled",66755.4,0
"control_outputs_enabled",66755.4,0
"control_outputs_enabled",66755.4,0
"control_outputs_enabled",66755.4,0
"control_outputs_enabled",66755.5,0
"control_outputs_enabled",66755.5,0
"control_outputs_enabled",66755.5,0
"control_outputs_enabled",66755.5,0
"control_outputs_enabled",66755.5,0
"control_outputs_enabled",66755.5,0
"control_outputs_enabled",66755.5,0
"control_outputs_enabled",66755.5,0
"control_outputs_enabled",66755.5,0
"control_outputs_enabled",66755.5,0
"control_outputs_enabled",66755.5,0
"control_outputs_enabled",66755.5,0
"control_outputs_enabled",66755.6,0
"control_outputs_enabled",66755.6,0
"control_outputs_enabled",66755.6,0
"control_outputs_enabled",66755.6,0
"control_outputs_enabled",66755.6,0
"control_outputs_enabled",66755.6,0
"control_outputs_enabled",66755.6,0
"control_outputs_enabled",66755.6,0
"control_outputs_enabled",66755.6,0
"control_outputs_enabled",66755.6,0
"control_outputs_enabled",66755.6,0
"control_outputs_enabled",66755.7,0
"control_outputs_enabled",66755.7,0
"control_outputs_enabled",66755.7,0
"control_outputs_enabled",66755.7,0
"control_outputs_enabled",66755.7,0
"control_outputs_enabled",66755.7,0
"control_outputs_enabled",66755.7,0
"control_outputs_enabled",66755.7,0
"control_outputs_enabled",66755.7,0
"control_outputs_enabled",66755.7,0
"control_outputs_enabled",66755.7,0
"control_outputs_enabled",66755.8,0
"control_outputs_enabled",66755.8,0
"control_outputs_enabled",66755.8,0
"control_outputs_enabled",66755.8,0
"control_outputs_enabled",66755.8,0
"control_outputs_enabled",66755.8,0
"control_outputs_enabled",66755.8,0
"control_outputs_enabled",66755.8,0
"control_outputs_enabled",66755.8,0
"control_outputs_enabled",66755.8,0
"control_outputs_enabled",66755.8,0
"control_outputs_enabled",66755.9,0
"control_outputs_enabled",66755.9,0
"control_outputs_enabled",66755.9,0
"control_outputs_enabled",66755.9,0
"control_outputs_enabled",66755.9,0
"control_outputs_enabled",66755.9,0
"control_outputs_enabled",66755.9,0
"control_outputs_enabled",66755.9,0
"control_outputs_enabled",66755.9,0
"control_outputs_enabled",66755.9,0
"control_outputs_enabled",66756,0
"control_outputs_enabled",66756,0
"control_outputs_enabled",66756,0
"control_outputs_enabled",66756,0
"control_outputs_enabled",66756,0
"control_outputs_enabled",66756,0
"control_outputs_enabled",66756,0
"control_outputs_enabled",66756,0
"control_outputs_enabled",66756,0
"control_outputs_enabled",66756,0
"control_outputs_enabled",66756.1,0
"control_outputs_enabled",66756.1,0
"control_outputs_enabled",66756.1,0
"control_outputs_enabled",66756.1,0
"control_outputs_enabled",66756.1,0
"control_outputs_enabled",66756.1,0
"control_outputs_enabled",66756.1,0
"control_outputs_enabled",66756.1,0
"control_outputs_enabled",66756.1,0
"control_outputs_enabled",66756.1,0
"control_outputs_enabled",66756.1,0
"control_outputs_enabled",66756.2,0
"control_outputs_enabled",66756.2,0
"control_outputs_enabled",66756.2,0
"control_outputs_enabled",66756.2,0
"control_outputs_enabled",66756.2,0
"control_outputs_enabled",66756.2,0
"control_outputs_enabled",66756.2,0
"control_outputs_enabled",66756.2,0
"control_outputs_enabled",66756.2,0
"control_outputs_enabled",66756.2,0
"control_outputs_enabled",66756.3,0
"control_outputs_enabled",66756.3,0
"control_outputs_enabled",66756.3,0
"control_outputs_enabled",66756.3,0
"control_outputs_enabled",66756.3,0
"control_outputs_enabled",66756.3,0
"control_outputs_enabled",66756.3,0
"control_outputs_enabled",66756.3,0
"control_outputs_enabled",66756.3,0
"control_outputs_enabled",66756.4,0
"control_outputs_enabled",66756.4,0
"control_outputs_enabled",66756.4,0
"control_outputs_enabled",66756.4,0
"control_outputs_enabled",66756.4,0
"control_outputs_enabled",66756.4,0
"control_outputs_enabled",66756.4,0
"control_outputs_enabled",66756.4,0
"control_outputs_enabled",66756.4,0
"control_outputs_enabled",66756.4,0
"control_outputs_enabled",66756.5,0
"control_outputs_enabled",66756.5,0
"control_outputs_enabled",66756.5,0
"control_outputs_enabled",66756.5,0
"control_outputs_enabled",66756.5,0
"control_outputs_enabled",66756.5,0
"control_outputs_enabled",66756.5,0
"control_outputs_enabled",66756.5,0
"control_outputs_enabled",66756.5,0
"control_outputs_enabled",66756.5,0
"control_outputs_enabled",66756.6,0
"control_outputs_enabled",66756.6,0
"control_outputs_enabled",66756.6,0
"control_outputs_enabled",66756.6,0
"control_outputs_enabled",66756.6,0
"control_outputs_enabled",66756.6,0
"control_outputs_enabled",66756.6,0
"control_outputs_enabled",66756.6,0
"control_outputs_enabled",66756.6,0
"control_outputs_enabled",66756.6,0
"control_outputs_enabled",66756.6,0
"control_outputs_enabled",66756.7,0
"control_outputs_enabled",66756.7,0
"control_outputs_enabled",66756.7,0
"control_outputs_enabled",66756.7,0
"control_outputs_enabled",66756.7,0
"control_outputs_enabled",66756.7,0
"control_outputs_enabled",66756.7,0
"control_outputs_enabled",66756.7,0
"control_outputs_enabled",66756.7,0
"control_outputs_enabled",66756.8,0
"control_outputs_enabled",66756.8,0
"control_outputs_enabled",66756.8,0
"control_outputs_enabled",66756.8,0
"control_outputs_enabled",66756.8,0
"control_outputs_enabled",66756.8,0
"control_outputs_enabled",66756.8,0
"control_outputs_enabled",66756.8,0
"control_outputs_enabled",66756.8,0
"control_outputs_enabled",66756.8,0
"control_outputs_enabled",66756.9,0
"control_outputs_enabled",66756.9,0
"control_outputs_enabled",66756.9,0
"control_outputs_enabled",66756.9,0
"control_outputs_enabled",66756.9,0
"control_outputs_enabled",66756.9,0
"control_outputs_enabled",66756.9,0
"control_outputs_enabled",66756.9,0
"control_outputs_enabled",66756.9,0
"control_outputs_enabled",66756.9,0
"control_outputs_enabled",66757,0
"control_outputs_enabled",66757,0
"control_outputs_enabled",66757,0
"control_outputs_enabled",66757,0
"control_outputs_enabled",66757,0
"control_outputs_enabled",66757,0
"control_outputs_enabled",66757,0
"control_outputs_enabled",66757,0
"control_outputs_enabled",66757,0
"control_outputs_enabled",66757,0
"control_outputs_enabled",66757,0
"control_outputs_enabled",66757.1,0
"control_outputs_enabled",66757.1,0
"control_outputs_enabled",66757.1,0
"control_outputs_enabled",66757.1,0
"control_outputs_enabled",66757.1,0
"control_outputs_enabled",66757.1,0
"control_outputs_enabled",66757.1,0
"control_outputs_enabled",66757.1,0
"control_outputs_enabled",66757.1,0
"control_outputs_enabled",66757.1,0
"control_outputs_enabled",66757.2,0
"control_outputs_enabled",66757.2,0
"control_outputs_enabled",66757.2,0
"control_outputs_enabled",66757.2,0
"control_outputs_enabled",66757.2,0
"control_outputs_enabled",66757.2,0
"control_outputs_enabled",66757.2,0
"control_outputs_enabled",66757.2,0
"control_outputs_enabled",66757.2,0
"control_outputs_enabled",66757.2,0
"control_outputs_enabled",66757.3,0
"control_outputs_enabled",66757.3,0
"control_outputs_enabled",66757.3,0
"control_outputs_enabled",66757.3,0
"control_outputs_enabled",66757.3,0
"control_outputs_enabled",66757.3,0
"control_outputs_enabled",66757.3,0
"control_outputs_enabled",66757.3,0
"control_outputs_enabled",66757.3,0
"control_outputs_enabled",66757.4,0
"control_outputs_enabled",66757.4,0
"control_outputs_enabled",66757.4,0
"control_outputs_enabled",66757.4,0
"control_outputs_enabled",66757.4,0
"control_outputs_enabled",66757.4,0
"control_outputs_enabled",66757.4,0
"control_outputs_enabled",66757.4,0
"control_outputs_enabled",66757.4,0
"control_outputs_enabled",66757.4,0
"control_outputs_enabled",66757.5,0
"control_outputs_enabled",66757.5,0
"control_outputs_enabled",66757.5,0
"control_outputs_enabled",66757.5,0
"control_outputs_enabled",66757.5,0
"control_outputs_enabled",66757.5,0
"control_outputs_enabled",66757.5,0
"control_outputs_enabled",66757.5,0
"control_outputs_enabled",66757.5,0
"control_outputs_enabled",66757.5,0
"control_outputs_enabled",66757.5,0
"control_outputs_enabled",66757.6,0
"control_outputs_enabled",66757.6,0
"control_outputs_enabled",66757.6,0
"control_outputs_enabled",66757.6,0
"control_outputs_enabled",66757.6,0
"control_outputs_enabled",66757.6,0
"control_outputs_enabled",66757.6,0
"control_outputs_enabled",66757.6,0
"control_outputs_enabled",66757.6,0
"control_outputs_enabled",66757.6,0
"control_outputs_enabled",66757.7,0
"control_outputs_enabled",66757.7,0
"control_outputs_enabled",66757.7,0
"control_outputs_enabled",66757.7,0
"control_outputs_enabled",66757.7,0
"control_outputs_enabled",66757.7,0
"control_outputs_enabled",66757.7,0
"control_outputs_enabled",66757.7,0
"control_outputs_enabled",66757.7,0
"control_outputs_enabled",66757.8,0
"control_outputs_enabled",66757.8,0
"control_outputs_enabled",66757.8,0
"control_outputs_enabled",66757.8,0
"control_outputs_enabled",66757.8,0
"control_outputs_enabled",66757.8,0
"control_outputs_enabled",66757.8,0
"control_outputs_enabled",66757.8,0
"control_outputs_enabled",66757.8,0
"control_outputs_enabled",66757.8,0
"control_outputs_enabled",66757.9,0
"control_outputs_enabled",66757.9,0
"control_outputs_enabled",66757.9,0
"control_outputs_enabled",66757.9,0
"control_outputs_enabled",66757.9,0
"control_outputs_enabled",66757.9,0
"control_outputs_enabled",66757.9,0
"control_outputs_enabled",66757.9,0
"control_outputs_enabled",66757.9,0
"control_outputs_enabled",66757.9,0
"control_outputs_enabled",66758,0
"control_outputs_enabled",66758,0
"control_outputs_enabled",66758,0
"control_outputs_enabled",66758,0
"control_outputs_enabled",66758,0
"control_outputs_enabled",66758,0
"control_outputs_enabled",66758,0
"control_outputs_enabled",66758,0
"control_outputs_enabled",66758,0
"control_outputs_enabled",66758,0
"control_outputs_enabled",66758.1,0
"control_outputs_enabled",66758.1,0
"control_outputs_enabled",66758.1,0
"control_outputs_enabled",66758.1,0
"control_outputs_enabled",66758.1,0
"control_outputs_enabled",66758.1,0
"control_outputs_enabled",66758.1,0
"control_outputs_enabled",66758.1,0
"control_outputs_enabled",66758.1,0
"control_outputs_enabled",66758.1,0
"control_outputs_enabled",66758.2,0
"control_outputs_enabled",66758.2,0
"control_outputs_enabled",66758.2,0
"control_outputs_enabled",66758.2,0
"control_outputs_enabled",66758.2,0
"control_outputs_enabled",66758.2,0
"control_outputs_enabled",66758.2,0
"control_outputs_enabled",66758.2,0
"control_outputs_enabled",66758.2,0
"control_outputs_enabled",66758.2,0
"control_outputs_enabled",66758.2,0
"control_outputs_enabled",66758.3,0
"control_outputs_enabled",66758.3,0
"control_outputs_enabled",66758.3,0
"control_outputs_enabled",66758.3,0
"control_outputs_enabled",66758.3,0
"control_outputs_enabled",66758.3,0
"control_outputs_enabled",66758.3,0
"control_outputs_enabled",66758.3,0
"control_outputs_enabled",66758.3,0
"control_outputs_enabled",66758.4,0
"control_outputs_enabled",66758.4,0
"control_outputs_enabled",66758.4,0
"control_outputs_enabled",66758.4,0
"control_outputs_enabled",66758.4,0
"control_outputs_enabled",66758.4,0
"control_outputs_enabled",66758.4,0
"control_outputs_enabled",66758.4,0
"control_outputs_enabled",66758.4,0
"control_outputs_enabled",66758.4,0
"control_outputs_enabled",66758.5,0
"control_outputs_enabled",66758.5,0
"control_outputs_enabled",66758.5,0
"control_outputs_enabled",66758.5,0
"control_outputs_enabled",66758.5,0
"control_outputs_enabled",66758.5,0
"control_outputs_enabled",66758.5,0
"control_outputs_enabled",66758.5,0
"control_outputs_enabled",66758.5,0
"control_outputs_enabled",66758.5,0
"control_outputs_enabled",66758.6,0
"control_outputs_enabled",66758.6,0
"control_outputs_enabled",66758.6,0
"control_outputs_enabled",66758.6,0
"control_outputs_enabled",66758.6,0
"control_outputs_enabled",66758.6,0
"control_outputs_enabled",66758.6,0
"control_outputs_enabled",66758.6,0
"control_outputs_enabled",66758.6,0
"control_outputs_enabled",66758.6,0
"control_outputs_enabled",66758.6,0
"control_outputs_enabled",66758.7,0
"control_outputs_enabled",66758.7,0
"control_outputs_enabled",66758.7,0
"control_outputs_enabled",66758.7,0
"control_outputs_enabled",66758.7,0
"control_outputs_enabled",66758.7,0
"control_outputs_enabled",66758.7,0
"control_outputs_enabled",66758.7,0
"control_outputs_enabled",66758.7,0
"control_outputs_enabled",66758.8,0
"control_outputs_enabled",66758.8,0
"control_outputs_enabled",66758.8,0
"control_outputs_enabled",66758.8,0
"control_outputs_enabled",66758.8,0
"control_outputs_enabled",66758.8,0
"control_outputs_enabled",66758.8,0
"control_outputs_enabled",66758.8,0
"control_outputs_enabled",66758.8,0
"control_outputs_enabled",66758.8,0
"control_outputs_enabled",66758.9,0
"control_outputs_enabled",66758.9,0
"control_outputs_enabled",66758.9,0
"control_outputs_enabled",66758.9,0
"control_outputs_enabled",66758.9,0
"control_outputs_enabled",66758.9,0
"control_outputs_enabled",66758.9,0
"control_outputs_enabled",66758.9,0
"control_outputs_enabled",66758.9,0
"control_outputs_enabled",66758.9,0
"control_outputs_enabled",66759,0
"control_outputs_enabled",66759,0
"control_outputs_enabled",66759,0
"control_outputs_enabled",66759,0
"control_outputs_enabled",66759,0
"control_outputs_enabled",66759,0
"control_outputs_enabled",66759,0
"control_outputs_enabled",66759,0
"control_outputs_enabled",66759,0
"control_outputs_enabled",66759,0
"control_outputs_enabled",66759.1,0
"control_outputs_enabled",66759.1,0
"control_outputs_enabled",66759.1,0
"control_outputs_enabled",66759.1,0
"control_outputs_enabled",66759.1,0
"control_outputs_enabled",66759.1,0
"control_outputs_enabled",66759.1,0
"control_outputs_enabled",66759.1,0
"control_outputs_enabled",66759.1,0
"control_outputs_enabled",66759.1,0
"control_outputs_enabled",66759.2,0
"control_outputs_enabled",66759.2,0
"control_outputs_enabled",66759.2,0
"control_outputs_enabled",66759.2,0
"control_outputs_enabled",66759.2,0
"control_outputs_enabled",66759.2,0
"control_outputs_enabled",66759.2,0
"control_outputs_enabled",66759.2,0
"control_outputs_enabled",66759.2,0
"control_outputs_enabled",66759.2,0
"control_outputs_enabled",66759.3,0
"control_outputs_enabled",66759.3,0
"control_outputs_enabled",66759.3,0
"control_outputs_enabled",66759.3,0
"control_outputs_enabled",66759.3,0
"control_outputs_enabled",66759.3,0
"control_outputs_enabled",66759.3,0
"control_outputs_enabled",66759.3,0
"control_outputs_enabled",66759.3,0
"control_outputs_enabled",66759.4,0
"control_outputs_enabled",66759.4,0
"control_outputs_enabled",66759.4,0
"control_outputs_enabled",66759.4,0
"control_outputs_enabled",66759.4,0
"control_outputs_enabled",66759.4,0
"control_outputs_enabled",66759.4,0
"control_outputs_enabled",66759.4,0
"control_outputs_enabled",66759.4,0
"control_outputs_enabled",66759.4,0
"control_outputs_enabled",66759.4,0
"control_outputs_enabled",66759.5,0
"control_outputs_enabled",66759.5,0
"control_outputs_enabled",66759.5,0
"control_outputs_enabled",66759.5,0
"control_outputs_enabled",66759.5,0
"control_outputs_enabled",66759.5,0
"control_outputs_enabled",66759.5,0
"control_outputs_enabled",66759.5,0
"control_outputs_enabled",66759.5,0
"control_outputs_enabled",66759.5,0
"control_outputs_enabled",66759.6,0
"control_outputs_enabled",66759.6,0
"control_outputs_enabled",66759.6,0
"control_outputs_enabled",66759.6,0
"control_outputs_enabled",66759.6,0
"control_outputs_enabled",66759.6,0
"control_outputs_enabled",66759.6,0
"control_outputs_enabled",66759.6,0
"control_outputs_enabled",66759.6,0
"control_outputs_enabled",66759.6,0
"control_outputs_enabled",66759.7,0
"control_outputs_enabled",66759.7,0
"control_outputs_enabled",66759.7,0
"control_outputs_enabled",66759.7,0
"control_outputs_enabled",66759.7,0
"control_outputs_enabled",66759.7,0
"control_outputs_enabled",66759.7,0
"control_outputs_enabled",66759.7,0
"control_outputs_enabled",66759.7,0
"control_outputs_enabled",66759.8,0
"control_outputs_enabled",66759.8,0
"control_outputs_enabled",66759.8,0
"control_outputs_enabled",66759.8,0
"control_outputs_enabled",66759.8,0
"control_outputs_enabled",66759.8,0
"control_outputs_enabled",66759.8,0
"control_outputs_enabled",66759.8,0
"control_outputs_enabled",66759.8,0
"control_outputs_enabled",66759.8,0
"control_outputs_enabled",66759.8,0
"control_outputs_enabled",66759.9,0
"control_outputs_enabled",66759.9,0
"control_outputs_enabled",66759.9,0
"control_outputs_enabled",66759.9,0
"control_outputs_enabled",66759.9,0
"control_outputs_enabled",66759.9,0
"control_outputs_enabled",66759.9,0
"control_outputs_enabled",66759.9,0
"control_outputs_enabled",66759.9,0
"control_outputs_enabled",66759.9,0
"control_outputs_enabled",66760,0
"control_outputs_enabled",66760,0
"control_outputs_enabled",66760,0
"control_outputs_enabled",66760,0
"control_outputs_enabled",66760,0
"control_outputs_enabled",66760,0
"control_outputs_enabled",66760,0
"control_outputs_enabled",66760,0
"control_outputs_enabled",66760,0
"control_outputs_enabled",66760,0
"control_outputs_enabled",66760.1,0
"control_outputs_enabled",66760.1,0
"control_outputs_enabled",66760.1,0
"control_outputs_enabled",66760.1,0
"control_outputs_enabled",66760.1,0
"control_outputs_enabled",66760.1,0
"control_outputs_enabled",66760.1,0
"control_outputs_enabled",66760.1,0
"control_outputs_enabled",66760.1,0
"control_outputs_enabled",66760.1,0
"control_outputs_enabled",66760.2,0
"control_outputs_enabled",66760.2,0
"control_outputs_enabled",66760.2,0
"control_outputs_enabled",66760.2,0
"control_outputs_enabled",66760.2,0
"control_outputs_enabled",66760.2,0
"control_outputs_enabled",66760.2,0
"control_outputs_enabled",66760.2,0
"control_outputs_enabled",66760.2,0
"control_outputs_enabled",66760.2,0
"control_outputs_enabled",66760.3,0
"control_outputs_enabled",66760.3,0
"control_outputs_enabled",66760.3,0
"control_outputs_enabled",66760.3,0
"control_outputs_enabled",66760.3,0
"control_outputs_enabled",66760.3,0
"control_outputs_enabled",66760.3,0
"control_outputs_enabled",66760.3,0
"control_outputs_enabled",66760.3,0
"control_outputs_enabled",66760.4,0
"control_outputs_enabled",66760.4,0
"control_outputs_enabled",66760.4,0
"control_outputs_enabled",66760.4,0
"control_outputs_enabled",66760.4,0
"control_outputs_enabled",66760.4,0
"control_outputs_enabled",66760.4,0
"control_outputs_enabled",66760.4,0
"control_outputs_enabled",66760.4,0
"control_outputs_enabled",66760.4,0
"control_outputs_enabled",66760.5,0
"control_outputs_enabled",66760.5,0
"control_outputs_enabled",66760.5,0
"control_outputs_enabled",66760.5,0
"control_outputs_enabled",66760.5,0
"control_outputs_enabled",66760.5,0
"control_outputs_enabled",66760.5,0
"control_outputs_enabled",66760.5,0
"control_outputs_enabled",66760.5,0
"control_outputs_enabled",66760.5,0
"control_outputs_enabled",66760.6,0
"control_outputs_enabled",66760.6,0
"control_outputs_enabled",66760.6,0
"control_outputs_enabled",66760.6,0
"control_outputs_enabled",66760.6,0
"control_outputs_enabled",66760.6,0
"control_outputs_enabled",66760.6,0
"control_outputs_enabled",66760.6,0
"control_outputs_enabled",66760.6,0
"control_outputs_enabled",66760.6,0
"control_outputs_enabled",66760.7,0
"control_outputs_enabled",66760.7,0
"control_outputs_enabled",66760.7,0
"control_outputs_enabled",66760.7,0
"control_outputs_enabled",66760.7,0
"control_outputs_enabled",66760.7,0
"control_outputs_enabled",66760.7,0
"control_outputs_enabled",66760.7,0
"control_outputs_enabled",66760.7,0
"control_outputs_enabled",66760.7,0
"control_outputs_enabled",66760.8,0
"control_outputs_enabled",66760.8,0
"control_outputs_enabled",66760.8,0
"control_outputs_enabled",66760.8,0
"control_outputs_enabled",66760.8,0
"control_outputs_enabled",66760.8,0
"control_outputs_enabled",66760.8,0
"control_outputs_enabled",66760.8,0
"control_outputs_enabled",66760.8,0
"control_outputs_enabled",66760.8,0
"control_outputs_enabled",66760.9,0
"control_outputs_enabled",66760.9,0
"control_outputs_enabled",66760.9,0
"control_outputs_enabled",66760.9,0
"control_outputs_enabled",66760.9,0
"control_outputs_enabled",66760.9,0
"control_outputs_enabled",66760.9,0
"control_outputs_enabled",66760.9,0
"control_outputs_enabled",66760.9,0
"control_outputs_enabled",66760.9,0
"control_outputs_enabled",66761,0
"control_outputs_enabled",66761,0
"control_outputs_enabled",66761,0
"control_outputs_enabled",66761,0
"control_outputs_enabled",66761,0
"control_outputs_enabled",66761,0
"control_outputs_enabled",66761,0
"control_outputs_enabled",66761,0
"control_outputs_enabled",66761,0
"control_outputs_enabled",66761,0
"control_outputs_enabled",66761.1,0
"control_outputs_enabled",66761.1,0
"control_outputs_enabled",66761.1,0
"control_outputs_enabled",66761.1,0
"control_outputs_enabled",66761.1,0
"control_outputs_enabled",66761.1,0
"control_outputs_enabled",66761.1,0
"control_outputs_enabled",66761.1,0
"control_outputs_enabled",66761.1,0
"control_outputs_enabled",66761.1,0
"control_outputs_enabled",66761.2,0
"control_outputs_enabled",66761.2,0
"control_outputs_enabled",66761.2,0
"control_outputs_enabled",66761.2,0
"control_outputs_enabled",66761.2,0
"control_outputs_enabled",66761.2,0
"control_outputs_enabled",66761.2,0
"control_outputs_enabled",66761.2,0
"control_outputs_enabled",66761.2,0
"control_outputs_enabled",66761.2,0
"control_outputs_enabled",66761.2,0
"control_outputs_enabled",66761.3,0
"control_outputs_enabled",66761.3,0
"control_outputs_enabled",66761.3,0
"control_outputs_enabled",66761.3,0
"control_outputs_enabled",66761.3,0
"control_outputs_enabled",66761.3,0
"control_outputs_enabled",66761.3,0
"control_outputs_enabled",66761.3,0
"control_outputs_enabled",66761.3,0
"control_outputs_enabled",66761.4,0
"control_outputs_enabled",66761.4,0
"control_outputs_enabled",66761.4,0
"control_outputs_enabled",66761.4,0
"control_outputs_enabled",66761.4,0
"control_outputs_enabled",66761.4,0
"control_outputs_enabled",66761.4,0
"control_outputs_enabled",66761.4,0
"control_outputs_enabled",66761.4,0
"control_outputs_enabled",66761.4,0
"control_outputs_enabled",66761.5,0
"control_outputs_enabled",66761.5,0
"control_outputs_enabled",66761.5,0
"control_outputs_enabled",66761.5,0
"control_outputs_enabled",66761.5,0
"control_outputs_enabled",66761.5,0
"control_outputs_enabled",66761.5,0
"control_outputs_enabled",66761.5,0
"control_outputs_enabled",66761.5,0
"control_outputs_enabled",66761.5,0
"control_outputs_enabled",66761.6,0
"control_outputs_enabled",66761.6,0
"control_outputs_enabled",66761.6,0
"control_outputs_enabled",66761.6,0
"control_outputs_enabled",66761.6,0
"control_outputs_enabled",66761.6,0
"control_outputs_enabled",66761.6,0
"control_outputs_enabled",66761.6,0
"control_outputs_enabled",66761.6,0
"control_outputs_enabled",66761.6,0
"control_outputs_enabled",66761.7,0
"control_outputs_enabled",66761.7,0
"control_outputs_enabled",66761.7,0
"control_outputs_enabled",66761.7,0
"control_outputs_enabled",66761.7,0
"control_outputs_enabled",66761.7,0
"control_outputs_enabled",66761.7,0
"control_outputs_enabled",66761.7,0
"control_outputs_enabled",66761.7,0
"control_outputs_enabled",66761.8,0
"control_outputs_enabled",66761.8,0
"control_outputs_enabled",66761.8,0
"control_outputs_enabled",66761.8,0
"control_outputs_enabled",66761.8,0
"control_outputs_enabled",66761.8,0
"control_outputs_enabled",66761.8,0
"control_outputs_enabled",66761.8,0
"control_outputs_enabled",66761.8,0
"control_outputs_enabled",66761.8,0
"control_outputs_enabled",66761.9,0
"control_outputs_enabled",66761.9,0
"control_outputs_enabled",66761.9,0
"control_outputs_enabled",66761.9,0
"control_outputs_enabled",66761.9,0
"control_outputs_enabled",66761.9,0
"control_outputs_enabled",66761.9,0
"control_outputs_enabled",66761.9,0
"control_outputs_enabled",66761.9,0
"control_outputs_enabled",66761.9,0
"control_outputs_enabled",66761.9,0
"control_outputs_enabled",66762,0
"control_outputs_enabled",66762,0
"control_outputs_enabled",66762,0
"control_outputs_enabled",66762,0
"control_outputs_enabled",66762,0
"control_outputs_enabled",66762,0
"control_outputs_enabled",66762,0
"control_outputs_enabled",66762,0
"control_outputs_enabled",66762,0
"control_outputs_enabled",66762,0
"control_outputs_enabled",66762.1,0
"control_outputs_enabled",66762.1,0
"control_outputs_enabled",66762.1,0
"control_outputs_enabled",66762.1,0
"control_outputs_enabled",66762.1,0
"control_outputs_enabled",66762.1,0
"control_outputs_enabled",66762.1,0
"control_outputs_enabled",66762.1,0
"control_outputs_enabled",66762.1,0
"control_outputs_enabled",66762.1,0
"control_outputs_enabled",66762.2,0
"control_outputs_enabled",66762.2,0
"control_outputs_enabled",66762.2,0
"control_outputs_enabled",66762.2,0
"control_outputs_enabled",66762.2,0
"control_outputs_enabled",66762.2,0
"control_outputs_enabled",66762.2,0
"control_outputs_enabled",66762.2,0
"control_outputs_enabled",66762.2,0
"control_outputs_enabled",66762.2,0
"control_outputs_enabled",66762.3,0
"control_outputs_enabled",66762.3,0
"control_outputs_enabled",66762.3,0
"control_outputs_enabled",66762.3,0
"control_outputs_enabled",66762.3,0
"control_outputs_enabled",66762.3,0
"control_outputs_enabled",66762.3,0
"control_outputs_enabled",66762.3,0
"control_outputs_enabled",66762.3,0
"control_outputs_enabled",66762.3,0
"control_outputs_enabled",66762.4,0
"control_outputs_enabled",66762.4,0
"control_outputs_enabled",66762.4,0
"control_outputs_enabled",66762.4,0
"control_outputs_enabled",66762.4,0
"control_outputs_enabled",66762.4,0
"control_outputs_enabled",66762.4,0
"control_outputs_enabled",66762.4,0
"control_outputs_enabled",66762.4,0
"control_outputs_enabled",66762.4,0
"control_outputs_enabled",66762.5,0
"control_outputs_enabled",66762.5,0
"control_outputs_enabled",66762.5,0
"control_outputs_enabled",66762.5,0
"control_outputs_enabled",66762.5,0
"control_outputs_enabled",66762.5,0
"control_outputs_enabled",66762.5,0
"control_outputs_enabled",66762.5,0
"control_outputs_enabled",66762.5,0
"control_outputs_enabled",66762.5,0
"control_outputs_enabled",66762.6,0
"control_outputs_enabled",66762.6,0
"control_outputs_enabled",66762.6,0
"control_outputs_enabled",66762.6,0
"control_outputs_enabled",66762.6,0
"control_outputs_enabled",66762.6,0
"control_outputs_enabled",66762.6,0
"control_outputs_enabled",66762.6,0
"control_outputs_enabled",66762.6,0
"control_outputs_enabled",66762.6,0
"control_outputs_enabled",66762.7,0
"control_outputs_enabled",66762.7,0
"control_outputs_enabled",66762.7,0
"control_outputs_enabled",66762.7,0
"control_outputs_enabled",66762.7,0
"control_outputs_enabled",66762.7,0
"control_outputs_enabled",66762.7,0
"control_outputs_enabled",66762.7,0
"control_outputs_enabled",66762.7,0
"control_outputs_enabled",66762.7,0
"control_outputs_enabled",66762.8,0
"control_outputs_enabled",66762.8,0
"control_outputs_enabled",66762.8,0
"control_outputs_enabled",66762.8,0
"control_outputs_enabled",66762.8,0
"control_outputs_enabled",66762.8,0
"control_outputs_enabled",66762.8,0
"control_outputs_enabled",66762.8,0
"control_outputs_enabled",66762.8,0
"control_outputs_enabled",66762.8,0
"control_outputs_enabled",66762.9,0
"control_outputs_enabled",66762.9,0
"control_outputs_enabled",66762.9,0
"control_outputs_enabled",66762.9,0
"control_outputs_enabled",66762.9,0
"control_outputs_enabled",66762.9,0
"control_outputs_enabled",66762.9,0
"control_outputs_enabled",66762.9,0
"control_outputs_enabled",66762.9,0
"control_outputs_enabled",66762.9,0
"control_outputs_enabled",66763,0
"control_outputs_enabled",66763,0
"control_outputs_enabled",66763,0
"control_outputs_enabled",66763,0
"control_outputs_enabled",66763,0
"control_outputs_enabled",66763,0
"control_outputs_enabled",66763,0
"control_outputs_enabled",66763,0
"control_outputs_enabled",66763,0
"control_outputs_enabled",66763,0
"control_outputs_enabled",66763.1,0
"control_outputs_enabled",66763.1,0
"control_outputs_enabled",66763.1,0
"control_outputs_enabled",66763.1,0
"control_outputs_enabled",66763.1,0
"control_outputs_enabled",66763.1,0
"control_outputs_enabled",66763.1,0
"control_outputs_enabled",66763.1,0
"control_outputs_enabled",66763.1,0
"control_outputs_enabled",66763.1,0
"control_outputs_enabled",66763.1,0
"control_outputs_enabled",66763.2,0
"control_outputs_enabled",66763.2,0
"control_outputs_enabled",66763.2,0
"control_outputs_enabled",66763.2,0
"control_outputs_enabled",66763.2,0
"control_outputs_enabled",66763.2,0
"control_outputs_enabled",66763.2,0
"control_outputs_enabled",66763.2,0
"control_outputs_enabled",66763.2,0
"control_outputs_enabled",66763.2,0
"control_outputs_enabled",66763.3,0
"control_outputs_enabled",66763.3,0
"control_outputs_enabled",66763.3,0
"control_outputs_enabled",66763.3,0
"control_outputs_enabled",66763.3,0
"control_outputs_enabled",66763.3,0
"control_outputs_enabled",66763.3,0
"control_outputs_enabled",66763.3,0
"control_outputs_enabled",66763.3,0
"control_outputs_enabled",66763.3,0
