signal,time_s,value
"Mech_RPM",66651.7,413.047
"Mech_RPM",66651.8,413.13
"Mech_RPM",66651.8,413.13
"Mech_RPM",66651.8,413.107
"Mech_RPM",66651.8,413.107
"Mech_RPM",66651.8,413.23
"Mech_RPM",66651.8,413.23
"Mech_RPM",66651.8,413.184
"Mech_RPM",66651.8,413.184
"Mech_RPM",66651.8,413.212
"Mech_RPM",66651.8,413.212
"Mech_RPM",66651.8,413.219
"Mech_RPM",66651.9,413.219
"Mech_RPM",66651.9,413.278
"Mech_RPM",66651.9,413.278
"Mech_RPM",66651.9,413.418
"Mech_RPM",66651.9,413.418
"Mech_RPM",66651.9,413.431
"Mech_RPM",66651.9,413.431
"Mech_RPM",66651.9,413.496
"Mech_RPM",66651.9,413.496
"Mech_RPM",66651.9,413.559
"Mech_RPM",66652,413.559
"Mech_RPM",66652,413.59
"Mech_RPM",66652,413.59
"Mech_RPM",66652,413.62
"Mech_RPM",66652,413.62
"Mech_RPM",66652,413.598
"Mech_RPM",66652,413.598
"Mech_RPM",66652,413.555
"Mech_RPM",66652,413.555
"Mech_RPM",66652,413.69
"Mech_RPM",66652.1,413.69
"Mech_RPM",66652.1,413.739
"Mech_RPM",66652.1,413.739
"Mech_RPM",66652.1,413.829
"Mech_RPM",66652.1,413.829
"Mech_RPM",66652.1,413.74
"Mech_RPM",66652.1,413.74
"Mech_RPM",66652.1,413.767
"Mech_RPM",66652.1,413.767
"Mech_RPM",66652.1,413.867
"Mech_RPM",66652.2,413.867
"Mech_RPM",66652.2,413.954
"Mech_RPM",66652.2,413.954
"Mech_RPM",66652.2,414.009
"Mech_RPM",66652.2,414.009
"Mech_RPM",66652.2,414.01
"Mech_RPM",66652.2,414.01
"Mech_RPM",66652.2,414.084
"Mech_RPM",66652.2,414.084
"Mech_RPM",66652.2,414.26
"Mech_RPM",66652.3,414.26
"Mech_RPM",66652.3,414.215
"Mech_RPM",66652.3,414.215
"Mech_RPM",66652.3,414.305
"Mech_RPM",66652.3,414.305
"Mech_RPM",66652.3,414.373
"Mech_RPM",66652.3,414.373
"Mech_RPM",66652.3,414.315
"Mech_RPM",66652.3,414.315
"Mech_RPM",66652.3,414.456
"Mech_RPM",66652.4,414.456
"Mech_RPM",66652.4,414.521
"Mech_RPM",66652.4,414.521
"Mech_RPM",66652.4,414.595
"Mech_RPM",66652.4,414.595
"Mech_RPM",66652.4,414.626
"Mech_RPM",66652.4,414.626
"Mech_RPM",66652.4,414.657
"Mech_RPM",66652.4,414.657
"Mech_RPM",66652.4,414.728
"Mech_RPM",66652.5,414.728
"Mech_RPM",66652.5,414.725
"Mech_RPM",66652.5,414.725
"Mech_RPM",66652.5,414.764
"Mech_RPM",66652.5,414.764
"Mech_RPM",66652.5,414.844
"Mech_RPM",66652.5,414.844
"Mech_RPM",66652.5,414.849
"Mech_RPM",66652.5,414.849
"Mech_RPM",66652.5,414.927
"Mech_RPM",66652.6,414.927
"Mech_RPM",66652.6,415.024
"Mech_RPM",66652.6,415.024
"Mech_RPM",66652.6,415.119
"Mech_RPM",66652.6,415.119
"Mech_RPM",66652.6,415.098
"Mech_RPM",66652.6,415.098
"Mech_RPM",66652.6,415.151
"Mech_RPM",66652.6,415.151
"Mech_RPM",66652.6,415.254
"Mech_RPM",66652.7,415.254
"Mech_RPM",66652.7,415.24
"Mech_RPM",66652.7,415.24
"Mech_RPM",66652.7,415.363
"Mech_RPM",66652.7,415.363
"Mech_RPM",66652.7,415.326
"Mech_RPM",66652.7,415.326
"Mech_RPM",66652.7,415.291
"Mech_RPM",66652.7,415.291
"Mech_RPM",66652.7,415.391
"Mech_RPM",66652.8,415.391
"Mech_RPM",66652.8,415.541
"Mech_RPM",66652.8,415.541
"Mech_RPM",66652.8,415.47
"Mech_RPM",66652.8,415.47
"Mech_RPM",66652.8,415.525
"Mech_RPM",66652.8,415.525
"Mech_RPM",66652.8,415.611
"Mech_RPM",66652.8,415.611
"Mech_RPM",66652.8,415.559
"Mech_RPM",66652.9,415.559
"Mech_RPM",66652.9,415.664
"Mech_RPM",66652.9,415.664
"Mech_RPM",66652.9,415.664
"Mech_RPM",66652.9,415.664
"Mech_RPM",66652.9,415.83
"Mech_RPM",66652.9,415.83
"Mech_RPM",66652.9,415.805
"Mech_RPM",66652.9,415.805
"Mech_RPM",66652.9,415.853
"Mech_RPM",66653,415.853
"Mech_RPM",66653,415.963
"Mech_RPM",66653,415.963
"Mech_RPM",66653,415.883
"Mech_RPM",66653,415.883
"Mech_RPM",66653,415.982
"Mech_RPM",66653,415.982
"Mech_RPM",66653,416.007
"Mech_RPM",66653,416.007
"Mech_RPM",66653,416.155
"Mech_RPM",66653.1,416.155
"Mech_RPM",66653.1,416.04
"Mech_RPM",66653.1,416.04
"Mech_RPM",66653.1,416.136
"Mech_RPM",66653.1,416.136
"Mech_RPM",66653.1,416.084
"Mech_RPM",66653.1,416.084
"Mech_RPM",66653.1,416.127
"Mech_RPM",66653.1,416.127
"Mech_RPM",66653.1,416.013
"Mech_RPM",66653.2,416.013
"Mech_RPM",66653.2,415.88
"Mech_RPM",66653.2,415.88
"Mech_RPM",66653.2,415.823
"Mech_RPM",66653.2,415.823
"Mech_RPM",66653.2,415.559
"Mech_RPM",66653.2,415.559
"Mech_RPM",66653.2,415.31
"Mech_RPM",66653.2,415.31
"Mech_RPM",66653.2,415.004
"Mech_RPM",66653.3,415.004
"Mech_RPM",66653.3,414.756
"Mech_RPM",66653.3,414.756
"Mech_RPM",66653.3,414.461
"Mech_RPM",66653.3,414.461
"Mech_RPM",66653.3,414.078
"Mech_RPM",66653.3,414.078
"Mech_RPM",66653.3,413.838
"Mech_RPM",66653.3,413.838
"Mech_RPM",66653.3,413.342
"Mech_RPM",66653.4,413.342
"Mech_RPM",66653.4,412.961
"Mech_RPM",66653.4,412.961
"Mech_RPM",66653.4,412.67
"Mech_RPM",66653.4,412.67
"Mech_RPM",66653.4,412.157
"Mech_RPM",66653.4,412.157
"Mech_RPM",66653.4,411.695
"Mech_RPM",66653.4,411.695
"Mech_RPM",66653.4,411.253
"Mech_RPM",66653.5,411.253
"Mech_RPM",66653.5,410.736
"Mech_RPM",66653.5,410.736
"Mech_RPM",66653.5,410.177
"Mech_RPM",66653.5,410.177
"Mech_RPM",66653.5,409.609
"Mech_RPM",66653.5,409.609
"Mech_RPM",66653.5,408.907
"Mech_RPM",66653.5,408.907
"Mech_RPM",66653.5,408.343
"Mech_RPM",66653.6,408.343
"Mech_RPM",66653.6,407.707
"Mech_RPM",66653.6,407.707
"Mech_RPM",66653.6,407.095
"Mech_RPM",66653.6,407.095
"Mech_RPM",66653.6,406.328
"Mech_RPM",66653.6,406.328
"Mech_RPM",66653.6,405.618
"Mech_RPM",66653.6,405.618
"Mech_RPM",66653.6,404.902
"Mech_RPM",66653.7,404.902
"Mech_RPM",66653.7,404.22
"Mech_RPM",66653.7,404.22
"Mech_RPM",66653.7,403.386
"Mech_RPM",66653.7,403.386
"Mech_RPM",66653.7,402.745
"Mech_RPM",66653.7,402.745
"Mech_RPM",66653.7,401.951
"Mech_RPM",66653.7,401.951
"Mech_RPM",66653.8,401.099
"Mech_RPM",66653.8,401.099
"Mech_RPM",66653.8,400.15
"Mech_RPM",66653.8,400.15
"Mech_RPM",66653.8,399.335
"Mech_RPM",66653.8,399.335
"Mech_RPM",66653.8,398.483
"Mech_RPM",66653.8,398.483
"Mech_RPM",66653.8,397.639
"Mech_RPM",66653.8,397.639
"Mech_RPM",66653.9,396.665
"Mech_RPM",66653.9,396.665
"Mech_RPM",66653.9,395.784
"Mech_RPM",66653.9,395.784
"Mech_RPM",66653.9,394.837
"Mech_RPM",66653.9,394.837
"Mech_RPM",66653.9,393.878
"Mech_RPM",66653.9,393.878
"Mech_RPM",66653.9,392.854
"Mech_RPM",66653.9,392.854
"Mech_RPM",66653.9,391.914
"Mech_RPM",66654,391.914
"Mech_RPM",66654,390.94
"Mech_RPM",66654,390.94
"Mech_RPM",66654,389.871
"Mech_RPM",66654,389.871
"Mech_RPM",66654,388.855
"Mech_RPM",66654,388.855
"Mech_RPM",66654,387.839
"Mech_RPM",66654,387.839
"Mech_RPM",66654,386.863
"Mech_RPM",66654.1,386.863
"Mech_RPM",66654.1,385.772
"Mech_RPM",66654.1,385.772
"Mech_RPM",66654.1,384.796
"Mech_RPM",66654.1,384.796
"Mech_RPM",66654.1,383.704
"Mech_RPM",66654.1,383.704
"Mech_RPM",66654.1,382.655
"Mech_RPM",66654.1,382.655
"Mech_RPM",66654.1,381.543
"Mech_RPM",66654.2,381.543
"Mech_RPM",66654.2,380.496
"Mech_RPM",66654.2,380.496
"Mech_RPM",66654.2,379.334
"Mech_RPM",66654.2,379.334
"Mech_RPM",66654.2,378.185
"Mech_RPM",66654.2,378.185
"Mech_RPM",66654.2,376.965
"Mech_RPM",66654.2,376.965
"Mech_RPM",66654.2,375.821
"Mech_RPM",66654.3,375.821
"Mech_RPM",66654.3,374.701
"Mech_RPM",66654.3,374.701
"Mech_RPM",66654.3,373.457
"Mech_RPM",66654.3,373.457
"Mech_RPM",66654.3,372.311
"Mech_RPM",66654.3,372.311
"Mech_RPM",66654.3,371.166
"Mech_RPM",66654.3,371.166
"Mech_RPM",66654.4,370.056
"Mech_RPM",66654.4,370.056
"Mech_RPM",66654.4,368.852
"Mech_RPM",66654.4,368.852
"Mech_RPM",66654.4,367.59
"Mech_RPM",66654.4,367.59
"Mech_RPM",66654.4,366.394
"Mech_RPM",66654.4,366.394
"Mech_RPM",66654.4,365.254
"Mech_RPM",66654.4,365.254
"Mech_RPM",66654.4,363.991
"Mech_RPM",66654.5,363.991
"Mech_RPM",66654.5,362.763
"Mech_RPM",66654.5,362.763
"Mech_RPM",66654.5,361.466
"Mech_RPM",66654.5,361.466
"Mech_RPM",66654.5,360.216
"Mech_RPM",66654.5,360.216
"Mech_RPM",66654.5,358.897
"Mech_RPM",66654.5,358.897
"Mech_RPM",66654.5,357.604
"Mech_RPM",66654.6,357.604
"Mech_RPM",66654.6,356.379
"Mech_RPM",66654.6,356.379
"Mech_RPM",66654.6,355.116
"Mech_RPM",66654.6,355.116
"Mech_RPM",66654.6,353.795
"Mech_RPM",66654.6,353.795
"Mech_RPM",66654.6,352.521
"Mech_RPM",66654.6,352.521
"Mech_RPM",66654.7,351.19
"Mech_RPM",66654.7,351.19
"Mech_RPM",66654.7,349.958
"Mech_RPM",66654.7,349.958
"Mech_RPM",66654.7,348.615
"Mech_RPM",66654.7,348.615
"Mech_RPM",66654.8,347.267
"Mech_RPM",66654.8,347.267
"Mech_RPM",66654.8,346.041
"Mech_RPM",66654.8,346.041
"Mech_RPM",66654.8,344.818
"Mech_RPM",66654.8,344.818
"Mech_RPM",66654.8,343.463
"Mech_RPM",66654.8,343.463
"Mech_RPM",66654.9,342.209
"Mech_RPM",66654.9,342.209
"Mech_RPM",66654.9,340.802
"Mech_RPM",66654.9,340.802
"Mech_RPM",66654.9,339.507
"Mech_RPM",66654.9,339.507
"Mech_RPM",66655,338.123
"Mech_RPM",66655,336.798
"Mech_RPM",66655,336.798
"Mech_RPM",66655,335.552
"Mech_RPM",66655,331.388
"Mech_RPM",66655,329.999
"Mech_RPM",66655.1,329.999
"Mech_RPM",66655.1,328.702
"Mech_RPM",66655.1,328.702
"Mech_RPM",66655.1,327.336
"Mech_RPM",66655.1,327.336
"Mech_RPM",66655.1,325.987
"Mech_RPM",66655.1,325.987
"Mech_RPM",66655.1,324.499
"Mech_RPM",66655.1,324.499
"Mech_RPM",66655.1,323.196
"Mech_RPM",66655.2,323.196
"Mech_RPM",66655.2,321.878
"Mech_RPM",66655.2,321.878
"Mech_RPM",66655.2,320.503
"Mech_RPM",66655.2,320.503
"Mech_RPM",66655.2,319.082
"Mech_RPM",66655.2,319.082
"Mech_RPM",66655.2,317.638
"Mech_RPM",66655.2,317.638
"Mech_RPM",66655.2,316.233
"Mech_RPM",66655.2,316.233
"Mech_RPM",66655.2,314.878
"Mech_RPM",66655.3,314.878
"Mech_RPM",66655.3,313.507
"Mech_RPM",66655.3,313.507
"Mech_RPM",66655.3,312.112
"Mech_RPM",66655.3,312.112
"Mech_RPM",66655.3,310.661
"Mech_RPM",66655.3,310.661
"Mech_RPM",66655.3,309.25
"Mech_RPM",66655.3,309.25
"Mech_RPM",66655.3,307.826
"Mech_RPM",66655.4,307.826
"Mech_RPM",66655.4,306.398
"Mech_RPM",66655.4,306.398
"Mech_RPM",66655.4,304.947
"Mech_RPM",66655.4,304.947
"Mech_RPM",66655.4,303.463
"Mech_RPM",66655.4,303.463
"Mech_RPM",66655.4,302.05
"Mech_RPM",66655.4,302.05
"Mech_RPM",66655.4,300.582
"Mech_RPM",66655.4,300.582
"Mech_RPM",66655.5,299.143
"Mech_RPM",66655.5,299.143
"Mech_RPM",66655.5,297.692
"Mech_RPM",66655.5,297.692
"Mech_RPM",66655.5,296.363
"Mech_RPM",66655.5,296.363
"Mech_RPM",66655.5,294.998
"Mech_RPM",66655.5,294.998
"Mech_RPM",66655.5,293.577
"Mech_RPM",66655.5,293.577
"Mech_RPM",66655.6,292.174
"Mech_RPM",66655.6,292.174
"Mech_RPM",66655.6,290.748
"Mech_RPM",66655.6,290.748
"Mech_RPM",66655.6,289.297
"Mech_RPM",66655.6,289.297
"Mech_RPM",66655.6,287.886
"Mech_RPM",66655.6,287.886
"Mech_RPM",66655.6,286.504
"Mech_RPM",66655.6,286.504
"Mech_RPM",66655.6,285.065
"Mech_RPM",66655.6,285.065
"Mech_RPM",66655.7,283.687
"Mech_RPM",66655.7,283.687
"Mech_RPM",66655.7,282.211
"Mech_RPM",66655.7,282.211
"Mech_RPM",66655.7,280.817
"Mech_RPM",66655.7,280.817
"Mech_RPM",66655.7,279.44
"Mech_RPM",66655.7,279.44
"Mech_RPM",66655.7,278.07
"Mech_RPM",66655.7,278.07
"Mech_RPM",66655.8,276.644
"Mech_RPM",66655.8,276.644
"Mech_RPM",66655.8,275.163
"Mech_RPM",66655.8,275.163
"Mech_RPM",66655.8,273.733
"Mech_RPM",66655.8,273.733
"Mech_RPM",66655.8,272.341
"Mech_RPM",66655.8,272.341
"Mech_RPM",66655.8,270.874
"Mech_RPM",66655.8,270.874
"Mech_RPM",66655.8,269.508
"Mech_RPM",66655.8,269.508
"Mech_RPM",66655.9,268.024
"Mech_RPM",66655.9,268.024
"Mech_RPM",66655.9,266.622
"Mech_RPM",66655.9,266.622
"Mech_RPM",66655.9,265.279
"Mech_RPM",66655.9,265.279
"Mech_RPM",66655.9,263.807
"Mech_RPM",66655.9,263.807
"Mech_RPM",66655.9,262.385
"Mech_RPM",66655.9,262.385
"Mech_RPM",66656,260.94
"Mech_RPM",66656,260.94
"Mech_RPM",66656,259.523
"Mech_RPM",66656,259.523
"Mech_RPM",66656,258.135
"Mech_RPM",66656,258.135
"Mech_RPM",66656,256.774
"Mech_RPM",66656,256.774
"Mech_RPM",66656,255.388
"Mech_RPM",66656,255.388
"Mech_RPM",66656.1,253.937
"Mech_RPM",66656.1,253.937
"Mech_RPM",66656.1,252.535
"Mech_RPM",66656.1,252.535
"Mech_RPM",66656.1,251.151
"Mech_RPM",66656.1,251.151
"Mech_RPM",66656.1,249.701
"Mech_RPM",66656.1,249.701
"Mech_RPM",66656.1,248.311
"Mech_RPM",66656.1,248.311
"Mech_RPM",66656.1,246.855
"Mech_RPM",66656.2,246.855
"Mech_RPM",66656.2,245.408
"Mech_RPM",66656.2,245.408
"Mech_RPM",66656.2,244.125
"Mech_RPM",66656.2,244.125
"Mech_RPM",66656.2,242.732
"Mech_RPM",66656.2,242.732
"Mech_RPM",66656.2,241.315
"Mech_RPM",66656.2,241.315
"Mech_RPM",66656.2,239.936
"Mech_RPM",66656.3,239.936
"Mech_RPM",66656.3,238.502
"Mech_RPM",66656.3,238.502
"Mech_RPM",66656.3,237.045
"Mech_RPM",66656.3,237.045
"Mech_RPM",66656.3,235.648
"Mech_RPM",66656.3,235.648
"Mech_RPM",66656.3,234.278
"Mech_RPM",66656.3,234.278
"Mech_RPM",66656.4,232.937
"Mech_RPM",66656.4,232.937
"Mech_RPM",66656.4,231.59
"Mech_RPM",66656.4,231.59
"Mech_RPM",66656.4,230.24
"Mech_RPM",66656.4,230.24
"Mech_RPM",66656.4,228.885
"Mech_RPM",66656.4,228.885
"Mech_RPM",66656.4,227.547
"Mech_RPM",66656.5,227.547
"Mech_RPM",66656.5,226.069
"Mech_RPM",66656.5,226.069
"Mech_RPM",66656.5,224.724
"Mech_RPM",66656.5,224.724
"Mech_RPM",66656.5,223.303
"Mech_RPM",66656.5,223.303
"Mech_RPM",66656.5,221.962
"Mech_RPM",66656.5,221.962
"Mech_RPM",66656.5,220.596
"Mech_RPM",66656.5,220.596
"Mech_RPM",66656.6,219.236
"Mech_RPM",66656.6,219.236
"Mech_RPM",66656.6,217.841
"Mech_RPM",66656.6,217.841
"Mech_RPM",66656.6,216.411
"Mech_RPM",66656.6,216.411
"Mech_RPM",66656.6,215.041
"Mech_RPM",66656.6,215.041
"Mech_RPM",66656.6,213.678
"Mech_RPM",66656.6,213.678
"Mech_RPM",66656.7,212.31
"Mech_RPM",66656.7,212.31
"Mech_RPM",66656.7,210.908
"Mech_RPM",66656.7,210.908
"Mech_RPM",66656.7,209.492
"Mech_RPM",66656.7,209.492
"Mech_RPM",66656.7,208.104
"Mech_RPM",66656.7,208.104
"Mech_RPM",66656.7,206.692
"Mech_RPM",66656.8,206.692
"Mech_RPM",66656.8,205.35
"Mech_RPM",66656.8,205.35
"Mech_RPM",66656.8,203.972
"Mech_RPM",66656.8,203.972
"Mech_RPM",66656.8,202.622
"Mech_RPM",66656.8,202.622
"Mech_RPM",66656.8,201.319
"Mech_RPM",66656.8,201.319
"Mech_RPM",66656.8,200.001
"Mech_RPM",66656.9,200.001
"Mech_RPM",66656.9,198.637
"Mech_RPM",66656.9,198.637
"Mech_RPM",66656.9,197.31
"Mech_RPM",66656.9,197.31
"Mech_RPM",66656.9,195.926
"Mech_RPM",66656.9,195.926
"Mech_RPM",66656.9,194.549
"Mech_RPM",66656.9,194.549
"Mech_RPM",66656.9,193.158
"Mech_RPM",66656.9,193.158
"Mech_RPM",66657,191.805
"Mech_RPM",66657,191.805
"Mech_RPM",66657,190.459
"Mech_RPM",66657,190.459
"Mech_RPM",66657,189.15
"Mech_RPM",66657,189.15
"Mech_RPM",66657,187.783
"Mech_RPM",66657,187.783
"Mech_RPM",66657,186.465
"Mech_RPM",66657,186.465
"Mech_RPM",66657.1,185.101
"Mech_RPM",66657.1,185.101
"Mech_RPM",66657.1,183.774
"Mech_RPM",66657.1,183.774
"Mech_RPM",66657.1,182.473
"Mech_RPM",66657.1,182.473
"Mech_RPM",66657.1,181.136
"Mech_RPM",66657.1,181.136
"Mech_RPM",66657.1,179.763
"Mech_RPM",66657.1,179.763
"Mech_RPM",66657.2,178.408
"Mech_RPM",66657.2,178.408
"Mech_RPM",66657.2,177.079
"Mech_RPM",66657.2,177.079
"Mech_RPM",66657.2,175.777
"Mech_RPM",66657.2,175.777
"Mech_RPM",66657.2,174.439
"Mech_RPM",66657.2,174.439
"Mech_RPM",66657.2,173.117
"Mech_RPM",66657.2,173.117
"Mech_RPM",66657.3,171.81
"Mech_RPM",66657.3,171.81
"Mech_RPM",66657.3,170.489
"Mech_RPM",66657.3,170.489
"Mech_RPM",66657.3,169.246
"Mech_RPM",66657.3,169.246
"Mech_RPM",66657.3,167.934
"Mech_RPM",66657.3,167.934
"Mech_RPM",66657.3,166.69
"Mech_RPM",66657.3,166.69
"Mech_RPM",66657.4,165.418
"Mech_RPM",66657.4,165.418
"Mech_RPM",66657.4,164.11
"Mech_RPM",66657.4,164.11
"Mech_RPM",66657.4,162.817
"Mech_RPM",66657.4,162.817
"Mech_RPM",66657.4,161.54
"Mech_RPM",66657.4,161.54
"Mech_RPM",66657.4,160.257
"Mech_RPM",66657.5,160.257
"Mech_RPM",66657.5,158.979
"Mech_RPM",66657.5,158.979
"Mech_RPM",66657.5,157.716
"Mech_RPM",66657.5,157.716
"Mech_RPM",66657.5,156.395
"Mech_RPM",66657.5,156.395
"Mech_RPM",66657.5,155.163
"Mech_RPM",66657.5,155.163
"Mech_RPM",66657.5,153.935
"Mech_RPM",66657.5,153.935
"Mech_RPM",66657.6,152.7
"Mech_RPM",66657.6,152.7
"Mech_RPM",66657.6,151.386
"Mech_RPM",66657.6,151.386
"Mech_RPM",66657.6,150.181
"Mech_RPM",66657.6,150.181
"Mech_RPM",66657.6,148.938
"Mech_RPM",66657.6,148.938
"Mech_RPM",66657.6,147.636
"Mech_RPM",66657.6,147.636
"Mech_RPM",66657.7,146.339
"Mech_RPM",66657.7,146.339
"Mech_RPM",66657.7,145.121
"Mech_RPM",66657.7,145.121
"Mech_RPM",66657.7,143.896
"Mech_RPM",66657.7,143.896
"Mech_RPM",66657.7,142.622
"Mech_RPM",66657.7,142.622
"Mech_RPM",66657.7,141.332
"Mech_RPM",66657.8,141.332
"Mech_RPM",66657.8,140.057
"Mech_RPM",66657.8,140.057
"Mech_RPM",66657.8,138.829
"Mech_RPM",66657.8,138.829
"Mech_RPM",66657.8,137.532
"Mech_RPM",66657.8,137.532
"Mech_RPM",66657.8,136.312
"Mech_RPM",66657.8,136.312
"Mech_RPM",66657.8,135.086
"Mech_RPM",66657.9,135.086
"Mech_RPM",66657.9,133.853
"Mech_RPM",66657.9,133.853
"Mech_RPM",66657.9,132.634
"Mech_RPM",66657.9,132.634
"Mech_RPM",66657.9,131.398
"Mech_RPM",66657.9,131.398
"Mech_RPM",66657.9,130.208
"Mech_RPM",66657.9,130.208
"Mech_RPM",66657.9,129
"Mech_RPM",66658,129
"Mech_RPM",66658,127.815
"Mech_RPM",66658,127.815
"Mech_RPM",66658,126.561
"Mech_RPM",66658,126.561
"Mech_RPM",66658,125.405
"Mech_RPM",66658,125.405
"Mech_RPM",66658,124.189
"Mech_RPM",66658,124.189
"Mech_RPM",66658,123.017
"Mech_RPM",66658.1,123.017
"Mech_RPM",66658.1,121.838
"Mech_RPM",66658.1,121.838
"Mech_RPM",66658.1,120.683
"Mech_RPM",66658.1,120.683
"Mech_RPM",66658.1,119.436
"Mech_RPM",66658.1,119.436
"Mech_RPM",66658.1,118.276
"Mech_RPM",66658.1,118.276
"Mech_RPM",66658.1,117.056
"Mech_RPM",66658.2,117.056
"Mech_RPM",66658.2,115.882
"Mech_RPM",66658.2,115.882
"Mech_RPM",66658.2,114.71
"Mech_RPM",66658.2,114.71
"Mech_RPM",66658.2,113.541
"Mech_RPM",66658.2,113.541
"Mech_RPM",66658.2,112.364
"Mech_RPM",66658.2,112.364
"Mech_RPM",66658.2,111.148
"Mech_RPM",66658.2,111.148
"Mech_RPM",66658.3,109.998
"Mech_RPM",66658.3,109.998
"Mech_RPM",66658.3,108.86
"Mech_RPM",66658.3,108.86
"Mech_RPM",66658.3,107.642
"Mech_RPM",66658.3,107.642
"Mech_RPM",66658.3,106.499
"Mech_RPM",66658.3,106.499
"Mech_RPM",66658.3,105.348
"Mech_RPM",66658.4,105.348
"Mech_RPM",66658.4,104.189
"Mech_RPM",66658.4,104.189
"Mech_RPM",66658.4,103.001
"Mech_RPM",66658.4,103.001
"Mech_RPM",66658.4,101.827
"Mech_RPM",66658.4,101.827
"Mech_RPM",66658.4,100.717
"Mech_RPM",66658.4,100.717
"Mech_RPM",66658.4,99.5675
"Mech_RPM",66658.5,99.5675
"Mech_RPM",66658.5,98.4199
"Mech_RPM",66658.5,98.4199
"Mech_RPM",66658.5,97.3057
"Mech_RPM",66658.5,97.3057
"Mech_RPM",66658.5,96.0991
"Mech_RPM",66658.5,96.0991
"Mech_RPM",66658.5,94.9792
"Mech_RPM",66658.5,94.9792
"Mech_RPM",66658.5,93.8192
"Mech_RPM",66658.6,93.8192
"Mech_RPM",66658.6,92.672
"Mech_RPM",66658.6,92.672
"Mech_RPM",66658.6,91.5582
"Mech_RPM",66658.6,91.5582
"Mech_RPM",66658.6,90.4458
"Mech_RPM",66658.6,90.4458
"Mech_RPM",66658.6,89.3348
"Mech_RPM",66658.6,89.3348
"Mech_RPM",66658.6,88.2356
"Mech_RPM",66658.7,88.2356
"Mech_RPM",66658.7,87.0854
"Mech_RPM",66658.7,87.0854
"Mech_RPM",66658.7,85.9791
"Mech_RPM",66658.7,85.9791
"Mech_RPM",66658.7,84.8429
"Mech_RPM",66658.7,84.8429
"Mech_RPM",66658.7,83.6669
"Mech_RPM",66658.7,83.6669
"Mech_RPM",66658.7,82.5456
"Mech_RPM",66658.8,82.5456
"Mech_RPM",66658.8,81.3947
"Mech_RPM",66658.8,81.3947
"Mech_RPM",66658.8,80.2668
"Mech_RPM",66658.8,80.2668
"Mech_RPM",66658.8,79.1615
"Mech_RPM",66658.8,79.1615
"Mech_RPM",66658.8,78.0678
"Mech_RPM",66658.8,78.0678
"Mech_RPM",66658.8,77.0169
"Mech_RPM",66658.9,77.0169
"Mech_RPM",66658.9,75.9453
"Mech_RPM",66658.9,75.9453
"Mech_RPM",66658.9,74.8743
"Mech_RPM",66658.9,74.8743
"Mech_RPM",66658.9,73.7935
"Mech_RPM",66658.9,73.7935
"Mech_RPM",66658.9,72.7134
"Mech_RPM",66658.9,72.7134
"Mech_RPM",66658.9,71.5925
"Mech_RPM",66659,71.5925
"Mech_RPM",66659,70.5461
"Mech_RPM",66659,70.5461
"Mech_RPM",66659,69.4997
"Mech_RPM",66659,69.4997
"Mech_RPM",66659,68.4535
"Mech_RPM",66659,68.4535
"Mech_RPM",66659,67.4282
"Mech_RPM",66659,67.4282
"Mech_RPM",66659,66.3504
"Mech_RPM",66659.1,66.3504
"Mech_RPM",66659.1,65.3047
"Mech_RPM",66659.1,65.3047
"Mech_RPM",66659.1,64.3111
"Mech_RPM",66659.1,64.3111
"Mech_RPM",66659.1,63.2228
"Mech_RPM",66659.1,63.2228
"Mech_RPM",66659.1,62.2188
"Mech_RPM",66659.1,62.2188
"Mech_RPM",66659.1,61.1931
"Mech_RPM",66659.2,61.1931
"Mech_RPM",66659.2,60.2713
"Mech_RPM",66659.2,60.2713
"Mech_RPM",66659.2,59.2743
"Mech_RPM",66659.2,59.2743
"Mech_RPM",66659.2,58.3284
"Mech_RPM",66659.2,58.3284
"Mech_RPM",66659.2,57.3076
"Mech_RPM",66659.2,57.3076
"Mech_RPM",66659.2,56.2761
"Mech_RPM",66659.2,56.2761
"Mech_RPM",66659.3,55.2547
"Mech_RPM",66659.3,55.2547
"Mech_RPM",66659.3,54.2017
"Mech_RPM",66659.3,54.2017
"Mech_RPM",66659.3,53.1906
"Mech_RPM",66659.3,53.1906
"Mech_RPM",66659.3,52.2205
"Mech_RPM",66659.3,52.2205
"Mech_RPM",66659.3,51.1657
"Mech_RPM",66659.4,51.1657
"Mech_RPM",66659.4,50.1424
"Mech_RPM",66659.4,50.1424
"Mech_RPM",66659.4,49.1708
"Mech_RPM",66659.4,49.1708
"Mech_RPM",66659.4,48.1874
"Mech_RPM",66659.4,48.1874
"Mech_RPM",66659.4,47.1507
"Mech_RPM",66659.4,47.1507
"Mech_RPM",66659.4,46.166
"Mech_RPM",66659.4,46.166
"Mech_RPM",66659.5,45.2635
"Mech_RPM",66659.5,45.2635
"Mech_RPM",66659.5,44.3791
"Mech_RPM",66659.5,44.3791
"Mech_RPM",66659.5,43.4915
"Mech_RPM",66659.5,43.4915
"Mech_RPM",66659.5,42.6425
"Mech_RPM",66659.5,42.6425
"Mech_RPM",66659.5,41.8313
"Mech_RPM",66659.5,41.8313
"Mech_RPM",66659.6,40.9947
"Mech_RPM",66659.6,40.9947
"Mech_RPM",66659.6,40.1644
"Mech_RPM",66659.6,40.1644
"Mech_RPM",66659.6,39.4236
"Mech_RPM",66659.6,39.4236
"Mech_RPM",66659.6,38.6455
"Mech_RPM",66659.6,38.6455
"Mech_RPM",66659.6,37.9143
"Mech_RPM",66659.6,37.9143
"Mech_RPM",66659.7,37.2081
"Mech_RPM",66659.7,37.2081
"Mech_RPM",66659.7,36.4118
"Mech_RPM",66659.7,36.4118
"Mech_RPM",66659.7,35.6732
"Mech_RPM",66659.7,35.6732
"Mech_RPM",66659.7,34.9701
"Mech_RPM",66659.7,34.9701
"Mech_RPM",66659.7,34.2395
"Mech_RPM",66659.7,34.2395
"Mech_RPM",66659.8,33.5651
"Mech_RPM",66659.8,33.5651
"Mech_RPM",66659.8,32.8417
"Mech_RPM",66659.8,32.8417
"Mech_RPM",66659.8,32.1953
"Mech_RPM",66659.8,32.1953
"Mech_RPM",66659.8,31.5722
"Mech_RPM",66659.8,31.5722
"Mech_RPM",66659.8,30.9304
"Mech_RPM",66659.8,30.9304
"Mech_RPM",66659.9,30.3014
"Mech_RPM",66659.9,30.3014
"Mech_RPM",66659.9,29.737
"Mech_RPM",66659.9,29.737
"Mech_RPM",66659.9,29.111
"Mech_RPM",66659.9,29.111
"Mech_RPM",66659.9,28.5184
"Mech_RPM",66659.9,28.5184
"Mech_RPM",66659.9,27.9793
"Mech_RPM",66659.9,27.9793
"Mech_RPM",66660,27.4197
"Mech_RPM",66660,27.4197
"Mech_RPM",66660,26.8817
"Mech_RPM",66660,26.8817
"Mech_RPM",66660,26.3336
"Mech_RPM",66660,26.3336
"Mech_RPM",66660,25.7653
"Mech_RPM",66660,25.7653
"Mech_RPM",66660,25.2812
"Mech_RPM",66660,25.2812
"Mech_RPM",66660.1,24.8173
"Mech_RPM",66660.1,24.8173
"Mech_RPM",66660.1,24.3001
"Mech_RPM",66660.1,24.3001
"Mech_RPM",66660.1,23.8454
"Mech_RPM",66660.1,23.8454
"Mech_RPM",66660.1,23.3997
"Mech_RPM",66660.1,23.3997
"Mech_RPM",66660.1,22.9109
"Mech_RPM",66660.1,22.9109
"Mech_RPM",66660.2,22.5047
"Mech_RPM",66660.2,22.5047
"Mech_RPM",66660.2,22.0755
"Mech_RPM",66660.2,22.0755
"Mech_RPM",66660.2,21.6235
"Mech_RPM",66660.2,21.6235
"Mech_RPM",66660.2,21.2119
"Mech_RPM",66660.2,21.2119
"Mech_RPM",66660.2,20.7564
"Mech_RPM",66660.2,20.7564
"Mech_RPM",66660.3,20.3309
"Mech_RPM",66660.3,20.3309
"Mech_RPM",66660.3,19.8409
"Mech_RPM",66660.3,19.8409
"Mech_RPM",66660.3,19.3712
"Mech_RPM",66660.3,19.3712
"Mech_RPM",66660.3,18.9734
"Mech_RPM",66660.3,18.9734
"Mech_RPM",66660.3,18.5939
"Mech_RPM",66660.3,18.5939
"Mech_RPM",66660.4,18.2637
"Mech_RPM",66660.4,18.2637
"Mech_RPM",66660.4,17.888
"Mech_RPM",66660.4,17.888
"Mech_RPM",66660.4,17.4886
"Mech_RPM",66660.4,17.4886
"Mech_RPM",66660.4,17.0971
"Mech_RPM",66660.4,17.0971
"Mech_RPM",66660.4,16.7968
"Mech_RPM",66660.4,16.7968
"Mech_RPM",66660.4,16.5026
"Mech_RPM",66660.5,16.5026
"Mech_RPM",66660.5,16.1413
"Mech_RPM",66660.5,16.1413
"Mech_RPM",66660.5,15.7976
"Mech_RPM",66660.5,15.7976
"Mech_RPM",66660.5,15.4504
"Mech_RPM",66660.5,15.4504
"Mech_RPM",66660.5,15.1935
"Mech_RPM",66660.5,15.1935
"Mech_RPM",66660.5,14.8896
"Mech_RPM",66660.6,14.8896
"Mech_RPM",66660.6,14.6127
"Mech_RPM",66660.6,14.6127
"Mech_RPM",66660.6,14.31
"Mech_RPM",66660.6,14.31
"Mech_RPM",66660.6,14.0134
"Mech_RPM",66660.6,14.0134
"Mech_RPM",66660.6,13.7227
"Mech_RPM",66660.6,13.7227
"Mech_RPM",66660.6,13.5003
"Mech_RPM",66660.7,13.5003
"Mech_RPM",66660.7,13.2095
"Mech_RPM",66660.7,13.2095
"Mech_RPM",66660.7,12.9661
"Mech_RPM",66660.7,12.9661
"Mech_RPM",66660.7,12.7276
"Mech_RPM",66660.7,12.7276
"Mech_RPM",66660.7,12.4731
"Mech_RPM",66660.7,12.4731
"Mech_RPM",66660.7,12.2549
"Mech_RPM",66660.8,12.2549
"Mech_RPM",66660.8,11.9889
"Mech_RPM",66660.8,11.9889
"Mech_RPM",66660.8,11.7283
"Mech_RPM",66660.8,11.7283
"Mech_RPM",66660.8,11.4833
"Mech_RPM",66660.8,11.4833
"Mech_RPM",66660.8,11.2433
"Mech_RPM",66660.8,11.2433
"Mech_RPM",66660.8,11.0184
"Mech_RPM",66660.9,11.0184
"Mech_RPM",66660.9,10.8189
"Mech_RPM",66660.9,10.8189
"Mech_RPM",66660.9,10.6337
"Mech_RPM",66660.9,10.6337
"Mech_RPM",66660.9,10.3794
"Mech_RPM",66660.9,10.3794
"Mech_RPM",66660.9,10.1614
"Mech_RPM",66660.9,10.1614
"Mech_RPM",66660.9,9.99983
"Mech_RPM",66661,9.99983
"Mech_RPM",66661,9.779
"Mech_RPM",66661,9.779
"Mech_RPM",66661,9.53133
"Mech_RPM",66661,9.53133
"Mech_RPM",66661,9.37195
"Mech_RPM",66661,9.37195
"Mech_RPM",66661,9.20535
"Mech_RPM",66661,9.20535
"Mech_RPM",66661,9.01083
"Mech_RPM",66661.1,9.01083
"Mech_RPM",66661.1,8.83061
"Mech_RPM",66661.1,8.83061
"Mech_RPM",66661.1,8.7165
"Mech_RPM",66661.1,8.7165
"Mech_RPM",66661.1,8.563
"Mech_RPM",66661.1,8.563
"Mech_RPM",66661.1,8.38132
"Mech_RPM",66661.1,8.38132
"Mech_RPM",66661.1,8.26578
"Mech_RPM",66661.2,8.26578
"Mech_RPM",66661.2,8.09005
"Mech_RPM",66661.2,8.09005
"Mech_RPM",66661.2,7.897
"Mech_RPM",66661.2,7.897
"Mech_RPM",66661.2,7.74947
"Mech_RPM",66661.2,7.74947
"Mech_RPM",66661.2,7.64657
"Mech_RPM",66661.2,7.64657
"Mech_RPM",66661.2,7.45197
"Mech_RPM",66661.3,7.45197
"Mech_RPM",66661.3,7.30293
"Mech_RPM",66661.3,7.30293
"Mech_RPM",66661.3,7.12562
"Mech_RPM",66661.3,7.12562
"Mech_RPM",66661.3,7.02477
"Mech_RPM",66661.3,7.02477
"Mech_RPM",66661.3,6.91553
"Mech_RPM",66661.3,6.91553
"Mech_RPM",66661.3,6.77722
"Mech_RPM",66661.4,6.77722
"Mech_RPM",66661.4,6.67292
"Mech_RPM",66661.4,6.67292
"Mech_RPM",66661.4,6.51863
"Mech_RPM",66661.4,6.51863
"Mech_RPM",66661.4,6.40909
"Mech_RPM",66661.4,6.40909
"Mech_RPM",66661.4,6.28091
"Mech_RPM",66661.4,6.28091
"Mech_RPM",66661.4,6.17613
"Mech_RPM",66661.5,6.17613
"Mech_RPM",66661.5,6.0526
"Mech_RPM",66661.5,6.0526
"Mech_RPM",66661.5,5.92113
"Mech_RPM",66661.5,5.92113
"Mech_RPM",66661.5,5.8548
"Mech_RPM",66661.5,5.8548
"Mech_RPM",66661.5,5.76895
"Mech_RPM",66661.5,5.76895
"Mech_RPM",66661.5,5.63274
"Mech_RPM",66661.6,5.63274
"Mech_RPM",66661.6,5.54092
"Mech_RPM",66661.6,5.54092
"Mech_RPM",66661.6,5.45093
"Mech_RPM",66661.6,5.45093
"Mech_RPM",66661.6,5.37316
"Mech_RPM",66661.6,5.37316
"Mech_RPM",66661.6,5.27612
"Mech_RPM",66661.6,5.27612
"Mech_RPM",66661.6,5.16018
"Mech_RPM",66661.7,5.16018
"Mech_RPM",66661.7,5.05697
"Mech_RPM",66661.7,5.05697
"Mech_RPM",66661.7,4.98708
"Mech_RPM",66661.7,4.98708
"Mech_RPM",66661.7,4.88734
"Mech_RPM",66661.7,4.88734
"Mech_RPM",66661.7,4.84168
"Mech_RPM",66661.7,4.84168
"Mech_RPM",66661.8,4.70318
"Mech_RPM",66661.8,4.70318
"Mech_RPM",66661.8,4.67162
"Mech_RPM",66661.8,4.67162
"Mech_RPM",66661.8,4.53652
"Mech_RPM",66661.8,4.53652
"Mech_RPM",66661.8,4.44579
"Mech_RPM",66661.8,4.44579
"Mech_RPM",66661.8,4.3152
"Mech_RPM",66661.8,4.3152
"Mech_RPM",66661.8,4.20807
"Mech_RPM",66661.9,4.20807
"Mech_RPM",66661.9,4.16557
"Mech_RPM",66661.9,4.16557
"Mech_RPM",66661.9,4.01976
"Mech_RPM",66661.9,4.01976
"Mech_RPM",66661.9,3.91853
"Mech_RPM",66661.9,3.91853
"Mech_RPM",66661.9,3.87141
"Mech_RPM",66661.9,3.87141
"Mech_RPM",66661.9,3.78357
"Mech_RPM",66662,3.78357
"Mech_RPM",66662,3.72873
"Mech_RPM",66662,3.72873
"Mech_RPM",66662,3.64374
"Mech_RPM",66662,3.64374
"Mech_RPM",66662,3.5917
"Mech_RPM",66662,3.5917
"Mech_RPM",66662,3.51986
"Mech_RPM",66662,3.51986
"Mech_RPM",66662,3.4078
"Mech_RPM",66662.1,3.4078
"Mech_RPM",66662.1,3.32923
"Mech_RPM",66662.1,3.32923
"Mech_RPM",66662.1,3.28347
"Mech_RPM",66662.1,3.28347
"Mech_RPM",66662.1,3.29072
"Mech_RPM",66662.1,3.29072
"Mech_RPM",66662.1,3.27699
"Mech_RPM",66662.1,3.27699
"Mech_RPM",66662.1,3.21145
"Mech_RPM",66662.2,3.21145
"Mech_RPM",66662.2,3.08472
"Mech_RPM",66662.2,3.08472
"Mech_RPM",66662.2,3.05428
"Mech_RPM",66662.2,3.05428
"Mech_RPM",66662.2,2.97236
"Mech_RPM",66662.2,2.97236
"Mech_RPM",66662.2,2.88166
"Mech_RPM",66662.2,2.88166
"Mech_RPM",66662.2,2.82403
"Mech_RPM",66662.3,2.82403
"Mech_RPM",66662.3,2.77796
"Mech_RPM",66662.3,2.77796
"Mech_RPM",66662.3,2.77449
"Mech_RPM",66662.3,2.77449
"Mech_RPM",66662.3,2.70858
"Mech_RPM",66662.3,2.70858
"Mech_RPM",66662.3,2.68566
"Mech_RPM",66662.3,2.68566
"Mech_RPM",66662.3,2.6007
"Mech_RPM",66662.4,2.6007
"Mech_RPM",66662.4,2.5591
"Mech_RPM",66662.4,2.5591
"Mech_RPM",66662.4,2.53917
"Mech_RPM",66662.4,2.53917
"Mech_RPM",66662.4,2.45713
"Mech_RPM",66662.4,2.45713
"Mech_RPM",66662.4,2.37674
"Mech_RPM",66662.4,2.37674
"Mech_RPM",66662.4,2.29796
"Mech_RPM",66662.5,2.29796
"Mech_RPM",66662.5,2.24158
"Mech_RPM",66662.5,2.24158
"Mech_RPM",66662.5,2.228
"Mech_RPM",66662.5,2.228
"Mech_RPM",66662.5,2.18344
"Mech_RPM",66662.5,2.18344
"Mech_RPM",66662.5,2.1606
"Mech_RPM",66662.5,2.1606
"Mech_RPM",66662.5,2.08614
"Mech_RPM",66662.6,2.08614
"Mech_RPM",66662.6,2.05484
"Mech_RPM",66662.6,2.05484
"Mech_RPM",66662.6,2.05541
"Mech_RPM",66662.6,2.05541
"Mech_RPM",66662.6,1.96221
"Mech_RPM",66662.6,1.96221
"Mech_RPM",66662.6,1.96464
"Mech_RPM",66662.6,1.96464
"Mech_RPM",66662.6,1.90451
"Mech_RPM",66662.7,1.90451
"Mech_RPM",66662.7,1.856
"Mech_RPM",66662.7,1.856
"Mech_RPM",66662.7,1.83972
"Mech_RPM",66662.7,1.83972
"Mech_RPM",66662.7,1.81334
"Mech_RPM",66662.7,1.81334
"Mech_RPM",66662.7,1.78749
"Mech_RPM",66662.7,1.78749
"Mech_RPM",66662.7,1.74132
"Mech_RPM",66662.8,1.74132
"Mech_RPM",66662.8,1.644
"Mech_RPM",66662.8,1.644
"Mech_RPM",66662.8,1.61112
"Mech_RPM",66662.8,1.61112
"Mech_RPM",66662.8,1.63098
"Mech_RPM",66662.8,1.63098
"Mech_RPM",66662.8,1.60877
"Mech_RPM",66662.8,1.60877
"Mech_RPM",66662.8,1.56618
"Mech_RPM",66662.9,1.56618
"Mech_RPM",66662.9,1.51403
"Mech_RPM",66662.9,1.51403
"Mech_RPM",66662.9,1.47333
"Mech_RPM",66662.9,1.47333
"Mech_RPM",66662.9,1.42303
"Mech_RPM",66662.9,1.42303
"Mech_RPM",66662.9,1.37373
"Mech_RPM",66662.9,1.37373
"Mech_RPM",66662.9,1.38793
"Mech_RPM",66663,1.38793
"Mech_RPM",66663,1.36017
"Mech_RPM",66663,1.36017
"Mech_RPM",66663,1.28088
"Mech_RPM",66663,1.28088
"Mech_RPM",66663,1.26568
"Mech_RPM",66663,1.26568
"Mech_RPM",66663,1.25078
"Mech_RPM",66663,1.25078
"Mech_RPM",66663,1.27785
"Mech_RPM",66663.1,1.27785
"Mech_RPM",66663.1,1.30438
"Mech_RPM",66663.1,1.30438
"Mech_RPM",66663.1,1.25746
"Mech_RPM",66663.1,1.25746
"Mech_RPM",66663.1,1.26356
"Mech_RPM",66663.1,1.26356
"Mech_RPM",66663.1,1.1862
"Mech_RPM",66663.1,1.1862
"Mech_RPM",66663.1,1.08956
"Mech_RPM",66663.2,1.08956
"Mech_RPM",66663.2,1.04694
"Mech_RPM",66663.2,1.04694
"Mech_RPM",66663.2,1.04683
"Mech_RPM",66663.2,1.04683
"Mech_RPM",66663.2,1.03631
"Mech_RPM",66663.2,1.03631
"Mech_RPM",66663.2,1.05725
"Mech_RPM",66663.2,1.05725
"Mech_RPM",66663.2,1.09861
"Mech_RPM",66663.3,1.09861
"Mech_RPM",66663.3,1.10789
"Mech_RPM",66663.3,1.10789
"Mech_RPM",66663.3,1.09614
"Mech_RPM",66663.3,1.09614
"Mech_RPM",66663.3,1.11589
"Mech_RPM",66663.3,1.11589
"Mech_RPM",66663.3,1.1144
"Mech_RPM",66663.3,1.1144
"Mech_RPM",66663.3,1.10253
"Mech_RPM",66663.4,1.10253
"Mech_RPM",66663.4,1.03881
"Mech_RPM",66663.4,1.03881
"Mech_RPM",66663.4,1.02846
"Mech_RPM",66663.4,1.02846
"Mech_RPM",66663.4,0.987053
"Mech_RPM",66663.4,0.987053
"Mech_RPM",66663.4,0.936062
"Mech_RPM",66663.4,0.936062
"Mech_RPM",66663.4,0.906924
"Mech_RPM",66663.5,0.906924
"Mech_RPM",66663.5,0.857535
"Mech_RPM",66663.5,0.857535
"Mech_RPM",66663.5,0.850801
"Mech_RPM",66663.5,0.850801
"Mech_RPM",66663.5,0.885869
"Mech_RPM",66663.5,0.885869
"Mech_RPM",66663.5,0.836901
"Mech_RPM",66663.5,0.836901
"Mech_RPM",66663.5,0.76808
"Mech_RPM",66663.6,0.76808
"Mech_RPM",66663.6,0.763135
"Mech_RPM",66663.6,0.763135
"Mech_RPM",66663.6,0.737456
"Mech_RPM",66663.6,0.737456
"Mech_RPM",66663.6,0.722706
"Mech_RPM",66663.6,0.722706
"Mech_RPM",66663.6,0.739502
"Mech_RPM",66663.6,0.739502
"Mech_RPM",66663.6,0.735129
"Mech_RPM",66663.7,0.735129
"Mech_RPM",66663.7,0.720426
"Mech_RPM",66663.7,0.720426
"Mech_RPM",66663.7,0.716435
"Mech_RPM",66663.7,0.716435
"Mech_RPM",66663.7,0.712523
"Mech_RPM",66663.7,0.712523
"Mech_RPM",66663.7,0.719105
"Mech_RPM",66663.7,0.719105
"Mech_RPM",66663.8,0.71514
"Mech_RPM",66663.8,0.71514
"Mech_RPM",66663.8,0.711254
"Mech_RPM",66663.8,0.711254
"Mech_RPM",66663.8,0.686612
"Mech_RPM",66663.8,0.686612
"Mech_RPM",66663.8,0.70413
"Mech_RPM",66663.8,0.70413
"Mech_RPM",66663.8,0.679631
"Mech_RPM",66663.8,0.679631
"Mech_RPM",66663.9,0.666038
"Mech_RPM",66663.9,0.666038
"Mech_RPM",66663.9,0.631884
"Mech_RPM",66663.9,0.631884
"Mech_RPM",66663.9,0.608829
"Mech_RPM",66663.9,0.608829
"Mech_RPM",66663.9,0.648736
"Mech_RPM",66663.9,0.648736
"Mech_RPM",66663.9,0.583678
"Mech_RPM",66663.9,0.583678
"Mech_RPM",66663.9,0.613671
"Mech_RPM",66664,0.613671
"Mech_RPM",66664,0.622231
"Mech_RPM",66664,0.622231
"Mech_RPM",66664,0.557703
"Mech_RPM",66664,0.557703
"Mech_RPM",66664,0.556966
"Mech_RPM",66664,0.556966
"Mech_RPM",66664,0.556243
"Mech_RPM",66664,0.556243
"Mech_RPM",66664,0.555535
"Mech_RPM",66664.1,0.555535
"Mech_RPM",66664.1,0.586091
"Mech_RPM",66664.1,0.586091
"Mech_RPM",66664.1,0.595203
"Mech_RPM",66664.1,0.595203
"Mech_RPM",66664.1,0.583298
"Mech_RPM",66664.1,0.583298
"Mech_RPM",66664.1,0.540383
"Mech_RPM",66664.1,0.540383
"Mech_RPM",66664.1,0.498325
"Mech_RPM",66664.2,0.498325
"Mech_RPM",66664.2,0.467525
"Mech_RPM",66664.2,0.467525
"Mech_RPM",66664.2,0.468591
"Mech_RPM",66664.2,0.468591
"Mech_RPM",66664.2,0.459219
"Mech_RPM",66664.2,0.459219
"Mech_RPM",66664.2,0.450035
"Mech_RPM",66664.2,0.450035
"Mech_RPM",66664.2,0.441034
"Mech_RPM",66664.3,0.441034
"Mech_RPM",66664.3,0.421797
"Mech_RPM",66664.3,0.421797
"Mech_RPM",66664.3,0.475861
"Mech_RPM",66664.3,0.475861
"Mech_RPM",66664.3,0.487177
"Mech_RPM",66664.3,0.487177
"Mech_RPM",66664.3,0.498267
"Mech_RPM",66664.3,0.498267
"Mech_RPM",66664.3,0.498718
"Mech_RPM",66664.4,0.498718
"Mech_RPM",66664.4,0.561661
"Mech_RPM",66664.4,0.561661
"Mech_RPM",66664.4,0.540011
"Mech_RPM",66664.4,0.540011
"Mech_RPM",66664.4,0.508377
"Mech_RPM",66664.4,0.508377
"Mech_RPM",66664.4,0.571126
"Mech_RPM",66664.4,0.571126
"Mech_RPM",66664.4,0.559704
"Mech_RPM",66664.5,0.559704
"Mech_RPM",66664.5,0.569343
"Mech_RPM",66664.5,0.569343
"Mech_RPM",66664.5,0.537123
"Mech_RPM",66664.5,0.537123
"Mech_RPM",66664.5,0.547214
"Mech_RPM",66664.5,0.547214
"Mech_RPM",66664.5,0.473769
"Mech_RPM",66664.5,0.473769
"Mech_RPM",66664.5,0.485127
"Mech_RPM",66664.6,0.485127
"Mech_RPM",66664.6,0.444175
"Mech_RPM",66664.6,0.444175
"Mech_RPM",66664.6,0.435291
"Mech_RPM",66664.6,0.435291
"Mech_RPM",66664.6,0.437002
"Mech_RPM",66664.6,0.437002
"Mech_RPM",66664.6,0.417845
"Mech_RPM",66664.6,0.417845
"Mech_RPM",66664.7,0.419905
"Mech_RPM",66664.7,0.419905
"Mech_RPM",66664.7,0.453174
"Mech_RPM",66664.7,0.453174
"Mech_RPM",66664.7,0.423277
"Mech_RPM",66664.7,0.423277
"Mech_RPM",66664.8,0.425228
"Mech_RPM",66664.8,0.425228
"Mech_RPM",66664.8,0.406307
"Mech_RPM",66664.8,0.406307
"Mech_RPM",66664.8,0.419014
"Mech_RPM",66664.8,0.419014
"Mech_RPM",66664.8,0.431467
"Mech_RPM",66664.8,0.431467
"Mech_RPM",66664.9,0.443671
"Mech_RPM",66664.9,0.443671
"Mech_RPM",66664.9,0.455631
"Mech_RPM",66664.9,0.455631
"Mech_RPM",66664.9,0.425685
"Mech_RPM",66664.9,0.425685
"Mech_RPM",66665,0.479671
"Mech_RPM",66665,0.470078
"Mech_RPM",66665,0.502343
"Mech_RPM",66665,0.502343
"Mech_RPM",66665,0.48188
"Mech_RPM",66665,0.48188
"Mech_RPM",66665.1,0.472242
"Mech_RPM",66665.1,0.472242
"Mech_RPM",66665.1,0.434484
"Mech_RPM",66665.1,0.434484
"Mech_RPM",66665.1,0.425795
"Mech_RPM",66665.1,0.425795
"Mech_RPM",66665.1,0.396446
"Mech_RPM",66665.1,0.396446
"Mech_RPM",66665.1,0.3781
"Mech_RPM",66665.2,0.3781
"Mech_RPM",66665.2,0.370538
"Mech_RPM",66665.2,0.370538
"Mech_RPM",66665.2,0.363127
"Mech_RPM",66665.2,0.363127
"Mech_RPM",66665.2,0.335031
"Mech_RPM",66665.2,0.335031
"Mech_RPM",66665.2,0.338747
"Mech_RPM",66665.2,0.338747
"Mech_RPM",66665.2,0.352806
"Mech_RPM",66665.2,0.352806
"Mech_RPM",66665.3,0.356166
"Mech_RPM",66665.3,0.356166
"Mech_RPM",66665.3,0.39071
"Mech_RPM",66665.3,0.39071
"Mech_RPM",66665.3,0.372479
"Mech_RPM",66665.3,0.372479
"Mech_RPM",66665.3,0.396279
"Mech_RPM",66665.3,0.396279
"Mech_RPM",66665.3,0.388354
"Mech_RPM",66665.3,0.388354
"Mech_RPM",66665.4,0.33892
"Mech_RPM",66665.4,0.33892
"Mech_RPM",66665.4,0.405058
"Mech_RPM",66665.4,0.405058
"Mech_RPM",66665.4,0.35529
"Mech_RPM",66665.4,0.35529
"Mech_RPM",66665.4,0.327351
"Mech_RPM",66665.4,0.327351
"Mech_RPM",66665.4,0.352054
"Mech_RPM",66665.4,0.352054
"Mech_RPM",66665.4,0.313763
"Mech_RPM",66665.4,0.313763
"Mech_RPM",66665.5,0.349155
"Mech_RPM",66665.5,0.349155
"Mech_RPM",66665.5,0.352588
"Mech_RPM",66665.5,0.352588
"Mech_RPM",66665.5,0.314286
"Mech_RPM",66665.5,0.314286
"Mech_RPM",66665.5,0.339251
"Mech_RPM",66665.5,0.339251
"Mech_RPM",66665.5,0.322049
"Mech_RPM",66665.5,0.322049
"Mech_RPM",66665.5,0.294775
"Mech_RPM",66665.6,0.294775
"Mech_RPM",66665.6,0.257629
"Mech_RPM",66665.6,0.257629
"Mech_RPM",66665.6,0.262893
"Mech_RPM",66665.6,0.262893
"Mech_RPM",66665.6,0.236802
"Mech_RPM",66665.6,0.236802
"Mech_RPM",66665.6,0.221649
"Mech_RPM",66665.6,0.221649
"Mech_RPM",66665.6,0.23805
"Mech_RPM",66665.6,0.23805
"Mech_RPM",66665.6,0.233289
"Mech_RPM",66665.7,0.233289
"Mech_RPM",66665.7,0.186956
"Mech_RPM",66665.7,0.186956
"Mech_RPM",66665.7,0.224884
"Mech_RPM",66665.7,0.224884
"Mech_RPM",66665.7,0.251636
"Mech_RPM",66665.7,0.251636
"Mech_RPM",66665.7,0.298687
"Mech_RPM",66665.7,0.298687
"Mech_RPM",66665.8,0.292713
"Mech_RPM",66665.8,0.292713
"Mech_RPM",66665.8,0.297275
"Mech_RPM",66665.8,0.297275
"Mech_RPM",66665.8,0.270497
"Mech_RPM",66665.8,0.270497
"Mech_RPM",66665.8,0.275503
"Mech_RPM",66665.8,0.275503
"Mech_RPM",66665.8,0.269993
"Mech_RPM",66665.8,0.269993
"Mech_RPM",66665.9,0.254177
"Mech_RPM",66665.9,0.254177
"Mech_RPM",66665.9,0.238676
"Mech_RPM",66665.9,0.238676
"Mech_RPM",66665.9,0.233903
"Mech_RPM",66665.9,0.233903
"Mech_RPM",66665.9,0.166725
"Mech_RPM",66665.9,0.166725
"Mech_RPM",66665.9,0.19464
"Mech_RPM",66665.9,0.19464
"Mech_RPM",66666,0.201164
"Mech_RPM",66666,0.201164
"Mech_RPM",66666,0.197141
"Mech_RPM",66666,0.197141
"Mech_RPM",66666,0.193198
"Mech_RPM",66666,0.193198
"Mech_RPM",66666,0.189334
"Mech_RPM",66666,0.189334
"Mech_RPM",66666,0.237631
"Mech_RPM",66666,0.237631
"Mech_RPM",66666,0.222462
"Mech_RPM",66666.1,0.222462
"Mech_RPM",66666.1,0.259679
"Mech_RPM",66666.1,0.259679
"Mech_RPM",66666.1,0.223235
"Mech_RPM",66666.1,0.223235
"Mech_RPM",66666.1,0.208354
"Mech_RPM",66666.1,0.208354
"Mech_RPM",66666.1,0.25627
"Mech_RPM",66666.1,0.25627
"Mech_RPM",66666.1,0.188645
"Mech_RPM",66666.2,0.188645
"Mech_RPM",66666.2,0.164039
"Mech_RPM",66666.2,0.164039
"Mech_RPM",66666.2,0.171175
"Mech_RPM",66666.2,0.171175
"Mech_RPM",66666.2,0.146918
"Mech_RPM",66666.2,0.146918
"Mech_RPM",66666.2,0.133563
"Mech_RPM",66666.2,0.133563
"Mech_RPM",66666.2,0.141308
"Mech_RPM",66666.3,0.141308
"Mech_RPM",66666.3,0.138482
"Mech_RPM",66666.3,0.138482
"Mech_RPM",66666.3,0.135712
"Mech_RPM",66666.3,0.135712
"Mech_RPM",66666.3,0.153831
"Mech_RPM",66666.3,0.153831
"Mech_RPM",66666.3,0.150755
"Mech_RPM",66666.3,0.150755
"Mech_RPM",66666.4,0.189406
"Mech_RPM",66666.4,0.189406
"Mech_RPM",66666.4,0.143952
"Mech_RPM",66666.4,0.143952
"Mech_RPM",66666.4,0.193156
"Mech_RPM",66666.4,0.193156
"Mech_RPM",66666.4,0.210126
"Mech_RPM",66666.4,0.210126
"Mech_RPM",66666.4,0.21634
"Mech_RPM",66666.4,0.21634
"Mech_RPM",66666.5,0.232847
"Mech_RPM",66666.5,0.232847
"Mech_RPM",66666.5,0.25944
"Mech_RPM",66666.5,0.25944
"Mech_RPM",66666.5,0.223001
"Mech_RPM",66666.5,0.223001
"Mech_RPM",66666.5,0.239374
"Mech_RPM",66666.5,0.239374
"Mech_RPM",66666.5,0.234587
"Mech_RPM",66666.5,0.234587
"Mech_RPM",66666.6,0.261145
"Mech_RPM",66666.6,0.261145
"Mech_RPM",66666.6,0.297589
"Mech_RPM",66666.6,0.297589
"Mech_RPM",66666.6,0.260387
"Mech_RPM",66666.6,0.260387
"Mech_RPM",66666.6,0.213513
"Mech_RPM",66666.6,0.213513
"Mech_RPM",66666.6,0.209242
"Mech_RPM",66666.6,0.209242
"Mech_RPM",66666.7,0.194641
"Mech_RPM",66666.7,0.194641
"Mech_RPM",66666.7,0.180331
"Mech_RPM",66666.7,0.180331
"Mech_RPM",66666.7,0.197558
"Mech_RPM",66666.7,0.197558
"Mech_RPM",66666.7,0.193607
"Mech_RPM",66666.7,0.193607
"Mech_RPM",66666.7,0.189735
"Mech_RPM",66666.8,0.189735
"Mech_RPM",66666.8,0.175523
"Mech_RPM",66666.8,0.175523
"Mech_RPM",66666.8,0.172013
"Mech_RPM",66666.8,0.172013
"Mech_RPM",66666.8,0.210239
"Mech_RPM",66666.8,0.210239
"Mech_RPM",66666.8,0.195618
"Mech_RPM",66666.8,0.195618
"Mech_RPM",66666.8,0.191706
"Mech_RPM",66666.8,0.191706
"Mech_RPM",66666.9,0.198288
"Mech_RPM",66666.9,0.198288
"Mech_RPM",66666.9,0.194322
"Mech_RPM",66666.9,0.194322
"Mech_RPM",66666.9,0.169603
"Mech_RPM",66666.9,0.169603
"Mech_RPM",66666.9,0.124544
"Mech_RPM",66666.9,0.124544
"Mech_RPM",66666.9,0.13247
"Mech_RPM",66666.9,0.13247
"Mech_RPM",66667,0.140237
"Mech_RPM",66667,0.140237
"Mech_RPM",66667,0.210349
"Mech_RPM",66667,0.210349
"Mech_RPM",66667,0.143642
"Mech_RPM",66667,0.143642
"Mech_RPM",66667,0.140769
"Mech_RPM",66667,0.140769
"Mech_RPM",66667,0.127537
"Mech_RPM",66667,0.127537
"Mech_RPM",66667.1,0.14582
"Mech_RPM",66667.1,0.14582
"Mech_RPM",66667.1,0.174153
"Mech_RPM",66667.1,0.174153
"Mech_RPM",66667.1,0.181087
"Mech_RPM",66667.1,0.181087
"Mech_RPM",66667.1,0.167048
"Mech_RPM",66667.1,0.167048
"Mech_RPM",66667.1,0.142874
"Mech_RPM",66667.1,0.142874
"Mech_RPM",66667.2,0.16085
"Mech_RPM",66667.2,0.16085
"Mech_RPM",66667.2,0.220133
"Mech_RPM",66667.2,0.220133
"Mech_RPM",66667.2,0.257397
"Mech_RPM",66667.2,0.257397
"Mech_RPM",66667.2,0.252249
"Mech_RPM",66667.2,0.252249
"Mech_RPM",66667.2,0.184704
"Mech_RPM",66667.2,0.184704
"Mech_RPM",66667.3,0.170593
"Mech_RPM",66667.3,0.170593
"Mech_RPM",66667.3,0.177598
"Mech_RPM",66667.3,0.177598
"Mech_RPM",66667.3,0.174046
"Mech_RPM",66667.3,0.174046
"Mech_RPM",66667.3,0.222649
"Mech_RPM",66667.3,0.222649
"Mech_RPM",66667.3,0.186946
"Mech_RPM",66667.3,0.186946
"Mech_RPM",66667.4,0.17279
"Mech_RPM",66667.4,0.17279
"Mech_RPM",66667.4,0.158918
"Mech_RPM",66667.4,0.158918
"Mech_RPM",66667.4,0.166156
"Mech_RPM",66667.4,0.166156
"Mech_RPM",66667.4,0.183666
"Mech_RPM",66667.4,0.183666
"Mech_RPM",66667.4,0.159159
"Mech_RPM",66667.4,0.159159
"Mech_RPM",66667.5,0.155976
"Mech_RPM",66667.5,0.155976
"Mech_RPM",66667.5,0.14244
"Mech_RPM",66667.5,0.14244
"Mech_RPM",66667.5,0.150008
"Mech_RPM",66667.5,0.150008
"Mech_RPM",66667.5,0.136591
"Mech_RPM",66667.5,0.136591
"Mech_RPM",66667.5,0.154693
"Mech_RPM",66667.5,0.154693
"Mech_RPM",66667.6,0.141182
"Mech_RPM",66667.6,0.141182
"Mech_RPM",66667.6,0.107108
"Mech_RPM",66667.6,0.107108
"Mech_RPM",66667.6,0.104966
"Mech_RPM",66667.6,0.104966
"Mech_RPM",66667.6,0.0507836
"Mech_RPM",66667.6,0.0507836
"Mech_RPM",66667.6,0.00810126
"Mech_RPM",66667.6,0.00810126
"Mech_RPM",66667.7,0.00793924
"Mech_RPM",66667.7,0.00793924
"Mech_RPM",66667.7,0.0286138
"Mech_RPM",66667.7,0.0286138
"Mech_RPM",66667.7,-0.0240418
"Mech_RPM",66667.7,-0.0240418
"Mech_RPM",66667.7,-0.00272766
"Mech_RPM",66667.7,-0.00272766
"Mech_RPM",66667.7,-0.0130898
"Mech_RPM",66667.8,-0.0130898
"Mech_RPM",66667.8,-0.012828
"Mech_RPM",66667.8,-0.012828
"Mech_RPM",66667.8,0.0186786
"Mech_RPM",66667.8,0.0186786
"Mech_RPM",66667.8,0.0599717
"Mech_RPM",66667.8,0.0599717
"Mech_RPM",66667.8,0.0379389
"Mech_RPM",66667.8,0.0379389
"Mech_RPM",66667.8,0.0163468
"Mech_RPM",66667.9,0.0163468
"Mech_RPM",66667.9,0.0160199
"Mech_RPM",66667.9,0.0160199
"Mech_RPM",66667.9,0.0365328
"Mech_RPM",66667.9,0.0365328
"Mech_RPM",66667.9,0.108719
"Mech_RPM",66667.9,0.108719
"Mech_RPM",66667.9,0.158628
"Mech_RPM",66667.9,0.158628
"Mech_RPM",66667.9,0.176289
"Mech_RPM",66668,0.176289
"Mech_RPM",66668,0.214429
"Mech_RPM",66668,0.214429
"Mech_RPM",66668,0.178891
"Mech_RPM",66668,0.178891
"Mech_RPM",66668,0.196146
"Mech_RPM",66668,0.196146
"Mech_RPM",66668,0.223473
"Mech_RPM",66668,0.223473
"Mech_RPM",66668,0.281504
"Mech_RPM",66668.1,0.281504
"Mech_RPM",66668.1,0.275874
"Mech_RPM",66668.1,0.275874
"Mech_RPM",66668.1,0.301606
"Mech_RPM",66668.1,0.301606
"Mech_RPM",66668.1,0.326824
"Mech_RPM",66668.1,0.326824
"Mech_RPM",66668.1,0.278621
"Mech_RPM",66668.1,0.278621
"Mech_RPM",66668.1,0.273049
"Mech_RPM",66668.1,0.273049
"Mech_RPM",66668.2,0.225921
"Mech_RPM",66668.2,0.225921
"Mech_RPM",66668.2,0.263069
"Mech_RPM",66668.2,0.263069
"Mech_RPM",66668.2,0.247391
"Mech_RPM",66668.2,0.247391
"Mech_RPM",66668.2,0.263277
"Mech_RPM",66668.2,0.263277
"Mech_RPM",66668.2,0.216345
"Mech_RPM",66668.2,0.216345
"Mech_RPM",66668.3,0.212018
"Mech_RPM",66668.3,0.212018
"Mech_RPM",66668.3,0.239027
"Mech_RPM",66668.3,0.239027
"Mech_RPM",66668.3,0.19258
"Mech_RPM",66668.3,0.19258
"Mech_RPM",66668.3,0.157479
"Mech_RPM",66668.3,0.157479
"Mech_RPM",66668.3,0.185579
"Mech_RPM",66668.4,0.185579
"Mech_RPM",66668.4,0.181867
"Mech_RPM",66668.4,0.181867
"Mech_RPM",66668.4,0.199063
"Mech_RPM",66668.4,0.199063
"Mech_RPM",66668.4,0.153415
"Mech_RPM",66668.4,0.153415
"Mech_RPM",66668.4,0.192014
"Mech_RPM",66668.4,0.192014
"Mech_RPM",66668.4,0.156923
"Mech_RPM",66668.5,0.156923
"Mech_RPM",66668.5,0.132952
"Mech_RPM",66668.5,0.132952
"Mech_RPM",66668.5,0.161543
"Mech_RPM",66668.5,0.161543
"Mech_RPM",66668.5,0.147895
"Mech_RPM",66668.5,0.147895
"Mech_RPM",66668.5,0.124104
"Mech_RPM",66668.5,0.124104
"Mech_RPM",66668.5,0.152872
"Mech_RPM",66668.6,0.152872
"Mech_RPM",66668.6,0.097731
"Mech_RPM",66668.6,0.097731
"Mech_RPM",66668.6,0.0436931
"Mech_RPM",66668.6,0.0436931
"Mech_RPM",66668.6,0.105319
"Mech_RPM",66668.6,0.105319
"Mech_RPM",66668.6,0.11363
"Mech_RPM",66668.6,0.11363
"Mech_RPM",66668.6,0.0488569
"Mech_RPM",66668.7,0.0488569
"Mech_RPM",66668.7,0.0582965
"Mech_RPM",66668.7,0.0582965
"Mech_RPM",66668.7,0.00504719
"Mech_RPM",66668.7,0.00504719
"Mech_RPM",66668.7,0.0257796
"Mech_RPM",66668.7,0.0257796
"Mech_RPM",66668.7,0.0669307
"Mech_RPM",66668.7,0.0669307
"Mech_RPM",66668.7,0.0968421
"Mech_RPM",66668.8,0.0968421
"Mech_RPM",66668.8,0.0844885
"Mech_RPM",66668.8,0.0844885
"Mech_RPM",66668.8,0.103632
"Mech_RPM",66668.8,0.103632
"Mech_RPM",66668.8,0.0703095
"Mech_RPM",66668.8,0.0703095
"Mech_RPM",66668.8,0.120987
"Mech_RPM",66668.8,0.120987
"Mech_RPM",66668.8,0.118567
"Mech_RPM",66668.9,0.118567
"Mech_RPM",66668.9,0.147446
"Mech_RPM",66668.9,0.147446
"Mech_RPM",66668.9,0.13408
"Mech_RPM",66668.9,0.13408
"Mech_RPM",66668.9,0.0897317
"Mech_RPM",66668.9,0.0897317
"Mech_RPM",66668.9,0.14002
"Mech_RPM",66668.9,0.14002
"Mech_RPM",66668.9,0.13722
"Mech_RPM",66669,0.13722
"Mech_RPM",66669,0.155309
"Mech_RPM",66669,0.155309
"Mech_RPM",66669,0.100119
"Mech_RPM",66669,0.100119
"Mech_RPM",66669,0.0772837
"Mech_RPM",66669,0.0772837
"Mech_RPM",66669,0.075738
"Mech_RPM",66669,0.075738
"Mech_RPM",66669,0.14714
"Mech_RPM",66669.1,0.14714
"Mech_RPM",66669.1,0.19628
"Mech_RPM",66669.1,0.19628
"Mech_RPM",66669.1,0.254855
"Mech_RPM",66669.1,0.254855
"Mech_RPM",66669.1,0.239341
"Mech_RPM",66669.1,0.239341
"Mech_RPM",66669.1,0.255388
"Mech_RPM",66669.1,0.255388
"Mech_RPM",66669.1,0.239863
"Mech_RPM",66669.2,0.239863
"Mech_RPM",66669.2,0.214233
"Mech_RPM",66669.2,0.214233
"Mech_RPM",66669.2,0.178698
"Mech_RPM",66669.2,0.178698
"Mech_RPM",66669.2,0.175124
"Mech_RPM",66669.2,0.175124
"Mech_RPM",66669.2,0.192455
"Mech_RPM",66669.2,0.192455
"Mech_RPM",66669.2,0.167772
"Mech_RPM",66669.2,0.167772
"Mech_RPM",66669.3,0.12275
"Mech_RPM",66669.3,0.12275
"Mech_RPM",66669.3,0.099462
"Mech_RPM",66669.3,0.099462
"Mech_RPM",66669.3,0.0453894
"Mech_RPM",66669.3,0.0453894
"Mech_RPM",66669.3,0.00281494
"Mech_RPM",66669.3,0.00281494
"Mech_RPM",66669.3,0.0131753
"Mech_RPM",66669.4,0.0131753
"Mech_RPM",66669.4,0.0337451
"Mech_RPM",66669.4,0.0337451
"Mech_RPM",66669.4,0.0851536
"Mech_RPM",66669.4,0.0851536
"Mech_RPM",66669.4,0.0730338
"Mech_RPM",66669.4,0.0730338
"Mech_RPM",66669.4,0.0924065
"Mech_RPM",66669.4,0.0924065
"Mech_RPM",66669.4,0.069725
"Mech_RPM",66669.5,0.069725
"Mech_RPM",66669.5,0.0162472
"Mech_RPM",66669.5,0.0162472
"Mech_RPM",66669.5,0.0471722
"Mech_RPM",66669.5,0.0471722
"Mech_RPM",66669.5,0.00456213
"Mech_RPM",66669.5,0.00456213
"Mech_RPM",66669.5,0.00447088
"Mech_RPM",66669.5,0.00447088
"Mech_RPM",66669.5,0.0147981
"Mech_RPM",66669.5,0.0147981
"Mech_RPM",66669.6,0.0353355
"Mech_RPM",66669.6,0.0353355
"Mech_RPM",66669.6,0.0242121
"Mech_RPM",66669.6,0.0242121
"Mech_RPM",66669.6,0.0341446
"Mech_RPM",66669.6,0.0341446
"Mech_RPM",66669.6,0.023045
"Mech_RPM",66669.6,0.023045
"Mech_RPM",66669.6,0.00175076
"Mech_RPM",66669.6,0.00175076
"Mech_RPM",66669.7,0.0121324
"Mech_RPM",66669.7,0.0121324
"Mech_RPM",66669.7,0.0118898
"Mech_RPM",66669.7,0.0118898
"Mech_RPM",66669.7,0.0220686
"Mech_RPM",66669.7,0.0220686
"Mech_RPM",66669.7,0.0424606
"Mech_RPM",66669.7,0.0424606
"Mech_RPM",66669.7,0.0624447
"Mech_RPM",66669.7,0.0624447
"Mech_RPM",66669.8,0.0195292
"Mech_RPM",66669.8,0.0195292
"Mech_RPM",66669.8,0.0608052
"Mech_RPM",66669.8,0.0608052
"Mech_RPM",66669.8,0.0491725
"Mech_RPM",66669.8,0.0491725
"Mech_RPM",66669.8,0.00652234
"Mech_RPM",66669.8,0.00652234
"Mech_RPM",66669.8,-0.00402477
"Mech_RPM",66669.8,-0.00402477
"Mech_RPM",66669.9,-0.0143609
"Mech_RPM",66669.9,-0.0143609
"Mech_RPM",66669.9,-0.0140737
"Mech_RPM",66669.9,-0.0140737
"Mech_RPM",66669.9,0.0278744
"Mech_RPM",66669.9,0.0278744
"Mech_RPM",66669.9,0.0377336
"Mech_RPM",66669.9,0.0377336
"Mech_RPM",66669.9,0.0473956
"Mech_RPM",66669.9,0.0473956
"Mech_RPM",66670,0.0881144
"Mech_RPM",66670,0.0881144
"Mech_RPM",66670,0.0967687
"Mech_RPM",66670,0.0967687
"Mech_RPM",66670,0.1365
"Mech_RPM",66670,0.1365
"Mech_RPM",66670,0.154603
"Mech_RPM",66670,0.154603
"Mech_RPM",66670,0.182761
"Mech_RPM",66670,0.182761
"Mech_RPM",66670.1,0.210356
"Mech_RPM",66670.1,0.210356
"Mech_RPM",66670.1,0.216566
"Mech_RPM",66670.1,0.216566
"Mech_RPM",66670.1,0.191401
"Mech_RPM",66670.1,0.191401
"Mech_RPM",66670.1,0.19799
"Mech_RPM",66670.1,0.19799
"Mech_RPM",66670.1,0.173196
"Mech_RPM",66670.1,0.173196
"Mech_RPM",66670.2,0.138483
"Mech_RPM",66670.2,0.138483
"Mech_RPM",66670.2,0.166963
"Mech_RPM",66670.2,0.166963
"Mech_RPM",66670.2,0.226124
"Mech_RPM",66670.2,0.226124
"Mech_RPM",66670.2,0.263268
"Mech_RPM",66670.2,0.263268
"Mech_RPM",66670.2,0.299669
"Mech_RPM",66670.2,0.299669
"Mech_RPM",66670.3,0.314509
"Mech_RPM",66670.3,0.314509
"Mech_RPM",66670.3,0.308219
"Mech_RPM",66670.3,0.308219
"Mech_RPM",66670.3,0.218721
"Mech_RPM",66670.3,0.218721
"Mech_RPM",66670.3,0.256013
"Mech_RPM",66670.3,0.256013
"Mech_RPM",66670.3,0.219643
"Mech_RPM",66670.3,0.219643
"Mech_RPM",66670.4,0.15275
"Mech_RPM",66670.4,0.15275
"Mech_RPM",66670.4,0.118445
"Mech_RPM",66670.4,0.118445
"Mech_RPM",66670.4,0.10566
"Mech_RPM",66670.4,0.10566
"Mech_RPM",66670.4,0.134797
"Mech_RPM",66670.4,0.134797
"Mech_RPM",66670.4,0.0696006
"Mech_RPM",66670.4,0.0696006
"Mech_RPM",66670.5,0.0577919
"Mech_RPM",66670.5,0.0577919
"Mech_RPM",66670.5,0.0462194
"Mech_RPM",66670.5,0.0462194
"Mech_RPM",66670.5,0.0869617
"Mech_RPM",66670.5,0.0869617
"Mech_RPM",66670.5,0.0852225
"Mech_RPM",66670.5,0.0852225
"Mech_RPM",66670.5,0.114768
"Mech_RPM",66670.5,0.114768
"Mech_RPM",66670.5,0.122889
"Mech_RPM",66670.6,0.122889
"Mech_RPM",66670.6,0.141265
"Mech_RPM",66670.6,0.141265
"Mech_RPM",66670.6,0.128023
"Mech_RPM",66670.6,0.128023
"Mech_RPM",66670.6,0.104629
"Mech_RPM",66670.6,0.104629
"Mech_RPM",66670.6,0.144203
"Mech_RPM",66670.6,0.144203
"Mech_RPM",66670.6,0.151736
"Mech_RPM",66670.7,0.151736
"Mech_RPM",66670.7,0.107034
"Mech_RPM",66670.7,0.107034
"Mech_RPM",66670.7,0.104894
"Mech_RPM",66670.7,0.104894
"Mech_RPM",66670.7,0.102796
"Mech_RPM",66670.7,0.102796
"Mech_RPM",66670.7,0.111157
"Mech_RPM",66670.7,0.111157
"Mech_RPM",66670.7,0.0672668
"Mech_RPM",66670.8,0.0672668
"Mech_RPM",66670.8,0.0450881
"Mech_RPM",66670.8,0.0450881
"Mech_RPM",66670.8,0.0441864
"Mech_RPM",66670.8,0.0441864
"Mech_RPM",66670.8,0.032886
"Mech_RPM",66670.8,0.032886
"Mech_RPM",66670.8,0.0322283
"Mech_RPM",66670.8,0.0322283
"Mech_RPM",66670.8,-0.010083
"Mech_RPM",66670.9,-0.010083
"Mech_RPM",66670.9,0.0317854
"Mech_RPM",66670.9,0.0317854
"Mech_RPM",66670.9,0.0103163
"Mech_RPM",66670.9,0.0103163
"Mech_RPM",66670.9,-0.02114
"Mech_RPM",66670.9,-0.02114
"Mech_RPM",66670.9,0.0313661
"Mech_RPM",66670.9,0.0313661
"Mech_RPM",66670.9,0.00990546
"Mech_RPM",66671,0.00990546
"Mech_RPM",66671,-0.000709312
"Mech_RPM",66671,-0.000709312
"Mech_RPM",66671,-0.000695126
"Mech_RPM",66671,-0.000695126
"Mech_RPM",66671,-0.0110979
"Mech_RPM",66671,-0.0110979
"Mech_RPM",66671,-0.0108759
"Mech_RPM",66671,-0.0108759
"Mech_RPM",66671,-0.0106584
"Mech_RPM",66671.1,-0.0106584
"Mech_RPM",66671.1,-0.0416952
"Mech_RPM",66671.1,-0.0416952
"Mech_RPM",66671.1,-0.0408613
"Mech_RPM",66671.1,-0.0408613
"Mech_RPM",66671.1,-0.0504608
"Mech_RPM",66671.1,-0.0504608
"Mech_RPM",66671.1,-0.0286182
"Mech_RPM",66671.1,-0.0286182
"Mech_RPM",66671.1,-0.0280459
"Mech_RPM",66671.2,-0.0280459
"Mech_RPM",66671.2,0.0350151
"Mech_RPM",66671.2,0.0350151
"Mech_RPM",66671.2,0.0134814
"Mech_RPM",66671.2,0.0134814
"Mech_RPM",66671.2,-0.0180382
"Mech_RPM",66671.2,-0.0180382
"Mech_RPM",66671.2,-0.0280941
"Mech_RPM",66671.2,-0.0280941
"Mech_RPM",66671.2,0.00371777
"Mech_RPM",66671.3,0.00371777
"Mech_RPM",66671.3,-0.00677325
"Mech_RPM",66671.3,-0.00677325
"Mech_RPM",66671.3,-0.0378878
"Mech_RPM",66671.3,-0.0378878
"Mech_RPM",66671.3,-0.0267134
"Mech_RPM",66671.3,-0.0267134
"Mech_RPM",66671.3,-0.109512
"Mech_RPM",66671.3,-0.109512
"Mech_RPM",66671.3,-0.0552389
"Mech_RPM",66671.4,-0.0552389
"Mech_RPM",66671.4,-0.0541341
"Mech_RPM",66671.4,-0.0541341
"Mech_RPM",66671.4,-0.105135
"Mech_RPM",66671.4,-0.105135
"Mech_RPM",66671.4,-0.113449
"Mech_RPM",66671.4,-0.113449
"Mech_RPM",66671.4,-0.100763
"Mech_RPM",66671.4,-0.100763
"Mech_RPM",66671.4,-0.0987478
"Mech_RPM",66671.5,-0.0987478
"Mech_RPM",66671.5,-0.117606
"Mech_RPM",66671.5,-0.117606
"Mech_RPM",66671.5,-0.146504
"Mech_RPM",66671.5,-0.146504
"Mech_RPM",66671.5,-0.143574
"Mech_RPM",66671.5,-0.143574
"Mech_RPM",66671.5,-0.151119
"Mech_RPM",66671.5,-0.151119
"Mech_RPM",66671.5,-0.16893
"Mech_RPM",66671.6,-0.16893
"Mech_RPM",66671.6,-0.144718
"Mech_RPM",66671.6,-0.144718
"Mech_RPM",66671.6,-0.141824
"Mech_RPM",66671.6,-0.141824
"Mech_RPM",66671.6,-0.118154
"Mech_RPM",66671.6,-0.118154
"Mech_RPM",66671.6,-0.105374
"Mech_RPM",66671.6,-0.105374
"Mech_RPM",66671.6,-0.103267
"Mech_RPM",66671.7,-0.103267
"Mech_RPM",66671.7,-0.0907848
"Mech_RPM",66671.7,-0.0907848
"Mech_RPM",66671.7,-0.0681358
"Mech_RPM",66671.7,-0.0681358
"Mech_RPM",66671.7,-0.0146897
"Mech_RPM",66671.7,-0.0146897
"Mech_RPM",66671.7,-0.00397926
"Mech_RPM",66671.7,-0.00397926
"Mech_RPM",66671.8,-0.00389967
"Mech_RPM",66671.8,-0.00389967
"Mech_RPM",66671.8,-0.0142383
"Mech_RPM",66671.8,-0.0142383
"Mech_RPM",66671.8,-0.0243702
"Mech_RPM",66671.8,-0.0243702
"Mech_RPM",66671.8,0.0177838
"Mech_RPM",66671.8,0.0177838
"Mech_RPM",66671.8,-0.0242385
"Mech_RPM",66671.8,-0.0242385
"Mech_RPM",66671.8,-0.0550037
"Mech_RPM",66671.9,-0.0550037
"Mech_RPM",66671.9,-0.0539037
"Mech_RPM",66671.9,-0.0539037
"Mech_RPM",66671.9,-0.0528256
"Mech_RPM",66671.9,-0.0528256
"Mech_RPM",66671.9,-0.0413524
"Mech_RPM",66671.9,-0.0413524
"Mech_RPM",66671.9,-0.0613587
"Mech_RPM",66671.9,-0.0613587
"Mech_RPM",66671.9,-0.101798
"Mech_RPM",66672,-0.101798
"Mech_RPM",66672,-0.0893456
"Mech_RPM",66672,-0.0893456
"Mech_RPM",66672,-0.0563087
"Mech_RPM",66672,-0.0563087
"Mech_RPM",66672,0.00731752
"Mech_RPM",66672,0.00731752
"Mech_RPM",66672,0.0280045
"Mech_RPM",66672,0.0280045
"Mech_RPM",66672,0.0482777
"Mech_RPM",66672.1,0.0482777
"Mech_RPM",66672.1,0.0160622
"Mech_RPM",66672.1,0.0160622
"Mech_RPM",66672.1,0.0886576
"Mech_RPM",66672.1,0.0886576
"Mech_RPM",66672.1,0.0660511
"Mech_RPM",66672.1,0.0660511
"Mech_RPM",66672.1,0.0438968
"Mech_RPM",66672.1,0.0438968
"Mech_RPM",66672.1,0.0534355
"Mech_RPM",66672.2,0.0534355
"Mech_RPM",66672.2,0.0419501
"Mech_RPM",66672.2,0.0419501
"Mech_RPM",66672.2,0.0306945
"Mech_RPM",66672.2,0.0306945
"Mech_RPM",66672.2,0.0717472
"Mech_RPM",66672.2,0.0717472
"Mech_RPM",66672.2,0.080729
"Mech_RPM",66672.2,0.080729
"Mech_RPM",66672.2,0.0478644
"Mech_RPM",66672.2,0.0478644
"Mech_RPM",66672.3,0.0364904
"Mech_RPM",66672.3,0.0364904
"Mech_RPM",66672.3,0.0461773
"Mech_RPM",66672.3,0.0461773
"Mech_RPM",66672.3,0.0452537
"Mech_RPM",66672.3,0.0452537
"Mech_RPM",66672.3,0.0130987
"Mech_RPM",66672.3,0.0130987
"Mech_RPM",66672.3,0.03367
"Mech_RPM",66672.4,0.03367
"Mech_RPM",66672.4,0.0746633
"Mech_RPM",66672.4,0.0746633
"Mech_RPM",66672.4,0.0523367
"Mech_RPM",66672.4,0.0523367
"Mech_RPM",66672.4,0.0825399
"Mech_RPM",66672.4,0.0825399
"Mech_RPM",66672.4,0.132972
"Mech_RPM",66672.4,0.132972
"Mech_RPM",66672.4,0.0573964
"Mech_RPM",66672.5,0.0573964
"Mech_RPM",66672.5,0.0562484
"Mech_RPM",66672.5,0.0562484
"Mech_RPM",66672.5,0.0447068
"Mech_RPM",66672.5,0.0447068
"Mech_RPM",66672.5,0.0854793
"Mech_RPM",66672.5,0.0854793
"Mech_RPM",66672.5,0.0941864
"Mech_RPM",66672.5,0.0941864
"Mech_RPM",66672.5,0.102719
"Mech_RPM",66672.6,0.102719
"Mech_RPM",66672.6,0.0798316
"Mech_RPM",66672.6,0.0798316
"Mech_RPM",66672.6,0.109485
"Mech_RPM",66672.6,0.109485
"Mech_RPM",66672.6,0.148962
"Mech_RPM",66672.6,0.148962
"Mech_RPM",66672.6,0.135566
"Mech_RPM",66672.6,0.135566
"Mech_RPM",66672.6,0.174521
"Mech_RPM",66672.7,0.174521
"Mech_RPM",66672.7,0.118948
"Mech_RPM",66672.7,0.118948
"Mech_RPM",66672.7,0.126985
"Mech_RPM",66672.7,0.126985
"Mech_RPM",66672.7,0.134862
"Mech_RPM",66672.7,0.134862
"Mech_RPM",66672.7,0.152998
"Mech_RPM",66672.7,0.152998
"Mech_RPM",66672.7,0.149938
"Mech_RPM",66672.8,0.149938
"Mech_RPM",66672.8,0.167773
"Mech_RPM",66672.8,0.167773
"Mech_RPM",66672.8,0.143584
"Mech_RPM",66672.8,0.143584
"Mech_RPM",66672.8,0.0782125
"Mech_RPM",66672.8,0.0782125
"Mech_RPM",66672.8,0.107898
"Mech_RPM",66672.8,0.107898
"Mech_RPM",66672.8,0.084907
"Mech_RPM",66672.9,0.084907
"Mech_RPM",66672.9,0.0832088
"Mech_RPM",66672.9,0.0832088
"Mech_RPM",66672.9,0.0502947
"Mech_RPM",66672.9,0.0502947
"Mech_RPM",66672.9,0.0597054
"Mech_RPM",66672.9,0.0597054
"Mech_RPM",66672.9,0.0480947
"Mech_RPM",66672.9,0.0480947
"Mech_RPM",66672.9,0.0679661
"Mech_RPM",66673,0.0679661
"Mech_RPM",66673,0.0978568
"Mech_RPM",66673,0.0978568
"Mech_RPM",66673,0.054233
"Mech_RPM",66673,0.054233
"Mech_RPM",66673,0.0427316
"Mech_RPM",66673,0.0427316
"Mech_RPM",66673,0.000210343
"Mech_RPM",66673,0.000210343
"Mech_RPM",66673,0.0210395
"Mech_RPM",66673.1,0.0210395
"Mech_RPM",66673.1,0.0310353
"Mech_RPM",66673.1,0.0310353
"Mech_RPM",66673.1,0.051248
"Mech_RPM",66673.1,0.051248
"Mech_RPM",66673.1,0.0710563
"Mech_RPM",66673.1,0.0710563
"Mech_RPM",66673.1,0.0383852
"Mech_RPM",66673.1,0.0383852
"Mech_RPM",66673.1,0.0167842
"Mech_RPM",66673.2,0.0167842
"Mech_RPM",66673.2,0.0372818
"Mech_RPM",66673.2,0.0372818
"Mech_RPM",66673.2,0.0573695
"Mech_RPM",66673.2,0.0573695
"Mech_RPM",66673.2,0.0666388
"Mech_RPM",66673.2,0.0666388
"Mech_RPM",66673.2,0.065306
"Mech_RPM",66673.2,0.065306
"Mech_RPM",66673.2,0.0952499
"Mech_RPM",66673.3,0.0952499
"Mech_RPM",66673.3,0.145428
"Mech_RPM",66673.3,0.145428
"Mech_RPM",66673.3,0.152936
"Mech_RPM",66673.3,0.152936
"Mech_RPM",66673.3,0.076961
"Mech_RPM",66673.3,0.076961
"Mech_RPM",66673.3,0.106672
"Mech_RPM",66673.3,0.106672
"Mech_RPM",66673.3,0.114955
"Mech_RPM",66673.4,0.114955
"Mech_RPM",66673.4,0.102239
"Mech_RPM",66673.4,0.102239
"Mech_RPM",66673.4,0.110611
"Mech_RPM",66673.4,0.110611
"Mech_RPM",66673.4,0.0979822
"Mech_RPM",66673.4,0.0979822
"Mech_RPM",66673.4,0.0751892
"Mech_RPM",66673.4,0.0751892
"Mech_RPM",66673.4,0.0424354
"Mech_RPM",66673.5,0.0424354
"Mech_RPM",66673.5,0.0207534
"Mech_RPM",66673.5,0.0207534
"Mech_RPM",66673.5,-0.000495007
"Mech_RPM",66673.5,-0.000495007
"Mech_RPM",66673.5,-0.000485107
"Mech_RPM",66673.5,-0.000485107
"Mech_RPM",66673.5,0.0203579
"Mech_RPM",66673.5,0.0203579
"Mech_RPM",66673.5,0.0199508
"Mech_RPM",66673.6,0.0199508
"Mech_RPM",66673.6,0.00913509
"Mech_RPM",66673.6,0.00913509
"Mech_RPM",66673.6,-0.0222976
"Mech_RPM",66673.6,-0.0222976
"Mech_RPM",66673.6,-0.0322683
"Mech_RPM",66673.6,-0.0322683
"Mech_RPM",66673.6,-0.0420396
"Mech_RPM",66673.6,-0.0420396
"Mech_RPM",66673.6,-0.0411988
"Mech_RPM",66673.7,-0.0411988
"Mech_RPM",66673.7,0.00129181
"Mech_RPM",66673.7,0.00129181
"Mech_RPM",66673.7,-0.0404007
"Mech_RPM",66673.7,-0.0404007
"Mech_RPM",66673.7,-0.0708427
"Mech_RPM",66673.7,-0.0708427
"Mech_RPM",66673.7,-0.0381758
"Mech_RPM",66673.7,-0.0381758
"Mech_RPM",66673.8,-0.016579
"Mech_RPM",66673.8,-0.016579
"Mech_RPM",66673.8,-0.0579141
"Mech_RPM",66673.8,-0.0579141
"Mech_RPM",66673.8,-0.0255058
"Mech_RPM",66673.8,-0.0255058
"Mech_RPM",66673.8,-0.0666623
"Mech_RPM",66673.8,-0.0666623
"Mech_RPM",66673.8,-0.0653291
"Mech_RPM",66673.8,-0.0653291
"Mech_RPM",66673.8,-0.0431892
"Mech_RPM",66673.9,-0.0431892
"Mech_RPM",66673.9,-0.000658718
"Mech_RPM",66673.9,-0.000658718
"Mech_RPM",66673.9,-0.0318955
"Mech_RPM",66673.9,-0.0318955
"Mech_RPM",66673.9,-0.0416743
"Mech_RPM",66673.9,-0.0416743
"Mech_RPM",66673.9,-0.0720908
"Mech_RPM",66673.9,-0.0720908
"Mech_RPM",66673.9,-0.0289823
"Mech_RPM",66674,-0.0289823
"Mech_RPM",66674,-0.017986
"Mech_RPM",66674,-0.017986
"Mech_RPM",66674,0.0136237
"Mech_RPM",66674,0.0136237
"Mech_RPM",66674,0.0133512
"Mech_RPM",66674,0.0133512
"Mech_RPM",66674,-0.00774913
"Mech_RPM",66674,-0.00774913
"Mech_RPM",66674,-0.0180108
"Mech_RPM",66674.1,-0.0180108
"Mech_RPM",66674.1,0.0240161
"Mech_RPM",66674.1,0.0240161
"Mech_RPM",66674.1,-0.0285476
"Mech_RPM",66674.1,-0.0285476
"Mech_RPM",66674.1,-0.0279766
"Mech_RPM",66674.1,-0.0279766
"Mech_RPM",66674.1,-0.0274171
"Mech_RPM",66674.1,-0.0274171
"Mech_RPM",66674.1,-0.0581188
"Mech_RPM",66674.2,-0.0581188
"Mech_RPM",66674.2,-0.0673731
"Mech_RPM",66674.2,-0.0673731
"Mech_RPM",66674.2,-0.0451923
"Mech_RPM",66674.2,-0.0451923
"Mech_RPM",66674.2,-0.00262174
"Mech_RPM",66674.2,-0.00262174
"Mech_RPM",66674.2,-0.0234026
"Mech_RPM",66674.2,-0.0234026
"Mech_RPM",66674.2,-0.00210126
"Mech_RPM",66674.3,-0.00210126
"Mech_RPM",66674.3,0.0187741
"Mech_RPM",66674.3,0.0187741
"Mech_RPM",66674.3,0.0913153
"Mech_RPM",66674.3,0.0913153
"Mech_RPM",66674.3,0.0999057
"Mech_RPM",66674.3,0.0999057
"Mech_RPM",66674.3,0.108324
"Mech_RPM",66674.3,0.108324
"Mech_RPM",66674.3,0.0853244
"Mech_RPM",66674.4,0.0853244
"Mech_RPM",66674.4,0.0836179
"Mech_RPM",66674.4,0.0836179
"Mech_RPM",66674.4,0.144446
"Mech_RPM",66674.4,0.144446
"Mech_RPM",66674.4,0.141557
"Mech_RPM",66674.4,0.141557
"Mech_RPM",66674.4,0.128309
"Mech_RPM",66674.4,0.128309
"Mech_RPM",66674.4,0.125743
"Mech_RPM",66674.5,0.125743
"Mech_RPM",66674.5,0.112811
"Mech_RPM",66674.5,0.112811
"Mech_RPM",66674.5,0.141805
"Mech_RPM",66674.5,0.141805
"Mech_RPM",66674.5,0.118135
"Mech_RPM",66674.5,0.118135
"Mech_RPM",66674.5,0.105356
"Mech_RPM",66674.5,0.105356
"Mech_RPM",66674.5,0.0303323
"Mech_RPM",66674.6,0.0303323
"Mech_RPM",66674.6,0.0609757
"Mech_RPM",66674.6,0.0609757
"Mech_RPM",66674.6,0.0597562
"Mech_RPM",66674.6,0.0597562
"Mech_RPM",66674.6,0.00647771
"Mech_RPM",66674.6,0.00647771
"Mech_RPM",66674.6,0.0271815
"Mech_RPM",66674.6,0.0271815
"Mech_RPM",66674.7,0.0474712
"Mech_RPM",66674.7,0.0474712
"Mech_RPM",66674.7,0.0777718
"Mech_RPM",66674.7,0.0777718
"Mech_RPM",66674.7,0.117883
"Mech_RPM",66674.7,0.117883
"Mech_RPM",66674.8,0.105109
"Mech_RPM",66674.8,0.105109
"Mech_RPM",66674.8,0.165507
"Mech_RPM",66674.8,0.165507
"Mech_RPM",66674.8,0.224696
"Mech_RPM",66674.8,0.224696
"Mech_RPM",66674.8,0.272286
"Mech_RPM",66674.8,0.272286
"Mech_RPM",66674.9,0.23559
"Mech_RPM",66674.9,0.23559
"Mech_RPM",66674.9,0.230878
"Mech_RPM",66674.9,0.230878
"Mech_RPM",66674.9,0.163761
"Mech_RPM",66674.9,0.163761
"Mech_RPM",66675,0.181319
"Mech_RPM",66675,0.198526
"Mech_RPM",66675,0.198526
"Mech_RPM",66675,0.215389
"Mech_RPM",66675,0.215389
"Mech_RPM",66675,0.231914
"Mech_RPM",66675.1,0.208276
"Mech_RPM",66675.1,0.152027
"Mech_RPM",66675.1,0.152027
"Mech_RPM",66675.1,0.159403
"Mech_RPM",66675.1,0.159403
"Mech_RPM",66675.1,0.145798
"Mech_RPM",66675.1,0.145798
"Mech_RPM",66675.1,0.122049
"Mech_RPM",66675.1,0.122049
"Mech_RPM",66675.1,0.161275
"Mech_RPM",66675.1,0.161275
"Mech_RPM",66675.2,0.168466
"Mech_RPM",66675.2,0.168466
"Mech_RPM",66675.2,0.133847
"Mech_RPM",66675.2,0.133847
"Mech_RPM",66675.2,0.16242
"Mech_RPM",66675.2,0.16242
"Mech_RPM",66675.2,0.180005
"Mech_RPM",66675.2,0.180005
"Mech_RPM",66675.2,0.155571
"Mech_RPM",66675.2,0.155571
"Mech_RPM",66675.2,0.15246
"Mech_RPM",66675.3,0.15246
"Mech_RPM",66675.3,0.201494
"Mech_RPM",66675.3,0.201494
"Mech_RPM",66675.3,0.197464
"Mech_RPM",66675.3,0.197464
"Mech_RPM",66675.3,0.193515
"Mech_RPM",66675.3,0.193515
"Mech_RPM",66675.3,0.210478
"Mech_RPM",66675.3,0.210478
"Mech_RPM",66675.3,0.206268
"Mech_RPM",66675.4,0.206268
"Mech_RPM",66675.4,0.160476
"Mech_RPM",66675.4,0.160476
"Mech_RPM",66675.4,0.14685
"Mech_RPM",66675.4,0.14685
"Mech_RPM",66675.4,0.102246
"Mech_RPM",66675.4,0.102246
"Mech_RPM",66675.4,0.079368
"Mech_RPM",66675.4,0.079368
"Mech_RPM",66675.4,0.0152807
"Mech_RPM",66675.5,0.0152807
"Mech_RPM",66675.5,0.014975
"Mech_RPM",66675.5,0.014975
"Mech_RPM",66675.5,0.0250922
"Mech_RPM",66675.5,0.0250922
"Mech_RPM",66675.5,-0.00665964
"Mech_RPM",66675.5,-0.00665964
"Mech_RPM",66675.5,0.0143069
"Mech_RPM",66675.5,0.0143069
"Mech_RPM",66675.5,0.0140208
"Mech_RPM",66675.5,0.0140208
"Mech_RPM",66675.5,0.0137403
"Mech_RPM",66675.6,0.0137403
"Mech_RPM",66675.6,0.0238822
"Mech_RPM",66675.6,0.0238822
"Mech_RPM",66675.6,0.0234046
"Mech_RPM",66675.6,0.0234046
"Mech_RPM",66675.6,0.0125198
"Mech_RPM",66675.6,0.0125198
"Mech_RPM",66675.6,-0.0293973
"Mech_RPM",66675.6,-0.0293973
"Mech_RPM",66675.6,-0.0496427
"Mech_RPM",66675.6,-0.0496427
"Mech_RPM",66675.7,-0.0278165
"Mech_RPM",66675.7,-0.0278165
"Mech_RPM",66675.7,-0.0168435
"Mech_RPM",66675.7,-0.0168435
"Mech_RPM",66675.7,-0.0477566
"Mech_RPM",66675.7,-0.0477566
"Mech_RPM",66675.7,-0.0363848
"Mech_RPM",66675.7,-0.0363848
"Mech_RPM",66675.7,-0.0564904
"Mech_RPM",66675.7,-0.0564904
"Mech_RPM",66675.8,-0.128277
"Mech_RPM",66675.8,-0.128277
"Mech_RPM",66675.8,-0.125712
"Mech_RPM",66675.8,-0.125712
"Mech_RPM",66675.8,-0.102364
"Mech_RPM",66675.8,-0.102364
"Mech_RPM",66675.8,-0.110734
"Mech_RPM",66675.8,-0.110734
"Mech_RPM",66675.8,-0.129352
"Mech_RPM",66675.8,-0.129352
"Mech_RPM",66675.8,-0.116349
"Mech_RPM",66675.8,-0.116349
"Mech_RPM",66675.9,-0.0931882
"Mech_RPM",66675.9,-0.0931882
"Mech_RPM",66675.9,-0.101741
"Mech_RPM",66675.9,-0.101741
"Mech_RPM",66675.9,-0.110123
"Mech_RPM",66675.9,-0.110123
"Mech_RPM",66675.9,-0.0870872
"Mech_RPM",66675.9,-0.0870872
"Mech_RPM",66675.9,-0.00201208
"Mech_RPM",66675.9,-0.00201208
"Mech_RPM",66676,-0.00197184
"Mech_RPM",66676,-0.00197184
"Mech_RPM",66676,0.00848426
"Mech_RPM",66676,0.00848426
"Mech_RPM",66676,0.0187312
"Mech_RPM",66676,0.0187312
"Mech_RPM",66676,-0.00247671
"Mech_RPM",66676,-0.00247671
"Mech_RPM",66676,-0.0649272
"Mech_RPM",66676,-0.0649272
"Mech_RPM",66676,-0.084462
"Mech_RPM",66676.1,-0.084462
"Mech_RPM",66676.1,-0.0723561
"Mech_RPM",66676.1,-0.0723561
"Mech_RPM",66676.1,-0.0396589
"Mech_RPM",66676.1,-0.0396589
"Mech_RPM",66676.1,-0.101366
"Mech_RPM",66676.1,-0.101366
"Mech_RPM",66676.1,-0.0785051
"Mech_RPM",66676.1,-0.0785051
"Mech_RPM",66676.1,-0.0977684
"Mech_RPM",66676.2,-0.0977684
"Mech_RPM",66676.2,-0.0749796
"Mech_RPM",66676.2,-0.0749796
"Mech_RPM",66676.2,-0.000563389
"Mech_RPM",66676.2,-0.000563389
"Mech_RPM",66676.2,-0.0213855
"Mech_RPM",66676.2,-0.0213855
"Mech_RPM",66676.2,-0.000124411
"Mech_RPM",66676.2,-0.000124411
"Mech_RPM",66676.2,0.0102947
"Mech_RPM",66676.3,0.0102947
"Mech_RPM",66676.3,0.0100888
"Mech_RPM",66676.3,0.0100888
"Mech_RPM",66676.3,0.0515537
"Mech_RPM",66676.3,0.0515537
"Mech_RPM",66676.3,0.0296893
"Mech_RPM",66676.3,0.0296893
"Mech_RPM",66676.3,0.0290955
"Mech_RPM",66676.3,0.0290955
"Mech_RPM",66676.4,0.049347
"Mech_RPM",66676.4,0.049347
"Mech_RPM",66676.4,0.0691934
"Mech_RPM",66676.4,0.0691934
"Mech_RPM",66676.4,0.0573928
"Mech_RPM",66676.4,0.0573928
"Mech_RPM",66676.4,0.0770783
"Mech_RPM",66676.4,0.0770783
"Mech_RPM",66676.4,0.0651201
"Mech_RPM",66676.4,0.0651201
"Mech_RPM",66676.5,0.084651
"Mech_RPM",66676.5,0.084651
"Mech_RPM",66676.5,0.0725413
"Mech_RPM",66676.5,0.0725413
"Mech_RPM",66676.5,0.0815072
"Mech_RPM",66676.5,0.0815072
"Mech_RPM",66676.5,0.0590437
"Mech_RPM",66676.5,0.0590437
"Mech_RPM",66676.5,0.0474461
"Mech_RPM",66676.5,0.0474461
"Mech_RPM",66676.6,0.0464972
"Mech_RPM",66676.6,0.0464972
"Mech_RPM",66676.6,0.108067
"Mech_RPM",66676.6,0.108067
"Mech_RPM",66676.6,0.0954893
"Mech_RPM",66676.6,0.0954893
"Mech_RPM",66676.6,0.103996
"Mech_RPM",66676.6,0.103996
"Mech_RPM",66676.6,0.0810829
"Mech_RPM",66676.6,0.0810829
"Mech_RPM",66676.7,0.0586279
"Mech_RPM",66676.7,0.0586279
"Mech_RPM",66676.7,0.0574553
"Mech_RPM",66676.7,0.0574553
"Mech_RPM",66676.7,0.0563062
"Mech_RPM",66676.7,0.0563062
"Mech_RPM",66676.7,0.0551801
"Mech_RPM",66676.7,0.0551801
"Mech_RPM",66676.7,0.0228265
"Mech_RPM",66676.7,0.0228265
"Mech_RPM",66676.8,0.0327866
"Mech_RPM",66676.8,0.0327866
"Mech_RPM",66676.8,0.0737976
"Mech_RPM",66676.8,0.0737976
"Mech_RPM",66676.8,0.0202383
"Mech_RPM",66676.8,0.0202383
"Mech_RPM",66676.8,0.0198335
"Mech_RPM",66676.8,0.0198335
"Mech_RPM",66676.8,0.0506869
"Mech_RPM",66676.8,0.0506869
"Mech_RPM",66676.9,0.0600898
"Mech_RPM",66676.9,0.0600898
"Mech_RPM",66676.9,0.00680466
"Mech_RPM",66676.9,0.00680466
"Mech_RPM",66676.9,-0.0037481
"Mech_RPM",66676.9,-0.0037481
"Mech_RPM",66676.9,-0.00367314
"Mech_RPM",66676.9,-0.00367314
"Mech_RPM",66676.9,0.038067
"Mech_RPM",66676.9,0.038067
"Mech_RPM",66677,-0.0251944
"Mech_RPM",66677,-0.0251944
"Mech_RPM",66677,0.0273929
"Mech_RPM",66677,0.0273929
"Mech_RPM",66677,0.0164283
"Mech_RPM",66677,0.0164283
"Mech_RPM",66677,0.0160998
"Mech_RPM",66677,0.0160998
"Mech_RPM",66677,0.0470278
"Mech_RPM",66677,0.0470278
"Mech_RPM",66677.1,0.0148372
"Mech_RPM",66677.1,0.0148372
"Mech_RPM",66677.1,-0.0479595
"Mech_RPM",66677.1,-0.0479595
"Mech_RPM",66677.1,-0.088667
"Mech_RPM",66677.1,-0.088667
"Mech_RPM",66677.1,-0.118144
"Mech_RPM",66677.1,-0.118144
"Mech_RPM",66677.1,-0.0741141
"Mech_RPM",66677.1,-0.0741141
"Mech_RPM",66677.2,-0.0934652
"Mech_RPM",66677.2,-0.0934652
"Mech_RPM",66677.2,-0.112429
"Mech_RPM",66677.2,-0.112429
"Mech_RPM",66677.2,-0.172681
"Mech_RPM",66677.2,-0.172681
"Mech_RPM",66677.2,-0.200477
"Mech_RPM",66677.2,-0.200477
"Mech_RPM",66677.2,-0.206884
"Mech_RPM",66677.2,-0.206884
"Mech_RPM",66677.2,-0.181913
"Mech_RPM",66677.3,-0.181913
"Mech_RPM",66677.3,-0.251192
"Mech_RPM",66677.3,-0.251192
"Mech_RPM",66677.3,-0.214918
"Mech_RPM",66677.3,-0.214918
"Mech_RPM",66677.3,-0.189786
"Mech_RPM",66677.3,-0.189786
"Mech_RPM",66677.3,-0.238074
"Mech_RPM",66677.3,-0.238074
"Mech_RPM",66677.4,-0.233312
"Mech_RPM",66677.4,-0.233312
"Mech_RPM",66677.4,-0.259896
"Mech_RPM",66677.4,-0.259896
"Mech_RPM",66677.4,-0.233865
"Mech_RPM",66677.4,-0.233865
"Mech_RPM",66677.4,-0.218771
"Mech_RPM",66677.4,-0.218771
"Mech_RPM",66677.4,-0.203979
"Mech_RPM",66677.4,-0.203979
"Mech_RPM",66677.5,-0.220732
"Mech_RPM",66677.5,-0.220732
"Mech_RPM",66677.5,-0.174651
"Mech_RPM",66677.5,-0.174651
"Mech_RPM",66677.5,-0.202408
"Mech_RPM",66677.5,-0.202408
"Mech_RPM",66677.5,-0.19836
"Mech_RPM",66677.5,-0.19836
"Mech_RPM",66677.5,-0.183976
"Mech_RPM",66677.5,-0.183976
"Mech_RPM",66677.6,-0.190713
"Mech_RPM",66677.6,-0.190713
"Mech_RPM",66677.6,-0.228566
"Mech_RPM",66677.6,-0.228566
"Mech_RPM",66677.6,-0.213578
"Mech_RPM",66677.6,-0.213578
"Mech_RPM",66677.6,-0.250973
"Mech_RPM",66677.6,-0.250973
"Mech_RPM",66677.6,-0.19387
"Mech_RPM",66677.6,-0.19387
"Mech_RPM",66677.7,-0.189993
"Mech_RPM",66677.7,-0.189993
"Mech_RPM",66677.7,-0.175776
"Mech_RPM",66677.7,-0.175776
"Mech_RPM",66677.7,-0.20351
"Mech_RPM",66677.7,-0.20351
"Mech_RPM",66677.7,-0.251524
"Mech_RPM",66677.7,-0.251524
"Mech_RPM",66677.7,-0.215243
"Mech_RPM",66677.8,-0.215243
"Mech_RPM",66677.8,-0.231772
"Mech_RPM",66677.8,-0.231772
"Mech_RPM",66677.8,-0.175053
"Mech_RPM",66677.8,-0.175053
"Mech_RPM",66677.8,-0.171552
"Mech_RPM",66677.8,-0.171552
"Mech_RPM",66677.8,-0.168121
"Mech_RPM",66677.8,-0.168121
"Mech_RPM",66677.8,-0.185592
"Mech_RPM",66677.9,-0.185592
"Mech_RPM",66677.9,-0.129797
"Mech_RPM",66677.9,-0.129797
"Mech_RPM",66677.9,-0.116784
"Mech_RPM",66677.9,-0.116784
"Mech_RPM",66677.9,-0.156115
"Mech_RPM",66677.9,-0.156115
"Mech_RPM",66677.9,-0.152993
"Mech_RPM",66677.9,-0.152993
"Mech_RPM",66677.9,-0.160349
"Mech_RPM",66678,-0.160349
"Mech_RPM",66678,-0.0842258
"Mech_RPM",66678,-0.0842258
"Mech_RPM",66678,-0.0617079
"Mech_RPM",66678,-0.0617079
"Mech_RPM",66678,-0.0292238
"Mech_RPM",66678,-0.0292238
"Mech_RPM",66678,0.00261072
"Mech_RPM",66678,0.00261072
"Mech_RPM",66678,0.0233918
"Mech_RPM",66678,0.0233918
"Mech_RPM",66678.1,0.0437573
"Mech_RPM",66678.1,0.0437573
"Mech_RPM",66678.1,0.0532989
"Mech_RPM",66678.1,0.0532989
"Mech_RPM",66678.1,0.0938995
"Mech_RPM",66678.1,0.0938995
"Mech_RPM",66678.1,0.0607716
"Mech_RPM",66678.1,0.0607716
"Mech_RPM",66678.1,0.0699728
"Mech_RPM",66678.1,0.0699728
"Mech_RPM",66678.2,0.0685733
"Mech_RPM",66678.2,0.0685733
"Mech_RPM",66678.2,0.0567852
"Mech_RPM",66678.2,0.0567852
"Mech_RPM",66678.2,0.0243995
"Mech_RPM",66678.2,0.0243995
"Mech_RPM",66678.2,0.0655782
"Mech_RPM",66678.2,0.0655782
"Mech_RPM",66678.2,0.105933
"Mech_RPM",66678.2,0.105933
"Mech_RPM",66678.3,0.0933979
"Mech_RPM",66678.3,0.0933979
"Mech_RPM",66678.3,0.133197
"Mech_RPM",66678.3,0.133197
"Mech_RPM",66678.3,0.120116
"Mech_RPM",66678.3,0.120116
"Mech_RPM",66678.3,0.0760471
"Mech_RPM",66678.3,0.0760471
"Mech_RPM",66678.3,0.0745261
"Mech_RPM",66678.4,0.0745261
"Mech_RPM",66678.4,0.0938689
"Mech_RPM",66678.4,0.0938689
"Mech_RPM",66678.4,0.0607416
"Mech_RPM",66678.4,0.0607416
"Mech_RPM",66678.4,0.0803601
"Mech_RPM",66678.4,0.0803601
"Mech_RPM",66678.4,0.0683362
"Mech_RPM",66678.4,0.0683362
"Mech_RPM",66678.4,0.0669695
"Mech_RPM",66678.4,0.0669695
"Mech_RPM",66678.5,0.0968801
"Mech_RPM",66678.5,0.0968801
"Mech_RPM",66678.5,0.0324425
"Mech_RPM",66678.5,0.0324425
"Mech_RPM",66678.5,0.0317936
"Mech_RPM",66678.5,0.0317936
"Mech_RPM",66678.5,0.0624077
"Mech_RPM",66678.5,0.0624077
"Mech_RPM",66678.5,0.0507429
"Mech_RPM",66678.5,0.0507429
"Mech_RPM",66678.6,0.0913947
"Mech_RPM",66678.6,0.0913947
"Mech_RPM",66678.6,0.120817
"Mech_RPM",66678.6,0.120817
"Mech_RPM",66678.6,0.0871505
"Mech_RPM",66678.6,0.0871505
"Mech_RPM",66678.6,0.106241
"Mech_RPM",66678.6,0.106241
"Mech_RPM",66678.6,0.135366
"Mech_RPM",66678.7,0.135366
"Mech_RPM",66678.7,0.111825
"Mech_RPM",66678.7,0.111825
"Mech_RPM",66678.7,0.120006
"Mech_RPM",66678.7,0.120006
"Mech_RPM",66678.7,0.107189
"Mech_RPM",66678.7,0.107189
"Mech_RPM",66678.7,0.115462
"Mech_RPM",66678.7,0.115462
"Mech_RPM",66678.7,0.0923191
"Mech_RPM",66678.8,0.0923191
"Mech_RPM",66678.8,0.048806
"Mech_RPM",66678.8,0.048806
"Mech_RPM",66678.8,-0.0146701
"Mech_RPM",66678.8,-0.0146701
"Mech_RPM",66678.8,0.00645662
"Mech_RPM",66678.8,0.00645662
"Mech_RPM",66678.8,-0.0249225
"Mech_RPM",66678.8,-0.0249225
"Mech_RPM",66678.8,0.0276593
"Mech_RPM",66678.9,0.0276593
"Mech_RPM",66678.9,-0.0145606
"Mech_RPM",66678.9,-0.0145606
"Mech_RPM",66678.9,-0.0663527
"Mech_RPM",66678.9,-0.0663527
"Mech_RPM",66678.9,-0.0650256
"Mech_RPM",66678.9,-0.0650256
"Mech_RPM",66678.9,-0.0533085
"Mech_RPM",66678.9,-0.0533085
"Mech_RPM",66678.9,-0.0730756
"Mech_RPM",66679,-0.0730756
"Mech_RPM",66679,-0.0507808
"Mech_RPM",66679,-0.0507808
"Mech_RPM",66679,-0.101849
"Mech_RPM",66679,-0.101849
"Mech_RPM",66679,-0.131062
"Mech_RPM",66679,-0.131062
"Mech_RPM",66679,-0.0971903
"Mech_RPM",66679,-0.0971903
"Mech_RPM",66679,-0.0744132
"Mech_RPM",66679.1,-0.0744132
"Mech_RPM",66679.1,-0.0520916
"Mech_RPM",66679.1,-0.0520916
"Mech_RPM",66679.1,-0.0510497
"Mech_RPM",66679.1,-0.0510497
"Mech_RPM",66679.1,-0.0187787
"Mech_RPM",66679.1,-0.0187787
"Mech_RPM",66679.1,-0.0496532
"Mech_RPM",66679.1,-0.0496532
"Mech_RPM",66679.1,-0.0382434
"Mech_RPM",66679.2,-0.0382434
"Mech_RPM",66679.2,-0.0374786
"Mech_RPM",66679.2,-0.0374786
"Mech_RPM",66679.2,-0.005479
"Mech_RPM",66679.2,-0.005479
"Mech_RPM",66679.2,0.0362973
"Mech_RPM",66679.2,0.0362973
"Mech_RPM",66679.2,0.0251546
"Mech_RPM",66679.2,0.0251546
"Mech_RPM",66679.2,0.0142349
"Mech_RPM",66679.2,0.0142349
"Mech_RPM",66679.3,0.0556168
"Mech_RPM",66679.3,0.0556168
"Mech_RPM",66679.3,0.0545045
"Mech_RPM",66679.3,0.0545045
"Mech_RPM",66679.3,0.0221644
"Mech_RPM",66679.3,0.0221644
"Mech_RPM",66679.3,-0.0199455
"Mech_RPM",66679.3,-0.0199455
"Mech_RPM",66679.3,-0.07163
"Mech_RPM",66679.4,-0.07163
"Mech_RPM",66679.4,-0.0389474
"Mech_RPM",66679.4,-0.0389474
"Mech_RPM",66679.4,-0.0694184
"Mech_RPM",66679.4,-0.0694184
"Mech_RPM",66679.4,-0.0784467
"Mech_RPM",66679.4,-0.0784467
"Mech_RPM",66679.4,-0.0768778
"Mech_RPM",66679.4,-0.0768778
"Mech_RPM",66679.4,-0.0649236
"Mech_RPM",66679.5,-0.0649236
"Mech_RPM",66679.5,-0.0948751
"Mech_RPM",66679.5,-0.0948751
"Mech_RPM",66679.5,-0.0825609
"Mech_RPM",66679.5,-0.0825609
"Mech_RPM",66679.5,-0.070493
"Mech_RPM",66679.5,-0.070493
"Mech_RPM",66679.5,-0.00658316
"Mech_RPM",66679.5,-0.00658316
"Mech_RPM",66679.5,0.0143818
"Mech_RPM",66679.6,0.0143818
"Mech_RPM",66679.6,0.0453442
"Mech_RPM",66679.6,0.0453442
"Mech_RPM",66679.6,0.023604
"Mech_RPM",66679.6,0.023604
"Mech_RPM",66679.6,-0.0081181
"Mech_RPM",66679.6,-0.0081181
"Mech_RPM",66679.6,-0.0183724
"Mech_RPM",66679.6,-0.0183724
"Mech_RPM",66679.6,-0.049255
"Mech_RPM",66679.6,-0.049255
"Mech_RPM",66679.7,-0.11077
"Mech_RPM",66679.7,-0.11077
"Mech_RPM",66679.7,-0.160638
"Mech_RPM",66679.7,-0.160638
"Mech_RPM",66679.7,-0.157425
"Mech_RPM",66679.7,-0.157425
"Mech_RPM",66679.7,-0.164693
"Mech_RPM",66679.7,-0.164693
"Mech_RPM",66679.7,-0.161399
"Mech_RPM",66679.7,-0.161399
"Mech_RPM",66679.8,-0.179005
"Mech_RPM",66679.8,-0.179005
"Mech_RPM",66679.8,-0.154591
"Mech_RPM",66679.8,-0.154591
"Mech_RPM",66679.8,-0.234833
"Mech_RPM",66679.8,-0.234833
"Mech_RPM",66679.8,-0.250969
"Mech_RPM",66679.8,-0.250969
"Mech_RPM",66679.8,-0.24595
"Mech_RPM",66679.8,-0.24595
"Mech_RPM",66679.9,-0.209781
"Mech_RPM",66679.9,-0.209781
"Mech_RPM",66679.9,-0.216002
"Mech_RPM",66679.9,-0.216002
"Mech_RPM",66679.9,-0.201265
"Mech_RPM",66679.9,-0.201265
"Mech_RPM",66679.9,-0.238907
"Mech_RPM",66679.9,-0.238907
"Mech_RPM",66679.9,-0.275795
"Mech_RPM",66679.9,-0.275795
"Mech_RPM",66680,-0.259863
"Mech_RPM",66680,-0.259863
"Mech_RPM",66680,-0.202582
"Mech_RPM",66680,-0.202582
"Mech_RPM",66680,-0.19853
"Mech_RPM",66680,-0.19853
"Mech_RPM",66680,-0.19456
"Mech_RPM",66680,-0.19456
"Mech_RPM",66680,-0.190669
"Mech_RPM",66680,-0.190669
"Mech_RPM",66680.1,-0.197272
"Mech_RPM",66680.1,-0.197272
"Mech_RPM",66680.1,-0.162077
"Mech_RPM",66680.1,-0.162077
"Mech_RPM",66680.1,-0.117168
"Mech_RPM",66680.1,-0.117168
"Mech_RPM",66680.1,-0.104408
"Mech_RPM",66680.1,-0.104408
"Mech_RPM",66680.1,-0.0710701
"Mech_RPM",66680.1,-0.0710701
"Mech_RPM",66680.2,-0.132149
"Mech_RPM",66680.2,-0.132149
"Mech_RPM",66680.2,-0.139922
"Mech_RPM",66680.2,-0.139922
"Mech_RPM",66680.2,-0.178791
"Mech_RPM",66680.2,-0.178791
"Mech_RPM",66680.2,-0.154382
"Mech_RPM",66680.2,-0.154382
"Mech_RPM",66680.2,-0.0992106
"Mech_RPM",66680.2,-0.0992106
"Mech_RPM",66680.3,-0.0868097
"Mech_RPM",66680.3,-0.0868097
"Mech_RPM",66680.3,-0.105907
"Mech_RPM",66680.3,-0.105907
"Mech_RPM",66680.3,-0.135039
"Mech_RPM",66680.3,-0.135039
"Mech_RPM",66680.3,-0.132338
"Mech_RPM",66680.3,-0.132338
"Mech_RPM",66680.3,-0.181774
"Mech_RPM",66680.3,-0.181774
"Mech_RPM",66680.4,-0.219806
"Mech_RPM",66680.4,-0.219806
"Mech_RPM",66680.4,-0.21541
"Mech_RPM",66680.4,-0.21541
"Mech_RPM",66680.4,-0.211101
"Mech_RPM",66680.4,-0.211101
"Mech_RPM",66680.4,-0.133963
"Mech_RPM",66680.4,-0.133963
"Mech_RPM",66680.4,-0.131283
"Mech_RPM",66680.4,-0.131283
"Mech_RPM",66680.5,-0.149491
"Mech_RPM",66680.5,-0.149491
"Mech_RPM",66680.5,-0.146501
"Mech_RPM",66680.5,-0.146501
"Mech_RPM",66680.5,-0.185238
"Mech_RPM",66680.5,-0.185238
"Mech_RPM",66680.5,-0.212783
"Mech_RPM",66680.5,-0.212783
"Mech_RPM",66680.5,-0.218944
"Mech_RPM",66680.5,-0.218944
"Mech_RPM",66680.6,-0.204149
"Mech_RPM",66680.6,-0.204149
"Mech_RPM",66680.6,-0.231316
"Mech_RPM",66680.6,-0.231316
"Mech_RPM",66680.6,-0.216273
"Mech_RPM",66680.6,-0.216273
"Mech_RPM",66680.6,-0.243197
"Mech_RPM",66680.6,-0.243197
"Mech_RPM",66680.6,-0.227917
"Mech_RPM",66680.6,-0.227917
"Mech_RPM",66680.6,-0.223358
"Mech_RPM",66680.7,-0.223358
"Mech_RPM",66680.7,-0.250141
"Mech_RPM",66680.7,-0.250141
"Mech_RPM",66680.7,-0.213888
"Mech_RPM",66680.7,-0.213888
"Mech_RPM",66680.7,-0.199194
"Mech_RPM",66680.7,-0.199194
"Mech_RPM",66680.7,-0.205627
"Mech_RPM",66680.7,-0.205627
"Mech_RPM",66680.7,-0.201514
"Mech_RPM",66680.8,-0.201514
"Mech_RPM",66680.8,-0.218317
"Mech_RPM",66680.8,-0.218317
"Mech_RPM",66680.8,-0.172284
"Mech_RPM",66680.8,-0.172284
"Mech_RPM",66680.8,-0.158422
"Mech_RPM",66680.8,-0.158422
"Mech_RPM",66680.8,-0.217753
"Mech_RPM",66680.8,-0.217753
"Mech_RPM",66680.8,-0.161315
"Mech_RPM",66680.9,-0.161315
"Mech_RPM",66680.9,-0.189339
"Mech_RPM",66680.9,-0.189339
"Mech_RPM",66680.9,-0.102219
"Mech_RPM",66680.9,-0.102219
"Mech_RPM",66680.9,-0.110591
"Mech_RPM",66680.9,-0.110591
"Mech_RPM",66680.9,-0.0562957
"Mech_RPM",66680.9,-0.0562957
"Mech_RPM",66680.9,-0.0968364
"Mech_RPM",66681,-0.0968364
"Mech_RPM",66681,-0.084483
"Mech_RPM",66681,-0.084483
"Mech_RPM",66681,-0.0827934
"Mech_RPM",66681,-0.0827934
"Mech_RPM",66681,-0.122804
"Mech_RPM",66681,-0.122804
"Mech_RPM",66681,-0.109931
"Mech_RPM",66681,-0.109931
"Mech_RPM",66681,-0.0973161
"Mech_RPM",66681.1,-0.0973161
"Mech_RPM",66681.1,-0.0745365
"Mech_RPM",66681.1,-0.0745365
"Mech_RPM",66681.1,-0.0522124
"Mech_RPM",66681.1,-0.0522124
"Mech_RPM",66681.1,-0.0824182
"Mech_RPM",66681.1,-0.0824182
"Mech_RPM",66681.1,-0.0911865
"Mech_RPM",66681.1,-0.0911865
"Mech_RPM",66681.1,-0.0997794
"Mech_RPM",66681.2,-0.0997794
"Mech_RPM",66681.2,-0.0769505
"Mech_RPM",66681.2,-0.0769505
"Mech_RPM",66681.2,-0.0545782
"Mech_RPM",66681.2,-0.0545782
"Mech_RPM",66681.2,-0.0430699
"Mech_RPM",66681.2,-0.0430699
"Mech_RPM",66681.2,-0.0422085
"Mech_RPM",66681.2,-0.0422085
"Mech_RPM",66681.2,-0.0621977
"Mech_RPM",66681.3,-0.0621977
"Mech_RPM",66681.3,-0.0817871
"Mech_RPM",66681.3,-0.0817871
"Mech_RPM",66681.3,-0.059318
"Mech_RPM",66681.3,-0.059318
"Mech_RPM",66681.3,-0.0893816
"Mech_RPM",66681.3,-0.0893816
"Mech_RPM",66681.3,-0.150094
"Mech_RPM",66681.3,-0.150094
"Mech_RPM",66681.3,-0.115842
"Mech_RPM",66681.4,-0.115842
"Mech_RPM",66681.4,-0.123942
"Mech_RPM",66681.4,-0.123942
"Mech_RPM",66681.4,-0.0693798
"Mech_RPM",66681.4,-0.0693798
"Mech_RPM",66681.4,-0.0992422
"Mech_RPM",66681.4,-0.0992422
"Mech_RPM",66681.4,-0.0972573
"Mech_RPM",66681.4,-0.0972573
"Mech_RPM",66681.4,-0.136979
"Mech_RPM",66681.5,-0.136979
"Mech_RPM",66681.5,-0.123823
"Mech_RPM",66681.5,-0.123823
"Mech_RPM",66681.5,-0.100513
"Mech_RPM",66681.5,-0.100513
"Mech_RPM",66681.5,-0.0880859
"Mech_RPM",66681.5,-0.0880859
"Mech_RPM",66681.5,-0.107158
"Mech_RPM",66681.5,-0.107158
"Mech_RPM",66681.5,-0.0633477
"Mech_RPM",66681.6,-0.0633477
"Mech_RPM",66681.6,-0.103747
"Mech_RPM",66681.6,-0.103747
"Mech_RPM",66681.6,-0.0704225
"Mech_RPM",66681.6,-0.0704225
"Mech_RPM",66681.6,-0.069014
"Mech_RPM",66681.6,-0.069014
"Mech_RPM",66681.6,-0.0363838
"Mech_RPM",66681.6,-0.0363838
"Mech_RPM",66681.6,-0.0148227
"Mech_RPM",66681.7,-0.0148227
"Mech_RPM",66681.7,-0.0457763
"Mech_RPM",66681.7,-0.0457763
"Mech_RPM",66681.7,-0.0344441
"Mech_RPM",66681.7,-0.0344441
"Mech_RPM",66681.7,-0.0337552
"Mech_RPM",66681.7,-0.0337552
"Mech_RPM",66681.7,-0.0643301
"Mech_RPM",66681.7,-0.0643301
"cg_id_a",66651.9,0.866935
"cg_id_a",66651.9,-1.07969
"cg_id_a",66651.9,1.51561
"cg_id_a",66651.9,0.378566
"cg_id_a",66651.9,-0.666766
"cg_id_a",66651.9,2.42196
"cg_id_a",66651.9,1.53719
"cg_id_a",66651.9,-0.921069
"cg_id_a",66651.9,-2.70051
"cg_id_a",66651.9,-3.39639
"cg_id_a",66652,-3.36727
"cg_id_a",66652,-1.18476
"cg_id_a",66652,-1.33918
"cg_id_a",66652,-0.420805
"cg_id_a",66652,2.74368
"cg_id_a",66652,1.66129
"cg_id_a",66652,1.92649
"cg_id_a",66652,3.79749
"cg_id_a",66652,-0.168839
"cg_id_a",66652,0.983886
"cg_id_a",66652.1,0.589162
"cg_id_a",66652.1,-2.81078
"cg_id_a",66652.1,-1.06087
"cg_id_a",66652.1,-0.992926
"cg_id_a",66652.1,-1.3902
"cg_id_a",66652.1,0.976359
"cg_id_a",66652.1,1.78689
"cg_id_a",66652.1,1.16325
"cg_id_a",66652.1,5.19047
"cg_id_a",66652.1,2.72074
"cg_id_a",66652.2,-0.806271
"cg_id_a",66652.2,-1.65564
"cg_id_a",66652.2,-2.86931
"cg_id_a",66652.2,-6.58731
"cg_id_a",66652.2,-2.3514
"cg_id_a",66652.2,-2.27892
"cg_id_a",66652.2,-0.666762
"cg_id_a",66652.2,-1.8064
"cg_id_a",66652.2,0.133318
"cg_id_a",66652.2,2.21264
"cg_id_a",66652.3,4.57158
"cg_id_a",66652.3,2.99281
"cg_id_a",66652.3,3.15262
"cg_id_a",66652.3,4.32884
"cg_id_a",66652.3,-2.00064
"cg_id_a",66652.3,-1.32362
"cg_id_a",66652.3,-0.593273
"cg_id_a",66652.3,-4.12353
"cg_id_a",66652.3,0.659233
"cg_id_a",66652.3,-0.44705
"cg_id_a",66652.4,-0.258828
"cg_id_a",66652.4,2.12391
"cg_id_a",66652.4,0.786847
"cg_id_a",66652.4,2.05212
"cg_id_a",66652.4,1.33523
"cg_id_a",66652.4,-0.737696
"cg_id_a",66652.4,-1.48978
"cg_id_a",66652.4,0.767297
"cg_id_a",66652.4,-3.24508
"cg_id_a",66652.4,-3.88939
"cg_id_a",66652.5,0.346186
"cg_id_a",66652.5,-2.23901
"cg_id_a",66652.5,1.96349
"cg_id_a",66652.5,4.35761
"cg_id_a",66652.5,2.09202
"cg_id_a",66652.5,2.78342
"cg_id_a",66652.5,2.49444
"cg_id_a",66652.5,-0.322917
"cg_id_a",66652.5,0.627787
"cg_id_a",66652.5,0.418819
"cg_id_a",66652.6,0.345332
"cg_id_a",66652.6,0.736746
"cg_id_a",66652.6,3.53459
"cg_id_a",66652.6,-1.02357
"cg_id_a",66652.6,1.46931
"cg_id_a",66652.6,0.336165
"cg_id_a",66652.6,1.35871
"cg_id_a",66652.6,-0.211294
"cg_id_a",66652.6,-0.910962
"cg_id_a",66652.6,-3.03731
"cg_id_a",66652.7,-2.87822
"cg_id_a",66652.7,-2.61548
"cg_id_a",66652.7,-1.07235
"cg_id_a",66652.7,-1.36235
"cg_id_a",66652.7,0.456886
"cg_id_a",66652.7,1.634
"cg_id_a",66652.7,6.91971
"cg_id_a",66652.7,2.79748
"cg_id_a",66652.7,2.44756
"cg_id_a",66652.7,2.02436
"cg_id_a",66652.8,-2.38051
"cg_id_a",66652.8,-1.04615
"cg_id_a",66652.8,0.265072
"cg_id_a",66652.8,-2.50139
"cg_id_a",66652.8,-0.996807
"cg_id_a",66652.8,-0.592807
"cg_id_a",66652.8,-0.485136
"cg_id_a",66652.8,2.9281
"cg_id_a",66652.8,2.0588
"cg_id_a",66652.8,2.62782
"cg_id_a",66652.9,2.54035
"cg_id_a",66652.9,-1.44707
"cg_id_a",66652.9,-5.02436
"cg_id_a",66652.9,-1.63217
"cg_id_a",66652.9,-3.41903
"cg_id_a",66652.9,-2.95307
"cg_id_a",66652.9,0.441058
"cg_id_a",66652.9,-0.628929
"cg_id_a",66652.9,0.424917
"cg_id_a",66652.9,3.67128
"cg_id_a",66653,2.35024
"cg_id_a",66653,2.19635
"cg_id_a",66653,0.668665
"cg_id_a",66653,-0.00434754
"cg_id_a",66653,0.172453
"cg_id_a",66653,2.01644
"cg_id_a",66653,-3.32981
"cg_id_a",66653,-1.18689
"cg_id_a",66653,-2.37861
"cg_id_a",66653,-2.66613
"cg_id_a",66653.1,1.45546
"cg_id_a",66653.1,1.43526
"cg_id_a",66653.1,-2.85983
"cg_id_a",66653.1,-1.03041
"cg_id_a",66653.1,-3.50862
"cg_id_a",66653.1,-3.31514
"cg_id_a",66653.1,0.390021
"cg_id_a",66653.1,-0.357679
"cg_id_a",66653.1,-0.915923
"cg_id_a",66653.1,2.00233
"cg_id_a",66653.2,-1.36789
"cg_id_a",66653.2,-2.17035
"cg_id_a",66653.2,2.72874
"cg_id_a",66653.2,-1.31599
"cg_id_a",66653.2,-1.61061
"cg_id_a",66653.2,2.38241
"cg_id_a",66653.2,-1.80157
"cg_id_a",66653.2,-0.180613
"cg_id_a",66653.2,0.763414
"cg_id_a",66653.2,-0.51559
"cg_id_a",66653.3,0.340321
"cg_id_a",66653.3,0.107257
"cg_id_a",66653.3,-0.916092
"cg_id_a",66653.3,-0.305227
"cg_id_a",66653.3,1.64511
"cg_id_a",66653.3,-1.27546
"cg_id_a",66653.3,-1.29239
"cg_id_a",66653.3,1.6398
"cg_id_a",66653.3,-2.24349
"cg_id_a",66653.3,-1.74879
"cg_id_a",66653.4,1.8113
"cg_id_a",66653.4,-0.711534
"cg_id_a",66653.4,-0.790618
"cg_id_a",66653.4,-0.144296
"cg_id_a",66653.4,-0.398142
"cg_id_a",66653.4,-0.0397255
"cg_id_a",66653.4,-0.790812
"cg_id_a",66653.4,-0.0698312
"cg_id_a",66653.4,-1.58821
"cg_id_a",66653.4,1.33217
"cg_id_a",66653.5,1.01121
"cg_id_a",66653.5,-2.6293
"cg_id_a",66653.5,2.05348
"cg_id_a",66653.5,1.48467
"cg_id_a",66653.5,-1.73626
"cg_id_a",66653.5,1.3766
"cg_id_a",66653.5,0.849543
"cg_id_a",66653.5,-2.54863
"cg_id_a",66653.5,0.18295
"cg_id_a",66653.5,0.847314
"cg_id_a",66653.6,-0.734859
"cg_id_a",66653.6,1.22289
"cg_id_a",66653.6,-0.0943377
"cg_id_a",66653.6,-0.780575
"cg_id_a",66653.6,-0.745398
"cg_id_a",66653.6,2.03967
"cg_id_a",66653.6,-0.229888
"cg_id_a",66653.6,-2.8646
"cg_id_a",66653.6,1.6098
"cg_id_a",66653.6,1.27115
"cg_id_a",66653.7,-3.11269
"cg_id_a",66653.7,0.370923
"cg_id_a",66653.7,2.16985
"cg_id_a",66653.7,-0.731543
"cg_id_a",66653.7,-1.01686
"cg_id_a",66653.7,0.817397
"cg_id_a",66653.7,-0.303069
"cg_id_a",66653.7,-0.372423
"cg_id_a",66653.7,0.788982
"cg_id_a",66653.8,0.127933
"cg_id_a",66653.8,-1.78907
"cg_id_a",66653.8,0.278591
"cg_id_a",66653.8,2.03658
"cg_id_a",66653.8,-2.24087
"cg_id_a",66653.8,-1.58328
"cg_id_a",66653.8,3.6352
"cg_id_a",66653.8,0.231916
"cg_id_a",66653.8,-3.12156
"cg_id_a",66653.8,1.32501
"cg_id_a",66653.9,1.76661
"cg_id_a",66653.9,-1.41731
"cg_id_a",66653.9,0.150341
"cg_id_a",66653.9,0.745959
"cg_id_a",66653.9,-0.58609
"cg_id_a",66653.9,-0.853055
"cg_id_a",66653.9,0.431969
"cg_id_a",66653.9,-0.308384
"cg_id_a",66653.9,-2.11055
"cg_id_a",66653.9,-0.0368735
"cg_id_a",66653.9,2.54098
"cg_id_a",66654,-1.3725
"cg_id_a",66654,-2.95327
"cg_id_a",66654,2.34316
"cg_id_a",66654,2.14289
"cg_id_a",66654,-3.34407
"cg_id_a",66654,-0.457111
"cg_id_a",66654,2.25895
"cg_id_a",66654,-0.04953
"cg_id_a",66654,-0.539968
"cg_id_a",66654,0.4641
"cg_id_a",66654.1,-0.222231
"cg_id_a",66654.1,-0.167831
"cg_id_a",66654.1,0.150173
"cg_id_a",66654.1,0.620546
"cg_id_a",66654.1,-0.190088
"cg_id_a",66654.1,-1.45643
"cg_id_a",66654.1,1.27277
"cg_id_a",66654.1,2.02078
"cg_id_a",66654.1,-1.32933
"cg_id_a",66654.1,-1.98453
"cg_id_a",66654.2,2.2727
"cg_id_a",66654.2,2.75611
"cg_id_a",66654.2,-2.33784
"cg_id_a",66654.2,-0.771925
"cg_id_a",66654.2,3.37417
"cg_id_a",66654.2,-0.362153
"cg_id_a",66654.2,-1.42107
"cg_id_a",66654.2,0.483268
"cg_id_a",66654.2,1.28972
"cg_id_a",66654.2,-0.11181
"cg_id_a",66654.3,-0.895236
"cg_id_a",66654.3,0.616015
"cg_id_a",66654.3,0.424268
"cg_id_a",66654.3,-0.567463
"cg_id_a",66654.3,-1.32648
"cg_id_a",66654.3,0.915405
"cg_id_a",66654.3,1.63385
"cg_id_a",66654.3,-2.0783
"cg_id_a",66654.3,-2.6773
"cg_id_a",66654.4,2.80443
"cg_id_a",66654.4,1.51567
"cg_id_a",66654.4,-2.78509
"cg_id_a",66654.4,0.0440303
"cg_id_a",66654.4,2.36298
"cg_id_a",66654.4,-0.2622
"cg_id_a",66654.4,-1.28113
"cg_id_a",66654.4,-0.392969
"cg_id_a",66654.4,0.49245
"cg_id_a",66654.4,0.351854
"cg_id_a",66654.4,-0.927169
"cg_id_a",66654.5,-0.327191
"cg_id_a",66654.5,0.464739
"cg_id_a",66654.5,-0.302912
"cg_id_a",66654.5,-1.11368
"cg_id_a",66654.5,-0.537154
"cg_id_a",66654.5,2.14301
"cg_id_a",66654.5,0.536743
"cg_id_a",66654.5,-2.31403
"cg_id_a",66654.5,-1.99984
"cg_id_a",66654.5,2.40023
"cg_id_a",66654.6,1.22962
"cg_id_a",66654.6,-2.24969
"cg_id_a",66654.6,-3.25966
"cg_id_a",66654.6,1.59752
"cg_id_a",66654.6,1.12889
"cg_id_a",66654.6,-1.45958
"cg_id_a",66654.6,-0.825096
"cg_id_a",66654.6,0.401928
"cg_id_a",66654.6,0.0230078
"cg_id_a",66654.7,-0.121249
"cg_id_a",66654.7,0.729851
"cg_id_a",66654.7,0.308277
"cg_id_a",66654.7,0.629359
"cg_id_a",66654.7,-0.599813
"cg_id_a",66654.7,-0.964319
"cg_id_a",66654.8,0.13091
"cg_id_a",66654.8,1.93034
"cg_id_a",66654.8,1.01416
"cg_id_a",66654.8,-2.32906
"cg_id_a",66654.8,-0.934894
"cg_id_a",66654.8,2.682
"cg_id_a",66654.8,0.477929
"cg_id_a",66654.8,-2.14739
"cg_id_a",66654.9,-2.26425
"cg_id_a",66654.9,1.7835
"cg_id_a",66654.9,1.5549
"cg_id_a",66654.9,-0.60594
"cg_id_a",66654.9,-1.24642
"cg_id_a",66654.9,0.517368
"cg_id_a",66655,0.109386
"cg_id_a",66655,-0.308338
"cg_id_a",66655,-0.189994
"cg_id_a",66655,0.42359
"cg_id_a",66655,-2.23733
"cg_id_a",66655,-0.387167
"cg_id_a",66655.1,2.07472
"cg_id_a",66655.1,2.45903
"cg_id_a",66655.1,-0.419588
"cg_id_a",66655.1,-1.60243
"cg_id_a",66655.1,-0.0269838
"cg_id_a",66655.1,2.21331
"cg_id_a",66655.1,1.47149
"cg_id_a",66655.1,-1.12332
"cg_id_a",66655.1,0.286728
"cg_id_a",66655.1,0.188007
"cg_id_a",66655.2,1.26538
"cg_id_a",66655.2,0.140862
"cg_id_a",66655.2,-0.560763
"cg_id_a",66655.2,-0.520171
"cg_id_a",66655.2,0.444607
"cg_id_a",66655.2,0.658875
"cg_id_a",66655.2,0.272438
"cg_id_a",66655.2,-1.45178
"cg_id_a",66655.2,-0.861354
"cg_id_a",66655.2,1.11869
"cg_id_a",66655.2,3.17851
"cg_id_a",66655.2,-0.651131
"cg_id_a",66655.3,-3.65195
"cg_id_a",66655.3,-1.55936
"cg_id_a",66655.3,2.51074
"cg_id_a",66655.3,1.52627
"cg_id_a",66655.3,-0.870044
"cg_id_a",66655.3,-2.64552
"cg_id_a",66655.3,-1.46867
"cg_id_a",66655.3,2.07178
"cg_id_a",66655.3,0.401344
"cg_id_a",66655.3,-0.872514
"cg_id_a",66655.4,-2.15396
"cg_id_a",66655.4,0.567792
"cg_id_a",66655.4,0.836678
"cg_id_a",66655.4,0.370142
"cg_id_a",66655.4,-0.588079
"cg_id_a",66655.4,-0.470153
"cg_id_a",66655.4,-0.166777
"cg_id_a",66655.4,0.619306
"cg_id_a",66655.4,1.12875
"cg_id_a",66655.4,-0.138687
"cg_id_a",66655.4,-0.951975
"cg_id_a",66655.5,-0.563818
"cg_id_a",66655.5,0.77072
"cg_id_a",66655.5,2.19369
"cg_id_a",66655.5,0.736477
"cg_id_a",66655.5,-2.086
"cg_id_a",66655.5,-2.46081
"cg_id_a",66655.5,0.0179794
"cg_id_a",66655.5,2.52372
"cg_id_a",66655.5,1.33707
"cg_id_a",66655.5,-1.66619
"cg_id_a",66655.6,-2.69284
"cg_id_a",66655.6,-1.06633
"cg_id_a",66655.6,1.87427
"cg_id_a",66655.6,1.82138
"cg_id_a",66655.6,0.318885
"cg_id_a",66655.6,-1.49454
"cg_id_a",66655.6,-0.382105
"cg_id_a",66655.6,0.636072
"cg_id_a",66655.6,0.419218
"cg_id_a",66655.6,-1.54038
"cg_id_a",66655.6,-0.479377
"cg_id_a",66655.6,0.102439
"cg_id_a",66655.7,1.20787
"cg_id_a",66655.7,-0.0158044
"cg_id_a",66655.7,0.743551
"cg_id_a",66655.7,0.712189
"cg_id_a",66655.7,-0.592811
"cg_id_a",66655.7,-1.56431
"cg_id_a",66655.7,-0.370949
"cg_id_a",66655.7,1.56137
"cg_id_a",66655.7,2.40182
"cg_id_a",66655.7,-0.0972035
"cg_id_a",66655.8,-2.18539
"cg_id_a",66655.8,-3.11116
"cg_id_a",66655.8,-0.0551523
"cg_id_a",66655.8,2.40421
"cg_id_a",66655.8,3.00581
"cg_id_a",66655.8,-0.241313
"cg_id_a",66655.8,-2.66127
"cg_id_a",66655.8,-3.32953
"cg_id_a",66655.8,0.656788
"cg_id_a",66655.8,1.7575
"cg_id_a",66655.8,1.94766
"cg_id_a",66655.8,-0.528188
"cg_id_a",66655.9,-1.88773
"cg_id_a",66655.9,-0.613018
"cg_id_a",66655.9,0.448272
"cg_id_a",66655.9,0.782892
"cg_id_a",66655.9,-0.421972
"cg_id_a",66655.9,0.413189
"cg_id_a",66655.9,-0.617439
"cg_id_a",66655.9,-0.653843
"cg_id_a",66655.9,0.992539
"cg_id_a",66655.9,-0.0085483
"cg_id_a",66656,0.0278715
"cg_id_a",66656,-0.105261
"cg_id_a",66656,-0.558012
"cg_id_a",66656,-1.19595
"cg_id_a",66656,-0.690293
"cg_id_a",66656,0.86312
"cg_id_a",66656,2.92334
"cg_id_a",66656,1.1621
"cg_id_a",66656,-0.943984
"cg_id_a",66656,-2.66261
"cg_id_a",66656.1,-2.75061
"cg_id_a",66656.1,-0.299026
"cg_id_a",66656.1,2.7791
"cg_id_a",66656.1,3.47205
"cg_id_a",66656.1,0.326693
"cg_id_a",66656.1,-2.10503
"cg_id_a",66656.1,-2.59129
"cg_id_a",66656.1,-1.6708
"cg_id_a",66656.1,1.20203
"cg_id_a",66656.1,2.86006
"cg_id_a",66656.1,0.104845
"cg_id_a",66656.2,-0.233102
"cg_id_a",66656.2,-2.06523
"cg_id_a",66656.2,-1.10814
"cg_id_a",66656.2,1.0371
"cg_id_a",66656.2,0.409106
"cg_id_a",66656.2,1.00892
"cg_id_a",66656.2,-0.434609
"cg_id_a",66656.2,-0.2728
"cg_id_a",66656.2,0.0408584
"cg_id_a",66656.2,-0.347555
"cg_id_a",66656.3,-0.0744587
"cg_id_a",66656.3,0.216139
"cg_id_a",66656.3,0.338704
"cg_id_a",66656.3,0.153365
"cg_id_a",66656.3,0.0705966
"cg_id_a",66656.3,-0.915208
"cg_id_a",66656.3,-1.27171
"cg_id_a",66656.3,-0.214562
"cg_id_a",66656.3,0.566994
"cg_id_a",66656.4,1.77198
"cg_id_a",66656.4,1.23764
"cg_id_a",66656.4,0.871135
"cg_id_a",66656.4,-1.30528
"cg_id_a",66656.4,-2.57465
"cg_id_a",66656.4,-2.68955
"cg_id_a",66656.4,0.119309
"cg_id_a",66656.4,2.7605
"cg_id_a",66656.4,2.9667
"cg_id_a",66656.5,1.28448
"cg_id_a",66656.5,-0.820438
"cg_id_a",66656.5,-2.95601
"cg_id_a",66656.5,-5.02912
"cg_id_a",66656.5,-1.78658
"cg_id_a",66656.5,0.852928
"cg_id_a",66656.5,1.9693
"cg_id_a",66656.5,1.78339
"cg_id_a",66656.5,0.432162
"cg_id_a",66656.5,-0.606314
"cg_id_a",66656.5,-1.3478
"cg_id_a",66656.6,-1.0258
"cg_id_a",66656.6,-0.695062
"cg_id_a",66656.6,0.832278
"cg_id_a",66656.6,0.530887
"cg_id_a",66656.6,0.581462
"cg_id_a",66656.6,-0.168008
"cg_id_a",66656.6,-0.320966
"cg_id_a",66656.6,-1.08824
"cg_id_a",66656.6,0.263168
"cg_id_a",66656.6,0.0613542
"cg_id_a",66656.7,-0.416125
"cg_id_a",66656.7,0.293095
"cg_id_a",66656.7,0.669251
"cg_id_a",66656.7,1.51422
"cg_id_a",66656.7,0.077511
"cg_id_a",66656.7,-1.08058
"cg_id_a",66656.7,-1.09373
"cg_id_a",66656.7,-1.07638
"cg_id_a",66656.7,-0.462669
"cg_id_a",66656.8,1.01773
"cg_id_a",66656.8,1.7752
"cg_id_a",66656.8,1.05913
"cg_id_a",66656.8,1.45642
"cg_id_a",66656.8,-0.300519
"cg_id_a",66656.8,-0.566586
"cg_id_a",66656.8,-2.65375
"cg_id_a",66656.8,-3.39997
"cg_id_a",66656.8,-1.15454
"cg_id_a",66656.8,1.24632
"cg_id_a",66656.9,2.01319
"cg_id_a",66656.9,2.84985
"cg_id_a",66656.9,1.89159
"cg_id_a",66656.9,-0.35703
"cg_id_a",66656.9,-2.03267
"cg_id_a",66656.9,-2.29646
"cg_id_a",66656.9,-2.08587
"cg_id_a",66656.9,-1.17863
"cg_id_a",66656.9,1.34314
"cg_id_a",66656.9,2.2942
"cg_id_a",66656.9,1.59137
"cg_id_a",66657,1.0412
"cg_id_a",66657,0.155046
"cg_id_a",66657,-1.05645
"cg_id_a",66657,-1.59267
"cg_id_a",66657,-1.91611
"cg_id_a",66657,-0.926005
"cg_id_a",66657,0.687606
"cg_id_a",66657,0.459127
"cg_id_a",66657,0.858196
"cg_id_a",66657,0.532348
"cg_id_a",66657.1,0.508221
"cg_id_a",66657.1,-0.308641
"cg_id_a",66657.1,-0.972953
"cg_id_a",66657.1,0.986603
"cg_id_a",66657.1,0.0807612
"cg_id_a",66657.1,1.93823
"cg_id_a",66657.1,-0.564964
"cg_id_a",66657.1,1.12858
"cg_id_a",66657.1,0.401755
"cg_id_a",66657.1,0.719659
"cg_id_a",66657.2,0.82002
"cg_id_a",66657.2,0.949127
"cg_id_a",66657.2,-0.106354
"cg_id_a",66657.2,-1.18587
"cg_id_a",66657.2,-1.87061
"cg_id_a",66657.2,-0.971732
"cg_id_a",66657.2,-1.1345
"cg_id_a",66657.2,-0.692638
"cg_id_a",66657.2,0.625723
"cg_id_a",66657.2,1.20761
"cg_id_a",66657.3,1.88753
"cg_id_a",66657.3,1.5142
"cg_id_a",66657.3,0.307399
"cg_id_a",66657.3,-0.808323
"cg_id_a",66657.3,-1.74489
"cg_id_a",66657.3,-2.81347
"cg_id_a",66657.3,-2.41906
"cg_id_a",66657.3,-1.93068
"cg_id_a",66657.3,-0.948988
"cg_id_a",66657.3,0.331962
"cg_id_a",66657.4,2.20147
"cg_id_a",66657.4,3.07638
"cg_id_a",66657.4,2.53265
"cg_id_a",66657.4,2.27826
"cg_id_a",66657.4,1.97083
"cg_id_a",66657.4,-1.4514
"cg_id_a",66657.4,-1.97672
"cg_id_a",66657.4,-2.77778
"cg_id_a",66657.4,-2.49461
"cg_id_a",66657.5,-2.30067
"cg_id_a",66657.5,-1.30618
"cg_id_a",66657.5,1.24525
"cg_id_a",66657.5,0.71496
"cg_id_a",66657.5,2.32117
"cg_id_a",66657.5,2.0573
"cg_id_a",66657.5,1.41338
"cg_id_a",66657.5,0.572379
"cg_id_a",66657.5,0.754676
"cg_id_a",66657.5,-0.773454
"cg_id_a",66657.5,-1.55089
"cg_id_a",66657.6,-1.38281
"cg_id_a",66657.6,-1.20853
"cg_id_a",66657.6,-1.07383
"cg_id_a",66657.6,0.415298
"cg_id_a",66657.6,-0.290774
"cg_id_a",66657.6,0.503833
"cg_id_a",66657.6,1.51523
"cg_id_a",66657.6,1.11943
"cg_id_a",66657.6,1.00713
"cg_id_a",66657.6,-0.523413
"cg_id_a",66657.7,-0.181774
"cg_id_a",66657.7,-0.0706074
"cg_id_a",66657.7,-1.21276
"cg_id_a",66657.7,-0.436107
"cg_id_a",66657.7,-0.32038
"cg_id_a",66657.7,-0.211657
"cg_id_a",66657.7,-0.287302
"cg_id_a",66657.7,-0.251108
"cg_id_a",66657.7,-0.0457369
"cg_id_a",66657.8,0.596943
"cg_id_a",66657.8,0.320214
"cg_id_a",66657.8,-0.158631
"cg_id_a",66657.8,1.04773
"cg_id_a",66657.8,0.422382
"cg_id_a",66657.8,1.77642
"cg_id_a",66657.8,-1.3946
"cg_id_a",66657.8,-0.155348
"cg_id_a",66657.8,-0.269086
"cg_id_a",66657.8,-0.191805
"cg_id_a",66657.9,-0.764321
"cg_id_a",66657.9,-1.25827
"cg_id_a",66657.9,-1.09398
"cg_id_a",66657.9,-0.953401
"cg_id_a",66657.9,-0.872966
"cg_id_a",66657.9,-0.666985
"cg_id_a",66657.9,-0.160009
"cg_id_a",66657.9,0.585479
"cg_id_a",66657.9,1.37326
"cg_id_a",66657.9,1.742
"cg_id_a",66658,2.27517
"cg_id_a",66658,1.06668
"cg_id_a",66658,1.59182
"cg_id_a",66658,0.512222
"cg_id_a",66658,1.6835
"cg_id_a",66658,0.2277
"cg_id_a",66658,-0.991313
"cg_id_a",66658,-1.4659
"cg_id_a",66658,-2.333
"cg_id_a",66658,-2.90862
"cg_id_a",66658.1,-2.71889
"cg_id_a",66658.1,-2.75198
"cg_id_a",66658.1,-2.58563
"cg_id_a",66658.1,-1.98667
"cg_id_a",66658.1,-0.644043
"cg_id_a",66658.1,1.25284
"cg_id_a",66658.1,0.926598
"cg_id_a",66658.1,2.90698
"cg_id_a",66658.1,2.61383
"cg_id_a",66658.1,3.58324
"cg_id_a",66658.2,3.28394
"cg_id_a",66658.2,3.12813
"cg_id_a",66658.2,3.31118
"cg_id_a",66658.2,1.15357
"cg_id_a",66658.2,1.17304
"cg_id_a",66658.2,0.583292
"cg_id_a",66658.2,-0.804332
"cg_id_a",66658.2,-1.2436
"cg_id_a",66658.2,-1.89054
"cg_id_a",66658.2,-2.35529
"cg_id_a",66658.2,-3.34929
"cg_id_a",66658.3,-3.06118
"cg_id_a",66658.3,-2.59032
"cg_id_a",66658.3,-2.60434
"cg_id_a",66658.3,-3.07791
"cg_id_a",66658.3,-1.3674
"cg_id_a",66658.3,-1.05712
"cg_id_a",66658.3,-0.647206
"cg_id_a",66658.3,1.0639
"cg_id_a",66658.3,1.74951
"cg_id_a",66658.4,1.63213
"cg_id_a",66658.4,2.10429
"cg_id_a",66658.4,2.30969
"cg_id_a",66658.4,1.17581
"cg_id_a",66658.4,2.72308
"cg_id_a",66658.4,1.50001
"cg_id_a",66658.4,1.17513
"cg_id_a",66658.4,0.86997
"cg_id_a",66658.4,0.561447
"cg_id_a",66658.4,1.07963
"cg_id_a",66658.5,-0.126219
"cg_id_a",66658.5,-0.613195
"cg_id_a",66658.5,-0.571326
"cg_id_a",66658.5,-0.795718
"cg_id_a",66658.5,-0.701437
"cg_id_a",66658.5,-1.33531
"cg_id_a",66658.5,-1.51334
"cg_id_a",66658.5,-0.93692
"cg_id_a",66658.5,-1.5113
"cg_id_a",66658.5,-1.19832
"cg_id_a",66658.6,-1.32193
"cg_id_a",66658.6,-1.73191
"cg_id_a",66658.6,-1.22999
"cg_id_a",66658.6,-0.655974
"cg_id_a",66658.6,1.82934
"cg_id_a",66658.6,-0.289495
"cg_id_a",66658.6,-0.162958
"cg_id_a",66658.6,-0.343351
"cg_id_a",66658.6,0.282329
"cg_id_a",66658.6,0.525694
"cg_id_a",66658.7,0.370841
"cg_id_a",66658.7,0.730084
"cg_id_a",66658.7,0.87104
"cg_id_a",66658.7,0.479503
"cg_id_a",66658.7,-0.125465
"cg_id_a",66658.7,0.699396
"cg_id_a",66658.7,1.47153
"cg_id_a",66658.7,0.522354
"cg_id_a",66658.7,0.0136385
"cg_id_a",66658.7,1.12211
"cg_id_a",66658.8,1.3613
"cg_id_a",66658.8,0.797395
"cg_id_a",66658.8,0.779925
"cg_id_a",66658.8,-0.0841176
"cg_id_a",66658.8,0.166543
"cg_id_a",66658.8,-0.542618
"cg_id_a",66658.8,-1.54154
"cg_id_a",66658.8,0.276317
"cg_id_a",66658.8,-0.208862
"cg_id_a",66658.8,-0.100053
"cg_id_a",66658.9,-0.852028
"cg_id_a",66658.9,0.223826
"cg_id_a",66658.9,-0.464057
"cg_id_a",66658.9,-0.283159
"cg_id_a",66658.9,-0.720803
"cg_id_a",66658.9,-0.168007
"cg_id_a",66658.9,-0.92867
"cg_id_a",66658.9,-0.0713131
"cg_id_a",66658.9,-0.194134
"cg_id_a",66658.9,-0.813443
"cg_id_a",66659,-0.00598607
"cg_id_a",66659,-0.474675
"cg_id_a",66659,-0.324366
"cg_id_a",66659,-0.665204
"cg_id_a",66659,-0.282733
"cg_id_a",66659,-0.0275386
"cg_id_a",66659,0.762176
"cg_id_a",66659,0.21047
"cg_id_a",66659,-0.786006
"cg_id_a",66659,0.379459
"cg_id_a",66659.1,-0.172146
"cg_id_a",66659.1,-0.384591
"cg_id_a",66659.1,0.174112
"cg_id_a",66659.1,0.186409
"cg_id_a",66659.1,-0.0653988
"cg_id_a",66659.1,-1.67908
"cg_id_a",66659.1,0.26203
"cg_id_a",66659.1,0.395176
"cg_id_a",66659.1,-0.606439
"cg_id_a",66659.1,0.203768
"cg_id_a",66659.2,0.207502
"cg_id_a",66659.2,-0.639364
"cg_id_a",66659.2,-0.480212
"cg_id_a",66659.2,-0.0779618
"cg_id_a",66659.2,-0.235915
"cg_id_a",66659.2,0.0462678
"cg_id_a",66659.2,0.0963103
"cg_id_a",66659.2,0.327776
"cg_id_a",66659.2,0.288469
"cg_id_a",66659.2,-0.0839357
"cg_id_a",66659.2,-0.0151902
"cg_id_a",66659.3,0.14591
"cg_id_a",66659.3,0.300997
"cg_id_a",66659.3,0.0675059
"cg_id_a",66659.3,0.155567
"cg_id_a",66659.3,0.372207
"cg_id_a",66659.3,-0.0938577
"cg_id_a",66659.3,0.486597
"cg_id_a",66659.3,0.380213
"cg_id_a",66659.3,-0.281842
"cg_id_a",66659.4,0.126504
"cg_id_a",66659.4,-0.121872
"cg_id_a",66659.4,0.490534
"cg_id_a",66659.4,0.201639
"cg_id_a",66659.4,0.779674
"cg_id_a",66659.4,0.272295
"cg_id_a",66659.4,0.709888
"cg_id_a",66659.4,0.922461
"cg_id_a",66659.4,1.40298
"cg_id_a",66659.4,1.93268
"cg_id_a",66659.4,0.270774
"cg_id_a",66659.5,0.495704
"cg_id_a",66659.5,0.482818
"cg_id_a",66659.5,0.342218
"cg_id_a",66659.5,-0.474474
"cg_id_a",66659.5,-1.44876
"cg_id_a",66659.5,0.418685
"cg_id_a",66659.5,0.563498
"cg_id_a",66659.5,-0.338682
"cg_id_a",66659.5,0.306776
"cg_id_a",66659.5,0.267714
"cg_id_a",66659.6,0.520277
"cg_id_a",66659.6,0.274131
"cg_id_a",66659.6,-0.00132943
"cg_id_a",66659.6,0.0125407
"cg_id_a",66659.6,-0.742346
"cg_id_a",66659.6,-0.171573
"cg_id_a",66659.6,-0.512414
"cg_id_a",66659.6,0.211639
"cg_id_a",66659.6,1.07639
"cg_id_a",66659.6,0.254623
"cg_id_a",66659.7,0.680984
"cg_id_a",66659.7,0.323176
"cg_id_a",66659.7,0.356
"cg_id_a",66659.7,0.226045
"cg_id_a",66659.7,0.38364
"cg_id_a",66659.7,0.491105
"cg_id_a",66659.7,0.54059
"cg_id_a",66659.7,0.146153
"cg_id_a",66659.7,-0.221492
"cg_id_a",66659.7,0.536726
"cg_id_a",66659.8,0.708295
"cg_id_a",66659.8,0.259707
"cg_id_a",66659.8,0.452751
"cg_id_a",66659.8,0.236175
"cg_id_a",66659.8,0.141333
"cg_id_a",66659.8,1.03509
"cg_id_a",66659.8,-0.88986
"cg_id_a",66659.8,-0.234407
"cg_id_a",66659.8,0.575569
"cg_id_a",66659.8,0.212312
"cg_id_a",66659.9,0.653104
"cg_id_a",66659.9,0.663081
"cg_id_a",66659.9,0.704246
"cg_id_a",66659.9,0.295701
"cg_id_a",66659.9,0.368935
"cg_id_a",66659.9,0.226095
"cg_id_a",66659.9,-1.21274
"cg_id_a",66659.9,0.391687
"cg_id_a",66659.9,0.545702
"cg_id_a",66659.9,0.0625647
"cg_id_a",66660,0.171896
"cg_id_a",66660,0.241215
"cg_id_a",66660,0.561259
"cg_id_a",66660,1.99357
"cg_id_a",66660,0.337433
"cg_id_a",66660,1.05362
"cg_id_a",66660,0.363965
"cg_id_a",66660,0.434344
"cg_id_a",66660,0.232781
"cg_id_a",66660,0.121962
"cg_id_a",66660.1,0.48415
"cg_id_a",66660.1,0.0938924
"cg_id_a",66660.1,0.375205
"cg_id_a",66660.1,0.945201
"cg_id_a",66660.1,0.257851
"cg_id_a",66660.1,0.267325
"cg_id_a",66660.1,0.478379
"cg_id_a",66660.1,-0.175252
"cg_id_a",66660.1,0.300359
"cg_id_a",66660.1,0.592174
"cg_id_a",66660.2,1.03512
"cg_id_a",66660.2,0.440126
"cg_id_a",66660.2,0.308977
"cg_id_a",66660.2,0.0824649
"cg_id_a",66660.2,0.053654
"cg_id_a",66660.2,0.387252
"cg_id_a",66660.2,-0.234387
"cg_id_a",66660.2,0.0718518
"cg_id_a",66660.2,-0.0776443
"cg_id_a",66660.2,0.676937
"cg_id_a",66660.3,0.576237
"cg_id_a",66660.3,0.275323
"cg_id_a",66660.3,0.511446
"cg_id_a",66660.3,0.320574
"cg_id_a",66660.3,0.581872
"cg_id_a",66660.3,2.33187
"cg_id_a",66660.3,0.182901
"cg_id_a",66660.3,-0.478642
"cg_id_a",66660.3,-0.220878
"cg_id_a",66660.3,0.307434
"cg_id_a",66660.4,0.71901
"cg_id_a",66660.4,0.11328
"cg_id_a",66660.4,-0.327463
"cg_id_a",66660.4,0.631107
"cg_id_a",66660.4,0.237107
"cg_id_a",66660.4,1.86186
"cg_id_a",66660.4,1.9036
"cg_id_a",66660.4,0.171754
"cg_id_a",66660.4,0.211565
"cg_id_a",66660.4,0.0444967
"cg_id_a",66660.4,0.161937
"cg_id_a",66660.5,0.375644
"cg_id_a",66660.5,0.499821
"cg_id_a",66660.5,0.419291
"cg_id_a",66660.5,0.628586
"cg_id_a",66660.5,-0.122325
"cg_id_a",66660.5,-0.110921
"cg_id_a",66660.5,0.393079
"cg_id_a",66660.5,0.107995
"cg_id_a",66660.5,0.73459
"cg_id_a",66660.5,-0.0838261
"cg_id_a",66660.6,0.702269
"cg_id_a",66660.6,1.87578
"cg_id_a",66660.6,-0.44754
"cg_id_a",66660.6,-0.0171135
"cg_id_a",66660.6,0.265676
"cg_id_a",66660.6,0.00522407
"cg_id_a",66660.6,-0.0483909
"cg_id_a",66660.6,-0.14206
"cg_id_a",66660.6,0.0612726
"cg_id_a",66660.6,-0.0603069
"cg_id_a",66660.7,0.20422
"cg_id_a",66660.7,0.106075
"cg_id_a",66660.7,0.587081
"cg_id_a",66660.7,-0.356951
"cg_id_a",66660.7,0.768415
"cg_id_a",66660.7,-0.0803408
"cg_id_a",66660.7,0.532554
"cg_id_a",66660.7,0.603042
"cg_id_a",66660.7,0.630502
"cg_id_a",66660.7,1.0241
"cg_id_a",66660.8,-1.03287
"cg_id_a",66660.8,0.825103
"cg_id_a",66660.8,0.24021
"cg_id_a",66660.8,0.165639
"cg_id_a",66660.8,0.354047
"cg_id_a",66660.8,-0.132644
"cg_id_a",66660.8,-0.314988
"cg_id_a",66660.8,0.350696
"cg_id_a",66660.8,0.470394
"cg_id_a",66660.8,0.357438
"cg_id_a",66660.9,0.273953
"cg_id_a",66660.9,0.391309
"cg_id_a",66660.9,0.381999
"cg_id_a",66660.9,0.203884
"cg_id_a",66660.9,0.635873
"cg_id_a",66660.9,0.412121
"cg_id_a",66660.9,-0.118429
"cg_id_a",66660.9,0.542422
"cg_id_a",66660.9,0.695701
"cg_id_a",66660.9,0.132109
"cg_id_a",66661,0.248895
"cg_id_a",66661,0.188917
"cg_id_a",66661,0.359807
"cg_id_a",66661,-0.304457
"cg_id_a",66661,0.167261
"cg_id_a",66661,0.642651
"cg_id_a",66661,0.682494
"cg_id_a",66661,0.239246
"cg_id_a",66661,-0.521897
"cg_id_a",66661,0.416312
"cg_id_a",66661.1,0.356432
"cg_id_a",66661.1,0.353463
"cg_id_a",66661.1,-0.0716611
"cg_id_a",66661.1,0.364063
"cg_id_a",66661.1,0.598529
"cg_id_a",66661.1,-0.332755
"cg_id_a",66661.1,-0.169248
"cg_id_a",66661.1,0.778833
"cg_id_a",66661.1,0.289059
"cg_id_a",66661.1,0.17566
"cg_id_a",66661.2,0.397801
"cg_id_a",66661.2,0.0863007
"cg_id_a",66661.2,0.0974071
"cg_id_a",66661.2,-0.146875
"cg_id_a",66661.2,1.43678
"cg_id_a",66661.2,0.336693
"cg_id_a",66661.2,0.253674
"cg_id_a",66661.2,0.387061
"cg_id_a",66661.2,0.13001
"cg_id_a",66661.2,0.444236
"cg_id_a",66661.3,0.0663197
"cg_id_a",66661.3,-0.427021
"cg_id_a",66661.3,0.0991417
"cg_id_a",66661.3,0.458485
"cg_id_a",66661.3,0.105385
"cg_id_a",66661.3,-0.0241307
"cg_id_a",66661.3,0.0354677
"cg_id_a",66661.3,0.244935
"cg_id_a",66661.3,0.606038
"cg_id_a",66661.3,-0.223205
"cg_id_a",66661.4,0.401324
"cg_id_a",66661.4,0.189565
"cg_id_a",66661.4,-0.565872
"cg_id_a",66661.4,0.414274
"cg_id_a",66661.4,0.596653
"cg_id_a",66661.4,-0.0502639
"cg_id_a",66661.4,1.33813
"cg_id_a",66661.4,-0.17194
"cg_id_a",66661.4,0.463978
"cg_id_a",66661.4,-0.0518774
"cg_id_a",66661.5,0.864332
"cg_id_a",66661.5,0.345446
"cg_id_a",66661.5,0.216542
"cg_id_a",66661.5,0.586251
"cg_id_a",66661.5,0.562504
"cg_id_a",66661.5,0.0187093
"cg_id_a",66661.5,0.277044
"cg_id_a",66661.5,0.087928
"cg_id_a",66661.5,0.249417
"cg_id_a",66661.5,0.264984
"cg_id_a",66661.6,-0.254243
"cg_id_a",66661.6,0.254811
"cg_id_a",66661.6,0.289353
"cg_id_a",66661.6,0.28268
"cg_id_a",66661.6,1.7992
"cg_id_a",66661.6,0.287236
"cg_id_a",66661.6,1.06252
"cg_id_a",66661.6,0.323469
"cg_id_a",66661.6,0.38444
"cg_id_a",66661.6,0.361227
"cg_id_a",66661.7,0.488429
"cg_id_a",66661.7,0.628198
"cg_id_a",66661.7,0.122747
"cg_id_a",66661.7,0.269238
"cg_id_a",66661.7,0.543252
"cg_id_a",66661.7,0.130682
"cg_id_a",66661.7,-0.0736992
"cg_id_a",66661.7,0.0543835
"cg_id_a",66661.7,0.162261
"cg_id_a",66661.8,0.261179
"cg_id_a",66661.8,0.21511
"cg_id_a",66661.8,0.40378
"cg_id_a",66661.8,0.064599
"cg_id_a",66661.8,0.568587
"cg_id_a",66661.8,0.378745
"cg_id_a",66661.8,0.280686
"cg_id_a",66661.8,0.136088
"cg_id_a",66661.8,0.540725
"cg_id_a",66661.8,0.518163
"cg_id_a",66661.8,0.708223
"cg_id_a",66661.9,0.0882342
"cg_id_a",66661.9,0.149599
"cg_id_a",66661.9,0.0780131
"cg_id_a",66661.9,0.237986
"cg_id_a",66661.9,1.07491
"cg_id_a",66661.9,-0.757693
"cg_id_a",66661.9,0.333084
"cg_id_a",66661.9,0.246925
"cg_id_a",66661.9,0.916703
"cg_id_a",66661.9,0.105861
"cg_id_a",66662,0.849347
"cg_id_a",66662,-0.422372
"cg_id_a",66662,-0.267027
"cg_id_a",66662,0.0733875
"cg_id_a",66662,0.00343057
"cg_id_a",66662,-0.315872
"cg_id_a",66662,-0.127755
"cg_id_a",66662,-0.239347
"cg_id_a",66662,0.513521
"cg_id_a",66662,0.418757
"cg_id_a",66662.1,-0.123317
"cg_id_a",66662.1,0.713209
"cg_id_a",66662.1,0.0465073
"cg_id_a",66662.1,0.18955
"cg_id_a",66662.1,0.212075
"cg_id_a",66662.1,-0.39256
"cg_id_a",66662.1,0.622872
"cg_id_a",66662.1,0.389366
"cg_id_a",66662.1,-0.0634561
"cg_id_a",66662.1,0.491121
"cg_id_a",66662.2,0.225625
"cg_id_a",66662.2,1.51433
"cg_id_a",66662.2,-0.751955
"cg_id_a",66662.2,0.450964
"cg_id_a",66662.2,0.407231
"cg_id_a",66662.2,0.292844
"cg_id_a",66662.2,0.22824
"cg_id_a",66662.2,0.430168
"cg_id_a",66662.2,-0.0624261
"cg_id_a",66662.2,-0.101903
"cg_id_a",66662.3,0.734191
"cg_id_a",66662.3,0.495917
"cg_id_a",66662.3,0.358941
"cg_id_a",66662.3,-0.300051
"cg_id_a",66662.3,0.0229992
"cg_id_a",66662.3,0.385606
"cg_id_a",66662.3,0.304184
"cg_id_a",66662.3,0.348957
"cg_id_a",66662.3,0.412673
"cg_id_a",66662.3,-0.169038
"cg_id_a",66662.4,0.248149
"cg_id_a",66662.4,-1.14373
"cg_id_a",66662.4,0.333973
"cg_id_a",66662.4,0.395458
"cg_id_a",66662.4,0.601515
"cg_id_a",66662.4,-0.115872
"cg_id_a",66662.4,0.0275061
"cg_id_a",66662.4,0.378356
"cg_id_a",66662.4,0.673023
"cg_id_a",66662.4,-0.371349
"cg_id_a",66662.5,0.153259
"cg_id_a",66662.5,-0.0526268
"cg_id_a",66662.5,0.0499609
"cg_id_a",66662.5,-0.155695
"cg_id_a",66662.5,0.124423
"cg_id_a",66662.5,0.986682
"cg_id_a",66662.5,0.390825
"cg_id_a",66662.5,0.189386
"cg_id_a",66662.5,0.118838
"cg_id_a",66662.5,0.409336
"cg_id_a",66662.6,-0.0460946
"cg_id_a",66662.6,-0.562207
"cg_id_a",66662.6,-0.0600941
"cg_id_a",66662.6,0.368962
"cg_id_a",66662.6,0.812833
"cg_id_a",66662.6,0.580212
"cg_id_a",66662.6,0.360635
"cg_id_a",66662.6,0.473445
"cg_id_a",66662.6,0.394266
"cg_id_a",66662.6,-0.100361
"cg_id_a",66662.7,1.40261
"cg_id_a",66662.7,0.638441
"cg_id_a",66662.7,0.677621
"cg_id_a",66662.7,-0.170079
"cg_id_a",66662.7,0.499586
"cg_id_a",66662.7,0.00473353
"cg_id_a",66662.7,0.0780321
"cg_id_a",66662.7,0.154811
"cg_id_a",66662.7,0.37893
"cg_id_a",66662.7,0.12368
"cg_id_a",66662.8,0.0224063
"cg_id_a",66662.8,0.276433
"cg_id_a",66662.8,-0.296652
"cg_id_a",66662.8,0.359691
"cg_id_a",66662.8,-0.399139
"cg_id_a",66662.8,-0.00179821
"cg_id_a",66662.8,0.145291
"cg_id_a",66662.8,0.478095
"cg_id_a",66662.8,-0.13485
"cg_id_a",66662.8,0.168647
"cg_id_a",66662.9,0.226849
"cg_id_a",66662.9,0.670788
"cg_id_a",66662.9,0.0791746
"cg_id_a",66662.9,0.406584
"cg_id_a",66662.9,0.214387
"cg_id_a",66662.9,0.124596
"cg_id_a",66662.9,0.541593
"cg_id_a",66662.9,0.322078
"cg_id_a",66662.9,-0.777012
"cg_id_a",66662.9,0.545036
"cg_id_a",66663,0.421259
"cg_id_a",66663,0.251234
"cg_id_a",66663,0.335914
"cg_id_a",66663,-0.0323375
"cg_id_a",66663,-0.178692
"cg_id_a",66663,0.481569
"cg_id_a",66663,-0.189278
"cg_id_a",66663,1.8989
"cg_id_a",66663,-0.240698
"cg_id_a",66663,-0.0315669
"cg_id_a",66663.1,0.502618
"cg_id_a",66663.1,-0.261659
"cg_id_a",66663.1,0.181811
"cg_id_a",66663.1,0.367423
"cg_id_a",66663.1,0.378756
"cg_id_a",66663.1,0.254901
"cg_id_a",66663.1,0.533403
"cg_id_a",66663.1,0.271633
"cg_id_a",66663.1,0.398305
"cg_id_a",66663.1,0.00118379
"cg_id_a",66663.2,-0.418423
"cg_id_a",66663.2,0.511625
"cg_id_a",66663.2,-0.0176263
"cg_id_a",66663.2,0.109729
"cg_id_a",66663.2,0.427868
"cg_id_a",66663.2,-0.301003
"cg_id_a",66663.2,0.34874
"cg_id_a",66663.2,0.211896
"cg_id_a",66663.2,2.0224
"cg_id_a",66663.2,0.400776
"cg_id_a",66663.3,0.203219
"cg_id_a",66663.3,0.45855
"cg_id_a",66663.3,0.60892
"cg_id_a",66663.3,0.1757
"cg_id_a",66663.3,-0.0903589
"cg_id_a",66663.3,0.762874
"cg_id_a",66663.3,0.0535364
"cg_id_a",66663.3,-0.172088
"cg_id_a",66663.3,0.0431507
"cg_id_a",66663.3,0.12072
"cg_id_a",66663.4,-0.0289266
"cg_id_a",66663.4,1.40427
"cg_id_a",66663.4,0.594196
"cg_id_a",66663.4,0.290325
"cg_id_a",66663.4,0.401453
"cg_id_a",66663.4,0.485652
"cg_id_a",66663.4,0.404151
"cg_id_a",66663.4,-0.0460593
"cg_id_a",66663.4,1.0494
"cg_id_a",66663.4,-0.140194
"cg_id_a",66663.5,0.159307
"cg_id_a",66663.5,0.0759028
"cg_id_a",66663.5,0.586582
"cg_id_a",66663.5,0.0679321
"cg_id_a",66663.5,0.939394
"cg_id_a",66663.5,0.641266
"cg_id_a",66663.5,0.347516
"cg_id_a",66663.5,0.38652
"cg_id_a",66663.5,0.182558
"cg_id_a",66663.5,0.155324
"cg_id_a",66663.6,-0.00533711
"cg_id_a",66663.6,0.0616359
"cg_id_a",66663.6,0.610108
"cg_id_a",66663.6,0.108071
"cg_id_a",66663.6,0.430964
"cg_id_a",66663.6,1.7135
"cg_id_a",66663.6,-0.598505
"cg_id_a",66663.6,0.682779
"cg_id_a",66663.6,0.311447
"cg_id_a",66663.6,0.712453
"cg_id_a",66663.7,0.0948603
"cg_id_a",66663.7,0.033348
"cg_id_a",66663.7,0.371623
"cg_id_a",66663.7,0.276198
"cg_id_a",66663.7,0.157366
"cg_id_a",66663.7,0.184486
"cg_id_a",66663.7,-0.192206
"cg_id_a",66663.7,0.299127
"cg_id_a",66663.7,0.524045
"cg_id_a",66663.8,0.353538
"cg_id_a",66663.8,0.425603
"cg_id_a",66663.8,0.534614
"cg_id_a",66663.8,0.259301
"cg_id_a",66663.8,-0.458539
"cg_id_a",66663.8,-0.660814
"cg_id_a",66663.8,-0.0471261
"cg_id_a",66663.8,0.504169
"cg_id_a",66663.8,1.86488
"cg_id_a",66663.8,-0.0558776
"cg_id_a",66663.9,0.302128
"cg_id_a",66663.9,0.422663
"cg_id_a",66663.9,-0.375797
"cg_id_a",66663.9,-0.420143
"cg_id_a",66663.9,-0.400315
"cg_id_a",66663.9,0.402696
"cg_id_a",66663.9,0.020022
"cg_id_a",66663.9,0.234315
"cg_id_a",66663.9,-0.0667877
"cg_id_a",66663.9,-0.129948
"cg_id_a",66663.9,0.214372
"cg_id_a",66664,0.0972992
"cg_id_a",66664,0.531081
"cg_id_a",66664,0.0288867
"cg_id_a",66664,0.134261
"cg_id_a",66664,0.536379
"cg_id_a",66664,0.491125
"cg_id_a",66664,0.383737
"cg_id_a",66664,-0.236193
"cg_id_a",66664,-0.106859
"cg_id_a",66664,0.0643907
"cg_id_a",66664.1,0.165731
"cg_id_a",66664.1,0.0893535
"cg_id_a",66664.1,0.528467
"cg_id_a",66664.1,0.269003
"cg_id_a",66664.1,0.356553
"cg_id_a",66664.1,0.649843
"cg_id_a",66664.1,-0.00643006
"cg_id_a",66664.1,0.0940544
"cg_id_a",66664.1,-0.121703
"cg_id_a",66664.1,0.159102
"cg_id_a",66664.2,1.05022
"cg_id_a",66664.2,0.0452869
"cg_id_a",66664.2,1.48891
"cg_id_a",66664.2,0.596874
"cg_id_a",66664.2,0.143922
"cg_id_a",66664.2,0.869167
"cg_id_a",66664.2,0.338632
"cg_id_a",66664.2,0.739791
"cg_id_a",66664.2,0.414185
"cg_id_a",66664.2,0.423541
"cg_id_a",66664.3,-0.222155
"cg_id_a",66664.3,0.323052
"cg_id_a",66664.3,0.135957
"cg_id_a",66664.3,0.451108
"cg_id_a",66664.3,0.721404
"cg_id_a",66664.3,0.0618676
"cg_id_a",66664.3,0.382359
"cg_id_a",66664.3,0.141066
"cg_id_a",66664.3,-0.189659
"cg_id_a",66664.3,0.737595
"cg_id_a",66664.4,-0.0593832
"cg_id_a",66664.4,-0.0768402
"cg_id_a",66664.4,-0.694405
"cg_id_a",66664.4,0.397384
"cg_id_a",66664.4,0.263326
"cg_id_a",66664.4,0.227582
"cg_id_a",66664.4,0.141791
"cg_id_a",66664.4,-0.693747
"cg_id_a",66664.4,0.511007
"cg_id_a",66664.4,0.404393
"cg_id_a",66664.5,0.460965
"cg_id_a",66664.5,0.263806
"cg_id_a",66664.5,0.0447342
"cg_id_a",66664.5,1.10032
"cg_id_a",66664.5,0.523985
"cg_id_a",66664.5,0.541338
"cg_id_a",66664.5,2.07529
"cg_id_a",66664.5,0.397904
"cg_id_a",66664.5,0.520901
"cg_id_a",66664.5,0.46357
"cg_id_a",66664.6,0.673585
"cg_id_a",66664.6,0.460834
"cg_id_a",66664.6,0.117211
"cg_id_a",66664.6,0.181085
"cg_id_a",66664.6,0.0846251
"cg_id_a",66664.6,0.526566
"cg_id_a",66664.6,0.259612
"cg_id_a",66664.6,-0.149494
"cg_id_a",66664.6,0.537305
"cg_id_a",66664.7,0.323257
"cg_id_a",66664.7,0.263704
"cg_id_a",66664.7,-0.165818
"cg_id_a",66664.7,0.114702
"cg_id_a",66664.7,0.220138
"cg_id_a",66664.7,0.90624
"cg_id_a",66664.8,0.13867
"cg_id_a",66664.8,0.689591
"cg_id_a",66664.8,-0.373717
"cg_id_a",66664.8,-0.0884676
"cg_id_a",66664.8,0.39642
"cg_id_a",66664.8,-0.053323
"cg_id_a",66664.8,-0.102568
"cg_id_a",66664.8,0.210827
"cg_id_a",66664.9,0.296991
"cg_id_a",66664.9,0.134407
"cg_id_a",66664.9,0.167067
"cg_id_a",66664.9,-0.00220461
"cg_id_a",66664.9,0.326742
"cg_id_a",66664.9,0.659056
"cg_id_a",66665,-0.593484
"cg_id_a",66665,0.117184
"cg_id_a",66665,0.187232
"cg_id_a",66665,0.0186009
"cg_id_a",66665,-0.0773864
"cg_id_a",66665,0.0584852
"cg_id_a",66665.1,-0.0479246
"cg_id_a",66665.1,0.294233
"cg_id_a",66665.1,-0.226397
"cg_id_a",66665.1,0.234064
"cg_id_a",66665.1,-0.0792292
"cg_id_a",66665.1,0.557203
"cg_id_a",66665.1,-0.187354
"cg_id_a",66665.1,1.01762
"cg_id_a",66665.1,0.429158
"cg_id_a",66665.2,0.100494
"cg_id_a",66665.2,1.12476
"cg_id_a",66665.2,0.106763
"cg_id_a",66665.2,0.686154
"cg_id_a",66665.2,0.204825
"cg_id_a",66665.2,0.079176
"cg_id_a",66665.2,-0.0094315
"cg_id_a",66665.2,0.600619
"cg_id_a",66665.2,0.480726
"cg_id_a",66665.2,0.276661
"cg_id_a",66665.2,0.493365
"cg_id_a",66665.3,0.737885
"cg_id_a",66665.3,0.6309
"cg_id_a",66665.3,0.792473
"cg_id_a",66665.3,0.646063
"cg_id_a",66665.3,0.313857
"cg_id_a",66665.3,-0.0539769
"cg_id_a",66665.3,-0.0437782
"cg_id_a",66665.3,0.230934
"cg_id_a",66665.3,0.0933544
"cg_id_a",66665.3,0.518818
"cg_id_a",66665.4,0.201238
"cg_id_a",66665.4,0.522672
"cg_id_a",66665.4,0.458486
"cg_id_a",66665.4,0.146939
"cg_id_a",66665.4,-0.0431113
"cg_id_a",66665.4,0.169426
"cg_id_a",66665.4,0.143844
"cg_id_a",66665.4,0.0609374
"cg_id_a",66665.4,1.18494
"cg_id_a",66665.4,0.176166
"cg_id_a",66665.4,0.323433
"cg_id_a",66665.4,0.0527437
"cg_id_a",66665.5,0.252192
"cg_id_a",66665.5,0.239526
"cg_id_a",66665.5,0.486119
"cg_id_a",66665.5,0.0208604
"cg_id_a",66665.5,0.311145
"cg_id_a",66665.5,2.8549
"cg_id_a",66665.5,0.628262
"cg_id_a",66665.5,0.294379
"cg_id_a",66665.5,0.191091
"cg_id_a",66665.5,0.944486
"cg_id_a",66665.5,0.0662148
"cg_id_a",66665.6,-0.611022
"cg_id_a",66665.6,0.0415948
"cg_id_a",66665.6,-0.192363
"cg_id_a",66665.6,0.365872
"cg_id_a",66665.6,0.158396
"cg_id_a",66665.6,-0.196381
"cg_id_a",66665.6,0.190273
"cg_id_a",66665.6,0.499956
"cg_id_a",66665.6,0.316465
"cg_id_a",66665.6,0.408934
"cg_id_a",66665.6,0.363835
"cg_id_a",66665.6,0.239247
"cg_id_a",66665.7,0.110684
"cg_id_a",66665.7,-0.188253
"cg_id_a",66665.7,0.161874
"cg_id_a",66665.7,0.192851
"cg_id_a",66665.7,0.336793
"cg_id_a",66665.7,0.134951
"cg_id_a",66665.7,0.663841
"cg_id_a",66665.7,0.241301
"cg_id_a",66665.7,0.0707869
"cg_id_a",66665.8,0.50825
"cg_id_a",66665.8,-0.137348
"cg_id_a",66665.8,0.326274
"cg_id_a",66665.8,0.334392
"cg_id_a",66665.8,1.91524
"cg_id_a",66665.8,-0.609016
"cg_id_a",66665.8,0.29656
"cg_id_a",66665.8,0.49004
"cg_id_a",66665.8,0.0741982
"cg_id_a",66665.8,0.169992
"cg_id_a",66665.9,0.229343
"cg_id_a",66665.9,-0.103791
"cg_id_a",66665.9,0.698749
"cg_id_a",66665.9,-0.0386084
"cg_id_a",66665.9,-0.217831
"cg_id_a",66665.9,0.411933
"cg_id_a",66665.9,0.110906
"cg_id_a",66665.9,0.23167
"cg_id_a",66665.9,-0.42108
"cg_id_a",66665.9,0.170394
"cg_id_a",66666,0.388148
"cg_id_a",66666,0.298326
"cg_id_a",66666,0.728079
"cg_id_a",66666,-0.611162
"cg_id_a",66666,0.432235
"cg_id_a",66666,-0.196886
"cg_id_a",66666,0.105407
"cg_id_a",66666,0.266635
"cg_id_a",66666,0.247696
"cg_id_a",66666,-0.190103
"cg_id_a",66666,0.596274
"cg_id_a",66666.1,0.174652
"cg_id_a",66666.1,-0.164745
"cg_id_a",66666.1,0.309377
"cg_id_a",66666.1,-0.677287
"cg_id_a",66666.1,0.407544
"cg_id_a",66666.1,0.542233
"cg_id_a",66666.1,-0.355799
"cg_id_a",66666.1,0.599855
"cg_id_a",66666.1,0.871139
"cg_id_a",66666.1,0.604578
"cg_id_a",66666.2,0.371128
"cg_id_a",66666.2,0.713159
"cg_id_a",66666.2,0.552144
"cg_id_a",66666.2,-0.273213
"cg_id_a",66666.2,-0.192569
"cg_id_a",66666.2,0.846074
"cg_id_a",66666.2,0.181616
"cg_id_a",66666.2,0.0690957
"cg_id_a",66666.2,0.939188
"cg_id_a",66666.2,1.0627
"cg_id_a",66666.3,-0.107949
"cg_id_a",66666.3,0.2821
"cg_id_a",66666.3,0.112528
"cg_id_a",66666.3,-0.0957309
"cg_id_a",66666.3,0.56102
"cg_id_a",66666.3,0.467823
"cg_id_a",66666.3,0.490539
"cg_id_a",66666.3,-1.25777
"cg_id_a",66666.3,0.0616515
"cg_id_a",66666.4,0.216687
"cg_id_a",66666.4,-0.213126
"cg_id_a",66666.4,0.500194
"cg_id_a",66666.4,0.00107079
"cg_id_a",66666.4,0.412018
"cg_id_a",66666.4,0.229221
"cg_id_a",66666.4,-0.0285074
"cg_id_a",66666.4,0.395327
"cg_id_a",66666.4,0.448702
"cg_id_a",66666.4,0.251325
"cg_id_a",66666.5,0.00991957
"cg_id_a",66666.5,0.226796
"cg_id_a",66666.5,0.0794511
"cg_id_a",66666.5,-0.117693
"cg_id_a",66666.5,0.299126
"cg_id_a",66666.5,-0.0418128
"cg_id_a",66666.5,0.248531
"cg_id_a",66666.5,0.40193
"cg_id_a",66666.5,0.1654
"cg_id_a",66666.5,0.181077
"cg_id_a",66666.6,0.28411
"cg_id_a",66666.6,0.501013
"cg_id_a",66666.6,0.394392
"cg_id_a",66666.6,0.433078
"cg_id_a",66666.6,0.53336
"cg_id_a",66666.6,0.51305
"cg_id_a",66666.6,0.0798205
"cg_id_a",66666.6,0.336279
"cg_id_a",66666.6,0.697327
"cg_id_a",66666.6,-0.352053
"cg_id_a",66666.7,-0.126414
"cg_id_a",66666.7,0.480915
"cg_id_a",66666.7,-0.673714
"cg_id_a",66666.7,1.07242
"cg_id_a",66666.7,0.473699
"cg_id_a",66666.7,0.943791
"cg_id_a",66666.7,0.485703
"cg_id_a",66666.7,0.393162
"cg_id_a",66666.7,0.338161
"cg_id_a",66666.8,-0.181844
"cg_id_a",66666.8,0.493648
"cg_id_a",66666.8,0.488837
"cg_id_a",66666.8,0.143267
"cg_id_a",66666.8,0.211183
"cg_id_a",66666.8,0.718197
"cg_id_a",66666.8,-0.363584
"cg_id_a",66666.8,-0.0258403
"cg_id_a",66666.8,0.371707
"cg_id_a",66666.8,-0.142431
"cg_id_a",66666.8,0.296371
"cg_id_a",66666.9,0.13338
"cg_id_a",66666.9,-0.063019
"cg_id_a",66666.9,0.0319371
"cg_id_a",66666.9,-0.11545
"cg_id_a",66666.9,0.218378
"cg_id_a",66666.9,0.531079
"cg_id_a",66666.9,0.0665011
"cg_id_a",66666.9,-0.91175
"cg_id_a",66666.9,0.174795
"cg_id_a",66666.9,1.33562
"cg_id_a",66667,0.166655
"cg_id_a",66667,0.202248
"cg_id_a",66667,-0.099854
"cg_id_a",66667,0.62628
"cg_id_a",66667,0.1233
"cg_id_a",66667,0.589541
"cg_id_a",66667,0.552166
"cg_id_a",66667,0.363534
"cg_id_a",66667,0.231751
"cg_id_a",66667,0.356162
"cg_id_a",66667.1,0.36184
"cg_id_a",66667.1,0.943612
"cg_id_a",66667.1,-0.237092
"cg_id_a",66667.1,0.229145
"cg_id_a",66667.1,0.037019
"cg_id_a",66667.1,0.256758
"cg_id_a",66667.1,-0.411131
"cg_id_a",66667.1,0.60611
"cg_id_a",66667.1,0.504541
"cg_id_a",66667.1,1.03028
"cg_id_a",66667.2,-0.11651
"cg_id_a",66667.2,0.53137
"cg_id_a",66667.2,0.248536
"cg_id_a",66667.2,0.42505
"cg_id_a",66667.2,0.85523
"cg_id_a",66667.2,0.166021
"cg_id_a",66667.2,0.341588
"cg_id_a",66667.2,0.222547
"cg_id_a",66667.2,0.145531
"cg_id_a",66667.2,-0.197466
"cg_id_a",66667.3,0.0421383
"cg_id_a",66667.3,1.03274
"cg_id_a",66667.3,-0.170262
"cg_id_a",66667.3,-0.172827
"cg_id_a",66667.3,0.124593
"cg_id_a",66667.3,0.734283
"cg_id_a",66667.3,0.573908
"cg_id_a",66667.3,0.0613929
"cg_id_a",66667.3,0.406001
"cg_id_a",66667.3,-0.410854
"cg_id_a",66667.4,-0.160401
"cg_id_a",66667.4,0.438806
"cg_id_a",66667.4,0.238811
"cg_id_a",66667.4,0.365879
"cg_id_a",66667.4,0.0348679
"cg_id_a",66667.4,0.0977506
"cg_id_a",66667.4,1.28958
"cg_id_a",66667.4,-0.427006
"cg_id_a",66667.4,0.120241
"cg_id_a",66667.4,0.48867
"cg_id_a",66667.5,-0.0339536
"cg_id_a",66667.5,0.761093
"cg_id_a",66667.5,-1.92298
"cg_id_a",66667.5,0.388473
"cg_id_a",66667.5,-0.224478
"cg_id_a",66667.5,0.623555
"cg_id_a",66667.5,-0.0190619
"cg_id_a",66667.5,0.297797
"cg_id_a",66667.5,-0.107308
"cg_id_a",66667.5,0.621501
"cg_id_a",66667.6,-0.237569
"cg_id_a",66667.6,0.147642
"cg_id_a",66667.6,0.207606
"cg_id_a",66667.6,0.0752039
"cg_id_a",66667.6,0.321135
"cg_id_a",66667.6,-0.475087
"cg_id_a",66667.6,0.292784
"cg_id_a",66667.6,-0.124719
"cg_id_a",66667.6,0.0239278
"cg_id_a",66667.6,-0.10341
"cg_id_a",66667.7,-0.0953575
"cg_id_a",66667.7,0.191722
"cg_id_a",66667.7,0.0519242
"cg_id_a",66667.7,-0.805567
"cg_id_a",66667.7,0.123709
"cg_id_a",66667.7,-0.132762
"cg_id_a",66667.7,0.328014
"cg_id_a",66667.7,0.164267
"cg_id_a",66667.7,0.0851279
"cg_id_a",66667.8,-0.0514898
"cg_id_a",66667.8,0.106503
"cg_id_a",66667.8,0.470637
"cg_id_a",66667.8,0.277111
"cg_id_a",66667.8,0.516312
"cg_id_a",66667.8,-0.237866
"cg_id_a",66667.8,0.337958
"cg_id_a",66667.8,0.0668706
"cg_id_a",66667.8,0.88376
"cg_id_a",66667.8,0.0473531
"cg_id_a",66667.9,1.47058
"cg_id_a",66667.9,0.0650609
"cg_id_a",66667.9,0.11181
"cg_id_a",66667.9,0.458789
"cg_id_a",66667.9,0.269686
"cg_id_a",66667.9,0.395695
"cg_id_a",66667.9,0.239214
"cg_id_a",66667.9,0.314086
"cg_id_a",66667.9,-0.53692
"cg_id_a",66667.9,0.085233
"cg_id_a",66668,0.41168
"cg_id_a",66668,0.841017
"cg_id_a",66668,0.303797
"cg_id_a",66668,0.367036
"cg_id_a",66668,0.0454567
"cg_id_a",66668,-0.0902361
"cg_id_a",66668,0.0675337
"cg_id_a",66668,1.72385
"cg_id_a",66668,0.0880899
"cg_id_a",66668,0.566942
"cg_id_a",66668.1,0.670763
"cg_id_a",66668.1,0.413695
"cg_id_a",66668.1,-1.39929
"cg_id_a",66668.1,0.307038
"cg_id_a",66668.1,0.29823
"cg_id_a",66668.1,0.785318
"cg_id_a",66668.1,0.331403
"cg_id_a",66668.1,0.501895
"cg_id_a",66668.1,0.502214
"cg_id_a",66668.1,-0.0574912
"cg_id_a",66668.1,0.312645
"cg_id_a",66668.2,0.702986
"cg_id_a",66668.2,0.290943
"cg_id_a",66668.2,0.231461
"cg_id_a",66668.2,0.442368
"cg_id_a",66668.2,0.691311
"cg_id_a",66668.2,0.0166635
"cg_id_a",66668.2,-0.860026
"cg_id_a",66668.2,0.159218
"cg_id_a",66668.2,0.229619
"cg_id_a",66668.2,0.537566
"cg_id_a",66668.3,0.0709533
"cg_id_a",66668.3,0.912789
"cg_id_a",66668.3,0.67077
"cg_id_a",66668.3,0.203648
"cg_id_a",66668.3,0.159089
"cg_id_a",66668.3,0.997615
"cg_id_a",66668.3,0.845824
"cg_id_a",66668.3,0.256099
"cg_id_a",66668.3,0.523032
"cg_id_a",66668.4,1.67362
"cg_id_a",66668.4,-0.0342402
"cg_id_a",66668.4,0.380219
"cg_id_a",66668.4,-0.0154369
"cg_id_a",66668.4,-0.275796
"cg_id_a",66668.4,0.526092
"cg_id_a",66668.4,0.503651
"cg_id_a",66668.4,-0.121645
"cg_id_a",66668.4,0.0233993
"cg_id_a",66668.4,-0.119005
"cg_id_a",66668.5,0.446049
"cg_id_a",66668.5,-0.254409
"cg_id_a",66668.5,0.128051
"cg_id_a",66668.5,-0.132447
"cg_id_a",66668.5,0.14862
"cg_id_a",66668.5,0.191901
"cg_id_a",66668.5,-0.752264
"cg_id_a",66668.5,0.595872
"cg_id_a",66668.5,-0.697606
"cg_id_a",66668.5,0.316646
"cg_id_a",66668.6,0.145199
"cg_id_a",66668.6,0.673284
"cg_id_a",66668.6,0.0149729
"cg_id_a",66668.6,0.178637
"cg_id_a",66668.6,0.653267
"cg_id_a",66668.6,0.218667
"cg_id_a",66668.6,-0.178175
"cg_id_a",66668.6,0.545985
"cg_id_a",66668.6,0.206411
"cg_id_a",66668.6,-0.177441
"cg_id_a",66668.7,0.278274
"cg_id_a",66668.7,0.24624
"cg_id_a",66668.7,0.28638
"cg_id_a",66668.7,0.246633
"cg_id_a",66668.7,0.500434
"cg_id_a",66668.7,0.308197
"cg_id_a",66668.7,0.680161
"cg_id_a",66668.7,0.116541
"cg_id_a",66668.7,-0.142499
"cg_id_a",66668.7,0.197022
"cg_id_a",66668.8,0.194163
"cg_id_a",66668.8,0.460959
"cg_id_a",66668.8,0.5074
"cg_id_a",66668.8,0.319272
"cg_id_a",66668.8,0.46212
"cg_id_a",66668.8,-0.157741
"cg_id_a",66668.8,0.399304
"cg_id_a",66668.8,0.336371
"cg_id_a",66668.8,0.693766
"cg_id_a",66668.8,0.0734718
"cg_id_a",66668.9,0.78741
"cg_id_a",66668.9,0.50314
"cg_id_a",66668.9,1.1872
"cg_id_a",66668.9,0.354712
"cg_id_a",66668.9,-0.106316
"cg_id_a",66668.9,0.187705
"cg_id_a",66668.9,0.102509
"cg_id_a",66668.9,-0.0328942
"cg_id_a",66668.9,0.0285611
"cg_id_a",66668.9,0.0710913
"cg_id_a",66669,-0.0315802
"cg_id_a",66669,0.250268
"cg_id_a",66669,0.514561
"cg_id_a",66669,0.0785088
"cg_id_a",66669,0.0992479
"cg_id_a",66669,0.0243848
"cg_id_a",66669,1.06735
"cg_id_a",66669,-0.109212
"cg_id_a",66669,0.222206
"cg_id_a",66669,-0.212589
"cg_id_a",66669.1,-0.111429
"cg_id_a",66669.1,0.545315
"cg_id_a",66669.1,0.350953
"cg_id_a",66669.1,0.315443
"cg_id_a",66669.1,0.259845
"cg_id_a",66669.1,0.3193
"cg_id_a",66669.1,0.121324
"cg_id_a",66669.1,0.471483
"cg_id_a",66669.1,0.021638
"cg_id_a",66669.1,0.194708
"cg_id_a",66669.2,0.164344
"cg_id_a",66669.2,0.126774
"cg_id_a",66669.2,0.662943
"cg_id_a",66669.2,-0.0931133
"cg_id_a",66669.2,0.496102
"cg_id_a",66669.2,0.396224
"cg_id_a",66669.2,0.35145
"cg_id_a",66669.2,0.475116
"cg_id_a",66669.2,2.67783
"cg_id_a",66669.2,0.393577
"cg_id_a",66669.2,0.226139
"cg_id_a",66669.3,-0.122878
"cg_id_a",66669.3,0.701055
"cg_id_a",66669.3,0.371053
"cg_id_a",66669.3,-0.120195
"cg_id_a",66669.3,0.325795
"cg_id_a",66669.3,0.601036
"cg_id_a",66669.3,0.186614
"cg_id_a",66669.3,0.0094358
"cg_id_a",66669.3,0.870824
"cg_id_a",66669.4,-0.391351
"cg_id_a",66669.4,0.444467
"cg_id_a",66669.4,-0.555673
"cg_id_a",66669.4,0.386041
"cg_id_a",66669.4,0.616357
"cg_id_a",66669.4,-0.155864
"cg_id_a",66669.4,0.2431
"cg_id_a",66669.4,-0.14627
"cg_id_a",66669.4,0.107038
"cg_id_a",66669.4,0.0752742
"cg_id_a",66669.5,0.0975883
"cg_id_a",66669.5,0.942598
"cg_id_a",66669.5,-0.147893
"cg_id_a",66669.5,0.399219
"cg_id_a",66669.5,-0.25334
"cg_id_a",66669.5,0.144184
"cg_id_a",66669.5,-0.441463
"cg_id_a",66669.5,0.032663
"cg_id_a",66669.5,0.660205
"cg_id_a",66669.5,0.0733762
"cg_id_a",66669.5,0.395824
"cg_id_a",66669.6,0.344076
"cg_id_a",66669.6,-0.0257369
"cg_id_a",66669.6,0.386194
"cg_id_a",66669.6,1.37564
"cg_id_a",66669.6,-0.680921
"cg_id_a",66669.6,0.261861
"cg_id_a",66669.6,-0.0528069
"cg_id_a",66669.6,-0.833608
"cg_id_a",66669.6,0.297121
"cg_id_a",66669.6,0.055024
"cg_id_a",66669.7,1.97431
"cg_id_a",66669.7,0.35384
"cg_id_a",66669.7,0.0600571
"cg_id_a",66669.7,0.0562991
"cg_id_a",66669.7,1.49652
"cg_id_a",66669.7,0.914633
"cg_id_a",66669.7,0.194901
"cg_id_a",66669.7,0.700609
"cg_id_a",66669.7,0.11295
"cg_id_a",66669.7,0.353642
"cg_id_a",66669.8,0.0427889
"cg_id_a",66669.8,-0.0252151
"cg_id_a",66669.8,-0.659029
"cg_id_a",66669.8,1.19602
"cg_id_a",66669.8,0.329751
"cg_id_a",66669.8,0.50569
"cg_id_a",66669.8,0.673312
"cg_id_a",66669.8,0.973983
"cg_id_a",66669.8,0.313752
"cg_id_a",66669.8,0.172354
"cg_id_a",66669.9,0.215709
"cg_id_a",66669.9,0.46619
"cg_id_a",66669.9,-0.222796
"cg_id_a",66669.9,0.0997522
"cg_id_a",66669.9,0.302381
"cg_id_a",66669.9,0.108003
"cg_id_a",66669.9,0.0282567
"cg_id_a",66669.9,0.712968
"cg_id_a",66669.9,0.276533
"cg_id_a",66669.9,0.734335
"cg_id_a",66670,0.274012
"cg_id_a",66670,-0.0178618
"cg_id_a",66670,0.398762
"cg_id_a",66670,0.181085
"cg_id_a",66670,0.402726
"cg_id_a",66670,0.162148
"cg_id_a",66670,0.467105
"cg_id_a",66670,0.322233
"cg_id_a",66670,-0.772978
"cg_id_a",66670,1.2832
"cg_id_a",66670.1,1.36225
"cg_id_a",66670.1,0.14625
"cg_id_a",66670.1,0.226575
"cg_id_a",66670.1,0.191186
"cg_id_a",66670.1,0.418756
"cg_id_a",66670.1,1.5713
"cg_id_a",66670.1,0.553613
"cg_id_a",66670.1,0.376802
"cg_id_a",66670.1,0.290076
"cg_id_a",66670.1,-0.0875001
"cg_id_a",66670.2,-0.171311
"cg_id_a",66670.2,0.139454
"cg_id_a",66670.2,0.160784
"cg_id_a",66670.2,0.0333372
"cg_id_a",66670.2,0.0135193
"cg_id_a",66670.2,1.23722
"cg_id_a",66670.2,0.908727
"cg_id_a",66670.2,0.222578
"cg_id_a",66670.2,0.208842
"cg_id_a",66670.2,0.23412
"cg_id_a",66670.3,-0.31424
"cg_id_a",66670.3,-0.160782
"cg_id_a",66670.3,0.534758
"cg_id_a",66670.3,0.204348
"cg_id_a",66670.3,-0.211787
"cg_id_a",66670.3,0.391489
"cg_id_a",66670.3,-0.0211115
"cg_id_a",66670.3,0.190086
"cg_id_a",66670.3,-0.568682
"cg_id_a",66670.3,0.44848
"cg_id_a",66670.4,0.482618
"cg_id_a",66670.4,0.433942
"cg_id_a",66670.4,0.0366849
"cg_id_a",66670.4,0.456352
"cg_id_a",66670.4,0.2542
"cg_id_a",66670.4,0.255045
"cg_id_a",66670.4,0.930165
"cg_id_a",66670.4,-0.668843
"cg_id_a",66670.4,0.479952
"cg_id_a",66670.4,0.619254
"cg_id_a",66670.5,1.21017
"cg_id_a",66670.5,0.332316
"cg_id_a",66670.5,0.173285
"cg_id_a",66670.5,0.314178
"cg_id_a",66670.5,-0.0699433
"cg_id_a",66670.5,-0.0177844
"cg_id_a",66670.5,-0.0620801
"cg_id_a",66670.5,0.0488586
"cg_id_a",66670.5,0.383959
"cg_id_a",66670.5,0.398886
"cg_id_a",66670.5,0.381399
"cg_id_a",66670.6,-0.946065
"cg_id_a",66670.6,0.930257
"cg_id_a",66670.6,0.0778405
"cg_id_a",66670.6,0.205642
"cg_id_a",66670.6,0.435588
"cg_id_a",66670.6,0.471803
"cg_id_a",66670.6,0.122051
"cg_id_a",66670.6,0.295527
"cg_id_a",66670.6,0.0719454
"cg_id_a",66670.6,0.253921
"cg_id_a",66670.7,0.694182
"cg_id_a",66670.7,0.871878
"cg_id_a",66670.7,0.386501
"cg_id_a",66670.7,-0.762681
"cg_id_a",66670.7,0.177703
"cg_id_a",66670.7,0.00254826
"cg_id_a",66670.7,0.37804
"cg_id_a",66670.7,1.11949
"cg_id_a",66670.7,0.117085
"cg_id_a",66670.7,0.870494
"cg_id_a",66670.8,-0.0401889
"cg_id_a",66670.8,0.717763
"cg_id_a",66670.8,0.465918
"cg_id_a",66670.8,0.3258
"cg_id_a",66670.8,0.529994
"cg_id_a",66670.8,0.353977
"cg_id_a",66670.8,0.273226
"cg_id_a",66670.8,0.359081
"cg_id_a",66670.8,0.587502
"cg_id_a",66670.8,0.675925
"cg_id_a",66670.9,0.946409
"cg_id_a",66670.9,0.37678
"cg_id_a",66670.9,0.183284
"cg_id_a",66670.9,-0.573157
"cg_id_a",66670.9,-0.109127
"cg_id_a",66670.9,0.8259
"cg_id_a",66670.9,0.291703
"cg_id_a",66670.9,0.306479
"cg_id_a",66670.9,0.671752
"cg_id_a",66670.9,0.247821
"cg_id_a",66671,-1.06858
"cg_id_a",66671,0.271633
"cg_id_a",66671,1.29471
"cg_id_a",66671,0.539438
"cg_id_a",66671,-0.179406
"cg_id_a",66671,0.0323828
"cg_id_a",66671,0.0733801
"cg_id_a",66671,0.687749
"cg_id_a",66671,0.133081
"cg_id_a",66671,-0.00677552
"cg_id_a",66671.1,0.660536
"cg_id_a",66671.1,0.548748
"cg_id_a",66671.1,0.08087
"cg_id_a",66671.1,0.566113
"cg_id_a",66671.1,0.918474
"cg_id_a",66671.1,0.0807658
"cg_id_a",66671.1,0.420067
"cg_id_a",66671.1,0.591006
"cg_id_a",66671.1,0.354693
"cg_id_a",66671.1,0.376509
"cg_id_a",66671.2,0.354138
"cg_id_a",66671.2,0.0778442
"cg_id_a",66671.2,-0.566052
"cg_id_a",66671.2,-0.0696312
"cg_id_a",66671.2,-0.00239716
"cg_id_a",66671.2,0.565565
"cg_id_a",66671.2,0.480645
"cg_id_a",66671.2,0.500521
"cg_id_a",66671.2,-0.0552609
"cg_id_a",66671.2,0.151651
"cg_id_a",66671.3,-0.276371
"cg_id_a",66671.3,0.245555
"cg_id_a",66671.3,0.278522
"cg_id_a",66671.3,-0.439057
"cg_id_a",66671.3,0.0145572
"cg_id_a",66671.3,0.728329
"cg_id_a",66671.3,0.282443
"cg_id_a",66671.3,0.533632
"cg_id_a",66671.3,-0.630941
"cg_id_a",66671.3,1.68596
"cg_id_a",66671.4,-0.124227
"cg_id_a",66671.4,0.293078
"cg_id_a",66671.4,0.586279
"cg_id_a",66671.4,0.520088
"cg_id_a",66671.4,0.418738
"cg_id_a",66671.4,1.28707
"cg_id_a",66671.4,1.32661
"cg_id_a",66671.4,0.37072
"cg_id_a",66671.4,0.126982
"cg_id_a",66671.4,0.605918
"cg_id_a",66671.5,2.22138
"cg_id_a",66671.5,-0.809297
"cg_id_a",66671.5,-0.0747113
"cg_id_a",66671.5,0.684141
"cg_id_a",66671.5,0.153883
"cg_id_a",66671.5,0.384832
"cg_id_a",66671.5,-0.257854
"cg_id_a",66671.5,0.555174
"cg_id_a",66671.5,0.529465
"cg_id_a",66671.5,0.158731
"cg_id_a",66671.6,-0.119216
"cg_id_a",66671.6,-1.1966
"cg_id_a",66671.6,0.484432
"cg_id_a",66671.6,0.0434506
"cg_id_a",66671.6,0.279824
"cg_id_a",66671.6,0.298308
"cg_id_a",66671.6,0.012769
"cg_id_a",66671.6,-0.154678
"cg_id_a",66671.6,1.31274
"cg_id_a",66671.6,-0.0640928
"cg_id_a",66671.7,-0.144456
"cg_id_a",66671.7,-0.00787199
"cg_id_a",66671.7,0.383834
"cg_id_a",66671.7,0.286517
"cg_id_a",66671.7,0.304279
"cg_id_a",66671.7,0.459215
"cg_id_a",66671.7,0.45616
"cg_id_a",66671.7,0.398934
"cg_id_a",66671.7,0.106888
"cg_id_a",66671.8,0.128983
"cg_id_a",66671.8,0.802026
"cg_id_a",66671.8,0.262527
"cg_id_a",66671.8,0.787666
"cg_id_a",66671.8,0.197902
"cg_id_a",66671.8,0.502161
"cg_id_a",66671.8,0.811328
"cg_id_a",66671.8,0.197193
"cg_id_a",66671.8,-0.335552
"cg_id_a",66671.8,0.581002
"cg_id_a",66671.8,0.143514
"cg_id_a",66671.9,-0.0967779
"cg_id_a",66671.9,0.570946
"cg_id_a",66671.9,0.107129
"cg_id_a",66671.9,0.354685
"cg_id_a",66671.9,0.232165
"cg_id_a",66671.9,0.420571
"cg_id_a",66671.9,0.492583
"cg_id_a",66671.9,-1.02986
"cg_id_a",66671.9,0.419284
"cg_id_a",66671.9,0.688093
"cg_id_a",66672,0.427374
"cg_id_a",66672,0.350035
"cg_id_a",66672,0.451792
"cg_id_a",66672,0.558613
"cg_id_a",66672,0.316768
"cg_id_a",66672,0.825831
"cg_id_a",66672,-1.69456
"cg_id_a",66672,0.838375
"cg_id_a",66672,0.962668
"cg_id_a",66672,0.104725
"cg_id_a",66672.1,0.717188
"cg_id_a",66672.1,0.199218
"cg_id_a",66672.1,0.351864
"cg_id_a",66672.1,0.0155952
"cg_id_a",66672.1,0.612715
"cg_id_a",66672.1,0.469408
"cg_id_a",66672.1,0.252043
"cg_id_a",66672.1,0.36048
"cg_id_a",66672.1,1.01264
"cg_id_a",66672.1,0.338459
"cg_id_a",66672.2,0.217251
"cg_id_a",66672.2,1.34132
"cg_id_a",66672.2,-0.0127997
"cg_id_a",66672.2,0.260833
"cg_id_a",66672.2,0.60003
"cg_id_a",66672.2,-0.155655
"cg_id_a",66672.2,0.46239
"cg_id_a",66672.2,-0.174019
"cg_id_a",66672.2,0.669288
"cg_id_a",66672.2,1.50136
"cg_id_a",66672.2,0.206972
"cg_id_a",66672.3,-0.037875
"cg_id_a",66672.3,0.748916
"cg_id_a",66672.3,0.174603
"cg_id_a",66672.3,0.66039
"cg_id_a",66672.3,-0.186604
"cg_id_a",66672.3,0.955432
"cg_id_a",66672.3,0.35401
"cg_id_a",66672.3,0.0644502
"cg_id_a",66672.3,0.199354
"cg_id_a",66672.4,0.278037
"cg_id_a",66672.4,-0.0727409
"cg_id_a",66672.4,0.0939158
"cg_id_a",66672.4,0.461204
"cg_id_a",66672.4,0.124676
"cg_id_a",66672.4,0.681019
"cg_id_a",66672.4,0.28945
"cg_id_a",66672.4,1.21261
"cg_id_a",66672.4,0.283896
"cg_id_a",66672.4,0.371261
"cg_id_a",66672.5,0.445939
"cg_id_a",66672.5,0.0761983
"cg_id_a",66672.5,-0.402898
"cg_id_a",66672.5,0.051527
"cg_id_a",66672.5,-2.05494
"cg_id_a",66672.5,0.311482
"cg_id_a",66672.5,0.432483
"cg_id_a",66672.5,0.14088
"cg_id_a",66672.5,0.223688
"cg_id_a",66672.5,-1.6729
"cg_id_a",66672.6,0.506047
"cg_id_a",66672.6,0.149803
"cg_id_a",66672.6,0.239192
"cg_id_a",66672.6,0.475252
"cg_id_a",66672.6,0.129731
"cg_id_a",66672.6,0.413814
"cg_id_a",66672.6,0.450468
"cg_id_a",66672.6,0.509822
"cg_id_a",66672.6,0.56363
"cg_id_a",66672.6,0.320382
"cg_id_a",66672.7,-1.541
"cg_id_a",66672.7,0.633231
"cg_id_a",66672.7,-0.28098
"cg_id_a",66672.7,0.554513
"cg_id_a",66672.7,0.65891
"cg_id_a",66672.7,0.100557
"cg_id_a",66672.7,0.216507
"cg_id_a",66672.7,0.16671
"cg_id_a",66672.7,0.735377
"cg_id_a",66672.7,0.902524
"cg_id_a",66672.8,0.898529
"cg_id_a",66672.8,0.089055
"cg_id_a",66672.8,0.0526649
"cg_id_a",66672.8,-0.718859
"cg_id_a",66672.8,-0.0917379
"cg_id_a",66672.8,0.4641
"cg_id_a",66672.8,0.441406
"cg_id_a",66672.8,-0.428956
"cg_id_a",66672.8,0.0519681
"cg_id_a",66672.8,0.689666
"cg_id_a",66672.9,0.40914
"cg_id_a",66672.9,0.107477
"cg_id_a",66672.9,-0.177355
"cg_id_a",66672.9,0.676341
"cg_id_a",66672.9,0.443828
"cg_id_a",66672.9,0.174278
"cg_id_a",66672.9,1.02171
"cg_id_a",66672.9,0.0343409
"cg_id_a",66672.9,0.119128
"cg_id_a",66672.9,0.657748
"cg_id_a",66673,0.374175
"cg_id_a",66673,0.249086
"cg_id_a",66673,0.46969
"cg_id_a",66673,0.286626
"cg_id_a",66673,0.860143
"cg_id_a",66673,0.167421
"cg_id_a",66673,0.516195
"cg_id_a",66673,-0.236097
"cg_id_a",66673,0.338019
"cg_id_a",66673,0.258303
"cg_id_a",66673.1,-1.09834
"cg_id_a",66673.1,0.0842828
"cg_id_a",66673.1,0.164635
"cg_id_a",66673.1,-0.00934579
"cg_id_a",66673.1,0.486119
"cg_id_a",66673.1,-1.20081
"cg_id_a",66673.1,0.0544423
"cg_id_a",66673.1,0.418773
"cg_id_a",66673.1,-0.231751
"cg_id_a",66673.1,0.294423
"cg_id_a",66673.2,0.118833
"cg_id_a",66673.2,-0.120173
"cg_id_a",66673.2,-0.477893
"cg_id_a",66673.2,0.0954116
"cg_id_a",66673.2,0.478319
"cg_id_a",66673.2,0.641751
"cg_id_a",66673.2,-0.223315
"cg_id_a",66673.2,0.258888
"cg_id_a",66673.2,0.37892
"cg_id_a",66673.2,0.0423266
"cg_id_a",66673.3,0.501791
"cg_id_a",66673.3,0.82267
"cg_id_a",66673.3,0.785143
"cg_id_a",66673.3,-0.341547
"cg_id_a",66673.3,0.635962
"cg_id_a",66673.3,0.1216
"cg_id_a",66673.3,0.315386
"cg_id_a",66673.3,-0.140977
"cg_id_a",66673.3,0.0313314
"cg_id_a",66673.3,0.248749
"cg_id_a",66673.4,0.907648
"cg_id_a",66673.4,0.103107
"cg_id_a",66673.4,-0.400055
"cg_id_a",66673.4,0.148359
"cg_id_a",66673.4,0.687479
"cg_id_a",66673.4,-0.307306
"cg_id_a",66673.4,-1.97689
"cg_id_a",66673.4,0.0621755
"cg_id_a",66673.4,-0.0412616
"cg_id_a",66673.4,0.18961
"cg_id_a",66673.5,0.774429
"cg_id_a",66673.5,-0.390354
"cg_id_a",66673.5,-0.000998542
"cg_id_a",66673.5,0.180869
"cg_id_a",66673.5,0.406445
"cg_id_a",66673.5,0.530989
"cg_id_a",66673.5,0.133203
"cg_id_a",66673.5,-0.171115
"cg_id_a",66673.5,0.253397
"cg_id_a",66673.5,0.517323
"cg_id_a",66673.6,0.885671
"cg_id_a",66673.6,-0.3662
"cg_id_a",66673.6,0.471274
"cg_id_a",66673.6,0.150372
"cg_id_a",66673.6,-0.436753
"cg_id_a",66673.6,1.39682
"cg_id_a",66673.6,0.0379244
"cg_id_a",66673.6,-0.225403
"cg_id_a",66673.6,0.482546
"cg_id_a",66673.6,0.0146152
"cg_id_a",66673.7,0.420688
"cg_id_a",66673.7,-0.484255
"cg_id_a",66673.7,-0.32181
"cg_id_a",66673.7,0.320988
"cg_id_a",66673.7,-0.018149
"cg_id_a",66673.7,0.600876
"cg_id_a",66673.7,0.708194
"cg_id_a",66673.7,0.0490793
"cg_id_a",66673.7,0.577855
"cg_id_a",66673.8,0.233882
"cg_id_a",66673.8,0.194046
"cg_id_a",66673.8,2.48239
"cg_id_a",66673.8,0.183896
"cg_id_a",66673.8,-0.00771662
"cg_id_a",66673.8,0.246653
"cg_id_a",66673.8,-0.503426
"cg_id_a",66673.8,0.678605
"cg_id_a",66673.8,1.04462
"cg_id_a",66673.8,0.0570122
"cg_id_a",66673.8,0.714664
"cg_id_a",66673.9,1.21008
"cg_id_a",66673.9,0.0465877
"cg_id_a",66673.9,0.242519
"cg_id_a",66673.9,1.26339
"cg_id_a",66673.9,-0.0108436
"cg_id_a",66673.9,0.149155
"cg_id_a",66673.9,-0.104664
"cg_id_a",66673.9,0.480794
"cg_id_a",66673.9,0.486209
"cg_id_a",66673.9,0.0546461
"cg_id_a",66674,0.0167453
"cg_id_a",66674,-0.704775
"cg_id_a",66674,0.0941588
"cg_id_a",66674,0.0832875
"cg_id_a",66674,0.223728
"cg_id_a",66674,0.173005
"cg_id_a",66674,-0.811697
"cg_id_a",66674,0.430089
"cg_id_a",66674,0.226061
"cg_id_a",66674,-0.0204856
"cg_id_a",66674.1,0.0499706
"cg_id_a",66674.1,0.38406
"cg_id_a",66674.1,0.0090635
"cg_id_a",66674.1,0.906766
"cg_id_a",66674.1,0.0419607
"cg_id_a",66674.1,0.551954
"cg_id_a",66674.1,0.514866
"cg_id_a",66674.1,0.271461
"cg_id_a",66674.1,0.414343
"cg_id_a",66674.1,0.555666
"cg_id_a",66674.2,0.285964
"cg_id_a",66674.2,0.335034
"cg_id_a",66674.2,0.319693
"cg_id_a",66674.2,0.335653
"cg_id_a",66674.2,0.244705
"cg_id_a",66674.2,-0.280134
"cg_id_a",66674.2,-0.210942
"cg_id_a",66674.2,0.0943729
"cg_id_a",66674.2,0.380129
"cg_id_a",66674.2,0.919477
"cg_id_a",66674.3,0.562464
"cg_id_a",66674.3,0.109062
"cg_id_a",66674.3,0.305809
"cg_id_a",66674.3,-0.0598843
"cg_id_a",66674.3,-0.16466
"cg_id_a",66674.3,0.42279
"cg_id_a",66674.3,0.705746
"cg_id_a",66674.3,1.32867
"cg_id_a",66674.3,0.410851
"cg_id_a",66674.3,-0.630589
"cg_id_a",66674.4,0.490915
"cg_id_a",66674.4,0.137261
"cg_id_a",66674.4,-0.663805
"cg_id_a",66674.4,-0.161618
"cg_id_a",66674.4,0.956542
"cg_id_a",66674.4,-0.418597
"cg_id_a",66674.4,0.38822
"cg_id_a",66674.4,0.268456
"cg_id_a",66674.4,0.515644
"cg_id_a",66674.4,0.188324
"cg_id_a",66674.5,1.10225
"cg_id_a",66674.5,0.213749
"cg_id_a",66674.5,0.134693
"cg_id_a",66674.5,0.38707
"cg_id_a",66674.5,0.508201
"cg_id_a",66674.5,0.361154
"cg_id_a",66674.5,-0.363337
"cg_id_a",66674.5,0.822178
"cg_id_a",66674.5,0.686723
"cg_id_a",66674.5,0.13814
"cg_id_a",66674.6,0.50736
"cg_id_a",66674.6,-0.526762
"cg_id_a",66674.6,-0.0887638
"cg_id_a",66674.6,0.334052
"cg_id_a",66674.6,-0.18393
"cg_id_a",66674.6,0.164685
"cg_id_a",66674.6,0.374178
"cg_id_a",66674.6,0.0610141
"cg_id_a",66674.6,0.209007
"cg_id_a",66674.7,0.0919162
"cg_id_a",66674.7,0.366259
"cg_id_a",66674.7,0.509791
"cg_id_a",66674.7,0.0767994
"cg_id_a",66674.7,0.398117
"cg_id_a",66674.7,-0.0371916
"cg_id_a",66674.8,0.554995
"cg_id_a",66674.8,0.399357
"cg_id_a",66674.8,0.448752
"cg_id_a",66674.8,-0.748454
"cg_id_a",66674.8,0.423668
"cg_id_a",66674.8,0.110419
"cg_id_a",66674.8,-0.0819072
"cg_id_a",66674.8,0.137173
"cg_id_a",66674.9,0.26143
"cg_id_a",66674.9,0.731465
"cg_id_a",66674.9,0.0434927
"cg_id_a",66674.9,0.668223
"cg_id_a",66674.9,0.550821
"cg_id_a",66674.9,0.941655
"cg_id_a",66675,0.250121
"cg_id_a",66675,-0.227774
"cg_id_a",66675,-0.467619
"cg_id_a",66675,0.353061
"cg_id_a",66675,0.682657
"cg_id_a",66675,0.607514
"cg_id_a",66675.1,0.0202501
"cg_id_a",66675.1,0.531173
"cg_id_a",66675.1,0.655375
"cg_id_a",66675.1,0.174243
"cg_id_a",66675.1,0.108604
"cg_id_a",66675.1,1.27187
"cg_id_a",66675.1,0.299224
"cg_id_a",66675.1,-0.051853
"cg_id_a",66675.1,0.189659
"cg_id_a",66675.1,0.243227
"cg_id_a",66675.1,0.477001
"cg_id_a",66675.2,0.504488
"cg_id_a",66675.2,-0.152222
"cg_id_a",66675.2,-1.54384
"cg_id_a",66675.2,0.502083
"cg_id_a",66675.2,0.400132
"cg_id_a",66675.2,-0.0946213
"cg_id_a",66675.2,-0.39626
"cg_id_a",66675.2,0.985265
"cg_id_a",66675.2,1.19491
"cg_id_a",66675.2,0.462484
"cg_id_a",66675.2,-0.0248524
"cg_id_a",66675.3,0.466929
"cg_id_a",66675.3,0.909913
"cg_id_a",66675.3,-1.24567
"cg_id_a",66675.3,-0.0231257
"cg_id_a",66675.3,0.709252
"cg_id_a",66675.3,-0.0891964
"cg_id_a",66675.3,0.9206
"cg_id_a",66675.3,1.30921
"cg_id_a",66675.3,0.23866
"cg_id_a",66675.3,-0.110199
"cg_id_a",66675.4,0.0405469
"cg_id_a",66675.4,1.4798
"cg_id_a",66675.4,0.384606
"cg_id_a",66675.4,0.91475
"cg_id_a",66675.4,0.251769
"cg_id_a",66675.4,0.294167
"cg_id_a",66675.4,0.587836
"cg_id_a",66675.4,0.593141
"cg_id_a",66675.4,-0.304855
"cg_id_a",66675.4,0.312837
"cg_id_a",66675.5,0.318299
"cg_id_a",66675.5,-0.226545
"cg_id_a",66675.5,0.229031
"cg_id_a",66675.5,0.339307
"cg_id_a",66675.5,1.17162
"cg_id_a",66675.5,0.483623
"cg_id_a",66675.5,0.585751
"cg_id_a",66675.5,-0.0838509
"cg_id_a",66675.5,0.343931
"cg_id_a",66675.5,0.211675
"cg_id_a",66675.5,1.20735
"cg_id_a",66675.5,0.0286873
"cg_id_a",66675.6,0.241305
"cg_id_a",66675.6,0.429965
"cg_id_a",66675.6,0.0594255
"cg_id_a",66675.6,-0.0186578
"cg_id_a",66675.6,0.463141
"cg_id_a",66675.6,0.696208
"cg_id_a",66675.6,0.142699
"cg_id_a",66675.6,0.90787
"cg_id_a",66675.6,0.511105
"cg_id_a",66675.6,-0.0604654
"cg_id_a",66675.6,0.271582
"cg_id_a",66675.7,-0.0682408
"cg_id_a",66675.7,1.06003
"cg_id_a",66675.7,0.598509
"cg_id_a",66675.7,-0.155097
"cg_id_a",66675.7,0.191943
"cg_id_a",66675.7,0.618242
"cg_id_a",66675.7,0.526965
"cg_id_a",66675.7,0.184345
"cg_id_a",66675.7,0.354769
"cg_id_a",66675.7,-0.148541
"cg_id_a",66675.8,1.58891
"cg_id_a",66675.8,0.509424
"cg_id_a",66675.8,0.345312
"cg_id_a",66675.8,0.81129
"cg_id_a",66675.8,-0.0417085
"cg_id_a",66675.8,0.423632
"cg_id_a",66675.8,0.0700127
"cg_id_a",66675.8,1.91289
"cg_id_a",66675.8,-0.72034
"cg_id_a",66675.8,0.65287
"cg_id_a",66675.8,0.0204118
"cg_id_a",66675.8,-0.0359092
"cg_id_a",66675.9,0.575466
"cg_id_a",66675.9,0.196535
"cg_id_a",66675.9,0.440648
"cg_id_a",66675.9,0.13351
"cg_id_a",66675.9,0.904113
"cg_id_a",66675.9,0.785477
"cg_id_a",66675.9,0.593862
"cg_id_a",66675.9,0.225973
"cg_id_a",66675.9,0.370835
"cg_id_a",66675.9,0.675756
"cg_id_a",66676,0.598384
"cg_id_a",66676,0.584211
"cg_id_a",66676,-0.0983051
"cg_id_a",66676,0.451342
"cg_id_a",66676,1.04001
"cg_id_a",66676,0.289437
"cg_id_a",66676,0.117079
"cg_id_a",66676,0.250931
"cg_id_a",66676,1.06237
"cg_id_a",66676,0.354601
"cg_id_a",66676,-0.094981
"cg_id_a",66676.1,1.56535
"cg_id_a",66676.1,0.527116
"cg_id_a",66676.1,0.406343
"cg_id_a",66676.1,0.705776
"cg_id_a",66676.1,-1.25834
"cg_id_a",66676.1,0.747833
"cg_id_a",66676.1,0.413143
"cg_id_a",66676.1,0.587143
"cg_id_a",66676.1,0.425993
"cg_id_a",66676.1,0.989794
"cg_id_a",66676.2,0.388504
"cg_id_a",66676.2,0.553416
"cg_id_a",66676.2,0.22685
"cg_id_a",66676.2,0.859035
"cg_id_a",66676.2,0.421306
"cg_id_a",66676.2,0.358359
"cg_id_a",66676.2,0.408144
"cg_id_a",66676.2,0.310304
"cg_id_a",66676.2,0.0163443
"cg_id_a",66676.2,0.555409
"cg_id_a",66676.3,0.302855
"cg_id_a",66676.3,0.215522
"cg_id_a",66676.3,0.0831217
"cg_id_a",66676.3,0.483148
"cg_id_a",66676.3,0.303872
"cg_id_a",66676.3,-0.0285365
"cg_id_a",66676.3,0.190298
"cg_id_a",66676.3,0.0122666
"cg_id_a",66676.3,1.31222
"cg_id_a",66676.4,0.0941248
"cg_id_a",66676.4,0.0581221
"cg_id_a",66676.4,-0.350689
"cg_id_a",66676.4,0.558969
"cg_id_a",66676.4,0.611226
"cg_id_a",66676.4,-1.17116
"cg_id_a",66676.4,0.474212
"cg_id_a",66676.4,0.0647502
"cg_id_a",66676.4,0.234177
"cg_id_a",66676.4,0.514124
"cg_id_a",66676.5,0.266793
"cg_id_a",66676.5,0.22987
"cg_id_a",66676.5,0.550515
"cg_id_a",66676.5,0.252336
"cg_id_a",66676.5,0.041532
"cg_id_a",66676.5,0.0545677
"cg_id_a",66676.5,0.172051
"cg_id_a",66676.5,0.287905
"cg_id_a",66676.5,0.355759
"cg_id_a",66676.5,0.072863
"cg_id_a",66676.6,0.251361
"cg_id_a",66676.6,0.128607
"cg_id_a",66676.6,-0.4839
"cg_id_a",66676.6,0.202499
"cg_id_a",66676.6,0.61511
"cg_id_a",66676.6,0.514111
"cg_id_a",66676.6,0.0188671
"cg_id_a",66676.6,-0.505606
"cg_id_a",66676.6,-0.0217744
"cg_id_a",66676.6,0.761824
"cg_id_a",66676.7,0.472781
"cg_id_a",66676.7,-0.138087
"cg_id_a",66676.7,-0.0738061
"cg_id_a",66676.7,0.451302
"cg_id_a",66676.7,0.0561988
"cg_id_a",66676.7,0.916478
"cg_id_a",66676.7,0.973978
"cg_id_a",66676.7,-0.633185
"cg_id_a",66676.7,0.39084
"cg_id_a",66676.7,-0.442391
"cg_id_a",66676.8,-0.0794772
"cg_id_a",66676.8,0.258885
"cg_id_a",66676.8,0.471615
"cg_id_a",66676.8,-0.262062
"cg_id_a",66676.8,-0.391119
"cg_id_a",66676.8,0.469436
"cg_id_a",66676.8,0.499027
"cg_id_a",66676.8,0.327008
"cg_id_a",66676.8,0.329393
"cg_id_a",66676.8,0.538368
"cg_id_a",66676.9,-0.253325
"cg_id_a",66676.9,0.522434
"cg_id_a",66676.9,0.330432
"cg_id_a",66676.9,0.745637
"cg_id_a",66676.9,0.514093
"cg_id_a",66676.9,0.427315
"cg_id_a",66676.9,0.630339
"cg_id_a",66676.9,0.844442
"cg_id_a",66676.9,0.302757
"cg_id_a",66676.9,0.217523
"cg_id_a",66677,0.0224288
"cg_id_a",66677,0.136679
"cg_id_a",66677,0.433294
"cg_id_a",66677,0.430872
"cg_id_a",66677,0.358257
"cg_id_a",66677,-0.132976
"cg_id_a",66677,0.893612
"cg_id_a",66677,0.104627
"cg_id_a",66677,-0.488165
"cg_id_a",66677,1.40172
"cg_id_a",66677.1,-0.150378
"cg_id_a",66677.1,0.298885
"cg_id_a",66677.1,0.612828
"cg_id_a",66677.1,0.0540898
"cg_id_a",66677.1,0.443663
"cg_id_a",66677.1,0.259093
"cg_id_a",66677.1,0.381451
"cg_id_a",66677.1,0.0281514
"cg_id_a",66677.1,0.0123894
"cg_id_a",66677.1,0.0480829
"cg_id_a",66677.2,0.371017
"cg_id_a",66677.2,0.650691
"cg_id_a",66677.2,0.497019
"cg_id_a",66677.2,0.0569423
"cg_id_a",66677.2,0.615224
"cg_id_a",66677.2,1.32477
"cg_id_a",66677.2,0.161126
"cg_id_a",66677.2,0.0990333
"cg_id_a",66677.2,-0.166081
"cg_id_a",66677.2,0.0787282
"cg_id_a",66677.2,0.85285
"cg_id_a",66677.3,0.212957
"cg_id_a",66677.3,1.25464
"cg_id_a",66677.3,0.408872
"cg_id_a",66677.3,-0.0615156
"cg_id_a",66677.3,0.403784
"cg_id_a",66677.3,0.0198988
"cg_id_a",66677.3,0.320675
"cg_id_a",66677.3,-0.548727
"cg_id_a",66677.3,0.191399
"cg_id_a",66677.4,0.385471
"cg_id_a",66677.4,-1.75435
"cg_id_a",66677.4,0.434664
"cg_id_a",66677.4,0.181909
"cg_id_a",66677.4,0.418767
"cg_id_a",66677.4,0.374175
"cg_id_a",66677.4,0.387125
"cg_id_a",66677.4,0.200046
"cg_id_a",66677.4,0.726321
"cg_id_a",66677.4,0.254853
"cg_id_a",66677.5,-0.46361
"cg_id_a",66677.5,-0.648705
"cg_id_a",66677.5,0.189504
"cg_id_a",66677.5,0.68683
"cg_id_a",66677.5,-0.119148
"cg_id_a",66677.5,0.538003
"cg_id_a",66677.5,0.154776
"cg_id_a",66677.5,-0.955754
"cg_id_a",66677.5,0.27892
"cg_id_a",66677.5,0.349277
"cg_id_a",66677.6,0.41171
"cg_id_a",66677.6,0.535506
"cg_id_a",66677.6,0.387399
"cg_id_a",66677.6,0.43568
"cg_id_a",66677.6,0.850541
"cg_id_a",66677.6,0.0483595
"cg_id_a",66677.6,-0.0705864
"cg_id_a",66677.6,0.00798062
"cg_id_a",66677.6,-0.330706
"cg_id_a",66677.6,0.428102
"cg_id_a",66677.7,0.188208
"cg_id_a",66677.7,0.280395
"cg_id_a",66677.7,0.585775
"cg_id_a",66677.7,0.504261
"cg_id_a",66677.7,0.461296
"cg_id_a",66677.7,0.288051
"cg_id_a",66677.7,0.743128
"cg_id_a",66677.7,0.464491
"cg_id_a",66677.7,-0.000717818
"cg_id_a",66677.8,-0.16737
"cg_id_a",66677.8,0.579684
"cg_id_a",66677.8,0.939001
"cg_id_a",66677.8,-0.0419484
"cg_id_a",66677.8,0.393768
"cg_id_a",66677.8,-0.206241
"cg_id_a",66677.8,0.286953
"cg_id_a",66677.8,0.402884
"cg_id_a",66677.8,0.227229
"cg_id_a",66677.8,0.535419
"cg_id_a",66677.9,0.113861
"cg_id_a",66677.9,-0.159845
"cg_id_a",66677.9,0.790764
"cg_id_a",66677.9,0.417313
"cg_id_a",66677.9,0.275077
"cg_id_a",66677.9,0.241605
"cg_id_a",66677.9,0.346422
"cg_id_a",66677.9,0.480712
"cg_id_a",66677.9,0.396068
"cg_id_a",66677.9,0.108614
"cg_id_a",66678,-0.27638
"cg_id_a",66678,-0.254101
"cg_id_a",66678,-0.220395
"cg_id_a",66678,1.19904
"cg_id_a",66678,0.300505
"cg_id_a",66678,0.406177
"cg_id_a",66678,-0.470976
"cg_id_a",66678,0.121494
"cg_id_a",66678,1.3632
"cg_id_a",66678,0.252897
"cg_id_a",66678,-0.220994
"cg_id_a",66678.1,0.413392
"cg_id_a",66678.1,0.428535
"cg_id_a",66678.1,0.0172267
"cg_id_a",66678.1,0.647543
"cg_id_a",66678.1,0.296816
"cg_id_a",66678.1,-0.123338
"cg_id_a",66678.1,0.193199
"cg_id_a",66678.1,-0.0586308
"cg_id_a",66678.1,-0.499055
"cg_id_a",66678.1,0.519654
"cg_id_a",66678.2,-0.00762695
"cg_id_a",66678.2,0.743426
"cg_id_a",66678.2,0.272808
"cg_id_a",66678.2,-0.0418896
"cg_id_a",66678.2,-0.354014
"cg_id_a",66678.2,0.394119
"cg_id_a",66678.2,-0.856934
"cg_id_a",66678.2,0.213695
"cg_id_a",66678.2,-0.0361674
"cg_id_a",66678.2,-0.227096
"cg_id_a",66678.3,0.139037
"cg_id_a",66678.3,0.803438
"cg_id_a",66678.3,0.510938
"cg_id_a",66678.3,-0.134376
"cg_id_a",66678.3,0.292461
"cg_id_a",66678.3,0.92783
"cg_id_a",66678.3,0.00444461
"cg_id_a",66678.3,0.357297
"cg_id_a",66678.3,0.20654
"cg_id_a",66678.4,0.753738
"cg_id_a",66678.4,0.770396
"cg_id_a",66678.4,0.214026
"cg_id_a",66678.4,0.324526
"cg_id_a",66678.4,-0.0866939
"cg_id_a",66678.4,0.10714
"cg_id_a",66678.4,0.703337
"cg_id_a",66678.4,-0.165143
"cg_id_a",66678.4,0.243927
"cg_id_a",66678.4,0.154749
"cg_id_a",66678.4,0.670885
"cg_id_a",66678.5,0.351412
"cg_id_a",66678.5,0.12407
"cg_id_a",66678.5,0.0416073
"cg_id_a",66678.5,0.364885
"cg_id_a",66678.5,0.378593
"cg_id_a",66678.5,-0.218567
"cg_id_a",66678.5,0.703087
"cg_id_a",66678.5,0.406387
"cg_id_a",66678.5,-0.0158582
"cg_id_a",66678.5,0.0394216
"cg_id_a",66678.6,0.397284
"cg_id_a",66678.6,-0.196197
"cg_id_a",66678.6,-0.0783368
"cg_id_a",66678.6,0.0415977
"cg_id_a",66678.6,0.39472
"cg_id_a",66678.6,0.989944
"cg_id_a",66678.6,0.101862
"cg_id_a",66678.6,0.390964
"cg_id_a",66678.6,0.544931
"cg_id_a",66678.7,0.719309
"cg_id_a",66678.7,0.393232
"cg_id_a",66678.7,0.303658
"cg_id_a",66678.7,0.255426
"cg_id_a",66678.7,0.721562
"cg_id_a",66678.7,0.770913
"cg_id_a",66678.7,0.0190972
"cg_id_a",66678.7,0.40743
"cg_id_a",66678.7,0.503423
"cg_id_a",66678.7,0.1946
"cg_id_a",66678.8,-0.331756
"cg_id_a",66678.8,-0.27008
"cg_id_a",66678.8,0.36864
"cg_id_a",66678.8,0.464807
"cg_id_a",66678.8,0.249566
"cg_id_a",66678.8,1.22479
"cg_id_a",66678.8,0.767485
"cg_id_a",66678.8,-0.240392
"cg_id_a",66678.8,-1.29547
"cg_id_a",66678.8,0.264639
"cg_id_a",66678.9,0.28887
"cg_id_a",66678.9,0.47353
"cg_id_a",66678.9,-0.380694
"cg_id_a",66678.9,0.577539
"cg_id_a",66678.9,0.29281
"cg_id_a",66678.9,-0.0736111
"cg_id_a",66678.9,0.286622
"cg_id_a",66678.9,0.356897
"cg_id_a",66678.9,0.381076
"cg_id_a",66678.9,0.296702
"cg_id_a",66679,0.353669
"cg_id_a",66679,0.423477
"cg_id_a",66679,0.67297
"cg_id_a",66679,0.367503
"cg_id_a",66679,-0.279328
"cg_id_a",66679,0.0265739
"cg_id_a",66679,0.31139
"cg_id_a",66679,0.0185394
"cg_id_a",66679,0.0590422
"cg_id_a",66679,1.13073
"cg_id_a",66679.1,0.55877
"cg_id_a",66679.1,0.129026
"cg_id_a",66679.1,0.240542
"cg_id_a",66679.1,0.483347
"cg_id_a",66679.1,0.459825
"cg_id_a",66679.1,0.657256
"cg_id_a",66679.1,0.890334
"cg_id_a",66679.1,0.866649
"cg_id_a",66679.1,0.50693
"cg_id_a",66679.1,0.396423
"cg_id_a",66679.2,0.255769
"cg_id_a",66679.2,0.163214
"cg_id_a",66679.2,0.00852402
"cg_id_a",66679.2,0.421318
"cg_id_a",66679.2,1.0987
"cg_id_a",66679.2,0.476432
"cg_id_a",66679.2,0.368588
"cg_id_a",66679.2,-0.604134
"cg_id_a",66679.2,0.952894
"cg_id_a",66679.2,0.368093
"cg_id_a",66679.2,-0.00224275
"cg_id_a",66679.3,-1.05114
"cg_id_a",66679.3,-0.0838063
"cg_id_a",66679.3,-0.0359316
"cg_id_a",66679.3,-0.0226107
"cg_id_a",66679.3,0.460417
"cg_id_a",66679.3,0.0714321
"cg_id_a",66679.3,-0.152022
"cg_id_a",66679.3,-0.707797
"cg_id_a",66679.3,1.34
"cg_id_a",66679.4,0.200048
"cg_id_a",66679.4,0.0743997
"cg_id_a",66679.4,0.208429
"cg_id_a",66679.4,0.110454
"cg_id_a",66679.4,0.314645
"cg_id_a",66679.4,-0.304555
"cg_id_a",66679.4,0.215302
"cg_id_a",66679.4,0.239037
"cg_id_a",66679.4,0.467564
"cg_id_a",66679.4,0.431803
"cg_id_a",66679.5,0.491124
"cg_id_a",66679.5,0.320246
"cg_id_a",66679.5,0.556566
"cg_id_a",66679.5,0.366994
"cg_id_a",66679.5,0.462912
"cg_id_a",66679.5,0.321182
"cg_id_a",66679.5,0.199217
"cg_id_a",66679.5,-0.0455278
"cg_id_a",66679.5,0.76759
"cg_id_a",66679.5,0.570923
"cg_id_a",66679.6,0.215746
"cg_id_a",66679.6,0.012092
"cg_id_a",66679.6,0.236618
"cg_id_a",66679.6,2.26986
"cg_id_a",66679.6,0.698642
"cg_id_a",66679.6,0.362072
"cg_id_a",66679.6,0.148999
"cg_id_a",66679.6,0.574818
"cg_id_a",66679.6,-0.431061
"cg_id_a",66679.6,1.7638
"cg_id_a",66679.6,0.534759
"cg_id_a",66679.7,0.104114
"cg_id_a",66679.7,0.121733
"cg_id_a",66679.7,0.010112
"cg_id_a",66679.7,0.204049
"cg_id_a",66679.7,-0.0256536
"cg_id_a",66679.7,0.124276
"cg_id_a",66679.7,0.274881
"cg_id_a",66679.7,-0.299113
"cg_id_a",66679.7,0.369257
"cg_id_a",66679.7,0.438709
"cg_id_a",66679.8,0.229267
"cg_id_a",66679.8,0.972318
"cg_id_a",66679.8,0.547852
"cg_id_a",66679.8,-0.0120597
"cg_id_a",66679.8,0.214153
"cg_id_a",66679.8,1.18232
"cg_id_a",66679.8,-0.0530273
"cg_id_a",66679.8,-0.0410322
"cg_id_a",66679.8,0.425999
"cg_id_a",66679.8,0.334921
"cg_id_a",66679.9,0.292703
"cg_id_a",66679.9,0.771559
"cg_id_a",66679.9,-0.278739
"cg_id_a",66679.9,0.314129
"cg_id_a",66679.9,0.474225
"cg_id_a",66679.9,1.22667
"cg_id_a",66679.9,0.383913
"cg_id_a",66679.9,0.225096
"cg_id_a",66679.9,0.236619
"cg_id_a",66679.9,-0.149237
"cg_id_a",66680,0.241998
"cg_id_a",66680,0.0311673
"cg_id_a",66680,0.0544425
"cg_id_a",66680,0.939133
"cg_id_a",66680,0.218506
"cg_id_a",66680,-0.35672
"cg_id_a",66680,-0.000779105
"cg_id_a",66680,0.191759
"cg_id_a",66680,0.0868045
"cg_id_a",66680,0.487487
"cg_id_a",66680.1,0.326677
"cg_id_a",66680.1,0.21412
"cg_id_a",66680.1,0.549121
"cg_id_a",66680.1,0.0220335
"cg_id_a",66680.1,0.335342
"cg_id_a",66680.1,0.600771
"cg_id_a",66680.1,0.151324
"cg_id_a",66680.1,1.43349
"cg_id_a",66680.1,0.578175
"cg_id_a",66680.1,0.673221
"cg_id_a",66680.2,0.480316
"cg_id_a",66680.2,-0.210143
"cg_id_a",66680.2,-0.12875
"cg_id_a",66680.2,0.708243
"cg_id_a",66680.2,0.146276
"cg_id_a",66680.2,0.114013
"cg_id_a",66680.2,0.0987249
"cg_id_a",66680.2,0.0764037
"cg_id_a",66680.2,-1.33832
"cg_id_a",66680.2,1.02906
"cg_id_a",66680.3,-0.0579514
"cg_id_a",66680.3,0.232236
"cg_id_a",66680.3,0.0764276
"cg_id_a",66680.3,0.753275
"cg_id_a",66680.3,-0.187625
"cg_id_a",66680.3,-0.125313
"cg_id_a",66680.3,-0.533292
"cg_id_a",66680.3,-0.00032236
"cg_id_a",66680.3,-0.237702
"cg_id_a",66680.3,-0.24631
"cg_id_a",66680.4,0.159414
"cg_id_a",66680.4,-1.91443
"cg_id_a",66680.4,0.721776
"cg_id_a",66680.4,0.182937
"cg_id_a",66680.4,0.160222
"cg_id_a",66680.4,0.582998
"cg_id_a",66680.4,0.10694
"cg_id_a",66680.4,0.0709146
"cg_id_a",66680.4,-0.929602
"cg_id_a",66680.4,0.229332
"cg_id_a",66680.5,0.869417
"cg_id_a",66680.5,-0.648465
"cg_id_a",66680.5,0.892716
"cg_id_a",66680.5,-0.186238
"cg_id_a",66680.5,0.18258
"cg_id_a",66680.5,0.553273
"cg_id_a",66680.5,0.53225
"cg_id_a",66680.5,0.271671
"cg_id_a",66680.5,0.885359
"cg_id_a",66680.5,0.211185
"cg_id_a",66680.6,-0.0833053
"cg_id_a",66680.6,-0.114482
"cg_id_a",66680.6,0.493453
"cg_id_a",66680.6,0.470514
"cg_id_a",66680.6,-0.274933
"cg_id_a",66680.6,0.187246
"cg_id_a",66680.6,0.516576
"cg_id_a",66680.6,0.5183
"cg_id_a",66680.6,2.50947
"cg_id_a",66680.6,0.496229
"cg_id_a",66680.6,0.233969
"cg_id_a",66680.7,-0.0782722
"cg_id_a",66680.7,0.651174
"cg_id_a",66680.7,-0.354248
"cg_id_a",66680.7,0.759645
"cg_id_a",66680.7,0.270226
"cg_id_a",66680.7,1.15125
"cg_id_a",66680.7,0.153884
"cg_id_a",66680.7,-0.0319484
"cg_id_a",66680.7,0.21792
"cg_id_a",66680.7,-0.100552
"cg_id_a",66680.8,-0.30949
"cg_id_a",66680.8,0.453632
"cg_id_a",66680.8,-0.202309
"cg_id_a",66680.8,0.733599
"cg_id_a",66680.8,0.147234
"cg_id_a",66680.8,0.746548
"cg_id_a",66680.8,1.11936
"cg_id_a",66680.8,-0.0788617
"cg_id_a",66680.8,0.220497
"cg_id_a",66680.8,0.500192
"cg_id_a",66680.9,-0.0413924
"cg_id_a",66680.9,-0.173064
"cg_id_a",66680.9,0.0621052
"cg_id_a",66680.9,0.159146
"cg_id_a",66680.9,0.592998
"cg_id_a",66680.9,0.531181
"cg_id_a",66680.9,0.110737
"cg_id_a",66680.9,0.0898639
"cg_id_a",66680.9,-0.102967
"cg_id_a",66680.9,0.111319
"cg_id_a",66681,0.506841
"cg_id_a",66681,0.71051
"cg_id_a",66681,0.538185
"cg_id_a",66681,0.618361
"cg_id_a",66681,0.374107
"cg_id_a",66681,0.835918
"cg_id_a",66681,0.205726
"cg_id_a",66681,0.119986
"cg_id_a",66681,0.515302
"cg_id_a",66681,0.670708
"cg_id_a",66681.1,-1.31887
"cg_id_a",66681.1,0.413418
"cg_id_a",66681.1,0.643294
"cg_id_a",66681.1,0.418698
"cg_id_a",66681.1,0.855311
"cg_id_a",66681.1,0.15912
"cg_id_a",66681.1,-0.185329
"cg_id_a",66681.1,0.328562
"cg_id_a",66681.1,-0.464534
"cg_id_a",66681.1,0.0103874
"cg_id_a",66681.2,0.0729426
"cg_id_a",66681.2,0.154003
"cg_id_a",66681.2,0.373936
"cg_id_a",66681.2,0.648704
"cg_id_a",66681.2,0.234717
"cg_id_a",66681.2,-0.210708
"cg_id_a",66681.2,0.0935142
"cg_id_a",66681.2,-0.181949
"cg_id_a",66681.2,0.191965
"cg_id_a",66681.2,0.113236
"cg_id_a",66681.3,0.568268
"cg_id_a",66681.3,0.00702748
"cg_id_a",66681.3,0.561037
"cg_id_a",66681.3,0.238114
"cg_id_a",66681.3,-0.103554
"cg_id_a",66681.3,0.0636481
"cg_id_a",66681.3,0.341289
"cg_id_a",66681.3,0.255934
"cg_id_a",66681.3,0.358355
"cg_id_a",66681.3,-0.122825
"cg_id_a",66681.4,0.15473
"cg_id_a",66681.4,-0.177565
"cg_id_a",66681.4,0.386577
"cg_id_a",66681.4,-0.445377
"cg_id_a",66681.4,0.21813
"cg_id_a",66681.4,0.527737
"cg_id_a",66681.4,0.115926
"cg_id_a",66681.4,0.629327
"cg_id_a",66681.4,0.153643
"cg_id_a",66681.4,0.331749
"cg_id_a",66681.5,1.85829
"cg_id_a",66681.5,0.254309
"cg_id_a",66681.5,-0.356316
"cg_id_a",66681.5,0.476321
"cg_id_a",66681.5,0.146679
"cg_id_a",66681.5,0.34949
"cg_id_a",66681.5,-0.290407
"cg_id_a",66681.5,0.361484
"cg_id_a",66681.5,0.65693
"cg_id_a",66681.5,-0.0773965
"cg_id_a",66681.6,-0.131159
"cg_id_a",66681.6,-0.510542
"cg_id_a",66681.6,-1.61051
"cg_id_a",66681.6,0.448736
"cg_id_a",66681.6,-0.632112
"cg_id_a",66681.6,1.70687
"cg_id_a",66681.6,-0.0874499
"cg_id_a",66681.6,-0.35078
"cg_id_a",66681.6,0.96761
"cg_id_a",66681.6,0.291072
"cg_id_a",66681.7,-0.0104782
"cg_id_a",66681.7,0.287582
"cg_id_a",66681.7,0.340913
"cg_id_a",66681.7,0.158244
"cg_id_a",66681.7,1.00279
"cg_id_a",66681.7,0.690189
"cg_id_a",66681.7,-0.118731
"cg_id_a",66681.7,0.769581
"cg_id_a",66681.7,-0.140525
"cg_id_a",66681.7,0.286164
"cg_id_a",66681.8,0.903187
"cg_id_a",66681.8,0.861315
"cg_id_a",66681.8,0.901787
"cg_id_a",66681.8,0.885281
"cg_id_a",66681.8,-0.570811
"cg_id_a",66681.8,0.383813
"cg_id_a",66681.8,0.0766516
"cg_id_a",66681.8,-0.657023
"cg_id_a",66681.8,0.581843
"cg_id_a",66681.8,0.365285
"cg_id_a",66681.9,0.95491
"cg_iq_a",66651.9,15.6561
"cg_iq_a",66652,16.5233
"cg_iq_a",66652,13.3483
"cg_iq_a",66652,14.0453
"cg_iq_a",66652,14.763
"cg_iq_a",66652,15.0519
"cg_iq_a",66652,12.3521
"cg_iq_a",66652,15.3103
"cg_iq_a",66652,17.0163
"cg_iq_a",66652,12.8868
"cg_iq_a",66652,15.9298
"cg_iq_a",66652.1,15.5424
"cg_iq_a",66652.1,13.2842
"cg_iq_a",66652.1,15.4936
"cg_iq_a",66652.1,15.2747
"cg_iq_a",66652.1,15.3702
"cg_iq_a",66652.1,15.0516
"cg_iq_a",66652.1,12.0934
"cg_iq_a",66652.1,13.7824
"cg_iq_a",66652.1,14.4399
"cg_iq_a",66652.1,15.8591
"cg_iq_a",66652.2,17.6135
"cg_iq_a",66652.2,19.9522
"cg_iq_a",66652.2,16.8015
"cg_iq_a",66652.2,15.8326
"cg_iq_a",66652.2,17.4169
"cg_iq_a",66652.2,13.9719
"cg_iq_a",66652.2,14.812
"cg_iq_a",66652.2,14.5706
"cg_iq_a",66652.2,13.0565
"cg_iq_a",66652.2,11.9589
"cg_iq_a",66652.3,12.4445
"cg_iq_a",66652.3,11.2085
"cg_iq_a",66652.3,13.859
"cg_iq_a",66652.3,16.0853
"cg_iq_a",66652.3,14.6697
"cg_iq_a",66652.3,18.1909
"cg_iq_a",66652.3,15.3117
"cg_iq_a",66652.3,13.3687
"cg_iq_a",66652.3,15.7553
"cg_iq_a",66652.3,13.9033
"cg_iq_a",66652.4,13.117
"cg_iq_a",66652.4,14.9841
"cg_iq_a",66652.4,15.8806
"cg_iq_a",66652.4,16.6849
"cg_iq_a",66652.4,15.8149
"cg_iq_a",66652.4,15.2641
"cg_iq_a",66652.4,14.4946
"cg_iq_a",66652.4,17.0927
"cg_iq_a",66652.4,15.4651
"cg_iq_a",66652.4,18.6595
"cg_iq_a",66652.5,16.6863
"cg_iq_a",66652.5,12.3317
"cg_iq_a",66652.5,12.527
"cg_iq_a",66652.5,13.5196
"cg_iq_a",66652.5,11.82
"cg_iq_a",66652.5,15.5946
"cg_iq_a",66652.5,15.208
"cg_iq_a",66652.5,14.7216
"cg_iq_a",66652.5,14.5811
"cg_iq_a",66652.5,13.3821
"cg_iq_a",66652.6,13.8547
"cg_iq_a",66652.6,15.6911
"cg_iq_a",66652.6,11.7302
"cg_iq_a",66652.6,14.2079
"cg_iq_a",66652.6,18.4118
"cg_iq_a",66652.6,15.0749
"cg_iq_a",66652.6,16.0321
"cg_iq_a",66652.6,17.0873
"cg_iq_a",66652.6,14.823
"cg_iq_a",66652.6,16.7643
"cg_iq_a",66652.7,16.2734
"cg_iq_a",66652.7,16.4185
"cg_iq_a",66652.7,15.4269
"cg_iq_a",66652.7,15.0775
"cg_iq_a",66652.7,13.476
"cg_iq_a",66652.7,12.4609
"cg_iq_a",66652.7,13.1061
"cg_iq_a",66652.7,11.515
"cg_iq_a",66652.7,16.6088
"cg_iq_a",66652.7,19.2663
"cg_iq_a",66652.8,13.8202
"cg_iq_a",66652.8,16.5314
"cg_iq_a",66652.8,14.2585
"cg_iq_a",66652.8,14.2957
"cg_iq_a",66652.8,15.4042
"cg_iq_a",66652.8,14.3753
"cg_iq_a",66652.8,14.1557
"cg_iq_a",66652.8,13.3304
"cg_iq_a",66652.8,13.5365
"cg_iq_a",66652.8,14.0786
"cg_iq_a",66652.9,17.0571
"cg_iq_a",66652.9,17.8976
"cg_iq_a",66652.9,18.7598
"cg_iq_a",66652.9,18.5675
"cg_iq_a",66652.9,14.5677
"cg_iq_a",66652.9,17.1532
"cg_iq_a",66652.9,15.6189
"cg_iq_a",66652.9,12.6754
"cg_iq_a",66652.9,15.0828
"cg_iq_a",66652.9,13.7631
"cg_iq_a",66653,13.7438
"cg_iq_a",66653,14.1564
"cg_iq_a",66653,12.9698
"cg_iq_a",66653,12.3444
"cg_iq_a",66653,14.4653
"cg_iq_a",66653,14.4555
"cg_iq_a",66653,13.6822
"cg_iq_a",66653,17.0642
"cg_iq_a",66653,13.7116
"cg_iq_a",66653,12.2079
"cg_iq_a",66653.1,12.1886
"cg_iq_a",66653.1,9.508
"cg_iq_a",66653.1,12.7409
"cg_iq_a",66653.1,12.0615
"cg_iq_a",66653.1,11.3062
"cg_iq_a",66653.1,11.2594
"cg_iq_a",66653.1,-1.01582
"cg_iq_a",66653.1,-0.505906
"cg_iq_a",66653.1,1.05204
"cg_iq_a",66653.1,1.16918
"cg_iq_a",66653.2,-3.00185
"cg_iq_a",66653.2,2.07845
"cg_iq_a",66653.2,-0.704001
"cg_iq_a",66653.2,-2.47791
"cg_iq_a",66653.2,2.61386
"cg_iq_a",66653.2,-0.231078
"cg_iq_a",66653.2,0.0271895
"cg_iq_a",66653.2,1.26044
"cg_iq_a",66653.2,0.0598995
"cg_iq_a",66653.2,-0.545937
"cg_iq_a",66653.3,0.378815
"cg_iq_a",66653.3,-0.268527
"cg_iq_a",66653.3,-0.139324
"cg_iq_a",66653.3,1.14442
"cg_iq_a",66653.3,-0.273742
"cg_iq_a",66653.3,-2.11739
"cg_iq_a",66653.3,2.43224
"cg_iq_a",66653.3,-0.0527238
"cg_iq_a",66653.3,-2.54304
"cg_iq_a",66653.3,2.07244
"cg_iq_a",66653.4,0.205125
"cg_iq_a",66653.4,-1.49164
"cg_iq_a",66653.4,1.57562
"cg_iq_a",66653.4,-0.546169
"cg_iq_a",66653.4,-0.745348
"cg_iq_a",66653.4,0.307571
"cg_iq_a",66653.4,-0.365613
"cg_iq_a",66653.4,-2.20432
"cg_iq_a",66653.4,0.937847
"cg_iq_a",66653.4,1.34858
"cg_iq_a",66653.5,-2.74078
"cg_iq_a",66653.5,0.707944
"cg_iq_a",66653.5,2.66088
"cg_iq_a",66653.5,-3.02119
"cg_iq_a",66653.5,-0.109401
"cg_iq_a",66653.5,1.34525
"cg_iq_a",66653.5,-1.57083
"cg_iq_a",66653.5,-0.56551
"cg_iq_a",66653.5,1.27148
"cg_iq_a",66653.5,-0.205312
"cg_iq_a",66653.6,0.000226954
"cg_iq_a",66653.6,0.20676
"cg_iq_a",66653.6,0.40816
"cg_iq_a",66653.6,-0.93268
"cg_iq_a",66653.6,1.2987
"cg_iq_a",66653.6,0.903744
"cg_iq_a",66653.6,-2.1156
"cg_iq_a",66653.6,0.570931
"cg_iq_a",66653.6,3.30137
"cg_iq_a",66653.6,-2.57529
"cg_iq_a",66653.7,-0.684219
"cg_iq_a",66653.7,2.72097
"cg_iq_a",66653.7,-0.403778
"cg_iq_a",66653.7,0.0697266
"cg_iq_a",66653.7,1.16933
"cg_iq_a",66653.7,-0.525954
"cg_iq_a",66653.7,-1.46983
"cg_iq_a",66653.7,-0.158079
"cg_iq_a",66653.7,1.20458
"cg_iq_a",66653.8,-0.730407
"cg_iq_a",66653.8,-0.0804926
"cg_iq_a",66653.8,2.84455
"cg_iq_a",66653.8,-1.38146
"cg_iq_a",66653.8,-1.01345
"cg_iq_a",66653.8,2.75348
"cg_iq_a",66653.8,0.357533
"cg_iq_a",66653.8,-3.02572
"cg_iq_a",66653.8,1.15866
"cg_iq_a",66653.8,1.95216
"cg_iq_a",66653.9,-1.39566
"cg_iq_a",66653.9,-0.0445718
"cg_iq_a",66653.9,1.31839
"cg_iq_a",66653.9,0.0298805
"cg_iq_a",66653.9,0.246706
"cg_iq_a",66653.9,0.681481
"cg_iq_a",66653.9,-0.0443096
"cg_iq_a",66653.9,-0.421313
"cg_iq_a",66653.9,-1.01835
"cg_iq_a",66653.9,1.7809
"cg_iq_a",66653.9,0.0691302
"cg_iq_a",66654,-2.22443
"cg_iq_a",66654,1.93373
"cg_iq_a",66654,1.77755
"cg_iq_a",66654,-2.45994
"cg_iq_a",66654,-1.15603
"cg_iq_a",66654,2.82421
"cg_iq_a",66654,-0.33301
"cg_iq_a",66654,-1.46873
"cg_iq_a",66654,0.919476
"cg_iq_a",66654,1.27607
"cg_iq_a",66654.1,-0.650739
"cg_iq_a",66654.1,0.121956
"cg_iq_a",66654.1,0.290049
"cg_iq_a",66654.1,0.0810994
"cg_iq_a",66654.1,-0.818025
"cg_iq_a",66654.1,0.336232
"cg_iq_a",66654.1,0.966952
"cg_iq_a",66654.1,-0.679723
"cg_iq_a",66654.1,-2.74601
"cg_iq_a",66654.1,1.80134
"cg_iq_a",66654.2,2.75313
"cg_iq_a",66654.2,-2.73878
"cg_iq_a",66654.2,-1.9273
"cg_iq_a",66654.2,2.2425
"cg_iq_a",66654.2,1.29371
"cg_iq_a",66654.2,-2.03983
"cg_iq_a",66654.2,-0.208255
"cg_iq_a",66654.2,1.01656
"cg_iq_a",66654.2,0.0154384
"cg_iq_a",66654.2,0.129099
"cg_iq_a",66654.3,0.36794
"cg_iq_a",66654.3,0.672476
"cg_iq_a",66654.3,-0.268249
"cg_iq_a",66654.3,-0.895274
"cg_iq_a",66654.3,0.782188
"cg_iq_a",66654.3,1.89154
"cg_iq_a",66654.3,-1.53136
"cg_iq_a",66654.3,-1.91999
"cg_iq_a",66654.3,1.69345
"cg_iq_a",66654.4,1.68009
"cg_iq_a",66654.4,-2.68134
"cg_iq_a",66654.4,-2.27471
"cg_iq_a",66654.4,1.67507
"cg_iq_a",66654.4,1.09527
"cg_iq_a",66654.4,-1.80113
"cg_iq_a",66654.4,-0.385027
"cg_iq_a",66654.4,1.08009
"cg_iq_a",66654.4,0.210943
"cg_iq_a",66654.4,-0.658441
"cg_iq_a",66654.4,-0.417465
"cg_iq_a",66654.5,0.919936
"cg_iq_a",66654.5,-0.0983496
"cg_iq_a",66654.5,-0.624054
"cg_iq_a",66654.5,-0.211976
"cg_iq_a",66654.5,2.09617
"cg_iq_a",66654.5,0.931646
"cg_iq_a",66654.5,-2.03523
"cg_iq_a",66654.5,-0.512296
"cg_iq_a",66654.5,3.0017
"cg_iq_a",66654.5,1.39159
"cg_iq_a",66654.6,-2.50195
"cg_iq_a",66654.6,-1.03201
"cg_iq_a",66654.6,3.29984
"cg_iq_a",66654.6,1.66725
"cg_iq_a",66654.6,-1.8461
"cg_iq_a",66654.6,-1.81094
"cg_iq_a",66654.6,0.759535
"cg_iq_a",66654.6,0.365344
"cg_iq_a",66654.6,0.04899
"cg_iq_a",66654.7,-0.452961
"cg_iq_a",66654.7,0.713855
"cg_iq_a",66654.7,0.140299
"cg_iq_a",66654.7,-0.654664
"cg_iq_a",66654.7,-0.921064
"cg_iq_a",66654.7,0.540594
"cg_iq_a",66654.8,2.27202
"cg_iq_a",66654.8,-0.050724
"cg_iq_a",66654.8,-3.18242
"cg_iq_a",66654.8,-0.583966
"cg_iq_a",66654.8,2.66409
"cg_iq_a",66654.8,1.44777
"cg_iq_a",66654.8,-2.57438
"cg_iq_a",66654.8,-2.52594
"cg_iq_a",66654.9,1.84529
"cg_iq_a",66654.9,2.41972
"cg_iq_a",66654.9,-0.969244
"cg_iq_a",66654.9,-1.14652
"cg_iq_a",66654.9,0.758664
"cg_iq_a",66654.9,0.462093
"cg_iq_a",66655,-0.395429
"cg_iq_a",66655,0.473825
"cg_iq_a",66655,0.7094
"cg_iq_a",66655,0.999152
"cg_iq_a",66655,-0.848009
"cg_iq_a",66655,1.43921
"cg_iq_a",66655.1,1.78382
"cg_iq_a",66655.1,-1.14302
"cg_iq_a",66655.1,-3.87078
"cg_iq_a",66655.1,0.708047
"cg_iq_a",66655.1,2.36525
"cg_iq_a",66655.1,0.881726
"cg_iq_a",66655.1,-1.75954
"cg_iq_a",66655.1,-1.10189
"cg_iq_a",66655.1,0.647125
"cg_iq_a",66655.1,1.3835
"cg_iq_a",66655.2,-0.399439
"cg_iq_a",66655.2,-0.669447
"cg_iq_a",66655.2,-0.353896
"cg_iq_a",66655.2,0.383513
"cg_iq_a",66655.2,0.676246
"cg_iq_a",66655.2,-0.520751
"cg_iq_a",66655.2,-1.21809
"cg_iq_a",66655.2,-0.162699
"cg_iq_a",66655.2,1.50361
"cg_iq_a",66655.2,0.985022
"cg_iq_a",66655.2,-0.734928
"cg_iq_a",66655.2,-2.0311
"cg_iq_a",66655.3,0.0525066
"cg_iq_a",66655.3,3.00675
"cg_iq_a",66655.3,1.53175
"cg_iq_a",66655.3,-1.40921
"cg_iq_a",66655.3,-3.13862
"cg_iq_a",66655.3,0.448542
"cg_iq_a",66655.3,3.03147
"cg_iq_a",66655.3,0.16665
"cg_iq_a",66655.3,-0.774288
"cg_iq_a",66655.3,-2.15469
"cg_iq_a",66655.4,-0.313316
"cg_iq_a",66655.4,0.459045
"cg_iq_a",66655.4,0.538851
"cg_iq_a",66655.4,-1.01736
"cg_iq_a",66655.4,-1.10145
"cg_iq_a",66655.4,0.205941
"cg_iq_a",66655.4,0.68189
"cg_iq_a",66655.4,0.574041
"cg_iq_a",66655.4,-1.18083
"cg_iq_a",66655.4,-0.574773
"cg_iq_a",66655.4,-0.196421
"cg_iq_a",66655.5,1.19387
"cg_iq_a",66655.5,1.6709
"cg_iq_a",66655.5,0.432608
"cg_iq_a",66655.5,-1.86189
"cg_iq_a",66655.5,-2.10398
"cg_iq_a",66655.5,1.25778
"cg_iq_a",66655.5,3.40257
"cg_iq_a",66655.5,0.886258
"cg_iq_a",66655.5,-2.3701
"cg_iq_a",66655.5,-2.31493
"cg_iq_a",66655.6,0.478383
"cg_iq_a",66655.6,2.21754
"cg_iq_a",66655.6,1.40237
"cg_iq_a",66655.6,-0.848043
"cg_iq_a",66655.6,-1.40218
"cg_iq_a",66655.6,-1.13859
"cg_iq_a",66655.6,1.19602
"cg_iq_a",66655.6,0.567175
"cg_iq_a",66655.6,-0.303184
"cg_iq_a",66655.6,-1.19565
"cg_iq_a",66655.6,0.0387236
"cg_iq_a",66655.6,0.136653
"cg_iq_a",66655.7,0.348681
"cg_iq_a",66655.7,0.74563
"cg_iq_a",66655.7,-0.459617
"cg_iq_a",66655.7,-1.28546
"cg_iq_a",66655.7,-0.860836
"cg_iq_a",66655.7,0.522901
"cg_iq_a",66655.7,1.81703
"cg_iq_a",66655.7,0.930037
"cg_iq_a",66655.7,-1.21961
"cg_iq_a",66655.7,-2.57083
"cg_iq_a",66655.8,-1.38572
"cg_iq_a",66655.8,1.3516
"cg_iq_a",66655.8,3.69475
"cg_iq_a",66655.8,1.00154
"cg_iq_a",66655.8,-1.84668
"cg_iq_a",66655.8,-2.51498
"cg_iq_a",66655.8,-1.16941
"cg_iq_a",66655.8,1.16432
"cg_iq_a",66655.8,2.95664
"cg_iq_a",66655.8,0.956411
"cg_iq_a",66655.8,-1.36539
"cg_iq_a",66655.8,-1.64333
"cg_iq_a",66655.9,-0.00785952
"cg_iq_a",66655.9,1.32015
"cg_iq_a",66655.9,1.16537
"cg_iq_a",66655.9,0.832006
"cg_iq_a",66655.9,-0.579318
"cg_iq_a",66655.9,-0.839298
"cg_iq_a",66655.9,0.961889
"cg_iq_a",66655.9,-0.390332
"cg_iq_a",66655.9,-0.595704
"cg_iq_a",66655.9,-0.994813
"cg_iq_a",66656,-0.508471
"cg_iq_a",66656,-0.902971
"cg_iq_a",66656,-0.440088
"cg_iq_a",66656,0.278684
"cg_iq_a",66656,1.4056
"cg_iq_a",66656,1.59816
"cg_iq_a",66656,-0.141689
"cg_iq_a",66656,-1.80394
"cg_iq_a",66656,-2.61459
"cg_iq_a",66656,-0.493536
"cg_iq_a",66656.1,2.20846
"cg_iq_a",66656.1,4.2934
"cg_iq_a",66656.1,1.4149
"cg_iq_a",66656.1,-1.631
"cg_iq_a",66656.1,-3.50391
"cg_iq_a",66656.1,-2.09227
"cg_iq_a",66656.1,0.899288
"cg_iq_a",66656.1,1.9779
"cg_iq_a",66656.1,1.36674
"cg_iq_a",66656.1,0.635866
"cg_iq_a",66656.1,-1.41981
"cg_iq_a",66656.2,-1.2521
"cg_iq_a",66656.2,-0.234234
"cg_iq_a",66656.2,0.881765
"cg_iq_a",66656.2,-0.225918
"cg_iq_a",66656.2,0.241428
"cg_iq_a",66656.2,0.136975
"cg_iq_a",66656.2,-0.374975
"cg_iq_a",66656.2,0.406233
"cg_iq_a",66656.2,-0.502085
"cg_iq_a",66656.2,-0.165577
"cg_iq_a",66656.3,0.187224
"cg_iq_a",66656.3,0.260825
"cg_iq_a",66656.3,0.00502021
"cg_iq_a",66656.3,-0.208889
"cg_iq_a",66656.3,-1.05761
"cg_iq_a",66656.3,-0.233769
"cg_iq_a",66656.3,0.634241
"cg_iq_a",66656.3,0.99594
"cg_iq_a",66656.3,0.949037
"cg_iq_a",66656.4,0.767388
"cg_iq_a",66656.4,-1.6651
"cg_iq_a",66656.4,-2.82308
"cg_iq_a",66656.4,-2.09914
"cg_iq_a",66656.4,-0.392996
"cg_iq_a",66656.4,1.87586
"cg_iq_a",66656.4,2.32142
"cg_iq_a",66656.4,1.72803
"cg_iq_a",66656.4,0.0584702
"cg_iq_a",66656.5,-2.56618
"cg_iq_a",66656.5,-2.71042
"cg_iq_a",66656.5,-2.67766
"cg_iq_a",66656.5,0.565369
"cg_iq_a",66656.5,2.23158
"cg_iq_a",66656.5,2.29795
"cg_iq_a",66656.5,0.59002
"cg_iq_a",66656.5,-0.612285
"cg_iq_a",66656.5,-1.31497
"cg_iq_a",66656.5,-1.52311
"cg_iq_a",66656.5,-0.429478
"cg_iq_a",66656.6,0.410967
"cg_iq_a",66656.6,1.13826
"cg_iq_a",66656.6,0.678287
"cg_iq_a",66656.6,0.17807
"cg_iq_a",66656.6,-0.436721
"cg_iq_a",66656.6,-0.169761
"cg_iq_a",66656.6,-0.396158
"cg_iq_a",66656.6,-0.355663
"cg_iq_a",66656.6,1.16253
"cg_iq_a",66656.6,0.759976
"cg_iq_a",66656.7,0.40957
"cg_iq_a",66656.7,0.658859
"cg_iq_a",66656.7,-0.369101
"cg_iq_a",66656.7,-1.65355
"cg_iq_a",66656.7,-1.14674
"cg_iq_a",66656.7,-0.673558
"cg_iq_a",66656.7,0.109035
"cg_iq_a",66656.7,0.727369
"cg_iq_a",66656.7,1.22643
"cg_iq_a",66656.8,1.63845
"cg_iq_a",66656.8,0.801402
"cg_iq_a",66656.8,-1.10592
"cg_iq_a",66656.8,-2.22157
"cg_iq_a",66656.8,-2.30317
"cg_iq_a",66656.8,-4.05731
"cg_iq_a",66656.8,0.0957095
"cg_iq_a",66656.8,2.69198
"cg_iq_a",66656.8,5.76707
"cg_iq_a",66656.8,2.96282
"cg_iq_a",66656.9,0.819965
"cg_iq_a",66656.9,-1.19845
"cg_iq_a",66656.9,-2.78455
"cg_iq_a",66656.9,-3.62794
"cg_iq_a",66656.9,-2.13602
"cg_iq_a",66656.9,-0.0241522
"cg_iq_a",66656.9,1.23533
"cg_iq_a",66656.9,2.81398
"cg_iq_a",66656.9,2.48267
"cg_iq_a",66656.9,1.21939
"cg_iq_a",66656.9,-0.254312
"cg_iq_a",66657,-1.12039
"cg_iq_a",66657,-1.74243
"cg_iq_a",66657,-1.56494
"cg_iq_a",66657,-0.115944
"cg_iq_a",66657,0.0648761
"cg_iq_a",66657,0.705895
"cg_iq_a",66657,0.478579
"cg_iq_a",66657,1.04603
"cg_iq_a",66657,-1.07033
"cg_iq_a",66657,-0.0600871
"cg_iq_a",66657.1,-0.551893
"cg_iq_a",66657.1,-0.781032
"cg_iq_a",66657.1,0.0493442
"cg_iq_a",66657.1,0.987264
"cg_iq_a",66657.1,0.779275
"cg_iq_a",66657.1,-0.863346
"cg_iq_a",66657.1,0.765521
"cg_iq_a",66657.1,2.73857
"cg_iq_a",66657.1,0.385193
"cg_iq_a",66657.1,-0.353612
"cg_iq_a",66657.2,-0.448399
"cg_iq_a",66657.2,-1.54344
"cg_iq_a",66657.2,-0.363983
"cg_iq_a",66657.2,-1.84154
"cg_iq_a",66657.2,-0.256786
"cg_iq_a",66657.2,0.433926
"cg_iq_a",66657.2,1.10224
"cg_iq_a",66657.2,2.49477
"cg_iq_a",66657.2,2.29643
"cg_iq_a",66657.2,0.955532
"cg_iq_a",66657.3,-0.469908
"cg_iq_a",66657.3,-1.2412
"cg_iq_a",66657.3,-0.964462
"cg_iq_a",66657.3,-2.36408
"cg_iq_a",66657.3,-1.69065
"cg_iq_a",66657.3,-1.07755
"cg_iq_a",66657.3,0.0312107
"cg_iq_a",66657.3,1.80095
"cg_iq_a",66657.3,2.67393
"cg_iq_a",66657.3,3.02968
"cg_iq_a",66657.4,2.28659
"cg_iq_a",66657.4,1.69495
"cg_iq_a",66657.4,-1.05319
"cg_iq_a",66657.4,-1.95728
"cg_iq_a",66657.4,-3.33606
"cg_iq_a",66657.4,-2.25789
"cg_iq_a",66657.4,-2.23319
"cg_iq_a",66657.4,-1.14252
"cg_iq_a",66657.4,0.630522
"cg_iq_a",66657.5,1.70354
"cg_iq_a",66657.5,2.4085
"cg_iq_a",66657.5,2.13751
"cg_iq_a",66657.5,2.32641
"cg_iq_a",66657.5,0.422779
"cg_iq_a",66657.5,-0.819402
"cg_iq_a",66657.5,-1.01153
"cg_iq_a",66657.5,-1.23287
"cg_iq_a",66657.5,-2.01161
"cg_iq_a",66657.5,-1.53175
"cg_iq_a",66657.5,-0.620509
"cg_iq_a",66657.6,-0.0349673
"cg_iq_a",66657.6,0.217781
"cg_iq_a",66657.6,0.935905
"cg_iq_a",66657.6,1.37964
"cg_iq_a",66657.6,0.934756
"cg_iq_a",66657.6,0.574715
"cg_iq_a",66657.6,-0.760225
"cg_iq_a",66657.6,0.245202
"cg_iq_a",66657.6,-0.243765
"cg_iq_a",66657.6,-0.611174
"cg_iq_a",66657.7,-0.727831
"cg_iq_a",66657.7,0.0563755
"cg_iq_a",66657.7,0.321922
"cg_iq_a",66657.7,-0.270714
"cg_iq_a",66657.7,-1.1323
"cg_iq_a",66657.7,1.49109
"cg_iq_a",66657.7,0.0336041
"cg_iq_a",66657.7,0.491661
"cg_iq_a",66657.7,0.51807
"cg_iq_a",66657.8,0.0897071
"cg_iq_a",66657.8,0.0643696
"cg_iq_a",66657.8,1.14943
"cg_iq_a",66657.8,1.27603
"cg_iq_a",66657.8,-0.569038
"cg_iq_a",66657.8,-0.667403
"cg_iq_a",66657.8,-1.14072
"cg_iq_a",66657.8,-0.822125
"cg_iq_a",66657.8,-0.558106
"cg_iq_a",66657.8,-1.36069
"cg_iq_a",66657.9,-0.99313
"cg_iq_a",66657.9,-0.197141
"cg_iq_a",66657.9,0.571996
"cg_iq_a",66657.9,0.558732
"cg_iq_a",66657.9,1.06716
"cg_iq_a",66657.9,1.41681
"cg_iq_a",66657.9,2.04234
"cg_iq_a",66657.9,1.62103
"cg_iq_a",66657.9,1.69365
"cg_iq_a",66657.9,1.11242
"cg_iq_a",66658,0.613928
"cg_iq_a",66658,-0.233033
"cg_iq_a",66658,-1.44458
"cg_iq_a",66658,-1.21113
"cg_iq_a",66658,-2.54237
"cg_iq_a",66658,-2.61964
"cg_iq_a",66658,-2.87927
"cg_iq_a",66658,-1.64166
"cg_iq_a",66658,-1.92643
"cg_iq_a",66658,-0.607181
"cg_iq_a",66658.1,0.408259
"cg_iq_a",66658.1,1.12264
"cg_iq_a",66658.1,1.90884
"cg_iq_a",66658.1,2.86487
"cg_iq_a",66658.1,2.70604
"cg_iq_a",66658.1,2.4179
"cg_iq_a",66658.1,2.79212
"cg_iq_a",66658.1,3.38486
"cg_iq_a",66658.1,1.41303
"cg_iq_a",66658.1,0.869251
"cg_iq_a",66658.2,-0.162345
"cg_iq_a",66658.2,-0.983521
"cg_iq_a",66658.2,-2.7869
"cg_iq_a",66658.2,-2.06504
"cg_iq_a",66658.2,-2.5834
"cg_iq_a",66658.2,-3.12044
"cg_iq_a",66658.2,-3.78768
"cg_iq_a",66658.2,-2.87299
"cg_iq_a",66658.2,-1.48877
"cg_iq_a",66658.2,-0.743459
"cg_iq_a",66658.2,-0.847307
"cg_iq_a",66658.3,-0.195393
"cg_iq_a",66658.3,0.859454
"cg_iq_a",66658.3,1.59816
"cg_iq_a",66658.3,2.13868
"cg_iq_a",66658.3,2.47015
"cg_iq_a",66658.3,2.9698
"cg_iq_a",66658.3,2.50852
"cg_iq_a",66658.3,2.19587
"cg_iq_a",66658.3,1.49174
"cg_iq_a",66658.4,2.40852
"cg_iq_a",66658.4,1.29696
"cg_iq_a",66658.4,1.0683
"cg_iq_a",66658.4,0.15019
"cg_iq_a",66658.4,-0.234005
"cg_iq_a",66658.4,-1.08072
"cg_iq_a",66658.4,-1.3339
"cg_iq_a",66658.4,-1.13983
"cg_iq_a",66658.4,-1.78026
"cg_iq_a",66658.4,-1.99399
"cg_iq_a",66658.5,-1.82674
"cg_iq_a",66658.5,-1.24977
"cg_iq_a",66658.5,-1.28649
"cg_iq_a",66658.5,-1.53414
"cg_iq_a",66658.5,-1.36739
"cg_iq_a",66658.5,-1.40113
"cg_iq_a",66658.5,-1.11369
"cg_iq_a",66658.5,-0.426731
"cg_iq_a",66658.5,0.125646
"cg_iq_a",66658.5,0.821976
"cg_iq_a",66658.6,0.632177
"cg_iq_a",66658.6,0.78731
"cg_iq_a",66658.6,1.09286
"cg_iq_a",66658.6,1.10321
"cg_iq_a",66658.6,1.2943
"cg_iq_a",66658.6,1.01967
"cg_iq_a",66658.6,1.46906
"cg_iq_a",66658.6,1.40271
"cg_iq_a",66658.6,0.767168
"cg_iq_a",66658.6,1.02208
"cg_iq_a",66658.7,1.20818
"cg_iq_a",66658.7,0.742946
"cg_iq_a",66658.7,0.45514
"cg_iq_a",66658.7,-0.148271
"cg_iq_a",66658.7,-0.15376
"cg_iq_a",66658.7,-0.0602767
"cg_iq_a",66658.7,-0.262404
"cg_iq_a",66658.7,-0.330571
"cg_iq_a",66658.7,-0.649842
"cg_iq_a",66658.7,-1.28435
"cg_iq_a",66658.8,-0.00121166
"cg_iq_a",66658.8,-0.633122
"cg_iq_a",66658.8,-1.3925
"cg_iq_a",66658.8,-0.897794
"cg_iq_a",66658.8,-0.576522
"cg_iq_a",66658.8,0.453985
"cg_iq_a",66658.8,0.0325223
"cg_iq_a",66658.8,-0.921641
"cg_iq_a",66658.8,0.187879
"cg_iq_a",66658.8,0.372975
"cg_iq_a",66658.9,0.269726
"cg_iq_a",66658.9,-0.192206
"cg_iq_a",66658.9,-0.473148
"cg_iq_a",66658.9,-0.454781
"cg_iq_a",66658.9,-0.606807
"cg_iq_a",66658.9,0.385123
"cg_iq_a",66658.9,1.58892
"cg_iq_a",66658.9,0.243705
"cg_iq_a",66658.9,-0.57427
"cg_iq_a",66658.9,-0.275501
"cg_iq_a",66659,0.212561
"cg_iq_a",66659,0.824421
"cg_iq_a",66659,0.0653524
"cg_iq_a",66659,0.383254
"cg_iq_a",66659,-0.0611059
"cg_iq_a",66659,0.0934026
"cg_iq_a",66659,1.15694
"cg_iq_a",66659,0.715333
"cg_iq_a",66659,0.262131
"cg_iq_a",66659,0.0299301
"cg_iq_a",66659.1,0.104701
"cg_iq_a",66659.1,0.237644
"cg_iq_a",66659.1,0.212048
"cg_iq_a",66659.1,0.473889
"cg_iq_a",66659.1,0.748025
"cg_iq_a",66659.1,0.0886748
"cg_iq_a",66659.1,0.545033
"cg_iq_a",66659.1,0.17659
"cg_iq_a",66659.1,1.10172
"cg_iq_a",66659.1,0.777096
"cg_iq_a",66659.2,0.257087
"cg_iq_a",66659.2,0.245532
"cg_iq_a",66659.2,0.295107
"cg_iq_a",66659.2,0.049048
"cg_iq_a",66659.2,0.706541
"cg_iq_a",66659.2,0.400227
"cg_iq_a",66659.2,0.839515
"cg_iq_a",66659.2,0.279893
"cg_iq_a",66659.2,0.13381
"cg_iq_a",66659.2,0.84692
"cg_iq_a",66659.2,1.88942
"cg_iq_a",66659.3,0.492124
"cg_iq_a",66659.3,0.501963
"cg_iq_a",66659.3,1.38052
"cg_iq_a",66659.3,0.167043
"cg_iq_a",66659.3,0.217345
"cg_iq_a",66659.3,1.32831
"cg_iq_a",66659.3,0.150142
"cg_iq_a",66659.3,0.161794
"cg_iq_a",66659.3,1.1186
"cg_iq_a",66659.4,0.180569
"cg_iq_a",66659.4,0.745315
"cg_iq_a",66659.4,0.22084
"cg_iq_a",66659.4,0.513933
"cg_iq_a",66659.4,0.724267
"cg_iq_a",66659.4,0.0564465
"cg_iq_a",66659.4,-0.402412
"cg_iq_a",66659.4,0.232488
"cg_iq_a",66659.4,-0.26902
"cg_iq_a",66659.4,-1.08879
"cg_iq_a",66659.4,0.0633452
"cg_iq_a",66659.5,-0.136663
"cg_iq_a",66659.5,0.198725
"cg_iq_a",66659.5,0.0708302
"cg_iq_a",66659.5,1.3108
"cg_iq_a",66659.5,1.16123
"cg_iq_a",66659.5,-0.00946593
"cg_iq_a",66659.5,0.000625098
"cg_iq_a",66659.5,2.44517
"cg_iq_a",66659.5,0.0497881
"cg_iq_a",66659.5,0.109272
"cg_iq_a",66659.6,0.141952
"cg_iq_a",66659.6,-0.0114795
"cg_iq_a",66659.6,-0.364805
"cg_iq_a",66659.6,0.11776
"cg_iq_a",66659.6,0.752109
"cg_iq_a",66659.6,0.214297
"cg_iq_a",66659.6,1.20197
"cg_iq_a",66659.6,0.504711
"cg_iq_a",66659.6,-0.103173
"cg_iq_a",66659.6,0.360585
"cg_iq_a",66659.7,0.51035
"cg_iq_a",66659.7,0.447567
"cg_iq_a",66659.7,0.512238
"cg_iq_a",66659.7,0.212325
"cg_iq_a",66659.7,-0.0302732
"cg_iq_a",66659.7,-0.00447562
"cg_iq_a",66659.7,1.80114
"cg_iq_a",66659.7,-1.09086
"cg_iq_a",66659.7,0.397831
"cg_iq_a",66659.7,0.501938
"cg_iq_a",66659.8,0.00532805
"cg_iq_a",66659.8,-0.413495
"cg_iq_a",66659.8,-0.677067
"cg_iq_a",66659.8,0.654405
"cg_iq_a",66659.8,-0.274134
"cg_iq_a",66659.8,0.00861804
"cg_iq_a",66659.8,0.742
"cg_iq_a",66659.8,0.691616
"cg_iq_a",66659.8,0.442091
"cg_iq_a",66659.8,0.545444
"cg_iq_a",66659.9,0.399645
"cg_iq_a",66659.9,0.157587
"cg_iq_a",66659.9,-0.555351
"cg_iq_a",66659.9,0.258505
"cg_iq_a",66659.9,0.222853
"cg_iq_a",66659.9,0.25219
"cg_iq_a",66659.9,1.26527
"cg_iq_a",66659.9,-0.152075
"cg_iq_a",66659.9,0.33469
"cg_iq_a",66659.9,-0.152367
"cg_iq_a",66660,0.524631
"cg_iq_a",66660,0.611572
"cg_iq_a",66660,0.0423435
"cg_iq_a",66660,-0.9265
"cg_iq_a",66660,0.888213
"cg_iq_a",66660,1.70283
"cg_iq_a",66660,0.955236
"cg_iq_a",66660,0.313479
"cg_iq_a",66660,0.696533
"cg_iq_a",66660,0.103267
"cg_iq_a",66660.1,0.853775
"cg_iq_a",66660.1,0.604414
"cg_iq_a",66660.1,0.787291
"cg_iq_a",66660.1,0.334228
"cg_iq_a",66660.1,0.277982
"cg_iq_a",66660.1,0.760605
"cg_iq_a",66660.1,0.209185
"cg_iq_a",66660.1,0.254831
"cg_iq_a",66660.1,0.174556
"cg_iq_a",66660.1,0.147476
"cg_iq_a",66660.2,0.000180945
"cg_iq_a",66660.2,0.266775
"cg_iq_a",66660.2,0.00990765
"cg_iq_a",66660.2,0.8133
"cg_iq_a",66660.2,0.665091
"cg_iq_a",66660.2,0.577956
"cg_iq_a",66660.2,0.606381
"cg_iq_a",66660.2,1.02215
"cg_iq_a",66660.2,0.405946
"cg_iq_a",66660.2,0.632765
"cg_iq_a",66660.3,0.441221
"cg_iq_a",66660.3,0.634791
"cg_iq_a",66660.3,0.272718
"cg_iq_a",66660.3,-0.200532
"cg_iq_a",66660.3,0.355735
"cg_iq_a",66660.3,-0.492322
"cg_iq_a",66660.3,0.356527
"cg_iq_a",66660.3,0.445719
"cg_iq_a",66660.3,0.354949
"cg_iq_a",66660.3,0.699735
"cg_iq_a",66660.4,-0.202258
"cg_iq_a",66660.4,0.269921
"cg_iq_a",66660.4,0.978601
"cg_iq_a",66660.4,0.0901173
"cg_iq_a",66660.4,0.613176
"cg_iq_a",66660.4,-0.490414
"cg_iq_a",66660.4,0.0555431
"cg_iq_a",66660.4,0.524678
"cg_iq_a",66660.4,0.463903
"cg_iq_a",66660.4,0.182635
"cg_iq_a",66660.4,0.0422619
"cg_iq_a",66660.5,-0.510795
"cg_iq_a",66660.5,-0.17122
"cg_iq_a",66660.5,0.643097
"cg_iq_a",66660.5,0.132577
"cg_iq_a",66660.5,0.59235
"cg_iq_a",66660.5,0.383391
"cg_iq_a",66660.5,-0.196274
"cg_iq_a",66660.5,0.353722
"cg_iq_a",66660.5,-1.05555
"cg_iq_a",66660.5,0.573614
"cg_iq_a",66660.6,0.129842
"cg_iq_a",66660.6,-0.0883615
"cg_iq_a",66660.6,0.553043
"cg_iq_a",66660.6,0.577301
"cg_iq_a",66660.6,-0.539326
"cg_iq_a",66660.6,0.89282
"cg_iq_a",66660.6,-0.0951065
"cg_iq_a",66660.6,0.276569
"cg_iq_a",66660.6,0.539693
"cg_iq_a",66660.6,0.8473
"cg_iq_a",66660.7,-0.879161
"cg_iq_a",66660.7,0.436618
"cg_iq_a",66660.7,-0.415677
"cg_iq_a",66660.7,0.957702
"cg_iq_a",66660.7,0.224724
"cg_iq_a",66660.7,0.447684
"cg_iq_a",66660.7,0.625174
"cg_iq_a",66660.7,0.63058
"cg_iq_a",66660.7,0.739751
"cg_iq_a",66660.7,0.212919
"cg_iq_a",66660.8,1.33986
"cg_iq_a",66660.8,-0.129461
"cg_iq_a",66660.8,0.571129
"cg_iq_a",66660.8,0.649844
"cg_iq_a",66660.8,0.513589
"cg_iq_a",66660.8,0.759303
"cg_iq_a",66660.8,0.812599
"cg_iq_a",66660.8,0.515883
"cg_iq_a",66660.8,0.373509
"cg_iq_a",66660.8,-0.220206
"cg_iq_a",66660.9,-0.0151503
"cg_iq_a",66660.9,0.494723
"cg_iq_a",66660.9,0.621603
"cg_iq_a",66660.9,-0.0604089
"cg_iq_a",66660.9,0.00556904
"cg_iq_a",66660.9,0.117793
"cg_iq_a",66660.9,0.550909
"cg_iq_a",66660.9,0.378
"cg_iq_a",66660.9,-0.432247
"cg_iq_a",66660.9,-0.0631138
"cg_iq_a",66661,-0.247951
"cg_iq_a",66661,0.191573
"cg_iq_a",66661,0.389225
"cg_iq_a",66661,0.646165
"cg_iq_a",66661,1.17511
"cg_iq_a",66661,-0.120669
"cg_iq_a",66661,0.431611
"cg_iq_a",66661,0.612345
"cg_iq_a",66661,0.547097
"cg_iq_a",66661,0.0366813
"cg_iq_a",66661.1,1.08071
"cg_iq_a",66661.1,-0.135418
"cg_iq_a",66661.1,1.05623
"cg_iq_a",66661.1,0.306299
"cg_iq_a",66661.1,0.0244141
"cg_iq_a",66661.1,0.454936
"cg_iq_a",66661.1,1.42798
"cg_iq_a",66661.1,0.665768
"cg_iq_a",66661.1,-0.263897
"cg_iq_a",66661.1,0.441376
"cg_iq_a",66661.2,2.3603
"cg_iq_a",66661.2,-1.09356
"cg_iq_a",66661.2,0.562431
"cg_iq_a",66661.2,0.360132
"cg_iq_a",66661.2,-0.0276814
"cg_iq_a",66661.2,0.157579
"cg_iq_a",66661.2,0.970081
"cg_iq_a",66661.2,0.537929
"cg_iq_a",66661.2,1.23536
"cg_iq_a",66661.2,0.184273
"cg_iq_a",66661.3,0.539096
"cg_iq_a",66661.3,1.51874
"cg_iq_a",66661.3,0.479443
"cg_iq_a",66661.3,-0.066561
"cg_iq_a",66661.3,0.354509
"cg_iq_a",66661.3,0.744496
"cg_iq_a",66661.3,0.915943
"cg_iq_a",66661.3,0.48762
"cg_iq_a",66661.3,0.509481
"cg_iq_a",66661.3,0.439959
"cg_iq_a",66661.4,0.287764
"cg_iq_a",66661.4,0.190932
"cg_iq_a",66661.4,0.691921
"cg_iq_a",66661.4,0.0762608
"cg_iq_a",66661.4,0.636629
"cg_iq_a",66661.4,-0.0536673
"cg_iq_a",66661.4,0.423886
"cg_iq_a",66661.4,0.820027
"cg_iq_a",66661.4,1.18946
"cg_iq_a",66661.4,0.596159
"cg_iq_a",66661.5,0.459419
"cg_iq_a",66661.5,0.721198
"cg_iq_a",66661.5,0.906426
"cg_iq_a",66661.5,-0.371492
"cg_iq_a",66661.5,0.612824
"cg_iq_a",66661.5,0.642129
"cg_iq_a",66661.5,0.634042
"cg_iq_a",66661.5,0.729635
"cg_iq_a",66661.5,0.404285
"cg_iq_a",66661.5,0.152242
"cg_iq_a",66661.6,0.332971
"cg_iq_a",66661.6,1.05222
"cg_iq_a",66661.6,0.383638
"cg_iq_a",66661.6,1.72633
"cg_iq_a",66661.6,-0.755853
"cg_iq_a",66661.6,0.385225
"cg_iq_a",66661.6,0.159541
"cg_iq_a",66661.6,0.407213
"cg_iq_a",66661.6,0.620096
"cg_iq_a",66661.6,0.387907
"cg_iq_a",66661.7,0.0437746
"cg_iq_a",66661.7,-1.16852
"cg_iq_a",66661.7,1.31916
"cg_iq_a",66661.7,0.678118
"cg_iq_a",66661.7,0.338652
"cg_iq_a",66661.7,1.67699
"cg_iq_a",66661.7,0.364467
"cg_iq_a",66661.7,1.18971
"cg_iq_a",66661.7,0.691901
"cg_iq_a",66661.8,0.196128
"cg_iq_a",66661.8,0.989146
"cg_iq_a",66661.8,0.853945
"cg_iq_a",66661.8,-0.151516
"cg_iq_a",66661.8,-0.0787413
"cg_iq_a",66661.8,0.0565387
"cg_iq_a",66661.8,1.07745
"cg_iq_a",66661.8,-0.147928
"cg_iq_a",66661.8,-0.792576
"cg_iq_a",66661.8,0.75626
"cg_iq_a",66661.8,0.0114024
"cg_iq_a",66661.9,0.688105
"cg_iq_a",66661.9,0.292141
"cg_iq_a",66661.9,0.247122
"cg_iq_a",66661.9,0.612836
"cg_iq_a",66661.9,-0.0508951
"cg_iq_a",66661.9,0.825417
"cg_iq_a",66661.9,0.239424
"cg_iq_a",66661.9,0.44608
"cg_iq_a",66661.9,-0.459158
"cg_iq_a",66661.9,0.395445
"cg_iq_a",66662,0.672349
"cg_iq_a",66662,0.7859
"cg_iq_a",66662,0.541516
"cg_iq_a",66662,0.897241
"cg_iq_a",66662,0.243158
"cg_iq_a",66662,1.29244
"cg_iq_a",66662,0.0251658
"cg_iq_a",66662,0.775014
"cg_iq_a",66662,0.231749
"cg_iq_a",66662,-0.00547805
"cg_iq_a",66662.1,0.549836
"cg_iq_a",66662.1,0.575692
"cg_iq_a",66662.1,0.748807
"cg_iq_a",66662.1,0.190947
"cg_iq_a",66662.1,-0.228444
"cg_iq_a",66662.1,1.75302
"cg_iq_a",66662.1,0.218624
"cg_iq_a",66662.1,0.576534
"cg_iq_a",66662.1,1.45485
"cg_iq_a",66662.1,-0.00202907
"cg_iq_a",66662.2,0.862992
"cg_iq_a",66662.2,-0.80744
"cg_iq_a",66662.2,1.43684
"cg_iq_a",66662.2,0.668267
"cg_iq_a",66662.2,0.771208
"cg_iq_a",66662.2,0.300914
"cg_iq_a",66662.2,0.780003
"cg_iq_a",66662.2,0.395569
"cg_iq_a",66662.2,0.889097
"cg_iq_a",66662.2,0.781692
"cg_iq_a",66662.3,0.199012
"cg_iq_a",66662.3,-0.0850356
"cg_iq_a",66662.3,0.390024
"cg_iq_a",66662.3,1.77671
"cg_iq_a",66662.3,1.08308
"cg_iq_a",66662.3,0.619371
"cg_iq_a",66662.3,0.0926882
"cg_iq_a",66662.3,0.557148
"cg_iq_a",66662.3,1.82051
"cg_iq_a",66662.3,0.736052
"cg_iq_a",66662.4,0.405065
"cg_iq_a",66662.4,0.659975
"cg_iq_a",66662.4,0.199855
"cg_iq_a",66662.4,0.979611
"cg_iq_a",66662.4,0.592583
"cg_iq_a",66662.4,0.46688
"cg_iq_a",66662.4,1.08298
"cg_iq_a",66662.4,0.704486
"cg_iq_a",66662.4,-0.662889
"cg_iq_a",66662.4,1.12299
"cg_iq_a",66662.5,0.169163
"cg_iq_a",66662.5,0.554086
"cg_iq_a",66662.5,0.748584
"cg_iq_a",66662.5,1.09299
"cg_iq_a",66662.5,0.752277
"cg_iq_a",66662.5,0.201862
"cg_iq_a",66662.5,0.495106
"cg_iq_a",66662.5,0.191109
"cg_iq_a",66662.5,0.145601
"cg_iq_a",66662.5,0.161077
"cg_iq_a",66662.6,0.470673
"cg_iq_a",66662.6,0.651202
"cg_iq_a",66662.6,0.113596
"cg_iq_a",66662.6,0.222808
"cg_iq_a",66662.6,0.0834063
"cg_iq_a",66662.6,0.320828
"cg_iq_a",66662.6,0.34907
"cg_iq_a",66662.6,0.292465
"cg_iq_a",66662.6,-0.193878
"cg_iq_a",66662.6,0.866038
"cg_iq_a",66662.7,-0.75017
"cg_iq_a",66662.7,-0.0314296
"cg_iq_a",66662.7,0.553477
"cg_iq_a",66662.7,1.30163
"cg_iq_a",66662.7,0.442219
"cg_iq_a",66662.7,0.243136
"cg_iq_a",66662.7,0.247116
"cg_iq_a",66662.7,0.167744
"cg_iq_a",66662.7,0.055285
"cg_iq_a",66662.7,-0.54644
"cg_iq_a",66662.8,-0.0491307
"cg_iq_a",66662.8,0.996527
"cg_iq_a",66662.8,0.564432
"cg_iq_a",66662.8,0.997703
"cg_iq_a",66662.8,0.324421
"cg_iq_a",66662.8,0.368475
"cg_iq_a",66662.8,0.984521
"cg_iq_a",66662.8,0.209834
"cg_iq_a",66662.8,0.716675
"cg_iq_a",66662.8,1.78292
"cg_iq_a",66662.9,0.172279
"cg_iq_a",66662.9,0.0310801
"cg_iq_a",66662.9,0.896749
"cg_iq_a",66662.9,0.812015
"cg_iq_a",66662.9,0.42184
"cg_iq_a",66662.9,0.669498
"cg_iq_a",66662.9,0.379187
"cg_iq_a",66662.9,0.408314
"cg_iq_a",66662.9,1.20377
"cg_iq_a",66662.9,0.864782
"cg_iq_a",66663,-0.0464435
"cg_iq_a",66663,0.970716
"cg_iq_a",66663,0.196575
"cg_iq_a",66663,0.827932
"cg_iq_a",66663,1.42683
"cg_iq_a",66663,0.774443
"cg_iq_a",66663,0.462419
"cg_iq_a",66663,-1.63185
"cg_iq_a",66663,0.774596
"cg_iq_a",66663,0.262024
"cg_iq_a",66663.1,0.399958
"cg_iq_a",66663.1,1.06588
"cg_iq_a",66663.1,0.357084
"cg_iq_a",66663.1,0.913021
"cg_iq_a",66663.1,0.704271
"cg_iq_a",66663.1,0.320284
"cg_iq_a",66663.1,-0.10332
"cg_iq_a",66663.1,0.0277287
"cg_iq_a",66663.1,0.330177
"cg_iq_a",66663.1,-0.889143
"cg_iq_a",66663.2,0.658768
"cg_iq_a",66663.2,0.272382
"cg_iq_a",66663.2,0.660981
"cg_iq_a",66663.2,0.31216
"cg_iq_a",66663.2,0.476505
"cg_iq_a",66663.2,0.562123
"cg_iq_a",66663.2,0.557284
"cg_iq_a",66663.2,0.423096
"cg_iq_a",66663.2,-0.776589
"cg_iq_a",66663.2,0.288527
"cg_iq_a",66663.3,0.58979
"cg_iq_a",66663.3,-0.0661127
"cg_iq_a",66663.3,0.506032
"cg_iq_a",66663.3,1.00826
"cg_iq_a",66663.3,0.614787
"cg_iq_a",66663.3,0.309946
"cg_iq_a",66663.3,0.665101
"cg_iq_a",66663.3,0.777696
"cg_iq_a",66663.3,0.224194
"cg_iq_a",66663.3,0.794297
"cg_iq_a",66663.4,0.828058
"cg_iq_a",66663.4,-0.0935396
"cg_iq_a",66663.4,0.10639
"cg_iq_a",66663.4,0.342878
"cg_iq_a",66663.4,0.287584
"cg_iq_a",66663.4,-0.525128
"cg_iq_a",66663.4,0.245437
"cg_iq_a",66663.4,0.470676
"cg_iq_a",66663.4,-0.242222
"cg_iq_a",66663.4,0.842404
"cg_iq_a",66663.5,1.34199
"cg_iq_a",66663.5,0.247779
"cg_iq_a",66663.5,0.234336
"cg_iq_a",66663.5,1.10569
"cg_iq_a",66663.5,-0.922504
"cg_iq_a",66663.5,0.571198
"cg_iq_a",66663.5,0.558048
"cg_iq_a",66663.5,-0.0684022
"cg_iq_a",66663.5,0.316131
"cg_iq_a",66663.5,0.775939
"cg_iq_a",66663.6,0.368441
"cg_iq_a",66663.6,-0.109984
"cg_iq_a",66663.6,0.427212
"cg_iq_a",66663.6,0.394847
"cg_iq_a",66663.6,-0.214081
"cg_iq_a",66663.6,-0.410452
"cg_iq_a",66663.6,1.32041
"cg_iq_a",66663.6,-0.179312
"cg_iq_a",66663.6,-0.0322937
"cg_iq_a",66663.6,2.48417
"cg_iq_a",66663.7,0.604264
"cg_iq_a",66663.7,0.999391
"cg_iq_a",66663.7,0.667853
"cg_iq_a",66663.7,-0.0567722
"cg_iq_a",66663.7,0.775528
"cg_iq_a",66663.7,0.841465
"cg_iq_a",66663.7,1.06964
"cg_iq_a",66663.7,-1.0814
"cg_iq_a",66663.7,-1.0651
"cg_iq_a",66663.8,0.473894
"cg_iq_a",66663.8,0.478528
"cg_iq_a",66663.8,1.07217
"cg_iq_a",66663.8,0.237134
"cg_iq_a",66663.8,0.762402
"cg_iq_a",66663.8,1.01995
"cg_iq_a",66663.8,0.470571
"cg_iq_a",66663.8,0.398001
"cg_iq_a",66663.8,-0.425688
"cg_iq_a",66663.8,1.32952
"cg_iq_a",66663.9,0.133677
"cg_iq_a",66663.9,0.520617
"cg_iq_a",66663.9,0.513151
"cg_iq_a",66663.9,0.700969
"cg_iq_a",66663.9,0.931436
"cg_iq_a",66663.9,0.247816
"cg_iq_a",66663.9,0.600383
"cg_iq_a",66663.9,0.655073
"cg_iq_a",66663.9,0.239097
"cg_iq_a",66663.9,0.0678013
"cg_iq_a",66663.9,0.381317
"cg_iq_a",66664,-0.0862967
"cg_iq_a",66664,-0.060526
"cg_iq_a",66664,0.433336
"cg_iq_a",66664,0.502456
"cg_iq_a",66664,-0.143101
"cg_iq_a",66664,-0.0010507
"cg_iq_a",66664,-0.0290132
"cg_iq_a",66664,0.648397
"cg_iq_a",66664,0.949397
"cg_iq_a",66664,0.456352
"cg_iq_a",66664.1,0.649821
"cg_iq_a",66664.1,0.0387088
"cg_iq_a",66664.1,-0.0212933
"cg_iq_a",66664.1,0.0704863
"cg_iq_a",66664.1,-0.175732
"cg_iq_a",66664.1,-0.19556
"cg_iq_a",66664.1,0.976369
"cg_iq_a",66664.1,0.563002
"cg_iq_a",66664.1,0.592478
"cg_iq_a",66664.1,0.692634
"cg_iq_a",66664.2,0.976191
"cg_iq_a",66664.2,0.832157
"cg_iq_a",66664.2,-0.298412
"cg_iq_a",66664.2,-0.670291
"cg_iq_a",66664.2,0.335499
"cg_iq_a",66664.2,-0.275022
"cg_iq_a",66664.2,0.724423
"cg_iq_a",66664.2,-1.26859
"cg_iq_a",66664.2,0.646398
"cg_iq_a",66664.2,-0.0892245
"cg_iq_a",66664.3,0.962922
"cg_iq_a",66664.3,0.48806
"cg_iq_a",66664.3,0.502
"cg_iq_a",66664.3,0.0608998
"cg_iq_a",66664.3,0.41041
"cg_iq_a",66664.3,0.498131
"cg_iq_a",66664.3,0.621381
"cg_iq_a",66664.3,0.377389
"cg_iq_a",66664.3,0.462263
"cg_iq_a",66664.3,-0.443669
"cg_iq_a",66664.4,-0.49454
"cg_iq_a",66664.4,0.406098
"cg_iq_a",66664.4,0.389462
"cg_iq_a",66664.4,0.331286
"cg_iq_a",66664.4,0.761999
"cg_iq_a",66664.4,1.34687
"cg_iq_a",66664.4,-0.230816
"cg_iq_a",66664.4,1.08496
"cg_iq_a",66664.4,0.273539
"cg_iq_a",66664.4,0.245038
"cg_iq_a",66664.5,-0.107859
"cg_iq_a",66664.5,0.154274
"cg_iq_a",66664.5,0.182577
"cg_iq_a",66664.5,0.137802
"cg_iq_a",66664.5,0.0609833
"cg_iq_a",66664.5,0.379551
"cg_iq_a",66664.5,-1.08932
"cg_iq_a",66664.5,0.897228
"cg_iq_a",66664.5,0.107094
"cg_iq_a",66664.5,0.459333
"cg_iq_a",66664.6,0.597162
"cg_iq_a",66664.6,0.540956
"cg_iq_a",66664.6,0.794822
"cg_iq_a",66664.6,0.316977
"cg_iq_a",66664.6,0.121989
"cg_iq_a",66664.6,0.630226
"cg_iq_a",66664.6,0.886189
"cg_iq_a",66664.6,0.401835
"cg_iq_a",66664.6,0.423332
"cg_iq_a",66664.7,0.447508
"cg_iq_a",66664.7,0.154449
"cg_iq_a",66664.7,-0.563364
"cg_iq_a",66664.7,0.228563
"cg_iq_a",66664.7,0.297155
"cg_iq_a",66664.7,-0.294749
"cg_iq_a",66664.8,0.419101
"cg_iq_a",66664.8,0.307662
"cg_iq_a",66664.8,0.47098
"cg_iq_a",66664.8,0.572916
"cg_iq_a",66664.8,0.938501
"cg_iq_a",66664.8,0.596031
"cg_iq_a",66664.8,0.781605
"cg_iq_a",66664.8,0.42363
"cg_iq_a",66664.9,1.47566
"cg_iq_a",66664.9,-0.105369
"cg_iq_a",66664.9,-0.039365
"cg_iq_a",66664.9,0.326684
"cg_iq_a",66664.9,0.974013
"cg_iq_a",66664.9,0.238173
"cg_iq_a",66665,0.587869
"cg_iq_a",66665,0.186752
"cg_iq_a",66665,0.232643
"cg_iq_a",66665,0.642131
"cg_iq_a",66665,0.405994
"cg_iq_a",66665,0.981422
"cg_iq_a",66665.1,-0.0953423
"cg_iq_a",66665.1,1.47622
"cg_iq_a",66665.1,0.481339
"cg_iq_a",66665.1,0.047533
"cg_iq_a",66665.1,0.447882
"cg_iq_a",66665.1,0.776387
"cg_iq_a",66665.1,0.986035
"cg_iq_a",66665.1,0.30358
"cg_iq_a",66665.1,0.475343
"cg_iq_a",66665.2,0.520485
"cg_iq_a",66665.2,-0.277438
"cg_iq_a",66665.2,0.313187
"cg_iq_a",66665.2,0.387915
"cg_iq_a",66665.2,0.5483
"cg_iq_a",66665.2,0.813627
"cg_iq_a",66665.2,0.493816
"cg_iq_a",66665.2,0.554455
"cg_iq_a",66665.2,0.167993
"cg_iq_a",66665.2,1.20196
"cg_iq_a",66665.2,-0.0449937
"cg_iq_a",66665.3,0.12084
"cg_iq_a",66665.3,0.0915533
"cg_iq_a",66665.3,0.417079
"cg_iq_a",66665.3,-0.157802
"cg_iq_a",66665.3,0.574615
"cg_iq_a",66665.3,0.637967
"cg_iq_a",66665.3,0.994967
"cg_iq_a",66665.3,0.615528
"cg_iq_a",66665.3,0.563118
"cg_iq_a",66665.3,-0.503958
"cg_iq_a",66665.4,-1.31783
"cg_iq_a",66665.4,0.0713635
"cg_iq_a",66665.4,-0.75977
"cg_iq_a",66665.4,0.293487
"cg_iq_a",66665.4,0.470956
"cg_iq_a",66665.4,0.525434
"cg_iq_a",66665.4,0.376339
"cg_iq_a",66665.4,-0.67581
"cg_iq_a",66665.4,-0.06057
"cg_iq_a",66665.4,0.400413
"cg_iq_a",66665.4,0.367485
"cg_iq_a",66665.4,0.623597
"cg_iq_a",66665.5,-0.244597
"cg_iq_a",66665.5,0.571416
"cg_iq_a",66665.5,0.08333
"cg_iq_a",66665.5,0.600354
"cg_iq_a",66665.5,0.576088
"cg_iq_a",66665.5,-1.3559
"cg_iq_a",66665.5,0.134105
"cg_iq_a",66665.5,0.260009
"cg_iq_a",66665.5,0.716481
"cg_iq_a",66665.5,0.301687
"cg_iq_a",66665.5,-0.193606
"cg_iq_a",66665.6,0.792052
"cg_iq_a",66665.6,-0.341482
"cg_iq_a",66665.6,0.503948
"cg_iq_a",66665.6,-0.3437
"cg_iq_a",66665.6,1.25916
"cg_iq_a",66665.6,0.545174
"cg_iq_a",66665.6,0.190226
"cg_iq_a",66665.6,1.13028
"cg_iq_a",66665.6,0.492357
"cg_iq_a",66665.6,0.810834
"cg_iq_a",66665.6,-0.301441
"cg_iq_a",66665.6,-0.0354675
"cg_iq_a",66665.7,-0.295142
"cg_iq_a",66665.7,0.462837
"cg_iq_a",66665.7,0.609681
"cg_iq_a",66665.7,0.71601
"cg_iq_a",66665.7,0.157366
"cg_iq_a",66665.7,-0.104673
"cg_iq_a",66665.7,0.15435
"cg_iq_a",66665.7,0.489428
"cg_iq_a",66665.7,0.372538
"cg_iq_a",66665.8,-0.293343
"cg_iq_a",66665.8,-0.456319
"cg_iq_a",66665.8,0.364965
"cg_iq_a",66665.8,0.199152
"cg_iq_a",66665.8,-0.15351
"cg_iq_a",66665.8,0.234444
"cg_iq_a",66665.8,0.867476
"cg_iq_a",66665.8,0.648314
"cg_iq_a",66665.8,-0.318737
"cg_iq_a",66665.8,0.525251
"cg_iq_a",66665.9,0.130414
"cg_iq_a",66665.9,0.215253
"cg_iq_a",66665.9,0.177691
"cg_iq_a",66665.9,0.387371
"cg_iq_a",66665.9,0.96391
"cg_iq_a",66665.9,0.687939
"cg_iq_a",66665.9,0.311744
"cg_iq_a",66665.9,0.737902
"cg_iq_a",66665.9,0.700406
"cg_iq_a",66665.9,-0.126057
"cg_iq_a",66666,0.497208
"cg_iq_a",66666,0.178009
"cg_iq_a",66666,-0.929544
"cg_iq_a",66666,1.35759
"cg_iq_a",66666,-0.211504
"cg_iq_a",66666,1.19546
"cg_iq_a",66666,0.395566
"cg_iq_a",66666,0.111878
"cg_iq_a",66666,1.01274
"cg_iq_a",66666,0.419179
"cg_iq_a",66666,0.0657061
"cg_iq_a",66666.1,0.401076
"cg_iq_a",66666.1,-0.522705
"cg_iq_a",66666.1,0.698878
"cg_iq_a",66666.1,1.39912
"cg_iq_a",66666.1,0.852155
"cg_iq_a",66666.1,0.37827
"cg_iq_a",66666.1,0.830058
"cg_iq_a",66666.1,0.633613
"cg_iq_a",66666.1,-0.364975
"cg_iq_a",66666.1,0.511212
"cg_iq_a",66666.2,-1.11994
"cg_iq_a",66666.2,-0.0712319
"cg_iq_a",66666.2,0.820041
"cg_iq_a",66666.2,0.624526
"cg_iq_a",66666.2,0.50387
"cg_iq_a",66666.2,0.832407
"cg_iq_a",66666.2,1.49099
"cg_iq_a",66666.2,1.10561
"cg_iq_a",66666.2,-0.22943
"cg_iq_a",66666.2,0.158308
"cg_iq_a",66666.3,-0.308512
"cg_iq_a",66666.3,0.468968
"cg_iq_a",66666.3,0.878342
"cg_iq_a",66666.3,1.34819
"cg_iq_a",66666.3,0.0453981
"cg_iq_a",66666.3,0.415598
"cg_iq_a",66666.3,1.94704
"cg_iq_a",66666.3,0.666656
"cg_iq_a",66666.3,1.1477
"cg_iq_a",66666.4,0.33964
"cg_iq_a",66666.4,0.837932
"cg_iq_a",66666.4,0.48063
"cg_iq_a",66666.4,0.892835
"cg_iq_a",66666.4,0.118151
"cg_iq_a",66666.4,0.130628
"cg_iq_a",66666.4,0.953661
"cg_iq_a",66666.4,0.372395
"cg_iq_a",66666.4,0.101992
"cg_iq_a",66666.4,0.362891
"cg_iq_a",66666.5,0.159565
"cg_iq_a",66666.5,0.172349
"cg_iq_a",66666.5,0.205676
"cg_iq_a",66666.5,0.508784
"cg_iq_a",66666.5,0.215052
"cg_iq_a",66666.5,0.429072
"cg_iq_a",66666.5,-0.204129
"cg_iq_a",66666.5,-0.363969
"cg_iq_a",66666.5,0.567663
"cg_iq_a",66666.5,0.316981
"cg_iq_a",66666.6,-0.180261
"cg_iq_a",66666.6,-0.167699
"cg_iq_a",66666.6,0.412575
"cg_iq_a",66666.6,-0.256415
"cg_iq_a",66666.6,-0.103542
"cg_iq_a",66666.6,0.232789
"cg_iq_a",66666.6,1.46314
"cg_iq_a",66666.6,0.888651
"cg_iq_a",66666.6,0.828102
"cg_iq_a",66666.6,0.874348
"cg_iq_a",66666.7,0.591491
"cg_iq_a",66666.7,0.77485
"cg_iq_a",66666.7,2.00761
"cg_iq_a",66666.7,-0.0140987
"cg_iq_a",66666.7,0.292053
"cg_iq_a",66666.7,0.338189
"cg_iq_a",66666.7,0.731565
"cg_iq_a",66666.7,-0.196108
"cg_iq_a",66666.7,0.118566
"cg_iq_a",66666.8,0.90256
"cg_iq_a",66666.8,-0.0417728
"cg_iq_a",66666.8,0.649222
"cg_iq_a",66666.8,0.335779
"cg_iq_a",66666.8,0.423453
"cg_iq_a",66666.8,1.66929
"cg_iq_a",66666.8,0.303442
"cg_iq_a",66666.8,0.7863
"cg_iq_a",66666.8,0.180481
"cg_iq_a",66666.8,0.926385
"cg_iq_a",66666.8,0.218832
"cg_iq_a",66666.9,-0.106667
"cg_iq_a",66666.9,0.679166
"cg_iq_a",66666.9,0.433122
"cg_iq_a",66666.9,0.990474
"cg_iq_a",66666.9,0.298451
"cg_iq_a",66666.9,-0.0605443
"cg_iq_a",66666.9,0.414638
"cg_iq_a",66666.9,1.02848
"cg_iq_a",66666.9,0.441719
"cg_iq_a",66666.9,-0.190131
"cg_iq_a",66667,-0.0410743
"cg_iq_a",66667,0.468041
"cg_iq_a",66667,-0.43401
"cg_iq_a",66667,0.173936
"cg_iq_a",66667,1.48544
"cg_iq_a",66667,0.190776
"cg_iq_a",66667,0.209867
"cg_iq_a",66667,0.34605
"cg_iq_a",66667,0.778967
"cg_iq_a",66667,-0.176524
"cg_iq_a",66667.1,-0.258974
"cg_iq_a",66667.1,-0.313538
"cg_iq_a",66667.1,1.21366
"cg_iq_a",66667.1,0.130761
"cg_iq_a",66667.1,0.349484
"cg_iq_a",66667.1,0.96927
"cg_iq_a",66667.1,0.489648
"cg_iq_a",66667.1,-0.0969806
"cg_iq_a",66667.1,0.359139
"cg_iq_a",66667.1,0.092537
"cg_iq_a",66667.2,0.466721
"cg_iq_a",66667.2,-0.0579328
"cg_iq_a",66667.2,0.445184
"cg_iq_a",66667.2,0.51867
"cg_iq_a",66667.2,-0.0271159
"cg_iq_a",66667.2,0.608565
"cg_iq_a",66667.2,0.0738098
"cg_iq_a",66667.2,0.255326
"cg_iq_a",66667.2,0.294189
"cg_iq_a",66667.2,0.630017
"cg_iq_a",66667.3,0.224386
"cg_iq_a",66667.3,0.0495865
"cg_iq_a",66667.3,0.127656
"cg_iq_a",66667.3,1.42756
"cg_iq_a",66667.3,0.669499
"cg_iq_a",66667.3,0.770247
"cg_iq_a",66667.3,-0.161535
"cg_iq_a",66667.3,-0.110119
"cg_iq_a",66667.3,0.771856
"cg_iq_a",66667.3,2.48324
"cg_iq_a",66667.4,1.21869
"cg_iq_a",66667.4,-0.338748
"cg_iq_a",66667.4,0.571715
"cg_iq_a",66667.4,0.265424
"cg_iq_a",66667.4,-0.86608
"cg_iq_a",66667.4,0.562372
"cg_iq_a",66667.4,0.00187227
"cg_iq_a",66667.4,0.869409
"cg_iq_a",66667.4,0.144445
"cg_iq_a",66667.4,0.0409893
"cg_iq_a",66667.5,1.03722
"cg_iq_a",66667.5,0.314297
"cg_iq_a",66667.5,2.18538
"cg_iq_a",66667.5,-0.112464
"cg_iq_a",66667.5,-0.169524
"cg_iq_a",66667.5,0.216671
"cg_iq_a",66667.5,0.702792
"cg_iq_a",66667.5,0.216887
"cg_iq_a",66667.5,0.949346
"cg_iq_a",66667.5,0.222492
"cg_iq_a",66667.6,0.0393185
"cg_iq_a",66667.6,0.293135
"cg_iq_a",66667.6,1.23863
"cg_iq_a",66667.6,0.897091
"cg_iq_a",66667.6,1.01682
"cg_iq_a",66667.6,1.01185
"cg_iq_a",66667.6,0.300973
"cg_iq_a",66667.6,0.634118
"cg_iq_a",66667.6,0.558545
"cg_iq_a",66667.6,2.16518
"cg_iq_a",66667.7,1.43211
"cg_iq_a",66667.7,0.149487
"cg_iq_a",66667.7,0.665228
"cg_iq_a",66667.7,0.447653
"cg_iq_a",66667.7,0.752395
"cg_iq_a",66667.7,0.843608
"cg_iq_a",66667.7,0.284548
"cg_iq_a",66667.7,0.000249441
"cg_iq_a",66667.7,0.121639
"cg_iq_a",66667.8,0.554192
"cg_iq_a",66667.8,-0.819724
"cg_iq_a",66667.8,-0.274928
"cg_iq_a",66667.8,0.552576
"cg_iq_a",66667.8,0.189198
"cg_iq_a",66667.8,1.17122
"cg_iq_a",66667.8,0.119141
"cg_iq_a",66667.8,0.414579
"cg_iq_a",66667.8,0.121522
"cg_iq_a",66667.8,0.790387
"cg_iq_a",66667.9,-0.615257
"cg_iq_a",66667.9,0.414867
"cg_iq_a",66667.9,-0.903251
"cg_iq_a",66667.9,-0.0644342
"cg_iq_a",66667.9,0.67794
"cg_iq_a",66667.9,-0.237598
"cg_iq_a",66667.9,-0.0356892
"cg_iq_a",66667.9,-0.0732948
"cg_iq_a",66667.9,1.44836
"cg_iq_a",66667.9,0.121565
"cg_iq_a",66668,0.119325
"cg_iq_a",66668,-0.376466
"cg_iq_a",66668,0.660704
"cg_iq_a",66668,0.225968
"cg_iq_a",66668,0.790498
"cg_iq_a",66668,0.69902
"cg_iq_a",66668,-0.235685
"cg_iq_a",66668,-0.576137
"cg_iq_a",66668,0.688124
"cg_iq_a",66668,-0.68873
"cg_iq_a",66668.1,0.60033
"cg_iq_a",66668.1,0.0793411
"cg_iq_a",66668.1,1.22666
"cg_iq_a",66668.1,0.0481486
"cg_iq_a",66668.1,0.785084
"cg_iq_a",66668.1,0.541672
"cg_iq_a",66668.1,0.241745
"cg_iq_a",66668.1,0.439596
"cg_iq_a",66668.1,0.439233
"cg_iq_a",66668.1,0.721635
"cg_iq_a",66668.1,1.14241
"cg_iq_a",66668.2,0.097836
"cg_iq_a",66668.2,0.302753
"cg_iq_a",66668.2,0.089442
"cg_iq_a",66668.2,-0.423815
"cg_iq_a",66668.2,0.303777
"cg_iq_a",66668.2,0.642185
"cg_iq_a",66668.2,1.4957
"cg_iq_a",66668.2,0.692607
"cg_iq_a",66668.2,0.129926
"cg_iq_a",66668.2,-0.188923
"cg_iq_a",66668.3,0.372506
"cg_iq_a",66668.3,-0.373456
"cg_iq_a",66668.3,0.0314727
"cg_iq_a",66668.3,0.548738
"cg_iq_a",66668.3,0.0850227
"cg_iq_a",66668.3,0.0306504
"cg_iq_a",66668.3,0.754101
"cg_iq_a",66668.3,0.279597
"cg_iq_a",66668.3,0.712765
"cg_iq_a",66668.4,0.260235
"cg_iq_a",66668.4,0.261688
"cg_iq_a",66668.4,1.18931
"cg_iq_a",66668.4,-0.0305423
"cg_iq_a",66668.4,0.709057
"cg_iq_a",66668.4,0.630621
"cg_iq_a",66668.4,-0.817085
"cg_iq_a",66668.4,0.507854
"cg_iq_a",66668.4,2.10854
"cg_iq_a",66668.4,1.2003
"cg_iq_a",66668.5,0.14425
"cg_iq_a",66668.5,1.63271
"cg_iq_a",66668.5,0.627522
"cg_iq_a",66668.5,0.109421
"cg_iq_a",66668.5,0.252179
"cg_iq_a",66668.5,0.149256
"cg_iq_a",66668.5,1.43668
"cg_iq_a",66668.5,-0.539141
"cg_iq_a",66668.5,0.475754
"cg_iq_a",66668.5,0.532551
"cg_iq_a",66668.6,0.334948
"cg_iq_a",66668.6,-0.00947734
"cg_iq_a",66668.6,0.60053
"cg_iq_a",66668.6,0.966412
"cg_iq_a",66668.6,-0.284203
"cg_iq_a",66668.6,0.29824
"cg_iq_a",66668.6,0.252797
"cg_iq_a",66668.6,0.296501
"cg_iq_a",66668.6,0.506872
"cg_iq_a",66668.6,0.253312
"cg_iq_a",66668.7,-0.0990123
"cg_iq_a",66668.7,-0.162212
"cg_iq_a",66668.7,-0.222351
"cg_iq_a",66668.7,0.446242
"cg_iq_a",66668.7,-0.16942
"cg_iq_a",66668.7,0.537485
"cg_iq_a",66668.7,0.473044
"cg_iq_a",66668.7,0.794921
"cg_iq_a",66668.7,1.01062
"cg_iq_a",66668.7,0.0649844
"cg_iq_a",66668.8,-0.542882
"cg_iq_a",66668.8,-0.107885
"cg_iq_a",66668.8,0.317082
"cg_iq_a",66668.8,0.45036
"cg_iq_a",66668.8,0.500136
"cg_iq_a",66668.8,0.52689
"cg_iq_a",66668.8,-0.277629
"cg_iq_a",66668.8,0.158265
"cg_iq_a",66668.8,-0.343533
"cg_iq_a",66668.8,0.897234
"cg_iq_a",66668.9,-0.112887
"cg_iq_a",66668.9,-0.210307
"cg_iq_a",66668.9,-0.106173
"cg_iq_a",66668.9,1.08128
"cg_iq_a",66668.9,1.51525
"cg_iq_a",66668.9,0.232263
"cg_iq_a",66668.9,0.437469
"cg_iq_a",66668.9,0.869782
"cg_iq_a",66668.9,0.433358
"cg_iq_a",66668.9,0.855883
"cg_iq_a",66669,0.869831
"cg_iq_a",66669,0.444213
"cg_iq_a",66669,-0.419944
"cg_iq_a",66669,0.206037
"cg_iq_a",66669,0.520725
"cg_iq_a",66669,0.516853
"cg_iq_a",66669,0.0780871
"cg_iq_a",66669,0.991181
"cg_iq_a",66669,0.905055
"cg_iq_a",66669,0.838069
"cg_iq_a",66669.1,1.15903
"cg_iq_a",66669.1,0.945102
"cg_iq_a",66669.1,1.20556
"cg_iq_a",66669.1,0.533265
"cg_iq_a",66669.1,0.236538
"cg_iq_a",66669.1,1.0174
"cg_iq_a",66669.1,0.711411
"cg_iq_a",66669.1,0.333444
"cg_iq_a",66669.1,0.475346
"cg_iq_a",66669.1,0.106814
"cg_iq_a",66669.2,0.691409
"cg_iq_a",66669.2,0.0202516
"cg_iq_a",66669.2,0.764923
"cg_iq_a",66669.2,0.740727
"cg_iq_a",66669.2,0.484853
"cg_iq_a",66669.2,0.938584
"cg_iq_a",66669.2,-0.0923147
"cg_iq_a",66669.2,0.289743
"cg_iq_a",66669.2,-0.874756
"cg_iq_a",66669.2,0.413353
"cg_iq_a",66669.2,0.173211
"cg_iq_a",66669.3,-0.0575095
"cg_iq_a",66669.3,0.136246
"cg_iq_a",66669.3,0.181821
"cg_iq_a",66669.3,1.07407
"cg_iq_a",66669.3,0.974331
"cg_iq_a",66669.3,0.554002
"cg_iq_a",66669.3,0.233139
"cg_iq_a",66669.3,0.159594
"cg_iq_a",66669.3,0.301015
"cg_iq_a",66669.4,0.935237
"cg_iq_a",66669.4,0.752691
"cg_iq_a",66669.4,1.04639
"cg_iq_a",66669.4,0.538662
"cg_iq_a",66669.4,0.950147
"cg_iq_a",66669.4,0.484912
"cg_iq_a",66669.4,0.52913
"cg_iq_a",66669.4,0.883595
"cg_iq_a",66669.4,-0.903828
"cg_iq_a",66669.4,0.289021
"cg_iq_a",66669.5,0.5624
"cg_iq_a",66669.5,-0.267335
"cg_iq_a",66669.5,0.359715
"cg_iq_a",66669.5,0.290677
"cg_iq_a",66669.5,0.898337
"cg_iq_a",66669.5,0.294851
"cg_iq_a",66669.5,0.470778
"cg_iq_a",66669.5,0.391464
"cg_iq_a",66669.5,-0.410385
"cg_iq_a",66669.5,0.93882
"cg_iq_a",66669.5,0.411201
"cg_iq_a",66669.6,0.0310579
"cg_iq_a",66669.6,0.660715
"cg_iq_a",66669.6,-0.07022
"cg_iq_a",66669.6,-0.190398
"cg_iq_a",66669.6,0.833479
"cg_iq_a",66669.6,0.195215
"cg_iq_a",66669.6,-0.0118654
"cg_iq_a",66669.6,0.993711
"cg_iq_a",66669.6,0.826346
"cg_iq_a",66669.6,0.664979
"cg_iq_a",66669.7,-0.545697
"cg_iq_a",66669.7,-0.134431
"cg_iq_a",66669.7,0.581361
"cg_iq_a",66669.7,0.581737
"cg_iq_a",66669.7,0.793695
"cg_iq_a",66669.7,-0.416659
"cg_iq_a",66669.7,0.106462
"cg_iq_a",66669.7,0.138522
"cg_iq_a",66669.7,-1.63707
"cg_iq_a",66669.7,0.999863
"cg_iq_a",66669.8,0.224263
"cg_iq_a",66669.8,0.136565
"cg_iq_a",66669.8,0.977656
"cg_iq_a",66669.8,-0.224144
"cg_iq_a",66669.8,0.282533
"cg_iq_a",66669.8,0.357518
"cg_iq_a",66669.8,-0.0071852
"cg_iq_a",66669.8,0.444868
"cg_iq_a",66669.8,0.574672
"cg_iq_a",66669.8,-0.774322
"cg_iq_a",66669.9,0.380562
"cg_iq_a",66669.9,0.378743
"cg_iq_a",66669.9,1.00513
"cg_iq_a",66669.9,0.479316
"cg_iq_a",66669.9,0.133102
"cg_iq_a",66669.9,0.920365
"cg_iq_a",66669.9,0.474998
"cg_iq_a",66669.9,0.537312
"cg_iq_a",66669.9,0.593485
"cg_iq_a",66669.9,-0.402968
"cg_iq_a",66670,-0.0140375
"cg_iq_a",66670,0.660975
"cg_iq_a",66670,-0.278408
"cg_iq_a",66670,-0.291711
"cg_iq_a",66670,0.247767
"cg_iq_a",66670,1.21724
"cg_iq_a",66670,0.416405
"cg_iq_a",66670,0.975514
"cg_iq_a",66670,1.81301
"cg_iq_a",66670,-0.474129
"cg_iq_a",66670.1,-0.690983
"cg_iq_a",66670.1,0.293832
"cg_iq_a",66670.1,0.739482
"cg_iq_a",66670.1,0.150172
"cg_iq_a",66670.1,-0.00555667
"cg_iq_a",66670.1,-0.46059
"cg_iq_a",66670.1,0.170756
"cg_iq_a",66670.1,0.705318
"cg_iq_a",66670.1,0.343088
"cg_iq_a",66670.1,1.139
"cg_iq_a",66670.2,0.777868
"cg_iq_a",66670.2,0.41884
"cg_iq_a",66670.2,0.651062
"cg_iq_a",66670.2,0.874362
"cg_iq_a",66670.2,0.683973
"cg_iq_a",66670.2,-0.332905
"cg_iq_a",66670.2,-0.28699
"cg_iq_a",66670.2,-0.351229
"cg_iq_a",66670.2,0.505875
"cg_iq_a",66670.2,-0.603449
"cg_iq_a",66670.3,0.120721
"cg_iq_a",66670.3,0.610963
"cg_iq_a",66670.3,0.504036
"cg_iq_a",66670.3,-0.05882
"cg_iq_a",66670.3,0.880646
"cg_iq_a",66670.3,1.58838
"cg_iq_a",66670.3,1.22699
"cg_iq_a",66670.3,0.151563
"cg_iq_a",66670.3,0.689614
"cg_iq_a",66670.3,0.102963
"cg_iq_a",66670.4,0.77379
"cg_iq_a",66670.4,0.960447
"cg_iq_a",66670.4,0.915895
"cg_iq_a",66670.4,-0.02003
"cg_iq_a",66670.4,0.320841
"cg_iq_a",66670.4,0.320169
"cg_iq_a",66670.4,-0.0595704
"cg_iq_a",66670.4,1.1883
"cg_iq_a",66670.4,-0.397787
"cg_iq_a",66670.4,-0.305385
"cg_iq_a",66670.5,-0.574676
"cg_iq_a",66670.5,-0.365422
"cg_iq_a",66670.5,0.483165
"cg_iq_a",66670.5,-0.0728977
"cg_iq_a",66670.5,0.280677
"cg_iq_a",66670.5,0.619129
"cg_iq_a",66670.5,0.76324
"cg_iq_a",66670.5,0.748657
"cg_iq_a",66670.5,0.540148
"cg_iq_a",66670.5,1.4632
"cg_iq_a",66670.5,0.581835
"cg_iq_a",66670.6,1.05005
"cg_iq_a",66670.6,-0.0581071
"cg_iq_a",66670.6,0.813755
"cg_iq_a",66670.6,1.11487
"cg_iq_a",66670.6,0.311748
"cg_iq_a",66670.6,-0.272922
"cg_iq_a",66670.6,0.711287
"cg_iq_a",66670.6,0.219971
"cg_iq_a",66670.6,1.02214
"cg_iq_a",66670.6,0.36108
"cg_iq_a",66670.7,0.26079
"cg_iq_a",66670.7,-0.3157
"cg_iq_a",66670.7,0.538332
"cg_iq_a",66670.7,0.865054
"cg_iq_a",66670.7,0.440557
"cg_iq_a",66670.7,0.284912
"cg_iq_a",66670.7,0.664242
"cg_iq_a",66670.7,-0.195722
"cg_iq_a",66670.7,0.147015
"cg_iq_a",66670.7,0.336494
"cg_iq_a",66670.8,0.38721
"cg_iq_a",66670.8,0.492223
"cg_iq_a",66670.8,-0.191097
"cg_iq_a",66670.8,0.325899
"cg_iq_a",66670.8,1.19615
"cg_iq_a",66670.8,-0.134069
"cg_iq_a",66670.8,0.595015
"cg_iq_a",66670.8,0.389894
"cg_iq_a",66670.8,0.196966
"cg_iq_a",66670.8,0.633846
"cg_iq_a",66670.9,0.2956
"cg_iq_a",66670.9,0.0959684
"cg_iq_a",66670.9,0.800577
"cg_iq_a",66670.9,0.817282
"cg_iq_a",66670.9,1.03323
"cg_iq_a",66670.9,-0.12428
"cg_iq_a",66670.9,0.30202
"cg_iq_a",66670.9,0.0515881
"cg_iq_a",66670.9,0.638267
"cg_iq_a",66670.9,0.971593
"cg_iq_a",66671,0.576881
"cg_iq_a",66671,0.0277331
"cg_iq_a",66671,-0.0754444
"cg_iq_a",66671,-0.231664
"cg_iq_a",66671,0.903048
"cg_iq_a",66671,-0.216347
"cg_iq_a",66671,1.54678
"cg_iq_a",66671,0.385078
"cg_iq_a",66671,1.15199
"cg_iq_a",66671,0.410224
"cg_iq_a",66671.1,0.886445
"cg_iq_a",66671.1,0.254157
"cg_iq_a",66671.1,0.730451
"cg_iq_a",66671.1,-0.0357142
"cg_iq_a",66671.1,0.146736
"cg_iq_a",66671.1,0.81347
"cg_iq_a",66671.1,0.642591
"cg_iq_a",66671.1,0.603065
"cg_iq_a",66671.1,0.473031
"cg_iq_a",66671.1,0.0970273
"cg_iq_a",66671.2,0.513527
"cg_iq_a",66671.2,0.896865
"cg_iq_a",66671.2,0.735445
"cg_iq_a",66671.2,0.846585
"cg_iq_a",66671.2,0.326683
"cg_iq_a",66671.2,-0.043536
"cg_iq_a",66671.2,0.775017
"cg_iq_a",66671.2,-0.819006
"cg_iq_a",66671.2,0.637857
"cg_iq_a",66671.2,0.210105
"cg_iq_a",66671.3,0.708833
"cg_iq_a",66671.3,0.446836
"cg_iq_a",66671.3,-0.098311
"cg_iq_a",66671.3,0.992453
"cg_iq_a",66671.3,0.076033
"cg_iq_a",66671.3,-0.321185
"cg_iq_a",66671.3,0.468761
"cg_iq_a",66671.3,-0.102134
"cg_iq_a",66671.3,1.73493
"cg_iq_a",66671.3,-0.558805
"cg_iq_a",66671.4,0.676425
"cg_iq_a",66671.4,0.827789
"cg_iq_a",66671.4,0.235093
"cg_iq_a",66671.4,0.714916
"cg_iq_a",66671.4,-0.00673241
"cg_iq_a",66671.4,-1.16861
"cg_iq_a",66671.4,1.24207
"cg_iq_a",66671.4,0.182499
"cg_iq_a",66671.4,0.627739
"cg_iq_a",66671.4,-0.0981703
"cg_iq_a",66671.5,-0.428095
"cg_iq_a",66671.5,1.13918
"cg_iq_a",66671.5,0.972106
"cg_iq_a",66671.5,-0.174041
"cg_iq_a",66671.5,0.168595
"cg_iq_a",66671.5,0.57957
"cg_iq_a",66671.5,0.93957
"cg_iq_a",66671.5,0.16561
"cg_iq_a",66671.5,0.54863
"cg_iq_a",66671.5,1.99163
"cg_iq_a",66671.6,1.11622
"cg_iq_a",66671.6,0.97265
"cg_iq_a",66671.6,0.121906
"cg_iq_a",66671.6,0.74899
"cg_iq_a",66671.6,0.510655
"cg_iq_a",66671.6,0.785054
"cg_iq_a",66671.6,0.117736
"cg_iq_a",66671.6,0.485292
"cg_iq_a",66671.6,-0.367984
"cg_iq_a",66671.6,0.805054
"cg_iq_a",66671.7,0.841684
"cg_iq_a",66671.7,1.10174
"cg_iq_a",66671.7,-0.027704
"cg_iq_a",66671.7,0.38576
"cg_iq_a",66671.7,0.701113
"cg_iq_a",66671.7,0.542331
"cg_iq_a",66671.7,-0.0240181
"cg_iq_a",66671.7,0.937436
"cg_iq_a",66671.7,0.354059
"cg_iq_a",66671.8,0.627332
"cg_iq_a",66671.8,0.2865
"cg_iq_a",66671.8,0.844229
"cg_iq_a",66671.8,0.500158
"cg_iq_a",66671.8,0.632497
"cg_iq_a",66671.8,0.439292
"cg_iq_a",66671.8,-0.528693
"cg_iq_a",66671.8,0.0644612
"cg_iq_a",66671.8,1.14617
"cg_iq_a",66671.8,0.319395
"cg_iq_a",66671.8,-0.272999
"cg_iq_a",66671.9,0.655997
"cg_iq_a",66671.9,0.486622
"cg_iq_a",66671.9,0.353986
"cg_iq_a",66671.9,0.473036
"cg_iq_a",66671.9,0.0875991
"cg_iq_a",66671.9,-0.741138
"cg_iq_a",66671.9,0.566729
"cg_iq_a",66671.9,1.77506
"cg_iq_a",66671.9,0.562982
"cg_iq_a",66671.9,-0.825248
"cg_iq_a",66672,0.516757
"cg_iq_a",66672,0.596845
"cg_iq_a",66672,0.667707
"cg_iq_a",66672,0.0867958
"cg_iq_a",66672,0.532479
"cg_iq_a",66672,0.480216
"cg_iq_a",66672,1.33659
"cg_iq_a",66672,0.270632
"cg_iq_a",66672,0.0108355
"cg_iq_a",66672,0.395747
"cg_iq_a",66672.1,0.455032
"cg_iq_a",66672.1,0.0239845
"cg_iq_a",66672.1,0.515087
"cg_iq_a",66672.1,0.642212
"cg_iq_a",66672.1,0.423464
"cg_iq_a",66672.1,0.374748
"cg_iq_a",66672.1,-0.895484
"cg_iq_a",66672.1,0.34923
"cg_iq_a",66672.1,-0.220579
"cg_iq_a",66672.1,0.765168
"cg_iq_a",66672.2,0.33928
"cg_iq_a",66672.2,-0.2107
"cg_iq_a",66672.2,-0.0723601
"cg_iq_a",66672.2,0.196588
"cg_iq_a",66672.2,0.713019
"cg_iq_a",66672.2,0.48498
"cg_iq_a",66672.2,0.460521
"cg_iq_a",66672.2,-0.396935
"cg_iq_a",66672.2,0.68008
"cg_iq_a",66672.2,0.106246
"cg_iq_a",66672.2,1.11463
"cg_iq_a",66672.3,0.995209
"cg_iq_a",66672.3,-1.2199
"cg_iq_a",66672.3,0.441795
"cg_iq_a",66672.3,0.199823
"cg_iq_a",66672.3,1.11281
"cg_iq_a",66672.3,0.13067
"cg_iq_a",66672.3,-0.133981
"cg_iq_a",66672.3,0.456343
"cg_iq_a",66672.3,0.673087
"cg_iq_a",66672.4,0.51163
"cg_iq_a",66672.4,0.972256
"cg_iq_a",66672.4,0.604411
"cg_iq_a",66672.4,-0.106834
"cg_iq_a",66672.4,0.0609477
"cg_iq_a",66672.4,0.471808
"cg_iq_a",66672.4,0.343616
"cg_iq_a",66672.4,0.078864
"cg_iq_a",66672.4,0.508402
"cg_iq_a",66672.4,0.181396
"cg_iq_a",66672.5,0.144587
"cg_iq_a",66672.5,0.855444
"cg_iq_a",66672.5,0.409071
"cg_iq_a",66672.5,1.27316
"cg_iq_a",66672.5,1.96875
"cg_iq_a",66672.5,-0.0319541
"cg_iq_a",66672.5,0.354159
"cg_iq_a",66672.5,1.06805
"cg_iq_a",66672.5,1.02859
"cg_iq_a",66672.5,1.56766
"cg_iq_a",66672.6,0.39561
"cg_iq_a",66672.6,0.251479
"cg_iq_a",66672.6,1.26211
"cg_iq_a",66672.6,0.858759
"cg_iq_a",66672.6,0.585904
"cg_iq_a",66672.6,0.0787192
"cg_iq_a",66672.6,1.23543
"cg_iq_a",66672.6,-0.290603
"cg_iq_a",66672.6,0.611789
"cg_iq_a",66672.6,0.409646
"cg_iq_a",66672.7,1.22162
"cg_iq_a",66672.7,0.0515627
"cg_iq_a",66672.7,0.749801
"cg_iq_a",66672.7,0.738371
"cg_iq_a",66672.7,0.238576
"cg_iq_a",66672.7,0.437922
"cg_iq_a",66672.7,0.299812
"cg_iq_a",66672.7,-0.0408515
"cg_iq_a",66672.7,0.16226
"cg_iq_a",66672.7,-0.207615
"cg_iq_a",66672.8,0.48386
"cg_iq_a",66672.8,0.646545
"cg_iq_a",66672.8,0.70677
"cg_iq_a",66672.8,0.20047
"cg_iq_a",66672.8,1.26457
"cg_iq_a",66672.8,1.1077
"cg_iq_a",66672.8,-0.380413
"cg_iq_a",66672.8,0.782326
"cg_iq_a",66672.8,0.0573194
"cg_iq_a",66672.8,-0.305263
"cg_iq_a",66672.9,0.161574
"cg_iq_a",66672.9,0.35388
"cg_iq_a",66672.9,0.253373
"cg_iq_a",66672.9,-0.614957
"cg_iq_a",66672.9,0.185253
"cg_iq_a",66672.9,0.482808
"cg_iq_a",66672.9,-0.390133
"cg_iq_a",66672.9,0.957664
"cg_iq_a",66672.9,0.794537
"cg_iq_a",66672.9,0.241762
"cg_iq_a",66673,0.706715
"cg_iq_a",66673,0.40449
"cg_iq_a",66673,-0.276543
"cg_iq_a",66673,-0.222031
"cg_iq_a",66673,-0.756875
"cg_iq_a",66673,0.56707
"cg_iq_a",66673,0.189518
"cg_iq_a",66673,0.605717
"cg_iq_a",66673,0.724709
"cg_iq_a",66673,0.23822
"cg_iq_a",66673.1,1.0786
"cg_iq_a",66673.1,0.730065
"cg_iq_a",66673.1,-0.733755
"cg_iq_a",66673.1,0.493818
"cg_iq_a",66673.1,0.083333
"cg_iq_a",66673.1,1.57548
"cg_iq_a",66673.1,0.0156553
"cg_iq_a",66673.1,-0.00404665
"cg_iq_a",66673.1,0.521819
"cg_iq_a",66673.1,0.909183
"cg_iq_a",66673.2,1.52741
"cg_iq_a",66673.2,-0.0997251
"cg_iq_a",66673.2,1.91552
"cg_iq_a",66673.2,1.08766
"cg_iq_a",66673.2,-0.399749
"cg_iq_a",66673.2,0.570653
"cg_iq_a",66673.2,1.00501
"cg_iq_a",66673.2,0.237584
"cg_iq_a",66673.2,0.0553552
"cg_iq_a",66673.2,0.832313
"cg_iq_a",66673.3,1.08873
"cg_iq_a",66673.3,-0.0882251
"cg_iq_a",66673.3,-0.0712257
"cg_iq_a",66673.3,0.579204
"cg_iq_a",66673.3,0.577098
"cg_iq_a",66673.3,0.103694
"cg_iq_a",66673.3,0.533298
"cg_iq_a",66673.3,0.926608
"cg_iq_a",66673.3,0.433166
"cg_iq_a",66673.3,0.404697
"cg_iq_a",66673.4,-0.290383
"cg_iq_a",66673.4,-0.212701
"cg_iq_a",66673.4,0.323292
"cg_iq_a",66673.4,0.252334
"cg_iq_a",66673.4,0.348368
"cg_iq_a",66673.4,-0.00652636
"cg_iq_a",66673.4,1.80146
"cg_iq_a",66673.4,0.498092
"cg_iq_a",66673.4,0.429125
"cg_iq_a",66673.4,0.190887
"cg_iq_a",66673.5,-1.68083
"cg_iq_a",66673.5,1.54202
"cg_iq_a",66673.5,0.892835
"cg_iq_a",66673.5,0.357562
"cg_iq_a",66673.5,0.731318
"cg_iq_a",66673.5,-0.0613293
"cg_iq_a",66673.5,0.502738
"cg_iq_a",66673.5,0.735572
"cg_iq_a",66673.5,1.53688
"cg_iq_a",66673.5,-0.46126
"cg_iq_a",66673.6,0.08281
"cg_iq_a",66673.6,0.996921
"cg_iq_a",66673.6,0.33374
"cg_iq_a",66673.6,0.251139
"cg_iq_a",66673.6,1.03626
"cg_iq_a",66673.6,0.0345278
"cg_iq_a",66673.6,0.915844
"cg_iq_a",66673.6,0.609778
"cg_iq_a",66673.6,0.162692
"cg_iq_a",66673.6,0.0760224
"cg_iq_a",66673.7,0.601941
"cg_iq_a",66673.7,1.34979
"cg_iq_a",66673.7,0.199584
"cg_iq_a",66673.7,0.449138
"cg_iq_a",66673.7,0.619118
"cg_iq_a",66673.7,-0.0161126
"cg_iq_a",66673.7,0.0130522
"cg_iq_a",66673.7,0.707028
"cg_iq_a",66673.7,0.362224
"cg_iq_a",66673.8,0.77833
"cg_iq_a",66673.8,0.108013
"cg_iq_a",66673.8,0.0935736
"cg_iq_a",66673.8,1.49071
"cg_iq_a",66673.8,0.535673
"cg_iq_a",66673.8,0.486753
"cg_iq_a",66673.8,2.55974
"cg_iq_a",66673.8,0.513509
"cg_iq_a",66673.8,-0.158708
"cg_iq_a",66673.8,0.581667
"cg_iq_a",66673.8,0.496713
"cg_iq_a",66673.9,0.122964
"cg_iq_a",66673.9,0.748802
"cg_iq_a",66673.9,1.0963
"cg_iq_a",66673.9,-0.192893
"cg_iq_a",66673.9,0.493787
"cg_iq_a",66673.9,0.859724
"cg_iq_a",66673.9,0.82344
"cg_iq_a",66673.9,0.167799
"cg_iq_a",66673.9,0.0828061
"cg_iq_a",66673.9,1.27303
"cg_iq_a",66674,1.2501
"cg_iq_a",66674,1.2079
"cg_iq_a",66674,0.562984
"cg_iq_a",66674,0.77168
"cg_iq_a",66674,0.822359
"cg_iq_a",66674,0.442423
"cg_iq_a",66674,1.13747
"cg_iq_a",66674,0.434851
"cg_iq_a",66674,0.780637
"cg_iq_a",66674,0.744605
"cg_iq_a",66674.1,0.790226
"cg_iq_a",66674.1,0.580082
"cg_iq_a",66674.1,0.159615
"cg_iq_a",66674.1,0.356158
"cg_iq_a",66674.1,0.224419
"cg_iq_a",66674.1,0.780127
"cg_iq_a",66674.1,0.838745
"cg_iq_a",66674.1,0.0293678
"cg_iq_a",66674.1,0.0758876
"cg_iq_a",66674.1,0.777488
"cg_iq_a",66674.2,1.03492
"cg_iq_a",66674.2,0.807383
"cg_iq_a",66674.2,0.450062
"cg_iq_a",66674.2,0.766403
"cg_iq_a",66674.2,0.487735
"cg_iq_a",66674.2,0.835369
"cg_iq_a",66674.2,0.796067
"cg_iq_a",66674.2,0.64579
"cg_iq_a",66674.2,0.622748
"cg_iq_a",66674.2,-0.500245
"cg_iq_a",66674.3,0.652431
"cg_iq_a",66674.3,0.92024
"cg_iq_a",66674.3,0.659776
"cg_iq_a",66674.3,0.763416
"cg_iq_a",66674.3,0.609929
"cg_iq_a",66674.3,0.520514
"cg_iq_a",66674.3,-0.553442
"cg_iq_a",66674.3,-0.617601
"cg_iq_a",66674.3,0.728851
"cg_iq_a",66674.3,1.12686
"cg_iq_a",66674.4,1.74136
"cg_iq_a",66674.4,0.460531
"cg_iq_a",66674.4,0.497097
"cg_iq_a",66674.4,0.610742
"cg_iq_a",66674.4,0.102097
"cg_iq_a",66674.4,0.61523
"cg_iq_a",66674.4,0.497151
"cg_iq_a",66674.4,0.678427
"cg_iq_a",66674.4,0.191011
"cg_iq_a",66674.4,0.840615
"cg_iq_a",66674.5,-0.509237
"cg_iq_a",66674.5,0.381666
"cg_iq_a",66674.5,0.502341
"cg_iq_a",66674.5,0.537923
"cg_iq_a",66674.5,0.35394
"cg_iq_a",66674.5,0.348533
"cg_iq_a",66674.5,0.912552
"cg_iq_a",66674.5,0.523865
"cg_iq_a",66674.5,-0.826388
"cg_iq_a",66674.5,0.419275
"cg_iq_a",66674.6,0.317145
"cg_iq_a",66674.6,0.586755
"cg_iq_a",66674.6,0.615019
"cg_iq_a",66674.6,0.199723
"cg_iq_a",66674.6,0.379099
"cg_iq_a",66674.6,0.567871
"cg_iq_a",66674.6,0.138548
"cg_iq_a",66674.6,0.498236
"cg_iq_a",66674.6,-0.143179
"cg_iq_a",66674.7,-0.0028555
"cg_iq_a",66674.7,-0.343288
"cg_iq_a",66674.7,0.313224
"cg_iq_a",66674.7,0.896955
"cg_iq_a",66674.7,0.330405
"cg_iq_a",66674.7,2.7771
"cg_iq_a",66674.8,0.133576
"cg_iq_a",66674.8,0.36807
"cg_iq_a",66674.8,-0.54974
"cg_iq_a",66674.8,0.0972466
"cg_iq_a",66674.8,-0.0886178
"cg_iq_a",66674.8,0.352973
"cg_iq_a",66674.8,1.18136
"cg_iq_a",66674.8,0.460558
"cg_iq_a",66674.9,0.195792
"cg_iq_a",66674.9,0.242156
"cg_iq_a",66674.9,0.790609
"cg_iq_a",66674.9,0.0736649
"cg_iq_a",66674.9,0.213373
"cg_iq_a",66674.9,-0.270637
"cg_iq_a",66675,0.444296
"cg_iq_a",66675,0.480689
"cg_iq_a",66675,0.843513
"cg_iq_a",66675,-0.136463
"cg_iq_a",66675,-0.179776
"cg_iq_a",66675,-0.14383
"cg_iq_a",66675.1,1.73274
"cg_iq_a",66675.1,-0.0597143
"cg_iq_a",66675.1,0.39591
"cg_iq_a",66675.1,0.441937
"cg_iq_a",66675.1,0.312553
"cg_iq_a",66675.1,-0.310983
"cg_iq_a",66675.1,0.176495
"cg_iq_a",66675.1,-0.661417
"cg_iq_a",66675.1,0.757936
"cg_iq_a",66675.1,-0.12166
"cg_iq_a",66675.1,0.248725
"cg_iq_a",66675.2,1.04679
"cg_iq_a",66675.2,0.443513
"cg_iq_a",66675.2,1.78259
"cg_iq_a",66675.2,-0.212815
"cg_iq_a",66675.2,0.327961
"cg_iq_a",66675.2,0.656311
"cg_iq_a",66675.2,-0.365919
"cg_iq_a",66675.2,0.238388
"cg_iq_a",66675.2,0.946206
"cg_iq_a",66675.2,0.460427
"cg_iq_a",66675.2,0.702611
"cg_iq_a",66675.3,0.416603
"cg_iq_a",66675.3,0.277565
"cg_iq_a",66675.3,1.11159
"cg_iq_a",66675.3,0.0946991
"cg_iq_a",66675.3,0.619365
"cg_iq_a",66675.3,0.572804
"cg_iq_a",66675.3,0.106502
"cg_iq_a",66675.3,-0.380344
"cg_iq_a",66675.3,0.612574
"cg_iq_a",66675.3,0.991072
"cg_iq_a",66675.4,1.31522
"cg_iq_a",66675.4,-0.122896
"cg_iq_a",66675.4,-0.635138
"cg_iq_a",66675.4,0.840297
"cg_iq_a",66675.4,0.362583
"cg_iq_a",66675.4,0.827402
"cg_iq_a",66675.4,0.195966
"cg_iq_a",66675.4,0.112124
"cg_iq_a",66675.4,0.560044
"cg_iq_a",66675.4,0.534798
"cg_iq_a",66675.5,1.22322
"cg_iq_a",66675.5,0.481269
"cg_iq_a",66675.5,0.697775
"cg_iq_a",66675.5,0.724107
"cg_iq_a",66675.5,-0.464445
"cg_iq_a",66675.5,-0.482922
"cg_iq_a",66675.5,0.236406
"cg_iq_a",66675.5,0.657774
"cg_iq_a",66675.5,0.0326304
"cg_iq_a",66675.5,-0.184705
"cg_iq_a",66675.5,0.167348
"cg_iq_a",66675.5,-0.174765
"cg_iq_a",66675.6,0.529952
"cg_iq_a",66675.6,0.434974
"cg_iq_a",66675.6,-0.801862
"cg_iq_a",66675.6,0.577253
"cg_iq_a",66675.6,-0.150361
"cg_iq_a",66675.6,-1.03744
"cg_iq_a",66675.6,0.860819
"cg_iq_a",66675.6,-0.289688
"cg_iq_a",66675.6,-0.334498
"cg_iq_a",66675.6,0.805335
"cg_iq_a",66675.6,0.0282296
"cg_iq_a",66675.7,0.238687
"cg_iq_a",66675.7,0.201284
"cg_iq_a",66675.7,0.0249208
"cg_iq_a",66675.7,0.485158
"cg_iq_a",66675.7,-0.458318
"cg_iq_a",66675.7,0.301039
"cg_iq_a",66675.7,-1.14977
"cg_iq_a",66675.7,-0.33302
"cg_iq_a",66675.7,0.472974
"cg_iq_a",66675.7,0.402189
"cg_iq_a",66675.8,-0.145122
"cg_iq_a",66675.8,0.313819
"cg_iq_a",66675.8,0.639981
"cg_iq_a",66675.8,0.69172
"cg_iq_a",66675.8,0.429083
"cg_iq_a",66675.8,-0.0887893
"cg_iq_a",66675.8,0.372684
"cg_iq_a",66675.8,-0.112229
"cg_iq_a",66675.8,0.850606
"cg_iq_a",66675.8,0.361901
"cg_iq_a",66675.8,0.60037
"cg_iq_a",66675.8,0.345625
"cg_iq_a",66675.9,0.403746
"cg_iq_a",66675.9,0.0664396
"cg_iq_a",66675.9,0.228406
"cg_iq_a",66675.9,0.502656
"cg_iq_a",66675.9,-0.252446
"cg_iq_a",66675.9,-0.0674412
"cg_iq_a",66675.9,0.108242
"cg_iq_a",66675.9,0.821745
"cg_iq_a",66675.9,0.830011
"cg_iq_a",66675.9,-0.0522971
"cg_iq_a",66676,0.635002
"cg_iq_a",66676,-0.894225
"cg_iq_a",66676,0.740056
"cg_iq_a",66676,0.0591416
"cg_iq_a",66676,-0.0729544
"cg_iq_a",66676,0.910783
"cg_iq_a",66676,0.712122
"cg_iq_a",66676,0.363164
"cg_iq_a",66676,-0.448661
"cg_iq_a",66676,0.473099
"cg_iq_a",66676,0.0907003
"cg_iq_a",66676.1,-0.32832
"cg_iq_a",66676.1,0.629766
"cg_iq_a",66676.1,0.20414
"cg_iq_a",66676.1,0.0535204
"cg_iq_a",66676.1,1.36441
"cg_iq_a",66676.1,0.599098
"cg_iq_a",66676.1,0.687214
"cg_iq_a",66676.1,0.232927
"cg_iq_a",66676.1,0.478182
"cg_iq_a",66676.1,-0.500114
"cg_iq_a",66676.2,0.49693
"cg_iq_a",66676.2,0.171395
"cg_iq_a",66676.2,0.172278
"cg_iq_a",66676.2,1.67992
"cg_iq_a",66676.2,0.56147
"cg_iq_a",66676.2,0.430218
"cg_iq_a",66676.2,0.770725
"cg_iq_a",66676.2,0.617022
"cg_iq_a",66676.2,0.683911
"cg_iq_a",66676.2,0.131843
"cg_iq_a",66676.3,0.701729
"cg_iq_a",66676.3,0.340381
"cg_iq_a",66676.3,0.730198
"cg_iq_a",66676.3,0.773459
"cg_iq_a",66676.3,0.742045
"cg_iq_a",66676.3,0.220333
"cg_iq_a",66676.3,0.716692
"cg_iq_a",66676.3,0.117788
"cg_iq_a",66676.3,0.236296
"cg_iq_a",66676.4,-0.0455482
"cg_iq_a",66676.4,0.540042
"cg_iq_a",66676.4,0.789476
"cg_iq_a",66676.4,0.084475
"cg_iq_a",66676.4,0.464164
"cg_iq_a",66676.4,0.465098
"cg_iq_a",66676.4,0.29122
"cg_iq_a",66676.4,-0.151451
"cg_iq_a",66676.4,0.0469776
"cg_iq_a",66676.4,0.230409
"cg_iq_a",66676.5,0.111501
"cg_iq_a",66676.5,0.697499
"cg_iq_a",66676.5,-0.395719
"cg_iq_a",66676.5,-0.244448
"cg_iq_a",66676.5,0.224499
"cg_iq_a",66676.5,0.0152119
"cg_iq_a",66676.5,0.483606
"cg_iq_a",66676.5,-0.265156
"cg_iq_a",66676.5,-1.26466
"cg_iq_a",66676.5,0.897284
"cg_iq_a",66676.6,0.484339
"cg_iq_a",66676.6,0.586152
"cg_iq_a",66676.6,0.57275
"cg_iq_a",66676.6,0.590038
"cg_iq_a",66676.6,1.11252
"cg_iq_a",66676.6,0.230437
"cg_iq_a",66676.6,1.20833
"cg_iq_a",66676.6,0.298686
"cg_iq_a",66676.6,0.744569
"cg_iq_a",66676.6,0.348517
"cg_iq_a",66676.7,-0.362025
"cg_iq_a",66676.7,0.192404
"cg_iq_a",66676.7,0.364446
"cg_iq_a",66676.7,0.059442
"cg_iq_a",66676.7,0.623295
"cg_iq_a",66676.7,0.799285
"cg_iq_a",66676.7,0.408799
"cg_iq_a",66676.7,0.692351
"cg_iq_a",66676.7,0.495094
"cg_iq_a",66676.7,0.990971
"cg_iq_a",66676.8,0.447839
"cg_iq_a",66676.8,1.3294
"cg_iq_a",66676.8,0.333257
"cg_iq_a",66676.8,0.457978
"cg_iq_a",66676.8,0.935335
"cg_iq_a",66676.8,0.413775
"cg_iq_a",66676.8,-0.123982
"cg_iq_a",66676.8,0.973924
"cg_iq_a",66676.8,0.282951
"cg_iq_a",66676.8,-0.186625
"cg_iq_a",66676.9,0.289891
"cg_iq_a",66676.9,1.2401
"cg_iq_a",66676.9,0.281737
"cg_iq_a",66676.9,-0.00502061
"cg_iq_a",66676.9,-0.508777
"cg_iq_a",66676.9,0.477001
"cg_iq_a",66676.9,0.0953436
"cg_iq_a",66676.9,0.794721
"cg_iq_a",66676.9,0.701771
"cg_iq_a",66676.9,0.339105
"cg_iq_a",66677,0.600298
"cg_iq_a",66677,1.02716
"cg_iq_a",66677,-0.301341
"cg_iq_a",66677,0.394802
"cg_iq_a",66677,-0.21887
"cg_iq_a",66677,0.108777
"cg_iq_a",66677,0.529848
"cg_iq_a",66677,0.962227
"cg_iq_a",66677,0.656534
"cg_iq_a",66677,-0.0540926
"cg_iq_a",66677.1,0.444142
"cg_iq_a",66677.1,0.177068
"cg_iq_a",66677.1,-0.225131
"cg_iq_a",66677.1,0.623481
"cg_iq_a",66677.1,0.793464
"cg_iq_a",66677.1,0.237361
"cg_iq_a",66677.1,0.0106738
"cg_iq_a",66677.1,0.516662
"cg_iq_a",66677.1,0.725722
"cg_iq_a",66677.1,-1.03304
"cg_iq_a",66677.2,0.181895
"cg_iq_a",66677.2,-0.242661
"cg_iq_a",66677.2,0.523192
"cg_iq_a",66677.2,-0.0263137
"cg_iq_a",66677.2,0.343719
"cg_iq_a",66677.2,0.00954873
"cg_iq_a",66677.2,0.692166
"cg_iq_a",66677.2,0.562147
"cg_iq_a",66677.2,2.51789
"cg_iq_a",66677.2,0.896788
"cg_iq_a",66677.2,0.0239169
"cg_iq_a",66677.3,0.422564
"cg_iq_a",66677.3,-0.017003
"cg_iq_a",66677.3,0.162251
"cg_iq_a",66677.3,0.763286
"cg_iq_a",66677.3,-0.361911
"cg_iq_a",66677.3,0.600387
"cg_iq_a",66677.3,-0.20037
"cg_iq_a",66677.3,0.399568
"cg_iq_a",66677.3,-0.458545
"cg_iq_a",66677.4,2.27965
"cg_iq_a",66677.4,0.708123
"cg_iq_a",66677.4,-0.253716
"cg_iq_a",66677.4,-0.856888
"cg_iq_a",66677.4,-0.00462721
"cg_iq_a",66677.4,0.138554
"cg_iq_a",66677.4,1.75411
"cg_iq_a",66677.4,-0.710973
"cg_iq_a",66677.4,0.326684
"cg_iq_a",66677.4,0.320322
"cg_iq_a",66677.5,0.759328
"cg_iq_a",66677.5,0.247185
"cg_iq_a",66677.5,0.190992
"cg_iq_a",66677.5,-0.826299
"cg_iq_a",66677.5,1.07418
"cg_iq_a",66677.5,0.461263
"cg_iq_a",66677.5,1.34252
"cg_iq_a",66677.5,0.567667
"cg_iq_a",66677.5,-0.0971795
"cg_iq_a",66677.5,0.59729
"cg_iq_a",66677.6,0.688072
"cg_iq_a",66677.6,0.50324
"cg_iq_a",66677.6,0.497791
"cg_iq_a",66677.6,-0.948173
"cg_iq_a",66677.6,0.0614687
"cg_iq_a",66677.6,0.74869
"cg_iq_a",66677.6,0.280516
"cg_iq_a",66677.6,0.809271
"cg_iq_a",66677.6,0.412939
"cg_iq_a",66677.6,-0.173345
"cg_iq_a",66677.7,0.840641
"cg_iq_a",66677.7,0.469989
"cg_iq_a",66677.7,-0.372242
"cg_iq_a",66677.7,0.397884
"cg_iq_a",66677.7,0.500896
"cg_iq_a",66677.7,0.993231
"cg_iq_a",66677.7,0.0358186
"cg_iq_a",66677.7,0.458402
"cg_iq_a",66677.7,0.368478
"cg_iq_a",66677.8,0.0865415
"cg_iq_a",66677.8,0.321781
"cg_iq_a",66677.8,0.385922
"cg_iq_a",66677.8,0.429059
"cg_iq_a",66677.8,0.374044
"cg_iq_a",66677.8,0.669852
"cg_iq_a",66677.8,0.425574
"cg_iq_a",66677.8,0.285576
"cg_iq_a",66677.8,0.739282
"cg_iq_a",66677.8,-0.146651
"cg_iq_a",66677.9,0.795309
"cg_iq_a",66677.9,0.611209
"cg_iq_a",66677.9,-0.148956
"cg_iq_a",66677.9,1.2117
"cg_iq_a",66677.9,0.553592
"cg_iq_a",66677.9,-0.0781319
"cg_iq_a",66677.9,-0.00840062
"cg_iq_a",66677.9,0.203767
"cg_iq_a",66677.9,-0.236974
"cg_iq_a",66677.9,-0.90364
"cg_iq_a",66678,1.23192
"cg_iq_a",66678,0.333079
"cg_iq_a",66678,0.35525
"cg_iq_a",66678,0.826248
"cg_iq_a",66678,0.743415
"cg_iq_a",66678,0.204471
"cg_iq_a",66678,0.927924
"cg_iq_a",66678,0.711382
"cg_iq_a",66678,-0.642532
"cg_iq_a",66678,0.361798
"cg_iq_a",66678,0.398108
"cg_iq_a",66678.1,0.0809066
"cg_iq_a",66678.1,0.436383
"cg_iq_a",66678.1,0.0341688
"cg_iq_a",66678.1,-0.203044
"cg_iq_a",66678.1,0.218228
"cg_iq_a",66678.1,0.507445
"cg_iq_a",66678.1,0.757041
"cg_iq_a",66678.1,0.763513
"cg_iq_a",66678.1,0.779275
"cg_iq_a",66678.1,-0.458632
"cg_iq_a",66678.2,1.10174
"cg_iq_a",66678.2,0.643277
"cg_iq_a",66678.2,0.595207
"cg_iq_a",66678.2,-0.179169
"cg_iq_a",66678.2,0.745049
"cg_iq_a",66678.2,-0.759488
"cg_iq_a",66678.2,0.717803
"cg_iq_a",66678.2,0.381696
"cg_iq_a",66678.2,0.345598
"cg_iq_a",66678.2,0.481009
"cg_iq_a",66678.3,0.459999
"cg_iq_a",66678.3,0.215027
"cg_iq_a",66678.3,0.273668
"cg_iq_a",66678.3,1.89085
"cg_iq_a",66678.3,0.868867
"cg_iq_a",66678.3,-0.0125105
"cg_iq_a",66678.3,0.243141
"cg_iq_a",66678.3,-0.174214
"cg_iq_a",66678.3,-0.101443
"cg_iq_a",66678.4,1.12412
"cg_iq_a",66678.4,0.217838
"cg_iq_a",66678.4,-0.226617
"cg_iq_a",66678.4,-0.28487
"cg_iq_a",66678.4,0.531018
"cg_iq_a",66678.4,0.353982
"cg_iq_a",66678.4,0.0952808
"cg_iq_a",66678.4,0.0441566
"cg_iq_a",66678.4,-0.120252
"cg_iq_a",66678.4,0.167801
"cg_iq_a",66678.4,0.0289155
"cg_iq_a",66678.5,0.475473
"cg_iq_a",66678.5,0.669596
"cg_iq_a",66678.5,0.224485
"cg_iq_a",66678.5,0.266789
"cg_iq_a",66678.5,0.0575485
"cg_iq_a",66678.5,-0.293393
"cg_iq_a",66678.5,0.0971103
"cg_iq_a",66678.5,0.204053
"cg_iq_a",66678.5,0.577336
"cg_iq_a",66678.5,-1.03341
"cg_iq_a",66678.6,-0.886946
"cg_iq_a",66678.6,0.630414
"cg_iq_a",66678.6,1.05576
"cg_iq_a",66678.6,0.832349
"cg_iq_a",66678.6,0.412261
"cg_iq_a",66678.6,0.156581
"cg_iq_a",66678.6,0.478872
"cg_iq_a",66678.6,0.494996
"cg_iq_a",66678.6,0.298433
"cg_iq_a",66678.7,0.489963
"cg_iq_a",66678.7,0.41368
"cg_iq_a",66678.7,0.0943964
"cg_iq_a",66678.7,-0.329665
"cg_iq_a",66678.7,0.373041
"cg_iq_a",66678.7,0.182675
"cg_iq_a",66678.7,0.683839
"cg_iq_a",66678.7,-0.446692
"cg_iq_a",66678.7,-0.209628
"cg_iq_a",66678.7,0.107012
"cg_iq_a",66678.8,1.01977
"cg_iq_a",66678.8,0.583023
"cg_iq_a",66678.8,0.223342
"cg_iq_a",66678.8,0.418969
"cg_iq_a",66678.8,-0.202862
"cg_iq_a",66678.8,-0.12328
"cg_iq_a",66678.8,0.227882
"cg_iq_a",66678.8,0.732166
"cg_iq_a",66678.8,1.94727
"cg_iq_a",66678.8,0.152841
"cg_iq_a",66678.9,1.03411
"cg_iq_a",66678.9,0.292327
"cg_iq_a",66678.9,1.20511
"cg_iq_a",66678.9,0.362728
"cg_iq_a",66678.9,-0.304476
"cg_iq_a",66678.9,0.364485
"cg_iq_a",66678.9,0.385682
"cg_iq_a",66678.9,0.431432
"cg_iq_a",66678.9,-0.593998
"cg_iq_a",66678.9,0.218382
"cg_iq_a",66679,1.12261
"cg_iq_a",66679,0.559834
"cg_iq_a",66679,1.08497
"cg_iq_a",66679,0.225207
"cg_iq_a",66679,0.664813
"cg_iq_a",66679,1.12472
"cg_iq_a",66679,0.575955
"cg_iq_a",66679,0.558749
"cg_iq_a",66679,-0.0683931
"cg_iq_a",66679,-0.357791
"cg_iq_a",66679.1,0.0857784
"cg_iq_a",66679.1,0.58606
"cg_iq_a",66679.1,1.13796
"cg_iq_a",66679.1,0.126143
"cg_iq_a",66679.1,1.79946
"cg_iq_a",66679.1,0.888879
"cg_iq_a",66679.1,0.00522005
"cg_iq_a",66679.1,-0.181708
"cg_iq_a",66679.1,0.433781
"cg_iq_a",66679.1,0.371229
"cg_iq_a",66679.2,0.319592
"cg_iq_a",66679.2,-1.21485
"cg_iq_a",66679.2,0.767516
"cg_iq_a",66679.2,-0.0459066
"cg_iq_a",66679.2,0.750592
"cg_iq_a",66679.2,0.249813
"cg_iq_a",66679.2,0.223428
"cg_iq_a",66679.2,0.709968
"cg_iq_a",66679.2,0.173058
"cg_iq_a",66679.2,-0.385684
"cg_iq_a",66679.2,0.368473
"cg_iq_a",66679.3,1.50056
"cg_iq_a",66679.3,1.74716
"cg_iq_a",66679.3,0.303574
"cg_iq_a",66679.3,0.094823
"cg_iq_a",66679.3,-0.758601
"cg_iq_a",66679.3,2.07141
"cg_iq_a",66679.3,0.443582
"cg_iq_a",66679.3,0.552403
"cg_iq_a",66679.3,-0.273721
"cg_iq_a",66679.4,-0.668549
"cg_iq_a",66679.4,0.897158
"cg_iq_a",66679.4,1.11435
"cg_iq_a",66679.4,0.920074
"cg_iq_a",66679.4,0.533736
"cg_iq_a",66679.4,0.473504
"cg_iq_a",66679.4,0.380793
"cg_iq_a",66679.4,-0.0368591
"cg_iq_a",66679.4,0.377046
"cg_iq_a",66679.4,0.393784
"cg_iq_a",66679.5,-0.00132338
"cg_iq_a",66679.5,1.05811
"cg_iq_a",66679.5,0.12687
"cg_iq_a",66679.5,-0.38673
"cg_iq_a",66679.5,0.459996
"cg_iq_a",66679.5,0.409019
"cg_iq_a",66679.5,0.0239963
"cg_iq_a",66679.5,0.470728
"cg_iq_a",66679.5,0.22753
"cg_iq_a",66679.5,-0.121544
"cg_iq_a",66679.6,-0.268999
"cg_iq_a",66679.6,0.117806
"cg_iq_a",66679.6,0.00565671
"cg_iq_a",66679.6,-0.658266
"cg_iq_a",66679.6,0.17811
"cg_iq_a",66679.6,-0.303557
"cg_iq_a",66679.6,1.42614
"cg_iq_a",66679.6,0.443068
"cg_iq_a",66679.6,0.953192
"cg_iq_a",66679.6,-0.0165991
"cg_iq_a",66679.6,0.543471
"cg_iq_a",66679.7,1.08687
"cg_iq_a",66679.7,0.103538
"cg_iq_a",66679.7,0.851008
"cg_iq_a",66679.7,-0.0598465
"cg_iq_a",66679.7,0.744445
"cg_iq_a",66679.7,0.0617605
"cg_iq_a",66679.7,-0.620831
"cg_iq_a",66679.7,1.12706
"cg_iq_a",66679.7,0.22232
"cg_iq_a",66679.7,0.2691
"cg_iq_a",66679.8,0.697698
"cg_iq_a",66679.8,-0.162433
"cg_iq_a",66679.8,0.256084
"cg_iq_a",66679.8,0.493759
"cg_iq_a",66679.8,0.989353
"cg_iq_a",66679.8,-0.0197086
"cg_iq_a",66679.8,0.554048
"cg_iq_a",66679.8,0.953204
"cg_iq_a",66679.8,-0.130797
"cg_iq_a",66679.8,1.05356
"cg_iq_a",66679.9,0.301052
"cg_iq_a",66679.9,-0.422056
"cg_iq_a",66679.9,0.707905
"cg_iq_a",66679.9,-0.0731115
"cg_iq_a",66679.9,0.291199
"cg_iq_a",66679.9,-0.169758
"cg_iq_a",66679.9,-0.0265906
"cg_iq_a",66679.9,0.739934
"cg_iq_a",66679.9,0.00561473
"cg_iq_a",66679.9,0.359159
"cg_iq_a",66680,0.529635
"cg_iq_a",66680,0.391586
"cg_iq_a",66680,0.0156537
"cg_iq_a",66680,-1.44161
"cg_iq_a",66680,0.298357
"cg_iq_a",66680,0.829663
"cg_iq_a",66680,0.326691
"cg_iq_a",66680,0.14944
"cg_iq_a",66680,0.0804742
"cg_iq_a",66680,0.610524
"cg_iq_a",66680.1,-0.282401
"cg_iq_a",66680.1,0.341264
"cg_iq_a",66680.1,0.217711
"cg_iq_a",66680.1,-0.0492991
"cg_iq_a",66680.1,0.197548
"cg_iq_a",66680.1,-0.0196135
"cg_iq_a",66680.1,0.21034
"cg_iq_a",66680.1,-0.595753
"cg_iq_a",66680.1,-0.247307
"cg_iq_a",66680.1,-0.618371
"cg_iq_a",66680.2,0.204698
"cg_iq_a",66680.2,0.188244
"cg_iq_a",66680.2,1.24134
"cg_iq_a",66680.2,0.0100814
"cg_iq_a",66680.2,0.901561
"cg_iq_a",66680.2,0.795287
"cg_iq_a",66680.2,1.12893
"cg_iq_a",66680.2,0.247625
"cg_iq_a",66680.2,1.44121
"cg_iq_a",66680.2,1.35125
"cg_iq_a",66680.3,0.0715915
"cg_iq_a",66680.3,0.615038
"cg_iq_a",66680.3,0.855423
"cg_iq_a",66680.3,-0.130484
"cg_iq_a",66680.3,0.420295
"cg_iq_a",66680.3,0.549384
"cg_iq_a",66680.3,0.713147
"cg_iq_a",66680.3,0.326691
"cg_iq_a",66680.3,0.605089
"cg_iq_a",66680.3,0.77283
"cg_iq_a",66680.4,0.084411
"cg_iq_a",66680.4,1.45515
"cg_iq_a",66680.4,-0.847118
"cg_iq_a",66680.4,0.315911
"cg_iq_a",66680.4,0.569146
"cg_iq_a",66680.4,0.27865
"cg_iq_a",66680.4,0.354043
"cg_iq_a",66680.4,0.372513
"cg_iq_a",66680.4,1.32029
"cg_iq_a",66680.4,0.130433
"cg_iq_a",66680.5,-1.65986
"cg_iq_a",66680.5,0.854457
"cg_iq_a",66680.5,-1.21153
"cg_iq_a",66680.5,0.420911
"cg_iq_a",66680.5,0.924358
"cg_iq_a",66680.5,0.171855
"cg_iq_a",66680.5,0.545928
"cg_iq_a",66680.5,0.0273572
"cg_iq_a",66680.5,0.694031
"cg_iq_a",66680.5,1.03123
"cg_iq_a",66680.6,1.13931
"cg_iq_a",66680.6,1.03265
"cg_iq_a",66680.6,-0.0440167
"cg_iq_a",66680.6,0.33481
"cg_iq_a",66680.6,0.666642
"cg_iq_a",66680.6,0.840855
"cg_iq_a",66680.6,0.757345
"cg_iq_a",66680.6,-0.460163
"cg_iq_a",66680.6,-1.53224
"cg_iq_a",66680.6,-0.0831971
"cg_iq_a",66680.6,1.18054
"cg_iq_a",66680.7,1.0138
"cg_iq_a",66680.7,-0.241362
"cg_iq_a",66680.7,0.787885
"cg_iq_a",66680.7,-0.259549
"cg_iq_a",66680.7,0.636978
"cg_iq_a",66680.7,-0.137914
"cg_iq_a",66680.7,0.168595
"cg_iq_a",66680.7,1.47772
"cg_iq_a",66680.7,0.298786
"cg_iq_a",66680.7,1.34784
"cg_iq_a",66680.8,0.643769
"cg_iq_a",66680.8,0.0199915
"cg_iq_a",66680.8,0.063741
"cg_iq_a",66680.8,0.201183
"cg_iq_a",66680.8,0.29334
"cg_iq_a",66680.8,0.562161
"cg_iq_a",66680.8,0.984164
"cg_iq_a",66680.8,0.40571
"cg_iq_a",66680.8,-0.438511
"cg_iq_a",66680.8,0.480633
"cg_iq_a",66680.9,0.429113
"cg_iq_a",66680.9,0.77748
"cg_iq_a",66680.9,1.0644
"cg_iq_a",66680.9,0.084916
"cg_iq_a",66680.9,0.14413
"cg_iq_a",66680.9,0.546967
"cg_iq_a",66680.9,0.87857
"cg_iq_a",66680.9,0.646434
"cg_iq_a",66680.9,-0.351039
"cg_iq_a",66680.9,0.837061
"cg_iq_a",66681,0.355885
"cg_iq_a",66681,-0.637253
"cg_iq_a",66681,-0.187152
"cg_iq_a",66681,0.300793
"cg_iq_a",66681,0.138739
"cg_iq_a",66681,-0.340988
"cg_iq_a",66681,0.547962
"cg_iq_a",66681,0.144657
"cg_iq_a",66681,-0.463517
"cg_iq_a",66681,0.032759
"cg_iq_a",66681.1,1.23971
"cg_iq_a",66681.1,0.080773
"cg_iq_a",66681.1,-0.117191
"cg_iq_a",66681.1,-0.00890034
"cg_iq_a",66681.1,-0.0244247
"cg_iq_a",66681.1,0.0849652
"cg_iq_a",66681.1,1.07085
"cg_iq_a",66681.1,0.283915
"cg_iq_a",66681.1,1.36737
"cg_iq_a",66681.1,0.725753
"cg_iq_a",66681.2,-0.319027
"cg_iq_a",66681.2,0.168487
"cg_iq_a",66681.2,0.139201
"cg_iq_a",66681.2,0.406749
"cg_iq_a",66681.2,0.695883
"cg_iq_a",66681.2,0.187611
"cg_iq_a",66681.2,0.563092
"cg_iq_a",66681.2,0.94481
"cg_iq_a",66681.2,0.79854
"cg_iq_a",66681.2,1.52784
"cg_iq_a",66681.3,-0.0810089
"cg_iq_a",66681.3,0.80928
"cg_iq_a",66681.3,0.0451885
"cg_iq_a",66681.3,0.612786
"cg_iq_a",66681.3,0.865662
"cg_iq_a",66681.3,1.06431
"cg_iq_a",66681.3,0.76391
"cg_iq_a",66681.3,0.319459
"cg_iq_a",66681.3,0.998184
"cg_iq_a",66681.3,1.32595
"cg_iq_a",66681.4,-0.524602
"cg_iq_a",66681.4,0.903412
"cg_iq_a",66681.4,0.538277
"cg_iq_a",66681.4,1.07544
"cg_iq_a",66681.4,0.298633
"cg_iq_a",66681.4,0.589604
"cg_iq_a",66681.4,0.227944
"cg_iq_a",66681.4,0.820589
"cg_iq_a",66681.4,0.735033
"cg_iq_a",66681.4,0.849494
"cg_iq_a",66681.5,-1.14654
"cg_iq_a",66681.5,0.320754
"cg_iq_a",66681.5,0.786952
"cg_iq_a",66681.5,0.250025
"cg_iq_a",66681.5,0.293618
"cg_iq_a",66681.5,0.556814
"cg_iq_a",66681.5,0.831854
"cg_iq_a",66681.5,0.34819
"cg_iq_a",66681.5,-0.370101
"cg_iq_a",66681.5,0.929914
"cg_iq_a",66681.6,0.843858
"cg_iq_a",66681.6,0.381837
"cg_iq_a",66681.6,1.35493
"cg_iq_a",66681.6,0.101844
"cg_iq_a",66681.6,0.649525
"cg_iq_a",66681.6,-0.280402
"cg_iq_a",66681.6,0.573072
"cg_iq_a",66681.6,0.660473
"cg_iq_a",66681.6,-0.0777261
"cg_iq_a",66681.6,0.302629
"cg_iq_a",66681.7,0.493795
"cg_iq_a",66681.7,0.42515
"cg_iq_a",66681.7,0.0768675
"cg_iq_a",66681.7,-0.523553
"cg_iq_a",66681.7,-0.0505236
"cg_iq_a",66681.7,0.306318
"cg_iq_a",66681.7,0.423674
"cg_iq_a",66681.7,0.792964
"cg_iq_a",66681.7,0.234266
"cg_iq_a",66681.7,-0.222627
"cg_iq_a",66681.8,0.400778
"cg_iq_a",66681.8,0.502323
"cg_iq_a",66681.8,0.4404
"cg_iq_a",66681.8,0.0868791
"cg_iq_a",66681.8,0.775435
"cg_iq_a",66681.8,-0.0279956
"cg_iq_a",66681.8,0.247548
"cg_iq_a",66681.8,0.979006
"cg_iq_a",66681.8,0.317859
"cg_iq_a",66681.8,0.873119
"cg_iq_a",66681.9,-0.429095
"cg_iq_a",66681.9,0.12829
"cg_iq_a",66681.9,0.1728
"cg_iq_a",66681.9,0.554487
"cg_iq_a",66681.9,1.19518
"cg_iq_a",66681.9,-0.172165
"cg_iq_a",66681.9,1.05949
"cg_iq_a",66681.9,0.888324
"cg_iq_a",66681.9,0.581776
"cg_iq_a",66681.9,0.840735
"cg_vd_v",66652,-3.75916
"cg_vd_v",66652.1,-3.78477
"cg_vd_v",66652.1,-3.62139
"cg_vd_v",66652.1,-3.65448
"cg_vd_v",66652.1,-3.65431
"cg_vd_v",66652.1,-3.61347
"cg_vd_v",66652.1,-3.70571
"cg_vd_v",66652.1,-3.77683
"cg_vd_v",66652.1,-3.78214
"cg_vd_v",66652.1,-3.99584
"cg_vd_v",66652.1,-4.02662
"cg_vd_v",66652.2,-3.84882
"cg_vd_v",66652.2,-3.78157
"cg_vd_v",66652.2,-3.74952
"cg_vd_v",66652.2,-3.49019
"cg_vd_v",66652.2,-3.63712
"cg_vd_v",66652.2,-3.668
"cg_vd_v",66652.2,-3.67602
"cg_vd_v",66652.2,-3.61468
"cg_vd_v",66652.2,-3.67269
"cg_vd_v",66652.2,-3.7289
"cg_vd_v",66652.3,-3.8524
"cg_vd_v",66652.3,-3.84765
"cg_vd_v",66652.3,-3.88079
"cg_vd_v",66652.3,-4.04954
"cg_vd_v",66652.3,-3.83685
"cg_vd_v",66652.3,-3.79564
"cg_vd_v",66652.3,-3.85084
"cg_vd_v",66652.3,-3.63325
"cg_vd_v",66652.3,-3.7526
"cg_vd_v",66652.3,-3.75339
"cg_vd_v",66652.4,-3.72098
"cg_vd_v",66652.4,-3.79612
"cg_vd_v",66652.4,-3.74972
"cg_vd_v",66652.4,-3.77209
"cg_vd_v",66652.4,-3.73709
"cg_vd_v",66652.4,-3.69479
"cg_vd_v",66652.4,-3.68172
"cg_vd_v",66652.4,-3.83814
"cg_vd_v",66652.4,-3.78576
"cg_vd_v",66652.4,-3.68983
"cg_vd_v",66652.5,-3.85816
"cg_vd_v",66652.5,-3.74361
"cg_vd_v",66652.5,-3.78917
"cg_vd_v",66652.5,-3.89996
"cg_vd_v",66652.5,-3.83222
"cg_vd_v",66652.5,-3.82531
"cg_vd_v",66652.5,-3.81729
"cg_vd_v",66652.5,-3.67896
"cg_vd_v",66652.5,-3.70046
"cg_vd_v",66652.5,-3.7185
"cg_vd_v",66652.6,-3.75028
"cg_vd_v",66652.6,-3.80524
"cg_vd_v",66652.6,-4.03863
"cg_vd_v",66652.6,-3.83928
"cg_vd_v",66652.6,-3.90094
"cg_vd_v",66652.6,-3.88953
"cg_vd_v",66652.6,-3.83579
"cg_vd_v",66652.6,-3.73285
"cg_vd_v",66652.6,-3.74784
"cg_vd_v",66652.6,-3.60745
"cg_vd_v",66652.7,-3.60119
"cg_vd_v",66652.7,-3.58759
"cg_vd_v",66652.7,-3.61612
"cg_vd_v",66652.7,-3.61281
"cg_vd_v",66652.7,-3.72187
"cg_vd_v",66652.7,-3.79514
"cg_vd_v",66652.7,-4.10743
"cg_vd_v",66652.7,-4.01935
"cg_vd_v",66652.7,-3.93609
"cg_vd_v",66652.7,-3.952
"cg_vd_v",66652.8,-3.72704
"cg_vd_v",66652.8,-3.68491
"cg_vd_v",66652.8,-3.78528
"cg_vd_v",66652.8,-3.64478
"cg_vd_v",66652.8,-3.67363
"cg_vd_v",66652.8,-3.68457
"cg_vd_v",66652.8,-3.64737
"cg_vd_v",66652.8,-3.78875
"cg_vd_v",66652.8,-3.80058
"cg_vd_v",66652.8,-3.8512
"cg_vd_v",66652.9,-3.92006
"cg_vd_v",66652.9,-3.87289
"cg_vd_v",66652.9,-3.66491
"cg_vd_v",66652.9,-3.79152
"cg_vd_v",66652.9,-3.72269
"cg_vd_v",66652.9,-3.61139
"cg_vd_v",66652.9,-3.74342
"cg_vd_v",66652.9,-3.72506
"cg_vd_v",66652.9,-3.72195
"cg_vd_v",66652.9,-3.84615
"cg_vd_v",66653,-3.79078
"cg_vd_v",66653,-3.76877
"cg_vd_v",66653,-3.74114
"cg_vd_v",66653,-3.7458
"cg_vd_v",66653,-3.78225
"cg_vd_v",66653,-3.96548
"cg_vd_v",66653,-3.73142
"cg_vd_v",66653,-3.73005
"cg_vd_v",66653,-3.68271
"cg_vd_v",66653,-3.53157
"cg_vd_v",66653.1,-3.59329
"cg_vd_v",66653.1,-3.5984
"cg_vd_v",66653.1,-3.33274
"cg_vd_v",66653.1,-3.34131
"cg_vd_v",66653.1,-3.18215
"cg_vd_v",66653.1,-3.10414
"cg_vd_v",66653.1,-3.21049
"cg_vd_v",66653.1,-3.19436
"cg_vd_v",66653.1,-3.12214
"cg_vd_v",66653.1,-3.27315
"cg_vd_v",66653.2,-3.19486
"cg_vd_v",66653.2,-3.04513
"cg_vd_v",66653.2,-3.29687
"cg_vd_v",66653.2,-3.2038
"cg_vd_v",66653.2,-3.06896
"cg_vd_v",66653.2,-3.28473
"cg_vd_v",66653.2,-3.15639
"cg_vd_v",66653.2,-3.15635
"cg_vd_v",66653.2,-3.21616
"cg_vd_v",66653.2,-3.16549
"cg_vd_v",66653.3,-3.19119
"cg_vd_v",66653.3,-3.20214
"cg_vd_v",66653.3,-3.1611
"cg_vd_v",66653.3,-3.13187
"cg_vd_v",66653.3,-3.26051
"cg_vd_v",66653.3,-3.18113
"cg_vd_v",66653.3,-3.0651
"cg_vd_v",66653.3,-3.24206
"cg_vd_v",66653.3,-3.15015
"cg_vd_v",66653.3,-3.05183
"cg_vd_v",66653.4,-3.23745
"cg_vd_v",66653.4,-3.1914
"cg_vd_v",66653.4,-3.13497
"cg_vd_v",66653.4,-3.17724
"cg_vd_v",66653.4,-3.18237
"cg_vd_v",66653.4,-3.17549
"cg_vd_v",66653.4,-3.16209
"cg_vd_v",66653.4,-3.19842
"cg_vd_v",66653.4,-3.0917
"cg_vd_v",66653.4,-3.22368
"cg_vd_v",66653.5,-3.29678
"cg_vd_v",66653.5,-3.06533
"cg_vd_v",66653.5,-3.21856
"cg_vd_v",66653.5,-3.31864
"cg_vd_v",66653.5,-3.12374
"cg_vd_v",66653.5,-3.18423
"cg_vd_v",66653.5,-3.25261
"cg_vd_v",66653.5,-3.10696
"cg_vd_v",66653.5,-3.17973
"cg_vd_v",66653.5,-3.24442
"cg_vd_v",66653.6,-3.17823
"cg_vd_v",66653.6,-3.24196
"cg_vd_v",66653.6,-3.20298
"cg_vd_v",66653.6,-3.18294
"cg_vd_v",66653.6,-3.13593
"cg_vd_v",66653.6,-3.2663
"cg_vd_v",66653.6,-3.25395
"cg_vd_v",66653.6,-3.05403
"cg_vd_v",66653.6,-3.20317
"cg_vd_v",66653.6,-3.31946
"cg_vd_v",66653.7,-3.09558
"cg_vd_v",66653.7,-3.14888
"cg_vd_v",66653.7,-3.3084
"cg_vd_v",66653.7,-3.20745
"cg_vd_v",66653.7,-3.13662
"cg_vd_v",66653.7,-3.23289
"cg_vd_v",66653.7,-3.20308
"cg_vd_v",66653.7,-3.18117
"cg_vd_v",66653.7,-3.24217
"cg_vd_v",66653.8,-3.24076
"cg_vd_v",66653.8,-3.1195
"cg_vd_v",66653.8,-3.16874
"cg_vd_v",66653.8,-3.32285
"cg_vd_v",66653.8,-3.14798
"cg_vd_v",66653.8,-3.05049
"cg_vd_v",66653.8,-3.32014
"cg_vd_v",66653.8,-3.27893
"cg_vd_v",66653.8,-3.03416
"cg_vd_v",66653.8,-3.17462
"cg_vd_v",66653.9,-3.29006
"cg_vd_v",66653.9,-3.14492
"cg_vd_v",66653.9,-3.15865
"cg_vd_v",66653.9,-3.20646
"cg_vd_v",66653.9,-3.1614
"cg_vd_v",66653.9,-3.13312
"cg_vd_v",66653.9,-3.19596
"cg_vd_v",66653.9,-3.19799
"cg_vd_v",66653.9,-3.10093
"cg_vd_v",66653.9,-3.1299
"cg_vd_v",66653.9,-3.30645
"cg_vd_v",66654,-3.20072
"cg_vd_v",66654,-3.01484
"cg_vd_v",66654,-3.22301
"cg_vd_v",66654,-3.35492
"cg_vd_v",66654,-3.08763
"cg_vd_v",66654,-3.09907
"cg_vd_v",66654,-3.28755
"cg_vd_v",66654,-3.24631
"cg_vd_v",66654,-3.16213
"cg_vd_v",66654,-3.19668
"cg_vd_v",66654.1,-3.20228
"cg_vd_v",66654.1,-3.19391
"cg_vd_v",66654.1,-3.20656
"cg_vd_v",66654.1,-3.24649
"cg_vd_v",66654.1,-3.23325
"cg_vd_v",66654.1,-3.13587
"cg_vd_v",66654.1,-3.21668
"cg_vd_v",66654.1,-3.33312
"cg_vd_v",66654.1,-3.22547
"cg_vd_v",66654.1,-3.08394
"cg_vd_v",66654.2,-3.24379
"cg_vd_v",66654.2,-3.39638
"cg_vd_v",66654.2,-3.17003
"cg_vd_v",66654.2,-3.10136
"cg_vd_v",66654.2,-3.31198
"cg_vd_v",66654.2,-3.246
"cg_vd_v",66654.2,-3.16988
"cg_vd_v",66654.2,-3.19877
"cg_vd_v",66654.2,-3.26526
"cg_vd_v",66654.2,-3.21716
"cg_vd_v",66654.3,-3.16509
"cg_vd_v",66654.3,-3.22584
"cg_vd_v",66654.3,-3.24273
"cg_vd_v",66654.3,-3.19419
"cg_vd_v",66654.3,-3.11009
"cg_vd_v",66654.3,-3.19926
"cg_vd_v",66654.3,-3.32604
"cg_vd_v",66654.3,-3.16724
"cg_vd_v",66654.3,-3.01262
"cg_vd_v",66654.4,-3.25531
"cg_vd_v",66654.4,-3.34053
"cg_vd_v",66654.4,-3.13211
"cg_vd_v",66654.4,-3.12523
"cg_vd_v",66654.4,-3.24769
"cg_vd_v",66654.4,-3.22316
"cg_vd_v",66654.4,-3.14718
"cg_vd_v",66654.4,-3.13625
"cg_vd_v",66654.4,-3.19478
"cg_vd_v",66654.4,-3.2131
"cg_vd_v",66654.4,-3.1376
"cg_vd_v",66654.5,-3.15111
"cg_vd_v",66654.5,-3.21054
"cg_vd_v",66654.5,-3.20201
"cg_vd_v",66654.5,-3.1357
"cg_vd_v",66654.5,-3.10756
"cg_vd_v",66654.5,-3.26574
"cg_vd_v",66654.5,-3.29093
"cg_vd_v",66654.5,-3.12171
"cg_vd_v",66654.5,-3.0105
"cg_vd_v",66654.5,-3.24221
"cg_vd_v",66654.6,-3.32334
"cg_vd_v",66654.6,-3.14089
"cg_vd_v",66654.6,-2.96617
"cg_vd_v",66654.6,-3.18488
"cg_vd_v",66654.6,-3.27609
"cg_vd_v",66654.6,-3.15606
"cg_vd_v",66654.6,-3.11293
"cg_vd_v",66654.6,-3.17108
"cg_vd_v",66654.6,-3.17517
"cg_vd_v",66654.7,-3.16601
"cg_vd_v",66654.7,-3.18532
"cg_vd_v",66654.7,-3.17188
"cg_vd_v",66654.7,-3.20768
"cg_vd_v",66654.7,-3.16806
"cg_vd_v",66654.7,-3.10055
"cg_vd_v",66654.8,-3.11601
"cg_vd_v",66654.8,-3.26087
"cg_vd_v",66654.8,-3.30367
"cg_vd_v",66654.8,-3.09581
"cg_vd_v",66654.8,-3.03684
"cg_vd_v",66654.8,-3.23618
"cg_vd_v",66654.8,-3.28522
"cg_vd_v",66654.8,-3.14061
"cg_vd_v",66654.9,-3.01361
"cg_vd_v",66654.9,-3.16973
"cg_vd_v",66654.9,-3.25689
"cg_vd_v",66654.9,-3.20047
"cg_vd_v",66654.9,-3.10675
"cg_vd_v",66654.9,-3.16055
"cg_vd_v",66655,-3.18986
"cg_vd_v",66655,-3.14786
"cg_vd_v",66655,-3.1348
"cg_vd_v",66655,-3.18194
"cg_vd_v",66655,-3.1143
"cg_vd_v",66655,-3.04785
"cg_vd_v",66655.1,-3.14986
"cg_vd_v",66655.1,-3.31863
"cg_vd_v",66655.1,-3.25037
"cg_vd_v",66655.1,-3.0889
"cg_vd_v",66655.1,-3.06582
"cg_vd_v",66655.1,-3.21658
"cg_vd_v",66655.1,-3.28587
"cg_vd_v",66655.1,-3.17329
"cg_vd_v",66655.1,-3.17428
"cg_vd_v",66655.1,-3.14968
"cg_vd_v",66655.2,-3.22944
"cg_vd_v",66655.2,-3.19724
"cg_vd_v",66655.2,-3.15232
"cg_vd_v",66655.2,-3.13694
"cg_vd_v",66655.2,-3.18399
"cg_vd_v",66655.2,-3.2185
"cg_vd_v",66655.2,-3.22309
"cg_vd_v",66655.2,-3.12041
"cg_vd_v",66655.2,-3.08348
"cg_vd_v",66655.2,-3.17945
"cg_vd_v",66655.2,-3.35822
"cg_vd_v",66655.2,-3.25446
"cg_vd_v",66655.3,-3.02346
"cg_vd_v",66655.3,-2.99819
"cg_vd_v",66655.3,-3.20827
"cg_vd_v",66655.3,-3.30338
"cg_vd_v",66655.3,-3.24235
"cg_vd_v",66655.3,-3.05248
"cg_vd_v",66655.3,-2.99892
"cg_vd_v",66655.3,-3.19209
"cg_vd_v",66655.3,-3.22074
"cg_vd_v",66655.3,-3.1927
"cg_vd_v",66655.4,-3.07437
"cg_vd_v",66655.4,-3.15493
"cg_vd_v",66655.4,-3.18618
"cg_vd_v",66655.4,-3.18986
"cg_vd_v",66655.4,-3.13676
"cg_vd_v",66655.4,-3.11905
"cg_vd_v",66655.4,-3.13149
"cg_vd_v",66655.4,-3.1767
"cg_vd_v",66655.4,-3.22391
"cg_vd_v",66655.4,-3.17781
"cg_vd_v",66655.4,-3.11122
"cg_vd_v",66655.5,-3.06141
"cg_vd_v",66655.5,-3.10834
"cg_vd_v",66655.5,-3.24751
"cg_vd_v",66655.5,-3.26544
"cg_vd_v",66655.5,-3.11475
"cg_vd_v",66655.5,-2.97427
"cg_vd_v",66655.5,-3.03006
"cg_vd_v",66655.5,-3.22864
"cg_vd_v",66655.5,-3.32052
"cg_vd_v",66655.5,-3.21234
"cg_vd_v",66655.6,-3.04827
"cg_vd_v",66655.6,-3.01443
"cg_vd_v",66655.6,-3.15378
"cg_vd_v",66655.6,-3.24239
"cg_vd_v",66655.6,-3.22712
"cg_vd_v",66655.6,-3.1043
"cg_vd_v",66655.6,-3.08924
"cg_vd_v",66655.6,-3.12813
"cg_vd_v",66655.6,-3.14863
"cg_vd_v",66655.6,-3.08266
"cg_vd_v",66655.6,-3.10989
"cg_vd_v",66655.6,-3.12124
"cg_vd_v",66655.7,-3.16333
"cg_vd_v",66655.7,-3.13288
"cg_vd_v",66655.7,-3.1939
"cg_vd_v",66655.7,-3.21076
"cg_vd_v",66655.7,-3.13953
"cg_vd_v",66655.7,-3.04264
"cg_vd_v",66655.7,-3.05084
"cg_vd_v",66655.7,-3.17344
"cg_vd_v",66655.7,-3.31019
"cg_vd_v",66655.7,-3.25503
"cg_vd_v",66655.8,-3.10685
"cg_vd_v",66655.8,-2.94248
"cg_vd_v",66655.8,-3.0007
"cg_vd_v",66655.8,-3.19123
"cg_vd_v",66655.8,-3.36171
"cg_vd_v",66655.8,-3.29046
"cg_vd_v",66655.8,-3.10317
"cg_vd_v",66655.8,-2.94257
"cg_vd_v",66655.8,-3.05834
"cg_vd_v",66655.8,-3.17721
"cg_vd_v",66655.8,-3.2875
"cg_vd_v",66655.8,-3.21035
"cg_vd_v",66655.9,-3.09969
"cg_vd_v",66655.9,-3.09887
"cg_vd_v",66655.9,-3.13532
"cg_vd_v",66655.9,-3.17825
"cg_vd_v",66655.9,-3.15515
"cg_vd_v",66655.9,-3.19177
"cg_vd_v",66655.9,-3.12352
"cg_vd_v",66655.9,-3.10987
"cg_vd_v",66655.9,-3.17369
"cg_vd_v",66655.9,-3.15222
"cg_vd_v",66656,-3.19064
"cg_vd_v",66656,-3.21458
"cg_vd_v",66656,-3.18651
"cg_vd_v",66656,-3.09798
"cg_vd_v",66656,-3.06711
"cg_vd_v",66656,-3.12769
"cg_vd_v",66656,-3.29962
"cg_vd_v",66656,-3.31968
"cg_vd_v",66656,-3.25129
"cg_vd_v",66656,-3.08727
"cg_vd_v",66656.1,-2.93171
"cg_vd_v",66656.1,-2.97026
"cg_vd_v",66656.1,-3.16745
"cg_vd_v",66656.1,-3.34616
"cg_vd_v",66656.1,-3.31672
"cg_vd_v",66656.1,-3.18323
"cg_vd_v",66656.1,-3.01971
"cg_vd_v",66656.1,-2.94964
"cg_vd_v",66656.1,-3.04862
"cg_vd_v",66656.1,-3.20588
"cg_vd_v",66656.1,-3.1892
"cg_vd_v",66656.2,-3.22009
"cg_vd_v",66656.2,-3.09602
"cg_vd_v",66656.2,-3.06216
"cg_vd_v",66656.2,-3.1218
"cg_vd_v",66656.2,-3.10811
"cg_vd_v",66656.2,-3.17027
"cg_vd_v",66656.2,-3.13182
"cg_vd_v",66656.2,-3.13739
"cg_vd_v",66656.2,-3.12636
"cg_vd_v",66656.2,-3.09796
"cg_vd_v",66656.3,-3.1057
"cg_vd_v",66656.3,-3.13476
"cg_vd_v",66656.3,-3.15775
"cg_vd_v",66656.3,-3.1691
"cg_vd_v",66656.3,-3.17642
"cg_vd_v",66656.3,-3.11033
"cg_vd_v",66656.3,-3.0376
"cg_vd_v",66656.3,-3.02899
"cg_vd_v",66656.3,-3.05485
"cg_vd_v",66656.4,-3.16656
"cg_vd_v",66656.4,-3.24545
"cg_vd_v",66656.4,-3.29963
"cg_vd_v",66656.4,-3.18829
"cg_vd_v",66656.4,-3.02589
"cg_vd_v",66656.4,-2.88856
"cg_vd_v",66656.4,-2.93501
"cg_vd_v",66656.4,-3.09477
"cg_vd_v",66656.4,-3.24111
"cg_vd_v",66656.5,-3.29621
"cg_vd_v",66656.5,-3.24388
"cg_vd_v",66656.5,-3.08953
"cg_vd_v",66656.5,-2.86591
"cg_vd_v",66656.5,-2.88371
"cg_vd_v",66656.5,-2.97103
"cg_vd_v",66656.5,-3.08548
"cg_vd_v",66656.5,-3.18588
"cg_vd_v",66656.5,-3.2063
"cg_vd_v",66656.5,-3.16119
"cg_vd_v",66656.5,-3.07783
"cg_vd_v",66656.6,-3.01303
"cg_vd_v",66656.6,-2.99166
"cg_vd_v",66656.6,-3.05903
"cg_vd_v",66656.6,-3.07906
"cg_vd_v",66656.6,-3.11071
"cg_vd_v",66656.6,-3.09394
"cg_vd_v",66656.6,-3.07657
"cg_vd_v",66656.6,-3.0215
"cg_vd_v",66656.6,-3.05359
"cg_vd_v",66656.6,-3.04164
"cg_vd_v",66656.7,-3.03652
"cg_vd_v",66656.7,-3.08977
"cg_vd_v",66656.7,-3.13622
"cg_vd_v",66656.7,-3.19611
"cg_vd_v",66656.7,-3.14378
"cg_vd_v",66656.7,-3.0719
"cg_vd_v",66656.7,-3.03016
"cg_vd_v",66656.7,-2.96601
"cg_vd_v",66656.7,-2.95383
"cg_vd_v",66656.8,-3.02182
"cg_vd_v",66656.8,-3.12455
"cg_vd_v",66656.8,-3.19912
"cg_vd_v",66656.8,-3.30627
"cg_vd_v",66656.8,-3.25415
"cg_vd_v",66656.8,-3.18199
"cg_vd_v",66656.8,-2.96906
"cg_vd_v",66656.8,-2.79878
"cg_vd_v",66656.8,-2.80886
"cg_vd_v",66656.8,-2.91978
"cg_vd_v",66656.9,-3.07004
"cg_vd_v",66656.9,-3.25731
"cg_vd_v",66656.9,-3.35022
"cg_vd_v",66656.9,-3.29762
"cg_vd_v",66656.9,-3.17006
"cg_vd_v",66656.9,-3.03847
"cg_vd_v",66656.9,-2.90258
"cg_vd_v",66656.9,-2.84767
"cg_vd_v",66656.9,-2.94276
"cg_vd_v",66656.9,-3.05246
"cg_vd_v",66656.9,-3.14565
"cg_vd_v",66657,-3.22337
"cg_vd_v",66657,-3.22244
"cg_vd_v",66657,-3.15603
"cg_vd_v",66657,-3.07464
"cg_vd_v",66657,-2.99053
"cg_vd_v",66657,-2.9739
"cg_vd_v",66657,-3.02078
"cg_vd_v",66657,-3.02981
"cg_vd_v",66657,-3.08369
"cg_vd_v",66657,-3.10911
"cg_vd_v",66657.1,-3.1225
"cg_vd_v",66657.1,-3.08489
"cg_vd_v",66657.1,-3.04017
"cg_vd_v",66657.1,-3.09969
"cg_vd_v",66657.1,-3.04137
"cg_vd_v",66657.1,-3.11177
"cg_vd_v",66657.1,-3.01311
"cg_vd_v",66657.1,-3.09449
"cg_vd_v",66657.1,-3.09044
"cg_vd_v",66657.1,-3.13253
"cg_vd_v",66657.2,-3.17145
"cg_vd_v",66657.2,-3.19618
"cg_vd_v",66657.2,-3.15098
"cg_vd_v",66657.2,-3.07714
"cg_vd_v",66657.2,-2.98505
"cg_vd_v",66657.2,-2.95366
"cg_vd_v",66657.2,-2.8893
"cg_vd_v",66657.2,-2.86895
"cg_vd_v",66657.2,-2.93944
"cg_vd_v",66657.2,-3.02647
"cg_vd_v",66657.3,-3.14567
"cg_vd_v",66657.3,-3.23309
"cg_vd_v",66657.3,-3.25398
"cg_vd_v",66657.3,-3.22968
"cg_vd_v",66657.3,-3.14974
"cg_vd_v",66657.3,-3.00082
"cg_vd_v",66657.3,-2.88609
"cg_vd_v",66657.3,-2.77055
"cg_vd_v",66657.3,-2.71938
"cg_vd_v",66657.3,-2.7494
"cg_vd_v",66657.4,-2.8865
"cg_vd_v",66657.4,-3.04157
"cg_vd_v",66657.4,-3.17283
"cg_vd_v",66657.4,-3.3052
"cg_vd_v",66657.4,-3.39253
"cg_vd_v",66657.4,-3.26978
"cg_vd_v",66657.4,-3.18811
"cg_vd_v",66657.4,-3.03254
"cg_vd_v",66657.4,-2.88836
"cg_vd_v",66657.5,-2.76708
"cg_vd_v",66657.5,-2.71558
"cg_vd_v",66657.5,-2.80126
"cg_vd_v",66657.5,-2.81598
"cg_vd_v",66657.5,-2.96565
"cg_vd_v",66657.5,-3.05769
"cg_vd_v",66657.5,-3.14176
"cg_vd_v",66657.5,-3.18269
"cg_vd_v",66657.5,-3.2356
"cg_vd_v",66657.5,-3.16665
"cg_vd_v",66657.5,-3.08976
"cg_vd_v",66657.6,-3.03277
"cg_vd_v",66657.6,-2.97142
"cg_vd_v",66657.6,-2.91274
"cg_vd_v",66657.6,-2.94063
"cg_vd_v",66657.6,-2.8988
"cg_vd_v",66657.6,-2.94121
"cg_vd_v",66657.6,-3.00666
"cg_vd_v",66657.6,-3.03516
"cg_vd_v",66657.6,-3.06361
"cg_vd_v",66657.6,-3.02581
"cg_vd_v",66657.7,-3.04712
"cg_vd_v",66657.7,-3.05511
"cg_vd_v",66657.7,-3.0012
"cg_vd_v",66657.7,-3.00958
"cg_vd_v",66657.7,-2.99225
"cg_vd_v",66657.7,-2.9692
"cg_vd_v",66657.7,-2.95171
"cg_vd_v",66657.7,-2.9464
"cg_vd_v",66657.7,-2.95184
"cg_vd_v",66657.8,-2.99474
"cg_vd_v",66657.8,-3.00164
"cg_vd_v",66657.8,-3.00568
"cg_vd_v",66657.8,-3.08839
"cg_vd_v",66657.8,-3.09382
"cg_vd_v",66657.8,-3.18105
"cg_vd_v",66657.8,-3.08024
"cg_vd_v",66657.8,-3.14203
"cg_vd_v",66657.8,-3.13347
"cg_vd_v",66657.8,-3.11804
"cg_vd_v",66657.9,-3.05931
"cg_vd_v",66657.9,-2.98745
"cg_vd_v",66657.9,-2.91968
"cg_vd_v",66657.9,-2.86254
"cg_vd_v",66657.9,-2.80689
"cg_vd_v",66657.9,-2.78231
"cg_vd_v",66657.9,-2.78828
"cg_vd_v",66657.9,-2.83706
"cg_vd_v",66657.9,-2.91389
"cg_vd_v",66657.9,-3.01003
"cg_vd_v",66658,-3.12421
"cg_vd_v",66658,-3.18452
"cg_vd_v",66658,-3.302
"cg_vd_v",66658,-3.34705
"cg_vd_v",66658,-3.44291
"cg_vd_v",66658,-3.40671
"cg_vd_v",66658,-3.34006
"cg_vd_v",66658,-3.25578
"cg_vd_v",66658,-3.12241
"cg_vd_v",66658,-2.96121
"cg_vd_v",66658.1,-2.82983
"cg_vd_v",66658.1,-2.68298
"cg_vd_v",66658.1,-2.5579
"cg_vd_v",66658.1,-2.48341
"cg_vd_v",66658.1,-2.47607
"cg_vd_v",66658.1,-2.54385
"cg_vd_v",66658.1,-2.56488
"cg_vd_v",66658.1,-2.72822
"cg_vd_v",66658.1,-2.8336
"cg_vd_v",66658.1,-3.02741
"cg_vd_v",66658.2,-3.1686
"cg_vd_v",66658.2,-3.31642
"cg_vd_v",66658.2,-3.46314
"cg_vd_v",66658.2,-3.49032
"cg_vd_v",66658.2,-3.56731
"cg_vd_v",66658.2,-3.57529
"cg_vd_v",66658.2,-3.5064
"cg_vd_v",66658.2,-3.44044
"cg_vd_v",66658.2,-3.32391
"cg_vd_v",66658.2,-3.18896
"cg_vd_v",66658.2,-3.02473
"cg_vd_v",66658.3,-2.8924
"cg_vd_v",66658.3,-2.76995
"cg_vd_v",66658.3,-2.63808
"cg_vd_v",66658.3,-2.50982
"cg_vd_v",66658.3,-2.49034
"cg_vd_v",66658.3,-2.4602
"cg_vd_v",66658.3,-2.46137
"cg_vd_v",66658.3,-2.54641
"cg_vd_v",66658.3,-2.62634
"cg_vd_v",66658.4,-2.69159
"cg_vd_v",66658.4,-2.80181
"cg_vd_v",66658.4,-2.91378
"cg_vd_v",66658.4,-2.97872
"cg_vd_v",66658.4,-3.14688
"cg_vd_v",66658.4,-3.18585
"cg_vd_v",66658.4,-3.26063
"cg_vd_v",66658.4,-3.31589
"cg_vd_v",66658.4,-3.35791
"cg_vd_v",66658.4,-3.41356
"cg_vd_v",66658.5,-3.37276
"cg_vd_v",66658.5,-3.34866
"cg_vd_v",66658.5,-3.32834
"cg_vd_v",66658.5,-3.27698
"cg_vd_v",66658.5,-3.22483
"cg_vd_v",66658.5,-3.13493
"cg_vd_v",66658.5,-3.05819
"cg_vd_v",66658.5,-3.00487
"cg_vd_v",66658.5,-2.90601
"cg_vd_v",66658.5,-2.85635
"cg_vd_v",66658.6,-2.7812
"cg_vd_v",66658.6,-2.71028
"cg_vd_v",66658.6,-2.67745
"cg_vd_v",66658.6,-2.67795
"cg_vd_v",66658.6,-2.75637
"cg_vd_v",66658.6,-2.65935
"cg_vd_v",66658.6,-2.65899
"cg_vd_v",66658.6,-2.65562
"cg_vd_v",66658.6,-2.69473
"cg_vd_v",66658.6,-2.72044
"cg_vd_v",66658.7,-2.74488
"cg_vd_v",66658.7,-2.78298
"cg_vd_v",66658.7,-2.82771
"cg_vd_v",66658.7,-2.84986
"cg_vd_v",66658.7,-2.87017
"cg_vd_v",66658.7,-2.93913
"cg_vd_v",66658.7,-3.00108
"cg_vd_v",66658.7,-2.99972
"cg_vd_v",66658.7,-3.00517
"cg_vd_v",66658.7,-3.07541
"cg_vd_v",66658.8,-3.1147
"cg_vd_v",66658.8,-3.11985
"cg_vd_v",66658.8,-3.12517
"cg_vd_v",66658.8,-3.09699
"cg_vd_v",66658.8,-3.11536
"cg_vd_v",66658.8,-3.08157
"cg_vd_v",66658.8,-3.02703
"cg_vd_v",66658.8,-3.10373
"cg_vd_v",66658.8,-3.07811
"cg_vd_v",66658.8,-3.07181
"cg_vd_v",66658.9,-3.02735
"cg_vd_v",66658.9,-3.05198
"cg_vd_v",66658.9,-3.00115
"cg_vd_v",66658.9,-2.98817
"cg_vd_v",66658.9,-2.94554
"cg_vd_v",66658.9,-2.95138
"cg_vd_v",66658.9,-2.90104
"cg_vd_v",66658.9,-2.91651
"cg_vd_v",66658.9,-2.89154
"cg_vd_v",66658.9,-2.84681
"cg_vd_v",66659,-2.85958
"cg_vd_v",66659,-2.81781
"cg_vd_v",66659,-2.80531
"cg_vd_v",66659,-2.77949
"cg_vd_v",66659,-2.77916
"cg_vd_v",66659,-2.77922
"cg_vd_v",66659,-2.81152
"cg_vd_v",66659,-2.78569
"cg_vd_v",66659,-2.74223
"cg_vd_v",66659,-2.78783
"cg_vd_v",66659.1,-2.76433
"cg_vd_v",66659.1,-2.74329
"cg_vd_v",66659.1,-2.75923
"cg_vd_v",66659.1,-2.75766
"cg_vd_v",66659.1,-2.74058
"cg_vd_v",66659.1,-2.66946
"cg_vd_v",66659.1,-2.75198
"cg_vd_v",66659.1,-2.74997
"cg_vd_v",66659.1,-2.70026
"cg_vd_v",66659.1,-2.73249
"cg_vd_v",66659.2,-2.73459
"cg_vd_v",66659.2,-2.68766
"cg_vd_v",66659.2,-2.69025
"cg_vd_v",66659.2,-2.70661
"cg_vd_v",66659.2,-2.70426
"cg_vd_v",66659.2,-2.70905
"cg_vd_v",66659.2,-2.71465
"cg_vd_v",66659.2,-2.73503
"cg_vd_v",66659.2,-2.74392
"cg_vd_v",66659.2,-2.74658
"cg_vd_v",66659.2,-2.76214
"cg_vd_v",66659.3,-2.77763
"cg_vd_v",66659.3,-2.78586
"cg_vd_v",66659.3,-2.78474
"cg_vd_v",66659.3,-2.80095
"cg_vd_v",66659.3,-2.82701
"cg_vd_v",66659.3,-2.82227
"cg_vd_v",66659.3,-2.86163
"cg_vd_v",66659.3,-2.86478
"cg_vd_v",66659.3,-2.85865
"cg_vd_v",66659.4,-2.89103
"cg_vd_v",66659.4,-2.8916
"cg_vd_v",66659.4,-2.92611
"cg_vd_v",66659.4,-2.93362
"cg_vd_v",66659.4,-2.97276
"cg_vd_v",66659.4,-2.96838
"cg_vd_v",66659.4,-2.99677
"cg_vd_v",66659.4,-3.02409
"cg_vd_v",66659.4,-3.06961
"cg_vd_v",66659.4,-3.10728
"cg_vd_v",66659.4,-3.06833
"cg_vd_v",66659.5,-3.09398
"cg_vd_v",66659.5,-3.11623
"cg_vd_v",66659.5,-3.12516
"cg_vd_v",66659.5,-3.1097
"cg_vd_v",66659.5,-3.09618
"cg_vd_v",66659.5,-3.18444
"cg_vd_v",66659.5,-3.20533
"cg_vd_v",66659.5,-3.17904
"cg_vd_v",66659.5,-3.22146
"cg_vd_v",66659.5,-3.24348
"cg_vd_v",66659.6,-3.2706
"cg_vd_v",66659.6,-3.27057
"cg_vd_v",66659.6,-3.27472
"cg_vd_v",66659.6,-3.29533
"cg_vd_v",66659.6,-3.27026
"cg_vd_v",66659.6,-3.30537
"cg_vd_v",66659.6,-3.30993
"cg_vd_v",66659.6,-3.34844
"cg_vd_v",66659.6,-3.39365
"cg_vd_v",66659.6,-3.37634
"cg_vd_v",66659.7,-3.41287
"cg_vd_v",66659.7,-3.40065
"cg_vd_v",66659.7,-3.41391
"cg_vd_v",66659.7,-3.41767
"cg_vd_v",66659.7,-3.44033
"cg_vd_v",66659.7,-3.4533
"cg_vd_v",66659.7,-3.47795
"cg_vd_v",66659.7,-3.4745
"cg_vd_v",66659.7,-3.47082
"cg_vd_v",66659.7,-3.51641
"cg_vd_v",66659.8,-3.54467
"cg_vd_v",66659.8,-3.53873
"cg_vd_v",66659.8,-3.55849
"cg_vd_v",66659.8,-3.5601
"cg_vd_v",66659.8,-3.56788
"cg_vd_v",66659.8,-3.62032
"cg_vd_v",66659.8,-3.55514
"cg_vd_v",66659.8,-3.58662
"cg_vd_v",66659.8,-3.63369
"cg_vd_v",66659.8,-3.63341
"cg_vd_v",66659.9,-3.66802
"cg_vd_v",66659.9,-3.67156
"cg_vd_v",66659.9,-3.68603
"cg_vd_v",66659.9,-3.68682
"cg_vd_v",66659.9,-3.69773
"cg_vd_v",66659.9,-3.69961
"cg_vd_v",66659.9,-3.65558
"cg_vd_v",66659.9,-3.73004
"cg_vd_v",66659.9,-3.74853
"cg_vd_v",66659.9,-3.7459
"cg_vd_v",66660,-3.75997
"cg_vd_v",66660,-3.77194
"cg_vd_v",66660,-3.79556
"cg_vd_v",66660,-3.86143
"cg_vd_v",66660,-3.80676
"cg_vd_v",66660,-3.85415
"cg_vd_v",66660,-3.85083
"cg_vd_v",66660,-3.86764
"cg_vd_v",66660,-3.87988
"cg_vd_v",66660,-3.89585
"cg_vd_v",66660.1,-3.92889
"cg_vd_v",66660.1,-3.92348
"cg_vd_v",66660.1,-3.95623
"cg_vd_v",66660.1,-3.99834
"cg_vd_v",66660.1,-3.98633
"cg_vd_v",66660.1,-4.00614
"cg_vd_v",66660.1,-4.02929
"cg_vd_v",66660.1,-4.02449
"cg_vd_v",66660.1,-4.06036
"cg_vd_v",66660.1,-4.09297
"cg_vd_v",66660.2,-4.12757
"cg_vd_v",66660.2,-4.11987
"cg_vd_v",66660.2,-4.1273
"cg_vd_v",66660.2,-4.13214
"cg_vd_v",66660.2,-4.14641
"cg_vd_v",66660.2,-4.18001
"cg_vd_v",66660.2,-4.17386
"cg_vd_v",66660.2,-4.19943
"cg_vd_v",66660.2,-4.20318
"cg_vd_v",66660.2,-4.24905
"cg_vd_v",66660.3,-4.27291
"cg_vd_v",66660.3,-4.27802
"cg_vd_v",66660.3,-4.30897
"cg_vd_v",66660.3,-4.3157
"cg_vd_v",66660.3,-4.34329
"cg_vd_v",66660.3,-4.4382
"cg_vd_v",66660.3,-4.36492
"cg_vd_v",66660.3,-4.35053
"cg_vd_v",66660.3,-4.37686
"cg_vd_v",66660.3,-4.41045
"cg_vd_v",66660.4,-4.44906
"cg_vd_v",66660.4,-4.42637
"cg_vd_v",66660.4,-4.4133
"cg_vd_v",66660.4,-4.46229
"cg_vd_v",66660.4,-4.46413
"cg_vd_v",66660.4,-4.54626
"cg_vd_v",66660.4,-4.55759
"cg_vd_v",66660.4,-4.50642
"cg_vd_v",66660.4,-4.5213
"cg_vd_v",66660.4,-4.53127
"cg_vd_v",66660.4,-4.54957
"cg_vd_v",66660.5,-4.56926
"cg_vd_v",66660.5,-4.58479
"cg_vd_v",66660.5,-4.59875
"cg_vd_v",66660.5,-4.61394
"cg_vd_v",66660.5,-4.59706
"cg_vd_v",66660.5,-4.60448
"cg_vd_v",66660.5,-4.63806
"cg_vd_v",66660.5,-4.63851
"cg_vd_v",66660.5,-4.6763
"cg_vd_v",66660.5,-4.65242
"cg_vd_v",66660.6,-4.70038
"cg_vd_v",66660.6,-4.76738
"cg_vd_v",66660.6,-4.68811
"cg_vd_v",66660.6,-4.715
"cg_vd_v",66660.6,-4.74101
"cg_vd_v",66660.6,-4.74151
"cg_vd_v",66660.6,-4.76293
"cg_vd_v",66660.6,-4.77118
"cg_vd_v",66660.6,-4.79997
"cg_vd_v",66660.6,-4.80194
"cg_vd_v",66660.7,-4.82482
"cg_vd_v",66660.7,-4.82486
"cg_vd_v",66660.7,-4.86189
"cg_vd_v",66660.7,-4.83995
"cg_vd_v",66660.7,-4.89837
"cg_vd_v",66660.7,-4.87812
"cg_vd_v",66660.7,-4.91355
"cg_vd_v",66660.7,-4.93332
"cg_vd_v",66660.7,-4.94766
"cg_vd_v",66660.7,-4.97866
"cg_vd_v",66660.8,-4.90868
"cg_vd_v",66660.8,-4.99926
"cg_vd_v",66660.8,-4.98816
"cg_vd_v",66660.8,-5.00668
"cg_vd_v",66660.8,-5.03196
"cg_vd_v",66660.8,-5.01713
"cg_vd_v",66660.8,-5.0358
"cg_vd_v",66660.8,-5.08962
"cg_vd_v",66660.8,-5.11198
"cg_vd_v",66660.8,-5.12395
"cg_vd_v",66660.9,-5.13407
"cg_vd_v",66660.9,-5.15967
"cg_vd_v",66660.9,-5.1806
"cg_vd_v",66660.9,-5.18713
"cg_vd_v",66660.9,-5.21639
"cg_vd_v",66660.9,-5.22044
"cg_vd_v",66660.9,-5.2194
"cg_vd_v",66660.9,-5.26174
"cg_vd_v",66660.9,-5.28101
"cg_vd_v",66660.9,-5.26975
"cg_vd_v",66661,-5.28502
"cg_vd_v",66661,-5.28545
"cg_vd_v",66661,-5.30255
"cg_vd_v",66661,-5.28628
"cg_vd_v",66661,-5.32327
"cg_vd_v",66661,-5.36351
"cg_vd_v",66661,-5.37609
"cg_vd_v",66661,-5.36647
"cg_vd_v",66661,-5.35152
"cg_vd_v",66661,-5.40461
"cg_vd_v",66661.1,-5.41435
"cg_vd_v",66661.1,-5.42149
"cg_vd_v",66661.1,-5.41428
"cg_vd_v",66661.1,-5.43952
"cg_vd_v",66661.1,-5.46073
"cg_vd_v",66661.1,-5.42792
"cg_vd_v",66661.1,-5.44326
"cg_vd_v",66661.1,-5.48826
"cg_vd_v",66661.1,-5.47186
"cg_vd_v",66661.1,-5.48203
"cg_vd_v",66661.2,-5.50056
"cg_vd_v",66661.2,-5.49903
"cg_vd_v",66661.2,-5.51124
"cg_vd_v",66661.2,-5.51363
"cg_vd_v",66661.2,-5.58162
"cg_vd_v",66661.2,-5.55996
"cg_vd_v",66661.2,-5.56521
"cg_vd_v",66661.2,-5.5785
"cg_vd_v",66661.2,-5.58477
"cg_vd_v",66661.2,-5.61186
"cg_vd_v",66661.3,-5.60943
"cg_vd_v",66661.3,-5.604
"cg_vd_v",66661.3,-5.63731
"cg_vd_v",66661.3,-5.65734
"cg_vd_v",66661.3,-5.66059
"cg_vd_v",66661.3,-5.668
"cg_vd_v",66661.3,-5.68429
"cg_vd_v",66661.3,-5.69333
"cg_vd_v",66661.3,-5.72449
"cg_vd_v",66661.3,-5.70045
"cg_vd_v",66661.4,-5.72891
"cg_vd_v",66661.4,-5.73701
"cg_vd_v",66661.4,-5.71642
"cg_vd_v",66661.4,-5.76716
"cg_vd_v",66661.4,-5.79048
"cg_vd_v",66661.4,-5.77801
"cg_vd_v",66661.4,-5.84403
"cg_vd_v",66661.4,-5.78878
"cg_vd_v",66661.4,-5.82987
"cg_vd_v",66661.4,-5.82017
"cg_vd_v",66661.5,-5.87512
"cg_vd_v",66661.5,-5.86305
"cg_vd_v",66661.5,-5.86871
"cg_vd_v",66661.5,-5.90767
"cg_vd_v",66661.5,-5.92197
"cg_vd_v",66661.5,-5.91915
"cg_vd_v",66661.5,-5.9478
"cg_vd_v",66661.5,-5.95273
"cg_vd_v",66661.5,-5.97673
"cg_vd_v",66661.5,-5.98264
"cg_vd_v",66661.6,-5.96922
"cg_vd_v",66661.6,-6.01094
"cg_vd_v",66661.6,-6.02294
"cg_vd_v",66661.6,-6.03464
"cg_vd_v",66661.6,-6.11442
"cg_vd_v",66661.6,-6.05851
"cg_vd_v",66661.6,-6.10531
"cg_vd_v",66661.6,-6.09851
"cg_vd_v",66661.6,-6.11442
"cg_vd_v",66661.6,-6.12686
"cg_vd_v",66661.7,-6.14664
"cg_vd_v",66661.7,-6.1707
"cg_vd_v",66661.7,-6.1596
"cg_vd_v",66661.7,-6.17706
"cg_vd_v",66661.7,-6.20251
"cg_vd_v",66661.7,-6.20445
"cg_vd_v",66661.7,-6.21198
"cg_vd_v",66661.7,-6.23329
"cg_vd_v",66661.7,-6.24543
"cg_vd_v",66661.8,-6.25864
"cg_vd_v",66661.8,-6.27298
"cg_vd_v",66661.8,-6.29588
"cg_vd_v",66661.8,-6.30406
"cg_vd_v",66661.8,-6.34511
"cg_vd_v",66661.8,-6.35319
"cg_vd_v",66661.8,-6.3661
"cg_vd_v",66661.8,-6.36586
"cg_vd_v",66661.8,-6.40128
"cg_vd_v",66661.8,-6.41389
"cg_vd_v",66661.8,-6.43402
"cg_vd_v",66661.9,-6.42255
"cg_vd_v",66661.9,-6.44569
"cg_vd_v",66661.9,-6.45701
"cg_vd_v",66661.9,-6.47811
"cg_vd_v",66661.9,-6.52553
"cg_vd_v",66661.9,-6.46851
"cg_vd_v",66661.9,-6.53135
"cg_vd_v",66661.9,-6.54579
"cg_vd_v",66661.9,-6.58537
"cg_vd_v",66661.9,-6.56269
"cg_vd_v",66662,-6.61268
"cg_vd_v",66662,-6.57917
"cg_vd_v",66662,-6.59587
"cg_vd_v",66662,-6.6244
"cg_vd_v",66662,-6.62809
"cg_vd_v",66662,-6.62829
"cg_vd_v",66662,-6.6498
"cg_vd_v",66662,-6.64938
"cg_vd_v",66662,-6.68544
"cg_vd_v",66662,-6.69285
"cg_vd_v",66662.1,-6.68285
"cg_vd_v",66662.1,-6.73575
"cg_vd_v",66662.1,-6.72258
"cg_vd_v",66662.1,-6.73649
"cg_vd_v",66662.1,-6.74757
"cg_vd_v",66662.1,-6.73275
"cg_vd_v",66662.1,-6.78756
"cg_vd_v",66662.1,-6.79281
"cg_vd_v",66662.1,-6.77595
"cg_vd_v",66662.1,-6.80836
"cg_vd_v",66662.2,-6.8011
"cg_vd_v",66662.2,-6.86339
"cg_vd_v",66662.2,-6.77904
"cg_vd_v",66662.2,-6.84258
"cg_vd_v",66662.2,-6.85475
"cg_vd_v",66662.2,-6.85459
"cg_vd_v",66662.2,-6.86776
"cg_vd_v",66662.2,-6.89265
"cg_vd_v",66662.2,-6.88486
"cg_vd_v",66662.2,-6.89537
"cg_vd_v",66662.3,-6.9507
"cg_vd_v",66662.3,-6.95881
"cg_vd_v",66662.3,-6.95904
"cg_vd_v",66662.3,-6.94213
"cg_vd_v",66662.3,-6.9688
"cg_vd_v",66662.3,-6.99941
"cg_vd_v",66662.3,-7.01566
"cg_vd_v",66662.3,-7.03429
"cg_vd_v",66662.3,-7.05037
"cg_vd_v",66662.3,-7.04587
"cg_vd_v",66662.4,-7.08086
"cg_vd_v",66662.4,-7.03869
"cg_vd_v",66662.4,-7.11434
"cg_vd_v",66662.4,-7.1322
"cg_vd_v",66662.4,-7.15288
"cg_vd_v",66662.4,-7.13515
"cg_vd_v",66662.4,-7.15867
"cg_vd_v",66662.4,-7.18065
"cg_vd_v",66662.4,-7.20826
"cg_vd_v",66662.4,-7.18443
"cg_vd_v",66662.5,-7.2242
"cg_vd_v",66662.5,-7.23129
"cg_vd_v",66662.5,-7.25132
"cg_vd_v",66662.5,-7.26234
"cg_vd_v",66662.5,-7.28377
"cg_vd_v",66662.5,-7.32479
"cg_vd_v",66662.5,-7.30705
"cg_vd_v",66662.5,-7.31084
"cg_vd_v",66662.5,-7.32421
"cg_vd_v",66662.5,-7.34113
"cg_vd_v",66662.6,-7.32951
"cg_vd_v",66662.6,-7.31899
"cg_vd_v",66662.6,-7.35471
"cg_vd_v",66662.6,-7.3828
"cg_vd_v",66662.6,-7.41352
"cg_vd_v",66662.6,-7.42464
"cg_vd_v",66662.6,-7.43114
"cg_vd_v",66662.6,-7.444
"cg_vd_v",66662.6,-7.45127
"cg_vd_v",66662.6,-7.45112
"cg_vd_v",66662.7,-7.53239
"cg_vd_v",66662.7,-7.53693
"cg_vd_v",66662.7,-7.55532
"cg_vd_v",66662.7,-7.51847
"cg_vd_v",66662.7,-7.55915
"cg_vd_v",66662.7,-7.54979
"cg_vd_v",66662.7,-7.56577
"cg_vd_v",66662.7,-7.58472
"cg_vd_v",66662.7,-7.60681
"cg_vd_v",66662.7,-7.61154
"cg_vd_v",66662.8,-7.60779
"cg_vd_v",66662.8,-7.63223
"cg_vd_v",66662.8,-7.6168
"cg_vd_v",66662.8,-7.6508
"cg_vd_v",66662.8,-7.63751
"cg_vd_v",66662.8,-7.66408
"cg_vd_v",66662.8,-7.68323
"cg_vd_v",66662.8,-7.70711
"cg_vd_v",66662.8,-7.69656
"cg_vd_v",66662.8,-7.70934
"cg_vd_v",66662.9,-7.71831
"cg_vd_v",66662.9,-7.75817
"cg_vd_v",66662.9,-7.74724
"cg_vd_v",66662.9,-7.77217
"cg_vd_v",66662.9,-7.78297
"cg_vd_v",66662.9,-7.79515
"cg_vd_v",66662.9,-7.822
"cg_vd_v",66662.9,-7.82374
"cg_vd_v",66662.9,-7.78585
"cg_vd_v",66662.9,-7.859
"cg_vd_v",66663,-7.86818
"cg_vd_v",66663,-7.87405
"cg_vd_v",66663,-7.89686
"cg_vd_v",66663,-7.89356
"cg_vd_v",66663,-7.89702
"cg_vd_v",66663,-7.93989
"cg_vd_v",66663,-7.92148
"cg_vd_v",66663,-8.02402
"cg_vd_v",66663,-7.95099
"cg_vd_v",66663,-7.96708
"cg_vd_v",66663.1,-8.00718
"cg_vd_v",66663.1,-7.98691
"cg_vd_v",66663.1,-8.0156
"cg_vd_v",66663.1,-8.03405
"cg_vd_v",66663.1,-8.04188
"cg_vd_v",66663.1,-8.04847
"cg_vd_v",66663.1,-8.07104
"cg_vd_v",66663.1,-8.0724
"cg_vd_v",66663.1,-8.09309
"cg_vd_v",66663.1,-8.09051
"cg_vd_v",66663.2,-8.08477
"cg_vd_v",66663.2,-8.1392
"cg_vd_v",66663.2,-8.13494
"cg_vd_v",66663.2,-8.15505
"cg_vd_v",66663.2,-8.17677
"cg_vd_v",66663.2,-8.15766
"cg_vd_v",66663.2,-8.19648
"cg_vd_v",66663.2,-8.19794
"cg_vd_v",66663.2,-8.2874
"cg_vd_v",66663.2,-8.24178
"cg_vd_v",66663.3,-8.24098
"cg_vd_v",66663.3,-8.25519
"cg_vd_v",66663.3,-8.26951
"cg_vd_v",66663.3,-8.25768
"cg_vd_v",66663.3,-8.25862
"cg_vd_v",66663.3,-8.30656
"cg_vd_v",66663.3,-8.29013
"cg_vd_v",66663.3,-8.28814
"cg_vd_v",66663.3,-8.30323
"cg_vd_v",66663.3,-8.31558
"cg_vd_v",66663.4,-8.32713
"cg_vd_v",66663.4,-8.4011
"cg_vd_v",66663.4,-8.37766
"cg_vd_v",66663.4,-8.38053
"cg_vd_v",66663.4,-8.40295
"cg_vd_v",66663.4,-8.422
"cg_vd_v",66663.4,-8.42832
"cg_vd_v",66663.4,-8.42782
"cg_vd_v",66663.4,-8.48462
"cg_vd_v",66663.4,-8.43529
"cg_vd_v",66663.5,-8.46439
"cg_vd_v",66663.5,-8.48042
"cg_vd_v",66663.5,-8.51207
"cg_vd_v",66663.5,-8.49704
"cg_vd_v",66663.5,-8.54714
"cg_vd_v",66663.5,-8.54158
"cg_vd_v",66663.5,-8.54059
"cg_vd_v",66663.5,-8.55615
"cg_vd_v",66663.5,-8.55871
"cg_vd_v",66663.5,-8.57387
"cg_vd_v",66663.6,-8.57667
"cg_vd_v",66663.6,-8.59178
"cg_vd_v",66663.6,-8.63032
"cg_vd_v",66663.6,-8.61775
"cg_vd_v",66663.6,-8.6474
"cg_vd_v",66663.6,-8.70413
"cg_vd_v",66663.6,-8.62547
"cg_vd_v",66663.6,-8.68583
"cg_vd_v",66663.6,-8.68473
"cg_vd_v",66663.6,-8.70517
"cg_vd_v",66663.7,-8.69463
"cg_vd_v",66663.7,-8.70087
"cg_vd_v",66663.7,-8.72289
"cg_vd_v",66663.7,-8.72061
"cg_vd_v",66663.7,-8.72812
"cg_vd_v",66663.7,-8.74077
"cg_vd_v",66663.7,-8.74181
"cg_vd_v",66663.7,-8.78028
"cg_vd_v",66663.7,-8.80191
"cg_vd_v",66663.8,-8.81636
"cg_vd_v",66663.8,-8.83837
"cg_vd_v",66663.8,-8.86701
"cg_vd_v",66663.8,-8.8727
"cg_vd_v",66663.8,-8.85327
"cg_vd_v",66663.8,-8.85944
"cg_vd_v",66663.8,-8.8963
"cg_vd_v",66663.8,-8.93552
"cg_vd_v",66663.8,-9.01798
"cg_vd_v",66663.8,-8.95268
"cg_vd_v",66663.9,-8.9748
"cg_vd_v",66663.9,-8.99631
"cg_vd_v",66663.9,-8.97888
"cg_vd_v",66663.9,-8.99247
"cg_vd_v",66663.9,-9.00596
"cg_vd_v",66663.9,-9.05792
"cg_vd_v",66663.9,-9.04971
"cg_vd_v",66663.9,-9.06245
"cg_vd_v",66663.9,-9.05475
"cg_vd_v",66663.9,-9.06438
"cg_vd_v",66663.9,-9.09386
"cg_vd_v",66664,-9.10177
"cg_vd_v",66664,-9.12434
"cg_vd_v",66664,-9.11341
"cg_vd_v",66664,-9.1324
"cg_vd_v",66664,-9.15938
"cg_vd_v",66664,-9.17285
"cg_vd_v",66664,-9.18212
"cg_vd_v",66664,-9.17111
"cg_vd_v",66664,-9.18662
"cg_vd_v",66664,-9.19654
"cg_vd_v",66664.1,-9.20693
"cg_vd_v",66664.1,-9.21011
"cg_vd_v",66664.1,-9.23477
"cg_vd_v",66664.1,-9.23691
"cg_vd_v",66664.1,-9.2526
"cg_vd_v",66664.1,-9.27716
"cg_vd_v",66664.1,-9.25415
"cg_vd_v",66664.1,-9.26533
"cg_vd_v",66664.1,-9.268
"cg_vd_v",66664.1,-9.28713
"cg_vd_v",66664.2,-9.33593
"cg_vd_v",66664.2,-9.30623
"cg_vd_v",66664.2,-9.38339
"cg_vd_v",66664.2,-9.36086
"cg_vd_v",66664.2,-9.34937
"cg_vd_v",66664.2,-9.39033
"cg_vd_v",66664.2,-9.38179
"cg_vd_v",66664.2,-9.41421
"cg_vd_v",66664.2,-9.42238
"cg_vd_v",66664.2,-9.44295
"cg_vd_v",66664.3,-9.43307
"cg_vd_v",66664.3,-9.4679
"cg_vd_v",66664.3,-9.46975
"cg_vd_v",66664.3,-9.48387
"cg_vd_v",66664.3,-9.50753
"cg_vd_v",66664.3,-9.49383
"cg_vd_v",66664.3,-9.5211
"cg_vd_v",66664.3,-9.51924
"cg_vd_v",66664.3,-9.51591
"cg_vd_v",66664.3,-9.57138
"cg_vd_v",66664.4,-9.55654
"cg_vd_v",66664.4,-9.56846
"cg_vd_v",66664.4,-9.55058
"cg_vd_v",66664.4,-9.61784
"cg_vd_v",66664.4,-9.62287
"cg_vd_v",66664.4,-9.63824
"cg_vd_v",66664.4,-9.64971
"cg_vd_v",66664.4,-9.63111
"cg_vd_v",66664.4,-9.69569
"cg_vd_v",66664.4,-9.70516
"cg_vd_v",66664.5,-9.71323
"cg_vd_v",66664.5,-9.71851
"cg_vd_v",66664.5,-9.72929
"cg_vd_v",66664.5,-9.78589
"cg_vd_v",66664.5,-9.77596
"cg_vd_v",66664.5,-9.79457
"cg_vd_v",66664.5,-9.85971
"cg_vd_v",66664.5,-9.80932
"cg_vd_v",66664.5,-9.82984
"cg_vd_v",66664.5,-9.84151
"cg_vd_v",66664.6,-9.8657
"cg_vd_v",66664.6,-9.87295
"cg_vd_v",66664.6,-9.86479
"cg_vd_v",66664.6,-9.87212
"cg_vd_v",66664.6,-9.87318
"cg_vd_v",66664.6,-9.89625
"cg_vd_v",66664.6,-9.90088
"cg_vd_v",66664.6,-9.89797
"cg_vd_v",66664.6,-9.94557
"cg_vd_v",66664.7,-9.94723
"cg_vd_v",66664.7,-9.96297
"cg_vd_v",66664.7,-9.9652
"cg_vd_v",66664.7,-9.98749
"cg_vd_v",66664.7,-10.011
"cg_vd_v",66664.7,-10.048
"cg_vd_v",66664.8,-10.0316
"cg_vd_v",66664.8,-10.064
"cg_vd_v",66664.8,-10.0269
"cg_vd_v",66664.8,-10.0489
"cg_vd_v",66664.8,-10.0779
"cg_vd_v",66664.8,-10.0758
"cg_vd_v",66664.8,-10.0954
"cg_vd_v",66664.8,-10.1188
"cg_vd_v",66664.9,-10.136
"cg_vd_v",66664.9,-10.1365
"cg_vd_v",66664.9,-10.1471
"cg_vd_v",66664.9,-10.1523
"cg_vd_v",66664.9,-10.184
"cg_vd_v",66664.9,-10.2118
"cg_vd_v",66665,-10.1774
"cg_vd_v",66665,-10.2386
"cg_vd_v",66665,-10.2452
"cg_vd_v",66665,-10.2457
"cg_vd_v",66665,-10.2574
"cg_vd_v",66665,-10.2676
"cg_vd_v",66665.1,-10.2768
"cg_vd_v",66665.1,-10.3077
"cg_vd_v",66665.1,-10.3808
"cg_vd_v",66665.1,-10.4166
"cg_vd_v",66665.1,-10.4145
"cg_vd_v",66665.1,-10.4514
"cg_vd_v",66665.1,-10.432
"cg_vd_v",66665.1,-10.4976
"cg_vd_v",66665.1,-10.4866
"cg_vd_v",66665.2,-10.4882
"cg_vd_v",66665.2,-10.5449
"cg_vd_v",66665.2,-10.5088
"cg_vd_v",66665.2,-10.5433
"cg_vd_v",66665.2,-10.5402
"cg_vd_v",66665.2,-10.5427
"cg_vd_v",66665.2,-10.5441
"cg_vd_v",66665.2,-10.5705
"cg_vd_v",66665.2,-10.5723
"cg_vd_v",66665.2,-10.5689
"cg_vd_v",66665.2,-10.5829
"cg_vd_v",66665.3,-10.59
"cg_vd_v",66665.3,-10.5949
"cg_vd_v",66665.3,-10.6199
"cg_vd_v",66665.3,-10.6171
"cg_vd_v",66665.3,-10.6052
"cg_vd_v",66665.3,-10.5912
"cg_vd_v",66665.3,-10.6073
"cg_vd_v",66665.3,-10.6228
"cg_vd_v",66665.3,-10.6275
"cg_vd_v",66665.3,-10.6653
"cg_vd_v",66665.4,-10.6661
"cg_vd_v",66665.4,-10.6954
"cg_vd_v",66665.4,-10.707
"cg_vd_v",66665.4,-10.7068
"cg_vd_v",66665.4,-10.7067
"cg_vd_v",66665.4,-10.7318
"cg_vd_v",66665.4,-10.7521
"cg_vd_v",66665.4,-10.754
"cg_vd_v",66665.4,-10.8097
"cg_vd_v",66665.4,-10.7773
"cg_vd_v",66665.4,-10.7969
"cg_vd_v",66665.4,-10.7947
"cg_vd_v",66665.5,-10.8136
"cg_vd_v",66665.5,-10.8245
"cg_vd_v",66665.5,-10.8462
"cg_vd_v",66665.5,-10.8367
"cg_vd_v",66665.5,-10.8619
"cg_vd_v",66665.5,-10.9767
"cg_vd_v",66665.5,-10.8983
"cg_vd_v",66665.5,-10.8985
"cg_vd_v",66665.5,-10.9037
"cg_vd_v",66665.5,-10.9475
"cg_vd_v",66665.5,-10.9212
"cg_vd_v",66665.6,-10.8976
"cg_vd_v",66665.6,-10.9355
"cg_vd_v",66665.6,-10.9369
"cg_vd_v",66665.6,-10.9783
"cg_vd_v",66665.6,-10.9801
"cg_vd_v",66665.6,-10.9741
"cg_vd_v",66665.6,-10.9983
"cg_vd_v",66665.6,-11.0349
"cg_vd_v",66665.6,-11.0335
"cg_vd_v",66665.6,-11.0473
"cg_vd_v",66665.6,-11.0503
"cg_vd_v",66665.6,-11.0556
"cg_vd_v",66665.7,-11.0569
"cg_vd_v",66665.7,-11.0459
"cg_vd_v",66665.7,-11.0686
"cg_vd_v",66665.7,-11.0844
"cg_vd_v",66665.7,-11.105
"cg_vd_v",66665.7,-11.117
"cg_vd_v",66665.7,-11.1505
"cg_vd_v",66665.7,-11.1436
"cg_vd_v",66665.7,-11.1481
"cg_vd_v",66665.8,-11.1816
"cg_vd_v",66665.8,-11.1672
"cg_vd_v",66665.8,-11.2076
"cg_vd_v",66665.8,-11.2249
"cg_vd_v",66665.8,-11.3027
"cg_vd_v",66665.8,-11.2138
"cg_vd_v",66665.8,-11.2636
"cg_vd_v",66665.8,-11.2827
"cg_vd_v",66665.8,-11.279
"cg_vd_v",66665.8,-11.2954
"cg_vd_v",66665.9,-11.3069
"cg_vd_v",66665.9,-11.3013
"cg_vd_v",66665.9,-11.3397
"cg_vd_v",66665.9,-11.325
"cg_vd_v",66665.9,-11.3313
"cg_vd_v",66665.9,-11.3729
"cg_vd_v",66665.9,-11.3735
"cg_vd_v",66665.9,-11.3841
"cg_vd_v",66665.9,-11.3628
"cg_vd_v",66665.9,-11.3975
"cg_vd_v",66666,-11.4204
"cg_vd_v",66666,-11.4307
"cg_vd_v",66666,-11.4652
"cg_vd_v",66666,-11.4285
"cg_vd_v",66666,-11.4822
"cg_vd_v",66666,-11.4722
"cg_vd_v",66666,-11.4933
"cg_vd_v",66666,-11.5076
"cg_vd_v",66666,-11.5206
"cg_vd_v",66666,-11.5148
"cg_vd_v",66666,-11.5574
"cg_vd_v",66666.1,-11.5566
"cg_vd_v",66666.1,-11.5482
"cg_vd_v",66666.1,-11.5772
"cg_vd_v",66666.1,-11.5472
"cg_vd_v",66666.1,-11.6049
"cg_vd_v",66666.1,-11.6205
"cg_vd_v",66666.1,-11.6008
"cg_vd_v",66666.1,-11.6395
"cg_vd_v",66666.1,-11.6647
"cg_vd_v",66666.1,-11.658
"cg_vd_v",66666.2,-11.6613
"cg_vd_v",66666.2,-11.6896
"cg_vd_v",66666.2,-11.6971
"cg_vd_v",66666.2,-11.6788
"cg_vd_v",66666.2,-11.698
"cg_vd_v",66666.2,-11.7496
"cg_vd_v",66666.2,-11.7376
"cg_vd_v",66666.2,-11.7452
"cg_vd_v",66666.2,-11.8004
"cg_vd_v",66666.2,-11.8206
"cg_vd_v",66666.3,-11.7842
"cg_vd_v",66666.3,-11.8048
"cg_vd_v",66666.3,-11.8058
"cg_vd_v",66666.3,-11.8031
"cg_vd_v",66666.3,-11.8463
"cg_vd_v",66666.3,-11.8461
"cg_vd_v",66666.3,-11.8604
"cg_vd_v",66666.3,-11.7949
"cg_vd_v",66666.3,-11.8491
"cg_vd_v",66666.4,-11.8637
"cg_vd_v",66666.4,-11.8587
"cg_vd_v",66666.4,-11.9011
"cg_vd_v",66666.4,-11.8921
"cg_vd_v",66666.4,-11.9223
"cg_vd_v",66666.4,-11.9288
"cg_vd_v",66666.4,-11.9233
"cg_vd_v",66666.4,-11.9461
"cg_vd_v",66666.4,-11.9512
"cg_vd_v",66666.4,-11.9509
"cg_vd_v",66666.5,-11.9448
"cg_vd_v",66666.5,-11.966
"cg_vd_v",66666.5,-11.9672
"cg_vd_v",66666.5,-11.9691
"cg_vd_v",66666.5,-12.0028
"cg_vd_v",66666.5,-11.992
"cg_vd_v",66666.5,-12.0139
"cg_vd_v",66666.5,-12.021
"cg_vd_v",66666.5,-12.0204
"cg_vd_v",66666.5,-12.026
"cg_vd_v",66666.6,-12.0347
"cg_vd_v",66666.6,-12.0504
"cg_vd_v",66666.6,-12.0499
"cg_vd_v",66666.6,-12.0641
"cg_vd_v",66666.6,-12.0799
"cg_vd_v",66666.6,-12.0852
"cg_vd_v",66666.6,-12.0852
"cg_vd_v",66666.6,-12.1049
"cg_vd_v",66666.6,-12.1339
"cg_vd_v",66666.6,-12.0983
"cg_vd_v",66666.7,-12.1213
"cg_vd_v",66666.7,-12.1616
"cg_vd_v",66666.7,-12.1347
"cg_vd_v",66666.7,-12.2135
"cg_vd_v",66666.7,-12.2013
"cg_vd_v",66666.7,-12.2473
"cg_vd_v",66666.7,-12.2421
"cg_vd_v",66666.7,-12.2558
"cg_vd_v",66666.7,-12.271
"cg_vd_v",66666.8,-12.2601
"cg_vd_v",66666.8,-12.3027
"cg_vd_v",66666.8,-12.3163
"cg_vd_v",66666.8,-12.3151
"cg_vd_v",66666.8,-12.3289
"cg_vd_v",66666.8,-12.3649
"cg_vd_v",66666.8,-12.3322
"cg_vd_v",66666.8,-12.3627
"cg_vd_v",66666.8,-12.391
"cg_vd_v",66666.8,-12.3766
"cg_vd_v",66666.8,-12.4178
"cg_vd_v",66666.9,-12.4197
"cg_vd_v",66666.9,-12.4187
"cg_vd_v",66666.9,-12.4244
"cg_vd_v",66666.9,-12.4216
"cg_vd_v",66666.9,-12.4478
"cg_vd_v",66666.9,-12.4676
"cg_vd_v",66666.9,-12.4607
"cg_vd_v",66666.9,-12.4275
"cg_vd_v",66666.9,-12.4812
"cg_vd_v",66666.9,-12.5342
"cg_vd_v",66667,-12.495
"cg_vd_v",66667,-12.5105
"cg_vd_v",66667,-12.5086
"cg_vd_v",66667,-12.5469
"cg_vd_v",66667,-12.5305
"cg_vd_v",66667,-12.569
"cg_vd_v",66667,-12.5756
"cg_vd_v",66667,-12.574
"cg_vd_v",66667,-12.5781
"cg_vd_v",66667,-12.5884
"cg_vd_v",66667.1,-12.6014
"cg_vd_v",66667.1,-12.6286
"cg_vd_v",66667.1,-12.5847
"cg_vd_v",66667.1,-12.608
"cg_vd_v",66667.1,-12.6114
"cg_vd_v",66667.1,-12.6329
"cg_vd_v",66667.1,-12.612
"cg_vd_v",66667.1,-12.656
"cg_vd_v",66667.1,-12.6678
"cg_vd_v",66667.1,-12.696
"cg_vd_v",66667.2,-12.6591
"cg_vd_v",66667.2,-12.6962
"cg_vd_v",66667.2,-12.6974
"cg_vd_v",66667.2,-12.709
"cg_vd_v",66667.2,-12.7296
"cg_vd_v",66667.2,-12.7191
"cg_vd_v",66667.2,-12.7357
"cg_vd_v",66667.2,-12.7446
"cg_vd_v",66667.2,-12.7463
"cg_vd_v",66667.2,-12.7378
"cg_vd_v",66667.3,-12.7517
"cg_vd_v",66667.3,-12.8038
"cg_vd_v",66667.3,-12.7696
"cg_vd_v",66667.3,-12.7743
"cg_vd_v",66667.3,-12.797
"cg_vd_v",66667.3,-12.8314
"cg_vd_v",66667.3,-12.8355
"cg_vd_v",66667.3,-12.8309
"cg_vd_v",66667.3,-12.8618
"cg_vd_v",66667.3,-12.834
"cg_vd_v",66667.4,-12.8574
"cg_vd_v",66667.4,-12.8878
"cg_vd_v",66667.4,-12.8967
"cg_vd_v",66667.4,-12.9142
"cg_vd_v",66667.4,-12.9162
"cg_vd_v",66667.4,-12.9324
"cg_vd_v",66667.4,-12.9923
"cg_vd_v",66667.4,-12.9288
"cg_vd_v",66667.4,-12.9641
"cg_vd_v",66667.4,-12.9971
"cg_vd_v",66667.5,-12.9879
"cg_vd_v",66667.5,-13.0306
"cg_vd_v",66667.5,-12.9326
"cg_vd_v",66667.5,-13.04
"cg_vd_v",66667.5,-13.0306
"cg_vd_v",66667.5,-13.0781
"cg_vd_v",66667.5,-13.0676
"cg_vd_v",66667.5,-13.0965
"cg_vd_v",66667.5,-13.0967
"cg_vd_v",66667.5,-13.1339
"cg_vd_v",66667.6,-13.1106
"cg_vd_v",66667.6,-13.138
"cg_vd_v",66667.6,-13.1506
"cg_vd_v",66667.6,-13.1595
"cg_vd_v",66667.6,-13.1836
"cg_vd_v",66667.6,-13.1679
"cg_vd_v",66667.6,-13.2062
"cg_vd_v",66667.6,-13.2003
"cg_vd_v",66667.6,-13.2132
"cg_vd_v",66667.6,-13.2173
"cg_vd_v",66667.7,-13.2242
"cg_vd_v",66667.7,-13.2467
"cg_vd_v",66667.7,-13.2458
"cg_vd_v",66667.7,-13.223
"cg_vd_v",66667.7,-13.2696
"cg_vd_v",66667.7,-13.27
"cg_vd_v",66667.7,-13.3004
"cg_vd_v",66667.7,-13.3053
"cg_vd_v",66667.7,-13.3191
"cg_vd_v",66667.8,-13.3218
"cg_vd_v",66667.8,-13.3388
"cg_vd_v",66667.8,-13.3645
"cg_vd_v",66667.8,-13.3727
"cg_vd_v",66667.8,-13.3991
"cg_vd_v",66667.8,-13.3803
"cg_vd_v",66667.8,-13.4129
"cg_vd_v",66667.8,-13.4142
"cg_vd_v",66667.8,-13.4556
"cg_vd_v",66667.8,-13.4308
"cg_vd_v",66667.9,-13.5061
"cg_vd_v",66667.9,-13.4702
"cg_vd_v",66667.9,-13.4903
"cg_vd_v",66667.9,-13.5235
"cg_vd_v",66667.9,-13.5344
"cg_vd_v",66667.9,-13.5501
"cg_vd_v",66667.9,-13.5593
"cg_vd_v",66667.9,-13.583
"cg_vd_v",66667.9,-13.5601
"cg_vd_v",66667.9,-13.5996
"cg_vd_v",66668,-13.6263
"cg_vd_v",66668,-13.6635
"cg_vd_v",66668,-13.6576
"cg_vd_v",66668,-13.6755
"cg_vd_v",66668,-13.6825
"cg_vd_v",66668,-13.6948
"cg_vd_v",66668,-13.7157
"cg_vd_v",66668,-13.808
"cg_vd_v",66668,-13.758
"cg_vd_v",66668,-13.7958
"cg_vd_v",66668.1,-13.8109
"cg_vd_v",66668.1,-13.8143
"cg_vd_v",66668.1,-13.7569
"cg_vd_v",66668.1,-13.8481
"cg_vd_v",66668.1,-13.8557
"cg_vd_v",66668.1,-13.8874
"cg_vd_v",66668.1,-13.879
"cg_vd_v",66668.1,-13.8983
"cg_vd_v",66668.1,-13.9105
"cg_vd_v",66668.1,-13.8946
"cg_vd_v",66668.1,-13.9167
"cg_vd_v",66668.2,-13.9407
"cg_vd_v",66668.2,-13.9423
"cg_vd_v",66668.2,-13.9552
"cg_vd_v",66668.2,-13.9702
"cg_vd_v",66668.2,-13.9878
"cg_vd_v",66668.2,-13.975
"cg_vd_v",66668.2,-13.9515
"cg_vd_v",66668.2,-14.0011
"cg_vd_v",66668.2,-14.0208
"cg_vd_v",66668.2,-14.0362
"cg_vd_v",66668.3,-14.0336
"cg_vd_v",66668.3,-14.0803
"cg_vd_v",66668.3,-14.0853
"cg_vd_v",66668.3,-14.0733
"cg_vd_v",66668.3,-14.0805
"cg_vd_v",66668.3,-14.1281
"cg_vd_v",66668.3,-14.1368
"cg_vd_v",66668.3,-14.1255
"cg_vd_v",66668.3,-14.1559
"cg_vd_v",66668.4,-14.2156
"cg_vd_v",66668.4,-14.1592
"cg_vd_v",66668.4,-14.1931
"cg_vd_v",66668.4,-14.1882
"cg_vd_v",66668.4,-14.1935
"cg_vd_v",66668.4,-14.2345
"cg_vd_v",66668.4,-14.2389
"cg_vd_v",66668.4,-14.2331
"cg_vd_v",66668.4,-14.254
"cg_vd_v",66668.4,-14.2668
"cg_vd_v",66668.5,-14.2981
"cg_vd_v",66668.5,-14.2817
"cg_vd_v",66668.5,-14.3051
"cg_vd_v",66668.5,-14.3086
"cg_vd_v",66668.5,-14.3354
"cg_vd_v",66668.5,-14.3545
"cg_vd_v",66668.5,-14.3308
"cg_vd_v",66668.5,-14.3962
"cg_vd_v",66668.5,-14.3632
"cg_vd_v",66668.5,-14.4176
"cg_vd_v",66668.6,-14.4263
"cg_vd_v",66668.6,-14.4611
"cg_vd_v",66668.6,-14.4478
"cg_vd_v",66668.6,-14.4687
"cg_vd_v",66668.6,-14.5013
"cg_vd_v",66668.6,-14.4901
"cg_vd_v",66668.6,-14.4815
"cg_vd_v",66668.6,-14.5246
"cg_vd_v",66668.6,-14.5193
"cg_vd_v",66668.6,-14.5187
"cg_vd_v",66668.7,-14.5452
"cg_vd_v",66668.7,-14.5589
"cg_vd_v",66668.7,-14.5664
"cg_vd_v",66668.7,-14.5846
"cg_vd_v",66668.7,-14.6111
"cg_vd_v",66668.7,-14.6228
"cg_vd_v",66668.7,-14.6581
"cg_vd_v",66668.7,-14.6532
"cg_vd_v",66668.7,-14.6603
"cg_vd_v",66668.7,-14.6864
"cg_vd_v",66668.8,-14.6995
"cg_vd_v",66668.8,-14.7255
"cg_vd_v",66668.8,-14.7391
"cg_vd_v",66668.8,-14.7555
"cg_vd_v",66668.8,-14.7773
"cg_vd_v",66668.8,-14.7675
"cg_vd_v",66668.8,-14.8029
"cg_vd_v",66668.8,-14.8111
"cg_vd_v",66668.8,-14.8457
"cg_vd_v",66668.8,-14.8439
"cg_vd_v",66668.9,-14.8888
"cg_vd_v",66668.9,-14.8846
"cg_vd_v",66668.9,-14.9195
"cg_vd_v",66668.9,-14.8969
"cg_vd_v",66668.9,-14.8888
"cg_vd_v",66668.9,-14.9141
"cg_vd_v",66668.9,-14.9193
"cg_vd_v",66668.9,-14.929
"cg_vd_v",66668.9,-14.945
"cg_vd_v",66668.9,-14.9593
"cg_vd_v",66669,-14.9627
"cg_vd_v",66669,-14.9891
"cg_vd_v",66669,-15.0091
"cg_vd_v",66669,-15.0075
"cg_vd_v",66669,-15.023
"cg_vd_v",66669,-15.0262
"cg_vd_v",66669,-15.0751
"cg_vd_v",66669,-15.0487
"cg_vd_v",66669,-15.0863
"cg_vd_v",66669,-15.085
"cg_vd_v",66669.1,-15.1093
"cg_vd_v",66669.1,-15.1399
"cg_vd_v",66669.1,-15.1548
"cg_vd_v",66669.1,-15.165
"cg_vd_v",66669.1,-15.1646
"cg_vd_v",66669.1,-15.1837
"cg_vd_v",66669.1,-15.1881
"cg_vd_v",66669.1,-15.2111
"cg_vd_v",66669.1,-15.2067
"cg_vd_v",66669.1,-15.2204
"cg_vd_v",66669.2,-15.2386
"cg_vd_v",66669.2,-15.2531
"cg_vd_v",66669.2,-15.2931
"cg_vd_v",66669.2,-15.2878
"cg_vd_v",66669.2,-15.3293
"cg_vd_v",66669.2,-15.3456
"cg_vd_v",66669.2,-15.3604
"cg_vd_v",66669.2,-15.379
"cg_vd_v",66669.2,-15.487
"cg_vd_v",66669.2,-15.4067
"cg_vd_v",66669.2,-15.422
"cg_vd_v",66669.3,-15.4225
"cg_vd_v",66669.3,-15.4651
"cg_vd_v",66669.3,-15.4634
"cg_vd_v",66669.3,-15.4593
"cg_vd_v",66669.3,-15.4915
"cg_vd_v",66669.3,-15.5205
"cg_vd_v",66669.3,-15.5141
"cg_vd_v",66669.3,-15.5185
"cg_vd_v",66669.3,-15.5578
"cg_vd_v",66669.4,-15.5135
"cg_vd_v",66669.4,-15.5557
"cg_vd_v",66669.4,-15.5212
"cg_vd_v",66669.4,-15.5689
"cg_vd_v",66669.4,-15.5939
"cg_vd_v",66669.4,-15.5738
"cg_vd_v",66669.4,-15.604
"cg_vd_v",66669.4,-15.608
"cg_vd_v",66669.4,-15.6358
"cg_vd_v",66669.4,-15.6508
"cg_vd_v",66669.5,-15.6755
"cg_vd_v",66669.5,-15.7259
"cg_vd_v",66669.5,-15.7059
"cg_vd_v",66669.5,-15.7412
"cg_vd_v",66669.5,-15.7237
"cg_vd_v",66669.5,-15.7562
"cg_vd_v",66669.5,-15.7511
"cg_vd_v",66669.5,-15.7816
"cg_vd_v",66669.5,-15.8209
"cg_vd_v",66669.5,-15.8069
"cg_vd_v",66669.5,-15.8371
"cg_vd_v",66669.6,-15.8433
"cg_vd_v",66669.6,-15.8398
"cg_vd_v",66669.6,-15.8659
"cg_vd_v",66669.6,-15.9146
"cg_vd_v",66669.6,-15.8489
"cg_vd_v",66669.6,-15.8966
"cg_vd_v",66669.6,-15.8918
"cg_vd_v",66669.6,-15.8751
"cg_vd_v",66669.6,-15.9349
"cg_vd_v",66669.6,-15.9385
"cg_vd_v",66669.7,-16.0137
"cg_vd_v",66669.7,-15.9504
"cg_vd_v",66669.7,-15.9467
"cg_vd_v",66669.7,-15.9624
"cg_vd_v",66669.7,-16.0312
"cg_vd_v",66669.7,-16.0168
"cg_vd_v",66669.7,-15.9986
"cg_vd_v",66669.7,-16.0298
"cg_vd_v",66669.7,-16.0181
"cg_vd_v",66669.7,-16.0443
"cg_vd_v",66669.8,-16.0421
"cg_vd_v",66669.8,-16.0454
"cg_vd_v",66669.8,-16.033
"cg_vd_v",66669.8,-16.1185
"cg_vd_v",66669.8,-16.0982
"cg_vd_v",66669.8,-16.1149
"cg_vd_v",66669.8,-16.1428
"cg_vd_v",66669.8,-16.1632
"cg_vd_v",66669.8,-16.1476
"cg_vd_v",66669.8,-16.149
"cg_vd_v",66669.9,-16.1632
"cg_vd_v",66669.9,-16.1867
"cg_vd_v",66669.9,-16.1669
"cg_vd_v",66669.9,-16.1923
"cg_vd_v",66669.9,-16.214
"cg_vd_v",66669.9,-16.2179
"cg_vd_v",66669.9,-16.2279
"cg_vd_v",66669.9,-16.2698
"cg_vd_v",66669.9,-16.2664
"cg_vd_v",66669.9,-16.2927
"cg_vd_v",66670,-16.2777
"cg_vd_v",66670,-16.275
"cg_vd_v",66670,-16.2988
"cg_vd_v",66670,-16.3116
"cg_vd_v",66670,-16.3312
"cg_vd_v",66670,-16.3315
"cg_vd_v",66670,-16.3474
"cg_vd_v",66670,-16.3468
"cg_vd_v",66670,-16.3052
"cg_vd_v",66670,-16.4003
"cg_vd_v",66670.1,-16.4161
"cg_vd_v",66670.1,-16.3692
"cg_vd_v",66670.1,-16.3878
"cg_vd_v",66670.1,-16.3902
"cg_vd_v",66670.1,-16.4129
"cg_vd_v",66670.1,-16.4769
"cg_vd_v",66670.1,-16.445
"cg_vd_v",66670.1,-16.458
"cg_vd_v",66670.1,-16.4611
"cg_vd_v",66670.1,-16.458
"cg_vd_v",66670.2,-16.4678
"cg_vd_v",66670.2,-16.4921
"cg_vd_v",66670.2,-16.5052
"cg_vd_v",66670.2,-16.5138
"cg_vd_v",66670.2,-16.5258
"cg_vd_v",66670.2,-16.5818
"cg_vd_v",66670.2,-16.5798
"cg_vd_v",66670.2,-16.5618
"cg_vd_v",66670.2,-16.5627
"cg_vd_v",66670.2,-16.5722
"cg_vd_v",66670.3,-16.5641
"cg_vd_v",66670.3,-16.5788
"cg_vd_v",66670.3,-16.6166
"cg_vd_v",66670.3,-16.6141
"cg_vd_v",66670.3,-16.6038
"cg_vd_v",66670.3,-16.6298
"cg_vd_v",66670.3,-16.6209
"cg_vd_v",66670.3,-16.639
"cg_vd_v",66670.3,-16.6235
"cg_vd_v",66670.3,-16.6793
"cg_vd_v",66670.4,-16.6903
"cg_vd_v",66670.4,-16.6947
"cg_vd_v",66670.4,-16.6855
"cg_vd_v",66670.4,-16.7096
"cg_vd_v",66670.4,-16.7156
"cg_vd_v",66670.4,-16.7315
"cg_vd_v",66670.4,-16.7709
"cg_vd_v",66670.4,-16.7143
"cg_vd_v",66670.4,-16.7653
"cg_vd_v",66670.4,-16.7842
"cg_vd_v",66670.5,-16.8229
"cg_vd_v",66670.5,-16.7988
"cg_vd_v",66670.5,-16.8022
"cg_vd_v",66670.5,-16.8162
"cg_vd_v",66670.5,-16.8128
"cg_vd_v",66670.5,-16.8267
"cg_vd_v",66670.5,-16.8251
"cg_vd_v",66670.5,-16.8434
"cg_vd_v",66670.5,-16.8636
"cg_vd_v",66670.5,-16.8633
"cg_vd_v",66670.5,-16.8798
"cg_vd_v",66670.6,-16.84
"cg_vd_v",66670.6,-16.9305
"cg_vd_v",66670.6,-16.9076
"cg_vd_v",66670.6,-16.9277
"cg_vd_v",66670.6,-16.9441
"cg_vd_v",66670.6,-16.9544
"cg_vd_v",66670.6,-16.9539
"cg_vd_v",66670.6,-16.972
"cg_vd_v",66670.6,-16.9824
"cg_vd_v",66670.6,-16.9976
"cg_vd_v",66670.7,-17.0343
"cg_vd_v",66670.7,-17.0526
"cg_vd_v",66670.7,-17.0519
"cg_vd_v",66670.7,-17.0162
"cg_vd_v",66670.7,-17.065
"cg_vd_v",66670.7,-17.0694
"cg_vd_v",66670.7,-17.0996
"cg_vd_v",66670.7,-17.1458
"cg_vd_v",66670.7,-17.1145
"cg_vd_v",66670.7,-17.1616
"cg_vd_v",66670.8,-17.1294
"cg_vd_v",66670.8,-17.172
"cg_vd_v",66670.8,-17.1709
"cg_vd_v",66670.8,-17.179
"cg_vd_v",66670.8,-17.2004
"cg_vd_v",66670.8,-17.2082
"cg_vd_v",66670.8,-17.2219
"cg_vd_v",66670.8,-17.2407
"cg_vd_v",66670.8,-17.2685
"cg_vd_v",66670.8,-17.2871
"cg_vd_v",66670.9,-17.3173
"cg_vd_v",66670.9,-17.3134
"cg_vd_v",66670.9,-17.3257
"cg_vd_v",66670.9,-17.2954
"cg_vd_v",66670.9,-17.3275
"cg_vd_v",66670.9,-17.3757
"cg_vd_v",66670.9,-17.362
"cg_vd_v",66670.9,-17.3709
"cg_vd_v",66670.9,-17.3988
"cg_vd_v",66670.9,-17.3948
"cg_vd_v",66671,-17.3473
"cg_vd_v",66671,-17.4159
"cg_vd_v",66671,-17.4716
"cg_vd_v",66671,-17.4533
"cg_vd_v",66671,-17.4369
"cg_vd_v",66671,-17.4693
"cg_vd_v",66671,-17.4791
"cg_vd_v",66671,-17.5084
"cg_vd_v",66671,-17.499
"cg_vd_v",66671,-17.5068
"cg_vd_v",66671.1,-17.5372
"cg_vd_v",66671.1,-17.5504
"cg_vd_v",66671.1,-17.5426
"cg_vd_v",66671.1,-17.5775
"cg_vd_v",66671.1,-17.6053
"cg_vd_v",66671.1,-17.586
"cg_vd_v",66671.1,-17.6155
"cg_vd_v",66671.1,-17.6269
"cg_vd_v",66671.1,-17.622
"cg_vd_v",66671.1,-17.646
"cg_vd_v",66671.2,-17.6536
"cg_vd_v",66671.2,-17.6496
"cg_vd_v",66671.2,-17.637
"cg_vd_v",66671.2,-17.6625
"cg_vd_v",66671.2,-17.6714
"cg_vd_v",66671.2,-17.7108
"cg_vd_v",66671.2,-17.7235
"cg_vd_v",66671.2,-17.7395
"cg_vd_v",66671.2,-17.7288
"cg_vd_v",66671.2,-17.747
"cg_vd_v",66671.3,-17.7464
"cg_vd_v",66671.3,-17.7852
"cg_vd_v",66671.3,-17.8029
"cg_vd_v",66671.3,-17.7875
"cg_vd_v",66671.3,-17.8118
"cg_vd_v",66671.3,-17.8575
"cg_vd_v",66671.3,-17.8559
"cg_vd_v",66671.3,-17.8802
"cg_vd_v",66671.3,-17.8418
"cg_vd_v",66671.3,-17.9552
"cg_vd_v",66671.4,-17.9073
"cg_vd_v",66671.4,-17.943
"cg_vd_v",66671.4,-17.9782
"cg_vd_v",66671.4,-17.9899
"cg_vd_v",66671.4,-18.0007
"cg_vd_v",66671.4,-18.0483
"cg_vd_v",66671.4,-18.0718
"cg_vd_v",66671.4,-18.0427
"cg_vd_v",66671.4,-18.052
"cg_vd_v",66671.4,-18.0858
"cg_vd_v",66671.5,-18.1754
"cg_vd_v",66671.5,-18.0679
"cg_vd_v",66671.5,-18.1157
"cg_vd_v",66671.5,-18.1708
"cg_vd_v",66671.5,-18.1677
"cg_vd_v",66671.5,-18.1975
"cg_vd_v",66671.5,-18.1833
"cg_vd_v",66671.5,-18.2384
"cg_vd_v",66671.5,-18.2588
"cg_vd_v",66671.5,-18.2666
"cg_vd_v",66671.6,-18.2745
"cg_vd_v",66671.6,-18.2462
"cg_vd_v",66671.6,-18.3381
"cg_vd_v",66671.6,-18.3371
"cg_vd_v",66671.6,-18.3622
"cg_vd_v",66671.6,-18.3704
"cg_vd_v",66671.6,-18.3725
"cg_vd_v",66671.6,-18.3795
"cg_vd_v",66671.6,-18.4569
"cg_vd_v",66671.6,-18.415
"cg_vd_v",66671.7,-18.421
"cg_vd_v",66671.7,-18.4429
"cg_vd_v",66671.7,-18.4787
"cg_vd_v",66671.7,-18.4954
"cg_vd_v",66671.7,-18.5028
"cg_vd_v",66671.7,-18.524
"cg_vd_v",66671.7,-18.5441
"cg_vd_v",66671.7,-18.5541
"cg_vd_v",66671.7,-18.5653
"cg_vd_v",66671.8,-18.5795
"cg_vd_v",66671.8,-18.6169
"cg_vd_v",66671.8,-18.6109
"cg_vd_v",66671.8,-18.6542
"cg_vd_v",66671.8,-18.6428
"cg_vd_v",66671.8,-18.6667
"cg_vd_v",66671.8,-18.7025
"cg_vd_v",66671.8,-18.6968
"cg_vd_v",66671.8,-18.6944
"cg_vd_v",66671.8,-18.7409
"cg_vd_v",66671.8,-18.7426
"cg_vd_v",66671.9,-18.737
"cg_vd_v",66671.9,-18.7843
"cg_vd_v",66671.9,-18.7872
"cg_vd_v",66671.9,-18.8102
"cg_vd_v",66671.9,-18.8237
"cg_vd_v",66671.9,-18.839
"cg_vd_v",66671.9,-18.8527
"cg_vd_v",66671.9,-18.8121
"cg_vd_v",66671.9,-18.8846
"cg_vd_v",66671.9,-18.8973
"cg_vd_v",66672,-18.9013
"cg_vd_v",66672,-18.9064
"cg_vd_v",66672,-18.9258
"cg_vd_v",66672,-18.9471
"cg_vd_v",66672,-18.9437
"cg_vd_v",66672,-18.9729
"cg_vd_v",66672,-18.8863
"cg_vd_v",66672,-19.0097
"cg_vd_v",66672,-19.034
"cg_vd_v",66672,-19.0116
"cg_vd_v",66672.1,-19.0521
"cg_vd_v",66672.1,-19.0511
"cg_vd_v",66672.1,-19.0753
"cg_vd_v",66672.1,-19.0806
"cg_vd_v",66672.1,-19.119
"cg_vd_v",66672.1,-19.1284
"cg_vd_v",66672.1,-19.129
"cg_vd_v",66672.1,-19.1374
"cg_vd_v",66672.1,-19.1798
"cg_vd_v",66672.1,-19.169
"cg_vd_v",66672.2,-19.1847
"cg_vd_v",66672.2,-19.2483
"cg_vd_v",66672.2,-19.2119
"cg_vd_v",66672.2,-19.2344
"cg_vd_v",66672.2,-19.2614
"cg_vd_v",66672.2,-19.2399
"cg_vd_v",66672.2,-19.276
"cg_vd_v",66672.2,-19.2586
"cg_vd_v",66672.2,-19.3175
"cg_vd_v",66672.2,-19.3703
"cg_vd_v",66672.2,-19.3354
"cg_vd_v",66672.3,-19.3403
"cg_vd_v",66672.3,-19.3832
"cg_vd_v",66672.3,-19.3712
"cg_vd_v",66672.3,-19.4084
"cg_vd_v",66672.3,-19.3828
"cg_vd_v",66672.3,-19.4412
"cg_vd_v",66672.3,-19.4329
"cg_vd_v",66672.3,-19.4408
"cg_vd_v",66672.3,-19.4613
"cg_vd_v",66672.4,-19.4827
"cg_vd_v",66672.4,-19.4806
"cg_vd_v",66672.4,-19.49
"cg_vd_v",66672.4,-19.5231
"cg_vd_v",66672.4,-19.523
"cg_vd_v",66672.4,-19.5554
"cg_vd_v",66672.4,-19.5523
"cg_vd_v",66672.4,-19.6062
"cg_vd_v",66672.4,-19.5719
"cg_vd_v",66672.4,-19.5853
"cg_vd_v",66672.5,-19.6072
"cg_vd_v",66672.5,-19.6035
"cg_vd_v",66672.5,-19.5882
"cg_vd_v",66672.5,-19.6206
"cg_vd_v",66672.5,-19.5382
"cg_vd_v",66672.5,-19.6516
"cg_vd_v",66672.5,-19.6739
"cg_vd_v",66672.5,-19.6751
"cg_vd_v",66672.5,-19.6946
"cg_vd_v",66672.5,-19.6174
"cg_vd_v",66672.6,-19.7112
"cg_vd_v",66672.6,-19.7092
"cg_vd_v",66672.6,-19.7239
"cg_vd_v",66672.6,-19.7515
"cg_vd_v",66672.6,-19.7502
"cg_vd_v",66672.6,-19.7759
"cg_vd_v",66672.6,-19.7944
"cg_vd_v",66672.6,-19.8136
"cg_vd_v",66672.6,-19.8245
"cg_vd_v",66672.6,-19.8255
"cg_vd_v",66672.7,-19.7596
"cg_vd_v",66672.7,-19.8633
"cg_vd_v",66672.7,-19.8416
"cg_vd_v",66672.7,-19.8793
"cg_vd_v",66672.7,-19.8952
"cg_vd_v",66672.7,-19.8939
"cg_vd_v",66672.7,-19.9057
"cg_vd_v",66672.7,-19.9233
"cg_vd_v",66672.7,-19.9655
"cg_vd_v",66672.7,-19.9953
"cg_vd_v",66672.8,-20.02
"cg_vd_v",66672.8,-19.9995
"cg_vd_v",66672.8,-20.0156
"cg_vd_v",66672.8,-19.9926
"cg_vd_v",66672.8,-20.0331
"cg_vd_v",66672.8,-20.0665
"cg_vd_v",66672.8,-20.0743
"cg_vd_v",66672.8,-20.052
"cg_vd_v",66672.8,-20.0903
"cg_vd_v",66672.8,-20.1305
"cg_vd_v",66672.9,-20.1299
"cg_vd_v",66672.9,-20.1183
"cg_vd_v",66672.9,-20.1245
"cg_vd_v",66672.9,-20.1786
"cg_vd_v",66672.9,-20.1779
"cg_vd_v",66672.9,-20.1727
"cg_vd_v",66672.9,-20.2229
"cg_vd_v",66672.9,-20.1968
"cg_vd_v",66672.9,-20.2166
"cg_vd_v",66672.9,-20.2584
"cg_vd_v",66673,-20.2618
"cg_vd_v",66673,-20.2659
"cg_vd_v",66673,-20.2935
"cg_vd_v",66673,-20.3019
"cg_vd_v",66673,-20.3405
"cg_vd_v",66673,-20.3279
"cg_vd_v",66673,-20.3544
"cg_vd_v",66673,-20.341
"cg_vd_v",66673,-20.3848
"cg_vd_v",66673,-20.3941
"cg_vd_v",66673.1,-20.3587
"cg_vd_v",66673.1,-20.4189
"cg_vd_v",66673.1,-20.437
"cg_vd_v",66673.1,-20.4457
"cg_vd_v",66673.1,-20.4839
"cg_vd_v",66673.1,-20.422
"cg_vd_v",66673.1,-20.4866
"cg_vd_v",66673.1,-20.5159
"cg_vd_v",66673.1,-20.504
"cg_vd_v",66673.1,-20.5318
"cg_vd_v",66673.2,-20.5438
"cg_vd_v",66673.2,-20.5407
"cg_vd_v",66673.2,-20.5349
"cg_vd_v",66673.2,-20.5697
"cg_vd_v",66673.2,-20.5973
"cg_vd_v",66673.2,-20.6205
"cg_vd_v",66673.2,-20.5959
"cg_vd_v",66673.2,-20.6238
"cg_vd_v",66673.2,-20.6441
"cg_vd_v",66673.2,-20.6365
"cg_vd_v",66673.3,-20.6637
"cg_vd_v",66673.3,-20.6909
"cg_vd_v",66673.3,-20.6973
"cg_vd_v",66673.3,-20.6618
"cg_vd_v",66673.3,-20.7163
"cg_vd_v",66673.3,-20.7062
"cg_vd_v",66673.3,-20.7248
"cg_vd_v",66673.3,-20.7114
"cg_vd_v",66673.3,-20.7265
"cg_vd_v",66673.3,-20.7549
"cg_vd_v",66673.4,-20.7869
"cg_vd_v",66673.4,-20.7647
"cg_vd_v",66673.4,-20.7502
"cg_vd_v",66673.4,-20.7802
"cg_vd_v",66673.4,-20.8109
"cg_vd_v",66673.4,-20.7802
"cg_vd_v",66673.4,-20.7139
"cg_vd_v",66673.4,-20.8066
"cg_vd_v",66673.4,-20.8092
"cg_vd_v",66673.4,-20.8347
"cg_vd_v",66673.5,-20.876
"cg_vd_v",66673.5,-20.8414
"cg_vd_v",66673.5,-20.8739
"cg_vd_v",66673.5,-20.8948
"cg_vd_v",66673.5,-20.9133
"cg_vd_v",66673.5,-20.9389
"cg_vd_v",66673.5,-20.9406
"cg_vd_v",66673.5,-20.9371
"cg_vd_v",66673.5,-20.9715
"cg_vd_v",66673.5,-20.9889
"cg_vd_v",66673.6,-21.0173
"cg_vd_v",66673.6,-20.9752
"cg_vd_v",66673.6,-21.0178
"cg_vd_v",66673.6,-21.0061
"cg_vd_v",66673.6,-20.9906
"cg_vd_v",66673.6,-21.0717
"cg_vd_v",66673.6,-21.024
"cg_vd_v",66673.6,-21.0136
"cg_vd_v",66673.6,-21.0538
"cg_vd_v",66673.6,-21.0537
"cg_vd_v",66673.7,-21.0808
"cg_vd_v",66673.7,-21.0483
"cg_vd_v",66673.7,-21.0636
"cg_vd_v",66673.7,-21.1088
"cg_vd_v",66673.7,-21.11
"cg_vd_v",66673.7,-21.1604
"cg_vd_v",66673.7,-21.1858
"cg_vd_v",66673.7,-21.1731
"cg_vd_v",66673.7,-21.2126
"cg_vd_v",66673.8,-21.2118
"cg_vd_v",66673.8,-21.2197
"cg_vd_v",66673.8,-21.3292
"cg_vd_v",66673.8,-21.2563
"cg_vd_v",66673.8,-21.2544
"cg_vd_v",66673.8,-21.278
"cg_vd_v",66673.8,-21.26
"cg_vd_v",66673.8,-21.3283
"cg_vd_v",66673.8,-21.3546
"cg_vd_v",66673.8,-21.3238
"cg_vd_v",66673.8,-21.3658
"cg_vd_v",66673.9,-21.406
"cg_vd_v",66673.9,-21.3708
"cg_vd_v",66673.9,-21.3943
"cg_vd_v",66673.9,-21.4471
"cg_vd_v",66673.9,-21.4015
"cg_vd_v",66673.9,-21.4262
"cg_vd_v",66673.9,-21.4327
"cg_vd_v",66673.9,-21.4784
"cg_vd_v",66673.9,-21.493
"cg_vd_v",66673.9,-21.4935
"cg_vd_v",66674,-21.5086
"cg_vd_v",66674,-21.4946
"cg_vd_v",66674,-21.5458
"cg_vd_v",66674,-21.5553
"cg_vd_v",66674,-21.5765
"cg_vd_v",66674,-21.5891
"cg_vd_v",66674,-21.5595
"cg_vd_v",66674,-21.6188
"cg_vd_v",66674,-21.6239
"cg_vd_v",66674,-21.6347
"cg_vd_v",66674.1,-21.6583
"cg_vd_v",66674.1,-21.6919
"cg_vd_v",66674.1,-21.6928
"cg_vd_v",66674.1,-21.75
"cg_vd_v",66674.1,-21.7234
"cg_vd_v",66674.1,-21.7594
"cg_vd_v",66674.1,-21.7864
"cg_vd_v",66674.1,-21.7988
"cg_vd_v",66674.1,-21.8239
"cg_vd_v",66674.1,-21.8514
"cg_vd_v",66674.2,-21.8645
"cg_vd_v",66674.2,-21.8833
"cg_vd_v",66674.2,-21.9002
"cg_vd_v",66674.2,-21.9194
"cg_vd_v",66674.2,-21.9334
"cg_vd_v",66674.2,-21.9327
"cg_vd_v",66674.2,-21.9377
"cg_vd_v",66674.2,-21.9567
"cg_vd_v",66674.2,-21.9814
"cg_vd_v",66674.2,-22.0223
"cg_vd_v",66674.3,-22.0225
"cg_vd_v",66674.3,-22.0157
"cg_vd_v",66674.3,-22.03
"cg_vd_v",66674.3,-22.0295
"cg_vd_v",66674.3,-22.043
"cg_vd_v",66674.3,-22.0803
"cg_vd_v",66674.3,-22.1037
"cg_vd_v",66674.3,-22.1505
"cg_vd_v",66674.3,-22.1266
"cg_vd_v",66674.3,-22.0968
"cg_vd_v",66674.4,-22.1607
"cg_vd_v",66674.4,-22.1612
"cg_vd_v",66674.4,-22.1403
"cg_vd_v",66674.4,-22.167
"cg_vd_v",66674.4,-22.2173
"cg_vd_v",66674.4,-22.1804
"cg_vd_v",66674.4,-22.2259
"cg_vd_v",66674.4,-22.2386
"cg_vd_v",66674.4,-22.263
"cg_vd_v",66674.4,-22.2709
"cg_vd_v",66674.5,-22.3315
"cg_vd_v",66674.5,-22.3122
"cg_vd_v",66674.5,-22.3328
"cg_vd_v",66674.5,-22.3627
"cg_vd_v",66674.5,-22.382
"cg_vd_v",66674.5,-22.3914
"cg_vd_v",66674.5,-22.3815
"cg_vd_v",66674.5,-22.4511
"cg_vd_v",66674.5,-22.4685
"cg_vd_v",66674.5,-22.4733
"cg_vd_v",66674.6,-22.5007
"cg_vd_v",66674.6,-22.4698
"cg_vd_v",66674.6,-22.5139
"cg_vd_v",66674.6,-22.5483
"cg_vd_v",66674.6,-22.5455
"cg_vd_v",66674.6,-22.574
"cg_vd_v",66674.6,-22.6042
"cg_vd_v",66674.6,-22.6085
"cg_vd_v",66674.6,-22.6386
"cg_vd_v",66674.7,-22.645
"cg_vd_v",66674.7,-22.665
"cg_vd_v",66674.7,-22.6878
"cg_vd_v",66674.7,-22.6964
"cg_vd_v",66674.7,-22.7291
"cg_vd_v",66674.7,-22.7337
"cg_vd_v",66674.8,-22.7717
"cg_vd_v",66674.8,-22.7794
"cg_vd_v",66674.8,-22.7887
"cg_vd_v",66674.8,-22.7509
"cg_vd_v",66674.8,-22.8126
"cg_vd_v",66674.8,-22.8102
"cg_vd_v",66674.8,-22.8148
"cg_vd_v",66674.8,-22.8318
"cg_vd_v",66674.9,-22.8527
"cg_vd_v",66674.9,-22.8897
"cg_vd_v",66674.9,-22.8758
"cg_vd_v",66674.9,-22.9087
"cg_vd_v",66674.9,-22.9178
"cg_vd_v",66674.9,-22.9441
"cg_vd_v",66675,-22.9518
"cg_vd_v",66675,-22.9445
"cg_vd_v",66675,-22.9534
"cg_vd_v",66675,-23.0071
"cg_vd_v",66675,-23.0421
"cg_vd_v",66675,-23.0521
"cg_vd_v",66675.1,-23.1517
"cg_vd_v",66675.1,-23.1899
"cg_vd_v",66675.1,-23.2195
"cg_vd_v",66675.1,-23.2189
"cg_vd_v",66675.1,-23.2281
"cg_vd_v",66675.1,-23.2913
"cg_vd_v",66675.1,-23.2705
"cg_vd_v",66675.1,-23.2737
"cg_vd_v",66675.1,-23.3004
"cg_vd_v",66675.1,-23.3117
"cg_vd_v",66675.1,-23.347
"cg_vd_v",66675.2,-23.3629
"cg_vd_v",66675.2,-23.3461
"cg_vd_v",66675.2,-23.3048
"cg_vd_v",66675.2,-23.4015
"cg_vd_v",66675.2,-23.4254
"cg_vd_v",66675.2,-23.4213
"cg_vd_v",66675.2,-23.4243
"cg_vd_v",66675.2,-23.5037
"cg_vd_v",66675.2,-23.5301
"cg_vd_v",66675.2,-23.515
"cg_vd_v",66675.2,-23.5118
"cg_vd_v",66675.3,-23.5517
"cg_vd_v",66675.3,-23.5821
"cg_vd_v",66675.3,-23.5069
"cg_vd_v",66675.3,-23.569
"cg_vd_v",66675.3,-23.6243
"cg_vd_v",66675.3,-23.6066
"cg_vd_v",66675.3,-23.6714
"cg_vd_v",66675.3,-23.7005
"cg_vd_v",66675.3,-23.6731
"cg_vd_v",66675.3,-23.6759
"cg_vd_v",66675.4,-23.701
"cg_vd_v",66675.4,-23.7789
"cg_vd_v",66675.4,-23.7543
"cg_vd_v",66675.4,-23.801
"cg_vd_v",66675.4,-23.7978
"cg_vd_v",66675.4,-23.8235
"cg_vd_v",66675.4,-23.8493
"cg_vd_v",66675.4,-23.8676
"cg_vd_v",66675.4,-23.8497
"cg_vd_v",66675.4,-23.8857
"cg_vd_v",66675.5,-23.9
"cg_vd_v",66675.5,-23.8938
"cg_vd_v",66675.5,-23.9321
"cg_vd_v",66675.5,-23.9566
"cg_vd_v",66675.5,-24.0003
"cg_vd_v",66675.5,-23.9951
"cg_vd_v",66675.5,-24.0161
"cg_vd_v",66675.5,-24.0019
"cg_vd_v",66675.5,-24.0387
"cg_vd_v",66675.5,-24.0491
"cg_vd_v",66675.5,-24.1058
"cg_vd_v",66675.5,-24.072
"cg_vd_v",66675.6,-24.0954
"cg_vd_v",66675.6,-24.1249
"cg_vd_v",66675.6,-24.131
"cg_vd_v",66675.6,-24.1463
"cg_vd_v",66675.6,-24.176
"cg_vd_v",66675.6,-24.2064
"cg_vd_v",66675.6,-24.1977
"cg_vd_v",66675.6,-24.2428
"cg_vd_v",66675.6,-24.2506
"cg_vd_v",66675.6,-24.2513
"cg_vd_v",66675.6,-24.2831
"cg_vd_v",66675.7,-24.2849
"cg_vd_v",66675.7,-24.3499
"cg_vd_v",66675.7,-24.3444
"cg_vd_v",66675.7,-24.3347
"cg_vd_v",66675.7,-24.3705
"cg_vd_v",66675.7,-24.4108
"cg_vd_v",66675.7,-24.4313
"cg_vd_v",66675.7,-24.4368
"cg_vd_v",66675.7,-24.4632
"cg_vd_v",66675.7,-24.4614
"cg_vd_v",66675.8,-24.5547
"cg_vd_v",66675.8,-24.5302
"cg_vd_v",66675.8,-24.5395
"cg_vd_v",66675.8,-24.5731
"cg_vd_v",66675.8,-24.5583
"cg_vd_v",66675.8,-24.6037
"cg_vd_v",66675.8,-24.6049
"cg_vd_v",66675.8,-24.6974
"cg_vd_v",66675.8,-24.6017
"cg_vd_v",66675.8,-24.6634
"cg_vd_v",66675.8,-24.6488
"cg_vd_v",66675.8,-24.6569
"cg_vd_v",66675.9,-24.6956
"cg_vd_v",66675.9,-24.6937
"cg_vd_v",66675.9,-24.7134
"cg_vd_v",66675.9,-24.7269
"cg_vd_v",66675.9,-24.7792
"cg_vd_v",66675.9,-24.7938
"cg_vd_v",66675.9,-24.8134
"cg_vd_v",66675.9,-24.8067
"cg_vd_v",66675.9,-24.8243
"cg_vd_v",66675.9,-24.8542
"cg_vd_v",66676,-24.8694
"cg_vd_v",66676,-24.8887
"cg_vd_v",66676,-24.8782
"cg_vd_v",66676,-24.9239
"cg_vd_v",66676,-24.9595
"cg_vd_v",66676,-24.9469
"cg_vd_v",66676,-24.9526
"cg_vd_v",66676,-24.9732
"cg_vd_v",66676,-25.018
"cg_vd_v",66676,-25.0124
"cg_vd_v",66676,-25.0169
"cg_vd_v",66676.1,-25.1009
"cg_vd_v",66676.1,-25.0689
"cg_vd_v",66676.1,-25.0792
"cg_vd_v",66676.1,-25.1067
"cg_vd_v",66676.1,-25.0352
"cg_vd_v",66676.1,-25.1231
"cg_vd_v",66676.1,-25.1228
"cg_vd_v",66676.1,-25.1405
"cg_vd_v",66676.1,-25.148
"cg_vd_v",66676.1,-25.1844
"cg_vd_v",66676.2,-25.1729
"cg_vd_v",66676.2,-25.2015
"cg_vd_v",66676.2,-25.2002
"cg_vd_v",66676.2,-25.2452
"cg_vd_v",66676.2,-25.244
"cg_vd_v",66676.2,-25.2606
"cg_vd_v",66676.2,-25.2738
"cg_vd_v",66676.2,-25.2832
"cg_vd_v",66676.2,-25.289
"cg_vd_v",66676.2,-25.3208
"cg_vd_v",66676.3,-25.3242
"cg_vd_v",66676.3,-25.3391
"cg_vd_v",66676.3,-25.3445
"cg_vd_v",66676.3,-25.3688
"cg_vd_v",66676.3,-25.3723
"cg_vd_v",66676.3,-25.3754
"cg_vd_v",66676.3,-25.395
"cg_vd_v",66676.3,-25.4026
"cg_vd_v",66676.3,-25.4635
"cg_vd_v",66676.4,-25.4213
"cg_vd_v",66676.4,-25.4364
"cg_vd_v",66676.4,-25.4315
"cg_vd_v",66676.4,-25.4783
"cg_vd_v",66676.4,-25.4916
"cg_vd_v",66676.4,-25.4342
"cg_vd_v",66676.4,-25.5183
"cg_vd_v",66676.4,-25.5189
"cg_vd_v",66676.4,-25.5307
"cg_vd_v",66676.4,-25.5516
"cg_vd_v",66676.5,-25.5491
"cg_vd_v",66676.5,-25.5592
"cg_vd_v",66676.5,-25.5792
"cg_vd_v",66676.5,-25.5898
"cg_vd_v",66676.5,-25.5922
"cg_vd_v",66676.5,-25.5973
"cg_vd_v",66676.5,-25.6142
"cg_vd_v",66676.5,-25.6258
"cg_vd_v",66676.5,-25.6384
"cg_vd_v",66676.5,-25.6373
"cg_vd_v",66676.6,-25.6607
"cg_vd_v",66676.6,-25.6605
"cg_vd_v",66676.6,-25.6443
"cg_vd_v",66676.6,-25.6867
"cg_vd_v",66676.6,-25.7182
"cg_vd_v",66676.6,-25.7305
"cg_vd_v",66676.6,-25.7169
"cg_vd_v",66676.6,-25.7071
"cg_vd_v",66676.6,-25.7394
"cg_vd_v",66676.6,-25.7861
"cg_vd_v",66676.7,-25.7873
"cg_vd_v",66676.7,-25.7782
"cg_vd_v",66676.7,-25.7925
"cg_vd_v",66676.7,-25.822
"cg_vd_v",66676.7,-25.8144
"cg_vd_v",66676.7,-25.8609
"cg_vd_v",66676.7,-25.8841
"cg_vd_v",66676.7,-25.8333
"cg_vd_v",66676.7,-25.8922
"cg_vd_v",66676.7,-25.866
"cg_vd_v",66676.8,-25.8972
"cg_vd_v",66676.8,-25.9282
"cg_vd_v",66676.8,-25.9561
"cg_vd_v",66676.8,-25.9384
"cg_vd_v",66676.8,-25.9415
"cg_vd_v",66676.8,-25.9984
"cg_vd_v",66676.8,-26.0116
"cg_vd_v",66676.8,-26.0256
"cg_vd_v",66676.8,-26.0386
"cg_vd_v",66676.8,-26.0654
"cg_vd_v",66676.9,-26.0554
"cg_vd_v",66676.9,-26.108
"cg_vd_v",66676.9,-26.1123
"cg_vd_v",66676.9,-26.1352
"cg_vd_v",66676.9,-26.1483
"cg_vd_v",66676.9,-26.166
"cg_vd_v",66676.9,-26.1901
"cg_vd_v",66676.9,-26.2113
"cg_vd_v",66676.9,-26.2077
"cg_vd_v",66676.9,-26.2184
"cg_vd_v",66677,-26.2255
"cg_vd_v",66677,-26.2438
"cg_vd_v",66677,-26.2688
"cg_vd_v",66677,-26.2853
"cg_vd_v",66677,-26.2992
"cg_vd_v",66677,-26.3009
"cg_vd_v",66677,-26.3641
"cg_vd_v",66677,-26.3479
"cg_vd_v",66677,-26.3376
"cg_vd_v",66677,-26.4296
"cg_vd_v",66677.1,-26.3893
"cg_vd_v",66677.1,-26.4201
"cg_vd_v",66677.1,-26.4508
"cg_vd_v",66677.1,-26.4442
"cg_vd_v",66677.1,-26.4787
"cg_vd_v",66677.1,-26.4872
"cg_vd_v",66677.1,-26.5031
"cg_vd_v",66677.1,-26.5018
"cg_vd_v",66677.1,-26.5174
"cg_vd_v",66677.1,-26.533
"cg_vd_v",66677.2,-26.5559
"cg_vd_v",66677.2,-26.5851
"cg_vd_v",66677.2,-26.597
"cg_vd_v",66677.2,-26.5949
"cg_vd_v",66677.2,-26.6322
"cg_vd_v",66677.2,-26.6816
"cg_vd_v",66677.2,-26.6476
"cg_vd_v",66677.2,-26.6638
"cg_vd_v",66677.2,-26.6643
"cg_vd_v",66677.2,-26.6896
"cg_vd_v",66677.2,-26.7368
"cg_vd_v",66677.3,-26.7276
"cg_vd_v",66677.3,-26.7815
"cg_vd_v",66677.3,-26.7595
"cg_vd_v",66677.3,-26.7558
"cg_vd_v",66677.3,-26.7902
"cg_vd_v",66677.3,-26.7831
"cg_vd_v",66677.3,-26.7981
"cg_vd_v",66677.3,-26.772
"cg_vd_v",66677.3,-26.8087
"cg_vd_v",66677.4,-26.8218
"cg_vd_v",66677.4,-26.7483
"cg_vd_v",66677.4,-26.8398
"cg_vd_v",66677.4,-26.8379
"cg_vd_v",66677.4,-26.8614
"cg_vd_v",66677.4,-26.8758
"cg_vd_v",66677.4,-26.8919
"cg_vd_v",66677.4,-26.8976
"cg_vd_v",66677.4,-26.932
"cg_vd_v",66677.4,-26.9358
"cg_vd_v",66677.5,-26.9139
"cg_vd_v",66677.5,-26.9189
"cg_vd_v",66677.5,-26.9673
"cg_vd_v",66677.5,-26.9978
"cg_vd_v",66677.5,-26.9769
"cg_vd_v",66677.5,-27.0187
"cg_vd_v",66677.5,-27.0151
"cg_vd_v",66677.5,-26.9659
"cg_vd_v",66677.5,-27.0208
"cg_vd_v",66677.5,-27.0351
"cg_vd_v",66677.6,-27.0445
"cg_vd_v",66677.6,-27.0562
"cg_vd_v",66677.6,-27.0634
"cg_vd_v",66677.6,-27.0835
"cg_vd_v",66677.6,-27.1137
"cg_vd_v",66677.6,-27.1021
"cg_vd_v",66677.6,-27.1026
"cg_vd_v",66677.6,-27.1157
"cg_vd_v",66677.6,-27.1117
"cg_vd_v",66677.6,-27.1448
"cg_vd_v",66677.7,-27.1367
"cg_vd_v",66677.7,-27.1522
"cg_vd_v",66677.7,-27.1751
"cg_vd_v",66677.7,-27.1875
"cg_vd_v",66677.7,-27.2009
"cg_vd_v",66677.7,-27.2026
"cg_vd_v",66677.7,-27.238
"cg_vd_v",66677.7,-27.2314
"cg_vd_v",66677.7,-27.2209
"cg_vd_v",66677.8,-27.2241
"cg_vd_v",66677.8,-27.2675
"cg_vd_v",66677.8,-27.2933
"cg_vd_v",66677.8,-27.2717
"cg_vd_v",66677.8,-27.2983
"cg_vd_v",66677.8,-27.2825
"cg_vd_v",66677.8,-27.3089
"cg_vd_v",66677.8,-27.3236
"cg_vd_v",66677.8,-27.3297
"cg_vd_v",66677.8,-27.3597
"cg_vd_v",66677.9,-27.3527
"cg_vd_v",66677.9,-27.3616
"cg_vd_v",66677.9,-27.4164
"cg_vd_v",66677.9,-27.4164
"cg_vd_v",66677.9,-27.4268
"cg_vd_v",66677.9,-27.4429
"cg_vd_v",66677.9,-27.4627
"cg_vd_v",66677.9,-27.4809
"cg_vd_v",66677.9,-27.4986
"cg_vd_v",66677.9,-27.5021
"cg_vd_v",66678,-27.505
"cg_vd_v",66678,-27.5229
"cg_vd_v",66678,-27.5333
"cg_vd_v",66678,-27.5981
"cg_vd_v",66678,-27.5696
"cg_vd_v",66678,-27.5929
"cg_vd_v",66678,-27.5714
"cg_vd_v",66678,-27.6051
"cg_vd_v",66678,-27.6631
"cg_vd_v",66678,-27.6364
"cg_vd_v",66678,-27.6329
"cg_vd_v",66678.1,-27.6703
"cg_vd_v",66678.1,-27.6827
"cg_vd_v",66678.1,-27.6805
"cg_vd_v",66678.1,-27.717
"cg_vd_v",66678.1,-27.708
"cg_vd_v",66678.1,-27.6959
"cg_vd_v",66678.1,-27.7277
"cg_vd_v",66678.1,-27.7293
"cg_vd_v",66678.1,-27.7295
"cg_vd_v",66678.1,-27.7852
"cg_vd_v",66678.2,-27.7781
"cg_vd_v",66678.2,-27.8202
"cg_vd_v",66678.2,-27.8078
"cg_vd_v",66678.2,-27.8059
"cg_vd_v",66678.2,-27.8071
"cg_vd_v",66678.2,-27.8428
"cg_vd_v",66678.2,-27.8004
"cg_vd_v",66678.2,-27.8642
"cg_vd_v",66678.2,-27.8694
"cg_vd_v",66678.2,-27.8742
"cg_vd_v",66678.3,-27.906
"cg_vd_v",66678.3,-27.9467
"cg_vd_v",66678.3,-27.9527
"cg_vd_v",66678.3,-27.9457
"cg_vd_v",66678.3,-27.9689
"cg_vd_v",66678.3,-28.0088
"cg_vd_v",66678.3,-27.9878
"cg_vd_v",66678.3,-28.015
"cg_vd_v",66678.3,-28.022
"cg_vd_v",66678.4,-28.056
"cg_vd_v",66678.4,-28.0685
"cg_vd_v",66678.4,-28.0633
"cg_vd_v",66678.4,-28.0792
"cg_vd_v",66678.4,-28.076
"cg_vd_v",66678.4,-28.0974
"cg_vd_v",66678.4,-28.1425
"cg_vd_v",66678.4,-28.1282
"cg_vd_v",66678.4,-28.1626
"cg_vd_v",66678.4,-28.1705
"cg_vd_v",66678.4,-28.2086
"cg_vd_v",66678.5,-28.2149
"cg_vd_v",66678.5,-28.2145
"cg_vd_v",66678.5,-28.2199
"cg_vd_v",66678.5,-28.2425
"cg_vd_v",66678.5,-28.2508
"cg_vd_v",66678.5,-28.2378
"cg_vd_v",66678.5,-28.3017
"cg_vd_v",66678.5,-28.3106
"cg_vd_v",66678.5,-28.3104
"cg_vd_v",66678.5,-28.3331
"cg_vd_v",66678.6,-28.3582
"cg_vd_v",66678.6,-28.3549
"cg_vd_v",66678.6,-28.3746
"cg_vd_v",66678.6,-28.4
"cg_vd_v",66678.6,-28.4259
"cg_vd_v",66678.6,-28.4769
"cg_vd_v",66678.6,-28.4567
"cg_vd_v",66678.6,-28.4869
"cg_vd_v",66678.6,-28.514
"cg_vd_v",66678.7,-28.5453
"cg_vd_v",66678.7,-28.5511
"cg_vd_v",66678.7,-28.5651
"cg_vd_v",66678.7,-28.5773
"cg_vd_v",66678.7,-28.6126
"cg_vd_v",66678.7,-28.6313
"cg_vd_v",66678.7,-28.6193
"cg_vd_v",66678.7,-28.6531
"cg_vd_v",66678.7,-28.661
"cg_vd_v",66678.7,-28.6601
"cg_vd_v",66678.8,-28.6482
"cg_vd_v",66678.8,-28.6628
"cg_vd_v",66678.8,-28.7116
"cg_vd_v",66678.8,-28.7305
"cg_vd_v",66678.8,-28.7428
"cg_vd_v",66678.8,-28.8006
"cg_vd_v",66678.8,-28.8024
"cg_vd_v",66678.8,-28.7666
"cg_vd_v",66678.8,-28.7319
"cg_vd_v",66678.8,-28.8126
"cg_vd_v",66678.9,-28.829
"cg_vd_v",66678.9,-28.8517
"cg_vd_v",66678.9,-28.8276
"cg_vd_v",66678.9,-28.8756
"cg_vd_v",66678.9,-28.8793
"cg_vd_v",66678.9,-28.8773
"cg_vd_v",66678.9,-28.8979
"cg_vd_v",66678.9,-28.9097
"cg_vd_v",66678.9,-28.9311
"cg_vd_v",66678.9,-28.941
"cg_vd_v",66679,-28.9526
"cg_vd_v",66679,-28.9649
"cg_vd_v",66679,-28.9927
"cg_vd_v",66679,-28.9917
"cg_vd_v",66679,-28.9739
"cg_vd_v",66679,-28.9941
"cg_vd_v",66679,-29.0147
"cg_vd_v",66679,-29.0227
"cg_vd_v",66679,-29.0396
"cg_vd_v",66679,-29.0994
"cg_vd_v",66679.1,-29.0873
"cg_vd_v",66679.1,-29.0789
"cg_vd_v",66679.1,-29.1027
"cg_vd_v",66679.1,-29.1326
"cg_vd_v",66679.1,-29.1475
"cg_vd_v",66679.1,-29.1552
"cg_vd_v",66679.1,-29.1748
"cg_vd_v",66679.1,-29.1921
"cg_vd_v",66679.1,-29.1882
"cg_vd_v",66679.1,-29.1994
"cg_vd_v",66679.2,-29.2129
"cg_vd_v",66679.2,-29.2214
"cg_vd_v",66679.2,-29.2249
"cg_vd_v",66679.2,-29.2532
"cg_vd_v",66679.2,-29.2912
"cg_vd_v",66679.2,-29.2817
"cg_vd_v",66679.2,-29.2969
"cg_vd_v",66679.2,-29.2785
"cg_vd_v",66679.2,-29.345
"cg_vd_v",66679.2,-29.336
"cg_vd_v",66679.2,-29.3338
"cg_vd_v",66679.3,-29.2978
"cg_vd_v",66679.3,-29.3391
"cg_vd_v",66679.3,-29.3478
"cg_vd_v",66679.3,-29.3508
"cg_vd_v",66679.3,-29.3907
"cg_vd_v",66679.3,-29.385
"cg_vd_v",66679.3,-29.3894
"cg_vd_v",66679.3,-29.3776
"cg_vd_v",66679.3,-29.4705
"cg_vd_v",66679.4,-29.4412
"cg_vd_v",66679.4,-29.4554
"cg_vd_v",66679.4,-29.4716
"cg_vd_v",66679.4,-29.4799
"cg_vd_v",66679.4,-29.5021
"cg_vd_v",66679.4,-29.4842
"cg_vd_v",66679.4,-29.5095
"cg_vd_v",66679.4,-29.5227
"cg_vd_v",66679.4,-29.537
"cg_vd_v",66679.4,-29.5398
"cg_vd_v",66679.5,-29.5578
"cg_vd_v",66679.5,-29.5672
"cg_vd_v",66679.5,-29.5936
"cg_vd_v",66679.5,-29.5998
"cg_vd_v",66679.5,-29.6189
"cg_vd_v",66679.5,-29.6279
"cg_vd_v",66679.5,-29.6452
"cg_vd_v",66679.5,-29.6598
"cg_vd_v",66679.5,-29.707
"cg_vd_v",66679.5,-29.7185
"cg_vd_v",66679.6,-29.7264
"cg_vd_v",66679.6,-29.7288
"cg_vd_v",66679.6,-29.7515
"cg_vd_v",66679.6,-29.8553
"cg_vd_v",66679.6,-29.8058
"cg_vd_v",66679.6,-29.797
"cg_vd_v",66679.6,-29.8027
"cg_vd_v",66679.6,-29.8368
"cg_vd_v",66679.6,-29.8122
"cg_vd_v",66679.6,-29.9156
"cg_vd_v",66679.6,-29.8781
"cg_vd_v",66679.7,-29.8834
"cg_vd_v",66679.7,-29.8988
"cg_vd_v",66679.7,-29.9098
"cg_vd_v",66679.7,-29.9403
"cg_vd_v",66679.7,-29.9479
"cg_vd_v",66679.7,-29.9606
"cg_vd_v",66679.7,-29.9782
"cg_vd_v",66679.7,-29.9691
"cg_vd_v",66679.7,-30.018
"cg_vd_v",66679.7,-30.034
"cg_vd_v",66679.8,-30.0399
"cg_vd_v",66679.8,-30.0921
"cg_vd_v",66679.8,-30.0873
"cg_vd_v",66679.8,-30.0865
"cg_vd_v",66679.8,-30.1157
"cg_vd_v",66679.8,-30.1771
"cg_vd_v",66679.8,-30.133
"cg_vd_v",66679.8,-30.1569
"cg_vd_v",66679.8,-30.1885
"cg_vd_v",66679.8,-30.1996
"cg_vd_v",66679.9,-30.2131
"cg_vd_v",66679.9,-30.252
"cg_vd_v",66679.9,-30.2213
"cg_vd_v",66679.9,-30.2513
"cg_vd_v",66679.9,-30.2743
"cg_vd_v",66679.9,-30.3258
"cg_vd_v",66679.9,-30.2977
"cg_vd_v",66679.9,-30.3045
"cg_vd_v",66679.9,-30.3203
"cg_vd_v",66679.9,-30.3164
"cg_vd_v",66680,-30.3359
"cg_vd_v",66680,-30.3417
"cg_vd_v",66680,-30.3556
"cg_vd_v",66680,-30.408
"cg_vd_v",66680,-30.3842
"cg_vd_v",66680,-30.3772
"cg_vd_v",66680,-30.4074
"cg_vd_v",66680,-30.4269
"cg_vd_v",66680,-30.4343
"cg_vd_v",66680,-30.4639
"cg_vd_v",66680.1,-30.4729
"cg_vd_v",66680.1,-30.4832
"cg_vd_v",66680.1,-30.5207
"cg_vd_v",66680.1,-30.5062
"cg_vd_v",66680.1,-30.5313
"cg_vd_v",66680.1,-30.5514
"cg_vd_v",66680.1,-30.5449
"cg_vd_v",66680.1,-30.6211
"cg_vd_v",66680.1,-30.6046
"cg_vd_v",66680.1,-30.6269
"cg_vd_v",66680.2,-30.632
"cg_vd_v",66680.2,-30.6106
"cg_vd_v",66680.2,-30.6225
"cg_vd_v",66680.2,-30.6685
"cg_vd_v",66680.2,-30.6556
"cg_vd_v",66680.2,-30.6663
"cg_vd_v",66680.2,-30.6751
"cg_vd_v",66680.2,-30.6812
"cg_vd_v",66680.2,-30.632
"cg_vd_v",66680.2,-30.7366
"cg_vd_v",66680.3,-30.7065
"cg_vd_v",66680.3,-30.732
"cg_vd_v",66680.3,-30.7426
"cg_vd_v",66680.3,-30.7841
"cg_vd_v",66680.3,-30.7547
"cg_vd_v",66680.3,-30.7682
"cg_vd_v",66680.3,-30.7611
"cg_vd_v",66680.3,-30.7886
"cg_vd_v",66680.3,-30.7901
"cg_vd_v",66680.3,-30.792
"cg_vd_v",66680.4,-30.8161
"cg_vd_v",66680.4,-30.7307
"cg_vd_v",66680.4,-30.848
"cg_vd_v",66680.4,-30.829
"cg_vd_v",66680.4,-30.8381
"cg_vd_v",66680.4,-30.8717
"cg_vd_v",66680.4,-30.8701
"cg_vd_v",66680.4,-30.885
"cg_vd_v",66680.4,-30.86
"cg_vd_v",66680.4,-30.9207
"cg_vd_v",66680.5,-30.9608
"cg_vd_v",66680.5,-30.916
"cg_vd_v",66680.5,-31.0003
"cg_vd_v",66680.5,-30.9728
"cg_vd_v",66680.5,-31.0013
"cg_vd_v",66680.5,-31.0216
"cg_vd_v",66680.5,-31.0347
"cg_vd_v",66680.5,-31.0315
"cg_vd_v",66680.5,-31.0802
"cg_vd_v",66680.5,-31.0651
"cg_vd_v",66680.6,-31.0664
"cg_vd_v",66680.6,-31.0692
"cg_vd_v",66680.6,-31.1155
"cg_vd_v",66680.6,-31.1288
"cg_vd_v",66680.6,-31.1135
"cg_vd_v",66680.6,-31.1428
"cg_vd_v",66680.6,-31.1739
"cg_vd_v",66680.6,-31.1936
"cg_vd_v",66680.6,-31.2892
"cg_vd_v",66680.6,-31.231
"cg_vd_v",66680.6,-31.229
"cg_vd_v",66680.7,-31.2331
"cg_vd_v",66680.7,-31.2772
"cg_vd_v",66680.7,-31.2484
"cg_vd_v",66680.7,-31.3138
"cg_vd_v",66680.7,-31.3106
"cg_vd_v",66680.7,-31.3562
"cg_vd_v",66680.7,-31.3302
"cg_vd_v",66680.7,-31.3268
"cg_vd_v",66680.7,-31.3561
"cg_vd_v",66680.7,-31.3641
"cg_vd_v",66680.8,-31.3673
"cg_vd_v",66680.8,-31.4169
"cg_vd_v",66680.8,-31.4009
"cg_vd_v",66680.8,-31.4542
"cg_vd_v",66680.8,-31.4465
"cg_vd_v",66680.8,-31.4932
"cg_vd_v",66680.8,-31.5174
"cg_vd_v",66680.8,-31.485
"cg_vd_v",66680.8,-31.5131
"cg_vd_v",66680.8,-31.5472
"cg_vd_v",66680.9,-31.5368
"cg_vd_v",66680.9,-31.5427
"cg_vd_v",66680.9,-31.5636
"cg_vd_v",66680.9,-31.5764
"cg_vd_v",66680.9,-31.6109
"cg_vd_v",66680.9,-31.6176
"cg_vd_v",66680.9,-31.6219
"cg_vd_v",66680.9,-31.6442
"cg_vd_v",66680.9,-31.6451
"cg_vd_v",66680.9,-31.6705
"cg_vd_v",66681,-31.7009
"cg_vd_v",66681,-31.7222
"cg_vd_v",66681,-31.7324
"cg_vd_v",66681,-31.7518
"cg_vd_v",66681,-31.7577
"cg_vd_v",66681,-31.7862
"cg_vd_v",66681,-31.7793
"cg_vd_v",66681,-31.7859
"cg_vd_v",66681,-31.8177
"cg_vd_v",66681,-31.8458
"cg_vd_v",66681.1,-31.7803
"cg_vd_v",66681.1,-31.865
"cg_vd_v",66681.1,-31.8848
"cg_vd_v",66681.1,-31.8933
"cg_vd_v",66681.1,-31.9291
"cg_vd_v",66681.1,-31.9156
"cg_vd_v",66681.1,-31.9125
"cg_vd_v",66681.1,-31.9468
"cg_vd_v",66681.1,-31.9243
"cg_vd_v",66681.1,-31.9554
"cg_vd_v",66681.2,-31.9717
"cg_vd_v",66681.2,-31.9848
"cg_vd_v",66681.2,-32.001
"cg_vd_v",66681.2,-32.0136
"cg_vd_v",66681.2,-32.0098
"cg_vd_v",66681.2,-32.0097
"cg_vd_v",66681.2,-32.0368
"cg_vd_v",66681.2,-32.0342
"cg_vd_v",66681.2,-32.0615
"cg_vd_v",66681.2,-32.0747
"cg_vd_v",66681.3,-32.1047
"cg_vd_v",66681.3,-32.0918
"cg_vd_v",66681.3,-32.1294
"cg_vd_v",66681.3,-32.1157
"cg_vd_v",66681.3,-32.1034
"cg_vd_v",66681.3,-32.1263
"cg_vd_v",66681.3,-32.1506
"cg_vd_v",66681.3,-32.1679
"cg_vd_v",66681.3,-32.1873
"cg_vd_v",66681.3,-32.1908
"cg_vd_v",66681.4,-32.2142
"cg_vd_v",66681.4,-32.2127
"cg_vd_v",66681.4,-32.2404
"cg_vd_v",66681.4,-32.2087
"cg_vd_v",66681.4,-32.244
"cg_vd_v",66681.4,-32.2572
"cg_vd_v",66681.4,-32.2371
"cg_vd_v",66681.4,-32.2628
"cg_vd_v",66681.4,-32.2622
"cg_vd_v",66681.4,-32.2757
"cg_vd_v",66681.5,-32.3453
"cg_vd_v",66681.5,-32.3017
"cg_vd_v",66681.5,-32.2866
"cg_vd_v",66681.5,-32.329
"cg_vd_v",66681.5,-32.3282
"cg_vd_v",66681.5,-32.3462
"cg_vd_v",66681.5,-32.3326
"cg_vd_v",66681.5,-32.3778
"cg_vd_v",66681.5,-32.3966
"cg_vd_v",66681.5,-32.3782
"cg_vd_v",66681.6,-32.3844
"cg_vd_v",66681.6,-32.3856
"cg_vd_v",66681.6,-32.3452
"cg_vd_v",66681.6,-32.4388
"cg_vd_v",66681.6,-32.4004
"cg_vd_v",66681.6,-32.5013
"cg_vd_v",66681.6,-32.4421
"cg_vd_v",66681.6,-32.4408
"cg_vd_v",66681.6,-32.4996
"cg_vd_v",66681.6,-32.4802
"cg_vd_v",66681.7,-32.4875
"cg_vd_v",66681.7,-32.5139
"cg_vd_v",66681.7,-32.5224
"cg_vd_v",66681.7,-32.5288
"cg_vd_v",66681.7,-32.5746
"cg_vd_v",66681.7,-32.5714
"cg_vd_v",66681.7,-32.5462
"cg_vd_v",66681.7,-32.5918
"cg_vd_v",66681.7,-32.5605
"cg_vd_v",66681.7,-32.5884
"cg_vd_v",66681.8,-32.631
"cg_vd_v",66681.8,-32.6458
"cg_vd_v",66681.8,-32.6642
"cg_vd_v",66681.8,-32.6792
"cg_vd_v",66681.8,-32.6263
"cg_vd_v",66681.8,-32.6774
"cg_vd_v",66681.8,-32.6813
"cg_vd_v",66681.8,-32.6581
"cg_vd_v",66681.8,-32.716
"cg_vd_v",66681.8,-32.7217
"cg_vd_v",66681.9,-32.7608
"cg_vd_v",66681.9,-32.7664
"cg_vd_v",66681.9,-32.7951
"cg_vd_v",66681.9,-32.7763
"cg_vd_v",66681.9,-32.781
"cg_vd_v",66681.9,-32.8174
"cg_vd_v",66681.9,-32.7578
"cg_vd_v",66681.9,-32.8176
"cg_vd_v",66681.9,-32.8406
"cg_vd_v",66681.9,-32.8453
"cg_vd_v",66682,-32.8453
"cg_vd_v",66682,-32.8453
"cg_vd_v",66682,-32.8453
"cg_vd_v",66682,-32.8453
"cg_vd_v",66682,-32.8453
"cg_vd_v",66682,-32.8453
"cg_vd_v",66682,-32.8453
"cg_vd_v",66682,-32.8453
"cg_vd_v",66682,-32.8453
"cg_vd_v",66682,-32.8453
"cg_vq_v",66652.1,10.0133
"cg_vq_v",66652.1,9.94191
"cg_vq_v",66652.2,9.89445
"cg_vq_v",66652.2,9.66043
"cg_vq_v",66652.2,9.6918
"cg_vq_v",66652.2,9.79586
"cg_vq_v",66652.2,9.67436
"cg_vq_v",66652.2,9.83907
"cg_vq_v",66652.2,9.84507
"cg_vq_v",66652.2,9.82414
"cg_vq_v",66652.2,9.90192
"cg_vq_v",66652.2,9.95045
"cg_vq_v",66652.3,9.96491
"cg_vq_v",66652.3,10.1162
"cg_vq_v",66652.3,10.0591
"cg_vq_v",66652.3,9.95495
"cg_vq_v",66652.3,10.0228
"cg_vq_v",66652.3,9.79739
"cg_vq_v",66652.3,9.75493
"cg_vq_v",66652.3,9.88271
"cg_vq_v",66652.3,9.76613
"cg_vq_v",66652.3,9.84047
"cg_vq_v",66652.4,9.94998
"cg_vq_v",66652.4,9.84797
"cg_vq_v",66652.4,9.79387
"cg_vq_v",66652.4,9.76018
"cg_vq_v",66652.4,9.79463
"cg_vq_v",66652.4,9.88409
"cg_vq_v",66652.4,10.0213
"cg_vq_v",66652.4,9.91221
"cg_vq_v",66652.4,9.95456
"cg_vq_v",66652.4,9.8334
"cg_vq_v",66652.5,9.75308
"cg_vq_v",66652.5,9.87366
"cg_vq_v",66652.5,9.91039
"cg_vq_v",66652.5,9.82009
"cg_vq_v",66652.5,9.96957
"cg_vq_v",66652.5,9.83643
"cg_vq_v",66652.5,9.8281
"cg_vq_v",66652.5,9.86116
"cg_vq_v",66652.5,9.8697
"cg_vq_v",66652.5,9.94765
"cg_vq_v",66652.6,10.028
"cg_vq_v",66652.6,9.97813
"cg_vq_v",66652.6,10.1236
"cg_vq_v",66652.6,10.0568
"cg_vq_v",66652.6,9.77562
"cg_vq_v",66652.6,9.78449
"cg_vq_v",66652.6,9.79959
"cg_vq_v",66652.6,9.70817
"cg_vq_v",66652.6,9.8103
"cg_vq_v",66652.6,9.79379
"cg_vq_v",66652.7,9.78273
"cg_vq_v",66652.7,9.76917
"cg_vq_v",66652.7,9.80849
"cg_vq_v",66652.7,9.83407
"cg_vq_v",66652.7,9.97873
"cg_vq_v",66652.7,10.1003
"cg_vq_v",66652.7,10.0677
"cg_vq_v",66652.7,10.1513
"cg_vq_v",66652.7,9.90372
"cg_vq_v",66652.7,9.63669
"cg_vq_v",66652.8,9.87432
"cg_vq_v",66652.8,9.75817
"cg_vq_v",66652.8,9.82777
"cg_vq_v",66652.8,9.90234
"cg_vq_v",66652.8,9.83135
"cg_vq_v",66652.8,9.8564
"cg_vq_v",66652.8,9.88261
"cg_vq_v",66652.8,9.93014
"cg_vq_v",66652.8,9.96916
"cg_vq_v",66652.8,10.0586
"cg_vq_v",66652.9,9.94599
"cg_vq_v",66652.9,9.89024
"cg_vq_v",66652.9,9.84661
"cg_vq_v",66652.9,9.71263
"cg_vq_v",66652.9,9.78847
"cg_vq_v",66652.9,9.75689
"cg_vq_v",66652.9,9.76043
"cg_vq_v",66652.9,9.92456
"cg_vq_v",66652.9,9.86935
"cg_vq_v",66652.9,9.89945
"cg_vq_v",66653,9.91027
"cg_vq_v",66653,9.89146
"cg_vq_v",66653,9.97364
"cg_vq_v",66653,10.0838
"cg_vq_v",66653,10.0089
"cg_vq_v",66653,9.94189
"cg_vq_v",66653,9.9407
"cg_vq_v",66653,9.64301
"cg_vq_v",66653,9.58724
"cg_vq_v",66653,9.63089
"cg_vq_v",66653.1,9.53217
"cg_vq_v",66653.1,9.59339
"cg_vq_v",66653.1,9.45414
"cg_vq_v",66653.1,9.40172
"cg_vq_v",66653.1,9.38027
"cg_vq_v",66653.1,9.32571
"cg_vq_v",66653.1,9.76913
"cg_vq_v",66653.1,10.1802
"cg_vq_v",66653.1,10.5046
"cg_vq_v",66653.1,10.799
"cg_vq_v",66653.2,11.4003
"cg_vq_v",66653.2,11.5629
"cg_vq_v",66653.2,11.9079
"cg_vq_v",66653.2,12.3948
"cg_vq_v",66653.2,12.5148
"cg_vq_v",66653.2,12.8275
"cg_vq_v",66653.2,13.1746
"cg_vq_v",66653.2,13.3892
"cg_vq_v",66653.2,13.6659
"cg_vq_v",66653.2,13.953
"cg_vq_v",66653.3,14.1445
"cg_vq_v",66653.3,14.3795
"cg_vq_v",66653.3,14.6334
"cg_vq_v",66653.3,14.756
"cg_vq_v",66653.3,14.9322
"cg_vq_v",66653.3,15.2569
"cg_vq_v",66653.3,15.2269
"cg_vq_v",66653.3,15.3687
"cg_vq_v",66653.3,15.7164
"cg_vq_v",66653.3,15.6542
"cg_vq_v",66653.4,15.7522
"cg_vq_v",66653.4,15.9818
"cg_vq_v",66653.4,15.9509
"cg_vq_v",66653.4,16.0664
"cg_vq_v",66653.4,16.1515
"cg_vq_v",66653.4,16.1494
"cg_vq_v",66653.4,16.1988
"cg_vq_v",66653.4,16.3123
"cg_vq_v",66653.4,16.2095
"cg_vq_v",66653.4,16.1159
"cg_vq_v",66653.5,16.315
"cg_vq_v",66653.5,16.2513
"cg_vq_v",66653.5,16.0568
"cg_vq_v",66653.5,16.2931
"cg_vq_v",66653.5,16.2768
"cg_vq_v",66653.5,16.1101
"cg_vq_v",66653.5,16.2075
"cg_vq_v",66653.5,16.2238
"cg_vq_v",66653.5,16.1171
"cg_vq_v",66653.5,16.139
"cg_vq_v",66653.6,16.1545
"cg_vq_v",66653.6,16.123
"cg_vq_v",66653.6,16.0981
"cg_vq_v",66653.6,16.1757
"cg_vq_v",66653.6,16.0836
"cg_vq_v",66653.6,16.0046
"cg_vq_v",66653.6,16.1813
"cg_vq_v",66653.6,16.1257
"cg_vq_v",66653.6,15.8842
"cg_vq_v",66653.6,16.1165
"cg_vq_v",66653.7,16.1618
"cg_vq_v",66653.7,15.9314
"cg_vq_v",66653.7,16.0003
"cg_vq_v",66653.7,16.0359
"cg_vq_v",66653.7,15.9809
"cg_vq_v",66653.7,16.0058
"cg_vq_v",66653.7,16.0692
"cg_vq_v",66653.7,15.9955
"cg_vq_v",66653.7,15.9307
"cg_vq_v",66653.8,16.0063
"cg_vq_v",66653.8,16.0098
"cg_vq_v",66653.8,15.8105
"cg_vq_v",66653.8,15.9501
"cg_vq_v",66653.8,16.0244
"cg_vq_v",66653.8,15.8482
"cg_vq_v",66653.8,15.8129
"cg_vq_v",66653.8,16.044
"cg_vq_v",66653.8,15.9285
"cg_vq_v",66653.8,15.7911
"cg_vq_v",66653.9,15.8941
"cg_vq_v",66653.9,15.9092
"cg_vq_v",66653.9,15.8058
"cg_vq_v",66653.9,15.8403
"cg_vq_v",66653.9,15.8361
"cg_vq_v",66653.9,15.8131
"cg_vq_v",66653.9,15.7989
"cg_vq_v",66653.9,15.8265
"cg_vq_v",66653.9,15.8636
"cg_vq_v",66653.9,15.7
"cg_vq_v",66653.9,15.6861
"cg_vq_v",66654,15.868
"cg_vq_v",66654,15.7096
"cg_vq_v",66654,15.5791
"cg_vq_v",66654,15.7563
"cg_vq_v",66654,15.8222
"cg_vq_v",66654,15.5777
"cg_vq_v",66654,15.6313
"cg_vq_v",66654,15.7252
"cg_vq_v",66654,15.655
"cg_vq_v",66654,15.5753
"cg_vq_v",66654.1,15.6588
"cg_vq_v",66654.1,15.6221
"cg_vq_v",66654.1,15.6052
"cg_vq_v",66654.1,15.5811
"cg_vq_v",66654.1,15.6393
"cg_vq_v",66654.1,15.5979
"cg_vq_v",66654.1,15.5085
"cg_vq_v",66654.1,15.5165
"cg_vq_v",66654.1,15.7039
"cg_vq_v",66654.1,15.5279
"cg_vq_v",66654.2,15.3552
"cg_vq_v",66654.2,15.5694
"cg_vq_v",66654.2,15.6812
"cg_vq_v",66654.2,15.449
"cg_vq_v",66654.2,15.3866
"cg_vq_v",66654.2,15.5402
"cg_vq_v",66654.2,15.5275
"cg_vq_v",66654.2,15.412
"cg_vq_v",66654.2,15.4298
"cg_vq_v",66654.2,15.4253
"cg_vq_v",66654.3,15.4101
"cg_vq_v",66654.3,15.3561
"cg_vq_v",66654.3,15.4004
"cg_vq_v",66654.3,15.4402
"cg_vq_v",66654.3,15.3641
"cg_vq_v",66654.3,15.2143
"cg_vq_v",66654.3,15.3481
"cg_vq_v",66654.3,15.4577
"cg_vq_v",66654.3,15.3019
"cg_vq_v",66654.4,15.1389
"cg_vq_v",66654.4,15.3311
"cg_vq_v",66654.4,15.4235
"cg_vq_v",66654.4,15.2315
"cg_vq_v",66654.4,15.1194
"cg_vq_v",66654.4,15.2703
"cg_vq_v",66654.4,15.2517
"cg_vq_v",66654.4,15.1609
"cg_vq_v",66654.4,15.1397
"cg_vq_v",66654.4,15.1939
"cg_vq_v",66654.4,15.1649
"cg_vq_v",66654.5,15.0942
"cg_vq_v",66654.5,15.1091
"cg_vq_v",66654.5,15.1533
"cg_vq_v",66654.5,15.1532
"cg_vq_v",66654.5,15.0115
"cg_vq_v",66654.5,14.9737
"cg_vq_v",66654.5,15.1407
"cg_vq_v",66654.5,15.1642
"cg_vq_v",66654.5,14.975
"cg_vq_v",66654.5,14.8858
"cg_vq_v",66654.6,15.097
"cg_vq_v",66654.6,15.1424
"cg_vq_v",66654.6,14.9405
"cg_vq_v",66654.6,14.8636
"cg_vq_v",66654.6,15.0283
"cg_vq_v",66654.6,15.0862
"cg_vq_v",66654.6,14.972
"cg_vq_v",66654.6,14.9181
"cg_vq_v",66654.6,14.9434
"cg_vq_v",66654.7,14.9608
"cg_vq_v",66654.7,14.9027
"cg_vq_v",66654.7,14.8808
"cg_vq_v",66654.7,14.912
"cg_vq_v",66654.7,14.9252
"cg_vq_v",66654.7,14.8848
"cg_vq_v",66654.8,14.7208
"cg_vq_v",66654.8,14.749
"cg_vq_v",66654.8,14.9263
"cg_vq_v",66654.8,14.9309
"cg_vq_v",66654.8,14.705
"cg_vq_v",66654.8,14.6168
"cg_vq_v",66654.8,14.7903
"cg_vq_v",66654.8,14.9269
"cg_vq_v",66654.9,14.7122
"cg_vq_v",66654.9,14.5664
"cg_vq_v",66654.9,14.6508
"cg_vq_v",66654.9,14.737
"cg_vq_v",66654.9,14.6637
"cg_vq_v",66654.9,14.6311
"cg_vq_v",66655,14.6585
"cg_vq_v",66655,14.602
"cg_vq_v",66655,14.5722
"cg_vq_v",66655,14.5208
"cg_vq_v",66655,14.6168
"cg_vq_v",66655,14.4644
"cg_vq_v",66655.1,14.3013
"cg_vq_v",66655.1,14.3684
"cg_vq_v",66655.1,14.6267
"cg_vq_v",66655.1,14.4877
"cg_vq_v",66655.1,14.3291
"cg_vq_v",66655.1,14.2705
"cg_vq_v",66655.1,14.4074
"cg_vq_v",66655.1,14.4354
"cg_vq_v",66655.1,14.3674
"cg_vq_v",66655.1,14.2582
"cg_vq_v",66655.2,14.3116
"cg_vq_v",66655.2,14.3201
"cg_vq_v",66655.2,14.3274
"cg_vq_v",66655.2,14.2484
"cg_vq_v",66655.2,14.2148
"cg_vq_v",66655.2,14.2397
"cg_vq_v",66655.2,14.2988
"cg_vq_v",66655.2,14.2544
"cg_vq_v",66655.2,14.1509
"cg_vq_v",66655.2,14.0544
"cg_vq_v",66655.2,14.1192
"cg_vq_v",66655.2,14.2495
"cg_vq_v",66655.3,14.2439
"cg_vq_v",66655.3,14.0168
"cg_vq_v",66655.3,13.9386
"cg_vq_v",66655.3,14.0375
"cg_vq_v",66655.3,14.2427
"cg_vq_v",66655.3,14.1312
"cg_vq_v",66655.3,13.9481
"cg_vq_v",66655.3,13.9255
"cg_vq_v",66655.3,13.9662
"cg_vq_v",66655.3,14.076
"cg_vq_v",66655.4,14.0333
"cg_vq_v",66655.4,13.938
"cg_vq_v",66655.4,13.9034
"cg_vq_v",66655.4,13.9541
"cg_vq_v",66655.4,13.9791
"cg_vq_v",66655.4,13.9031
"cg_vq_v",66655.4,13.8619
"cg_vq_v",66655.4,13.8256
"cg_vq_v",66655.4,13.9104
"cg_vq_v",66655.4,13.8876
"cg_vq_v",66655.4,13.9029
"cg_vq_v",66655.5,13.7956
"cg_vq_v",66655.5,13.6969
"cg_vq_v",66655.5,13.681
"cg_vq_v",66655.5,13.8437
"cg_vq_v",66655.5,13.9374
"cg_vq_v",66655.5,13.811
"cg_vq_v",66655.5,13.5747
"cg_vq_v",66655.5,13.5648
"cg_vq_v",66655.5,13.7041
"cg_vq_v",66655.5,13.8425
"cg_vq_v",66655.6,13.7632
"cg_vq_v",66655.6,13.6159
"cg_vq_v",66655.6,13.5099
"cg_vq_v",66655.6,13.5812
"cg_vq_v",66655.6,13.6455
"cg_vq_v",66655.6,13.7036
"cg_vq_v",66655.6,13.5667
"cg_vq_v",66655.6,13.5466
"cg_vq_v",66655.6,13.5422
"cg_vq_v",66655.6,13.5985
"cg_vq_v",66655.6,13.5288
"cg_vq_v",66655.6,13.5306
"cg_vq_v",66655.7,13.4704
"cg_vq_v",66655.7,13.432
"cg_vq_v",66655.7,13.4511
"cg_vq_v",66655.7,13.5206
"cg_vq_v",66655.7,13.5143
"cg_vq_v",66655.7,13.4536
"cg_vq_v",66655.7,13.3083
"cg_vq_v",66655.7,13.2704
"cg_vq_v",66655.7,13.3449
"cg_vq_v",66655.7,13.4876
"cg_vq_v",66655.8,13.5143
"cg_vq_v",66655.8,13.3922
"cg_vq_v",66655.8,13.1341
"cg_vq_v",66655.8,13.1288
"cg_vq_v",66655.8,13.2347
"cg_vq_v",66655.8,13.3964
"cg_vq_v",66655.8,13.4159
"cg_vq_v",66655.8,13.3007
"cg_vq_v",66655.8,13.0724
"cg_vq_v",66655.8,13.0741
"cg_vq_v",66655.8,13.1504
"cg_vq_v",66655.8,13.2462
"cg_vq_v",66655.9,13.2234
"cg_vq_v",66655.9,13.1515
"cg_vq_v",66655.9,13.0757
"cg_vq_v",66655.9,13.0532
"cg_vq_v",66655.9,13.1003
"cg_vq_v",66655.9,13.1352
"cg_vq_v",66655.9,13.0325
"cg_vq_v",66655.9,13.0799
"cg_vq_v",66655.9,13.0416
"cg_vq_v",66655.9,13.0536
"cg_vq_v",66656,13.0053
"cg_vq_v",66656,13.052
"cg_vq_v",66656,13.0524
"cg_vq_v",66656,13.0447
"cg_vq_v",66656,12.9233
"cg_vq_v",66656,12.8306
"cg_vq_v",66656,12.8198
"cg_vq_v",66656,12.9373
"cg_vq_v",66656,13.0583
"cg_vq_v",66656,13.0616
"cg_vq_v",66656.1,12.907
"cg_vq_v",66656.1,12.6899
"cg_vq_v",66656.1,12.6414
"cg_vq_v",66656.1,12.7509
"cg_vq_v",66656.1,12.9082
"cg_vq_v",66656.1,12.9917
"cg_vq_v",66656.1,12.8903
"cg_vq_v",66656.1,12.7743
"cg_vq_v",66656.1,12.6471
"cg_vq_v",66656.1,12.6011
"cg_vq_v",66656.1,12.6786
"cg_vq_v",66656.2,12.7568
"cg_vq_v",66656.2,12.7533
"cg_vq_v",66656.2,12.7142
"cg_vq_v",66656.2,12.6869
"cg_vq_v",66656.2,12.636
"cg_vq_v",66656.2,12.5957
"cg_vq_v",66656.2,12.6324
"cg_vq_v",66656.2,12.594
"cg_vq_v",66656.2,12.6392
"cg_vq_v",66656.2,12.5812
"cg_vq_v",66656.3,12.5459
"cg_vq_v",66656.3,12.4914
"cg_vq_v",66656.3,12.4937
"cg_vq_v",66656.3,12.4937
"cg_vq_v",66656.3,12.5687
"cg_vq_v",66656.3,12.5523
"cg_vq_v",66656.3,12.5253
"cg_vq_v",66656.3,12.4379
"cg_vq_v",66656.3,12.3568
"cg_vq_v",66656.4,12.285
"cg_vq_v",66656.4,12.3891
"cg_vq_v",66656.4,12.4995
"cg_vq_v",66656.4,12.5932
"cg_vq_v",66656.4,12.5587
"cg_vq_v",66656.4,12.4284
"cg_vq_v",66656.4,12.25
"cg_vq_v",66656.4,12.1284
"cg_vq_v",66656.4,12.1142
"cg_vq_v",66656.5,12.2897
"cg_vq_v",66656.5,12.4061
"cg_vq_v",66656.5,12.5282
"cg_vq_v",66656.5,12.407
"cg_vq_v",66656.5,12.2647
"cg_vq_v",66656.5,12.1051
"cg_vq_v",66656.5,12.0772
"cg_vq_v",66656.5,12.0815
"cg_vq_v",66656.5,12.1737
"cg_vq_v",66656.5,12.2295
"cg_vq_v",66656.5,12.2464
"cg_vq_v",66656.6,12.1995
"cg_vq_v",66656.6,12.1275
"cg_vq_v",66656.6,12.068
"cg_vq_v",66656.6,12.065
"cg_vq_v",66656.6,12.0667
"cg_vq_v",66656.6,12.0839
"cg_vq_v",66656.6,12.0975
"cg_vq_v",66656.6,12.1044
"cg_vq_v",66656.6,12.0084
"cg_vq_v",66656.6,12.0012
"cg_vq_v",66656.7,11.9683
"cg_vq_v",66656.7,11.9439
"cg_vq_v",66656.7,11.965
"cg_vq_v",66656.7,12.0419
"cg_vq_v",66656.7,12.0352
"cg_vq_v",66656.7,12.057
"cg_vq_v",66656.7,12.0023
"cg_vq_v",66656.7,11.9535
"cg_vq_v",66656.7,11.8346
"cg_vq_v",66656.8,11.7312
"cg_vq_v",66656.8,11.6684
"cg_vq_v",66656.8,11.7413
"cg_vq_v",66656.8,11.8337
"cg_vq_v",66656.8,11.9612
"cg_vq_v",66656.8,12.1289
"cg_vq_v",66656.8,12.0157
"cg_vq_v",66656.8,11.839
"cg_vq_v",66656.8,11.5825
"cg_vq_v",66656.8,11.5066
"cg_vq_v",66656.9,11.4966
"cg_vq_v",66656.9,11.5469
"cg_vq_v",66656.9,11.7039
"cg_vq_v",66656.9,11.8605
"cg_vq_v",66656.9,11.9371
"cg_vq_v",66656.9,11.8745
"cg_vq_v",66656.9,11.7989
"cg_vq_v",66656.9,11.5952
"cg_vq_v",66656.9,11.4719
"cg_vq_v",66656.9,11.3976
"cg_vq_v",66656.9,11.4277
"cg_vq_v",66657,11.4786
"cg_vq_v",66657,11.5874
"cg_vq_v",66657,11.6376
"cg_vq_v",66657,11.6287
"cg_vq_v",66657,11.5901
"cg_vq_v",66657,11.5279
"cg_vq_v",66657,11.458
"cg_vq_v",66657,11.393
"cg_vq_v",66657,11.4351
"cg_vq_v",66657,11.3984
"cg_vq_v",66657.1,11.4193
"cg_vq_v",66657.1,11.451
"cg_vq_v",66657.1,11.4037
"cg_vq_v",66657.1,11.3627
"cg_vq_v",66657.1,11.3337
"cg_vq_v",66657.1,11.3781
"cg_vq_v",66657.1,11.2636
"cg_vq_v",66657.1,11.1548
"cg_vq_v",66657.1,11.2059
"cg_vq_v",66657.1,11.2276
"cg_vq_v",66657.2,11.2221
"cg_vq_v",66657.2,11.304
"cg_vq_v",66657.2,11.2636
"cg_vq_v",66657.2,11.3696
"cg_vq_v",66657.2,11.3069
"cg_vq_v",66657.2,11.2641
"cg_vq_v",66657.2,11.1582
"cg_vq_v",66657.2,11.0188
"cg_vq_v",66657.2,10.9159
"cg_vq_v",66657.2,10.8942
"cg_vq_v",66657.3,10.9097
"cg_vq_v",66657.3,10.9688
"cg_vq_v",66657.3,11.0157
"cg_vq_v",66657.3,11.1907
"cg_vq_v",66657.3,11.2662
"cg_vq_v",66657.3,11.3299
"cg_vq_v",66657.3,11.2735
"cg_vq_v",66657.3,11.1404
"cg_vq_v",66657.3,10.9621
"cg_vq_v",66657.3,10.7978
"cg_vq_v",66657.4,10.6604
"cg_vq_v",66657.4,10.5954
"cg_vq_v",66657.4,10.6694
"cg_vq_v",66657.4,10.7702
"cg_vq_v",66657.4,10.9284
"cg_vq_v",66657.4,11.0317
"cg_vq_v",66657.4,11.1441
"cg_vq_v",66657.4,11.1974
"cg_vq_v",66657.4,11.127
"cg_vq_v",66657.5,11.0302
"cg_vq_v",66657.5,10.8759
"cg_vq_v",66657.5,10.7659
"cg_vq_v",66657.5,10.6166
"cg_vq_v",66657.5,10.5987
"cg_vq_v",66657.5,10.5886
"cg_vq_v",66657.5,10.6212
"cg_vq_v",66657.5,10.6591
"cg_vq_v",66657.5,10.7798
"cg_vq_v",66657.5,10.8217
"cg_vq_v",66657.5,10.8466
"cg_vq_v",66657.6,10.8332
"cg_vq_v",66657.6,10.8366
"cg_vq_v",66657.6,10.7611
"cg_vq_v",66657.6,10.6931
"cg_vq_v",66657.6,10.6334
"cg_vq_v",66657.6,10.5968
"cg_vq_v",66657.6,10.5993
"cg_vq_v",66657.6,10.5383
"cg_vq_v",66657.6,10.5364
"cg_vq_v",66657.6,10.5717
"cg_vq_v",66657.7,10.5725
"cg_vq_v",66657.7,10.5656
"cg_vq_v",66657.7,10.5473
"cg_vq_v",66657.7,10.5895
"cg_vq_v",66657.7,10.6029
"cg_vq_v",66657.7,10.4918
"cg_vq_v",66657.7,10.5078
"cg_vq_v",66657.7,10.4715
"cg_vq_v",66657.7,10.4264
"cg_vq_v",66657.8,10.42
"cg_vq_v",66657.8,10.3682
"cg_vq_v",66657.8,10.3082
"cg_vq_v",66657.8,10.2703
"cg_vq_v",66657.8,10.3474
"cg_vq_v",66657.8,10.3405
"cg_vq_v",66657.8,10.3964
"cg_vq_v",66657.8,10.3981
"cg_vq_v",66657.8,10.4219
"cg_vq_v",66657.8,10.4734
"cg_vq_v",66657.9,10.4775
"cg_vq_v",66657.9,10.4359
"cg_vq_v",66657.9,10.4036
"cg_vq_v",66657.9,10.3571
"cg_vq_v",66657.9,10.2914
"cg_vq_v",66657.9,10.1837
"cg_vq_v",66657.9,10.084
"cg_vq_v",66657.9,10.0033
"cg_vq_v",66657.9,9.92158
"cg_vq_v",66657.9,9.8647
"cg_vq_v",66658,9.85644
"cg_vq_v",66658,9.86165
"cg_vq_v",66658,9.9536
"cg_vq_v",66658,9.98973
"cg_vq_v",66658,10.1468
"cg_vq_v",66658,10.2446
"cg_vq_v",66658,10.3883
"cg_vq_v",66658,10.4257
"cg_vq_v",66658,10.5398
"cg_vq_v",66658,10.5282
"cg_vq_v",66658.1,10.501
"cg_vq_v",66658.1,10.4213
"cg_vq_v",66658.1,10.3118
"cg_vq_v",66658.1,10.1343
"cg_vq_v",66658.1,10.0035
"cg_vq_v",66658.1,9.83436
"cg_vq_v",66658.1,9.67478
"cg_vq_v",66658.1,9.49899
"cg_vq_v",66658.1,9.47744
"cg_vq_v",66658.1,9.39581
"cg_vq_v",66658.2,9.41575
"cg_vq_v",66658.2,9.44386
"cg_vq_v",66658.2,9.58961
"cg_vq_v",66658.2,9.64511
"cg_vq_v",66658.2,9.80207
"cg_vq_v",66658.2,9.95455
"cg_vq_v",66658.2,10.1349
"cg_vq_v",66658.2,10.2199
"cg_vq_v",66658.2,10.2892
"cg_vq_v",66658.2,10.3321
"cg_vq_v",66658.2,10.3906
"cg_vq_v",66658.3,10.3607
"cg_vq_v",66658.3,10.2961
"cg_vq_v",66658.3,10.1846
"cg_vq_v",66658.3,10.0753
"cg_vq_v",66658.3,9.92367
"cg_vq_v",66658.3,9.78032
"cg_vq_v",66658.3,9.63979
"cg_vq_v",66658.3,9.52315
"cg_vq_v",66658.3,9.39659
"cg_vq_v",66658.4,9.27038
"cg_vq_v",66658.4,9.21163
"cg_vq_v",66658.4,9.18063
"cg_vq_v",66658.4,9.16675
"cg_vq_v",66658.4,9.18736
"cg_vq_v",66658.4,9.23404
"cg_vq_v",66658.4,9.29346
"cg_vq_v",66658.4,9.32628
"cg_vq_v",66658.4,9.42886
"cg_vq_v",66658.4,9.49958
"cg_vq_v",66658.5,9.58306
"cg_vq_v",66658.5,9.61394
"cg_vq_v",66658.5,9.70044
"cg_vq_v",66658.5,9.7546
"cg_vq_v",66658.5,9.80747
"cg_vq_v",66658.5,9.8357
"cg_vq_v",66658.5,9.85915
"cg_vq_v",66658.5,9.8394
"cg_vq_v",66658.5,9.81307
"cg_vq_v",66658.5,9.75093
"cg_vq_v",66658.6,9.72816
"cg_vq_v",66658.6,9.6621
"cg_vq_v",66658.6,9.61364
"cg_vq_v",66658.6,9.54621
"cg_vq_v",66658.6,9.48535
"cg_vq_v",66658.6,9.42634
"cg_vq_v",66658.6,9.35004
"cg_vq_v",66658.6,9.27335
"cg_vq_v",66658.6,9.24557
"cg_vq_v",66658.6,9.16855
"cg_vq_v",66658.7,9.12073
"cg_vq_v",66658.7,9.09009
"cg_vq_v",66658.7,9.08616
"cg_vq_v",66658.7,9.06381
"cg_vq_v",66658.7,9.04278
"cg_vq_v",66658.7,9.01727
"cg_vq_v",66658.7,9.02417
"cg_vq_v",66658.7,9.01151
"cg_vq_v",66658.7,9.04161
"cg_vq_v",66658.7,9.0645
"cg_vq_v",66658.8,9.04029
"cg_vq_v",66658.8,9.06413
"cg_vq_v",66658.8,9.12121
"cg_vq_v",66658.8,9.10298
"cg_vq_v",66658.8,9.11704
"cg_vq_v",66658.8,9.08319
"cg_vq_v",66658.8,9.1164
"cg_vq_v",66658.8,9.15927
"cg_vq_v",66658.8,9.13457
"cg_vq_v",66658.8,9.12048
"cg_vq_v",66658.9,9.14812
"cg_vq_v",66658.9,9.16166
"cg_vq_v",66658.9,9.1844
"cg_vq_v",66658.9,9.17332
"cg_vq_v",66658.9,9.19139
"cg_vq_v",66658.9,9.14233
"cg_vq_v",66658.9,9.08775
"cg_vq_v",66658.9,9.1118
"cg_vq_v",66658.9,9.1414
"cg_vq_v",66658.9,9.10542
"cg_vq_v",66659,9.08755
"cg_vq_v",66659,9.03552
"cg_vq_v",66659,9.05839
"cg_vq_v",66659,9.00735
"cg_vq_v",66659,9.01807
"cg_vq_v",66659,8.97996
"cg_vq_v",66659,8.91742
"cg_vq_v",66659,8.89821
"cg_vq_v",66659,8.8979
"cg_vq_v",66659,8.86571
"cg_vq_v",66659.1,8.8423
"cg_vq_v",66659.1,8.79192
"cg_vq_v",66659.1,8.7809
"cg_vq_v",66659.1,8.72642
"cg_vq_v",66659.1,8.69613
"cg_vq_v",66659.1,8.67975
"cg_vq_v",66659.1,8.63899
"cg_vq_v",66659.1,8.60748
"cg_vq_v",66659.1,8.54985
"cg_vq_v",66659.1,8.52242
"cg_vq_v",66659.2,8.51641
"cg_vq_v",66659.2,8.47441
"cg_vq_v",66659.2,8.45825
"cg_vq_v",66659.2,8.42514
"cg_vq_v",66659.2,8.38541
"cg_vq_v",66659.2,8.34472
"cg_vq_v",66659.2,8.30193
"cg_vq_v",66659.2,8.28543
"cg_vq_v",66659.2,8.2698
"cg_vq_v",66659.2,8.19675
"cg_vq_v",66659.2,8.14006
"cg_vq_v",66659.3,8.15916
"cg_vq_v",66659.3,8.13007
"cg_vq_v",66659.3,8.04644
"cg_vq_v",66659.3,8.07726
"cg_vq_v",66659.3,8.04161
"cg_vq_v",66659.3,7.98421
"cg_vq_v",66659.3,8.00673
"cg_vq_v",66659.3,7.99246
"cg_vq_v",66659.3,7.91373
"cg_vq_v",66659.4,7.94209
"cg_vq_v",66659.4,7.88531
"cg_vq_v",66659.4,7.8984
"cg_vq_v",66659.4,7.85915
"cg_vq_v",66659.4,7.84123
"cg_vq_v",66659.4,7.84164
"cg_vq_v",66659.4,7.84814
"cg_vq_v",66659.4,7.79178
"cg_vq_v",66659.4,7.81198
"cg_vq_v",66659.4,7.81527
"cg_vq_v",66659.4,7.76158
"cg_vq_v",66659.5,7.73695
"cg_vq_v",66659.5,7.71416
"cg_vq_v",66659.5,7.69571
"cg_vq_v",66659.5,7.63599
"cg_vq_v",66659.5,7.60899
"cg_vq_v",66659.5,7.64519
"cg_vq_v",66659.5,7.60801
"cg_vq_v",66659.5,7.48966
"cg_vq_v",66659.5,7.55137
"cg_vq_v",66659.5,7.53496
"cg_vq_v",66659.6,7.49522
"cg_vq_v",66659.6,7.48277
"cg_vq_v",66659.6,7.46983
"cg_vq_v",66659.6,7.43854
"cg_vq_v",66659.6,7.37605
"cg_vq_v",66659.6,7.37303
"cg_vq_v",66659.6,7.30288
"cg_vq_v",66659.6,7.30877
"cg_vq_v",66659.6,7.29188
"cg_vq_v",66659.6,7.258
"cg_vq_v",66659.7,7.21638
"cg_vq_v",66659.7,7.19248
"cg_vq_v",66659.7,7.15094
"cg_vq_v",66659.7,7.13258
"cg_vq_v",66659.7,7.11297
"cg_vq_v",66659.7,7.09188
"cg_vq_v",66659.7,6.98235
"cg_vq_v",66659.7,7.08019
"cg_vq_v",66659.7,6.97849
"cg_vq_v",66659.7,6.94965
"cg_vq_v",66659.8,6.93919
"cg_vq_v",66659.8,6.93996
"cg_vq_v",66659.8,6.91835
"cg_vq_v",66659.8,6.85183
"cg_vq_v",66659.8,6.8549
"cg_vq_v",66659.8,6.82883
"cg_vq_v",66659.8,6.76731
"cg_vq_v",66659.8,6.73851
"cg_vq_v",66659.8,6.70889
"cg_vq_v",66659.8,6.69133
"cg_vq_v",66659.9,6.66105
"cg_vq_v",66659.9,6.64796
"cg_vq_v",66659.9,6.64896
"cg_vq_v",66659.9,6.59176
"cg_vq_v",66659.9,6.56379
"cg_vq_v",66659.9,6.53953
"cg_vq_v",66659.9,6.46752
"cg_vq_v",66659.9,6.50038
"cg_vq_v",66659.9,6.45343
"cg_vq_v",66659.9,6.46054
"cg_vq_v",66660,6.40128
"cg_vq_v",66660,6.38351
"cg_vq_v",66660,6.37116
"cg_vq_v",66660,6.38274
"cg_vq_v",66660,6.28023
"cg_vq_v",66660,6.2225
"cg_vq_v",66660,6.23443
"cg_vq_v",66660,6.23945
"cg_vq_v",66660,6.19886
"cg_vq_v",66660,6.20545
"cg_vq_v",66660.1,6.14025
"cg_vq_v",66660.1,6.12821
"cg_vq_v",66660.1,6.09126
"cg_vq_v",66660.1,6.09239
"cg_vq_v",66660.1,6.06716
"cg_vq_v",66660.1,6.02572
"cg_vq_v",66660.1,6.02138
"cg_vq_v",66660.1,5.99848
"cg_vq_v",66660.1,5.9638
"cg_vq_v",66660.1,5.95536
"cg_vq_v",66660.2,5.93101
"cg_vq_v",66660.2,5.90399
"cg_vq_v",66660.2,5.88647
"cg_vq_v",66660.2,5.83567
"cg_vq_v",66660.2,5.80619
"cg_vq_v",66660.2,5.78424
"cg_vq_v",66660.2,5.76095
"cg_vq_v",66660.2,5.71919
"cg_vq_v",66660.2,5.70855
"cg_vq_v",66660.2,5.68215
"cg_vq_v",66660.3,5.65614
"cg_vq_v",66660.3,5.627
"cg_vq_v",66660.3,5.6184
"cg_vq_v",66660.3,5.6306
"cg_vq_v",66660.3,5.57578
"cg_vq_v",66660.3,5.59306
"cg_vq_v",66660.3,5.52888
"cg_vq_v",66660.3,5.5045
"cg_vq_v",66660.3,5.48584
"cg_vq_v",66660.3,5.44916
"cg_vq_v",66660.4,5.45693
"cg_vq_v",66660.4,5.41143
"cg_vq_v",66660.4,5.34715
"cg_vq_v",66660.4,5.3662
"cg_vq_v",66660.4,5.31446
"cg_vq_v",66660.4,5.34014
"cg_vq_v",66660.4,5.29606
"cg_vq_v",66660.4,5.26448
"cg_vq_v",66660.4,5.23368
"cg_vq_v",66660.4,5.23781
"cg_vq_v",66660.4,5.21713
"cg_vq_v",66660.5,5.22028
"cg_vq_v",66660.5,5.1783
"cg_vq_v",66660.5,5.12317
"cg_vq_v",66660.5,5.11963
"cg_vq_v",66660.5,5.08418
"cg_vq_v",66660.5,5.06664
"cg_vq_v",66660.5,5.06934
"cg_vq_v",66660.5,5.02249
"cg_vq_v",66660.5,5.06652
"cg_vq_v",66660.5,4.97757
"cg_vq_v",66660.6,4.97722
"cg_vq_v",66660.6,4.96529
"cg_vq_v",66660.6,4.92329
"cg_vq_v",66660.6,4.89939
"cg_vq_v",66660.6,4.92653
"cg_vq_v",66660.6,4.85433
"cg_vq_v",66660.6,4.88263
"cg_vq_v",66660.6,4.84269
"cg_vq_v",66660.6,4.81375
"cg_vq_v",66660.6,4.77021
"cg_vq_v",66660.7,4.80948
"cg_vq_v",66660.7,4.72365
"cg_vq_v",66660.7,4.7394
"cg_vq_v",66660.7,4.65802
"cg_vq_v",66660.7,4.66856
"cg_vq_v",66660.7,4.63481
"cg_vq_v",66660.7,4.60932
"cg_vq_v",66660.7,4.59961
"cg_vq_v",66660.7,4.57507
"cg_vq_v",66660.7,4.57179
"cg_vq_v",66660.8,4.49918
"cg_vq_v",66660.8,4.53751
"cg_vq_v",66660.8,4.48768
"cg_vq_v",66660.8,4.45841
"cg_vq_v",66660.8,4.45291
"cg_vq_v",66660.8,4.41012
"cg_vq_v",66660.8,4.38242
"cg_vq_v",66660.8,4.37238
"cg_vq_v",66660.8,4.3641
"cg_vq_v",66660.8,4.36486
"cg_vq_v",66660.9,4.34838
"cg_vq_v",66660.9,4.30845
"cg_vq_v",66660.9,4.28178
"cg_vq_v",66660.9,4.28428
"cg_vq_v",66660.9,4.26481
"cg_vq_v",66660.9,4.24854
"cg_vq_v",66660.9,4.21819
"cg_vq_v",66660.9,4.19751
"cg_vq_v",66660.9,4.21669
"cg_vq_v",66660.9,4.18376
"cg_vq_v",66661,4.17341
"cg_vq_v",66661,4.12879
"cg_vq_v",66661,4.0997
"cg_vq_v",66661,4.06239
"cg_vq_v",66661,4.01915
"cg_vq_v",66661,4.05576
"cg_vq_v",66661,4.01228
"cg_vq_v",66661,3.97664
"cg_vq_v",66661,3.96117
"cg_vq_v",66661,3.95747
"cg_vq_v",66661.1,3.89474
"cg_vq_v",66661.1,3.92489
"cg_vq_v",66661.1,3.85336
"cg_vq_v",66661.1,3.85341
"cg_vq_v",66661.1,3.84043
"cg_vq_v",66661.1,3.7928
"cg_vq_v",66661.1,3.73332
"cg_vq_v",66661.1,3.72541
"cg_vq_v",66661.1,3.7403
"cg_vq_v",66661.1,3.69219
"cg_vq_v",66661.2,3.59372
"cg_vq_v",66661.2,3.70657
"cg_vq_v",66661.2,3.61845
"cg_vq_v",66661.2,3.60108
"cg_vq_v",66661.2,3.59188
"cg_vq_v",66661.2,3.55597
"cg_vq_v",66661.2,3.49694
"cg_vq_v",66661.2,3.49606
"cg_vq_v",66661.2,3.44799
"cg_vq_v",66661.2,3.45981
"cg_vq_v",66661.3,3.42794
"cg_vq_v",66661.3,3.3682
"cg_vq_v",66661.3,3.39083
"cg_vq_v",66661.3,3.37814
"cg_vq_v",66661.3,3.34309
"cg_vq_v",66661.3,3.29793
"cg_vq_v",66661.3,3.27045
"cg_vq_v",66661.3,3.25165
"cg_vq_v",66661.3,3.22123
"cg_vq_v",66661.3,3.20387
"cg_vq_v",66661.4,3.17317
"cg_vq_v",66661.4,3.15184
"cg_vq_v",66661.4,3.11083
"cg_vq_v",66661.4,3.10279
"cg_vq_v",66661.4,3.0596
"cg_vq_v",66661.4,3.06201
"cg_vq_v",66661.4,3.02194
"cg_vq_v",66661.4,2.97324
"cg_vq_v",66661.4,2.94521
"cg_vq_v",66661.4,2.94275
"cg_vq_v",66661.5,2.92534
"cg_vq_v",66661.5,2.88157
"cg_vq_v",66661.5,2.85521
"cg_vq_v",66661.5,2.89544
"cg_vq_v",66661.5,2.83299
"cg_vq_v",66661.5,2.80803
"cg_vq_v",66661.5,2.78938
"cg_vq_v",66661.5,2.76322
"cg_vq_v",66661.5,2.74919
"cg_vq_v",66661.5,2.71495
"cg_vq_v",66661.6,2.68349
"cg_vq_v",66661.6,2.63575
"cg_vq_v",66661.6,2.63983
"cg_vq_v",66661.6,2.55266
"cg_vq_v",66661.6,2.63665
"cg_vq_v",66661.6,2.56903
"cg_vq_v",66661.6,2.55755
"cg_vq_v",66661.6,2.52321
"cg_vq_v",66661.6,2.48989
"cg_vq_v",66661.6,2.48033
"cg_vq_v",66661.7,2.47511
"cg_vq_v",66661.7,2.50738
"cg_vq_v",66661.7,2.38486
"cg_vq_v",66661.7,2.38624
"cg_vq_v",66661.7,2.38524
"cg_vq_v",66661.7,2.31137
"cg_vq_v",66661.7,2.35049
"cg_vq_v",66661.7,2.29088
"cg_vq_v",66661.7,2.28259
"cg_vq_v",66661.8,2.27194
"cg_vq_v",66661.8,2.2148
"cg_vq_v",66661.8,2.20084
"cg_vq_v",66661.8,2.22324
"cg_vq_v",66661.8,2.19545
"cg_vq_v",66661.8,2.16453
"cg_vq_v",66661.8,2.10328
"cg_vq_v",66661.8,2.12469
"cg_vq_v",66661.8,2.12743
"cg_vq_v",66661.8,2.03573
"cg_vq_v",66661.8,2.03693
"cg_vq_v",66661.9,1.98397
"cg_vq_v",66661.9,1.979
"cg_vq_v",66661.9,1.96222
"cg_vq_v",66661.9,1.92429
"cg_vq_v",66661.9,1.93643
"cg_vq_v",66661.9,1.88321
"cg_vq_v",66661.9,1.89112
"cg_vq_v",66661.9,1.86025
"cg_vq_v",66661.9,1.87521
"cg_vq_v",66661.9,1.81162
"cg_vq_v",66662,1.77969
"cg_vq_v",66662,1.75477
"cg_vq_v",66662,1.74132
"cg_vq_v",66662,1.69894
"cg_vq_v",66662,1.69694
"cg_vq_v",66662,1.62056
"cg_vq_v",66662,1.65966
"cg_vq_v",66662,1.59768
"cg_vq_v",66662,1.59814
"cg_vq_v",66662,1.57826
"cg_vq_v",66662.1,1.53341
"cg_vq_v",66662.1,1.51218
"cg_vq_v",66662.1,1.48038
"cg_vq_v",66662.1,1.4734
"cg_vq_v",66662.1,1.4676
"cg_vq_v",66662.1,1.36718
"cg_vq_v",66662.1,1.40846
"cg_vq_v",66662.1,1.37005
"cg_vq_v",66662.1,1.30675
"cg_vq_v",66662.1,1.33342
"cg_vq_v",66662.2,1.26686
"cg_vq_v",66662.2,1.30275
"cg_vq_v",66662.2,1.19444
"cg_vq_v",66662.2,1.20157
"cg_vq_v",66662.2,1.1719
"cg_vq_v",66662.2,1.15882
"cg_vq_v",66662.2,1.11873
"cg_vq_v",66662.2,1.11282
"cg_vq_v",66662.2,1.07421
"cg_vq_v",66662.2,1.05934
"cg_vq_v",66662.3,1.07065
"cg_vq_v",66662.3,1.0686
"cg_vq_v",66662.3,1.03268
"cg_vq_v",66662.3,0.949246
"cg_vq_v",66662.3,0.947182
"cg_vq_v",66662.3,0.93958
"cg_vq_v",66662.3,0.942895
"cg_vq_v",66662.3,0.903295
"cg_vq_v",66662.3,0.821507
"cg_vq_v",66662.3,0.841355
"cg_vq_v",66662.4,0.837394
"cg_vq_v",66662.4,0.807103
"cg_vq_v",66662.4,0.811405
"cg_vq_v",66662.4,0.760498
"cg_vq_v",66662.4,0.75235
"cg_vq_v",66662.4,0.738684
"cg_vq_v",66662.4,0.693395
"cg_vq_v",66662.4,0.692666
"cg_vq_v",66662.4,0.732563
"cg_vq_v",66662.4,0.648386
"cg_vq_v",66662.5,0.672011
"cg_vq_v",66662.5,0.63343
"cg_vq_v",66662.5,0.603217
"cg_vq_v",66662.5,0.571313
"cg_vq_v",66662.5,0.560769
"cg_vq_v",66662.5,0.559118
"cg_vq_v",66662.5,0.523236
"cg_vq_v",66662.5,0.513005
"cg_vq_v",66662.5,0.496299
"cg_vq_v",66662.5,0.467884
"cg_vq_v",66662.6,0.433004
"cg_vq_v",66662.6,0.405603
"cg_vq_v",66662.6,0.410196
"cg_vq_v",66662.6,0.392317
"cg_vq_v",66662.6,0.375003
"cg_vq_v",66662.6,0.351486
"cg_vq_v",66662.6,0.327864
"cg_vq_v",66662.6,0.304487
"cg_vq_v",66662.6,0.303674
"cg_vq_v",66662.6,0.249461
"cg_vq_v",66662.7,0.299965
"cg_vq_v",66662.7,0.259344
"cg_vq_v",66662.7,0.213576
"cg_vq_v",66662.7,0.153823
"cg_vq_v",66662.7,0.174635
"cg_vq_v",66662.7,0.163579
"cg_vq_v",66662.7,0.14529
"cg_vq_v",66662.7,0.134302
"cg_vq_v",66662.7,0.118529
"cg_vq_v",66662.7,0.119572
"cg_vq_v",66662.8,0.064759
"cg_vq_v",66662.8,-0.00554777
"cg_vq_v",66662.8,-0.0170504
"cg_vq_v",66662.8,-0.0651963
"cg_vq_v",66662.8,-0.057155
"cg_vq_v",66662.8,-0.080744
"cg_vq_v",66662.8,-0.125938
"cg_vq_v",66662.8,-0.120164
"cg_vq_v",66662.8,-0.166291
"cg_vq_v",66662.8,-0.237435
"cg_vq_v",66662.9,-0.194802
"cg_vq_v",66662.9,-0.203213
"cg_vq_v",66662.9,-0.255157
"cg_vq_v",66662.9,-0.265231
"cg_vq_v",66662.9,-0.265098
"cg_vq_v",66662.9,-0.290958
"cg_vq_v",66662.9,-0.304262
"cg_vq_v",66662.9,-0.329601
"cg_vq_v",66662.9,-0.384979
"cg_vq_v",66662.9,-0.384722
"cg_vq_v",66663,-0.359173
"cg_vq_v",66663,-0.419717
"cg_vq_v",66663,-0.404842
"cg_vq_v",66663,-0.44819
"cg_vq_v",66663,-0.493817
"cg_vq_v",66663,-0.489426
"cg_vq_v",66663,-0.499274
"cg_vq_v",66663,-0.419362
"cg_vq_v",66663,-0.537328
"cg_vq_v",66663,-0.541926
"cg_vq_v",66663.1,-0.56845
"cg_vq_v",66663.1,-0.619515
"cg_vq_v",66663.1,-0.609961
"cg_vq_v",66663.1,-0.657953
"cg_vq_v",66663.1,-0.674968
"cg_vq_v",66663.1,-0.683837
"cg_vq_v",66663.1,-0.686733
"cg_vq_v",66663.1,-0.716556
"cg_vq_v",66663.1,-0.752153
"cg_vq_v",66663.1,-0.72295
"cg_vq_v",66663.2,-0.808907
"cg_vq_v",66663.2,-0.816055
"cg_vq_v",66663.2,-0.858215
"cg_vq_v",66663.2,-0.863659
"cg_vq_v",66663.2,-0.886563
"cg_vq_v",66663.2,-0.910007
"cg_vq_v",66663.2,-0.927534
"cg_vq_v",66663.2,-0.939848
"cg_vq_v",66663.2,-0.910431
"cg_vq_v",66663.2,-0.973058
"cg_vq_v",66663.3,-1.0103
"cg_vq_v",66663.3,-1.01213
"cg_vq_v",66663.3,-1.06363
"cg_vq_v",66663.3,-1.10997
"cg_vq_v",66663.3,-1.11559
"cg_vq_v",66663.3,-1.12035
"cg_vq_v",66663.3,-1.15967
"cg_vq_v",66663.3,-1.19826
"cg_vq_v",66663.3,-1.2052
"cg_vq_v",66663.3,-1.25543
"cg_vq_v",66663.4,-1.28076
"cg_vq_v",66663.4,-1.27169
"cg_vq_v",66663.4,-1.31116
"cg_vq_v",66663.4,-1.34066
"cg_vq_v",66663.4,-1.35944
"cg_vq_v",66663.4,-1.36029
"cg_vq_v",66663.4,-1.41407
"cg_vq_v",66663.4,-1.43954
"cg_vq_v",66663.4,-1.42904
"cg_vq_v",66663.4,-1.50287
"cg_vq_v",66663.5,-1.54479
"cg_vq_v",66663.5,-1.51967
"cg_vq_v",66663.5,-1.54119
"cg_vq_v",66663.5,-1.60118
"cg_vq_v",66663.5,-1.53182
"cg_vq_v",66663.5,-1.6103
"cg_vq_v",66663.5,-1.63553
"cg_vq_v",66663.5,-1.63534
"cg_vq_v",66663.5,-1.67245
"cg_vq_v",66663.5,-1.71125
"cg_vq_v",66663.6,-1.7192
"cg_vq_v",66663.6,-1.71871
"cg_vq_v",66663.6,-1.76346
"cg_vq_v",66663.6,-1.79106
"cg_vq_v",66663.6,-1.78404
"cg_vq_v",66663.6,-1.7982
"cg_vq_v",66663.6,-1.88622
"cg_vq_v",66663.6,-1.8455
"cg_vq_v",66663.6,-1.87483
"cg_vq_v",66663.6,-2.01137
"cg_vq_v",66663.7,-1.95397
"cg_vq_v",66663.7,-1.99218
"cg_vq_v",66663.7,-2.00282
"cg_vq_v",66663.7,-2.00091
"cg_vq_v",66663.7,-2.04384
"cg_vq_v",66663.7,-2.06348
"cg_vq_v",66663.7,-2.09521
"cg_vq_v",66663.7,-2.02027
"cg_vq_v",66663.7,-2.03976
"cg_vq_v",66663.8,-2.11015
"cg_vq_v",66663.8,-2.12229
"cg_vq_v",66663.8,-2.16339
"cg_vq_v",66663.8,-2.1471
"cg_vq_v",66663.8,-2.19449
"cg_vq_v",66663.8,-2.22743
"cg_vq_v",66663.8,-2.22077
"cg_vq_v",66663.8,-2.23508
"cg_vq_v",66663.8,-2.21726
"cg_vq_v",66663.8,-2.31174
"cg_vq_v",66663.9,-2.28837
"cg_vq_v",66663.9,-2.32737
"cg_vq_v",66663.9,-2.34626
"cg_vq_v",66663.9,-2.3703
"cg_vq_v",66663.9,-2.40627
"cg_vq_v",66663.9,-2.39195
"cg_vq_v",66663.9,-2.43479
"cg_vq_v",66663.9,-2.46945
"cg_vq_v",66663.9,-2.48197
"cg_vq_v",66663.9,-2.48759
"cg_vq_v",66663.9,-2.51422
"cg_vq_v",66664,-2.51362
"cg_vq_v",66664,-2.53929
"cg_vq_v",66664,-2.57899
"cg_vq_v",66664,-2.59158
"cg_vq_v",66664,-2.57663
"cg_vq_v",66664,-2.5998
"cg_vq_v",66664,-2.61316
"cg_vq_v",66664,-2.65383
"cg_vq_v",66664,-2.68861
"cg_vq_v",66664,-2.68337
"cg_vq_v",66664.1,-2.71649
"cg_vq_v",66664.1,-2.71693
"cg_vq_v",66664.1,-2.73877
"cg_vq_v",66664.1,-2.76943
"cg_vq_v",66664.1,-2.7788
"cg_vq_v",66664.1,-2.80344
"cg_vq_v",66664.1,-2.88002
"cg_vq_v",66664.1,-2.8861
"cg_vq_v",66664.1,-2.90898
"cg_vq_v",66664.1,-2.9393
"cg_vq_v",66664.2,-2.95959
"cg_vq_v",66664.2,-2.97619
"cg_vq_v",66664.2,-2.94388
"cg_vq_v",66664.2,-2.95191
"cg_vq_v",66664.2,-3.01729
"cg_vq_v",66664.2,-3.01473
"cg_vq_v",66664.2,-3.07658
"cg_vq_v",66664.2,-3.01757
"cg_vq_v",66664.2,-3.1124
"cg_vq_v",66664.2,-3.09171
"cg_vq_v",66664.3,-3.14684
"cg_vq_v",66664.3,-3.14438
"cg_vq_v",66664.3,-3.16048
"cg_vq_v",66664.3,-3.16405
"cg_vq_v",66664.3,-3.19327
"cg_vq_v",66664.3,-3.2197
"cg_vq_v",66664.3,-3.23833
"cg_vq_v",66664.3,-3.25049
"cg_vq_v",66664.3,-3.2685
"cg_vq_v",66664.3,-3.24116
"cg_vq_v",66664.4,-3.25132
"cg_vq_v",66664.4,-3.30784
"cg_vq_v",66664.4,-3.32955
"cg_vq_v",66664.4,-3.34051
"cg_vq_v",66664.4,-3.37341
"cg_vq_v",66664.4,-3.40708
"cg_vq_v",66664.4,-3.35547
"cg_vq_v",66664.4,-3.41985
"cg_vq_v",66664.4,-3.40094
"cg_vq_v",66664.4,-3.41127
"cg_vq_v",66664.5,-3.40326
"cg_vq_v",66664.5,-3.43044
"cg_vq_v",66664.5,-3.45212
"cg_vq_v",66664.5,-3.46705
"cg_vq_v",66664.5,-3.48505
"cg_vq_v",66664.5,-3.51139
"cg_vq_v",66664.5,-3.47196
"cg_vq_v",66664.5,-3.57103
"cg_vq_v",66664.5,-3.55323
"cg_vq_v",66664.5,-3.5865
"cg_vq_v",66664.6,-3.60512
"cg_vq_v",66664.6,-3.62024
"cg_vq_v",66664.6,-3.6574
"cg_vq_v",66664.6,-3.66853
"cg_vq_v",66664.6,-3.68392
"cg_vq_v",66664.6,-3.73103
"cg_vq_v",66664.6,-3.75996
"cg_vq_v",66664.6,-3.76524
"cg_vq_v",66664.6,-3.7851
"cg_vq_v",66664.7,-3.80032
"cg_vq_v",66664.7,-3.80971
"cg_vq_v",66664.7,-3.79338
"cg_vq_v",66664.7,-3.83664
"cg_vq_v",66664.7,-3.84822
"cg_vq_v",66664.7,-3.8397
"cg_vq_v",66664.8,-3.89244
"cg_vq_v",66664.8,-3.90782
"cg_vq_v",66664.8,-3.94236
"cg_vq_v",66664.8,-3.97408
"cg_vq_v",66664.8,-4.01315
"cg_vq_v",66664.8,-4.01918
"cg_vq_v",66664.8,-4.04266
"cg_vq_v",66664.8,-4.04912
"cg_vq_v",66664.9,-4.10675
"cg_vq_v",66664.9,-4.06967
"cg_vq_v",66664.9,-4.09567
"cg_vq_v",66664.9,-4.12774
"cg_vq_v",66664.9,-4.16425
"cg_vq_v",66664.9,-4.15974
"cg_vq_v",66665,-4.19629
"cg_vq_v",66665,-4.24194
"cg_vq_v",66665,-4.27107
"cg_vq_v",66665,-4.30641
"cg_vq_v",66665,-4.31427
"cg_vq_v",66665,-4.36098
"cg_vq_v",66665.1,-4.33507
"cg_vq_v",66665.1,-4.4223
"cg_vq_v",66665.1,-4.54998
"cg_vq_v",66665.1,-4.54208
"cg_vq_v",66665.1,-4.57908
"cg_vq_v",66665.1,-4.60995
"cg_vq_v",66665.1,-4.63876
"cg_vq_v",66665.1,-4.6267
"cg_vq_v",66665.1,-4.65415
"cg_vq_v",66665.2,-4.67754
"cg_vq_v",66665.2,-4.65594
"cg_vq_v",66665.2,-4.78493
"cg_vq_v",66665.2,-4.73395
"cg_vq_v",66665.2,-4.76239
"cg_vq_v",66665.2,-4.79514
"cg_vq_v",66665.2,-4.8066
"cg_vq_v",66665.2,-4.83369
"cg_vq_v",66665.2,-4.84787
"cg_vq_v",66665.2,-4.9221
"cg_vq_v",66665.2,-4.90015
"cg_vq_v",66665.3,-4.93153
"cg_vq_v",66665.3,-4.95184
"cg_vq_v",66665.3,-4.98289
"cg_vq_v",66665.3,-4.98228
"cg_vq_v",66665.3,-5.03909
"cg_vq_v",66665.3,-5.07369
"cg_vq_v",66665.3,-5.10483
"cg_vq_v",66665.3,-5.11492
"cg_vq_v",66665.3,-5.12721
"cg_vq_v",66665.3,-5.09877
"cg_vq_v",66665.4,-5.0775
"cg_vq_v",66665.4,-5.15003
"cg_vq_v",66665.4,-5.12792
"cg_vq_v",66665.4,-5.18666
"cg_vq_v",66665.4,-5.20258
"cg_vq_v",66665.4,-5.22734
"cg_vq_v",66665.4,-5.23518
"cg_vq_v",66665.4,-5.21182
"cg_vq_v",66665.4,-5.25495
"cg_vq_v",66665.4,-5.28875
"cg_vq_v",66665.4,-5.30637
"cg_vq_v",66665.4,-5.33727
"cg_vq_v",66665.5,-5.3301
"cg_vq_v",66665.5,-5.38681
"cg_vq_v",66665.5,-5.38867
"cg_vq_v",66665.5,-5.42724
"cg_vq_v",66665.5,-5.43444
"cg_vq_v",66665.5,-5.37448
"cg_vq_v",66665.5,-5.46172
"cg_vq_v",66665.5,-5.49178
"cg_vq_v",66665.5,-5.54294
"cg_vq_v",66665.5,-5.54321
"cg_vq_v",66665.5,-5.54286
"cg_vq_v",66665.6,-5.60867
"cg_vq_v",66665.6,-5.58049
"cg_vq_v",66665.6,-5.62705
"cg_vq_v",66665.6,-5.61177
"cg_vq_v",66665.6,-5.70027
"cg_vq_v",66665.6,-5.69918
"cg_vq_v",66665.6,-5.7098
"cg_vq_v",66665.6,-5.76982
"cg_vq_v",66665.6,-5.76924
"cg_vq_v",66665.6,-5.80447
"cg_vq_v",66665.6,-5.78681
"cg_vq_v",66665.6,-5.81724
"cg_vq_v",66665.7,-5.8351
"cg_vq_v",66665.7,-5.90195
"cg_vq_v",66665.7,-5.92991
"cg_vq_v",66665.7,-5.95511
"cg_vq_v",66665.7,-5.95964
"cg_vq_v",66665.7,-5.96899
"cg_vq_v",66665.7,-6.00397
"cg_vq_v",66665.7,-6.03598
"cg_vq_v",66665.7,-6.04722
"cg_vq_v",66665.8,-6.03431
"cg_vq_v",66665.8,-6.04607
"cg_vq_v",66665.8,-6.09355
"cg_vq_v",66665.8,-6.10291
"cg_vq_v",66665.8,-6.10978
"cg_vq_v",66665.8,-6.15098
"cg_vq_v",66665.8,-6.19918
"cg_vq_v",66665.8,-6.21818
"cg_vq_v",66665.8,-6.20118
"cg_vq_v",66665.8,-6.26452
"cg_vq_v",66665.9,-6.27526
"cg_vq_v",66665.9,-6.30111
"cg_vq_v",66665.9,-6.32566
"cg_vq_v",66665.9,-6.35926
"cg_vq_v",66665.9,-6.41162
"cg_vq_v",66665.9,-6.42132
"cg_vq_v",66665.9,-6.43787
"cg_vq_v",66665.9,-6.47305
"cg_vq_v",66665.9,-6.49802
"cg_vq_v",66665.9,-6.48141
"cg_vq_v",66666,-6.5289
"cg_vq_v",66666,-6.53788
"cg_vq_v",66666,-6.51299
"cg_vq_v",66666,-6.62797
"cg_vq_v",66666,-6.58129
"cg_vq_v",66666,-6.65609
"cg_vq_v",66666,-6.64607
"cg_vq_v",66666,-6.65928
"cg_vq_v",66666,-6.71533
"cg_vq_v",66666,-6.70723
"cg_vq_v",66666,-6.71154
"cg_vq_v",66666.1,-6.73772
"cg_vq_v",66666.1,-6.73143
"cg_vq_v",66666.1,-6.80202
"cg_vq_v",66666.1,-6.84737
"cg_vq_v",66666.1,-6.84214
"cg_vq_v",66666.1,-6.83515
"cg_vq_v",66666.1,-6.86906
"cg_vq_v",66666.1,-6.88398
"cg_vq_v",66666.1,-6.86291
"cg_vq_v",66666.1,-6.92079
"cg_vq_v",66666.2,-6.87107
"cg_vq_v",66666.2,-6.93132
"cg_vq_v",66666.2,-6.98412
"cg_vq_v",66666.2,-6.99322
"cg_vq_v",66666.2,-7.00856
"cg_vq_v",66666.2,-7.03547
"cg_vq_v",66666.2,-7.08893
"cg_vq_v",66666.2,-7.09786
"cg_vq_v",66666.2,-7.066
"cg_vq_v",66666.2,-7.10183
"cg_vq_v",66666.3,-7.11
"cg_vq_v",66666.3,-7.16519
"cg_vq_v",66666.3,-7.20527
"cg_vq_v",66666.3,-7.24547
"cg_vq_v",66666.3,-7.20283
"cg_vq_v",66666.3,-7.24134
"cg_vq_v",66666.3,-7.32845
"cg_vq_v",66666.3,-7.29751
"cg_vq_v",66666.3,-7.3477
"cg_vq_v",66666.4,-7.34063
"cg_vq_v",66666.4,-7.39116
"cg_vq_v",66666.4,-7.39605
"cg_vq_v",66666.4,-7.44121
"cg_vq_v",66666.4,-7.43801
"cg_vq_v",66666.4,-7.45866
"cg_vq_v",66666.4,-7.52839
"cg_vq_v",66666.4,-7.53003
"cg_vq_v",66666.4,-7.54439
"cg_vq_v",66666.4,-7.58928
"cg_vq_v",66666.5,-7.60434
"cg_vq_v",66666.5,-7.61499
"cg_vq_v",66666.5,-7.64031
"cg_vq_v",66666.5,-7.67069
"cg_vq_v",66666.5,-7.6765
"cg_vq_v",66666.5,-7.70667
"cg_vq_v",66666.5,-7.71107
"cg_vq_v",66666.5,-7.72924
"cg_vq_v",66666.5,-7.7745
"cg_vq_v",66666.5,-7.79067
"cg_vq_v",66666.6,-7.7927
"cg_vq_v",66666.6,-7.81072
"cg_vq_v",66666.6,-7.86796
"cg_vq_v",66666.6,-7.85889
"cg_vq_v",66666.6,-7.87116
"cg_vq_v",66666.6,-7.91131
"cg_vq_v",66666.6,-7.98264
"cg_vq_v",66666.6,-7.97924
"cg_vq_v",66666.6,-7.99604
"cg_vq_v",66666.6,-8.01781
"cg_vq_v",66666.7,-8.02033
"cg_vq_v",66666.7,-8.04023
"cg_vq_v",66666.7,-8.11193
"cg_vq_v",66666.7,-8.0537
"cg_vq_v",66666.7,-8.0828
"cg_vq_v",66666.7,-8.09586
"cg_vq_v",66666.7,-8.13474
"cg_vq_v",66666.7,-8.12333
"cg_vq_v",66666.7,-8.14515
"cg_vq_v",66666.8,-8.19744
"cg_vq_v",66666.8,-8.17331
"cg_vq_v",66666.8,-8.21743
"cg_vq_v",66666.8,-8.22881
"cg_vq_v",66666.8,-8.24973
"cg_vq_v",66666.8,-8.32655
"cg_vq_v",66666.8,-8.29137
"cg_vq_v",66666.8,-8.32762
"cg_vq_v",66666.8,-8.31973
"cg_vq_v",66666.8,-8.37512
"cg_vq_v",66666.8,-8.36032
"cg_vq_v",66666.9,-8.37525
"cg_vq_v",66666.9,-8.42999
"cg_vq_v",66666.9,-8.44384
"cg_vq_v",66666.9,-8.48468
"cg_vq_v",66666.9,-8.47593
"cg_vq_v",66666.9,-8.48489
"cg_vq_v",66666.9,-8.52215
"cg_vq_v",66666.9,-8.57116
"cg_vq_v",66666.9,-8.56591
"cg_vq_v",66666.9,-8.55343
"cg_vq_v",66667,-8.57801
"cg_vq_v",66667,-8.62381
"cg_vq_v",66667,-8.60875
"cg_vq_v",66667,-8.65651
"cg_vq_v",66667,-8.73802
"cg_vq_v",66667,-8.70361
"cg_vq_v",66667,-8.72766
"cg_vq_v",66667,-8.75126
"cg_vq_v",66667,-8.79743
"cg_vq_v",66667,-8.78467
"cg_vq_v",66667.1,-8.80789
"cg_vq_v",66667.1,-8.8281
"cg_vq_v",66667.1,-8.91325
"cg_vq_v",66667.1,-8.888
"cg_vq_v",66667.1,-8.91404
"cg_vq_v",66667.1,-8.95799
"cg_vq_v",66667.1,-8.95307
"cg_vq_v",66667.1,-8.95105
"cg_vq_v",66667.1,-8.98314
"cg_vq_v",66667.1,-8.99298
"cg_vq_v",66667.2,-9.02516
"cg_vq_v",66667.2,-9.0253
"cg_vq_v",66667.2,-9.06205
"cg_vq_v",66667.2,-9.08722
"cg_vq_v",66667.2,-9.09049
"cg_vq_v",66667.2,-9.12587
"cg_vq_v",66667.2,-9.1282
"cg_vq_v",66667.2,-9.16158
"cg_vq_v",66667.2,-9.18382
"cg_vq_v",66667.2,-9.22277
"cg_vq_v",66667.3,-9.23588
"cg_vq_v",66667.3,-9.24897
"cg_vq_v",66667.3,-9.26393
"cg_vq_v",66667.3,-9.34356
"cg_vq_v",66667.3,-9.33828
"cg_vq_v",66667.3,-9.36196
"cg_vq_v",66667.3,-9.34208
"cg_vq_v",66667.3,-9.36171
"cg_vq_v",66667.3,-9.4129
"cg_vq_v",66667.3,-9.49943
"cg_vq_v",66667.4,-9.46409
"cg_vq_v",66667.4,-9.426
"cg_vq_v",66667.4,-9.48354
"cg_vq_v",66667.4,-9.49714
"cg_vq_v",66667.4,-9.47422
"cg_vq_v",66667.4,-9.54381
"cg_vq_v",66667.4,-9.5445
"cg_vq_v",66667.4,-9.59534
"cg_vq_v",66667.4,-9.57684
"cg_vq_v",66667.4,-9.59819
"cg_vq_v",66667.5,-9.65895
"cg_vq_v",66667.5,-9.64906
"cg_vq_v",66667.5,-9.75213
"cg_vq_v",66667.5,-9.68155
"cg_vq_v",66667.5,-9.69629
"cg_vq_v",66667.5,-9.72767
"cg_vq_v",66667.5,-9.76496
"cg_vq_v",66667.5,-9.76292
"cg_vq_v",66667.5,-9.81514
"cg_vq_v",66667.5,-9.79774
"cg_vq_v",66667.6,-9.80858
"cg_vq_v",66667.6,-9.83975
"cg_vq_v",66667.6,-9.90421
"cg_vq_v",66667.6,-9.90888
"cg_vq_v",66667.6,-9.92429
"cg_vq_v",66667.6,-9.93811
"cg_vq_v",66667.6,-9.92812
"cg_vq_v",66667.6,-9.96299
"cg_vq_v",66667.6,-9.98331
"cg_vq_v",66667.6,-10.0704
"cg_vq_v",66667.7,-10.0698
"cg_vq_v",66667.7,-10.0353
"cg_vq_v",66667.7,-10.0827
"cg_vq_v",66667.7,-10.0914
"cg_vq_v",66667.7,-10.1266
"cg_vq_v",66667.7,-10.1536
"cg_vq_v",66667.7,-10.1469
"cg_vq_v",66667.7,-10.1544
"cg_vq_v",66667.7,-10.1791
"cg_vq_v",66667.8,-10.211
"cg_vq_v",66667.8,-10.1746
"cg_vq_v",66667.8,-10.2197
"cg_vq_v",66667.8,-10.2687
"cg_vq_v",66667.8,-10.2698
"cg_vq_v",66667.8,-10.3258
"cg_vq_v",66667.8,-10.3037
"cg_vq_v",66667.8,-10.3367
"cg_vq_v",66667.8,-10.3517
"cg_vq_v",66667.8,-10.4055
"cg_vq_v",66667.9,-10.3682
"cg_vq_v",66667.9,-10.4299
"cg_vq_v",66667.9,-10.396
"cg_vq_v",66667.9,-10.4431
"cg_vq_v",66667.9,-10.4907
"cg_vq_v",66667.9,-10.4815
"cg_vq_v",66667.9,-10.5041
"cg_vq_v",66667.9,-10.5171
"cg_vq_v",66667.9,-10.5961
"cg_vq_v",66667.9,-10.5714
"cg_vq_v",66668,-10.5912
"cg_vq_v",66668,-10.5866
"cg_vq_v",66668,-10.6514
"cg_vq_v",66668,-10.6476
"cg_vq_v",66668,-10.6856
"cg_vq_v",66668,-10.6986
"cg_vq_v",66668,-10.6809
"cg_vq_v",66668,-10.6781
"cg_vq_v",66668,-10.7485
"cg_vq_v",66668,-10.7069
"cg_vq_v",66668.1,-10.7807
"cg_vq_v",66668.1,-10.7786
"cg_vq_v",66668.1,-10.8493
"cg_vq_v",66668.1,-10.8129
"cg_vq_v",66668.1,-10.8709
"cg_vq_v",66668.1,-10.8778
"cg_vq_v",66668.1,-10.8894
"cg_vq_v",66668.1,-10.9176
"cg_vq_v",66668.1,-10.9551
"cg_vq_v",66668.1,-10.992
"cg_vq_v",66668.1,-11.0311
"cg_vq_v",66668.2,-11.0131
"cg_vq_v",66668.2,-11.0418
"cg_vq_v",66668.2,-11.0526
"cg_vq_v",66668.2,-11.0484
"cg_vq_v",66668.2,-11.104
"cg_vq_v",66668.2,-11.1349
"cg_vq_v",66668.2,-11.1883
"cg_vq_v",66668.2,-11.1779
"cg_vq_v",66668.2,-11.1755
"cg_vq_v",66668.2,-11.1864
"cg_vq_v",66668.3,-11.2278
"cg_vq_v",66668.3,-11.2216
"cg_vq_v",66668.3,-11.25
"cg_vq_v",66668.3,-11.2947
"cg_vq_v",66668.3,-11.3004
"cg_vq_v",66668.3,-11.3146
"cg_vq_v",66668.3,-11.363
"cg_vq_v",66668.3,-11.3694
"cg_vq_v",66668.3,-11.4105
"cg_vq_v",66668.4,-11.4137
"cg_vq_v",66668.4,-11.4263
"cg_vq_v",66668.4,-11.4832
"cg_vq_v",66668.4,-11.452
"cg_vq_v",66668.4,-11.4947
"cg_vq_v",66668.4,-11.5157
"cg_vq_v",66668.4,-11.4777
"cg_vq_v",66668.4,-11.5447
"cg_vq_v",66668.4,-11.6361
"cg_vq_v",66668.4,-11.6203
"cg_vq_v",66668.5,-11.593
"cg_vq_v",66668.5,-11.6692
"cg_vq_v",66668.5,-11.6583
"cg_vq_v",66668.5,-11.6559
"cg_vq_v",66668.5,-11.6801
"cg_vq_v",66668.5,-11.7032
"cg_vq_v",66668.5,-11.7671
"cg_vq_v",66668.5,-11.7025
"cg_vq_v",66668.5,-11.7577
"cg_vq_v",66668.5,-11.7776
"cg_vq_v",66668.6,-11.7772
"cg_vq_v",66668.6,-11.7785
"cg_vq_v",66668.6,-11.8213
"cg_vq_v",66668.6,-11.8603
"cg_vq_v",66668.6,-11.8313
"cg_vq_v",66668.6,-11.8729
"cg_vq_v",66668.6,-11.8861
"cg_vq_v",66668.6,-11.8999
"cg_vq_v",66668.6,-11.9301
"cg_vq_v",66668.6,-11.9418
"cg_vq_v",66668.7,-11.9491
"cg_vq_v",66668.7,-11.9614
"cg_vq_v",66668.7,-11.9821
"cg_vq_v",66668.7,-12.0257
"cg_vq_v",66668.7,-12.0191
"cg_vq_v",66668.7,-12.0647
"cg_vq_v",66668.7,-12.0688
"cg_vq_v",66668.7,-12.1048
"cg_vq_v",66668.7,-12.1282
"cg_vq_v",66668.7,-12.1138
"cg_vq_v",66668.8,-12.1007
"cg_vq_v",66668.8,-12.1228
"cg_vq_v",66668.8,-12.1575
"cg_vq_v",66668.8,-12.1706
"cg_vq_v",66668.8,-12.1856
"cg_vq_v",66668.8,-12.2052
"cg_vq_v",66668.8,-12.1876
"cg_vq_v",66668.8,-12.2245
"cg_vq_v",66668.8,-12.2187
"cg_vq_v",66668.8,-12.2853
"cg_vq_v",66668.9,-12.2575
"cg_vq_v",66668.9,-12.2726
"cg_vq_v",66668.9,-12.3
"cg_vq_v",66668.9,-12.3697
"cg_vq_v",66668.9,-12.4092
"cg_vq_v",66668.9,-12.3759
"cg_vq_v",66668.9,-12.4091
"cg_vq_v",66668.9,-12.4458
"cg_vq_v",66668.9,-12.4567
"cg_vq_v",66668.9,-12.5001
"cg_vq_v",66669,-12.5238
"cg_vq_v",66669,-12.5274
"cg_vq_v",66669,-12.5109
"cg_vq_v",66669,-12.5499
"cg_vq_v",66669,-12.575
"cg_vq_v",66669,-12.5969
"cg_vq_v",66669,-12.5897
"cg_vq_v",66669,-12.657
"cg_vq_v",66669,-12.674
"cg_vq_v",66669,-12.6971
"cg_vq_v",66669.1,-12.7292
"cg_vq_v",66669.1,-12.7489
"cg_vq_v",66669.1,-12.7801
"cg_vq_v",66669.1,-12.7743
"cg_vq_v",66669.1,-12.7935
"cg_vq_v",66669.1,-12.8451
"cg_vq_v",66669.1,-12.8591
"cg_vq_v",66669.1,-12.8534
"cg_vq_v",66669.1,-12.8799
"cg_vq_v",66669.1,-12.8853
"cg_vq_v",66669.2,-12.9277
"cg_vq_v",66669.2,-12.9112
"cg_vq_v",66669.2,-12.9563
"cg_vq_v",66669.2,-12.9575
"cg_vq_v",66669.2,-12.9633
"cg_vq_v",66669.2,-13
"cg_vq_v",66669.2,-12.9754
"cg_vq_v",66669.2,-13.008
"cg_vq_v",66669.2,-12.9676
"cg_vq_v",66669.2,-13.0443
"cg_vq_v",66669.2,-13.0556
"cg_vq_v",66669.3,-13.0607
"cg_vq_v",66669.3,-13.0897
"cg_vq_v",66669.3,-13.1104
"cg_vq_v",66669.3,-13.1647
"cg_vq_v",66669.3,-13.1904
"cg_vq_v",66669.3,-13.1954
"cg_vq_v",66669.3,-13.2082
"cg_vq_v",66669.3,-13.2197
"cg_vq_v",66669.3,-13.2529
"cg_vq_v",66669.4,-13.3054
"cg_vq_v",66669.4,-13.311
"cg_vq_v",66669.4,-13.3494
"cg_vq_v",66669.4,-13.3552
"cg_vq_v",66669.4,-13.3962
"cg_vq_v",66669.4,-13.3987
"cg_vq_v",66669.4,-13.4216
"cg_vq_v",66669.4,-13.4514
"cg_vq_v",66669.4,-13.3932
"cg_vq_v",66669.4,-13.4557
"cg_vq_v",66669.5,-13.4847
"cg_vq_v",66669.5,-13.4703
"cg_vq_v",66669.5,-13.5094
"cg_vq_v",66669.5,-13.5319
"cg_vq_v",66669.5,-13.5824
"cg_vq_v",66669.5,-13.5813
"cg_vq_v",66669.5,-13.6049
"cg_vq_v",66669.5,-13.6223
"cg_vq_v",66669.5,-13.6012
"cg_vq_v",66669.5,-13.6821
"cg_vq_v",66669.5,-13.6846
"cg_vq_v",66669.6,-13.6872
"cg_vq_v",66669.6,-13.7395
"cg_vq_v",66669.6,-13.7283
"cg_vq_v",66669.6,-13.7412
"cg_vq_v",66669.6,-13.809
"cg_vq_v",66669.6,-13.7985
"cg_vq_v",66669.6,-13.805
"cg_vq_v",66669.6,-13.8714
"cg_vq_v",66669.6,-13.8849
"cg_vq_v",66669.6,-13.8998
"cg_vq_v",66669.7,-13.8791
"cg_vq_v",66669.7,-13.9225
"cg_vq_v",66669.7,-13.9756
"cg_vq_v",66669.7,-13.9924
"cg_vq_v",66669.7,-14.0272
"cg_vq_v",66669.7,-13.9973
"cg_vq_v",66669.7,-14.04
"cg_vq_v",66669.7,-14.0623
"cg_vq_v",66669.7,-14.0063
"cg_vq_v",66669.7,-14.1297
"cg_vq_v",66669.8,-14.1345
"cg_vq_v",66669.8,-14.1512
"cg_vq_v",66669.8,-14.1987
"cg_vq_v",66669.8,-14.1726
"cg_vq_v",66669.8,-14.2141
"cg_vq_v",66669.8,-14.2337
"cg_vq_v",66669.8,-14.2291
"cg_vq_v",66669.8,-14.2671
"cg_vq_v",66669.8,-14.2926
"cg_vq_v",66669.8,-14.2562
"cg_vq_v",66669.9,-14.3364
"cg_vq_v",66669.9,-14.3596
"cg_vq_v",66669.9,-14.4139
"cg_vq_v",66669.9,-14.4079
"cg_vq_v",66669.9,-14.4116
"cg_vq_v",66669.9,-14.4572
"cg_vq_v",66669.9,-14.4512
"cg_vq_v",66669.9,-14.4671
"cg_vq_v",66669.9,-14.4866
"cg_vq_v",66669.9,-14.4583
"cg_vq_v",66670,-14.4993
"cg_vq_v",66670,-14.5517
"cg_vq_v",66670,-14.5352
"cg_vq_v",66670,-14.546
"cg_vq_v",66670,-14.586
"cg_vq_v",66670,-14.6474
"cg_vq_v",66670,-14.6436
"cg_vq_v",66670,-14.6882
"cg_vq_v",66670,-14.7581
"cg_vq_v",66670,-14.6819
"cg_vq_v",66670.1,-14.6927
"cg_vq_v",66670.1,-14.7558
"cg_vq_v",66670.1,-14.7865
"cg_vq_v",66670.1,-14.7831
"cg_vq_v",66670.1,-14.7987
"cg_vq_v",66670.1,-14.7887
"cg_vq_v",66670.1,-14.8377
"cg_vq_v",66670.1,-14.8753
"cg_vq_v",66670.1,-14.8838
"cg_vq_v",66670.1,-14.9378
"cg_vq_v",66670.2,-14.949
"cg_vq_v",66670.2,-14.9513
"cg_vq_v",66670.2,-14.9837
"cg_vq_v",66670.2,-15.0037
"cg_vq_v",66670.2,-15.0149
"cg_vq_v",66670.2,-14.9941
"cg_vq_v",66670.2,-15.0192
"cg_vq_v",66670.2,-15.0351
"cg_vq_v",66670.2,-15.0958
"cg_vq_v",66670.2,-15.0634
"cg_vq_v",66670.3,-15.1163
"cg_vq_v",66670.3,-15.1598
"cg_vq_v",66670.3,-15.1744
"cg_vq_v",66670.3,-15.1742
"cg_vq_v",66670.3,-15.2476
"cg_vq_v",66670.3,-15.3155
"cg_vq_v",66670.3,-15.3215
"cg_vq_v",66670.3,-15.3047
"cg_vq_v",66670.3,-15.3483
"cg_vq_v",66670.3,-15.3444
"cg_vq_v",66670.4,-15.4036
"cg_vq_v",66670.4,-15.4361
"cg_vq_v",66670.4,-15.4641
"cg_vq_v",66670.4,-15.4587
"cg_vq_v",66670.4,-15.4945
"cg_vq_v",66670.4,-15.5108
"cg_vq_v",66670.4,-15.5172
"cg_vq_v",66670.4,-15.5959
"cg_vq_v",66670.4,-15.5707
"cg_vq_v",66670.4,-15.5921
"cg_vq_v",66670.5,-15.6086
"cg_vq_v",66670.5,-15.6344
"cg_vq_v",66670.5,-15.6903
"cg_vq_v",66670.5,-15.6888
"cg_vq_v",66670.5,-15.7225
"cg_vq_v",66670.5,-15.7615
"cg_vq_v",66670.5,-15.7945
"cg_vq_v",66670.5,-15.8229
"cg_vq_v",66670.5,-15.8395
"cg_vq_v",66670.5,-15.9147
"cg_vq_v",66670.5,-15.8886
"cg_vq_v",66670.6,-15.9303
"cg_vq_v",66670.6,-15.9068
"cg_vq_v",66670.6,-15.964
"cg_vq_v",66670.6,-15.9951
"cg_vq_v",66670.6,-15.9889
"cg_vq_v",66670.6,-15.99
"cg_vq_v",66670.6,-16.0529
"cg_vq_v",66670.6,-16.0442
"cg_vq_v",66670.6,-16.096
"cg_vq_v",66670.6,-16.0918
"cg_vq_v",66670.7,-16.0993
"cg_vq_v",66670.7,-16.0952
"cg_vq_v",66670.7,-16.1425
"cg_vq_v",66670.7,-16.1727
"cg_vq_v",66670.7,-16.1833
"cg_vq_v",66670.7,-16.1941
"cg_vq_v",66670.7,-16.2288
"cg_vq_v",66670.7,-16.2171
"cg_vq_v",66670.7,-16.2532
"cg_vq_v",66670.7,-16.2811
"cg_vq_v",66670.8,-16.3088
"cg_vq_v",66670.8,-16.3378
"cg_vq_v",66670.8,-16.3309
"cg_vq_v",66670.8,-16.3736
"cg_vq_v",66670.8,-16.4233
"cg_vq_v",66670.8,-16.3926
"cg_vq_v",66670.8,-16.4388
"cg_vq_v",66670.8,-16.4519
"cg_vq_v",66670.8,-16.4588
"cg_vq_v",66670.8,-16.5074
"cg_vq_v",66670.9,-16.5121
"cg_vq_v",66670.9,-16.5206
"cg_vq_v",66670.9,-16.5601
"cg_vq_v",66670.9,-16.5914
"cg_vq_v",66670.9,-16.6252
"cg_vq_v",66670.9,-16.5963
"cg_vq_v",66670.9,-16.6383
"cg_vq_v",66670.9,-16.646
"cg_vq_v",66670.9,-16.6853
"cg_vq_v",66670.9,-16.7186
"cg_vq_v",66671,-16.725
"cg_vq_v",66671,-16.7215
"cg_vq_v",66671,-16.7409
"cg_vq_v",66671,-16.7549
"cg_vq_v",66671,-16.8149
"cg_vq_v",66671,-16.7833
"cg_vq_v",66671,-16.8765
"cg_vq_v",66671,-16.8589
"cg_vq_v",66671,-16.9156
"cg_vq_v",66671,-16.9116
"cg_vq_v",66671.1,-16.9562
"cg_vq_v",66671.1,-16.9457
"cg_vq_v",66671.1,-16.9917
"cg_vq_v",66671.1,-16.9841
"cg_vq_v",66671.1,-17.0088
"cg_vq_v",66671.1,-17.0564
"cg_vq_v",66671.1,-17.0712
"cg_vq_v",66671.1,-17.094
"cg_vq_v",66671.1,-17.1104
"cg_vq_v",66671.1,-17.1105
"cg_vq_v",66671.2,-17.1534
"cg_vq_v",66671.2,-17.1897
"cg_vq_v",66671.2,-17.192
"cg_vq_v",66671.2,-17.2233
"cg_vq_v",66671.2,-17.2305
"cg_vq_v",66671.2,-17.2361
"cg_vq_v",66671.2,-17.2873
"cg_vq_v",66671.2,-17.2442
"cg_vq_v",66671.2,-17.3234
"cg_vq_v",66671.2,-17.33
"cg_vq_v",66671.3,-17.3691
"cg_vq_v",66671.3,-17.369
"cg_vq_v",66671.3,-17.367
"cg_vq_v",66671.3,-17.434
"cg_vq_v",66671.3,-17.4201
"cg_vq_v",66671.3,-17.4157
"cg_vq_v",66671.3,-17.4591
"cg_vq_v",66671.3,-17.4555
"cg_vq_v",66671.3,-17.5511
"cg_vq_v",66671.3,-17.4684
"cg_vq_v",66671.4,-17.531
"cg_vq_v",66671.4,-17.5467
"cg_vq_v",66671.4,-17.532
"cg_vq_v",66671.4,-17.567
"cg_vq_v",66671.4,-17.5591
"cg_vq_v",66671.4,-17.5347
"cg_vq_v",66671.4,-17.6552
"cg_vq_v",66671.4,-17.6284
"cg_vq_v",66671.4,-17.659
"cg_vq_v",66671.4,-17.645
"cg_vq_v",66671.5,-17.6433
"cg_vq_v",66671.5,-17.7231
"cg_vq_v",66671.5,-17.746
"cg_vq_v",66671.5,-17.7128
"cg_vq_v",66671.5,-17.7394
"cg_vq_v",66671.5,-17.77
"cg_vq_v",66671.5,-17.8043
"cg_vq_v",66671.5,-17.7884
"cg_vq_v",66671.5,-17.8143
"cg_vq_v",66671.5,-17.8991
"cg_vq_v",66671.6,-17.8841
"cg_vq_v",66671.6,-17.8987
"cg_vq_v",66671.6,-17.8772
"cg_vq_v",66671.6,-17.9172
"cg_vq_v",66671.6,-17.9288
"cg_vq_v",66671.6,-17.9648
"cg_vq_v",66671.6,-17.9575
"cg_vq_v",66671.6,-18.0006
"cg_vq_v",66671.6,-17.9873
"cg_vq_v",66671.6,-18.0573
"cg_vq_v",66671.7,-18.0799
"cg_vq_v",66671.7,-18.106
"cg_vq_v",66671.7,-18.0761
"cg_vq_v",66671.7,-18.1132
"cg_vq_v",66671.7,-18.1552
"cg_vq_v",66671.7,-18.1776
"cg_vq_v",66671.7,-18.1658
"cg_vq_v",66671.7,-18.2332
"cg_vq_v",66671.7,-18.2218
"cg_vq_v",66671.8,-18.247
"cg_vq_v",66671.8,-18.2678
"cg_vq_v",66671.8,-18.3062
"cg_vq_v",66671.8,-18.3121
"cg_vq_v",66671.8,-18.3455
"cg_vq_v",66671.8,-18.3588
"cg_vq_v",66671.8,-18.3372
"cg_vq_v",66671.8,-18.3831
"cg_vq_v",66671.8,-18.448
"cg_vq_v",66671.8,-18.4345
"cg_vq_v",66671.8,-18.4332
"cg_vq_v",66671.9,-18.5013
"cg_vq_v",66671.9,-18.5116
"cg_vq_v",66671.9,-18.5215
"cg_vq_v",66671.9,-18.5534
"cg_vq_v",66671.9,-18.5541
"cg_vq_v",66671.9,-18.5433
"cg_vq_v",66671.9,-18.6186
"cg_vq_v",66671.9,-18.6839
"cg_vq_v",66671.9,-18.6637
"cg_vq_v",66671.9,-18.6326
"cg_vq_v",66672,-18.7074
"cg_vq_v",66672,-18.7401
"cg_vq_v",66672,-18.7734
"cg_vq_v",66672,-18.7742
"cg_vq_v",66672,-18.8185
"cg_vq_v",66672,-18.8511
"cg_vq_v",66672,-18.9086
"cg_vq_v",66672,-18.8875
"cg_vq_v",66672,-18.8984
"cg_vq_v",66672,-18.9346
"cg_vq_v",66672.1,-18.9525
"cg_vq_v",66672.1,-18.9577
"cg_vq_v",66672.1,-18.998
"cg_vq_v",66672.1,-19.0182
"cg_vq_v",66672.1,-19.0379
"cg_vq_v",66672.1,-19.0562
"cg_vq_v",66672.1,-19.0327
"cg_vq_v",66672.1,-19.1069
"cg_vq_v",66672.1,-19.1015
"cg_vq_v",66672.1,-19.1555
"cg_vq_v",66672.2,-19.1592
"cg_vq_v",66672.2,-19.1577
"cg_vq_v",66672.2,-19.1824
"cg_vq_v",66672.2,-19.2143
"cg_vq_v",66672.2,-19.256
"cg_vq_v",66672.2,-19.2701
"cg_vq_v",66672.2,-19.2922
"cg_vq_v",66672.2,-19.2811
"cg_vq_v",66672.2,-19.346
"cg_vq_v",66672.2,-19.3424
"cg_vq_v",66672.2,-19.3942
"cg_vq_v",66672.3,-19.4132
"cg_vq_v",66672.3,-19.3426
"cg_vq_v",66672.3,-19.4343
"cg_vq_v",66672.3,-19.4419
"cg_vq_v",66672.3,-19.5052
"cg_vq_v",66672.3,-19.4847
"cg_vq_v",66672.3,-19.4958
"cg_vq_v",66672.3,-19.5422
"cg_vq_v",66672.3,-19.5739
"cg_vq_v",66672.4,-19.5767
"cg_vq_v",66672.4,-19.6253
"cg_vq_v",66672.4,-19.6352
"cg_vq_v",66672.4,-19.612
"cg_vq_v",66672.4,-19.6406
"cg_vq_v",66672.4,-19.6824
"cg_vq_v",66672.4,-19.7045
"cg_vq_v",66672.4,-19.7116
"cg_vq_v",66672.4,-19.7554
"cg_vq_v",66672.4,-19.7632
"cg_vq_v",66672.5,-19.775
"cg_vq_v",66672.5,-19.8218
"cg_vq_v",66672.5,-19.8252
"cg_vq_v",66672.5,-19.877
"cg_vq_v",66672.5,-19.9241
"cg_vq_v",66672.5,-19.8674
"cg_vq_v",66672.5,-19.9003
"cg_vq_v",66672.5,-19.9492
"cg_vq_v",66672.5,-19.9731
"cg_vq_v",66672.5,-20.0209
"cg_vq_v",66672.6,-19.9964
"cg_vq_v",66672.6,-20.0095
"cg_vq_v",66672.6,-20.0696
"cg_vq_v",66672.6,-20.0688
"cg_vq_v",66672.6,-20.0711
"cg_vq_v",66672.6,-20.074
"cg_vq_v",66672.6,-20.1301
"cg_vq_v",66672.6,-20.0834
"cg_vq_v",66672.6,-20.153
"cg_vq_v",66672.6,-20.1706
"cg_vq_v",66672.7,-20.217
"cg_vq_v",66672.7,-20.1857
"cg_vq_v",66672.7,-20.2295
"cg_vq_v",66672.7,-20.2541
"cg_vq_v",66672.7,-20.2488
"cg_vq_v",66672.7,-20.2801
"cg_vq_v",66672.7,-20.3075
"cg_vq_v",66672.7,-20.312
"cg_vq_v",66672.7,-20.3313
"cg_vq_v",66672.7,-20.3329
"cg_vq_v",66672.8,-20.3753
"cg_vq_v",66672.8,-20.399
"cg_vq_v",66672.8,-20.4264
"cg_vq_v",66672.8,-20.4289
"cg_vq_v",66672.8,-20.4834
"cg_vq_v",66672.8,-20.5071
"cg_vq_v",66672.8,-20.468
"cg_vq_v",66672.8,-20.5395
"cg_vq_v",66672.8,-20.5271
"cg_vq_v",66672.8,-20.5331
"cg_vq_v",66672.9,-20.5795
"cg_vq_v",66672.9,-20.6198
"cg_vq_v",66672.9,-20.6353
"cg_vq_v",66672.9,-20.6211
"cg_vq_v",66672.9,-20.6732
"cg_vq_v",66672.9,-20.7173
"cg_vq_v",66672.9,-20.6972
"cg_vq_v",66672.9,-20.7646
"cg_vq_v",66672.9,-20.7771
"cg_vq_v",66672.9,-20.7778
"cg_vq_v",66673,-20.8083
"cg_vq_v",66673,-20.8151
"cg_vq_v",66673,-20.8026
"cg_vq_v",66673,-20.8196
"cg_vq_v",66673,-20.8184
"cg_vq_v",66673,-20.8932
"cg_vq_v",66673,-20.8952
"cg_vq_v",66673,-20.9257
"cg_vq_v",66673,-20.9467
"cg_vq_v",66673,-20.9496
"cg_vq_v",66673.1,-21.0062
"cg_vq_v",66673.1,-21.0122
"cg_vq_v",66673.1,-20.9824
"cg_vq_v",66673.1,-21.0515
"cg_vq_v",66673.1,-21.0487
"cg_vq_v",66673.1,-21.1323
"cg_vq_v",66673.1,-21.0905
"cg_vq_v",66673.1,-21.111
"cg_vq_v",66673.1,-21.1512
"cg_vq_v",66673.1,-21.19
"cg_vq_v",66673.2,-21.2377
"cg_vq_v",66673.2,-21.1909
"cg_vq_v",66673.2,-21.3041
"cg_vq_v",66673.2,-21.2904
"cg_vq_v",66673.2,-21.2537
"cg_vq_v",66673.2,-21.3
"cg_vq_v",66673.2,-21.344
"cg_vq_v",66673.2,-21.338
"cg_vq_v",66673.2,-21.3534
"cg_vq_v",66673.2,-21.4082
"cg_vq_v",66673.3,-21.4418
"cg_vq_v",66673.3,-21.4198
"cg_vq_v",66673.3,-21.4474
"cg_vq_v",66673.3,-21.4964
"cg_vq_v",66673.3,-21.5147
"cg_vq_v",66673.3,-21.5134
"cg_vq_v",66673.3,-21.5491
"cg_vq_v",66673.3,-21.5919
"cg_vq_v",66673.3,-21.5934
"cg_vq_v",66673.3,-21.6005
"cg_vq_v",66673.4,-21.5981
"cg_vq_v",66673.4,-21.6277
"cg_vq_v",66673.4,-21.6826
"cg_vq_v",66673.4,-21.6965
"cg_vq_v",66673.4,-21.7295
"cg_vq_v",66673.4,-21.7402
"cg_vq_v",66673.4,-21.8387
"cg_vq_v",66673.4,-21.81
"cg_vq_v",66673.4,-21.8347
"cg_vq_v",66673.4,-21.8398
"cg_vq_v",66673.5,-21.7748
"cg_vq_v",66673.5,-21.9208
"cg_vq_v",66673.5,-21.9102
"cg_vq_v",66673.5,-21.9039
"cg_vq_v",66673.5,-21.9377
"cg_vq_v",66673.5,-21.918
"cg_vq_v",66673.5,-21.9591
"cg_vq_v",66673.5,-21.9932
"cg_vq_v",66673.5,-22.0467
"cg_vq_v",66673.5,-21.9788
"cg_vq_v",66673.6,-22.021
"cg_vq_v",66673.6,-22.0813
"cg_vq_v",66673.6,-22.0702
"cg_vq_v",66673.6,-22.1035
"cg_vq_v",66673.6,-22.1641
"cg_vq_v",66673.6,-22.1496
"cg_vq_v",66673.6,-22.2062
"cg_vq_v",66673.6,-22.2179
"cg_vq_v",66673.6,-22.2202
"cg_vq_v",66673.6,-22.2348
"cg_vq_v",66673.7,-22.2781
"cg_vq_v",66673.7,-22.3383
"cg_vq_v",66673.7,-22.3122
"cg_vq_v",66673.7,-22.3421
"cg_vq_v",66673.7,-22.3698
"cg_vq_v",66673.7,-22.3694
"cg_vq_v",66673.7,-22.3886
"cg_vq_v",66673.7,-22.4286
"cg_vq_v",66673.7,-22.4363
"cg_vq_v",66673.8,-22.4726
"cg_vq_v",66673.8,-22.4646
"cg_vq_v",66673.8,-22.4747
"cg_vq_v",66673.8,-22.5476
"cg_vq_v",66673.8,-22.5301
"cg_vq_v",66673.8,-22.5462
"cg_vq_v",66673.8,-22.6572
"cg_vq_v",66673.8,-22.5848
"cg_vq_v",66673.8,-22.5731
"cg_vq_v",66673.8,-22.6188
"cg_vq_v",66673.8,-22.6393
"cg_vq_v",66673.9,-22.6416
"cg_vq_v",66673.9,-22.6968
"cg_vq_v",66673.9,-22.7337
"cg_vq_v",66673.9,-22.7099
"cg_vq_v",66673.9,-22.7558
"cg_vq_v",66673.9,-22.7938
"cg_vq_v",66673.9,-22.817
"cg_vq_v",66673.9,-22.8054
"cg_vq_v",66673.9,-22.8255
"cg_vq_v",66673.9,-22.888
"cg_vq_v",66674,-22.8987
"cg_vq_v",66674,-22.9129
"cg_vq_v",66674,-22.8974
"cg_vq_v",66674,-22.9173
"cg_vq_v",66674,-22.9337
"cg_vq_v",66674,-22.9285
"cg_vq_v",66674,-22.9704
"cg_vq_v",66674,-22.9771
"cg_vq_v",66674,-23.0154
"cg_vq_v",66674,-23.0264
"cg_vq_v",66674.1,-23.0484
"cg_vq_v",66674.1,-23.0459
"cg_vq_v",66674.1,-23.0359
"cg_vq_v",66674.1,-23.057
"cg_vq_v",66674.1,-23.0738
"cg_vq_v",66674.1,-23.1148
"cg_vq_v",66674.1,-23.1236
"cg_vq_v",66674.1,-23.1057
"cg_vq_v",66674.1,-23.1129
"cg_vq_v",66674.1,-23.1541
"cg_vq_v",66674.2,-23.1768
"cg_vq_v",66674.2,-23.1818
"cg_vq_v",66674.2,-23.1854
"cg_vq_v",66674.2,-23.2165
"cg_vq_v",66674.2,-23.2255
"cg_vq_v",66674.2,-23.2554
"cg_vq_v",66674.2,-23.2753
"cg_vq_v",66674.2,-23.2889
"cg_vq_v",66674.2,-23.3172
"cg_vq_v",66674.2,-23.2895
"cg_vq_v",66674.3,-23.3615
"cg_vq_v",66674.3,-23.3925
"cg_vq_v",66674.3,-23.4096
"cg_vq_v",66674.3,-23.4296
"cg_vq_v",66674.3,-23.4389
"cg_vq_v",66674.3,-23.4547
"cg_vq_v",66674.3,-23.4285
"cg_vq_v",66674.3,-23.4385
"cg_vq_v",66674.3,-23.5129
"cg_vq_v",66674.3,-23.5466
"cg_vq_v",66674.4,-23.5959
"cg_vq_v",66674.4,-23.5602
"cg_vq_v",66674.4,-23.5809
"cg_vq_v",66674.4,-23.604
"cg_vq_v",66674.4,-23.5999
"cg_vq_v",66674.4,-23.6396
"cg_vq_v",66674.4,-23.6485
"cg_vq_v",66674.4,-23.6741
"cg_vq_v",66674.4,-23.6697
"cg_vq_v",66674.4,-23.7143
"cg_vq_v",66674.5,-23.6607
"cg_vq_v",66674.5,-23.7067
"cg_vq_v",66674.5,-23.7214
"cg_vq_v",66674.5,-23.7391
"cg_vq_v",66674.5,-23.751
"cg_vq_v",66674.5,-23.7672
"cg_vq_v",66674.5,-23.8106
"cg_vq_v",66674.5,-23.8163
"cg_vq_v",66674.5,-23.7791
"cg_vq_v",66674.5,-23.8372
"cg_vq_v",66674.6,-23.8535
"cg_vq_v",66674.6,-23.8736
"cg_vq_v",66674.6,-23.8853
"cg_vq_v",66674.6,-23.8796
"cg_vq_v",66674.6,-23.9077
"cg_vq_v",66674.6,-23.9354
"cg_vq_v",66674.6,-23.9259
"cg_vq_v",66674.6,-23.9512
"cg_vq_v",66674.6,-23.9303
"cg_vq_v",66674.7,-23.9606
"cg_vq_v",66674.7,-23.9665
"cg_vq_v",66674.7,-24.0102
"cg_vq_v",66674.7,-24.0431
"cg_vq_v",66674.7,-24.0255
"cg_vq_v",66674.7,-24.1414
"cg_vq_v",66674.8,-24.0551
"cg_vq_v",66674.8,-24.0814
"cg_vq_v",66674.8,-24.0698
"cg_vq_v",66674.8,-24.1183
"cg_vq_v",66674.8,-24.1284
"cg_vq_v",66674.8,-24.1652
"cg_vq_v",66674.8,-24.2251
"cg_vq_v",66674.8,-24.2176
"cg_vq_v",66674.9,-24.2329
"cg_vq_v",66674.9,-24.2536
"cg_vq_v",66674.9,-24.2939
"cg_vq_v",66674.9,-24.2822
"cg_vq_v",66674.9,-24.309
"cg_vq_v",66674.9,-24.3112
"cg_vq_v",66675,-24.3704
"cg_vq_v",66675,-24.3891
"cg_vq_v",66675,-24.4128
"cg_vq_v",66675,-24.3799
"cg_vq_v",66675,-24.3888
"cg_vq_v",66675,-24.4136
"cg_vq_v",66675.1,-24.6127
"cg_vq_v",66675.1,-24.555
"cg_vq_v",66675.1,-24.5924
"cg_vq_v",66675.1,-24.6084
"cg_vq_v",66675.1,-24.6259
"cg_vq_v",66675.1,-24.6226
"cg_vq_v",66675.1,-24.6588
"cg_vq_v",66675.1,-24.6454
"cg_vq_v",66675.1,-24.7175
"cg_vq_v",66675.1,-24.7106
"cg_vq_v",66675.1,-24.7368
"cg_vq_v",66675.2,-24.7906
"cg_vq_v",66675.2,-24.7901
"cg_vq_v",66675.2,-24.8656
"cg_vq_v",66675.2,-24.8066
"cg_vq_v",66675.2,-24.8373
"cg_vq_v",66675.2,-24.8707
"cg_vq_v",66675.2,-24.8378
"cg_vq_v",66675.2,-24.8769
"cg_vq_v",66675.2,-24.9183
"cg_vq_v",66675.2,-24.9181
"cg_vq_v",66675.2,-24.949
"cg_vq_v",66675.3,-24.9598
"cg_vq_v",66675.3,-24.9692
"cg_vq_v",66675.3,-25.0231
"cg_vq_v",66675.3,-24.9923
"cg_vq_v",66675.3,-25.0207
"cg_vq_v",66675.3,-25.027
"cg_vq_v",66675.3,-25.0275
"cg_vq_v",66675.3,-25.0132
"cg_vq_v",66675.3,-25.071
"cg_vq_v",66675.3,-25.1063
"cg_vq_v",66675.4,-25.1359
"cg_vq_v",66675.4,-25.0866
"cg_vq_v",66675.4,-25.087
"cg_vq_v",66675.4,-25.1678
"cg_vq_v",66675.4,-25.169
"cg_vq_v",66675.4,-25.1986
"cg_vq_v",66675.4,-25.1917
"cg_vq_v",66675.4,-25.2055
"cg_vq_v",66675.4,-25.2354
"cg_vq_v",66675.4,-25.2608
"cg_vq_v",66675.5,-25.3134
"cg_vq_v",66675.5,-25.3024
"cg_vq_v",66675.5,-25.3325
"cg_vq_v",66675.5,-25.3466
"cg_vq_v",66675.5,-25.324
"cg_vq_v",66675.5,-25.3416
"cg_vq_v",66675.5,-25.386
"cg_vq_v",66675.5,-25.4217
"cg_vq_v",66675.5,-25.405
"cg_vq_v",66675.5,-25.4121
"cg_vq_v",66675.5,-25.4443
"cg_vq_v",66675.5,-25.4504
"cg_vq_v",66675.6,-25.4957
"cg_vq_v",66675.6,-25.5009
"cg_vq_v",66675.6,-25.4734
"cg_vq_v",66675.6,-25.5474
"cg_vq_v",66675.6,-25.5379
"cg_vq_v",66675.6,-25.5105
"cg_vq_v",66675.6,-25.6071
"cg_vq_v",66675.6,-25.5882
"cg_vq_v",66675.6,-25.5899
"cg_vq_v",66675.6,-25.6552
"cg_vq_v",66675.6,-25.6378
"cg_vq_v",66675.7,-25.6633
"cg_vq_v",66675.7,-25.6788
"cg_vq_v",66675.7,-25.6852
"cg_vq_v",66675.7,-25.7181
"cg_vq_v",66675.7,-25.6969
"cg_vq_v",66675.7,-25.7405
"cg_vq_v",66675.7,-25.6925
"cg_vq_v",66675.7,-25.7337
"cg_vq_v",66675.7,-25.7789
"cg_vq_v",66675.7,-25.7862
"cg_vq_v",66675.8,-25.7733
"cg_vq_v",66675.8,-25.8048
"cg_vq_v",66675.8,-25.8376
"cg_vq_v",66675.8,-25.8607
"cg_vq_v",66675.8,-25.8645
"cg_vq_v",66675.8,-25.8567
"cg_vq_v",66675.8,-25.9002
"cg_vq_v",66675.8,-25.8951
"cg_vq_v",66675.8,-25.9513
"cg_vq_v",66675.8,-25.9504
"cg_vq_v",66675.8,-25.9822
"cg_vq_v",66675.8,-25.9967
"cg_vq_v",66675.9,-26.0154
"cg_vq_v",66675.9,-26.0222
"cg_vq_v",66675.9,-26.0507
"cg_vq_v",66675.9,-26.0743
"cg_vq_v",66675.9,-26.062
"cg_vq_v",66675.9,-26.0871
"cg_vq_v",66675.9,-26.1111
"cg_vq_v",66675.9,-26.1669
"cg_vq_v",66675.9,-26.1841
"cg_vq_v",66675.9,-26.1659
"cg_vq_v",66676,-26.2153
"cg_vq_v",66676,-26.1656
"cg_vq_v",66676,-26.2463
"cg_vq_v",66676,-26.2272
"cg_vq_v",66676,-26.236
"cg_vq_v",66676,-26.2916
"cg_vq_v",66676,-26.3015
"cg_vq_v",66676,-26.3024
"cg_vq_v",66676,-26.2939
"cg_vq_v",66676,-26.3452
"cg_vq_v",66676,-26.3386
"cg_vq_v",66676.1,-26.3321
"cg_vq_v",66676.1,-26.3931
"cg_vq_v",66676.1,-26.3895
"cg_vq_v",66676.1,-26.4002
"cg_vq_v",66676.1,-26.4782
"cg_vq_v",66676.1,-26.4761
"cg_vq_v",66676.1,-26.5012
"cg_vq_v",66676.1,-26.5027
"cg_vq_v",66676.1,-26.5282
"cg_vq_v",66676.1,-26.4994
"cg_vq_v",66676.2,-26.5587
"cg_vq_v",66676.2,-26.56
"cg_vq_v",66676.2,-26.5845
"cg_vq_v",66676.2,-26.6703
"cg_vq_v",66676.2,-26.6528
"cg_vq_v",66676.2,-26.6587
"cg_vq_v",66676.2,-26.6918
"cg_vq_v",66676.2,-26.7074
"cg_vq_v",66676.2,-26.7239
"cg_vq_v",66676.2,-26.7176
"cg_vq_v",66676.3,-26.7593
"cg_vq_v",66676.3,-26.7656
"cg_vq_v",66676.3,-26.7974
"cg_vq_v",66676.3,-26.8262
"cg_vq_v",66676.3,-26.8487
"cg_vq_v",66676.3,-26.8515
"cg_vq_v",66676.3,-26.888
"cg_vq_v",66676.3,-26.8767
"cg_vq_v",66676.3,-26.9058
"cg_vq_v",66676.4,-26.9163
"cg_vq_v",66676.4,-26.9575
"cg_vq_v",66676.4,-26.9835
"cg_vq_v",66676.4,-26.9748
"cg_vq_v",66676.4,-27.0103
"cg_vq_v",66676.4,-27.0258
"cg_vq_v",66676.4,-27.0358
"cg_vq_v",66676.4,-27.0302
"cg_vq_v",66676.4,-27.0597
"cg_vq_v",66676.4,-27.09
"cg_vq_v",66676.5,-27.1001
"cg_vq_v",66676.5,-27.1382
"cg_vq_v",66676.5,-27.114
"cg_vq_v",66676.5,-27.1273
"cg_vq_v",66676.5,-27.1697
"cg_vq_v",66676.5,-27.1811
"cg_vq_v",66676.5,-27.2224
"cg_vq_v",66676.5,-27.2146
"cg_vq_v",66676.5,-27.1929
"cg_vq_v",66676.5,-27.293
"cg_vq_v",66676.6,-27.2963
"cg_vq_v",66676.6,-27.3194
"cg_vq_v",66676.6,-27.3328
"cg_vq_v",66676.6,-27.3484
"cg_vq_v",66676.6,-27.3877
"cg_vq_v",66676.6,-27.3685
"cg_vq_v",66676.6,-27.4358
"cg_vq_v",66676.6,-27.4128
"cg_vq_v",66676.6,-27.4509
"cg_vq_v",66676.6,-27.4497
"cg_vq_v",66676.7,-27.4429
"cg_vq_v",66676.7,-27.4838
"cg_vq_v",66676.7,-27.5085
"cg_vq_v",66676.7,-27.5066
"cg_vq_v",66676.7,-27.5468
"cg_vq_v",66676.7,-27.5778
"cg_vq_v",66676.7,-27.5717
"cg_vq_v",66676.7,-27.5974
"cg_vq_v",66676.7,-27.6068
"cg_vq_v",66676.7,-27.6462
"cg_vq_v",66676.8,-27.6413
"cg_vq_v",66676.8,-27.6984
"cg_vq_v",66676.8,-27.6666
"cg_vq_v",66676.8,-27.6881
"cg_vq_v",66676.8,-27.7278
"cg_vq_v",66676.8,-27.7195
"cg_vq_v",66676.8,-27.7093
"cg_vq_v",66676.8,-27.7648
"cg_vq_v",66676.8,-27.7606
"cg_vq_v",66676.8,-27.7518
"cg_vq_v",66676.9,-27.7832
"cg_vq_v",66676.9,-27.8345
"cg_vq_v",66676.9,-27.8098
"cg_vq_v",66676.9,-27.8174
"cg_vq_v",66676.9,-27.8057
"cg_vq_v",66676.9,-27.857
"cg_vq_v",66676.9,-27.8566
"cg_vq_v",66676.9,-27.8954
"cg_vq_v",66676.9,-27.8961
"cg_vq_v",66676.9,-27.8955
"cg_vq_v",66677,-27.9185
"cg_vq_v",66677,-27.9542
"cg_vq_v",66677,-27.9189
"cg_vq_v",66677,-27.9573
"cg_vq_v",66677,-27.9421
"cg_vq_v",66677,-27.9701
"cg_vq_v",66677,-27.9934
"cg_vq_v",66677,-28.0435
"cg_vq_v",66677,-28.0537
"cg_vq_v",66677,-28.0339
"cg_vq_v",66677.1,-28.0674
"cg_vq_v",66677.1,-28.0649
"cg_vq_v",66677.1,-28.0667
"cg_vq_v",66677.1,-28.1218
"cg_vq_v",66677.1,-28.1433
"cg_vq_v",66677.1,-28.1381
"cg_vq_v",66677.1,-28.1467
"cg_vq_v",66677.1,-28.19
"cg_vq_v",66677.1,-28.2026
"cg_vq_v",66677.1,-28.1503
"cg_vq_v",66677.2,-28.2143
"cg_vq_v",66677.2,-28.2075
"cg_vq_v",66677.2,-28.2437
"cg_vq_v",66677.2,-28.2276
"cg_vq_v",66677.2,-28.2504
"cg_vq_v",66677.2,-28.2495
"cg_vq_v",66677.2,-28.295
"cg_vq_v",66677.2,-28.3015
"cg_vq_v",66677.2,-28.4024
"cg_vq_v",66677.2,-28.3465
"cg_vq_v",66677.2,-28.3207
"cg_vq_v",66677.3,-28.3509
"cg_vq_v",66677.3,-28.3609
"cg_vq_v",66677.3,-28.3792
"cg_vq_v",66677.3,-28.415
"cg_vq_v",66677.3,-28.3887
"cg_vq_v",66677.3,-28.4483
"cg_vq_v",66677.3,-28.4443
"cg_vq_v",66677.3,-28.4841
"cg_vq_v",66677.3,-28.4646
"cg_vq_v",66677.4,-28.5971
"cg_vq_v",66677.4,-28.5574
"cg_vq_v",66677.4,-28.5436
"cg_vq_v",66677.4,-28.5341
"cg_vq_v",66677.4,-28.5826
"cg_vq_v",66677.4,-28.6063
"cg_vq_v",66677.4,-28.6871
"cg_vq_v",66677.4,-28.5993
"cg_vq_v",66677.4,-28.6513
"cg_vq_v",66677.4,-28.6691
"cg_vq_v",66677.5,-28.709
"cg_vq_v",66677.5,-28.7031
"cg_vq_v",66677.5,-28.7176
"cg_vq_v",66677.5,-28.6956
"cg_vq_v",66677.5,-28.788
"cg_vq_v",66677.5,-28.7798
"cg_vq_v",66677.5,-28.8264
"cg_vq_v",66677.5,-28.8287
"cg_vq_v",66677.5,-28.8302
"cg_vq_v",66677.5,-28.8774
"cg_vq_v",66677.6,-28.8962
"cg_vq_v",66677.6,-28.9074
"cg_vq_v",66677.6,-28.9214
"cg_vq_v",66677.6,-28.8749
"cg_vq_v",66677.6,-28.9297
"cg_vq_v",66677.6,-28.9697
"cg_vq_v",66677.6,-28.9681
"cg_vq_v",66677.6,-28.9948
"cg_vq_v",66677.6,-28.994
"cg_vq_v",66677.6,-28.9954
"cg_vq_v",66677.7,-29.0525
"cg_vq_v",66677.7,-29.0481
"cg_vq_v",66677.7,-29.0359
"cg_vq_v",66677.7,-29.0889
"cg_vq_v",66677.7,-29.1204
"cg_vq_v",66677.7,-29.1664
"cg_vq_v",66677.7,-29.151
"cg_vq_v",66677.7,-29.1956
"cg_vq_v",66677.7,-29.212
"cg_vq_v",66677.8,-29.2184
"cg_vq_v",66677.8,-29.2452
"cg_vq_v",66677.8,-29.2621
"cg_vq_v",66677.8,-29.2818
"cg_vq_v",66677.8,-29.2973
"cg_vq_v",66677.8,-29.3335
"cg_vq_v",66677.8,-29.3443
"cg_vq_v",66677.8,-29.3674
"cg_vq_v",66677.8,-29.4054
"cg_vq_v",66677.8,-29.3855
"cg_vq_v",66677.9,-29.4437
"cg_vq_v",66677.9,-29.4451
"cg_vq_v",66677.9,-29.4256
"cg_vq_v",66677.9,-29.4989
"cg_vq_v",66677.9,-29.4872
"cg_vq_v",66677.9,-29.4728
"cg_vq_v",66677.9,-29.4959
"cg_vq_v",66677.9,-29.5228
"cg_vq_v",66677.9,-29.5183
"cg_vq_v",66677.9,-29.5088
"cg_vq_v",66678,-29.6165
"cg_vq_v",66678,-29.6038
"cg_vq_v",66678,-29.6214
"cg_vq_v",66678,-29.6683
"cg_vq_v",66678,-29.6839
"cg_vq_v",66678,-29.6798
"cg_vq_v",66678,-29.7226
"cg_vq_v",66678,-29.7355
"cg_vq_v",66678,-29.7032
"cg_vq_v",66678,-29.7554
"cg_vq_v",66678,-29.7714
"cg_vq_v",66678.1,-29.7747
"cg_vq_v",66678.1,-29.8147
"cg_vq_v",66678.1,-29.8195
"cg_vq_v",66678.1,-29.8239
"cg_vq_v",66678.1,-29.8649
"cg_vq_v",66678.1,-29.8908
"cg_vq_v",66678.1,-29.9222
"cg_vq_v",66678.1,-29.9447
"cg_vq_v",66678.1,-29.9732
"cg_vq_v",66678.1,-29.9434
"cg_vq_v",66678.2,-30.0233
"cg_vq_v",66678.2,-30.0224
"cg_vq_v",66678.2,-30.0418
"cg_vq_v",66678.2,-30.0303
"cg_vq_v",66678.2,-30.0883
"cg_vq_v",66678.2,-30.0465
"cg_vq_v",66678.2,-30.1155
"cg_vq_v",66678.2,-30.1254
"cg_vq_v",66678.2,-30.1437
"cg_vq_v",66678.2,-30.1669
"cg_vq_v",66678.3,-30.1917
"cg_vq_v",66678.3,-30.1999
"cg_vq_v",66678.3,-30.2236
"cg_vq_v",66678.3,-30.3143
"cg_vq_v",66678.3,-30.299
"cg_vq_v",66678.3,-30.2815
"cg_vq_v",66678.3,-30.2963
"cg_vq_v",66678.3,-30.3068
"cg_vq_v",66678.3,-30.337
"cg_vq_v",66678.4,-30.4118
"cg_vq_v",66678.4,-30.3936
"cg_vq_v",66678.4,-30.3894
"cg_vq_v",66678.4,-30.4025
"cg_vq_v",66678.4,-30.4522
"cg_vq_v",66678.4,-30.461
"cg_vq_v",66678.4,-30.4634
"cg_vq_v",66678.4,-30.4848
"cg_vq_v",66678.4,-30.4908
"cg_vq_v",66678.4,-30.5207
"cg_vq_v",66678.4,-30.5337
"cg_vq_v",66678.5,-30.56
"cg_vq_v",66678.5,-30.5945
"cg_vq_v",66678.5,-30.5939
"cg_vq_v",66678.5,-30.6162
"cg_vq_v",66678.5,-30.6268
"cg_vq_v",66678.5,-30.6224
"cg_vq_v",66678.5,-30.6447
"cg_vq_v",66678.5,-30.6671
"cg_vq_v",66678.5,-30.6938
"cg_vq_v",66678.5,-30.6329
"cg_vq_v",66678.6,-30.6544
"cg_vq_v",66678.6,-30.7183
"cg_vq_v",66678.6,-30.7503
"cg_vq_v",66678.6,-30.7546
"cg_vq_v",66678.6,-30.7633
"cg_vq_v",66678.6,-30.7635
"cg_vq_v",66678.6,-30.7873
"cg_vq_v",66678.6,-30.8046
"cg_vq_v",66678.6,-30.8127
"cg_vq_v",66678.7,-30.8257
"cg_vq_v",66678.7,-30.8382
"cg_vq_v",66678.7,-30.8398
"cg_vq_v",66678.7,-30.8376
"cg_vq_v",66678.7,-30.8769
"cg_vq_v",66678.7,-30.8809
"cg_vq_v",66678.7,-30.9157
"cg_vq_v",66678.7,-30.8829
"cg_vq_v",66678.7,-30.9164
"cg_vq_v",66678.7,-30.9522
"cg_vq_v",66678.8,-31.0253
"cg_vq_v",66678.8,-31.0147
"cg_vq_v",66678.8,-31.0161
"cg_vq_v",66678.8,-31.046
"cg_vq_v",66678.8,-31.035
"cg_vq_v",66678.8,-31.0573
"cg_vq_v",66678.8,-31.0805
"cg_vq_v",66678.8,-31.1276
"cg_vq_v",66678.8,-31.1993
"cg_vq_v",66678.8,-31.1358
"cg_vq_v",66678.9,-31.1886
"cg_vq_v",66678.9,-31.1782
"cg_vq_v",66678.9,-31.2312
"cg_vq_v",66678.9,-31.223
"cg_vq_v",66678.9,-31.2133
"cg_vq_v",66678.9,-31.2536
"cg_vq_v",66678.9,-31.2758
"cg_vq_v",66678.9,-31.3014
"cg_vq_v",66678.9,-31.276
"cg_vq_v",66678.9,-31.3227
"cg_vq_v",66679,-31.3754
"cg_vq_v",66679,-31.3707
"cg_vq_v",66679,-31.4146
"cg_vq_v",66679,-31.3969
"cg_vq_v",66679,-31.4403
"cg_vq_v",66679,-31.4863
"cg_vq_v",66679,-31.4927
"cg_vq_v",66679,-31.5098
"cg_vq_v",66679,-31.4964
"cg_vq_v",66679,-31.4943
"cg_vq_v",66679.1,-31.5324
"cg_vq_v",66679.1,-31.5702
"cg_vq_v",66679.1,-31.6116
"cg_vq_v",66679.1,-31.5804
"cg_vq_v",66679.1,-31.6618
"cg_vq_v",66679.1,-31.6428
"cg_vq_v",66679.1,-31.619
"cg_vq_v",66679.1,-31.6177
"cg_vq_v",66679.1,-31.658
"cg_vq_v",66679.1,-31.6811
"cg_vq_v",66679.2,-31.6925
"cg_vq_v",66679.2,-31.6453
"cg_vq_v",66679.2,-31.7413
"cg_vq_v",66679.2,-31.7246
"cg_vq_v",66679.2,-31.7756
"cg_vq_v",66679.2,-31.7681
"cg_vq_v",66679.2,-31.7799
"cg_vq_v",66679.2,-31.8116
"cg_vq_v",66679.2,-31.8052
"cg_vq_v",66679.2,-31.7993
"cg_vq_v",66679.2,-31.8464
"cg_vq_v",66679.3,-31.9027
"cg_vq_v",66679.3,-31.9437
"cg_vq_v",66679.3,-31.9049
"cg_vq_v",66679.3,-31.9187
"cg_vq_v",66679.3,-31.8955
"cg_vq_v",66679.3,-32.0318
"cg_vq_v",66679.3,-31.9855
"cg_vq_v",66679.3,-32.0135
"cg_vq_v",66679.3,-32.0095
"cg_vq_v",66679.4,-32.0153
"cg_vq_v",66679.4,-32.0877
"cg_vq_v",66679.4,-32.1182
"cg_vq_v",66679.4,-32.1294
"cg_vq_v",66679.4,-32.1316
"cg_vq_v",66679.4,-32.1567
"cg_vq_v",66679.4,-32.1716
"cg_vq_v",66679.4,-32.1798
"cg_vq_v",66679.4,-32.2315
"cg_vq_v",66679.4,-32.2524
"cg_vq_v",66679.5,-32.2594
"cg_vq_v",66679.5,-32.317
"cg_vq_v",66679.5,-32.3007
"cg_vq_v",66679.5,-32.2935
"cg_vq_v",66679.5,-32.3374
"cg_vq_v",66679.5,-32.3553
"cg_vq_v",66679.5,-32.3524
"cg_vq_v",66679.5,-32.388
"cg_vq_v",66679.5,-32.4048
"cg_vq_v",66679.5,-32.4001
"cg_vq_v",66679.6,-32.4094
"cg_vq_v",66679.6,-32.4479
"cg_vq_v",66679.6,-32.4622
"cg_vq_v",66679.6,-32.4481
"cg_vq_v",66679.6,-32.4853
"cg_vq_v",66679.6,-32.4882
"cg_vq_v",66679.6,-32.578
"cg_vq_v",66679.6,-32.5516
"cg_vq_v",66679.6,-32.5806
"cg_vq_v",66679.6,-32.563
"cg_vq_v",66679.6,-32.6005
"cg_vq_v",66679.7,-32.6364
"cg_vq_v",66679.7,-32.6112
"cg_vq_v",66679.7,-32.6644
"cg_vq_v",66679.7,-32.6371
"cg_vq_v",66679.7,-32.6827
"cg_vq_v",66679.7,-32.6776
"cg_vq_v",66679.7,-32.6721
"cg_vq_v",66679.7,-32.7585
"cg_vq_v",66679.7,-32.7394
"cg_vq_v",66679.7,-32.7575
"cg_vq_v",66679.8,-32.7953
"cg_vq_v",66679.8,-32.7636
"cg_vq_v",66679.8,-32.8002
"cg_vq_v",66679.8,-32.8173
"cg_vq_v",66679.8,-32.8453
"cg_vq_v",66679.8,-32.8332
"cg_vq_v",66679.8,-32.8453
"cg_vq_v",66679.8,-32.8453
"cg_vq_v",66679.8,-32.8453
"cg_vq_v",66679.8,-32.8453
"cg_vq_v",66679.9,-32.8453
"cg_vq_v",66679.9,-32.8453
"cg_vq_v",66679.9,-32.8453
"cg_vq_v",66679.9,-32.8453
"cg_vq_v",66679.9,-32.8453
"cg_vq_v",66679.9,-32.8453
"cg_vq_v",66679.9,-32.8453
"cg_vq_v",66679.9,-32.8453
"cg_vq_v",66679.9,-32.8453
"cg_vq_v",66679.9,-32.8453
"cg_vq_v",66680,-32.8453
"cg_vq_v",66680,-32.8453
"cg_vq_v",66680,-32.8453
"cg_vq_v",66680,-32.8453
"cg_vq_v",66680,-32.8453
"cg_vq_v",66680,-32.8453
"cg_vq_v",66680,-32.8453
"cg_vq_v",66680,-32.8453
"cg_vq_v",66680,-32.8453
"cg_vq_v",66680,-32.8453
"cg_vq_v",66680.1,-32.8453
"cg_vq_v",66680.1,-32.8453
"cg_vq_v",66680.1,-32.8453
"cg_vq_v",66680.1,-32.8453
"cg_vq_v",66680.1,-32.8453
"cg_vq_v",66680.1,-32.8453
"cg_vq_v",66680.1,-32.8453
"cg_vq_v",66680.1,-32.8453
"cg_vq_v",66680.1,-32.8453
"cg_vq_v",66680.1,-32.8453
"cg_vq_v",66680.2,-32.8453
"cg_vq_v",66680.2,-32.8453
"cg_vq_v",66680.2,-32.8453
"cg_vq_v",66680.2,-32.8453
"cg_vq_v",66680.2,-32.8453
"cg_vq_v",66680.2,-32.8453
"cg_vq_v",66680.2,-32.8453
"cg_vq_v",66680.2,-32.8453
"cg_vq_v",66680.2,-32.8453
"cg_vq_v",66680.2,-32.8453
"cg_vq_v",66680.3,-32.8453
"cg_vq_v",66680.3,-32.8453
"cg_vq_v",66680.3,-32.8453
"cg_vq_v",66680.3,-32.8453
"cg_vq_v",66680.3,-32.8453
"cg_vq_v",66680.3,-32.8453
"cg_vq_v",66680.3,-32.8453
"cg_vq_v",66680.3,-32.8453
"cg_vq_v",66680.3,-32.8453
"cg_vq_v",66680.3,-32.8453
"cg_vq_v",66680.4,-32.8453
"cg_vq_v",66680.4,-32.8453
"cg_vq_v",66680.4,-32.8453
"cg_vq_v",66680.4,-32.8453
"cg_vq_v",66680.4,-32.8453
"cg_vq_v",66680.4,-32.8453
"cg_vq_v",66680.4,-32.8453
"cg_vq_v",66680.4,-32.8453
"cg_vq_v",66680.4,-32.8453
"cg_vq_v",66680.4,-32.8453
"cg_vq_v",66680.5,-32.8377
"cg_vq_v",66680.5,-32.8453
"cg_vq_v",66680.5,-32.8453
"cg_vq_v",66680.5,-32.8453
"cg_vq_v",66680.5,-32.8453
"cg_vq_v",66680.5,-32.8453
"cg_vq_v",66680.5,-32.8453
"cg_vq_v",66680.5,-32.8453
"cg_vq_v",66680.5,-32.8453
"cg_vq_v",66680.5,-32.8453
"cg_vq_v",66680.6,-32.8453
"cg_vq_v",66680.6,-32.8453
"cg_vq_v",66680.6,-32.8453
"cg_vq_v",66680.6,-32.8453
"cg_vq_v",66680.6,-32.8453
"cg_vq_v",66680.6,-32.8453
"cg_vq_v",66680.6,-32.8453
"cg_vq_v",66680.6,-32.8453
"cg_vq_v",66680.6,-32.8387
"cg_vq_v",66680.6,-32.8453
"cg_vq_v",66680.6,-32.8453
"cg_vq_v",66680.7,-32.8453
"cg_vq_v",66680.7,-32.8453
"cg_vq_v",66680.7,-32.8453
"cg_vq_v",66680.7,-32.8453
"cg_vq_v",66680.7,-32.8453
"cg_vq_v",66680.7,-32.8453
"cg_vq_v",66680.7,-32.8453
"cg_vq_v",66680.7,-32.8453
"cg_vq_v",66680.7,-32.8453
"cg_vq_v",66680.7,-32.8453
"cg_vq_v",66680.8,-32.8453
"cg_vq_v",66680.8,-32.8453
"cg_vq_v",66680.8,-32.8453
"cg_vq_v",66680.8,-32.8453
"cg_vq_v",66680.8,-32.8453
"cg_vq_v",66680.8,-32.8453
"cg_vq_v",66680.8,-32.8453
"cg_vq_v",66680.8,-32.8453
"cg_vq_v",66680.8,-32.8453
"cg_vq_v",66680.8,-32.8453
"cg_vq_v",66680.9,-32.8453
"cg_vq_v",66680.9,-32.8453
"cg_vq_v",66680.9,-32.8453
"cg_vq_v",66680.9,-32.8453
"cg_vq_v",66680.9,-32.8453
"cg_vq_v",66680.9,-32.8453
"cg_vq_v",66680.9,-32.8453
"cg_vq_v",66680.9,-32.8453
"cg_vq_v",66680.9,-32.8453
"cg_vq_v",66680.9,-32.8453
"cg_vq_v",66681,-32.8453
"cg_vq_v",66681,-32.8453
"cg_vq_v",66681,-32.8453
"cg_vq_v",66681,-32.8453
"cg_vq_v",66681,-32.8453
"cg_vq_v",66681,-32.8453
"cg_vq_v",66681,-32.8453
"cg_vq_v",66681,-32.8453
"cg_vq_v",66681,-32.8453
"cg_vq_v",66681,-32.8453
"cg_vq_v",66681.1,-32.8453
"cg_vq_v",66681.1,-32.8453
"cg_vq_v",66681.1,-32.8453
"cg_vq_v",66681.1,-32.8453
"cg_vq_v",66681.1,-32.8453
"cg_vq_v",66681.1,-32.8453
"cg_vq_v",66681.1,-32.8453
"cg_vq_v",66681.1,-32.8453
"cg_vq_v",66681.1,-32.8453
"cg_vq_v",66681.1,-32.8453
"cg_vq_v",66681.2,-32.8453
"cg_vq_v",66681.2,-32.8453
"cg_vq_v",66681.2,-32.8453
"cg_vq_v",66681.2,-32.8453
"cg_vq_v",66681.2,-32.8453
"cg_vq_v",66681.2,-32.8453
"cg_vq_v",66681.2,-32.8453
"cg_vq_v",66681.2,-32.8453
"cg_vq_v",66681.2,-32.8453
"cg_vq_v",66681.2,-32.8453
"cg_vq_v",66681.3,-32.8453
"cg_vq_v",66681.3,-32.8453
"cg_vq_v",66681.3,-32.8453
"cg_vq_v",66681.3,-32.8453
"cg_vq_v",66681.3,-32.8453
"cg_vq_v",66681.3,-32.8453
"cg_vq_v",66681.3,-32.8453
"cg_vq_v",66681.3,-32.8453
"cg_vq_v",66681.3,-32.8453
"cg_vq_v",66681.3,-32.8453
"cg_vq_v",66681.4,-32.8453
"cg_vq_v",66681.4,-32.8453
"cg_vq_v",66681.4,-32.8453
"cg_vq_v",66681.4,-32.8453
"cg_vq_v",66681.4,-32.8453
"cg_vq_v",66681.4,-32.8453
"cg_vq_v",66681.4,-32.8453
"cg_vq_v",66681.4,-32.8453
"cg_vq_v",66681.4,-32.8453
"cg_vq_v",66681.4,-32.8453
"cg_vq_v",66681.5,-32.8453
"cg_vq_v",66681.5,-32.8453
"cg_vq_v",66681.5,-32.8453
"cg_vq_v",66681.5,-32.8453
"cg_vq_v",66681.5,-32.8453
"cg_vq_v",66681.5,-32.8453
"cg_vq_v",66681.5,-32.8453
"cg_vq_v",66681.5,-32.8453
"cg_vq_v",66681.5,-32.8453
"cg_vq_v",66681.5,-32.8453
"cg_vq_v",66681.6,-32.8453
"cg_vq_v",66681.6,-32.8453
"cg_vq_v",66681.6,-32.8453
"cg_vq_v",66681.6,-32.8453
"cg_vq_v",66681.6,-32.8453
"cg_vq_v",66681.6,-32.8453
"cg_vq_v",66681.6,-32.8453
"cg_vq_v",66681.6,-32.8453
"cg_vq_v",66681.6,-32.8453
"cg_vq_v",66681.6,-32.8453
"cg_vq_v",66681.7,-32.8453
"cg_vq_v",66681.7,-32.8453
"cg_vq_v",66681.7,-32.8453
"cg_vq_v",66681.7,-32.8453
"cg_vq_v",66681.7,-32.8453
"cg_vq_v",66681.7,-32.8453
"cg_vq_v",66681.7,-32.8453
"cg_vq_v",66681.7,-32.8453
"cg_vq_v",66681.7,-32.8453
"cg_vq_v",66681.7,-32.8453
"cg_vq_v",66681.8,-32.8453
"cg_vq_v",66681.8,-32.8453
"cg_vq_v",66681.8,-32.8453
"cg_vq_v",66681.8,-32.8453
"cg_vq_v",66681.8,-32.8453
"cg_vq_v",66681.8,-32.8453
"cg_vq_v",66681.8,-32.8453
"cg_vq_v",66681.8,-32.8453
"cg_vq_v",66681.8,-32.8453
"cg_vq_v",66681.8,-32.8453
"cg_vq_v",66681.9,-32.8453
"cg_vq_v",66681.9,-32.8453
"cg_vq_v",66681.9,-32.8453
"cg_vq_v",66681.9,-32.8453
"cg_vq_v",66681.9,-32.8453
"cg_vq_v",66681.9,-32.8453
"cg_vq_v",66681.9,-32.8453
"cg_vq_v",66681.9,-32.8453
"cg_vq_v",66681.9,-32.8453
"cg_vq_v",66681.9,-32.8453
"cg_vq_v",66682,-32.8453
"cg_vq_v",66682,-32.8453
"cg_vq_v",66682,-32.8453
"cg_vq_v",66682,-32.8453
"cg_vq_v",66682,-32.8453
"cg_vq_v",66682,-32.8453
"cg_vq_v",66682,-32.8453
"cg_vq_v",66682,-32.8453
"cg_vq_v",66682,-32.8453
"cg_vq_v",66682,-32.8453
"cg_vq_v",66682.1,-32.8453
"cg_vq_v",66682.1,-32.8453
"cg_vq_v",66682.1,-32.8453
"cg_vq_v",66682.1,-32.8453
"cg_vq_v",66682.1,-32.8453
"cg_vq_v",66682.1,-32.8453
"cg_vq_v",66682.1,-32.8453
"cg_vq_v",66682.1,-32.8453
"cg_vq_v",66682.1,-32.8453
"vdc_v",66652.2,49.268
"vdc_v",66652.2,49.268
"vdc_v",66652.2,49.268
"vdc_v",66652.2,49.268
"vdc_v",66652.2,49.268
"vdc_v",66652.2,49.268
"vdc_v",66652.3,49.268
"vdc_v",66652.3,49.268
"vdc_v",66652.3,49.268
"vdc_v",66652.3,49.268
"vdc_v",66652.3,49.268
"vdc_v",66652.3,49.268
"vdc_v",66652.3,49.268
"vdc_v",66652.3,49.268
"vdc_v",66652.3,49.268
"vdc_v",66652.3,49.268
"vdc_v",66652.4,49.268
"vdc_v",66652.4,49.268
"vdc_v",66652.4,49.268
"vdc_v",66652.4,49.268
"vdc_v",66652.4,49.268
"vdc_v",66652.4,49.268
"vdc_v",66652.4,49.268
"vdc_v",66652.4,49.268
"vdc_v",66652.4,49.268
"vdc_v",66652.4,49.268
"vdc_v",66652.5,49.268
"vdc_v",66652.5,49.268
"vdc_v",66652.5,49.268
"vdc_v",66652.5,49.268
"vdc_v",66652.5,49.268
"vdc_v",66652.5,49.268
"vdc_v",66652.5,49.268
"vdc_v",66652.5,49.268
"vdc_v",66652.5,49.268
"vdc_v",66652.5,49.268
"vdc_v",66652.6,49.268
"vdc_v",66652.6,49.268
"vdc_v",66652.6,49.268
"vdc_v",66652.6,49.268
"vdc_v",66652.6,49.268
"vdc_v",66652.6,49.268
"vdc_v",66652.6,49.268
"vdc_v",66652.6,49.268
"vdc_v",66652.6,49.268
"vdc_v",66652.6,49.268
"vdc_v",66652.7,49.268
"vdc_v",66652.7,49.268
"vdc_v",66652.7,49.268
"vdc_v",66652.7,49.268
"vdc_v",66652.7,49.268
"vdc_v",66652.7,49.268
"vdc_v",66652.7,49.268
"vdc_v",66652.7,49.268
"vdc_v",66652.7,49.268
"vdc_v",66652.7,49.268
"vdc_v",66652.8,49.268
"vdc_v",66652.8,49.268
"vdc_v",66652.8,49.268
"vdc_v",66652.8,49.268
"vdc_v",66652.8,49.268
"vdc_v",66652.8,49.268
"vdc_v",66652.8,49.268
"vdc_v",66652.8,49.268
"vdc_v",66652.8,49.268
"vdc_v",66652.8,49.268
"vdc_v",66652.9,48.8281
"vdc_v",66652.9,49.268
"vdc_v",66652.9,49.268
"vdc_v",66652.9,49.268
"vdc_v",66652.9,49.268
"vdc_v",66652.9,49.268
"vdc_v",66652.9,49.268
"vdc_v",66652.9,49.268
"vdc_v",66652.9,49.268
"vdc_v",66652.9,49.268
"vdc_v",66653,49.268
"vdc_v",66653,49.268
"vdc_v",66653,49.268
"vdc_v",66653,49.268
"vdc_v",66653,49.268
"vdc_v",66653,49.268
"vdc_v",66653,49.268
"vdc_v",66653,49.268
"vdc_v",66653,49.268
"vdc_v",66653,49.268
"vdc_v",66653.1,49.268
"vdc_v",66653.1,49.268
"vdc_v",66653.1,49.268
"vdc_v",66653.1,49.268
"vdc_v",66653.1,49.268
"vdc_v",66653.1,49.268
"vdc_v",66653.1,49.268
"vdc_v",66653.1,49.7079
"vdc_v",66653.1,49.7079
"vdc_v",66653.1,49.268
"vdc_v",66653.2,49.268
"vdc_v",66653.2,49.268
"vdc_v",66653.2,49.268
"vdc_v",66653.2,49.7079
"vdc_v",66653.2,49.268
"vdc_v",66653.2,49.268
"vdc_v",66653.2,49.268
"vdc_v",66653.2,49.268
"vdc_v",66653.2,49.268
"vdc_v",66653.2,49.268
"vdc_v",66653.3,49.268
"vdc_v",66653.3,49.268
"vdc_v",66653.3,49.268
"vdc_v",66653.3,49.268
"vdc_v",66653.3,49.268
"vdc_v",66653.3,49.268
"vdc_v",66653.3,49.268
"vdc_v",66653.3,49.268
"vdc_v",66653.3,49.268
"vdc_v",66653.3,49.268
"vdc_v",66653.4,49.268
"vdc_v",66653.4,49.268
"vdc_v",66653.4,49.268
"vdc_v",66653.4,49.268
"vdc_v",66653.4,49.268
"vdc_v",66653.4,49.268
"vdc_v",66653.4,49.268
"vdc_v",66653.4,49.268
"vdc_v",66653.4,49.268
"vdc_v",66653.4,49.268
"vdc_v",66653.5,49.268
"vdc_v",66653.5,49.268
"vdc_v",66653.5,49.268
"vdc_v",66653.5,49.268
"vdc_v",66653.5,49.268
"vdc_v",66653.5,49.268
"vdc_v",66653.5,49.268
"vdc_v",66653.5,49.268
"vdc_v",66653.5,49.268
"vdc_v",66653.5,49.268
"vdc_v",66653.6,49.268
"vdc_v",66653.6,49.268
"vdc_v",66653.6,49.268
"vdc_v",66653.6,49.268
"vdc_v",66653.6,49.268
"vdc_v",66653.6,49.268
"vdc_v",66653.6,49.268
"vdc_v",66653.6,49.268
"vdc_v",66653.6,49.268
"vdc_v",66653.6,49.268
"vdc_v",66653.7,49.268
"vdc_v",66653.7,49.268
"vdc_v",66653.7,49.268
"vdc_v",66653.7,49.268
"vdc_v",66653.7,49.268
"vdc_v",66653.7,49.268
"vdc_v",66653.7,49.268
"vdc_v",66653.7,49.268
"vdc_v",66653.7,49.268
"vdc_v",66653.8,49.268
"vdc_v",66653.8,49.268
"vdc_v",66653.8,49.268
"vdc_v",66653.8,49.268
"vdc_v",66653.8,49.268
"vdc_v",66653.8,49.268
"vdc_v",66653.8,49.268
"vdc_v",66653.8,49.268
"vdc_v",66653.8,49.268
"vdc_v",66653.8,49.268
"vdc_v",66653.9,49.268
"vdc_v",66653.9,49.268
"vdc_v",66653.9,49.268
"vdc_v",66653.9,49.268
"vdc_v",66653.9,49.268
"vdc_v",66653.9,49.268
"vdc_v",66653.9,49.268
"vdc_v",66653.9,49.268
"vdc_v",66653.9,49.268
"vdc_v",66653.9,49.268
"vdc_v",66653.9,49.268
"vdc_v",66654,49.268
"vdc_v",66654,49.268
"vdc_v",66654,49.268
"vdc_v",66654,49.268
"vdc_v",66654,49.268
"vdc_v",66654,49.268
"vdc_v",66654,49.268
"vdc_v",66654,49.268
"vdc_v",66654,49.268
"vdc_v",66654,49.268
"vdc_v",66654.1,49.268
"vdc_v",66654.1,49.268
"vdc_v",66654.1,49.268
"vdc_v",66654.1,49.268
"vdc_v",66654.1,49.268
"vdc_v",66654.1,49.268
"vdc_v",66654.1,49.268
"vdc_v",66654.1,49.268
"vdc_v",66654.1,49.268
"vdc_v",66654.1,49.268
"vdc_v",66654.2,49.268
"vdc_v",66654.2,49.268
"vdc_v",66654.2,49.268
"vdc_v",66654.2,49.268
"vdc_v",66654.2,49.268
"vdc_v",66654.2,49.268
"vdc_v",66654.2,49.268
"vdc_v",66654.2,49.268
"vdc_v",66654.2,49.268
"vdc_v",66654.2,49.268
"vdc_v",66654.3,49.268
"vdc_v",66654.3,49.268
"vdc_v",66654.3,49.268
"vdc_v",66654.3,49.268
"vdc_v",66654.3,49.268
"vdc_v",66654.3,49.268
"vdc_v",66654.3,49.268
"vdc_v",66654.3,49.268
"vdc_v",66654.3,49.268
"vdc_v",66654.4,49.268
"vdc_v",66654.4,49.268
"vdc_v",66654.4,49.268
"vdc_v",66654.4,49.268
"vdc_v",66654.4,49.268
"vdc_v",66654.4,49.268
"vdc_v",66654.4,49.268
"vdc_v",66654.4,49.268
"vdc_v",66654.4,49.268
"vdc_v",66654.4,49.268
"vdc_v",66654.4,49.268
"vdc_v",66654.5,49.268
"vdc_v",66654.5,49.268
"vdc_v",66654.5,49.268
"vdc_v",66654.5,49.268
"vdc_v",66654.5,49.268
"vdc_v",66654.5,49.268
"vdc_v",66654.5,49.268
"vdc_v",66654.5,49.268
"vdc_v",66654.5,49.268
"vdc_v",66654.5,49.268
"vdc_v",66654.6,49.268
"vdc_v",66654.6,49.268
"vdc_v",66654.6,49.268
"vdc_v",66654.6,49.268
"vdc_v",66654.6,49.268
"vdc_v",66654.6,49.268
"vdc_v",66654.6,49.268
"vdc_v",66654.6,49.268
"vdc_v",66654.6,49.268
"vdc_v",66654.7,49.268
"vdc_v",66654.7,49.268
"vdc_v",66654.7,49.268
"vdc_v",66654.7,49.268
"vdc_v",66654.7,49.268
"vdc_v",66654.7,49.268
"vdc_v",66654.8,49.268
"vdc_v",66654.8,49.268
"vdc_v",66654.8,49.268
"vdc_v",66654.8,49.268
"vdc_v",66654.8,49.268
"vdc_v",66654.8,49.268
"vdc_v",66654.8,49.268
"vdc_v",66654.8,49.268
"vdc_v",66654.9,49.268
"vdc_v",66654.9,49.268
"vdc_v",66654.9,49.268
"vdc_v",66654.9,49.268
"vdc_v",66654.9,49.268
"vdc_v",66654.9,49.268
"vdc_v",66655,49.268
"vdc_v",66655,49.268
"vdc_v",66655,49.268
"vdc_v",66655,49.268
"vdc_v",66655,49.268
"vdc_v",66655,49.268
"vdc_v",66655.1,49.268
"vdc_v",66655.1,49.268
"vdc_v",66655.1,49.268
"vdc_v",66655.1,49.268
"vdc_v",66655.1,49.268
"vdc_v",66655.1,49.268
"vdc_v",66655.1,49.268
"vdc_v",66655.1,49.268
"vdc_v",66655.1,49.268
"vdc_v",66655.1,49.268
"vdc_v",66655.2,49.268
"vdc_v",66655.2,49.268
"vdc_v",66655.2,49.268
"vdc_v",66655.2,49.268
"vdc_v",66655.2,49.268
"vdc_v",66655.2,49.268
"vdc_v",66655.2,49.268
"vdc_v",66655.2,49.268
"vdc_v",66655.2,49.268
"vdc_v",66655.2,49.268
"vdc_v",66655.2,49.268
"vdc_v",66655.2,49.268
"vdc_v",66655.3,49.268
"vdc_v",66655.3,49.268
"vdc_v",66655.3,49.268
"vdc_v",66655.3,49.268
"vdc_v",66655.3,49.268
"vdc_v",66655.3,49.268
"vdc_v",66655.3,49.268
"vdc_v",66655.3,49.268
"vdc_v",66655.3,49.268
"vdc_v",66655.3,49.268
"vdc_v",66655.4,49.268
"vdc_v",66655.4,49.268
"vdc_v",66655.4,49.268
"vdc_v",66655.4,49.268
"vdc_v",66655.4,49.268
"vdc_v",66655.4,49.268
"vdc_v",66655.4,49.268
"vdc_v",66655.4,49.268
"vdc_v",66655.4,49.268
"vdc_v",66655.4,49.268
"vdc_v",66655.4,49.268
"vdc_v",66655.5,49.268
"vdc_v",66655.5,49.268
"vdc_v",66655.5,49.268
"vdc_v",66655.5,49.268
"vdc_v",66655.5,49.268
"vdc_v",66655.5,49.268
"vdc_v",66655.5,49.268
"vdc_v",66655.5,49.268
"vdc_v",66655.5,49.268
"vdc_v",66655.5,49.268
"vdc_v",66655.6,49.268
"vdc_v",66655.6,49.268
"vdc_v",66655.6,49.268
"vdc_v",66655.6,49.268
"vdc_v",66655.6,49.268
"vdc_v",66655.6,49.268
"vdc_v",66655.6,49.268
"vdc_v",66655.6,49.268
"vdc_v",66655.6,49.268
"vdc_v",66655.6,49.268
"vdc_v",66655.6,49.268
"vdc_v",66655.6,49.268
"vdc_v",66655.7,49.268
"vdc_v",66655.7,49.268
"vdc_v",66655.7,49.268
"vdc_v",66655.7,49.268
"vdc_v",66655.7,49.268
"vdc_v",66655.7,49.268
"vdc_v",66655.7,49.268
"vdc_v",66655.7,49.268
"vdc_v",66655.7,49.268
"vdc_v",66655.7,49.268
"vdc_v",66655.8,49.268
"vdc_v",66655.8,49.268
"vdc_v",66655.8,49.268
"vdc_v",66655.8,49.268
"vdc_v",66655.8,49.268
"vdc_v",66655.8,49.268
"vdc_v",66655.8,49.268
"vdc_v",66655.8,49.268
"vdc_v",66655.8,49.268
"vdc_v",66655.8,49.268
"vdc_v",66655.8,49.268
"vdc_v",66655.8,49.268
"vdc_v",66655.9,49.268
"vdc_v",66655.9,49.268
"vdc_v",66655.9,49.268
"vdc_v",66655.9,49.268
"vdc_v",66655.9,49.268
"vdc_v",66655.9,49.268
"vdc_v",66655.9,49.268
"vdc_v",66655.9,49.268
"vdc_v",66655.9,49.268
"vdc_v",66655.9,49.268
"vdc_v",66656,49.268
"vdc_v",66656,49.268
"vdc_v",66656,49.268
"vdc_v",66656,49.268
"vdc_v",66656,49.268
"vdc_v",66656,49.268
"vdc_v",66656,49.268
"vdc_v",66656,49.268
"vdc_v",66656,49.268
"vdc_v",66656,49.268
"vdc_v",66656.1,49.268
"vdc_v",66656.1,49.268
"vdc_v",66656.1,49.268
"vdc_v",66656.1,49.268
"vdc_v",66656.1,49.268
"vdc_v",66656.1,49.268
"vdc_v",66656.1,49.268
"vdc_v",66656.1,49.268
"vdc_v",66656.1,49.268
"vdc_v",66656.1,49.268
"vdc_v",66656.1,49.268
"vdc_v",66656.2,49.268
"vdc_v",66656.2,49.268
"vdc_v",66656.2,49.268
"vdc_v",66656.2,49.268
"vdc_v",66656.2,49.268
"vdc_v",66656.2,49.268
"vdc_v",66656.2,49.268
"vdc_v",66656.2,49.268
"vdc_v",66656.2,49.268
"vdc_v",66656.2,49.268
"vdc_v",66656.3,49.268
"vdc_v",66656.3,49.268
"vdc_v",66656.3,49.268
"vdc_v",66656.3,49.268
"vdc_v",66656.3,49.268
"vdc_v",66656.3,49.268
"vdc_v",66656.3,49.268
"vdc_v",66656.3,49.268
"vdc_v",66656.3,49.268
"vdc_v",66656.4,49.268
"vdc_v",66656.4,49.268
"vdc_v",66656.4,49.268
"vdc_v",66656.4,49.268
"vdc_v",66656.4,49.268
"vdc_v",66656.4,49.268
"vdc_v",66656.4,49.268
"vdc_v",66656.4,49.268
"vdc_v",66656.4,49.268
"vdc_v",66656.5,49.268
"vdc_v",66656.5,49.268
"vdc_v",66656.5,49.268
"vdc_v",66656.5,49.268
"vdc_v",66656.5,49.268
"vdc_v",66656.5,49.268
"vdc_v",66656.5,49.268
"vdc_v",66656.5,49.268
"vdc_v",66656.5,49.268
"vdc_v",66656.5,49.268
"vdc_v",66656.5,49.268
"vdc_v",66656.6,49.268
"vdc_v",66656.6,49.268
"vdc_v",66656.6,49.268
"vdc_v",66656.6,49.268
"vdc_v",66656.6,49.268
"vdc_v",66656.6,49.268
"vdc_v",66656.6,49.268
"vdc_v",66656.6,49.268
"vdc_v",66656.6,49.268
"vdc_v",66656.6,49.268
"vdc_v",66656.7,49.268
"vdc_v",66656.7,49.268
"vdc_v",66656.7,49.268
"vdc_v",66656.7,49.268
"vdc_v",66656.7,49.268
"vdc_v",66656.7,49.268
"vdc_v",66656.7,49.268
"vdc_v",66656.7,49.268
"vdc_v",66656.7,49.268
"vdc_v",66656.8,49.268
"vdc_v",66656.8,49.268
"vdc_v",66656.8,49.268
"vdc_v",66656.8,49.268
"vdc_v",66656.8,49.268
"vdc_v",66656.8,49.268
"vdc_v",66656.8,49.268
"vdc_v",66656.8,49.268
"vdc_v",66656.8,49.268
"vdc_v",66656.8,49.268
"vdc_v",66656.9,49.268
"vdc_v",66656.9,49.268
"vdc_v",66656.9,49.268
"vdc_v",66656.9,49.268
"vdc_v",66656.9,49.268
"vdc_v",66656.9,49.268
"vdc_v",66656.9,49.268
"vdc_v",66656.9,49.268
"vdc_v",66656.9,49.268
"vdc_v",66656.9,49.268
"vdc_v",66656.9,49.268
"vdc_v",66657,49.268
"vdc_v",66657,49.268
"vdc_v",66657,49.268
"vdc_v",66657,49.268
"vdc_v",66657,49.268
"vdc_v",66657,49.268
"vdc_v",66657,49.268
"vdc_v",66657,49.268
"vdc_v",66657,49.268
"vdc_v",66657,49.268
"vdc_v",66657.1,49.268
"vdc_v",66657.1,49.268
"vdc_v",66657.1,49.268
"vdc_v",66657.1,49.268
"vdc_v",66657.1,49.268
"vdc_v",66657.1,49.268
"vdc_v",66657.1,49.268
"vdc_v",66657.1,49.268
"vdc_v",66657.1,49.268
"vdc_v",66657.1,49.268
"vdc_v",66657.2,49.268
"vdc_v",66657.2,49.268
"vdc_v",66657.2,49.268
"vdc_v",66657.2,49.268
"vdc_v",66657.2,49.268
"vdc_v",66657.2,49.268
"vdc_v",66657.2,49.268
"vdc_v",66657.2,49.268
"vdc_v",66657.2,49.268
"vdc_v",66657.2,49.268
"vdc_v",66657.3,49.268
"vdc_v",66657.3,49.268
"vdc_v",66657.3,49.268
"vdc_v",66657.3,49.268
"vdc_v",66657.3,49.268
"vdc_v",66657.3,49.268
"vdc_v",66657.3,49.268
"vdc_v",66657.3,49.268
"vdc_v",66657.3,49.268
"vdc_v",66657.3,49.268
"vdc_v",66657.4,49.268
"vdc_v",66657.4,49.268
"vdc_v",66657.4,49.268
"vdc_v",66657.4,49.268
"vdc_v",66657.4,49.268
"vdc_v",66657.4,49.268
"vdc_v",66657.4,49.268
"vdc_v",66657.4,49.268
"vdc_v",66657.4,49.268
"vdc_v",66657.5,49.268
"vdc_v",66657.5,49.268
"vdc_v",66657.5,49.268
"vdc_v",66657.5,49.268
"vdc_v",66657.5,49.268
"vdc_v",66657.5,49.268
"vdc_v",66657.5,49.268
"vdc_v",66657.5,49.268
"vdc_v",66657.5,49.268
"vdc_v",66657.5,49.268
"vdc_v",66657.5,49.268
"vdc_v",66657.6,49.268
"vdc_v",66657.6,49.268
"vdc_v",66657.6,49.268
"vdc_v",66657.6,49.268
"vdc_v",66657.6,49.268
"vdc_v",66657.6,49.268
"vdc_v",66657.6,49.268
"vdc_v",66657.6,49.268
"vdc_v",66657.6,49.268
"vdc_v",66657.6,49.268
"vdc_v",66657.7,49.268
"vdc_v",66657.7,49.268
"vdc_v",66657.7,49.268
"vdc_v",66657.7,49.268
"vdc_v",66657.7,49.268
"vdc_v",66657.7,49.268
"vdc_v",66657.7,49.268
"vdc_v",66657.7,49.268
"vdc_v",66657.7,49.268
"vdc_v",66657.8,49.268
"vdc_v",66657.8,49.268
"vdc_v",66657.8,49.268
"vdc_v",66657.8,49.268
"vdc_v",66657.8,49.268
"vdc_v",66657.8,49.268
"vdc_v",66657.8,49.268
"vdc_v",66657.8,49.268
"vdc_v",66657.8,49.268
"vdc_v",66657.8,49.268
"vdc_v",66657.9,49.268
"vdc_v",66657.9,49.268
"vdc_v",66657.9,49.268
"vdc_v",66657.9,49.268
"vdc_v",66657.9,49.268
"vdc_v",66657.9,49.268
"vdc_v",66657.9,49.268
"vdc_v",66657.9,49.268
"vdc_v",66657.9,49.268
"vdc_v",66657.9,49.268
"vdc_v",66658,49.268
"vdc_v",66658,49.268
"vdc_v",66658,49.268
"vdc_v",66658,49.268
"vdc_v",66658,49.268
"vdc_v",66658,49.268
"vdc_v",66658,49.268
"vdc_v",66658,49.268
"vdc_v",66658,49.268
"vdc_v",66658,49.268
"vdc_v",66658.1,49.268
"vdc_v",66658.1,49.268
"vdc_v",66658.1,49.268
"vdc_v",66658.1,49.268
"vdc_v",66658.1,49.268
"vdc_v",66658.1,49.268
"vdc_v",66658.1,49.268
"vdc_v",66658.1,49.268
"vdc_v",66658.1,49.268
"vdc_v",66658.1,49.268
"vdc_v",66658.2,49.268
"vdc_v",66658.2,49.268
"vdc_v",66658.2,49.268
"vdc_v",66658.2,49.268
"vdc_v",66658.2,49.268
"vdc_v",66658.2,49.268
"vdc_v",66658.2,49.268
"vdc_v",66658.2,49.268
"vdc_v",66658.2,49.268
"vdc_v",66658.2,49.268
"vdc_v",66658.2,49.268
"vdc_v",66658.3,49.268
"vdc_v",66658.3,49.268
"vdc_v",66658.3,49.268
"vdc_v",66658.3,49.268
"vdc_v",66658.3,49.268
"vdc_v",66658.3,49.268
"vdc_v",66658.3,49.268
"vdc_v",66658.3,49.268
"vdc_v",66658.3,49.268
"vdc_v",66658.4,49.268
"vdc_v",66658.4,49.268
"vdc_v",66658.4,49.268
"vdc_v",66658.4,49.268
"vdc_v",66658.4,49.268
"vdc_v",66658.4,49.268
"vdc_v",66658.4,49.268
"vdc_v",66658.4,49.268
"vdc_v",66658.4,49.268
"vdc_v",66658.4,49.268
"vdc_v",66658.5,49.268
"vdc_v",66658.5,49.268
"vdc_v",66658.5,49.268
"vdc_v",66658.5,49.268
"vdc_v",66658.5,49.268
"vdc_v",66658.5,49.268
"vdc_v",66658.5,49.268
"vdc_v",66658.5,49.268
"vdc_v",66658.5,49.268
"vdc_v",66658.5,49.268
"vdc_v",66658.6,49.268
"vdc_v",66658.6,49.268
"vdc_v",66658.6,49.268
"vdc_v",66658.6,49.268
"vdc_v",66658.6,49.268
"vdc_v",66658.6,49.268
"vdc_v",66658.6,49.268
"vdc_v",66658.6,49.268
"vdc_v",66658.6,49.268
"vdc_v",66658.6,49.268
"vdc_v",66658.7,49.268
"vdc_v",66658.7,49.268
"vdc_v",66658.7,49.268
"vdc_v",66658.7,49.268
"vdc_v",66658.7,49.268
"vdc_v",66658.7,49.268
"vdc_v",66658.7,49.268
"vdc_v",66658.7,49.268
"vdc_v",66658.7,49.268
"vdc_v",66658.7,49.268
"vdc_v",66658.8,49.268
"vdc_v",66658.8,49.268
"vdc_v",66658.8,49.268
"vdc_v",66658.8,49.268
"vdc_v",66658.8,49.268
"vdc_v",66658.8,49.268
"vdc_v",66658.8,49.268
"vdc_v",66658.8,49.268
"vdc_v",66658.8,49.268
"vdc_v",66658.8,49.268
"vdc_v",66658.9,49.268
"vdc_v",66658.9,49.268
"vdc_v",66658.9,49.268
"vdc_v",66658.9,49.268
"vdc_v",66658.9,49.268
"vdc_v",66658.9,49.268
"vdc_v",66658.9,49.268
"vdc_v",66658.9,49.268
"vdc_v",66658.9,49.268
"vdc_v",66658.9,49.268
"vdc_v",66659,49.268
"vdc_v",66659,49.268
"vdc_v",66659,49.268
"vdc_v",66659,49.268
"vdc_v",66659,49.268
"vdc_v",66659,49.268
"vdc_v",66659,49.268
"vdc_v",66659,49.268
"vdc_v",66659,49.268
"vdc_v",66659,49.268
"vdc_v",66659.1,49.268
"vdc_v",66659.1,49.268
"vdc_v",66659.1,49.268
"vdc_v",66659.1,49.268
"vdc_v",66659.1,49.268
"vdc_v",66659.1,49.268
"vdc_v",66659.1,49.268
"vdc_v",66659.1,49.268
"vdc_v",66659.1,49.268
"vdc_v",66659.1,49.268
"vdc_v",66659.2,49.268
"vdc_v",66659.2,49.268
"vdc_v",66659.2,49.268
"vdc_v",66659.2,49.268
"vdc_v",66659.2,49.268
"vdc_v",66659.2,49.268
"vdc_v",66659.2,49.268
"vdc_v",66659.2,49.268
"vdc_v",66659.2,49.268
"vdc_v",66659.2,49.268
"vdc_v",66659.2,49.268
"vdc_v",66659.3,49.268
"vdc_v",66659.3,49.268
"vdc_v",66659.3,49.268
"vdc_v",66659.3,49.268
"vdc_v",66659.3,49.268
"vdc_v",66659.3,49.268
"vdc_v",66659.3,49.268
"vdc_v",66659.3,49.268
"vdc_v",66659.3,49.268
"vdc_v",66659.4,49.268
"vdc_v",66659.4,49.268
"vdc_v",66659.4,49.268
"vdc_v",66659.4,49.268
"vdc_v",66659.4,49.268
"vdc_v",66659.4,49.268
"vdc_v",66659.4,49.268
"vdc_v",66659.4,49.268
"vdc_v",66659.4,49.268
"vdc_v",66659.4,49.268
"vdc_v",66659.4,49.268
"vdc_v",66659.5,49.268
"vdc_v",66659.5,49.268
"vdc_v",66659.5,49.268
"vdc_v",66659.5,49.268
"vdc_v",66659.5,49.268
"vdc_v",66659.5,49.268
"vdc_v",66659.5,49.268
"vdc_v",66659.5,49.268
"vdc_v",66659.5,49.268
"vdc_v",66659.5,49.268
"vdc_v",66659.6,49.268
"vdc_v",66659.6,49.268
"vdc_v",66659.6,49.268
"vdc_v",66659.6,49.268
"vdc_v",66659.6,49.268
"vdc_v",66659.6,49.268
"vdc_v",66659.6,49.268
"vdc_v",66659.6,49.268
"vdc_v",66659.6,49.268
"vdc_v",66659.6,49.268
"vdc_v",66659.7,49.268
"vdc_v",66659.7,49.268
"vdc_v",66659.7,49.268
"vdc_v",66659.7,49.268
"vdc_v",66659.7,49.268
"vdc_v",66659.7,49.268
"vdc_v",66659.7,49.268
"vdc_v",66659.7,49.268
"vdc_v",66659.7,49.268
"vdc_v",66659.7,49.268
"vdc_v",66659.8,49.268
"vdc_v",66659.8,49.268
"vdc_v",66659.8,49.268
"vdc_v",66659.8,49.268
"vdc_v",66659.8,49.268
"vdc_v",66659.8,49.268
"vdc_v",66659.8,49.268
"vdc_v",66659.8,49.268
"vdc_v",66659.8,49.268
"vdc_v",66659.8,49.268
"vdc_v",66659.9,49.268
"vdc_v",66659.9,49.268
"vdc_v",66659.9,49.268
"vdc_v",66659.9,49.268
"vdc_v",66659.9,49.268
"vdc_v",66659.9,49.268
"vdc_v",66659.9,49.268
"vdc_v",66659.9,49.268
"vdc_v",66659.9,49.268
"vdc_v",66659.9,49.268
"vdc_v",66660,49.268
"vdc_v",66660,49.268
"vdc_v",66660,49.268
"vdc_v",66660,49.268
"vdc_v",66660,49.268
"vdc_v",66660,49.268
"vdc_v",66660,49.268
"vdc_v",66660,49.268
"vdc_v",66660,49.268
"vdc_v",66660,49.268
"vdc_v",66660.1,49.268
"vdc_v",66660.1,49.268
"vdc_v",66660.1,49.268
"vdc_v",66660.1,49.268
"vdc_v",66660.1,49.268
"vdc_v",66660.1,49.268
"vdc_v",66660.1,49.268
"vdc_v",66660.1,49.268
"vdc_v",66660.1,49.268
"vdc_v",66660.1,49.268
"vdc_v",66660.2,49.268
"vdc_v",66660.2,49.268
"vdc_v",66660.2,49.268
"vdc_v",66660.2,49.268
"vdc_v",66660.2,49.268
"vdc_v",66660.2,49.268
"vdc_v",66660.2,49.268
"vdc_v",66660.2,49.268
"vdc_v",66660.2,49.268
"vdc_v",66660.2,49.268
"vdc_v",66660.3,49.268
"vdc_v",66660.3,49.268
"vdc_v",66660.3,49.268
"vdc_v",66660.3,49.268
"vdc_v",66660.3,49.268
"vdc_v",66660.3,49.268
"vdc_v",66660.3,49.268
"vdc_v",66660.3,49.268
"vdc_v",66660.3,49.268
"vdc_v",66660.3,49.268
"vdc_v",66660.4,49.268
"vdc_v",66660.4,49.268
"vdc_v",66660.4,49.268
"vdc_v",66660.4,49.268
"vdc_v",66660.4,49.268
"vdc_v",66660.4,49.268
"vdc_v",66660.4,49.268
"vdc_v",66660.4,49.268
"vdc_v",66660.4,49.268
"vdc_v",66660.4,49.268
"vdc_v",66660.4,49.268
"vdc_v",66660.5,49.268
"vdc_v",66660.5,49.268
"vdc_v",66660.5,49.268
"vdc_v",66660.5,49.268
"vdc_v",66660.5,49.268
"vdc_v",66660.5,49.268
"vdc_v",66660.5,49.268
"vdc_v",66660.5,49.268
"vdc_v",66660.5,49.268
"vdc_v",66660.5,49.268
"vdc_v",66660.6,49.268
"vdc_v",66660.6,49.268
"vdc_v",66660.6,49.268
"vdc_v",66660.6,49.268
"vdc_v",66660.6,49.268
"vdc_v",66660.6,49.268
"vdc_v",66660.6,49.268
"vdc_v",66660.6,49.268
"vdc_v",66660.6,49.268
"vdc_v",66660.6,49.268
"vdc_v",66660.7,49.268
"vdc_v",66660.7,49.268
"vdc_v",66660.7,49.268
"vdc_v",66660.7,49.268
"vdc_v",66660.7,49.268
"vdc_v",66660.7,49.268
"vdc_v",66660.7,49.268
"vdc_v",66660.7,49.268
"vdc_v",66660.7,49.268
"vdc_v",66660.7,49.268
"vdc_v",66660.8,49.268
"vdc_v",66660.8,49.268
"vdc_v",66660.8,49.268
"vdc_v",66660.8,49.268
"vdc_v",66660.8,49.268
"vdc_v",66660.8,49.268
"vdc_v",66660.8,49.268
"vdc_v",66660.8,49.268
"vdc_v",66660.8,49.268
"vdc_v",66660.8,49.268
"vdc_v",66660.9,49.268
"vdc_v",66660.9,49.268
"vdc_v",66660.9,49.268
"vdc_v",66660.9,49.268
"vdc_v",66660.9,49.268
"vdc_v",66660.9,49.268
"vdc_v",66660.9,49.268
"vdc_v",66660.9,49.268
"vdc_v",66660.9,49.268
"vdc_v",66660.9,49.268
"vdc_v",66661,49.268
"vdc_v",66661,49.268
"vdc_v",66661,49.268
"vdc_v",66661,49.268
"vdc_v",66661,49.268
"vdc_v",66661,49.268
"vdc_v",66661,49.268
"vdc_v",66661,49.268
"vdc_v",66661,49.268
"vdc_v",66661,49.268
"vdc_v",66661.1,49.268
"vdc_v",66661.1,49.268
"vdc_v",66661.1,49.268
"vdc_v",66661.1,49.268
"vdc_v",66661.1,49.268
"vdc_v",66661.1,49.268
"vdc_v",66661.1,49.268
"vdc_v",66661.1,49.268
"vdc_v",66661.1,49.268
"vdc_v",66661.1,49.268
"vdc_v",66661.2,49.268
"vdc_v",66661.2,49.268
"vdc_v",66661.2,49.268
"vdc_v",66661.2,49.268
"vdc_v",66661.2,49.268
"vdc_v",66661.2,49.268
"vdc_v",66661.2,49.268
"vdc_v",66661.2,49.268
"vdc_v",66661.2,49.268
"vdc_v",66661.2,49.268
"vdc_v",66661.3,49.268
"vdc_v",66661.3,49.268
"vdc_v",66661.3,49.268
"vdc_v",66661.3,49.268
"vdc_v",66661.3,49.268
"vdc_v",66661.3,49.268
"vdc_v",66661.3,49.268
"vdc_v",66661.3,49.268
"vdc_v",66661.3,49.268
"vdc_v",66661.3,49.268
"vdc_v",66661.4,49.268
"vdc_v",66661.4,49.268
"vdc_v",66661.4,49.268
"vdc_v",66661.4,49.268
"vdc_v",66661.4,49.268
"vdc_v",66661.4,49.268
"vdc_v",66661.4,49.268
"vdc_v",66661.4,49.268
"vdc_v",66661.4,49.268
"vdc_v",66661.4,49.268
"vdc_v",66661.5,49.268
"vdc_v",66661.5,49.268
"vdc_v",66661.5,49.268
"vdc_v",66661.5,49.268
"vdc_v",66661.5,49.268
"vdc_v",66661.5,49.268
"vdc_v",66661.5,49.268
"vdc_v",66661.5,49.268
"vdc_v",66661.5,49.268
"vdc_v",66661.5,49.268
"vdc_v",66661.6,49.268
"vdc_v",66661.6,49.268
"vdc_v",66661.6,49.268
"vdc_v",66661.6,49.268
"vdc_v",66661.6,49.268
"vdc_v",66661.6,49.268
"vdc_v",66661.6,49.268
"vdc_v",66661.6,49.268
"vdc_v",66661.6,49.268
"vdc_v",66661.6,49.268
"vdc_v",66661.7,49.268
"vdc_v",66661.7,49.268
"vdc_v",66661.7,49.268
"vdc_v",66661.7,49.268
"vdc_v",66661.7,49.268
"vdc_v",66661.7,49.268
"vdc_v",66661.7,49.268
"vdc_v",66661.7,49.268
"vdc_v",66661.7,49.268
"vdc_v",66661.8,49.268
"vdc_v",66661.8,49.268
"vdc_v",66661.8,49.268
"vdc_v",66661.8,49.268
"vdc_v",66661.8,49.268
"vdc_v",66661.8,49.268
"vdc_v",66661.8,49.268
"vdc_v",66661.8,49.268
"vdc_v",66661.8,49.268
"vdc_v",66661.8,49.268
"vdc_v",66661.8,49.268
"vdc_v",66661.9,49.268
"vdc_v",66661.9,49.268
"vdc_v",66661.9,49.268
"vdc_v",66661.9,49.268
"vdc_v",66661.9,49.268
"vdc_v",66661.9,49.268
"vdc_v",66661.9,49.268
"vdc_v",66661.9,49.268
"vdc_v",66661.9,49.268
"vdc_v",66661.9,49.268
"vdc_v",66662,49.268
"vdc_v",66662,49.268
"vdc_v",66662,49.268
"vdc_v",66662,49.268
"vdc_v",66662,49.268
"vdc_v",66662,49.268
"vdc_v",66662,49.268
"vdc_v",66662,49.268
"vdc_v",66662,49.268
"vdc_v",66662,49.268
"vdc_v",66662.1,49.268
"vdc_v",66662.1,49.268
"vdc_v",66662.1,49.268
"vdc_v",66662.1,49.268
"vdc_v",66662.1,49.268
"vdc_v",66662.1,49.268
"vdc_v",66662.1,49.268
"vdc_v",66662.1,49.268
"vdc_v",66662.1,49.268
"vdc_v",66662.1,49.268
"vdc_v",66662.2,49.268
"vdc_v",66662.2,49.268
"vdc_v",66662.2,49.268
"vdc_v",66662.2,49.268
"vdc_v",66662.2,49.268
"vdc_v",66662.2,49.268
"vdc_v",66662.2,49.268
"vdc_v",66662.2,49.268
"vdc_v",66662.2,49.268
"vdc_v",66662.2,49.268
"vdc_v",66662.3,49.268
"vdc_v",66662.3,49.268
"vdc_v",66662.3,49.268
"vdc_v",66662.3,49.268
"vdc_v",66662.3,49.268
"vdc_v",66662.3,49.268
"vdc_v",66662.3,49.268
"vdc_v",66662.3,49.268
"vdc_v",66662.3,49.268
"vdc_v",66662.3,49.268
"vdc_v",66662.4,49.268
"vdc_v",66662.4,49.268
"vdc_v",66662.4,49.268
"vdc_v",66662.4,49.268
"vdc_v",66662.4,49.268
"vdc_v",66662.4,49.268
"vdc_v",66662.4,49.268
"vdc_v",66662.4,49.268
"vdc_v",66662.4,49.268
"vdc_v",66662.4,49.268
"vdc_v",66662.5,49.268
"vdc_v",66662.5,49.268
"vdc_v",66662.5,49.268
"vdc_v",66662.5,49.268
"vdc_v",66662.5,49.268
"vdc_v",66662.5,49.268
"vdc_v",66662.5,49.268
"vdc_v",66662.5,49.268
"vdc_v",66662.5,49.268
"vdc_v",66662.5,49.268
"vdc_v",66662.6,49.268
"vdc_v",66662.6,49.268
"vdc_v",66662.6,49.268
"vdc_v",66662.6,49.268
"vdc_v",66662.6,49.268
"vdc_v",66662.6,49.268
"vdc_v",66662.6,49.268
"vdc_v",66662.6,49.268
"vdc_v",66662.6,49.268
"vdc_v",66662.6,49.268
"vdc_v",66662.7,49.268
"vdc_v",66662.7,49.268
"vdc_v",66662.7,49.268
"vdc_v",66662.7,49.268
"vdc_v",66662.7,49.268
"vdc_v",66662.7,49.268
"vdc_v",66662.7,49.268
"vdc_v",66662.7,49.268
"vdc_v",66662.7,49.268
"vdc_v",66662.7,49.268
"vdc_v",66662.8,49.268
"vdc_v",66662.8,49.268
"vdc_v",66662.8,49.268
"vdc_v",66662.8,49.268
"vdc_v",66662.8,49.268
"vdc_v",66662.8,49.268
"vdc_v",66662.8,49.268
"vdc_v",66662.8,49.268
"vdc_v",66662.8,49.268
"vdc_v",66662.8,49.268
"vdc_v",66662.9,49.268
"vdc_v",66662.9,49.268
"vdc_v",66662.9,49.268
"vdc_v",66662.9,49.268
"vdc_v",66662.9,49.268
"vdc_v",66662.9,49.268
"vdc_v",66662.9,49.268
"vdc_v",66662.9,49.268
"vdc_v",66662.9,49.268
"vdc_v",66662.9,49.268
"vdc_v",66663,49.268
"vdc_v",66663,49.268
"vdc_v",66663,49.268
"vdc_v",66663,49.268
"vdc_v",66663,49.268
"vdc_v",66663,49.268
"vdc_v",66663,49.268
"vdc_v",66663,49.268
"vdc_v",66663,49.268
"vdc_v",66663,49.268
"vdc_v",66663.1,49.268
"vdc_v",66663.1,49.268
"vdc_v",66663.1,49.268
"vdc_v",66663.1,49.268
"vdc_v",66663.1,49.268
"vdc_v",66663.1,49.268
"vdc_v",66663.1,49.268
"vdc_v",66663.1,49.268
"vdc_v",66663.1,49.268
"vdc_v",66663.1,49.268
"vdc_v",66663.2,49.268
"vdc_v",66663.2,49.268
"vdc_v",66663.2,49.268
"vdc_v",66663.2,49.268
"vdc_v",66663.2,49.268
"vdc_v",66663.2,49.268
"vdc_v",66663.2,49.268
"vdc_v",66663.2,49.268
"vdc_v",66663.2,49.268
"vdc_v",66663.2,49.268
"vdc_v",66663.3,49.268
"vdc_v",66663.3,49.268
"vdc_v",66663.3,49.268
"vdc_v",66663.3,49.268
"vdc_v",66663.3,49.268
"vdc_v",66663.3,49.268
"vdc_v",66663.3,49.268
"vdc_v",66663.3,49.268
"vdc_v",66663.3,49.268
"vdc_v",66663.3,49.268
"vdc_v",66663.4,49.268
"vdc_v",66663.4,49.268
"vdc_v",66663.4,49.268
"vdc_v",66663.4,49.268
"vdc_v",66663.4,49.268
"vdc_v",66663.4,49.268
"vdc_v",66663.4,49.268
"vdc_v",66663.4,49.268
"vdc_v",66663.4,49.268
"vdc_v",66663.4,49.268
"vdc_v",66663.5,49.268
"vdc_v",66663.5,49.268
"vdc_v",66663.5,49.268
"vdc_v",66663.5,49.268
"vdc_v",66663.5,49.268
"vdc_v",66663.5,49.268
"vdc_v",66663.5,49.268
"vdc_v",66663.5,49.268
"vdc_v",66663.5,49.268
"vdc_v",66663.5,49.268
"vdc_v",66663.6,49.268
"vdc_v",66663.6,49.268
"vdc_v",66663.6,49.268
"vdc_v",66663.6,49.268
"vdc_v",66663.6,49.268
"vdc_v",66663.6,49.268
"vdc_v",66663.6,49.268
"vdc_v",66663.6,49.268
"vdc_v",66663.6,49.268
"vdc_v",66663.6,49.268
"vdc_v",66663.7,49.268
"vdc_v",66663.7,49.268
"vdc_v",66663.7,49.268
"vdc_v",66663.7,49.268
"vdc_v",66663.7,49.268
"vdc_v",66663.7,49.268
"vdc_v",66663.7,49.268
"vdc_v",66663.7,49.268
"vdc_v",66663.7,49.268
"vdc_v",66663.8,49.268
"vdc_v",66663.8,49.268
"vdc_v",66663.8,49.268
"vdc_v",66663.8,49.268
"vdc_v",66663.8,49.268
"vdc_v",66663.8,49.268
"vdc_v",66663.8,49.268
"vdc_v",66663.8,49.268
"vdc_v",66663.8,49.268
"vdc_v",66663.8,49.268
"vdc_v",66663.9,49.268
"vdc_v",66663.9,49.268
"vdc_v",66663.9,49.268
"vdc_v",66663.9,49.268
"vdc_v",66663.9,49.268
"vdc_v",66663.9,49.268
"vdc_v",66663.9,49.268
"vdc_v",66663.9,49.268
"vdc_v",66663.9,49.268
"vdc_v",66663.9,49.268
"vdc_v",66663.9,49.268
"vdc_v",66664,49.268
"vdc_v",66664,49.268
"vdc_v",66664,49.268
"vdc_v",66664,49.268
"vdc_v",66664,49.268
"vdc_v",66664,49.268
"vdc_v",66664,49.268
"vdc_v",66664,49.268
"vdc_v",66664,49.268
"vdc_v",66664,49.268
"vdc_v",66664.1,49.268
"vdc_v",66664.1,49.268
"vdc_v",66664.1,49.268
"vdc_v",66664.1,49.268
"vdc_v",66664.1,49.268
"vdc_v",66664.1,49.268
"vdc_v",66664.1,49.268
"vdc_v",66664.1,49.268
"vdc_v",66664.1,49.268
"vdc_v",66664.1,49.268
"vdc_v",66664.2,49.268
"vdc_v",66664.2,49.268
"vdc_v",66664.2,49.268
"vdc_v",66664.2,49.268
"vdc_v",66664.2,49.268
"vdc_v",66664.2,49.268
"vdc_v",66664.2,49.268
"vdc_v",66664.2,49.268
"vdc_v",66664.2,49.268
"vdc_v",66664.2,49.268
"vdc_v",66664.3,49.268
"vdc_v",66664.3,49.268
"vdc_v",66664.3,49.268
"vdc_v",66664.3,49.268
"vdc_v",66664.3,49.268
"vdc_v",66664.3,49.268
"vdc_v",66664.3,49.268
"vdc_v",66664.3,49.268
"vdc_v",66664.3,49.268
"vdc_v",66664.3,49.268
"vdc_v",66664.4,49.268
"vdc_v",66664.4,49.268
"vdc_v",66664.4,49.268
"vdc_v",66664.4,49.268
"vdc_v",66664.4,49.268
"vdc_v",66664.4,49.268
"vdc_v",66664.4,49.268
"vdc_v",66664.4,49.268
"vdc_v",66664.4,49.268
"vdc_v",66664.4,49.268
"vdc_v",66664.5,49.268
"vdc_v",66664.5,49.268
"vdc_v",66664.5,49.268
"vdc_v",66664.5,49.268
"vdc_v",66664.5,49.268
"vdc_v",66664.5,49.268
"vdc_v",66664.5,49.268
"vdc_v",66664.5,49.268
"vdc_v",66664.5,49.268
"vdc_v",66664.5,49.268
"vdc_v",66664.6,49.268
"vdc_v",66664.6,49.268
"vdc_v",66664.6,49.268
"vdc_v",66664.6,49.268
"vdc_v",66664.6,49.268
"vdc_v",66664.6,49.268
"vdc_v",66664.6,49.268
"vdc_v",66664.6,49.268
"vdc_v",66664.6,49.268
"vdc_v",66664.7,49.268
"vdc_v",66664.7,49.268
"vdc_v",66664.7,49.268
"vdc_v",66664.7,49.268
"vdc_v",66664.7,49.268
"vdc_v",66664.7,49.268
"vdc_v",66664.8,49.268
"vdc_v",66664.8,49.268
"vdc_v",66664.8,49.268
"vdc_v",66664.8,49.268
"vdc_v",66664.8,49.268
"vdc_v",66664.8,49.268
"vdc_v",66664.8,49.268
"vdc_v",66664.8,49.268
"vdc_v",66664.9,49.268
"vdc_v",66664.9,49.268
"vdc_v",66664.9,49.268
"vdc_v",66664.9,49.268
"vdc_v",66664.9,49.268
"vdc_v",66664.9,49.268
"vdc_v",66665,49.268
"vdc_v",66665,49.268
"vdc_v",66665,49.268
"vdc_v",66665,49.268
"vdc_v",66665,49.268
"vdc_v",66665,49.268
"vdc_v",66665.1,49.268
"vdc_v",66665.1,49.268
"vdc_v",66665.1,49.268
"vdc_v",66665.1,49.268
"vdc_v",66665.1,49.268
"vdc_v",66665.1,49.268
"vdc_v",66665.1,49.268
"vdc_v",66665.1,49.268
"vdc_v",66665.1,49.268
"vdc_v",66665.2,49.268
"vdc_v",66665.2,49.268
"vdc_v",66665.2,49.268
"vdc_v",66665.2,49.268
"vdc_v",66665.2,49.268
"vdc_v",66665.2,49.268
"vdc_v",66665.2,49.268
"vdc_v",66665.2,49.268
"vdc_v",66665.2,49.268
"vdc_v",66665.2,49.268
"vdc_v",66665.2,49.268
"vdc_v",66665.3,49.268
"vdc_v",66665.3,49.268
"vdc_v",66665.3,49.268
"vdc_v",66665.3,49.268
"vdc_v",66665.3,49.268
"vdc_v",66665.3,49.268
"vdc_v",66665.3,49.268
"vdc_v",66665.3,49.268
"vdc_v",66665.3,49.268
"vdc_v",66665.3,49.268
"vdc_v",66665.4,49.268
"vdc_v",66665.4,49.268
"vdc_v",66665.4,49.268
"vdc_v",66665.4,49.268
"vdc_v",66665.4,49.268
"vdc_v",66665.4,49.268
"vdc_v",66665.4,49.268
"vdc_v",66665.4,49.268
"vdc_v",66665.4,49.268
"vdc_v",66665.4,49.268
"vdc_v",66665.4,49.268
"vdc_v",66665.4,49.268
"vdc_v",66665.5,49.268
"vdc_v",66665.5,49.268
"vdc_v",66665.5,49.268
"vdc_v",66665.5,49.268
"vdc_v",66665.5,49.268
"vdc_v",66665.5,49.268
"vdc_v",66665.5,49.268
"vdc_v",66665.5,49.268
"vdc_v",66665.5,49.268
"vdc_v",66665.5,49.268
"vdc_v",66665.5,49.268
"vdc_v",66665.6,49.268
"vdc_v",66665.6,49.268
"vdc_v",66665.6,49.268
"vdc_v",66665.6,49.268
"vdc_v",66665.6,49.268
"vdc_v",66665.6,49.268
"vdc_v",66665.6,49.268
"vdc_v",66665.6,49.268
"vdc_v",66665.6,49.268
"vdc_v",66665.6,49.268
"vdc_v",66665.6,49.268
"vdc_v",66665.6,49.268
"vdc_v",66665.7,49.268
"vdc_v",66665.7,49.268
"vdc_v",66665.7,49.268
"vdc_v",66665.7,49.268
"vdc_v",66665.7,49.268
"vdc_v",66665.7,49.268
"vdc_v",66665.7,49.268
"vdc_v",66665.7,49.268
"vdc_v",66665.7,49.268
"vdc_v",66665.8,49.268
"vdc_v",66665.8,49.268
"vdc_v",66665.8,49.268
"vdc_v",66665.8,49.268
"vdc_v",66665.8,49.268
"vdc_v",66665.8,49.268
"vdc_v",66665.8,49.268
"vdc_v",66665.8,49.268
"vdc_v",66665.8,49.268
"vdc_v",66665.8,49.268
"vdc_v",66665.9,49.268
"vdc_v",66665.9,49.268
"vdc_v",66665.9,49.268
"vdc_v",66665.9,49.268
"vdc_v",66665.9,49.268
"vdc_v",66665.9,49.268
"vdc_v",66665.9,49.268
"vdc_v",66665.9,49.268
"vdc_v",66665.9,49.268
"vdc_v",66665.9,49.268
"vdc_v",66666,49.268
"vdc_v",66666,49.268
"vdc_v",66666,49.268
"vdc_v",66666,49.268
"vdc_v",66666,49.268
"vdc_v",66666,49.268
"vdc_v",66666,49.268
"vdc_v",66666,49.268
"vdc_v",66666,49.268
"vdc_v",66666,49.268
"vdc_v",66666,49.268
"vdc_v",66666.1,49.268
"vdc_v",66666.1,49.268
"vdc_v",66666.1,49.268
"vdc_v",66666.1,49.268
"vdc_v",66666.1,49.268
"vdc_v",66666.1,49.268
"vdc_v",66666.1,49.268
"vdc_v",66666.1,49.268
"vdc_v",66666.1,49.268
"vdc_v",66666.1,49.268
"vdc_v",66666.2,49.268
"vdc_v",66666.2,49.268
"vdc_v",66666.2,49.268
"vdc_v",66666.2,49.268
"vdc_v",66666.2,49.268
"vdc_v",66666.2,49.268
"vdc_v",66666.2,49.268
"vdc_v",66666.2,49.268
"vdc_v",66666.2,49.268
"vdc_v",66666.2,49.268
"vdc_v",66666.3,49.268
"vdc_v",66666.3,49.268
"vdc_v",66666.3,49.268
"vdc_v",66666.3,49.268
"vdc_v",66666.3,49.268
"vdc_v",66666.3,49.268
"vdc_v",66666.3,49.268
"vdc_v",66666.3,49.268
"vdc_v",66666.3,49.268
"vdc_v",66666.4,49.268
"vdc_v",66666.4,49.268
"vdc_v",66666.4,49.268
"vdc_v",66666.4,49.268
"vdc_v",66666.4,49.268
"vdc_v",66666.4,49.268
"vdc_v",66666.4,49.268
"vdc_v",66666.4,49.268
"vdc_v",66666.4,49.268
"vdc_v",66666.4,49.268
"vdc_v",66666.5,49.268
"vdc_v",66666.5,49.268
"vdc_v",66666.5,49.268
"vdc_v",66666.5,49.268
"vdc_v",66666.5,49.268
"vdc_v",66666.5,49.268
"vdc_v",66666.5,49.268
"vdc_v",66666.5,49.268
"vdc_v",66666.5,49.268
"vdc_v",66666.5,49.268
"vdc_v",66666.6,49.268
"vdc_v",66666.6,49.268
"vdc_v",66666.6,49.268
"vdc_v",66666.6,49.268
"vdc_v",66666.6,49.268
"vdc_v",66666.6,49.268
"vdc_v",66666.6,49.268
"vdc_v",66666.6,49.268
"vdc_v",66666.6,49.268
"vdc_v",66666.6,49.268
"vdc_v",66666.7,49.268
"vdc_v",66666.7,49.268
"vdc_v",66666.7,49.268
"vdc_v",66666.7,49.268
"vdc_v",66666.7,49.268
"vdc_v",66666.7,49.268
"vdc_v",66666.7,49.268
"vdc_v",66666.7,49.268
"vdc_v",66666.7,49.268
"vdc_v",66666.8,49.268
"vdc_v",66666.8,49.268
"vdc_v",66666.8,49.268
"vdc_v",66666.8,49.268
"vdc_v",66666.8,49.268
"vdc_v",66666.8,49.268
"vdc_v",66666.8,49.268
"vdc_v",66666.8,49.268
"vdc_v",66666.8,49.268
"vdc_v",66666.8,49.268
"vdc_v",66666.8,49.268
"vdc_v",66666.9,49.268
"vdc_v",66666.9,49.268
"vdc_v",66666.9,49.268
"vdc_v",66666.9,49.268
"vdc_v",66666.9,49.268
"vdc_v",66666.9,49.268
"vdc_v",66666.9,49.268
"vdc_v",66666.9,49.268
"vdc_v",66666.9,49.268
"vdc_v",66666.9,49.268
"vdc_v",66667,49.268
"vdc_v",66667,49.268
"vdc_v",66667,49.268
"vdc_v",66667,49.268
"vdc_v",66667,49.268
"vdc_v",66667,49.268
"vdc_v",66667,49.268
"vdc_v",66667,49.268
"vdc_v",66667,49.268
"vdc_v",66667,49.268
"vdc_v",66667.1,49.268
"vdc_v",66667.1,49.268
"vdc_v",66667.1,49.268
"vdc_v",66667.1,49.268
"vdc_v",66667.1,49.268
"vdc_v",66667.1,49.268
"vdc_v",66667.1,49.268
"vdc_v",66667.1,49.268
"vdc_v",66667.1,49.268
"vdc_v",66667.1,49.268
"vdc_v",66667.2,49.268
"vdc_v",66667.2,49.268
"vdc_v",66667.2,49.268
"vdc_v",66667.2,49.268
"vdc_v",66667.2,49.268
"vdc_v",66667.2,49.268
"vdc_v",66667.2,49.268
"vdc_v",66667.2,49.268
"vdc_v",66667.2,49.268
"vdc_v",66667.2,49.268
"vdc_v",66667.3,49.268
"vdc_v",66667.3,49.268
"vdc_v",66667.3,49.268
"vdc_v",66667.3,49.268
"vdc_v",66667.3,49.268
"vdc_v",66667.3,49.268
"vdc_v",66667.3,49.268
"vdc_v",66667.3,49.268
"vdc_v",66667.3,49.268
"vdc_v",66667.3,49.268
"vdc_v",66667.4,49.268
"vdc_v",66667.4,49.268
"vdc_v",66667.4,49.268
"vdc_v",66667.4,49.268
"vdc_v",66667.4,49.268
"vdc_v",66667.4,49.268
"vdc_v",66667.4,49.268
"vdc_v",66667.4,49.268
"vdc_v",66667.4,49.268
"vdc_v",66667.4,49.268
"vdc_v",66667.5,49.268
"vdc_v",66667.5,49.268
"vdc_v",66667.5,49.268
"vdc_v",66667.5,49.268
"vdc_v",66667.5,49.268
"vdc_v",66667.5,49.268
"vdc_v",66667.5,49.268
"vdc_v",66667.5,49.268
"vdc_v",66667.5,49.268
"vdc_v",66667.5,49.268
"vdc_v",66667.6,49.268
"vdc_v",66667.6,49.268
"vdc_v",66667.6,49.268
"vdc_v",66667.6,49.268
"vdc_v",66667.6,49.268
"vdc_v",66667.6,49.268
"vdc_v",66667.6,49.268
"vdc_v",66667.6,49.268
"vdc_v",66667.6,49.268
"vdc_v",66667.6,49.268
"vdc_v",66667.7,49.268
"vdc_v",66667.7,49.268
"vdc_v",66667.7,49.268
"vdc_v",66667.7,49.268
"vdc_v",66667.7,49.268
"vdc_v",66667.7,49.268
"vdc_v",66667.7,49.268
"vdc_v",66667.7,49.268
"vdc_v",66667.7,49.268
"vdc_v",66667.8,49.268
"vdc_v",66667.8,49.268
"vdc_v",66667.8,49.268
"vdc_v",66667.8,49.268
"vdc_v",66667.8,49.268
"vdc_v",66667.8,49.268
"vdc_v",66667.8,49.268
"vdc_v",66667.8,49.268
"vdc_v",66667.8,49.268
"vdc_v",66667.8,49.268
"vdc_v",66667.9,49.268
"vdc_v",66667.9,49.268
"vdc_v",66667.9,49.268
"vdc_v",66667.9,49.268
"vdc_v",66667.9,49.268
"vdc_v",66667.9,49.268
"vdc_v",66667.9,49.268
"vdc_v",66667.9,49.268
"vdc_v",66667.9,49.268
"vdc_v",66667.9,49.268
"vdc_v",66668,49.268
"vdc_v",66668,49.268
"vdc_v",66668,49.268
"vdc_v",66668,49.268
"vdc_v",66668,49.268
"vdc_v",66668,49.268
"vdc_v",66668,49.268
"vdc_v",66668,49.268
"vdc_v",66668,49.268
"vdc_v",66668,49.268
"vdc_v",66668.1,49.268
"vdc_v",66668.1,49.268
"vdc_v",66668.1,49.268
"vdc_v",66668.1,49.268
"vdc_v",66668.1,49.268
"vdc_v",66668.1,49.268
"vdc_v",66668.1,49.268
"vdc_v",66668.1,49.268
"vdc_v",66668.1,49.268
"vdc_v",66668.1,49.268
"vdc_v",66668.1,49.268
"vdc_v",66668.2,49.268
"vdc_v",66668.2,49.268
"vdc_v",66668.2,49.268
"vdc_v",66668.2,49.268
"vdc_v",66668.2,49.268
"vdc_v",66668.2,49.268
"vdc_v",66668.2,49.268
"vdc_v",66668.2,49.268
"vdc_v",66668.2,49.268
"vdc_v",66668.2,49.268
"vdc_v",66668.3,49.268
"vdc_v",66668.3,49.268
"vdc_v",66668.3,49.268
"vdc_v",66668.3,49.268
"vdc_v",66668.3,49.268
"vdc_v",66668.3,49.268
"vdc_v",66668.3,49.268
"vdc_v",66668.3,49.268
"vdc_v",66668.3,49.268
"vdc_v",66668.4,49.268
"vdc_v",66668.4,49.268
"vdc_v",66668.4,49.268
"vdc_v",66668.4,49.268
"vdc_v",66668.4,49.268
"vdc_v",66668.4,49.268
"vdc_v",66668.4,49.268
"vdc_v",66668.4,49.268
"vdc_v",66668.4,49.268
"vdc_v",66668.4,49.268
"vdc_v",66668.5,49.268
"vdc_v",66668.5,49.268
"vdc_v",66668.5,49.268
"vdc_v",66668.5,49.268
"vdc_v",66668.5,49.268
"vdc_v",66668.5,49.268
"vdc_v",66668.5,49.268
"vdc_v",66668.5,49.268
"vdc_v",66668.5,49.268
"vdc_v",66668.5,49.268
"vdc_v",66668.6,49.268
"vdc_v",66668.6,49.268
"vdc_v",66668.6,49.268
"vdc_v",66668.6,49.268
"vdc_v",66668.6,49.268
"vdc_v",66668.6,49.268
"vdc_v",66668.6,49.268
"vdc_v",66668.6,49.268
"vdc_v",66668.6,49.268
"vdc_v",66668.6,49.268
"vdc_v",66668.7,49.268
"vdc_v",66668.7,49.268
"vdc_v",66668.7,49.268
"vdc_v",66668.7,49.268
"vdc_v",66668.7,49.268
"vdc_v",66668.7,49.268
"vdc_v",66668.7,49.268
"vdc_v",66668.7,49.268
"vdc_v",66668.7,49.268
"vdc_v",66668.7,49.268
"vdc_v",66668.8,49.268
"vdc_v",66668.8,49.268
"vdc_v",66668.8,49.268
"vdc_v",66668.8,49.268
"vdc_v",66668.8,49.268
"vdc_v",66668.8,49.268
"vdc_v",66668.8,49.268
"vdc_v",66668.8,49.268
"vdc_v",66668.8,49.268
"vdc_v",66668.8,49.268
"vdc_v",66668.9,49.268
"vdc_v",66668.9,49.268
"vdc_v",66668.9,49.268
"vdc_v",66668.9,49.268
"vdc_v",66668.9,49.268
"vdc_v",66668.9,49.268
"vdc_v",66668.9,49.268
"vdc_v",66668.9,49.268
"vdc_v",66668.9,49.268
"vdc_v",66668.9,49.268
"vdc_v",66669,49.268
"vdc_v",66669,49.268
"vdc_v",66669,49.268
"vdc_v",66669,49.268
"vdc_v",66669,49.268
"vdc_v",66669,49.268
"vdc_v",66669,49.268
"vdc_v",66669,49.268
"vdc_v",66669,49.268
"vdc_v",66669,49.268
"vdc_v",66669.1,49.268
"vdc_v",66669.1,49.268
"vdc_v",66669.1,49.268
"vdc_v",66669.1,49.268
"vdc_v",66669.1,49.268
"vdc_v",66669.1,49.268
"vdc_v",66669.1,49.268
"vdc_v",66669.1,49.268
"vdc_v",66669.1,49.268
"vdc_v",66669.1,49.268
"vdc_v",66669.2,49.268
"vdc_v",66669.2,49.268
"vdc_v",66669.2,49.268
"vdc_v",66669.2,49.268
"vdc_v",66669.2,49.268
"vdc_v",66669.2,49.268
"vdc_v",66669.2,49.268
"vdc_v",66669.2,49.268
"vdc_v",66669.2,49.268
"vdc_v",66669.2,49.268
"vdc_v",66669.2,49.268
"vdc_v",66669.3,49.268
"vdc_v",66669.3,49.268
"vdc_v",66669.3,49.268
"vdc_v",66669.3,49.268
"vdc_v",66669.3,49.268
"vdc_v",66669.3,49.268
"vdc_v",66669.3,49.268
"vdc_v",66669.3,49.268
"vdc_v",66669.3,49.268
"vdc_v",66669.4,49.268
"vdc_v",66669.4,49.268
"vdc_v",66669.4,49.268
"vdc_v",66669.4,49.268
"vdc_v",66669.4,49.268
"vdc_v",66669.4,49.268
"vdc_v",66669.4,49.268
"vdc_v",66669.4,49.268
"vdc_v",66669.4,49.268
"vdc_v",66669.4,49.268
"vdc_v",66669.5,49.268
"vdc_v",66669.5,49.268
"vdc_v",66669.5,49.268
"vdc_v",66669.5,49.268
"vdc_v",66669.5,49.268
"vdc_v",66669.5,49.268
"vdc_v",66669.5,49.268
"vdc_v",66669.5,49.268
"vdc_v",66669.5,49.268
"vdc_v",66669.5,49.268
"vdc_v",66669.5,49.268
"vdc_v",66669.6,49.268
"vdc_v",66669.6,49.268
"vdc_v",66669.6,49.268
"vdc_v",66669.6,49.268
"vdc_v",66669.6,49.268
"vdc_v",66669.6,49.268
"vdc_v",66669.6,49.268
"vdc_v",66669.6,49.268
"vdc_v",66669.6,49.268
"vdc_v",66669.6,49.268
"vdc_v",66669.7,49.268
"vdc_v",66669.7,49.268
"vdc_v",66669.7,49.268
"vdc_v",66669.7,49.268
"vdc_v",66669.7,49.268
"vdc_v",66669.7,49.268
"vdc_v",66669.7,49.268
"vdc_v",66669.7,49.268
"vdc_v",66669.7,49.268
"vdc_v",66669.7,49.268
"vdc_v",66669.8,49.268
"vdc_v",66669.8,49.268
"vdc_v",66669.8,49.268
"vdc_v",66669.8,49.268
"vdc_v",66669.8,49.268
"vdc_v",66669.8,49.268
"vdc_v",66669.8,49.268
"vdc_v",66669.8,49.268
"vdc_v",66669.8,49.268
"vdc_v",66669.8,49.268
"vdc_v",66669.9,49.268
"vdc_v",66669.9,49.268
"vdc_v",66669.9,49.268
"vdc_v",66669.9,49.268
"vdc_v",66669.9,49.268
"vdc_v",66669.9,49.268
"vdc_v",66669.9,49.268
"vdc_v",66669.9,49.268
"vdc_v",66669.9,49.268
"vdc_v",66669.9,49.268
"vdc_v",66670,49.268
"vdc_v",66670,49.268
"vdc_v",66670,49.268
"vdc_v",66670,49.268
"vdc_v",66670,49.268
"vdc_v",66670,49.268
"vdc_v",66670,49.268
"vdc_v",66670,49.268
"vdc_v",66670,49.268
"vdc_v",66670,49.268
"vdc_v",66670.1,49.268
"vdc_v",66670.1,49.268
"vdc_v",66670.1,49.268
"vdc_v",66670.1,49.268
"vdc_v",66670.1,49.268
"vdc_v",66670.1,49.268
"vdc_v",66670.1,49.268
"vdc_v",66670.1,49.268
"vdc_v",66670.1,49.268
"vdc_v",66670.1,49.268
"vdc_v",66670.2,49.268
"vdc_v",66670.2,49.268
"vdc_v",66670.2,49.268
"vdc_v",66670.2,49.268
"vdc_v",66670.2,49.268
"vdc_v",66670.2,49.268
"vdc_v",66670.2,49.268
"vdc_v",66670.2,49.268
"vdc_v",66670.2,49.268
"vdc_v",66670.2,49.268
"vdc_v",66670.3,49.268
"vdc_v",66670.3,49.268
"vdc_v",66670.3,49.268
"vdc_v",66670.3,49.268
"vdc_v",66670.3,49.268
"vdc_v",66670.3,49.268
"vdc_v",66670.3,49.268
"vdc_v",66670.3,49.268
"vdc_v",66670.3,49.268
"vdc_v",66670.3,49.268
"vdc_v",66670.4,49.268
"vdc_v",66670.4,49.268
"vdc_v",66670.4,49.268
"vdc_v",66670.4,49.268
"vdc_v",66670.4,49.268
"vdc_v",66670.4,49.268
"vdc_v",66670.4,49.268
"vdc_v",66670.4,49.268
"vdc_v",66670.4,49.268
"vdc_v",66670.4,49.268
"vdc_v",66670.5,49.268
"vdc_v",66670.5,49.268
"vdc_v",66670.5,49.268
"vdc_v",66670.5,49.268
"vdc_v",66670.5,49.268
"vdc_v",66670.5,49.268
"vdc_v",66670.5,49.268
"vdc_v",66670.5,49.268
"vdc_v",66670.5,49.268
"vdc_v",66670.5,49.268
"vdc_v",66670.5,49.268
"vdc_v",66670.6,49.268
"vdc_v",66670.6,49.268
"vdc_v",66670.6,49.268
"vdc_v",66670.6,49.268
"vdc_v",66670.6,49.268
"vdc_v",66670.6,49.268
"vdc_v",66670.6,49.268
"vdc_v",66670.6,49.268
"vdc_v",66670.6,49.268
"vdc_v",66670.6,49.268
"vdc_v",66670.7,49.268
"vdc_v",66670.7,49.268
"vdc_v",66670.7,49.268
"vdc_v",66670.7,49.268
"vdc_v",66670.7,49.268
"vdc_v",66670.7,49.268
"vdc_v",66670.7,49.268
"vdc_v",66670.7,49.268
"vdc_v",66670.7,49.268
"vdc_v",66670.7,49.268
"vdc_v",66670.8,49.268
"vdc_v",66670.8,49.268
"vdc_v",66670.8,49.268
"vdc_v",66670.8,49.268
"vdc_v",66670.8,49.268
"vdc_v",66670.8,49.268
"vdc_v",66670.8,49.268
"vdc_v",66670.8,49.268
"vdc_v",66670.8,49.268
"vdc_v",66670.8,49.268
"vdc_v",66670.9,49.268
"vdc_v",66670.9,49.268
"vdc_v",66670.9,49.268
"vdc_v",66670.9,49.268
"vdc_v",66670.9,49.268
"vdc_v",66670.9,49.268
"vdc_v",66670.9,49.268
"vdc_v",66670.9,49.268
"vdc_v",66670.9,49.268
"vdc_v",66670.9,49.268
"vdc_v",66671,49.268
"vdc_v",66671,49.268
"vdc_v",66671,49.268
"vdc_v",66671,49.268
"vdc_v",66671,49.268
"vdc_v",66671,49.268
"vdc_v",66671,49.268
"vdc_v",66671,49.268
"vdc_v",66671,49.268
"vdc_v",66671,49.268
"vdc_v",66671.1,49.268
"vdc_v",66671.1,49.268
"vdc_v",66671.1,49.268
"vdc_v",66671.1,49.268
"vdc_v",66671.1,49.268
"vdc_v",66671.1,49.268
"vdc_v",66671.1,49.268
"vdc_v",66671.1,49.268
"vdc_v",66671.1,49.268
"vdc_v",66671.1,49.268
"vdc_v",66671.2,49.268
"vdc_v",66671.2,49.268
"vdc_v",66671.2,49.268
"vdc_v",66671.2,49.268
"vdc_v",66671.2,49.268
"vdc_v",66671.2,49.268
"vdc_v",66671.2,49.268
"vdc_v",66671.2,49.268
"vdc_v",66671.2,49.268
"vdc_v",66671.2,49.268
"vdc_v",66671.3,49.268
"vdc_v",66671.3,49.268
"vdc_v",66671.3,49.268
"vdc_v",66671.3,49.268
"vdc_v",66671.3,49.268
"vdc_v",66671.3,49.268
"vdc_v",66671.3,49.268
"vdc_v",66671.3,49.268
"vdc_v",66671.3,49.268
"vdc_v",66671.3,49.268
"vdc_v",66671.4,49.268
"vdc_v",66671.4,49.268
"vdc_v",66671.4,49.268
"vdc_v",66671.4,49.268
"vdc_v",66671.4,49.268
"vdc_v",66671.4,49.268
"vdc_v",66671.4,49.268
"vdc_v",66671.4,49.268
"vdc_v",66671.4,49.268
"vdc_v",66671.4,49.268
"vdc_v",66671.5,49.268
"vdc_v",66671.5,49.268
"vdc_v",66671.5,49.268
"vdc_v",66671.5,49.268
"vdc_v",66671.5,49.268
"vdc_v",66671.5,49.268
"vdc_v",66671.5,49.268
"vdc_v",66671.5,49.268
"vdc_v",66671.5,49.268
"vdc_v",66671.5,49.268
"vdc_v",66671.6,49.268
"vdc_v",66671.6,49.268
"vdc_v",66671.6,49.268
"vdc_v",66671.6,49.268
"vdc_v",66671.6,49.268
"vdc_v",66671.6,49.268
"vdc_v",66671.6,49.268
"vdc_v",66671.6,49.268
"vdc_v",66671.6,49.268
"vdc_v",66671.6,49.268
"vdc_v",66671.7,49.268
"vdc_v",66671.7,49.268
"vdc_v",66671.7,49.268
"vdc_v",66671.7,49.268
"vdc_v",66671.7,49.268
"vdc_v",66671.7,49.268
"vdc_v",66671.7,49.268
"vdc_v",66671.7,49.268
"vdc_v",66671.7,49.268
"vdc_v",66671.8,49.268
"vdc_v",66671.8,49.268
"vdc_v",66671.8,49.268
"vdc_v",66671.8,49.268
"vdc_v",66671.8,49.268
"vdc_v",66671.8,49.268
"vdc_v",66671.8,49.268
"vdc_v",66671.8,49.268
"vdc_v",66671.8,49.268
"vdc_v",66671.8,49.268
"vdc_v",66671.8,49.268
"vdc_v",66671.9,49.268
"vdc_v",66671.9,49.268
"vdc_v",66671.9,49.268
"vdc_v",66671.9,49.268
"vdc_v",66671.9,49.268
"vdc_v",66671.9,49.268
"vdc_v",66671.9,49.268
"vdc_v",66671.9,49.268
"vdc_v",66671.9,49.268
"vdc_v",66671.9,49.268
"vdc_v",66672,49.268
"vdc_v",66672,49.268
"vdc_v",66672,49.268
"vdc_v",66672,49.268
"vdc_v",66672,49.268
"vdc_v",66672,49.268
"vdc_v",66672,49.268
"vdc_v",66672,49.268
"vdc_v",66672,49.268
"vdc_v",66672,49.268
"vdc_v",66672.1,49.268
"vdc_v",66672.1,49.268
"vdc_v",66672.1,49.268
"vdc_v",66672.1,49.268
"vdc_v",66672.1,49.268
"vdc_v",66672.1,49.268
"vdc_v",66672.1,49.268
"vdc_v",66672.1,49.268
"vdc_v",66672.1,49.268
"vdc_v",66672.1,49.268
"vdc_v",66672.2,49.268
"vdc_v",66672.2,49.268
"vdc_v",66672.2,49.268
"vdc_v",66672.2,49.268
"vdc_v",66672.2,49.268
"vdc_v",66672.2,49.268
"vdc_v",66672.2,49.268
"vdc_v",66672.2,49.268
"vdc_v",66672.2,49.268
"vdc_v",66672.2,49.268
"vdc_v",66672.2,49.268
"vdc_v",66672.3,49.268
"vdc_v",66672.3,49.268
"vdc_v",66672.3,49.268
"vdc_v",66672.3,49.268
"vdc_v",66672.3,49.268
"vdc_v",66672.3,49.268
"vdc_v",66672.3,49.268
"vdc_v",66672.3,49.268
"vdc_v",66672.3,49.268
"vdc_v",66672.4,49.268
"vdc_v",66672.4,49.268
"vdc_v",66672.4,49.268
"vdc_v",66672.4,49.268
"vdc_v",66672.4,49.268
"vdc_v",66672.4,49.268
"vdc_v",66672.4,49.268
"vdc_v",66672.4,49.268
"vdc_v",66672.4,49.268
"vdc_v",66672.4,49.268
"vdc_v",66672.5,49.268
"vdc_v",66672.5,49.268
"vdc_v",66672.5,49.268
"vdc_v",66672.5,49.268
"vdc_v",66672.5,49.268
"vdc_v",66672.5,49.268
"vdc_v",66672.5,49.268
"vdc_v",66672.5,49.268
"vdc_v",66672.5,49.268
"vdc_v",66672.5,49.268
"vdc_v",66672.6,49.268
"vdc_v",66672.6,49.268
"vdc_v",66672.6,49.268
"vdc_v",66672.6,49.268
"vdc_v",66672.6,49.268
"vdc_v",66672.6,49.268
"vdc_v",66672.6,49.268
"vdc_v",66672.6,49.268
"vdc_v",66672.6,49.268
"vdc_v",66672.6,49.268
"vdc_v",66672.7,49.268
"vdc_v",66672.7,49.268
"vdc_v",66672.7,49.268
"vdc_v",66672.7,49.268
"vdc_v",66672.7,49.268
"vdc_v",66672.7,49.268
"vdc_v",66672.7,49.268
"vdc_v",66672.7,49.268
"vdc_v",66672.7,49.268
"vdc_v",66672.7,49.268
"vdc_v",66672.8,49.268
"vdc_v",66672.8,49.268
"vdc_v",66672.8,49.268
"vdc_v",66672.8,49.268
"vdc_v",66672.8,49.268
"vdc_v",66672.8,49.268
"vdc_v",66672.8,49.268
"vdc_v",66672.8,49.268
"vdc_v",66672.8,49.268
"vdc_v",66672.8,49.268
"vdc_v",66672.9,49.268
"vdc_v",66672.9,49.268
"vdc_v",66672.9,49.268
"vdc_v",66672.9,49.268
"vdc_v",66672.9,49.268
"vdc_v",66672.9,49.268
"vdc_v",66672.9,49.268
"vdc_v",66672.9,49.268
"vdc_v",66672.9,49.268
"vdc_v",66672.9,49.268
"vdc_v",66673,49.268
"vdc_v",66673,49.268
"vdc_v",66673,49.268
"vdc_v",66673,49.268
"vdc_v",66673,49.268
"vdc_v",66673,49.268
"vdc_v",66673,49.268
"vdc_v",66673,49.268
"vdc_v",66673,49.268
"vdc_v",66673,49.268
"vdc_v",66673.1,49.268
"vdc_v",66673.1,49.268
"vdc_v",66673.1,49.268
"vdc_v",66673.1,49.268
"vdc_v",66673.1,49.268
"vdc_v",66673.1,49.268
"vdc_v",66673.1,49.268
"vdc_v",66673.1,49.268
"vdc_v",66673.1,49.268
"vdc_v",66673.1,49.268
"vdc_v",66673.2,49.268
"vdc_v",66673.2,49.268
"vdc_v",66673.2,49.268
"vdc_v",66673.2,49.268
"vdc_v",66673.2,49.268
"vdc_v",66673.2,49.268
"vdc_v",66673.2,49.268
"vdc_v",66673.2,49.268
"vdc_v",66673.2,49.268
"vdc_v",66673.2,49.268
"vdc_v",66673.3,49.268
"vdc_v",66673.3,49.268
"vdc_v",66673.3,49.268
"vdc_v",66673.3,49.268
"vdc_v",66673.3,49.268
"vdc_v",66673.3,49.268
"vdc_v",66673.3,49.268
"vdc_v",66673.3,49.268
"vdc_v",66673.3,49.268
"vdc_v",66673.3,49.268
"vdc_v",66673.4,49.268
"vdc_v",66673.4,49.268
"vdc_v",66673.4,49.268
"vdc_v",66673.4,49.268
"vdc_v",66673.4,49.268
"vdc_v",66673.4,49.268
"vdc_v",66673.4,49.268
"vdc_v",66673.4,49.268
"vdc_v",66673.4,49.268
"vdc_v",66673.4,49.268
"vdc_v",66673.5,49.268
"vdc_v",66673.5,49.268
"vdc_v",66673.5,49.268
"vdc_v",66673.5,49.268
"vdc_v",66673.5,49.268
"vdc_v",66673.5,49.268
"vdc_v",66673.5,49.268
"vdc_v",66673.5,49.268
"vdc_v",66673.5,49.268
"vdc_v",66673.5,49.268
"vdc_v",66673.6,49.268
"vdc_v",66673.6,49.268
"vdc_v",66673.6,49.268
"vdc_v",66673.6,49.268
"vdc_v",66673.6,49.268
"vdc_v",66673.6,49.268
"vdc_v",66673.6,49.268
"vdc_v",66673.6,49.268
"vdc_v",66673.6,49.268
"vdc_v",66673.6,49.268
"vdc_v",66673.7,49.268
"vdc_v",66673.7,49.268
"vdc_v",66673.7,49.268
"vdc_v",66673.7,49.268
"vdc_v",66673.7,49.268
"vdc_v",66673.7,49.268
"vdc_v",66673.7,49.268
"vdc_v",66673.7,49.268
"vdc_v",66673.7,49.268
"vdc_v",66673.8,49.268
"vdc_v",66673.8,49.268
"vdc_v",66673.8,49.268
"vdc_v",66673.8,49.268
"vdc_v",66673.8,49.268
"vdc_v",66673.8,49.268
"vdc_v",66673.8,49.268
"vdc_v",66673.8,49.268
"vdc_v",66673.8,49.268
"vdc_v",66673.8,49.268
"vdc_v",66673.8,49.268
"vdc_v",66673.9,49.268
"vdc_v",66673.9,49.268
"vdc_v",66673.9,49.268
"vdc_v",66673.9,49.268
"vdc_v",66673.9,49.268
"vdc_v",66673.9,49.268
"vdc_v",66673.9,49.268
"vdc_v",66673.9,49.268
"vdc_v",66673.9,49.268
"vdc_v",66673.9,49.268
"vdc_v",66674,49.268
"vdc_v",66674,49.268
"vdc_v",66674,49.268
"vdc_v",66674,49.268
"vdc_v",66674,49.268
"vdc_v",66674,49.268
"vdc_v",66674,49.268
"vdc_v",66674,49.268
"vdc_v",66674,49.268
"vdc_v",66674,49.268
"vdc_v",66674.1,49.268
"vdc_v",66674.1,49.268
"vdc_v",66674.1,49.268
"vdc_v",66674.1,49.268
"vdc_v",66674.1,49.268
"vdc_v",66674.1,49.268
"vdc_v",66674.1,49.268
"vdc_v",66674.1,49.268
"vdc_v",66674.1,49.268
"vdc_v",66674.1,49.268
"vdc_v",66674.2,49.268
"vdc_v",66674.2,49.268
"vdc_v",66674.2,49.268
"vdc_v",66674.2,49.268
"vdc_v",66674.2,49.268
"vdc_v",66674.2,49.268
"vdc_v",66674.2,49.268
"vdc_v",66674.2,49.268
"vdc_v",66674.2,49.268
"vdc_v",66674.2,49.268
"vdc_v",66674.3,49.268
"vdc_v",66674.3,49.268
"vdc_v",66674.3,49.268
"vdc_v",66674.3,49.268
"vdc_v",66674.3,49.268
"vdc_v",66674.3,49.268
"vdc_v",66674.3,49.268
"vdc_v",66674.3,49.268
"vdc_v",66674.3,49.268
"vdc_v",66674.3,49.268
"vdc_v",66674.4,49.268
"vdc_v",66674.4,49.268
"vdc_v",66674.4,49.268
"vdc_v",66674.4,49.268
"vdc_v",66674.4,49.268
"vdc_v",66674.4,49.268
"vdc_v",66674.4,49.268
"vdc_v",66674.4,49.268
"vdc_v",66674.4,49.268
"vdc_v",66674.4,49.268
"vdc_v",66674.5,49.268
"vdc_v",66674.5,49.268
"vdc_v",66674.5,49.268
"vdc_v",66674.5,49.268
"vdc_v",66674.5,49.268
"vdc_v",66674.5,49.268
"vdc_v",66674.5,49.268
"vdc_v",66674.5,49.268
"vdc_v",66674.5,49.268
"vdc_v",66674.5,49.268
"vdc_v",66674.6,49.268
"vdc_v",66674.6,49.268
"vdc_v",66674.6,49.268
"vdc_v",66674.6,49.268
"vdc_v",66674.6,49.268
"vdc_v",66674.6,49.268
"vdc_v",66674.6,49.268
"vdc_v",66674.6,49.268
"vdc_v",66674.6,49.268
"vdc_v",66674.7,49.268
"vdc_v",66674.7,49.268
"vdc_v",66674.7,49.268
"vdc_v",66674.7,49.268
"vdc_v",66674.7,49.268
"vdc_v",66674.7,49.268
"vdc_v",66674.8,49.268
"vdc_v",66674.8,49.268
"vdc_v",66674.8,49.268
"vdc_v",66674.8,49.268
"vdc_v",66674.8,49.268
"vdc_v",66674.8,49.268
"vdc_v",66674.8,49.268
"vdc_v",66674.8,49.268
"vdc_v",66674.9,49.268
"vdc_v",66674.9,49.268
"vdc_v",66674.9,49.268
"vdc_v",66674.9,49.268
"vdc_v",66674.9,49.268
"vdc_v",66674.9,49.268
"vdc_v",66675,49.268
"vdc_v",66675,49.268
"vdc_v",66675,49.268
"vdc_v",66675,49.268
"vdc_v",66675,49.268
"vdc_v",66675,49.268
"vdc_v",66675.1,49.268
"vdc_v",66675.1,49.268
"vdc_v",66675.1,49.268
"vdc_v",66675.1,49.268
"vdc_v",66675.1,49.268
"vdc_v",66675.1,49.268
"vdc_v",66675.1,49.268
"vdc_v",66675.1,49.268
"vdc_v",66675.1,49.268
"vdc_v",66675.1,49.268
"vdc_v",66675.1,49.268
"vdc_v",66675.2,49.268
"vdc_v",66675.2,49.268
"vdc_v",66675.2,49.268
"vdc_v",66675.2,49.268
"vdc_v",66675.2,49.268
"vdc_v",66675.2,49.268
"vdc_v",66675.2,49.268
"vdc_v",66675.2,49.268
"vdc_v",66675.2,49.268
"vdc_v",66675.2,49.268
"vdc_v",66675.2,49.268
"vdc_v",66675.3,49.268
"vdc_v",66675.3,49.268
"vdc_v",66675.3,49.268
"vdc_v",66675.3,49.268
"vdc_v",66675.3,49.268
"vdc_v",66675.3,49.268
"vdc_v",66675.3,49.268
"vdc_v",66675.3,49.268
"vdc_v",66675.3,49.268
"vdc_v",66675.3,49.268
"vdc_v",66675.4,49.268
"vdc_v",66675.4,49.268
"vdc_v",66675.4,49.268
"vdc_v",66675.4,49.268
"vdc_v",66675.4,49.268
"vdc_v",66675.4,49.268
"vdc_v",66675.4,49.268
"vdc_v",66675.4,49.268
"vdc_v",66675.4,49.268
"vdc_v",66675.4,49.268
"vdc_v",66675.5,49.268
"vdc_v",66675.5,49.268
"vdc_v",66675.5,49.268
"vdc_v",66675.5,49.268
"vdc_v",66675.5,49.268
"vdc_v",66675.5,49.268
"vdc_v",66675.5,49.268
"vdc_v",66675.5,49.268
"vdc_v",66675.5,49.268
"vdc_v",66675.5,49.268
"vdc_v",66675.5,49.268
"vdc_v",66675.5,49.268
"vdc_v",66675.6,49.268
"vdc_v",66675.6,49.268
"vdc_v",66675.6,49.268
"vdc_v",66675.6,49.268
"vdc_v",66675.6,49.268
"vdc_v",66675.6,49.268
"vdc_v",66675.6,49.268
"vdc_v",66675.6,49.268
"vdc_v",66675.6,49.268
"vdc_v",66675.6,49.268
"vdc_v",66675.6,49.268
"vdc_v",66675.7,49.268
"vdc_v",66675.7,49.268
"vdc_v",66675.7,49.268
"vdc_v",66675.7,49.268
"vdc_v",66675.7,49.268
"vdc_v",66675.7,49.268
"vdc_v",66675.7,49.268
"vdc_v",66675.7,49.268
"vdc_v",66675.7,49.268
"vdc_v",66675.7,49.268
"vdc_v",66675.8,49.268
"vdc_v",66675.8,49.268
"vdc_v",66675.8,49.268
"vdc_v",66675.8,49.268
"vdc_v",66675.8,49.268
"vdc_v",66675.8,49.268
"vdc_v",66675.8,49.268
"vdc_v",66675.8,49.268
"vdc_v",66675.8,49.268
"vdc_v",66675.8,49.268
"vdc_v",66675.8,49.268
"vdc_v",66675.8,49.268
"vdc_v",66675.9,49.268
"vdc_v",66675.9,49.268
"vdc_v",66675.9,49.268
"vdc_v",66675.9,49.268
"vdc_v",66675.9,49.268
"vdc_v",66675.9,49.268
"vdc_v",66675.9,49.268
"vdc_v",66675.9,49.268
"vdc_v",66675.9,49.268
"vdc_v",66675.9,49.268
"vdc_v",66676,49.268
"vdc_v",66676,49.268
"vdc_v",66676,49.268
"vdc_v",66676,49.268
"vdc_v",66676,49.268
"vdc_v",66676,49.268
"vdc_v",66676,49.268
"vdc_v",66676,49.268
"vdc_v",66676,49.268
"vdc_v",66676,49.268
"vdc_v",66676,49.268
"vdc_v",66676.1,49.268
"vdc_v",66676.1,49.268
"vdc_v",66676.1,49.268
"vdc_v",66676.1,49.268
"vdc_v",66676.1,49.268
"vdc_v",66676.1,49.268
"vdc_v",66676.1,49.268
"vdc_v",66676.1,49.268
"vdc_v",66676.1,49.268
"vdc_v",66676.1,49.268
"vdc_v",66676.2,49.268
"vdc_v",66676.2,49.268
"vdc_v",66676.2,49.268
"vdc_v",66676.2,49.268
"vdc_v",66676.2,49.268
"vdc_v",66676.2,49.268
"vdc_v",66676.2,49.268
"vdc_v",66676.2,49.268
"vdc_v",66676.2,49.268
"vdc_v",66676.2,49.268
"vdc_v",66676.3,49.268
"vdc_v",66676.3,49.268
"vdc_v",66676.3,49.268
"vdc_v",66676.3,49.268
"vdc_v",66676.3,49.268
"vdc_v",66676.3,49.268
"vdc_v",66676.3,49.268
"vdc_v",66676.3,49.268
"vdc_v",66676.3,49.268
"vdc_v",66676.4,49.268
"vdc_v",66676.4,49.268
"vdc_v",66676.4,49.268
"vdc_v",66676.4,49.268
"vdc_v",66676.4,49.268
"vdc_v",66676.4,49.268
"vdc_v",66676.4,49.268
"vdc_v",66676.4,49.268
"vdc_v",66676.4,49.268
"vdc_v",66676.4,49.268
"vdc_v",66676.5,49.268
"vdc_v",66676.5,49.268
"vdc_v",66676.5,49.268
"vdc_v",66676.5,49.268
"vdc_v",66676.5,49.268
"vdc_v",66676.5,49.268
"vdc_v",66676.5,49.268
"vdc_v",66676.5,49.268
"vdc_v",66676.5,49.268
"vdc_v",66676.5,49.268
"vdc_v",66676.6,49.268
"vdc_v",66676.6,49.268
"vdc_v",66676.6,49.268
"vdc_v",66676.6,49.268
"vdc_v",66676.6,49.268
"vdc_v",66676.6,49.268
"vdc_v",66676.6,49.268
"vdc_v",66676.6,49.268
"vdc_v",66676.6,49.268
"vdc_v",66676.6,49.268
"vdc_v",66676.7,49.268
"vdc_v",66676.7,49.268
"vdc_v",66676.7,49.268
"vdc_v",66676.7,49.268
"vdc_v",66676.7,49.268
"vdc_v",66676.7,49.268
"vdc_v",66676.7,49.268
"vdc_v",66676.7,49.268
"vdc_v",66676.7,49.268
"vdc_v",66676.7,49.268
"vdc_v",66676.8,49.268
"vdc_v",66676.8,49.268
"vdc_v",66676.8,49.268
"vdc_v",66676.8,49.268
"vdc_v",66676.8,49.268
"vdc_v",66676.8,49.268
"vdc_v",66676.8,49.268
"vdc_v",66676.8,49.268
"vdc_v",66676.8,49.268
"vdc_v",66676.8,49.268
"vdc_v",66676.9,49.268
"vdc_v",66676.9,49.268
"vdc_v",66676.9,49.268
"vdc_v",66676.9,49.268
"vdc_v",66676.9,49.268
"vdc_v",66676.9,49.268
"vdc_v",66676.9,49.268
"vdc_v",66676.9,49.268
"vdc_v",66676.9,49.268
"vdc_v",66676.9,49.268
"vdc_v",66677,49.268
"vdc_v",66677,49.268
"vdc_v",66677,49.268
"vdc_v",66677,49.268
"vdc_v",66677,49.268
"vdc_v",66677,49.268
"vdc_v",66677,49.268
"vdc_v",66677,49.268
"vdc_v",66677,49.268
"vdc_v",66677,49.268
"vdc_v",66677.1,49.268
"vdc_v",66677.1,49.268
"vdc_v",66677.1,49.268
"vdc_v",66677.1,49.268
"vdc_v",66677.1,49.268
"vdc_v",66677.1,49.268
"vdc_v",66677.1,49.268
"vdc_v",66677.1,49.268
"vdc_v",66677.1,49.268
"vdc_v",66677.1,49.268
"vdc_v",66677.2,49.268
"vdc_v",66677.2,49.268
"vdc_v",66677.2,49.268
"vdc_v",66677.2,49.268
"vdc_v",66677.2,49.268
"vdc_v",66677.2,49.268
"vdc_v",66677.2,49.268
"vdc_v",66677.2,49.268
"vdc_v",66677.2,49.268
"vdc_v",66677.2,49.268
"vdc_v",66677.2,49.268
"vdc_v",66677.3,49.268
"vdc_v",66677.3,49.268
"vdc_v",66677.3,49.268
"vdc_v",66677.3,49.268
"vdc_v",66677.3,49.268
"vdc_v",66677.3,49.268
"vdc_v",66677.3,49.268
"vdc_v",66677.3,49.268
"vdc_v",66677.3,49.268
"vdc_v",66677.4,49.268
"vdc_v",66677.4,49.268
"vdc_v",66677.4,49.268
"vdc_v",66677.4,49.268
"vdc_v",66677.4,49.268
"vdc_v",66677.4,49.268
"vdc_v",66677.4,49.268
"vdc_v",66677.4,49.268
"vdc_v",66677.4,49.268
"vdc_v",66677.4,49.268
"vdc_v",66677.5,49.268
"vdc_v",66677.5,49.268
"vdc_v",66677.5,49.268
"vdc_v",66677.5,49.268
"vdc_v",66677.5,49.268
"vdc_v",66677.5,49.268
"vdc_v",66677.5,49.268
"vdc_v",66677.5,49.268
"vdc_v",66677.5,49.268
"vdc_v",66677.5,49.268
"vdc_v",66677.6,49.268
"vdc_v",66677.6,49.268
"vdc_v",66677.6,49.268
"vdc_v",66677.6,49.268
"vdc_v",66677.6,49.268
"vdc_v",66677.6,49.268
"vdc_v",66677.6,49.268
"vdc_v",66677.6,49.268
"vdc_v",66677.6,49.268
"vdc_v",66677.6,49.268
"vdc_v",66677.7,49.268
"vdc_v",66677.7,49.268
"vdc_v",66677.7,49.268
"vdc_v",66677.7,49.268
"vdc_v",66677.7,49.268
"vdc_v",66677.7,49.268
"vdc_v",66677.7,49.268
"vdc_v",66677.7,49.268
"vdc_v",66677.7,49.268
"vdc_v",66677.8,49.268
"vdc_v",66677.8,49.268
"vdc_v",66677.8,49.268
"vdc_v",66677.8,49.268
"vdc_v",66677.8,49.268
"vdc_v",66677.8,49.268
"vdc_v",66677.8,49.268
"vdc_v",66677.8,49.268
"vdc_v",66677.8,49.268
"vdc_v",66677.8,49.268
"vdc_v",66677.9,49.268
"vdc_v",66677.9,49.268
"vdc_v",66677.9,49.268
"vdc_v",66677.9,49.268
"vdc_v",66677.9,49.268
"vdc_v",66677.9,49.268
"vdc_v",66677.9,49.268
"vdc_v",66677.9,49.268
"vdc_v",66677.9,49.268
"vdc_v",66677.9,49.268
"vdc_v",66678,49.268
"vdc_v",66678,49.268
"vdc_v",66678,49.268
"vdc_v",66678,49.268
"vdc_v",66678,49.268
"vdc_v",66678,49.268
"vdc_v",66678,49.268
"vdc_v",66678,49.268
"vdc_v",66678,49.268
"vdc_v",66678,49.268
"vdc_v",66678,49.268
"vdc_v",66678.1,49.268
"vdc_v",66678.1,49.268
"vdc_v",66678.1,49.268
"vdc_v",66678.1,49.268
"vdc_v",66678.1,49.268
"vdc_v",66678.1,49.268
"vdc_v",66678.1,49.268
"vdc_v",66678.1,49.268
"vdc_v",66678.1,49.268
"vdc_v",66678.1,49.268
"vdc_v",66678.2,49.268
"vdc_v",66678.2,49.268
"vdc_v",66678.2,49.268
"vdc_v",66678.2,49.268
"vdc_v",66678.2,49.268
"vdc_v",66678.2,49.268
"vdc_v",66678.2,49.268
"vdc_v",66678.2,49.268
"vdc_v",66678.2,49.268
"vdc_v",66678.2,49.268
"vdc_v",66678.3,49.268
"vdc_v",66678.3,49.268
"vdc_v",66678.3,49.268
"vdc_v",66678.3,49.268
"vdc_v",66678.3,49.268
"vdc_v",66678.3,49.268
"vdc_v",66678.3,49.268
"vdc_v",66678.3,49.268
"vdc_v",66678.3,49.268
"vdc_v",66678.4,49.268
"vdc_v",66678.4,49.268
"vdc_v",66678.4,49.268
"vdc_v",66678.4,49.268
"vdc_v",66678.4,49.268
"vdc_v",66678.4,49.268
"vdc_v",66678.4,49.268
"vdc_v",66678.4,49.268
"vdc_v",66678.4,49.268
"vdc_v",66678.4,49.268
"vdc_v",66678.4,49.268
"vdc_v",66678.5,49.268
"vdc_v",66678.5,49.268
"vdc_v",66678.5,49.268
"vdc_v",66678.5,49.268
"vdc_v",66678.5,49.268
"vdc_v",66678.5,49.268
"vdc_v",66678.5,49.268
"vdc_v",66678.5,49.268
"vdc_v",66678.5,49.268
"vdc_v",66678.5,49.268
"vdc_v",66678.6,49.268
"vdc_v",66678.6,49.268
"vdc_v",66678.6,49.268
"vdc_v",66678.6,49.268
"vdc_v",66678.6,49.268
"vdc_v",66678.6,49.268
"vdc_v",66678.6,49.268
"vdc_v",66678.6,49.268
"vdc_v",66678.6,49.268
"vdc_v",66678.7,49.268
"vdc_v",66678.7,49.268
"vdc_v",66678.7,49.268
"vdc_v",66678.7,49.268
"vdc_v",66678.7,49.268
"vdc_v",66678.7,49.268
"vdc_v",66678.7,49.268
"vdc_v",66678.7,49.268
"vdc_v",66678.7,49.268
"vdc_v",66678.7,49.268
"vdc_v",66678.8,49.268
"vdc_v",66678.8,49.268
"vdc_v",66678.8,49.268
"vdc_v",66678.8,49.268
"vdc_v",66678.8,49.268
"vdc_v",66678.8,49.268
"vdc_v",66678.8,49.268
"vdc_v",66678.8,49.268
"vdc_v",66678.8,49.268
"vdc_v",66678.8,49.268
"vdc_v",66678.9,49.268
"vdc_v",66678.9,49.268
"vdc_v",66678.9,49.268
"vdc_v",66678.9,49.268
"vdc_v",66678.9,49.268
"vdc_v",66678.9,49.268
"vdc_v",66678.9,49.268
"vdc_v",66678.9,49.268
"vdc_v",66678.9,49.268
"vdc_v",66678.9,49.268
"vdc_v",66679,49.268
"vdc_v",66679,49.268
"vdc_v",66679,49.268
"vdc_v",66679,49.268
"vdc_v",66679,49.268
"vdc_v",66679,49.268
"vdc_v",66679,49.268
"vdc_v",66679,49.268
"vdc_v",66679,49.268
"vdc_v",66679,49.268
"vdc_v",66679.1,49.268
"vdc_v",66679.1,49.268
"vdc_v",66679.1,49.268
"vdc_v",66679.1,49.268
"vdc_v",66679.1,49.268
"vdc_v",66679.1,49.268
"vdc_v",66679.1,49.268
"vdc_v",66679.1,49.268
"vdc_v",66679.1,49.268
"vdc_v",66679.1,49.268
"vdc_v",66679.2,49.268
"vdc_v",66679.2,49.268
"vdc_v",66679.2,49.268
"vdc_v",66679.2,49.268
"vdc_v",66679.2,49.268
"vdc_v",66679.2,49.268
"vdc_v",66679.2,49.268
"vdc_v",66679.2,49.268
"vdc_v",66679.2,49.268
"vdc_v",66679.2,49.268
"vdc_v",66679.2,49.268
"vdc_v",66679.3,49.268
"vdc_v",66679.3,49.268
"vdc_v",66679.3,49.268
"vdc_v",66679.3,49.268
"vdc_v",66679.3,49.268
"vdc_v",66679.3,49.268
"vdc_v",66679.3,49.268
"vdc_v",66679.3,49.268
"vdc_v",66679.3,49.268
"vdc_v",66679.4,49.268
"vdc_v",66679.4,49.268
"vdc_v",66679.4,49.268
"vdc_v",66679.4,49.268
"vdc_v",66679.4,49.268
"vdc_v",66679.4,49.268
"vdc_v",66679.4,49.268
"vdc_v",66679.4,49.268
"vdc_v",66679.4,49.268
"vdc_v",66679.4,49.268
"vdc_v",66679.5,49.268
"vdc_v",66679.5,49.268
"vdc_v",66679.5,49.268
"vdc_v",66679.5,49.268
"vdc_v",66679.5,49.268
"vdc_v",66679.5,49.268
"vdc_v",66679.5,49.268
"vdc_v",66679.5,49.268
"vdc_v",66679.5,49.268
"vdc_v",66679.5,49.268
"vdc_v",66679.6,49.268
"vdc_v",66679.6,49.268
"vdc_v",66679.6,49.268
"vdc_v",66679.6,49.268
"vdc_v",66679.6,49.268
"vdc_v",66679.6,49.268
"vdc_v",66679.6,49.268
"vdc_v",66679.6,49.268
"vdc_v",66679.6,49.268
"vdc_v",66679.6,49.268
"vdc_v",66679.6,49.268
"vdc_v",66679.7,49.268
"vdc_v",66679.7,49.268
"vdc_v",66679.7,49.268
"vdc_v",66679.7,49.268
"vdc_v",66679.7,49.268
"vdc_v",66679.7,49.268
"vdc_v",66679.7,49.268
"vdc_v",66679.7,49.268
"vdc_v",66679.7,49.268
"vdc_v",66679.7,49.268
"vdc_v",66679.8,49.268
"vdc_v",66679.8,49.268
"vdc_v",66679.8,49.268
"vdc_v",66679.8,49.268
"vdc_v",66679.8,49.268
"vdc_v",66679.8,49.268
"vdc_v",66679.8,49.268
"vdc_v",66679.8,49.268
"vdc_v",66679.8,49.268
"vdc_v",66679.8,49.268
"vdc_v",66679.9,49.268
"vdc_v",66679.9,49.268
"vdc_v",66679.9,49.268
"vdc_v",66679.9,49.268
"vdc_v",66679.9,49.268
"vdc_v",66679.9,49.268
"vdc_v",66679.9,49.268
"vdc_v",66679.9,49.268
"vdc_v",66679.9,49.268
"vdc_v",66679.9,49.268
"vdc_v",66680,49.268
"vdc_v",66680,49.268
"vdc_v",66680,49.268
"vdc_v",66680,49.268
"vdc_v",66680,49.268
"vdc_v",66680,49.268
"vdc_v",66680,49.268
"vdc_v",66680,49.268
"vdc_v",66680,49.268
"vdc_v",66680,49.268
"vdc_v",66680.1,49.268
"vdc_v",66680.1,49.268
"vdc_v",66680.1,49.268
"vdc_v",66680.1,49.268
"vdc_v",66680.1,49.268
"vdc_v",66680.1,49.268
"vdc_v",66680.1,49.268
"vdc_v",66680.1,49.268
"vdc_v",66680.1,49.268
"vdc_v",66680.1,49.268
"vdc_v",66680.2,49.268
"vdc_v",66680.2,49.268
"vdc_v",66680.2,49.268
"vdc_v",66680.2,49.268
"vdc_v",66680.2,49.268
"vdc_v",66680.2,49.268
"vdc_v",66680.2,49.268
"vdc_v",66680.2,49.268
"vdc_v",66680.2,49.268
"vdc_v",66680.2,49.268
"vdc_v",66680.3,49.268
"vdc_v",66680.3,49.268
"vdc_v",66680.3,49.268
"vdc_v",66680.3,49.268
"vdc_v",66680.3,49.268
"vdc_v",66680.3,49.268
"vdc_v",66680.3,49.268
"vdc_v",66680.3,49.268
"vdc_v",66680.3,49.268
"vdc_v",66680.3,49.268
"vdc_v",66680.4,49.268
"vdc_v",66680.4,49.268
"vdc_v",66680.4,49.268
"vdc_v",66680.4,49.268
"vdc_v",66680.4,49.268
"vdc_v",66680.4,49.268
"vdc_v",66680.4,49.268
"vdc_v",66680.4,49.268
"vdc_v",66680.4,49.268
"vdc_v",66680.4,49.268
"vdc_v",66680.5,49.268
"vdc_v",66680.5,49.268
"vdc_v",66680.5,49.268
"vdc_v",66680.5,49.268
"vdc_v",66680.5,49.268
"vdc_v",66680.5,49.268
"vdc_v",66680.5,49.268
"vdc_v",66680.5,49.268
"vdc_v",66680.5,49.268
"vdc_v",66680.5,49.268
"vdc_v",66680.6,49.268
"vdc_v",66680.6,49.268
"vdc_v",66680.6,49.268
"vdc_v",66680.6,49.268
"vdc_v",66680.6,49.268
"vdc_v",66680.6,49.268
"vdc_v",66680.6,49.268
"vdc_v",66680.6,49.268
"vdc_v",66680.6,49.268
"vdc_v",66680.6,49.268
"vdc_v",66680.6,49.268
"vdc_v",66680.7,49.268
"vdc_v",66680.7,49.268
"vdc_v",66680.7,49.268
"vdc_v",66680.7,49.268
"vdc_v",66680.7,49.268
"vdc_v",66680.7,49.268
"vdc_v",66680.7,49.268
"vdc_v",66680.7,49.268
"vdc_v",66680.7,49.268
"vdc_v",66680.7,49.268
"vdc_v",66680.8,49.268
"vdc_v",66680.8,49.268
"vdc_v",66680.8,49.268
"vdc_v",66680.8,49.268
"vdc_v",66680.8,49.268
"vdc_v",66680.8,49.268
"vdc_v",66680.8,49.268
"vdc_v",66680.8,49.268
"vdc_v",66680.8,49.268
"vdc_v",66680.8,49.268
"vdc_v",66680.9,49.268
"vdc_v",66680.9,49.268
"vdc_v",66680.9,49.268
"vdc_v",66680.9,49.268
"vdc_v",66680.9,49.268
"vdc_v",66680.9,49.268
"vdc_v",66680.9,49.268
"vdc_v",66680.9,49.268
"vdc_v",66680.9,49.268
"vdc_v",66680.9,49.268
"vdc_v",66681,49.268
"vdc_v",66681,49.268
"vdc_v",66681,49.268
"vdc_v",66681,49.268
"vdc_v",66681,49.268
"vdc_v",66681,49.268
"vdc_v",66681,49.268
"vdc_v",66681,49.268
"vdc_v",66681,49.268
"vdc_v",66681,49.268
"vdc_v",66681.1,49.268
"vdc_v",66681.1,49.268
"vdc_v",66681.1,49.268
"vdc_v",66681.1,49.268
"vdc_v",66681.1,49.268
"vdc_v",66681.1,49.268
"vdc_v",66681.1,49.268
"vdc_v",66681.1,49.268
"vdc_v",66681.1,49.268
"vdc_v",66681.1,49.268
"vdc_v",66681.2,49.268
"vdc_v",66681.2,49.268
"vdc_v",66681.2,49.268
"vdc_v",66681.2,49.268
"vdc_v",66681.2,49.268
"vdc_v",66681.2,49.268
"vdc_v",66681.2,49.268
"vdc_v",66681.2,49.268
"vdc_v",66681.2,49.268
"vdc_v",66681.2,49.268
"vdc_v",66681.3,49.268
"vdc_v",66681.3,49.268
"vdc_v",66681.3,49.268
"vdc_v",66681.3,49.268
"vdc_v",66681.3,49.268
"vdc_v",66681.3,49.268
"vdc_v",66681.3,49.268
"vdc_v",66681.3,49.268
"vdc_v",66681.3,49.268
"vdc_v",66681.3,49.268
"vdc_v",66681.4,49.268
"vdc_v",66681.4,49.268
"vdc_v",66681.4,49.268
"vdc_v",66681.4,49.268
"vdc_v",66681.4,49.268
"vdc_v",66681.4,49.268
"vdc_v",66681.4,49.268
"vdc_v",66681.4,49.268
"vdc_v",66681.4,49.268
"vdc_v",66681.4,49.268
"vdc_v",66681.5,49.268
"vdc_v",66681.5,49.268
"vdc_v",66681.5,49.268
"vdc_v",66681.5,49.268
"vdc_v",66681.5,49.268
"vdc_v",66681.5,49.268
"vdc_v",66681.5,49.268
"vdc_v",66681.5,49.268
"vdc_v",66681.5,49.268
"vdc_v",66681.5,49.268
"vdc_v",66681.6,49.268
"vdc_v",66681.6,49.268
"vdc_v",66681.6,49.268
"vdc_v",66681.6,49.268
"vdc_v",66681.6,49.268
"vdc_v",66681.6,49.268
"vdc_v",66681.6,49.268
"vdc_v",66681.6,49.268
"vdc_v",66681.6,49.268
"vdc_v",66681.6,49.268
"vdc_v",66681.7,49.268
"vdc_v",66681.7,49.268
"vdc_v",66681.7,49.268
"vdc_v",66681.7,49.268
"vdc_v",66681.7,49.268
"vdc_v",66681.7,49.268
"vdc_v",66681.7,49.268
"vdc_v",66681.7,49.268
"vdc_v",66681.7,49.268
"vdc_v",66681.7,49.268
"vdc_v",66681.8,49.268
"vdc_v",66681.8,49.268
"vdc_v",66681.8,49.268
"vdc_v",66681.8,49.268
"vdc_v",66681.8,49.268
"vdc_v",66681.8,49.268
"vdc_v",66681.8,49.268
"vdc_v",66681.8,49.268
"vdc_v",66681.8,49.268
"vdc_v",66681.8,49.268
"vdc_v",66681.9,49.268
"vdc_v",66681.9,49.268
"vdc_v",66681.9,49.268
"vdc_v",66681.9,49.268
"vdc_v",66681.9,49.268
"vdc_v",66681.9,49.268
"vdc_v",66681.9,49.268
"vdc_v",66681.9,49.268
"vdc_v",66681.9,49.268
"vdc_v",66681.9,49.268
"vdc_v",66682,49.268
"vdc_v",66682,49.268
"vdc_v",66682,49.268
"vdc_v",66682,49.268
"vdc_v",66682,49.268
"vdc_v",66682,49.268
"vdc_v",66682,49.268
"vdc_v",66682,49.268
"vdc_v",66682,49.268
"vdc_v",66682,49.268
"vdc_v",66682.1,49.268
"vdc_v",66682.1,49.268
"vdc_v",66682.1,49.268
"vdc_v",66682.1,49.268
"vdc_v",66682.1,49.268
"vdc_v",66682.1,49.268
"vdc_v",66682.1,49.268
"vdc_v",66682.1,49.268
"vdc_v",66682.1,49.268
"vdc_v",66682.1,49.268
"vdc_v",66682.2,49.268
"vdc_v",66682.2,49.268
"vdc_v",66682.2,49.268
"vdc_v",66682.2,49.268
"vdc_v",66682.2,49.268
"pwm_moe",66652.3,1
"pwm_moe",66652.3,1
"pwm_moe",66652.3,1
"pwm_moe",66652.3,1
"pwm_moe",66652.3,1
"pwm_moe",66652.3,1
"pwm_moe",66652.4,1
"pwm_moe",66652.4,1
"pwm_moe",66652.4,1
"pwm_moe",66652.4,1
"pwm_moe",66652.4,1
"pwm_moe",66652.4,1
"pwm_moe",66652.4,1
"pwm_moe",66652.4,1
"pwm_moe",66652.4,1
"pwm_moe",66652.4,1
"pwm_moe",66652.5,1
"pwm_moe",66652.5,1
"pwm_moe",66652.5,1
"pwm_moe",66652.5,1
"pwm_moe",66652.5,1
"pwm_moe",66652.5,1
"pwm_moe",66652.5,1
"pwm_moe",66652.5,1
"pwm_moe",66652.5,1
"pwm_moe",66652.5,1
"pwm_moe",66652.6,1
"pwm_moe",66652.6,1
"pwm_moe",66652.6,1
"pwm_moe",66652.6,1
"pwm_moe",66652.6,1
"pwm_moe",66652.6,1
"pwm_moe",66652.6,1
"pwm_moe",66652.6,1
"pwm_moe",66652.6,1
"pwm_moe",66652.6,1
"pwm_moe",66652.7,1
"pwm_moe",66652.7,1
"pwm_moe",66652.7,1
"pwm_moe",66652.7,1
"pwm_moe",66652.7,1
"pwm_moe",66652.7,1
"pwm_moe",66652.7,1
"pwm_moe",66652.7,1
"pwm_moe",66652.7,1
"pwm_moe",66652.7,1
"pwm_moe",66652.8,1
"pwm_moe",66652.8,1
"pwm_moe",66652.8,1
"pwm_moe",66652.8,1
"pwm_moe",66652.8,1
"pwm_moe",66652.8,1
"pwm_moe",66652.8,1
"pwm_moe",66652.8,1
"pwm_moe",66652.8,1
"pwm_moe",66652.8,1
"pwm_moe",66652.9,1
"pwm_moe",66652.9,1
"pwm_moe",66652.9,1
"pwm_moe",66652.9,1
"pwm_moe",66652.9,1
"pwm_moe",66652.9,1
"pwm_moe",66652.9,1
"pwm_moe",66652.9,1
"pwm_moe",66652.9,1
"pwm_moe",66652.9,1
"pwm_moe",66653,1
"pwm_moe",66653,1
"pwm_moe",66653,1
"pwm_moe",66653,1
"pwm_moe",66653,1
"pwm_moe",66653,1
"pwm_moe",66653,1
"pwm_moe",66653,1
"pwm_moe",66653,1
"pwm_moe",66653,1
"pwm_moe",66653.1,1
"pwm_moe",66653.1,1
"pwm_moe",66653.1,1
"pwm_moe",66653.1,1
"pwm_moe",66653.1,1
"pwm_moe",66653.1,1
"pwm_moe",66653.1,1
"pwm_moe",66653.1,1
"pwm_moe",66653.1,1
"pwm_moe",66653.1,1
"pwm_moe",66653.2,1
"pwm_moe",66653.2,1
"pwm_moe",66653.2,1
"pwm_moe",66653.2,1
"pwm_moe",66653.2,1
"pwm_moe",66653.2,1
"pwm_moe",66653.2,1
"pwm_moe",66653.2,1
"pwm_moe",66653.2,1
"pwm_moe",66653.2,1
"pwm_moe",66653.3,1
"pwm_moe",66653.3,1
"pwm_moe",66653.3,1
"pwm_moe",66653.3,1
"pwm_moe",66653.3,1
"pwm_moe",66653.3,1
"pwm_moe",66653.3,1
"pwm_moe",66653.3,1
"pwm_moe",66653.3,1
"pwm_moe",66653.3,1
"pwm_moe",66653.4,1
"pwm_moe",66653.4,1
"pwm_moe",66653.4,1
"pwm_moe",66653.4,1
"pwm_moe",66653.4,1
"pwm_moe",66653.4,1
"pwm_moe",66653.4,1
"pwm_moe",66653.4,1
"pwm_moe",66653.4,1
"pwm_moe",66653.4,1
"pwm_moe",66653.5,1
"pwm_moe",66653.5,1
"pwm_moe",66653.5,1
"pwm_moe",66653.5,1
"pwm_moe",66653.5,1
"pwm_moe",66653.5,1
"pwm_moe",66653.5,1
"pwm_moe",66653.5,1
"pwm_moe",66653.5,1
"pwm_moe",66653.5,1
"pwm_moe",66653.6,1
"pwm_moe",66653.6,1
"pwm_moe",66653.6,1
"pwm_moe",66653.6,1
"pwm_moe",66653.6,1
"pwm_moe",66653.6,1
"pwm_moe",66653.6,1
"pwm_moe",66653.6,1
"pwm_moe",66653.6,0
"pwm_moe",66653.6,0
"pwm_moe",66653.7,0
"pwm_moe",66653.7,0
"pwm_moe",66653.7,0
"pwm_moe",66653.7,0
"pwm_moe",66653.7,0
"pwm_moe",66653.7,0
"pwm_moe",66653.7,0
"pwm_moe",66653.7,0
"pwm_moe",66653.7,0
"pwm_moe",66653.8,0
"pwm_moe",66653.8,0
"pwm_moe",66653.8,0
"pwm_moe",66653.8,0
"pwm_moe",66653.8,0
"pwm_moe",66653.8,0
"pwm_moe",66653.8,0
"pwm_moe",66653.8,0
"pwm_moe",66653.8,0
"pwm_moe",66653.8,0
"pwm_moe",66653.9,0
"pwm_moe",66653.9,0
"pwm_moe",66653.9,0
"pwm_moe",66653.9,0
"pwm_moe",66653.9,0
"pwm_moe",66653.9,0
"pwm_moe",66653.9,0
"pwm_moe",66653.9,0
"pwm_moe",66653.9,0
"pwm_moe",66653.9,0
"pwm_moe",66653.9,0
"pwm_moe",66654,0
"pwm_moe",66654,0
"pwm_moe",66654,0
"pwm_moe",66654,0
"pwm_moe",66654,0
"pwm_moe",66654,0
"pwm_moe",66654,0
"pwm_moe",66654,0
"pwm_moe",66654,0
"pwm_moe",66654,0
"pwm_moe",66654.1,0
"pwm_moe",66654.1,0
"pwm_moe",66654.1,0
"pwm_moe",66654.1,0
"pwm_moe",66654.1,0
"pwm_moe",66654.1,0
"pwm_moe",66654.1,0
"pwm_moe",66654.1,0
"pwm_moe",66654.1,0
"pwm_moe",66654.1,0
"pwm_moe",66654.2,0
"pwm_moe",66654.2,0
"pwm_moe",66654.2,0
"pwm_moe",66654.2,0
"pwm_moe",66654.2,0
"pwm_moe",66654.2,0
"pwm_moe",66654.2,0
"pwm_moe",66654.2,0
"pwm_moe",66654.2,0
"pwm_moe",66654.2,0
"pwm_moe",66654.3,0
"pwm_moe",66654.3,0
"pwm_moe",66654.3,0
"pwm_moe",66654.3,0
"pwm_moe",66654.3,0
"pwm_moe",66654.3,0
"pwm_moe",66654.3,0
"pwm_moe",66654.3,0
"pwm_moe",66654.3,0
"pwm_moe",66654.4,0
"pwm_moe",66654.4,0
"pwm_moe",66654.4,0
"pwm_moe",66654.4,0
"pwm_moe",66654.4,0
"pwm_moe",66654.4,0
"pwm_moe",66654.4,0
"pwm_moe",66654.4,0
"pwm_moe",66654.4,0
"pwm_moe",66654.4,0
"pwm_moe",66654.4,0
"pwm_moe",66654.5,0
"pwm_moe",66654.5,0
"pwm_moe",66654.5,0
"pwm_moe",66654.5,0
"pwm_moe",66654.5,0
"pwm_moe",66654.5,0
"pwm_moe",66654.5,0
"pwm_moe",66654.5,0
"pwm_moe",66654.5,0
"pwm_moe",66654.5,0
"pwm_moe",66654.6,0
"pwm_moe",66654.6,0
"pwm_moe",66654.6,0
"pwm_moe",66654.6,0
"pwm_moe",66654.6,0
"pwm_moe",66654.6,0
"pwm_moe",66654.6,0
"pwm_moe",66654.6,0
"pwm_moe",66654.6,0
"pwm_moe",66654.7,0
"pwm_moe",66654.7,0
"pwm_moe",66654.7,0
"pwm_moe",66654.7,0
"pwm_moe",66654.7,0
"pwm_moe",66654.7,0
"pwm_moe",66654.8,0
"pwm_moe",66654.8,0
"pwm_moe",66654.8,0
"pwm_moe",66654.8,0
"pwm_moe",66654.8,0
"pwm_moe",66654.8,0
"pwm_moe",66654.8,0
"pwm_moe",66654.8,0
"pwm_moe",66654.9,0
"pwm_moe",66654.9,0
"pwm_moe",66654.9,0
"pwm_moe",66654.9,0
"pwm_moe",66654.9,0
"pwm_moe",66654.9,0
"pwm_moe",66655,0
"pwm_moe",66655,0
"pwm_moe",66655,0
"pwm_moe",66655,0
"pwm_moe",66655,0
"pwm_moe",66655,0
"pwm_moe",66655.1,0
"pwm_moe",66655.1,0
"pwm_moe",66655.1,0
"pwm_moe",66655.1,0
"pwm_moe",66655.1,0
"pwm_moe",66655.1,0
"pwm_moe",66655.1,0
"pwm_moe",66655.1,0
"pwm_moe",66655.1,0
"pwm_moe",66655.1,0
"pwm_moe",66655.2,0
"pwm_moe",66655.2,0
"pwm_moe",66655.2,0
"pwm_moe",66655.2,0
"pwm_moe",66655.2,0
"pwm_moe",66655.2,0
"pwm_moe",66655.2,0
"pwm_moe",66655.2,0
"pwm_moe",66655.2,0
"pwm_moe",66655.2,0
"pwm_moe",66655.2,0
"pwm_moe",66655.2,0
"pwm_moe",66655.3,0
"pwm_moe",66655.3,0
"pwm_moe",66655.3,0
"pwm_moe",66655.3,0
"pwm_moe",66655.3,0
"pwm_moe",66655.3,0
"pwm_moe",66655.3,0
"pwm_moe",66655.3,0
"pwm_moe",66655.3,0
"pwm_moe",66655.3,0
"pwm_moe",66655.4,0
"pwm_moe",66655.4,0
"pwm_moe",66655.4,0
"pwm_moe",66655.4,0
"pwm_moe",66655.4,0
"pwm_moe",66655.4,0
"pwm_moe",66655.4,0
"pwm_moe",66655.4,0
"pwm_moe",66655.4,0
"pwm_moe",66655.4,0
"pwm_moe",66655.4,0
"pwm_moe",66655.5,0
"pwm_moe",66655.5,0
"pwm_moe",66655.5,0
"pwm_moe",66655.5,0
"pwm_moe",66655.5,0
"pwm_moe",66655.5,0
"pwm_moe",66655.5,0
"pwm_moe",66655.5,0
"pwm_moe",66655.5,0
"pwm_moe",66655.5,0
"pwm_moe",66655.6,0
"pwm_moe",66655.6,0
"pwm_moe",66655.6,0
"pwm_moe",66655.6,0
"pwm_moe",66655.6,0
"pwm_moe",66655.6,0
"pwm_moe",66655.6,0
"pwm_moe",66655.6,0
"pwm_moe",66655.6,0
"pwm_moe",66655.6,0
"pwm_moe",66655.6,0
"pwm_moe",66655.6,0
"pwm_moe",66655.7,0
"pwm_moe",66655.7,0
"pwm_moe",66655.7,0
"pwm_moe",66655.7,0
"pwm_moe",66655.7,0
"pwm_moe",66655.7,0
"pwm_moe",66655.7,0
"pwm_moe",66655.7,0
"pwm_moe",66655.7,0
"pwm_moe",66655.7,0
"pwm_moe",66655.8,0
"pwm_moe",66655.8,0
"pwm_moe",66655.8,0
"pwm_moe",66655.8,0
"pwm_moe",66655.8,0
"pwm_moe",66655.8,0
"pwm_moe",66655.8,0
"pwm_moe",66655.8,0
"pwm_moe",66655.8,0
"pwm_moe",66655.8,0
"pwm_moe",66655.8,0
"pwm_moe",66655.8,0
"pwm_moe",66655.9,0
"pwm_moe",66655.9,0
"pwm_moe",66655.9,0
"pwm_moe",66655.9,0
"pwm_moe",66655.9,0
"pwm_moe",66655.9,0
"pwm_moe",66655.9,0
"pwm_moe",66655.9,0
"pwm_moe",66655.9,0
"pwm_moe",66655.9,0
"pwm_moe",66656,0
"pwm_moe",66656,0
"pwm_moe",66656,0
"pwm_moe",66656,0
"pwm_moe",66656,0
"pwm_moe",66656,0
"pwm_moe",66656,0
"pwm_moe",66656,0
"pwm_moe",66656,0
"pwm_moe",66656,0
"pwm_moe",66656.1,0
"pwm_moe",66656.1,0
"pwm_moe",66656.1,0
"pwm_moe",66656.1,0
"pwm_moe",66656.1,0
"pwm_moe",66656.1,0
"pwm_moe",66656.1,0
"pwm_moe",66656.1,0
"pwm_moe",66656.1,0
"pwm_moe",66656.1,0
"pwm_moe",66656.1,0
"pwm_moe",66656.2,0
"pwm_moe",66656.2,0
"pwm_moe",66656.2,0
"pwm_moe",66656.2,0
"pwm_moe",66656.2,0
"pwm_moe",66656.2,0
"pwm_moe",66656.2,0
"pwm_moe",66656.2,0
"pwm_moe",66656.2,0
"pwm_moe",66656.2,0
"pwm_moe",66656.3,0
"pwm_moe",66656.3,0
"pwm_moe",66656.3,0
"pwm_moe",66656.3,0
"pwm_moe",66656.3,0
"pwm_moe",66656.3,0
"pwm_moe",66656.3,0
"pwm_moe",66656.3,0
"pwm_moe",66656.3,0
"pwm_moe",66656.4,0
"pwm_moe",66656.4,0
"pwm_moe",66656.4,0
"pwm_moe",66656.4,0
"pwm_moe",66656.4,0
"pwm_moe",66656.4,0
"pwm_moe",66656.4,0
"pwm_moe",66656.4,0
"pwm_moe",66656.4,0
"pwm_moe",66656.5,0
"pwm_moe",66656.5,0
"pwm_moe",66656.5,0
"pwm_moe",66656.5,0
"pwm_moe",66656.5,0
"pwm_moe",66656.5,0
"pwm_moe",66656.5,0
"pwm_moe",66656.5,0
"pwm_moe",66656.5,0
"pwm_moe",66656.5,0
"pwm_moe",66656.5,0
"pwm_moe",66656.6,0
"pwm_moe",66656.6,0
"pwm_moe",66656.6,0
"pwm_moe",66656.6,0
"pwm_moe",66656.6,0
"pwm_moe",66656.6,0
"pwm_moe",66656.6,0
"pwm_moe",66656.6,0
"pwm_moe",66656.6,0
"pwm_moe",66656.6,0
"pwm_moe",66656.7,0
"pwm_moe",66656.7,0
"pwm_moe",66656.7,0
"pwm_moe",66656.7,0
"pwm_moe",66656.7,0
"pwm_moe",66656.7,0
"pwm_moe",66656.7,0
"pwm_moe",66656.7,0
"pwm_moe",66656.7,0
"pwm_moe",66656.8,0
"pwm_moe",66656.8,0
"pwm_moe",66656.8,0
"pwm_moe",66656.8,0
"pwm_moe",66656.8,0
"pwm_moe",66656.8,0
"pwm_moe",66656.8,0
"pwm_moe",66656.8,0
"pwm_moe",66656.8,0
"pwm_moe",66656.8,0
"pwm_moe",66656.9,0
"pwm_moe",66656.9,0
"pwm_moe",66656.9,0
"pwm_moe",66656.9,0
"pwm_moe",66656.9,0
"pwm_moe",66656.9,0
"pwm_moe",66656.9,0
"pwm_moe",66656.9,0
"pwm_moe",66656.9,0
"pwm_moe",66656.9,0
"pwm_moe",66656.9,0
"pwm_moe",66657,0
"pwm_moe",66657,0
"pwm_moe",66657,0
"pwm_moe",66657,0
"pwm_moe",66657,0
"pwm_moe",66657,0
"pwm_moe",66657,0
"pwm_moe",66657,0
"pwm_moe",66657,0
"pwm_moe",66657,0
"pwm_moe",66657.1,0
"pwm_moe",66657.1,0
"pwm_moe",66657.1,0
"pwm_moe",66657.1,0
"pwm_moe",66657.1,0
"pwm_moe",66657.1,0
"pwm_moe",66657.1,0
"pwm_moe",66657.1,0
"pwm_moe",66657.1,0
"pwm_moe",66657.1,0
"pwm_moe",66657.2,0
"pwm_moe",66657.2,0
"pwm_moe",66657.2,0
"pwm_moe",66657.2,0
"pwm_moe",66657.2,0
"pwm_moe",66657.2,0
"pwm_moe",66657.2,0
"pwm_moe",66657.2,0
"pwm_moe",66657.2,0
"pwm_moe",66657.2,0
"pwm_moe",66657.3,0
"pwm_moe",66657.3,0
"pwm_moe",66657.3,0
"pwm_moe",66657.3,0
"pwm_moe",66657.3,0
"pwm_moe",66657.3,0
"pwm_moe",66657.3,0
"pwm_moe",66657.3,0
"pwm_moe",66657.3,0
"pwm_moe",66657.3,0
"pwm_moe",66657.4,0
"pwm_moe",66657.4,0
"pwm_moe",66657.4,0
"pwm_moe",66657.4,0
"pwm_moe",66657.4,0
"pwm_moe",66657.4,0
"pwm_moe",66657.4,0
"pwm_moe",66657.4,0
"pwm_moe",66657.4,0
"pwm_moe",66657.5,0
"pwm_moe",66657.5,0
"pwm_moe",66657.5,0
"pwm_moe",66657.5,0
"pwm_moe",66657.5,0
"pwm_moe",66657.5,0
"pwm_moe",66657.5,0
"pwm_moe",66657.5,0
"pwm_moe",66657.5,0
"pwm_moe",66657.5,0
"pwm_moe",66657.5,0
"pwm_moe",66657.6,0
"pwm_moe",66657.6,0
"pwm_moe",66657.6,0
"pwm_moe",66657.6,0
"pwm_moe",66657.6,0
"pwm_moe",66657.6,0
"pwm_moe",66657.6,0
"pwm_moe",66657.6,0
"pwm_moe",66657.6,0
"pwm_moe",66657.6,0
"pwm_moe",66657.7,0
"pwm_moe",66657.7,0
"pwm_moe",66657.7,0
"pwm_moe",66657.7,0
"pwm_moe",66657.7,0
"pwm_moe",66657.7,0
"pwm_moe",66657.7,0
"pwm_moe",66657.7,0
"pwm_moe",66657.7,0
"pwm_moe",66657.8,0
"pwm_moe",66657.8,0
"pwm_moe",66657.8,0
"pwm_moe",66657.8,0
"pwm_moe",66657.8,0
"pwm_moe",66657.8,0
"pwm_moe",66657.8,0
"pwm_moe",66657.8,0
"pwm_moe",66657.8,0
"pwm_moe",66657.8,0
"pwm_moe",66657.9,0
"pwm_moe",66657.9,0
"pwm_moe",66657.9,0
"pwm_moe",66657.9,0
"pwm_moe",66657.9,0
"pwm_moe",66657.9,0
"pwm_moe",66657.9,0
"pwm_moe",66657.9,0
"pwm_moe",66657.9,0
"pwm_moe",66657.9,0
"pwm_moe",66658,0
"pwm_moe",66658,0
"pwm_moe",66658,0
"pwm_moe",66658,0
"pwm_moe",66658,0
"pwm_moe",66658,0
"pwm_moe",66658,0
"pwm_moe",66658,0
"pwm_moe",66658,0
"pwm_moe",66658,0
"pwm_moe",66658.1,0
"pwm_moe",66658.1,0
"pwm_moe",66658.1,0
"pwm_moe",66658.1,0
"pwm_moe",66658.1,0
"pwm_moe",66658.1,0
"pwm_moe",66658.1,0
"pwm_moe",66658.1,0
"pwm_moe",66658.1,0
"pwm_moe",66658.1,0
"pwm_moe",66658.2,0
"pwm_moe",66658.2,0
"pwm_moe",66658.2,0
"pwm_moe",66658.2,0
"pwm_moe",66658.2,0
"pwm_moe",66658.2,0
"pwm_moe",66658.2,0
"pwm_moe",66658.2,0
"pwm_moe",66658.2,0
"pwm_moe",66658.2,0
"pwm_moe",66658.2,0
"pwm_moe",66658.3,0
"pwm_moe",66658.3,0
"pwm_moe",66658.3,0
"pwm_moe",66658.3,0
"pwm_moe",66658.3,0
"pwm_moe",66658.3,0
"pwm_moe",66658.3,0
"pwm_moe",66658.3,0
"pwm_moe",66658.3,0
"pwm_moe",66658.4,0
"pwm_moe",66658.4,0
"pwm_moe",66658.4,0
"pwm_moe",66658.4,0
"pwm_moe",66658.4,0
"pwm_moe",66658.4,0
"pwm_moe",66658.4,0
"pwm_moe",66658.4,0
"pwm_moe",66658.4,0
"pwm_moe",66658.4,0
"pwm_moe",66658.5,0
"pwm_moe",66658.5,0
"pwm_moe",66658.5,0
"pwm_moe",66658.5,0
"pwm_moe",66658.5,0
"pwm_moe",66658.5,0
"pwm_moe",66658.5,0
"pwm_moe",66658.5,0
"pwm_moe",66658.5,0
"pwm_moe",66658.5,0
"pwm_moe",66658.6,0
"pwm_moe",66658.6,0
"pwm_moe",66658.6,0
"pwm_moe",66658.6,0
"pwm_moe",66658.6,0
"pwm_moe",66658.6,0
"pwm_moe",66658.6,0
"pwm_moe",66658.6,0
"pwm_moe",66658.6,0
"pwm_moe",66658.6,0
"pwm_moe",66658.7,0
"pwm_moe",66658.7,0
"pwm_moe",66658.7,0
"pwm_moe",66658.7,0
"pwm_moe",66658.7,0
"pwm_moe",66658.7,0
"pwm_moe",66658.7,0
"pwm_moe",66658.7,0
"pwm_moe",66658.7,0
"pwm_moe",66658.7,0
"pwm_moe",66658.8,0
"pwm_moe",66658.8,0
"pwm_moe",66658.8,0
"pwm_moe",66658.8,0
"pwm_moe",66658.8,0
"pwm_moe",66658.8,0
"pwm_moe",66658.8,0
"pwm_moe",66658.8,0
"pwm_moe",66658.8,0
"pwm_moe",66658.8,0
"pwm_moe",66658.9,0
"pwm_moe",66658.9,0
"pwm_moe",66658.9,0
"pwm_moe",66658.9,0
"pwm_moe",66658.9,0
"pwm_moe",66658.9,0
"pwm_moe",66658.9,0
"pwm_moe",66658.9,0
"pwm_moe",66658.9,0
"pwm_moe",66658.9,0
"pwm_moe",66659,0
"pwm_moe",66659,0
"pwm_moe",66659,0
"pwm_moe",66659,0
"pwm_moe",66659,0
"pwm_moe",66659,0
"pwm_moe",66659,0
"pwm_moe",66659,0
"pwm_moe",66659,0
"pwm_moe",66659,0
"pwm_moe",66659.1,0
"pwm_moe",66659.1,0
"pwm_moe",66659.1,0
"pwm_moe",66659.1,0
"pwm_moe",66659.1,0
"pwm_moe",66659.1,0
"pwm_moe",66659.1,0
"pwm_moe",66659.1,0
"pwm_moe",66659.1,0
"pwm_moe",66659.1,0
"pwm_moe",66659.2,0
"pwm_moe",66659.2,0
"pwm_moe",66659.2,0
"pwm_moe",66659.2,0
"pwm_moe",66659.2,0
"pwm_moe",66659.2,0
"pwm_moe",66659.2,0
"pwm_moe",66659.2,0
"pwm_moe",66659.2,0
"pwm_moe",66659.2,0
"pwm_moe",66659.2,0
"pwm_moe",66659.3,0
"pwm_moe",66659.3,0
"pwm_moe",66659.3,0
"pwm_moe",66659.3,0
"pwm_moe",66659.3,0
"pwm_moe",66659.3,0
"pwm_moe",66659.3,0
"pwm_moe",66659.3,0
"pwm_moe",66659.3,0
"pwm_moe",66659.4,0
"pwm_moe",66659.4,0
"pwm_moe",66659.4,0
"pwm_moe",66659.4,0
"pwm_moe",66659.4,0
"pwm_moe",66659.4,0
"pwm_moe",66659.4,0
"pwm_moe",66659.4,0
"pwm_moe",66659.4,0
"pwm_moe",66659.4,0
"pwm_moe",66659.4,0
"pwm_moe",66659.5,0
"pwm_moe",66659.5,0
"pwm_moe",66659.5,0
"pwm_moe",66659.5,0
"pwm_moe",66659.5,0
"pwm_moe",66659.5,0
"pwm_moe",66659.5,0
"pwm_moe",66659.5,0
"pwm_moe",66659.5,0
"pwm_moe",66659.5,0
"pwm_moe",66659.6,0
"pwm_moe",66659.6,0
"pwm_moe",66659.6,0
"pwm_moe",66659.6,0
"pwm_moe",66659.6,0
"pwm_moe",66659.6,0
"pwm_moe",66659.6,0
"pwm_moe",66659.6,0
"pwm_moe",66659.6,0
"pwm_moe",66659.6,0
"pwm_moe",66659.7,0
"pwm_moe",66659.7,0
"pwm_moe",66659.7,0
"pwm_moe",66659.7,0
"pwm_moe",66659.7,0
"pwm_moe",66659.7,0
"pwm_moe",66659.7,0
"pwm_moe",66659.7,0
"pwm_moe",66659.7,0
"pwm_moe",66659.7,0
"pwm_moe",66659.8,0
"pwm_moe",66659.8,0
"pwm_moe",66659.8,0
"pwm_moe",66659.8,0
"pwm_moe",66659.8,0
"pwm_moe",66659.8,0
"pwm_moe",66659.8,0
"pwm_moe",66659.8,0
"pwm_moe",66659.8,0
"pwm_moe",66659.8,0
"pwm_moe",66659.9,0
"pwm_moe",66659.9,0
"pwm_moe",66659.9,0
"pwm_moe",66659.9,0
"pwm_moe",66659.9,0
"pwm_moe",66659.9,0
"pwm_moe",66659.9,0
"pwm_moe",66659.9,0
"pwm_moe",66659.9,0
"pwm_moe",66659.9,0
"pwm_moe",66660,0
"pwm_moe",66660,0
"pwm_moe",66660,0
"pwm_moe",66660,0
"pwm_moe",66660,0
"pwm_moe",66660,0
"pwm_moe",66660,0
"pwm_moe",66660,0
"pwm_moe",66660,0
"pwm_moe",66660,0
"pwm_moe",66660.1,0
"pwm_moe",66660.1,0
"pwm_moe",66660.1,0
"pwm_moe",66660.1,0
"pwm_moe",66660.1,0
"pwm_moe",66660.1,0
"pwm_moe",66660.1,0
"pwm_moe",66660.1,0
"pwm_moe",66660.1,0
"pwm_moe",66660.1,0
"pwm_moe",66660.2,0
"pwm_moe",66660.2,0
"pwm_moe",66660.2,0
"pwm_moe",66660.2,0
"pwm_moe",66660.2,0
"pwm_moe",66660.2,0
"pwm_moe",66660.2,0
"pwm_moe",66660.2,0
"pwm_moe",66660.2,0
"pwm_moe",66660.2,0
"pwm_moe",66660.3,0
"pwm_moe",66660.3,0
"pwm_moe",66660.3,0
"pwm_moe",66660.3,0
"pwm_moe",66660.3,0
"pwm_moe",66660.3,0
"pwm_moe",66660.3,0
"pwm_moe",66660.3,0
"pwm_moe",66660.3,0
"pwm_moe",66660.3,0
"pwm_moe",66660.4,0
"pwm_moe",66660.4,0
"pwm_moe",66660.4,0
"pwm_moe",66660.4,0
"pwm_moe",66660.4,0
"pwm_moe",66660.4,0
"pwm_moe",66660.4,0
"pwm_moe",66660.4,0
"pwm_moe",66660.4,0
"pwm_moe",66660.4,0
"pwm_moe",66660.4,0
"pwm_moe",66660.5,0
"pwm_moe",66660.5,0
"pwm_moe",66660.5,0
"pwm_moe",66660.5,0
"pwm_moe",66660.5,0
"pwm_moe",66660.5,0
"pwm_moe",66660.5,0
"pwm_moe",66660.5,0
"pwm_moe",66660.5,0
"pwm_moe",66660.5,0
"pwm_moe",66660.6,0
"pwm_moe",66660.6,0
"pwm_moe",66660.6,0
"pwm_moe",66660.6,0
"pwm_moe",66660.6,0
"pwm_moe",66660.6,0
"pwm_moe",66660.6,0
"pwm_moe",66660.6,0
"pwm_moe",66660.6,0
"pwm_moe",66660.6,0
"pwm_moe",66660.7,0
"pwm_moe",66660.7,0
"pwm_moe",66660.7,0
"pwm_moe",66660.7,0
"pwm_moe",66660.7,0
"pwm_moe",66660.7,0
"pwm_moe",66660.7,0
"pwm_moe",66660.7,0
"pwm_moe",66660.7,0
"pwm_moe",66660.7,0
"pwm_moe",66660.8,0
"pwm_moe",66660.8,0
"pwm_moe",66660.8,0
"pwm_moe",66660.8,0
"pwm_moe",66660.8,0
"pwm_moe",66660.8,0
"pwm_moe",66660.8,0
"pwm_moe",66660.8,0
"pwm_moe",66660.8,0
"pwm_moe",66660.8,0
"pwm_moe",66660.9,0
"pwm_moe",66660.9,0
"pwm_moe",66660.9,0
"pwm_moe",66660.9,0
"pwm_moe",66660.9,0
"pwm_moe",66660.9,0
"pwm_moe",66660.9,0
"pwm_moe",66660.9,0
"pwm_moe",66660.9,0
"pwm_moe",66660.9,0
"pwm_moe",66661,0
"pwm_moe",66661,0
"pwm_moe",66661,0
"pwm_moe",66661,0
"pwm_moe",66661,0
"pwm_moe",66661,0
"pwm_moe",66661,0
"pwm_moe",66661,0
"pwm_moe",66661,0
"pwm_moe",66661,0
"pwm_moe",66661.1,0
"pwm_moe",66661.1,0
"pwm_moe",66661.1,0
"pwm_moe",66661.1,0
"pwm_moe",66661.1,0
"pwm_moe",66661.1,0
"pwm_moe",66661.1,0
"pwm_moe",66661.1,0
"pwm_moe",66661.1,0
"pwm_moe",66661.1,0
"pwm_moe",66661.2,0
"pwm_moe",66661.2,0
"pwm_moe",66661.2,0
"pwm_moe",66661.2,0
"pwm_moe",66661.2,0
"pwm_moe",66661.2,0
"pwm_moe",66661.2,0
"pwm_moe",66661.2,0
"pwm_moe",66661.2,0
"pwm_moe",66661.2,0
"pwm_moe",66661.3,0
"pwm_moe",66661.3,0
"pwm_moe",66661.3,0
"pwm_moe",66661.3,0
"pwm_moe",66661.3,0
"pwm_moe",66661.3,0
"pwm_moe",66661.3,0
"pwm_moe",66661.3,0
"pwm_moe",66661.3,0
"pwm_moe",66661.3,0
"pwm_moe",66661.4,0
"pwm_moe",66661.4,0
"pwm_moe",66661.4,0
"pwm_moe",66661.4,0
"pwm_moe",66661.4,0
"pwm_moe",66661.4,0
"pwm_moe",66661.4,0
"pwm_moe",66661.4,0
"pwm_moe",66661.4,0
"pwm_moe",66661.4,0
"pwm_moe",66661.5,0
"pwm_moe",66661.5,0
"pwm_moe",66661.5,0
"pwm_moe",66661.5,0
"pwm_moe",66661.5,0
"pwm_moe",66661.5,0
"pwm_moe",66661.5,0
"pwm_moe",66661.5,0
"pwm_moe",66661.5,0
"pwm_moe",66661.5,0
"pwm_moe",66661.6,0
"pwm_moe",66661.6,0
"pwm_moe",66661.6,0
"pwm_moe",66661.6,0
"pwm_moe",66661.6,0
"pwm_moe",66661.6,0
"pwm_moe",66661.6,0
"pwm_moe",66661.6,0
"pwm_moe",66661.6,0
"pwm_moe",66661.6,0
"pwm_moe",66661.7,0
"pwm_moe",66661.7,0
"pwm_moe",66661.7,0
"pwm_moe",66661.7,0
"pwm_moe",66661.7,0
"pwm_moe",66661.7,0
"pwm_moe",66661.7,0
"pwm_moe",66661.7,0
"pwm_moe",66661.7,0
"pwm_moe",66661.8,0
"pwm_moe",66661.8,0
"pwm_moe",66661.8,0
"pwm_moe",66661.8,0
"pwm_moe",66661.8,0
"pwm_moe",66661.8,0
"pwm_moe",66661.8,0
"pwm_moe",66661.8,0
"pwm_moe",66661.8,0
"pwm_moe",66661.8,0
"pwm_moe",66661.8,0
"pwm_moe",66661.9,0
"pwm_moe",66661.9,0
"pwm_moe",66661.9,0
"pwm_moe",66661.9,0
"pwm_moe",66661.9,0
"pwm_moe",66661.9,0
"pwm_moe",66661.9,0
"pwm_moe",66661.9,0
"pwm_moe",66661.9,0
"pwm_moe",66661.9,0
"pwm_moe",66662,0
"pwm_moe",66662,0
"pwm_moe",66662,0
"pwm_moe",66662,0
"pwm_moe",66662,0
"pwm_moe",66662,0
"pwm_moe",66662,0
"pwm_moe",66662,0
"pwm_moe",66662,0
"pwm_moe",66662,0
"pwm_moe",66662.1,0
"pwm_moe",66662.1,0
"pwm_moe",66662.1,0
"pwm_moe",66662.1,0
"pwm_moe",66662.1,0
"pwm_moe",66662.1,0
"pwm_moe",66662.1,0
"pwm_moe",66662.1,0
"pwm_moe",66662.1,0
"pwm_moe",66662.1,0
"pwm_moe",66662.2,0
"pwm_moe",66662.2,0
"pwm_moe",66662.2,0
"pwm_moe",66662.2,0
"pwm_moe",66662.2,0
"pwm_moe",66662.2,0
"pwm_moe",66662.2,0
"pwm_moe",66662.2,0
"pwm_moe",66662.2,0
"pwm_moe",66662.2,0
"pwm_moe",66662.3,0
"pwm_moe",66662.3,0
"pwm_moe",66662.3,0
"pwm_moe",66662.3,0
"pwm_moe",66662.3,0
"pwm_moe",66662.3,0
"pwm_moe",66662.3,0
"pwm_moe",66662.3,0
"pwm_moe",66662.3,0
"pwm_moe",66662.3,0
"pwm_moe",66662.4,0
"pwm_moe",66662.4,0
"pwm_moe",66662.4,0
"pwm_moe",66662.4,0
"pwm_moe",66662.4,0
"pwm_moe",66662.4,0
"pwm_moe",66662.4,0
"pwm_moe",66662.4,0
"pwm_moe",66662.4,0
"pwm_moe",66662.4,0
"pwm_moe",66662.5,0
"pwm_moe",66662.5,0
"pwm_moe",66662.5,0
"pwm_moe",66662.5,0
"pwm_moe",66662.5,0
"pwm_moe",66662.5,0
"pwm_moe",66662.5,0
"pwm_moe",66662.5,0
"pwm_moe",66662.5,0
"pwm_moe",66662.5,0
"pwm_moe",66662.6,0
"pwm_moe",66662.6,0
"pwm_moe",66662.6,0
"pwm_moe",66662.6,0
"pwm_moe",66662.6,0
"pwm_moe",66662.6,0
"pwm_moe",66662.6,0
"pwm_moe",66662.6,0
"pwm_moe",66662.6,0
"pwm_moe",66662.6,0
"pwm_moe",66662.7,0
"pwm_moe",66662.7,0
"pwm_moe",66662.7,0
"pwm_moe",66662.7,0
"pwm_moe",66662.7,0
"pwm_moe",66662.7,0
"pwm_moe",66662.7,0
"pwm_moe",66662.7,0
"pwm_moe",66662.7,0
"pwm_moe",66662.7,0
"pwm_moe",66662.8,0
"pwm_moe",66662.8,0
"pwm_moe",66662.8,0
"pwm_moe",66662.8,0
"pwm_moe",66662.8,0
"pwm_moe",66662.8,0
"pwm_moe",66662.8,0
"pwm_moe",66662.8,0
"pwm_moe",66662.8,0
"pwm_moe",66662.8,0
"pwm_moe",66662.9,0
"pwm_moe",66662.9,0
"pwm_moe",66662.9,0
"pwm_moe",66662.9,0
"pwm_moe",66662.9,0
"pwm_moe",66662.9,0
"pwm_moe",66662.9,0
"pwm_moe",66662.9,0
"pwm_moe",66662.9,0
"pwm_moe",66662.9,0
"pwm_moe",66663,0
"pwm_moe",66663,0
"pwm_moe",66663,0
"pwm_moe",66663,0
"pwm_moe",66663,0
"pwm_moe",66663,0
"pwm_moe",66663,0
"pwm_moe",66663,0
"pwm_moe",66663,0
"pwm_moe",66663,0
"pwm_moe",66663.1,0
"pwm_moe",66663.1,0
"pwm_moe",66663.1,0
"pwm_moe",66663.1,0
"pwm_moe",66663.1,0
"pwm_moe",66663.1,0
"pwm_moe",66663.1,0
"pwm_moe",66663.1,0
"pwm_moe",66663.1,0
"pwm_moe",66663.1,0
"pwm_moe",66663.2,0
"pwm_moe",66663.2,0
"pwm_moe",66663.2,0
"pwm_moe",66663.2,0
"pwm_moe",66663.2,0
"pwm_moe",66663.2,0
"pwm_moe",66663.2,0
"pwm_moe",66663.2,0
"pwm_moe",66663.2,0
"pwm_moe",66663.2,0
"pwm_moe",66663.3,0
"pwm_moe",66663.3,0
"pwm_moe",66663.3,0
"pwm_moe",66663.3,0
"pwm_moe",66663.3,0
"pwm_moe",66663.3,0
"pwm_moe",66663.3,0
"pwm_moe",66663.3,0
"pwm_moe",66663.3,0
"pwm_moe",66663.3,0
"pwm_moe",66663.4,0
"pwm_moe",66663.4,0
"pwm_moe",66663.4,0
"pwm_moe",66663.4,0
"pwm_moe",66663.4,0
"pwm_moe",66663.4,0
"pwm_moe",66663.4,0
"pwm_moe",66663.4,0
"pwm_moe",66663.4,0
"pwm_moe",66663.4,0
"pwm_moe",66663.5,0
"pwm_moe",66663.5,0
"pwm_moe",66663.5,0
"pwm_moe",66663.5,0
"pwm_moe",66663.5,0
"pwm_moe",66663.5,0
"pwm_moe",66663.5,0
"pwm_moe",66663.5,0
"pwm_moe",66663.5,0
"pwm_moe",66663.5,0
"pwm_moe",66663.6,0
"pwm_moe",66663.6,0
"pwm_moe",66663.6,0
"pwm_moe",66663.6,0
"pwm_moe",66663.6,0
"pwm_moe",66663.6,0
"pwm_moe",66663.6,0
"pwm_moe",66663.6,0
"pwm_moe",66663.6,0
"pwm_moe",66663.6,0
"pwm_moe",66663.7,0
"pwm_moe",66663.7,0
"pwm_moe",66663.7,0
"pwm_moe",66663.7,0
"pwm_moe",66663.7,0
"pwm_moe",66663.7,0
"pwm_moe",66663.7,0
"pwm_moe",66663.7,0
"pwm_moe",66663.7,0
"pwm_moe",66663.8,0
"pwm_moe",66663.8,0
"pwm_moe",66663.8,0
"pwm_moe",66663.8,0
"pwm_moe",66663.8,0
"pwm_moe",66663.8,0
"pwm_moe",66663.8,0
"pwm_moe",66663.8,0
"pwm_moe",66663.8,0
"pwm_moe",66663.8,0
"pwm_moe",66663.9,0
"pwm_moe",66663.9,0
"pwm_moe",66663.9,0
"pwm_moe",66663.9,0
"pwm_moe",66663.9,0
"pwm_moe",66663.9,0
"pwm_moe",66663.9,0
"pwm_moe",66663.9,0
"pwm_moe",66663.9,0
"pwm_moe",66663.9,0
"pwm_moe",66663.9,0
"pwm_moe",66664,0
"pwm_moe",66664,0
"pwm_moe",66664,0
"pwm_moe",66664,0
"pwm_moe",66664,0
"pwm_moe",66664,0
"pwm_moe",66664,0
"pwm_moe",66664,0
"pwm_moe",66664,0
"pwm_moe",66664,0
"pwm_moe",66664.1,0
"pwm_moe",66664.1,0
"pwm_moe",66664.1,0
"pwm_moe",66664.1,0
"pwm_moe",66664.1,0
"pwm_moe",66664.1,0
"pwm_moe",66664.1,0
"pwm_moe",66664.1,0
"pwm_moe",66664.1,0
"pwm_moe",66664.1,0
"pwm_moe",66664.2,0
"pwm_moe",66664.2,0
"pwm_moe",66664.2,0
"pwm_moe",66664.2,0
"pwm_moe",66664.2,0
"pwm_moe",66664.2,0
"pwm_moe",66664.2,0
"pwm_moe",66664.2,0
"pwm_moe",66664.2,0
"pwm_moe",66664.2,0
"pwm_moe",66664.3,0
"pwm_moe",66664.3,0
"pwm_moe",66664.3,0
"pwm_moe",66664.3,0
"pwm_moe",66664.3,0
"pwm_moe",66664.3,0
"pwm_moe",66664.3,0
"pwm_moe",66664.3,0
"pwm_moe",66664.3,0
"pwm_moe",66664.3,0
"pwm_moe",66664.4,0
"pwm_moe",66664.4,0
"pwm_moe",66664.4,0
"pwm_moe",66664.4,0
"pwm_moe",66664.4,0
"pwm_moe",66664.4,0
"pwm_moe",66664.4,0
"pwm_moe",66664.4,0
"pwm_moe",66664.4,0
"pwm_moe",66664.4,0
"pwm_moe",66664.5,0
"pwm_moe",66664.5,0
"pwm_moe",66664.5,0
"pwm_moe",66664.5,0
"pwm_moe",66664.5,0
"pwm_moe",66664.5,0
"pwm_moe",66664.5,0
"pwm_moe",66664.5,0
"pwm_moe",66664.5,0
"pwm_moe",66664.5,0
"pwm_moe",66664.6,0
"pwm_moe",66664.6,0
"pwm_moe",66664.6,0
"pwm_moe",66664.6,0
"pwm_moe",66664.6,0
"pwm_moe",66664.6,0
"pwm_moe",66664.6,0
"pwm_moe",66664.6,0
"pwm_moe",66664.6,0
"pwm_moe",66664.7,0
"pwm_moe",66664.7,0
"pwm_moe",66664.7,0
"pwm_moe",66664.7,0
"pwm_moe",66664.7,0
"pwm_moe",66664.7,0
"pwm_moe",66664.8,0
"pwm_moe",66664.8,0
"pwm_moe",66664.8,0
"pwm_moe",66664.8,0
"pwm_moe",66664.8,0
"pwm_moe",66664.8,0
"pwm_moe",66664.8,0
"pwm_moe",66664.8,0
"pwm_moe",66664.9,0
"pwm_moe",66664.9,0
"pwm_moe",66664.9,0
"pwm_moe",66664.9,0
"pwm_moe",66664.9,0
"pwm_moe",66664.9,0
"pwm_moe",66665,0
"pwm_moe",66665,0
"pwm_moe",66665,0
"pwm_moe",66665,0
"pwm_moe",66665,0
"pwm_moe",66665,0
"pwm_moe",66665.1,0
"pwm_moe",66665.1,0
"pwm_moe",66665.1,0
"pwm_moe",66665.1,0
"pwm_moe",66665.1,0
"pwm_moe",66665.1,0
"pwm_moe",66665.1,0
"pwm_moe",66665.1,0
"pwm_moe",66665.1,0
"pwm_moe",66665.2,0
"pwm_moe",66665.2,0
"pwm_moe",66665.2,0
"pwm_moe",66665.2,0
"pwm_moe",66665.2,0
"pwm_moe",66665.2,0
"pwm_moe",66665.2,0
"pwm_moe",66665.2,0
"pwm_moe",66665.2,0
"pwm_moe",66665.2,0
"pwm_moe",66665.2,0
"pwm_moe",66665.3,0
"pwm_moe",66665.3,0
"pwm_moe",66665.3,0
"pwm_moe",66665.3,0
"pwm_moe",66665.3,0
"pwm_moe",66665.3,0
"pwm_moe",66665.3,0
"pwm_moe",66665.3,0
"pwm_moe",66665.3,0
"pwm_moe",66665.3,0
"pwm_moe",66665.4,0
"pwm_moe",66665.4,0
"pwm_moe",66665.4,0
"pwm_moe",66665.4,0
"pwm_moe",66665.4,0
"pwm_moe",66665.4,0
"pwm_moe",66665.4,0
"pwm_moe",66665.4,0
"pwm_moe",66665.4,0
"pwm_moe",66665.4,0
"pwm_moe",66665.4,0
"pwm_moe",66665.4,0
"pwm_moe",66665.5,0
"pwm_moe",66665.5,0
"pwm_moe",66665.5,0
"pwm_moe",66665.5,0
"pwm_moe",66665.5,0
"pwm_moe",66665.5,0
"pwm_moe",66665.5,0
"pwm_moe",66665.5,0
"pwm_moe",66665.5,0
"pwm_moe",66665.5,0
"pwm_moe",66665.5,0
"pwm_moe",66665.6,0
"pwm_moe",66665.6,0
"pwm_moe",66665.6,0
"pwm_moe",66665.6,0
"pwm_moe",66665.6,0
"pwm_moe",66665.6,0
"pwm_moe",66665.6,0
"pwm_moe",66665.6,0
"pwm_moe",66665.6,0
"pwm_moe",66665.6,0
"pwm_moe",66665.6,0
"pwm_moe",66665.6,0
"pwm_moe",66665.7,0
"pwm_moe",66665.7,0
"pwm_moe",66665.7,0
"pwm_moe",66665.7,0
"pwm_moe",66665.7,0
"pwm_moe",66665.7,0
"pwm_moe",66665.7,0
"pwm_moe",66665.7,0
"pwm_moe",66665.7,0
"pwm_moe",66665.8,0
"pwm_moe",66665.8,0
"pwm_moe",66665.8,0
"pwm_moe",66665.8,0
"pwm_moe",66665.8,0
"pwm_moe",66665.8,0
"pwm_moe",66665.8,0
"pwm_moe",66665.8,0
"pwm_moe",66665.8,0
"pwm_moe",66665.8,0
"pwm_moe",66665.9,0
"pwm_moe",66665.9,0
"pwm_moe",66665.9,0
"pwm_moe",66665.9,0
"pwm_moe",66665.9,0
"pwm_moe",66665.9,0
"pwm_moe",66665.9,0
"pwm_moe",66665.9,0
"pwm_moe",66665.9,0
"pwm_moe",66665.9,0
"pwm_moe",66666,0
"pwm_moe",66666,0
"pwm_moe",66666,0
"pwm_moe",66666,0
"pwm_moe",66666,0
"pwm_moe",66666,0
"pwm_moe",66666,0
"pwm_moe",66666,0
"pwm_moe",66666,0
"pwm_moe",66666,0
"pwm_moe",66666,0
"pwm_moe",66666.1,0
"pwm_moe",66666.1,0
"pwm_moe",66666.1,0
"pwm_moe",66666.1,0
"pwm_moe",66666.1,0
"pwm_moe",66666.1,0
"pwm_moe",66666.1,0
"pwm_moe",66666.1,0
"pwm_moe",66666.1,0
"pwm_moe",66666.1,0
"pwm_moe",66666.2,0
"pwm_moe",66666.2,0
"pwm_moe",66666.2,0
"pwm_moe",66666.2,0
"pwm_moe",66666.2,0
"pwm_moe",66666.2,0
"pwm_moe",66666.2,0
"pwm_moe",66666.2,0
"pwm_moe",66666.2,0
"pwm_moe",66666.2,0
"pwm_moe",66666.3,0
"pwm_moe",66666.3,0
"pwm_moe",66666.3,0
"pwm_moe",66666.3,0
"pwm_moe",66666.3,0
"pwm_moe",66666.3,0
"pwm_moe",66666.3,0
"pwm_moe",66666.3,0
"pwm_moe",66666.3,0
"pwm_moe",66666.4,0
"pwm_moe",66666.4,0
"pwm_moe",66666.4,0
"pwm_moe",66666.4,0
"pwm_moe",66666.4,0
"pwm_moe",66666.4,0
"pwm_moe",66666.4,0
"pwm_moe",66666.4,0
"pwm_moe",66666.4,0
"pwm_moe",66666.4,0
"pwm_moe",66666.5,0
"pwm_moe",66666.5,0
"pwm_moe",66666.5,0
"pwm_moe",66666.5,0
"pwm_moe",66666.5,0
"pwm_moe",66666.5,0
"pwm_moe",66666.5,0
"pwm_moe",66666.5,0
"pwm_moe",66666.5,0
"pwm_moe",66666.5,0
"pwm_moe",66666.6,0
"pwm_moe",66666.6,0
"pwm_moe",66666.6,0
"pwm_moe",66666.6,0
"pwm_moe",66666.6,0
"pwm_moe",66666.6,0
"pwm_moe",66666.6,0
"pwm_moe",66666.6,0
"pwm_moe",66666.6,0
"pwm_moe",66666.6,0
"pwm_moe",66666.7,0
"pwm_moe",66666.7,0
"pwm_moe",66666.7,0
"pwm_moe",66666.7,0
"pwm_moe",66666.7,0
"pwm_moe",66666.7,0
"pwm_moe",66666.7,0
"pwm_moe",66666.7,0
"pwm_moe",66666.7,0
"pwm_moe",66666.8,0
"pwm_moe",66666.8,0
"pwm_moe",66666.8,0
"pwm_moe",66666.8,0
"pwm_moe",66666.8,0
"pwm_moe",66666.8,0
"pwm_moe",66666.8,0
"pwm_moe",66666.8,0
"pwm_moe",66666.8,0
"pwm_moe",66666.8,0
"pwm_moe",66666.8,0
"pwm_moe",66666.9,0
"pwm_moe",66666.9,0
"pwm_moe",66666.9,0
"pwm_moe",66666.9,0
"pwm_moe",66666.9,0
"pwm_moe",66666.9,0
"pwm_moe",66666.9,0
"pwm_moe",66666.9,0
"pwm_moe",66666.9,0
"pwm_moe",66666.9,0
"pwm_moe",66667,0
"pwm_moe",66667,0
"pwm_moe",66667,0
"pwm_moe",66667,0
"pwm_moe",66667,0
"pwm_moe",66667,0
"pwm_moe",66667,0
"pwm_moe",66667,0
"pwm_moe",66667,0
"pwm_moe",66667,0
"pwm_moe",66667.1,0
"pwm_moe",66667.1,0
"pwm_moe",66667.1,0
"pwm_moe",66667.1,0
"pwm_moe",66667.1,0
"pwm_moe",66667.1,0
"pwm_moe",66667.1,0
"pwm_moe",66667.1,0
"pwm_moe",66667.1,0
"pwm_moe",66667.1,0
"pwm_moe",66667.2,0
"pwm_moe",66667.2,0
"pwm_moe",66667.2,0
"pwm_moe",66667.2,0
"pwm_moe",66667.2,0
"pwm_moe",66667.2,0
"pwm_moe",66667.2,0
"pwm_moe",66667.2,0
"pwm_moe",66667.2,0
"pwm_moe",66667.2,0
"pwm_moe",66667.3,0
"pwm_moe",66667.3,0
"pwm_moe",66667.3,0
"pwm_moe",66667.3,0
"pwm_moe",66667.3,0
"pwm_moe",66667.3,0
"pwm_moe",66667.3,0
"pwm_moe",66667.3,0
"pwm_moe",66667.3,0
"pwm_moe",66667.3,0
"pwm_moe",66667.4,0
"pwm_moe",66667.4,0
"pwm_moe",66667.4,0
"pwm_moe",66667.4,0
"pwm_moe",66667.4,0
"pwm_moe",66667.4,0
"pwm_moe",66667.4,0
"pwm_moe",66667.4,0
"pwm_moe",66667.4,0
"pwm_moe",66667.4,0
"pwm_moe",66667.5,0
"pwm_moe",66667.5,0
"pwm_moe",66667.5,0
"pwm_moe",66667.5,0
"pwm_moe",66667.5,0
"pwm_moe",66667.5,0
"pwm_moe",66667.5,0
"pwm_moe",66667.5,0
"pwm_moe",66667.5,0
"pwm_moe",66667.5,0
"pwm_moe",66667.6,0
"pwm_moe",66667.6,0
"pwm_moe",66667.6,0
"pwm_moe",66667.6,0
"pwm_moe",66667.6,0
"pwm_moe",66667.6,0
"pwm_moe",66667.6,0
"pwm_moe",66667.6,0
"pwm_moe",66667.6,0
"pwm_moe",66667.6,0
"pwm_moe",66667.7,0
"pwm_moe",66667.7,0
"pwm_moe",66667.7,0
"pwm_moe",66667.7,0
"pwm_moe",66667.7,0
"pwm_moe",66667.7,0
"pwm_moe",66667.7,0
"pwm_moe",66667.7,0
"pwm_moe",66667.7,0
"pwm_moe",66667.8,0
"pwm_moe",66667.8,0
"pwm_moe",66667.8,0
"pwm_moe",66667.8,0
"pwm_moe",66667.8,0
"pwm_moe",66667.8,0
"pwm_moe",66667.8,0
"pwm_moe",66667.8,0
"pwm_moe",66667.8,0
"pwm_moe",66667.8,0
"pwm_moe",66667.9,0
"pwm_moe",66667.9,0
"pwm_moe",66667.9,0
"pwm_moe",66667.9,0
"pwm_moe",66667.9,0
"pwm_moe",66667.9,0
"pwm_moe",66667.9,0
"pwm_moe",66667.9,0
"pwm_moe",66667.9,0
"pwm_moe",66667.9,0
"pwm_moe",66668,0
"pwm_moe",66668,0
"pwm_moe",66668,0
"pwm_moe",66668,0
"pwm_moe",66668,0
"pwm_moe",66668,0
"pwm_moe",66668,0
"pwm_moe",66668,0
"pwm_moe",66668,0
"pwm_moe",66668,0
"pwm_moe",66668.1,0
"pwm_moe",66668.1,0
"pwm_moe",66668.1,0
"pwm_moe",66668.1,0
"pwm_moe",66668.1,0
"pwm_moe",66668.1,0
"pwm_moe",66668.1,0
"pwm_moe",66668.1,0
"pwm_moe",66668.1,0
"pwm_moe",66668.1,0
"pwm_moe",66668.1,0
"pwm_moe",66668.2,0
"pwm_moe",66668.2,0
"pwm_moe",66668.2,0
"pwm_moe",66668.2,0
"pwm_moe",66668.2,0
"pwm_moe",66668.2,0
"pwm_moe",66668.2,0
"pwm_moe",66668.2,0
"pwm_moe",66668.2,0
"pwm_moe",66668.2,0
"pwm_moe",66668.3,0
"pwm_moe",66668.3,0
"pwm_moe",66668.3,0
"pwm_moe",66668.3,0
"pwm_moe",66668.3,0
"pwm_moe",66668.3,0
"pwm_moe",66668.3,0
"pwm_moe",66668.3,0
"pwm_moe",66668.3,0
"pwm_moe",66668.4,0
"pwm_moe",66668.4,0
"pwm_moe",66668.4,0
"pwm_moe",66668.4,0
"pwm_moe",66668.4,0
"pwm_moe",66668.4,0
"pwm_moe",66668.4,0
"pwm_moe",66668.4,0
"pwm_moe",66668.4,0
"pwm_moe",66668.4,0
"pwm_moe",66668.5,0
"pwm_moe",66668.5,0
"pwm_moe",66668.5,0
"pwm_moe",66668.5,0
"pwm_moe",66668.5,0
"pwm_moe",66668.5,0
"pwm_moe",66668.5,0
"pwm_moe",66668.5,0
"pwm_moe",66668.5,0
"pwm_moe",66668.5,0
"pwm_moe",66668.6,0
"pwm_moe",66668.6,0
"pwm_moe",66668.6,0
"pwm_moe",66668.6,0
"pwm_moe",66668.6,0
"pwm_moe",66668.6,0
"pwm_moe",66668.6,0
"pwm_moe",66668.6,0
"pwm_moe",66668.6,0
"pwm_moe",66668.6,0
"pwm_moe",66668.7,0
"pwm_moe",66668.7,0
"pwm_moe",66668.7,0
"pwm_moe",66668.7,0
"pwm_moe",66668.7,0
"pwm_moe",66668.7,0
"pwm_moe",66668.7,0
"pwm_moe",66668.7,0
"pwm_moe",66668.7,0
"pwm_moe",66668.7,0
"pwm_moe",66668.8,0
"pwm_moe",66668.8,0
"pwm_moe",66668.8,0
"pwm_moe",66668.8,0
"pwm_moe",66668.8,0
"pwm_moe",66668.8,0
"pwm_moe",66668.8,0
"pwm_moe",66668.8,0
"pwm_moe",66668.8,0
"pwm_moe",66668.8,0
"pwm_moe",66668.9,0
"pwm_moe",66668.9,0
"pwm_moe",66668.9,0
"pwm_moe",66668.9,0
"pwm_moe",66668.9,0
"pwm_moe",66668.9,0
"pwm_moe",66668.9,0
"pwm_moe",66668.9,0
"pwm_moe",66668.9,0
"pwm_moe",66668.9,0
"pwm_moe",66669,0
"pwm_moe",66669,0
"pwm_moe",66669,0
"pwm_moe",66669,0
"pwm_moe",66669,0
"pwm_moe",66669,0
"pwm_moe",66669,0
"pwm_moe",66669,0
"pwm_moe",66669,0
"pwm_moe",66669,0
"pwm_moe",66669.1,0
"pwm_moe",66669.1,0
"pwm_moe",66669.1,0
"pwm_moe",66669.1,0
"pwm_moe",66669.1,0
"pwm_moe",66669.1,0
"pwm_moe",66669.1,0
"pwm_moe",66669.1,0
"pwm_moe",66669.1,0
"pwm_moe",66669.1,0
"pwm_moe",66669.2,0
"pwm_moe",66669.2,0
"pwm_moe",66669.2,0
"pwm_moe",66669.2,0
"pwm_moe",66669.2,0
"pwm_moe",66669.2,0
"pwm_moe",66669.2,0
"pwm_moe",66669.2,0
"pwm_moe",66669.2,0
"pwm_moe",66669.2,0
"pwm_moe",66669.2,0
"pwm_moe",66669.3,0
"pwm_moe",66669.3,0
"pwm_moe",66669.3,0
"pwm_moe",66669.3,0
"pwm_moe",66669.3,0
"pwm_moe",66669.3,0
"pwm_moe",66669.3,0
"pwm_moe",66669.3,0
"pwm_moe",66669.3,0
"pwm_moe",66669.4,0
"pwm_moe",66669.4,0
"pwm_moe",66669.4,0
"pwm_moe",66669.4,0
"pwm_moe",66669.4,0
"pwm_moe",66669.4,0
"pwm_moe",66669.4,0
"pwm_moe",66669.4,0
"pwm_moe",66669.4,0
"pwm_moe",66669.4,0
"pwm_moe",66669.5,0
"pwm_moe",66669.5,0
"pwm_moe",66669.5,0
"pwm_moe",66669.5,0
"pwm_moe",66669.5,0
"pwm_moe",66669.5,0
"pwm_moe",66669.5,0
"pwm_moe",66669.5,0
"pwm_moe",66669.5,0
"pwm_moe",66669.5,0
"pwm_moe",66669.5,0
"pwm_moe",66669.6,0
"pwm_moe",66669.6,0
"pwm_moe",66669.6,0
"pwm_moe",66669.6,0
"pwm_moe",66669.6,0
"pwm_moe",66669.6,0
"pwm_moe",66669.6,0
"pwm_moe",66669.6,0
"pwm_moe",66669.6,0
"pwm_moe",66669.6,0
"pwm_moe",66669.7,0
"pwm_moe",66669.7,0
"pwm_moe",66669.7,0
"pwm_moe",66669.7,0
"pwm_moe",66669.7,0
"pwm_moe",66669.7,0
"pwm_moe",66669.7,0
"pwm_moe",66669.7,0
"pwm_moe",66669.7,0
"pwm_moe",66669.7,0
"pwm_moe",66669.8,0
"pwm_moe",66669.8,0
"pwm_moe",66669.8,0
"pwm_moe",66669.8,0
"pwm_moe",66669.8,0
"pwm_moe",66669.8,0
"pwm_moe",66669.8,0
"pwm_moe",66669.8,0
"pwm_moe",66669.8,0
"pwm_moe",66669.8,0
"pwm_moe",66669.9,0
"pwm_moe",66669.9,0
"pwm_moe",66669.9,0
"pwm_moe",66669.9,0
"pwm_moe",66669.9,0
"pwm_moe",66669.9,0
"pwm_moe",66669.9,0
"pwm_moe",66669.9,0
"pwm_moe",66669.9,0
"pwm_moe",66669.9,0
"pwm_moe",66670,0
"pwm_moe",66670,0
"pwm_moe",66670,0
"pwm_moe",66670,0
"pwm_moe",66670,0
"pwm_moe",66670,0
"pwm_moe",66670,0
"pwm_moe",66670,0
"pwm_moe",66670,0
"pwm_moe",66670,0
"pwm_moe",66670.1,0
"pwm_moe",66670.1,0
"pwm_moe",66670.1,0
"pwm_moe",66670.1,0
"pwm_moe",66670.1,0
"pwm_moe",66670.1,0
"pwm_moe",66670.1,0
"pwm_moe",66670.1,0
"pwm_moe",66670.1,0
"pwm_moe",66670.1,0
"pwm_moe",66670.2,0
"pwm_moe",66670.2,0
"pwm_moe",66670.2,0
"pwm_moe",66670.2,0
"pwm_moe",66670.2,0
"pwm_moe",66670.2,0
"pwm_moe",66670.2,0
"pwm_moe",66670.2,0
"pwm_moe",66670.2,0
"pwm_moe",66670.2,0
"pwm_moe",66670.3,0
"pwm_moe",66670.3,0
"pwm_moe",66670.3,0
"pwm_moe",66670.3,0
"pwm_moe",66670.3,0
"pwm_moe",66670.3,0
"pwm_moe",66670.3,0
"pwm_moe",66670.3,0
"pwm_moe",66670.3,0
"pwm_moe",66670.3,0
"pwm_moe",66670.4,0
"pwm_moe",66670.4,0
"pwm_moe",66670.4,0
"pwm_moe",66670.4,0
"pwm_moe",66670.4,0
"pwm_moe",66670.4,0
"pwm_moe",66670.4,0
"pwm_moe",66670.4,0
"pwm_moe",66670.4,0
"pwm_moe",66670.4,0
"pwm_moe",66670.5,0
"pwm_moe",66670.5,0
"pwm_moe",66670.5,0
"pwm_moe",66670.5,0
"pwm_moe",66670.5,0
"pwm_moe",66670.5,0
"pwm_moe",66670.5,0
"pwm_moe",66670.5,0
"pwm_moe",66670.5,0
"pwm_moe",66670.5,0
"pwm_moe",66670.5,0
"pwm_moe",66670.6,0
"pwm_moe",66670.6,0
"pwm_moe",66670.6,0
"pwm_moe",66670.6,0
"pwm_moe",66670.6,0
"pwm_moe",66670.6,0
"pwm_moe",66670.6,0
"pwm_moe",66670.6,0
"pwm_moe",66670.6,0
"pwm_moe",66670.6,0
"pwm_moe",66670.7,0
"pwm_moe",66670.7,0
"pwm_moe",66670.7,0
"pwm_moe",66670.7,0
"pwm_moe",66670.7,0
"pwm_moe",66670.7,0
"pwm_moe",66670.7,0
"pwm_moe",66670.7,0
"pwm_moe",66670.7,0
"pwm_moe",66670.7,0
"pwm_moe",66670.8,0
"pwm_moe",66670.8,0
"pwm_moe",66670.8,0
"pwm_moe",66670.8,0
"pwm_moe",66670.8,0
"pwm_moe",66670.8,0
"pwm_moe",66670.8,0
"pwm_moe",66670.8,0
"pwm_moe",66670.8,0
"pwm_moe",66670.8,0
"pwm_moe",66670.9,0
"pwm_moe",66670.9,0
"pwm_moe",66670.9,0
"pwm_moe",66670.9,0
"pwm_moe",66670.9,0
"pwm_moe",66670.9,0
"pwm_moe",66670.9,0
"pwm_moe",66670.9,0
"pwm_moe",66670.9,0
"pwm_moe",66670.9,0
"pwm_moe",66671,0
"pwm_moe",66671,0
"pwm_moe",66671,0
"pwm_moe",66671,0
"pwm_moe",66671,0
"pwm_moe",66671,0
"pwm_moe",66671,0
"pwm_moe",66671,0
"pwm_moe",66671,0
"pwm_moe",66671,0
"pwm_moe",66671.1,0
"pwm_moe",66671.1,0
"pwm_moe",66671.1,0
"pwm_moe",66671.1,0
"pwm_moe",66671.1,0
"pwm_moe",66671.1,0
"pwm_moe",66671.1,0
"pwm_moe",66671.1,0
"pwm_moe",66671.1,0
"pwm_moe",66671.1,0
"pwm_moe",66671.2,0
"pwm_moe",66671.2,0
"pwm_moe",66671.2,0
"pwm_moe",66671.2,0
"pwm_moe",66671.2,0
"pwm_moe",66671.2,0
"pwm_moe",66671.2,0
"pwm_moe",66671.2,0
"pwm_moe",66671.2,0
"pwm_moe",66671.2,0
"pwm_moe",66671.3,0
"pwm_moe",66671.3,0
"pwm_moe",66671.3,0
"pwm_moe",66671.3,0
"pwm_moe",66671.3,0
"pwm_moe",66671.3,0
"pwm_moe",66671.3,0
"pwm_moe",66671.3,0
"pwm_moe",66671.3,0
"pwm_moe",66671.3,0
"pwm_moe",66671.4,0
"pwm_moe",66671.4,0
"pwm_moe",66671.4,0
"pwm_moe",66671.4,0
"pwm_moe",66671.4,0
"pwm_moe",66671.4,0
"pwm_moe",66671.4,0
"pwm_moe",66671.4,0
"pwm_moe",66671.4,0
"pwm_moe",66671.4,0
"pwm_moe",66671.5,0
"pwm_moe",66671.5,0
"pwm_moe",66671.5,0
"pwm_moe",66671.5,0
"pwm_moe",66671.5,0
"pwm_moe",66671.5,0
"pwm_moe",66671.5,0
"pwm_moe",66671.5,0
"pwm_moe",66671.5,0
"pwm_moe",66671.5,0
"pwm_moe",66671.6,0
"pwm_moe",66671.6,0
"pwm_moe",66671.6,0
"pwm_moe",66671.6,0
"pwm_moe",66671.6,0
"pwm_moe",66671.6,0
"pwm_moe",66671.6,0
"pwm_moe",66671.6,0
"pwm_moe",66671.6,0
"pwm_moe",66671.6,0
"pwm_moe",66671.7,0
"pwm_moe",66671.7,0
"pwm_moe",66671.7,0
"pwm_moe",66671.7,0
"pwm_moe",66671.7,0
"pwm_moe",66671.7,0
"pwm_moe",66671.7,0
"pwm_moe",66671.7,0
"pwm_moe",66671.7,0
"pwm_moe",66671.8,0
"pwm_moe",66671.8,0
"pwm_moe",66671.8,0
"pwm_moe",66671.8,0
"pwm_moe",66671.8,0
"pwm_moe",66671.8,0
"pwm_moe",66671.8,0
"pwm_moe",66671.8,0
"pwm_moe",66671.8,0
"pwm_moe",66671.8,0
"pwm_moe",66671.8,0
"pwm_moe",66671.9,0
"pwm_moe",66671.9,0
"pwm_moe",66671.9,0
"pwm_moe",66671.9,0
"pwm_moe",66671.9,0
"pwm_moe",66671.9,0
"pwm_moe",66671.9,0
"pwm_moe",66671.9,0
"pwm_moe",66671.9,0
"pwm_moe",66671.9,0
"pwm_moe",66672,0
"pwm_moe",66672,0
"pwm_moe",66672,0
"pwm_moe",66672,0
"pwm_moe",66672,0
"pwm_moe",66672,0
"pwm_moe",66672,0
"pwm_moe",66672,0
"pwm_moe",66672,0
"pwm_moe",66672,0
"pwm_moe",66672.1,0
"pwm_moe",66672.1,0
"pwm_moe",66672.1,0
"pwm_moe",66672.1,0
"pwm_moe",66672.1,0
"pwm_moe",66672.1,0
"pwm_moe",66672.1,0
"pwm_moe",66672.1,0
"pwm_moe",66672.1,0
"pwm_moe",66672.1,0
"pwm_moe",66672.2,0
"pwm_moe",66672.2,0
"pwm_moe",66672.2,0
"pwm_moe",66672.2,0
"pwm_moe",66672.2,0
"pwm_moe",66672.2,0
"pwm_moe",66672.2,0
"pwm_moe",66672.2,0
"pwm_moe",66672.2,0
"pwm_moe",66672.2,0
"pwm_moe",66672.2,0
"pwm_moe",66672.3,0
"pwm_moe",66672.3,0
"pwm_moe",66672.3,0
"pwm_moe",66672.3,0
"pwm_moe",66672.3,0
"pwm_moe",66672.3,0
"pwm_moe",66672.3,0
"pwm_moe",66672.3,0
"pwm_moe",66672.3,0
"pwm_moe",66672.4,0
"pwm_moe",66672.4,0
"pwm_moe",66672.4,0
"pwm_moe",66672.4,0
"pwm_moe",66672.4,0
"pwm_moe",66672.4,0
"pwm_moe",66672.4,0
"pwm_moe",66672.4,0
"pwm_moe",66672.4,0
"pwm_moe",66672.4,0
"pwm_moe",66672.5,0
"pwm_moe",66672.5,0
"pwm_moe",66672.5,0
"pwm_moe",66672.5,0
"pwm_moe",66672.5,0
"pwm_moe",66672.5,0
"pwm_moe",66672.5,0
"pwm_moe",66672.5,0
"pwm_moe",66672.5,0
"pwm_moe",66672.5,0
"pwm_moe",66672.6,0
"pwm_moe",66672.6,0
"pwm_moe",66672.6,0
"pwm_moe",66672.6,0
"pwm_moe",66672.6,0
"pwm_moe",66672.6,0
"pwm_moe",66672.6,0
"pwm_moe",66672.6,0
"pwm_moe",66672.6,0
"pwm_moe",66672.6,0
"pwm_moe",66672.7,0
"pwm_moe",66672.7,0
"pwm_moe",66672.7,0
"pwm_moe",66672.7,0
"pwm_moe",66672.7,0
"pwm_moe",66672.7,0
"pwm_moe",66672.7,0
"pwm_moe",66672.7,0
"pwm_moe",66672.7,0
"pwm_moe",66672.7,0
"pwm_moe",66672.8,0
"pwm_moe",66672.8,0
"pwm_moe",66672.8,0
"pwm_moe",66672.8,0
"pwm_moe",66672.8,0
"pwm_moe",66672.8,0
"pwm_moe",66672.8,0
"pwm_moe",66672.8,0
"pwm_moe",66672.8,0
"pwm_moe",66672.8,0
"pwm_moe",66672.9,0
"pwm_moe",66672.9,0
"pwm_moe",66672.9,0
"pwm_moe",66672.9,0
"pwm_moe",66672.9,0
"pwm_moe",66672.9,0
"pwm_moe",66672.9,0
"pwm_moe",66672.9,0
"pwm_moe",66672.9,0
"pwm_moe",66672.9,0
"pwm_moe",66673,0
"pwm_moe",66673,0
"pwm_moe",66673,0
"pwm_moe",66673,0
"pwm_moe",66673,0
"pwm_moe",66673,0
"pwm_moe",66673,0
"pwm_moe",66673,0
"pwm_moe",66673,0
"pwm_moe",66673,0
"pwm_moe",66673.1,0
"pwm_moe",66673.1,0
"pwm_moe",66673.1,0
"pwm_moe",66673.1,0
"pwm_moe",66673.1,0
"pwm_moe",66673.1,0
"pwm_moe",66673.1,0
"pwm_moe",66673.1,0
"pwm_moe",66673.1,0
"pwm_moe",66673.1,0
"pwm_moe",66673.2,0
"pwm_moe",66673.2,0
"pwm_moe",66673.2,0
"pwm_moe",66673.2,0
"pwm_moe",66673.2,0
"pwm_moe",66673.2,0
"pwm_moe",66673.2,0
"pwm_moe",66673.2,0
"pwm_moe",66673.2,0
"pwm_moe",66673.2,0
"pwm_moe",66673.3,0
"pwm_moe",66673.3,0
"pwm_moe",66673.3,0
"pwm_moe",66673.3,0
"pwm_moe",66673.3,0
"pwm_moe",66673.3,0
"pwm_moe",66673.3,0
"pwm_moe",66673.3,0
"pwm_moe",66673.3,0
"pwm_moe",66673.3,0
"pwm_moe",66673.4,0
"pwm_moe",66673.4,0
"pwm_moe",66673.4,0
"pwm_moe",66673.4,0
"pwm_moe",66673.4,0
"pwm_moe",66673.4,0
"pwm_moe",66673.4,0
"pwm_moe",66673.4,0
"pwm_moe",66673.4,0
"pwm_moe",66673.4,0
"pwm_moe",66673.5,0
"pwm_moe",66673.5,0
"pwm_moe",66673.5,0
"pwm_moe",66673.5,0
"pwm_moe",66673.5,0
"pwm_moe",66673.5,0
"pwm_moe",66673.5,0
"pwm_moe",66673.5,0
"pwm_moe",66673.5,0
"pwm_moe",66673.5,0
"pwm_moe",66673.6,0
"pwm_moe",66673.6,0
"pwm_moe",66673.6,0
"pwm_moe",66673.6,0
"pwm_moe",66673.6,0
"pwm_moe",66673.6,0
"pwm_moe",66673.6,0
"pwm_moe",66673.6,0
"pwm_moe",66673.6,0
"pwm_moe",66673.6,0
"pwm_moe",66673.7,0
"pwm_moe",66673.7,0
"pwm_moe",66673.7,0
"pwm_moe",66673.7,0
"pwm_moe",66673.7,0
"pwm_moe",66673.7,0
"pwm_moe",66673.7,0
"pwm_moe",66673.7,0
"pwm_moe",66673.7,0
"pwm_moe",66673.8,0
"pwm_moe",66673.8,0
"pwm_moe",66673.8,0
"pwm_moe",66673.8,0
"pwm_moe",66673.8,0
"pwm_moe",66673.8,0
"pwm_moe",66673.8,0
"pwm_moe",66673.8,0
"pwm_moe",66673.8,0
"pwm_moe",66673.8,0
"pwm_moe",66673.8,0
"pwm_moe",66673.9,0
"pwm_moe",66673.9,0
"pwm_moe",66673.9,0
"pwm_moe",66673.9,0
"pwm_moe",66673.9,0
"pwm_moe",66673.9,0
"pwm_moe",66673.9,0
"pwm_moe",66673.9,0
"pwm_moe",66673.9,0
"pwm_moe",66673.9,0
"pwm_moe",66674,0
"pwm_moe",66674,0
"pwm_moe",66674,0
"pwm_moe",66674,0
"pwm_moe",66674,0
"pwm_moe",66674,0
"pwm_moe",66674,0
"pwm_moe",66674,0
"pwm_moe",66674,0
"pwm_moe",66674,0
"pwm_moe",66674.1,0
"pwm_moe",66674.1,0
"pwm_moe",66674.1,0
"pwm_moe",66674.1,0
"pwm_moe",66674.1,0
"pwm_moe",66674.1,0
"pwm_moe",66674.1,0
"pwm_moe",66674.1,0
"pwm_moe",66674.1,0
"pwm_moe",66674.1,0
"pwm_moe",66674.2,0
"pwm_moe",66674.2,0
"pwm_moe",66674.2,0
"pwm_moe",66674.2,0
"pwm_moe",66674.2,0
"pwm_moe",66674.2,0
"pwm_moe",66674.2,0
"pwm_moe",66674.2,0
"pwm_moe",66674.2,0
"pwm_moe",66674.2,0
"pwm_moe",66674.3,0
"pwm_moe",66674.3,0
"pwm_moe",66674.3,0
"pwm_moe",66674.3,0
"pwm_moe",66674.3,0
"pwm_moe",66674.3,0
"pwm_moe",66674.3,0
"pwm_moe",66674.3,0
"pwm_moe",66674.3,0
"pwm_moe",66674.3,0
"pwm_moe",66674.4,0
"pwm_moe",66674.4,0
"pwm_moe",66674.4,0
"pwm_moe",66674.4,0
"pwm_moe",66674.4,0
"pwm_moe",66674.4,0
"pwm_moe",66674.4,0
"pwm_moe",66674.4,0
"pwm_moe",66674.4,0
"pwm_moe",66674.4,0
"pwm_moe",66674.5,0
"pwm_moe",66674.5,0
"pwm_moe",66674.5,0
"pwm_moe",66674.5,0
"pwm_moe",66674.5,0
"pwm_moe",66674.5,0
"pwm_moe",66674.5,0
"pwm_moe",66674.5,0
"pwm_moe",66674.5,0
"pwm_moe",66674.5,0
"pwm_moe",66674.6,0
"pwm_moe",66674.6,0
"pwm_moe",66674.6,0
"pwm_moe",66674.6,0
"pwm_moe",66674.6,0
"pwm_moe",66674.6,0
"pwm_moe",66674.6,0
"pwm_moe",66674.6,0
"pwm_moe",66674.6,0
"pwm_moe",66674.7,0
"pwm_moe",66674.7,0
"pwm_moe",66674.7,0
"pwm_moe",66674.7,0
"pwm_moe",66674.7,0
"pwm_moe",66674.7,0
"pwm_moe",66674.8,0
"pwm_moe",66674.8,0
"pwm_moe",66674.8,0
"pwm_moe",66674.8,0
"pwm_moe",66674.8,0
"pwm_moe",66674.8,0
"pwm_moe",66674.8,0
"pwm_moe",66674.8,0
"pwm_moe",66674.9,0
"pwm_moe",66674.9,0
"pwm_moe",66674.9,0
"pwm_moe",66674.9,0
"pwm_moe",66674.9,0
"pwm_moe",66674.9,0
"pwm_moe",66675,0
"pwm_moe",66675,0
"pwm_moe",66675,0
"pwm_moe",66675,0
"pwm_moe",66675,0
"pwm_moe",66675,0
"pwm_moe",66675.1,0
"pwm_moe",66675.1,0
"pwm_moe",66675.1,0
"pwm_moe",66675.1,0
"pwm_moe",66675.1,0
"pwm_moe",66675.1,0
"pwm_moe",66675.1,0
"pwm_moe",66675.1,0
"pwm_moe",66675.1,0
"pwm_moe",66675.1,0
"pwm_moe",66675.1,0
"pwm_moe",66675.2,0
"pwm_moe",66675.2,0
"pwm_moe",66675.2,0
"pwm_moe",66675.2,0
"pwm_moe",66675.2,0
"pwm_moe",66675.2,0
"pwm_moe",66675.2,0
"pwm_moe",66675.2,0
"pwm_moe",66675.2,0
"pwm_moe",66675.2,0
"pwm_moe",66675.2,0
"pwm_moe",66675.3,0
"pwm_moe",66675.3,0
"pwm_moe",66675.3,0
"pwm_moe",66675.3,0
"pwm_moe",66675.3,0
"pwm_moe",66675.3,0
"pwm_moe",66675.3,0
"pwm_moe",66675.3,0
"pwm_moe",66675.3,0
"pwm_moe",66675.3,0
"pwm_moe",66675.4,0
"pwm_moe",66675.4,0
"pwm_moe",66675.4,0
"pwm_moe",66675.4,0
"pwm_moe",66675.4,0
"pwm_moe",66675.4,0
"pwm_moe",66675.4,0
"pwm_moe",66675.4,0
"pwm_moe",66675.4,0
"pwm_moe",66675.4,0
"pwm_moe",66675.5,0
"pwm_moe",66675.5,0
"pwm_moe",66675.5,0
"pwm_moe",66675.5,0
"pwm_moe",66675.5,0
"pwm_moe",66675.5,0
"pwm_moe",66675.5,0
"pwm_moe",66675.5,0
"pwm_moe",66675.5,0
"pwm_moe",66675.5,0
"pwm_moe",66675.5,0
"pwm_moe",66675.5,0
"pwm_moe",66675.6,0
"pwm_moe",66675.6,0
"pwm_moe",66675.6,0
"pwm_moe",66675.6,0
"pwm_moe",66675.6,0
"pwm_moe",66675.6,0
"pwm_moe",66675.6,0
"pwm_moe",66675.6,0
"pwm_moe",66675.6,0
"pwm_moe",66675.6,0
"pwm_moe",66675.6,0
"pwm_moe",66675.7,0
"pwm_moe",66675.7,0
"pwm_moe",66675.7,0
"pwm_moe",66675.7,0
"pwm_moe",66675.7,0
"pwm_moe",66675.7,0
"pwm_moe",66675.7,0
"pwm_moe",66675.7,0
"pwm_moe",66675.7,0
"pwm_moe",66675.7,0
"pwm_moe",66675.8,0
"pwm_moe",66675.8,0
"pwm_moe",66675.8,0
"pwm_moe",66675.8,0
"pwm_moe",66675.8,0
"pwm_moe",66675.8,0
"pwm_moe",66675.8,0
"pwm_moe",66675.8,0
"pwm_moe",66675.8,0
"pwm_moe",66675.8,0
"pwm_moe",66675.8,0
"pwm_moe",66675.8,0
"pwm_moe",66675.9,0
"pwm_moe",66675.9,0
"pwm_moe",66675.9,0
"pwm_moe",66675.9,0
"pwm_moe",66675.9,0
"pwm_moe",66675.9,0
"pwm_moe",66675.9,0
"pwm_moe",66675.9,0
"pwm_moe",66675.9,0
"pwm_moe",66675.9,0
"pwm_moe",66676,0
"pwm_moe",66676,0
"pwm_moe",66676,0
"pwm_moe",66676,0
"pwm_moe",66676,0
"pwm_moe",66676,0
"pwm_moe",66676,0
"pwm_moe",66676,0
"pwm_moe",66676,0
"pwm_moe",66676,0
"pwm_moe",66676,0
"pwm_moe",66676.1,0
"pwm_moe",66676.1,0
"pwm_moe",66676.1,0
"pwm_moe",66676.1,0
"pwm_moe",66676.1,0
"pwm_moe",66676.1,0
"pwm_moe",66676.1,0
"pwm_moe",66676.1,0
"pwm_moe",66676.1,0
"pwm_moe",66676.1,0
"pwm_moe",66676.2,0
"pwm_moe",66676.2,0
"pwm_moe",66676.2,0
"pwm_moe",66676.2,0
"pwm_moe",66676.2,0
"pwm_moe",66676.2,0
"pwm_moe",66676.2,0
"pwm_moe",66676.2,0
"pwm_moe",66676.2,0
"pwm_moe",66676.2,0
"pwm_moe",66676.3,0
"pwm_moe",66676.3,0
"pwm_moe",66676.3,0
"pwm_moe",66676.3,0
"pwm_moe",66676.3,0
"pwm_moe",66676.3,0
"pwm_moe",66676.3,0
"pwm_moe",66676.3,0
"pwm_moe",66676.3,0
"pwm_moe",66676.4,0
"pwm_moe",66676.4,0
"pwm_moe",66676.4,0
"pwm_moe",66676.4,0
"pwm_moe",66676.4,0
"pwm_moe",66676.4,0
"pwm_moe",66676.4,0
"pwm_moe",66676.4,0
"pwm_moe",66676.4,0
"pwm_moe",66676.4,0
"pwm_moe",66676.5,0
"pwm_moe",66676.5,0
"pwm_moe",66676.5,0
"pwm_moe",66676.5,0
"pwm_moe",66676.5,0
"pwm_moe",66676.5,0
"pwm_moe",66676.5,0
"pwm_moe",66676.5,0
"pwm_moe",66676.5,0
"pwm_moe",66676.5,0
"pwm_moe",66676.6,0
"pwm_moe",66676.6,0
"pwm_moe",66676.6,0
"pwm_moe",66676.6,0
"pwm_moe",66676.6,0
"pwm_moe",66676.6,0
"pwm_moe",66676.6,0
"pwm_moe",66676.6,0
"pwm_moe",66676.6,0
"pwm_moe",66676.6,0
"pwm_moe",66676.7,0
"pwm_moe",66676.7,0
"pwm_moe",66676.7,0
"pwm_moe",66676.7,0
"pwm_moe",66676.7,0
"pwm_moe",66676.7,0
"pwm_moe",66676.7,0
"pwm_moe",66676.7,0
"pwm_moe",66676.7,0
"pwm_moe",66676.7,0
"pwm_moe",66676.8,0
"pwm_moe",66676.8,0
"pwm_moe",66676.8,0
"pwm_moe",66676.8,0
"pwm_moe",66676.8,0
"pwm_moe",66676.8,0
"pwm_moe",66676.8,0
"pwm_moe",66676.8,0
"pwm_moe",66676.8,0
"pwm_moe",66676.8,0
"pwm_moe",66676.9,0
"pwm_moe",66676.9,0
"pwm_moe",66676.9,0
"pwm_moe",66676.9,0
"pwm_moe",66676.9,0
"pwm_moe",66676.9,0
"pwm_moe",66676.9,0
"pwm_moe",66676.9,0
"pwm_moe",66676.9,0
"pwm_moe",66676.9,0
"pwm_moe",66677,0
"pwm_moe",66677,0
"pwm_moe",66677,0
"pwm_moe",66677,0
"pwm_moe",66677,0
"pwm_moe",66677,0
"pwm_moe",66677,0
"pwm_moe",66677,0
"pwm_moe",66677,0
"pwm_moe",66677,0
"pwm_moe",66677.1,0
"pwm_moe",66677.1,0
"pwm_moe",66677.1,0
"pwm_moe",66677.1,0
"pwm_moe",66677.1,0
"pwm_moe",66677.1,0
"pwm_moe",66677.1,0
"pwm_moe",66677.1,0
"pwm_moe",66677.1,0
"pwm_moe",66677.1,0
"pwm_moe",66677.2,0
"pwm_moe",66677.2,0
"pwm_moe",66677.2,0
"pwm_moe",66677.2,0
"pwm_moe",66677.2,0
"pwm_moe",66677.2,0
"pwm_moe",66677.2,0
"pwm_moe",66677.2,0
"pwm_moe",66677.2,0
"pwm_moe",66677.2,0
"pwm_moe",66677.2,0
"pwm_moe",66677.3,0
"pwm_moe",66677.3,0
"pwm_moe",66677.3,0
"pwm_moe",66677.3,0
"pwm_moe",66677.3,0
"pwm_moe",66677.3,0
"pwm_moe",66677.3,0
"pwm_moe",66677.3,0
"pwm_moe",66677.3,0
"pwm_moe",66677.4,0
"pwm_moe",66677.4,0
"pwm_moe",66677.4,0
"pwm_moe",66677.4,0
"pwm_moe",66677.4,0
"pwm_moe",66677.4,0
"pwm_moe",66677.4,0
"pwm_moe",66677.4,0
"pwm_moe",66677.4,0
"pwm_moe",66677.4,0
"pwm_moe",66677.5,0
"pwm_moe",66677.5,0
"pwm_moe",66677.5,0
"pwm_moe",66677.5,0
"pwm_moe",66677.5,0
"pwm_moe",66677.5,0
"pwm_moe",66677.5,0
"pwm_moe",66677.5,0
"pwm_moe",66677.5,0
"pwm_moe",66677.5,0
"pwm_moe",66677.6,0
"pwm_moe",66677.6,0
"pwm_moe",66677.6,0
"pwm_moe",66677.6,0
"pwm_moe",66677.6,0
"pwm_moe",66677.6,0
"pwm_moe",66677.6,0
"pwm_moe",66677.6,0
"pwm_moe",66677.6,0
"pwm_moe",66677.6,0
"pwm_moe",66677.7,0
"pwm_moe",66677.7,0
"pwm_moe",66677.7,0
"pwm_moe",66677.7,0
"pwm_moe",66677.7,0
"pwm_moe",66677.7,0
"pwm_moe",66677.7,0
"pwm_moe",66677.7,0
"pwm_moe",66677.7,0
"pwm_moe",66677.8,0
"pwm_moe",66677.8,0
"pwm_moe",66677.8,0
"pwm_moe",66677.8,0
"pwm_moe",66677.8,0
"pwm_moe",66677.8,0
"pwm_moe",66677.8,0
"pwm_moe",66677.8,0
"pwm_moe",66677.8,0
"pwm_moe",66677.8,0
"pwm_moe",66677.9,0
"pwm_moe",66677.9,0
"pwm_moe",66677.9,0
"pwm_moe",66677.9,0
"pwm_moe",66677.9,0
"pwm_moe",66677.9,0
"pwm_moe",66677.9,0
"pwm_moe",66677.9,0
"pwm_moe",66677.9,0
"pwm_moe",66677.9,0
"pwm_moe",66678,0
"pwm_moe",66678,0
"pwm_moe",66678,0
"pwm_moe",66678,0
"pwm_moe",66678,0
"pwm_moe",66678,0
"pwm_moe",66678,0
"pwm_moe",66678,0
"pwm_moe",66678,0
"pwm_moe",66678,0
"pwm_moe",66678,0
"pwm_moe",66678.1,0
"pwm_moe",66678.1,0
"pwm_moe",66678.1,0
"pwm_moe",66678.1,0
"pwm_moe",66678.1,0
"pwm_moe",66678.1,0
"pwm_moe",66678.1,0
"pwm_moe",66678.1,0
"pwm_moe",66678.1,0
"pwm_moe",66678.1,0
"pwm_moe",66678.2,0
"pwm_moe",66678.2,0
"pwm_moe",66678.2,0
"pwm_moe",66678.2,0
"pwm_moe",66678.2,0
"pwm_moe",66678.2,0
"pwm_moe",66678.2,0
"pwm_moe",66678.2,0
"pwm_moe",66678.2,0
"pwm_moe",66678.2,0
"pwm_moe",66678.3,0
"pwm_moe",66678.3,0
"pwm_moe",66678.3,0
"pwm_moe",66678.3,0
"pwm_moe",66678.3,0
"pwm_moe",66678.3,0
"pwm_moe",66678.3,0
"pwm_moe",66678.3,0
"pwm_moe",66678.3,0
"pwm_moe",66678.4,0
"pwm_moe",66678.4,0
"pwm_moe",66678.4,0
"pwm_moe",66678.4,0
"pwm_moe",66678.4,0
"pwm_moe",66678.4,0
"pwm_moe",66678.4,0
"pwm_moe",66678.4,0
"pwm_moe",66678.4,0
"pwm_moe",66678.4,0
"pwm_moe",66678.4,0
"pwm_moe",66678.5,0
"pwm_moe",66678.5,0
"pwm_moe",66678.5,0
"pwm_moe",66678.5,0
"pwm_moe",66678.5,0
"pwm_moe",66678.5,0
"pwm_moe",66678.5,0
"pwm_moe",66678.5,0
"pwm_moe",66678.5,0
"pwm_moe",66678.5,0
"pwm_moe",66678.6,0
"pwm_moe",66678.6,0
"pwm_moe",66678.6,0
"pwm_moe",66678.6,0
"pwm_moe",66678.6,0
"pwm_moe",66678.6,0
"pwm_moe",66678.6,0
"pwm_moe",66678.6,0
"pwm_moe",66678.6,0
"pwm_moe",66678.7,0
"pwm_moe",66678.7,0
"pwm_moe",66678.7,0
"pwm_moe",66678.7,0
"pwm_moe",66678.7,0
"pwm_moe",66678.7,0
"pwm_moe",66678.7,0
"pwm_moe",66678.7,0
"pwm_moe",66678.7,0
"pwm_moe",66678.7,0
"pwm_moe",66678.8,0
"pwm_moe",66678.8,0
"pwm_moe",66678.8,0
"pwm_moe",66678.8,0
"pwm_moe",66678.8,0
"pwm_moe",66678.8,0
"pwm_moe",66678.8,0
"pwm_moe",66678.8,0
"pwm_moe",66678.8,0
"pwm_moe",66678.8,0
"pwm_moe",66678.9,0
"pwm_moe",66678.9,0
"pwm_moe",66678.9,0
"pwm_moe",66678.9,0
"pwm_moe",66678.9,0
"pwm_moe",66678.9,0
"pwm_moe",66678.9,0
"pwm_moe",66678.9,0
"pwm_moe",66678.9,0
"pwm_moe",66678.9,0
"pwm_moe",66679,0
"pwm_moe",66679,0
"pwm_moe",66679,0
"pwm_moe",66679,0
"pwm_moe",66679,0
"pwm_moe",66679,0
"pwm_moe",66679,0
"pwm_moe",66679,0
"pwm_moe",66679,0
"pwm_moe",66679,0
"pwm_moe",66679.1,0
"pwm_moe",66679.1,0
"pwm_moe",66679.1,0
"pwm_moe",66679.1,0
"pwm_moe",66679.1,0
"pwm_moe",66679.1,0
"pwm_moe",66679.1,0
"pwm_moe",66679.1,0
"pwm_moe",66679.1,0
"pwm_moe",66679.1,0
"pwm_moe",66679.2,0
"pwm_moe",66679.2,0
"pwm_moe",66679.2,0
"pwm_moe",66679.2,0
"pwm_moe",66679.2,0
"pwm_moe",66679.2,0
"pwm_moe",66679.2,0
"pwm_moe",66679.2,0
"pwm_moe",66679.2,0
"pwm_moe",66679.2,0
"pwm_moe",66679.2,0
"pwm_moe",66679.3,0
"pwm_moe",66679.3,0
"pwm_moe",66679.3,0
"pwm_moe",66679.3,0
"pwm_moe",66679.3,0
"pwm_moe",66679.3,0
"pwm_moe",66679.3,0
"pwm_moe",66679.3,0
"pwm_moe",66679.3,0
"pwm_moe",66679.4,0
"pwm_moe",66679.4,0
"pwm_moe",66679.4,0
"pwm_moe",66679.4,0
"pwm_moe",66679.4,0
"pwm_moe",66679.4,0
"pwm_moe",66679.4,0
"pwm_moe",66679.4,0
"pwm_moe",66679.4,0
"pwm_moe",66679.4,0
"pwm_moe",66679.5,0
"pwm_moe",66679.5,0
"pwm_moe",66679.5,0
"pwm_moe",66679.5,0
"pwm_moe",66679.5,0
"pwm_moe",66679.5,0
"pwm_moe",66679.5,0
"pwm_moe",66679.5,0
"pwm_moe",66679.5,0
"pwm_moe",66679.5,0
"pwm_moe",66679.6,0
"pwm_moe",66679.6,0
"pwm_moe",66679.6,0
"pwm_moe",66679.6,0
"pwm_moe",66679.6,0
"pwm_moe",66679.6,0
"pwm_moe",66679.6,0
"pwm_moe",66679.6,0
"pwm_moe",66679.6,0
"pwm_moe",66679.6,0
"pwm_moe",66679.6,0
"pwm_moe",66679.7,0
"pwm_moe",66679.7,0
"pwm_moe",66679.7,0
"pwm_moe",66679.7,0
"pwm_moe",66679.7,0
"pwm_moe",66679.7,0
"pwm_moe",66679.7,0
"pwm_moe",66679.7,0
"pwm_moe",66679.7,0
"pwm_moe",66679.7,0
"pwm_moe",66679.8,0
"pwm_moe",66679.8,0
"pwm_moe",66679.8,0
"pwm_moe",66679.8,0
"pwm_moe",66679.8,0
"pwm_moe",66679.8,0
"pwm_moe",66679.8,0
"pwm_moe",66679.8,0
"pwm_moe",66679.8,0
"pwm_moe",66679.8,0
"pwm_moe",66679.9,0
"pwm_moe",66679.9,0
"pwm_moe",66679.9,0
"pwm_moe",66679.9,0
"pwm_moe",66679.9,0
"pwm_moe",66679.9,0
"pwm_moe",66679.9,0
"pwm_moe",66679.9,0
"pwm_moe",66679.9,0
"pwm_moe",66679.9,0
"pwm_moe",66680,0
"pwm_moe",66680,0
"pwm_moe",66680,0
"pwm_moe",66680,0
"pwm_moe",66680,0
"pwm_moe",66680,0
"pwm_moe",66680,0
"pwm_moe",66680,0
"pwm_moe",66680,0
"pwm_moe",66680,0
"pwm_moe",66680.1,0
"pwm_moe",66680.1,0
"pwm_moe",66680.1,0
"pwm_moe",66680.1,0
"pwm_moe",66680.1,0
"pwm_moe",66680.1,0
"pwm_moe",66680.1,0
"pwm_moe",66680.1,0
"pwm_moe",66680.1,0
"pwm_moe",66680.1,0
"pwm_moe",66680.2,0
"pwm_moe",66680.2,0
"pwm_moe",66680.2,0
"pwm_moe",66680.2,0
"pwm_moe",66680.2,0
"pwm_moe",66680.2,0
"pwm_moe",66680.2,0
"pwm_moe",66680.2,0
"pwm_moe",66680.2,0
"pwm_moe",66680.2,0
"pwm_moe",66680.3,0
"pwm_moe",66680.3,0
"pwm_moe",66680.3,0
"pwm_moe",66680.3,0
"pwm_moe",66680.3,0
"pwm_moe",66680.3,0
"pwm_moe",66680.3,0
"pwm_moe",66680.3,0
"pwm_moe",66680.3,0
"pwm_moe",66680.3,0
"pwm_moe",66680.4,0
"pwm_moe",66680.4,0
"pwm_moe",66680.4,0
"pwm_moe",66680.4,0
"pwm_moe",66680.4,0
"pwm_moe",66680.4,0
"pwm_moe",66680.4,0
"pwm_moe",66680.4,0
"pwm_moe",66680.4,0
"pwm_moe",66680.4,0
"pwm_moe",66680.5,0
"pwm_moe",66680.5,0
"pwm_moe",66680.5,0
"pwm_moe",66680.5,0
"pwm_moe",66680.5,0
"pwm_moe",66680.5,0
"pwm_moe",66680.5,0
"pwm_moe",66680.5,0
"pwm_moe",66680.5,0
"pwm_moe",66680.5,0
"pwm_moe",66680.6,0
"pwm_moe",66680.6,0
"pwm_moe",66680.6,0
"pwm_moe",66680.6,0
"pwm_moe",66680.6,0
"pwm_moe",66680.6,0
"pwm_moe",66680.6,0
"pwm_moe",66680.6,0
"pwm_moe",66680.6,0
"pwm_moe",66680.6,0
"pwm_moe",66680.6,0
"pwm_moe",66680.7,0
"pwm_moe",66680.7,0
"pwm_moe",66680.7,0
"pwm_moe",66680.7,0
"pwm_moe",66680.7,0
"pwm_moe",66680.7,0
"pwm_moe",66680.7,0
"pwm_moe",66680.7,0
"pwm_moe",66680.7,0
"pwm_moe",66680.7,0
"pwm_moe",66680.8,0
"pwm_moe",66680.8,0
"pwm_moe",66680.8,0
"pwm_moe",66680.8,0
"pwm_moe",66680.8,0
"pwm_moe",66680.8,0
"pwm_moe",66680.8,0
"pwm_moe",66680.8,0
"pwm_moe",66680.8,0
"pwm_moe",66680.8,0
"pwm_moe",66680.9,0
"pwm_moe",66680.9,0
"pwm_moe",66680.9,0
"pwm_moe",66680.9,0
"pwm_moe",66680.9,0
"pwm_moe",66680.9,0
"pwm_moe",66680.9,0
"pwm_moe",66680.9,0
"pwm_moe",66680.9,0
"pwm_moe",66680.9,0
"pwm_moe",66681,0
"pwm_moe",66681,0
"pwm_moe",66681,0
"pwm_moe",66681,0
"pwm_moe",66681,0
"pwm_moe",66681,0
"pwm_moe",66681,0
"pwm_moe",66681,0
"pwm_moe",66681,0
"pwm_moe",66681,0
"pwm_moe",66681.1,0
"pwm_moe",66681.1,0
"pwm_moe",66681.1,0
"pwm_moe",66681.1,0
"pwm_moe",66681.1,0
"pwm_moe",66681.1,0
"pwm_moe",66681.1,0
"pwm_moe",66681.1,0
"pwm_moe",66681.1,0
"pwm_moe",66681.1,0
"pwm_moe",66681.2,0
"pwm_moe",66681.2,0
"pwm_moe",66681.2,0
"pwm_moe",66681.2,0
"pwm_moe",66681.2,0
"pwm_moe",66681.2,0
"pwm_moe",66681.2,0
"pwm_moe",66681.2,0
"pwm_moe",66681.2,0
"pwm_moe",66681.2,0
"pwm_moe",66681.3,0
"pwm_moe",66681.3,0
"pwm_moe",66681.3,0
"pwm_moe",66681.3,0
"pwm_moe",66681.3,0
"pwm_moe",66681.3,0
"pwm_moe",66681.3,0
"pwm_moe",66681.3,0
"pwm_moe",66681.3,0
"pwm_moe",66681.3,0
"pwm_moe",66681.4,0
"pwm_moe",66681.4,0
"pwm_moe",66681.4,0
"pwm_moe",66681.4,0
"pwm_moe",66681.4,0
"pwm_moe",66681.4,0
"pwm_moe",66681.4,0
"pwm_moe",66681.4,0
"pwm_moe",66681.4,0
"pwm_moe",66681.4,0
"pwm_moe",66681.5,0
"pwm_moe",66681.5,0
"pwm_moe",66681.5,0
"pwm_moe",66681.5,0
"pwm_moe",66681.5,0
"pwm_moe",66681.5,0
"pwm_moe",66681.5,0
"pwm_moe",66681.5,0
"pwm_moe",66681.5,0
"pwm_moe",66681.5,0
"pwm_moe",66681.6,0
"pwm_moe",66681.6,0
"pwm_moe",66681.6,0
"pwm_moe",66681.6,0
"pwm_moe",66681.6,0
"pwm_moe",66681.6,0
"pwm_moe",66681.6,0
"pwm_moe",66681.6,0
"pwm_moe",66681.6,0
"pwm_moe",66681.6,0
"pwm_moe",66681.7,0
"pwm_moe",66681.7,0
"pwm_moe",66681.7,0
"pwm_moe",66681.7,0
"pwm_moe",66681.7,0
"pwm_moe",66681.7,0
"pwm_moe",66681.7,0
"pwm_moe",66681.7,0
"pwm_moe",66681.7,0
"pwm_moe",66681.7,0
"pwm_moe",66681.8,0
"pwm_moe",66681.8,0
"pwm_moe",66681.8,0
"pwm_moe",66681.8,0
"pwm_moe",66681.8,0
"pwm_moe",66681.8,0
"pwm_moe",66681.8,0
"pwm_moe",66681.8,0
"pwm_moe",66681.8,0
"pwm_moe",66681.8,0
"pwm_moe",66681.9,0
"pwm_moe",66681.9,0
"pwm_moe",66681.9,0
"pwm_moe",66681.9,0
"pwm_moe",66681.9,0
"pwm_moe",66681.9,0
"pwm_moe",66681.9,0
"pwm_moe",66681.9,0
"pwm_moe",66681.9,0
"pwm_moe",66681.9,0
"pwm_moe",66682,0
"pwm_moe",66682,0
"pwm_moe",66682,0
"pwm_moe",66682,0
"pwm_moe",66682,0
"pwm_moe",66682,0
"pwm_moe",66682,0
"pwm_moe",66682,0
"pwm_moe",66682,0
"pwm_moe",66682,0
"pwm_moe",66682.1,0
"pwm_moe",66682.1,0
"pwm_moe",66682.1,0
"pwm_moe",66682.1,0
"pwm_moe",66682.1,0
"pwm_moe",66682.1,0
"pwm_moe",66682.1,0
"pwm_moe",66682.1,0
"pwm_moe",66682.1,0
"pwm_moe",66682.1,0
"pwm_moe",66682.2,0
"pwm_moe",66682.2,0
"pwm_moe",66682.2,0
"pwm_moe",66682.2,0
"pwm_moe",66682.2,0
"pwm_moe",66682.2,0
"pwm_moe",66682.2,0
"pwm_moe",66682.2,0
"pwm_moe",66682.2,0
"pwm_moe",66682.2,0
"pwm_moe",66682.2,0
"pwm_moe",66682.3,0
"pwm_moe",66682.3,0
"pwm_moe",66682.3,0
"pwm_moe",66682.3,0
"control_outputs_enabled",66652.4,1
"control_outputs_enabled",66652.4,1
"control_outputs_enabled",66652.4,1
"control_outputs_enabled",66652.4,1
"control_outputs_enabled",66652.4,1
"control_outputs_enabled",66652.4,1
"control_outputs_enabled",66652.4,1
"control_outputs_enabled",66652.5,1
"control_outputs_enabled",66652.5,1
"control_outputs_enabled",66652.5,1
"control_outputs_enabled",66652.5,1
"control_outputs_enabled",66652.5,1
"control_outputs_enabled",66652.5,1
"control_outputs_enabled",66652.5,1
"control_outputs_enabled",66652.5,1
"control_outputs_enabled",66652.5,1
"control_outputs_enabled",66652.5,1
"control_outputs_enabled",66652.6,1
"control_outputs_enabled",66652.6,1
"control_outputs_enabled",66652.6,1
"control_outputs_enabled",66652.6,1
"control_outputs_enabled",66652.6,1
"control_outputs_enabled",66652.6,1
"control_outputs_enabled",66652.6,1
"control_outputs_enabled",66652.6,1
"control_outputs_enabled",66652.6,1
"control_outputs_enabled",66652.6,1
"control_outputs_enabled",66652.7,1
"control_outputs_enabled",66652.7,1
"control_outputs_enabled",66652.7,1
"control_outputs_enabled",66652.7,1
"control_outputs_enabled",66652.7,1
"control_outputs_enabled",66652.7,1
"control_outputs_enabled",66652.7,1
"control_outputs_enabled",66652.7,1
"control_outputs_enabled",66652.7,1
"control_outputs_enabled",66652.7,1
"control_outputs_enabled",66652.8,1
"control_outputs_enabled",66652.8,1
"control_outputs_enabled",66652.8,1
"control_outputs_enabled",66652.8,1
"control_outputs_enabled",66652.8,1
"control_outputs_enabled",66652.8,1
"control_outputs_enabled",66652.8,1
"control_outputs_enabled",66652.8,1
"control_outputs_enabled",66652.8,1
"control_outputs_enabled",66652.8,1
"control_outputs_enabled",66652.9,1
"control_outputs_enabled",66652.9,1
"control_outputs_enabled",66652.9,1
"control_outputs_enabled",66652.9,1
"control_outputs_enabled",66652.9,1
"control_outputs_enabled",66652.9,1
"control_outputs_enabled",66652.9,1
"control_outputs_enabled",66652.9,1
"control_outputs_enabled",66652.9,1
"control_outputs_enabled",66652.9,1
"control_outputs_enabled",66653,1
"control_outputs_enabled",66653,1
"control_outputs_enabled",66653,1
"control_outputs_enabled",66653,1
"control_outputs_enabled",66653,1
"control_outputs_enabled",66653,1
"control_outputs_enabled",66653,1
"control_outputs_enabled",66653,1
"control_outputs_enabled",66653,1
"control_outputs_enabled",66653,1
"control_outputs_enabled",66653.1,1
"control_outputs_enabled",66653.1,1
"control_outputs_enabled",66653.1,1
"control_outputs_enabled",66653.1,1
"control_outputs_enabled",66653.1,1
"control_outputs_enabled",66653.1,1
"control_outputs_enabled",66653.1,0
"control_outputs_enabled",66653.1,0
"control_outputs_enabled",66653.1,0
"control_outputs_enabled",66653.1,0
"control_outputs_enabled",66653.2,0
"control_outputs_enabled",66653.2,0
"control_outputs_enabled",66653.2,0
"control_outputs_enabled",66653.2,0
"control_outputs_enabled",66653.2,0
"control_outputs_enabled",66653.2,0
"control_outputs_enabled",66653.2,0
"control_outputs_enabled",66653.2,0
"control_outputs_enabled",66653.2,0
"control_outputs_enabled",66653.2,0
"control_outputs_enabled",66653.3,0
"control_outputs_enabled",66653.3,0
"control_outputs_enabled",66653.3,0
"control_outputs_enabled",66653.3,0
"control_outputs_enabled",66653.3,0
"control_outputs_enabled",66653.3,0
"control_outputs_enabled",66653.3,0
"control_outputs_enabled",66653.3,0
"control_outputs_enabled",66653.3,0
"control_outputs_enabled",66653.3,0
"control_outputs_enabled",66653.4,0
"control_outputs_enabled",66653.4,0
"control_outputs_enabled",66653.4,0
"control_outputs_enabled",66653.4,0
"control_outputs_enabled",66653.4,0
"control_outputs_enabled",66653.4,0
"control_outputs_enabled",66653.4,0
"control_outputs_enabled",66653.4,0
"control_outputs_enabled",66653.4,0
"control_outputs_enabled",66653.4,0
"control_outputs_enabled",66653.5,0
"control_outputs_enabled",66653.5,0
"control_outputs_enabled",66653.5,0
"control_outputs_enabled",66653.5,0
"control_outputs_enabled",66653.5,0
"control_outputs_enabled",66653.5,0
"control_outputs_enabled",66653.5,0
"control_outputs_enabled",66653.5,0
"control_outputs_enabled",66653.5,0
"control_outputs_enabled",66653.5,0
"control_outputs_enabled",66653.6,0
"control_outputs_enabled",66653.6,0
"control_outputs_enabled",66653.6,0
"control_outputs_enabled",66653.6,0
"control_outputs_enabled",66653.6,0
"control_outputs_enabled",66653.6,0
"control_outputs_enabled",66653.6,0
"control_outputs_enabled",66653.6,0
"control_outputs_enabled",66653.6,0
"control_outputs_enabled",66653.6,0
"control_outputs_enabled",66653.7,0
"control_outputs_enabled",66653.7,0
"control_outputs_enabled",66653.7,0
"control_outputs_enabled",66653.7,0
"control_outputs_enabled",66653.7,0
"control_outputs_enabled",66653.7,0
"control_outputs_enabled",66653.7,0
"control_outputs_enabled",66653.7,0
"control_outputs_enabled",66653.7,0
"control_outputs_enabled",66653.8,0
"control_outputs_enabled",66653.8,0
"control_outputs_enabled",66653.8,0
"control_outputs_enabled",66653.8,0
"control_outputs_enabled",66653.8,0
"control_outputs_enabled",66653.8,0
"control_outputs_enabled",66653.8,0
"control_outputs_enabled",66653.8,0
"control_outputs_enabled",66653.8,0
"control_outputs_enabled",66653.8,0
"control_outputs_enabled",66653.9,0
"control_outputs_enabled",66653.9,0
"control_outputs_enabled",66653.9,0
"control_outputs_enabled",66653.9,0
"control_outputs_enabled",66653.9,0
"control_outputs_enabled",66653.9,0
"control_outputs_enabled",66653.9,0
"control_outputs_enabled",66653.9,0
"control_outputs_enabled",66653.9,0
"control_outputs_enabled",66653.9,0
"control_outputs_enabled",66653.9,0
"control_outputs_enabled",66654,0
"control_outputs_enabled",66654,0
"control_outputs_enabled",66654,0
"control_outputs_enabled",66654,0
"control_outputs_enabled",66654,0
"control_outputs_enabled",66654,0
"control_outputs_enabled",66654,0
"control_outputs_enabled",66654,0
"control_outputs_enabled",66654,0
"control_outputs_enabled",66654,0
"control_outputs_enabled",66654.1,0
"control_outputs_enabled",66654.1,0
"control_outputs_enabled",66654.1,0
"control_outputs_enabled",66654.1,0
"control_outputs_enabled",66654.1,0
"control_outputs_enabled",66654.1,0
"control_outputs_enabled",66654.1,0
"control_outputs_enabled",66654.1,0
"control_outputs_enabled",66654.1,0
"control_outputs_enabled",66654.1,0
"control_outputs_enabled",66654.2,0
"control_outputs_enabled",66654.2,0
"control_outputs_enabled",66654.2,0
"control_outputs_enabled",66654.2,0
"control_outputs_enabled",66654.2,0
"control_outputs_enabled",66654.2,0
"control_outputs_enabled",66654.2,0
"control_outputs_enabled",66654.2,0
"control_outputs_enabled",66654.2,0
"control_outputs_enabled",66654.2,0
"control_outputs_enabled",66654.3,0
"control_outputs_enabled",66654.3,0
"control_outputs_enabled",66654.3,0
"control_outputs_enabled",66654.3,0
"control_outputs_enabled",66654.3,0
"control_outputs_enabled",66654.3,0
"control_outputs_enabled",66654.3,0
"control_outputs_enabled",66654.3,0
"control_outputs_enabled",66654.3,0
"control_outputs_enabled",66654.4,0
"control_outputs_enabled",66654.4,0
"control_outputs_enabled",66654.4,0
"control_outputs_enabled",66654.4,0
"control_outputs_enabled",66654.4,0
"control_outputs_enabled",66654.4,0
"control_outputs_enabled",66654.4,0
"control_outputs_enabled",66654.4,0
"control_outputs_enabled",66654.4,0
"control_outputs_enabled",66654.4,0
"control_outputs_enabled",66654.4,0
"control_outputs_enabled",66654.5,0
"control_outputs_enabled",66654.5,0
"control_outputs_enabled",66654.5,0
"control_outputs_enabled",66654.5,0
"control_outputs_enabled",66654.5,0
"control_outputs_enabled",66654.5,0
"control_outputs_enabled",66654.5,0
"control_outputs_enabled",66654.5,0
"control_outputs_enabled",66654.5,0
"control_outputs_enabled",66654.5,0
"control_outputs_enabled",66654.6,0
"control_outputs_enabled",66654.6,0
"control_outputs_enabled",66654.6,0
"control_outputs_enabled",66654.6,0
"control_outputs_enabled",66654.6,0
"control_outputs_enabled",66654.6,0
"control_outputs_enabled",66654.6,0
"control_outputs_enabled",66654.6,0
"control_outputs_enabled",66654.6,0
"control_outputs_enabled",66654.7,0
"control_outputs_enabled",66654.7,0
"control_outputs_enabled",66654.7,0
"control_outputs_enabled",66654.7,0
"control_outputs_enabled",66654.7,0
"control_outputs_enabled",66654.7,0
"control_outputs_enabled",66654.8,0
"control_outputs_enabled",66654.8,0
"control_outputs_enabled",66654.8,0
"control_outputs_enabled",66654.8,0
"control_outputs_enabled",66654.8,0
"control_outputs_enabled",66654.8,0
"control_outputs_enabled",66654.8,0
"control_outputs_enabled",66654.8,0
"control_outputs_enabled",66654.9,0
"control_outputs_enabled",66654.9,0
"control_outputs_enabled",66654.9,0
"control_outputs_enabled",66654.9,0
"control_outputs_enabled",66654.9,0
"control_outputs_enabled",66654.9,0
"control_outputs_enabled",66655,0
"control_outputs_enabled",66655,0
"control_outputs_enabled",66655,0
"control_outputs_enabled",66655,0
"control_outputs_enabled",66655,0
"control_outputs_enabled",66655,0
"control_outputs_enabled",66655.1,0
"control_outputs_enabled",66655.1,0
"control_outputs_enabled",66655.1,0
"control_outputs_enabled",66655.1,0
"control_outputs_enabled",66655.1,0
"control_outputs_enabled",66655.1,0
"control_outputs_enabled",66655.1,0
"control_outputs_enabled",66655.1,0
"control_outputs_enabled",66655.1,0
"control_outputs_enabled",66655.1,0
"control_outputs_enabled",66655.2,0
"control_outputs_enabled",66655.2,0
"control_outputs_enabled",66655.2,0
"control_outputs_enabled",66655.2,0
"control_outputs_enabled",66655.2,0
"control_outputs_enabled",66655.2,0
"control_outputs_enabled",66655.2,0
"control_outputs_enabled",66655.2,0
"control_outputs_enabled",66655.2,0
"control_outputs_enabled",66655.2,0
"control_outputs_enabled",66655.2,0
"control_outputs_enabled",66655.2,0
"control_outputs_enabled",66655.3,0
"control_outputs_enabled",66655.3,0
"control_outputs_enabled",66655.3,0
"control_outputs_enabled",66655.3,0
"control_outputs_enabled",66655.3,0
"control_outputs_enabled",66655.3,0
"control_outputs_enabled",66655.3,0
"control_outputs_enabled",66655.3,0
"control_outputs_enabled",66655.3,0
"control_outputs_enabled",66655.3,0
"control_outputs_enabled",66655.4,0
"control_outputs_enabled",66655.4,0
"control_outputs_enabled",66655.4,0
"control_outputs_enabled",66655.4,0
"control_outputs_enabled",66655.4,0
"control_outputs_enabled",66655.4,0
"control_outputs_enabled",66655.4,0
"control_outputs_enabled",66655.4,0
"control_outputs_enabled",66655.4,0
"control_outputs_enabled",66655.4,0
"control_outputs_enabled",66655.4,0
"control_outputs_enabled",66655.5,0
"control_outputs_enabled",66655.5,0
"control_outputs_enabled",66655.5,0
"control_outputs_enabled",66655.5,0
"control_outputs_enabled",66655.5,0
"control_outputs_enabled",66655.5,0
"control_outputs_enabled",66655.5,0
"control_outputs_enabled",66655.5,0
"control_outputs_enabled",66655.5,0
"control_outputs_enabled",66655.5,0
"control_outputs_enabled",66655.6,0
"control_outputs_enabled",66655.6,0
"control_outputs_enabled",66655.6,0
"control_outputs_enabled",66655.6,0
"control_outputs_enabled",66655.6,0
"control_outputs_enabled",66655.6,0
"control_outputs_enabled",66655.6,0
"control_outputs_enabled",66655.6,0
"control_outputs_enabled",66655.6,0
"control_outputs_enabled",66655.6,0
"control_outputs_enabled",66655.6,0
"control_outputs_enabled",66655.6,0
"control_outputs_enabled",66655.7,0
"control_outputs_enabled",66655.7,0
"control_outputs_enabled",66655.7,0
"control_outputs_enabled",66655.7,0
"control_outputs_enabled",66655.7,0
"control_outputs_enabled",66655.7,0
"control_outputs_enabled",66655.7,0
"control_outputs_enabled",66655.7,0
"control_outputs_enabled",66655.7,0
"control_outputs_enabled",66655.7,0
"control_outputs_enabled",66655.8,0
"control_outputs_enabled",66655.8,0
"control_outputs_enabled",66655.8,0
"control_outputs_enabled",66655.8,0
"control_outputs_enabled",66655.8,0
"control_outputs_enabled",66655.8,0
"control_outputs_enabled",66655.8,0
"control_outputs_enabled",66655.8,0
"control_outputs_enabled",66655.8,0
"control_outputs_enabled",66655.8,0
"control_outputs_enabled",66655.8,0
"control_outputs_enabled",66655.8,0
"control_outputs_enabled",66655.9,0
"control_outputs_enabled",66655.9,0
"control_outputs_enabled",66655.9,0
"control_outputs_enabled",66655.9,0
"control_outputs_enabled",66655.9,0
"control_outputs_enabled",66655.9,0
"control_outputs_enabled",66655.9,0
"control_outputs_enabled",66655.9,0
"control_outputs_enabled",66655.9,0
"control_outputs_enabled",66655.9,0
"control_outputs_enabled",66656,0
"control_outputs_enabled",66656,0
"control_outputs_enabled",66656,0
"control_outputs_enabled",66656,0
"control_outputs_enabled",66656,0
"control_outputs_enabled",66656,0
"control_outputs_enabled",66656,0
"control_outputs_enabled",66656,0
"control_outputs_enabled",66656,0
"control_outputs_enabled",66656,0
"control_outputs_enabled",66656.1,0
"control_outputs_enabled",66656.1,0
"control_outputs_enabled",66656.1,0
"control_outputs_enabled",66656.1,0
"control_outputs_enabled",66656.1,0
"control_outputs_enabled",66656.1,0
"control_outputs_enabled",66656.1,0
"control_outputs_enabled",66656.1,0
"control_outputs_enabled",66656.1,0
"control_outputs_enabled",66656.1,0
"control_outputs_enabled",66656.1,0
"control_outputs_enabled",66656.2,0
"control_outputs_enabled",66656.2,0
"control_outputs_enabled",66656.2,0
"control_outputs_enabled",66656.2,0
"control_outputs_enabled",66656.2,0
"control_outputs_enabled",66656.2,0
"control_outputs_enabled",66656.2,0
"control_outputs_enabled",66656.2,0
"control_outputs_enabled",66656.2,0
"control_outputs_enabled",66656.2,0
"control_outputs_enabled",66656.3,0
"control_outputs_enabled",66656.3,0
"control_outputs_enabled",66656.3,0
"control_outputs_enabled",66656.3,0
"control_outputs_enabled",66656.3,0
"control_outputs_enabled",66656.3,0
"control_outputs_enabled",66656.3,0
"control_outputs_enabled",66656.3,0
"control_outputs_enabled",66656.3,0
"control_outputs_enabled",66656.4,0
"control_outputs_enabled",66656.4,0
"control_outputs_enabled",66656.4,0
"control_outputs_enabled",66656.4,0
"control_outputs_enabled",66656.4,0
"control_outputs_enabled",66656.4,0
"control_outputs_enabled",66656.4,0
"control_outputs_enabled",66656.4,0
"control_outputs_enabled",66656.4,0
"control_outputs_enabled",66656.5,0
"control_outputs_enabled",66656.5,0
"control_outputs_enabled",66656.5,0
"control_outputs_enabled",66656.5,0
"control_outputs_enabled",66656.5,0
"control_outputs_enabled",66656.5,0
"control_outputs_enabled",66656.5,0
"control_outputs_enabled",66656.5,0
"control_outputs_enabled",66656.5,0
"control_outputs_enabled",66656.5,0
"control_outputs_enabled",66656.5,0
"control_outputs_enabled",66656.6,0
"control_outputs_enabled",66656.6,0
"control_outputs_enabled",66656.6,0
"control_outputs_enabled",66656.6,0
"control_outputs_enabled",66656.6,0
"control_outputs_enabled",66656.6,0
"control_outputs_enabled",66656.6,0
"control_outputs_enabled",66656.6,0
"control_outputs_enabled",66656.6,0
"control_outputs_enabled",66656.6,0
"control_outputs_enabled",66656.7,0
"control_outputs_enabled",66656.7,0
"control_outputs_enabled",66656.7,0
"control_outputs_enabled",66656.7,0
"control_outputs_enabled",66656.7,0
"control_outputs_enabled",66656.7,0
"control_outputs_enabled",66656.7,0
"control_outputs_enabled",66656.7,0
"control_outputs_enabled",66656.7,0
"control_outputs_enabled",66656.8,0
"control_outputs_enabled",66656.8,0
"control_outputs_enabled",66656.8,0
"control_outputs_enabled",66656.8,0
"control_outputs_enabled",66656.8,0
"control_outputs_enabled",66656.8,0
"control_outputs_enabled",66656.8,0
"control_outputs_enabled",66656.8,0
"control_outputs_enabled",66656.8,0
"control_outputs_enabled",66656.8,0
"control_outputs_enabled",66656.9,0
"control_outputs_enabled",66656.9,0
"control_outputs_enabled",66656.9,0
"control_outputs_enabled",66656.9,0
"control_outputs_enabled",66656.9,0
"control_outputs_enabled",66656.9,0
"control_outputs_enabled",66656.9,0
"control_outputs_enabled",66656.9,0
"control_outputs_enabled",66656.9,0
"control_outputs_enabled",66656.9,0
"control_outputs_enabled",66656.9,0
"control_outputs_enabled",66657,0
"control_outputs_enabled",66657,0
"control_outputs_enabled",66657,0
"control_outputs_enabled",66657,0
"control_outputs_enabled",66657,0
"control_outputs_enabled",66657,0
"control_outputs_enabled",66657,0
"control_outputs_enabled",66657,0
"control_outputs_enabled",66657,0
"control_outputs_enabled",66657,0
"control_outputs_enabled",66657.1,0
"control_outputs_enabled",66657.1,0
"control_outputs_enabled",66657.1,0
"control_outputs_enabled",66657.1,0
"control_outputs_enabled",66657.1,0
"control_outputs_enabled",66657.1,0
"control_outputs_enabled",66657.1,0
"control_outputs_enabled",66657.1,0
"control_outputs_enabled",66657.1,0
"control_outputs_enabled",66657.1,0
"control_outputs_enabled",66657.2,0
"control_outputs_enabled",66657.2,0
"control_outputs_enabled",66657.2,0
"control_outputs_enabled",66657.2,0
"control_outputs_enabled",66657.2,0
"control_outputs_enabled",66657.2,0
"control_outputs_enabled",66657.2,0
"control_outputs_enabled",66657.2,0
"control_outputs_enabled",66657.2,0
"control_outputs_enabled",66657.2,0
"control_outputs_enabled",66657.3,0
"control_outputs_enabled",66657.3,0
"control_outputs_enabled",66657.3,0
"control_outputs_enabled",66657.3,0
"control_outputs_enabled",66657.3,0
"control_outputs_enabled",66657.3,0
"control_outputs_enabled",66657.3,0
"control_outputs_enabled",66657.3,0
"control_outputs_enabled",66657.3,0
"control_outputs_enabled",66657.3,0
"control_outputs_enabled",66657.4,0
"control_outputs_enabled",66657.4,0
"control_outputs_enabled",66657.4,0
"control_outputs_enabled",66657.4,0
"control_outputs_enabled",66657.4,0
"control_outputs_enabled",66657.4,0
"control_outputs_enabled",66657.4,0
"control_outputs_enabled",66657.4,0
"control_outputs_enabled",66657.4,0
"control_outputs_enabled",66657.5,0
"control_outputs_enabled",66657.5,0
"control_outputs_enabled",66657.5,0
"control_outputs_enabled",66657.5,0
"control_outputs_enabled",66657.5,0
"control_outputs_enabled",66657.5,0
"control_outputs_enabled",66657.5,0
"control_outputs_enabled",66657.5,0
"control_outputs_enabled",66657.5,0
"control_outputs_enabled",66657.5,0
"control_outputs_enabled",66657.5,0
"control_outputs_enabled",66657.6,0
"control_outputs_enabled",66657.6,0
"control_outputs_enabled",66657.6,0
"control_outputs_enabled",66657.6,0
"control_outputs_enabled",66657.6,0
"control_outputs_enabled",66657.6,0
"control_outputs_enabled",66657.6,0
"control_outputs_enabled",66657.6,0
"control_outputs_enabled",66657.6,0
"control_outputs_enabled",66657.6,0
"control_outputs_enabled",66657.7,0
"control_outputs_enabled",66657.7,0
"control_outputs_enabled",66657.7,0
"control_outputs_enabled",66657.7,0
"control_outputs_enabled",66657.7,0
"control_outputs_enabled",66657.7,0
"control_outputs_enabled",66657.7,0
"control_outputs_enabled",66657.7,0
"control_outputs_enabled",66657.7,0
"control_outputs_enabled",66657.8,0
"control_outputs_enabled",66657.8,0
"control_outputs_enabled",66657.8,0
"control_outputs_enabled",66657.8,0
"control_outputs_enabled",66657.8,0
"control_outputs_enabled",66657.8,0
"control_outputs_enabled",66657.8,0
"control_outputs_enabled",66657.8,0
"control_outputs_enabled",66657.8,0
"control_outputs_enabled",66657.8,0
"control_outputs_enabled",66657.9,0
"control_outputs_enabled",66657.9,0
"control_outputs_enabled",66657.9,0
"control_outputs_enabled",66657.9,0
"control_outputs_enabled",66657.9,0
"control_outputs_enabled",66657.9,0
"control_outputs_enabled",66657.9,0
"control_outputs_enabled",66657.9,0
"control_outputs_enabled",66657.9,0
"control_outputs_enabled",66657.9,0
"control_outputs_enabled",66658,0
"control_outputs_enabled",66658,0
"control_outputs_enabled",66658,0
"control_outputs_enabled",66658,0
"control_outputs_enabled",66658,0
"control_outputs_enabled",66658,0
"control_outputs_enabled",66658,0
"control_outputs_enabled",66658,0
"control_outputs_enabled",66658,0
"control_outputs_enabled",66658,0
"control_outputs_enabled",66658.1,0
"control_outputs_enabled",66658.1,0
"control_outputs_enabled",66658.1,0
"control_outputs_enabled",66658.1,0
"control_outputs_enabled",66658.1,0
"control_outputs_enabled",66658.1,0
"control_outputs_enabled",66658.1,0
"control_outputs_enabled",66658.1,0
"control_outputs_enabled",66658.1,0
"control_outputs_enabled",66658.1,0
"control_outputs_enabled",66658.2,0
"control_outputs_enabled",66658.2,0
"control_outputs_enabled",66658.2,0
"control_outputs_enabled",66658.2,0
"control_outputs_enabled",66658.2,0
"control_outputs_enabled",66658.2,0
"control_outputs_enabled",66658.2,0
"control_outputs_enabled",66658.2,0
"control_outputs_enabled",66658.2,0
"control_outputs_enabled",66658.2,0
"control_outputs_enabled",66658.2,0
"control_outputs_enabled",66658.3,0
"control_outputs_enabled",66658.3,0
"control_outputs_enabled",66658.3,0
"control_outputs_enabled",66658.3,0
"control_outputs_enabled",66658.3,0
"control_outputs_enabled",66658.3,0
"control_outputs_enabled",66658.3,0
"control_outputs_enabled",66658.3,0
"control_outputs_enabled",66658.3,0
"control_outputs_enabled",66658.4,0
"control_outputs_enabled",66658.4,0
"control_outputs_enabled",66658.4,0
"control_outputs_enabled",66658.4,0
"control_outputs_enabled",66658.4,0
"control_outputs_enabled",66658.4,0
"control_outputs_enabled",66658.4,0
"control_outputs_enabled",66658.4,0
"control_outputs_enabled",66658.4,0
"control_outputs_enabled",66658.4,0
"control_outputs_enabled",66658.5,0
"control_outputs_enabled",66658.5,0
"control_outputs_enabled",66658.5,0
"control_outputs_enabled",66658.5,0
"control_outputs_enabled",66658.5,0
"control_outputs_enabled",66658.5,0
"control_outputs_enabled",66658.5,0
"control_outputs_enabled",66658.5,0
"control_outputs_enabled",66658.5,0
"control_outputs_enabled",66658.5,0
"control_outputs_enabled",66658.6,0
"control_outputs_enabled",66658.6,0
"control_outputs_enabled",66658.6,0
"control_outputs_enabled",66658.6,0
"control_outputs_enabled",66658.6,0
"control_outputs_enabled",66658.6,0
"control_outputs_enabled",66658.6,0
"control_outputs_enabled",66658.6,0
"control_outputs_enabled",66658.6,0
"control_outputs_enabled",66658.6,0
"control_outputs_enabled",66658.7,0
"control_outputs_enabled",66658.7,0
"control_outputs_enabled",66658.7,0
"control_outputs_enabled",66658.7,0
"control_outputs_enabled",66658.7,0
"control_outputs_enabled",66658.7,0
"control_outputs_enabled",66658.7,0
"control_outputs_enabled",66658.7,0
"control_outputs_enabled",66658.7,0
"control_outputs_enabled",66658.7,0
"control_outputs_enabled",66658.8,0
"control_outputs_enabled",66658.8,0
"control_outputs_enabled",66658.8,0
"control_outputs_enabled",66658.8,0
"control_outputs_enabled",66658.8,0
"control_outputs_enabled",66658.8,0
"control_outputs_enabled",66658.8,0
"control_outputs_enabled",66658.8,0
"control_outputs_enabled",66658.8,0
"control_outputs_enabled",66658.8,0
"control_outputs_enabled",66658.9,0
"control_outputs_enabled",66658.9,0
"control_outputs_enabled",66658.9,0
"control_outputs_enabled",66658.9,0
"control_outputs_enabled",66658.9,0
"control_outputs_enabled",66658.9,0
"control_outputs_enabled",66658.9,0
"control_outputs_enabled",66658.9,0
"control_outputs_enabled",66658.9,0
"control_outputs_enabled",66658.9,0
"control_outputs_enabled",66659,0
"control_outputs_enabled",66659,0
"control_outputs_enabled",66659,0
"control_outputs_enabled",66659,0
"control_outputs_enabled",66659,0
"control_outputs_enabled",66659,0
"control_outputs_enabled",66659,0
"control_outputs_enabled",66659,0
"control_outputs_enabled",66659,0
"control_outputs_enabled",66659,0
"control_outputs_enabled",66659.1,0
"control_outputs_enabled",66659.1,0
"control_outputs_enabled",66659.1,0
"control_outputs_enabled",66659.1,0
"control_outputs_enabled",66659.1,0
"control_outputs_enabled",66659.1,0
"control_outputs_enabled",66659.1,0
"control_outputs_enabled",66659.1,0
"control_outputs_enabled",66659.1,0
"control_outputs_enabled",66659.1,0
"control_outputs_enabled",66659.2,0
"control_outputs_enabled",66659.2,0
"control_outputs_enabled",66659.2,0
"control_outputs_enabled",66659.2,0
"control_outputs_enabled",66659.2,0
"control_outputs_enabled",66659.2,0
"control_outputs_enabled",66659.2,0
"control_outputs_enabled",66659.2,0
"control_outputs_enabled",66659.2,0
"control_outputs_enabled",66659.2,0
"control_outputs_enabled",66659.2,0
"control_outputs_enabled",66659.3,0
"control_outputs_enabled",66659.3,0
"control_outputs_enabled",66659.3,0
"control_outputs_enabled",66659.3,0
"control_outputs_enabled",66659.3,0
"control_outputs_enabled",66659.3,0
"control_outputs_enabled",66659.3,0
"control_outputs_enabled",66659.3,0
"control_outputs_enabled",66659.3,0
"control_outputs_enabled",66659.4,0
"control_outputs_enabled",66659.4,0
"control_outputs_enabled",66659.4,0
"control_outputs_enabled",66659.4,0
"control_outputs_enabled",66659.4,0
"control_outputs_enabled",66659.4,0
"control_outputs_enabled",66659.4,0
"control_outputs_enabled",66659.4,0
"control_outputs_enabled",66659.4,0
"control_outputs_enabled",66659.4,0
"control_outputs_enabled",66659.4,0
"control_outputs_enabled",66659.5,0
"control_outputs_enabled",66659.5,0
"control_outputs_enabled",66659.5,0
"control_outputs_enabled",66659.5,0
"control_outputs_enabled",66659.5,0
"control_outputs_enabled",66659.5,0
"control_outputs_enabled",66659.5,0
"control_outputs_enabled",66659.5,0
"control_outputs_enabled",66659.5,0
"control_outputs_enabled",66659.5,0
"control_outputs_enabled",66659.6,0
"control_outputs_enabled",66659.6,0
"control_outputs_enabled",66659.6,0
"control_outputs_enabled",66659.6,0
"control_outputs_enabled",66659.6,0
"control_outputs_enabled",66659.6,0
"control_outputs_enabled",66659.6,0
"control_outputs_enabled",66659.6,0
"control_outputs_enabled",66659.6,0
"control_outputs_enabled",66659.6,0
"control_outputs_enabled",66659.7,0
"control_outputs_enabled",66659.7,0
"control_outputs_enabled",66659.7,0
"control_outputs_enabled",66659.7,0
"control_outputs_enabled",66659.7,0
"control_outputs_enabled",66659.7,0
"control_outputs_enabled",66659.7,0
"control_outputs_enabled",66659.7,0
"control_outputs_enabled",66659.7,0
"control_outputs_enabled",66659.7,0
"control_outputs_enabled",66659.8,0
"control_outputs_enabled",66659.8,0
"control_outputs_enabled",66659.8,0
"control_outputs_enabled",66659.8,0
"control_outputs_enabled",66659.8,0
"control_outputs_enabled",66659.8,0
"control_outputs_enabled",66659.8,0
"control_outputs_enabled",66659.8,0
"control_outputs_enabled",66659.8,0
"control_outputs_enabled",66659.8,0
"control_outputs_enabled",66659.9,0
"control_outputs_enabled",66659.9,0
"control_outputs_enabled",66659.9,0
"control_outputs_enabled",66659.9,0
"control_outputs_enabled",66659.9,0
"control_outputs_enabled",66659.9,0
"control_outputs_enabled",66659.9,0
"control_outputs_enabled",66659.9,0
"control_outputs_enabled",66659.9,0
"control_outputs_enabled",66659.9,0
"control_outputs_enabled",66660,0
"control_outputs_enabled",66660,0
"control_outputs_enabled",66660,0
"control_outputs_enabled",66660,0
"control_outputs_enabled",66660,0
"control_outputs_enabled",66660,0
"control_outputs_enabled",66660,0
"control_outputs_enabled",66660,0
"control_outputs_enabled",66660,0
"control_outputs_enabled",66660,0
"control_outputs_enabled",66660.1,0
"control_outputs_enabled",66660.1,0
"control_outputs_enabled",66660.1,0
"control_outputs_enabled",66660.1,0
"control_outputs_enabled",66660.1,0
"control_outputs_enabled",66660.1,0
"control_outputs_enabled",66660.1,0
"control_outputs_enabled",66660.1,0
"control_outputs_enabled",66660.1,0
"control_outputs_enabled",66660.1,0
"control_outputs_enabled",66660.2,0
"control_outputs_enabled",66660.2,0
"control_outputs_enabled",66660.2,0
"control_outputs_enabled",66660.2,0
"control_outputs_enabled",66660.2,0
"control_outputs_enabled",66660.2,0
"control_outputs_enabled",66660.2,0
"control_outputs_enabled",66660.2,0
"control_outputs_enabled",66660.2,0
"control_outputs_enabled",66660.2,0
"control_outputs_enabled",66660.3,0
"control_outputs_enabled",66660.3,0
"control_outputs_enabled",66660.3,0
"control_outputs_enabled",66660.3,0
"control_outputs_enabled",66660.3,0
"control_outputs_enabled",66660.3,0
"control_outputs_enabled",66660.3,0
"control_outputs_enabled",66660.3,0
"control_outputs_enabled",66660.3,0
"control_outputs_enabled",66660.3,0
"control_outputs_enabled",66660.4,0
"control_outputs_enabled",66660.4,0
"control_outputs_enabled",66660.4,0
"control_outputs_enabled",66660.4,0
"control_outputs_enabled",66660.4,0
"control_outputs_enabled",66660.4,0
"control_outputs_enabled",66660.4,0
"control_outputs_enabled",66660.4,0
"control_outputs_enabled",66660.4,0
"control_outputs_enabled",66660.4,0
"control_outputs_enabled",66660.4,0
"control_outputs_enabled",66660.5,0
"control_outputs_enabled",66660.5,0
"control_outputs_enabled",66660.5,0
"control_outputs_enabled",66660.5,0
"control_outputs_enabled",66660.5,0
"control_outputs_enabled",66660.5,0
"control_outputs_enabled",66660.5,0
"control_outputs_enabled",66660.5,0
"control_outputs_enabled",66660.5,0
"control_outputs_enabled",66660.5,0
"control_outputs_enabled",66660.6,0
"control_outputs_enabled",66660.6,0
"control_outputs_enabled",66660.6,0
"control_outputs_enabled",66660.6,0
"control_outputs_enabled",66660.6,0
"control_outputs_enabled",66660.6,0
"control_outputs_enabled",66660.6,0
"control_outputs_enabled",66660.6,0
"control_outputs_enabled",66660.6,0
"control_outputs_enabled",66660.6,0
"control_outputs_enabled",66660.7,0
"control_outputs_enabled",66660.7,0
"control_outputs_enabled",66660.7,0
"control_outputs_enabled",66660.7,0
"control_outputs_enabled",66660.7,0
"control_outputs_enabled",66660.7,0
"control_outputs_enabled",66660.7,0
"control_outputs_enabled",66660.7,0
"control_outputs_enabled",66660.7,0
"control_outputs_enabled",66660.7,0
"control_outputs_enabled",66660.8,0
"control_outputs_enabled",66660.8,0
"control_outputs_enabled",66660.8,0
"control_outputs_enabled",66660.8,0
"control_outputs_enabled",66660.8,0
"control_outputs_enabled",66660.8,0
"control_outputs_enabled",66660.8,0
"control_outputs_enabled",66660.8,0
"control_outputs_enabled",66660.8,0
"control_outputs_enabled",66660.8,0
"control_outputs_enabled",66660.9,0
"control_outputs_enabled",66660.9,0
"control_outputs_enabled",66660.9,0
"control_outputs_enabled",66660.9,0
"control_outputs_enabled",66660.9,0
"control_outputs_enabled",66660.9,0
"control_outputs_enabled",66660.9,0
"control_outputs_enabled",66660.9,0
"control_outputs_enabled",66660.9,0
"control_outputs_enabled",66660.9,0
"control_outputs_enabled",66661,0
"control_outputs_enabled",66661,0
"control_outputs_enabled",66661,0
"control_outputs_enabled",66661,0
"control_outputs_enabled",66661,0
"control_outputs_enabled",66661,0
"control_outputs_enabled",66661,0
"control_outputs_enabled",66661,0
"control_outputs_enabled",66661,0
"control_outputs_enabled",66661,0
"control_outputs_enabled",66661.1,0
"control_outputs_enabled",66661.1,0
"control_outputs_enabled",66661.1,0
"control_outputs_enabled",66661.1,0
"control_outputs_enabled",66661.1,0
"control_outputs_enabled",66661.1,0
"control_outputs_enabled",66661.1,0
"control_outputs_enabled",66661.1,0
"control_outputs_enabled",66661.1,0
"control_outputs_enabled",66661.1,0
"control_outputs_enabled",66661.2,0
"control_outputs_enabled",66661.2,0
"control_outputs_enabled",66661.2,0
"control_outputs_enabled",66661.2,0
"control_outputs_enabled",66661.2,0
"control_outputs_enabled",66661.2,0
"control_outputs_enabled",66661.2,0
"control_outputs_enabled",66661.2,0
"control_outputs_enabled",66661.2,0
"control_outputs_enabled",66661.2,0
"control_outputs_enabled",66661.3,0
"control_outputs_enabled",66661.3,0
"control_outputs_enabled",66661.3,0
"control_outputs_enabled",66661.3,0
"control_outputs_enabled",66661.3,0
"control_outputs_enabled",66661.3,0
"control_outputs_enabled",66661.3,0
"control_outputs_enabled",66661.3,0
"control_outputs_enabled",66661.3,0
"control_outputs_enabled",66661.3,0
"control_outputs_enabled",66661.4,0
"control_outputs_enabled",66661.4,0
"control_outputs_enabled",66661.4,0
"control_outputs_enabled",66661.4,0
"control_outputs_enabled",66661.4,0
"control_outputs_enabled",66661.4,0
"control_outputs_enabled",66661.4,0
"control_outputs_enabled",66661.4,0
"control_outputs_enabled",66661.4,0
"control_outputs_enabled",66661.4,0
"control_outputs_enabled",66661.5,0
"control_outputs_enabled",66661.5,0
"control_outputs_enabled",66661.5,0
"control_outputs_enabled",66661.5,0
"control_outputs_enabled",66661.5,0
"control_outputs_enabled",66661.5,0
"control_outputs_enabled",66661.5,0
"control_outputs_enabled",66661.5,0
"control_outputs_enabled",66661.5,0
"control_outputs_enabled",66661.5,0
"control_outputs_enabled",66661.6,0
"control_outputs_enabled",66661.6,0
"control_outputs_enabled",66661.6,0
"control_outputs_enabled",66661.6,0
"control_outputs_enabled",66661.6,0
"control_outputs_enabled",66661.6,0
"control_outputs_enabled",66661.6,0
"control_outputs_enabled",66661.6,0
"control_outputs_enabled",66661.6,0
"control_outputs_enabled",66661.6,0
"control_outputs_enabled",66661.7,0
"control_outputs_enabled",66661.7,0
"control_outputs_enabled",66661.7,0
"control_outputs_enabled",66661.7,0
"control_outputs_enabled",66661.7,0
"control_outputs_enabled",66661.7,0
"control_outputs_enabled",66661.7,0
"control_outputs_enabled",66661.7,0
"control_outputs_enabled",66661.7,0
"control_outputs_enabled",66661.8,0
"control_outputs_enabled",66661.8,0
"control_outputs_enabled",66661.8,0
"control_outputs_enabled",66661.8,0
"control_outputs_enabled",66661.8,0
"control_outputs_enabled",66661.8,0
"control_outputs_enabled",66661.8,0
"control_outputs_enabled",66661.8,0
"control_outputs_enabled",66661.8,0
"control_outputs_enabled",66661.8,0
"control_outputs_enabled",66661.8,0
"control_outputs_enabled",66661.9,0
"control_outputs_enabled",66661.9,0
"control_outputs_enabled",66661.9,0
"control_outputs_enabled",66661.9,0
"control_outputs_enabled",66661.9,0
"control_outputs_enabled",66661.9,0
"control_outputs_enabled",66661.9,0
"control_outputs_enabled",66661.9,0
"control_outputs_enabled",66661.9,0
"control_outputs_enabled",66661.9,0
"control_outputs_enabled",66662,0
"control_outputs_enabled",66662,0
"control_outputs_enabled",66662,0
"control_outputs_enabled",66662,0
"control_outputs_enabled",66662,0
"control_outputs_enabled",66662,0
"control_outputs_enabled",66662,0
"control_outputs_enabled",66662,0
"control_outputs_enabled",66662,0
"control_outputs_enabled",66662,0
"control_outputs_enabled",66662.1,0
"control_outputs_enabled",66662.1,0
"control_outputs_enabled",66662.1,0
"control_outputs_enabled",66662.1,0
"control_outputs_enabled",66662.1,0
"control_outputs_enabled",66662.1,0
"control_outputs_enabled",66662.1,0
"control_outputs_enabled",66662.1,0
"control_outputs_enabled",66662.1,0
"control_outputs_enabled",66662.1,0
"control_outputs_enabled",66662.2,0
"control_outputs_enabled",66662.2,0
"control_outputs_enabled",66662.2,0
"control_outputs_enabled",66662.2,0
"control_outputs_enabled",66662.2,0
"control_outputs_enabled",66662.2,0
"control_outputs_enabled",66662.2,0
"control_outputs_enabled",66662.2,0
"control_outputs_enabled",66662.2,0
"control_outputs_enabled",66662.2,0
"control_outputs_enabled",66662.3,0
"control_outputs_enabled",66662.3,0
"control_outputs_enabled",66662.3,0
"control_outputs_enabled",66662.3,0
"control_outputs_enabled",66662.3,0
"control_outputs_enabled",66662.3,0
"control_outputs_enabled",66662.3,0
"control_outputs_enabled",66662.3,0
"control_outputs_enabled",66662.3,0
"control_outputs_enabled",66662.3,0
"control_outputs_enabled",66662.4,0
"control_outputs_enabled",66662.4,0
"control_outputs_enabled",66662.4,0
"control_outputs_enabled",66662.4,0
"control_outputs_enabled",66662.4,0
"control_outputs_enabled",66662.4,0
"control_outputs_enabled",66662.4,0
"control_outputs_enabled",66662.4,0
"control_outputs_enabled",66662.4,0
"control_outputs_enabled",66662.4,0
"control_outputs_enabled",66662.5,0
"control_outputs_enabled",66662.5,0
"control_outputs_enabled",66662.5,0
"control_outputs_enabled",66662.5,0
"control_outputs_enabled",66662.5,0
"control_outputs_enabled",66662.5,0
"control_outputs_enabled",66662.5,0
"control_outputs_enabled",66662.5,0
"control_outputs_enabled",66662.5,0
"control_outputs_enabled",66662.5,0
"control_outputs_enabled",66662.6,0
"control_outputs_enabled",66662.6,0
"control_outputs_enabled",66662.6,0
"control_outputs_enabled",66662.6,0
"control_outputs_enabled",66662.6,0
"control_outputs_enabled",66662.6,0
"control_outputs_enabled",66662.6,0
"control_outputs_enabled",66662.6,0
"control_outputs_enabled",66662.6,0
"control_outputs_enabled",66662.6,0
"control_outputs_enabled",66662.7,0
"control_outputs_enabled",66662.7,0
"control_outputs_enabled",66662.7,0
"control_outputs_enabled",66662.7,0
"control_outputs_enabled",66662.7,0
"control_outputs_enabled",66662.7,0
"control_outputs_enabled",66662.7,0
"control_outputs_enabled",66662.7,0
"control_outputs_enabled",66662.7,0
"control_outputs_enabled",66662.7,0
"control_outputs_enabled",66662.8,0
"control_outputs_enabled",66662.8,0
"control_outputs_enabled",66662.8,0
"control_outputs_enabled",66662.8,0
"control_outputs_enabled",66662.8,0
"control_outputs_enabled",66662.8,0
"control_outputs_enabled",66662.8,0
"control_outputs_enabled",66662.8,0
"control_outputs_enabled",66662.8,0
"control_outputs_enabled",66662.8,0
"control_outputs_enabled",66662.9,0
"control_outputs_enabled",66662.9,0
"control_outputs_enabled",66662.9,0
"control_outputs_enabled",66662.9,0
"control_outputs_enabled",66662.9,0
"control_outputs_enabled",66662.9,0
"control_outputs_enabled",66662.9,0
"control_outputs_enabled",66662.9,0
"control_outputs_enabled",66662.9,0
"control_outputs_enabled",66662.9,0
"control_outputs_enabled",66663,0
"control_outputs_enabled",66663,0
"control_outputs_enabled",66663,0
"control_outputs_enabled",66663,0
"control_outputs_enabled",66663,0
"control_outputs_enabled",66663,0
"control_outputs_enabled",66663,0
"control_outputs_enabled",66663,0
"control_outputs_enabled",66663,0
"control_outputs_enabled",66663,0
"control_outputs_enabled",66663.1,0
"control_outputs_enabled",66663.1,0
"control_outputs_enabled",66663.1,0
"control_outputs_enabled",66663.1,0
"control_outputs_enabled",66663.1,0
"control_outputs_enabled",66663.1,0
"control_outputs_enabled",66663.1,0
"control_outputs_enabled",66663.1,0
"control_outputs_enabled",66663.1,0
"control_outputs_enabled",66663.1,0
"control_outputs_enabled",66663.2,0
"control_outputs_enabled",66663.2,0
"control_outputs_enabled",66663.2,0
"control_outputs_enabled",66663.2,0
"control_outputs_enabled",66663.2,0
"control_outputs_enabled",66663.2,0
"control_outputs_enabled",66663.2,0
"control_outputs_enabled",66663.2,0
"control_outputs_enabled",66663.2,0
"control_outputs_enabled",66663.2,0
"control_outputs_enabled",66663.3,0
"control_outputs_enabled",66663.3,0
"control_outputs_enabled",66663.3,0
"control_outputs_enabled",66663.3,0
"control_outputs_enabled",66663.3,0
"control_outputs_enabled",66663.3,0
"control_outputs_enabled",66663.3,0
"control_outputs_enabled",66663.3,0
"control_outputs_enabled",66663.3,0
"control_outputs_enabled",66663.3,0
"control_outputs_enabled",66663.4,0
"control_outputs_enabled",66663.4,0
"control_outputs_enabled",66663.4,0
"control_outputs_enabled",66663.4,0
"control_outputs_enabled",66663.4,0
"control_outputs_enabled",66663.4,0
"control_outputs_enabled",66663.4,0
"control_outputs_enabled",66663.4,0
"control_outputs_enabled",66663.4,0
"control_outputs_enabled",66663.4,0
"control_outputs_enabled",66663.5,0
"control_outputs_enabled",66663.5,0
"control_outputs_enabled",66663.5,0
"control_outputs_enabled",66663.5,0
"control_outputs_enabled",66663.5,0
"control_outputs_enabled",66663.5,0
"control_outputs_enabled",66663.5,0
"control_outputs_enabled",66663.5,0
"control_outputs_enabled",66663.5,0
"control_outputs_enabled",66663.5,0
"control_outputs_enabled",66663.6,0
"control_outputs_enabled",66663.6,0
"control_outputs_enabled",66663.6,0
"control_outputs_enabled",66663.6,0
"control_outputs_enabled",66663.6,0
"control_outputs_enabled",66663.6,0
"control_outputs_enabled",66663.6,0
"control_outputs_enabled",66663.6,0
"control_outputs_enabled",66663.6,0
"control_outputs_enabled",66663.6,0
"control_outputs_enabled",66663.7,0
"control_outputs_enabled",66663.7,0
"control_outputs_enabled",66663.7,0
"control_outputs_enabled",66663.7,0
"control_outputs_enabled",66663.7,0
"control_outputs_enabled",66663.7,0
"control_outputs_enabled",66663.7,0
"control_outputs_enabled",66663.7,0
"control_outputs_enabled",66663.7,0
"control_outputs_enabled",66663.8,0
"control_outputs_enabled",66663.8,0
"control_outputs_enabled",66663.8,0
"control_outputs_enabled",66663.8,0
"control_outputs_enabled",66663.8,0
"control_outputs_enabled",66663.8,0
"control_outputs_enabled",66663.8,0
"control_outputs_enabled",66663.8,0
"control_outputs_enabled",66663.8,0
"control_outputs_enabled",66663.8,0
"control_outputs_enabled",66663.9,0
"control_outputs_enabled",66663.9,0
"control_outputs_enabled",66663.9,0
"control_outputs_enabled",66663.9,0
"control_outputs_enabled",66663.9,0
"control_outputs_enabled",66663.9,0
"control_outputs_enabled",66663.9,0
"control_outputs_enabled",66663.9,0
"control_outputs_enabled",66663.9,0
"control_outputs_enabled",66663.9,0
"control_outputs_enabled",66663.9,0
"control_outputs_enabled",66664,0
"control_outputs_enabled",66664,0
"control_outputs_enabled",66664,0
"control_outputs_enabled",66664,0
"control_outputs_enabled",66664,0
"control_outputs_enabled",66664,0
"control_outputs_enabled",66664,0
"control_outputs_enabled",66664,0
"control_outputs_enabled",66664,0
"control_outputs_enabled",66664,0
"control_outputs_enabled",66664.1,0
"control_outputs_enabled",66664.1,0
"control_outputs_enabled",66664.1,0
"control_outputs_enabled",66664.1,0
"control_outputs_enabled",66664.1,0
"control_outputs_enabled",66664.1,0
"control_outputs_enabled",66664.1,0
"control_outputs_enabled",66664.1,0
"control_outputs_enabled",66664.1,0
"control_outputs_enabled",66664.1,0
"control_outputs_enabled",66664.2,0
"control_outputs_enabled",66664.2,0
"control_outputs_enabled",66664.2,0
"control_outputs_enabled",66664.2,0
"control_outputs_enabled",66664.2,0
"control_outputs_enabled",66664.2,0
"control_outputs_enabled",66664.2,0
"control_outputs_enabled",66664.2,0
"control_outputs_enabled",66664.2,0
"control_outputs_enabled",66664.2,0
"control_outputs_enabled",66664.3,0
"control_outputs_enabled",66664.3,0
"control_outputs_enabled",66664.3,0
"control_outputs_enabled",66664.3,0
"control_outputs_enabled",66664.3,0
"control_outputs_enabled",66664.3,0
"control_outputs_enabled",66664.3,0
"control_outputs_enabled",66664.3,0
"control_outputs_enabled",66664.3,0
"control_outputs_enabled",66664.3,0
"control_outputs_enabled",66664.4,0
"control_outputs_enabled",66664.4,0
"control_outputs_enabled",66664.4,0
"control_outputs_enabled",66664.4,0
"control_outputs_enabled",66664.4,0
"control_outputs_enabled",66664.4,0
"control_outputs_enabled",66664.4,0
"control_outputs_enabled",66664.4,0
"control_outputs_enabled",66664.4,0
"control_outputs_enabled",66664.4,0
"control_outputs_enabled",66664.5,0
"control_outputs_enabled",66664.5,0
"control_outputs_enabled",66664.5,0
"control_outputs_enabled",66664.5,0
"control_outputs_enabled",66664.5,0
"control_outputs_enabled",66664.5,0
"control_outputs_enabled",66664.5,0
"control_outputs_enabled",66664.5,0
"control_outputs_enabled",66664.5,0
"control_outputs_enabled",66664.5,0
"control_outputs_enabled",66664.6,0
"control_outputs_enabled",66664.6,0
"control_outputs_enabled",66664.6,0
"control_outputs_enabled",66664.6,0
"control_outputs_enabled",66664.6,0
"control_outputs_enabled",66664.6,0
"control_outputs_enabled",66664.6,0
"control_outputs_enabled",66664.6,0
"control_outputs_enabled",66664.6,0
"control_outputs_enabled",66664.7,0
"control_outputs_enabled",66664.7,0
"control_outputs_enabled",66664.7,0
"control_outputs_enabled",66664.7,0
"control_outputs_enabled",66664.7,0
"control_outputs_enabled",66664.7,0
"control_outputs_enabled",66664.8,0
"control_outputs_enabled",66664.8,0
"control_outputs_enabled",66664.8,0
"control_outputs_enabled",66664.8,0
"control_outputs_enabled",66664.8,0
"control_outputs_enabled",66664.8,0
"control_outputs_enabled",66664.8,0
"control_outputs_enabled",66664.8,0
"control_outputs_enabled",66664.9,0
"control_outputs_enabled",66664.9,0
"control_outputs_enabled",66664.9,0
"control_outputs_enabled",66664.9,0
"control_outputs_enabled",66664.9,0
"control_outputs_enabled",66664.9,0
"control_outputs_enabled",66665,0
"control_outputs_enabled",66665,0
"control_outputs_enabled",66665,0
"control_outputs_enabled",66665,0
"control_outputs_enabled",66665,0
"control_outputs_enabled",66665,0
"control_outputs_enabled",66665.1,0
"control_outputs_enabled",66665.1,0
"control_outputs_enabled",66665.1,0
"control_outputs_enabled",66665.1,0
"control_outputs_enabled",66665.1,0
"control_outputs_enabled",66665.1,0
"control_outputs_enabled",66665.1,0
"control_outputs_enabled",66665.1,0
"control_outputs_enabled",66665.1,0
"control_outputs_enabled",66665.2,0
"control_outputs_enabled",66665.2,0
"control_outputs_enabled",66665.2,0
"control_outputs_enabled",66665.2,0
"control_outputs_enabled",66665.2,0
"control_outputs_enabled",66665.2,0
"control_outputs_enabled",66665.2,0
"control_outputs_enabled",66665.2,0
"control_outputs_enabled",66665.2,0
"control_outputs_enabled",66665.2,0
"control_outputs_enabled",66665.2,0
"control_outputs_enabled",66665.3,0
"control_outputs_enabled",66665.3,0
"control_outputs_enabled",66665.3,0
"control_outputs_enabled",66665.3,0
"control_outputs_enabled",66665.3,0
"control_outputs_enabled",66665.3,0
"control_outputs_enabled",66665.3,0
"control_outputs_enabled",66665.3,0
"control_outputs_enabled",66665.3,0
"control_outputs_enabled",66665.3,0
"control_outputs_enabled",66665.4,0
"control_outputs_enabled",66665.4,0
"control_outputs_enabled",66665.4,0
"control_outputs_enabled",66665.4,0
"control_outputs_enabled",66665.4,0
"control_outputs_enabled",66665.4,0
"control_outputs_enabled",66665.4,0
"control_outputs_enabled",66665.4,0
"control_outputs_enabled",66665.4,0
"control_outputs_enabled",66665.4,0
"control_outputs_enabled",66665.4,0
"control_outputs_enabled",66665.4,0
"control_outputs_enabled",66665.5,0
"control_outputs_enabled",66665.5,0
"control_outputs_enabled",66665.5,0
"control_outputs_enabled",66665.5,0
"control_outputs_enabled",66665.5,0
"control_outputs_enabled",66665.5,0
"control_outputs_enabled",66665.5,0
"control_outputs_enabled",66665.5,0
"control_outputs_enabled",66665.5,0
"control_outputs_enabled",66665.5,0
"control_outputs_enabled",66665.5,0
"control_outputs_enabled",66665.6,0
"control_outputs_enabled",66665.6,0
"control_outputs_enabled",66665.6,0
"control_outputs_enabled",66665.6,0
"control_outputs_enabled",66665.6,0
"control_outputs_enabled",66665.6,0
"control_outputs_enabled",66665.6,0
"control_outputs_enabled",66665.6,0
"control_outputs_enabled",66665.6,0
"control_outputs_enabled",66665.6,0
"control_outputs_enabled",66665.6,0
"control_outputs_enabled",66665.6,0
"control_outputs_enabled",66665.7,0
"control_outputs_enabled",66665.7,0
"control_outputs_enabled",66665.7,0
"control_outputs_enabled",66665.7,0
"control_outputs_enabled",66665.7,0
"control_outputs_enabled",66665.7,0
"control_outputs_enabled",66665.7,0
"control_outputs_enabled",66665.7,0
"control_outputs_enabled",66665.7,0
"control_outputs_enabled",66665.8,0
"control_outputs_enabled",66665.8,0
"control_outputs_enabled",66665.8,0
"control_outputs_enabled",66665.8,0
"control_outputs_enabled",66665.8,0
"control_outputs_enabled",66665.8,0
"control_outputs_enabled",66665.8,0
"control_outputs_enabled",66665.8,0
"control_outputs_enabled",66665.8,0
"control_outputs_enabled",66665.8,0
"control_outputs_enabled",66665.9,0
"control_outputs_enabled",66665.9,0
"control_outputs_enabled",66665.9,0
"control_outputs_enabled",66665.9,0
"control_outputs_enabled",66665.9,0
"control_outputs_enabled",66665.9,0
"control_outputs_enabled",66665.9,0
"control_outputs_enabled",66665.9,0
"control_outputs_enabled",66665.9,0
"control_outputs_enabled",66665.9,0
"control_outputs_enabled",66666,0
"control_outputs_enabled",66666,0
"control_outputs_enabled",66666,0
"control_outputs_enabled",66666,0
"control_outputs_enabled",66666,0
"control_outputs_enabled",66666,0
"control_outputs_enabled",66666,0
"control_outputs_enabled",66666,0
"control_outputs_enabled",66666,0
"control_outputs_enabled",66666,0
"control_outputs_enabled",66666,0
"control_outputs_enabled",66666.1,0
"control_outputs_enabled",66666.1,0
"control_outputs_enabled",66666.1,0
"control_outputs_enabled",66666.1,0
"control_outputs_enabled",66666.1,0
"control_outputs_enabled",66666.1,0
"control_outputs_enabled",66666.1,0
"control_outputs_enabled",66666.1,0
"control_outputs_enabled",66666.1,0
"control_outputs_enabled",66666.1,0
"control_outputs_enabled",66666.2,0
"control_outputs_enabled",66666.2,0
"control_outputs_enabled",66666.2,0
"control_outputs_enabled",66666.2,0
"control_outputs_enabled",66666.2,0
"control_outputs_enabled",66666.2,0
"control_outputs_enabled",66666.2,0
"control_outputs_enabled",66666.2,0
"control_outputs_enabled",66666.2,0
"control_outputs_enabled",66666.2,0
"control_outputs_enabled",66666.3,0
"control_outputs_enabled",66666.3,0
"control_outputs_enabled",66666.3,0
"control_outputs_enabled",66666.3,0
"control_outputs_enabled",66666.3,0
"control_outputs_enabled",66666.3,0
"control_outputs_enabled",66666.3,0
"control_outputs_enabled",66666.3,0
"control_outputs_enabled",66666.3,0
"control_outputs_enabled",66666.4,0
"control_outputs_enabled",66666.4,0
"control_outputs_enabled",66666.4,0
"control_outputs_enabled",66666.4,0
"control_outputs_enabled",66666.4,0
"control_outputs_enabled",66666.4,0
"control_outputs_enabled",66666.4,0
"control_outputs_enabled",66666.4,0
"control_outputs_enabled",66666.4,0
"control_outputs_enabled",66666.4,0
"control_outputs_enabled",66666.5,0
"control_outputs_enabled",66666.5,0
"control_outputs_enabled",66666.5,0
"control_outputs_enabled",66666.5,0
"control_outputs_enabled",66666.5,0
"control_outputs_enabled",66666.5,0
"control_outputs_enabled",66666.5,0
"control_outputs_enabled",66666.5,0
"control_outputs_enabled",66666.5,0
"control_outputs_enabled",66666.5,0
"control_outputs_enabled",66666.6,0
"control_outputs_enabled",66666.6,0
"control_outputs_enabled",66666.6,0
"control_outputs_enabled",66666.6,0
"control_outputs_enabled",66666.6,0
"control_outputs_enabled",66666.6,0
"control_outputs_enabled",66666.6,0
"control_outputs_enabled",66666.6,0
"control_outputs_enabled",66666.6,0
"control_outputs_enabled",66666.6,0
"control_outputs_enabled",66666.7,0
"control_outputs_enabled",66666.7,0
"control_outputs_enabled",66666.7,0
"control_outputs_enabled",66666.7,0
"control_outputs_enabled",66666.7,0
"control_outputs_enabled",66666.7,0
"control_outputs_enabled",66666.7,0
"control_outputs_enabled",66666.7,0
"control_outputs_enabled",66666.7,0
"control_outputs_enabled",66666.8,0
"control_outputs_enabled",66666.8,0
"control_outputs_enabled",66666.8,0
"control_outputs_enabled",66666.8,0
"control_outputs_enabled",66666.8,0
"control_outputs_enabled",66666.8,0
"control_outputs_enabled",66666.8,0
"control_outputs_enabled",66666.8,0
"control_outputs_enabled",66666.8,0
"control_outputs_enabled",66666.8,0
"control_outputs_enabled",66666.8,0
"control_outputs_enabled",66666.9,0
"control_outputs_enabled",66666.9,0
"control_outputs_enabled",66666.9,0
"control_outputs_enabled",66666.9,0
"control_outputs_enabled",66666.9,0
"control_outputs_enabled",66666.9,0
"control_outputs_enabled",66666.9,0
"control_outputs_enabled",66666.9,0
"control_outputs_enabled",66666.9,0
"control_outputs_enabled",66666.9,0
"control_outputs_enabled",66667,0
"control_outputs_enabled",66667,0
"control_outputs_enabled",66667,0
"control_outputs_enabled",66667,0
"control_outputs_enabled",66667,0
"control_outputs_enabled",66667,0
"control_outputs_enabled",66667,0
"control_outputs_enabled",66667,0
"control_outputs_enabled",66667,0
"control_outputs_enabled",66667,0
"control_outputs_enabled",66667.1,0
"control_outputs_enabled",66667.1,0
"control_outputs_enabled",66667.1,0
"control_outputs_enabled",66667.1,0
"control_outputs_enabled",66667.1,0
"control_outputs_enabled",66667.1,0
"control_outputs_enabled",66667.1,0
"control_outputs_enabled",66667.1,0
"control_outputs_enabled",66667.1,0
"control_outputs_enabled",66667.1,0
"control_outputs_enabled",66667.2,0
"control_outputs_enabled",66667.2,0
"control_outputs_enabled",66667.2,0
"control_outputs_enabled",66667.2,0
"control_outputs_enabled",66667.2,0
"control_outputs_enabled",66667.2,0
"control_outputs_enabled",66667.2,0
"control_outputs_enabled",66667.2,0
"control_outputs_enabled",66667.2,0
"control_outputs_enabled",66667.2,0
"control_outputs_enabled",66667.3,0
"control_outputs_enabled",66667.3,0
"control_outputs_enabled",66667.3,0
"control_outputs_enabled",66667.3,0
"control_outputs_enabled",66667.3,0
"control_outputs_enabled",66667.3,0
"control_outputs_enabled",66667.3,0
"control_outputs_enabled",66667.3,0
"control_outputs_enabled",66667.3,0
"control_outputs_enabled",66667.3,0
"control_outputs_enabled",66667.4,0
"control_outputs_enabled",66667.4,0
"control_outputs_enabled",66667.4,0
"control_outputs_enabled",66667.4,0
"control_outputs_enabled",66667.4,0
"control_outputs_enabled",66667.4,0
"control_outputs_enabled",66667.4,0
"control_outputs_enabled",66667.4,0
"control_outputs_enabled",66667.4,0
"control_outputs_enabled",66667.4,0
"control_outputs_enabled",66667.5,0
"control_outputs_enabled",66667.5,0
"control_outputs_enabled",66667.5,0
"control_outputs_enabled",66667.5,0
"control_outputs_enabled",66667.5,0
"control_outputs_enabled",66667.5,0
"control_outputs_enabled",66667.5,0
"control_outputs_enabled",66667.5,0
"control_outputs_enabled",66667.5,0
"control_outputs_enabled",66667.5,0
"control_outputs_enabled",66667.6,0
"control_outputs_enabled",66667.6,0
"control_outputs_enabled",66667.6,0
"control_outputs_enabled",66667.6,0
"control_outputs_enabled",66667.6,0
"control_outputs_enabled",66667.6,0
"control_outputs_enabled",66667.6,0
"control_outputs_enabled",66667.6,0
"control_outputs_enabled",66667.6,0
"control_outputs_enabled",66667.6,0
"control_outputs_enabled",66667.7,0
"control_outputs_enabled",66667.7,0
"control_outputs_enabled",66667.7,0
"control_outputs_enabled",66667.7,0
"control_outputs_enabled",66667.7,0
"control_outputs_enabled",66667.7,0
"control_outputs_enabled",66667.7,0
"control_outputs_enabled",66667.7,0
"control_outputs_enabled",66667.7,0
"control_outputs_enabled",66667.8,0
"control_outputs_enabled",66667.8,0
"control_outputs_enabled",66667.8,0
"control_outputs_enabled",66667.8,0
"control_outputs_enabled",66667.8,0
"control_outputs_enabled",66667.8,0
"control_outputs_enabled",66667.8,0
"control_outputs_enabled",66667.8,0
"control_outputs_enabled",66667.8,0
"control_outputs_enabled",66667.8,0
"control_outputs_enabled",66667.9,0
"control_outputs_enabled",66667.9,0
"control_outputs_enabled",66667.9,0
"control_outputs_enabled",66667.9,0
"control_outputs_enabled",66667.9,0
"control_outputs_enabled",66667.9,0
"control_outputs_enabled",66667.9,0
"control_outputs_enabled",66667.9,0
"control_outputs_enabled",66667.9,0
"control_outputs_enabled",66667.9,0
"control_outputs_enabled",66668,0
"control_outputs_enabled",66668,0
"control_outputs_enabled",66668,0
"control_outputs_enabled",66668,0
"control_outputs_enabled",66668,0
"control_outputs_enabled",66668,0
"control_outputs_enabled",66668,0
"control_outputs_enabled",66668,0
"control_outputs_enabled",66668,0
"control_outputs_enabled",66668,0
"control_outputs_enabled",66668.1,0
"control_outputs_enabled",66668.1,0
"control_outputs_enabled",66668.1,0
"control_outputs_enabled",66668.1,0
"control_outputs_enabled",66668.1,0
"control_outputs_enabled",66668.1,0
"control_outputs_enabled",66668.1,0
"control_outputs_enabled",66668.1,0
"control_outputs_enabled",66668.1,0
"control_outputs_enabled",66668.1,0
"control_outputs_enabled",66668.1,0
"control_outputs_enabled",66668.2,0
"control_outputs_enabled",66668.2,0
"control_outputs_enabled",66668.2,0
"control_outputs_enabled",66668.2,0
"control_outputs_enabled",66668.2,0
"control_outputs_enabled",66668.2,0
"control_outputs_enabled",66668.2,0
"control_outputs_enabled",66668.2,0
"control_outputs_enabled",66668.2,0
"control_outputs_enabled",66668.2,0
"control_outputs_enabled",66668.3,0
"control_outputs_enabled",66668.3,0
"control_outputs_enabled",66668.3,0
"control_outputs_enabled",66668.3,0
"control_outputs_enabled",66668.3,0
"control_outputs_enabled",66668.3,0
"control_outputs_enabled",66668.3,0
"control_outputs_enabled",66668.3,0
"control_outputs_enabled",66668.3,0
"control_outputs_enabled",66668.4,0
"control_outputs_enabled",66668.4,0
"control_outputs_enabled",66668.4,0
"control_outputs_enabled",66668.4,0
"control_outputs_enabled",66668.4,0
"control_outputs_enabled",66668.4,0
"control_outputs_enabled",66668.4,0
"control_outputs_enabled",66668.4,0
"control_outputs_enabled",66668.4,0
"control_outputs_enabled",66668.4,0
"control_outputs_enabled",66668.5,0
"control_outputs_enabled",66668.5,0
"control_outputs_enabled",66668.5,0
"control_outputs_enabled",66668.5,0
"control_outputs_enabled",66668.5,0
"control_outputs_enabled",66668.5,0
"control_outputs_enabled",66668.5,0
"control_outputs_enabled",66668.5,0
"control_outputs_enabled",66668.5,0
"control_outputs_enabled",66668.5,0
"control_outputs_enabled",66668.6,0
"control_outputs_enabled",66668.6,0
"control_outputs_enabled",66668.6,0
"control_outputs_enabled",66668.6,0
"control_outputs_enabled",66668.6,0
"control_outputs_enabled",66668.6,0
"control_outputs_enabled",66668.6,0
"control_outputs_enabled",66668.6,0
"control_outputs_enabled",66668.6,0
"control_outputs_enabled",66668.6,0
"control_outputs_enabled",66668.7,0
"control_outputs_enabled",66668.7,0
"control_outputs_enabled",66668.7,0
"control_outputs_enabled",66668.7,0
"control_outputs_enabled",66668.7,0
"control_outputs_enabled",66668.7,0
"control_outputs_enabled",66668.7,0
"control_outputs_enabled",66668.7,0
"control_outputs_enabled",66668.7,0
"control_outputs_enabled",66668.7,0
"control_outputs_enabled",66668.8,0
"control_outputs_enabled",66668.8,0
"control_outputs_enabled",66668.8,0
"control_outputs_enabled",66668.8,0
"control_outputs_enabled",66668.8,0
"control_outputs_enabled",66668.8,0
"control_outputs_enabled",66668.8,0
"control_outputs_enabled",66668.8,0
"control_outputs_enabled",66668.8,0
"control_outputs_enabled",66668.8,0
"control_outputs_enabled",66668.9,0
"control_outputs_enabled",66668.9,0
"control_outputs_enabled",66668.9,0
"control_outputs_enabled",66668.9,0
"control_outputs_enabled",66668.9,0
"control_outputs_enabled",66668.9,0
"control_outputs_enabled",66668.9,0
"control_outputs_enabled",66668.9,0
"control_outputs_enabled",66668.9,0
"control_outputs_enabled",66668.9,0
"control_outputs_enabled",66669,0
"control_outputs_enabled",66669,0
"control_outputs_enabled",66669,0
"control_outputs_enabled",66669,0
"control_outputs_enabled",66669,0
"control_outputs_enabled",66669,0
"control_outputs_enabled",66669,0
"control_outputs_enabled",66669,0
"control_outputs_enabled",66669,0
"control_outputs_enabled",66669,0
"control_outputs_enabled",66669.1,0
"control_outputs_enabled",66669.1,0
"control_outputs_enabled",66669.1,0
"control_outputs_enabled",66669.1,0
"control_outputs_enabled",66669.1,0
"control_outputs_enabled",66669.1,0
"control_outputs_enabled",66669.1,0
"control_outputs_enabled",66669.1,0
"control_outputs_enabled",66669.1,0
"control_outputs_enabled",66669.1,0
"control_outputs_enabled",66669.2,0
"control_outputs_enabled",66669.2,0
"control_outputs_enabled",66669.2,0
"control_outputs_enabled",66669.2,0
"control_outputs_enabled",66669.2,0
"control_outputs_enabled",66669.2,0
"control_outputs_enabled",66669.2,0
"control_outputs_enabled",66669.2,0
"control_outputs_enabled",66669.2,0
"control_outputs_enabled",66669.2,0
"control_outputs_enabled",66669.2,0
"control_outputs_enabled",66669.3,0
"control_outputs_enabled",66669.3,0
"control_outputs_enabled",66669.3,0
"control_outputs_enabled",66669.3,0
"control_outputs_enabled",66669.3,0
"control_outputs_enabled",66669.3,0
"control_outputs_enabled",66669.3,0
"control_outputs_enabled",66669.3,0
"control_outputs_enabled",66669.3,0
"control_outputs_enabled",66669.4,0
"control_outputs_enabled",66669.4,0
"control_outputs_enabled",66669.4,0
"control_outputs_enabled",66669.4,0
"control_outputs_enabled",66669.4,0
"control_outputs_enabled",66669.4,0
"control_outputs_enabled",66669.4,0
"control_outputs_enabled",66669.4,0
"control_outputs_enabled",66669.4,0
"control_outputs_enabled",66669.4,0
"control_outputs_enabled",66669.5,0
"control_outputs_enabled",66669.5,0
"control_outputs_enabled",66669.5,0
"control_outputs_enabled",66669.5,0
"control_outputs_enabled",66669.5,0
"control_outputs_enabled",66669.5,0
"control_outputs_enabled",66669.5,0
"control_outputs_enabled",66669.5,0
"control_outputs_enabled",66669.5,0
"control_outputs_enabled",66669.5,0
"control_outputs_enabled",66669.5,0
"control_outputs_enabled",66669.6,0
"control_outputs_enabled",66669.6,0
"control_outputs_enabled",66669.6,0
"control_outputs_enabled",66669.6,0
"control_outputs_enabled",66669.6,0
"control_outputs_enabled",66669.6,0
"control_outputs_enabled",66669.6,0
"control_outputs_enabled",66669.6,0
"control_outputs_enabled",66669.6,0
"control_outputs_enabled",66669.6,0
"control_outputs_enabled",66669.7,0
"control_outputs_enabled",66669.7,0
"control_outputs_enabled",66669.7,0
"control_outputs_enabled",66669.7,0
"control_outputs_enabled",66669.7,0
"control_outputs_enabled",66669.7,0
"control_outputs_enabled",66669.7,0
"control_outputs_enabled",66669.7,0
"control_outputs_enabled",66669.7,0
"control_outputs_enabled",66669.7,0
"control_outputs_enabled",66669.8,0
"control_outputs_enabled",66669.8,0
"control_outputs_enabled",66669.8,0
"control_outputs_enabled",66669.8,0
"control_outputs_enabled",66669.8,0
"control_outputs_enabled",66669.8,0
"control_outputs_enabled",66669.8,0
"control_outputs_enabled",66669.8,0
"control_outputs_enabled",66669.8,0
"control_outputs_enabled",66669.8,0
"control_outputs_enabled",66669.9,0
"control_outputs_enabled",66669.9,0
"control_outputs_enabled",66669.9,0
"control_outputs_enabled",66669.9,0
"control_outputs_enabled",66669.9,0
"control_outputs_enabled",66669.9,0
"control_outputs_enabled",66669.9,0
"control_outputs_enabled",66669.9,0
"control_outputs_enabled",66669.9,0
"control_outputs_enabled",66669.9,0
"control_outputs_enabled",66670,0
"control_outputs_enabled",66670,0
"control_outputs_enabled",66670,0
"control_outputs_enabled",66670,0
"control_outputs_enabled",66670,0
"control_outputs_enabled",66670,0
"control_outputs_enabled",66670,0
"control_outputs_enabled",66670,0
"control_outputs_enabled",66670,0
"control_outputs_enabled",66670,0
"control_outputs_enabled",66670.1,0
"control_outputs_enabled",66670.1,0
"control_outputs_enabled",66670.1,0
"control_outputs_enabled",66670.1,0
"control_outputs_enabled",66670.1,0
"control_outputs_enabled",66670.1,0
"control_outputs_enabled",66670.1,0
"control_outputs_enabled",66670.1,0
"control_outputs_enabled",66670.1,0
"control_outputs_enabled",66670.1,0
"control_outputs_enabled",66670.2,0
"control_outputs_enabled",66670.2,0
"control_outputs_enabled",66670.2,0
"control_outputs_enabled",66670.2,0
"control_outputs_enabled",66670.2,0
"control_outputs_enabled",66670.2,0
"control_outputs_enabled",66670.2,0
"control_outputs_enabled",66670.2,0
"control_outputs_enabled",66670.2,0
"control_outputs_enabled",66670.2,0
"control_outputs_enabled",66670.3,0
"control_outputs_enabled",66670.3,0
"control_outputs_enabled",66670.3,0
"control_outputs_enabled",66670.3,0
"control_outputs_enabled",66670.3,0
"control_outputs_enabled",66670.3,0
"control_outputs_enabled",66670.3,0
"control_outputs_enabled",66670.3,0
"control_outputs_enabled",66670.3,0
"control_outputs_enabled",66670.3,0
"control_outputs_enabled",66670.4,0
"control_outputs_enabled",66670.4,0
"control_outputs_enabled",66670.4,0
"control_outputs_enabled",66670.4,0
"control_outputs_enabled",66670.4,0
"control_outputs_enabled",66670.4,0
"control_outputs_enabled",66670.4,0
"control_outputs_enabled",66670.4,0
"control_outputs_enabled",66670.4,0
"control_outputs_enabled",66670.4,0
"control_outputs_enabled",66670.5,0
"control_outputs_enabled",66670.5,0
"control_outputs_enabled",66670.5,0
"control_outputs_enabled",66670.5,0
"control_outputs_enabled",66670.5,0
"control_outputs_enabled",66670.5,0
"control_outputs_enabled",66670.5,0
"control_outputs_enabled",66670.5,0
"control_outputs_enabled",66670.5,0
"control_outputs_enabled",66670.5,0
"control_outputs_enabled",66670.5,0
"control_outputs_enabled",66670.6,0
"control_outputs_enabled",66670.6,0
"control_outputs_enabled",66670.6,0
"control_outputs_enabled",66670.6,0
"control_outputs_enabled",66670.6,0
"control_outputs_enabled",66670.6,0
"control_outputs_enabled",66670.6,0
"control_outputs_enabled",66670.6,0
"control_outputs_enabled",66670.6,0
"control_outputs_enabled",66670.6,0
"control_outputs_enabled",66670.7,0
"control_outputs_enabled",66670.7,0
"control_outputs_enabled",66670.7,0
"control_outputs_enabled",66670.7,0
"control_outputs_enabled",66670.7,0
"control_outputs_enabled",66670.7,0
"control_outputs_enabled",66670.7,0
"control_outputs_enabled",66670.7,0
"control_outputs_enabled",66670.7,0
"control_outputs_enabled",66670.7,0
"control_outputs_enabled",66670.8,0
"control_outputs_enabled",66670.8,0
"control_outputs_enabled",66670.8,0
"control_outputs_enabled",66670.8,0
"control_outputs_enabled",66670.8,0
"control_outputs_enabled",66670.8,0
"control_outputs_enabled",66670.8,0
"control_outputs_enabled",66670.8,0
"control_outputs_enabled",66670.8,0
"control_outputs_enabled",66670.8,0
"control_outputs_enabled",66670.9,0
"control_outputs_enabled",66670.9,0
"control_outputs_enabled",66670.9,0
"control_outputs_enabled",66670.9,0
"control_outputs_enabled",66670.9,0
"control_outputs_enabled",66670.9,0
"control_outputs_enabled",66670.9,0
"control_outputs_enabled",66670.9,0
"control_outputs_enabled",66670.9,0
"control_outputs_enabled",66670.9,0
"control_outputs_enabled",66671,0
"control_outputs_enabled",66671,0
"control_outputs_enabled",66671,0
"control_outputs_enabled",66671,0
"control_outputs_enabled",66671,0
"control_outputs_enabled",66671,0
"control_outputs_enabled",66671,0
"control_outputs_enabled",66671,0
"control_outputs_enabled",66671,0
"control_outputs_enabled",66671,0
"control_outputs_enabled",66671.1,0
"control_outputs_enabled",66671.1,0
"control_outputs_enabled",66671.1,0
"control_outputs_enabled",66671.1,0
"control_outputs_enabled",66671.1,0
"control_outputs_enabled",66671.1,0
"control_outputs_enabled",66671.1,0
"control_outputs_enabled",66671.1,0
"control_outputs_enabled",66671.1,0
"control_outputs_enabled",66671.1,0
"control_outputs_enabled",66671.2,0
"control_outputs_enabled",66671.2,0
"control_outputs_enabled",66671.2,0
"control_outputs_enabled",66671.2,0
"control_outputs_enabled",66671.2,0
"control_outputs_enabled",66671.2,0
"control_outputs_enabled",66671.2,0
"control_outputs_enabled",66671.2,0
"control_outputs_enabled",66671.2,0
"control_outputs_enabled",66671.2,0
"control_outputs_enabled",66671.3,0
"control_outputs_enabled",66671.3,0
"control_outputs_enabled",66671.3,0
"control_outputs_enabled",66671.3,0
"control_outputs_enabled",66671.3,0
"control_outputs_enabled",66671.3,0
"control_outputs_enabled",66671.3,0
"control_outputs_enabled",66671.3,0
"control_outputs_enabled",66671.3,0
"control_outputs_enabled",66671.3,0
"control_outputs_enabled",66671.4,0
"control_outputs_enabled",66671.4,0
"control_outputs_enabled",66671.4,0
"control_outputs_enabled",66671.4,0
"control_outputs_enabled",66671.4,0
"control_outputs_enabled",66671.4,0
"control_outputs_enabled",66671.4,0
"control_outputs_enabled",66671.4,0
"control_outputs_enabled",66671.4,0
"control_outputs_enabled",66671.4,0
"control_outputs_enabled",66671.5,0
"control_outputs_enabled",66671.5,0
"control_outputs_enabled",66671.5,0
"control_outputs_enabled",66671.5,0
"control_outputs_enabled",66671.5,0
"control_outputs_enabled",66671.5,0
"control_outputs_enabled",66671.5,0
"control_outputs_enabled",66671.5,0
"control_outputs_enabled",66671.5,0
"control_outputs_enabled",66671.5,0
"control_outputs_enabled",66671.6,0
"control_outputs_enabled",66671.6,0
"control_outputs_enabled",66671.6,0
"control_outputs_enabled",66671.6,0
"control_outputs_enabled",66671.6,0
"control_outputs_enabled",66671.6,0
"control_outputs_enabled",66671.6,0
"control_outputs_enabled",66671.6,0
"control_outputs_enabled",66671.6,0
"control_outputs_enabled",66671.6,0
"control_outputs_enabled",66671.7,0
"control_outputs_enabled",66671.7,0
"control_outputs_enabled",66671.7,0
"control_outputs_enabled",66671.7,0
"control_outputs_enabled",66671.7,0
"control_outputs_enabled",66671.7,0
"control_outputs_enabled",66671.7,0
"control_outputs_enabled",66671.7,0
"control_outputs_enabled",66671.7,0
"control_outputs_enabled",66671.8,0
"control_outputs_enabled",66671.8,0
"control_outputs_enabled",66671.8,0
"control_outputs_enabled",66671.8,0
"control_outputs_enabled",66671.8,0
"control_outputs_enabled",66671.8,0
"control_outputs_enabled",66671.8,0
"control_outputs_enabled",66671.8,0
"control_outputs_enabled",66671.8,0
"control_outputs_enabled",66671.8,0
"control_outputs_enabled",66671.8,0
"control_outputs_enabled",66671.9,0
"control_outputs_enabled",66671.9,0
"control_outputs_enabled",66671.9,0
"control_outputs_enabled",66671.9,0
"control_outputs_enabled",66671.9,0
"control_outputs_enabled",66671.9,0
"control_outputs_enabled",66671.9,0
"control_outputs_enabled",66671.9,0
"control_outputs_enabled",66671.9,0
"control_outputs_enabled",66671.9,0
"control_outputs_enabled",66672,0
"control_outputs_enabled",66672,0
"control_outputs_enabled",66672,0
"control_outputs_enabled",66672,0
"control_outputs_enabled",66672,0
"control_outputs_enabled",66672,0
"control_outputs_enabled",66672,0
"control_outputs_enabled",66672,0
"control_outputs_enabled",66672,0
"control_outputs_enabled",66672,0
"control_outputs_enabled",66672.1,0
"control_outputs_enabled",66672.1,0
"control_outputs_enabled",66672.1,0
"control_outputs_enabled",66672.1,0
"control_outputs_enabled",66672.1,0
"control_outputs_enabled",66672.1,0
"control_outputs_enabled",66672.1,0
"control_outputs_enabled",66672.1,0
"control_outputs_enabled",66672.1,0
"control_outputs_enabled",66672.1,0
"control_outputs_enabled",66672.2,0
"control_outputs_enabled",66672.2,0
"control_outputs_enabled",66672.2,0
"control_outputs_enabled",66672.2,0
"control_outputs_enabled",66672.2,0
"control_outputs_enabled",66672.2,0
"control_outputs_enabled",66672.2,0
"control_outputs_enabled",66672.2,0
"control_outputs_enabled",66672.2,0
"control_outputs_enabled",66672.2,0
"control_outputs_enabled",66672.2,0
"control_outputs_enabled",66672.3,0
"control_outputs_enabled",66672.3,0
"control_outputs_enabled",66672.3,0
"control_outputs_enabled",66672.3,0
"control_outputs_enabled",66672.3,0
"control_outputs_enabled",66672.3,0
"control_outputs_enabled",66672.3,0
"control_outputs_enabled",66672.3,0
"control_outputs_enabled",66672.3,0
"control_outputs_enabled",66672.4,0
"control_outputs_enabled",66672.4,0
"control_outputs_enabled",66672.4,0
"control_outputs_enabled",66672.4,0
"control_outputs_enabled",66672.4,0
"control_outputs_enabled",66672.4,0
"control_outputs_enabled",66672.4,0
"control_outputs_enabled",66672.4,0
"control_outputs_enabled",66672.4,0
"control_outputs_enabled",66672.4,0
"control_outputs_enabled",66672.5,0
"control_outputs_enabled",66672.5,0
"control_outputs_enabled",66672.5,0
"control_outputs_enabled",66672.5,0
"control_outputs_enabled",66672.5,0
"control_outputs_enabled",66672.5,0
"control_outputs_enabled",66672.5,0
"control_outputs_enabled",66672.5,0
"control_outputs_enabled",66672.5,0
"control_outputs_enabled",66672.5,0
"control_outputs_enabled",66672.6,0
"control_outputs_enabled",66672.6,0
"control_outputs_enabled",66672.6,0
"control_outputs_enabled",66672.6,0
"control_outputs_enabled",66672.6,0
"control_outputs_enabled",66672.6,0
"control_outputs_enabled",66672.6,0
"control_outputs_enabled",66672.6,0
"control_outputs_enabled",66672.6,0
"control_outputs_enabled",66672.6,0
"control_outputs_enabled",66672.7,0
"control_outputs_enabled",66672.7,0
"control_outputs_enabled",66672.7,0
"control_outputs_enabled",66672.7,0
"control_outputs_enabled",66672.7,0
"control_outputs_enabled",66672.7,0
"control_outputs_enabled",66672.7,0
"control_outputs_enabled",66672.7,0
"control_outputs_enabled",66672.7,0
"control_outputs_enabled",66672.7,0
"control_outputs_enabled",66672.8,0
"control_outputs_enabled",66672.8,0
"control_outputs_enabled",66672.8,0
"control_outputs_enabled",66672.8,0
"control_outputs_enabled",66672.8,0
"control_outputs_enabled",66672.8,0
"control_outputs_enabled",66672.8,0
"control_outputs_enabled",66672.8,0
"control_outputs_enabled",66672.8,0
"control_outputs_enabled",66672.8,0
"control_outputs_enabled",66672.9,0
"control_outputs_enabled",66672.9,0
"control_outputs_enabled",66672.9,0
"control_outputs_enabled",66672.9,0
"control_outputs_enabled",66672.9,0
"control_outputs_enabled",66672.9,0
"control_outputs_enabled",66672.9,0
"control_outputs_enabled",66672.9,0
"control_outputs_enabled",66672.9,0
"control_outputs_enabled",66672.9,0
"control_outputs_enabled",66673,0
"control_outputs_enabled",66673,0
"control_outputs_enabled",66673,0
"control_outputs_enabled",66673,0
"control_outputs_enabled",66673,0
"control_outputs_enabled",66673,0
"control_outputs_enabled",66673,0
"control_outputs_enabled",66673,0
"control_outputs_enabled",66673,0
"control_outputs_enabled",66673,0
"control_outputs_enabled",66673.1,0
"control_outputs_enabled",66673.1,0
"control_outputs_enabled",66673.1,0
"control_outputs_enabled",66673.1,0
"control_outputs_enabled",66673.1,0
"control_outputs_enabled",66673.1,0
"control_outputs_enabled",66673.1,0
"control_outputs_enabled",66673.1,0
"control_outputs_enabled",66673.1,0
"control_outputs_enabled",66673.1,0
"control_outputs_enabled",66673.2,0
"control_outputs_enabled",66673.2,0
"control_outputs_enabled",66673.2,0
"control_outputs_enabled",66673.2,0
"control_outputs_enabled",66673.2,0
"control_outputs_enabled",66673.2,0
"control_outputs_enabled",66673.2,0
"control_outputs_enabled",66673.2,0
"control_outputs_enabled",66673.2,0
"control_outputs_enabled",66673.2,0
"control_outputs_enabled",66673.3,0
"control_outputs_enabled",66673.3,0
"control_outputs_enabled",66673.3,0
"control_outputs_enabled",66673.3,0
"control_outputs_enabled",66673.3,0
"control_outputs_enabled",66673.3,0
"control_outputs_enabled",66673.3,0
"control_outputs_enabled",66673.3,0
"control_outputs_enabled",66673.3,0
"control_outputs_enabled",66673.3,0
"control_outputs_enabled",66673.4,0
"control_outputs_enabled",66673.4,0
"control_outputs_enabled",66673.4,0
"control_outputs_enabled",66673.4,0
"control_outputs_enabled",66673.4,0
"control_outputs_enabled",66673.4,0
"control_outputs_enabled",66673.4,0
"control_outputs_enabled",66673.4,0
"control_outputs_enabled",66673.4,0
"control_outputs_enabled",66673.4,0
"control_outputs_enabled",66673.5,0
"control_outputs_enabled",66673.5,0
"control_outputs_enabled",66673.5,0
"control_outputs_enabled",66673.5,0
"control_outputs_enabled",66673.5,0
"control_outputs_enabled",66673.5,0
"control_outputs_enabled",66673.5,0
"control_outputs_enabled",66673.5,0
"control_outputs_enabled",66673.5,0
"control_outputs_enabled",66673.5,0
"control_outputs_enabled",66673.6,0
"control_outputs_enabled",66673.6,0
"control_outputs_enabled",66673.6,0
"control_outputs_enabled",66673.6,0
"control_outputs_enabled",66673.6,0
"control_outputs_enabled",66673.6,0
"control_outputs_enabled",66673.6,0
"control_outputs_enabled",66673.6,0
"control_outputs_enabled",66673.6,0
"control_outputs_enabled",66673.6,0
"control_outputs_enabled",66673.7,0
"control_outputs_enabled",66673.7,0
"control_outputs_enabled",66673.7,0
"control_outputs_enabled",66673.7,0
"control_outputs_enabled",66673.7,0
"control_outputs_enabled",66673.7,0
"control_outputs_enabled",66673.7,0
"control_outputs_enabled",66673.7,0
"control_outputs_enabled",66673.7,0
"control_outputs_enabled",66673.8,0
"control_outputs_enabled",66673.8,0
"control_outputs_enabled",66673.8,0
"control_outputs_enabled",66673.8,0
"control_outputs_enabled",66673.8,0
"control_outputs_enabled",66673.8,0
"control_outputs_enabled",66673.8,0
"control_outputs_enabled",66673.8,0
"control_outputs_enabled",66673.8,0
"control_outputs_enabled",66673.8,0
"control_outputs_enabled",66673.8,0
"control_outputs_enabled",66673.9,0
"control_outputs_enabled",66673.9,0
"control_outputs_enabled",66673.9,0
"control_outputs_enabled",66673.9,0
"control_outputs_enabled",66673.9,0
"control_outputs_enabled",66673.9,0
"control_outputs_enabled",66673.9,0
"control_outputs_enabled",66673.9,0
"control_outputs_enabled",66673.9,0
"control_outputs_enabled",66673.9,0
"control_outputs_enabled",66674,0
"control_outputs_enabled",66674,0
"control_outputs_enabled",66674,0
"control_outputs_enabled",66674,0
"control_outputs_enabled",66674,0
"control_outputs_enabled",66674,0
"control_outputs_enabled",66674,0
"control_outputs_enabled",66674,0
"control_outputs_enabled",66674,0
"control_outputs_enabled",66674,0
"control_outputs_enabled",66674.1,0
"control_outputs_enabled",66674.1,0
"control_outputs_enabled",66674.1,0
"control_outputs_enabled",66674.1,0
"control_outputs_enabled",66674.1,0
"control_outputs_enabled",66674.1,0
"control_outputs_enabled",66674.1,0
"control_outputs_enabled",66674.1,0
"control_outputs_enabled",66674.1,0
"control_outputs_enabled",66674.1,0
"control_outputs_enabled",66674.2,0
"control_outputs_enabled",66674.2,0
"control_outputs_enabled",66674.2,0
"control_outputs_enabled",66674.2,0
"control_outputs_enabled",66674.2,0
"control_outputs_enabled",66674.2,0
"control_outputs_enabled",66674.2,0
"control_outputs_enabled",66674.2,0
"control_outputs_enabled",66674.2,0
"control_outputs_enabled",66674.2,0
"control_outputs_enabled",66674.3,0
"control_outputs_enabled",66674.3,0
"control_outputs_enabled",66674.3,0
"control_outputs_enabled",66674.3,0
"control_outputs_enabled",66674.3,0
"control_outputs_enabled",66674.3,0
"control_outputs_enabled",66674.3,0
"control_outputs_enabled",66674.3,0
"control_outputs_enabled",66674.3,0
"control_outputs_enabled",66674.3,0
"control_outputs_enabled",66674.4,0
"control_outputs_enabled",66674.4,0
"control_outputs_enabled",66674.4,0
"control_outputs_enabled",66674.4,0
"control_outputs_enabled",66674.4,0
"control_outputs_enabled",66674.4,0
"control_outputs_enabled",66674.4,0
"control_outputs_enabled",66674.4,0
"control_outputs_enabled",66674.4,0
"control_outputs_enabled",66674.4,0
"control_outputs_enabled",66674.5,0
"control_outputs_enabled",66674.5,0
"control_outputs_enabled",66674.5,0
"control_outputs_enabled",66674.5,0
"control_outputs_enabled",66674.5,0
"control_outputs_enabled",66674.5,0
"control_outputs_enabled",66674.5,0
"control_outputs_enabled",66674.5,0
"control_outputs_enabled",66674.5,0
"control_outputs_enabled",66674.5,0
"control_outputs_enabled",66674.6,0
"control_outputs_enabled",66674.6,0
"control_outputs_enabled",66674.6,0
"control_outputs_enabled",66674.6,0
"control_outputs_enabled",66674.6,0
"control_outputs_enabled",66674.6,0
"control_outputs_enabled",66674.6,0
"control_outputs_enabled",66674.6,0
"control_outputs_enabled",66674.6,0
"control_outputs_enabled",66674.7,0
"control_outputs_enabled",66674.7,0
"control_outputs_enabled",66674.7,0
"control_outputs_enabled",66674.7,0
"control_outputs_enabled",66674.7,0
"control_outputs_enabled",66674.7,0
"control_outputs_enabled",66674.8,0
"control_outputs_enabled",66674.8,0
"control_outputs_enabled",66674.8,0
"control_outputs_enabled",66674.8,0
"control_outputs_enabled",66674.8,0
"control_outputs_enabled",66674.8,0
"control_outputs_enabled",66674.8,0
"control_outputs_enabled",66674.8,0
"control_outputs_enabled",66674.9,0
"control_outputs_enabled",66674.9,0
"control_outputs_enabled",66674.9,0
"control_outputs_enabled",66674.9,0
"control_outputs_enabled",66674.9,0
"control_outputs_enabled",66674.9,0
"control_outputs_enabled",66675,0
"control_outputs_enabled",66675,0
"control_outputs_enabled",66675,0
"control_outputs_enabled",66675,0
"control_outputs_enabled",66675,0
"control_outputs_enabled",66675,0
"control_outputs_enabled",66675.1,0
"control_outputs_enabled",66675.1,0
"control_outputs_enabled",66675.1,0
"control_outputs_enabled",66675.1,0
"control_outputs_enabled",66675.1,0
"control_outputs_enabled",66675.1,0
"control_outputs_enabled",66675.1,0
"control_outputs_enabled",66675.1,0
"control_outputs_enabled",66675.1,0
"control_outputs_enabled",66675.1,0
"control_outputs_enabled",66675.1,0
"control_outputs_enabled",66675.2,0
"control_outputs_enabled",66675.2,0
"control_outputs_enabled",66675.2,0
"control_outputs_enabled",66675.2,0
"control_outputs_enabled",66675.2,0
"control_outputs_enabled",66675.2,0
"control_outputs_enabled",66675.2,0
"control_outputs_enabled",66675.2,0
"control_outputs_enabled",66675.2,0
"control_outputs_enabled",66675.2,0
"control_outputs_enabled",66675.2,0
"control_outputs_enabled",66675.3,0
"control_outputs_enabled",66675.3,0
"control_outputs_enabled",66675.3,0
"control_outputs_enabled",66675.3,0
"control_outputs_enabled",66675.3,0
"control_outputs_enabled",66675.3,0
"control_outputs_enabled",66675.3,0
"control_outputs_enabled",66675.3,0
"control_outputs_enabled",66675.3,0
"control_outputs_enabled",66675.3,0
"control_outputs_enabled",66675.4,0
"control_outputs_enabled",66675.4,0
"control_outputs_enabled",66675.4,0
"control_outputs_enabled",66675.4,0
"control_outputs_enabled",66675.4,0
"control_outputs_enabled",66675.4,0
"control_outputs_enabled",66675.4,0
"control_outputs_enabled",66675.4,0
"control_outputs_enabled",66675.4,0
"control_outputs_enabled",66675.4,0
"control_outputs_enabled",66675.5,0
"control_outputs_enabled",66675.5,0
"control_outputs_enabled",66675.5,0
"control_outputs_enabled",66675.5,0
"control_outputs_enabled",66675.5,0
"control_outputs_enabled",66675.5,0
"control_outputs_enabled",66675.5,0
"control_outputs_enabled",66675.5,0
"control_outputs_enabled",66675.5,0
"control_outputs_enabled",66675.5,0
"control_outputs_enabled",66675.5,0
"control_outputs_enabled",66675.5,0
"control_outputs_enabled",66675.6,0
"control_outputs_enabled",66675.6,0
"control_outputs_enabled",66675.6,0
"control_outputs_enabled",66675.6,0
"control_outputs_enabled",66675.6,0
"control_outputs_enabled",66675.6,0
"control_outputs_enabled",66675.6,0
"control_outputs_enabled",66675.6,0
"control_outputs_enabled",66675.6,0
"control_outputs_enabled",66675.6,0
"control_outputs_enabled",66675.6,0
"control_outputs_enabled",66675.7,0
"control_outputs_enabled",66675.7,0
"control_outputs_enabled",66675.7,0
"control_outputs_enabled",66675.7,0
"control_outputs_enabled",66675.7,0
"control_outputs_enabled",66675.7,0
"control_outputs_enabled",66675.7,0
"control_outputs_enabled",66675.7,0
"control_outputs_enabled",66675.7,0
"control_outputs_enabled",66675.7,0
"control_outputs_enabled",66675.8,0
"control_outputs_enabled",66675.8,0
"control_outputs_enabled",66675.8,0
"control_outputs_enabled",66675.8,0
"control_outputs_enabled",66675.8,0
"control_outputs_enabled",66675.8,0
"control_outputs_enabled",66675.8,0
"control_outputs_enabled",66675.8,0
"control_outputs_enabled",66675.8,0
"control_outputs_enabled",66675.8,0
"control_outputs_enabled",66675.8,0
"control_outputs_enabled",66675.8,0
"control_outputs_enabled",66675.9,0
"control_outputs_enabled",66675.9,0
"control_outputs_enabled",66675.9,0
"control_outputs_enabled",66675.9,0
"control_outputs_enabled",66675.9,0
"control_outputs_enabled",66675.9,0
"control_outputs_enabled",66675.9,0
"control_outputs_enabled",66675.9,0
"control_outputs_enabled",66675.9,0
"control_outputs_enabled",66675.9,0
"control_outputs_enabled",66676,0
"control_outputs_enabled",66676,0
"control_outputs_enabled",66676,0
"control_outputs_enabled",66676,0
"control_outputs_enabled",66676,0
"control_outputs_enabled",66676,0
"control_outputs_enabled",66676,0
"control_outputs_enabled",66676,0
"control_outputs_enabled",66676,0
"control_outputs_enabled",66676,0
"control_outputs_enabled",66676,0
"control_outputs_enabled",66676.1,0
"control_outputs_enabled",66676.1,0
"control_outputs_enabled",66676.1,0
"control_outputs_enabled",66676.1,0
"control_outputs_enabled",66676.1,0
"control_outputs_enabled",66676.1,0
"control_outputs_enabled",66676.1,0
"control_outputs_enabled",66676.1,0
"control_outputs_enabled",66676.1,0
"control_outputs_enabled",66676.1,0
"control_outputs_enabled",66676.2,0
"control_outputs_enabled",66676.2,0
"control_outputs_enabled",66676.2,0
"control_outputs_enabled",66676.2,0
"control_outputs_enabled",66676.2,0
"control_outputs_enabled",66676.2,0
"control_outputs_enabled",66676.2,0
"control_outputs_enabled",66676.2,0
"control_outputs_enabled",66676.2,0
"control_outputs_enabled",66676.2,0
"control_outputs_enabled",66676.3,0
"control_outputs_enabled",66676.3,0
"control_outputs_enabled",66676.3,0
"control_outputs_enabled",66676.3,0
"control_outputs_enabled",66676.3,0
"control_outputs_enabled",66676.3,0
"control_outputs_enabled",66676.3,0
"control_outputs_enabled",66676.3,0
"control_outputs_enabled",66676.3,0
"control_outputs_enabled",66676.4,0
"control_outputs_enabled",66676.4,0
"control_outputs_enabled",66676.4,0
"control_outputs_enabled",66676.4,0
"control_outputs_enabled",66676.4,0
"control_outputs_enabled",66676.4,0
"control_outputs_enabled",66676.4,0
"control_outputs_enabled",66676.4,0
"control_outputs_enabled",66676.4,0
"control_outputs_enabled",66676.4,0
"control_outputs_enabled",66676.5,0
"control_outputs_enabled",66676.5,0
"control_outputs_enabled",66676.5,0
"control_outputs_enabled",66676.5,0
"control_outputs_enabled",66676.5,0
"control_outputs_enabled",66676.5,0
"control_outputs_enabled",66676.5,0
"control_outputs_enabled",66676.5,0
"control_outputs_enabled",66676.5,0
"control_outputs_enabled",66676.5,0
"control_outputs_enabled",66676.6,0
"control_outputs_enabled",66676.6,0
"control_outputs_enabled",66676.6,0
"control_outputs_enabled",66676.6,0
"control_outputs_enabled",66676.6,0
"control_outputs_enabled",66676.6,0
"control_outputs_enabled",66676.6,0
"control_outputs_enabled",66676.6,0
"control_outputs_enabled",66676.6,0
"control_outputs_enabled",66676.6,0
"control_outputs_enabled",66676.7,0
"control_outputs_enabled",66676.7,0
"control_outputs_enabled",66676.7,0
"control_outputs_enabled",66676.7,0
"control_outputs_enabled",66676.7,0
"control_outputs_enabled",66676.7,0
"control_outputs_enabled",66676.7,0
"control_outputs_enabled",66676.7,0
"control_outputs_enabled",66676.7,0
"control_outputs_enabled",66676.7,0
"control_outputs_enabled",66676.8,0
"control_outputs_enabled",66676.8,0
"control_outputs_enabled",66676.8,0
"control_outputs_enabled",66676.8,0
"control_outputs_enabled",66676.8,0
"control_outputs_enabled",66676.8,0
"control_outputs_enabled",66676.8,0
"control_outputs_enabled",66676.8,0
"control_outputs_enabled",66676.8,0
"control_outputs_enabled",66676.8,0
"control_outputs_enabled",66676.9,0
"control_outputs_enabled",66676.9,0
"control_outputs_enabled",66676.9,0
"control_outputs_enabled",66676.9,0
"control_outputs_enabled",66676.9,0
"control_outputs_enabled",66676.9,0
"control_outputs_enabled",66676.9,0
"control_outputs_enabled",66676.9,0
"control_outputs_enabled",66676.9,0
"control_outputs_enabled",66676.9,0
"control_outputs_enabled",66677,0
"control_outputs_enabled",66677,0
"control_outputs_enabled",66677,0
"control_outputs_enabled",66677,0
"control_outputs_enabled",66677,0
"control_outputs_enabled",66677,0
"control_outputs_enabled",66677,0
"control_outputs_enabled",66677,0
"control_outputs_enabled",66677,0
"control_outputs_enabled",66677,0
"control_outputs_enabled",66677.1,0
"control_outputs_enabled",66677.1,0
"control_outputs_enabled",66677.1,0
"control_outputs_enabled",66677.1,0
"control_outputs_enabled",66677.1,0
"control_outputs_enabled",66677.1,0
"control_outputs_enabled",66677.1,0
"control_outputs_enabled",66677.1,0
"control_outputs_enabled",66677.1,0
"control_outputs_enabled",66677.1,0
"control_outputs_enabled",66677.2,0
"control_outputs_enabled",66677.2,0
"control_outputs_enabled",66677.2,0
"control_outputs_enabled",66677.2,0
"control_outputs_enabled",66677.2,0
"control_outputs_enabled",66677.2,0
"control_outputs_enabled",66677.2,0
"control_outputs_enabled",66677.2,0
"control_outputs_enabled",66677.2,0
"control_outputs_enabled",66677.2,0
"control_outputs_enabled",66677.2,0
"control_outputs_enabled",66677.3,0
"control_outputs_enabled",66677.3,0
"control_outputs_enabled",66677.3,0
"control_outputs_enabled",66677.3,0
"control_outputs_enabled",66677.3,0
"control_outputs_enabled",66677.3,0
"control_outputs_enabled",66677.3,0
"control_outputs_enabled",66677.3,0
"control_outputs_enabled",66677.3,0
"control_outputs_enabled",66677.4,0
"control_outputs_enabled",66677.4,0
"control_outputs_enabled",66677.4,0
"control_outputs_enabled",66677.4,0
"control_outputs_enabled",66677.4,0
"control_outputs_enabled",66677.4,0
"control_outputs_enabled",66677.4,0
"control_outputs_enabled",66677.4,0
"control_outputs_enabled",66677.4,0
"control_outputs_enabled",66677.4,0
"control_outputs_enabled",66677.5,0
"control_outputs_enabled",66677.5,0
"control_outputs_enabled",66677.5,0
"control_outputs_enabled",66677.5,0
"control_outputs_enabled",66677.5,0
"control_outputs_enabled",66677.5,0
"control_outputs_enabled",66677.5,0
"control_outputs_enabled",66677.5,0
"control_outputs_enabled",66677.5,0
"control_outputs_enabled",66677.5,0
"control_outputs_enabled",66677.6,0
"control_outputs_enabled",66677.6,0
"control_outputs_enabled",66677.6,0
"control_outputs_enabled",66677.6,0
"control_outputs_enabled",66677.6,0
"control_outputs_enabled",66677.6,0
"control_outputs_enabled",66677.6,0
"control_outputs_enabled",66677.6,0
"control_outputs_enabled",66677.6,0
"control_outputs_enabled",66677.6,0
"control_outputs_enabled",66677.7,0
"control_outputs_enabled",66677.7,0
"control_outputs_enabled",66677.7,0
"control_outputs_enabled",66677.7,0
"control_outputs_enabled",66677.7,0
"control_outputs_enabled",66677.7,0
"control_outputs_enabled",66677.7,0
"control_outputs_enabled",66677.7,0
"control_outputs_enabled",66677.7,0
"control_outputs_enabled",66677.8,0
"control_outputs_enabled",66677.8,0
"control_outputs_enabled",66677.8,0
"control_outputs_enabled",66677.8,0
"control_outputs_enabled",66677.8,0
"control_outputs_enabled",66677.8,0
"control_outputs_enabled",66677.8,0
"control_outputs_enabled",66677.8,0
"control_outputs_enabled",66677.8,0
"control_outputs_enabled",66677.8,0
"control_outputs_enabled",66677.9,0
"control_outputs_enabled",66677.9,0
"control_outputs_enabled",66677.9,0
"control_outputs_enabled",66677.9,0
"control_outputs_enabled",66677.9,0
"control_outputs_enabled",66677.9,0
"control_outputs_enabled",66677.9,0
"control_outputs_enabled",66677.9,0
"control_outputs_enabled",66677.9,0
"control_outputs_enabled",66677.9,0
"control_outputs_enabled",66678,0
"control_outputs_enabled",66678,0
"control_outputs_enabled",66678,0
"control_outputs_enabled",66678,0
"control_outputs_enabled",66678,0
"control_outputs_enabled",66678,0
"control_outputs_enabled",66678,0
"control_outputs_enabled",66678,0
"control_outputs_enabled",66678,0
"control_outputs_enabled",66678,0
"control_outputs_enabled",66678,0
"control_outputs_enabled",66678.1,0
"control_outputs_enabled",66678.1,0
"control_outputs_enabled",66678.1,0
"control_outputs_enabled",66678.1,0
"control_outputs_enabled",66678.1,0
"control_outputs_enabled",66678.1,0
"control_outputs_enabled",66678.1,0
"control_outputs_enabled",66678.1,0
"control_outputs_enabled",66678.1,0
"control_outputs_enabled",66678.1,0
"control_outputs_enabled",66678.2,0
"control_outputs_enabled",66678.2,0
"control_outputs_enabled",66678.2,0
"control_outputs_enabled",66678.2,0
"control_outputs_enabled",66678.2,0
"control_outputs_enabled",66678.2,0
"control_outputs_enabled",66678.2,0
"control_outputs_enabled",66678.2,0
"control_outputs_enabled",66678.2,0
"control_outputs_enabled",66678.2,0
"control_outputs_enabled",66678.3,0
"control_outputs_enabled",66678.3,0
"control_outputs_enabled",66678.3,0
"control_outputs_enabled",66678.3,0
"control_outputs_enabled",66678.3,0
"control_outputs_enabled",66678.3,0
"control_outputs_enabled",66678.3,0
"control_outputs_enabled",66678.3,0
"control_outputs_enabled",66678.3,0
"control_outputs_enabled",66678.4,0
"control_outputs_enabled",66678.4,0
"control_outputs_enabled",66678.4,0
"control_outputs_enabled",66678.4,0
"control_outputs_enabled",66678.4,0
"control_outputs_enabled",66678.4,0
"control_outputs_enabled",66678.4,0
"control_outputs_enabled",66678.4,0
"control_outputs_enabled",66678.4,0
"control_outputs_enabled",66678.4,0
"control_outputs_enabled",66678.4,0
"control_outputs_enabled",66678.5,0
"control_outputs_enabled",66678.5,0
"control_outputs_enabled",66678.5,0
"control_outputs_enabled",66678.5,0
"control_outputs_enabled",66678.5,0
"control_outputs_enabled",66678.5,0
"control_outputs_enabled",66678.5,0
"control_outputs_enabled",66678.5,0
"control_outputs_enabled",66678.5,0
"control_outputs_enabled",66678.5,0
"control_outputs_enabled",66678.6,0
"control_outputs_enabled",66678.6,0
"control_outputs_enabled",66678.6,0
"control_outputs_enabled",66678.6,0
"control_outputs_enabled",66678.6,0
"control_outputs_enabled",66678.6,0
"control_outputs_enabled",66678.6,0
"control_outputs_enabled",66678.6,0
"control_outputs_enabled",66678.6,0
"control_outputs_enabled",66678.7,0
"control_outputs_enabled",66678.7,0
"control_outputs_enabled",66678.7,0
"control_outputs_enabled",66678.7,0
"control_outputs_enabled",66678.7,0
"control_outputs_enabled",66678.7,0
"control_outputs_enabled",66678.7,0
"control_outputs_enabled",66678.7,0
"control_outputs_enabled",66678.7,0
"control_outputs_enabled",66678.7,0
"control_outputs_enabled",66678.8,0
"control_outputs_enabled",66678.8,0
"control_outputs_enabled",66678.8,0
"control_outputs_enabled",66678.8,0
"control_outputs_enabled",66678.8,0
"control_outputs_enabled",66678.8,0
"control_outputs_enabled",66678.8,0
"control_outputs_enabled",66678.8,0
"control_outputs_enabled",66678.8,0
"control_outputs_enabled",66678.8,0
"control_outputs_enabled",66678.9,0
"control_outputs_enabled",66678.9,0
"control_outputs_enabled",66678.9,0
"control_outputs_enabled",66678.9,0
"control_outputs_enabled",66678.9,0
"control_outputs_enabled",66678.9,0
"control_outputs_enabled",66678.9,0
"control_outputs_enabled",66678.9,0
"control_outputs_enabled",66678.9,0
"control_outputs_enabled",66678.9,0
"control_outputs_enabled",66679,0
"control_outputs_enabled",66679,0
"control_outputs_enabled",66679,0
"control_outputs_enabled",66679,0
"control_outputs_enabled",66679,0
"control_outputs_enabled",66679,0
"control_outputs_enabled",66679,0
"control_outputs_enabled",66679,0
"control_outputs_enabled",66679,0
"control_outputs_enabled",66679,0
"control_outputs_enabled",66679.1,0
"control_outputs_enabled",66679.1,0
"control_outputs_enabled",66679.1,0
"control_outputs_enabled",66679.1,0
"control_outputs_enabled",66679.1,0
"control_outputs_enabled",66679.1,0
"control_outputs_enabled",66679.1,0
"control_outputs_enabled",66679.1,0
"control_outputs_enabled",66679.1,0
"control_outputs_enabled",66679.1,0
"control_outputs_enabled",66679.2,0
"control_outputs_enabled",66679.2,0
"control_outputs_enabled",66679.2,0
"control_outputs_enabled",66679.2,0
"control_outputs_enabled",66679.2,0
"control_outputs_enabled",66679.2,0
"control_outputs_enabled",66679.2,0
"control_outputs_enabled",66679.2,0
"control_outputs_enabled",66679.2,0
"control_outputs_enabled",66679.2,0
"control_outputs_enabled",66679.2,0
"control_outputs_enabled",66679.3,0
"control_outputs_enabled",66679.3,0
"control_outputs_enabled",66679.3,0
"control_outputs_enabled",66679.3,0
"control_outputs_enabled",66679.3,0
"control_outputs_enabled",66679.3,0
"control_outputs_enabled",66679.3,0
"control_outputs_enabled",66679.3,0
"control_outputs_enabled",66679.3,0
"control_outputs_enabled",66679.4,0
"control_outputs_enabled",66679.4,0
"control_outputs_enabled",66679.4,0
"control_outputs_enabled",66679.4,0
"control_outputs_enabled",66679.4,0
"control_outputs_enabled",66679.4,0
"control_outputs_enabled",66679.4,0
"control_outputs_enabled",66679.4,0
"control_outputs_enabled",66679.4,0
"control_outputs_enabled",66679.4,0
"control_outputs_enabled",66679.5,0
"control_outputs_enabled",66679.5,0
"control_outputs_enabled",66679.5,0
"control_outputs_enabled",66679.5,0
"control_outputs_enabled",66679.5,0
"control_outputs_enabled",66679.5,0
"control_outputs_enabled",66679.5,0
"control_outputs_enabled",66679.5,0
"control_outputs_enabled",66679.5,0
"control_outputs_enabled",66679.5,0
"control_outputs_enabled",66679.6,0
"control_outputs_enabled",66679.6,0
"control_outputs_enabled",66679.6,0
"control_outputs_enabled",66679.6,0
"control_outputs_enabled",66679.6,0
"control_outputs_enabled",66679.6,0
"control_outputs_enabled",66679.6,0
"control_outputs_enabled",66679.6,0
"control_outputs_enabled",66679.6,0
"control_outputs_enabled",66679.6,0
"control_outputs_enabled",66679.6,0
"control_outputs_enabled",66679.7,0
"control_outputs_enabled",66679.7,0
"control_outputs_enabled",66679.7,0
"control_outputs_enabled",66679.7,0
"control_outputs_enabled",66679.7,0
"control_outputs_enabled",66679.7,0
"control_outputs_enabled",66679.7,0
"control_outputs_enabled",66679.7,0
"control_outputs_enabled",66679.7,0
"control_outputs_enabled",66679.7,0
"control_outputs_enabled",66679.8,0
"control_outputs_enabled",66679.8,0
"control_outputs_enabled",66679.8,0
"control_outputs_enabled",66679.8,0
"control_outputs_enabled",66679.8,0
"control_outputs_enabled",66679.8,0
"control_outputs_enabled",66679.8,0
"control_outputs_enabled",66679.8,0
"control_outputs_enabled",66679.8,0
"control_outputs_enabled",66679.8,0
"control_outputs_enabled",66679.9,0
"control_outputs_enabled",66679.9,0
"control_outputs_enabled",66679.9,0
"control_outputs_enabled",66679.9,0
"control_outputs_enabled",66679.9,0
"control_outputs_enabled",66679.9,0
"control_outputs_enabled",66679.9,0
"control_outputs_enabled",66679.9,0
"control_outputs_enabled",66679.9,0
"control_outputs_enabled",66679.9,0
"control_outputs_enabled",66680,0
"control_outputs_enabled",66680,0
"control_outputs_enabled",66680,0
"control_outputs_enabled",66680,0
"control_outputs_enabled",66680,0
"control_outputs_enabled",66680,0
"control_outputs_enabled",66680,0
"control_outputs_enabled",66680,0
"control_outputs_enabled",66680,0
"control_outputs_enabled",66680,0
"control_outputs_enabled",66680.1,0
"control_outputs_enabled",66680.1,0
"control_outputs_enabled",66680.1,0
"control_outputs_enabled",66680.1,0
"control_outputs_enabled",66680.1,0
"control_outputs_enabled",66680.1,0
"control_outputs_enabled",66680.1,0
"control_outputs_enabled",66680.1,0
"control_outputs_enabled",66680.1,0
"control_outputs_enabled",66680.1,0
"control_outputs_enabled",66680.2,0
"control_outputs_enabled",66680.2,0
"control_outputs_enabled",66680.2,0
"control_outputs_enabled",66680.2,0
"control_outputs_enabled",66680.2,0
"control_outputs_enabled",66680.2,0
"control_outputs_enabled",66680.2,0
"control_outputs_enabled",66680.2,0
"control_outputs_enabled",66680.2,0
"control_outputs_enabled",66680.2,0
"control_outputs_enabled",66680.3,0
"control_outputs_enabled",66680.3,0
"control_outputs_enabled",66680.3,0
"control_outputs_enabled",66680.3,0
"control_outputs_enabled",66680.3,0
"control_outputs_enabled",66680.3,0
"control_outputs_enabled",66680.3,0
"control_outputs_enabled",66680.3,0
"control_outputs_enabled",66680.3,0
"control_outputs_enabled",66680.3,0
"control_outputs_enabled",66680.4,0
"control_outputs_enabled",66680.4,0
"control_outputs_enabled",66680.4,0
"control_outputs_enabled",66680.4,0
"control_outputs_enabled",66680.4,0
"control_outputs_enabled",66680.4,0
"control_outputs_enabled",66680.4,0
"control_outputs_enabled",66680.4,0
"control_outputs_enabled",66680.4,0
"control_outputs_enabled",66680.4,0
"control_outputs_enabled",66680.5,0
"control_outputs_enabled",66680.5,0
"control_outputs_enabled",66680.5,0
"control_outputs_enabled",66680.5,0
"control_outputs_enabled",66680.5,0
"control_outputs_enabled",66680.5,0
"control_outputs_enabled",66680.5,0
"control_outputs_enabled",66680.5,0
"control_outputs_enabled",66680.5,0
"control_outputs_enabled",66680.5,0
"control_outputs_enabled",66680.6,0
"control_outputs_enabled",66680.6,0
"control_outputs_enabled",66680.6,0
"control_outputs_enabled",66680.6,0
"control_outputs_enabled",66680.6,0
"control_outputs_enabled",66680.6,0
"control_outputs_enabled",66680.6,0
"control_outputs_enabled",66680.6,0
"control_outputs_enabled",66680.6,0
"control_outputs_enabled",66680.6,0
"control_outputs_enabled",66680.6,0
"control_outputs_enabled",66680.7,0
"control_outputs_enabled",66680.7,0
"control_outputs_enabled",66680.7,0
"control_outputs_enabled",66680.7,0
"control_outputs_enabled",66680.7,0
"control_outputs_enabled",66680.7,0
"control_outputs_enabled",66680.7,0
"control_outputs_enabled",66680.7,0
"control_outputs_enabled",66680.7,0
"control_outputs_enabled",66680.7,0
"control_outputs_enabled",66680.8,0
"control_outputs_enabled",66680.8,0
"control_outputs_enabled",66680.8,0
"control_outputs_enabled",66680.8,0
"control_outputs_enabled",66680.8,0
"control_outputs_enabled",66680.8,0
"control_outputs_enabled",66680.8,0
"control_outputs_enabled",66680.8,0
"control_outputs_enabled",66680.8,0
"control_outputs_enabled",66680.8,0
"control_outputs_enabled",66680.9,0
"control_outputs_enabled",66680.9,0
"control_outputs_enabled",66680.9,0
"control_outputs_enabled",66680.9,0
"control_outputs_enabled",66680.9,0
"control_outputs_enabled",66680.9,0
"control_outputs_enabled",66680.9,0
"control_outputs_enabled",66680.9,0
"control_outputs_enabled",66680.9,0
"control_outputs_enabled",66680.9,0
"control_outputs_enabled",66681,0
"control_outputs_enabled",66681,0
"control_outputs_enabled",66681,0
"control_outputs_enabled",66681,0
"control_outputs_enabled",66681,0
"control_outputs_enabled",66681,0
"control_outputs_enabled",66681,0
"control_outputs_enabled",66681,0
"control_outputs_enabled",66681,0
"control_outputs_enabled",66681,0
"control_outputs_enabled",66681.1,0
"control_outputs_enabled",66681.1,0
"control_outputs_enabled",66681.1,0
"control_outputs_enabled",66681.1,0
"control_outputs_enabled",66681.1,0
"control_outputs_enabled",66681.1,0
"control_outputs_enabled",66681.1,0
"control_outputs_enabled",66681.1,0
"control_outputs_enabled",66681.1,0
"control_outputs_enabled",66681.1,0
"control_outputs_enabled",66681.2,0
"control_outputs_enabled",66681.2,0
"control_outputs_enabled",66681.2,0
"control_outputs_enabled",66681.2,0
"control_outputs_enabled",66681.2,0
"control_outputs_enabled",66681.2,0
"control_outputs_enabled",66681.2,0
"control_outputs_enabled",66681.2,0
"control_outputs_enabled",66681.2,0
"control_outputs_enabled",66681.2,0
"control_outputs_enabled",66681.3,0
"control_outputs_enabled",66681.3,0
"control_outputs_enabled",66681.3,0
"control_outputs_enabled",66681.3,0
"control_outputs_enabled",66681.3,0
"control_outputs_enabled",66681.3,0
"control_outputs_enabled",66681.3,0
"control_outputs_enabled",66681.3,0
"control_outputs_enabled",66681.3,0
"control_outputs_enabled",66681.3,0
"control_outputs_enabled",66681.4,0
"control_outputs_enabled",66681.4,0
"control_outputs_enabled",66681.4,0
"control_outputs_enabled",66681.4,0
"control_outputs_enabled",66681.4,0
"control_outputs_enabled",66681.4,0
"control_outputs_enabled",66681.4,0
"control_outputs_enabled",66681.4,0
"control_outputs_enabled",66681.4,0
"control_outputs_enabled",66681.4,0
"control_outputs_enabled",66681.5,0
"control_outputs_enabled",66681.5,0
"control_outputs_enabled",66681.5,0
"control_outputs_enabled",66681.5,0
"control_outputs_enabled",66681.5,0
"control_outputs_enabled",66681.5,0
"control_outputs_enabled",66681.5,0
"control_outputs_enabled",66681.5,0
"control_outputs_enabled",66681.5,0
"control_outputs_enabled",66681.5,0
"control_outputs_enabled",66681.6,0
"control_outputs_enabled",66681.6,0
"control_outputs_enabled",66681.6,0
"control_outputs_enabled",66681.6,0
"control_outputs_enabled",66681.6,0
"control_outputs_enabled",66681.6,0
"control_outputs_enabled",66681.6,0
"control_outputs_enabled",66681.6,0
"control_outputs_enabled",66681.6,0
"control_outputs_enabled",66681.6,0
"control_outputs_enabled",66681.7,0
"control_outputs_enabled",66681.7,0
"control_outputs_enabled",66681.7,0
"control_outputs_enabled",66681.7,0
"control_outputs_enabled",66681.7,0
"control_outputs_enabled",66681.7,0
"control_outputs_enabled",66681.7,0
"control_outputs_enabled",66681.7,0
"control_outputs_enabled",66681.7,0
"control_outputs_enabled",66681.7,0
"control_outputs_enabled",66681.8,0
"control_outputs_enabled",66681.8,0
"control_outputs_enabled",66681.8,0
"control_outputs_enabled",66681.8,0
"control_outputs_enabled",66681.8,0
"control_outputs_enabled",66681.8,0
"control_outputs_enabled",66681.8,0
"control_outputs_enabled",66681.8,0
"control_outputs_enabled",66681.8,0
"control_outputs_enabled",66681.8,0
"control_outputs_enabled",66681.9,0
"control_outputs_enabled",66681.9,0
"control_outputs_enabled",66681.9,0
"control_outputs_enabled",66681.9,0
"control_outputs_enabled",66681.9,0
"control_outputs_enabled",66681.9,0
"control_outputs_enabled",66681.9,0
"control_outputs_enabled",66681.9,0
"control_outputs_enabled",66681.9,0
"control_outputs_enabled",66681.9,0
"control_outputs_enabled",66682,0
"control_outputs_enabled",66682,0
"control_outputs_enabled",66682,0
"control_outputs_enabled",66682,0
"control_outputs_enabled",66682,0
"control_outputs_enabled",66682,0
"control_outputs_enabled",66682,0
"control_outputs_enabled",66682,0
"control_outputs_enabled",66682,0
"control_outputs_enabled",66682,0
"control_outputs_enabled",66682.1,0
"control_outputs_enabled",66682.1,0
"control_outputs_enabled",66682.1,0
"control_outputs_enabled",66682.1,0
"control_outputs_enabled",66682.1,0
"control_outputs_enabled",66682.1,0
"control_outputs_enabled",66682.1,0
"control_outputs_enabled",66682.1,0
"control_outputs_enabled",66682.1,0
"control_outputs_enabled",66682.1,0
"control_outputs_enabled",66682.2,0
"control_outputs_enabled",66682.2,0
"control_outputs_enabled",66682.2,0
"control_outputs_enabled",66682.2,0
"control_outputs_enabled",66682.2,0
"control_outputs_enabled",66682.2,0
"control_outputs_enabled",66682.2,0
"control_outputs_enabled",66682.2,0
"control_outputs_enabled",66682.2,0
"control_outputs_enabled",66682.2,0
"control_outputs_enabled",66682.2,0
"control_outputs_enabled",66682.3,0
"control_outputs_enabled",66682.3,0
"control_outputs_enabled",66682.3,0
"control_outputs_enabled",66682.3,0
"control_outputs_enabled",66682.3,0
"control_outputs_enabled",66682.3,0
"control_outputs_enabled",66682.3,0
"control_outputs_enabled",66682.3,0
"control_outputs_enabled",66682.3,0
"control_outputs_enabled",66682.4,0
"control_outputs_enabled",66682.4,0
"control_outputs_enabled",66682.4,0
"control_outputs_enabled",66682.4,0
