signal,time_s,value
"Mech_RPM",66141.7,-498.988
"Mech_RPM",66141.8,-498.883
"Mech_RPM",66141.8,-498.883
"Mech_RPM",66141.8,-498.952
"Mech_RPM",66141.8,-498.952
"Mech_RPM",66141.8,-498.924
"Mech_RPM",66141.8,-498.924
"Mech_RPM",66141.8,-498.977
"Mech_RPM",66141.8,-498.977
"Mech_RPM",66141.8,-498.922
"Mech_RPM",66141.8,-498.922
"Mech_RPM",66141.9,-498.881
"Mech_RPM",66141.9,-498.881
"Mech_RPM",66141.9,-498.887
"Mech_RPM",66141.9,-498.887
"Mech_RPM",66141.9,-498.85
"Mech_RPM",66141.9,-498.85
"Mech_RPM",66141.9,-499
"Mech_RPM",66141.9,-499
"Mech_RPM",66141.9,-498.885
"Mech_RPM",66141.9,-498.885
"Mech_RPM",66142,-498.814
"Mech_RPM",66142,-498.814
"Mech_RPM",66142,-498.988
"Mech_RPM",66142,-498.988
"Mech_RPM",66142,-498.993
"Mech_RPM",66142,-498.993
"Mech_RPM",66142,-498.948
"Mech_RPM",66142,-498.948
"Mech_RPM",66142,-498.912
"Mech_RPM",66142,-498.912
"Mech_RPM",66142.1,-498.897
"Mech_RPM",66142.1,-498.897
"Mech_RPM",66142.1,-498.945
"Mech_RPM",66142.1,-498.945
"Mech_RPM",66142.1,-498.893
"Mech_RPM",66142.1,-498.893
"Mech_RPM",66142.1,-498.983
"Mech_RPM",66142.1,-498.983
"Mech_RPM",66142.1,-498.941
"Mech_RPM",66142.1,-498.941
"Mech_RPM",66142.2,-498.897
"Mech_RPM",66142.2,-498.897
"Mech_RPM",66142.2,-498.896
"Mech_RPM",66142.2,-498.896
"Mech_RPM",66142.2,-498.84
"Mech_RPM",66142.2,-498.84
"Mech_RPM",66142.2,-498.881
"Mech_RPM",66142.2,-498.881
"Mech_RPM",66142.2,-498.984
"Mech_RPM",66142.2,-498.984
"Mech_RPM",66142.2,-498.861
"Mech_RPM",66142.3,-498.861
"Mech_RPM",66142.3,-498.908
"Mech_RPM",66142.3,-498.908
"Mech_RPM",66142.3,-498.901
"Mech_RPM",66142.3,-498.901
"Mech_RPM",66142.3,-498.944
"Mech_RPM",66142.3,-498.944
"Mech_RPM",66142.3,-498.894
"Mech_RPM",66142.3,-498.894
"Mech_RPM",66142.4,-498.898
"Mech_RPM",66142.4,-498.898
"Mech_RPM",66142.4,-498.879
"Mech_RPM",66142.4,-498.879
"Mech_RPM",66142.4,-499.023
"Mech_RPM",66142.4,-499.023
"Mech_RPM",66142.4,-498.897
"Mech_RPM",66142.4,-498.897
"Mech_RPM",66142.4,-498.841
"Mech_RPM",66142.4,-498.841
"Mech_RPM",66142.5,-498.882
"Mech_RPM",66142.5,-498.882
"Mech_RPM",66142.5,-498.975
"Mech_RPM",66142.5,-498.975
"Mech_RPM",66142.5,-498.951
"Mech_RPM",66142.5,-498.951
"Mech_RPM",66142.5,-498.998
"Mech_RPM",66142.5,-498.998
"Mech_RPM",66142.5,-498.886
"Mech_RPM",66142.5,-498.886
"Mech_RPM",66142.6,-498.843
"Mech_RPM",66142.6,-498.843
"Mech_RPM",66142.6,-499.009
"Mech_RPM",66142.6,-499.009
"Mech_RPM",66142.6,-499.003
"Mech_RPM",66142.6,-499.003
"Mech_RPM",66142.6,-498.968
"Mech_RPM",66142.6,-498.968
"Mech_RPM",66142.6,-499.015
"Mech_RPM",66142.6,-499.015
"Mech_RPM",66142.6,-498.998
"Mech_RPM",66142.7,-498.998
"Mech_RPM",66142.7,-498.922
"Mech_RPM",66142.7,-498.922
"Mech_RPM",66142.7,-498.975
"Mech_RPM",66142.7,-498.975
"Mech_RPM",66142.7,-498.875
"Mech_RPM",66142.7,-498.875
"Mech_RPM",66142.7,-498.838
"Mech_RPM",66142.7,-498.838
"Mech_RPM",66142.8,-499.015
"Mech_RPM",66142.8,-499.015
"Mech_RPM",66142.8,-498.995
"Mech_RPM",66142.8,-498.995
"Mech_RPM",66142.8,-498.93
"Mech_RPM",66142.8,-498.93
"Mech_RPM",66142.8,-498.878
"Mech_RPM",66142.8,-498.878
"Mech_RPM",66142.8,-498.906
"Mech_RPM",66142.8,-498.906
"Mech_RPM",66142.9,-498.946
"Mech_RPM",66142.9,-498.946
"Mech_RPM",66142.9,-498.923
"Mech_RPM",66142.9,-498.923
"Mech_RPM",66142.9,-498.887
"Mech_RPM",66142.9,-498.887
"Mech_RPM",66142.9,-498.828
"Mech_RPM",66142.9,-498.828
"Mech_RPM",66142.9,-498.888
"Mech_RPM",66142.9,-498.888
"Mech_RPM",66143,-498.999
"Mech_RPM",66143,-498.999
"Mech_RPM",66143,-498.876
"Mech_RPM",66143,-498.876
"Mech_RPM",66143,-498.943
"Mech_RPM",66143,-498.943
"Mech_RPM",66143,-498.938
"Mech_RPM",66143,-498.938
"Mech_RPM",66143,-498.87
"Mech_RPM",66143,-498.87
"Mech_RPM",66143,-499.026
"Mech_RPM",66143.1,-499.026
"Mech_RPM",66143.1,-498.939
"Mech_RPM",66143.1,-498.939
"Mech_RPM",66143.1,-498.999
"Mech_RPM",66143.1,-498.999
"Mech_RPM",66143.1,-499.063
"Mech_RPM",66143.1,-499.063
"Mech_RPM",66143.1,-498.954
"Mech_RPM",66143.1,-498.954
"Mech_RPM",66143.1,-498.884
"Mech_RPM",66143.2,-498.884
"Mech_RPM",66143.2,-498.906
"Mech_RPM",66143.2,-498.906
"Mech_RPM",66143.2,-499.019
"Mech_RPM",66143.2,-499.019
"Mech_RPM",66143.2,-498.982
"Mech_RPM",66143.2,-498.982
"Mech_RPM",66143.2,-498.953
"Mech_RPM",66143.2,-498.953
"Mech_RPM",66143.2,-498.94
"Mech_RPM",66143.3,-498.94
"Mech_RPM",66143.3,-498.943
"Mech_RPM",66143.3,-498.943
"Mech_RPM",66143.3,-499
"Mech_RPM",66143.3,-499
"Mech_RPM",66143.3,-499.01
"Mech_RPM",66143.3,-499.01
"Mech_RPM",66143.3,-498.98
"Mech_RPM",66143.3,-498.98
"Mech_RPM",66143.4,-498.93
"Mech_RPM",66143.4,-498.93
"Mech_RPM",66143.4,-499.017
"Mech_RPM",66143.4,-499.017
"Mech_RPM",66143.4,-498.859
"Mech_RPM",66143.4,-498.859
"Mech_RPM",66143.4,-498.992
"Mech_RPM",66143.4,-498.992
"Mech_RPM",66143.4,-498.996
"Mech_RPM",66143.4,-498.996
"Mech_RPM",66143.5,-498.878
"Mech_RPM",66143.5,-498.878
"Mech_RPM",66143.5,-498.911
"Mech_RPM",66143.5,-498.911
"Mech_RPM",66143.5,-498.928
"Mech_RPM",66143.5,-498.928
"Mech_RPM",66143.5,-498.861
"Mech_RPM",66143.5,-498.861
"Mech_RPM",66143.5,-499.011
"Mech_RPM",66143.5,-499.011
"Mech_RPM",66143.6,-499.007
"Mech_RPM",66143.6,-499.007
"Mech_RPM",66143.6,-498.871
"Mech_RPM",66143.6,-498.871
"Mech_RPM",66143.6,-499.024
"Mech_RPM",66143.6,-499.024
"Mech_RPM",66143.6,-499.012
"Mech_RPM",66143.6,-499.012
"Mech_RPM",66143.6,-498.948
"Mech_RPM",66143.6,-498.948
"Mech_RPM",66143.6,-498.925
"Mech_RPM",66143.7,-498.925
"Mech_RPM",66143.7,-499.014
"Mech_RPM",66143.7,-499.014
"Mech_RPM",66143.7,-498.966
"Mech_RPM",66143.7,-498.966
"Mech_RPM",66143.7,-498.927
"Mech_RPM",66143.7,-498.927
"Mech_RPM",66143.7,-498.915
"Mech_RPM",66143.7,-498.915
"Mech_RPM",66143.8,-498.85
"Mech_RPM",66143.8,-498.85
"Mech_RPM",66143.8,-498.975
"Mech_RPM",66143.8,-498.975
"Mech_RPM",66143.8,-498.988
"Mech_RPM",66143.8,-498.988
"Mech_RPM",66143.8,-498.938
"Mech_RPM",66143.8,-498.938
"Mech_RPM",66143.8,-498.894
"Mech_RPM",66143.8,-498.894
"Mech_RPM",66143.9,-498.903
"Mech_RPM",66143.9,-498.903
"Mech_RPM",66143.9,-498.831
"Mech_RPM",66143.9,-498.831
"Mech_RPM",66143.9,-498.875
"Mech_RPM",66143.9,-498.875
"Mech_RPM",66143.9,-498.992
"Mech_RPM",66143.9,-498.992
"Mech_RPM",66143.9,-498.944
"Mech_RPM",66143.9,-498.944
"Mech_RPM",66144,-498.918
"Mech_RPM",66144,-498.918
"Mech_RPM",66144,-499.018
"Mech_RPM",66144,-499.018
"Mech_RPM",66144,-498.845
"Mech_RPM",66144,-498.845
"Mech_RPM",66144,-498.847
"Mech_RPM",66144,-498.847
"Mech_RPM",66144,-498.922
"Mech_RPM",66144,-498.922
"Mech_RPM",66144.1,-498.767
"Mech_RPM",66144.1,-498.767
"Mech_RPM",66144.1,-498.963
"Mech_RPM",66144.1,-498.963
"Mech_RPM",66144.1,-498.88
"Mech_RPM",66144.1,-498.88
"Mech_RPM",66144.1,-498.798
"Mech_RPM",66144.1,-498.798
"Mech_RPM",66144.1,-498.952
"Mech_RPM",66144.1,-498.952
"Mech_RPM",66144.2,-498.854
"Mech_RPM",66144.2,-498.854
"Mech_RPM",66144.2,-498.882
"Mech_RPM",66144.2,-498.882
"Mech_RPM",66144.2,-498.852
"Mech_RPM",66144.2,-498.852
"Mech_RPM",66144.2,-498.969
"Mech_RPM",66144.2,-498.969
"Mech_RPM",66144.2,-498.896
"Mech_RPM",66144.2,-498.896
"Mech_RPM",66144.2,-498.84
"Mech_RPM",66144.3,-498.84
"Mech_RPM",66144.3,-498.962
"Mech_RPM",66144.3,-498.962
"Mech_RPM",66144.3,-498.941
"Mech_RPM",66144.3,-498.941
"Mech_RPM",66144.3,-498.993
"Mech_RPM",66144.3,-498.993
"Mech_RPM",66144.3,-499.003
"Mech_RPM",66144.3,-499.003
"Mech_RPM",66144.4,-499.065
"Mech_RPM",66144.4,-499.065
"Mech_RPM",66144.4,-498.989
"Mech_RPM",66144.4,-498.989
"Mech_RPM",66144.4,-498.874
"Mech_RPM",66144.4,-498.874
"Mech_RPM",66144.4,-498.819
"Mech_RPM",66144.4,-498.819
"Mech_RPM",66144.4,-498.967
"Mech_RPM",66144.4,-498.967
"Mech_RPM",66144.5,-498.847
"Mech_RPM",66144.5,-498.847
"Mech_RPM",66144.5,-498.782
"Mech_RPM",66144.5,-498.782
"Mech_RPM",66144.5,-498.936
"Mech_RPM",66144.5,-498.936
"Mech_RPM",66144.5,-498.843
"Mech_RPM",66144.5,-498.843
"Mech_RPM",66144.5,-498.799
"Mech_RPM",66144.5,-498.799
"Mech_RPM",66144.6,-498.932
"Mech_RPM",66144.6,-498.932
"Mech_RPM",66144.6,-498.818
"Mech_RPM",66144.6,-498.818
"Mech_RPM",66144.6,-498.753
"Mech_RPM",66144.6,-498.753
"Mech_RPM",66144.6,-498.783
"Mech_RPM",66144.6,-498.783
"Mech_RPM",66144.6,-498.802
"Mech_RPM",66144.6,-498.802
"Mech_RPM",66144.6,-498.847
"Mech_RPM",66144.7,-498.847
"Mech_RPM",66144.7,-498.933
"Mech_RPM",66144.7,-498.933
"Mech_RPM",66144.7,-498.829
"Mech_RPM",66144.7,-498.829
"Mech_RPM",66144.8,-498.847
"Mech_RPM",66144.8,-498.847
"Mech_RPM",66144.8,-498.891
"Mech_RPM",66144.8,-498.891
"Mech_RPM",66144.8,-498.82
"Mech_RPM",66144.8,-498.82
"Mech_RPM",66144.8,-498.796
"Mech_RPM",66144.8,-498.796
"Mech_RPM",66144.9,-498.852
"Mech_RPM",66144.9,-498.852
"Mech_RPM",66144.9,-498.854
"Mech_RPM",66144.9,-498.854
"Mech_RPM",66144.9,-498.778
"Mech_RPM",66144.9,-498.778
"Mech_RPM",66145,-498.932
"Mech_RPM",66145,-498.932
"Mech_RPM",66145,-498.876
"Mech_RPM",66145,-498.876
"Mech_RPM",66145,-498.836
"Mech_RPM",66145,-498.823
"Mech_RPM",66145,-498.823
"Mech_RPM",66145.1,-498.841
"Mech_RPM",66145.1,-498.841
"Mech_RPM",66145.1,-498.776
"Mech_RPM",66145.1,-498.816
"Mech_RPM",66145.1,-498.798
"Mech_RPM",66145.1,-498.798
"Mech_RPM",66145.1,-498.853
"Mech_RPM",66145.2,-498.853
"Mech_RPM",66145.2,-498.788
"Mech_RPM",66145.2,-498.991
"Mech_RPM",66145.2,-498.975
"Mech_RPM",66145.2,-498.975
"Mech_RPM",66145.2,-499.048
"Mech_RPM",66145.2,-499.048
"Mech_RPM",66145.2,-498.921
"Mech_RPM",66145.2,-498.921
"Mech_RPM",66145.3,-498.922
"Mech_RPM",66145.3,-498.922
"Mech_RPM",66145.3,-498.865
"Mech_RPM",66145.3,-498.865
"Mech_RPM",66145.3,-498.898
"Mech_RPM",66145.3,-498.898
"Mech_RPM",66145.3,-498.858
"Mech_RPM",66145.3,-498.858
"Mech_RPM",66145.3,-499.016
"Mech_RPM",66145.3,-499.016
"Mech_RPM",66145.4,-498.999
"Mech_RPM",66145.4,-498.999
"Mech_RPM",66145.4,-498.826
"Mech_RPM",66145.4,-498.826
"Mech_RPM",66145.4,-498.892
"Mech_RPM",66145.4,-498.892
"Mech_RPM",66145.4,-499.013
"Mech_RPM",66145.4,-499.013
"Mech_RPM",66145.4,-498.902
"Mech_RPM",66145.4,-498.902
"Mech_RPM",66145.4,-499.008
"Mech_RPM",66145.5,-499.008
"Mech_RPM",66145.5,-498.965
"Mech_RPM",66145.5,-498.965
"Mech_RPM",66145.5,-498.866
"Mech_RPM",66145.5,-498.866
"Mech_RPM",66145.5,-498.888
"Mech_RPM",66145.5,-498.888
"Mech_RPM",66145.5,-499.01
"Mech_RPM",66145.5,-499.01
"Mech_RPM",66145.5,-498.941
"Mech_RPM",66145.5,-498.941
"Mech_RPM",66145.5,-499.004
"Mech_RPM",66145.6,-499.004
"Mech_RPM",66145.6,-498.893
"Mech_RPM",66145.6,-498.893
"Mech_RPM",66145.6,-498.827
"Mech_RPM",66145.6,-498.827
"Mech_RPM",66145.6,-498.835
"Mech_RPM",66145.6,-498.835
"Mech_RPM",66145.6,-498.962
"Mech_RPM",66145.6,-498.962
"Mech_RPM",66145.6,-498.822
"Mech_RPM",66145.6,-498.822
"Mech_RPM",66145.7,-498.96
"Mech_RPM",66145.7,-498.96
"Mech_RPM",66145.7,-498.83
"Mech_RPM",66145.7,-498.83
"Mech_RPM",66145.7,-498.848
"Mech_RPM",66145.7,-498.848
"Mech_RPM",66145.7,-498.912
"Mech_RPM",66145.7,-498.912
"Mech_RPM",66145.7,-498.83
"Mech_RPM",66145.7,-498.83
"Mech_RPM",66145.8,-498.77
"Mech_RPM",66145.8,-498.77
"Mech_RPM",66145.8,-498.951
"Mech_RPM",66145.8,-498.951
"Mech_RPM",66145.8,-498.873
"Mech_RPM",66145.8,-498.873
"Mech_RPM",66145.8,-498.88
"Mech_RPM",66145.8,-498.88
"Mech_RPM",66145.8,-498.907
"Mech_RPM",66145.8,-498.907
"Mech_RPM",66145.8,-498.846
"Mech_RPM",66145.8,-498.846
"Mech_RPM",66145.9,-498.9
"Mech_RPM",66145.9,-498.9
"Mech_RPM",66145.9,-498.87
"Mech_RPM",66145.9,-498.87
"Mech_RPM",66145.9,-498.888
"Mech_RPM",66145.9,-498.888
"Mech_RPM",66145.9,-498.905
"Mech_RPM",66145.9,-498.905
"Mech_RPM",66145.9,-498.859
"Mech_RPM",66145.9,-498.859
"Mech_RPM",66146,-498.965
"Mech_RPM",66146,-498.965
"Mech_RPM",66146,-498.928
"Mech_RPM",66146,-498.928
"Mech_RPM",66146,-498.919
"Mech_RPM",66146,-498.919
"Mech_RPM",66146,-498.914
"Mech_RPM",66146,-498.914
"Mech_RPM",66146,-498.832
"Mech_RPM",66146,-498.832
"Mech_RPM",66146.1,-498.892
"Mech_RPM",66146.1,-498.892
"Mech_RPM",66146.1,-498.987
"Mech_RPM",66146.1,-498.987
"Mech_RPM",66146.1,-498.84
"Mech_RPM",66146.1,-498.84
"Mech_RPM",66146.1,-498.853
"Mech_RPM",66146.1,-498.853
"Mech_RPM",66146.1,-498.959
"Mech_RPM",66146.1,-498.959
"Mech_RPM",66146.2,-498.892
"Mech_RPM",66146.2,-498.892
"Mech_RPM",66146.2,-498.903
"Mech_RPM",66146.2,-498.903
"Mech_RPM",66146.2,-498.811
"Mech_RPM",66146.2,-498.811
"Mech_RPM",66146.2,-498.855
"Mech_RPM",66146.2,-498.855
"Mech_RPM",66146.2,-498.951
"Mech_RPM",66146.2,-498.951
"Mech_RPM",66146.3,-498.863
"Mech_RPM",66146.3,-498.863
"Mech_RPM",66146.3,-498.865
"Mech_RPM",66146.3,-498.865
"Mech_RPM",66146.3,-498.809
"Mech_RPM",66146.3,-498.809
"Mech_RPM",66146.3,-498.812
"Mech_RPM",66146.3,-498.812
"Mech_RPM",66146.3,-498.768
"Mech_RPM",66146.3,-498.768
"Mech_RPM",66146.4,-498.933
"Mech_RPM",66146.4,-498.933
"Mech_RPM",66146.4,-498.861
"Mech_RPM",66146.4,-498.861
"Mech_RPM",66146.4,-498.78
"Mech_RPM",66146.4,-498.78
"Mech_RPM",66146.4,-498.804
"Mech_RPM",66146.4,-498.804
"Mech_RPM",66146.4,-498.969
"Mech_RPM",66146.4,-498.969
"Mech_RPM",66146.5,-498.932
"Mech_RPM",66146.5,-498.932
"Mech_RPM",66146.5,-498.995
"Mech_RPM",66146.5,-498.995
"Mech_RPM",66146.5,-498.89
"Mech_RPM",66146.5,-498.89
"Mech_RPM",66146.5,-498.918
"Mech_RPM",66146.5,-498.918
"Mech_RPM",66146.5,-498.892
"Mech_RPM",66146.6,-498.892
"Mech_RPM",66146.6,-499.019
"Mech_RPM",66146.6,-499.019
"Mech_RPM",66146.6,-498.882
"Mech_RPM",66146.6,-498.882
"Mech_RPM",66146.6,-499.04
"Mech_RPM",66146.6,-499.04
"Mech_RPM",66146.6,-499.059
"Mech_RPM",66146.6,-499.059
"Mech_RPM",66146.6,-498.958
"Mech_RPM",66146.6,-498.958
"Mech_RPM",66146.7,-499.015
"Mech_RPM",66146.7,-499.015
"Mech_RPM",66146.7,-499.035
"Mech_RPM",66146.7,-499.035
"Mech_RPM",66146.7,-498.914
"Mech_RPM",66146.7,-498.914
"Mech_RPM",66146.7,-499.06
"Mech_RPM",66146.7,-499.06
"Mech_RPM",66146.7,-498.97
"Mech_RPM",66146.8,-498.97
"Mech_RPM",66146.8,-498.881
"Mech_RPM",66146.8,-498.881
"Mech_RPM",66146.8,-499.023
"Mech_RPM",66146.8,-499.023
"Mech_RPM",66146.8,-498.907
"Mech_RPM",66146.8,-498.907
"Mech_RPM",66146.8,-498.846
"Mech_RPM",66146.8,-498.846
"Mech_RPM",66146.8,-498.916
"Mech_RPM",66146.9,-498.916
"cg_id_a",66141.8,-0.357792
"cg_id_a",66141.8,0.450949
"cg_id_a",66141.8,-1.75596
"cg_id_a",66141.8,2.90445
"cg_id_a",66141.8,-1.45416
"cg_id_a",66141.8,3.08373
"cg_id_a",66141.8,2.16357
"cg_id_a",66141.8,1.6655
"cg_id_a",66141.9,0.000291951
"cg_id_a",66141.9,-1.93826
"cg_id_a",66141.9,1.78907
"cg_id_a",66141.9,-0.506031
"cg_id_a",66141.9,-3.18788
"cg_id_a",66141.9,1.65777
"cg_id_a",66141.9,-2.41702
"cg_id_a",66141.9,1.04572
"cg_id_a",66141.9,-0.784953
"cg_id_a",66141.9,0.782652
"cg_id_a",66142,-0.593427
"cg_id_a",66142,1.17804
"cg_id_a",66142,0.810985
"cg_id_a",66142,-1.74208
"cg_id_a",66142,2.7961
"cg_id_a",66142,0.644782
"cg_id_a",66142,-2.49346
"cg_id_a",66142,-0.0493355
"cg_id_a",66142,-3.2878
"cg_id_a",66142,2.49385
"cg_id_a",66142.1,-2.34628
"cg_id_a",66142.1,0.767751
"cg_id_a",66142.1,0.0723747
"cg_id_a",66142.1,2.86859
"cg_id_a",66142.1,-1.31417
"cg_id_a",66142.1,-4.45165
"cg_id_a",66142.1,1.77161
"cg_id_a",66142.1,-0.92055
"cg_id_a",66142.1,-2.15662
"cg_id_a",66142.1,0.337862
"cg_id_a",66142.2,-3.54576
"cg_id_a",66142.2,1.7806
"cg_id_a",66142.2,-2.21237
"cg_id_a",66142.2,1.60998
"cg_id_a",66142.2,-0.305502
"cg_id_a",66142.2,2.69932
"cg_id_a",66142.2,0.176235
"cg_id_a",66142.2,-3.77564
"cg_id_a",66142.2,1.15811
"cg_id_a",66142.2,-0.365829
"cg_id_a",66142.2,-2.02578
"cg_id_a",66142.3,0.949155
"cg_id_a",66142.3,-3.27686
"cg_id_a",66142.3,1.41552
"cg_id_a",66142.3,-1.64209
"cg_id_a",66142.3,0.868231
"cg_id_a",66142.3,0.780754
"cg_id_a",66142.3,1.13234
"cg_id_a",66142.3,-1.32324
"cg_id_a",66142.3,-2.07169
"cg_id_a",66142.4,1.20714
"cg_id_a",66142.4,-0.744128
"cg_id_a",66142.4,-0.914016
"cg_id_a",66142.4,1.60143
"cg_id_a",66142.4,-2.63084
"cg_id_a",66142.4,1.06709
"cg_id_a",66142.4,-0.740411
"cg_id_a",66142.4,1.0004
"cg_id_a",66142.4,1.86761
"cg_id_a",66142.4,0.839474
"cg_id_a",66142.5,-0.297017
"cg_id_a",66142.5,-2.90313
"cg_id_a",66142.5,1.10314
"cg_id_a",66142.5,0.756818
"cg_id_a",66142.5,-0.7256
"cg_id_a",66142.5,0.276064
"cg_id_a",66142.5,-1.81887
"cg_id_a",66142.5,1.19151
"cg_id_a",66142.5,0.600227
"cg_id_a",66142.5,0.688404
"cg_id_a",66142.6,1.90531
"cg_id_a",66142.6,0.930782
"cg_id_a",66142.6,-0.799243
"cg_id_a",66142.6,-2.8606
"cg_id_a",66142.6,2.78972
"cg_id_a",66142.6,-0.904945
"cg_id_a",66142.6,0.823461
"cg_id_a",66142.6,1.47006
"cg_id_a",66142.6,-3.57739
"cg_id_a",66142.6,0.848366
"cg_id_a",66142.6,2.27442
"cg_id_a",66142.7,0.754811
"cg_id_a",66142.7,3.47029
"cg_id_a",66142.7,1.22975
"cg_id_a",66142.7,1.21334
"cg_id_a",66142.7,-4.09462
"cg_id_a",66142.7,3.4368
"cg_id_a",66142.7,-0.824459
"cg_id_a",66142.7,-0.272259
"cg_id_a",66142.7,1.07698
"cg_id_a",66142.8,-1.81814
"cg_id_a",66142.8,0.776396
"cg_id_a",66142.8,0.43543
"cg_id_a",66142.8,0.0319539
"cg_id_a",66142.8,2.98231
"cg_id_a",66142.8,-1.83611
"cg_id_a",66142.8,1.48805
"cg_id_a",66142.8,-3.32935
"cg_id_a",66142.8,1.80377
"cg_id_a",66142.8,-0.640681
"cg_id_a",66142.9,1.54558
"cg_id_a",66142.9,-0.804375
"cg_id_a",66142.9,0.812113
"cg_id_a",66142.9,-0.244908
"cg_id_a",66142.9,2.10581
"cg_id_a",66142.9,-2.22562
"cg_id_a",66142.9,3.00367
"cg_id_a",66142.9,-0.744204
"cg_id_a",66142.9,2.20945
"cg_id_a",66142.9,-4.13698
"cg_id_a",66143,1.60022
"cg_id_a",66143,-1.04188
"cg_id_a",66143,-0.237538
"cg_id_a",66143,-0.606472
"cg_id_a",66143,-2.86126
"cg_id_a",66143,-0.725709
"cg_id_a",66143,1.05701
"cg_id_a",66143,-1.31203
"cg_id_a",66143,1.66799
"cg_id_a",66143,-1.60348
"cg_id_a",66143,2.74011
"cg_id_a",66143.1,-3.72052
"cg_id_a",66143.1,1.32638
"cg_id_a",66143.1,-0.94199
"cg_id_a",66143.1,-0.103746
"cg_id_a",66143.1,-0.361684
"cg_id_a",66143.1,-3.14729
"cg_id_a",66143.1,0.176192
"cg_id_a",66143.1,2.23389
"cg_id_a",66143.1,-0.808383
"cg_id_a",66143.1,1.81136
"cg_id_a",66143.2,-2.26471
"cg_id_a",66143.2,2.3219
"cg_id_a",66143.2,-3.28086
"cg_id_a",66143.2,0.145676
"cg_id_a",66143.2,-0.670665
"cg_id_a",66143.2,-0.93575
"cg_id_a",66143.2,0.136609
"cg_id_a",66143.2,-3.80225
"cg_id_a",66143.2,-0.994322
"cg_id_a",66143.2,1.60468
"cg_id_a",66143.3,0.113705
"cg_id_a",66143.3,2.5349
"cg_id_a",66143.3,-0.904715
"cg_id_a",66143.3,2.52167
"cg_id_a",66143.3,-2.28764
"cg_id_a",66143.3,0.372538
"cg_id_a",66143.3,1.55339
"cg_id_a",66143.3,-0.0537587
"cg_id_a",66143.3,-0.474445
"cg_id_a",66143.4,-2.2558
"cg_id_a",66143.4,0.642888
"cg_id_a",66143.4,1.54345
"cg_id_a",66143.4,0.398238
"cg_id_a",66143.4,1.70122
"cg_id_a",66143.4,-1.35207
"cg_id_a",66143.4,2.76491
"cg_id_a",66143.4,-0.04885
"cg_id_a",66143.4,0.882622
"cg_id_a",66143.4,1.63267
"cg_id_a",66143.5,0.871672
"cg_id_a",66143.5,-0.320337
"cg_id_a",66143.5,-1.26941
"cg_id_a",66143.5,-0.115074
"cg_id_a",66143.5,2.03984
"cg_id_a",66143.5,2.46761
"cg_id_a",66143.5,3.1599
"cg_id_a",66143.5,0.203149
"cg_id_a",66143.5,2.61047
"cg_id_a",66143.5,-0.83028
"cg_id_a",66143.6,-1.50913
"cg_id_a",66143.6,0.557832
"cg_id_a",66143.6,0.594498
"cg_id_a",66143.6,-0.636156
"cg_id_a",66143.6,-2.68601
"cg_id_a",66143.6,0.436226
"cg_id_a",66143.6,0.307852
"cg_id_a",66143.6,2.1272
"cg_id_a",66143.6,1.84066
"cg_id_a",66143.6,0.253846
"cg_id_a",66143.6,0.243354
"cg_id_a",66143.7,-0.281475
"cg_id_a",66143.7,0.0571131
"cg_id_a",66143.7,1.85844
"cg_id_a",66143.7,-0.259538
"cg_id_a",66143.7,0.518289
"cg_id_a",66143.7,-4.38317
"cg_id_a",66143.7,3.22641
"cg_id_a",66143.7,1.02366
"cg_id_a",66143.7,3.3696
"cg_id_a",66143.8,-0.895735
"cg_id_a",66143.8,-1.84825
"cg_id_a",66143.8,2.02276
"cg_id_a",66143.8,-0.32405
"cg_id_a",66143.8,-1.33344
"cg_id_a",66143.8,1.65752
"cg_id_a",66143.8,-1.12899
"cg_id_a",66143.8,1.1208
"cg_id_a",66143.8,-3.46539
"cg_id_a",66143.8,0.660642
"cg_id_a",66143.9,0.507233
"cg_id_a",66143.9,2.80165
"cg_id_a",66143.9,-0.585261
"cg_id_a",66143.9,0.247723
"cg_id_a",66143.9,0.400713
"cg_id_a",66143.9,-0.397891
"cg_id_a",66143.9,-0.616317
"cg_id_a",66143.9,1.43853
"cg_id_a",66143.9,-3.13603
"cg_id_a",66143.9,1.46832
"cg_id_a",66144,-3.23099
"cg_id_a",66144,1.19618
"cg_id_a",66144,-0.163957
"cg_id_a",66144,2.15903
"cg_id_a",66144,-0.128912
"cg_id_a",66144,-0.494227
"cg_id_a",66144,-0.77935
"cg_id_a",66144,-1.01063
"cg_id_a",66144,-2.44945
"cg_id_a",66144,2.11271
"cg_id_a",66144.1,-2.32533
"cg_id_a",66144.1,2.99727
"cg_id_a",66144.1,-3.10914
"cg_id_a",66144.1,0.588172
"cg_id_a",66144.1,-0.455921
"cg_id_a",66144.1,1.97741
"cg_id_a",66144.1,0.485069
"cg_id_a",66144.1,-0.466745
"cg_id_a",66144.1,0.0037891
"cg_id_a",66144.1,0.15255
"cg_id_a",66144.2,-0.995963
"cg_id_a",66144.2,2.3453
"cg_id_a",66144.2,-2.43152
"cg_id_a",66144.2,4.45839
"cg_id_a",66144.2,-3.93307
"cg_id_a",66144.2,-1.67163
"cg_id_a",66144.2,-0.531095
"cg_id_a",66144.2,2.60183
"cg_id_a",66144.2,0.249165
"cg_id_a",66144.2,-0.283499
"cg_id_a",66144.2,-0.00667822
"cg_id_a",66144.3,0.19182
"cg_id_a",66144.3,-0.407467
"cg_id_a",66144.3,1.76227
"cg_id_a",66144.3,-4.59594
"cg_id_a",66144.3,3.30973
"cg_id_a",66144.3,-1.88946
"cg_id_a",66144.3,-0.456285
"cg_id_a",66144.3,1.10022
"cg_id_a",66144.3,2.12657
"cg_id_a",66144.4,0.754839
"cg_id_a",66144.4,-1.73136
"cg_id_a",66144.4,0.679591
"cg_id_a",66144.4,0.109909
"cg_id_a",66144.4,-0.116618
"cg_id_a",66144.4,1.6258
"cg_id_a",66144.4,-1.17679
"cg_id_a",66144.4,3.22871
"cg_id_a",66144.4,-2.05478
"cg_id_a",66144.4,-1.12828
"cg_id_a",66144.5,2.49592
"cg_id_a",66144.5,1.01948
"cg_id_a",66144.5,0.415958
"cg_id_a",66144.5,-0.248727
"cg_id_a",66144.5,0.492745
"cg_id_a",66144.5,0.61458
"cg_id_a",66144.5,0.631337
"cg_id_a",66144.5,2.65251
"cg_id_a",66144.5,-3.32194
"cg_id_a",66144.5,3.08801
"cg_id_a",66144.6,-0.333462
"cg_id_a",66144.6,-2.66949
"cg_id_a",66144.6,3.2672
"cg_id_a",66144.6,0.290805
"cg_id_a",66144.6,3.36089
"cg_id_a",66144.6,-0.624193
"cg_id_a",66144.6,1.65445
"cg_id_a",66144.6,-0.998188
"cg_id_a",66144.6,0.643483
"cg_id_a",66144.6,2.19511
"cg_id_a",66144.6,-3.74182
"cg_id_a",66144.7,3.35878
"cg_id_a",66144.7,-1.35658
"cg_id_a",66144.7,-3.32478
"cg_id_a",66144.7,2.49162
"cg_id_a",66144.7,1.51483
"cg_id_a",66144.8,2.83107
"cg_id_a",66144.8,-2.5122
"cg_id_a",66144.8,-0.522114
"cg_id_a",66144.8,0.154452
"cg_id_a",66144.8,-0.0490748
"cg_id_a",66144.8,0.748268
"cg_id_a",66144.8,-4.22975
"cg_id_a",66144.8,2.5017
"cg_id_a",66144.9,-1.70418
"cg_id_a",66144.9,-1.42453
"cg_id_a",66144.9,3.30419
"cg_id_a",66144.9,0.164667
"cg_id_a",66144.9,2.0093
"cg_id_a",66144.9,-2.34568
"cg_id_a",66145,-0.457426
"cg_id_a",66145,-0.660516
"cg_id_a",66145,-0.333853
"cg_id_a",66145,0.282109
"cg_id_a",66145,-3.25646
"cg_id_a",66145,1.53207
"cg_id_a",66145,-1.07737
"cg_id_a",66145.1,3.82361
"cg_id_a",66145.1,-1.91589
"cg_id_a",66145.1,0.38182
"cg_id_a",66145.1,0.1064
"cg_id_a",66145.1,-4.37341
"cg_id_a",66145.1,-0.223999
"cg_id_a",66145.1,-0.477395
"cg_id_a",66145.2,-1.32034
"cg_id_a",66145.2,3.09093
"cg_id_a",66145.2,1.79873
"cg_id_a",66145.2,-3.2106
"cg_id_a",66145.2,1.22298
"cg_id_a",66145.2,0.225009
"cg_id_a",66145.2,-0.649575
"cg_id_a",66145.2,1.16163
"cg_id_a",66145.2,0.894821
"cg_id_a",66145.3,2.23188
"cg_id_a",66145.3,1.00602
"cg_id_a",66145.3,0.58127
"cg_id_a",66145.3,0.232485
"cg_id_a",66145.3,-0.644212
"cg_id_a",66145.3,2.08911
"cg_id_a",66145.3,-3.16877
"cg_id_a",66145.3,1.40331
"cg_id_a",66145.3,-0.0948102
"cg_id_a",66145.3,0.140277
"cg_id_a",66145.4,1.97754
"cg_id_a",66145.4,1.19353
"cg_id_a",66145.4,1.86656
"cg_id_a",66145.4,0.35079
"cg_id_a",66145.4,-1.11859
"cg_id_a",66145.4,1.27281
"cg_id_a",66145.4,0.419591
"cg_id_a",66145.4,3.11401
"cg_id_a",66145.4,-2.23665
"cg_id_a",66145.4,3.49573
"cg_id_a",66145.4,-0.0236574
"cg_id_a",66145.5,0.53616
"cg_id_a",66145.5,1.66004
"cg_id_a",66145.5,0.769735
"cg_id_a",66145.5,4.07921
"cg_id_a",66145.5,1.05765
"cg_id_a",66145.5,-1.78617
"cg_id_a",66145.5,1.63135
"cg_id_a",66145.5,-0.273252
"cg_id_a",66145.5,2.80043
"cg_id_a",66145.5,-3.4489
"cg_id_a",66145.5,1.27059
"cg_id_a",66145.5,-0.965722
"cg_id_a",66145.6,0.52816
"cg_id_a",66145.6,0.39287
"cg_id_a",66145.6,1.34344
"cg_id_a",66145.6,1.05418
"cg_id_a",66145.6,1.2313
"cg_id_a",66145.6,-2.63536
"cg_id_a",66145.6,2.30516
"cg_id_a",66145.6,-0.980488
"cg_id_a",66145.6,1.76681
"cg_id_a",66145.6,-5.55909
"cg_id_a",66145.6,1.56775
"cg_id_a",66145.7,-0.436832
"cg_id_a",66145.7,-0.000701185
"cg_id_a",66145.7,0.234691
"cg_id_a",66145.7,1.01923
"cg_id_a",66145.7,2.47491
"cg_id_a",66145.7,2.276
"cg_id_a",66145.7,-3.00014
"cg_id_a",66145.7,2.30949
"cg_id_a",66145.7,-3.36431
"cg_id_a",66145.7,2.81651
"cg_id_a",66145.8,-4.32159
"cg_id_a",66145.8,0.830736
"cg_id_a",66145.8,-0.435035
"cg_id_a",66145.8,0.356351
"cg_id_a",66145.8,-1.76856
"cg_id_a",66145.8,1.0011
"cg_id_a",66145.8,-0.259024
"cg_id_a",66145.8,2.07782
"cg_id_a",66145.8,-1.94716
"cg_id_a",66145.8,0.933026
"cg_id_a",66145.8,-4.00168
"cg_id_a",66145.8,4.4693
"cg_id_a",66145.9,-3.13384
"cg_id_a",66145.9,0.0932955
"cg_id_a",66145.9,-0.970005
"cg_id_a",66145.9,0.324439
"cg_id_a",66145.9,-0.984972
"cg_id_a",66145.9,1.48786
"cg_id_a",66145.9,0.258248
"cg_id_a",66145.9,2.4335
"cg_id_a",66145.9,-1.9885
"cg_id_a",66145.9,1.67186
"cg_id_a",66146,-3.41981
"cg_id_a",66146,3.87405
"cg_id_a",66146,-2.71632
"cg_id_a",66146,0.805704
"cg_id_a",66146,-0.957798
"cg_id_a",66146,1.75685
"cg_id_a",66146,-0.96525
"cg_id_a",66146,-0.78624
"cg_id_a",66146,0.569693
"cg_id_a",66146,2.58602
"cg_id_a",66146.1,-0.762769
"cg_id_a",66146.1,1.36944
"cg_id_a",66146.1,-2.87348
"cg_id_a",66146.1,3.95472
"cg_id_a",66146.1,-2.31465
"cg_id_a",66146.1,0.720728
"cg_id_a",66146.1,0.50318
"cg_id_a",66146.1,1.27829
"cg_id_a",66146.1,0.209525
"cg_id_a",66146.1,0.781531
"cg_id_a",66146.2,2.56156
"cg_id_a",66146.2,1.20337
"cg_id_a",66146.2,-0.535094
"cg_id_a",66146.2,1.43459
"cg_id_a",66146.2,-3.02899
"cg_id_a",66146.2,4.49795
"cg_id_a",66146.2,-1.22192
"cg_id_a",66146.2,-1.01567
"cg_id_a",66146.2,0.64308
"cg_id_a",66146.2,-0.0690299
"cg_id_a",66146.3,1.4061
"cg_id_a",66146.3,-0.576439
"cg_id_a",66146.3,2.13961
"cg_id_a",66146.3,0.511892
"cg_id_a",66146.3,0.48813
"cg_id_a",66146.3,1.89388
"cg_id_a",66146.3,-2.00635
"cg_id_a",66146.3,2.6057
"cg_id_a",66146.3,-1.48713
"cg_id_a",66146.3,-2.53858
"cg_id_a",66146.4,1.1676
"cg_id_a",66146.4,0.323888
"cg_id_a",66146.4,0.0560384
"cg_id_a",66146.4,-1.56647
"cg_id_a",66146.4,1.18019
"cg_id_a",66146.4,2.01669
"cg_id_a",66146.4,0.93844
"cg_id_a",66146.4,2.75232
"cg_id_a",66146.4,-1.53392
"cg_id_a",66146.4,0.424222
"cg_id_a",66146.5,-0.712745
"cg_id_a",66146.5,0.132492
"cg_id_a",66146.5,1.27018
"cg_id_a",66146.5,0.0589361
"cg_id_a",66146.5,-0.357718
"cg_id_a",66146.5,-0.101019
"cg_id_a",66146.5,2.34128
"cg_id_a",66146.5,1.57916
"cg_id_a",66146.5,1.68273
"cg_id_a",66146.6,-0.103831
"cg_id_a",66146.6,-2.09943
"cg_id_a",66146.6,3.37232
"cg_id_a",66146.6,-0.33043
"cg_id_a",66146.6,-1.71359
"cg_id_a",66146.6,0.160055
"cg_id_a",66146.6,-3.04256
"cg_id_a",66146.6,1.63132
"cg_id_a",66146.6,0.00039344
"cg_id_a",66146.6,0.557408
"cg_id_a",66146.6,-0.267178
"cg_id_a",66146.7,2.99114
"cg_id_a",66146.7,0.612992
"cg_id_a",66146.7,-2.73254
"cg_id_a",66146.7,1.71159
"cg_id_a",66146.7,0.398993
"cg_id_a",66146.7,-2.03153
"cg_id_a",66146.7,1.60814
"cg_id_a",66146.7,-1.95922
"cg_id_a",66146.7,1.58156
"cg_id_a",66146.8,-1.65291
"cg_id_a",66146.8,1.00387
"cg_id_a",66146.8,0.251102
"cg_id_a",66146.8,1.43731
"cg_id_a",66146.8,-0.628641
"cg_id_a",66146.8,-3.00971
"cg_id_a",66146.8,1.95877
"cg_id_a",66146.8,-0.194299
"cg_id_a",66146.8,-1.81673
"cg_id_a",66146.8,0.276246
"cg_id_a",66146.9,-1.87006
"cg_id_a",66146.9,1.11163
"cg_id_a",66146.9,-1.13482
"cg_id_a",66146.9,1.13299
"cg_iq_a",66141.8,16.4256
"cg_iq_a",66141.8,13.3309
"cg_iq_a",66141.8,14.3611
"cg_iq_a",66141.8,14.9273
"cg_iq_a",66141.8,19.4714
"cg_iq_a",66141.9,15.4044
"cg_iq_a",66141.9,12.0386
"cg_iq_a",66141.9,12.53
"cg_iq_a",66141.9,19.6858
"cg_iq_a",66141.9,14.9963
"cg_iq_a",66141.9,21.8721
"cg_iq_a",66141.9,10.3512
"cg_iq_a",66141.9,17.2181
"cg_iq_a",66141.9,13.2728
"cg_iq_a",66141.9,14.8403
"cg_iq_a",66142,13.9722
"cg_iq_a",66142,19.7429
"cg_iq_a",66142,15.7619
"cg_iq_a",66142,16.0312
"cg_iq_a",66142,11.1949
"cg_iq_a",66142,18.4066
"cg_iq_a",66142,14.6096
"cg_iq_a",66142,21.1357
"cg_iq_a",66142,10.2985
"cg_iq_a",66142,18.5814
"cg_iq_a",66142.1,13.3926
"cg_iq_a",66142.1,15.9693
"cg_iq_a",66142.1,14.1099
"cg_iq_a",66142.1,20.3005
"cg_iq_a",66142.1,14.0959
"cg_iq_a",66142.1,15.2824
"cg_iq_a",66142.1,10.0305
"cg_iq_a",66142.1,17.1308
"cg_iq_a",66142.1,13.4001
"cg_iq_a",66142.1,18.9227
"cg_iq_a",66142.2,9.7796
"cg_iq_a",66142.2,17.3558
"cg_iq_a",66142.2,12.3826
"cg_iq_a",66142.2,13.8223
"cg_iq_a",66142.2,16.14
"cg_iq_a",66142.2,18.4513
"cg_iq_a",66142.2,14.555
"cg_iq_a",66142.2,14.9602
"cg_iq_a",66142.2,9.82777
"cg_iq_a",66142.2,18.2079
"cg_iq_a",66142.2,14.3907
"cg_iq_a",66142.3,21.0052
"cg_iq_a",66142.3,10.1734
"cg_iq_a",66142.3,15.3168
"cg_iq_a",66142.3,13.3039
"cg_iq_a",66142.3,14.9806
"cg_iq_a",66142.3,15.927
"cg_iq_a",66142.3,13.5865
"cg_iq_a",66142.3,13.6184
"cg_iq_a",66142.3,15.3062
"cg_iq_a",66142.4,11.0558
"cg_iq_a",66142.4,18.1173
"cg_iq_a",66142.4,13.9175
"cg_iq_a",66142.4,19.9022
"cg_iq_a",66142.4,10.8814
"cg_iq_a",66142.4,13.8661
"cg_iq_a",66142.4,12.959
"cg_iq_a",66142.4,13.6074
"cg_iq_a",66142.4,17.1209
"cg_iq_a",66142.4,14.3091
"cg_iq_a",66142.5,17.6329
"cg_iq_a",66142.5,15.0968
"cg_iq_a",66142.5,10.368
"cg_iq_a",66142.5,16.2063
"cg_iq_a",66142.5,14.9102
"cg_iq_a",66142.5,16.5118
"cg_iq_a",66142.5,11.4821
"cg_iq_a",66142.5,12.7284
"cg_iq_a",66142.5,13.3636
"cg_iq_a",66142.5,14.2633
"cg_iq_a",66142.6,18.8428
"cg_iq_a",66142.6,11.8496
"cg_iq_a",66142.6,17.7983
"cg_iq_a",66142.6,14.5939
"cg_iq_a",66142.6,11.7205
"cg_iq_a",66142.6,15.7582
"cg_iq_a",66142.6,16.2381
"cg_iq_a",66142.6,17.0625
"cg_iq_a",66142.6,14.3716
"cg_iq_a",66142.6,11.729
"cg_iq_a",66142.6,15.3101
"cg_iq_a",66142.7,14.1389
"cg_iq_a",66142.7,16.2641
"cg_iq_a",66142.7,12.3478
"cg_iq_a",66142.7,18.503
"cg_iq_a",66142.7,14.8093
"cg_iq_a",66142.7,13.2193
"cg_iq_a",66142.7,14.8506
"cg_iq_a",66142.7,16.7775
"cg_iq_a",66142.7,16.2885
"cg_iq_a",66142.8,14.1138
"cg_iq_a",66142.8,11.1464
"cg_iq_a",66142.8,15.7775
"cg_iq_a",66142.8,13.9987
"cg_iq_a",66142.8,19.7009
"cg_iq_a",66142.8,11.5152
"cg_iq_a",66142.8,20.852
"cg_iq_a",66142.8,15.4014
"cg_iq_a",66142.8,13.4852
"cg_iq_a",66142.8,15.2493
"cg_iq_a",66142.9,14.3733
"cg_iq_a",66142.9,14.6744
"cg_iq_a",66142.9,12.8242
"cg_iq_a",66142.9,10.6456
"cg_iq_a",66142.9,15.5881
"cg_iq_a",66142.9,13.4493
"cg_iq_a",66142.9,20.2407
"cg_iq_a",66142.9,11.109
"cg_iq_a",66142.9,18.2783
"cg_iq_a",66142.9,15.5216
"cg_iq_a",66143,13.9055
"cg_iq_a",66143,14.7004
"cg_iq_a",66143,16.6273
"cg_iq_a",66143,15.0523
"cg_iq_a",66143,16.1796
"cg_iq_a",66143,10.2445
"cg_iq_a",66143,14.1879
"cg_iq_a",66143,13.6416
"cg_iq_a",66143,17.8299
"cg_iq_a",66143,9.5396
"cg_iq_a",66143,18.8384
"cg_iq_a",66143.1,14.2253
"cg_iq_a",66143.1,14.6833
"cg_iq_a",66143.1,15.3848
"cg_iq_a",66143.1,15.6384
"cg_iq_a",66143.1,16.1318
"cg_iq_a",66143.1,15.762
"cg_iq_a",66143.1,9.40577
"cg_iq_a",66143.1,14.4468
"cg_iq_a",66143.1,14.6072
"cg_iq_a",66143.1,17.2829
"cg_iq_a",66143.2,12.0372
"cg_iq_a",66143.2,20.2379
"cg_iq_a",66143.2,14.6219
"cg_iq_a",66143.2,13.1567
"cg_iq_a",66143.2,14.935
"cg_iq_a",66143.2,12.0171
"cg_iq_a",66143.2,16.754
"cg_iq_a",66143.2,15.6945
"cg_iq_a",66143.2,10.6834
"cg_iq_a",66143.2,11.9721
"cg_iq_a",66143.3,14.8808
"cg_iq_a",66143.3,19.5842
"cg_iq_a",66143.3,11.1819
"cg_iq_a",66143.3,15.9515
"cg_iq_a",66143.3,14.0648
"cg_iq_a",66143.3,13.7842
"cg_iq_a",66143.3,17.4804
"cg_iq_a",66143.3,14.1394
"cg_iq_a",66143.3,19.9831
"cg_iq_a",66143.4,15.9743
"cg_iq_a",66143.4,11.8468
"cg_iq_a",66143.4,14.6928
"cg_iq_a",66143.4,14.8752
"cg_iq_a",66143.4,15.5209
"cg_iq_a",66143.4,13.045
"cg_iq_a",66143.4,15.8416
"cg_iq_a",66143.4,13.606
"cg_iq_a",66143.4,12.9527
"cg_iq_a",66143.4,20.3969
"cg_iq_a",66143.5,12.6237
"cg_iq_a",66143.5,18.0683
"cg_iq_a",66143.5,15.6601
"cg_iq_a",66143.5,10.7729
"cg_iq_a",66143.5,12.1209
"cg_iq_a",66143.5,18.8119
"cg_iq_a",66143.5,16.2401
"cg_iq_a",66143.5,14.2723
"cg_iq_a",66143.5,14.9103
"cg_iq_a",66143.5,18.1415
"cg_iq_a",66143.6,11.581
"cg_iq_a",66143.6,22.8162
"cg_iq_a",66143.6,11.7321
"cg_iq_a",66143.6,20.7647
"cg_iq_a",66143.6,15.3987
"cg_iq_a",66143.6,15.1888
"cg_iq_a",66143.6,13.7751
"cg_iq_a",66143.6,17.5373
"cg_iq_a",66143.6,14.4896
"cg_iq_a",66143.6,15.7458
"cg_iq_a",66143.6,12.4663
"cg_iq_a",66143.7,16.9105
"cg_iq_a",66143.7,12.7535
"cg_iq_a",66143.7,17.8426
"cg_iq_a",66143.7,11.2509
"cg_iq_a",66143.7,22.8291
"cg_iq_a",66143.7,15.7119
"cg_iq_a",66143.7,14.3529
"cg_iq_a",66143.7,11.6542
"cg_iq_a",66143.7,19.3823
"cg_iq_a",66143.8,13.309
"cg_iq_a",66143.8,17.9492
"cg_iq_a",66143.8,13.0386
"cg_iq_a",66143.8,18.1967
"cg_iq_a",66143.8,12.7906
"cg_iq_a",66143.8,19.0258
"cg_iq_a",66143.8,11.2743
"cg_iq_a",66143.8,22.1209
"cg_iq_a",66143.8,14.5795
"cg_iq_a",66143.8,15.3554
"cg_iq_a",66143.9,13.036
"cg_iq_a",66143.9,17.1987
"cg_iq_a",66143.9,13.9501
"cg_iq_a",66143.9,17.3391
"cg_iq_a",66143.9,11.104
"cg_iq_a",66143.9,19.4231
"cg_iq_a",66143.9,11.5771
"cg_iq_a",66143.9,20.0152
"cg_iq_a",66143.9,11.5323
"cg_iq_a",66143.9,22.2738
"cg_iq_a",66144,14.3238
"cg_iq_a",66144,16.3108
"cg_iq_a",66144,11.5913
"cg_iq_a",66144,16.6808
"cg_iq_a",66144,14.6429
"cg_iq_a",66144,18.1752
"cg_iq_a",66144,11.9502
"cg_iq_a",66144,17.2137
"cg_iq_a",66144,12.8358
"cg_iq_a",66144,18.2244
"cg_iq_a",66144.1,11.7974
"cg_iq_a",66144.1,20.7824
"cg_iq_a",66144.1,15.4478
"cg_iq_a",66144.1,14.9486
"cg_iq_a",66144.1,13.2952
"cg_iq_a",66144.1,15.0264
"cg_iq_a",66144.1,16.0756
"cg_iq_a",66144.1,17.3131
"cg_iq_a",66144.1,11.4863
"cg_iq_a",66144.1,16.4675
"cg_iq_a",66144.2,14.1914
"cg_iq_a",66144.2,15.5568
"cg_iq_a",66144.2,12.3905
"cg_iq_a",66144.2,23.049
"cg_iq_a",66144.2,14.0658
"cg_iq_a",66144.2,14.9852
"cg_iq_a",66144.2,13.6071
"cg_iq_a",66144.2,13.8583
"cg_iq_a",66144.2,15.2612
"cg_iq_a",66144.2,17.4745
"cg_iq_a",66144.2,11.7
"cg_iq_a",66144.3,17.7557
"cg_iq_a",66144.3,15.2782
"cg_iq_a",66144.3,18.0053
"cg_iq_a",66144.3,10.6648
"cg_iq_a",66144.3,17.5104
"cg_iq_a",66144.3,16.2898
"cg_iq_a",66144.3,14.2691
"cg_iq_a",66144.3,13.6141
"cg_iq_a",66144.3,11.4912
"cg_iq_a",66144.4,14.9737
"cg_iq_a",66144.4,17.23
"cg_iq_a",66144.4,14.1167
"cg_iq_a",66144.4,17.3964
"cg_iq_a",66144.4,14.0871
"cg_iq_a",66144.4,16.434
"cg_iq_a",66144.4,14.8663
"cg_iq_a",66144.4,16.3458
"cg_iq_a",66144.4,16.4382
"cg_iq_a",66144.4,14.7398
"cg_iq_a",66144.5,15.7296
"cg_iq_a",66144.5,10.4626
"cg_iq_a",66144.5,16.5759
"cg_iq_a",66144.5,16.5022
"cg_iq_a",66144.5,11.8407
"cg_iq_a",66144.5,15.3066
"cg_iq_a",66144.5,16.325
"cg_iq_a",66144.5,16.5237
"cg_iq_a",66144.5,16.7592
"cg_iq_a",66144.5,16.3757
"cg_iq_a",66144.6,16.1843
"cg_iq_a",66144.6,14.0634
"cg_iq_a",66144.6,15.309
"cg_iq_a",66144.6,10.7846
"cg_iq_a",66144.6,16.3152
"cg_iq_a",66144.6,16.0107
"cg_iq_a",66144.6,15.0975
"cg_iq_a",66144.6,15.1749
"cg_iq_a",66144.6,15.1865
"cg_iq_a",66144.6,15.5746
"cg_iq_a",66144.6,16.5054
"cg_iq_a",66144.7,14.1033
"cg_iq_a",66144.7,19.1816
"cg_iq_a",66144.7,13.8246
"cg_iq_a",66144.7,14.9909
"cg_iq_a",66144.7,10.7232
"cg_iq_a",66144.8,19.1485
"cg_iq_a",66144.8,15.3125
"cg_iq_a",66144.8,17.3606
"cg_iq_a",66144.8,14.8117
"cg_iq_a",66144.8,14.3206
"cg_iq_a",66144.8,15.2662
"cg_iq_a",66144.8,16.5815
"cg_iq_a",66144.8,12.9219
"cg_iq_a",66144.9,17.0623
"cg_iq_a",66144.9,13.4568
"cg_iq_a",66144.9,17.8048
"cg_iq_a",66144.9,9.93102
"cg_iq_a",66144.9,17.41
"cg_iq_a",66144.9,14.6836
"cg_iq_a",66145,13.0405
"cg_iq_a",66145,14.5316
"cg_iq_a",66145,13.2194
"cg_iq_a",66145,14.4761
"cg_iq_a",66145,14.2341
"cg_iq_a",66145,15.0221
"cg_iq_a",66145,10.0008
"cg_iq_a",66145.1,17.1518
"cg_iq_a",66145.1,16.2528
"cg_iq_a",66145.1,16.0853
"cg_iq_a",66145.1,14.1765
"cg_iq_a",66145.1,16.3988
"cg_iq_a",66145.1,11.4841
"cg_iq_a",66145.1,16.7632
"cg_iq_a",66145.2,15.5101
"cg_iq_a",66145.2,15.186
"cg_iq_a",66145.2,14.7826
"cg_iq_a",66145.2,15.867
"cg_iq_a",66145.2,12.8042
"cg_iq_a",66145.2,16.5221
"cg_iq_a",66145.2,16.0242
"cg_iq_a",66145.2,13.8698
"cg_iq_a",66145.2,13.4463
"cg_iq_a",66145.3,17.1353
"cg_iq_a",66145.3,16.221
"cg_iq_a",66145.3,14.4333
"cg_iq_a",66145.3,15.9078
"cg_iq_a",66145.3,11.2163
"cg_iq_a",66145.3,18.8178
"cg_iq_a",66145.3,16.2597
"cg_iq_a",66145.3,12.7364
"cg_iq_a",66145.3,14.583
"cg_iq_a",66145.3,15.134
"cg_iq_a",66145.4,14.3577
"cg_iq_a",66145.4,14.9801
"cg_iq_a",66145.4,13.7287
"cg_iq_a",66145.4,16.1653
"cg_iq_a",66145.4,14.0985
"cg_iq_a",66145.4,17.0225
"cg_iq_a",66145.4,10.2873
"cg_iq_a",66145.4,20.7794
"cg_iq_a",66145.4,16.4753
"cg_iq_a",66145.4,14.1938
"cg_iq_a",66145.4,16.3691
"cg_iq_a",66145.5,18.2945
"cg_iq_a",66145.5,13.2132
"cg_iq_a",66145.5,15.7358
"cg_iq_a",66145.5,13.8375
"cg_iq_a",66145.5,17.8213
"cg_iq_a",66145.5,14.2069
"cg_iq_a",66145.5,20.3355
"cg_iq_a",66145.5,10.2743
"cg_iq_a",66145.5,21.1804
"cg_iq_a",66145.5,16.6248
"cg_iq_a",66145.5,13.3993
"cg_iq_a",66145.5,14.57
"cg_iq_a",66145.6,18.4794
"cg_iq_a",66145.6,12.9036
"cg_iq_a",66145.6,16.7523
"cg_iq_a",66145.6,13.7034
"cg_iq_a",66145.6,20.1148
"cg_iq_a",66145.6,14.9289
"cg_iq_a",66145.6,20.8442
"cg_iq_a",66145.6,9.54059
"cg_iq_a",66145.6,19.7649
"cg_iq_a",66145.6,16.3982
"cg_iq_a",66145.6,17.5218
"cg_iq_a",66145.7,13.5603
"cg_iq_a",66145.7,17.5003
"cg_iq_a",66145.7,13.5678
"cg_iq_a",66145.7,17.3317
"cg_iq_a",66145.7,11.6642
"cg_iq_a",66145.7,20.1059
"cg_iq_a",66145.7,13.2028
"cg_iq_a",66145.7,18.4695
"cg_iq_a",66145.7,9.59906
"cg_iq_a",66145.7,20.7537
"cg_iq_a",66145.8,15.1704
"cg_iq_a",66145.8,17.8677
"cg_iq_a",66145.8,13.8117
"cg_iq_a",66145.8,15.5765
"cg_iq_a",66145.8,11.7451
"cg_iq_a",66145.8,16.2113
"cg_iq_a",66145.8,10.6374
"cg_iq_a",66145.8,20.5715
"cg_iq_a",66145.8,14.3372
"cg_iq_a",66145.8,19.3201
"cg_iq_a",66145.8,10.3064
"cg_iq_a",66145.8,18.5534
"cg_iq_a",66145.9,14.7951
"cg_iq_a",66145.9,16.6625
"cg_iq_a",66145.9,14.2521
"cg_iq_a",66145.9,13.6518
"cg_iq_a",66145.9,12.9356
"cg_iq_a",66145.9,15.9956
"cg_iq_a",66145.9,11.1949
"cg_iq_a",66145.9,18.5774
"cg_iq_a",66145.9,15.1862
"cg_iq_a",66145.9,19.969
"cg_iq_a",66146,9.69075
"cg_iq_a",66146,17.5217
"cg_iq_a",66146,15.5976
"cg_iq_a",66146,16.7265
"cg_iq_a",66146,15.7633
"cg_iq_a",66146,16.8213
"cg_iq_a",66146,11.612
"cg_iq_a",66146,15.2975
"cg_iq_a",66146,13.7059
"cg_iq_a",66146,17.9508
"cg_iq_a",66146.1,16.7814
"cg_iq_a",66146.1,17.6632
"cg_iq_a",66146.1,10.3594
"cg_iq_a",66146.1,16.2364
"cg_iq_a",66146.1,16.8537
"cg_iq_a",66146.1,16.9128
"cg_iq_a",66146.1,17.6794
"cg_iq_a",66146.1,13.7857
"cg_iq_a",66146.1,14.8765
"cg_iq_a",66146.1,15.1639
"cg_iq_a",66146.2,11.6293
"cg_iq_a",66146.2,16.2353
"cg_iq_a",66146.2,15.0156
"cg_iq_a",66146.2,16.4518
"cg_iq_a",66146.2,11.1564
"cg_iq_a",66146.2,17.4205
"cg_iq_a",66146.2,18.6966
"cg_iq_a",66146.2,14.8694
"cg_iq_a",66146.2,16.7245
"cg_iq_a",66146.2,9.43636
"cg_iq_a",66146.3,13.6364
"cg_iq_a",66146.3,14.4414
"cg_iq_a",66146.3,13.5058
"cg_iq_a",66146.3,15.4497
"cg_iq_a",66146.3,17.812
"cg_iq_a",66146.3,17.7008
"cg_iq_a",66146.3,15.6317
"cg_iq_a",66146.3,13.205
"cg_iq_a",66146.3,19.2026
"cg_iq_a",66146.3,16.7911
"cg_iq_a",66146.4,17.5587
"cg_iq_a",66146.4,11.5627
"cg_iq_a",66146.4,17.5454
"cg_iq_a",66146.4,13.4791
"cg_iq_a",66146.4,16.5688
"cg_iq_a",66146.4,15.996
"cg_iq_a",66146.4,19.7723
"cg_iq_a",66146.4,16.2923
"cg_iq_a",66146.4,13.9763
"cg_iq_a",66146.4,12.6023
"cg_iq_a",66146.5,19.2604
"cg_iq_a",66146.5,14.4726
"cg_iq_a",66146.5,20.3295
"cg_iq_a",66146.5,10.9354
"cg_iq_a",66146.5,17.5113
"cg_iq_a",66146.5,14.3011
"cg_iq_a",66146.5,13.5294
"cg_iq_a",66146.5,15.9291
"cg_iq_a",66146.5,17.7998
"cg_iq_a",66146.6,14.8427
"cg_iq_a",66146.6,15.0904
"cg_iq_a",66146.6,12.7139
"cg_iq_a",66146.6,19.6967
"cg_iq_a",66146.6,14.7924
"cg_iq_a",66146.6,19.6435
"cg_iq_a",66146.6,9.44921
"cg_iq_a",66146.6,16.6241
"cg_iq_a",66146.6,13.6794
"cg_iq_a",66146.6,15.7106
"cg_iq_a",66146.6,14.8367
"cg_iq_a",66146.7,18.9626
"cg_iq_a",66146.7,14.7281
"cg_iq_a",66146.7,15.6809
"cg_iq_a",66146.7,11.6137
"cg_iq_a",66146.7,20.0729
"cg_iq_a",66146.7,15.0832
"cg_iq_a",66146.7,20.4738
"cg_iq_a",66146.7,10.1353
"cg_iq_a",66146.7,15.3445
"cg_iq_a",66146.8,13.8855
"cg_iq_a",66146.8,14.1483
"cg_iq_a",66146.8,14.3709
"cg_iq_a",66146.8,17.1892
"cg_iq_a",66146.8,14.0964
"cg_iq_a",66146.8,15.3969
"cg_iq_a",66146.8,11.1499
"cg_iq_a",66146.8,20.6588
"cg_iq_a",66146.8,17.1369
"cg_iq_a",66146.8,18.1308
"cg_iq_a",66146.9,10.5465
"cg_iq_a",66146.9,15.9235
"cg_iq_a",66146.9,13.6609
"cg_iq_a",66146.9,15.9929
"cg_iq_a",66146.9,15.0358
"cg_iq_a",66146.9,15.799
"cg_iq_a",66146.9,13.3894
"cg_vd_v",66141.8,-3.48911
"cg_vd_v",66141.8,-3.46412
"cg_vd_v",66141.9,-3.42024
"cg_vd_v",66141.9,-3.28708
"cg_vd_v",66141.9,-3.42493
"cg_vd_v",66141.9,-3.39471
"cg_vd_v",66141.9,-3.18554
"cg_vd_v",66141.9,-3.42303
"cg_vd_v",66141.9,-3.1852
"cg_vd_v",66141.9,-3.32371
"cg_vd_v",66141.9,-3.27562
"cg_vd_v",66141.9,-3.36521
"cg_vd_v",66142,-3.37304
"cg_vd_v",66142,-3.44578
"cg_vd_v",66142,-3.45468
"cg_vd_v",66142,-3.30671
"cg_vd_v",66142,-3.46256
"cg_vd_v",66142,-3.44758
"cg_vd_v",66142,-3.21789
"cg_vd_v",66142,-3.34614
"cg_vd_v",66142,-3.13998
"cg_vd_v",66142,-3.37063
"cg_vd_v",66142.1,-3.21454
"cg_vd_v",66142.1,-3.37162
"cg_vd_v",66142.1,-3.41339
"cg_vd_v",66142.1,-3.51677
"cg_vd_v",66142.1,-3.37829
"cg_vd_v",66142.1,-3.20541
"cg_vd_v",66142.1,-3.41862
"cg_vd_v",66142.1,-3.38131
"cg_vd_v",66142.1,-3.23143
"cg_vd_v",66142.1,-3.36427
"cg_vd_v",66142.2,-3.13427
"cg_vd_v",66142.2,-3.33913
"cg_vd_v",66142.2,-3.21334
"cg_vd_v",66142.2,-3.38729
"cg_vd_v",66142.2,-3.38822
"cg_vd_v",66142.2,-3.50307
"cg_vd_v",66142.2,-3.42542
"cg_vd_v",66142.2,-3.2288
"cg_vd_v",66142.2,-3.38286
"cg_vd_v",66142.2,-3.39506
"cg_vd_v",66142.2,-3.2336
"cg_vd_v",66142.3,-3.38104
"cg_vd_v",66142.3,-3.13499
"cg_vd_v",66142.3,-3.3178
"cg_vd_v",66142.3,-3.23801
"cg_vd_v",66142.3,-3.35487
"cg_vd_v",66142.3,-3.42682
"cg_vd_v",66142.3,-3.42944
"cg_vd_v",66142.3,-3.35776
"cg_vd_v",66142.3,-3.29261
"cg_vd_v",66142.4,-3.38182
"cg_vd_v",66142.4,-3.38096
"cg_vd_v",66142.4,-3.27863
"cg_vd_v",66142.4,-3.41544
"cg_vd_v",66142.4,-3.18616
"cg_vd_v",66142.4,-3.31528
"cg_vd_v",66142.4,-3.28543
"cg_vd_v",66142.4,-3.37113
"cg_vd_v",66142.4,-3.47417
"cg_vd_v",66142.4,-3.41902
"cg_vd_v",66142.5,-3.40735
"cg_vd_v",66142.5,-3.27357
"cg_vd_v",66142.5,-3.39051
"cg_vd_v",66142.5,-3.45427
"cg_vd_v",66142.5,-3.2969
"cg_vd_v",66142.5,-3.35495
"cg_vd_v",66142.5,-3.21667
"cg_vd_v",66142.5,-3.30873
"cg_vd_v",66142.5,-3.34498
"cg_vd_v",66142.5,-3.361
"cg_vd_v",66142.6,-3.47907
"cg_vd_v",66142.6,-3.41805
"cg_vd_v",66142.6,-3.38734
"cg_vd_v",66142.6,-3.27082
"cg_vd_v",66142.6,-3.44702
"cg_vd_v",66142.6,-3.38157
"cg_vd_v",66142.6,-3.36054
"cg_vd_v",66142.6,-3.40201
"cg_vd_v",66142.6,-3.14799
"cg_vd_v",66142.6,-3.2977
"cg_vd_v",66142.6,-3.40961
"cg_vd_v",66142.7,-3.36145
"cg_vd_v",66142.7,-3.53869
"cg_vd_v",66142.7,-3.44028
"cg_vd_v",66142.7,-3.47058
"cg_vd_v",66142.7,-3.2343
"cg_vd_v",66142.7,-3.47555
"cg_vd_v",66142.7,-3.39687
"cg_vd_v",66142.7,-3.32228
"cg_vd_v",66142.7,-3.39214
"cg_vd_v",66142.8,-3.22241
"cg_vd_v",66142.8,-3.2897
"cg_vd_v",66142.8,-3.33368
"cg_vd_v",66142.8,-3.33804
"cg_vd_v",66142.8,-3.50586
"cg_vd_v",66142.8,-3.30465
"cg_vd_v",66142.8,-3.47988
"cg_vd_v",66142.8,-3.27161
"cg_vd_v",66142.8,-3.40365
"cg_vd_v",66142.8,-3.4011
"cg_vd_v",66142.9,-3.3955
"cg_vd_v",66142.9,-3.31365
"cg_vd_v",66142.9,-3.32722
"cg_vd_v",66142.9,-3.24793
"cg_vd_v",66142.9,-3.39756
"cg_vd_v",66142.9,-3.25094
"cg_vd_v",66142.9,-3.51931
"cg_vd_v",66142.9,-3.36516
"cg_vd_v",66142.9,-3.51343
"cg_vd_v",66142.9,-3.23994
"cg_vd_v",66143,-3.39365
"cg_vd_v",66143,-3.389
"cg_vd_v",66143,-3.31499
"cg_vd_v",66143,-3.32322
"cg_vd_v",66143,-3.18314
"cg_vd_v",66143,-3.23094
"cg_vd_v",66143,-3.34943
"cg_vd_v",66143,-3.28309
"cg_vd_v",66143,-3.46252
"cg_vd_v",66143,-3.32143
"cg_vd_v",66143,-3.52735
"cg_vd_v",66143.1,-3.27371
"cg_vd_v",66143.1,-3.39295
"cg_vd_v",66143.1,-3.394
"cg_vd_v",66143.1,-3.322
"cg_vd_v",66143.1,-3.32242
"cg_vd_v",66143.1,-3.16814
"cg_vd_v",66143.1,-3.25857
"cg_vd_v",66143.1,-3.39215
"cg_vd_v",66143.1,-3.31312
"cg_vd_v",66143.1,-3.46852
"cg_vd_v",66143.2,-3.30672
"cg_vd_v",66143.2,-3.51957
"cg_vd_v",66143.2,-3.29189
"cg_vd_v",66143.2,-3.33795
"cg_vd_v",66143.2,-3.40393
"cg_vd_v",66143.2,-3.29614
"cg_vd_v",66143.2,-3.36226
"cg_vd_v",66143.2,-3.15877
"cg_vd_v",66143.2,-3.22589
"cg_vd_v",66143.2,-3.36991
"cg_vd_v",66143.3,-3.34387
"cg_vd_v",66143.3,-3.49828
"cg_vd_v",66143.3,-3.36418
"cg_vd_v",66143.3,-3.51807
"cg_vd_v",66143.3,-3.33878
"cg_vd_v",66143.3,-3.34639
"cg_vd_v",66143.3,-3.48227
"cg_vd_v",66143.3,-3.32012
"cg_vd_v",66143.3,-3.3154
"cg_vd_v",66143.4,-3.21205
"cg_vd_v",66143.4,-3.28223
"cg_vd_v",66143.4,-3.37169
"cg_vd_v",66143.4,-3.35994
"cg_vd_v",66143.4,-3.45109
"cg_vd_v",66143.4,-3.34394
"cg_vd_v",66143.4,-3.52097
"cg_vd_v",66143.4,-3.42407
"cg_vd_v",66143.4,-3.37301
"cg_vd_v",66143.4,-3.50388
"cg_vd_v",66143.5,-3.36822
"cg_vd_v",66143.5,-3.34156
"cg_vd_v",66143.5,-3.2723
"cg_vd_v",66143.5,-3.26156
"cg_vd_v",66143.5,-3.39047
"cg_vd_v",66143.5,-3.44692
"cg_vd_v",66143.5,-3.5222
"cg_vd_v",66143.5,-3.42311
"cg_vd_v",66143.5,-3.51922
"cg_vd_v",66143.5,-3.40118
"cg_vd_v",66143.6,-3.27462
"cg_vd_v",66143.6,-3.44346
"cg_vd_v",66143.6,-3.3543
"cg_vd_v",66143.6,-3.32523
"cg_vd_v",66143.6,-3.21364
"cg_vd_v",66143.6,-3.28365
"cg_vd_v",66143.6,-3.32456
"cg_vd_v",66143.6,-3.42667
"cg_vd_v",66143.6,-3.46105
"cg_vd_v",66143.6,-3.41427
"cg_vd_v",66143.6,-3.41384
"cg_vd_v",66143.7,-3.41775
"cg_vd_v",66143.7,-3.33486
"cg_vd_v",66143.7,-3.50059
"cg_vd_v",66143.7,-3.31842
"cg_vd_v",66143.7,-3.37138
"cg_vd_v",66143.7,-3.1479
"cg_vd_v",66143.7,-3.39404
"cg_vd_v",66143.7,-3.34383
"cg_vd_v",66143.7,-3.47161
"cg_vd_v",66143.8,-3.34079
"cg_vd_v",66143.8,-3.32705
"cg_vd_v",66143.8,-3.47179
"cg_vd_v",66143.8,-3.41709
"cg_vd_v",66143.8,-3.27296
"cg_vd_v",66143.8,-3.48432
"cg_vd_v",66143.8,-3.30088
"cg_vd_v",66143.8,-3.40502
"cg_vd_v",66143.8,-3.19683
"cg_vd_v",66143.8,-3.28506
"cg_vd_v",66143.9,-3.31315
"cg_vd_v",66143.9,-3.44381
"cg_vd_v",66143.9,-3.34896
"cg_vd_v",66143.9,-3.40454
"cg_vd_v",66143.9,-3.40721
"cg_vd_v",66143.9,-3.41
"cg_vd_v",66143.9,-3.29761
"cg_vd_v",66143.9,-3.45533
"cg_vd_v",66143.9,-3.20348
"cg_vd_v",66143.9,-3.40212
"cg_vd_v",66144,-3.20153
"cg_vd_v",66144,-3.30928
"cg_vd_v",66144,-3.29825
"cg_vd_v",66144,-3.42411
"cg_vd_v",66144,-3.38094
"cg_vd_v",66144,-3.39096
"cg_vd_v",66144,-3.37437
"cg_vd_v",66144,-3.394
"cg_vd_v",66144,-3.23829
"cg_vd_v",66144,-3.49622
"cg_vd_v",66144.1,-3.25786
"cg_vd_v",66144.1,-3.46597
"cg_vd_v",66144.1,-3.22434
"cg_vd_v",66144.1,-3.28517
"cg_vd_v",66144.1,-3.28796
"cg_vd_v",66144.1,-3.41169
"cg_vd_v",66144.1,-3.40365
"cg_vd_v",66144.1,-3.38137
"cg_vd_v",66144.1,-3.3877
"cg_vd_v",66144.1,-3.43572
"cg_vd_v",66144.2,-3.2981
"cg_vd_v",66144.2,-3.50564
"cg_vd_v",66144.2,-3.25465
"cg_vd_v",66144.2,-3.52772
"cg_vd_v",66144.2,-3.17214
"cg_vd_v",66144.2,-3.19216
"cg_vd_v",66144.2,-3.27674
"cg_vd_v",66144.2,-3.42884
"cg_vd_v",66144.2,-3.39022
"cg_vd_v",66144.2,-3.39974
"cg_vd_v",66144.2,-3.39009
"cg_vd_v",66144.3,-3.44066
"cg_vd_v",66144.3,-3.32154
"cg_vd_v",66144.3,-3.47638
"cg_vd_v",66144.3,-3.15734
"cg_vd_v",66144.3,-3.46225
"cg_vd_v",66144.3,-3.26063
"cg_vd_v",66144.3,-3.23316
"cg_vd_v",66144.3,-3.3377
"cg_vd_v",66144.3,-3.40524
"cg_vd_v",66144.4,-3.40762
"cg_vd_v",66144.4,-3.33656
"cg_vd_v",66144.4,-3.41814
"cg_vd_v",66144.4,-3.43277
"cg_vd_v",66144.4,-3.3375
"cg_vd_v",66144.4,-3.46029
"cg_vd_v",66144.4,-3.30116
"cg_vd_v",66144.4,-3.45366
"cg_vd_v",66144.4,-3.25771
"cg_vd_v",66144.4,-3.2082
"cg_vd_v",66144.5,-3.39092
"cg_vd_v",66144.5,-3.35134
"cg_vd_v",66144.5,-3.39217
"cg_vd_v",66144.5,-3.39925
"cg_vd_v",66144.5,-3.41236
"cg_vd_v",66144.5,-3.46066
"cg_vd_v",66144.5,-3.35973
"cg_vd_v",66144.5,-3.49922
"cg_vd_v",66144.5,-3.2219
"cg_vd_v",66144.5,-3.45298
"cg_vd_v",66144.6,-3.33606
"cg_vd_v",66144.6,-3.15676
"cg_vd_v",66144.6,-3.42312
"cg_vd_v",66144.6,-3.32059
"cg_vd_v",66144.6,-3.50705
"cg_vd_v",66144.6,-3.38832
"cg_vd_v",66144.6,-3.45742
"cg_vd_v",66144.6,-3.39095
"cg_vd_v",66144.6,-3.36471
"cg_vd_v",66144.6,-3.48138
"cg_vd_v",66144.6,-3.20626
"cg_vd_v",66144.7,-3.46502
"cg_vd_v",66144.7,-3.2938
"cg_vd_v",66144.7,-3.12657
"cg_vd_v",66144.7,-3.37981
"cg_vd_v",66144.7,-3.37179
"cg_vd_v",66144.8,-3.4963
"cg_vd_v",66144.8,-3.32429
"cg_vd_v",66144.8,-3.37417
"cg_vd_v",66144.8,-3.43998
"cg_vd_v",66144.8,-3.34368
"cg_vd_v",66144.8,-3.43113
"cg_vd_v",66144.8,-3.20462
"cg_vd_v",66144.8,-3.43211
"cg_vd_v",66144.9,-3.27775
"cg_vd_v",66144.9,-3.20995
"cg_vd_v",66144.9,-3.4278
"cg_vd_v",66144.9,-3.33071
"cg_vd_v",66144.9,-3.46825
"cg_vd_v",66144.9,-3.3377
"cg_vd_v",66145,-3.37364
"cg_vd_v",66145,-3.40863
"cg_vd_v",66145,-3.33977
"cg_vd_v",66145,-3.41259
"cg_vd_v",66145,-3.14283
"cg_vd_v",66145,-3.33947
"cg_vd_v",66145,-3.25859
"cg_vd_v",66145.1,-3.51448
"cg_vd_v",66145.1,-3.34195
"cg_vd_v",66145.1,-3.41235
"cg_vd_v",66145.1,-3.40523
"cg_vd_v",66145.1,-3.26613
"cg_vd_v",66145.1,-3.32115
"cg_vd_v",66145.1,-3.33453
"cg_vd_v",66145.2,-3.2232
"cg_vd_v",66145.2,-3.4967
"cg_vd_v",66145.2,-3.47283
"cg_vd_v",66145.2,-3.25148
"cg_vd_v",66145.2,-3.37573
"cg_vd_v",66145.2,-3.36594
"cg_vd_v",66145.2,-3.24896
"cg_vd_v",66145.2,-3.32546
"cg_vd_v",66145.2,-3.34828
"cg_vd_v",66145.3,-3.46101
"cg_vd_v",66145.3,-3.46721
"cg_vd_v",66145.3,-3.40926
"cg_vd_v",66145.3,-3.44763
"cg_vd_v",66145.3,-3.3129
"cg_vd_v",66145.3,-3.46006
"cg_vd_v",66145.3,-3.26221
"cg_vd_v",66145.3,-3.39521
"cg_vd_v",66145.3,-3.355
"cg_vd_v",66145.3,-3.2901
"cg_vd_v",66145.4,-3.35881
"cg_vd_v",66145.4,-3.36553
"cg_vd_v",66145.4,-3.43334
"cg_vd_v",66145.4,-3.44102
"cg_vd_v",66145.4,-3.35459
"cg_vd_v",66145.4,-3.48344
"cg_vd_v",66145.4,-3.35424
"cg_vd_v",66145.4,-3.50595
"cg_vd_v",66145.4,-3.29603
"cg_vd_v",66145.4,-3.47132
"cg_vd_v",66145.4,-3.35768
"cg_vd_v",66145.5,-3.30093
"cg_vd_v",66145.5,-3.34507
"cg_vd_v",66145.5,-3.33706
"cg_vd_v",66145.5,-3.51497
"cg_vd_v",66145.5,-3.46422
"cg_vd_v",66145.5,-3.31782
"cg_vd_v",66145.5,-3.49143
"cg_vd_v",66145.5,-3.32278
"cg_vd_v",66145.5,-3.49941
"cg_vd_v",66145.5,-3.25246
"cg_vd_v",66145.5,-3.37939
"cg_vd_v",66145.5,-3.31429
"cg_vd_v",66145.6,-3.29886
"cg_vd_v",66145.6,-3.28301
"cg_vd_v",66145.6,-3.36131
"cg_vd_v",66145.6,-3.38941
"cg_vd_v",66145.6,-3.46568
"cg_vd_v",66145.6,-3.28516
"cg_vd_v",66145.6,-3.51826
"cg_vd_v",66145.6,-3.30648
"cg_vd_v",66145.6,-3.46121
"cg_vd_v",66145.6,-3.1767
"cg_vd_v",66145.6,-3.38378
"cg_vd_v",66145.7,-3.33427
"cg_vd_v",66145.7,-3.26922
"cg_vd_v",66145.7,-3.27774
"cg_vd_v",66145.7,-3.3435
"cg_vd_v",66145.7,-3.44984
"cg_vd_v",66145.7,-3.51162
"cg_vd_v",66145.7,-3.27781
"cg_vd_v",66145.7,-3.52584
"cg_vd_v",66145.7,-3.21674
"cg_vd_v",66145.7,-3.49215
"cg_vd_v",66145.8,-3.23085
"cg_vd_v",66145.8,-3.3501
"cg_vd_v",66145.8,-3.33445
"cg_vd_v",66145.8,-3.28418
"cg_vd_v",66145.8,-3.18871
"cg_vd_v",66145.8,-3.33877
"cg_vd_v",66145.8,-3.33585
"cg_vd_v",66145.8,-3.50042
"cg_vd_v",66145.8,-3.32282
"cg_vd_v",66145.8,-3.46529
"cg_vd_v",66145.8,-3.1979
"cg_vd_v",66145.8,-3.5565
"cg_vd_v",66145.9,-3.28615
"cg_vd_v",66145.9,-3.3266
"cg_vd_v",66145.9,-3.31809
"cg_vd_v",66145.9,-3.28763
"cg_vd_v",66145.9,-3.24391
"cg_vd_v",66145.9,-3.37154
"cg_vd_v",66145.9,-3.35879
"cg_vd_v",66145.9,-3.51981
"cg_vd_v",66145.9,-3.31752
"cg_vd_v",66145.9,-3.48523
"cg_vd_v",66146,-3.2084
"cg_vd_v",66146,-3.52188
"cg_vd_v",66146,-3.30197
"cg_vd_v",66146,-3.35011
"cg_vd_v",66146,-3.31591
"cg_vd_v",66146,-3.34007
"cg_vd_v",66146,-3.22938
"cg_vd_v",66146,-3.2656
"cg_vd_v",66146,-3.36521
"cg_vd_v",66146,-3.52034
"cg_vd_v",66146.1,-3.36965
"cg_vd_v",66146.1,-3.48253
"cg_vd_v",66146.1,-3.23963
"cg_vd_v",66146.1,-3.51714
"cg_vd_v",66146.1,-3.31552
"cg_vd_v",66146.1,-3.33758
"cg_vd_v",66146.1,-3.37039
"cg_vd_v",66146.1,-3.31866
"cg_vd_v",66146.1,-3.27979
"cg_vd_v",66146.1,-3.34391
"cg_vd_v",66146.2,-3.45678
"cg_vd_v",66146.2,-3.45921
"cg_vd_v",66146.2,-3.37275
"cg_vd_v",66146.2,-3.46193
"cg_vd_v",66146.2,-3.23364
"cg_vd_v",66146.2,-3.54765
"cg_vd_v",66146.2,-3.37059
"cg_vd_v",66146.2,-3.2775
"cg_vd_v",66146.2,-3.38998
"cg_vd_v",66146.2,-3.26417
"cg_vd_v",66146.3,-3.32135
"cg_vd_v",66146.3,-3.27752
"cg_vd_v",66146.3,-3.42945
"cg_vd_v",66146.3,-3.42181
"cg_vd_v",66146.3,-3.41336
"cg_vd_v",66146.3,-3.48886
"cg_vd_v",66146.3,-3.27522
"cg_vd_v",66146.3,-3.44984
"cg_vd_v",66146.3,-3.35705
"cg_vd_v",66146.3,-3.21807
"cg_vd_v",66146.4,-3.4038
"cg_vd_v",66146.4,-3.29014
"cg_vd_v",66146.4,-3.28323
"cg_vd_v",66146.4,-3.25054
"cg_vd_v",66146.4,-3.39942
"cg_vd_v",66146.4,-3.50216
"cg_vd_v",66146.4,-3.44528
"cg_vd_v",66146.4,-3.53383
"cg_vd_v",66146.4,-3.31434
"cg_vd_v",66146.4,-3.37244
"cg_vd_v",66146.5,-3.39663
"cg_vd_v",66146.5,-3.33464
"cg_vd_v",66146.5,-3.41872
"cg_vd_v",66146.5,-3.28151
"cg_vd_v",66146.5,-3.25932
"cg_vd_v",66146.5,-3.30389
"cg_vd_v",66146.5,-3.4417
"cg_vd_v",66146.5,-3.47391
"cg_vd_v",66146.5,-3.4679
"cg_vd_v",66146.6,-3.41837
"cg_vd_v",66146.6,-3.29237
"cg_vd_v",66146.6,-3.48961
"cg_vd_v",66146.6,-3.41532
"cg_vd_v",66146.6,-3.26155
"cg_vd_v",66146.6,-3.3635
"cg_vd_v",66146.6,-3.15694
"cg_vd_v",66146.6,-3.34118
"cg_vd_v",66146.6,-3.30751
"cg_vd_v",66146.6,-3.3638
"cg_vd_v",66146.6,-3.39837
"cg_vd_v",66146.7,-3.52335
"cg_vd_v",66146.7,-3.43947
"cg_vd_v",66146.7,-3.26845
"cg_vd_v",66146.7,-3.41895
"cg_vd_v",66146.7,-3.44599
"cg_vd_v",66146.7,-3.25128
"cg_vd_v",66146.7,-3.42617
"cg_vd_v",66146.7,-3.18986
"cg_vd_v",66146.7,-3.32453
"cg_vd_v",66146.8,-3.23677
"cg_vd_v",66146.8,-3.386
"cg_vd_v",66146.8,-3.42286
"cg_vd_v",66146.8,-3.45753
"cg_vd_v",66146.8,-3.39121
"cg_vd_v",66146.8,-3.26011
"cg_vd_v",66146.8,-3.42529
"cg_vd_v",66146.8,-3.41795
"cg_vd_v",66146.8,-3.26006
"cg_vd_v",66146.8,-3.36259
"cg_vd_v",66146.9,-3.19541
"cg_vd_v",66146.9,-3.31529
"cg_vd_v",66146.9,-3.26494
"cg_vd_v",66146.9,-3.3937
"cg_vd_v",66146.9,-3.44589
"cg_vd_v",66146.9,-3.42682
"cg_vd_v",66146.9,-3.41165
"cg_vd_v",66146.9,-3.23759
"cg_vd_v",66146.9,-3.37664
"cg_vd_v",66146.9,-3.41709
"cg_vq_v",66141.9,-9.88395
"cg_vq_v",66141.9,-9.77449
"cg_vq_v",66141.9,-10.1489
"cg_vq_v",66141.9,-9.94217
"cg_vq_v",66141.9,-10.3059
"cg_vq_v",66141.9,-9.87022
"cg_vq_v",66141.9,-10.0766
"cg_vq_v",66141.9,-9.86642
"cg_vq_v",66141.9,-9.87071
"cg_vq_v",66142,-9.84705
"cg_vq_v",66142,-10.1026
"cg_vq_v",66142,-9.98525
"cg_vq_v",66142,-10.0659
"cg_vq_v",66142,-9.74331
"cg_vq_v",66142,-10.1072
"cg_vq_v",66142,-9.93018
"cg_vq_v",66142,-10.2625
"cg_vq_v",66142,-9.88615
"cg_vq_v",66142,-10.1355
"cg_vq_v",66142.1,-9.87595
"cg_vq_v",66142.1,-9.90942
"cg_vq_v",66142.1,-9.85614
"cg_vq_v",66142.1,-10.1274
"cg_vq_v",66142.1,-9.9231
"cg_vq_v",66142.1,-10.0268
"cg_vq_v",66142.1,-9.69477
"cg_vq_v",66142.1,-10.0448
"cg_vq_v",66142.1,-9.87302
"cg_vq_v",66142.1,-10.1599
"cg_vq_v",66142.2,-9.87513
"cg_vq_v",66142.2,-10.1024
"cg_vq_v",66142.2,-9.84908
"cg_vq_v",66142.2,-9.82912
"cg_vq_v",66142.2,-9.93966
"cg_vq_v",66142.2,-10.0408
"cg_vq_v",66142.2,-9.93647
"cg_vq_v",66142.2,-10.0073
"cg_vq_v",66142.2,-9.68366
"cg_vq_v",66142.2,-10.0807
"cg_vq_v",66142.2,-9.92236
"cg_vq_v",66142.3,-10.268
"cg_vq_v",66142.3,-9.89478
"cg_vq_v",66142.3,-10.0081
"cg_vq_v",66142.3,-9.88631
"cg_vq_v",66142.3,-9.87071
"cg_vq_v",66142.3,-9.92911
"cg_vq_v",66142.3,-9.84622
"cg_vq_v",66142.3,-9.88601
"cg_vq_v",66142.3,-10.0185
"cg_vq_v",66142.4,-9.7432
"cg_vq_v",66142.4,-10.0864
"cg_vq_v",66142.4,-9.90845
"cg_vq_v",66142.4,-10.2016
"cg_vq_v",66142.4,-9.92046
"cg_vq_v",66142.4,-9.94729
"cg_vq_v",66142.4,-9.87492
"cg_vq_v",66142.4,-9.83193
"cg_vq_v",66142.4,-9.98505
"cg_vq_v",66142.4,-9.88491
"cg_vq_v",66142.5,-10.0739
"cg_vq_v",66142.5,-10.0292
"cg_vq_v",66142.5,-9.72664
"cg_vq_v",66142.5,-10.0119
"cg_vq_v",66142.5,-9.95156
"cg_vq_v",66142.5,-10.0509
"cg_vq_v",66142.5,-9.94885
"cg_vq_v",66142.5,-9.89192
"cg_vq_v",66142.5,-9.88048
"cg_vq_v",66142.5,-9.85152
"cg_vq_v",66142.6,-10.0413
"cg_vq_v",66142.6,-9.78071
"cg_vq_v",66142.6,-10.0779
"cg_vq_v",66142.6,-9.99972
"cg_vq_v",66142.6,-9.78231
"cg_vq_v",66142.6,-9.9867
"cg_vq_v",66142.6,-10.0003
"cg_vq_v",66142.6,-10.0808
"cg_vq_v",66142.6,-10.0791
"cg_vq_v",66142.6,-9.86334
"cg_vq_v",66142.6,-9.96235
"cg_vq_v",66142.7,-9.8459
"cg_vq_v",66142.7,-9.93175
"cg_vq_v",66142.7,-9.80048
"cg_vq_v",66142.7,-10.0872
"cg_vq_v",66142.7,-10.0039
"cg_vq_v",66142.7,-9.83312
"cg_vq_v",66142.7,-9.94578
"cg_vq_v",66142.7,-10.032
"cg_vq_v",66142.7,-10.0559
"cg_vq_v",66142.8,-10.0746
"cg_vq_v",66142.8,-9.84957
"cg_vq_v",66142.8,-9.98396
"cg_vq_v",66142.8,-9.85416
"cg_vq_v",66142.8,-10.0743
"cg_vq_v",66142.8,-9.77834
"cg_vq_v",66142.8,-10.1841
"cg_vq_v",66142.8,-10.0386
"cg_vq_v",66142.8,-9.86349
"cg_vq_v",66142.8,-9.97214
"cg_vq_v",66142.9,-9.93187
"cg_vq_v",66142.9,-9.98316
"cg_vq_v",66142.9,-9.99947
"cg_vq_v",66142.9,-9.82324
"cg_vq_v",66142.9,-9.97118
"cg_vq_v",66142.9,-9.82397
"cg_vq_v",66142.9,-10.0988
"cg_vq_v",66142.9,-9.7827
"cg_vq_v",66142.9,-10.0727
"cg_vq_v",66142.9,-10.0449
"cg_vq_v",66143,-9.88801
"cg_vq_v",66143,-9.95175
"cg_vq_v",66143,-10.0215
"cg_vq_v",66143,-9.99918
"cg_vq_v",66143,-10.1504
"cg_vq_v",66143,-9.81426
"cg_vq_v",66143,-9.91679
"cg_vq_v",66143,-9.82975
"cg_vq_v",66143,-9.97728
"cg_vq_v",66143,-9.69878
"cg_vq_v",66143,-10.085
"cg_vq_v",66143.1,-9.98015
"cg_vq_v",66143.1,-9.90801
"cg_vq_v",66143.1,-9.9753
"cg_vq_v",66143.1,-9.9785
"cg_vq_v",66143.1,-10.0447
"cg_vq_v",66143.1,-10.1315
"cg_vq_v",66143.1,-9.78826
"cg_vq_v",66143.1,-9.91817
"cg_vq_v",66143.1,-9.86945
"cg_vq_v",66143.1,-9.96017
"cg_vq_v",66143.2,-9.81536
"cg_vq_v",66143.2,-10.1463
"cg_vq_v",66143.2,-10.0033
"cg_vq_v",66143.2,-9.84712
"cg_vq_v",66143.2,-9.95226
"cg_vq_v",66143.2,-9.84104
"cg_vq_v",66143.2,-10.0752
"cg_vq_v",66143.2,-10.1241
"cg_vq_v",66143.2,-9.84091
"cg_vq_v",66143.2,-9.82619
"cg_vq_v",66143.3,-9.88723
"cg_vq_v",66143.3,-10.0603
"cg_vq_v",66143.3,-9.78692
"cg_vq_v",66143.3,-9.95853
"cg_vq_v",66143.3,-9.97743
"cg_vq_v",66143.3,-9.87492
"cg_vq_v",66143.3,-10.047
"cg_vq_v",66143.3,-9.90976
"cg_vq_v",66143.3,-10.1932
"cg_vq_v",66143.4,-10.1201
"cg_vq_v",66143.4,-9.89458
"cg_vq_v",66143.4,-9.93666
"cg_vq_v",66143.4,-9.8805
"cg_vq_v",66143.4,-9.8811
"cg_vq_v",66143.4,-9.87094
"cg_vq_v",66143.4,-9.95799
"cg_vq_v",66143.4,-9.95219
"cg_vq_v",66143.4,-9.84216
"cg_vq_v",66143.4,-10.172
"cg_vq_v",66143.5,-9.86492
"cg_vq_v",66143.5,-10.1323
"cg_vq_v",66143.5,-10.1222
"cg_vq_v",66143.5,-9.84541
"cg_vq_v",66143.5,-9.84139
"cg_vq_v",66143.5,-10.042
"cg_vq_v",66143.5,-9.92283
"cg_vq_v",66143.5,-9.92966
"cg_vq_v",66143.5,-9.92105
"cg_vq_v",66143.5,-10.141
"cg_vq_v",66143.6,-9.79478
"cg_vq_v",66143.6,-10.2582
"cg_vq_v",66143.6,-9.82591
"cg_vq_v",66143.6,-10.2297
"cg_vq_v",66143.6,-10.1068
"cg_vq_v",66143.6,-10.0426
"cg_vq_v",66143.6,-9.92004
"cg_vq_v",66143.6,-10.0045
"cg_vq_v",66143.6,-9.86278
"cg_vq_v",66143.6,-9.99633
"cg_vq_v",66143.6,-9.82701
"cg_vq_v",66143.7,-10.0879
"cg_vq_v",66143.7,-9.84337
"cg_vq_v",66143.7,-10.0613
"cg_vq_v",66143.7,-9.81054
"cg_vq_v",66143.7,-10.2926
"cg_vq_v",66143.7,-10.1252
"cg_vq_v",66143.7,-10.019
"cg_vq_v",66143.7,-9.83619
"cg_vq_v",66143.7,-10.0717
"cg_vq_v",66143.8,-9.81101
"cg_vq_v",66143.8,-10.0622
"cg_vq_v",66143.8,-9.84231
"cg_vq_v",66143.8,-10.1325
"cg_vq_v",66143.8,-9.84121
"cg_vq_v",66143.8,-10.0866
"cg_vq_v",66143.8,-9.8221
"cg_vq_v",66143.8,-10.2635
"cg_vq_v",66143.8,-10.0759
"cg_vq_v",66143.8,-10.0518
"cg_vq_v",66143.9,-9.88461
"cg_vq_v",66143.9,-9.97157
"cg_vq_v",66143.9,-9.82553
"cg_vq_v",66143.9,-10.0329
"cg_vq_v",66143.9,-9.76451
"cg_vq_v",66143.9,-10.17
"cg_vq_v",66143.9,-9.78395
"cg_vq_v",66143.9,-10.0996
"cg_vq_v",66143.9,-9.82675
"cg_vq_v",66143.9,-10.2645
"cg_vq_v",66144,-10.0566
"cg_vq_v",66144,-10.0851
"cg_vq_v",66144,-9.83512
"cg_vq_v",66144,-9.95137
"cg_vq_v",66144,-9.87422
"cg_vq_v",66144,-10.0822
"cg_vq_v",66144,-9.82498
"cg_vq_v",66144,-10.0847
"cg_vq_v",66144,-9.85025
"cg_vq_v",66144,-10.0327
"cg_vq_v",66144.1,-9.8503
"cg_vq_v",66144.1,-10.1876
"cg_vq_v",66144.1,-10.1123
"cg_vq_v",66144.1,-10.0382
"cg_vq_v",66144.1,-9.90701
"cg_vq_v",66144.1,-9.88734
"cg_vq_v",66144.1,-9.9241
"cg_vq_v",66144.1,-10.0323
"cg_vq_v",66144.1,-9.7879
"cg_vq_v",66144.1,-10.0455
"cg_vq_v",66144.2,-9.9038
"cg_vq_v",66144.2,-9.92347
"cg_vq_v",66144.2,-9.88587
"cg_vq_v",66144.2,-10.2974
"cg_vq_v",66144.2,-10.0468
"cg_vq_v",66144.2,-10.0408
"cg_vq_v",66144.2,-9.92469
"cg_vq_v",66144.2,-9.83114
"cg_vq_v",66144.2,-9.87476
"cg_vq_v",66144.2,-10.027
"cg_vq_v",66144.2,-9.79217
"cg_vq_v",66144.3,-10.0918
"cg_vq_v",66144.3,-9.9466
"cg_vq_v",66144.3,-10.0255
"cg_vq_v",66144.3,-9.81387
"cg_vq_v",66144.3,-10.0427
"cg_vq_v",66144.3,-10.1312
"cg_vq_v",66144.3,-10.0013
"cg_vq_v",66144.3,-9.91792
"cg_vq_v",66144.3,-9.73783
"cg_vq_v",66144.4,-9.87814
"cg_vq_v",66144.4,-10.0184
"cg_vq_v",66144.4,-9.89369
"cg_vq_v",66144.4,-10.0715
"cg_vq_v",66144.4,-9.89684
"cg_vq_v",66144.4,-9.95778
"cg_vq_v",66144.4,-9.98283
"cg_vq_v",66144.4,-9.99382
"cg_vq_v",66144.4,-10.1311
"cg_vq_v",66144.4,-10.0096
"cg_vq_v",66144.5,-9.98755
"cg_vq_v",66144.5,-9.69494
"cg_vq_v",66144.5,-9.93668
"cg_vq_v",66144.5,-9.99661
"cg_vq_v",66144.5,-9.80994
"cg_vq_v",66144.5,-10.0024
"cg_vq_v",66144.5,-9.99697
"cg_vq_v",66144.5,-9.95987
"cg_vq_v",66144.5,-10.0704
"cg_vq_v",66144.5,-9.99755
"cg_vq_v",66144.6,-10.1255
"cg_vq_v",66144.6,-9.99914
"cg_vq_v",66144.6,-9.98646
"cg_vq_v",66144.6,-9.72753
"cg_vq_v",66144.6,-9.92252
"cg_vq_v",66144.6,-9.96793
"cg_vq_v",66144.6,-9.93439
"cg_vq_v",66144.6,-9.97828
"cg_vq_v",66144.6,-9.93979
"cg_vq_v",66144.6,-9.90203
"cg_vq_v",66144.6,-10.0476
"cg_vq_v",66144.7,-9.90568
"cg_vq_v",66144.7,-10.2473
"cg_vq_v",66144.7,-9.99072
"cg_vq_v",66144.7,-9.96124
"cg_vq_v",66144.7,-9.71587
"cg_vq_v",66144.8,-10.0324
"cg_vq_v",66144.8,-9.9402
"cg_vq_v",66144.8,-10.0257
"cg_vq_v",66144.8,-9.96628
"cg_vq_v",66144.8,-9.90691
"cg_vq_v",66144.8,-9.90208
"cg_vq_v",66144.8,-10.0736
"cg_vq_v",66144.8,-9.88254
"cg_vq_v",66144.9,-10.1649
"cg_vq_v",66144.9,-9.976
"cg_vq_v",66144.9,-10.0831
"cg_vq_v",66144.9,-9.70322
"cg_vq_v",66144.9,-9.97756
"cg_vq_v",66144.9,-9.93632
"cg_vq_v",66145,-9.879
"cg_vq_v",66145,-9.97748
"cg_vq_v",66145,-9.8806
"cg_vq_v",66145,-9.87807
"cg_vq_v",66145,-10.0134
"cg_vq_v",66145,-9.97889
"cg_vq_v",66145,-9.7095
"cg_vq_v",66145.1,-9.95396
"cg_vq_v",66145.1,-9.9833
"cg_vq_v",66145.1,-9.97958
"cg_vq_v",66145.1,-9.86425
"cg_vq_v",66145.1,-10.0596
"cg_vq_v",66145.1,-9.83641
"cg_vq_v",66145.1,-10.1441
"cg_vq_v",66145.2,-10.0681
"cg_vq_v",66145.2,-9.87187
"cg_vq_v",66145.2,-9.89178
"cg_vq_v",66145.2,-10.0336
"cg_vq_v",66145.2,-9.88391
"cg_vq_v",66145.2,-10.1228
"cg_vq_v",66145.2,-10.085
"cg_vq_v",66145.2,-9.912
"cg_vq_v",66145.2,-9.85487
"cg_vq_v",66145.3,-9.94762
"cg_vq_v",66145.3,-9.98306
"cg_vq_v",66145.3,-9.91354
"cg_vq_v",66145.3,-10.0149
"cg_vq_v",66145.3,-9.79458
"cg_vq_v",66145.3,-10.0469
"cg_vq_v",66145.3,-10.0458
"cg_vq_v",66145.3,-9.89164
"cg_vq_v",66145.3,-10.0428
"cg_vq_v",66145.3,-10.0488
"cg_vq_v",66145.4,-9.94352
"cg_vq_v",66145.4,-9.92345
"cg_vq_v",66145.4,-9.81633
"cg_vq_v",66145.4,-9.99009
"cg_vq_v",66145.4,-9.91337
"cg_vq_v",66145.4,-10.0634
"cg_vq_v",66145.4,-9.7671
"cg_vq_v",66145.4,-10.1238
"cg_vq_v",66145.4,-10.0575
"cg_vq_v",66145.4,-9.95285
"cg_vq_v",66145.4,-10.1244
"cg_vq_v",66145.5,-10.183
"cg_vq_v",66145.5,-9.91121
"cg_vq_v",66145.5,-9.96067
"cg_vq_v",66145.5,-9.81828
"cg_vq_v",66145.5,-10.056
"cg_vq_v",66145.5,-9.9164
"cg_vq_v",66145.5,-10.1871
"cg_vq_v",66145.5,-9.76963
"cg_vq_v",66145.5,-10.1291
"cg_vq_v",66145.5,-10.0555
"cg_vq_v",66145.5,-9.90376
"cg_vq_v",66145.5,-10.0383
"cg_vq_v",66145.6,-10.1761
"cg_vq_v",66145.6,-9.88234
"cg_vq_v",66145.6,-9.99778
"cg_vq_v",66145.6,-9.81931
"cg_vq_v",66145.6,-10.1193
"cg_vq_v",66145.6,-9.93846
"cg_vq_v",66145.6,-10.201
"cg_vq_v",66145.6,-9.75072
"cg_vq_v",66145.6,-10.0961
"cg_vq_v",66145.6,-10.0592
"cg_vq_v",66145.6,-10.0875
"cg_vq_v",66145.7,-9.99526
"cg_vq_v",66145.7,-10.1318
"cg_vq_v",66145.7,-9.91657
"cg_vq_v",66145.7,-10.0259
"cg_vq_v",66145.7,-9.74651
"cg_vq_v",66145.7,-10.1335
"cg_vq_v",66145.7,-9.87295
"cg_vq_v",66145.7,-10.1063
"cg_vq_v",66145.7,-9.75613
"cg_vq_v",66145.7,-10.1072
"cg_vq_v",66145.8,-10.0018
"cg_vq_v",66145.8,-10.0842
"cg_vq_v",66145.8,-10.0063
"cg_vq_v",66145.8,-10.0489
"cg_vq_v",66145.8,-9.84112
"cg_vq_v",66145.8,-9.96359
"cg_vq_v",66145.8,-9.69557
"cg_vq_v",66145.8,-10.1448
"cg_vq_v",66145.8,-9.89565
"cg_vq_v",66145.8,-10.1025
"cg_vq_v",66145.8,-9.78917
"cg_vq_v",66145.8,-10.0179
"cg_vq_v",66145.9,-9.98767
"cg_vq_v",66145.9,-10.0432
"cg_vq_v",66145.9,-10.0377
"cg_vq_v",66145.9,-9.97901
"cg_vq_v",66145.9,-9.89913
"cg_vq_v",66145.9,-9.95979
"cg_vq_v",66145.9,-9.72158
"cg_vq_v",66145.9,-10.0541
"cg_vq_v",66145.9,-9.93473
"cg_vq_v",66145.9,-10.1274
"cg_vq_v",66146,-9.76523
"cg_vq_v",66146,-9.97365
"cg_vq_v",66146,-10.0188
"cg_vq_v",66146,-10.0489
"cg_vq_v",66146,-10.0929
"cg_vq_v",66146,-10.0987
"cg_vq_v",66146,-9.84129
"cg_vq_v",66146,-9.92447
"cg_vq_v",66146,-9.83486
"cg_vq_v",66146,-10.0282
"cg_vq_v",66146.1,-10.0137
"cg_vq_v",66146.1,-10.0464
"cg_vq_v",66146.1,-9.81004
"cg_vq_v",66146.1,-9.91114
"cg_vq_v",66146.1,-10.0676
"cg_vq_v",66146.1,-10.0323
"cg_vq_v",66146.1,-10.1577
"cg_vq_v",66146.1,-9.96815
"cg_vq_v",66146.1,-9.97483
"cg_vq_v",66146.1,-9.93968
"cg_vq_v",66146.2,-9.75682
"cg_vq_v",66146.2,-9.95777
"cg_vq_v",66146.2,-9.93593
"cg_vq_v",66146.2,-9.97139
"cg_vq_v",66146.2,-9.82584
"cg_vq_v",66146.2,-9.95289
"cg_vq_v",66146.2,-10.1308
"cg_vq_v",66146.2,-9.95751
"cg_vq_v",66146.2,-10.1324
"cg_vq_v",66146.2,-9.80732
"cg_vq_v",66146.3,-9.92375
"cg_vq_v",66146.3,-9.89145
"cg_vq_v",66146.3,-9.82728
"cg_vq_v",66146.3,-9.93133
"cg_vq_v",66146.3,-10.0403
"cg_vq_v",66146.3,-10.0314
"cg_vq_v",66146.3,-10.0155
"cg_vq_v",66146.3,-9.78448
"cg_vq_v",66146.3,-10.159
"cg_vq_v",66146.3,-10.0581
"cg_vq_v",66146.4,-10.1716
"cg_vq_v",66146.4,-9.90456
"cg_vq_v",66146.4,-10.0831
"cg_vq_v",66146.4,-9.86851
"cg_vq_v",66146.4,-9.96804
"cg_vq_v",66146.4,-9.96999
"cg_vq_v",66146.4,-10.1352
"cg_vq_v",66146.4,-9.98438
"cg_vq_v",66146.4,-9.96669
"cg_vq_v",66146.4,-9.784
"cg_vq_v",66146.5,-10.1683
"cg_vq_v",66146.5,-9.96398
"cg_vq_v",66146.5,-10.2772
"cg_vq_v",66146.5,-9.87776
"cg_vq_v",66146.5,-10.083
"cg_vq_v",66146.5,-9.89931
"cg_vq_v",66146.5,-9.85068
"cg_vq_v",66146.5,-9.96756
"cg_vq_v",66146.5,-10.0481
"cg_vq_v",66146.6,-9.92063
"cg_vq_v",66146.6,-10.0086
"cg_vq_v",66146.6,-9.7829
"cg_vq_v",66146.6,-10.1779
"cg_vq_v",66146.6,-9.97033
"cg_vq_v",66146.6,-10.23
"cg_vq_v",66146.6,-9.83172
"cg_vq_v",66146.6,-10.0529
"cg_vq_v",66146.6,-9.87519
"cg_vq_v",66146.6,-9.92045
"cg_vq_v",66146.6,-9.90806
"cg_vq_v",66146.7,-10.0947
"cg_vq_v",66146.7,-9.92189
"cg_vq_v",66146.7,-10.0297
"cg_vq_v",66146.7,-9.74558
"cg_vq_v",66146.7,-10.1899
"cg_vq_v",66146.7,-9.99302
"cg_vq_v",66146.7,-10.2826
"cg_vq_v",66146.7,-9.86145
"cg_vq_v",66146.7,-9.99006
"cg_vq_v",66146.8,-9.88097
"cg_vq_v",66146.8,-9.85597
"cg_vq_v",66146.8,-9.88361
"cg_vq_v",66146.8,-10.0056
"cg_vq_v",66146.8,-9.89007
"cg_vq_v",66146.8,-10.0139
"cg_vq_v",66146.8,-9.7294
"cg_vq_v",66146.8,-10.2128
"cg_vq_v",66146.8,-10.0738
"cg_vq_v",66146.8,-10.1586
"cg_vq_v",66146.9,-9.88757
"cg_vq_v",66146.9,-10.0203
"cg_vq_v",66146.9,-9.88755
"cg_vq_v",66146.9,-9.93811
"cg_vq_v",66146.9,-9.93161
"cg_vq_v",66146.9,-9.96586
"cg_vq_v",66146.9,-9.88288
"cg_vq_v",66146.9,-10.0251
"cg_vq_v",66146.9,-9.6921
"cg_vq_v",66146.9,-10.0662
"cg_vq_v",66147,-9.9871
"cg_vq_v",66147,-10.1898
"cg_vq_v",66147,-9.88601
"vdc_v",66141.9,49.7079
"vdc_v",66141.9,49.268
"vdc_v",66141.9,49.268
"vdc_v",66141.9,49.268
"vdc_v",66141.9,49.268
"vdc_v",66142,49.7079
"vdc_v",66142,49.268
"vdc_v",66142,49.268
"vdc_v",66142,49.268
"vdc_v",66142,49.268
"vdc_v",66142,49.268
"vdc_v",66142,49.7079
"vdc_v",66142,49.7079
"vdc_v",66142,49.268
"vdc_v",66142,49.268
"vdc_v",66142.1,49.268
"vdc_v",66142.1,49.268
"vdc_v",66142.1,49.7079
"vdc_v",66142.1,49.7079
"vdc_v",66142.1,49.268
"vdc_v",66142.1,49.268
"vdc_v",66142.1,49.268
"vdc_v",66142.1,49.268
"vdc_v",66142.1,49.7079
"vdc_v",66142.1,49.7079
"vdc_v",66142.2,49.268
"vdc_v",66142.2,49.268
"vdc_v",66142.2,49.268
"vdc_v",66142.2,49.268
"vdc_v",66142.2,49.7079
"vdc_v",66142.2,49.7079
"vdc_v",66142.2,49.268
"vdc_v",66142.2,48.8281
"vdc_v",66142.2,49.268
"vdc_v",66142.2,49.268
"vdc_v",66142.2,49.268
"vdc_v",66142.3,49.7079
"vdc_v",66142.3,49.268
"vdc_v",66142.3,49.268
"vdc_v",66142.3,49.268
"vdc_v",66142.3,49.268
"vdc_v",66142.3,49.7079
"vdc_v",66142.3,49.7079
"vdc_v",66142.3,49.268
"vdc_v",66142.3,49.268
"vdc_v",66142.4,49.268
"vdc_v",66142.4,49.7079
"vdc_v",66142.4,49.268
"vdc_v",66142.4,49.7079
"vdc_v",66142.4,49.268
"vdc_v",66142.4,49.268
"vdc_v",66142.4,49.268
"vdc_v",66142.4,49.268
"vdc_v",66142.4,49.7079
"vdc_v",66142.4,49.7079
"vdc_v",66142.5,49.7079
"vdc_v",66142.5,49.268
"vdc_v",66142.5,49.268
"vdc_v",66142.5,49.268
"vdc_v",66142.5,49.268
"vdc_v",66142.5,49.7079
"vdc_v",66142.5,49.268
"vdc_v",66142.5,49.268
"vdc_v",66142.5,49.268
"vdc_v",66142.5,49.268
"vdc_v",66142.6,49.7079
"vdc_v",66142.6,49.268
"vdc_v",66142.6,49.268
"vdc_v",66142.6,49.268
"vdc_v",66142.6,49.268
"vdc_v",66142.6,49.268
"vdc_v",66142.6,49.7079
"vdc_v",66142.6,49.7079
"vdc_v",66142.6,49.268
"vdc_v",66142.6,49.268
"vdc_v",66142.6,49.268
"vdc_v",66142.7,49.268
"vdc_v",66142.7,49.7079
"vdc_v",66142.7,49.7079
"vdc_v",66142.7,49.7079
"vdc_v",66142.7,49.268
"vdc_v",66142.7,49.268
"vdc_v",66142.7,49.268
"vdc_v",66142.7,49.7079
"vdc_v",66142.7,49.7079
"vdc_v",66142.8,49.268
"vdc_v",66142.8,49.268
"vdc_v",66142.8,49.268
"vdc_v",66142.8,49.268
"vdc_v",66142.8,49.7079
"vdc_v",66142.8,49.7079
"vdc_v",66142.8,49.7079
"vdc_v",66142.8,49.268
"vdc_v",66142.8,49.268
"vdc_v",66142.8,49.268
"vdc_v",66142.9,49.7079
"vdc_v",66142.9,49.7079
"vdc_v",66142.9,49.268
"vdc_v",66142.9,49.268
"vdc_v",66142.9,49.268
"vdc_v",66142.9,49.268
"vdc_v",66142.9,49.7079
"vdc_v",66142.9,49.268
"vdc_v",66142.9,49.268
"vdc_v",66142.9,49.268
"vdc_v",66143,49.268
"vdc_v",66143,49.268
"vdc_v",66143,49.268
"vdc_v",66143,49.7079
"vdc_v",66143,49.268
"vdc_v",66143,49.268
"vdc_v",66143,49.268
"vdc_v",66143,49.268
"vdc_v",66143,49.7079
"vdc_v",66143,49.7079
"vdc_v",66143,49.7079
"vdc_v",66143.1,49.268
"vdc_v",66143.1,49.268
"vdc_v",66143.1,49.268
"vdc_v",66143.1,49.268
"vdc_v",66143.1,49.7079
"vdc_v",66143.1,49.268
"vdc_v",66143.1,49.268
"vdc_v",66143.1,49.268
"vdc_v",66143.1,49.268
"vdc_v",66143.1,49.7079
"vdc_v",66143.2,49.7079
"vdc_v",66143.2,49.268
"vdc_v",66143.2,49.268
"vdc_v",66143.2,49.268
"vdc_v",66143.2,49.268
"vdc_v",66143.2,49.268
"vdc_v",66143.2,49.7079
"vdc_v",66143.2,49.268
"vdc_v",66143.2,49.268
"vdc_v",66143.2,49.268
"vdc_v",66143.3,49.268
"vdc_v",66143.3,49.7079
"vdc_v",66143.3,49.268
"vdc_v",66143.3,49.268
"vdc_v",66143.3,49.268
"vdc_v",66143.3,49.268
"vdc_v",66143.3,49.268
"vdc_v",66143.3,49.268
"vdc_v",66143.3,49.7079
"vdc_v",66143.4,49.268
"vdc_v",66143.4,49.268
"vdc_v",66143.4,49.268
"vdc_v",66143.4,49.268
"vdc_v",66143.4,49.7079
"vdc_v",66143.4,49.7079
"vdc_v",66143.4,49.268
"vdc_v",66143.4,49.268
"vdc_v",66143.4,49.268
"vdc_v",66143.4,49.268
"vdc_v",66143.5,49.268
"vdc_v",66143.5,49.7079
"vdc_v",66143.5,49.268
"vdc_v",66143.5,49.268
"vdc_v",66143.5,49.268
"vdc_v",66143.5,49.268
"vdc_v",66143.5,49.7079
"vdc_v",66143.5,49.7079
"vdc_v",66143.5,49.268
"vdc_v",66143.5,49.268
"vdc_v",66143.6,49.268
"vdc_v",66143.6,49.268
"vdc_v",66143.6,49.268
"vdc_v",66143.6,49.7079
"vdc_v",66143.6,49.268
"vdc_v",66143.6,49.268
"vdc_v",66143.6,49.268
"vdc_v",66143.6,49.268
"vdc_v",66143.6,49.7079
"vdc_v",66143.6,49.7079
"vdc_v",66143.6,49.268
"vdc_v",66143.7,49.268
"vdc_v",66143.7,49.268
"vdc_v",66143.7,49.268
"vdc_v",66143.7,49.268
"vdc_v",66143.7,49.7079
"vdc_v",66143.7,49.268
"vdc_v",66143.7,49.268
"vdc_v",66143.7,49.268
"vdc_v",66143.7,49.268
"vdc_v",66143.8,49.7079
"vdc_v",66143.8,49.7079
"vdc_v",66143.8,49.7079
"vdc_v",66143.8,48.8281
"vdc_v",66143.8,49.268
"vdc_v",66143.8,49.268
"vdc_v",66143.8,49.268
"vdc_v",66143.8,49.7079
"vdc_v",66143.8,49.7079
"vdc_v",66143.8,49.268
"vdc_v",66143.9,49.268
"vdc_v",66143.9,49.268
"vdc_v",66143.9,49.7079
"vdc_v",66143.9,49.7079
"vdc_v",66143.9,49.268
"vdc_v",66143.9,49.268
"vdc_v",66143.9,49.268
"vdc_v",66143.9,49.268
"vdc_v",66143.9,49.7079
"vdc_v",66143.9,49.7079
"vdc_v",66144,49.268
"vdc_v",66144,49.268
"vdc_v",66144,49.268
"vdc_v",66144,49.268
"vdc_v",66144,49.268
"vdc_v",66144,49.7079
"vdc_v",66144,49.268
"vdc_v",66144,49.268
"vdc_v",66144,49.268
"vdc_v",66144,49.268
"vdc_v",66144.1,49.268
"vdc_v",66144.1,49.7079
"vdc_v",66144.1,49.268
"vdc_v",66144.1,49.268
"vdc_v",66144.1,49.268
"vdc_v",66144.1,49.268
"vdc_v",66144.1,49.268
"vdc_v",66144.1,49.7079
"vdc_v",66144.1,49.268
"vdc_v",66144.1,49.268
"vdc_v",66144.2,49.268
"vdc_v",66144.2,49.268
"vdc_v",66144.2,49.268
"vdc_v",66144.2,49.7079
"vdc_v",66144.2,49.268
"vdc_v",66144.2,49.268
"vdc_v",66144.2,49.268
"vdc_v",66144.2,49.268
"vdc_v",66144.2,49.7079
"vdc_v",66144.2,49.7079
"vdc_v",66144.2,49.268
"vdc_v",66144.3,49.268
"vdc_v",66144.3,49.268
"vdc_v",66144.3,49.268
"vdc_v",66144.3,49.268
"vdc_v",66144.3,49.7079
"vdc_v",66144.3,49.268
"vdc_v",66144.3,49.268
"vdc_v",66144.3,49.268
"vdc_v",66144.3,49.268
"vdc_v",66144.4,49.7079
"vdc_v",66144.4,49.268
"vdc_v",66144.4,49.268
"vdc_v",66144.4,49.268
"vdc_v",66144.4,49.268
"vdc_v",66144.4,49.268
"vdc_v",66144.4,49.268
"vdc_v",66144.4,49.7079
"vdc_v",66144.4,49.268
"vdc_v",66144.4,49.268
"vdc_v",66144.5,49.268
"vdc_v",66144.5,49.268
"vdc_v",66144.5,49.7079
"vdc_v",66144.5,49.7079
"vdc_v",66144.5,49.268
"vdc_v",66144.5,49.268
"vdc_v",66144.5,49.268
"vdc_v",66144.5,49.268
"vdc_v",66144.5,49.268
"vdc_v",66144.5,49.7079
"vdc_v",66144.6,49.268
"vdc_v",66144.6,49.268
"vdc_v",66144.6,49.268
"vdc_v",66144.6,49.268
"vdc_v",66144.6,49.7079
"vdc_v",66144.6,49.7079
"vdc_v",66144.6,49.268
"vdc_v",66144.6,49.268
"vdc_v",66144.6,49.268
"vdc_v",66144.6,49.268
"vdc_v",66144.6,49.268
"vdc_v",66144.7,49.7079
"vdc_v",66144.7,49.268
"vdc_v",66144.7,49.268
"vdc_v",66144.7,49.268
"vdc_v",66144.7,49.268
"vdc_v",66144.8,49.7079
"vdc_v",66144.8,49.268
"vdc_v",66144.8,49.268
"vdc_v",66144.8,49.268
"vdc_v",66144.8,49.268
"vdc_v",66144.8,49.268
"vdc_v",66144.8,49.7079
"vdc_v",66144.8,49.7079
"vdc_v",66144.9,49.268
"vdc_v",66144.9,49.268
"vdc_v",66144.9,49.268
"vdc_v",66144.9,49.268
"vdc_v",66144.9,49.7079
"vdc_v",66144.9,49.7079
"vdc_v",66145,49.268
"vdc_v",66145,49.268
"vdc_v",66145,49.268
"vdc_v",66145,49.268
"vdc_v",66145,49.268
"vdc_v",66145,49.268
"vdc_v",66145,49.268
"vdc_v",66145.1,49.7079
"vdc_v",66145.1,49.7079
"vdc_v",66145.1,49.268
"vdc_v",66145.1,49.268
"vdc_v",66145.1,49.7079
"vdc_v",66145.1,49.7079
"vdc_v",66145.1,49.268
"vdc_v",66145.2,49.268
"vdc_v",66145.2,49.7079
"vdc_v",66145.2,49.268
"vdc_v",66145.2,49.7079
"vdc_v",66145.2,49.7079
"vdc_v",66145.2,49.268
"vdc_v",66145.2,49.268
"vdc_v",66145.2,49.268
"vdc_v",66145.2,49.268
"vdc_v",66145.3,49.7079
"vdc_v",66145.3,49.7079
"vdc_v",66145.3,49.268
"vdc_v",66145.3,49.268
"vdc_v",66145.3,49.268
"vdc_v",66145.3,49.268
"vdc_v",66145.3,49.7079
"vdc_v",66145.3,49.7079
"vdc_v",66145.3,49.268
"vdc_v",66145.3,49.268
"vdc_v",66145.4,49.268
"vdc_v",66145.4,49.268
"vdc_v",66145.4,49.7079
"vdc_v",66145.4,49.7079
"vdc_v",66145.4,49.268
"vdc_v",66145.4,49.268
"vdc_v",66145.4,49.268
"vdc_v",66145.4,49.7079
"vdc_v",66145.4,49.7079
"vdc_v",66145.4,49.7079
"vdc_v",66145.4,49.268
"vdc_v",66145.5,49.268
"vdc_v",66145.5,49.268
"vdc_v",66145.5,49.268
"vdc_v",66145.5,49.7079
"vdc_v",66145.5,49.7079
"vdc_v",66145.5,49.7079
"vdc_v",66145.5,49.268
"vdc_v",66145.5,49.268
"vdc_v",66145.5,49.268
"vdc_v",66145.5,49.268
"vdc_v",66145.5,49.7079
"vdc_v",66145.5,49.268
"vdc_v",66145.6,49.268
"vdc_v",66145.6,49.268
"vdc_v",66145.6,49.268
"vdc_v",66145.6,49.7079
"vdc_v",66145.6,49.7079
"vdc_v",66145.6,49.268
"vdc_v",66145.6,49.268
"vdc_v",66145.6,49.268
"vdc_v",66145.6,49.268
"vdc_v",66145.6,49.268
"vdc_v",66145.6,49.7079
"vdc_v",66145.7,49.268
"vdc_v",66145.7,49.268
"vdc_v",66145.7,49.268
"vdc_v",66145.7,49.268
"vdc_v",66145.7,49.7079
"vdc_v",66145.7,49.7079
"vdc_v",66145.7,49.268
"vdc_v",66145.7,49.268
"vdc_v",66145.7,49.268
"vdc_v",66145.7,49.268
"vdc_v",66145.8,49.268
"vdc_v",66145.8,49.7079
"vdc_v",66145.8,49.268
"vdc_v",66145.8,49.268
"vdc_v",66145.8,49.268
"vdc_v",66145.8,49.268
"vdc_v",66145.8,49.268
"vdc_v",66145.8,49.7079
"vdc_v",66145.8,49.268
"vdc_v",66145.8,49.268
"vdc_v",66145.8,49.268
"vdc_v",66145.8,49.268
"vdc_v",66145.9,49.268
"vdc_v",66145.9,49.7079
"vdc_v",66145.9,49.268
"vdc_v",66145.9,49.268
"vdc_v",66145.9,49.268
"vdc_v",66145.9,49.268
"vdc_v",66145.9,49.7079
"vdc_v",66145.9,49.7079
"vdc_v",66145.9,49.268
"vdc_v",66145.9,49.268
"vdc_v",66146,49.268
"vdc_v",66146,49.268
"vdc_v",66146,49.7079
"vdc_v",66146,49.7079
"vdc_v",66146,49.268
"vdc_v",66146,49.268
"vdc_v",66146,49.268
"vdc_v",66146,49.268
"vdc_v",66146,49.7079
"vdc_v",66146,49.7079
"vdc_v",66146.1,49.268
"vdc_v",66146.1,49.268
"vdc_v",66146.1,49.268
"vdc_v",66146.1,49.268
"vdc_v",66146.1,49.268
"vdc_v",66146.1,49.7079
"vdc_v",66146.1,49.268
"vdc_v",66146.1,49.268
"vdc_v",66146.1,49.268
"vdc_v",66146.1,49.268
"vdc_v",66146.2,49.7079
"vdc_v",66146.2,49.268
"vdc_v",66146.2,49.268
"vdc_v",66146.2,49.268
"vdc_v",66146.2,49.268
"vdc_v",66146.2,49.268
"vdc_v",66146.2,49.7079
"vdc_v",66146.2,49.268
"vdc_v",66146.2,49.268
"vdc_v",66146.2,49.268
"vdc_v",66146.3,49.268
"vdc_v",66146.3,49.268
"vdc_v",66146.3,49.7079
"vdc_v",66146.3,49.7079
"vdc_v",66146.3,49.7079
"vdc_v",66146.3,49.268
"vdc_v",66146.3,49.268
"vdc_v",66146.3,49.268
"vdc_v",66146.3,49.268
"vdc_v",66146.3,49.7079
"vdc_v",66146.4,49.268
"vdc_v",66146.4,49.268
"vdc_v",66146.4,49.268
"vdc_v",66146.4,49.268
"vdc_v",66146.4,49.7079
"vdc_v",66146.4,49.7079
"vdc_v",66146.4,49.268
"vdc_v",66146.4,49.268
"vdc_v",66146.4,49.268
"vdc_v",66146.4,49.268
"vdc_v",66146.5,49.7079
"vdc_v",66146.5,49.7079
"vdc_v",66146.5,49.7079
"vdc_v",66146.5,49.268
"vdc_v",66146.5,49.268
"vdc_v",66146.5,49.268
"vdc_v",66146.5,49.7079
"vdc_v",66146.5,49.7079
"vdc_v",66146.5,49.268
"vdc_v",66146.6,49.268
"vdc_v",66146.6,49.268
"vdc_v",66146.6,49.268
"vdc_v",66146.6,49.268
"vdc_v",66146.6,49.7079
"vdc_v",66146.6,49.268
"vdc_v",66146.6,49.268
"vdc_v",66146.6,49.268
"vdc_v",66146.6,49.268
"vdc_v",66146.6,49.7079
"vdc_v",66146.6,49.7079
"vdc_v",66146.7,49.268
"vdc_v",66146.7,49.268
"vdc_v",66146.7,49.268
"vdc_v",66146.7,49.268
"vdc_v",66146.7,49.7079
"vdc_v",66146.7,49.7079
"vdc_v",66146.7,49.7079
"vdc_v",66146.7,49.268
"vdc_v",66146.7,49.268
"vdc_v",66146.8,49.268
"vdc_v",66146.8,49.7079
"vdc_v",66146.8,49.7079
"vdc_v",66146.8,49.268
"vdc_v",66146.8,49.268
"vdc_v",66146.8,49.268
"vdc_v",66146.8,49.268
"vdc_v",66146.8,49.7079
"vdc_v",66146.8,49.7079
"vdc_v",66146.8,49.268
"vdc_v",66146.9,49.268
"vdc_v",66146.9,49.268
"vdc_v",66146.9,49.268
"vdc_v",66146.9,49.7079
"vdc_v",66146.9,49.7079
"vdc_v",66146.9,49.7079
"vdc_v",66146.9,49.268
"vdc_v",66146.9,48.8281
"vdc_v",66146.9,49.268
"vdc_v",66146.9,49.7079
"vdc_v",66147,49.7079
"vdc_v",66147,49.268
"vdc_v",66147,49.268
"vdc_v",66147,49.268
"vdc_v",66147,49.268
"vdc_v",66147,49.7079
"vdc_v",66147,49.7079
"pwm_moe",66141.9,1
"pwm_moe",66141.9,1
"pwm_moe",66141.9,1
"pwm_moe",66141.9,1
"pwm_moe",66142,1
"pwm_moe",66142,1
"pwm_moe",66142,1
"pwm_moe",66142,1
"pwm_moe",66142,1
"pwm_moe",66142,1
"pwm_moe",66142,1
"pwm_moe",66142,1
"pwm_moe",66142,1
"pwm_moe",66142,1
"pwm_moe",66142.1,1
"pwm_moe",66142.1,1
"pwm_moe",66142.1,1
"pwm_moe",66142.1,1
"pwm_moe",66142.1,1
"pwm_moe",66142.1,1
"pwm_moe",66142.1,1
"pwm_moe",66142.1,1
"pwm_moe",66142.1,1
"pwm_moe",66142.1,1
"pwm_moe",66142.2,1
"pwm_moe",66142.2,1
"pwm_moe",66142.2,1
"pwm_moe",66142.2,1
"pwm_moe",66142.2,1
"pwm_moe",66142.2,1
"pwm_moe",66142.2,1
"pwm_moe",66142.2,1
"pwm_moe",66142.2,1
"pwm_moe",66142.2,1
"pwm_moe",66142.2,1
"pwm_moe",66142.3,1
"pwm_moe",66142.3,1
"pwm_moe",66142.3,1
"pwm_moe",66142.3,1
"pwm_moe",66142.3,1
"pwm_moe",66142.3,1
"pwm_moe",66142.3,1
"pwm_moe",66142.3,1
"pwm_moe",66142.3,1
"pwm_moe",66142.4,1
"pwm_moe",66142.4,1
"pwm_moe",66142.4,1
"pwm_moe",66142.4,1
"pwm_moe",66142.4,1
"pwm_moe",66142.4,1
"pwm_moe",66142.4,1
"pwm_moe",66142.4,1
"pwm_moe",66142.4,1
"pwm_moe",66142.4,1
"pwm_moe",66142.5,1
"pwm_moe",66142.5,1
"pwm_moe",66142.5,1
"pwm_moe",66142.5,1
"pwm_moe",66142.5,1
"pwm_moe",66142.5,1
"pwm_moe",66142.5,1
"pwm_moe",66142.5,1
"pwm_moe",66142.5,1
"pwm_moe",66142.5,1
"pwm_moe",66142.6,1
"pwm_moe",66142.6,1
"pwm_moe",66142.6,1
"pwm_moe",66142.6,1
"pwm_moe",66142.6,1
"pwm_moe",66142.6,1
"pwm_moe",66142.6,1
"pwm_moe",66142.6,1
"pwm_moe",66142.6,1
"pwm_moe",66142.6,1
"pwm_moe",66142.6,1
"pwm_moe",66142.7,1
"pwm_moe",66142.7,1
"pwm_moe",66142.7,1
"pwm_moe",66142.7,1
"pwm_moe",66142.7,1
"pwm_moe",66142.7,1
"pwm_moe",66142.7,1
"pwm_moe",66142.7,1
"pwm_moe",66142.7,1
"pwm_moe",66142.8,1
"pwm_moe",66142.8,1
"pwm_moe",66142.8,1
"pwm_moe",66142.8,1
"pwm_moe",66142.8,1
"pwm_moe",66142.8,1
"pwm_moe",66142.8,1
"pwm_moe",66142.8,1
"pwm_moe",66142.8,1
"pwm_moe",66142.8,1
"pwm_moe",66142.9,1
"pwm_moe",66142.9,1
"pwm_moe",66142.9,1
"pwm_moe",66142.9,1
"pwm_moe",66142.9,1
"pwm_moe",66142.9,1
"pwm_moe",66142.9,1
"pwm_moe",66142.9,1
"pwm_moe",66142.9,1
"pwm_moe",66142.9,1
"pwm_moe",66143,1
"pwm_moe",66143,1
"pwm_moe",66143,1
"pwm_moe",66143,1
"pwm_moe",66143,1
"pwm_moe",66143,1
"pwm_moe",66143,1
"pwm_moe",66143,1
"pwm_moe",66143,1
"pwm_moe",66143,1
"pwm_moe",66143,1
"pwm_moe",66143.1,1
"pwm_moe",66143.1,1
"pwm_moe",66143.1,1
"pwm_moe",66143.1,1
"pwm_moe",66143.1,1
"pwm_moe",66143.1,1
"pwm_moe",66143.1,1
"pwm_moe",66143.1,1
"pwm_moe",66143.1,1
"pwm_moe",66143.1,1
"pwm_moe",66143.2,1
"pwm_moe",66143.2,1
"pwm_moe",66143.2,1
"pwm_moe",66143.2,1
"pwm_moe",66143.2,1
"pwm_moe",66143.2,1
"pwm_moe",66143.2,1
"pwm_moe",66143.2,1
"pwm_moe",66143.2,1
"pwm_moe",66143.2,1
"pwm_moe",66143.3,1
"pwm_moe",66143.3,1
"pwm_moe",66143.3,1
"pwm_moe",66143.3,1
"pwm_moe",66143.3,1
"pwm_moe",66143.3,1
"pwm_moe",66143.3,1
"pwm_moe",66143.3,1
"pwm_moe",66143.3,1
"pwm_moe",66143.4,1
"pwm_moe",66143.4,1
"pwm_moe",66143.4,1
"pwm_moe",66143.4,1
"pwm_moe",66143.4,1
"pwm_moe",66143.4,1
"pwm_moe",66143.4,1
"pwm_moe",66143.4,1
"pwm_moe",66143.4,1
"pwm_moe",66143.4,1
"pwm_moe",66143.5,1
"pwm_moe",66143.5,1
"pwm_moe",66143.5,1
"pwm_moe",66143.5,1
"pwm_moe",66143.5,1
"pwm_moe",66143.5,1
"pwm_moe",66143.5,1
"pwm_moe",66143.5,1
"pwm_moe",66143.5,1
"pwm_moe",66143.5,1
"pwm_moe",66143.6,1
"pwm_moe",66143.6,1
"pwm_moe",66143.6,1
"pwm_moe",66143.6,1
"pwm_moe",66143.6,1
"pwm_moe",66143.6,1
"pwm_moe",66143.6,1
"pwm_moe",66143.6,1
"pwm_moe",66143.6,1
"pwm_moe",66143.6,1
"pwm_moe",66143.6,1
"pwm_moe",66143.7,1
"pwm_moe",66143.7,1
"pwm_moe",66143.7,1
"pwm_moe",66143.7,1
"pwm_moe",66143.7,1
"pwm_moe",66143.7,1
"pwm_moe",66143.7,1
"pwm_moe",66143.7,1
"pwm_moe",66143.7,1
"pwm_moe",66143.8,1
"pwm_moe",66143.8,1
"pwm_moe",66143.8,1
"pwm_moe",66143.8,1
"pwm_moe",66143.8,1
"pwm_moe",66143.8,1
"pwm_moe",66143.8,1
"pwm_moe",66143.8,1
"pwm_moe",66143.8,1
"pwm_moe",66143.8,1
"pwm_moe",66143.9,1
"pwm_moe",66143.9,1
"pwm_moe",66143.9,1
"pwm_moe",66143.9,1
"pwm_moe",66143.9,1
"pwm_moe",66143.9,1
"pwm_moe",66143.9,1
"pwm_moe",66143.9,1
"pwm_moe",66143.9,1
"pwm_moe",66143.9,1
"pwm_moe",66144,1
"pwm_moe",66144,1
"pwm_moe",66144,1
"pwm_moe",66144,1
"pwm_moe",66144,1
"pwm_moe",66144,1
"pwm_moe",66144,1
"pwm_moe",66144,1
"pwm_moe",66144,1
"pwm_moe",66144,1
"pwm_moe",66144.1,1
"pwm_moe",66144.1,1
"pwm_moe",66144.1,1
"pwm_moe",66144.1,1
"pwm_moe",66144.1,1
"pwm_moe",66144.1,1
"pwm_moe",66144.1,1
"pwm_moe",66144.1,1
"pwm_moe",66144.1,1
"pwm_moe",66144.1,1
"pwm_moe",66144.2,1
"pwm_moe",66144.2,1
"pwm_moe",66144.2,1
"pwm_moe",66144.2,1
"pwm_moe",66144.2,1
"pwm_moe",66144.2,1
"pwm_moe",66144.2,1
"pwm_moe",66144.2,1
"pwm_moe",66144.2,1
"pwm_moe",66144.2,1
"pwm_moe",66144.2,1
"pwm_moe",66144.3,1
"pwm_moe",66144.3,1
"pwm_moe",66144.3,1
"pwm_moe",66144.3,1
"pwm_moe",66144.3,1
"pwm_moe",66144.3,1
"pwm_moe",66144.3,1
"pwm_moe",66144.3,1
"pwm_moe",66144.3,1
"pwm_moe",66144.4,1
"pwm_moe",66144.4,1
"pwm_moe",66144.4,1
"pwm_moe",66144.4,1
"pwm_moe",66144.4,1
"pwm_moe",66144.4,1
"pwm_moe",66144.4,1
"pwm_moe",66144.4,1
"pwm_moe",66144.4,1
"pwm_moe",66144.4,1
"pwm_moe",66144.5,1
"pwm_moe",66144.5,1
"pwm_moe",66144.5,1
"pwm_moe",66144.5,1
"pwm_moe",66144.5,1
"pwm_moe",66144.5,1
"pwm_moe",66144.5,1
"pwm_moe",66144.5,1
"pwm_moe",66144.5,1
"pwm_moe",66144.5,1
"pwm_moe",66144.6,1
"pwm_moe",66144.6,1
"pwm_moe",66144.6,1
"pwm_moe",66144.6,1
"pwm_moe",66144.6,1
"pwm_moe",66144.6,1
"pwm_moe",66144.6,1
"pwm_moe",66144.6,1
"pwm_moe",66144.6,1
"pwm_moe",66144.6,1
"pwm_moe",66144.6,1
"pwm_moe",66144.7,1
"pwm_moe",66144.7,1
"pwm_moe",66144.7,1
"pwm_moe",66144.7,1
"pwm_moe",66144.7,1
"pwm_moe",66144.8,1
"pwm_moe",66144.8,1
"pwm_moe",66144.8,1
"pwm_moe",66144.8,1
"pwm_moe",66144.8,1
"pwm_moe",66144.8,1
"pwm_moe",66144.8,1
"pwm_moe",66144.8,1
"pwm_moe",66144.9,1
"pwm_moe",66144.9,1
"pwm_moe",66144.9,1
"pwm_moe",66144.9,1
"pwm_moe",66144.9,1
"pwm_moe",66144.9,1
"pwm_moe",66145,1
"pwm_moe",66145,1
"pwm_moe",66145,1
"pwm_moe",66145,1
"pwm_moe",66145,1
"pwm_moe",66145,1
"pwm_moe",66145,1
"pwm_moe",66145.1,1
"pwm_moe",66145.1,1
"pwm_moe",66145.1,1
"pwm_moe",66145.1,1
"pwm_moe",66145.1,1
"pwm_moe",66145.1,1
"pwm_moe",66145.1,1
"pwm_moe",66145.2,1
"pwm_moe",66145.2,1
"pwm_moe",66145.2,1
"pwm_moe",66145.2,1
"pwm_moe",66145.2,1
"pwm_moe",66145.2,1
"pwm_moe",66145.2,1
"pwm_moe",66145.2,1
"pwm_moe",66145.2,1
"pwm_moe",66145.3,1
"pwm_moe",66145.3,1
"pwm_moe",66145.3,1
"pwm_moe",66145.3,1
"pwm_moe",66145.3,1
"pwm_moe",66145.3,1
"pwm_moe",66145.3,1
"pwm_moe",66145.3,1
"pwm_moe",66145.3,1
"pwm_moe",66145.3,1
"pwm_moe",66145.4,1
"pwm_moe",66145.4,1
"pwm_moe",66145.4,1
"pwm_moe",66145.4,1
"pwm_moe",66145.4,1
"pwm_moe",66145.4,1
"pwm_moe",66145.4,1
"pwm_moe",66145.4,1
"pwm_moe",66145.4,1
"pwm_moe",66145.4,1
"pwm_moe",66145.4,1
"pwm_moe",66145.5,1
"pwm_moe",66145.5,1
"pwm_moe",66145.5,1
"pwm_moe",66145.5,1
"pwm_moe",66145.5,1
"pwm_moe",66145.5,1
"pwm_moe",66145.5,1
"pwm_moe",66145.5,1
"pwm_moe",66145.5,1
"pwm_moe",66145.5,1
"pwm_moe",66145.5,1
"pwm_moe",66145.5,1
"pwm_moe",66145.6,1
"pwm_moe",66145.6,1
"pwm_moe",66145.6,1
"pwm_moe",66145.6,1
"pwm_moe",66145.6,1
"pwm_moe",66145.6,1
"pwm_moe",66145.6,1
"pwm_moe",66145.6,1
"pwm_moe",66145.6,1
"pwm_moe",66145.6,1
"pwm_moe",66145.6,1
"pwm_moe",66145.7,1
"pwm_moe",66145.7,1
"pwm_moe",66145.7,1
"pwm_moe",66145.7,1
"pwm_moe",66145.7,1
"pwm_moe",66145.7,1
"pwm_moe",66145.7,1
"pwm_moe",66145.7,1
"pwm_moe",66145.7,1
"pwm_moe",66145.7,1
"pwm_moe",66145.8,1
"pwm_moe",66145.8,1
"pwm_moe",66145.8,1
"pwm_moe",66145.8,1
"pwm_moe",66145.8,1
"pwm_moe",66145.8,1
"pwm_moe",66145.8,1
"pwm_moe",66145.8,1
"pwm_moe",66145.8,1
"pwm_moe",66145.8,1
"pwm_moe",66145.8,1
"pwm_moe",66145.8,1
"pwm_moe",66145.9,1
"pwm_moe",66145.9,1
"pwm_moe",66145.9,1
"pwm_moe",66145.9,1
"pwm_moe",66145.9,1
"pwm_moe",66145.9,1
"pwm_moe",66145.9,1
"pwm_moe",66145.9,1
"pwm_moe",66145.9,1
"pwm_moe",66145.9,1
"pwm_moe",66146,1
"pwm_moe",66146,1
"pwm_moe",66146,1
"pwm_moe",66146,1
"pwm_moe",66146,1
"pwm_moe",66146,1
"pwm_moe",66146,1
"pwm_moe",66146,1
"pwm_moe",66146,1
"pwm_moe",66146,1
"pwm_moe",66146.1,1
"pwm_moe",66146.1,1
"pwm_moe",66146.1,1
"pwm_moe",66146.1,1
"pwm_moe",66146.1,1
"pwm_moe",66146.1,1
"pwm_moe",66146.1,1
"pwm_moe",66146.1,1
"pwm_moe",66146.1,1
"pwm_moe",66146.1,1
"pwm_moe",66146.2,1
"pwm_moe",66146.2,1
"pwm_moe",66146.2,1
"pwm_moe",66146.2,1
"pwm_moe",66146.2,1
"pwm_moe",66146.2,1
"pwm_moe",66146.2,1
"pwm_moe",66146.2,1
"pwm_moe",66146.2,1
"pwm_moe",66146.2,1
"pwm_moe",66146.3,1
"pwm_moe",66146.3,1
"pwm_moe",66146.3,1
"pwm_moe",66146.3,1
"pwm_moe",66146.3,1
"pwm_moe",66146.3,1
"pwm_moe",66146.3,1
"pwm_moe",66146.3,1
"pwm_moe",66146.3,1
"pwm_moe",66146.3,1
"pwm_moe",66146.4,1
"pwm_moe",66146.4,1
"pwm_moe",66146.4,1
"pwm_moe",66146.4,1
"pwm_moe",66146.4,1
"pwm_moe",66146.4,1
"pwm_moe",66146.4,1
"pwm_moe",66146.4,1
"pwm_moe",66146.4,1
"pwm_moe",66146.4,1
"pwm_moe",66146.5,1
"pwm_moe",66146.5,1
"pwm_moe",66146.5,1
"pwm_moe",66146.5,1
"pwm_moe",66146.5,1
"pwm_moe",66146.5,1
"pwm_moe",66146.5,1
"pwm_moe",66146.5,1
"pwm_moe",66146.5,1
"pwm_moe",66146.6,1
"pwm_moe",66146.6,1
"pwm_moe",66146.6,1
"pwm_moe",66146.6,1
"pwm_moe",66146.6,1
"pwm_moe",66146.6,1
"pwm_moe",66146.6,1
"pwm_moe",66146.6,1
"pwm_moe",66146.6,1
"pwm_moe",66146.6,1
"pwm_moe",66146.6,1
"pwm_moe",66146.7,1
"pwm_moe",66146.7,1
"pwm_moe",66146.7,1
"pwm_moe",66146.7,1
"pwm_moe",66146.7,1
"pwm_moe",66146.7,1
"pwm_moe",66146.7,1
"pwm_moe",66146.7,1
"pwm_moe",66146.7,1
"pwm_moe",66146.8,1
"pwm_moe",66146.8,1
"pwm_moe",66146.8,1
"pwm_moe",66146.8,1
"pwm_moe",66146.8,1
"pwm_moe",66146.8,1
"pwm_moe",66146.8,1
"pwm_moe",66146.8,1
"pwm_moe",66146.8,1
"pwm_moe",66146.8,1
"pwm_moe",66146.9,1
"pwm_moe",66146.9,1
"pwm_moe",66146.9,1
"pwm_moe",66146.9,1
"pwm_moe",66146.9,1
"pwm_moe",66146.9,1
"pwm_moe",66146.9,1
"pwm_moe",66146.9,1
"pwm_moe",66146.9,1
"pwm_moe",66146.9,1
"pwm_moe",66147,1
"pwm_moe",66147,1
"pwm_moe",66147,1
"pwm_moe",66147,1
"pwm_moe",66147,1
"pwm_moe",66147,1
"pwm_moe",66147,1
"pwm_moe",66147,1
"enc_rejects",66142,0
"enc_rejects",66142,0
"enc_rejects",66142,0
"enc_rejects",66142,0
"enc_rejects",66142,0
"enc_rejects",66142,0
"enc_rejects",66142,0
"enc_rejects",66142,0
"enc_rejects",66142,0
"enc_rejects",66142.1,0
"enc_rejects",66142.1,0
"enc_rejects",66142.1,0
"enc_rejects",66142.1,0
"enc_rejects",66142.1,0
"enc_rejects",66142.1,0
"enc_rejects",66142.1,0
"enc_rejects",66142.1,0
"enc_rejects",66142.1,0
"enc_rejects",66142.1,0
"enc_rejects",66142.2,0
"enc_rejects",66142.2,0
"enc_rejects",66142.2,0
"enc_rejects",66142.2,0
"enc_rejects",66142.2,0
"enc_rejects",66142.2,0
"enc_rejects",66142.2,0
"enc_rejects",66142.2,0
"enc_rejects",66142.2,0
"enc_rejects",66142.2,0
"enc_rejects",66142.2,0
"enc_rejects",66142.3,0
"enc_rejects",66142.3,0
"enc_rejects",66142.3,0
"enc_rejects",66142.3,0
"enc_rejects",66142.3,0
"enc_rejects",66142.3,0
"enc_rejects",66142.3,0
"enc_rejects",66142.3,0
"enc_rejects",66142.3,0
"enc_rejects",66142.4,0
"enc_rejects",66142.4,0
"enc_rejects",66142.4,0
"enc_rejects",66142.4,0
"enc_rejects",66142.4,0
"enc_rejects",66142.4,0
"enc_rejects",66142.4,0
"enc_rejects",66142.4,0
"enc_rejects",66142.4,0
"enc_rejects",66142.4,0
"enc_rejects",66142.5,0
"enc_rejects",66142.5,0
"enc_rejects",66142.5,0
"enc_rejects",66142.5,0
"enc_rejects",66142.5,0
"enc_rejects",66142.5,0
"enc_rejects",66142.5,0
"enc_rejects",66142.5,0
"enc_rejects",66142.5,0
"enc_rejects",66142.5,0
"enc_rejects",66142.6,0
"enc_rejects",66142.6,0
"enc_rejects",66142.6,0
"enc_rejects",66142.6,0
"enc_rejects",66142.6,0
"enc_rejects",66142.6,0
"enc_rejects",66142.6,0
"enc_rejects",66142.6,0
"enc_rejects",66142.6,0
"enc_rejects",66142.6,0
"enc_rejects",66142.6,0
"enc_rejects",66142.7,0
"enc_rejects",66142.7,0
"enc_rejects",66142.7,0
"enc_rejects",66142.7,0
"enc_rejects",66142.7,0
"enc_rejects",66142.7,0
"enc_rejects",66142.7,0
"enc_rejects",66142.7,0
"enc_rejects",66142.7,0
"enc_rejects",66142.8,0
"enc_rejects",66142.8,0
"enc_rejects",66142.8,0
"enc_rejects",66142.8,0
"enc_rejects",66142.8,0
"enc_rejects",66142.8,0
"enc_rejects",66142.8,0
"enc_rejects",66142.8,0
"enc_rejects",66142.8,0
"enc_rejects",66142.8,0
"enc_rejects",66142.9,0
"enc_rejects",66142.9,0
"enc_rejects",66142.9,0
"enc_rejects",66142.9,0
"enc_rejects",66142.9,0
"enc_rejects",66142.9,0
"enc_rejects",66142.9,0
"enc_rejects",66142.9,0
"enc_rejects",66142.9,0
"enc_rejects",66142.9,0
"enc_rejects",66143,0
"enc_rejects",66143,0
"enc_rejects",66143,0
"enc_rejects",66143,0
"enc_rejects",66143,0
"enc_rejects",66143,0
"enc_rejects",66143,0
"enc_rejects",66143,0
"enc_rejects",66143,0
"enc_rejects",66143,0
"enc_rejects",66143,0
"enc_rejects",66143.1,0
"enc_rejects",66143.1,0
"enc_rejects",66143.1,0
"enc_rejects",66143.1,0
"enc_rejects",66143.1,0
"enc_rejects",66143.1,0
"enc_rejects",66143.1,0
"enc_rejects",66143.1,0
"enc_rejects",66143.1,0
"enc_rejects",66143.1,0
"enc_rejects",66143.2,0
"enc_rejects",66143.2,0
"enc_rejects",66143.2,0
"enc_rejects",66143.2,0
"enc_rejects",66143.2,0
"enc_rejects",66143.2,0
"enc_rejects",66143.2,0
"enc_rejects",66143.2,0
"enc_rejects",66143.2,0
"enc_rejects",66143.2,0
"enc_rejects",66143.3,0
"enc_rejects",66143.3,0
"enc_rejects",66143.3,0
"enc_rejects",66143.3,0
"enc_rejects",66143.3,0
"enc_rejects",66143.3,0
"enc_rejects",66143.3,0
"enc_rejects",66143.3,0
"enc_rejects",66143.3,0
"enc_rejects",66143.4,0
"enc_rejects",66143.4,0
"enc_rejects",66143.4,0
"enc_rejects",66143.4,0
"enc_rejects",66143.4,0
"enc_rejects",66143.4,0
"enc_rejects",66143.4,0
"enc_rejects",66143.4,0
"enc_rejects",66143.4,0
"enc_rejects",66143.4,0
"enc_rejects",66143.5,0
"enc_rejects",66143.5,0
"enc_rejects",66143.5,0
"enc_rejects",66143.5,0
"enc_rejects",66143.5,0
"enc_rejects",66143.5,0
"enc_rejects",66143.5,0
"enc_rejects",66143.5,0
"enc_rejects",66143.5,0
"enc_rejects",66143.5,0
"enc_rejects",66143.6,0
"enc_rejects",66143.6,0
"enc_rejects",66143.6,0
"enc_rejects",66143.6,0
"enc_rejects",66143.6,0
"enc_rejects",66143.6,0
"enc_rejects",66143.6,0
"enc_rejects",66143.6,0
"enc_rejects",66143.6,0
"enc_rejects",66143.6,0
"enc_rejects",66143.6,0
"enc_rejects",66143.7,0
"enc_rejects",66143.7,0
"enc_rejects",66143.7,0
"enc_rejects",66143.7,0
"enc_rejects",66143.7,0
"enc_rejects",66143.7,0
"enc_rejects",66143.7,0
"enc_rejects",66143.7,0
"enc_rejects",66143.7,0
"enc_rejects",66143.8,0
"enc_rejects",66143.8,0
"enc_rejects",66143.8,0
"enc_rejects",66143.8,0
"enc_rejects",66143.8,0
"enc_rejects",66143.8,0
"enc_rejects",66143.8,0
"enc_rejects",66143.8,0
"enc_rejects",66143.8,0
"enc_rejects",66143.8,0
"enc_rejects",66143.9,0
"enc_rejects",66143.9,0
"enc_rejects",66143.9,0
"enc_rejects",66143.9,0
"enc_rejects",66143.9,0
"enc_rejects",66143.9,0
"enc_rejects",66143.9,0
"enc_rejects",66143.9,0
"enc_rejects",66143.9,0
"enc_rejects",66143.9,0
"enc_rejects",66144,0
"enc_rejects",66144,0
"enc_rejects",66144,0
"enc_rejects",66144,0
"enc_rejects",66144,0
"enc_rejects",66144,0
"enc_rejects",66144,0
"enc_rejects",66144,0
"enc_rejects",66144,0
"enc_rejects",66144,0
"enc_rejects",66144.1,0
"enc_rejects",66144.1,0
"enc_rejects",66144.1,0
"enc_rejects",66144.1,0
"enc_rejects",66144.1,0
"enc_rejects",66144.1,0
"enc_rejects",66144.1,0
"enc_rejects",66144.1,0
"enc_rejects",66144.1,0
"enc_rejects",66144.1,0
"enc_rejects",66144.2,0
"enc_rejects",66144.2,0
"enc_rejects",66144.2,0
"enc_rejects",66144.2,0
"enc_rejects",66144.2,0
"enc_rejects",66144.2,0
"enc_rejects",66144.2,0
"enc_rejects",66144.2,0
"enc_rejects",66144.2,0
"enc_rejects",66144.2,0
"enc_rejects",66144.2,0
"enc_rejects",66144.3,0
"enc_rejects",66144.3,0
"enc_rejects",66144.3,0
"enc_rejects",66144.3,0
"enc_rejects",66144.3,0
"enc_rejects",66144.3,0
"enc_rejects",66144.3,0
"enc_rejects",66144.3,0
"enc_rejects",66144.3,0
"enc_rejects",66144.4,0
"enc_rejects",66144.4,0
"enc_rejects",66144.4,0
"enc_rejects",66144.4,0
"enc_rejects",66144.4,0
"enc_rejects",66144.4,0
"enc_rejects",66144.4,0
"enc_rejects",66144.4,0
"enc_rejects",66144.4,0
"enc_rejects",66144.4,0
"enc_rejects",66144.5,0
"enc_rejects",66144.5,0
"enc_rejects",66144.5,0
"enc_rejects",66144.5,0
"enc_rejects",66144.5,0
"enc_rejects",66144.5,0
"enc_rejects",66144.5,0
"enc_rejects",66144.5,0
"enc_rejects",66144.5,0
"enc_rejects",66144.5,0
"enc_rejects",66144.6,0
"enc_rejects",66144.6,0
"enc_rejects",66144.6,0
"enc_rejects",66144.6,0
"enc_rejects",66144.6,0
"enc_rejects",66144.6,0
"enc_rejects",66144.6,0
"enc_rejects",66144.6,0
"enc_rejects",66144.6,0
"enc_rejects",66144.6,0
"enc_rejects",66144.6,0
"enc_rejects",66144.7,0
"enc_rejects",66144.7,0
"enc_rejects",66144.7,0
"enc_rejects",66144.7,0
"enc_rejects",66144.7,0
"enc_rejects",66144.8,0
"enc_rejects",66144.8,0
"enc_rejects",66144.8,0
"enc_rejects",66144.8,0
"enc_rejects",66144.8,0
"enc_rejects",66144.8,0
"enc_rejects",66144.8,0
"enc_rejects",66144.8,0
"enc_rejects",66144.9,0
"enc_rejects",66144.9,0
"enc_rejects",66144.9,0
"enc_rejects",66144.9,0
"enc_rejects",66144.9,0
"enc_rejects",66144.9,0
"enc_rejects",66145,0
"enc_rejects",66145,0
"enc_rejects",66145,0
"enc_rejects",66145,0
"enc_rejects",66145,0
"enc_rejects",66145,0
"enc_rejects",66145,0
"enc_rejects",66145.1,0
"enc_rejects",66145.1,0
"enc_rejects",66145.1,0
"enc_rejects",66145.1,0
"enc_rejects",66145.1,0
"enc_rejects",66145.1,0
"enc_rejects",66145.1,0
"enc_rejects",66145.2,0
"enc_rejects",66145.2,0
"enc_rejects",66145.2,0
"enc_rejects",66145.2,0
"enc_rejects",66145.2,0
"enc_rejects",66145.2,0
"enc_rejects",66145.2,0
"enc_rejects",66145.2,0
"enc_rejects",66145.2,0
"enc_rejects",66145.3,0
"enc_rejects",66145.3,0
"enc_rejects",66145.3,0
"enc_rejects",66145.3,0
"enc_rejects",66145.3,0
"enc_rejects",66145.3,0
"enc_rejects",66145.3,0
"enc_rejects",66145.3,0
"enc_rejects",66145.3,0
"enc_rejects",66145.3,0
"enc_rejects",66145.4,0
"enc_rejects",66145.4,0
"enc_rejects",66145.4,0
"enc_rejects",66145.4,0
"enc_rejects",66145.4,0
"enc_rejects",66145.4,0
"enc_rejects",66145.4,0
"enc_rejects",66145.4,0
"enc_rejects",66145.4,0
"enc_rejects",66145.4,0
"enc_rejects",66145.4,0
"enc_rejects",66145.5,0
"enc_rejects",66145.5,0
"enc_rejects",66145.5,0
"enc_rejects",66145.5,0
"enc_rejects",66145.5,0
"enc_rejects",66145.5,0
"enc_rejects",66145.5,0
"enc_rejects",66145.5,0
"enc_rejects",66145.5,0
"enc_rejects",66145.5,0
"enc_rejects",66145.5,0
"enc_rejects",66145.5,0
"enc_rejects",66145.6,0
"enc_rejects",66145.6,0
"enc_rejects",66145.6,0
"enc_rejects",66145.6,0
"enc_rejects",66145.6,0
"enc_rejects",66145.6,0
"enc_rejects",66145.6,0
"enc_rejects",66145.6,0
"enc_rejects",66145.6,0
"enc_rejects",66145.6,0
"enc_rejects",66145.6,0
"enc_rejects",66145.7,0
"enc_rejects",66145.7,0
"enc_rejects",66145.7,0
"enc_rejects",66145.7,0
"enc_rejects",66145.7,0
"enc_rejects",66145.7,0
"enc_rejects",66145.7,0
"enc_rejects",66145.7,0
"enc_rejects",66145.7,0
"enc_rejects",66145.7,0
"enc_rejects",66145.8,0
"enc_rejects",66145.8,0
"enc_rejects",66145.8,0
"enc_rejects",66145.8,0
"enc_rejects",66145.8,0
"enc_rejects",66145.8,0
"enc_rejects",66145.8,0
"enc_rejects",66145.8,0
"enc_rejects",66145.8,0
"enc_rejects",66145.8,0
"enc_rejects",66145.8,0
"enc_rejects",66145.8,0
"enc_rejects",66145.9,0
"enc_rejects",66145.9,0
"enc_rejects",66145.9,0
"enc_rejects",66145.9,0
"enc_rejects",66145.9,0
"enc_rejects",66145.9,0
"enc_rejects",66145.9,0
"enc_rejects",66145.9,0
"enc_rejects",66145.9,0
"enc_rejects",66145.9,0
"enc_rejects",66146,0
"enc_rejects",66146,0
"enc_rejects",66146,0
"enc_rejects",66146,0
"enc_rejects",66146,0
"enc_rejects",66146,0
"enc_rejects",66146,0
"enc_rejects",66146,0
"enc_rejects",66146,0
"enc_rejects",66146,0
"enc_rejects",66146.1,0
"enc_rejects",66146.1,0
"enc_rejects",66146.1,0
"enc_rejects",66146.1,0
"enc_rejects",66146.1,0
"enc_rejects",66146.1,0
"enc_rejects",66146.1,0
"enc_rejects",66146.1,0
"enc_rejects",66146.1,0
"enc_rejects",66146.1,0
"enc_rejects",66146.2,0
"enc_rejects",66146.2,0
"enc_rejects",66146.2,0
"enc_rejects",66146.2,0
"enc_rejects",66146.2,0
"enc_rejects",66146.2,0
"enc_rejects",66146.2,0
"enc_rejects",66146.2,0
"enc_rejects",66146.2,0
"enc_rejects",66146.2,0
"enc_rejects",66146.3,0
"enc_rejects",66146.3,0
"enc_rejects",66146.3,0
"enc_rejects",66146.3,0
"enc_rejects",66146.3,0
"enc_rejects",66146.3,0
"enc_rejects",66146.3,0
"enc_rejects",66146.3,0
"enc_rejects",66146.3,0
"enc_rejects",66146.3,0
"enc_rejects",66146.4,0
"enc_rejects",66146.4,0
"enc_rejects",66146.4,0
"enc_rejects",66146.4,0
"enc_rejects",66146.4,0
"enc_rejects",66146.4,0
"enc_rejects",66146.4,0
"enc_rejects",66146.4,0
"enc_rejects",66146.4,0
"enc_rejects",66146.4,0
"enc_rejects",66146.5,0
"enc_rejects",66146.5,0
"enc_rejects",66146.5,0
"enc_rejects",66146.5,0
"enc_rejects",66146.5,0
"enc_rejects",66146.5,0
"enc_rejects",66146.5,0
"enc_rejects",66146.5,0
"enc_rejects",66146.5,0
"enc_rejects",66146.6,0
"enc_rejects",66146.6,0
"enc_rejects",66146.6,0
"enc_rejects",66146.6,0
"enc_rejects",66146.6,0
"enc_rejects",66146.6,0
"enc_rejects",66146.6,0
"enc_rejects",66146.6,0
"enc_rejects",66146.6,0
"enc_rejects",66146.6,0
"enc_rejects",66146.6,0
"enc_rejects",66146.7,0
"enc_rejects",66146.7,0
"enc_rejects",66146.7,0
"enc_rejects",66146.7,0
"enc_rejects",66146.7,0
"enc_rejects",66146.7,0
"enc_rejects",66146.7,0
"enc_rejects",66146.7,0
"enc_rejects",66146.7,0
"enc_rejects",66146.8,0
"enc_rejects",66146.8,0
"enc_rejects",66146.8,0
"enc_rejects",66146.8,0
"enc_rejects",66146.8,0
"enc_rejects",66146.8,0
"enc_rejects",66146.8,0
"enc_rejects",66146.8,0
"enc_rejects",66146.8,0
"enc_rejects",66146.8,0
"enc_rejects",66146.9,0
"enc_rejects",66146.9,0
"enc_rejects",66146.9,0
"enc_rejects",66146.9,0
"enc_rejects",66146.9,0
"enc_rejects",66146.9,0
"enc_rejects",66146.9,0
"enc_rejects",66146.9,0
"enc_rejects",66146.9,0
"enc_rejects",66146.9,0
"enc_rejects",66147,0
"enc_rejects",66147,0
"enc_rejects",66147,0
"enc_rejects",66147,0
"enc_rejects",66147,0
"enc_rejects",66147,0
"enc_rejects",66147,0
"enc_rejects",66147,0
"enc_rejects",66147,0
"enc_rejects",66147,0
"enc_rejects",66147.1,0
"enc_rejects",66147.1,0
"enc_rejects",66147.1,0
