signal,time_s,value
"Mech_RPM",65926.4,-498.685
"Mech_RPM",65926.4,-498.685
"Mech_RPM",65926.4,-498.67
"Mech_RPM",65926.4,-498.67
"Mech_RPM",65926.4,-498.66
"Mech_RPM",65926.4,-498.66
"Mech_RPM",65926.5,-498.833
"Mech_RPM",65926.5,-498.833
"Mech_RPM",65926.5,-498.689
"Mech_RPM",65926.5,-498.689
"Mech_RPM",65926.5,-498.778
"Mech_RPM",65926.5,-498.778
"Mech_RPM",65926.5,-498.839
"Mech_RPM",65926.5,-498.839
"Mech_RPM",65926.5,-498.722
"Mech_RPM",65926.5,-498.722
"Mech_RPM",65926.6,-498.815
"Mech_RPM",65926.6,-498.815
"Mech_RPM",65926.6,-498.766
"Mech_RPM",65926.6,-498.766
"Mech_RPM",65926.6,-498.707
"Mech_RPM",65926.6,-498.707
"Mech_RPM",65926.6,-498.801
"Mech_RPM",65926.6,-498.801
"Mech_RPM",65926.6,-498.772
"Mech_RPM",65926.6,-498.772
"Mech_RPM",65926.7,-498.755
"Mech_RPM",65926.7,-498.755
"Mech_RPM",65926.7,-498.739
"Mech_RPM",65926.7,-498.739
"Mech_RPM",65926.7,-498.873
"Mech_RPM",65926.7,-498.873
"Mech_RPM",65926.7,-498.713
"Mech_RPM",65926.7,-498.713
"Mech_RPM",65926.7,-498.703
"Mech_RPM",65926.7,-498.703
"Mech_RPM",65926.8,-498.796
"Mech_RPM",65926.8,-498.796
"Mech_RPM",65926.8,-498.789
"Mech_RPM",65926.8,-498.789
"Mech_RPM",65926.8,-498.756
"Mech_RPM",65926.8,-498.756
"Mech_RPM",65926.8,-498.927
"Mech_RPM",65926.8,-498.927
"Mech_RPM",65926.8,-498.766
"Mech_RPM",65926.8,-498.766
"Mech_RPM",65926.9,-498.739
"Mech_RPM",65926.9,-498.739
"Mech_RPM",65926.9,-498.832
"Mech_RPM",65926.9,-498.832
"Mech_RPM",65926.9,-498.917
"Mech_RPM",65926.9,-498.917
"Mech_RPM",65926.9,-498.908
"Mech_RPM",65926.9,-498.908
"Mech_RPM",65926.9,-498.878
"Mech_RPM",65926.9,-498.878
"Mech_RPM",65927,-498.843
"Mech_RPM",65927,-498.843
"Mech_RPM",65927,-498.829
"Mech_RPM",65927,-498.829
"Mech_RPM",65927,-498.978
"Mech_RPM",65927,-498.978
"Mech_RPM",65927,-498.951
"Mech_RPM",65927,-498.951
"Mech_RPM",65927,-498.879
"Mech_RPM",65927,-498.879
"Mech_RPM",65927.1,-499.031
"Mech_RPM",65927.1,-499.031
"Mech_RPM",65927.1,-498.853
"Mech_RPM",65927.1,-498.853
"Mech_RPM",65927.1,-498.839
"Mech_RPM",65927.1,-498.839
"Mech_RPM",65927.1,-499.003
"Mech_RPM",65927.1,-499.003
"Mech_RPM",65927.1,-498.846
"Mech_RPM",65927.1,-498.846
"Mech_RPM",65927.2,-498.843
"Mech_RPM",65927.2,-498.843
"Mech_RPM",65927.2,-498.887
"Mech_RPM",65927.2,-498.887
"Mech_RPM",65927.2,-498.852
"Mech_RPM",65927.2,-498.852
"Mech_RPM",65927.2,-498.838
"Mech_RPM",65927.2,-498.838
"Mech_RPM",65927.2,-498.987
"Mech_RPM",65927.2,-498.987
"Mech_RPM",65927.2,-498.866
"Mech_RPM",65927.3,-498.866
"Mech_RPM",65927.3,-498.931
"Mech_RPM",65927.3,-498.931
"Mech_RPM",65927.3,-498.895
"Mech_RPM",65927.3,-498.895
"Mech_RPM",65927.3,-498.88
"Mech_RPM",65927.3,-498.88
"Mech_RPM",65927.3,-498.924
"Mech_RPM",65927.3,-498.924
"Mech_RPM",65927.3,-498.909
"Mech_RPM",65927.4,-498.909
"Mech_RPM",65927.4,-498.92
"Mech_RPM",65927.4,-498.92
"Mech_RPM",65927.4,-498.994
"Mech_RPM",65927.4,-498.994
"Mech_RPM",65927.4,-499.035
"Mech_RPM",65927.4,-499.035
"Mech_RPM",65927.4,-498.965
"Mech_RPM",65927.4,-498.965
"Mech_RPM",65927.4,-498.913
"Mech_RPM",65927.5,-498.913
"Mech_RPM",65927.5,-498.992
"Mech_RPM",65927.5,-498.992
"Mech_RPM",65927.5,-498.861
"Mech_RPM",65927.5,-498.861
"Mech_RPM",65927.5,-498.822
"Mech_RPM",65927.5,-498.822
"Mech_RPM",65927.5,-498.97
"Mech_RPM",65927.5,-498.97
"Mech_RPM",65927.5,-498.835
"Mech_RPM",65927.6,-498.835
"Mech_RPM",65927.6,-498.9
"Mech_RPM",65927.6,-498.9
"Mech_RPM",65927.6,-498.838
"Mech_RPM",65927.6,-498.838
"Mech_RPM",65927.6,-498.919
"Mech_RPM",65927.6,-498.919
"Mech_RPM",65927.6,-498.93
"Mech_RPM",65927.6,-498.93
"Mech_RPM",65927.6,-498.884
"Mech_RPM",65927.7,-498.884
"Mech_RPM",65927.7,-498.937
"Mech_RPM",65927.7,-498.937
"Mech_RPM",65927.7,-498.781
"Mech_RPM",65927.7,-498.781
"Mech_RPM",65927.7,-498.915
"Mech_RPM",65927.7,-498.915
"Mech_RPM",65927.7,-498.869
"Mech_RPM",65927.7,-498.869
"Mech_RPM",65927.7,-498.736
"Mech_RPM",65927.8,-498.736
"Mech_RPM",65927.8,-498.808
"Mech_RPM",65927.8,-498.808
"Mech_RPM",65927.8,-498.79
"Mech_RPM",65927.8,-498.79
"Mech_RPM",65927.8,-498.835
"Mech_RPM",65927.8,-498.835
"Mech_RPM",65927.8,-498.801
"Mech_RPM",65927.8,-498.801
"Mech_RPM",65927.8,-498.867
"Mech_RPM",65927.9,-498.867
"Mech_RPM",65927.9,-498.775
"Mech_RPM",65927.9,-498.775
"Mech_RPM",65927.9,-498.81
"Mech_RPM",65927.9,-498.81
"Mech_RPM",65927.9,-498.865
"Mech_RPM",65927.9,-498.865
"Mech_RPM",65927.9,-498.726
"Mech_RPM",65927.9,-498.726
"Mech_RPM",65927.9,-498.788
"Mech_RPM",65928,-498.788
"Mech_RPM",65928,-498.786
"Mech_RPM",65928,-498.786
"Mech_RPM",65928,-498.769
"Mech_RPM",65928,-498.769
"Mech_RPM",65928,-498.903
"Mech_RPM",65928,-498.903
"Mech_RPM",65928,-498.852
"Mech_RPM",65928,-498.852
"Mech_RPM",65928,-498.828
"Mech_RPM",65928.1,-498.828
"Mech_RPM",65928.1,-498.898
"Mech_RPM",65928.1,-498.898
"Mech_RPM",65928.1,-498.743
"Mech_RPM",65928.1,-498.743
"Mech_RPM",65928.1,-498.857
"Mech_RPM",65928.1,-498.857
"Mech_RPM",65928.1,-498.791
"Mech_RPM",65928.1,-498.791
"Mech_RPM",65928.1,-498.727
"Mech_RPM",65928.2,-498.727
"Mech_RPM",65928.2,-498.705
"Mech_RPM",65928.2,-498.705
"Mech_RPM",65928.2,-498.794
"Mech_RPM",65928.2,-498.794
"Mech_RPM",65928.2,-498.859
"Mech_RPM",65928.2,-498.859
"Mech_RPM",65928.2,-498.757
"Mech_RPM",65928.2,-498.757
"Mech_RPM",65928.2,-498.834
"Mech_RPM",65928.2,-498.834
"Mech_RPM",65928.3,-498.759
"Mech_RPM",65928.3,-498.759
"Mech_RPM",65928.3,-498.71
"Mech_RPM",65928.3,-498.71
"Mech_RPM",65928.3,-498.741
"Mech_RPM",65928.3,-498.741
"Mech_RPM",65928.3,-498.84
"Mech_RPM",65928.3,-498.84
"Mech_RPM",65928.3,-498.727
"Mech_RPM",65928.4,-498.727
"Mech_RPM",65928.4,-498.779
"Mech_RPM",65928.4,-498.779
"Mech_RPM",65928.4,-498.746
"Mech_RPM",65928.4,-498.746
"Mech_RPM",65928.4,-498.714
"Mech_RPM",65928.4,-498.714
"Mech_RPM",65928.4,-498.891
"Mech_RPM",65928.4,-498.891
"Mech_RPM",65928.4,-498.777
"Mech_RPM",65928.4,-498.777
"Mech_RPM",65928.5,-498.76
"Mech_RPM",65928.5,-498.76
"Mech_RPM",65928.5,-498.816
"Mech_RPM",65928.5,-498.816
"Mech_RPM",65928.5,-498.772
"Mech_RPM",65928.5,-498.772
"Mech_RPM",65928.5,-498.812
"Mech_RPM",65928.5,-498.812
"Mech_RPM",65928.5,-498.862
"Mech_RPM",65928.5,-498.862
"Mech_RPM",65928.6,-498.864
"Mech_RPM",65928.6,-498.864
"Mech_RPM",65928.6,-498.772
"Mech_RPM",65928.6,-498.772
"Mech_RPM",65928.6,-498.953
"Mech_RPM",65928.6,-498.953
"Mech_RPM",65928.6,-498.906
"Mech_RPM",65928.6,-498.906
"Mech_RPM",65928.6,-498.834
"Mech_RPM",65928.6,-498.834
"Mech_RPM",65928.7,-498.832
"Mech_RPM",65928.7,-498.832
"Mech_RPM",65928.7,-498.803
"Mech_RPM",65928.7,-498.803
"Mech_RPM",65928.7,-498.884
"Mech_RPM",65928.7,-498.884
"Mech_RPM",65928.7,-498.938
"Mech_RPM",65928.7,-498.938
"Mech_RPM",65928.7,-498.803
"Mech_RPM",65928.8,-498.803
"Mech_RPM",65928.8,-498.764
"Mech_RPM",65928.8,-498.764
"Mech_RPM",65928.8,-498.794
"Mech_RPM",65928.8,-498.794
"Mech_RPM",65928.8,-498.865
"Mech_RPM",65928.8,-498.865
"Mech_RPM",65928.8,-498.763
"Mech_RPM",65928.8,-498.763
"Mech_RPM",65928.8,-498.918
"Mech_RPM",65928.8,-498.918
"Mech_RPM",65928.9,-498.861
"Mech_RPM",65928.9,-498.861
"Mech_RPM",65928.9,-498.697
"Mech_RPM",65928.9,-498.697
"Mech_RPM",65928.9,-498.889
"Mech_RPM",65928.9,-498.889
"Mech_RPM",65928.9,-498.75
"Mech_RPM",65928.9,-498.75
"Mech_RPM",65928.9,-498.697
"Mech_RPM",65928.9,-498.697
"Mech_RPM",65929,-498.848
"Mech_RPM",65929,-498.848
"Mech_RPM",65929,-498.725
"Mech_RPM",65929,-498.725
"Mech_RPM",65929,-498.657
"Mech_RPM",65929,-498.657
"Mech_RPM",65929,-498.824
"Mech_RPM",65929,-498.824
"Mech_RPM",65929,-498.718
"Mech_RPM",65929,-498.718
"Mech_RPM",65929.1,-498.717
"Mech_RPM",65929.1,-498.717
"Mech_RPM",65929.1,-498.753
"Mech_RPM",65929.1,-498.753
"Mech_RPM",65929.1,-498.705
"Mech_RPM",65929.1,-498.705
"Mech_RPM",65929.1,-498.752
"Mech_RPM",65929.1,-498.752
"Mech_RPM",65929.1,-498.808
"Mech_RPM",65929.1,-498.808
"Mech_RPM",65929.2,-498.686
"Mech_RPM",65929.2,-498.686
"Mech_RPM",65929.2,-498.759
"Mech_RPM",65929.2,-498.759
"Mech_RPM",65929.2,-498.717
"Mech_RPM",65929.2,-498.717
"Mech_RPM",65929.2,-498.747
"Mech_RPM",65929.2,-498.747
"Mech_RPM",65929.2,-498.72
"Mech_RPM",65929.2,-498.72
"Mech_RPM",65929.3,-498.673
"Mech_RPM",65929.3,-498.673
"Mech_RPM",65929.3,-498.668
"Mech_RPM",65929.3,-498.668
"Mech_RPM",65929.3,-498.747
"Mech_RPM",65929.3,-498.747
"Mech_RPM",65929.3,-498.751
"Mech_RPM",65929.3,-498.751
"Mech_RPM",65929.3,-498.693
"Mech_RPM",65929.3,-498.693
"Mech_RPM",65929.4,-498.625
"Mech_RPM",65929.4,-498.625
"Mech_RPM",65929.4,-498.653
"Mech_RPM",65929.4,-498.653
"Mech_RPM",65929.4,-498.747
"Mech_RPM",65929.4,-498.747
"Mech_RPM",65929.4,-498.746
"Mech_RPM",65929.4,-498.746
"Mech_RPM",65929.4,-498.704
"Mech_RPM",65929.4,-498.704
"Mech_RPM",65929.5,-498.766
"Mech_RPM",65929.5,-498.766
"Mech_RPM",65929.5,-498.629
"Mech_RPM",65929.5,-498.629
"Mech_RPM",65929.5,-498.688
"Mech_RPM",65929.5,-498.688
"Mech_RPM",65929.5,-498.688
"Mech_RPM",65929.5,-498.688
"Mech_RPM",65929.5,-498.673
"Mech_RPM",65929.5,-498.673
"Mech_RPM",65929.6,-498.845
"Mech_RPM",65929.6,-498.845
"Mech_RPM",65929.6,-498.801
"Mech_RPM",65929.6,-498.801
"Mech_RPM",65929.6,-498.637
"Mech_RPM",65929.6,-498.637
"Mech_RPM",65929.6,-498.706
"Mech_RPM",65929.6,-498.706
"Mech_RPM",65929.6,-498.789
"Mech_RPM",65929.6,-498.789
"Mech_RPM",65929.7,-498.777
"Mech_RPM",65929.7,-498.777
"Mech_RPM",65929.7,-498.749
"Mech_RPM",65929.7,-498.749
"Mech_RPM",65929.7,-498.717
"Mech_RPM",65929.7,-498.717
"Mech_RPM",65929.7,-498.701
"Mech_RPM",65929.7,-498.701
"Mech_RPM",65929.7,-498.758
"Mech_RPM",65929.8,-498.758
"Mech_RPM",65929.8,-498.747
"Mech_RPM",65929.8,-498.747
"Mech_RPM",65929.8,-498.819
"Mech_RPM",65929.8,-498.819
"Mech_RPM",65929.8,-498.92
"Mech_RPM",65929.8,-498.92
"Mech_RPM",65929.8,-498.765
"Mech_RPM",65929.8,-498.765
"Mech_RPM",65929.8,-498.732
"Mech_RPM",65929.8,-498.732
"Mech_RPM",65929.9,-498.903
"Mech_RPM",65929.9,-498.903
"Mech_RPM",65929.9,-498.78
"Mech_RPM",65929.9,-498.78
"Mech_RPM",65929.9,-498.84
"Mech_RPM",65929.9,-498.84
"Mech_RPM",65929.9,-498.801
"Mech_RPM",65929.9,-498.801
"Mech_RPM",65929.9,-498.773
"Mech_RPM",65929.9,-498.773
"Mech_RPM",65930,-498.735
"Mech_RPM",65930,-498.735
"Mech_RPM",65930,-498.849
"Mech_RPM",65930,-498.849
"Mech_RPM",65930,-498.721
"Mech_RPM",65930,-498.721
"Mech_RPM",65930,-498.7
"Mech_RPM",65930,-498.7
"Mech_RPM",65930,-498.845
"Mech_RPM",65930,-498.845
"Mech_RPM",65930.1,-498.78
"Mech_RPM",65930.1,-498.78
"Mech_RPM",65930.1,-498.658
"Mech_RPM",65930.1,-498.658
"Mech_RPM",65930.1,-498.784
"Mech_RPM",65930.1,-498.784
"Mech_RPM",65930.1,-498.684
"Mech_RPM",65930.1,-498.684
"Mech_RPM",65930.1,-498.637
"Mech_RPM",65930.1,-498.637
"Mech_RPM",65930.2,-498.794
"Mech_RPM",65930.2,-498.794
"Mech_RPM",65930.2,-498.735
"Mech_RPM",65930.2,-498.735
"Mech_RPM",65930.2,-498.698
"Mech_RPM",65930.2,-498.698
"Mech_RPM",65930.2,-498.74
"Mech_RPM",65930.2,-498.74
"Mech_RPM",65930.2,-498.713
"Mech_RPM",65930.2,-498.713
"Mech_RPM",65930.3,-498.723
"Mech_RPM",65930.3,-498.723
"Mech_RPM",65930.3,-498.644
"Mech_RPM",65930.3,-498.644
"Mech_RPM",65930.3,-498.713
"Mech_RPM",65930.3,-498.713
"Mech_RPM",65930.3,-498.562
"Mech_RPM",65930.3,-498.562
"Mech_RPM",65930.3,-498.669
"Mech_RPM",65930.4,-498.669
"Mech_RPM",65930.4,-498.737
"Mech_RPM",65930.4,-498.737
"Mech_RPM",65930.4,-498.637
"Mech_RPM",65930.4,-498.637
"Mech_RPM",65930.4,-498.826
"Mech_RPM",65930.4,-498.826
"Mech_RPM",65930.4,-498.667
"Mech_RPM",65930.4,-498.667
"Mech_RPM",65930.4,-498.626
"Mech_RPM",65930.4,-498.626
"Mech_RPM",65930.5,-498.773
"Mech_RPM",65930.5,-498.773
"Mech_RPM",65930.5,-498.668
"Mech_RPM",65930.5,-498.668
"Mech_RPM",65930.5,-498.741
"Mech_RPM",65930.5,-498.741
"Mech_RPM",65930.5,-498.725
"Mech_RPM",65930.5,-498.725
"Mech_RPM",65930.5,-498.766
"Mech_RPM",65930.5,-498.766
"Mech_RPM",65930.6,-498.619
"Mech_RPM",65930.6,-498.619
"Mech_RPM",65930.6,-498.782
"Mech_RPM",65930.6,-498.782
"Mech_RPM",65930.6,-498.764
"Mech_RPM",65930.6,-498.764
"Mech_RPM",65930.6,-498.716
"Mech_RPM",65930.6,-498.716
"Mech_RPM",65930.6,-498.695
"Mech_RPM",65930.6,-498.695
"Mech_RPM",65930.7,-498.778
"Mech_RPM",65930.7,-498.778
"Mech_RPM",65930.7,-498.73
"Mech_RPM",65930.7,-498.73
"Mech_RPM",65930.7,-498.708
"Mech_RPM",65930.7,-498.708
"Mech_RPM",65930.7,-498.771
"Mech_RPM",65930.7,-498.771
"Mech_RPM",65930.7,-498.738
"Mech_RPM",65930.8,-498.738
"Mech_RPM",65930.8,-498.722
"Mech_RPM",65930.8,-498.722
"Mech_RPM",65930.8,-498.695
"Mech_RPM",65930.8,-498.695
"Mech_RPM",65930.8,-498.633
"Mech_RPM",65930.8,-498.633
"Mech_RPM",65930.8,-498.696
"Mech_RPM",65930.8,-498.696
"Mech_RPM",65930.8,-498.795
"Mech_RPM",65930.8,-498.795
"Mech_RPM",65930.9,-498.762
"Mech_RPM",65930.9,-498.762
"Mech_RPM",65930.9,-498.86
"Mech_RPM",65930.9,-498.86
"Mech_RPM",65930.9,-498.742
"Mech_RPM",65930.9,-498.742
"Mech_RPM",65930.9,-498.715
"Mech_RPM",65930.9,-498.715
"Mech_RPM",65930.9,-498.788
"Mech_RPM",65930.9,-498.788
"Mech_RPM",65931,-498.796
"Mech_RPM",65931,-498.796
"Mech_RPM",65931,-498.763
"Mech_RPM",65931,-498.763
"Mech_RPM",65931,-498.83
"Mech_RPM",65931,-498.83
"Mech_RPM",65931,-498.822
"Mech_RPM",65931,-498.822
"Mech_RPM",65931,-498.819
"Mech_RPM",65931,-498.819
"Mech_RPM",65931.1,-498.759
"Mech_RPM",65931.1,-498.759
"Mech_RPM",65931.1,-498.842
"Mech_RPM",65931.1,-498.842
"Mech_RPM",65931.1,-498.724
"Mech_RPM",65931.1,-498.724
"Mech_RPM",65931.1,-498.895
"Mech_RPM",65931.1,-498.895
"Mech_RPM",65931.1,-498.886
"Mech_RPM",65931.1,-498.886
"Mech_RPM",65931.2,-498.721
"Mech_RPM",65931.2,-498.721
"Mech_RPM",65931.2,-498.773
"Mech_RPM",65931.2,-498.773
"Mech_RPM",65931.2,-498.839
"Mech_RPM",65931.2,-498.839
"Mech_RPM",65931.2,-498.82
"Mech_RPM",65931.2,-498.82
"Mech_RPM",65931.2,-498.761
"Mech_RPM",65931.2,-498.761
"Mech_RPM",65931.3,-498.702
"Mech_RPM",65931.3,-498.702
"Mech_RPM",65931.3,-498.666
"Mech_RPM",65931.3,-498.666
"Mech_RPM",65931.3,-498.703
"Mech_RPM",65931.3,-498.703
"Mech_RPM",65931.3,-498.781
"Mech_RPM",65931.3,-498.781
"Mech_RPM",65931.3,-498.743
"Mech_RPM",65931.3,-498.743
"Mech_RPM",65931.4,-498.815
"Mech_RPM",65931.4,-498.815
"Mech_RPM",65931.4,-498.713
"Mech_RPM",65931.4,-498.713
"Mech_RPM",65931.4,-498.734
"Mech_RPM",65931.4,-498.734
"Mech_RPM",65931.4,-498.817
"Mech_RPM",65931.4,-498.817
"Mech_RPM",65931.4,-498.804
"Mech_RPM",65931.4,-498.804
"Mech_RPM",65931.5,-498.77
"Mech_RPM",65931.5,-498.77
"Mech_RPM",65931.5,-498.753
"Mech_RPM",65931.5,-498.753
"Mech_RPM",65931.5,-498.846
"Mech_RPM",65931.5,-498.846
"Mech_RPM",65931.5,-498.822
"Mech_RPM",65931.5,-498.822
"Mech_RPM",65931.5,-498.726
"Mech_RPM",65931.5,-498.726
"Mech_RPM",65931.6,-498.736
"Mech_RPM",65931.6,-498.736
"Mech_RPM",65931.6,-498.699
"Mech_RPM",65931.6,-498.699
"Mech_RPM",65931.6,-498.777
"Mech_RPM",65931.6,-498.777
"Mech_RPM",65931.6,-498.843
"Mech_RPM",65931.6,-498.843
"Mech_RPM",65931.6,-498.689
"Mech_RPM",65931.6,-498.689
"Mech_RPM",65931.7,-498.835
"Mech_RPM",65931.7,-498.835
"Mech_RPM",65931.7,-498.738
"Mech_RPM",65931.7,-498.738
"Mech_RPM",65931.7,-498.795
"Mech_RPM",65931.7,-498.795
"Mech_RPM",65931.7,-498.751
"Mech_RPM",65931.7,-498.751
"Mech_RPM",65931.7,-498.714
"Mech_RPM",65931.8,-498.714
"Mech_RPM",65931.8,-498.656
"Mech_RPM",65931.8,-498.656
"Mech_RPM",65931.8,-498.813
"Mech_RPM",65931.8,-498.813
"Mech_RPM",65931.8,-498.801
"Mech_RPM",65931.8,-498.801
"Mech_RPM",65931.8,-498.783
"Mech_RPM",65931.8,-498.783
"Mech_RPM",65931.8,-498.854
"Mech_RPM",65931.8,-498.854
"Mech_RPM",65931.9,-498.742
"Mech_RPM",65931.9,-498.742
"Mech_RPM",65931.9,-498.683
"Mech_RPM",65931.9,-498.683
"Mech_RPM",65931.9,-498.856
"Mech_RPM",65931.9,-498.856
"Mech_RPM",65931.9,-498.847
"Mech_RPM",65931.9,-498.847
"Mech_RPM",65931.9,-498.803
"Mech_RPM",65931.9,-498.803
"Mech_RPM",65932,-498.738
"Mech_RPM",65932,-498.738
"Mech_RPM",65932,-498.695
"Mech_RPM",65932,-498.695
"Mech_RPM",65932,-498.617
"Mech_RPM",65932,-498.617
"Mech_RPM",65932,-498.807
"Mech_RPM",65932,-498.807
"Mech_RPM",65932,-498.804
"Mech_RPM",65932,-498.804
"Mech_RPM",65932.1,-498.755
"Mech_RPM",65932.1,-498.755
"Mech_RPM",65932.1,-498.838
"Mech_RPM",65932.1,-498.838
"Mech_RPM",65932.1,-498.819
"Mech_RPM",65932.1,-498.819
"Mech_RPM",65932.1,-498.666
"Mech_RPM",65932.1,-498.666
"Mech_RPM",65932.1,-498.713
"Mech_RPM",65932.1,-498.713
"Mech_RPM",65932.2,-498.708
"Mech_RPM",65932.2,-498.708
"Mech_RPM",65932.2,-498.749
"Mech_RPM",65932.2,-498.749
"Mech_RPM",65932.2,-498.753
"Mech_RPM",65932.2,-498.753
"Mech_RPM",65932.2,-498.851
"Mech_RPM",65932.2,-498.851
"Mech_RPM",65932.2,-498.744
"Mech_RPM",65932.2,-498.744
"Mech_RPM",65932.3,-498.738
"Mech_RPM",65932.3,-498.738
"Mech_RPM",65932.3,-498.815
"Mech_RPM",65932.3,-498.815
"Mech_RPM",65932.3,-498.776
"Mech_RPM",65932.3,-498.776
"Mech_RPM",65932.3,-498.868
"Mech_RPM",65932.3,-498.868
"Mech_RPM",65932.3,-498.834
"Mech_RPM",65932.4,-498.834
"Mech_RPM",65932.4,-498.654
"Mech_RPM",65932.4,-498.654
"Mech_RPM",65932.4,-498.702
"Mech_RPM",65932.4,-498.702
"Mech_RPM",65932.4,-498.697
"Mech_RPM",65932.4,-498.697
"Mech_RPM",65932.4,-498.78
"Mech_RPM",65932.4,-498.78
"Mech_RPM",65932.4,-498.841
"Mech_RPM",65932.5,-498.841
"Mech_RPM",65932.5,-498.723
"Mech_RPM",65932.5,-498.723
"Mech_RPM",65932.5,-498.686
"Mech_RPM",65932.5,-498.686
"Mech_RPM",65932.5,-498.806
"Mech_RPM",65932.5,-498.806
"Mech_RPM",65932.5,-498.69
"Mech_RPM",65932.5,-498.69
"Mech_RPM",65932.5,-498.653
"Mech_RPM",65932.5,-498.653
"Mech_RPM",65932.6,-498.816
"Mech_RPM",65932.6,-498.816
"Mech_RPM",65932.6,-498.808
"Mech_RPM",65932.6,-498.808
"Mech_RPM",65932.6,-498.764
"Mech_RPM",65932.6,-498.764
"Mech_RPM",65932.6,-498.825
"Mech_RPM",65932.6,-498.825
"Mech_RPM",65932.6,-498.75
"Mech_RPM",65932.6,-498.75
"Mech_RPM",65932.7,-498.712
"Mech_RPM",65932.7,-498.712
"Mech_RPM",65932.7,-498.858
"Mech_RPM",65932.7,-498.858
"Mech_RPM",65932.7,-498.756
"Mech_RPM",65932.7,-498.756
"Mech_RPM",65932.7,-498.791
"Mech_RPM",65932.7,-498.791
"Mech_RPM",65932.7,-498.742
"Mech_RPM",65932.8,-498.742
"Mech_RPM",65932.8,-498.773
"Mech_RPM",65932.8,-498.773
"Mech_RPM",65932.8,-498.834
"Mech_RPM",65932.8,-498.834
"Mech_RPM",65932.8,-498.805
"Mech_RPM",65932.8,-498.805
"Mech_RPM",65932.8,-498.897
"Mech_RPM",65932.8,-498.897
"Mech_RPM",65932.8,-498.721
"Mech_RPM",65932.9,-498.721
"Mech_RPM",65932.9,-498.866
"Mech_RPM",65932.9,-498.866
"Mech_RPM",65932.9,-498.774
"Mech_RPM",65932.9,-498.774
"Mech_RPM",65932.9,-498.731
"Mech_RPM",65932.9,-498.731
"Mech_RPM",65932.9,-498.772
"Mech_RPM",65932.9,-498.772
"Mech_RPM",65932.9,-498.849
"Mech_RPM",65932.9,-498.849
"Mech_RPM",65933,-498.788
"Mech_RPM",65933,-498.788
"Mech_RPM",65933,-498.719
"Mech_RPM",65933,-498.719
"Mech_RPM",65933,-498.708
"Mech_RPM",65933,-498.708
"Mech_RPM",65933,-498.677
"Mech_RPM",65933,-498.677
"Mech_RPM",65933,-498.854
"Mech_RPM",65933,-498.854
"Mech_RPM",65933.1,-498.752
"Mech_RPM",65933.1,-498.752
"Mech_RPM",65933.1,-498.767
"Mech_RPM",65933.1,-498.767
"Mech_RPM",65933.1,-498.776
"Mech_RPM",65933.1,-498.776
"Mech_RPM",65933.1,-498.691
"Mech_RPM",65933.1,-498.691
"Mech_RPM",65933.1,-498.66
"Mech_RPM",65933.1,-498.66
"Mech_RPM",65933.2,-498.843
"Mech_RPM",65933.2,-498.843
"Mech_RPM",65933.2,-498.814
"Mech_RPM",65933.2,-498.814
"Mech_RPM",65933.2,-498.738
"Mech_RPM",65933.2,-498.738
"Mech_RPM",65933.2,-498.764
"Mech_RPM",65933.2,-498.764
"Mech_RPM",65933.2,-498.788
"Mech_RPM",65933.2,-498.788
"Mech_RPM",65933.3,-498.641
"Mech_RPM",65933.3,-498.641
"Mech_RPM",65933.3,-498.684
"Mech_RPM",65933.3,-498.684
"Mech_RPM",65933.3,-498.778
"Mech_RPM",65933.3,-498.778
"Mech_RPM",65933.3,-498.625
"Mech_RPM",65933.3,-498.625
"Mech_RPM",65933.3,-498.684
"Mech_RPM",65933.4,-498.684
"Mech_RPM",65933.4,-498.752
"Mech_RPM",65933.4,-498.752
"Mech_RPM",65933.4,-498.699
"Mech_RPM",65933.4,-498.699
"Mech_RPM",65933.4,-498.673
"Mech_RPM",65933.4,-498.673
"Mech_RPM",65933.4,-498.663
"Mech_RPM",65933.4,-498.663
"Mech_RPM",65933.4,-498.58
"Mech_RPM",65933.5,-498.58
"Mech_RPM",65933.5,-498.718
"Mech_RPM",65933.5,-498.718
"Mech_RPM",65933.5,-498.728
"Mech_RPM",65933.5,-498.728
"Mech_RPM",65933.5,-498.566
"Mech_RPM",65933.5,-498.566
"Mech_RPM",65933.5,-498.61
"Mech_RPM",65933.5,-498.61
"Mech_RPM",65933.5,-498.711
"Mech_RPM",65933.6,-498.711
"Mech_RPM",65933.6,-498.612
"Mech_RPM",65933.6,-498.612
"Mech_RPM",65933.6,-498.671
"Mech_RPM",65933.6,-498.671
"Mech_RPM",65933.6,-498.645
"Mech_RPM",65933.6,-498.645
"Mech_RPM",65933.6,-498.599
"Mech_RPM",65933.6,-498.599
"Mech_RPM",65933.6,-498.69
"Mech_RPM",65933.7,-498.69
"Mech_RPM",65933.7,-498.669
"Mech_RPM",65933.7,-498.669
"Mech_RPM",65933.7,-498.581
"Mech_RPM",65933.7,-498.581
"Mech_RPM",65933.7,-498.547
"Mech_RPM",65933.7,-498.547
"Mech_RPM",65933.7,-498.654
"Mech_RPM",65933.7,-498.654
"Mech_RPM",65933.7,-498.499
"Mech_RPM",65933.8,-498.499
"Mech_RPM",65933.8,-498.664
"Mech_RPM",65933.8,-498.664
"Mech_RPM",65933.8,-498.556
"Mech_RPM",65933.8,-498.556
"Mech_RPM",65933.8,-498.564
"Mech_RPM",65933.8,-498.564
"Mech_RPM",65933.8,-498.624
"Mech_RPM",65933.8,-498.624
"Mech_RPM",65933.8,-498.526
"Mech_RPM",65933.9,-498.526
"Mech_RPM",65933.9,-498.509
"Mech_RPM",65933.9,-498.509
"Mech_RPM",65933.9,-498.669
"Mech_RPM",65933.9,-498.669
"Mech_RPM",65933.9,-498.596
"Mech_RPM",65933.9,-498.596
"Mech_RPM",65933.9,-498.604
"Mech_RPM",65933.9,-498.604
"Mech_RPM",65933.9,-498.642
"Mech_RPM",65934,-498.642
"Mech_RPM",65934,-498.544
"Mech_RPM",65934,-498.544
"Mech_RPM",65934,-498.615
"Mech_RPM",65934,-498.615
"Mech_RPM",65934,-498.606
"Mech_RPM",65934,-498.606
"Mech_RPM",65934,-498.707
"Mech_RPM",65934,-498.707
"Mech_RPM",65934,-498.644
"Mech_RPM",65934.1,-498.644
"Mech_RPM",65934.1,-498.583
"Mech_RPM",65934.1,-498.583
"Mech_RPM",65934.1,-498.71
"Mech_RPM",65934.1,-498.71
"Mech_RPM",65934.1,-498.694
"Mech_RPM",65934.1,-498.694
"Mech_RPM",65934.1,-498.767
"Mech_RPM",65934.1,-498.767
"Mech_RPM",65934.1,-498.771
"Mech_RPM",65934.2,-498.771
"Mech_RPM",65934.2,-498.598
"Mech_RPM",65934.2,-498.598
"Mech_RPM",65934.2,-498.647
"Mech_RPM",65934.2,-498.647
"Mech_RPM",65934.2,-498.757
"Mech_RPM",65934.2,-498.757
"Mech_RPM",65934.2,-498.62
"Mech_RPM",65934.2,-498.62
"Mech_RPM",65934.2,-498.768
"Mech_RPM",65934.2,-498.768
"Mech_RPM",65934.3,-498.662
"Mech_RPM",65934.3,-498.662
"Mech_RPM",65934.3,-498.559
"Mech_RPM",65934.3,-498.559
"Mech_RPM",65934.3,-498.614
"Mech_RPM",65934.3,-498.614
"Mech_RPM",65934.3,-498.615
"Mech_RPM",65934.3,-498.615
"Mech_RPM",65934.4,-498.669
"Mech_RPM",65934.4,-498.669
"Mech_RPM",65934.4,-498.628
"Mech_RPM",65934.4,-498.628
"Mech_RPM",65934.4,-498.713
"Mech_RPM",65934.4,-498.713
"Mech_RPM",65934.4,-498.666
"Mech_RPM",65934.4,-498.666
"Mech_RPM",65934.4,-498.619
"Mech_RPM",65934.4,-498.619
"Mech_RPM",65934.4,-498.762
"Mech_RPM",65934.5,-498.762
"Mech_RPM",65934.5,-498.609
"Mech_RPM",65934.5,-498.609
"Mech_RPM",65934.5,-498.71
"Mech_RPM",65934.5,-498.71
"Mech_RPM",65934.5,-498.814
"Mech_RPM",65934.5,-498.814
"Mech_RPM",65934.5,-498.681
"Mech_RPM",65934.5,-498.681
"Mech_RPM",65934.5,-498.744
"Mech_RPM",65934.6,-498.744
"Mech_RPM",65934.6,-498.754
"Mech_RPM",65934.6,-498.754
"Mech_RPM",65934.6,-498.633
"Mech_RPM",65934.6,-498.633
"Mech_RPM",65934.6,-498.676
"Mech_RPM",65934.6,-498.676
"Mech_RPM",65934.6,-498.754
"Mech_RPM",65934.6,-498.754
"Mech_RPM",65934.6,-498.613
"Mech_RPM",65934.7,-498.613
"Mech_RPM",65934.7,-498.771
"Mech_RPM",65934.7,-498.771
"Mech_RPM",65934.7,-498.795
"Mech_RPM",65934.7,-498.795
"Mech_RPM",65934.7,-498.653
"Mech_RPM",65934.7,-498.653
"Mech_RPM",65934.8,-498.721
"Mech_RPM",65934.8,-498.721
"Mech_RPM",65934.8,-498.726
"Mech_RPM",65934.8,-498.726
"Mech_RPM",65934.8,-498.652
"Mech_RPM",65934.8,-498.652
"Mech_RPM",65934.8,-498.784
"Mech_RPM",65934.8,-498.784
"Mech_RPM",65934.9,-498.698
"Mech_RPM",65934.9,-498.698
"Mech_RPM",65934.9,-498.745
"Mech_RPM",65934.9,-498.745
"Mech_RPM",65934.9,-498.812
"Mech_RPM",65934.9,-498.812
"Mech_RPM",65935,-498.69
"Mech_RPM",65935,-498.69
"Mech_RPM",65935,-498.721
"Mech_RPM",65935,-498.721
"Mech_RPM",65935,-498.648
"Mech_RPM",65935,-498.648
"Mech_RPM",65935,-498.705
"Mech_RPM",65935.1,-498.7
"Mech_RPM",65935.1,-498.7
"Mech_RPM",65935.1,-498.804
"Mech_RPM",65935.1,-498.804
"Mech_RPM",65935.1,-498.745
"Mech_RPM",65935.1,-498.745
"Mech_RPM",65935.2,-498.712
"Mech_RPM",65935.2,-498.712
"Mech_RPM",65935.2,-498.743
"Mech_RPM",65935.2,-498.743
"Mech_RPM",65935.2,-498.758
"Mech_RPM",65935.2,-498.689
"Mech_RPM",65935.2,-498.689
"Mech_RPM",65935.2,-498.793
"Mech_RPM",65935.3,-498.793
"Mech_RPM",65935.3,-498.749
"Mech_RPM",65935.3,-498.749
"Mech_RPM",65935.3,-498.712
"Mech_RPM",65935.3,-498.712
"Mech_RPM",65935.3,-498.821
"Mech_RPM",65935.3,-498.647
"Mech_RPM",65935.3,-498.695
"Mech_RPM",65935.3,-498.695
"Mech_RPM",65935.3,-498.695
"Mech_RPM",65935.3,-498.695
"Mech_RPM",65935.4,-498.627
"Mech_RPM",65935.4,-498.627
"Mech_RPM",65935.4,-498.707
"Mech_RPM",65935.4,-498.707
"Mech_RPM",65935.4,-498.712
"Mech_RPM",65935.4,-498.712
"Mech_RPM",65935.4,-498.638
"Mech_RPM",65935.4,-498.638
"Mech_RPM",65935.4,-498.66
"Mech_RPM",65935.4,-498.66
"Mech_RPM",65935.4,-498.771
"Mech_RPM",65935.4,-498.771
"Mech_RPM",65935.5,-498.738
"Mech_RPM",65935.5,-498.738
"Mech_RPM",65935.5,-498.758
"Mech_RPM",65935.5,-498.758
"Mech_RPM",65935.5,-498.652
"Mech_RPM",65935.5,-498.652
"Mech_RPM",65935.5,-498.586
"Mech_RPM",65935.5,-498.586
"Mech_RPM",65935.5,-498.635
"Mech_RPM",65935.5,-498.635
"Mech_RPM",65935.5,-498.745
"Mech_RPM",65935.6,-498.745
"Mech_RPM",65935.6,-498.692
"Mech_RPM",65935.6,-498.692
"Mech_RPM",65935.6,-498.781
"Mech_RPM",65935.6,-498.781
"Mech_RPM",65935.6,-498.717
"Mech_RPM",65935.6,-498.717
"Mech_RPM",65935.6,-498.623
"Mech_RPM",65935.6,-498.623
"Mech_RPM",65935.6,-498.656
"Mech_RPM",65935.7,-498.656
"Mech_RPM",65935.7,-498.667
"Mech_RPM",65935.7,-498.667
"Mech_RPM",65935.7,-498.693
"Mech_RPM",65935.7,-498.693
"Mech_RPM",65935.7,-498.761
"Mech_RPM",65935.7,-498.761
"Mech_RPM",65935.7,-498.656
"Mech_RPM",65935.7,-498.656
"Mech_RPM",65935.7,-498.594
"Mech_RPM",65935.8,-498.594
"Mech_RPM",65935.8,-498.711
"Mech_RPM",65935.8,-498.711
"Mech_RPM",65935.8,-498.617
"Mech_RPM",65935.8,-498.617
"Mech_RPM",65935.8,-498.697
"Mech_RPM",65935.8,-498.697
"Mech_RPM",65935.8,-498.764
"Mech_RPM",65935.8,-498.764
"Mech_RPM",65935.8,-498.773
"Mech_RPM",65935.8,-498.773
"Mech_RPM",65935.9,-498.678
"Mech_RPM",65935.9,-498.678
"Mech_RPM",65935.9,-498.647
"Mech_RPM",65935.9,-498.647
"Mech_RPM",65935.9,-498.732
"Mech_RPM",65935.9,-498.732
"Mech_RPM",65935.9,-498.689
"Mech_RPM",65935.9,-498.689
"Mech_RPM",65935.9,-498.653
"Mech_RPM",65935.9,-498.653
"Mech_RPM",65936,-498.743
"Mech_RPM",65936,-498.743
"Mech_RPM",65936,-498.684
"Mech_RPM",65936,-498.684
"Mech_RPM",65936,-498.705
"Mech_RPM",65936,-498.705
"Mech_RPM",65936,-498.617
"Mech_RPM",65936,-498.617
"Mech_RPM",65936,-498.697
"Mech_RPM",65936,-498.697
"Mech_RPM",65936.1,-498.686
"Mech_RPM",65936.1,-498.686
"Mech_RPM",65936.1,-498.671
"Mech_RPM",65936.1,-498.671
"Mech_RPM",65936.1,-498.588
"Mech_RPM",65936.1,-498.588
"Mech_RPM",65936.1,-498.616
"Mech_RPM",65936.1,-498.616
"Mech_RPM",65936.1,-498.774
"Mech_RPM",65936.1,-498.774
"Mech_RPM",65936.1,-498.731
"Mech_RPM",65936.2,-498.731
"Mech_RPM",65936.2,-498.694
"Mech_RPM",65936.2,-498.694
"Mech_RPM",65936.2,-498.788
"Mech_RPM",65936.2,-498.788
"Mech_RPM",65936.2,-498.619
"Mech_RPM",65936.2,-498.619
"Mech_RPM",65936.2,-498.746
"Mech_RPM",65936.2,-498.746
"Mech_RPM",65936.2,-498.755
"Mech_RPM",65936.3,-498.755
"Mech_RPM",65936.3,-498.608
"Mech_RPM",65936.3,-498.608
"Mech_RPM",65936.3,-498.693
"Mech_RPM",65936.3,-498.693
"Mech_RPM",65936.3,-498.688
"Mech_RPM",65936.3,-498.688
"Mech_RPM",65936.3,-498.73
"Mech_RPM",65936.3,-498.73
"Mech_RPM",65936.4,-498.891
"Mech_RPM",65936.4,-498.891
"Mech_RPM",65936.4,-498.799
"Mech_RPM",65936.4,-498.799
"Mech_RPM",65936.4,-498.734
"Mech_RPM",65936.4,-498.734
"Mech_RPM",65936.4,-498.702
"Mech_RPM",65936.4,-498.702
"Mech_RPM",65936.4,-498.686
"Mech_RPM",65936.4,-498.686
"Mech_RPM",65936.5,-498.739
"Mech_RPM",65936.5,-498.739
"Mech_RPM",65936.5,-498.722
"Mech_RPM",65936.5,-498.722
"Mech_RPM",65936.5,-498.81
"Mech_RPM",65936.5,-498.81
"Elec_RPM",65926.4,-2493.3
"Elec_RPM",65926.4,-2493.3
"Elec_RPM",65926.5,-2494.16
"Elec_RPM",65926.5,-2494.16
"Elec_RPM",65926.5,-2493.45
"Elec_RPM",65926.5,-2493.45
"Elec_RPM",65926.5,-2493.89
"Elec_RPM",65926.5,-2493.89
"Elec_RPM",65926.5,-2494.2
"Elec_RPM",65926.5,-2494.2
"Elec_RPM",65926.5,-2493.61
"Elec_RPM",65926.5,-2493.61
"Elec_RPM",65926.6,-2494.07
"Elec_RPM",65926.6,-2494.07
"Elec_RPM",65926.6,-2493.83
"Elec_RPM",65926.6,-2493.83
"Elec_RPM",65926.6,-2493.53
"Elec_RPM",65926.6,-2493.53
"Elec_RPM",65926.6,-2494
"Elec_RPM",65926.6,-2494
"Elec_RPM",65926.6,-2493.86
"Elec_RPM",65926.6,-2493.86
"Elec_RPM",65926.7,-2493.78
"Elec_RPM",65926.7,-2493.78
"Elec_RPM",65926.7,-2493.69
"Elec_RPM",65926.7,-2493.69
"Elec_RPM",65926.7,-2494.37
"Elec_RPM",65926.7,-2494.37
"Elec_RPM",65926.7,-2493.57
"Elec_RPM",65926.7,-2493.57
"Elec_RPM",65926.7,-2493.51
"Elec_RPM",65926.7,-2493.51
"Elec_RPM",65926.8,-2493.98
"Elec_RPM",65926.8,-2493.98
"Elec_RPM",65926.8,-2493.95
"Elec_RPM",65926.8,-2493.95
"Elec_RPM",65926.8,-2493.78
"Elec_RPM",65926.8,-2493.78
"Elec_RPM",65926.8,-2494.63
"Elec_RPM",65926.8,-2494.63
"Elec_RPM",65926.8,-2493.83
"Elec_RPM",65926.8,-2493.83
"Elec_RPM",65926.9,-2493.69
"Elec_RPM",65926.9,-2493.69
"Elec_RPM",65926.9,-2494.16
"Elec_RPM",65926.9,-2494.16
"Elec_RPM",65926.9,-2494.59
"Elec_RPM",65926.9,-2494.59
"Elec_RPM",65926.9,-2494.54
"Elec_RPM",65926.9,-2494.54
"Elec_RPM",65926.9,-2494.39
"Elec_RPM",65926.9,-2494.39
"Elec_RPM",65927,-2494.21
"Elec_RPM",65927,-2494.21
"Elec_RPM",65927,-2494.15
"Elec_RPM",65927,-2494.15
"Elec_RPM",65927,-2494.89
"Elec_RPM",65927,-2494.89
"Elec_RPM",65927,-2494.76
"Elec_RPM",65927,-2494.76
"Elec_RPM",65927,-2494.39
"Elec_RPM",65927,-2494.39
"Elec_RPM",65927.1,-2495.16
"Elec_RPM",65927.1,-2495.16
"Elec_RPM",65927.1,-2494.26
"Elec_RPM",65927.1,-2494.26
"Elec_RPM",65927.1,-2494.2
"Elec_RPM",65927.1,-2494.2
"Elec_RPM",65927.1,-2495.02
"Elec_RPM",65927.1,-2495.02
"Elec_RPM",65927.1,-2494.23
"Elec_RPM",65927.1,-2494.23
"Elec_RPM",65927.2,-2494.21
"Elec_RPM",65927.2,-2494.21
"Elec_RPM",65927.2,-2494.43
"Elec_RPM",65927.2,-2494.43
"Elec_RPM",65927.2,-2494.26
"Elec_RPM",65927.2,-2494.26
"Elec_RPM",65927.2,-2494.19
"Elec_RPM",65927.2,-2494.19
"Elec_RPM",65927.2,-2494.93
"Elec_RPM",65927.2,-2494.93
"Elec_RPM",65927.2,-2494.33
"Elec_RPM",65927.3,-2494.33
"Elec_RPM",65927.3,-2494.65
"Elec_RPM",65927.3,-2494.65
"Elec_RPM",65927.3,-2494.47
"Elec_RPM",65927.3,-2494.47
"Elec_RPM",65927.3,-2494.4
"Elec_RPM",65927.3,-2494.4
"Elec_RPM",65927.3,-2494.62
"Elec_RPM",65927.3,-2494.62
"Elec_RPM",65927.3,-2494.54
"Elec_RPM",65927.4,-2494.54
"Elec_RPM",65927.4,-2494.6
"Elec_RPM",65927.4,-2494.6
"Elec_RPM",65927.4,-2494.97
"Elec_RPM",65927.4,-2494.97
"Elec_RPM",65927.4,-2495.17
"Elec_RPM",65927.4,-2495.17
"Elec_RPM",65927.4,-2494.83
"Elec_RPM",65927.4,-2494.83
"Elec_RPM",65927.4,-2494.57
"Elec_RPM",65927.5,-2494.57
"Elec_RPM",65927.5,-2494.96
"Elec_RPM",65927.5,-2494.96
"Elec_RPM",65927.5,-2494.31
"Elec_RPM",65927.5,-2494.31
"Elec_RPM",65927.5,-2494.11
"Elec_RPM",65927.5,-2494.11
"Elec_RPM",65927.5,-2494.85
"Elec_RPM",65927.5,-2494.85
"Elec_RPM",65927.5,-2494.17
"Elec_RPM",65927.6,-2494.17
"Elec_RPM",65927.6,-2494.5
"Elec_RPM",65927.6,-2494.5
"Elec_RPM",65927.6,-2494.19
"Elec_RPM",65927.6,-2494.19
"Elec_RPM",65927.6,-2494.59
"Elec_RPM",65927.6,-2494.59
"Elec_RPM",65927.6,-2494.65
"Elec_RPM",65927.6,-2494.65
"Elec_RPM",65927.6,-2494.42
"Elec_RPM",65927.7,-2494.42
"Elec_RPM",65927.7,-2494.69
"Elec_RPM",65927.7,-2494.69
"Elec_RPM",65927.7,-2493.91
"Elec_RPM",65927.7,-2493.91
"Elec_RPM",65927.7,-2494.58
"Elec_RPM",65927.7,-2494.58
"Elec_RPM",65927.7,-2494.35
"Elec_RPM",65927.7,-2494.35
"Elec_RPM",65927.7,-2493.68
"Elec_RPM",65927.8,-2493.68
"Elec_RPM",65927.8,-2494.04
"Elec_RPM",65927.8,-2494.04
"Elec_RPM",65927.8,-2493.95
"Elec_RPM",65927.8,-2493.95
"Elec_RPM",65927.8,-2494.17
"Elec_RPM",65927.8,-2494.17
"Elec_RPM",65927.8,-2494
"Elec_RPM",65927.8,-2494
"Elec_RPM",65927.8,-2494.33
"Elec_RPM",65927.9,-2494.33
"Elec_RPM",65927.9,-2493.87
"Elec_RPM",65927.9,-2493.87
"Elec_RPM",65927.9,-2494.05
"Elec_RPM",65927.9,-2494.05
"Elec_RPM",65927.9,-2494.32
"Elec_RPM",65927.9,-2494.32
"Elec_RPM",65927.9,-2493.63
"Elec_RPM",65927.9,-2493.63
"Elec_RPM",65927.9,-2493.94
"Elec_RPM",65928,-2493.94
"Elec_RPM",65928,-2493.93
"Elec_RPM",65928,-2493.93
"Elec_RPM",65928,-2493.84
"Elec_RPM",65928,-2493.84
"Elec_RPM",65928,-2494.51
"Elec_RPM",65928,-2494.51
"Elec_RPM",65928,-2494.26
"Elec_RPM",65928,-2494.26
"Elec_RPM",65928,-2494.14
"Elec_RPM",65928.1,-2494.14
"Elec_RPM",65928.1,-2494.49
"Elec_RPM",65928.1,-2494.49
"Elec_RPM",65928.1,-2493.72
"Elec_RPM",65928.1,-2493.72
"Elec_RPM",65928.1,-2494.28
"Elec_RPM",65928.1,-2494.28
"Elec_RPM",65928.1,-2493.96
"Elec_RPM",65928.1,-2493.96
"Elec_RPM",65928.1,-2493.63
"Elec_RPM",65928.2,-2493.63
"Elec_RPM",65928.2,-2493.53
"Elec_RPM",65928.2,-2493.53
"Elec_RPM",65928.2,-2493.97
"Elec_RPM",65928.2,-2493.97
"Elec_RPM",65928.2,-2494.3
"Elec_RPM",65928.2,-2494.3
"Elec_RPM",65928.2,-2493.79
"Elec_RPM",65928.2,-2493.79
"Elec_RPM",65928.2,-2494.17
"Elec_RPM",65928.2,-2494.17
"Elec_RPM",65928.3,-2493.79
"Elec_RPM",65928.3,-2493.79
"Elec_RPM",65928.3,-2493.55
"Elec_RPM",65928.3,-2493.55
"Elec_RPM",65928.3,-2493.71
"Elec_RPM",65928.3,-2493.71
"Elec_RPM",65928.3,-2494.2
"Elec_RPM",65928.3,-2494.2
"Elec_RPM",65928.3,-2493.64
"Elec_RPM",65928.4,-2493.64
"Elec_RPM",65928.4,-2493.89
"Elec_RPM",65928.4,-2493.89
"Elec_RPM",65928.4,-2493.73
"Elec_RPM",65928.4,-2493.73
"Elec_RPM",65928.4,-2493.57
"Elec_RPM",65928.4,-2493.57
"Elec_RPM",65928.4,-2494.45
"Elec_RPM",65928.4,-2494.45
"Elec_RPM",65928.4,-2493.89
"Elec_RPM",65928.4,-2493.89
"Elec_RPM",65928.5,-2493.8
"Elec_RPM",65928.5,-2493.8
"Elec_RPM",65928.5,-2494.08
"Elec_RPM",65928.5,-2494.08
"Elec_RPM",65928.5,-2493.86
"Elec_RPM",65928.5,-2493.86
"Elec_RPM",65928.5,-2494.06
"Elec_RPM",65928.5,-2494.06
"Elec_RPM",65928.5,-2494.31
"Elec_RPM",65928.5,-2494.31
"Elec_RPM",65928.6,-2494.32
"Elec_RPM",65928.6,-2494.32
"Elec_RPM",65928.6,-2493.86
"Elec_RPM",65928.6,-2493.86
"Elec_RPM",65928.6,-2494.76
"Elec_RPM",65928.6,-2494.76
"Elec_RPM",65928.6,-2494.53
"Elec_RPM",65928.6,-2494.53
"Elec_RPM",65928.6,-2494.17
"Elec_RPM",65928.6,-2494.17
"Elec_RPM",65928.7,-2494.16
"Elec_RPM",65928.7,-2494.16
"Elec_RPM",65928.7,-2494.01
"Elec_RPM",65928.7,-2494.01
"Elec_RPM",65928.7,-2494.42
"Elec_RPM",65928.7,-2494.42
"Elec_RPM",65928.7,-2494.69
"Elec_RPM",65928.7,-2494.69
"Elec_RPM",65928.7,-2494.01
"Elec_RPM",65928.8,-2494.01
"Elec_RPM",65928.8,-2493.82
"Elec_RPM",65928.8,-2493.82
"Elec_RPM",65928.8,-2493.97
"Elec_RPM",65928.8,-2493.97
"Elec_RPM",65928.8,-2494.33
"Elec_RPM",65928.8,-2494.33
"Elec_RPM",65928.8,-2493.81
"Elec_RPM",65928.8,-2493.81
"Elec_RPM",65928.8,-2494.59
"Elec_RPM",65928.8,-2494.59
"Elec_RPM",65928.9,-2494.31
"Elec_RPM",65928.9,-2494.31
"Elec_RPM",65928.9,-2493.48
"Elec_RPM",65928.9,-2493.48
"Elec_RPM",65928.9,-2494.45
"Elec_RPM",65928.9,-2494.45
"Elec_RPM",65928.9,-2493.75
"Elec_RPM",65928.9,-2493.75
"Elec_RPM",65928.9,-2493.48
"Elec_RPM",65928.9,-2493.48
"Elec_RPM",65929,-2494.24
"Elec_RPM",65929,-2494.24
"Elec_RPM",65929,-2493.63
"Elec_RPM",65929,-2493.63
"Elec_RPM",65929,-2493.28
"Elec_RPM",65929,-2493.28
"Elec_RPM",65929,-2494.12
"Elec_RPM",65929,-2494.12
"Elec_RPM",65929,-2493.59
"Elec_RPM",65929,-2493.59
"Elec_RPM",65929.1,-2493.59
"Elec_RPM",65929.1,-2493.59
"Elec_RPM",65929.1,-2493.77
"Elec_RPM",65929.1,-2493.77
"Elec_RPM",65929.1,-2493.53
"Elec_RPM",65929.1,-2493.53
"Elec_RPM",65929.1,-2493.76
"Elec_RPM",65929.1,-2493.76
"Elec_RPM",65929.1,-2494.04
"Elec_RPM",65929.1,-2494.04
"Elec_RPM",65929.2,-2493.43
"Elec_RPM",65929.2,-2493.43
"Elec_RPM",65929.2,-2493.8
"Elec_RPM",65929.2,-2493.8
"Elec_RPM",65929.2,-2493.58
"Elec_RPM",65929.2,-2493.58
"Elec_RPM",65929.2,-2493.74
"Elec_RPM",65929.2,-2493.74
"Elec_RPM",65929.2,-2493.6
"Elec_RPM",65929.2,-2493.6
"Elec_RPM",65929.3,-2493.37
"Elec_RPM",65929.3,-2493.37
"Elec_RPM",65929.3,-2493.34
"Elec_RPM",65929.3,-2493.34
"Elec_RPM",65929.3,-2493.74
"Elec_RPM",65929.3,-2493.74
"Elec_RPM",65929.3,-2493.76
"Elec_RPM",65929.3,-2493.76
"Elec_RPM",65929.3,-2493.46
"Elec_RPM",65929.3,-2493.46
"Elec_RPM",65929.4,-2493.13
"Elec_RPM",65929.4,-2493.13
"Elec_RPM",65929.4,-2493.26
"Elec_RPM",65929.4,-2493.26
"Elec_RPM",65929.4,-2493.74
"Elec_RPM",65929.4,-2493.74
"Elec_RPM",65929.4,-2493.73
"Elec_RPM",65929.4,-2493.73
"Elec_RPM",65929.4,-2493.52
"Elec_RPM",65929.4,-2493.52
"Elec_RPM",65929.5,-2493.83
"Elec_RPM",65929.5,-2493.83
"Elec_RPM",65929.5,-2493.15
"Elec_RPM",65929.5,-2493.15
"Elec_RPM",65929.5,-2493.44
"Elec_RPM",65929.5,-2493.44
"Elec_RPM",65929.5,-2493.44
"Elec_RPM",65929.5,-2493.44
"Elec_RPM",65929.5,-2493.36
"Elec_RPM",65929.5,-2493.36
"Elec_RPM",65929.6,-2494.23
"Elec_RPM",65929.6,-2494.23
"Elec_RPM",65929.6,-2494
"Elec_RPM",65929.6,-2494
"Elec_RPM",65929.6,-2493.19
"Elec_RPM",65929.6,-2493.19
"Elec_RPM",65929.6,-2493.53
"Elec_RPM",65929.6,-2493.53
"Elec_RPM",65929.6,-2493.95
"Elec_RPM",65929.6,-2493.95
"Elec_RPM",65929.7,-2493.88
"Elec_RPM",65929.7,-2493.88
"Elec_RPM",65929.7,-2493.75
"Elec_RPM",65929.7,-2493.75
"Elec_RPM",65929.7,-2493.59
"Elec_RPM",65929.7,-2493.59
"Elec_RPM",65929.7,-2493.51
"Elec_RPM",65929.7,-2493.51
"Elec_RPM",65929.7,-2493.79
"Elec_RPM",65929.8,-2493.79
"Elec_RPM",65929.8,-2493.73
"Elec_RPM",65929.8,-2493.73
"Elec_RPM",65929.8,-2494.09
"Elec_RPM",65929.8,-2494.09
"Elec_RPM",65929.8,-2494.6
"Elec_RPM",65929.8,-2494.6
"Elec_RPM",65929.8,-2493.82
"Elec_RPM",65929.8,-2493.82
"Elec_RPM",65929.8,-2493.66
"Elec_RPM",65929.8,-2493.66
"Elec_RPM",65929.9,-2494.52
"Elec_RPM",65929.9,-2494.52
"Elec_RPM",65929.9,-2493.9
"Elec_RPM",65929.9,-2493.9
"Elec_RPM",65929.9,-2494.2
"Elec_RPM",65929.9,-2494.2
"Elec_RPM",65929.9,-2494.01
"Elec_RPM",65929.9,-2494.01
"Elec_RPM",65929.9,-2493.86
"Elec_RPM",65929.9,-2493.86
"Elec_RPM",65930,-2493.68
"Elec_RPM",65930,-2493.68
"Elec_RPM",65930,-2494.24
"Elec_RPM",65930,-2494.24
"Elec_RPM",65930,-2493.6
"Elec_RPM",65930,-2493.6
"Elec_RPM",65930,-2493.5
"Elec_RPM",65930,-2493.5
"Elec_RPM",65930,-2494.23
"Elec_RPM",65930,-2494.23
"Elec_RPM",65930.1,-2493.9
"Elec_RPM",65930.1,-2493.9
"Elec_RPM",65930.1,-2493.29
"Elec_RPM",65930.1,-2493.29
"Elec_RPM",65930.1,-2493.92
"Elec_RPM",65930.1,-2493.92
"Elec_RPM",65930.1,-2493.42
"Elec_RPM",65930.1,-2493.42
"Elec_RPM",65930.1,-2493.18
"Elec_RPM",65930.1,-2493.18
"Elec_RPM",65930.2,-2493.97
"Elec_RPM",65930.2,-2493.97
"Elec_RPM",65930.2,-2493.68
"Elec_RPM",65930.2,-2493.68
"Elec_RPM",65930.2,-2493.49
"Elec_RPM",65930.2,-2493.49
"Elec_RPM",65930.2,-2493.7
"Elec_RPM",65930.2,-2493.7
"Elec_RPM",65930.2,-2493.56
"Elec_RPM",65930.2,-2493.56
"Elec_RPM",65930.3,-2493.61
"Elec_RPM",65930.3,-2493.61
"Elec_RPM",65930.3,-2493.22
"Elec_RPM",65930.3,-2493.22
"Elec_RPM",65930.3,-2493.57
"Elec_RPM",65930.3,-2493.57
"Elec_RPM",65930.3,-2492.81
"Elec_RPM",65930.3,-2492.81
"Elec_RPM",65930.3,-2493.34
"Elec_RPM",65930.4,-2493.34
"Elec_RPM",65930.4,-2493.68
"Elec_RPM",65930.4,-2493.68
"Elec_RPM",65930.4,-2493.19
"Elec_RPM",65930.4,-2493.19
"Elec_RPM",65930.4,-2494.13
"Elec_RPM",65930.4,-2494.13
"Elec_RPM",65930.4,-2493.34
"Elec_RPM",65930.4,-2493.34
"Elec_RPM",65930.4,-2493.13
"Elec_RPM",65930.4,-2493.13
"Elec_RPM",65930.5,-2493.87
"Elec_RPM",65930.5,-2493.87
"Elec_RPM",65930.5,-2493.34
"Elec_RPM",65930.5,-2493.34
"Elec_RPM",65930.5,-2493.71
"Elec_RPM",65930.5,-2493.71
"Elec_RPM",65930.5,-2493.62
"Elec_RPM",65930.5,-2493.62
"Elec_RPM",65930.5,-2493.83
"Elec_RPM",65930.5,-2493.83
"Elec_RPM",65930.6,-2493.09
"Elec_RPM",65930.6,-2493.09
"Elec_RPM",65930.6,-2493.91
"Elec_RPM",65930.6,-2493.91
"Elec_RPM",65930.6,-2493.82
"Elec_RPM",65930.6,-2493.82
"Elec_RPM",65930.6,-2493.58
"Elec_RPM",65930.6,-2493.58
"Elec_RPM",65930.6,-2493.47
"Elec_RPM",65930.6,-2493.47
"Elec_RPM",65930.7,-2493.89
"Elec_RPM",65930.7,-2493.89
"Elec_RPM",65930.7,-2493.65
"Elec_RPM",65930.7,-2493.65
"Elec_RPM",65930.7,-2493.54
"Elec_RPM",65930.7,-2493.54
"Elec_RPM",65930.7,-2493.85
"Elec_RPM",65930.7,-2493.85
"Elec_RPM",65930.7,-2493.69
"Elec_RPM",65930.8,-2493.69
"Elec_RPM",65930.8,-2493.61
"Elec_RPM",65930.8,-2493.61
"Elec_RPM",65930.8,-2493.48
"Elec_RPM",65930.8,-2493.48
"Elec_RPM",65930.8,-2493.16
"Elec_RPM",65930.8,-2493.16
"Elec_RPM",65930.8,-2493.48
"Elec_RPM",65930.8,-2493.48
"Elec_RPM",65930.8,-2493.98
"Elec_RPM",65930.8,-2493.98
"Elec_RPM",65930.9,-2493.81
"Elec_RPM",65930.9,-2493.81
"Elec_RPM",65930.9,-2494.3
"Elec_RPM",65930.9,-2494.3
"Elec_RPM",65930.9,-2493.71
"Elec_RPM",65930.9,-2493.71
"Elec_RPM",65930.9,-2493.58
"Elec_RPM",65930.9,-2493.58
"Elec_RPM",65930.9,-2493.94
"Elec_RPM",65930.9,-2493.94
"Elec_RPM",65931,-2493.98
"Elec_RPM",65931,-2493.98
"Elec_RPM",65931,-2493.82
"Elec_RPM",65931,-2493.82
"Elec_RPM",65931,-2494.15
"Elec_RPM",65931,-2494.15
"Elec_RPM",65931,-2494.11
"Elec_RPM",65931,-2494.11
"Elec_RPM",65931,-2494.1
"Elec_RPM",65931,-2494.1
"Elec_RPM",65931.1,-2493.8
"Elec_RPM",65931.1,-2493.8
"Elec_RPM",65931.1,-2494.21
"Elec_RPM",65931.1,-2494.21
"Elec_RPM",65931.1,-2493.62
"Elec_RPM",65931.1,-2493.62
"Elec_RPM",65931.1,-2494.48
"Elec_RPM",65931.1,-2494.48
"Elec_RPM",65931.1,-2494.43
"Elec_RPM",65931.1,-2494.43
"Elec_RPM",65931.2,-2493.61
"Elec_RPM",65931.2,-2493.61
"Elec_RPM",65931.2,-2493.86
"Elec_RPM",65931.2,-2493.86
"Elec_RPM",65931.2,-2494.19
"Elec_RPM",65931.2,-2494.19
"Elec_RPM",65931.2,-2494.1
"Elec_RPM",65931.2,-2494.1
"Elec_RPM",65931.2,-2493.8
"Elec_RPM",65931.2,-2493.8
"Elec_RPM",65931.3,-2493.51
"Elec_RPM",65931.3,-2493.51
"Elec_RPM",65931.3,-2493.33
"Elec_RPM",65931.3,-2493.33
"Elec_RPM",65931.3,-2493.51
"Elec_RPM",65931.3,-2493.51
"Elec_RPM",65931.3,-2493.9
"Elec_RPM",65931.3,-2493.9
"Elec_RPM",65931.3,-2493.71
"Elec_RPM",65931.3,-2493.71
"Elec_RPM",65931.4,-2494.07
"Elec_RPM",65931.4,-2494.07
"Elec_RPM",65931.4,-2493.57
"Elec_RPM",65931.4,-2493.57
"Elec_RPM",65931.4,-2493.67
"Elec_RPM",65931.4,-2493.67
"Elec_RPM",65931.4,-2494.08
"Elec_RPM",65931.4,-2494.08
"Elec_RPM",65931.4,-2494.02
"Elec_RPM",65931.4,-2494.02
"Elec_RPM",65931.5,-2493.85
"Elec_RPM",65931.5,-2493.85
"Elec_RPM",65931.5,-2493.77
"Elec_RPM",65931.5,-2493.77
"Elec_RPM",65931.5,-2494.23
"Elec_RPM",65931.5,-2494.23
"Elec_RPM",65931.5,-2494.11
"Elec_RPM",65931.5,-2494.11
"Elec_RPM",65931.5,-2493.63
"Elec_RPM",65931.5,-2493.63
"Elec_RPM",65931.6,-2493.68
"Elec_RPM",65931.6,-2493.68
"Elec_RPM",65931.6,-2493.49
"Elec_RPM",65931.6,-2493.49
"Elec_RPM",65931.6,-2493.88
"Elec_RPM",65931.6,-2493.88
"Elec_RPM",65931.6,-2494.21
"Elec_RPM",65931.6,-2494.21
"Elec_RPM",65931.6,-2493.44
"Elec_RPM",65931.6,-2493.44
"Elec_RPM",65931.7,-2494.17
"Elec_RPM",65931.7,-2494.17
"Elec_RPM",65931.7,-2493.69
"Elec_RPM",65931.7,-2493.69
"Elec_RPM",65931.7,-2493.97
"Elec_RPM",65931.7,-2493.97
"Elec_RPM",65931.7,-2493.76
"Elec_RPM",65931.7,-2493.76
"Elec_RPM",65931.7,-2493.57
"Elec_RPM",65931.8,-2493.57
"Elec_RPM",65931.8,-2493.28
"Elec_RPM",65931.8,-2493.28
"Elec_RPM",65931.8,-2494.07
"Elec_RPM",65931.8,-2494.07
"Elec_RPM",65931.8,-2494
"Elec_RPM",65931.8,-2494
"Elec_RPM",65931.8,-2493.91
"Elec_RPM",65931.8,-2493.91
"Elec_RPM",65931.8,-2494.27
"Elec_RPM",65931.8,-2494.27
"Elec_RPM",65931.9,-2493.71
"Elec_RPM",65931.9,-2493.71
"Elec_RPM",65931.9,-2493.42
"Elec_RPM",65931.9,-2493.42
"Elec_RPM",65931.9,-2494.28
"Elec_RPM",65931.9,-2494.28
"Elec_RPM",65931.9,-2494.24
"Elec_RPM",65931.9,-2494.24
"Elec_RPM",65931.9,-2494.01
"Elec_RPM",65931.9,-2494.01
"Elec_RPM",65932,-2493.69
"Elec_RPM",65932,-2493.69
"Elec_RPM",65932,-2493.48
"Elec_RPM",65932,-2493.48
"Elec_RPM",65932,-2493.09
"Elec_RPM",65932,-2493.09
"Elec_RPM",65932,-2494.03
"Elec_RPM",65932,-2494.03
"Elec_RPM",65932,-2494.02
"Elec_RPM",65932,-2494.02
"Elec_RPM",65932.1,-2493.78
"Elec_RPM",65932.1,-2493.78
"Elec_RPM",65932.1,-2494.19
"Elec_RPM",65932.1,-2494.19
"Elec_RPM",65932.1,-2494.1
"Elec_RPM",65932.1,-2494.1
"Elec_RPM",65932.1,-2493.33
"Elec_RPM",65932.1,-2493.33
"Elec_RPM",65932.1,-2493.57
"Elec_RPM",65932.1,-2493.57
"Elec_RPM",65932.2,-2493.54
"Elec_RPM",65932.2,-2493.54
"Elec_RPM",65932.2,-2493.75
"Elec_RPM",65932.2,-2493.75
"Elec_RPM",65932.2,-2493.77
"Elec_RPM",65932.2,-2493.77
"Elec_RPM",65932.2,-2494.26
"Elec_RPM",65932.2,-2494.26
"Elec_RPM",65932.2,-2493.72
"Elec_RPM",65932.2,-2493.72
"Elec_RPM",65932.3,-2493.69
"Elec_RPM",65932.3,-2493.69
"Elec_RPM",65932.3,-2494.08
"Elec_RPM",65932.3,-2494.08
"Elec_RPM",65932.3,-2493.88
"Elec_RPM",65932.3,-2493.88
"Elec_RPM",65932.3,-2494.34
"Elec_RPM",65932.3,-2494.34
"Elec_RPM",65932.3,-2494.17
"Elec_RPM",65932.4,-2494.17
"Elec_RPM",65932.4,-2493.27
"Elec_RPM",65932.4,-2493.27
"Elec_RPM",65932.4,-2493.51
"Elec_RPM",65932.4,-2493.51
"Elec_RPM",65932.4,-2493.48
"Elec_RPM",65932.4,-2493.48
"Elec_RPM",65932.4,-2493.9
"Elec_RPM",65932.4,-2493.9
"Elec_RPM",65932.4,-2494.2
"Elec_RPM",65932.5,-2494.2
"Elec_RPM",65932.5,-2493.62
"Elec_RPM",65932.5,-2493.62
"Elec_RPM",65932.5,-2493.43
"Elec_RPM",65932.5,-2493.43
"Elec_RPM",65932.5,-2494.03
"Elec_RPM",65932.5,-2494.03
"Elec_RPM",65932.5,-2493.45
"Elec_RPM",65932.5,-2493.45
"Elec_RPM",65932.5,-2493.27
"Elec_RPM",65932.5,-2493.27
"Elec_RPM",65932.6,-2494.08
"Elec_RPM",65932.6,-2494.08
"Elec_RPM",65932.6,-2494.04
"Elec_RPM",65932.6,-2494.04
"Elec_RPM",65932.6,-2493.82
"Elec_RPM",65932.6,-2493.82
"Elec_RPM",65932.6,-2494.13
"Elec_RPM",65932.6,-2494.13
"Elec_RPM",65932.6,-2493.75
"Elec_RPM",65932.6,-2493.75
"Elec_RPM",65932.7,-2493.56
"Elec_RPM",65932.7,-2493.56
"Elec_RPM",65932.7,-2494.29
"Elec_RPM",65932.7,-2494.29
"Elec_RPM",65932.7,-2493.78
"Elec_RPM",65932.7,-2493.78
"Elec_RPM",65932.7,-2493.96
"Elec_RPM",65932.7,-2493.96
"Elec_RPM",65932.7,-2493.71
"Elec_RPM",65932.8,-2493.71
"Elec_RPM",65932.8,-2493.86
"Elec_RPM",65932.8,-2493.86
"Elec_RPM",65932.8,-2494.17
"Elec_RPM",65932.8,-2494.17
"Elec_RPM",65932.8,-2494.02
"Elec_RPM",65932.8,-2494.02
"Elec_RPM",65932.8,-2494.48
"Elec_RPM",65932.8,-2494.48
"Elec_RPM",65932.8,-2493.6
"Elec_RPM",65932.9,-2493.6
"Elec_RPM",65932.9,-2494.33
"Elec_RPM",65932.9,-2494.33
"Elec_RPM",65932.9,-2493.87
"Elec_RPM",65932.9,-2493.87
"Elec_RPM",65932.9,-2493.66
"Elec_RPM",65932.9,-2493.66
"Elec_RPM",65932.9,-2493.86
"Elec_RPM",65932.9,-2493.86
"Elec_RPM",65932.9,-2494.24
"Elec_RPM",65932.9,-2494.24
"Elec_RPM",65933,-2493.94
"Elec_RPM",65933,-2493.94
"Elec_RPM",65933,-2493.59
"Elec_RPM",65933,-2493.59
"Elec_RPM",65933,-2493.54
"Elec_RPM",65933,-2493.54
"Elec_RPM",65933,-2493.38
"Elec_RPM",65933,-2493.38
"Elec_RPM",65933,-2494.27
"Elec_RPM",65933,-2494.27
"Elec_RPM",65933.1,-2493.76
"Elec_RPM",65933.1,-2493.76
"Elec_RPM",65933.1,-2493.83
"Elec_RPM",65933.1,-2493.83
"Elec_RPM",65933.1,-2493.88
"Elec_RPM",65933.1,-2493.88
"Elec_RPM",65933.1,-2493.45
"Elec_RPM",65933.1,-2493.45
"Elec_RPM",65933.1,-2493.3
"Elec_RPM",65933.1,-2493.3
"Elec_RPM",65933.2,-2494.21
"Elec_RPM",65933.2,-2494.21
"Elec_RPM",65933.2,-2494.07
"Elec_RPM",65933.2,-2494.07
"Elec_RPM",65933.2,-2493.69
"Elec_RPM",65933.2,-2493.69
"Elec_RPM",65933.2,-2493.82
"Elec_RPM",65933.2,-2493.82
"Elec_RPM",65933.2,-2493.94
"Elec_RPM",65933.2,-2493.94
"Elec_RPM",65933.3,-2493.2
"Elec_RPM",65933.3,-2493.2
"Elec_RPM",65933.3,-2493.42
"Elec_RPM",65933.3,-2493.42
"Elec_RPM",65933.3,-2493.89
"Elec_RPM",65933.3,-2493.89
"Elec_RPM",65933.3,-2493.12
"Elec_RPM",65933.3,-2493.12
"Elec_RPM",65933.3,-2493.42
"Elec_RPM",65933.4,-2493.42
"Elec_RPM",65933.4,-2493.76
"Elec_RPM",65933.4,-2493.76
"Elec_RPM",65933.4,-2493.49
"Elec_RPM",65933.4,-2493.49
"Elec_RPM",65933.4,-2493.36
"Elec_RPM",65933.4,-2493.36
"Elec_RPM",65933.4,-2493.31
"Elec_RPM",65933.4,-2493.31
"Elec_RPM",65933.4,-2492.9
"Elec_RPM",65933.5,-2492.9
"Elec_RPM",65933.5,-2493.59
"Elec_RPM",65933.5,-2493.59
"Elec_RPM",65933.5,-2493.64
"Elec_RPM",65933.5,-2493.64
"Elec_RPM",65933.5,-2492.83
"Elec_RPM",65933.5,-2492.83
"Elec_RPM",65933.5,-2493.05
"Elec_RPM",65933.5,-2493.05
"Elec_RPM",65933.5,-2493.55
"Elec_RPM",65933.6,-2493.55
"Elec_RPM",65933.6,-2493.06
"Elec_RPM",65933.6,-2493.06
"Elec_RPM",65933.6,-2493.35
"Elec_RPM",65933.6,-2493.35
"Elec_RPM",65933.6,-2493.23
"Elec_RPM",65933.6,-2493.23
"Elec_RPM",65933.6,-2493
"Elec_RPM",65933.6,-2493
"Elec_RPM",65933.6,-2493.45
"Elec_RPM",65933.7,-2493.45
"Elec_RPM",65933.7,-2493.35
"Elec_RPM",65933.7,-2493.35
"Elec_RPM",65933.7,-2492.91
"Elec_RPM",65933.7,-2492.91
"Elec_RPM",65933.7,-2492.74
"Elec_RPM",65933.7,-2492.74
"Elec_RPM",65933.7,-2493.27
"Elec_RPM",65933.7,-2493.27
"Elec_RPM",65933.7,-2492.49
"Elec_RPM",65933.8,-2492.49
"Elec_RPM",65933.8,-2493.32
"Elec_RPM",65933.8,-2493.32
"Elec_RPM",65933.8,-2492.78
"Elec_RPM",65933.8,-2492.78
"Elec_RPM",65933.8,-2492.82
"Elec_RPM",65933.8,-2492.82
"Elec_RPM",65933.8,-2493.12
"Elec_RPM",65933.8,-2493.12
"Elec_RPM",65933.8,-2492.63
"Elec_RPM",65933.9,-2492.63
"Elec_RPM",65933.9,-2492.54
"Elec_RPM",65933.9,-2492.54
"Elec_RPM",65933.9,-2493.34
"Elec_RPM",65933.9,-2493.34
"Elec_RPM",65933.9,-2492.98
"Elec_RPM",65933.9,-2492.98
"Elec_RPM",65933.9,-2493.02
"Elec_RPM",65933.9,-2493.02
"Elec_RPM",65933.9,-2493.21
"Elec_RPM",65934,-2493.21
"Elec_RPM",65934,-2492.72
"Elec_RPM",65934,-2492.72
"Elec_RPM",65934,-2493.07
"Elec_RPM",65934,-2493.07
"Elec_RPM",65934,-2493.03
"Elec_RPM",65934,-2493.03
"Elec_RPM",65934,-2493.53
"Elec_RPM",65934,-2493.53
"Elec_RPM",65934,-2493.22
"Elec_RPM",65934.1,-2493.22
"Elec_RPM",65934.1,-2492.91
"Elec_RPM",65934.1,-2492.91
"Elec_RPM",65934.1,-2493.55
"Elec_RPM",65934.1,-2493.55
"Elec_RPM",65934.1,-2493.47
"Elec_RPM",65934.1,-2493.47
"Elec_RPM",65934.1,-2493.84
"Elec_RPM",65934.1,-2493.84
"Elec_RPM",65934.1,-2493.86
"Elec_RPM",65934.2,-2493.86
"Elec_RPM",65934.2,-2492.99
"Elec_RPM",65934.2,-2492.99
"Elec_RPM",65934.2,-2493.23
"Elec_RPM",65934.2,-2493.23
"Elec_RPM",65934.2,-2493.79
"Elec_RPM",65934.2,-2493.79
"Elec_RPM",65934.2,-2493.1
"Elec_RPM",65934.2,-2493.1
"Elec_RPM",65934.2,-2493.84
"Elec_RPM",65934.2,-2493.84
"Elec_RPM",65934.3,-2493.31
"Elec_RPM",65934.3,-2493.31
"Elec_RPM",65934.3,-2492.79
"Elec_RPM",65934.3,-2492.79
"Elec_RPM",65934.3,-2493.07
"Elec_RPM",65934.3,-2493.07
"Elec_RPM",65934.3,-2493.08
"Elec_RPM",65934.3,-2493.08
"Elec_RPM",65934.4,-2493.35
"Elec_RPM",65934.4,-2493.35
"Elec_RPM",65934.4,-2493.14
"Elec_RPM",65934.4,-2493.14
"Elec_RPM",65934.4,-2493.56
"Elec_RPM",65934.4,-2493.56
"Elec_RPM",65934.4,-2493.33
"Elec_RPM",65934.4,-2493.33
"Elec_RPM",65934.4,-2493.1
"Elec_RPM",65934.4,-2493.1
"Elec_RPM",65934.4,-2493.81
"Elec_RPM",65934.5,-2493.81
"Elec_RPM",65934.5,-2493.05
"Elec_RPM",65934.5,-2493.05
"Elec_RPM",65934.5,-2493.55
"Elec_RPM",65934.5,-2493.55
"Elec_RPM",65934.5,-2494.07
"Elec_RPM",65934.5,-2494.07
"Elec_RPM",65934.5,-2493.41
"Elec_RPM",65934.5,-2493.41
"Elec_RPM",65934.5,-2493.72
"Elec_RPM",65934.6,-2493.72
"Elec_RPM",65934.6,-2493.77
"Elec_RPM",65934.6,-2493.77
"Elec_RPM",65934.6,-2493.16
"Elec_RPM",65934.6,-2493.16
"Elec_RPM",65934.6,-2493.38
"Elec_RPM",65934.6,-2493.38
"Elec_RPM",65934.6,-2493.77
"Elec_RPM",65934.6,-2493.77
"Elec_RPM",65934.6,-2493.06
"Elec_RPM",65934.7,-2493.06
"Elec_RPM",65934.7,-2493.85
"Elec_RPM",65934.7,-2493.85
"Elec_RPM",65934.7,-2493.98
"Elec_RPM",65934.7,-2493.98
"Elec_RPM",65934.7,-2493.26
"Elec_RPM",65934.7,-2493.26
"Elec_RPM",65934.8,-2493.61
"Elec_RPM",65934.8,-2493.61
"Elec_RPM",65934.8,-2493.63
"Elec_RPM",65934.8,-2493.63
"Elec_RPM",65934.8,-2493.26
"Elec_RPM",65934.8,-2493.26
"Elec_RPM",65934.8,-2493.92
"Elec_RPM",65934.8,-2493.92
"Elec_RPM",65934.9,-2493.49
"Elec_RPM",65934.9,-2493.49
"Elec_RPM",65934.9,-2493.73
"Elec_RPM",65934.9,-2493.73
"Elec_RPM",65934.9,-2494.06
"Elec_RPM",65934.9,-2494.06
"Elec_RPM",65935,-2493.45
"Elec_RPM",65935,-2493.45
"Elec_RPM",65935,-2493.61
"Elec_RPM",65935,-2493.61
"Elec_RPM",65935,-2493.24
"Elec_RPM",65935,-2493.24
"Elec_RPM",65935,-2493.53
"Elec_RPM",65935.1,-2493.5
"Elec_RPM",65935.1,-2493.5
"Elec_RPM",65935.1,-2494.02
"Elec_RPM",65935.1,-2494.02
"Elec_RPM",65935.1,-2493.72
"Elec_RPM",65935.1,-2493.72
"Elec_RPM",65935.2,-2493.56
"Elec_RPM",65935.2,-2493.56
"Elec_RPM",65935.2,-2493.71
"Elec_RPM",65935.2,-2493.71
"Elec_RPM",65935.2,-2493.79
"Elec_RPM",65935.2,-2493.44
"Elec_RPM",65935.2,-2493.44
"Elec_RPM",65935.2,-2493.97
"Elec_RPM",65935.3,-2493.97
"Elec_RPM",65935.3,-2493.75
"Elec_RPM",65935.3,-2493.75
"Elec_RPM",65935.3,-2493.56
"Elec_RPM",65935.3,-2493.56
"Elec_RPM",65935.3,-2494.11
"Elec_RPM",65935.3,-2493.23
"Elec_RPM",65935.3,-2493.47
"Elec_RPM",65935.3,-2493.47
"Elec_RPM",65935.3,-2493.47
"Elec_RPM",65935.3,-2493.47
"Elec_RPM",65935.4,-2493.14
"Elec_RPM",65935.4,-2493.14
"Elec_RPM",65935.4,-2493.53
"Elec_RPM",65935.4,-2493.53
"Elec_RPM",65935.4,-2493.56
"Elec_RPM",65935.4,-2493.56
"Elec_RPM",65935.4,-2493.19
"Elec_RPM",65935.4,-2493.19
"Elec_RPM",65935.4,-2493.3
"Elec_RPM",65935.4,-2493.3
"Elec_RPM",65935.4,-2493.85
"Elec_RPM",65935.4,-2493.85
"Elec_RPM",65935.5,-2493.69
"Elec_RPM",65935.5,-2493.69
"Elec_RPM",65935.5,-2493.79
"Elec_RPM",65935.5,-2493.79
"Elec_RPM",65935.5,-2493.26
"Elec_RPM",65935.5,-2493.26
"Elec_RPM",65935.5,-2492.93
"Elec_RPM",65935.5,-2492.93
"Elec_RPM",65935.5,-2493.17
"Elec_RPM",65935.5,-2493.17
"Elec_RPM",65935.5,-2493.73
"Elec_RPM",65935.6,-2493.73
"Elec_RPM",65935.6,-2493.46
"Elec_RPM",65935.6,-2493.46
"Elec_RPM",65935.6,-2493.91
"Elec_RPM",65935.6,-2493.91
"Elec_RPM",65935.6,-2493.58
"Elec_RPM",65935.6,-2493.58
"Elec_RPM",65935.6,-2493.11
"Elec_RPM",65935.6,-2493.11
"Elec_RPM",65935.6,-2493.28
"Elec_RPM",65935.7,-2493.28
"Elec_RPM",65935.7,-2493.33
"Elec_RPM",65935.7,-2493.33
"Elec_RPM",65935.7,-2493.47
"Elec_RPM",65935.7,-2493.47
"Elec_RPM",65935.7,-2493.81
"Elec_RPM",65935.7,-2493.81
"Elec_RPM",65935.7,-2493.28
"Elec_RPM",65935.7,-2493.28
"Elec_RPM",65935.7,-2492.97
"Elec_RPM",65935.8,-2492.97
"Elec_RPM",65935.8,-2493.55
"Elec_RPM",65935.8,-2493.55
"Elec_RPM",65935.8,-2493.08
"Elec_RPM",65935.8,-2493.08
"Elec_RPM",65935.8,-2493.48
"Elec_RPM",65935.8,-2493.48
"Elec_RPM",65935.8,-2493.82
"Elec_RPM",65935.8,-2493.82
"Elec_RPM",65935.8,-2493.87
"Elec_RPM",65935.8,-2493.87
"Elec_RPM",65935.9,-2493.39
"Elec_RPM",65935.9,-2493.39
"Elec_RPM",65935.9,-2493.24
"Elec_RPM",65935.9,-2493.24
"Elec_RPM",65935.9,-2493.66
"Elec_RPM",65935.9,-2493.66
"Elec_RPM",65935.9,-2493.45
"Elec_RPM",65935.9,-2493.45
"Elec_RPM",65935.9,-2493.27
"Elec_RPM",65935.9,-2493.27
"Elec_RPM",65936,-2493.71
"Elec_RPM",65936,-2493.71
"Elec_RPM",65936,-2493.42
"Elec_RPM",65936,-2493.42
"Elec_RPM",65936,-2493.53
"Elec_RPM",65936,-2493.53
"Elec_RPM",65936,-2493.08
"Elec_RPM",65936,-2493.08
"Elec_RPM",65936,-2493.48
"Elec_RPM",65936,-2493.48
"Elec_RPM",65936.1,-2493.43
"Elec_RPM",65936.1,-2493.43
"Elec_RPM",65936.1,-2493.35
"Elec_RPM",65936.1,-2493.35
"Elec_RPM",65936.1,-2492.94
"Elec_RPM",65936.1,-2492.94
"Elec_RPM",65936.1,-2493.08
"Elec_RPM",65936.1,-2493.08
"Elec_RPM",65936.1,-2493.87
"Elec_RPM",65936.1,-2493.87
"Elec_RPM",65936.1,-2493.65
"Elec_RPM",65936.2,-2493.65
"Elec_RPM",65936.2,-2493.47
"Elec_RPM",65936.2,-2493.47
"Elec_RPM",65936.2,-2493.94
"Elec_RPM",65936.2,-2493.94
"Elec_RPM",65936.2,-2493.1
"Elec_RPM",65936.2,-2493.1
"Elec_RPM",65936.2,-2493.73
"Elec_RPM",65936.2,-2493.73
"Elec_RPM",65936.2,-2493.78
"Elec_RPM",65936.3,-2493.78
"Elec_RPM",65936.3,-2493.04
"Elec_RPM",65936.3,-2493.04
"Elec_RPM",65936.3,-2493.47
"Elec_RPM",65936.3,-2493.47
"Elec_RPM",65936.3,-2493.44
"Elec_RPM",65936.3,-2493.44
"Elec_RPM",65936.3,-2493.65
"Elec_RPM",65936.3,-2493.65
"Elec_RPM",65936.4,-2494.45
"Elec_RPM",65936.4,-2494.45
"Elec_RPM",65936.4,-2493.99
"Elec_RPM",65936.4,-2493.99
"Elec_RPM",65936.4,-2493.67
"Elec_RPM",65936.4,-2493.67
"Elec_RPM",65936.4,-2493.51
"Elec_RPM",65936.4,-2493.51
"Elec_RPM",65936.4,-2493.43
"Elec_RPM",65936.4,-2493.43
"Elec_RPM",65936.5,-2493.69
"Elec_RPM",65936.5,-2493.69
"Elec_RPM",65936.5,-2493.61
"Elec_RPM",65936.5,-2493.61
"Elec_RPM",65936.5,-2494.05
"Elec_RPM",65936.5,-2494.05
"Elec_RPM",65936.5,-2493.91
"Elec_RPM",65936.5,-2493.91
"Elec_RPM",65936.5,-2494.42
"Elec_RPM",65936.5,-2494.42
"cg_id_a",65926.4,0.603472
"cg_id_a",65926.5,0.17647
"cg_id_a",65926.5,0.90059
"cg_id_a",65926.5,0.666807
"cg_id_a",65926.5,2.77205
"cg_id_a",65926.5,1.20418
"cg_id_a",65926.5,-0.220422
"cg_id_a",65926.5,-2.47343
"cg_id_a",65926.5,3.18585
"cg_id_a",65926.5,-2.25382
"cg_id_a",65926.5,-0.642039
"cg_id_a",65926.6,0.0633954
"cg_id_a",65926.6,0.697815
"cg_id_a",65926.6,0.539405
"cg_id_a",65926.6,-0.533511
"cg_id_a",65926.6,2.04462
"cg_id_a",65926.6,0.909188
"cg_id_a",65926.6,1.89502
"cg_id_a",65926.6,-1.50164
"cg_id_a",65926.6,-2.67241
"cg_id_a",65926.6,1.3867
"cg_id_a",65926.7,-3.43757
"cg_id_a",65926.7,-3.43585
"cg_id_a",65926.7,1.65239
"cg_id_a",65926.7,-1.5978
"cg_id_a",65926.7,1.20755
"cg_id_a",65926.7,-0.347765
"cg_id_a",65926.7,-0.450535
"cg_id_a",65926.7,-0.30346
"cg_id_a",65926.7,1.00421
"cg_id_a",65926.7,-1.86463
"cg_id_a",65926.8,-2.30376
"cg_id_a",65926.8,1.1876
"cg_id_a",65926.8,-1.11141
"cg_id_a",65926.8,-3.10581
"cg_id_a",65926.8,-0.412401
"cg_id_a",65926.8,-0.171171
"cg_id_a",65926.8,2.46193
"cg_id_a",65926.8,-2.49676
"cg_id_a",65926.8,1.62006
"cg_id_a",65926.8,-0.95848
"cg_id_a",65926.9,2.38009
"cg_id_a",65926.9,-1.23294
"cg_id_a",65926.9,-2.11966
"cg_id_a",65926.9,1.46881
"cg_id_a",65926.9,-1.32298
"cg_id_a",65926.9,-2.18353
"cg_id_a",65926.9,0.549568
"cg_id_a",65926.9,-2.20824
"cg_id_a",65926.9,2.35146
"cg_id_a",65926.9,-2.24396
"cg_id_a",65927,1.46725
"cg_id_a",65927,-0.0788697
"cg_id_a",65927,1.76923
"cg_id_a",65927,-0.763748
"cg_id_a",65927,-2.75548
"cg_id_a",65927,0.837318
"cg_id_a",65927,-0.307509
"cg_id_a",65927,-1.28423
"cg_id_a",65927,0.148088
"cg_id_a",65927,-2.54685
"cg_id_a",65927.1,2.00261
"cg_id_a",65927.1,-0.810812
"cg_id_a",65927.1,0.651507
"cg_id_a",65927.1,-0.077717
"cg_id_a",65927.1,2.49863
"cg_id_a",65927.1,0.559592
"cg_id_a",65927.1,-2.72373
"cg_id_a",65927.1,1.3761
"cg_id_a",65927.1,0.196842
"cg_id_a",65927.1,-1.07283
"cg_id_a",65927.2,0.892557
"cg_id_a",65927.2,-2.23236
"cg_id_a",65927.2,2.28954
"cg_id_a",65927.2,-0.184695
"cg_id_a",65927.2,0.319612
"cg_id_a",65927.2,1.16197
"cg_id_a",65927.2,1.17039
"cg_id_a",65927.2,0.852271
"cg_id_a",65927.2,0.217252
"cg_id_a",65927.2,2.4005
"cg_id_a",65927.2,0.185967
"cg_id_a",65927.3,-1.1777
"cg_id_a",65927.3,1.54448
"cg_id_a",65927.3,-1.25362
"cg_id_a",65927.3,0.690362
"cg_id_a",65927.3,1.13997
"cg_id_a",65927.3,-1.79092
"cg_id_a",65927.3,1.60464
"cg_id_a",65927.3,2.32707
"cg_id_a",65927.3,0.780217
"cg_id_a",65927.3,-2.91925
"cg_id_a",65927.4,2.21173
"cg_id_a",65927.4,0.24065
"cg_id_a",65927.4,1.21227
"cg_id_a",65927.4,-0.0695425
"cg_id_a",65927.4,0.174721
"cg_id_a",65927.4,-0.749637
"cg_id_a",65927.4,0.818444
"cg_id_a",65927.4,-0.236874
"cg_id_a",65927.4,1.15766
"cg_id_a",65927.4,0.629934
"cg_id_a",65927.5,0.300595
"cg_id_a",65927.5,-3.81129
"cg_id_a",65927.5,3.49776
"cg_id_a",65927.5,-1.81648
"cg_id_a",65927.5,0.512212
"cg_id_a",65927.5,-1.37345
"cg_id_a",65927.5,-2.07134
"cg_id_a",65927.5,2.63023
"cg_id_a",65927.5,1.58016
"cg_id_a",65927.5,-2.54536
"cg_id_a",65927.6,2.4222
"cg_id_a",65927.6,-0.267338
"cg_id_a",65927.6,1.62822
"cg_id_a",65927.6,-6.29612
"cg_id_a",65927.6,1.90296
"cg_id_a",65927.6,-2.73967
"cg_id_a",65927.6,0.61202
"cg_id_a",65927.6,-1.05578
"cg_id_a",65927.6,-2.98655
"cg_id_a",65927.6,-1.2631
"cg_id_a",65927.7,0.435286
"cg_id_a",65927.7,-2.42101
"cg_id_a",65927.7,2.10882
"cg_id_a",65927.7,-0.725455
"cg_id_a",65927.7,2.09975
"cg_id_a",65927.7,-4.79026
"cg_id_a",65927.7,-0.128045
"cg_id_a",65927.7,-1.72632
"cg_id_a",65927.7,0.952934
"cg_id_a",65927.7,-0.621574
"cg_id_a",65927.8,-1.47253
"cg_id_a",65927.8,-2.38401
"cg_id_a",65927.8,3.74461
"cg_id_a",65927.8,-1.09407
"cg_id_a",65927.8,1.17949
"cg_id_a",65927.8,-2.16573
"cg_id_a",65927.8,2.57878
"cg_id_a",65927.8,-2.15698
"cg_id_a",65927.8,1.02602
"cg_id_a",65927.8,-0.477986
"cg_id_a",65927.9,1.34369
"cg_id_a",65927.9,-0.220436
"cg_id_a",65927.9,-0.310512
"cg_id_a",65927.9,-0.930885
"cg_id_a",65927.9,1.98871
"cg_id_a",65927.9,0.605081
"cg_id_a",65927.9,0.971704
"cg_id_a",65927.9,-0.795402
"cg_id_a",65927.9,3.25637
"cg_id_a",65927.9,-1.56622
"cg_id_a",65928,0.590135
"cg_id_a",65928,-0.00230741
"cg_id_a",65928,-0.190207
"cg_id_a",65928,0.607066
"cg_id_a",65928,-3.0635
"cg_id_a",65928,1.05287
"cg_id_a",65928,1.97256
"cg_id_a",65928,1.64965
"cg_id_a",65928,1.07678
"cg_id_a",65928,-0.711016
"cg_id_a",65928.1,3.33161
"cg_id_a",65928.1,-1.10253
"cg_id_a",65928.1,0.0785388
"cg_id_a",65928.1,1.70886
"cg_id_a",65928.1,1.71841
"cg_id_a",65928.1,1.09413
"cg_id_a",65928.1,-1.41736
"cg_id_a",65928.1,0.0473635
"cg_id_a",65928.1,2.60551
"cg_id_a",65928.1,2.37907
"cg_id_a",65928.2,1.61132
"cg_id_a",65928.2,0.541165
"cg_id_a",65928.2,3.80069
"cg_id_a",65928.2,-2.12872
"cg_id_a",65928.2,-1.87186
"cg_id_a",65928.2,2.19867
"cg_id_a",65928.2,-2.26098
"cg_id_a",65928.2,0.199081
"cg_id_a",65928.2,-2.71035
"cg_id_a",65928.2,0.427774
"cg_id_a",65928.2,1.26693
"cg_id_a",65928.3,2.3997
"cg_id_a",65928.3,-1.66566
"cg_id_a",65928.3,-2.12293
"cg_id_a",65928.3,2.28498
"cg_id_a",65928.3,-0.560752
"cg_id_a",65928.3,-2.56112
"cg_id_a",65928.3,2.25473
"cg_id_a",65928.3,-2.1343
"cg_id_a",65928.3,-0.00184251
"cg_id_a",65928.4,-3.93304
"cg_id_a",65928.4,0.991979
"cg_id_a",65928.4,-1.14381
"cg_id_a",65928.4,3.21158
"cg_id_a",65928.4,-2.00553
"cg_id_a",65928.4,-1.4502
"cg_id_a",65928.4,1.141
"cg_id_a",65928.4,-0.57224
"cg_id_a",65928.4,-3.09653
"cg_id_a",65928.4,2.03892
"cg_id_a",65928.4,-1.95911
"cg_id_a",65928.5,1.18613
"cg_id_a",65928.5,-4.80056
"cg_id_a",65928.5,-1.13764
"cg_id_a",65928.5,-0.17528
"cg_id_a",65928.5,2.10888
"cg_id_a",65928.5,-0.339991
"cg_id_a",65928.5,0.252968
"cg_id_a",65928.5,0.124056
"cg_id_a",65928.5,0.336457
"cg_id_a",65928.5,-0.995528
"cg_id_a",65928.6,1.32944
"cg_id_a",65928.6,-3.46841
"cg_id_a",65928.6,2.13585
"cg_id_a",65928.6,-4.13152
"cg_id_a",65928.6,-0.243985
"cg_id_a",65928.6,-0.00907928
"cg_id_a",65928.6,4.01764
"cg_id_a",65928.6,0.948952
"cg_id_a",65928.6,-0.226725
"cg_id_a",65928.6,0.336571
"cg_id_a",65928.7,0.0574521
"cg_id_a",65928.7,-1.0928
"cg_id_a",65928.7,1.90206
"cg_id_a",65928.7,-2.44161
"cg_id_a",65928.7,2.53322
"cg_id_a",65928.7,-2.51388
"cg_id_a",65928.7,0.05351
"cg_id_a",65928.7,0.150254
"cg_id_a",65928.7,3.73798
"cg_id_a",65928.8,1.13623
"cg_id_a",65928.8,-0.43415
"cg_id_a",65928.8,1.3659
"cg_id_a",65928.8,1.22941
"cg_id_a",65928.8,-1.01652
"cg_id_a",65928.8,3.35815
"cg_id_a",65928.8,-2.72556
"cg_id_a",65928.8,2.14851
"cg_id_a",65928.8,-2.13535
"cg_id_a",65928.8,0.453069
"cg_id_a",65928.8,0.709397
"cg_id_a",65928.9,5.0482
"cg_id_a",65928.9,-1.31329
"cg_id_a",65928.9,-1.69496
"cg_id_a",65928.9,1.70041
"cg_id_a",65928.9,0.413282
"cg_id_a",65928.9,1.5468
"cg_id_a",65928.9,2.0072
"cg_id_a",65928.9,-2.64439
"cg_id_a",65928.9,0.907216
"cg_id_a",65928.9,0.665474
"cg_id_a",65929,-1.80595
"cg_id_a",65929,1.66082
"cg_id_a",65929,1.82967
"cg_id_a",65929,2.37655
"cg_id_a",65929,-2.55055
"cg_id_a",65929,-0.106427
"cg_id_a",65929,0.91882
"cg_id_a",65929,0.769189
"cg_id_a",65929,1.376
"cg_id_a",65929,-1.92213
"cg_id_a",65929.1,4.5935
"cg_id_a",65929.1,-1.03136
"cg_id_a",65929.1,-3.58725
"cg_id_a",65929.1,1.26787
"cg_id_a",65929.1,-0.456283
"cg_id_a",65929.1,3.16993
"cg_id_a",65929.1,-3.1954
"cg_id_a",65929.1,-0.817241
"cg_id_a",65929.1,-0.415592
"cg_id_a",65929.1,2.43758
"cg_id_a",65929.2,1.15875
"cg_id_a",65929.2,-3.84735
"cg_id_a",65929.2,1.06873
"cg_id_a",65929.2,-1.74937
"cg_id_a",65929.2,-3.65638
"cg_id_a",65929.2,2.36404
"cg_id_a",65929.2,-1.04007
"cg_id_a",65929.2,2.71111
"cg_id_a",65929.2,-2.09042
"cg_id_a",65929.2,-1.32117
"cg_id_a",65929.3,-1.88641
"cg_id_a",65929.3,0.96466
"cg_id_a",65929.3,-0.000903705
"cg_id_a",65929.3,-3.60797
"cg_id_a",65929.3,2.74642
"cg_id_a",65929.3,-0.628463
"cg_id_a",65929.3,-2.89548
"cg_id_a",65929.3,1.7446
"cg_id_a",65929.3,1.81005
"cg_id_a",65929.3,2.69238
"cg_id_a",65929.4,0.257863
"cg_id_a",65929.4,0.896588
"cg_id_a",65929.4,-1.6439
"cg_id_a",65929.4,1.36804
"cg_id_a",65929.4,1.32728
"cg_id_a",65929.4,-2.2715
"cg_id_a",65929.4,0.372171
"cg_id_a",65929.4,0.796044
"cg_id_a",65929.4,-2.62991
"cg_id_a",65929.4,1.87306
"cg_id_a",65929.5,-0.326154
"cg_id_a",65929.5,1.92374
"cg_id_a",65929.5,-0.151382
"cg_id_a",65929.5,-0.0654075
"cg_id_a",65929.5,-1.00843
"cg_id_a",65929.5,1.16806
"cg_id_a",65929.5,2.07682
"cg_id_a",65929.5,-1.68729
"cg_id_a",65929.5,0.999897
"cg_id_a",65929.5,0.596527
"cg_id_a",65929.6,-0.164072
"cg_id_a",65929.6,1.9687
"cg_id_a",65929.6,1.08579
"cg_id_a",65929.6,1.76097
"cg_id_a",65929.6,-0.151623
"cg_id_a",65929.6,-0.2514
"cg_id_a",65929.6,0.161736
"cg_id_a",65929.6,1.98141
"cg_id_a",65929.6,2.827
"cg_id_a",65929.6,-4.3647
"cg_id_a",65929.7,2.84987
"cg_id_a",65929.7,0.189912
"cg_id_a",65929.7,0.494403
"cg_id_a",65929.7,-0.0532606
"cg_id_a",65929.7,0.824419
"cg_id_a",65929.7,1.18651
"cg_id_a",65929.7,0.89836
"cg_id_a",65929.7,-0.533374
"cg_id_a",65929.7,1.34417
"cg_id_a",65929.8,-1.46251
"cg_id_a",65929.8,3.3993
"cg_id_a",65929.8,-2.81666
"cg_id_a",65929.8,1.6847
"cg_id_a",65929.8,-2.52497
"cg_id_a",65929.8,1.32018
"cg_id_a",65929.8,-1.03254
"cg_id_a",65929.8,1.15249
"cg_id_a",65929.8,0.95594
"cg_id_a",65929.8,1.01415
"cg_id_a",65929.8,-1.70087
"cg_id_a",65929.9,-0.350463
"cg_id_a",65929.9,0.930455
"cg_id_a",65929.9,0.915126
"cg_id_a",65929.9,-3.34208
"cg_id_a",65929.9,0.977418
"cg_id_a",65929.9,-2.50107
"cg_id_a",65929.9,0.638865
"cg_id_a",65929.9,-2.3082
"cg_id_a",65929.9,2.06323
"cg_id_a",65929.9,0.724441
"cg_id_a",65930,1.18281
"cg_id_a",65930,-1.59781
"cg_id_a",65930,2.18526
"cg_id_a",65930,-2.3914
"cg_id_a",65930,3.39402
"cg_id_a",65930,-4.49426
"cg_id_a",65930,0.199003
"cg_id_a",65930,-1.22433
"cg_id_a",65930,1.54649
"cg_id_a",65930,-1.06375
"cg_id_a",65930.1,-0.608711
"cg_id_a",65930.1,0.247113
"cg_id_a",65930.1,1.57754
"cg_id_a",65930.1,-2.59837
"cg_id_a",65930.1,1.04839
"cg_id_a",65930.1,-3.34935
"cg_id_a",65930.1,3.04761
"cg_id_a",65930.1,-4.73366
"cg_id_a",65930.1,-1.09054
"cg_id_a",65930.1,-1.46917
"cg_id_a",65930.2,1.43878
"cg_id_a",65930.2,-1.30179
"cg_id_a",65930.2,1.26935
"cg_id_a",65930.2,-0.160101
"cg_id_a",65930.2,5.08717
"cg_id_a",65930.2,-1.41411
"cg_id_a",65930.2,1.18
"cg_id_a",65930.2,-1.35098
"cg_id_a",65930.2,2.62103
"cg_id_a",65930.2,-1.59448
"cg_id_a",65930.3,0.283373
"cg_id_a",65930.3,-0.49585
"cg_id_a",65930.3,1.18632
"cg_id_a",65930.3,0.162009
"cg_id_a",65930.3,1.73617
"cg_id_a",65930.3,-0.0500983
"cg_id_a",65930.3,1.52967
"cg_id_a",65930.3,-0.392449
"cg_id_a",65930.3,0.408296
"cg_id_a",65930.4,-2.97061
"cg_id_a",65930.4,3.02592
"cg_id_a",65930.4,-1.36565
"cg_id_a",65930.4,-0.159426
"cg_id_a",65930.4,-0.206025
"cg_id_a",65930.4,1.52124
"cg_id_a",65930.4,-0.332666
"cg_id_a",65930.4,-0.494087
"cg_id_a",65930.4,0.381395
"cg_id_a",65930.4,2.32701
"cg_id_a",65930.4,1.38221
"cg_id_a",65930.5,2.2186
"cg_id_a",65930.5,-2.53772
"cg_id_a",65930.5,4.79267
"cg_id_a",65930.5,-0.76066
"cg_id_a",65930.5,-1.1047
"cg_id_a",65930.5,1.12293
"cg_id_a",65930.5,-0.327463
"cg_id_a",65930.5,1.87205
"cg_id_a",65930.5,-1.1561
"cg_id_a",65930.5,2.07107
"cg_id_a",65930.6,-0.908829
"cg_id_a",65930.6,1.38067
"cg_id_a",65930.6,0.476967
"cg_id_a",65930.6,-2.59847
"cg_id_a",65930.6,1.82367
"cg_id_a",65930.6,-0.667126
"cg_id_a",65930.6,-1.60625
"cg_id_a",65930.6,-1.06994
"cg_id_a",65930.6,-2.25126
"cg_id_a",65930.6,2.43767
"cg_id_a",65930.7,-1.29963
"cg_id_a",65930.7,1.21345
"cg_id_a",65930.7,2.92943
"cg_id_a",65930.7,0.13448
"cg_id_a",65930.7,-1.60827
"cg_id_a",65930.7,-1.64303
"cg_id_a",65930.7,0.129299
"cg_id_a",65930.7,-0.634481
"cg_id_a",65930.7,-2.36424
"cg_id_a",65930.8,-1.02714
"cg_id_a",65930.8,-3.07128
"cg_id_a",65930.8,0.938282
"cg_id_a",65930.8,0.115251
"cg_id_a",65930.8,0.785807
"cg_id_a",65930.8,-0.651281
"cg_id_a",65930.8,1.95927
"cg_id_a",65930.8,-1.50382
"cg_id_a",65930.8,-2.12135
"cg_id_a",65930.8,2.15893
"cg_id_a",65930.8,-0.1655
"cg_id_a",65930.9,-2.65527
"cg_id_a",65930.9,-0.063416
"cg_id_a",65930.9,-0.448949
"cg_id_a",65930.9,1.38301
"cg_id_a",65930.9,-0.485707
"cg_id_a",65930.9,-0.588841
"cg_id_a",65930.9,-0.919656
"cg_id_a",65930.9,1.48202
"cg_id_a",65930.9,-0.841995
"cg_id_a",65930.9,-2.61458
"cg_id_a",65931,1.09755
"cg_id_a",65931,-1.08153
"cg_id_a",65931,-3.09384
"cg_id_a",65931,0.638952
"cg_id_a",65931,-1.41343
"cg_id_a",65931,2.45109
"cg_id_a",65931,0.169133
"cg_id_a",65931,-0.369767
"cg_id_a",65931,-0.0574049
"cg_id_a",65931,1.36457
"cg_id_a",65931.1,0.822859
"cg_id_a",65931.1,-1.97655
"cg_id_a",65931.1,0.606755
"cg_id_a",65931.1,-0.4482
"cg_id_a",65931.1,-0.1192
"cg_id_a",65931.1,0.575189
"cg_id_a",65931.1,-2.15557
"cg_id_a",65931.1,2.16759
"cg_id_a",65931.1,-0.49692
"cg_id_a",65931.1,-0.41635
"cg_id_a",65931.2,1.24339
"cg_id_a",65931.2,2.28254
"cg_id_a",65931.2,-0.58029
"cg_id_a",65931.2,-2.30331
"cg_id_a",65931.2,2.16396
"cg_id_a",65931.2,1.12828
"cg_id_a",65931.2,0.190485
"cg_id_a",65931.2,-0.846189
"cg_id_a",65931.2,-2.33549
"cg_id_a",65931.2,1.97248
"cg_id_a",65931.3,0.41484
"cg_id_a",65931.3,-1.79743
"cg_id_a",65931.3,1.74482
"cg_id_a",65931.3,2.45581
"cg_id_a",65931.3,1.17424
"cg_id_a",65931.3,-2.39527
"cg_id_a",65931.3,2.74993
"cg_id_a",65931.3,-1.85496
"cg_id_a",65931.3,0.998614
"cg_id_a",65931.3,-1.27033
"cg_id_a",65931.4,-1.58509
"cg_id_a",65931.4,1.36442
"cg_id_a",65931.4,2.07297
"cg_id_a",65931.4,2.76352
"cg_id_a",65931.4,2.77323
"cg_id_a",65931.4,-1.014
"cg_id_a",65931.4,1.35475
"cg_id_a",65931.4,-3.25176
"cg_id_a",65931.4,0.118134
"cg_id_a",65931.4,-0.439657
"cg_id_a",65931.5,0.0834448
"cg_id_a",65931.5,-1.88018
"cg_id_a",65931.5,-2.57356
"cg_id_a",65931.5,2.86089
"cg_id_a",65931.5,1.72654
"cg_id_a",65931.5,-0.489182
"cg_id_a",65931.5,1.06107
"cg_id_a",65931.5,-2.42774
"cg_id_a",65931.5,1.48174
"cg_id_a",65931.5,-4.5352
"cg_id_a",65931.6,1.45929
"cg_id_a",65931.6,-1.37721
"cg_id_a",65931.6,0.322264
"cg_id_a",65931.6,-0.323636
"cg_id_a",65931.6,-2.50724
"cg_id_a",65931.6,0.135136
"cg_id_a",65931.6,1.81642
"cg_id_a",65931.6,-1.51565
"cg_id_a",65931.6,1.89179
"cg_id_a",65931.6,-2.01414
"cg_id_a",65931.7,0.898041
"cg_id_a",65931.7,-4.48615
"cg_id_a",65931.7,1.23138
"cg_id_a",65931.7,-1.85002
"cg_id_a",65931.7,0.625424
"cg_id_a",65931.7,-0.87673
"cg_id_a",65931.7,-2.24556
"cg_id_a",65931.7,-0.482897
"cg_id_a",65931.7,2.35468
"cg_id_a",65931.8,0.866633
"cg_id_a",65931.8,0.687227
"cg_id_a",65931.8,-1.14154
"cg_id_a",65931.8,2.06645
"cg_id_a",65931.8,-4.11115
"cg_id_a",65931.8,0.722228
"cg_id_a",65931.8,-0.0785315
"cg_id_a",65931.8,1.36745
"cg_id_a",65931.8,0.193118
"cg_id_a",65931.8,-2.3943
"cg_id_a",65931.8,0.464702
"cg_id_a",65931.9,1.77252
"cg_id_a",65931.9,-0.135181
"cg_id_a",65931.9,1.34156
"cg_id_a",65931.9,-2.92349
"cg_id_a",65931.9,2.66596
"cg_id_a",65931.9,-2.27536
"cg_id_a",65931.9,-0.125573
"cg_id_a",65931.9,0.33988
"cg_id_a",65931.9,0.462513
"cg_id_a",65931.9,0.0570088
"cg_id_a",65932,-3.78657
"cg_id_a",65932,1.64524
"cg_id_a",65932,0.99429
"cg_id_a",65932,1.15559
"cg_id_a",65932,1.42082
"cg_id_a",65932,-1.02238
"cg_id_a",65932,2.01687
"cg_id_a",65932,-1.19014
"cg_id_a",65932,0.0345751
"cg_id_a",65932,0.563055
"cg_id_a",65932.1,0.111189
"cg_id_a",65932.1,1.69673
"cg_id_a",65932.1,-1.29856
"cg_id_a",65932.1,0.0371144
"cg_id_a",65932.1,0.467639
"cg_id_a",65932.1,3.16908
"cg_id_a",65932.1,-1.31023
"cg_id_a",65932.1,-0.348475
"cg_id_a",65932.1,2.65011
"cg_id_a",65932.1,-0.212644
"cg_id_a",65932.2,-1.5176
"cg_id_a",65932.2,1.98404
"cg_id_a",65932.2,-2.57538
"cg_id_a",65932.2,1.56641
"cg_id_a",65932.2,-4.67743
"cg_id_a",65932.2,1.2745
"cg_id_a",65932.2,-0.71981
"cg_id_a",65932.2,3.68799
"cg_id_a",65932.2,-0.0493027
"cg_id_a",65932.2,-2.57886
"cg_id_a",65932.3,0.132174
"cg_id_a",65932.3,0.221378
"cg_id_a",65932.3,-2.29152
"cg_id_a",65932.3,1.98518
"cg_id_a",65932.3,-1.65386
"cg_id_a",65932.3,0.221468
"cg_id_a",65932.3,-2.69645
"cg_id_a",65932.3,-0.236431
"cg_id_a",65932.3,0.322448
"cg_id_a",65932.4,1.98279
"cg_id_a",65932.4,-0.560954
"cg_id_a",65932.4,-0.269831
"cg_id_a",65932.4,-0.17522
"cg_id_a",65932.4,-0.948284
"cg_id_a",65932.4,-3.16293
"cg_id_a",65932.4,1.69043
"cg_id_a",65932.4,-3.33514
"cg_id_a",65932.4,1.55077
"cg_id_a",65932.4,-4.73515
"cg_id_a",65932.5,-0.661879
"cg_id_a",65932.5,-1.64221
"cg_id_a",65932.5,3.60238
"cg_id_a",65932.5,0.200238
"cg_id_a",65932.5,-0.390561
"cg_id_a",65932.5,1.69278
"cg_id_a",65932.5,-0.542294
"cg_id_a",65932.5,-1.55799
"cg_id_a",65932.5,1.60663
"cg_id_a",65932.5,-2.6613
"cg_id_a",65932.5,2.20663
"cg_id_a",65932.6,-3.76783
"cg_id_a",65932.6,-0.664014
"cg_id_a",65932.6,0.0704311
"cg_id_a",65932.6,2.91744
"cg_id_a",65932.6,-0.729263
"cg_id_a",65932.6,-0.823822
"cg_id_a",65932.6,0.470841
"cg_id_a",65932.6,0.446377
"cg_id_a",65932.6,-1.32668
"cg_id_a",65932.6,0.672
"cg_id_a",65932.7,-2.85583
"cg_id_a",65932.7,3.46636
"cg_id_a",65932.7,-2.0691
"cg_id_a",65932.7,-1.25209
"cg_id_a",65932.7,-0.0717038
"cg_id_a",65932.7,3.78809
"cg_id_a",65932.7,0.96858
"cg_id_a",65932.7,-1.54896
"cg_id_a",65932.7,1.8154
"cg_id_a",65932.8,0.352795
"cg_id_a",65932.8,0.913149
"cg_id_a",65932.8,1.50919
"cg_id_a",65932.8,-3.49036
"cg_id_a",65932.8,0.147183
"cg_id_a",65932.8,-4.19297
"cg_id_a",65932.8,-0.0919737
"cg_id_a",65932.8,1.60087
"cg_id_a",65932.8,3.56294
"cg_id_a",65932.8,1.73402
"cg_id_a",65932.9,-0.256385
"cg_id_a",65932.9,0.455096
"cg_id_a",65932.9,0.318191
"cg_id_a",65932.9,0.767905
"cg_id_a",65932.9,2.10984
"cg_id_a",65932.9,-3.28244
"cg_id_a",65932.9,2.49348
"cg_id_a",65932.9,-1.33462
"cg_id_a",65932.9,-0.728857
"cg_id_a",65932.9,2.68164
"cg_id_a",65932.9,1.79278
"cg_id_a",65933,1.74584
"cg_id_a",65933,-0.729093
"cg_id_a",65933,1.31357
"cg_id_a",65933,-2.5156
"cg_id_a",65933,-0.442106
"cg_id_a",65933,-0.215428
"cg_id_a",65933,-1.89082
"cg_id_a",65933,0.512888
"cg_id_a",65933,-0.312856
"cg_id_a",65933,-2.62268
"cg_id_a",65933.1,2.6448
"cg_id_a",65933.1,1.243
"cg_id_a",65933.1,1.38099
"cg_id_a",65933.1,-3.37965
"cg_id_a",65933.1,1.10705
"cg_id_a",65933.1,-1.57608
"cg_id_a",65933.1,1.46945
"cg_id_a",65933.1,1.49151
"cg_id_a",65933.1,-2.8167
"cg_id_a",65933.1,0.81989
"cg_id_a",65933.2,-1.08406
"cg_id_a",65933.2,-3.10687
"cg_id_a",65933.2,2.0012
"cg_id_a",65933.2,0.154004
"cg_id_a",65933.2,1.96196
"cg_id_a",65933.2,-2.63462
"cg_id_a",65933.2,-0.475423
"cg_id_a",65933.2,-1.70568
"cg_id_a",65933.2,1.99112
"cg_id_a",65933.2,1.61906
"cg_id_a",65933.3,-3.56671
"cg_id_a",65933.3,0.0109649
"cg_id_a",65933.3,-1.61578
"cg_id_a",65933.3,-2.93022
"cg_id_a",65933.3,1.73465
"cg_id_a",65933.3,-0.635795
"cg_id_a",65933.3,4.07342
"cg_id_a",65933.3,-2.10984
"cg_id_a",65933.3,-0.729839
"cg_id_a",65933.4,-1.21713
"cg_id_a",65933.4,1.39288
"cg_id_a",65933.4,2.81393
"cg_id_a",65933.4,-2.87685
"cg_id_a",65933.4,0.346367
"cg_id_a",65933.4,-0.270297
"cg_id_a",65933.4,-2.9824
"cg_id_a",65933.4,1.95964
"cg_id_a",65933.4,0.488295
"cg_id_a",65933.4,2.54066
"cg_id_a",65933.5,-0.643688
"cg_id_a",65933.5,0.823337
"cg_id_a",65933.5,-0.127856
"cg_id_a",65933.5,0.533049
"cg_id_a",65933.5,4.438
"cg_id_a",65933.5,-2.67008
"cg_id_a",65933.5,1.299
"cg_id_a",65933.5,-0.526646
"cg_id_a",65933.5,0.181901
"cg_id_a",65933.5,0.435828
"cg_id_a",65933.6,0.577307
"cg_id_a",65933.6,4.1882
"cg_id_a",65933.6,0.651725
"cg_id_a",65933.6,-1.96322
"cg_id_a",65933.6,1.22485
"cg_id_a",65933.6,-0.798277
"cg_id_a",65933.6,3.09216
"cg_id_a",65933.6,-2.54909
"cg_id_a",65933.6,2.13478
"cg_id_a",65933.6,-0.103698
"cg_id_a",65933.7,1.15683
"cg_id_a",65933.7,1.50965
"cg_id_a",65933.7,-1.0047
"cg_id_a",65933.7,3.13852
"cg_id_a",65933.7,-0.66134
"cg_id_a",65933.7,-0.940662
"cg_id_a",65933.7,0.844944
"cg_id_a",65933.7,0.58284
"cg_id_a",65933.7,2.21871
"cg_id_a",65933.7,-5.14629
"cg_id_a",65933.8,0.249667
"cg_id_a",65933.8,-2.01246
"cg_id_a",65933.8,1.79686
"cg_id_a",65933.8,0.455419
"cg_id_a",65933.8,0.210207
"cg_id_a",65933.8,-0.0191221
"cg_id_a",65933.8,1.16189
"cg_id_a",65933.8,-2.36686
"cg_id_a",65933.8,0.26168
"cg_id_a",65933.8,-1.81345
"cg_id_a",65933.9,2.60292
"cg_id_a",65933.9,-4.91245
"cg_id_a",65933.9,1.15159
"cg_id_a",65933.9,-1.49558
"cg_id_a",65933.9,1.22909
"cg_id_a",65933.9,-0.066269
"cg_id_a",65933.9,1.70485
"cg_id_a",65933.9,0.339585
"cg_id_a",65933.9,0.174433
"cg_id_a",65933.9,-1.86837
"cg_id_a",65934,1.75831
"cg_id_a",65934,-3.64742
"cg_id_a",65934,4.081
"cg_id_a",65934,-4.16405
"cg_id_a",65934,-0.862721
"cg_id_a",65934,-1.66393
"cg_id_a",65934,0.845984
"cg_id_a",65934,-1.21031
"cg_id_a",65934,-1.00515
"cg_id_a",65934,-0.611843
"cg_id_a",65934.1,1.44738
"cg_id_a",65934.1,-2.27251
"cg_id_a",65934.1,0.643222
"cg_id_a",65934.1,-3.43603
"cg_id_a",65934.1,4.35004
"cg_id_a",65934.1,-3.41581
"cg_id_a",65934.1,-0.231842
"cg_id_a",65934.1,-1.73017
"cg_id_a",65934.1,1.43288
"cg_id_a",65934.1,-0.804721
"cg_id_a",65934.2,0.877452
"cg_id_a",65934.2,-0.245624
"cg_id_a",65934.2,1.35333
"cg_id_a",65934.2,-0.814539
"cg_id_a",65934.2,1.1729
"cg_id_a",65934.2,-2.84827
"cg_id_a",65934.2,3.82156
"cg_id_a",65934.2,-1.33702
"cg_id_a",65934.2,2.06008
"cg_id_a",65934.2,-0.634693
"cg_id_a",65934.2,0.437339
"cg_id_a",65934.3,0.464146
"cg_id_a",65934.3,-0.110522
"cg_id_a",65934.3,0.113974
"cg_id_a",65934.3,2.15925
"cg_id_a",65934.3,0.250529
"cg_id_a",65934.3,0.315988
"cg_id_a",65934.3,-3.31245
"cg_id_a",65934.3,3.2553
"cg_id_a",65934.4,-2.63934
"cg_id_a",65934.4,-1.03556
"cg_id_a",65934.4,-0.0568131
"cg_id_a",65934.4,2.02518
"cg_id_a",65934.4,-0.212084
"cg_id_a",65934.4,0.345044
"cg_id_a",65934.4,0.851303
"cg_id_a",65934.4,0.67105
"cg_id_a",65934.4,-0.680839
"cg_id_a",65934.4,1.07422
"cg_id_a",65934.4,-2.42615
"cg_id_a",65934.5,2.04898
"cg_id_a",65934.5,-2.37895
"cg_id_a",65934.5,-1.64636
"cg_id_a",65934.5,1.46516
"cg_id_a",65934.5,0.483927
"cg_id_a",65934.5,0.0388087
"cg_id_a",65934.5,0.213434
"cg_id_a",65934.5,0.217731
"cg_id_a",65934.5,1.62938
"cg_id_a",65934.5,1.72339
"cg_id_a",65934.6,-1.69521
"cg_id_a",65934.6,-3.03151
"cg_id_a",65934.6,1.76226
"cg_id_a",65934.6,1.2358
"cg_id_a",65934.6,-1.88913
"cg_id_a",65934.6,0.812144
"cg_id_a",65934.6,-1.97533
"cg_id_a",65934.6,1.29743
"cg_id_a",65934.6,-0.0375396
"cg_id_a",65934.6,0.539355
"cg_id_a",65934.7,-0.135876
"cg_id_a",65934.7,0.938364
"cg_id_a",65934.7,-0.494502
"cg_id_a",65934.7,-1.46655
"cg_id_a",65934.7,1.59418
"cg_id_a",65934.7,-0.483308
"cg_id_a",65934.7,-2.91572
"cg_id_a",65934.8,1.10829
"cg_id_a",65934.8,0.248769
"cg_id_a",65934.8,2.30817
"cg_id_a",65934.8,-0.976272
"cg_id_a",65934.8,-1.18401
"cg_id_a",65934.8,-0.788405
"cg_id_a",65934.8,1.94315
"cg_id_a",65934.8,-1.16848
"cg_id_a",65934.9,-3.11439
"cg_id_a",65934.9,0.951452
"cg_id_a",65934.9,0.243946
"cg_id_a",65934.9,-1.84167
"cg_id_a",65934.9,0.20037
"cg_id_a",65934.9,-2.65494
"cg_id_a",65935,2.33621
"cg_id_a",65935,-0.825846
"cg_id_a",65935,-0.387393
"cg_id_a",65935,-0.227096
"cg_id_a",65935,1.84417
"cg_id_a",65935,-0.340898
"cg_id_a",65935,-2.09436
"cg_id_a",65935.1,0.52856
"cg_id_a",65935.1,-2.67029
"cg_id_a",65935.1,3.09331
"cg_id_a",65935.1,-0.0267488
"cg_id_a",65935.1,-1.87565
"cg_id_a",65935.1,0.814456
"cg_id_a",65935.2,-0.179242
"cg_id_a",65935.2,-1.78364
"cg_id_a",65935.2,1.99992
"cg_id_a",65935.2,0.545382
"cg_id_a",65935.2,0.115485
"cg_id_a",65935.2,2.01299
"cg_id_a",65935.2,0.398051
"cg_id_a",65935.2,-1.73674
"cg_id_a",65935.3,2.30188
"cg_id_a",65935.3,-1.35617
"cg_id_a",65935.3,0.191054
"cg_id_a",65935.3,1.84312
"cg_id_a",65935.3,-2.64053
"cg_id_a",65935.3,2.48344
"cg_id_a",65935.3,2.85437
"cg_id_a",65935.3,-0.257211
"cg_id_a",65935.3,1.21272
"cg_id_a",65935.3,-3.09007
"cg_id_a",65935.3,3.38154
"cg_id_a",65935.4,0.392407
"cg_id_a",65935.4,1.48215
"cg_id_a",65935.4,-1.52722
"cg_id_a",65935.4,-2.10264
"cg_id_a",65935.4,1.24839
"cg_id_a",65935.4,1.12828
"cg_id_a",65935.4,-0.691194
"cg_id_a",65935.4,1.72754
"cg_id_a",65935.4,-1.9673
"cg_id_a",65935.4,1.42713
"cg_id_a",65935.4,-4.04181
"cg_id_a",65935.4,-0.932358
"cg_id_a",65935.5,-0.436151
"cg_id_a",65935.5,1.26257
"cg_id_a",65935.5,-0.921047
"cg_id_a",65935.5,-2.78825
"cg_id_a",65935.5,-1.636
"cg_id_a",65935.5,2.74994
"cg_id_a",65935.5,-2.56811
"cg_id_a",65935.5,2.11333
"cg_id_a",65935.5,-2.0394
"cg_id_a",65935.5,0.71879
"cg_id_a",65935.5,-4.25768
"cg_id_a",65935.6,2.99738
"cg_id_a",65935.6,-1.95696
"cg_id_a",65935.6,1.16318
"cg_id_a",65935.6,-0.756458
"cg_id_a",65935.6,-1.42436
"cg_id_a",65935.6,-0.598387
"cg_id_a",65935.6,1.07752
"cg_id_a",65935.6,-1.34261
"cg_id_a",65935.6,0.743914
"cg_id_a",65935.6,-2.58509
"cg_id_a",65935.7,1.05275
"cg_id_a",65935.7,-4.19806
"cg_id_a",65935.7,0.539543
"cg_id_a",65935.7,-0.944207
"cg_id_a",65935.7,0.953113
"cg_id_a",65935.7,-1.06543
"cg_id_a",65935.7,-1.67533
"cg_id_a",65935.7,0.716098
"cg_id_a",65935.7,2.825
"cg_id_a",65935.7,-1.08142
"cg_id_a",65935.8,1.80732
"cg_id_a",65935.8,-2.0693
"cg_id_a",65935.8,2.05341
"cg_id_a",65935.8,-3.62701
"cg_id_a",65935.8,-0.923626
"cg_id_a",65935.8,-0.183418
"cg_id_a",65935.8,0.924253
"cg_id_a",65935.8,-0.599871
"cg_id_a",65935.8,-1.76492
"cg_id_a",65935.8,-0.145544
"cg_id_a",65935.8,2.43196
"cg_id_a",65935.9,1.20995
"cg_id_a",65935.9,2.8034
"cg_id_a",65935.9,-1.38903
"cg_id_a",65935.9,3.25986
"cg_id_a",65935.9,-2.55716
"cg_id_a",65935.9,-0.954577
"cg_id_a",65935.9,0.558074
"cg_id_a",65935.9,0.499633
"cg_id_a",65935.9,0.452681
"cg_id_a",65935.9,-1.97103
"cg_id_a",65936,0.603631
"cg_id_a",65936,0.141349
"cg_id_a",65936,2.20388
"cg_id_a",65936,0.151357
"cg_id_a",65936,-1.24655
"cg_id_a",65936,0.444447
"cg_id_a",65936,-1.53848
"cg_id_a",65936,0.397617
"cg_id_a",65936,2.07384
"cg_id_a",65936,0.475277
"cg_id_a",65936.1,-1.16555
"cg_id_a",65936.1,-2.48179
"cg_id_a",65936.1,1.22222
"cg_id_a",65936.1,0.037844
"cg_id_a",65936.1,3.51046
"cg_id_a",65936.1,0.328417
"cg_id_a",65936.1,-2.28388
"cg_id_a",65936.1,0.462445
"cg_id_a",65936.1,-0.00117566
"cg_id_a",65936.1,0.21205
"cg_id_a",65936.1,1.46774
"cg_id_a",65936.2,-3.41437
"cg_id_a",65936.2,0.84725
"cg_id_a",65936.2,-3.20736
"cg_id_a",65936.2,1.56885
"cg_id_a",65936.2,1.45035
"cg_id_a",65936.2,1.61725
"cg_id_a",65936.2,-0.247844
"cg_id_a",65936.2,0.777665
"cg_id_a",65936.2,3.44976
"cg_id_a",65936.2,0.0197684
"cg_id_a",65936.3,-2.64663
"cg_id_a",65936.3,2.38588
"cg_id_a",65936.3,-3.33375
"cg_id_a",65936.3,1.26109
"cg_id_a",65936.3,-3.33913
"cg_id_a",65936.3,0.100774
"cg_id_a",65936.3,-0.422737
"cg_id_a",65936.3,2.10818
"cg_id_a",65936.3,-1.0106
"cg_id_a",65936.4,1.01989
"cg_id_a",65936.4,0.363475
"cg_id_a",65936.4,0.264645
"cg_id_a",65936.4,-2.59867
"cg_id_a",65936.4,1.44769
"cg_id_a",65936.4,-3.1364
"cg_id_a",65936.4,1.88332
"cg_id_a",65936.4,-4.44707
"cg_id_a",65936.4,-1.08895
"cg_id_a",65936.4,0.084982
"cg_id_a",65936.5,3.61552
"cg_id_a",65936.5,0.345109
"cg_id_a",65936.5,-0.672452
"cg_id_a",65936.5,0.532487
"cg_id_a",65936.5,-0.185397
"cg_id_a",65936.5,-0.472408
"cg_id_a",65936.5,1.7748
"cg_id_a",65936.5,-2.8494
"cg_id_a",65936.5,1.85646
"cg_id_a",65936.5,-3.14532
"cg_id_a",65936.6,-0.184682
"cg_iq_a",65926.5,19.8001
"cg_iq_a",65926.5,16.1442
"cg_iq_a",65926.5,12.7568
"cg_iq_a",65926.5,11.9226
"cg_iq_a",65926.5,18.0206
"cg_iq_a",65926.5,16.4325
"cg_iq_a",65926.6,17.6949
"cg_iq_a",65926.6,11.2968
"cg_iq_a",65926.6,16.0741
"cg_iq_a",65926.6,14.161
"cg_iq_a",65926.6,14.3153
"cg_iq_a",65926.6,13.0912
"cg_iq_a",65926.6,18.9199
"cg_iq_a",65926.6,16.2197
"cg_iq_a",65926.6,13.4795
"cg_iq_a",65926.6,11.0925
"cg_iq_a",65926.7,16.6505
"cg_iq_a",65926.7,16.5938
"cg_iq_a",65926.7,19.261
"cg_iq_a",65926.7,9.35033
"cg_iq_a",65926.7,16.7691
"cg_iq_a",65926.7,12.0625
"cg_iq_a",65926.7,13.6452
"cg_iq_a",65926.7,14.343
"cg_iq_a",65926.7,16.0882
"cg_iq_a",65926.7,15.5776
"cg_iq_a",65926.8,13.7511
"cg_iq_a",65926.8,11.2336
"cg_iq_a",65926.8,17.2138
"cg_iq_a",65926.8,15.5335
"cg_iq_a",65926.8,17.9004
"cg_iq_a",65926.8,11.2776
"cg_iq_a",65926.8,16.1723
"cg_iq_a",65926.8,12.1581
"cg_iq_a",65926.8,14.3198
"cg_iq_a",65926.8,16.7465
"cg_iq_a",65926.9,18.13
"cg_iq_a",65926.9,14.7366
"cg_iq_a",65926.9,13.3282
"cg_iq_a",65926.9,10.5632
"cg_iq_a",65926.9,15.0612
"cg_iq_a",65926.9,15.4527
"cg_iq_a",65926.9,19.0257
"cg_iq_a",65926.9,10.044
"cg_iq_a",65926.9,14.6931
"cg_iq_a",65926.9,11.8812
"cg_iq_a",65927,13.3291
"cg_iq_a",65927,16.4136
"cg_iq_a",65927,13.5562
"cg_iq_a",65927,14.111
"cg_iq_a",65927,13.1966
"cg_iq_a",65927,11.6176
"cg_iq_a",65927,14.8957
"cg_iq_a",65927,15.9266
"cg_iq_a",65927,17.0416
"cg_iq_a",65927,10.3797
"cg_iq_a",65927.1,15.1066
"cg_iq_a",65927.1,14.451
"cg_iq_a",65927.1,13.643
"cg_iq_a",65927.1,16.9425
"cg_iq_a",65927.1,13.3856
"cg_iq_a",65927.1,15.2502
"cg_iq_a",65927.1,12.2293
"cg_iq_a",65927.1,12.7707
"cg_iq_a",65927.1,15.4473
"cg_iq_a",65927.1,16.0207
"cg_iq_a",65927.2,18.7955
"cg_iq_a",65927.2,11.5783
"cg_iq_a",65927.2,10.9495
"cg_iq_a",65927.2,13.1339
"cg_iq_a",65927.2,12.1257
"cg_iq_a",65927.2,17.2195
"cg_iq_a",65927.2,10.4592
"cg_iq_a",65927.2,17.39
"cg_iq_a",65927.2,11.842
"cg_iq_a",65927.2,13.5621
"cg_iq_a",65927.2,14.6147
"cg_iq_a",65927.3,16.7803
"cg_iq_a",65927.3,16.4259
"cg_iq_a",65927.3,15.5257
"cg_iq_a",65927.3,11.1169
"cg_iq_a",65927.3,15.2138
"cg_iq_a",65927.3,13.8971
"cg_iq_a",65927.3,18.3322
"cg_iq_a",65927.3,12.3145
"cg_iq_a",65927.3,20.1519
"cg_iq_a",65927.3,12.5159
"cg_iq_a",65927.4,13.7774
"cg_iq_a",65927.4,14.5882
"cg_iq_a",65927.4,17.9199
"cg_iq_a",65927.4,14.506
"cg_iq_a",65927.4,15.6235
"cg_iq_a",65927.4,10.9061
"cg_iq_a",65927.4,16.7613
"cg_iq_a",65927.4,12.6386
"cg_iq_a",65927.4,18.3009
"cg_iq_a",65927.4,10.7371
"cg_iq_a",65927.5,19.8718
"cg_iq_a",65927.5,13.1974
"cg_iq_a",65927.5,13.4712
"cg_iq_a",65927.5,13.4842
"cg_iq_a",65927.5,18.6203
"cg_iq_a",65927.5,14.2331
"cg_iq_a",65927.5,16.4982
"cg_iq_a",65927.5,10.7956
"cg_iq_a",65927.5,14.2724
"cg_iq_a",65927.5,13.8909
"cg_iq_a",65927.6,19.4869
"cg_iq_a",65927.6,10.4474
"cg_iq_a",65927.6,19.8456
"cg_iq_a",65927.6,12.4144
"cg_iq_a",65927.6,13.414
"cg_iq_a",65927.6,15.0389
"cg_iq_a",65927.6,14.7765
"cg_iq_a",65927.6,14.592
"cg_iq_a",65927.6,14.9974
"cg_iq_a",65927.6,9.72173
"cg_iq_a",65927.7,15.4741
"cg_iq_a",65927.7,13.2862
"cg_iq_a",65927.7,18.7972
"cg_iq_a",65927.7,10.5345
"cg_iq_a",65927.7,19.0837
"cg_iq_a",65927.7,13.433
"cg_iq_a",65927.7,13.2868
"cg_iq_a",65927.7,15.3048
"cg_iq_a",65927.7,12.1731
"cg_iq_a",65927.7,15.9577
"cg_iq_a",65927.8,16.8312
"cg_iq_a",65927.8,11.6795
"cg_iq_a",65927.8,13.6625
"cg_iq_a",65927.8,16.604
"cg_iq_a",65927.8,16.4369
"cg_iq_a",65927.8,10.3484
"cg_iq_a",65927.8,16.9252
"cg_iq_a",65927.8,13.3578
"cg_iq_a",65927.8,13.2209
"cg_iq_a",65927.8,16.8976
"cg_iq_a",65927.9,16.9067
"cg_iq_a",65927.9,15.186
"cg_iq_a",65927.9,15.2787
"cg_iq_a",65927.9,12.0201
"cg_iq_a",65927.9,12.4459
"cg_iq_a",65927.9,14.2622
"cg_iq_a",65927.9,15.35
"cg_iq_a",65927.9,13.4047
"cg_iq_a",65927.9,15.6409
"cg_iq_a",65927.9,16.146
"cg_iq_a",65928,12.4155
"cg_iq_a",65928,18.7648
"cg_iq_a",65928,11.1155
"cg_iq_a",65928,19.0302
"cg_iq_a",65928,14.4215
"cg_iq_a",65928,12.5227
"cg_iq_a",65928,13.3285
"cg_iq_a",65928,18.0434
"cg_iq_a",65928,15.4116
"cg_iq_a",65928,14.6117
"cg_iq_a",65928.1,15.7992
"cg_iq_a",65928.1,15.1645
"cg_iq_a",65928.1,12.0927
"cg_iq_a",65928.1,18.4242
"cg_iq_a",65928.1,10.3733
"cg_iq_a",65928.1,18.7868
"cg_iq_a",65928.1,14.7525
"cg_iq_a",65928.1,14.3498
"cg_iq_a",65928.1,11.4962
"cg_iq_a",65928.1,17.3562
"cg_iq_a",65928.2,16.412
"cg_iq_a",65928.2,15.5434
"cg_iq_a",65928.2,14.7957
"cg_iq_a",65928.2,17.9796
"cg_iq_a",65928.2,13.1173
"cg_iq_a",65928.2,17.7033
"cg_iq_a",65928.2,9.04554
"cg_iq_a",65928.2,19.759
"cg_iq_a",65928.2,14.7312
"cg_iq_a",65928.2,13.7934
"cg_iq_a",65928.2,12.1247
"cg_iq_a",65928.3,17.4104
"cg_iq_a",65928.3,13.7287
"cg_iq_a",65928.3,15.5746
"cg_iq_a",65928.3,13.1216
"cg_iq_a",65928.3,16.5398
"cg_iq_a",65928.3,13.2214
"cg_iq_a",65928.3,19.0156
"cg_iq_a",65928.3,9.24717
"cg_iq_a",65928.3,19.9882
"cg_iq_a",65928.4,14.9425
"cg_iq_a",65928.4,14.8641
"cg_iq_a",65928.4,13.293
"cg_iq_a",65928.4,15.6836
"cg_iq_a",65928.4,14.8592
"cg_iq_a",65928.4,15.3955
"cg_iq_a",65928.4,12.6789
"cg_iq_a",65928.4,16.8924
"cg_iq_a",65928.4,14.788
"cg_iq_a",65928.4,18.5457
"cg_iq_a",65928.4,9.37781
"cg_iq_a",65928.5,21.2548
"cg_iq_a",65928.5,13.0061
"cg_iq_a",65928.5,12.9714
"cg_iq_a",65928.5,11.4626
"cg_iq_a",65928.5,14.3276
"cg_iq_a",65928.5,14.2759
"cg_iq_a",65928.5,15.3731
"cg_iq_a",65928.5,12.4789
"cg_iq_a",65928.5,15.7222
"cg_iq_a",65928.5,13.1278
"cg_iq_a",65928.6,19.9483
"cg_iq_a",65928.6,7.6941
"cg_iq_a",65928.6,17.0075
"cg_iq_a",65928.6,14.9152
"cg_iq_a",65928.6,13.2735
"cg_iq_a",65928.6,15.1448
"cg_iq_a",65928.6,13.0317
"cg_iq_a",65928.6,16.8031
"cg_iq_a",65928.6,15.5795
"cg_iq_a",65928.6,12.5805
"cg_iq_a",65928.7,15.9385
"cg_iq_a",65928.7,15.4458
"cg_iq_a",65928.7,18.1922
"cg_iq_a",65928.7,12.2913
"cg_iq_a",65928.7,16.8484
"cg_iq_a",65928.7,15.6692
"cg_iq_a",65928.7,11.7765
"cg_iq_a",65928.7,15.0351
"cg_iq_a",65928.7,12.2167
"cg_iq_a",65928.8,17.06
"cg_iq_a",65928.8,15.9781
"cg_iq_a",65928.8,13.5678
"cg_iq_a",65928.8,14.6975
"cg_iq_a",65928.8,18.2219
"cg_iq_a",65928.8,16.6845
"cg_iq_a",65928.8,15.5874
"cg_iq_a",65928.8,17.8233
"cg_iq_a",65928.8,15.8754
"cg_iq_a",65928.8,12.0213
"cg_iq_a",65928.8,14.898
"cg_iq_a",65928.9,13.2795
"cg_iq_a",65928.9,19.1581
"cg_iq_a",65928.9,13.7635
"cg_iq_a",65928.9,15.2601
"cg_iq_a",65928.9,15.8532
"cg_iq_a",65928.9,15.8849
"cg_iq_a",65928.9,15.0603
"cg_iq_a",65928.9,14.9573
"cg_iq_a",65928.9,13.033
"cg_iq_a",65928.9,18.565
"cg_iq_a",65929,13.1186
"cg_iq_a",65929,17.4148
"cg_iq_a",65929,9.14679
"cg_iq_a",65929,18.1295
"cg_iq_a",65929,13.5843
"cg_iq_a",65929,15.4463
"cg_iq_a",65929,13.2332
"cg_iq_a",65929,14.7859
"cg_iq_a",65929,14.6457
"cg_iq_a",65929,15.0916
"cg_iq_a",65929.1,14.4347
"cg_iq_a",65929.1,18.8598
"cg_iq_a",65929.1,12.5388
"cg_iq_a",65929.1,16.8883
"cg_iq_a",65929.1,8.9833
"cg_iq_a",65929.1,20.1198
"cg_iq_a",65929.1,13.5686
"cg_iq_a",65929.1,15.3733
"cg_iq_a",65929.1,12.8356
"cg_iq_a",65929.1,13.1656
"cg_iq_a",65929.2,14.9305
"cg_iq_a",65929.2,15.5331
"cg_iq_a",65929.2,12.5784
"cg_iq_a",65929.2,17.0163
"cg_iq_a",65929.2,14.0205
"cg_iq_a",65929.2,16.0925
"cg_iq_a",65929.2,9.8673
"cg_iq_a",65929.2,17.3248
"cg_iq_a",65929.2,14.349
"cg_iq_a",65929.2,16.1384
"cg_iq_a",65929.3,13.7792
"cg_iq_a",65929.3,15.8656
"cg_iq_a",65929.3,14.2458
"cg_iq_a",65929.3,14.1838
"cg_iq_a",65929.3,12.3394
"cg_iq_a",65929.3,16.8969
"cg_iq_a",65929.3,15.2034
"cg_iq_a",65929.3,13.9543
"cg_iq_a",65929.3,10.8149
"cg_iq_a",65929.3,15.5603
"cg_iq_a",65929.4,14.3917
"cg_iq_a",65929.4,15.8491
"cg_iq_a",65929.4,15.7047
"cg_iq_a",65929.4,12.9052
"cg_iq_a",65929.4,15.5497
"cg_iq_a",65929.4,14.6632
"cg_iq_a",65929.4,12.4175
"cg_iq_a",65929.4,16.4961
"cg_iq_a",65929.4,16.0513
"cg_iq_a",65929.4,13.4387
"cg_iq_a",65929.5,14.3855
"cg_iq_a",65929.5,14.0759
"cg_iq_a",65929.5,17.0982
"cg_iq_a",65929.5,15.7976
"cg_iq_a",65929.5,15.5059
"cg_iq_a",65929.5,10.0219
"cg_iq_a",65929.5,14.9034
"cg_iq_a",65929.5,13.6225
"cg_iq_a",65929.5,13.4476
"cg_iq_a",65929.5,15.9227
"cg_iq_a",65929.6,16.8792
"cg_iq_a",65929.6,14.6553
"cg_iq_a",65929.6,12.7427
"cg_iq_a",65929.6,13.5609
"cg_iq_a",65929.6,15.8629
"cg_iq_a",65929.6,15.5243
"cg_iq_a",65929.6,19.2156
"cg_iq_a",65929.6,9.52122
"cg_iq_a",65929.6,16.9517
"cg_iq_a",65929.6,13.11
"cg_iq_a",65929.7,13.9992
"cg_iq_a",65929.7,15.4481
"cg_iq_a",65929.7,17.6656
"cg_iq_a",65929.7,12.6855
"cg_iq_a",65929.7,15.041
"cg_iq_a",65929.7,12.9122
"cg_iq_a",65929.7,17.9699
"cg_iq_a",65929.7,15.9958
"cg_iq_a",65929.7,19.2317
"cg_iq_a",65929.8,6.98897
"cg_iq_a",65929.8,18.6504
"cg_iq_a",65929.8,14.4613
"cg_iq_a",65929.8,16.8438
"cg_iq_a",65929.8,15.8213
"cg_iq_a",65929.8,18.2378
"cg_iq_a",65929.8,11.9406
"cg_iq_a",65929.8,15.7249
"cg_iq_a",65929.8,11.8473
"cg_iq_a",65929.8,17.6856
"cg_iq_a",65929.8,16.4237
"cg_iq_a",65929.9,18.2121
"cg_iq_a",65929.9,8.56578
"cg_iq_a",65929.9,17.9734
"cg_iq_a",65929.9,14.9159
"cg_iq_a",65929.9,16.5077
"cg_iq_a",65929.9,14.9448
"cg_iq_a",65929.9,15.5196
"cg_iq_a",65929.9,11.3014
"cg_iq_a",65929.9,14.6763
"cg_iq_a",65929.9,11.6868
"cg_iq_a",65930,18.9666
"cg_iq_a",65930,15.3298
"cg_iq_a",65930,18.3078
"cg_iq_a",65930,10.3304
"cg_iq_a",65930,17.9684
"cg_iq_a",65930,15.2928
"cg_iq_a",65930,14.8926
"cg_iq_a",65930,14.9149
"cg_iq_a",65930,15.181
"cg_iq_a",65930,10.254
"cg_iq_a",65930.1,13.9084
"cg_iq_a",65930.1,14.1946
"cg_iq_a",65930.1,15.5407
"cg_iq_a",65930.1,18.9413
"cg_iq_a",65930.1,18.9232
"cg_iq_a",65930.1,10.2971
"cg_iq_a",65930.1,16.4589
"cg_iq_a",65930.1,15.5469
"cg_iq_a",65930.1,15.6094
"cg_iq_a",65930.1,15.7743
"cg_iq_a",65930.2,14.3767
"cg_iq_a",65930.2,11.4705
"cg_iq_a",65930.2,13.3168
"cg_iq_a",65930.2,13.269
"cg_iq_a",65930.2,15.1354
"cg_iq_a",65930.2,18.2421
"cg_iq_a",65930.2,18.2243
"cg_iq_a",65930.2,10.0057
"cg_iq_a",65930.2,13.6616
"cg_iq_a",65930.2,16.9663
"cg_iq_a",65930.3,15.1536
"cg_iq_a",65930.3,17.7016
"cg_iq_a",65930.3,14.507
"cg_iq_a",65930.3,15.7011
"cg_iq_a",65930.3,13.722
"cg_iq_a",65930.3,16.0817
"cg_iq_a",65930.3,14.8378
"cg_iq_a",65930.3,18.6463
"cg_iq_a",65930.3,13.0205
"cg_iq_a",65930.4,14.7274
"cg_iq_a",65930.4,14.2783
"cg_iq_a",65930.4,18.327
"cg_iq_a",65930.4,14.3574
"cg_iq_a",65930.4,17.4279
"cg_iq_a",65930.4,11.9192
"cg_iq_a",65930.4,16.4479
"cg_iq_a",65930.4,13.1616
"cg_iq_a",65930.4,16.2914
"cg_iq_a",65930.4,13.9787
"cg_iq_a",65930.4,19.5651
"cg_iq_a",65930.5,16.1816
"cg_iq_a",65930.5,14.6159
"cg_iq_a",65930.5,15.4619
"cg_iq_a",65930.5,18.0768
"cg_iq_a",65930.5,14.9467
"cg_iq_a",65930.5,19.2192
"cg_iq_a",65930.5,9.32865
"cg_iq_a",65930.5,15.8728
"cg_iq_a",65930.5,11.8776
"cg_iq_a",65930.5,15.2392
"cg_iq_a",65930.6,15.1179
"cg_iq_a",65930.6,19.6193
"cg_iq_a",65930.6,14.1365
"cg_iq_a",65930.6,14.2086
"cg_iq_a",65930.6,10.652
"cg_iq_a",65930.6,19.0221
"cg_iq_a",65930.6,16.1139
"cg_iq_a",65930.6,19.9312
"cg_iq_a",65930.6,8.71027
"cg_iq_a",65930.6,17.2645
"cg_iq_a",65930.7,11.9412
"cg_iq_a",65930.7,15.9607
"cg_iq_a",65930.7,13.8697
"cg_iq_a",65930.7,14.9887
"cg_iq_a",65930.7,13.1214
"cg_iq_a",65930.7,14.6548
"cg_iq_a",65930.7,10.3832
"cg_iq_a",65930.7,18.3639
"cg_iq_a",65930.7,14.923
"cg_iq_a",65930.8,18.9119
"cg_iq_a",65930.8,9.44076
"cg_iq_a",65930.8,13.2494
"cg_iq_a",65930.8,12.433
"cg_iq_a",65930.8,14.5482
"cg_iq_a",65930.8,14.5923
"cg_iq_a",65930.8,19.4035
"cg_iq_a",65930.8,12.9821
"cg_iq_a",65930.8,13.4829
"cg_iq_a",65930.8,10.2291
"cg_iq_a",65930.8,14.9899
"cg_iq_a",65930.9,15.9074
"cg_iq_a",65930.9,19.1195
"cg_iq_a",65930.9,8.46784
"cg_iq_a",65930.9,15.0698
"cg_iq_a",65930.9,13.1924
"cg_iq_a",65930.9,15.3419
"cg_iq_a",65930.9,17.0556
"cg_iq_a",65930.9,15.5057
"cg_iq_a",65930.9,12.9937
"cg_iq_a",65930.9,13.2121
"cg_iq_a",65931,10.1623
"cg_iq_a",65931,16.9905
"cg_iq_a",65931,15.5024
"cg_iq_a",65931,17.6401
"cg_iq_a",65931,9.33665
"cg_iq_a",65931,13.4231
"cg_iq_a",65931,14.2906
"cg_iq_a",65931,15.0373
"cg_iq_a",65931,15.646
"cg_iq_a",65931,12.9932
"cg_iq_a",65931.1,15.4954
"cg_iq_a",65931.1,13.5404
"cg_iq_a",65931.1,10.4769
"cg_iq_a",65931.1,16.1541
"cg_iq_a",65931.1,17.8935
"cg_iq_a",65931.1,16.7173
"cg_iq_a",65931.1,11.0578
"cg_iq_a",65931.1,11.9301
"cg_iq_a",65931.1,13.6796
"cg_iq_a",65931.1,14.1301
"cg_iq_a",65931.2,19.5699
"cg_iq_a",65931.2,11.9041
"cg_iq_a",65931.2,13.5591
"cg_iq_a",65931.2,12.6581
"cg_iq_a",65931.2,13.612
"cg_iq_a",65931.2,15.9689
"cg_iq_a",65931.2,17.8373
"cg_iq_a",65931.2,17.23
"cg_iq_a",65931.2,13.3038
"cg_iq_a",65931.2,11.4675
"cg_iq_a",65931.3,14.9887
"cg_iq_a",65931.3,13.4655
"cg_iq_a",65931.3,18.5954
"cg_iq_a",65931.3,12.1675
"cg_iq_a",65931.3,18.5406
"cg_iq_a",65931.3,13.9226
"cg_iq_a",65931.3,13.598
"cg_iq_a",65931.3,15.6119
"cg_iq_a",65931.3,18.1436
"cg_iq_a",65931.3,15.1811
"cg_iq_a",65931.4,14.614
"cg_iq_a",65931.4,11.1499
"cg_iq_a",65931.4,15.2413
"cg_iq_a",65931.4,13.8965
"cg_iq_a",65931.4,19.0912
"cg_iq_a",65931.4,11.2012
"cg_iq_a",65931.4,18.7189
"cg_iq_a",65931.4,13.3868
"cg_iq_a",65931.4,14.2783
"cg_iq_a",65931.4,15.9724
"cg_iq_a",65931.5,16.8055
"cg_iq_a",65931.5,15.399
"cg_iq_a",65931.5,14.084
"cg_iq_a",65931.5,11.1636
"cg_iq_a",65931.5,13.9092
"cg_iq_a",65931.5,15.3484
"cg_iq_a",65931.5,17.9674
"cg_iq_a",65931.5,9.86164
"cg_iq_a",65931.5,18.6366
"cg_iq_a",65931.5,13.171
"cg_iq_a",65931.6,11.9804
"cg_iq_a",65931.6,15.2946
"cg_iq_a",65931.6,13.6129
"cg_iq_a",65931.6,14.7935
"cg_iq_a",65931.6,13.7889
"cg_iq_a",65931.6,9.87403
"cg_iq_a",65931.6,12.8862
"cg_iq_a",65931.6,14.8139
"cg_iq_a",65931.6,17.5684
"cg_iq_a",65931.6,12.2362
"cg_iq_a",65931.7,16.7914
"cg_iq_a",65931.7,13.5914
"cg_iq_a",65931.7,12.9949
"cg_iq_a",65931.7,15.1094
"cg_iq_a",65931.7,13.6403
"cg_iq_a",65931.7,13.898
"cg_iq_a",65931.7,14.2369
"cg_iq_a",65931.7,11.4039
"cg_iq_a",65931.7,13.1674
"cg_iq_a",65931.8,17.5802
"cg_iq_a",65931.8,15.7367
"cg_iq_a",65931.8,12.7529
"cg_iq_a",65931.8,14.9964
"cg_iq_a",65931.8,12.9711
"cg_iq_a",65931.8,12.4727
"cg_iq_a",65931.8,16.9344
"cg_iq_a",65931.8,12.9856
"cg_iq_a",65931.8,18.3239
"cg_iq_a",65931.8,14.041
"cg_iq_a",65931.8,9.25547
"cg_iq_a",65931.9,12.3906
"cg_iq_a",65931.9,17.0825
"cg_iq_a",65931.9,14.6478
"cg_iq_a",65931.9,12.2988
"cg_iq_a",65931.9,14.114
"cg_iq_a",65931.9,14.6846
"cg_iq_a",65931.9,12.6088
"cg_iq_a",65931.9,18.5699
"cg_iq_a",65931.9,10.9753
"cg_iq_a",65931.9,20.0056
"cg_iq_a",65932,14.1302
"cg_iq_a",65932,11.2207
"cg_iq_a",65932,11.1368
"cg_iq_a",65932,18.241
"cg_iq_a",65932,15.0929
"cg_iq_a",65932,14.0728
"cg_iq_a",65932,12.9167
"cg_iq_a",65932,17.7887
"cg_iq_a",65932,12.7538
"cg_iq_a",65932,21.9834
"cg_iq_a",65932.1,10.5883
"cg_iq_a",65932.1,19.3563
"cg_iq_a",65932.1,13.6275
"cg_iq_a",65932.1,11.5936
"cg_iq_a",65932.1,10.752
"cg_iq_a",65932.1,19.024
"cg_iq_a",65932.1,13.6817
"cg_iq_a",65932.1,16.3877
"cg_iq_a",65932.1,12.7554
"cg_iq_a",65932.1,17.7337
"cg_iq_a",65932.2,11.6879
"cg_iq_a",65932.2,20.5577
"cg_iq_a",65932.2,9.31708
"cg_iq_a",65932.2,17.9488
"cg_iq_a",65932.2,12.0961
"cg_iq_a",65932.2,14.174
"cg_iq_a",65932.2,11.8312
"cg_iq_a",65932.2,18.784
"cg_iq_a",65932.2,14.4397
"cg_iq_a",65932.2,17.4771
"cg_iq_a",65932.3,10.848
"cg_iq_a",65932.3,17.4757
"cg_iq_a",65932.3,14.8428
"cg_iq_a",65932.3,20.8265
"cg_iq_a",65932.3,8.9935
"cg_iq_a",65932.3,19.8081
"cg_iq_a",65932.3,12.5321
"cg_iq_a",65932.3,13.1629
"cg_iq_a",65932.3,11.4354
"cg_iq_a",65932.4,14.965
"cg_iq_a",65932.4,13.9867
"cg_iq_a",65932.4,16.8833
"cg_iq_a",65932.4,10.7313
"cg_iq_a",65932.4,18.3953
"cg_iq_a",65932.4,13.1708
"cg_iq_a",65932.4,18.5726
"cg_iq_a",65932.4,10.138
"cg_iq_a",65932.4,18.5648
"cg_iq_a",65932.4,12.6012
"cg_iq_a",65932.5,13.5106
"cg_iq_a",65932.5,14.9345
"cg_iq_a",65932.5,15.6444
"cg_iq_a",65932.5,16.3623
"cg_iq_a",65932.5,15.8701
"cg_iq_a",65932.5,11.3265
"cg_iq_a",65932.5,17.7393
"cg_iq_a",65932.5,16.5856
"cg_iq_a",65932.5,18.7012
"cg_iq_a",65932.5,12.6731
"cg_iq_a",65932.5,18.5287
"cg_iq_a",65932.6,14.2137
"cg_iq_a",65932.6,12.6327
"cg_iq_a",65932.6,15.8033
"cg_iq_a",65932.6,13.8854
"cg_iq_a",65932.6,16.0222
"cg_iq_a",65932.6,15.6419
"cg_iq_a",65932.6,11.4369
"cg_iq_a",65932.6,14.757
"cg_iq_a",65932.6,14.6098
"cg_iq_a",65932.6,18.1177
"cg_iq_a",65932.7,14.4213
"cg_iq_a",65932.7,17.1955
"cg_iq_a",65932.7,14.3672
"cg_iq_a",65932.7,13.4783
"cg_iq_a",65932.7,13.8232
"cg_iq_a",65932.7,12.3528
"cg_iq_a",65932.7,17.9311
"cg_iq_a",65932.7,15.4589
"cg_iq_a",65932.7,12.9166
"cg_iq_a",65932.8,15.3372
"cg_iq_a",65932.8,16.2352
"cg_iq_a",65932.8,17.4673
"cg_iq_a",65932.8,14.4155
"cg_iq_a",65932.8,14.4255
"cg_iq_a",65932.8,14.8392
"cg_iq_a",65932.8,13.0466
"cg_iq_a",65932.8,16.5814
"cg_iq_a",65932.8,11.9221
"cg_iq_a",65932.8,17.3243
"cg_iq_a",65932.9,16.5265
"cg_iq_a",65932.9,14.9275
"cg_iq_a",65932.9,14.6147
"cg_iq_a",65932.9,15.69
"cg_iq_a",65932.9,16.2693
"cg_iq_a",65932.9,13.1398
"cg_iq_a",65932.9,14.3867
"cg_iq_a",65932.9,17.0207
"cg_iq_a",65932.9,13.6473
"cg_iq_a",65932.9,17.293
"cg_iq_a",65932.9,11.1533
"cg_iq_a",65933,17.9527
"cg_iq_a",65933,15.2099
"cg_iq_a",65933,14.165
"cg_iq_a",65933,15.3698
"cg_iq_a",65933,16.7067
"cg_iq_a",65933,15.0998
"cg_iq_a",65933,16.1426
"cg_iq_a",65933,12.763
"cg_iq_a",65933,15.7705
"cg_iq_a",65933,14.4769
"cg_iq_a",65933.1,15.937
"cg_iq_a",65933.1,10.0078
"cg_iq_a",65933.1,17.642
"cg_iq_a",65933.1,14.5068
"cg_iq_a",65933.1,15.1031
"cg_iq_a",65933.1,14.5472
"cg_iq_a",65933.1,13.48
"cg_iq_a",65933.1,16.1544
"cg_iq_a",65933.1,14.2115
"cg_iq_a",65933.1,12.0999
"cg_iq_a",65933.2,16.0997
"cg_iq_a",65933.2,13.2551
"cg_iq_a",65933.2,15.4145
"cg_iq_a",65933.2,10.8649
"cg_iq_a",65933.2,18.337
"cg_iq_a",65933.2,14.701
"cg_iq_a",65933.2,13.6855
"cg_iq_a",65933.2,15.456
"cg_iq_a",65933.2,12.516
"cg_iq_a",65933.2,17.0518
"cg_iq_a",65933.3,14.2698
"cg_iq_a",65933.3,13.0485
"cg_iq_a",65933.3,15.0983
"cg_iq_a",65933.3,14.1726
"cg_iq_a",65933.3,14.2358
"cg_iq_a",65933.3,11.4418
"cg_iq_a",65933.3,14.7078
"cg_iq_a",65933.3,14.554
"cg_iq_a",65933.3,13.2801
"cg_iq_a",65933.4,15.1184
"cg_iq_a",65933.4,9.92076
"cg_iq_a",65933.4,17.6667
"cg_iq_a",65933.4,14.8039
"cg_iq_a",65933.4,12.4151
"cg_iq_a",65933.4,14.2024
"cg_iq_a",65933.4,14.9833
"cg_iq_a",65933.4,14.1281
"cg_iq_a",65933.4,15.8861
"cg_iq_a",65933.4,14.5869
"cg_iq_a",65933.5,14.8531
"cg_iq_a",65933.5,11.7829
"cg_iq_a",65933.5,19.0313
"cg_iq_a",65933.5,9.95301
"cg_iq_a",65933.5,19.8712
"cg_iq_a",65933.5,15.0741
"cg_iq_a",65933.5,13.7593
"cg_iq_a",65933.5,13.5404
"cg_iq_a",65933.5,17.5479
"cg_iq_a",65933.5,11.863
"cg_iq_a",65933.6,14.5992
"cg_iq_a",65933.6,13.647
"cg_iq_a",65933.6,17.6397
"cg_iq_a",65933.6,13.5736
"cg_iq_a",65933.6,18.6736
"cg_iq_a",65933.6,8.37464
"cg_iq_a",65933.6,17.1328
"cg_iq_a",65933.6,14.7824
"cg_iq_a",65933.6,14.1787
"cg_iq_a",65933.6,15.1103
"cg_iq_a",65933.7,17.5079
"cg_iq_a",65933.7,12.8346
"cg_iq_a",65933.7,15.6094
"cg_iq_a",65933.7,12.6656
"cg_iq_a",65933.7,18.3696
"cg_iq_a",65933.7,13.5279
"cg_iq_a",65933.7,17.8097
"cg_iq_a",65933.7,9.44169
"cg_iq_a",65933.7,19.4756
"cg_iq_a",65933.7,13.7708
"cg_iq_a",65933.8,16.8943
"cg_iq_a",65933.8,13.2745
"cg_iq_a",65933.8,18.0007
"cg_iq_a",65933.8,11.7028
"cg_iq_a",65933.8,15.5685
"cg_iq_a",65933.8,11.6285
"cg_iq_a",65933.8,17.8744
"cg_iq_a",65933.8,13.9321
"cg_iq_a",65933.8,19.4099
"cg_iq_a",65933.8,7.78068
"cg_iq_a",65933.9,18.0752
"cg_iq_a",65933.9,13.5888
"cg_iq_a",65933.9,16.917
"cg_iq_a",65933.9,13.7115
"cg_iq_a",65933.9,16.2462
"cg_iq_a",65933.9,10.8337
"cg_iq_a",65933.9,15.865
"cg_iq_a",65933.9,11.4143
"cg_iq_a",65933.9,17.1962
"cg_iq_a",65933.9,13.9848
"cg_iq_a",65934,19.3378
"cg_iq_a",65934,9.33676
"cg_iq_a",65934,18.5812
"cg_iq_a",65934,14.55
"cg_iq_a",65934,15.7494
"cg_iq_a",65934,13.448
"cg_iq_a",65934,16.9197
"cg_iq_a",65934,11.8286
"cg_iq_a",65934,14.529
"cg_iq_a",65934,12.6618
"cg_iq_a",65934.1,16.4168
"cg_iq_a",65934.1,17.9189
"cg_iq_a",65934.1,16.9332
"cg_iq_a",65934.1,11.06
"cg_iq_a",65934.1,17.6776
"cg_iq_a",65934.1,15.8215
"cg_iq_a",65934.1,16.0812
"cg_iq_a",65934.1,15.5604
"cg_iq_a",65934.1,11.104
"cg_iq_a",65934.1,12.6912
"cg_iq_a",65934.2,14.332
"cg_iq_a",65934.2,14.6967
"cg_iq_a",65934.2,17.5514
"cg_iq_a",65934.2,17.4285
"cg_iq_a",65934.2,16.3892
"cg_iq_a",65934.2,10.6676
"cg_iq_a",65934.2,18.3126
"cg_iq_a",65934.2,16.638
"cg_iq_a",65934.2,14.3014
"cg_iq_a",65934.2,17.723
"cg_iq_a",65934.2,10.8784
"cg_iq_a",65934.3,13.9999
"cg_iq_a",65934.3,14.559
"cg_iq_a",65934.3,15.5145
"cg_iq_a",65934.3,16.5432
"cg_iq_a",65934.3,17.1008
"cg_iq_a",65934.3,15.5117
"cg_iq_a",65934.3,9.80574
"cg_iq_a",65934.3,14.5364
"cg_iq_a",65934.4,17.3581
"cg_iq_a",65934.4,16.594
"cg_iq_a",65934.4,18.3225
"cg_iq_a",65934.4,11.3947
"cg_iq_a",65934.4,15.0809
"cg_iq_a",65934.4,15.0296
"cg_iq_a",65934.4,14.9504
"cg_iq_a",65934.4,14.974
"cg_iq_a",65934.4,15.7272
"cg_iq_a",65934.4,13.8609
"cg_iq_a",65934.4,14.7054
"cg_iq_a",65934.5,13.9454
"cg_iq_a",65934.5,19.2197
"cg_iq_a",65934.5,16.4612
"cg_iq_a",65934.5,16.8279
"cg_iq_a",65934.5,9.46394
"cg_iq_a",65934.5,14.7056
"cg_iq_a",65934.5,14.9686
"cg_iq_a",65934.5,16.2111
"cg_iq_a",65934.5,15.5839
"cg_iq_a",65934.5,17.0843
"cg_iq_a",65934.6,13.5097
"cg_iq_a",65934.6,13.4929
"cg_iq_a",65934.6,11.1922
"cg_iq_a",65934.6,17.9059
"cg_iq_a",65934.6,15.1827
"cg_iq_a",65934.6,18.3175
"cg_iq_a",65934.6,9.99445
"cg_iq_a",65934.6,16.0947
"cg_iq_a",65934.6,13.6164
"cg_iq_a",65934.6,14.7479
"cg_iq_a",65934.7,14.6208
"cg_iq_a",65934.7,16.2877
"cg_iq_a",65934.7,13.8836
"cg_iq_a",65934.7,14.0751
"cg_iq_a",65934.7,12.452
"cg_iq_a",65934.7,17.2482
"cg_iq_a",65934.7,14.7914
"cg_iq_a",65934.8,18.6563
"cg_iq_a",65934.8,9.87527
"cg_iq_a",65934.8,15.1361
"cg_iq_a",65934.8,13.2763
"cg_iq_a",65934.8,16.3607
"cg_iq_a",65934.8,15.2695
"cg_iq_a",65934.8,14.474
"cg_iq_a",65934.8,13.2982
"cg_iq_a",65934.9,13.7614
"cg_iq_a",65934.9,12.793
"cg_iq_a",65934.9,18.0153
"cg_iq_a",65934.9,16.7808
"cg_iq_a",65934.9,18.0517
"cg_iq_a",65934.9,11.4738
"cg_iq_a",65935,13.4495
"cg_iq_a",65935,15.7575
"cg_iq_a",65935,14.4543
"cg_iq_a",65935,16.4403
"cg_iq_a",65935,13.3035
"cg_iq_a",65935,14.702
"cg_iq_a",65935,15.4404
"cg_iq_a",65935.1,16.1555
"cg_iq_a",65935.1,11.8439
"cg_iq_a",65935.1,11.6497
"cg_iq_a",65935.1,14.4148
"cg_iq_a",65935.1,16.1241
"cg_iq_a",65935.1,17.0663
"cg_iq_a",65935.2,15.194
"cg_iq_a",65935.2,12.9507
"cg_iq_a",65935.2,10.8421
"cg_iq_a",65935.2,16.1951
"cg_iq_a",65935.2,15.7455
"cg_iq_a",65935.2,10.7646
"cg_iq_a",65935.2,17.3013
"cg_iq_a",65935.2,12.8772
"cg_iq_a",65935.3,14.1251
"cg_iq_a",65935.3,14.8939
"cg_iq_a",65935.3,17.3086
"cg_iq_a",65935.3,15.4637
"cg_iq_a",65935.3,11.7802
"cg_iq_a",65935.3,12.4804
"cg_iq_a",65935.3,18.7746
"cg_iq_a",65935.3,8.45608
"cg_iq_a",65935.3,18.596
"cg_iq_a",65935.3,13.2561
"cg_iq_a",65935.3,14.3062
"cg_iq_a",65935.4,14.683
"cg_iq_a",65935.4,18.3467
"cg_iq_a",65935.4,13.3408
"cg_iq_a",65935.4,15.3519
"cg_iq_a",65935.4,10.3908
"cg_iq_a",65935.4,15.7851
"cg_iq_a",65935.4,14.434
"cg_iq_a",65935.4,19.877
"cg_iq_a",65935.4,9.09131
"cg_iq_a",65935.4,19.0765
"cg_iq_a",65935.4,13.632
"cg_iq_a",65935.4,15.1371
"cg_iq_a",65935.5,14.6688
"cg_iq_a",65935.5,17.7571
"cg_iq_a",65935.5,13.9456
"cg_iq_a",65935.5,14.7547
"cg_iq_a",65935.5,9.34513
"cg_iq_a",65935.5,15.5098
"cg_iq_a",65935.5,17.1996
"cg_iq_a",65935.5,18.845
"cg_iq_a",65935.5,9.13852
"cg_iq_a",65935.5,18.633
"cg_iq_a",65935.5,12.2014
"cg_iq_a",65935.6,13.5177
"cg_iq_a",65935.6,16.7161
"cg_iq_a",65935.6,14.374
"cg_iq_a",65935.6,13.9276
"cg_iq_a",65935.6,14.5247
"cg_iq_a",65935.6,10.6891
"cg_iq_a",65935.6,13.9911
"cg_iq_a",65935.6,16.527
"cg_iq_a",65935.6,16.4744
"cg_iq_a",65935.6,9.79852
"cg_iq_a",65935.7,17.716
"cg_iq_a",65935.7,14.7625
"cg_iq_a",65935.7,13.864
"cg_iq_a",65935.7,18.4622
"cg_iq_a",65935.7,14.7522
"cg_iq_a",65935.7,13.41
"cg_iq_a",65935.7,14.5517
"cg_iq_a",65935.7,9.75039
"cg_iq_a",65935.7,13.1995
"cg_iq_a",65935.7,18.5515
"cg_iq_a",65935.8,17.0311
"cg_iq_a",65935.8,9.99002
"cg_iq_a",65935.8,15.8177
"cg_iq_a",65935.8,15.1963
"cg_iq_a",65935.8,16.0241
"cg_iq_a",65935.8,21.2217
"cg_iq_a",65935.8,12.2597
"cg_iq_a",65935.8,14.9164
"cg_iq_a",65935.8,15.6313
"cg_iq_a",65935.8,11.8638
"cg_iq_a",65935.8,14.5544
"cg_iq_a",65935.9,18.3925
"cg_iq_a",65935.9,15.3988
"cg_iq_a",65935.9,12.1503
"cg_iq_a",65935.9,15.411
"cg_iq_a",65935.9,15.1332
"cg_iq_a",65935.9,14.6461
"cg_iq_a",65935.9,19.4812
"cg_iq_a",65935.9,10.0237
"cg_iq_a",65935.9,16.7815
"cg_iq_a",65935.9,14.6346
"cg_iq_a",65936,13.2602
"cg_iq_a",65936,13.9952
"cg_iq_a",65936,18.8073
"cg_iq_a",65936,14.2724
"cg_iq_a",65936,14.5748
"cg_iq_a",65936,13.4256
"cg_iq_a",65936,17.5498
"cg_iq_a",65936,15.4562
"cg_iq_a",65936,20.0085
"cg_iq_a",65936,12.6977
"cg_iq_a",65936.1,20.0385
"cg_iq_a",65936.1,14.3293
"cg_iq_a",65936.1,14.1384
"cg_iq_a",65936.1,13.4909
"cg_iq_a",65936.1,17.5923
"cg_iq_a",65936.1,15.1117
"cg_iq_a",65936.1,15.9518
"cg_iq_a",65936.1,11.6996
"cg_iq_a",65936.1,16.9577
"cg_iq_a",65936.1,15.4659
"cg_iq_a",65936.1,21.0331
"cg_iq_a",65936.2,8.3951
"cg_iq_a",65936.2,19.0081
"cg_iq_a",65936.2,13.5666
"cg_iq_a",65936.2,14.0582
"cg_iq_a",65936.2,12.8925
"cg_iq_a",65936.2,15.3171
"cg_iq_a",65936.2,14.1673
"cg_iq_a",65936.2,15.2349
"cg_iq_a",65936.2,13.738
"cg_iq_a",65936.2,17.768
"cg_iq_a",65936.3,15.5772
"cg_iq_a",65936.3,20.079
"cg_iq_a",65936.3,9.71307
"cg_iq_a",65936.3,17.4776
"cg_iq_a",65936.3,13.6793
"cg_iq_a",65936.3,12.344
"cg_iq_a",65936.3,13.6524
"cg_iq_a",65936.3,14.7636
"cg_iq_a",65936.3,15.5494
"cg_iq_a",65936.4,15.3773
"cg_iq_a",65936.4,10.8375
"cg_iq_a",65936.4,16.4912
"cg_iq_a",65936.4,15.5859
"cg_iq_a",65936.4,20.7622
"cg_iq_a",65936.4,11.7543
"cg_iq_a",65936.4,18.2962
"cg_iq_a",65936.4,13.1278
"cg_iq_a",65936.4,14.1409
"cg_iq_a",65936.4,15.2696
"cg_iq_a",65936.5,17.2668
"cg_iq_a",65936.5,14.8972
"cg_iq_a",65936.5,14.1463
"cg_iq_a",65936.5,11.3106
"cg_iq_a",65936.5,15.1346
"cg_iq_a",65936.5,17.3173
"cg_iq_a",65936.5,17.2256
"cg_iq_a",65936.5,13.7284
"cg_iq_a",65936.5,16.6962
"cg_iq_a",65936.5,16.1131
"cg_iq_a",65936.6,14.2154
"cg_iq_a",65936.6,18.7109
"cg_iq_a",65936.6,14.1275
"cg_iq_a",65936.6,17.615
"cg_iq_a",65936.6,15.1542
"cg_iq_a",65936.6,15.0421
"cg_vd_v",65926.5,-0.470322
"cg_vd_v",65926.5,-0.295127
"cg_vd_v",65926.5,-0.255098
"cg_vd_v",65926.6,-0.316789
"cg_vd_v",65926.6,-0.267753
"cg_vd_v",65926.6,-0.277823
"cg_vd_v",65926.6,-0.268099
"cg_vd_v",65926.6,-0.414368
"cg_vd_v",65926.6,-0.420629
"cg_vd_v",65926.6,-0.449434
"cg_vd_v",65926.6,-0.334428
"cg_vd_v",65926.6,-0.221875
"cg_vd_v",65926.6,-0.390911
"cg_vd_v",65926.7,-0.243225
"cg_vd_v",65926.7,-0.1512
"cg_vd_v",65926.7,-0.380627
"cg_vd_v",65926.7,-0.158384
"cg_vd_v",65926.7,-0.294072
"cg_vd_v",65926.7,-0.270047
"cg_vd_v",65926.7,-0.307633
"cg_vd_v",65926.7,-0.367252
"cg_vd_v",65926.7,-0.412376
"cg_vd_v",65926.7,-0.316915
"cg_vd_v",65926.8,-0.232916
"cg_vd_v",65926.8,-0.382657
"cg_vd_v",65926.8,-0.349802
"cg_vd_v",65926.8,-0.16623
"cg_vd_v",65926.8,-0.288367
"cg_vd_v",65926.8,-0.210373
"cg_vd_v",65926.8,-0.33057
"cg_vd_v",65926.8,-0.170188
"cg_vd_v",65926.8,-0.385383
"cg_vd_v",65926.8,-0.351527
"cg_vd_v",65926.9,-0.478056
"cg_vd_v",65926.9,-0.353734
"cg_vd_v",65926.9,-0.255514
"cg_vd_v",65926.9,-0.386293
"cg_vd_v",65926.9,-0.329284
"cg_vd_v",65926.9,-0.207437
"cg_vd_v",65926.9,-0.334998
"cg_vd_v",65926.9,-0.150341
"cg_vd_v",65926.9,-0.331664
"cg_vd_v",65926.9,-0.197031
"cg_vd_v",65927,-0.380765
"cg_vd_v",65927,-0.376281
"cg_vd_v",65927,-0.434556
"cg_vd_v",65927,-0.360242
"cg_vd_v",65927,-0.228001
"cg_vd_v",65927,-0.356175
"cg_vd_v",65927,-0.372862
"cg_vd_v",65927,-0.254964
"cg_vd_v",65927,-0.320171
"cg_vd_v",65927,-0.144373
"cg_vd_v",65927.1,-0.334258
"cg_vd_v",65927.1,-0.268781
"cg_vd_v",65927.1,-0.354292
"cg_vd_v",65927.1,-0.372905
"cg_vd_v",65927.1,-0.455023
"cg_vd_v",65927.1,-0.405931
"cg_vd_v",65927.1,-0.226077
"cg_vd_v",65927.1,-0.370044
"cg_vd_v",65927.1,-0.388827
"cg_vd_v",65927.1,-0.256116
"cg_vd_v",65927.2,-0.34527
"cg_vd_v",65927.2,-0.14626
"cg_vd_v",65927.2,-0.315205
"cg_vd_v",65927.2,-0.273244
"cg_vd_v",65927.2,-0.325783
"cg_vd_v",65927.2,-0.416416
"cg_vd_v",65927.2,-0.395748
"cg_vd_v",65927.2,-0.418174
"cg_vd_v",65927.2,-0.35722
"cg_vd_v",65927.2,-0.424425
"cg_vd_v",65927.2,-0.401164
"cg_vd_v",65927.3,-0.254795
"cg_vd_v",65927.3,-0.37259
"cg_vd_v",65927.3,-0.188858
"cg_vd_v",65927.3,-0.251642
"cg_vd_v",65927.3,-0.33458
"cg_vd_v",65927.3,-0.243023
"cg_vd_v",65927.3,-0.436081
"cg_vd_v",65927.3,-0.451521
"cg_vd_v",65927.3,-0.422402
"cg_vd_v",65927.3,-0.234144
"cg_vd_v",65927.4,-0.412452
"cg_vd_v",65927.4,-0.401724
"cg_vd_v",65927.4,-0.353972
"cg_vd_v",65927.4,-0.305033
"cg_vd_v",65927.4,-0.255257
"cg_vd_v",65927.4,-0.199353
"cg_vd_v",65927.4,-0.32632
"cg_vd_v",65927.4,-0.306246
"cg_vd_v",65927.4,-0.415485
"cg_vd_v",65927.4,-0.379343
"cg_vd_v",65927.5,-0.399286
"cg_vd_v",65927.5,-0.199237
"cg_vd_v",65927.5,-0.45603
"cg_vd_v",65927.5,-0.318022
"cg_vd_v",65927.5,-0.323245
"cg_vd_v",65927.5,-0.255326
"cg_vd_v",65927.5,-0.166351
"cg_vd_v",65927.5,-0.324253
"cg_vd_v",65927.5,-0.342492
"cg_vd_v",65927.5,-0.219961
"cg_vd_v",65927.6,-0.470788
"cg_vd_v",65927.6,-0.352711
"cg_vd_v",65927.6,-0.453568
"cg_vd_v",65927.6,-0.117526
"cg_vd_v",65927.6,-0.388304
"cg_vd_v",65927.6,-0.282313
"cg_vd_v",65927.6,-0.330403
"cg_vd_v",65927.6,-0.2687
"cg_vd_v",65927.6,-0.136868
"cg_vd_v",65927.6,-0.169284
"cg_vd_v",65927.7,-0.299348
"cg_vd_v",65927.7,-0.217139
"cg_vd_v",65927.7,-0.445781
"cg_vd_v",65927.7,-0.324561
"cg_vd_v",65927.7,-0.470673
"cg_vd_v",65927.7,-0.186705
"cg_vd_v",65927.7,-0.311226
"cg_vd_v",65927.7,-0.326996
"cg_vd_v",65927.7,-0.339623
"cg_vd_v",65927.7,-0.294024
"cg_vd_v",65927.8,-0.190035
"cg_vd_v",65927.8,-0.122902
"cg_vd_v",65927.8,-0.427315
"cg_vd_v",65927.8,-0.28137
"cg_vd_v",65927.8,-0.405623
"cg_vd_v",65927.8,-0.266743
"cg_vd_v",65927.8,-0.478183
"cg_vd_v",65927.8,-0.287314
"cg_vd_v",65927.8,-0.34832
"cg_vd_v",65927.8,-0.376746
"cg_vd_v",65927.9,-0.352989
"cg_vd_v",65927.9,-0.306178
"cg_vd_v",65927.9,-0.248681
"cg_vd_v",65927.9,-0.189566
"cg_vd_v",65927.9,-0.350381
"cg_vd_v",65927.9,-0.347562
"cg_vd_v",65927.9,-0.390414
"cg_vd_v",65927.9,-0.323452
"cg_vd_v",65927.9,-0.49852
"cg_vd_v",65927.9,-0.318232
"cg_vd_v",65928,-0.322298
"cg_vd_v",65928,-0.399685
"cg_vd_v",65928,-0.290058
"cg_vd_v",65928,-0.337654
"cg_vd_v",65928,-0.141132
"cg_vd_v",65928,-0.270782
"cg_vd_v",65928,-0.352015
"cg_vd_v",65928,-0.3901
"cg_vd_v",65928,-0.410255
"cg_vd_v",65928,-0.348199
"cg_vd_v",65928.1,-0.5173
"cg_vd_v",65928.1,-0.346657
"cg_vd_v",65928.1,-0.318041
"cg_vd_v",65928.1,-0.464593
"cg_vd_v",65928.1,-0.362684
"cg_vd_v",65928.1,-0.353216
"cg_vd_v",65928.1,-0.201472
"cg_vd_v",65928.1,-0.22093
"cg_vd_v",65928.1,-0.363545
"cg_vd_v",65928.1,-0.410626
"cg_vd_v",65928.2,-0.419331
"cg_vd_v",65928.2,-0.386611
"cg_vd_v",65928.2,-0.524795
"cg_vd_v",65928.2,-0.300738
"cg_vd_v",65928.2,-0.233236
"cg_vd_v",65928.2,-0.488682
"cg_vd_v",65928.2,-0.209583
"cg_vd_v",65928.2,-0.322032
"cg_vd_v",65928.2,-0.159336
"cg_vd_v",65928.2,-0.241311
"cg_vd_v",65928.2,-0.314411
"cg_vd_v",65928.3,-0.418316
"cg_vd_v",65928.3,-0.285195
"cg_vd_v",65928.3,-0.277964
"cg_vd_v",65928.3,-0.455463
"cg_vd_v",65928.3,-0.360807
"cg_vd_v",65928.3,-0.200204
"cg_vd_v",65928.3,-0.473199
"cg_vd_v",65928.3,-0.203698
"cg_vd_v",65928.3,-0.309049
"cg_vd_v",65928.4,-0.113143
"cg_vd_v",65928.4,-0.271551
"cg_vd_v",65928.4,-0.23088
"cg_vd_v",65928.4,-0.451248
"cg_vd_v",65928.4,-0.286472
"cg_vd_v",65928.4,-0.322352
"cg_vd_v",65928.4,-0.435369
"cg_vd_v",65928.4,-0.382447
"cg_vd_v",65928.4,-0.20624
"cg_vd_v",65928.4,-0.482001
"cg_vd_v",65928.4,-0.241246
"cg_vd_v",65928.5,-0.370387
"cg_vd_v",65928.5,-0.0937845
"cg_vd_v",65928.5,-0.185143
"cg_vd_v",65928.5,-0.263061
"cg_vd_v",65928.5,-0.396387
"cg_vd_v",65928.5,-0.354915
"cg_vd_v",65928.5,-0.385889
"cg_vd_v",65928.5,-0.37612
"cg_vd_v",65928.5,-0.398126
"cg_vd_v",65928.5,-0.273906
"cg_vd_v",65928.6,-0.442329
"cg_vd_v",65928.6,-0.166819
"cg_vd_v",65928.6,-0.389841
"cg_vd_v",65928.6,-0.117907
"cg_vd_v",65928.6,-0.204853
"cg_vd_v",65928.6,-0.255033
"cg_vd_v",65928.6,-0.461441
"cg_vd_v",65928.6,-0.384989
"cg_vd_v",65928.6,-0.349722
"cg_vd_v",65928.6,-0.365862
"cg_vd_v",65928.7,-0.38209
"cg_vd_v",65928.7,-0.272112
"cg_vd_v",65928.7,-0.461561
"cg_vd_v",65928.7,-0.217178
"cg_vd_v",65928.7,-0.414266
"cg_vd_v",65928.7,-0.197036
"cg_vd_v",65928.7,-0.236128
"cg_vd_v",65928.7,-0.284079
"cg_vd_v",65928.7,-0.455393
"cg_vd_v",65928.8,-0.404683
"cg_vd_v",65928.8,-0.349453
"cg_vd_v",65928.8,-0.410346
"cg_vd_v",65928.8,-0.436898
"cg_vd_v",65928.8,-0.285508
"cg_vd_v",65928.8,-0.536302
"cg_vd_v",65928.8,-0.229036
"cg_vd_v",65928.8,-0.409355
"cg_vd_v",65928.8,-0.224302
"cg_vd_v",65928.8,-0.244755
"cg_vd_v",65928.8,-0.289485
"cg_vd_v",65928.9,-0.492005
"cg_vd_v",65928.9,-0.284586
"cg_vd_v",65928.9,-0.293415
"cg_vd_v",65928.9,-0.414814
"cg_vd_v",65928.9,-0.404198
"cg_vd_v",65928.9,-0.391585
"cg_vd_v",65928.9,-0.478549
"cg_vd_v",65928.9,-0.243954
"cg_vd_v",65928.9,-0.350078
"cg_vd_v",65928.9,-0.338868
"cg_vd_v",65929,-0.159198
"cg_vd_v",65929,-0.334759
"cg_vd_v",65929,-0.353692
"cg_vd_v",65929,-0.433702
"cg_vd_v",65929,-0.261917
"cg_vd_v",65929,-0.339491
"cg_vd_v",65929,-0.412862
"cg_vd_v",65929,-0.349058
"cg_vd_v",65929,-0.445758
"cg_vd_v",65929,-0.263368
"cg_vd_v",65929.1,-0.49754
"cg_vd_v",65929.1,-0.270404
"cg_vd_v",65929.1,-0.0878573
"cg_vd_v",65929.1,-0.311004
"cg_vd_v",65929.1,-0.275175
"cg_vd_v",65929.1,-0.486311
"cg_vd_v",65929.1,-0.260447
"cg_vd_v",65929.1,-0.321642
"cg_vd_v",65929.1,-0.364821
"cg_vd_v",65929.1,-0.412638
"cg_vd_v",65929.2,-0.430705
"cg_vd_v",65929.2,-0.176189
"cg_vd_v",65929.2,-0.335905
"cg_vd_v",65929.2,-0.235923
"cg_vd_v",65929.2,-0.0855092
"cg_vd_v",65929.2,-0.350114
"cg_vd_v",65929.2,-0.241142
"cg_vd_v",65929.2,-0.455996
"cg_vd_v",65929.2,-0.300565
"cg_vd_v",65929.2,-0.311354
"cg_vd_v",65929.3,-0.316484
"cg_vd_v",65929.3,-0.357196
"cg_vd_v",65929.3,-0.381872
"cg_vd_v",65929.3,-0.190402
"cg_vd_v",65929.3,-0.405973
"cg_vd_v",65929.3,-0.281196
"cg_vd_v",65929.3,-0.116027
"cg_vd_v",65929.3,-0.318284
"cg_vd_v",65929.3,-0.348463
"cg_vd_v",65929.3,-0.449208
"cg_vd_v",65929.4,-0.393321
"cg_vd_v",65929.4,-0.39743
"cg_vd_v",65929.4,-0.33622
"cg_vd_v",65929.4,-0.377369
"cg_vd_v",65929.4,-0.435843
"cg_vd_v",65929.4,-0.252628
"cg_vd_v",65929.4,-0.312138
"cg_vd_v",65929.4,-0.347302
"cg_vd_v",65929.4,-0.14127
"cg_vd_v",65929.4,-0.334328
"cg_vd_v",65929.5,-0.274225
"cg_vd_v",65929.5,-0.422366
"cg_vd_v",65929.5,-0.387999
"cg_vd_v",65929.5,-0.362649
"cg_vd_v",65929.5,-0.364817
"cg_vd_v",65929.5,-0.35303
"cg_vd_v",65929.5,-0.453725
"cg_vd_v",65929.5,-0.265876
"cg_vd_v",65929.5,-0.340001
"cg_vd_v",65929.5,-0.333934
"cg_vd_v",65929.6,-0.246036
"cg_vd_v",65929.6,-0.341016
"cg_vd_v",65929.6,-0.345553
"cg_vd_v",65929.6,-0.41956
"cg_vd_v",65929.6,-0.390174
"cg_vd_v",65929.6,-0.359929
"cg_vd_v",65929.6,-0.41046
"cg_vd_v",65929.6,-0.388875
"cg_vd_v",65929.6,-0.486883
"cg_vd_v",65929.6,-0.167084
"cg_vd_v",65929.7,-0.40478
"cg_vd_v",65929.7,-0.31267
"cg_vd_v",65929.7,-0.262569
"cg_vd_v",65929.7,-0.239866
"cg_vd_v",65929.7,-0.324936
"cg_vd_v",65929.7,-0.379964
"cg_vd_v",65929.7,-0.427392
"cg_vd_v",65929.7,-0.342659
"cg_vd_v",65929.7,-0.444734
"cg_vd_v",65929.8,-0.239698
"cg_vd_v",65929.8,-0.50318
"cg_vd_v",65929.8,-0.227724
"cg_vd_v",65929.8,-0.362063
"cg_vd_v",65929.8,-0.209534
"cg_vd_v",65929.8,-0.299621
"cg_vd_v",65929.8,-0.209562
"cg_vd_v",65929.8,-0.343439
"cg_vd_v",65929.8,-0.369513
"cg_vd_v",65929.8,-0.423863
"cg_vd_v",65929.8,-0.290777
"cg_vd_v",65929.9,-0.375281
"cg_vd_v",65929.9,-0.347348
"cg_vd_v",65929.9,-0.406936
"cg_vd_v",65929.9,-0.223584
"cg_vd_v",65929.9,-0.330998
"cg_vd_v",65929.9,-0.208574
"cg_vd_v",65929.9,-0.268303
"cg_vd_v",65929.9,-0.145422
"cg_vd_v",65929.9,-0.353761
"cg_vd_v",65929.9,-0.343544
"cg_vd_v",65930,-0.422085
"cg_vd_v",65930,-0.288662
"cg_vd_v",65930,-0.473816
"cg_vd_v",65930,-0.212749
"cg_vd_v",65930,-0.496679
"cg_vd_v",65930,-0.190967
"cg_vd_v",65930,-0.293422
"cg_vd_v",65930,-0.266064
"cg_vd_v",65930,-0.306639
"cg_vd_v",65930,-0.203091
"cg_vd_v",65930.1,-0.265972
"cg_vd_v",65930.1,-0.351449
"cg_vd_v",65930.1,-0.454782
"cg_vd_v",65930.1,-0.279259
"cg_vd_v",65930.1,-0.447427
"cg_vd_v",65930.1,-0.184643
"cg_vd_v",65930.1,-0.482483
"cg_vd_v",65930.1,-0.18117
"cg_vd_v",65930.1,-0.246369
"cg_vd_v",65930.1,-0.255671
"cg_vd_v",65930.2,-0.29632
"cg_vd_v",65930.2,-0.18544
"cg_vd_v",65930.2,-0.335612
"cg_vd_v",65930.2,-0.326242
"cg_vd_v",65930.2,-0.596592
"cg_vd_v",65930.2,-0.326856
"cg_vd_v",65930.2,-0.442717
"cg_vd_v",65930.2,-0.264336
"cg_vd_v",65930.2,-0.45993
"cg_vd_v",65930.2,-0.319301
"cg_vd_v",65930.3,-0.307337
"cg_vd_v",65930.3,-0.29707
"cg_vd_v",65930.3,-0.283544
"cg_vd_v",65930.3,-0.253594
"cg_vd_v",65930.3,-0.349016
"cg_vd_v",65930.3,-0.335209
"cg_vd_v",65930.3,-0.448514
"cg_vd_v",65930.3,-0.370761
"cg_vd_v",65930.3,-0.407532
"cg_vd_v",65930.4,-0.207927
"cg_vd_v",65930.4,-0.451146
"cg_vd_v",65930.4,-0.319312
"cg_vd_v",65930.4,-0.281777
"cg_vd_v",65930.4,-0.309868
"cg_vd_v",65930.4,-0.301308
"cg_vd_v",65930.4,-0.238937
"cg_vd_v",65930.4,-0.266101
"cg_vd_v",65930.4,-0.352896
"cg_vd_v",65930.4,-0.474093
"cg_vd_v",65930.4,-0.432306
"cg_vd_v",65930.5,-0.46705
"cg_vd_v",65930.5,-0.222207
"cg_vd_v",65930.5,-0.534727
"cg_vd_v",65930.5,-0.349121
"cg_vd_v",65930.5,-0.250703
"cg_vd_v",65930.5,-0.371597
"cg_vd_v",65930.5,-0.220406
"cg_vd_v",65930.5,-0.319019
"cg_vd_v",65930.5,-0.235559
"cg_vd_v",65930.5,-0.420825
"cg_vd_v",65930.6,-0.351025
"cg_vd_v",65930.6,-0.435122
"cg_vd_v",65930.6,-0.409053
"cg_vd_v",65930.6,-0.230392
"cg_vd_v",65930.6,-0.405174
"cg_vd_v",65930.6,-0.364698
"cg_vd_v",65930.6,-0.234876
"cg_vd_v",65930.6,-0.279709
"cg_vd_v",65930.6,-0.138611
"cg_vd_v",65930.6,-0.334547
"cg_vd_v",65930.7,-0.219199
"cg_vd_v",65930.7,-0.372435
"cg_vd_v",65930.7,-0.504062
"cg_vd_v",65930.7,-0.387091
"cg_vd_v",65930.7,-0.324276
"cg_vd_v",65930.7,-0.273969
"cg_vd_v",65930.7,-0.341379
"cg_vd_v",65930.7,-0.375557
"cg_vd_v",65930.7,-0.212859
"cg_vd_v",65930.8,-0.283821
"cg_vd_v",65930.8,-0.110146
"cg_vd_v",65930.8,-0.276198
"cg_vd_v",65930.8,-0.282798
"cg_vd_v",65930.8,-0.354508
"cg_vd_v",65930.8,-0.349797
"cg_vd_v",65930.8,-0.441925
"cg_vd_v",65930.8,-0.319911
"cg_vd_v",65930.8,-0.245387
"cg_vd_v",65930.8,-0.40227
"cg_vd_v",65930.8,-0.38045
"cg_vd_v",65930.9,-0.195467
"cg_vd_v",65930.9,-0.318145
"cg_vd_v",65930.9,-0.212072
"cg_vd_v",65930.9,-0.296709
"cg_vd_v",65930.9,-0.270092
"cg_vd_v",65930.9,-0.304517
"cg_vd_v",65930.9,-0.354971
"cg_vd_v",65930.9,-0.437554
"cg_vd_v",65930.9,-0.365815
"cg_vd_v",65930.9,-0.24313
"cg_vd_v",65931,-0.36395
"cg_vd_v",65931,-0.33825
"cg_vd_v",65931,-0.162303
"cg_vd_v",65931,-0.335518
"cg_vd_v",65931,-0.165353
"cg_vd_v",65931,-0.329377
"cg_vd_v",65931,-0.291258
"cg_vd_v",65931,-0.307562
"cg_vd_v",65931,-0.385132
"cg_vd_v",65931,-0.425657
"cg_vd_v",65931.1,-0.418333
"cg_vd_v",65931.1,-0.272656
"cg_vd_v",65931.1,-0.357452
"cg_vd_v",65931.1,-0.38431
"cg_vd_v",65931.1,-0.31926
"cg_vd_v",65931.1,-0.338185
"cg_vd_v",65931.1,-0.150825
"cg_vd_v",65931.1,-0.320136
"cg_vd_v",65931.1,-0.2706
"cg_vd_v",65931.1,-0.315587
"cg_vd_v",65931.2,-0.436349
"cg_vd_v",65931.2,-0.467286
"cg_vd_v",65931.2,-0.382074
"cg_vd_v",65931.2,-0.263639
"cg_vd_v",65931.2,-0.413954
"cg_vd_v",65931.2,-0.440968
"cg_vd_v",65931.2,-0.332511
"cg_vd_v",65931.2,-0.284182
"cg_vd_v",65931.2,-0.152663
"cg_vd_v",65931.2,-0.37545
"cg_vd_v",65931.3,-0.316945
"cg_vd_v",65931.3,-0.258733
"cg_vd_v",65931.3,-0.45405
"cg_vd_v",65931.3,-0.474076
"cg_vd_v",65931.3,-0.433254
"cg_vd_v",65931.3,-0.262366
"cg_vd_v",65931.3,-0.426011
"cg_vd_v",65931.3,-0.319546
"cg_vd_v",65931.3,-0.348987
"cg_vd_v",65931.3,-0.271121
"cg_vd_v",65931.4,-0.193373
"cg_vd_v",65931.4,-0.295169
"cg_vd_v",65931.4,-0.378248
"cg_vd_v",65931.4,-0.439356
"cg_vd_v",65931.4,-0.489857
"cg_vd_v",65931.4,-0.314353
"cg_vd_v",65931.4,-0.438932
"cg_vd_v",65931.4,-0.22528
"cg_vd_v",65931.4,-0.317385
"cg_vd_v",65931.4,-0.375698
"cg_vd_v",65931.5,-0.319213
"cg_vd_v",65931.5,-0.248614
"cg_vd_v",65931.5,-0.152954
"cg_vd_v",65931.5,-0.347277
"cg_vd_v",65931.5,-0.355356
"cg_vd_v",65931.5,-0.310173
"cg_vd_v",65931.5,-0.413234
"cg_vd_v",65931.5,-0.270151
"cg_vd_v",65931.5,-0.437198
"cg_vd_v",65931.5,-0.173504
"cg_vd_v",65931.6,-0.363708
"cg_vd_v",65931.6,-0.341595
"cg_vd_v",65931.6,-0.325917
"cg_vd_v",65931.6,-0.306057
"cg_vd_v",65931.6,-0.15668
"cg_vd_v",65931.6,-0.229933
"cg_vd_v",65931.6,-0.352526
"cg_vd_v",65931.6,-0.271137
"cg_vd_v",65931.6,-0.454076
"cg_vd_v",65931.6,-0.289021
"cg_vd_v",65931.7,-0.423673
"cg_vd_v",65931.7,-0.194834
"cg_vd_v",65931.7,-0.364743
"cg_vd_v",65931.7,-0.325472
"cg_vd_v",65931.7,-0.34388
"cg_vd_v",65931.7,-0.290836
"cg_vd_v",65931.7,-0.171957
"cg_vd_v",65931.7,-0.206433
"cg_vd_v",65931.7,-0.372458
"cg_vd_v",65931.8,-0.37588
"cg_vd_v",65931.8,-0.400897
"cg_vd_v",65931.8,-0.325369
"cg_vd_v",65931.8,-0.465131
"cg_vd_v",65931.8,-0.20045
"cg_vd_v",65931.8,-0.336058
"cg_vd_v",65931.8,-0.390246
"cg_vd_v",65931.8,-0.354796
"cg_vd_v",65931.8,-0.311056
"cg_vd_v",65931.8,-0.159431
"cg_vd_v",65931.8,-0.239448
"cg_vd_v",65931.9,-0.334301
"cg_vd_v",65931.9,-0.320529
"cg_vd_v",65931.9,-0.4096
"cg_vd_v",65931.9,-0.241584
"cg_vd_v",65931.9,-0.477372
"cg_vd_v",65931.9,-0.297536
"cg_vd_v",65931.9,-0.299578
"cg_vd_v",65931.9,-0.413049
"cg_vd_v",65931.9,-0.319876
"cg_vd_v",65931.9,-0.317475
"cg_vd_v",65932,-0.107077
"cg_vd_v",65932,-0.298823
"cg_vd_v",65932,-0.320529
"cg_vd_v",65932,-0.398238
"cg_vd_v",65932,-0.428046
"cg_vd_v",65932,-0.325105
"cg_vd_v",65932,-0.432759
"cg_vd_v",65932,-0.32498
"cg_vd_v",65932,-0.298445
"cg_vd_v",65932,-0.414667
"cg_vd_v",65932.1,-0.304138
"cg_vd_v",65932.1,-0.38711
"cg_vd_v",65932.1,-0.210772
"cg_vd_v",65932.1,-0.21851
"cg_vd_v",65932.1,-0.282441
"cg_vd_v",65932.1,-0.456098
"cg_vd_v",65932.1,-0.30819
"cg_vd_v",65932.1,-0.357189
"cg_vd_v",65932.1,-0.464469
"cg_vd_v",65932.1,-0.372082
"cg_vd_v",65932.2,-0.24581
"cg_vd_v",65932.2,-0.478669
"cg_vd_v",65932.2,-0.206439
"cg_vd_v",65932.2,-0.385884
"cg_vd_v",65932.2,-0.0870751
"cg_vd_v",65932.2,-0.279854
"cg_vd_v",65932.2,-0.238697
"cg_vd_v",65932.2,-0.47197
"cg_vd_v",65932.2,-0.363331
"cg_vd_v",65932.2,-0.274829
"cg_vd_v",65932.3,-0.369313
"cg_vd_v",65932.3,-0.39642
"cg_vd_v",65932.3,-0.20842
"cg_vd_v",65932.3,-0.467737
"cg_vd_v",65932.3,-0.229167
"cg_vd_v",65932.3,-0.327495
"cg_vd_v",65932.3,-0.176336
"cg_vd_v",65932.3,-0.221565
"cg_vd_v",65932.3,-0.286638
"cg_vd_v",65932.4,-0.397495
"cg_vd_v",65932.4,-0.331502
"cg_vd_v",65932.4,-0.366787
"cg_vd_v",65932.4,-0.356561
"cg_vd_v",65932.4,-0.343486
"cg_vd_v",65932.4,-0.173494
"cg_vd_v",65932.4,-0.449961
"cg_vd_v",65932.4,-0.175093
"cg_vd_v",65932.4,-0.372811
"cg_vd_v",65932.4,-0.0869453
"cg_vd_v",65932.5,-0.188876
"cg_vd_v",65932.5,-0.191862
"cg_vd_v",65932.5,-0.454449
"cg_vd_v",65932.5,-0.360152
"cg_vd_v",65932.5,-0.355494
"cg_vd_v",65932.5,-0.430763
"cg_vd_v",65932.5,-0.370679
"cg_vd_v",65932.5,-0.254674
"cg_vd_v",65932.5,-0.452731
"cg_vd_v",65932.5,-0.216967
"cg_vd_v",65932.5,-0.407982
"cg_vd_v",65932.6,-0.139302
"cg_vd_v",65932.6,-0.19621
"cg_vd_v",65932.6,-0.268701
"cg_vd_v",65932.6,-0.42092
"cg_vd_v",65932.6,-0.331101
"cg_vd_v",65932.6,-0.341679
"cg_vd_v",65932.6,-0.382298
"cg_vd_v",65932.6,-0.40676
"cg_vd_v",65932.6,-0.27042
"cg_vd_v",65932.6,-0.406856
"cg_vd_v",65932.7,-0.199752
"cg_vd_v",65932.7,-0.44478
"cg_vd_v",65932.7,-0.204904
"cg_vd_v",65932.7,-0.175335
"cg_vd_v",65932.7,-0.264482
"cg_vd_v",65932.7,-0.462715
"cg_vd_v",65932.7,-0.400592
"cg_vd_v",65932.7,-0.312367
"cg_vd_v",65932.7,-0.432385
"cg_vd_v",65932.8,-0.400532
"cg_vd_v",65932.8,-0.352629
"cg_vd_v",65932.8,-0.445965
"cg_vd_v",65932.8,-0.183537
"cg_vd_v",65932.8,-0.305196
"cg_vd_v",65932.8,-0.127705
"cg_vd_v",65932.8,-0.221024
"cg_vd_v",65932.8,-0.329806
"cg_vd_v",65932.8,-0.446875
"cg_vd_v",65932.8,-0.436256
"cg_vd_v",65932.9,-0.381166
"cg_vd_v",65932.9,-0.394331
"cg_vd_v",65932.9,-0.408171
"cg_vd_v",65932.9,-0.35108
"cg_vd_v",65932.9,-0.470808
"cg_vd_v",65932.9,-0.186048
"cg_vd_v",65932.9,-0.40764
"cg_vd_v",65932.9,-0.243264
"cg_vd_v",65932.9,-0.194779
"cg_vd_v",65932.9,-0.370511
"cg_vd_v",65932.9,-0.374628
"cg_vd_v",65933,-0.432365
"cg_vd_v",65933,-0.350039
"cg_vd_v",65933,-0.406468
"cg_vd_v",65933,-0.287186
"cg_vd_v",65933,-0.293526
"cg_vd_v",65933,-0.367886
"cg_vd_v",65933,-0.258291
"cg_vd_v",65933,-0.316845
"cg_vd_v",65933,-0.287633
"cg_vd_v",65933,-0.140059
"cg_vd_v",65933.1,-0.372961
"cg_vd_v",65933.1,-0.344227
"cg_vd_v",65933.1,-0.412047
"cg_vd_v",65933.1,-0.245841
"cg_vd_v",65933.1,-0.402227
"cg_vd_v",65933.1,-0.329599
"cg_vd_v",65933.1,-0.374713
"cg_vd_v",65933.1,-0.4475
"cg_vd_v",65933.1,-0.235465
"cg_vd_v",65933.1,-0.34437
"cg_vd_v",65933.2,-0.273272
"cg_vd_v",65933.2,-0.121152
"cg_vd_v",65933.2,-0.344939
"cg_vd_v",65933.2,-0.313094
"cg_vd_v",65933.2,-0.442442
"cg_vd_v",65933.2,-0.284906
"cg_vd_v",65933.2,-0.342564
"cg_vd_v",65933.2,-0.330393
"cg_vd_v",65933.2,-0.396199
"cg_vd_v",65933.2,-0.448428
"cg_vd_v",65933.3,-0.194189
"cg_vd_v",65933.3,-0.296348
"cg_vd_v",65933.3,-0.237913
"cg_vd_v",65933.3,-0.104802
"cg_vd_v",65933.3,-0.305472
"cg_vd_v",65933.3,-0.250035
"cg_vd_v",65933.3,-0.501414
"cg_vd_v",65933.3,-0.285906
"cg_vd_v",65933.3,-0.331239
"cg_vd_v",65933.4,-0.350114
"cg_vd_v",65933.4,-0.370449
"cg_vd_v",65933.4,-0.501793
"cg_vd_v",65933.4,-0.244168
"cg_vd_v",65933.4,-0.317176
"cg_vd_v",65933.4,-0.297182
"cg_vd_v",65933.4,-0.111093
"cg_vd_v",65933.4,-0.323611
"cg_vd_v",65933.4,-0.30883
"cg_vd_v",65933.4,-0.436325
"cg_vd_v",65933.5,-0.364392
"cg_vd_v",65933.5,-0.383639
"cg_vd_v",65933.5,-0.385835
"cg_vd_v",65933.5,-0.315139
"cg_vd_v",65933.5,-0.546924
"cg_vd_v",65933.5,-0.245691
"cg_vd_v",65933.5,-0.353123
"cg_vd_v",65933.5,-0.277342
"cg_vd_v",65933.5,-0.247117
"cg_vd_v",65933.5,-0.254805
"cg_vd_v",65933.6,-0.310819
"cg_vd_v",65933.6,-0.499509
"cg_vd_v",65933.6,-0.41376
"cg_vd_v",65933.6,-0.275873
"cg_vd_v",65933.6,-0.451067
"cg_vd_v",65933.6,-0.275854
"cg_vd_v",65933.6,-0.50403
"cg_vd_v",65933.6,-0.248016
"cg_vd_v",65933.6,-0.379994
"cg_vd_v",65933.6,-0.299341
"cg_vd_v",65933.7,-0.290315
"cg_vd_v",65933.7,-0.30521
"cg_vd_v",65933.7,-0.252558
"cg_vd_v",65933.7,-0.474323
"cg_vd_v",65933.7,-0.366306
"cg_vd_v",65933.7,-0.318464
"cg_vd_v",65933.7,-0.425756
"cg_vd_v",65933.7,-0.323825
"cg_vd_v",65933.7,-0.452839
"cg_vd_v",65933.7,-0.149648
"cg_vd_v",65933.8,-0.304522
"cg_vd_v",65933.8,-0.226505
"cg_vd_v",65933.8,-0.320376
"cg_vd_v",65933.8,-0.258397
"cg_vd_v",65933.8,-0.306556
"cg_vd_v",65933.8,-0.328495
"cg_vd_v",65933.8,-0.435611
"cg_vd_v",65933.8,-0.262628
"cg_vd_v",65933.8,-0.400881
"cg_vd_v",65933.8,-0.232659
"cg_vd_v",65933.9,-0.467972
"cg_vd_v",65933.9,-0.168515
"cg_vd_v",65933.9,-0.338974
"cg_vd_v",65933.9,-0.247408
"cg_vd_v",65933.9,-0.300074
"cg_vd_v",65933.9,-0.248619
"cg_vd_v",65933.9,-0.361466
"cg_vd_v",65933.9,-0.343706
"cg_vd_v",65933.9,-0.392673
"cg_vd_v",65933.9,-0.278537
"cg_vd_v",65934,-0.455216
"cg_vd_v",65934,-0.154366
"cg_vd_v",65934,-0.512129
"cg_vd_v",65934,-0.196946
"cg_vd_v",65934,-0.253686
"cg_vd_v",65934,-0.241573
"cg_vd_v",65934,-0.279692
"cg_vd_v",65934,-0.205235
"cg_vd_v",65934,-0.257648
"cg_vd_v",65934,-0.317988
"cg_vd_v",65934.1,-0.461021
"cg_vd_v",65934.1,-0.288517
"cg_vd_v",65934.1,-0.410235
"cg_vd_v",65934.1,-0.181248
"cg_vd_v",65934.1,-0.536905
"cg_vd_v",65934.1,-0.248887
"cg_vd_v",65934.1,-0.293628
"cg_vd_v",65934.1,-0.251825
"cg_vd_v",65934.1,-0.303583
"cg_vd_v",65934.1,-0.216063
"cg_vd_v",65934.2,-0.322798
"cg_vd_v",65934.2,-0.329807
"cg_vd_v",65934.2,-0.446539
"cg_vd_v",65934.2,-0.342775
"cg_vd_v",65934.2,-0.435474
"cg_vd_v",65934.2,-0.206734
"cg_vd_v",65934.2,-0.511967
"cg_vd_v",65934.2,-0.331183
"cg_vd_v",65934.2,-0.380533
"cg_vd_v",65934.2,-0.29393
"cg_vd_v",65934.2,-0.24687
"cg_vd_v",65934.3,-0.255913
"cg_vd_v",65934.3,-0.280422
"cg_vd_v",65934.3,-0.330819
"cg_vd_v",65934.3,-0.465419
"cg_vd_v",65934.3,-0.382687
"cg_vd_v",65934.3,-0.402376
"cg_vd_v",65934.3,-0.190118
"cg_vd_v",65934.3,-0.473455
"cg_vd_v",65934.4,-0.285897
"cg_vd_v",65934.4,-0.259923
"cg_vd_v",65934.4,-0.317049
"cg_vd_v",65934.4,-0.31266
"cg_vd_v",65934.4,-0.234777
"cg_vd_v",65934.4,-0.302433
"cg_vd_v",65934.4,-0.363374
"cg_vd_v",65934.4,-0.407711
"cg_vd_v",65934.4,-0.347328
"cg_vd_v",65934.4,-0.434427
"cg_vd_v",65934.4,-0.234808
"cg_vd_v",65934.5,-0.426044
"cg_vd_v",65934.5,-0.296039
"cg_vd_v",65934.5,-0.229267
"cg_vd_v",65934.5,-0.371871
"cg_vd_v",65934.5,-0.236189
"cg_vd_v",65934.5,-0.23148
"cg_vd_v",65934.5,-0.290822
"cg_vd_v",65934.5,-0.338573
"cg_vd_v",65934.5,-0.449517
"cg_vd_v",65934.5,-0.437438
"cg_vd_v",65934.6,-0.313133
"cg_vd_v",65934.6,-0.200801
"cg_vd_v",65934.6,-0.39562
"cg_vd_v",65934.6,-0.436142
"cg_vd_v",65934.6,-0.225908
"cg_vd_v",65934.6,-0.35335
"cg_vd_v",65934.6,-0.156535
"cg_vd_v",65934.6,-0.309506
"cg_vd_v",65934.6,-0.303126
"cg_vd_v",65934.6,-0.365413
"cg_vd_v",65934.7,-0.382597
"cg_vd_v",65934.7,-0.406404
"cg_vd_v",65934.7,-0.362406
"cg_vd_v",65934.7,-0.275987
"cg_vd_v",65934.7,-0.397735
"cg_vd_v",65934.7,-0.378224
"cg_vd_v",65934.7,-0.185612
"cg_vd_v",65934.8,-0.359889
"cg_vd_v",65934.8,-0.2428
"cg_vd_v",65934.8,-0.329137
"cg_vd_v",65934.8,-0.252116
"cg_vd_v",65934.8,-0.28341
"cg_vd_v",65934.8,-0.35843
"cg_vd_v",65934.8,-0.448942
"cg_vd_v",65934.8,-0.343316
"cg_vd_v",65934.9,-0.20833
"cg_vd_v",65934.9,-0.361531
"cg_vd_v",65934.9,-0.407502
"cg_vd_v",65934.9,-0.250113
"cg_vd_v",65934.9,-0.336016
"cg_vd_v",65934.9,-0.144691
"cg_vd_v",65935,-0.337684
"cg_vd_v",65935,-0.266075
"cg_vd_v",65935,-0.314388
"cg_vd_v",65935,-0.37225
"cg_vd_v",65935,-0.439363
"cg_vd_v",65935,-0.372151
"cg_vd_v",65935,-0.213165
"cg_vd_v",65935.1,-0.327236
"cg_vd_v",65935.1,-0.118104
"cg_vd_v",65935.1,-0.34057
"cg_vd_v",65935.1,-0.280868
"cg_vd_v",65935.1,-0.242305
"cg_vd_v",65935.1,-0.415426
"cg_vd_v",65935.2,-0.306521
"cg_vd_v",65935.2,-0.182371
"cg_vd_v",65935.2,-0.315822
"cg_vd_v",65935.2,-0.326019
"cg_vd_v",65935.2,-0.341692
"cg_vd_v",65935.2,-0.443675
"cg_vd_v",65935.2,-0.40232
"cg_vd_v",65935.2,-0.270977
"cg_vd_v",65935.3,-0.409917
"cg_vd_v",65935.3,-0.337664
"cg_vd_v",65935.3,-0.323002
"cg_vd_v",65935.3,-0.397996
"cg_vd_v",65935.3,-0.150486
"cg_vd_v",65935.3,-0.322114
"cg_vd_v",65935.3,-0.499868
"cg_vd_v",65935.3,-0.347303
"cg_vd_v",65935.3,-0.436204
"cg_vd_v",65935.3,-0.237377
"cg_vd_v",65935.3,-0.456179
"cg_vd_v",65935.4,-0.413586
"cg_vd_v",65935.4,-0.37646
"cg_vd_v",65935.4,-0.249142
"cg_vd_v",65935.4,-0.165582
"cg_vd_v",65935.4,-0.27633
"cg_vd_v",65935.4,-0.335968
"cg_vd_v",65935.4,-0.308498
"cg_vd_v",65935.4,-0.460341
"cg_vd_v",65935.4,-0.280481
"cg_vd_v",65935.4,-0.443495
"cg_vd_v",65935.4,-0.204756
"cg_vd_v",65935.4,-0.279948
"cg_vd_v",65935.5,-0.383491
"cg_vd_v",65935.5,-0.356866
"cg_vd_v",65935.5,-0.280534
"cg_vd_v",65935.5,-0.143806
"cg_vd_v",65935.5,-0.157577
"cg_vd_v",65935.5,-0.396758
"cg_vd_v",65935.5,-0.232284
"cg_vd_v",65935.5,-0.466257
"cg_vd_v",65935.5,-0.279903
"cg_vd_v",65935.5,-0.419476
"cg_vd_v",65935.5,-0.187573
"cg_vd_v",65935.6,-0.431183
"cg_vd_v",65935.6,-0.319084
"cg_vd_v",65935.6,-0.354353
"cg_vd_v",65935.6,-0.292154
"cg_vd_v",65935.6,-0.204438
"cg_vd_v",65935.6,-0.205126
"cg_vd_v",65935.6,-0.32408
"cg_vd_v",65935.6,-0.286987
"cg_vd_v",65935.6,-0.412035
"cg_vd_v",65935.6,-0.26612
"cg_vd_v",65935.7,-0.431052
"cg_vd_v",65935.7,-0.204059
"cg_vd_v",65935.7,-0.328566
"cg_vd_v",65935.7,-0.360897
"cg_vd_v",65935.7,-0.34548
"cg_vd_v",65935.7,-0.2794
"cg_vd_v",65935.7,-0.190299
"cg_vd_v",65935.7,-0.254996
"cg_vd_v",65935.7,-0.388907
"cg_vd_v",65935.7,-0.290169
"cg_vd_v",65935.8,-0.449593
"cg_vd_v",65935.8,-0.278119
"cg_vd_v",65935.8,-0.465322
"cg_vd_v",65935.8,-0.227021
"cg_vd_v",65935.8,-0.263723
"cg_vd_v",65935.8,-0.394519
"cg_vd_v",65935.8,-0.338581
"cg_vd_v",65935.8,-0.292891
"cg_vd_v",65935.8,-0.186725
"cg_vd_v",65935.8,-0.216887
"cg_vd_v",65935.8,-0.375729
"cg_vd_v",65935.9,-0.374204
"cg_vd_v",65935.9,-0.476063
"cg_vd_v",65935.9,-0.302092
"cg_vd_v",65935.9,-0.49717
"cg_vd_v",65935.9,-0.269569
"cg_vd_v",65935.9,-0.26392
"cg_vd_v",65935.9,-0.422848
"cg_vd_v",65935.9,-0.321739
"cg_vd_v",65935.9,-0.338055
"cg_vd_v",65935.9,-0.1838
"cg_vd_v",65936,-0.246325
"cg_vd_v",65936,-0.276953
"cg_vd_v",65936,-0.420538
"cg_vd_v",65936,-0.37476
"cg_vd_v",65936,-0.313474
"cg_vd_v",65936,-0.379935
"cg_vd_v",65936,-0.318505
"cg_vd_v",65936,-0.316955
"cg_vd_v",65936,-0.480608
"cg_vd_v",65936,-0.323307
"cg_vd_v",65936.1,-0.279214
"cg_vd_v",65936.1,-0.168796
"cg_vd_v",65936.1,-0.267443
"cg_vd_v",65936.1,-0.261624
"cg_vd_v",65936.1,-0.466455
"cg_vd_v",65936.1,-0.378305
"cg_vd_v",65936.1,-0.273548
"cg_vd_v",65936.1,-0.376608
"cg_vd_v",65936.1,-0.386162
"cg_vd_v",65936.1,-0.317276
"cg_vd_v",65936.1,-0.460957
"cg_vd_v",65936.2,-0.167092
"cg_vd_v",65936.2,-0.35296
"cg_vd_v",65936.2,-0.136517
"cg_vd_v",65936.2,-0.280822
"cg_vd_v",65936.2,-0.319213
"cg_vd_v",65936.2,-0.38207
"cg_vd_v",65936.2,-0.359844
"cg_vd_v",65936.2,-0.399978
"cg_vd_v",65936.2,-0.50985
"cg_vd_v",65936.2,-0.396288
"cg_vd_v",65936.3,-0.219798
"cg_vd_v",65936.3,-0.501338
"cg_vd_v",65936.3,-0.187795
"cg_vd_v",65936.3,-0.377099
"cg_vd_v",65936.3,-0.152084
"cg_vd_v",65936.3,-0.235894
"cg_vd_v",65936.3,-0.25614
"cg_vd_v",65936.3,-0.411554
"cg_vd_v",65936.3,-0.332699
"cg_vd_v",65936.4,-0.415022
"cg_vd_v",65936.4,-0.378985
"cg_vd_v",65936.4,-0.402667
"cg_vd_v",65936.4,-0.211828
"cg_vd_v",65936.4,-0.4454
"cg_vd_v",65936.4,-0.18795
"cg_vd_v",65936.4,-0.384668
"cg_vd_v",65936.4,-0.0995015
"cg_vd_v",65936.4,-0.16913
"cg_vd_v",65936.4,-0.263088
"cg_vd_v",65936.5,-0.470128
"cg_vd_v",65936.5,-0.3749
"cg_vd_v",65936.5,-0.33948
"cg_vd_v",65936.5,-0.381014
"cg_vd_v",65936.5,-0.387821
"cg_vd_v",65936.5,-0.3079
"cg_vd_v",65936.5,-0.459972
"cg_vd_v",65936.5,-0.201941
"cg_vd_v",65936.5,-0.388074
"cg_vd_v",65936.5,-0.168925
"cg_vd_v",65936.6,-0.218049
"cg_vd_v",65936.6,-0.306259
"cg_vd_v",65936.6,-0.456618
"cg_vd_v",65936.6,-0.407625
"cg_vd_v",65936.6,-0.436476
"cg_vd_v",65936.6,-0.339164
"cg_vd_v",65936.6,-0.444641
"cg_vd_v",65936.6,-0.326954
"cg_vd_v",65936.6,-0.472698
"cg_vq_v",65926.5,-10.164
"cg_vq_v",65926.6,-10.3094
"cg_vq_v",65926.6,-10.0614
"cg_vq_v",65926.6,-10.2072
"cg_vq_v",65926.6,-10.0796
"cg_vq_v",65926.6,-10.0224
"cg_vq_v",65926.6,-10.0171
"cg_vq_v",65926.6,-10.2632
"cg_vq_v",65926.6,-10.2476
"cg_vq_v",65926.6,-10.1632
"cg_vq_v",65926.6,-9.94995
"cg_vq_v",65926.7,-10.2336
"cg_vq_v",65926.7,-10.1765
"cg_vq_v",65926.7,-10.3668
"cg_vq_v",65926.7,-10.0004
"cg_vq_v",65926.7,-10.2426
"cg_vq_v",65926.7,-10.0034
"cg_vq_v",65926.7,-9.99559
"cg_vq_v",65926.7,-10.05
"cg_vq_v",65926.7,-10.1193
"cg_vq_v",65926.7,-10.1993
"cg_vq_v",65926.8,-10.1631
"cg_vq_v",65926.8,-9.95671
"cg_vq_v",65926.8,-10.2582
"cg_vq_v",65926.8,-10.1295
"cg_vq_v",65926.8,-10.2856
"cg_vq_v",65926.8,-10.07
"cg_vq_v",65926.8,-10.2053
"cg_vq_v",65926.8,-10.0089
"cg_vq_v",65926.8,-10.0228
"cg_vq_v",65926.8,-10.1406
"cg_vq_v",65926.9,-10.2208
"cg_vq_v",65926.9,-10.1707
"cg_vq_v",65926.9,-10.1574
"cg_vq_v",65926.9,-9.93346
"cg_vq_v",65926.9,-10.1558
"cg_vq_v",65926.9,-10.1163
"cg_vq_v",65926.9,-10.3293
"cg_vq_v",65926.9,-10.0321
"cg_vq_v",65926.9,-10.1493
"cg_vq_v",65926.9,-10.0021
"cg_vq_v",65927,-9.98763
"cg_vq_v",65927,-10.127
"cg_vq_v",65927,-10.0176
"cg_vq_v",65927,-10.1387
"cg_vq_v",65927,-10.1419
"cg_vq_v",65927,-9.98485
"cg_vq_v",65927,-10.1518
"cg_vq_v",65927,-10.1381
"cg_vq_v",65927,-10.2431
"cg_vq_v",65927,-10.0595
"cg_vq_v",65927.1,-10.1742
"cg_vq_v",65927.1,-10.117
"cg_vq_v",65927.1,-10.0092
"cg_vq_v",65927.1,-10.1545
"cg_vq_v",65927.1,-10.0161
"cg_vq_v",65927.1,-10.1956
"cg_vq_v",65927.1,-10.1106
"cg_vq_v",65927.1,-10.0389
"cg_vq_v",65927.1,-10.156
"cg_vq_v",65927.1,-10.1322
"cg_vq_v",65927.2,-10.3099
"cg_vq_v",65927.2,-10.1139
"cg_vq_v",65927.2,-10.0022
"cg_vq_v",65927.2,-10.0553
"cg_vq_v",65927.2,-9.93974
"cg_vq_v",65927.2,-10.1566
"cg_vq_v",65927.2,-9.89347
"cg_vq_v",65927.2,-10.2597
"cg_vq_v",65927.2,-10.0963
"cg_vq_v",65927.2,-10.0637
"cg_vq_v",65927.2,-10.1336
"cg_vq_v",65927.3,-10.1759
"cg_vq_v",65927.3,-10.2129
"cg_vq_v",65927.3,-10.2701
"cg_vq_v",65927.3,-10.0036
"cg_vq_v",65927.3,-10.1228
"cg_vq_v",65927.3,-10.0161
"cg_vq_v",65927.3,-10.1993
"cg_vq_v",65927.3,-9.98505
"cg_vq_v",65927.3,-10.3803
"cg_vq_v",65927.3,-10.1302
"cg_vq_v",65927.4,-10.0801
"cg_vq_v",65927.4,-10.1388
"cg_vq_v",65927.4,-10.218
"cg_vq_v",65927.4,-10.139
"cg_vq_v",65927.4,-10.276
"cg_vq_v",65927.4,-10.0112
"cg_vq_v",65927.4,-10.2001
"cg_vq_v",65927.4,-9.96956
"cg_vq_v",65927.4,-10.1842
"cg_vq_v",65927.4,-9.9162
"cg_vq_v",65927.5,-10.3624
"cg_vq_v",65927.5,-10.1481
"cg_vq_v",65927.5,-10.0599
"cg_vq_v",65927.5,-10.0904
"cg_vq_v",65927.5,-10.2414
"cg_vq_v",65927.5,-10.1273
"cg_vq_v",65927.5,-10.3177
"cg_vq_v",65927.5,-10.0105
"cg_vq_v",65927.5,-10.0981
"cg_vq_v",65927.5,-10.028
"cg_vq_v",65927.6,-10.2464
"cg_vq_v",65927.6,-9.93148
"cg_vq_v",65927.6,-10.3562
"cg_vq_v",65927.6,-10.1419
"cg_vq_v",65927.6,-10.0733
"cg_vq_v",65927.6,-10.1629
"cg_vq_v",65927.6,-10.1012
"cg_vq_v",65927.6,-10.141
"cg_vq_v",65927.6,-10.2485
"cg_vq_v",65927.6,-9.9744
"cg_vq_v",65927.7,-10.1468
"cg_vq_v",65927.7,-10.0034
"cg_vq_v",65927.7,-10.2068
"cg_vq_v",65927.7,-9.93524
"cg_vq_v",65927.7,-10.3162
"cg_vq_v",65927.7,-10.1697
"cg_vq_v",65927.7,-10.0693
"cg_vq_v",65927.7,-10.1708
"cg_vq_v",65927.7,-9.98649
"cg_vq_v",65927.7,-10.1944
"cg_vq_v",65927.8,-10.3234
"cg_vq_v",65927.8,-10.0749
"cg_vq_v",65927.8,-10.0841
"cg_vq_v",65927.8,-10.1331
"cg_vq_v",65927.8,-10.1065
"cg_vq_v",65927.8,-9.92274
"cg_vq_v",65927.8,-10.2182
"cg_vq_v",65927.8,-10.1561
"cg_vq_v",65927.8,-10.0485
"cg_vq_v",65927.8,-10.2234
"cg_vq_v",65927.9,-10.1699
"cg_vq_v",65927.9,-10.1714
"cg_vq_v",65927.9,-10.2657
"cg_vq_v",65927.9,-10.0887
"cg_vq_v",65927.9,-10.0101
"cg_vq_v",65927.9,-10.0187
"cg_vq_v",65927.9,-10.0476
"cg_vq_v",65927.9,-10.0575
"cg_vq_v",65927.9,-10.1618
"cg_vq_v",65927.9,-10.2729
"cg_vq_v",65928,-10.0222
"cg_vq_v",65928,-10.2816
"cg_vq_v",65928,-9.93779
"cg_vq_v",65928,-10.3129
"cg_vq_v",65928,-10.2228
"cg_vq_v",65928,-10.094
"cg_vq_v",65928,-10.055
"cg_vq_v",65928,-10.1652
"cg_vq_v",65928,-10.0792
"cg_vq_v",65928,-10.1273
"cg_vq_v",65928.1,-10.1932
"cg_vq_v",65928.1,-10.2468
"cg_vq_v",65928.1,-10.0159
"cg_vq_v",65928.1,-10.2709
"cg_vq_v",65928.1,-9.91421
"cg_vq_v",65928.1,-10.3042
"cg_vq_v",65928.1,-10.2416
"cg_vq_v",65928.1,-10.177
"cg_vq_v",65928.1,-9.97976
"cg_vq_v",65928.1,-10.1365
"cg_vq_v",65928.2,-10.1075
"cg_vq_v",65928.2,-10.1515
"cg_vq_v",65928.2,-10.1435
"cg_vq_v",65928.2,-10.3559
"cg_vq_v",65928.2,-10.0625
"cg_vq_v",65928.2,-10.2329
"cg_vq_v",65928.2,-9.87414
"cg_vq_v",65928.2,-10.3389
"cg_vq_v",65928.2,-10.246
"cg_vq_v",65928.2,-10.1499
"cg_vq_v",65928.2,-10.0164
"cg_vq_v",65928.3,-10.1467
"cg_vq_v",65928.3,-10.0029
"cg_vq_v",65928.3,-10.144
"cg_vq_v",65928.3,-10.0733
"cg_vq_v",65928.3,-10.2784
"cg_vq_v",65928.3,-10.0612
"cg_vq_v",65928.3,-10.2815
"cg_vq_v",65928.3,-9.8923
"cg_vq_v",65928.3,-10.3298
"cg_vq_v",65928.4,-10.2443
"cg_vq_v",65928.4,-10.1933
"cg_vq_v",65928.4,-10.0862
"cg_vq_v",65928.4,-10.0919
"cg_vq_v",65928.4,-10.0566
"cg_vq_v",65928.4,-10.1408
"cg_vq_v",65928.4,-10.0578
"cg_vq_v",65928.4,-10.3039
"cg_vq_v",65928.4,-10.1352
"cg_vq_v",65928.4,-10.2637
"cg_vq_v",65928.4,-9.91714
"cg_vq_v",65928.5,-10.4039
"cg_vq_v",65928.5,-10.1882
"cg_vq_v",65928.5,-10.131
"cg_vq_v",65928.5,-10.0013
"cg_vq_v",65928.5,-10.0162
"cg_vq_v",65928.5,-10.0302
"cg_vq_v",65928.5,-10.1397
"cg_vq_v",65928.5,-10.0551
"cg_vq_v",65928.5,-10.2401
"cg_vq_v",65928.5,-10.0572
"cg_vq_v",65928.6,-10.3064
"cg_vq_v",65928.6,-9.84097
"cg_vq_v",65928.6,-10.2009
"cg_vq_v",65928.6,-10.2499
"cg_vq_v",65928.6,-10.1432
"cg_vq_v",65928.6,-10.1637
"cg_vq_v",65928.6,-9.97073
"cg_vq_v",65928.6,-10.1265
"cg_vq_v",65928.6,-10.1479
"cg_vq_v",65928.6,-10.0561
"cg_vq_v",65928.7,-10.2453
"cg_vq_v",65928.7,-10.1383
"cg_vq_v",65928.7,-10.2375
"cg_vq_v",65928.7,-10.0386
"cg_vq_v",65928.7,-10.1949
"cg_vq_v",65928.7,-10.2857
"cg_vq_v",65928.7,-10.0819
"cg_vq_v",65928.7,-10.1508
"cg_vq_v",65928.7,-9.92407
"cg_vq_v",65928.8,-10.1381
"cg_vq_v",65928.8,-10.1677
"cg_vq_v",65928.8,-10.1077
"cg_vq_v",65928.8,-10.1956
"cg_vq_v",65928.8,-10.2631
"cg_vq_v",65928.8,-10.1677
"cg_vq_v",65928.8,-10.1819
"cg_vq_v",65928.8,-10.2303
"cg_vq_v",65928.8,-10.2959
"cg_vq_v",65928.8,-10.0927
"cg_vq_v",65928.8,-10.142
"cg_vq_v",65928.9,-9.9699
"cg_vq_v",65928.9,-10.2194
"cg_vq_v",65928.9,-10.0755
"cg_vq_v",65928.9,-10.1791
"cg_vq_v",65928.9,-10.2464
"cg_vq_v",65928.9,-10.1711
"cg_vq_v",65928.9,-10.0993
"cg_vq_v",65928.9,-10.1436
"cg_vq_v",65928.9,-10.0337
"cg_vq_v",65928.9,-10.3956
"cg_vq_v",65929,-10.1363
"cg_vq_v",65929,-10.2512
"cg_vq_v",65929,-9.82985
"cg_vq_v",65929,-10.1801
"cg_vq_v",65929,-10.0735
"cg_vq_v",65929,-10.1836
"cg_vq_v",65929,-10.1308
"cg_vq_v",65929,-10.1104
"cg_vq_v",65929,-10.0776
"cg_vq_v",65929,-10.1554
"cg_vq_v",65929.1,-10.1049
"cg_vq_v",65929.1,-10.4184
"cg_vq_v",65929.1,-10.1151
"cg_vq_v",65929.1,-10.211
"cg_vq_v",65929.1,-9.82747
"cg_vq_v",65929.1,-10.2617
"cg_vq_v",65929.1,-10.0797
"cg_vq_v",65929.1,-10.1786
"cg_vq_v",65929.1,-10.1165
"cg_vq_v",65929.1,-10.0443
"cg_vq_v",65929.2,-10.093
"cg_vq_v",65929.2,-10.1798
"cg_vq_v",65929.2,-10.02
"cg_vq_v",65929.2,-10.3181
"cg_vq_v",65929.2,-10.1613
"cg_vq_v",65929.2,-10.1641
"cg_vq_v",65929.2,-9.85646
"cg_vq_v",65929.2,-10.1372
"cg_vq_v",65929.2,-10.1054
"cg_vq_v",65929.2,-10.2063
"cg_vq_v",65929.3,-10.1611
"cg_vq_v",65929.3,-10.1492
"cg_vq_v",65929.3,-10.0702
"cg_vq_v",65929.3,-10.1268
"cg_vq_v",65929.3,-10.038
"cg_vq_v",65929.3,-10.3264
"cg_vq_v",65929.3,-10.218
"cg_vq_v",65929.3,-10.0862
"cg_vq_v",65929.3,-9.90196
"cg_vq_v",65929.3,-10.0542
"cg_vq_v",65929.4,-10.1007
"cg_vq_v",65929.4,-10.202
"cg_vq_v",65929.4,-10.2387
"cg_vq_v",65929.4,-10.0494
"cg_vq_v",65929.4,-10.133
"cg_vq_v",65929.4,-10.1427
"cg_vq_v",65929.4,-10.0498
"cg_vq_v",65929.4,-10.3099
"cg_vq_v",65929.4,-10.2648
"cg_vq_v",65929.4,-10.08
"cg_vq_v",65929.5,-10.074
"cg_vq_v",65929.5,-10.0053
"cg_vq_v",65929.5,-10.2048
"cg_vq_v",65929.5,-10.1887
"cg_vq_v",65929.5,-10.2266
"cg_vq_v",65929.5,-9.94829
"cg_vq_v",65929.5,-10.0946
"cg_vq_v",65929.5,-10.096
"cg_vq_v",65929.5,-10.0752
"cg_vq_v",65929.5,-10.2772
"cg_vq_v",65929.6,-10.2926
"cg_vq_v",65929.6,-10.1238
"cg_vq_v",65929.6,-10.0041
"cg_vq_v",65929.6,-9.9894
"cg_vq_v",65929.6,-10.1544
"cg_vq_v",65929.6,-10.1712
"cg_vq_v",65929.6,-10.3831
"cg_vq_v",65929.6,-9.93429
"cg_vq_v",65929.6,-10.1871
"cg_vq_v",65929.6,-10.0947
"cg_vq_v",65929.7,-10.1038
"cg_vq_v",65929.7,-10.249
"cg_vq_v",65929.7,-10.3014
"cg_vq_v",65929.7,-10.036
"cg_vq_v",65929.7,-10.0907
"cg_vq_v",65929.7,-9.96431
"cg_vq_v",65929.7,-10.2403
"cg_vq_v",65929.7,-10.1968
"cg_vq_v",65929.7,-10.3606
"cg_vq_v",65929.8,-9.81668
"cg_vq_v",65929.8,-10.2269
"cg_vq_v",65929.8,-10.1204
"cg_vq_v",65929.8,-10.2085
"cg_vq_v",65929.8,-10.27
"cg_vq_v",65929.8,-10.3314
"cg_vq_v",65929.8,-10.0191
"cg_vq_v",65929.8,-10.1172
"cg_vq_v",65929.8,-9.92786
"cg_vq_v",65929.8,-10.2281
"cg_vq_v",65929.8,-10.2151
"cg_vq_v",65929.9,-10.3232
"cg_vq_v",65929.9,-9.88008
"cg_vq_v",65929.9,-10.2006
"cg_vq_v",65929.9,-10.1577
"cg_vq_v",65929.9,-10.2047
"cg_vq_v",65929.9,-10.2402
"cg_vq_v",65929.9,-10.2242
"cg_vq_v",65929.9,-9.9894
"cg_vq_v",65929.9,-10.0686
"cg_vq_v",65929.9,-9.91379
"cg_vq_v",65930,-10.2645
"cg_vq_v",65930,-10.1597
"cg_vq_v",65930,-10.3074
"cg_vq_v",65930,-9.97816
"cg_vq_v",65930,-10.1862
"cg_vq_v",65930,-10.1767
"cg_vq_v",65930,-10.1394
"cg_vq_v",65930,-10.2326
"cg_vq_v",65930,-10.2044
"cg_vq_v",65930,-9.95768
"cg_vq_v",65930.1,-10.0366
"cg_vq_v",65930.1,-10.029
"cg_vq_v",65930.1,-10.1338
"cg_vq_v",65930.1,-10.3131
"cg_vq_v",65930.1,-10.3452
"cg_vq_v",65930.1,-10.0043
"cg_vq_v",65930.1,-10.1354
"cg_vq_v",65930.1,-10.1978
"cg_vq_v",65930.1,-10.1811
"cg_vq_v",65930.1,-10.2748
"cg_vq_v",65930.2,-10.1809
"cg_vq_v",65930.2,-10.0113
"cg_vq_v",65930.2,-10.0283
"cg_vq_v",65930.2,-9.99999
"cg_vq_v",65930.2,-10.1175
"cg_vq_v",65930.2,-10.2669
"cg_vq_v",65930.2,-10.2931
"cg_vq_v",65930.2,-9.97528
"cg_vq_v",65930.2,-10.0082
"cg_vq_v",65930.2,-10.2562
"cg_vq_v",65930.3,-10.1756
"cg_vq_v",65930.3,-10.3577
"cg_vq_v",65930.3,-10.1705
"cg_vq_v",65930.3,-10.1822
"cg_vq_v",65930.3,-10.0315
"cg_vq_v",65930.3,-10.1165
"cg_vq_v",65930.3,-10.1092
"cg_vq_v",65930.3,-10.3022
"cg_vq_v",65930.3,-10.0878
"cg_vq_v",65930.4,-10.1862
"cg_vq_v",65930.4,-10.0463
"cg_vq_v",65930.4,-10.2993
"cg_vq_v",65930.4,-10.1328
"cg_vq_v",65930.4,-10.3485
"cg_vq_v",65930.4,-10.0895
"cg_vq_v",65930.4,-10.2285
"cg_vq_v",65930.4,-10.0219
"cg_vq_v",65930.4,-10.1265
"cg_vq_v",65930.4,-10.0659
"cg_vq_v",65930.4,-10.3014
"cg_vq_v",65930.5,-10.1924
"cg_vq_v",65930.5,-10.1655
"cg_vq_v",65930.5,-10.0792
"cg_vq_v",65930.5,-10.2955
"cg_vq_v",65930.5,-10.1551
"cg_vq_v",65930.5,-10.406
"cg_vq_v",65930.5,-9.98749
"cg_vq_v",65930.5,-10.1838
"cg_vq_v",65930.5,-9.95954
"cg_vq_v",65930.5,-10.0747
"cg_vq_v",65930.6,-10.1134
"cg_vq_v",65930.6,-10.3227
"cg_vq_v",65930.6,-10.125
"cg_vq_v",65930.6,-10.1641
"cg_vq_v",65930.6,-9.90042
"cg_vq_v",65930.6,-10.3331
"cg_vq_v",65930.6,-10.1978
"cg_vq_v",65930.6,-10.4253
"cg_vq_v",65930.6,-9.97039
"cg_vq_v",65930.6,-10.2455
"cg_vq_v",65930.7,-9.97227
"cg_vq_v",65930.7,-10.1014
"cg_vq_v",65930.7,-10.0517
"cg_vq_v",65930.7,-10.1252
"cg_vq_v",65930.7,-10.0771
"cg_vq_v",65930.7,-10.1713
"cg_vq_v",65930.7,-9.89727
"cg_vq_v",65930.7,-10.3099
"cg_vq_v",65930.7,-10.1579
"cg_vq_v",65930.8,-10.3861
"cg_vq_v",65930.8,-10.0145
"cg_vq_v",65930.8,-10.0743
"cg_vq_v",65930.8,-9.98338
"cg_vq_v",65930.8,-10.0438
"cg_vq_v",65930.8,-10.0899
"cg_vq_v",65930.8,-10.3062
"cg_vq_v",65930.8,-10.0815
"cg_vq_v",65930.8,-10.1329
"cg_vq_v",65930.8,-9.88731
"cg_vq_v",65930.8,-10.1451
"cg_vq_v",65930.9,-10.1794
"cg_vq_v",65930.9,-10.3838
"cg_vq_v",65930.9,-9.95549
"cg_vq_v",65930.9,-10.1516
"cg_vq_v",65930.9,-10.0339
"cg_vq_v",65930.9,-10.1011
"cg_vq_v",65930.9,-10.2044
"cg_vq_v",65930.9,-10.1493
"cg_vq_v",65930.9,-10.0827
"cg_vq_v",65930.9,-10.124
"cg_vq_v",65931,-9.8884
"cg_vq_v",65931,-10.2554
"cg_vq_v",65931,-10.1794
"cg_vq_v",65931,-10.3108
"cg_vq_v",65931,-10.0167
"cg_vq_v",65931,-10.0816
"cg_vq_v",65931,-10.0718
"cg_vq_v",65931,-10.0672
"cg_vq_v",65931,-10.1392
"cg_vq_v",65931,-10.0399
"cg_vq_v",65931.1,-10.1834
"cg_vq_v",65931.1,-10.1393
"cg_vq_v",65931.1,-9.90452
"cg_vq_v",65931.1,-10.1963
"cg_vq_v",65931.1,-10.2596
"cg_vq_v",65931.1,-10.2773
"cg_vq_v",65931.1,-10.0921
"cg_vq_v",65931.1,-10.0321
"cg_vq_v",65931.1,-10.0568
"cg_vq_v",65931.1,-10.033
"cg_vq_v",65931.2,-10.2892
"cg_vq_v",65931.2,-10.0057
"cg_vq_v",65931.2,-10.105
"cg_vq_v",65931.2,-10.1106
"cg_vq_v",65931.2,-10.0414
"cg_vq_v",65931.2,-10.1869
"cg_vq_v",65931.2,-10.2551
"cg_vq_v",65931.2,-10.3066
"cg_vq_v",65931.2,-10.1821
"cg_vq_v",65931.2,-10.0098
"cg_vq_v",65931.3,-10.1081
"cg_vq_v",65931.3,-10.0114
"cg_vq_v",65931.3,-10.2565
"cg_vq_v",65931.3,-10.0234
"cg_vq_v",65931.3,-10.2894
"cg_vq_v",65931.3,-10.1501
"cg_vq_v",65931.3,-10.0359
"cg_vq_v",65931.3,-10.1957
"cg_vq_v",65931.3,-10.2846
"cg_vq_v",65931.3,-10.2218
"cg_vq_v",65931.4,-10.2358
"cg_vq_v",65931.4,-10.0046
"cg_vq_v",65931.4,-10.1012
"cg_vq_v",65931.4,-10.0221
"cg_vq_v",65931.4,-10.2612
"cg_vq_v",65931.4,-9.99858
"cg_vq_v",65931.4,-10.2946
"cg_vq_v",65931.4,-10.134
"cg_vq_v",65931.4,-10.0709
"cg_vq_v",65931.4,-10.1944
"cg_vq_v",65931.5,-10.2206
"cg_vq_v",65931.5,-10.2269
"cg_vq_v",65931.5,-10.2214
"cg_vq_v",65931.5,-10.0106
"cg_vq_v",65931.5,-10.0628
"cg_vq_v",65931.5,-10.0875
"cg_vq_v",65931.5,-10.204
"cg_vq_v",65931.5,-9.94535
"cg_vq_v",65931.5,-10.2836
"cg_vq_v",65931.5,-10.13
"cg_vq_v",65931.6,-9.97977
"cg_vq_v",65931.6,-10.1798
"cg_vq_v",65931.6,-10.0925
"cg_vq_v",65931.6,-10.2105
"cg_vq_v",65931.6,-10.2052
"cg_vq_v",65931.6,-9.97261
"cg_vq_v",65931.6,-10.0194
"cg_vq_v",65931.6,-10.06
"cg_vq_v",65931.6,-10.1913
"cg_vq_v",65931.6,-10.0397
"cg_vq_v",65931.7,-10.198
"cg_vq_v",65931.7,-10.1423
"cg_vq_v",65931.7,-10.01
"cg_vq_v",65931.7,-10.1737
"cg_vq_v",65931.7,-10.1025
"cg_vq_v",65931.7,-10.1765
"cg_vq_v",65931.7,-10.228
"cg_vq_v",65931.7,-10.0381
"cg_vq_v",65931.7,-10.0314
"cg_vq_v",65931.8,-10.1756
"cg_vq_v",65931.8,-10.1252
"cg_vq_v",65931.8,-10.0823
"cg_vq_v",65931.8,-10.1414
"cg_vq_v",65931.8,-10.1191
"cg_vq_v",65931.8,-9.98821
"cg_vq_v",65931.8,-10.2231
"cg_vq_v",65931.8,-10.0545
"cg_vq_v",65931.8,-10.3421
"cg_vq_v",65931.8,-10.2028
"cg_vq_v",65931.8,-9.95325
"cg_vq_v",65931.9,-10.001
"cg_vq_v",65931.9,-10.1499
"cg_vq_v",65931.9,-10.0742
"cg_vq_v",65931.9,-10.0651
"cg_vq_v",65931.9,-10.091
"cg_vq_v",65931.9,-10.1931
"cg_vq_v",65931.9,-10.01
"cg_vq_v",65931.9,-10.2942
"cg_vq_v",65931.9,-9.98106
"cg_vq_v",65931.9,-10.3988
"cg_vq_v",65932,-10.2058
"cg_vq_v",65932,-10.0337
"cg_vq_v",65932,-9.95016
"cg_vq_v",65932,-10.1982
"cg_vq_v",65932,-10.1015
"cg_vq_v",65932,-10.1391
"cg_vq_v",65932,-10.0427
"cg_vq_v",65932,-10.3035
"cg_vq_v",65932,-9.99987
"cg_vq_v",65932,-10.4104
"cg_vq_v",65932.1,-9.98133
"cg_vq_v",65932.1,-10.3796
"cg_vq_v",65932.1,-10.1973
"cg_vq_v",65932.1,-10.0507
"cg_vq_v",65932.1,-9.93548
"cg_vq_v",65932.1,-10.2051
"cg_vq_v",65932.1,-10.0225
"cg_vq_v",65932.1,-10.2171
"cg_vq_v",65932.1,-10.0386
"cg_vq_v",65932.1,-10.3046
"cg_vq_v",65932.2,-9.96704
"cg_vq_v",65932.2,-10.365
"cg_vq_v",65932.2,-9.9442
"cg_vq_v",65932.2,-10.3251
"cg_vq_v",65932.2,-10.1386
"cg_vq_v",65932.2,-10.1592
"cg_vq_v",65932.2,-9.99529
"cg_vq_v",65932.2,-10.2035
"cg_vq_v",65932.2,-10.0716
"cg_vq_v",65932.2,-10.2747
"cg_vq_v",65932.3,-9.96471
"cg_vq_v",65932.3,-10.2943
"cg_vq_v",65932.3,-10.0959
"cg_vq_v",65932.3,-10.3564
"cg_vq_v",65932.3,-9.92759
"cg_vq_v",65932.3,-10.3933
"cg_vq_v",65932.3,-10.1554
"cg_vq_v",65932.3,-10.1106
"cg_vq_v",65932.3,-9.96418
"cg_vq_v",65932.4,-10.0355
"cg_vq_v",65932.4,-10.0413
"cg_vq_v",65932.4,-10.2387
"cg_vq_v",65932.4,-9.96684
"cg_vq_v",65932.4,-10.3309
"cg_vq_v",65932.4,-10.0408
"cg_vq_v",65932.4,-10.2689
"cg_vq_v",65932.4,-9.99064
"cg_vq_v",65932.4,-10.3229
"cg_vq_v",65932.4,-10.1646
"cg_vq_v",65932.5,-10.1359
"cg_vq_v",65932.5,-10.1226
"cg_vq_v",65932.5,-10.0829
"cg_vq_v",65932.5,-10.1483
"cg_vq_v",65932.5,-10.1853
"cg_vq_v",65932.5,-9.98119
"cg_vq_v",65932.5,-10.2971
"cg_vq_v",65932.5,-10.1806
"cg_vq_v",65932.5,-10.2594
"cg_vq_v",65932.5,-10.0883
"cg_vq_v",65932.5,-10.3127
"cg_vq_v",65932.6,-10.2289
"cg_vq_v",65932.6,-10.093
"cg_vq_v",65932.6,-10.1465
"cg_vq_v",65932.6,-10.0023
"cg_vq_v",65932.6,-10.1332
"cg_vq_v",65932.6,-10.1908
"cg_vq_v",65932.6,-10.0026
"cg_vq_v",65932.6,-10.1749
"cg_vq_v",65932.6,-10.0874
"cg_vq_v",65932.6,-10.2275
"cg_vq_v",65932.7,-10.1587
"cg_vq_v",65932.7,-10.2569
"cg_vq_v",65932.7,-10.2262
"cg_vq_v",65932.7,-10.1322
"cg_vq_v",65932.7,-10.0765
"cg_vq_v",65932.7,-9.95025
"cg_vq_v",65932.7,-10.2083
"cg_vq_v",65932.7,-10.179
"cg_vq_v",65932.7,-10.0522
"cg_vq_v",65932.8,-10.1949
"cg_vq_v",65932.8,-10.1516
"cg_vq_v",65932.8,-10.2101
"cg_vq_v",65932.8,-10.1724
"cg_vq_v",65932.8,-10.1547
"cg_vq_v",65932.8,-10.2454
"cg_vq_v",65932.8,-10.1154
"cg_vq_v",65932.8,-10.1783
"cg_vq_v",65932.8,-9.92632
"cg_vq_v",65932.8,-10.1849
"cg_vq_v",65932.9,-10.2403
"cg_vq_v",65932.9,-10.1569
"cg_vq_v",65932.9,-10.1872
"cg_vq_v",65932.9,-10.1365
"cg_vq_v",65932.9,-10.1518
"cg_vq_v",65932.9,-10.1147
"cg_vq_v",65932.9,-10.1447
"cg_vq_v",65932.9,-10.327
"cg_vq_v",65932.9,-10.1324
"cg_vq_v",65932.9,-10.2078
"cg_vq_v",65932.9,-9.91186
"cg_vq_v",65933,-10.217
"cg_vq_v",65933,-10.184
"cg_vq_v",65933,-10.1188
"cg_vq_v",65933,-10.1934
"cg_vq_v",65933,-10.1636
"cg_vq_v",65933,-10.0938
"cg_vq_v",65933,-10.2389
"cg_vq_v",65933,-10.0847
"cg_vq_v",65933,-10.273
"cg_vq_v",65933,-10.1755
"cg_vq_v",65933.1,-10.1508
"cg_vq_v",65933.1,-9.87551
"cg_vq_v",65933.1,-10.1956
"cg_vq_v",65933.1,-10.1508
"cg_vq_v",65933.1,-10.1502
"cg_vq_v",65933.1,-10.1569
"cg_vq_v",65933.1,-10.0287
"cg_vq_v",65933.1,-10.1436
"cg_vq_v",65933.1,-10.1673
"cg_vq_v",65933.1,-10.0751
"cg_vq_v",65933.2,-10.2885
"cg_vq_v",65933.2,-10.1365
"cg_vq_v",65933.2,-10.116
"cg_vq_v",65933.2,-9.90675
"cg_vq_v",65933.2,-10.2153
"cg_vq_v",65933.2,-10.1616
"cg_vq_v",65933.2,-10.1045
"cg_vq_v",65933.2,-10.2164
"cg_vq_v",65933.2,-9.99333
"cg_vq_v",65933.2,-10.1746
"cg_vq_v",65933.3,-10.1693
"cg_vq_v",65933.3,-10.1077
"cg_vq_v",65933.3,-10.2537
"cg_vq_v",65933.3,-10.1602
"cg_vq_v",65933.3,-10.06
"cg_vq_v",65933.3,-9.92882
"cg_vq_v",65933.3,-10.0589
"cg_vq_v",65933.3,-10.1475
"cg_vq_v",65933.3,-10.0732
"cg_vq_v",65933.4,-10.1838
"cg_vq_v",65933.4,-9.89791
"cg_vq_v",65933.4,-10.2073
"cg_vq_v",65933.4,-10.1958
"cg_vq_v",65933.4,-10.0892
"cg_vq_v",65933.4,-10.2053
"cg_vq_v",65933.4,-10.1933
"cg_vq_v",65933.4,-10.0772
"cg_vq_v",65933.4,-10.1192
"cg_vq_v",65933.4,-10.0662
"cg_vq_v",65933.5,-10.1704
"cg_vq_v",65933.5,-10.0202
"cg_vq_v",65933.5,-10.3417
"cg_vq_v",65933.5,-9.91139
"cg_vq_v",65933.5,-10.2857
"cg_vq_v",65933.5,-10.2045
"cg_vq_v",65933.5,-10.1372
"cg_vq_v",65933.5,-10.1658
"cg_vq_v",65933.5,-10.2843
"cg_vq_v",65933.5,-9.97854
"cg_vq_v",65933.6,-10.0697
"cg_vq_v",65933.6,-10.0238
"cg_vq_v",65933.6,-10.2689
"cg_vq_v",65933.6,-10.089
"cg_vq_v",65933.6,-10.314
"cg_vq_v",65933.6,-9.84403
"cg_vq_v",65933.6,-10.1749
"cg_vq_v",65933.6,-10.1926
"cg_vq_v",65933.6,-10.1635
"cg_vq_v",65933.6,-10.2436
"cg_vq_v",65933.7,-10.2805
"cg_vq_v",65933.7,-10.0182
"cg_vq_v",65933.7,-10.1009
"cg_vq_v",65933.7,-9.98011
"cg_vq_v",65933.7,-10.2946
"cg_vq_v",65933.7,-10.0851
"cg_vq_v",65933.7,-10.2833
"cg_vq_v",65933.7,-9.89595
"cg_vq_v",65933.7,-10.2597
"cg_vq_v",65933.7,-10.1579
"cg_vq_v",65933.8,-10.2709
"cg_vq_v",65933.8,-10.1657
"cg_vq_v",65933.8,-10.3103
"cg_vq_v",65933.8,-9.98046
"cg_vq_v",65933.8,-10.1059
"cg_vq_v",65933.8,-9.94953
"cg_vq_v",65933.8,-10.2861
"cg_vq_v",65933.8,-10.1074
"cg_vq_v",65933.8,-10.3222
"cg_vq_v",65933.8,-9.83052
"cg_vq_v",65933.9,-10.1993
"cg_vq_v",65933.9,-10.1378
"cg_vq_v",65933.9,-10.2653
"cg_vq_v",65933.9,-10.1924
"cg_vq_v",65933.9,-10.2366
"cg_vq_v",65933.9,-9.95968
"cg_vq_v",65933.9,-10.1231
"cg_vq_v",65933.9,-9.9434
"cg_vq_v",65933.9,-10.232
"cg_vq_v",65933.9,-10.0987
"cg_vq_v",65934,-10.3137
"cg_vq_v",65934,-9.91186
"cg_vq_v",65934,-10.2072
"cg_vq_v",65934,-10.1851
"cg_vq_v",65934,-10.2255
"cg_vq_v",65934,-10.1813
"cg_vq_v",65934,-10.2489
"cg_vq_v",65934,-9.99125
"cg_vq_v",65934,-10.0631
"cg_vq_v",65934,-10.0018
"cg_vq_v",65934.1,-10.1986
"cg_vq_v",65934.1,-10.2459
"cg_vq_v",65934.1,-10.2062
"cg_vq_v",65934.1,-9.99279
"cg_vq_v",65934.1,-10.1696
"cg_vq_v",65934.1,-10.2425
"cg_vq_v",65934.1,-10.2456
"cg_vq_v",65934.1,-10.2735
"cg_vq_v",65934.1,-10.0268
"cg_vq_v",65934.1,-10.0324
"cg_vq_v",65934.2,-10.0578
"cg_vq_v",65934.2,-10.0812
"cg_vq_v",65934.2,-10.2579
"cg_vq_v",65934.2,-10.246
"cg_vq_v",65934.2,-10.1907
"cg_vq_v",65934.2,-9.98489
"cg_vq_v",65934.2,-10.2085
"cg_vq_v",65934.2,-10.2683
"cg_vq_v",65934.2,-10.1646
"cg_vq_v",65934.2,-10.3516
"cg_vq_v",65934.2,-10.013
"cg_vq_v",65934.3,-10.0855
"cg_vq_v",65934.3,-10.0704
"cg_vq_v",65934.3,-10.1318
"cg_vq_v",65934.3,-10.2071
"cg_vq_v",65934.3,-10.2253
"cg_vq_v",65934.3,-10.1643
"cg_vq_v",65934.3,-9.95159
"cg_vq_v",65934.3,-10.0503
"cg_vq_v",65934.4,-10.3051
"cg_vq_v",65934.4,-10.2544
"cg_vq_v",65934.4,-10.3584
"cg_vq_v",65934.4,-10.0259
"cg_vq_v",65934.4,-10.1207
"cg_vq_v",65934.4,-10.0874
"cg_vq_v",65934.4,-10.1049
"cg_vq_v",65934.4,-10.1499
"cg_vq_v",65934.4,-10.1687
"cg_vq_v",65934.4,-10.0904
"cg_vq_v",65934.4,-10.1466
"cg_vq_v",65934.5,-10.0164
"cg_vq_v",65934.5,-10.3777
"cg_vq_v",65934.5,-10.2486
"cg_vq_v",65934.5,-10.298
"cg_vq_v",65934.5,-9.95794
"cg_vq_v",65934.5,-10.1001
"cg_vq_v",65934.5,-10.0793
"cg_vq_v",65934.5,-10.1525
"cg_vq_v",65934.5,-10.1659
"cg_vq_v",65934.5,-10.199
"cg_vq_v",65934.6,-10.0593
"cg_vq_v",65934.6,-10.0842
"cg_vq_v",65934.6,-9.90859
"cg_vq_v",65934.6,-10.3124
"cg_vq_v",65934.6,-10.1904
"cg_vq_v",65934.6,-10.3403
"cg_vq_v",65934.6,-9.98769
"cg_vq_v",65934.6,-10.1533
"cg_vq_v",65934.6,-10.0342
"cg_vq_v",65934.6,-10.1056
"cg_vq_v",65934.7,-10.1482
"cg_vq_v",65934.7,-10.18
"cg_vq_v",65934.7,-10.0889
"cg_vq_v",65934.7,-10.1157
"cg_vq_v",65934.7,-9.96864
"cg_vq_v",65934.7,-10.2779
"cg_vq_v",65934.7,-10.1798
"cg_vq_v",65934.8,-10.3579
"cg_vq_v",65934.8,-9.98986
"cg_vq_v",65934.8,-10.1121
"cg_vq_v",65934.8,-10.0211
"cg_vq_v",65934.8,-10.1645
"cg_vq_v",65934.8,-10.1698
"cg_vq_v",65934.8,-10.0997
"cg_vq_v",65934.8,-10.0707
"cg_vq_v",65934.9,-10.1136
"cg_vq_v",65934.9,-9.99083
"cg_vq_v",65934.9,-10.3171
"cg_vq_v",65934.9,-10.2573
"cg_vq_v",65934.9,-10.3387
"cg_vq_v",65934.9,-10.0868
"cg_vq_v",65935,-10.0681
"cg_vq_v",65935,-10.1445
"cg_vq_v",65935,-10.0805
"cg_vq_v",65935,-10.205
"cg_vq_v",65935,-10.0468
"cg_vq_v",65935,-10.1151
"cg_vq_v",65935,-10.2105
"cg_vq_v",65935.1,-10.2465
"cg_vq_v",65935.1,-10.0752
"cg_vq_v",65935.1,-9.96848
"cg_vq_v",65935.1,-10.0677
"cg_vq_v",65935.1,-10.1483
"cg_vq_v",65935.1,-10.2306
"cg_vq_v",65935.2,-10.2165
"cg_vq_v",65935.2,-10.1352
"cg_vq_v",65935.2,-9.95358
"cg_vq_v",65935.2,-10.1422
"cg_vq_v",65935.2,-10.1347
"cg_vq_v",65935.2,-9.95331
"cg_vq_v",65935.2,-10.2262
"cg_vq_v",65935.2,-10.0911
"cg_vq_v",65935.3,-10.0617
"cg_vq_v",65935.3,-10.1956
"cg_vq_v",65935.3,-10.262
"cg_vq_v",65935.3,-10.1945
"cg_vq_v",65935.3,-10.0713
"cg_vq_v",65935.3,-9.99745
"cg_vq_v",65935.3,-10.2959
"cg_vq_v",65935.3,-9.8862
"cg_vq_v",65935.3,-10.2746
"cg_vq_v",65935.3,-10.1001
"cg_vq_v",65935.3,-10.0562
"cg_vq_v",65935.4,-10.1672
"cg_vq_v",65935.4,-10.2994
"cg_vq_v",65935.4,-10.1262
"cg_vq_v",65935.4,-10.2383
"cg_vq_v",65935.4,-9.94859
"cg_vq_v",65935.4,-10.1361
"cg_vq_v",65935.4,-10.0874
"cg_vq_v",65935.4,-10.3397
"cg_vq_v",65935.4,-9.90819
"cg_vq_v",65935.4,-10.28
"cg_vq_v",65935.4,-10.1211
"cg_vq_v",65935.4,-10.103
"cg_vq_v",65935.5,-10.183
"cg_vq_v",65935.5,-10.287
"cg_vq_v",65935.5,-10.1546
"cg_vq_v",65935.5,-10.2379
"cg_vq_v",65935.5,-9.91243
"cg_vq_v",65935.5,-10.1274
"cg_vq_v",65935.5,-10.2078
"cg_vq_v",65935.5,-10.3006
"cg_vq_v",65935.5,-9.9196
"cg_vq_v",65935.5,-10.2623
"cg_vq_v",65935.5,-10.0682
"cg_vq_v",65935.6,-10.0233
"cg_vq_v",65935.6,-10.2573
"cg_vq_v",65935.6,-10.1463
"cg_vq_v",65935.6,-10.1569
"cg_vq_v",65935.6,-10.1991
"cg_vq_v",65935.6,-9.97146
"cg_vq_v",65935.6,-10.0649
"cg_vq_v",65935.6,-10.1666
"cg_vq_v",65935.6,-10.1824
"cg_vq_v",65935.6,-9.95409
"cg_vq_v",65935.7,-10.2271
"cg_vq_v",65935.7,-10.1793
"cg_vq_v",65935.7,-10.057
"cg_vq_v",65935.7,-10.3301
"cg_vq_v",65935.7,-10.1626
"cg_vq_v",65935.7,-10.1415
"cg_vq_v",65935.7,-10.2008
"cg_vq_v",65935.7,-9.93788
"cg_vq_v",65935.7,-10.0335
"cg_vq_v",65935.7,-10.2545
"cg_vq_v",65935.8,-10.2264
"cg_vq_v",65935.8,-9.96278
"cg_vq_v",65935.8,-10.1392
"cg_vq_v",65935.8,-10.1779
"cg_vq_v",65935.8,-10.1276
"cg_vq_v",65935.8,-10.4333
"cg_vq_v",65935.8,-10.0562
"cg_vq_v",65935.8,-10.1932
"cg_vq_v",65935.8,-10.2448
"cg_vq_v",65935.8,-10.021
"cg_vq_v",65935.8,-10.0769
"cg_vq_v",65935.9,-10.2305
"cg_vq_v",65935.9,-10.1352
"cg_vq_v",65935.9,-10.0394
"cg_vq_v",65935.9,-10.107
"cg_vq_v",65935.9,-10.1752
"cg_vq_v",65935.9,-10.0789
"cg_vq_v",65935.9,-10.357
"cg_vq_v",65935.9,-9.98508
"cg_vq_v",65935.9,-10.2773
"cg_vq_v",65935.9,-10.208
"cg_vq_v",65936,-10.0872
"cg_vq_v",65936,-10.0742
"cg_vq_v",65936,-10.2511
"cg_vq_v",65936,-10.0874
"cg_vq_v",65936,-10.1401
"cg_vq_v",65936,-10.0423
"cg_vq_v",65936,-10.2815
"cg_vq_v",65936,-10.1272
"cg_vq_v",65936,-10.3926
"cg_vq_v",65936,-10.1066
"cg_vq_v",65936.1,-10.3982
"cg_vq_v",65936.1,-10.1831
"cg_vq_v",65936.1,-10.1025
"cg_vq_v",65936.1,-10.0335
"cg_vq_v",65936.1,-10.1835
"cg_vq_v",65936.1,-10.1362
"cg_vq_v",65936.1,-10.2112
"cg_vq_v",65936.1,-9.98317
"cg_vq_v",65936.1,-10.2626
"cg_vq_v",65936.1,-10.1238
"cg_vq_v",65936.1,-10.4167
"cg_vq_v",65936.2,-9.93822
"cg_vq_v",65936.2,-10.3443
"cg_vq_v",65936.2,-10.1619
"cg_vq_v",65936.2,-10.1225
"cg_vq_v",65936.2,-10.0222
"cg_vq_v",65936.2,-10.0752
"cg_vq_v",65936.2,-10.0868
"cg_vq_v",65936.2,-10.1744
"cg_vq_v",65936.2,-10.0552
"cg_vq_v",65936.2,-10.2796
"cg_vq_v",65936.3,-10.1253
"cg_vq_v",65936.3,-10.3682
"cg_vq_v",65936.3,-10.009
"cg_vq_v",65936.3,-10.2779
"cg_vq_v",65936.3,-10.1748
"cg_vq_v",65936.3,-10.0593
"cg_vq_v",65936.3,-10.0723
"cg_vq_v",65936.3,-10.0818
"cg_vq_v",65936.3,-10.1566
"cg_vq_v",65936.4,-10.18
"cg_vq_v",65936.4,-9.94684
"cg_vq_v",65936.4,-10.2134
"cg_vq_v",65936.4,-10.1156
"cg_vq_v",65936.4,-10.3773
"cg_vq_v",65936.4,-10.0871
"cg_vq_v",65936.4,-10.2878
"cg_vq_v",65936.4,-10.1303
"cg_vq_v",65936.4,-10.1012
"cg_vq_v",65936.4,-10.1052
"cg_vq_v",65936.5,-10.1688
"cg_vq_v",65936.5,-10.122
"cg_vq_v",65936.5,-10.1237
"cg_vq_v",65936.5,-9.9616
"cg_vq_v",65936.5,-10.1543
"cg_vq_v",65936.5,-10.1817
"cg_vq_v",65936.5,-10.2303
"cg_vq_v",65936.5,-10.1702
"cg_vq_v",65936.5,-10.2304
"cg_vq_v",65936.5,-10.2673
"cg_vq_v",65936.6,-10.1259
"cg_vq_v",65936.6,-10.2639
"cg_vq_v",65936.6,-10.0493
"cg_vq_v",65936.6,-10.2424
"cg_vq_v",65936.6,-10.1696
"cg_vq_v",65936.6,-10.1382
"cg_vq_v",65936.6,-10.1749
"cg_vq_v",65936.6,-10.1566
"cg_vq_v",65936.6,-10.176
"cg_vq_v",65936.6,-10.1683
"cg_vq_v",65936.7,-10.232
"vdc_v",65926.6,49.268
"vdc_v",65926.6,49.268
"vdc_v",65926.6,49.7079
"vdc_v",65926.6,49.7079
"vdc_v",65926.6,49.268
"vdc_v",65926.6,49.268
"vdc_v",65926.6,49.268
"vdc_v",65926.7,49.268
"vdc_v",65926.7,49.7079
"vdc_v",65926.7,49.7079
"vdc_v",65926.7,49.268
"vdc_v",65926.7,49.268
"vdc_v",65926.7,49.268
"vdc_v",65926.7,49.268
"vdc_v",65926.7,49.7079
"vdc_v",65926.7,49.7079
"vdc_v",65926.7,49.268
"vdc_v",65926.8,49.268
"vdc_v",65926.8,49.268
"vdc_v",65926.8,49.268
"vdc_v",65926.8,49.7079
"vdc_v",65926.8,49.7079
"vdc_v",65926.8,49.268
"vdc_v",65926.8,49.268
"vdc_v",65926.8,49.268
"vdc_v",65926.8,49.268
"vdc_v",65926.8,49.7079
"vdc_v",65926.9,49.7079
"vdc_v",65926.9,49.7079
"vdc_v",65926.9,49.268
"vdc_v",65926.9,49.268
"vdc_v",65926.9,49.268
"vdc_v",65926.9,49.7079
"vdc_v",65926.9,49.7079
"vdc_v",65926.9,49.268
"vdc_v",65926.9,49.268
"vdc_v",65926.9,49.268
"vdc_v",65927,49.268
"vdc_v",65927,49.7079
"vdc_v",65927,49.7079
"vdc_v",65927,49.7079
"vdc_v",65927,49.268
"vdc_v",65927,49.268
"vdc_v",65927,49.268
"vdc_v",65927,49.7079
"vdc_v",65927,49.7079
"vdc_v",65927,49.268
"vdc_v",65927.1,49.268
"vdc_v",65927.1,49.268
"vdc_v",65927.1,49.268
"vdc_v",65927.1,49.7079
"vdc_v",65927.1,49.7079
"vdc_v",65927.1,49.7079
"vdc_v",65927.1,49.268
"vdc_v",65927.1,49.268
"vdc_v",65927.1,49.268
"vdc_v",65927.1,49.7079
"vdc_v",65927.2,49.7079
"vdc_v",65927.2,49.268
"vdc_v",65927.2,49.268
"vdc_v",65927.2,49.268
"vdc_v",65927.2,49.268
"vdc_v",65927.2,49.7079
"vdc_v",65927.2,49.7079
"vdc_v",65927.2,49.7079
"vdc_v",65927.2,49.268
"vdc_v",65927.2,49.268
"vdc_v",65927.2,49.268
"vdc_v",65927.3,49.7079
"vdc_v",65927.3,49.7079
"vdc_v",65927.3,49.7079
"vdc_v",65927.3,49.268
"vdc_v",65927.3,49.268
"vdc_v",65927.3,49.268
"vdc_v",65927.3,49.7079
"vdc_v",65927.3,49.7079
"vdc_v",65927.3,49.7079
"vdc_v",65927.3,49.268
"vdc_v",65927.4,49.268
"vdc_v",65927.4,49.268
"vdc_v",65927.4,49.268
"vdc_v",65927.4,49.7079
"vdc_v",65927.4,49.7079
"vdc_v",65927.4,49.268
"vdc_v",65927.4,49.268
"vdc_v",65927.4,49.268
"vdc_v",65927.4,49.7079
"vdc_v",65927.4,49.7079
"vdc_v",65927.5,49.268
"vdc_v",65927.5,49.268
"vdc_v",65927.5,49.268
"vdc_v",65927.5,49.268
"vdc_v",65927.5,49.7079
"vdc_v",65927.5,49.7079
"vdc_v",65927.5,49.7079
"vdc_v",65927.5,49.268
"vdc_v",65927.5,49.268
"vdc_v",65927.5,49.268
"vdc_v",65927.6,49.7079
"vdc_v",65927.6,49.7079
"vdc_v",65927.6,49.7079
"vdc_v",65927.6,49.268
"vdc_v",65927.6,49.268
"vdc_v",65927.6,49.268
"vdc_v",65927.6,49.268
"vdc_v",65927.6,49.7079
"vdc_v",65927.6,49.268
"vdc_v",65927.6,49.268
"vdc_v",65927.7,49.268
"vdc_v",65927.7,49.268
"vdc_v",65927.7,49.7079
"vdc_v",65927.7,49.7079
"vdc_v",65927.7,49.7079
"vdc_v",65927.7,49.268
"vdc_v",65927.7,49.268
"vdc_v",65927.7,49.268
"vdc_v",65927.7,49.268
"vdc_v",65927.7,49.7079
"vdc_v",65927.8,49.7079
"vdc_v",65927.8,49.268
"vdc_v",65927.8,49.268
"vdc_v",65927.8,49.268
"vdc_v",65927.8,49.7079
"vdc_v",65927.8,49.7079
"vdc_v",65927.8,49.7079
"vdc_v",65927.8,49.268
"vdc_v",65927.8,49.268
"vdc_v",65927.8,49.268
"vdc_v",65927.9,49.268
"vdc_v",65927.9,49.7079
"vdc_v",65927.9,49.268
"vdc_v",65927.9,49.268
"vdc_v",65927.9,49.268
"vdc_v",65927.9,49.268
"vdc_v",65927.9,49.7079
"vdc_v",65927.9,49.7079
"vdc_v",65927.9,49.7079
"vdc_v",65927.9,49.268
"vdc_v",65928,49.268
"vdc_v",65928,49.268
"vdc_v",65928,49.268
"vdc_v",65928,49.7079
"vdc_v",65928,49.7079
"vdc_v",65928,49.268
"vdc_v",65928,49.268
"vdc_v",65928,49.268
"vdc_v",65928,49.7079
"vdc_v",65928,49.7079
"vdc_v",65928.1,49.7079
"vdc_v",65928.1,49.268
"vdc_v",65928.1,49.268
"vdc_v",65928.1,49.268
"vdc_v",65928.1,49.7079
"vdc_v",65928.1,49.7079
"vdc_v",65928.1,49.7079
"vdc_v",65928.1,49.268
"vdc_v",65928.1,49.268
"vdc_v",65928.1,49.268
"vdc_v",65928.2,49.7079
"vdc_v",65928.2,49.7079
"vdc_v",65928.2,49.7079
"vdc_v",65928.2,49.268
"vdc_v",65928.2,49.268
"vdc_v",65928.2,49.268
"vdc_v",65928.2,49.268
"vdc_v",65928.2,49.7079
"vdc_v",65928.2,49.268
"vdc_v",65928.2,49.268
"vdc_v",65928.2,49.268
"vdc_v",65928.3,49.268
"vdc_v",65928.3,49.7079
"vdc_v",65928.3,49.7079
"vdc_v",65928.3,49.7079
"vdc_v",65928.3,49.268
"vdc_v",65928.3,49.268
"vdc_v",65928.3,49.268
"vdc_v",65928.3,49.268
"vdc_v",65928.3,49.7079
"vdc_v",65928.4,49.7079
"vdc_v",65928.4,49.268
"vdc_v",65928.4,49.268
"vdc_v",65928.4,49.268
"vdc_v",65928.4,49.7079
"vdc_v",65928.4,49.7079
"vdc_v",65928.4,49.268
"vdc_v",65928.4,49.268
"vdc_v",65928.4,48.8281
"vdc_v",65928.4,49.268
"vdc_v",65928.4,49.268
"vdc_v",65928.5,49.7079
"vdc_v",65928.5,49.7079
"vdc_v",65928.5,49.268
"vdc_v",65928.5,49.268
"vdc_v",65928.5,49.268
"vdc_v",65928.5,49.7079
"vdc_v",65928.5,49.7079
"vdc_v",65928.5,49.268
"vdc_v",65928.5,49.268
"vdc_v",65928.5,49.268
"vdc_v",65928.6,49.268
"vdc_v",65928.6,49.7079
"vdc_v",65928.6,49.7079
"vdc_v",65928.6,49.268
"vdc_v",65928.6,49.268
"vdc_v",65928.6,48.8281
"vdc_v",65928.6,49.268
"vdc_v",65928.6,49.7079
"vdc_v",65928.6,49.7079
"vdc_v",65928.6,49.7079
"vdc_v",65928.7,49.268
"vdc_v",65928.7,49.268
"vdc_v",65928.7,49.268
"vdc_v",65928.7,49.268
"vdc_v",65928.7,49.7079
"vdc_v",65928.7,49.7079
"vdc_v",65928.7,49.268
"vdc_v",65928.7,49.268
"vdc_v",65928.7,49.268
"vdc_v",65928.8,49.7079
"vdc_v",65928.8,49.7079
"vdc_v",65928.8,49.7079
"vdc_v",65928.8,49.268
"vdc_v",65928.8,49.268
"vdc_v",65928.8,49.268
"vdc_v",65928.8,49.268
"vdc_v",65928.8,49.7079
"vdc_v",65928.8,49.7079
"vdc_v",65928.8,49.268
"vdc_v",65928.8,49.268
"vdc_v",65928.9,49.268
"vdc_v",65928.9,49.7079
"vdc_v",65928.9,49.7079
"vdc_v",65928.9,49.7079
"vdc_v",65928.9,49.268
"vdc_v",65928.9,49.268
"vdc_v",65928.9,49.268
"vdc_v",65928.9,49.268
"vdc_v",65928.9,49.7079
"vdc_v",65928.9,49.7079
"vdc_v",65929,49.268
"vdc_v",65929,49.268
"vdc_v",65929,49.268
"vdc_v",65929,49.7079
"vdc_v",65929,49.7079
"vdc_v",65929,49.7079
"vdc_v",65929,49.268
"vdc_v",65929,49.268
"vdc_v",65929,49.268
"vdc_v",65929,49.268
"vdc_v",65929.1,49.7079
"vdc_v",65929.1,49.7079
"vdc_v",65929.1,49.268
"vdc_v",65929.1,49.268
"vdc_v",65929.1,49.268
"vdc_v",65929.1,49.7079
"vdc_v",65929.1,49.7079
"vdc_v",65929.1,49.7079
"vdc_v",65929.1,49.268
"vdc_v",65929.1,49.268
"vdc_v",65929.2,49.268
"vdc_v",65929.2,49.268
"vdc_v",65929.2,49.7079
"vdc_v",65929.2,49.7079
"vdc_v",65929.2,49.268
"vdc_v",65929.2,49.268
"vdc_v",65929.2,49.268
"vdc_v",65929.2,49.7079
"vdc_v",65929.2,49.7079
"vdc_v",65929.2,49.7079
"vdc_v",65929.3,49.268
"vdc_v",65929.3,49.268
"vdc_v",65929.3,49.268
"vdc_v",65929.3,49.7079
"vdc_v",65929.3,49.7079
"vdc_v",65929.3,49.7079
"vdc_v",65929.3,49.268
"vdc_v",65929.3,49.268
"vdc_v",65929.3,49.268
"vdc_v",65929.3,49.7079
"vdc_v",65929.4,49.7079
"vdc_v",65929.4,49.7079
"vdc_v",65929.4,49.268
"vdc_v",65929.4,49.268
"vdc_v",65929.4,49.268
"vdc_v",65929.4,49.268
"vdc_v",65929.4,49.7079
"vdc_v",65929.4,49.7079
"vdc_v",65929.4,49.268
"vdc_v",65929.4,49.268
"vdc_v",65929.5,49.268
"vdc_v",65929.5,49.7079
"vdc_v",65929.5,49.268
"vdc_v",65929.5,49.7079
"vdc_v",65929.5,49.268
"vdc_v",65929.5,48.8281
"vdc_v",65929.5,49.268
"vdc_v",65929.5,49.268
"vdc_v",65929.5,49.7079
"vdc_v",65929.5,49.7079
"vdc_v",65929.6,49.268
"vdc_v",65929.6,49.268
"vdc_v",65929.6,49.268
"vdc_v",65929.6,49.7079
"vdc_v",65929.6,49.7079
"vdc_v",65929.6,49.7079
"vdc_v",65929.6,49.268
"vdc_v",65929.6,49.268
"vdc_v",65929.6,49.268
"vdc_v",65929.6,49.268
"vdc_v",65929.7,49.7079
"vdc_v",65929.7,49.7079
"vdc_v",65929.7,49.268
"vdc_v",65929.7,49.268
"vdc_v",65929.7,49.268
"vdc_v",65929.7,49.7079
"vdc_v",65929.7,49.7079
"vdc_v",65929.7,49.7079
"vdc_v",65929.7,49.268
"vdc_v",65929.8,49.268
"vdc_v",65929.8,49.268
"vdc_v",65929.8,49.7079
"vdc_v",65929.8,49.7079
"vdc_v",65929.8,49.7079
"vdc_v",65929.8,49.268
"vdc_v",65929.8,49.268
"vdc_v",65929.8,49.268
"vdc_v",65929.8,49.7079
"vdc_v",65929.8,49.7079
"vdc_v",65929.8,49.7079
"vdc_v",65929.9,49.268
"vdc_v",65929.9,49.268
"vdc_v",65929.9,49.268
"vdc_v",65929.9,49.268
"vdc_v",65929.9,49.7079
"vdc_v",65929.9,49.7079
"vdc_v",65929.9,49.268
"vdc_v",65929.9,49.268
"vdc_v",65929.9,49.268
"vdc_v",65929.9,49.7079
"vdc_v",65930,49.7079
"vdc_v",65930,49.7079
"vdc_v",65930,49.268
"vdc_v",65930,49.268
"vdc_v",65930,49.268
"vdc_v",65930,49.7079
"vdc_v",65930,49.7079
"vdc_v",65930,49.7079
"vdc_v",65930,49.268
"vdc_v",65930,49.268
"vdc_v",65930.1,49.268
"vdc_v",65930.1,49.7079
"vdc_v",65930.1,49.7079
"vdc_v",65930.1,49.268
"vdc_v",65930.1,49.268
"vdc_v",65930.1,49.268
"vdc_v",65930.1,49.268
"vdc_v",65930.1,49.7079
"vdc_v",65930.1,49.7079
"vdc_v",65930.1,49.7079
"vdc_v",65930.2,49.268
"vdc_v",65930.2,49.268
"vdc_v",65930.2,49.268
"vdc_v",65930.2,49.7079
"vdc_v",65930.2,49.7079
"vdc_v",65930.2,49.7079
"vdc_v",65930.2,49.268
"vdc_v",65930.2,49.268
"vdc_v",65930.2,49.268
"vdc_v",65930.2,49.7079
"vdc_v",65930.3,49.7079
"vdc_v",65930.3,49.7079
"vdc_v",65930.3,49.268
"vdc_v",65930.3,49.268
"vdc_v",65930.3,49.268
"vdc_v",65930.3,49.7079
"vdc_v",65930.3,49.7079
"vdc_v",65930.3,49.7079
"vdc_v",65930.3,49.268
"vdc_v",65930.4,49.268
"vdc_v",65930.4,49.268
"vdc_v",65930.4,49.7079
"vdc_v",65930.4,49.7079
"vdc_v",65930.4,49.7079
"vdc_v",65930.4,49.268
"vdc_v",65930.4,49.268
"vdc_v",65930.4,49.268
"vdc_v",65930.4,49.7079
"vdc_v",65930.4,49.7079
"vdc_v",65930.4,49.7079
"vdc_v",65930.5,49.268
"vdc_v",65930.5,49.268
"vdc_v",65930.5,49.268
"vdc_v",65930.5,49.268
"vdc_v",65930.5,49.7079
"vdc_v",65930.5,49.7079
"vdc_v",65930.5,49.268
"vdc_v",65930.5,49.268
"vdc_v",65930.5,49.268
"vdc_v",65930.5,49.7079
"vdc_v",65930.6,49.7079
"vdc_v",65930.6,49.7079
"vdc_v",65930.6,49.268
"vdc_v",65930.6,49.268
"vdc_v",65930.6,49.268
"vdc_v",65930.6,49.7079
"vdc_v",65930.6,49.7079
"vdc_v",65930.6,49.7079
"vdc_v",65930.6,49.268
"vdc_v",65930.6,49.268
"vdc_v",65930.7,49.268
"vdc_v",65930.7,49.7079
"vdc_v",65930.7,49.7079
"vdc_v",65930.7,49.268
"vdc_v",65930.7,49.268
"vdc_v",65930.7,49.268
"vdc_v",65930.7,49.268
"vdc_v",65930.7,49.7079
"vdc_v",65930.7,49.7079
"vdc_v",65930.8,49.7079
"vdc_v",65930.8,49.268
"vdc_v",65930.8,49.268
"vdc_v",65930.8,49.268
"vdc_v",65930.8,49.7079
"vdc_v",65930.8,49.7079
"vdc_v",65930.8,49.7079
"vdc_v",65930.8,49.268
"vdc_v",65930.8,48.8281
"vdc_v",65930.8,49.268
"vdc_v",65930.8,49.7079
"vdc_v",65930.9,49.7079
"vdc_v",65930.9,49.7079
"vdc_v",65930.9,49.268
"vdc_v",65930.9,49.268
"vdc_v",65930.9,49.268
"vdc_v",65930.9,49.7079
"vdc_v",65930.9,49.7079
"vdc_v",65930.9,49.7079
"vdc_v",65930.9,49.268
"vdc_v",65930.9,49.268
"vdc_v",65931,49.268
"vdc_v",65931,49.268
"vdc_v",65931,49.7079
"vdc_v",65931,49.7079
"vdc_v",65931,49.268
"vdc_v",65931,49.268
"vdc_v",65931,49.268
"vdc_v",65931,49.7079
"vdc_v",65931,49.7079
"vdc_v",65931,49.7079
"vdc_v",65931.1,49.268
"vdc_v",65931.1,49.268
"vdc_v",65931.1,49.268
"vdc_v",65931.1,49.268
"vdc_v",65931.1,49.7079
"vdc_v",65931.1,49.7079
"vdc_v",65931.1,49.268
"vdc_v",65931.1,49.268
"vdc_v",65931.1,49.268
"vdc_v",65931.1,49.7079
"vdc_v",65931.2,49.7079
"vdc_v",65931.2,49.7079
"vdc_v",65931.2,49.268
"vdc_v",65931.2,49.268
"vdc_v",65931.2,49.268
"vdc_v",65931.2,49.7079
"vdc_v",65931.2,49.7079
"vdc_v",65931.2,49.7079
"vdc_v",65931.2,49.268
"vdc_v",65931.2,49.268
"vdc_v",65931.3,49.268
"vdc_v",65931.3,49.7079
"vdc_v",65931.3,49.7079
"vdc_v",65931.3,49.268
"vdc_v",65931.3,49.268
"vdc_v",65931.3,49.268
"vdc_v",65931.3,49.268
"vdc_v",65931.3,49.7079
"vdc_v",65931.3,49.7079
"vdc_v",65931.3,49.7079
"vdc_v",65931.4,49.268
"vdc_v",65931.4,49.268
"vdc_v",65931.4,49.268
"vdc_v",65931.4,49.7079
"vdc_v",65931.4,49.7079
"vdc_v",65931.4,49.268
"vdc_v",65931.4,49.268
"vdc_v",65931.4,49.268
"vdc_v",65931.4,49.268
"vdc_v",65931.4,49.7079
"vdc_v",65931.5,49.7079
"vdc_v",65931.5,49.7079
"vdc_v",65931.5,49.268
"vdc_v",65931.5,49.268
"vdc_v",65931.5,49.268
"vdc_v",65931.5,49.7079
"vdc_v",65931.5,49.7079
"vdc_v",65931.5,49.7079
"vdc_v",65931.5,49.268
"vdc_v",65931.5,49.268
"vdc_v",65931.6,49.268
"vdc_v",65931.6,49.7079
"vdc_v",65931.6,49.7079
"vdc_v",65931.6,49.7079
"vdc_v",65931.6,49.268
"vdc_v",65931.6,49.268
"vdc_v",65931.6,49.268
"vdc_v",65931.6,49.7079
"vdc_v",65931.6,49.7079
"vdc_v",65931.6,49.268
"vdc_v",65931.7,49.268
"vdc_v",65931.7,49.268
"vdc_v",65931.7,49.268
"vdc_v",65931.7,49.7079
"vdc_v",65931.7,49.7079
"vdc_v",65931.7,49.7079
"vdc_v",65931.7,49.268
"vdc_v",65931.7,49.268
"vdc_v",65931.7,49.268
"vdc_v",65931.8,49.7079
"vdc_v",65931.8,49.7079
"vdc_v",65931.8,49.268
"vdc_v",65931.8,49.268
"vdc_v",65931.8,49.268
"vdc_v",65931.8,49.268
"vdc_v",65931.8,49.7079
"vdc_v",65931.8,49.7079
"vdc_v",65931.8,49.7079
"vdc_v",65931.8,49.268
"vdc_v",65931.8,49.268
"vdc_v",65931.9,49.268
"vdc_v",65931.9,49.7079
"vdc_v",65931.9,49.7079
"vdc_v",65931.9,49.7079
"vdc_v",65931.9,49.268
"vdc_v",65931.9,49.268
"vdc_v",65931.9,49.268
"vdc_v",65931.9,49.7079
"vdc_v",65931.9,49.7079
"vdc_v",65931.9,49.7079
"vdc_v",65932,49.268
"vdc_v",65932,49.268
"vdc_v",65932,49.268
"vdc_v",65932,49.7079
"vdc_v",65932,49.7079
"vdc_v",65932,49.7079
"vdc_v",65932,49.268
"vdc_v",65932,49.268
"vdc_v",65932,49.268
"vdc_v",65932,49.7079
"vdc_v",65932.1,49.268
"vdc_v",65932.1,49.7079
"vdc_v",65932.1,49.268
"vdc_v",65932.1,49.268
"vdc_v",65932.1,49.268
"vdc_v",65932.1,49.268
"vdc_v",65932.1,49.7079
"vdc_v",65932.1,49.7079
"vdc_v",65932.1,49.268
"vdc_v",65932.1,49.268
"vdc_v",65932.2,49.268
"vdc_v",65932.2,49.7079
"vdc_v",65932.2,49.7079
"vdc_v",65932.2,49.7079
"vdc_v",65932.2,49.268
"vdc_v",65932.2,49.268
"vdc_v",65932.2,49.268
"vdc_v",65932.2,49.7079
"vdc_v",65932.2,49.7079
"vdc_v",65932.2,49.7079
"vdc_v",65932.3,49.268
"vdc_v",65932.3,49.268
"vdc_v",65932.3,49.268
"vdc_v",65932.3,49.7079
"vdc_v",65932.3,49.7079
"vdc_v",65932.3,49.7079
"vdc_v",65932.3,49.268
"vdc_v",65932.3,49.268
"vdc_v",65932.3,49.268
"vdc_v",65932.4,49.7079
"vdc_v",65932.4,49.268
"vdc_v",65932.4,49.7079
"vdc_v",65932.4,49.268
"vdc_v",65932.4,49.268
"vdc_v",65932.4,49.268
"vdc_v",65932.4,49.7079
"vdc_v",65932.4,49.7079
"vdc_v",65932.4,49.7079
"vdc_v",65932.4,49.268
"vdc_v",65932.5,49.268
"vdc_v",65932.5,49.268
"vdc_v",65932.5,49.7079
"vdc_v",65932.5,49.7079
"vdc_v",65932.5,49.7079
"vdc_v",65932.5,49.268
"vdc_v",65932.5,49.268
"vdc_v",65932.5,49.268
"vdc_v",65932.5,49.7079
"vdc_v",65932.5,49.7079
"vdc_v",65932.5,49.7079
"vdc_v",65932.6,49.268
"vdc_v",65932.6,49.268
"vdc_v",65932.6,49.268
"vdc_v",65932.6,49.268
"vdc_v",65932.6,49.7079
"vdc_v",65932.6,49.268
"vdc_v",65932.6,49.268
"vdc_v",65932.6,49.268
"vdc_v",65932.6,49.268
"vdc_v",65932.6,49.7079
"vdc_v",65932.7,49.7079
"vdc_v",65932.7,49.7079
"vdc_v",65932.7,49.268
"vdc_v",65932.7,49.268
"vdc_v",65932.7,49.268
"vdc_v",65932.7,49.7079
"vdc_v",65932.7,49.7079
"vdc_v",65932.7,49.7079
"vdc_v",65932.7,49.268
"vdc_v",65932.8,49.268
"vdc_v",65932.8,49.268
"vdc_v",65932.8,49.7079
"vdc_v",65932.8,49.7079
"vdc_v",65932.8,49.7079
"vdc_v",65932.8,49.268
"vdc_v",65932.8,49.268
"vdc_v",65932.8,49.268
"vdc_v",65932.8,49.7079
"vdc_v",65932.8,49.7079
"vdc_v",65932.9,49.7079
"vdc_v",65932.9,49.268
"vdc_v",65932.9,49.268
"vdc_v",65932.9,49.268
"vdc_v",65932.9,49.7079
"vdc_v",65932.9,49.7079
"vdc_v",65932.9,49.7079
"vdc_v",65932.9,49.268
"vdc_v",65932.9,49.268
"vdc_v",65932.9,49.268
"vdc_v",65932.9,49.7079
"vdc_v",65933,49.7079
"vdc_v",65933,49.7079
"vdc_v",65933,49.268
"vdc_v",65933,49.268
"vdc_v",65933,49.268
"vdc_v",65933,49.7079
"vdc_v",65933,49.7079
"vdc_v",65933,49.7079
"vdc_v",65933,49.268
"vdc_v",65933,49.268
"vdc_v",65933.1,49.268
"vdc_v",65933.1,49.7079
"vdc_v",65933.1,49.7079
"vdc_v",65933.1,49.268
"vdc_v",65933.1,49.268
"vdc_v",65933.1,49.268
"vdc_v",65933.1,49.268
"vdc_v",65933.1,49.7079
"vdc_v",65933.1,49.7079
"vdc_v",65933.1,49.7079
"vdc_v",65933.2,49.268
"vdc_v",65933.2,49.268
"vdc_v",65933.2,49.268
"vdc_v",65933.2,49.7079
"vdc_v",65933.2,49.7079
"vdc_v",65933.2,49.7079
"vdc_v",65933.2,49.268
"vdc_v",65933.2,49.268
"vdc_v",65933.2,49.268
"vdc_v",65933.2,49.7079
"vdc_v",65933.3,49.268
"vdc_v",65933.3,49.7079
"vdc_v",65933.3,49.268
"vdc_v",65933.3,49.268
"vdc_v",65933.3,49.268
"vdc_v",65933.3,49.7079
"vdc_v",65933.3,49.7079
"vdc_v",65933.3,49.268
"vdc_v",65933.3,49.268
"vdc_v",65933.4,49.268
"vdc_v",65933.4,49.268
"vdc_v",65933.4,49.7079
"vdc_v",65933.4,49.7079
"vdc_v",65933.4,49.7079
"vdc_v",65933.4,49.268
"vdc_v",65933.4,49.268
"vdc_v",65933.4,49.268
"vdc_v",65933.4,49.7079
"vdc_v",65933.4,49.7079
"vdc_v",65933.5,49.7079
"vdc_v",65933.5,49.268
"vdc_v",65933.5,49.268
"vdc_v",65933.5,49.268
"vdc_v",65933.5,49.7079
"vdc_v",65933.5,49.7079
"vdc_v",65933.5,49.7079
"vdc_v",65933.5,49.268
"vdc_v",65933.5,49.268
"vdc_v",65933.5,49.268
"vdc_v",65933.6,49.7079
"vdc_v",65933.6,49.7079
"vdc_v",65933.6,49.7079
"vdc_v",65933.6,49.268
"vdc_v",65933.6,49.268
"vdc_v",65933.6,49.268
"vdc_v",65933.6,49.7079
"vdc_v",65933.6,49.268
"vdc_v",65933.6,49.7079
"vdc_v",65933.6,49.268
"vdc_v",65933.7,49.268
"vdc_v",65933.7,49.268
"vdc_v",65933.7,49.268
"vdc_v",65933.7,49.7079
"vdc_v",65933.7,49.7079
"vdc_v",65933.7,49.268
"vdc_v",65933.7,49.268
"vdc_v",65933.7,49.268
"vdc_v",65933.7,49.7079
"vdc_v",65933.7,49.7079
"vdc_v",65933.8,49.7079
"vdc_v",65933.8,49.268
"vdc_v",65933.8,49.268
"vdc_v",65933.8,49.268
"vdc_v",65933.8,49.268
"vdc_v",65933.8,49.268
"vdc_v",65933.8,49.7079
"vdc_v",65933.8,49.268
"vdc_v",65933.8,49.268
"vdc_v",65933.8,49.268
"vdc_v",65933.9,49.7079
"vdc_v",65933.9,49.7079
"vdc_v",65933.9,49.7079
"vdc_v",65933.9,49.268
"vdc_v",65933.9,49.268
"vdc_v",65933.9,49.268
"vdc_v",65933.9,49.7079
"vdc_v",65933.9,49.7079
"vdc_v",65933.9,49.7079
"vdc_v",65933.9,49.268
"vdc_v",65934,49.268
"vdc_v",65934,49.268
"vdc_v",65934,49.7079
"vdc_v",65934,49.7079
"vdc_v",65934,49.7079
"vdc_v",65934,49.268
"vdc_v",65934,49.268
"vdc_v",65934,49.268
"vdc_v",65934,49.7079
"vdc_v",65934,49.7079
"vdc_v",65934.1,49.7079
"vdc_v",65934.1,49.268
"vdc_v",65934.1,49.268
"vdc_v",65934.1,49.268
"vdc_v",65934.1,49.7079
"vdc_v",65934.1,49.7079
"vdc_v",65934.1,49.7079
"vdc_v",65934.1,49.268
"vdc_v",65934.1,49.268
"vdc_v",65934.1,49.268
"vdc_v",65934.2,49.268
"vdc_v",65934.2,49.7079
"vdc_v",65934.2,49.268
"vdc_v",65934.2,49.268
"vdc_v",65934.2,49.268
"vdc_v",65934.2,49.268
"vdc_v",65934.2,49.7079
"vdc_v",65934.2,49.7079
"vdc_v",65934.2,49.7079
"vdc_v",65934.2,49.268
"vdc_v",65934.2,48.8281
"vdc_v",65934.3,49.268
"vdc_v",65934.3,49.7079
"vdc_v",65934.3,49.7079
"vdc_v",65934.3,49.7079
"vdc_v",65934.3,49.268
"vdc_v",65934.3,49.268
"vdc_v",65934.3,49.268
"vdc_v",65934.3,49.7079
"vdc_v",65934.4,49.7079
"vdc_v",65934.4,49.7079
"vdc_v",65934.4,49.268
"vdc_v",65934.4,49.268
"vdc_v",65934.4,49.268
"vdc_v",65934.4,49.7079
"vdc_v",65934.4,49.7079
"vdc_v",65934.4,49.7079
"vdc_v",65934.4,49.268
"vdc_v",65934.4,49.268
"vdc_v",65934.4,49.268
"vdc_v",65934.5,49.7079
"vdc_v",65934.5,49.7079
"vdc_v",65934.5,49.7079
"vdc_v",65934.5,49.268
"vdc_v",65934.5,49.268
"vdc_v",65934.5,49.268
"vdc_v",65934.5,49.7079
"vdc_v",65934.5,49.268
"vdc_v",65934.5,49.7079
"vdc_v",65934.5,49.268
"vdc_v",65934.6,49.268
"vdc_v",65934.6,49.268
"vdc_v",65934.6,49.7079
"vdc_v",65934.6,49.7079
"vdc_v",65934.6,49.268
"vdc_v",65934.6,49.268
"vdc_v",65934.6,49.268
"vdc_v",65934.6,49.268
"vdc_v",65934.6,49.7079
"vdc_v",65934.6,49.7079
"vdc_v",65934.7,49.7079
"vdc_v",65934.7,49.268
"vdc_v",65934.7,49.268
"vdc_v",65934.7,49.268
"vdc_v",65934.7,49.7079
"vdc_v",65934.7,49.7079
"vdc_v",65934.7,49.268
"vdc_v",65934.8,49.268
"vdc_v",65934.8,49.268
"vdc_v",65934.8,49.268
"vdc_v",65934.8,49.7079
"vdc_v",65934.8,49.7079
"vdc_v",65934.8,49.7079
"vdc_v",65934.8,49.268
"vdc_v",65934.8,49.268
"vdc_v",65934.9,49.268
"vdc_v",65934.9,49.7079
"vdc_v",65934.9,49.7079
"vdc_v",65934.9,49.7079
"vdc_v",65934.9,49.268
"vdc_v",65934.9,49.268
"vdc_v",65935,49.268
"vdc_v",65935,49.7079
"vdc_v",65935,49.7079
"vdc_v",65935,49.7079
"vdc_v",65935,49.268
"vdc_v",65935,49.268
"vdc_v",65935,49.7079
"vdc_v",65935.1,49.268
"vdc_v",65935.1,49.268
"vdc_v",65935.1,49.268
"vdc_v",65935.1,49.7079
"vdc_v",65935.1,49.268
"vdc_v",65935.1,49.7079
"vdc_v",65935.2,49.268
"vdc_v",65935.2,49.268
"vdc_v",65935.2,49.268
"vdc_v",65935.2,49.7079
"vdc_v",65935.2,49.7079
"vdc_v",65935.2,49.268
"vdc_v",65935.2,49.268
"vdc_v",65935.2,49.268
"vdc_v",65935.3,49.268
"vdc_v",65935.3,49.7079
"vdc_v",65935.3,49.268
"vdc_v",65935.3,49.268
"vdc_v",65935.3,49.268
"vdc_v",65935.3,49.268
"vdc_v",65935.3,49.7079
"vdc_v",65935.3,49.268
"vdc_v",65935.3,49.268
"vdc_v",65935.3,49.268
"vdc_v",65935.3,49.7079
"vdc_v",65935.4,49.7079
"vdc_v",65935.4,49.7079
"vdc_v",65935.4,49.268
"vdc_v",65935.4,49.268
"vdc_v",65935.4,49.268
"vdc_v",65935.4,49.7079
"vdc_v",65935.4,49.7079
"vdc_v",65935.4,49.7079
"vdc_v",65935.4,48.8281
"vdc_v",65935.4,49.268
"vdc_v",65935.4,49.268
"vdc_v",65935.4,49.7079
"vdc_v",65935.5,49.7079
"vdc_v",65935.5,49.7079
"vdc_v",65935.5,49.268
"vdc_v",65935.5,49.268
"vdc_v",65935.5,49.268
"vdc_v",65935.5,49.7079
"vdc_v",65935.5,49.7079
"vdc_v",65935.5,49.7079
"vdc_v",65935.5,49.268
"vdc_v",65935.5,49.268
"vdc_v",65935.5,49.268
"vdc_v",65935.6,49.7079
"vdc_v",65935.6,49.7079
"vdc_v",65935.6,49.7079
"vdc_v",65935.6,49.268
"vdc_v",65935.6,49.268
"vdc_v",65935.6,49.268
"vdc_v",65935.6,49.7079
"vdc_v",65935.6,49.7079
"vdc_v",65935.6,49.7079
"vdc_v",65935.6,49.268
"vdc_v",65935.7,49.268
"vdc_v",65935.7,49.268
"vdc_v",65935.7,49.7079
"vdc_v",65935.7,49.7079
"vdc_v",65935.7,49.7079
"vdc_v",65935.7,49.7079
"vdc_v",65935.7,49.268
"vdc_v",65935.7,49.268
"vdc_v",65935.7,49.7079
"vdc_v",65935.7,49.7079
"vdc_v",65935.8,49.7079
"vdc_v",65935.8,49.268
"vdc_v",65935.8,49.268
"vdc_v",65935.8,49.268
"vdc_v",65935.8,49.268
"vdc_v",65935.8,49.7079
"vdc_v",65935.8,49.7079
"vdc_v",65935.8,49.268
"vdc_v",65935.8,49.268
"vdc_v",65935.8,49.268
"vdc_v",65935.8,49.268
"vdc_v",65935.9,49.7079
"vdc_v",65935.9,49.7079
"vdc_v",65935.9,49.268
"vdc_v",65935.9,49.268
"vdc_v",65935.9,49.268
"vdc_v",65935.9,49.7079
"vdc_v",65935.9,49.7079
"vdc_v",65935.9,49.7079
"vdc_v",65935.9,49.268
"vdc_v",65935.9,49.268
"vdc_v",65936,49.268
"vdc_v",65936,49.7079
"vdc_v",65936,49.7079
"vdc_v",65936,49.7079
"vdc_v",65936,49.268
"vdc_v",65936,49.268
"vdc_v",65936,49.268
"vdc_v",65936,49.7079
"vdc_v",65936,49.7079
"vdc_v",65936,49.268
"vdc_v",65936.1,49.268
"vdc_v",65936.1,49.268
"vdc_v",65936.1,49.268
"vdc_v",65936.1,49.7079
"vdc_v",65936.1,49.7079
"vdc_v",65936.1,49.7079
"vdc_v",65936.1,49.268
"vdc_v",65936.1,48.8281
"vdc_v",65936.1,49.268
"vdc_v",65936.1,49.7079
"vdc_v",65936.1,49.7079
"vdc_v",65936.2,49.7079
"vdc_v",65936.2,49.268
"vdc_v",65936.2,49.268
"vdc_v",65936.2,49.268
"vdc_v",65936.2,49.7079
"vdc_v",65936.2,49.7079
"vdc_v",65936.2,49.7079
"vdc_v",65936.2,49.268
"vdc_v",65936.2,49.268
"vdc_v",65936.2,49.268
"vdc_v",65936.3,49.7079
"vdc_v",65936.3,49.7079
"vdc_v",65936.3,49.7079
"vdc_v",65936.3,49.268
"vdc_v",65936.3,49.268
"vdc_v",65936.3,49.268
"vdc_v",65936.3,49.7079
"vdc_v",65936.3,49.7079
"vdc_v",65936.3,49.7079
"vdc_v",65936.4,49.268
"vdc_v",65936.4,49.268
"vdc_v",65936.4,49.268
"vdc_v",65936.4,49.268
"vdc_v",65936.4,49.7079
"vdc_v",65936.4,49.268
"vdc_v",65936.4,49.268
"vdc_v",65936.4,49.268
"vdc_v",65936.4,49.268
"vdc_v",65936.4,49.7079
"vdc_v",65936.5,49.7079
"vdc_v",65936.5,49.7079
"vdc_v",65936.5,49.268
"vdc_v",65936.5,49.268
"vdc_v",65936.5,49.268
"vdc_v",65936.5,49.7079
"vdc_v",65936.5,49.7079
"vdc_v",65936.5,49.7079
"vdc_v",65936.5,49.268
"vdc_v",65936.5,49.268
"vdc_v",65936.6,49.268
"vdc_v",65936.6,49.7079
"vdc_v",65936.6,49.7079
"vdc_v",65936.6,49.7079
"vdc_v",65936.6,49.268
"vdc_v",65936.6,49.268
"vdc_v",65936.6,49.268
"vdc_v",65936.6,49.7079
"vdc_v",65936.6,49.7079
"vdc_v",65936.6,49.268
"vdc_v",65936.7,49.268
"vdc_v",65936.7,49.268
"vdc_v",65936.7,49.268
"vdc_v",65936.7,49.7079
"vdc_v",65936.7,49.7079
"pwm_moe",65926.6,1
"pwm_moe",65926.6,1
"pwm_moe",65926.7,1
"pwm_moe",65926.7,1
"pwm_moe",65926.7,1
"pwm_moe",65926.7,1
"pwm_moe",65926.7,1
"pwm_moe",65926.7,1
"pwm_moe",65926.7,1
"pwm_moe",65926.7,1
"pwm_moe",65926.7,1
"pwm_moe",65926.7,1
"pwm_moe",65926.8,1
"pwm_moe",65926.8,1
"pwm_moe",65926.8,1
"pwm_moe",65926.8,1
"pwm_moe",65926.8,1
"pwm_moe",65926.8,1
"pwm_moe",65926.8,1
"pwm_moe",65926.8,1
"pwm_moe",65926.8,1
"pwm_moe",65926.8,1
"pwm_moe",65926.9,1
"pwm_moe",65926.9,1
"pwm_moe",65926.9,1
"pwm_moe",65926.9,1
"pwm_moe",65926.9,1
"pwm_moe",65926.9,1
"pwm_moe",65926.9,1
"pwm_moe",65926.9,1
"pwm_moe",65926.9,1
"pwm_moe",65926.9,1
"pwm_moe",65927,1
"pwm_moe",65927,1
"pwm_moe",65927,1
"pwm_moe",65927,1
"pwm_moe",65927,1
"pwm_moe",65927,1
"pwm_moe",65927,1
"pwm_moe",65927,1
"pwm_moe",65927,1
"pwm_moe",65927,1
"pwm_moe",65927.1,1
"pwm_moe",65927.1,1
"pwm_moe",65927.1,1
"pwm_moe",65927.1,1
"pwm_moe",65927.1,1
"pwm_moe",65927.1,1
"pwm_moe",65927.1,1
"pwm_moe",65927.1,1
"pwm_moe",65927.1,1
"pwm_moe",65927.1,1
"pwm_moe",65927.2,1
"pwm_moe",65927.2,1
"pwm_moe",65927.2,1
"pwm_moe",65927.2,1
"pwm_moe",65927.2,1
"pwm_moe",65927.2,1
"pwm_moe",65927.2,1
"pwm_moe",65927.2,1
"pwm_moe",65927.2,1
"pwm_moe",65927.2,1
"pwm_moe",65927.2,1
"pwm_moe",65927.3,1
"pwm_moe",65927.3,1
"pwm_moe",65927.3,1
"pwm_moe",65927.3,1
"pwm_moe",65927.3,1
"pwm_moe",65927.3,1
"pwm_moe",65927.3,1
"pwm_moe",65927.3,1
"pwm_moe",65927.3,1
"pwm_moe",65927.3,1
"pwm_moe",65927.4,1
"pwm_moe",65927.4,1
"pwm_moe",65927.4,1
"pwm_moe",65927.4,1
"pwm_moe",65927.4,1
"pwm_moe",65927.4,1
"pwm_moe",65927.4,1
"pwm_moe",65927.4,1
"pwm_moe",65927.4,1
"pwm_moe",65927.4,1
"pwm_moe",65927.5,1
"pwm_moe",65927.5,1
"pwm_moe",65927.5,1
"pwm_moe",65927.5,1
"pwm_moe",65927.5,1
"pwm_moe",65927.5,1
"pwm_moe",65927.5,1
"pwm_moe",65927.5,1
"pwm_moe",65927.5,1
"pwm_moe",65927.5,1
"pwm_moe",65927.6,1
"pwm_moe",65927.6,1
"pwm_moe",65927.6,1
"pwm_moe",65927.6,1
"pwm_moe",65927.6,1
"pwm_moe",65927.6,1
"pwm_moe",65927.6,1
"pwm_moe",65927.6,1
"pwm_moe",65927.6,1
"pwm_moe",65927.6,1
"pwm_moe",65927.7,1
"pwm_moe",65927.7,1
"pwm_moe",65927.7,1
"pwm_moe",65927.7,1
"pwm_moe",65927.7,1
"pwm_moe",65927.7,1
"pwm_moe",65927.7,1
"pwm_moe",65927.7,1
"pwm_moe",65927.7,1
"pwm_moe",65927.7,1
"pwm_moe",65927.8,1
"pwm_moe",65927.8,1
"pwm_moe",65927.8,1
"pwm_moe",65927.8,1
"pwm_moe",65927.8,1
"pwm_moe",65927.8,1
"pwm_moe",65927.8,1
"pwm_moe",65927.8,1
"pwm_moe",65927.8,1
"pwm_moe",65927.8,1
"pwm_moe",65927.9,1
"pwm_moe",65927.9,1
"pwm_moe",65927.9,1
"pwm_moe",65927.9,1
"pwm_moe",65927.9,1
"pwm_moe",65927.9,1
"pwm_moe",65927.9,1
"pwm_moe",65927.9,1
"pwm_moe",65927.9,1
"pwm_moe",65927.9,1
"pwm_moe",65928,1
"pwm_moe",65928,1
"pwm_moe",65928,1
"pwm_moe",65928,1
"pwm_moe",65928,1
"pwm_moe",65928,1
"pwm_moe",65928,1
"pwm_moe",65928,1
"pwm_moe",65928,1
"pwm_moe",65928,1
"pwm_moe",65928.1,1
"pwm_moe",65928.1,1
"pwm_moe",65928.1,1
"pwm_moe",65928.1,1
"pwm_moe",65928.1,1
"pwm_moe",65928.1,1
"pwm_moe",65928.1,1
"pwm_moe",65928.1,1
"pwm_moe",65928.1,1
"pwm_moe",65928.1,1
"pwm_moe",65928.2,1
"pwm_moe",65928.2,1
"pwm_moe",65928.2,1
"pwm_moe",65928.2,1
"pwm_moe",65928.2,1
"pwm_moe",65928.2,1
"pwm_moe",65928.2,1
"pwm_moe",65928.2,1
"pwm_moe",65928.2,1
"pwm_moe",65928.2,1
"pwm_moe",65928.2,1
"pwm_moe",65928.3,1
"pwm_moe",65928.3,1
"pwm_moe",65928.3,1
"pwm_moe",65928.3,1
"pwm_moe",65928.3,1
"pwm_moe",65928.3,1
"pwm_moe",65928.3,1
"pwm_moe",65928.3,1
"pwm_moe",65928.3,1
"pwm_moe",65928.4,1
"pwm_moe",65928.4,1
"pwm_moe",65928.4,1
"pwm_moe",65928.4,1
"pwm_moe",65928.4,1
"pwm_moe",65928.4,1
"pwm_moe",65928.4,1
"pwm_moe",65928.4,1
"pwm_moe",65928.4,1
"pwm_moe",65928.4,1
"pwm_moe",65928.4,1
"pwm_moe",65928.5,1
"pwm_moe",65928.5,1
"pwm_moe",65928.5,1
"pwm_moe",65928.5,1
"pwm_moe",65928.5,1
"pwm_moe",65928.5,1
"pwm_moe",65928.5,1
"pwm_moe",65928.5,1
"pwm_moe",65928.5,1
"pwm_moe",65928.5,1
"pwm_moe",65928.6,1
"pwm_moe",65928.6,1
"pwm_moe",65928.6,1
"pwm_moe",65928.6,1
"pwm_moe",65928.6,1
"pwm_moe",65928.6,1
"pwm_moe",65928.6,1
"pwm_moe",65928.6,1
"pwm_moe",65928.6,1
"pwm_moe",65928.6,1
"pwm_moe",65928.7,1
"pwm_moe",65928.7,1
"pwm_moe",65928.7,1
"pwm_moe",65928.7,1
"pwm_moe",65928.7,1
"pwm_moe",65928.7,1
"pwm_moe",65928.7,1
"pwm_moe",65928.7,1
"pwm_moe",65928.7,1
"pwm_moe",65928.8,1
"pwm_moe",65928.8,1
"pwm_moe",65928.8,1
"pwm_moe",65928.8,1
"pwm_moe",65928.8,1
"pwm_moe",65928.8,1
"pwm_moe",65928.8,1
"pwm_moe",65928.8,1
"pwm_moe",65928.8,1
"pwm_moe",65928.8,1
"pwm_moe",65928.8,1
"pwm_moe",65928.9,1
"pwm_moe",65928.9,1
"pwm_moe",65928.9,1
"pwm_moe",65928.9,1
"pwm_moe",65928.9,1
"pwm_moe",65928.9,1
"pwm_moe",65928.9,1
"pwm_moe",65928.9,1
"pwm_moe",65928.9,1
"pwm_moe",65928.9,1
"pwm_moe",65929,1
"pwm_moe",65929,1
"pwm_moe",65929,1
"pwm_moe",65929,1
"pwm_moe",65929,1
"pwm_moe",65929,1
"pwm_moe",65929,1
"pwm_moe",65929,1
"pwm_moe",65929,1
"pwm_moe",65929,1
"pwm_moe",65929.1,1
"pwm_moe",65929.1,1
"pwm_moe",65929.1,1
"pwm_moe",65929.1,1
"pwm_moe",65929.1,1
"pwm_moe",65929.1,1
"pwm_moe",65929.1,1
"pwm_moe",65929.1,1
"pwm_moe",65929.1,1
"pwm_moe",65929.1,1
"pwm_moe",65929.2,1
"pwm_moe",65929.2,1
"pwm_moe",65929.2,1
"pwm_moe",65929.2,1
"pwm_moe",65929.2,1
"pwm_moe",65929.2,1
"pwm_moe",65929.2,1
"pwm_moe",65929.2,1
"pwm_moe",65929.2,1
"pwm_moe",65929.2,1
"pwm_moe",65929.3,1
"pwm_moe",65929.3,1
"pwm_moe",65929.3,1
"pwm_moe",65929.3,1
"pwm_moe",65929.3,1
"pwm_moe",65929.3,1
"pwm_moe",65929.3,1
"pwm_moe",65929.3,1
"pwm_moe",65929.3,1
"pwm_moe",65929.3,1
"pwm_moe",65929.4,1
"pwm_moe",65929.4,1
"pwm_moe",65929.4,1
"pwm_moe",65929.4,1
"pwm_moe",65929.4,1
"pwm_moe",65929.4,1
"pwm_moe",65929.4,1
"pwm_moe",65929.4,1
"pwm_moe",65929.4,1
"pwm_moe",65929.4,1
"pwm_moe",65929.5,1
"pwm_moe",65929.5,1
"pwm_moe",65929.5,1
"pwm_moe",65929.5,1
"pwm_moe",65929.5,1
"pwm_moe",65929.5,1
"pwm_moe",65929.5,1
"pwm_moe",65929.5,1
"pwm_moe",65929.5,1
"pwm_moe",65929.5,1
"pwm_moe",65929.6,1
"pwm_moe",65929.6,1
"pwm_moe",65929.6,1
"pwm_moe",65929.6,1
"pwm_moe",65929.6,1
"pwm_moe",65929.6,1
"pwm_moe",65929.6,1
"pwm_moe",65929.6,1
"pwm_moe",65929.6,1
"pwm_moe",65929.6,1
"pwm_moe",65929.7,1
"pwm_moe",65929.7,1
"pwm_moe",65929.7,1
"pwm_moe",65929.7,1
"pwm_moe",65929.7,1
"pwm_moe",65929.7,1
"pwm_moe",65929.7,1
"pwm_moe",65929.7,1
"pwm_moe",65929.7,1
"pwm_moe",65929.8,1
"pwm_moe",65929.8,1
"pwm_moe",65929.8,1
"pwm_moe",65929.8,1
"pwm_moe",65929.8,1
"pwm_moe",65929.8,1
"pwm_moe",65929.8,1
"pwm_moe",65929.8,1
"pwm_moe",65929.8,1
"pwm_moe",65929.8,1
"pwm_moe",65929.8,1
"pwm_moe",65929.9,1
"pwm_moe",65929.9,1
"pwm_moe",65929.9,1
"pwm_moe",65929.9,1
"pwm_moe",65929.9,1
"pwm_moe",65929.9,1
"pwm_moe",65929.9,1
"pwm_moe",65929.9,1
"pwm_moe",65929.9,1
"pwm_moe",65929.9,1
"pwm_moe",65930,1
"pwm_moe",65930,1
"pwm_moe",65930,1
"pwm_moe",65930,1
"pwm_moe",65930,1
"pwm_moe",65930,1
"pwm_moe",65930,1
"pwm_moe",65930,1
"pwm_moe",65930,1
"pwm_moe",65930,1
"pwm_moe",65930.1,1
"pwm_moe",65930.1,1
"pwm_moe",65930.1,1
"pwm_moe",65930.1,1
"pwm_moe",65930.1,1
"pwm_moe",65930.1,1
"pwm_moe",65930.1,1
"pwm_moe",65930.1,1
"pwm_moe",65930.1,1
"pwm_moe",65930.1,1
"pwm_moe",65930.2,1
"pwm_moe",65930.2,1
"pwm_moe",65930.2,1
"pwm_moe",65930.2,1
"pwm_moe",65930.2,1
"pwm_moe",65930.2,1
"pwm_moe",65930.2,1
"pwm_moe",65930.2,1
"pwm_moe",65930.2,1
"pwm_moe",65930.2,1
"pwm_moe",65930.3,1
"pwm_moe",65930.3,1
"pwm_moe",65930.3,1
"pwm_moe",65930.3,1
"pwm_moe",65930.3,1
"pwm_moe",65930.3,1
"pwm_moe",65930.3,1
"pwm_moe",65930.3,1
"pwm_moe",65930.3,1
"pwm_moe",65930.4,1
"pwm_moe",65930.4,1
"pwm_moe",65930.4,1
"pwm_moe",65930.4,1
"pwm_moe",65930.4,1
"pwm_moe",65930.4,1
"pwm_moe",65930.4,1
"pwm_moe",65930.4,1
"pwm_moe",65930.4,1
"pwm_moe",65930.4,1
"pwm_moe",65930.4,1
"pwm_moe",65930.5,1
"pwm_moe",65930.5,1
"pwm_moe",65930.5,1
"pwm_moe",65930.5,1
"pwm_moe",65930.5,1
"pwm_moe",65930.5,1
"pwm_moe",65930.5,1
"pwm_moe",65930.5,1
"pwm_moe",65930.5,1
"pwm_moe",65930.5,1
"pwm_moe",65930.6,1
"pwm_moe",65930.6,1
"pwm_moe",65930.6,1
"pwm_moe",65930.6,1
"pwm_moe",65930.6,1
"pwm_moe",65930.6,1
"pwm_moe",65930.6,1
"pwm_moe",65930.6,1
"pwm_moe",65930.6,1
"pwm_moe",65930.6,1
"pwm_moe",65930.7,1
"pwm_moe",65930.7,1
"pwm_moe",65930.7,1
"pwm_moe",65930.7,1
"pwm_moe",65930.7,1
"pwm_moe",65930.7,1
"pwm_moe",65930.7,1
"pwm_moe",65930.7,1
"pwm_moe",65930.7,1
"pwm_moe",65930.8,1
"pwm_moe",65930.8,1
"pwm_moe",65930.8,1
"pwm_moe",65930.8,1
"pwm_moe",65930.8,1
"pwm_moe",65930.8,1
"pwm_moe",65930.8,1
"pwm_moe",65930.8,1
"pwm_moe",65930.8,1
"pwm_moe",65930.8,1
"pwm_moe",65930.8,1
"pwm_moe",65930.9,1
"pwm_moe",65930.9,1
"pwm_moe",65930.9,1
"pwm_moe",65930.9,1
"pwm_moe",65930.9,1
"pwm_moe",65930.9,1
"pwm_moe",65930.9,1
"pwm_moe",65930.9,1
"pwm_moe",65930.9,1
"pwm_moe",65930.9,1
"pwm_moe",65931,1
"pwm_moe",65931,1
"pwm_moe",65931,1
"pwm_moe",65931,1
"pwm_moe",65931,1
"pwm_moe",65931,1
"pwm_moe",65931,1
"pwm_moe",65931,1
"pwm_moe",65931,1
"pwm_moe",65931,1
"pwm_moe",65931.1,1
"pwm_moe",65931.1,1
"pwm_moe",65931.1,1
"pwm_moe",65931.1,1
"pwm_moe",65931.1,1
"pwm_moe",65931.1,1
"pwm_moe",65931.1,1
"pwm_moe",65931.1,1
"pwm_moe",65931.1,1
"pwm_moe",65931.1,1
"pwm_moe",65931.2,1
"pwm_moe",65931.2,1
"pwm_moe",65931.2,1
"pwm_moe",65931.2,1
"pwm_moe",65931.2,1
"pwm_moe",65931.2,1
"pwm_moe",65931.2,1
"pwm_moe",65931.2,1
"pwm_moe",65931.2,1
"pwm_moe",65931.2,1
"pwm_moe",65931.3,1
"pwm_moe",65931.3,1
"pwm_moe",65931.3,1
"pwm_moe",65931.3,1
"pwm_moe",65931.3,1
"pwm_moe",65931.3,1
"pwm_moe",65931.3,1
"pwm_moe",65931.3,1
"pwm_moe",65931.3,1
"pwm_moe",65931.3,1
"pwm_moe",65931.4,1
"pwm_moe",65931.4,1
"pwm_moe",65931.4,1
"pwm_moe",65931.4,1
"pwm_moe",65931.4,1
"pwm_moe",65931.4,1
"pwm_moe",65931.4,1
"pwm_moe",65931.4,1
"pwm_moe",65931.4,1
"pwm_moe",65931.4,1
"pwm_moe",65931.5,1
"pwm_moe",65931.5,1
"pwm_moe",65931.5,1
"pwm_moe",65931.5,1
"pwm_moe",65931.5,1
"pwm_moe",65931.5,1
"pwm_moe",65931.5,1
"pwm_moe",65931.5,1
"pwm_moe",65931.5,1
"pwm_moe",65931.5,1
"pwm_moe",65931.6,1
"pwm_moe",65931.6,1
"pwm_moe",65931.6,1
"pwm_moe",65931.6,1
"pwm_moe",65931.6,1
"pwm_moe",65931.6,1
"pwm_moe",65931.6,1
"pwm_moe",65931.6,1
"pwm_moe",65931.6,1
"pwm_moe",65931.6,1
"pwm_moe",65931.7,1
"pwm_moe",65931.7,1
"pwm_moe",65931.7,1
"pwm_moe",65931.7,1
"pwm_moe",65931.7,1
"pwm_moe",65931.7,1
"pwm_moe",65931.7,1
"pwm_moe",65931.7,1
"pwm_moe",65931.7,1
"pwm_moe",65931.8,1
"pwm_moe",65931.8,1
"pwm_moe",65931.8,1
"pwm_moe",65931.8,1
"pwm_moe",65931.8,1
"pwm_moe",65931.8,1
"pwm_moe",65931.8,1
"pwm_moe",65931.8,1
"pwm_moe",65931.8,1
"pwm_moe",65931.8,1
"pwm_moe",65931.8,1
"pwm_moe",65931.9,1
"pwm_moe",65931.9,1
"pwm_moe",65931.9,1
"pwm_moe",65931.9,1
"pwm_moe",65931.9,1
"pwm_moe",65931.9,1
"pwm_moe",65931.9,1
"pwm_moe",65931.9,1
"pwm_moe",65931.9,1
"pwm_moe",65931.9,1
"pwm_moe",65932,1
"pwm_moe",65932,1
"pwm_moe",65932,1
"pwm_moe",65932,1
"pwm_moe",65932,1
"pwm_moe",65932,1
"pwm_moe",65932,1
"pwm_moe",65932,1
"pwm_moe",65932,1
"pwm_moe",65932,1
"pwm_moe",65932.1,1
"pwm_moe",65932.1,1
"pwm_moe",65932.1,1
"pwm_moe",65932.1,1
"pwm_moe",65932.1,1
"pwm_moe",65932.1,1
"pwm_moe",65932.1,1
"pwm_moe",65932.1,1
"pwm_moe",65932.1,1
"pwm_moe",65932.1,1
"pwm_moe",65932.2,1
"pwm_moe",65932.2,1
"pwm_moe",65932.2,1
"pwm_moe",65932.2,1
"pwm_moe",65932.2,1
"pwm_moe",65932.2,1
"pwm_moe",65932.2,1
"pwm_moe",65932.2,1
"pwm_moe",65932.2,1
"pwm_moe",65932.2,1
"pwm_moe",65932.3,1
"pwm_moe",65932.3,1
"pwm_moe",65932.3,1
"pwm_moe",65932.3,1
"pwm_moe",65932.3,1
"pwm_moe",65932.3,1
"pwm_moe",65932.3,1
"pwm_moe",65932.3,1
"pwm_moe",65932.3,1
"pwm_moe",65932.4,1
"pwm_moe",65932.4,1
"pwm_moe",65932.4,1
"pwm_moe",65932.4,1
"pwm_moe",65932.4,1
"pwm_moe",65932.4,1
"pwm_moe",65932.4,1
"pwm_moe",65932.4,1
"pwm_moe",65932.4,1
"pwm_moe",65932.4,1
"pwm_moe",65932.5,1
"pwm_moe",65932.5,1
"pwm_moe",65932.5,1
"pwm_moe",65932.5,1
"pwm_moe",65932.5,1
"pwm_moe",65932.5,1
"pwm_moe",65932.5,1
"pwm_moe",65932.5,1
"pwm_moe",65932.5,1
"pwm_moe",65932.5,1
"pwm_moe",65932.5,1
"pwm_moe",65932.6,1
"pwm_moe",65932.6,1
"pwm_moe",65932.6,1
"pwm_moe",65932.6,1
"pwm_moe",65932.6,1
"pwm_moe",65932.6,1
"pwm_moe",65932.6,1
"pwm_moe",65932.6,1
"pwm_moe",65932.6,1
"pwm_moe",65932.6,1
"pwm_moe",65932.7,1
"pwm_moe",65932.7,1
"pwm_moe",65932.7,1
"pwm_moe",65932.7,1
"pwm_moe",65932.7,1
"pwm_moe",65932.7,1
"pwm_moe",65932.7,1
"pwm_moe",65932.7,1
"pwm_moe",65932.7,1
"pwm_moe",65932.8,1
"pwm_moe",65932.8,1
"pwm_moe",65932.8,1
"pwm_moe",65932.8,1
"pwm_moe",65932.8,1
"pwm_moe",65932.8,1
"pwm_moe",65932.8,1
"pwm_moe",65932.8,1
"pwm_moe",65932.8,1
"pwm_moe",65932.8,1
"pwm_moe",65932.9,1
"pwm_moe",65932.9,1
"pwm_moe",65932.9,1
"pwm_moe",65932.9,1
"pwm_moe",65932.9,1
"pwm_moe",65932.9,1
"pwm_moe",65932.9,1
"pwm_moe",65932.9,1
"pwm_moe",65932.9,1
"pwm_moe",65932.9,1
"pwm_moe",65932.9,1
"pwm_moe",65933,1
"pwm_moe",65933,1
"pwm_moe",65933,1
"pwm_moe",65933,1
"pwm_moe",65933,1
"pwm_moe",65933,1
"pwm_moe",65933,1
"pwm_moe",65933,1
"pwm_moe",65933,1
"pwm_moe",65933,1
"pwm_moe",65933.1,1
"pwm_moe",65933.1,1
"pwm_moe",65933.1,1
"pwm_moe",65933.1,1
"pwm_moe",65933.1,1
"pwm_moe",65933.1,1
"pwm_moe",65933.1,1
"pwm_moe",65933.1,1
"pwm_moe",65933.1,1
"pwm_moe",65933.1,1
"pwm_moe",65933.2,1
"pwm_moe",65933.2,1
"pwm_moe",65933.2,1
"pwm_moe",65933.2,1
"pwm_moe",65933.2,1
"pwm_moe",65933.2,1
"pwm_moe",65933.2,1
"pwm_moe",65933.2,1
"pwm_moe",65933.2,1
"pwm_moe",65933.2,1
"pwm_moe",65933.3,1
"pwm_moe",65933.3,1
"pwm_moe",65933.3,1
"pwm_moe",65933.3,1
"pwm_moe",65933.3,1
"pwm_moe",65933.3,1
"pwm_moe",65933.3,1
"pwm_moe",65933.3,1
"pwm_moe",65933.3,1
"pwm_moe",65933.4,1
"pwm_moe",65933.4,1
"pwm_moe",65933.4,1
"pwm_moe",65933.4,1
"pwm_moe",65933.4,1
"pwm_moe",65933.4,1
"pwm_moe",65933.4,1
"pwm_moe",65933.4,1
"pwm_moe",65933.4,1
"pwm_moe",65933.4,1
"pwm_moe",65933.5,1
"pwm_moe",65933.5,1
"pwm_moe",65933.5,1
"pwm_moe",65933.5,1
"pwm_moe",65933.5,1
"pwm_moe",65933.5,1
"pwm_moe",65933.5,1
"pwm_moe",65933.5,1
"pwm_moe",65933.5,1
"pwm_moe",65933.5,1
"pwm_moe",65933.6,1
"pwm_moe",65933.6,1
"pwm_moe",65933.6,1
"pwm_moe",65933.6,1
"pwm_moe",65933.6,1
"pwm_moe",65933.6,1
"pwm_moe",65933.6,1
"pwm_moe",65933.6,1
"pwm_moe",65933.6,1
"pwm_moe",65933.6,1
"pwm_moe",65933.7,1
"pwm_moe",65933.7,1
"pwm_moe",65933.7,1
"pwm_moe",65933.7,1
"pwm_moe",65933.7,1
"pwm_moe",65933.7,1
"pwm_moe",65933.7,1
"pwm_moe",65933.7,1
"pwm_moe",65933.7,1
"pwm_moe",65933.7,1
"pwm_moe",65933.8,1
"pwm_moe",65933.8,1
"pwm_moe",65933.8,1
"pwm_moe",65933.8,1
"pwm_moe",65933.8,1
"pwm_moe",65933.8,1
"pwm_moe",65933.8,1
"pwm_moe",65933.8,1
"pwm_moe",65933.8,1
"pwm_moe",65933.8,1
"pwm_moe",65933.9,1
"pwm_moe",65933.9,1
"pwm_moe",65933.9,1
"pwm_moe",65933.9,1
"pwm_moe",65933.9,1
"pwm_moe",65933.9,1
"pwm_moe",65933.9,1
"pwm_moe",65933.9,1
"pwm_moe",65933.9,1
"pwm_moe",65933.9,1
"pwm_moe",65934,1
"pwm_moe",65934,1
"pwm_moe",65934,1
"pwm_moe",65934,1
"pwm_moe",65934,1
"pwm_moe",65934,1
"pwm_moe",65934,1
"pwm_moe",65934,1
"pwm_moe",65934,1
"pwm_moe",65934,1
"pwm_moe",65934.1,1
"pwm_moe",65934.1,1
"pwm_moe",65934.1,1
"pwm_moe",65934.1,1
"pwm_moe",65934.1,1
"pwm_moe",65934.1,1
"pwm_moe",65934.1,1
"pwm_moe",65934.1,1
"pwm_moe",65934.1,1
"pwm_moe",65934.1,1
"pwm_moe",65934.2,1
"pwm_moe",65934.2,1
"pwm_moe",65934.2,1
"pwm_moe",65934.2,1
"pwm_moe",65934.2,1
"pwm_moe",65934.2,1
"pwm_moe",65934.2,1
"pwm_moe",65934.2,1
"pwm_moe",65934.2,1
"pwm_moe",65934.2,1
"pwm_moe",65934.2,1
"pwm_moe",65934.3,1
"pwm_moe",65934.3,1
"pwm_moe",65934.3,1
"pwm_moe",65934.3,1
"pwm_moe",65934.3,1
"pwm_moe",65934.3,1
"pwm_moe",65934.3,1
"pwm_moe",65934.3,1
"pwm_moe",65934.4,1
"pwm_moe",65934.4,1
"pwm_moe",65934.4,1
"pwm_moe",65934.4,1
"pwm_moe",65934.4,1
"pwm_moe",65934.4,1
"pwm_moe",65934.4,1
"pwm_moe",65934.4,1
"pwm_moe",65934.4,1
"pwm_moe",65934.4,1
"pwm_moe",65934.4,1
"pwm_moe",65934.5,1
"pwm_moe",65934.5,1
"pwm_moe",65934.5,1
"pwm_moe",65934.5,1
"pwm_moe",65934.5,1
"pwm_moe",65934.5,1
"pwm_moe",65934.5,1
"pwm_moe",65934.5,1
"pwm_moe",65934.5,1
"pwm_moe",65934.5,1
"pwm_moe",65934.6,1
"pwm_moe",65934.6,1
"pwm_moe",65934.6,1
"pwm_moe",65934.6,1
"pwm_moe",65934.6,1
"pwm_moe",65934.6,1
"pwm_moe",65934.6,1
"pwm_moe",65934.6,1
"pwm_moe",65934.6,1
"pwm_moe",65934.6,1
"pwm_moe",65934.7,1
"pwm_moe",65934.7,1
"pwm_moe",65934.7,1
"pwm_moe",65934.7,1
"pwm_moe",65934.7,1
"pwm_moe",65934.7,1
"pwm_moe",65934.7,1
"pwm_moe",65934.8,1
"pwm_moe",65934.8,1
"pwm_moe",65934.8,1
"pwm_moe",65934.8,1
"pwm_moe",65934.8,1
"pwm_moe",65934.8,1
"pwm_moe",65934.8,1
"pwm_moe",65934.8,1
"pwm_moe",65934.9,1
"pwm_moe",65934.9,1
"pwm_moe",65934.9,1
"pwm_moe",65934.9,1
"pwm_moe",65934.9,1
"pwm_moe",65934.9,1
"pwm_moe",65935,1
"pwm_moe",65935,1
"pwm_moe",65935,1
"pwm_moe",65935,1
"pwm_moe",65935,1
"pwm_moe",65935,1
"pwm_moe",65935,1
"pwm_moe",65935.1,1
"pwm_moe",65935.1,1
"pwm_moe",65935.1,1
"pwm_moe",65935.1,1
"pwm_moe",65935.1,1
"pwm_moe",65935.1,1
"pwm_moe",65935.2,1
"pwm_moe",65935.2,1
"pwm_moe",65935.2,1
"pwm_moe",65935.2,1
"pwm_moe",65935.2,1
"pwm_moe",65935.2,1
"pwm_moe",65935.2,1
"pwm_moe",65935.2,1
"pwm_moe",65935.3,1
"pwm_moe",65935.3,1
"pwm_moe",65935.3,1
"pwm_moe",65935.3,1
"pwm_moe",65935.3,1
"pwm_moe",65935.3,1
"pwm_moe",65935.3,1
"pwm_moe",65935.3,1
"pwm_moe",65935.3,1
"pwm_moe",65935.3,1
"pwm_moe",65935.3,1
"pwm_moe",65935.4,1
"pwm_moe",65935.4,1
"pwm_moe",65935.4,1
"pwm_moe",65935.4,1
"pwm_moe",65935.4,1
"pwm_moe",65935.4,1
"pwm_moe",65935.4,1
"pwm_moe",65935.4,1
"pwm_moe",65935.4,1
"pwm_moe",65935.4,1
"pwm_moe",65935.4,1
"pwm_moe",65935.4,1
"pwm_moe",65935.5,1
"pwm_moe",65935.5,1
"pwm_moe",65935.5,1
"pwm_moe",65935.5,1
"pwm_moe",65935.5,1
"pwm_moe",65935.5,1
"pwm_moe",65935.5,1
"pwm_moe",65935.5,1
"pwm_moe",65935.5,1
"pwm_moe",65935.5,1
"pwm_moe",65935.5,1
"pwm_moe",65935.6,1
"pwm_moe",65935.6,1
"pwm_moe",65935.6,1
"pwm_moe",65935.6,1
"pwm_moe",65935.6,1
"pwm_moe",65935.6,1
"pwm_moe",65935.6,1
"pwm_moe",65935.6,1
"pwm_moe",65935.6,1
"pwm_moe",65935.6,1
"pwm_moe",65935.7,1
"pwm_moe",65935.7,1
"pwm_moe",65935.7,1
"pwm_moe",65935.7,1
"pwm_moe",65935.7,1
"pwm_moe",65935.7,1
"pwm_moe",65935.7,1
"pwm_moe",65935.7,1
"pwm_moe",65935.7,1
"pwm_moe",65935.7,1
"pwm_moe",65935.8,1
"pwm_moe",65935.8,1
"pwm_moe",65935.8,1
"pwm_moe",65935.8,1
"pwm_moe",65935.8,1
"pwm_moe",65935.8,1
"pwm_moe",65935.8,1
"pwm_moe",65935.8,1
"pwm_moe",65935.8,1
"pwm_moe",65935.8,1
"pwm_moe",65935.8,1
"pwm_moe",65935.9,1
"pwm_moe",65935.9,1
"pwm_moe",65935.9,1
"pwm_moe",65935.9,1
"pwm_moe",65935.9,1
"pwm_moe",65935.9,1
"pwm_moe",65935.9,1
"pwm_moe",65935.9,1
"pwm_moe",65935.9,1
"pwm_moe",65935.9,1
"pwm_moe",65936,1
"pwm_moe",65936,1
"pwm_moe",65936,1
"pwm_moe",65936,1
"pwm_moe",65936,1
"pwm_moe",65936,1
"pwm_moe",65936,1
"pwm_moe",65936,1
"pwm_moe",65936,1
"pwm_moe",65936,1
"pwm_moe",65936.1,1
"pwm_moe",65936.1,1
"pwm_moe",65936.1,1
"pwm_moe",65936.1,1
"pwm_moe",65936.1,1
"pwm_moe",65936.1,1
"pwm_moe",65936.1,1
"pwm_moe",65936.1,1
"pwm_moe",65936.1,1
"pwm_moe",65936.1,1
"pwm_moe",65936.1,1
"pwm_moe",65936.2,1
"pwm_moe",65936.2,1
"pwm_moe",65936.2,1
"pwm_moe",65936.2,1
"pwm_moe",65936.2,1
"pwm_moe",65936.2,1
"pwm_moe",65936.2,1
"pwm_moe",65936.2,1
"pwm_moe",65936.2,1
"pwm_moe",65936.2,1
"pwm_moe",65936.3,1
"pwm_moe",65936.3,1
"pwm_moe",65936.3,1
"pwm_moe",65936.3,1
"pwm_moe",65936.3,1
"pwm_moe",65936.3,1
"pwm_moe",65936.3,1
"pwm_moe",65936.3,1
"pwm_moe",65936.3,1
"pwm_moe",65936.4,1
"pwm_moe",65936.4,1
"pwm_moe",65936.4,1
"pwm_moe",65936.4,1
"pwm_moe",65936.4,1
"pwm_moe",65936.4,1
"pwm_moe",65936.4,1
"pwm_moe",65936.4,1
"pwm_moe",65936.4,1
"pwm_moe",65936.4,1
"pwm_moe",65936.5,1
"pwm_moe",65936.5,1
"pwm_moe",65936.5,1
"pwm_moe",65936.5,1
"pwm_moe",65936.5,1
"pwm_moe",65936.5,1
"pwm_moe",65936.5,1
"pwm_moe",65936.5,1
"pwm_moe",65936.5,1
"pwm_moe",65936.5,1
"pwm_moe",65936.6,1
"pwm_moe",65936.6,1
"pwm_moe",65936.6,1
"pwm_moe",65936.6,1
"pwm_moe",65936.6,1
"pwm_moe",65936.6,1
"pwm_moe",65936.6,1
"pwm_moe",65936.6,1
"pwm_moe",65936.6,1
"pwm_moe",65936.6,1
"pwm_moe",65936.7,1
"pwm_moe",65936.7,1
"pwm_moe",65936.7,1
"pwm_moe",65936.7,1
"pwm_moe",65936.7,1
"pwm_moe",65936.7,1
"pwm_moe",65936.7,1
"pwm_moe",65936.7,1
"pwm_moe",65936.7,1
"pwm_moe",65936.7,1
