signal,time_s,value
"Mech_RPM",66241.8,505.697
"Mech_RPM",66241.8,505.697
"Mech_RPM",66241.9,505.58
"Mech_RPM",66241.9,505.58
"Mech_RPM",66241.9,505.661
"Mech_RPM",66241.9,505.661
"Mech_RPM",66241.9,505.707
"Mech_RPM",66241.9,505.707
"Mech_RPM",66241.9,505.601
"Mech_RPM",66241.9,505.601
"Mech_RPM",66241.9,505.58
"Mech_RPM",66241.9,505.58
"Mech_RPM",66242,505.726
"Mech_RPM",66242,505.726
"Mech_RPM",66242,505.583
"Mech_RPM",66242,505.583
"Mech_RPM",66242,505.547
"Mech_RPM",66242,505.547
"Mech_RPM",66242,505.683
"Mech_RPM",66242,505.683
"Mech_RPM",66242,505.679
"Mech_RPM",66242,505.679
"Mech_RPM",66242.1,505.571
"Mech_RPM",66242.1,505.571
"Mech_RPM",66242.1,505.714
"Mech_RPM",66242.1,505.714
"Mech_RPM",66242.1,505.577
"Mech_RPM",66242.1,505.577
"Mech_RPM",66242.1,505.564
"Mech_RPM",66242.1,505.564
"Mech_RPM",66242.1,505.596
"Mech_RPM",66242.1,505.596
"Mech_RPM",66242.2,505.705
"Mech_RPM",66242.2,505.705
"Mech_RPM",66242.2,505.706
"Mech_RPM",66242.2,505.706
"Mech_RPM",66242.2,505.738
"Mech_RPM",66242.2,505.738
"Mech_RPM",66242.2,505.688
"Mech_RPM",66242.2,505.688
"Mech_RPM",66242.2,505.574
"Mech_RPM",66242.2,505.574
"Mech_RPM",66242.3,505.629
"Mech_RPM",66242.3,505.629
"Mech_RPM",66242.3,505.616
"Mech_RPM",66242.3,505.616
"Mech_RPM",66242.3,505.613
"Mech_RPM",66242.3,505.613
"Mech_RPM",66242.3,505.74
"Mech_RPM",66242.3,505.74
"Mech_RPM",66242.3,505.714
"Mech_RPM",66242.3,505.714
"Mech_RPM",66242.4,505.68
"Mech_RPM",66242.4,505.68
"Mech_RPM",66242.4,505.71
"Mech_RPM",66242.4,505.71
"Mech_RPM",66242.4,505.687
"Mech_RPM",66242.4,505.687
"Mech_RPM",66242.4,505.576
"Mech_RPM",66242.4,505.576
"Mech_RPM",66242.4,505.709
"Mech_RPM",66242.4,505.709
"Mech_RPM",66242.5,505.584
"Mech_RPM",66242.5,505.584
"Mech_RPM",66242.5,505.561
"Mech_RPM",66242.5,505.561
"Mech_RPM",66242.5,505.687
"Mech_RPM",66242.5,505.687
"Mech_RPM",66242.5,505.696
"Mech_RPM",66242.5,505.696
"Mech_RPM",66242.5,505.595
"Mech_RPM",66242.5,505.595
"Mech_RPM",66242.6,505.715
"Mech_RPM",66242.6,505.715
"Mech_RPM",66242.6,505.58
"Mech_RPM",66242.6,505.58
"Mech_RPM",66242.6,505.562
"Mech_RPM",66242.6,505.562
"Mech_RPM",66242.6,505.703
"Mech_RPM",66242.6,505.703
"Mech_RPM",66242.6,505.701
"Mech_RPM",66242.6,505.701
"Mech_RPM",66242.7,505.702
"Mech_RPM",66242.7,505.702
"Mech_RPM",66242.7,505.707
"Mech_RPM",66242.7,505.707
"Mech_RPM",66242.7,505.674
"Mech_RPM",66242.7,505.674
"Mech_RPM",66242.7,505.662
"Mech_RPM",66242.7,505.662
"Mech_RPM",66242.7,505.676
"Mech_RPM",66242.8,505.676
"Mech_RPM",66242.8,505.56
"Mech_RPM",66242.8,505.56
"Mech_RPM",66242.8,505.566
"Mech_RPM",66242.8,505.566
"Mech_RPM",66242.8,505.572
"Mech_RPM",66242.8,505.572
"Mech_RPM",66242.8,505.526
"Mech_RPM",66242.8,505.526
"Mech_RPM",66242.8,505.545
"Mech_RPM",66242.9,505.545
"Mech_RPM",66242.9,505.687
"Mech_RPM",66242.9,505.687
"Mech_RPM",66242.9,505.568
"Mech_RPM",66242.9,505.568
"Mech_RPM",66242.9,505.569
"Mech_RPM",66242.9,505.569
"Mech_RPM",66242.9,505.585
"Mech_RPM",66242.9,505.585
"Mech_RPM",66242.9,505.557
"Mech_RPM",66243,505.557
"Mech_RPM",66243,505.568
"Mech_RPM",66243,505.568
"Mech_RPM",66243,505.597
"Mech_RPM",66243,505.597
"Mech_RPM",66243,505.55
"Mech_RPM",66243,505.55
"Mech_RPM",66243,505.679
"Mech_RPM",66243,505.679
"Mech_RPM",66243,505.672
"Mech_RPM",66243,505.672
"Mech_RPM",66243.1,505.663
"Mech_RPM",66243.1,505.663
"Mech_RPM",66243.1,505.675
"Mech_RPM",66243.1,505.675
"Mech_RPM",66243.1,505.561
"Mech_RPM",66243.1,505.561
"Mech_RPM",66243.1,505.692
"Mech_RPM",66243.1,505.692
"Mech_RPM",66243.1,505.612
"Mech_RPM",66243.1,505.612
"Mech_RPM",66243.2,505.693
"Mech_RPM",66243.2,505.693
"Mech_RPM",66243.2,505.558
"Mech_RPM",66243.2,505.558
"Mech_RPM",66243.2,505.561
"Mech_RPM",66243.2,505.561
"Mech_RPM",66243.2,505.682
"Mech_RPM",66243.2,505.682
"Mech_RPM",66243.2,505.685
"Mech_RPM",66243.2,505.685
"Mech_RPM",66243.3,505.603
"Mech_RPM",66243.3,505.603
"Mech_RPM",66243.3,505.671
"Mech_RPM",66243.3,505.671
"Mech_RPM",66243.3,505.635
"Mech_RPM",66243.3,505.635
"Mech_RPM",66243.3,505.658
"Mech_RPM",66243.3,505.658
"Mech_RPM",66243.3,505.55
"Mech_RPM",66243.4,505.55
"Mech_RPM",66243.4,505.627
"Mech_RPM",66243.4,505.627
"Mech_RPM",66243.4,505.553
"Mech_RPM",66243.4,505.553
"Mech_RPM",66243.4,505.64
"Mech_RPM",66243.4,505.64
"Mech_RPM",66243.4,505.514
"Mech_RPM",66243.4,505.514
"Mech_RPM",66243.4,505.513
"Mech_RPM",66243.4,505.513
"Mech_RPM",66243.5,505.512
"Mech_RPM",66243.5,505.512
"Mech_RPM",66243.5,505.496
"Mech_RPM",66243.5,505.496
"Mech_RPM",66243.5,505.633
"Mech_RPM",66243.5,505.633
"Mech_RPM",66243.5,505.51
"Mech_RPM",66243.5,505.51
"Mech_RPM",66243.5,505.489
"Mech_RPM",66243.5,505.489
"Mech_RPM",66243.6,505.611
"Mech_RPM",66243.6,505.611
"Mech_RPM",66243.6,505.621
"Mech_RPM",66243.6,505.621
"Mech_RPM",66243.6,505.625
"Mech_RPM",66243.6,505.625
"Mech_RPM",66243.6,505.638
"Mech_RPM",66243.6,505.638
"Mech_RPM",66243.6,505.528
"Mech_RPM",66243.6,505.528
"Mech_RPM",66243.7,505.493
"Mech_RPM",66243.7,505.493
"Mech_RPM",66243.7,505.633
"Mech_RPM",66243.7,505.633
"Mech_RPM",66243.7,505.533
"Mech_RPM",66243.7,505.533
"Mech_RPM",66243.7,505.511
"Mech_RPM",66243.7,505.511
"Mech_RPM",66243.7,505.654
"Mech_RPM",66243.8,505.654
"Mech_RPM",66243.8,505.527
"Mech_RPM",66243.8,505.527
"Mech_RPM",66243.8,505.602
"Mech_RPM",66243.8,505.602
"Mech_RPM",66243.8,505.641
"Mech_RPM",66243.8,505.641
"Mech_RPM",66243.8,505.518
"Mech_RPM",66243.8,505.518
"Mech_RPM",66243.8,505.634
"Mech_RPM",66243.8,505.634
"Mech_RPM",66243.9,505.683
"Mech_RPM",66243.9,505.683
"Mech_RPM",66243.9,505.509
"Mech_RPM",66243.9,505.509
"Mech_RPM",66243.9,505.623
"Mech_RPM",66243.9,505.623
"Mech_RPM",66243.9,505.523
"Mech_RPM",66243.9,505.523
"Mech_RPM",66243.9,505.52
"Mech_RPM",66243.9,505.52
"Mech_RPM",66244,505.631
"Mech_RPM",66244,505.631
"Mech_RPM",66244,505.648
"Mech_RPM",66244,505.648
"Mech_RPM",66244,505.611
"Mech_RPM",66244,505.611
"Mech_RPM",66244,505.595
"Mech_RPM",66244,505.595
"Mech_RPM",66244,505.527
"Mech_RPM",66244,505.527
"Mech_RPM",66244.1,505.518
"Mech_RPM",66244.1,505.518
"Mech_RPM",66244.1,505.541
"Mech_RPM",66244.1,505.541
"Mech_RPM",66244.1,505.563
"Mech_RPM",66244.1,505.563
"Mech_RPM",66244.1,505.517
"Mech_RPM",66244.1,505.517
"Mech_RPM",66244.1,505.521
"Mech_RPM",66244.1,505.521
"Mech_RPM",66244.2,505.653
"Mech_RPM",66244.2,505.653
"Mech_RPM",66244.2,505.639
"Mech_RPM",66244.2,505.639
"Mech_RPM",66244.2,505.549
"Mech_RPM",66244.2,505.549
"Mech_RPM",66244.2,505.652
"Mech_RPM",66244.2,505.652
"Mech_RPM",66244.2,505.515
"Mech_RPM",66244.2,505.515
"Mech_RPM",66244.3,505.525
"Mech_RPM",66244.3,505.525
"Mech_RPM",66244.3,505.555
"Mech_RPM",66244.3,505.555
"Mech_RPM",66244.3,505.525
"Mech_RPM",66244.3,505.525
"Mech_RPM",66244.3,505.539
"Mech_RPM",66244.3,505.539
"Mech_RPM",66244.3,505.556
"Mech_RPM",66244.3,505.556
"Mech_RPM",66244.4,505.617
"Mech_RPM",66244.4,505.617
"Mech_RPM",66244.4,505.627
"Mech_RPM",66244.4,505.627
"Mech_RPM",66244.4,505.548
"Mech_RPM",66244.4,505.548
"Mech_RPM",66244.4,505.531
"Mech_RPM",66244.4,505.531
"Mech_RPM",66244.4,505.642
"Mech_RPM",66244.4,505.642
"Mech_RPM",66244.5,505.651
"Mech_RPM",66244.5,505.651
"Mech_RPM",66244.5,505.517
"Mech_RPM",66244.5,505.517
"Mech_RPM",66244.5,505.644
"Mech_RPM",66244.5,505.644
"Mech_RPM",66244.5,505.547
"Mech_RPM",66244.5,505.547
"Mech_RPM",66244.5,505.514
"Mech_RPM",66244.5,505.514
"Mech_RPM",66244.6,505.667
"Mech_RPM",66244.6,505.667
"Mech_RPM",66244.6,505.629
"Mech_RPM",66244.6,505.629
"Mech_RPM",66244.6,505.62
"Mech_RPM",66244.6,505.62
"Mech_RPM",66244.6,505.62
"Mech_RPM",66244.6,505.62
"Mech_RPM",66244.6,505.531
"Mech_RPM",66244.6,505.531
"Mech_RPM",66244.7,505.512
"Mech_RPM",66244.7,505.512
"Mech_RPM",66244.7,505.542
"Mech_RPM",66244.7,505.542
"Mech_RPM",66244.7,505.535
"Mech_RPM",66244.7,505.535
"Mech_RPM",66244.8,505.497
"Mech_RPM",66244.8,505.497
"Mech_RPM",66244.8,505.523
"Mech_RPM",66244.8,505.523
"Mech_RPM",66244.8,505.519
"Mech_RPM",66244.8,505.519
"Mech_RPM",66244.9,505.612
"Mech_RPM",66244.9,505.612
"Mech_RPM",66244.9,505.528
"Mech_RPM",66244.9,505.528
"Mech_RPM",66244.9,505.512
"Mech_RPM",66244.9,505.512
"Mech_RPM",66244.9,505.503
"Mech_RPM",66244.9,505.503
"Mech_RPM",66245,505.622
"Mech_RPM",66245,505.624
"Mech_RPM",66245,505.624
"Mech_RPM",66245,505.618
"Mech_RPM",66245,505.618
"Mech_RPM",66245,505.634
"Mech_RPM",66245.1,505.626
"Mech_RPM",66245.1,505.623
"Mech_RPM",66245.1,505.623
"Mech_RPM",66245.1,505.516
"Mech_RPM",66245.1,505.516
"Mech_RPM",66245.1,505.546
"Mech_RPM",66245.1,505.546
"Mech_RPM",66245.1,505.519
"Mech_RPM",66245.1,505.519
"Mech_RPM",66245.1,505.502
"Mech_RPM",66245.2,505.502
"Mech_RPM",66245.2,505.532
"Mech_RPM",66245.2,505.532
"Mech_RPM",66245.2,505.516
"Mech_RPM",66245.2,505.516
"Mech_RPM",66245.2,505.509
"Mech_RPM",66245.2,505.509
"Mech_RPM",66245.2,505.649
"Mech_RPM",66245.2,505.649
"Mech_RPM",66245.2,505.627
"Mech_RPM",66245.3,505.627
"Mech_RPM",66245.3,505.53
"Mech_RPM",66245.3,505.53
"Mech_RPM",66245.3,505.547
"Mech_RPM",66245.3,505.547
"Mech_RPM",66245.3,505.642
"Mech_RPM",66245.3,505.642
"Mech_RPM",66245.3,505.657
"Mech_RPM",66245.3,505.657
"Mech_RPM",66245.3,505.573
"Mech_RPM",66245.4,505.573
"Mech_RPM",66245.4,505.63
"Mech_RPM",66245.4,505.63
"Mech_RPM",66245.4,505.64
"Mech_RPM",66245.4,505.64
"Mech_RPM",66245.4,505.668
"Mech_RPM",66245.4,505.668
"Mech_RPM",66245.4,505.562
"Mech_RPM",66245.4,505.562
"Mech_RPM",66245.4,505.571
"Mech_RPM",66245.5,505.571
"Mech_RPM",66245.5,505.577
"Mech_RPM",66245.5,505.577
"Mech_RPM",66245.5,505.674
"Mech_RPM",66245.5,505.674
"Mech_RPM",66245.5,505.565
"Mech_RPM",66245.5,505.565
"Mech_RPM",66245.5,505.683
"Mech_RPM",66245.5,505.683
"Mech_RPM",66245.5,505.668
"Mech_RPM",66245.5,505.668
"Mech_RPM",66245.5,505.683
"Mech_RPM",66245.6,505.683
"Mech_RPM",66245.6,505.699
"Mech_RPM",66245.6,505.699
"Mech_RPM",66245.6,505.689
"Mech_RPM",66245.6,505.689
"Mech_RPM",66245.6,505.703
"Mech_RPM",66245.6,505.703
"Mech_RPM",66245.6,505.594
"Mech_RPM",66245.6,505.594
"Mech_RPM",66245.6,505.714
"Mech_RPM",66245.6,505.714
"Mech_RPM",66245.6,505.717
"Mech_RPM",66245.7,505.717
"Mech_RPM",66245.7,505.72
"Mech_RPM",66245.7,505.72
"Mech_RPM",66245.7,505.689
"Mech_RPM",66245.7,505.689
"Mech_RPM",66245.7,505.609
"Mech_RPM",66245.7,505.609
"Mech_RPM",66245.7,505.632
"Mech_RPM",66245.7,505.632
"Mech_RPM",66245.7,505.621
"Mech_RPM",66245.8,505.621
"Mech_RPM",66245.8,505.655
"Mech_RPM",66245.8,505.655
"Mech_RPM",66245.8,505.739
"Mech_RPM",66245.8,505.739
"Mech_RPM",66245.8,505.718
"Mech_RPM",66245.8,505.718
"Mech_RPM",66245.8,505.617
"Mech_RPM",66245.8,505.617
"Mech_RPM",66245.8,505.721
"Mech_RPM",66245.8,505.721
"Mech_RPM",66245.8,505.705
"Mech_RPM",66245.9,505.705
"Mech_RPM",66245.9,505.62
"Mech_RPM",66245.9,505.62
"Mech_RPM",66245.9,505.718
"Mech_RPM",66245.9,505.718
"Mech_RPM",66245.9,505.693
"Mech_RPM",66245.9,505.693
"Mech_RPM",66245.9,505.584
"Mech_RPM",66245.9,505.584
"Mech_RPM",66245.9,505.701
"Mech_RPM",66246,505.701
"Mech_RPM",66246,505.673
"Mech_RPM",66246,505.673
"Mech_RPM",66246,505.687
"Mech_RPM",66246,505.687
"Mech_RPM",66246,505.665
"Mech_RPM",66246,505.665
"Mech_RPM",66246,505.541
"Mech_RPM",66246,505.541
"Mech_RPM",66246,505.568
"Mech_RPM",66246,505.568
"Mech_RPM",66246.1,505.686
"Mech_RPM",66246.1,505.686
"Mech_RPM",66246.1,505.653
"Mech_RPM",66246.1,505.653
"Mech_RPM",66246.1,505.691
"Mech_RPM",66246.1,505.691
"Mech_RPM",66246.1,505.692
"Mech_RPM",66246.1,505.692
"Mech_RPM",66246.1,505.565
"Mech_RPM",66246.1,505.565
"Mech_RPM",66246.2,505.589
"Mech_RPM",66246.2,505.589
"Mech_RPM",66246.2,505.602
"Mech_RPM",66246.2,505.602
"Mech_RPM",66246.2,505.717
"Mech_RPM",66246.2,505.717
"Mech_RPM",66246.2,505.623
"Mech_RPM",66246.2,505.623
"Mech_RPM",66246.2,505.706
"Mech_RPM",66246.2,505.706
"Mech_RPM",66246.3,505.691
"Mech_RPM",66246.3,505.691
"Mech_RPM",66246.3,505.697
"Mech_RPM",66246.3,505.697
"Mech_RPM",66246.3,505.593
"Mech_RPM",66246.3,505.593
"Mech_RPM",66246.3,505.693
"Mech_RPM",66246.3,505.693
"Mech_RPM",66246.3,505.602
"Mech_RPM",66246.4,505.602
"Mech_RPM",66246.4,505.701
"Mech_RPM",66246.4,505.701
"Mech_RPM",66246.4,505.696
"Mech_RPM",66246.4,505.696
"Mech_RPM",66246.4,505.705
"Mech_RPM",66246.4,505.705
"Mech_RPM",66246.4,505.695
"Mech_RPM",66246.4,505.695
"Mech_RPM",66246.4,505.776
"Mech_RPM",66246.5,505.776
"Mech_RPM",66246.5,505.59
"Mech_RPM",66246.5,505.59
"Mech_RPM",66246.5,505.664
"Mech_RPM",66246.5,505.664
"Mech_RPM",66246.5,505.66
"Mech_RPM",66246.5,505.66
"Mech_RPM",66246.5,505.661
"Mech_RPM",66246.5,505.661
"Mech_RPM",66246.5,505.548
"Mech_RPM",66246.6,505.548
"Mech_RPM",66246.6,505.559
"Mech_RPM",66246.6,505.559
"Mech_RPM",66246.6,505.68
"Mech_RPM",66246.6,505.68
"Mech_RPM",66246.6,505.642
"Mech_RPM",66246.6,505.642
"Mech_RPM",66246.6,505.552
"Mech_RPM",66246.6,505.552
"Mech_RPM",66246.6,505.658
"Mech_RPM",66246.6,505.658
"Mech_RPM",66246.7,505.651
"Mech_RPM",66246.7,505.651
"Mech_RPM",66246.7,505.666
"Mech_RPM",66246.7,505.666
"Mech_RPM",66246.7,505.599
"Mech_RPM",66246.7,505.599
"Mech_RPM",66246.7,505.555
"Mech_RPM",66246.7,505.555
"Mech_RPM",66246.7,505.558
"Mech_RPM",66246.8,505.558
"Mech_RPM",66246.8,505.58
"Mech_RPM",66246.8,505.58
"Mech_RPM",66246.8,505.565
"Mech_RPM",66246.8,505.565
"Mech_RPM",66246.8,505.586
"Mech_RPM",66246.8,505.586
"Mech_RPM",66246.8,505.607
"Mech_RPM",66246.8,505.607
"Mech_RPM",66246.8,505.672
"Mech_RPM",66246.9,505.672
"Mech_RPM",66246.9,505.692
"Mech_RPM",66246.9,505.692
"Mech_RPM",66246.9,505.698
"Mech_RPM",66246.9,505.698
"Mech_RPM",66246.9,505.688
"cg_id_a",66241.9,-1.276
"cg_id_a",66241.9,3.49257
"cg_id_a",66241.9,-0.308778
"cg_id_a",66241.9,-0.302677
"cg_id_a",66241.9,1.85979
"cg_id_a",66241.9,-2.12606
"cg_id_a",66241.9,-1.8239
"cg_id_a",66241.9,-1.66216
"cg_id_a",66242,1.45879
"cg_id_a",66242,-0.172191
"cg_id_a",66242,-3.25799
"cg_id_a",66242,4.40164
"cg_id_a",66242,0.262629
"cg_id_a",66242,1.51332
"cg_id_a",66242,0.979025
"cg_id_a",66242,-1.75708
"cg_id_a",66242,1.71775
"cg_id_a",66242,-4.72163
"cg_id_a",66242.1,3.46197
"cg_id_a",66242.1,-1.06943
"cg_id_a",66242.1,3.54367
"cg_id_a",66242.1,-2.07323
"cg_id_a",66242.1,0.058512
"cg_id_a",66242.1,1.76245
"cg_id_a",66242.1,3.4197
"cg_id_a",66242.1,2.56029
"cg_id_a",66242.1,-1.33198
"cg_id_a",66242.1,0.785575
"cg_id_a",66242.2,-2.76006
"cg_id_a",66242.2,-2.8973
"cg_id_a",66242.2,1.03626
"cg_id_a",66242.2,-0.361023
"cg_id_a",66242.2,-1.45701
"cg_id_a",66242.2,-0.248111
"cg_id_a",66242.2,0.482034
"cg_id_a",66242.2,1.85078
"cg_id_a",66242.2,-0.362456
"cg_id_a",66242.2,4.19958
"cg_id_a",66242.3,-1.02159
"cg_id_a",66242.3,2.03012
"cg_id_a",66242.3,-3.02384
"cg_id_a",66242.3,-0.14619
"cg_id_a",66242.3,2.40463
"cg_id_a",66242.3,-0.579506
"cg_id_a",66242.3,-1.1589
"cg_id_a",66242.3,-1.18839
"cg_id_a",66242.3,0.42186
"cg_id_a",66242.3,0.28758
"cg_id_a",66242.4,2.73553
"cg_id_a",66242.4,3.38546
"cg_id_a",66242.4,-0.513664
"cg_id_a",66242.4,-1.28073
"cg_id_a",66242.4,-1.07427
"cg_id_a",66242.4,-1.36459
"cg_id_a",66242.4,1.88739
"cg_id_a",66242.4,-1.57903
"cg_id_a",66242.4,1.32316
"cg_id_a",66242.4,-3.64518
"cg_id_a",66242.5,-0.584096
"cg_id_a",66242.5,-0.0824427
"cg_id_a",66242.5,2.28962
"cg_id_a",66242.5,3.9357
"cg_id_a",66242.5,-1.17235
"cg_id_a",66242.5,-0.15279
"cg_id_a",66242.5,-4.62917
"cg_id_a",66242.5,-3.04973
"cg_id_a",66242.5,-1.64601
"cg_id_a",66242.5,0.214381
"cg_id_a",66242.6,1.82827
"cg_id_a",66242.6,1.74507
"cg_id_a",66242.6,-1.87776
"cg_id_a",66242.6,-0.638747
"cg_id_a",66242.6,2.36485
"cg_id_a",66242.6,4.06569
"cg_id_a",66242.6,-2.56232
"cg_id_a",66242.6,1.66842
"cg_id_a",66242.6,-3.65144
"cg_id_a",66242.6,0.625296
"cg_id_a",66242.7,-0.624233
"cg_id_a",66242.7,-0.531352
"cg_id_a",66242.7,-0.634262
"cg_id_a",66242.7,-3.75429
"cg_id_a",66242.7,-2.03818
"cg_id_a",66242.7,0.222912
"cg_id_a",66242.7,5.10604
"cg_id_a",66242.7,0.107064
"cg_id_a",66242.7,-1.14922
"cg_id_a",66242.8,0.693326
"cg_id_a",66242.8,-0.187204
"cg_id_a",66242.8,-2.47078
"cg_id_a",66242.8,-0.441287
"cg_id_a",66242.8,0.817007
"cg_id_a",66242.8,1.79636
"cg_id_a",66242.8,-1.42745
"cg_id_a",66242.8,3.06956
"cg_id_a",66242.8,1.25916
"cg_id_a",66242.8,3.17035
"cg_id_a",66242.9,0.75107
"cg_id_a",66242.9,-0.250711
"cg_id_a",66242.9,1.93536
"cg_id_a",66242.9,-3.3392
"cg_id_a",66242.9,1.01443
"cg_id_a",66242.9,-3.04083
"cg_id_a",66242.9,1.14819
"cg_id_a",66242.9,-1.49951
"cg_id_a",66242.9,-1.65178
"cg_id_a",66242.9,0.219246
"cg_id_a",66243,3.94637
"cg_id_a",66243,0.900616
"cg_id_a",66243,-0.635049
"cg_id_a",66243,-0.611206
"cg_id_a",66243,1.20756
"cg_id_a",66243,-3.8858
"cg_id_a",66243,2.30288
"cg_id_a",66243,-1.5836
"cg_id_a",66243,1.11028
"cg_id_a",66243,-1.16335
"cg_id_a",66243,-1.09921
"cg_id_a",66243.1,2.76432
"cg_id_a",66243.1,2.756
"cg_id_a",66243.1,4.68176
"cg_id_a",66243.1,-1.51302
"cg_id_a",66243.1,2.63524
"cg_id_a",66243.1,-3.06039
"cg_id_a",66243.1,-1.60893
"cg_id_a",66243.1,1.38773
"cg_id_a",66243.1,0.336388
"cg_id_a",66243.1,-0.0195105
"cg_id_a",66243.2,-0.588932
"cg_id_a",66243.2,0.686182
"cg_id_a",66243.2,1.11285
"cg_id_a",66243.2,1.08219
"cg_id_a",66243.2,4.51802
"cg_id_a",66243.2,-0.358331
"cg_id_a",66243.2,-0.273726
"cg_id_a",66243.2,-3.86097
"cg_id_a",66243.2,-1.17143
"cg_id_a",66243.2,-0.178966
"cg_id_a",66243.3,-2.46431
"cg_id_a",66243.3,-0.117736
"cg_id_a",66243.3,-2.66854
"cg_id_a",66243.3,1.53943
"cg_id_a",66243.3,-0.32785
"cg_id_a",66243.3,1.74802
"cg_id_a",66243.3,4.10732
"cg_id_a",66243.3,0.41466
"cg_id_a",66243.3,-2.00745
"cg_id_a",66243.4,-2.91012
"cg_id_a",66243.4,-0.571944
"cg_id_a",66243.4,-0.803708
"cg_id_a",66243.4,-2.02317
"cg_id_a",66243.4,1.0187
"cg_id_a",66243.4,-0.764861
"cg_id_a",66243.4,-0.229414
"cg_id_a",66243.4,0.0514719
"cg_id_a",66243.4,2.67297
"cg_id_a",66243.4,3.5144
"cg_id_a",66243.4,-2.06986
"cg_id_a",66243.5,0.440269
"cg_id_a",66243.5,-3.90949
"cg_id_a",66243.5,-0.0629279
"cg_id_a",66243.5,-1.06258
"cg_id_a",66243.5,0.807075
"cg_id_a",66243.5,0.693244
"cg_id_a",66243.5,0.00757082
"cg_id_a",66243.5,-2.04416
"cg_id_a",66243.5,0.776915
"cg_id_a",66243.5,4.35777
"cg_id_a",66243.6,2.93599
"cg_id_a",66243.6,-0.579889
"cg_id_a",66243.6,2.02359
"cg_id_a",66243.6,-3.43404
"cg_id_a",66243.6,-1.20247
"cg_id_a",66243.6,-1.48478
"cg_id_a",66243.6,0.155548
"cg_id_a",66243.6,0.351706
"cg_id_a",66243.6,-1.66795
"cg_id_a",66243.6,-0.931421
"cg_id_a",66243.7,0.371991
"cg_id_a",66243.7,3.3623
"cg_id_a",66243.7,0.908471
"cg_id_a",66243.7,-0.530211
"cg_id_a",66243.7,-0.00441815
"cg_id_a",66243.7,-1.92664
"cg_id_a",66243.7,-0.825909
"cg_id_a",66243.7,-1.613
"cg_id_a",66243.7,1.2411
"cg_id_a",66243.8,0.36874
"cg_id_a",66243.8,-1.31009
"cg_id_a",66243.8,1.51218
"cg_id_a",66243.8,2.83583
"cg_id_a",66243.8,1.04371
"cg_id_a",66243.8,1.05919
"cg_id_a",66243.8,-1.37339
"cg_id_a",66243.8,-0.0479627
"cg_id_a",66243.8,-4.04748
"cg_id_a",66243.8,2.89512
"cg_id_a",66243.8,-2.7877
"cg_id_a",66243.9,1.93442
"cg_id_a",66243.9,-2.74978
"cg_id_a",66243.9,-0.745443
"cg_id_a",66243.9,2.16791
"cg_id_a",66243.9,3.26137
"cg_id_a",66243.9,1.02129
"cg_id_a",66243.9,-1.50985
"cg_id_a",66243.9,0.119561
"cg_id_a",66243.9,-0.866493
"cg_id_a",66243.9,-3.12335
"cg_id_a",66244,2.48082
"cg_id_a",66244,-1.5503
"cg_id_a",66244,-0.522775
"cg_id_a",66244,-1.15947
"cg_id_a",66244,-0.536061
"cg_id_a",66244,3.19377
"cg_id_a",66244,1.56508
"cg_id_a",66244,4.07242
"cg_id_a",66244,0.120168
"cg_id_a",66244,1.83034
"cg_id_a",66244.1,-3.73791
"cg_id_a",66244.1,-1.0507
"cg_id_a",66244.1,2.67889
"cg_id_a",66244.1,0.306235
"cg_id_a",66244.1,-2.10786
"cg_id_a",66244.1,-2.77526
"cg_id_a",66244.1,0.501471
"cg_id_a",66244.1,-0.103726
"cg_id_a",66244.1,0.720414
"cg_id_a",66244.1,4.86951
"cg_id_a",66244.2,-0.888094
"cg_id_a",66244.2,-1.42856
"cg_id_a",66244.2,-1.857
"cg_id_a",66244.2,-0.877822
"cg_id_a",66244.2,2.53001
"cg_id_a",66244.2,-1.38881
"cg_id_a",66244.2,2.54211
"cg_id_a",66244.2,-2.68149
"cg_id_a",66244.2,1.03375
"cg_id_a",66244.2,-0.96588
"cg_id_a",66244.3,3.40048
"cg_id_a",66244.3,4.49023
"cg_id_a",66244.3,-2.0499
"cg_id_a",66244.3,-0.791945
"cg_id_a",66244.3,-4.24822
"cg_id_a",66244.3,0.54684
"cg_id_a",66244.3,-0.436971
"cg_id_a",66244.3,-1.79974
"cg_id_a",66244.3,0.0620086
"cg_id_a",66244.3,1.49287
"cg_id_a",66244.4,-2.15992
"cg_id_a",66244.4,1.99581
"cg_id_a",66244.4,3.04544
"cg_id_a",66244.4,4.39118
"cg_id_a",66244.4,-3.0142
"cg_id_a",66244.4,2.64464
"cg_id_a",66244.4,-4.4423
"cg_id_a",66244.4,0.56389
"cg_id_a",66244.4,-0.863083
"cg_id_a",66244.4,-0.927342
"cg_id_a",66244.5,1.16899
"cg_id_a",66244.5,0.553888
"cg_id_a",66244.5,0.958412
"cg_id_a",66244.5,0.336262
"cg_id_a",66244.5,5.24114
"cg_id_a",66244.5,-0.840029
"cg_id_a",66244.5,-0.449593
"cg_id_a",66244.5,0.952026
"cg_id_a",66244.5,-1.54958
"cg_id_a",66244.5,-0.117684
"cg_id_a",66244.6,-0.333005
"cg_id_a",66244.6,0.351947
"cg_id_a",66244.6,-0.280774
"cg_id_a",66244.6,-2.53356
"cg_id_a",66244.6,1.22375
"cg_id_a",66244.6,-0.586329
"cg_id_a",66244.6,2.49647
"cg_id_a",66244.6,-0.811248
"cg_id_a",66244.6,-0.716303
"cg_id_a",66244.6,1.02318
"cg_id_a",66244.7,-5.0086
"cg_id_a",66244.7,1.72847
"cg_id_a",66244.7,-1.65152
"cg_id_a",66244.7,2.11542
"cg_id_a",66244.7,-3.5059
"cg_id_a",66244.7,-2.25813
"cg_id_a",66244.8,0.307843
"cg_id_a",66244.8,2.34965
"cg_id_a",66244.8,1.49478
"cg_id_a",66244.8,0.674312
"cg_id_a",66244.8,0.282911
"cg_id_a",66244.8,1.36699
"cg_id_a",66244.9,-3.80178
"cg_id_a",66244.9,1.87964
"cg_id_a",66244.9,-2.78077
"cg_id_a",66244.9,-0.4024
"cg_id_a",66244.9,-1.72054
"cg_id_a",66244.9,-0.466793
"cg_id_a",66244.9,2.3128
"cg_id_a",66244.9,2.68339
"cg_id_a",66245,2.32117
"cg_id_a",66245,1.67044
"cg_id_a",66245,-2.99187
"cg_id_a",66245,-0.860095
"cg_id_a",66245,4.05526
"cg_id_a",66245,0.875956
"cg_id_a",66245.1,-0.530561
"cg_id_a",66245.1,-0.595285
"cg_id_a",66245.1,-2.49449
"cg_id_a",66245.1,-0.714256
"cg_id_a",66245.1,3.1075
"cg_id_a",66245.1,-1.42077
"cg_id_a",66245.1,1.80984
"cg_id_a",66245.1,-1.49626
"cg_id_a",66245.1,1.09653
"cg_id_a",66245.1,-0.341062
"cg_id_a",66245.2,3.58015
"cg_id_a",66245.2,3.77826
"cg_id_a",66245.2,0.250002
"cg_id_a",66245.2,-2.38535
"cg_id_a",66245.2,-3.03101
"cg_id_a",66245.2,-0.691627
"cg_id_a",66245.2,1.08478
"cg_id_a",66245.2,-1.10316
"cg_id_a",66245.2,1.19738
"cg_id_a",66245.2,-0.794875
"cg_id_a",66245.3,-1.73987
"cg_id_a",66245.3,-0.948586
"cg_id_a",66245.3,3.36932
"cg_id_a",66245.3,4.0823
"cg_id_a",66245.3,-2.84937
"cg_id_a",66245.3,1.45774
"cg_id_a",66245.3,-5.2544
"cg_id_a",66245.3,2.1249
"cg_id_a",66245.3,-1.78029
"cg_id_a",66245.3,0.953344
"cg_id_a",66245.4,-0.535487
"cg_id_a",66245.4,1.31829
"cg_id_a",66245.4,-1.92935
"cg_id_a",66245.4,0.0412603
"cg_id_a",66245.4,3.73026
"cg_id_a",66245.4,1.92125
"cg_id_a",66245.4,-2.70096
"cg_id_a",66245.4,1.52517
"cg_id_a",66245.4,-5.22933
"cg_id_a",66245.4,-1.23281
"cg_id_a",66245.5,-0.308399
"cg_id_a",66245.5,-0.430911
"cg_id_a",66245.5,0.934548
"cg_id_a",66245.5,-2.30604
"cg_id_a",66245.5,1.42071
"cg_id_a",66245.5,-0.607237
"cg_id_a",66245.5,4.116
"cg_id_a",66245.5,0.137985
"cg_id_a",66245.5,-2.58047
"cg_id_a",66245.5,0.0776744
"cg_id_a",66245.5,-1.99755
"cg_id_a",66245.5,-2.48929
"cg_id_a",66245.6,-2.41745
"cg_id_a",66245.6,1.32641
"cg_id_a",66245.6,-0.578909
"cg_id_a",66245.6,-0.968261
"cg_id_a",66245.6,1.63931
"cg_id_a",66245.6,2.53535
"cg_id_a",66245.6,1.1953
"cg_id_a",66245.6,0.749132
"cg_id_a",66245.6,-1.79813
"cg_id_a",66245.6,2.22391
"cg_id_a",66245.6,-4.51173
"cg_id_a",66245.6,4.01901
"cg_id_a",66245.7,-2.61408
"cg_id_a",66245.7,0.54528
"cg_id_a",66245.7,-2.25328
"cg_id_a",66245.7,0.468283
"cg_id_a",66245.7,3.58152
"cg_id_a",66245.7,4.40943
"cg_id_a",66245.7,1.84276
"cg_id_a",66245.7,-1.70519
"cg_id_a",66245.7,-0.410035
"cg_id_a",66245.7,-0.924495
"cg_id_a",66245.8,-2.1981
"cg_id_a",66245.8,1.75883
"cg_id_a",66245.8,0.165335
"cg_id_a",66245.8,-1.46017
"cg_id_a",66245.8,-0.453426
"cg_id_a",66245.8,-1.02318
"cg_id_a",66245.8,2.47034
"cg_id_a",66245.8,1.18106
"cg_id_a",66245.8,5.2952
"cg_id_a",66245.8,-0.857681
"cg_id_a",66245.8,1.04591
"cg_id_a",66245.8,-2.42364
"cg_id_a",66245.9,-1.71167
"cg_id_a",66245.9,2.20188
"cg_id_a",66245.9,1.07899
"cg_id_a",66245.9,-0.00137377
"cg_id_a",66245.9,-2.28506
"cg_id_a",66245.9,2.3363
"cg_id_a",66245.9,0.276958
"cg_id_a",66245.9,2.11025
"cg_id_a",66245.9,4.21402
"cg_id_a",66245.9,-0.453699
"cg_id_a",66246,-1.38507
"cg_id_a",66246,-1.62796
"cg_id_a",66246,-0.130147
"cg_id_a",66246,2.89468
"cg_id_a",66246,-1.61588
"cg_id_a",66246,0.512672
"cg_id_a",66246,-0.555722
"cg_id_a",66246,0.459277
"cg_id_a",66246,-0.68692
"cg_id_a",66246,3.55457
"cg_id_a",66246,4.78729
"cg_id_a",66246.1,-0.740494
"cg_id_a",66246.1,-2.4314
"cg_id_a",66246.1,-4.63959
"cg_id_a",66246.1,1.23248
"cg_id_a",66246.1,-1.52956
"cg_id_a",66246.1,0.63678
"cg_id_a",66246.1,0.303289
"cg_id_a",66246.1,-1.12765
"cg_id_a",66246.1,-1.62485
"cg_id_a",66246.1,0.448765
"cg_id_a",66246.2,1.72144
"cg_id_a",66246.2,3.71089
"cg_id_a",66246.2,-5.26543
"cg_id_a",66246.2,1.7667
"cg_id_a",66246.2,-4.26395
"cg_id_a",66246.2,-0.294639
"cg_id_a",66246.2,-1.60465
"cg_id_a",66246.2,-0.0668148
"cg_id_a",66246.2,-0.120192
"cg_id_a",66246.2,-2.22274
"cg_id_a",66246.3,0.0260974
"cg_id_a",66246.3,-0.0399934
"cg_id_a",66246.3,3.51113
"cg_id_a",66246.3,-0.280082
"cg_id_a",66246.3,0.432636
"cg_id_a",66246.3,0.51429
"cg_id_a",66246.3,-0.772315
"cg_id_a",66246.3,-2.36367
"cg_id_a",66246.3,-1.20472
"cg_id_a",66246.4,0.509035
"cg_id_a",66246.4,-0.598372
"cg_id_a",66246.4,-5.45264
"cg_id_a",66246.4,2.80942
"cg_id_a",66246.4,0.895252
"cg_id_a",66246.4,1.02573
"cg_id_a",66246.4,-0.119685
"cg_id_a",66246.4,-1.71092
"cg_id_a",66246.4,0.558123
"cg_id_a",66246.4,-3.4388
"cg_id_a",66246.5,-1.13287
"cg_id_a",66246.5,-2.39872
"cg_id_a",66246.5,0.638711
"cg_id_a",66246.5,-2.26413
"cg_id_a",66246.5,-2.45615
"cg_id_a",66246.5,1.2524
"cg_id_a",66246.5,5.06253
"cg_id_a",66246.5,1.73607
"cg_id_a",66246.5,0.320572
"cg_id_a",66246.5,0.373883
"cg_id_a",66246.6,1.2616
"cg_id_a",66246.6,-4.04199
"cg_id_a",66246.6,3.15116
"cg_id_a",66246.6,-2.81367
"cg_id_a",66246.6,-0.285514
"cg_id_a",66246.6,-2.3954
"cg_id_a",66246.6,0.0602758
"cg_id_a",66246.6,2.44606
"cg_id_a",66246.6,2.17602
"cg_id_a",66246.6,5.13439
"cg_id_a",66246.6,-2.75604
"cg_id_a",66246.7,2.58027
"cg_id_a",66246.7,-1.31771
"cg_id_a",66246.7,0.147687
"cg_id_a",66246.7,1.24615
"cg_id_a",66246.7,-0.0787704
"cg_id_a",66246.7,-1.88098
"cg_id_a",66246.7,-0.510554
"cg_id_a",66246.7,0.380288
"cg_id_a",66246.7,1.47243
"cg_id_a",66246.8,0.283052
"cg_id_a",66246.8,5.26529
"cg_id_a",66246.8,-0.522211
"cg_id_a",66246.8,-1.9645
"cg_id_a",66246.8,-2.25196
"cg_id_a",66246.8,-0.165956
"cg_id_a",66246.8,1.74627
"cg_id_a",66246.8,-1.22185
"cg_id_a",66246.8,1.82669
"cg_id_a",66246.8,-1.86671
"cg_id_a",66246.9,1.26206
"cg_id_a",66246.9,-0.427639
"cg_id_a",66246.9,1.95634
"cg_id_a",66246.9,4.27718
"cg_id_a",66246.9,-0.370159
"cg_id_a",66246.9,-1.6892
"cg_id_a",66246.9,-3.95146
"cg_id_a",66246.9,-0.330196
"cg_id_a",66246.9,1.18853
"cg_id_a",66246.9,-0.568588
"cg_iq_a",66241.9,-16.7618
"cg_iq_a",66241.9,-14.5414
"cg_iq_a",66241.9,-14.4504
"cg_iq_a",66241.9,-14.9134
"cg_iq_a",66242,-17.9414
"cg_iq_a",66242,-10.7773
"cg_iq_a",66242,-15.0192
"cg_iq_a",66242,-18.2568
"cg_iq_a",66242,-22.7101
"cg_iq_a",66242,-10.6898
"cg_iq_a",66242,-15.1757
"cg_iq_a",66242,-9.34961
"cg_iq_a",66242,-16.6421
"cg_iq_a",66242,-13.0394
"cg_iq_a",66242.1,-14.6444
"cg_iq_a",66242.1,-17.7548
"cg_iq_a",66242.1,-12.5862
"cg_iq_a",66242.1,-13.1086
"cg_iq_a",66242.1,-13.6151
"cg_iq_a",66242.1,-20.6602
"cg_iq_a",66242.1,-17.9198
"cg_iq_a",66242.1,-13.3574
"cg_iq_a",66242.1,-13.3182
"cg_iq_a",66242.1,-12.2404
"cg_iq_a",66242.2,-11.2866
"cg_iq_a",66242.2,-16.0338
"cg_iq_a",66242.2,-16.5243
"cg_iq_a",66242.2,-17.748
"cg_iq_a",66242.2,-12.6325
"cg_iq_a",66242.2,-15.2845
"cg_iq_a",66242.2,-17.376
"cg_iq_a",66242.2,-19.7108
"cg_iq_a",66242.2,-16.3692
"cg_iq_a",66242.2,-11.8587
"cg_iq_a",66242.3,-16.4528
"cg_iq_a",66242.3,-9.3795
"cg_iq_a",66242.3,-14.3474
"cg_iq_a",66242.3,-13.9544
"cg_iq_a",66242.3,-19.3677
"cg_iq_a",66242.3,-10.6234
"cg_iq_a",66242.3,-15.4499
"cg_iq_a",66242.3,-13.5246
"cg_iq_a",66242.3,-18.9964
"cg_iq_a",66242.3,-13.802
"cg_iq_a",66242.4,-15.9209
"cg_iq_a",66242.4,-12.9914
"cg_iq_a",66242.4,-13.5671
"cg_iq_a",66242.4,-8.19846
"cg_iq_a",66242.4,-16.7917
"cg_iq_a",66242.4,-15.6389
"cg_iq_a",66242.4,-18.7192
"cg_iq_a",66242.4,-12.9916
"cg_iq_a",66242.4,-14.4707
"cg_iq_a",66242.4,-18.3819
"cg_iq_a",66242.5,-14.443
"cg_iq_a",66242.5,-19.3605
"cg_iq_a",66242.5,-14.0455
"cg_iq_a",66242.5,-16.2037
"cg_iq_a",66242.5,-9.11445
"cg_iq_a",66242.5,-12.3577
"cg_iq_a",66242.5,-16.3257
"cg_iq_a",66242.5,-18.2112
"cg_iq_a",66242.5,-12.8236
"cg_iq_a",66242.5,-15.8459
"cg_iq_a",66242.6,-16.0975
"cg_iq_a",66242.6,-15.9854
"cg_iq_a",66242.6,-15.3307
"cg_iq_a",66242.6,-18.5075
"cg_iq_a",66242.6,-16.4759
"cg_iq_a",66242.6,-11.5883
"cg_iq_a",66242.6,-9.83864
"cg_iq_a",66242.6,-12.6032
"cg_iq_a",66242.6,-18.4756
"cg_iq_a",66242.6,-14.4636
"cg_iq_a",66242.7,-17.1378
"cg_iq_a",66242.7,-11.8236
"cg_iq_a",66242.7,-16.3156
"cg_iq_a",66242.7,-12.8065
"cg_iq_a",66242.7,-18.294
"cg_iq_a",66242.7,-20.7407
"cg_iq_a",66242.7,-15.8553
"cg_iq_a",66242.7,-10.1706
"cg_iq_a",66242.7,-8.83849
"cg_iq_a",66242.8,-13.2818
"cg_iq_a",66242.8,-13.5857
"cg_iq_a",66242.8,-16.9849
"cg_iq_a",66242.8,-16.5265
"cg_iq_a",66242.8,-16.5268
"cg_iq_a",66242.8,-14.0084
"cg_iq_a",66242.8,-14.8648
"cg_iq_a",66242.8,-15.0119
"cg_iq_a",66242.8,-21.4851
"cg_iq_a",66242.8,-11.9909
"cg_iq_a",66242.9,-14.6723
"cg_iq_a",66242.9,-8.00097
"cg_iq_a",66242.9,-16.1133
"cg_iq_a",66242.9,-11.5904
"cg_iq_a",66242.9,-18.4577
"cg_iq_a",66242.9,-17.9245
"cg_iq_a",66242.9,-17.0569
"cg_iq_a",66242.9,-11.0458
"cg_iq_a",66242.9,-17.0354
"cg_iq_a",66242.9,-21.372
"cg_iq_a",66243,-17.757
"cg_iq_a",66243,-12.7194
"cg_iq_a",66243,-12.9606
"cg_iq_a",66243,-11.3077
"cg_iq_a",66243,-14.3998
"cg_iq_a",66243,-14.6279
"cg_iq_a",66243,-15.543
"cg_iq_a",66243,-18.8738
"cg_iq_a",66243,-10.9272
"cg_iq_a",66243,-14.2695
"cg_iq_a",66243,-12.1517
"cg_iq_a",66243.1,-21.7948
"cg_iq_a",66243.1,-15.4899
"cg_iq_a",66243.1,-14.0332
"cg_iq_a",66243.1,-13.8439
"cg_iq_a",66243.1,-11.2586
"cg_iq_a",66243.1,-12.0286
"cg_iq_a",66243.1,-15.0138
"cg_iq_a",66243.1,-17.3496
"cg_iq_a",66243.1,-15.1834
"cg_iq_a",66243.1,-14.0525
"cg_iq_a",66243.2,-13.4445
"cg_iq_a",66243.2,-19.7837
"cg_iq_a",66243.2,-16.7207
"cg_iq_a",66243.2,-16.8735
"cg_iq_a",66243.2,-12.6856
"cg_iq_a",66243.2,-16.0506
"cg_iq_a",66243.2,-8.34691
"cg_iq_a",66243.2,-15.9203
"cg_iq_a",66243.2,-13.8171
"cg_iq_a",66243.2,-20.1075
"cg_iq_a",66243.3,-12.8369
"cg_iq_a",66243.3,-15.6761
"cg_iq_a",66243.3,-17.6352
"cg_iq_a",66243.3,-19.2622
"cg_iq_a",66243.3,-16.5026
"cg_iq_a",66243.3,-16.1452
"cg_iq_a",66243.3,-16.7404
"cg_iq_a",66243.3,-10.1534
"cg_iq_a",66243.3,-10.5327
"cg_iq_a",66243.4,-16.2921
"cg_iq_a",66243.4,-17.5931
"cg_iq_a",66243.4,-13.165
"cg_iq_a",66243.4,-14.5424
"cg_iq_a",66243.4,-13.279
"cg_iq_a",66243.4,-19.1326
"cg_iq_a",66243.4,-14.698
"cg_iq_a",66243.4,-20.1713
"cg_iq_a",66243.4,-14.8771
"cg_iq_a",66243.4,-17.1863
"cg_iq_a",66243.4,-10.2075
"cg_iq_a",66243.5,-13.5347
"cg_iq_a",66243.5,-19.13
"cg_iq_a",66243.5,-16.8343
"cg_iq_a",66243.5,-13.7864
"cg_iq_a",66243.5,-11.5851
"cg_iq_a",66243.5,-14.9057
"cg_iq_a",66243.5,-15.2925
"cg_iq_a",66243.5,-17.6232
"cg_iq_a",66243.5,-17.9725
"cg_iq_a",66243.5,-16.0727
"cg_iq_a",66243.6,-11.0784
"cg_iq_a",66243.6,-12.0311
"cg_iq_a",66243.6,-11.7245
"cg_iq_a",66243.6,-19.2116
"cg_iq_a",66243.6,-12.8273
"cg_iq_a",66243.6,-15.0474
"cg_iq_a",66243.6,-12.8208
"cg_iq_a",66243.6,-15.3893
"cg_iq_a",66243.6,-12.8665
"cg_iq_a",66243.6,-18.3182
"cg_iq_a",66243.7,-22.8691
"cg_iq_a",66243.7,-12.6868
"cg_iq_a",66243.7,-13.8214
"cg_iq_a",66243.7,-10.2184
"cg_iq_a",66243.7,-15.2697
"cg_iq_a",66243.7,-12.131
"cg_iq_a",66243.7,-14.7802
"cg_iq_a",66243.7,-14.6599
"cg_iq_a",66243.7,-16.1677
"cg_iq_a",66243.8,-11.6778
"cg_iq_a",66243.8,-16.0338
"cg_iq_a",66243.8,-19.2424
"cg_iq_a",66243.8,-20.526
"cg_iq_a",66243.8,-11.026
"cg_iq_a",66243.8,-14.8942
"cg_iq_a",66243.8,-10.1242
"cg_iq_a",66243.8,-16.3987
"cg_iq_a",66243.8,-15.1023
"cg_iq_a",66243.8,-16.5046
"cg_iq_a",66243.8,-17.9979
"cg_iq_a",66243.9,-12.0087
"cg_iq_a",66243.9,-12.7894
"cg_iq_a",66243.9,-13.8652
"cg_iq_a",66243.9,-22.0174
"cg_iq_a",66243.9,-16.6263
"cg_iq_a",66243.9,-13.9709
"cg_iq_a",66243.9,-13.882
"cg_iq_a",66243.9,-12.8608
"cg_iq_a",66243.9,-12.5325
"cg_iq_a",66243.9,-17.9416
"cg_iq_a",66244,-15.9569
"cg_iq_a",66244,-18.9139
"cg_iq_a",66244,-12.6174
"cg_iq_a",66244,-15.8218
"cg_iq_a",66244,-17.0775
"cg_iq_a",66244,-18.7365
"cg_iq_a",66244,-16.9893
"cg_iq_a",66244,-14.4242
"cg_iq_a",66244,-16.4855
"cg_iq_a",66244,-8.79978
"cg_iq_a",66244.1,-16.2711
"cg_iq_a",66244.1,-13.8794
"cg_iq_a",66244.1,-19.3904
"cg_iq_a",66244.1,-10.9397
"cg_iq_a",66244.1,-14.5223
"cg_iq_a",66244.1,-13.8983
"cg_iq_a",66244.1,-20.0449
"cg_iq_a",66244.1,-14.2708
"cg_iq_a",66244.1,-16.5839
"cg_iq_a",66244.1,-15.3423
"cg_iq_a",66244.2,-14.3732
"cg_iq_a",66244.2,-8.7701
"cg_iq_a",66244.2,-16.1906
"cg_iq_a",66244.2,-16.8413
"cg_iq_a",66244.2,-14.6431
"cg_iq_a",66244.2,-13.3553
"cg_iq_a",66244.2,-13.0445
"cg_iq_a",66244.2,-18.4578
"cg_iq_a",66244.2,-13.9105
"cg_iq_a",66244.2,-17.6092
"cg_iq_a",66244.3,-13.0488
"cg_iq_a",66244.3,-16.8853
"cg_iq_a",66244.3,-9.67363
"cg_iq_a",66244.3,-11.1249
"cg_iq_a",66244.3,-16.0494
"cg_iq_a",66244.3,-18.2546
"cg_iq_a",66244.3,-12.2263
"cg_iq_a",66244.3,-15.861
"cg_iq_a",66244.3,-13.796
"cg_iq_a",66244.3,-15.9727
"cg_iq_a",66244.4,-14.6868
"cg_iq_a",66244.4,-18.3432
"cg_iq_a",66244.4,-16.4346
"cg_iq_a",66244.4,-14.6076
"cg_iq_a",66244.4,-10.064
"cg_iq_a",66244.4,-11.9223
"cg_iq_a",66244.4,-18.8418
"cg_iq_a",66244.4,-12.1789
"cg_iq_a",66244.4,-15.3495
"cg_iq_a",66244.4,-11.3382
"cg_iq_a",66244.5,-16.453
"cg_iq_a",66244.5,-11.289
"cg_iq_a",66244.5,-18.1203
"cg_iq_a",66244.5,-19.7232
"cg_iq_a",66244.5,-16.6974
"cg_iq_a",66244.5,-9.75665
"cg_iq_a",66244.5,-10.4769
"cg_iq_a",66244.5,-14.5122
"cg_iq_a",66244.5,-15.6186
"cg_iq_a",66244.5,-14.8393
"cg_iq_a",66244.6,-16.1791
"cg_iq_a",66244.6,-15.1731
"cg_iq_a",66244.6,-10.8801
"cg_iq_a",66244.6,-14.7593
"cg_iq_a",66244.6,-16.8907
"cg_iq_a",66244.6,-22.6971
"cg_iq_a",66244.6,-10.2684
"cg_iq_a",66244.6,-15.0085
"cg_iq_a",66244.6,-10.3656
"cg_iq_a",66244.6,-17.7366
"cg_iq_a",66244.7,-13.6481
"cg_iq_a",66244.7,-17.4797
"cg_iq_a",66244.7,-18.7647
"cg_iq_a",66244.7,-17.8482
"cg_iq_a",66244.7,-9.76375
"cg_iq_a",66244.7,-17.4776
"cg_iq_a",66244.8,-19.9524
"cg_iq_a",66244.8,-19.8486
"cg_iq_a",66244.8,-14.2105
"cg_iq_a",66244.8,-13.3699
"cg_iq_a",66244.8,-11.6529
"cg_iq_a",66244.8,-15.3477
"cg_iq_a",66244.9,-17.7415
"cg_iq_a",66244.9,-16.5116
"cg_iq_a",66244.9,-19.6896
"cg_iq_a",66244.9,-9.21557
"cg_iq_a",66244.9,-16.7177
"cg_iq_a",66244.9,-14.8479
"cg_iq_a",66244.9,-21.772
"cg_iq_a",66244.9,-14.6986
"cg_iq_a",66245,-13.998
"cg_iq_a",66245,-11.6959
"cg_iq_a",66245,-14.1148
"cg_iq_a",66245,-16.5776
"cg_iq_a",66245,-18.6155
"cg_iq_a",66245,-15.3735
"cg_iq_a",66245.1,-15.1806
"cg_iq_a",66245.1,-8.74642
"cg_iq_a",66245.1,-16.8253
"cg_iq_a",66245.1,-15.0871
"cg_iq_a",66245.1,-20.1475
"cg_iq_a",66245.1,-12.1501
"cg_iq_a",66245.1,-14.272
"cg_iq_a",66245.1,-17.3137
"cg_iq_a",66245.1,-18.7402
"cg_iq_a",66245.1,-16.205
"cg_iq_a",66245.2,-13.0594
"cg_iq_a",66245.2,-15.425
"cg_iq_a",66245.2,-8.79015
"cg_iq_a",66245.2,-11.4416
"cg_iq_a",66245.2,-15.7207
"cg_iq_a",66245.2,-18.3863
"cg_iq_a",66245.2,-11.1933
"cg_iq_a",66245.2,-13.3167
"cg_iq_a",66245.2,-11.6451
"cg_iq_a",66245.2,-16.9514
"cg_iq_a",66245.3,-15.0912
"cg_iq_a",66245.3,-20.5749
"cg_iq_a",66245.3,-15.3024
"cg_iq_a",66245.3,-16.4172
"cg_iq_a",66245.3,-10.0107
"cg_iq_a",66245.3,-13.0359
"cg_iq_a",66245.3,-16.8543
"cg_iq_a",66245.3,-13.9721
"cg_iq_a",66245.3,-12.8545
"cg_iq_a",66245.3,-12.0619
"cg_iq_a",66245.4,-16.8299
"cg_iq_a",66245.4,-14.3902
"cg_iq_a",66245.4,-18.0529
"cg_iq_a",66245.4,-18.5868
"cg_iq_a",66245.4,-16.3425
"cg_iq_a",66245.4,-10.4694
"cg_iq_a",66245.4,-10.7934
"cg_iq_a",66245.4,-13.9143
"cg_iq_a",66245.4,-19.4951
"cg_iq_a",66245.4,-12.2566
"cg_iq_a",66245.5,-16.5912
"cg_iq_a",66245.5,-12.5962
"cg_iq_a",66245.5,-16.1672
"cg_iq_a",66245.5,-13.0156
"cg_iq_a",66245.5,-17.337
"cg_iq_a",66245.5,-22.2567
"cg_iq_a",66245.5,-13.0327
"cg_iq_a",66245.5,-12.1308
"cg_iq_a",66245.5,-10.998
"cg_iq_a",66245.5,-16.234
"cg_iq_a",66245.5,-13.8954
"cg_iq_a",66245.5,-15.6343
"cg_iq_a",66245.6,-16.7532
"cg_iq_a",66245.6,-16.5968
"cg_iq_a",66245.6,-10.9285
"cg_iq_a",66245.6,-16.8604
"cg_iq_a",66245.6,-19.0969
"cg_iq_a",66245.6,-21.2632
"cg_iq_a",66245.6,-10.8787
"cg_iq_a",66245.6,-14.5751
"cg_iq_a",66245.6,-13.3647
"cg_iq_a",66245.6,-15.7635
"cg_iq_a",66245.6,-15.1596
"cg_iq_a",66245.6,-15.4667
"cg_iq_a",66245.7,-19.5623
"cg_iq_a",66245.7,-13.1185
"cg_iq_a",66245.7,-13.5992
"cg_iq_a",66245.7,-14.5327
"cg_iq_a",66245.7,-22.7115
"cg_iq_a",66245.7,-14.7899
"cg_iq_a",66245.7,-13.3852
"cg_iq_a",66245.7,-13.6145
"cg_iq_a",66245.7,-13.8798
"cg_iq_a",66245.7,-12.2087
"cg_iq_a",66245.8,-16.5066
"cg_iq_a",66245.8,-15.9864
"cg_iq_a",66245.8,-16.3665
"cg_iq_a",66245.8,-11.1304
"cg_iq_a",66245.8,-16.831
"cg_iq_a",66245.8,-16.9107
"cg_iq_a",66245.8,-14.9863
"cg_iq_a",66245.8,-15.5419
"cg_iq_a",66245.8,-11.8188
"cg_iq_a",66245.8,-14.1105
"cg_iq_a",66245.8,-7.16351
"cg_iq_a",66245.8,-16.4968
"cg_iq_a",66245.9,-12.3775
"cg_iq_a",66245.9,-18.0397
"cg_iq_a",66245.9,-9.73447
"cg_iq_a",66245.9,-15.2196
"cg_iq_a",66245.9,-13.9411
"cg_iq_a",66245.9,-17.5059
"cg_iq_a",66245.9,-15.4228
"cg_iq_a",66245.9,-16.1709
"cg_iq_a",66245.9,-14.2384
"cg_iq_a",66245.9,-12.4503
"cg_iq_a",66246,-8.4555
"cg_iq_a",66246,-17.2087
"cg_iq_a",66246,-16.5504
"cg_iq_a",66246,-15.8689
"cg_iq_a",66246,-11.9115
"cg_iq_a",66246,-12.223
"cg_iq_a",66246,-16.3749
"cg_iq_a",66246,-12.8105
"cg_iq_a",66246,-17.8726
"cg_iq_a",66246,-12.3669
"cg_iq_a",66246,-16.7042
"cg_iq_a",66246.1,-8.67543
"cg_iq_a",66246.1,-12.1952
"cg_iq_a",66246.1,-16.6814
"cg_iq_a",66246.1,-17.625
"cg_iq_a",66246.1,-14.2609
"cg_iq_a",66246.1,-13.8688
"cg_iq_a",66246.1,-15.1819
"cg_iq_a",66246.1,-18.3195
"cg_iq_a",66246.1,-16.3268
"cg_iq_a",66246.1,-18.743
"cg_iq_a",66246.2,-16.9726
"cg_iq_a",66246.2,-11.0982
"cg_iq_a",66246.2,-9.3077
"cg_iq_a",66246.2,-11.7097
"cg_iq_a",66246.2,-20.2986
"cg_iq_a",66246.2,-11.5165
"cg_iq_a",66246.2,-16.2957
"cg_iq_a",66246.2,-11.6906
"cg_iq_a",66246.2,-17.976
"cg_iq_a",66246.2,-12.5456
"cg_iq_a",66246.3,-19.5056
"cg_iq_a",66246.3,-17.7348
"cg_iq_a",66246.3,-14.8503
"cg_iq_a",66246.3,-11.8017
"cg_iq_a",66246.3,-10.7661
"cg_iq_a",66246.3,-14.5063
"cg_iq_a",66246.3,-15.6976
"cg_iq_a",66246.3,-13.7378
"cg_iq_a",66246.3,-16.6865
"cg_iq_a",66246.4,-15.319
"cg_iq_a",66246.4,-14.5397
"cg_iq_a",66246.4,-19.2295
"cg_iq_a",66246.4,-15.8036
"cg_iq_a",66246.4,-20.9625
"cg_iq_a",66246.4,-11.3837
"cg_iq_a",66246.4,-13.7396
"cg_iq_a",66246.4,-9.82764
"cg_iq_a",66246.4,-17.2599
"cg_iq_a",66246.4,-14.4001
"cg_iq_a",66246.5,-17.3611
"cg_iq_a",66246.5,-15.7594
"cg_iq_a",66246.5,-14.5041
"cg_iq_a",66246.5,-14.3296
"cg_iq_a",66246.5,-18.1422
"cg_iq_a",66246.5,-22.6735
"cg_iq_a",66246.5,-15.7388
"cg_iq_a",66246.5,-14.375
"cg_iq_a",66246.5,-13.5413
"cg_iq_a",66246.5,-13.5134
"cg_iq_a",66246.6,-12.8391
"cg_iq_a",66246.6,-14.8927
"cg_iq_a",66246.6,-14.2107
"cg_iq_a",66246.6,-18.9542
"cg_iq_a",66246.6,-10.7435
"cg_iq_a",66246.6,-15.7295
"cg_iq_a",66246.6,-14.9407
"cg_iq_a",66246.6,-21.1442
"cg_iq_a",66246.6,-13.7675
"cg_iq_a",66246.6,-12.8946
"cg_iq_a",66246.6,-14.421
"cg_iq_a",66246.7,-12.4107
"cg_iq_a",66246.7,-12.9145
"cg_iq_a",66246.7,-14.6686
"cg_iq_a",66246.7,-18.1307
"cg_iq_a",66246.7,-10.1968
"cg_iq_a",66246.7,-12.0838
"cg_iq_a",66246.7,-13.8895
"cg_iq_a",66246.7,-17.3234
"cg_iq_a",66246.7,-13.1723
"cg_iq_a",66246.8,-13.9774
"cg_iq_a",66246.8,-11.026
"cg_iq_a",66246.8,-14.6002
"cg_iq_a",66246.8,-8.12097
"cg_iq_a",66246.8,-16.7546
"cg_iq_a",66246.8,-16.063
"cg_iq_a",66246.8,-18.0034
"cg_iq_a",66246.8,-10.7438
"cg_iq_a",66246.8,-14.551
"cg_iq_a",66246.8,-14.3513
"cg_iq_a",66246.9,-16.3248
"cg_iq_a",66246.9,-17.6087
"cg_iq_a",66246.9,-14.1675
"cg_iq_a",66246.9,-14.9912
"cg_iq_a",66246.9,-11.9063
"cg_iq_a",66246.9,-11.9584
"cg_iq_a",66246.9,-18.1951
"cg_iq_a",66246.9,-18.3079
"cg_iq_a",66246.9,-12.4204
"cg_iq_a",66246.9,-13.7572
"cg_iq_a",66247,-13.2886
"cg_iq_a",66247,-19.0408
"cg_iq_a",66247,-15.4641
"cg_iq_a",66247,-19.7556
"cg_vd_v",66241.9,-0.0806256
"cg_vd_v",66241.9,-0.0913556
"cg_vd_v",66242,-0.166361
"cg_vd_v",66242,-0.129264
"cg_vd_v",66242,0.056274
"cg_vd_v",66242,-0.245567
"cg_vd_v",66242,-0.113265
"cg_vd_v",66242,-0.289172
"cg_vd_v",66242,-0.386807
"cg_vd_v",66242,-0.236732
"cg_vd_v",66242,-0.414397
"cg_vd_v",66242,-0.0248722
"cg_vd_v",66242.1,-0.289757
"cg_vd_v",66242.1,-0.108486
"cg_vd_v",66242.1,-0.271602
"cg_vd_v",66242.1,-0.0550266
"cg_vd_v",66242.1,-0.076777
"cg_vd_v",66242.1,-0.144364
"cg_vd_v",66242.1,-0.23596
"cg_vd_v",66242.1,-0.329479
"cg_vd_v",66242.1,-0.293464
"cg_vd_v",66242.1,-0.334812
"cg_vd_v",66242.2,-0.234329
"cg_vd_v",66242.2,-0.0699415
"cg_vd_v",66242.2,-0.196182
"cg_vd_v",66242.2,-0.128514
"cg_vd_v",66242.2,-0.0706941
"cg_vd_v",66242.2,-0.113593
"cg_vd_v",66242.2,-0.089394
"cg_vd_v",66242.2,-0.171141
"cg_vd_v",66242.2,-0.113342
"cg_vd_v",66242.2,-0.422678
"cg_vd_v",66242.3,-0.29798
"cg_vd_v",66242.3,-0.395216
"cg_vd_v",66242.3,-0.207529
"cg_vd_v",66242.3,-0.153179
"cg_vd_v",66242.3,-0.262862
"cg_vd_v",66242.3,-0.135626
"cg_vd_v",66242.3,-0.0756413
"cg_vd_v",66242.3,-0.0761674
"cg_vd_v",66242.3,-0.0933205
"cg_vd_v",66242.3,-0.115706
"cg_vd_v",66242.4,-0.239866
"cg_vd_v",66242.4,-0.413871
"cg_vd_v",66242.4,-0.323535
"cg_vd_v",66242.4,-0.272517
"cg_vd_v",66242.4,-0.273941
"cg_vd_v",66242.4,-0.114369
"cg_vd_v",66242.4,-0.264006
"cg_vd_v",66242.4,-0.0798646
"cg_vd_v",66242.4,-0.179709
"cg_vd_v",66242.4,0.0414409
"cg_vd_v",66242.5,-0.0388882
"cg_vd_v",66242.5,-0.084718
"cg_vd_v",66242.5,-0.240414
"cg_vd_v",66242.5,-0.469797
"cg_vd_v",66242.5,-0.296736
"cg_vd_v",66242.5,-0.31628
"cg_vd_v",66242.5,-0.11464
"cg_vd_v",66242.5,-0.0352465
"cg_vd_v",66242.5,-0.110803
"cg_vd_v",66242.5,-0.122472
"cg_vd_v",66242.6,-0.201256
"cg_vd_v",66242.6,-0.166036
"cg_vd_v",66242.6,0.00727443
"cg_vd_v",66242.6,-0.0677941
"cg_vd_v",66242.6,-0.257355
"cg_vd_v",66242.6,-0.501669
"cg_vd_v",66242.6,-0.218954
"cg_vd_v",66242.6,-0.381975
"cg_vd_v",66242.6,-0.110396
"cg_vd_v",66242.6,-0.179427
"cg_vd_v",66242.7,-0.14411
"cg_vd_v",66242.7,-0.105101
"cg_vd_v",66242.7,-0.109476
"cg_vd_v",66242.7,0.0701403
"cg_vd_v",66242.7,0.047074
"cg_vd_v",66242.7,-0.093763
"cg_vd_v",66242.7,-0.391606
"cg_vd_v",66242.7,-0.366225
"cg_vd_v",66242.7,-0.279556
"cg_vd_v",66242.8,-0.367342
"cg_vd_v",66242.8,-0.227972
"cg_vd_v",66242.8,-0.0503167
"cg_vd_v",66242.8,-0.141039
"cg_vd_v",66242.8,-0.148862
"cg_vd_v",66242.8,-0.210914
"cg_vd_v",66242.8,-0.0196649
"cg_vd_v",66242.8,-0.186993
"cg_vd_v",66242.8,-0.144128
"cg_vd_v",66242.8,-0.32734
"cg_vd_v",66242.9,-0.372835
"cg_vd_v",66242.9,-0.303157
"cg_vd_v",66242.9,-0.428723
"cg_vd_v",66242.9,-0.0943523
"cg_vd_v",66242.9,-0.17443
"cg_vd_v",66242.9,-0.02657
"cg_vd_v",66242.9,-0.158935
"cg_vd_v",66242.9,-0.0812429
"cg_vd_v",66242.9,-0.00327484
"cg_vd_v",66242.9,-0.0727807
"cg_vd_v",66243,-0.269006
"cg_vd_v",66243,-0.270823
"cg_vd_v",66243,-0.337043
"cg_vd_v",66243,-0.280011
"cg_vd_v",66243,-0.393242
"cg_vd_v",66243,-0.0321861
"cg_vd_v",66243,-0.232269
"cg_vd_v",66243,-0.0759225
"cg_vd_v",66243,-0.169755
"cg_vd_v",66243,-0.0810352
"cg_vd_v",66243,-0.0319838
"cg_vd_v",66243.1,-0.178347
"cg_vd_v",66243.1,-0.23432
"cg_vd_v",66243.1,-0.427883
"cg_vd_v",66243.1,-0.286635
"cg_vd_v",66243.1,-0.411231
"cg_vd_v",66243.1,-0.224009
"cg_vd_v",66243.1,-0.11757
"cg_vd_v",66243.1,-0.225545
"cg_vd_v",66243.1,-0.165826
"cg_vd_v",66243.1,-0.130682
"cg_vd_v",66243.2,-0.0926572
"cg_vd_v",66243.2,-0.0994235
"cg_vd_v",66243.2,-0.129699
"cg_vd_v",66243.2,-0.165748
"cg_vd_v",66243.2,-0.452619
"cg_vd_v",66243.2,-0.317759
"cg_vd_v",66243.2,-0.314019
"cg_vd_v",66243.2,-0.168256
"cg_vd_v",66243.2,-0.119487
"cg_vd_v",66243.2,-0.157815
"cg_vd_v",66243.3,-0.0346096
"cg_vd_v",66243.3,-0.112784
"cg_vd_v",66243.3,0.00987888
"cg_vd_v",66243.3,-0.125536
"cg_vd_v",66243.3,-0.0851494
"cg_vd_v",66243.3,-0.211559
"cg_vd_v",66243.3,-0.468795
"cg_vd_v",66243.3,-0.359708
"cg_vd_v",66243.3,-0.230552
"cg_vd_v",66243.4,-0.165936
"cg_vd_v",66243.4,-0.116287
"cg_vd_v",66243.4,-0.14115
"cg_vd_v",66243.4,-0.0418261
"cg_vd_v",66243.4,-0.176681
"cg_vd_v",66243.4,-0.0764055
"cg_vd_v",66243.4,-0.064852
"cg_vd_v",66243.4,-0.0950854
"cg_vd_v",66243.4,-0.264418
"cg_vd_v",66243.4,-0.450489
"cg_vd_v",66243.4,-0.2379
"cg_vd_v",66243.5,-0.308157
"cg_vd_v",66243.5,-0.0853386
"cg_vd_v",66243.5,-0.129824
"cg_vd_v",66243.5,-0.131643
"cg_vd_v",66243.5,-0.168809
"cg_vd_v",66243.5,-0.177311
"cg_vd_v",66243.5,-0.100946
"cg_vd_v",66243.5,0.0121479
"cg_vd_v",66243.5,-0.134991
"cg_vd_v",66243.5,-0.36356
"cg_vd_v",66243.6,-0.467214
"cg_vd_v",66243.6,-0.288281
"cg_vd_v",66243.6,-0.4095
"cg_vd_v",66243.6,-0.0935305
"cg_vd_v",66243.6,-0.0954908
"cg_vd_v",66243.6,-0.109767
"cg_vd_v",66243.6,-0.144799
"cg_vd_v",66243.6,-0.174119
"cg_vd_v",66243.6,-0.0392228
"cg_vd_v",66243.6,-0.0226949
"cg_vd_v",66243.7,-0.110177
"cg_vd_v",66243.7,-0.348582
"cg_vd_v",66243.7,-0.387518
"cg_vd_v",66243.7,-0.282597
"cg_vd_v",66243.7,-0.322119
"cg_vd_v",66243.7,-0.152049
"cg_vd_v",66243.7,-0.110507
"cg_vd_v",66243.7,-0.0955575
"cg_vd_v",66243.7,-0.178964
"cg_vd_v",66243.8,-0.162914
"cg_vd_v",66243.8,-0.0102341
"cg_vd_v",66243.8,-0.123419
"cg_vd_v",66243.8,-0.211981
"cg_vd_v",66243.8,-0.264074
"cg_vd_v",66243.8,-0.409771
"cg_vd_v",66243.8,-0.254659
"cg_vd_v",66243.8,-0.323804
"cg_vd_v",66243.8,-0.0256624
"cg_vd_v",66243.8,-0.246039
"cg_vd_v",66243.8,-0.0398823
"cg_vd_v",66243.9,-0.226617
"cg_vd_v",66243.9,-0.0376478
"cg_vd_v",66243.9,-0.044888
"cg_vd_v",66243.9,-0.155712
"cg_vd_v",66243.9,-0.249499
"cg_vd_v",66243.9,-0.272831
"cg_vd_v",66243.9,-0.295843
"cg_vd_v",66243.9,-0.310898
"cg_vd_v",66243.9,-0.299252
"cg_vd_v",66243.9,-0.0415134
"cg_vd_v",66244,-0.250858
"cg_vd_v",66244,-0.0906727
"cg_vd_v",66244,-0.13475
"cg_vd_v",66244,-0.0963312
"cg_vd_v",66244,-0.0555352
"cg_vd_v",66244,-0.216115
"cg_vd_v",66244,-0.189597
"cg_vd_v",66244,-0.407211
"cg_vd_v",66244,-0.340126
"cg_vd_v",66244,-0.384601
"cg_vd_v",66244.1,-0.155084
"cg_vd_v",66244.1,-0.103007
"cg_vd_v",66244.1,-0.27359
"cg_vd_v",66244.1,-0.154729
"cg_vd_v",66244.1,-0.052415
"cg_vd_v",66244.1,-0.0136405
"cg_vd_v",66244.1,-0.0957371
"cg_vd_v",66244.1,-0.0999087
"cg_vd_v",66244.1,-0.174925
"cg_vd_v",66244.1,-0.485735
"cg_vd_v",66244.2,-0.307598
"cg_vd_v",66244.2,-0.253633
"cg_vd_v",66244.2,-0.206926
"cg_vd_v",66244.2,-0.107548
"cg_vd_v",66244.2,-0.273367
"cg_vd_v",66244.2,-0.0829323
"cg_vd_v",66244.2,-0.237047
"cg_vd_v",66244.2,0.0112894
"cg_vd_v",66244.2,-0.107343
"cg_vd_v",66244.2,-0.0548148
"cg_vd_v",66244.3,-0.297169
"cg_vd_v",66244.3,-0.492932
"cg_vd_v",66244.3,-0.251598
"cg_vd_v",66244.3,-0.268348
"cg_vd_v",66244.3,-0.1068
"cg_vd_v",66244.3,-0.158551
"cg_vd_v",66244.3,-0.171039
"cg_vd_v",66244.3,-0.0499277
"cg_vd_v",66244.3,-0.144571
"cg_vd_v",66244.3,-0.153436
"cg_vd_v",66244.4,0.01519
"cg_vd_v",66244.4,-0.176984
"cg_vd_v",66244.4,-0.31258
"cg_vd_v",66244.4,-0.512862
"cg_vd_v",66244.4,-0.216129
"cg_vd_v",66244.4,-0.425166
"cg_vd_v",66244.4,-0.0792481
"cg_vd_v",66244.4,-0.189824
"cg_vd_v",66244.4,-0.144174
"cg_vd_v",66244.4,-0.0983065
"cg_vd_v",66244.5,-0.201795
"cg_vd_v",66244.5,-0.120182
"cg_vd_v",66244.5,-0.0876251
"cg_vd_v",66244.5,-0.102286
"cg_vd_v",66244.5,-0.40666
"cg_vd_v",66244.5,-0.312314
"cg_vd_v",66244.5,-0.295601
"cg_vd_v",66244.5,-0.364606
"cg_vd_v",66244.5,-0.171793
"cg_vd_v",66244.5,-0.14411
"cg_vd_v",66244.6,-0.167317
"cg_vd_v",66244.6,-0.148144
"cg_vd_v",66244.6,-0.144119
"cg_vd_v",66244.6,0.023914
"cg_vd_v",66244.6,-0.101133
"cg_vd_v",66244.6,-0.0684375
"cg_vd_v",66244.6,-0.318126
"cg_vd_v",66244.6,-0.314312
"cg_vd_v",66244.6,-0.262098
"cg_vd_v",66244.6,-0.347441
"cg_vd_v",66244.7,-0.00218726
"cg_vd_v",66244.7,-0.204661
"cg_vd_v",66244.7,-0.10211
"cg_vd_v",66244.7,-0.237407
"cg_vd_v",66244.7,-0.0203509
"cg_vd_v",66244.7,0.0146817
"cg_vd_v",66244.8,-0.0798125
"cg_vd_v",66244.8,-0.199601
"cg_vd_v",66244.8,-0.299935
"cg_vd_v",66244.8,-0.384623
"cg_vd_v",66244.8,-0.321923
"cg_vd_v",66244.8,-0.383512
"cg_vd_v",66244.9,-0.0173629
"cg_vd_v",66244.9,-0.220002
"cg_vd_v",66244.9,-0.0269392
"cg_vd_v",66244.9,-0.119319
"cg_vd_v",66244.9,-0.0440448
"cg_vd_v",66244.9,-0.0289157
"cg_vd_v",66244.9,-0.154715
"cg_vd_v",66244.9,-0.250907
"cg_vd_v",66245,-0.360728
"cg_vd_v",66245,-0.385073
"cg_vd_v",66245,-0.200101
"cg_vd_v",66245,-0.117078
"cg_vd_v",66245,-0.317047
"cg_vd_v",66245,-0.181596
"cg_vd_v",66245.1,-0.329702
"cg_vd_v",66245.1,-0.292629
"cg_vd_v",66245.1,-0.210693
"cg_vd_v",66245.1,-0.121281
"cg_vd_v",66245.1,-0.301686
"cg_vd_v",66245.1,-0.105745
"cg_vd_v",66245.1,-0.223512
"cg_vd_v",66245.1,-0.0497022
"cg_vd_v",66245.1,-0.109538
"cg_vd_v",66245.1,-0.0740554
"cg_vd_v",66245.2,-0.30052
"cg_vd_v",66245.2,-0.441909
"cg_vd_v",66245.2,-0.357887
"cg_vd_v",66245.2,-0.203487
"cg_vd_v",66245.2,-0.155356
"cg_vd_v",66245.2,-0.107079
"cg_vd_v",66245.2,-0.238448
"cg_vd_v",66245.2,-0.101992
"cg_vd_v",66245.2,-0.204621
"cg_vd_v",66245.2,-0.0675733
"cg_vd_v",66245.3,0.0104434
"cg_vd_v",66245.3,-0.038686
"cg_vd_v",66245.3,-0.293309
"cg_vd_v",66245.3,-0.486704
"cg_vd_v",66245.3,-0.225964
"cg_vd_v",66245.3,-0.365365
"cg_vd_v",66245.3,-0.0591256
"cg_vd_v",66245.3,-0.242485
"cg_vd_v",66245.3,-0.122165
"cg_vd_v",66245.3,-0.17528
"cg_vd_v",66245.4,-0.123499
"cg_vd_v",66245.4,-0.138194
"cg_vd_v",66245.4,0.0327253
"cg_vd_v",66245.4,-0.0873751
"cg_vd_v",66245.4,-0.352848
"cg_vd_v",66245.4,-0.44726
"cg_vd_v",66245.4,-0.22318
"cg_vd_v",66245.4,-0.389888
"cg_vd_v",66245.4,-0.0298948
"cg_vd_v",66245.4,-0.0991521
"cg_vd_v",66245.5,-0.154664
"cg_vd_v",66245.5,-0.105166
"cg_vd_v",66245.5,-0.187499
"cg_vd_v",66245.5,0.00205479
"cg_vd_v",66245.5,-0.112573
"cg_vd_v",66245.5,-0.0685147
"cg_vd_v",66245.5,-0.390274
"cg_vd_v",66245.5,-0.370557
"cg_vd_v",66245.5,-0.205313
"cg_vd_v",66245.5,-0.31468
"cg_vd_v",66245.5,-0.118816
"cg_vd_v",66245.5,-0.0332581
"cg_vd_v",66245.6,-0.0725155
"cg_vd_v",66245.6,-0.184395
"cg_vd_v",66245.6,-0.123768
"cg_vd_v",66245.6,-0.0292532
"cg_vd_v",66245.6,-0.123089
"cg_vd_v",66245.6,-0.215086
"cg_vd_v",66245.6,-0.280854
"cg_vd_v",66245.6,-0.385091
"cg_vd_v",66245.6,-0.21053
"cg_vd_v",66245.6,-0.392601
"cg_vd_v",66245.6,0.0102768
"cg_vd_v",66245.6,-0.299058
"cg_vd_v",66245.7,-0.0463523
"cg_vd_v",66245.7,-0.156671
"cg_vd_v",66245.7,-0.0369384
"cg_vd_v",66245.7,-0.0775375
"cg_vd_v",66245.7,-0.200363
"cg_vd_v",66245.7,-0.307051
"cg_vd_v",66245.7,-0.32116
"cg_vd_v",66245.7,-0.296034
"cg_vd_v",66245.7,-0.271537
"cg_vd_v",66245.7,-0.287489
"cg_vd_v",66245.8,-0.077547
"cg_vd_v",66245.8,-0.225208
"cg_vd_v",66245.8,-0.157508
"cg_vd_v",66245.8,-0.0913296
"cg_vd_v",66245.8,-0.103018
"cg_vd_v",66245.8,-0.0200956
"cg_vd_v",66245.8,-0.182071
"cg_vd_v",66245.8,-0.196321
"cg_vd_v",66245.8,-0.496021
"cg_vd_v",66245.8,-0.332118
"cg_vd_v",66245.8,-0.358457
"cg_vd_v",66245.8,-0.215803
"cg_vd_v",66245.9,-0.0798128
"cg_vd_v",66245.9,-0.25001
"cg_vd_v",66245.9,-0.192219
"cg_vd_v",66245.9,-0.132124
"cg_vd_v",66245.9,-0.0123729
"cg_vd_v",66245.9,-0.158827
"cg_vd_v",66245.9,-0.101141
"cg_vd_v",66245.9,-0.234741
"cg_vd_v",66245.9,-0.462231
"cg_vd_v",66245.9,-0.32826
"cg_vd_v",66246,-0.242166
"cg_vd_v",66246,-0.234402
"cg_vd_v",66246,-0.14391
"cg_vd_v",66246,-0.307576
"cg_vd_v",66246,-0.0706301
"cg_vd_v",66246,-0.165189
"cg_vd_v",66246,-0.0648142
"cg_vd_v",66246,-0.0833736
"cg_vd_v",66246,-0.0573292
"cg_vd_v",66246,-0.303842
"cg_vd_v",66246,-0.512258
"cg_vd_v",66246.1,-0.316161
"cg_vd_v",66246.1,-0.202265
"cg_vd_v",66246.1,-0.0858729
"cg_vd_v",66246.1,-0.195861
"cg_vd_v",66246.1,-0.129391
"cg_vd_v",66246.1,-0.157648
"cg_vd_v",66246.1,-0.165109
"cg_vd_v",66246.1,-0.0477512
"cg_vd_v",66246.1,0.0137014
"cg_vd_v",66246.1,-0.106113
"cg_vd_v",66246.2,-0.251972
"cg_vd_v",66246.2,-0.509344
"cg_vd_v",66246.2,-0.109662
"cg_vd_v",66246.2,-0.374606
"cg_vd_v",66246.2,-0.0628566
"cg_vd_v",66246.2,-0.15233
"cg_vd_v",66246.2,-0.125819
"cg_vd_v",66246.2,-0.134807
"cg_vd_v",66246.2,-0.131413
"cg_vd_v",66246.2,0.0220949
"cg_vd_v",66246.3,-0.0280777
"cg_vd_v",66246.3,-0.0906328
"cg_vd_v",66246.3,-0.345004
"cg_vd_v",66246.3,-0.35067
"cg_vd_v",66246.3,-0.32178
"cg_vd_v",66246.3,-0.339232
"cg_vd_v",66246.3,-0.198839
"cg_vd_v",66246.3,-0.0641597
"cg_vd_v",66246.3,-0.135952
"cg_vd_v",66246.4,-0.161682
"cg_vd_v",66246.4,-0.118887
"cg_vd_v",66246.4,0.160492
"cg_vd_v",66246.4,-0.152824
"cg_vd_v",66246.4,-0.134192
"cg_vd_v",66246.4,-0.279383
"cg_vd_v",66246.4,-0.35933
"cg_vd_v",66246.4,-0.22517
"cg_vd_v",66246.4,-0.34413
"cg_vd_v",66246.4,-0.0644911
"cg_vd_v",66246.5,-0.0962495
"cg_vd_v",66246.5,-0.0779202
"cg_vd_v",66246.5,-0.182509
"cg_vd_v",66246.5,-0.0490322
"cg_vd_v",66246.5,0.0484799
"cg_vd_v",66246.5,-0.0967842
"cg_vd_v",66246.5,-0.312807
"cg_vd_v",66246.5,-0.303165
"cg_vd_v",66246.5,-0.376023
"cg_vd_v",66246.5,-0.308965
"cg_vd_v",66246.6,-0.375722
"cg_vd_v",66246.6,-0.0132788
"cg_vd_v",66246.6,-0.285523
"cg_vd_v",66246.6,-0.046899
"cg_vd_v",66246.6,-0.140033
"cg_vd_v",66246.6,-0.0246668
"cg_vd_v",66246.6,-0.0517515
"cg_vd_v",66246.6,-0.161107
"cg_vd_v",66246.6,-0.235627
"cg_vd_v",66246.6,-0.473644
"cg_vd_v",66246.6,-0.254124
"cg_vd_v",66246.7,-0.394955
"cg_vd_v",66246.7,-0.261055
"cg_vd_v",66246.7,-0.155502
"cg_vd_v",66246.7,-0.215728
"cg_vd_v",66246.7,-0.15464
"cg_vd_v",66246.7,-0.0716353
"cg_vd_v",66246.7,-0.0810476
"cg_vd_v",66246.7,-0.0604409
"cg_vd_v",66246.7,-0.13871
"cg_vd_v",66246.8,-0.159854
"cg_vd_v",66246.8,-0.498482
"cg_vd_v",66246.8,-0.338565
"cg_vd_v",66246.8,-0.239968
"cg_vd_v",66246.8,-0.21842
"cg_vd_v",66246.8,-0.150328
"cg_vd_v",66246.8,-0.261738
"cg_vd_v",66246.8,-0.105186
"cg_vd_v",66246.8,-0.207054
"cg_vd_v",66246.8,-0.0239063
"cg_vd_v",66246.9,-0.106504
"cg_vd_v",66246.9,-0.0712451
"cg_vd_v",66246.9,-0.239343
"cg_vd_v",66246.9,-0.485844
"cg_vd_v",66246.9,-0.333931
"cg_vd_v",66246.9,-0.225995
"cg_vd_v",66246.9,-0.110059
"cg_vd_v",66246.9,-0.123044
"cg_vd_v",66246.9,-0.242081
"cg_vd_v",66246.9,-0.123158
"cg_vd_v",66247,-0.146632
"cg_vd_v",66247,-0.0132812
"cg_vd_v",66247,0.0193117
"cg_vd_v",66247,-0.0518507
"cg_vd_v",66247,-0.26758
"cg_vd_v",66247,-0.550491
"cg_vq_v",66242,10.9256
"cg_vq_v",66242,11.0552
"cg_vq_v",66242,11.256
"cg_vq_v",66242,11.6274
"cg_vq_v",66242,11.1968
"cg_vq_v",66242,11.3185
"cg_vq_v",66242,10.9303
"cg_vq_v",66242,11.0635
"cg_vq_v",66242,10.9427
"cg_vq_v",66242.1,11.0372
"cg_vq_v",66242.1,11.2375
"cg_vq_v",66242.1,11.0312
"cg_vq_v",66242.1,10.9775
"cg_vq_v",66242.1,10.9843
"cg_vq_v",66242.1,11.3526
"cg_vq_v",66242.1,11.4685
"cg_vq_v",66242.1,11.2943
"cg_vq_v",66242.1,11.2384
"cg_vq_v",66242.1,11.0284
"cg_vq_v",66242.2,10.8447
"cg_vq_v",66242.2,11.0609
"cg_vq_v",66242.2,11.1182
"cg_vq_v",66242.2,11.2693
"cg_vq_v",66242.2,11.0063
"cg_vq_v",66242.2,11.0544
"cg_vq_v",66242.2,11.1383
"cg_vq_v",66242.2,11.3667
"cg_vq_v",66242.2,11.4031
"cg_vq_v",66242.2,11.2227
"cg_vq_v",66242.3,11.3681
"cg_vq_v",66242.3,10.8933
"cg_vq_v",66242.3,10.9571
"cg_vq_v",66242.3,11.0006
"cg_vq_v",66242.3,11.2904
"cg_vq_v",66242.3,10.9876
"cg_vq_v",66242.3,11.1334
"cg_vq_v",66242.3,10.998
"cg_vq_v",66242.3,11.2278
"cg_vq_v",66242.3,11.1249
"cg_vq_v",66242.4,11.4131
"cg_vq_v",66242.4,11.2638
"cg_vq_v",66242.4,11.2492
"cg_vq_v",66242.4,10.8078
"cg_vq_v",66242.4,11.0677
"cg_vq_v",66242.4,11.0352
"cg_vq_v",66242.4,11.2534
"cg_vq_v",66242.4,11.0339
"cg_vq_v",66242.4,11.0539
"cg_vq_v",66242.4,11.1628
"cg_vq_v",66242.5,11.0588
"cg_vq_v",66242.5,11.3817
"cg_vq_v",66242.5,11.3513
"cg_vq_v",66242.5,11.3916
"cg_vq_v",66242.5,11.0407
"cg_vq_v",66242.5,10.9136
"cg_vq_v",66242.5,11.0354
"cg_vq_v",66242.5,11.1372
"cg_vq_v",66242.5,11.0042
"cg_vq_v",66242.5,11.1666
"cg_vq_v",66242.6,11.1313
"cg_vq_v",66242.6,11.1045
"cg_vq_v",66242.6,11.0922
"cg_vq_v",66242.6,11.3535
"cg_vq_v",66242.6,11.4397
"cg_vq_v",66242.6,11.2066
"cg_vq_v",66242.6,11.0299
"cg_vq_v",66242.6,10.9226
"cg_vq_v",66242.6,11.1601
"cg_vq_v",66242.6,11.0246
"cg_vq_v",66242.7,11.1799
"cg_vq_v",66242.7,10.971
"cg_vq_v",66242.7,11.1136
"cg_vq_v",66242.7,10.962
"cg_vq_v",66242.7,11.2397
"cg_vq_v",66242.7,11.5184
"cg_vq_v",66242.7,11.4469
"cg_vq_v",66242.7,11.1352
"cg_vq_v",66242.7,10.9502
"cg_vq_v",66242.8,10.9102
"cg_vq_v",66242.8,10.9671
"cg_vq_v",66242.8,11.113
"cg_vq_v",66242.8,11.1863
"cg_vq_v",66242.8,11.184
"cg_vq_v",66242.8,11.0592
"cg_vq_v",66242.8,11.0498
"cg_vq_v",66242.8,11.1181
"cg_vq_v",66242.8,11.5584
"cg_vq_v",66242.8,11.2684
"cg_vq_v",66242.9,11.3023
"cg_vq_v",66242.9,10.9058
"cg_vq_v",66242.9,11.0372
"cg_vq_v",66242.9,10.8833
"cg_vq_v",66242.9,11.1767
"cg_vq_v",66242.9,11.2321
"cg_vq_v",66242.9,11.2118
"cg_vq_v",66242.9,10.9019
"cg_vq_v",66242.9,11.1335
"cg_vq_v",66242.9,11.393
"cg_vq_v",66243,11.4793
"cg_vq_v",66243,11.2642
"cg_vq_v",66243,11.2058
"cg_vq_v",66243,10.9714
"cg_vq_v",66243,10.9683
"cg_vq_v",66243,11.0025
"cg_vq_v",66243,11.092
"cg_vq_v",66243,11.2989
"cg_vq_v",66243,10.9805
"cg_vq_v",66243,11.036
"cg_vq_v",66243,10.9292
"cg_vq_v",66243.1,11.4379
"cg_vq_v",66243.1,11.3963
"cg_vq_v",66243.1,11.3115
"cg_vq_v",66243.1,11.2581
"cg_vq_v",66243.1,10.9887
"cg_vq_v",66243.1,10.8775
"cg_vq_v",66243.1,11.0256
"cg_vq_v",66243.1,11.1682
"cg_vq_v",66243.1,11.163
"cg_vq_v",66243.1,11.058
"cg_vq_v",66243.2,10.976
"cg_vq_v",66243.2,11.2436
"cg_vq_v",66243.2,11.2441
"cg_vq_v",66243.2,11.4524
"cg_vq_v",66243.2,11.2526
"cg_vq_v",66243.2,11.352
"cg_vq_v",66243.2,10.8263
"cg_vq_v",66243.2,11.0198
"cg_vq_v",66243.2,10.966
"cg_vq_v",66243.2,11.2885
"cg_vq_v",66243.3,11.0305
"cg_vq_v",66243.3,11.101
"cg_vq_v",66243.3,11.142
"cg_vq_v",66243.3,11.2669
"cg_vq_v",66243.3,11.2608
"cg_vq_v",66243.3,11.4353
"cg_vq_v",66243.3,11.4027
"cg_vq_v",66243.3,11.0813
"cg_vq_v",66243.3,10.8454
"cg_vq_v",66243.4,11.0337
"cg_vq_v",66243.4,11.1338
"cg_vq_v",66243.4,11.0473
"cg_vq_v",66243.4,11.119
"cg_vq_v",66243.4,11.0255
"cg_vq_v",66243.4,11.2307
"cg_vq_v",66243.4,11.0725
"cg_vq_v",66243.4,11.4159
"cg_vq_v",66243.4,11.3444
"cg_vq_v",66243.4,11.411
"cg_vq_v",66243.4,11.0405
"cg_vq_v",66243.5,10.9584
"cg_vq_v",66243.5,11.1884
"cg_vq_v",66243.5,11.1517
"cg_vq_v",66243.5,11.0878
"cg_vq_v",66243.5,11.0085
"cg_vq_v",66243.5,11.0786
"cg_vq_v",66243.5,11.0728
"cg_vq_v",66243.5,11.2024
"cg_vq_v",66243.5,11.3673
"cg_vq_v",66243.5,11.417
"cg_vq_v",66243.6,11.1728
"cg_vq_v",66243.6,11.0765
"cg_vq_v",66243.6,10.8663
"cg_vq_v",66243.6,11.2035
"cg_vq_v",66243.6,10.9815
"cg_vq_v",66243.6,11.1303
"cg_vq_v",66243.6,11.0244
"cg_vq_v",66243.6,11.0893
"cg_vq_v",66243.6,10.9423
"cg_vq_v",66243.6,11.2299
"cg_vq_v",66243.7,11.5982
"cg_vq_v",66243.7,11.2748
"cg_vq_v",66243.7,11.2578
"cg_vq_v",66243.7,10.9924
"cg_vq_v",66243.7,11.011
"cg_vq_v",66243.7,10.9272
"cg_vq_v",66243.7,11.0439
"cg_vq_v",66243.7,11.0998
"cg_vq_v",66243.7,11.1596
"cg_vq_v",66243.8,10.9343
"cg_vq_v",66243.8,11.085
"cg_vq_v",66243.8,11.3042
"cg_vq_v",66243.8,11.5935
"cg_vq_v",66243.8,11.2229
"cg_vq_v",66243.8,11.313
"cg_vq_v",66243.8,10.9502
"cg_vq_v",66243.8,11.0508
"cg_vq_v",66243.8,11.0281
"cg_vq_v",66243.8,11.1525
"cg_vq_v",66243.8,11.2744
"cg_vq_v",66243.9,11.0082
"cg_vq_v",66243.9,10.951
"cg_vq_v",66243.9,10.994
"cg_vq_v",66243.9,11.4358
"cg_vq_v",66243.9,11.4374
"cg_vq_v",66243.9,11.3046
"cg_vq_v",66243.9,11.2293
"cg_vq_v",66243.9,11.028
"cg_vq_v",66243.9,10.8997
"cg_vq_v",66243.9,11.1558
"cg_vq_v",66244,11.1369
"cg_vq_v",66244,11.3252
"cg_vq_v",66244,10.9898
"cg_vq_v",66244,11.044
"cg_vq_v",66244,11.1076
"cg_vq_v",66244,11.3226
"cg_vq_v",66244,11.4321
"cg_vq_v",66244,11.3098
"cg_vq_v",66244,11.3485
"cg_vq_v",66244,10.8459
"cg_vq_v",66244.1,11.0432
"cg_vq_v",66244.1,11.013
"cg_vq_v",66244.1,11.2994
"cg_vq_v",66244.1,11.0001
"cg_vq_v",66244.1,11.0695
"cg_vq_v",66244.1,10.9905
"cg_vq_v",66244.1,11.2747
"cg_vq_v",66244.1,11.1706
"cg_vq_v",66244.1,11.4202
"cg_vq_v",66244.1,11.319
"cg_vq_v",66244.2,11.2411
"cg_vq_v",66244.2,10.7891
"cg_vq_v",66244.2,11.0428
"cg_vq_v",66244.2,11.0931
"cg_vq_v",66244.2,11.1076
"cg_vq_v",66244.2,11.0639
"cg_vq_v",66244.2,10.9853
"cg_vq_v",66244.2,11.1858
"cg_vq_v",66244.2,11.0681
"cg_vq_v",66244.2,11.3434
"cg_vq_v",66244.3,11.3049
"cg_vq_v",66244.3,11.4149
"cg_vq_v",66244.3,11.0187
"cg_vq_v",66244.3,10.8652
"cg_vq_v",66244.3,11.0298
"cg_vq_v",66244.3,11.1794
"cg_vq_v",66244.3,10.9872
"cg_vq_v",66244.3,11.15
"cg_vq_v",66244.3,11.014
"cg_vq_v",66244.3,11.0996
"cg_vq_v",66244.4,11.0898
"cg_vq_v",66244.4,11.3858
"cg_vq_v",66244.4,11.4388
"cg_vq_v",66244.4,11.3275
"cg_vq_v",66244.4,11.0233
"cg_vq_v",66244.4,10.8845
"cg_vq_v",66244.4,11.1781
"cg_vq_v",66244.4,10.9457
"cg_vq_v",66244.4,11.1222
"cg_vq_v",66244.4,10.973
"cg_vq_v",66244.5,11.1212
"cg_vq_v",66244.5,10.9033
"cg_vq_v",66244.5,11.2307
"cg_vq_v",66244.5,11.4625
"cg_vq_v",66244.5,11.4541
"cg_vq_v",66244.5,11.1041
"cg_vq_v",66244.5,11.0025
"cg_vq_v",66244.5,10.9783
"cg_vq_v",66244.5,11.0721
"cg_vq_v",66244.5,11.0463
"cg_vq_v",66244.6,11.1568
"cg_vq_v",66244.6,11.102
"cg_vq_v",66244.6,10.8806
"cg_vq_v",66244.6,11.0308
"cg_vq_v",66244.6,11.1884
"cg_vq_v",66244.6,11.6334
"cg_vq_v",66244.6,11.1783
"cg_vq_v",66244.6,11.2969
"cg_vq_v",66244.6,10.9807
"cg_vq_v",66244.6,11.1353
"cg_vq_v",66244.7,11.011
"cg_vq_v",66244.7,11.2016
"cg_vq_v",66244.7,11.3073
"cg_vq_v",66244.7,11.2365
"cg_vq_v",66244.7,10.8203
"cg_vq_v",66244.7,11.1304
"cg_vq_v",66244.8,11.3267
"cg_vq_v",66244.8,11.556
"cg_vq_v",66244.8,11.3084
"cg_vq_v",66244.8,11.2131
"cg_vq_v",66244.8,10.9892
"cg_vq_v",66244.8,11.0232
"cg_vq_v",66244.9,11.1413
"cg_vq_v",66244.9,11.1472
"cg_vq_v",66244.9,11.3242
"cg_vq_v",66244.9,10.8786
"cg_vq_v",66244.9,11.1233
"cg_vq_v",66244.9,11.0734
"cg_vq_v",66244.9,11.5095
"cg_vq_v",66244.9,11.389
"cg_vq_v",66245,11.3112
"cg_vq_v",66245,10.9397
"cg_vq_v",66245,10.9219
"cg_vq_v",66245,11.0931
"cg_vq_v",66245,11.2427
"cg_vq_v",66245,11.1811
"cg_vq_v",66245.1,11.279
"cg_vq_v",66245.1,10.8026
"cg_vq_v",66245.1,11.0561
"cg_vq_v",66245.1,11.0458
"cg_vq_v",66245.1,11.3391
"cg_vq_v",66245.1,11.0431
"cg_vq_v",66245.1,11.0475
"cg_vq_v",66245.1,11.1241
"cg_vq_v",66245.1,11.253
"cg_vq_v",66245.1,11.272
"cg_vq_v",66245.2,11.3
"cg_vq_v",66245.2,11.3384
"cg_vq_v",66245.2,11.0088
"cg_vq_v",66245.2,10.887
"cg_vq_v",66245.2,11.0419
"cg_vq_v",66245.2,11.2123
"cg_vq_v",66245.2,10.9868
"cg_vq_v",66245.2,11.0637
"cg_vq_v",66245.2,10.9162
"cg_vq_v",66245.2,11.1168
"cg_vq_v",66245.3,11.0873
"cg_vq_v",66245.3,11.4682
"cg_vq_v",66245.3,11.3819
"cg_vq_v",66245.3,11.4016
"cg_vq_v",66245.3,11.025
"cg_vq_v",66245.3,10.9465
"cg_vq_v",66245.3,11.0869
"cg_vq_v",66245.3,11.0237
"cg_vq_v",66245.3,11.0132
"cg_vq_v",66245.3,10.9777
"cg_vq_v",66245.4,11.1093
"cg_vq_v",66245.4,11.0271
"cg_vq_v",66245.4,11.2293
"cg_vq_v",66245.4,11.4304
"cg_vq_v",66245.4,11.4452
"cg_vq_v",66245.4,11.1282
"cg_vq_v",66245.4,11.017
"cg_vq_v",66245.4,10.9493
"cg_vq_v",66245.4,11.1994
"cg_vq_v",66245.4,10.9358
"cg_vq_v",66245.5,11.1589
"cg_vq_v",66245.5,11.0094
"cg_vq_v",66245.5,11.1091
"cg_vq_v",66245.5,10.9663
"cg_vq_v",66245.5,11.2172
"cg_vq_v",66245.5,11.5945
"cg_vq_v",66245.5,11.2859
"cg_vq_v",66245.5,11.1541
"cg_vq_v",66245.5,10.9852
"cg_vq_v",66245.5,11.04
"cg_vq_v",66245.5,11.0072
"cg_vq_v",66245.5,11.0949
"cg_vq_v",66245.6,11.1886
"cg_vq_v",66245.6,11.1747
"cg_vq_v",66245.6,10.9011
"cg_vq_v",66245.6,11.1431
"cg_vq_v",66245.6,11.3165
"cg_vq_v",66245.6,11.6082
"cg_vq_v",66245.6,11.1723
"cg_vq_v",66245.6,11.2438
"cg_vq_v",66245.6,11.0515
"cg_vq_v",66245.6,11.0551
"cg_vq_v",66245.6,11.0638
"cg_vq_v",66245.6,11.1043
"cg_vq_v",66245.7,11.3025
"cg_vq_v",66245.7,11.0322
"cg_vq_v",66245.7,10.9875
"cg_vq_v",66245.7,11.0548
"cg_vq_v",66245.7,11.5109
"cg_vq_v",66245.7,11.3834
"cg_vq_v",66245.7,11.2779
"cg_vq_v",66245.7,11.2044
"cg_vq_v",66245.7,11.0732
"cg_vq_v",66245.7,10.9046
"cg_vq_v",66245.8,11.125
"cg_vq_v",66245.8,11.1304
"cg_vq_v",66245.8,11.2152
"cg_vq_v",66245.8,10.9202
"cg_vq_v",66245.8,11.1053
"cg_vq_v",66245.8,11.1392
"cg_vq_v",66245.8,11.2504
"cg_vq_v",66245.8,11.4139
"cg_vq_v",66245.8,11.2107
"cg_vq_v",66245.8,11.2162
"cg_vq_v",66245.8,10.7541
"cg_vq_v",66245.8,11.0328
"cg_vq_v",66245.9,10.9437
"cg_vq_v",66245.9,11.2283
"cg_vq_v",66245.9,10.9387
"cg_vq_v",66245.9,11.073
"cg_vq_v",66245.9,11.0021
"cg_vq_v",66245.9,11.1978
"cg_vq_v",66245.9,11.2319
"cg_vq_v",66245.9,11.4303
"cg_vq_v",66245.9,11.2885
"cg_vq_v",66245.9,11.1652
"cg_vq_v",66246,10.8039
"cg_vq_v",66246,11.0877
"cg_vq_v",66246,11.1007
"cg_vq_v",66246,11.1437
"cg_vq_v",66246,10.9874
"cg_vq_v",66246,10.9329
"cg_vq_v",66246,11.1075
"cg_vq_v",66246,11.0292
"cg_vq_v",66246,11.3548
"cg_vq_v",66246,11.2685
"cg_vq_v",66246,11.3718
"cg_vq_v",66246.1,10.9721
"cg_vq_v",66246.1,10.9061
"cg_vq_v",66246.1,11.0676
"cg_vq_v",66246.1,11.1836
"cg_vq_v",66246.1,11.071
"cg_vq_v",66246.1,11.0709
"cg_vq_v",66246.1,11.0465
"cg_vq_v",66246.1,11.1983
"cg_vq_v",66246.1,11.1661
"cg_vq_v",66246.1,11.4206
"cg_vq_v",66246.2,11.4514
"cg_vq_v",66246.2,11.1539
"cg_vq_v",66246.2,10.9688
"cg_vq_v",66246.2,10.8979
"cg_vq_v",66246.2,11.2699
"cg_vq_v",66246.2,10.9265
"cg_vq_v",66246.2,11.1368
"cg_vq_v",66246.2,10.9492
"cg_vq_v",66246.2,11.1581
"cg_vq_v",66246.2,10.9586
"cg_vq_v",66246.3,11.3324
"cg_vq_v",66246.3,11.4335
"cg_vq_v",66246.3,11.3852
"cg_vq_v",66246.3,11.1651
"cg_vq_v",66246.3,11.0018
"cg_vq_v",66246.3,10.9881
"cg_vq_v",66246.3,11.0798
"cg_vq_v",66246.3,10.9892
"cg_vq_v",66246.3,11.1487
"cg_vq_v",66246.4,11.068
"cg_vq_v",66246.4,11.0206
"cg_vq_v",66246.4,11.2229
"cg_vq_v",66246.4,11.2043
"cg_vq_v",66246.4,11.5966
"cg_vq_v",66246.4,11.2101
"cg_vq_v",66246.4,11.2258
"cg_vq_v",66246.4,10.9411
"cg_vq_v",66246.4,11.1084
"cg_vq_v",66246.4,11.0468
"cg_vq_v",66246.5,11.1724
"cg_vq_v",66246.5,11.1516
"cg_vq_v",66246.5,11.0586
"cg_vq_v",66246.5,10.9919
"cg_vq_v",66246.5,11.1751
"cg_vq_v",66246.5,11.5009
"cg_vq_v",66246.5,11.4174
"cg_vq_v",66246.5,11.3245
"cg_vq_v",66246.5,11.2192
"cg_vq_v",66246.5,11.0767
"cg_vq_v",66246.6,10.9486
"cg_vq_v",66246.6,11.0817
"cg_vq_v",66246.6,11.0723
"cg_vq_v",66246.6,11.3159
"cg_vq_v",66246.6,10.9187
"cg_vq_v",66246.6,11.0782
"cg_vq_v",66246.6,11.0679
"cg_vq_v",66246.6,11.4747
"cg_vq_v",66246.6,11.3181
"cg_vq_v",66246.6,11.2358
"cg_vq_v",66246.6,11.2167
"cg_vq_v",66246.7,11.007
"cg_vq_v",66246.7,10.9351
"cg_vq_v",66246.7,11.0782
"cg_vq_v",66246.7,11.2341
"cg_vq_v",66246.7,10.9563
"cg_vq_v",66246.7,10.9259
"cg_vq_v",66246.7,10.9826
"cg_vq_v",66246.7,11.182
"cg_vq_v",66246.7,11.1788
"cg_vq_v",66246.8,11.3462
"cg_vq_v",66246.8,11.1563
"cg_vq_v",66246.8,11.2327
"cg_vq_v",66246.8,10.7909
"cg_vq_v",66246.8,11.0716
"cg_vq_v",66246.8,11.1082
"cg_vq_v",66246.8,11.2178
"cg_vq_v",66246.8,10.9379
"cg_vq_v",66246.8,11.0277
"cg_vq_v",66246.8,11.0167
"cg_vq_v",66246.9,11.1616
"cg_vq_v",66246.9,11.3548
"cg_vq_v",66246.9,11.342
"cg_vq_v",66246.9,11.2988
"cg_vq_v",66246.9,11.1216
"cg_vq_v",66246.9,10.9169
"cg_vq_v",66246.9,11.1613
"cg_vq_v",66246.9,11.2274
"cg_vq_v",66246.9,11.0312
"cg_vq_v",66246.9,11.0815
"cg_vq_v",66247,10.977
"cg_vq_v",66247,11.2273
"cg_vq_v",66247,11.1267
"cg_vq_v",66247,11.462
"cg_vq_v",66247,11.3806
"cg_vq_v",66247,11.3438
"cg_vq_v",66247,11.0255
"cg_vq_v",66247,10.9992
"cg_vq_v",66247,11.198
"vdc_v",66242,49.268
"vdc_v",66242,48.8281
"vdc_v",66242,49.268
"vdc_v",66242,49.7079
"vdc_v",66242,49.7079
"vdc_v",66242.1,49.7079
"vdc_v",66242.1,49.268
"vdc_v",66242.1,48.8281
"vdc_v",66242.1,49.268
"vdc_v",66242.1,49.7079
"vdc_v",66242.1,49.7079
"vdc_v",66242.1,49.7079
"vdc_v",66242.1,49.268
"vdc_v",66242.1,48.8281
"vdc_v",66242.1,49.268
"vdc_v",66242.2,49.7079
"vdc_v",66242.2,49.7079
"vdc_v",66242.2,49.7079
"vdc_v",66242.2,49.268
"vdc_v",66242.2,48.8281
"vdc_v",66242.2,49.268
"vdc_v",66242.2,49.7079
"vdc_v",66242.2,49.7079
"vdc_v",66242.2,49.268
"vdc_v",66242.2,49.268
"vdc_v",66242.3,48.8281
"vdc_v",66242.3,49.268
"vdc_v",66242.3,49.7079
"vdc_v",66242.3,49.7079
"vdc_v",66242.3,49.7079
"vdc_v",66242.3,49.268
"vdc_v",66242.3,48.8281
"vdc_v",66242.3,49.268
"vdc_v",66242.3,49.7079
"vdc_v",66242.3,49.7079
"vdc_v",66242.4,49.268
"vdc_v",66242.4,49.268
"vdc_v",66242.4,48.8281
"vdc_v",66242.4,49.268
"vdc_v",66242.4,49.7079
"vdc_v",66242.4,49.7079
"vdc_v",66242.4,49.7079
"vdc_v",66242.4,48.8281
"vdc_v",66242.4,48.8281
"vdc_v",66242.4,49.268
"vdc_v",66242.5,49.7079
"vdc_v",66242.5,49.7079
"vdc_v",66242.5,49.268
"vdc_v",66242.5,48.8281
"vdc_v",66242.5,48.8281
"vdc_v",66242.5,49.7079
"vdc_v",66242.5,49.7079
"vdc_v",66242.5,49.7079
"vdc_v",66242.5,49.268
"vdc_v",66242.5,49.268
"vdc_v",66242.6,48.8281
"vdc_v",66242.6,49.268
"vdc_v",66242.6,49.7079
"vdc_v",66242.6,49.7079
"vdc_v",66242.6,49.268
"vdc_v",66242.6,48.8281
"vdc_v",66242.6,48.8281
"vdc_v",66242.6,49.7079
"vdc_v",66242.6,49.7079
"vdc_v",66242.6,49.7079
"vdc_v",66242.7,49.268
"vdc_v",66242.7,48.8281
"vdc_v",66242.7,49.268
"vdc_v",66242.7,49.268
"vdc_v",66242.7,49.7079
"vdc_v",66242.7,49.7079
"vdc_v",66242.7,49.268
"vdc_v",66242.7,48.8281
"vdc_v",66242.7,49.268
"vdc_v",66242.8,49.7079
"vdc_v",66242.8,49.7079
"vdc_v",66242.8,49.7079
"vdc_v",66242.8,49.268
"vdc_v",66242.8,49.268
"vdc_v",66242.8,49.268
"vdc_v",66242.8,49.268
"vdc_v",66242.8,49.268
"vdc_v",66242.8,49.7079
"vdc_v",66242.8,49.268
"vdc_v",66242.9,49.268
"vdc_v",66242.9,49.268
"vdc_v",66242.9,49.7079
"vdc_v",66242.9,49.7079
"vdc_v",66242.9,49.7079
"vdc_v",66242.9,49.268
"vdc_v",66242.9,48.8281
"vdc_v",66242.9,49.268
"vdc_v",66242.9,49.7079
"vdc_v",66242.9,49.7079
"vdc_v",66243,49.7079
"vdc_v",66243,49.268
"vdc_v",66243,48.8281
"vdc_v",66243,49.268
"vdc_v",66243,49.7079
"vdc_v",66243,49.7079
"vdc_v",66243,49.7079
"vdc_v",66243,49.268
"vdc_v",66243,49.268
"vdc_v",66243,49.268
"vdc_v",66243,49.7079
"vdc_v",66243.1,49.7079
"vdc_v",66243.1,49.268
"vdc_v",66243.1,49.268
"vdc_v",66243.1,49.268
"vdc_v",66243.1,49.268
"vdc_v",66243.1,49.7079
"vdc_v",66243.1,49.7079
"vdc_v",66243.1,49.7079
"vdc_v",66243.1,49.268
"vdc_v",66243.1,49.268
"vdc_v",66243.2,49.268
"vdc_v",66243.2,49.7079
"vdc_v",66243.2,49.268
"vdc_v",66243.2,49.268
"vdc_v",66243.2,49.268
"vdc_v",66243.2,48.8281
"vdc_v",66243.2,49.268
"vdc_v",66243.2,49.7079
"vdc_v",66243.2,49.7079
"vdc_v",66243.2,49.7079
"vdc_v",66243.3,48.8281
"vdc_v",66243.3,48.8281
"vdc_v",66243.3,49.268
"vdc_v",66243.3,49.7079
"vdc_v",66243.3,49.7079
"vdc_v",66243.3,49.268
"vdc_v",66243.3,48.8281
"vdc_v",66243.3,48.8281
"vdc_v",66243.3,49.268
"vdc_v",66243.4,49.7079
"vdc_v",66243.4,49.7079
"vdc_v",66243.4,49.268
"vdc_v",66243.4,48.8281
"vdc_v",66243.4,48.8281
"vdc_v",66243.4,49.268
"vdc_v",66243.4,49.7079
"vdc_v",66243.4,49.7079
"vdc_v",66243.4,49.268
"vdc_v",66243.4,48.8281
"vdc_v",66243.4,48.8281
"vdc_v",66243.5,49.7079
"vdc_v",66243.5,49.7079
"vdc_v",66243.5,49.7079
"vdc_v",66243.5,49.268
"vdc_v",66243.5,48.8281
"vdc_v",66243.5,48.8281
"vdc_v",66243.5,49.268
"vdc_v",66243.5,49.7079
"vdc_v",66243.5,49.7079
"vdc_v",66243.5,49.268
"vdc_v",66243.6,48.8281
"vdc_v",66243.6,49.268
"vdc_v",66243.6,49.7079
"vdc_v",66243.6,49.7079
"vdc_v",66243.6,49.7079
"vdc_v",66243.6,49.268
"vdc_v",66243.6,49.268
"vdc_v",66243.6,49.268
"vdc_v",66243.6,49.7079
"vdc_v",66243.6,49.7079
"vdc_v",66243.7,49.7079
"vdc_v",66243.7,49.268
"vdc_v",66243.7,48.8281
"vdc_v",66243.7,49.268
"vdc_v",66243.7,49.7079
"vdc_v",66243.7,49.7079
"vdc_v",66243.7,49.7079
"vdc_v",66243.7,49.268
"vdc_v",66243.7,48.8281
"vdc_v",66243.8,49.268
"vdc_v",66243.8,49.7079
"vdc_v",66243.8,49.7079
"vdc_v",66243.8,49.7079
"vdc_v",66243.8,49.268
"vdc_v",66243.8,48.8281
"vdc_v",66243.8,49.268
"vdc_v",66243.8,49.7079
"vdc_v",66243.8,49.7079
"vdc_v",66243.8,49.7079
"vdc_v",66243.8,49.268
"vdc_v",66243.9,48.8281
"vdc_v",66243.9,49.268
"vdc_v",66243.9,49.7079
"vdc_v",66243.9,49.7079
"vdc_v",66243.9,49.268
"vdc_v",66243.9,48.8281
"vdc_v",66243.9,48.8281
"vdc_v",66243.9,49.268
"vdc_v",66243.9,49.7079
"vdc_v",66243.9,49.7079
"vdc_v",66244,49.7079
"vdc_v",66244,49.268
"vdc_v",66244,48.8281
"vdc_v",66244,49.268
"vdc_v",66244,49.7079
"vdc_v",66244,49.7079
"vdc_v",66244,49.268
"vdc_v",66244,49.268
"vdc_v",66244,48.8281
"vdc_v",66244,49.268
"vdc_v",66244.1,49.7079
"vdc_v",66244.1,49.7079
"vdc_v",66244.1,49.7079
"vdc_v",66244.1,48.8281
"vdc_v",66244.1,48.8281
"vdc_v",66244.1,49.268
"vdc_v",66244.1,49.7079
"vdc_v",66244.1,49.7079
"vdc_v",66244.1,49.268
"vdc_v",66244.1,48.8281
"vdc_v",66244.2,48.8281
"vdc_v",66244.2,49.268
"vdc_v",66244.2,49.7079
"vdc_v",66244.2,49.7079
"vdc_v",66244.2,49.268
"vdc_v",66244.2,48.8281
"vdc_v",66244.2,48.8281
"vdc_v",66244.2,49.268
"vdc_v",66244.2,49.7079
"vdc_v",66244.2,49.7079
"vdc_v",66244.3,49.268
"vdc_v",66244.3,48.8281
"vdc_v",66244.3,48.8281
"vdc_v",66244.3,49.7079
"vdc_v",66244.3,49.7079
"vdc_v",66244.3,49.7079
"vdc_v",66244.3,49.268
"vdc_v",66244.3,48.8281
"vdc_v",66244.3,49.268
"vdc_v",66244.3,49.268
"vdc_v",66244.4,49.7079
"vdc_v",66244.4,49.7079
"vdc_v",66244.4,49.268
"vdc_v",66244.4,48.8281
"vdc_v",66244.4,48.8281
"vdc_v",66244.4,49.7079
"vdc_v",66244.4,49.7079
"vdc_v",66244.4,49.7079
"vdc_v",66244.4,49.268
"vdc_v",66244.4,48.8281
"vdc_v",66244.5,49.268
"vdc_v",66244.5,49.268
"vdc_v",66244.5,49.7079
"vdc_v",66244.5,49.7079
"vdc_v",66244.5,49.268
"vdc_v",66244.5,48.8281
"vdc_v",66244.5,49.268
"vdc_v",66244.5,49.7079
"vdc_v",66244.5,49.7079
"vdc_v",66244.5,49.7079
"vdc_v",66244.6,49.268
"vdc_v",66244.6,48.8281
"vdc_v",66244.6,49.268
"vdc_v",66244.6,49.268
"vdc_v",66244.6,49.7079
"vdc_v",66244.6,49.7079
"vdc_v",66244.6,49.268
"vdc_v",66244.6,48.8281
"vdc_v",66244.6,49.268
"vdc_v",66244.6,49.7079
"vdc_v",66244.7,49.7079
"vdc_v",66244.7,49.7079
"vdc_v",66244.7,49.268
"vdc_v",66244.7,48.8281
"vdc_v",66244.7,49.268
"vdc_v",66244.7,49.268
"vdc_v",66244.8,49.7079
"vdc_v",66244.8,49.268
"vdc_v",66244.8,49.268
"vdc_v",66244.8,48.8281
"vdc_v",66244.8,49.268
"vdc_v",66244.8,49.7079
"vdc_v",66244.9,49.7079
"vdc_v",66244.9,49.268
"vdc_v",66244.9,49.268
"vdc_v",66244.9,48.8281
"vdc_v",66244.9,49.268
"vdc_v",66244.9,49.7079
"vdc_v",66244.9,49.7079
"vdc_v",66244.9,49.268
"vdc_v",66245,48.8281
"vdc_v",66245,49.7079
"vdc_v",66245,49.7079
"vdc_v",66245,49.7079
"vdc_v",66245,49.268
"vdc_v",66245,48.8281
"vdc_v",66245.1,48.8281
"vdc_v",66245.1,49.7079
"vdc_v",66245.1,49.7079
"vdc_v",66245.1,49.7079
"vdc_v",66245.1,49.268
"vdc_v",66245.1,48.8281
"vdc_v",66245.1,49.268
"vdc_v",66245.1,49.268
"vdc_v",66245.1,49.7079
"vdc_v",66245.1,49.7079
"vdc_v",66245.2,49.268
"vdc_v",66245.2,48.8281
"vdc_v",66245.2,49.268
"vdc_v",66245.2,49.7079
"vdc_v",66245.2,49.7079
"vdc_v",66245.2,49.7079
"vdc_v",66245.2,49.268
"vdc_v",66245.2,48.8281
"vdc_v",66245.2,49.268
"vdc_v",66245.2,49.268
"vdc_v",66245.3,49.7079
"vdc_v",66245.3,49.7079
"vdc_v",66245.3,49.268
"vdc_v",66245.3,48.8281
"vdc_v",66245.3,49.268
"vdc_v",66245.3,49.7079
"vdc_v",66245.3,49.7079
"vdc_v",66245.3,49.7079
"vdc_v",66245.3,49.268
"vdc_v",66245.3,48.8281
"vdc_v",66245.4,49.268
"vdc_v",66245.4,49.7079
"vdc_v",66245.4,49.7079
"vdc_v",66245.4,49.7079
"vdc_v",66245.4,49.268
"vdc_v",66245.4,48.8281
"vdc_v",66245.4,49.268
"vdc_v",66245.4,49.7079
"vdc_v",66245.4,49.7079
"vdc_v",66245.4,49.7079
"vdc_v",66245.5,49.268
"vdc_v",66245.5,48.8281
"vdc_v",66245.5,49.268
"vdc_v",66245.5,49.268
"vdc_v",66245.5,49.7079
"vdc_v",66245.5,49.7079
"vdc_v",66245.5,49.268
"vdc_v",66245.5,48.8281
"vdc_v",66245.5,49.268
"vdc_v",66245.5,49.7079
"vdc_v",66245.5,49.7079
"vdc_v",66245.5,49.7079
"vdc_v",66245.6,49.268
"vdc_v",66245.6,48.8281
"vdc_v",66245.6,49.268
"vdc_v",66245.6,49.7079
"vdc_v",66245.6,49.7079
"vdc_v",66245.6,49.7079
"vdc_v",66245.6,49.268
"vdc_v",66245.6,48.8281
"vdc_v",66245.6,49.268
"vdc_v",66245.6,49.7079
"vdc_v",66245.6,49.268
"vdc_v",66245.6,49.7079
"vdc_v",66245.7,49.268
"vdc_v",66245.7,49.268
"vdc_v",66245.7,49.268
"vdc_v",66245.7,49.7079
"vdc_v",66245.7,49.7079
"vdc_v",66245.7,49.268
"vdc_v",66245.7,48.8281
"vdc_v",66245.7,48.8281
"vdc_v",66245.7,49.7079
"vdc_v",66245.7,49.7079
"vdc_v",66245.8,49.7079
"vdc_v",66245.8,49.268
"vdc_v",66245.8,49.268
"vdc_v",66245.8,49.268
"vdc_v",66245.8,49.268
"vdc_v",66245.8,49.7079
"vdc_v",66245.8,49.7079
"vdc_v",66245.8,49.268
"vdc_v",66245.8,48.8281
"vdc_v",66245.8,49.268
"vdc_v",66245.8,49.7079
"vdc_v",66245.8,49.7079
"vdc_v",66245.9,49.7079
"vdc_v",66245.9,49.268
"vdc_v",66245.9,48.8281
"vdc_v",66245.9,49.268
"vdc_v",66245.9,49.268
"vdc_v",66245.9,49.7079
"vdc_v",66245.9,49.7079
"vdc_v",66245.9,49.268
"vdc_v",66245.9,48.8281
"vdc_v",66245.9,48.8281
"vdc_v",66246,49.7079
"vdc_v",66246,49.7079
"vdc_v",66246,49.7079
"vdc_v",66246,49.268
"vdc_v",66246,48.8281
"vdc_v",66246,49.268
"vdc_v",66246,49.268
"vdc_v",66246,49.7079
"vdc_v",66246,49.7079
"vdc_v",66246,49.268
"vdc_v",66246,48.8281
"vdc_v",66246.1,49.268
"vdc_v",66246.1,49.7079
"vdc_v",66246.1,49.7079
"vdc_v",66246.1,49.7079
"vdc_v",66246.1,49.268
"vdc_v",66246.1,48.8281
"vdc_v",66246.1,49.268
"vdc_v",66246.1,49.268
"vdc_v",66246.1,49.7079
"vdc_v",66246.1,49.7079
"vdc_v",66246.2,49.268
"vdc_v",66246.2,48.8281
"vdc_v",66246.2,49.268
"vdc_v",66246.2,49.7079
"vdc_v",66246.2,49.7079
"vdc_v",66246.2,49.7079
"vdc_v",66246.2,49.268
"vdc_v",66246.2,48.8281
"vdc_v",66246.2,49.268
"vdc_v",66246.2,49.7079
"vdc_v",66246.3,49.7079
"vdc_v",66246.3,49.268
"vdc_v",66246.3,49.268
"vdc_v",66246.3,48.8281
"vdc_v",66246.3,49.268
"vdc_v",66246.3,49.7079
"vdc_v",66246.3,49.7079
"vdc_v",66246.3,49.7079
"vdc_v",66246.3,49.268
"vdc_v",66246.4,48.8281
"vdc_v",66246.4,49.268
"vdc_v",66246.4,49.7079
"vdc_v",66246.4,49.7079
"vdc_v",66246.4,49.268
"vdc_v",66246.4,49.268
"vdc_v",66246.4,48.8281
"vdc_v",66246.4,49.268
"vdc_v",66246.4,49.7079
"vdc_v",66246.4,49.7079
"vdc_v",66246.5,49.7079
"vdc_v",66246.5,49.268
"vdc_v",66246.5,48.8281
"vdc_v",66246.5,49.268
"vdc_v",66246.5,49.7079
"vdc_v",66246.5,49.7079
"vdc_v",66246.5,49.268
"vdc_v",66246.5,49.268
"vdc_v",66246.5,48.8281
"vdc_v",66246.5,49.268
"vdc_v",66246.6,49.7079
"vdc_v",66246.6,49.7079
"vdc_v",66246.6,49.268
"vdc_v",66246.6,49.268
"vdc_v",66246.6,49.268
"vdc_v",66246.6,49.268
"vdc_v",66246.6,49.7079
"vdc_v",66246.6,49.7079
"vdc_v",66246.6,49.268
"vdc_v",66246.6,48.8281
"vdc_v",66246.6,49.268
"vdc_v",66246.7,49.7079
"vdc_v",66246.7,49.7079
"vdc_v",66246.7,49.7079
"vdc_v",66246.7,49.268
"vdc_v",66246.7,48.8281
"vdc_v",66246.7,49.268
"vdc_v",66246.7,49.268
"vdc_v",66246.7,49.7079
"vdc_v",66246.7,49.7079
"vdc_v",66246.8,49.268
"vdc_v",66246.8,48.8281
"vdc_v",66246.8,49.268
"vdc_v",66246.8,49.7079
"vdc_v",66246.8,49.7079
"vdc_v",66246.8,49.7079
"vdc_v",66246.8,49.268
"vdc_v",66246.8,49.268
"vdc_v",66246.8,49.268
"vdc_v",66246.8,49.268
"vdc_v",66246.9,49.7079
"vdc_v",66246.9,49.7079
"vdc_v",66246.9,49.268
"vdc_v",66246.9,48.8281
"vdc_v",66246.9,49.268
"vdc_v",66246.9,49.7079
"vdc_v",66246.9,49.7079
"vdc_v",66246.9,49.7079
"vdc_v",66246.9,49.268
"vdc_v",66246.9,48.8281
"vdc_v",66247,49.268
"vdc_v",66247,49.268
"vdc_v",66247,49.7079
"vdc_v",66247,49.7079
"vdc_v",66247,49.268
"vdc_v",66247,48.8281
"vdc_v",66247,49.268
"vdc_v",66247,49.7079
"vdc_v",66247,49.7079
"vdc_v",66247,49.7079
"vdc_v",66247.1,49.268
"vdc_v",66247.1,48.8281
"vdc_v",66247.1,49.268
"pwm_moe",66242,1
"pwm_moe",66242,1
"pwm_moe",66242.1,1
"pwm_moe",66242.1,1
"pwm_moe",66242.1,1
"pwm_moe",66242.1,1
"pwm_moe",66242.1,1
"pwm_moe",66242.1,1
"pwm_moe",66242.1,1
"pwm_moe",66242.1,1
"pwm_moe",66242.1,1
"pwm_moe",66242.1,1
"pwm_moe",66242.2,1
"pwm_moe",66242.2,1
"pwm_moe",66242.2,1
"pwm_moe",66242.2,1
"pwm_moe",66242.2,1
"pwm_moe",66242.2,1
"pwm_moe",66242.2,1
"pwm_moe",66242.2,1
"pwm_moe",66242.2,1
"pwm_moe",66242.2,1
"pwm_moe",66242.3,1
"pwm_moe",66242.3,1
"pwm_moe",66242.3,1
"pwm_moe",66242.3,1
"pwm_moe",66242.3,1
"pwm_moe",66242.3,1
"pwm_moe",66242.3,1
"pwm_moe",66242.3,1
"pwm_moe",66242.3,1
"pwm_moe",66242.3,1
"pwm_moe",66242.4,1
"pwm_moe",66242.4,1
"pwm_moe",66242.4,1
"pwm_moe",66242.4,1
"pwm_moe",66242.4,1
"pwm_moe",66242.4,1
"pwm_moe",66242.4,1
"pwm_moe",66242.4,1
"pwm_moe",66242.4,1
"pwm_moe",66242.4,1
"pwm_moe",66242.5,1
"pwm_moe",66242.5,1
"pwm_moe",66242.5,1
"pwm_moe",66242.5,1
"pwm_moe",66242.5,1
"pwm_moe",66242.5,1
"pwm_moe",66242.5,1
"pwm_moe",66242.5,1
"pwm_moe",66242.5,1
"pwm_moe",66242.5,1
"pwm_moe",66242.6,1
"pwm_moe",66242.6,1
"pwm_moe",66242.6,1
"pwm_moe",66242.6,1
"pwm_moe",66242.6,1
"pwm_moe",66242.6,1
"pwm_moe",66242.6,1
"pwm_moe",66242.6,1
"pwm_moe",66242.6,1
"pwm_moe",66242.6,1
"pwm_moe",66242.7,1
"pwm_moe",66242.7,1
"pwm_moe",66242.7,1
"pwm_moe",66242.7,1
"pwm_moe",66242.7,1
"pwm_moe",66242.7,1
"pwm_moe",66242.7,1
"pwm_moe",66242.7,1
"pwm_moe",66242.7,1
"pwm_moe",66242.8,1
"pwm_moe",66242.8,1
"pwm_moe",66242.8,1
"pwm_moe",66242.8,1
"pwm_moe",66242.8,1
"pwm_moe",66242.8,1
"pwm_moe",66242.8,1
"pwm_moe",66242.8,1
"pwm_moe",66242.8,1
"pwm_moe",66242.8,1
"pwm_moe",66242.9,1
"pwm_moe",66242.9,1
"pwm_moe",66242.9,1
"pwm_moe",66242.9,1
"pwm_moe",66242.9,1
"pwm_moe",66242.9,1
"pwm_moe",66242.9,1
"pwm_moe",66242.9,1
"pwm_moe",66242.9,1
"pwm_moe",66242.9,1
"pwm_moe",66243,1
"pwm_moe",66243,1
"pwm_moe",66243,1
"pwm_moe",66243,1
"pwm_moe",66243,1
"pwm_moe",66243,1
"pwm_moe",66243,1
"pwm_moe",66243,1
"pwm_moe",66243,1
"pwm_moe",66243,1
"pwm_moe",66243,1
"pwm_moe",66243.1,1
"pwm_moe",66243.1,1
"pwm_moe",66243.1,1
"pwm_moe",66243.1,1
"pwm_moe",66243.1,1
"pwm_moe",66243.1,1
"pwm_moe",66243.1,1
"pwm_moe",66243.1,1
"pwm_moe",66243.1,1
"pwm_moe",66243.1,1
"pwm_moe",66243.2,1
"pwm_moe",66243.2,1
"pwm_moe",66243.2,1
"pwm_moe",66243.2,1
"pwm_moe",66243.2,1
"pwm_moe",66243.2,1
"pwm_moe",66243.2,1
"pwm_moe",66243.2,1
"pwm_moe",66243.2,1
"pwm_moe",66243.2,1
"pwm_moe",66243.3,1
"pwm_moe",66243.3,1
"pwm_moe",66243.3,1
"pwm_moe",66243.3,1
"pwm_moe",66243.3,1
"pwm_moe",66243.3,1
"pwm_moe",66243.3,1
"pwm_moe",66243.3,1
"pwm_moe",66243.3,1
"pwm_moe",66243.4,1
"pwm_moe",66243.4,1
"pwm_moe",66243.4,1
"pwm_moe",66243.4,1
"pwm_moe",66243.4,1
"pwm_moe",66243.4,1
"pwm_moe",66243.4,1
"pwm_moe",66243.4,1
"pwm_moe",66243.4,1
"pwm_moe",66243.4,1
"pwm_moe",66243.4,1
"pwm_moe",66243.5,1
"pwm_moe",66243.5,1
"pwm_moe",66243.5,1
"pwm_moe",66243.5,1
"pwm_moe",66243.5,1
"pwm_moe",66243.5,1
"pwm_moe",66243.5,1
"pwm_moe",66243.5,1
"pwm_moe",66243.5,1
"pwm_moe",66243.5,1
"pwm_moe",66243.6,1
"pwm_moe",66243.6,1
"pwm_moe",66243.6,1
"pwm_moe",66243.6,1
"pwm_moe",66243.6,1
"pwm_moe",66243.6,1
"pwm_moe",66243.6,1
"pwm_moe",66243.6,1
"pwm_moe",66243.6,1
"pwm_moe",66243.6,1
"pwm_moe",66243.7,1
"pwm_moe",66243.7,1
"pwm_moe",66243.7,1
"pwm_moe",66243.7,1
"pwm_moe",66243.7,1
"pwm_moe",66243.7,1
"pwm_moe",66243.7,1
"pwm_moe",66243.7,1
"pwm_moe",66243.7,1
"pwm_moe",66243.8,1
"pwm_moe",66243.8,1
"pwm_moe",66243.8,1
"pwm_moe",66243.8,1
"pwm_moe",66243.8,1
"pwm_moe",66243.8,1
"pwm_moe",66243.8,1
"pwm_moe",66243.8,1
"pwm_moe",66243.8,1
"pwm_moe",66243.8,1
"pwm_moe",66243.8,1
"pwm_moe",66243.9,1
"pwm_moe",66243.9,1
"pwm_moe",66243.9,1
"pwm_moe",66243.9,1
"pwm_moe",66243.9,1
"pwm_moe",66243.9,1
"pwm_moe",66243.9,1
"pwm_moe",66243.9,1
"pwm_moe",66243.9,1
"pwm_moe",66243.9,1
"pwm_moe",66244,1
"pwm_moe",66244,1
"pwm_moe",66244,1
"pwm_moe",66244,1
"pwm_moe",66244,1
"pwm_moe",66244,1
"pwm_moe",66244,1
"pwm_moe",66244,1
"pwm_moe",66244,1
"pwm_moe",66244,1
"pwm_moe",66244.1,1
"pwm_moe",66244.1,1
"pwm_moe",66244.1,1
"pwm_moe",66244.1,1
"pwm_moe",66244.1,1
"pwm_moe",66244.1,1
"pwm_moe",66244.1,1
"pwm_moe",66244.1,1
"pwm_moe",66244.1,1
"pwm_moe",66244.1,1
"pwm_moe",66244.2,1
"pwm_moe",66244.2,1
"pwm_moe",66244.2,1
"pwm_moe",66244.2,1
"pwm_moe",66244.2,1
"pwm_moe",66244.2,1
"pwm_moe",66244.2,1
"pwm_moe",66244.2,1
"pwm_moe",66244.2,1
"pwm_moe",66244.2,1
"pwm_moe",66244.3,1
"pwm_moe",66244.3,1
"pwm_moe",66244.3,1
"pwm_moe",66244.3,1
"pwm_moe",66244.3,1
"pwm_moe",66244.3,1
"pwm_moe",66244.3,1
"pwm_moe",66244.3,1
"pwm_moe",66244.3,1
"pwm_moe",66244.3,1
"pwm_moe",66244.4,1
"pwm_moe",66244.4,1
"pwm_moe",66244.4,1
"pwm_moe",66244.4,1
"pwm_moe",66244.4,1
"pwm_moe",66244.4,1
"pwm_moe",66244.4,1
"pwm_moe",66244.4,1
"pwm_moe",66244.4,1
"pwm_moe",66244.4,1
"pwm_moe",66244.5,1
"pwm_moe",66244.5,1
"pwm_moe",66244.5,1
"pwm_moe",66244.5,1
"pwm_moe",66244.5,1
"pwm_moe",66244.5,1
"pwm_moe",66244.5,1
"pwm_moe",66244.5,1
"pwm_moe",66244.5,1
"pwm_moe",66244.5,1
"pwm_moe",66244.6,1
"pwm_moe",66244.6,1
"pwm_moe",66244.6,1
"pwm_moe",66244.6,1
"pwm_moe",66244.6,1
"pwm_moe",66244.6,1
"pwm_moe",66244.6,1
"pwm_moe",66244.6,1
"pwm_moe",66244.6,1
"pwm_moe",66244.6,1
"pwm_moe",66244.7,1
"pwm_moe",66244.7,1
"pwm_moe",66244.7,1
"pwm_moe",66244.7,1
"pwm_moe",66244.7,1
"pwm_moe",66244.7,1
"pwm_moe",66244.8,1
"pwm_moe",66244.8,1
"pwm_moe",66244.8,1
"pwm_moe",66244.8,1
"pwm_moe",66244.8,1
"pwm_moe",66244.8,1
"pwm_moe",66244.9,1
"pwm_moe",66244.9,1
"pwm_moe",66244.9,1
"pwm_moe",66244.9,1
"pwm_moe",66244.9,1
"pwm_moe",66244.9,1
"pwm_moe",66244.9,1
"pwm_moe",66244.9,1
"pwm_moe",66245,1
"pwm_moe",66245,1
"pwm_moe",66245,1
"pwm_moe",66245,1
"pwm_moe",66245,1
"pwm_moe",66245,1
"pwm_moe",66245.1,1
"pwm_moe",66245.1,1
"pwm_moe",66245.1,1
"pwm_moe",66245.1,1
"pwm_moe",66245.1,1
"pwm_moe",66245.1,1
"pwm_moe",66245.1,1
"pwm_moe",66245.1,1
"pwm_moe",66245.1,1
"pwm_moe",66245.1,1
"pwm_moe",66245.2,1
"pwm_moe",66245.2,1
"pwm_moe",66245.2,1
"pwm_moe",66245.2,1
"pwm_moe",66245.2,1
"pwm_moe",66245.2,1
"pwm_moe",66245.2,1
"pwm_moe",66245.2,1
"pwm_moe",66245.2,1
"pwm_moe",66245.2,1
"pwm_moe",66245.3,1
"pwm_moe",66245.3,1
"pwm_moe",66245.3,1
"pwm_moe",66245.3,1
"pwm_moe",66245.3,1
"pwm_moe",66245.3,1
"pwm_moe",66245.3,1
"pwm_moe",66245.3,1
"pwm_moe",66245.3,1
"pwm_moe",66245.3,1
"pwm_moe",66245.4,1
"pwm_moe",66245.4,1
"pwm_moe",66245.4,1
"pwm_moe",66245.4,1
"pwm_moe",66245.4,1
"pwm_moe",66245.4,1
"pwm_moe",66245.4,1
"pwm_moe",66245.4,1
"pwm_moe",66245.4,1
"pwm_moe",66245.4,1
"pwm_moe",66245.5,1
"pwm_moe",66245.5,1
"pwm_moe",66245.5,1
"pwm_moe",66245.5,1
"pwm_moe",66245.5,1
"pwm_moe",66245.5,1
"pwm_moe",66245.5,1
"pwm_moe",66245.5,1
"pwm_moe",66245.5,1
"pwm_moe",66245.5,1
"pwm_moe",66245.5,1
"pwm_moe",66245.5,1
"pwm_moe",66245.6,1
"pwm_moe",66245.6,1
"pwm_moe",66245.6,1
"pwm_moe",66245.6,1
"pwm_moe",66245.6,1
"pwm_moe",66245.6,1
"pwm_moe",66245.6,1
"pwm_moe",66245.6,1
"pwm_moe",66245.6,1
"pwm_moe",66245.6,1
"pwm_moe",66245.6,1
"pwm_moe",66245.6,1
"pwm_moe",66245.7,1
"pwm_moe",66245.7,1
"pwm_moe",66245.7,1
"pwm_moe",66245.7,1
"pwm_moe",66245.7,1
"pwm_moe",66245.7,1
"pwm_moe",66245.7,1
"pwm_moe",66245.7,1
"pwm_moe",66245.7,1
"pwm_moe",66245.7,1
"pwm_moe",66245.8,1
"pwm_moe",66245.8,1
"pwm_moe",66245.8,1
"pwm_moe",66245.8,1
"pwm_moe",66245.8,1
"pwm_moe",66245.8,1
"pwm_moe",66245.8,1
"pwm_moe",66245.8,1
"pwm_moe",66245.8,1
"pwm_moe",66245.8,1
"pwm_moe",66245.8,1
"pwm_moe",66245.8,1
"pwm_moe",66245.9,1
"pwm_moe",66245.9,1
"pwm_moe",66245.9,1
"pwm_moe",66245.9,1
"pwm_moe",66245.9,1
"pwm_moe",66245.9,1
"pwm_moe",66245.9,1
"pwm_moe",66245.9,1
"pwm_moe",66245.9,1
"pwm_moe",66245.9,1
"pwm_moe",66246,1
"pwm_moe",66246,1
"pwm_moe",66246,1
"pwm_moe",66246,1
"pwm_moe",66246,1
"pwm_moe",66246,1
"pwm_moe",66246,1
"pwm_moe",66246,1
"pwm_moe",66246,1
"pwm_moe",66246,1
"pwm_moe",66246,1
"pwm_moe",66246.1,1
"pwm_moe",66246.1,1
"pwm_moe",66246.1,1
"pwm_moe",66246.1,1
"pwm_moe",66246.1,1
"pwm_moe",66246.1,1
"pwm_moe",66246.1,1
"pwm_moe",66246.1,1
"pwm_moe",66246.1,1
"pwm_moe",66246.1,1
"pwm_moe",66246.2,1
"pwm_moe",66246.2,1
"pwm_moe",66246.2,1
"pwm_moe",66246.2,1
"pwm_moe",66246.2,1
"pwm_moe",66246.2,1
"pwm_moe",66246.2,1
"pwm_moe",66246.2,1
"pwm_moe",66246.2,1
"pwm_moe",66246.2,1
"pwm_moe",66246.3,1
"pwm_moe",66246.3,1
"pwm_moe",66246.3,1
"pwm_moe",66246.3,1
"pwm_moe",66246.3,1
"pwm_moe",66246.3,1
"pwm_moe",66246.3,1
"pwm_moe",66246.3,1
"pwm_moe",66246.3,1
"pwm_moe",66246.4,1
"pwm_moe",66246.4,1
"pwm_moe",66246.4,1
"pwm_moe",66246.4,1
"pwm_moe",66246.4,1
"pwm_moe",66246.4,1
"pwm_moe",66246.4,1
"pwm_moe",66246.4,1
"pwm_moe",66246.4,1
"pwm_moe",66246.4,1
"pwm_moe",66246.5,1
"pwm_moe",66246.5,1
"pwm_moe",66246.5,1
"pwm_moe",66246.5,1
"pwm_moe",66246.5,1
"pwm_moe",66246.5,1
"pwm_moe",66246.5,1
"pwm_moe",66246.5,1
"pwm_moe",66246.5,1
"pwm_moe",66246.5,1
"pwm_moe",66246.6,1
"pwm_moe",66246.6,1
"pwm_moe",66246.6,1
"pwm_moe",66246.6,1
"pwm_moe",66246.6,1
"pwm_moe",66246.6,1
"pwm_moe",66246.6,1
"pwm_moe",66246.6,1
"pwm_moe",66246.6,1
"pwm_moe",66246.6,1
"pwm_moe",66246.6,1
"pwm_moe",66246.7,1
"pwm_moe",66246.7,1
"pwm_moe",66246.7,1
"pwm_moe",66246.7,1
"pwm_moe",66246.7,1
"pwm_moe",66246.7,1
"pwm_moe",66246.7,1
"pwm_moe",66246.7,1
"pwm_moe",66246.7,1
"pwm_moe",66246.8,1
"pwm_moe",66246.8,1
"pwm_moe",66246.8,1
"pwm_moe",66246.8,1
"pwm_moe",66246.8,1
"pwm_moe",66246.8,1
"pwm_moe",66246.8,1
"pwm_moe",66246.8,1
"pwm_moe",66246.8,1
"pwm_moe",66246.8,1
"pwm_moe",66246.9,1
"pwm_moe",66246.9,1
"pwm_moe",66246.9,1
"pwm_moe",66246.9,1
"pwm_moe",66246.9,1
"pwm_moe",66246.9,1
"pwm_moe",66246.9,1
"pwm_moe",66246.9,1
"pwm_moe",66246.9,1
"pwm_moe",66246.9,1
"pwm_moe",66247,1
"pwm_moe",66247,1
"pwm_moe",66247,1
"pwm_moe",66247,1
"pwm_moe",66247,1
"pwm_moe",66247,1
"pwm_moe",66247,1
"pwm_moe",66247,1
"pwm_moe",66247,1
"pwm_moe",66247,1
"pwm_moe",66247.1,1
"pwm_moe",66247.1,1
"pwm_moe",66247.1,1
"pwm_moe",66247.1,1
"pwm_moe",66247.1,1
"pwm_moe",66247.1,1
"enc_rejects",66242.1,0
"enc_rejects",66242.1,0
"enc_rejects",66242.1,0
"enc_rejects",66242.1,0
"enc_rejects",66242.1,0
"enc_rejects",66242.1,0
"enc_rejects",66242.1,0
"enc_rejects",66242.1,0
"enc_rejects",66242.1,0
"enc_rejects",66242.1,0
"enc_rejects",66242.2,0
"enc_rejects",66242.2,0
"enc_rejects",66242.2,0
"enc_rejects",66242.2,0
"enc_rejects",66242.2,0
"enc_rejects",66242.2,0
"enc_rejects",66242.2,0
"enc_rejects",66242.2,0
"enc_rejects",66242.2,0
"enc_rejects",66242.2,0
"enc_rejects",66242.3,0
"enc_rejects",66242.3,0
"enc_rejects",66242.3,0
"enc_rejects",66242.3,0
"enc_rejects",66242.3,0
"enc_rejects",66242.3,0
"enc_rejects",66242.3,0
"enc_rejects",66242.3,0
"enc_rejects",66242.3,0
"enc_rejects",66242.3,0
"enc_rejects",66242.4,0
"enc_rejects",66242.4,0
"enc_rejects",66242.4,0
"enc_rejects",66242.4,0
"enc_rejects",66242.4,0
"enc_rejects",66242.4,0
"enc_rejects",66242.4,0
"enc_rejects",66242.4,0
"enc_rejects",66242.4,0
"enc_rejects",66242.4,0
"enc_rejects",66242.5,0
"enc_rejects",66242.5,0
"enc_rejects",66242.5,0
"enc_rejects",66242.5,0
"enc_rejects",66242.5,0
"enc_rejects",66242.5,0
"enc_rejects",66242.5,0
"enc_rejects",66242.5,0
"enc_rejects",66242.5,0
"enc_rejects",66242.5,0
"enc_rejects",66242.6,0
"enc_rejects",66242.6,0
"enc_rejects",66242.6,0
"enc_rejects",66242.6,0
"enc_rejects",66242.6,0
"enc_rejects",66242.6,0
"enc_rejects",66242.6,0
"enc_rejects",66242.6,0
"enc_rejects",66242.6,0
"enc_rejects",66242.6,0
"enc_rejects",66242.7,0
"enc_rejects",66242.7,0
"enc_rejects",66242.7,0
"enc_rejects",66242.7,0
"enc_rejects",66242.7,0
"enc_rejects",66242.7,0
"enc_rejects",66242.7,0
"enc_rejects",66242.7,0
"enc_rejects",66242.7,0
"enc_rejects",66242.8,0
"enc_rejects",66242.8,0
"enc_rejects",66242.8,0
"enc_rejects",66242.8,0
"enc_rejects",66242.8,0
"enc_rejects",66242.8,0
"enc_rejects",66242.8,0
"enc_rejects",66242.8,0
"enc_rejects",66242.8,0
"enc_rejects",66242.8,0
"enc_rejects",66242.9,0
"enc_rejects",66242.9,0
"enc_rejects",66242.9,0
"enc_rejects",66242.9,0
"enc_rejects",66242.9,0
"enc_rejects",66242.9,0
"enc_rejects",66242.9,0
"enc_rejects",66242.9,0
"enc_rejects",66242.9,0
"enc_rejects",66242.9,0
"enc_rejects",66243,0
"enc_rejects",66243,0
"enc_rejects",66243,0
"enc_rejects",66243,0
"enc_rejects",66243,0
"enc_rejects",66243,0
"enc_rejects",66243,0
"enc_rejects",66243,0
"enc_rejects",66243,0
"enc_rejects",66243,0
"enc_rejects",66243,0
"enc_rejects",66243.1,0
"enc_rejects",66243.1,0
"enc_rejects",66243.1,0
"enc_rejects",66243.1,0
"enc_rejects",66243.1,0
"enc_rejects",66243.1,0
"enc_rejects",66243.1,0
"enc_rejects",66243.1,0
"enc_rejects",66243.1,0
"enc_rejects",66243.1,0
"enc_rejects",66243.2,0
"enc_rejects",66243.2,0
"enc_rejects",66243.2,0
"enc_rejects",66243.2,0
"enc_rejects",66243.2,0
"enc_rejects",66243.2,0
"enc_rejects",66243.2,0
"enc_rejects",66243.2,0
"enc_rejects",66243.2,0
"enc_rejects",66243.2,0
"enc_rejects",66243.3,0
"enc_rejects",66243.3,0
"enc_rejects",66243.3,0
"enc_rejects",66243.3,0
"enc_rejects",66243.3,0
"enc_rejects",66243.3,0
"enc_rejects",66243.3,0
"enc_rejects",66243.3,0
"enc_rejects",66243.3,0
"enc_rejects",66243.4,0
"enc_rejects",66243.4,0
"enc_rejects",66243.4,0
"enc_rejects",66243.4,0
"enc_rejects",66243.4,0
"enc_rejects",66243.4,0
"enc_rejects",66243.4,0
"enc_rejects",66243.4,0
"enc_rejects",66243.4,0
"enc_rejects",66243.4,0
"enc_rejects",66243.4,0
"enc_rejects",66243.5,0
"enc_rejects",66243.5,0
"enc_rejects",66243.5,0
"enc_rejects",66243.5,0
"enc_rejects",66243.5,0
"enc_rejects",66243.5,0
"enc_rejects",66243.5,0
"enc_rejects",66243.5,0
"enc_rejects",66243.5,0
"enc_rejects",66243.5,0
"enc_rejects",66243.6,0
"enc_rejects",66243.6,0
"enc_rejects",66243.6,0
"enc_rejects",66243.6,0
"enc_rejects",66243.6,0
"enc_rejects",66243.6,0
"enc_rejects",66243.6,0
"enc_rejects",66243.6,0
"enc_rejects",66243.6,0
"enc_rejects",66243.6,0
"enc_rejects",66243.7,0
"enc_rejects",66243.7,0
"enc_rejects",66243.7,0
"enc_rejects",66243.7,0
"enc_rejects",66243.7,0
"enc_rejects",66243.7,0
"enc_rejects",66243.7,0
"enc_rejects",66243.7,0
"enc_rejects",66243.7,0
"enc_rejects",66243.8,0
"enc_rejects",66243.8,0
"enc_rejects",66243.8,0
"enc_rejects",66243.8,0
"enc_rejects",66243.8,0
"enc_rejects",66243.8,0
"enc_rejects",66243.8,0
"enc_rejects",66243.8,0
"enc_rejects",66243.8,0
"enc_rejects",66243.8,0
"enc_rejects",66243.8,0
"enc_rejects",66243.9,0
"enc_rejects",66243.9,0
"enc_rejects",66243.9,0
"enc_rejects",66243.9,0
"enc_rejects",66243.9,0
"enc_rejects",66243.9,0
"enc_rejects",66243.9,0
"enc_rejects",66243.9,0
"enc_rejects",66243.9,0
"enc_rejects",66243.9,0
"enc_rejects",66244,0
"enc_rejects",66244,0
"enc_rejects",66244,0
"enc_rejects",66244,0
"enc_rejects",66244,0
"enc_rejects",66244,0
"enc_rejects",66244,0
"enc_rejects",66244,0
"enc_rejects",66244,0
"enc_rejects",66244,0
"enc_rejects",66244.1,0
"enc_rejects",66244.1,0
"enc_rejects",66244.1,0
"enc_rejects",66244.1,0
"enc_rejects",66244.1,0
"enc_rejects",66244.1,0
"enc_rejects",66244.1,0
"enc_rejects",66244.1,0
"enc_rejects",66244.1,0
"enc_rejects",66244.1,0
"enc_rejects",66244.2,0
"enc_rejects",66244.2,0
"enc_rejects",66244.2,0
"enc_rejects",66244.2,0
"enc_rejects",66244.2,0
"enc_rejects",66244.2,0
"enc_rejects",66244.2,0
"enc_rejects",66244.2,0
"enc_rejects",66244.2,0
"enc_rejects",66244.2,0
"enc_rejects",66244.3,0
"enc_rejects",66244.3,0
"enc_rejects",66244.3,0
"enc_rejects",66244.3,0
"enc_rejects",66244.3,0
"enc_rejects",66244.3,0
"enc_rejects",66244.3,0
"enc_rejects",66244.3,0
"enc_rejects",66244.3,0
"enc_rejects",66244.3,0
"enc_rejects",66244.4,0
"enc_rejects",66244.4,0
"enc_rejects",66244.4,0
"enc_rejects",66244.4,0
"enc_rejects",66244.4,0
"enc_rejects",66244.4,0
"enc_rejects",66244.4,0
"enc_rejects",66244.4,0
"enc_rejects",66244.4,0
"enc_rejects",66244.4,0
"enc_rejects",66244.5,0
"enc_rejects",66244.5,0
"enc_rejects",66244.5,0
"enc_rejects",66244.5,0
"enc_rejects",66244.5,0
"enc_rejects",66244.5,0
"enc_rejects",66244.5,0
"enc_rejects",66244.5,0
"enc_rejects",66244.5,0
"enc_rejects",66244.5,0
"enc_rejects",66244.6,0
"enc_rejects",66244.6,0
"enc_rejects",66244.6,0
"enc_rejects",66244.6,0
"enc_rejects",66244.6,0
"enc_rejects",66244.6,0
"enc_rejects",66244.6,0
"enc_rejects",66244.6,0
"enc_rejects",66244.6,0
"enc_rejects",66244.6,0
"enc_rejects",66244.7,0
"enc_rejects",66244.7,0
"enc_rejects",66244.7,0
"enc_rejects",66244.7,0
"enc_rejects",66244.7,0
"enc_rejects",66244.7,0
"enc_rejects",66244.8,0
"enc_rejects",66244.8,0
"enc_rejects",66244.8,0
"enc_rejects",66244.8,0
"enc_rejects",66244.8,0
"enc_rejects",66244.8,0
"enc_rejects",66244.9,0
"enc_rejects",66244.9,0
"enc_rejects",66244.9,0
"enc_rejects",66244.9,0
"enc_rejects",66244.9,0
"enc_rejects",66244.9,0
"enc_rejects",66244.9,0
"enc_rejects",66244.9,0
"enc_rejects",66245,0
"enc_rejects",66245,0
"enc_rejects",66245,0
"enc_rejects",66245,0
"enc_rejects",66245,0
"enc_rejects",66245,0
"enc_rejects",66245.1,0
"enc_rejects",66245.1,0
"enc_rejects",66245.1,0
"enc_rejects",66245.1,0
"enc_rejects",66245.1,0
"enc_rejects",66245.1,0
"enc_rejects",66245.1,0
"enc_rejects",66245.1,0
"enc_rejects",66245.1,0
"enc_rejects",66245.1,0
"enc_rejects",66245.2,0
"enc_rejects",66245.2,0
"enc_rejects",66245.2,0
"enc_rejects",66245.2,0
"enc_rejects",66245.2,0
"enc_rejects",66245.2,0
"enc_rejects",66245.2,0
"enc_rejects",66245.2,0
"enc_rejects",66245.2,0
"enc_rejects",66245.2,0
"enc_rejects",66245.3,0
"enc_rejects",66245.3,0
"enc_rejects",66245.3,0
"enc_rejects",66245.3,0
"enc_rejects",66245.3,0
"enc_rejects",66245.3,0
"enc_rejects",66245.3,0
"enc_rejects",66245.3,0
"enc_rejects",66245.3,0
"enc_rejects",66245.3,0
"enc_rejects",66245.4,0
"enc_rejects",66245.4,0
"enc_rejects",66245.4,0
"enc_rejects",66245.4,0
"enc_rejects",66245.4,0
"enc_rejects",66245.4,0
"enc_rejects",66245.4,0
"enc_rejects",66245.4,0
"enc_rejects",66245.4,0
"enc_rejects",66245.4,0
"enc_rejects",66245.5,0
"enc_rejects",66245.5,0
"enc_rejects",66245.5,0
"enc_rejects",66245.5,0
"enc_rejects",66245.5,0
"enc_rejects",66245.5,0
"enc_rejects",66245.5,0
"enc_rejects",66245.5,0
"enc_rejects",66245.5,0
"enc_rejects",66245.5,0
"enc_rejects",66245.5,0
"enc_rejects",66245.5,0
"enc_rejects",66245.6,0
"enc_rejects",66245.6,0
"enc_rejects",66245.6,0
"enc_rejects",66245.6,0
"enc_rejects",66245.6,0
"enc_rejects",66245.6,0
"enc_rejects",66245.6,0
"enc_rejects",66245.6,0
"enc_rejects",66245.6,0
"enc_rejects",66245.6,0
"enc_rejects",66245.6,0
"enc_rejects",66245.6,0
"enc_rejects",66245.7,0
"enc_rejects",66245.7,0
"enc_rejects",66245.7,0
"enc_rejects",66245.7,0
"enc_rejects",66245.7,0
"enc_rejects",66245.7,0
"enc_rejects",66245.7,0
"enc_rejects",66245.7,0
"enc_rejects",66245.7,0
"enc_rejects",66245.7,0
"enc_rejects",66245.8,0
"enc_rejects",66245.8,0
"enc_rejects",66245.8,0
"enc_rejects",66245.8,0
"enc_rejects",66245.8,0
"enc_rejects",66245.8,0
"enc_rejects",66245.8,0
"enc_rejects",66245.8,0
"enc_rejects",66245.8,0
"enc_rejects",66245.8,0
"enc_rejects",66245.8,0
"enc_rejects",66245.8,0
"enc_rejects",66245.9,0
"enc_rejects",66245.9,0
"enc_rejects",66245.9,0
"enc_rejects",66245.9,0
"enc_rejects",66245.9,0
"enc_rejects",66245.9,0
"enc_rejects",66245.9,0
"enc_rejects",66245.9,0
"enc_rejects",66245.9,0
"enc_rejects",66245.9,0
"enc_rejects",66246,0
"enc_rejects",66246,0
"enc_rejects",66246,0
"enc_rejects",66246,0
"enc_rejects",66246,0
"enc_rejects",66246,0
"enc_rejects",66246,0
"enc_rejects",66246,0
"enc_rejects",66246,0
"enc_rejects",66246,0
"enc_rejects",66246,0
"enc_rejects",66246.1,0
"enc_rejects",66246.1,0
"enc_rejects",66246.1,0
"enc_rejects",66246.1,0
"enc_rejects",66246.1,0
"enc_rejects",66246.1,0
"enc_rejects",66246.1,0
"enc_rejects",66246.1,0
"enc_rejects",66246.1,0
"enc_rejects",66246.1,0
"enc_rejects",66246.2,0
"enc_rejects",66246.2,0
"enc_rejects",66246.2,0
"enc_rejects",66246.2,0
"enc_rejects",66246.2,0
"enc_rejects",66246.2,0
"enc_rejects",66246.2,0
"enc_rejects",66246.2,0
"enc_rejects",66246.2,0
"enc_rejects",66246.2,0
"enc_rejects",66246.3,0
"enc_rejects",66246.3,0
"enc_rejects",66246.3,0
"enc_rejects",66246.3,0
"enc_rejects",66246.3,0
"enc_rejects",66246.3,0
"enc_rejects",66246.3,0
"enc_rejects",66246.3,0
"enc_rejects",66246.3,0
"enc_rejects",66246.4,0
"enc_rejects",66246.4,0
"enc_rejects",66246.4,0
"enc_rejects",66246.4,0
"enc_rejects",66246.4,0
"enc_rejects",66246.4,0
"enc_rejects",66246.4,0
"enc_rejects",66246.4,0
"enc_rejects",66246.4,0
"enc_rejects",66246.4,0
"enc_rejects",66246.5,0
"enc_rejects",66246.5,0
"enc_rejects",66246.5,0
"enc_rejects",66246.5,0
"enc_rejects",66246.5,0
"enc_rejects",66246.5,0
"enc_rejects",66246.5,0
"enc_rejects",66246.5,0
"enc_rejects",66246.5,0
"enc_rejects",66246.5,0
"enc_rejects",66246.6,0
"enc_rejects",66246.6,0
"enc_rejects",66246.6,0
"enc_rejects",66246.6,0
"enc_rejects",66246.6,0
"enc_rejects",66246.6,0
"enc_rejects",66246.6,0
"enc_rejects",66246.6,0
"enc_rejects",66246.6,0
"enc_rejects",66246.6,0
"enc_rejects",66246.6,0
"enc_rejects",66246.7,0
"enc_rejects",66246.7,0
"enc_rejects",66246.7,0
"enc_rejects",66246.7,0
"enc_rejects",66246.7,0
"enc_rejects",66246.7,0
"enc_rejects",66246.7,0
"enc_rejects",66246.7,0
"enc_rejects",66246.7,0
"enc_rejects",66246.8,0
"enc_rejects",66246.8,0
"enc_rejects",66246.8,0
"enc_rejects",66246.8,0
"enc_rejects",66246.8,0
"enc_rejects",66246.8,0
"enc_rejects",66246.8,0
"enc_rejects",66246.8,0
"enc_rejects",66246.8,0
"enc_rejects",66246.8,0
"enc_rejects",66246.9,0
"enc_rejects",66246.9,0
"enc_rejects",66246.9,0
"enc_rejects",66246.9,0
"enc_rejects",66246.9,0
"enc_rejects",66246.9,0
"enc_rejects",66246.9,0
"enc_rejects",66246.9,0
"enc_rejects",66246.9,0
"enc_rejects",66246.9,0
"enc_rejects",66247,0
"enc_rejects",66247,0
"enc_rejects",66247,0
"enc_rejects",66247,0
"enc_rejects",66247,0
"enc_rejects",66247,0
"enc_rejects",66247,0
"enc_rejects",66247,0
"enc_rejects",66247,0
"enc_rejects",66247,0
"enc_rejects",66247.1,0
"enc_rejects",66247.1,0
"enc_rejects",66247.1,0
"enc_rejects",66247.1,0
"enc_rejects",66247.1,0
"enc_rejects",66247.1,0
"enc_rejects",66247.1,0
"enc_rejects",66247.1,0
