signal,time_s,value
"Mech_RPM",65796.2,499.998
"Mech_RPM",65796.3,499.998
"Mech_RPM",65796.3,500.029
"Mech_RPM",65796.3,500.029
"Mech_RPM",65796.3,500.06
"Mech_RPM",65796.3,500.06
"Mech_RPM",65796.3,499.934
"Mech_RPM",65796.3,499.934
"Mech_RPM",65796.3,500.039
"Mech_RPM",65796.3,500.039
"Mech_RPM",65796.3,500.059
"Mech_RPM",65796.4,500.059
"Mech_RPM",65796.4,500.037
"Mech_RPM",65796.4,500.037
"Mech_RPM",65796.4,500.062
"Mech_RPM",65796.4,500.062
"Mech_RPM",65796.4,500.009
"Mech_RPM",65796.4,500.009
"Mech_RPM",65796.4,500.087
"Mech_RPM",65796.4,500.087
"Mech_RPM",65796.4,500.059
"Mech_RPM",65796.5,500.059
"Mech_RPM",65796.5,500.074
"Mech_RPM",65796.5,500.074
"Mech_RPM",65796.5,500.057
"Mech_RPM",65796.5,500.057
"Mech_RPM",65796.5,499.983
"Mech_RPM",65796.5,499.983
"Mech_RPM",65796.5,499.998
"Mech_RPM",65796.5,499.998
"Mech_RPM",65796.5,500.087
"Mech_RPM",65796.6,500.087
"Mech_RPM",65796.6,499.976
"Mech_RPM",65796.6,499.976
"Mech_RPM",65796.6,500.002
"Mech_RPM",65796.6,500.002
"Mech_RPM",65796.6,500.06
"Mech_RPM",65796.6,500.06
"Mech_RPM",65796.6,499.991
"Mech_RPM",65796.6,499.991
"Mech_RPM",65796.6,500.106
"Mech_RPM",65796.7,500.106
"Mech_RPM",65796.7,500.077
"Mech_RPM",65796.7,500.077
"Mech_RPM",65796.7,500.071
"Mech_RPM",65796.7,500.071
"Mech_RPM",65796.7,500.09
"Mech_RPM",65796.7,500.09
"Mech_RPM",65796.7,499.963
"Mech_RPM",65796.7,499.963
"Mech_RPM",65796.7,499.964
"Mech_RPM",65796.8,499.964
"Mech_RPM",65796.8,499.986
"Mech_RPM",65796.8,499.986
"Mech_RPM",65796.8,499.949
"Mech_RPM",65796.8,499.949
"Mech_RPM",65796.8,500.081
"Mech_RPM",65796.8,500.081
"Mech_RPM",65796.8,500.11
"Mech_RPM",65796.8,500.11
"Mech_RPM",65796.8,499.957
"Mech_RPM",65796.9,499.957
"Mech_RPM",65796.9,500.062
"Mech_RPM",65796.9,500.062
"Mech_RPM",65796.9,500.108
"Mech_RPM",65796.9,500.108
"Mech_RPM",65796.9,500.053
"Mech_RPM",65796.9,500.053
"Mech_RPM",65796.9,499.933
"Mech_RPM",65796.9,499.933
"Mech_RPM",65796.9,499.95
"Mech_RPM",65797,499.95
"Mech_RPM",65797,500.008
"Mech_RPM",65797,500.008
"Mech_RPM",65797,500.034
"Mech_RPM",65797,500.034
"Mech_RPM",65797,500.069
"Mech_RPM",65797,500.069
"Mech_RPM",65797,499.933
"Mech_RPM",65797,499.933
"Mech_RPM",65797,500.049
"Mech_RPM",65797.1,500.049
"Mech_RPM",65797.1,500.027
"Mech_RPM",65797.1,500.027
"Mech_RPM",65797.1,499.969
"Mech_RPM",65797.1,499.969
"Mech_RPM",65797.1,499.923
"Mech_RPM",65797.1,499.923
"Mech_RPM",65797.1,499.945
"Mech_RPM",65797.1,499.945
"Mech_RPM",65797.1,500.003
"Mech_RPM",65797.2,500.003
"Mech_RPM",65797.2,499.915
"Mech_RPM",65797.2,499.915
"Mech_RPM",65797.2,500.031
"Mech_RPM",65797.2,500.031
"Mech_RPM",65797.2,499.999
"Mech_RPM",65797.2,499.999
"Mech_RPM",65797.2,499.963
"Mech_RPM",65797.2,499.963
"Mech_RPM",65797.2,500.083
"Mech_RPM",65797.3,500.083
"Mech_RPM",65797.3,500.035
"Mech_RPM",65797.3,500.035
"Mech_RPM",65797.3,500.065
"Mech_RPM",65797.3,500.065
"Mech_RPM",65797.3,500.069
"Mech_RPM",65797.3,500.069
"Mech_RPM",65797.3,500.047
"Mech_RPM",65797.3,500.047
"Mech_RPM",65797.3,500.083
"Mech_RPM",65797.4,500.083
"Mech_RPM",65797.4,500.024
"Mech_RPM",65797.4,500.024
"Mech_RPM",65797.4,500.054
"Mech_RPM",65797.4,500.054
"Mech_RPM",65797.4,499.96
"Mech_RPM",65797.4,499.96
"Mech_RPM",65797.4,499.971
"Mech_RPM",65797.4,499.971
"Mech_RPM",65797.4,500.039
"Mech_RPM",65797.5,500.039
"Mech_RPM",65797.5,500.075
"Mech_RPM",65797.5,500.075
"Mech_RPM",65797.5,499.985
"Mech_RPM",65797.5,499.985
"Mech_RPM",65797.5,500.079
"Mech_RPM",65797.5,500.079
"Mech_RPM",65797.5,500.082
"Mech_RPM",65797.5,500.082
"Mech_RPM",65797.5,500.091
"Mech_RPM",65797.6,500.091
"Mech_RPM",65797.6,499.975
"Mech_RPM",65797.6,499.975
"Mech_RPM",65797.6,500.001
"Mech_RPM",65797.6,500.001
"Mech_RPM",65797.6,500.007
"Mech_RPM",65797.6,500.007
"Mech_RPM",65797.6,500.053
"Mech_RPM",65797.6,500.053
"Mech_RPM",65797.6,500.011
"Mech_RPM",65797.7,500.011
"Mech_RPM",65797.7,499.99
"Mech_RPM",65797.7,499.99
"Mech_RPM",65797.7,499.953
"Mech_RPM",65797.7,499.953
"Mech_RPM",65797.7,500.048
"Mech_RPM",65797.7,500.048
"Mech_RPM",65797.7,499.943
"Mech_RPM",65797.7,499.943
"Mech_RPM",65797.7,499.98
"Mech_RPM",65797.8,499.98
"Mech_RPM",65797.8,499.897
"Mech_RPM",65797.8,499.897
"Mech_RPM",65797.8,499.998
"Mech_RPM",65797.8,499.998
"Mech_RPM",65797.8,499.978
"Mech_RPM",65797.8,499.978
"Mech_RPM",65797.8,499.91
"Mech_RPM",65797.8,499.91
"Mech_RPM",65797.8,499.996
"Mech_RPM",65797.9,499.996
"Mech_RPM",65797.9,499.985
"Mech_RPM",65797.9,499.985
"Mech_RPM",65797.9,499.986
"Mech_RPM",65797.9,499.986
"Mech_RPM",65797.9,499.996
"Mech_RPM",65797.9,499.996
"Mech_RPM",65797.9,499.85
"Mech_RPM",65797.9,499.85
"Mech_RPM",65797.9,499.906
"Mech_RPM",65798,499.906
"Mech_RPM",65798,499.907
"Mech_RPM",65798,499.907
"Mech_RPM",65798,499.862
"Mech_RPM",65798,499.862
"Mech_RPM",65798,499.959
"Mech_RPM",65798,499.959
"Mech_RPM",65798,499.939
"Mech_RPM",65798,499.939
"Mech_RPM",65798,499.914
"Mech_RPM",65798.1,499.914
"Mech_RPM",65798.1,499.864
"Mech_RPM",65798.1,499.864
"Mech_RPM",65798.1,499.887
"Mech_RPM",65798.1,499.887
"Mech_RPM",65798.1,499.905
"Mech_RPM",65798.1,499.905
"Mech_RPM",65798.1,499.933
"Mech_RPM",65798.1,499.933
"Mech_RPM",65798.1,499.94
"Mech_RPM",65798.2,499.94
"Mech_RPM",65798.2,499.805
"Mech_RPM",65798.2,499.805
"Mech_RPM",65798.2,499.882
"Mech_RPM",65798.2,499.882
"Mech_RPM",65798.2,499.978
"Mech_RPM",65798.2,499.978
"Mech_RPM",65798.2,499.953
"Mech_RPM",65798.2,499.953
"Mech_RPM",65798.2,499.876
"Mech_RPM",65798.2,499.876
"Mech_RPM",65798.3,499.888
"Mech_RPM",65798.3,499.888
"Mech_RPM",65798.3,499.938
"Mech_RPM",65798.3,499.938
"Mech_RPM",65798.3,499.855
"Mech_RPM",65798.3,499.855
"Mech_RPM",65798.3,499.989
"Mech_RPM",65798.3,499.989
"Mech_RPM",65798.3,499.937
"Mech_RPM",65798.4,499.937
"Mech_RPM",65798.4,499.865
"Mech_RPM",65798.4,499.865
"Mech_RPM",65798.4,499.863
"Mech_RPM",65798.4,499.863
"Mech_RPM",65798.4,499.897
"Mech_RPM",65798.4,499.897
"Mech_RPM",65798.4,499.867
"Mech_RPM",65798.4,499.867
"Mech_RPM",65798.4,499.886
"Mech_RPM",65798.5,499.886
"Mech_RPM",65798.5,499.987
"Mech_RPM",65798.5,499.987
"Mech_RPM",65798.5,499.904
"Mech_RPM",65798.5,499.904
"Mech_RPM",65798.5,500.01
"Mech_RPM",65798.5,500.01
"Mech_RPM",65798.5,499.885
"Mech_RPM",65798.5,499.885
"Mech_RPM",65798.5,499.929
"Mech_RPM",65798.6,499.929
"Mech_RPM",65798.6,500.003
"Mech_RPM",65798.6,500.003
"Mech_RPM",65798.6,499.972
"Mech_RPM",65798.6,499.972
"Mech_RPM",65798.6,499.967
"Mech_RPM",65798.6,499.967
"Mech_RPM",65798.6,499.952
"Mech_RPM",65798.6,499.952
"Mech_RPM",65798.6,499.812
"Mech_RPM",65798.7,499.812
"Mech_RPM",65798.7,499.946
"Mech_RPM",65798.7,499.946
"Mech_RPM",65798.7,499.963
"Mech_RPM",65798.7,499.963
"Mech_RPM",65798.7,499.917
"Mech_RPM",65798.7,499.917
"Mech_RPM",65798.7,499.835
"Mech_RPM",65798.7,499.835
"Mech_RPM",65798.7,499.813
"Mech_RPM",65798.8,499.813
"Mech_RPM",65798.8,499.785
"Mech_RPM",65798.8,499.785
"Mech_RPM",65798.8,499.888
"Mech_RPM",65798.8,499.888
"Mech_RPM",65798.8,499.896
"Mech_RPM",65798.8,499.896
"Mech_RPM",65798.8,499.757
"Mech_RPM",65798.8,499.757
"Mech_RPM",65798.8,499.882
"Mech_RPM",65798.9,499.882
"Mech_RPM",65798.9,499.889
"Mech_RPM",65798.9,499.889
"Mech_RPM",65798.9,499.85
"Mech_RPM",65798.9,499.85
"Mech_RPM",65798.9,499.889
"Mech_RPM",65798.9,499.889
"Mech_RPM",65798.9,499.918
"Mech_RPM",65798.9,499.918
"Mech_RPM",65798.9,499.784
"Mech_RPM",65799,499.784
"Mech_RPM",65799,499.918
"Mech_RPM",65799,499.918
"Mech_RPM",65799,499.904
"Mech_RPM",65799,499.904
"Mech_RPM",65799,499.896
"Mech_RPM",65799,499.896
"Mech_RPM",65799,499.924
"Mech_RPM",65799,499.924
"Mech_RPM",65799,499.848
"Mech_RPM",65799.1,499.848
"Mech_RPM",65799.1,499.804
"Mech_RPM",65799.1,499.804
"Mech_RPM",65799.1,499.917
"Mech_RPM",65799.1,499.917
"Mech_RPM",65799.1,499.799
"Mech_RPM",65799.1,499.799
"Mech_RPM",65799.1,499.871
"Mech_RPM",65799.1,499.871
"Mech_RPM",65799.1,500.029
"Mech_RPM",65799.2,500.029
"Mech_RPM",65799.2,499.841
"Mech_RPM",65799.2,499.841
"Mech_RPM",65799.2,499.777
"Mech_RPM",65799.2,499.777
"Mech_RPM",65799.2,499.917
"Mech_RPM",65799.2,499.917
"Mech_RPM",65799.2,499.929
"Mech_RPM",65799.2,499.929
"Mech_RPM",65799.2,499.821
"Mech_RPM",65799.3,499.821
"Mech_RPM",65799.3,499.882
"Mech_RPM",65799.3,499.882
"Mech_RPM",65799.3,499.999
"Mech_RPM",65799.3,499.999
"Mech_RPM",65799.3,499.863
"Mech_RPM",65799.3,499.863
"Mech_RPM",65799.3,500.012
"Mech_RPM",65799.3,500.012
"Mech_RPM",65799.3,500.022
"Mech_RPM",65799.4,500.022
"Mech_RPM",65799.4,499.897
"Mech_RPM",65799.4,499.897
"Mech_RPM",65799.4,500.039
"Mech_RPM",65799.4,500.039
"Mech_RPM",65799.4,499.94
"Mech_RPM",65799.4,499.94
"Mech_RPM",65799.4,500.014
"Mech_RPM",65799.4,500.014
"Mech_RPM",65799.4,499.956
"Mech_RPM",65799.5,499.956
"Mech_RPM",65799.5,499.931
"Mech_RPM",65799.5,499.931
"Mech_RPM",65799.5,499.906
"Mech_RPM",65799.5,499.906
"Mech_RPM",65799.5,500.038
"Mech_RPM",65799.5,500.038
"Mech_RPM",65799.5,499.96
"Mech_RPM",65799.5,499.96
"Mech_RPM",65799.5,500.028
"Mech_RPM",65799.6,500.028
"Mech_RPM",65799.6,500.012
"Mech_RPM",65799.6,500.012
"Mech_RPM",65799.6,499.913
"Mech_RPM",65799.6,499.913
"Mech_RPM",65799.6,499.977
"Mech_RPM",65799.6,499.977
"Mech_RPM",65799.6,500.05
"Mech_RPM",65799.6,500.05
"Mech_RPM",65799.6,499.95
"Mech_RPM",65799.7,499.95
"Mech_RPM",65799.7,499.904
"Mech_RPM",65799.7,499.904
"Mech_RPM",65799.7,500.016
"Mech_RPM",65799.7,500.016
"Mech_RPM",65799.7,499.922
"Mech_RPM",65799.7,499.922
"Mech_RPM",65799.7,499.871
"Mech_RPM",65799.7,499.871
"Mech_RPM",65799.8,500.009
"Mech_RPM",65799.8,500.009
"Mech_RPM",65799.8,500.061
"Mech_RPM",65799.8,500.061
"Mech_RPM",65799.8,500.018
"Mech_RPM",65799.8,500.018
"Mech_RPM",65799.8,499.94
"Mech_RPM",65799.8,499.94
"Mech_RPM",65799.8,499.92
"Mech_RPM",65799.8,499.92
"Mech_RPM",65799.8,499.969
"Mech_RPM",65799.9,499.969
"Mech_RPM",65799.9,500.026
"Mech_RPM",65799.9,500.026
"Mech_RPM",65799.9,499.911
"Mech_RPM",65799.9,499.911
"Mech_RPM",65799.9,499.991
"Mech_RPM",65799.9,499.991
"Mech_RPM",65799.9,499.924
"Mech_RPM",65799.9,499.924
"Mech_RPM",65799.9,499.915
"Mech_RPM",65800,499.915
"Mech_RPM",65800,499.89
"Mech_RPM",65800,499.89
"Mech_RPM",65800,499.971
"Mech_RPM",65800,499.971
"Mech_RPM",65800,499.971
"Mech_RPM",65800,499.971
"Mech_RPM",65800,499.941
"Mech_RPM",65800,499.941
"Mech_RPM",65800,500.062
"Mech_RPM",65800.1,500.062
"Mech_RPM",65800.1,500.055
"Mech_RPM",65800.1,500.055
"Mech_RPM",65800.1,499.929
"Mech_RPM",65800.1,499.929
"Mech_RPM",65800.1,499.972
"Mech_RPM",65800.1,499.972
"Mech_RPM",65800.1,499.952
"Mech_RPM",65800.1,499.952
"Mech_RPM",65800.1,500.021
"Mech_RPM",65800.2,500.021
"Mech_RPM",65800.2,499.932
"Mech_RPM",65800.2,499.932
"Mech_RPM",65800.2,499.943
"Mech_RPM",65800.2,499.943
"Mech_RPM",65800.2,499.887
"Mech_RPM",65800.2,499.887
"Mech_RPM",65800.2,499.957
"Mech_RPM",65800.2,499.957
"Mech_RPM",65800.2,500.047
"Mech_RPM",65800.2,500.047
"Mech_RPM",65800.3,499.9
"Mech_RPM",65800.3,499.9
"Mech_RPM",65800.3,499.918
"Mech_RPM",65800.3,499.918
"Mech_RPM",65800.3,500.003
"Mech_RPM",65800.3,500.003
"Mech_RPM",65800.3,499.883
"Mech_RPM",65800.3,499.883
"Mech_RPM",65800.3,500.062
"Mech_RPM",65800.4,500.062
"Mech_RPM",65800.4,500.056
"Mech_RPM",65800.4,500.056
"Mech_RPM",65800.4,500.013
"Mech_RPM",65800.4,500.013
"Mech_RPM",65800.4,499.929
"Mech_RPM",65800.4,499.929
"Mech_RPM",65800.4,500.019
"Mech_RPM",65800.4,500.019
"Mech_RPM",65800.5,499.883
"Mech_RPM",65800.5,499.883
"Mech_RPM",65800.5,499.917
"Mech_RPM",65800.5,499.917
"Mech_RPM",65800.5,500.002
"Mech_RPM",65800.5,500.002
"Mech_RPM",65800.5,499.971
"Mech_RPM",65800.5,499.971
"Mech_RPM",65800.5,499.971
"Mech_RPM",65800.5,499.971
"Mech_RPM",65800.6,499.951
"Mech_RPM",65800.6,499.951
"Mech_RPM",65800.6,499.832
"Mech_RPM",65800.6,499.832
"Mech_RPM",65800.6,499.893
"Mech_RPM",65800.6,499.893
"Mech_RPM",65800.6,499.916
"Mech_RPM",65800.6,499.916
"Mech_RPM",65800.6,499.892
"Mech_RPM",65800.6,499.892
"Mech_RPM",65800.6,499.993
"Mech_RPM",65800.7,499.993
"Mech_RPM",65800.7,499.956
"Mech_RPM",65800.7,499.956
"Mech_RPM",65800.7,499.837
"Mech_RPM",65800.7,499.837
"Mech_RPM",65800.7,499.914
"Mech_RPM",65800.7,499.914
"Mech_RPM",65800.7,499.895
"Mech_RPM",65800.7,499.895
"Mech_RPM",65800.8,499.943
"Mech_RPM",65800.8,499.943
"Mech_RPM",65800.8,499.997
"Mech_RPM",65800.8,499.997
"Mech_RPM",65800.8,499.96
"Mech_RPM",65800.8,499.96
"Mech_RPM",65800.8,499.805
"Mech_RPM",65800.8,499.805
"Mech_RPM",65800.8,499.975
"Mech_RPM",65800.8,499.975
"Mech_RPM",65800.9,499.981
"Mech_RPM",65800.9,499.981
"Mech_RPM",65800.9,499.83
"Mech_RPM",65800.9,499.83
"Mech_RPM",65800.9,499.959
"Mech_RPM",65800.9,499.959
"Mech_RPM",65800.9,499.96
"Mech_RPM",65800.9,499.96
"Mech_RPM",65800.9,499.929
"Mech_RPM",65800.9,499.929
"Mech_RPM",65801,499.899
"Mech_RPM",65801,499.899
"Mech_RPM",65801,500.011
"Mech_RPM",65801,500.011
"Mech_RPM",65801,499.844
"Mech_RPM",65801,499.844
"Mech_RPM",65801,499.993
"Mech_RPM",65801,499.993
"Mech_RPM",65801,499.852
"Mech_RPM",65801,499.852
"Mech_RPM",65801,499.923
"Mech_RPM",65801.1,499.923
"Mech_RPM",65801.1,499.971
"Mech_RPM",65801.1,499.971
"Mech_RPM",65801.1,499.977
"Mech_RPM",65801.1,499.977
"Mech_RPM",65801.1,499.868
"Mech_RPM",65801.1,499.868
"Mech_RPM",65801.1,499.876
"Mech_RPM",65801.1,499.876
"Mech_RPM",65801.1,499.858
"Mech_RPM",65801.2,499.858
"Mech_RPM",65801.2,499.908
"Mech_RPM",65801.2,499.908
"Mech_RPM",65801.2,499.883
"Mech_RPM",65801.2,499.883
"Mech_RPM",65801.2,500
"Mech_RPM",65801.2,500
"Mech_RPM",65801.2,499.854
"Mech_RPM",65801.2,499.854
"Mech_RPM",65801.2,499.977
"Mech_RPM",65801.3,499.977
"Mech_RPM",65801.3,499.957
"Mech_RPM",65801.3,499.957
"Mech_RPM",65801.3,499.911
"Mech_RPM",65801.3,499.911
"Mech_RPM",65801.3,499.892
"Mech_RPM",65801.3,499.892
"Mech_RPM",65801.3,499.873
"Mech_RPM",65801.3,499.873
"Mech_RPM",65801.4,499.834
"Mech_RPM",65801.4,499.834
"Mech_RPM",65801.4,499.957
"Mech_RPM",65801.4,499.957
"Mech_RPM",65801.4,499.916
"Mech_RPM",65801.4,499.916
"Mech_RPM",65801.4,499.907
"Mech_RPM",65801.4,499.907
"Mech_RPM",65801.4,499.967
"Mech_RPM",65801.4,499.967
"Mech_RPM",65801.5,499.884
"Mech_RPM",65801.5,499.884
"Mech_RPM",65801.5,499.949
"Mech_RPM",65801.5,499.949
"Mech_RPM",65801.5,499.997
"Mech_RPM",65801.5,499.997
"Mech_RPM",65801.5,499.986
"Mech_RPM",65801.5,499.986
"Mech_RPM",65801.5,499.94
"Mech_RPM",65801.5,499.94
"Mech_RPM",65801.6,499.904
"Mech_RPM",65801.6,499.904
"Mech_RPM",65801.6,499.995
"Mech_RPM",65801.6,499.995
"Mech_RPM",65801.6,499.948
"Mech_RPM",65801.6,499.948
"Mech_RPM",65801.6,499.897
"Mech_RPM",65801.6,499.897
"Mech_RPM",65801.6,499.962
"Mech_RPM",65801.6,499.962
"Mech_RPM",65801.6,499.827
"Mech_RPM",65801.7,499.827
"Mech_RPM",65801.7,499.882
"Mech_RPM",65801.7,499.882
"Mech_RPM",65801.7,499.968
"Mech_RPM",65801.7,499.968
"Mech_RPM",65801.7,499.948
"Mech_RPM",65801.7,499.948
"Mech_RPM",65801.7,499.913
"Mech_RPM",65801.8,499.913
"Mech_RPM",65801.8,499.888
"Mech_RPM",65801.8,499.888
"Mech_RPM",65801.8,499.953
"Mech_RPM",65801.8,499.953
"Mech_RPM",65801.8,500.027
"Mech_RPM",65801.8,500.027
"Mech_RPM",65801.8,500.042
"Mech_RPM",65801.8,500.042
"Mech_RPM",65801.8,499.999
"Mech_RPM",65801.8,499.999
"Mech_RPM",65801.9,499.926
"Mech_RPM",65801.9,499.926
"Mech_RPM",65801.9,499.923
"Mech_RPM",65801.9,499.923
"Mech_RPM",65801.9,499.883
"Mech_RPM",65801.9,499.883
"Mech_RPM",65801.9,500.041
"Mech_RPM",65801.9,500.041
"Mech_RPM",65801.9,500.02
"Mech_RPM",65801.9,500.02
"Mech_RPM",65802,499.873
"Mech_RPM",65802,499.873
"Mech_RPM",65802,500.017
"Mech_RPM",65802,500.017
"Mech_RPM",65802,499.954
"Mech_RPM",65802,499.954
"Mech_RPM",65802,499.934
"Mech_RPM",65802,499.934
"Mech_RPM",65802,500.013
"Mech_RPM",65802,500.013
"Mech_RPM",65802.1,499.992
"Mech_RPM",65802.1,499.992
"Mech_RPM",65802.1,499.852
"Mech_RPM",65802.1,499.852
"Mech_RPM",65802.1,499.98
"Mech_RPM",65802.1,499.98
"Mech_RPM",65802.1,499.959
"Mech_RPM",65802.1,499.959
"Mech_RPM",65802.1,499.939
"Mech_RPM",65802.1,499.939
"Mech_RPM",65802.2,499.894
"Mech_RPM",65802.2,499.894
"Mech_RPM",65802.2,499.979
"Mech_RPM",65802.2,499.979
"Mech_RPM",65802.2,499.964
"Mech_RPM",65802.2,499.964
"Mech_RPM",65802.2,499.923
"Mech_RPM",65802.2,499.923
"Mech_RPM",65802.2,500.003
"Mech_RPM",65802.2,500.003
"Mech_RPM",65802.3,499.867
"Mech_RPM",65802.3,499.867
"Mech_RPM",65802.3,500.073
"Mech_RPM",65802.3,500.073
"Mech_RPM",65802.3,500.051
"Mech_RPM",65802.3,500.051
"Mech_RPM",65802.3,499.919
"Mech_RPM",65802.3,499.919
"Mech_RPM",65802.3,499.968
"Mech_RPM",65802.3,499.968
"Mech_RPM",65802.4,499.916
"Mech_RPM",65802.4,499.916
"Mech_RPM",65802.4,500.007
"Mech_RPM",65802.4,500.007
"Mech_RPM",65802.4,500.059
"Mech_RPM",65802.4,500.059
"Mech_RPM",65802.4,499.953
"Mech_RPM",65802.4,499.953
"Mech_RPM",65802.4,500.017
"Mech_RPM",65802.4,500.017
"Mech_RPM",65802.5,499.964
"Mech_RPM",65802.5,499.964
"Mech_RPM",65802.5,499.913
"Mech_RPM",65802.5,499.913
"Mech_RPM",65802.5,499.982
"Mech_RPM",65802.5,499.982
"Mech_RPM",65802.5,499.951
"Mech_RPM",65802.5,499.951
"Mech_RPM",65802.5,499.973
"Mech_RPM",65802.5,499.973
"Mech_RPM",65802.6,499.943
"Mech_RPM",65802.6,499.943
"Mech_RPM",65802.6,500.079
"Mech_RPM",65802.6,500.079
"Mech_RPM",65802.6,500.051
"Mech_RPM",65802.6,500.051
"Mech_RPM",65802.6,500.04
"Mech_RPM",65802.6,500.04
"Mech_RPM",65802.6,499.992
"Mech_RPM",65802.6,499.992
"Mech_RPM",65802.7,499.966
"Mech_RPM",65802.7,499.966
"Mech_RPM",65802.7,500.024
"Mech_RPM",65802.7,500.024
"Mech_RPM",65802.7,500.066
"Mech_RPM",65802.7,500.066
"Mech_RPM",65802.7,499.924
"Mech_RPM",65802.7,499.924
"Mech_RPM",65802.7,499.972
"Mech_RPM",65802.8,499.972
"Mech_RPM",65802.8,499.921
"Mech_RPM",65802.8,499.921
"Mech_RPM",65802.8,500.005
"Mech_RPM",65802.8,500.005
"Mech_RPM",65802.8,499.974
"Mech_RPM",65802.8,499.974
"Mech_RPM",65802.8,499.917
"Mech_RPM",65802.8,499.917
"Mech_RPM",65802.8,499.903
"Mech_RPM",65802.9,499.903
"Mech_RPM",65802.9,499.864
"Mech_RPM",65802.9,499.864
"Mech_RPM",65802.9,499.971
"Mech_RPM",65802.9,499.971
"Mech_RPM",65802.9,500.034
"Mech_RPM",65802.9,500.034
"Mech_RPM",65802.9,499.913
"Mech_RPM",65802.9,499.913
"Mech_RPM",65802.9,499.951
"Mech_RPM",65802.9,499.951
"Mech_RPM",65803,499.999
"Mech_RPM",65803,499.999
"Mech_RPM",65803,499.879
"Mech_RPM",65803,499.879
"Mech_RPM",65803,500.054
"Mech_RPM",65803,500.054
"Mech_RPM",65803,500.053
"Mech_RPM",65803,500.053
"Mech_RPM",65803,499.916
"Mech_RPM",65803,499.916
"Mech_RPM",65803.1,499.97
"Mech_RPM",65803.1,499.97
"Mech_RPM",65803.1,499.918
"Mech_RPM",65803.1,499.918
"Mech_RPM",65803.1,499.977
"Mech_RPM",65803.1,499.977
"Mech_RPM",65803.1,499.931
"Mech_RPM",65803.1,499.931
"Mech_RPM",65803.1,499.901
"Mech_RPM",65803.1,499.901
"Mech_RPM",65803.2,499.96
"Mech_RPM",65803.2,499.96
"Mech_RPM",65803.2,500.008
"Mech_RPM",65803.2,500.008
"Mech_RPM",65803.2,499.935
"Mech_RPM",65803.2,499.935
"Mech_RPM",65803.2,499.91
"Mech_RPM",65803.2,499.91
"Mech_RPM",65803.2,499.964
"Mech_RPM",65803.2,499.964
"Mech_RPM",65803.3,499.991
"Mech_RPM",65803.3,499.991
"Mech_RPM",65803.3,499.866
"Mech_RPM",65803.3,499.866
"Mech_RPM",65803.3,499.999
"Mech_RPM",65803.3,499.999
"Mech_RPM",65803.3,499.957
"Mech_RPM",65803.3,499.957
"Mech_RPM",65803.3,499.828
"Mech_RPM",65803.4,499.828
"Mech_RPM",65803.4,499.915
"Mech_RPM",65803.4,499.915
"Mech_RPM",65803.4,499.989
"Mech_RPM",65803.4,499.989
"Mech_RPM",65803.4,499.953
"Mech_RPM",65803.4,499.953
"Mech_RPM",65803.4,499.881
"Mech_RPM",65803.4,499.881
"Mech_RPM",65803.4,499.805
"Mech_RPM",65803.5,499.805
"Mech_RPM",65803.5,499.762
"Mech_RPM",65803.5,499.762
"Mech_RPM",65803.5,499.955
"Mech_RPM",65803.5,499.955
"Mech_RPM",65803.5,499.935
"Mech_RPM",65803.5,499.935
"Mech_RPM",65803.5,499.774
"Mech_RPM",65803.5,499.774
"Mech_RPM",65803.5,499.946
"Mech_RPM",65803.5,499.946
"Mech_RPM",65803.6,499.796
"Mech_RPM",65803.6,499.796
"Mech_RPM",65803.6,499.795
"Mech_RPM",65803.6,499.795
"Mech_RPM",65803.6,499.877
"Mech_RPM",65803.6,499.877
"Mech_RPM",65803.6,499.968
"Mech_RPM",65803.6,499.968
"Mech_RPM",65803.6,499.838
"Mech_RPM",65803.6,499.838
"Mech_RPM",65803.7,499.977
"Mech_RPM",65803.7,499.977
"Mech_RPM",65803.7,499.899
"Mech_RPM",65803.7,499.899
"Mech_RPM",65803.7,499.87
"Mech_RPM",65803.7,499.87
"Mech_RPM",65803.7,499.867
"Mech_RPM",65803.7,499.867
"Mech_RPM",65803.7,499.933
"Mech_RPM",65803.8,499.933
"Mech_RPM",65803.8,499.798
"Mech_RPM",65803.8,499.798
"Mech_RPM",65803.8,499.922
"Mech_RPM",65803.8,499.922
"Mech_RPM",65803.8,499.872
"Mech_RPM",65803.8,499.872
"Mech_RPM",65803.8,499.744
"Mech_RPM",65803.8,499.744
"Mech_RPM",65803.8,499.859
"Mech_RPM",65803.9,499.859
"Mech_RPM",65803.9,499.882
"Mech_RPM",65803.9,499.882
"Mech_RPM",65803.9,499.9
"Mech_RPM",65803.9,499.9
"Mech_RPM",65803.9,499.861
"Mech_RPM",65803.9,499.861
"Mech_RPM",65803.9,499.842
"Mech_RPM",65803.9,499.842
"Mech_RPM",65803.9,499.929
"Mech_RPM",65803.9,499.929
"Mech_RPM",65804,499.884
"Mech_RPM",65804,499.884
"Mech_RPM",65804,499.849
"Mech_RPM",65804,499.849
"Mech_RPM",65804,499.832
"Mech_RPM",65804,499.832
"Mech_RPM",65804,499.986
"Mech_RPM",65804,499.986
"Mech_RPM",65804,499.83
"Mech_RPM",65804,499.83
"Mech_RPM",65804.1,499.896
"Mech_RPM",65804.1,499.896
"Mech_RPM",65804.1,499.971
"Mech_RPM",65804.1,499.971
"Mech_RPM",65804.1,499.841
"Mech_RPM",65804.1,499.841
"Mech_RPM",65804.1,499.818
"Mech_RPM",65804.1,499.818
"Mech_RPM",65804.1,499.885
"Mech_RPM",65804.1,499.885
"Mech_RPM",65804.2,499.939
"Mech_RPM",65804.2,499.939
"Mech_RPM",65804.2,499.815
"Mech_RPM",65804.2,499.815
"Mech_RPM",65804.2,500.022
"Mech_RPM",65804.2,500.022
"Mech_RPM",65804.2,499.985
"Mech_RPM",65804.2,499.985
"Mech_RPM",65804.2,499.876
"Mech_RPM",65804.2,499.876
"Mech_RPM",65804.3,499.931
"Mech_RPM",65804.3,499.931
"Mech_RPM",65804.3,499.875
"Mech_RPM",65804.3,499.875
"Mech_RPM",65804.3,499.882
"Mech_RPM",65804.3,499.882
"Mech_RPM",65804.3,500.046
"Mech_RPM",65804.3,500.046
"Mech_RPM",65804.3,499.931
"Mech_RPM",65804.4,499.931
"Mech_RPM",65804.4,500.005
"Mech_RPM",65804.4,500.005
"Mech_RPM",65804.4,500.052
"Mech_RPM",65804.4,500.052
"Mech_RPM",65804.4,499.9
"Mech_RPM",65804.4,499.9
"Mech_RPM",65804.4,500.079
"Mech_RPM",65804.4,500.079
"Mech_RPM",65804.4,500.025
"Mech_RPM",65804.4,500.025
"Mech_RPM",65804.5,500.025
"Mech_RPM",65804.5,500.025
"Mech_RPM",65804.5,499.983
"Mech_RPM",65804.5,499.983
"Mech_RPM",65804.5,499.952
"Mech_RPM",65804.5,499.952
"Mech_RPM",65804.5,499.885
"Mech_RPM",65804.5,499.885
"Mech_RPM",65804.5,499.965
"Mech_RPM",65804.5,499.965
"Mech_RPM",65804.6,499.966
"Mech_RPM",65804.6,499.966
"Mech_RPM",65804.6,499.941
"Mech_RPM",65804.6,499.941
"Mech_RPM",65804.6,499.942
"Mech_RPM",65804.6,499.942
"Mech_RPM",65804.6,500.073
"Mech_RPM",65804.6,500.073
"Mech_RPM",65804.6,500.004
"Mech_RPM",65804.6,500.004
"Mech_RPM",65804.7,499.853
"Mech_RPM",65804.7,499.853
"Mech_RPM",65804.7,500.028
"Mech_RPM",65804.7,500.028
"Mech_RPM",65804.7,499.907
"Mech_RPM",65804.7,499.907
"Mech_RPM",65804.7,499.961
"Mech_RPM",65804.7,499.961
"Mech_RPM",65804.7,500.019
"Mech_RPM",65804.8,500.019
"Mech_RPM",65804.8,499.951
"Mech_RPM",65804.8,499.951
"Mech_RPM",65804.8,499.957
"Mech_RPM",65804.8,499.957
"Mech_RPM",65804.8,500.052
"Mech_RPM",65804.9,500.052
"Mech_RPM",65804.9,499.983
"Mech_RPM",65804.9,499.983
"Mech_RPM",65804.9,499.879
"Mech_RPM",65804.9,499.879
"Mech_RPM",65804.9,500.038
"Mech_RPM",65805,500.038
"Mech_RPM",65805,499.996
"Mech_RPM",65805,499.996
"Mech_RPM",65805,499.959
"Mech_RPM",65805,499.959
"Mech_RPM",65805,499.995
"Mech_RPM",65805,500.031
"Mech_RPM",65805.1,500.031
"Mech_RPM",65805.1,499.979
"Mech_RPM",65805.1,499.979
"Mech_RPM",65805.1,499.833
"Mech_RPM",65805.1,499.833
"Mech_RPM",65805.1,500.019
"Mech_RPM",65805.1,500.019
"Mech_RPM",65805.2,499.961
"Mech_RPM",65805.2,499.961
"Mech_RPM",65805.2,499.853
"Mech_RPM",65805.2,499.847
"Mech_RPM",65805.2,499.847
"Mech_RPM",65805.2,499.991
"Mech_RPM",65805.2,499.991
"Mech_RPM",65805.2,499.871
"Mech_RPM",65805.2,499.871
"Mech_RPM",65805.3,499.827
"Mech_RPM",65805.3,499.827
"Mech_RPM",65805.3,499.981
"Mech_RPM",65805.3,499.981
"Mech_RPM",65805.3,499.935
"Mech_RPM",65805.3,499.935
"Mech_RPM",65805.3,499.947
"Mech_RPM",65805.3,499.947
"Mech_RPM",65805.3,499.932
"Mech_RPM",65805.3,499.932
"Mech_RPM",65805.3,499.991
"Mech_RPM",65805.4,499.991
"Mech_RPM",65805.4,499.866
"Mech_RPM",65805.4,499.866
"Mech_RPM",65805.4,499.931
"Mech_RPM",65805.4,499.931
"Mech_RPM",65805.4,499.86
"Mech_RPM",65805.4,499.86
"Mech_RPM",65805.4,499.847
"Mech_RPM",65805.4,499.847
"Mech_RPM",65805.4,500.006
"Mech_RPM",65805.4,500.006
"Mech_RPM",65805.5,499.886
"Mech_RPM",65805.5,499.886
"Mech_RPM",65805.5,500.008
"Mech_RPM",65805.5,500.008
"Mech_RPM",65805.5,500.034
"Mech_RPM",65805.5,500.034
"Mech_RPM",65805.5,499.893
"Mech_RPM",65805.5,499.893
"Mech_RPM",65805.5,499.989
"Mech_RPM",65805.5,499.989
"Mech_RPM",65805.5,500.072
"Mech_RPM",65805.5,500.072
"Mech_RPM",65805.6,499.935
"Mech_RPM",65805.6,499.935
"Mech_RPM",65805.6,499.911
"Mech_RPM",65805.6,499.911
"Mech_RPM",65805.6,499.985
"Mech_RPM",65805.6,499.985
"Mech_RPM",65805.6,499.954
"Mech_RPM",65805.6,499.954
"Mech_RPM",65805.6,500.039
"Mech_RPM",65805.6,500.039
"Mech_RPM",65805.6,499.981
"Mech_RPM",65805.6,499.981
"Mech_RPM",65805.7,500.043
"Mech_RPM",65805.7,500.043
"Mech_RPM",65805.7,500.011
"Mech_RPM",65805.7,500.011
"Mech_RPM",65805.7,499.985
"Mech_RPM",65805.7,499.985
"Mech_RPM",65805.7,499.996
"Mech_RPM",65805.7,499.996
"Mech_RPM",65805.7,499.97
"Mech_RPM",65805.7,499.97
"Mech_RPM",65805.8,499.955
"Mech_RPM",65805.8,499.955
"Mech_RPM",65805.8,499.919
"Mech_RPM",65805.8,499.919
"Mech_RPM",65805.8,499.91
"Mech_RPM",65805.8,499.91
"Mech_RPM",65805.8,500.074
"Mech_RPM",65805.8,500.074
"Mech_RPM",65805.8,500.036
"Mech_RPM",65805.8,500.036
"Mech_RPM",65805.8,499.905
"Mech_RPM",65805.9,499.905
"Mech_RPM",65805.9,500.079
"Mech_RPM",65805.9,500.079
"Mech_RPM",65805.9,499.9
"Mech_RPM",65805.9,499.9
"Mech_RPM",65805.9,499.991
"Mech_RPM",65805.9,499.991
"Mech_RPM",65805.9,499.975
"Mech_RPM",65805.9,499.975
"Mech_RPM",65805.9,499.887
"Mech_RPM",65806,499.887
"Mech_RPM",65806,500.004
"Mech_RPM",65806,500.004
"Mech_RPM",65806,499.999
"Mech_RPM",65806,499.999
"Mech_RPM",65806,500.066
"Mech_RPM",65806,500.066
"Mech_RPM",65806,500.023
"Mech_RPM",65806,500.023
"Mech_RPM",65806,499.966
"Mech_RPM",65806.1,499.966
"Mech_RPM",65806.1,499.883
"Mech_RPM",65806.1,499.883
"Mech_RPM",65806.1,499.854
"Mech_RPM",65806.1,499.854
"Mech_RPM",65806.1,500.07
"Mech_RPM",65806.1,500.07
"Mech_RPM",65806.1,500.001
"Mech_RPM",65806.1,500.001
"Mech_RPM",65806.1,499.84
"Mech_RPM",65806.2,499.84
"Mech_RPM",65806.2,499.906
"Mech_RPM",65806.2,499.906
"Mech_RPM",65806.2,499.845
"Mech_RPM",65806.2,499.845
"Mech_RPM",65806.2,499.968
"Mech_RPM",65806.2,499.968
"Mech_RPM",65806.2,499.969
"Mech_RPM",65806.2,499.969
"Mech_RPM",65806.2,499.985
"Mech_RPM",65806.3,499.985
"Mech_RPM",65806.3,499.886
"Mech_RPM",65806.3,499.886
"Mech_RPM",65806.3,500.013
"Mech_RPM",65806.3,500.013
"Mech_RPM",65806.3,499.925
"Mech_RPM",65806.3,499.925
"Mech_RPM",65806.3,499.822
"Mech_RPM",65806.3,499.822
"Mech_RPM",65806.3,499.924
"Mech_RPM",65806.4,499.924
"Mech_RPM",65806.4,499.952
"Mech_RPM",65806.4,499.952
"Mech_RPM",65806.4,499.859
"Mech_RPM",65806.4,499.859
"Mech_RPM",65806.4,499.987
"Mech_RPM",65806.4,499.987
"Mech_RPM",65806.4,499.951
"Mech_RPM",65806.4,499.951
"Mech_RPM",65806.4,499.811
"Mech_RPM",65806.5,499.811
"Mech_RPM",65806.5,499.903
"Mech_RPM",65806.5,499.903
"Mech_RPM",65806.5,499.832
"Mech_RPM",65806.5,499.832
"Mech_RPM",65806.5,499.94
"Mech_RPM",65806.5,499.94
"Mech_RPM",65806.5,499.905
"Mech_RPM",65806.5,499.905
"Mech_RPM",65806.5,499.829
"Mech_RPM",65806.6,499.829
"Mech_RPM",65806.6,499.915
"Mech_RPM",65806.6,499.915
"Mech_RPM",65806.6,499.875
"Mech_RPM",65806.6,499.875
"Mech_RPM",65806.6,499.909
"Mech_RPM",65806.6,499.909
"Mech_RPM",65806.6,499.911
"Mech_RPM",65806.6,499.911
"Mech_RPM",65806.6,499.855
"Mech_RPM",65806.7,499.855
"Mech_RPM",65806.7,499.817
"Mech_RPM",65806.7,499.817
"Mech_RPM",65806.7,499.878
"Mech_RPM",65806.7,499.878
"Mech_RPM",65806.7,499.88
"Mech_RPM",65806.7,499.88
"Mech_RPM",65806.7,499.934
"Mech_RPM",65806.7,499.934
"Mech_RPM",65806.7,499.925
"Mech_RPM",65806.8,499.925
"Mech_RPM",65806.8,499.885
"Mech_RPM",65806.8,499.885
"Mech_RPM",65806.8,499.919
"Mech_RPM",65806.8,499.919
"Mech_RPM",65806.8,499.811
"Mech_RPM",65806.8,499.811
"Mech_RPM",65806.8,499.971
"Mech_RPM",65806.8,499.971
"Mech_RPM",65806.8,499.94
"Mech_RPM",65806.9,499.94
"Mech_RPM",65806.9,499.827
"Mech_RPM",65806.9,499.827
"Mech_RPM",65806.9,499.909
"Mech_RPM",65806.9,499.909
"Mech_RPM",65806.9,499.843
"Mech_RPM",65806.9,499.843
"Mech_RPM",65806.9,499.835
"Mech_RPM",65806.9,499.835
"Mech_RPM",65806.9,500.016
"Mech_RPM",65807,500.016
"Mech_RPM",65807,499.932
"Mech_RPM",65807,499.932
"Mech_RPM",65807,500.022
"Mech_RPM",65807,500.022
"Mech_RPM",65807,499.964
"Mech_RPM",65807,499.964
"Mech_RPM",65807,499.866
"Mech_RPM",65807,499.866
"Mech_RPM",65807,499.879
"Mech_RPM",65807.1,499.879
"Mech_RPM",65807.1,500.007
"Mech_RPM",65807.1,500.007
"Mech_RPM",65807.1,500.053
"Mech_RPM",65807.1,500.053
"Mech_RPM",65807.1,499.953
"Mech_RPM",65807.1,499.953
"Mech_RPM",65807.1,500.1
"Mech_RPM",65807.1,500.1
"Mech_RPM",65807.1,500.03
"Mech_RPM",65807.2,500.03
"Mech_RPM",65807.2,499.936
"Mech_RPM",65807.2,499.936
"Mech_RPM",65807.2,500.12
"Mech_RPM",65807.2,500.12
"Mech_RPM",65807.2,499.987
"Mech_RPM",65807.2,499.987
"Mech_RPM",65807.2,500.076
"Mech_RPM",65807.2,500.076
"Mech_RPM",65807.2,500.079
"Mech_RPM",65807.3,500.079
"Mech_RPM",65807.3,499.963
"Mech_RPM",65807.3,499.963
"Mech_RPM",65807.3,499.974
"Mech_RPM",65807.3,499.974
"Mech_RPM",65807.3,500.037
"Mech_RPM",65807.3,500.037
"Mech_RPM",65807.3,499.99
"Mech_RPM",65807.3,499.99
"Mech_RPM",65807.3,499.948
"Mech_RPM",65807.4,499.948
"Mech_RPM",65807.4,500.111
"Mech_RPM",65807.4,500.111
"Mech_RPM",65807.4,499.926
"Mech_RPM",65807.4,499.926
"Mech_RPM",65807.4,500.063
"Mech_RPM",65807.4,500.063
"Mech_RPM",65807.4,500.036
"Mech_RPM",65807.4,500.036
"Mech_RPM",65807.4,500.082
"Mech_RPM",65807.5,500.082
"Mech_RPM",65807.5,500.065
"Mech_RPM",65807.5,500.065
"Mech_RPM",65807.5,500.11
"Mech_RPM",65807.5,500.11
"Mech_RPM",65807.5,500.03
"Mech_RPM",65807.5,500.03
"Mech_RPM",65807.5,499.91
"Mech_RPM",65807.5,499.91
"Mech_RPM",65807.5,500.052
"Mech_RPM",65807.6,500.052
"Mech_RPM",65807.6,499.962
"Mech_RPM",65807.6,499.962
"Mech_RPM",65807.6,499.989
"Mech_RPM",65807.6,499.989
"Mech_RPM",65807.6,500.146
"Mech_RPM",65807.6,500.146
"Mech_RPM",65807.6,500.091
"Mech_RPM",65807.6,500.091
"Mech_RPM",65807.6,499.98
"Mech_RPM",65807.7,499.98
"Mech_RPM",65807.7,500.136
"Mech_RPM",65807.7,500.136
"Mech_RPM",65807.7,500.019
"Mech_RPM",65807.7,500.019
"Mech_RPM",65807.7,500.112
"Mech_RPM",65807.7,500.112
"Mech_RPM",65807.7,500.173
"Mech_RPM",65807.7,500.173
"Mech_RPM",65807.7,500.018
"Mech_RPM",65807.8,500.018
"Mech_RPM",65807.8,499.997
"Mech_RPM",65807.8,499.997
"Mech_RPM",65807.8,500.085
"Mech_RPM",65807.8,500.085
"Mech_RPM",65807.8,500.105
"Mech_RPM",65807.8,500.105
"Mech_RPM",65807.8,500.149
"Mech_RPM",65807.8,500.149
"Mech_RPM",65807.8,500.094
"Mech_RPM",65807.9,500.094
"Mech_RPM",65807.9,500.004
"Mech_RPM",65807.9,500.004
"Mech_RPM",65807.9,499.988
"Mech_RPM",65807.9,499.988
"Mech_RPM",65807.9,500.066
"Mech_RPM",65807.9,500.066
"Mech_RPM",65807.9,500.096
"Mech_RPM",65807.9,500.096
"Mech_RPM",65807.9,499.959
"Mech_RPM",65808,499.959
"Mech_RPM",65808,499.996
"Mech_RPM",65808,499.996
"Mech_RPM",65808,500.017
"Mech_RPM",65808,500.017
"Mech_RPM",65808,499.928
"Mech_RPM",65808,499.928
"Mech_RPM",65808,499.982
"Mech_RPM",65808,499.982
"Mech_RPM",65808,500.024
"Mech_RPM",65808.1,500.024
"Mech_RPM",65808.1,500.029
"Mech_RPM",65808.1,500.029
"Mech_RPM",65808.1,500.002
"Mech_RPM",65808.1,500.002
"Mech_RPM",65808.1,499.929
"Mech_RPM",65808.1,499.929
"Mech_RPM",65808.1,500.04
"Mech_RPM",65808.1,500.04
"Mech_RPM",65808.1,500.086
"Mech_RPM",65808.1,500.086
"Mech_RPM",65808.2,499.902
"Mech_RPM",65808.2,499.902
"Mech_RPM",65808.2,500.008
"Mech_RPM",65808.2,500.008
"Mech_RPM",65808.2,499.977
"Mech_RPM",65808.2,499.977
"Mech_RPM",65808.2,499.909
"Mech_RPM",65808.2,499.909
"Mech_RPM",65808.2,499.906
"Mech_RPM",65808.2,499.906
"Mech_RPM",65808.3,499.996
"Mech_RPM",65808.3,499.996
"Mech_RPM",65808.3,500.064
"Mech_RPM",65808.3,500.064
"Mech_RPM",65808.3,500.053
"Mech_RPM",65808.3,500.053
"Mech_RPM",65808.3,500.104
"Mech_RPM",65808.3,500.104
"Mech_RPM",65808.3,499.904
"Mech_RPM",65808.4,499.904
"Mech_RPM",65808.4,500.015
"Mech_RPM",65808.4,500.015
"Mech_RPM",65808.4,499.952
"Mech_RPM",65808.4,499.952
"Mech_RPM",65808.4,500.005
"Mech_RPM",65808.4,500.005
"Mech_RPM",65808.4,500.015
"Mech_RPM",65808.4,500.015
"Mech_RPM",65808.4,499.942
"Mech_RPM",65808.5,499.942
"Mech_RPM",65808.5,499.855
"Mech_RPM",65808.5,499.855
"Mech_RPM",65808.5,499.962
"Mech_RPM",65808.5,499.962
"Mech_RPM",65808.5,499.937
"Mech_RPM",65808.5,499.937
"Mech_RPM",65808.5,499.959
"Mech_RPM",65808.5,499.959
"Mech_RPM",65808.5,499.954
"Mech_RPM",65808.6,499.954
"Mech_RPM",65808.6,499.987
"Mech_RPM",65808.6,499.987
"Mech_RPM",65808.6,499.914
"Mech_RPM",65808.6,499.914
"Mech_RPM",65808.6,499.942
"Mech_RPM",65808.6,499.942
"Mech_RPM",65808.6,500.005
"Mech_RPM",65808.6,500.005
"Mech_RPM",65808.6,499.958
"Mech_RPM",65808.7,499.958
"Mech_RPM",65808.7,499.964
"Mech_RPM",65808.7,499.964
"Mech_RPM",65808.7,500.033
"Mech_RPM",65808.7,500.033
"Mech_RPM",65808.7,499.845
"Mech_RPM",65808.7,499.845
"Mech_RPM",65808.7,499.941
"Mech_RPM",65808.7,499.941
"Mech_RPM",65808.7,499.99
"Mech_RPM",65808.8,499.99
"Mech_RPM",65808.8,499.844
"Mech_RPM",65808.8,499.844
"Mech_RPM",65808.8,499.873
"Mech_RPM",65808.8,499.873
"Mech_RPM",65808.8,500.006
"Mech_RPM",65808.8,500.006
"Mech_RPM",65808.8,499.813
"Mech_RPM",65808.8,499.813
"Mech_RPM",65808.8,499.916
"Mech_RPM",65808.9,499.916
"Mech_RPM",65808.9,499.881
"Mech_RPM",65808.9,499.881
"Mech_RPM",65808.9,499.862
"Mech_RPM",65808.9,499.862
"Mech_RPM",65808.9,499.86
"Mech_RPM",65808.9,499.86
"Mech_RPM",65808.9,500.014
"Mech_RPM",65808.9,500.014
"Mech_RPM",65808.9,499.925
"Mech_RPM",65809,499.925
"Mech_RPM",65809,499.953
"Mech_RPM",65809,499.953
"Mech_RPM",65809,500.006
"Mech_RPM",65809,500.006
"Mech_RPM",65809,499.834
"Mech_RPM",65809,499.834
"Mech_RPM",65809,499.983
"Mech_RPM",65809,499.983
"Mech_RPM",65809,499.9
"Mech_RPM",65809.1,499.9
"Mech_RPM",65809.1,499.943
"Mech_RPM",65809.1,499.943
"Mech_RPM",65809.1,499.939
"Mech_RPM",65809.1,499.939
"Mech_RPM",65809.1,500.034
"Mech_RPM",65809.1,500.034
"Mech_RPM",65809.1,499.971
"Mech_RPM",65809.1,499.971
"Mech_RPM",65809.1,499.894
"Mech_RPM",65809.2,499.894
"Mech_RPM",65809.2,500.021
"Mech_RPM",65809.2,500.021
"Mech_RPM",65809.2,499.843
"Mech_RPM",65809.2,499.843
"Mech_RPM",65809.2,499.846
"Mech_RPM",65809.2,499.846
"Mech_RPM",65809.2,499.938
"Mech_RPM",65809.2,499.938
"Mech_RPM",65809.2,499.991
"Mech_RPM",65809.3,499.991
"Mech_RPM",65809.3,499.924
"Mech_RPM",65809.3,499.924
"Mech_RPM",65809.3,500.076
"Mech_RPM",65809.3,500.076
"Mech_RPM",65809.3,499.872
"Mech_RPM",65809.3,499.872
"Mech_RPM",65809.3,499.895
"Mech_RPM",65809.3,499.895
"Mech_RPM",65809.3,500.059
"Mech_RPM",65809.4,500.059
"Mech_RPM",65809.4,499.87
"Mech_RPM",65809.4,499.87
"Mech_RPM",65809.4,499.992
"Mech_RPM",65809.4,499.992
"Mech_RPM",65809.4,499.935
"Mech_RPM",65809.4,499.935
"Mech_RPM",65809.4,499.864
"Mech_RPM",65809.4,499.864
"Mech_RPM",65809.4,499.877
"Mech_RPM",65809.5,499.877
"Mech_RPM",65809.5,499.942
"Mech_RPM",65809.5,499.942
"Mech_RPM",65809.5,500
"Mech_RPM",65809.5,500
"Mech_RPM",65809.5,499.906
"Mech_RPM",65809.5,499.906
"Mech_RPM",65809.5,500.023
"Mech_RPM",65809.5,500.023
"Mech_RPM",65809.5,499.96
"Mech_RPM",65809.6,499.96
"Mech_RPM",65809.6,499.867
"Mech_RPM",65809.6,499.867
"Mech_RPM",65809.6,500.036
"Mech_RPM",65809.6,500.036
"Mech_RPM",65809.6,499.885
"Mech_RPM",65809.6,499.885
"Mech_RPM",65809.6,499.991
"Mech_RPM",65809.6,499.991
"Mech_RPM",65809.6,500.038
"Mech_RPM",65809.7,500.038
"Mech_RPM",65809.7,499.975
"Mech_RPM",65809.7,499.975
"Mech_RPM",65809.7,499.892
"Mech_RPM",65809.7,499.892
"Mech_RPM",65809.7,500.004
"Mech_RPM",65809.7,500.004
"Mech_RPM",65809.7,499.863
"Mech_RPM",65809.7,499.863
"Mech_RPM",65809.7,499.892
"Mech_RPM",65809.8,499.892
"Mech_RPM",65809.8,499.946
"Mech_RPM",65809.8,499.946
"Mech_RPM",65809.8,499.942
"Mech_RPM",65809.8,499.942
"Mech_RPM",65809.8,500
"Mech_RPM",65809.8,500
"Mech_RPM",65809.8,499.959
"Mech_RPM",65809.8,499.959
"Mech_RPM",65809.8,499.923
"Mech_RPM",65809.9,499.923
"Mech_RPM",65809.9,499.914
"Mech_RPM",65809.9,499.914
"Mech_RPM",65809.9,499.963
"Mech_RPM",65809.9,499.963
"Mech_RPM",65809.9,499.885
"Mech_RPM",65809.9,499.885
"Mech_RPM",65809.9,500.023
"Mech_RPM",65809.9,500.023
"Mech_RPM",65809.9,500.09
"Mech_RPM",65810,500.09
"Mech_RPM",65810,499.901
"Mech_RPM",65810,499.901
"Mech_RPM",65810,499.924
"Mech_RPM",65810,499.924
"Mech_RPM",65810,499.946
"Mech_RPM",65810,499.946
"Mech_RPM",65810,499.895
"Mech_RPM",65810,499.895
"Mech_RPM",65810,500.007
"Mech_RPM",65810.1,500.007
"Mech_RPM",65810.1,500.09
"Mech_RPM",65810.1,500.09
"Mech_RPM",65810.1,500.041
"Mech_RPM",65810.1,500.041
"Mech_RPM",65810.1,500.098
"Mech_RPM",65810.1,500.098
"Mech_RPM",65810.1,500.075
"Mech_RPM",65810.1,500.075
"Mech_RPM",65810.1,499.974
"Mech_RPM",65810.1,499.974
"Mech_RPM",65810.2,500.011
"Mech_RPM",65810.2,500.011
"Mech_RPM",65810.2,499.995
"Mech_RPM",65810.2,499.995
"Mech_RPM",65810.2,499.928
"Mech_RPM",65810.2,499.928
"Mech_RPM",65810.2,499.95
"Mech_RPM",65810.2,499.95
"Mech_RPM",65810.2,499.962
"Mech_RPM",65810.2,499.962
"Mech_RPM",65810.3,499.957
"Mech_RPM",65810.3,499.957
"Mech_RPM",65810.3,499.885
"Mech_RPM",65810.3,499.885
"Mech_RPM",65810.3,500.044
"Mech_RPM",65810.3,500.044
"Mech_RPM",65810.3,499.944
"Mech_RPM",65810.3,499.944
"Mech_RPM",65810.3,499.95
"Mech_RPM",65810.4,499.95
"Mech_RPM",65810.4,499.982
"Mech_RPM",65810.4,499.982
"Mech_RPM",65810.4,499.905
"Mech_RPM",65810.4,499.905
"Mech_RPM",65810.4,499.948
"Mech_RPM",65810.4,499.948
"Mech_RPM",65810.4,499.97
"Mech_RPM",65810.4,499.97
"Mech_RPM",65810.4,499.809
"Mech_RPM",65810.5,499.809
"Mech_RPM",65810.5,499.834
"Mech_RPM",65810.5,499.834
"Mech_RPM",65810.5,499.931
"Mech_RPM",65810.5,499.931
"Mech_RPM",65810.5,499.854
"Mech_RPM",65810.5,499.854
"Mech_RPM",65810.5,499.737
"Mech_RPM",65810.5,499.737
"Mech_RPM",65810.5,499.914
"Mech_RPM",65810.6,499.914
"Mech_RPM",65810.6,499.781
"Mech_RPM",65810.6,499.781
"Mech_RPM",65810.6,499.889
"Mech_RPM",65810.6,499.889
"Mech_RPM",65810.6,499.803
"Mech_RPM",65810.6,499.803
"Mech_RPM",65810.6,499.833
"Mech_RPM",65810.6,499.833
"Mech_RPM",65810.6,499.894
"Mech_RPM",65810.7,499.894
"Mech_RPM",65810.7,499.828
"Mech_RPM",65810.7,499.828
"Mech_RPM",65810.7,499.769
"Mech_RPM",65810.7,499.769
"Mech_RPM",65810.7,499.805
"Mech_RPM",65810.7,499.805
"Mech_RPM",65810.7,499.85
"Mech_RPM",65810.7,499.85
"Mech_RPM",65810.8,499.76
"Mech_RPM",65810.8,499.76
"Mech_RPM",65810.8,499.915
"Mech_RPM",65810.8,499.915
"Mech_RPM",65810.8,499.959
"Mech_RPM",65810.8,499.959
"Mech_RPM",65810.8,499.777
"Mech_RPM",65810.8,499.777
"Mech_RPM",65810.8,499.907
"Mech_RPM",65810.8,499.907
"Mech_RPM",65810.9,499.825
"Mech_RPM",65810.9,499.825
"Mech_RPM",65810.9,499.756
"Mech_RPM",65810.9,499.756
"Mech_RPM",65810.9,499.875
"Mech_RPM",65810.9,499.875
"Mech_RPM",65810.9,500.045
"Mech_RPM",65810.9,500.045
"Mech_RPM",65810.9,499.867
"Mech_RPM",65810.9,499.867
"Mech_RPM",65810.9,499.921
"Mech_RPM",65811,499.921
"Mech_RPM",65811,499.86
"Mech_RPM",65811,499.86
"Mech_RPM",65811,499.795
"Mech_RPM",65811,499.795
"Mech_RPM",65811,499.935
"Mech_RPM",65811,499.935
"Mech_RPM",65811,499.994
"Mech_RPM",65811,499.994
"Mech_RPM",65811,499.9
"Mech_RPM",65811.1,499.9
"Mech_RPM",65811.1,499.839
"Mech_RPM",65811.1,499.839
"Mech_RPM",65811.1,499.853
"Mech_RPM",65811.1,499.853
"Mech_RPM",65811.1,499.804
"Mech_RPM",65811.1,499.804
"Mech_RPM",65811.1,499.813
"Mech_RPM",65811.1,499.813
"Mech_RPM",65811.1,499.973
"Mech_RPM",65811.2,499.973
"Mech_RPM",65811.2,499.828
"Mech_RPM",65811.2,499.828
"Mech_RPM",65811.2,499.821
"Mech_RPM",65811.2,499.821
"Mech_RPM",65811.2,499.913
"Mech_RPM",65811.2,499.913
"Mech_RPM",65811.2,499.811
"Mech_RPM",65811.2,499.811
"Mech_RPM",65811.2,499.767
"Mech_RPM",65811.3,499.767
"Mech_RPM",65811.3,499.944
"Mech_RPM",65811.3,499.944
"Mech_RPM",65811.3,499.773
"Mech_RPM",65811.3,499.773
"Mech_RPM",65811.3,499.898
"Mech_RPM",65811.3,499.898
"Mech_RPM",65811.3,499.837
"Mech_RPM",65811.3,499.837
"Elec_RPM",65796.3,2499.67
"Elec_RPM",65796.3,2499.67
"Elec_RPM",65796.3,2500.2
"Elec_RPM",65796.3,2500.2
"Elec_RPM",65796.3,2500.3
"Elec_RPM",65796.4,2500.3
"Elec_RPM",65796.4,2500.19
"Elec_RPM",65796.4,2500.19
"Elec_RPM",65796.4,2500.31
"Elec_RPM",65796.4,2500.31
"Elec_RPM",65796.4,2500.05
"Elec_RPM",65796.4,2500.05
"Elec_RPM",65796.4,2500.43
"Elec_RPM",65796.4,2500.43
"Elec_RPM",65796.4,2500.3
"Elec_RPM",65796.5,2500.3
"Elec_RPM",65796.5,2500.37
"Elec_RPM",65796.5,2500.37
"Elec_RPM",65796.5,2500.28
"Elec_RPM",65796.5,2500.28
"Elec_RPM",65796.5,2499.91
"Elec_RPM",65796.5,2499.91
"Elec_RPM",65796.5,2499.99
"Elec_RPM",65796.5,2499.99
"Elec_RPM",65796.5,2500.44
"Elec_RPM",65796.6,2500.44
"Elec_RPM",65796.6,2499.88
"Elec_RPM",65796.6,2499.88
"Elec_RPM",65796.6,2500.01
"Elec_RPM",65796.6,2500.01
"Elec_RPM",65796.6,2500.3
"Elec_RPM",65796.6,2500.3
"Elec_RPM",65796.6,2499.95
"Elec_RPM",65796.6,2499.95
"Elec_RPM",65796.6,2500.53
"Elec_RPM",65796.7,2500.53
"Elec_RPM",65796.7,2500.39
"Elec_RPM",65796.7,2500.39
"Elec_RPM",65796.7,2500.35
"Elec_RPM",65796.7,2500.35
"Elec_RPM",65796.7,2500.45
"Elec_RPM",65796.7,2500.45
"Elec_RPM",65796.7,2499.82
"Elec_RPM",65796.7,2499.82
"Elec_RPM",65796.7,2499.82
"Elec_RPM",65796.8,2499.82
"Elec_RPM",65796.8,2499.93
"Elec_RPM",65796.8,2499.93
"Elec_RPM",65796.8,2499.75
"Elec_RPM",65796.8,2499.75
"Elec_RPM",65796.8,2500.4
"Elec_RPM",65796.8,2500.4
"Elec_RPM",65796.8,2500.55
"Elec_RPM",65796.8,2500.55
"Elec_RPM",65796.8,2499.78
"Elec_RPM",65796.9,2499.78
"Elec_RPM",65796.9,2500.31
"Elec_RPM",65796.9,2500.31
"Elec_RPM",65796.9,2500.54
"Elec_RPM",65796.9,2500.54
"Elec_RPM",65796.9,2500.27
"Elec_RPM",65796.9,2500.27
"Elec_RPM",65796.9,2499.66
"Elec_RPM",65796.9,2499.66
"Elec_RPM",65796.9,2499.75
"Elec_RPM",65797,2499.75
"Elec_RPM",65797,2500.04
"Elec_RPM",65797,2500.04
"Elec_RPM",65797,2500.17
"Elec_RPM",65797,2500.17
"Elec_RPM",65797,2500.35
"Elec_RPM",65797,2500.35
"Elec_RPM",65797,2499.66
"Elec_RPM",65797,2499.66
"Elec_RPM",65797,2500.24
"Elec_RPM",65797.1,2500.24
"Elec_RPM",65797.1,2500.13
"Elec_RPM",65797.1,2500.13
"Elec_RPM",65797.1,2499.84
"Elec_RPM",65797.1,2499.84
"Elec_RPM",65797.1,2499.61
"Elec_RPM",65797.1,2499.61
"Elec_RPM",65797.1,2499.73
"Elec_RPM",65797.1,2499.73
"Elec_RPM",65797.1,2500.02
"Elec_RPM",65797.2,2500.02
"Elec_RPM",65797.2,2499.57
"Elec_RPM",65797.2,2499.57
"Elec_RPM",65797.2,2500.16
"Elec_RPM",65797.2,2500.16
"Elec_RPM",65797.2,2500
"Elec_RPM",65797.2,2500
"Elec_RPM",65797.2,2499.81
"Elec_RPM",65797.2,2499.81
"Elec_RPM",65797.2,2500.42
"Elec_RPM",65797.3,2500.42
"Elec_RPM",65797.3,2500.17
"Elec_RPM",65797.3,2500.17
"Elec_RPM",65797.3,2500.33
"Elec_RPM",65797.3,2500.33
"Elec_RPM",65797.3,2500.35
"Elec_RPM",65797.3,2500.35
"Elec_RPM",65797.3,2500.24
"Elec_RPM",65797.3,2500.24
"Elec_RPM",65797.3,2500.41
"Elec_RPM",65797.4,2500.41
"Elec_RPM",65797.4,2500.12
"Elec_RPM",65797.4,2500.12
"Elec_RPM",65797.4,2500.27
"Elec_RPM",65797.4,2500.27
"Elec_RPM",65797.4,2499.8
"Elec_RPM",65797.4,2499.8
"Elec_RPM",65797.4,2499.85
"Elec_RPM",65797.4,2499.85
"Elec_RPM",65797.4,2500.2
"Elec_RPM",65797.5,2500.2
"Elec_RPM",65797.5,2500.37
"Elec_RPM",65797.5,2500.37
"Elec_RPM",65797.5,2499.92
"Elec_RPM",65797.5,2499.92
"Elec_RPM",65797.5,2500.39
"Elec_RPM",65797.5,2500.39
"Elec_RPM",65797.5,2500.41
"Elec_RPM",65797.5,2500.41
"Elec_RPM",65797.5,2500.46
"Elec_RPM",65797.6,2500.46
"Elec_RPM",65797.6,2499.87
"Elec_RPM",65797.6,2499.87
"Elec_RPM",65797.6,2500.01
"Elec_RPM",65797.6,2500.01
"Elec_RPM",65797.6,2500.03
"Elec_RPM",65797.6,2500.03
"Elec_RPM",65797.6,2500.27
"Elec_RPM",65797.6,2500.27
"Elec_RPM",65797.6,2500.05
"Elec_RPM",65797.7,2500.05
"Elec_RPM",65797.7,2499.95
"Elec_RPM",65797.7,2499.95
"Elec_RPM",65797.7,2499.77
"Elec_RPM",65797.7,2499.77
"Elec_RPM",65797.7,2500.24
"Elec_RPM",65797.7,2500.24
"Elec_RPM",65797.7,2499.71
"Elec_RPM",65797.7,2499.71
"Elec_RPM",65797.7,2499.9
"Elec_RPM",65797.8,2499.9
"Elec_RPM",65797.8,2499.49
"Elec_RPM",65797.8,2499.49
"Elec_RPM",65797.8,2499.99
"Elec_RPM",65797.8,2499.99
"Elec_RPM",65797.8,2499.89
"Elec_RPM",65797.8,2499.89
"Elec_RPM",65797.8,2499.55
"Elec_RPM",65797.8,2499.55
"Elec_RPM",65797.8,2499.98
"Elec_RPM",65797.9,2499.98
"Elec_RPM",65797.9,2499.93
"Elec_RPM",65797.9,2499.93
"Elec_RPM",65797.9,2499.93
"Elec_RPM",65797.9,2499.93
"Elec_RPM",65797.9,2499.98
"Elec_RPM",65797.9,2499.98
"Elec_RPM",65797.9,2499.25
"Elec_RPM",65797.9,2499.25
"Elec_RPM",65797.9,2499.53
"Elec_RPM",65798,2499.53
"Elec_RPM",65798,2499.54
"Elec_RPM",65798,2499.54
"Elec_RPM",65798,2499.31
"Elec_RPM",65798,2499.31
"Elec_RPM",65798,2499.79
"Elec_RPM",65798,2499.79
"Elec_RPM",65798,2499.69
"Elec_RPM",65798,2499.69
"Elec_RPM",65798,2499.57
"Elec_RPM",65798.1,2499.57
"Elec_RPM",65798.1,2499.32
"Elec_RPM",65798.1,2499.32
"Elec_RPM",65798.1,2499.44
"Elec_RPM",65798.1,2499.44
"Elec_RPM",65798.1,2499.53
"Elec_RPM",65798.1,2499.53
"Elec_RPM",65798.1,2499.67
"Elec_RPM",65798.1,2499.67
"Elec_RPM",65798.1,2499.7
"Elec_RPM",65798.2,2499.7
"Elec_RPM",65798.2,2499.03
"Elec_RPM",65798.2,2499.03
"Elec_RPM",65798.2,2499.41
"Elec_RPM",65798.2,2499.41
"Elec_RPM",65798.2,2499.89
"Elec_RPM",65798.2,2499.89
"Elec_RPM",65798.2,2499.76
"Elec_RPM",65798.2,2499.76
"Elec_RPM",65798.2,2499.38
"Elec_RPM",65798.2,2499.38
"Elec_RPM",65798.3,2499.44
"Elec_RPM",65798.3,2499.44
"Elec_RPM",65798.3,2499.69
"Elec_RPM",65798.3,2499.69
"Elec_RPM",65798.3,2499.28
"Elec_RPM",65798.3,2499.28
"Elec_RPM",65798.3,2499.94
"Elec_RPM",65798.3,2499.94
"Elec_RPM",65798.3,2499.68
"Elec_RPM",65798.4,2499.68
"Elec_RPM",65798.4,2499.33
"Elec_RPM",65798.4,2499.33
"Elec_RPM",65798.4,2499.31
"Elec_RPM",65798.4,2499.31
"Elec_RPM",65798.4,2499.48
"Elec_RPM",65798.4,2499.48
"Elec_RPM",65798.4,2499.34
"Elec_RPM",65798.4,2499.34
"Elec_RPM",65798.4,2499.43
"Elec_RPM",65798.5,2499.43
"Elec_RPM",65798.5,2499.93
"Elec_RPM",65798.5,2499.93
"Elec_RPM",65798.5,2499.52
"Elec_RPM",65798.5,2499.52
"Elec_RPM",65798.5,2500.05
"Elec_RPM",65798.5,2500.05
"Elec_RPM",65798.5,2499.42
"Elec_RPM",65798.5,2499.42
"Elec_RPM",65798.5,2499.64
"Elec_RPM",65798.6,2499.64
"Elec_RPM",65798.6,2500.02
"Elec_RPM",65798.6,2500.02
"Elec_RPM",65798.6,2499.86
"Elec_RPM",65798.6,2499.86
"Elec_RPM",65798.6,2499.84
"Elec_RPM",65798.6,2499.84
"Elec_RPM",65798.6,2499.76
"Elec_RPM",65798.6,2499.76
"Elec_RPM",65798.6,2499.06
"Elec_RPM",65798.7,2499.06
"Elec_RPM",65798.7,2499.73
"Elec_RPM",65798.7,2499.73
"Elec_RPM",65798.7,2499.82
"Elec_RPM",65798.7,2499.82
"Elec_RPM",65798.7,2499.58
"Elec_RPM",65798.7,2499.58
"Elec_RPM",65798.7,2499.18
"Elec_RPM",65798.7,2499.18
"Elec_RPM",65798.7,2499.06
"Elec_RPM",65798.8,2499.06
"Elec_RPM",65798.8,2498.93
"Elec_RPM",65798.8,2498.93
"Elec_RPM",65798.8,2499.44
"Elec_RPM",65798.8,2499.44
"Elec_RPM",65798.8,2499.48
"Elec_RPM",65798.8,2499.48
"Elec_RPM",65798.8,2498.79
"Elec_RPM",65798.8,2498.79
"Elec_RPM",65798.8,2499.41
"Elec_RPM",65798.9,2499.41
"Elec_RPM",65798.9,2499.45
"Elec_RPM",65798.9,2499.45
"Elec_RPM",65798.9,2499.25
"Elec_RPM",65798.9,2499.25
"Elec_RPM",65798.9,2499.45
"Elec_RPM",65798.9,2499.45
"Elec_RPM",65798.9,2499.59
"Elec_RPM",65798.9,2499.59
"Elec_RPM",65798.9,2498.92
"Elec_RPM",65799,2498.92
"Elec_RPM",65799,2499.59
"Elec_RPM",65799,2499.59
"Elec_RPM",65799,2499.52
"Elec_RPM",65799,2499.52
"Elec_RPM",65799,2499.48
"Elec_RPM",65799,2499.48
"Elec_RPM",65799,2499.62
"Elec_RPM",65799,2499.62
"Elec_RPM",65799,2499.24
"Elec_RPM",65799.1,2499.24
"Elec_RPM",65799.1,2499.02
"Elec_RPM",65799.1,2499.02
"Elec_RPM",65799.1,2499.58
"Elec_RPM",65799.1,2499.58
"Elec_RPM",65799.1,2498.99
"Elec_RPM",65799.1,2498.99
"Elec_RPM",65799.1,2499.35
"Elec_RPM",65799.1,2499.35
"Elec_RPM",65799.1,2500.15
"Elec_RPM",65799.2,2500.15
"Elec_RPM",65799.2,2499.21
"Elec_RPM",65799.2,2499.21
"Elec_RPM",65799.2,2498.88
"Elec_RPM",65799.2,2498.88
"Elec_RPM",65799.2,2499.58
"Elec_RPM",65799.2,2499.58
"Elec_RPM",65799.2,2499.64
"Elec_RPM",65799.2,2499.64
"Elec_RPM",65799.2,2499.1
"Elec_RPM",65799.3,2499.1
"Elec_RPM",65799.3,2499.41
"Elec_RPM",65799.3,2499.41
"Elec_RPM",65799.3,2499.99
"Elec_RPM",65799.3,2499.99
"Elec_RPM",65799.3,2499.32
"Elec_RPM",65799.3,2499.32
"Elec_RPM",65799.3,2500.06
"Elec_RPM",65799.3,2500.06
"Elec_RPM",65799.3,2500.11
"Elec_RPM",65799.4,2500.11
"Elec_RPM",65799.4,2499.48
"Elec_RPM",65799.4,2499.48
"Elec_RPM",65799.4,2500.2
"Elec_RPM",65799.4,2500.2
"Elec_RPM",65799.4,2499.7
"Elec_RPM",65799.4,2499.7
"Elec_RPM",65799.4,2500.07
"Elec_RPM",65799.4,2500.07
"Elec_RPM",65799.4,2499.78
"Elec_RPM",65799.5,2499.78
"Elec_RPM",65799.5,2499.65
"Elec_RPM",65799.5,2499.65
"Elec_RPM",65799.5,2499.53
"Elec_RPM",65799.5,2499.53
"Elec_RPM",65799.5,2500.19
"Elec_RPM",65799.5,2500.19
"Elec_RPM",65799.5,2499.8
"Elec_RPM",65799.5,2499.8
"Elec_RPM",65799.5,2500.14
"Elec_RPM",65799.6,2500.14
"Elec_RPM",65799.6,2500.06
"Elec_RPM",65799.6,2500.06
"Elec_RPM",65799.6,2499.56
"Elec_RPM",65799.6,2499.56
"Elec_RPM",65799.6,2499.88
"Elec_RPM",65799.6,2499.88
"Elec_RPM",65799.6,2500.25
"Elec_RPM",65799.6,2500.25
"Elec_RPM",65799.6,2499.75
"Elec_RPM",65799.7,2499.75
"Elec_RPM",65799.7,2499.52
"Elec_RPM",65799.7,2499.52
"Elec_RPM",65799.7,2500.08
"Elec_RPM",65799.7,2500.08
"Elec_RPM",65799.7,2499.61
"Elec_RPM",65799.7,2499.61
"Elec_RPM",65799.7,2499.36
"Elec_RPM",65799.7,2499.36
"Elec_RPM",65799.8,2500.05
"Elec_RPM",65799.8,2500.05
"Elec_RPM",65799.8,2500.31
"Elec_RPM",65799.8,2500.31
"Elec_RPM",65799.8,2500.09
"Elec_RPM",65799.8,2500.09
"Elec_RPM",65799.8,2499.7
"Elec_RPM",65799.8,2499.7
"Elec_RPM",65799.8,2499.6
"Elec_RPM",65799.8,2499.6
"Elec_RPM",65799.8,2499.84
"Elec_RPM",65799.9,2499.84
"Elec_RPM",65799.9,2500.13
"Elec_RPM",65799.9,2500.13
"Elec_RPM",65799.9,2499.56
"Elec_RPM",65799.9,2499.56
"Elec_RPM",65799.9,2499.96
"Elec_RPM",65799.9,2499.96
"Elec_RPM",65799.9,2499.62
"Elec_RPM",65799.9,2499.62
"Elec_RPM",65799.9,2499.57
"Elec_RPM",65800,2499.57
"Elec_RPM",65800,2499.45
"Elec_RPM",65800,2499.45
"Elec_RPM",65800,2499.85
"Elec_RPM",65800,2499.85
"Elec_RPM",65800,2499.86
"Elec_RPM",65800,2499.86
"Elec_RPM",65800,2499.7
"Elec_RPM",65800,2499.7
"Elec_RPM",65800,2500.31
"Elec_RPM",65800.1,2500.31
"Elec_RPM",65800.1,2500.28
"Elec_RPM",65800.1,2500.28
"Elec_RPM",65800.1,2499.65
"Elec_RPM",65800.1,2499.65
"Elec_RPM",65800.1,2499.86
"Elec_RPM",65800.1,2499.86
"Elec_RPM",65800.1,2499.76
"Elec_RPM",65800.1,2499.76
"Elec_RPM",65800.1,2500.1
"Elec_RPM",65800.2,2500.1
"Elec_RPM",65800.2,2499.66
"Elec_RPM",65800.2,2499.66
"Elec_RPM",65800.2,2499.72
"Elec_RPM",65800.2,2499.72
"Elec_RPM",65800.2,2499.44
"Elec_RPM",65800.2,2499.44
"Elec_RPM",65800.2,2499.79
"Elec_RPM",65800.2,2499.79
"Elec_RPM",65800.2,2500.23
"Elec_RPM",65800.2,2500.23
"Elec_RPM",65800.3,2499.5
"Elec_RPM",65800.3,2499.5
"Elec_RPM",65800.3,2499.59
"Elec_RPM",65800.3,2499.59
"Elec_RPM",65800.3,2500.01
"Elec_RPM",65800.3,2500.01
"Elec_RPM",65800.3,2499.41
"Elec_RPM",65800.3,2499.41
"Elec_RPM",65800.3,2500.31
"Elec_RPM",65800.4,2500.31
"Elec_RPM",65800.4,2500.28
"Elec_RPM",65800.4,2500.28
"Elec_RPM",65800.4,2500.06
"Elec_RPM",65800.4,2500.06
"Elec_RPM",65800.4,2499.65
"Elec_RPM",65800.4,2499.65
"Elec_RPM",65800.4,2500.1
"Elec_RPM",65800.4,2500.1
"Elec_RPM",65800.5,2499.42
"Elec_RPM",65800.5,2499.42
"Elec_RPM",65800.5,2499.59
"Elec_RPM",65800.5,2499.59
"Elec_RPM",65800.5,2500.01
"Elec_RPM",65800.5,2500.01
"Elec_RPM",65800.5,2499.85
"Elec_RPM",65800.5,2499.85
"Elec_RPM",65800.5,2499.86
"Elec_RPM",65800.5,2499.86
"Elec_RPM",65800.6,2499.76
"Elec_RPM",65800.6,2499.76
"Elec_RPM",65800.6,2499.16
"Elec_RPM",65800.6,2499.16
"Elec_RPM",65800.6,2499.46
"Elec_RPM",65800.6,2499.46
"Elec_RPM",65800.6,2499.58
"Elec_RPM",65800.6,2499.58
"Elec_RPM",65800.6,2499.46
"Elec_RPM",65800.6,2499.46
"Elec_RPM",65800.6,2499.96
"Elec_RPM",65800.7,2499.96
"Elec_RPM",65800.7,2499.78
"Elec_RPM",65800.7,2499.78
"Elec_RPM",65800.7,2499.19
"Elec_RPM",65800.7,2499.19
"Elec_RPM",65800.7,2499.57
"Elec_RPM",65800.7,2499.57
"Elec_RPM",65800.7,2499.47
"Elec_RPM",65800.7,2499.47
"Elec_RPM",65800.8,2499.72
"Elec_RPM",65800.8,2499.72
"Elec_RPM",65800.8,2499.98
"Elec_RPM",65800.8,2499.98
"Elec_RPM",65800.8,2499.8
"Elec_RPM",65800.8,2499.8
"Elec_RPM",65800.8,2499.02
"Elec_RPM",65800.8,2499.02
"Elec_RPM",65800.8,2499.88
"Elec_RPM",65800.8,2499.88
"Elec_RPM",65800.9,2499.91
"Elec_RPM",65800.9,2499.91
"Elec_RPM",65800.9,2499.15
"Elec_RPM",65800.9,2499.15
"Elec_RPM",65800.9,2499.79
"Elec_RPM",65800.9,2499.79
"Elec_RPM",65800.9,2499.8
"Elec_RPM",65800.9,2499.8
"Elec_RPM",65800.9,2499.65
"Elec_RPM",65800.9,2499.65
"Elec_RPM",65801,2499.5
"Elec_RPM",65801,2499.5
"Elec_RPM",65801,2500.05
"Elec_RPM",65801,2500.05
"Elec_RPM",65801,2499.22
"Elec_RPM",65801,2499.22
"Elec_RPM",65801,2499.96
"Elec_RPM",65801,2499.96
"Elec_RPM",65801,2499.26
"Elec_RPM",65801,2499.26
"Elec_RPM",65801,2499.62
"Elec_RPM",65801.1,2499.62
"Elec_RPM",65801.1,2499.86
"Elec_RPM",65801.1,2499.86
"Elec_RPM",65801.1,2499.89
"Elec_RPM",65801.1,2499.89
"Elec_RPM",65801.1,2499.34
"Elec_RPM",65801.1,2499.34
"Elec_RPM",65801.1,2499.38
"Elec_RPM",65801.1,2499.38
"Elec_RPM",65801.1,2499.29
"Elec_RPM",65801.2,2499.29
"Elec_RPM",65801.2,2499.54
"Elec_RPM",65801.2,2499.54
"Elec_RPM",65801.2,2499.42
"Elec_RPM",65801.2,2499.42
"Elec_RPM",65801.2,2500
"Elec_RPM",65801.2,2500
"Elec_RPM",65801.2,2499.27
"Elec_RPM",65801.2,2499.27
"Elec_RPM",65801.2,2499.89
"Elec_RPM",65801.3,2499.89
"Elec_RPM",65801.3,2499.78
"Elec_RPM",65801.3,2499.78
"Elec_RPM",65801.3,2499.55
"Elec_RPM",65801.3,2499.55
"Elec_RPM",65801.3,2499.46
"Elec_RPM",65801.3,2499.46
"Elec_RPM",65801.3,2499.36
"Elec_RPM",65801.3,2499.36
"Elec_RPM",65801.4,2499.17
"Elec_RPM",65801.4,2499.17
"Elec_RPM",65801.4,2499.78
"Elec_RPM",65801.4,2499.78
"Elec_RPM",65801.4,2499.58
"Elec_RPM",65801.4,2499.58
"Elec_RPM",65801.4,2499.54
"Elec_RPM",65801.4,2499.54
"Elec_RPM",65801.4,2499.83
"Elec_RPM",65801.4,2499.83
"Elec_RPM",65801.5,2499.42
"Elec_RPM",65801.5,2499.42
"Elec_RPM",65801.5,2499.74
"Elec_RPM",65801.5,2499.74
"Elec_RPM",65801.5,2499.98
"Elec_RPM",65801.5,2499.98
"Elec_RPM",65801.5,2499.93
"Elec_RPM",65801.5,2499.93
"Elec_RPM",65801.5,2499.7
"Elec_RPM",65801.5,2499.7
"Elec_RPM",65801.6,2499.52
"Elec_RPM",65801.6,2499.52
"Elec_RPM",65801.6,2499.97
"Elec_RPM",65801.6,2499.97
"Elec_RPM",65801.6,2499.74
"Elec_RPM",65801.6,2499.74
"Elec_RPM",65801.6,2499.49
"Elec_RPM",65801.6,2499.49
"Elec_RPM",65801.6,2499.81
"Elec_RPM",65801.6,2499.81
"Elec_RPM",65801.6,2499.13
"Elec_RPM",65801.7,2499.13
"Elec_RPM",65801.7,2499.41
"Elec_RPM",65801.7,2499.41
"Elec_RPM",65801.7,2499.84
"Elec_RPM",65801.7,2499.84
"Elec_RPM",65801.7,2499.74
"Elec_RPM",65801.7,2499.74
"Elec_RPM",65801.7,2499.56
"Elec_RPM",65801.8,2499.56
"Elec_RPM",65801.8,2499.44
"Elec_RPM",65801.8,2499.44
"Elec_RPM",65801.8,2499.76
"Elec_RPM",65801.8,2499.76
"Elec_RPM",65801.8,2500.13
"Elec_RPM",65801.8,2500.13
"Elec_RPM",65801.8,2500.21
"Elec_RPM",65801.8,2500.21
"Elec_RPM",65801.8,2500
"Elec_RPM",65801.8,2500
"Elec_RPM",65801.9,2499.63
"Elec_RPM",65801.9,2499.63
"Elec_RPM",65801.9,2499.61
"Elec_RPM",65801.9,2499.61
"Elec_RPM",65801.9,2499.41
"Elec_RPM",65801.9,2499.41
"Elec_RPM",65801.9,2500.21
"Elec_RPM",65801.9,2500.21
"Elec_RPM",65801.9,2500.1
"Elec_RPM",65801.9,2500.1
"Elec_RPM",65802,2499.37
"Elec_RPM",65802,2499.37
"Elec_RPM",65802,2500.08
"Elec_RPM",65802,2500.08
"Elec_RPM",65802,2499.77
"Elec_RPM",65802,2499.77
"Elec_RPM",65802,2499.67
"Elec_RPM",65802,2499.67
"Elec_RPM",65802,2500.07
"Elec_RPM",65802,2500.07
"Elec_RPM",65802.1,2499.96
"Elec_RPM",65802.1,2499.96
"Elec_RPM",65802.1,2499.26
"Elec_RPM",65802.1,2499.26
"Elec_RPM",65802.1,2499.9
"Elec_RPM",65802.1,2499.9
"Elec_RPM",65802.1,2499.8
"Elec_RPM",65802.1,2499.8
"Elec_RPM",65802.1,2499.7
"Elec_RPM",65802.1,2499.7
"Elec_RPM",65802.2,2499.47
"Elec_RPM",65802.2,2499.47
"Elec_RPM",65802.2,2499.89
"Elec_RPM",65802.2,2499.89
"Elec_RPM",65802.2,2499.82
"Elec_RPM",65802.2,2499.82
"Elec_RPM",65802.2,2499.61
"Elec_RPM",65802.2,2499.61
"Elec_RPM",65802.2,2500.01
"Elec_RPM",65802.2,2500.01
"Elec_RPM",65802.3,2499.34
"Elec_RPM",65802.3,2499.34
"Elec_RPM",65802.3,2500.36
"Elec_RPM",65802.3,2500.36
"Elec_RPM",65802.3,2500.25
"Elec_RPM",65802.3,2500.25
"Elec_RPM",65802.3,2499.6
"Elec_RPM",65802.3,2499.6
"Elec_RPM",65802.3,2499.84
"Elec_RPM",65802.3,2499.84
"Elec_RPM",65802.4,2499.58
"Elec_RPM",65802.4,2499.58
"Elec_RPM",65802.4,2500.03
"Elec_RPM",65802.4,2500.03
"Elec_RPM",65802.4,2500.29
"Elec_RPM",65802.4,2500.29
"Elec_RPM",65802.4,2499.77
"Elec_RPM",65802.4,2499.77
"Elec_RPM",65802.4,2500.08
"Elec_RPM",65802.4,2500.08
"Elec_RPM",65802.5,2499.82
"Elec_RPM",65802.5,2499.82
"Elec_RPM",65802.5,2499.56
"Elec_RPM",65802.5,2499.56
"Elec_RPM",65802.5,2499.91
"Elec_RPM",65802.5,2499.91
"Elec_RPM",65802.5,2499.76
"Elec_RPM",65802.5,2499.76
"Elec_RPM",65802.5,2499.87
"Elec_RPM",65802.5,2499.87
"Elec_RPM",65802.6,2499.71
"Elec_RPM",65802.6,2499.71
"Elec_RPM",65802.6,2500.4
"Elec_RPM",65802.6,2500.4
"Elec_RPM",65802.6,2500.26
"Elec_RPM",65802.6,2500.26
"Elec_RPM",65802.6,2500.2
"Elec_RPM",65802.6,2500.2
"Elec_RPM",65802.6,2499.96
"Elec_RPM",65802.6,2499.96
"Elec_RPM",65802.7,2499.83
"Elec_RPM",65802.7,2499.83
"Elec_RPM",65802.7,2500.12
"Elec_RPM",65802.7,2500.12
"Elec_RPM",65802.7,2500.33
"Elec_RPM",65802.7,2500.33
"Elec_RPM",65802.7,2499.62
"Elec_RPM",65802.7,2499.62
"Elec_RPM",65802.7,2499.86
"Elec_RPM",65802.8,2499.86
"Elec_RPM",65802.8,2499.6
"Elec_RPM",65802.8,2499.6
"Elec_RPM",65802.8,2500.03
"Elec_RPM",65802.8,2500.03
"Elec_RPM",65802.8,2499.87
"Elec_RPM",65802.8,2499.87
"Elec_RPM",65802.8,2499.59
"Elec_RPM",65802.8,2499.59
"Elec_RPM",65802.8,2499.52
"Elec_RPM",65802.9,2499.52
"Elec_RPM",65802.9,2499.32
"Elec_RPM",65802.9,2499.32
"Elec_RPM",65802.9,2499.85
"Elec_RPM",65802.9,2499.85
"Elec_RPM",65802.9,2500.17
"Elec_RPM",65802.9,2500.17
"Elec_RPM",65802.9,2499.57
"Elec_RPM",65802.9,2499.57
"Elec_RPM",65802.9,2499.76
"Elec_RPM",65802.9,2499.76
"Elec_RPM",65803,2500
"Elec_RPM",65803,2500
"Elec_RPM",65803,2499.4
"Elec_RPM",65803,2499.4
"Elec_RPM",65803,2500.27
"Elec_RPM",65803,2500.27
"Elec_RPM",65803,2500.26
"Elec_RPM",65803,2500.26
"Elec_RPM",65803,2499.58
"Elec_RPM",65803,2499.58
"Elec_RPM",65803.1,2499.85
"Elec_RPM",65803.1,2499.85
"Elec_RPM",65803.1,2499.59
"Elec_RPM",65803.1,2499.59
"Elec_RPM",65803.1,2499.89
"Elec_RPM",65803.1,2499.89
"Elec_RPM",65803.1,2499.65
"Elec_RPM",65803.1,2499.65
"Elec_RPM",65803.1,2499.51
"Elec_RPM",65803.1,2499.51
"Elec_RPM",65803.2,2499.8
"Elec_RPM",65803.2,2499.8
"Elec_RPM",65803.2,2500.04
"Elec_RPM",65803.2,2500.04
"Elec_RPM",65803.2,2499.67
"Elec_RPM",65803.2,2499.67
"Elec_RPM",65803.2,2499.55
"Elec_RPM",65803.2,2499.55
"Elec_RPM",65803.2,2499.82
"Elec_RPM",65803.2,2499.82
"Elec_RPM",65803.3,2499.95
"Elec_RPM",65803.3,2499.95
"Elec_RPM",65803.3,2499.33
"Elec_RPM",65803.3,2499.33
"Elec_RPM",65803.3,2499.99
"Elec_RPM",65803.3,2499.99
"Elec_RPM",65803.3,2499.79
"Elec_RPM",65803.3,2499.79
"Elec_RPM",65803.3,2499.14
"Elec_RPM",65803.4,2499.14
"Elec_RPM",65803.4,2499.57
"Elec_RPM",65803.4,2499.57
"Elec_RPM",65803.4,2499.95
"Elec_RPM",65803.4,2499.95
"Elec_RPM",65803.4,2499.77
"Elec_RPM",65803.4,2499.77
"Elec_RPM",65803.4,2499.41
"Elec_RPM",65803.4,2499.41
"Elec_RPM",65803.4,2499.03
"Elec_RPM",65803.5,2499.03
"Elec_RPM",65803.5,2498.81
"Elec_RPM",65803.5,2498.81
"Elec_RPM",65803.5,2499.77
"Elec_RPM",65803.5,2499.77
"Elec_RPM",65803.5,2499.67
"Elec_RPM",65803.5,2499.67
"Elec_RPM",65803.5,2498.87
"Elec_RPM",65803.5,2498.87
"Elec_RPM",65803.5,2499.73
"Elec_RPM",65803.5,2499.73
"Elec_RPM",65803.6,2498.98
"Elec_RPM",65803.6,2498.98
"Elec_RPM",65803.6,2498.97
"Elec_RPM",65803.6,2498.97
"Elec_RPM",65803.6,2499.38
"Elec_RPM",65803.6,2499.38
"Elec_RPM",65803.6,2499.84
"Elec_RPM",65803.6,2499.84
"Elec_RPM",65803.6,2499.19
"Elec_RPM",65803.6,2499.19
"Elec_RPM",65803.7,2499.88
"Elec_RPM",65803.7,2499.88
"Elec_RPM",65803.7,2499.5
"Elec_RPM",65803.7,2499.5
"Elec_RPM",65803.7,2499.35
"Elec_RPM",65803.7,2499.35
"Elec_RPM",65803.7,2499.34
"Elec_RPM",65803.7,2499.34
"Elec_RPM",65803.7,2499.66
"Elec_RPM",65803.8,2499.66
"Elec_RPM",65803.8,2498.99
"Elec_RPM",65803.8,2498.99
"Elec_RPM",65803.8,2499.61
"Elec_RPM",65803.8,2499.61
"Elec_RPM",65803.8,2499.36
"Elec_RPM",65803.8,2499.36
"Elec_RPM",65803.8,2498.72
"Elec_RPM",65803.8,2498.72
"Elec_RPM",65803.8,2499.29
"Elec_RPM",65803.9,2499.29
"Elec_RPM",65803.9,2499.41
"Elec_RPM",65803.9,2499.41
"Elec_RPM",65803.9,2499.5
"Elec_RPM",65803.9,2499.5
"Elec_RPM",65803.9,2499.3
"Elec_RPM",65803.9,2499.3
"Elec_RPM",65803.9,2499.21
"Elec_RPM",65803.9,2499.21
"Elec_RPM",65803.9,2499.65
"Elec_RPM",65803.9,2499.65
"Elec_RPM",65804,2499.42
"Elec_RPM",65804,2499.42
"Elec_RPM",65804,2499.25
"Elec_RPM",65804,2499.25
"Elec_RPM",65804,2499.16
"Elec_RPM",65804,2499.16
"Elec_RPM",65804,2499.93
"Elec_RPM",65804,2499.93
"Elec_RPM",65804,2499.15
"Elec_RPM",65804,2499.15
"Elec_RPM",65804.1,2499.48
"Elec_RPM",65804.1,2499.48
"Elec_RPM",65804.1,2499.85
"Elec_RPM",65804.1,2499.85
"Elec_RPM",65804.1,2499.21
"Elec_RPM",65804.1,2499.21
"Elec_RPM",65804.1,2499.09
"Elec_RPM",65804.1,2499.09
"Elec_RPM",65804.1,2499.42
"Elec_RPM",65804.1,2499.42
"Elec_RPM",65804.2,2499.69
"Elec_RPM",65804.2,2499.69
"Elec_RPM",65804.2,2499.08
"Elec_RPM",65804.2,2499.08
"Elec_RPM",65804.2,2500.11
"Elec_RPM",65804.2,2500.11
"Elec_RPM",65804.2,2499.93
"Elec_RPM",65804.2,2499.93
"Elec_RPM",65804.2,2499.38
"Elec_RPM",65804.2,2499.38
"Elec_RPM",65804.3,2499.65
"Elec_RPM",65804.3,2499.65
"Elec_RPM",65804.3,2499.37
"Elec_RPM",65804.3,2499.37
"Elec_RPM",65804.3,2499.41
"Elec_RPM",65804.3,2499.41
"Elec_RPM",65804.3,2500.23
"Elec_RPM",65804.3,2500.23
"Elec_RPM",65804.3,2499.65
"Elec_RPM",65804.4,2499.65
"Elec_RPM",65804.4,2500.03
"Elec_RPM",65804.4,2500.03
"Elec_RPM",65804.4,2500.26
"Elec_RPM",65804.4,2500.26
"Elec_RPM",65804.4,2499.5
"Elec_RPM",65804.4,2499.5
"Elec_RPM",65804.4,2500.39
"Elec_RPM",65804.4,2500.39
"Elec_RPM",65804.4,2500.13
"Elec_RPM",65804.4,2500.13
"Elec_RPM",65804.5,2500.12
"Elec_RPM",65804.5,2500.12
"Elec_RPM",65804.5,2499.91
"Elec_RPM",65804.5,2499.91
"Elec_RPM",65804.5,2499.76
"Elec_RPM",65804.5,2499.76
"Elec_RPM",65804.5,2499.42
"Elec_RPM",65804.5,2499.42
"Elec_RPM",65804.5,2499.83
"Elec_RPM",65804.5,2499.83
"Elec_RPM",65804.6,2499.83
"Elec_RPM",65804.6,2499.83
"Elec_RPM",65804.6,2499.7
"Elec_RPM",65804.6,2499.7
"Elec_RPM",65804.6,2499.71
"Elec_RPM",65804.6,2499.71
"Elec_RPM",65804.6,2500.37
"Elec_RPM",65804.6,2500.37
"Elec_RPM",65804.6,2500.02
"Elec_RPM",65804.6,2500.02
"Elec_RPM",65804.7,2499.26
"Elec_RPM",65804.7,2499.26
"Elec_RPM",65804.7,2500.14
"Elec_RPM",65804.7,2500.14
"Elec_RPM",65804.7,2499.54
"Elec_RPM",65804.7,2499.54
"Elec_RPM",65804.7,2499.81
"Elec_RPM",65804.7,2499.81
"Elec_RPM",65804.7,2500.1
"Elec_RPM",65804.8,2500.1
"Elec_RPM",65804.8,2499.76
"Elec_RPM",65804.8,2499.76
"Elec_RPM",65804.8,2499.79
"Elec_RPM",65804.8,2499.79
"Elec_RPM",65804.8,2500.26
"Elec_RPM",65804.9,2500.26
"Elec_RPM",65804.9,2499.92
"Elec_RPM",65804.9,2499.92
"Elec_RPM",65804.9,2499.4
"Elec_RPM",65804.9,2499.4
"Elec_RPM",65804.9,2500.19
"Elec_RPM",65805,2500.19
"Elec_RPM",65805,2499.98
"Elec_RPM",65805,2499.98
"Elec_RPM",65805,2499.8
"Elec_RPM",65805,2499.8
"Elec_RPM",65805,2499.97
"Elec_RPM",65805,2500.16
"Elec_RPM",65805.1,2500.16
"Elec_RPM",65805.1,2499.89
"Elec_RPM",65805.1,2499.89
"Elec_RPM",65805.1,2499.17
"Elec_RPM",65805.1,2499.17
"Elec_RPM",65805.1,2500.09
"Elec_RPM",65805.1,2500.09
"Elec_RPM",65805.2,2499.81
"Elec_RPM",65805.2,2499.81
"Elec_RPM",65805.2,2499.26
"Elec_RPM",65805.2,2499.24
"Elec_RPM",65805.2,2499.24
"Elec_RPM",65805.2,2499.95
"Elec_RPM",65805.2,2499.95
"Elec_RPM",65805.2,2499.36
"Elec_RPM",65805.2,2499.36
"Elec_RPM",65805.3,2499.13
"Elec_RPM",65805.3,2499.13
"Elec_RPM",65805.3,2499.91
"Elec_RPM",65805.3,2499.91
"Elec_RPM",65805.3,2499.67
"Elec_RPM",65805.3,2499.67
"Elec_RPM",65805.3,2499.73
"Elec_RPM",65805.3,2499.73
"Elec_RPM",65805.3,2499.66
"Elec_RPM",65805.3,2499.66
"Elec_RPM",65805.3,2499.95
"Elec_RPM",65805.4,2499.95
"Elec_RPM",65805.4,2499.33
"Elec_RPM",65805.4,2499.33
"Elec_RPM",65805.4,2499.66
"Elec_RPM",65805.4,2499.66
"Elec_RPM",65805.4,2499.3
"Elec_RPM",65805.4,2499.3
"Elec_RPM",65805.4,2499.23
"Elec_RPM",65805.4,2499.23
"Elec_RPM",65805.4,2500.03
"Elec_RPM",65805.4,2500.03
"Elec_RPM",65805.5,2499.43
"Elec_RPM",65805.5,2499.43
"Elec_RPM",65805.5,2500.04
"Elec_RPM",65805.5,2500.04
"Elec_RPM",65805.5,2500.17
"Elec_RPM",65805.5,2500.17
"Elec_RPM",65805.5,2499.46
"Elec_RPM",65805.5,2499.46
"Elec_RPM",65805.5,2499.94
"Elec_RPM",65805.5,2499.94
"Elec_RPM",65805.5,2500.36
"Elec_RPM",65805.5,2500.36
"Elec_RPM",65805.6,2499.68
"Elec_RPM",65805.6,2499.68
"Elec_RPM",65805.6,2499.55
"Elec_RPM",65805.6,2499.55
"Elec_RPM",65805.6,2499.93
"Elec_RPM",65805.6,2499.93
"Elec_RPM",65805.6,2499.77
"Elec_RPM",65805.6,2499.77
"Elec_RPM",65805.6,2500.19
"Elec_RPM",65805.6,2500.19
"Elec_RPM",65805.6,2499.9
"Elec_RPM",65805.6,2499.9
"Elec_RPM",65805.7,2500.22
"Elec_RPM",65805.7,2500.22
"Elec_RPM",65805.7,2500.06
"Elec_RPM",65805.7,2500.06
"Elec_RPM",65805.7,2499.93
"Elec_RPM",65805.7,2499.93
"Elec_RPM",65805.7,2499.98
"Elec_RPM",65805.7,2499.98
"Elec_RPM",65805.7,2499.85
"Elec_RPM",65805.7,2499.85
"Elec_RPM",65805.8,2499.77
"Elec_RPM",65805.8,2499.77
"Elec_RPM",65805.8,2499.6
"Elec_RPM",65805.8,2499.6
"Elec_RPM",65805.8,2499.55
"Elec_RPM",65805.8,2499.55
"Elec_RPM",65805.8,2500.37
"Elec_RPM",65805.8,2500.37
"Elec_RPM",65805.8,2500.18
"Elec_RPM",65805.8,2500.18
"Elec_RPM",65805.8,2499.52
"Elec_RPM",65805.9,2499.52
"Elec_RPM",65805.9,2500.39
"Elec_RPM",65805.9,2500.39
"Elec_RPM",65805.9,2499.5
"Elec_RPM",65805.9,2499.5
"Elec_RPM",65805.9,2499.95
"Elec_RPM",65805.9,2499.95
"Elec_RPM",65805.9,2499.88
"Elec_RPM",65805.9,2499.88
"Elec_RPM",65805.9,2499.44
"Elec_RPM",65806,2499.44
"Elec_RPM",65806,2500.02
"Elec_RPM",65806,2500.02
"Elec_RPM",65806,2499.99
"Elec_RPM",65806,2499.99
"Elec_RPM",65806,2500.33
"Elec_RPM",65806,2500.33
"Elec_RPM",65806,2500.12
"Elec_RPM",65806,2500.12
"Elec_RPM",65806,2499.83
"Elec_RPM",65806.1,2499.83
"Elec_RPM",65806.1,2499.41
"Elec_RPM",65806.1,2499.41
"Elec_RPM",65806.1,2499.27
"Elec_RPM",65806.1,2499.27
"Elec_RPM",65806.1,2500.35
"Elec_RPM",65806.1,2500.35
"Elec_RPM",65806.1,2500.01
"Elec_RPM",65806.1,2500.01
"Elec_RPM",65806.1,2499.2
"Elec_RPM",65806.2,2499.2
"Elec_RPM",65806.2,2499.53
"Elec_RPM",65806.2,2499.53
"Elec_RPM",65806.2,2499.22
"Elec_RPM",65806.2,2499.22
"Elec_RPM",65806.2,2499.84
"Elec_RPM",65806.2,2499.84
"Elec_RPM",65806.2,2499.84
"Elec_RPM",65806.2,2499.84
"Elec_RPM",65806.2,2499.92
"Elec_RPM",65806.3,2499.92
"Elec_RPM",65806.3,2499.43
"Elec_RPM",65806.3,2499.43
"Elec_RPM",65806.3,2500.07
"Elec_RPM",65806.3,2500.07
"Elec_RPM",65806.3,2499.62
"Elec_RPM",65806.3,2499.62
"Elec_RPM",65806.3,2499.11
"Elec_RPM",65806.3,2499.11
"Elec_RPM",65806.3,2499.62
"Elec_RPM",65806.4,2499.62
"Elec_RPM",65806.4,2499.76
"Elec_RPM",65806.4,2499.76
"Elec_RPM",65806.4,2499.3
"Elec_RPM",65806.4,2499.3
"Elec_RPM",65806.4,2499.94
"Elec_RPM",65806.4,2499.94
"Elec_RPM",65806.4,2499.75
"Elec_RPM",65806.4,2499.75
"Elec_RPM",65806.4,2499.06
"Elec_RPM",65806.5,2499.06
"Elec_RPM",65806.5,2499.52
"Elec_RPM",65806.5,2499.52
"Elec_RPM",65806.5,2499.16
"Elec_RPM",65806.5,2499.16
"Elec_RPM",65806.5,2499.7
"Elec_RPM",65806.5,2499.7
"Elec_RPM",65806.5,2499.52
"Elec_RPM",65806.5,2499.52
"Elec_RPM",65806.5,2499.14
"Elec_RPM",65806.6,2499.14
"Elec_RPM",65806.6,2499.58
"Elec_RPM",65806.6,2499.58
"Elec_RPM",65806.6,2499.38
"Elec_RPM",65806.6,2499.38
"Elec_RPM",65806.6,2499.55
"Elec_RPM",65806.6,2499.55
"Elec_RPM",65806.6,2499.55
"Elec_RPM",65806.6,2499.55
"Elec_RPM",65806.6,2499.28
"Elec_RPM",65806.7,2499.28
"Elec_RPM",65806.7,2499.08
"Elec_RPM",65806.7,2499.08
"Elec_RPM",65806.7,2499.39
"Elec_RPM",65806.7,2499.39
"Elec_RPM",65806.7,2499.4
"Elec_RPM",65806.7,2499.4
"Elec_RPM",65806.7,2499.67
"Elec_RPM",65806.7,2499.67
"Elec_RPM",65806.7,2499.63
"Elec_RPM",65806.8,2499.63
"Elec_RPM",65806.8,2499.43
"Elec_RPM",65806.8,2499.43
"Elec_RPM",65806.8,2499.59
"Elec_RPM",65806.8,2499.59
"Elec_RPM",65806.8,2499.05
"Elec_RPM",65806.8,2499.05
"Elec_RPM",65806.8,2499.86
"Elec_RPM",65806.8,2499.86
"Elec_RPM",65806.8,2499.7
"Elec_RPM",65806.9,2499.7
"Elec_RPM",65806.9,2499.13
"Elec_RPM",65806.9,2499.13
"Elec_RPM",65806.9,2499.54
"Elec_RPM",65806.9,2499.54
"Elec_RPM",65806.9,2499.21
"Elec_RPM",65806.9,2499.21
"Elec_RPM",65806.9,2499.18
"Elec_RPM",65806.9,2499.18
"Elec_RPM",65806.9,2500.08
"Elec_RPM",65807,2500.08
"Elec_RPM",65807,2499.66
"Elec_RPM",65807,2499.66
"Elec_RPM",65807,2500.11
"Elec_RPM",65807,2500.11
"Elec_RPM",65807,2499.82
"Elec_RPM",65807,2499.82
"Elec_RPM",65807,2499.33
"Elec_RPM",65807,2499.33
"Elec_RPM",65807,2499.4
"Elec_RPM",65807.1,2499.4
"Elec_RPM",65807.1,2500.03
"Elec_RPM",65807.1,2500.03
"Elec_RPM",65807.1,2500.27
"Elec_RPM",65807.1,2500.27
"Elec_RPM",65807.1,2499.77
"Elec_RPM",65807.1,2499.77
"Elec_RPM",65807.1,2500.5
"Elec_RPM",65807.1,2500.5
"Elec_RPM",65807.1,2500.15
"Elec_RPM",65807.2,2500.15
"Elec_RPM",65807.2,2499.68
"Elec_RPM",65807.2,2499.68
"Elec_RPM",65807.2,2500.6
"Elec_RPM",65807.2,2500.6
"Elec_RPM",65807.2,2499.93
"Elec_RPM",65807.2,2499.93
"Elec_RPM",65807.2,2500.38
"Elec_RPM",65807.2,2500.38
"Elec_RPM",65807.2,2500.4
"Elec_RPM",65807.3,2500.4
"Elec_RPM",65807.3,2499.82
"Elec_RPM",65807.3,2499.82
"Elec_RPM",65807.3,2499.87
"Elec_RPM",65807.3,2499.87
"Elec_RPM",65807.3,2500.19
"Elec_RPM",65807.3,2500.19
"Elec_RPM",65807.3,2499.95
"Elec_RPM",65807.3,2499.95
"Elec_RPM",65807.3,2499.74
"Elec_RPM",65807.4,2499.74
"Elec_RPM",65807.4,2500.55
"Elec_RPM",65807.4,2500.55
"Elec_RPM",65807.4,2499.63
"Elec_RPM",65807.4,2499.63
"Elec_RPM",65807.4,2500.32
"Elec_RPM",65807.4,2500.32
"Elec_RPM",65807.4,2500.18
"Elec_RPM",65807.4,2500.18
"Elec_RPM",65807.4,2500.41
"Elec_RPM",65807.5,2500.41
"Elec_RPM",65807.5,2500.32
"Elec_RPM",65807.5,2500.32
"Elec_RPM",65807.5,2500.55
"Elec_RPM",65807.5,2500.55
"Elec_RPM",65807.5,2500.15
"Elec_RPM",65807.5,2500.15
"Elec_RPM",65807.5,2499.55
"Elec_RPM",65807.5,2499.55
"Elec_RPM",65807.5,2500.26
"Elec_RPM",65807.6,2500.26
"Elec_RPM",65807.6,2499.81
"Elec_RPM",65807.6,2499.81
"Elec_RPM",65807.6,2499.95
"Elec_RPM",65807.6,2499.95
"Elec_RPM",65807.6,2500.73
"Elec_RPM",65807.6,2500.73
"Elec_RPM",65807.6,2500.45
"Elec_RPM",65807.6,2500.45
"Elec_RPM",65807.6,2499.9
"Elec_RPM",65807.7,2499.9
"Elec_RPM",65807.7,2500.68
"Elec_RPM",65807.7,2500.68
"Elec_RPM",65807.7,2500.09
"Elec_RPM",65807.7,2500.09
"Elec_RPM",65807.7,2500.56
"Elec_RPM",65807.7,2500.56
"Elec_RPM",65807.7,2500.86
"Elec_RPM",65807.7,2500.86
"Elec_RPM",65807.7,2500.09
"Elec_RPM",65807.8,2500.09
"Elec_RPM",65807.8,2499.98
"Elec_RPM",65807.8,2499.98
"Elec_RPM",65807.8,2500.43
"Elec_RPM",65807.8,2500.43
"Elec_RPM",65807.8,2500.52
"Elec_RPM",65807.8,2500.52
"Elec_RPM",65807.8,2500.75
"Elec_RPM",65807.8,2500.75
"Elec_RPM",65807.8,2500.47
"Elec_RPM",65807.9,2500.47
"Elec_RPM",65807.9,2500.02
"Elec_RPM",65807.9,2500.02
"Elec_RPM",65807.9,2499.94
"Elec_RPM",65807.9,2499.94
"Elec_RPM",65807.9,2500.33
"Elec_RPM",65807.9,2500.33
"Elec_RPM",65807.9,2500.48
"Elec_RPM",65807.9,2500.48
"Elec_RPM",65807.9,2499.8
"Elec_RPM",65808,2499.8
"Elec_RPM",65808,2499.98
"Elec_RPM",65808,2499.98
"Elec_RPM",65808,2500.09
"Elec_RPM",65808,2500.09
"Elec_RPM",65808,2499.64
"Elec_RPM",65808,2499.64
"Elec_RPM",65808,2499.91
"Elec_RPM",65808,2499.91
"Elec_RPM",65808,2500.12
"Elec_RPM",65808.1,2500.12
"Elec_RPM",65808.1,2500.14
"Elec_RPM",65808.1,2500.14
"Elec_RPM",65808.1,2500.01
"Elec_RPM",65808.1,2500.01
"Elec_RPM",65808.1,2499.65
"Elec_RPM",65808.1,2499.65
"Elec_RPM",65808.1,2500.2
"Elec_RPM",65808.1,2500.2
"Elec_RPM",65808.1,2500.43
"Elec_RPM",65808.1,2500.43
"Elec_RPM",65808.2,2499.51
"Elec_RPM",65808.2,2499.51
"Elec_RPM",65808.2,2500.04
"Elec_RPM",65808.2,2500.04
"Elec_RPM",65808.2,2499.88
"Elec_RPM",65808.2,2499.88
"Elec_RPM",65808.2,2499.55
"Elec_RPM",65808.2,2499.55
"Elec_RPM",65808.2,2499.53
"Elec_RPM",65808.2,2499.53
"Elec_RPM",65808.3,2499.98
"Elec_RPM",65808.3,2499.98
"Elec_RPM",65808.3,2500.32
"Elec_RPM",65808.3,2500.32
"Elec_RPM",65808.3,2500.26
"Elec_RPM",65808.3,2500.26
"Elec_RPM",65808.3,2500.52
"Elec_RPM",65808.3,2500.52
"Elec_RPM",65808.3,2499.52
"Elec_RPM",65808.4,2499.52
"Elec_RPM",65808.4,2500.07
"Elec_RPM",65808.4,2500.07
"Elec_RPM",65808.4,2499.76
"Elec_RPM",65808.4,2499.76
"Elec_RPM",65808.4,2500.03
"Elec_RPM",65808.4,2500.03
"Elec_RPM",65808.4,2500.08
"Elec_RPM",65808.4,2500.08
"Elec_RPM",65808.4,2499.71
"Elec_RPM",65808.5,2499.71
"Elec_RPM",65808.5,2499.27
"Elec_RPM",65808.5,2499.27
"Elec_RPM",65808.5,2499.81
"Elec_RPM",65808.5,2499.81
"Elec_RPM",65808.5,2499.68
"Elec_RPM",65808.5,2499.68
"Elec_RPM",65808.5,2499.79
"Elec_RPM",65808.5,2499.79
"Elec_RPM",65808.5,2499.77
"Elec_RPM",65808.6,2499.77
"Elec_RPM",65808.6,2499.93
"Elec_RPM",65808.6,2499.93
"Elec_RPM",65808.6,2499.57
"Elec_RPM",65808.6,2499.57
"Elec_RPM",65808.6,2499.71
"Elec_RPM",65808.6,2499.71
"Elec_RPM",65808.6,2500.03
"Elec_RPM",65808.6,2500.03
"Elec_RPM",65808.6,2499.79
"Elec_RPM",65808.7,2499.79
"Elec_RPM",65808.7,2499.82
"Elec_RPM",65808.7,2499.82
"Elec_RPM",65808.7,2500.16
"Elec_RPM",65808.7,2500.16
"Elec_RPM",65808.7,2499.22
"Elec_RPM",65808.7,2499.22
"Elec_RPM",65808.7,2499.71
"Elec_RPM",65808.7,2499.71
"Elec_RPM",65808.7,2499.95
"Elec_RPM",65808.8,2499.95
"Elec_RPM",65808.8,2499.22
"Elec_RPM",65808.8,2499.22
"Elec_RPM",65808.8,2499.37
"Elec_RPM",65808.8,2499.37
"Elec_RPM",65808.8,2500.03
"Elec_RPM",65808.8,2500.03
"Elec_RPM",65808.8,2499.07
"Elec_RPM",65808.8,2499.07
"Elec_RPM",65808.8,2499.58
"Elec_RPM",65808.9,2499.58
"Elec_RPM",65808.9,2499.4
"Elec_RPM",65808.9,2499.4
"Elec_RPM",65808.9,2499.31
"Elec_RPM",65808.9,2499.31
"Elec_RPM",65808.9,2499.3
"Elec_RPM",65808.9,2499.3
"Elec_RPM",65808.9,2500.07
"Elec_RPM",65808.9,2500.07
"Elec_RPM",65808.9,2499.63
"Elec_RPM",65809,2499.63
"Elec_RPM",65809,2499.76
"Elec_RPM",65809,2499.76
"Elec_RPM",65809,2500.03
"Elec_RPM",65809,2500.03
"Elec_RPM",65809,2499.17
"Elec_RPM",65809,2499.17
"Elec_RPM",65809,2499.91
"Elec_RPM",65809,2499.91
"Elec_RPM",65809,2499.5
"Elec_RPM",65809.1,2499.5
"Elec_RPM",65809.1,2499.72
"Elec_RPM",65809.1,2499.72
"Elec_RPM",65809.1,2499.7
"Elec_RPM",65809.1,2499.7
"Elec_RPM",65809.1,2500.17
"Elec_RPM",65809.1,2500.17
"Elec_RPM",65809.1,2499.86
"Elec_RPM",65809.1,2499.86
"Elec_RPM",65809.1,2499.47
"Elec_RPM",65809.2,2499.47
"Elec_RPM",65809.2,2500.1
"Elec_RPM",65809.2,2500.1
"Elec_RPM",65809.2,2499.22
"Elec_RPM",65809.2,2499.22
"Elec_RPM",65809.2,2499.23
"Elec_RPM",65809.2,2499.23
"Elec_RPM",65809.2,2499.69
"Elec_RPM",65809.2,2499.69
"Elec_RPM",65809.2,2499.96
"Elec_RPM",65809.3,2499.96
"Elec_RPM",65809.3,2499.62
"Elec_RPM",65809.3,2499.62
"Elec_RPM",65809.3,2500.38
"Elec_RPM",65809.3,2500.38
"Elec_RPM",65809.3,2499.36
"Elec_RPM",65809.3,2499.36
"Elec_RPM",65809.3,2499.48
"Elec_RPM",65809.3,2499.48
"Elec_RPM",65809.3,2500.29
"Elec_RPM",65809.4,2500.29
"Elec_RPM",65809.4,2499.35
"Elec_RPM",65809.4,2499.35
"Elec_RPM",65809.4,2499.96
"Elec_RPM",65809.4,2499.96
"Elec_RPM",65809.4,2499.68
"Elec_RPM",65809.4,2499.68
"Elec_RPM",65809.4,2499.32
"Elec_RPM",65809.4,2499.32
"Elec_RPM",65809.4,2499.38
"Elec_RPM",65809.5,2499.38
"Elec_RPM",65809.5,2499.71
"Elec_RPM",65809.5,2499.71
"Elec_RPM",65809.5,2500
"Elec_RPM",65809.5,2500
"Elec_RPM",65809.5,2499.53
"Elec_RPM",65809.5,2499.53
"Elec_RPM",65809.5,2500.11
"Elec_RPM",65809.5,2500.11
"Elec_RPM",65809.5,2499.8
"Elec_RPM",65809.6,2499.8
"Elec_RPM",65809.6,2499.33
"Elec_RPM",65809.6,2499.33
"Elec_RPM",65809.6,2500.18
"Elec_RPM",65809.6,2500.18
"Elec_RPM",65809.6,2499.42
"Elec_RPM",65809.6,2499.42
"Elec_RPM",65809.6,2499.96
"Elec_RPM",65809.6,2499.96
"Elec_RPM",65809.6,2500.19
"Elec_RPM",65809.7,2500.19
"Elec_RPM",65809.7,2499.87
"Elec_RPM",65809.7,2499.87
"Elec_RPM",65809.7,2499.46
"Elec_RPM",65809.7,2499.46
"Elec_RPM",65809.7,2500.02
"Elec_RPM",65809.7,2500.02
"Elec_RPM",65809.7,2499.31
"Elec_RPM",65809.7,2499.31
"Elec_RPM",65809.7,2499.46
"Elec_RPM",65809.8,2499.46
"Elec_RPM",65809.8,2499.73
"Elec_RPM",65809.8,2499.73
"Elec_RPM",65809.8,2499.71
"Elec_RPM",65809.8,2499.71
"Elec_RPM",65809.8,2500
"Elec_RPM",65809.8,2500
"Elec_RPM",65809.8,2499.79
"Elec_RPM",65809.8,2499.79
"Elec_RPM",65809.8,2499.61
"Elec_RPM",65809.9,2499.61
"Elec_RPM",65809.9,2499.57
"Elec_RPM",65809.9,2499.57
"Elec_RPM",65809.9,2499.81
"Elec_RPM",65809.9,2499.81
"Elec_RPM",65809.9,2499.43
"Elec_RPM",65809.9,2499.43
"Elec_RPM",65809.9,2500.11
"Elec_RPM",65809.9,2500.11
"Elec_RPM",65809.9,2500.45
"Elec_RPM",65810,2500.45
"Elec_RPM",65810,2499.5
"Elec_RPM",65810,2499.5
"Elec_RPM",65810,2499.62
"Elec_RPM",65810,2499.62
"Elec_RPM",65810,2499.73
"Elec_RPM",65810,2499.73
"Elec_RPM",65810,2499.48
"Elec_RPM",65810,2499.48
"Elec_RPM",65810,2500.03
"Elec_RPM",65810.1,2500.03
"Elec_RPM",65810.1,2500.45
"Elec_RPM",65810.1,2500.45
"Elec_RPM",65810.1,2500.21
"Elec_RPM",65810.1,2500.21
"Elec_RPM",65810.1,2500.49
"Elec_RPM",65810.1,2500.49
"Elec_RPM",65810.1,2500.37
"Elec_RPM",65810.1,2500.37
"Elec_RPM",65810.1,2499.87
"Elec_RPM",65810.1,2499.87
"Elec_RPM",65810.2,2500.06
"Elec_RPM",65810.2,2500.06
"Elec_RPM",65810.2,2499.98
"Elec_RPM",65810.2,2499.98
"Elec_RPM",65810.2,2499.64
"Elec_RPM",65810.2,2499.64
"Elec_RPM",65810.2,2499.75
"Elec_RPM",65810.2,2499.75
"Elec_RPM",65810.2,2499.81
"Elec_RPM",65810.2,2499.81
"Elec_RPM",65810.3,2499.79
"Elec_RPM",65810.3,2499.79
"Elec_RPM",65810.3,2499.43
"Elec_RPM",65810.3,2499.43
"Elec_RPM",65810.3,2500.22
"Elec_RPM",65810.3,2500.22
"Elec_RPM",65810.3,2499.72
"Elec_RPM",65810.3,2499.72
"Elec_RPM",65810.3,2499.75
"Elec_RPM",65810.4,2499.75
"Elec_RPM",65810.4,2499.91
"Elec_RPM",65810.4,2499.91
"Elec_RPM",65810.4,2499.52
"Elec_RPM",65810.4,2499.52
"Elec_RPM",65810.4,2499.74
"Elec_RPM",65810.4,2499.74
"Elec_RPM",65810.4,2499.85
"Elec_RPM",65810.4,2499.85
"Elec_RPM",65810.4,2499.05
"Elec_RPM",65810.5,2499.05
"Elec_RPM",65810.5,2499.17
"Elec_RPM",65810.5,2499.17
"Elec_RPM",65810.5,2499.65
"Elec_RPM",65810.5,2499.65
"Elec_RPM",65810.5,2499.27
"Elec_RPM",65810.5,2499.27
"Elec_RPM",65810.5,2498.69
"Elec_RPM",65810.5,2498.69
"Elec_RPM",65810.5,2499.57
"Elec_RPM",65810.6,2499.57
"Elec_RPM",65810.6,2498.9
"Elec_RPM",65810.6,2498.9
"Elec_RPM",65810.6,2499.45
"Elec_RPM",65810.6,2499.45
"Elec_RPM",65810.6,2499.01
"Elec_RPM",65810.6,2499.01
"Elec_RPM",65810.6,2499.16
"Elec_RPM",65810.6,2499.16
"Elec_RPM",65810.6,2499.47
"Elec_RPM",65810.7,2499.47
"Elec_RPM",65810.7,2499.14
"Elec_RPM",65810.7,2499.14
"Elec_RPM",65810.7,2498.84
"Elec_RPM",65810.7,2498.84
"Elec_RPM",65810.7,2499.02
"Elec_RPM",65810.7,2499.02
"Elec_RPM",65810.7,2499.25
"Elec_RPM",65810.7,2499.25
"Elec_RPM",65810.8,2498.8
"Elec_RPM",65810.8,2498.8
"Elec_RPM",65810.8,2499.58
"Elec_RPM",65810.8,2499.58
"Elec_RPM",65810.8,2499.79
"Elec_RPM",65810.8,2499.79
"Elec_RPM",65810.8,2498.89
"Elec_RPM",65810.8,2498.89
"Elec_RPM",65810.8,2499.53
"Elec_RPM",65810.8,2499.53
"Elec_RPM",65810.9,2499.13
"Elec_RPM",65810.9,2499.13
"Elec_RPM",65810.9,2498.78
"Elec_RPM",65810.9,2498.78
"Elec_RPM",65810.9,2499.38
"Elec_RPM",65810.9,2499.38
"Elec_RPM",65810.9,2500.22
"Elec_RPM",65810.9,2500.22
"Elec_RPM",65810.9,2499.33
"Elec_RPM",65810.9,2499.33
"Elec_RPM",65810.9,2499.61
"Elec_RPM",65811,2499.61
"Elec_RPM",65811,2499.3
"Elec_RPM",65811,2499.3
"Elec_RPM",65811,2498.98
"Elec_RPM",65811,2498.98
"Elec_RPM",65811,2499.67
"Elec_RPM",65811,2499.67
"Elec_RPM",65811,2499.97
"Elec_RPM",65811,2499.97
"Elec_RPM",65811,2499.5
"Elec_RPM",65811.1,2499.5
"Elec_RPM",65811.1,2499.2
"Elec_RPM",65811.1,2499.2
"Elec_RPM",65811.1,2499.27
"Elec_RPM",65811.1,2499.27
"Elec_RPM",65811.1,2499.02
"Elec_RPM",65811.1,2499.02
"Elec_RPM",65811.1,2499.07
"Elec_RPM",65811.1,2499.07
"Elec_RPM",65811.1,2499.87
"Elec_RPM",65811.2,2499.87
"Elec_RPM",65811.2,2499.14
"Elec_RPM",65811.2,2499.14
"Elec_RPM",65811.2,2499.1
"Elec_RPM",65811.2,2499.1
"Elec_RPM",65811.2,2499.56
"Elec_RPM",65811.2,2499.56
"Elec_RPM",65811.2,2499.05
"Elec_RPM",65811.2,2499.05
"Elec_RPM",65811.2,2498.84
"Elec_RPM",65811.3,2498.84
"Elec_RPM",65811.3,2499.72
"Elec_RPM",65811.3,2499.72
"Elec_RPM",65811.3,2498.87
"Elec_RPM",65811.3,2498.87
"Elec_RPM",65811.3,2499.49
"Elec_RPM",65811.3,2499.49
"Elec_RPM",65811.3,2499.19
"Elec_RPM",65811.3,2499.19
"Elec_RPM",65811.4,2498.81
"Elec_RPM",65811.4,2498.81
"Elec_RPM",65811.4,2499.51
"Elec_RPM",65811.4,2499.51
"Elec_RPM",65811.4,2499.73
"Elec_RPM",65811.4,2499.73
"cg_id_a",65796.4,-2.57434
"cg_id_a",65796.4,-0.442013
"cg_id_a",65796.4,2.56442
"cg_id_a",65796.4,-1.91111
"cg_id_a",65796.4,-0.285608
"cg_id_a",65796.4,-2.10266
"cg_id_a",65796.4,1.2795
"cg_id_a",65796.5,1.67282
"cg_id_a",65796.5,3.39649
"cg_id_a",65796.5,4.4746
"cg_id_a",65796.5,0.268734
"cg_id_a",65796.5,-1.30102
"cg_id_a",65796.5,-3.11076
"cg_id_a",65796.5,-0.958879
"cg_id_a",65796.5,2.4945
"cg_id_a",65796.5,-2.00043
"cg_id_a",65796.5,-0.0216847
"cg_id_a",65796.6,-1.68725
"cg_id_a",65796.6,2.10686
"cg_id_a",65796.6,0.42378
"cg_id_a",65796.6,3.70486
"cg_id_a",65796.6,4.05235
"cg_id_a",65796.6,-0.184108
"cg_id_a",65796.6,-1.30038
"cg_id_a",65796.6,-1.36361
"cg_id_a",65796.6,-0.957173
"cg_id_a",65796.6,2.74996
"cg_id_a",65796.7,-1.60691
"cg_id_a",65796.7,0.438333
"cg_id_a",65796.7,-3.15202
"cg_id_a",65796.7,2.43546
"cg_id_a",65796.7,0.934241
"cg_id_a",65796.7,3.08408
"cg_id_a",65796.7,5.36804
"cg_id_a",65796.7,-1.31434
"cg_id_a",65796.7,-1.58469
"cg_id_a",65796.7,-3.0895
"cg_id_a",65796.8,-1.72692
"cg_id_a",65796.8,0.988725
"cg_id_a",65796.8,-1.91785
"cg_id_a",65796.8,-0.308992
"cg_id_a",65796.8,-1.76618
"cg_id_a",65796.8,2.52904
"cg_id_a",65796.8,1.26682
"cg_id_a",65796.8,3.11198
"cg_id_a",65796.8,4.33938
"cg_id_a",65796.8,-0.0558463
"cg_id_a",65796.9,-1.14243
"cg_id_a",65796.9,-1.69522
"cg_id_a",65796.9,0.392659
"cg_id_a",65796.9,2.48807
"cg_id_a",65796.9,-1.45888
"cg_id_a",65796.9,-0.0659889
"cg_id_a",65796.9,-2.51759
"cg_id_a",65796.9,2.95359
"cg_id_a",65796.9,-0.13054
"cg_id_a",65796.9,1.62006
"cg_id_a",65797,4.30548
"cg_id_a",65797,-0.315397
"cg_id_a",65797,-2.04143
"cg_id_a",65797,-1.61187
"cg_id_a",65797,-0.609253
"cg_id_a",65797,2.07452
"cg_id_a",65797,-2.08029
"cg_id_a",65797,0.0244854
"cg_id_a",65797,-3.53457
"cg_id_a",65797,1.93307
"cg_id_a",65797.1,-0.26262
"cg_id_a",65797.1,3.59762
"cg_id_a",65797.1,3.62433
"cg_id_a",65797.1,0.699486
"cg_id_a",65797.1,-1.26019
"cg_id_a",65797.1,-1.47737
"cg_id_a",65797.1,-0.627805
"cg_id_a",65797.1,2.49744
"cg_id_a",65797.1,-2.9759
"cg_id_a",65797.1,0.786476
"cg_id_a",65797.2,-2.11238
"cg_id_a",65797.2,2.22287
"cg_id_a",65797.2,0.72164
"cg_id_a",65797.2,3.14625
"cg_id_a",65797.2,4.30811
"cg_id_a",65797.2,-0.530744
"cg_id_a",65797.2,-0.864673
"cg_id_a",65797.2,-3.04313
"cg_id_a",65797.2,-1.16614
"cg_id_a",65797.2,1.55967
"cg_id_a",65797.3,-2.06935
"cg_id_a",65797.3,1.7456
"cg_id_a",65797.3,-2.55873
"cg_id_a",65797.3,1.92432
"cg_id_a",65797.3,2.07972
"cg_id_a",65797.3,2.40517
"cg_id_a",65797.3,4.57462
"cg_id_a",65797.3,0.513028
"cg_id_a",65797.3,-1.68465
"cg_id_a",65797.3,-1.32306
"cg_id_a",65797.4,0.339375
"cg_id_a",65797.4,3.1308
"cg_id_a",65797.4,-2.12891
"cg_id_a",65797.4,0.411272
"cg_id_a",65797.4,-0.769023
"cg_id_a",65797.4,2.52362
"cg_id_a",65797.4,1.22698
"cg_id_a",65797.4,4.21694
"cg_id_a",65797.4,3.69861
"cg_id_a",65797.4,-0.435651
"cg_id_a",65797.5,-1.8088
"cg_id_a",65797.5,-1.67654
"cg_id_a",65797.5,0.211681
"cg_id_a",65797.5,2.99899
"cg_id_a",65797.5,-1.98748
"cg_id_a",65797.5,-0.0113417
"cg_id_a",65797.5,-2.76353
"cg_id_a",65797.5,2.13971
"cg_id_a",65797.5,0.910094
"cg_id_a",65797.5,2.66766
"cg_id_a",65797.6,2.85985
"cg_id_a",65797.6,-0.534454
"cg_id_a",65797.6,-0.69538
"cg_id_a",65797.6,-1.23666
"cg_id_a",65797.6,-0.934083
"cg_id_a",65797.6,2.37501
"cg_id_a",65797.6,-2.4166
"cg_id_a",65797.6,0.35371
"cg_id_a",65797.6,-1.17513
"cg_id_a",65797.6,2.11151
"cg_id_a",65797.7,1.33314
"cg_id_a",65797.7,3.17357
"cg_id_a",65797.7,3.91909
"cg_id_a",65797.7,-1.53653
"cg_id_a",65797.7,-1.68202
"cg_id_a",65797.7,-2.17538
"cg_id_a",65797.7,-0.263082
"cg_id_a",65797.7,4.32975
"cg_id_a",65797.7,-2.58536
"cg_id_a",65797.7,0.224696
"cg_id_a",65797.8,-2.13761
"cg_id_a",65797.8,1.39623
"cg_id_a",65797.8,1.2071
"cg_id_a",65797.8,3.45672
"cg_id_a",65797.8,4.23865
"cg_id_a",65797.8,-0.155639
"cg_id_a",65797.8,-0.814824
"cg_id_a",65797.8,-1.43616
"cg_id_a",65797.8,-0.573035
"cg_id_a",65797.8,1.56524
"cg_id_a",65797.9,-1.32832
"cg_id_a",65797.9,-0.402228
"cg_id_a",65797.9,-1.29355
"cg_id_a",65797.9,1.30827
"cg_id_a",65797.9,1.46214
"cg_id_a",65797.9,2.59327
"cg_id_a",65797.9,4.60543
"cg_id_a",65797.9,-0.832165
"cg_id_a",65797.9,-1.38443
"cg_id_a",65797.9,-2.71564
"cg_id_a",65798,-5.5907
"cg_id_a",65798,3.52917
"cg_id_a",65798,-2.96541
"cg_id_a",65798,0.556987
"cg_id_a",65798,-3.00823
"cg_id_a",65798,2.44744
"cg_id_a",65798,0.701713
"cg_id_a",65798,4.27839
"cg_id_a",65798,3.32538
"cg_id_a",65798,-0.185944
"cg_id_a",65798.1,-1.23985
"cg_id_a",65798.1,-0.701053
"cg_id_a",65798.1,0.608007
"cg_id_a",65798.1,1.69849
"cg_id_a",65798.1,-1.99595
"cg_id_a",65798.1,0.508314
"cg_id_a",65798.1,-2.56806
"cg_id_a",65798.1,1.95359
"cg_id_a",65798.1,1.49239
"cg_id_a",65798.1,0.891517
"cg_id_a",65798.2,2.69403
"cg_id_a",65798.2,-1.06663
"cg_id_a",65798.2,-1.5583
"cg_id_a",65798.2,-1.90357
"cg_id_a",65798.2,-0.491772
"cg_id_a",65798.2,3.42651
"cg_id_a",65798.2,-2.82312
"cg_id_a",65798.2,-2.28275
"cg_id_a",65798.2,-0.933828
"cg_id_a",65798.2,1.18351
"cg_id_a",65798.2,-2.45372
"cg_id_a",65798.3,3.60518
"cg_id_a",65798.3,4.43807
"cg_id_a",65798.3,0.227963
"cg_id_a",65798.3,-1.63186
"cg_id_a",65798.3,-1.43934
"cg_id_a",65798.3,-1.69091
"cg_id_a",65798.3,4.01099
"cg_id_a",65798.3,-1.30415
"cg_id_a",65798.3,1.56654
"cg_id_a",65798.4,-0.424688
"cg_id_a",65798.4,1.91854
"cg_id_a",65798.4,2.06559
"cg_id_a",65798.4,2.03083
"cg_id_a",65798.4,4.50817
"cg_id_a",65798.4,-0.570572
"cg_id_a",65798.4,-1.73936
"cg_id_a",65798.4,-1.89052
"cg_id_a",65798.4,-1.02312
"cg_id_a",65798.4,2.79446
"cg_id_a",65798.5,-2.72288
"cg_id_a",65798.5,0.738206
"cg_id_a",65798.5,-1.91311
"cg_id_a",65798.5,2.0662
"cg_id_a",65798.5,0.876153
"cg_id_a",65798.5,3.39406
"cg_id_a",65798.5,4.92489
"cg_id_a",65798.5,-0.175247
"cg_id_a",65798.5,-1.33408
"cg_id_a",65798.5,-1.95324
"cg_id_a",65798.6,0.153439
"cg_id_a",65798.6,2.60646
"cg_id_a",65798.6,-1.53597
"cg_id_a",65798.6,0.518288
"cg_id_a",65798.6,-1.24959
"cg_id_a",65798.6,1.83442
"cg_id_a",65798.6,2.02863
"cg_id_a",65798.6,2.6662
"cg_id_a",65798.6,3.11267
"cg_id_a",65798.6,-0.83677
"cg_id_a",65798.7,-2.03661
"cg_id_a",65798.7,-1.97578
"cg_id_a",65798.7,-0.705462
"cg_id_a",65798.7,1.76129
"cg_id_a",65798.7,-2.91849
"cg_id_a",65798.7,-0.580328
"cg_id_a",65798.7,-1.66828
"cg_id_a",65798.7,1.53038
"cg_id_a",65798.7,0.91305
"cg_id_a",65798.7,2.83759
"cg_id_a",65798.8,3.79139
"cg_id_a",65798.8,-0.230186
"cg_id_a",65798.8,-0.939228
"cg_id_a",65798.8,-2.63963
"cg_id_a",65798.8,-0.333211
"cg_id_a",65798.8,1.31055
"cg_id_a",65798.8,-2.87978
"cg_id_a",65798.8,2.68381
"cg_id_a",65798.8,-1.03288
"cg_id_a",65798.8,3.14555
"cg_id_a",65798.9,0.864511
"cg_id_a",65798.9,2.57906
"cg_id_a",65798.9,5.92096
"cg_id_a",65798.9,0.530228
"cg_id_a",65798.9,-5.9153
"cg_id_a",65798.9,-0.890421
"cg_id_a",65798.9,-0.0442042
"cg_id_a",65798.9,1.68639
"cg_id_a",65798.9,-1.37772
"cg_id_a",65798.9,2.13259
"cg_id_a",65799,-2.69946
"cg_id_a",65799,1.85266
"cg_id_a",65799,0.573601
"cg_id_a",65799,3.12198
"cg_id_a",65799,4.16792
"cg_id_a",65799,0.0371453
"cg_id_a",65799,-0.454857
"cg_id_a",65799,-2.22509
"cg_id_a",65799,-0.0397452
"cg_id_a",65799,2.14229
"cg_id_a",65799.1,-2.43041
"cg_id_a",65799.1,-1.16175
"cg_id_a",65799.1,-1.6898
"cg_id_a",65799.1,1.76723
"cg_id_a",65799.1,0.562252
"cg_id_a",65799.1,3.55678
"cg_id_a",65799.1,3.0541
"cg_id_a",65799.1,1.01749
"cg_id_a",65799.1,-2.39706
"cg_id_a",65799.1,-2.41699
"cg_id_a",65799.2,-0.479667
"cg_id_a",65799.2,2.61651
"cg_id_a",65799.2,-2.03237
"cg_id_a",65799.2,1.85009
"cg_id_a",65799.2,-2.23991
"cg_id_a",65799.2,2.56571
"cg_id_a",65799.2,1.15695
"cg_id_a",65799.2,2.39649
"cg_id_a",65799.2,3.91784
"cg_id_a",65799.2,0.495106
"cg_id_a",65799.3,-3.09561
"cg_id_a",65799.3,-0.758434
"cg_id_a",65799.3,-0.190376
"cg_id_a",65799.3,-2.48809
"cg_id_a",65799.3,-2.46422
"cg_id_a",65799.3,1.00703
"cg_id_a",65799.3,-1.92362
"cg_id_a",65799.3,2.03985
"cg_id_a",65799.3,1.90107
"cg_id_a",65799.3,1.9661
"cg_id_a",65799.4,1.43414
"cg_id_a",65799.4,0.541766
"cg_id_a",65799.4,-2.24348
"cg_id_a",65799.4,-1.41481
"cg_id_a",65799.4,-0.647395
"cg_id_a",65799.4,3.07344
"cg_id_a",65799.4,-4.79577
"cg_id_a",65799.4,-0.129762
"cg_id_a",65799.4,-2.31977
"cg_id_a",65799.4,1.13826
"cg_id_a",65799.5,-0.323083
"cg_id_a",65799.5,4.03269
"cg_id_a",65799.5,3.46852
"cg_id_a",65799.5,0.431479
"cg_id_a",65799.5,-1.62165
"cg_id_a",65799.5,-1.53455
"cg_id_a",65799.5,0.200725
"cg_id_a",65799.5,1.95742
"cg_id_a",65799.5,-2.23784
"cg_id_a",65799.5,1.04863
"cg_id_a",65799.6,-3.28767
"cg_id_a",65799.6,2.80344
"cg_id_a",65799.6,-0.268614
"cg_id_a",65799.6,1.23237
"cg_id_a",65799.6,2.84364
"cg_id_a",65799.6,-0.69915
"cg_id_a",65799.6,-1.37523
"cg_id_a",65799.6,-1.07674
"cg_id_a",65799.6,0.40842
"cg_id_a",65799.6,2.06955
"cg_id_a",65799.7,-2.01025
"cg_id_a",65799.7,1.45208
"cg_id_a",65799.7,-2.5051
"cg_id_a",65799.7,1.5751
"cg_id_a",65799.7,0.536809
"cg_id_a",65799.7,2.54504
"cg_id_a",65799.7,2.58095
"cg_id_a",65799.7,0.356909
"cg_id_a",65799.7,-2.31839
"cg_id_a",65799.8,-1.74935
"cg_id_a",65799.8,-0.634522
"cg_id_a",65799.8,1.0794
"cg_id_a",65799.8,-2.7246
"cg_id_a",65799.8,1.98365
"cg_id_a",65799.8,-2.23731
"cg_id_a",65799.8,2.87971
"cg_id_a",65799.8,-0.137524
"cg_id_a",65799.8,3.25054
"cg_id_a",65799.8,2.68069
"cg_id_a",65799.8,-1.24849
"cg_id_a",65799.9,-1.51488
"cg_id_a",65799.9,-1.08699
"cg_id_a",65799.9,-0.421225
"cg_id_a",65799.9,2.74326
"cg_id_a",65799.9,-3.30799
"cg_id_a",65799.9,-0.222417
"cg_id_a",65799.9,-1.40353
"cg_id_a",65799.9,2.13421
"cg_id_a",65799.9,0.302045
"cg_id_a",65799.9,2.54103
"cg_id_a",65800,1.52812
"cg_id_a",65800,-0.0997976
"cg_id_a",65800,-1.43739
"cg_id_a",65800,-2.57897
"cg_id_a",65800,-0.0388862
"cg_id_a",65800,1.62802
"cg_id_a",65800,-3.56071
"cg_id_a",65800,1.84233
"cg_id_a",65800,-1.91848
"cg_id_a",65800,1.51355
"cg_id_a",65800.1,0.307278
"cg_id_a",65800.1,2.96134
"cg_id_a",65800.1,3.43934
"cg_id_a",65800.1,0.53807
"cg_id_a",65800.1,-2.26621
"cg_id_a",65800.1,-2.20628
"cg_id_a",65800.1,0.00115598
"cg_id_a",65800.1,2.2843
"cg_id_a",65800.1,-3.41922
"cg_id_a",65800.1,0.198892
"cg_id_a",65800.2,-1.37592
"cg_id_a",65800.2,1.23494
"cg_id_a",65800.2,0.304251
"cg_id_a",65800.2,2.45683
"cg_id_a",65800.2,4.15002
"cg_id_a",65800.2,0.3195
"cg_id_a",65800.2,-2.32107
"cg_id_a",65800.2,-1.13085
"cg_id_a",65800.2,-0.555906
"cg_id_a",65800.2,2.46547
"cg_id_a",65800.2,-1.96695
"cg_id_a",65800.3,0.196819
"cg_id_a",65800.3,-3.43275
"cg_id_a",65800.3,2.55994
"cg_id_a",65800.3,-0.358674
"cg_id_a",65800.3,3.03055
"cg_id_a",65800.3,2.89319
"cg_id_a",65800.3,0.358578
"cg_id_a",65800.3,-1.68431
"cg_id_a",65800.3,-2.22833
"cg_id_a",65800.4,1.03769
"cg_id_a",65800.4,2.48345
"cg_id_a",65800.4,-3.73212
"cg_id_a",65800.4,-1.1451
"cg_id_a",65800.4,-2.02138
"cg_id_a",65800.4,0.236282
"cg_id_a",65800.4,1.27262
"cg_id_a",65800.4,2.79435
"cg_id_a",65800.4,3.46143
"cg_id_a",65800.5,-0.206153
"cg_id_a",65800.5,-2.44473
"cg_id_a",65800.5,-1.18783
"cg_id_a",65800.5,-0.758026
"cg_id_a",65800.5,1.79007
"cg_id_a",65800.5,-2.33218
"cg_id_a",65800.5,1.16685
"cg_id_a",65800.5,-2.17465
"cg_id_a",65800.5,2.63394
"cg_id_a",65800.5,0.245065
"cg_id_a",65800.6,2.53063
"cg_id_a",65800.6,2.92817
"cg_id_a",65800.6,1.31046
"cg_id_a",65800.6,-2.13762
"cg_id_a",65800.6,-2.45372
"cg_id_a",65800.6,0.0981685
"cg_id_a",65800.6,1.31821
"cg_id_a",65800.6,-3.12554
"cg_id_a",65800.6,2.86535
"cg_id_a",65800.6,-2.74955
"cg_id_a",65800.6,1.5815
"cg_id_a",65800.7,0.555971
"cg_id_a",65800.7,2.85483
"cg_id_a",65800.7,3.38442
"cg_id_a",65800.7,-1.13787
"cg_id_a",65800.7,-2.35829
"cg_id_a",65800.7,-2.229
"cg_id_a",65800.7,-0.361823
"cg_id_a",65800.7,2.06171
"cg_id_a",65800.7,-3.58528
"cg_id_a",65800.8,2.31668
"cg_id_a",65800.8,-2.70627
"cg_id_a",65800.8,2.34704
"cg_id_a",65800.8,-0.258787
"cg_id_a",65800.8,2.49597
"cg_id_a",65800.8,3.82929
"cg_id_a",65800.8,-0.441481
"cg_id_a",65800.8,-1.33465
"cg_id_a",65800.8,-1.44851
"cg_id_a",65800.8,-1.11494
"cg_id_a",65800.9,1.59126
"cg_id_a",65800.9,-3.34139
"cg_id_a",65800.9,1.36476
"cg_id_a",65800.9,-2.45237
"cg_id_a",65800.9,3.95643
"cg_id_a",65800.9,-0.40016
"cg_id_a",65800.9,2.92913
"cg_id_a",65800.9,1.41219
"cg_id_a",65800.9,-0.45095
"cg_id_a",65800.9,-1.82068
"cg_id_a",65801,-1.91246
"cg_id_a",65801,0.293969
"cg_id_a",65801,1.94951
"cg_id_a",65801,-1.18003
"cg_id_a",65801,1.72793
"cg_id_a",65801,-2.94405
"cg_id_a",65801,0.171961
"cg_id_a",65801,1.01476
"cg_id_a",65801,3.94761
"cg_id_a",65801,1.62018
"cg_id_a",65801,-0.694345
"cg_id_a",65801.1,-1.19005
"cg_id_a",65801.1,-1.90292
"cg_id_a",65801.1,-0.748514
"cg_id_a",65801.1,1.7096
"cg_id_a",65801.1,-2.68464
"cg_id_a",65801.1,-0.589999
"cg_id_a",65801.1,-3.16792
"cg_id_a",65801.1,2.23211
"cg_id_a",65801.1,0.234869
"cg_id_a",65801.1,3.22913
"cg_id_a",65801.2,3.74655
"cg_id_a",65801.2,-0.640806
"cg_id_a",65801.2,-1.47805
"cg_id_a",65801.2,-1.29118
"cg_id_a",65801.2,-1.06051
"cg_id_a",65801.2,0.228312
"cg_id_a",65801.2,-3.0331
"cg_id_a",65801.2,1.77732
"cg_id_a",65801.2,-1.8841
"cg_id_a",65801.2,2.07719
"cg_id_a",65801.3,0.0493305
"cg_id_a",65801.3,1.73305
"cg_id_a",65801.3,2.98735
"cg_id_a",65801.3,-0.530834
"cg_id_a",65801.3,-1.00873
"cg_id_a",65801.3,-3.7021
"cg_id_a",65801.3,-0.127668
"cg_id_a",65801.3,1.92066
"cg_id_a",65801.3,-2.73388
"cg_id_a",65801.4,1.05976
"cg_id_a",65801.4,-2.69222
"cg_id_a",65801.4,3.11548
"cg_id_a",65801.4,0.0165818
"cg_id_a",65801.4,3.83599
"cg_id_a",65801.4,3.9653
"cg_id_a",65801.4,0.43206
"cg_id_a",65801.4,-4.81644
"cg_id_a",65801.4,-2.19155
"cg_id_a",65801.4,0.186088
"cg_id_a",65801.5,2.92102
"cg_id_a",65801.5,-3.31227
"cg_id_a",65801.5,1.05931
"cg_id_a",65801.5,-1.78881
"cg_id_a",65801.5,3.63056
"cg_id_a",65801.5,0.816292
"cg_id_a",65801.5,2.89136
"cg_id_a",65801.5,2.66386
"cg_id_a",65801.5,0.42595
"cg_id_a",65801.5,-1.92894
"cg_id_a",65801.6,-2.19746
"cg_id_a",65801.6,0.911966
"cg_id_a",65801.6,2.66298
"cg_id_a",65801.6,-3.8796
"cg_id_a",65801.6,1.25831
"cg_id_a",65801.6,-1.23198
"cg_id_a",65801.6,1.57763
"cg_id_a",65801.6,0.76691
"cg_id_a",65801.6,2.58521
"cg_id_a",65801.6,2.90646
"cg_id_a",65801.6,1.55421
"cg_id_a",65801.7,-1.73134
"cg_id_a",65801.7,-1.095
"cg_id_a",65801.7,-0.834654
"cg_id_a",65801.7,2.85109
"cg_id_a",65801.7,-2.00781
"cg_id_a",65801.7,1.19876
"cg_id_a",65801.7,-2.18393
"cg_id_a",65801.7,3.00247
"cg_id_a",65801.8,1.04614
"cg_id_a",65801.8,3.08947
"cg_id_a",65801.8,3.57158
"cg_id_a",65801.8,0.985096
"cg_id_a",65801.8,-2.90842
"cg_id_a",65801.8,-1.12668
"cg_id_a",65801.8,0.633706
"cg_id_a",65801.8,2.08042
"cg_id_a",65801.8,-1.99575
"cg_id_a",65801.8,0.622835
"cg_id_a",65801.8,-2.84375
"cg_id_a",65801.9,2.65685
"cg_id_a",65801.9,-0.231655
"cg_id_a",65801.9,3.1195
"cg_id_a",65801.9,1.23779
"cg_id_a",65801.9,-0.0804284
"cg_id_a",65801.9,-0.965763
"cg_id_a",65801.9,-1.6421
"cg_id_a",65801.9,-0.316281
"cg_id_a",65801.9,1.43758
"cg_id_a",65801.9,-2.9511
"cg_id_a",65802,1.37369
"cg_id_a",65802,-2.653
"cg_id_a",65802,2.5965
"cg_id_a",65802,0.0892326
"cg_id_a",65802,2.53609
"cg_id_a",65802,2.97992
"cg_id_a",65802,3.15426
"cg_id_a",65802,-1.3688
"cg_id_a",65802,-0.908113
"cg_id_a",65802,0.045497
"cg_id_a",65802.1,1.89639
"cg_id_a",65802.1,-1.68177
"cg_id_a",65802.1,1.00101
"cg_id_a",65802.1,-1.76175
"cg_id_a",65802.1,2.96667
"cg_id_a",65802.1,0.803971
"cg_id_a",65802.1,2.61632
"cg_id_a",65802.1,3.66721
"cg_id_a",65802.1,0.448691
"cg_id_a",65802.1,-1.14881
"cg_id_a",65802.2,-0.908989
"cg_id_a",65802.2,-1.88007
"cg_id_a",65802.2,2.37172
"cg_id_a",65802.2,-2.27989
"cg_id_a",65802.2,1.44425
"cg_id_a",65802.2,-1.4763
"cg_id_a",65802.2,2.22716
"cg_id_a",65802.2,1.09006
"cg_id_a",65802.2,2.83856
"cg_id_a",65802.2,2.71983
"cg_id_a",65802.3,0.809424
"cg_id_a",65802.3,-2.11252
"cg_id_a",65802.3,-1.06603
"cg_id_a",65802.3,0.481726
"cg_id_a",65802.3,2.02461
"cg_id_a",65802.3,-2.49708
"cg_id_a",65802.3,2.66374
"cg_id_a",65802.3,-1.57224
"cg_id_a",65802.3,2.33776
"cg_id_a",65802.3,1.51162
"cg_id_a",65802.4,2.62099
"cg_id_a",65802.4,3.27731
"cg_id_a",65802.4,0.954968
"cg_id_a",65802.4,-0.90776
"cg_id_a",65802.4,-1.6778
"cg_id_a",65802.4,0.131602
"cg_id_a",65802.4,2.31877
"cg_id_a",65802.4,-2.24377
"cg_id_a",65802.4,0.838003
"cg_id_a",65802.4,-1.53435
"cg_id_a",65802.5,2.73737
"cg_id_a",65802.5,0.731893
"cg_id_a",65802.5,2.78509
"cg_id_a",65802.5,4.31673
"cg_id_a",65802.5,0.803741
"cg_id_a",65802.5,-0.673587
"cg_id_a",65802.5,-1.08527
"cg_id_a",65802.5,-0.804354
"cg_id_a",65802.5,1.57123
"cg_id_a",65802.5,-3.18649
"cg_id_a",65802.6,1.33153
"cg_id_a",65802.6,-2.79037
"cg_id_a",65802.6,3.61071
"cg_id_a",65802.6,0.677686
"cg_id_a",65802.6,3.04504
"cg_id_a",65802.6,4.67467
"cg_id_a",65802.6,0.128361
"cg_id_a",65802.6,-2.00014
"cg_id_a",65802.6,-2.9725
"cg_id_a",65802.6,0.334374
"cg_id_a",65802.7,2.2416
"cg_id_a",65802.7,-2.54889
"cg_id_a",65802.7,1.37537
"cg_id_a",65802.7,-1.19095
"cg_id_a",65802.7,2.08055
"cg_id_a",65802.7,0.783679
"cg_id_a",65802.7,3.14975
"cg_id_a",65802.7,3.42012
"cg_id_a",65802.7,0.0724002
"cg_id_a",65802.8,-2.04572
"cg_id_a",65802.8,-1.30717
"cg_id_a",65802.8,0.202412
"cg_id_a",65802.8,1.75603
"cg_id_a",65802.8,-3.49218
"cg_id_a",65802.8,0.0526832
"cg_id_a",65802.8,-1.05386
"cg_id_a",65802.8,2.74181
"cg_id_a",65802.8,-0.290507
"cg_id_a",65802.8,1.9124
"cg_id_a",65802.9,2.29287
"cg_id_a",65802.9,-0.373572
"cg_id_a",65802.9,-1.38511
"cg_id_a",65802.9,-1.07458
"cg_id_a",65802.9,-0.676044
"cg_id_a",65802.9,1.84153
"cg_id_a",65802.9,-3.52207
"cg_id_a",65802.9,-0.113673
"cg_id_a",65802.9,-3.40454
"cg_id_a",65802.9,1.66076
"cg_id_a",65802.9,0.0308888
"cg_id_a",65803,1.645
"cg_id_a",65803,3.87254
"cg_id_a",65803,-0.655259
"cg_id_a",65803,-1.83973
"cg_id_a",65803,-1.40613
"cg_id_a",65803,-0.610067
"cg_id_a",65803,2.94806
"cg_id_a",65803,-2.32014
"cg_id_a",65803,1.44971
"cg_id_a",65803,-1.62046
"cg_id_a",65803.1,2.24995
"cg_id_a",65803.1,0.857406
"cg_id_a",65803.1,2.17782
"cg_id_a",65803.1,2.43166
"cg_id_a",65803.1,0.379592
"cg_id_a",65803.1,-2.23657
"cg_id_a",65803.1,-1.27049
"cg_id_a",65803.1,-0.600806
"cg_id_a",65803.1,1.67243
"cg_id_a",65803.1,-1.96603
"cg_id_a",65803.2,0.75616
"cg_id_a",65803.2,-1.09164
"cg_id_a",65803.2,2.66894
"cg_id_a",65803.2,1.33197
"cg_id_a",65803.2,2.27907
"cg_id_a",65803.2,1.05282
"cg_id_a",65803.2,-0.0337137
"cg_id_a",65803.2,-1.68113
"cg_id_a",65803.2,-2.41849
"cg_id_a",65803.2,0.634509
"cg_id_a",65803.3,2.71714
"cg_id_a",65803.3,-1.01154
"cg_id_a",65803.3,1.1136
"cg_id_a",65803.3,-2.24154
"cg_id_a",65803.3,3.01527
"cg_id_a",65803.3,0.54599
"cg_id_a",65803.3,1.50986
"cg_id_a",65803.3,2.15744
"cg_id_a",65803.3,-1.11097
"cg_id_a",65803.4,-0.182684
"cg_id_a",65803.4,-0.552184
"cg_id_a",65803.4,-1.92634
"cg_id_a",65803.4,2.67625
"cg_id_a",65803.4,-2.55019
"cg_id_a",65803.4,0.0637106
"cg_id_a",65803.4,0.354292
"cg_id_a",65803.4,3.02495
"cg_id_a",65803.4,0.47697
"cg_id_a",65803.4,3.12127
"cg_id_a",65803.5,3.19085
"cg_id_a",65803.5,1.50687
"cg_id_a",65803.5,-1.4278
"cg_id_a",65803.5,-0.797269
"cg_id_a",65803.5,-1.20971
"cg_id_a",65803.5,1.87786
"cg_id_a",65803.5,-1.89535
"cg_id_a",65803.5,1.3566
"cg_id_a",65803.5,-2.2913
"cg_id_a",65803.5,3.02089
"cg_id_a",65803.5,0.113775
"cg_id_a",65803.6,1.83328
"cg_id_a",65803.6,3.45479
"cg_id_a",65803.6,0.824763
"cg_id_a",65803.6,-0.560068
"cg_id_a",65803.6,-0.569975
"cg_id_a",65803.6,-0.806303
"cg_id_a",65803.6,1.92153
"cg_id_a",65803.6,-2.39141
"cg_id_a",65803.6,1.5132
"cg_id_a",65803.6,-1.64606
"cg_id_a",65803.7,1.95821
"cg_id_a",65803.7,1.40092
"cg_id_a",65803.7,1.13002
"cg_id_a",65803.7,4.4439
"cg_id_a",65803.7,-0.364146
"cg_id_a",65803.7,-0.688261
"cg_id_a",65803.7,-0.619767
"cg_id_a",65803.7,-3.06829
"cg_id_a",65803.7,2.7515
"cg_id_a",65803.8,-3.30893
"cg_id_a",65803.8,0.911293
"cg_id_a",65803.8,-1.80821
"cg_id_a",65803.8,2.74789
"cg_id_a",65803.8,0.660404
"cg_id_a",65803.8,3.05387
"cg_id_a",65803.8,4.13523
"cg_id_a",65803.8,0.778175
"cg_id_a",65803.8,-1.5686
"cg_id_a",65803.8,-1.02163
"cg_id_a",65803.9,-0.29031
"cg_id_a",65803.9,2.0128
"cg_id_a",65803.9,-1.60569
"cg_id_a",65803.9,0.391232
"cg_id_a",65803.9,-0.995024
"cg_id_a",65803.9,2.38419
"cg_id_a",65803.9,0.37997
"cg_id_a",65803.9,3.39373
"cg_id_a",65803.9,2.42857
"cg_id_a",65803.9,-1.11111
"cg_id_a",65803.9,-1.1155
"cg_id_a",65804,-1.9747
"cg_id_a",65804,-0.433258
"cg_id_a",65804,1.56724
"cg_id_a",65804,-3.26175
"cg_id_a",65804,1.49555
"cg_id_a",65804,-6.73921
"cg_id_a",65804,2.17279
"cg_id_a",65804,-3.12887
"cg_id_a",65804,2.17888
"cg_id_a",65804,2.98524
"cg_id_a",65804.1,-1.05379
"cg_id_a",65804.1,-1.18923
"cg_id_a",65804.1,-1.64642
"cg_id_a",65804.1,0.172249
"cg_id_a",65804.1,2.22527
"cg_id_a",65804.1,-1.96206
"cg_id_a",65804.1,0.0166581
"cg_id_a",65804.1,-1.12537
"cg_id_a",65804.1,1.90606
"cg_id_a",65804.1,-0.264371
"cg_id_a",65804.2,2.78574
"cg_id_a",65804.2,3.50253
"cg_id_a",65804.2,0.070972
"cg_id_a",65804.2,-1.44581
"cg_id_a",65804.2,-2.11429
"cg_id_a",65804.2,-1.34275
"cg_id_a",65804.2,0.28853
"cg_id_a",65804.2,-1.82475
"cg_id_a",65804.2,1.12912
"cg_id_a",65804.2,-0.795278
"cg_id_a",65804.3,2.30077
"cg_id_a",65804.3,1.40604
"cg_id_a",65804.3,2.72569
"cg_id_a",65804.3,3.51719
"cg_id_a",65804.3,-0.504496
"cg_id_a",65804.3,-1.86735
"cg_id_a",65804.3,-1.68385
"cg_id_a",65804.3,-1.00546
"cg_id_a",65804.3,1.92671
"cg_id_a",65804.4,-3.97733
"cg_id_a",65804.4,-0.316183
"cg_id_a",65804.4,-0.839077
"cg_id_a",65804.4,1.41541
"cg_id_a",65804.4,0.807701
"cg_id_a",65804.4,2.54911
"cg_id_a",65804.4,3.02306
"cg_id_a",65804.4,0.0749095
"cg_id_a",65804.4,-2.36333
"cg_id_a",65804.4,-0.503593
"cg_id_a",65804.4,0.0807388
"cg_id_a",65804.5,1.92636
"cg_id_a",65804.5,-3.45746
"cg_id_a",65804.5,0.901511
"cg_id_a",65804.5,-0.888111
"cg_id_a",65804.5,2.10426
"cg_id_a",65804.5,-0.638432
"cg_id_a",65804.5,2.98604
"cg_id_a",65804.5,2.68296
"cg_id_a",65804.5,-0.642135
"cg_id_a",65804.5,-0.0697997
"cg_id_a",65804.6,-2.80369
"cg_id_a",65804.6,0.672525
"cg_id_a",65804.6,0.697733
"cg_id_a",65804.6,-3.23746
"cg_id_a",65804.6,1.12
"cg_id_a",65804.6,-1.89414
"cg_id_a",65804.6,3.00508
"cg_id_a",65804.6,-0.556103
"cg_id_a",65804.6,1.88711
"cg_id_a",65804.6,2.4946
"cg_id_a",65804.7,-2.08036
"cg_id_a",65804.7,-0.968901
"cg_id_a",65804.7,-0.533686
"cg_id_a",65804.7,-0.138278
"cg_id_a",65804.7,1.50995
"cg_id_a",65804.7,-3.33093
"cg_id_a",65804.7,0.699323
"cg_id_a",65804.7,-1.76227
"cg_id_a",65804.7,2.68497
"cg_id_a",65804.8,0.141983
"cg_id_a",65804.8,1.90139
"cg_id_a",65804.8,4.58589
"cg_id_a",65804.8,-1.4689
"cg_id_a",65804.8,-0.660614
"cg_id_a",65804.8,-0.716581
"cg_id_a",65804.9,-0.186025
"cg_id_a",65804.9,1.68641
"cg_id_a",65804.9,-2.43415
"cg_id_a",65804.9,0.751924
"cg_id_a",65804.9,-1.67831
"cg_id_a",65804.9,1.89555
"cg_id_a",65805,-0.380093
"cg_id_a",65805,2.36884
"cg_id_a",65805,2.62419
"cg_id_a",65805,-0.583327
"cg_id_a",65805,-0.986205
"cg_id_a",65805,-2.85586
"cg_id_a",65805,3.33352
"cg_id_a",65805.1,-0.476444
"cg_id_a",65805.1,2.71827
"cg_id_a",65805.1,4.00021
"cg_id_a",65805.1,0.381073
"cg_id_a",65805.1,-1.37657
"cg_id_a",65805.1,-1.55882
"cg_id_a",65805.1,-0.822362
"cg_id_a",65805.2,0.857176
"cg_id_a",65805.2,-4.4135
"cg_id_a",65805.2,1.60881
"cg_id_a",65805.2,-1.16811
"cg_id_a",65805.2,-2.29053
"cg_id_a",65805.2,-1.9102
"cg_id_a",65805.2,0.017884
"cg_id_a",65805.2,2.0954
"cg_id_a",65805.2,-2.6986
"cg_id_a",65805.3,1.27325
"cg_id_a",65805.3,-2.05905
"cg_id_a",65805.3,2.22983
"cg_id_a",65805.3,-0.379526
"cg_id_a",65805.3,2.8072
"cg_id_a",65805.3,4.02918
"cg_id_a",65805.3,-1.51775
"cg_id_a",65805.3,-0.257392
"cg_id_a",65805.3,-1.17388
"cg_id_a",65805.3,-1.57497
"cg_id_a",65805.3,2.41982
"cg_id_a",65805.4,0.0735881
"cg_id_a",65805.4,0.209468
"cg_id_a",65805.4,-2.00273
"cg_id_a",65805.4,1.71476
"cg_id_a",65805.4,-0.501336
"cg_id_a",65805.4,1.63922
"cg_id_a",65805.4,3.13708
"cg_id_a",65805.4,-1.23132
"cg_id_a",65805.4,-1.7219
"cg_id_a",65805.4,-1.33259
"cg_id_a",65805.4,-0.21478
"cg_id_a",65805.5,2.01992
"cg_id_a",65805.5,-2.52902
"cg_id_a",65805.5,-0.342022
"cg_id_a",65805.5,-1.99359
"cg_id_a",65805.5,2.13007
"cg_id_a",65805.5,-0.304912
"cg_id_a",65805.5,1.63548
"cg_id_a",65805.5,3.98986
"cg_id_a",65805.5,-0.969312
"cg_id_a",65805.5,-1.17493
"cg_id_a",65805.5,-1.08125
"cg_id_a",65805.5,-0.188175
"cg_id_a",65805.6,1.93624
"cg_id_a",65805.6,-3.18583
"cg_id_a",65805.6,-0.084442
"cg_id_a",65805.6,-1.36138
"cg_id_a",65805.6,1.90018
"cg_id_a",65805.6,1.56646
"cg_id_a",65805.6,0.33137
"cg_id_a",65805.6,2.95128
"cg_id_a",65805.6,-0.480627
"cg_id_a",65805.6,-2.05541
"cg_id_a",65805.6,-1.38559
"cg_id_a",65805.6,-0.646168
"cg_id_a",65805.7,0.979418
"cg_id_a",65805.7,-3.03863
"cg_id_a",65805.7,0.447684
"cg_id_a",65805.7,-0.740162
"cg_id_a",65805.7,3.17641
"cg_id_a",65805.7,-0.325627
"cg_id_a",65805.7,1.17591
"cg_id_a",65805.7,3.92767
"cg_id_a",65805.7,-0.190994
"cg_id_a",65805.7,-1.09021
"cg_id_a",65805.8,-1.03464
"cg_id_a",65805.8,-0.225098
"cg_id_a",65805.8,1.55649
"cg_id_a",65805.8,-3.54382
"cg_id_a",65805.8,1.76031
"cg_id_a",65805.8,-1.21828
"cg_id_a",65805.8,1.13916
"cg_id_a",65805.8,-0.127765
"cg_id_a",65805.8,0.939229
"cg_id_a",65805.8,2.06698
"cg_id_a",65805.8,-0.226083
"cg_id_a",65805.9,0.0615353
"cg_id_a",65805.9,-1.45101
"cg_id_a",65805.9,0.566396
"cg_id_a",65805.9,2.36984
"cg_id_a",65805.9,-2.79475
"cg_id_a",65805.9,-0.399277
"cg_id_a",65805.9,-0.598952
"cg_id_a",65805.9,0.887546
"cg_id_a",65805.9,1.01701
"cg_id_a",65805.9,1.49043
"cg_id_a",65806,3.99445
"cg_id_a",65806,-0.64381
"cg_id_a",65806,-2.73317
"cg_id_a",65806,-1.2312
"cg_id_a",65806,-1.92207
"cg_id_a",65806,1.62972
"cg_id_a",65806,-1.46976
"cg_id_a",65806,0.446429
"cg_id_a",65806,-1.37483
"cg_id_a",65806,2.48133
"cg_id_a",65806.1,-0.128046
"cg_id_a",65806.1,2.41344
"cg_id_a",65806.1,2.33584
"cg_id_a",65806.1,0.378184
"cg_id_a",65806.1,-1.65633
"cg_id_a",65806.1,-1.06695
"cg_id_a",65806.1,-0.808154
"cg_id_a",65806.1,1.01833
"cg_id_a",65806.1,-2.18698
"cg_id_a",65806.1,1.35664
"cg_id_a",65806.2,-1.66528
"cg_id_a",65806.2,2.31992
"cg_id_a",65806.2,-0.0171963
"cg_id_a",65806.2,1.44137
"cg_id_a",65806.2,2.96267
"cg_id_a",65806.2,-0.114828
"cg_id_a",65806.2,-0.912911
"cg_id_a",65806.2,-0.87082
"cg_id_a",65806.2,-0.81683
"cg_id_a",65806.2,1.99233
"cg_id_a",65806.3,-3.01467
"cg_id_a",65806.3,-0.375919
"cg_id_a",65806.3,-1.48889
"cg_id_a",65806.3,2.8492
"cg_id_a",65806.3,0.581065
"cg_id_a",65806.3,1.72559
"cg_id_a",65806.3,5.16111
"cg_id_a",65806.3,-0.749405
"cg_id_a",65806.3,-0.852258
"cg_id_a",65806.3,-1.75612
"cg_id_a",65806.4,-0.505822
"cg_id_a",65806.4,1.17201
"cg_id_a",65806.4,-3.7987
"cg_id_a",65806.4,0.60691
"cg_id_a",65806.4,-0.885844
"cg_id_a",65806.4,3.7271
"cg_id_a",65806.4,-0.311317
"cg_id_a",65806.4,1.29698
"cg_id_a",65806.4,3.73991
"cg_id_a",65806.4,0.13005
"cg_id_a",65806.5,-1.79097
"cg_id_a",65806.5,-2.3017
"cg_id_a",65806.5,0.234188
"cg_id_a",65806.5,1.57416
"cg_id_a",65806.5,-3.71903
"cg_id_a",65806.5,0.324919
"cg_id_a",65806.5,-1.31192
"cg_id_a",65806.5,-2.33492
"cg_id_a",65806.5,0.549675
"cg_id_a",65806.5,1.5611
"cg_id_a",65806.6,0.991246
"cg_id_a",65806.6,-1.14386
"cg_id_a",65806.6,-1.00816
"cg_id_a",65806.6,-1.45497
"cg_id_a",65806.6,-1.07666
"cg_id_a",65806.6,1.2426
"cg_id_a",65806.6,-1.81213
"cg_id_a",65806.6,-0.0666136
"cg_id_a",65806.6,-1.85945
"cg_id_a",65806.6,1.69247
"cg_id_a",65806.7,-0.222582
"cg_id_a",65806.7,2.3495
"cg_id_a",65806.7,3.45438
"cg_id_a",65806.7,-1.46556
"cg_id_a",65806.7,-1.04707
"cg_id_a",65806.7,-1.29197
"cg_id_a",65806.7,-0.438623
"cg_id_a",65806.7,4.1471
"cg_id_a",65806.7,-3.15763
"cg_id_a",65806.7,1.20505
"cg_id_a",65806.8,0.0450936
"cg_id_a",65806.8,1.04891
"cg_id_a",65806.8,0.353645
"cg_id_a",65806.8,0.975602
"cg_id_a",65806.8,2.98365
"cg_id_a",65806.8,-1.73506
"cg_id_a",65806.8,-0.87953
"cg_id_a",65806.8,-0.751833
"cg_id_a",65806.8,-0.393781
"cg_id_a",65806.8,1.26576
"cg_id_a",65806.9,-2.19362
"cg_id_a",65806.9,0.96629
"cg_id_a",65806.9,-1.00551
"cg_id_a",65806.9,2.00107
"cg_id_a",65806.9,0.498384
"cg_id_a",65806.9,0.313708
"cg_id_a",65806.9,3.83859
"cg_id_a",65806.9,0.779309
"cg_id_a",65806.9,-0.956037
"cg_id_a",65806.9,-1.55743
"cg_id_a",65807,-0.488708
"cg_id_a",65807,0.857728
"cg_id_a",65807,-1.53615
"cg_id_a",65807,0.0679188
"cg_id_a",65807,-0.863755
"cg_id_a",65807,2.76567
"cg_id_a",65807,-0.130291
"cg_id_a",65807,1.68362
"cg_id_a",65807,3.3614
"cg_id_a",65807,0.88362
"cg_id_a",65807.1,-0.659489
"cg_id_a",65807.1,-1.32618
"cg_id_a",65807.1,-0.616958
"cg_id_a",65807.1,1.23399
"cg_id_a",65807.1,-1.29163
"cg_id_a",65807.1,1.00657
"cg_id_a",65807.1,-0.271454
"cg_id_a",65807.1,2.92182
"cg_id_a",65807.1,0.850588
"cg_id_a",65807.1,1.4261
"cg_id_a",65807.2,3.87647
"cg_id_a",65807.2,-0.0816563
"cg_id_a",65807.2,0.103101
"cg_id_a",65807.2,-1.32518
"cg_id_a",65807.2,-1.01195
"cg_id_a",65807.2,2.10174
"cg_id_a",65807.2,-2.29622
"cg_id_a",65807.2,0.550596
"cg_id_a",65807.2,0.643997
"cg_id_a",65807.2,1.86927
"cg_id_a",65807.3,0.258686
"cg_id_a",65807.3,1.82594
"cg_id_a",65807.3,3.9991
"cg_id_a",65807.3,-0.388836
"cg_id_a",65807.3,-0.615668
"cg_id_a",65807.3,-1.79745
"cg_id_a",65807.3,0.544703
"cg_id_a",65807.3,3.4825
"cg_id_a",65807.3,-2.32753
"cg_id_a",65807.3,0.713959
"cg_id_a",65807.4,-1.6682
"cg_id_a",65807.4,1.36417
"cg_id_a",65807.4,0.351142
"cg_id_a",65807.4,1.73183
"cg_id_a",65807.4,3.44687
"cg_id_a",65807.4,-0.375565
"cg_id_a",65807.4,-0.917134
"cg_id_a",65807.4,-1.06638
"cg_id_a",65807.4,-0.426154
"cg_id_a",65807.4,2.67194
"cg_id_a",65807.5,-2.11099
"cg_id_a",65807.5,-0.217842
"cg_id_a",65807.5,-1.30774
"cg_id_a",65807.5,2.74981
"cg_id_a",65807.5,1.07903
"cg_id_a",65807.5,3.14439
"cg_id_a",65807.5,3.15636
"cg_id_a",65807.5,-0.812087
"cg_id_a",65807.5,-1.20523
"cg_id_a",65807.5,-0.424842
"cg_id_a",65807.6,-0.922195
"cg_id_a",65807.6,2.33695
"cg_id_a",65807.6,-3.14397
"cg_id_a",65807.6,2.43826
"cg_id_a",65807.6,-1.29868
"cg_id_a",65807.6,3.38617
"cg_id_a",65807.6,0.242635
"cg_id_a",65807.6,0.923365
"cg_id_a",65807.6,3.96122
"cg_id_a",65807.6,0.179097
"cg_id_a",65807.7,-0.917643
"cg_id_a",65807.7,-1.50807
"cg_id_a",65807.7,-0.189691
"cg_id_a",65807.7,2.29698
"cg_id_a",65807.7,-2.55475
"cg_id_a",65807.7,0.678515
"cg_id_a",65807.7,-0.881847
"cg_id_a",65807.7,2.40351
"cg_id_a",65807.7,0.817658
"cg_id_a",65807.7,1.2176
"cg_id_a",65807.8,4.04652
"cg_id_a",65807.8,0.806892
"cg_id_a",65807.8,-0.324011
"cg_id_a",65807.8,-0.709167
"cg_id_a",65807.8,-0.354946
"cg_id_a",65807.8,1.53967
"cg_id_a",65807.8,-2.84519
"cg_id_a",65807.8,0.0558909
"cg_id_a",65807.8,0.835899
"cg_id_a",65807.8,2.44302
"cg_id_a",65807.9,0.0845095
"cg_id_a",65807.9,2.14654
"cg_id_a",65807.9,3.69877
"cg_id_a",65807.9,1.2303
"cg_id_a",65807.9,-0.675773
"cg_id_a",65807.9,-0.327122
"cg_id_a",65807.9,-0.034428
"cg_id_a",65807.9,1.61773
"cg_id_a",65807.9,-1.80314
"cg_id_a",65807.9,-0.371783
"cg_id_a",65808,-1.51916
"cg_id_a",65808,2.39037
"cg_id_a",65808,0.395106
"cg_id_a",65808,1.88419
"cg_id_a",65808,4.81775
"cg_id_a",65808,-0.368686
"cg_id_a",65808,-0.680485
"cg_id_a",65808,-0.45634
"cg_id_a",65808,-1.13795
"cg_id_a",65808,1.22451
"cg_id_a",65808.1,-1.9367
"cg_id_a",65808.1,0.888069
"cg_id_a",65808.1,0.0270264
"cg_id_a",65808.1,2.23738
"cg_id_a",65808.1,1.20104
"cg_id_a",65808.1,2.44785
"cg_id_a",65808.1,3.43845
"cg_id_a",65808.1,-0.108001
"cg_id_a",65808.1,-0.430279
"cg_id_a",65808.1,-0.799811
"cg_id_a",65808.1,-0.957917
"cg_id_a",65808.2,2.08218
"cg_id_a",65808.2,-2.85886
"cg_id_a",65808.2,1.23802
"cg_id_a",65808.2,-1.45961
"cg_id_a",65808.2,2.72989
"cg_id_a",65808.2,-0.162851
"cg_id_a",65808.2,2.56485
"cg_id_a",65808.2,5.45948
"cg_id_a",65808.2,0.763135
"cg_id_a",65808.2,-0.732205
"cg_id_a",65808.3,-1.89998
"cg_id_a",65808.3,-1.26796
"cg_id_a",65808.3,1.40606
"cg_id_a",65808.3,-2.12229
"cg_id_a",65808.3,0.594024
"cg_id_a",65808.3,-1.19648
"cg_id_a",65808.3,2.89392
"cg_id_a",65808.3,0.3915
"cg_id_a",65808.3,2.64625
"cg_id_a",65808.4,2.98233
"cg_id_a",65808.4,-0.670005
"cg_id_a",65808.4,0.0663079
"cg_id_a",65808.4,-0.510745
"cg_id_a",65808.4,-1.40458
"cg_id_a",65808.4,2.67308
"cg_id_a",65808.4,-1.86006
"cg_id_a",65808.4,1.20764
"cg_id_a",65808.4,-0.852311
"cg_id_a",65808.4,2.2355
"cg_id_a",65808.5,0.5351
"cg_id_a",65808.5,2.17544
"cg_id_a",65808.5,3.33507
"cg_id_a",65808.5,0.279653
"cg_id_a",65808.5,-0.909913
"cg_id_a",65808.5,-0.269562
"cg_id_a",65808.5,-1.20088
"cg_id_a",65808.5,0.769828
"cg_id_a",65808.5,-2.11088
"cg_id_a",65808.5,1.16129
"cg_id_a",65808.6,-2.16733
"cg_id_a",65808.6,2.76269
"cg_id_a",65808.6,0.334434
"cg_id_a",65808.6,2.90649
"cg_id_a",65808.6,3.29404
"cg_id_a",65808.6,-0.935251
"cg_id_a",65808.6,0.465984
"cg_id_a",65808.6,-1.65905
"cg_id_a",65808.6,-0.0170044
"cg_id_a",65808.6,2.78154
"cg_id_a",65808.7,-3.45347
"cg_id_a",65808.7,-0.368486
"cg_id_a",65808.7,-0.490499
"cg_id_a",65808.7,1.30032
"cg_id_a",65808.7,0.415566
"cg_id_a",65808.7,2.35404
"cg_id_a",65808.7,3.09935
"cg_id_a",65808.7,-0.117298
"cg_id_a",65808.7,-0.243707
"cg_id_a",65808.7,-1.31385
"cg_id_a",65808.8,-0.568785
"cg_id_a",65808.8,1.81932
"cg_id_a",65808.8,-5.73257
"cg_id_a",65808.8,0.887237
"cg_id_a",65808.8,-1.60102
"cg_id_a",65808.8,2.44557
"cg_id_a",65808.8,0.368749
"cg_id_a",65808.8,2.62822
"cg_id_a",65808.8,2.51102
"cg_id_a",65808.8,-0.316275
"cg_id_a",65808.9,-0.428259
"cg_id_a",65808.9,-1.15162
"cg_id_a",65808.9,-1.30814
"cg_id_a",65808.9,1.0072
"cg_id_a",65808.9,-2.83602
"cg_id_a",65808.9,0.83776
"cg_id_a",65808.9,-1.87151
"cg_id_a",65808.9,2.86186
"cg_id_a",65808.9,-0.161976
"cg_id_a",65808.9,1.45575
"cg_id_a",65809,4.09784
"cg_id_a",65809,-0.237077
"cg_id_a",65809,-0.0969451
"cg_id_a",65809,-1.85627
"cg_id_a",65809,-1.24741
"cg_id_a",65809,1.35441
"cg_id_a",65809,-2.48362
"cg_id_a",65809,-0.31219
"cg_id_a",65809,-1.82695
"cg_id_a",65809,2.99783
"cg_id_a",65809.1,0.255251
"cg_id_a",65809.1,3.14371
"cg_id_a",65809.1,3.17855
"cg_id_a",65809.1,0.0137534
"cg_id_a",65809.1,-1.13807
"cg_id_a",65809.1,-0.974392
"cg_id_a",65809.1,-2.24766
"cg_id_a",65809.1,0.368
"cg_id_a",65809.1,-2.8252
"cg_id_a",65809.1,0.63949
"cg_id_a",65809.2,-1.80506
"cg_id_a",65809.2,3.4497
"cg_id_a",65809.2,0.158954
"cg_id_a",65809.2,1.84811
"cg_id_a",65809.2,4.34932
"cg_id_a",65809.2,0.941819
"cg_id_a",65809.2,-1.37101
"cg_id_a",65809.2,-0.590715
"cg_id_a",65809.2,-1.82429
"cg_id_a",65809.2,1.40607
"cg_id_a",65809.3,-2.33652
"cg_id_a",65809.3,2.05418
"cg_id_a",65809.3,-1.7237
"cg_id_a",65809.3,1.09854
"cg_id_a",65809.3,0.185824
"cg_id_a",65809.3,1.53797
"cg_id_a",65809.3,2.19905
"cg_id_a",65809.3,0.0487653
"cg_id_a",65809.3,-0.51302
"cg_id_a",65809.3,-1.79403
"cg_id_a",65809.4,-1.85175
"cg_id_a",65809.4,1.26986
"cg_id_a",65809.4,-3.13575
"cg_id_a",65809.4,3.4246
"cg_id_a",65809.4,-0.571524
"cg_id_a",65809.4,3.30617
"cg_id_a",65809.4,-0.0586313
"cg_id_a",65809.4,2.54388
"cg_id_a",65809.4,3.40357
"cg_id_a",65809.4,1.09919
"cg_id_a",65809.5,-0.406977
"cg_id_a",65809.5,-1.14936
"cg_id_a",65809.5,-1.65229
"cg_id_a",65809.5,0.970754
"cg_id_a",65809.5,-5.09684
"cg_id_a",65809.5,0.818201
"cg_id_a",65809.5,-1.22515
"cg_id_a",65809.5,2.68305
"cg_id_a",65809.5,0.480418
"cg_id_a",65809.5,1.94374
"cg_id_a",65809.6,3.7412
"cg_id_a",65809.6,0.021387
"cg_id_a",65809.6,-1.48539
"cg_id_a",65809.6,-1.33255
"cg_id_a",65809.6,-0.908705
"cg_id_a",65809.6,0.958977
"cg_id_a",65809.6,-2.58039
"cg_id_a",65809.6,1.51786
"cg_id_a",65809.6,-2.5622
"cg_id_a",65809.6,2.57606
"cg_id_a",65809.7,0.189841
"cg_id_a",65809.7,1.9141
"cg_id_a",65809.7,4.10541
"cg_id_a",65809.7,-1.29302
"cg_id_a",65809.7,0.0737601
"cg_id_a",65809.7,-1.30915
"cg_id_a",65809.7,-1.11011
"cg_id_a",65809.7,2.90386
"cg_id_a",65809.7,-3.62175
"cg_id_a",65809.7,0.0990831
"cg_id_a",65809.8,-1.07146
"cg_id_a",65809.8,2.27765
"cg_id_a",65809.8,-0.73376
"cg_id_a",65809.8,1.22114
"cg_id_a",65809.8,1.38368
"cg_id_a",65809.8,-0.246516
"cg_id_a",65809.8,-1.00018
"cg_id_a",65809.8,-1.19504
"cg_id_a",65809.8,-1.69481
"cg_id_a",65809.8,2.48509
"cg_id_a",65809.9,-2.75158
"cg_id_a",65809.9,0.393914
"cg_id_a",65809.9,-1.7861
"cg_id_a",65809.9,3.07845
"cg_id_a",65809.9,0.766075
"cg_id_a",65809.9,2.14169
"cg_id_a",65809.9,3.14324
"cg_id_a",65809.9,-0.110154
"cg_id_a",65809.9,-0.952957
"cg_id_a",65809.9,-1.95391
"cg_id_a",65810,-1.46728
"cg_id_a",65810,2.04411
"cg_id_a",65810,-3.00857
"cg_id_a",65810,1.34218
"cg_id_a",65810,-2.49186
"cg_id_a",65810,1.94146
"cg_id_a",65810,-0.598714
"cg_id_a",65810,2.14165
"cg_id_a",65810,3.24557
"cg_id_a",65810,-0.561676
"cg_id_a",65810.1,-1.38717
"cg_id_a",65810.1,-1.98073
"cg_id_a",65810.1,-2.10997
"cg_id_a",65810.1,1.79965
"cg_id_a",65810.1,-3.01279
"cg_id_a",65810.1,1.12439
"cg_id_a",65810.1,-2.86862
"cg_id_a",65810.1,3.02923
"cg_id_a",65810.1,-1.15889
"cg_id_a",65810.1,0.72843
"cg_id_a",65810.1,4.32247
"cg_id_a",65810.2,-1.17374
"cg_id_a",65810.2,-1.15542
"cg_id_a",65810.2,-1.98597
"cg_id_a",65810.2,-0.757071
"cg_id_a",65810.2,1.75991
"cg_id_a",65810.2,-2.00359
"cg_id_a",65810.2,0.637548
"cg_id_a",65810.2,-1.16212
"cg_id_a",65810.2,1.18147
"cg_id_a",65810.2,-1.07402
"cg_id_a",65810.3,0.748401
"cg_id_a",65810.3,1.804
"cg_id_a",65810.3,1.21928
"cg_id_a",65810.3,-0.0867399
"cg_id_a",65810.3,-1.37118
"cg_id_a",65810.3,-1.07787
"cg_id_a",65810.3,0.147254
"cg_id_a",65810.3,-3.71015
"cg_id_a",65810.3,1.26881
"cg_id_a",65810.4,-1.45844
"cg_id_a",65810.4,1.99392
"cg_id_a",65810.4,0.609244
"cg_id_a",65810.4,0.784813
"cg_id_a",65810.4,1.52669
"cg_id_a",65810.4,-2.0316
"cg_id_a",65810.4,-0.833183
"cg_id_a",65810.4,-0.660019
"cg_id_a",65810.4,-1.58806
"cg_id_a",65810.4,0.93727
"cg_id_a",65810.5,-2.76411
"cg_id_a",65810.5,1.17222
"cg_id_a",65810.5,-0.735615
"cg_id_a",65810.5,2.93114
"cg_id_a",65810.5,-1.44971
"cg_id_a",65810.5,2.14462
"cg_id_a",65810.5,-0.0464745
"cg_id_a",65810.5,-0.34843
"cg_id_a",65810.5,-1.34989
"cg_id_a",65810.5,-2.01779
"cg_id_a",65810.6,-1.11526
"cg_id_a",65810.6,1.69549
"cg_id_a",65810.6,-3.93083
"cg_id_a",65810.6,0.66601
"cg_id_a",65810.6,-0.882062
"cg_id_a",65810.6,2.07921
"cg_id_a",65810.6,-0.376155
"cg_id_a",65810.6,1.64758
"cg_id_a",65810.6,3.50746
"cg_id_a",65810.6,0.353107
"cg_id_a",65810.7,-0.746721
"cg_id_a",65810.7,-2.03037
"cg_id_a",65810.7,-1.88848
"cg_id_a",65810.7,1.52089
"cg_id_a",65810.7,-1.31825
"cg_id_a",65810.7,1.01596
"cg_id_a",65810.7,-2.27267
"cg_id_a",65810.7,2.94353
"cg_id_a",65810.7,-0.674184
"cg_id_a",65810.8,2.00908
"cg_id_a",65810.8,0.630461
"cg_id_a",65810.8,-2.45443
"cg_id_a",65810.8,-0.274813
"cg_id_a",65810.8,-1.87928
"cg_id_a",65810.8,-2.27291
"cg_id_a",65810.8,-0.334749
"cg_id_a",65810.8,-1.18005
"cg_id_a",65810.8,-0.41315
"cg_id_a",65810.8,-1.46727
"cg_id_a",65810.9,2.94041
"cg_id_a",65810.9,-0.660648
"cg_id_a",65810.9,1.96602
"cg_id_a",65810.9,2.13232
"cg_id_a",65810.9,-1.28418
"cg_id_a",65810.9,-1.20656
"cg_id_a",65810.9,-1.83333
"cg_id_a",65810.9,-3.10066
"cg_id_a",65810.9,2.25864
"cg_id_a",65810.9,-1.88401
"cg_id_a",65810.9,0.471254
"cg_id_a",65811,-1.3497
"cg_id_a",65811,2.10323
"cg_id_a",65811,-0.203979
"cg_id_a",65811,1.85073
"cg_id_a",65811,3.1584
"cg_id_a",65811,0.851278
"cg_id_a",65811,-1.76385
"cg_id_a",65811,-0.980042
"cg_id_a",65811,-2.03631
"cg_id_a",65811,0.43695
"cg_id_a",65811.1,-2.5779
"cg_id_a",65811.1,0.677947
"cg_id_a",65811.1,-2.16573
"cg_id_a",65811.1,3.18538
"cg_id_a",65811.1,-0.69772
"cg_id_a",65811.1,2.41364
"cg_id_a",65811.1,2.15229
"cg_id_a",65811.1,0.400505
"cg_id_a",65811.1,-1.89028
"cg_id_a",65811.1,-1.48242
"cg_id_a",65811.2,-2.10087
"cg_id_a",65811.2,0.806382
"cg_id_a",65811.2,-2.57966
"cg_id_a",65811.2,1.27809
"cg_id_a",65811.2,-2.45601
"cg_id_a",65811.2,1.45866
"cg_id_a",65811.2,0.575077
"cg_id_a",65811.2,1.16927
"cg_id_a",65811.2,3.10974
"cg_id_a",65811.2,0.896544
"cg_id_a",65811.3,-1.36133
"cg_id_a",65811.3,-1.91771
"cg_id_a",65811.3,-1.72903
"cg_id_a",65811.3,1.33087
"cg_id_a",65811.3,-2.8291
"cg_id_a",65811.3,1.54504
"cg_id_a",65811.3,-1.00222
"cg_id_a",65811.3,2.5512
"cg_id_a",65811.3,0.629327
"cg_id_a",65811.4,0.968364
"cg_id_a",65811.4,3.24491
"cg_id_a",65811.4,0.431431
"cg_id_a",65811.4,-0.397366
"cg_id_a",65811.4,-1.10461
"cg_id_a",65811.4,-1.41331
"cg_id_a",65811.4,0.732645
"cg_id_a",65811.4,-1.29283
"cg_id_a",65811.4,0.994628
"cg_id_a",65811.4,-1.41835
"cg_id_a",65811.4,2.01671
"cg_id_a",65811.5,0.316992
"cg_id_a",65811.5,2.32952
"cg_id_a",65811.5,2.23859
"cg_iq_a",65796.4,-18.3327
"cg_iq_a",65796.4,-18.1263
"cg_iq_a",65796.4,-18.1799
"cg_iq_a",65796.5,-16.6349
"cg_iq_a",65796.5,-13.6937
"cg_iq_a",65796.5,-14.0981
"cg_iq_a",65796.5,-14.5508
"cg_iq_a",65796.5,-9.73745
"cg_iq_a",65796.5,-18.1815
"cg_iq_a",65796.5,-16.601
"cg_iq_a",65796.5,-16.8713
"cg_iq_a",65796.5,-12.3576
"cg_iq_a",65796.5,-17.3325
"cg_iq_a",65796.6,-18.128
"cg_iq_a",65796.6,-16.3205
"cg_iq_a",65796.6,-15.8458
"cg_iq_a",65796.6,-14.7957
"cg_iq_a",65796.6,-14.1655
"cg_iq_a",65796.6,-14.0797
"cg_iq_a",65796.6,-10.2322
"cg_iq_a",65796.6,-18.0446
"cg_iq_a",65796.6,-15.8039
"cg_iq_a",65796.6,-16.0489
"cg_iq_a",65796.7,-12.1194
"cg_iq_a",65796.7,-15.1946
"cg_iq_a",65796.7,-18.0491
"cg_iq_a",65796.7,-20.4181
"cg_iq_a",65796.7,-16.7681
"cg_iq_a",65796.7,-15.3793
"cg_iq_a",65796.7,-13.9823
"cg_iq_a",65796.7,-14.0723
"cg_iq_a",65796.7,-8.53897
"cg_iq_a",65796.7,-17.406
"cg_iq_a",65796.8,-16.6228
"cg_iq_a",65796.8,-14.3487
"cg_iq_a",65796.8,-11.629
"cg_iq_a",65796.8,-17.0894
"cg_iq_a",65796.8,-18.1999
"cg_iq_a",65796.8,-18.2865
"cg_iq_a",65796.8,-15.7564
"cg_iq_a",65796.8,-14.1626
"cg_iq_a",65796.8,-13.9881
"cg_iq_a",65796.8,-11.9415
"cg_iq_a",65796.9,-11.2422
"cg_iq_a",65796.9,-16.3181
"cg_iq_a",65796.9,-16.7643
"cg_iq_a",65796.9,-16.511
"cg_iq_a",65796.9,-12.0043
"cg_iq_a",65796.9,-16.0932
"cg_iq_a",65796.9,-17.9172
"cg_iq_a",65796.9,-18.7725
"cg_iq_a",65796.9,-16.7337
"cg_iq_a",65796.9,-13.4174
"cg_iq_a",65797,-14.4946
"cg_iq_a",65797,-11.4418
"cg_iq_a",65797,-10.1044
"cg_iq_a",65797,-16.7675
"cg_iq_a",65797,-15.5234
"cg_iq_a",65797,-16.0083
"cg_iq_a",65797,-12.1657
"cg_iq_a",65797,-17.489
"cg_iq_a",65797,-18.7068
"cg_iq_a",65797,-19.5913
"cg_iq_a",65797.1,-14.1294
"cg_iq_a",65797.1,-14.0641
"cg_iq_a",65797.1,-13.7394
"cg_iq_a",65797.1,-14.045
"cg_iq_a",65797.1,-9.60843
"cg_iq_a",65797.1,-16.2284
"cg_iq_a",65797.1,-16.056
"cg_iq_a",65797.1,-15.6603
"cg_iq_a",65797.1,-11.8218
"cg_iq_a",65797.1,-16.3863
"cg_iq_a",65797.2,-18.7783
"cg_iq_a",65797.2,-16.9033
"cg_iq_a",65797.2,-15.4298
"cg_iq_a",65797.2,-15.655
"cg_iq_a",65797.2,-13.9657
"cg_iq_a",65797.2,-13.9247
"cg_iq_a",65797.2,-9.94653
"cg_iq_a",65797.2,-15.893
"cg_iq_a",65797.2,-15.3451
"cg_iq_a",65797.2,-16.6892
"cg_iq_a",65797.3,-12.0731
"cg_iq_a",65797.3,-14.7758
"cg_iq_a",65797.3,-19.7831
"cg_iq_a",65797.3,-19.2113
"cg_iq_a",65797.3,-14.4633
"cg_iq_a",65797.3,-13.0012
"cg_iq_a",65797.3,-13.9537
"cg_iq_a",65797.3,-13.681
"cg_iq_a",65797.3,-9.56009
"cg_iq_a",65797.3,-18.514
"cg_iq_a",65797.4,-15.8229
"cg_iq_a",65797.4,-15.5825
"cg_iq_a",65797.4,-12.3157
"cg_iq_a",65797.4,-17.4589
"cg_iq_a",65797.4,-18.9926
"cg_iq_a",65797.4,-18.6946
"cg_iq_a",65797.4,-16.112
"cg_iq_a",65797.4,-14.9089
"cg_iq_a",65797.4,-14.1615
"cg_iq_a",65797.4,-14.5871
"cg_iq_a",65797.5,-9.89286
"cg_iq_a",65797.5,-16.7959
"cg_iq_a",65797.5,-17.2574
"cg_iq_a",65797.5,-16.1905
"cg_iq_a",65797.5,-11.27
"cg_iq_a",65797.5,-16.686
"cg_iq_a",65797.5,-18.8269
"cg_iq_a",65797.5,-19.4174
"cg_iq_a",65797.5,-16.0462
"cg_iq_a",65797.5,-13.985
"cg_iq_a",65797.6,-13.1844
"cg_iq_a",65797.6,-13.5988
"cg_iq_a",65797.6,-9.9282
"cg_iq_a",65797.6,-16.9526
"cg_iq_a",65797.6,-13.6203
"cg_iq_a",65797.6,-16.6792
"cg_iq_a",65797.6,-10.9172
"cg_iq_a",65797.6,-16.0557
"cg_iq_a",65797.6,-18.719
"cg_iq_a",65797.6,-18.2149
"cg_iq_a",65797.7,-15.6906
"cg_iq_a",65797.7,-13.5011
"cg_iq_a",65797.7,-14.5841
"cg_iq_a",65797.7,-14.4606
"cg_iq_a",65797.7,-10.3174
"cg_iq_a",65797.7,-17.2247
"cg_iq_a",65797.7,-15.2634
"cg_iq_a",65797.7,-16.4283
"cg_iq_a",65797.7,-11.8074
"cg_iq_a",65797.7,-16.2963
"cg_iq_a",65797.8,-17.9717
"cg_iq_a",65797.8,-17.4026
"cg_iq_a",65797.8,-16.0178
"cg_iq_a",65797.8,-14.7164
"cg_iq_a",65797.8,-13.9329
"cg_iq_a",65797.8,-13.9457
"cg_iq_a",65797.8,-9.4664
"cg_iq_a",65797.8,-16.767
"cg_iq_a",65797.8,-14.5126
"cg_iq_a",65797.8,-15.5522
"cg_iq_a",65797.9,-12.7309
"cg_iq_a",65797.9,-17.2379
"cg_iq_a",65797.9,-18.604
"cg_iq_a",65797.9,-17.683
"cg_iq_a",65797.9,-15.8572
"cg_iq_a",65797.9,-13.1311
"cg_iq_a",65797.9,-14.3632
"cg_iq_a",65797.9,-14.7087
"cg_iq_a",65797.9,-8.11033
"cg_iq_a",65797.9,-17.7349
"cg_iq_a",65798,-13.3302
"cg_iq_a",65798,-15.6164
"cg_iq_a",65798,-11.688
"cg_iq_a",65798,-16.877
"cg_iq_a",65798,-19.5375
"cg_iq_a",65798,-17.6605
"cg_iq_a",65798,-15.4892
"cg_iq_a",65798,-14.9403
"cg_iq_a",65798,-13.2952
"cg_iq_a",65798,-13.5815
"cg_iq_a",65798.1,-10.7772
"cg_iq_a",65798.1,-19.2519
"cg_iq_a",65798.1,-16.5924
"cg_iq_a",65798.1,-15.2475
"cg_iq_a",65798.1,-12.0455
"cg_iq_a",65798.1,-15.9719
"cg_iq_a",65798.1,-18.8803
"cg_iq_a",65798.1,-18.4155
"cg_iq_a",65798.1,-14.0883
"cg_iq_a",65798.1,-13.6631
"cg_iq_a",65798.2,-14.6548
"cg_iq_a",65798.2,-13.7136
"cg_iq_a",65798.2,-10.8786
"cg_iq_a",65798.2,-17.6443
"cg_iq_a",65798.2,-14.6862
"cg_iq_a",65798.2,-15.5993
"cg_iq_a",65798.2,-12.6095
"cg_iq_a",65798.2,-18.1111
"cg_iq_a",65798.2,-19.0764
"cg_iq_a",65798.2,-17.9216
"cg_iq_a",65798.2,-16.2662
"cg_iq_a",65798.3,-12.8262
"cg_iq_a",65798.3,-15.2874
"cg_iq_a",65798.3,-13.6846
"cg_iq_a",65798.3,-10.0107
"cg_iq_a",65798.3,-17.8186
"cg_iq_a",65798.3,-14.8615
"cg_iq_a",65798.3,-15.9118
"cg_iq_a",65798.3,-13.024
"cg_iq_a",65798.3,-16.7391
"cg_iq_a",65798.4,-17.4049
"cg_iq_a",65798.4,-17.4085
"cg_iq_a",65798.4,-15.0727
"cg_iq_a",65798.4,-11.7487
"cg_iq_a",65798.4,-13.8456
"cg_iq_a",65798.4,-13.7069
"cg_iq_a",65798.4,-10.4183
"cg_iq_a",65798.4,-18.083
"cg_iq_a",65798.4,-15.1692
"cg_iq_a",65798.4,-14.8453
"cg_iq_a",65798.5,-11.4642
"cg_iq_a",65798.5,-15.5016
"cg_iq_a",65798.5,-18.0519
"cg_iq_a",65798.5,-15.5417
"cg_iq_a",65798.5,-14.5651
"cg_iq_a",65798.5,-13.2586
"cg_iq_a",65798.5,-13.7347
"cg_iq_a",65798.5,-13.1006
"cg_iq_a",65798.5,-10.3301
"cg_iq_a",65798.5,-17.6168
"cg_iq_a",65798.6,-14.8036
"cg_iq_a",65798.6,-15.7603
"cg_iq_a",65798.6,-12.4808
"cg_iq_a",65798.6,-14.8013
"cg_iq_a",65798.6,-17.7013
"cg_iq_a",65798.6,-17.4261
"cg_iq_a",65798.6,-14.9342
"cg_iq_a",65798.6,-13.2097
"cg_iq_a",65798.6,-14.1131
"cg_iq_a",65798.6,-14.2373
"cg_iq_a",65798.7,-10.9246
"cg_iq_a",65798.7,-17.3138
"cg_iq_a",65798.7,-14.32
"cg_iq_a",65798.7,-13.6929
"cg_iq_a",65798.7,-12.9846
"cg_iq_a",65798.7,-16.1797
"cg_iq_a",65798.7,-19.1701
"cg_iq_a",65798.7,-17.5806
"cg_iq_a",65798.7,-14.8937
"cg_iq_a",65798.7,-13.2567
"cg_iq_a",65798.8,-13.9999
"cg_iq_a",65798.8,-13.0402
"cg_iq_a",65798.8,-10.634
"cg_iq_a",65798.8,-15.7899
"cg_iq_a",65798.8,-15.0416
"cg_iq_a",65798.8,-15.5539
"cg_iq_a",65798.8,-12.4152
"cg_iq_a",65798.8,-16.6587
"cg_iq_a",65798.8,-19.399
"cg_iq_a",65798.8,-16.7701
"cg_iq_a",65798.9,-15.2913
"cg_iq_a",65798.9,-13.2382
"cg_iq_a",65798.9,-13.8567
"cg_iq_a",65798.9,-11.3626
"cg_iq_a",65798.9,-11.1314
"cg_iq_a",65798.9,-15.7617
"cg_iq_a",65798.9,-15.3572
"cg_iq_a",65798.9,-15.3206
"cg_iq_a",65798.9,-12.0407
"cg_iq_a",65798.9,-16.6971
"cg_iq_a",65799,-17.9273
"cg_iq_a",65799,-18.6321
"cg_iq_a",65799,-15.1619
"cg_iq_a",65799,-12.1621
"cg_iq_a",65799,-14.5187
"cg_iq_a",65799,-13.1037
"cg_iq_a",65799,-9.76585
"cg_iq_a",65799,-16.8122
"cg_iq_a",65799,-14.4177
"cg_iq_a",65799,-16.9902
"cg_iq_a",65799.1,-12.4061
"cg_iq_a",65799.1,-16.9977
"cg_iq_a",65799.1,-19.1374
"cg_iq_a",65799.1,-13.5617
"cg_iq_a",65799.1,-16.4017
"cg_iq_a",65799.1,-13.3873
"cg_iq_a",65799.1,-13.9829
"cg_iq_a",65799.1,-14.9254
"cg_iq_a",65799.1,-10.335
"cg_iq_a",65799.1,-16.8606
"cg_iq_a",65799.2,-15.3204
"cg_iq_a",65799.2,-15.8715
"cg_iq_a",65799.2,-13.2863
"cg_iq_a",65799.2,-14.4036
"cg_iq_a",65799.2,-18.7406
"cg_iq_a",65799.2,-16.837
"cg_iq_a",65799.2,-15.8241
"cg_iq_a",65799.2,-12.9219
"cg_iq_a",65799.2,-14.9332
"cg_iq_a",65799.2,-13.0766
"cg_iq_a",65799.3,-10.8049
"cg_iq_a",65799.3,-17.7265
"cg_iq_a",65799.3,-15.019
"cg_iq_a",65799.3,-13.807
"cg_iq_a",65799.3,-12.9832
"cg_iq_a",65799.3,-16.6036
"cg_iq_a",65799.3,-19.52
"cg_iq_a",65799.3,-17.6621
"cg_iq_a",65799.3,-14.9994
"cg_iq_a",65799.3,-12.6179
"cg_iq_a",65799.4,-14.7702
"cg_iq_a",65799.4,-13.5818
"cg_iq_a",65799.4,-10.5781
"cg_iq_a",65799.4,-17.4766
"cg_iq_a",65799.4,-16.705
"cg_iq_a",65799.4,-15.7135
"cg_iq_a",65799.4,-13.7518
"cg_iq_a",65799.4,-16.5866
"cg_iq_a",65799.4,-20.267
"cg_iq_a",65799.4,-18.0864
"cg_iq_a",65799.5,-15.0686
"cg_iq_a",65799.5,-14.4923
"cg_iq_a",65799.5,-14.2225
"cg_iq_a",65799.5,-12.9714
"cg_iq_a",65799.5,-11.6411
"cg_iq_a",65799.5,-16.1475
"cg_iq_a",65799.5,-15.9211
"cg_iq_a",65799.5,-15.3267
"cg_iq_a",65799.5,-13.0815
"cg_iq_a",65799.5,-16.5882
"cg_iq_a",65799.6,-16.9252
"cg_iq_a",65799.6,-16.507
"cg_iq_a",65799.6,-14.3364
"cg_iq_a",65799.6,-13.4723
"cg_iq_a",65799.6,-15.4486
"cg_iq_a",65799.6,-13.887
"cg_iq_a",65799.6,-10.8317
"cg_iq_a",65799.6,-16.9114
"cg_iq_a",65799.6,-15.032
"cg_iq_a",65799.6,-15.7276
"cg_iq_a",65799.7,-13.5325
"cg_iq_a",65799.7,-16.1262
"cg_iq_a",65799.7,-18.9373
"cg_iq_a",65799.7,-16.5316
"cg_iq_a",65799.7,-15.963
"cg_iq_a",65799.7,-13.23
"cg_iq_a",65799.7,-15.5523
"cg_iq_a",65799.7,-13.7265
"cg_iq_a",65799.7,-10.9615
"cg_iq_a",65799.8,-16.3809
"cg_iq_a",65799.8,-15.0206
"cg_iq_a",65799.8,-15.1346
"cg_iq_a",65799.8,-13.2125
"cg_iq_a",65799.8,-15.1339
"cg_iq_a",65799.8,-19.5565
"cg_iq_a",65799.8,-17.0423
"cg_iq_a",65799.8,-16.0532
"cg_iq_a",65799.8,-12.8432
"cg_iq_a",65799.8,-14.7218
"cg_iq_a",65799.8,-13.9173
"cg_iq_a",65799.9,-11.0784
"cg_iq_a",65799.9,-16.0773
"cg_iq_a",65799.9,-14.4025
"cg_iq_a",65799.9,-15.2652
"cg_iq_a",65799.9,-14.2047
"cg_iq_a",65799.9,-17.7515
"cg_iq_a",65799.9,-19.0004
"cg_iq_a",65799.9,-17.2256
"cg_iq_a",65799.9,-14.7453
"cg_iq_a",65799.9,-13.3168
"cg_iq_a",65800,-14.7548
"cg_iq_a",65800,-13.6836
"cg_iq_a",65800,-11.058
"cg_iq_a",65800,-17.2727
"cg_iq_a",65800,-16.7133
"cg_iq_a",65800,-14.9067
"cg_iq_a",65800,-12.1452
"cg_iq_a",65800,-16.0368
"cg_iq_a",65800,-19.2456
"cg_iq_a",65800,-18.6001
"cg_iq_a",65800.1,-15.186
"cg_iq_a",65800.1,-14.9303
"cg_iq_a",65800.1,-15.8783
"cg_iq_a",65800.1,-13.3463
"cg_iq_a",65800.1,-12.1594
"cg_iq_a",65800.1,-17.1698
"cg_iq_a",65800.1,-15.2309
"cg_iq_a",65800.1,-15.1309
"cg_iq_a",65800.1,-13.2244
"cg_iq_a",65800.1,-15.8737
"cg_iq_a",65800.2,-18.4949
"cg_iq_a",65800.2,-18.115
"cg_iq_a",65800.2,-16.4242
"cg_iq_a",65800.2,-13.1192
"cg_iq_a",65800.2,-16.8498
"cg_iq_a",65800.2,-12.2292
"cg_iq_a",65800.2,-11.5831
"cg_iq_a",65800.2,-16.2534
"cg_iq_a",65800.2,-15.886
"cg_iq_a",65800.2,-15.8907
"cg_iq_a",65800.2,-13.8588
"cg_iq_a",65800.3,-16.807
"cg_iq_a",65800.3,-19.8859
"cg_iq_a",65800.3,-16.905
"cg_iq_a",65800.3,-16.0131
"cg_iq_a",65800.3,-13.1285
"cg_iq_a",65800.3,-15.4886
"cg_iq_a",65800.3,-14.1796
"cg_iq_a",65800.3,-11.0118
"cg_iq_a",65800.3,-16.5831
"cg_iq_a",65800.4,-15.8758
"cg_iq_a",65800.4,-15.7346
"cg_iq_a",65800.4,-13.9501
"cg_iq_a",65800.4,-16.545
"cg_iq_a",65800.4,-19.4415
"cg_iq_a",65800.4,-12.9449
"cg_iq_a",65800.4,-14.9457
"cg_iq_a",65800.4,-13.9693
"cg_iq_a",65800.4,-15.1128
"cg_iq_a",65800.5,-13.5012
"cg_iq_a",65800.5,-11.1896
"cg_iq_a",65800.5,-17.7754
"cg_iq_a",65800.5,-15.4211
"cg_iq_a",65800.5,-13.6673
"cg_iq_a",65800.5,-13.4493
"cg_iq_a",65800.5,-13.9399
"cg_iq_a",65800.5,-19.1424
"cg_iq_a",65800.5,-17.1041
"cg_iq_a",65800.5,-16.3928
"cg_iq_a",65800.6,-12.9861
"cg_iq_a",65800.6,-16.0095
"cg_iq_a",65800.6,-13.6193
"cg_iq_a",65800.6,-11.4056
"cg_iq_a",65800.6,-16.8813
"cg_iq_a",65800.6,-14.6325
"cg_iq_a",65800.6,-13.3443
"cg_iq_a",65800.6,-12.5764
"cg_iq_a",65800.6,-14.8003
"cg_iq_a",65800.6,-19.9396
"cg_iq_a",65800.6,-17.8001
"cg_iq_a",65800.7,-16.0024
"cg_iq_a",65800.7,-13.4548
"cg_iq_a",65800.7,-15.9077
"cg_iq_a",65800.7,-13.5616
"cg_iq_a",65800.7,-11.5262
"cg_iq_a",65800.7,-15.5305
"cg_iq_a",65800.7,-14.4745
"cg_iq_a",65800.7,-15.786
"cg_iq_a",65800.7,-14.0225
"cg_iq_a",65800.8,-16.424
"cg_iq_a",65800.8,-19.3216
"cg_iq_a",65800.8,-15.6653
"cg_iq_a",65800.8,-16.159
"cg_iq_a",65800.8,-13.3365
"cg_iq_a",65800.8,-14.8717
"cg_iq_a",65800.8,-11.1777
"cg_iq_a",65800.8,-10.5917
"cg_iq_a",65800.8,-16.9218
"cg_iq_a",65800.8,-15.4323
"cg_iq_a",65800.9,-15.4133
"cg_iq_a",65800.9,-13.1346
"cg_iq_a",65800.9,-15.8996
"cg_iq_a",65800.9,-20.0448
"cg_iq_a",65800.9,-16.7679
"cg_iq_a",65800.9,-15.2624
"cg_iq_a",65800.9,-12.3705
"cg_iq_a",65800.9,-15.1227
"cg_iq_a",65800.9,-13.3837
"cg_iq_a",65800.9,-11.9911
"cg_iq_a",65801,-17.0201
"cg_iq_a",65801,-15.9111
"cg_iq_a",65801,-15.4366
"cg_iq_a",65801,-14.4703
"cg_iq_a",65801,-17.0898
"cg_iq_a",65801,-19.9435
"cg_iq_a",65801,-15.8308
"cg_iq_a",65801,-16.3298
"cg_iq_a",65801,-13.6234
"cg_iq_a",65801,-17.3461
"cg_iq_a",65801,-13.7101
"cg_iq_a",65801.1,-10.9422
"cg_iq_a",65801.1,-16.5957
"cg_iq_a",65801.1,-14.2837
"cg_iq_a",65801.1,-14.5859
"cg_iq_a",65801.1,-14.6812
"cg_iq_a",65801.1,-16.1842
"cg_iq_a",65801.1,-20.8055
"cg_iq_a",65801.1,-16.597
"cg_iq_a",65801.1,-16.4677
"cg_iq_a",65801.1,-13.0098
"cg_iq_a",65801.2,-15.6373
"cg_iq_a",65801.2,-13.8631
"cg_iq_a",65801.2,-11.8935
"cg_iq_a",65801.2,-17.114
"cg_iq_a",65801.2,-15.5206
"cg_iq_a",65801.2,-12.2189
"cg_iq_a",65801.2,-14.0725
"cg_iq_a",65801.2,-15.2641
"cg_iq_a",65801.2,-20.4962
"cg_iq_a",65801.2,-15.6144
"cg_iq_a",65801.3,-16.2371
"cg_iq_a",65801.3,-14.7254
"cg_iq_a",65801.3,-15.7619
"cg_iq_a",65801.3,-14.7965
"cg_iq_a",65801.3,-11.0038
"cg_iq_a",65801.3,-15.0648
"cg_iq_a",65801.3,-15.8987
"cg_iq_a",65801.3,-15.3647
"cg_iq_a",65801.3,-14.5284
"cg_iq_a",65801.4,-16.9409
"cg_iq_a",65801.4,-20.3321
"cg_iq_a",65801.4,-17.2006
"cg_iq_a",65801.4,-15.7131
"cg_iq_a",65801.4,-13.5001
"cg_iq_a",65801.4,-16.3612
"cg_iq_a",65801.4,-12.7028
"cg_iq_a",65801.4,-13.2684
"cg_iq_a",65801.4,-16.4762
"cg_iq_a",65801.4,-15.2687
"cg_iq_a",65801.5,-15.2607
"cg_iq_a",65801.5,-13.1189
"cg_iq_a",65801.5,-15.1087
"cg_iq_a",65801.5,-20.0344
"cg_iq_a",65801.5,-17.5398
"cg_iq_a",65801.5,-16.6333
"cg_iq_a",65801.5,-13.3968
"cg_iq_a",65801.5,-15.9121
"cg_iq_a",65801.5,-13.7495
"cg_iq_a",65801.5,-11.9437
"cg_iq_a",65801.6,-16.729
"cg_iq_a",65801.6,-16.3754
"cg_iq_a",65801.6,-15.2483
"cg_iq_a",65801.6,-13.4222
"cg_iq_a",65801.6,-15.4445
"cg_iq_a",65801.6,-19.6321
"cg_iq_a",65801.6,-16.3443
"cg_iq_a",65801.6,-16.5485
"cg_iq_a",65801.6,-12.8158
"cg_iq_a",65801.6,-16.357
"cg_iq_a",65801.6,-12.6266
"cg_iq_a",65801.7,-12.5944
"cg_iq_a",65801.7,-15.8565
"cg_iq_a",65801.7,-16.054
"cg_iq_a",65801.7,-14.8851
"cg_iq_a",65801.7,-14.3788
"cg_iq_a",65801.7,-16.4896
"cg_iq_a",65801.7,-20.0745
"cg_iq_a",65801.7,-16.9652
"cg_iq_a",65801.8,-15.6199
"cg_iq_a",65801.8,-13.0037
"cg_iq_a",65801.8,-17.1816
"cg_iq_a",65801.8,-12.8679
"cg_iq_a",65801.8,-12.0898
"cg_iq_a",65801.8,-15.8546
"cg_iq_a",65801.8,-16.1477
"cg_iq_a",65801.8,-15.2255
"cg_iq_a",65801.8,-14.3731
"cg_iq_a",65801.8,-16.0734
"cg_iq_a",65801.8,-16.6493
"cg_iq_a",65801.9,-16.5275
"cg_iq_a",65801.9,-14.6279
"cg_iq_a",65801.9,-11.9849
"cg_iq_a",65801.9,-15.6816
"cg_iq_a",65801.9,-14.4873
"cg_iq_a",65801.9,-10.0209
"cg_iq_a",65801.9,-16.5084
"cg_iq_a",65801.9,-16.2994
"cg_iq_a",65801.9,-14.7751
"cg_iq_a",65801.9,-14.139
"cg_iq_a",65802,-16.448
"cg_iq_a",65802,-19.8497
"cg_iq_a",65802,-15.7441
"cg_iq_a",65802,-15.0057
"cg_iq_a",65802,-12.3919
"cg_iq_a",65802,-16.0831
"cg_iq_a",65802,-14.0868
"cg_iq_a",65802,-12.7611
"cg_iq_a",65802,-16.163
"cg_iq_a",65802,-13.8162
"cg_iq_a",65802.1,-14.8857
"cg_iq_a",65802.1,-14.1761
"cg_iq_a",65802.1,-16.5114
"cg_iq_a",65802.1,-18.8806
"cg_iq_a",65802.1,-16.5536
"cg_iq_a",65802.1,-15.8762
"cg_iq_a",65802.1,-13.2473
"cg_iq_a",65802.1,-16.6376
"cg_iq_a",65802.1,-12.7753
"cg_iq_a",65802.1,-10.7238
"cg_iq_a",65802.2,-16.2346
"cg_iq_a",65802.2,-13.8813
"cg_iq_a",65802.2,-15.1113
"cg_iq_a",65802.2,-14.4164
"cg_iq_a",65802.2,-15.1819
"cg_iq_a",65802.2,-20.244
"cg_iq_a",65802.2,-16.5276
"cg_iq_a",65802.2,-18.0089
"cg_iq_a",65802.2,-13.2875
"cg_iq_a",65802.2,-15.6676
"cg_iq_a",65802.3,-13.9869
"cg_iq_a",65802.3,-12.16
"cg_iq_a",65802.3,-15.2049
"cg_iq_a",65802.3,-14.2298
"cg_iq_a",65802.3,-14.7257
"cg_iq_a",65802.3,-14.6843
"cg_iq_a",65802.3,-15.9537
"cg_iq_a",65802.3,-19.8514
"cg_iq_a",65802.3,-14.9746
"cg_iq_a",65802.3,-15.7348
"cg_iq_a",65802.4,-13.2878
"cg_iq_a",65802.4,-16.0408
"cg_iq_a",65802.4,-13.2695
"cg_iq_a",65802.4,-12.3337
"cg_iq_a",65802.4,-16.7591
"cg_iq_a",65802.4,-15.8246
"cg_iq_a",65802.4,-15.1217
"cg_iq_a",65802.4,-13.9569
"cg_iq_a",65802.4,-13.6248
"cg_iq_a",65802.4,-20.3867
"cg_iq_a",65802.5,-16.7265
"cg_iq_a",65802.5,-16.1225
"cg_iq_a",65802.5,-12.9046
"cg_iq_a",65802.5,-17.8018
"cg_iq_a",65802.5,-13.3668
"cg_iq_a",65802.5,-11.008
"cg_iq_a",65802.5,-16.9877
"cg_iq_a",65802.5,-16.2278
"cg_iq_a",65802.5,-13.0247
"cg_iq_a",65802.5,-13.8434
"cg_iq_a",65802.6,-15.5696
"cg_iq_a",65802.6,-21.4834
"cg_iq_a",65802.6,-16.0611
"cg_iq_a",65802.6,-15.569
"cg_iq_a",65802.6,-13.873
"cg_iq_a",65802.6,-16.442
"cg_iq_a",65802.6,-13.1627
"cg_iq_a",65802.6,-11.5394
"cg_iq_a",65802.6,-14.545
"cg_iq_a",65802.6,-14.8991
"cg_iq_a",65802.7,-15.1291
"cg_iq_a",65802.7,-13.4949
"cg_iq_a",65802.7,-16.1961
"cg_iq_a",65802.7,-19.0057
"cg_iq_a",65802.7,-15.6854
"cg_iq_a",65802.7,-16.9758
"cg_iq_a",65802.7,-14.195
"cg_iq_a",65802.7,-15.2764
"cg_iq_a",65802.7,-9.83077
"cg_iq_a",65802.8,-11.6358
"cg_iq_a",65802.8,-15.6228
"cg_iq_a",65802.8,-15.0242
"cg_iq_a",65802.8,-15.0388
"cg_iq_a",65802.8,-13.9494
"cg_iq_a",65802.8,-16.5958
"cg_iq_a",65802.8,-18.9088
"cg_iq_a",65802.8,-15.3681
"cg_iq_a",65802.8,-15.3244
"cg_iq_a",65802.8,-12.2125
"cg_iq_a",65802.9,-16.1985
"cg_iq_a",65802.9,-12.7718
"cg_iq_a",65802.9,-11.4044
"cg_iq_a",65802.9,-15.1674
"cg_iq_a",65802.9,-14.2543
"cg_iq_a",65802.9,-14.6908
"cg_iq_a",65802.9,-13.612
"cg_iq_a",65802.9,-15.8537
"cg_iq_a",65802.9,-20.7159
"cg_iq_a",65802.9,-13.5906
"cg_iq_a",65802.9,-15.4974
"cg_iq_a",65803,-12.6482
"cg_iq_a",65803,-16.0517
"cg_iq_a",65803,-12.1503
"cg_iq_a",65803,-10.862
"cg_iq_a",65803,-13.9418
"cg_iq_a",65803,-14.1135
"cg_iq_a",65803,-15.7879
"cg_iq_a",65803,-13.5844
"cg_iq_a",65803,-14.0527
"cg_iq_a",65803,-19.7522
"cg_iq_a",65803.1,-14.9839
"cg_iq_a",65803.1,-15.1572
"cg_iq_a",65803.1,-12.853
"cg_iq_a",65803.1,-15.9109
"cg_iq_a",65803.1,-12.874
"cg_iq_a",65803.1,-13.4499
"cg_iq_a",65803.1,-14.8629
"cg_iq_a",65803.1,-14.7458
"cg_iq_a",65803.1,-12.8943
"cg_iq_a",65803.1,-14.0199
"cg_iq_a",65803.2,-16.0856
"cg_iq_a",65803.2,-18.9602
"cg_iq_a",65803.2,-14.9198
"cg_iq_a",65803.2,-15.2359
"cg_iq_a",65803.2,-12.557
"cg_iq_a",65803.2,-16.2339
"cg_iq_a",65803.2,-13.2644
"cg_iq_a",65803.2,-11.8955
"cg_iq_a",65803.2,-14.7107
"cg_iq_a",65803.2,-13.0082
"cg_iq_a",65803.3,-14.5639
"cg_iq_a",65803.3,-12.7832
"cg_iq_a",65803.3,-16.784
"cg_iq_a",65803.3,-18.952
"cg_iq_a",65803.3,-14.7964
"cg_iq_a",65803.3,-14.8345
"cg_iq_a",65803.3,-13.7523
"cg_iq_a",65803.3,-15.8682
"cg_iq_a",65803.3,-10.3216
"cg_iq_a",65803.4,-10.916
"cg_iq_a",65803.4,-16.2595
"cg_iq_a",65803.4,-14.8683
"cg_iq_a",65803.4,-15.2804
"cg_iq_a",65803.4,-14.2047
"cg_iq_a",65803.4,-15.3189
"cg_iq_a",65803.4,-19.2815
"cg_iq_a",65803.4,-14.2939
"cg_iq_a",65803.4,-15.2658
"cg_iq_a",65803.4,-13.932
"cg_iq_a",65803.5,-16.2093
"cg_iq_a",65803.5,-13.3737
"cg_iq_a",65803.5,-10.7669
"cg_iq_a",65803.5,-15.4026
"cg_iq_a",65803.5,-14.1076
"cg_iq_a",65803.5,-15.5014
"cg_iq_a",65803.5,-14.1489
"cg_iq_a",65803.5,-15.3789
"cg_iq_a",65803.5,-19.5994
"cg_iq_a",65803.5,-14.8589
"cg_iq_a",65803.5,-15.8031
"cg_iq_a",65803.6,-12.5379
"cg_iq_a",65803.6,-17.8719
"cg_iq_a",65803.6,-14.4916
"cg_iq_a",65803.6,-10.8886
"cg_iq_a",65803.6,-14.0377
"cg_iq_a",65803.6,-13.5
"cg_iq_a",65803.6,-14.5905
"cg_iq_a",65803.6,-13.7078
"cg_iq_a",65803.6,-13.1853
"cg_iq_a",65803.6,-19.6219
"cg_iq_a",65803.7,-15.2849
"cg_iq_a",65803.7,-15.7609
"cg_iq_a",65803.7,-13.5985
"cg_iq_a",65803.7,-16.7058
"cg_iq_a",65803.7,-13.2682
"cg_iq_a",65803.7,-11.193
"cg_iq_a",65803.7,-14.7999
"cg_iq_a",65803.7,-12.7723
"cg_iq_a",65803.7,-14.9981
"cg_iq_a",65803.8,-14.6249
"cg_iq_a",65803.8,-15.6491
"cg_iq_a",65803.8,-18.7476
"cg_iq_a",65803.8,-15.6839
"cg_iq_a",65803.8,-15.4915
"cg_iq_a",65803.8,-13.0817
"cg_iq_a",65803.8,-16.2882
"cg_iq_a",65803.8,-13.5005
"cg_iq_a",65803.8,-9.86389
"cg_iq_a",65803.8,-15.7159
"cg_iq_a",65803.9,-15.7756
"cg_iq_a",65803.9,-15.5971
"cg_iq_a",65803.9,-12.2584
"cg_iq_a",65803.9,-16.0328
"cg_iq_a",65803.9,-20.0654
"cg_iq_a",65803.9,-15.0041
"cg_iq_a",65803.9,-15.4717
"cg_iq_a",65803.9,-13.7895
"cg_iq_a",65803.9,-15.8898
"cg_iq_a",65803.9,-14.2187
"cg_iq_a",65803.9,-10.4049
"cg_iq_a",65804,-15.482
"cg_iq_a",65804,-14.4859
"cg_iq_a",65804,-13.6906
"cg_iq_a",65804,-13.8132
"cg_iq_a",65804,-16.0433
"cg_iq_a",65804,-18.7925
"cg_iq_a",65804,-14.8296
"cg_iq_a",65804,-17.4232
"cg_iq_a",65804,-13.6855
"cg_iq_a",65804,-16.8204
"cg_iq_a",65804.1,-14.0046
"cg_iq_a",65804.1,-10.5351
"cg_iq_a",65804.1,-16.2478
"cg_iq_a",65804.1,-14.9608
"cg_iq_a",65804.1,-15.1718
"cg_iq_a",65804.1,-13.8501
"cg_iq_a",65804.1,-16.352
"cg_iq_a",65804.1,-19.5331
"cg_iq_a",65804.1,-15.5691
"cg_iq_a",65804.1,-16.2892
"cg_iq_a",65804.2,-13.6699
"cg_iq_a",65804.2,-16.1978
"cg_iq_a",65804.2,-13.0176
"cg_iq_a",65804.2,-10.0517
"cg_iq_a",65804.2,-15.5738
"cg_iq_a",65804.2,-14.2595
"cg_iq_a",65804.2,-15.8115
"cg_iq_a",65804.2,-14.5499
"cg_iq_a",65804.2,-17.4332
"cg_iq_a",65804.2,-19.4863
"cg_iq_a",65804.3,-14.2724
"cg_iq_a",65804.3,-16.1099
"cg_iq_a",65804.3,-13.4335
"cg_iq_a",65804.3,-16.1529
"cg_iq_a",65804.3,-13.6355
"cg_iq_a",65804.3,-11.643
"cg_iq_a",65804.3,-14.7111
"cg_iq_a",65804.3,-15.7212
"cg_iq_a",65804.3,-15.9616
"cg_iq_a",65804.4,-13.7857
"cg_iq_a",65804.4,-16.7347
"cg_iq_a",65804.4,-19.0887
"cg_iq_a",65804.4,-14.1143
"cg_iq_a",65804.4,-15.1389
"cg_iq_a",65804.4,-13.5532
"cg_iq_a",65804.4,-17.2664
"cg_iq_a",65804.4,-13.9129
"cg_iq_a",65804.4,-10.8586
"cg_iq_a",65804.4,-14.5846
"cg_iq_a",65804.4,-14.3677
"cg_iq_a",65804.5,-14.8535
"cg_iq_a",65804.5,-14.0276
"cg_iq_a",65804.5,-16.6902
"cg_iq_a",65804.5,-19.4243
"cg_iq_a",65804.5,-15.0926
"cg_iq_a",65804.5,-13.422
"cg_iq_a",65804.5,-14.8215
"cg_iq_a",65804.5,-17.8438
"cg_iq_a",65804.5,-14.0027
"cg_iq_a",65804.5,-11.3581
"cg_iq_a",65804.6,-14.2458
"cg_iq_a",65804.6,-13.6823
"cg_iq_a",65804.6,-15.9522
"cg_iq_a",65804.6,-14.5255
"cg_iq_a",65804.6,-17.4042
"cg_iq_a",65804.6,-19.0121
"cg_iq_a",65804.6,-14.4274
"cg_iq_a",65804.6,-14.8583
"cg_iq_a",65804.6,-13.85
"cg_iq_a",65804.6,-15.9498
"cg_iq_a",65804.7,-10.9666
"cg_iq_a",65804.7,-10.3189
"cg_iq_a",65804.7,-14.9094
"cg_iq_a",65804.7,-14.102
"cg_iq_a",65804.7,-15.5783
"cg_iq_a",65804.7,-13.4047
"cg_iq_a",65804.7,-16.8449
"cg_iq_a",65804.7,-19.5808
"cg_iq_a",65804.7,-15.1666
"cg_iq_a",65804.8,-14.6297
"cg_iq_a",65804.8,-13.44
"cg_iq_a",65804.8,-16.7007
"cg_iq_a",65804.8,-14.3715
"cg_iq_a",65804.8,-10.9869
"cg_iq_a",65804.8,-14.8642
"cg_iq_a",65804.9,-13.0087
"cg_iq_a",65804.9,-15.9568
"cg_iq_a",65804.9,-13.9934
"cg_iq_a",65804.9,-16.9379
"cg_iq_a",65804.9,-19.4228
"cg_iq_a",65804.9,-14.7765
"cg_iq_a",65805,-15.1371
"cg_iq_a",65805,-14.6027
"cg_iq_a",65805,-16.1277
"cg_iq_a",65805,-14.9527
"cg_iq_a",65805,-11.0712
"cg_iq_a",65805,-19.9279
"cg_iq_a",65805,-15.889
"cg_iq_a",65805.1,-14.6102
"cg_iq_a",65805.1,-14.4435
"cg_iq_a",65805.1,-15.8577
"cg_iq_a",65805.1,-14.8975
"cg_iq_a",65805.1,-10.0994
"cg_iq_a",65805.1,-15.1617
"cg_iq_a",65805.1,-13.9451
"cg_iq_a",65805.2,-14.3764
"cg_iq_a",65805.2,-13.737
"cg_iq_a",65805.2,-16.9941
"cg_iq_a",65805.2,-14.9984
"cg_iq_a",65805.2,-11.3095
"cg_iq_a",65805.2,-14.9805
"cg_iq_a",65805.2,-14.2923
"cg_iq_a",65805.2,-16.0388
"cg_iq_a",65805.2,-13.3101
"cg_iq_a",65805.3,-15.819
"cg_iq_a",65805.3,-18.1744
"cg_iq_a",65805.3,-16.0947
"cg_iq_a",65805.3,-15.7228
"cg_iq_a",65805.3,-15.361
"cg_iq_a",65805.3,-16.7494
"cg_iq_a",65805.3,-11.8082
"cg_iq_a",65805.3,-10.6738
"cg_iq_a",65805.3,-15.8917
"cg_iq_a",65805.3,-14.6583
"cg_iq_a",65805.3,-16.1999
"cg_iq_a",65805.4,-13.1981
"cg_iq_a",65805.4,-16.2136
"cg_iq_a",65805.4,-18.5157
"cg_iq_a",65805.4,-16.0953
"cg_iq_a",65805.4,-15.2718
"cg_iq_a",65805.4,-13.0119
"cg_iq_a",65805.4,-16.79
"cg_iq_a",65805.4,-15.4976
"cg_iq_a",65805.4,-10.9693
"cg_iq_a",65805.4,-15.9856
"cg_iq_a",65805.4,-14.9289
"cg_iq_a",65805.5,-15.7405
"cg_iq_a",65805.5,-13.8346
"cg_iq_a",65805.5,-16.9452
"cg_iq_a",65805.5,-18.7272
"cg_iq_a",65805.5,-15.7675
"cg_iq_a",65805.5,-16.9808
"cg_iq_a",65805.5,-15.5552
"cg_iq_a",65805.5,-16.3469
"cg_iq_a",65805.5,-15.0277
"cg_iq_a",65805.5,-10.0386
"cg_iq_a",65805.5,-15.1685
"cg_iq_a",65805.5,-15.9373
"cg_iq_a",65805.6,-16.6122
"cg_iq_a",65805.6,-12.6928
"cg_iq_a",65805.6,-18.3649
"cg_iq_a",65805.6,-19.7206
"cg_iq_a",65805.6,-16.4404
"cg_iq_a",65805.6,-14.7486
"cg_iq_a",65805.6,-15.1842
"cg_iq_a",65805.6,-16.1059
"cg_iq_a",65805.6,-15.3408
"cg_iq_a",65805.6,-10.4505
"cg_iq_a",65805.6,-15.0812
"cg_iq_a",65805.6,-14.1828
"cg_iq_a",65805.7,-16.9129
"cg_iq_a",65805.7,-14.6201
"cg_iq_a",65805.7,-17.2137
"cg_iq_a",65805.7,-17.9599
"cg_iq_a",65805.7,-16.7423
"cg_iq_a",65805.7,-15.0899
"cg_iq_a",65805.7,-14.5627
"cg_iq_a",65805.7,-16.2366
"cg_iq_a",65805.7,-14.6517
"cg_iq_a",65805.7,-10.0645
"cg_iq_a",65805.8,-16.4421
"cg_iq_a",65805.8,-15.0092
"cg_iq_a",65805.8,-17.5383
"cg_iq_a",65805.8,-15.1316
"cg_iq_a",65805.8,-16.7725
"cg_iq_a",65805.8,-17.3938
"cg_iq_a",65805.8,-17.6884
"cg_iq_a",65805.8,-15.3924
"cg_iq_a",65805.8,-15.6128
"cg_iq_a",65805.8,-16.6905
"cg_iq_a",65805.8,-15.2387
"cg_iq_a",65805.9,-11.0551
"cg_iq_a",65805.9,-15.5003
"cg_iq_a",65805.9,-14.6306
"cg_iq_a",65805.9,-16.1454
"cg_iq_a",65805.9,-14.1653
"cg_iq_a",65805.9,-17.9423
"cg_iq_a",65805.9,-18.9518
"cg_iq_a",65805.9,-18.2698
"cg_iq_a",65805.9,-14.9229
"cg_iq_a",65805.9,-15.5365
"cg_iq_a",65806,-17.2338
"cg_iq_a",65806,-15.5284
"cg_iq_a",65806,-11.3403
"cg_iq_a",65806,-15.747
"cg_iq_a",65806,-14.7385
"cg_iq_a",65806,-17.6629
"cg_iq_a",65806,-14.1224
"cg_iq_a",65806,-16.3014
"cg_iq_a",65806,-19.3525
"cg_iq_a",65806,-15.9458
"cg_iq_a",65806.1,-16.3445
"cg_iq_a",65806.1,-15.826
"cg_iq_a",65806.1,-16.6959
"cg_iq_a",65806.1,-15.5426
"cg_iq_a",65806.1,-11.7434
"cg_iq_a",65806.1,-15.7898
"cg_iq_a",65806.1,-14.7878
"cg_iq_a",65806.1,-17.5411
"cg_iq_a",65806.1,-15.8839
"cg_iq_a",65806.1,-17.532
"cg_iq_a",65806.2,-19.5734
"cg_iq_a",65806.2,-16.6607
"cg_iq_a",65806.2,-15.2808
"cg_iq_a",65806.2,-15.2892
"cg_iq_a",65806.2,-16.1104
"cg_iq_a",65806.2,-14.8722
"cg_iq_a",65806.2,-10.7045
"cg_iq_a",65806.2,-16.2343
"cg_iq_a",65806.2,-14.3683
"cg_iq_a",65806.2,-17.9851
"cg_iq_a",65806.3,-14.4764
"cg_iq_a",65806.3,-17.8111
"cg_iq_a",65806.3,-17.3463
"cg_iq_a",65806.3,-15.6944
"cg_iq_a",65806.3,-14.5383
"cg_iq_a",65806.3,-16.0991
"cg_iq_a",65806.3,-15.6212
"cg_iq_a",65806.3,-15.5127
"cg_iq_a",65806.3,-10.9109
"cg_iq_a",65806.3,-16.2095
"cg_iq_a",65806.4,-15.1839
"cg_iq_a",65806.4,-16.2401
"cg_iq_a",65806.4,-13.5035
"cg_iq_a",65806.4,-17.0395
"cg_iq_a",65806.4,-18.4959
"cg_iq_a",65806.4,-16.8005
"cg_iq_a",65806.4,-15.1903
"cg_iq_a",65806.4,-15.9214
"cg_iq_a",65806.4,-16.9305
"cg_iq_a",65806.4,-15.791
"cg_iq_a",65806.5,-11.7932
"cg_iq_a",65806.5,-15.9232
"cg_iq_a",65806.5,-14.0562
"cg_iq_a",65806.5,-17.0059
"cg_iq_a",65806.5,-12.7621
"cg_iq_a",65806.5,-17.5052
"cg_iq_a",65806.5,-17.6407
"cg_iq_a",65806.5,-15.3525
"cg_iq_a",65806.5,-15.0031
"cg_iq_a",65806.5,-16.1446
"cg_iq_a",65806.6,-16.5027
"cg_iq_a",65806.6,-11.2443
"cg_iq_a",65806.6,-10.5613
"cg_iq_a",65806.6,-16.4103
"cg_iq_a",65806.6,-13.6936
"cg_iq_a",65806.6,-17.349
"cg_iq_a",65806.6,-14.0716
"cg_iq_a",65806.6,-18.6295
"cg_iq_a",65806.6,-18.426
"cg_iq_a",65806.6,-17.4575
"cg_iq_a",65806.7,-13.5414
"cg_iq_a",65806.7,-14.0461
"cg_iq_a",65806.7,-17.038
"cg_iq_a",65806.7,-15.2448
"cg_iq_a",65806.7,-10.4702
"cg_iq_a",65806.7,-16.6952
"cg_iq_a",65806.7,-14.135
"cg_iq_a",65806.7,-17.0719
"cg_iq_a",65806.7,-14.7055
"cg_iq_a",65806.7,-17.9075
"cg_iq_a",65806.8,-17.5134
"cg_iq_a",65806.8,-13.311
"cg_iq_a",65806.8,-14.4705
"cg_iq_a",65806.8,-16.4387
"cg_iq_a",65806.8,-16.7893
"cg_iq_a",65806.8,-14.0889
"cg_iq_a",65806.8,-9.52229
"cg_iq_a",65806.8,-14.8988
"cg_iq_a",65806.8,-14.3374
"cg_iq_a",65806.8,-17.8907
"cg_iq_a",65806.9,-14.3683
"cg_iq_a",65806.9,-15.7992
"cg_iq_a",65806.9,-18.3468
"cg_iq_a",65806.9,-17.2161
"cg_iq_a",65806.9,-14.2648
"cg_iq_a",65806.9,-15.2812
"cg_iq_a",65806.9,-16.2568
"cg_iq_a",65806.9,-15.0375
"cg_iq_a",65806.9,-10.8391
"cg_iq_a",65806.9,-15.8922
"cg_iq_a",65807,-13.2691
"cg_iq_a",65807,-14.1679
"cg_iq_a",65807,-13.9723
"cg_iq_a",65807,-16.2285
"cg_iq_a",65807,-17.3476
"cg_iq_a",65807,-17.9277
"cg_iq_a",65807,-13.5651
"cg_iq_a",65807,-15.7502
"cg_iq_a",65807,-15.9861
"cg_iq_a",65807,-14.7546
"cg_iq_a",65807.1,-9.64821
"cg_iq_a",65807.1,-14.4683
"cg_iq_a",65807.1,-13.7084
"cg_iq_a",65807.1,-17.262
"cg_iq_a",65807.1,-14.336
"cg_iq_a",65807.1,-17.7339
"cg_iq_a",65807.1,-17.9956
"cg_iq_a",65807.1,-17.1003
"cg_iq_a",65807.1,-14.0578
"cg_iq_a",65807.1,-15.9771
"cg_iq_a",65807.2,-16.2884
"cg_iq_a",65807.2,-11.3286
"cg_iq_a",65807.2,-9.9293
"cg_iq_a",65807.2,-16.9295
"cg_iq_a",65807.2,-14.3068
"cg_iq_a",65807.2,-18.0191
"cg_iq_a",65807.2,-14.317
"cg_iq_a",65807.2,-17.3084
"cg_iq_a",65807.2,-17.9171
"cg_iq_a",65807.2,-16.6823
"cg_iq_a",65807.3,-14.5153
"cg_iq_a",65807.3,-14.0627
"cg_iq_a",65807.3,-16.1539
"cg_iq_a",65807.3,-15.429
"cg_iq_a",65807.3,-9.59169
"cg_iq_a",65807.3,-15.845
"cg_iq_a",65807.3,-14.2038
"cg_iq_a",65807.3,-17.8604
"cg_iq_a",65807.3,-13.9199
"cg_iq_a",65807.3,-17.1104
"cg_iq_a",65807.4,-18.0237
"cg_iq_a",65807.4,-14.0158
"cg_iq_a",65807.4,-14.4416
"cg_iq_a",65807.4,-15.9969
"cg_iq_a",65807.4,-16.7844
"cg_iq_a",65807.4,-15.6856
"cg_iq_a",65807.4,-11.4205
"cg_iq_a",65807.4,-16.1194
"cg_iq_a",65807.4,-13.5212
"cg_iq_a",65807.4,-17.1464
"cg_iq_a",65807.5,-13.9048
"cg_iq_a",65807.5,-17.7402
"cg_iq_a",65807.5,-18.2087
"cg_iq_a",65807.5,-17.0335
"cg_iq_a",65807.5,-13.754
"cg_iq_a",65807.5,-16.5781
"cg_iq_a",65807.5,-16.0581
"cg_iq_a",65807.5,-14.0212
"cg_iq_a",65807.5,-9.95698
"cg_iq_a",65807.5,-15.0309
"cg_iq_a",65807.6,-13.6421
"cg_iq_a",65807.6,-16.5826
"cg_iq_a",65807.6,-13.8249
"cg_iq_a",65807.6,-15.9778
"cg_iq_a",65807.6,-18.0121
"cg_iq_a",65807.6,-16.0736
"cg_iq_a",65807.6,-14.5177
"cg_iq_a",65807.6,-15.9115
"cg_iq_a",65807.6,-16.4105
"cg_iq_a",65807.6,-15.4614
"cg_iq_a",65807.7,-9.681
"cg_iq_a",65807.7,-16.5102
"cg_iq_a",65807.7,-14.6377
"cg_iq_a",65807.7,-16.8952
"cg_iq_a",65807.7,-13.2983
"cg_iq_a",65807.7,-15.3698
"cg_iq_a",65807.7,-17.9369
"cg_iq_a",65807.7,-16.2746
"cg_iq_a",65807.7,-13.7698
"cg_iq_a",65807.7,-15.0877
"cg_iq_a",65807.8,-16.7884
"cg_iq_a",65807.8,-13.9876
"cg_iq_a",65807.8,-10.7761
"cg_iq_a",65807.8,-14.5782
"cg_iq_a",65807.8,-13.0031
"cg_iq_a",65807.8,-16.9753
"cg_iq_a",65807.8,-12.7316
"cg_iq_a",65807.8,-16.5494
"cg_iq_a",65807.8,-17.113
"cg_iq_a",65807.8,-16.1629
"cg_iq_a",65807.9,-14.4469
"cg_iq_a",65807.9,-15.3042
"cg_iq_a",65807.9,-16.5479
"cg_iq_a",65807.9,-13.509
"cg_iq_a",65807.9,-9.37224
"cg_iq_a",65807.9,-15.6007
"cg_iq_a",65807.9,-13.927
"cg_iq_a",65807.9,-16.9635
"cg_iq_a",65807.9,-12.3852
"cg_iq_a",65807.9,-18.4811
"cg_iq_a",65808,-19.0235
"cg_iq_a",65808,-17.0875
"cg_iq_a",65808,-14.4239
"cg_iq_a",65808,-16.9207
"cg_iq_a",65808,-15.9519
"cg_iq_a",65808,-13.8693
"cg_iq_a",65808,-8.63635
"cg_iq_a",65808,-14.7038
"cg_iq_a",65808,-12.7934
"cg_iq_a",65808,-17.2528
"cg_iq_a",65808.1,-14.6779
"cg_iq_a",65808.1,-17.6524
"cg_iq_a",65808.1,-18.4746
"cg_iq_a",65808.1,-15.4087
"cg_iq_a",65808.1,-13.8094
"cg_iq_a",65808.1,-16.1546
"cg_iq_a",65808.1,-15.6195
"cg_iq_a",65808.1,-15.4834
"cg_iq_a",65808.1,-8.98818
"cg_iq_a",65808.1,-14.7182
"cg_iq_a",65808.1,-12.491
"cg_iq_a",65808.2,-16.7981
"cg_iq_a",65808.2,-14.3597
"cg_iq_a",65808.2,-16.5677
"cg_iq_a",65808.2,-18.3637
"cg_iq_a",65808.2,-16.651
"cg_iq_a",65808.2,-14.9392
"cg_iq_a",65808.2,-15.8342
"cg_iq_a",65808.2,-16.0464
"cg_iq_a",65808.2,-14.3782
"cg_iq_a",65808.2,-9.33855
"cg_iq_a",65808.3,-15.3245
"cg_iq_a",65808.3,-15.327
"cg_iq_a",65808.3,-18.1203
"cg_iq_a",65808.3,-14.6564
"cg_iq_a",65808.3,-16.5131
"cg_iq_a",65808.3,-16.887
"cg_iq_a",65808.3,-16.811
"cg_iq_a",65808.3,-14.2684
"cg_iq_a",65808.3,-15.1216
"cg_iq_a",65808.4,-16.0443
"cg_iq_a",65808.4,-14.3202
"cg_iq_a",65808.4,-10.351
"cg_iq_a",65808.4,-17.4914
"cg_iq_a",65808.4,-13.1629
"cg_iq_a",65808.4,-17.3993
"cg_iq_a",65808.4,-14.9625
"cg_iq_a",65808.4,-16.727
"cg_iq_a",65808.4,-17.099
"cg_iq_a",65808.4,-16.685
"cg_iq_a",65808.5,-13.6923
"cg_iq_a",65808.5,-15.9395
"cg_iq_a",65808.5,-16.1673
"cg_iq_a",65808.5,-11.5824
"cg_iq_a",65808.5,-9.16547
"cg_iq_a",65808.5,-14.1519
"cg_iq_a",65808.5,-13.9437
"cg_iq_a",65808.5,-16.8405
"cg_iq_a",65808.5,-13.8784
"cg_iq_a",65808.5,-16.4935
"cg_iq_a",65808.6,-18.102
"cg_iq_a",65808.6,-15.6587
"cg_iq_a",65808.6,-14.6182
"cg_iq_a",65808.6,-15.1548
"cg_iq_a",65808.6,-16.4541
"cg_iq_a",65808.6,-14.0852
"cg_iq_a",65808.6,-8.17673
"cg_iq_a",65808.6,-15.3777
"cg_iq_a",65808.6,-13.7985
"cg_iq_a",65808.6,-17.7695
"cg_iq_a",65808.7,-14.5823
"cg_iq_a",65808.7,-17.2498
"cg_iq_a",65808.7,-16.5031
"cg_iq_a",65808.7,-14.1847
"cg_iq_a",65808.7,-14.681
"cg_iq_a",65808.7,-15.0171
"cg_iq_a",65808.7,-16.0554
"cg_iq_a",65808.7,-14.2085
"cg_iq_a",65808.7,-9.95748
"cg_iq_a",65808.7,-15.4418
"cg_iq_a",65808.8,-13.2364
"cg_iq_a",65808.8,-18.11
"cg_iq_a",65808.8,-13.7373
"cg_iq_a",65808.8,-15.2326
"cg_iq_a",65808.8,-17.2148
"cg_iq_a",65808.8,-17.3033
"cg_iq_a",65808.8,-13.6935
"cg_iq_a",65808.8,-15.7678
"cg_iq_a",65808.8,-16.4072
"cg_iq_a",65808.8,-14.9274
"cg_iq_a",65808.9,-7.3575
"cg_iq_a",65808.9,-14.0355
"cg_iq_a",65808.9,-13.5847
"cg_iq_a",65808.9,-14.9965
"cg_iq_a",65808.9,-13.6827
"cg_iq_a",65808.9,-16.9224
"cg_iq_a",65808.9,-17.4716
"cg_iq_a",65808.9,-16.8081
"cg_iq_a",65808.9,-13.7812
"cg_iq_a",65808.9,-16.0598
"cg_iq_a",65809,-16.3055
"cg_iq_a",65809,-14.6336
"cg_iq_a",65809,-7.80266
"cg_iq_a",65809,-13.4896
"cg_iq_a",65809,-13.6516
"cg_iq_a",65809,-17.2715
"cg_iq_a",65809,-13.6514
"cg_iq_a",65809,-16.9946
"cg_iq_a",65809,-16.9884
"cg_iq_a",65809,-16.219
"cg_iq_a",65809.1,-14.2099
"cg_iq_a",65809.1,-15.2405
"cg_iq_a",65809.1,-15.7742
"cg_iq_a",65809.1,-11.3692
"cg_iq_a",65809.1,-9.06428
"cg_iq_a",65809.1,-15.4797
"cg_iq_a",65809.1,-12.96
"cg_iq_a",65809.1,-18.6957
"cg_iq_a",65809.1,-14.6059
"cg_iq_a",65809.1,-16.7919
"cg_iq_a",65809.2,-17.5572
"cg_iq_a",65809.2,-16.4748
"cg_iq_a",65809.2,-14.8974
"cg_iq_a",65809.2,-13.297
"cg_iq_a",65809.2,-15.3762
"cg_iq_a",65809.2,-14.8103
"cg_iq_a",65809.2,-9.04588
"cg_iq_a",65809.2,-15.2704
"cg_iq_a",65809.2,-15.3202
"cg_iq_a",65809.2,-17.8988
"cg_iq_a",65809.3,-13.9725
"cg_iq_a",65809.3,-17.0731
"cg_iq_a",65809.3,-18.428
"cg_iq_a",65809.3,-13.2029
"cg_iq_a",65809.3,-14.3254
"cg_iq_a",65809.3,-15.8015
"cg_iq_a",65809.3,-15.6827
"cg_iq_a",65809.3,-14.9864
"cg_iq_a",65809.3,-8.95007
"cg_iq_a",65809.3,-15.6288
"cg_iq_a",65809.4,-12.3155
"cg_iq_a",65809.4,-17.3408
"cg_iq_a",65809.4,-14.1494
"cg_iq_a",65809.4,-16.2205
"cg_iq_a",65809.4,-17.1541
"cg_iq_a",65809.4,-15.6542
"cg_iq_a",65809.4,-14.0355
"cg_iq_a",65809.4,-14.8179
"cg_iq_a",65809.4,-16.7766
"cg_iq_a",65809.4,-15.5717
"cg_iq_a",65809.5,-9.47476
"cg_iq_a",65809.5,-15.7311
"cg_iq_a",65809.5,-13.0713
"cg_iq_a",65809.5,-16.9024
"cg_iq_a",65809.5,-14.9789
"cg_iq_a",65809.5,-17.3625
"cg_iq_a",65809.5,-16.9297
"cg_iq_a",65809.5,-16.5716
"cg_iq_a",65809.5,-14.4847
"cg_iq_a",65809.5,-15.4116
"cg_iq_a",65809.6,-17.0603
"cg_iq_a",65809.6,-14.806
"cg_iq_a",65809.6,-9.85575
"cg_iq_a",65809.6,-14.7207
"cg_iq_a",65809.6,-14.5864
"cg_iq_a",65809.6,-17.7633
"cg_iq_a",65809.6,-14.0306
"cg_iq_a",65809.6,-16.8001
"cg_iq_a",65809.6,-16.4971
"cg_iq_a",65809.6,-15.5743
"cg_iq_a",65809.7,-14.4509
"cg_iq_a",65809.7,-15.4863
"cg_iq_a",65809.7,-16.5853
"cg_iq_a",65809.7,-15.0096
"cg_iq_a",65809.7,-9.61653
"cg_iq_a",65809.7,-15.2399
"cg_iq_a",65809.7,-13.3748
"cg_iq_a",65809.7,-18.5714
"cg_iq_a",65809.7,-13.5408
"cg_iq_a",65809.7,-16.908
"cg_iq_a",65809.8,-17.8386
"cg_iq_a",65809.8,-16.8648
"cg_iq_a",65809.8,-13.3318
"cg_iq_a",65809.8,-16.3415
"cg_iq_a",65809.8,-16.0647
"cg_iq_a",65809.8,-14.3009
"cg_iq_a",65809.8,-9.06452
"cg_iq_a",65809.8,-15.2678
"cg_iq_a",65809.8,-13.7687
"cg_iq_a",65809.8,-18.3875
"cg_iq_a",65809.9,-14.1177
"cg_iq_a",65809.9,-17.6858
"cg_iq_a",65809.9,-16.7853
"cg_iq_a",65809.9,-16.8799
"cg_iq_a",65809.9,-14.4466
"cg_iq_a",65809.9,-15.4118
"cg_iq_a",65809.9,-15.8472
"cg_iq_a",65809.9,-15.1068
"cg_iq_a",65809.9,-10.2847
"cg_iq_a",65809.9,-15.5947
"cg_iq_a",65810,-13.1549
"cg_iq_a",65810,-16.9641
"cg_iq_a",65810,-14.2654
"cg_iq_a",65810,-15.7247
"cg_iq_a",65810,-17.6819
"cg_iq_a",65810,-17.2384
"cg_iq_a",65810,-13.605
"cg_iq_a",65810,-16.3496
"cg_iq_a",65810,-15.7559
"cg_iq_a",65810,-14.8721
"cg_iq_a",65810.1,-9.138
"cg_iq_a",65810.1,-16.0285
"cg_iq_a",65810.1,-13.7399
"cg_iq_a",65810.1,-17.7224
"cg_iq_a",65810.1,-16.1641
"cg_iq_a",65810.1,-17.4535
"cg_iq_a",65810.1,-19.0772
"cg_iq_a",65810.1,-17.3991
"cg_iq_a",65810.1,-12.7899
"cg_iq_a",65810.1,-15.9891
"cg_iq_a",65810.1,-17.0525
"cg_iq_a",65810.2,-14.6559
"cg_iq_a",65810.2,-9.63657
"cg_iq_a",65810.2,-16.0658
"cg_iq_a",65810.2,-14.8139
"cg_iq_a",65810.2,-18.2287
"cg_iq_a",65810.2,-14.3829
"cg_iq_a",65810.2,-17.569
"cg_iq_a",65810.2,-16.4356
"cg_iq_a",65810.2,-17.7029
"cg_iq_a",65810.2,-13.8972
"cg_iq_a",65810.3,-15.3465
"cg_iq_a",65810.3,-17.0579
"cg_iq_a",65810.3,-14.1888
"cg_iq_a",65810.3,-9.484
"cg_iq_a",65810.3,-14.9015
"cg_iq_a",65810.3,-13.8686
"cg_iq_a",65810.3,-19.8428
"cg_iq_a",65810.3,-14.0441
"cg_iq_a",65810.3,-16.9102
"cg_iq_a",65810.4,-17.4007
"cg_iq_a",65810.4,-17.3372
"cg_iq_a",65810.4,-14.732
"cg_iq_a",65810.4,-15.1304
"cg_iq_a",65810.4,-18.9952
"cg_iq_a",65810.4,-14.7268
"cg_iq_a",65810.4,-9.30249
"cg_iq_a",65810.4,-15.9633
"cg_iq_a",65810.4,-13.4209
"cg_iq_a",65810.4,-19.8247
"cg_iq_a",65810.5,-14.6861
"cg_iq_a",65810.5,-16.5919
"cg_iq_a",65810.5,-16.4231
"cg_iq_a",65810.5,-15.9663
"cg_iq_a",65810.5,-13.3216
"cg_iq_a",65810.5,-15.3476
"cg_iq_a",65810.5,-19.3734
"cg_iq_a",65810.5,-15.6391
"cg_iq_a",65810.5,-10.1007
"cg_iq_a",65810.5,-16.2202
"cg_iq_a",65810.6,-14.2345
"cg_iq_a",65810.6,-18.1106
"cg_iq_a",65810.6,-14.0349
"cg_iq_a",65810.6,-16.5283
"cg_iq_a",65810.6,-18.3672
"cg_iq_a",65810.6,-15.0051
"cg_iq_a",65810.6,-14.8659
"cg_iq_a",65810.6,-16.9531
"cg_iq_a",65810.6,-17.0213
"cg_iq_a",65810.6,-14.4793
"cg_iq_a",65810.7,-9.43013
"cg_iq_a",65810.7,-15.5944
"cg_iq_a",65810.7,-14.4611
"cg_iq_a",65810.7,-18.8721
"cg_iq_a",65810.7,-14.6275
"cg_iq_a",65810.7,-15.6869
"cg_iq_a",65810.7,-18.397
"cg_iq_a",65810.7,-15.9667
"cg_iq_a",65810.7,-14.1281
"cg_iq_a",65810.8,-16.4657
"cg_iq_a",65810.8,-16.8816
"cg_iq_a",65810.8,-15.5982
"cg_iq_a",65810.8,-8.86984
"cg_iq_a",65810.8,-14.6253
"cg_iq_a",65810.8,-13.9847
"cg_iq_a",65810.8,-13.596
"cg_iq_a",65810.8,-15.6369
"cg_iq_a",65810.8,-17.6737
"cg_iq_a",65810.8,-17.8972
"cg_iq_a",65810.9,-16.9444
"cg_iq_a",65810.9,-15.1317
"cg_iq_a",65810.9,-16.4574
"cg_iq_a",65810.9,-16.8702
"cg_iq_a",65810.9,-14.2921
"cg_iq_a",65810.9,-9.28013
"cg_iq_a",65810.9,-14.5855
"cg_iq_a",65810.9,-14.247
"cg_iq_a",65810.9,-18.874
"cg_iq_a",65810.9,-15.2637
"cg_iq_a",65810.9,-17.5084
"cg_iq_a",65811,-17.9954
"cg_iq_a",65811,-17.6848
"cg_iq_a",65811,-14.8888
"cg_iq_a",65811,-16.3538
"cg_iq_a",65811,-16.6632
"cg_iq_a",65811,-12.2059
"cg_iq_a",65811,-10.0611
"cg_iq_a",65811,-15.3151
"cg_iq_a",65811,-15.247
"cg_iq_a",65811,-18.7224
"cg_iq_a",65811.1,-14.2473
"cg_iq_a",65811.1,-17.4542
"cg_iq_a",65811.1,-17.219
"cg_iq_a",65811.1,-17.4438
"cg_iq_a",65811.1,-14.861
"cg_iq_a",65811.1,-16.1338
"cg_iq_a",65811.1,-16.5077
"cg_iq_a",65811.1,-15.1673
"cg_iq_a",65811.1,-10.7903
"cg_iq_a",65811.1,-16.3
"cg_iq_a",65811.2,-14.111
"cg_iq_a",65811.2,-18.8806
"cg_iq_a",65811.2,-13.9681
"cg_iq_a",65811.2,-16.7267
"cg_iq_a",65811.2,-17.8234
"cg_iq_a",65811.2,-14.2596
"cg_iq_a",65811.2,-15.5288
"cg_iq_a",65811.2,-15.5947
"cg_iq_a",65811.2,-16.9923
"cg_iq_a",65811.2,-14.043
"cg_iq_a",65811.3,-10.0463
"cg_iq_a",65811.3,-16.0074
"cg_iq_a",65811.3,-14.0088
"cg_iq_a",65811.3,-18.7154
"cg_iq_a",65811.3,-15.3801
"cg_iq_a",65811.3,-15.8249
"cg_iq_a",65811.3,-17.4318
"cg_iq_a",65811.3,-17.952
"cg_iq_a",65811.3,-14.4167
"cg_iq_a",65811.4,-14.6865
"cg_iq_a",65811.4,-17.866
"cg_iq_a",65811.4,-14.9145
"cg_iq_a",65811.4,-10.3962
"cg_iq_a",65811.4,-15.5769
"cg_iq_a",65811.4,-15.0902
"cg_iq_a",65811.4,-14.494
"cg_iq_a",65811.4,-13.6452
"cg_iq_a",65811.4,-16.2184
"cg_iq_a",65811.4,-17.7336
"cg_iq_a",65811.4,-17.0986
"cg_iq_a",65811.5,-15.1398
"cg_iq_a",65811.5,-16.2292
"cg_iq_a",65811.5,-18.2963
"cg_iq_a",65811.5,-14.6847
"cg_iq_a",65811.5,-9.63768
"cg_iq_a",65811.5,-15.7154
"cg_iq_a",65811.5,-16.2058
"cg_vd_v",65796.5,-0.502854
"cg_vd_v",65796.5,-0.355524
"cg_vd_v",65796.5,-0.222059
"cg_vd_v",65796.5,-0.125715
"cg_vd_v",65796.5,-0.0596255
"cg_vd_v",65796.5,-0.242665
"cg_vd_v",65796.5,-0.0194372
"cg_vd_v",65796.5,-0.0624201
"cg_vd_v",65796.6,0.0396365
"cg_vd_v",65796.6,-0.0914808
"cg_vd_v",65796.6,-0.0790572
"cg_vd_v",65796.6,-0.304095
"cg_vd_v",65796.6,-0.481918
"cg_vd_v",65796.6,-0.331034
"cg_vd_v",65796.6,-0.227997
"cg_vd_v",65796.6,-0.208016
"cg_vd_v",65796.6,-0.0784465
"cg_vd_v",65796.6,-0.272262
"cg_vd_v",65796.7,-0.052916
"cg_vd_v",65796.7,-0.0812159
"cg_vd_v",65796.7,0.101759
"cg_vd_v",65796.7,-0.0791556
"cg_vd_v",65796.7,-0.0888474
"cg_vd_v",65796.7,-0.258609
"cg_vd_v",65796.7,-0.530662
"cg_vd_v",65796.7,-0.29177
"cg_vd_v",65796.7,-0.230493
"cg_vd_v",65796.7,-0.154645
"cg_vd_v",65796.8,-0.0450051
"cg_vd_v",65796.8,-0.194358
"cg_vd_v",65796.8,-0.0237848
"cg_vd_v",65796.8,-0.0356618
"cg_vd_v",65796.8,0.0653164
"cg_vd_v",65796.8,-0.0816594
"cg_vd_v",65796.8,-0.12126
"cg_vd_v",65796.8,-0.27787
"cg_vd_v",65796.8,-0.48568
"cg_vd_v",65796.8,-0.340642
"cg_vd_v",65796.9,-0.245416
"cg_vd_v",65796.9,-0.193992
"cg_vd_v",65796.9,-0.129218
"cg_vd_v",65796.9,-0.247278
"cg_vd_v",65796.9,-0.0466494
"cg_vd_v",65796.9,-0.0630142
"cg_vd_v",65796.9,0.0882394
"cg_vd_v",65796.9,-0.0995707
"cg_vd_v",65796.9,-0.0329295
"cg_vd_v",65796.9,-0.207479
"cg_vd_v",65797,-0.486146
"cg_vd_v",65797,-0.326907
"cg_vd_v",65797,-0.199876
"cg_vd_v",65797,-0.209951
"cg_vd_v",65797,-0.095144
"cg_vd_v",65797,-0.241845
"cg_vd_v",65797,-0.0153664
"cg_vd_v",65797,-0.0472694
"cg_vd_v",65797,0.135494
"cg_vd_v",65797,-0.0615421
"cg_vd_v",65797.1,-0.0579551
"cg_vd_v",65797.1,-0.29938
"cg_vd_v",65797.1,-0.459035
"cg_vd_v",65797.1,-0.363394
"cg_vd_v",65797.1,-0.227139
"cg_vd_v",65797.1,-0.203389
"cg_vd_v",65797.1,-0.0750488
"cg_vd_v",65797.1,-0.237609
"cg_vd_v",65797.1,0.0186104
"cg_vd_v",65797.1,-0.0797204
"cg_vd_v",65797.2,0.0793386
"cg_vd_v",65797.2,-0.0718701
"cg_vd_v",65797.2,-0.0947379
"cg_vd_v",65797.2,-0.281519
"cg_vd_v",65797.2,-0.490368
"cg_vd_v",65797.2,-0.318096
"cg_vd_v",65797.2,-0.258965
"cg_vd_v",65797.2,-0.152296
"cg_vd_v",65797.2,-0.0776552
"cg_vd_v",65797.2,-0.216646
"cg_vd_v",65797.3,-0.0218575
"cg_vd_v",65797.3,-0.120777
"cg_vd_v",65797.3,0.100032
"cg_vd_v",65797.3,-0.0558503
"cg_vd_v",65797.3,-0.156349
"cg_vd_v",65797.3,-0.266149
"cg_vd_v",65797.3,-0.510602
"cg_vd_v",65797.3,-0.365167
"cg_vd_v",65797.3,-0.211389
"cg_vd_v",65797.3,-0.205471
"cg_vd_v",65797.4,-0.122828
"cg_vd_v",65797.4,-0.282048
"cg_vd_v",65797.4,-0.0276097
"cg_vd_v",65797.4,-0.0810097
"cg_vd_v",65797.4,0.016127
"cg_vd_v",65797.4,-0.0895583
"cg_vd_v",65797.4,-0.104546
"cg_vd_v",65797.4,-0.315694
"cg_vd_v",65797.4,-0.473917
"cg_vd_v",65797.4,-0.330444
"cg_vd_v",65797.5,-0.205205
"cg_vd_v",65797.5,-0.186313
"cg_vd_v",65797.5,-0.118698
"cg_vd_v",65797.5,-0.268811
"cg_vd_v",65797.5,-0.0307709
"cg_vd_v",65797.5,-0.0592143
"cg_vd_v",65797.5,0.0858727
"cg_vd_v",65797.5,-0.0756666
"cg_vd_v",65797.5,-0.108108
"cg_vd_v",65797.5,-0.263482
"cg_vd_v",65797.6,-0.42606
"cg_vd_v",65797.6,-0.306178
"cg_vd_v",65797.6,-0.245921
"cg_vd_v",65797.6,-0.216474
"cg_vd_v",65797.6,-0.0827964
"cg_vd_v",65797.6,-0.254336
"cg_vd_v",65797.6,-0.0114911
"cg_vd_v",65797.6,-0.0594654
"cg_vd_v",65797.6,0.0271047
"cg_vd_v",65797.6,-0.0684997
"cg_vd_v",65797.7,-0.114133
"cg_vd_v",65797.7,-0.28713
"cg_vd_v",65797.7,-0.487006
"cg_vd_v",65797.7,-0.282282
"cg_vd_v",65797.7,-0.208019
"cg_vd_v",65797.7,-0.174115
"cg_vd_v",65797.7,-0.103257
"cg_vd_v",65797.7,-0.331501
"cg_vd_v",65797.7,-0.00854656
"cg_vd_v",65797.7,-0.0595376
"cg_vd_v",65797.8,0.0696331
"cg_vd_v",65797.8,-0.0433767
"cg_vd_v",65797.8,-0.117035
"cg_vd_v",65797.8,-0.293106
"cg_vd_v",65797.8,-0.48761
"cg_vd_v",65797.8,-0.321823
"cg_vd_v",65797.8,-0.241877
"cg_vd_v",65797.8,-0.19282
"cg_vd_v",65797.8,-0.102574
"cg_vd_v",65797.8,-0.219994
"cg_vd_v",65797.9,-0.0513406
"cg_vd_v",65797.9,-0.0325393
"cg_vd_v",65797.9,0.0387911
"cg_vd_v",65797.9,-0.0455571
"cg_vd_v",65797.9,-0.127611
"cg_vd_v",65797.9,-0.265002
"cg_vd_v",65797.9,-0.505267
"cg_vd_v",65797.9,-0.311319
"cg_vd_v",65797.9,-0.234981
"cg_vd_v",65797.9,-0.153716
"cg_vd_v",65798,0.105767
"cg_vd_v",65798,-0.291841
"cg_vd_v",65798,0.0115229
"cg_vd_v",65798,-0.0848167
"cg_vd_v",65798,0.0955258
"cg_vd_v",65798,-0.0959008
"cg_vd_v",65798,-0.115102
"cg_vd_v",65798,-0.337627
"cg_vd_v",65798,-0.461873
"cg_vd_v",65798,-0.330088
"cg_vd_v",65798.1,-0.215368
"cg_vd_v",65798.1,-0.220245
"cg_vd_v",65798.1,-0.130857
"cg_vd_v",65798.1,-0.200199
"cg_vd_v",65798.1,-0.0185926
"cg_vd_v",65798.1,-0.0657512
"cg_vd_v",65798.1,0.0917477
"cg_vd_v",65798.1,-0.0668337
"cg_vd_v",65798.1,-0.143357
"cg_vd_v",65798.1,-0.205358
"cg_vd_v",65798.2,-0.440236
"cg_vd_v",65798.2,-0.297554
"cg_vd_v",65798.2,-0.20379
"cg_vd_v",65798.2,-0.184714
"cg_vd_v",65798.2,-0.109453
"cg_vd_v",65798.2,-0.303021
"cg_vd_v",65798.2,0.00544258
"cg_vd_v",65798.2,0.0547371
"cg_vd_v",65798.2,0.0255191
"cg_vd_v",65798.2,-0.0443649
"cg_vd_v",65798.2,0.021404
"cg_vd_v",65798.3,-0.318338
"cg_vd_v",65798.3,-0.524548
"cg_vd_v",65798.3,-0.349585
"cg_vd_v",65798.3,-0.214452
"cg_vd_v",65798.3,-0.202162
"cg_vd_v",65798.3,-0.0529085
"cg_vd_v",65798.3,-0.321728
"cg_vd_v",65798.3,-0.0509615
"cg_vd_v",65798.3,-0.0933722
"cg_vd_v",65798.4,0.00621156
"cg_vd_v",65798.4,-0.0743419
"cg_vd_v",65798.4,-0.172802
"cg_vd_v",65798.4,-0.267319
"cg_vd_v",65798.4,-0.513875
"cg_vd_v",65798.4,-0.311873
"cg_vd_v",65798.4,-0.198762
"cg_vd_v",65798.4,-0.160977
"cg_vd_v",65798.4,-0.059544
"cg_vd_v",65798.4,-0.259398
"cg_vd_v",65798.5,-0.00735081
"cg_vd_v",65798.5,-0.102415
"cg_vd_v",65798.5,0.0402265
"cg_vd_v",65798.5,-0.098206
"cg_vd_v",65798.5,-0.133627
"cg_vd_v",65798.5,-0.303538
"cg_vd_v",65798.5,-0.51572
"cg_vd_v",65798.5,-0.32214
"cg_vd_v",65798.5,-0.219213
"cg_vd_v",65798.5,-0.174414
"cg_vd_v",65798.6,-0.118837
"cg_vd_v",65798.6,-0.263728
"cg_vd_v",65798.6,-0.0501647
"cg_vd_v",65798.6,-0.0748437
"cg_vd_v",65798.6,0.0241417
"cg_vd_v",65798.6,-0.069752
"cg_vd_v",65798.6,-0.159047
"cg_vd_v",65798.6,-0.278811
"cg_vd_v",65798.6,-0.4422
"cg_vd_v",65798.6,-0.293366
"cg_vd_v",65798.7,-0.186859
"cg_vd_v",65798.7,-0.172976
"cg_vd_v",65798.7,-0.0864355
"cg_vd_v",65798.7,-0.237966
"cg_vd_v",65798.7,0.00964709
"cg_vd_v",65798.7,-0.0229339
"cg_vd_v",65798.7,0.0523722
"cg_vd_v",65798.7,-0.0561579
"cg_vd_v",65798.7,-0.117469
"cg_vd_v",65798.7,-0.272216
"cg_vd_v",65798.8,-0.478796
"cg_vd_v",65798.8,-0.320059
"cg_vd_v",65798.8,-0.227931
"cg_vd_v",65798.8,-0.144993
"cg_vd_v",65798.8,-0.111656
"cg_vd_v",65798.8,-0.218794
"cg_vd_v",65798.8,0.00527455
"cg_vd_v",65798.8,-0.159603
"cg_vd_v",65798.8,0.0261213
"cg_vd_v",65798.8,-0.12236
"cg_vd_v",65798.9,-0.112249
"cg_vd_v",65798.9,-0.26211
"cg_vd_v",65798.9,-0.573906
"cg_vd_v",65798.9,-0.374669
"cg_vd_v",65798.9,-0.0498652
"cg_vd_v",65798.9,-0.237907
"cg_vd_v",65798.9,-0.130991
"cg_vd_v",65798.9,-0.225346
"cg_vd_v",65798.9,-0.0477924
"cg_vd_v",65798.9,-0.128257
"cg_vd_v",65799,0.101987
"cg_vd_v",65799,-0.0563655
"cg_vd_v",65799,-0.103073
"cg_vd_v",65799,-0.302001
"cg_vd_v",65799,-0.493901
"cg_vd_v",65799,-0.334142
"cg_vd_v",65799,-0.250485
"cg_vd_v",65799,-0.157449
"cg_vd_v",65799,-0.116823
"cg_vd_v",65799,-0.238635
"cg_vd_v",65799.1,-0.0197145
"cg_vd_v",65799.1,-0.00220335
"cg_vd_v",65799.1,0.0586842
"cg_vd_v",65799.1,-0.0766118
"cg_vd_v",65799.1,-0.10095
"cg_vd_v",65799.1,-0.302033
"cg_vd_v",65799.1,-0.449791
"cg_vd_v",65799.1,-0.367074
"cg_vd_v",65799.1,-0.167232
"cg_vd_v",65799.1,-0.146191
"cg_vd_v",65799.2,-0.0954512
"cg_vd_v",65799.2,-0.257426
"cg_vd_v",65799.2,-0.0165571
"cg_vd_v",65799.2,-0.123088
"cg_vd_v",65799.2,0.0786753
"cg_vd_v",65799.2,-0.0919592
"cg_vd_v",65799.2,-0.119793
"cg_vd_v",65799.2,-0.258384
"cg_vd_v",65799.2,-0.47159
"cg_vd_v",65799.2,-0.346198
"cg_vd_v",65799.3,-0.143961
"cg_vd_v",65799.3,-0.227862
"cg_vd_v",65799.3,-0.12584
"cg_vd_v",65799.3,-0.0621184
"cg_vd_v",65799.3,0.00405589
"cg_vd_v",65799.3,-0.0780484
"cg_vd_v",65799.3,0.072392
"cg_vd_v",65799.3,-0.0720802
"cg_vd_v",65799.3,-0.175117
"cg_vd_v",65799.3,-0.25385
"cg_vd_v",65799.4,-0.379097
"cg_vd_v",65799.4,-0.349815
"cg_vd_v",65799.4,-0.165223
"cg_vd_v",65799.4,-0.188973
"cg_vd_v",65799.4,-0.0925929
"cg_vd_v",65799.4,-0.281486
"cg_vd_v",65799.4,0.0884416
"cg_vd_v",65799.4,-0.0531844
"cg_vd_v",65799.4,0.0673011
"cg_vd_v",65799.4,-0.0476743
"cg_vd_v",65799.5,-0.0731303
"cg_vd_v",65799.5,-0.318152
"cg_vd_v",65799.5,-0.451636
"cg_vd_v",65799.5,-0.339653
"cg_vd_v",65799.5,-0.189622
"cg_vd_v",65799.5,-0.185903
"cg_vd_v",65799.5,-0.132511
"cg_vd_v",65799.5,-0.261779
"cg_vd_v",65799.5,-0.0290971
"cg_vd_v",65799.5,-0.0955707
"cg_vd_v",65799.6,0.123573
"cg_vd_v",65799.6,-0.11328
"cg_vd_v",65799.6,-0.0744218
"cg_vd_v",65799.6,-0.203812
"cg_vd_v",65799.6,-0.422109
"cg_vd_v",65799.6,-0.288916
"cg_vd_v",65799.6,-0.216008
"cg_vd_v",65799.6,-0.200794
"cg_vd_v",65799.6,-0.131512
"cg_vd_v",65799.6,-0.241963
"cg_vd_v",65799.7,-0.0250391
"cg_vd_v",65799.7,-0.108924
"cg_vd_v",65799.7,0.0833538
"cg_vd_v",65799.7,-0.065492
"cg_vd_v",65799.7,-0.106144
"cg_vd_v",65799.7,-0.265732
"cg_vd_v",65799.7,-0.415868
"cg_vd_v",65799.7,-0.330542
"cg_vd_v",65799.7,-0.15491
"cg_vd_v",65799.8,-0.169383
"cg_vd_v",65799.8,-0.0901988
"cg_vd_v",65799.8,-0.201537
"cg_vd_v",65799.8,0.010733
"cg_vd_v",65799.8,-0.1324
"cg_vd_v",65799.8,0.0808623
"cg_vd_v",65799.8,-0.104965
"cg_vd_v",65799.8,-0.0751666
"cg_vd_v",65799.8,-0.304858
"cg_vd_v",65799.8,-0.440778
"cg_vd_v",65799.8,-0.284297
"cg_vd_v",65799.9,-0.218692
"cg_vd_v",65799.9,-0.218683
"cg_vd_v",65799.9,-0.121914
"cg_vd_v",65799.9,-0.276598
"cg_vd_v",65799.9,0.0422099
"cg_vd_v",65799.9,-0.0221778
"cg_vd_v",65799.9,0.0417732
"cg_vd_v",65799.9,-0.0817492
"cg_vd_v",65799.9,-0.101057
"cg_vd_v",65799.9,-0.265509
"cg_vd_v",65800,-0.36636
"cg_vd_v",65800,-0.314405
"cg_vd_v",65800,-0.20783
"cg_vd_v",65800,-0.150715
"cg_vd_v",65800,-0.136803
"cg_vd_v",65800,-0.244386
"cg_vd_v",65800,0.0368459
"cg_vd_v",65800,-0.125776
"cg_vd_v",65800,0.0653857
"cg_vd_v",65800,-0.0556642
"cg_vd_v",65800.1,-0.103535
"cg_vd_v",65800.1,-0.278972
"cg_vd_v",65800.1,-0.443978
"cg_vd_v",65800.1,-0.320732
"cg_vd_v",65800.1,-0.15028
"cg_vd_v",65800.1,-0.146063
"cg_vd_v",65800.1,-0.117709
"cg_vd_v",65800.1,-0.255141
"cg_vd_v",65800.1,0.0335718
"cg_vd_v",65800.1,-0.0739489
"cg_vd_v",65800.2,0.0125929
"cg_vd_v",65800.2,-0.0521872
"cg_vd_v",65800.2,-0.0953178
"cg_vd_v",65800.2,-0.25722
"cg_vd_v",65800.2,-0.479627
"cg_vd_v",65800.2,-0.328101
"cg_vd_v",65800.2,-0.16047
"cg_vd_v",65800.2,-0.209377
"cg_vd_v",65800.2,-0.108513
"cg_vd_v",65800.2,-0.275793
"cg_vd_v",65800.2,-0.0318663
"cg_vd_v",65800.3,-0.0586775
"cg_vd_v",65800.3,0.122193
"cg_vd_v",65800.3,-0.103512
"cg_vd_v",65800.3,-0.0717285
"cg_vd_v",65800.3,-0.275455
"cg_vd_v",65800.3,-0.416442
"cg_vd_v",65800.3,-0.318853
"cg_vd_v",65800.3,-0.177817
"cg_vd_v",65800.3,-0.155641
"cg_vd_v",65800.4,-0.169231
"cg_vd_v",65800.4,-0.270052
"cg_vd_v",65800.4,0.049196
"cg_vd_v",65800.4,0.00441086
"cg_vd_v",65800.4,0.0683114
"cg_vd_v",65800.4,-0.012486
"cg_vd_v",65800.4,-0.136901
"cg_vd_v",65800.4,-0.273119
"cg_vd_v",65800.4,-0.443179
"cg_vd_v",65800.5,-0.308973
"cg_vd_v",65800.5,-0.162487
"cg_vd_v",65800.5,-0.208716
"cg_vd_v",65800.5,-0.0946181
"cg_vd_v",65800.5,-0.24185
"cg_vd_v",65800.5,-0.00535856
"cg_vd_v",65800.5,-0.0860746
"cg_vd_v",65800.5,0.0832645
"cg_vd_v",65800.5,-0.0932104
"cg_vd_v",65800.5,-0.0994156
"cg_vd_v",65800.6,-0.278273
"cg_vd_v",65800.6,-0.433055
"cg_vd_v",65800.6,-0.3692
"cg_vd_v",65800.6,-0.170771
"cg_vd_v",65800.6,-0.14684
"cg_vd_v",65800.6,-0.130497
"cg_vd_v",65800.6,-0.229592
"cg_vd_v",65800.6,0.00897478
"cg_vd_v",65800.6,-0.16382
"cg_vd_v",65800.6,0.11194
"cg_vd_v",65800.6,-0.0557768
"cg_vd_v",65800.7,-0.100694
"cg_vd_v",65800.7,-0.286813
"cg_vd_v",65800.7,-0.459991
"cg_vd_v",65800.7,-0.291153
"cg_vd_v",65800.7,-0.17804
"cg_vd_v",65800.7,-0.174218
"cg_vd_v",65800.7,-0.133752
"cg_vd_v",65800.7,-0.255932
"cg_vd_v",65800.7,0.0574027
"cg_vd_v",65800.8,-0.125338
"cg_vd_v",65800.8,0.105693
"cg_vd_v",65800.8,-0.0978156
"cg_vd_v",65800.8,-0.0764655
"cg_vd_v",65800.8,-0.266363
"cg_vd_v",65800.8,-0.467814
"cg_vd_v",65800.8,-0.303415
"cg_vd_v",65800.8,-0.209966
"cg_vd_v",65800.8,-0.194587
"cg_vd_v",65800.8,-0.0842151
"cg_vd_v",65800.9,-0.229413
"cg_vd_v",65800.9,0.0413269
"cg_vd_v",65800.9,-0.0887544
"cg_vd_v",65800.9,0.100358
"cg_vd_v",65800.9,-0.152298
"cg_vd_v",65800.9,-0.0813218
"cg_vd_v",65800.9,-0.306413
"cg_vd_v",65800.9,-0.381419
"cg_vd_v",65800.9,-0.306621
"cg_vd_v",65800.9,-0.176783
"cg_vd_v",65801,-0.167314
"cg_vd_v",65801,-0.135013
"cg_vd_v",65801,-0.240275
"cg_vd_v",65801,-0.0438269
"cg_vd_v",65801,-0.092406
"cg_vd_v",65801,0.140812
"cg_vd_v",65801,0.00396452
"cg_vd_v",65801,-0.130357
"cg_vd_v",65801,-0.351803
"cg_vd_v",65801,-0.393188
"cg_vd_v",65801,-0.300391
"cg_vd_v",65801.1,-0.215795
"cg_vd_v",65801.1,-0.177985
"cg_vd_v",65801.1,-0.106687
"cg_vd_v",65801.1,-0.236699
"cg_vd_v",65801.1,0.0179883
"cg_vd_v",65801.1,-0.00949682
"cg_vd_v",65801.1,0.138081
"cg_vd_v",65801.1,-0.0751374
"cg_vd_v",65801.1,-0.0926164
"cg_vd_v",65801.1,-0.291843
"cg_vd_v",65801.2,-0.464144
"cg_vd_v",65801.2,-0.294477
"cg_vd_v",65801.2,-0.19462
"cg_vd_v",65801.2,-0.199669
"cg_vd_v",65801.2,-0.0883921
"cg_vd_v",65801.2,-0.173188
"cg_vd_v",65801.2,0.0329073
"cg_vd_v",65801.2,-0.105432
"cg_vd_v",65801.2,0.0773896
"cg_vd_v",65801.2,-0.0793958
"cg_vd_v",65801.3,-0.0975671
"cg_vd_v",65801.3,-0.243276
"cg_vd_v",65801.3,-0.432194
"cg_vd_v",65801.3,-0.302656
"cg_vd_v",65801.3,-0.233438
"cg_vd_v",65801.3,-0.0937096
"cg_vd_v",65801.3,-0.128954
"cg_vd_v",65801.3,-0.246279
"cg_vd_v",65801.3,0.0209579
"cg_vd_v",65801.4,-0.0658888
"cg_vd_v",65801.4,0.125494
"cg_vd_v",65801.4,-0.103218
"cg_vd_v",65801.4,-0.0805362
"cg_vd_v",65801.4,-0.329324
"cg_vd_v",65801.4,-0.473756
"cg_vd_v",65801.4,-0.338942
"cg_vd_v",65801.4,-0.0487431
"cg_vd_v",65801.4,-0.146204
"cg_vd_v",65801.4,-0.124547
"cg_vd_v",65801.5,-0.275881
"cg_vd_v",65801.5,0.0515065
"cg_vd_v",65801.5,-0.0631998
"cg_vd_v",65801.5,0.0885103
"cg_vd_v",65801.5,-0.147155
"cg_vd_v",65801.5,-0.13024
"cg_vd_v",65801.5,-0.290788
"cg_vd_v",65801.5,-0.432979
"cg_vd_v",65801.5,-0.341603
"cg_vd_v",65801.5,-0.19544
"cg_vd_v",65801.6,-0.165327
"cg_vd_v",65801.6,-0.163447
"cg_vd_v",65801.6,-0.274865
"cg_vd_v",65801.6,0.0607678
"cg_vd_v",65801.6,-0.0883657
"cg_vd_v",65801.6,0.050898
"cg_vd_v",65801.6,-0.0580314
"cg_vd_v",65801.6,-0.111003
"cg_vd_v",65801.6,-0.269288
"cg_vd_v",65801.6,-0.42554
"cg_vd_v",65801.6,-0.387504
"cg_vd_v",65801.7,-0.194988
"cg_vd_v",65801.7,-0.218202
"cg_vd_v",65801.7,-0.108888
"cg_vd_v",65801.7,-0.29111
"cg_vd_v",65801.7,-0.0177144
"cg_vd_v",65801.7,-0.0926789
"cg_vd_v",65801.7,0.093424
"cg_vd_v",65801.7,-0.114818
"cg_vd_v",65801.8,-0.122885
"cg_vd_v",65801.8,-0.281888
"cg_vd_v",65801.8,-0.446457
"cg_vd_v",65801.8,-0.351767
"cg_vd_v",65801.8,-0.139842
"cg_vd_v",65801.8,-0.212035
"cg_vd_v",65801.8,-0.160713
"cg_vd_v",65801.8,-0.274144
"cg_vd_v",65801.8,-0.02497
"cg_vd_v",65801.8,-0.080056
"cg_vd_v",65801.8,0.108515
"cg_vd_v",65801.9,-0.100111
"cg_vd_v",65801.9,-0.0770441
"cg_vd_v",65801.9,-0.294819
"cg_vd_v",65801.9,-0.353621
"cg_vd_v",65801.9,-0.295088
"cg_vd_v",65801.9,-0.200084
"cg_vd_v",65801.9,-0.18301
"cg_vd_v",65801.9,-0.12345
"cg_vd_v",65801.9,-0.234197
"cg_vd_v",65801.9,0.0240322
"cg_vd_v",65802,-0.0871258
"cg_vd_v",65802,0.110228
"cg_vd_v",65802,-0.118219
"cg_vd_v",65802,-0.106056
"cg_vd_v",65802,-0.274503
"cg_vd_v",65802,-0.422909
"cg_vd_v",65802,-0.435025
"cg_vd_v",65802,-0.192534
"cg_vd_v",65802,-0.219043
"cg_vd_v",65802,-0.149001
"cg_vd_v",65802.1,-0.255409
"cg_vd_v",65802.1,-0.0294043
"cg_vd_v",65802.1,-0.0766329
"cg_vd_v",65802.1,0.0696406
"cg_vd_v",65802.1,-0.127636
"cg_vd_v",65802.1,-0.125474
"cg_vd_v",65802.1,-0.277782
"cg_vd_v",65802.1,-0.461432
"cg_vd_v",65802.1,-0.335895
"cg_vd_v",65802.1,-0.207918
"cg_vd_v",65802.2,-0.218409
"cg_vd_v",65802.2,-0.0615732
"cg_vd_v",65802.2,-0.270653
"cg_vd_v",65802.2,-0.00392927
"cg_vd_v",65802.2,-0.104223
"cg_vd_v",65802.2,0.0575082
"cg_vd_v",65802.2,-0.0955213
"cg_vd_v",65802.2,-0.137475
"cg_vd_v",65802.2,-0.276956
"cg_vd_v",65802.2,-0.407101
"cg_vd_v",65802.3,-0.343396
"cg_vd_v",65802.3,-0.160708
"cg_vd_v",65802.3,-0.209457
"cg_vd_v",65802.3,-0.165978
"cg_vd_v",65802.3,-0.267925
"cg_vd_v",65802.3,0.00188277
"cg_vd_v",65802.3,-0.142774
"cg_vd_v",65802.3,0.06156
"cg_vd_v",65802.3,-0.112364
"cg_vd_v",65802.3,-0.153572
"cg_vd_v",65802.4,-0.280853
"cg_vd_v",65802.4,-0.430871
"cg_vd_v",65802.4,-0.33991
"cg_vd_v",65802.4,-0.195694
"cg_vd_v",65802.4,-0.172391
"cg_vd_v",65802.4,-0.141509
"cg_vd_v",65802.4,-0.269869
"cg_vd_v",65802.4,-0.017855
"cg_vd_v",65802.4,-0.0998743
"cg_vd_v",65802.4,0.0497789
"cg_vd_v",65802.5,-0.107045
"cg_vd_v",65802.5,-0.115451
"cg_vd_v",65802.5,-0.285091
"cg_vd_v",65802.5,-0.482872
"cg_vd_v",65802.5,-0.359737
"cg_vd_v",65802.5,-0.228188
"cg_vd_v",65802.5,-0.223524
"cg_vd_v",65802.5,-0.10844
"cg_vd_v",65802.5,-0.242023
"cg_vd_v",65802.5,0.0407719
"cg_vd_v",65802.6,-0.0877474
"cg_vd_v",65802.6,0.119897
"cg_vd_v",65802.6,-0.149913
"cg_vd_v",65802.6,-0.118219
"cg_vd_v",65802.6,-0.282573
"cg_vd_v",65802.6,-0.466533
"cg_vd_v",65802.6,-0.311959
"cg_vd_v",65802.6,-0.182171
"cg_vd_v",65802.6,-0.138538
"cg_vd_v",65802.6,-0.151796
"cg_vd_v",65802.7,-0.254346
"cg_vd_v",65802.7,0.0255521
"cg_vd_v",65802.7,-0.0856189
"cg_vd_v",65802.7,0.0442728
"cg_vd_v",65802.7,-0.0955082
"cg_vd_v",65802.7,-0.123623
"cg_vd_v",65802.7,-0.285713
"cg_vd_v",65802.7,-0.432076
"cg_vd_v",65802.7,-0.314616
"cg_vd_v",65802.8,-0.167291
"cg_vd_v",65802.8,-0.201235
"cg_vd_v",65802.8,-0.145448
"cg_vd_v",65802.8,-0.24511
"cg_vd_v",65802.8,0.0616249
"cg_vd_v",65802.8,-0.0379704
"cg_vd_v",65802.8,0.0353565
"cg_vd_v",65802.8,-0.135485
"cg_vd_v",65802.8,-0.0854385
"cg_vd_v",65802.8,-0.235581
"cg_vd_v",65802.9,-0.379048
"cg_vd_v",65802.9,-0.286895
"cg_vd_v",65802.9,-0.189198
"cg_vd_v",65802.9,-0.217379
"cg_vd_v",65802.9,-0.114767
"cg_vd_v",65802.9,-0.251975
"cg_vd_v",65802.9,0.0561964
"cg_vd_v",65802.9,-0.0247767
"cg_vd_v",65802.9,0.150941
"cg_vd_v",65802.9,-0.0791548
"cg_vd_v",65802.9,-0.083478
"cg_vd_v",65803,-0.234564
"cg_vd_v",65803,-0.460035
"cg_vd_v",65803,-0.30465
"cg_vd_v",65803,-0.191869
"cg_vd_v",65803,-0.203872
"cg_vd_v",65803,-0.102529
"cg_vd_v",65803,-0.280423
"cg_vd_v",65803,0.0231397
"cg_vd_v",65803,-0.0879065
"cg_vd_v",65803,0.0677745
"cg_vd_v",65803.1,-0.11833
"cg_vd_v",65803.1,-0.143998
"cg_vd_v",65803.1,-0.263882
"cg_vd_v",65803.1,-0.395429
"cg_vd_v",65803.1,-0.322798
"cg_vd_v",65803.1,-0.152767
"cg_vd_v",65803.1,-0.197392
"cg_vd_v",65803.1,-0.10137
"cg_vd_v",65803.1,-0.23299
"cg_vd_v",65803.1,-0.00380883
"cg_vd_v",65803.2,-0.0667114
"cg_vd_v",65803.2,0.0433681
"cg_vd_v",65803.2,-0.144752
"cg_vd_v",65803.2,-0.171722
"cg_vd_v",65803.2,-0.278628
"cg_vd_v",65803.2,-0.342874
"cg_vd_v",65803.2,-0.311312
"cg_vd_v",65803.2,-0.17417
"cg_vd_v",65803.2,-0.142391
"cg_vd_v",65803.2,-0.151385
"cg_vd_v",65803.3,-0.282422
"cg_vd_v",65803.3,-0.0598375
"cg_vd_v",65803.3,-0.0927418
"cg_vd_v",65803.3,0.0862288
"cg_vd_v",65803.3,-0.152405
"cg_vd_v",65803.3,-0.124568
"cg_vd_v",65803.3,-0.235883
"cg_vd_v",65803.3,-0.37668
"cg_vd_v",65803.3,-0.253505
"cg_vd_v",65803.4,-0.227641
"cg_vd_v",65803.4,-0.219972
"cg_vd_v",65803.4,-0.0608779
"cg_vd_v",65803.4,-0.285538
"cg_vd_v",65803.4,0.0043916
"cg_vd_v",65803.4,-0.0552241
"cg_vd_v",65803.4,-0.0299048
"cg_vd_v",65803.4,-0.15826
"cg_vd_v",65803.4,-0.123282
"cg_vd_v",65803.4,-0.299322
"cg_vd_v",65803.5,-0.426139
"cg_vd_v",65803.5,-0.355156
"cg_vd_v",65803.5,-0.178874
"cg_vd_v",65803.5,-0.226305
"cg_vd_v",65803.5,-0.0880998
"cg_vd_v",65803.5,-0.25271
"cg_vd_v",65803.5,-0.0172623
"cg_vd_v",65803.5,-0.096802
"cg_vd_v",65803.5,0.0812903
"cg_vd_v",65803.5,-0.143498
"cg_vd_v",65803.5,-0.0912367
"cg_vd_v",65803.6,-0.231313
"cg_vd_v",65803.6,-0.410532
"cg_vd_v",65803.6,-0.3262
"cg_vd_v",65803.6,-0.212585
"cg_vd_v",65803.6,-0.230561
"cg_vd_v",65803.6,-0.117576
"cg_vd_v",65803.6,-0.273417
"cg_vd_v",65803.6,-0.00821949
"cg_vd_v",65803.6,-0.111948
"cg_vd_v",65803.6,0.0626579
"cg_vd_v",65803.7,-0.0925588
"cg_vd_v",65803.7,-0.14952
"cg_vd_v",65803.7,-0.215407
"cg_vd_v",65803.7,-0.453112
"cg_vd_v",65803.7,-0.286664
"cg_vd_v",65803.7,-0.217819
"cg_vd_v",65803.7,-0.245244
"cg_vd_v",65803.7,-0.0277854
"cg_vd_v",65803.7,-0.306057
"cg_vd_v",65803.8,0.0342767
"cg_vd_v",65803.8,-0.0819186
"cg_vd_v",65803.8,0.0863296
"cg_vd_v",65803.8,-0.117622
"cg_vd_v",65803.8,-0.11332
"cg_vd_v",65803.8,-0.291715
"cg_vd_v",65803.8,-0.459286
"cg_vd_v",65803.8,-0.34084
"cg_vd_v",65803.8,-0.19004
"cg_vd_v",65803.8,-0.235419
"cg_vd_v",65803.9,-0.141694
"cg_vd_v",65803.9,-0.262919
"cg_vd_v",65803.9,-0.0374964
"cg_vd_v",65803.9,-0.0576472
"cg_vd_v",65803.9,0.0360708
"cg_vd_v",65803.9,-0.123383
"cg_vd_v",65803.9,-0.12118
"cg_vd_v",65803.9,-0.311521
"cg_vd_v",65803.9,-0.397462
"cg_vd_v",65803.9,-0.275365
"cg_vd_v",65803.9,-0.212074
"cg_vd_v",65804,-0.182235
"cg_vd_v",65804,-0.117821
"cg_vd_v",65804,-0.223216
"cg_vd_v",65804,0.0479878
"cg_vd_v",65804,-0.0979665
"cg_vd_v",65804,0.274225
"cg_vd_v",65804,-0.114845
"cg_vd_v",65804,0.0214091
"cg_vd_v",65804,-0.259595
"cg_vd_v",65804,-0.420269
"cg_vd_v",65804.1,-0.272956
"cg_vd_v",65804.1,-0.214726
"cg_vd_v",65804.1,-0.199103
"cg_vd_v",65804.1,-0.15015
"cg_vd_v",65804.1,-0.273554
"cg_vd_v",65804.1,-0.0214233
"cg_vd_v",65804.1,-0.0413731
"cg_vd_v",65804.1,0.0459642
"cg_vd_v",65804.1,-0.104223
"cg_vd_v",65804.1,-0.0840222
"cg_vd_v",65804.2,-0.284235
"cg_vd_v",65804.2,-0.424219
"cg_vd_v",65804.2,-0.308544
"cg_vd_v",65804.2,-0.192444
"cg_vd_v",65804.2,-0.185426
"cg_vd_v",65804.2,-0.0979116
"cg_vd_v",65804.2,-0.195235
"cg_vd_v",65804.2,-0.0250279
"cg_vd_v",65804.2,-0.0881528
"cg_vd_v",65804.2,0.0343542
"cg_vd_v",65804.3,-0.120416
"cg_vd_v",65804.3,-0.149346
"cg_vd_v",65804.3,-0.276889
"cg_vd_v",65804.3,-0.441653
"cg_vd_v",65804.3,-0.303341
"cg_vd_v",65804.3,-0.188374
"cg_vd_v",65804.3,-0.204879
"cg_vd_v",65804.3,-0.103463
"cg_vd_v",65804.3,-0.251475
"cg_vd_v",65804.4,0.0756789
"cg_vd_v",65804.4,-0.030722
"cg_vd_v",65804.4,0.0136532
"cg_vd_v",65804.4,-0.101642
"cg_vd_v",65804.4,-0.139563
"cg_vd_v",65804.4,-0.276607
"cg_vd_v",65804.4,-0.40805
"cg_vd_v",65804.4,-0.300301
"cg_vd_v",65804.4,-0.14213
"cg_vd_v",65804.4,-0.231795
"cg_vd_v",65804.4,-0.142021
"cg_vd_v",65804.5,-0.250676
"cg_vd_v",65804.5,0.0549948
"cg_vd_v",65804.5,-0.0728704
"cg_vd_v",65804.5,0.0254839
"cg_vd_v",65804.5,-0.115308
"cg_vd_v",65804.5,-0.0781551
"cg_vd_v",65804.5,-0.276945
"cg_vd_v",65804.5,-0.382883
"cg_vd_v",65804.5,-0.274352
"cg_vd_v",65804.5,-0.242329
"cg_vd_v",65804.6,-0.161052
"cg_vd_v",65804.6,-0.194882
"cg_vd_v",65804.6,-0.215603
"cg_vd_v",65804.6,0.0313154
"cg_vd_v",65804.6,-0.078696
"cg_vd_v",65804.6,0.0904172
"cg_vd_v",65804.6,-0.137559
"cg_vd_v",65804.6,-0.0713356
"cg_vd_v",65804.6,-0.248124
"cg_vd_v",65804.6,-0.389033
"cg_vd_v",65804.7,-0.202968
"cg_vd_v",65804.7,-0.201521
"cg_vd_v",65804.7,-0.234462
"cg_vd_v",65804.7,-0.131292
"cg_vd_v",65804.7,-0.234619
"cg_vd_v",65804.7,0.0433303
"cg_vd_v",65804.7,-0.0768725
"cg_vd_v",65804.7,0.0584652
"cg_vd_v",65804.7,-0.144638
"cg_vd_v",65804.8,-0.114726
"cg_vd_v",65804.8,-0.24775
"cg_vd_v",65804.8,-0.460925
"cg_vd_v",65804.8,-0.232282
"cg_vd_v",65804.8,-0.213557
"cg_vd_v",65804.8,-0.230296
"cg_vd_v",65804.9,-0.143357
"cg_vd_v",65804.9,-0.25175
"cg_vd_v",65804.9,-0.000993075
"cg_vd_v",65804.9,-0.0691192
"cg_vd_v",65804.9,0.067448
"cg_vd_v",65804.9,-0.0986257
"cg_vd_v",65805,-0.0834107
"cg_vd_v",65805,-0.25286
"cg_vd_v",65805,-0.395743
"cg_vd_v",65805,-0.285779
"cg_vd_v",65805,-0.21561
"cg_vd_v",65805,0.123834
"cg_vd_v",65805,-0.152947
"cg_vd_v",65805.1,-0.0867516
"cg_vd_v",65805.1,-0.278529
"cg_vd_v",65805.1,-0.448715
"cg_vd_v",65805.1,-0.310781
"cg_vd_v",65805.1,-0.184597
"cg_vd_v",65805.1,-0.191287
"cg_vd_v",65805.1,-0.115877
"cg_vd_v",65805.2,-0.217336
"cg_vd_v",65805.2,0.0936094
"cg_vd_v",65805.2,-0.0998044
"cg_vd_v",65805.2,-0.267641
"cg_vd_v",65805.2,-0.150626
"cg_vd_v",65805.2,-0.172236
"cg_vd_v",65805.2,-0.137352
"cg_vd_v",65805.2,-0.260303
"cg_vd_v",65805.2,0.017817
"cg_vd_v",65805.3,-0.091171
"cg_vd_v",65805.3,0.0705518
"cg_vd_v",65805.3,-0.122325
"cg_vd_v",65805.3,-0.0784618
"cg_vd_v",65805.3,-0.266152
"cg_vd_v",65805.3,-0.437946
"cg_vd_v",65805.3,-0.233767
"cg_vd_v",65805.3,-0.235469
"cg_vd_v",65805.3,-0.217008
"cg_vd_v",65805.3,-0.0898586
"cg_vd_v",65805.3,-0.282558
"cg_vd_v",65805.4,-0.0997032
"cg_vd_v",65805.4,-0.0560809
"cg_vd_v",65805.4,0.0658739
"cg_vd_v",65805.4,-0.105418
"cg_vd_v",65805.4,-0.0850942
"cg_vd_v",65805.4,-0.243692
"cg_vd_v",65805.4,-0.415268
"cg_vd_v",65805.4,-0.242197
"cg_vd_v",65805.4,-0.153579
"cg_vd_v",65805.4,-0.187897
"cg_vd_v",65805.4,-0.116624
"cg_vd_v",65805.5,-0.247684
"cg_vd_v",65805.5,0.0189546
"cg_vd_v",65805.5,-0.0181939
"cg_vd_v",65805.5,0.0705441
"cg_vd_v",65805.5,-0.121367
"cg_vd_v",65805.5,-0.0901712
"cg_vd_v",65805.5,-0.218158
"cg_vd_v",65805.5,-0.422013
"cg_vd_v",65805.5,-0.24213
"cg_vd_v",65805.5,-0.195148
"cg_vd_v",65805.5,-0.233136
"cg_vd_v",65805.5,-0.151693
"cg_vd_v",65805.6,-0.269246
"cg_vd_v",65805.6,0.0268141
"cg_vd_v",65805.6,-0.0241155
"cg_vd_v",65805.6,0.0671011
"cg_vd_v",65805.6,-0.0897003
"cg_vd_v",65805.6,-0.164016
"cg_vd_v",65805.6,-0.176347
"cg_vd_v",65805.6,-0.406249
"cg_vd_v",65805.6,-0.283222
"cg_vd_v",65805.6,-0.181034
"cg_vd_v",65805.6,-0.228156
"cg_vd_v",65805.6,-0.145321
"cg_vd_v",65805.7,-0.225373
"cg_vd_v",65805.7,0.0460863
"cg_vd_v",65805.7,-0.0498969
"cg_vd_v",65805.7,0.0281383
"cg_vd_v",65805.7,-0.148466
"cg_vd_v",65805.7,-0.0891654
"cg_vd_v",65805.7,-0.216793
"cg_vd_v",65805.7,-0.443898
"cg_vd_v",65805.7,-0.300775
"cg_vd_v",65805.7,-0.213455
"cg_vd_v",65805.8,-0.230262
"cg_vd_v",65805.8,-0.141622
"cg_vd_v",65805.8,-0.240256
"cg_vd_v",65805.8,0.0623466
"cg_vd_v",65805.8,-0.0994122
"cg_vd_v",65805.8,0.0364049
"cg_vd_v",65805.8,-0.0740017
"cg_vd_v",65805.8,-0.086697
"cg_vd_v",65805.8,-0.181384
"cg_vd_v",65805.8,-0.349391
"cg_vd_v",65805.8,-0.278923
"cg_vd_v",65805.9,-0.238616
"cg_vd_v",65805.9,-0.202102
"cg_vd_v",65805.9,-0.160232
"cg_vd_v",65805.9,-0.274284
"cg_vd_v",65805.9,0.0229003
"cg_vd_v",65805.9,-0.0235617
"cg_vd_v",65805.9,0.00589815
"cg_vd_v",65805.9,-0.0644875
"cg_vd_v",65805.9,-0.14502
"cg_vd_v",65805.9,-0.214544
"cg_vd_v",65806,-0.441839
"cg_vd_v",65806,-0.270196
"cg_vd_v",65806,-0.139355
"cg_vd_v",65806,-0.235826
"cg_vd_v",65806,-0.0781502
"cg_vd_v",65806,-0.228038
"cg_vd_v",65806,-0.0157069
"cg_vd_v",65806,-0.0362575
"cg_vd_v",65806,0.0576626
"cg_vd_v",65806,-0.127194
"cg_vd_v",65806.1,-0.10878
"cg_vd_v",65806.1,-0.258242
"cg_vd_v",65806.1,-0.38116
"cg_vd_v",65806.1,-0.309109
"cg_vd_v",65806.1,-0.170458
"cg_vd_v",65806.1,-0.217695
"cg_vd_v",65806.1,-0.117287
"cg_vd_v",65806.1,-0.209144
"cg_vd_v",65806.1,0.00848886
"cg_vd_v",65806.1,-0.0869055
"cg_vd_v",65806.2,0.0601443
"cg_vd_v",65806.2,-0.121244
"cg_vd_v",65806.2,-0.0982361
"cg_vd_v",65806.2,-0.204191
"cg_vd_v",65806.2,-0.397193
"cg_vd_v",65806.2,-0.29233
"cg_vd_v",65806.2,-0.211076
"cg_vd_v",65806.2,-0.233959
"cg_vd_v",65806.2,-0.121222
"cg_vd_v",65806.2,-0.253149
"cg_vd_v",65806.3,0.0444218
"cg_vd_v",65806.3,-0.0193718
"cg_vd_v",65806.3,0.0597703
"cg_vd_v",65806.3,-0.14628
"cg_vd_v",65806.3,-0.126038
"cg_vd_v",65806.3,-0.220304
"cg_vd_v",65806.3,-0.480503
"cg_vd_v",65806.3,-0.262779
"cg_vd_v",65806.3,-0.213725
"cg_vd_v",65806.3,-0.19173
"cg_vd_v",65806.4,-0.130687
"cg_vd_v",65806.4,-0.233601
"cg_vd_v",65806.4,0.0581119
"cg_vd_v",65806.4,-0.0561855
"cg_vd_v",65806.4,0.0427584
"cg_vd_v",65806.4,-0.163252
"cg_vd_v",65806.4,-0.0799094
"cg_vd_v",65806.4,-0.199319
"cg_vd_v",65806.4,-0.415799
"cg_vd_v",65806.4,-0.286615
"cg_vd_v",65806.5,-0.160739
"cg_vd_v",65806.5,-0.157524
"cg_vd_v",65806.5,-0.163299
"cg_vd_v",65806.5,-0.244768
"cg_vd_v",65806.5,0.0435638
"cg_vd_v",65806.5,-0.0494511
"cg_vd_v",65806.5,0.0361488
"cg_vd_v",65806.5,0.0730078
"cg_vd_v",65806.5,-0.118171
"cg_vd_v",65806.5,-0.21191
"cg_vd_v",65806.6,-0.311146
"cg_vd_v",65806.6,-0.232156
"cg_vd_v",65806.6,-0.202866
"cg_vd_v",65806.6,-0.21811
"cg_vd_v",65806.6,-0.111363
"cg_vd_v",65806.6,-0.22805
"cg_vd_v",65806.6,-0.0226762
"cg_vd_v",65806.6,-0.0244852
"cg_vd_v",65806.6,0.0637783
"cg_vd_v",65806.6,-0.0976244
"cg_vd_v",65806.7,-0.0949457
"cg_vd_v",65806.7,-0.24794
"cg_vd_v",65806.7,-0.414133
"cg_vd_v",65806.7,-0.224785
"cg_vd_v",65806.7,-0.196399
"cg_vd_v",65806.7,-0.217717
"cg_vd_v",65806.7,-0.143694
"cg_vd_v",65806.7,-0.339109
"cg_vd_v",65806.7,0.0468526
"cg_vd_v",65806.7,-0.0669138
"cg_vd_v",65806.8,-0.0103299
"cg_vd_v",65806.8,-0.081656
"cg_vd_v",65806.8,-0.106423
"cg_vd_v",65806.8,-0.189664
"cg_vd_v",65806.8,-0.388697
"cg_vd_v",65806.8,-0.211803
"cg_vd_v",65806.8,-0.212734
"cg_vd_v",65806.8,-0.250127
"cg_vd_v",65806.8,-0.1464
"cg_vd_v",65806.8,-0.225442
"cg_vd_v",65806.9,-0.00517646
"cg_vd_v",65806.9,-0.0651919
"cg_vd_v",65806.9,0.0470791
"cg_vd_v",65806.9,-0.0900356
"cg_vd_v",65806.9,-0.103086
"cg_vd_v",65806.9,-0.150641
"cg_vd_v",65806.9,-0.429594
"cg_vd_v",65806.9,-0.328065
"cg_vd_v",65806.9,-0.217159
"cg_vd_v",65806.9,-0.22498
"cg_vd_v",65807,-0.143185
"cg_vd_v",65807,-0.219022
"cg_vd_v",65807,-0.0321647
"cg_vd_v",65807,-0.0399835
"cg_vd_v",65807,0.0232228
"cg_vd_v",65807,-0.129234
"cg_vd_v",65807,-0.0854205
"cg_vd_v",65807,-0.203209
"cg_vd_v",65807,-0.404673
"cg_vd_v",65807,-0.318035
"cg_vd_v",65807.1,-0.222076
"cg_vd_v",65807.1,-0.211652
"cg_vd_v",65807.1,-0.130541
"cg_vd_v",65807.1,-0.206097
"cg_vd_v",65807.1,-0.0360136
"cg_vd_v",65807.1,-0.0723305
"cg_vd_v",65807.1,0.00164207
"cg_vd_v",65807.1,-0.137038
"cg_vd_v",65807.1,-0.132274
"cg_vd_v",65807.1,-0.208769
"cg_vd_v",65807.2,-0.424837
"cg_vd_v",65807.2,-0.288638
"cg_vd_v",65807.2,-0.265086
"cg_vd_v",65807.2,-0.22653
"cg_vd_v",65807.2,-0.110815
"cg_vd_v",65807.2,-0.247135
"cg_vd_v",65807.2,0.0211192
"cg_vd_v",65807.2,-0.039118
"cg_vd_v",65807.2,-0.0281598
"cg_vd_v",65807.2,-0.101556
"cg_vd_v",65807.3,-0.109846
"cg_vd_v",65807.3,-0.228851
"cg_vd_v",65807.3,-0.442211
"cg_vd_v",65807.3,-0.270231
"cg_vd_v",65807.3,-0.235616
"cg_vd_v",65807.3,-0.198531
"cg_vd_v",65807.3,-0.155292
"cg_vd_v",65807.3,-0.303542
"cg_vd_v",65807.3,-0.000188825
"cg_vd_v",65807.3,-0.0673374
"cg_vd_v",65807.4,0.038909
"cg_vd_v",65807.4,-0.0996491
"cg_vd_v",65807.4,-0.118623
"cg_vd_v",65807.4,-0.214603
"cg_vd_v",65807.4,-0.407507
"cg_vd_v",65807.4,-0.263997
"cg_vd_v",65807.4,-0.209629
"cg_vd_v",65807.4,-0.225102
"cg_vd_v",65807.4,-0.126625
"cg_vd_v",65807.4,-0.268233
"cg_vd_v",65807.5,-0.000737909
"cg_vd_v",65807.5,-0.0153405
"cg_vd_v",65807.5,0.0299946
"cg_vd_v",65807.5,-0.135798
"cg_vd_v",65807.5,-0.139727
"cg_vd_v",65807.5,-0.279369
"cg_vd_v",65807.5,-0.403077
"cg_vd_v",65807.5,-0.262984
"cg_vd_v",65807.5,-0.209232
"cg_vd_v",65807.5,-0.263429
"cg_vd_v",65807.6,-0.123586
"cg_vd_v",65807.6,-0.270349
"cg_vd_v",65807.6,0.0535179
"cg_vd_v",65807.6,-0.108152
"cg_vd_v",65807.6,0.0493825
"cg_vd_v",65807.6,-0.165802
"cg_vd_v",65807.6,-0.115669
"cg_vd_v",65807.6,-0.186495
"cg_vd_v",65807.6,-0.428122
"cg_vd_v",65807.6,-0.291272
"cg_vd_v",65807.7,-0.223337
"cg_vd_v",65807.7,-0.230845
"cg_vd_v",65807.7,-0.15992
"cg_vd_v",65807.7,-0.261991
"cg_vd_v",65807.7,0.0138661
"cg_vd_v",65807.7,-0.0573733
"cg_vd_v",65807.7,0.025086
"cg_vd_v",65807.7,-0.117782
"cg_vd_v",65807.7,-0.128533
"cg_vd_v",65807.7,-0.189478
"cg_vd_v",65807.8,-0.426885
"cg_vd_v",65807.8,-0.324523
"cg_vd_v",65807.8,-0.24925
"cg_vd_v",65807.8,-0.262706
"cg_vd_v",65807.8,-0.15515
"cg_vd_v",65807.8,-0.23992
"cg_vd_v",65807.8,0.0292957
"cg_vd_v",65807.8,-0.0291315
"cg_vd_v",65807.8,-0.0339426
"cg_vd_v",65807.8,-0.111356
"cg_vd_v",65807.9,-0.0942157
"cg_vd_v",65807.9,-0.225908
"cg_vd_v",65807.9,-0.432406
"cg_vd_v",65807.9,-0.34797
"cg_vd_v",65807.9,-0.24564
"cg_vd_v",65807.9,-0.27208
"cg_vd_v",65807.9,-0.16858
"cg_vd_v",65807.9,-0.255117
"cg_vd_v",65807.9,-0.01795
"cg_vd_v",65807.9,0.00228607
"cg_vd_v",65808,0.0677074
"cg_vd_v",65808,-0.107022
"cg_vd_v",65808,-0.116113
"cg_vd_v",65808,-0.219237
"cg_vd_v",65808,-0.458815
"cg_vd_v",65808,-0.266866
"cg_vd_v",65808,-0.247634
"cg_vd_v",65808,-0.291983
"cg_vd_v",65808,-0.137944
"cg_vd_v",65808,-0.234309
"cg_vd_v",65808.1,-0.0067558
"cg_vd_v",65808.1,-0.0527491
"cg_vd_v",65808.1,-0.00227292
"cg_vd_v",65808.1,-0.114157
"cg_vd_v",65808.1,-0.155461
"cg_vd_v",65808.1,-0.238373
"cg_vd_v",65808.1,-0.40669
"cg_vd_v",65808.1,-0.275939
"cg_vd_v",65808.1,-0.247989
"cg_vd_v",65808.1,-0.259498
"cg_vd_v",65808.1,-0.111528
"cg_vd_v",65808.2,-0.251174
"cg_vd_v",65808.2,0.0386113
"cg_vd_v",65808.2,-0.0800035
"cg_vd_v",65808.2,0.0388953
"cg_vd_v",65808.2,-0.139516
"cg_vd_v",65808.2,-0.096784
"cg_vd_v",65808.2,-0.244037
"cg_vd_v",65808.2,-0.501509
"cg_vd_v",65808.2,-0.325591
"cg_vd_v",65808.2,-0.233324
"cg_vd_v",65808.3,-0.210241
"cg_vd_v",65808.3,-0.105289
"cg_vd_v",65808.3,-0.231171
"cg_vd_v",65808.3,0.00420273
"cg_vd_v",65808.3,-0.0556676
"cg_vd_v",65808.3,0.0194461
"cg_vd_v",65808.3,-0.154626
"cg_vd_v",65808.3,-0.114421
"cg_vd_v",65808.3,-0.246641
"cg_vd_v",65808.4,-0.394925
"cg_vd_v",65808.4,-0.260248
"cg_vd_v",65808.4,-0.265018
"cg_vd_v",65808.4,-0.264736
"cg_vd_v",65808.4,-0.104536
"cg_vd_v",65808.4,-0.270348
"cg_vd_v",65808.4,-0.00240236
"cg_vd_v",65808.4,-0.0603864
"cg_vd_v",65808.4,0.0199385
"cg_vd_v",65808.4,-0.125779
"cg_vd_v",65808.5,-0.132494
"cg_vd_v",65808.5,-0.229016
"cg_vd_v",65808.5,-0.399485
"cg_vd_v",65808.5,-0.29705
"cg_vd_v",65808.5,-0.226256
"cg_vd_v",65808.5,-0.271421
"cg_vd_v",65808.5,-0.101954
"cg_vd_v",65808.5,-0.201933
"cg_vd_v",65808.5,-0.00293914
"cg_vd_v",65808.5,-0.0638988
"cg_vd_v",65808.6,0.0762419
"cg_vd_v",65808.6,-0.14282
"cg_vd_v",65808.6,-0.120171
"cg_vd_v",65808.6,-0.265251
"cg_vd_v",65808.6,-0.400127
"cg_vd_v",65808.6,-0.246903
"cg_vd_v",65808.6,-0.282827
"cg_vd_v",65808.6,-0.22871
"cg_vd_v",65808.6,-0.167919
"cg_vd_v",65808.6,-0.2821
"cg_vd_v",65808.7,0.0607867
"cg_vd_v",65808.7,0.0093991
"cg_vd_v",65808.7,0.0200975
"cg_vd_v",65808.7,-0.0735885
"cg_vd_v",65808.7,-0.115434
"cg_vd_v",65808.7,-0.240227
"cg_vd_v",65808.7,-0.401697
"cg_vd_v",65808.7,-0.289876
"cg_vd_v",65808.7,-0.261163
"cg_vd_v",65808.7,-0.246574
"cg_vd_v",65808.8,-0.143752
"cg_vd_v",65808.8,-0.246256
"cg_vd_v",65808.8,0.143199
"cg_vd_v",65808.8,-0.0631868
"cg_vd_v",65808.8,0.0560406
"cg_vd_v",65808.8,-0.117219
"cg_vd_v",65808.8,-0.11551
"cg_vd_v",65808.8,-0.247645
"cg_vd_v",65808.8,-0.370857
"cg_vd_v",65808.8,-0.269802
"cg_vd_v",65808.9,-0.262304
"cg_vd_v",65808.9,-0.258462
"cg_vd_v",65808.9,-0.115269
"cg_vd_v",65808.9,-0.218068
"cg_vd_v",65808.9,0.0240638
"cg_vd_v",65808.9,-0.0584708
"cg_vd_v",65808.9,0.0605623
"cg_vd_v",65808.9,-0.148277
"cg_vd_v",65808.9,-0.0907245
"cg_vd_v",65808.9,-0.197569
"cg_vd_v",65809,-0.440044
"cg_vd_v",65809,-0.287322
"cg_vd_v",65809,-0.279129
"cg_vd_v",65809,-0.231998
"cg_vd_v",65809,-0.125458
"cg_vd_v",65809,-0.213851
"cg_vd_v",65809,0.0287167
"cg_vd_v",65809,-0.00242911
"cg_vd_v",65809,0.0655124
"cg_vd_v",65809,-0.155789
"cg_vd_v",65809.1,-0.118772
"cg_vd_v",65809.1,-0.277258
"cg_vd_v",65809.1,-0.405426
"cg_vd_v",65809.1,-0.301538
"cg_vd_v",65809.1,-0.236785
"cg_vd_v",65809.1,-0.262795
"cg_vd_v",65809.1,-0.0840248
"cg_vd_v",65809.1,-0.179899
"cg_vd_v",65809.1,0.0533965
"cg_vd_v",65809.1,-0.0407826
"cg_vd_v",65809.2,0.0613434
"cg_vd_v",65809.2,-0.166351
"cg_vd_v",65809.2,-0.10258
"cg_vd_v",65809.2,-0.240888
"cg_vd_v",65809.2,-0.457189
"cg_vd_v",65809.2,-0.34224
"cg_vd_v",65809.2,-0.233688
"cg_vd_v",65809.2,-0.281605
"cg_vd_v",65809.2,-0.105776
"cg_vd_v",65809.2,-0.230449
"cg_vd_v",65809.3,0.00527256
"cg_vd_v",65809.3,-0.0990497
"cg_vd_v",65809.3,0.0610384
"cg_vd_v",65809.3,-0.0743258
"cg_vd_v",65809.3,-0.10749
"cg_vd_v",65809.3,-0.209819
"cg_vd_v",65809.3,-0.360533
"cg_vd_v",65809.3,-0.292065
"cg_vd_v",65809.3,-0.253547
"cg_vd_v",65809.3,-0.228849
"cg_vd_v",65809.4,-0.0980745
"cg_vd_v",65809.4,-0.219662
"cg_vd_v",65809.4,0.0575862
"cg_vd_v",65809.4,-0.154282
"cg_vd_v",65809.4,0.0108978
"cg_vd_v",65809.4,-0.146172
"cg_vd_v",65809.4,-0.0951031
"cg_vd_v",65809.4,-0.250314
"cg_vd_v",65809.4,-0.410066
"cg_vd_v",65809.4,-0.330844
"cg_vd_v",65809.5,-0.250786
"cg_vd_v",65809.5,-0.248688
"cg_vd_v",65809.5,-0.0983509
"cg_vd_v",65809.5,-0.209778
"cg_vd_v",65809.5,0.128593
"cg_vd_v",65809.5,-0.0559037
"cg_vd_v",65809.5,0.0317144
"cg_vd_v",65809.5,-0.139039
"cg_vd_v",65809.5,-0.128996
"cg_vd_v",65809.5,-0.232296
"cg_vd_v",65809.6,-0.424443
"cg_vd_v",65809.6,-0.29015
"cg_vd_v",65809.6,-0.218781
"cg_vd_v",65809.6,-0.234357
"cg_vd_v",65809.6,-0.115979
"cg_vd_v",65809.6,-0.187724
"cg_vd_v",65809.6,0.0343027
"cg_vd_v",65809.6,-0.0877444
"cg_vd_v",65809.6,0.0805018
"cg_vd_v",65809.6,-0.139242
"cg_vd_v",65809.7,-0.121207
"cg_vd_v",65809.7,-0.224208
"cg_vd_v",65809.7,-0.429375
"cg_vd_v",65809.7,-0.22611
"cg_vd_v",65809.7,-0.260732
"cg_vd_v",65809.7,-0.235209
"cg_vd_v",65809.7,-0.12675
"cg_vd_v",65809.7,-0.271753
"cg_vd_v",65809.7,0.0636102
"cg_vd_v",65809.7,-0.0298667
"cg_vd_v",65809.8,0.0305443
"cg_vd_v",65809.8,-0.112761
"cg_vd_v",65809.8,-0.0710269
"cg_vd_v",65809.8,-0.20519
"cg_vd_v",65809.8,-0.339913
"cg_vd_v",65809.8,-0.288235
"cg_vd_v",65809.8,-0.24441
"cg_vd_v",65809.8,-0.256678
"cg_vd_v",65809.8,-0.0983018
"cg_vd_v",65809.8,-0.247824
"cg_vd_v",65809.9,0.0456472
"cg_vd_v",65809.9,-0.0197507
"cg_vd_v",65809.9,0.0591499
"cg_vd_v",65809.9,-0.159547
"cg_vd_v",65809.9,-0.147026
"cg_vd_v",65809.9,-0.242314
"cg_vd_v",65809.9,-0.407097
"cg_vd_v",65809.9,-0.293725
"cg_vd_v",65809.9,-0.240246
"cg_vd_v",65809.9,-0.221668
"cg_vd_v",65810,-0.100369
"cg_vd_v",65810,-0.252223
"cg_vd_v",65810,0.0339396
"cg_vd_v",65810,-0.0886509
"cg_vd_v",65810,0.0705134
"cg_vd_v",65810,-0.116447
"cg_vd_v",65810,-0.0883129
"cg_vd_v",65810,-0.232178
"cg_vd_v",65810,-0.410174
"cg_vd_v",65810,-0.275653
"cg_vd_v",65810.1,-0.222048
"cg_vd_v",65810.1,-0.220396
"cg_vd_v",65810.1,-0.0838997
"cg_vd_v",65810.1,-0.224433
"cg_vd_v",65810.1,0.0674148
"cg_vd_v",65810.1,-0.0572812
"cg_vd_v",65810.1,0.100686
"cg_vd_v",65810.1,-0.152637
"cg_vd_v",65810.1,-0.0634396
"cg_vd_v",65810.1,-0.174954
"cg_vd_v",65810.1,-0.447558
"cg_vd_v",65810.2,-0.249597
"cg_vd_v",65810.2,-0.229762
"cg_vd_v",65810.2,-0.216677
"cg_vd_v",65810.2,-0.13292
"cg_vd_v",65810.2,-0.234627
"cg_vd_v",65810.2,-0.0104654
"cg_vd_v",65810.2,-0.0622755
"cg_vd_v",65810.2,0.0253309
"cg_vd_v",65810.2,-0.0709239
"cg_vd_v",65810.2,-0.0546895
"cg_vd_v",65810.3,-0.181277
"cg_vd_v",65810.3,-0.345803
"cg_vd_v",65810.3,-0.3341
"cg_vd_v",65810.3,-0.256329
"cg_vd_v",65810.3,-0.222717
"cg_vd_v",65810.3,-0.114214
"cg_vd_v",65810.3,-0.150909
"cg_vd_v",65810.3,0.0922109
"cg_vd_v",65810.3,-0.0597854
"cg_vd_v",65810.4,0.0463518
"cg_vd_v",65810.4,-0.114962
"cg_vd_v",65810.4,-0.136053
"cg_vd_v",65810.4,-0.191037
"cg_vd_v",65810.4,-0.335625
"cg_vd_v",65810.4,-0.195198
"cg_vd_v",65810.4,-0.241528
"cg_vd_v",65810.4,-0.266213
"cg_vd_v",65810.4,-0.0962059
"cg_vd_v",65810.4,-0.173093
"cg_vd_v",65810.5,0.0558877
"cg_vd_v",65810.5,-0.0660389
"cg_vd_v",65810.5,-0.000247261
"cg_vd_v",65810.5,-0.167422
"cg_vd_v",65810.5,-0.0634015
"cg_vd_v",65810.5,-0.241632
"cg_vd_v",65810.5,-0.266387
"cg_vd_v",65810.5,-0.274666
"cg_vd_v",65810.5,-0.210075
"cg_vd_v",65810.5,-0.196313
"cg_vd_v",65810.6,-0.117752
"cg_vd_v",65810.6,-0.230421
"cg_vd_v",65810.6,0.0851383
"cg_vd_v",65810.6,-0.0573883
"cg_vd_v",65810.6,0.0256356
"cg_vd_v",65810.6,-0.101064
"cg_vd_v",65810.6,-0.0724417
"cg_vd_v",65810.6,-0.213567
"cg_vd_v",65810.6,-0.413453
"cg_vd_v",65810.6,-0.316463
"cg_vd_v",65810.7,-0.244224
"cg_vd_v",65810.7,-0.211195
"cg_vd_v",65810.7,-0.087044
"cg_vd_v",65810.7,-0.211188
"cg_vd_v",65810.7,-0.0193647
"cg_vd_v",65810.7,-0.0705554
"cg_vd_v",65810.7,0.0716629
"cg_vd_v",65810.7,-0.152622
"cg_vd_v",65810.7,-0.0789909
"cg_vd_v",65810.8,-0.240404
"cg_vd_v",65810.8,-0.307536
"cg_vd_v",65810.8,-0.193615
"cg_vd_v",65810.8,-0.269649
"cg_vd_v",65810.8,-0.228801
"cg_vd_v",65810.8,-0.0745628
"cg_vd_v",65810.8,-0.14912
"cg_vd_v",65810.8,-0.0277411
"cg_vd_v",65810.8,0.00535964
"cg_vd_v",65810.8,0.0392985
"cg_vd_v",65810.9,-0.148264
"cg_vd_v",65810.9,-0.076599
"cg_vd_v",65810.9,-0.227296
"cg_vd_v",65810.9,-0.361599
"cg_vd_v",65810.9,-0.22467
"cg_vd_v",65810.9,-0.222576
"cg_vd_v",65810.9,-0.218762
"cg_vd_v",65810.9,-0.035595
"cg_vd_v",65810.9,-0.244926
"cg_vd_v",65810.9,0.0023652
"cg_vd_v",65810.9,-0.0348229
"cg_vd_v",65811,0.0404113
"cg_vd_v",65811,-0.10116
"cg_vd_v",65811,-0.0951567
"cg_vd_v",65811,-0.224263
"cg_vd_v",65811,-0.398944
"cg_vd_v",65811,-0.326534
"cg_vd_v",65811,-0.203729
"cg_vd_v",65811,-0.266571
"cg_vd_v",65811,-0.0745784
"cg_vd_v",65811,-0.167244
"cg_vd_v",65811.1,0.033298
"cg_vd_v",65811.1,-0.0499722
"cg_vd_v",65811.1,0.0675837
"cg_vd_v",65811.1,-0.158001
"cg_vd_v",65811.1,-0.067007
"cg_vd_v",65811.1,-0.248122
"cg_vd_v",65811.1,-0.360305
"cg_vd_v",65811.1,-0.316255
"cg_vd_v",65811.1,-0.200137
"cg_vd_v",65811.1,-0.242006
"cg_vd_v",65811.2,-0.0749359
"cg_vd_v",65811.2,-0.184466
"cg_vd_v",65811.2,0.0169256
"cg_vd_v",65811.2,-0.0855267
"cg_vd_v",65811.2,0.0748962
"cg_vd_v",65811.2,-0.101025
"cg_vd_v",65811.2,-0.117045
"cg_vd_v",65811.2,-0.190184
"cg_vd_v",65811.2,-0.399413
"cg_vd_v",65811.2,-0.331817
"cg_vd_v",65811.3,-0.228246
"cg_vd_v",65811.3,-0.228675
"cg_vd_v",65811.3,-0.0996111
"cg_vd_v",65811.3,-0.195265
"cg_vd_v",65811.3,0.0705828
"cg_vd_v",65811.3,-0.0674968
"cg_vd_v",65811.3,0.0245684
"cg_vd_v",65811.3,-0.135677
"cg_vd_v",65811.3,-0.137776
"cg_vd_v",65811.4,-0.207907
"cg_vd_v",65811.4,-0.401369
"cg_vd_v",65811.4,-0.311522
"cg_vd_v",65811.4,-0.256497
"cg_vd_v",65811.4,-0.250968
"cg_vd_v",65811.4,-0.101106
"cg_vd_v",65811.4,-0.187746
"cg_vd_v",65811.4,-0.0214648
"cg_vd_v",65811.4,-0.0645936
"cg_vd_v",65811.4,0.0249171
"cg_vd_v",65811.4,-0.116942
"cg_vd_v",65811.5,-0.119491
"cg_vd_v",65811.5,-0.251203
"cg_vd_v",65811.5,-0.366395
"cg_vd_v",65811.5,-0.268435
"cg_vd_v",65811.5,-0.213417
"cg_vd_v",65811.5,-0.209699
"cg_vd_v",65811.5,-0.0939657
"cg_vd_v",65811.5,-0.17535
"cg_vd_v",65811.5,0.0648244
"cg_vd_v",65811.6,-0.0975602
"cg_vd_v",65811.6,0.0964781
"cg_vd_v",65811.6,-0.171201
"cg_vq_v",65796.5,11.0215
"cg_vq_v",65796.5,10.8421
"cg_vq_v",65796.5,11.0063
"cg_vq_v",65796.6,11.0671
"cg_vq_v",65796.6,11.1178
"cg_vq_v",65796.6,11.2
"cg_vq_v",65796.6,11.2468
"cg_vq_v",65796.6,11.1241
"cg_vq_v",65796.6,11.0754
"cg_vq_v",65796.6,10.7431
"cg_vq_v",65796.6,11.0262
"cg_vq_v",65796.6,10.9657
"cg_vq_v",65796.6,10.9892
"cg_vq_v",65796.7,10.8141
"cg_vq_v",65796.7,10.8856
"cg_vq_v",65796.7,11.0395
"cg_vq_v",65796.7,11.2599
"cg_vq_v",65796.7,11.2475
"cg_vq_v",65796.7,11.2935
"cg_vq_v",65796.7,11.1434
"cg_vq_v",65796.7,11.0842
"cg_vq_v",65796.7,10.6728
"cg_vq_v",65796.7,10.9791
"cg_vq_v",65796.8,10.972
"cg_vq_v",65796.8,10.9042
"cg_vq_v",65796.8,10.7787
"cg_vq_v",65796.8,10.9641
"cg_vq_v",65796.8,11.0542
"cg_vq_v",65796.8,11.1908
"cg_vq_v",65796.8,11.2297
"cg_vq_v",65796.8,11.2337
"cg_vq_v",65796.8,11.1126
"cg_vq_v",65796.8,10.9693
"cg_vq_v",65796.9,10.7596
"cg_vq_v",65796.9,10.9284
"cg_vq_v",65796.9,10.9758
"cg_vq_v",65796.9,11.0038
"cg_vq_v",65796.9,10.8104
"cg_vq_v",65796.9,10.9436
"cg_vq_v",65796.9,11.0338
"cg_vq_v",65796.9,11.1903
"cg_vq_v",65796.9,11.2294
"cg_vq_v",65796.9,11.2014
"cg_vq_v",65797,11.1355
"cg_vq_v",65797,10.9702
"cg_vq_v",65797,10.7428
"cg_vq_v",65797,10.9594
"cg_vq_v",65797,10.9347
"cg_vq_v",65797,10.9677
"cg_vq_v",65797,10.8053
"cg_vq_v",65797,10.996
"cg_vq_v",65797,11.0898
"cg_vq_v",65797,11.258
"cg_vq_v",65797.1,11.1505
"cg_vq_v",65797.1,11.2189
"cg_vq_v",65797.1,11.1055
"cg_vq_v",65797.1,11.0878
"cg_vq_v",65797.1,10.7213
"cg_vq_v",65797.1,10.9363
"cg_vq_v",65797.1,10.9591
"cg_vq_v",65797.1,10.9638
"cg_vq_v",65797.1,10.7996
"cg_vq_v",65797.1,10.9673
"cg_vq_v",65797.2,11.0826
"cg_vq_v",65797.2,11.1518
"cg_vq_v",65797.2,11.2126
"cg_vq_v",65797.2,11.322
"cg_vq_v",65797.2,11.1393
"cg_vq_v",65797.2,11.0869
"cg_vq_v",65797.2,10.7405
"cg_vq_v",65797.2,10.9151
"cg_vq_v",65797.2,10.9109
"cg_vq_v",65797.2,10.9869
"cg_vq_v",65797.3,10.7855
"cg_vq_v",65797.3,10.8839
"cg_vq_v",65797.3,11.1377
"cg_vq_v",65797.3,11.2694
"cg_vq_v",65797.3,11.185
"cg_vq_v",65797.3,11.1909
"cg_vq_v",65797.3,11.0942
"cg_vq_v",65797.3,11.0436
"cg_vq_v",65797.3,10.6904
"cg_vq_v",65797.3,11.0229
"cg_vq_v",65797.4,10.9471
"cg_vq_v",65797.4,10.9698
"cg_vq_v",65797.4,10.7993
"cg_vq_v",65797.4,10.9948
"cg_vq_v",65797.4,11.1049
"cg_vq_v",65797.4,11.2073
"cg_vq_v",65797.4,11.2152
"cg_vq_v",65797.4,11.2716
"cg_vq_v",65797.4,11.1157
"cg_vq_v",65797.4,11.0765
"cg_vq_v",65797.5,10.6975
"cg_vq_v",65797.5,10.9664
"cg_vq_v",65797.5,11.0116
"cg_vq_v",65797.5,11.0006
"cg_vq_v",65797.5,10.7758
"cg_vq_v",65797.5,10.9721
"cg_vq_v",65797.5,11.0893
"cg_vq_v",65797.5,11.2444
"cg_vq_v",65797.5,11.1998
"cg_vq_v",65797.5,11.2135
"cg_vq_v",65797.6,11.0711
"cg_vq_v",65797.6,11.0507
"cg_vq_v",65797.6,10.7074
"cg_vq_v",65797.6,10.9756
"cg_vq_v",65797.6,10.8684
"cg_vq_v",65797.6,11.0008
"cg_vq_v",65797.6,10.7342
"cg_vq_v",65797.6,10.9435
"cg_vq_v",65797.6,11.0865
"cg_vq_v",65797.6,11.1943
"cg_vq_v",65797.7,11.1922
"cg_vq_v",65797.7,11.1914
"cg_vq_v",65797.7,11.1263
"cg_vq_v",65797.7,11.0757
"cg_vq_v",65797.7,10.732
"cg_vq_v",65797.7,10.99
"cg_vq_v",65797.7,10.9376
"cg_vq_v",65797.7,10.9966
"cg_vq_v",65797.7,10.784
"cg_vq_v",65797.7,10.946
"cg_vq_v",65797.8,11.0361
"cg_vq_v",65797.8,11.1585
"cg_vq_v",65797.8,11.2142
"cg_vq_v",65797.8,11.2419
"cg_vq_v",65797.8,11.0948
"cg_vq_v",65797.8,11.0721
"cg_vq_v",65797.8,10.7032
"cg_vq_v",65797.8,10.9629
"cg_vq_v",65797.8,10.8834
"cg_vq_v",65797.8,10.9458
"cg_vq_v",65797.9,10.824
"cg_vq_v",65797.9,11.0018
"cg_vq_v",65797.9,11.1173
"cg_vq_v",65797.9,11.1967
"cg_vq_v",65797.9,11.2178
"cg_vq_v",65797.9,11.1912
"cg_vq_v",65797.9,11.1241
"cg_vq_v",65797.9,11.0992
"cg_vq_v",65797.9,10.6319
"cg_vq_v",65797.9,10.9973
"cg_vq_v",65798,10.8498
"cg_vq_v",65798,10.9653
"cg_vq_v",65798,10.7807
"cg_vq_v",65798,10.9869
"cg_vq_v",65798,11.1388
"cg_vq_v",65798,11.1911
"cg_vq_v",65798,11.1872
"cg_vq_v",65798,11.2428
"cg_vq_v",65798,11.0455
"cg_vq_v",65798,11.0292
"cg_vq_v",65798.1,10.7466
"cg_vq_v",65798.1,11.0636
"cg_vq_v",65798.1,10.9918
"cg_vq_v",65798.1,10.9557
"cg_vq_v",65798.1,10.8061
"cg_vq_v",65798.1,10.9519
"cg_vq_v",65798.1,11.1115
"cg_vq_v",65798.1,11.232
"cg_vq_v",65798.1,11.15
"cg_vq_v",65798.1,11.1997
"cg_vq_v",65798.2,11.1071
"cg_vq_v",65798.2,11.0233
"cg_vq_v",65798.2,10.7284
"cg_vq_v",65798.2,10.9977
"cg_vq_v",65798.2,10.8916
"cg_vq_v",65798.2,10.9407
"cg_vq_v",65798.2,10.8028
"cg_vq_v",65798.2,11.0402
"cg_vq_v",65798.2,11.1286
"cg_vq_v",65798.2,11.2184
"cg_vq_v",65798.2,11.2426
"cg_vq_v",65798.3,11.1706
"cg_vq_v",65798.3,11.1263
"cg_vq_v",65798.3,11.0347
"cg_vq_v",65798.3,10.7046
"cg_vq_v",65798.3,10.9984
"cg_vq_v",65798.3,10.9069
"cg_vq_v",65798.3,10.9667
"cg_vq_v",65798.3,10.8378
"cg_vq_v",65798.3,10.9941
"cg_vq_v",65798.4,11.0657
"cg_vq_v",65798.4,11.1813
"cg_vq_v",65798.4,11.1762
"cg_vq_v",65798.4,11.106
"cg_vq_v",65798.4,11.0642
"cg_vq_v",65798.4,11.032
"cg_vq_v",65798.4,10.7107
"cg_vq_v",65798.4,11.0202
"cg_vq_v",65798.4,10.947
"cg_vq_v",65798.4,10.9582
"cg_vq_v",65798.5,10.7991
"cg_vq_v",65798.5,10.9392
"cg_vq_v",65798.5,11.0729
"cg_vq_v",65798.5,11.1061
"cg_vq_v",65798.5,11.1293
"cg_vq_v",65798.5,11.1474
"cg_vq_v",65798.5,11.0502
"cg_vq_v",65798.5,11.0124
"cg_vq_v",65798.5,10.7296
"cg_vq_v",65798.5,11.0022
"cg_vq_v",65798.6,10.9176
"cg_vq_v",65798.6,10.9622
"cg_vq_v",65798.6,10.807
"cg_vq_v",65798.6,10.8963
"cg_vq_v",65798.6,11.0529
"cg_vq_v",65798.6,11.1757
"cg_vq_v",65798.6,11.1704
"cg_vq_v",65798.6,11.1712
"cg_vq_v",65798.6,11.0876
"cg_vq_v",65798.6,11.0777
"cg_vq_v",65798.7,10.7803
"cg_vq_v",65798.7,11.0192
"cg_vq_v",65798.7,10.9212
"cg_vq_v",65798.7,10.8815
"cg_vq_v",65798.7,10.818
"cg_vq_v",65798.7,10.9388
"cg_vq_v",65798.7,11.1069
"cg_vq_v",65798.7,11.1855
"cg_vq_v",65798.7,11.1603
"cg_vq_v",65798.7,11.1836
"cg_vq_v",65798.8,11.0955
"cg_vq_v",65798.8,11.0273
"cg_vq_v",65798.8,10.7512
"cg_vq_v",65798.8,10.9443
"cg_vq_v",65798.8,10.9158
"cg_vq_v",65798.8,10.9498
"cg_vq_v",65798.8,10.8004
"cg_vq_v",65798.8,10.9717
"cg_vq_v",65798.8,11.1282
"cg_vq_v",65798.8,11.1807
"cg_vq_v",65798.9,11.193
"cg_vq_v",65798.9,11.2208
"cg_vq_v",65798.9,11.1118
"cg_vq_v",65798.9,10.9708
"cg_vq_v",65798.9,10.7774
"cg_vq_v",65798.9,10.9322
"cg_vq_v",65798.9,10.9115
"cg_vq_v",65798.9,10.9316
"cg_vq_v",65798.9,10.7849
"cg_vq_v",65798.9,10.9814
"cg_vq_v",65799,11.0736
"cg_vq_v",65799,11.254
"cg_vq_v",65799,11.1811
"cg_vq_v",65799,11.1224
"cg_vq_v",65799,11.0977
"cg_vq_v",65799,11.0134
"cg_vq_v",65799,10.7051
"cg_vq_v",65799,10.9805
"cg_vq_v",65799,10.8791
"cg_vq_v",65799,11.0026
"cg_vq_v",65799.1,10.7868
"cg_vq_v",65799.1,10.984
"cg_vq_v",65799.1,11.1283
"cg_vq_v",65799.1,11.0262
"cg_vq_v",65799.1,11.2185
"cg_vq_v",65799.1,11.1809
"cg_vq_v",65799.1,11.0738
"cg_vq_v",65799.1,11.0899
"cg_vq_v",65799.1,10.7442
"cg_vq_v",65799.1,10.9957
"cg_vq_v",65799.2,10.9329
"cg_vq_v",65799.2,10.9674
"cg_vq_v",65799.2,10.8298
"cg_vq_v",65799.2,10.8822
"cg_vq_v",65799.2,11.0929
"cg_vq_v",65799.2,11.1612
"cg_vq_v",65799.2,11.1982
"cg_vq_v",65799.2,11.1567
"cg_vq_v",65799.2,11.1234
"cg_vq_v",65799.2,11.0325
"cg_vq_v",65799.3,10.7584
"cg_vq_v",65799.3,11.0163
"cg_vq_v",65799.3,10.8979
"cg_vq_v",65799.3,10.8554
"cg_vq_v",65799.3,10.8295
"cg_vq_v",65799.3,11.0034
"cg_vq_v",65799.3,11.1684
"cg_vq_v",65799.3,11.2428
"cg_vq_v",65799.3,11.1831
"cg_vq_v",65799.3,11.1326
"cg_vq_v",65799.4,11.0847
"cg_vq_v",65799.4,11.0143
"cg_vq_v",65799.4,10.7356
"cg_vq_v",65799.4,11.0121
"cg_vq_v",65799.4,10.9987
"cg_vq_v",65799.4,10.9648
"cg_vq_v",65799.4,10.8519
"cg_vq_v",65799.4,10.9921
"cg_vq_v",65799.4,11.1643
"cg_vq_v",65799.4,11.2068
"cg_vq_v",65799.5,11.1486
"cg_vq_v",65799.5,11.2123
"cg_vq_v",65799.5,11.0805
"cg_vq_v",65799.5,11.0322
"cg_vq_v",65799.5,10.7984
"cg_vq_v",65799.5,10.9765
"cg_vq_v",65799.5,10.9722
"cg_vq_v",65799.5,10.9422
"cg_vq_v",65799.5,10.8094
"cg_vq_v",65799.5,10.9786
"cg_vq_v",65799.6,11.0403
"cg_vq_v",65799.6,11.1478
"cg_vq_v",65799.6,11.107
"cg_vq_v",65799.6,11.1566
"cg_vq_v",65799.6,11.1511
"cg_vq_v",65799.6,11.0797
"cg_vq_v",65799.6,10.7839
"cg_vq_v",65799.6,11.0055
"cg_vq_v",65799.6,10.9335
"cg_vq_v",65799.6,10.9715
"cg_vq_v",65799.7,10.8559
"cg_vq_v",65799.7,10.9588
"cg_vq_v",65799.7,11.1045
"cg_vq_v",65799.7,11.1382
"cg_vq_v",65799.7,11.1887
"cg_vq_v",65799.7,11.14
"cg_vq_v",65799.7,11.1123
"cg_vq_v",65799.7,11.0387
"cg_vq_v",65799.7,10.7571
"cg_vq_v",65799.8,10.9832
"cg_vq_v",65799.8,10.929
"cg_vq_v",65799.8,10.9462
"cg_vq_v",65799.8,10.8503
"cg_vq_v",65799.8,10.9403
"cg_vq_v",65799.8,11.1497
"cg_vq_v",65799.8,11.1719
"cg_vq_v",65799.8,11.2022
"cg_vq_v",65799.8,11.1594
"cg_vq_v",65799.8,11.0994
"cg_vq_v",65799.8,11.0561
"cg_vq_v",65799.9,10.7683
"cg_vq_v",65799.9,10.9521
"cg_vq_v",65799.9,10.8617
"cg_vq_v",65799.9,10.9128
"cg_vq_v",65799.9,10.8658
"cg_vq_v",65799.9,11.0307
"cg_vq_v",65799.9,11.1324
"cg_vq_v",65799.9,11.1742
"cg_vq_v",65799.9,11.1411
"cg_vq_v",65799.9,11.1664
"cg_vq_v",65800,11.1248
"cg_vq_v",65800,11.0758
"cg_vq_v",65800,10.7897
"cg_vq_v",65800,11.0433
"cg_vq_v",65800,11.0062
"cg_vq_v",65800,10.9064
"cg_vq_v",65800,10.785
"cg_vq_v",65800,10.9578
"cg_vq_v",65800,11.1303
"cg_vq_v",65800,11.2347
"cg_vq_v",65800.1,11.1389
"cg_vq_v",65800.1,11.2064
"cg_vq_v",65800.1,11.1329
"cg_vq_v",65800.1,11.0425
"cg_vq_v",65800.1,10.822
"cg_vq_v",65800.1,11.0237
"cg_vq_v",65800.1,10.9364
"cg_vq_v",65800.1,10.9452
"cg_vq_v",65800.1,10.846
"cg_vq_v",65800.1,10.9633
"cg_vq_v",65800.2,11.0862
"cg_vq_v",65800.2,11.1934
"cg_vq_v",65800.2,11.182
"cg_vq_v",65800.2,11.1511
"cg_vq_v",65800.2,11.1856
"cg_vq_v",65800.2,10.9965
"cg_vq_v",65800.2,10.8032
"cg_vq_v",65800.2,10.9776
"cg_vq_v",65800.2,10.9381
"cg_vq_v",65800.2,10.9382
"cg_vq_v",65800.2,10.8587
"cg_vq_v",65800.3,10.9949
"cg_vq_v",65800.3,11.1587
"cg_vq_v",65800.3,11.1592
"cg_vq_v",65800.3,11.1792
"cg_vq_v",65800.3,11.1476
"cg_vq_v",65800.3,11.1342
"cg_vq_v",65800.3,11.0904
"cg_vq_v",65800.3,10.7972
"cg_vq_v",65800.3,11.0093
"cg_vq_v",65800.4,10.9657
"cg_vq_v",65800.4,10.955
"cg_vq_v",65800.4,10.8621
"cg_vq_v",65800.4,10.9899
"cg_vq_v",65800.4,11.1613
"cg_vq_v",65800.4,11.0205
"cg_vq_v",65800.4,11.146
"cg_vq_v",65800.4,11.1895
"cg_vq_v",65800.4,11.1319
"cg_vq_v",65800.5,11.0567
"cg_vq_v",65800.5,10.7798
"cg_vq_v",65800.5,11.0361
"cg_vq_v",65800.5,10.9325
"cg_vq_v",65800.5,10.8633
"cg_vq_v",65800.5,10.8385
"cg_vq_v",65800.5,10.8869
"cg_vq_v",65800.5,11.1313
"cg_vq_v",65800.5,11.1896
"cg_vq_v",65800.5,11.2109
"cg_vq_v",65800.6,11.1364
"cg_vq_v",65800.6,11.146
"cg_vq_v",65800.6,11.0508
"cg_vq_v",65800.6,10.8101
"cg_vq_v",65800.6,11.007
"cg_vq_v",65800.6,10.9119
"cg_vq_v",65800.6,10.8541
"cg_vq_v",65800.6,10.7876
"cg_vq_v",65800.6,10.8978
"cg_vq_v",65800.6,11.1523
"cg_vq_v",65800.6,11.2055
"cg_vq_v",65800.7,11.1998
"cg_vq_v",65800.7,11.1811
"cg_vq_v",65800.7,11.163
"cg_vq_v",65800.7,11.054
"cg_vq_v",65800.7,10.7972
"cg_vq_v",65800.7,10.9351
"cg_vq_v",65800.7,10.8631
"cg_vq_v",65800.7,10.9128
"cg_vq_v",65800.7,10.8383
"cg_vq_v",65800.8,10.9856
"cg_vq_v",65800.8,11.1454
"cg_vq_v",65800.8,11.1169
"cg_vq_v",65800.8,11.1919
"cg_vq_v",65800.8,11.1618
"cg_vq_v",65800.8,11.1103
"cg_vq_v",65800.8,10.9498
"cg_vq_v",65800.8,10.7679
"cg_vq_v",65800.8,11.0006
"cg_vq_v",65800.8,10.9246
"cg_vq_v",65800.9,10.932
"cg_vq_v",65800.9,10.8221
"cg_vq_v",65800.9,10.9654
"cg_vq_v",65800.9,11.196
"cg_vq_v",65800.9,11.197
"cg_vq_v",65800.9,11.1741
"cg_vq_v",65800.9,11.1052
"cg_vq_v",65800.9,11.1119
"cg_vq_v",65800.9,11.0383
"cg_vq_v",65800.9,10.8282
"cg_vq_v",65801,11.0086
"cg_vq_v",65801,10.9491
"cg_vq_v",65801,10.9275
"cg_vq_v",65801,10.8755
"cg_vq_v",65801,11.0189
"cg_vq_v",65801,11.1997
"cg_vq_v",65801,11.1678
"cg_vq_v",65801,11.234
"cg_vq_v",65801,11.1786
"cg_vq_v",65801,11.2044
"cg_vq_v",65801,11.0448
"cg_vq_v",65801.1,10.7718
"cg_vq_v",65801.1,10.9906
"cg_vq_v",65801.1,10.8785
"cg_vq_v",65801.1,10.8938
"cg_vq_v",65801.1,10.8917
"cg_vq_v",65801.1,10.9788
"cg_vq_v",65801.1,11.2156
"cg_vq_v",65801.1,11.1842
"cg_vq_v",65801.1,11.2247
"cg_vq_v",65801.1,11.1505
"cg_vq_v",65801.2,11.1437
"cg_vq_v",65801.2,11.074
"cg_vq_v",65801.2,10.848
"cg_vq_v",65801.2,11.0228
"cg_vq_v",65801.2,10.943
"cg_vq_v",65801.2,10.8161
"cg_vq_v",65801.2,10.8715
"cg_vq_v",65801.2,10.952
"cg_vq_v",65801.2,11.2079
"cg_vq_v",65801.2,11.1477
"cg_vq_v",65801.3,11.2022
"cg_vq_v",65801.3,11.208
"cg_vq_v",65801.3,11.1564
"cg_vq_v",65801.3,11.1101
"cg_vq_v",65801.3,10.7906
"cg_vq_v",65801.3,10.928
"cg_vq_v",65801.3,10.9369
"cg_vq_v",65801.3,10.9127
"cg_vq_v",65801.3,10.8588
"cg_vq_v",65801.4,10.9867
"cg_vq_v",65801.4,11.2059
"cg_vq_v",65801.4,11.203
"cg_vq_v",65801.4,11.202
"cg_vq_v",65801.4,11.1739
"cg_vq_v",65801.4,11.1704
"cg_vq_v",65801.4,11.0181
"cg_vq_v",65801.4,10.8758
"cg_vq_v",65801.4,11.0022
"cg_vq_v",65801.4,10.9383
"cg_vq_v",65801.5,10.9249
"cg_vq_v",65801.5,10.8265
"cg_vq_v",65801.5,10.9416
"cg_vq_v",65801.5,11.2036
"cg_vq_v",65801.5,11.2367
"cg_vq_v",65801.5,11.2157
"cg_vq_v",65801.5,11.1607
"cg_vq_v",65801.5,11.1774
"cg_vq_v",65801.5,11.0748
"cg_vq_v",65801.5,10.8353
"cg_vq_v",65801.6,11.0028
"cg_vq_v",65801.6,10.9771
"cg_vq_v",65801.6,10.9291
"cg_vq_v",65801.6,10.8422
"cg_vq_v",65801.6,10.9529
"cg_vq_v",65801.6,11.1724
"cg_vq_v",65801.6,11.1513
"cg_vq_v",65801.6,11.2127
"cg_vq_v",65801.6,11.1254
"cg_vq_v",65801.6,11.1733
"cg_vq_v",65801.6,11.0203
"cg_vq_v",65801.7,10.859
"cg_vq_v",65801.7,10.9738
"cg_vq_v",65801.7,10.9464
"cg_vq_v",65801.7,10.8961
"cg_vq_v",65801.7,10.8814
"cg_vq_v",65801.7,10.9813
"cg_vq_v",65801.7,11.1919
"cg_vq_v",65801.7,11.1623
"cg_vq_v",65801.8,11.1613
"cg_vq_v",65801.8,11.1404
"cg_vq_v",65801.8,11.2297
"cg_vq_v",65801.8,11.0477
"cg_vq_v",65801.8,10.8564
"cg_vq_v",65801.8,10.9786
"cg_vq_v",65801.8,10.9732
"cg_vq_v",65801.8,10.9243
"cg_vq_v",65801.8,10.8648
"cg_vq_v",65801.8,10.9617
"cg_vq_v",65801.8,11.0363
"cg_vq_v",65801.9,11.1558
"cg_vq_v",65801.9,11.1208
"cg_vq_v",65801.9,11.0726
"cg_vq_v",65801.9,11.1284
"cg_vq_v",65801.9,11.0981
"cg_vq_v",65801.9,10.7847
"cg_vq_v",65801.9,11.0099
"cg_vq_v",65801.9,10.9672
"cg_vq_v",65801.9,10.8942
"cg_vq_v",65801.9,10.8621
"cg_vq_v",65802,10.9975
"cg_vq_v",65802,11.2053
"cg_vq_v",65802,11.1412
"cg_vq_v",65802,11.1351
"cg_vq_v",65802,11.0901
"cg_vq_v",65802,11.1673
"cg_vq_v",65802,11.0917
"cg_vq_v",65802,10.8795
"cg_vq_v",65802,10.9923
"cg_vq_v",65802,10.8561
"cg_vq_v",65802.1,10.8893
"cg_vq_v",65802.1,10.8557
"cg_vq_v",65802.1,10.9909
"cg_vq_v",65802.1,11.1461
"cg_vq_v",65802.1,11.1627
"cg_vq_v",65802.1,11.1874
"cg_vq_v",65802.1,11.1455
"cg_vq_v",65802.1,11.2105
"cg_vq_v",65802.1,11.0419
"cg_vq_v",65802.1,10.7975
"cg_vq_v",65802.2,10.9955
"cg_vq_v",65802.2,10.8786
"cg_vq_v",65802.2,10.9146
"cg_vq_v",65802.2,10.8885
"cg_vq_v",65802.2,10.9497
"cg_vq_v",65802.2,11.2044
"cg_vq_v",65802.2,11.1705
"cg_vq_v",65802.2,11.2677
"cg_vq_v",65802.2,11.1388
"cg_vq_v",65802.2,11.1492
"cg_vq_v",65802.3,11.0807
"cg_vq_v",65802.3,10.8608
"cg_vq_v",65802.3,10.9613
"cg_vq_v",65802.3,10.8874
"cg_vq_v",65802.3,10.8975
"cg_vq_v",65802.3,10.8812
"cg_vq_v",65802.3,10.9844
"cg_vq_v",65802.3,11.211
"cg_vq_v",65802.3,11.0823
"cg_vq_v",65802.3,11.1463
"cg_vq_v",65802.4,11.1151
"cg_vq_v",65802.4,11.158
"cg_vq_v",65802.4,11.0563
"cg_vq_v",65802.4,10.8693
"cg_vq_v",65802.4,11.0311
"cg_vq_v",65802.4,10.9654
"cg_vq_v",65802.4,10.9281
"cg_vq_v",65802.4,10.8677
"cg_vq_v",65802.4,10.8588
"cg_vq_v",65802.4,11.1929
"cg_vq_v",65802.5,11.1732
"cg_vq_v",65802.5,11.1789
"cg_vq_v",65802.5,11.1096
"cg_vq_v",65802.5,11.2249
"cg_vq_v",65802.5,11.0531
"cg_vq_v",65802.5,10.8157
"cg_vq_v",65802.5,11.0226
"cg_vq_v",65802.5,10.9547
"cg_vq_v",65802.5,10.8101
"cg_vq_v",65802.5,10.8461
"cg_vq_v",65802.6,10.943
"cg_vq_v",65802.6,11.2474
"cg_vq_v",65802.6,11.1439
"cg_vq_v",65802.6,11.1612
"cg_vq_v",65802.6,11.1698
"cg_vq_v",65802.6,11.2106
"cg_vq_v",65802.6,11.0696
"cg_vq_v",65802.6,10.8468
"cg_vq_v",65802.6,10.9154
"cg_vq_v",65802.6,10.8896
"cg_vq_v",65802.7,10.8801
"cg_vq_v",65802.7,10.8327
"cg_vq_v",65802.7,10.9964
"cg_vq_v",65802.7,11.1605
"cg_vq_v",65802.7,11.1144
"cg_vq_v",65802.7,11.2036
"cg_vq_v",65802.7,11.156
"cg_vq_v",65802.7,11.1329
"cg_vq_v",65802.7,10.9078
"cg_vq_v",65802.8,10.8322
"cg_vq_v",65802.8,10.9657
"cg_vq_v",65802.8,10.9141
"cg_vq_v",65802.8,10.8967
"cg_vq_v",65802.8,10.8682
"cg_vq_v",65802.8,11.0057
"cg_vq_v",65802.8,11.1584
"cg_vq_v",65802.8,11.0899
"cg_vq_v",65802.8,11.1282
"cg_vq_v",65802.8,11.0595
"cg_vq_v",65802.9,11.17
"cg_vq_v",65802.9,11.0369
"cg_vq_v",65802.9,10.8626
"cg_vq_v",65802.9,10.9592
"cg_vq_v",65802.9,10.8678
"cg_vq_v",65802.9,10.8594
"cg_vq_v",65802.9,10.819
"cg_vq_v",65802.9,10.9508
"cg_vq_v",65802.9,11.2349
"cg_vq_v",65802.9,11.018
"cg_vq_v",65802.9,11.1644
"cg_vq_v",65803,11.1214
"cg_vq_v",65803,11.1913
"cg_vq_v",65803,11.0142
"cg_vq_v",65803,10.7872
"cg_vq_v",65803,10.8648
"cg_vq_v",65803,10.8491
"cg_vq_v",65803,10.9037
"cg_vq_v",65803,10.8434
"cg_vq_v",65803,10.9179
"cg_vq_v",65803,11.2106
"cg_vq_v",65803.1,11.0929
"cg_vq_v",65803.1,11.1282
"cg_vq_v",65803.1,11.0883
"cg_vq_v",65803.1,11.1482
"cg_vq_v",65803.1,11.0333
"cg_vq_v",65803.1,10.9144
"cg_vq_v",65803.1,10.9356
"cg_vq_v",65803.1,10.8982
"cg_vq_v",65803.1,10.8139
"cg_vq_v",65803.1,10.8831
"cg_vq_v",65803.2,11.0011
"cg_vq_v",65803.2,11.1902
"cg_vq_v",65803.2,11.0908
"cg_vq_v",65803.2,11.1275
"cg_vq_v",65803.2,11.0654
"cg_vq_v",65803.2,11.1498
"cg_vq_v",65803.2,11.0296
"cg_vq_v",65803.2,10.841
"cg_vq_v",65803.2,10.9272
"cg_vq_v",65803.2,10.8264
"cg_vq_v",65803.3,10.8735
"cg_vq_v",65803.3,10.8214
"cg_vq_v",65803.3,10.9987
"cg_vq_v",65803.3,11.1656
"cg_vq_v",65803.3,11.065
"cg_vq_v",65803.3,11.0963
"cg_vq_v",65803.3,11.1202
"cg_vq_v",65803.3,11.1436
"cg_vq_v",65803.3,10.9247
"cg_vq_v",65803.4,10.8286
"cg_vq_v",65803.4,11.0074
"cg_vq_v",65803.4,10.9057
"cg_vq_v",65803.4,10.9314
"cg_vq_v",65803.4,10.9049
"cg_vq_v",65803.4,10.9794
"cg_vq_v",65803.4,11.2034
"cg_vq_v",65803.4,11.0453
"cg_vq_v",65803.4,11.1125
"cg_vq_v",65803.4,11.1168
"cg_vq_v",65803.5,11.1425
"cg_vq_v",65803.5,11.0399
"cg_vq_v",65803.5,10.8076
"cg_vq_v",65803.5,10.9511
"cg_vq_v",65803.5,10.868
"cg_vq_v",65803.5,10.9139
"cg_vq_v",65803.5,10.8865
"cg_vq_v",65803.5,10.9584
"cg_vq_v",65803.5,11.1895
"cg_vq_v",65803.5,11.0671
"cg_vq_v",65803.5,11.147
"cg_vq_v",65803.6,11.0587
"cg_vq_v",65803.6,11.2332
"cg_vq_v",65803.6,11.1158
"cg_vq_v",65803.6,10.8418
"cg_vq_v",65803.6,10.9202
"cg_vq_v",65803.6,10.847
"cg_vq_v",65803.6,10.8696
"cg_vq_v",65803.6,10.8491
"cg_vq_v",65803.6,10.8563
"cg_vq_v",65803.6,11.1744
"cg_vq_v",65803.7,11.0679
"cg_vq_v",65803.7,11.1367
"cg_vq_v",65803.7,11.1245
"cg_vq_v",65803.7,11.1959
"cg_vq_v",65803.7,11.0718
"cg_vq_v",65803.7,10.8623
"cg_vq_v",65803.7,10.9584
"cg_vq_v",65803.7,10.8096
"cg_vq_v",65803.7,10.8672
"cg_vq_v",65803.8,10.8535
"cg_vq_v",65803.8,10.918
"cg_vq_v",65803.8,11.145
"cg_vq_v",65803.8,11.1175
"cg_vq_v",65803.8,11.1596
"cg_vq_v",65803.8,11.1263
"cg_vq_v",65803.8,11.1953
"cg_vq_v",65803.8,11.0931
"cg_vq_v",65803.8,10.7925
"cg_vq_v",65803.8,10.9541
"cg_vq_v",65803.9,10.9133
"cg_vq_v",65803.9,10.8941
"cg_vq_v",65803.9,10.7819
"cg_vq_v",65803.9,10.9651
"cg_vq_v",65803.9,11.226
"cg_vq_v",65803.9,11.0897
"cg_vq_v",65803.9,11.1519
"cg_vq_v",65803.9,11.1453
"cg_vq_v",65803.9,11.1593
"cg_vq_v",65803.9,11.0876
"cg_vq_v",65803.9,10.7846
"cg_vq_v",65804,10.9344
"cg_vq_v",65804,10.8559
"cg_vq_v",65804,10.8312
"cg_vq_v",65804,10.8807
"cg_vq_v",65804,10.9932
"cg_vq_v",65804,11.1702
"cg_vq_v",65804,11.0901
"cg_vq_v",65804,11.2252
"cg_vq_v",65804,11.1298
"cg_vq_v",65804,11.2028
"cg_vq_v",65804.1,11.0753
"cg_vq_v",65804.1,10.7999
"cg_vq_v",65804.1,10.988
"cg_vq_v",65804.1,10.8943
"cg_vq_v",65804.1,10.8841
"cg_vq_v",65804.1,10.8586
"cg_vq_v",65804.1,10.9752
"cg_vq_v",65804.1,11.1926
"cg_vq_v",65804.1,11.111
"cg_vq_v",65804.1,11.1718
"cg_vq_v",65804.2,11.1318
"cg_vq_v",65804.2,11.1897
"cg_vq_v",65804.2,11.0573
"cg_vq_v",65804.2,10.7892
"cg_vq_v",65804.2,10.9599
"cg_vq_v",65804.2,10.848
"cg_vq_v",65804.2,10.8875
"cg_vq_v",65804.2,10.8768
"cg_vq_v",65804.2,11.0299
"cg_vq_v",65804.2,11.2063
"cg_vq_v",65804.3,11.0666
"cg_vq_v",65804.3,11.1738
"cg_vq_v",65804.3,11.1393
"cg_vq_v",65804.3,11.18
"cg_vq_v",65804.3,11.0768
"cg_vq_v",65804.3,10.8507
"cg_vq_v",65804.3,10.9069
"cg_vq_v",65804.3,10.9099
"cg_vq_v",65804.3,10.9175
"cg_vq_v",65804.4,10.8587
"cg_vq_v",65804.4,11.0248
"cg_vq_v",65804.4,11.1914
"cg_vq_v",65804.4,11.0227
"cg_vq_v",65804.4,11.0998
"cg_vq_v",65804.4,11.0902
"cg_vq_v",65804.4,11.192
"cg_vq_v",65804.4,11.0681
"cg_vq_v",65804.4,10.807
"cg_vq_v",65804.4,10.9205
"cg_vq_v",65804.4,10.8784
"cg_vq_v",65804.5,10.8834
"cg_vq_v",65804.5,10.8802
"cg_vq_v",65804.5,11.0295
"cg_vq_v",65804.5,11.1881
"cg_vq_v",65804.5,11.0641
"cg_vq_v",65804.5,11.0235
"cg_vq_v",65804.5,11.1541
"cg_vq_v",65804.5,11.2447
"cg_vq_v",65804.5,11.1048
"cg_vq_v",65804.5,10.8707
"cg_vq_v",65804.6,10.9234
"cg_vq_v",65804.6,10.846
"cg_vq_v",65804.6,10.9062
"cg_vq_v",65804.6,10.8649
"cg_vq_v",65804.6,11.0258
"cg_vq_v",65804.6,11.1789
"cg_vq_v",65804.6,11.066
"cg_vq_v",65804.6,11.1181
"cg_vq_v",65804.6,11.1376
"cg_vq_v",65804.6,11.1659
"cg_vq_v",65804.7,10.9597
"cg_vq_v",65804.7,10.8076
"cg_vq_v",65804.7,10.9357
"cg_vq_v",65804.7,10.8702
"cg_vq_v",65804.7,10.9224
"cg_vq_v",65804.7,10.8576
"cg_vq_v",65804.7,11.02
"cg_vq_v",65804.7,11.1939
"cg_vq_v",65804.7,11.068
"cg_vq_v",65804.8,11.0781
"cg_vq_v",65804.8,11.0829
"cg_vq_v",65804.8,11.1912
"cg_vq_v",65804.8,11.1129
"cg_vq_v",65804.8,10.8522
"cg_vq_v",65804.8,10.9555
"cg_vq_v",65804.9,10.8313
"cg_vq_v",65804.9,10.9185
"cg_vq_v",65804.9,10.8441
"cg_vq_v",65804.9,10.9976
"cg_vq_v",65804.9,11.1764
"cg_vq_v",65804.9,11.0691
"cg_vq_v",65805,11.1325
"cg_vq_v",65805,11.1737
"cg_vq_v",65805,11.1982
"cg_vq_v",65805,11.1469
"cg_vq_v",65805,10.8416
"cg_vq_v",65805,11.2109
"cg_vq_v",65805,11.1097
"cg_vq_v",65805.1,11.1005
"cg_vq_v",65805.1,11.1453
"cg_vq_v",65805.1,11.1481
"cg_vq_v",65805.1,11.1148
"cg_vq_v",65805.1,10.7971
"cg_vq_v",65805.1,10.9468
"cg_vq_v",65805.1,10.8575
"cg_vq_v",65805.2,10.8463
"cg_vq_v",65805.2,10.846
"cg_vq_v",65805.2,11.0338
"cg_vq_v",65805.2,11.102
"cg_vq_v",65805.2,10.8279
"cg_vq_v",65805.2,10.9408
"cg_vq_v",65805.2,10.8786
"cg_vq_v",65805.2,10.9204
"cg_vq_v",65805.2,10.852
"cg_vq_v",65805.3,10.9819
"cg_vq_v",65805.3,11.1477
"cg_vq_v",65805.3,11.0988
"cg_vq_v",65805.3,11.1206
"cg_vq_v",65805.3,11.1811
"cg_vq_v",65805.3,11.205
"cg_vq_v",65805.3,11.0084
"cg_vq_v",65805.3,10.8243
"cg_vq_v",65805.3,10.9735
"cg_vq_v",65805.3,10.8708
"cg_vq_v",65805.3,10.9266
"cg_vq_v",65805.4,10.838
"cg_vq_v",65805.4,11.0012
"cg_vq_v",65805.4,11.13
"cg_vq_v",65805.4,11.0771
"cg_vq_v",65805.4,11.0743
"cg_vq_v",65805.4,11.0508
"cg_vq_v",65805.4,11.1681
"cg_vq_v",65805.4,11.1367
"cg_vq_v",65805.4,10.8255
"cg_vq_v",65805.4,10.9915
"cg_vq_v",65805.4,10.916
"cg_vq_v",65805.5,10.9233
"cg_vq_v",65805.5,10.8725
"cg_vq_v",65805.5,11.0519
"cg_vq_v",65805.5,11.1712
"cg_vq_v",65805.5,11.0656
"cg_vq_v",65805.5,11.1621
"cg_vq_v",65805.5,11.1631
"cg_vq_v",65805.5,11.1693
"cg_vq_v",65805.5,11.1581
"cg_vq_v",65805.5,10.8156
"cg_vq_v",65805.5,10.949
"cg_vq_v",65805.5,10.9258
"cg_vq_v",65805.6,10.9178
"cg_vq_v",65805.6,10.7894
"cg_vq_v",65805.6,11.0533
"cg_vq_v",65805.6,11.1997
"cg_vq_v",65805.6,11.1256
"cg_vq_v",65805.6,11.1185
"cg_vq_v",65805.6,11.1958
"cg_vq_v",65805.6,11.1937
"cg_vq_v",65805.6,11.1772
"cg_vq_v",65805.6,10.8177
"cg_vq_v",65805.6,10.9253
"cg_vq_v",65805.6,10.8331
"cg_vq_v",65805.7,10.9156
"cg_vq_v",65805.7,10.8842
"cg_vq_v",65805.7,11.0416
"cg_vq_v",65805.7,11.1363
"cg_vq_v",65805.7,11.1403
"cg_vq_v",65805.7,11.1036
"cg_vq_v",65805.7,11.1343
"cg_vq_v",65805.7,11.1789
"cg_vq_v",65805.7,11.1258
"cg_vq_v",65805.7,10.788
"cg_vq_v",65805.8,10.9775
"cg_vq_v",65805.8,10.866
"cg_vq_v",65805.8,10.9528
"cg_vq_v",65805.8,10.9082
"cg_vq_v",65805.8,11.0247
"cg_vq_v",65805.8,11.1073
"cg_vq_v",65805.8,11.1521
"cg_vq_v",65805.8,11.0971
"cg_vq_v",65805.8,11.1785
"cg_vq_v",65805.8,11.1967
"cg_vq_v",65805.8,11.155
"cg_vq_v",65805.9,10.8305
"cg_vq_v",65805.9,10.9548
"cg_vq_v",65805.9,10.8767
"cg_vq_v",65805.9,10.9252
"cg_vq_v",65805.9,10.8784
"cg_vq_v",65805.9,11.072
"cg_vq_v",65805.9,11.1787
"cg_vq_v",65805.9,11.1664
"cg_vq_v",65805.9,11.0772
"cg_vq_v",65805.9,11.1737
"cg_vq_v",65806,11.2224
"cg_vq_v",65806,11.1797
"cg_vq_v",65806,10.8629
"cg_vq_v",65806,10.9583
"cg_vq_v",65806,10.8501
"cg_vq_v",65806,10.968
"cg_vq_v",65806,10.8924
"cg_vq_v",65806,11.0271
"cg_vq_v",65806,11.2176
"cg_vq_v",65806,11.1155
"cg_vq_v",65806.1,11.1452
"cg_vq_v",65806.1,11.1986
"cg_vq_v",65806.1,11.1917
"cg_vq_v",65806.1,11.1575
"cg_vq_v",65806.1,10.8644
"cg_vq_v",65806.1,10.9662
"cg_vq_v",65806.1,10.8673
"cg_vq_v",65806.1,10.9669
"cg_vq_v",65806.1,10.959
"cg_vq_v",65806.1,11.0687
"cg_vq_v",65806.2,11.2139
"cg_vq_v",65806.2,11.1132
"cg_vq_v",65806.2,11.0946
"cg_vq_v",65806.2,11.1591
"cg_vq_v",65806.2,11.1609
"cg_vq_v",65806.2,11.1477
"cg_vq_v",65806.2,10.826
"cg_vq_v",65806.2,10.9813
"cg_vq_v",65806.2,10.8453
"cg_vq_v",65806.2,10.9779
"cg_vq_v",65806.3,10.8807
"cg_vq_v",65806.3,11.0545
"cg_vq_v",65806.3,11.0929
"cg_vq_v",65806.3,11.0684
"cg_vq_v",65806.3,11.0624
"cg_vq_v",65806.3,11.2024
"cg_vq_v",65806.3,11.1587
"cg_vq_v",65806.3,11.1783
"cg_vq_v",65806.3,10.8323
"cg_vq_v",65806.3,10.9934
"cg_vq_v",65806.4,10.9021
"cg_vq_v",65806.4,10.9276
"cg_vq_v",65806.4,10.8422
"cg_vq_v",65806.4,11.0175
"cg_vq_v",65806.4,11.1445
"cg_vq_v",65806.4,11.1155
"cg_vq_v",65806.4,11.0977
"cg_vq_v",65806.4,11.2063
"cg_vq_v",65806.4,11.2113
"cg_vq_v",65806.4,11.182
"cg_vq_v",65806.5,10.8769
"cg_vq_v",65806.5,10.9887
"cg_vq_v",65806.5,10.8558
"cg_vq_v",65806.5,10.9577
"cg_vq_v",65806.5,10.8275
"cg_vq_v",65806.5,11.0616
"cg_vq_v",65806.5,11.1116
"cg_vq_v",65806.5,11.06
"cg_vq_v",65806.5,11.0891
"cg_vq_v",65806.5,11.2124
"cg_vq_v",65806.6,11.2008
"cg_vq_v",65806.6,11.0066
"cg_vq_v",65806.6,10.841
"cg_vq_v",65806.6,11.0065
"cg_vq_v",65806.6,10.8327
"cg_vq_v",65806.6,10.9651
"cg_vq_v",65806.6,10.8804
"cg_vq_v",65806.6,11.1086
"cg_vq_v",65806.6,11.1536
"cg_vq_v",65806.6,11.1554
"cg_vq_v",65806.7,11.0254
"cg_vq_v",65806.7,11.1251
"cg_vq_v",65806.7,11.2148
"cg_vq_v",65806.7,11.1639
"cg_vq_v",65806.7,10.8275
"cg_vq_v",65806.7,11.005
"cg_vq_v",65806.7,10.8483
"cg_vq_v",65806.7,10.9483
"cg_vq_v",65806.7,10.8968
"cg_vq_v",65806.7,11.0873
"cg_vq_v",65806.8,11.1288
"cg_vq_v",65806.8,10.9772
"cg_vq_v",65806.8,11.0479
"cg_vq_v",65806.8,11.2229
"cg_vq_v",65806.8,11.2032
"cg_vq_v",65806.8,11.1276
"cg_vq_v",65806.8,10.7946
"cg_vq_v",65806.8,10.919
"cg_vq_v",65806.8,10.8326
"cg_vq_v",65806.8,10.9666
"cg_vq_v",65806.9,10.8695
"cg_vq_v",65806.9,10.9851
"cg_vq_v",65806.9,11.1259
"cg_vq_v",65806.9,11.1335
"cg_vq_v",65806.9,11.0659
"cg_vq_v",65806.9,11.189
"cg_vq_v",65806.9,11.2101
"cg_vq_v",65806.9,11.1681
"cg_vq_v",65806.9,10.8451
"cg_vq_v",65806.9,10.9608
"cg_vq_v",65807,10.8043
"cg_vq_v",65807,10.8341
"cg_vq_v",65807,10.8572
"cg_vq_v",65807,10.9977
"cg_vq_v",65807,11.0991
"cg_vq_v",65807,11.1629
"cg_vq_v",65807,11.0323
"cg_vq_v",65807,11.2058
"cg_vq_v",65807,11.1829
"cg_vq_v",65807,11.167
"cg_vq_v",65807.1,10.8063
"cg_vq_v",65807.1,10.9082
"cg_vq_v",65807.1,10.8129
"cg_vq_v",65807.1,10.9562
"cg_vq_v",65807.1,10.8798
"cg_vq_v",65807.1,11.0602
"cg_vq_v",65807.1,11.122
"cg_vq_v",65807.1,11.1299
"cg_vq_v",65807.1,11.0544
"cg_vq_v",65807.1,11.207
"cg_vq_v",65807.2,11.1874
"cg_vq_v",65807.2,11.0194
"cg_vq_v",65807.2,10.8036
"cg_vq_v",65807.2,11.0046
"cg_vq_v",65807.2,10.828
"cg_vq_v",65807.2,10.969
"cg_vq_v",65807.2,10.881
"cg_vq_v",65807.2,11.0758
"cg_vq_v",65807.2,11.1533
"cg_vq_v",65807.2,11.1381
"cg_vq_v",65807.3,11.0702
"cg_vq_v",65807.3,11.1222
"cg_vq_v",65807.3,11.1803
"cg_vq_v",65807.3,11.1759
"cg_vq_v",65807.3,10.7735
"cg_vq_v",65807.3,10.9543
"cg_vq_v",65807.3,10.8385
"cg_vq_v",65807.3,10.993
"cg_vq_v",65807.3,10.88
"cg_vq_v",65807.3,11.0619
"cg_vq_v",65807.4,11.1318
"cg_vq_v",65807.4,10.9894
"cg_vq_v",65807.4,11.0244
"cg_vq_v",65807.4,11.173
"cg_vq_v",65807.4,11.1871
"cg_vq_v",65807.4,11.1817
"cg_vq_v",65807.4,10.8491
"cg_vq_v",65807.4,10.963
"cg_vq_v",65807.4,10.8181
"cg_vq_v",65807.4,10.9624
"cg_vq_v",65807.5,10.8712
"cg_vq_v",65807.5,11.0807
"cg_vq_v",65807.5,11.1337
"cg_vq_v",65807.5,11.1163
"cg_vq_v",65807.5,11.0173
"cg_vq_v",65807.5,11.2318
"cg_vq_v",65807.5,11.1725
"cg_vq_v",65807.5,11.1242
"cg_vq_v",65807.5,10.7821
"cg_vq_v",65807.5,10.9128
"cg_vq_v",65807.6,10.7978
"cg_vq_v",65807.6,10.9174
"cg_vq_v",65807.6,10.852
"cg_vq_v",65807.6,11.0156
"cg_vq_v",65807.6,11.146
"cg_vq_v",65807.6,11.0957
"cg_vq_v",65807.6,11.0566
"cg_vq_v",65807.6,11.1832
"cg_vq_v",65807.6,11.1793
"cg_vq_v",65807.6,11.1805
"cg_vq_v",65807.7,10.783
"cg_vq_v",65807.7,10.9681
"cg_vq_v",65807.7,10.8368
"cg_vq_v",65807.7,10.9337
"cg_vq_v",65807.7,10.8374
"cg_vq_v",65807.7,10.9659
"cg_vq_v",65807.7,11.114
"cg_vq_v",65807.7,11.0913
"cg_vq_v",65807.7,11.0164
"cg_vq_v",65807.7,11.1683
"cg_vq_v",65807.8,11.2191
"cg_vq_v",65807.8,11.1348
"cg_vq_v",65807.8,10.8227
"cg_vq_v",65807.8,10.9045
"cg_vq_v",65807.8,10.7702
"cg_vq_v",65807.8,10.9253
"cg_vq_v",65807.8,10.8029
"cg_vq_v",65807.8,11.024
"cg_vq_v",65807.8,11.09
"cg_vq_v",65807.8,11.0883
"cg_vq_v",65807.9,11.057
"cg_vq_v",65807.9,11.1933
"cg_vq_v",65807.9,11.21
"cg_vq_v",65807.9,11.1202
"cg_vq_v",65807.9,10.7556
"cg_vq_v",65807.9,10.9352
"cg_vq_v",65807.9,10.803
"cg_vq_v",65807.9,10.9144
"cg_vq_v",65807.9,10.7759
"cg_vq_v",65807.9,11.0931
"cg_vq_v",65808,11.176
"cg_vq_v",65808,11.1422
"cg_vq_v",65808,11.0674
"cg_vq_v",65808,11.2582
"cg_vq_v",65808,11.1913
"cg_vq_v",65808,11.1538
"cg_vq_v",65808,10.7486
"cg_vq_v",65808,10.8936
"cg_vq_v",65808,10.7352
"cg_vq_v",65808,10.9108
"cg_vq_v",65808.1,10.8581
"cg_vq_v",65808.1,11.0656
"cg_vq_v",65808.1,11.1512
"cg_vq_v",65808.1,11.0688
"cg_vq_v",65808.1,11.0201
"cg_vq_v",65808.1,11.2056
"cg_vq_v",65808.1,11.1656
"cg_vq_v",65808.1,11.2143
"cg_vq_v",65808.1,10.7712
"cg_vq_v",65808.1,10.897
"cg_vq_v",65808.1,10.7407
"cg_vq_v",65808.2,10.9123
"cg_vq_v",65808.2,10.8702
"cg_vq_v",65808.2,11.0314
"cg_vq_v",65808.2,11.1329
"cg_vq_v",65808.2,11.1087
"cg_vq_v",65808.2,11.0569
"cg_vq_v",65808.2,11.1985
"cg_vq_v",65808.2,11.179
"cg_vq_v",65808.2,11.1385
"cg_vq_v",65808.2,10.7515
"cg_vq_v",65808.3,10.9071
"cg_vq_v",65808.3,10.8413
"cg_vq_v",65808.3,10.9783
"cg_vq_v",65808.3,10.8971
"cg_vq_v",65808.3,11.046
"cg_vq_v",65808.3,11.0897
"cg_vq_v",65808.3,11.1137
"cg_vq_v",65808.3,11.0424
"cg_vq_v",65808.3,11.1638
"cg_vq_v",65808.4,11.1805
"cg_vq_v",65808.4,11.1503
"cg_vq_v",65808.4,10.787
"cg_vq_v",65808.4,10.9979
"cg_vq_v",65808.4,10.7595
"cg_vq_v",65808.4,10.9432
"cg_vq_v",65808.4,10.9095
"cg_vq_v",65808.4,11.0612
"cg_vq_v",65808.4,11.1064
"cg_vq_v",65808.4,11.121
"cg_vq_v",65808.5,10.9959
"cg_vq_v",65808.5,11.1819
"cg_vq_v",65808.5,11.1732
"cg_vq_v",65808.5,11.0343
"cg_vq_v",65808.5,10.7587
"cg_vq_v",65808.5,10.8724
"cg_vq_v",65808.5,10.8089
"cg_vq_v",65808.5,10.9346
"cg_vq_v",65808.5,10.8507
"cg_vq_v",65808.5,11.0295
"cg_vq_v",65808.6,11.1399
"cg_vq_v",65808.6,11.0757
"cg_vq_v",65808.6,11.0434
"cg_vq_v",65808.6,11.1713
"cg_vq_v",65808.6,11.192
"cg_vq_v",65808.6,11.1383
"cg_vq_v",65808.6,10.7234
"cg_vq_v",65808.6,10.9152
"cg_vq_v",65808.6,10.7752
"cg_vq_v",65808.6,10.9423
"cg_vq_v",65808.7,10.8629
"cg_vq_v",65808.7,11.0589
"cg_vq_v",65808.7,11.079
"cg_vq_v",65808.7,11.031
"cg_vq_v",65808.7,11.0734
"cg_vq_v",65808.7,11.1958
"cg_vq_v",65808.7,11.1921
"cg_vq_v",65808.7,11.1728
"cg_vq_v",65808.7,10.8144
"cg_vq_v",65808.7,10.9201
"cg_vq_v",65808.8,10.7669
"cg_vq_v",65808.8,10.9734
"cg_vq_v",65808.8,10.8365
"cg_vq_v",65808.8,10.9638
"cg_vq_v",65808.8,11.0768
"cg_vq_v",65808.8,11.1489
"cg_vq_v",65808.8,11.0415
"cg_vq_v",65808.8,11.2098
"cg_vq_v",65808.8,11.1977
"cg_vq_v",65808.8,11.1984
"cg_vq_v",65808.9,10.6943
"cg_vq_v",65808.9,10.8613
"cg_vq_v",65808.9,10.7685
"cg_vq_v",65808.9,10.8494
"cg_vq_v",65808.9,10.8338
"cg_vq_v",65808.9,11.046
"cg_vq_v",65808.9,11.0918
"cg_vq_v",65808.9,11.095
"cg_vq_v",65808.9,10.9978
"cg_vq_v",65808.9,11.2122
"cg_vq_v",65809,11.2006
"cg_vq_v",65809,11.1793
"cg_vq_v",65809,10.7027
"cg_vq_v",65809,10.8194
"cg_vq_v",65809,10.7458
"cg_vq_v",65809,10.9157
"cg_vq_v",65809,10.8523
"cg_vq_v",65809,11.063
"cg_vq_v",65809,11.0989
"cg_vq_v",65809,11.1129
"cg_vq_v",65809.1,11.0389
"cg_vq_v",65809.1,11.1694
"cg_vq_v",65809.1,11.1807
"cg_vq_v",65809.1,11.0394
"cg_vq_v",65809.1,10.7436
"cg_vq_v",65809.1,10.8915
"cg_vq_v",65809.1,10.7105
"cg_vq_v",65809.1,10.9712
"cg_vq_v",65809.1,10.8951
"cg_vq_v",65809.1,11.0584
"cg_vq_v",65809.2,11.1139
"cg_vq_v",65809.2,11.1186
"cg_vq_v",65809.2,11.0772
"cg_vq_v",65809.2,11.1013
"cg_vq_v",65809.2,11.147
"cg_vq_v",65809.2,11.169
"cg_vq_v",65809.2,10.7385
"cg_vq_v",65809.2,10.889
"cg_vq_v",65809.2,10.8337
"cg_vq_v",65809.2,10.9548
"cg_vq_v",65809.3,10.8462
"cg_vq_v",65809.3,11.0469
"cg_vq_v",65809.3,11.1352
"cg_vq_v",65809.3,10.9699
"cg_vq_v",65809.3,11.0337
"cg_vq_v",65809.3,11.1976
"cg_vq_v",65809.3,11.1693
"cg_vq_v",65809.3,11.1812
"cg_vq_v",65809.3,10.7468
"cg_vq_v",65809.3,10.9146
"cg_vq_v",65809.4,10.7008
"cg_vq_v",65809.4,10.9162
"cg_vq_v",65809.4,10.8551
"cg_vq_v",65809.4,11.0469
"cg_vq_v",65809.4,11.1039
"cg_vq_v",65809.4,11.0873
"cg_vq_v",65809.4,11.0391
"cg_vq_v",65809.4,11.1606
"cg_vq_v",65809.4,11.2084
"cg_vq_v",65809.4,11.2055
"cg_vq_v",65809.5,10.7701
"cg_vq_v",65809.5,10.9269
"cg_vq_v",65809.5,10.7542
"cg_vq_v",65809.5,10.9245
"cg_vq_v",65809.5,10.8928
"cg_vq_v",65809.5,11.0655
"cg_vq_v",65809.5,11.0662
"cg_vq_v",65809.5,11.0981
"cg_vq_v",65809.5,11.0341
"cg_vq_v",65809.5,11.1831
"cg_vq_v",65809.6,11.2303
"cg_vq_v",65809.6,11.175
"cg_vq_v",65809.6,10.7676
"cg_vq_v",65809.6,10.8685
"cg_vq_v",65809.6,10.8089
"cg_vq_v",65809.6,10.9667
"cg_vq_v",65809.6,10.877
"cg_vq_v",65809.6,11.0546
"cg_vq_v",65809.6,11.0552
"cg_vq_v",65809.6,11.0548
"cg_vq_v",65809.7,11.017
"cg_vq_v",65809.7,11.163
"cg_vq_v",65809.7,11.1867
"cg_vq_v",65809.7,11.177
"cg_vq_v",65809.7,10.7624
"cg_vq_v",65809.7,10.9008
"cg_vq_v",65809.7,10.7517
"cg_vq_v",65809.7,10.9871
"cg_vq_v",65809.7,10.8539
"cg_vq_v",65809.7,11.064
"cg_vq_v",65809.8,11.1182
"cg_vq_v",65809.8,11.1319
"cg_vq_v",65809.8,11.0067
"cg_vq_v",65809.8,11.2268
"cg_vq_v",65809.8,11.1877
"cg_vq_v",65809.8,11.1614
"cg_vq_v",65809.8,10.7455
"cg_vq_v",65809.8,10.8798
"cg_vq_v",65809.8,10.7382
"cg_vq_v",65809.8,10.978
"cg_vq_v",65809.9,10.8841
"cg_vq_v",65809.9,11.1282
"cg_vq_v",65809.9,11.1086
"cg_vq_v",65809.9,11.1456
"cg_vq_v",65809.9,11.042
"cg_vq_v",65809.9,11.1777
"cg_vq_v",65809.9,11.1596
"cg_vq_v",65809.9,11.1648
"cg_vq_v",65809.9,10.7728
"cg_vq_v",65809.9,10.902
"cg_vq_v",65810,10.7462
"cg_vq_v",65810,10.9352
"cg_vq_v",65810,10.8756
"cg_vq_v",65810,11.0145
"cg_vq_v",65810,11.0922
"cg_vq_v",65810,11.1221
"cg_vq_v",65810,10.9961
"cg_vq_v",65810,11.2161
"cg_vq_v",65810,11.1783
"cg_vq_v",65810,11.176
"cg_vq_v",65810.1,10.7416
"cg_vq_v",65810.1,10.9131
"cg_vq_v",65810.1,10.7464
"cg_vq_v",65810.1,10.9407
"cg_vq_v",65810.1,10.978
"cg_vq_v",65810.1,11.0979
"cg_vq_v",65810.1,11.1844
"cg_vq_v",65810.1,11.1482
"cg_vq_v",65810.1,10.9677
"cg_vq_v",65810.1,11.2019
"cg_vq_v",65810.1,11.2245
"cg_vq_v",65810.2,11.1668
"cg_vq_v",65810.2,10.774
"cg_vq_v",65810.2,10.9202
"cg_vq_v",65810.2,10.8033
"cg_vq_v",65810.2,10.9785
"cg_vq_v",65810.2,10.8774
"cg_vq_v",65810.2,11.0713
"cg_vq_v",65810.2,11.0402
"cg_vq_v",65810.2,11.1359
"cg_vq_v",65810.2,11.0179
"cg_vq_v",65810.3,11.1974
"cg_vq_v",65810.3,11.2231
"cg_vq_v",65810.3,11.1319
"cg_vq_v",65810.3,10.7393
"cg_vq_v",65810.3,10.8774
"cg_vq_v",65810.3,10.7604
"cg_vq_v",65810.3,11.0452
"cg_vq_v",65810.3,10.8847
"cg_vq_v",65810.3,11.0903
"cg_vq_v",65810.4,11.1215
"cg_vq_v",65810.4,11.1565
"cg_vq_v",65810.4,11.0629
"cg_vq_v",65810.4,11.1722
"cg_vq_v",65810.4,11.302
"cg_vq_v",65810.4,11.1786
"cg_vq_v",65810.4,10.7684
"cg_vq_v",65810.4,10.9256
"cg_vq_v",65810.4,10.7477
"cg_vq_v",65810.4,11.0644
"cg_vq_v",65810.5,10.9484
"cg_vq_v",65810.5,11.107
"cg_vq_v",65810.5,11.0941
"cg_vq_v",65810.5,11.0965
"cg_vq_v",65810.5,10.9759
"cg_vq_v",65810.5,11.1603
"cg_vq_v",65810.5,11.3034
"cg_vq_v",65810.5,11.2057
"cg_vq_v",65810.5,10.7778
"cg_vq_v",65810.5,10.9414
"cg_vq_v",65810.6,10.8079
"cg_vq_v",65810.6,10.9899
"cg_vq_v",65810.6,10.8834
"cg_vq_v",65810.6,11.0465
"cg_vq_v",65810.6,11.1222
"cg_vq_v",65810.6,11.0437
"cg_vq_v",65810.6,11.0723
"cg_vq_v",65810.6,11.2744
"cg_vq_v",65810.6,11.2486
"cg_vq_v",65810.6,11.1712
"cg_vq_v",65810.7,10.7596
"cg_vq_v",65810.7,10.9092
"cg_vq_v",65810.7,10.7912
"cg_vq_v",65810.7,11.0302
"cg_vq_v",65810.7,10.9231
"cg_vq_v",65810.7,11.0422
"cg_vq_v",65810.7,11.154
"cg_vq_v",65810.7,11.0845
"cg_vq_v",65810.7,11.0179
"cg_vq_v",65810.8,11.2375
"cg_vq_v",65810.8,11.2211
"cg_vq_v",65810.8,11.2083
"cg_vq_v",65810.8,10.7295
"cg_vq_v",65810.8,10.8539
"cg_vq_v",65810.8,10.7449
"cg_vq_v",65810.8,10.7753
"cg_vq_v",65810.8,10.9322
"cg_vq_v",65810.8,11.0867
"cg_vq_v",65810.8,11.1226
"cg_vq_v",65810.9,11.1123
"cg_vq_v",65810.9,11.0547
"cg_vq_v",65810.9,11.2274
"cg_vq_v",65810.9,11.221
"cg_vq_v",65810.9,11.169
"cg_vq_v",65810.9,10.7635
"cg_vq_v",65810.9,10.8796
"cg_vq_v",65810.9,10.7816
"cg_vq_v",65810.9,11.0134
"cg_vq_v",65810.9,10.9246
"cg_vq_v",65810.9,11.0788
"cg_vq_v",65811,11.1121
"cg_vq_v",65811,11.152
"cg_vq_v",65811,11.0664
"cg_vq_v",65811,11.2381
"cg_vq_v",65811,11.2295
"cg_vq_v",65811,11.0694
"cg_vq_v",65811,10.7683
"cg_vq_v",65811,10.8699
"cg_vq_v",65811,10.8028
"cg_vq_v",65811,11.0105
"cg_vq_v",65811.1,10.9009
"cg_vq_v",65811.1,11.0918
"cg_vq_v",65811.1,11.088
"cg_vq_v",65811.1,11.1308
"cg_vq_v",65811.1,11.0515
"cg_vq_v",65811.1,11.2241
"cg_vq_v",65811.1,11.2165
"cg_vq_v",65811.1,11.1881
"cg_vq_v",65811.1,10.7929
"cg_vq_v",65811.1,10.9146
"cg_vq_v",65811.2,10.7763
"cg_vq_v",65811.2,11.043
"cg_vq_v",65811.2,10.9072
"cg_vq_v",65811.2,11.0595
"cg_vq_v",65811.2,11.1054
"cg_vq_v",65811.2,10.9808
"cg_vq_v",65811.2,11.0649
"cg_vq_v",65811.2,11.2159
"cg_vq_v",65811.2,11.2422
"cg_vq_v",65811.2,11.1557
"cg_vq_v",65811.3,10.7689
"cg_vq_v",65811.3,10.9033
"cg_vq_v",65811.3,10.7493
"cg_vq_v",65811.3,10.9845
"cg_vq_v",65811.3,10.9649
"cg_vq_v",65811.3,11.0733
"cg_vq_v",65811.3,11.1386
"cg_vq_v",65811.3,11.1859
"cg_vq_v",65811.3,11.052
"cg_vq_v",65811.4,11.156
"cg_vq_v",65811.4,11.2577
"cg_vq_v",65811.4,11.1897
"cg_vq_v",65811.4,10.8064
"cg_vq_v",65811.4,10.9047
"cg_vq_v",65811.4,10.8214
"cg_vq_v",65811.4,10.8547
"cg_vq_v",65811.4,10.8934
"cg_vq_v",65811.4,11.0618
"cg_vq_v",65811.4,11.1288
"cg_vq_v",65811.4,11.1268
"cg_vq_v",65811.5,11.0645
"cg_vq_v",65811.5,11.2134
"cg_vq_v",65811.5,11.2644
"cg_vq_v",65811.5,11.1607
"cg_vq_v",65811.5,10.7488
"cg_vq_v",65811.5,10.9004
"cg_vq_v",65811.5,10.874
"cg_vq_v",65811.5,11.0766
"cg_vq_v",65811.5,10.9166
"cg_vq_v",65811.6,11.0751
"cg_vq_v",65811.6,11.0963
"cg_vq_v",65811.6,11.1511
"cg_vq_v",65811.6,11.0622
"cg_vq_v",65811.6,11.2062
"cg_vq_v",65811.6,11.2637
"cg_vq_v",65811.6,11.1635
"cg_vq_v",65811.6,10.8443
"vdc_v",65796.6,49.7079
"vdc_v",65796.6,49.268
"vdc_v",65796.6,48.8281
"vdc_v",65796.6,48.8281
"vdc_v",65796.6,49.268
"vdc_v",65796.6,49.7079
"vdc_v",65796.6,49.7079
"vdc_v",65796.6,49.7079
"vdc_v",65796.6,48.8281
"vdc_v",65796.7,48.8281
"vdc_v",65796.7,49.268
"vdc_v",65796.7,49.7079
"vdc_v",65796.7,49.7079
"vdc_v",65796.7,49.268
"vdc_v",65796.7,49.268
"vdc_v",65796.7,48.8281
"vdc_v",65796.7,49.268
"vdc_v",65796.7,49.7079
"vdc_v",65796.7,49.7079
"vdc_v",65796.8,49.268
"vdc_v",65796.8,49.268
"vdc_v",65796.8,48.8281
"vdc_v",65796.8,49.268
"vdc_v",65796.8,49.7079
"vdc_v",65796.8,49.7079
"vdc_v",65796.8,49.268
"vdc_v",65796.8,48.8281
"vdc_v",65796.8,48.8281
"vdc_v",65796.8,49.268
"vdc_v",65796.9,49.7079
"vdc_v",65796.9,49.7079
"vdc_v",65796.9,49.7079
"vdc_v",65796.9,49.268
"vdc_v",65796.9,48.8281
"vdc_v",65796.9,49.268
"vdc_v",65796.9,49.7079
"vdc_v",65796.9,49.7079
"vdc_v",65796.9,49.268
"vdc_v",65796.9,48.8281
"vdc_v",65797,48.8281
"vdc_v",65797,49.268
"vdc_v",65797,49.7079
"vdc_v",65797,49.7079
"vdc_v",65797,49.7079
"vdc_v",65797,48.8281
"vdc_v",65797,48.8281
"vdc_v",65797,49.268
"vdc_v",65797,49.268
"vdc_v",65797,49.7079
"vdc_v",65797.1,49.268
"vdc_v",65797.1,49.268
"vdc_v",65797.1,49.268
"vdc_v",65797.1,49.268
"vdc_v",65797.1,49.7079
"vdc_v",65797.1,49.7079
"vdc_v",65797.1,49.268
"vdc_v",65797.1,49.268
"vdc_v",65797.1,48.8281
"vdc_v",65797.1,49.268
"vdc_v",65797.2,49.7079
"vdc_v",65797.2,49.7079
"vdc_v",65797.2,49.268
"vdc_v",65797.2,48.8281
"vdc_v",65797.2,48.8281
"vdc_v",65797.2,49.268
"vdc_v",65797.2,49.7079
"vdc_v",65797.2,49.7079
"vdc_v",65797.2,49.7079
"vdc_v",65797.2,49.268
"vdc_v",65797.3,48.8281
"vdc_v",65797.3,49.268
"vdc_v",65797.3,49.7079
"vdc_v",65797.3,49.7079
"vdc_v",65797.3,48.8281
"vdc_v",65797.3,48.8281
"vdc_v",65797.3,48.8281
"vdc_v",65797.3,49.268
"vdc_v",65797.3,49.7079
"vdc_v",65797.3,49.7079
"vdc_v",65797.4,49.7079
"vdc_v",65797.4,48.8281
"vdc_v",65797.4,48.8281
"vdc_v",65797.4,49.268
"vdc_v",65797.4,49.7079
"vdc_v",65797.4,49.7079
"vdc_v",65797.4,49.268
"vdc_v",65797.4,48.8281
"vdc_v",65797.4,48.8281
"vdc_v",65797.4,49.268
"vdc_v",65797.5,49.7079
"vdc_v",65797.5,49.7079
"vdc_v",65797.5,49.268
"vdc_v",65797.5,48.8281
"vdc_v",65797.5,48.8281
"vdc_v",65797.5,49.268
"vdc_v",65797.5,49.7079
"vdc_v",65797.5,49.7079
"vdc_v",65797.5,49.268
"vdc_v",65797.5,48.8281
"vdc_v",65797.6,49.268
"vdc_v",65797.6,49.268
"vdc_v",65797.6,49.7079
"vdc_v",65797.6,49.7079
"vdc_v",65797.6,49.268
"vdc_v",65797.6,48.8281
"vdc_v",65797.6,48.8281
"vdc_v",65797.6,49.268
"vdc_v",65797.6,49.7079
"vdc_v",65797.6,49.7079
"vdc_v",65797.7,49.268
"vdc_v",65797.7,48.8281
"vdc_v",65797.7,48.8281
"vdc_v",65797.7,49.268
"vdc_v",65797.7,49.7079
"vdc_v",65797.7,49.7079
"vdc_v",65797.7,49.268
"vdc_v",65797.7,49.268
"vdc_v",65797.7,48.8281
"vdc_v",65797.7,49.268
"vdc_v",65797.8,49.7079
"vdc_v",65797.8,49.7079
"vdc_v",65797.8,49.268
"vdc_v",65797.8,48.8281
"vdc_v",65797.8,48.8281
"vdc_v",65797.8,49.268
"vdc_v",65797.8,49.7079
"vdc_v",65797.8,49.7079
"vdc_v",65797.8,49.268
"vdc_v",65797.8,49.268
"vdc_v",65797.9,49.268
"vdc_v",65797.9,49.268
"vdc_v",65797.9,49.7079
"vdc_v",65797.9,49.7079
"vdc_v",65797.9,49.268
"vdc_v",65797.9,48.8281
"vdc_v",65797.9,49.268
"vdc_v",65797.9,49.268
"vdc_v",65797.9,49.7079
"vdc_v",65797.9,49.7079
"vdc_v",65798,49.268
"vdc_v",65798,49.268
"vdc_v",65798,48.8281
"vdc_v",65798,49.268
"vdc_v",65798,49.7079
"vdc_v",65798,49.7079
"vdc_v",65798,49.268
"vdc_v",65798,48.8281
"vdc_v",65798,49.268
"vdc_v",65798,49.268
"vdc_v",65798.1,49.7079
"vdc_v",65798.1,49.7079
"vdc_v",65798.1,49.268
"vdc_v",65798.1,48.8281
"vdc_v",65798.1,48.8281
"vdc_v",65798.1,49.268
"vdc_v",65798.1,49.7079
"vdc_v",65798.1,49.7079
"vdc_v",65798.1,49.268
"vdc_v",65798.1,48.8281
"vdc_v",65798.2,49.268
"vdc_v",65798.2,49.268
"vdc_v",65798.2,49.7079
"vdc_v",65798.2,49.7079
"vdc_v",65798.2,49.268
"vdc_v",65798.2,48.8281
"vdc_v",65798.2,48.8281
"vdc_v",65798.2,49.268
"vdc_v",65798.2,49.7079
"vdc_v",65798.2,49.268
"vdc_v",65798.2,49.268
"vdc_v",65798.3,48.8281
"vdc_v",65798.3,48.8281
"vdc_v",65798.3,49.268
"vdc_v",65798.3,49.7079
"vdc_v",65798.3,49.7079
"vdc_v",65798.3,49.268
"vdc_v",65798.3,49.268
"vdc_v",65798.3,49.268
"vdc_v",65798.3,49.268
"vdc_v",65798.4,49.7079
"vdc_v",65798.4,49.7079
"vdc_v",65798.4,49.268
"vdc_v",65798.4,48.8281
"vdc_v",65798.4,49.268
"vdc_v",65798.4,49.268
"vdc_v",65798.4,49.7079
"vdc_v",65798.4,49.7079
"vdc_v",65798.4,49.268
"vdc_v",65798.4,49.268
"vdc_v",65798.5,48.8281
"vdc_v",65798.5,49.268
"vdc_v",65798.5,49.7079
"vdc_v",65798.5,49.7079
"vdc_v",65798.5,48.8281
"vdc_v",65798.5,48.8281
"vdc_v",65798.5,48.8281
"vdc_v",65798.5,49.268
"vdc_v",65798.5,49.7079
"vdc_v",65798.5,49.7079
"vdc_v",65798.6,49.268
"vdc_v",65798.6,48.8281
"vdc_v",65798.6,49.268
"vdc_v",65798.6,49.268
"vdc_v",65798.6,49.7079
"vdc_v",65798.6,49.268
"vdc_v",65798.6,49.268
"vdc_v",65798.6,48.8281
"vdc_v",65798.6,48.8281
"vdc_v",65798.6,49.268
"vdc_v",65798.7,49.7079
"vdc_v",65798.7,49.7079
"vdc_v",65798.7,49.268
"vdc_v",65798.7,48.8281
"vdc_v",65798.7,48.8281
"vdc_v",65798.7,49.268
"vdc_v",65798.7,49.7079
"vdc_v",65798.7,49.268
"vdc_v",65798.7,49.268
"vdc_v",65798.7,48.8281
"vdc_v",65798.8,48.8281
"vdc_v",65798.8,49.268
"vdc_v",65798.8,49.7079
"vdc_v",65798.8,49.7079
"vdc_v",65798.8,49.268
"vdc_v",65798.8,49.268
"vdc_v",65798.8,48.8281
"vdc_v",65798.8,49.268
"vdc_v",65798.8,49.7079
"vdc_v",65798.8,49.7079
"vdc_v",65798.9,48.8281
"vdc_v",65798.9,48.8281
"vdc_v",65798.9,49.268
"vdc_v",65798.9,49.268
"vdc_v",65798.9,49.7079
"vdc_v",65798.9,49.7079
"vdc_v",65798.9,49.268
"vdc_v",65798.9,49.268
"vdc_v",65798.9,49.268
"vdc_v",65798.9,49.268
"vdc_v",65799,49.7079
"vdc_v",65799,49.268
"vdc_v",65799,49.268
"vdc_v",65799,48.8281
"vdc_v",65799,48.8281
"vdc_v",65799,49.268
"vdc_v",65799,49.7079
"vdc_v",65799,49.7079
"vdc_v",65799,49.268
"vdc_v",65799,48.8281
"vdc_v",65799.1,48.8281
"vdc_v",65799.1,49.268
"vdc_v",65799.1,49.7079
"vdc_v",65799.1,49.7079
"vdc_v",65799.1,49.268
"vdc_v",65799.1,48.8281
"vdc_v",65799.1,49.268
"vdc_v",65799.1,49.268
"vdc_v",65799.1,49.7079
"vdc_v",65799.1,49.7079
"vdc_v",65799.2,49.268
"vdc_v",65799.2,49.268
"vdc_v",65799.2,48.8281
"vdc_v",65799.2,49.268
"vdc_v",65799.2,49.7079
"vdc_v",65799.2,49.7079
"vdc_v",65799.2,49.268
"vdc_v",65799.2,48.8281
"vdc_v",65799.2,49.268
"vdc_v",65799.2,49.268
"vdc_v",65799.3,49.7079
"vdc_v",65799.3,49.7079
"vdc_v",65799.3,49.268
"vdc_v",65799.3,49.268
"vdc_v",65799.3,48.8281
"vdc_v",65799.3,49.268
"vdc_v",65799.3,49.7079
"vdc_v",65799.3,49.268
"vdc_v",65799.3,48.8281
"vdc_v",65799.3,48.8281
"vdc_v",65799.4,49.268
"vdc_v",65799.4,49.268
"vdc_v",65799.4,49.7079
"vdc_v",65799.4,49.7079
"vdc_v",65799.4,49.268
"vdc_v",65799.4,48.8281
"vdc_v",65799.4,49.268
"vdc_v",65799.4,49.268
"vdc_v",65799.4,49.7079
"vdc_v",65799.4,49.268
"vdc_v",65799.5,49.268
"vdc_v",65799.5,48.8281
"vdc_v",65799.5,48.8281
"vdc_v",65799.5,49.268
"vdc_v",65799.5,49.7079
"vdc_v",65799.5,49.7079
"vdc_v",65799.5,49.268
"vdc_v",65799.5,49.268
"vdc_v",65799.5,49.268
"vdc_v",65799.5,49.268
"vdc_v",65799.6,49.7079
"vdc_v",65799.6,49.268
"vdc_v",65799.6,49.268
"vdc_v",65799.6,49.268
"vdc_v",65799.6,49.268
"vdc_v",65799.6,49.268
"vdc_v",65799.6,49.7079
"vdc_v",65799.6,49.7079
"vdc_v",65799.6,49.268
"vdc_v",65799.6,49.268
"vdc_v",65799.7,49.268
"vdc_v",65799.7,49.268
"vdc_v",65799.7,49.7079
"vdc_v",65799.7,49.7079
"vdc_v",65799.7,49.268
"vdc_v",65799.7,48.8281
"vdc_v",65799.7,49.268
"vdc_v",65799.7,49.268
"vdc_v",65799.7,49.268
"vdc_v",65799.8,49.7079
"vdc_v",65799.8,49.268
"vdc_v",65799.8,49.268
"vdc_v",65799.8,48.8281
"vdc_v",65799.8,49.268
"vdc_v",65799.8,49.7079
"vdc_v",65799.8,49.7079
"vdc_v",65799.8,49.268
"vdc_v",65799.8,48.8281
"vdc_v",65799.8,49.268
"vdc_v",65799.8,49.268
"vdc_v",65799.9,49.7079
"vdc_v",65799.9,49.7079
"vdc_v",65799.9,49.268
"vdc_v",65799.9,49.268
"vdc_v",65799.9,48.8281
"vdc_v",65799.9,49.268
"vdc_v",65799.9,49.268
"vdc_v",65799.9,49.268
"vdc_v",65799.9,49.268
"vdc_v",65799.9,49.268
"vdc_v",65800,49.268
"vdc_v",65800,49.268
"vdc_v",65800,49.7079
"vdc_v",65800,49.7079
"vdc_v",65800,49.268
"vdc_v",65800,49.268
"vdc_v",65800,49.268
"vdc_v",65800,49.268
"vdc_v",65800,49.7079
"vdc_v",65800,49.7079
"vdc_v",65800.1,49.268
"vdc_v",65800.1,48.8281
"vdc_v",65800.1,49.268
"vdc_v",65800.1,49.268
"vdc_v",65800.1,49.268
"vdc_v",65800.1,49.7079
"vdc_v",65800.1,49.268
"vdc_v",65800.1,49.268
"vdc_v",65800.1,48.8281
"vdc_v",65800.1,49.268
"vdc_v",65800.2,49.268
"vdc_v",65800.2,49.268
"vdc_v",65800.2,49.268
"vdc_v",65800.2,48.8281
"vdc_v",65800.2,49.268
"vdc_v",65800.2,49.268
"vdc_v",65800.2,49.7079
"vdc_v",65800.2,49.7079
"vdc_v",65800.2,49.268
"vdc_v",65800.2,48.8281
"vdc_v",65800.2,49.268
"vdc_v",65800.3,49.268
"vdc_v",65800.3,49.7079
"vdc_v",65800.3,49.7079
"vdc_v",65800.3,49.268
"vdc_v",65800.3,48.8281
"vdc_v",65800.3,49.268
"vdc_v",65800.3,49.268
"vdc_v",65800.3,49.7079
"vdc_v",65800.3,49.7079
"vdc_v",65800.4,49.268
"vdc_v",65800.4,49.268
"vdc_v",65800.4,49.268
"vdc_v",65800.4,49.268
"vdc_v",65800.4,49.7079
"vdc_v",65800.4,49.268
"vdc_v",65800.4,49.268
"vdc_v",65800.4,48.8281
"vdc_v",65800.4,49.268
"vdc_v",65800.5,49.268
"vdc_v",65800.5,49.268
"vdc_v",65800.5,49.7079
"vdc_v",65800.5,49.268
"vdc_v",65800.5,49.268
"vdc_v",65800.5,49.268
"vdc_v",65800.5,49.268
"vdc_v",65800.5,49.7079
"vdc_v",65800.5,49.7079
"vdc_v",65800.5,49.268
"vdc_v",65800.6,48.8281
"vdc_v",65800.6,49.268
"vdc_v",65800.6,49.268
"vdc_v",65800.6,49.7079
"vdc_v",65800.6,49.7079
"vdc_v",65800.6,49.268
"vdc_v",65800.6,48.8281
"vdc_v",65800.6,49.268
"vdc_v",65800.6,49.268
"vdc_v",65800.6,49.7079
"vdc_v",65800.6,49.268
"vdc_v",65800.7,49.268
"vdc_v",65800.7,48.8281
"vdc_v",65800.7,49.268
"vdc_v",65800.7,49.268
"vdc_v",65800.7,49.7079
"vdc_v",65800.7,49.268
"vdc_v",65800.7,49.268
"vdc_v",65800.7,49.268
"vdc_v",65800.7,49.268
"vdc_v",65800.8,49.268
"vdc_v",65800.8,49.7079
"vdc_v",65800.8,49.7079
"vdc_v",65800.8,49.268
"vdc_v",65800.8,48.8281
"vdc_v",65800.8,49.268
"vdc_v",65800.8,49.268
"vdc_v",65800.8,49.7079
"vdc_v",65800.8,49.7079
"vdc_v",65800.8,49.268
"vdc_v",65800.9,49.268
"vdc_v",65800.9,49.268
"vdc_v",65800.9,49.268
"vdc_v",65800.9,49.7079
"vdc_v",65800.9,49.268
"vdc_v",65800.9,48.8281
"vdc_v",65800.9,48.8281
"vdc_v",65800.9,49.268
"vdc_v",65800.9,49.268
"vdc_v",65800.9,49.7079
"vdc_v",65801,49.7079
"vdc_v",65801,49.268
"vdc_v",65801,49.268
"vdc_v",65801,49.268
"vdc_v",65801,49.7079
"vdc_v",65801,49.7079
"vdc_v",65801,49.268
"vdc_v",65801,49.268
"vdc_v",65801,48.8281
"vdc_v",65801,49.268
"vdc_v",65801,49.7079
"vdc_v",65801.1,49.7079
"vdc_v",65801.1,49.7079
"vdc_v",65801.1,49.268
"vdc_v",65801.1,49.268
"vdc_v",65801.1,49.268
"vdc_v",65801.1,49.268
"vdc_v",65801.1,49.7079
"vdc_v",65801.1,49.268
"vdc_v",65801.1,49.268
"vdc_v",65801.1,48.8281
"vdc_v",65801.2,48.8281
"vdc_v",65801.2,49.268
"vdc_v",65801.2,49.7079
"vdc_v",65801.2,49.7079
"vdc_v",65801.2,49.268
"vdc_v",65801.2,49.268
"vdc_v",65801.2,49.268
"vdc_v",65801.2,49.268
"vdc_v",65801.2,49.7079
"vdc_v",65801.2,49.268
"vdc_v",65801.3,49.268
"vdc_v",65801.3,48.8281
"vdc_v",65801.3,49.268
"vdc_v",65801.3,49.7079
"vdc_v",65801.3,49.7079
"vdc_v",65801.3,49.7079
"vdc_v",65801.3,49.268
"vdc_v",65801.3,49.268
"vdc_v",65801.3,49.268
"vdc_v",65801.4,49.268
"vdc_v",65801.4,49.7079
"vdc_v",65801.4,49.268
"vdc_v",65801.4,49.268
"vdc_v",65801.4,48.8281
"vdc_v",65801.4,49.268
"vdc_v",65801.4,49.7079
"vdc_v",65801.4,49.7079
"vdc_v",65801.4,49.7079
"vdc_v",65801.4,49.268
"vdc_v",65801.5,48.8281
"vdc_v",65801.5,49.268
"vdc_v",65801.5,49.268
"vdc_v",65801.5,49.7079
"vdc_v",65801.5,49.268
"vdc_v",65801.5,49.268
"vdc_v",65801.5,49.268
"vdc_v",65801.5,49.268
"vdc_v",65801.5,49.268
"vdc_v",65801.5,49.7079
"vdc_v",65801.6,49.7079
"vdc_v",65801.6,49.268
"vdc_v",65801.6,49.268
"vdc_v",65801.6,49.268
"vdc_v",65801.6,49.268
"vdc_v",65801.6,49.7079
"vdc_v",65801.6,49.268
"vdc_v",65801.6,49.268
"vdc_v",65801.6,48.8281
"vdc_v",65801.6,49.268
"vdc_v",65801.6,49.268
"vdc_v",65801.7,49.7079
"vdc_v",65801.7,49.7079
"vdc_v",65801.7,49.268
"vdc_v",65801.7,49.268
"vdc_v",65801.7,48.8281
"vdc_v",65801.7,49.268
"vdc_v",65801.7,49.7079
"vdc_v",65801.7,49.7079
"vdc_v",65801.8,48.8281
"vdc_v",65801.8,49.268
"vdc_v",65801.8,49.268
"vdc_v",65801.8,49.268
"vdc_v",65801.8,49.7079
"vdc_v",65801.8,49.7079
"vdc_v",65801.8,49.268
"vdc_v",65801.8,49.268
"vdc_v",65801.8,49.268
"vdc_v",65801.8,49.268
"vdc_v",65801.8,49.268
"vdc_v",65801.9,49.7079
"vdc_v",65801.9,48.8281
"vdc_v",65801.9,48.8281
"vdc_v",65801.9,49.268
"vdc_v",65801.9,49.7079
"vdc_v",65801.9,49.7079
"vdc_v",65801.9,49.7079
"vdc_v",65801.9,49.268
"vdc_v",65801.9,49.268
"vdc_v",65801.9,49.268
"vdc_v",65802,49.268
"vdc_v",65802,49.7079
"vdc_v",65802,49.268
"vdc_v",65802,49.268
"vdc_v",65802,49.268
"vdc_v",65802,49.268
"vdc_v",65802,49.268
"vdc_v",65802,49.7079
"vdc_v",65802,49.7079
"vdc_v",65802,49.268
"vdc_v",65802.1,49.268
"vdc_v",65802.1,49.268
"vdc_v",65802.1,49.268
"vdc_v",65802.1,49.7079
"vdc_v",65802.1,49.268
"vdc_v",65802.1,49.268
"vdc_v",65802.1,48.8281
"vdc_v",65802.1,49.268
"vdc_v",65802.1,49.268
"vdc_v",65802.1,49.7079
"vdc_v",65802.2,49.7079
"vdc_v",65802.2,49.268
"vdc_v",65802.2,49.268
"vdc_v",65802.2,49.268
"vdc_v",65802.2,49.268
"vdc_v",65802.2,49.7079
"vdc_v",65802.2,49.268
"vdc_v",65802.2,49.268
"vdc_v",65802.2,49.268
"vdc_v",65802.2,49.268
"vdc_v",65802.3,49.7079
"vdc_v",65802.3,49.7079
"vdc_v",65802.3,49.268
"vdc_v",65802.3,49.268
"vdc_v",65802.3,49.268
"vdc_v",65802.3,49.268
"vdc_v",65802.3,49.268
"vdc_v",65802.3,49.7079
"vdc_v",65802.3,49.268
"vdc_v",65802.3,49.268
"vdc_v",65802.4,49.268
"vdc_v",65802.4,49.268
"vdc_v",65802.4,49.268
"vdc_v",65802.4,49.7079
"vdc_v",65802.4,49.268
"vdc_v",65802.4,49.268
"vdc_v",65802.4,49.268
"vdc_v",65802.4,49.268
"vdc_v",65802.4,49.268
"vdc_v",65802.4,49.7079
"vdc_v",65802.5,49.268
"vdc_v",65802.5,48.8281
"vdc_v",65802.5,48.8281
"vdc_v",65802.5,49.268
"vdc_v",65802.5,49.268
"vdc_v",65802.5,49.7079
"vdc_v",65802.5,49.7079
"vdc_v",65802.5,49.268
"vdc_v",65802.5,48.8281
"vdc_v",65802.5,49.268
"vdc_v",65802.6,49.268
"vdc_v",65802.6,49.7079
"vdc_v",65802.6,49.268
"vdc_v",65802.6,49.268
"vdc_v",65802.6,48.8281
"vdc_v",65802.6,49.268
"vdc_v",65802.6,49.268
"vdc_v",65802.6,49.7079
"vdc_v",65802.6,49.7079
"vdc_v",65802.6,49.268
"vdc_v",65802.7,49.268
"vdc_v",65802.7,49.268
"vdc_v",65802.7,49.268
"vdc_v",65802.7,49.7079
"vdc_v",65802.7,49.268
"vdc_v",65802.7,49.268
"vdc_v",65802.7,49.268
"vdc_v",65802.7,49.268
"vdc_v",65802.7,49.268
"vdc_v",65802.8,49.7079
"vdc_v",65802.8,49.7079
"vdc_v",65802.8,49.268
"vdc_v",65802.8,49.268
"vdc_v",65802.8,49.268
"vdc_v",65802.8,49.268
"vdc_v",65802.8,49.268
"vdc_v",65802.8,49.268
"vdc_v",65802.8,49.268
"vdc_v",65802.8,49.268
"vdc_v",65802.9,49.268
"vdc_v",65802.9,49.268
"vdc_v",65802.9,49.7079
"vdc_v",65802.9,49.268
"vdc_v",65802.9,49.268
"vdc_v",65802.9,49.268
"vdc_v",65802.9,49.268
"vdc_v",65802.9,49.268
"vdc_v",65802.9,49.7079
"vdc_v",65802.9,49.268
"vdc_v",65802.9,49.268
"vdc_v",65803,49.268
"vdc_v",65803,49.268
"vdc_v",65803,49.268
"vdc_v",65803,49.7079
"vdc_v",65803,49.268
"vdc_v",65803,49.268
"vdc_v",65803,49.268
"vdc_v",65803,49.268
"vdc_v",65803,49.268
"vdc_v",65803,49.7079
"vdc_v",65803.1,49.268
"vdc_v",65803.1,49.268
"vdc_v",65803.1,49.268
"vdc_v",65803.1,49.268
"vdc_v",65803.1,49.7079
"vdc_v",65803.1,49.7079
"vdc_v",65803.1,49.7079
"vdc_v",65803.1,49.268
"vdc_v",65803.1,49.268
"vdc_v",65803.1,49.268
"vdc_v",65803.2,49.268
"vdc_v",65803.2,49.268
"vdc_v",65803.2,49.268
"vdc_v",65803.2,49.268
"vdc_v",65803.2,48.8281
"vdc_v",65803.2,49.268
"vdc_v",65803.2,49.268
"vdc_v",65803.2,49.7079
"vdc_v",65803.2,49.7079
"vdc_v",65803.2,49.268
"vdc_v",65803.3,49.268
"vdc_v",65803.3,48.8281
"vdc_v",65803.3,49.268
"vdc_v",65803.3,49.7079
"vdc_v",65803.3,49.268
"vdc_v",65803.3,49.268
"vdc_v",65803.3,49.268
"vdc_v",65803.3,49.268
"vdc_v",65803.3,49.268
"vdc_v",65803.4,49.7079
"vdc_v",65803.4,49.7079
"vdc_v",65803.4,49.268
"vdc_v",65803.4,49.268
"vdc_v",65803.4,49.268
"vdc_v",65803.4,49.7079
"vdc_v",65803.4,49.7079
"vdc_v",65803.4,49.268
"vdc_v",65803.4,49.268
"vdc_v",65803.4,48.8281
"vdc_v",65803.5,49.268
"vdc_v",65803.5,49.7079
"vdc_v",65803.5,49.7079
"vdc_v",65803.5,49.7079
"vdc_v",65803.5,49.268
"vdc_v",65803.5,49.268
"vdc_v",65803.5,49.268
"vdc_v",65803.5,49.268
"vdc_v",65803.5,49.268
"vdc_v",65803.5,49.268
"vdc_v",65803.5,49.268
"vdc_v",65803.6,48.8281
"vdc_v",65803.6,49.268
"vdc_v",65803.6,49.268
"vdc_v",65803.6,49.7079
"vdc_v",65803.6,49.268
"vdc_v",65803.6,49.268
"vdc_v",65803.6,48.8281
"vdc_v",65803.6,49.268
"vdc_v",65803.6,49.268
"vdc_v",65803.6,49.7079
"vdc_v",65803.7,49.268
"vdc_v",65803.7,49.268
"vdc_v",65803.7,48.8281
"vdc_v",65803.7,49.268
"vdc_v",65803.7,49.268
"vdc_v",65803.7,49.7079
"vdc_v",65803.7,49.7079
"vdc_v",65803.7,49.268
"vdc_v",65803.7,49.268
"vdc_v",65803.8,49.268
"vdc_v",65803.8,49.7079
"vdc_v",65803.8,49.7079
"vdc_v",65803.8,49.268
"vdc_v",65803.8,49.268
"vdc_v",65803.8,49.268
"vdc_v",65803.8,49.268
"vdc_v",65803.8,49.7079
"vdc_v",65803.8,49.268
"vdc_v",65803.8,49.268
"vdc_v",65803.9,49.268
"vdc_v",65803.9,49.268
"vdc_v",65803.9,48.8281
"vdc_v",65803.9,49.268
"vdc_v",65803.9,49.7079
"vdc_v",65803.9,49.268
"vdc_v",65803.9,49.268
"vdc_v",65803.9,48.8281
"vdc_v",65803.9,49.268
"vdc_v",65803.9,49.268
"vdc_v",65803.9,49.7079
"vdc_v",65804,49.268
"vdc_v",65804,49.268
"vdc_v",65804,49.268
"vdc_v",65804,49.268
"vdc_v",65804,49.268
"vdc_v",65804,49.7079
"vdc_v",65804,48.8281
"vdc_v",65804,49.268
"vdc_v",65804,48.8281
"vdc_v",65804,49.268
"vdc_v",65804.1,49.268
"vdc_v",65804.1,49.7079
"vdc_v",65804.1,49.268
"vdc_v",65804.1,49.268
"vdc_v",65804.1,49.268
"vdc_v",65804.1,49.268
"vdc_v",65804.1,49.268
"vdc_v",65804.1,49.7079
"vdc_v",65804.1,49.268
"vdc_v",65804.1,49.268
"vdc_v",65804.2,48.8281
"vdc_v",65804.2,49.268
"vdc_v",65804.2,49.7079
"vdc_v",65804.2,49.7079
"vdc_v",65804.2,49.268
"vdc_v",65804.2,49.268
"vdc_v",65804.2,49.268
"vdc_v",65804.2,49.268
"vdc_v",65804.2,49.268
"vdc_v",65804.2,49.7079
"vdc_v",65804.3,49.268
"vdc_v",65804.3,49.268
"vdc_v",65804.3,49.268
"vdc_v",65804.3,49.268
"vdc_v",65804.3,49.7079
"vdc_v",65804.3,49.7079
"vdc_v",65804.3,49.7079
"vdc_v",65804.3,49.268
"vdc_v",65804.3,49.268
"vdc_v",65804.4,49.268
"vdc_v",65804.4,49.268
"vdc_v",65804.4,49.268
"vdc_v",65804.4,49.268
"vdc_v",65804.4,49.268
"vdc_v",65804.4,49.268
"vdc_v",65804.4,49.268
"vdc_v",65804.4,49.268
"vdc_v",65804.4,49.7079
"vdc_v",65804.4,49.268
"vdc_v",65804.4,49.268
"vdc_v",65804.5,49.268
"vdc_v",65804.5,49.268
"vdc_v",65804.5,49.268
"vdc_v",65804.5,49.7079
"vdc_v",65804.5,49.268
"vdc_v",65804.5,49.268
"vdc_v",65804.5,48.8281
"vdc_v",65804.5,49.268
"vdc_v",65804.5,49.268
"vdc_v",65804.5,49.7079
"vdc_v",65804.6,49.7079
"vdc_v",65804.6,49.268
"vdc_v",65804.6,49.268
"vdc_v",65804.6,49.268
"vdc_v",65804.6,49.7079
"vdc_v",65804.6,49.7079
"vdc_v",65804.6,49.268
"vdc_v",65804.6,48.8281
"vdc_v",65804.6,49.268
"vdc_v",65804.6,49.268
"vdc_v",65804.7,49.7079
"vdc_v",65804.7,49.7079
"vdc_v",65804.7,49.268
"vdc_v",65804.7,49.268
"vdc_v",65804.7,49.268
"vdc_v",65804.7,49.268
"vdc_v",65804.7,49.268
"vdc_v",65804.7,49.7079
"vdc_v",65804.7,49.268
"vdc_v",65804.8,48.8281
"vdc_v",65804.8,49.268
"vdc_v",65804.8,49.268
"vdc_v",65804.8,49.7079
"vdc_v",65804.8,49.7079
"vdc_v",65804.8,49.268
"vdc_v",65804.9,49.268
"vdc_v",65804.9,49.268
"vdc_v",65804.9,49.268
"vdc_v",65804.9,49.268
"vdc_v",65804.9,49.7079
"vdc_v",65804.9,49.268
"vdc_v",65805,49.268
"vdc_v",65805,49.268
"vdc_v",65805,49.268
"vdc_v",65805,49.7079
"vdc_v",65805,49.7079
"vdc_v",65805,49.268
"vdc_v",65805,49.268
"vdc_v",65805.1,49.268
"vdc_v",65805.1,49.268
"vdc_v",65805.1,49.268
"vdc_v",65805.1,49.7079
"vdc_v",65805.1,49.7079
"vdc_v",65805.1,49.268
"vdc_v",65805.1,49.268
"vdc_v",65805.2,49.268
"vdc_v",65805.2,49.268
"vdc_v",65805.2,49.268
"vdc_v",65805.2,49.7079
"vdc_v",65805.2,49.7079
"vdc_v",65805.2,49.268
"vdc_v",65805.2,49.268
"vdc_v",65805.2,49.268
"vdc_v",65805.2,49.268
"vdc_v",65805.3,49.7079
"vdc_v",65805.3,49.268
"vdc_v",65805.3,49.268
"vdc_v",65805.3,49.268
"vdc_v",65805.3,49.268
"vdc_v",65805.3,49.268
"vdc_v",65805.3,49.268
"vdc_v",65805.3,49.7079
"vdc_v",65805.3,49.268
"vdc_v",65805.3,49.268
"vdc_v",65805.3,49.268
"vdc_v",65805.4,49.268
"vdc_v",65805.4,49.268
"vdc_v",65805.4,49.268
"vdc_v",65805.4,49.268
"vdc_v",65805.4,49.268
"vdc_v",65805.4,48.8281
"vdc_v",65805.4,49.268
"vdc_v",65805.4,49.268
"vdc_v",65805.4,49.7079
"vdc_v",65805.4,49.268
"vdc_v",65805.4,49.268
"vdc_v",65805.5,49.268
"vdc_v",65805.5,49.268
"vdc_v",65805.5,49.268
"vdc_v",65805.5,49.268
"vdc_v",65805.5,49.268
"vdc_v",65805.5,49.268
"vdc_v",65805.5,49.268
"vdc_v",65805.5,49.268
"vdc_v",65805.5,49.268
"vdc_v",65805.5,49.7079
"vdc_v",65805.5,49.268
"vdc_v",65805.5,49.268
"vdc_v",65805.6,49.268
"vdc_v",65805.6,49.268
"vdc_v",65805.6,49.7079
"vdc_v",65805.6,49.7079
"vdc_v",65805.6,49.268
"vdc_v",65805.6,49.268
"vdc_v",65805.6,49.268
"vdc_v",65805.6,49.268
"vdc_v",65805.6,49.268
"vdc_v",65805.6,49.7079
"vdc_v",65805.6,49.268
"vdc_v",65805.6,49.268
"vdc_v",65805.7,49.268
"vdc_v",65805.7,49.268
"vdc_v",65805.7,49.7079
"vdc_v",65805.7,49.268
"vdc_v",65805.7,49.268
"vdc_v",65805.7,48.8281
"vdc_v",65805.7,49.268
"vdc_v",65805.7,49.268
"vdc_v",65805.7,49.268
"vdc_v",65805.7,49.7079
"vdc_v",65805.8,49.268
"vdc_v",65805.8,49.268
"vdc_v",65805.8,49.268
"vdc_v",65805.8,49.268
"vdc_v",65805.8,49.268
"vdc_v",65805.8,49.268
"vdc_v",65805.8,49.268
"vdc_v",65805.8,49.268
"vdc_v",65805.8,49.268
"vdc_v",65805.8,49.268
"vdc_v",65805.8,49.268
"vdc_v",65805.9,49.7079
"vdc_v",65805.9,49.268
"vdc_v",65805.9,49.268
"vdc_v",65805.9,49.268
"vdc_v",65805.9,49.268
"vdc_v",65805.9,49.268
"vdc_v",65805.9,49.268
"vdc_v",65805.9,49.268
"vdc_v",65805.9,49.268
"vdc_v",65805.9,49.268
"vdc_v",65806,49.268
"vdc_v",65806,49.268
"vdc_v",65806,49.268
"vdc_v",65806,49.268
"vdc_v",65806,49.268
"vdc_v",65806,49.268
"vdc_v",65806,48.8281
"vdc_v",65806,49.268
"vdc_v",65806,49.268
"vdc_v",65806,49.268
"vdc_v",65806.1,49.268
"vdc_v",65806.1,49.268
"vdc_v",65806.1,49.268
"vdc_v",65806.1,49.268
"vdc_v",65806.1,49.7079
"vdc_v",65806.1,49.268
"vdc_v",65806.1,49.268
"vdc_v",65806.1,49.268
"vdc_v",65806.1,49.268
"vdc_v",65806.1,49.7079
"vdc_v",65806.2,49.268
"vdc_v",65806.2,49.268
"vdc_v",65806.2,49.268
"vdc_v",65806.2,49.268
"vdc_v",65806.2,49.268
"vdc_v",65806.2,49.268
"vdc_v",65806.2,49.268
"vdc_v",65806.2,49.268
"vdc_v",65806.2,49.268
"vdc_v",65806.2,49.268
"vdc_v",65806.3,49.268
"vdc_v",65806.3,49.7079
"vdc_v",65806.3,49.268
"vdc_v",65806.3,49.268
"vdc_v",65806.3,49.268
"vdc_v",65806.3,49.268
"vdc_v",65806.3,49.268
"vdc_v",65806.3,49.268
"vdc_v",65806.3,49.7079
"vdc_v",65806.3,49.7079
"vdc_v",65806.4,49.268
"vdc_v",65806.4,49.268
"vdc_v",65806.4,49.268
"vdc_v",65806.4,49.268
"vdc_v",65806.4,49.7079
"vdc_v",65806.4,49.268
"vdc_v",65806.4,49.268
"vdc_v",65806.4,49.268
"vdc_v",65806.4,49.268
"vdc_v",65806.4,49.268
"vdc_v",65806.5,49.7079
"vdc_v",65806.5,49.268
"vdc_v",65806.5,49.268
"vdc_v",65806.5,49.268
"vdc_v",65806.5,49.268
"vdc_v",65806.5,49.268
"vdc_v",65806.5,49.268
"vdc_v",65806.5,49.268
"vdc_v",65806.5,49.268
"vdc_v",65806.5,49.268
"vdc_v",65806.6,49.268
"vdc_v",65806.6,49.268
"vdc_v",65806.6,49.268
"vdc_v",65806.6,49.268
"vdc_v",65806.6,49.268
"vdc_v",65806.6,49.268
"vdc_v",65806.6,49.268
"vdc_v",65806.6,49.268
"vdc_v",65806.6,49.268
"vdc_v",65806.6,49.268
"vdc_v",65806.7,49.268
"vdc_v",65806.7,48.8281
"vdc_v",65806.7,49.268
"vdc_v",65806.7,49.7079
"vdc_v",65806.7,49.7079
"vdc_v",65806.7,49.268
"vdc_v",65806.7,49.268
"vdc_v",65806.7,49.268
"vdc_v",65806.7,49.268
"vdc_v",65806.7,49.268
"vdc_v",65806.8,49.268
"vdc_v",65806.8,49.268
"vdc_v",65806.8,49.268
"vdc_v",65806.8,49.268
"vdc_v",65806.8,49.268
"vdc_v",65806.8,49.268
"vdc_v",65806.8,49.268
"vdc_v",65806.8,49.268
"vdc_v",65806.8,49.268
"vdc_v",65806.8,49.268
"vdc_v",65806.9,49.268
"vdc_v",65806.9,49.268
"vdc_v",65806.9,49.268
"vdc_v",65806.9,49.268
"vdc_v",65806.9,48.8281
"vdc_v",65806.9,49.268
"vdc_v",65806.9,49.268
"vdc_v",65806.9,49.268
"vdc_v",65806.9,49.268
"vdc_v",65806.9,49.268
"vdc_v",65807,49.268
"vdc_v",65807,49.268
"vdc_v",65807,49.268
"vdc_v",65807,49.268
"vdc_v",65807,49.268
"vdc_v",65807,48.8281
"vdc_v",65807,49.268
"vdc_v",65807,49.268
"vdc_v",65807,49.268
"vdc_v",65807,49.7079
"vdc_v",65807.1,49.268
"vdc_v",65807.1,49.268
"vdc_v",65807.1,49.268
"vdc_v",65807.1,49.268
"vdc_v",65807.1,49.268
"vdc_v",65807.1,49.268
"vdc_v",65807.1,49.268
"vdc_v",65807.1,49.268
"vdc_v",65807.1,49.268
"vdc_v",65807.1,49.268
"vdc_v",65807.2,49.268
"vdc_v",65807.2,49.268
"vdc_v",65807.2,49.7079
"vdc_v",65807.2,49.268
"vdc_v",65807.2,49.268
"vdc_v",65807.2,49.268
"vdc_v",65807.2,49.268
"vdc_v",65807.2,49.268
"vdc_v",65807.2,49.268
"vdc_v",65807.2,49.268
"vdc_v",65807.3,49.268
"vdc_v",65807.3,49.268
"vdc_v",65807.3,49.268
"vdc_v",65807.3,49.268
"vdc_v",65807.3,49.268
"vdc_v",65807.3,49.268
"vdc_v",65807.3,49.268
"vdc_v",65807.3,49.268
"vdc_v",65807.3,49.268
"vdc_v",65807.3,49.268
"vdc_v",65807.4,49.268
"vdc_v",65807.4,49.268
"vdc_v",65807.4,49.268
"vdc_v",65807.4,49.268
"vdc_v",65807.4,49.268
"vdc_v",65807.4,49.268
"vdc_v",65807.4,49.268
"vdc_v",65807.4,49.268
"vdc_v",65807.4,49.268
"vdc_v",65807.4,49.268
"vdc_v",65807.5,49.268
"vdc_v",65807.5,49.268
"vdc_v",65807.5,49.268
"vdc_v",65807.5,49.268
"vdc_v",65807.5,49.268
"vdc_v",65807.5,49.268
"vdc_v",65807.5,49.268
"vdc_v",65807.5,49.268
"vdc_v",65807.5,49.7079
"vdc_v",65807.5,49.268
"vdc_v",65807.6,49.268
"vdc_v",65807.6,49.268
"vdc_v",65807.6,49.268
"vdc_v",65807.6,49.268
"vdc_v",65807.6,49.268
"vdc_v",65807.6,49.268
"vdc_v",65807.6,49.268
"vdc_v",65807.6,49.268
"vdc_v",65807.6,49.268
"vdc_v",65807.6,49.268
"vdc_v",65807.7,49.268
"vdc_v",65807.7,49.268
"vdc_v",65807.7,49.268
"vdc_v",65807.7,49.7079
"vdc_v",65807.7,49.268
"vdc_v",65807.7,49.268
"vdc_v",65807.7,49.268
"vdc_v",65807.7,49.268
"vdc_v",65807.7,48.8281
"vdc_v",65807.7,49.268
"vdc_v",65807.8,49.268
"vdc_v",65807.8,49.268
"vdc_v",65807.8,49.7079
"vdc_v",65807.8,49.268
"vdc_v",65807.8,49.268
"vdc_v",65807.8,49.268
"vdc_v",65807.8,49.268
"vdc_v",65807.8,49.268
"vdc_v",65807.8,49.268
"vdc_v",65807.8,49.268
"vdc_v",65807.9,49.268
"vdc_v",65807.9,48.8281
"vdc_v",65807.9,49.268
"vdc_v",65807.9,49.268
"vdc_v",65807.9,49.7079
"vdc_v",65807.9,49.268
"vdc_v",65807.9,49.268
"vdc_v",65807.9,49.268
"vdc_v",65807.9,49.268
"vdc_v",65807.9,49.268
"vdc_v",65808,49.268
"vdc_v",65808,49.268
"vdc_v",65808,49.268
"vdc_v",65808,49.268
"vdc_v",65808,49.268
"vdc_v",65808,49.268
"vdc_v",65808,49.268
"vdc_v",65808,49.268
"vdc_v",65808,49.268
"vdc_v",65808,49.268
"vdc_v",65808.1,49.268
"vdc_v",65808.1,49.268
"vdc_v",65808.1,49.268
"vdc_v",65808.1,49.268
"vdc_v",65808.1,49.268
"vdc_v",65808.1,49.268
"vdc_v",65808.1,49.268
"vdc_v",65808.1,49.268
"vdc_v",65808.1,49.268
"vdc_v",65808.1,49.268
"vdc_v",65808.1,49.268
"vdc_v",65808.2,49.268
"vdc_v",65808.2,49.268
"vdc_v",65808.2,49.268
"vdc_v",65808.2,49.268
"vdc_v",65808.2,49.268
"vdc_v",65808.2,49.268
"vdc_v",65808.2,49.268
"vdc_v",65808.2,49.268
"vdc_v",65808.2,49.268
"vdc_v",65808.2,49.268
"vdc_v",65808.3,49.268
"vdc_v",65808.3,49.268
"vdc_v",65808.3,49.268
"vdc_v",65808.3,49.268
"vdc_v",65808.3,49.268
"vdc_v",65808.3,48.8281
"vdc_v",65808.3,49.268
"vdc_v",65808.3,49.268
"vdc_v",65808.3,48.8281
"vdc_v",65808.4,49.268
"vdc_v",65808.4,49.268
"vdc_v",65808.4,49.268
"vdc_v",65808.4,49.268
"vdc_v",65808.4,49.268
"vdc_v",65808.4,49.268
"vdc_v",65808.4,49.268
"vdc_v",65808.4,49.268
"vdc_v",65808.4,49.268
"vdc_v",65808.4,49.268
"vdc_v",65808.5,49.268
"vdc_v",65808.5,49.268
"vdc_v",65808.5,49.268
"vdc_v",65808.5,49.268
"vdc_v",65808.5,49.268
"vdc_v",65808.5,48.8281
"vdc_v",65808.5,49.268
"vdc_v",65808.5,49.268
"vdc_v",65808.5,49.268
"vdc_v",65808.5,49.268
"vdc_v",65808.6,49.268
"vdc_v",65808.6,49.268
"vdc_v",65808.6,49.268
"vdc_v",65808.6,49.268
"vdc_v",65808.6,49.268
"vdc_v",65808.6,49.268
"vdc_v",65808.6,49.268
"vdc_v",65808.6,49.268
"vdc_v",65808.6,49.268
"vdc_v",65808.6,49.268
"vdc_v",65808.7,49.268
"vdc_v",65808.7,49.268
"vdc_v",65808.7,49.268
"vdc_v",65808.7,49.268
"vdc_v",65808.7,49.268
"vdc_v",65808.7,49.268
"vdc_v",65808.7,49.268
"vdc_v",65808.7,49.268
"vdc_v",65808.7,49.268
"vdc_v",65808.7,49.268
"vdc_v",65808.8,49.268
"vdc_v",65808.8,49.268
"vdc_v",65808.8,49.268
"vdc_v",65808.8,49.268
"vdc_v",65808.8,48.8281
"vdc_v",65808.8,49.268
"vdc_v",65808.8,49.268
"vdc_v",65808.8,49.268
"vdc_v",65808.8,49.268
"vdc_v",65808.8,49.268
"vdc_v",65808.9,49.268
"vdc_v",65808.9,49.268
"vdc_v",65808.9,49.268
"vdc_v",65808.9,49.268
"vdc_v",65808.9,49.268
"vdc_v",65808.9,49.268
"vdc_v",65808.9,49.268
"vdc_v",65808.9,49.268
"vdc_v",65808.9,49.268
"vdc_v",65808.9,49.268
"vdc_v",65809,49.268
"vdc_v",65809,49.268
"vdc_v",65809,49.268
"vdc_v",65809,49.268
"vdc_v",65809,49.268
"vdc_v",65809,49.7079
"vdc_v",65809,49.268
"vdc_v",65809,49.268
"vdc_v",65809,49.268
"vdc_v",65809,49.268
"vdc_v",65809.1,49.268
"vdc_v",65809.1,49.268
"vdc_v",65809.1,49.7079
"vdc_v",65809.1,49.268
"vdc_v",65809.1,49.268
"vdc_v",65809.1,49.268
"vdc_v",65809.1,49.268
"vdc_v",65809.1,49.268
"vdc_v",65809.1,49.268
"vdc_v",65809.1,49.268
"vdc_v",65809.2,49.268
"vdc_v",65809.2,49.268
"vdc_v",65809.2,48.8281
"vdc_v",65809.2,49.268
"vdc_v",65809.2,49.268
"vdc_v",65809.2,49.268
"vdc_v",65809.2,49.268
"vdc_v",65809.2,49.268
"vdc_v",65809.2,49.268
"vdc_v",65809.2,49.268
"vdc_v",65809.3,49.268
"vdc_v",65809.3,49.268
"vdc_v",65809.3,49.268
"vdc_v",65809.3,49.268
"vdc_v",65809.3,49.268
"vdc_v",65809.3,48.8281
"vdc_v",65809.3,49.268
"vdc_v",65809.3,49.268
"vdc_v",65809.3,49.268
"vdc_v",65809.3,49.268
"vdc_v",65809.4,49.268
"vdc_v",65809.4,49.268
"vdc_v",65809.4,49.268
"vdc_v",65809.4,49.268
"vdc_v",65809.4,49.268
"vdc_v",65809.4,49.268
"vdc_v",65809.4,49.268
"vdc_v",65809.4,49.268
"vdc_v",65809.4,49.268
"vdc_v",65809.4,49.268
"vdc_v",65809.5,49.268
"vdc_v",65809.5,49.268
"vdc_v",65809.5,49.268
"vdc_v",65809.5,49.268
"vdc_v",65809.5,49.268
"vdc_v",65809.5,49.268
"vdc_v",65809.5,49.268
"vdc_v",65809.5,49.268
"vdc_v",65809.5,49.268
"vdc_v",65809.5,49.268
"vdc_v",65809.6,49.268
"vdc_v",65809.6,49.268
"vdc_v",65809.6,49.268
"vdc_v",65809.6,49.268
"vdc_v",65809.6,49.268
"vdc_v",65809.6,49.268
"vdc_v",65809.6,49.268
"vdc_v",65809.6,49.268
"vdc_v",65809.6,49.268
"vdc_v",65809.6,49.268
"vdc_v",65809.7,49.268
"vdc_v",65809.7,49.268
"vdc_v",65809.7,49.268
"vdc_v",65809.7,49.268
"vdc_v",65809.7,49.268
"vdc_v",65809.7,49.268
"vdc_v",65809.7,49.268
"vdc_v",65809.7,49.268
"vdc_v",65809.7,49.268
"vdc_v",65809.7,49.268
"vdc_v",65809.8,49.268
"vdc_v",65809.8,49.268
"vdc_v",65809.8,49.268
"vdc_v",65809.8,49.268
"vdc_v",65809.8,49.268
"vdc_v",65809.8,49.268
"vdc_v",65809.8,49.268
"vdc_v",65809.8,49.268
"vdc_v",65809.8,49.268
"vdc_v",65809.8,49.7079
"vdc_v",65809.9,49.268
"vdc_v",65809.9,48.8281
"vdc_v",65809.9,49.268
"vdc_v",65809.9,49.268
"vdc_v",65809.9,49.268
"vdc_v",65809.9,49.268
"vdc_v",65809.9,49.268
"vdc_v",65809.9,49.268
"vdc_v",65809.9,49.268
"vdc_v",65809.9,49.268
"vdc_v",65810,48.8281
"vdc_v",65810,49.268
"vdc_v",65810,49.268
"vdc_v",65810,49.268
"vdc_v",65810,49.268
"vdc_v",65810,49.268
"vdc_v",65810,49.268
"vdc_v",65810,49.268
"vdc_v",65810,49.268
"vdc_v",65810,49.268
"vdc_v",65810.1,49.268
"vdc_v",65810.1,49.268
"vdc_v",65810.1,49.268
"vdc_v",65810.1,49.7079
"vdc_v",65810.1,49.268
"vdc_v",65810.1,49.268
"vdc_v",65810.1,48.8281
"vdc_v",65810.1,49.268
"vdc_v",65810.1,49.268
"vdc_v",65810.1,49.268
"vdc_v",65810.1,49.268
"vdc_v",65810.2,49.268
"vdc_v",65810.2,49.268
"vdc_v",65810.2,49.268
"vdc_v",65810.2,49.268
"vdc_v",65810.2,49.268
"vdc_v",65810.2,49.268
"vdc_v",65810.2,49.268
"vdc_v",65810.2,49.268
"vdc_v",65810.2,48.8281
"vdc_v",65810.2,49.268
"vdc_v",65810.3,49.268
"vdc_v",65810.3,49.268
"vdc_v",65810.3,49.268
"vdc_v",65810.3,49.268
"vdc_v",65810.3,49.268
"vdc_v",65810.3,49.268
"vdc_v",65810.3,49.7079
"vdc_v",65810.3,49.268
"vdc_v",65810.3,49.268
"vdc_v",65810.4,49.268
"vdc_v",65810.4,49.268
"vdc_v",65810.4,49.268
"vdc_v",65810.4,49.268
"vdc_v",65810.4,49.7079
"vdc_v",65810.4,49.268
"vdc_v",65810.4,49.268
"vdc_v",65810.4,49.268
"vdc_v",65810.4,49.268
"vdc_v",65810.4,49.7079
"vdc_v",65810.5,49.268
"vdc_v",65810.5,49.268
"vdc_v",65810.5,49.268
"vdc_v",65810.5,49.268
"vdc_v",65810.5,49.268
"vdc_v",65810.5,49.268
"vdc_v",65810.5,49.268
"vdc_v",65810.5,49.268
"vdc_v",65810.5,49.268
"vdc_v",65810.5,49.268
"vdc_v",65810.6,49.268
"vdc_v",65810.6,49.268
"vdc_v",65810.6,49.268
"vdc_v",65810.6,49.268
"vdc_v",65810.6,49.268
"vdc_v",65810.6,49.268
"vdc_v",65810.6,48.8281
"vdc_v",65810.6,49.268
"vdc_v",65810.6,49.268
"vdc_v",65810.6,49.268
"vdc_v",65810.7,49.268
"vdc_v",65810.7,49.268
"vdc_v",65810.7,49.268
"vdc_v",65810.7,49.268
"vdc_v",65810.7,49.268
"vdc_v",65810.7,49.268
"vdc_v",65810.7,49.268
"vdc_v",65810.7,49.268
"vdc_v",65810.7,49.268
"vdc_v",65810.8,49.268
"vdc_v",65810.8,49.268
"vdc_v",65810.8,49.268
"vdc_v",65810.8,49.268
"vdc_v",65810.8,49.268
"vdc_v",65810.8,49.268
"vdc_v",65810.8,49.7079
"vdc_v",65810.8,49.268
"vdc_v",65810.8,49.268
"vdc_v",65810.8,49.268
"vdc_v",65810.9,49.268
"vdc_v",65810.9,49.268
"vdc_v",65810.9,49.268
"vdc_v",65810.9,49.268
"vdc_v",65810.9,49.268
"vdc_v",65810.9,49.268
"vdc_v",65810.9,49.268
"vdc_v",65810.9,49.268
"vdc_v",65810.9,49.268
"vdc_v",65810.9,49.268
"vdc_v",65810.9,49.268
"vdc_v",65811,49.268
"vdc_v",65811,49.268
"vdc_v",65811,49.268
"vdc_v",65811,49.268
"vdc_v",65811,49.268
"vdc_v",65811,49.268
"vdc_v",65811,49.268
"vdc_v",65811,49.268
"vdc_v",65811,49.268
"vdc_v",65811,49.268
"vdc_v",65811.1,49.268
"vdc_v",65811.1,49.268
"vdc_v",65811.1,49.268
"vdc_v",65811.1,48.8281
"vdc_v",65811.1,49.268
"vdc_v",65811.1,49.268
"vdc_v",65811.1,49.268
"vdc_v",65811.1,49.268
"vdc_v",65811.1,49.268
"vdc_v",65811.1,49.268
"vdc_v",65811.2,49.268
"vdc_v",65811.2,49.7079
"vdc_v",65811.2,49.268
"vdc_v",65811.2,49.268
"vdc_v",65811.2,49.268
"vdc_v",65811.2,49.268
"vdc_v",65811.2,49.268
"vdc_v",65811.2,49.268
"vdc_v",65811.2,49.268
"vdc_v",65811.2,49.268
"vdc_v",65811.3,49.268
"vdc_v",65811.3,49.268
"vdc_v",65811.3,49.268
"vdc_v",65811.3,49.7079
"vdc_v",65811.3,49.268
"vdc_v",65811.3,49.268
"vdc_v",65811.3,49.268
"vdc_v",65811.3,49.268
"vdc_v",65811.3,49.268
"vdc_v",65811.4,49.268
"vdc_v",65811.4,49.7079
"vdc_v",65811.4,49.268
"vdc_v",65811.4,49.268
"vdc_v",65811.4,49.268
"vdc_v",65811.4,49.268
"vdc_v",65811.4,49.7079
"vdc_v",65811.4,49.268
"vdc_v",65811.4,49.268
"vdc_v",65811.4,49.268
"vdc_v",65811.4,49.268
"vdc_v",65811.5,49.268
"vdc_v",65811.5,49.268
"vdc_v",65811.5,49.268
"vdc_v",65811.5,49.268
"vdc_v",65811.5,49.268
"vdc_v",65811.5,49.268
"vdc_v",65811.5,49.268
"vdc_v",65811.5,49.268
"vdc_v",65811.5,49.268
"vdc_v",65811.6,49.268
"vdc_v",65811.6,49.268
"vdc_v",65811.6,49.268
"vdc_v",65811.6,49.268
"vdc_v",65811.6,49.268
"vdc_v",65811.6,49.268
"vdc_v",65811.6,49.268
"vdc_v",65811.6,49.268
"vdc_v",65811.6,49.268
"vdc_v",65811.6,49.7079
"vdc_v",65811.7,49.7079
"vdc_v",65811.7,49.268
"pwm_moe",65796.6,1
"pwm_moe",65796.6,1
"pwm_moe",65796.6,1
"pwm_moe",65796.6,1
"pwm_moe",65796.7,1
"pwm_moe",65796.7,1
"pwm_moe",65796.7,1
"pwm_moe",65796.7,1
"pwm_moe",65796.7,1
"pwm_moe",65796.7,1
"pwm_moe",65796.7,1
"pwm_moe",65796.7,1
"pwm_moe",65796.7,1
"pwm_moe",65796.7,1
"pwm_moe",65796.8,1
"pwm_moe",65796.8,1
"pwm_moe",65796.8,1
"pwm_moe",65796.8,1
"pwm_moe",65796.8,1
"pwm_moe",65796.8,1
"pwm_moe",65796.8,1
"pwm_moe",65796.8,1
"pwm_moe",65796.8,1
"pwm_moe",65796.8,1
"pwm_moe",65796.9,1
"pwm_moe",65796.9,1
"pwm_moe",65796.9,1
"pwm_moe",65796.9,1
"pwm_moe",65796.9,1
"pwm_moe",65796.9,1
"pwm_moe",65796.9,1
"pwm_moe",65796.9,1
"pwm_moe",65796.9,1
"pwm_moe",65796.9,1
"pwm_moe",65797,1
"pwm_moe",65797,1
"pwm_moe",65797,1
"pwm_moe",65797,1
"pwm_moe",65797,1
"pwm_moe",65797,1
"pwm_moe",65797,1
"pwm_moe",65797,1
"pwm_moe",65797,1
"pwm_moe",65797,1
"pwm_moe",65797.1,1
"pwm_moe",65797.1,1
"pwm_moe",65797.1,1
"pwm_moe",65797.1,1
"pwm_moe",65797.1,1
"pwm_moe",65797.1,1
"pwm_moe",65797.1,1
"pwm_moe",65797.1,1
"pwm_moe",65797.1,1
"pwm_moe",65797.1,1
"pwm_moe",65797.2,1
"pwm_moe",65797.2,1
"pwm_moe",65797.2,1
"pwm_moe",65797.2,1
"pwm_moe",65797.2,1
"pwm_moe",65797.2,1
"pwm_moe",65797.2,1
"pwm_moe",65797.2,1
"pwm_moe",65797.2,1
"pwm_moe",65797.2,1
"pwm_moe",65797.3,1
"pwm_moe",65797.3,1
"pwm_moe",65797.3,1
"pwm_moe",65797.3,1
"pwm_moe",65797.3,1
"pwm_moe",65797.3,1
"pwm_moe",65797.3,1
"pwm_moe",65797.3,1
"pwm_moe",65797.3,1
"pwm_moe",65797.3,1
"pwm_moe",65797.4,1
"pwm_moe",65797.4,1
"pwm_moe",65797.4,1
"pwm_moe",65797.4,1
"pwm_moe",65797.4,1
"pwm_moe",65797.4,1
"pwm_moe",65797.4,1
"pwm_moe",65797.4,1
"pwm_moe",65797.4,1
"pwm_moe",65797.4,1
"pwm_moe",65797.5,1
"pwm_moe",65797.5,1
"pwm_moe",65797.5,1
"pwm_moe",65797.5,1
"pwm_moe",65797.5,1
"pwm_moe",65797.5,1
"pwm_moe",65797.5,1
"pwm_moe",65797.5,1
"pwm_moe",65797.5,1
"pwm_moe",65797.5,1
"pwm_moe",65797.6,1
"pwm_moe",65797.6,1
"pwm_moe",65797.6,1
"pwm_moe",65797.6,1
"pwm_moe",65797.6,1
"pwm_moe",65797.6,1
"pwm_moe",65797.6,1
"pwm_moe",65797.6,1
"pwm_moe",65797.6,1
"pwm_moe",65797.6,1
"pwm_moe",65797.7,1
"pwm_moe",65797.7,1
"pwm_moe",65797.7,1
"pwm_moe",65797.7,1
"pwm_moe",65797.7,1
"pwm_moe",65797.7,1
"pwm_moe",65797.7,1
"pwm_moe",65797.7,1
"pwm_moe",65797.7,1
"pwm_moe",65797.7,1
"pwm_moe",65797.8,1
"pwm_moe",65797.8,1
"pwm_moe",65797.8,1
"pwm_moe",65797.8,1
"pwm_moe",65797.8,1
"pwm_moe",65797.8,1
"pwm_moe",65797.8,1
"pwm_moe",65797.8,1
"pwm_moe",65797.8,1
"pwm_moe",65797.8,1
"pwm_moe",65797.9,1
"pwm_moe",65797.9,1
"pwm_moe",65797.9,1
"pwm_moe",65797.9,1
"pwm_moe",65797.9,1
"pwm_moe",65797.9,1
"pwm_moe",65797.9,1
"pwm_moe",65797.9,1
"pwm_moe",65797.9,1
"pwm_moe",65797.9,1
"pwm_moe",65798,1
"pwm_moe",65798,1
"pwm_moe",65798,1
"pwm_moe",65798,1
"pwm_moe",65798,1
"pwm_moe",65798,1
"pwm_moe",65798,1
"pwm_moe",65798,1
"pwm_moe",65798,1
"pwm_moe",65798,1
"pwm_moe",65798.1,1
"pwm_moe",65798.1,1
"pwm_moe",65798.1,1
"pwm_moe",65798.1,1
"pwm_moe",65798.1,1
"pwm_moe",65798.1,1
"pwm_moe",65798.1,1
"pwm_moe",65798.1,1
"pwm_moe",65798.1,1
"pwm_moe",65798.1,1
"pwm_moe",65798.2,1
"pwm_moe",65798.2,1
"pwm_moe",65798.2,1
"pwm_moe",65798.2,1
"pwm_moe",65798.2,1
"pwm_moe",65798.2,1
"pwm_moe",65798.2,1
"pwm_moe",65798.2,1
"pwm_moe",65798.2,1
"pwm_moe",65798.2,1
"pwm_moe",65798.2,1
"pwm_moe",65798.3,1
"pwm_moe",65798.3,1
"pwm_moe",65798.3,1
"pwm_moe",65798.3,1
"pwm_moe",65798.3,1
"pwm_moe",65798.3,1
"pwm_moe",65798.3,1
"pwm_moe",65798.3,1
"pwm_moe",65798.3,1
"pwm_moe",65798.4,1
"pwm_moe",65798.4,1
"pwm_moe",65798.4,1
"pwm_moe",65798.4,1
"pwm_moe",65798.4,1
"pwm_moe",65798.4,1
"pwm_moe",65798.4,1
"pwm_moe",65798.4,1
"pwm_moe",65798.4,1
"pwm_moe",65798.4,1
"pwm_moe",65798.5,1
"pwm_moe",65798.5,1
"pwm_moe",65798.5,1
"pwm_moe",65798.5,1
"pwm_moe",65798.5,1
"pwm_moe",65798.5,1
"pwm_moe",65798.5,1
"pwm_moe",65798.5,1
"pwm_moe",65798.5,1
"pwm_moe",65798.5,1
"pwm_moe",65798.6,1
"pwm_moe",65798.6,1
"pwm_moe",65798.6,1
"pwm_moe",65798.6,1
"pwm_moe",65798.6,1
"pwm_moe",65798.6,1
"pwm_moe",65798.6,1
"pwm_moe",65798.6,1
"pwm_moe",65798.6,1
"pwm_moe",65798.6,1
"pwm_moe",65798.7,1
"pwm_moe",65798.7,1
"pwm_moe",65798.7,1
"pwm_moe",65798.7,1
"pwm_moe",65798.7,1
"pwm_moe",65798.7,1
"pwm_moe",65798.7,1
"pwm_moe",65798.7,1
"pwm_moe",65798.7,1
"pwm_moe",65798.7,1
"pwm_moe",65798.8,1
"pwm_moe",65798.8,1
"pwm_moe",65798.8,1
"pwm_moe",65798.8,1
"pwm_moe",65798.8,1
"pwm_moe",65798.8,1
"pwm_moe",65798.8,1
"pwm_moe",65798.8,1
"pwm_moe",65798.8,1
"pwm_moe",65798.8,1
"pwm_moe",65798.9,1
"pwm_moe",65798.9,1
"pwm_moe",65798.9,1
"pwm_moe",65798.9,1
"pwm_moe",65798.9,1
"pwm_moe",65798.9,1
"pwm_moe",65798.9,1
"pwm_moe",65798.9,1
"pwm_moe",65798.9,1
"pwm_moe",65798.9,1
"pwm_moe",65799,1
"pwm_moe",65799,1
"pwm_moe",65799,1
"pwm_moe",65799,1
"pwm_moe",65799,1
"pwm_moe",65799,1
"pwm_moe",65799,1
"pwm_moe",65799,1
"pwm_moe",65799,1
"pwm_moe",65799,1
"pwm_moe",65799.1,1
"pwm_moe",65799.1,1
"pwm_moe",65799.1,1
"pwm_moe",65799.1,1
"pwm_moe",65799.1,1
"pwm_moe",65799.1,1
"pwm_moe",65799.1,1
"pwm_moe",65799.1,1
"pwm_moe",65799.1,1
"pwm_moe",65799.1,1
"pwm_moe",65799.2,1
"pwm_moe",65799.2,1
"pwm_moe",65799.2,1
"pwm_moe",65799.2,1
"pwm_moe",65799.2,1
"pwm_moe",65799.2,1
"pwm_moe",65799.2,1
"pwm_moe",65799.2,1
"pwm_moe",65799.2,1
"pwm_moe",65799.2,1
"pwm_moe",65799.3,1
"pwm_moe",65799.3,1
"pwm_moe",65799.3,1
"pwm_moe",65799.3,1
"pwm_moe",65799.3,1
"pwm_moe",65799.3,1
"pwm_moe",65799.3,1
"pwm_moe",65799.3,1
"pwm_moe",65799.3,1
"pwm_moe",65799.3,1
"pwm_moe",65799.4,1
"pwm_moe",65799.4,1
"pwm_moe",65799.4,1
"pwm_moe",65799.4,1
"pwm_moe",65799.4,1
"pwm_moe",65799.4,1
"pwm_moe",65799.4,1
"pwm_moe",65799.4,1
"pwm_moe",65799.4,1
"pwm_moe",65799.4,1
"pwm_moe",65799.5,1
"pwm_moe",65799.5,1
"pwm_moe",65799.5,1
"pwm_moe",65799.5,1
"pwm_moe",65799.5,1
"pwm_moe",65799.5,1
"pwm_moe",65799.5,1
"pwm_moe",65799.5,1
"pwm_moe",65799.5,1
"pwm_moe",65799.5,1
"pwm_moe",65799.6,1
"pwm_moe",65799.6,1
"pwm_moe",65799.6,1
"pwm_moe",65799.6,1
"pwm_moe",65799.6,1
"pwm_moe",65799.6,1
"pwm_moe",65799.6,1
"pwm_moe",65799.6,1
"pwm_moe",65799.6,1
"pwm_moe",65799.6,1
"pwm_moe",65799.7,1
"pwm_moe",65799.7,1
"pwm_moe",65799.7,1
"pwm_moe",65799.7,1
"pwm_moe",65799.7,1
"pwm_moe",65799.7,1
"pwm_moe",65799.7,1
"pwm_moe",65799.7,1
"pwm_moe",65799.7,1
"pwm_moe",65799.8,1
"pwm_moe",65799.8,1
"pwm_moe",65799.8,1
"pwm_moe",65799.8,1
"pwm_moe",65799.8,1
"pwm_moe",65799.8,1
"pwm_moe",65799.8,1
"pwm_moe",65799.8,1
"pwm_moe",65799.8,1
"pwm_moe",65799.8,1
"pwm_moe",65799.8,1
"pwm_moe",65799.9,1
"pwm_moe",65799.9,1
"pwm_moe",65799.9,1
"pwm_moe",65799.9,1
"pwm_moe",65799.9,1
"pwm_moe",65799.9,1
"pwm_moe",65799.9,1
"pwm_moe",65799.9,1
"pwm_moe",65799.9,1
"pwm_moe",65799.9,1
"pwm_moe",65800,1
"pwm_moe",65800,1
"pwm_moe",65800,1
"pwm_moe",65800,1
"pwm_moe",65800,1
"pwm_moe",65800,1
"pwm_moe",65800,1
"pwm_moe",65800,1
"pwm_moe",65800,1
"pwm_moe",65800,1
"pwm_moe",65800.1,1
"pwm_moe",65800.1,1
"pwm_moe",65800.1,1
"pwm_moe",65800.1,1
"pwm_moe",65800.1,1
"pwm_moe",65800.1,1
"pwm_moe",65800.1,1
"pwm_moe",65800.1,1
"pwm_moe",65800.1,1
"pwm_moe",65800.1,1
"pwm_moe",65800.2,1
"pwm_moe",65800.2,1
"pwm_moe",65800.2,1
"pwm_moe",65800.2,1
"pwm_moe",65800.2,1
"pwm_moe",65800.2,1
"pwm_moe",65800.2,1
"pwm_moe",65800.2,1
"pwm_moe",65800.2,1
"pwm_moe",65800.2,1
"pwm_moe",65800.2,1
"pwm_moe",65800.3,1
"pwm_moe",65800.3,1
"pwm_moe",65800.3,1
"pwm_moe",65800.3,1
"pwm_moe",65800.3,1
"pwm_moe",65800.3,1
"pwm_moe",65800.3,1
"pwm_moe",65800.3,1
"pwm_moe",65800.3,1
"pwm_moe",65800.4,1
"pwm_moe",65800.4,1
"pwm_moe",65800.4,1
"pwm_moe",65800.4,1
"pwm_moe",65800.4,1
"pwm_moe",65800.4,1
"pwm_moe",65800.4,1
"pwm_moe",65800.4,1
"pwm_moe",65800.4,1
"pwm_moe",65800.5,1
"pwm_moe",65800.5,1
"pwm_moe",65800.5,1
"pwm_moe",65800.5,1
"pwm_moe",65800.5,1
"pwm_moe",65800.5,1
"pwm_moe",65800.5,1
"pwm_moe",65800.5,1
"pwm_moe",65800.5,1
"pwm_moe",65800.5,1
"pwm_moe",65800.6,1
"pwm_moe",65800.6,1
"pwm_moe",65800.6,1
"pwm_moe",65800.6,1
"pwm_moe",65800.6,1
"pwm_moe",65800.6,1
"pwm_moe",65800.6,1
"pwm_moe",65800.6,1
"pwm_moe",65800.6,1
"pwm_moe",65800.6,1
"pwm_moe",65800.6,1
"pwm_moe",65800.7,1
"pwm_moe",65800.7,1
"pwm_moe",65800.7,1
"pwm_moe",65800.7,1
"pwm_moe",65800.7,1
"pwm_moe",65800.7,1
"pwm_moe",65800.7,1
"pwm_moe",65800.7,1
"pwm_moe",65800.7,1
"pwm_moe",65800.8,1
"pwm_moe",65800.8,1
"pwm_moe",65800.8,1
"pwm_moe",65800.8,1
"pwm_moe",65800.8,1
"pwm_moe",65800.8,1
"pwm_moe",65800.8,1
"pwm_moe",65800.8,1
"pwm_moe",65800.8,1
"pwm_moe",65800.8,1
"pwm_moe",65800.9,1
"pwm_moe",65800.9,1
"pwm_moe",65800.9,1
"pwm_moe",65800.9,1
"pwm_moe",65800.9,1
"pwm_moe",65800.9,1
"pwm_moe",65800.9,1
"pwm_moe",65800.9,1
"pwm_moe",65800.9,1
"pwm_moe",65800.9,1
"pwm_moe",65801,1
"pwm_moe",65801,1
"pwm_moe",65801,1
"pwm_moe",65801,1
"pwm_moe",65801,1
"pwm_moe",65801,1
"pwm_moe",65801,1
"pwm_moe",65801,1
"pwm_moe",65801,1
"pwm_moe",65801,1
"pwm_moe",65801,1
"pwm_moe",65801.1,1
"pwm_moe",65801.1,1
"pwm_moe",65801.1,1
"pwm_moe",65801.1,1
"pwm_moe",65801.1,1
"pwm_moe",65801.1,1
"pwm_moe",65801.1,1
"pwm_moe",65801.1,1
"pwm_moe",65801.1,1
"pwm_moe",65801.1,1
"pwm_moe",65801.2,1
"pwm_moe",65801.2,1
"pwm_moe",65801.2,1
"pwm_moe",65801.2,1
"pwm_moe",65801.2,1
"pwm_moe",65801.2,1
"pwm_moe",65801.2,1
"pwm_moe",65801.2,1
"pwm_moe",65801.2,1
"pwm_moe",65801.2,1
"pwm_moe",65801.3,1
"pwm_moe",65801.3,1
"pwm_moe",65801.3,1
"pwm_moe",65801.3,1
"pwm_moe",65801.3,1
"pwm_moe",65801.3,1
"pwm_moe",65801.3,1
"pwm_moe",65801.3,1
"pwm_moe",65801.3,1
"pwm_moe",65801.4,1
"pwm_moe",65801.4,1
"pwm_moe",65801.4,1
"pwm_moe",65801.4,1
"pwm_moe",65801.4,1
"pwm_moe",65801.4,1
"pwm_moe",65801.4,1
"pwm_moe",65801.4,1
"pwm_moe",65801.4,1
"pwm_moe",65801.4,1
"pwm_moe",65801.5,1
"pwm_moe",65801.5,1
"pwm_moe",65801.5,1
"pwm_moe",65801.5,1
"pwm_moe",65801.5,1
"pwm_moe",65801.5,1
"pwm_moe",65801.5,1
"pwm_moe",65801.5,1
"pwm_moe",65801.5,1
"pwm_moe",65801.5,1
"pwm_moe",65801.6,1
"pwm_moe",65801.6,1
"pwm_moe",65801.6,1
"pwm_moe",65801.6,1
"pwm_moe",65801.6,1
"pwm_moe",65801.6,1
"pwm_moe",65801.6,1
"pwm_moe",65801.6,1
"pwm_moe",65801.6,1
"pwm_moe",65801.6,1
"pwm_moe",65801.6,1
"pwm_moe",65801.7,1
"pwm_moe",65801.7,1
"pwm_moe",65801.7,1
"pwm_moe",65801.7,1
"pwm_moe",65801.7,1
"pwm_moe",65801.7,1
"pwm_moe",65801.7,1
"pwm_moe",65801.7,1
"pwm_moe",65801.8,1
"pwm_moe",65801.8,1
"pwm_moe",65801.8,1
"pwm_moe",65801.8,1
"pwm_moe",65801.8,1
"pwm_moe",65801.8,1
"pwm_moe",65801.8,1
"pwm_moe",65801.8,1
"pwm_moe",65801.8,1
"pwm_moe",65801.8,1
"pwm_moe",65801.8,1
"pwm_moe",65801.9,1
"pwm_moe",65801.9,1
"pwm_moe",65801.9,1
"pwm_moe",65801.9,1
"pwm_moe",65801.9,1
"pwm_moe",65801.9,1
"pwm_moe",65801.9,1
"pwm_moe",65801.9,1
"pwm_moe",65801.9,1
"pwm_moe",65801.9,1
"pwm_moe",65802,1
"pwm_moe",65802,1
"pwm_moe",65802,1
"pwm_moe",65802,1
"pwm_moe",65802,1
"pwm_moe",65802,1
"pwm_moe",65802,1
"pwm_moe",65802,1
"pwm_moe",65802,1
"pwm_moe",65802,1
"pwm_moe",65802.1,1
"pwm_moe",65802.1,1
"pwm_moe",65802.1,1
"pwm_moe",65802.1,1
"pwm_moe",65802.1,1
"pwm_moe",65802.1,1
"pwm_moe",65802.1,1
"pwm_moe",65802.1,1
"pwm_moe",65802.1,1
"pwm_moe",65802.1,1
"pwm_moe",65802.2,1
"pwm_moe",65802.2,1
"pwm_moe",65802.2,1
"pwm_moe",65802.2,1
"pwm_moe",65802.2,1
"pwm_moe",65802.2,1
"pwm_moe",65802.2,1
"pwm_moe",65802.2,1
"pwm_moe",65802.2,1
"pwm_moe",65802.2,1
"pwm_moe",65802.3,1
"pwm_moe",65802.3,1
"pwm_moe",65802.3,1
"pwm_moe",65802.3,1
"pwm_moe",65802.3,1
"pwm_moe",65802.3,1
"pwm_moe",65802.3,1
"pwm_moe",65802.3,1
"pwm_moe",65802.3,1
"pwm_moe",65802.3,1
"pwm_moe",65802.4,1
"pwm_moe",65802.4,1
"pwm_moe",65802.4,1
"pwm_moe",65802.4,1
"pwm_moe",65802.4,1
"pwm_moe",65802.4,1
"pwm_moe",65802.4,1
"pwm_moe",65802.4,1
"pwm_moe",65802.4,1
"pwm_moe",65802.4,1
"pwm_moe",65802.5,1
"pwm_moe",65802.5,1
"pwm_moe",65802.5,1
"pwm_moe",65802.5,1
"pwm_moe",65802.5,1
"pwm_moe",65802.5,1
"pwm_moe",65802.5,1
"pwm_moe",65802.5,1
"pwm_moe",65802.5,1
"pwm_moe",65802.5,1
"pwm_moe",65802.6,1
"pwm_moe",65802.6,1
"pwm_moe",65802.6,1
"pwm_moe",65802.6,1
"pwm_moe",65802.6,1
"pwm_moe",65802.6,1
"pwm_moe",65802.6,1
"pwm_moe",65802.6,1
"pwm_moe",65802.6,1
"pwm_moe",65802.6,1
"pwm_moe",65802.7,1
"pwm_moe",65802.7,1
"pwm_moe",65802.7,1
"pwm_moe",65802.7,1
"pwm_moe",65802.7,1
"pwm_moe",65802.7,1
"pwm_moe",65802.7,1
"pwm_moe",65802.7,1
"pwm_moe",65802.7,1
"pwm_moe",65802.8,1
"pwm_moe",65802.8,1
"pwm_moe",65802.8,1
"pwm_moe",65802.8,1
"pwm_moe",65802.8,1
"pwm_moe",65802.8,1
"pwm_moe",65802.8,1
"pwm_moe",65802.8,1
"pwm_moe",65802.8,1
"pwm_moe",65802.8,1
"pwm_moe",65802.9,1
"pwm_moe",65802.9,1
"pwm_moe",65802.9,1
"pwm_moe",65802.9,1
"pwm_moe",65802.9,1
"pwm_moe",65802.9,1
"pwm_moe",65802.9,1
"pwm_moe",65802.9,1
"pwm_moe",65802.9,1
"pwm_moe",65802.9,1
"pwm_moe",65802.9,1
"pwm_moe",65803,1
"pwm_moe",65803,1
"pwm_moe",65803,1
"pwm_moe",65803,1
"pwm_moe",65803,1
"pwm_moe",65803,1
"pwm_moe",65803,1
"pwm_moe",65803,1
"pwm_moe",65803,1
"pwm_moe",65803,1
"pwm_moe",65803.1,1
"pwm_moe",65803.1,1
"pwm_moe",65803.1,1
"pwm_moe",65803.1,1
"pwm_moe",65803.1,1
"pwm_moe",65803.1,1
"pwm_moe",65803.1,1
"pwm_moe",65803.1,1
"pwm_moe",65803.1,1
"pwm_moe",65803.1,1
"pwm_moe",65803.2,1
"pwm_moe",65803.2,1
"pwm_moe",65803.2,1
"pwm_moe",65803.2,1
"pwm_moe",65803.2,1
"pwm_moe",65803.2,1
"pwm_moe",65803.2,1
"pwm_moe",65803.2,1
"pwm_moe",65803.2,1
"pwm_moe",65803.2,1
"pwm_moe",65803.3,1
"pwm_moe",65803.3,1
"pwm_moe",65803.3,1
"pwm_moe",65803.3,1
"pwm_moe",65803.3,1
"pwm_moe",65803.3,1
"pwm_moe",65803.3,1
"pwm_moe",65803.3,1
"pwm_moe",65803.3,1
"pwm_moe",65803.4,1
"pwm_moe",65803.4,1
"pwm_moe",65803.4,1
"pwm_moe",65803.4,1
"pwm_moe",65803.4,1
"pwm_moe",65803.4,1
"pwm_moe",65803.4,1
"pwm_moe",65803.4,1
"pwm_moe",65803.4,1
"pwm_moe",65803.4,1
"pwm_moe",65803.5,1
"pwm_moe",65803.5,1
"pwm_moe",65803.5,1
"pwm_moe",65803.5,1
"pwm_moe",65803.5,1
"pwm_moe",65803.5,1
"pwm_moe",65803.5,1
"pwm_moe",65803.5,1
"pwm_moe",65803.5,1
"pwm_moe",65803.5,1
"pwm_moe",65803.5,1
"pwm_moe",65803.6,1
"pwm_moe",65803.6,1
"pwm_moe",65803.6,1
"pwm_moe",65803.6,1
"pwm_moe",65803.6,1
"pwm_moe",65803.6,1
"pwm_moe",65803.6,1
"pwm_moe",65803.6,1
"pwm_moe",65803.6,1
"pwm_moe",65803.6,1
"pwm_moe",65803.7,1
"pwm_moe",65803.7,1
"pwm_moe",65803.7,1
"pwm_moe",65803.7,1
"pwm_moe",65803.7,1
"pwm_moe",65803.7,1
"pwm_moe",65803.7,1
"pwm_moe",65803.7,1
"pwm_moe",65803.7,1
"pwm_moe",65803.8,1
"pwm_moe",65803.8,1
"pwm_moe",65803.8,1
"pwm_moe",65803.8,1
"pwm_moe",65803.8,1
"pwm_moe",65803.8,1
"pwm_moe",65803.8,1
"pwm_moe",65803.8,1
"pwm_moe",65803.8,1
"pwm_moe",65803.8,1
"pwm_moe",65803.9,1
"pwm_moe",65803.9,1
"pwm_moe",65803.9,1
"pwm_moe",65803.9,1
"pwm_moe",65803.9,1
"pwm_moe",65803.9,1
"pwm_moe",65803.9,1
"pwm_moe",65803.9,1
"pwm_moe",65803.9,1
"pwm_moe",65803.9,1
"pwm_moe",65803.9,1
"pwm_moe",65804,1
"pwm_moe",65804,1
"pwm_moe",65804,1
"pwm_moe",65804,1
"pwm_moe",65804,1
"pwm_moe",65804,1
"pwm_moe",65804,1
"pwm_moe",65804,1
"pwm_moe",65804,1
"pwm_moe",65804,1
"pwm_moe",65804.1,1
"pwm_moe",65804.1,1
"pwm_moe",65804.1,1
"pwm_moe",65804.1,1
"pwm_moe",65804.1,1
"pwm_moe",65804.1,1
"pwm_moe",65804.1,1
"pwm_moe",65804.1,1
"pwm_moe",65804.1,1
"pwm_moe",65804.1,1
"pwm_moe",65804.2,1
"pwm_moe",65804.2,1
"pwm_moe",65804.2,1
"pwm_moe",65804.2,1
"pwm_moe",65804.2,1
"pwm_moe",65804.2,1
"pwm_moe",65804.2,1
"pwm_moe",65804.2,1
"pwm_moe",65804.2,1
"pwm_moe",65804.2,1
"pwm_moe",65804.3,1
"pwm_moe",65804.3,1
"pwm_moe",65804.3,1
"pwm_moe",65804.3,1
"pwm_moe",65804.3,1
"pwm_moe",65804.3,1
"pwm_moe",65804.3,1
"pwm_moe",65804.3,1
"pwm_moe",65804.3,1
"pwm_moe",65804.4,1
"pwm_moe",65804.4,1
"pwm_moe",65804.4,1
"pwm_moe",65804.4,1
"pwm_moe",65804.4,1
"pwm_moe",65804.4,1
"pwm_moe",65804.4,1
"pwm_moe",65804.4,1
"pwm_moe",65804.4,1
"pwm_moe",65804.4,1
"pwm_moe",65804.4,1
"pwm_moe",65804.5,1
"pwm_moe",65804.5,1
"pwm_moe",65804.5,1
"pwm_moe",65804.5,1
"pwm_moe",65804.5,1
"pwm_moe",65804.5,1
"pwm_moe",65804.5,1
"pwm_moe",65804.5,1
"pwm_moe",65804.5,1
"pwm_moe",65804.5,1
"pwm_moe",65804.6,1
"pwm_moe",65804.6,1
"pwm_moe",65804.6,1
"pwm_moe",65804.6,1
"pwm_moe",65804.6,1
"pwm_moe",65804.6,1
"pwm_moe",65804.6,1
"pwm_moe",65804.6,1
"pwm_moe",65804.6,1
"pwm_moe",65804.6,1
"pwm_moe",65804.7,1
"pwm_moe",65804.7,1
"pwm_moe",65804.7,1
"pwm_moe",65804.7,1
"pwm_moe",65804.7,1
"pwm_moe",65804.7,1
"pwm_moe",65804.7,1
"pwm_moe",65804.7,1
"pwm_moe",65804.7,1
"pwm_moe",65804.8,1
"pwm_moe",65804.8,1
"pwm_moe",65804.8,1
"pwm_moe",65804.8,1
"pwm_moe",65804.8,1
"pwm_moe",65804.8,1
"pwm_moe",65804.9,1
"pwm_moe",65804.9,1
"pwm_moe",65804.9,1
"pwm_moe",65804.9,1
"pwm_moe",65804.9,1
"pwm_moe",65804.9,1
"pwm_moe",65805,1
"pwm_moe",65805,1
"pwm_moe",65805,1
"pwm_moe",65805,1
"pwm_moe",65805,1
"pwm_moe",65805,1
"pwm_moe",65805,1
"pwm_moe",65805.1,1
"pwm_moe",65805.1,1
"pwm_moe",65805.1,1
"pwm_moe",65805.1,1
"pwm_moe",65805.1,1
"pwm_moe",65805.1,1
"pwm_moe",65805.1,1
"pwm_moe",65805.2,1
"pwm_moe",65805.2,1
"pwm_moe",65805.2,1
"pwm_moe",65805.2,1
"pwm_moe",65805.2,1
"pwm_moe",65805.2,1
"pwm_moe",65805.2,1
"pwm_moe",65805.2,1
"pwm_moe",65805.2,1
"pwm_moe",65805.3,1
"pwm_moe",65805.3,1
"pwm_moe",65805.3,1
"pwm_moe",65805.3,1
"pwm_moe",65805.3,1
"pwm_moe",65805.3,1
"pwm_moe",65805.3,1
"pwm_moe",65805.3,1
"pwm_moe",65805.3,1
"pwm_moe",65805.3,1
"pwm_moe",65805.3,1
"pwm_moe",65805.4,1
"pwm_moe",65805.4,1
"pwm_moe",65805.4,1
"pwm_moe",65805.4,1
"pwm_moe",65805.4,1
"pwm_moe",65805.4,1
"pwm_moe",65805.4,1
"pwm_moe",65805.4,1
"pwm_moe",65805.4,1
"pwm_moe",65805.4,1
"pwm_moe",65805.4,1
"pwm_moe",65805.5,1
"pwm_moe",65805.5,1
"pwm_moe",65805.5,1
"pwm_moe",65805.5,1
"pwm_moe",65805.5,1
"pwm_moe",65805.5,1
"pwm_moe",65805.5,1
"pwm_moe",65805.5,1
"pwm_moe",65805.5,1
"pwm_moe",65805.5,1
"pwm_moe",65805.5,1
"pwm_moe",65805.5,1
"pwm_moe",65805.6,1
"pwm_moe",65805.6,1
"pwm_moe",65805.6,1
"pwm_moe",65805.6,1
"pwm_moe",65805.6,1
"pwm_moe",65805.6,1
"pwm_moe",65805.6,1
"pwm_moe",65805.6,1
"pwm_moe",65805.6,1
"pwm_moe",65805.6,1
"pwm_moe",65805.6,1
"pwm_moe",65805.6,1
"pwm_moe",65805.7,1
"pwm_moe",65805.7,1
"pwm_moe",65805.7,1
"pwm_moe",65805.7,1
"pwm_moe",65805.7,1
"pwm_moe",65805.7,1
"pwm_moe",65805.7,1
"pwm_moe",65805.7,1
"pwm_moe",65805.7,1
"pwm_moe",65805.7,1
"pwm_moe",65805.8,1
"pwm_moe",65805.8,1
"pwm_moe",65805.8,1
"pwm_moe",65805.8,1
"pwm_moe",65805.8,1
"pwm_moe",65805.8,1
"pwm_moe",65805.8,1
"pwm_moe",65805.8,1
"pwm_moe",65805.8,1
"pwm_moe",65805.8,1
"pwm_moe",65805.8,1
"pwm_moe",65805.9,1
"pwm_moe",65805.9,1
"pwm_moe",65805.9,1
"pwm_moe",65805.9,1
"pwm_moe",65805.9,1
"pwm_moe",65805.9,1
"pwm_moe",65805.9,1
"pwm_moe",65805.9,1
"pwm_moe",65805.9,1
"pwm_moe",65805.9,1
"pwm_moe",65806,1
"pwm_moe",65806,1
"pwm_moe",65806,1
"pwm_moe",65806,1
"pwm_moe",65806,1
"pwm_moe",65806,1
"pwm_moe",65806,1
"pwm_moe",65806,1
"pwm_moe",65806,1
"pwm_moe",65806,1
"pwm_moe",65806.1,1
"pwm_moe",65806.1,1
"pwm_moe",65806.1,1
"pwm_moe",65806.1,1
"pwm_moe",65806.1,1
"pwm_moe",65806.1,1
"pwm_moe",65806.1,1
"pwm_moe",65806.1,1
"pwm_moe",65806.1,1
"pwm_moe",65806.1,1
"pwm_moe",65806.2,1
"pwm_moe",65806.2,1
"pwm_moe",65806.2,1
"pwm_moe",65806.2,1
"pwm_moe",65806.2,1
"pwm_moe",65806.2,1
"pwm_moe",65806.2,1
"pwm_moe",65806.2,1
"pwm_moe",65806.2,1
"pwm_moe",65806.2,1
"pwm_moe",65806.3,1
"pwm_moe",65806.3,1
"pwm_moe",65806.3,1
"pwm_moe",65806.3,1
"pwm_moe",65806.3,1
"pwm_moe",65806.3,1
"pwm_moe",65806.3,1
"pwm_moe",65806.3,1
"pwm_moe",65806.3,1
"pwm_moe",65806.3,1
"pwm_moe",65806.4,1
"pwm_moe",65806.4,1
"pwm_moe",65806.4,1
"pwm_moe",65806.4,1
"pwm_moe",65806.4,1
"pwm_moe",65806.4,1
"pwm_moe",65806.4,1
"pwm_moe",65806.4,1
"pwm_moe",65806.4,1
"pwm_moe",65806.4,1
"pwm_moe",65806.5,1
"pwm_moe",65806.5,1
"pwm_moe",65806.5,1
"pwm_moe",65806.5,1
"pwm_moe",65806.5,1
"pwm_moe",65806.5,1
"pwm_moe",65806.5,1
"pwm_moe",65806.5,1
"pwm_moe",65806.5,1
"pwm_moe",65806.5,1
"pwm_moe",65806.6,1
"pwm_moe",65806.6,1
"pwm_moe",65806.6,1
"pwm_moe",65806.6,1
"pwm_moe",65806.6,1
"pwm_moe",65806.6,1
"pwm_moe",65806.6,1
"pwm_moe",65806.6,1
"pwm_moe",65806.6,1
"pwm_moe",65806.6,1
"pwm_moe",65806.7,1
"pwm_moe",65806.7,1
"pwm_moe",65806.7,1
"pwm_moe",65806.7,1
"pwm_moe",65806.7,1
"pwm_moe",65806.7,1
"pwm_moe",65806.7,1
"pwm_moe",65806.7,1
"pwm_moe",65806.7,1
"pwm_moe",65806.7,1
"pwm_moe",65806.8,1
"pwm_moe",65806.8,1
"pwm_moe",65806.8,1
"pwm_moe",65806.8,1
"pwm_moe",65806.8,1
"pwm_moe",65806.8,1
"pwm_moe",65806.8,1
"pwm_moe",65806.8,1
"pwm_moe",65806.8,1
"pwm_moe",65806.8,1
"pwm_moe",65806.9,1
"pwm_moe",65806.9,1
"pwm_moe",65806.9,1
"pwm_moe",65806.9,1
"pwm_moe",65806.9,1
"pwm_moe",65806.9,1
"pwm_moe",65806.9,1
"pwm_moe",65806.9,1
"pwm_moe",65806.9,1
"pwm_moe",65806.9,1
"pwm_moe",65807,1
"pwm_moe",65807,1
"pwm_moe",65807,1
"pwm_moe",65807,1
"pwm_moe",65807,1
"pwm_moe",65807,1
"pwm_moe",65807,1
"pwm_moe",65807,1
"pwm_moe",65807,1
"pwm_moe",65807,1
"pwm_moe",65807.1,1
"pwm_moe",65807.1,1
"pwm_moe",65807.1,1
"pwm_moe",65807.1,1
"pwm_moe",65807.1,1
"pwm_moe",65807.1,1
"pwm_moe",65807.1,1
"pwm_moe",65807.1,1
"pwm_moe",65807.1,1
"pwm_moe",65807.1,1
"pwm_moe",65807.2,1
"pwm_moe",65807.2,1
"pwm_moe",65807.2,1
"pwm_moe",65807.2,1
"pwm_moe",65807.2,1
"pwm_moe",65807.2,1
"pwm_moe",65807.2,1
"pwm_moe",65807.2,1
"pwm_moe",65807.2,1
"pwm_moe",65807.2,1
"pwm_moe",65807.3,1
"pwm_moe",65807.3,1
"pwm_moe",65807.3,1
"pwm_moe",65807.3,1
"pwm_moe",65807.3,1
"pwm_moe",65807.3,1
"pwm_moe",65807.3,1
"pwm_moe",65807.3,1
"pwm_moe",65807.3,1
"pwm_moe",65807.3,1
"pwm_moe",65807.4,1
"pwm_moe",65807.4,1
"pwm_moe",65807.4,1
"pwm_moe",65807.4,1
"pwm_moe",65807.4,1
"pwm_moe",65807.4,1
"pwm_moe",65807.4,1
"pwm_moe",65807.4,1
"pwm_moe",65807.4,1
"pwm_moe",65807.4,1
"pwm_moe",65807.5,1
"pwm_moe",65807.5,1
"pwm_moe",65807.5,1
"pwm_moe",65807.5,1
"pwm_moe",65807.5,1
"pwm_moe",65807.5,1
"pwm_moe",65807.5,1
"pwm_moe",65807.5,1
"pwm_moe",65807.5,1
"pwm_moe",65807.5,1
"pwm_moe",65807.6,1
"pwm_moe",65807.6,1
"pwm_moe",65807.6,1
"pwm_moe",65807.6,1
"pwm_moe",65807.6,1
"pwm_moe",65807.6,1
"pwm_moe",65807.6,1
"pwm_moe",65807.6,1
"pwm_moe",65807.6,1
"pwm_moe",65807.6,1
"pwm_moe",65807.7,1
"pwm_moe",65807.7,1
"pwm_moe",65807.7,1
"pwm_moe",65807.7,1
"pwm_moe",65807.7,1
"pwm_moe",65807.7,1
"pwm_moe",65807.7,1
"pwm_moe",65807.7,1
"pwm_moe",65807.7,1
"pwm_moe",65807.7,1
"pwm_moe",65807.8,1
"pwm_moe",65807.8,1
"pwm_moe",65807.8,1
"pwm_moe",65807.8,1
"pwm_moe",65807.8,1
"pwm_moe",65807.8,1
"pwm_moe",65807.8,1
"pwm_moe",65807.8,1
"pwm_moe",65807.8,1
"pwm_moe",65807.8,1
"pwm_moe",65807.9,1
"pwm_moe",65807.9,1
"pwm_moe",65807.9,1
"pwm_moe",65807.9,1
"pwm_moe",65807.9,1
"pwm_moe",65807.9,1
"pwm_moe",65807.9,1
"pwm_moe",65807.9,1
"pwm_moe",65807.9,1
"pwm_moe",65807.9,1
"pwm_moe",65808,1
"pwm_moe",65808,1
"pwm_moe",65808,1
"pwm_moe",65808,1
"pwm_moe",65808,1
"pwm_moe",65808,1
"pwm_moe",65808,1
"pwm_moe",65808,1
"pwm_moe",65808,1
"pwm_moe",65808,1
"pwm_moe",65808.1,1
"pwm_moe",65808.1,1
"pwm_moe",65808.1,1
"pwm_moe",65808.1,1
"pwm_moe",65808.1,1
"pwm_moe",65808.1,1
"pwm_moe",65808.1,1
"pwm_moe",65808.1,1
"pwm_moe",65808.1,1
"pwm_moe",65808.1,1
"pwm_moe",65808.1,1
"pwm_moe",65808.2,1
"pwm_moe",65808.2,1
"pwm_moe",65808.2,1
"pwm_moe",65808.2,1
"pwm_moe",65808.2,1
"pwm_moe",65808.2,1
"pwm_moe",65808.2,1
"pwm_moe",65808.2,1
"pwm_moe",65808.2,1
"pwm_moe",65808.2,1
"pwm_moe",65808.3,1
"pwm_moe",65808.3,1
"pwm_moe",65808.3,1
"pwm_moe",65808.3,1
"pwm_moe",65808.3,1
"pwm_moe",65808.3,1
"pwm_moe",65808.3,1
"pwm_moe",65808.3,1
"pwm_moe",65808.3,1
"pwm_moe",65808.4,1
"pwm_moe",65808.4,1
"pwm_moe",65808.4,1
"pwm_moe",65808.4,1
"pwm_moe",65808.4,1
"pwm_moe",65808.4,1
"pwm_moe",65808.4,1
"pwm_moe",65808.4,1
"pwm_moe",65808.4,1
"pwm_moe",65808.4,1
"pwm_moe",65808.5,1
"pwm_moe",65808.5,1
"pwm_moe",65808.5,1
"pwm_moe",65808.5,1
"pwm_moe",65808.5,1
"pwm_moe",65808.5,1
"pwm_moe",65808.5,1
"pwm_moe",65808.5,1
"pwm_moe",65808.5,1
"pwm_moe",65808.5,1
"pwm_moe",65808.6,1
"pwm_moe",65808.6,1
"pwm_moe",65808.6,1
"pwm_moe",65808.6,1
"pwm_moe",65808.6,1
"pwm_moe",65808.6,1
"pwm_moe",65808.6,1
"pwm_moe",65808.6,1
"pwm_moe",65808.6,1
"pwm_moe",65808.6,1
"pwm_moe",65808.7,1
"pwm_moe",65808.7,1
"pwm_moe",65808.7,1
"pwm_moe",65808.7,1
"pwm_moe",65808.7,1
"pwm_moe",65808.7,1
"pwm_moe",65808.7,1
"pwm_moe",65808.7,1
"pwm_moe",65808.7,1
"pwm_moe",65808.7,1
"pwm_moe",65808.8,1
"pwm_moe",65808.8,1
"pwm_moe",65808.8,1
"pwm_moe",65808.8,1
"pwm_moe",65808.8,1
"pwm_moe",65808.8,1
"pwm_moe",65808.8,1
"pwm_moe",65808.8,1
"pwm_moe",65808.8,1
"pwm_moe",65808.8,1
"pwm_moe",65808.9,1
"pwm_moe",65808.9,1
"pwm_moe",65808.9,1
"pwm_moe",65808.9,1
"pwm_moe",65808.9,1
"pwm_moe",65808.9,1
"pwm_moe",65808.9,1
"pwm_moe",65808.9,1
"pwm_moe",65808.9,1
"pwm_moe",65808.9,1
"pwm_moe",65809,1
"pwm_moe",65809,1
"pwm_moe",65809,1
"pwm_moe",65809,1
"pwm_moe",65809,1
"pwm_moe",65809,1
"pwm_moe",65809,1
"pwm_moe",65809,1
"pwm_moe",65809,1
"pwm_moe",65809,1
"pwm_moe",65809.1,1
"pwm_moe",65809.1,1
"pwm_moe",65809.1,1
"pwm_moe",65809.1,1
"pwm_moe",65809.1,1
"pwm_moe",65809.1,1
"pwm_moe",65809.1,1
"pwm_moe",65809.1,1
"pwm_moe",65809.1,1
"pwm_moe",65809.1,1
"pwm_moe",65809.2,1
"pwm_moe",65809.2,1
"pwm_moe",65809.2,1
"pwm_moe",65809.2,1
"pwm_moe",65809.2,1
"pwm_moe",65809.2,1
"pwm_moe",65809.2,1
"pwm_moe",65809.2,1
"pwm_moe",65809.2,1
"pwm_moe",65809.2,1
"pwm_moe",65809.3,1
"pwm_moe",65809.3,1
"pwm_moe",65809.3,1
"pwm_moe",65809.3,1
"pwm_moe",65809.3,1
"pwm_moe",65809.3,1
"pwm_moe",65809.3,1
"pwm_moe",65809.3,1
"pwm_moe",65809.3,1
"pwm_moe",65809.3,1
"pwm_moe",65809.4,1
"pwm_moe",65809.4,1
"pwm_moe",65809.4,1
"pwm_moe",65809.4,1
"pwm_moe",65809.4,1
"pwm_moe",65809.4,1
"pwm_moe",65809.4,1
"pwm_moe",65809.4,1
"pwm_moe",65809.4,1
"pwm_moe",65809.4,1
"pwm_moe",65809.5,1
"pwm_moe",65809.5,1
"pwm_moe",65809.5,1
"pwm_moe",65809.5,1
"pwm_moe",65809.5,1
"pwm_moe",65809.5,1
"pwm_moe",65809.5,1
"pwm_moe",65809.5,1
"pwm_moe",65809.5,1
"pwm_moe",65809.5,1
"pwm_moe",65809.6,1
"pwm_moe",65809.6,1
"pwm_moe",65809.6,1
"pwm_moe",65809.6,1
"pwm_moe",65809.6,1
"pwm_moe",65809.6,1
"pwm_moe",65809.6,1
"pwm_moe",65809.6,1
"pwm_moe",65809.6,1
"pwm_moe",65809.6,1
"pwm_moe",65809.7,1
"pwm_moe",65809.7,1
"pwm_moe",65809.7,1
"pwm_moe",65809.7,1
"pwm_moe",65809.7,1
"pwm_moe",65809.7,1
"pwm_moe",65809.7,1
"pwm_moe",65809.7,1
"pwm_moe",65809.7,1
"pwm_moe",65809.7,1
"pwm_moe",65809.8,1
"pwm_moe",65809.8,1
"pwm_moe",65809.8,1
"pwm_moe",65809.8,1
"pwm_moe",65809.8,1
"pwm_moe",65809.8,1
"pwm_moe",65809.8,1
"pwm_moe",65809.8,1
"pwm_moe",65809.8,1
"pwm_moe",65809.8,1
"pwm_moe",65809.9,1
"pwm_moe",65809.9,1
"pwm_moe",65809.9,1
"pwm_moe",65809.9,1
"pwm_moe",65809.9,1
"pwm_moe",65809.9,1
"pwm_moe",65809.9,1
"pwm_moe",65809.9,1
"pwm_moe",65809.9,1
"pwm_moe",65809.9,1
"pwm_moe",65810,1
"pwm_moe",65810,1
"pwm_moe",65810,1
"pwm_moe",65810,1
"pwm_moe",65810,1
"pwm_moe",65810,1
"pwm_moe",65810,1
"pwm_moe",65810,1
"pwm_moe",65810,1
"pwm_moe",65810,1
"pwm_moe",65810.1,1
"pwm_moe",65810.1,1
"pwm_moe",65810.1,1
"pwm_moe",65810.1,1
"pwm_moe",65810.1,1
"pwm_moe",65810.1,1
"pwm_moe",65810.1,1
"pwm_moe",65810.1,1
"pwm_moe",65810.1,1
"pwm_moe",65810.1,1
"pwm_moe",65810.1,1
"pwm_moe",65810.2,1
"pwm_moe",65810.2,1
"pwm_moe",65810.2,1
"pwm_moe",65810.2,1
"pwm_moe",65810.2,1
"pwm_moe",65810.2,1
"pwm_moe",65810.2,1
"pwm_moe",65810.2,1
"pwm_moe",65810.2,1
"pwm_moe",65810.2,1
"pwm_moe",65810.3,1
"pwm_moe",65810.3,1
"pwm_moe",65810.3,1
"pwm_moe",65810.3,1
"pwm_moe",65810.3,1
"pwm_moe",65810.3,1
"pwm_moe",65810.3,1
"pwm_moe",65810.3,1
"pwm_moe",65810.3,1
"pwm_moe",65810.4,1
"pwm_moe",65810.4,1
"pwm_moe",65810.4,1
"pwm_moe",65810.4,1
"pwm_moe",65810.4,1
"pwm_moe",65810.4,1
"pwm_moe",65810.4,1
"pwm_moe",65810.4,1
"pwm_moe",65810.4,1
"pwm_moe",65810.4,1
"pwm_moe",65810.5,1
"pwm_moe",65810.5,1
"pwm_moe",65810.5,1
"pwm_moe",65810.5,1
"pwm_moe",65810.5,1
"pwm_moe",65810.5,1
"pwm_moe",65810.5,1
"pwm_moe",65810.5,1
"pwm_moe",65810.5,1
"pwm_moe",65810.5,1
"pwm_moe",65810.6,1
"pwm_moe",65810.6,1
"pwm_moe",65810.6,1
"pwm_moe",65810.6,1
"pwm_moe",65810.6,1
"pwm_moe",65810.6,1
"pwm_moe",65810.6,1
"pwm_moe",65810.6,1
"pwm_moe",65810.6,1
"pwm_moe",65810.6,1
"pwm_moe",65810.7,1
"pwm_moe",65810.7,1
"pwm_moe",65810.7,1
"pwm_moe",65810.7,1
"pwm_moe",65810.7,1
"pwm_moe",65810.7,1
"pwm_moe",65810.7,1
"pwm_moe",65810.7,1
"pwm_moe",65810.7,1
"pwm_moe",65810.8,1
"pwm_moe",65810.8,1
"pwm_moe",65810.8,1
"pwm_moe",65810.8,1
"pwm_moe",65810.8,1
"pwm_moe",65810.8,1
"pwm_moe",65810.8,1
"pwm_moe",65810.8,1
"pwm_moe",65810.8,1
"pwm_moe",65810.8,1
"pwm_moe",65810.9,1
"pwm_moe",65810.9,1
"pwm_moe",65810.9,1
"pwm_moe",65810.9,1
"pwm_moe",65810.9,1
"pwm_moe",65810.9,1
"pwm_moe",65810.9,1
"pwm_moe",65810.9,1
"pwm_moe",65810.9,1
"pwm_moe",65810.9,1
"pwm_moe",65810.9,1
"pwm_moe",65811,1
"pwm_moe",65811,1
"pwm_moe",65811,1
"pwm_moe",65811,1
"pwm_moe",65811,1
"pwm_moe",65811,1
"pwm_moe",65811,1
"pwm_moe",65811,1
"pwm_moe",65811,1
"pwm_moe",65811,1
"pwm_moe",65811.1,1
"pwm_moe",65811.1,1
"pwm_moe",65811.1,1
"pwm_moe",65811.1,1
"pwm_moe",65811.1,1
"pwm_moe",65811.1,1
"pwm_moe",65811.1,1
"pwm_moe",65811.1,1
"pwm_moe",65811.1,1
"pwm_moe",65811.1,1
"pwm_moe",65811.2,1
"pwm_moe",65811.2,1
"pwm_moe",65811.2,1
"pwm_moe",65811.2,1
"pwm_moe",65811.2,1
"pwm_moe",65811.2,1
"pwm_moe",65811.2,1
"pwm_moe",65811.2,1
"pwm_moe",65811.2,1
"pwm_moe",65811.2,1
"pwm_moe",65811.3,1
"pwm_moe",65811.3,1
"pwm_moe",65811.3,1
"pwm_moe",65811.3,1
"pwm_moe",65811.3,1
"pwm_moe",65811.3,1
"pwm_moe",65811.3,1
"pwm_moe",65811.3,1
"pwm_moe",65811.3,1
"pwm_moe",65811.4,1
"pwm_moe",65811.4,1
"pwm_moe",65811.4,1
"pwm_moe",65811.4,1
"pwm_moe",65811.4,1
"pwm_moe",65811.4,1
"pwm_moe",65811.4,1
"pwm_moe",65811.4,1
"pwm_moe",65811.4,1
"pwm_moe",65811.4,1
"pwm_moe",65811.4,1
"pwm_moe",65811.5,1
"pwm_moe",65811.5,1
"pwm_moe",65811.5,1
"pwm_moe",65811.5,1
"pwm_moe",65811.5,1
"pwm_moe",65811.5,1
"pwm_moe",65811.5,1
"pwm_moe",65811.5,1
"pwm_moe",65811.5,1
"pwm_moe",65811.6,1
"pwm_moe",65811.6,1
"pwm_moe",65811.6,1
"pwm_moe",65811.6,1
"pwm_moe",65811.6,1
"pwm_moe",65811.6,1
"pwm_moe",65811.6,1
"pwm_moe",65811.6,1
"pwm_moe",65811.6,1
"pwm_moe",65811.6,1
"pwm_moe",65811.7,1
"pwm_moe",65811.7,1
"pwm_moe",65811.7,1
"pwm_moe",65811.7,1
"pwm_moe",65811.7,1
"pwm_moe",65811.7,1
"pwm_moe",65811.7,1
