signal,time_s,value
"Mech_RPM",66509,-0.0475171
"Mech_RPM",66509,-0.0465668
"Mech_RPM",66509.1,-0.0465668
"Mech_RPM",66509.1,-0.0456354
"Mech_RPM",66509.1,-0.0456354
"Mech_RPM",66509.1,-0.0447227
"Mech_RPM",66509.1,-0.0447227
"Mech_RPM",66509.1,-0.0334116
"Mech_RPM",66509.1,-0.0334116
"Mech_RPM",66509.1,-0.0692017
"Mech_RPM",66509.1,-0.0692017
"Mech_RPM",66509.1,-0.057401
"Mech_RPM",66509.1,-0.057401
"Mech_RPM",66509.2,-0.040628
"Mech_RPM",66509.2,-0.040628
"Mech_RPM",66509.2,-0.0554404
"Mech_RPM",66509.2,-0.0554404
"Mech_RPM",66509.2,-0.0439149
"Mech_RPM",66509.2,-0.0439149
"Mech_RPM",66509.2,-0.048245
"Mech_RPM",66509.2,-0.048245
"Mech_RPM",66509.2,-0.0785301
"Mech_RPM",66509.2,-0.0785301
"Mech_RPM",66509.3,-0.0613345
"Mech_RPM",66509.3,-0.0613345
"Mech_RPM",66509.3,-0.0653161
"Mech_RPM",66509.3,-0.0653161
"Mech_RPM",66509.3,-0.0848431
"Mech_RPM",66509.3,-0.0848431
"Mech_RPM",66509.3,-0.119605
"Mech_RPM",66509.3,-0.119605
"Mech_RPM",66509.3,-0.117213
"Mech_RPM",66509.4,-0.117213
"Mech_RPM",66509.4,-0.0992433
"Mech_RPM",66509.4,-0.0992433
"Mech_RPM",66509.4,-0.144133
"Mech_RPM",66509.4,-0.144133
"Mech_RPM",66509.4,-0.156876
"Mech_RPM",66509.4,-0.156876
"Mech_RPM",66509.4,-0.164155
"Mech_RPM",66509.4,-0.164155
"Mech_RPM",66509.4,-0.145247
"Mech_RPM",66509.5,-0.145247
"Mech_RPM",66509.5,-0.126717
"Mech_RPM",66509.5,-0.126717
"Mech_RPM",66509.5,-0.134599
"Mech_RPM",66509.5,-0.134599
"Mech_RPM",66509.5,-0.126699
"Mech_RPM",66509.5,-0.126699
"Mech_RPM",66509.5,-0.144998
"Mech_RPM",66509.5,-0.144998
"Mech_RPM",66509.5,-0.16814
"Mech_RPM",66509.6,-0.16814
"Mech_RPM",66509.6,-0.149152
"Mech_RPM",66509.6,-0.149152
"Mech_RPM",66509.6,-0.172211
"Mech_RPM",66509.6,-0.172211
"Mech_RPM",66509.6,-0.15835
"Mech_RPM",66509.6,-0.15835
"Mech_RPM",66509.6,-0.149975
"Mech_RPM",66509.6,-0.149975
"Mech_RPM",66509.6,-0.146975
"Mech_RPM",66509.7,-0.146975
"Mech_RPM",66509.7,-0.159661
"Mech_RPM",66509.7,-0.159661
"Mech_RPM",66509.7,-0.146051
"Mech_RPM",66509.7,-0.146051
"Mech_RPM",66509.7,-0.179588
"Mech_RPM",66509.7,-0.179588
"Mech_RPM",66509.7,-0.181205
"Mech_RPM",66509.7,-0.181205
"Mech_RPM",66509.7,-0.151539
"Mech_RPM",66509.8,-0.151539
"Mech_RPM",66509.8,-0.153716
"Mech_RPM",66509.8,-0.153716
"Mech_RPM",66509.8,-0.140225
"Mech_RPM",66509.8,-0.140225
"Mech_RPM",66509.8,-0.147838
"Mech_RPM",66509.8,-0.147838
"Mech_RPM",66509.8,-0.155297
"Mech_RPM",66509.8,-0.155297
"Mech_RPM",66509.8,-0.136566
"Mech_RPM",66509.9,-0.136566
"Mech_RPM",66509.9,-0.113002
"Mech_RPM",66509.9,-0.113002
"Mech_RPM",66509.9,-0.0794918
"Mech_RPM",66509.9,-0.0794918
"Mech_RPM",66509.9,-0.0987353
"Mech_RPM",66509.9,-0.0987353
"Mech_RPM",66509.9,-0.0811356
"Mech_RPM",66509.9,-0.0811356
"Mech_RPM",66509.9,-0.0951379
"Mech_RPM",66510,-0.0951379
"Mech_RPM",66510,-0.103652
"Mech_RPM",66510,-0.103652
"Mech_RPM",66510,-0.0859537
"Mech_RPM",66510,-0.0859537
"Mech_RPM",66510,-0.0790263
"Mech_RPM",66510,-0.0790263
"Mech_RPM",66510,-0.0618208
"Mech_RPM",66510,-0.0618208
"Mech_RPM",66510,-0.0553761
"Mech_RPM",66510.1,-0.0553761
"Mech_RPM",66510.1,-0.0490602
"Mech_RPM",66510.1,-0.0490602
"Mech_RPM",66510.1,-0.0428707
"Mech_RPM",66510.1,-0.0428707
"Mech_RPM",66510.1,-0.000346595
"Mech_RPM",66510.1,-0.000346595
"Mech_RPM",66510.1,0.00486867
"Mech_RPM",66510.1,0.00486867
"Mech_RPM",66510.1,-0.0108537
"Mech_RPM",66510.1,-0.0108537
"Mech_RPM",66510.2,-0.000219963
"Mech_RPM",66510.2,-0.000219963
"Mech_RPM",66510.2,-0.0106322
"Mech_RPM",66510.2,-0.0106322
"Mech_RPM",66510.2,-0.0208363
"Mech_RPM",66510.2,-0.0208363
"Mech_RPM",66510.2,-0.0308362
"Mech_RPM",66510.2,-0.0308362
"Mech_RPM",66510.2,-0.0041778
"Mech_RPM",66510.2,-0.0041778
"Mech_RPM",66510.3,-0.0197192
"Mech_RPM",66510.3,-0.0197192
"Mech_RPM",66510.3,-0.0453665
"Mech_RPM",66510.3,-0.0453665
"Mech_RPM",66510.3,-0.0288342
"Mech_RPM",66510.3,-0.0288342
"Mech_RPM",66510.3,-0.0334658
"Mech_RPM",66510.3,-0.0334658
"Mech_RPM",66510.3,-0.0432132
"Mech_RPM",66510.4,-0.0432132
"Mech_RPM",66510.4,-0.0319323
"Mech_RPM",66510.4,-0.0319323
"Mech_RPM",66510.4,-0.0260853
"Mech_RPM",66510.4,-0.0260853
"Mech_RPM",66510.4,-0.00993858
"Mech_RPM",66510.4,-0.00993858
"Mech_RPM",66510.4,-0.00453147
"Mech_RPM",66510.4,-0.00453147
"Mech_RPM",66510.4,0.0163925
"Mech_RPM",66510.5,0.0163925
"Mech_RPM",66510.5,0.00564797
"Mech_RPM",66510.5,0.00564797
"Mech_RPM",66510.5,0.000326679
"Mech_RPM",66510.5,0.000326679
"Mech_RPM",66510.5,0.0107368
"Mech_RPM",66510.5,0.0107368
"Mech_RPM",66510.5,0.0157304
"Mech_RPM",66510.5,0.0157304
"Mech_RPM",66510.5,0.0414575
"Mech_RPM",66510.6,0.0414575
"Mech_RPM",66510.6,0.00937832
"Mech_RPM",66510.6,0.00937832
"Mech_RPM",66510.6,0.00398242
"Mech_RPM",66510.6,0.00398242
"Mech_RPM",66510.6,0.0195278
"Mech_RPM",66510.6,0.0195278
"Mech_RPM",66510.6,0.0295539
"Mech_RPM",66510.6,0.0295539
"Mech_RPM",66510.6,0.0133378
"Mech_RPM",66510.7,0.0133378
"Mech_RPM",66510.7,0.0234877
"Mech_RPM",66510.7,0.0234877
"Mech_RPM",66510.7,0.0438513
"Mech_RPM",66510.7,0.0438513
"Mech_RPM",66510.7,0.0273493
"Mech_RPM",66510.7,0.0273493
"Mech_RPM",66510.7,0.0268023
"Mech_RPM",66510.7,0.0268023
"Mech_RPM",66510.8,0.000224566
"Mech_RPM",66510.8,0.000224566
"Mech_RPM",66510.8,0.0314701
"Mech_RPM",66510.8,0.0314701
"Mech_RPM",66510.8,0.020424
"Mech_RPM",66510.8,0.020424
"Mech_RPM",66510.8,0.00959886
"Mech_RPM",66510.8,0.00959886
"Mech_RPM",66510.8,0.0250319
"Mech_RPM",66510.8,0.0250319
"Mech_RPM",66510.9,0.0453646
"Mech_RPM",66510.9,0.0453646
"Mech_RPM",66510.9,0.0184156
"Mech_RPM",66510.9,0.0184156
"Mech_RPM",66510.9,0.00763065
"Mech_RPM",66510.9,0.00763065
"Mech_RPM",66510.9,-0.0289803
"Mech_RPM",66510.9,-0.0289803
"Mech_RPM",66510.9,-0.0284007
"Mech_RPM",66510.9,-0.0284007
"Mech_RPM",66510.9,-0.0278327
"Mech_RPM",66511,-0.0278327
"Mech_RPM",66511,-0.0220677
"Mech_RPM",66511,-0.0220677
"Mech_RPM",66511,-0.0112097
"Mech_RPM",66511,-0.0112097
"Mech_RPM",66511,-0.0161938
"Mech_RPM",66511,-0.0161938
"Mech_RPM",66511,0.0049634
"Mech_RPM",66511,0.0049634
"Mech_RPM",66511,-0.00555254
"Mech_RPM",66511.1,-0.00555254
"Mech_RPM",66511.1,0.0101835
"Mech_RPM",66511.1,0.0101835
"Mech_RPM",66511.1,0.0203965
"Mech_RPM",66511.1,0.0203965
"Mech_RPM",66511.1,0.00436358
"Mech_RPM",66511.1,0.00436358
"Mech_RPM",66511.1,-0.000932023
"Mech_RPM",66511.1,-0.000932023
"Mech_RPM",66511.1,-0.026955
"Mech_RPM",66511.2,-0.026955
"Mech_RPM",66511.2,-0.00558261
"Mech_RPM",66511.2,-0.00558261
"Mech_RPM",66511.2,-0.0263043
"Mech_RPM",66511.2,-0.0263043
"Mech_RPM",66511.2,-0.0309865
"Mech_RPM",66511.2,-0.0309865
"Mech_RPM",66511.2,-0.0199501
"Mech_RPM",66511.2,-0.0199501
"Mech_RPM",66511.2,-0.0299678
"Mech_RPM",66511.3,-0.0299678
"Mech_RPM",66511.3,-0.0293685
"Mech_RPM",66511.3,-0.0293685
"Mech_RPM",66511.3,-0.00794775
"Mech_RPM",66511.3,-0.00794775
"Mech_RPM",66511.3,-0.0234138
"Mech_RPM",66511.3,-0.0234138
"Mech_RPM",66511.3,-0.0229455
"Mech_RPM",66511.3,-0.0229455
"Mech_RPM",66511.3,-0.0433199
"Mech_RPM",66511.4,-0.0433199
"Mech_RPM",66511.4,-0.0528702
"Mech_RPM",66511.4,-0.0528702
"Mech_RPM",66511.4,-0.0518128
"Mech_RPM",66511.4,-0.0518128
"Mech_RPM",66511.4,-0.0455682
"Mech_RPM",66511.4,-0.0455682
"Mech_RPM",66511.4,-0.0394485
"Mech_RPM",66511.4,-0.0394485
"Mech_RPM",66511.4,-0.0230346
"Mech_RPM",66511.5,-0.0230346
"Mech_RPM",66511.5,-0.0225739
"Mech_RPM",66511.5,-0.0225739
"Mech_RPM",66511.5,-0.0273307
"Mech_RPM",66511.5,-0.0273307
"Mech_RPM",66511.5,-0.0319924
"Mech_RPM",66511.5,-0.0319924
"Mech_RPM",66511.5,-0.0261443
"Mech_RPM",66511.5,-0.0261443
"Mech_RPM",66511.5,-0.051663
"Mech_RPM",66511.6,-0.051663
"Mech_RPM",66511.6,-0.0297964
"Mech_RPM",66511.6,-0.0297964
"Mech_RPM",66511.6,-0.0135755
"Mech_RPM",66511.6,-0.0135755
"Mech_RPM",66511.6,-0.013304
"Mech_RPM",66511.6,-0.013304
"Mech_RPM",66511.6,-0.0286629
"Mech_RPM",66511.6,-0.0286629
"Mech_RPM",66511.6,-0.0228813
"Mech_RPM",66511.7,-0.0228813
"Mech_RPM",66511.7,-0.0484654
"Mech_RPM",66511.7,-0.0484654
"Mech_RPM",66511.7,-0.0527044
"Mech_RPM",66511.7,-0.0527044
"Mech_RPM",66511.7,-0.030817
"Mech_RPM",66511.7,-0.030817
"Mech_RPM",66511.7,-0.0562423
"Mech_RPM",66511.7,-0.0562423
"Mech_RPM",66511.8,-0.0655341
"Mech_RPM",66511.8,-0.0655341
"Mech_RPM",66511.8,-0.0746401
"Mech_RPM",66511.8,-0.0746401
"Mech_RPM",66511.8,-0.067939
"Mech_RPM",66511.8,-0.067939
"Mech_RPM",66511.8,-0.0561635
"Mech_RPM",66511.8,-0.0561635
"Mech_RPM",66511.8,-0.0758736
"Mech_RPM",66511.8,-0.0758736
"Mech_RPM",66511.9,-0.0691478
"Mech_RPM",66511.9,-0.0691478
"Mech_RPM",66511.9,-0.0833898
"Mech_RPM",66511.9,-0.0833898
"Mech_RPM",66511.9,-0.081722
"Mech_RPM",66511.9,-0.081722
"Mech_RPM",66511.9,-0.0800876
"Mech_RPM",66511.9,-0.0800876
"Mech_RPM",66511.9,-0.0680692
"Mech_RPM",66511.9,-0.0680692
"Mech_RPM",66512,-0.0719161
"Mech_RPM",66512,-0.0719161
"Mech_RPM",66512,-0.0756861
"Mech_RPM",66512,-0.0756861
"Mech_RPM",66512,-0.0741724
"Mech_RPM",66512,-0.0741724
"Mech_RPM",66512,-0.0831056
"Mech_RPM",66512,-0.0831056
"Mech_RPM",66512,-0.0970685
"Mech_RPM",66512,-0.0970685
"Mech_RPM",66512.1,-0.121169
"Mech_RPM",66512.1,-0.121169
"Mech_RPM",66512.1,-0.0979121
"Mech_RPM",66512.1,-0.0979121
"Mech_RPM",66512.1,-0.0959539
"Mech_RPM",66512.1,-0.0959539
"Mech_RPM",66512.1,-0.104451
"Mech_RPM",66512.1,-0.104451
"Mech_RPM",66512.1,-0.123196
"Mech_RPM",66512.1,-0.123196
"Mech_RPM",66512.1,-0.0946902
"Mech_RPM",66512.2,-0.0946902
"Mech_RPM",66512.2,-0.071963
"Mech_RPM",66512.2,-0.071963
"Mech_RPM",66512.2,-0.0705238
"Mech_RPM",66512.2,-0.0705238
"Mech_RPM",66512.2,-0.063905
"Mech_RPM",66512.2,-0.063905
"Mech_RPM",66512.2,-0.0782519
"Mech_RPM",66512.2,-0.0782519
"Mech_RPM",66512.2,-0.0610618
"Mech_RPM",66512.3,-0.0610618
"Mech_RPM",66512.3,-0.0598406
"Mech_RPM",66512.3,-0.0598406
"Mech_RPM",66512.3,-0.0794771
"Mech_RPM",66512.3,-0.0794771
"Mech_RPM",66512.3,-0.0570542
"Mech_RPM",66512.3,-0.0570542
"Mech_RPM",66512.3,-0.0350798
"Mech_RPM",66512.3,-0.0350798
"Mech_RPM",66512.4,-0.0552116
"Mech_RPM",66512.4,-0.0552116
"Mech_RPM",66512.4,-0.0384823
"Mech_RPM",66512.4,-0.0384823
"Mech_RPM",66512.4,-0.058546
"Mech_RPM",66512.4,-0.058546
"Mech_RPM",66512.4,-0.0417501
"Mech_RPM",66512.4,-0.0417501
"Mech_RPM",66512.4,-0.0513318
"Mech_RPM",66512.4,-0.0513318
"Mech_RPM",66512.5,-0.0190551
"Mech_RPM",66512.5,-0.0190551
"Mech_RPM",66512.5,-0.00825735
"Mech_RPM",66512.5,-0.00825735
"Mech_RPM",66512.5,0.0127411
"Mech_RPM",66512.5,0.0127411
"Mech_RPM",66512.5,0.0333196
"Mech_RPM",66512.5,0.0333196
"Mech_RPM",66512.5,0.0378616
"Mech_RPM",66512.5,0.0378616
"Mech_RPM",66512.6,0.0527294
"Mech_RPM",66512.6,0.0527294
"Mech_RPM",66512.6,0.0516748
"Mech_RPM",66512.6,0.0516748
"Mech_RPM",66512.6,0.0454329
"Mech_RPM",66512.6,0.0454329
"Mech_RPM",66512.6,0.0549409
"Mech_RPM",66512.6,0.0549409
"Mech_RPM",66512.6,0.0225921
"Mech_RPM",66512.6,0.0225921
"Mech_RPM",66512.6,0.0117236
"Mech_RPM",66512.7,0.0117236
"Mech_RPM",66512.7,0.0375308
"Mech_RPM",66512.7,0.0375308
"Mech_RPM",66512.7,-0.0100948
"Mech_RPM",66512.7,-0.0100948
"Mech_RPM",66512.7,0.000523755
"Mech_RPM",66512.7,0.000523755
"Mech_RPM",66512.7,0.00572161
"Mech_RPM",66512.7,0.00572161
"Mech_RPM",66512.8,0.0212322
"Mech_RPM",66512.8,0.0212322
"Mech_RPM",66512.8,0.0416409
"Mech_RPM",66512.8,0.0416409
"Mech_RPM",66512.8,0.0355997
"Mech_RPM",66512.8,0.0355997
"Mech_RPM",66512.8,0.0244711
"Mech_RPM",66512.8,0.0244711
"Mech_RPM",66512.8,0.02919
"Mech_RPM",66512.8,0.02919
"Mech_RPM",66512.9,0.0546478
"Mech_RPM",66512.9,0.0546478
"Mech_RPM",66512.9,0.0223049
"Mech_RPM",66512.9,0.0223049
"Mech_RPM",66512.9,0.0374838
"Mech_RPM",66512.9,0.0374838
"Mech_RPM",66512.9,0.0263174
"Mech_RPM",66512.9,0.0263174
"Mech_RPM",66512.9,-0.000250574
"Mech_RPM",66512.9,-0.000250574
"Mech_RPM",66513,-0.0158706
"Mech_RPM",66513,-0.0158706
"Mech_RPM",66513,-0.0363865
"Mech_RPM",66513,-0.0363865
"Mech_RPM",66513,-0.0408671
"Mech_RPM",66513,-0.0408671
"Mech_RPM",66513,-0.0504664
"Mech_RPM",66513,-0.0504664
"Mech_RPM",66513,-0.0494571
"Mech_RPM",66513,-0.0494571
"Mech_RPM",66513.1,-0.0380513
"Mech_RPM",66513.1,-0.0380513
"Mech_RPM",66513.1,-0.0268736
"Mech_RPM",66513.1,-0.0268736
"Mech_RPM",66513.1,-0.0315445
"Mech_RPM",66513.1,-0.0315445
"Mech_RPM",66513.1,-0.0621636
"Mech_RPM",66513.1,-0.0621636
"Mech_RPM",66513.1,-0.0661286
"Mech_RPM",66513.1,-0.0661286
"Mech_RPM",66513.2,-0.0335561
"Mech_RPM",66513.2,-0.0335561
"Mech_RPM",66513.2,-0.0328849
"Mech_RPM",66513.2,-0.0328849
"Mech_RPM",66513.2,-0.0322272
"Mech_RPM",66513.2,-0.0322272
"Mech_RPM",66513.2,-0.0315827
"Mech_RPM",66513.2,-0.0315827
"Mech_RPM",66513.2,-0.0361594
"Mech_RPM",66513.2,-0.0361594
"Mech_RPM",66513.2,-0.0406445
"Mech_RPM",66513.3,-0.0406445
"Mech_RPM",66513.3,-0.0346233
"Mech_RPM",66513.3,-0.0346233
"Mech_RPM",66513.3,-0.0339308
"Mech_RPM",66513.3,-0.0339308
"Mech_RPM",66513.3,-0.0488772
"Mech_RPM",66513.3,-0.0488772
"Mech_RPM",66513.3,-0.0583163
"Mech_RPM",66513.3,-0.0583163
"Mech_RPM",66513.4,-0.0519417
"Mech_RPM",66513.4,-0.0519417
"Mech_RPM",66513.4,-0.0717362
"Mech_RPM",66513.4,-0.0717362
"Mech_RPM",66513.4,-0.0963431
"Mech_RPM",66513.4,-0.0963431
"Mech_RPM",66513.4,-0.130875
"Mech_RPM",66513.4,-0.130875
"Mech_RPM",66513.4,-0.0917988
"Mech_RPM",66513.4,-0.0917988
"Mech_RPM",66513.5,-0.0743378
"Mech_RPM",66513.5,-0.0743378
"Mech_RPM",66513.5,-0.0936844
"Mech_RPM",66513.5,-0.0936844
"Mech_RPM",66513.5,-0.138686
"Mech_RPM",66513.5,-0.138686
"Mech_RPM",66513.5,-0.135912
"Mech_RPM",66513.5,-0.135912
"Mech_RPM",66513.5,-0.122777
"Mech_RPM",66513.5,-0.122777
"Mech_RPM",66513.6,-0.115113
"Mech_RPM",66513.6,-0.115113
"Mech_RPM",66513.6,-0.123228
"Mech_RPM",66513.6,-0.123228
"Mech_RPM",66513.6,-0.115555
"Mech_RPM",66513.6,-0.115555
"Mech_RPM",66513.6,-0.12366
"Mech_RPM",66513.6,-0.12366
"Mech_RPM",66513.6,-0.14202
"Mech_RPM",66513.6,-0.14202
"Mech_RPM",66513.7,-0.113138
"Mech_RPM",66513.7,-0.113138
"Mech_RPM",66513.7,-0.116084
"Mech_RPM",66513.7,-0.116084
"Mech_RPM",66513.7,-0.124179
"Mech_RPM",66513.7,-0.124179
"Mech_RPM",66513.7,-0.10607
"Mech_RPM",66513.7,-0.10607
"Mech_RPM",66513.7,-0.114366
"Mech_RPM",66513.8,-0.114366
"Mech_RPM",66513.8,-0.0912449
"Mech_RPM",66513.8,-0.0912449
"Mech_RPM",66513.8,-0.0998367
"Mech_RPM",66513.8,-0.0998367
"Mech_RPM",66513.8,-0.113465
"Mech_RPM",66513.8,-0.113465
"Mech_RPM",66513.8,-0.142446
"Mech_RPM",66513.8,-0.142446
"Mech_RPM",66513.8,-0.12918
"Mech_RPM",66513.8,-0.12918
"Mech_RPM",66513.9,-0.131805
"Mech_RPM",66513.9,-0.131805
"Mech_RPM",66513.9,-0.103127
"Mech_RPM",66513.9,-0.103127
"Mech_RPM",66513.9,-0.0958562
"Mech_RPM",66513.9,-0.0958562
"Mech_RPM",66513.9,-0.0939391
"Mech_RPM",66513.9,-0.0939391
"Mech_RPM",66513.9,-0.0920603
"Mech_RPM",66513.9,-0.0920603
"Mech_RPM",66514,-0.0798024
"Mech_RPM",66514,-0.0798024
"Mech_RPM",66514,-0.0625814
"Mech_RPM",66514,-0.0625814
"Mech_RPM",66514,-0.0613297
"Mech_RPM",66514,-0.0613297
"Mech_RPM",66514,-0.0340615
"Mech_RPM",66514,-0.0340615
"Mech_RPM",66514,-0.0594219
"cg_iu_a",66509.1,1.61393
"cg_iu_a",66509.1,0.997786
"cg_iu_a",66509.1,1.72266
"cg_iu_a",66509.1,0.164178
"cg_iu_a",66509.1,0.381641
"cg_iu_a",66509.1,0.780323
"cg_iu_a",66509.1,1.36022
"cg_iu_a",66509.1,0.27291
"cg_iu_a",66509.2,1.17901
"cg_iu_a",66509.2,0.27291
"cg_iu_a",66509.2,0.0916908
"cg_iu_a",66509.2,0.345397
"cg_iu_a",66509.2,2.88247
"cg_iu_a",66509.2,1.57769
"cg_iu_a",66509.2,0.961543
"cg_iu_a",66509.2,0.381641
"cg_iu_a",66509.2,0.707835
"cg_iu_a",66509.2,1.28774
"cg_iu_a",66509.3,0.599104
"cg_iu_a",66509.3,0.127934
"cg_iu_a",66509.3,0.490372
"cg_iu_a",66509.3,2.12135
"cg_iu_a",66509.3,0.56286
"cg_iu_a",66509.3,1.54144
"cg_iu_a",66509.3,-0.0532846
"cg_iu_a",66509.3,-0.0170407
"cg_iu_a",66509.3,0.780323
"cg_iu_a",66509.4,-0.343235
"cg_iu_a",66509.4,0.599104
"cg_iu_a",66509.4,1.65018
"cg_iu_a",66509.4,0.417885
"cg_iu_a",66509.4,0.56286
"cg_iu_a",66509.4,-0.125772
"cg_iu_a",66509.4,0.744079
"cg_iu_a",66509.4,1.03403
"cg_iu_a",66509.4,0.417885
"cg_iu_a",66509.4,0.780323
"cg_iu_a",66509.5,0.997786
"cg_iu_a",66509.5,0.0916905
"cg_iu_a",66509.5,1.32398
"cg_iu_a",66509.5,1.57769
"cg_iu_a",66509.5,0.417885
"cg_iu_a",66509.5,0.816567
"cg_iu_a",66509.5,0.852811
"cg_iu_a",66509.5,1.17901
"cg_iu_a",66509.5,-0.379479
"cg_iu_a",66509.5,-0.560699
"cg_iu_a",66509.6,0.236665
"cg_iu_a",66509.6,0.852811
"cg_iu_a",66509.6,0.526616
"cg_iu_a",66509.6,0.852811
"cg_iu_a",66509.6,0.74408
"cg_iu_a",66509.6,2.44754
"cg_iu_a",66509.6,0.345397
"cg_iu_a",66509.6,0.272909
"cg_iu_a",66509.6,1.43271
"cg_iu_a",66509.6,0.381641
"cg_iu_a",66509.7,0.74408
"cg_iu_a",66509.7,0.635348
"cg_iu_a",66509.7,-0.560699
"cg_iu_a",66509.7,0.997786
"cg_iu_a",66509.7,1.43271
"cg_iu_a",66509.7,1.83139
"cg_iu_a",66509.7,1.39647
"cg_iu_a",66509.7,0.961542
"cg_iu_a",66509.7,0.997786
"cg_iu_a",66509.7,1.03403
"cg_iu_a",66509.8,1.21525
"cg_iu_a",66509.8,1.43271
"cg_iu_a",66509.8,1.14276
"cg_iu_a",66509.8,1.03403
"cg_iu_a",66509.8,0.309154
"cg_iu_a",66509.8,-0.959381
"cg_iu_a",66509.8,1.14276
"cg_iu_a",66509.8,0.272909
"cg_iu_a",66509.8,0.526616
"cg_iu_a",66509.8,0.889055
"cg_iu_a",66509.9,1.17901
"cg_iu_a",66509.9,0.417885
"cg_iu_a",66509.9,-0.560699
"cg_iu_a",66509.9,1.03403
"cg_iu_a",66509.9,0.852811
"cg_iu_a",66509.9,0.852811
"cg_iu_a",66509.9,0.852811
"cg_iu_a",66509.9,0.707835
"cg_iu_a",66509.9,-0.162016
"cg_iu_a",66509.9,-0.162017
"cg_iu_a",66510,0.997786
"cg_iu_a",66510,0.961543
"cg_iu_a",66510,0.599104
"cg_iu_a",66510,1.5052
"cg_iu_a",66510,0.454129
"cg_iu_a",66510,1.07027
"cg_iu_a",66510,0.490373
"cg_iu_a",66510,0.635348
"cg_iu_a",66510,1.5052
"cg_iu_a",66510,0.816567
"cg_iu_a",66510.1,0.236665
"cg_iu_a",66510.1,0.74408
"cg_iu_a",66510.1,1.14276
"cg_iu_a",66510.1,0.56286
"cg_iu_a",66510.1,-0.379479
"cg_iu_a",66510.1,1.03403
"cg_iu_a",66510.1,1.28774
"cg_iu_a",66510.1,0.961542
"cg_iu_a",66510.1,0.671592
"cg_iu_a",66510.1,0.780324
"cg_iu_a",66510.1,0.744079
"cg_iu_a",66510.2,1.17901
"cg_iu_a",66510.2,0.490373
"cg_iu_a",66510.2,0.164178
"cg_iu_a",66510.2,1.10652
"cg_iu_a",66510.2,1.21525
"cg_iu_a",66510.2,0.236666
"cg_iu_a",66510.2,1.43271
"cg_iu_a",66510.2,0.816567
"cg_iu_a",66510.2,0.56286
"cg_iu_a",66510.2,0.707836
"cg_iu_a",66510.3,0.0192025
"cg_iu_a",66510.3,1.32398
"cg_iu_a",66510.3,1.07027
"cg_iu_a",66510.3,0.780324
"cg_iu_a",66510.3,0.127934
"cg_iu_a",66510.3,0.309153
"cg_iu_a",66510.3,0.345397
"cg_iu_a",66510.3,0.417885
"cg_iu_a",66510.3,1.17901
"cg_iu_a",66510.4,0.164178
"cg_iu_a",66510.4,0.381641
"cg_iu_a",66510.4,0.635348
"cg_iu_a",66510.4,0.236666
"cg_iu_a",66510.4,-0.017041
"cg_iu_a",66510.4,-0.125773
"cg_iu_a",66510.4,1.57769
"cg_iu_a",66510.4,1.10652
"cg_iu_a",66510.4,0.852811
"cg_iu_a",66510.4,1.07027
"cg_iu_a",66510.5,0.889055
"cg_iu_a",66510.5,-0.017041
"cg_iu_a",66510.5,0.780323
"cg_iu_a",66510.5,0.200422
"cg_iu_a",66510.5,0.635348
"cg_iu_a",66510.5,0.925299
"cg_iu_a",66510.5,0.852811
"cg_iu_a",66510.5,0.744079
"cg_iu_a",66510.5,2.0851
"cg_iu_a",66510.5,0.236666
"cg_iu_a",66510.6,-0.19826
"cg_iu_a",66510.6,0.381641
"cg_iu_a",66510.6,0.961542
"cg_iu_a",66510.6,-0.162016
"cg_iu_a",66510.6,2.01261
"cg_iu_a",66510.6,0.490372
"cg_iu_a",66510.6,0.780323
"cg_iu_a",66510.6,0.780323
"cg_iu_a",66510.6,0.309153
"cg_iu_a",66510.6,0.635348
"cg_iu_a",66510.7,0.852811
"cg_iu_a",66510.7,0.454129
"cg_iu_a",66510.7,0.200422
"cg_iu_a",66510.7,1.10652
"cg_iu_a",66510.7,0.381641
"cg_iu_a",66510.7,0.309153
"cg_iu_a",66510.7,1.36022
"cg_iu_a",66510.7,-0.524455
"cg_iu_a",66510.7,-0.306992
"cg_iu_a",66510.8,1.14276
"cg_iu_a",66510.8,1.72266
"cg_iu_a",66510.8,0.961542
"cg_iu_a",66510.8,0.381641
"cg_iu_a",66510.8,0.635348
"cg_iu_a",66510.8,-0.488211
"cg_iu_a",66510.8,0.599104
"cg_iu_a",66510.8,0.490373
"cg_iu_a",66510.8,-0.306992
"cg_iu_a",66510.8,1.5052
"cg_iu_a",66510.9,0.526616
"cg_iu_a",66510.9,0.200422
"cg_iu_a",66510.9,0.309154
"cg_iu_a",66510.9,0.309154
"cg_iu_a",66510.9,0.707836
"cg_iu_a",66510.9,-0.19826
"cg_iu_a",66510.9,0.635348
"cg_iu_a",66510.9,0.707836
"cg_iu_a",66510.9,1.21525
"cg_iu_a",66510.9,0.0916903
"cg_iu_a",66510.9,1.21525
"cg_iu_a",66511,1.17901
"cg_iu_a",66511,1.79515
"cg_iu_a",66511,1.46896
"cg_iu_a",66511,1.07027
"cg_iu_a",66511,0.454129
"cg_iu_a",66511,1.07027
"cg_iu_a",66511,0.599104
"cg_iu_a",66511,0.889055
"cg_iu_a",66511,0.707835
"cg_iu_a",66511,0.925298
"cg_iu_a",66511.1,0.852811
"cg_iu_a",66511.1,0.707836
"cg_iu_a",66511.1,1.43271
"cg_iu_a",66511.1,0.200422
"cg_iu_a",66511.1,1.17901
"cg_iu_a",66511.1,0.236666
"cg_iu_a",66511.1,1.07027
"cg_iu_a",66511.1,0.127934
"cg_iu_a",66511.1,1.39647
"cg_iu_a",66511.1,0.997786
"cg_iu_a",66511.2,0.635348
"cg_iu_a",66511.2,0.889055
"cg_iu_a",66511.2,1.14276
"cg_iu_a",66511.2,1.25149
"cg_iu_a",66511.2,0.200422
"cg_iu_a",66511.2,0.852811
"cg_iu_a",66511.2,0.925299
"cg_iu_a",66511.2,1.39647
"cg_iu_a",66511.2,1.36022
"cg_iu_a",66511.2,0.599104
"cg_iu_a",66511.3,0.707836
"cg_iu_a",66511.3,-0.886893
"cg_iu_a",66511.3,0.635348
"cg_iu_a",66511.3,1.14276
"cg_iu_a",66511.3,0.0916905
"cg_iu_a",66511.3,0.889055
"cg_iu_a",66511.3,0.526617
"cg_iu_a",66511.3,1.14276
"cg_iu_a",66511.3,0.27291
"cg_iu_a",66511.3,-0.886893
"cg_iu_a",66511.4,1.79515
"cg_iu_a",66511.4,0.852811
"cg_iu_a",66511.4,1.39647
"cg_iu_a",66511.4,0.852811
"cg_iu_a",66511.4,0.780323
"cg_iu_a",66511.4,0.889055
"cg_iu_a",66511.4,-0.162016
"cg_iu_a",66511.4,1.25149
"cg_iu_a",66511.4,0.744079
"cg_iu_a",66511.4,0.671592
"cg_iu_a",66511.5,0.671592
"cg_iu_a",66511.5,0.889055
"cg_iu_a",66511.5,1.39647
"cg_iu_a",66511.5,1.14276
"cg_iu_a",66511.5,-0.923137
"cg_iu_a",66511.5,1.14276
"cg_iu_a",66511.5,0.272909
"cg_iu_a",66511.5,1.25149
"cg_iu_a",66511.5,1.21525
"cg_iu_a",66511.5,-0.162016
"cg_iu_a",66511.6,0.0192025
"cg_iu_a",66511.6,0.200422
"cg_iu_a",66511.6,0.780324
"cg_iu_a",66511.6,0.0554464
"cg_iu_a",66511.6,1.25149
"cg_iu_a",66511.6,1.25149
"cg_iu_a",66511.6,0.127934
"cg_iu_a",66511.6,0.635348
"cg_iu_a",66511.6,0.671592
"cg_iu_a",66511.6,0.526616
"cg_iu_a",66511.7,1.10652
"cg_iu_a",66511.7,2.70125
"cg_iu_a",66511.7,1.07027
"cg_iu_a",66511.7,0.127934
"cg_iu_a",66511.7,0.961542
"cg_iu_a",66511.7,0.236666
"cg_iu_a",66511.7,0.780324
"cg_iu_a",66511.7,1.21525
"cg_iu_a",66511.7,0.0554466
"cg_iu_a",66511.8,0.381641
"cg_iu_a",66511.8,0.852811
"cg_iu_a",66511.8,0.635348
"cg_iu_a",66511.8,0.56286
"cg_iu_a",66511.8,0.526616
"cg_iu_a",66511.8,0.744079
"cg_iu_a",66511.8,0.599104
"cg_iu_a",66511.8,0.816567
"cg_iu_a",66511.8,0.635348
"cg_iu_a",66511.8,2.15759
"cg_iu_a",66511.9,2.37505
"cg_iu_a",66511.9,0.381641
"cg_iu_a",66511.9,1.75891
"cg_iu_a",66511.9,-0.19826
"cg_iu_a",66511.9,0.345397
"cg_iu_a",66511.9,1.39647
"cg_iu_a",66511.9,0.27291
"cg_iu_a",66511.9,1.10652
"cg_iu_a",66511.9,1.14276
"cg_iu_a",66511.9,1.10652
"cg_iu_a",66512,0.417885
"cg_iu_a",66512,0.0916903
"cg_iu_a",66512,0.635348
"cg_iu_a",66512,-0.705674
"cg_iu_a",66512,1.03403
"cg_iu_a",66512,0.417885
"cg_iu_a",66512,1.36022
"cg_iu_a",66512,0.889055
"cg_iu_a",66512,0.0916903
"cg_iu_a",66512,0.961543
"cg_iu_a",66512.1,0.0554466
"cg_iu_a",66512.1,0.490372
"cg_iu_a",66512.1,0.454129
"cg_iu_a",66512.1,1.21525
"cg_iu_a",66512.1,1.14276
"cg_iu_a",66512.1,-0.596943
"cg_iu_a",66512.1,-1.32182
"cg_iu_a",66512.1,1.43271
"cg_iu_a",66512.1,0.309154
"cg_iu_a",66512.1,0.925299
"cg_iu_a",66512.1,0.490373
"cg_iu_a",66512.2,0.997787
"cg_iu_a",66512.2,1.28774
"cg_iu_a",66512.2,0.381641
"cg_iu_a",66512.2,1.43271
"cg_iu_a",66512.2,0.236666
"cg_iu_a",66512.2,0.889055
"cg_iu_a",66512.2,0.961542
"cg_iu_a",66512.2,0.526617
"cg_iu_a",66512.2,1.46896
"cg_iu_a",66512.2,0.961543
"cg_iu_a",66512.3,0.925298
"cg_iu_a",66512.3,0.816567
"cg_iu_a",66512.3,0.417885
"cg_iu_a",66512.3,-0.162017
"cg_iu_a",66512.3,1.21525
"cg_iu_a",66512.3,0.707835
"cg_iu_a",66512.3,0.345397
"cg_iu_a",66512.3,0.27291
"cg_iu_a",66512.3,1.07027
"cg_iu_a",66512.4,2.70125
"cg_iu_a",66512.4,1.36022
"cg_iu_a",66512.4,0.889055
"cg_iu_a",66512.4,1.10652
"cg_iu_a",66512.4,1.17901
"cg_iu_a",66512.4,0.309153
"cg_iu_a",66512.4,1.10652
"cg_iu_a",66512.4,0.671592
"cg_iu_a",66512.4,1.32398
"cg_iu_a",66512.4,0.852811
"cg_iu_a",66512.5,1.17901
"cg_iu_a",66512.5,0.889055
"cg_iu_a",66512.5,0.490372
"cg_iu_a",66512.5,1.25149
"cg_iu_a",66512.5,0.526616
"cg_iu_a",66512.5,0.27291
"cg_iu_a",66512.5,0.309153
"cg_iu_a",66512.5,0.599104
"cg_iu_a",66512.5,1.32398
"cg_iu_a",66512.5,0.417885
"cg_iu_a",66512.6,1.10652
"cg_iu_a",66512.6,0.490372
"cg_iu_a",66512.6,0.0192027
"cg_iu_a",66512.6,0.417885
"cg_iu_a",66512.6,0.56286
"cg_iu_a",66512.6,0.671592
"cg_iu_a",66512.6,1.43271
"cg_iu_a",66512.6,0.780323
"cg_iu_a",66512.6,0.309154
"cg_iu_a",66512.6,0.454129
"cg_iu_a",66512.6,1.65018
"cg_iu_a",66512.7,1.03403
"cg_iu_a",66512.7,0.200422
"cg_iu_a",66512.7,0.236666
"cg_iu_a",66512.7,-0.451967
"cg_iu_a",66512.7,0.997787
"cg_iu_a",66512.7,1.10652
"cg_iu_a",66512.7,1.07027
"cg_iu_a",66512.7,1.57769
"cg_iu_a",66512.7,0.780323
"cg_iu_a",66512.8,0.526616
"cg_iu_a",66512.8,-0.162016
"cg_iu_a",66512.8,-0.415723
"cg_iu_a",66512.8,0.309153
"cg_iu_a",66512.8,-0.0170407
"cg_iu_a",66512.8,1.36022
"cg_iu_a",66512.8,-0.0170412
"cg_iu_a",66512.8,0.635348
"cg_iu_a",66512.8,0.889055
"cg_iu_a",66512.8,0.852811
"cg_iu_a",66512.9,1.32398
"cg_iu_a",66512.9,1.65018
"cg_iu_a",66512.9,0.56286
"cg_iu_a",66512.9,0.417885
"cg_iu_a",66512.9,2.48378
"cg_iu_a",66512.9,1.68642
"cg_iu_a",66512.9,0.164178
"cg_iu_a",66512.9,1.07027
"cg_iu_a",66512.9,1.17901
"cg_iu_a",66512.9,0.56286
"cg_iu_a",66513,-0.0895286
"cg_iu_a",66513,0.526616
"cg_iu_a",66513,-0.343236
"cg_iu_a",66513,0.345397
"cg_iu_a",66513,2.01261
"cg_iu_a",66513,1.46896
"cg_iu_a",66513,0.272909
"cg_iu_a",66513,1.36022
"cg_iu_a",66513,0.236666
"cg_iu_a",66513,0.236666
"cg_iu_a",66513.1,1.72266
"cg_iu_a",66513.1,0.272909
"cg_iu_a",66513.1,1.14276
"cg_iu_a",66513.1,0.490372
"cg_iu_a",66513.1,0.889055
"cg_iu_a",66513.1,0.707835
"cg_iu_a",66513.1,0.127934
"cg_iu_a",66513.1,0.417885
"cg_iu_a",66513.1,1.17901
"cg_iu_a",66513.1,1.83139
"cg_iu_a",66513.2,1.65018
"cg_iu_a",66513.2,1.21525
"cg_iu_a",66513.2,1.61393
"cg_iu_a",66513.2,0.236666
"cg_iu_a",66513.2,0.889055
"cg_iu_a",66513.2,0.997787
"cg_iu_a",66513.2,0.526616
"cg_iu_a",66513.2,0.417885
"cg_iu_a",66513.2,0.27291
"cg_iu_a",66513.2,0.200422
"cg_iu_a",66513.2,1.43271
"cg_iu_a",66513.3,1.03403
"cg_iu_a",66513.3,1.14276
"cg_iu_a",66513.3,0.127934
"cg_iu_a",66513.3,0.889055
"cg_iu_a",66513.3,0.599104
"cg_iu_a",66513.3,-0.379479
"cg_iu_a",66513.3,0.816567
"cg_iu_a",66513.3,0.0192029
"cg_iu_a",66513.3,0.852811
"cg_iu_a",66513.4,-0.162016
"cg_iu_a",66513.4,-0.198261
"cg_iu_a",66513.4,1.10652
"cg_iu_a",66513.4,1.65018
"cg_iu_a",66513.4,0.490373
"cg_iu_a",66513.4,0.526616
"cg_iu_a",66513.4,0.707836
"cg_iu_a",66513.4,0.272909
"cg_iu_a",66513.4,0.744079
"cg_iu_a",66513.4,0.417885
"cg_iu_a",66513.5,0.345397
"cg_iu_a",66513.5,-0.488211
"cg_iu_a",66513.5,0.599104
"cg_iu_a",66513.5,0.744079
"cg_iu_a",66513.5,1.5052
"cg_iu_a",66513.5,1.72266
"cg_iu_a",66513.5,1.10652
"cg_iu_a",66513.5,0.599104
"cg_iu_a",66513.5,-0.125773
"cg_iu_a",66513.5,0.599104
"cg_iu_a",66513.6,0.852811
"cg_iu_a",66513.6,1.90388
"cg_iu_a",66513.6,0.889055
"cg_iu_a",66513.6,-0.017041
"cg_iu_a",66513.6,1.03403
"cg_iu_a",66513.6,0.236666
"cg_iu_a",66513.6,-1.06811
"cg_iu_a",66513.6,0.526617
"cg_iu_a",66513.6,1.75891
"cg_iu_a",66513.6,0.707835
"cg_iu_a",66513.7,0.381641
"cg_iu_a",66513.7,0.309154
"cg_iu_a",66513.7,0.309153
"cg_iu_a",66513.7,1.21525
"cg_iu_a",66513.7,0.345397
"cg_iu_a",66513.7,0.961542
"cg_iu_a",66513.7,1.57769
"cg_iu_a",66513.7,0.309154
"cg_iu_a",66513.7,0.997786
"cg_iu_a",66513.8,0.707835
"cg_iu_a",66513.8,0.925299
"cg_iu_a",66513.8,1.57769
"cg_iu_a",66513.8,1.25149
"cg_iu_a",66513.8,2.30256
"cg_iu_a",66513.8,0.272909
"cg_iu_a",66513.8,0.816567
"cg_iu_a",66513.8,1.57769
"cg_iu_a",66513.8,0.707836
"cg_iu_a",66513.8,0.599104
"cg_iu_a",66513.8,0.309153
"cg_iu_a",66513.9,0.56286
"cg_iu_a",66513.9,1.21525
"cg_iu_a",66513.9,0.454129
"cg_iu_a",66513.9,1.75891
"cg_iu_a",66513.9,0.309154
"cg_iu_a",66513.9,1.07027
"cg_iu_a",66513.9,0.0554466
"cg_iu_a",66513.9,0.309154
"cg_iu_a",66513.9,0.309153
"cg_iu_a",66513.9,-0.560699
"cg_iu_a",66514,-1.53928
"cg_iu_a",66514,0.599104
"cg_iu_a",66514,0.417885
"cg_iu_a",66514,0.27291
"cg_iu_a",66514,-0.0895288
"cg_iu_a",66514,0.635348
"cg_iu_a",66514,0.707836
"cg_iu_a",66514,0.671592
"cg_iu_a",66514,-1.24933
"cg_iu_a",66514,0.490373
"cg_iu_a",66514.1,-0.0895286
"cg_iu_a",66514.1,-0.343235
"cg_iu_a",66514.1,-0.0532851
"cg_iu_a",66514.1,-0.488211
"cg_iv_a",66509.1,-0.980606
"cg_iv_a",66509.1,-0.509436
"cg_iv_a",66509.1,-0.690655
"cg_iv_a",66509.1,-1.63299
"cg_iv_a",66509.1,-1.01685
"cg_iv_a",66509.2,-1.08934
"cg_iv_a",66509.2,-0.944362
"cg_iv_a",66509.2,-0.908118
"cg_iv_a",66509.2,-0.799387
"cg_iv_a",66509.2,-2.39412
"cg_iv_a",66509.2,-1.48802
"cg_iv_a",66509.2,-1.05309
"cg_iv_a",66509.2,-1.05309
"cg_iv_a",66509.2,-1.05309
"cg_iv_a",66509.2,-1.63299
"cg_iv_a",66509.3,-0.944362
"cg_iv_a",66509.3,-0.944362
"cg_iv_a",66509.3,-0.799386
"cg_iv_a",66509.3,-1.41553
"cg_iv_a",66509.3,-1.01685
"cg_iv_a",66509.3,-1.99543
"cg_iv_a",66509.3,-0.618167
"cg_iv_a",66509.3,-0.799387
"cg_iv_a",66509.3,-0.908118
"cg_iv_a",66509.4,0.360416
"cg_iv_a",66509.4,-1.19807
"cg_iv_a",66509.4,-1.66924
"cg_iv_a",66509.4,-0.799387
"cg_iv_a",66509.4,-0.763143
"cg_iv_a",66509.4,-0.146998
"cg_iv_a",66509.4,-0.690655
"cg_iv_a",66509.4,-0.944362
"cg_iv_a",66509.4,0.0704656
"cg_iv_a",66509.4,-1.16182
"cg_iv_a",66509.5,-1.08934
"cg_iv_a",66509.5,-0.690655
"cg_iv_a",66509.5,-0.944362
"cg_iv_a",66509.5,-1.56051
"cg_iv_a",66509.5,-0.908118
"cg_iv_a",66509.5,-1.23431
"cg_iv_a",66509.5,-1.16182
"cg_iv_a",66509.5,-1.16182
"cg_iv_a",66509.5,-0.146997
"cg_iv_a",66509.5,-0.83563
"cg_iv_a",66509.6,-0.54568
"cg_iv_a",66509.6,-1.37929
"cg_iv_a",66509.6,-0.799387
"cg_iv_a",66509.6,-0.944362
"cg_iv_a",66509.6,-0.908118
"cg_iv_a",66509.6,-2.32163
"cg_iv_a",66509.6,-1.01685
"cg_iv_a",66509.6,-0.654411
"cg_iv_a",66509.6,-1.45178
"cg_iv_a",66509.6,-0.509436
"cg_iv_a",66509.7,-0.83563
"cg_iv_a",66509.7,-0.908118
"cg_iv_a",66509.7,-0.255729
"cg_iv_a",66509.7,-1.41553
"cg_iv_a",66509.7,-1.16182
"cg_iv_a",66509.7,-1.45178
"cg_iv_a",66509.7,-1.23431
"cg_iv_a",66509.7,-1.12558
"cg_iv_a",66509.7,-1.34304
"cg_iv_a",66509.7,-1.48802
"cg_iv_a",66509.8,-1.19807
"cg_iv_a",66509.8,-1.23431
"cg_iv_a",66509.8,-1.37929
"cg_iv_a",66509.8,-1.08934
"cg_iv_a",66509.8,-0.400704
"cg_iv_a",66509.8,-0.654411
"cg_iv_a",66509.8,-1.05309
"cg_iv_a",66509.8,-1.08934
"cg_iv_a",66509.8,-0.726899
"cg_iv_a",66509.8,-0.980606
"cg_iv_a",66509.9,-1.27056
"cg_iv_a",66509.9,-0.400704
"cg_iv_a",66509.9,0.469148
"cg_iv_a",66509.9,-0.726899
"cg_iv_a",66509.9,-0.763143
"cg_iv_a",66509.9,-1.45178
"cg_iv_a",66509.9,-1.01685
"cg_iv_a",66509.9,-0.581923
"cg_iv_a",66509.9,-0.944362
"cg_iv_a",66509.9,-0.0382657
"cg_iv_a",66510,-1.19807
"cg_iv_a",66510,-0.83563
"cg_iv_a",66510,-1.34304
"cg_iv_a",66510,-1.48802
"cg_iv_a",66510,-0.291973
"cg_iv_a",66510,-1.34304
"cg_iv_a",66510,-0.908118
"cg_iv_a",66510,-0.763143
"cg_iv_a",66510,-1.41553
"cg_iv_a",66510,-1.12558
"cg_iv_a",66510.1,-0.763143
"cg_iv_a",66510.1,-1.01685
"cg_iv_a",66510.1,-1.19807
"cg_iv_a",66510.1,-0.54568
"cg_iv_a",66510.1,-0.83563
"cg_iv_a",66510.1,-0.654411
"cg_iv_a",66510.1,-0.980606
"cg_iv_a",66510.1,-1.37929
"cg_iv_a",66510.1,-0.690655
"cg_iv_a",66510.1,-0.726899
"cg_iv_a",66510.1,-0.908118
"cg_iv_a",66510.2,-1.48802
"cg_iv_a",66510.2,-1.23431
"cg_iv_a",66510.2,-0.509436
"cg_iv_a",66510.2,-1.05309
"cg_iv_a",66510.2,-1.08934
"cg_iv_a",66510.2,-0.436948
"cg_iv_a",66510.2,-1.37929
"cg_iv_a",66510.2,-1.16182
"cg_iv_a",66510.2,-1.45178
"cg_iv_a",66510.2,-0.799387
"cg_iv_a",66510.3,-0.618167
"cg_iv_a",66510.3,-1.56051
"cg_iv_a",66510.3,-1.16182
"cg_iv_a",66510.3,-0.83563
"cg_iv_a",66510.3,-0.654411
"cg_iv_a",66510.3,-0.908118
"cg_iv_a",66510.3,-0.726899
"cg_iv_a",66510.3,-0.618167
"cg_iv_a",66510.3,-1.3068
"cg_iv_a",66510.4,-0.690655
"cg_iv_a",66510.4,-0.83563
"cg_iv_a",66510.4,-1.05309
"cg_iv_a",66510.4,-0.799387
"cg_iv_a",66510.4,-0.871874
"cg_iv_a",66510.4,-0.255729
"cg_iv_a",66510.4,-0.654411
"cg_iv_a",66510.4,-1.05309
"cg_iv_a",66510.4,-1.08934
"cg_iv_a",66510.4,-0.908118
"cg_iv_a",66510.5,-0.690655
"cg_iv_a",66510.5,-0.799387
"cg_iv_a",66510.5,-1.45178
"cg_iv_a",66510.5,-0.799387
"cg_iv_a",66510.5,-1.01685
"cg_iv_a",66510.5,-0.980606
"cg_iv_a",66510.5,-0.944362
"cg_iv_a",66510.5,-0.944362
"cg_iv_a",66510.5,-0.871874
"cg_iv_a",66510.5,-1.37929
"cg_iv_a",66510.6,-1.19807
"cg_iv_a",66510.6,-0.726899
"cg_iv_a",66510.6,-1.05309
"cg_iv_a",66510.6,-0.54568
"cg_iv_a",66510.6,-1.48802
"cg_iv_a",66510.6,-1.19807
"cg_iv_a",66510.6,-0.980606
"cg_iv_a",66510.6,-0.908118
"cg_iv_a",66510.6,-0.799387
"cg_iv_a",66510.6,-1.16182
"cg_iv_a",66510.7,-0.799387
"cg_iv_a",66510.7,-0.763143
"cg_iv_a",66510.7,-0.763143
"cg_iv_a",66510.7,-0.871874
"cg_iv_a",66510.7,-0.654411
"cg_iv_a",66510.7,-0.54568
"cg_iv_a",66510.7,-1.48802
"cg_iv_a",66510.7,-0.509436
"cg_iv_a",66510.7,-0.654411
"cg_iv_a",66510.8,-1.16182
"cg_iv_a",66510.8,-1.63299
"cg_iv_a",66510.8,-0.980606
"cg_iv_a",66510.8,-0.980606
"cg_iv_a",66510.8,-0.980606
"cg_iv_a",66510.8,0.251684
"cg_iv_a",66510.8,-0.908118
"cg_iv_a",66510.8,-0.473192
"cg_iv_a",66510.8,-0.581924
"cg_iv_a",66510.8,-1.23431
"cg_iv_a",66510.9,-1.12558
"cg_iv_a",66510.9,-0.618167
"cg_iv_a",66510.9,-1.08934
"cg_iv_a",66510.9,-1.01685
"cg_iv_a",66510.9,-0.944362
"cg_iv_a",66510.9,-0.654411
"cg_iv_a",66510.9,-0.944362
"cg_iv_a",66510.9,-0.944362
"cg_iv_a",66510.9,-1.01685
"cg_iv_a",66510.9,-0.581923
"cg_iv_a",66510.9,-0.871874
"cg_iv_a",66511,-1.45178
"cg_iv_a",66511,-0.618167
"cg_iv_a",66511,-1.63299
"cg_iv_a",66511,-0.871874
"cg_iv_a",66511,-1.12558
"cg_iv_a",66511,-0.83563
"cg_iv_a",66511,-0.654411
"cg_iv_a",66511,-1.08934
"cg_iv_a",66511,-0.980606
"cg_iv_a",66511,-1.48802
"cg_iv_a",66511.1,-0.763143
"cg_iv_a",66511.1,-0.944362
"cg_iv_a",66511.1,-1.37929
"cg_iv_a",66511.1,-1.12558
"cg_iv_a",66511.1,-1.19807
"cg_iv_a",66511.1,-0.799387
"cg_iv_a",66511.1,-0.871874
"cg_iv_a",66511.1,-0.654411
"cg_iv_a",66511.1,-1.01685
"cg_iv_a",66511.1,-0.944362
"cg_iv_a",66511.2,-0.509436
"cg_iv_a",66511.2,-0.654411
"cg_iv_a",66511.2,-1.08934
"cg_iv_a",66511.2,-1.12558
"cg_iv_a",66511.2,-0.328217
"cg_iv_a",66511.2,-0.654411
"cg_iv_a",66511.2,-0.581923
"cg_iv_a",66511.2,-1.08934
"cg_iv_a",66511.2,-1.99543
"cg_iv_a",66511.2,-0.83563
"cg_iv_a",66511.3,-0.690655
"cg_iv_a",66511.3,-0.255729
"cg_iv_a",66511.3,-0.908118
"cg_iv_a",66511.3,-1.27056
"cg_iv_a",66511.3,-0.255729
"cg_iv_a",66511.3,-0.871874
"cg_iv_a",66511.3,-1.01685
"cg_iv_a",66511.3,-1.19807
"cg_iv_a",66511.3,-0.763143
"cg_iv_a",66511.3,0.324172
"cg_iv_a",66511.4,-2.03168
"cg_iv_a",66511.4,-1.08934
"cg_iv_a",66511.4,-1.63299
"cg_iv_a",66511.4,-0.83563
"cg_iv_a",66511.4,-0.908118
"cg_iv_a",66511.4,-1.16182
"cg_iv_a",66511.4,-0.400704
"cg_iv_a",66511.4,-1.37929
"cg_iv_a",66511.4,-0.763143
"cg_iv_a",66511.4,-1.05309
"cg_iv_a",66511.5,-0.581924
"cg_iv_a",66511.5,-0.908118
"cg_iv_a",66511.5,-1.23431
"cg_iv_a",66511.5,-1.23431
"cg_iv_a",66511.5,-0.690655
"cg_iv_a",66511.5,-1.12558
"cg_iv_a",66511.5,-0.618167
"cg_iv_a",66511.5,-1.45178
"cg_iv_a",66511.5,-1.3068
"cg_iv_a",66511.5,-0.944362
"cg_iv_a",66511.6,-1.05309
"cg_iv_a",66511.6,-0.54568
"cg_iv_a",66511.6,-1.23431
"cg_iv_a",66511.6,-0.291973
"cg_iv_a",66511.6,-1.23431
"cg_iv_a",66511.6,-1.23431
"cg_iv_a",66511.6,-0.799386
"cg_iv_a",66511.6,-0.908118
"cg_iv_a",66511.6,-1.16182
"cg_iv_a",66511.6,-0.509436
"cg_iv_a",66511.7,-1.16182
"cg_iv_a",66511.7,-1.70548
"cg_iv_a",66511.7,-0.980606
"cg_iv_a",66511.7,-1.05309
"cg_iv_a",66511.7,-1.3068
"cg_iv_a",66511.7,-0.763143
"cg_iv_a",66511.7,-1.41553
"cg_iv_a",66511.7,-1.05309
"cg_iv_a",66511.7,-0.255729
"cg_iv_a",66511.8,-1.12558
"cg_iv_a",66511.8,-1.05309
"cg_iv_a",66511.8,-1.48802
"cg_iv_a",66511.8,-0.618168
"cg_iv_a",66511.8,-0.690655
"cg_iv_a",66511.8,-0.908118
"cg_iv_a",66511.8,-1.08934
"cg_iv_a",66511.8,-1.01685
"cg_iv_a",66511.8,-0.690655
"cg_iv_a",66511.8,-2.57533
"cg_iv_a",66511.9,-2.39412
"cg_iv_a",66511.9,-0.618168
"cg_iv_a",66511.9,-2.28538
"cg_iv_a",66511.9,-0.763143
"cg_iv_a",66511.9,-0.473192
"cg_iv_a",66511.9,-1.27056
"cg_iv_a",66511.9,-0.36446
"cg_iv_a",66511.9,-1.48802
"cg_iv_a",66511.9,-0.763143
"cg_iv_a",66511.9,-1.37929
"cg_iv_a",66512,-0.654411
"cg_iv_a",66512,-0.799387
"cg_iv_a",66512,-1.27056
"cg_iv_a",66512,-0.291973
"cg_iv_a",66512,-1.12558
"cg_iv_a",66512,-1.08934
"cg_iv_a",66512,-1.12558
"cg_iv_a",66512,-1.48802
"cg_iv_a",66512,-0.654411
"cg_iv_a",66512,-1.56051
"cg_iv_a",66512.1,-0.690655
"cg_iv_a",66512.1,-0.763143
"cg_iv_a",66512.1,-0.799387
"cg_iv_a",66512.1,-1.3068
"cg_iv_a",66512.1,-1.12558
"cg_iv_a",66512.1,-0.654411
"cg_iv_a",66512.1,0.722854
"cg_iv_a",66512.1,-0.799387
"cg_iv_a",66512.1,-0.690655
"cg_iv_a",66512.1,-1.19807
"cg_iv_a",66512.1,-0.690655
"cg_iv_a",66512.2,-1.3068
"cg_iv_a",66512.2,-1.12558
"cg_iv_a",66512.2,-0.473192
"cg_iv_a",66512.2,-1.74173
"cg_iv_a",66512.2,-0.908118
"cg_iv_a",66512.2,-1.3068
"cg_iv_a",66512.2,-0.980606
"cg_iv_a",66512.2,-0.726899
"cg_iv_a",66512.2,-1.19807
"cg_iv_a",66512.2,-1.16182
"cg_iv_a",66512.3,-1.01685
"cg_iv_a",66512.3,-1.01685
"cg_iv_a",66512.3,-0.763143
"cg_iv_a",66512.3,-1.05309
"cg_iv_a",66512.3,-1.16182
"cg_iv_a",66512.3,-1.19807
"cg_iv_a",66512.3,-0.944362
"cg_iv_a",66512.3,-0.618167
"cg_iv_a",66512.3,-1.05309
"cg_iv_a",66512.4,-0.799387
"cg_iv_a",66512.4,-0.83563
"cg_iv_a",66512.4,-1.23431
"cg_iv_a",66512.4,-0.980606
"cg_iv_a",66512.4,-0.980606
"cg_iv_a",66512.4,-0.763143
"cg_iv_a",66512.4,-0.799386
"cg_iv_a",66512.4,-1.19807
"cg_iv_a",66512.4,-0.83563
"cg_iv_a",66512.4,-1.23431
"cg_iv_a",66512.5,-1.01685
"cg_iv_a",66512.5,-0.908118
"cg_iv_a",66512.5,-0.328217
"cg_iv_a",66512.5,-1.27056
"cg_iv_a",66512.5,-0.871874
"cg_iv_a",66512.5,-0.83563
"cg_iv_a",66512.5,-0.654411
"cg_iv_a",66512.5,-0.690655
"cg_iv_a",66512.5,-1.08934
"cg_iv_a",66512.5,-0.799387
"cg_iv_a",66512.6,-0.83563
"cg_iv_a",66512.6,-1.37929
"cg_iv_a",66512.6,-0.183241
"cg_iv_a",66512.6,-0.799387
"cg_iv_a",66512.6,-0.400704
"cg_iv_a",66512.6,-0.908118
"cg_iv_a",66512.6,-1.74173
"cg_iv_a",66512.6,-0.690655
"cg_iv_a",66512.6,-0.726899
"cg_iv_a",66512.6,-0.799387
"cg_iv_a",66512.6,-1.8867
"cg_iv_a",66512.7,-0.618168
"cg_iv_a",66512.7,-1.08934
"cg_iv_a",66512.7,-0.871874
"cg_iv_a",66512.7,0.142953
"cg_iv_a",66512.7,-1.3068
"cg_iv_a",66512.7,-1.34304
"cg_iv_a",66512.7,-1.81421
"cg_iv_a",66512.7,-1.56051
"cg_iv_a",66512.7,-1.23431
"cg_iv_a",66512.8,-1.01685
"cg_iv_a",66512.8,-0.183241
"cg_iv_a",66512.8,-0.944362
"cg_iv_a",66512.8,-0.690655
"cg_iv_a",66512.8,-0.654411
"cg_iv_a",66512.8,-1.23431
"cg_iv_a",66512.8,-0.328217
"cg_iv_a",66512.8,-1.05309
"cg_iv_a",66512.8,-1.19807
"cg_iv_a",66512.8,-1.19807
"cg_iv_a",66512.9,-1.08934
"cg_iv_a",66512.9,-1.3068
"cg_iv_a",66512.9,-0.690655
"cg_iv_a",66512.9,-1.19807
"cg_iv_a",66512.9,-1.12558
"cg_iv_a",66512.9,-1.74173
"cg_iv_a",66512.9,-0.980606
"cg_iv_a",66512.9,-1.23431
"cg_iv_a",66512.9,-1.01685
"cg_iv_a",66512.9,-0.908118
"cg_iv_a",66513,-0.364461
"cg_iv_a",66513,-0.944362
"cg_iv_a",66513,-0.726899
"cg_iv_a",66513,-1.48802
"cg_iv_a",66513,-1.8867
"cg_iv_a",66513,-2.17665
"cg_iv_a",66513,-0.799387
"cg_iv_a",66513,-0.690655
"cg_iv_a",66513,-1.16182
"cg_iv_a",66513,-0.690655
"cg_iv_a",66513.1,-1.66924
"cg_iv_a",66513.1,-0.726899
"cg_iv_a",66513.1,-1.27056
"cg_iv_a",66513.1,-0.871874
"cg_iv_a",66513.1,-1.16182
"cg_iv_a",66513.1,-1.12558
"cg_iv_a",66513.1,-0.581923
"cg_iv_a",66513.1,-0.980606
"cg_iv_a",66513.1,-1.16182
"cg_iv_a",66513.1,-1.48802
"cg_iv_a",66513.2,-1.27056
"cg_iv_a",66513.2,-1.48802
"cg_iv_a",66513.2,-1.77797
"cg_iv_a",66513.2,-0.291973
"cg_iv_a",66513.2,-1.52426
"cg_iv_a",66513.2,-0.618167
"cg_iv_a",66513.2,-0.871874
"cg_iv_a",66513.2,-0.654411
"cg_iv_a",66513.2,-0.618167
"cg_iv_a",66513.2,-0.799387
"cg_iv_a",66513.2,-1.05309
"cg_iv_a",66513.3,-0.980606
"cg_iv_a",66513.3,-1.08934
"cg_iv_a",66513.3,-0.726899
"cg_iv_a",66513.3,-1.08934
"cg_iv_a",66513.3,-0.690655
"cg_iv_a",66513.3,-0.871874
"cg_iv_a",66513.3,-1.01685
"cg_iv_a",66513.3,-0.436948
"cg_iv_a",66513.3,-1.05309
"cg_iv_a",66513.4,-1.05309
"cg_iv_a",66513.4,-0.291973
"cg_iv_a",66513.4,-1.01685
"cg_iv_a",66513.4,-1.66924
"cg_iv_a",66513.4,-0.944362
"cg_iv_a",66513.4,-1.08934
"cg_iv_a",66513.4,-1.08934
"cg_iv_a",66513.4,-0.908118
"cg_iv_a",66513.4,-1.01685
"cg_iv_a",66513.4,-0.799387
"cg_iv_a",66513.5,-0.871874
"cg_iv_a",66513.5,-0.183241
"cg_iv_a",66513.5,-0.799387
"cg_iv_a",66513.5,-0.36446
"cg_iv_a",66513.5,-1.27056
"cg_iv_a",66513.5,-1.08934
"cg_iv_a",66513.5,-1.37929
"cg_iv_a",66513.5,-0.871874
"cg_iv_a",66513.5,0.0704656
"cg_iv_a",66513.5,-0.980606
"cg_iv_a",66513.6,-0.871874
"cg_iv_a",66513.6,-0.908118
"cg_iv_a",66513.6,-1.08934
"cg_iv_a",66513.6,-0.726899
"cg_iv_a",66513.6,-0.980606
"cg_iv_a",66513.6,-0.436948
"cg_iv_a",66513.6,0.0704656
"cg_iv_a",66513.6,-0.799387
"cg_iv_a",66513.6,-1.81421
"cg_iv_a",66513.6,-0.871874
"cg_iv_a",66513.7,-0.83563
"cg_iv_a",66513.7,-1.45178
"cg_iv_a",66513.7,-0.944362
"cg_iv_a",66513.7,-1.63299
"cg_iv_a",66513.7,-0.799387
"cg_iv_a",66513.7,-0.618167
"cg_iv_a",66513.7,-1.16182
"cg_iv_a",66513.7,-0.83563
"cg_iv_a",66513.7,-0.871874
"cg_iv_a",66513.8,-1.08934
"cg_iv_a",66513.8,-1.12558
"cg_iv_a",66513.8,-1.05309
"cg_iv_a",66513.8,-1.41553
"cg_iv_a",66513.8,-2.2129
"cg_iv_a",66513.8,-0.618167
"cg_iv_a",66513.8,-0.763143
"cg_iv_a",66513.8,-1.27056
"cg_iv_a",66513.8,-0.908118
"cg_iv_a",66513.8,-1.19807
"cg_iv_a",66513.8,-0.908118
"cg_iv_a",66513.9,-0.763143
"cg_iv_a",66513.9,-1.45178
"cg_iv_a",66513.9,-1.01685
"cg_iv_a",66513.9,-1.95919
"cg_iv_a",66513.9,-0.54568
"cg_iv_a",66513.9,-1.19807
"cg_iv_a",66513.9,-0.654411
"cg_iv_a",66513.9,-0.400704
"cg_iv_a",66513.9,-0.980606
"cg_iv_a",66513.9,-0.473192
"cg_iv_a",66514,-0.219485
"cg_iv_a",66514,-1.27056
"cg_iv_a",66514,-0.83563
"cg_iv_a",66514,-1.01685
"cg_iv_a",66514,-0.255729
"cg_iv_a",66514,-0.654411
"cg_iv_a",66514,-1.05309
"cg_iv_a",66514,-1.08934
"cg_iv_a",66514,-0.581923
"cg_iv_a",66514,-0.654411
"cg_iv_a",66514.1,-0.255729
"cg_iv_a",66514.1,0.0704656
"cg_iv_a",66514.1,-0.581923
"cg_iv_a",66514.1,-0.726899
"cg_iv_a",66514.1,-0.690655
"cg_iv_a",66514.1,-1.3068
"cg_iv_a",66514.1,-0.400705
"cg_iw_a",66509.1,-0.0896683
"cg_iw_a",66509.1,0.27277
"cg_iw_a",66509.1,0.74394
"cg_iw_a",66509.2,-0.0896683
"cg_iw_a",66509.2,0.671452
"cg_iw_a",66509.2,0.816427
"cg_iw_a",66509.2,0.453989
"cg_iw_a",66509.2,-0.488351
"cg_iw_a",66509.2,-0.0896683
"cg_iw_a",66509.2,0.0915508
"cg_iw_a",66509.2,0.671452
"cg_iw_a",66509.2,0.345258
"cg_iw_a",66509.2,0.345258
"cg_iw_a",66509.3,0.345258
"cg_iw_a",66509.3,0.816427
"cg_iw_a",66509.3,0.309014
"cg_iw_a",66509.3,-0.705813
"cg_iw_a",66509.3,0.453989
"cg_iw_a",66509.3,0.453989
"cg_iw_a",66509.3,0.671452
"cg_iw_a",66509.3,0.816427
"cg_iw_a",66509.3,0.127795
"cg_iw_a",66509.4,-0.0171804
"cg_iw_a",66509.4,0.598964
"cg_iw_a",66509.4,0.0190632
"cg_iw_a",66509.4,0.381502
"cg_iw_a",66509.4,0.200283
"cg_iw_a",66509.4,0.27277
"cg_iw_a",66509.4,-0.0534244
"cg_iw_a",66509.4,-0.0896683
"cg_iw_a",66509.4,-0.48835
"cg_iw_a",66509.4,0.381502
"cg_iw_a",66509.5,0.0915511
"cg_iw_a",66509.5,0.598964
"cg_iw_a",66509.5,-0.379619
"cg_iw_a",66509.5,-0.0171807
"cg_iw_a",66509.5,0.490233
"cg_iw_a",66509.5,0.417746
"cg_iw_a",66509.5,0.309014
"cg_iw_a",66509.5,-0.0171804
"cg_iw_a",66509.5,0.526477
"cg_iw_a",66509.5,1.39633
"cg_iw_a",66509.6,0.309014
"cg_iw_a",66509.6,0.526477
"cg_iw_a",66509.6,0.27277
"cg_iw_a",66509.6,0.0915508
"cg_iw_a",66509.6,0.164038
"cg_iw_a",66509.6,-0.125912
"cg_iw_a",66509.6,0.671452
"cg_iw_a",66509.6,0.381502
"cg_iw_a",66509.6,0.0190632
"cg_iw_a",66509.6,0.127795
"cg_iw_a",66509.7,0.0915508
"cg_iw_a",66509.7,0.27277
"cg_iw_a",66509.7,0.816427
"cg_iw_a",66509.7,0.417745
"cg_iw_a",66509.7,-0.270887
"cg_iw_a",66509.7,-0.379619
"cg_iw_a",66509.7,-0.162156
"cg_iw_a",66509.7,0.164039
"cg_iw_a",66509.7,0.345258
"cg_iw_a",66509.7,0.453989
"cg_iw_a",66509.8,-0.0171807
"cg_iw_a",66509.8,-0.1984
"cg_iw_a",66509.8,0.236526
"cg_iw_a",66509.8,0.0553071
"cg_iw_a",66509.8,0.0915508
"cg_iw_a",66509.8,1.61379
"cg_iw_a",66509.8,-0.0896683
"cg_iw_a",66509.8,0.816428
"cg_iw_a",66509.8,0.200283
"cg_iw_a",66509.8,0.0915511
"cg_iw_a",66509.9,0.0915511
"cg_iw_a",66509.9,-0.0171807
"cg_iw_a",66509.9,0.0915511
"cg_iw_a",66509.9,-0.307131
"cg_iw_a",66509.9,-0.0896683
"cg_iw_a",66509.9,0.598965
"cg_iw_a",66509.9,0.164039
"cg_iw_a",66509.9,-0.125912
"cg_iw_a",66509.9,1.10638
"cg_iw_a",66509.9,0.200283
"cg_iw_a",66510,0.200282
"cg_iw_a",66510,-0.125912
"cg_iw_a",66510,0.74394
"cg_iw_a",66510,-0.0171807
"cg_iw_a",66510,-0.162156
"cg_iw_a",66510,0.27277
"cg_iw_a",66510,0.417745
"cg_iw_a",66510,0.127795
"cg_iw_a",66510,-0.0896683
"cg_iw_a",66510,0.309014
"cg_iw_a",66510.1,0.526477
"cg_iw_a",66510.1,0.27277
"cg_iw_a",66510.1,0.0553069
"cg_iw_a",66510.1,-0.0171804
"cg_iw_a",66510.1,1.21511
"cg_iw_a",66510.1,-0.379619
"cg_iw_a",66510.1,-0.307131
"cg_iw_a",66510.1,0.417746
"cg_iw_a",66510.1,0.0190632
"cg_iw_a",66510.1,-0.0534246
"cg_iw_a",66510.1,0.164039
"cg_iw_a",66510.2,0.309014
"cg_iw_a",66510.2,0.74394
"cg_iw_a",66510.2,0.345258
"cg_iw_a",66510.2,-0.0534244
"cg_iw_a",66510.2,-0.125912
"cg_iw_a",66510.2,0.200283
"cg_iw_a",66510.2,-0.0534244
"cg_iw_a",66510.2,0.345258
"cg_iw_a",66510.2,0.888915
"cg_iw_a",66510.2,0.0915511
"cg_iw_a",66510.3,0.598965
"cg_iw_a",66510.3,0.236526
"cg_iw_a",66510.3,0.0915508
"cg_iw_a",66510.3,0.0553069
"cg_iw_a",66510.3,0.526477
"cg_iw_a",66510.3,0.598965
"cg_iw_a",66510.3,0.381501
"cg_iw_a",66510.3,0.200282
"cg_iw_a",66510.3,0.127795
"cg_iw_a",66510.4,0.526477
"cg_iw_a",66510.4,0.453989
"cg_iw_a",66510.4,0.417746
"cg_iw_a",66510.4,0.562721
"cg_iw_a",66510.4,0.888915
"cg_iw_a",66510.4,0.381502
"cg_iw_a",66510.4,-0.923276
"cg_iw_a",66510.4,-0.0534246
"cg_iw_a",66510.4,0.236526
"cg_iw_a",66510.4,-0.162156
"cg_iw_a",66510.5,-0.1984
"cg_iw_a",66510.5,0.816427
"cg_iw_a",66510.5,0.671452
"cg_iw_a",66510.5,0.598964
"cg_iw_a",66510.5,0.381502
"cg_iw_a",66510.5,0.0553069
"cg_iw_a",66510.5,0.0915508
"cg_iw_a",66510.5,0.200283
"cg_iw_a",66510.5,-1.21323
"cg_iw_a",66510.5,1.14262
"cg_iw_a",66510.6,1.39633
"cg_iw_a",66510.6,0.345258
"cg_iw_a",66510.6,0.0915508
"cg_iw_a",66510.6,0.707696
"cg_iw_a",66510.6,-0.524594
"cg_iw_a",66510.6,0.707696
"cg_iw_a",66510.6,0.200282
"cg_iw_a",66510.6,0.127795
"cg_iw_a",66510.6,0.490233
"cg_iw_a",66510.6,0.526477
"cg_iw_a",66510.7,-0.0534244
"cg_iw_a",66510.7,0.309014
"cg_iw_a",66510.7,0.562721
"cg_iw_a",66510.7,-0.234644
"cg_iw_a",66510.7,0.27277
"cg_iw_a",66510.7,0.236526
"cg_iw_a",66510.7,0.127795
"cg_iw_a",66510.7,1.03389
"cg_iw_a",66510.7,0.961403
"cg_iw_a",66510.8,0.0190632
"cg_iw_a",66510.8,-0.0896683
"cg_iw_a",66510.8,0.0190632
"cg_iw_a",66510.8,0.598965
"cg_iw_a",66510.8,0.345258
"cg_iw_a",66510.8,0.236526
"cg_iw_a",66510.8,0.309014
"cg_iw_a",66510.8,-0.0171807
"cg_iw_a",66510.8,0.888915
"cg_iw_a",66510.8,-0.270887
"cg_iw_a",66510.9,0.598965
"cg_iw_a",66510.9,0.417745
"cg_iw_a",66510.9,0.780184
"cg_iw_a",66510.9,0.707696
"cg_iw_a",66510.9,0.236526
"cg_iw_a",66510.9,0.852671
"cg_iw_a",66510.9,0.309014
"cg_iw_a",66510.9,0.236526
"cg_iw_a",66510.9,-0.1984
"cg_iw_a",66510.9,0.490233
"cg_iw_a",66510.9,-0.343375
"cg_iw_a",66511,0.27277
"cg_iw_a",66511,-1.17698
"cg_iw_a",66511,0.164039
"cg_iw_a",66511,-0.1984
"cg_iw_a",66511,0.671452
"cg_iw_a",66511,-0.234644
"cg_iw_a",66511,0.0553071
"cg_iw_a",66511,0.200282
"cg_iw_a",66511,0.27277
"cg_iw_a",66511,0.562721
"cg_iw_a",66511.1,-0.0896683
"cg_iw_a",66511.1,0.236526
"cg_iw_a",66511.1,-0.0534246
"cg_iw_a",66511.1,0.925159
"cg_iw_a",66511.1,0.0190632
"cg_iw_a",66511.1,0.562721
"cg_iw_a",66511.1,-0.1984
"cg_iw_a",66511.1,0.526477
"cg_iw_a",66511.1,-0.379619
"cg_iw_a",66511.1,-0.0534244
"cg_iw_a",66511.2,-0.125912
"cg_iw_a",66511.2,-0.234644
"cg_iw_a",66511.2,-0.0534244
"cg_iw_a",66511.2,-0.125912
"cg_iw_a",66511.2,0.127795
"cg_iw_a",66511.2,-0.1984
"cg_iw_a",66511.2,-0.343375
"cg_iw_a",66511.2,-0.307131
"cg_iw_a",66511.2,0.635208
"cg_iw_a",66511.2,0.236526
"cg_iw_a",66511.3,-0.0171807
"cg_iw_a",66511.3,1.14262
"cg_iw_a",66511.3,0.27277
"cg_iw_a",66511.3,0.127795
"cg_iw_a",66511.3,0.164039
"cg_iw_a",66511.3,-0.0171807
"cg_iw_a",66511.3,0.490233
"cg_iw_a",66511.3,0.0553071
"cg_iw_a",66511.3,0.490233
"cg_iw_a",66511.3,0.562721
"cg_iw_a",66511.4,0.236526
"cg_iw_a",66511.4,0.236526
"cg_iw_a",66511.4,0.236526
"cg_iw_a",66511.4,-0.0171804
"cg_iw_a",66511.4,0.127795
"cg_iw_a",66511.4,0.27277
"cg_iw_a",66511.4,0.562721
"cg_iw_a",66511.4,0.127795
"cg_iw_a",66511.4,0.0190632
"cg_iw_a",66511.4,0.381502
"cg_iw_a",66511.5,-0.0896683
"cg_iw_a",66511.5,0.0190632
"cg_iw_a",66511.5,-0.162156
"cg_iw_a",66511.5,0.0915508
"cg_iw_a",66511.5,1.61379
"cg_iw_a",66511.5,-0.0171807
"cg_iw_a",66511.5,0.345258
"cg_iw_a",66511.5,0.200283
"cg_iw_a",66511.5,0.0915508
"cg_iw_a",66511.5,1.10638
"cg_iw_a",66511.6,1.03389
"cg_iw_a",66511.6,0.345258
"cg_iw_a",66511.6,0.453989
"cg_iw_a",66511.6,0.236526
"cg_iw_a",66511.6,-0.0171807
"cg_iw_a",66511.6,-0.0171807
"cg_iw_a",66511.6,0.671452
"cg_iw_a",66511.6,0.27277
"cg_iw_a",66511.6,0.490233
"cg_iw_a",66511.6,-0.0171804
"cg_iw_a",66511.7,0.0553071
"cg_iw_a",66511.7,-0.995764
"cg_iw_a",66511.7,-0.0896683
"cg_iw_a",66511.7,0.925159
"cg_iw_a",66511.7,0.345258
"cg_iw_a",66511.7,0.526477
"cg_iw_a",66511.7,0.635208
"cg_iw_a",66511.7,-0.162156
"cg_iw_a",66511.7,0.200283
"cg_iw_a",66511.8,0.74394
"cg_iw_a",66511.8,0.200283
"cg_iw_a",66511.8,0.852671
"cg_iw_a",66511.8,0.0553071
"cg_iw_a",66511.8,0.164039
"cg_iw_a",66511.8,0.164039
"cg_iw_a",66511.8,0.490233
"cg_iw_a",66511.8,0.200282
"cg_iw_a",66511.8,0.0553071
"cg_iw_a",66511.8,0.417746
"cg_iw_a",66511.9,0.0190632
"cg_iw_a",66511.9,0.236526
"cg_iw_a",66511.9,0.526477
"cg_iw_a",66511.9,0.961403
"cg_iw_a",66511.9,0.127795
"cg_iw_a",66511.9,-0.125912
"cg_iw_a",66511.9,0.0915508
"cg_iw_a",66511.9,0.381501
"cg_iw_a",66511.9,-0.379619
"cg_iw_a",66511.9,0.27277
"cg_iw_a",66512,0.236526
"cg_iw_a",66512,0.707696
"cg_iw_a",66512,0.635208
"cg_iw_a",66512,0.997647
"cg_iw_a",66512,0.0915508
"cg_iw_a",66512,0.671452
"cg_iw_a",66512,-0.234644
"cg_iw_a",66512,0.598965
"cg_iw_a",66512,0.562721
"cg_iw_a",66512,0.598964
"cg_iw_a",66512.1,0.635208
"cg_iw_a",66512.1,0.27277
"cg_iw_a",66512.1,0.345258
"cg_iw_a",66512.1,0.0915511
"cg_iw_a",66512.1,-0.0171807
"cg_iw_a",66512.1,1.25135
"cg_iw_a",66512.1,0.598965
"cg_iw_a",66512.1,-0.633326
"cg_iw_a",66512.1,0.381501
"cg_iw_a",66512.1,0.27277
"cg_iw_a",66512.1,0.200283
"cg_iw_a",66512.2,0.309014
"cg_iw_a",66512.2,-0.162156
"cg_iw_a",66512.2,0.0915511
"cg_iw_a",66512.2,0.309014
"cg_iw_a",66512.2,0.671452
"cg_iw_a",66512.2,0.417746
"cg_iw_a",66512.2,0.0190632
"cg_iw_a",66512.2,0.200282
"cg_iw_a",66512.2,-0.270887
"cg_iw_a",66512.2,0.200282
"cg_iw_a",66512.3,0.0915508
"cg_iw_a",66512.3,0.200282
"cg_iw_a",66512.3,0.345258
"cg_iw_a",66512.3,1.21511
"cg_iw_a",66512.3,-0.0534246
"cg_iw_a",66512.3,0.490233
"cg_iw_a",66512.3,0.598964
"cg_iw_a",66512.3,0.345258
"cg_iw_a",66512.3,-0.0171807
"cg_iw_a",66512.4,-1.90186
"cg_iw_a",66512.4,-0.524594
"cg_iw_a",66512.4,0.345258
"cg_iw_a",66512.4,-0.125912
"cg_iw_a",66512.4,-0.1984
"cg_iw_a",66512.4,0.453989
"cg_iw_a",66512.4,-0.307131
"cg_iw_a",66512.4,0.526477
"cg_iw_a",66512.4,-0.48835
"cg_iw_a",66512.4,0.381501
"cg_iw_a",66512.5,-0.162156
"cg_iw_a",66512.5,0.0190632
"cg_iw_a",66512.5,-0.162156
"cg_iw_a",66512.5,0.0190632
"cg_iw_a",66512.5,0.345258
"cg_iw_a",66512.5,0.562721
"cg_iw_a",66512.5,0.345258
"cg_iw_a",66512.5,0.0915511
"cg_iw_a",66512.5,-0.234644
"cg_iw_a",66512.5,0.381502
"cg_iw_a",66512.6,-0.270888
"cg_iw_a",66512.6,0.888915
"cg_iw_a",66512.6,0.164039
"cg_iw_a",66512.6,0.381502
"cg_iw_a",66512.6,-0.162156
"cg_iw_a",66512.6,0.236526
"cg_iw_a",66512.6,0.309014
"cg_iw_a",66512.6,-0.0896683
"cg_iw_a",66512.6,0.417745
"cg_iw_a",66512.6,0.345258
"cg_iw_a",66512.6,0.236526
"cg_iw_a",66512.7,-0.415863
"cg_iw_a",66512.7,0.888915
"cg_iw_a",66512.7,0.635208
"cg_iw_a",66512.7,0.309014
"cg_iw_a",66512.7,0.309014
"cg_iw_a",66512.7,0.236526
"cg_iw_a",66512.7,0.74394
"cg_iw_a",66512.7,-0.0171804
"cg_iw_a",66512.7,0.453989
"cg_iw_a",66512.8,0.490233
"cg_iw_a",66512.8,0.345258
"cg_iw_a",66512.8,1.36009
"cg_iw_a",66512.8,0.381502
"cg_iw_a",66512.8,0.671452
"cg_iw_a",66512.8,-0.125912
"cg_iw_a",66512.8,0.345258
"cg_iw_a",66512.8,0.417745
"cg_iw_a",66512.8,0.309014
"cg_iw_a",66512.8,0.345258
"cg_iw_a",66512.9,-0.234644
"cg_iw_a",66512.9,-0.343375
"cg_iw_a",66512.9,0.127795
"cg_iw_a",66512.9,0.780184
"cg_iw_a",66512.9,-1.3582
"cg_iw_a",66512.9,0.055307
"cg_iw_a",66512.9,0.816428
"cg_iw_a",66512.9,0.164039
"cg_iw_a",66512.9,-0.162156
"cg_iw_a",66512.9,0.345258
"cg_iw_a",66513,0.453989
"cg_iw_a",66513,0.417746
"cg_iw_a",66513,1.07013
"cg_iw_a",66513,1.14262
"cg_iw_a",66513,-0.125912
"cg_iw_a",66513,0.707696
"cg_iw_a",66513,0.526477
"cg_iw_a",66513,-0.66957
"cg_iw_a",66513,0.925159
"cg_iw_a",66513,0.453989
"cg_iw_a",66513.1,-0.0534246
"cg_iw_a",66513.1,0.453989
"cg_iw_a",66513.1,0.127795
"cg_iw_a",66513.1,0.381502
"cg_iw_a",66513.1,0.27277
"cg_iw_a",66513.1,0.417746
"cg_iw_a",66513.1,0.453989
"cg_iw_a",66513.1,0.562721
"cg_iw_a",66513.1,-0.0171804
"cg_iw_a",66513.1,-0.343375
"cg_iw_a",66513.2,-0.379619
"cg_iw_a",66513.2,0.27277
"cg_iw_a",66513.2,0.164039
"cg_iw_a",66513.2,0.0553071
"cg_iw_a",66513.2,0.635208
"cg_iw_a",66513.2,-0.379619
"cg_iw_a",66513.2,0.345258
"cg_iw_a",66513.2,0.236526
"cg_iw_a",66513.2,0.345258
"cg_iw_a",66513.2,0.598965
"cg_iw_a",66513.2,-0.379619
"cg_iw_a",66513.3,-0.0534244
"cg_iw_a",66513.3,-0.0534244
"cg_iw_a",66513.3,0.598965
"cg_iw_a",66513.3,0.200282
"cg_iw_a",66513.3,0.0915508
"cg_iw_a",66513.3,1.25135
"cg_iw_a",66513.3,0.200283
"cg_iw_a",66513.3,0.417745
"cg_iw_a",66513.3,0.200282
"cg_iw_a",66513.4,1.21511
"cg_iw_a",66513.4,0.490233
"cg_iw_a",66513.4,-0.0896683
"cg_iw_a",66513.4,0.0190632
"cg_iw_a",66513.4,0.453989
"cg_iw_a",66513.4,0.562721
"cg_iw_a",66513.4,0.381501
"cg_iw_a",66513.4,0.635209
"cg_iw_a",66513.4,0.27277
"cg_iw_a",66513.4,0.381502
"cg_iw_a",66513.5,0.526477
"cg_iw_a",66513.5,0.671452
"cg_iw_a",66513.5,0.200282
"cg_iw_a",66513.5,-0.379619
"cg_iw_a",66513.5,-0.234644
"cg_iw_a",66513.5,-0.633326
"cg_iw_a",66513.5,0.27277
"cg_iw_a",66513.5,0.27277
"cg_iw_a",66513.5,0.0553071
"cg_iw_a",66513.5,0.381502
"cg_iw_a",66513.6,0.0190632
"cg_iw_a",66513.6,-0.995764
"cg_iw_a",66513.6,0.200282
"cg_iw_a",66513.6,0.74394
"cg_iw_a",66513.6,-0.0534244
"cg_iw_a",66513.6,0.200283
"cg_iw_a",66513.6,0.997647
"cg_iw_a",66513.6,0.27277
"cg_iw_a",66513.6,0.0553071
"cg_iw_a",66513.6,0.164039
"cg_iw_a",66513.7,0.453989
"cg_iw_a",66513.7,1.14262
"cg_iw_a",66513.7,0.635208
"cg_iw_a",66513.7,0.417745
"cg_iw_a",66513.7,0.453989
"cg_iw_a",66513.7,-0.343375
"cg_iw_a",66513.7,-0.415863
"cg_iw_a",66513.7,0.526477
"cg_iw_a",66513.7,-0.125912
"cg_iw_a",66513.8,0.381502
"cg_iw_a",66513.8,0.200282
"cg_iw_a",66513.8,-0.524594
"cg_iw_a",66513.8,0.164039
"cg_iw_a",66513.8,-0.0896683
"cg_iw_a",66513.8,0.345258
"cg_iw_a",66513.8,-0.0534244
"cg_iw_a",66513.8,-0.307131
"cg_iw_a",66513.8,0.200282
"cg_iw_a",66513.8,0.598965
"cg_iw_a",66513.8,0.598965
"cg_iw_a",66513.9,0.200283
"cg_iw_a",66513.9,0.236526
"cg_iw_a",66513.9,0.562721
"cg_iw_a",66513.9,0.200282
"cg_iw_a",66513.9,0.236526
"cg_iw_a",66513.9,0.127795
"cg_iw_a",66513.9,0.598965
"cg_iw_a",66513.9,0.0915508
"cg_iw_a",66513.9,0.671452
"cg_iw_a",66513.9,1.03389
"cg_iw_a",66514,1.75877
"cg_iw_a",66514,0.671452
"cg_iw_a",66514,0.417745
"cg_iw_a",66514,0.74394
"cg_iw_a",66514,0.345258
"cg_iw_a",66514,0.0190632
"cg_iw_a",66514,0.345258
"cg_iw_a",66514,0.417745
"cg_iw_a",66514,1.83125
"cg_iw_a",66514,0.164038
"cg_iw_a",66514.1,0.345258
"cg_iw_a",66514.1,0.27277
"cg_iw_a",66514.1,0.635208
"cg_iw_a",66514.1,1.21511
"cg_iw_a",66514.1,0.345258
"cg_iw_a",66514.1,2.41116
"cg_iw_a",66514.1,-0.0534244
"cg_iw_a",66514.1,-1.3582
"cg_iw_a",66514.1,0.27277
"pwm_moe",66509.2,0
"pwm_moe",66509.2,0
"pwm_moe",66509.2,0
"pwm_moe",66509.2,0
"pwm_moe",66509.2,0
"pwm_moe",66509.2,0
"pwm_moe",66509.2,0
"pwm_moe",66509.2,0
"pwm_moe",66509.2,0
"pwm_moe",66509.3,0
"pwm_moe",66509.3,0
"pwm_moe",66509.3,0
"pwm_moe",66509.3,0
"pwm_moe",66509.3,0
"pwm_moe",66509.3,0
"pwm_moe",66509.3,0
"pwm_moe",66509.3,0
"pwm_moe",66509.3,0
"pwm_moe",66509.4,0
"pwm_moe",66509.4,0
"pwm_moe",66509.4,0
"pwm_moe",66509.4,0
"pwm_moe",66509.4,0
"pwm_moe",66509.4,0
"pwm_moe",66509.4,0
"pwm_moe",66509.4,0
"pwm_moe",66509.4,0
"pwm_moe",66509.4,0
"pwm_moe",66509.5,0
"pwm_moe",66509.5,0
"pwm_moe",66509.5,0
"pwm_moe",66509.5,0
"pwm_moe",66509.5,0
"pwm_moe",66509.5,0
"pwm_moe",66509.5,0
"pwm_moe",66509.5,0
"pwm_moe",66509.5,0
"pwm_moe",66509.5,0
"pwm_moe",66509.6,0
"pwm_moe",66509.6,0
"pwm_moe",66509.6,0
"pwm_moe",66509.6,0
"pwm_moe",66509.6,0
"pwm_moe",66509.6,0
"pwm_moe",66509.6,0
"pwm_moe",66509.6,0
"pwm_moe",66509.6,0
"pwm_moe",66509.6,0
"pwm_moe",66509.7,0
"pwm_moe",66509.7,0
"pwm_moe",66509.7,0
"pwm_moe",66509.7,0
"pwm_moe",66509.7,0
"pwm_moe",66509.7,0
"pwm_moe",66509.7,0
"pwm_moe",66509.7,0
"pwm_moe",66509.7,0
"pwm_moe",66509.7,0
"pwm_moe",66509.8,0
"pwm_moe",66509.8,0
"pwm_moe",66509.8,0
"pwm_moe",66509.8,0
"pwm_moe",66509.8,0
"pwm_moe",66509.8,0
"pwm_moe",66509.8,0
"pwm_moe",66509.8,0
"pwm_moe",66509.8,0
"pwm_moe",66509.8,0
"pwm_moe",66509.9,0
"pwm_moe",66509.9,0
"pwm_moe",66509.9,0
"pwm_moe",66509.9,0
"pwm_moe",66509.9,0
"pwm_moe",66509.9,0
"pwm_moe",66509.9,0
"pwm_moe",66509.9,0
"pwm_moe",66509.9,0
"pwm_moe",66509.9,0
"pwm_moe",66510,0
"pwm_moe",66510,0
"pwm_moe",66510,0
"pwm_moe",66510,0
"pwm_moe",66510,0
"pwm_moe",66510,0
"pwm_moe",66510,0
"pwm_moe",66510,0
"pwm_moe",66510,0
"pwm_moe",66510,0
"pwm_moe",66510.1,0
"pwm_moe",66510.1,0
"pwm_moe",66510.1,0
"pwm_moe",66510.1,0
"pwm_moe",66510.1,0
"pwm_moe",66510.1,0
"pwm_moe",66510.1,0
"pwm_moe",66510.1,0
"pwm_moe",66510.1,0
"pwm_moe",66510.1,0
"pwm_moe",66510.1,0
"pwm_moe",66510.2,0
"pwm_moe",66510.2,0
"pwm_moe",66510.2,0
"pwm_moe",66510.2,0
"pwm_moe",66510.2,0
"pwm_moe",66510.2,0
"pwm_moe",66510.2,0
"pwm_moe",66510.2,0
"pwm_moe",66510.2,0
"pwm_moe",66510.2,0
"pwm_moe",66510.3,0
"pwm_moe",66510.3,0
"pwm_moe",66510.3,0
"pwm_moe",66510.3,0
"pwm_moe",66510.3,0
"pwm_moe",66510.3,0
"pwm_moe",66510.3,0
"pwm_moe",66510.3,0
"pwm_moe",66510.3,0
"pwm_moe",66510.4,0
"pwm_moe",66510.4,0
"pwm_moe",66510.4,0
"pwm_moe",66510.4,0
"pwm_moe",66510.4,0
"pwm_moe",66510.4,0
"pwm_moe",66510.4,0
"pwm_moe",66510.4,0
"pwm_moe",66510.4,0
"pwm_moe",66510.4,0
"pwm_moe",66510.5,0
"pwm_moe",66510.5,0
"pwm_moe",66510.5,0
"pwm_moe",66510.5,0
"pwm_moe",66510.5,0
"pwm_moe",66510.5,0
"pwm_moe",66510.5,0
"pwm_moe",66510.5,0
"pwm_moe",66510.5,0
"pwm_moe",66510.5,0
"pwm_moe",66510.6,0
"pwm_moe",66510.6,0
"pwm_moe",66510.6,0
"pwm_moe",66510.6,0
"pwm_moe",66510.6,0
"pwm_moe",66510.6,0
"pwm_moe",66510.6,0
"pwm_moe",66510.6,0
"pwm_moe",66510.6,0
"pwm_moe",66510.6,0
"pwm_moe",66510.7,0
"pwm_moe",66510.7,0
"pwm_moe",66510.7,0
"pwm_moe",66510.7,0
"pwm_moe",66510.7,0
"pwm_moe",66510.7,0
"pwm_moe",66510.7,0
"pwm_moe",66510.7,0
"pwm_moe",66510.7,0
"pwm_moe",66510.8,0
"pwm_moe",66510.8,0
"pwm_moe",66510.8,0
"pwm_moe",66510.8,0
"pwm_moe",66510.8,0
"pwm_moe",66510.8,0
"pwm_moe",66510.8,0
"pwm_moe",66510.8,0
"pwm_moe",66510.8,0
"pwm_moe",66510.8,0
"pwm_moe",66510.9,0
"pwm_moe",66510.9,0
"pwm_moe",66510.9,0
"pwm_moe",66510.9,0
"pwm_moe",66510.9,0
"pwm_moe",66510.9,0
"pwm_moe",66510.9,0
"pwm_moe",66510.9,0
"pwm_moe",66510.9,0
"pwm_moe",66510.9,0
"pwm_moe",66510.9,0
"pwm_moe",66511,0
"pwm_moe",66511,0
"pwm_moe",66511,0
"pwm_moe",66511,0
"pwm_moe",66511,0
"pwm_moe",66511,0
"pwm_moe",66511,0
"pwm_moe",66511,0
"pwm_moe",66511,0
"pwm_moe",66511,0
"pwm_moe",66511.1,0
"pwm_moe",66511.1,0
"pwm_moe",66511.1,0
"pwm_moe",66511.1,0
"pwm_moe",66511.1,0
"pwm_moe",66511.1,0
"pwm_moe",66511.1,0
"pwm_moe",66511.1,0
"pwm_moe",66511.1,0
"pwm_moe",66511.1,0
"pwm_moe",66511.2,0
"pwm_moe",66511.2,0
"pwm_moe",66511.2,0
"pwm_moe",66511.2,0
"pwm_moe",66511.2,0
"pwm_moe",66511.2,0
"pwm_moe",66511.2,0
"pwm_moe",66511.2,0
"pwm_moe",66511.2,0
"pwm_moe",66511.2,0
"pwm_moe",66511.3,0
"pwm_moe",66511.3,0
"pwm_moe",66511.3,0
"pwm_moe",66511.3,0
"pwm_moe",66511.3,0
"pwm_moe",66511.3,0
"pwm_moe",66511.3,0
"pwm_moe",66511.3,0
"pwm_moe",66511.3,0
"pwm_moe",66511.3,0
"pwm_moe",66511.4,0
"pwm_moe",66511.4,0
"pwm_moe",66511.4,0
"pwm_moe",66511.4,0
"pwm_moe",66511.4,0
"pwm_moe",66511.4,0
"pwm_moe",66511.4,0
"pwm_moe",66511.4,0
"pwm_moe",66511.4,0
"pwm_moe",66511.4,0
"pwm_moe",66511.5,0
"pwm_moe",66511.5,0
"pwm_moe",66511.5,0
"pwm_moe",66511.5,0
"pwm_moe",66511.5,0
"pwm_moe",66511.5,0
"pwm_moe",66511.5,0
"pwm_moe",66511.5,0
"pwm_moe",66511.5,0
"pwm_moe",66511.5,0
"pwm_moe",66511.6,0
"pwm_moe",66511.6,0
"pwm_moe",66511.6,0
"pwm_moe",66511.6,0
"pwm_moe",66511.6,0
"pwm_moe",66511.6,0
"pwm_moe",66511.6,0
"pwm_moe",66511.6,0
"pwm_moe",66511.6,0
"pwm_moe",66511.6,0
"pwm_moe",66511.7,0
"pwm_moe",66511.7,0
"pwm_moe",66511.7,0
"pwm_moe",66511.7,0
"pwm_moe",66511.7,0
"pwm_moe",66511.7,0
"pwm_moe",66511.7,0
"pwm_moe",66511.7,0
"pwm_moe",66511.7,0
"pwm_moe",66511.8,0
"pwm_moe",66511.8,0
"pwm_moe",66511.8,0
"pwm_moe",66511.8,0
"pwm_moe",66511.8,0
"pwm_moe",66511.8,0
"pwm_moe",66511.8,0
"pwm_moe",66511.8,0
"pwm_moe",66511.8,0
"pwm_moe",66511.8,0
"pwm_moe",66511.9,0
"pwm_moe",66511.9,0
"pwm_moe",66511.9,0
"pwm_moe",66511.9,0
"pwm_moe",66511.9,0
"pwm_moe",66511.9,0
"pwm_moe",66511.9,0
"pwm_moe",66511.9,0
"pwm_moe",66511.9,0
"pwm_moe",66511.9,0
"pwm_moe",66512,0
"pwm_moe",66512,0
"pwm_moe",66512,0
"pwm_moe",66512,0
"pwm_moe",66512,0
"pwm_moe",66512,0
"pwm_moe",66512,0
"pwm_moe",66512,0
"pwm_moe",66512,0
"pwm_moe",66512,0
"pwm_moe",66512.1,0
"pwm_moe",66512.1,0
"pwm_moe",66512.1,0
"pwm_moe",66512.1,0
"pwm_moe",66512.1,0
"pwm_moe",66512.1,0
"pwm_moe",66512.1,0
"pwm_moe",66512.1,0
"pwm_moe",66512.1,0
"pwm_moe",66512.1,0
"pwm_moe",66512.1,0
"pwm_moe",66512.2,0
"pwm_moe",66512.2,0
"pwm_moe",66512.2,0
"pwm_moe",66512.2,0
"pwm_moe",66512.2,0
"pwm_moe",66512.2,0
"pwm_moe",66512.2,0
"pwm_moe",66512.2,0
"pwm_moe",66512.2,0
"pwm_moe",66512.2,0
"pwm_moe",66512.3,0
"pwm_moe",66512.3,0
"pwm_moe",66512.3,0
"pwm_moe",66512.3,0
"pwm_moe",66512.3,0
"pwm_moe",66512.3,0
"pwm_moe",66512.3,0
"pwm_moe",66512.3,0
"pwm_moe",66512.3,0
"pwm_moe",66512.4,0
"pwm_moe",66512.4,0
"pwm_moe",66512.4,0
"pwm_moe",66512.4,0
"pwm_moe",66512.4,0
"pwm_moe",66512.4,0
"pwm_moe",66512.4,0
"pwm_moe",66512.4,0
"pwm_moe",66512.4,0
"pwm_moe",66512.4,0
"pwm_moe",66512.5,0
"pwm_moe",66512.5,0
"pwm_moe",66512.5,0
"pwm_moe",66512.5,0
"pwm_moe",66512.5,0
"pwm_moe",66512.5,0
"pwm_moe",66512.5,0
"pwm_moe",66512.5,0
"pwm_moe",66512.5,0
"pwm_moe",66512.5,0
"pwm_moe",66512.6,0
"pwm_moe",66512.6,0
"pwm_moe",66512.6,0
"pwm_moe",66512.6,0
"pwm_moe",66512.6,0
"pwm_moe",66512.6,0
"pwm_moe",66512.6,0
"pwm_moe",66512.6,0
"pwm_moe",66512.6,0
"pwm_moe",66512.6,0
"pwm_moe",66512.6,0
"pwm_moe",66512.7,0
"pwm_moe",66512.7,0
"pwm_moe",66512.7,0
"pwm_moe",66512.7,0
"pwm_moe",66512.7,0
"pwm_moe",66512.7,0
"pwm_moe",66512.7,0
"pwm_moe",66512.7,0
"pwm_moe",66512.7,0
"pwm_moe",66512.8,0
"pwm_moe",66512.8,0
"pwm_moe",66512.8,0
"pwm_moe",66512.8,0
"pwm_moe",66512.8,0
"pwm_moe",66512.8,0
"pwm_moe",66512.8,0
"pwm_moe",66512.8,0
"pwm_moe",66512.8,0
"pwm_moe",66512.8,0
"pwm_moe",66512.9,0
"pwm_moe",66512.9,0
"pwm_moe",66512.9,0
"pwm_moe",66512.9,0
"pwm_moe",66512.9,0
"pwm_moe",66512.9,0
"pwm_moe",66512.9,0
"pwm_moe",66512.9,0
"pwm_moe",66512.9,0
"pwm_moe",66512.9,0
"pwm_moe",66513,0
"pwm_moe",66513,0
"pwm_moe",66513,0
"pwm_moe",66513,0
"pwm_moe",66513,0
"pwm_moe",66513,0
"pwm_moe",66513,0
"pwm_moe",66513,0
"pwm_moe",66513,0
"pwm_moe",66513,0
"pwm_moe",66513.1,0
"pwm_moe",66513.1,0
"pwm_moe",66513.1,0
"pwm_moe",66513.1,0
"pwm_moe",66513.1,0
"pwm_moe",66513.1,0
"pwm_moe",66513.1,0
"pwm_moe",66513.1,0
"pwm_moe",66513.1,0
"pwm_moe",66513.1,0
"pwm_moe",66513.2,0
"pwm_moe",66513.2,0
"pwm_moe",66513.2,0
"pwm_moe",66513.2,0
"pwm_moe",66513.2,0
"pwm_moe",66513.2,0
"pwm_moe",66513.2,0
"pwm_moe",66513.2,0
"pwm_moe",66513.2,0
"pwm_moe",66513.2,0
"pwm_moe",66513.2,0
"pwm_moe",66513.3,0
"pwm_moe",66513.3,0
"pwm_moe",66513.3,0
"pwm_moe",66513.3,0
"pwm_moe",66513.3,0
"pwm_moe",66513.3,0
"pwm_moe",66513.3,0
"pwm_moe",66513.3,0
"pwm_moe",66513.3,0
"pwm_moe",66513.4,0
"pwm_moe",66513.4,0
"pwm_moe",66513.4,0
"pwm_moe",66513.4,0
"pwm_moe",66513.4,0
"pwm_moe",66513.4,0
"pwm_moe",66513.4,0
"pwm_moe",66513.4,0
"pwm_moe",66513.4,0
"pwm_moe",66513.4,0
"pwm_moe",66513.5,0
"pwm_moe",66513.5,0
"pwm_moe",66513.5,0
"pwm_moe",66513.5,0
"pwm_moe",66513.5,0
"pwm_moe",66513.5,0
"pwm_moe",66513.5,0
"pwm_moe",66513.5,0
"pwm_moe",66513.5,0
"pwm_moe",66513.5,0
"pwm_moe",66513.6,0
"pwm_moe",66513.6,0
"pwm_moe",66513.6,0
"pwm_moe",66513.6,0
"pwm_moe",66513.6,0
"pwm_moe",66513.6,0
"pwm_moe",66513.6,0
"pwm_moe",66513.6,0
"pwm_moe",66513.6,0
"pwm_moe",66513.6,0
"pwm_moe",66513.7,0
"pwm_moe",66513.7,0
"pwm_moe",66513.7,0
"pwm_moe",66513.7,0
"pwm_moe",66513.7,0
"pwm_moe",66513.7,0
"pwm_moe",66513.7,0
"pwm_moe",66513.7,0
"pwm_moe",66513.7,0
"pwm_moe",66513.8,0
"pwm_moe",66513.8,0
"pwm_moe",66513.8,0
"pwm_moe",66513.8,0
"pwm_moe",66513.8,0
"pwm_moe",66513.8,0
"pwm_moe",66513.8,0
"pwm_moe",66513.8,0
"pwm_moe",66513.8,0
"pwm_moe",66513.8,0
"pwm_moe",66513.8,0
"pwm_moe",66513.9,0
"pwm_moe",66513.9,0
"pwm_moe",66513.9,0
"pwm_moe",66513.9,0
"pwm_moe",66513.9,0
"pwm_moe",66513.9,0
"pwm_moe",66513.9,0
"pwm_moe",66513.9,0
"pwm_moe",66513.9,0
"pwm_moe",66513.9,0
"pwm_moe",66514,0
"pwm_moe",66514,0
"pwm_moe",66514,0
"pwm_moe",66514,0
"pwm_moe",66514,0
"pwm_moe",66514,0
"pwm_moe",66514,0
"pwm_moe",66514,0
"pwm_moe",66514,0
"pwm_moe",66514,0
"pwm_moe",66514.1,0
"pwm_moe",66514.1,0
"pwm_moe",66514.1,0
"pwm_moe",66514.1,0
"pwm_moe",66514.1,0
"pwm_moe",66514.1,0
"pwm_moe",66514.1,0
"pwm_moe",66514.1,0
"pwm_moe",66514.1,0
"pwm_moe",66514.1,0
"pwm_moe",66514.2,0
"pwm_moe",66514.2,0
"pwm_moe",66514.2,0
"control_outputs_enabled",66509.2,0
"control_outputs_enabled",66509.2,0
"control_outputs_enabled",66509.2,0
"control_outputs_enabled",66509.2,0
"control_outputs_enabled",66509.2,0
"control_outputs_enabled",66509.3,0
"control_outputs_enabled",66509.3,0
"control_outputs_enabled",66509.3,0
"control_outputs_enabled",66509.3,0
"control_outputs_enabled",66509.3,0
"control_outputs_enabled",66509.3,0
"control_outputs_enabled",66509.3,0
"control_outputs_enabled",66509.3,0
"control_outputs_enabled",66509.3,0
"control_outputs_enabled",66509.4,0
"control_outputs_enabled",66509.4,0
"control_outputs_enabled",66509.4,0
"control_outputs_enabled",66509.4,0
"control_outputs_enabled",66509.4,0
"control_outputs_enabled",66509.4,0
"control_outputs_enabled",66509.4,0
"control_outputs_enabled",66509.4,0
"control_outputs_enabled",66509.4,0
"control_outputs_enabled",66509.4,0
"control_outputs_enabled",66509.5,0
"control_outputs_enabled",66509.5,0
"control_outputs_enabled",66509.5,0
"control_outputs_enabled",66509.5,0
"control_outputs_enabled",66509.5,0
"control_outputs_enabled",66509.5,0
"control_outputs_enabled",66509.5,0
"control_outputs_enabled",66509.5,0
"control_outputs_enabled",66509.5,0
"control_outputs_enabled",66509.5,0
"control_outputs_enabled",66509.6,0
"control_outputs_enabled",66509.6,0
"control_outputs_enabled",66509.6,0
"control_outputs_enabled",66509.6,0
"control_outputs_enabled",66509.6,0
"control_outputs_enabled",66509.6,0
"control_outputs_enabled",66509.6,0
"control_outputs_enabled",66509.6,0
"control_outputs_enabled",66509.6,0
"control_outputs_enabled",66509.6,0
"control_outputs_enabled",66509.7,0
"control_outputs_enabled",66509.7,0
"control_outputs_enabled",66509.7,0
"control_outputs_enabled",66509.7,0
"control_outputs_enabled",66509.7,0
"control_outputs_enabled",66509.7,0
"control_outputs_enabled",66509.7,0
"control_outputs_enabled",66509.7,0
"control_outputs_enabled",66509.7,0
"control_outputs_enabled",66509.7,0
"control_outputs_enabled",66509.8,0
"control_outputs_enabled",66509.8,0
"control_outputs_enabled",66509.8,0
"control_outputs_enabled",66509.8,0
"control_outputs_enabled",66509.8,0
"control_outputs_enabled",66509.8,0
"control_outputs_enabled",66509.8,0
"control_outputs_enabled",66509.8,0
"control_outputs_enabled",66509.8,0
"control_outputs_enabled",66509.8,0
"control_outputs_enabled",66509.9,0
"control_outputs_enabled",66509.9,0
"control_outputs_enabled",66509.9,0
"control_outputs_enabled",66509.9,0
"control_outputs_enabled",66509.9,0
"control_outputs_enabled",66509.9,0
"control_outputs_enabled",66509.9,0
"control_outputs_enabled",66509.9,0
"control_outputs_enabled",66509.9,0
"control_outputs_enabled",66509.9,0
"control_outputs_enabled",66510,0
"control_outputs_enabled",66510,0
"control_outputs_enabled",66510,0
"control_outputs_enabled",66510,0
"control_outputs_enabled",66510,0
"control_outputs_enabled",66510,0
"control_outputs_enabled",66510,0
"control_outputs_enabled",66510,0
"control_outputs_enabled",66510,0
"control_outputs_enabled",66510,0
"control_outputs_enabled",66510.1,0
"control_outputs_enabled",66510.1,0
"control_outputs_enabled",66510.1,0
"control_outputs_enabled",66510.1,0
"control_outputs_enabled",66510.1,0
"control_outputs_enabled",66510.1,0
"control_outputs_enabled",66510.1,0
"control_outputs_enabled",66510.1,0
"control_outputs_enabled",66510.1,0
"control_outputs_enabled",66510.1,0
"control_outputs_enabled",66510.1,0
"control_outputs_enabled",66510.2,0
"control_outputs_enabled",66510.2,0
"control_outputs_enabled",66510.2,0
"control_outputs_enabled",66510.2,0
"control_outputs_enabled",66510.2,0
"control_outputs_enabled",66510.2,0
"control_outputs_enabled",66510.2,0
"control_outputs_enabled",66510.2,0
"control_outputs_enabled",66510.2,0
"control_outputs_enabled",66510.2,0
"control_outputs_enabled",66510.3,0
"control_outputs_enabled",66510.3,0
"control_outputs_enabled",66510.3,0
"control_outputs_enabled",66510.3,0
"control_outputs_enabled",66510.3,0
"control_outputs_enabled",66510.3,0
"control_outputs_enabled",66510.3,0
"control_outputs_enabled",66510.3,0
"control_outputs_enabled",66510.3,0
"control_outputs_enabled",66510.4,0
"control_outputs_enabled",66510.4,0
"control_outputs_enabled",66510.4,0
"control_outputs_enabled",66510.4,0
"control_outputs_enabled",66510.4,0
"control_outputs_enabled",66510.4,0
"control_outputs_enabled",66510.4,0
"control_outputs_enabled",66510.4,0
"control_outputs_enabled",66510.4,0
"control_outputs_enabled",66510.4,0
"control_outputs_enabled",66510.5,0
"control_outputs_enabled",66510.5,0
"control_outputs_enabled",66510.5,0
"control_outputs_enabled",66510.5,0
"control_outputs_enabled",66510.5,0
"control_outputs_enabled",66510.5,0
"control_outputs_enabled",66510.5,0
"control_outputs_enabled",66510.5,0
"control_outputs_enabled",66510.5,0
"control_outputs_enabled",66510.5,0
"control_outputs_enabled",66510.6,0
"control_outputs_enabled",66510.6,0
"control_outputs_enabled",66510.6,0
"control_outputs_enabled",66510.6,0
"control_outputs_enabled",66510.6,0
"control_outputs_enabled",66510.6,0
"control_outputs_enabled",66510.6,0
"control_outputs_enabled",66510.6,0
"control_outputs_enabled",66510.6,0
"control_outputs_enabled",66510.6,0
"control_outputs_enabled",66510.7,0
"control_outputs_enabled",66510.7,0
"control_outputs_enabled",66510.7,0
"control_outputs_enabled",66510.7,0
"control_outputs_enabled",66510.7,0
"control_outputs_enabled",66510.7,0
"control_outputs_enabled",66510.7,0
"control_outputs_enabled",66510.7,0
"control_outputs_enabled",66510.7,0
"control_outputs_enabled",66510.8,0
"control_outputs_enabled",66510.8,0
"control_outputs_enabled",66510.8,0
"control_outputs_enabled",66510.8,0
"control_outputs_enabled",66510.8,0
"control_outputs_enabled",66510.8,0
"control_outputs_enabled",66510.8,0
"control_outputs_enabled",66510.8,0
"control_outputs_enabled",66510.8,0
"control_outputs_enabled",66510.8,0
"control_outputs_enabled",66510.9,0
"control_outputs_enabled",66510.9,0
"control_outputs_enabled",66510.9,0
"control_outputs_enabled",66510.9,0
"control_outputs_enabled",66510.9,0
"control_outputs_enabled",66510.9,0
"control_outputs_enabled",66510.9,0
"control_outputs_enabled",66510.9,0
"control_outputs_enabled",66510.9,0
"control_outputs_enabled",66510.9,0
"control_outputs_enabled",66510.9,0
"control_outputs_enabled",66511,0
"control_outputs_enabled",66511,0
"control_outputs_enabled",66511,0
"control_outputs_enabled",66511,0
"control_outputs_enabled",66511,0
"control_outputs_enabled",66511,0
"control_outputs_enabled",66511,0
"control_outputs_enabled",66511,0
"control_outputs_enabled",66511,0
"control_outputs_enabled",66511,0
"control_outputs_enabled",66511.1,0
"control_outputs_enabled",66511.1,0
"control_outputs_enabled",66511.1,0
"control_outputs_enabled",66511.1,0
"control_outputs_enabled",66511.1,0
"control_outputs_enabled",66511.1,0
"control_outputs_enabled",66511.1,0
"control_outputs_enabled",66511.1,0
"control_outputs_enabled",66511.1,0
"control_outputs_enabled",66511.1,0
"control_outputs_enabled",66511.2,0
"control_outputs_enabled",66511.2,0
"control_outputs_enabled",66511.2,0
"control_outputs_enabled",66511.2,0
"control_outputs_enabled",66511.2,0
"control_outputs_enabled",66511.2,0
"control_outputs_enabled",66511.2,0
"control_outputs_enabled",66511.2,0
"control_outputs_enabled",66511.2,0
"control_outputs_enabled",66511.2,0
"control_outputs_enabled",66511.3,0
"control_outputs_enabled",66511.3,0
"control_outputs_enabled",66511.3,0
"control_outputs_enabled",66511.3,0
"control_outputs_enabled",66511.3,0
"control_outputs_enabled",66511.3,0
"control_outputs_enabled",66511.3,0
"control_outputs_enabled",66511.3,0
"control_outputs_enabled",66511.3,0
"control_outputs_enabled",66511.3,0
"control_outputs_enabled",66511.4,0
"control_outputs_enabled",66511.4,0
"control_outputs_enabled",66511.4,0
"control_outputs_enabled",66511.4,0
"control_outputs_enabled",66511.4,0
"control_outputs_enabled",66511.4,0
"control_outputs_enabled",66511.4,0
"control_outputs_enabled",66511.4,0
"control_outputs_enabled",66511.4,0
"control_outputs_enabled",66511.4,0
"control_outputs_enabled",66511.5,0
"control_outputs_enabled",66511.5,0
"control_outputs_enabled",66511.5,0
"control_outputs_enabled",66511.5,0
"control_outputs_enabled",66511.5,0
"control_outputs_enabled",66511.5,0
"control_outputs_enabled",66511.5,0
"control_outputs_enabled",66511.5,0
"control_outputs_enabled",66511.5,0
"control_outputs_enabled",66511.5,0
"control_outputs_enabled",66511.6,0
"control_outputs_enabled",66511.6,0
"control_outputs_enabled",66511.6,0
"control_outputs_enabled",66511.6,0
"control_outputs_enabled",66511.6,0
"control_outputs_enabled",66511.6,0
"control_outputs_enabled",66511.6,0
"control_outputs_enabled",66511.6,0
"control_outputs_enabled",66511.6,0
"control_outputs_enabled",66511.6,0
"control_outputs_enabled",66511.7,0
"control_outputs_enabled",66511.7,0
"control_outputs_enabled",66511.7,0
"control_outputs_enabled",66511.7,0
"control_outputs_enabled",66511.7,0
"control_outputs_enabled",66511.7,0
"control_outputs_enabled",66511.7,0
"control_outputs_enabled",66511.7,0
"control_outputs_enabled",66511.7,0
"control_outputs_enabled",66511.8,0
"control_outputs_enabled",66511.8,0
"control_outputs_enabled",66511.8,0
"control_outputs_enabled",66511.8,0
"control_outputs_enabled",66511.8,0
"control_outputs_enabled",66511.8,0
"control_outputs_enabled",66511.8,0
"control_outputs_enabled",66511.8,0
"control_outputs_enabled",66511.8,0
"control_outputs_enabled",66511.8,0
"control_outputs_enabled",66511.9,0
"control_outputs_enabled",66511.9,0
"control_outputs_enabled",66511.9,0
"control_outputs_enabled",66511.9,0
"control_outputs_enabled",66511.9,0
"control_outputs_enabled",66511.9,0
"control_outputs_enabled",66511.9,0
"control_outputs_enabled",66511.9,0
"control_outputs_enabled",66511.9,0
"control_outputs_enabled",66511.9,0
"control_outputs_enabled",66512,0
"control_outputs_enabled",66512,0
"control_outputs_enabled",66512,0
"control_outputs_enabled",66512,0
"control_outputs_enabled",66512,0
"control_outputs_enabled",66512,0
"control_outputs_enabled",66512,0
"control_outputs_enabled",66512,0
"control_outputs_enabled",66512,0
"control_outputs_enabled",66512,0
"control_outputs_enabled",66512.1,0
"control_outputs_enabled",66512.1,0
"control_outputs_enabled",66512.1,0
"control_outputs_enabled",66512.1,0
"control_outputs_enabled",66512.1,0
"control_outputs_enabled",66512.1,0
"control_outputs_enabled",66512.1,0
"control_outputs_enabled",66512.1,0
"control_outputs_enabled",66512.1,0
"control_outputs_enabled",66512.1,0
"control_outputs_enabled",66512.1,0
"control_outputs_enabled",66512.2,0
"control_outputs_enabled",66512.2,0
"control_outputs_enabled",66512.2,0
"control_outputs_enabled",66512.2,0
"control_outputs_enabled",66512.2,0
"control_outputs_enabled",66512.2,0
"control_outputs_enabled",66512.2,0
"control_outputs_enabled",66512.2,0
"control_outputs_enabled",66512.2,0
"control_outputs_enabled",66512.2,0
"control_outputs_enabled",66512.3,0
"control_outputs_enabled",66512.3,0
"control_outputs_enabled",66512.3,0
"control_outputs_enabled",66512.3,0
"control_outputs_enabled",66512.3,0
"control_outputs_enabled",66512.3,0
"control_outputs_enabled",66512.3,0
"control_outputs_enabled",66512.3,0
"control_outputs_enabled",66512.3,0
"control_outputs_enabled",66512.4,0
"control_outputs_enabled",66512.4,0
"control_outputs_enabled",66512.4,0
"control_outputs_enabled",66512.4,0
"control_outputs_enabled",66512.4,0
"control_outputs_enabled",66512.4,0
"control_outputs_enabled",66512.4,0
"control_outputs_enabled",66512.4,0
"control_outputs_enabled",66512.4,0
"control_outputs_enabled",66512.4,0
"control_outputs_enabled",66512.5,0
"control_outputs_enabled",66512.5,0
"control_outputs_enabled",66512.5,0
"control_outputs_enabled",66512.5,0
"control_outputs_enabled",66512.5,0
"control_outputs_enabled",66512.5,0
"control_outputs_enabled",66512.5,0
"control_outputs_enabled",66512.5,0
"control_outputs_enabled",66512.5,0
"control_outputs_enabled",66512.5,0
"control_outputs_enabled",66512.6,0
"control_outputs_enabled",66512.6,0
"control_outputs_enabled",66512.6,0
"control_outputs_enabled",66512.6,0
"control_outputs_enabled",66512.6,0
"control_outputs_enabled",66512.6,0
"control_outputs_enabled",66512.6,0
"control_outputs_enabled",66512.6,0
"control_outputs_enabled",66512.6,0
"control_outputs_enabled",66512.6,0
"control_outputs_enabled",66512.6,0
"control_outputs_enabled",66512.7,0
"control_outputs_enabled",66512.7,0
"control_outputs_enabled",66512.7,0
"control_outputs_enabled",66512.7,0
"control_outputs_enabled",66512.7,0
"control_outputs_enabled",66512.7,0
"control_outputs_enabled",66512.7,0
"control_outputs_enabled",66512.7,0
"control_outputs_enabled",66512.7,0
"control_outputs_enabled",66512.8,0
"control_outputs_enabled",66512.8,0
"control_outputs_enabled",66512.8,0
"control_outputs_enabled",66512.8,0
"control_outputs_enabled",66512.8,0
"control_outputs_enabled",66512.8,0
"control_outputs_enabled",66512.8,0
"control_outputs_enabled",66512.8,0
"control_outputs_enabled",66512.8,0
"control_outputs_enabled",66512.8,0
"control_outputs_enabled",66512.9,0
"control_outputs_enabled",66512.9,0
"control_outputs_enabled",66512.9,0
"control_outputs_enabled",66512.9,0
"control_outputs_enabled",66512.9,0
"control_outputs_enabled",66512.9,0
"control_outputs_enabled",66512.9,0
"control_outputs_enabled",66512.9,0
"control_outputs_enabled",66512.9,0
"control_outputs_enabled",66512.9,0
"control_outputs_enabled",66513,0
"control_outputs_enabled",66513,0
"control_outputs_enabled",66513,0
"control_outputs_enabled",66513,0
"control_outputs_enabled",66513,0
"control_outputs_enabled",66513,0
"control_outputs_enabled",66513,0
"control_outputs_enabled",66513,0
"control_outputs_enabled",66513,0
"control_outputs_enabled",66513,0
"control_outputs_enabled",66513.1,0
"control_outputs_enabled",66513.1,0
"control_outputs_enabled",66513.1,0
"control_outputs_enabled",66513.1,0
"control_outputs_enabled",66513.1,0
"control_outputs_enabled",66513.1,0
"control_outputs_enabled",66513.1,0
"control_outputs_enabled",66513.1,0
"control_outputs_enabled",66513.1,0
"control_outputs_enabled",66513.1,0
"control_outputs_enabled",66513.2,0
"control_outputs_enabled",66513.2,0
"control_outputs_enabled",66513.2,0
"control_outputs_enabled",66513.2,0
"control_outputs_enabled",66513.2,0
"control_outputs_enabled",66513.2,0
"control_outputs_enabled",66513.2,0
"control_outputs_enabled",66513.2,0
"control_outputs_enabled",66513.2,0
"control_outputs_enabled",66513.2,0
"control_outputs_enabled",66513.2,0
"control_outputs_enabled",66513.3,0
"control_outputs_enabled",66513.3,0
"control_outputs_enabled",66513.3,0
"control_outputs_enabled",66513.3,0
"control_outputs_enabled",66513.3,0
"control_outputs_enabled",66513.3,0
"control_outputs_enabled",66513.3,0
"control_outputs_enabled",66513.3,0
"control_outputs_enabled",66513.3,0
"control_outputs_enabled",66513.4,0
"control_outputs_enabled",66513.4,0
"control_outputs_enabled",66513.4,0
"control_outputs_enabled",66513.4,0
"control_outputs_enabled",66513.4,0
"control_outputs_enabled",66513.4,0
"control_outputs_enabled",66513.4,0
"control_outputs_enabled",66513.4,0
"control_outputs_enabled",66513.4,0
"control_outputs_enabled",66513.4,0
"control_outputs_enabled",66513.5,0
"control_outputs_enabled",66513.5,0
"control_outputs_enabled",66513.5,0
"control_outputs_enabled",66513.5,0
"control_outputs_enabled",66513.5,0
"control_outputs_enabled",66513.5,0
"control_outputs_enabled",66513.5,0
"control_outputs_enabled",66513.5,0
"control_outputs_enabled",66513.5,0
"control_outputs_enabled",66513.5,0
"control_outputs_enabled",66513.6,0
"control_outputs_enabled",66513.6,0
"control_outputs_enabled",66513.6,0
"control_outputs_enabled",66513.6,0
"control_outputs_enabled",66513.6,0
"control_outputs_enabled",66513.6,0
"control_outputs_enabled",66513.6,0
"control_outputs_enabled",66513.6,0
"control_outputs_enabled",66513.6,0
"control_outputs_enabled",66513.6,0
"control_outputs_enabled",66513.7,0
"control_outputs_enabled",66513.7,0
"control_outputs_enabled",66513.7,0
"control_outputs_enabled",66513.7,0
"control_outputs_enabled",66513.7,0
"control_outputs_enabled",66513.7,0
"control_outputs_enabled",66513.7,0
"control_outputs_enabled",66513.7,0
"control_outputs_enabled",66513.7,0
"control_outputs_enabled",66513.8,0
"control_outputs_enabled",66513.8,0
"control_outputs_enabled",66513.8,0
"control_outputs_enabled",66513.8,0
"control_outputs_enabled",66513.8,0
"control_outputs_enabled",66513.8,0
"control_outputs_enabled",66513.8,0
"control_outputs_enabled",66513.8,0
"control_outputs_enabled",66513.8,0
"control_outputs_enabled",66513.8,0
"control_outputs_enabled",66513.8,0
"control_outputs_enabled",66513.9,0
"control_outputs_enabled",66513.9,0
"control_outputs_enabled",66513.9,0
"control_outputs_enabled",66513.9,0
"control_outputs_enabled",66513.9,0
"control_outputs_enabled",66513.9,0
"control_outputs_enabled",66513.9,0
"control_outputs_enabled",66513.9,0
"control_outputs_enabled",66513.9,0
"control_outputs_enabled",66513.9,0
"control_outputs_enabled",66514,0
"control_outputs_enabled",66514,0
"control_outputs_enabled",66514,0
"control_outputs_enabled",66514,0
"control_outputs_enabled",66514,0
"control_outputs_enabled",66514,0
"control_outputs_enabled",66514,0
"control_outputs_enabled",66514,0
"control_outputs_enabled",66514,0
"control_outputs_enabled",66514,0
"control_outputs_enabled",66514.1,0
"control_outputs_enabled",66514.1,0
"control_outputs_enabled",66514.1,0
"control_outputs_enabled",66514.1,0
"control_outputs_enabled",66514.1,0
"control_outputs_enabled",66514.1,0
"control_outputs_enabled",66514.1,0
"control_outputs_enabled",66514.1,0
"control_outputs_enabled",66514.1,0
"control_outputs_enabled",66514.1,0
"control_outputs_enabled",66514.2,0
"control_outputs_enabled",66514.2,0
"control_outputs_enabled",66514.2,0
"control_outputs_enabled",66514.2,0
"control_outputs_enabled",66514.2,0
"control_outputs_enabled",66514.2,0
"control_outputs_enabled",66514.2,0
"vdc_v",66509.2,49.268
"vdc_v",66509.2,49.268
"vdc_v",66509.2,49.268
"vdc_v",66509.3,49.268
"vdc_v",66509.3,49.268
"vdc_v",66509.3,49.268
"vdc_v",66509.3,49.268
"vdc_v",66509.3,49.268
"vdc_v",66509.3,49.268
"vdc_v",66509.3,49.268
"vdc_v",66509.3,49.268
"vdc_v",66509.3,49.268
"vdc_v",66509.4,49.268
"vdc_v",66509.4,49.268
"vdc_v",66509.4,49.268
"vdc_v",66509.4,49.268
"vdc_v",66509.4,49.268
"vdc_v",66509.4,49.268
"vdc_v",66509.4,49.268
"vdc_v",66509.4,49.268
"vdc_v",66509.4,49.268
"vdc_v",66509.4,49.268
"vdc_v",66509.5,49.268
"vdc_v",66509.5,49.268
"vdc_v",66509.5,49.268
"vdc_v",66509.5,49.268
"vdc_v",66509.5,49.268
"vdc_v",66509.5,49.268
"vdc_v",66509.5,49.268
"vdc_v",66509.5,49.268
"vdc_v",66509.5,49.268
"vdc_v",66509.5,49.268
"vdc_v",66509.6,49.268
"vdc_v",66509.6,49.268
"vdc_v",66509.6,49.268
"vdc_v",66509.6,49.268
"vdc_v",66509.6,49.268
"vdc_v",66509.6,49.268
"vdc_v",66509.6,49.268
"vdc_v",66509.6,49.268
"vdc_v",66509.6,49.268
"vdc_v",66509.6,49.268
"vdc_v",66509.7,49.268
"vdc_v",66509.7,49.268
"vdc_v",66509.7,49.268
"vdc_v",66509.7,49.268
"vdc_v",66509.7,49.268
"vdc_v",66509.7,49.268
"vdc_v",66509.7,49.268
"vdc_v",66509.7,49.268
"vdc_v",66509.7,49.268
"vdc_v",66509.7,49.268
"vdc_v",66509.8,49.268
"vdc_v",66509.8,49.268
"vdc_v",66509.8,49.268
"vdc_v",66509.8,49.268
"vdc_v",66509.8,49.268
"vdc_v",66509.8,49.268
"vdc_v",66509.8,49.268
"vdc_v",66509.8,49.268
"vdc_v",66509.8,49.268
"vdc_v",66509.8,49.268
"vdc_v",66509.9,49.268
"vdc_v",66509.9,49.268
"vdc_v",66509.9,49.268
"vdc_v",66509.9,49.268
"vdc_v",66509.9,49.268
"vdc_v",66509.9,49.268
"vdc_v",66509.9,49.268
"vdc_v",66509.9,49.268
"vdc_v",66509.9,49.268
"vdc_v",66509.9,49.268
"vdc_v",66510,49.268
"vdc_v",66510,49.268
"vdc_v",66510,49.268
"vdc_v",66510,49.268
"vdc_v",66510,49.268
"vdc_v",66510,49.268
"vdc_v",66510,49.268
"vdc_v",66510,49.268
"vdc_v",66510,49.268
"vdc_v",66510,49.268
"vdc_v",66510.1,49.268
"vdc_v",66510.1,49.268
"vdc_v",66510.1,49.268
"vdc_v",66510.1,49.268
"vdc_v",66510.1,49.268
"vdc_v",66510.1,49.268
"vdc_v",66510.1,49.268
"vdc_v",66510.1,49.268
"vdc_v",66510.1,49.268
"vdc_v",66510.1,49.268
"vdc_v",66510.1,49.268
"vdc_v",66510.2,49.268
"vdc_v",66510.2,49.268
"vdc_v",66510.2,49.268
"vdc_v",66510.2,49.268
"vdc_v",66510.2,49.268
"vdc_v",66510.2,49.268
"vdc_v",66510.2,49.268
"vdc_v",66510.2,49.268
"vdc_v",66510.2,49.268
"vdc_v",66510.2,49.268
"vdc_v",66510.3,49.268
"vdc_v",66510.3,49.268
"vdc_v",66510.3,49.268
"vdc_v",66510.3,49.268
"vdc_v",66510.3,49.268
"vdc_v",66510.3,49.268
"vdc_v",66510.3,49.268
"vdc_v",66510.3,49.268
"vdc_v",66510.3,49.268
"vdc_v",66510.4,49.268
"vdc_v",66510.4,49.268
"vdc_v",66510.4,49.268
"vdc_v",66510.4,49.268
"vdc_v",66510.4,49.268
"vdc_v",66510.4,49.268
"vdc_v",66510.4,49.268
"vdc_v",66510.4,49.268
"vdc_v",66510.4,49.268
"vdc_v",66510.4,49.268
"vdc_v",66510.5,49.268
"vdc_v",66510.5,49.268
"vdc_v",66510.5,49.268
"vdc_v",66510.5,49.268
"vdc_v",66510.5,49.268
"vdc_v",66510.5,49.268
"vdc_v",66510.5,49.268
"vdc_v",66510.5,49.268
"vdc_v",66510.5,49.268
"vdc_v",66510.5,49.268
"vdc_v",66510.6,49.268
"vdc_v",66510.6,49.268
"vdc_v",66510.6,49.268
"vdc_v",66510.6,49.268
"vdc_v",66510.6,49.268
"vdc_v",66510.6,49.268
"vdc_v",66510.6,49.268
"vdc_v",66510.6,49.268
"vdc_v",66510.6,49.268
"vdc_v",66510.6,49.268
"vdc_v",66510.7,49.268
"vdc_v",66510.7,49.268
"vdc_v",66510.7,49.268
"vdc_v",66510.7,49.268
"vdc_v",66510.7,49.268
"vdc_v",66510.7,49.268
"vdc_v",66510.7,49.268
"vdc_v",66510.7,49.268
"vdc_v",66510.7,49.268
"vdc_v",66510.8,49.268
"vdc_v",66510.8,49.268
"vdc_v",66510.8,49.268
"vdc_v",66510.8,49.268
"vdc_v",66510.8,49.268
"vdc_v",66510.8,49.268
"vdc_v",66510.8,49.268
"vdc_v",66510.8,49.268
"vdc_v",66510.8,49.268
"vdc_v",66510.8,49.268
"vdc_v",66510.9,49.268
"vdc_v",66510.9,49.268
"vdc_v",66510.9,49.268
"vdc_v",66510.9,49.268
"vdc_v",66510.9,49.268
"vdc_v",66510.9,49.268
"vdc_v",66510.9,49.268
"vdc_v",66510.9,49.268
"vdc_v",66510.9,49.268
"vdc_v",66510.9,49.268
"vdc_v",66510.9,49.268
"vdc_v",66511,49.268
"vdc_v",66511,49.268
"vdc_v",66511,49.268
"vdc_v",66511,49.268
"vdc_v",66511,49.268
"vdc_v",66511,49.268
"vdc_v",66511,49.268
"vdc_v",66511,49.268
"vdc_v",66511,49.268
"vdc_v",66511,49.268
"vdc_v",66511.1,49.268
"vdc_v",66511.1,49.268
"vdc_v",66511.1,49.268
"vdc_v",66511.1,49.268
"vdc_v",66511.1,49.268
"vdc_v",66511.1,49.268
"vdc_v",66511.1,49.268
"vdc_v",66511.1,49.268
"vdc_v",66511.1,49.268
"vdc_v",66511.1,49.268
"vdc_v",66511.2,49.268
"vdc_v",66511.2,49.268
"vdc_v",66511.2,49.268
"vdc_v",66511.2,49.268
"vdc_v",66511.2,49.268
"vdc_v",66511.2,49.268
"vdc_v",66511.2,49.268
"vdc_v",66511.2,49.268
"vdc_v",66511.2,49.268
"vdc_v",66511.2,49.268
"vdc_v",66511.3,49.268
"vdc_v",66511.3,49.268
"vdc_v",66511.3,49.268
"vdc_v",66511.3,49.268
"vdc_v",66511.3,49.268
"vdc_v",66511.3,49.268
"vdc_v",66511.3,49.268
"vdc_v",66511.3,49.268
"vdc_v",66511.3,49.268
"vdc_v",66511.3,49.268
"vdc_v",66511.4,49.268
"vdc_v",66511.4,49.268
"vdc_v",66511.4,49.268
"vdc_v",66511.4,49.268
"vdc_v",66511.4,49.268
"vdc_v",66511.4,49.268
"vdc_v",66511.4,49.268
"vdc_v",66511.4,49.268
"vdc_v",66511.4,49.268
"vdc_v",66511.4,49.268
"vdc_v",66511.5,49.268
"vdc_v",66511.5,49.268
"vdc_v",66511.5,49.268
"vdc_v",66511.5,49.268
"vdc_v",66511.5,49.268
"vdc_v",66511.5,49.268
"vdc_v",66511.5,49.268
"vdc_v",66511.5,49.268
"vdc_v",66511.5,49.268
"vdc_v",66511.5,49.268
"vdc_v",66511.6,49.268
"vdc_v",66511.6,49.268
"vdc_v",66511.6,49.268
"vdc_v",66511.6,49.268
"vdc_v",66511.6,49.268
"vdc_v",66511.6,49.268
"vdc_v",66511.6,49.268
"vdc_v",66511.6,49.268
"vdc_v",66511.6,49.268
"vdc_v",66511.6,49.268
"vdc_v",66511.7,49.268
"vdc_v",66511.7,49.268
"vdc_v",66511.7,49.268
"vdc_v",66511.7,49.268
"vdc_v",66511.7,49.268
"vdc_v",66511.7,49.268
"vdc_v",66511.7,49.268
"vdc_v",66511.7,49.268
"vdc_v",66511.7,49.268
"vdc_v",66511.8,49.268
"vdc_v",66511.8,49.268
"vdc_v",66511.8,49.268
"vdc_v",66511.8,49.268
"vdc_v",66511.8,49.268
"vdc_v",66511.8,49.268
"vdc_v",66511.8,49.268
"vdc_v",66511.8,49.268
"vdc_v",66511.8,49.268
"vdc_v",66511.8,49.268
"vdc_v",66511.9,49.268
"vdc_v",66511.9,49.268
"vdc_v",66511.9,49.268
"vdc_v",66511.9,49.268
"vdc_v",66511.9,49.268
"vdc_v",66511.9,49.268
"vdc_v",66511.9,49.268
"vdc_v",66511.9,49.268
"vdc_v",66511.9,49.268
"vdc_v",66511.9,49.268
"vdc_v",66512,49.268
"vdc_v",66512,49.268
"vdc_v",66512,49.268
"vdc_v",66512,49.268
"vdc_v",66512,49.268
"vdc_v",66512,49.268
"vdc_v",66512,49.268
"vdc_v",66512,49.268
"vdc_v",66512,49.268
"vdc_v",66512,49.268
"vdc_v",66512.1,49.268
"vdc_v",66512.1,49.268
"vdc_v",66512.1,49.268
"vdc_v",66512.1,49.268
"vdc_v",66512.1,49.268
"vdc_v",66512.1,49.268
"vdc_v",66512.1,49.268
"vdc_v",66512.1,49.268
"vdc_v",66512.1,49.268
"vdc_v",66512.1,49.268
"vdc_v",66512.1,49.268
"vdc_v",66512.2,49.268
"vdc_v",66512.2,49.268
"vdc_v",66512.2,49.268
"vdc_v",66512.2,49.268
"vdc_v",66512.2,49.268
"vdc_v",66512.2,49.268
"vdc_v",66512.2,49.268
"vdc_v",66512.2,49.268
"vdc_v",66512.2,49.268
"vdc_v",66512.2,49.268
"vdc_v",66512.3,49.268
"vdc_v",66512.3,49.268
"vdc_v",66512.3,49.268
"vdc_v",66512.3,49.268
"vdc_v",66512.3,49.268
"vdc_v",66512.3,49.268
"vdc_v",66512.3,49.268
"vdc_v",66512.3,49.268
"vdc_v",66512.3,49.268
"vdc_v",66512.4,49.268
"vdc_v",66512.4,49.268
"vdc_v",66512.4,49.268
"vdc_v",66512.4,49.268
"vdc_v",66512.4,49.268
"vdc_v",66512.4,49.268
"vdc_v",66512.4,49.268
"vdc_v",66512.4,49.268
"vdc_v",66512.4,49.268
"vdc_v",66512.4,49.268
"vdc_v",66512.5,49.268
"vdc_v",66512.5,49.268
"vdc_v",66512.5,49.268
"vdc_v",66512.5,49.268
"vdc_v",66512.5,49.268
"vdc_v",66512.5,49.268
"vdc_v",66512.5,49.268
"vdc_v",66512.5,49.268
"vdc_v",66512.5,49.268
"vdc_v",66512.5,49.268
"vdc_v",66512.6,49.268
"vdc_v",66512.6,49.268
"vdc_v",66512.6,49.268
"vdc_v",66512.6,49.268
"vdc_v",66512.6,49.268
"vdc_v",66512.6,49.268
"vdc_v",66512.6,49.268
"vdc_v",66512.6,49.268
"vdc_v",66512.6,49.268
"vdc_v",66512.6,49.268
"vdc_v",66512.6,49.268
"vdc_v",66512.7,49.268
"vdc_v",66512.7,49.268
"vdc_v",66512.7,49.268
"vdc_v",66512.7,49.268
"vdc_v",66512.7,49.268
"vdc_v",66512.7,49.268
"vdc_v",66512.7,49.268
"vdc_v",66512.7,49.268
"vdc_v",66512.7,49.268
"vdc_v",66512.8,49.268
"vdc_v",66512.8,49.268
"vdc_v",66512.8,49.268
"vdc_v",66512.8,49.268
"vdc_v",66512.8,49.268
"vdc_v",66512.8,49.268
"vdc_v",66512.8,49.268
"vdc_v",66512.8,49.268
"vdc_v",66512.8,49.268
"vdc_v",66512.8,49.268
"vdc_v",66512.9,49.268
"vdc_v",66512.9,49.268
"vdc_v",66512.9,49.268
"vdc_v",66512.9,49.268
"vdc_v",66512.9,49.268
"vdc_v",66512.9,49.268
"vdc_v",66512.9,49.268
"vdc_v",66512.9,49.268
"vdc_v",66512.9,49.268
"vdc_v",66512.9,49.268
"vdc_v",66513,49.268
"vdc_v",66513,49.268
"vdc_v",66513,49.268
"vdc_v",66513,49.268
"vdc_v",66513,49.268
"vdc_v",66513,49.268
"vdc_v",66513,49.268
"vdc_v",66513,49.268
"vdc_v",66513,49.268
"vdc_v",66513,49.268
"vdc_v",66513.1,49.268
"vdc_v",66513.1,49.268
"vdc_v",66513.1,49.268
"vdc_v",66513.1,49.268
"vdc_v",66513.1,49.268
"vdc_v",66513.1,49.268
"vdc_v",66513.1,49.268
"vdc_v",66513.1,49.268
"vdc_v",66513.1,49.268
"vdc_v",66513.1,49.268
"vdc_v",66513.2,49.268
"vdc_v",66513.2,49.268
"vdc_v",66513.2,49.268
"vdc_v",66513.2,49.268
"vdc_v",66513.2,49.268
"vdc_v",66513.2,49.268
"vdc_v",66513.2,49.268
"vdc_v",66513.2,49.268
"vdc_v",66513.2,49.268
"vdc_v",66513.2,49.268
"vdc_v",66513.2,49.268
"vdc_v",66513.3,49.268
"vdc_v",66513.3,49.268
"vdc_v",66513.3,49.268
"vdc_v",66513.3,49.268
"vdc_v",66513.3,49.268
"vdc_v",66513.3,49.268
"vdc_v",66513.3,49.268
"vdc_v",66513.3,49.268
"vdc_v",66513.3,49.268
"vdc_v",66513.4,49.268
"vdc_v",66513.4,49.268
"vdc_v",66513.4,49.268
"vdc_v",66513.4,49.268
"vdc_v",66513.4,49.268
"vdc_v",66513.4,49.268
"vdc_v",66513.4,49.268
"vdc_v",66513.4,49.268
"vdc_v",66513.4,49.268
"vdc_v",66513.4,49.268
"vdc_v",66513.5,49.268
"vdc_v",66513.5,49.268
"vdc_v",66513.5,49.268
"vdc_v",66513.5,49.268
"vdc_v",66513.5,49.268
"vdc_v",66513.5,49.268
"vdc_v",66513.5,49.268
"vdc_v",66513.5,49.268
"vdc_v",66513.5,49.268
"vdc_v",66513.5,49.268
"vdc_v",66513.6,49.268
"vdc_v",66513.6,49.268
"vdc_v",66513.6,49.268
"vdc_v",66513.6,49.268
"vdc_v",66513.6,49.268
"vdc_v",66513.6,49.268
"vdc_v",66513.6,49.268
"vdc_v",66513.6,49.268
"vdc_v",66513.6,49.268
"vdc_v",66513.6,49.268
"vdc_v",66513.7,49.268
"vdc_v",66513.7,49.268
"vdc_v",66513.7,49.268
"vdc_v",66513.7,49.268
"vdc_v",66513.7,49.268
"vdc_v",66513.7,49.268
"vdc_v",66513.7,49.268
"vdc_v",66513.7,49.268
"vdc_v",66513.7,49.268
"vdc_v",66513.8,49.268
"vdc_v",66513.8,49.268
"vdc_v",66513.8,49.268
"vdc_v",66513.8,49.268
"vdc_v",66513.8,49.268
"vdc_v",66513.8,49.268
"vdc_v",66513.8,49.268
"vdc_v",66513.8,49.268
"vdc_v",66513.8,49.268
"vdc_v",66513.8,49.268
"vdc_v",66513.8,49.268
"vdc_v",66513.9,49.268
"vdc_v",66513.9,49.268
"vdc_v",66513.9,49.268
"vdc_v",66513.9,49.268
"vdc_v",66513.9,49.268
"vdc_v",66513.9,49.268
"vdc_v",66513.9,49.268
"vdc_v",66513.9,49.268
"vdc_v",66513.9,49.268
"vdc_v",66513.9,49.268
"vdc_v",66514,49.268
"vdc_v",66514,49.268
"vdc_v",66514,49.268
"vdc_v",66514,49.268
"vdc_v",66514,49.268
"vdc_v",66514,49.268
"vdc_v",66514,49.268
"vdc_v",66514,49.268
"vdc_v",66514,49.268
"vdc_v",66514,49.268
"vdc_v",66514.1,49.268
"vdc_v",66514.1,49.268
"vdc_v",66514.1,49.268
"vdc_v",66514.1,49.268
"vdc_v",66514.1,49.268
"vdc_v",66514.1,49.268
"vdc_v",66514.1,49.268
"vdc_v",66514.1,49.268
"vdc_v",66514.1,49.268
"vdc_v",66514.1,49.268
"vdc_v",66514.2,49.268
"vdc_v",66514.2,49.268
"vdc_v",66514.2,49.268
"vdc_v",66514.2,49.268
"vdc_v",66514.2,49.268
"vdc_v",66514.2,49.268
"vdc_v",66514.2,49.268
"vdc_v",66514.2,49.268
"vdc_v",66514.2,49.268
"hz_adc_isr",66509.3,2500
"hz_adc_isr",66509.3,2500
"hz_adc_isr",66509.3,2500
"hz_adc_isr",66509.3,2500
"hz_adc_isr",66509.3,2500
"hz_adc_isr",66509.3,2500
"hz_adc_isr",66509.3,2500
"hz_adc_isr",66509.3,2500
"hz_adc_isr",66509.4,2500
"hz_adc_isr",66509.4,2500
"hz_adc_isr",66509.4,2500
"hz_adc_isr",66509.4,2500
"hz_adc_isr",66509.4,2500
"hz_adc_isr",66509.4,2500
"hz_adc_isr",66509.4,2500
"hz_adc_isr",66509.4,2500
"hz_adc_isr",66509.4,2500
"hz_adc_isr",66509.4,2500
"hz_adc_isr",66509.5,2500
"hz_adc_isr",66509.5,2500
"hz_adc_isr",66509.5,2500
"hz_adc_isr",66509.5,2500
"hz_adc_isr",66509.5,2500
"hz_adc_isr",66509.5,2500
"hz_adc_isr",66509.5,2500
"hz_adc_isr",66509.5,2500
"hz_adc_isr",66509.5,2500
"hz_adc_isr",66509.5,2500
"hz_adc_isr",66509.6,2500
"hz_adc_isr",66509.6,2500
"hz_adc_isr",66509.6,2500
"hz_adc_isr",66509.6,2500
"hz_adc_isr",66509.6,2500
"hz_adc_isr",66509.6,2500
"hz_adc_isr",66509.6,2500
"hz_adc_isr",66509.6,2500
"hz_adc_isr",66509.6,2500
"hz_adc_isr",66509.6,2499
"hz_adc_isr",66509.7,2499
"hz_adc_isr",66509.7,2499
"hz_adc_isr",66509.7,2499
"hz_adc_isr",66509.7,2499
"hz_adc_isr",66509.7,2499
"hz_adc_isr",66509.7,2499
"hz_adc_isr",66509.7,2499
"hz_adc_isr",66509.7,2499
"hz_adc_isr",66509.7,2499
"hz_adc_isr",66509.7,2499
"hz_adc_isr",66509.8,2499
"hz_adc_isr",66509.8,2499
"hz_adc_isr",66509.8,2499
"hz_adc_isr",66509.8,2499
"hz_adc_isr",66509.8,2499
"hz_adc_isr",66509.8,2499
"hz_adc_isr",66509.8,2499
"hz_adc_isr",66509.8,2499
"hz_adc_isr",66509.8,2499
"hz_adc_isr",66509.8,2499
"hz_adc_isr",66509.9,2499
"hz_adc_isr",66509.9,2499
"hz_adc_isr",66509.9,2499
"hz_adc_isr",66509.9,2499
"hz_adc_isr",66509.9,2499
"hz_adc_isr",66509.9,2499
"hz_adc_isr",66509.9,2499
"hz_adc_isr",66509.9,2499
"hz_adc_isr",66509.9,2499
"hz_adc_isr",66509.9,2499
"hz_adc_isr",66510,2499
"hz_adc_isr",66510,2499
"hz_adc_isr",66510,2499
"hz_adc_isr",66510,2499
"hz_adc_isr",66510,2499
"hz_adc_isr",66510,2499
"hz_adc_isr",66510,2499
"hz_adc_isr",66510,2499
"hz_adc_isr",66510,2499
"hz_adc_isr",66510,2499
"hz_adc_isr",66510.1,2499
"hz_adc_isr",66510.1,2499
"hz_adc_isr",66510.1,2499
"hz_adc_isr",66510.1,2499
"hz_adc_isr",66510.1,2499
"hz_adc_isr",66510.1,2499
"hz_adc_isr",66510.1,2499
"hz_adc_isr",66510.1,2499
"hz_adc_isr",66510.1,2499
"hz_adc_isr",66510.1,2499
"hz_adc_isr",66510.1,2499
"hz_adc_isr",66510.2,2499
"hz_adc_isr",66510.2,2499
"hz_adc_isr",66510.2,2499
"hz_adc_isr",66510.2,2499
"hz_adc_isr",66510.2,2499
"hz_adc_isr",66510.2,2499
"hz_adc_isr",66510.2,2499
"hz_adc_isr",66510.2,2499
"hz_adc_isr",66510.2,2499
"hz_adc_isr",66510.2,2499
"hz_adc_isr",66510.3,2499
"hz_adc_isr",66510.3,2499
"hz_adc_isr",66510.3,2499
"hz_adc_isr",66510.3,2499
"hz_adc_isr",66510.3,2499
"hz_adc_isr",66510.3,2499
"hz_adc_isr",66510.3,2499
"hz_adc_isr",66510.3,2499
"hz_adc_isr",66510.3,2499
"hz_adc_isr",66510.4,2499
"hz_adc_isr",66510.4,2499
"hz_adc_isr",66510.4,2499
"hz_adc_isr",66510.4,2499
"hz_adc_isr",66510.4,2499
"hz_adc_isr",66510.4,2499
"hz_adc_isr",66510.4,2499
"hz_adc_isr",66510.4,2499
"hz_adc_isr",66510.4,2499
"hz_adc_isr",66510.4,2499
"hz_adc_isr",66510.5,2499
"hz_adc_isr",66510.5,2499
"hz_adc_isr",66510.5,2499
"hz_adc_isr",66510.5,2499
"hz_adc_isr",66510.5,2499
"hz_adc_isr",66510.5,2499
"hz_adc_isr",66510.5,2499
"hz_adc_isr",66510.5,2499
"hz_adc_isr",66510.5,2499
"hz_adc_isr",66510.5,2499
"hz_adc_isr",66510.6,2499
"hz_adc_isr",66510.6,2499
"hz_adc_isr",66510.6,2499
"hz_adc_isr",66510.6,2499
"hz_adc_isr",66510.6,2499
"hz_adc_isr",66510.6,2499
"hz_adc_isr",66510.6,2499
"hz_adc_isr",66510.6,2499
"hz_adc_isr",66510.6,2499
"hz_adc_isr",66510.6,2500
"hz_adc_isr",66510.7,2500
"hz_adc_isr",66510.7,2500
"hz_adc_isr",66510.7,2500
"hz_adc_isr",66510.7,2500
"hz_adc_isr",66510.7,2500
"hz_adc_isr",66510.7,2500
"hz_adc_isr",66510.7,2500
"hz_adc_isr",66510.7,2500
"hz_adc_isr",66510.7,2500
"hz_adc_isr",66510.8,2500
"hz_adc_isr",66510.8,2500
"hz_adc_isr",66510.8,2500
"hz_adc_isr",66510.8,2500
"hz_adc_isr",66510.8,2500
"hz_adc_isr",66510.8,2500
"hz_adc_isr",66510.8,2500
"hz_adc_isr",66510.8,2500
"hz_adc_isr",66510.8,2500
"hz_adc_isr",66510.8,2500
"hz_adc_isr",66510.9,2500
"hz_adc_isr",66510.9,2500
"hz_adc_isr",66510.9,2500
"hz_adc_isr",66510.9,2500
"hz_adc_isr",66510.9,2500
"hz_adc_isr",66510.9,2500
"hz_adc_isr",66510.9,2500
"hz_adc_isr",66510.9,2500
"hz_adc_isr",66510.9,2500
"hz_adc_isr",66510.9,2500
"hz_adc_isr",66510.9,2500
"hz_adc_isr",66511,2500
"hz_adc_isr",66511,2500
"hz_adc_isr",66511,2500
"hz_adc_isr",66511,2500
"hz_adc_isr",66511,2500
"hz_adc_isr",66511,2500
"hz_adc_isr",66511,2500
"hz_adc_isr",66511,2500
"hz_adc_isr",66511,2500
"hz_adc_isr",66511,2500
"hz_adc_isr",66511.1,2500
"hz_adc_isr",66511.1,2500
"hz_adc_isr",66511.1,2500
"hz_adc_isr",66511.1,2500
"hz_adc_isr",66511.1,2500
"hz_adc_isr",66511.1,2500
"hz_adc_isr",66511.1,2500
"hz_adc_isr",66511.1,2500
"hz_adc_isr",66511.1,2500
"hz_adc_isr",66511.1,2500
"hz_adc_isr",66511.2,2500
"hz_adc_isr",66511.2,2500
"hz_adc_isr",66511.2,2500
"hz_adc_isr",66511.2,2500
"hz_adc_isr",66511.2,2500
"hz_adc_isr",66511.2,2500
"hz_adc_isr",66511.2,2500
"hz_adc_isr",66511.2,2500
"hz_adc_isr",66511.2,2500
"hz_adc_isr",66511.2,2500
"hz_adc_isr",66511.3,2500
"hz_adc_isr",66511.3,2500
"hz_adc_isr",66511.3,2500
"hz_adc_isr",66511.3,2500
"hz_adc_isr",66511.3,2500
"hz_adc_isr",66511.3,2500
"hz_adc_isr",66511.3,2500
"hz_adc_isr",66511.3,2500
"hz_adc_isr",66511.3,2500
"hz_adc_isr",66511.3,2500
"hz_adc_isr",66511.4,2500
"hz_adc_isr",66511.4,2500
"hz_adc_isr",66511.4,2500
"hz_adc_isr",66511.4,2500
"hz_adc_isr",66511.4,2500
"hz_adc_isr",66511.4,2500
"hz_adc_isr",66511.4,2500
"hz_adc_isr",66511.4,2500
"hz_adc_isr",66511.4,2500
"hz_adc_isr",66511.4,2500
"hz_adc_isr",66511.5,2500
"hz_adc_isr",66511.5,2500
"hz_adc_isr",66511.5,2500
"hz_adc_isr",66511.5,2500
"hz_adc_isr",66511.5,2500
"hz_adc_isr",66511.5,2500
"hz_adc_isr",66511.5,2500
"hz_adc_isr",66511.5,2500
"hz_adc_isr",66511.5,2500
"hz_adc_isr",66511.5,2500
"hz_adc_isr",66511.6,2500
"hz_adc_isr",66511.6,2500
"hz_adc_isr",66511.6,2500
"hz_adc_isr",66511.6,2500
"hz_adc_isr",66511.6,2500
"hz_adc_isr",66511.6,2500
"hz_adc_isr",66511.6,2500
"hz_adc_isr",66511.6,2500
"hz_adc_isr",66511.6,2500
"hz_adc_isr",66511.6,2499
"hz_adc_isr",66511.7,2499
"hz_adc_isr",66511.7,2499
"hz_adc_isr",66511.7,2499
"hz_adc_isr",66511.7,2499
"hz_adc_isr",66511.7,2499
"hz_adc_isr",66511.7,2499
"hz_adc_isr",66511.7,2499
"hz_adc_isr",66511.7,2499
"hz_adc_isr",66511.7,2499
"hz_adc_isr",66511.8,2499
"hz_adc_isr",66511.8,2499
"hz_adc_isr",66511.8,2499
"hz_adc_isr",66511.8,2499
"hz_adc_isr",66511.8,2499
"hz_adc_isr",66511.8,2499
"hz_adc_isr",66511.8,2499
"hz_adc_isr",66511.8,2499
"hz_adc_isr",66511.8,2499
"hz_adc_isr",66511.8,2499
"hz_adc_isr",66511.9,2499
"hz_adc_isr",66511.9,2499
"hz_adc_isr",66511.9,2499
"hz_adc_isr",66511.9,2499
"hz_adc_isr",66511.9,2499
"hz_adc_isr",66511.9,2499
"hz_adc_isr",66511.9,2499
"hz_adc_isr",66511.9,2499
"hz_adc_isr",66511.9,2499
"hz_adc_isr",66511.9,2499
"hz_adc_isr",66512,2499
"hz_adc_isr",66512,2499
"hz_adc_isr",66512,2499
"hz_adc_isr",66512,2499
"hz_adc_isr",66512,2499
"hz_adc_isr",66512,2499
"hz_adc_isr",66512,2499
"hz_adc_isr",66512,2499
"hz_adc_isr",66512,2499
"hz_adc_isr",66512,2499
"hz_adc_isr",66512.1,2499
"hz_adc_isr",66512.1,2499
"hz_adc_isr",66512.1,2499
"hz_adc_isr",66512.1,2499
"hz_adc_isr",66512.1,2499
"hz_adc_isr",66512.1,2499
"hz_adc_isr",66512.1,2499
"hz_adc_isr",66512.1,2499
"hz_adc_isr",66512.1,2499
"hz_adc_isr",66512.1,2499
"hz_adc_isr",66512.1,2499
"hz_adc_isr",66512.2,2499
"hz_adc_isr",66512.2,2499
"hz_adc_isr",66512.2,2499
"hz_adc_isr",66512.2,2499
"hz_adc_isr",66512.2,2499
"hz_adc_isr",66512.2,2499
"hz_adc_isr",66512.2,2499
"hz_adc_isr",66512.2,2499
"hz_adc_isr",66512.2,2499
"hz_adc_isr",66512.2,2499
"hz_adc_isr",66512.3,2499
"hz_adc_isr",66512.3,2499
"hz_adc_isr",66512.3,2499
"hz_adc_isr",66512.3,2499
"hz_adc_isr",66512.3,2499
"hz_adc_isr",66512.3,2499
"hz_adc_isr",66512.3,2499
"hz_adc_isr",66512.3,2499
"hz_adc_isr",66512.3,2499
"hz_adc_isr",66512.4,2499
"hz_adc_isr",66512.4,2499
"hz_adc_isr",66512.4,2499
"hz_adc_isr",66512.4,2499
"hz_adc_isr",66512.4,2499
"hz_adc_isr",66512.4,2499
"hz_adc_isr",66512.4,2499
"hz_adc_isr",66512.4,2499
"hz_adc_isr",66512.4,2499
"hz_adc_isr",66512.4,2499
"hz_adc_isr",66512.5,2499
"hz_adc_isr",66512.5,2499
"hz_adc_isr",66512.5,2499
"hz_adc_isr",66512.5,2499
"hz_adc_isr",66512.5,2499
"hz_adc_isr",66512.5,2499
"hz_adc_isr",66512.5,2499
"hz_adc_isr",66512.5,2499
"hz_adc_isr",66512.5,2499
"hz_adc_isr",66512.5,2499
"hz_adc_isr",66512.6,2499
"hz_adc_isr",66512.6,2499
"hz_adc_isr",66512.6,2499
"hz_adc_isr",66512.6,2499
"hz_adc_isr",66512.6,2499
"hz_adc_isr",66512.6,2499
"hz_adc_isr",66512.6,2499
"hz_adc_isr",66512.6,2499
"hz_adc_isr",66512.6,2499
"hz_adc_isr",66512.6,2499
"hz_adc_isr",66512.6,2500
"hz_adc_isr",66512.7,2500
"hz_adc_isr",66512.7,2500
"hz_adc_isr",66512.7,2500
"hz_adc_isr",66512.7,2500
"hz_adc_isr",66512.7,2500
"hz_adc_isr",66512.7,2500
"hz_adc_isr",66512.7,2500
"hz_adc_isr",66512.7,2500
"hz_adc_isr",66512.7,2500
"hz_adc_isr",66512.8,2500
"hz_adc_isr",66512.8,2500
"hz_adc_isr",66512.8,2500
"hz_adc_isr",66512.8,2500
"hz_adc_isr",66512.8,2500
"hz_adc_isr",66512.8,2500
"hz_adc_isr",66512.8,2500
"hz_adc_isr",66512.8,2500
"hz_adc_isr",66512.8,2500
"hz_adc_isr",66512.8,2500
"hz_adc_isr",66512.9,2500
"hz_adc_isr",66512.9,2500
"hz_adc_isr",66512.9,2500
"hz_adc_isr",66512.9,2500
"hz_adc_isr",66512.9,2500
"hz_adc_isr",66512.9,2500
"hz_adc_isr",66512.9,2500
"hz_adc_isr",66512.9,2500
"hz_adc_isr",66512.9,2500
"hz_adc_isr",66512.9,2500
"hz_adc_isr",66513,2500
"hz_adc_isr",66513,2500
"hz_adc_isr",66513,2500
"hz_adc_isr",66513,2500
"hz_adc_isr",66513,2500
"hz_adc_isr",66513,2500
"hz_adc_isr",66513,2500
"hz_adc_isr",66513,2500
"hz_adc_isr",66513,2500
"hz_adc_isr",66513,2500
"hz_adc_isr",66513.1,2500
"hz_adc_isr",66513.1,2500
"hz_adc_isr",66513.1,2500
"hz_adc_isr",66513.1,2500
"hz_adc_isr",66513.1,2500
"hz_adc_isr",66513.1,2500
"hz_adc_isr",66513.1,2500
"hz_adc_isr",66513.1,2500
"hz_adc_isr",66513.1,2500
"hz_adc_isr",66513.1,2500
"hz_adc_isr",66513.2,2500
"hz_adc_isr",66513.2,2500
"hz_adc_isr",66513.2,2500
"hz_adc_isr",66513.2,2500
"hz_adc_isr",66513.2,2500
"hz_adc_isr",66513.2,2500
"hz_adc_isr",66513.2,2500
"hz_adc_isr",66513.2,2500
"hz_adc_isr",66513.2,2500
"hz_adc_isr",66513.2,2500
"hz_adc_isr",66513.2,2500
"hz_adc_isr",66513.3,2500
"hz_adc_isr",66513.3,2500
"hz_adc_isr",66513.3,2500
"hz_adc_isr",66513.3,2500
"hz_adc_isr",66513.3,2500
"hz_adc_isr",66513.3,2500
"hz_adc_isr",66513.3,2500
"hz_adc_isr",66513.3,2500
"hz_adc_isr",66513.3,2500
"hz_adc_isr",66513.4,2500
"hz_adc_isr",66513.4,2500
"hz_adc_isr",66513.4,2500
"hz_adc_isr",66513.4,2500
"hz_adc_isr",66513.4,2500
"hz_adc_isr",66513.4,2500
"hz_adc_isr",66513.4,2500
"hz_adc_isr",66513.4,2500
"hz_adc_isr",66513.4,2500
"hz_adc_isr",66513.4,2500
"hz_adc_isr",66513.5,2500
"hz_adc_isr",66513.5,2500
"hz_adc_isr",66513.5,2500
"hz_adc_isr",66513.5,2500
"hz_adc_isr",66513.5,2500
"hz_adc_isr",66513.5,2500
"hz_adc_isr",66513.5,2500
"hz_adc_isr",66513.5,2500
"hz_adc_isr",66513.5,2500
"hz_adc_isr",66513.5,2500
"hz_adc_isr",66513.6,2500
"hz_adc_isr",66513.6,2500
"hz_adc_isr",66513.6,2500
"hz_adc_isr",66513.6,2500
"hz_adc_isr",66513.6,2500
"hz_adc_isr",66513.6,2500
"hz_adc_isr",66513.6,2500
"hz_adc_isr",66513.6,2500
"hz_adc_isr",66513.6,2500
"hz_adc_isr",66513.6,2500
"hz_adc_isr",66513.7,2499
"hz_adc_isr",66513.7,2499
"hz_adc_isr",66513.7,2499
"hz_adc_isr",66513.7,2499
"hz_adc_isr",66513.7,2499
"hz_adc_isr",66513.7,2499
"hz_adc_isr",66513.7,2499
"hz_adc_isr",66513.7,2499
"hz_adc_isr",66513.7,2499
"hz_adc_isr",66513.8,2499
"hz_adc_isr",66513.8,2499
"hz_adc_isr",66513.8,2499
"hz_adc_isr",66513.8,2499
"hz_adc_isr",66513.8,2499
"hz_adc_isr",66513.8,2499
"hz_adc_isr",66513.8,2499
"hz_adc_isr",66513.8,2499
"hz_adc_isr",66513.8,2499
"hz_adc_isr",66513.8,2499
"hz_adc_isr",66513.8,2499
"hz_adc_isr",66513.9,2499
"hz_adc_isr",66513.9,2499
"hz_adc_isr",66513.9,2499
"hz_adc_isr",66513.9,2499
"hz_adc_isr",66513.9,2499
"hz_adc_isr",66513.9,2499
"hz_adc_isr",66513.9,2499
"hz_adc_isr",66513.9,2499
"hz_adc_isr",66513.9,2499
"hz_adc_isr",66513.9,2499
"hz_adc_isr",66514,2499
"hz_adc_isr",66514,2499
"hz_adc_isr",66514,2499
"hz_adc_isr",66514,2499
"hz_adc_isr",66514,2499
"hz_adc_isr",66514,2499
"hz_adc_isr",66514,2499
"hz_adc_isr",66514,2499
"hz_adc_isr",66514,2499
"hz_adc_isr",66514,2499
"hz_adc_isr",66514.1,2499
"hz_adc_isr",66514.1,2499
"hz_adc_isr",66514.1,2499
"hz_adc_isr",66514.1,2499
"hz_adc_isr",66514.1,2499
"hz_adc_isr",66514.1,2499
"hz_adc_isr",66514.1,2499
"hz_adc_isr",66514.1,2499
"hz_adc_isr",66514.1,2499
"hz_adc_isr",66514.1,2499
"hz_adc_isr",66514.2,2499
"hz_adc_isr",66514.2,2499
"hz_adc_isr",66514.2,2499
"hz_adc_isr",66514.2,2499
"hz_adc_isr",66514.2,2499
"hz_adc_isr",66514.2,2499
"hz_adc_isr",66514.2,2499
"hz_adc_isr",66514.2,2499
"hz_adc_isr",66514.2,2499
"hz_adc_isr",66514.2,2499
"hz_adc_isr",66514.3,2499
"hz_adc_isr",66514.3,2499
"hz_adc_isr",66514.3,2499
