[SHELL] ccA:index,cycles,seq,id,iq,idref,iqref,theta,actangle,age_us,vdreq,vqreq,vd,vq,intd,intq,scale,bus,raw_id,raw_iq
[SHELL] ccB:index,timer,valid,ia,ib,ic,du,dv,dw,active_u,active_v,active_w
[SHELL] ccA:0,2459478197,2638270,4.065,37.299,0.000,35.000,1.53112,1.70183,23.97,-12.757,22.275,-12.757,22.275,-12.676,4.247,1.00000,74.342,10.423,39.447
[SHELL] ccB:0,23149,1,-39.003,29.876,9.126,20.340,43.411,79.660,20.193,54.246,79.807
[SHELL] ccA:1,2459588253,2638271,5.147,36.819,0.000,35.000,1.75170,1.92306,24.06,-12.781,22.353,-12.781,22.353,-12.678,4.246,1.00000,74.342,-5.233,30.880
[SHELL] ccB:1,2147515471,1,-29.434,5.448,23.986,21.803,32.278,78.197,20.340,43.411,79.660
[SHELL] ccA:2,2459698177,2638272,3.665,34.147,0.000,35.000,1.96484,2.13621,23.97,-12.754,22.407,-12.754,22.407,-12.680,4.246,1.00000,74.342,14.700,35.382
[SHELL] ccB:2,23139,1,-38.314,19.148,19.166,25.612,23.470,76.530,21.803,32.278,78.197
[SHELL] ccA:3,2459808153,2638273,4.502,33.303,0.000,35.000,2.18452,2.35590,23.93,-12.773,22.425,-12.773,22.425,-12.683,4.247,1.00000,74.342,-6.161,31.567
[SHELL] ccB:3,2147515521,1,-22.258,-8.977,31.235,36.214,21.009,78.991,25.612,23.470,76.530
[SHELL] ccA:4,2459918085,2638274,0.757,33.814,0.000,35.000,2.39973,2.57110,23.86,-12.698,22.415,-12.698,22.415,-12.683,4.248,1.00000,74.342,0.648,36.741
[SHELL] ccB:4,23093,1,-25.303,-10.427,35.729,47.139,20.035,79.965,36.214,21.009,78.991
[SHELL] ccA:5,2460028137,2638275,2.128,36.794,0.000,35.000,2.61389,2.78524,23.95,-12.727,22.355,-12.727,22.355,-12.684,4.247,1.00000,74.342,13.375,42.127
[SHELL] ccB:5,2147515529,1,-32.769,-9.303,42.072,58.330,20.423,79.577,47.139,20.035,79.965
[SHELL] ccA:6,2460138125,2638276,5.989,38.981,0.000,35.000,2.83099,3.00235,23.92,-12.807,22.309,-12.807,22.309,-12.687,4.245,1.00000,74.342,-3.441,34.927
[SHELL] ccB:6,23113,1,-7.398,-26.012,33.410,69.343,22.193,77.807,58.330,20.423,79.577
[SHELL] ccA:7,2460248077,2638277,6.347,37.599,0.000,35.000,3.05093,3.22228,23.86,-12.817,22.335,-12.817,22.335,-12.690,4.244,1.00000,74.342,18.894,38.414
[SHELL] ccB:7,2147515559,1,-22.294,-20.503,42.797,77.070,22.930,72.391,69.343,22.193,77.807
[SHELL] ccA:8,2460358125,2638278,8.222,36.801,0.000,35.000,3.26552,3.43690,23.93,-12.859,22.350,-12.859,22.350,-12.694,4.243,1.00000,74.342,-1.460,35.450
[SHELL] ccB:8,23113,1,5.831,-33.224,27.393,79.248,20.752,61.851,77.070,22.930,72.391
[SHELL] ccA:9,2460468081,2638279,4.335,36.584,0.000,35.000,3.47833,3.64970,23.86,-12.783,22.354,-12.783,22.354,-12.696,4.242,1.00000,74.342,1.368,37.022
[SHELL] ccB:9,2147515557,1,10.941,-36.124,25.182,79.992,20.008,51.019,79.248,20.752,61.851
[SHELL] ccA:10,2460578121,2638280,3.712,37.639,0.000,35.000,3.69843,3.86979,23.93,-12.773,22.331,-12.773,22.331,-12.698,4.241,1.00000,74.342,13.570,41.060
[SHELL] ccB:10,23111,1,10.180,-41.488,31.308,79.368,20.632,39.660,79.992,20.008,51.019
[SHELL] ccA:11,2460688065,2638281,5.679,38.161,0.000,35.000,3.91637,4.08774,23.87,-12.815,22.319,-12.815,22.319,-12.701,4.239,1.00000,74.342,-5.792,33.504
[SHELL] ccB:11,2147515565,1,27.577,-31.013,3.436,77.374,22.626,28.819,79.368,20.632,39.660
[SHELL] ccA:12,2460798121,2638282,4.397,36.152,0.000,35.000,4.13623,4.30760,23.96,-12.791,22.359,-12.791,22.359,-12.703,4.238,1.00000,74.342,15.601,36.539
[SHELL] ccB:12,23111,1,22.141,-39.639,17.499,77.536,29.342,22.464,77.374,22.626,28.819
[SHELL] ccA:13,2460908041,2638283,5.575,35.446,0.000,35.000,4.35492,4.52626,23.80,-12.818,22.373,-12.818,22.373,-12.706,4.238,1.00000,74.342,-3.108,35.203
[SHELL] ccB:13,2147515577,1,34.065,-25.178,-8.887,79.499,40.202,20.501,77.536,29.342,22.464
[SHELL] ccA:14,2461018049,2638284,2.196,36.128,0.000,35.000,4.56600,4.73737,23.83,-12.751,22.359,-12.751,22.359,-12.707,4.238,1.00000,74.342,-0.600,37.569
[SHELL] ccB:14,23075,1,37.254,-22.858,-14.396,79.978,51.022,20.022,79.499,40.202,20.501
[SHELL] ccA:15,2461128045,2638285,1.607,38.106,0.000,35.000,4.78179,4.95314,23.83,-12.740,22.318,-12.740,22.318,-12.708,4.236,1.00000,74.342,10.739,42.084
[SHELL] ccB:15,2147515575,1,42.727,-28.114,-14.613,79.107,62.117,20.893,79.978,51.022,20.022
[SHELL] ccA:16,2461238049,2638286,3.088,38.083,0.000,35.000,4.99770,5.16905,23.83,-12.771,22.316,-12.771,22.316,-12.710,4.235,1.00000,74.342,-8.526,30.598
[SHELL] ccB:16,23075,1,26.961,1.062,-28.024,76.934,72.699,23.066,79.107,62.117,20.893
[SHELL] ccA:17,2461348045,2638287,0.402,34.150,0.000,35.000,5.21511,5.38647,23.85,-12.718,22.396,-12.718,22.396,-12.710,4.235,1.00000,74.342,7.921,33.320
[SHELL] ccB:17,2147515575,1,33.014,-8.615,-24.399,69.287,77.859,22.141,76.934,72.699,23.066
[SHELL] ccA:18,2461458041,2638288,0.403,32.239,0.000,35.000,5.43141,5.60278,23.83,-12.718,22.435,-12.718,22.435,-12.710,4.236,1.00000,74.342,-5.704,31.720
[SHELL] ccB:18,23071,1,20.111,11.754,-31.865,58.531,79.636,20.364,69.287,77.859,22.141
[SHELL] ccA:19,2461568093,2638289,-2.060,32.730,0.000,35.000,5.65007,5.82146,23.91,-12.668,22.426,-12.668,22.426,-12.709,4.237,1.00000,74.782,-4.755,34.160
[SHELL] ccB:19,2147515551,1,16.378,18.097,-34.475,47.291,79.787,20.213,58.531,79.636,20.364
[SHELL] ccA:20,2461678041,2638290,-0.493,35.226,0.000,35.000,5.85914,6.03051,23.84,-12.699,22.376,-12.699,22.376,-12.709,4.237,1.00000,74.782,13.241,40.864
[SHELL] ccB:20,23071,1,28.882,13.095,-41.977,36.558,78.767,21.233,47.291,79.787,20.213
[SHELL] ccA:21,2461788073,2638291,3.096,36.848,0.000,35.000,6.08106,6.25242,23.89,-12.772,22.343,-12.772,22.343,-12.710,4.236,1.00000,74.342,-9.346,31.503
[SHELL] ccB:21,2147515561,1,-2.831,29.768,-26.936,25.628,76.473,23.527,36.558,78.767,21.233
[SHELL] ccA:22,2461898037,2638292,1.162,34.638,0.000,35.000,0.01953,0.19090,23.93,-12.734,22.387,-12.734,22.387,-12.711,4.237,1.00000,74.342,10.098,34.682
[SHELL] ccB:22,23069,1,9.419,25.491,-34.910,21.705,78.295,32.712,25.628,76.473,23.527
[SHELL] ccA:23,2462007933,2638293,1.523,33.856,0.000,35.000,0.23431,0.40567,23.77,-12.742,22.404,-12.742,22.404,-12.712,4.237,1.00000,74.342,-4.760,34.557
[SHELL] ccB:23,2147515631,1,-12.653,34.479,-21.826,20.208,79.792,43.547,21.705,78.295,32.712
[SHELL] ccA:24,2462117873,2638294,-1.847,34.438,0.000,35.000,0.45103,0.62240,23.66,-12.674,22.392,-12.674,22.392,-12.711,4.237,1.00000,74.342,-7.964,33.955
[SHELL] ccB:24,22987,1,-21.968,34.443,-12.475,20.148,79.852,54.678,20.208,79.792,43.547
[SHELL] ccA:25,2462228141,2638295,-2.510,35.930,0.000,35.000,0.67329,0.84466,23.73,-12.659,22.362,-12.659,22.362,-12.709,4.237,1.00000,74.342,10.647,41.254
[SHELL] ccB:25,2147515527,1,-17.401,42.380,-24.979,21.516,78.484,65.944,20.148,79.852,54.678
[SHELL] ccA:26,2462338361,2638296,-0.205,37.524,0.000,35.000,0.87724,1.04861,24.20,-12.705,22.329,-12.705,22.329,-12.709,4.236,1.00000,74.342,-14.149,33.632
[SHELL] ccB:26,23231,1,-34.907,26.651,8.257,24.009,75.991,75.699,21.516,78.484,65.944
[SHELL] ccA:27,2462448277,2638297,-3.892,36.262,0.000,35.000,1.09601,1.26737,24.04,-12.630,22.353,-12.630,22.353,-12.707,4.235,1.00000,74.342,2.082,36.529
[SHELL] ccB:27,2147515459,1,-31.536,31.833,-0.297,21.542,65.938,78.458,24.009,75.991,75.699
[SHELL] ccA:28,2462558297,2638298,-3.748,36.260,0.000,35.000,1.31860,1.48996,24.06,-12.631,22.353,-12.631,22.353,-12.705,4.234,1.00000,74.342,-5.009,38.350
[SHELL] ccB:28,23199,1,-38.387,23.280,15.107,20.212,54.662,79.788,21.542,65.938,78.458
[SHELL] ccA:29,2462668285,2638299,-3.480,37.576,0.000,35.000,1.53565,1.70701,24.05,-12.634,22.325,-12.634,22.325,-12.704,4.233,1.00000,74.342,-5.983,37.076
[SHELL] ccB:29,2147515455,1,-37.263,14.581,22.682,20.360,43.414,79.640,20.212,54.662,79.788
[SHELL] ccA:30,2462778321,2638300,-1.203,38.212,0.000,35.000,1.74939,1.92075,24.14,-12.679,22.311,-12.679,22.311,-12.703,4.232,1.00000,74.342,12.164,40.347
[SHELL] ccB:30,23211,1,-41.866,25.092,16.774,21.848,32.580,78.152,20.360,43.414,79.640
[SHELL] ccA:31,2462888269,2638301,1.293,37.494,0.000,35.000,1.96169,2.13306,24.05,-12.730,22.324,-12.730,22.324,-12.704,4.230,1.00000,74.342,-13.173,32.208
[SHELL] ccB:31,2147515463,1,-24.759,-8.796,33.555,25.583,23.590,76.410,21.848,32.580,78.152
[SHELL] ccA:32,2462998289,2638302,-3.622,34.843,0.000,35.000,2.17861,2.34998,24.09,-12.630,22.377,-12.630,22.377,-12.702,4.230,1.00000,74.342,-0.304,34.611
[SHELL] ccB:32,23195,1,-28.238,-3.214,31.453,35.782,21.215,78.785,25.583,23.590,76.410
[SHELL] ccA:33,2463108177,2638303,-4.967,34.740,0.000,35.000,2.39250,2.56387,23.95,-12.600,22.379,-12.600,22.379,-12.699,4.231,1.00000,74.342,-6.088,37.529
[SHELL] ccB:33,2147515509,1,-21.098,-16.842,37.940,46.638,20.145,79.855,35.782,21.215,78.785
[SHELL] ccA:34,2463218513,2638304,-5.201,36.440,0.000,35.000,2.61781,2.78920,23.95,-12.593,22.345,-12.593,22.345,-12.697,4.230,1.00000,74.342,-8.326,36.090
[SHELL] ccB:34,23307,1,-10.841,-25.251,36.092,58.286,20.507,79.493,46.638,20.145,79.855
[SHELL] ccA:35,2463327645,2638305,-2.256,37.661,0.000,35.000,2.82304,2.99440,23.49,-12.651,22.319,-12.651,22.319,-12.696,4.228,1.00000,74.342,13.716,40.934
[SHELL] ccB:35,2147515775,1,-25.846,-17.023,42.869,68.645,22.120,77.880,58.286,20.507,79.493
[SHELL] ccA:36,2463437569,2638306,2.206,37.554,0.000,35.000,3.03997,3.21135,23.39,-12.741,22.320,-12.741,22.320,-12.697,4.227,1.00000,74.342,-10.280,32.259
[SHELL] ccB:36,22835,1,6.954,-32.173,25.219,76.844,23.156,72.962,68.645,22.120,77.880
[SHELL] ccA:37,2463547553,2638307,-0.540,34.845,0.000,35.000,3.25854,3.42991,23.39,-12.686,22.374,-12.686,22.374,-12.697,4.227,1.00000,74.342,4.684,33.929
[SHELL] ccB:37,2147515821,1,-0.693,-29.310,30.003,79.081,20.919,62.492,76.844,23.156,72.962
[SHELL] ccA:38,2463657557,2638308,-0.369,34.226,0.000,35.000,3.46978,3.64116,23.39,-12.689,22.387,-12.689,22.387,-12.696,4.228,1.00000,74.342,-0.564,36.787
[SHELL] ccB:38,22829,1,12.391,-36.196,23.805,79.961,20.039,51.660,79.081,20.919,62.492
[SHELL] ccA:39,2463767561,2638309,-0.523,35.029,0.000,35.000,3.69555,3.86692,23.40,-12.686,22.371,-12.686,22.371,-12.696,4.228,1.00000,74.342,-5.647,32.613
[SHELL] ccB:39,2147515817,1,21.959,-32.427,10.467,79.397,20.603,39.997,79.961,20.039,51.660
[SHELL] ccA:40,2463877633,2638310,0.314,34.969,0.000,35.000,3.90503,4.07636,23.40,-12.703,22.372,-12.703,22.372,-12.696,4.228,1.00000,74.342,13.113,37.862
[SHELL] ccB:40,22867,1,16.704,-39.893,23.189,77.557,22.443,29.596,79.397,20.603,39.997
[SHELL] ccA:41,2463987673,2638311,2.610,35.072,0.000,35.000,4.12523,4.29659,23.54,-12.750,22.370,-12.750,22.370,-12.698,4.228,1.00000,74.342,-10.139,31.950
[SHELL] ccB:41,2147515761,1,32.216,-24.127,-8.089,77.371,28.752,22.629,77.557,22.443,29.596
[SHELL] ccA:42,2464097617,2638312,-0.969,33.984,0.000,35.000,4.33458,4.50595,23.44,-12.678,22.392,-12.678,22.392,-12.697,4.228,1.00000,74.342,3.289,34.172
[SHELL] ccB:42,22859,1,30.549,-28.839,-1.710,79.286,38.930,20.714,77.371,28.752,22.629
[SHELL] ccA:43,2464207657,2638313,-0.772,34.866,0.000,35.000,4.55839,4.72976,23.54,-12.681,22.375,-12.681,22.375,-12.697,4.228,1.00000,74.342,0.474,39.168
[SHELL] ccB:43,2147515769,1,38.632,-24.924,-13.707,79.959,50.488,20.041,79.286,38.930,20.714
[SHELL] ccA:44,2464317657,2638314,-0.662,35.992,0.000,35.000,4.77305,4.94442,23.54,-12.683,22.352,-12.683,22.352,-12.696,4.228,1.00000,74.342,-6.884,31.459
[SHELL] ccB:44,22879,1,30.984,-7.890,-23.094,79.186,61.547,20.814,79.959,50.488,20.041
[SHELL] ccA:45,2464427609,2638315,-0.361,34.976,0.000,35.000,4.98304,5.15440,23.43,-12.689,22.372,-12.689,22.372,-12.696,4.228,1.00000,74.342,11.850,37.819
[SHELL] ccB:45,2147515793,1,39.610,-20.938,-18.673,77.179,71.839,22.821,79.186,61.547,20.814
[SHELL] ccA:46,2464537657,2638316,0.843,34.065,0.000,35.000,5.20312,5.37449,23.54,-12.714,22.391,-12.714,22.391,-12.697,4.228,1.00000,74.342,-13.445,29.164
[SHELL] ccB:46,22879,1,19.386,12.479,-31.865,69.861,77.716,22.284,77.179,71.839,22.821
[SHELL] ccA:47,2464647641,2638317,-4.254,31.839,0.000,35.000,5.42496,5.59632,23.50,-12.609,22.437,-12.609,22.437,-12.695,4.230,1.00000,74.342,-1.977,31.207
[SHELL] ccB:47,2147515777,1,22.322,7.804,-30.126,59.034,79.525,20.475,69.861,77.716,22.284
[SHELL] ccA:48,2464757605,2638318,-4.463,32.068,0.000,35.000,5.63549,5.80687,23.43,-12.603,22.434,-12.603,22.434,-12.692,4.231,1.00000,74.342,-0.453,36.694
[SHELL] ccB:48,22853,1,21.778,14.690,-36.468,48.155,79.956,20.044,59.034,79.525,20.475
[SHELL] ccA:49,2464867609,2638319,-3.377,33.458,0.000,35.000,5.84375,6.01511,23.42,-12.623,22.406,-12.623,22.406,-12.691,4.232,1.00000,74.342,-10.625,29.238
[SHELL] ccB:49,2147515793,1,2.823,25.418,-28.241,37.415,79.064,20.936,48.155,79.956,20.044
[SHELL] ccA:50,2464977629,2638320,-2.325,32.896,0.000,35.000,6.06583,6.23717,23.41,-12.643,22.419,-12.643,22.419,-12.689,4.233,1.00000,74.342,12.405,36.416
[SHELL] ccB:50,22865,1,19.966,18.496,-38.462,26.598,76.766,23.234,37.415,79.064,20.936
[SHELL] ccA:51,2465087669,2638321,1.225,33.283,0.000,35.000,6.27853,0.16673,23.42,-12.715,22.412,-12.715,22.412,-12.690,4.234,1.00000,74.342,-9.282,31.063
[SHELL] ccB:51,2147515763,1,-9.138,31.507,-22.369,21.954,78.046,31.470,26.598,76.766,23.234
[SHELL] ccA:52,2465197733,2638322,-1.296,33.392,0.000,35.000,0.20788,0.37923,23.56,-12.663,22.411,-12.663,22.411,-12.689,4.235,1.00000,74.342,0.976,35.027
[SHELL] ccB:52,22917,1,-6.275,32.993,-26.719,20.367,79.633,42.052,21.954,78.046,31.470
[SHELL] ccA:53,2465307665,2638323,-0.530,35.810,0.000,35.000,0.42847,0.59983,23.53,-12.679,22.362,-12.679,22.362,-12.689,4.234,1.00000,74.342,5.210,42.123
[SHELL] ccB:53,2147515765,1,-12.762,41.438,-28.676,20.125,79.875,53.546,20.367,79.633,42.052
[SHELL] ccA:54,2465417897,2638324,1.026,38.316,0.000,35.000,0.64587,0.81724,23.46,-12.710,22.310,-12.710,22.310,-12.690,4.233,1.00000,74.342,-7.291,33.991
[SHELL] ccB:54,22999,1,-26.281,32.848,-6.567,21.320,78.680,64.710,20.125,79.875,53.546
[SHELL] ccA:55,2465528145,2638325,2.243,37.603,0.000,35.000,0.85601,1.02739,23.98,-12.736,22.323,-12.736,22.323,-12.691,4.231,1.00000,74.342,18.343,40.304
[SHELL] ccB:55,2147515525,1,-18.416,44.084,-25.668,23.707,76.293,74.799,21.320,78.680,64.710
[SHELL] ccA:56,2465638053,2638326,5.285,37.110,0.000,35.000,1.07301,1.24441,23.83,-12.799,22.332,-12.799,22.332,-12.693,4.230,1.00000,74.342,-8.256,33.840
[SHELL] ccB:56,23077,1,-33.675,24.548,9.126,21.629,66.807,78.371,23.707,76.293,74.799
[SHELL] ccA:57,2465748101,2638327,0.536,36.278,0.000,35.000,1.29090,1.46226,23.93,-12.704,22.348,-12.704,22.348,-12.694,4.230,1.00000,74.342,0.312,37.127
[SHELL] ccB:57,2147515547,1,-35.596,26.941,8.655,20.252,55.962,79.748,21.629,66.807,78.371
[SHELL] ccA:58,2465858045,2638328,-0.410,36.841,0.000,35.000,1.50426,1.67565,23.83,-12.685,22.336,-12.685,22.336,-12.693,4.229,1.00000,74.342,5.992,39.271
[SHELL] ccB:58,23073,1,-38.785,26.832,11.953,20.220,44.941,79.780,20.252,55.962,79.748
[SHELL] ccA:59,2465968149,2638329,1.199,36.755,0.000,35.000,1.72158,1.89294,23.91,-12.718,22.336,-12.718,22.336,-12.694,4.228,1.00000,74.342,-7.502,31.352
[SHELL] ccB:59,2147515523,1,-29.869,4.433,25.436,21.542,33.876,78.458,20.220,44.941,79.780
[SHELL] ccA:60,2466078153,2638330,1.694,33.823,0.000,35.000,1.93572,2.10708,23.98,-12.729,22.396,-12.729,22.396,-12.695,4.228,1.00000,74.342,15.786,33.316
[SHELL] ccB:60,23127,1,-36.756,20.852,15.904,24.279,23.923,76.077,21.542,33.876,78.458
[SHELL] ccA:61,2466188093,2638331,4.241,32.333,0.000,35.000,2.15683,2.32817,23.86,-12.782,22.427,-12.782,22.427,-12.697,4.230,1.00000,74.342,-7.107,31.347
[SHELL] ccB:61,2147515551,1,-22.186,-9.050,31.235,34.837,21.232,78.768,24.279,23.923,76.077
[SHELL] ccA:62,2466298061,2638332,0.506,32.876,0.000,35.000,2.36815,2.53948,23.81,-12.707,22.417,-12.707,22.417,-12.697,4.231,1.00000,74.342,0.454,35.494
[SHELL] ccB:62,23081,1,-25.121,-9.158,34.280,45.513,20.094,79.906,34.837,21.232,78.768
[SHELL] ccA:63,2466408033,2638333,0.924,35.620,0.000,35.000,2.58738,2.75872,23.81,-12.716,22.362,-12.716,22.362,-12.698,4.231,1.00000,74.342,9.896,40.147
[SHELL] ccB:63,2147515581,1,-29.543,-10.282,39.825,56.944,20.302,79.698,45.513,20.094,79.906
[SHELL] ccA:64,2466518081,2638334,3.972,37.280,0.000,35.000,2.79959,2.97095,23.90,-12.779,22.327,-12.779,22.327,-12.700,4.229,1.00000,74.342,-4.359,33.332
[SHELL] ccB:64,23091,1,-7.072,-24.924,31.996,67.760,21.840,78.160,56.944,20.302,79.698
[SHELL] ccA:65,2466628029,2638335,4.835,36.024,0.000,35.000,3.02009,3.19143,23.81,-12.799,22.352,-12.799,22.352,-12.702,4.229,1.00000,74.342,18.163,37.286
[SHELL] ccB:65,2147515583,1,-22.548,-18.872,41.420,76.651,23.349,73.876,67.760,21.840,78.160
[SHELL] ccA:66,2466738017,2638336,7.405,35.215,0.000,35.000,3.23569,3.40705,23.81,-12.854,22.368,-12.854,22.368,-12.706,4.229,1.00000,74.342,-2.346,32.957
[SHELL] ccB:66,23059,1,5.432,-30.941,25.509,79.042,20.958,63.390,76.651,23.349,73.876
[SHELL] ccA:67,2466848021,2638337,3.604,34.683,0.000,35.000,3.45227,3.62365,23.81,-12.780,22.379,-12.780,22.379,-12.708,4.229,1.00000,74.342,0.944,35.531
[SHELL] ccB:67,2147515587,1,9.963,-34.529,24.566,79.989,20.011,52.405,79.042,20.958,63.390
[SHELL] ccA:68,2466958065,2638338,2.892,35.724,0.000,35.000,3.67149,3.84287,23.89,-12.767,22.358,-12.767,22.358,-12.709,4.229,1.00000,74.342,12.024,38.876
[SHELL] ccB:68,23083,1,9.274,-38.951,29.677,79.545,20.455,41.061,79.989,20.011,52.405
[SHELL] ccA:69,2467068021,2638339,4.695,36.477,0.000,35.000,3.89700,4.06837,23.82,-12.805,22.342,-12.805,22.342,-12.711,4.228,1.00000,74.342,-6.211,32.624
[SHELL] ccB:69,2147515587,1,26.889,-30.325,3.436,77.630,22.370,29.765,79.545,20.455,41.061
[SHELL] ccA:70,2467177989,2638340,3.354,35.014,0.000,35.000,4.09969,4.27107,23.77,-12.780,22.371,-12.780,22.371,-12.713,4.228,1.00000,74.342,13.813,35.931
[SHELL] ccB:70,23045,1,21.452,-38.407,16.955,77.079,27.581,22.921,77.630,22.370,29.765
[SHELL] ccA:71,2467288045,2638341,3.968,34.297,0.000,35.000,4.31379,4.48515,23.86,-12.794,22.386,-12.794,22.386,-12.715,4.228,1.00000,74.342,-5.542,32.702
[SHELL] ccB:71,2147515575,1,32.289,-22.714,-9.575,79.235,38.058,20.765,77.079,27.581,22.921
[SHELL] ccA:72,2467398025,2638342,0.505,34.306,0.000,35.000,4.54019,4.71153,23.78,-12.725,22.386,-12.725,22.386,-12.715,4.229,1.00000,74.342,-0.709,35.888
[SHELL] ccB:72,23063,1,35.478,-22.460,-13.019,79.996,49.607,20.004,79.235,38.058,20.765
[SHELL] ccA:73,2467508017,2638343,1.342,36.408,0.000,35.000,4.74459,4.91595,23.84,-12.743,22.343,-12.743,22.343,-12.716,4.228,1.00000,74.342,12.327,41.156
[SHELL] ccB:73,2147515589,1,41.531,-30.288,-11.243,79.377,60.223,20.623,79.996,49.607,20.004
[SHELL] ccA:74,2467618021,2638344,4.323,37.149,0.000,35.000,4.96839,5.13976,23.85,-12.805,22.327,-12.805,22.327,-12.718,4.227,1.00000,74.342,-6.655,30.398
[SHELL] ccB:74,23061,1,27.722,-1.620,-26.103,77.323,71.388,22.677,79.377,60.223,20.623
[SHELL] ccA:75,2467728025,2638345,3.592,34.091,0.000,35.000,5.19004,5.36140,23.83,-12.792,22.389,-12.792,22.389,-12.720,4.227,1.00000,74.342,15.350,34.412
[SHELL] ccB:75,2147515585,1,37.617,-16.914,-20.702,70.390,77.635,22.365,77.323,71.388,22.677
[SHELL] ccA:76,2467837989,2638346,4.861,33.031,0.000,35.000,5.39866,5.57003,23.77,-12.820,22.411,-12.820,22.411,-12.722,4.228,1.00000,74.342,-4.601,32.904
[SHELL] ccB:76,23045,1,22.539,9.870,-32.409,60.021,79.515,20.485,70.390,77.635,22.365
[SHELL] ccA:77,2467947989,2638347,0.925,33.582,0.000,35.000,5.61784,5.78921,23.77,-12.741,22.401,-12.741,22.401,-12.723,4.229,1.00000,74.342,-2.446,34.109
[SHELL] ccB:77,2147515603,1,19.132,14.980,-34.112,48.795,80.013,19.987,60.021,79.515,20.485
[SHELL] ccA:78,2468057977,2638348,1.501,35.632,0.000,35.000,5.83444,6.00581,23.77,-12.754,22.360,-12.754,22.360,-12.724,4.229,1.00000,74.342,15.498,41.406
[SHELL] ccB:78,23039,1,31.926,10.522,-42.449,37.604,79.120,20.880,48.795,80.013,19.987
[SHELL] ccA:79,2468168473,2638349,5.841,37.354,0.000,35.000,6.05233,6.22368,23.77,-12.843,22.324,-12.843,22.324,-12.727,4.227,1.00000,74.342,-5.186,32.497
[SHELL] ccB:79,2147515361,1,2.388,27.230,-29.618,26.810,76.849,23.151,37.604,79.120,20.880
[SHELL] ccA:80,2468277949,2638350,4.729,35.448,0.000,35.000,6.26841,0.15659,23.84,-12.824,22.362,-12.824,22.362,-12.729,4.227,1.00000,74.342,13.791,35.394
[SHELL] ccB:80,23025,1,14.312,23.316,-37.628,22.002,77.998,31.195,26.810,76.849,23.151
[SHELL] ccA:81,2468387813,2638351,5.100,34.424,0.000,35.000,0.20270,0.37405,23.65,-12.833,22.383,-12.833,22.383,-12.731,4.227,1.00000,74.342,-1.998,34.410
[SHELL] ccB:81,2147515691,1,-8.884,33.283,-24.399,20.293,79.707,42.090,22.002,77.998,31.195
[SHELL] ccA:82,2468497797,2638352,2.032,34.928,0.000,35.000,0.42772,0.59907,23.68,-12.773,22.373,-12.773,22.373,-12.732,4.227,1.00000,74.342,-1.667,35.497
[SHELL] ccB:82,22949,1,-16.242,35.494,-19.253,20.064,79.936,53.669,20.293,79.707,42.090
[SHELL] ccA:83,2468607981,2638353,2.673,36.922,0.000,35.000,0.63416,0.80550,23.55,-12.787,22.332,-12.787,22.332,-12.734,4.227,1.00000,74.342,16.023,42.284
[SHELL] ccB:83,2147515607,1,-12.146,43.794,-31.648,21.176,78.824,64.266,20.064,79.936,53.669
[SHELL] ccA:84,2468718241,2638354,5.160,38.132,0.000,35.000,0.86271,1.03405,24.05,-12.840,22.306,-12.840,22.306,-12.736,4.225,1.00000,74.342,-9.738,32.464
[SHELL] ccB:84,23171,1,-30.993,27.375,3.617,23.821,76.179,75.313,21.176,78.824,64.266
[SHELL] ccA:85,2468828133,2638355,1.400,35.612,0.000,35.000,1.07038,1.24175,23.90,-12.765,22.356,-12.765,22.356,-12.737,4.225,1.00000,74.342,9.054,35.235
[SHELL] ccB:85,2147515531,1,-26.571,34.805,-8.234,21.666,67.020,78.334,23.821,76.179,75.313
[SHELL] ccA:86,2468938169,2638356,1.236,34.669,0.000,35.000,1.28677,1.45814,23.97,-12.762,22.375,-12.762,22.375,-12.738,4.225,1.00000,74.342,-3.425,35.742
[SHELL] ccB:86,23135,1,-35.270,23.461,11.808,20.201,56.113,79.799,21.666,67.020,78.334
[SHELL] ccA:87,2469048185,2638357,-0.694,35.598,0.000,35.000,1.50562,1.67698,23.99,-12.723,22.356,-12.723,22.356,-12.737,4.225,1.00000,74.342,-4.981,35.673
[SHELL] ccB:87,2147515505,1,-35.922,15.669,20.253,20.184,44.819,79.816,20.201,56.113,79.799
[SHELL] ccA:88,2469158129,2638358,0.217,36.461,0.000,35.000,1.72097,1.89233,23.90,-12.742,22.338,-12.742,22.338,-12.737,4.224,1.00000,74.342,14.256,38.756
[SHELL] ccB:88,23115,1,-40.452,27.412,13.041,21.528,33.859,78.472,20.184,44.819,79.816
[SHELL] ccA:89,2469268133,2638359,3.607,35.865,0.000,35.000,1.93304,2.10437,23.91,-12.811,22.350,-12.811,22.350,-12.739,4.223,1.00000,74.342,-9.103,30.276
[SHELL] ccB:89,2147515531,1,-25.085,-4.120,29.206,24.321,23.908,76.092,21.528,33.859,78.472
[SHELL] ccA:90,2469378065,2638360,0.487,33.088,0.000,35.000,2.15811,2.32945,23.84,-12.749,22.406,-12.749,22.406,-12.740,4.224,1.00000,74.342,5.897,33.045
[SHELL] ccB:90,23083,1,-30.775,3.781,26.995,34.886,21.265,78.735,24.321,23.908,76.092
[SHELL] ccA:91,2469488049,2638361,-0.109,33.080,0.000,35.000,2.36968,2.54104,23.89,-12.737,22.407,-12.737,22.407,-12.739,4.225,1.00000,74.342,-3.127,35.955
[SHELL] ccB:91,2147515573,1,-22.838,-12.783,35.621,45.654,20.080,79.920,34.886,21.265,78.735
[SHELL] ccA:92,2469598013,2638362,-1.373,34.871,0.000,35.000,2.59398,2.76531,23.79,-12.711,22.372,-12.711,22.372,-12.739,4.225,1.00000,74.342,-5.132,34.529
[SHELL] ccB:92,23057,1,-13.596,-21.046,34.642,57.266,20.321,79.679,45.654,20.080,79.920
[SHELL] ccA:93,2469708009,2638363,0.745,36.229,0.000,35.000,2.81379,2.98515,23.80,-12.754,22.344,-12.754,22.344,-12.739,4.225,1.00000,74.342,16.371,39.903
[SHELL] ccB:93,2147515593,1,-28.347,-13.979,42.326,68.396,21.974,78.026,57.266,20.321,79.679
[SHELL] ccA:94,2469818005,2638364,4.468,36.683,0.000,35.000,3.02287,3.19424,23.79,-12.831,22.334,-12.831,22.334,-12.741,4.224,1.00000,74.342,-9.737,32.398
[SHELL] ccB:94,23053,1,5.831,-31.774,25.944,76.709,23.291,73.680,68.396,21.974,78.026
[SHELL] ccA:95,2469928057,2638365,0.186,34.482,0.000,35.000,3.24694,3.41832,23.89,-12.745,22.378,-12.745,22.378,-12.741,4.224,1.00000,74.342,3.846,33.229
[SHELL] ccB:95,2147515569,1,-0.331,-28.802,29.133,79.047,20.953,62.994,76.709,23.291,73.680
[SHELL] ccA:96,2470038153,2638366,-1.458,33.701,0.000,35.000,3.46343,3.63477,23.97,-12.712,22.394,-12.712,22.394,-12.741,4.225,1.00000,74.342,-3.788,35.949
[SHELL] ccB:96,23127,1,14.964,-35.979,21.014,79.976,20.024,51.961,79.047,20.953,62.994
[SHELL] ccA:97,2470148093,2638367,-3.498,34.489,0.000,35.000,3.67584,3.84722,23.87,-12.669,22.379,-12.669,22.379,-12.739,4.225,1.00000,74.342,-10.262,32.828
[SHELL] ccB:97,2147515551,1,25.548,-32.717,7.169,79.507,20.493,41.039,79.976,20.024,51.961
[SHELL] ccA:98,2470258077,2638368,-3.701,34.863,0.000,35.000,3.90441,4.07577,23.89,-12.663,22.372,-12.663,22.372,-12.737,4.225,1.00000,74.342,9.509,37.848
[SHELL] ccB:98,23089,1,19.277,-39.023,19.746,77.558,22.442,29.703,79.507,20.493,41.039
[SHELL] ccA:99,2470368073,2638369,-2.002,35.901,0.000,35.000,4.11123,4.28257,23.84,-12.696,22.350,-12.696,22.350,-12.736,4.225,1.00000,74.342,-16.766,35.082
[SHELL] ccB:99,2147515561,1,38.414,-24.417,-13.997,77.132,28.058,22.868,77.558,22.442,29.703
[SHELL] ccA:100,2470478069,2638370,-6.374,36.025,0.000,35.000,4.33285,4.50482,23.84,-12.605,22.413,-12.605,22.413,-12.733,4.224,1.00000,74.342,-1.474,36.087
[SHELL] ccB:100,23085,1,34.065,-27.425,-6.640,79.241,38.736,20.759,77.132,28.058,22.868
[SHELL] ccA:101,2470588057,2638371,-5.609,36.990,0.000,35.000,4.54522,4.71721,23.84,-12.618,22.393,-12.618,22.393,-12.730,4.223,1.00000,74.342,-2.720,40.704
[SHELL] ccB:101,2147515569,1,40.589,-23.837,-16.752,79.942,49.708,20.058,79.241,38.736,20.759
[SHELL] ccA:102,2470698057,2638372,-4.268,37.727,0.000,35.000,4.76803,4.94000,23.84,-12.643,22.377,-12.643,22.377,-12.728,4.222,1.00000,74.342,-10.159,33.413
[SHELL] ccB:102,23079,1,32.796,-6.005,-26.791,79.229,61.231,20.771,79.942,49.708,20.058
[SHELL] ccA:103,2470808069,2638373,-3.413,36.552,0.000,35.000,4.97384,5.14580,23.83,-12.658,22.399,-12.658,22.399,-12.726,4.221,1.00000,74.342,9.386,38.680
[SHELL] ccB:103,2147515563,1,39.791,-19.089,-20.702,77.316,71.366,22.684,79.229,61.231,20.771
[SHELL] ccA:104,2470918061,2638374,-1.672,35.443,0.000,35.000,5.19225,5.36423,23.86,-12.692,22.421,-12.692,22.421,-12.725,4.221,1.00000,74.342,-15.299,31.001
[SHELL] ccB:104,23081,1,20.437,13.929,-34.366,70.429,77.599,22.401,77.316,71.366,22.684
[SHELL] ccA:105,2471028053,2638375,-6.110,33.653,0.000,35.000,5.41944,5.59142,23.84,-12.600,22.458,-12.600,22.458,-12.722,4.221,1.00000,74.342,-3.227,33.929
[SHELL] ccB:105,2147515571,1,23.699,9.362,-33.061,59.326,79.511,20.489,70.429,77.599,22.401
[SHELL] ccA:106,2471138113,2638376,-5.873,34.553,0.000,35.000,5.63319,5.80519,23.94,-12.602,22.440,-12.602,22.440,-12.720,4.222,1.00000,74.342,-1.740,39.354
[SHELL] ccB:106,23107,1,22.431,16.829,-39.259,48.251,79.964,20.036,59.326,79.511,20.489
[SHELL] ccA:107,2471248061,2638377,-4.345,36.271,0.000,35.000,5.84427,6.01625,23.84,-12.630,22.405,-12.630,22.405,-12.717,4.221,1.00000,74.342,-10.674,32.450
[SHELL] ccB:107,2147515567,1,4.127,27.303,-31.430,37.342,79.057,20.943,48.251,79.964,20.036
[SHELL] ccA:108,2471358101,2638378,-3.282,35.186,0.000,35.000,6.05558,6.22759,23.93,-12.650,22.427,-12.650,22.427,-12.716,4.221,1.00000,74.342,9.959,36.491
[SHELL] ccB:108,23101,1,17.936,19.873,-37.809,27.030,76.904,23.096,37.342,79.057,20.943
[SHELL] ccA:109,2471468093,2638379,-0.628,34.202,0.000,35.000,6.27945,0.16826,23.93,-12.703,22.447,-12.703,22.447,-12.715,4.221,1.00000,74.342,-11.756,31.376
[SHELL] ccB:109,2147515551,1,-11.639,33.030,-21.391,21.923,78.077,31.475,27.030,76.904,23.096
[SHELL] ccA:110,2471577905,2638380,-3.588,33.547,0.000,35.000,0.20423,0.37622,23.71,-12.642,22.461,-12.642,22.461,-12.714,4.222,1.00000,74.342,-0.799,34.944
[SHELL] ccB:110,23003,1,-7.869,33.428,-25.559,20.351,79.649,41.801,21.923,78.077,31.475
[SHELL] ccA:111,2471687881,2638381,-2.614,35.524,0.000,35.000,0.42543,0.59739,23.73,-12.660,22.421,-12.660,22.421,-12.712,4.222,1.00000,74.782,2.898,40.831
[SHELL] ccB:111,2147515657,1,-14.212,40.351,-26.139,20.243,79.757,53.314,20.351,79.649,41.801
[SHELL] ccA:112,2471798037,2638382,-0.859,37.401,0.000,35.000,0.63965,0.81164,23.61,-12.695,22.382,-12.695,22.382,-12.712,4.221,1.00000,74.782,-8.434,32.996
[SHELL] ccB:112,23069,1,-26.462,31.797,-5.335,21.365,78.635,64.282,20.243,79.757,53.314
[SHELL] ccA:113,2471908305,2638383,0.370,36.620,0.000,35.000,0.85528,1.02727,24.13,-12.719,22.397,-12.719,22.397,-12.712,4.220,1.00000,74.342,15.452,39.655
[SHELL] ccB:113,2147515445,1,-19.793,42.525,-22.732,23.619,76.381,74.759,21.365,78.635,64.282
[SHELL] ccA:114,2472018257,2638384,3.592,36.282,0.000,35.000,1.07186,1.24384,24.05,-12.786,22.403,-12.786,22.403,-12.714,4.219,1.00000,74.342,-8.102,32.821
[SHELL] ccB:114,23179,1,-32.696,23.787,8.909,21.592,66.961,78.408,23.619,76.381,74.759
[SHELL] ccA:115,2472128213,2638385,-0.139,35.210,0.000,35.000,1.28406,1.45605,23.99,-12.711,22.424,-12.711,22.424,-12.714,4.219,1.00000,74.342,0.198,35.545
[SHELL] ccB:115,2147515491,1,-34.037,25.889,8.148,20.198,56.364,79.802,21.592,66.961,78.408
[SHELL] ccA:116,2472238245,2638386,-0.821,35.481,0.000,35.000,1.49767,1.66965,23.98,-12.697,22.419,-12.697,22.419,-12.713,4.219,1.00000,74.342,4.423,38.014
[SHELL] ccB:116,23173,1,-37.589,25.020,12.570,20.109,45.298,79.891,20.198,56.364,79.802
[SHELL] ccA:117,2472348213,2638387,0.134,35.589,0.000,35.000,1.71979,1.89178,23.99,-12.716,22.416,-12.716,22.416,-12.713,4.219,1.00000,74.342,-8.508,30.785
[SHELL] ccB:117,2147515491,1,-29.181,3.346,25.835,21.440,33.969,78.560,20.109,45.298,79.891
[SHELL] ccA:118,2472458245,2638388,0.080,33.451,0.000,35.000,1.93535,2.10731,24.06,-12.715,22.460,-12.715,22.460,-12.713,4.219,1.00000,74.342,12.913,34.219
[SHELL] ccB:118,23173,1,-36.574,18.170,18.405,24.164,23.896,76.104,21.440,33.969,78.560
[SHELL] ccA:119,2472568097,2638389,1.813,32.818,0.000,35.000,2.14568,2.31760,23.84,-12.751,22.473,-12.751,22.473,-12.714,4.220,1.00000,74.342,-10.066,32.049
[SHELL] ccB:119,2147515549,1,-21.424,-11.695,33.120,34.199,21.316,78.684,24.164,23.896,76.104
[SHELL] ccA:120,2472678149,2638390,-2.280,33.559,0.000,35.000,2.36636,2.53836,23.97,-12.668,22.459,-12.668,22.459,-12.713,4.221,1.00000,74.342,-1.900,35.916
[SHELL] ccB:120,23125,1,-23.780,-11.478,35.258,45.340,20.083,79.917,34.199,21.316,78.684
[SHELL] ccA:121,2472788157,2638391,-1.479,35.857,0.000,35.000,2.58322,2.75521,23.88,-12.683,22.413,-12.683,22.413,-12.712,4.221,1.00000,74.342,7.951,39.545
[SHELL] ccB:121,2147515519,1,-27.695,-11.550,39.245,56.662,20.248,79.752,45.340,20.083,79.917
[SHELL] ccA:122,2472898153,2638392,2.227,37.081,0.000,35.000,2.80584,2.97782,23.97,-12.758,22.387,-12.758,22.387,-12.714,4.220,1.00000,74.342,-5.096,33.317
[SHELL] ccB:122,23127,1,-6.166,-25.613,31.779,68.033,21.846,78.154,56.662,20.248,79.752
[SHELL] ccA:123,2473008101,2638393,4.054,36.091,0.000,35.000,3.01917,3.19116,23.87,-12.797,22.407,-12.797,22.407,-12.716,4.219,1.00000,74.342,18.458,38.186
[SHELL] ccB:123,2147515547,1,-22.983,-19.379,42.362,76.680,23.320,73.983,68.033,21.846,78.154
[SHELL] ccA:124,2473118093,2638394,6.704,35.659,0.000,35.000,3.23457,3.40657,23.86,-12.853,22.415,-12.853,22.415,-12.719,4.219,1.00000,74.342,-5.004,32.947
[SHELL] ccB:124,23097,1,8.042,-32.028,23.986,79.076,20.924,63.482,76.680,23.320,73.983
[SHELL] ccA:125,2473228109,2638395,1.989,34.976,0.000,35.000,3.44561,3.61759,23.89,-12.760,22.429,-12.760,22.429,-12.720,4.219,1.00000,74.342,-0.493,35.825
[SHELL] ccB:125,2147515543,1,11.195,-35.073,23.878,80.016,19.984,52.808,79.076,20.924,63.482
[SHELL] ccA:126,2473338089,2638396,1.158,36.169,0.000,35.000,3.66499,3.83698,23.88,-12.744,22.404,-12.744,22.404,-12.721,4.218,1.00000,74.342,10.620,40.076
[SHELL] ccB:126,23095,1,10.833,-40.074,29.242,79.616,20.384,41.440,80.016,19.984,52.808
[SHELL] ccA:127,2473448125,2638397,3.263,37.235,0.000,35.000,3.88139,4.05338,23.94,-12.787,22.382,-12.787,22.382,-12.722,4.217,1.00000,74.342,-7.695,32.960
[SHELL] ccB:127,2147515535,1,27.903,-30.542,2.639,77.845,22.155,30.531,79.616,20.384,41.440
[SHELL] ccA:128,2473558101,2638398,2.388,35.896,0.000,35.000,4.09065,4.26264,23.90,-12.771,22.408,-12.771,22.408,-12.723,4.217,1.00000,74.342,14.320,37.587
[SHELL] ccB:128,23101,1,22.213,-40.147,17.934,76.985,27.115,23.015,77.845,22.155,30.531
[SHELL] ccA:129,2473668109,2638399,4.533,35.896,0.000,35.000,4.31506,4.48704,23.90,-12.816,22.408,-12.816,22.408,-12.726,4.216,1.00000,74.342,-2.814,35.447
[SHELL] ccB:129,2147515543,1,33.775,-26.519,-7.256,79.284,38.156,20.716,76.985,27.115,23.015
[SHELL] ccA:130,2473778057,2638400,2.630,36.829,0.000,35.000,4.52341,4.69540,23.85,-12.780,22.388,-12.780,22.388,-12.727,4.215,1.00000,74.342,1.830,38.833
[SHELL] ccB:130,23079,1,37.798,-26.773,-11.025,80.023,48.861,19.977,79.284,38.156,20.716
[SHELL] ccA:131,2473888061,2638401,3.751,38.826,0.000,35.000,4.73863,4.91061,23.83,-12.804,22.346,-12.804,22.346,-12.729,4.213,1.00000,74.342,14.159,42.189
[SHELL] ccB:131,2147515567,1,42.546,-32.572,-9.974,79.434,60.066,20.566,80.023,48.861,19.977
[SHELL] ccA:132,2473998109,2638402,6.503,38.730,0.000,35.000,4.96104,5.13302,23.92,-12.862,22.346,-12.862,22.346,-12.732,4.212,1.00000,74.342,-4.136,31.709
[SHELL] ccB:132,23105,1,29.716,-4.628,-25.088,77.434,71.180,22.566,79.434,60.066,20.566
[SHELL] ccA:133,2474108085,2638403,5.701,35.177,0.000,35.000,5.18059,5.35257,23.90,-12.849,22.417,-12.849,22.417,-12.735,4.211,1.00000,74.342,16.918,35.100
[SHELL] ccB:133,2147515555,1,38.958,-18.835,-20.122,70.789,77.603,22.397,77.434,71.180,22.566
[SHELL] ccA:134,2474218057,2638404,6.707,33.604,0.000,35.000,5.39506,5.56705,23.84,-12.872,22.449,-12.872,22.449,-12.738,4.212,1.00000,74.342,-2.872,32.506
[SHELL] ccB:134,23079,1,23.409,7.985,-31.394,60.143,79.572,20.428,70.789,77.603,22.397
[SHELL] ccA:135,2474328117,2638405,3.258,33.045,0.000,35.000,5.60982,5.78181,23.93,-12.805,22.462,-12.805,22.462,-12.740,4.213,1.00000,74.342,1.860,32.067
[SHELL] ccB:135,2147515539,1,21.452,9.978,-31.430,49.126,80.115,19.885,60.143,79.572,20.428
[SHELL] ccA:136,2474438113,2638406,4.465,34.388,0.000,35.000,5.83038,6.00237,23.94,-12.831,22.435,-12.831,22.435,-12.742,4.213,1.00000,74.342,17.010,40.913
[SHELL] ccB:136,23107,1,33.195,8.819,-42.014,37.670,79.254,20.746,49.126,80.115,19.885
[SHELL] ccA:137,2474548061,2638407,7.968,36.332,0.000,35.000,6.04185,6.21384,23.84,-12.905,22.396,-12.905,22.396,-12.746,4.213,1.00000,74.342,-4.009,31.435
[SHELL] ccB:137,2147515567,1,3.620,25.455,-29.075,27.154,77.068,22.932,37.670,79.254,20.746
[SHELL] ccA:138,2474657977,2638408,6.452,35.115,0.000,35.000,6.26345,0.15222,23.81,-12.878,22.420,-12.878,22.420,-12.749,4.213,1.00000,74.342,16.817,36.676
[SHELL] ccB:138,23039,1,17.538,22.700,-40.238,21.958,78.042,30.961,27.154,77.068,22.932
[SHELL] ccA:139,2474767865,2638409,7.938,35.109,0.000,35.000,0.18793,0.35992,23.70,-12.912,22.420,-12.912,22.420,-12.753,4.213,1.00000,74.342,2.126,35.647
[SHELL] ccB:139,2147515665,1,-4.571,32.957,-28.386,20.269,79.731,41.439,21.958,78.042,30.961
[SHELL] ccA:140,2474877829,2638410,5.463,36.207,0.000,35.000,0.41267,0.58467,23.66,-12.865,22.397,-12.865,22.397,-12.756,4.212,1.00000,74.342,0.781,36.858
[SHELL] ccB:140,22965,1,-14.067,36.545,-22.478,19.963,80.037,53.066,20.269,79.731,41.439
[SHELL] ccA:141,2474988025,2638411,6.035,38.257,0.000,35.000,0.62866,0.80064,23.61,-12.880,22.355,-12.880,22.355,-12.759,4.210,1.00000,74.782,20.450,43.666
[SHELL] ccB:141,2147515585,1,-9.138,45.570,-36.432,21.254,78.746,64.110,19.963,80.037,53.066
[SHELL] ccA:142,2475098229,2638412,9.478,39.584,0.000,35.000,0.83669,1.00871,24.03,-12.953,22.326,-12.953,22.326,-12.764,4.208,1.00000,74.782,-3.768,34.147
[SHELL] ccB:142,23165,1,-27.876,31.326,-3.450,23.587,76.413,74.240,21.254,78.746,64.110
[SHELL] ccA:143,2475208273,2638413,7.421,37.210,0.000,35.000,1.06624,1.23824,24.09,-12.916,22.372,-12.916,22.372,-12.768,4.207,1.00000,74.342,16.768,36.881
[SHELL] ccB:143,2147515461,1,-24.179,40.242,-16.063,21.556,67.017,78.444,23.587,76.413,74.240
[SHELL] ccA:144,2475318233,2638414,8.376,36.255,0.000,35.000,1.28179,1.45378,23.97,-12.939,22.391,-12.939,22.391,-12.772,4.206,1.00000,74.342,3.734,37.112
[SHELL] ccB:144,23167,1,-34.508,29.514,4.995,20.079,56.071,79.921,21.556,67.017,78.444
[SHELL] ccA:145,2475428269,2638415,6.402,36.370,0.000,35.000,1.49758,1.66957,24.09,-12.903,22.388,-12.903,22.388,-12.775,4.206,1.00000,74.342,1.371,34.375
[SHELL] ccB:145,2147515463,1,-34.182,20.453,13.729,20.043,44.898,79.957,20.079,56.071,79.921
[SHELL] ccA:146,2475538201,2638416,6.113,36.318,0.000,35.000,1.71144,1.88343,23.96,-12.900,22.388,-12.900,22.388,-12.778,4.205,1.00000,74.342,17.975,39.409
[SHELL] ccB:146,23151,1,-41.540,31.399,10.141,21.351,34.007,78.649,20.043,44.898,79.957
[SHELL] ccA:147,2475648177,2638417,7.697,36.139,0.000,35.000,1.93962,2.11161,23.98,-12.936,22.391,-12.936,22.391,-12.782,4.204,1.00000,74.342,-6.532,31.361
[SHELL] ccB:147,2147515509,1,-26.897,-1.620,28.517,24.706,23.653,76.347,21.351,34.007,78.649
[SHELL] ccA:148,2475758161,2638418,3.838,34.001,0.000,35.000,2.15992,2.33188,23.92,-12.861,22.434,-12.861,22.434,-12.784,4.205,1.00000,74.342,10.443,33.872
[SHELL] ccB:148,23131,1,-33.965,8.202,25.762,35.120,21.127,78.873,24.706,23.653,76.347
[SHELL] ccA:149,2475868093,2638419,3.475,33.868,0.000,35.000,2.37481,2.54681,23.86,-12.855,22.438,-12.855,22.438,-12.785,4.206,1.00000,74.342,-0.453,36.364
[SHELL] ccB:149,2147515551,1,-24.904,-10.499,35.403,46.116,19.960,80.040,35.120,21.127,78.873
[SHELL] ccA:150,2475978129,2638420,1.193,35.562,0.000,35.000,2.59033,2.76231,23.93,-12.810,22.403,-12.810,22.403,-12.786,4.205,1.00000,74.782,-4.766,35.647
[SHELL] ccB:150,23115,1,-14.611,-21.155,35.766,57.230,20.406,79.594,46.116,19.960,80.040
[SHELL] ccA:151,2476088081,2638421,1.550,37.484,0.000,35.000,2.80358,2.97556,23.86,-12.818,22.364,-12.818,22.364,-12.787,4.204,1.00000,74.782,16.186,42.276
[SHELL] ccB:151,2147515557,1,-29.289,-15.247,44.537,67.943,22.004,77.996,57.230,20.406,79.594
[SHELL] ccA:152,2476198169,2638422,5.053,38.658,0.000,35.000,3.02477,3.19674,23.99,-12.890,22.338,-12.890,22.338,-12.789,4.202,1.00000,74.782,-7.394,34.433
[SHELL] ccB:152,23135,1,3.330,-32.028,28.698,76.647,23.353,73.368,67.943,22.004,77.996
[SHELL] ccA:153,2476308125,2638423,2.504,36.587,0.000,35.000,3.23501,3.40700,23.92,-12.841,22.379,-12.841,22.379,-12.791,4.201,1.00000,74.782,8.617,35.205
[SHELL] ccB:153,2147515535,1,-5.296,-28.404,33.700,78.869,21.131,63.348,76.647,23.353,73.368
[SHELL] ccA:154,2476418129,2638424,2.641,35.405,0.000,35.000,3.45297,3.62494,23.94,-12.845,22.402,-12.845,22.402,-12.792,4.201,1.00000,74.782,0.723,36.775
[SHELL] ccB:154,23115,1,10.579,-35.798,25.219,79.878,20.122,52.239,78.869,21.131,63.348
[SHELL] ccA:155,2476528081,2638425,1.121,35.391,0.000,35.000,3.67511,3.84710,23.86,-12.815,22.403,-12.815,22.403,-12.793,4.201,1.00000,74.782,-5.577,32.810
[SHELL] ccB:155,2147515557,1,21.488,-32.753,11.265,79.417,20.583,40.839,79.878,20.122,52.239
[SHELL] ccA:156,2476638125,2638426,1.385,35.167,0.000,35.000,3.87992,4.05193,23.93,-12.821,22.407,-12.821,22.407,-12.793,4.201,1.00000,74.782,15.970,38.275
[SHELL] ccB:156,23113,1,13.950,-40.799,26.850,77.732,22.268,30.656,79.417,20.583,40.839
[SHELL] ccA:157,2476748049,2638427,4.148,35.396,0.000,35.000,4.10491,4.27690,23.83,-12.878,22.402,-12.878,22.402,-12.795,4.201,1.00000,74.782,-9.772,32.222
[SHELL] ccB:157,2147515573,1,32.035,-24.997,-7.038,77.108,28.047,22.892,77.732,22.268,30.656
[SHELL] ccA:158,2476858053,2638428,0.936,34.149,0.000,35.000,4.32635,4.49833,23.83,-12.814,22.428,-12.814,22.428,-12.796,4.201,1.00000,74.782,7.317,33.876
[SHELL] ccB:158,23077,1,28.628,-31.231,2.603,79.202,38.766,20.798,77.108,28.047,22.892
[SHELL] ccA:159,2476968073,2638429,2.483,34.318,0.000,35.000,4.54350,4.71549,23.89,-12.847,22.425,-12.847,22.425,-12.797,4.201,1.00000,74.782,5.071,37.296
[SHELL] ccB:159,2147515561,1,35.913,-27.715,-8.198,79.929,49.987,20.071,79.202,38.766,20.798
[SHELL] ccA:160,2477078053,2638430,3.209,34.921,0.000,35.000,4.75583,4.92778,23.82,-12.863,22.412,-12.863,22.412,-12.799,4.202,1.00000,74.782,-4.623,31.214
[SHELL] ccB:160,23077,1,30.984,-10.318,-20.666,79.251,60.947,20.749,79.929,49.987,20.071
[SHELL] ccA:161,2477188097,2638431,2.838,33.119,0.000,35.000,4.98069,5.15268,23.92,-12.857,22.449,-12.857,22.449,-12.800,4.202,1.00000,74.342,15.526,32.752
[SHELL] ccB:161,2147515549,1,35.696,-23.293,-12.402,77.308,72.082,22.692,79.251,60.947,20.749
[SHELL] ccA:162,2477298041,2638432,4.097,31.086,0.000,35.000,5.18953,5.36152,23.83,-12.884,22.492,-12.884,22.492,-12.802,4.204,1.00000,74.342,-10.040,27.626
[SHELL] ccB:162,23071,1,19.930,8.746,-28.676,70.437,77.795,22.205,77.308,72.082,22.692
[SHELL] ccA:163,2477408105,2638433,-1.456,29.816,0.000,35.000,5.40937,5.58138,23.95,-12.772,22.520,-12.772,22.520,-12.801,4.207,1.00000,74.782,-1.270,31.261
[SHELL] ccB:163,2147515545,1,23.155,6.644,-29.799,59.598,79.466,20.534,70.437,77.795,22.205
[SHELL] ccA:164,2477518041,2638434,-2.986,31.792,0.000,35.000,5.64096,5.81296,23.83,-12.740,22.482,-12.740,22.482,-12.800,4.209,1.00000,74.782,0.636,37.021
[SHELL] ccB:164,23071,1,22.684,14.001,-36.686,47.651,79.895,20.105,59.598,79.466,20.534
[SHELL] ccA:165,2477628101,2638435,-1.819,34.157,0.000,35.000,5.84038,6.01237,23.91,-12.763,22.435,-12.763,22.435,-12.799,4.209,1.00000,74.782,-7.277,31.323
[SHELL] ccB:165,2147515547,1,6.846,23.787,-30.633,37.372,78.989,21.011,47.651,79.895,20.105
[SHELL] ccA:166,2477738093,2638436,-0.369,33.887,0.000,35.000,6.05888,6.23088,23.91,-12.791,22.441,-12.791,22.441,-12.799,4.210,1.00000,74.782,12.442,35.881
[SHELL] ccB:166,23097,1,20.111,17.843,-37.954,26.731,76.727,23.273,37.372,78.989,21.011
[SHELL] ccA:167,2477848057,2638437,1.925,33.405,0.000,35.000,0.00574,0.17775,23.97,-12.838,22.452,-12.838,22.452,-12.800,4.210,1.00000,74.782,-9.905,30.535
[SHELL] ccB:167,2147515569,1,-10.080,31.435,-21.355,21.865,78.135,32.211,26.731,76.727,23.273
[SHELL] ccA:168,2477957921,2638438,-1.649,32.794,0.000,35.000,0.21880,0.39078,23.77,-12.766,22.465,-12.766,22.465,-12.799,4.211,1.00000,74.782,0.774,34.223
[SHELL] ccB:168,23011,1,-6.673,32.413,-25.740,20.368,79.632,42.785,21.865,78.135,32.211
[SHELL] ccA:169,2478067885,2638439,-1.579,34.137,0.000,35.000,0.44055,0.61251,23.66,-12.767,22.439,-12.767,22.439,-12.798,4.212,1.00000,74.782,2.040,37.569
[SHELL] ccB:169,2147515655,1,-14.176,37.270,-23.094,20.205,79.795,54.272,20.368,79.632,42.785
[SHELL] ccA:170,2478178173,2638440,-2.001,35.077,0.000,35.000,0.65432,0.82631,23.77,-12.757,22.420,-12.757,22.420,-12.797,4.212,1.00000,74.782,-12.856,30.946
[SHELL] ccB:170,23137,1,-29.036,29.006,0.029,21.430,78.570,65.114,20.205,79.795,54.272
[SHELL] ccA:171,2478288313,2638441,-4.020,34.033,0.000,35.000,0.87348,1.04547,24.10,-12.715,22.441,-12.715,22.441,-12.795,4.212,1.00000,74.782,7.592,36.672
[SHELL] ccB:171,2147515441,1,-23.237,37.053,-13.816,23.986,76.014,75.426,21.430,78.570,65.114
[SHELL] ccA:172,2478398385,2638442,-2.564,34.456,0.000,35.000,1.08384,1.25583,24.17,-12.743,22.433,-12.743,22.433,-12.794,4.213,1.00000,74.782,-12.582,33.534
[SHELL] ccB:172,23243,1,-35.523,21.721,13.802,21.658,66.376,78.342,23.986,76.014,75.426
[SHELL] ccA:173,2478508281,2638443,-5.484,35.128,0.000,35.000,1.30891,1.48089,24.05,-12.681,22.419,-12.681,22.419,-12.791,4.213,1.00000,74.782,-4.364,36.771
[SHELL] ccB:173,2147515457,1,-36.647,22.917,13.729,20.316,55.093,79.684,21.658,66.376,78.342
[SHELL] ccA:174,2478618377,2638444,-4.819,36.744,0.000,35.000,1.52438,1.69634,24.15,-12.692,22.386,-12.692,22.386,-12.789,4.212,1.00000,74.782,2.033,39.901
[SHELL] ccB:174,23239,1,-39.764,23.244,16.520,20.405,43.937,79.595,20.316,55.093,79.684
[SHELL] ccA:175,2478728301,2638445,-3.104,36.779,0.000,35.000,1.73846,1.91045,24.05,-12.725,22.385,-12.725,22.385,-12.787,4.211,1.00000,74.342,-12.116,30.544
[SHELL] ccB:175,2147515447,1,-28.093,-0.713,28.807,21.652,33.019,78.348,20.405,43.937,79.595
[SHELL] ccA:176,2478838253,2638446,-4.050,33.955,0.000,35.000,1.95946,2.13144,24.05,-12.704,22.442,-12.704,22.442,-12.785,4.211,1.00000,74.342,5.999,34.833
[SHELL] ccB:176,23177,1,-34.508,10.631,23.878,25.281,23.565,76.435,21.652,33.019,78.348
[SHELL] ccA:177,2478948273,2638447,-2.904,32.889,0.000,35.000,2.17950,2.35149,24.06,-12.726,22.464,-12.726,22.464,-12.784,4.212,1.00000,74.782,-11.501,31.348
[SHELL] ccB:177,2147515461,1,-19.141,-14.124,33.265,35.953,21.222,78.778,25.281,23.565,76.435
[SHELL] ccA:178,2479058165,2638448,-5.581,33.775,0.000,35.000,2.39977,2.57175,23.94,-12.669,22.447,-12.669,22.447,-12.781,4.213,1.00000,74.782,-5.321,37.571
[SHELL] ccB:178,23133,1,-21.461,-16.371,37.832,47.106,20.197,79.803,35.953,21.222,78.778
[SHELL] ccA:179,2479168569,2638449,-4.311,36.787,0.000,35.000,2.61779,2.78978,24.03,-12.692,22.386,-12.692,22.386,-12.779,4.212,1.00000,74.782,4.898,40.660
[SHELL] ccB:179,2147515313,1,-24.578,-16.081,40.659,58.426,20.598,79.402,47.106,20.197,79.803
[SHELL] ccA:180,2479277585,2638450,-1.884,37.733,0.000,35.000,2.82943,3.00139,23.40,-12.740,22.365,-12.740,22.365,-12.778,4.211,1.00000,74.782,-12.011,32.041
[SHELL] ccB:180,22843,1,1.590,-30.397,28.807,69.035,22.292,77.708,58.426,20.598,79.402
[SHELL] ccA:181,2479387617,2638451,-2.871,34.694,0.000,35.000,3.04095,3.21294,23.46,-12.719,22.426,-12.719,22.426,-12.776,4.211,1.00000,74.782,7.642,34.033
[SHELL] ccB:181,2147515789,1,-11.022,-23.148,34.171,76.755,23.245,72.956,69.035,22.292,77.708
[SHELL] ccA:182,2479497585,2638452,-1.950,32.590,0.000,35.000,3.26242,3.43438,23.39,-12.736,22.470,-12.736,22.470,-12.775,4.212,1.00000,74.782,-11.072,30.254
[SHELL] ccB:182,22843,1,14.638,-32.173,17.535,79.063,20.937,62.252,76.755,23.245,72.956
[SHELL] ccA:183,2479607573,2638453,-4.696,32.099,0.000,35.000,3.47691,3.64889,23.41,-12.679,22.481,-12.679,22.481,-12.773,4.214,1.00000,74.782,-4.279,33.855
[SHELL] ccB:183,2147515811,1,15.182,-34.058,18.876,79.879,20.121,51.365,79.063,20.937,62.252
[SHELL] ccA:184,2479717557,2638454,-3.174,33.814,0.000,35.000,3.69180,3.86378,23.39,-12.708,22.447,-12.708,22.447,-12.771,4.214,1.00000,74.782,6.936,37.293
[SHELL] ccB:184,22829,1,13.587,-37.465,23.878,79.334,20.666,40.222,79.879,20.121,51.365
[SHELL] ccA:185,2479827605,2638455,-0.683,34.742,0.000,35.000,3.91005,4.08202,23.39,-12.757,22.429,-12.757,22.429,-12.771,4.214,1.00000,74.782,-12.325,30.526
[SHELL] ccB:185,2147515795,1,30.078,-26.628,-3.450,77.401,22.599,29.351,79.334,20.666,40.222
[SHELL] ccA:186,2479937597,2638456,-2.196,32.915,0.000,35.000,4.13247,4.30447,23.44,-12.726,22.466,-12.726,22.466,-12.770,4.215,1.00000,74.782,8.932,33.316
[SHELL] ccB:186,22849,1,22.974,-33.768,10.794,77.350,29.064,22.650,77.401,22.599,29.351
[SHELL] ccA:187,2480047637,2638457,-0.275,32.114,0.000,35.000,4.34607,4.51803,23.44,-12.764,22.484,-12.764,22.484,-12.770,4.217,1.00000,74.782,-6.640,31.299
[SHELL] ccB:187,2147515779,1,31.600,-20.140,-11.460,79.335,39.615,20.665,77.350,29.064,22.650
[SHELL] ccA:188,2480157617,2638458,-2.008,32.241,0.000,35.000,4.56202,4.73401,23.44,-12.729,22.483,-12.729,22.483,-12.769,4.218,1.00000,74.782,-3.685,33.052
[SHELL] ccB:188,22859,1,33.231,-17.748,-15.483,79.917,50.683,20.083,79.335,39.615,20.665
[SHELL] ccA:189,2480267689,2638459,-1.292,33.506,0.000,35.000,4.78165,4.95364,23.54,-12.742,22.458,-12.742,22.458,-12.768,4.219,1.00000,74.782,8.843,36.621
[SHELL] ccB:189,2147515753,1,37.146,-24.018,-13.127,79.090,61.996,20.910,79.917,50.683,20.083
[SHELL] ccA:190,2480377609,2638460,0.299,33.327,0.000,35.000,4.99387,5.16586,23.43,-12.774,22.463,-12.774,22.463,-12.768,4.220,1.00000,74.782,-12.806,27.015
[SHELL] ccB:190,22855,1,22.394,5.955,-28.350,76.986,72.403,23.014,79.090,61.996,20.910
[SHELL] ccA:191,2480487653,2638461,-3.306,29.978,0.000,35.000,5.20760,5.37961,23.53,-12.701,22.532,-12.701,22.532,-12.767,4.222,1.00000,74.782,3.545,29.263
[SHELL] ccB:191,2147515771,1,27.432,-4.374,-23.058,69.739,77.701,22.299,76.986,72.403,23.014
[SHELL] ccA:192,2480597609,2638462,-3.913,28.802,0.000,35.000,5.43207,5.60406,23.43,-12.686,22.559,-12.686,22.559,-12.765,4.225,1.00000,74.782,-9.934,29.667
[SHELL] ccB:192,22855,1,15.762,15.524,-31.285,58.621,79.556,20.444,69.739,77.701,22.299
[SHELL] ccA:193,2480707593,2638463,-5.574,30.153,0.000,35.000,5.64874,5.82074,23.41,-12.650,22.534,-12.650,22.534,-12.762,4.228,1.00000,74.782,-5.973,32.017
[SHELL] ccB:193,2147515801,1,14.167,18.315,-32.482,47.456,79.891,20.109,58.621,79.556,20.444
[SHELL] ccA:194,2480817633,2638464,-2.526,32.898,0.000,35.000,5.86209,6.03407,23.49,-12.710,22.480,-12.710,22.480,-12.761,4.229,1.00000,74.782,11.777,37.890
[SHELL] ccB:194,22867,1,26.236,12.660,-38.897,36.410,78.859,21.141,47.456,79.891,20.109
[SHELL] ccA:195,2480927613,2638465,1.808,34.269,0.000,35.000,6.08291,6.25487,23.42,-12.798,22.453,-12.798,22.453,-12.762,4.229,1.00000,74.782,-10.348,29.276
[SHELL] ccB:195,2147515791,1,-4.317,28.789,-24.472,25.615,76.412,23.588,36.410,78.859,21.141
[SHELL] ccA:196,2481037893,2638466,-0.063,32.368,0.000,35.000,0.01020,0.18216,23.78,-12.760,22.493,-12.760,22.493,-12.762,4.230,1.00000,74.782,8.669,33.028
[SHELL] ccB:196,22997,1,8.332,24.512,-32.844,21.858,78.142,32.262,25.615,76.412,23.588
[SHELL] ccA:197,2481147745,2638467,0.236,32.150,0.000,35.000,0.22470,0.39666,23.57,-12.766,22.498,-12.766,22.498,-12.762,4.232,1.00000,74.782,-6.045,33.268
[SHELL] ccB:197,2147515725,1,-13.306,33.573,-20.267,20.313,79.687,43.047,21.858,78.142,32.262
[SHELL] ccA:198,2481257669,2638468,-2.769,33.233,0.000,35.000,0.43851,0.61050,23.52,-12.705,22.478,-12.705,22.478,-12.760,4.233,1.00000,74.782,-7.654,33.370
[SHELL] ccB:198,22885,1,-21.098,33.899,-12.801,20.189,79.811,54.023,20.313,79.687,43.047
[SHELL] ccA:199,2481367897,2638469,-1.984,35.410,0.000,35.000,0.65493,0.82692,23.45,-12.720,22.434,-12.720,22.434,-12.759,4.233,1.00000,74.782,13.416,41.634
[SHELL] ccB:199,2147515649,1,-14.719,43.033,-28.313,21.429,78.571,65.065,20.189,79.811,54.023
[SHELL] ccA:200,2481478097,2638470,2.637,37.389,0.000,35.000,0.87585,1.04847,23.89,-12.813,22.462,-12.813,22.462,-12.761,4.231,1.00000,74.782,-8.632,32.918
[SHELL] ccB:200,23099,1,-30.812,27.919,2.892,24.006,75.994,75.759,21.429,78.571,65.065
[SHELL] ccA:201,2481588045,2638471,2.023,35.926,0.000,35.000,1.09018,1.26285,23.82,-12.802,22.491,-12.802,22.491,-12.762,4.231,1.00000,74.782,11.941,36.233
[SHELL] ccB:201,2147515575,1,-26.607,36.980,-10.373,21.496,66.037,78.504,24.006,75.994,75.759
[SHELL] ccA:202,2481698045,2638472,4.052,35.639,0.000,35.000,1.30986,1.48252,23.85,-12.845,22.496,-12.845,22.496,-12.764,4.231,1.00000,74.782,0.957,37.174
[SHELL] ccB:202,23073,1,-35.668,26.941,8.728,20.130,54.830,79.870,21.496,66.037,78.504
[SHELL] ccA:203,2481808049,2638473,3.142,36.357,0.000,35.000,1.52631,1.69896,23.83,-12.828,22.481,-12.828,22.481,-12.765,4.230,1.00000,74.782,-1.289,34.848
[SHELL] ccB:203,2147515573,1,-34.871,17.662,17.209,20.251,43.626,79.749,20.130,54.830,79.870
[SHELL] ccA:204,2481918145,2638474,3.764,36.386,0.000,35.000,1.73944,1.91208,23.92,-12.842,22.480,-12.842,22.480,-12.767,4.229,1.00000,74.782,16.678,38.673
[SHELL] ccB:204,23123,1,-40.924,29.079,11.845,21.701,32.843,78.299,20.251,43.626,79.749
[SHELL] ccA:205,2482028145,2638475,6.111,35.662,0.000,35.000,1.96106,2.13370,23.91,-12.892,22.494,-12.892,22.494,-12.770,4.229,1.00000,74.782,-7.621,30.455
[SHELL] ccB:205,2147515525,1,-25.266,-3.504,28.771,25.642,23.472,76.528,21.701,32.843,78.299
[SHELL] ccA:206,2482138093,2638476,2.392,33.142,0.000,35.000,2.17293,2.34557,23.89,-12.819,22.546,-12.819,22.546,-12.771,4.230,1.00000,74.782,8.133,32.985
[SHELL] ccB:206,23097,1,-31.790,5.520,26.270,35.672,21.127,78.873,25.642,23.472,76.528
[SHELL] ccA:207,2482248033,2638477,2.327,33.155,0.000,35.000,2.39438,2.56702,23.83,-12.819,22.546,-12.819,22.546,-12.772,4.231,1.00000,74.782,0.662,36.197
[SHELL] ccB:207,2147515581,1,-25.085,-10.064,35.149,47.006,20.014,79.986,35.672,21.127,78.873
[SHELL] ccA:208,2482358101,2638478,1.864,34.929,0.000,35.000,2.60945,2.78209,23.89,-12.811,22.511,-12.811,22.511,-12.773,4.231,1.00000,74.782,-2.000,34.336
[SHELL] ccB:208,23101,1,-15.698,-18.654,34.352,58.168,20.378,79.622,47.006,20.014,79.986
[SHELL] ccA:209,2482468041,2638479,4.194,36.028,0.000,35.000,2.82541,2.99802,23.81,-12.859,22.488,-12.859,22.488,-12.776,4.230,1.00000,74.782,20.114,39.242
[SHELL] ccB:209,2147515577,1,-31.319,-11.224,42.543,69.074,22.094,77.906,58.168,20.378,79.622
[SHELL] ccA:210,2482578017,2638480,8.808,36.381,0.000,35.000,3.04791,3.22057,23.81,-12.956,22.481,-12.956,22.481,-12.780,4.230,1.00000,74.782,-2.996,32.705
[SHELL] ccB:210,23059,1,-0.077,-28.404,28.481,77.117,22.883,72.422,69.074,22.094,77.906
[SHELL] ccA:211,2482688029,2638481,6.659,34.893,0.000,35.000,3.26189,3.43453,23.81,-12.916,22.510,-12.916,22.510,-12.783,4.230,1.00000,74.782,12.513,34.920
[SHELL] ccB:211,2147515583,1,-8.232,-27.208,35.439,79.241,20.759,62.037,77.117,22.883,72.422
[SHELL] ccA:212,2482798025,2638482,6.835,35.065,0.000,35.000,3.47962,3.65227,23.81,-12.923,22.507,-12.923,22.507,-12.787,4.230,1.00000,74.782,5.310,37.715
[SHELL] ccB:212,23063,1,7.498,-36.087,28.589,80.052,19.948,50.796,79.241,20.759,62.037
[SHELL] ccA:213,2482908017,2638483,5.092,35.875,0.000,35.000,3.69803,3.87069,23.80,-12.891,22.490,-12.891,22.490,-12.789,4.229,1.00000,74.782,-2.765,33.152
[SHELL] ccB:213,2147515589,1,19.857,-33.043,13.186,79.408,20.592,39.549,80.052,19.948,50.796
[SHELL] ccA:214,2483018049,2638484,4.322,35.576,0.000,35.000,3.91828,4.09091,23.87,-12.878,22.496,-12.878,22.496,-12.791,4.229,1.00000,74.782,17.509,38.287
[SHELL] ccB:214,23075,1,14.348,-41.452,27.103,77.385,22.615,28.702,79.408,20.592,39.549
[SHELL] ccA:215,2483127989,2638485,6.505,35.589,0.000,35.000,4.13709,4.30972,23.77,-12.925,22.495,-12.925,22.495,-12.795,4.229,1.00000,74.782,-6.232,32.628
[SHELL] ccB:215,2147515603,1,30.767,-26.229,-4.538,77.617,29.506,22.383,77.385,22.615,28.702
[SHELL] ccA:216,2483238057,2638486,2.952,34.762,0.000,35.000,4.35015,4.52280,23.87,-12.855,22.512,-12.855,22.512,-12.796,4.229,1.00000,74.782,6.764,35.504
[SHELL] ccB:216,23079,1,30.803,-31.774,0.972,79.457,39.958,20.543,77.617,29.506,22.383
[SHELL] ccA:217,2483348037,2638487,2.673,36.039,0.000,35.000,4.57209,4.74473,23.87,-12.851,22.486,-12.851,22.486,-12.797,4.228,1.00000,74.782,3.396,40.519
[SHELL] ccB:217,2147515579,1,39.646,-27.643,-12.004,79.981,51.451,20.019,79.457,39.958,20.543
[SHELL] ccA:218,2483457993,2638488,2.318,36.906,0.000,35.000,4.78945,4.96209,23.77,-12.845,22.468,-12.845,22.468,-12.799,4.227,1.00000,74.782,-4.285,31.080
[SHELL] ccB:218,23047,1,30.658,-9.557,-21.101,79.073,62.615,20.927,79.981,51.451,20.019
[SHELL] ccA:219,2483567981,2638489,2.488,35.207,0.000,35.000,5.00131,5.17397,23.77,-12.850,22.502,-12.850,22.502,-12.800,4.227,1.00000,74.782,15.127,38.150
[SHELL] ccB:219,2147515607,1,40.879,-23.583,-17.295,76.931,72.928,23.069,79.073,62.615,20.927
[SHELL] ccA:220,2483677985,2638490,4.273,34.370,0.000,35.000,5.21970,5.39233,23.77,-12.887,22.519,-12.887,22.519,-12.802,4.227,1.00000,74.782,-8.875,30.098
[SHELL] ccB:220,23043,1,21.996,8.384,-30.379,68.871,78.002,21.998,76.931,72.928,23.069
[SHELL] ccA:221,2483787997,2638491,-0.569,33.207,0.000,35.000,5.43349,5.60613,23.79,-12.790,22.543,-12.790,22.543,-12.802,4.228,1.00000,74.782,0.346,34.482
[SHELL] ccB:221,2147515599,1,26.127,6.427,-32.554,58.332,79.628,20.372,68.871,78.002,21.998
[SHELL] ccA:222,2483897989,2638492,-0.832,34.536,0.000,35.000,5.65020,5.82285,23.77,-12.785,22.517,-12.785,22.517,-12.801,4.229,1.00000,74.782,4.856,39.080
[SHELL] ccB:222,23045,1,27.034,11.283,-38.317,47.090,79.939,20.061,58.332,79.628,20.372
[SHELL] ccA:223,2484008053,2638493,1.625,36.409,0.000,35.000,5.87886,6.05148,23.87,-12.835,22.478,-12.835,22.478,-12.802,4.228,1.00000,74.782,-3.558,32.994
[SHELL] ccB:223,2147515571,1,9.709,22.628,-32.337,35.298,78.749,21.251,47.090,79.939,20.061
[SHELL] ccA:224,2484117985,2638494,4.546,35.875,0.000,35.000,6.09131,6.26397,23.77,-12.895,22.489,-12.895,22.489,-12.804,4.227,1.00000,74.782,20.442,38.430
[SHELL] ccB:224,23043,1,27.396,15.596,-42.992,25.006,76.326,23.674,35.298,78.749,21.251
[SHELL] ccA:225,2484227985,2638495,8.190,35.032,0.000,35.000,0.03017,0.20282,23.92,-12.972,22.505,-12.972,22.505,-12.808,4.227,1.00000,74.342,-4.566,30.274
[SHELL] ccB:225,2147515605,1,-5.477,28.825,-23.348,21.290,78.710,33.439,25.006,76.326,23.674
[SHELL] ccA:226,2484337829,2638496,3.429,33.327,0.000,35.000,0.24472,0.41733,23.66,-12.879,22.540,-12.879,22.540,-12.810,4.228,1.00000,74.342,2.404,34.329
[SHELL] ccB:226,22965,1,-5.985,32.341,-26.356,19.944,80.056,44.210,21.290,78.710,33.439
[SHELL] ccA:227,2484447821,2638497,1.302,34.404,0.000,35.000,0.46400,0.63664,23.73,-12.837,22.519,-12.837,22.519,-12.811,4.229,1.00000,74.342,4.967,38.686
[SHELL] ccB:227,2147515687,1,-12.871,38.321,-25.450,19.979,80.021,55.614,19.944,80.056,44.210
[SHELL] ccA:228,2484557961,2638498,0.283,35.751,0.000,35.000,0.67924,0.85188,23.54,-12.817,22.492,-12.817,22.492,-12.811,4.228,1.00000,74.342,-11.206,31.303
[SHELL] ccB:228,23031,1,-28.383,29.188,-0.804,21.399,78.601,66.561,19.979,80.021,55.614
[SHELL] ccA:229,2484668169,2638499,-1.235,34.903,0.000,35.000,0.89615,1.06880,23.98,-12.786,22.509,-12.786,22.509,-12.810,4.228,1.00000,74.782,12.506,38.319
[SHELL] ccB:229,2147515513,1,-22.113,40.242,-18.129,23.822,75.304,76.178,21.399,78.601,66.561
[SHELL] ccA:230,2484778181,2638500,1.231,35.536,0.000,35.000,1.11971,1.29235,23.99,-12.836,22.496,-12.836,22.496,-12.811,4.228,1.00000,74.782,-8.883,34.202
[SHELL] ccB:230,23141,1,-34.653,23.316,11.337,21.203,64.534,78.797,23.822,75.304,76.178
[SHELL] ccA:231,2484888121,2638501,-1.576,35.981,0.000,35.000,1.31847,1.49110,23.91,-12.779,22.486,-12.779,22.486,-12.810,4.227,1.00000,74.782,-1.045,37.202
[SHELL] ccB:231,2147515537,1,-36.284,25.310,10.975,20.160,54.483,79.840,21.203,64.534,78.797
[SHELL] ccA:232,2484998137,2638502,-0.662,37.027,0.000,35.000,1.54708,1.71972,23.90,-12.797,22.465,-12.797,22.465,-12.810,4.226,1.00000,74.782,8.325,39.501
[SHELL] ccB:232,23119,1,-39.293,27.665,11.627,20.366,42.603,79.634,20.160,54.483,79.840
[SHELL] ccA:233,2485108125,2638503,2.821,36.771,0.000,35.000,1.77143,1.94406,23.90,-12.868,22.469,-12.868,22.469,-12.811,4.226,1.00000,74.782,-4.322,30.879
[SHELL] ccB:233,2147515535,1,-29.398,5.702,23.696,22.041,31.231,77.959,20.366,42.603,79.634
[SHELL] ccA:234,2485218157,2638504,3.406,34.083,0.000,35.000,1.96946,2.14209,23.99,-12.881,22.523,-12.881,22.523,-12.813,4.226,1.00000,74.782,13.944,35.071
[SHELL] ccB:234,23129,1,-37.734,18.206,19.528,25.967,23.348,76.652,22.041,31.231,77.959
[SHELL] ccA:235,2485328033,2638505,4.173,32.703,0.000,35.000,2.21060,2.38324,23.86,-12.899,22.552,-12.899,22.552,-12.815,4.227,1.00000,74.782,-6.874,29.790
[SHELL] ccB:235,2147515581,1,-19.793,-10.282,30.075,37.673,20.767,79.233,25.967,23.348,76.652
[SHELL] ccA:236,2485438025,2638506,0.275,32.384,0.000,35.000,2.42481,2.59743,23.79,-12.821,22.559,-12.821,22.559,-12.815,4.228,1.00000,74.782,0.904,34.885
[SHELL] ccB:236,23063,1,-23.599,-10.463,34.062,48.575,19.962,80.038,37.673,20.767,79.233
[SHELL] ccA:237,2485548005,2638507,1.675,34.332,0.000,35.000,2.64603,2.81867,23.79,-12.850,22.521,-12.850,22.521,-12.816,4.229,1.00000,74.782,11.765,37.770
[SHELL] ccB:237,2147515595,1,-28.311,-9.774,38.085,60.107,20.545,79.455,48.575,19.962,80.038
[SHELL] ccA:238,2485658009,2638508,3.775,35.113,0.000,35.000,2.85730,3.02995,23.79,-12.893,22.505,-12.893,22.505,-12.818,4.229,1.00000,74.782,-9.336,30.027
[SHELL] ccB:238,23055,1,0.539,-27.498,26.958,70.672,22.436,77.564,60.107,20.545,79.455
[SHELL] ccA:239,2485768037,2638509,0.680,32.627,0.000,35.000,3.08513,3.25777,23.86,-12.832,22.556,-12.832,22.556,-12.818,4.230,1.00000,74.782,9.628,32.684
[SHELL] ccB:239,2147515579,1,-11.457,-22.061,33.519,77.516,22.484,70.930,70.672,22.436,77.564
[SHELL] ccA:240,2485878101,2638510,0.149,31.554,0.000,35.000,3.29338,3.46605,23.89,-12.821,22.579,-12.821,22.579,-12.818,4.232,1.00000,74.782,-9.324,30.819
[SHELL] ccB:240,23101,1,13.877,-32.101,18.224,79.432,20.568,60.669,77.516,22.484,70.930
[SHELL] ccA:241,2485988153,2638511,-4.069,31.882,0.000,35.000,3.51667,3.68932,23.97,-12.735,22.574,-12.735,22.574,-12.816,4.233,1.00000,74.782,-7.255,33.205
[SHELL] ccB:241,2147515521,1,18.915,-33.913,14.998,80.013,19.987,49.264,79.432,20.568,60.669
[SHELL] ccA:242,2486098097,2638512,-4.080,33.855,0.000,35.000,3.73555,3.90819,23.87,-12.733,22.535,-12.733,22.535,-12.814,4.234,1.00000,74.782,7.515,38.191
[SHELL] ccB:242,23099,1,15.146,-38.625,23.479,79.160,20.840,37.977,80.013,19.987,49.264
[SHELL] ccA:243,2486208081,2638513,-1.376,35.251,0.000,35.000,3.94383,4.11645,23.89,-12.786,22.507,-12.786,22.507,-12.814,4.234,1.00000,74.782,-13.279,31.419
[SHELL] ccB:243,2147515557,1,31.818,-26.555,-5.262,77.067,22.933,27.683,79.160,20.840,37.977
[SHELL] ccA:244,2486318081,2638514,-3.295,33.861,0.000,35.000,4.16864,4.34131,23.85,-12.746,22.536,-12.746,22.536,-12.812,4.234,1.00000,74.782,5.861,34.413
[SHELL] ccB:244,23091,1,26.417,-32.971,6.553,77.845,30.740,22.155,77.067,22.933,27.683
[SHELL] ccA:245,2486428053,2638515,-2.108,34.143,0.000,35.000,4.39104,4.56366,23.84,-12.769,22.530,-12.769,22.530,-12.811,4.235,1.00000,74.782,-6.877,36.326
[SHELL] ccB:245,2147515571,1,36.638,-22.605,-14.033,79.623,41.892,20.377,77.845,30.740,22.155
[SHELL] ccA:246,2486538057,2638516,-3.145,36.015,0.000,35.000,4.59729,4.76992,23.85,-12.746,22.493,-12.746,22.493,-12.809,4.234,1.00000,74.342,-4.688,36.997
[SHELL] ccB:246,23079,1,37.291,-18.292,-18.999,80.080,52.581,19.920,79.623,41.892,20.377
[SHELL] ccA:247,2486648065,2638517,-1.431,37.776,0.000,35.000,4.82520,4.99784,23.84,-12.780,22.456,-12.780,22.456,-12.809,4.233,1.00000,74.342,10.528,40.786
[SHELL] ccB:247,2147515565,1,41.712,-25.939,-15.773,78.933,64.370,21.067,80.080,52.581,19.920
[SHELL] ccA:248,2486758065,2638518,0.994,37.438,0.000,35.000,5.03287,5.20551,23.85,-12.829,22.461,-12.829,22.461,-12.809,4.232,1.00000,74.782,-12.392,31.184
[SHELL] ccB:248,23083,1,25.693,5.847,-31.539,76.453,74.348,23.547,78.933,64.370,21.067
[SHELL] ccA:249,2486868061,2638519,-2.645,33.866,0.000,35.000,5.26262,5.43527,23.84,-12.755,22.533,-12.755,22.533,-12.808,4.232,1.00000,74.782,3.677,32.308
[SHELL] ccB:249,2147515567,1,29.462,-2.816,-26.646,66.969,78.340,21.660,76.453,74.348,23.547
[SHELL] ccA:250,2486978101,2638520,-3.158,32.460,0.000,35.000,5.47314,5.64578,23.92,-12.743,22.563,-12.743,22.563,-12.806,4.233,1.00000,74.782,-7.594,34.043
[SHELL] ccB:250,23101,1,19.422,15.379,-34.801,56.392,79.781,20.219,66.969,78.340,21.660
[SHELL] ccA:251,2487088041,2638521,-5.046,33.442,0.000,35.000,5.69053,5.86317,23.84,-12.703,22.544,-12.703,22.544,-12.804,4.234,1.00000,74.782,-8.673,33.376
[SHELL] ccB:251,2147515577,1,11.449,22.446,-33.895,45.174,79.837,20.163,56.392,79.781,20.219
[SHELL] ccA:252,2487198117,2638522,-3.476,34.806,0.000,35.000,5.91143,6.08408,23.96,-12.732,22.517,-12.732,22.517,-12.802,4.234,1.00000,74.342,11.037,38.431
[SHELL] ccB:252,23109,1,24.243,15.415,-39.658,33.804,78.646,21.354,45.174,79.837,20.163
[SHELL] ccA:253,2487308125,2638523,0.434,34.708,0.000,35.000,6.12094,0.01039,23.84,-12.811,22.519,-12.811,22.519,-12.802,4.234,1.00000,74.342,-11.663,28.593
[SHELL] ccB:253,2147515535,1,-6.891,29.514,-22.623,23.802,76.198,24.045,33.804,78.646,21.354
[SHELL] ccA:254,2487418001,2638524,-1.853,31.829,0.000,35.000,0.04864,0.22126,23.83,-12.764,22.578,-12.764,22.578,-12.801,4.236,1.00000,74.342,4.877,31.701
[SHELL] ccB:254,23051,1,3.330,25.962,-29.292,21.239,78.761,33.966,23.802,76.198,24.045
[SHELL] ccA:255,2487527869,2638525,-1.382,31.762,0.000,35.000,0.27766,0.45031,23.67,-12.773,22.581,-12.773,22.581,-12.801,4.238,1.00000,74.342,-3.619,35.052
[SHELL] ccB:255,2147515663,1,-13.088,34.878,-21.790,19.880,80.120,45.707,21.239,78.761,33.966
[SHELL] ccA:256,2487637825,2638526,-1.787,34.377,0.000,35.000,0.49616,0.66879,23.66,-12.764,22.529,-12.764,22.529,-12.800,4.238,1.00000,74.342,-4.788,35.702
[SHELL] ccB:256,22963,1,-21.207,35.820,-14.613,20.119,79.881,57.138,19.880,80.120,45.707
[SHELL] ccA:257,2487748073,2638527,1.047,37.391,0.000,35.000,0.70468,0.87731,23.67,-12.821,22.468,-12.821,22.468,-12.800,4.237,1.00000,74.782,17.382,43.108
[SHELL] ccB:257,2147515561,1,-14.683,45.534,-30.851,21.845,78.155,67.727,20.119,79.881,57.138
[SHELL] ccA:258,2487858237,2638528,5.385,38.924,0.000,35.000,0.92436,1.09697,24.00,-12.911,22.435,-12.911,22.435,-12.803,4.235,1.00000,74.782,-8.436,33.778
[SHELL] ccB:258,23169,1,-32.044,27.810,4.234,23.346,73.756,76.654,21.845,78.155,67.727
[SHELL] ccA:259,2487968273,2638529,2.049,36.738,0.000,35.000,1.13824,1.31088,24.07,-12.845,22.478,-12.845,22.478,-12.804,4.234,1.00000,74.342,7.687,36.289
[SHELL] ccB:259,2147515461,1,-29.724,34.081,-4.356,20.889,63.649,79.111,23.346,73.756,76.654
[SHELL] ccA:260,2488078249,2638530,2.263,36.153,0.000,35.000,1.35359,1.52624,24.04,-12.850,22.489,-12.850,22.489,-12.805,4.233,1.00000,74.342,2.112,38.254
[SHELL] ccB:260,23175,1,-36.901,27.375,9.525,19.863,52.561,80.137,20.889,63.649,79.111
[SHELL] ccA:261,2488188221,2638531,2.094,36.411,0.000,35.000,1.57240,1.74504,23.99,-12.848,22.483,-12.848,22.483,-12.806,4.233,1.00000,74.342,-3.536,32.847
[SHELL] ccB:261,2147515487,1,-32.841,13.313,19.528,20.268,41.170,79.732,19.863,52.561,80.137
[SHELL] ccA:262,2488298221,2638532,3.039,35.422,0.000,35.000,1.79031,1.96293,23.98,-12.868,22.503,-12.868,22.503,-12.808,4.232,1.00000,74.342,17.114,37.740
[SHELL] ccB:262,23161,1,-40.561,27.629,12.932,22.047,30.212,77.953,20.268,41.170,79.732
[SHELL] ccA:263,2488408189,2638533,5.624,34.670,0.000,35.000,2.00761,2.18025,24.00,-12.923,22.518,-12.923,22.518,-12.810,4.233,1.00000,74.342,-8.195,30.351
[SHELL] ccB:263,2147515503,1,-24.034,-5.534,29.568,27.671,22.641,77.359,22.047,30.212,77.953
[SHELL] ccA:264,2488518117,2638534,1.232,32.983,0.000,35.000,2.22647,2.39912,23.92,-12.836,22.553,-12.836,22.553,-12.811,4.234,1.00000,74.342,4.205,33.489
[SHELL] ccB:264,23109,1,-29.108,-0.242,29.350,38.316,20.533,79.467,27.671,22.641,77.359
[SHELL] ccA:265,2488628101,2638535,0.504,33.739,0.000,35.000,2.44382,2.61645,23.87,-12.821,22.538,-12.821,22.538,-12.811,4.234,1.00000,74.342,1.802,37.626
[SHELL] ccB:265,2147515547,1,-25.556,-11.188,36.744,49.586,19.795,80.205,38.316,20.533,79.467
[SHELL] ccA:266,2488738093,2638536,0.866,35.549,0.000,35.000,2.66244,2.83505,23.87,-12.829,22.502,-12.829,22.502,-12.812,4.234,1.00000,74.342,-4.347,33.455
[SHELL] ccB:266,23097,1,-11.566,-21.662,33.229,60.978,20.499,79.501,49.586,19.795,80.205
[SHELL] ccA:267,2488848097,2638537,3.025,36.035,0.000,35.000,2.87851,3.05116,23.87,-12.874,22.491,-12.874,22.491,-12.813,4.233,1.00000,74.342,18.991,39.604
[SHELL] ccB:267,2147515549,1,-28.637,-14.522,43.159,71.771,22.552,77.448,60.978,20.499,79.501
[SHELL] ccA:268,2488958129,2638538,6.895,36.183,0.000,35.000,3.09409,3.26673,23.94,-12.955,22.488,-12.955,22.488,-12.817,4.233,1.00000,74.342,-6.056,32.068
[SHELL] ccB:268,23115,1,4.526,-30.252,25.726,77.853,22.147,70.364,71.771,22.552,77.448
[SHELL] ccA:269,2489068117,2638539,3.342,34.842,0.000,35.000,3.31056,3.48321,23.93,-12.885,22.515,-12.885,22.515,-12.818,4.233,1.00000,74.342,6.487,35.628
[SHELL] ccB:269,2147515539,1,-0.403,-31.158,31.561,79.699,20.301,59.668,77.853,22.147,70.364
[SHELL] ccA:270,2489178145,2638540,3.148,35.706,0.000,35.000,3.52624,3.69888,23.97,-12.883,22.497,-12.883,22.497,-12.820,4.233,1.00000,74.342,5.672,39.501
[SHELL] ccB:270,23123,1,9.564,-38.335,28.771,80.186,19.814,48.423,79.699,20.301,59.668
[SHELL] ccA:271,2489288093,2638541,3.319,37.268,0.000,35.000,3.74792,3.92053,23.86,-12.888,22.465,-12.888,22.465,-12.822,4.231,1.00000,74.342,-4.558,34.443
[SHELL] ccB:271,2147515551,1,23.373,-33.949,10.576,79.213,20.787,36.940,80.186,19.814,48.423
[SHELL] ccA:272,2489398145,2638542,3.797,37.038,0.000,35.000,3.96282,4.13547,23.99,-12.899,22.468,-12.899,22.468,-12.823,4.230,1.00000,74.342,18.631,39.766
[SHELL] ccB:272,23123,1,16.414,-43.481,27.067,76.938,23.062,26.426,79.213,20.787,36.940
[SHELL] ccA:273,2489508053,2638543,6.827,37.068,0.000,35.000,4.17431,4.34697,23.84,-12.963,22.467,-12.963,22.467,-12.827,4.229,1.00000,74.342,-5.397,34.297
[SHELL] ccB:273,2147515571,1,32.216,-27.316,-4.900,78.218,31.286,21.782,76.938,23.062,26.426
[SHELL] ccA:274,2489618105,2638544,3.522,36.312,0.000,35.000,4.39657,4.56922,23.91,-12.899,22.481,-12.899,22.481,-12.829,4.229,1.00000,74.342,6.251,36.888
[SHELL] ccB:274,23103,1,33.123,-31.629,-1.493,79.873,42.399,20.127,78.218,31.286,21.782
[SHELL] ccA:275,2489728105,2638545,3.523,37.675,0.000,35.000,4.61549,4.78816,23.93,-12.901,22.453,-12.901,22.453,-12.830,4.227,1.00000,74.342,6.989,42.625
[SHELL] ccB:275,2147515545,1,41.749,-30.470,-11.279,80.084,53.847,19.916,79.873,42.399,20.127
[SHELL] ccA:276,2489838057,2638546,4.309,38.451,0.000,35.000,4.83066,5.00331,23.84,-12.919,22.435,-12.919,22.435,-12.833,4.226,1.00000,74.342,-2.991,31.667
[SHELL] ccB:276,23079,1,31.093,-9.738,-21.355,78.901,64.926,21.099,80.084,53.847,19.916
[SHELL] ccA:277,2489948105,2638547,4.516,35.983,0.000,35.000,5.05381,5.22645,23.92,-12.925,22.484,-12.925,22.484,-12.835,4.225,1.00000,74.342,17.058,37.975
[SHELL] ccB:277,2147515545,1,41.495,-23.656,-17.839,76.335,75.645,23.665,78.901,64.926,21.099
[SHELL] ccA:278,2490058061,2638548,6.530,34.578,0.000,35.000,5.26591,5.43855,23.83,-12.969,22.512,-12.969,22.512,-12.838,4.225,1.00000,74.342,-5.003,30.695
[SHELL] ccB:278,23081,1,23.482,5.919,-29.401,66.589,78.710,21.290,76.335,75.645,23.665
[SHELL] ccA:279,2490168129,2638549,2.229,33.258,0.000,35.000,5.48525,5.65790,23.95,-12.884,22.540,-12.884,22.540,-12.839,4.226,1.00000,74.342,1.864,33.665
[SHELL] ccB:279,2147515533,1,25.403,6.499,-31.902,55.543,80.074,19.926,66.589,78.710,21.290
[SHELL] ccA:280,2490278049,2638550,1.918,34.424,0.000,35.000,5.70113,5.87377,23.84,-12.878,22.517,-12.878,22.517,-12.840,4.227,1.00000,74.342,8.946,39.668
[SHELL] ccB:280,23075,1,29.281,9.797,-39.078,44.248,80.035,19.966,55.543,80.074,19.926
[SHELL] ccA:281,2490388125,2638551,3.892,36.173,0.000,35.000,5.92206,6.09469,23.94,-12.920,22.481,-12.920,22.481,-12.842,4.226,1.00000,74.342,-4.187,31.691
[SHELL] ccB:281,2147515535,1,7.281,23.316,-30.597,32.893,78.545,21.455,44.248,80.035,19.966
[SHELL] ccA:282,2490498073,2638552,5.141,35.176,0.000,35.000,6.13819,0.02765,23.84,-12.947,22.501,-12.947,22.501,-12.845,4.226,1.00000,74.342,19.991,37.654
[SHELL] ccB:282,23087,1,25.221,17.155,-42.376,23.423,76.577,25.007,32.893,78.545,21.455
[SHELL] ccA:283,2490607977,2638553,8.126,34.918,0.000,35.000,0.07388,0.24652,23.82,-13.011,22.506,-13.011,22.506,-12.849,4.226,1.00000,74.342,-3.292,32.672
[SHELL] ccB:283,2147515609,1,-5.695,30.855,-25.160,20.866,79.134,35.681,23.423,76.577,25.007
[SHELL] ccA:284,2490717845,2638554,3.855,34.634,0.000,35.000,0.29105,0.46371,23.64,-12.928,22.512,-12.928,22.512,-12.851,4.226,1.00000,74.342,2.015,35.538
[SHELL] ccB:284,22973,1,-8.268,34.117,-25.849,19.817,80.183,46.744,20.866,79.134,35.681
[SHELL] ccA:285,2490827865,2638555,3.165,36.071,0.000,35.000,0.50847,0.68110,23.59,-12.916,22.483,-12.916,22.483,-12.852,4.226,1.00000,74.342,11.924,40.536
[SHELL] ccB:285,2147515665,1,-9.319,40.351,-31.032,20.159,79.841,58.094,19.817,80.183,46.744
[SHELL] ccA:286,2490938037,2638556,4.793,37.230,0.000,35.000,0.72283,0.89547,23.61,-12.950,22.458,-12.950,22.458,-12.855,4.224,1.00000,74.342,-6.689,32.310
[SHELL] ccB:286,23069,1,-26.390,30.347,-3.958,21.858,78.142,68.981,20.159,79.841,58.094
[SHELL] ccA:287,2491048261,2638557,3.988,35.790,0.000,35.000,0.95456,1.12718,24.02,-12.936,22.487,-12.936,22.487,-12.857,4.224,1.00000,74.342,17.406,38.004
[SHELL] ccB:287,2147515467,1,-20.953,41.801,-20.847,22.724,72.540,77.276,21.858,78.142,68.981
[SHELL] ccA:288,2491158237,2638558,5.934,35.921,0.000,35.000,1.16070,1.33337,24.05,-12.978,22.484,-12.978,22.484,-12.860,4.224,1.00000,74.342,-4.388,35.365
[SHELL] ccB:288,23169,1,-34.182,25.817,8.365,20.607,62.325,79.393,22.724,72.540,77.276
[SHELL] ccA:289,2491268253,2638559,2.365,36.219,0.000,35.000,1.38177,1.55441,24.04,-12.908,22.477,-12.908,22.477,-12.861,4.223,1.00000,74.342,0.830,36.142
[SHELL] ccB:289,2147515471,1,-35.342,24.259,11.084,19.811,50.978,80.189,20.607,62.325,79.393
[SHELL] ccA:290,2491378249,2638560,2.781,36.644,0.000,35.000,1.61265,1.78532,24.06,-12.918,22.468,-12.918,22.468,-12.862,4.222,1.00000,74.342,13.851,38.928
[SHELL] ccB:290,23175,1,-39.474,30.311,9.163,20.489,38.960,79.511,19.811,50.978,80.189
[SHELL] ccA:291,2491488197,2638561,5.629,36.235,0.000,35.000,1.80993,1.98257,23.97,-12.978,22.475,-12.978,22.475,-12.865,4.222,1.00000,74.342,-6.015,30.942
[SHELL] ccB:291,2147515499,1,-28.637,2.911,25.726,22.294,29.039,77.706,20.489,38.960,79.511
[SHELL] ccA:292,2491598165,2638562,2.844,33.483,0.000,35.000,2.02278,2.19542,23.91,-12.923,22.531,-12.923,22.531,-12.866,4.222,1.00000,74.342,9.554,33.118
[SHELL] ccB:292,23133,1,-33.965,11.899,22.065,28.371,22.439,77.561,22.294,29.039,77.706
[SHELL] ccA:293,2491708109,2638563,1.853,32.569,0.000,35.000,2.25718,2.42982,23.91,-12.904,22.551,-12.904,22.551,-12.867,4.223,1.00000,74.342,-5.681,33.101
[SHELL] ccB:293,2147515543,1,-22.004,-10.971,32.975,39.996,20.289,79.711,28.371,22.439,77.561
[SHELL] ccA:294,2491818073,2638564,-0.064,34.442,0.000,35.000,2.47440,2.64705,23.86,-12.866,22.514,-12.866,22.514,-12.867,4.224,1.00000,74.342,1.554,38.450
[SHELL] ccB:294,23087,1,-25.013,-12.819,37.832,51.289,19.802,80.198,39.996,20.289,79.711
[SHELL] ccA:295,2491928125,2638565,4.078,38.010,0.000,35.000,2.68867,2.86131,23.93,-12.951,22.441,-12.951,22.441,-12.869,4.222,1.00000,74.342,18.887,42.039
[SHELL] ccB:295,2147515535,1,-35.378,-7.890,43.268,62.586,20.705,79.295,51.289,19.802,80.198
[SHELL] ccA:296,2492038141,2638566,8.919,38.963,0.000,35.000,2.91204,3.08468,23.86,-13.052,22.420,-13.052,22.420,-12.874,4.220,1.00000,74.342,-3.651,33.325
[SHELL] ccB:296,23121,1,-4.027,-26.809,30.836,73.719,23.060,76.940,62.586,20.705,79.295
[SHELL] ccA:297,2492148153,2638567,7.120,35.552,0.000,35.000,3.12649,3.29916,23.99,-13.020,22.488,-13.020,22.488,-12.877,4.220,1.00000,74.342,16.897,33.520
[SHELL] ccB:297,2147515521,1,-17.401,-20.104,37.505,78.278,21.722,68.706,73.719,23.060,76.940
[SHELL] ccA:298,2492258085,2638568,7.259,33.826,0.000,35.000,3.34525,3.51789,23.86,-13.026,22.523,-13.026,22.523,-12.881,4.221,1.00000,74.342,-1.107,34.939
[SHELL] ccB:298,23093,1,8.151,-33.514,25.364,79.984,20.015,57.666,78.278,21.722,68.706
[SHELL] ccA:299,2492368137,2638569,2.957,34.389,0.000,35.000,3.57938,3.75200,23.95,-12.942,22.512,-12.942,22.512,-12.882,4.221,1.00000,74.342,-2.856,34.156
[SHELL] ccB:299,2147515529,1,17.066,-34.275,17.209,80.140,19.860,45.555,79.984,20.015,57.666
[SHELL] ccA:300,2492478101,2638570,1.959,35.628,0.000,35.000,3.78094,3.95358,23.86,-12.923,22.487,-12.923,22.487,-12.883,4.221,1.00000,74.342,14.654,39.261
[SHELL] ccB:300,23101,1,11.666,-40.690,29.024,78.982,21.018,35.217,80.140,19.860,45.555
[SHELL] ccA:301,2492588045,2638571,3.860,36.038,0.000,35.000,4.00628,4.17962,23.84,-12.963,22.552,-12.963,22.552,-12.885,4.220,1.00000,74.342,-11.013,31.472
[SHELL] ccB:301,2147515575,1,31.093,-25.975,-5.117,76.409,23.591,24.264,78.982,21.018,35.217
[SHELL] ccA:302,2492698101,2638572,0.125,33.864,0.000,35.000,4.22180,4.39513,23.92,-12.888,22.596,-12.888,22.596,-12.885,4.221,1.00000,74.342,7.872,33.251
[SHELL] ccB:302,23101,1,25.620,-32.391,6.771,78.741,33.364,21.259,76.409,23.591,24.264
[SHELL] ccA:303,2492808077,2638573,0.502,33.326,0.000,35.000,4.43903,4.61238,23.83,-12.896,22.608,-12.896,22.608,-12.886,4.221,1.00000,74.342,-2.724,35.330
[SHELL] ccB:303,2147515559,1,34.753,-23.366,-11.388,80.152,44.484,19.848,78.741,33.364,21.259
[SHELL] ccA:304,2492918113,2638574,-0.832,34.804,0.000,35.000,4.65195,4.82528,23.92,-12.869,22.578,-12.869,22.578,-12.885,4.222,1.00000,74.342,-5.753,35.304
[SHELL] ccB:304,23107,1,35.587,-14.667,-20.920,80.100,55.617,19.900,80.152,44.484,19.848
[SHELL] ccA:305,2493028045,2638575,-0.250,37.000,0.000,35.000,4.87256,5.04593,23.83,-12.880,22.533,-12.880,22.533,-12.885,4.221,1.00000,74.342,13.229,42.062
[SHELL] ccB:305,2147515575,1,43.633,-27.316,-16.317,78.611,66.931,21.389,80.100,55.617,19.900
[SHELL] ccA:306,2493138097,2638576,2.997,37.523,0.000,35.000,5.09167,5.26499,23.91,-12.947,22.521,-12.947,22.521,-12.887,4.219,1.00000,74.342,-8.716,30.664
[SHELL] ccB:306,23099,1,25.258,4.216,-29.473,74.966,76.608,23.392,78.611,66.931,21.389
[SHELL] ccA:307,2493248041,2638577,0.746,34.312,0.000,35.000,5.31000,5.48331,23.80,-12.902,22.586,-12.902,22.586,-12.887,4.220,1.00000,74.342,7.188,33.859
[SHELL] ccB:307,2147515577,1,32.035,-4.664,-27.371,64.548,79.114,20.886,74.966,76.608,23.392
[SHELL] ccA:308,2493358141,2638578,1.129,33.433,0.000,35.000,5.52625,5.69960,23.95,-12.910,22.604,-12.910,22.604,-12.888,4.220,1.00000,74.342,-1.141,35.350
[SHELL] ccB:308,23121,1,23.445,11.211,-34.656,53.394,80.261,19.739,64.548,79.114,20.886
[SHELL] ccA:309,2493468045,2638579,-0.089,34.190,0.000,35.000,5.74724,5.92059,23.83,-12.886,22.590,-12.886,22.590,-12.888,4.221,1.00000,74.342,-5.262,32.202
[SHELL] ccB:309,2147515575,1,11.920,20.344,-32.264,41.858,79.929,20.071,53.394,80.261,19.739
[SHELL] ccA:310,2493578089,2638580,1.207,34.900,0.000,35.000,5.96533,6.13866,23.90,-12.912,22.576,-12.912,22.576,-12.888,4.221,1.00000,73.902,16.494,39.847
[SHELL] ccB:310,23095,1,28.121,14.255,-42.376,30.664,78.359,21.641,41.858,79.929,20.071
[SHELL] ccA:311,2493688009,2638581,4.805,35.808,0.000,35.000,6.18763,0.07778,23.83,-12.987,22.557,-12.987,22.557,-12.891,4.220,1.00000,73.902,-8.506,31.337
[SHELL] ccB:311,2147515593,1,-5.477,30.456,-24.979,22.496,77.504,27.162,30.664,78.359,21.641
[SHELL] ccA:312,2493797953,2638582,1.299,34.049,0.000,35.000,0.12149,0.29484,23.83,-12.917,22.593,-12.917,22.593,-12.891,4.221,1.00000,74.342,5.714,33.675
[SHELL] ccB:312,23027,1,1.590,28.753,-30.343,20.502,79.498,37.877,22.496,77.504,27.162
[SHELL] ccA:313,2493907881,2638583,0.534,34.516,0.000,35.000,0.33549,0.50886,23.75,-12.902,22.584,-12.902,22.584,-12.891,4.221,1.00000,73.902,-0.784,39.376
[SHELL] ccB:313,2147515657,1,-13.705,38.829,-25.124,19.527,80.473,48.982,20.502,79.498,37.877
[SHELL] ccA:314,2494017833,2638584,-1.289,36.657,0.000,35.000,0.55771,0.73106,23.60,-12.865,22.540,-12.865,22.540,-12.891,4.220,1.00000,73.902,-9.300,34.200
[SHELL] ccB:314,22967,1,-25.991,33.863,-7.872,20.208,79.792,60.595,19.527,80.473,48.982
[SHELL] ccA:315,2494128385,2638585,-0.916,37.746,0.000,35.000,0.79055,0.96389,24.17,-12.872,22.517,-12.872,22.517,-12.890,4.219,1.00000,74.342,15.723,43.206
[SHELL] ccB:315,2147515405,1,-19.649,45.824,-26.175,22.613,77.387,72.101,20.208,79.792,60.595
[SHELL] ccA:316,2494238373,2638586,2.527,39.129,0.000,35.000,0.98886,1.16223,24.19,-12.942,22.487,-12.942,22.487,-12.892,4.217,1.00000,74.342,-12.038,35.904
[SHELL] ccB:316,23237,1,-36.611,26.687,9.924,22.280,70.864,77.720,22.613,77.387,72.101
[SHELL] ccA:317,2494348321,2638587,-2.268,38.107,0.000,35.000,1.21085,1.38419,24.11,-12.845,22.506,-12.845,22.506,-12.890,4.215,1.00000,74.342,-0.721,37.413
[SHELL] ccB:317,2147515437,1,-35.270,28.463,6.807,20.365,59.955,79.635,22.280,70.864,77.720
[SHELL] ccA:318,2494458297,2638588,-3.178,37.860,0.000,35.000,1.44136,1.61473,24.05,-12.825,22.509,-12.825,22.509,-12.889,4.214,1.00000,74.342,0.768,40.711
[SHELL] ccB:318,23199,1,-40.271,25.346,14.925,19.843,48.002,80.157,20.365,59.955,79.635
[SHELL] ccA:319,2494568277,2638589,-2.041,38.092,0.000,35.000,1.64546,1.81880,24.05,-12.847,22.503,-12.847,22.503,-12.888,4.212,1.00000,74.342,-8.980,33.532
[SHELL] ccB:319,2147515459,1,-32.769,6.463,26.306,20.702,37.412,79.298,19.843,48.002,80.157
[SHELL] ccA:320,2494678305,2638590,-1.810,36.319,0.000,35.000,1.88124,2.05457,24.14,-12.851,22.538,-12.851,22.538,-12.887,4.212,1.00000,74.342,9.954,37.501
[SHELL] ccB:320,23203,1,-38.749,17.662,21.087,23.170,25.902,76.830,20.702,37.412,79.298
[SHELL] ccA:321,2494788225,2638591,-0.531,35.137,0.000,35.000,2.09271,2.26606,23.99,-12.876,22.562,-12.876,22.562,-12.887,4.212,1.00000,74.342,-13.054,32.013
[SHELL] ccB:321,2147515485,1,-21.243,-13.000,34.243,31.686,21.646,78.354,23.170,25.902,76.830
[SHELL] ccA:322,2494898253,2638592,-5.757,34.040,0.000,35.000,2.30778,2.48114,24.08,-12.769,22.584,-12.769,22.584,-12.884,4.212,1.00000,74.342,-6.873,34.632
[SHELL] ccB:322,23177,1,-21.026,-14.051,35.077,42.391,20.099,79.901,31.686,21.646,78.354
[SHELL] ccA:323,2495008561,2638593,-7.511,35.089,0.000,35.000,2.52212,2.69547,23.94,-12.730,22.563,-12.730,22.563,-12.880,4.212,1.00000,74.342,-3.244,39.078
[SHELL] ccB:323,2147515317,1,-20.047,-19.162,39.209,53.528,19.890,80.110,42.391,20.099,79.901
[SHELL] ccA:324,2495117629,2638594,-6.702,35.883,0.000,35.000,2.74427,2.91761,23.49,-12.743,22.547,-12.743,22.547,-12.877,4.212,1.00000,74.342,-13.448,30.745
[SHELL] ccB:324,22865,1,0.503,-29.310,28.807,64.964,21.094,78.906,53.528,19.890,80.110
[SHELL] ccA:325,2495227557,2638595,-5.179,34.191,0.000,35.000,2.95028,3.12364,23.39,-12.771,22.581,-12.771,22.581,-12.874,4.212,1.00000,74.342,9.423,36.194
[SHELL] ccB:325,2147515819,1,-16.133,-21.155,37.288,74.945,23.432,76.568,64.964,21.094,78.906
[SHELL] ccA:326,2495337617,2638596,-1.405,33.404,0.000,35.000,3.17976,3.35310,23.49,-12.845,22.597,-12.845,22.597,-12.873,4.213,1.00000,74.342,-11.018,30.481
[SHELL] ccB:326,22859,1,12.174,-32.101,19.927,78.754,21.246,66.438,74.945,23.432,76.568
[SHELL] ccA:327,2495447585,2638597,-3.237,32.889,0.000,35.000,3.39725,3.57059,23.40,-12.807,22.609,-12.807,22.609,-12.872,4.214,1.00000,74.342,-0.332,34.400
[SHELL] ccB:327,2147515805,1,9.020,-33.260,24.240,80.110,19.890,55.380,78.754,21.246,66.438
[SHELL] ccA:328,2495557581,2638598,-1.763,34.239,0.000,35.000,3.61467,3.78802,23.40,-12.836,22.582,-12.836,22.582,-12.871,4.214,1.00000,74.342,4.631,37.674
[SHELL] ccB:328,22841,1,13.043,-37.392,24.349,80.055,19.945,43.929,80.110,19.890,55.380
[SHELL] ccA:329,2495667653,2638599,-0.647,35.021,0.000,35.000,3.82729,4.00064,23.50,-12.858,22.567,-12.858,22.567,-12.871,4.214,1.00000,74.342,-11.516,30.334
[SHELL] ccB:329,2147515771,1,28.121,-28.078,-0.043,78.626,21.374,33.031,80.055,19.945,43.929
[SHELL] ccA:330,2495777605,2638600,-2.334,33.230,0.000,35.000,4.04544,4.21878,23.43,-12.823,22.603,-12.823,22.603,-12.869,4.215,1.00000,74.342,9.064,34.577
[SHELL] ccB:330,22853,1,21.561,-35.471,13.911,76.550,24.807,23.450,78.626,21.374,33.031
[SHELL] ccA:331,2495887661,2638601,-0.983,33.221,0.000,35.000,4.26716,4.44049,23.53,-12.849,22.604,-12.849,22.604,-12.869,4.216,1.00000,73.902,-10.545,33.395
[SHELL] ccB:331,2147515767,1,34.681,-21.554,-13.127,79.295,35.486,20.705,76.550,24.807,23.450
[SHELL] ccA:332,2495997613,2638602,-3.290,34.222,0.000,35.000,4.47981,4.65315,23.43,-12.801,22.585,-12.801,22.585,-12.867,4.216,1.00000,73.902,-1.135,35.521
[SHELL] ccB:332,22857,1,34.826,-23.547,-11.279,80.353,46.463,19.647,79.295,35.486,20.705
[SHELL] ccA:333,2496107673,2638603,-1.419,36.063,0.000,35.000,4.69959,4.87293,23.56,-12.838,22.547,-12.838,22.547,-12.867,4.216,1.00000,74.342,7.139,39.814
[SHELL] ccB:333,2147515761,1,39.719,-26.483,-13.236,79.865,58.059,20.135,80.353,46.463,19.647
[SHELL] ccA:334,2496217597,2638604,0.947,36.152,0.000,35.000,4.91602,5.08931,23.35,-12.886,22.545,-12.886,22.545,-12.867,4.215,1.00000,74.342,-9.354,29.461
[SHELL] ccB:334,22849,1,26.961,-0.387,-26.574,78.175,69.073,21.825,79.865,58.059,20.135
[SHELL] ccA:335,2496327673,2638605,-0.484,32.928,0.000,35.000,5.13443,5.30775,23.53,-12.857,22.610,-12.857,22.610,-12.867,4.216,1.00000,74.342,9.634,32.976
[SHELL] ccB:335,2147515761,1,34.029,-12.928,-21.101,73.224,77.172,22.828,78.175,69.073,21.825
[SHELL] ccA:336,2496437613,2638606,0.139,31.257,0.000,35.000,5.36003,5.53338,23.44,-12.870,22.646,-12.870,22.646,-12.867,4.218,1.00000,74.342,-9.358,29.615
[SHELL] ccB:336,22857,1,17.973,12.950,-30.923,62.136,79.523,20.477,73.224,77.172,22.828
[SHELL] ccA:337,2496547629,2638607,-3.195,31.336,0.000,35.000,5.57151,5.74482,23.41,-12.801,22.646,-12.801,22.646,-12.865,4.220,1.00000,74.342,-3.696,33.136
[SHELL] ccB:337,2147515783,1,18.842,14.400,-33.243,51.253,80.295,19.705,62.136,79.523,20.477
[SHELL] ccA:338,2496657581,2638608,-1.918,33.331,0.000,35.000,5.79089,5.96423,23.41,-12.826,22.607,-12.826,22.607,-12.864,4.221,1.00000,73.902,9.077,37.435
[SHELL] ccB:338,22841,1,25.693,12.008,-37.701,39.669,79.869,20.131,51.253,80.295,19.705
[SHELL] ccA:339,2496767633,2638609,1.041,34.243,0.000,35.000,6.01153,6.18487,23.41,-12.886,22.589,-12.886,22.589,-12.865,4.221,1.00000,73.902,-10.293,28.967
[SHELL] ccB:339,2147515781,1,-2.143,27.629,-25.486,28.472,77.826,22.174,39.669,79.869,20.131
[SHELL] ccA:340,2496877701,2638610,-0.477,32.266,0.000,35.000,6.22783,0.11798,23.42,-12.855,22.630,-12.855,22.630,-12.865,4.223,1.00000,73.902,9.599,33.697
[SHELL] ccB:340,22901,1,11.449,22.954,-34.402,22.061,77.939,28.816,28.472,77.826,22.174
[SHELL] ccA:341,2496987761,2638611,0.066,32.367,0.000,35.000,0.15789,0.33120,23.56,-12.866,22.629,-12.866,22.629,-12.865,4.224,1.00000,73.902,-8.643,33.107
[SHELL] ccB:341,2147515717,1,-13.741,34.008,-20.267,20.097,79.903,39.554,22.061,77.939,28.816
[SHELL] ccA:342,2497097673,2638612,-3.692,34.180,0.000,35.000,0.37652,0.54985,23.53,-12.789,22.593,-12.789,22.593,-12.863,4.224,1.00000,73.902,-7.081,36.811
[SHELL] ccB:342,22887,1,-20.120,37.451,-17.332,19.581,80.419,50.935,20.097,79.903,39.554
[SHELL] ccA:343,2497207873,2638613,-2.917,37.740,0.000,35.000,0.59124,0.76456,23.46,-12.803,22.521,-12.803,22.521,-12.861,4.223,1.00000,73.902,11.136,44.230
[SHELL] ccB:343,2147515661,1,-15.408,44.881,-29.473,20.472,79.528,62.207,19.581,80.419,50.935
[SHELL] ccA:344,2497318161,2638614,1.314,40.099,0.000,35.000,0.80613,0.97947,23.98,-12.888,22.471,-12.888,22.471,-12.862,4.220,1.00000,73.902,-9.935,35.126
[SHELL] ccB:344,23131,1,-32.225,30.964,1.262,22.705,77.295,73.013,20.472,79.528,62.207
[SHELL] ccA:345,2497428125,2638615,1.234,38.591,0.000,35.000,1.02437,1.19769,23.95,-12.887,22.500,-12.887,22.500,-12.863,4.219,1.00000,73.902,13.670,39.880
[SHELL] ccB:345,2147515535,1,-26.970,41.547,-14.577,21.744,69.352,78.256,22.705,77.295,73.013
[SHELL] ccA:346,2497538685,2638616,3.469,38.651,0.000,35.000,1.24019,1.41446,24.85,-12.934,22.496,-12.934,22.496,-12.864,4.217,1.00000,73.902,-3.532,39.717
[SHELL] ccB:346,23393,1,-38.713,27.629,11.084,19.970,58.295,80.030,21.744,69.352,78.256
[SHELL] ccA:347,2497648101,2638617,1.887,39.250,0.000,35.000,1.45734,1.63068,23.93,-12.903,22.482,-12.903,22.482,-12.865,4.215,1.00000,73.902,0.940,37.684
[SHELL] ccB:347,2147515547,1,-37.336,23.171,14.164,19.673,46.987,80.327,19.970,58.295,80.030
[SHELL] ccA:348,2497758145,2638618,3.835,39.462,0.000,35.000,1.67192,1.84525,23.91,-12.944,22.476,-12.944,22.476,-12.867,4.213,1.00000,73.902,16.990,42.761
[SHELL] ccB:348,23123,1,-44.258,33.030,11.229,20.735,35.787,79.265,19.673,46.987,80.327
[SHELL] ccA:349,2497868125,2638619,7.463,38.402,0.000,35.000,1.89351,2.06685,23.91,-13.020,22.495,-13.020,22.495,-12.871,4.211,1.00000,73.902,-5.069,30.400
[SHELL] ccB:349,2147515535,1,-27.223,1.099,26.125,23.228,24.840,76.772,20.735,35.787,79.265
[SHELL] ccA:350,2497978145,2638620,4.943,34.723,0.000,35.000,2.10681,2.28015,23.97,-12.972,22.569,-12.972,22.569,-12.873,4.211,1.00000,73.902,12.919,35.330
[SHELL] ccB:350,23123,1,-36.973,12.479,24.494,32.391,21.239,78.761,23.228,24.840,76.772
[SHELL] ccA:351,2498088101,2638621,5.437,34.476,0.000,35.000,2.33574,2.50908,23.96,-12.985,22.574,-12.985,22.574,-12.876,4.211,1.00000,73.902,0.981,36.844
[SHELL] ccB:351,2147515547,1,-27.260,-7.854,35.113,44.170,19.668,80.332,32.391,21.239,78.761
[SHELL] ccA:352,2498198021,2638622,3.936,36.507,0.000,35.000,2.54652,2.71986,23.81,-12.957,22.533,-12.957,22.533,-12.878,4.210,1.00000,73.902,0.863,37.009
[SHELL] ccB:352,23061,1,-21.461,-15.392,36.853,55.273,19.693,80.307,44.170,19.668,80.332
[SHELL] ccA:353,2498308053,2638623,6.120,38.499,0.000,35.000,2.76638,2.93973,23.82,-13.004,22.491,-13.004,22.491,-12.881,4.209,1.00000,73.902,21.775,43.132
[SHELL] ccB:353,2147515571,1,-36.067,-9.811,45.878,66.705,21.123,78.877,55.273,19.693,80.307
[SHELL] ccA:354,2498418029,2638624,10.494,39.352,0.000,35.000,2.98542,3.15876,23.81,-13.096,22.472,-13.096,22.472,-12.886,4.207,1.00000,73.902,-2.435,34.134
[SHELL] ccB:354,23065,1,-2.904,-28.078,30.981,76.714,23.286,75.420,66.705,21.123,78.877
[SHELL] ccA:355,2498528065,2638625,8.048,36.940,0.000,35.000,3.20042,3.37384,23.89,-13.051,22.519,-13.051,22.519,-12.890,4.206,1.00000,73.902,15.289,36.359
[SHELL] ccB:355,2147515565,1,-13.125,-25.649,38.774,79.230,20.770,65.091,76.714,23.286,75.420
[SHELL] ccA:356,2498638041,2638626,8.170,36.173,0.000,35.000,3.42608,3.59941,23.82,-13.058,22.534,-13.058,22.534,-12.894,4.205,1.00000,73.902,4.537,37.840
[SHELL] ccB:356,23071,1,6.266,-35.689,29.423,80.457,19.543,53.391,79.230,20.770,65.091
[SHELL] ccA:357,2498748021,2638627,5.714,36.753,0.000,35.000,3.64250,3.81583,23.82,-13.012,22.522,-13.012,22.522,-12.897,4.204,1.00000,73.902,-1.507,34.975
[SHELL] ccB:357,2147515587,1,18.118,-35.000,16.883,80.134,19.866,42.062,80.457,19.543,53.391
[SHELL] ccA:358,2498858009,2638628,5.315,37.052,0.000,35.000,3.85742,4.03075,23.81,-13.006,22.515,-13.006,22.515,-12.900,4.203,1.00000,74.342,19.739,40.418
[SHELL] ccB:358,23055,1,11.630,-43.445,31.815,78.286,21.714,31.234,80.134,19.866,42.062
[SHELL] ccA:359,2498967997,2638629,8.049,37.297,0.000,35.000,4.07980,4.25314,23.77,-13.065,22.509,-13.065,22.509,-12.904,4.202,1.00000,74.342,-5.774,33.376
[SHELL] ccB:359,2147515599,1,30.332,-28.223,-2.109,77.208,26.832,22.792,78.286,21.714,31.234
[SHELL] ccA:360,2499077985,2638630,4.618,35.842,0.000,35.000,4.29634,4.46968,23.77,-12.999,22.537,-12.999,22.537,-12.906,4.202,1.00000,73.902,10.281,36.197
[SHELL] ccB:360,23043,1,28.954,-35.290,6.336,79.592,37.286,20.408,77.208,26.832,22.792
[SHELL] ccA:361,2499187997,2638631,4.760,36.233,0.000,35.000,4.51600,4.68934,23.77,-13.004,22.529,-13.004,22.529,-12.909,4.201,1.00000,73.902,4.252,39.163
[SHELL] ccB:361,2147515599,1,37.581,-29.020,-8.561,80.475,48.778,19.525,79.592,37.286,20.408
[SHELL] ccA:362,2499298037,2638632,4.131,36.764,0.000,35.000,4.73587,4.90921,23.86,-12.993,22.517,-12.993,22.517,-12.911,4.200,1.00000,74.342,-2.261,32.532
[SHELL] ccB:362,23069,1,32.470,-13.616,-18.854,79.702,60.246,20.298,80.475,48.778,19.525
[SHELL] ccA:363,2499408005,2638633,4.424,36.137,0.000,35.000,4.95935,5.13272,23.77,-13.001,22.529,-13.001,22.529,-12.913,4.199,1.00000,74.342,17.966,40.320
[SHELL] ccB:363,2147515595,1,43.488,-28.295,-15.193,77.666,71.407,22.334,79.702,60.246,20.298
[SHELL] ccA:364,2499518001,2638634,6.775,35.958,0.000,35.000,5.18652,5.35987,23.77,-13.052,22.532,-13.052,22.532,-12.916,4.199,1.00000,73.902,-6.573,30.663
[SHELL] ccB:364,23051,1,24.279,5.049,-29.328,70.499,78.126,21.874,77.666,71.407,22.334
[SHELL] ccA:365,2499627977,2638635,1.914,33.440,0.000,35.000,5.39313,5.56647,23.77,-12.956,22.584,-12.956,22.584,-12.917,4.200,1.00000,74.342,2.839,32.115
[SHELL] ccB:365,2147515609,1,26.744,2.222,-28.966,60.224,79.750,20.250,70.499,78.126,21.874
[SHELL] ccA:366,2499738009,2638636,-0.274,33.168,0.000,35.000,5.61449,5.78780,23.78,-12.912,22.590,-12.912,22.590,-12.917,4.201,1.00000,74.342,-0.200,37.779
[SHELL] ccB:366,23055,1,23.264,14.146,-37.411,48.747,80.302,19.698,60.224,79.750,20.250
[SHELL] ccA:367,2499847985,2638637,-1.591,34.680,0.000,35.000,5.82758,6.00091,23.77,-12.885,22.560,-12.885,22.560,-12.916,4.201,1.00000,74.342,-8.801,31.049
[SHELL] ccB:367,2147515605,1,5.758,24.621,-30.379,37.710,79.421,20.579,48.747,80.302,19.698
[SHELL] ccA:368,2499958001,2638638,-1.105,34.236,0.000,35.000,6.04305,6.21639,23.78,-12.894,22.569,-12.894,22.569,-12.916,4.201,1.00000,74.342,13.382,37.068
[SHELL] ccB:368,23051,1,21.814,17.517,-39.332,27.081,77.235,22.765,37.710,79.421,20.579
[SHELL] ccA:369,2500067917,2638639,2.076,33.889,0.000,35.000,6.26490,0.15504,23.77,-12.958,22.577,-12.958,22.577,-12.917,4.202,1.00000,74.342,-9.659,30.369
[SHELL] ccB:369,2147515639,1,-9.102,31.000,-21.898,21.740,78.260,30.953,27.081,77.235,22.765
[SHELL] ccA:370,2500177809,2638640,-0.693,32.988,0.000,35.000,0.20472,0.37806,23.67,-12.903,22.596,-12.903,22.596,-12.917,4.203,1.00000,74.342,3.162,34.147
[SHELL] ccB:370,22955,1,-3.846,31.435,-27.589,20.030,79.970,42.139,21.740,78.260,30.953
[SHELL] ccA:371,2500287805,2638641,0.555,34.736,0.000,35.000,0.41892,0.59226,23.67,-12.928,22.561,-12.928,22.561,-12.917,4.203,1.00000,73.902,5.553,40.282
[SHELL] ccB:371,2147515695,1,-11.312,39.481,-28.168,19.594,80.406,53.450,20.030,79.970,42.139
[SHELL] ccA:372,2500397977,2638642,1.194,36.671,0.000,35.000,0.64404,0.81738,23.56,-12.941,22.521,-12.941,22.521,-12.917,4.202,1.00000,73.902,-9.492,31.973
[SHELL] ccB:372,23039,1,-26.789,30.601,-3.813,20.847,79.153,65.163,19.594,80.406,53.450
[SHELL] ccA:373,2500508229,2638643,0.484,35.477,0.000,35.000,0.85990,1.03325,24.06,-12.927,22.545,-12.927,22.545,-12.918,4.202,1.00000,74.342,15.369,37.680
[SHELL] ccB:373,2147515483,1,-18.525,40.641,-22.116,23.529,76.471,75.446,20.847,79.153,65.163
[SHELL] ccA:374,2500618177,2638644,3.058,35.016,0.000,35.000,1.07732,1.25069,24.00,-12.980,22.554,-12.980,22.554,-12.919,4.202,1.00000,74.342,-9.014,32.730
[SHELL] ccB:374,23139,1,-33.095,23.099,9.996,21.239,66.591,78.761,23.529,76.471,75.446
[SHELL] ccA:375,2500728129,2638645,-0.790,34.851,0.000,35.000,1.28986,1.46319,23.90,-12.903,22.558,-12.903,22.558,-12.919,4.202,1.00000,74.342,-0.500,36.263
[SHELL] ccB:375,2147515533,1,-34.980,25.781,9.199,19.915,55.841,80.085,21.239,66.591,78.761
[SHELL] ccA:376,2500838153,2638646,-0.899,35.969,0.000,35.000,1.51539,1.68873,23.91,-12.900,22.535,-12.900,22.535,-12.918,4.201,1.00000,74.342,6.419,38.620
[SHELL] ccB:376,23127,1,-38.205,26.506,11.700,19.949,44.027,80.051,19.915,55.841,80.085
[SHELL] ccA:377,2500948137,2638647,0.921,35.993,0.000,35.000,1.73820,1.91154,23.90,-12.937,22.534,-12.937,22.534,-12.919,4.201,1.00000,74.342,-8.656,30.469
[SHELL] ccB:377,2147515529,1,-28.601,2.512,26.089,21.447,32.599,78.553,19.949,44.027,80.051
[SHELL] ccA:378,2501058177,2638648,0.365,33.522,0.000,35.000,1.95120,2.12455,24.01,-12.926,22.584,-12.926,22.584,-12.919,4.202,1.00000,74.342,12.354,34.528
[SHELL] ccB:378,23139,1,-36.647,17.155,19.492,24.958,23.357,76.643,21.447,32.599,78.553
[SHELL] ccA:379,2501168073,2638649,1.498,32.365,0.000,35.000,2.17190,2.34525,23.85,-12.950,22.608,-12.950,22.608,-12.920,4.203,1.00000,74.342,-10.060,29.933
[SHELL] ccB:379,2147515561,1,-18.996,-12.348,31.344,35.665,20.799,79.201,24.958,23.357,76.643
[SHELL] ccA:380,2501278037,2638650,-2.866,32.171,0.000,35.000,2.38252,2.55588,23.86,-12.861,22.614,-12.861,22.614,-12.918,4.204,1.00000,74.342,-3.699,34.291
[SHELL] ccB:380,23069,1,-20.917,-13.290,34.207,46.402,19.766,80.234,35.665,20.799,79.201
[SHELL] ccA:381,2501388005,2638651,-2.461,34.319,0.000,35.000,2.61494,2.78830,23.80,-12.868,22.571,-12.868,22.571,-12.917,4.205,1.00000,74.342,7.612,38.761
[SHELL] ccB:381,2147515595,1,-26.064,-12.674,38.738,58.603,20.144,79.856,46.402,19.766,80.234
[SHELL] ccA:382,2501498009,2638652,0.680,35.844,0.000,35.000,2.82626,2.99962,23.79,-12.931,22.540,-12.931,22.540,-12.917,4.204,1.00000,74.342,-8.805,31.563
[SHELL] ccB:382,23055,1,-1.418,-27.643,29.061,69.393,21.875,78.125,58.603,20.144,79.856
[SHELL] ccA:383,2501608037,2638653,0.219,34.104,0.000,35.000,3.04104,3.21434,23.78,-12.922,22.575,-12.922,22.575,-12.918,4.205,1.00000,73.902,10.873,34.527
[SHELL] ccB:383,2147515579,1,-14.284,-21.662,35.947,77.387,22.613,73.182,69.393,21.875,78.125
[SHELL] ccA:384,2501718049,2638654,1.031,33.102,0.000,35.000,3.26559,3.43893,23.79,-12.939,22.596,-12.939,22.596,-12.918,4.206,1.00000,73.902,-8.817,31.791
[SHELL] ccB:384,23075,1,12.681,-32.717,20.036,79.711,20.289,62.040,77.387,22.613,73.182
[SHELL] ccA:385,2501828165,2638655,-2.589,33.190,0.000,35.000,3.49034,3.66368,23.99,-12.865,22.595,-12.865,22.595,-12.917,4.207,1.00000,74.342,-3.594,34.650
[SHELL] ccB:385,2147515515,1,15.218,-34.746,19.528,80.289,19.711,50.395,79.711,20.289,62.040
[SHELL] ccA:386,2501938121,2638656,-1.859,34.995,0.000,35.000,3.70566,3.87898,23.87,-12.879,22.559,-12.879,22.559,-12.916,4.207,1.00000,74.342,8.568,38.890
[SHELL] ccB:386,23111,1,13.551,-39.204,25.654,79.603,20.397,39.129,80.289,19.711,50.395
[SHELL] ccA:387,2502048085,2638657,0.043,36.154,0.000,35.000,3.92461,4.09792,23.87,-12.917,22.536,-12.917,22.536,-12.916,4.206,1.00000,74.342,-13.369,32.185
[SHELL] ccB:387,2147515555,1,32.180,-27.679,-4.501,77.509,22.491,28.172,79.603,20.397,39.129
[SHELL] ccA:388,2502158121,2638658,-3.009,34.678,0.000,35.000,4.13891,4.31225,23.94,-12.854,22.565,-12.854,22.565,-12.914,4.206,1.00000,74.342,6.134,35.454
[SHELL] ccB:388,23111,1,26.454,-34.348,7.894,77.794,29.308,22.206,77.509,22.491,28.172
[SHELL] ccA:389,2502268161,2638659,-2.392,34.518,0.000,35.000,4.36394,4.53730,23.93,-12.865,22.569,-12.865,22.569,-12.913,4.206,1.00000,74.342,-8.466,34.980
[SHELL] ccB:389,2147515517,1,35.768,-21.336,-14.432,79.770,40.586,20.230,77.794,29.308,22.206
[SHELL] ccA:390,2502378057,2638660,-4.177,35.891,0.000,35.000,4.58016,4.75350,23.83,-12.828,22.541,-12.828,22.541,-12.911,4.206,1.00000,74.342,-5.908,38.149
[SHELL] ccB:390,23079,1,38.595,-18.582,-20.014,80.194,51.825,19.806,79.770,40.586,20.230
[SHELL] ccA:391,2502488085,2638661,-2.758,38.271,0.000,35.000,4.79658,4.96994,23.85,-12.855,22.492,-12.855,22.492,-12.910,4.204,1.00000,74.342,9.251,41.807
[SHELL] ccB:391,2147515555,1,42.437,-26.157,-16.281,79.216,63.092,20.784,80.194,51.825,19.806
[SHELL] ccA:392,2502598081,2638662,-0.183,37.780,0.000,35.000,5.01289,5.18622,23.90,-12.906,22.500,-12.906,22.500,-12.910,4.203,1.00000,73.902,-13.325,29.357
[SHELL] ccB:392,23091,1,24.098,6.499,-30.597,77.086,73.891,22.914,79.216,63.092,20.784
[SHELL] ccA:393,2502708053,2638663,-3.332,33.009,0.000,35.000,5.23102,5.40436,23.84,-12.841,22.596,-12.841,22.596,-12.908,4.204,1.00000,73.902,4.073,31.515
[SHELL] ccB:393,2147515571,1,29.389,-4.229,-25.160,68.685,78.482,21.518,77.086,73.891,22.914
[SHELL] ccA:394,2502818109,2638664,-3.615,31.641,0.000,35.000,5.45096,5.62430,23.92,-12.834,22.625,-12.834,22.625,-12.906,4.206,1.00000,73.902,-9.280,34.177
[SHELL] ccB:394,23105,1,19.024,16.357,-35.381,57.520,80.171,19.829,68.685,78.482,21.518
[SHELL] ccA:395,2502928117,2638665,-5.451,33.667,0.000,35.000,5.67176,5.84507,23.93,-12.794,22.586,-12.794,22.586,-12.903,4.206,1.00000,73.902,-7.317,34.801
[SHELL] ccB:395,2147515539,1,13.986,21.323,-35.309,45.932,80.328,19.672,57.520,80.171,19.829
[SHELL] ccA:396,2503039345,2638666,-2.707,36.339,0.000,35.000,5.88906,6.07854,26.18,-12.848,22.531,-12.848,22.531,-12.902,4.206,1.00000,73.902,13.085,41.578
[SHELL] ccB:396,23723,1,28.048,14.871,-42.920,33.760,78.912,21.088,45.932,80.328,19.672
[SHELL] ccA:397,2503148105,2638667,2.098,37.627,0.000,35.000,6.10524,6.27858,23.93,-12.945,22.504,-12.945,22.504,-12.903,4.204,1.00000,74.342,-10.462,32.551
[SHELL] ccB:397,2147515545,1,-4.535,31.616,-27.081,24.090,76.285,23.715,33.760,78.912,21.088
[SHELL] ccA:398,2503257981,2638668,-0.867,35.179,0.000,35.000,0.04002,0.21337,23.83,-12.885,22.553,-12.885,22.553,-12.903,4.204,1.00000,74.342,4.369,34.034
[SHELL] ccB:398,23041,1,3.004,28.100,-31.104,21.228,78.772,33.775,24.090,76.285,23.715
[SHELL] ccA:399,2503367909,2638669,-1.724,34.109,0.000,35.000,0.26012,0.43346,23.73,-12.867,22.575,-12.867,22.575,-12.902,4.205,1.00000,74.342,-5.174,35.818
[SHELL] ccB:399,2147515643,1,-14.212,35.929,-21.717,19.868,80.132,44.991,21.228,78.772,33.775
[SHELL] ccA:400,2503477877,2638670,-3.396,35.195,0.000,35.000,0.46520,0.63853,23.73,-12.832,22.553,-12.832,22.553,-12.900,4.205,1.00000,74.342,-7.606,35.110
[SHELL] ccB:400,22989,1,-22.548,35.494,-12.946,19.950,80.050,55.676,19.868,80.132,44.991
[SHELL] ccA:401,2503588157,2638671,-1.320,37.101,0.000,35.000,0.69211,0.86611,23.76,-12.873,22.583,-12.873,22.583,-12.899,4.204,1.00000,74.342,15.105,42.368
[SHELL] ccB:401,2147515519,1,-15.408,44.301,-28.893,21.421,78.579,67.343,19.950,80.050,55.676
[SHELL] ccA:402,2503698261,2638672,3.847,38.428,0.000,35.000,0.91776,1.09173,24.04,-12.978,22.555,-12.978,22.555,-12.901,4.202,1.00000,74.342,-7.215,33.867
[SHELL] ccB:402,23181,1,-31.283,28.499,2.784,23.119,74.271,76.881,21.421,78.579,67.343
[SHELL] ccA:403,2503808273,2638673,2.648,36.586,0.000,35.000,1.13369,1.30766,24.07,-12.956,22.591,-12.956,22.591,-12.903,4.201,1.00000,74.342,9.916,36.242
[SHELL] ccB:403,2147515461,1,-28.637,35.385,-6.748,20.730,63.815,79.270,23.119,74.271,76.881
[SHELL] ccA:404,2503918213,2638674,3.642,35.962,0.000,35.000,1.35168,1.52568,23.99,-12.977,22.603,-12.977,22.603,-12.905,4.201,1.00000,74.342,1.951,37.496
[SHELL] ccB:404,23157,1,-36.176,26.796,9.380,19.672,52.499,80.328,20.730,63.815,79.270
[SHELL] ccA:405,2504028237,2638675,2.169,35.892,0.000,35.000,1.56353,1.73750,23.98,-12.949,22.604,-12.949,22.604,-12.906,4.200,1.00000,74.342,-5.142,32.334
[SHELL] ccB:405,2147515479,1,-32.370,11.936,20.434,20.057,41.453,79.943,19.672,52.499,80.328
[SHELL] ccA:406,2504138261,2638676,1.252,34.895,0.000,35.000,1.77884,1.95283,24.04,-12.931,22.624,-12.931,22.624,-12.906,4.200,1.00000,74.342,13.342,37.416
[SHELL] ccB:406,23181,1,-39.365,24.295,15.070,21.783,30.610,78.217,20.057,41.453,79.943
[SHELL] ccA:407,2504248177,2638677,2.430,34.551,0.000,35.000,1.99971,2.17372,23.98,-12.956,22.631,-12.956,22.631,-12.907,4.200,1.00000,74.342,-11.819,31.036
[SHELL] ccB:407,2147515509,1,-23.309,-8.832,32.141,27.211,22.619,77.381,21.783,30.610,78.217
[SHELL] ccA:408,2504358161,2638678,-1.847,33.612,0.000,35.000,2.22148,2.39547,24.00,-12.870,22.651,-12.870,22.651,-12.907,4.201,1.00000,74.342,2.908,34.962
[SHELL] ccB:408,23131,1,-29.579,-1.547,31.126,38.046,20.447,79.553,27.211,22.619,77.381
[SHELL] ccA:409,2504468117,2638679,-1.345,34.703,0.000,35.000,2.43499,2.60899,23.93,-12.879,22.629,-12.879,22.629,-12.906,4.201,1.00000,74.342,0.622,37.852
[SHELL] ccB:409,2147515539,1,-25.049,-12.058,37.107,49.202,19.672,80.328,38.046,20.447,79.553
[SHELL] ccA:410,2504578133,2638680,-0.108,36.160,0.000,35.000,2.65658,2.83056,23.94,-12.904,22.599,-12.904,22.599,-12.906,4.201,1.00000,74.342,-4.585,33.974
[SHELL] ccB:410,23117,1,-11.784,-21.989,33.772,60.831,20.336,79.664,49.202,19.672,80.328
[SHELL] ccA:411,2504688093,2638681,2.842,36.479,0.000,35.000,2.87346,3.04746,23.86,-12.964,22.592,-12.964,22.592,-12.907,4.200,1.00000,74.342,19.916,40.117
[SHELL] ccB:411,2147515551,1,-29.833,-14.015,43.848,71.757,22.379,77.621,60.831,20.336,79.664
[SHELL] ccA:412,2504798141,2638682,7.655,36.951,0.000,35.000,3.09124,3.26524,23.97,-13.064,22.582,-13.064,22.582,-12.911,4.199,1.00000,74.342,-4.628,33.593
[SHELL] ccB:412,23121,1,2.931,-30.723,27.792,78.003,21.997,70.454,71.757,22.379,77.621
[SHELL] ccA:413,2504908085,2638683,4.571,35.922,0.000,35.000,3.31295,3.48694,23.87,-13.005,22.602,-13.005,22.602,-12.913,4.198,1.00000,74.342,7.625,36.385
[SHELL] ccB:413,2147515555,1,-1.309,-31.521,32.830,79.888,20.112,59.405,78.003,21.997,70.454
[SHELL] ccA:414,2505018149,2638684,4.201,36.583,0.000,35.000,3.52366,3.69763,23.97,-12.999,22.588,-12.999,22.588,-12.915,4.198,1.00000,74.342,6.182,39.969
[SHELL] ccB:414,23125,1,9.165,-38.697,29.532,80.345,19.655,48.367,79.888,20.112,59.405
[SHELL] ccA:415,2505128157,2638685,3.713,37.918,0.000,35.000,3.74595,3.91997,23.87,-12.992,22.560,-12.992,22.560,-12.917,4.196,1.00000,74.342,-5.139,35.349
[SHELL] ccB:415,2147515519,1,24.315,-34.819,10.504,79.356,20.644,36.818,80.345,19.655,48.367
[SHELL] ccA:416,2505238085,2638686,3.458,37.604,0.000,35.000,3.96384,4.13785,23.90,-12.988,22.565,-12.988,22.565,-12.919,4.195,1.00000,74.342,17.928,39.748
[SHELL] ccB:416,23093,1,16.922,-43.264,26.342,77.023,22.977,26.146,79.356,20.644,36.818
[SHELL] ccA:417,2505348093,2638687,6.295,37.304,0.000,35.000,4.18083,4.35482,23.90,-13.048,22.570,-13.048,22.570,-12.922,4.194,1.00000,74.342,-5.536,34.370
[SHELL] ccB:417,2147515551,1,32.434,-27.171,-5.262,78.455,31.618,21.545,77.023,22.977,26.146
[SHELL] ccA:418,2505458069,2638688,3.030,36.441,0.000,35.000,4.39968,4.57365,23.83,-12.984,22.586,-12.984,22.586,-12.924,4.193,1.00000,74.342,5.267,37.275
[SHELL] ccB:418,23085,1,33.847,-31.195,-2.653,80.050,42.634,19.950,78.455,31.618,21.545
[SHELL] ccA:419,2505568113,2638689,3.052,37.855,0.000,35.000,4.61544,4.78943,23.92,-12.986,22.556,-12.986,22.556,-12.925,4.192,1.00000,74.342,7.209,42.501
[SHELL] ccB:419,2147515541,1,41.604,-30.578,-11.025,80.233,53.978,19.767,80.050,42.634,19.950
[SHELL] ccA:420,2505678121,2638690,3.890,38.714,0.000,35.000,4.83663,5.01063,23.90,-13.005,22.537,-13.005,22.537,-12.927,4.190,1.00000,74.342,-4.124,32.580
[SHELL] ccB:420,23111,1,31.818,-8.868,-22.949,78.976,65.415,21.024,80.233,53.978,19.767
[SHELL] ccA:421,2505788121,2638691,4.110,36.563,0.000,35.000,5.05533,5.22935,23.93,-13.011,22.580,-13.011,22.580,-12.929,4.189,1.00000,74.342,17.478,38.590
[SHELL] ccB:421,2147515537,1,42.220,-24.127,-18.093,76.404,75.950,23.596,78.976,65.415,21.024
[SHELL] ccA:422,2505898097,2638692,6.200,35.242,0.000,35.000,5.26619,5.44019,23.90,-13.056,22.606,-13.056,22.606,-12.932,4.189,1.00000,74.342,-6.031,31.209
[SHELL] ccB:422,23099,1,23.373,6.970,-30.343,66.531,78.874,21.126,76.404,75.950,23.596
[SHELL] ccA:423,2506008053,2638693,1.832,34.278,0.000,35.000,5.48691,5.66089,23.84,-12.970,22.626,-12.970,22.626,-12.933,4.189,1.00000,74.342,1.909,36.106
[SHELL] ccB:423,2147515571,1,27.142,7.115,-34.257,55.347,80.223,19.777,66.531,78.874,21.126
[SHELL] ccA:424,2506118157,2638694,2.121,35.781,0.000,35.000,5.70357,5.87757,23.91,-12.977,22.595,-12.977,22.595,-12.934,4.189,1.00000,74.342,10.696,39.703
[SHELL] ccB:424,23129,1,30.694,8.347,-39.042,43.931,80.151,19.849,55.347,80.223,19.777
[SHELL] ccA:425,2506228065,2638695,5.269,37.276,0.000,35.000,5.92900,6.10299,23.85,-13.042,22.564,-13.042,22.564,-12.937,4.188,1.00000,74.342,-2.224,33.591
[SHELL] ccB:425,2147515565,1,9.564,23.171,-32.735,32.270,78.583,21.417,43.931,80.151,19.849
[SHELL] ccA:426,2506338069,2638696,7.235,36.657,0.000,35.000,6.14329,0.03410,23.85,-13.085,22.576,-13.085,22.576,-12.941,4.187,1.00000,74.342,22.692,39.743
[SHELL] ccB:426,23085,1,28.012,17.336,-45.348,23.148,76.852,25.324,32.270,78.583,21.417
[SHELL] ccA:427,2506447957,2638697,11.007,36.893,0.000,35.000,0.07990,0.25386,23.85,-13.166,22.570,-13.166,22.570,-12.946,4.186,1.00000,74.342,0.867,34.495
[SHELL] ccB:427,2147515619,1,-1.889,30.782,-28.893,20.626,79.374,36.179,23.148,76.852,25.324
[SHELL] ccA:428,2506557853,2638698,7.170,36.368,0.000,35.000,0.29967,0.47368,23.66,-13.093,22.580,-13.093,22.580,-12.950,4.185,1.00000,74.342,4.254,36.740
[SHELL] ccB:428,22977,1,-6.782,34.878,-28.096,19.629,80.371,47.471,20.626,79.374,36.179
[SHELL] ccA:429,2506667801,2638699,6.168,37.525,0.000,35.000,0.51418,0.68816,23.59,-13.076,22.555,-13.076,22.555,-12.953,4.184,1.00000,74.342,15.299,42.128
[SHELL] ccB:429,2147515697,1,-7.398,41.982,-34.584,20.048,79.952,58.710,19.629,80.371,47.471
[SHELL] ccA:430,2506778077,2638700,7.713,38.562,0.000,35.000,0.74335,0.91734,23.69,-13.111,22.533,-13.111,22.533,-12.957,4.182,1.00000,74.342,-4.000,33.251
[SHELL] ccB:430,23089,1,-25.448,31.580,-6.132,21.994,78.006,70.344,20.048,79.952,58.710
[SHELL] ccA:431,2506888237,2638701,6.026,36.737,0.000,35.000,0.95087,1.12486,24.03,-13.080,22.569,-13.080,22.569,-12.960,4.181,1.00000,74.342,16.805,38.318
[SHELL] ccB:431,2147515479,1,-21.424,41.837,-20.412,22.563,72.621,77.437,21.994,78.006,70.344
[SHELL] ccA:432,2506998281,2638702,7.179,36.525,0.000,35.000,1.17706,1.35103,24.03,-13.107,22.572,-13.107,22.572,-12.963,4.181,1.00000,74.342,-0.893,36.212
[SHELL] ccB:432,23191,1,-33.784,28.209,5.575,20.309,61.353,79.691,22.563,72.621,77.437
[SHELL] ccA:433,2507108201,2638703,4.812,37.120,0.000,35.000,1.39949,1.57349,23.96,-13.062,22.559,-13.062,22.559,-12.966,4.179,1.00000,74.342,4.228,37.739
[SHELL] ccB:433,2147515497,1,-36.466,27.412,9.054,19.633,49.793,80.367,20.309,61.353,79.691
[SHELL] ccA:434,2507218257,2638704,6.245,38.032,0.000,35.000,1.61326,1.78726,24.03,-13.094,22.539,-13.094,22.539,-12.969,4.178,1.00000,74.342,17.416,40.438
[SHELL] ccB:434,23179,1,-41.141,34.153,6.988,20.361,38.567,79.639,19.633,49.793,80.367
[SHELL] ccA:435,2507328205,2638705,8.564,37.692,0.000,35.000,1.83408,2.00807,24.03,-13.144,22.545,-13.144,22.545,-12.973,4.177,1.00000,74.342,-4.802,32.155
[SHELL] ccB:435,2147515495,1,-29.797,3.636,26.161,22.515,27.500,77.485,20.361,38.567,79.639
[SHELL] ccA:436,2507438137,2638706,5.589,35.025,0.000,35.000,2.06443,2.23842,23.91,-13.088,22.598,-13.088,22.598,-12.976,4.177,1.00000,74.342,14.544,35.354
[SHELL] ccB:436,23119,1,-38.024,15.596,22.428,30.542,21.729,78.271,22.515,27.500,77.485
[SHELL] ccA:437,2507548153,2638707,5.182,34.553,0.000,35.000,2.27179,2.44579,23.99,-13.082,22.608,-13.082,22.608,-12.978,4.177,1.00000,74.342,-3.555,35.352
[SHELL] ccB:437,2147515521,1,-24.723,-9.738,34.461,41.020,20.017,79.983,30.542,21.729,78.271
[SHELL] ccA:438,2507658073,2638708,1.038,35.752,0.000,35.000,2.49251,2.66651,23.86,-13.000,22.583,-13.000,22.583,-12.979,4.176,1.00000,74.342,-3.281,36.950
[SHELL] ccB:438,23087,1,-19.721,-17.349,37.070,52.482,19.679,80.321,41.020,20.017,79.983
[SHELL] ccA:439,2507768085,2638709,1.727,38.058,0.000,35.000,2.72084,2.89483,23.87,-13.014,22.536,-13.014,22.536,-12.980,4.175,1.00000,74.782,17.025,42.980
[SHELL] ccB:439,2147515555,1,-33.095,-11.405,44.500,64.272,21.011,78.989,52.482,19.679,80.321
[SHELL] ccA:440,2507878085,2638710,6.334,39.484,0.000,35.000,2.93440,3.10839,23.86,-13.110,22.505,-13.110,22.505,-12.983,4.173,1.00000,74.782,-5.433,35.027
[SHELL] ccB:440,23093,1,-1.889,-29.709,31.598,74.783,23.448,76.552,64.272,21.011,78.989
[SHELL] ccA:441,2507988077,2638711,4.821,37.735,0.000,35.000,3.14634,3.32034,23.86,-13.082,22.539,-13.082,22.539,-12.985,4.171,1.00000,74.782,13.124,37.907
[SHELL] ccB:441,2147515559,1,-12.943,-26.410,39.354,78.426,21.574,67.558,74.783,23.448,76.552
[SHELL] ccA:442,2508098093,2638712,5.125,36.797,0.000,35.000,3.37240,3.54638,23.86,-13.090,22.556,-13.090,22.556,-12.988,4.170,1.00000,74.342,-0.315,36.347
[SHELL] ccB:442,23097,1,8.622,-34.891,26.270,80.175,19.825,56.120,78.426,21.574,67.558
[SHELL] ccA:443,2508208081,2638713,2.321,36.265,0.000,35.000,3.58995,3.76397,23.86,-13.035,22.566,-13.035,22.566,-12.989,4.170,1.00000,74.342,-3.208,34.458
[SHELL] ccB:443,2147515557,1,17.828,-34.601,16.774,80.210,19.790,44.803,80.175,19.825,56.120
[SHELL] ccA:444,2508318125,2638714,2.250,36.354,0.000,35.000,3.80551,3.97951,23.91,-13.035,22.564,-13.035,22.564,-12.990,4.169,1.00000,74.342,15.729,40.154
[SHELL] ccB:444,23113,1,12.355,-41.959,29.604,78.867,21.133,33.731,80.210,19.790,44.803
[SHELL] ccA:445,2508428045,2638715,5.104,36.821,0.000,35.000,4.03065,4.20465,23.83,-13.095,22.554,-13.095,22.554,-12.993,4.168,1.00000,74.342,-7.835,32.518
[SHELL] ccB:445,2147515575,1,30.187,-27.570,-2.617,76.584,24.528,23.416,78.867,21.133,33.731
[SHELL] ccA:446,2508538097,2638716,2.631,35.080,0.000,35.000,4.25312,4.42712,23.91,-13.047,22.588,-13.047,22.588,-12.994,4.168,1.00000,74.342,10.464,35.131
[SHELL] ccB:446,23099,1,26.852,-35.036,8.184,79.161,35.197,20.839,76.584,24.528,23.416
[SHELL] ccA:447,2508648085,2638717,3.487,35.380,0.000,35.000,4.46633,4.64033,23.89,-13.065,22.582,-13.065,22.582,-12.996,4.168,1.00000,74.342,0.854,38.738
[SHELL] ccB:447,2147515555,1,37.363,-27.570,-9.793,80.316,46.258,19.684,79.161,35.197,20.839
[SHELL] ccA:448,2508758089,2638718,2.126,36.462,0.000,35.000,4.68048,4.85450,23.92,-13.039,22.560,-13.039,22.560,-12.997,4.167,1.00000,74.342,-3.668,33.240
[SHELL] ccB:448,23095,1,33.340,-14.414,-18.926,80.047,57.471,19.953,80.316,46.258,19.684
[SHELL] ccA:449,2508868041,2638719,2.125,36.564,0.000,35.000,4.90732,5.08134,23.83,-13.040,22.557,-13.040,22.557,-12.998,4.166,1.00000,74.342,14.981,41.038
[SHELL] ccB:449,2147515577,1,43.162,-27.425,-15.737,78.304,68.987,21.696,80.047,57.471,19.953
[SHELL] ccA:450,2508978185,2638720,4.231,36.731,0.000,35.000,5.11712,5.29119,23.95,-13.085,22.553,-13.085,22.553,-13.000,4.166,1.00000,74.342,-9.371,31.610
[SHELL] ccB:450,23143,1,25.366,5.557,-30.923,73.651,77.131,22.869,78.304,68.987,21.696
[SHELL] ccA:451,2509088053,2638721,0.272,34.553,0.000,35.000,5.34221,5.51618,23.83,-13.006,22.597,-13.006,22.597,-13.000,4.166,1.00000,74.342,4.848,33.955
[SHELL] ccB:451,2147515571,1,30.295,-1.221,-29.075,62.748,79.467,20.533,73.651,77.131,22.869
[SHELL] ccA:452,2509198041,2638722,0.216,34.550,0.000,35.000,5.56062,5.73463,23.83,-13.005,22.597,-13.005,22.597,-13.000,4.166,1.00000,74.342,0.538,38.679
[SHELL] ccB:452,23071,1,25.982,11.827,-37.809,51.386,80.361,19.639,62.748,79.467,20.533
[SHELL] ccA:453,2509308073,2638723,0.206,36.366,0.000,35.000,5.78023,5.95422,23.89,-13.004,22.560,-13.004,22.560,-13.000,4.165,1.00000,74.782,-5.102,34.153
[SHELL] ccB:453,2147515561,1,11.992,22.048,-34.040,39.933,79.590,20.410,51.386,80.361,19.639
[SHELL] ccA:454,2509418037,2638724,2.114,37.099,0.000,35.000,5.99734,6.17131,23.80,-13.044,22.544,-13.044,22.544,-13.001,4.164,1.00000,74.782,18.122,41.411
[SHELL] ccB:454,23069,1,29.063,15.451,-44.514,29.048,77.631,22.369,39.933,79.590,20.410
[SHELL] ccA:455,2509528077,2638725,5.906,37.235,0.000,35.000,6.22655,0.11737,23.91,-13.122,22.540,-13.122,22.540,-13.004,4.163,1.00000,74.342,-7.516,31.966
[SHELL] ccB:455,2147515559,1,-5.695,30.855,-25.160,22.046,77.954,29.380,29.048,77.631,22.369
[SHELL] ccA:456,2509637885,2638726,1.819,34.821,0.000,35.000,0.15364,0.32766,23.71,-13.042,22.589,-13.042,22.589,-13.005,4.163,1.00000,74.342,4.188,33.941
[SHELL] ccB:456,22993,1,-1.055,30.130,-29.075,20.196,79.804,39.754,22.046,77.954,29.380
[SHELL] ccA:457,2509747869,2638727,0.325,34.357,0.000,35.000,0.37869,0.55269,23.75,-13.012,22.598,-13.012,22.598,-13.005,4.164,1.00000,74.782,0.438,37.582
[SHELL] ccB:457,2147515663,1,-13.487,37.125,-23.638,19.813,80.187,51.460,20.196,79.804,39.754
[SHELL] ccA:458,2509858085,2638728,-1.459,35.566,0.000,35.000,0.59712,0.77114,23.67,-12.976,22.574,-12.976,22.574,-13.005,4.163,1.00000,74.782,-10.901,33.159
[SHELL] ccB:458,23093,1,-27.658,32.268,-4.610,20.752,79.248,62.700,19.813,80.187,51.460
[SHELL] ccA:459,2509968329,2638729,-2.070,36.063,0.000,35.000,0.82627,1.00028,24.10,-12.962,22.563,-12.962,22.563,-13.004,4.163,1.00000,74.782,13.084,40.351
[SHELL] ccB:459,2147515433,1,-20.808,42.417,-21.608,23.195,76.805,73.849,20.752,79.248,62.700
[SHELL] ccA:460,2510078325,2638730,0.640,37.047,0.000,35.000,1.03370,1.20769,24.11,-13.017,22.543,-13.017,22.543,-13.004,4.162,1.00000,74.782,-12.708,34.326
[SHELL] ccB:460,23213,1,-35.994,23.751,12.243,21.819,68.542,78.181,23.195,76.805,73.849
[SHELL] ccA:461,2510188281,2638731,-3.920,36.377,0.000,35.000,1.26388,1.43790,24.04,-12.924,22.555,-12.924,22.555,-13.002,4.161,1.00000,74.782,-3.349,36.507
[SHELL] ccB:461,2147515457,1,-35.813,24.693,11.120,20.174,57.079,79.826,21.819,68.542,78.181
[SHELL] ccA:462,2510298301,2638732,-5.045,36.743,0.000,35.000,1.47065,1.64465,24.06,-12.899,22.547,-12.899,22.547,-13.000,4.160,1.00000,74.342,-0.775,39.631
[SHELL] ccB:462,23201,1,-39.510,22.519,16.991,19.814,46.340,80.186,20.174,57.079,79.826
[SHELL] ccA:463,2510408285,2638733,-4.692,36.773,0.000,35.000,1.69097,1.86497,24.05,-12.903,22.546,-12.903,22.546,-12.997,4.159,1.00000,74.342,-13.870,31.323
[SHELL] ccB:463,2147515455,1,-29.434,-0.460,29.894,21.006,34.993,78.994,19.814,46.340,80.186
[SHELL] ccA:464,2510518293,2638734,-5.258,34.323,0.000,35.000,1.92175,2.09576,24.11,-12.889,22.595,-12.889,22.595,-12.995,4.160,1.00000,74.782,7.482,35.013
[SHELL] ccB:464,23197,1,-35.451,13.385,22.065,23.854,24.084,76.146,21.006,34.993,78.994
[SHELL] ccA:465,2510628225,2638735,-3.083,33.798,0.000,35.000,2.13354,2.30756,24.00,-12.931,22.606,-12.931,22.606,-12.993,4.160,1.00000,74.782,-13.426,33.842
[SHELL] ccB:465,2147515485,1,-21.461,-14.740,36.201,33.844,21.319,78.681,23.854,24.084,76.146
[SHELL] ccA:466,2510738189,2638736,-6.416,34.644,0.000,35.000,2.35262,2.52662,24.00,-12.861,22.589,-12.861,22.589,-12.990,4.160,1.00000,74.782,-6.294,35.878
[SHELL] ccB:466,23145,1,-21.026,-15.247,36.273,44.930,20.039,79.961,33.844,21.319,78.681
[SHELL] ccA:467,2510848565,2638737,-6.259,36.313,0.000,35.000,2.57376,2.74776,23.96,-12.861,22.555,-12.861,22.555,-12.987,4.160,1.00000,74.782,0.977,39.653
[SHELL] ccB:467,2147515315,1,-22.149,-17.422,39.571,56.462,20.163,79.837,44.930,20.039,79.961
[SHELL] ccA:468,2510957641,2638738,-3.989,36.610,0.000,35.000,2.78995,2.96394,23.41,-12.905,22.549,-12.905,22.549,-12.985,4.159,1.00000,74.782,-11.617,31.256
[SHELL] ccB:468,22871,1,0.141,-28.947,28.807,67.485,21.657,78.343,56.462,20.163,79.837
[SHELL] ccA:469,2511067569,2638739,-3.258,34.227,0.000,35.000,3.00457,3.17857,23.40,-12.918,22.597,-12.918,22.597,-12.983,4.159,1.00000,74.782,9.227,34.742
[SHELL] ccB:469,2147515813,1,-13.886,-21.771,35.657,76.583,23.417,74.612,67.485,21.657,78.343
[SHELL] ccA:470,2511177569,2638740,-0.757,32.890,0.000,35.000,3.23813,3.41214,23.39,-12.968,22.625,-12.968,22.625,-12.983,4.160,1.00000,74.782,-9.865,30.819
[SHELL] ccB:470,22835,1,12.790,-32.137,19.347,79.214,20.786,63.255,76.583,23.417,74.612
[SHELL] ccA:471,2511287637,2638741,-2.898,32.817,0.000,35.000,3.44894,3.62293,23.49,-12.923,22.627,-12.923,22.627,-12.981,4.161,1.00000,74.782,-1.089,34.890
[SHELL] ccB:471,2147515779,1,11.594,-34.312,22.718,80.143,19.857,52.452,79.214,20.786,63.255
[SHELL] ccA:472,2511397557,2638742,-1.380,34.486,0.000,35.000,3.66680,3.84082,23.40,-12.953,22.594,-12.953,22.594,-12.981,4.162,1.00000,74.782,6.524,37.346
[SHELL] ccB:472,22829,1,13.080,-37.356,24.276,79.712,20.288,41.029,80.143,19.857,52.452
[SHELL] ccA:473,2511507633,2638743,-0.542,34.797,0.000,35.000,3.88238,4.05638,23.49,-12.969,22.588,-12.969,22.588,-12.980,4.162,1.00000,74.782,-14.126,29.606
[SHELL] ccB:473,2147515781,1,30.404,-25.867,-4.538,77.912,22.088,30.195,79.712,20.288,41.029
[SHELL] ccA:474,2511617645,2638744,-3.856,32.527,0.000,35.000,4.10050,4.27449,23.50,-12.901,22.634,-12.901,22.634,-12.978,4.163,1.00000,74.782,6.301,33.551
[SHELL] ccB:474,22873,1,23.844,-33.079,9.235,77.253,27.579,22.747,77.912,22.088,30.195
[SHELL] ccA:475,2511727617,2638745,-2.666,32.320,0.000,35.000,4.32071,4.49470,23.45,-12.924,22.640,-12.924,22.640,-12.977,4.164,1.00000,74.782,-9.140,32.571
[SHELL] ccB:475,2147515789,1,33.594,-20.249,-13.345,79.445,38.457,20.555,77.253,27.579,22.747
[SHELL] ccA:476,2511837625,2638746,-3.786,33.647,0.000,35.000,4.54273,4.71672,23.45,-12.899,22.614,-12.899,22.614,-12.975,4.165,1.00000,74.782,-3.166,35.894
[SHELL] ccB:476,22863,1,35.913,-20.503,-15.411,80.150,49.954,19.850,79.445,38.457,20.555
[SHELL] ccA:477,2511947629,2638747,-1.617,35.931,0.000,35.000,4.76093,4.93495,23.44,-12.942,22.568,-12.942,22.568,-12.974,4.165,1.00000,74.782,9.004,39.365
[SHELL] ccB:477,2147515783,1,39.755,-26.012,-13.743,79.404,61.370,20.596,80.150,49.954,19.850
[SHELL] ccA:478,2512057661,2638748,0.727,35.786,0.000,35.000,4.97416,5.14815,23.53,-12.989,22.570,-12.989,22.570,-12.975,4.164,1.00000,74.342,-11.932,28.520
[SHELL] ccB:478,22881,1,24.460,4.143,-28.603,77.519,72.112,22.481,79.404,61.370,20.596
[SHELL] ccA:479,2512167645,2638749,-2.604,31.612,0.000,35.000,5.18869,5.36270,23.52,-12.921,22.656,-12.921,22.656,-12.973,4.166,1.00000,74.342,4.445,30.043
[SHELL] ccB:479,2147515775,1,28.737,-5.860,-22.877,70.598,77.959,22.041,77.519,72.112,22.481
[SHELL] ccA:480,2512277637,2638750,-3.341,29.852,0.000,35.000,5.42496,5.59895,23.43,-12.905,22.693,-12.905,22.693,-12.972,4.169,1.00000,74.782,-10.320,30.801
[SHELL] ccB:480,22869,1,16.559,15.922,-32.482,58.713,79.811,20.189,70.598,77.959,22.041
[SHELL] ccA:481,2512387613,2638751,-5.437,31.522,0.000,35.000,5.62887,5.80284,23.39,-12.860,22.662,-12.860,22.662,-12.969,4.170,1.00000,74.782,-5.550,34.444
[SHELL] ccB:481,2147515791,1,16.559,18.315,-34.874,48.128,80.156,19.844,58.713,79.811,20.189
[SHELL] ccA:482,2512497645,2638752,-2.490,34.888,0.000,35.000,5.85102,6.02501,23.51,-12.918,22.594,-12.918,22.594,-12.968,4.170,1.00000,74.782,11.463,39.865
[SHELL] ccB:482,22873,1,27.106,13.639,-40.745,36.519,79.118,20.882,48.128,80.156,19.844
[SHELL] ccA:483,2512607593,2638753,1.703,36.224,0.000,35.000,6.07176,6.24576,23.42,-13.003,22.567,-13.003,22.567,-12.969,4.170,1.00000,74.782,-10.565,30.724
[SHELL] ccB:483,2147515801,1,-3.882,29.876,-25.994,25.631,76.680,23.320,36.519,79.118,20.882
[SHELL] ccA:484,2512717945,2638754,-0.038,33.697,0.000,35.000,0.00398,0.17798,23.85,-12.968,22.618,-12.968,22.618,-12.969,4.170,1.00000,74.782,9.516,33.475
[SHELL] ccB:484,23023,1,9.383,24.331,-33.714,21.623,78.377,32.134,25.631,76.680,23.320
[SHELL] ccA:485,2512827781,2638755,0.891,33.005,0.000,35.000,0.22374,0.39773,23.63,-12.987,22.633,-12.987,22.633,-12.969,4.171,1.00000,74.782,-4.901,34.347
[SHELL] ccB:485,2147515707,1,-12.400,34.262,-21.862,20.030,79.970,43.291,21.623,78.377,32.134
[SHELL] ccA:486,2512937669,2638756,-1.940,33.794,0.000,35.000,0.43545,0.60946,23.51,-12.929,22.618,-12.929,22.618,-12.968,4.172,1.00000,74.782,-7.474,33.007
[SHELL] ccB:486,22885,1,-20.700,33.537,-12.837,19.930,80.070,54.258,20.030,79.970,43.291
[SHELL] ccA:487,2513047917,2638757,-1.585,35.610,0.000,35.000,0.65711,0.83110,23.53,-12.936,22.581,-12.936,22.581,-12.967,4.172,1.00000,74.782,13.507,42.080
[SHELL] ccB:487,2147515639,1,-15.009,43.504,-28.495,21.245,78.755,65.631,19.930,80.070,54.258
[SHELL] ccA:488,2513158085,2638758,2.333,37.585,0.000,35.000,0.87514,1.04914,23.88,-13.015,22.541,-13.015,22.541,-12.968,4.170,1.00000,74.782,-10.209,33.173
[SHELL] ccB:488,23093,1,-32.008,27.629,4.378,23.866,76.015,76.134,21.245,78.755,65.631
[SHELL] ccA:489,2513268109,2638759,0.555,36.021,0.000,35.000,1.09638,1.27038,23.92,-12.980,22.571,-12.980,22.571,-12.969,4.170,1.00000,74.342,9.129,35.658
[SHELL] ccB:489,2147515543,1,-27.550,34.914,-7.365,21.042,65.633,78.958,23.866,76.015,76.134
[SHELL] ccA:490,2513378049,2638760,1.971,35.445,0.000,35.000,1.31315,1.48715,23.83,-13.009,22.583,-13.009,22.583,-12.970,4.170,1.00000,74.342,-0.164,37.292
[SHELL] ccB:490,23075,1,-36.103,26.143,9.960,19.749,54.444,80.251,21.042,65.633,78.958
[SHELL] ccA:491,2513488121,2638761,1.157,36.343,0.000,35.000,1.53103,1.70502,23.93,-12.993,22.564,-12.993,22.564,-12.970,4.169,1.00000,74.782,-4.173,35.131
[SHELL] ccB:491,2147515537,1,-35.270,15.234,20.036,20.113,43.069,79.887,19.749,54.444,80.251
[SHELL] ccA:492,2513598141,2638762,2.078,36.818,0.000,35.000,1.75058,1.92458,23.92,-13.013,22.554,-13.013,22.554,-12.971,4.168,1.00000,74.782,16.821,39.716
[SHELL] ccB:492,23121,1,-42.083,29.224,12.860,21.710,31.919,78.290,20.113,43.069,79.887
[SHELL] ccA:493,2513708117,2638763,5.310,36.607,0.000,35.000,1.96938,2.14337,23.92,-13.080,22.557,-13.080,22.557,-12.974,4.167,1.00000,74.782,-8.230,31.865
[SHELL] ccB:493,2147515539,1,-26.172,-4.193,30.365,26.185,23.115,76.885,21.710,31.919,78.290
[SHELL] ccA:494,2513818069,2638764,1.936,34.180,0.000,35.000,2.18657,2.36054,23.87,-13.014,22.606,-13.014,22.606,-12.975,4.168,1.00000,74.782,7.382,33.276
[SHELL] ccB:494,23085,1,-31.428,4.288,27.140,36.614,20.798,79.202,26.185,23.115,76.885
[SHELL] ccA:495,2513928021,2638765,2.070,33.870,0.000,35.000,2.40302,2.57701,23.80,-13.017,22.613,-13.017,22.613,-12.976,4.168,1.00000,74.782,1.748,37.064
[SHELL] ccB:495,2147515587,1,-26.245,-9.593,35.838,47.789,19.811,80.189,36.614,20.798,79.202
[SHELL] ccA:496,2514038073,2638766,2.094,35.392,0.000,35.000,2.62898,2.80298,23.89,-13.019,22.582,-13.019,22.582,-12.977,4.168,1.00000,74.782,-2.503,34.164
[SHELL] ccB:496,23087,1,-14.574,-19.560,34.135,59.584,20.325,79.675,47.789,19.811,80.189
[SHELL] ccA:497,2514148061,2638767,4.447,36.375,0.000,35.000,2.84466,3.01866,23.87,-13.068,22.562,-13.068,22.562,-12.979,4.167,1.00000,74.782,21.049,40.107
[SHELL] ccB:497,2147515567,1,-31.863,-11.949,43.812,70.466,22.213,77.787,59.584,20.325,79.675
[SHELL] ccA:498,2514258077,2638768,8.946,36.508,0.000,35.000,3.05920,3.23319,23.90,-13.163,22.558,-13.163,22.558,-12.984,4.167,1.00000,74.782,-3.809,31.653
[SHELL] ccB:498,23089,1,1.192,-28.186,26.995,77.525,22.475,71.715,70.466,22.213,77.787
[SHELL] ccA:499,2514368029,2638769,5.564,34.573,0.000,35.000,3.27220,3.44616,23.81,-13.098,22.597,-13.098,22.597,-12.986,4.167,1.00000,74.782,8.826,34.878
[SHELL] ccB:499,2147515583,1,-4.209,-28.839,33.047,79.536,20.464,61.297,77.525,22.475,71.715
[SHELL] ccA:500,2514478077,2638770,5.227,34.873,0.000,35.000,3.50082,3.67542,23.90,-13.094,22.656,-13.094,22.656,-12.989,4.167,1.00000,74.782,7.066,38.083
[SHELL] ccB:500,23089,1,6.773,-36.414,29.640,80.302,19.698,49.440,79.536,20.464,61.297
[SHELL] ccA:501,2514588057,2638771,5.295,35.865,0.000,35.000,3.72672,3.90133,23.87,-13.098,22.636,-13.098,22.636,-12.992,4.166,1.00000,74.782,-1.778,32.416
[SHELL] ccB:501,2147515569,1,19.386,-32.246,12.860,79.439,20.561,37.679,80.302,19.698,49.440
[SHELL] ccA:502,2514698053,2638772,6.237,35.343,0.000,35.000,3.94317,4.11780,23.91,-13.120,22.646,-13.120,22.646,-12.995,4.166,1.00000,74.782,21.440,38.458
[SHELL] ccB:502,23077,1,12.717,-42.865,30.148,77.237,22.763,26.973,79.439,20.561,37.679
[SHELL] ccA:503,2514807985,2638773,8.929,35.659,0.000,35.000,4.16767,4.34225,23.74,-13.178,22.639,-13.178,22.639,-12.999,4.166,1.00000,74.782,-5.387,33.302
[SHELL] ccB:503,2147515605,1,31.274,-26.592,-4.682,78.320,31.166,21.680,77.237,22.763,26.973
[SHELL] ccA:504,2514918013,2638774,4.173,35.249,0.000,35.000,4.38006,4.55468,23.84,-13.085,22.648,-13.085,22.648,-13.001,4.166,1.00000,74.782,6.028,35.931
[SHELL] ccB:504,23057,1,31.999,-31.086,-0.913,79.916,41.776,20.084,78.320,31.166,21.680
[SHELL] ccA:505,2515027993,2638775,2.927,36.572,0.000,35.000,4.60377,4.77837,23.79,-13.061,22.620,-13.061,22.620,-13.003,4.165,1.00000,74.782,5.040,41.124
[SHELL] ccB:505,2147515601,1,40.335,-28.368,-11.967,80.183,53.457,19.817,79.916,41.776,20.084
[SHELL] ccA:506,2515137997,2638776,2.242,37.543,0.000,35.000,4.82208,4.99670,23.79,-13.049,22.600,-13.049,22.600,-13.004,4.164,1.00000,74.782,-7.139,31.994
[SHELL] ccB:506,23049,1,31.020,-6.331,-24.689,79.008,64.684,20.992,80.183,53.457,19.817
[SHELL] ccA:507,2515248017,2638777,1.239,35.962,0.000,35.000,5.03955,5.21415,23.83,-13.029,22.631,-13.029,22.631,-13.005,4.163,1.00000,74.782,14.194,38.734
[SHELL] ccB:507,2147515589,1,41.241,-21.481,-19.760,76.531,75.137,23.469,79.008,64.684,20.992
[SHELL] ccA:508,2515357985,2638778,2.984,35.472,0.000,35.000,5.25885,5.43347,23.76,-13.066,22.640,-13.066,22.640,-13.006,4.163,1.00000,74.782,-9.312,32.427
[SHELL] ccB:508,23043,1,22.866,10.051,-32.916,66.807,78.675,21.325,76.531,75.137,23.469
[SHELL] ccA:509,2515468025,2638779,-1.138,34.821,0.000,35.000,5.48214,5.65678,23.86,-12.983,22.653,-12.983,22.653,-13.006,4.163,1.00000,74.782,-0.124,35.697
[SHELL] ccB:509,2147515585,1,25.548,8.819,-34.366,55.541,80.067,19.933,66.807,78.675,21.325
[SHELL] ccA:510,2515577997,2638780,-0.604,36.329,0.000,35.000,5.70019,5.87477,23.77,-12.993,22.623,-12.993,22.623,-13.005,4.162,1.00000,74.782,7.145,41.496
[SHELL] ccB:510,23049,1,28.809,12.189,-40.999,44.103,80.020,19.980,55.541,80.067,19.933
[SHELL] ccA:511,2515687993,2638781,1.941,37.746,0.000,35.000,5.92063,6.09523,23.77,-13.045,22.593,-13.045,22.593,-13.006,4.161,1.00000,74.782,-6.401,32.295
[SHELL] ccB:511,2147515601,1,5.468,25.382,-30.851,32.762,78.526,21.474,44.103,80.020,19.980
