[SHELL] ctrlcap v1 armed=0 count=512 clock_hz=550000000 decimation=1
[SHELL] ccA:index,cycles,seq,id,iq,idref,iqref,theta,actangle,age_us,vdreq,vqreq,vd,vq,intd,intq,scale,bus,raw_id,raw_iq
[SHELL] ccB:index,timer,valid,ia,ib,ic,du,dv,dw,active_u,active_v,active_w
[SHELL] ccA:0,2541644247,771617,7.479,36.291,0.000,35.000,3.54733,3.75328,23.81,-12.158,23.053,-12.158,23.053,-11.858,1.310,1.00000,74.342,5.184,36.932
[SHELL] ccB:0,2147513987,1,9.814,-36.067,26.253,80.323,19.677,47.383,80.018,19.982,58.719
[SHELL] ccA:1,2541757087,771618,7.477,37.643,0.000,35.000,3.76364,3.98926,26.80,-12.161,22.997,-12.161,22.997,-11.862,1.309,1.00000,74.342,16.920,40.690
[SHELL] ccB:1,26081,1,9.959,-42.155,32.197,79.067,20.933,35.146,80.323,19.677,47.383
[SHELL] ccA:2,2541864215,771619,7.855,37.768,0.000,35.000,3.97872,4.18473,23.86,-12.180,22.991,-12.180,22.991,-11.866,1.308,1.00000,74.342,-7.602,32.759
[SHELL] ccB:2,2147514003,1,29.422,-28.818,-0.604,76.840,23.160,25.612,79.067,20.933,35.146
[SHELL] ccA:3,2541974239,771620,1.791,34.993,0.000,35.000,4.19411,4.40017,23.89,-11.939,23.102,-11.939,23.102,-11.867,1.308,1.00000,74.342,5.447,33.764
[SHELL] ccB:3,24657,1,26.631,-31.898,5.267,78.364,31.574,21.636,76.840,23.160,25.612
[SHELL] ccA:4,2542084151,771621,-0.334,33.846,0.000,35.000,4.41829,4.62431,23.80,-11.853,23.148,-11.853,23.148,-11.867,1.308,1.00000,74.342,-4.629,35.096
[SHELL] ccB:4,2147514035,1,34.931,-22.439,-12.492,80.006,42.759,19.994,78.364,31.574,21.636
[SHELL] ccA:5,2542194191,771622,-1.484,34.960,0.000,35.000,4.64134,4.84735,23.81,-11.807,23.104,-11.807,23.104,-11.866,1.308,1.00000,74.342,-2.125,35.885
[SHELL] ccB:5,24633,1,35.946,-18.343,-17.602,80.119,54.381,19.881,80.006,42.759,19.994
[SHELL] ccA:6,2542304183,771623,2.149,37.426,0.000,35.000,4.84954,5.05556,23.80,-11.953,23.004,-11.953,23.004,-11.867,1.307,1.00000,74.342,17.477,42.838
[SHELL] ccB:6,2147514019,1,44.825,-32.333,-12.492,78.862,65.397,21.138,80.119,54.381,19.881
[SHELL] ccA:7,2542414211,771624,7.108,38.033,0.000,35.000,5.06962,5.27563,23.80,-12.155,22.978,-12.155,22.978,-11.871,1.305,1.00000,74.342,-4.394,30.569
[SHELL] ccB:7,24643,1,27.102,-0.729,-26.373,76.107,76.265,23.735,78.862,65.397,21.138
[SHELL] ccA:8,2542524183,771625,5.552,33.957,0.000,35.000,5.29098,5.49729,23.80,-12.096,23.174,-12.096,23.174,-11.873,1.306,1.00000,74.342,13.518,31.853
[SHELL] ccB:8,2147514019,1,34.061,-11.747,-22.314,65.831,79.047,20.953,76.107,76.265,23.735
[SHELL] ccA:9,2542634135,771626,6.333,32.366,0.000,35.000,5.51376,5.72008,23.80,-12.130,23.239,-12.130,23.239,-11.877,1.307,1.00000,74.342,2.689,35.189
[SHELL] ccB:9,24605,1,26.414,7.064,-33.477,54.334,80.434,19.566,65.831,79.047,20.953
[SHELL] ccA:10,2542744203,771627,4.576,33.827,0.000,35.000,5.73102,5.93733,23.81,-12.062,23.181,-12.062,23.181,-11.879,1.308,1.00000,74.782,-0.592,33.075
[SHELL] ccB:10,2147514009,1,16.845,16.233,-33.079,43.001,79.991,20.009,54.334,80.434,19.566
[SHELL] ccA:11,2542854199,771628,5.584,35.302,0.000,35.000,5.94659,6.15291,23.79,-12.105,23.122,-12.105,23.122,-11.882,1.308,1.00000,74.782,20.830,39.868
[SHELL] ccB:11,24637,1,32.829,10.217,-43.046,31.950,78.371,21.629,43.001,79.991,20.009
[SHELL] ccA:12,2542964151,771629,9.132,36.374,0.000,35.000,6.16624,0.08937,23.80,-12.252,23.078,-12.252,23.078,-11.886,1.307,1.00000,74.342,-4.541,32.683
[SHELL] ccB:12,2147514035,1,-0.697,28.919,-28.222,22.860,77.140,26.134,31.950,78.371,21.629
[SHELL] ccA:13,2543074043,771630,5.977,34.966,0.000,35.000,0.09966,0.30597,23.72,-12.128,23.134,-12.128,23.134,-11.889,1.307,1.00000,74.342,12.160,34.631
[SHELL] ccB:13,24559,1,8.654,26.563,-35.217,20.581,79.419,36.534,22.860,77.140,26.134
[SHELL] ccA:14,2543183919,771631,5.809,34.810,0.000,35.000,0.31814,0.52446,23.61,-12.125,23.141,-12.125,23.141,-11.892,1.307,1.00000,74.342,3.459,37.295
[SHELL] ccB:14,2147514151,1,-8.381,35.805,-27.424,19.591,80.409,47.886,20.581,79.419,36.534
[SHELL] ccA:15,2543293907,771632,3.709,35.923,0.000,35.000,0.54117,0.74748,23.57,-12.042,23.096,-12.042,23.096,-11.894,1.307,1.00000,74.342,-4.240,34.471
[SHELL] ccB:15,24491,1,-21.392,34.391,-12.999,20.153,79.847,59.456,19.591,80.409,47.886
[SHELL] ccA:16,2543404347,771633,4.049,37.245,0.000,35.000,0.76087,0.96719,23.96,-12.058,23.042,-12.058,23.042,-11.896,1.306,1.00000,74.342,21.218,42.743
[SHELL] ccB:16,2147513937,1,-14.107,46.533,-32.426,22.121,77.879,70.536,20.153,79.847,59.456
[SHELL] ccA:17,2543514363,771634,7.978,38.473,0.000,35.000,0.97501,1.18132,23.99,-12.219,22.991,-12.219,22.991,-11.900,1.304,1.00000,74.342,-6.282,33.934
[SHELL] ccB:17,24719,1,-31.613,27.795,3.818,22.363,71.640,77.637,22.121,77.879,70.536
[SHELL] ccA:18,2543624391,771635,4.364,37.105,0.000,35.000,1.19494,1.40133,24.03,-12.077,23.052,-12.077,23.052,-11.902,1.303,1.00000,74.342,8.803,37.810
[SHELL] ccB:18,2147513915,1,-31.939,35.080,-3.141,20.353,60.971,79.647,22.363,71.640,77.637
[SHELL] ccA:19,2543734323,771636,4.501,37.226,0.000,35.000,1.41584,1.62222,23.89,-12.084,23.046,-12.084,23.046,-11.904,1.302,1.00000,74.342,6.679,39.349
[SHELL] ccB:19,24699,1,-37.847,29.897,7.950,19.688,49.434,80.312,20.353,60.971,79.647
[SHELL] ccA:20,2543844331,771637,5.080,37.521,0.000,35.000,1.62604,1.83242,23.93,-12.110,23.033,-12.110,23.033,-11.907,1.300,1.00000,74.342,-1.841,33.578
[SHELL] ccB:20,2147513945,1,-33.425,13.515,19.910,20.430,38.435,79.570,19.688,49.434,80.312
[SHELL] ccA:21,2543954299,771638,5.505,36.302,0.000,35.000,1.85527,2.06165,23.93,-12.130,23.081,-12.130,23.081,-11.910,1.300,1.00000,74.342,19.025,38.702
[SHELL] ccB:21,24687,1,-42.486,27.650,14.836,22.664,27.063,77.336,20.430,38.435,79.570
[SHELL] ccA:22,2544064279,771639,7.688,36.075,0.000,35.000,2.07649,2.28281,23.88,-12.221,23.090,-12.221,23.090,-11.914,1.299,1.00000,74.342,-5.458,33.316
[SHELL] ccB:22,2147513971,1,-26.502,-4.861,31.363,30.841,21.648,78.352,22.664,27.063,77.336
[SHELL] ccA:23,2544174227,771640,3.403,35.474,0.000,35.000,2.29494,2.50133,23.88,-12.051,23.113,-12.051,23.113,-11.915,1.299,1.00000,74.342,5.505,36.560
[SHELL] ccB:23,24651,1,-31.033,-1.889,32.922,41.639,20.021,79.979,30.841,21.648,78.352
[SHELL] ccA:24,2544284219,771641,2.999,37.007,0.000,35.000,2.51219,2.71858,23.82,-12.037,23.051,-12.037,23.051,-11.917,1.298,1.00000,74.782,6.444,41.591
[SHELL] ccB:24,2147514001,1,-29.692,-10.986,40.678,53.035,19.936,80.064,41.639,20.021,79.979
[SHELL] ccA:25,2544394219,771642,3.559,38.490,0.000,35.000,2.73924,2.94563,23.82,-12.061,22.990,-12.061,22.990,-11.919,1.296,1.00000,74.782,-4.155,34.219
[SHELL] ccB:25,24647,1,-9.577,-23.889,33.465,64.750,21.166,78.834,53.035,19.936,80.064
[SHELL] ccA:26,2544504187,771643,4.222,37.212,0.000,35.000,2.95069,3.15707,23.82,-12.090,23.040,-12.090,23.040,-11.921,1.295,1.00000,74.782,18.752,38.821
[SHELL] ccB:26,2147514017,1,-25.778,-17.039,42.816,74.962,23.538,76.462,64.750,21.166,78.834
[SHELL] ccA:27,2544614239,771644,7.052,36.037,0.000,35.000,3.16969,3.37605,23.83,-12.206,23.087,-12.206,23.087,-11.924,1.295,1.00000,74.342,-5.139,32.287
[SHELL] ccB:27,24657,1,6.045,-30.847,24.803,78.816,21.184,66.894,74.962,23.538,76.462
[SHELL] ccA:28,2544724211,771645,2.578,34.307,0.000,35.000,3.38833,3.59472,23.82,-12.029,23.156,-12.029,23.156,-11.925,1.295,1.00000,74.342,1.840,33.835
[SHELL] ccB:28,2147514005,1,6.479,-32.043,25.564,80.197,19.803,56.040,78.816,21.184,66.894
[SHELL] ccA:29,2544834207,771646,1.451,34.594,0.000,35.000,3.60909,3.81567,23.82,-11.984,23.165,-11.984,23.165,-11.926,1.295,1.00000,74.342,7.264,38.419
[SHELL] ccB:29,24641,1,10.829,-37.951,27.122,80.218,19.782,44.521,80.197,19.803,56.040
[SHELL] ccA:30,2544944195,771647,1.631,35.558,0.000,35.000,3.82575,4.03233,23.82,-11.992,23.126,-11.992,23.126,-11.927,1.295,1.00000,74.342,-9.843,31.558
[SHELL] ccB:30,2147514013,1,27.573,-29.579,2.006,78.788,21.212,33.370,80.218,19.782,44.521
[SHELL] ccA:31,2545054199,771648,0.625,34.344,0.000,35.000,4.04701,4.25360,23.89,-11.952,23.175,-11.952,23.175,-11.927,1.295,1.00000,74.342,14.923,35.842
[SHELL] ccB:31,24637,1,18.984,-38.821,19.837,76.567,24.489,23.433,78.788,21.212,33.370
[SHELL] ccA:32,2545164183,771649,3.579,34.001,0.000,35.000,4.26879,4.47537,23.79,-12.072,23.189,-12.072,23.189,-11.929,1.296,1.00000,74.342,-5.688,32.761
[SHELL] ccB:32,2147514019,1,32.031,-23.744,-8.288,79.264,35.390,20.736,76.567,24.489,23.433
[SHELL] ccA:33,2545274167,771650,1.452,34.255,0.000,35.000,4.48626,4.69287,23.80,-11.988,23.180,-11.988,23.180,-11.930,1.296,1.00000,74.342,2.263,35.657
[SHELL] ccB:33,24621,1,34.242,-25.954,-8.288,80.334,46.537,19.666,79.264,35.390,20.736
[SHELL] ccA:34,2545384187,771651,2.456,36.120,0.000,35.000,4.70595,4.91252,23.80,-12.029,23.104,-12.029,23.104,-11.931,1.296,1.00000,74.342,10.986,40.403
[SHELL] ccB:34,2147514017,1,40.331,-29.905,-10.426,79.973,58.195,20.027,80.334,46.537,19.666
[SHELL] ccA:35,2545494183,771652,4.422,36.744,0.000,35.000,4.93615,5.14273,23.79,-12.110,23.079,-12.110,23.079,-11.933,1.295,1.00000,74.342,-6.546,30.511
[SHELL] ccB:35,24629,1,28.298,-2.758,-25.540,78.082,69.992,21.918,79.973,58.195,20.027
[SHELL] ccA:36,2545604147,771653,2.939,34.274,0.000,35.000,5.14627,5.35285,23.79,-12.052,23.178,-12.052,23.178,-11.935,1.295,1.00000,74.342,13.862,35.670
[SHELL] ccB:36,2147514037,1,38.193,-17.002,-21.191,72.966,77.392,22.608,78.082,69.992,21.918
[SHELL] ccA:37,2545714167,771654,2.914,32.882,0.000,35.000,5.36243,5.56901,23.79,-12.053,23.235,-12.053,23.235,-11.936,1.296,1.00000,74.342,-9.523,29.675
[SHELL] ccB:37,24621,1,17.860,13.189,-31.049,62.330,79.649,20.351,72.966,77.392,22.608
[SHELL] ccA:38,2545824199,771655,-2.376,32.208,0.000,35.000,5.59078,5.79739,23.81,-11.840,23.263,-11.840,23.263,-11.935,1.298,1.00000,74.782,-4.322,33.812
[SHELL] ccB:38,2147514011,1,18.259,15.798,-34.057,50.785,80.225,19.775,62.330,79.649,20.351
[SHELL] ccA:39,2545934199,771656,-2.134,34.389,0.000,35.000,5.81447,6.02105,23.79,-11.849,23.176,-11.849,23.176,-11.934,1.298,1.00000,74.782,9.628,40.258
[SHELL] ccB:39,24637,1,26.776,13.950,-40.726,39.092,79.478,20.522,50.785,80.225,19.775
[SHELL] ccA:40,2546044167,771657,1.338,36.247,0.000,35.000,6.02569,6.23249,23.80,-11.988,23.122,-11.988,23.122,-11.935,1.297,1.00000,74.342,-9.582,30.661
[SHELL] ccB:40,2147514027,1,-1.458,28.520,-27.062,28.206,77.608,22.392,39.092,79.478,20.522
[SHELL] ccA:41,2546154115,771658,0.207,33.842,0.000,35.000,6.24669,0.17027,23.79,-11.943,23.218,-11.943,23.218,-11.935,1.298,1.00000,74.342,10.364,33.788
[SHELL] ccB:41,24595,1,11.590,23.120,-34.709,22.007,77.993,29.395,28.206,77.608,22.392
[SHELL] ccA:42,2546264011,771659,0.889,32.795,0.000,35.000,0.18522,0.39199,23.67,-11.971,23.261,-11.971,23.261,-11.935,1.299,1.00000,74.342,-7.590,32.943
[SHELL] ccB:42,2147514105,1,-13.527,33.594,-20.067,20.017,79.983,40.554,22.007,77.993,29.395
[SHELL] ccA:43,2546373971,771660,-2.810,33.415,0.000,35.000,0.40863,0.61540,23.61,-11.821,23.237,-11.821,23.237,-11.934,1.300,1.00000,74.342,-6.422,33.988
[SHELL] ccB:43,24523,1,-19.399,34.500,-15.102,19.652,80.348,52.041,20.017,79.983,40.554
[SHELL] ccA:44,2546484211,771661,-2.393,35.610,0.000,35.000,0.62406,0.83082,23.64,-11.837,23.149,-11.837,23.149,-11.933,1.299,1.00000,74.342,10.862,41.521
[SHELL] ccB:44,2147514005,1,-15.448,42.401,-26.953,20.701,79.299,63.299,19.652,80.348,52.041
[SHELL] ccA:45,2546594495,771662,0.411,37.698,0.000,35.000,0.84325,1.05003,24.15,-11.949,23.064,-11.949,23.064,-11.933,1.298,1.00000,74.342,-13.657,33.760
[SHELL] ccB:45,24785,1,-34.295,27.759,6.536,23.171,76.829,74.242,20.701,79.299,63.299
[SHELL] ccA:46,2546704427,771663,-2.404,36.375,0.000,35.000,1.06604,1.27280,24.02,-11.835,23.117,-11.835,23.117,-11.932,1.297,1.00000,74.342,6.837,36.458
[SHELL] ccB:46,2147513897,1,-28.605,34.754,-6.149,21.564,67.889,78.436,23.171,76.829,74.242
[SHELL] ccA:47,2546814399,771664,-1.521,36.030,0.000,35.000,1.28955,1.49632,24.02,-11.870,23.130,-11.870,23.130,-11.931,1.297,1.00000,74.342,-6.101,37.443
[SHELL] ccB:47,24737,1,-37.666,22.757,14.908,19.947,56.484,80.053,21.564,67.889,78.436
[SHELL] ccA:48,2546924431,771665,-3.172,37.100,0.000,35.000,1.49918,1.70595,24.02,-11.802,23.086,-11.802,23.086,-11.929,1.296,1.00000,74.342,-7.325,37.055
[SHELL] ccB:48,2147513895,1,-37.484,14.711,22.773,19.903,45.603,80.097,19.947,56.484,80.053
[SHELL] ccA:49,2547034415,771666,-2.887,38.344,0.000,35.000,1.72452,1.93126,24.02,-11.812,23.035,-11.812,23.035,-11.928,1.294,1.00000,74.342,9.203,41.824
[SHELL] ccB:49,24745,1,-42.740,23.700,19.040,21.288,34.031,78.712,19.903,45.603,80.097
[SHELL] ccA:50,2547144379,771667,-0.593,38.180,0.000,35.000,1.94557,2.15260,24.01,-11.904,23.065,-11.904,23.065,-11.928,1.292,1.00000,74.342,-13.454,32.019
[SHELL] ccB:50,2147513921,1,-24.871,-8.557,33.429,24.316,23.649,76.351,21.288,34.031,78.712
[SHELL] ccA:51,2547254375,771668,-4.078,34.782,0.000,35.000,2.16245,2.36948,24.05,-11.762,23.201,-11.762,23.201,-11.925,1.293,1.00000,74.342,1.391,33.265
[SHELL] ccB:51,24725,1,-28.387,-0.874,29.261,34.344,21.077,78.923,24.316,23.649,76.351
[SHELL] ccA:52,2547364299,771669,-4.818,33.527,0.000,35.000,2.38002,2.58704,23.91,-11.730,23.252,-11.730,23.252,-11.923,1.293,1.00000,74.342,-8.601,35.557
[SHELL] ccB:52,2147513961,1,-18.311,-18.271,36.582,45.417,19.777,80.223,34.344,21.077,78.923
[SHELL] ccA:53,2547474515,771670,-6.479,34.814,0.000,35.000,2.60302,2.81004,23.90,-11.661,23.201,-11.661,23.201,-11.920,1.293,1.00000,74.342,-10.105,34.876
[SHELL] ccB:53,24795,1,-9.214,-25.810,35.024,57.008,20.023,79.977,45.417,19.777,80.223
[SHELL] ccA:54,2547583731,771671,-4.058,36.343,0.000,35.000,2.81833,3.02534,23.35,-11.755,23.139,-11.755,23.139,-11.918,1.293,1.00000,74.342,12.579,40.063
[SHELL] ccB:54,2147514245,1,-24.654,-17.111,41.765,68.144,21.638,78.362,57.008,20.023,79.977
[SHELL] ccA:55,2547693723,771672,0.944,36.714,0.000,35.000,3.04145,3.24846,23.35,-11.956,23.124,-11.956,23.124,-11.918,1.292,1.00000,74.342,-11.279,31.852
[SHELL] ccB:55,24399,1,8.038,-32.442,24.404,77.130,22.870,73.465,68.144,21.638,78.362
[SHELL] ccA:56,2547803739,771673,-1.169,34.193,0.000,35.000,3.26380,3.47082,23.35,-11.871,23.225,-11.871,23.225,-11.918,1.292,1.00000,74.342,5.304,33.006
[SHELL] ccB:56,2147514241,1,-1.240,-28.310,29.551,79.474,20.526,62.788,77.130,22.870,73.465
[SHELL] ccA:57,2547913731,771674,-0.602,33.551,0.000,35.000,3.47868,3.68569,23.35,-11.893,23.251,-11.893,23.251,-11.917,1.293,1.00000,74.342,-1.735,36.339
[SHELL] ccB:57,24403,1,13.656,-36.030,22.375,80.410,19.590,51.595,79.474,20.526,62.788
[SHELL] ccA:58,2548023731,771675,-2.317,34.503,0.000,35.000,3.69896,3.90597,23.35,-11.824,23.213,-11.824,23.213,-11.916,1.293,1.00000,74.342,-11.103,32.328
[SHELL] ccB:58,2147514245,1,26.522,-31.935,5.412,79.811,20.189,40.162,80.410,19.590,51.595
[SHELL] ccA:59,2548133739,771676,-3.452,34.609,0.000,35.000,3.91843,4.12544,23.36,-11.776,23.209,-11.776,23.209,-11.914,1.293,1.00000,74.342,10.134,37.440
[SHELL] ccB:59,24407,1,19.020,-38.785,19.765,77.851,22.149,29.251,79.811,20.189,40.162
[SHELL] ccA:60,2548243727,771677,-1.639,35.324,0.000,35.000,4.13512,4.34214,23.37,-11.848,23.181,-11.848,23.181,-11.914,1.293,1.00000,74.342,-15.720,34.086
[SHELL] ccB:60,2147514247,1,37.142,-23.272,-13.869,77.674,28.517,22.326,77.851,22.149,29.251
[SHELL] ccA:61,2548353747,771678,-5.438,35.015,0.000,35.000,4.35218,4.55916,23.38,-11.693,23.189,-11.693,23.189,-11.911,1.293,1.00000,74.342,-0.443,34.448
[SHELL] ccB:61,24411,1,32.394,-26.353,-6.041,79.590,39.088,20.410,77.674,28.517,22.326
[SHELL] ccA:62,2548463751,771679,-4.327,35.326,0.000,35.000,4.57345,4.78043,23.37,-11.736,23.176,-11.736,23.176,-11.909,1.293,1.00000,74.342,-0.701,38.320
[SHELL] ccB:62,2147514235,1,38.048,-23.019,-15.029,80.260,50.690,19.740,79.590,39.088,20.410
[SHELL] ccA:63,2548573727,771680,-2.528,35.413,0.000,35.000,4.79452,5.00150,23.33,-11.806,23.173,-11.806,23.173,-11.908,1.293,1.00000,74.342,-8.267,30.565
[SHELL] ccB:63,24401,1,29.784,-5.585,-24.199,79.451,62.307,20.549,80.260,50.690,19.740
[SHELL] ccA:64,2548683755,771681,-1.434,33.987,0.000,35.000,5.01625,5.22326,23.39,-11.849,23.230,-11.849,23.230,-11.907,1.293,1.00000,74.342,11.498,36.497
[SHELL] ccB:64,2147514233,1,38.265,-19.177,-19.088,77.235,73.310,22.765,79.451,62.307,20.549
[SHELL] ccA:65,2548793739,771682,0.244,32.714,0.000,35.000,5.22998,5.43696,23.37,-11.917,23.282,-11.917,23.282,-11.907,1.295,1.00000,73.902,-13.752,27.297
[SHELL] ccB:65,24407,1,16.918,13.588,-30.505,69.353,78.540,21.460,77.235,73.310,22.765
[SHELL] ccA:66,2548903715,771683,-5.449,30.184,0.000,35.000,5.45010,5.65708,23.38,-11.686,23.386,-11.686,23.386,-11.904,1.297,1.00000,73.902,-5.790,29.643
[SHELL] ccB:66,2147514253,1,18.041,11.957,-29.998,58.595,80.232,19.768,69.353,78.540,21.460
[SHELL] ccA:67,2549013727,771684,-7.037,30.732,0.000,35.000,5.66742,5.87440,23.37,-11.619,23.366,-11.619,23.366,-11.901,1.299,1.00000,74.342,-2.815,36.344
[SHELL] ccB:67,24401,1,18.694,17.756,-36.449,47.228,80.357,19.643,58.595,80.232,19.768
[SHELL] ccA:68,2549123759,771685,-5.912,33.126,0.000,35.000,5.88061,6.08758,23.38,-11.661,23.271,-11.661,23.271,-11.898,1.300,1.00000,74.342,-12.227,30.172
[SHELL] ccB:68,2147514231,1,0.572,27.904,-28.476,36.046,79.232,20.768,47.228,80.357,19.643
[SHELL] ccA:69,2549233891,771686,-3.660,33.471,0.000,35.000,6.09974,0.02353,23.37,-11.749,23.258,-11.749,23.258,-11.896,1.301,1.00000,74.342,12.628,37.194
[SHELL] ccB:69,24483,1,19.201,20.075,-39.276,25.195,76.765,23.235,36.046,79.232,20.768
[SHELL] ccA:70,2549343947,771687,1.104,34.309,0.000,35.000,0.03638,0.24336,23.65,-11.941,23.225,-11.941,23.225,-11.896,1.301,1.00000,74.342,-8.611,32.676
[SHELL] ccB:70,2147514137,1,-9.794,32.905,-23.111,21.210,78.790,32.978,25.195,76.765,23.235
[SHELL] ccA:71,2549453871,771688,-0.597,34.843,0.000,35.000,0.27188,0.47899,23.48,-11.872,23.226,-11.872,23.226,-11.896,1.301,1.00000,74.342,2.206,36.826
[SHELL] ccB:71,24473,1,-7.764,35.116,-27.352,19.753,80.247,44.973,21.210,78.790,32.978
[SHELL] ccA:72,2549563815,771689,0.565,37.174,0.000,35.000,0.47515,0.68233,23.48,-11.919,23.131,-11.919,23.131,-11.896,1.300,1.00000,74.342,6.461,42.365
[SHELL] ccB:72,2147514203,1,-13.636,42.003,-28.367,19.873,80.127,55.812,19.753,80.247,44.973
[SHELL] ccA:73,2549674015,771690,0.438,38.484,0.000,35.000,0.69203,0.89922,23.43,-11.914,23.077,-11.914,23.077,-11.897,1.298,1.00000,74.342,-13.375,32.380
[SHELL] ccB:73,24545,1,-30.960,29.680,1.281,21.364,78.636,66.911,19.873,80.127,55.812
[SHELL] ccA:74,2549784223,771691,-3.086,35.798,0.000,35.000,0.91269,1.11987,23.86,-11.772,23.184,-11.772,23.184,-11.895,1.298,1.00000,74.342,7.944,36.067
[SHELL] ccB:74,2147513999,1,-23.675,36.385,-12.709,23.487,75.368,76.513,21.364,78.636,66.911
[SHELL] ccA:75,2549894243,771692,-2.593,34.456,0.000,35.000,1.12101,1.32820,23.87,-11.790,23.238,-11.790,23.238,-11.894,1.298,1.00000,74.342,-12.886,33.310
[SHELL] ccB:75,24659,1,-35.600,20.293,15.307,20.971,65.371,79.029,23.487,75.368,76.513
[SHELL] ccA:76,2550004171,771693,-5.234,34.970,0.000,35.000,1.35153,1.55865,23.73,-11.682,23.218,-11.682,23.218,-11.891,1.298,1.00000,74.342,-3.109,37.191
[SHELL] ccB:76,2147514025,1,-36.977,22.866,14.111,19.796,53.646,80.204,20.971,65.371,79.029
[SHELL] ccA:77,2550114227,771694,-2.772,37.269,0.000,35.000,1.56802,1.77521,23.80,-11.779,23.124,-11.779,23.124,-11.890,1.297,1.00000,74.342,8.016,41.385
[SHELL] ccB:77,24651,1,-41.362,27.723,13.640,20.117,42.075,79.883,19.796,53.646,80.204
[SHELL] ccA:78,2550224279,771695,1.423,37.796,0.000,35.000,1.78551,1.99269,23.89,-11.947,23.102,-11.947,23.102,-11.891,1.296,1.00000,74.342,-7.229,31.224
[SHELL] ccB:78,2147513971,1,-28.967,2.606,26.361,21.814,30.751,78.186,20.117,42.075,79.883
[SHELL] ccA:79,2550334231,771696,1.644,34.310,0.000,35.000,2.00621,2.21340,23.83,-11.957,23.242,-11.957,23.242,-11.891,1.296,1.00000,74.342,13.015,33.408
[SHELL] ccB:79,24653,1,-35.781,15.907,19.874,26.917,22.624,77.376,21.814,30.751,78.186
[SHELL] ccA:80,2550444163,771697,2.785,32.467,0.000,35.000,2.22633,2.43351,23.83,-12.004,23.317,-12.004,23.317,-11.893,1.297,1.00000,74.342,-7.663,31.827
[SHELL] ccB:80,2147514029,1,-20.558,-11.783,32.342,37.800,20.273,79.727,26.917,22.624,77.376
[SHELL] ccA:81,2550554159,771698,-1.091,33.062,0.000,35.000,2.43880,2.64560,23.76,-11.849,23.253,-11.849,23.253,-11.892,1.298,1.00000,74.342,-2.054,35.185
[SHELL] ccB:81,24617,1,-21.175,-13.813,34.987,48.698,19.608,80.392,37.800,20.273,79.727
[SHELL] ccA:82,2550664151,771699,-0.191,35.742,0.000,35.000,2.64705,2.85385,23.77,-11.884,23.145,-11.884,23.145,-11.892,1.298,1.00000,74.342,11.006,40.774
[SHELL] ccB:82,2147514035,1,-29.040,-12.037,41.076,59.740,20.217,79.783,48.698,19.608,80.392
[SHELL] ccA:83,2550774135,771700,3.274,37.262,0.000,35.000,2.87947,3.08627,23.77,-12.025,23.083,-12.025,23.083,-11.894,1.297,1.00000,74.342,-6.860,32.314
[SHELL] ccB:83,24605,1,-1.748,-27.694,29.442,71.650,22.376,77.624,59.740,20.217,79.783
[SHELL] ccA:84,2550884127,771701,3.865,35.287,0.000,35.000,3.09664,3.30344,23.77,-12.050,23.162,-12.050,23.162,-11.896,1.297,1.00000,74.342,18.173,35.745
[SHELL] ccB:84,2147514047,1,-19.761,-20.337,40.098,77.947,22.053,70.788,71.650,22.376,77.624
[SHELL] ccA:85,2550994167,771702,7.285,34.405,0.000,35.000,3.31326,3.52006,23.78,-12.191,23.198,-12.191,23.198,-11.899,1.297,1.00000,74.342,-0.345,33.816
[SHELL] ccB:85,24621,1,6.117,-31.862,25.745,80.008,19.992,59.720,77.947,22.053,70.788
[SHELL] ccA:86,2551104155,771703,4.419,34.444,0.000,35.000,3.53256,3.73935,23.77,-12.078,23.197,-12.078,23.197,-11.902,1.297,1.00000,74.342,0.193,34.401
[SHELL] ccB:86,2147514033,1,12.931,-34.073,21.142,80.452,19.548,48.384,80.008,19.992,59.720
[SHELL] ccA:87,2551214183,771704,3.770,35.284,0.000,35.000,3.75615,3.96294,23.78,-12.054,23.163,-12.054,23.163,-11.903,1.297,1.00000,74.342,15.040,38.520
[SHELL] ccB:87,24629,1,9.923,-39.727,29.805,79.442,20.558,36.761,80.452,19.548,48.384
[SHELL] ccA:88,2551324139,771705,5.813,36.039,0.000,35.000,3.97378,4.18057,23.79,-12.139,23.132,-12.139,23.132,-11.906,1.297,1.00000,74.342,-7.020,32.713
[SHELL] ccB:88,2147514041,1,28.914,-29.035,0.121,77.062,22.938,25.892,79.442,20.558,36.761
[SHELL] ccA:89,2551434111,771706,3.263,34.546,0.000,35.000,4.20065,4.40746,23.75,-12.038,23.192,-12.038,23.192,-11.908,1.297,1.00000,74.342,12.053,34.237
[SHELL] ccB:89,24593,1,23.949,-35.595,11.646,78.597,31.934,21.403,77.062,22.938,25.892
[SHELL] ccA:90,2551544103,771707,3.656,34.078,0.000,35.000,4.41188,4.61868,23.73,-12.056,23.211,-12.056,23.211,-11.910,1.297,1.00000,74.342,-2.462,35.124
[SHELL] ccB:90,2147514059,1,34.278,-24.106,-10.172,80.178,42.727,19.822,78.597,31.934,21.403
[SHELL] ccA:91,2551654111,771708,0.785,34.483,0.000,35.000,4.62884,4.83564,23.76,-11.942,23.195,-11.942,23.195,-11.910,1.298,1.00000,74.342,-3.989,33.446
[SHELL] ccB:91,24593,1,33.662,-15.806,-17.856,80.306,53.949,19.694,80.178,42.727,19.822
[SHELL] ccA:92,2551764123,771709,0.688,35.698,0.000,35.000,4.84734,5.05417,23.74,-11.938,23.150,-11.938,23.150,-11.911,1.297,1.00000,74.342,13.190,40.776
[SHELL] ccB:92,2147514049,1,42.180,-27.658,-14.522,79.038,65.245,20.962,80.306,53.949,19.694
[SHELL] ccA:93,2551874103,771710,3.669,36.227,0.000,35.000,5.07153,5.27836,23.74,-12.059,23.128,-12.059,23.128,-11.912,1.297,1.00000,74.342,-7.715,29.910
[SHELL] ccB:93,24589,1,25.290,2.714,-28.004,76.323,76.286,23.677,79.038,65.245,20.962
[SHELL] ccA:94,2551984167,771711,2.045,33.304,0.000,35.000,5.29476,5.50160,23.81,-11.995,23.246,-11.995,23.246,-11.913,1.297,1.00000,74.342,10.419,32.620
[SHELL] ccB:94,2147514027,1,32.974,-8.485,-24.489,65.860,79.064,20.936,76.323,76.286,23.677
[SHELL] ccA:95,2552094127,771712,2.988,32.682,0.000,35.000,5.51232,5.71918,23.74,-12.034,23.272,-12.034,23.272,-11.915,1.299,1.00000,74.342,-1.171,35.577
[SHELL] ccB:95,24601,1,23.949,10.833,-34.782,54.580,80.405,19.595,65.860,79.064,20.936
[SHELL] ccA:96,2552204111,771713,1.016,34.527,0.000,35.000,5.72393,5.93076,23.74,-11.956,23.198,-11.956,23.198,-11.915,1.299,1.00000,74.342,-4.012,34.335
[SHELL] ccB:96,2147514055,1,14.816,19.640,-34.456,43.516,80.171,19.829,54.580,80.405,19.595
[SHELL] ccA:97,2552314123,771714,2.175,36.125,0.000,35.000,5.95230,6.15912,23.73,-12.003,23.134,-12.003,23.134,-11.916,1.298,1.00000,74.342,17.894,40.255
[SHELL] ccB:97,24599,1,30.002,12.935,-42.937,31.743,78.472,21.528,43.516,80.171,19.829
[SHELL] ccA:98,2552424103,771715,5.935,36.322,0.000,35.000,6.17209,0.09566,23.73,-12.157,23.125,-12.157,23.125,-11.919,1.298,1.00000,74.342,-8.036,30.445
[SHELL] ccB:98,2147514059,1,-4.611,29.281,-24.670,22.832,77.168,26.242,31.743,78.472,21.528
[SHELL] ccA:99,2552533959,771716,2.712,33.600,0.000,35.000,0.10473,0.31156,23.65,-12.029,23.235,-12.029,23.235,-11.921,1.298,1.00000,74.342,9.027,33.254
[SHELL] ccB:99,24517,1,5.501,26.708,-32.209,20.529,79.471,36.535,22.832,77.168,26.242
[SHELL] ccA:100,2552643867,771717,2.677,33.319,0.000,35.000,0.32107,0.52790,23.54,-12.029,23.247,-12.029,23.247,-11.922,1.299,1.00000,74.342,0.689,36.324
[SHELL] ccB:100,2147514177,1,-10.809,35.443,-24.634,19.535,80.465,47.794,20.529,79.471,36.535
[SHELL] ccA:101,2552753799,771718,0.661,34.801,0.000,35.000,0.54164,0.74846,23.49,-11.949,23.188,-11.949,23.188,-11.922,1.299,1.00000,74.342,-7.762,33.305
[SHELL] ccB:101,24437,1,-23.820,33.159,-9.339,20.088,79.912,59.272,19.535,80.465,47.794
[SHELL] ccA:102,2552864315,771719,0.693,36.015,0.000,35.000,0.76484,0.97167,23.89,-11.951,23.139,-11.951,23.139,-11.923,1.299,1.00000,74.342,17.605,41.126
[SHELL] ccB:102,2147513953,1,-15.774,44.141,-28.367,22.072,77.928,70.521,20.088,79.912,59.272
[SHELL] ccA:103,2552974307,771720,5.074,37.309,0.000,35.000,0.97868,1.18563,23.91,-12.128,23.098,-12.128,23.098,-11.925,1.298,1.00000,74.342,-7.155,33.679
[SHELL] ccB:103,24691,1,-31.939,27.106,4.833,22.316,71.717,77.684,22.072,77.928,70.521
[SHELL] ccA:104,2553084259,771721,2.598,35.929,0.000,35.000,1.20601,1.41299,23.88,-12.031,23.153,-12.031,23.153,-11.927,1.297,1.00000,74.342,7.099,35.231
[SHELL] ccB:104,2147513981,1,-30.381,31.818,-1.438,20.224,60.572,79.776,22.316,71.717,77.684
[SHELL] ccA:105,2553194255,771722,3.122,35.731,0.000,35.000,1.41952,1.62647,23.86,-12.053,23.160,-12.053,23.160,-11.928,1.297,1.00000,74.342,5.445,38.784
[SHELL] ccB:105,24665,1,-37.521,28.484,9.037,19.587,49.372,80.413,20.224,60.572,79.776
[SHELL] ccA:106,2553304263,771723,3.190,36.235,0.000,35.000,1.63737,1.84432,23.87,-12.057,23.140,-12.057,23.140,-11.930,1.296,1.00000,74.342,-5.228,32.140
[SHELL] ccB:106,2147513979,1,-31.722,9.492,22.230,20.407,37.983,79.593,19.587,49.372,80.413
[SHELL] ccA:107,2553414235,771724,2.543,35.029,0.000,35.000,1.85993,2.06688,23.87,-12.033,23.188,-12.033,23.188,-11.931,1.296,1.00000,74.342,15.181,37.049
[SHELL] ccB:107,24655,1,-39.840,23.373,16.467,22.613,27.018,77.387,20.407,37.983,79.593
[SHELL] ccA:108,2553524211,771725,4.012,34.123,0.000,35.000,2.08049,2.28744,23.82,-12.094,23.225,-12.094,23.225,-11.933,1.297,1.00000,74.342,-9.088,30.251
[SHELL] ccB:108,2147514005,1,-21.972,-8.666,30.638,30.695,21.606,78.394,22.613,27.018,77.387
[SHELL] ccA:109,2553634183,771726,-0.558,32.858,0.000,35.000,2.30309,2.51003,23.81,-11.910,23.276,-11.910,23.276,-11.933,1.298,1.00000,74.342,0.762,33.881
[SHELL] ccB:109,24629,1,-25.705,-6.274,31.979,41.668,19.924,80.076,30.695,21.606,78.394
[SHELL] ccA:110,2553744135,771727,-0.978,34.198,0.000,35.000,2.51714,2.72409,23.77,-11.893,23.223,-11.893,23.223,-11.932,1.298,1.00000,74.342,3.650,38.778
[SHELL] ccB:110,2147514043,1,-25.633,-12.581,38.213,52.936,19.653,80.347,41.668,19.924,80.076
[SHELL] ccA:111,2553854135,771728,0.315,36.019,0.000,35.000,2.73566,2.94261,23.76,-11.945,23.150,-11.945,23.150,-11.932,1.298,1.00000,74.342,-6.801,32.641
[SHELL] ccB:111,24605,1,-6.641,-24.976,31.617,64.393,20.814,79.186,52.936,19.653,80.347
[SHELL] ccA:112,2553964135,771729,1.893,35.397,0.000,35.000,2.96673,3.17367,23.76,-12.009,23.174,-12.009,23.174,-11.933,1.297,1.00000,74.342,17.522,37.529
[SHELL] ccB:112,2147514043,1,-23.784,-17.473,41.258,75.718,23.466,76.534,64.393,20.814,79.186
[SHELL] ccA:113,2554074143,771730,5.556,34.933,0.000,35.000,3.17186,3.37880,23.76,-12.158,23.193,-12.158,23.193,-11.936,1.297,1.00000,74.342,-6.020,32.034
[SHELL] ccB:113,24609,1,6.987,-31.065,24.078,78.887,21.113,66.979,75.718,23.466,76.534
[SHELL] ccA:114,2554184191,771731,1.672,34.082,0.000,35.000,3.40012,3.60726,23.76,-12.004,23.249,-12.004,23.249,-11.937,1.298,1.00000,74.342,1.208,34.733
[SHELL] ccB:114,2147514015,1,7.712,-33.203,25.492,80.313,19.687,55.528,78.887,21.113,66.979
[SHELL] ccA:115,2554294199,771732,0.458,34.966,0.000,35.000,3.62756,3.83471,23.84,-11.956,23.214,-11.956,23.214,-11.937,1.298,1.00000,74.342,5.436,38.364
[SHELL] ccB:115,24637,1,13.112,-38.132,25.020,80.193,19.807,43.614,80.313,19.687,55.528
[SHELL] ccA:116,2554404263,771733,0.577,35.915,0.000,35.000,3.84201,4.04915,23.91,-11.961,23.175,-11.961,23.175,-11.938,1.297,1.00000,74.342,-9.773,32.199
[SHELL] ccB:116,2147513979,1,28.226,-29.978,1.752,78.674,21.326,32.611,80.193,19.807,43.614
[SHELL] ccA:117,2554514203,771734,-0.748,34.735,0.000,35.000,4.06328,4.27042,23.80,-11.907,23.222,-11.907,23.222,-11.937,1.298,1.00000,74.342,11.119,36.180
[SHELL] ccB:117,24639,1,22.101,-37.661,15.561,76.799,25.136,23.201,78.674,21.326,32.611
[SHELL] ccA:118,2554624143,771735,0.496,34.756,0.000,35.000,4.28115,4.48830,23.81,-11.957,23.222,-11.957,23.222,-11.937,1.298,1.00000,74.342,-10.481,34.466
[SHELL] ccB:118,2147514039,1,35.692,-22.076,-13.616,79.307,35.832,20.693,76.799,25.136,23.201
[SHELL] ccA:119,2554734187,771736,-3.089,35.932,0.000,35.000,4.50447,4.71162,23.80,-11.812,23.174,-11.812,23.174,-11.936,1.297,1.00000,74.342,-2.512,38.615
[SHELL] ccB:119,24631,1,38.302,-23.925,-14.377,80.258,47.221,19.742,79.307,35.832,20.693
[SHELL] ccA:120,2554844215,771737,-1.991,38.532,0.000,35.000,4.71729,4.92441,23.81,-11.855,23.068,-11.855,23.068,-11.935,1.295,1.00000,74.342,7.541,42.433
[SHELL] ccB:120,2147514003,1,42.470,-27.585,-14.884,79.813,58.500,20.187,80.258,47.221,19.742
[SHELL] ccA:121,2554954183,771738,0.795,38.541,0.000,35.000,4.94561,5.15276,23.80,-11.967,23.066,-11.967,23.066,-11.935,1.294,1.00000,74.342,-9.392,30.683
[SHELL] ccB:121,24629,1,27.682,0.214,-27.896,77.936,70.194,22.064,79.813,58.500,20.187
[SHELL] ccA:122,2555064203,771739,-0.292,34.083,0.000,35.000,5.16476,5.37191,23.80,-11.923,23.245,-11.923,23.245,-11.935,1.294,1.00000,74.342,10.073,32.531
[SHELL] ccB:122,2147514009,1,33.662,-12.363,-21.299,72.325,77.569,22.431,77.936,70.194,22.064
[SHELL] ccA:123,2555174207,771740,0.180,31.509,0.000,35.000,5.37744,5.58459,23.80,-11.942,23.350,-11.942,23.350,-11.935,1.296,1.00000,74.342,-10.034,30.289
[SHELL] ccB:123,24641,1,17.643,14.204,-31.846,61.849,79.776,20.224,72.325,77.569,22.431
[SHELL] ccA:124,2555284191,771741,-3.942,31.742,0.000,35.000,5.59812,5.80527,23.80,-11.776,23.342,-11.776,23.342,-11.933,1.297,1.00000,74.342,-5.772,33.860
[SHELL] ccB:124,2147514015,1,16.954,17.393,-34.347,50.564,80.454,19.546,61.849,79.776,20.224
[SHELL] ccA:125,2555394211,771742,-3.314,34.863,0.000,35.000,5.82272,6.03003,23.81,-11.799,23.237,-11.799,23.237,-11.932,1.298,1.00000,74.342,8.321,41.443
[SHELL] ccB:125,24643,1,25.870,16.016,-41.886,38.695,79.649,20.351,50.564,80.454,19.546
[SHELL] ccA:126,2555504163,771743,0.204,36.824,0.000,35.000,6.04113,6.24847,23.81,-11.940,23.158,-11.940,23.158,-11.932,1.297,1.00000,74.342,-10.053,30.550
[SHELL] ccB:126,2147514029,1,-2.437,28.991,-26.555,27.545,77.443,22.557,38.695,79.649,20.351
[SHELL] ccA:127,2555614127,771744,0.002,34.046,0.000,35.000,6.25240,0.17655,23.80,-11.932,23.269,-11.932,23.269,-11.932,1.297,1.00000,74.342,11.792,33.641
[SHELL] ccB:127,24601,1,12.822,22.395,-35.217,21.905,78.095,29.607,27.545,77.443,22.557
[SHELL] ccA:128,2555723999,771745,1.836,32.651,0.000,35.000,0.18741,0.39474,23.68,-12.006,23.326,-12.006,23.326,-11.933,1.298,1.00000,74.342,-6.189,32.771
[SHELL] ccB:128,2147514111,1,-12.186,32.978,-20.792,19.917,80.083,40.674,21.905,78.095,29.607
[SHELL] ccA:129,2555833979,771746,-1.117,33.440,0.000,35.000,0.39767,0.60500,23.62,-11.887,23.295,-11.887,23.295,-11.932,1.299,1.00000,74.342,-3.883,34.576
[SHELL] ccB:129,24527,1,-16.970,34.790,-17.820,19.547,80.453,51.564,19.917,80.083,40.674
[SHELL] ccA:130,2555944171,771747,0.339,36.094,0.000,35.000,0.63125,0.83859,23.57,-11.946,23.189,-11.946,23.189,-11.932,1.299,1.00000,74.342,15.310,42.452
[SHELL] ccB:130,2147514025,1,-12.694,43.851,-31.158,20.691,79.309,63.891,19.547,80.453,51.564
[SHELL] ccA:131,2556054359,771748,5.296,38.522,0.000,35.000,0.85534,1.06268,24.00,-12.147,23.090,-12.147,23.090,-11.935,1.297,1.00000,74.342,-5.553,34.608
[SHELL] ccB:131,24717,1,-29.764,30.912,-1.148,23.325,76.675,75.227,20.691,79.309,63.891
[SHELL] ccA:132,2556164339,771749,5.316,37.323,0.000,35.000,1.06739,1.27472,23.94,-12.150,23.137,-12.150,23.137,-11.938,1.296,1.00000,74.342,17.061,37.624
[SHELL] ccB:132,2147513941,1,-24.726,41.024,-16.298,21.261,67.391,78.739,23.325,76.675,75.227
[SHELL] ccA:133,2556274359,771750,6.967,36.446,0.000,35.000,1.28398,1.49135,23.95,-12.220,23.171,-12.220,23.171,-11.941,1.295,1.00000,74.342,-0.701,35.926
[SHELL] ccB:133,24717,1,-34.657,25.548,9.109,19.695,56.209,80.305,21.261,67.391,78.739
[SHELL] ccA:134,2556384335,771751,2.673,35.972,0.000,35.000,1.50730,1.71463,23.95,-12.049,23.189,-12.049,23.189,-11.942,1.294,1.00000,74.342,-4.965,34.412
[SHELL] ccB:134,2147513943,1,-34.657,14.929,19.729,19.708,44.765,80.292,19.695,56.209,80.305
[SHELL] ccA:135,2556494319,771752,0.509,35.789,0.000,35.000,1.72224,1.92941,23.95,-11.963,23.179,-11.963,23.179,-11.943,1.294,1.00000,74.342,12.668,38.405
[SHELL] ccB:135,24697,1,-39.876,25.765,14.111,21.076,33.871,78.924,19.708,44.765,80.292
[SHELL] ccA:136,2556604267,771753,2.199,35.096,0.000,35.000,1.94155,2.14872,23.94,-12.032,23.206,-12.032,23.206,-11.944,1.294,1.00000,74.342,-11.574,29.162
[SHELL] ccB:136,2147513977,1,-22.987,-6.999,29.986,24.042,23.492,76.508,21.076,33.871,78.924
[SHELL] ccA:137,2556714275,771754,-1.424,32.388,0.000,35.000,2.16268,2.36985,23.90,-11.886,23.316,-11.886,23.316,-11.943,1.295,1.00000,74.342,4.784,32.824
[SHELL] ccB:137,24675,1,-29.909,2.533,27.376,34.380,20.877,79.123,24.042,23.492,76.508
[SHELL] ccA:138,2556824235,771755,-1.359,32.537,0.000,35.000,2.37626,2.58343,23.83,-11.888,23.311,-11.888,23.311,-11.942,1.296,1.00000,73.902,-3.430,35.339
[SHELL] ccB:138,2147513993,1,-22.008,-13.124,35.132,45.408,19.450,80.550,34.380,20.877,79.123
[SHELL] ccA:139,2556934251,771756,-1.622,34.795,0.000,35.000,2.60108,2.80829,23.90,-11.877,23.221,-11.877,23.221,-11.941,1.297,1.00000,73.902,-4.410,35.679
[SHELL] ccB:139,24663,1,-14.578,-21.170,35.749,57.359,19.732,80.268,45.408,19.450,80.550
[SHELL] ccA:140,2557044231,771757,2.281,37.308,0.000,35.000,2.81489,3.02205,23.83,-12.034,23.119,-12.034,23.119,-11.943,1.295,1.00000,74.342,21.376,42.537
[SHELL] ccB:140,2147513995,1,-33.896,-12.001,45.897,68.545,21.588,78.412,57.359,19.732,80.268
[SHELL] ccA:141,2557154203,771758,8.947,38.692,0.000,35.000,3.03980,3.24697,23.84,-12.305,23.062,-12.305,23.062,-11.947,1.294,1.00000,74.342,-2.555,34.013
[SHELL] ccB:141,24639,1,-0.914,-29.071,29.986,77.397,22.603,73.021,68.545,21.588,78.412
[SHELL] ccA:142,2557264219,771759,7.639,36.914,0.000,35.000,3.25469,3.46185,23.83,-12.256,23.132,-12.256,23.132,-11.951,1.293,1.00000,74.342,14.289,37.095
[SHELL] ccB:142,2147514001,1,-10.011,-28.310,38.322,79.624,20.376,62.541,77.397,22.603,73.021
[SHELL] ccA:143,2557374231,771760,8.143,36.943,0.000,35.000,3.48070,3.68787,23.84,-12.281,23.130,-12.281,23.130,-11.955,1.292,1.00000,74.342,6.549,39.570
[SHELL] ccB:143,24653,1,6.987,-37.698,30.711,80.505,19.495,50.678,79.624,20.376,62.541
[SHELL] ccA:144,2557484231,771761,5.712,37.569,0.000,35.000,3.69442,3.90159,23.83,-12.186,23.104,-12.186,23.104,-11.958,1.290,1.00000,74.342,-4.541,34.039
[SHELL] ccB:144,2147513995,1,21.738,-33.892,12.154,79.833,20.167,39.624,80.505,19.495,50.678
[SHELL] ccA:145,2557594199,771762,3.497,36.654,0.000,35.000,3.91298,4.12015,23.84,-12.099,23.140,-12.099,23.140,-11.960,1.290,1.00000,74.342,16.519,38.968
[SHELL] ccB:145,24637,1,15.323,-41.829,26.506,77.859,22.141,28.847,79.833,20.167,39.624
[SHELL] ccA:146,2557704191,771763,5.143,36.362,0.000,35.000,4.13073,4.33787,23.81,-12.168,23.147,-12.168,23.147,-11.962,1.289,1.00000,74.342,-7.924,33.472
[SHELL] ccB:146,2147514015,1,32.321,-26.353,-5.968,77.888,28.768,22.112,77.859,22.141,28.847
[SHELL] ccA:147,2557814211,771764,1.911,35.141,0.000,35.000,4.35005,4.55715,23.80,-12.040,23.196,-12.040,23.196,-11.963,1.289,1.00000,73.902,6.971,34.650
[SHELL] ccB:147,24643,1,29.929,-31.246,1.317,80.015,39.458,19.985,77.888,28.768,22.112
[SHELL] ccA:148,2557924187,771765,2.649,36.002,0.000,35.000,4.57507,4.78220,23.80,-12.070,23.161,-12.070,23.161,-11.964,1.288,1.00000,73.902,4.577,41.237
[SHELL] ccB:148,2147514017,1,40.222,-28.926,-11.296,80.595,51.412,19.405,80.015,39.458,19.985
[SHELL] ccA:149,2558034235,771766,3.162,37.671,0.000,35.000,4.78976,4.99691,23.89,-12.093,23.093,-12.093,23.093,-11.966,1.287,1.00000,73.902,-3.476,33.560
[SHELL] ccB:149,24655,1,33.191,-11.348,-21.843,79.647,62.747,20.353,80.595,51.412,19.405
[SHELL] ccA:150,2558144183,771767,4.113,37.092,0.000,35.000,5.01044,5.21757,23.81,-12.133,23.115,-12.133,23.115,-11.968,1.286,1.00000,74.342,18.824,40.010
[SHELL] ccB:150,2147514019,1,43.774,-27.296,-16.479,77.183,73.617,22.817,79.647,62.747,20.353
[SHELL] ccA:151,2558254199,771768,7.087,36.256,0.000,35.000,5.23272,5.43985,23.80,-12.255,23.148,-12.255,23.148,-11.972,1.285,1.00000,74.342,-5.825,31.441
[SHELL] ccB:151,24637,1,24.384,5.723,-30.107,68.439,78.594,21.406,77.183,73.617,22.817
[SHELL] ccA:152,2558364707,771769,2.944,34.472,0.000,35.000,5.44677,5.65394,24.80,-12.091,23.219,-12.091,23.219,-11.973,1.286,1.00000,74.342,4.601,34.997
[SHELL] ccB:152,2147513757,1,29.059,2.823,-31.882,57.849,80.157,19.843,68.439,78.594,21.406
[SHELL] ccA:153,2558474135,771770,2.656,35.212,0.000,35.000,5.66815,5.87528,23.80,-12.081,23.189,-12.081,23.189,-11.974,1.285,1.00000,74.342,7.248,39.414
[SHELL] ccB:153,24605,1,28.661,9.927,-38.588,46.185,80.380,19.620,57.849,80.157,19.843
[SHELL] ccA:154,2558584191,771771,3.662,36.435,0.000,35.000,5.88331,6.09047,23.81,-12.123,23.140,-12.123,23.140,-11.976,1.285,1.00000,74.342,-4.447,31.914
[SHELL] ccB:154,2147514015,1,8.328,22.793,-31.121,34.935,79.162,20.838,46.185,80.380,19.620
[SHELL] ccA:155,2558694171,771772,4.640,35.299,0.000,35.000,6.10872,0.03267,23.80,-12.164,23.185,-12.164,23.185,-11.979,1.285,1.00000,74.342,20.205,37.952
[SHELL] ccB:155,24623,1,26.486,16.088,-42.574,23.942,76.532,23.468,34.935,79.162,20.838
[SHELL] ccA:156,2558804071,771773,8.323,35.412,0.000,35.000,0.04349,0.25070,23.78,-12.316,23.188,-12.316,23.188,-11.983,1.284,1.00000,74.342,-2.672,33.829
[SHELL] ccB:156,2147514075,1,-4.140,31.238,-27.098,20.856,79.144,33.926,23.942,76.532,23.468
[SHELL] ccA:157,2558913955,771774,4.759,35.185,0.000,35.000,0.26037,0.46758,23.61,-12.175,23.197,-12.175,23.197,-11.985,1.284,1.00000,74.342,4.174,35.129
[SHELL] ccB:157,24515,1,-5.010,32.833,-27.823,19.622,80.378,44.919,20.856,79.144,33.926
[SHELL] ccA:158,2559023899,771775,3.831,35.735,0.000,35.000,0.48496,0.69217,23.61,-12.140,23.175,-12.140,23.175,-11.987,1.284,1.00000,74.342,9.648,38.852
[SHELL] ccB:158,2147514161,1,-9.577,38.451,-28.874,19.771,80.229,56.713,19.622,80.378,44.919
[SHELL] ccA:159,2559134175,771776,4.519,36.400,0.000,35.000,0.70339,0.91060,23.55,-12.170,23.147,-12.170,23.147,-11.989,1.283,1.00000,74.342,-5.392,32.767
[SHELL] ccB:159,24625,1,-25.306,31.275,-5.968,21.356,78.644,67.967,19.771,80.229,56.713
[SHELL] ccA:160,2559244379,771777,4.499,35.689,0.000,35.000,0.92734,1.13453,23.99,-12.171,23.176,-12.171,23.176,-11.992,1.283,1.00000,74.342,19.132,38.369
[SHELL] ccB:160,2147513921,1,-19.217,42.800,-23.583,22.899,74.216,77.101,21.356,78.644,67.967
[SHELL] ccA:161,2559354335,771778,6.726,36.004,0.000,35.000,1.14128,1.34848,23.93,-12.264,23.162,-12.264,23.162,-11.995,1.282,1.00000,74.342,-5.966,34.510
[SHELL] ccB:161,24705,1,-33.860,24.678,9.182,20.487,63.542,79.513,22.899,74.216,77.101
[SHELL] ccA:162,2559464331,771779,2.227,35.979,0.000,35.000,1.36620,1.57344,23.94,-12.085,23.163,-12.085,23.163,-11.996,1.282,1.00000,74.342,1.708,36.527
[SHELL] ccB:162,2147513945,1,-35.418,25.584,9.834,19.590,52.112,80.410,20.487,63.542,79.513
[SHELL] ccA:163,2559574307,771780,2.638,36.617,0.000,35.000,1.59040,1.79761,23.93,-12.103,23.137,-12.103,23.137,-11.997,1.281,1.00000,74.342,13.102,38.902
[SHELL] ccB:163,24691,1,-39.152,30.260,8.892,20.103,40.300,79.897,19.590,52.112,80.410
[SHELL] ccA:164,2559684311,771781,5.592,36.306,0.000,35.000,1.81165,2.01886,23.93,-12.224,23.148,-12.224,23.148,-12.000,1.280,1.00000,74.342,-5.544,30.891
[SHELL] ccB:164,2147513955,1,-28.677,3.294,25.383,22.036,28.931,77.964,20.103,40.300,79.897
[SHELL] ccA:165,2559794259,771782,3.583,33.884,0.000,35.000,2.02481,2.23202,23.88,-12.145,23.246,-12.145,23.246,-12.002,1.281,1.00000,74.342,12.318,34.852
[SHELL] ccB:165,24667,1,-36.723,14.711,22.012,28.030,22.204,77.796,22.036,28.931,77.964
[SHELL] ccA:166,2559904255,771783,2.960,33.228,0.000,35.000,2.24563,2.45299,23.88,-12.122,23.290,-12.122,23.290,-12.003,1.282,1.00000,74.342,-7.251,32.317
[SHELL] ccB:166,2147513983,1,-20.703,-12.037,32.740,39.024,20.078,79.922,28.030,22.204,77.796
[SHELL] ccA:167,2560014211,771784,-1.021,34.053,0.000,35.000,2.47396,2.68135,23.83,-11.962,23.257,-11.962,23.257,-12.003,1.282,1.00000,74.342,-1.899,36.726
[SHELL] ccB:167,24643,1,-21.247,-15.371,36.618,50.781,19.537,80.463,39.024,20.078,79.922
[SHELL] ccA:168,2560124179,771785,1.137,37.274,0.000,35.000,2.68161,2.88898,23.78,-12.049,23.127,-12.049,23.127,-12.003,1.281,1.00000,74.342,15.595,43.326
[SHELL] ccB:168,2147514021,1,-33.208,-11.022,44.230,61.877,20.405,79.595,50.781,19.537,80.463
[SHELL] ccA:169,2560234231,771786,6.035,39.496,0.000,35.000,2.90540,3.11273,23.83,-12.248,23.036,-12.248,23.036,-12.006,1.279,1.00000,74.342,-5.152,34.605
[SHELL] ccB:169,24653,1,-3.089,-28.637,31.725,73.361,22.764,77.236,61.877,20.405,79.595
[SHELL] ccA:170,2560344211,771787,5.538,37.469,0.000,35.000,3.12701,3.33437,23.82,-12.231,23.116,-12.231,23.116,-12.009,1.278,1.00000,74.342,16.862,37.339
[SHELL] ccB:170,2147514005,1,-17.405,-23.417,40.823,78.428,21.572,68.971,73.361,22.764,77.236
[SHELL] ccA:171,2560454195,771788,7.191,35.974,0.000,35.000,3.35249,3.55985,23.82,-12.300,23.175,-12.300,23.175,-12.013,1.277,1.00000,74.342,0.191,34.614
[SHELL] ccB:171,24635,1,7.059,-32.877,25.818,80.261,19.739,57.439,78.428,21.572,68.971
[SHELL] ccA:172,2560564199,771789,3.878,35.351,0.000,35.000,3.56539,3.77276,23.82,-12.170,23.200,-12.170,23.200,-12.015,1.277,1.00000,74.342,-1.731,34.835
[SHELL] ccB:172,2147514011,1,15.903,-34.834,18.931,80.450,19.550,46.457,80.261,19.739,57.439
[SHELL] ccA:173,2560674223,771790,2.676,35.808,0.000,35.000,3.78559,3.99295,23.82,-12.123,23.181,-12.123,23.181,-12.016,1.277,1.00000,74.342,13.977,38.947
[SHELL] ccB:173,24649,1,12.206,-40.343,28.137,79.236,20.764,35.108,80.450,19.550,46.457
[SHELL] ccA:174,2560784195,771791,4.263,36.242,0.000,35.000,4.01088,4.21821,23.79,-12.189,23.163,-12.189,23.163,-12.018,1.276,1.00000,74.342,-9.172,32.238
[SHELL] ccB:174,2147514013,1,30.545,-27.223,-3.322,76.554,23.446,24.043,79.236,20.764,35.108
[SHELL] ccA:175,2560894155,771792,1.342,34.397,0.000,35.000,4.23336,4.44076,23.81,-12.073,23.237,-12.073,23.237,-12.019,1.276,1.00000,73.902,9.735,34.166
[SHELL] ccB:175,24615,1,25.834,-34.037,8.203,79.167,33.478,20.833,76.554,23.446,24.043
[SHELL] ccA:176,2561004155,771793,2.558,34.306,0.000,35.000,4.44876,4.65613,23.80,-12.123,23.241,-12.123,23.241,-12.020,1.277,1.00000,73.902,-0.064,36.651
[SHELL] ccB:176,2147514033,1,35.402,-25.918,-9.484,80.567,44.737,19.433,79.167,33.478,20.833
[SHELL] ccA:177,2561114143,771794,1.636,35.518,0.000,35.000,4.66238,4.86980,23.79,-12.086,23.199,-12.086,23.199,-12.021,1.276,1.00000,74.342,-3.064,34.604
[SHELL] ccB:177,24609,1,34.713,-16.205,-18.508,80.274,56.010,19.726,80.567,44.737,19.433
[SHELL] ccA:178,2561224179,771795,2.638,36.917,0.000,35.000,4.89292,5.10034,23.80,-12.128,23.142,-12.128,23.142,-12.022,1.275,1.00000,74.342,16.744,41.810
[SHELL] ccB:178,2147514021,1,44.137,-29.833,-14.304,78.621,67.931,21.379,80.274,56.010,19.726
[SHELL] ccA:179,2561334287,771796,5.614,37.467,0.000,35.000,5.11395,5.32143,23.93,-12.250,23.119,-12.250,23.119,-12.025,1.274,1.00000,74.342,-7.967,31.646
[SHELL] ccB:179,24681,1,26.015,4.055,-30.070,74.119,77.111,22.889,78.621,67.931,21.379
[SHELL] ccA:180,2561444163,771797,2.114,34.389,0.000,35.000,5.32547,5.53289,23.79,-12.111,23.242,-12.111,23.242,-12.026,1.275,1.00000,74.342,7.646,32.455
[SHELL] ccB:180,2147514029,1,30.944,-4.716,-26.228,64.101,79.425,20.575,74.119,77.111,22.889
[SHELL] ccA:181,2561554183,771798,1.443,33.118,0.000,35.000,5.55331,5.76072,23.79,-12.085,23.294,-12.085,23.294,-12.027,1.275,1.00000,74.342,-1.553,35.914
[SHELL] ccB:181,24629,1,22.789,12.681,-35.471,52.323,80.540,19.460,64.101,79.425,20.575
[SHELL] ccA:182,2561664179,771799,-0.447,34.093,0.000,35.000,5.77445,5.98189,23.81,-12.009,23.255,-12.009,23.255,-12.027,1.276,1.00000,74.342,-6.327,32.089
[SHELL] ccB:182,2147514021,1,10.104,21.887,-31.991,40.786,80.022,19.978,52.323,80.540,19.460
[SHELL] ccA:183,2561774147,771800,0.610,34.600,0.000,35.000,6.00405,6.21147,23.80,-12.051,23.235,-12.051,23.235,-12.027,1.276,1.00000,74.342,16.648,38.307
[SHELL] ccB:183,24611,1,26.559,14.639,-41.197,29.106,78.004,21.996,40.786,80.022,19.978
[SHELL] ccA:184,2561884103,771801,4.223,34.866,0.000,35.000,6.21227,0.13651,23.79,-12.198,23.225,-12.198,23.225,-12.029,1.276,1.00000,74.342,-10.078,30.763
[SHELL] ccB:184,2147514059,1,-7.873,31.130,-23.256,22.185,77.815,28.076,29.106,78.004,21.996
[SHELL] ccA:185,2561994027,771802,-0.529,33.222,0.000,35.000,0.15205,0.35948,23.68,-12.008,23.291,-12.008,23.291,-12.029,1.277,1.00000,74.342,1.390,33.056
[SHELL] ccB:185,24551,1,-3.633,30.296,-26.663,20.156,79.844,38.890,22.185,77.815,28.076
[SHELL] ccA:186,2562103959,771803,-2.226,33.520,0.000,35.000,0.37601,0.58344,23.61,-11.939,23.280,-11.939,23.280,-12.028,1.278,1.00000,74.342,-1.608,37.205
[SHELL] ccB:186,2147514131,1,-15.158,37.037,-21.879,19.524,80.476,50.533,20.156,79.844,38.890
[SHELL] ccA:187,2562214223,771804,-3.202,35.067,0.000,35.000,0.60373,0.81115,23.63,-11.898,23.218,-11.898,23.218,-12.026,1.278,1.00000,74.342,-10.981,32.802
[SHELL] ccB:187,24649,1,-27.662,31.818,-4.156,20.461,79.539,62.385,19.524,80.476,50.533
[SHELL] ccA:188,2562324407,771805,-2.695,35.877,0.000,35.000,0.81223,1.01994,24.06,-11.917,23.217,-11.917,23.217,-12.025,1.277,1.00000,74.342,12.792,40.697
[SHELL] ccB:188,2147513907,1,-20.740,42.655,-21.915,22.586,77.414,72.759,20.461,79.539,62.385
[SHELL] ccA:189,2562434419,771806,0.253,37.095,0.000,35.000,1.03379,1.24151,24.02,-12.035,23.167,-12.035,23.167,-12.025,1.276,1.00000,74.342,-13.592,34.183
[SHELL] ccB:189,24747,1,-36.325,23.192,13.132,21.688,69.233,78.312,22.586,77.414,72.759
[SHELL] ccA:190,2562544411,771807,-3.870,36.619,0.000,35.000,1.26100,1.46872,24.01,-11.868,23.185,-11.868,23.185,-12.023,1.275,1.00000,73.902,-1.087,37.411
[SHELL] ccB:190,2147513905,1,-35.962,26.961,9.001,19.832,58.034,80.168,21.688,69.233,78.312
[SHELL] ccA:191,2562654411,771808,-3.679,37.413,0.000,35.000,1.48025,1.68798,24.01,-11.874,23.152,-11.874,23.152,-12.021,1.274,1.00000,73.902,1.049,40.645
[SHELL] ccB:191,24743,1,-40.384,24.279,16.104,19.578,46.439,80.422,19.832,58.034,80.168
[SHELL] ccA:192,2562764431,771809,-2.616,37.967,0.000,35.000,1.69629,1.90400,24.01,-11.915,23.129,-11.915,23.129,-12.020,1.273,1.00000,73.902,-11.475,33.165
[SHELL] ccB:192,2147513895,1,-31.468,2.279,29.188,20.744,35.136,79.256,19.578,46.439,80.422
[SHELL] ccA:193,2562874355,771810,-3.183,35.938,0.000,35.000,1.91826,2.12598,24.02,-11.891,23.209,-11.891,23.209,-12.018,1.272,1.00000,74.342,9.170,36.777
[SHELL] ccB:193,24715,1,-37.702,15.472,22.230,23.414,24.541,76.586,20.744,35.136,79.256
[SHELL] ccA:194,2562984375,771811,-1.597,34.932,0.000,35.000,2.14479,2.35254,23.97,-11.954,23.249,-11.954,23.249,-12.017,1.272,1.00000,74.342,-13.254,33.009
[SHELL] ccB:194,2147513923,1,-20.522,-14.900,35.422,33.700,21.037,78.963,23.414,24.541,76.586
[SHELL] ccA:195,2563094287,771812,-5.537,35.031,0.000,35.000,2.35763,2.56535,23.90,-11.793,23.246,-11.793,23.246,-12.015,1.272,1.00000,74.342,-4.810,37.327
[SHELL] ccB:195,24681,1,-22.951,-14.356,37.307,44.396,19.808,80.192,33.700,21.037,78.963
[SHELL] ccA:196,2563204531,771813,-5.163,37.384,0.000,35.000,2.58197,2.78963,23.90,-11.806,23.150,-11.806,23.150,-12.012,1.271,1.00000,74.342,2.221,41.872
[SHELL] ccB:196,2147513845,1,-24.110,-17.655,41.765,56.257,19.944,80.056,44.396,19.808,80.192
[SHELL] ccA:197,2563313707,771814,-2.855,38.299,0.000,35.000,2.80258,3.01030,23.35,-11.896,23.112,-11.896,23.112,-12.011,1.270,1.00000,74.342,-11.050,32.125
[SHELL] ccB:197,24391,1,-0.262,-29.289,29.551,67.692,21.494,78.506,56.257,19.944,80.056
[SHELL] ccA:198,2563423723,771815,-2.248,35.256,0.000,35.000,3.02405,3.23177,23.35,-11.920,23.234,-11.920,23.234,-12.010,1.269,1.00000,74.342,10.886,34.903
[SHELL] ccB:198,2147514249,1,-14.904,-21.460,36.365,76.939,23.061,74.470,67.692,21.494,78.506
[SHELL] ccA:199,2563533703,771816,0.335,33.287,0.000,35.000,3.23698,3.44481,23.35,-12.023,23.325,-12.023,23.325,-12.010,1.270,1.00000,74.342,-9.384,31.219
[SHELL] ccB:199,24389,1,12.315,-32.297,19.982,79.478,20.522,64.023,76.939,23.061,74.470
[SHELL] ccA:200,2563643735,771817,-2.810,32.919,0.000,35.000,3.45791,3.66574,23.35,-11.896,23.341,-11.896,23.341,-12.008,1.271,1.00000,74.342,-3.360,34.334
[SHELL] ccB:200,2147514243,1,13.873,-34.291,20.417,80.478,19.522,52.732,79.478,20.522,64.023
[SHELL] ccA:201,2563753727,771818,-2.417,34.450,0.000,35.000,3.69001,3.89784,23.35,-11.910,23.280,-11.910,23.280,-12.007,1.272,1.00000,74.342,6.437,37.912
[SHELL] ccB:201,24401,1,14.272,-38.060,23.788,79.960,20.040,40.453,80.478,19.522,52.732
[SHELL] ccA:202,2563863735,771819,-0.622,35.369,0.000,35.000,3.90035,4.10818,23.35,-11.982,23.243,-11.982,23.243,-12.007,1.271,1.00000,74.342,-12.001,31.316
[SHELL] ccB:202,2147514243,1,30.255,-27.658,-2.597,78.113,21.887,29.679,79.960,20.040,40.453
[SHELL] ccA:203,2563973751,771820,-2.252,33.599,0.000,35.000,4.11826,4.32609,23.39,-11.916,23.315,-11.916,23.315,-12.006,1.272,1.00000,74.342,8.557,33.851
[SHELL] ccB:203,24413,1,23.260,-34.182,10.922,77.630,27.621,22.370,78.113,21.887,29.679
[SHELL] ccA:204,2564083755,771821,-1.091,32.938,0.000,35.000,4.34484,4.55267,23.38,-11.961,23.342,-11.961,23.342,-12.005,1.273,1.00000,74.342,-9.477,32.733
[SHELL] ccB:204,2147514233,1,33.952,-19.503,-14.449,79.884,38.980,20.116,77.630,27.621,22.370
[SHELL] ccA:205,2564193735,771822,-3.840,33.943,0.000,35.000,4.55468,4.76251,23.38,-11.850,23.303,-11.850,23.303,-12.003,1.274,1.00000,74.342,-4.961,36.452
[SHELL] ccB:205,24405,1,36.779,-19.104,-17.675,80.454,49.839,19.546,79.884,38.980,20.116
[SHELL] ccA:206,2564303759,771823,-2.940,36.373,0.000,35.000,4.78367,4.99149,23.38,-11.884,23.205,-11.884,23.205,-12.002,1.273,1.00000,74.342,7.638,39.852
[SHELL] ccB:206,2147514231,1,40.295,-24.287,-16.008,79.579,61.932,20.421,80.454,49.839,19.546
[SHELL] ccA:207,2564413779,771824,-0.811,36.389,0.000,35.000,5.00322,5.21108,23.43,-11.969,23.203,-11.969,23.203,-12.001,1.272,1.00000,74.342,-13.558,29.397
[SHELL] ccB:207,24427,1,24.275,6.411,-30.686,77.369,72.976,22.631,79.579,61.932,20.421
[SHELL] ccA:208,2564523751,771825,-3.494,31.952,0.000,35.000,5.22069,5.42851,23.38,-11.860,23.382,-11.860,23.382,-12.000,1.274,1.00000,74.342,5.502,29.162
[SHELL] ccB:208,2147514235,1,28.153,-5.948,-22.205,69.881,78.303,21.697,77.369,72.976,22.631
[SHELL] ccA:209,2564633727,771826,-3.447,29.387,0.000,35.000,5.43952,5.64740,23.37,-11.860,23.494,-11.860,23.494,-11.998,1.277,1.00000,74.342,-11.234,29.826
[SHELL] ccB:209,24401,1,14.816,17.031,-31.846,58.895,80.225,19.775,69.881,78.303,21.697
[SHELL] ccA:210,2564743751,771827,-6.411,30.155,0.000,35.000,5.65517,5.86306,23.38,-11.738,23.466,-11.738,23.466,-11.995,1.279,1.00000,74.342,-8.680,31.803
[SHELL] ccB:210,2147514235,1,11.662,20.873,-32.535,47.687,80.536,19.464,58.895,80.225,19.775
[SHELL] ccA:211,2564853759,771828,-4.521,32.947,0.000,35.000,5.88130,6.08919,23.38,-11.812,23.355,-11.812,23.355,-11.992,1.280,1.00000,74.342,10.508,38.357
[SHELL] ccB:211,24417,1,24.674,14.675,-39.349,35.699,79.349,20.651,47.687,80.536,19.464
[SHELL] ccA:212,2564963863,771829,0.502,34.793,0.000,35.000,6.09907,0.02378,23.33,-12.013,23.281,-12.013,23.281,-11.993,1.280,1.00000,74.342,-10.326,30.655
[SHELL] ccB:212,2147514179,1,-4.539,30.006,-25.467,24.652,76.781,23.219,35.699,79.349,20.651
[SHELL] ccA:213,2565073955,771830,-0.097,33.549,0.000,35.000,0.03800,0.24590,23.63,-11.989,23.332,-11.989,23.332,-11.993,1.281,1.00000,74.342,9.756,34.528
[SHELL] ccB:213,24515,1,8.437,25.983,-34.420,21.058,78.942,33.017,24.652,76.781,23.219
[SHELL] ccA:214,2565183847,771831,0.875,33.376,0.000,35.000,0.24834,0.45623,23.54,-12.028,23.340,-12.028,23.340,-11.993,1.282,1.00000,74.342,-5.686,33.792
[SHELL] ccB:214,2147514187,1,-13.817,34.065,-20.248,19.615,80.385,43.915,21.058,78.942,33.017
[SHELL] ccA:215,2565293807,771832,-2.655,34.261,0.000,35.000,0.47437,0.68226,23.48,-11.886,23.305,-11.886,23.305,-11.992,1.282,1.00000,74.342,-9.003,34.933
[SHELL] ccB:215,24441,1,-23.965,35.334,-11.368,19.698,80.302,55.620,19.615,80.385,43.915
[SHELL] ccA:216,2565404015,771833,-2.462,36.562,0.000,35.000,0.69423,0.90213,23.42,-11.892,23.212,-11.892,23.212,-11.990,1.281,1.00000,74.342,13.845,42.590
[SHELL] ccB:216,2147514103,1,-16.608,44.322,-27.714,21.241,78.759,66.972,19.698,80.302,55.620
[SHELL] ccA:217,2565514227,771834,1.466,38.497,0.000,35.000,0.91069,1.11858,23.86,-12.050,23.133,-12.050,23.133,-11.991,1.280,1.00000,74.342,-12.823,33.874
[SHELL] ccB:217,24651,1,-34.621,26.527,8.094,23.271,75.027,76.729,21.241,78.759,66.972
[SHELL] ccA:218,2565624187,771835,-1.494,36.516,0.000,35.000,1.13401,1.34184,23.78,-11.931,23.211,-11.931,23.211,-11.990,1.279,1.00000,74.342,5.826,35.728
[SHELL] ccB:218,2147514017,1,-29.909,32.616,-2.706,20.763,64.439,79.237,23.271,75.027,76.729
[SHELL] ccA:219,2565734179,771836,-0.766,35.892,0.000,35.000,1.35185,1.55969,23.80,-11.959,23.229,-11.959,23.229,-11.990,1.278,1.00000,74.342,-1.894,38.240
[SHELL] ccB:219,24627,1,-37.738,24.461,13.277,19.617,53.122,80.383,20.763,64.439,79.237
[SHELL] ccA:220,2565844219,771837,-1.361,36.527,0.000,35.000,1.56639,1.77423,23.80,-11.935,23.203,-11.935,23.203,-11.989,1.278,1.00000,74.342,-7.483,33.900
[SHELL] ccB:220,2147514001,1,-33.932,10.616,23.317,19.968,41.877,80.032,19.617,53.122,80.383
[SHELL] ccA:221,2565954287,771838,-1.109,35.812,0.000,35.000,1.78634,1.99417,23.89,-11.944,23.231,-11.944,23.231,-11.989,1.277,1.00000,74.342,12.422,37.211
[SHELL] ccB:221,24681,1,-39.007,23.120,15.887,21.681,30.711,78.319,19.968,41.877,80.032
[SHELL] ccA:222,2566064211,771839,1.427,34.700,0.000,35.000,2.01647,2.22430,23.83,-12.047,23.276,-12.047,23.276,-11.990,1.277,1.00000,74.342,-11.654,30.480
[SHELL] ccB:222,2147514005,1,-22.479,-9.246,31.725,27.490,22.373,77.627,21.681,30.711,78.319
[SHELL] ccA:223,2566174207,771840,-1.924,32.900,0.000,35.000,2.22960,2.43741,23.83,-11.912,23.349,-11.912,23.349,-11.989,1.278,1.00000,74.342,3.190,33.430
[SHELL] ccB:223,24641,1,-28.387,-1.345,29.732,37.817,20.286,79.714,27.490,22.373,77.627
[SHELL] ccA:224,2566284155,771841,-1.577,33.715,0.000,35.000,2.45000,2.65783,23.77,-11.925,23.317,-11.925,23.317,-11.988,1.279,1.00000,74.342,-1.033,37.517
[SHELL] ccB:224,2147514033,1,-23.132,-14.030,37.162,49.417,19.493,80.507,37.817,20.286,79.714
[SHELL] ccA:225,2566394151,771842,-1.250,35.710,0.000,35.000,2.67015,2.87798,23.77,-11.937,23.237,-11.937,23.237,-11.987,1.279,1.00000,74.342,-6.124,34.375
[SHELL] ccB:225,24613,1,-10.156,-23.852,34.009,61.037,20.242,79.758,49.417,19.493,80.507
[SHELL] ccA:226,2566504143,771843,0.866,36.397,0.000,35.000,2.88496,3.09279,23.77,-12.022,23.209,-12.022,23.209,-11.988,1.278,1.00000,74.342,16.744,39.321
[SHELL] ccB:226,2147514039,1,-26.176,-16.169,42.345,71.944,22.312,77.688,61.037,20.242,79.758
[SHELL] ccA:227,2566614135,771844,5.091,36.270,0.000,35.000,3.10509,3.31293,23.77,-12.194,23.213,-12.194,23.213,-11.990,1.277,1.00000,74.342,-7.002,32.063
[SHELL] ccB:227,24605,1,5.827,-30.884,25.057,78.226,21.774,70.221,71.944,22.312,77.688
[SHELL] ccA:228,2566724135,771845,1.896,34.360,0.000,35.000,3.32615,3.53402,23.78,-12.067,23.290,-12.067,23.290,-11.991,1.278,1.00000,74.342,4.843,33.995
[SHELL] ccB:228,2147514043,1,1.478,-30.449,28.971,80.080,19.920,59.305,78.226,21.774,70.221
[SHELL] ccA:229,2566834143,771846,1.944,34.556,0.000,35.000,3.54261,3.75045,23.77,-12.070,23.282,-12.070,23.282,-11.992,1.278,1.00000,74.342,5.092,38.172
[SHELL] ccB:229,24609,1,10.213,-37.263,27.050,80.526,19.474,47.888,80.080,19.920,59.305
[SHELL] ccA:230,2566944163,771847,2.386,35.764,0.000,35.000,3.76951,3.97733,23.77,-12.089,23.232,-12.089,23.232,-11.993,1.277,1.00000,74.342,-5.484,32.720
[SHELL] ccB:230,2147514029,1,23.659,-31.971,8.312,79.417,20.583,35.991,80.526,19.474,47.888
[SHELL] ccA:231,2567054151,771848,2.674,35.120,0.000,35.000,3.99188,4.19970,23.79,-12.102,23.258,-12.102,23.258,-11.995,1.277,1.00000,74.342,16.569,36.867
[SHELL] ccB:231,24613,1,16.773,-40.235,23.462,76.938,23.062,25.072,79.417,20.583,35.991
[SHELL] ccA:232,2567164123,771849,5.167,34.988,0.000,35.000,4.20598,4.41380,23.74,-12.204,23.263,-12.204,23.263,-11.997,1.277,1.00000,74.342,-6.988,33.499
[SHELL] ccB:232,2147514049,1,32.684,-25.121,-7.563,78.860,32.371,21.140,76.938,23.062,25.072
[SHELL] ccA:233,2567274103,771850,1.062,34.915,0.000,35.000,4.43012,4.63794,23.74,-12.040,23.266,-12.040,23.266,-11.998,1.277,1.00000,74.342,1.656,35.794
[SHELL] ccB:233,24589,1,33.916,-26.969,-6.947,80.296,43.646,19.704,78.860,32.371,21.140
[SHELL] ccA:234,2567384115,771851,0.491,36.239,0.000,35.000,4.65236,4.86017,23.74,-12.018,23.213,-12.018,23.213,-11.998,1.277,1.00000,74.342,5.642,39.872
[SHELL] ccB:234,2147514053,1,39.461,-26.679,-12.782,80.292,55.365,19.708,80.296,43.646,19.704
[SHELL] ccA:235,2567494139,771852,1.225,36.435,0.000,35.000,4.87119,5.07903,23.75,-12.048,23.204,-12.048,23.204,-11.999,1.276,1.00000,74.342,-8.038,30.203
[SHELL] ccB:235,24607,1,28.552,-3.266,-25.286,78.892,66.691,21.108,80.292,55.365,19.708
[SHELL] ccA:236,2567604111,771853,0.525,33.492,0.000,35.000,5.07529,5.28310,23.74,-12.020,23.323,-12.020,23.323,-11.999,1.277,1.00000,74.342,12.534,33.690
[SHELL] ccB:236,2147514055,1,35.946,-17.763,-18.182,76.479,76.442,23.521,78.892,66.691,21.108
[SHELL] ccA:237,2567714099,771854,2.008,31.901,0.000,35.000,5.30887,5.51669,23.73,-12.080,23.388,-12.080,23.388,-12.000,1.278,1.00000,74.342,-8.997,30.019
[SHELL] ccB:237,24587,1,19.781,11.159,-30.940,65.174,79.387,20.613,76.479,76.442,23.521
[SHELL] ccA:238,2567824131,771855,-1.065,32.292,0.000,35.000,5.53026,5.73808,23.75,-11.957,23.373,-11.957,23.373,-11.999,1.280,1.00000,74.342,1.201,35.439
[SHELL] ccB:238,2147514045,1,25.109,9.130,-34.238,53.824,80.504,19.496,65.174,79.387,20.613
[SHELL] ccA:239,2567934123,771856,1.399,35.416,0.000,35.000,5.75330,5.96112,23.74,-12.056,23.248,-12.056,23.248,-12.000,1.280,1.00000,74.342,12.192,40.767
[SHELL] ccB:239,24599,1,31.125,9.564,-40.690,41.773,80.135,19.865,53.824,80.504,19.496
[SHELL] ccA:240,2568044111,771857,5.376,37.162,0.000,35.000,5.97161,6.17948,23.74,-12.218,23.183,-12.218,23.183,-12.003,1.278,1.00000,74.342,-4.079,31.674
[SHELL] ccB:240,2147514055,1,5.827,24.279,-30.107,30.323,78.335,21.665,41.773,80.135,19.865
[SHELL] ccA:241,2568154071,771858,5.315,34.866,0.000,35.000,6.19127,0.11596,23.74,-12.218,23.275,-12.218,23.275,-12.005,1.279,1.00000,74.342,17.225,35.348
[SHELL] ccB:241,24573,1,20.397,18.915,-39.312,22.397,77.603,27.033,30.323,78.335,21.665
[SHELL] ccA:242,2568263931,771859,6.169,33.730,0.000,35.000,0.13118,0.33906,23.60,-12.255,23.321,-12.255,23.321,-12.008,1.279,1.00000,74.342,-5.694,32.550
[SHELL] ccB:242,2147514145,1,-9.903,32.253,-22.350,20.079,79.921,38.177,22.397,77.603,27.033
[SHELL] ccA:243,2568373875,771860,0.930,33.829,0.000,35.000,0.35164,0.55951,23.54,-12.046,23.318,-12.046,23.318,-12.009,1.280,1.00000,74.342,-2.118,34.870
[SHELL] ccB:243,24475,1,-13.998,34.718,-20.719,19.428,80.572,49.426,20.079,79.921,38.177
[SHELL] ccA:244,2568484043,771861,-0.029,35.895,0.000,35.000,0.56219,0.77007,23.49,-12.008,23.235,-12.008,23.235,-12.009,1.279,1.00000,74.342,9.812,41.292
[SHELL] ccB:244,2147514089,1,-13.708,41.640,-27.932,20.139,79.861,60.477,19.428,80.572,49.426
[SHELL] ccA:245,2568594283,771862,0.973,37.531,0.000,35.000,0.79134,0.99915,23.89,-12.048,23.168,-12.048,23.168,-12.009,1.278,1.00000,74.342,-13.616,32.670
[SHELL] ccB:245,24679,1,-32.809,27.904,4.905,22.368,77.632,72.037,20.139,79.861,60.477
[SHELL] ccA:246,2568704271,771863,-1.543,35.731,0.000,35.000,1.01171,1.21957,23.87,-11.947,23.240,-11.947,23.240,-12.009,1.278,1.00000,74.342,11.248,36.291
[SHELL] ccB:246,2147513975,1,-24.799,37.327,-12.528,21.963,70.531,78.037,22.368,77.632,72.037
[SHELL] ccA:247,2568814259,771864,1.329,35.007,0.000,35.000,1.23456,1.44244,23.87,-12.062,23.269,-12.062,23.269,-12.009,1.278,1.00000,74.342,-3.564,34.776
[SHELL] ccB:247,24667,1,-34.005,24.026,9.979,19.927,59.139,80.073,21.963,70.531,78.037
[SHELL] ccA:248,2568924267,771865,0.989,35.452,0.000,35.000,1.45569,1.66357,23.87,-12.049,23.251,-12.049,23.251,-12.010,1.277,1.00000,74.342,-0.165,35.964
[SHELL] ccB:248,2147513977,1,-35.745,21.307,14.437,19.528,47.502,80.472,19.927,59.139,80.073
[SHELL] ccA:249,2569034271,771866,2.678,36.455,0.000,35.000,1.67455,1.88243,23.87,-12.118,23.210,-12.118,23.210,-12.011,1.277,1.00000,74.342,14.604,39.118
[SHELL] ccB:249,24673,1,-40.420,29.281,11.139,20.598,35.948,79.402,19.528,47.502,80.472
[SHELL] ccA:250,2569144195,771867,4.882,35.962,0.000,35.000,1.88416,2.09198,23.86,-12.209,23.223,-12.209,23.223,-12.014,1.276,1.00000,74.342,-9.518,29.648
[SHELL] ccB:250,2147514013,1,-25.270,-3.121,28.391,22.912,25.479,77.088,20.598,35.948,79.402
[SHELL] ccA:251,2569254207,771868,0.533,32.573,0.000,35.000,2.10818,2.31600,23.82,-12.035,23.360,-12.035,23.360,-12.014,1.277,1.00000,74.342,6.561,31.877
[SHELL] ccB:251,24641,1,-30.743,6.121,24.622,31.826,21.242,78.758,22.912,25.479,77.088
[SHELL] ccA:252,2569364163,771869,-0.540,31.571,0.000,35.000,2.32371,2.53154,23.82,-11.992,23.402,-11.992,23.402,-12.014,1.279,1.00000,74.342,-5.765,32.880
[SHELL] ccB:252,2147514029,1,-20.051,-13.088,33.139,42.780,19.653,80.347,31.826,21.242,78.758
[SHELL] ccA:253,2569474103,771870,-2.182,33.249,0.000,35.000,2.54965,2.75748,23.76,-11.925,23.336,-11.925,23.336,-12.012,1.280,1.00000,74.342,-3.760,35.357
[SHELL] ccB:253,24589,1,-16.608,-18.923,35.531,54.664,19.591,80.409,42.780,19.653,80.347
[SHELL] ccA:254,2569584163,771871,1.752,36.574,0.000,35.000,2.77250,2.98036,23.82,-12.083,23.202,-12.083,23.202,-12.013,1.279,1.00000,74.342,20.292,42.703
[SHELL] ccB:254,2147514029,1,-34.331,-10.986,45.317,66.549,21.062,78.938,54.664,19.591,80.409
[SHELL] ccA:255,2569694155,771872,8.604,38.724,0.000,35.000,2.99462,3.20244,23.76,-12.362,23.114,-12.362,23.114,-12.018,1.277,1.00000,74.342,-2.407,34.133
[SHELL] ccB:255,24615,1,-2.618,-28.238,30.856,76.866,23.134,75.135,66.549,21.062,78.938
[SHELL] ccA:256,2569804139,771873,7.475,36.295,0.000,35.000,3.22463,3.43245,23.75,-12.320,23.211,-12.320,23.211,-12.021,1.277,1.00000,74.342,14.421,34.211
[SHELL] ccB:256,2147514041,1,-11.534,-24.795,36.328,79.516,20.484,64.058,76.866,23.134,75.135
[SHELL] ccA:257,2569914247,771874,6.952,34.565,0.000,35.000,3.43725,3.64507,23.83,-12.303,23.280,-12.303,23.280,-12.025,1.277,1.00000,74.342,1.374,35.706
[SHELL] ccB:257,24661,1,9.089,-34.472,25.383,80.623,19.377,53.056,79.516,20.484,64.058
[SHELL] ccA:258,2570024231,771875,1.890,34.438,0.000,35.000,3.65887,3.86670,23.84,-12.101,23.285,-12.101,23.285,-12.026,1.277,1.00000,74.342,-9.608,32.128
[SHELL] ccB:258,2147513995,1,24.239,-32.188,7.950,80.193,19.807,41.711,80.623,19.377,53.056
[SHELL] ccA:259,2570134211,771876,-1.909,34.412,0.000,35.000,3.88324,4.09107,23.83,-11.948,23.287,-11.948,23.287,-12.025,1.278,1.00000,74.342,10.206,37.687
[SHELL] ccB:259,24643,1,17.933,-39.002,21.070,78.356,21.644,30.591,80.193,19.807,41.711
[SHELL] ccA:260,2570244183,771877,-0.782,35.183,0.000,35.000,4.09804,4.30587,23.80,-11.993,23.256,-11.993,23.256,-12.024,1.277,1.00000,74.342,-13.930,33.231
[SHELL] ccB:260,2147514019,1,35.185,-24.324,-10.861,77.394,26.846,22.606,78.356,21.644,30.591
[SHELL] ccA:261,2570354163,771878,-4.026,35.231,0.000,35.000,4.32620,4.53440,23.80,-11.861,23.292,-11.861,23.292,-12.022,1.277,1.00000,74.342,1.548,36.772
[SHELL] ccB:261,24619,1,33.481,-29.978,-3.504,79.643,37.947,20.357,77.394,26.846,22.606
[SHELL] ccA:262,2570464179,771879,-2.735,37.243,0.000,35.000,4.54681,4.75497,23.81,-11.912,23.211,-11.912,23.211,-12.021,1.276,1.00000,74.342,-0.105,42.196
[SHELL] ccB:262,2147514021,1,41.636,-26.752,-14.884,80.391,49.639,19.609,79.643,37.947,20.357
[SHELL] ccA:263,2570574199,771880,-1.110,38.944,0.000,35.000,4.76728,4.97549,23.81,-11.976,23.141,-11.976,23.141,-12.021,1.274,1.00000,74.342,-5.780,34.611
[SHELL] ccB:263,24637,1,34.242,-10.478,-23.764,79.641,61.323,20.359,80.391,49.639,19.609
[SHELL] ccA:264,2570684191,771881,0.602,37.876,0.000,35.000,4.98673,5.19492,23.81,-12.045,23.182,-12.045,23.182,-12.021,1.273,1.00000,74.342,14.073,40.083
[SHELL] ccB:264,2147514015,1,42.397,-23.526,-18.871,77.558,72.362,22.442,79.641,61.323,20.359
[SHELL] ccA:265,2570794227,771882,2.750,36.085,0.000,35.000,5.20581,5.41404,23.88,-12.132,23.253,-12.132,23.253,-12.022,1.272,1.00000,74.342,-11.368,29.561
[SHELL] ccB:265,24651,1,20.651,10.471,-31.121,70.034,78.279,21.721,77.558,72.362,22.442
[SHELL] ccA:266,2570904187,771883,-2.836,32.727,0.000,35.000,5.42603,5.63422,23.80,-11.907,23.388,-11.907,23.388,-12.021,1.273,1.00000,74.342,-2.682,31.700
[SHELL] ccB:266,2147514017,1,22.209,8.622,-30.831,59.379,80.090,19.910,70.034,78.279,21.721
[SHELL] ccA:267,2571014175,771884,-4.592,32.502,0.000,35.000,5.64606,5.85419,23.78,-11.835,23.399,-11.835,23.399,-12.018,1.275,1.00000,74.342,-1.636,37.046
[SHELL] ccB:267,24625,1,20.723,16.270,-36.993,47.923,80.522,19.478,59.379,80.090,19.910
[SHELL] ccA:268,2571124155,771885,-4.243,34.065,0.000,35.000,5.86588,6.07407,23.80,-11.847,23.337,-11.847,23.337,-12.016,1.275,1.00000,74.342,-11.020,30.469
[SHELL] ccB:268,2147514033,1,2.275,26.853,-29.128,36.393,79.458,20.542,47.923,80.522,19.478
[SHELL] ccA:269,2571234295,771886,-2.681,33.653,0.000,35.000,6.07799,0.00300,23.81,-11.908,23.354,-11.908,23.354,-12.015,1.276,1.00000,74.342,12.952,36.628
[SHELL] ccB:269,24685,1,20.143,18.698,-38.841,25.832,77.164,22.836,36.393,79.458,20.542
[SHELL] ccA:270,2571344147,771887,1.593,33.799,0.000,35.000,0.02009,0.22828,23.84,-12.080,23.348,-12.080,23.348,-12.016,1.276,1.00000,74.342,-8.511,31.472
[SHELL] ccB:270,2147514037,1,-9.142,31.673,-22.532,21.145,78.855,32.237,25.832,77.164,22.836
[SHELL] ccA:271,2571454007,771888,0.051,33.893,0.000,35.000,0.24064,0.44882,23.69,-12.018,23.345,-12.018,23.345,-12.016,1.277,1.00000,74.342,4.273,36.001
[SHELL] ccB:271,24541,1,-4.430,33.377,-28.947,19.644,80.356,43.502,21.145,78.855,32.237
[SHELL] ccA:272,2571563987,771889,2.121,36.495,0.000,35.000,0.45783,0.66587,23.62,-12.102,23.228,-12.102,23.228,-12.017,1.276,1.00000,74.342,8.450,42.505
[SHELL] ccB:272,2147514117,1,-11.208,41.858,-30.650,19.639,80.361,55.222,19.644,80.356,43.502
[SHELL] ccA:273,2571674167,771890,3.619,38.700,0.000,35.000,0.68383,0.89190,23.57,-12.163,23.138,-12.163,23.138,-12.019,1.274,1.00000,74.342,-6.697,33.791
[SHELL] ccB:273,24621,1,-26.539,32.289,-5.751,21.179,78.821,67.026,19.639,80.361,55.222
[SHELL] ccA:274,2571784411,771891,3.238,37.378,0.000,35.000,0.89630,1.10438,24.09,-12.150,23.189,-12.150,23.189,-12.020,1.273,1.00000,74.342,17.896,39.425
[SHELL] ccB:274,2147513905,1,-19.616,43.235,-23.619,23.345,75.666,76.655,21.179,78.821,67.026
[SHELL] ccA:275,2571894315,771892,5.412,36.606,0.000,35.000,1.11413,1.32220,23.95,-12.240,23.219,-12.240,23.219,-12.023,1.272,1.00000,74.342,-7.446,33.785
[SHELL] ccB:275,24695,1,-33.606,23.917,9.689,20.675,64.996,79.325,23.345,75.666,76.655
[SHELL] ccA:276,2572004351,771893,0.511,35.633,0.000,35.000,1.33358,1.54164,23.94,-12.044,23.258,-12.044,23.258,-12.023,1.272,1.00000,74.342,-0.959,35.536
[SHELL] ccB:276,2147513935,1,-34.766,23.808,10.958,19.575,53.957,80.425,20.675,64.996,79.325
[SHELL] ccA:277,2572114331,771894,-0.084,35.655,0.000,35.000,1.56014,1.76821,23.95,-12.020,23.257,-12.020,23.257,-12.023,1.272,1.00000,74.342,9.026,37.764
[SHELL] ccB:277,24703,1,-37.666,26.998,10.668,19.849,42.063,80.151,19.575,53.957,80.425
[SHELL] ccA:278,2572224363,771895,2.495,34.960,0.000,35.000,1.77629,1.98435,23.94,-12.124,23.285,-12.124,23.285,-12.024,1.272,1.00000,74.342,-7.114,28.777
[SHELL] ccB:278,2147513929,1,-26.720,2.243,24.477,21.488,30.844,78.512,19.849,42.063,80.151
[SHELL] ccA:279,2572334319,771896,1.657,32.312,0.000,35.000,1.99812,2.20618,23.94,-12.092,23.392,-12.092,23.392,-12.025,1.273,1.00000,74.342,11.830,33.929
[SHELL] ccB:279,24697,1,-35.781,15.037,20.744,26.493,22.491,77.509,21.488,30.844,78.512
[SHELL] ccA:280,2572444291,771897,2.266,32.167,0.000,35.000,2.21710,2.42520,23.95,-12.117,23.399,-12.117,23.399,-12.026,1.274,1.00000,74.342,-7.484,32.033
[SHELL] ccB:280,2147513965,1,-21.066,-11.348,32.414,37.436,20.173,79.827,26.493,22.491,77.509
[SHELL] ccA:281,2572554231,771898,-0.933,33.641,0.000,35.000,2.43670,2.64476,23.84,-11.989,23.341,-11.989,23.341,-12.026,1.275,1.00000,74.342,-0.595,36.567
[SHELL] ccB:281,24653,1,-23.240,-12.834,36.075,48.818,19.440,80.560,37.436,20.173,79.827
[SHELL] ccA:282,2572664255,771899,1.597,36.447,0.000,35.000,2.65767,2.86576,23.90,-12.091,23.226,-12.091,23.226,-12.027,1.274,1.00000,74.342,15.060,40.620
[SHELL] ccB:282,2147513983,1,-32.229,-8.956,41.185,60.710,20.131,79.869,48.818,19.440,80.560
[SHELL] ccA:283,2572774223,771900,6.615,37.846,0.000,35.000,2.87858,3.08662,23.84,-12.295,23.168,-12.295,23.168,-12.030,1.273,1.00000,74.342,-3.064,33.576
[SHELL] ccB:283,24649,1,-5.771,-25.882,31.653,72.201,22.264,77.736,60.710,20.131,79.869
[SHELL] ccA:284,2572884219,771901,7.212,36.244,0.000,35.000,3.10445,3.31253,23.90,-12.322,23.232,-12.322,23.232,-12.034,1.272,1.00000,74.342,19.915,37.206
[SHELL] ccB:284,2147514001,1,-21.283,-20.917,42.200,78.351,21.649,70.104,72.201,22.264,77.736
[SHELL] ccA:285,2572994179,771902,9.022,35.583,0.000,35.000,3.32016,3.52821,23.83,-12.399,23.258,-12.399,23.258,-12.038,1.272,1.00000,74.342,-0.680,34.345
[SHELL] ccB:285,24627,1,6.769,-32.551,25.781,80.257,19.743,59.039,78.351,21.649,70.104
[SHELL] ccA:286,2573104219,771903,4.178,35.214,0.000,35.000,3.53623,3.74428,23.83,-12.207,23.273,-12.207,23.273,-12.040,1.272,1.00000,74.342,-1.842,34.960
[SHELL] ccB:286,2147514001,1,15.142,-34.907,19.765,80.591,19.409,47.955,80.257,19.743,59.039
[SHELL] ccA:287,2573214279,771904,2.260,36.200,0.000,35.000,3.75890,3.96701,23.92,-12.132,23.233,-12.132,23.233,-12.041,1.271,1.00000,74.342,13.406,40.535
[SHELL] ccB:287,24677,1,12.532,-41.612,29.080,79.510,20.490,36.432,80.591,19.409,47.955
[SHELL] ccA:288,2573324231,771905,3.994,37.301,0.000,35.000,3.98069,4.18874,23.87,-12.203,23.187,-12.203,23.187,-12.043,1.270,1.00000,74.342,-8.993,33.173
[SHELL] ccB:288,2147513995,1,30.690,-28.745,-1.945,77.012,22.988,25.380,79.510,20.490,36.432
[SHELL] ccA:289,2573434179,771906,2.171,36.078,0.000,35.000,4.20007,4.40812,23.79,-12.131,23.236,-12.131,23.236,-12.045,1.270,1.00000,74.342,13.266,37.432
[SHELL] ccB:289,24627,1,26.124,-38.966,12.842,78.718,32.029,21.282,77.012,22.988,25.380
[SHELL] ccA:290,2573544203,771907,4.457,36.332,0.000,35.000,4.41965,4.62772,23.82,-12.225,23.225,-12.225,23.225,-12.047,1.269,1.00000,74.342,0.288,37.289
[SHELL] ccB:290,2147514009,1,35.619,-27.368,-8.251,80.341,43.463,19.659,78.718,32.029,21.282
[SHELL] ccA:291,2573654191,771908,3.444,36.977,0.000,35.000,4.63675,4.84479,23.81,-12.186,23.198,-12.186,23.198,-12.048,1.268,1.00000,74.342,-0.067,35.898
[SHELL] ccB:291,24633,1,35.801,-20.192,-15.609,80.395,54.883,19.605,80.341,43.463,19.659
[SHELL] ccA:292,2573764175,771909,4.798,37.765,0.000,35.000,4.86302,5.07106,23.80,-12.243,23.165,-12.243,23.165,-12.051,1.267,1.00000,74.342,19.037,41.973
[SHELL] ccB:292,2147514023,1,44.354,-33.022,-11.332,78.961,66.693,21.039,80.395,54.883,19.605
[SHELL] ccA:293,2573874183,771910,8.218,37.540,0.000,35.000,5.07519,5.28318,23.80,-12.384,23.167,-12.384,23.167,-12.055,1.265,1.00000,74.342,-5.134,30.318
[SHELL] ccB:293,24629,1,26.522,0.214,-26.736,75.834,76.721,23.279,78.961,66.693,21.039
[SHELL] ccA:294,2573984207,771911,4.776,32.900,0.000,35.000,5.30030,5.50826,23.80,-12.248,23.354,-12.248,23.354,-12.057,1.266,1.00000,74.782,10.334,28.994
[SHELL] ccB:294,2147514007,1,29.857,-8.449,-21.408,65.222,79.248,20.752,75.834,76.721,23.279
[SHELL] ccA:295,2574094183,771912,4.019,30.861,0.000,35.000,5.52171,5.72971,23.81,-12.220,23.438,-12.220,23.438,-12.059,1.269,1.00000,74.782,0.543,35.138
[SHELL] ccB:295,24629,1,24.638,9.383,-34.021,53.860,80.529,19.471,65.222,79.248,20.752
[SHELL] ccA:296,2574204167,771913,2.418,33.080,0.000,35.000,5.73917,5.94716,23.80,-12.157,23.350,-12.157,23.350,-12.061,1.269,1.00000,74.342,-1.745,33.050
[SHELL] ccB:296,2147514027,1,15.613,17.466,-33.079,42.377,80.349,19.651,53.860,80.529,19.471
[SHELL] ccA:297,2574314203,771914,4.551,35.384,0.000,35.000,5.95967,6.16767,23.81,-12.245,23.257,-12.245,23.257,-12.063,1.269,1.00000,74.342,21.151,40.298
[SHELL] ccB:297,24639,1,32.865,10.833,-43.698,30.867,78.557,21.443,42.377,80.349,19.651
[SHELL] ccA:298,2574424155,771915,9.237,36.415,0.000,35.000,6.17560,0.10041,23.79,-12.437,23.216,-12.437,23.216,-12.067,1.269,1.00000,74.342,-3.612,32.013
[SHELL] ccB:298,2147514033,1,-0.153,27.976,-27.823,22.441,77.559,26.648,30.867,78.557,21.443
[SHELL] ccA:299,2574534035,771916,6.941,35.022,0.000,35.000,0.11909,0.32708,23.73,-12.349,23.271,-12.349,23.271,-12.071,1.269,1.00000,74.342,13.835,35.764
[SHELL] ccB:299,24555,1,9.488,27.433,-36.920,20.135,79.865,37.765,22.441,77.559,26.648
[SHELL] ccA:300,2574643951,771917,8.101,36.310,0.000,35.000,0.34403,0.55206,23.62,-12.399,23.219,-12.399,23.219,-12.075,1.268,1.00000,74.342,8.348,41.700
[SHELL] ccB:300,2147514135,1,-6.206,39.538,-33.332,19.337,80.663,49.752,20.135,79.865,37.765
[SHELL] ccA:301,2574754131,771918,7.278,38.629,0.000,35.000,0.56611,0.77410,23.56,-12.370,23.124,-12.370,23.124,-12.079,1.266,1.00000,74.782,-1.419,35.354
[SHELL] ccB:301,24603,1,-20.160,35.261,-15.102,20.349,79.651,61.382,19.337,80.663,49.752
[SHELL] ccA:302,2574864335,771919,6.801,38.607,0.000,35.000,0.78912,0.99712,23.99,-12.354,23.124,-12.354,23.124,-12.082,1.264,1.00000,74.782,21.695,42.023
[SHELL] ccB:302,2147513943,1,-14.542,46.243,-31.701,22.539,77.461,72.427,20.349,79.651,61.382
[SHELL] ccA:303,2574974307,771920,8.692,38.122,0.000,35.000,1.00207,1.21021,23.93,-12.434,23.157,-12.434,23.157,-12.086,1.263,1.00000,74.342,-7.202,33.087
[SHELL] ccB:303,24691,1,-31.758,26.055,5.702,21.697,70.233,78.303,22.539,77.461,72.427
[SHELL] ccA:304,2575084315,771921,2.153,35.678,0.000,35.000,1.22690,1.43504,23.93,-12.174,23.255,-12.174,23.255,-12.087,1.262,1.00000,74.342,1.321,34.514
[SHELL] ccB:304,2147513953,1,-32.048,27.179,4.869,19.901,59.330,80.099,21.697,70.233,78.303
[SHELL] ccA:305,2575194339,771922,-0.061,35.069,0.000,35.000,1.44321,1.65136,23.94,-12.085,23.279,-12.085,23.279,-12.087,1.262,1.00000,74.342,4.315,38.162
[SHELL] ccB:305,24707,1,-37.303,26.563,10.740,19.465,48.106,80.535,19.901,59.330,80.099
[SHELL] ccA:306,2575304323,771923,0.853,35.624,0.000,35.000,1.67389,1.88204,23.93,-12.122,23.257,-12.122,23.257,-12.088,1.262,1.00000,74.342,-6.537,31.656
[SHELL] ccB:306,2147513949,1,-30.815,6.955,23.861,20.540,35.981,79.460,19.465,48.106,80.535
[SHELL] ccA:307,2575414299,771924,1.979,34.810,0.000,35.000,1.88577,2.09390,23.94,-12.168,23.289,-12.168,23.289,-12.089,1.262,1.00000,74.342,16.674,37.765
[SHELL] ccB:307,24687,1,-41.072,24.134,16.938,22.863,25.472,77.137,20.540,35.981,79.460
[SHELL] ccA:308,2575524271,771925,4.861,34.828,0.000,35.000,2.11005,2.31819,23.88,-12.286,23.289,-12.286,23.289,-12.091,1.262,1.00000,74.342,-7.367,32.126
[SHELL] ccB:308,2147513975,1,-23.784,-7.869,31.653,32.385,21.062,78.938,22.863,25.472,77.137
[SHELL] ccA:309,2575634287,771926,1.163,34.906,0.000,35.000,2.33449,2.54261,23.95,-12.138,23.286,-12.138,23.286,-12.092,1.262,1.00000,74.342,2.711,37.609
[SHELL] ccB:309,24681,1,-29.040,-6.310,35.350,43.739,19.624,80.376,32.385,21.062,78.938
[SHELL] ccA:310,2575744183,771927,1.707,37.630,0.000,35.000,2.55708,2.76522,23.82,-12.161,23.175,-12.161,23.175,-12.093,1.261,1.00000,74.782,8.774,43.177
[SHELL] ccB:310,2147514019,1,-31.142,-11.421,42.562,55.600,19.864,80.136,43.739,19.624,80.376
[SHELL] ccA:311,2575854223,771928,4.096,39.436,0.000,35.000,2.76521,2.97336,23.83,-12.259,23.101,-12.259,23.101,-12.095,1.259,1.00000,74.782,-3.873,33.783
[SHELL] ccB:311,24649,1,-8.815,-24.034,32.849,66.483,21.248,78.752,55.600,19.864,80.136
[SHELL] ccA:312,2575964199,771929,4.819,37.179,0.000,35.000,2.99278,3.20093,23.82,-12.290,23.190,-12.290,23.190,-12.097,1.258,1.00000,74.342,18.247,37.975
[SHELL] ccB:312,2147514011,1,-23.675,-18.343,42.019,76.823,23.177,75.413,66.483,21.248,78.752
[SHELL] ccA:313,2576074235,771930,7.347,35.536,0.000,35.000,3.21869,3.42683,23.83,-12.395,23.256,-12.395,23.256,-12.101,1.257,1.00000,74.342,-3.232,32.412
[SHELL] ccB:313,24655,1,5.718,-30.630,24.912,79.568,20.432,64.299,76.823,23.177,75.413
[SHELL] ccA:314,2576184183,771931,3.216,34.241,0.000,35.000,3.43572,3.64403,23.82,-12.231,23.326,-12.231,23.326,-12.102,1.258,1.00000,74.342,1.079,34.163
[SHELL] ccB:314,2147514019,1,8.872,-33.022,24.151,80.624,19.376,53.283,79.568,20.432,64.299
[SHELL] ccA:315,2576294211,771932,1.957,34.646,0.000,35.000,3.66072,3.86905,23.83,-12.182,23.310,-12.182,23.310,-12.103,1.258,1.00000,74.342,8.903,37.846
[SHELL] ccB:315,24643,1,11.046,-37.806,26.760,80.239,19.761,41.450,80.624,19.376,53.283
[SHELL] ccA:316,2576404239,771933,2.224,35.200,0.000,35.000,3.87609,4.08438,23.84,-12.193,23.288,-12.193,23.288,-12.105,1.258,1.00000,74.342,-9.991,30.942
[SHELL] ccB:316,2147513991,1,28.153,-28.165,0.012,78.462,21.538,30.428,80.239,19.761,41.450
[SHELL] ccA:317,2576514179,771934,0.508,33.883,0.000,35.000,4.10164,4.30996,23.79,-12.125,23.341,-12.125,23.341,-12.105,1.258,1.00000,74.342,13.110,35.801
[SHELL] ccB:317,24627,1,21.811,-37.987,16.177,77.631,27.063,22.369,78.462,21.538,30.428
[SHELL] ccA:318,2576624171,771935,3.172,34.091,0.000,35.000,4.32075,4.52907,23.80,-12.233,23.333,-12.233,23.333,-12.106,1.259,1.00000,74.782,-3.542,33.820
[SHELL] ccB:318,2147514025,1,32.611,-24.650,-7.962,79.748,38.260,20.252,77.631,27.063,22.369
[SHELL] ccA:319,2576734159,771936,1.707,35.191,0.000,35.000,4.54015,4.74847,23.79,-12.175,23.289,-12.175,23.289,-12.107,1.259,1.00000,74.782,0.802,37.324
[SHELL] ccB:319,24617,1,36.634,-24.541,-12.093,80.434,49.694,19.566,79.748,38.260,20.252
[SHELL] ccA:320,2576844167,771937,3.243,37.405,0.000,35.000,4.76588,4.97421,23.79,-12.239,23.200,-12.239,23.200,-12.109,1.258,1.00000,74.782,14.912,41.151
[SHELL] ccB:320,2147514027,1,41.890,-31.935,-9.955,79.620,61.669,20.380,80.434,49.694,19.566
[SHELL] ccA:321,2576954183,771938,6.231,37.297,0.000,35.000,4.98873,5.19700,23.77,-12.361,23.203,-12.361,23.203,-12.112,1.256,1.00000,74.782,-5.701,29.562
[SHELL] ccB:321,24629,1,26.885,-1.707,-25.177,77.408,72.961,22.592,79.620,61.669,20.380
[SHELL] ccA:322,2577064223,771939,3.885,33.369,0.000,35.000,5.20729,5.41560,23.85,-12.269,23.361,-12.269,23.361,-12.114,1.257,1.00000,74.782,12.032,33.200
[SHELL] ccB:322,2147513999,1,34.931,-12.979,-21.952,69.827,78.333,21.667,77.408,72.961,22.592
[SHELL] ccA:323,2577174183,771940,2.745,31.376,0.000,35.000,5.42327,5.63159,23.79,-12.225,23.442,-12.225,23.442,-12.115,1.259,1.00000,74.782,-7.383,29.543
[SHELL] ccB:323,24629,1,17.570,12.754,-30.324,59.019,80.172,19.828,69.827,78.333,21.667
[SHELL] ccA:324,2577284327,771941,-2.245,30.791,0.000,35.000,5.65054,5.85896,23.93,-12.024,23.468,-12.024,23.468,-12.114,1.261,1.00000,74.782,-6.246,30.879
[SHELL] ccB:324,2147513947,1,13.221,18.154,-31.375,47.395,80.500,19.500,59.019,80.172,19.828
[SHELL] ccA:325,2577394171,771942,-1.811,32.392,0.000,35.000,5.86923,6.07770,23.81,-12.041,23.420,-12.041,23.420,-12.113,1.262,1.00000,74.342,12.631,38.269
[SHELL] ccB:325,24623,1,26.957,12.464,-39.421,35.859,79.571,20.429,47.395,80.500,19.500
[SHELL] ccA:326,2577504191,771943,2.298,34.323,0.000,35.000,6.09400,0.01928,23.79,-12.206,23.343,-12.206,23.343,-12.114,1.263,1.00000,74.342,-9.825,29.876
[SHELL] ccB:326,2147514015,1,-4.031,29.027,-24.996,24.468,76.914,23.086,35.859,79.571,20.429
[SHELL] ccA:327,2577614095,771944,0.981,32.989,0.000,35.000,0.03201,0.24047,23.78,-12.154,23.398,-12.154,23.398,-12.115,1.264,1.00000,74.782,10.942,33.934
[SHELL] ccB:327,24585,1,9.850,24.751,-34.601,21.090,78.910,32.981,24.468,76.914,23.086
[SHELL] ccA:328,2577723983,771945,2.237,33.090,0.000,35.000,0.25634,0.46480,23.62,-12.205,23.395,-12.205,23.395,-12.116,1.265,1.00000,74.782,-3.112,34.617
[SHELL] ccB:328,2147514119,1,-11.787,34.210,-22.423,19.599,80.401,44.636,21.090,78.910,32.981
[SHELL] ccA:329,2577834035,771946,-0.288,34.531,0.000,35.000,0.47774,0.68623,23.69,-12.104,23.337,-12.104,23.337,-12.116,1.265,1.00000,74.342,-5.868,34.957
[SHELL] ccB:329,24555,1,-21.283,35.189,-13.906,19.586,80.414,56.219,19.599,80.401,44.636
[SHELL] ccA:330,2577944235,771947,-0.055,36.569,0.000,35.000,0.70085,0.90931,23.63,-12.114,23.255,-12.114,23.255,-12.116,1.264,1.00000,74.342,14.630,41.744
[SHELL] ccB:330,2147513993,1,-15.738,43.670,-27.932,21.227,78.773,67.760,19.586,80.414,56.219
[SHELL] ccA:331,2578054439,771948,2.843,38.138,0.000,35.000,0.91876,1.12725,24.08,-12.231,23.190,-12.231,23.190,-12.117,1.263,1.00000,74.342,-12.018,34.108
[SHELL] ccB:331,24757,1,-34.404,26.853,7.551,22.935,74.513,77.065,21.227,78.773,67.760
[SHELL] ccA:332,2578164431,771949,-1.521,36.787,0.000,35.000,1.15020,1.35866,24.01,-12.056,23.244,-12.056,23.244,-12.116,1.262,1.00000,74.342,3.322,37.189
[SHELL] ccB:332,2147513895,1,-32.591,32.072,0.520,20.501,63.443,79.499,22.935,74.513,77.065
[SHELL] ccA:333,2578274431,771950,-1.852,37.197,0.000,35.000,1.36648,1.57495,24.02,-12.041,23.226,-12.041,23.226,-12.116,1.261,1.00000,74.342,-2.035,40.302
[SHELL] ccB:333,24753,1,-39.876,25.294,14.582,19.549,52.172,80.451,20.501,63.443,79.499
[SHELL] ccA:334,2578384403,771951,-2.652,38.328,0.000,35.000,1.58454,1.79300,24.01,-12.008,23.179,-12.008,23.179,-12.114,1.259,1.00000,74.342,-9.859,35.521
[SHELL] ccB:334,2147513909,1,-35.382,8.731,26.651,20.063,40.747,79.937,19.549,52.172,80.451
[SHELL] ccA:335,2578494403,771952,-2.891,37.607,0.000,35.000,1.80946,2.01792,24.02,-11.997,23.207,-11.997,23.207,-12.113,1.258,1.00000,74.342,10.188,39.083
[SHELL] ccB:335,24739,1,-40.384,20.764,19.620,21.977,29.441,78.023,20.063,40.747,79.937
[SHELL] ccA:336,2578604327,771953,-1.240,36.474,0.000,35.000,2.03015,2.23890,23.96,-12.063,23.281,-12.063,23.281,-12.112,1.257,1.00000,74.342,-15.478,32.209
[SHELL] ccB:336,2147513947,1,-22.008,-13.378,35.386,28.203,22.168,77.832,21.977,29.441,78.023
[SHELL] ccA:337,2578714303,771954,-5.882,34.519,0.000,35.000,2.26080,2.46954,23.96,-11.874,23.359,-11.874,23.359,-12.109,1.257,1.00000,74.342,-2.760,34.574
[SHELL] ccB:337,24689,1,-24.908,-8.449,33.356,39.404,20.094,79.906,28.203,22.168,77.832
[SHELL] ccA:338,2578824559,771955,-6.220,34.953,0.000,35.000,2.47342,2.68216,23.90,-11.857,23.342,-11.857,23.342,-12.106,1.257,1.00000,74.342,-3.883,38.454
[SHELL] ccB:338,2147513831,1,-20.776,-17.836,38.612,50.559,19.503,80.497,39.404,20.094,79.906
[SHELL] ccA:339,2578933967,771956,-6.019,35.745,0.000,35.000,2.69599,2.90454,23.70,-11.862,23.310,-11.862,23.310,-12.103,1.257,1.00000,74.342,-13.551,31.500
[SHELL] ccB:339,24521,1,-1.349,-28.999,30.348,62.220,20.360,79.640,50.559,19.503,80.497
[SHELL] ccA:340,2579043735,771957,-4.743,34.842,0.000,35.000,2.91891,3.12766,23.35,-11.911,23.346,-11.911,23.346,-12.101,1.257,1.00000,74.342,12.010,37.916
[SHELL] ccB:340,2147514243,1,-20.087,-19.684,39.772,73.374,22.613,77.387,62.220,20.360,79.640
[SHELL] ccA:341,2579153735,771958,-0.197,34.786,0.000,35.000,3.13945,3.34820,23.36,-12.093,23.349,-12.093,23.349,-12.101,1.257,1.00000,74.342,-11.259,31.813
[SHELL] ccB:341,24405,1,11.191,-33.167,21.976,78.638,21.362,68.824,73.374,22.613,77.387
[SHELL] ccA:342,2579263731,771959,-2.905,33.940,0.000,35.000,3.35377,3.56254,23.36,-11.983,23.383,-11.983,23.383,-12.099,1.258,1.00000,74.782,-1.110,34.219
[SHELL] ccB:342,2147514245,1,8.292,-32.913,24.622,80.074,19.926,58.015,78.638,21.362,68.824
[SHELL] ccA:343,2579373727,771960,-2.590,34.632,0.000,35.000,3.58643,3.79513,23.36,-11.994,23.355,-11.994,23.355,-12.098,1.258,1.00000,74.782,3.120,38.279
[SHELL] ccB:343,24401,1,13.656,-37.915,24.259,80.306,19.694,45.751,80.074,19.926,58.015
[SHELL] ccA:344,2579483743,771961,-1.223,35.710,0.000,35.000,3.80342,4.01215,23.35,-12.048,23.312,-12.048,23.312,-12.097,1.257,1.00000,74.782,-10.021,32.063
[SHELL] ccB:344,2147514239,1,27.610,-30.376,2.767,79.029,20.971,34.426,80.306,19.694,45.751
[SHELL] ccA:345,2579593771,771962,-1.948,34.297,0.000,35.000,4.01247,4.22121,23.37,-12.018,23.369,-12.018,23.369,-12.096,1.258,1.00000,74.342,9.130,34.782
[SHELL] ccB:345,24423,1,20.723,-35.813,15.090,76.755,23.245,24.235,79.029,20.971,34.426
[SHELL] ccA:346,2579703739,771963,-1.231,33.184,0.000,35.000,4.24245,4.45122,23.39,-12.046,23.414,-12.046,23.414,-12.096,1.259,1.00000,74.342,-13.162,31.111
[SHELL] ccB:346,2147514241,1,33.699,-18.887,-14.812,79.216,33.813,20.784,76.755,23.245,24.235
[SHELL] ccA:347,2579813779,771964,-5.229,33.057,0.000,35.000,4.46038,4.66915,23.37,-11.884,23.422,-11.884,23.422,-12.093,1.260,1.00000,74.342,-3.723,35.224
[SHELL] ccB:347,24427,1,35.040,-22.004,-13.036,80.451,44.851,19.549,79.216,33.813,20.784
[SHELL] ccA:348,2579923755,771965,-4.552,35.136,0.000,35.000,4.67861,4.88737,23.38,-11.909,23.339,-11.909,23.339,-12.091,1.260,1.00000,74.342,2.398,38.985
[SHELL] ccB:348,2147514233,1,38.881,-22.656,-16.225,80.291,56.496,19.709,80.451,44.851,19.549
[SHELL] ccA:349,2580033755,771966,-2.732,35.417,0.000,35.000,4.90278,5.11154,23.37,-11.980,23.327,-11.980,23.327,-12.089,1.259,1.00000,74.342,-11.999,28.474
[SHELL] ccB:349,24415,1,25.689,2.026,-27.714,78.697,68.143,21.303,80.291,56.496,19.709
[SHELL] ccA:350,2580143767,771967,-3.513,32.102,0.000,35.000,5.12855,5.33731,23.39,-11.947,23.461,-11.947,23.461,-12.088,1.261,1.00000,74.342,7.547,32.477
[SHELL] ccB:350,2147514227,1,32.756,-10.986,-21.770,74.289,77.277,22.723,78.697,68.143,21.303
[SHELL] ccA:351,2580253751,771968,-2.219,30.808,0.000,35.000,5.34643,5.55519,23.37,-11.998,23.515,-11.998,23.515,-12.087,1.263,1.00000,74.782,-11.971,29.801
[SHELL] ccB:351,24413,1,16.918,15.182,-32.100,63.419,79.574,20.426,74.289,77.277,22.723
[SHELL] ccA:352,2580363759,771969,-5.332,31.433,0.000,35.000,5.57474,5.78350,23.38,-11.871,23.492,-11.871,23.492,-12.084,1.265,1.00000,74.782,-4.932,33.651
[SHELL] ccB:352,2147514231,1,18.150,15.835,-33.985,51.679,80.466,19.534,63.419,79.574,20.426
[SHELL] ccA:353,2580473759,771970,-3.762,33.694,0.000,35.000,5.78424,5.99301,23.38,-11.932,23.402,-11.932,23.402,-12.082,1.265,1.00000,74.342,6.787,37.671
[SHELL] ccB:353,24417,1,23.985,13.841,-37.826,40.443,80.099,19.901,51.679,80.466,19.534
[SHELL] ccA:354,2580583727,771971,-1.157,34.531,0.000,35.000,6.00143,6.21020,23.37,-12.035,23.369,-12.035,23.369,-12.081,1.266,1.00000,74.342,-13.270,29.131
[SHELL] ccB:354,2147514247,1,-4.647,29.752,-25.105,29.220,78.173,21.827,40.443,80.099,19.901
[SHELL] ccA:355,2580693851,771972,-2.717,32.433,0.000,35.000,6.22844,0.15405,23.46,-11.971,23.454,-11.971,23.454,-12.080,1.267,1.00000,74.342,8.884,33.799
[SHELL] ccB:355,24463,1,10.720,23.446,-34.166,22.005,77.995,28.277,29.220,78.173,21.827
[SHELL] ccA:356,2580803859,771973,-1.379,32.108,0.000,35.000,0.16130,0.37009,23.55,-12.024,23.469,-12.024,23.469,-12.079,1.268,1.00000,74.342,-10.015,31.704
[SHELL] ccB:356,2147514181,1,-14.977,33.195,-18.219,19.916,80.084,39.240,22.005,77.995,28.277
[SHELL] ccA:357,2580913803,771974,-4.250,33.181,0.000,35.000,0.38214,0.59085,23.47,-11.907,23.421,-11.907,23.421,-12.077,1.269,1.00000,74.342,-5.852,35.516
[SHELL] ccB:357,24439,1,-18.674,35.986,-17.312,19.396,80.604,50.742,19.916,80.084,39.240
[SHELL] ccA:358,2581024023,771975,-2.792,36.428,0.000,35.000,0.60696,0.81566,23.43,-11.964,23.290,-11.964,23.290,-12.076,1.268,1.00000,74.342,10.550,42.977
[SHELL] ccB:358,2147514099,1,-15.847,43.706,-27.859,20.394,79.606,62.712,19.396,80.604,50.742
[SHELL] ccA:359,2581134275,771976,1.176,38.849,0.000,35.000,0.82070,1.02939,23.94,-12.123,23.192,-12.123,23.192,-12.076,1.267,1.00000,74.342,-10.546,33.927
[SHELL] ccB:359,24675,1,-32.011,29.354,2.658,22.736,77.264,73.625,20.394,79.606,62.712
[SHELL] ccA:360,2581244151,771977,-0.176,36.720,0.000,35.000,1.04401,1.25272,23.81,-12.069,23.276,-12.069,23.276,-12.076,1.266,1.00000,74.342,9.840,36.047
[SHELL] ccB:360,2147514035,1,-26.212,36.167,-9.955,21.451,68.800,78.549,22.736,77.264,73.625
[SHELL] ccA:361,2581354199,771978,0.930,35.784,0.000,35.000,1.26311,1.47182,23.79,-12.114,23.313,-12.114,23.313,-12.077,1.265,1.00000,74.342,-5.415,37.116
[SHELL] ccB:361,24637,1,-37.013,23.772,13.241,19.709,57.573,80.291,21.451,68.800,78.549
[SHELL] ccA:362,2581464191,771979,-1.749,36.543,0.000,35.000,1.48060,1.68931,23.80,-12.006,23.282,-12.006,23.282,-12.076,1.265,1.00000,74.342,-6.008,35.893
[SHELL] ccB:362,2147514015,1,-36.288,15.762,20.526,19.562,46.249,80.438,19.709,57.573,80.291
[SHELL] ccA:363,2581574231,771980,-1.273,36.868,0.000,35.000,1.70034,1.90904,23.80,-12.024,23.268,-12.024,23.268,-12.075,1.264,1.00000,74.342,12.338,38.570
[SHELL] ccB:363,24653,1,-39.840,26.200,13.640,20.778,34.806,79.222,19.562,46.249,80.438
[SHELL] ccA:364,2581684247,771981,2.041,35.876,0.000,35.000,1.92641,2.13512,23.88,-12.158,23.307,-12.158,23.307,-12.076,1.263,1.00000,74.342,-10.501,30.471
[SHELL] ccB:364,2147513987,1,-24.908,-5.259,30.167,23.448,23.574,76.552,20.778,34.806,79.222
[SHELL] ccA:365,2581794195,771982,-0.446,33.268,0.000,35.000,2.14921,2.35785,23.83,-12.058,23.412,-12.058,23.412,-12.076,1.264,1.00000,74.342,6.883,33.563
[SHELL] ccB:365,24635,1,-31.867,5.034,26.833,33.885,20.767,79.233,23.448,23.574,76.552
[SHELL] ccA:366,2581904119,771983,0.040,33.143,0.000,35.000,2.36896,2.57767,23.77,-12.078,23.418,-12.078,23.418,-12.076,1.265,1.00000,74.342,-3.105,34.975
[SHELL] ccB:366,2147514051,1,-22.189,-12.472,34.661,45.340,19.423,80.577,33.885,20.767,79.233
[SHELL] ccA:367,2582014167,771984,-1.231,34.592,0.000,35.000,2.58470,2.79332,23.78,-12.026,23.352,-12.026,23.352,-12.076,1.265,1.00000,74.342,-5.597,34.857
[SHELL] ccB:367,24621,1,-13.672,-21.352,35.024,56.729,19.649,80.351,45.340,19.423,80.577
[SHELL] ccA:368,2582124171,771985,0.435,35.784,0.000,35.000,2.80832,3.01695,23.77,-12.093,23.304,-12.093,23.304,-12.076,1.265,1.00000,74.342,16.040,38.446
[SHELL] ccB:368,2147514025,1,-27.735,-13.052,40.786,68.366,21.312,78.688,56.729,19.649,80.351
[SHELL] ccA:369,2582234143,771986,5.052,36.225,0.000,35.000,3.03273,3.24136,23.77,-12.280,23.285,-12.280,23.285,-12.078,1.264,1.00000,74.342,-6.276,33.151
[SHELL] ccB:369,24609,1,2.638,-30.449,27.811,77.450,22.550,73.682,68.366,21.312,78.688
[SHELL] ccA:370,2582344167,771987,3.292,34.855,0.000,35.000,3.25081,3.45940,23.77,-12.212,23.340,-12.212,23.340,-12.080,1.264,1.00000,74.342,9.680,34.671
[SHELL] ccB:370,2147514027,1,-5.843,-27.839,33.683,79.752,20.248,63.013,77.450,22.550,73.682
[SHELL] ccA:371,2582454155,771988,3.422,34.539,0.000,35.000,3.47023,3.67885,23.77,-12.219,23.353,-12.219,23.353,-12.082,1.264,1.00000,74.342,0.605,35.663
[SHELL] ccB:371,24615,1,10.937,-34.870,23.933,80.691,19.309,51.483,79.752,20.248,63.013
[SHELL] ccA:372,2582564195,771989,0.937,34.678,0.000,35.000,3.68702,3.89565,23.84,-12.120,23.348,-12.120,23.348,-12.082,1.265,1.00000,74.342,-7.144,32.715
[SHELL] ccB:372,2147514013,1,23.079,-32.551,9.472,80.118,19.882,40.202,80.691,19.309,51.483
[SHELL] ccA:373,2582674123,771990,0.494,34.936,0.000,35.000,3.91495,4.12358,23.77,-12.102,23.337,-12.102,23.337,-12.082,1.265,1.00000,74.342,15.659,38.651
[SHELL] ccB:373,24599,1,15.794,-41.322,25.528,78.047,21.953,28.702,80.118,19.882,40.202
[SHELL] ccA:374,2582784115,771991,3.989,35.645,0.000,35.000,4.12899,4.33759,23.74,-12.244,23.309,-12.244,23.309,-12.084,1.264,1.00000,74.342,-8.219,32.564
[SHELL] ccB:374,2147514053,1,31.705,-25.447,-6.258,78.071,28.595,21.929,78.047,21.953,28.702
[SHELL] ccA:375,2582894139,771992,1.392,34.807,0.000,35.000,4.35453,4.56316,23.73,-12.141,23.342,-12.141,23.342,-12.085,1.264,1.00000,74.342,6.346,35.449
[SHELL] ccB:375,24607,1,30.980,-31.391,0.411,80.080,39.806,19.920,78.071,28.595,21.929
[SHELL] ccA:376,2583004111,771993,2.472,36.051,0.000,35.000,4.57739,4.78601,23.74,-12.185,23.292,-12.185,23.292,-12.086,1.264,1.00000,74.342,5.414,40.742
[SHELL] ccB:376,2147514055,1,39.643,-29.216,-10.426,80.606,51.698,19.394,80.080,39.806,19.920
[SHELL] ccA:377,2583114079,771994,3.529,37.035,0.000,35.000,4.80372,5.01253,23.73,-12.229,23.271,-12.229,23.271,-12.088,1.263,1.00000,74.342,-3.058,31.208
[SHELL] ccB:377,24577,1,30.799,-10.297,-20.502,79.592,63.656,20.408,80.606,51.698,19.394
[SHELL] ccA:378,2583224151,771995,4.095,35.341,0.000,35.000,5.01587,5.22471,23.81,-12.254,23.339,-12.254,23.339,-12.090,1.263,1.00000,74.342,17.082,38.204
[SHELL] ccB:378,2147514035,1,41.563,-25.012,-16.551,77.347,74.192,22.653,79.592,63.656,20.408
[SHELL] ccA:379,2583334123,771996,5.476,34.172,0.000,35.000,5.24218,5.45099,23.74,-12.312,23.386,-12.312,23.386,-12.093,1.263,1.00000,74.342,-9.204,29.069
[SHELL] ccB:379,24599,1,20.433,9.383,-29.817,68.166,78.946,21.054,77.347,74.192,22.653
[SHELL] ccA:380,2583444119,771997,-0.575,32.412,0.000,35.000,5.46286,5.67166,23.74,-12.070,23.458,-12.070,23.458,-12.093,1.264,1.00000,74.342,-0.974,33.307
[SHELL] ccB:380,2147514051,1,23.695,8.441,-32.136,57.234,80.446,19.554,68.166,78.946,21.054
[SHELL] ccA:381,2583554115,771998,-1.937,33.751,0.000,35.000,5.68354,5.89235,23.74,-12.014,23.405,-12.014,23.405,-12.092,1.265,1.00000,74.342,3.402,39.322
[SHELL] ccB:381,24595,1,25.000,13.950,-38.950,45.578,80.541,19.459,57.234,80.446,19.554
[SHELL] ccA:382,2583664127,771999,-0.558,35.773,0.000,35.000,5.89677,6.10557,23.74,-12.069,23.324,-12.069,23.324,-12.091,1.265,1.00000,74.342,-8.061,31.139
[SHELL] ccB:382,2147514047,1,4.269,25.475,-29.744,34.346,79.227,20.773,45.578,80.541,19.459
[SHELL] ccA:383,2583774139,772000,0.847,34.693,0.000,35.000,6.12469,0.05035,23.81,-12.126,23.367,-12.126,23.367,-12.092,1.265,1.00000,74.342,16.110,37.170
[SHELL] ccB:383,24607,1,21.774,18.698,-40.472,23.358,76.642,23.691,34.346,79.227,20.773
[SHELL] ccA:384,2583883963,772001,4.668,34.411,0.000,35.000,0.06556,0.27437,23.65,-12.281,23.379,-12.281,23.379,-12.094,1.265,1.00000,74.342,-5.488,32.163
[SHELL] ccB:384,2147514129,1,-7.583,31.275,-23.691,20.514,79.486,34.807,23.358,76.642,23.691
[SHELL] ccA:385,2583993923,772002,1.845,34.797,0.000,35.000,0.28527,0.49409,23.63,-12.169,23.363,-12.169,23.363,-12.095,1.265,1.00000,74.342,2.244,37.690
[SHELL] ccB:385,24499,1,-8.453,36.095,-27.642,19.395,80.605,46.128,20.514,79.486,34.807
[SHELL] ccA:386,2584103879,772003,1.722,36.897,0.000,35.000,0.49761,0.70642,23.56,-12.165,23.278,-12.165,23.278,-12.096,1.264,1.00000,74.342,7.885,40.047
[SHELL] ccB:386,2147514171,1,-12.186,39.828,-27.642,19.706,80.294,57.435,19.395,80.605,46.128
[SHELL] ccA:387,2584214067,772004,1.931,37.373,0.000,35.000,0.72394,0.93275,23.48,-12.174,23.258,-12.174,23.258,-12.097,1.263,1.00000,74.342,-10.292,31.710
[SHELL] ccB:387,24571,1,-28.713,29.027,-0.314,21.464,78.536,69.044,19.706,80.294,57.435
[SHELL] ccA:388,2584324299,772005,0.515,35.036,0.000,35.000,0.94664,1.15540,23.93,-12.118,23.345,-12.118,23.345,-12.097,1.263,1.00000,74.342,14.756,36.677
[SHELL] ccB:388,2147513961,1,-21.138,39.502,-18.364,22.547,73.572,77.453,21.464,78.536,69.044
[SHELL] ccA:389,2584434259,772006,3.069,34.498,0.000,35.000,1.16981,1.37857,23.87,-12.221,23.367,-12.221,23.367,-12.099,1.263,1.00000,74.342,-6.946,32.927
[SHELL] ccB:389,24667,1,-33.026,22.105,10.922,20.118,62.334,79.882,22.547,73.572,77.453
[SHELL] ccA:390,2584544279,772007,0.350,34.828,0.000,35.000,1.38812,1.59687,23.86,-12.113,23.354,-12.113,23.354,-12.099,1.263,1.00000,74.342,0.537,36.780
[SHELL] ccB:390,2147513971,1,-36.071,24.279,11.791,19.358,51.012,80.642,20.118,62.334,79.882
[SHELL] ccA:391,2584654259,772008,1.844,36.363,0.000,35.000,1.60898,1.81773,23.87,-12.173,23.292,-12.173,23.292,-12.100,1.263,1.00000,74.342,13.248,38.964
[SHELL] ccB:391,24667,1,-39.441,29.897,9.544,20.025,39.209,79.975,19.358,51.012,80.642
[SHELL] ccA:392,2584764247,772009,4.809,36.849,0.000,35.000,1.83982,2.04854,23.86,-12.294,23.272,-12.294,23.272,-12.102,1.262,1.00000,74.342,-7.798,32.687
[SHELL] ccB:392,2147513987,1,-29.438,0.685,28.753,22.262,27.372,77.738,20.025,39.209,79.975
[SHELL] ccA:393,2584874215,772010,2.531,34.442,0.000,35.000,2.05755,2.26630,23.82,-12.205,23.368,-12.205,23.368,-12.103,1.262,1.00000,74.342,12.473,33.430
[SHELL] ccB:393,24645,1,-35.382,13.696,21.686,29.581,21.642,78.358,22.262,27.372,77.738
[SHELL] ccA:394,2584984171,772011,2.194,32.730,0.000,35.000,2.26812,2.47688,23.81,-12.192,23.438,-12.192,23.438,-12.104,1.263,1.00000,74.342,-8.371,31.373
[SHELL] ccB:394,2147514025,1,-18.674,-13.668,32.342,40.192,19.749,80.251,29.581,21.642,78.358
[SHELL] ccA:395,2585094107,772012,-2.654,32.568,0.000,35.000,2.49115,2.69990,23.76,-11.997,23.446,-11.997,23.446,-12.103,1.264,1.00000,74.342,-6.350,34.096
[SHELL] ccB:395,24591,1,-15.593,-19.032,34.625,51.661,19.335,80.665,40.192,19.749,80.251
[SHELL] ccA:396,2585204151,772013,-1.668,34.955,0.000,35.000,2.71976,2.92851,23.75,-12.036,23.350,-12.036,23.350,-12.102,1.264,1.00000,74.342,14.399,40.257
[SHELL] ccB:396,2147514035,1,-29.619,-11.892,41.511,63.772,20.449,79.551,51.661,19.335,80.665
[SHELL] ccA:397,2585314131,772014,4.043,36.770,0.000,35.000,2.94377,3.15252,23.76,-12.266,23.277,-12.266,23.277,-12.104,1.264,1.00000,74.342,-6.278,32.471
[SHELL] ccB:397,24603,1,-0.226,-28.528,28.753,75.261,23.042,76.958,63.772,20.449,79.551
[SHELL] ccA:398,2585424135,772015,4.111,35.164,0.000,35.000,3.16361,3.37252,23.77,-12.271,23.355,-12.271,23.355,-12.106,1.263,1.00000,74.342,14.601,35.458
[SHELL] ccB:398,2147514043,1,-13.817,-24.070,37.887,79.050,20.950,67.376,75.261,23.042,76.958
[SHELL] ccA:399,2585534183,772016,5.418,34.659,0.000,35.000,3.38486,3.59375,23.77,-12.326,23.375,-12.326,23.375,-12.109,1.264,1.00000,74.342,-1.252,35.248
[SHELL] ccB:399,24629,1,9.705,-34.218,24.513,80.599,19.401,55.842,79.050,20.950,67.376
[SHELL] ccA:400,2585644203,772017,1.728,34.918,0.000,35.000,3.60620,3.81509,23.85,-12.179,23.365,-12.179,23.365,-12.110,1.264,1.00000,74.342,-5.187,33.717
[SHELL] ccB:400,2147514009,1,19.745,-33.964,14.220,80.519,19.481,44.333,80.599,19.401,55.842
[SHELL] ccA:401,2585754211,772018,0.646,35.515,0.000,35.000,3.83030,4.03919,23.83,-12.136,23.341,-12.136,23.341,-12.110,1.263,1.00000,74.342,14.210,39.377
[SHELL] ccB:401,24643,1,14.054,-41.177,27.122,78.994,21.006,32.806,80.519,19.481,44.333
[SHELL] ccA:402,2585864203,772019,3.003,36.336,0.000,35.000,4.05379,4.26267,23.80,-12.232,23.307,-12.232,23.307,-12.112,1.263,1.00000,74.342,-11.220,32.874
[SHELL] ccB:402,2147514009,1,32.865,-26.172,-6.693,77.055,25.004,22.945,78.994,21.006,32.806
[SHELL] ccA:403,2585974199,772020,-0.586,35.307,0.000,35.000,4.27366,4.48255,23.79,-12.088,23.348,-12.088,23.348,-12.111,1.263,1.00000,74.342,5.884,36.102
[SHELL] ccB:403,24637,1,30.183,-32.986,2.803,79.471,35.558,20.529,77.055,25.004,22.945
[SHELL] ccA:404,2586084219,772021,-0.216,35.760,0.000,35.000,4.49267,4.70160,23.87,-12.103,23.330,-12.103,23.330,-12.111,1.262,1.00000,74.342,-1.415,37.964
[SHELL] ccB:404,2147514001,1,37.359,-24.650,-12.709,80.569,47.040,19.431,79.471,35.558,20.529
[SHELL] ccA:405,2586195035,772022,-0.529,36.564,0.000,35.000,4.72307,4.93195,23.93,-12.090,23.297,-12.090,23.297,-12.111,1.261,1.00000,74.342,-5.171,34.227
[SHELL] ccB:405,25055,1,34.170,-12.291,-21.879,80.111,59.203,19.889,80.569,47.040,19.431
[SHELL] ccA:406,2586304187,772023,0.497,37.011,0.000,35.000,4.93358,5.14247,23.80,-12.131,23.278,-12.131,23.278,-12.111,1.260,1.00000,74.342,13.746,41.628
[SHELL] ccB:406,2147514017,1,43.629,-25.520,-18.110,78.318,69.985,21.682,80.111,59.203,19.889
[SHELL] ccA:407,2586414215,772024,2.513,36.923,0.000,35.000,5.15252,5.36142,23.87,-12.213,23.281,-12.213,23.281,-12.113,1.259,1.00000,74.342,-12.271,30.207
[SHELL] ccB:407,24645,1,22.101,9.709,-31.810,72.528,77.726,22.274,78.318,69.985,21.682
[SHELL] ccA:408,2586524207,772025,-2.268,33.640,0.000,35.000,5.38243,5.59132,23.80,-12.021,23.413,-12.021,23.413,-12.111,1.260,1.00000,74.342,1.723,32.519
[SHELL] ccB:408,2147514007,1,26.559,3.041,-29.599,61.460,79.936,20.064,72.528,77.726,22.274
[SHELL] ccA:409,2586634191,772026,-2.385,33.092,0.000,35.000,5.60182,5.81082,23.81,-12.015,23.447,-12.015,23.447,-12.110,1.261,1.00000,74.342,-0.717,37.124
[SHELL] ccB:409,24633,1,22.825,13.950,-36.775,49.938,80.692,19.308,61.460,79.936,20.064
[SHELL] ccA:410,2586744175,772027,-1.931,34.685,0.000,35.000,5.81840,6.02744,23.77,-12.032,23.384,-12.032,23.384,-12.109,1.261,1.00000,74.342,-8.014,31.974
[SHELL] ccB:410,2147514023,1,7.168,24.279,-31.448,38.448,79.900,20.100,49.938,80.692,19.308
[SHELL] ccA:411,2586854191,772028,-0.239,34.904,0.000,35.000,6.04116,6.25015,23.80,-12.100,23.375,-12.100,23.375,-12.109,1.261,1.00000,74.342,15.787,38.546
[SHELL] ccB:411,24633,1,24.565,16.849,-41.415,27.158,77.681,22.319,38.448,79.900,20.100
[SHELL] ccA:412,2586964103,772029,3.846,35.046,0.000,35.000,6.26883,0.19464,23.81,-12.265,23.370,-12.265,23.370,-12.111,1.261,1.00000,74.342,-8.176,31.118
[SHELL] ccB:412,2147514059,1,-7.728,30.912,-23.184,21.327,78.673,30.781,27.158,77.681,22.319
[SHELL] ccA:413,2587073995,772030,1.082,33.833,0.000,35.000,0.20016,0.40916,23.68,-12.155,23.419,-12.155,23.419,-12.112,1.262,1.00000,74.342,4.893,34.548
[SHELL] ccB:413,24535,1,-2.074,31.202,-29.128,19.652,80.348,41.556,21.327,78.673,30.781
[SHELL] ccA:414,2587183991,772031,1.486,34.622,0.000,35.000,0.41988,0.62881,23.62,-12.172,23.387,-12.172,23.387,-12.112,1.262,1.00000,74.342,4.335,38.272
[SHELL] ccB:414,2147514115,1,-11.642,37.617,-25.975,19.345,80.655,53.269,19.652,80.348,41.556
[SHELL] ccA:415,2587294179,772032,1.235,35.911,0.000,35.000,0.64172,0.85072,23.57,-12.162,23.335,-12.162,23.335,-12.113,1.262,1.00000,74.342,-8.623,32.554
[SHELL] ccB:415,24627,1,-26.394,31.311,-4.917,20.573,79.427,64.877,19.345,80.655,53.269
[SHELL] ccA:416,2587404367,772033,0.922,35.795,0.000,35.000,0.86169,1.07069,24.01,-12.150,23.339,-12.150,23.339,-12.113,1.261,1.00000,74.342,16.599,39.801
[SHELL] ccB:416,2147513927,1,-19.399,43.054,-23.655,23.151,76.849,75.615,20.573,79.427,64.877
[SHELL] ccA:417,2587514379,772034,4.054,36.652,0.000,35.000,1.08496,1.29396,23.95,-12.278,23.304,-12.278,23.304,-12.116,1.260,1.00000,74.342,-8.358,34.451
[SHELL] ccB:417,24727,1,-34.367,24.714,9.653,20.830,66.494,79.170,23.151,76.849,75.615
[SHELL] ccA:418,2587624359,772035,0.595,36.289,0.000,35.000,1.30449,1.51349,23.94,-12.140,23.318,-12.140,23.318,-12.116,1.260,1.00000,74.342,2.496,36.454
[SHELL] ccB:418,2147513931,1,-34.512,27.650,6.862,19.531,55.344,80.469,20.830,66.494,79.170
[SHELL] ccA:419,2587734367,772036,1.363,36.487,0.000,35.000,1.52768,1.73658,23.93,-12.171,23.306,-12.171,23.306,-12.116,1.259,1.00000,74.342,8.819,38.589
[SHELL] ccB:419,24721,1,-38.173,28.158,10.015,19.604,43.467,80.396,19.531,55.344,80.469
[SHELL] ccA:420,2587844359,772037,3.088,36.133,0.000,35.000,1.73727,1.94624,23.94,-12.242,23.320,-12.242,23.320,-12.118,1.258,1.00000,74.342,-7.782,30.901
[SHELL] ccB:420,2147513931,1,-29.184,3.512,25.673,21.027,32.516,78.973,19.604,43.467,80.396
[SHELL] ccA:421,2587954323,772038,1.463,33.525,0.000,35.000,1.96468,2.17365,23.95,-12.177,23.425,-12.177,23.425,-12.119,1.259,1.00000,74.342,12.595,33.710
[SHELL] ccB:421,24699,1,-35.962,16.849,19.113,24.999,22.843,77.157,21.027,32.516,78.973
[SHELL] ccA:422,2588064235,772039,2.453,32.347,0.000,35.000,2.18724,2.39621,23.90,-12.218,23.473,-12.218,23.473,-12.120,1.260,1.00000,74.342,-7.595,31.066
[SHELL] ccB:422,2147513993,1,-20.957,-10.442,31.399,35.992,20.253,79.747,24.999,22.843,77.157
[SHELL] ccA:423,2588174231,772040,-0.445,33.097,0.000,35.000,2.41153,2.62050,23.84,-12.102,23.444,-12.102,23.444,-12.120,1.261,1.00000,74.342,0.814,36.547
[SHELL] ccB:423,24653,1,-24.980,-10.623,35.604,47.628,19.296,80.704,35.992,20.253,79.747
[SHELL] ccA:424,2588284227,772041,2.029,36.204,0.000,35.000,2.62720,2.83617,23.83,-12.202,23.319,-12.202,23.319,-12.121,1.261,1.00000,74.342,14.083,40.659
[SHELL] ccB:424,2147513997,1,-32.265,-8.521,40.786,59.332,19.818,80.182,47.628,19.296,80.704
[SHELL] ccA:425,2588394211,772042,6.156,37.493,0.000,35.000,2.85373,3.06270,23.83,-12.370,23.267,-12.370,23.267,-12.124,1.260,1.00000,74.342,-4.358,32.109
[SHELL] ccB:425,24643,1,-4.937,-25.266,30.203,71.182,21.845,78.155,59.332,19.818,80.182
[SHELL] ccA:426,2588504255,772043,6.184,35.433,0.000,35.000,3.07459,3.28359,23.90,-12.374,23.349,-12.374,23.349,-12.127,1.259,1.00000,74.342,19.367,36.857
[SHELL] ccB:426,2147513983,1,-21.791,-19.829,41.620,78.135,21.865,71.637,71.182,21.845,78.155
[SHELL] ccA:427,2588614219,772044,8.155,35.061,0.000,35.000,3.29588,3.50485,23.83,-12.457,23.364,-12.457,23.364,-12.131,1.259,1.00000,74.342,-1.754,34.419
[SHELL] ccB:427,24647,1,7.023,-32.732,25.709,80.265,19.735,60.304,78.135,21.865,71.637
[SHELL] ccA:428,2588724223,772045,3.465,34.976,0.000,35.000,3.51170,3.72067,23.84,-12.271,23.367,-12.271,23.367,-12.133,1.259,1.00000,74.342,-1.998,34.206
[SHELL] ccB:428,2147513999,1,14.236,-34.109,19.874,80.742,19.258,49.177,80.265,19.735,60.304
[SHELL] ccA:429,2588834231,772046,2.088,35.969,0.000,35.000,3.73598,3.94491,23.83,-12.217,23.323,-12.217,23.323,-12.134,1.259,1.00000,74.342,14.103,41.043
[SHELL] ccB:429,24653,1,11.300,-41.938,30.638,79.802,20.198,37.442,80.742,19.258,49.177
[SHELL] ccA:430,2588944223,772047,5.041,37.745,0.000,35.000,3.95823,4.16716,23.86,-12.338,23.251,-12.338,23.251,-12.136,1.257,1.00000,74.342,-6.045,34.689
[SHELL] ccB:430,2147513999,1,29.422,-31.464,2.042,77.390,22.610,26.126,79.802,20.198,37.442
[SHELL] ccA:431,2589054175,772048,4.011,36.667,0.000,35.000,4.17956,4.38849,23.79,-12.299,23.293,-12.299,23.293,-12.138,1.257,1.00000,74.342,14.031,36.246
[SHELL] ccB:431,24625,1,24.094,-38.459,14.365,78.699,31.193,21.301,77.390,22.610,26.126
[SHELL] ccA:432,2589164151,772049,5.425,35.913,0.000,35.000,4.39507,4.60401,23.80,-12.358,23.323,-12.358,23.323,-12.141,1.256,1.00000,74.342,-0.317,36.472
[SHELL] ccB:432,2147514035,1,34.750,-26.969,-7.780,80.426,42.320,19.574,78.699,31.193,21.301
[SHELL] ccA:433,2589274183,772050,3.208,36.136,0.000,35.000,4.61969,4.82863,23.80,-12.271,23.313,-12.271,23.313,-12.143,1.256,1.00000,74.342,-0.567,35.356
[SHELL] ccB:433,24629,1,35.257,-19.974,-15.283,80.599,54.097,19.401,80.426,42.320,19.574
[SHELL] ccA:434,2589384187,772051,3.977,37.127,0.000,35.000,4.84294,5.05187,23.80,-12.304,23.272,-12.304,23.272,-12.145,1.255,1.00000,74.342,17.359,41.322
[SHELL] ccB:434,2147514017,1,43.231,-31.862,-11.368,79.276,65.809,20.724,80.599,54.097,19.401
[SHELL] ccA:435,2589494183,772052,6.892,36.978,0.000,35.000,5.05828,5.26722,23.80,-12.424,23.277,-12.424,23.277,-12.148,1.254,1.00000,74.342,-6.583,29.909
[SHELL] ccB:435,24629,1,25.906,1.192,-27.098,76.651,76.522,23.349,79.276,65.809,20.724
[SHELL] ccA:436,2589604183,772053,3.720,33.128,0.000,35.000,5.28723,5.49616,23.80,-12.299,23.432,-12.299,23.432,-12.150,1.255,1.00000,74.342,10.686,31.372
[SHELL] ccB:436,2147514019,1,32.140,-9.065,-23.075,65.967,79.418,20.582,76.651,76.522,23.349
[SHELL] ccA:437,2589714203,772054,3.527,31.832,0.000,35.000,5.50558,5.71452,23.81,-12.293,23.486,-12.293,23.486,-12.152,1.256,1.00000,74.342,-0.680,34.672
[SHELL] ccB:437,24639,1,23.840,9.891,-33.731,54.619,80.765,19.235,65.967,79.418,20.582
[SHELL] ccA:438,2589824211,772055,1.605,33.484,0.000,35.000,5.72704,5.93598,23.81,-12.217,23.420,-12.217,23.420,-12.153,1.257,1.00000,74.342,-2.905,33.219
[SHELL] ccB:438,2147514005,1,15.069,18.227,-33.296,42.901,80.498,19.502,54.619,80.765,19.235
[SHELL] ccA:439,2589934291,772056,3.522,35.474,0.000,35.000,5.94761,6.15660,23.94,-12.295,23.343,-12.295,23.343,-12.154,1.257,1.00000,74.342,20.581,40.787
[SHELL] ccB:439,24683,1,32.865,11.050,-43.915,31.336,78.783,21.217,42.901,80.498,19.502
[SHELL] ccA:440,2590044147,772057,8.622,37.060,0.000,35.000,6.17012,0.09589,23.80,-12.503,23.278,-12.503,23.278,-12.159,1.256,1.00000,74.342,-3.770,33.448
[SHELL] ccB:440,2147514037,1,0.028,29.136,-29.164,22.396,77.604,26.407,31.336,78.783,21.217
[SHELL] ccA:441,2590154175,772058,6.265,35.683,0.000,35.000,0.10661,0.31566,23.86,-12.412,23.333,-12.412,23.333,-12.162,1.255,1.00000,74.342,12.017,35.049
[SHELL] ccB:441,24625,1,8.219,27.179,-35.398,20.114,79.886,37.187,22.396,77.604,26.407
[SHELL] ccA:442,2590263923,772059,6.437,35.517,0.000,35.000,0.32427,0.53323,23.61,-12.422,23.339,-12.422,23.339,-12.165,1.255,1.00000,74.342,5.485,38.524
[SHELL] ccB:442,2147514149,1,-7.076,36.675,-29.599,19.210,80.790,48.674,20.114,79.886,37.187
[SHELL] ccA:443,2590374151,772060,5.354,37.264,0.000,35.000,0.55506,0.76404,23.57,-12.382,23.268,-12.382,23.268,-12.168,1.254,1.00000,74.342,-1.570,36.960
[SHELL] ccB:443,24613,1,-20.812,36.892,-16.080,19.944,80.056,60.871,19.210,80.790,48.674
[SHELL] ccA:444,2590484387,772061,6.031,38.929,0.000,35.000,0.76807,0.97702,23.95,-12.412,23.200,-12.412,23.200,-12.171,1.252,1.00000,74.342,21.782,43.273
[SHELL] ccB:444,2147513917,1,-14.397,47.258,-32.861,22.027,77.973,71.700,19.944,80.056,60.871
[SHELL] ccA:445,2590594383,772062,9.245,39.326,0.000,35.000,0.99701,1.20600,24.02,-12.545,23.182,-12.545,23.182,-12.175,1.250,1.00000,74.342,-5.012,33.797
[SHELL] ccB:445,24729,1,-31.105,27.795,3.310,21.628,70.336,78.372,22.027,77.973,71.700
[SHELL] ccA:446,2590704375,772063,4.925,36.899,0.000,35.000,1.21805,1.42704,24.00,-12.375,23.278,-12.375,23.278,-12.178,1.249,1.00000,74.342,7.943,36.727
[SHELL] ccB:446,2147513923,1,-31.722,33.304,-1.583,19.779,59.457,80.221,21.628,70.336,78.372
[SHELL] ccA:447,2590814327,772064,4.229,36.683,0.000,35.000,1.43662,1.64558,23.93,-12.349,23.286,-12.349,23.286,-12.180,1.248,1.00000,74.342,6.042,39.481
[SHELL] ccB:447,24701,1,-38.318,28.919,9.399,19.319,47.937,80.681,19.779,59.457,80.221
[SHELL] ccA:448,2590924283,772065,3.501,36.868,0.000,35.000,1.66164,1.87059,23.93,-12.322,23.277,-12.322,23.277,-12.182,1.247,1.00000,74.342,-6.023,31.783
[SHELL] ccB:448,2147513969,1,-31.105,7.861,23.244,20.374,36.182,79.626,19.319,47.937,80.681
[SHELL] ccA:449,2591034299,772066,2.632,34.947,0.000,35.000,1.88611,2.09524,23.93,-12.288,23.373,-12.288,23.373,-12.183,1.247,1.00000,74.342,16.532,36.742
[SHELL] ccB:449,24687,1,-40.058,23.772,16.286,22.785,25.166,77.215,20.374,36.182,79.626
[SHELL] ccA:450,2591144315,772067,4.797,34.344,0.000,35.000,2.10958,2.31873,23.95,-12.377,23.397,-12.377,23.397,-12.185,1.247,1.00000,74.342,-7.853,32.109
[SHELL] ccB:450,2147513953,1,-23.530,-8.340,31.870,32.377,20.892,79.108,22.785,25.166,77.215
[SHELL] ccA:451,2591254243,772068,0.544,34.210,0.000,35.000,2.33233,2.54146,23.89,-12.207,23.403,-12.207,23.403,-12.186,1.248,1.00000,74.342,1.351,35.880
[SHELL] ccB:451,24659,1,-26.901,-7.144,34.045,43.659,19.470,80.530,32.377,20.892,79.108
[SHELL] ccA:452,2591364199,772069,0.446,36.324,0.000,35.000,2.55719,2.76632,23.82,-12.204,23.318,-12.204,23.318,-12.186,1.247,1.00000,74.342,6.935,41.429
[SHELL] ccB:452,2147514011,1,-28.641,-12.291,40.931,55.665,19.516,80.484,43.659,19.470,80.530
[SHELL] ccA:453,2591474215,772070,2.211,38.378,0.000,35.000,2.77126,2.98038,23.82,-12.275,23.234,-12.275,23.234,-12.187,1.245,1.00000,74.342,-6.377,34.774
[SHELL] ccB:453,24645,1,-6.641,-26.752,33.393,66.922,20.990,79.010,55.665,19.516,80.484
[SHELL] ccA:454,2591584211,772071,2.862,37.521,0.000,35.000,2.98966,3.19879,23.82,-12.303,23.267,-12.303,23.267,-12.188,1.244,1.00000,74.342,17.267,39.107
[SHELL] ccB:454,2147514005,1,-22.987,-19.721,42.707,76.854,23.146,75.628,66.922,20.990,79.010
[SHELL] ccA:455,2591694211,772072,5.575,36.540,0.000,35.000,3.21772,3.42684,23.83,-12.414,23.305,-12.414,23.305,-12.191,1.243,1.00000,74.342,-5.858,33.174
[SHELL] ccB:455,24643,1,8.364,-32.442,24.078,79.625,20.375,64.340,76.854,23.146,75.628
[SHELL] ccA:456,2591804219,772073,1.820,35.333,0.000,35.000,3.43935,3.64848,23.83,-12.265,23.353,-12.265,23.353,-12.192,1.243,1.00000,74.342,1.731,35.879
[SHELL] ccB:456,2147514001,1,8.872,-34.581,25.709,80.679,19.321,53.017,79.625,20.375,64.340
[SHELL] ccA:457,2591914207,772074,1.975,35.955,0.000,35.000,3.65518,3.86431,23.83,-12.272,23.328,-12.272,23.328,-12.193,1.243,1.00000,74.342,10.295,38.890
[SHELL] ccB:457,24641,1,10.140,-38.785,28.645,80.315,19.685,41.537,80.679,19.321,53.017
[SHELL] ccA:458,2592024207,772075,3.252,36.210,0.000,35.000,3.87926,4.08839,23.83,-12.325,23.317,-12.325,23.317,-12.195,1.242,1.00000,74.342,-9.313,31.182
[SHELL] ccB:458,2147514007,1,27.863,-28.492,0.628,78.465,21.535,29.973,80.315,19.685,41.537
[SHELL] ccA:459,2592134183,772076,1.526,33.973,0.000,35.000,4.10885,4.31798,23.79,-12.256,23.407,-12.256,23.407,-12.195,1.243,1.00000,74.342,14.435,34.637
[SHELL] ccB:459,24629,1,20.325,-37.480,17.155,77.905,27.502,22.095,78.465,21.535,29.973
[SHELL] ccA:460,2592244163,772077,3.878,33.338,0.000,35.000,4.32598,4.53521,23.79,-12.352,23.444,-12.352,23.444,-12.197,1.243,1.00000,74.342,-4.044,32.896
[SHELL] ccB:460,2147514029,1,31.995,-23.490,-8.505,80.153,38.549,19.847,77.905,27.502,22.095
[SHELL] ccA:461,2592354179,772078,1.434,34.281,0.000,35.000,4.54261,4.75183,23.79,-12.255,23.406,-12.255,23.406,-12.198,1.244,1.00000,74.342,-0.613,36.696
[SHELL] ccB:461,24627,1,36.272,-22.983,-13.289,80.778,49.903,19.222,80.153,38.549,19.847
[SHELL] ccA:462,2592464147,772079,2.115,36.791,0.000,35.000,4.77005,4.97928,23.79,-12.284,23.305,-12.284,23.305,-12.199,1.243,1.00000,74.342,13.729,40.876
[SHELL] ccB:462,2147514037,1,41.600,-30.630,-10.970,79.892,62.034,20.108,80.778,49.903,19.222
[SHELL] ccA:463,2592574215,772080,5.282,36.982,0.000,35.000,4.99838,5.20757,23.79,-12.413,23.296,-12.413,23.296,-12.202,1.242,1.00000,74.342,-5.718,29.478
[SHELL] ccB:463,24645,1,26.667,-1.381,-25.286,77.538,73.700,22.462,79.892,62.034,20.108
[SHELL] ccA:464,2592684167,772081,3.800,33.336,0.000,35.000,5.21534,5.42456,23.79,-12.356,23.443,-12.356,23.443,-12.204,1.243,1.00000,74.342,12.906,33.512
[SHELL] ccB:464,2147514027,1,35.583,-13.595,-21.988,69.513,78.741,21.259,77.538,73.700,22.462
[SHELL] ccA:465,2592794179,772082,3.357,32.302,0.000,35.000,5.43288,5.64212,23.87,-12.340,23.486,-12.340,23.486,-12.205,1.244,1.00000,74.342,-6.666,32.705
[SHELL] ccB:465,24627,1,20.180,12.935,-33.115,58.385,80.524,19.476,69.513,78.741,21.259
[SHELL] ccA:466,2592904191,772083,-1.483,32.743,0.000,35.000,5.66487,5.87410,23.79,-12.145,23.469,-12.145,23.469,-12.205,1.245,1.00000,74.342,-5.506,32.049
[SHELL] ccB:466,2147514015,1,14.091,18.335,-32.426,46.353,80.712,19.288,58.385,80.524,19.476
[SHELL] ccA:467,2593014163,772084,-0.732,34.238,0.000,35.000,5.88378,6.09300,23.79,-12.175,23.410,-12.175,23.410,-12.204,1.246,1.00000,74.342,14.752,40.150
[SHELL] ccB:467,24619,1,29.204,12.464,-41.668,34.807,79.460,20.540,46.353,80.712,19.288
[SHELL] ccA:468,2593124215,772085,3.570,35.852,0.000,35.000,6.10299,0.02899,23.79,-12.349,23.345,-12.349,23.345,-12.206,1.245,1.00000,74.342,-9.719,31.061
[SHELL] ccB:468,2147514003,1,-3.995,29.970,-25.975,23.729,76.767,23.233,34.807,79.460,20.540
[SHELL] ccA:469,2593234047,772086,1.112,33.856,0.000,35.000,0.05127,0.26049,23.78,-12.251,23.425,-12.251,23.425,-12.207,1.246,1.00000,74.342,9.133,33.152
[SHELL] ccB:469,24561,1,7.422,25.367,-32.789,20.625,79.375,33.991,23.729,76.767,23.233
[SHELL] ccA:470,2593343943,772087,1.556,33.284,0.000,35.000,0.27241,0.48164,23.61,-12.270,23.449,-12.270,23.449,-12.207,1.247,1.00000,74.342,-2.321,35.771
[SHELL] ccB:470,2147514139,1,-11.860,35.225,-23.365,19.278,80.722,45.547,20.625,79.375,33.991
[SHELL] ccA:471,2593454003,772088,-1.052,34.598,0.000,35.000,0.49697,0.70649,23.61,-12.165,23.428,-12.165,23.428,-12.207,1.247,1.00000,74.342,-8.696,33.701
[SHELL] ccB:471,24539,1,-23.712,33.920,-10.209,19.541,80.459,57.338,19.278,80.722,45.547
[SHELL] ccA:472,2593564243,772089,-1.571,36.419,0.000,35.000,0.71604,0.92556,23.62,-12.143,23.355,-12.143,23.355,-12.206,1.246,1.00000,74.342,13.429,42.502
[SHELL] ccB:472,2147513989,1,-17.768,44.286,-26.518,21.278,78.722,68.603,19.541,80.459,57.338
[SHELL] ccA:473,2593674427,772090,0.768,38.050,0.000,35.000,0.92785,1.13737,24.07,-12.237,23.288,-12.237,23.288,-12.206,1.245,1.00000,74.342,-15.089,33.494
[SHELL] ccB:473,24751,1,-35.853,24.859,10.994,22.722,74.191,77.278,21.278,78.722,68.603
[SHELL] ccA:474,2593784423,772091,-3.575,36.702,0.000,35.000,1.16060,1.37012,24.01,-12.062,23.341,-12.062,23.341,-12.205,1.244,1.00000,74.342,2.450,37.317
[SHELL] ccB:474,2147513899,1,-33.244,31.456,1.788,20.325,62.977,79.675,22.722,74.191,77.278
[SHELL] ccA:475,2593894411,772092,-2.800,37.028,0.000,35.000,1.38442,1.59394,24.01,-12.091,23.327,-12.091,23.327,-12.203,1.243,1.00000,74.342,-1.012,39.983
[SHELL] ccB:475,24743,1,-39.478,25.294,14.183,19.400,51.179,80.600,20.325,62.977,79.675
[SHELL] ccA:476,2594004455,772093,-1.713,38.154,0.000,35.000,1.61039,1.81992,24.07,-12.134,23.280,-12.134,23.280,-12.202,1.241,1.00000,74.342,-7.279,35.336
[SHELL] ccB:476,2147513883,1,-35.020,9.999,25.020,20.064,39.165,79.936,19.400,51.179,80.600
[SHELL] ccA:477,2594114403,772094,-0.686,37.618,0.000,35.000,1.82355,2.03311,24.07,-12.175,23.301,-12.175,23.301,-12.202,1.240,1.00000,74.342,12.825,39.819
[SHELL] ccB:477,24739,1,-41.761,23.011,18.750,22.039,28.361,77.961,20.064,39.165,79.936
[SHELL] ccA:478,2594224355,772095,1.148,36.571,0.000,35.000,2.05415,2.26368,23.96,-12.249,23.342,-12.249,23.342,-12.203,1.239,1.00000,74.342,-13.779,31.310
[SHELL] ccB:478,2147513933,1,-21.320,-12.508,33.828,29.550,21.653,78.347,22.039,28.361,77.961
[SHELL] ccA:479,2594334315,772096,-4.418,34.081,0.000,35.000,2.27321,2.48272,23.97,-12.024,23.442,-12.024,23.442,-12.200,1.240,1.00000,74.342,-2.940,33.886
[SHELL] ccB:479,24695,1,-23.965,-8.920,32.885,40.225,19.833,80.167,29.550,21.653,78.347
[SHELL] ccA:480,2594444523,772097,-5.706,34.234,0.000,35.000,2.49645,2.70597,23.86,-11.969,23.436,-11.969,23.436,-12.198,1.240,1.00000,74.342,-3.167,37.855
[SHELL] ccB:480,2147513849,1,-20.232,-17.727,37.959,51.941,19.365,80.635,40.225,19.833,80.167
[SHELL] ccA:481,2594554003,772098,-5.357,35.529,0.000,35.000,2.71781,2.92721,23.74,-11.981,23.391,-11.981,23.391,-12.195,1.240,1.00000,74.342,-12.156,32.519
[SHELL] ccB:481,24539,1,-2.292,-28.854,31.146,63.579,20.406,79.594,51.941,19.365,80.635
[SHELL] ccA:482,2594663727,772099,-3.885,35.056,0.000,35.000,2.93863,3.14822,23.35,-12.038,23.410,-12.038,23.410,-12.193,1.240,1.00000,74.342,11.937,37.332
[SHELL] ccB:482,2147514247,1,-19.217,-19.974,39.192,74.600,22.823,77.177,63.579,20.406,79.594
[SHELL] ccA:483,2594773735,772100,-0.159,34.393,0.000,35.000,3.16423,3.37381,23.35,-12.186,23.436,-12.186,23.436,-12.193,1.240,1.00000,74.342,-12.355,30.387
[SHELL] ccB:483,24405,1,13.040,-32.587,19.548,79.057,20.943,67.547,74.600,22.823,77.177
[SHELL] ccA:484,2594883731,772101,-3.378,32.990,0.000,35.000,3.38040,3.58999,23.35,-12.056,23.494,-12.056,23.494,-12.191,1.241,1.00000,74.342,-0.740,33.851
[SHELL] ccB:484,2147514245,1,8.727,-32.696,23.969,80.523,19.477,56.626,79.057,20.943,67.547
[SHELL] ccA:485,2594993723,772102,-2.927,33.949,0.000,35.000,3.60629,3.81588,23.35,-12.073,23.456,-12.073,23.456,-12.190,1.241,1.00000,74.342,2.127,37.707
[SHELL] ccB:485,24399,1,14.997,-37.516,22.520,80.570,19.430,44.558,80.523,19.477,56.626
[SHELL] ccA:486,2595103715,772103,-1.866,35.187,0.000,35.000,3.83012,4.03970,23.36,-12.114,23.406,-12.114,23.406,-12.189,1.241,1.00000,74.342,-10.977,31.482
[SHELL] ccB:486,2147514253,1,28.479,-29.253,0.773,79.060,20.940,32.843,80.570,19.430,44.558
[SHELL] ccA:487,2595213779,772104,-1.983,34.013,0.000,35.000,4.04857,4.25818,23.46,-12.108,23.454,-12.108,23.454,-12.188,1.242,1.00000,74.342,11.892,35.383
[SHELL] ccB:487,24427,1,20.542,-37.263,16.721,76.966,24.410,23.034,79.060,20.940,32.843
[SHELL] ccA:488,2595323759,772105,0.815,33.614,0.000,35.000,4.26882,4.47841,23.38,-12.221,23.470,-12.221,23.470,-12.188,1.243,1.00000,74.342,-9.549,32.210
[SHELL] ccB:488,2147514231,1,33.191,-21.098,-12.093,79.646,35.373,20.354,76.966,24.410,23.034
[SHELL] ccA:489,2595433771,772106,-2.483,34.072,0.000,35.000,4.49230,4.70189,23.38,-12.088,23.452,-12.088,23.452,-12.187,1.243,1.00000,74.342,-2.727,36.484
[SHELL] ccB:489,24423,1,36.199,-22.693,-13.507,80.683,46.904,19.317,79.646,35.373,20.354
[SHELL] ccA:490,2595543771,772107,-2.095,35.672,0.000,35.000,4.71692,4.92648,23.38,-12.102,23.388,-12.102,23.388,-12.186,1.243,1.00000,74.342,6.624,37.511
[SHELL] ccB:490,2147514225,1,37.540,-24.360,-13.181,80.245,58.884,19.755,80.683,46.904,19.317
[SHELL] ccA:491,2595653735,772108,-0.526,35.030,0.000,35.000,4.93760,5.14719,23.38,-12.165,23.414,-12.165,23.414,-12.186,1.243,1.00000,74.342,-12.627,28.615
[SHELL] ccB:491,24405,1,25.073,3.657,-28.729,78.424,70.258,21.576,80.245,58.884,19.755
[SHELL] ccA:492,2595763711,772109,-2.825,31.280,0.000,35.000,5.15657,5.36615,23.38,-12.071,23.566,-12.071,23.566,-12.184,1.245,1.00000,74.342,7.330,30.380
[SHELL] ccB:492,2147514255,1,30.582,-9.717,-20.864,72.931,77.858,22.142,78.424,70.258,21.576
[SHELL] ccA:493,2595873759,772110,-2.579,29.587,0.000,35.000,5.38528,5.59486,23.38,-12.080,23.636,-12.080,23.636,-12.183,1.247,1.00000,74.342,-12.351,28.974
[SHELL] ccB:493,24417,1,14.961,16.523,-31.484,61.471,80.204,19.796,72.931,77.858,22.142
[SHELL] ccA:494,2595983751,772111,-5.932,30.496,0.000,35.000,5.59923,5.80882,23.37,-11.943,23.602,-11.943,23.602,-12.180,1.249,1.00000,74.342,-6.357,33.655
[SHELL] ccB:494,2147514235,1,16.338,17.901,-34.238,50.316,80.813,19.187,61.471,80.204,19.796
[SHELL] ccA:495,2596093755,772112,-4.209,33.739,0.000,35.000,5.82600,6.03558,23.38,-12.009,23.473,-12.009,23.473,-12.178,1.250,1.00000,74.342,8.232,38.670
[SHELL] ccB:495,24415,1,24.456,14.675,-39.131,38.115,79.939,20.061,50.316,80.813,19.187
[SHELL] ccA:496,2596203763,772113,-0.281,35.487,0.000,35.000,6.04787,6.25746,23.38,-12.166,23.403,-12.166,23.403,-12.178,1.250,1.00000,74.342,-11.231,30.953
[SHELL] ccB:496,2147514229,1,-3.705,30.187,-26.482,26.675,77.618,22.382,38.115,79.939,20.061
[SHELL] ccA:497,2596313815,772114,-0.961,33.982,0.000,35.000,6.26755,0.19395,23.38,-12.139,23.463,-12.139,23.463,-12.177,1.250,1.00000,74.342,10.386,35.354
[SHELL] ccB:497,24445,1,10.937,25.004,-35.942,21.374,78.626,30.437,26.675,77.618,22.382
[SHELL] ccA:498,2596423879,772115,0.458,33.410,0.000,35.000,0.20916,0.41875,23.54,-12.196,23.487,-12.196,23.487,-12.177,1.251,1.00000,74.342,-7.707,31.981
[SHELL] ccB:498,2147514171,1,-14.180,32.797,-18.617,19.515,80.485,42.046,21.374,78.626,30.437
[SHELL] ccA:499,2596533795,772116,-3.402,33.595,0.000,35.000,0.42583,0.63541,23.47,-12.040,23.480,-12.040,23.480,-12.176,1.252,1.00000,74.342,-8.581,35.062
[SHELL] ccB:499,24435,1,-22.298,35.733,-13.434,19.320,80.680,53.299,19.515,80.485,42.046
[SHELL] ccA:500,2596645683,772117,-3.688,35.959,0.000,35.000,0.64601,0.87510,26.39,-12.026,23.385,-12.026,23.385,-12.174,1.251,1.00000,74.342,10.119,41.732
[SHELL] ccB:500,2147513269,1,-17.043,42.655,-25.612,20.761,79.239,65.827,19.320,80.680,53.299
[SHELL] ccA:501,2596754223,772118,-0.878,37.787,0.000,35.000,0.86380,1.07339,23.86,-12.138,23.311,-12.138,23.311,-12.173,1.250,1.00000,74.342,-15.168,32.624
[SHELL] ccB:501,24649,1,-34.657,25.693,8.964,23.225,76.775,75.715,20.761,79.239,65.827
[SHELL] ccA:502,2596864159,772119,-4.797,35.343,0.000,35.000,1.08806,1.29761,23.75,-11.979,23.404,-11.979,23.404,-12.171,1.250,1.00000,74.342,1.031,34.390
[SHELL] ccB:502,2147514031,1,-29.982,29.607,0.375,20.963,66.874,79.037,23.225,76.775,75.715
[SHELL] ccA:503,2596974187,772120,-5.249,34.542,0.000,35.000,1.31175,1.52129,23.81,-11.958,23.436,-11.958,23.436,-12.168,1.250,1.00000,74.342,-7.890,36.762
[SHELL] ccB:503,24631,1,-37.557,20.329,17.228,19.507,55.368,80.493,20.963,66.874,79.037
[SHELL] ccA:504,2597084207,772121,-5.241,35.465,0.000,35.000,1.52687,1.73642,23.80,-11.956,23.399,-11.956,23.399,-12.166,1.250,1.00000,74.342,-6.214,33.946
[SHELL] ccB:504,2147514007,1,-34.186,13.008,21.179,19.590,43.947,80.410,19.507,55.368,80.493
[SHELL] ccA:505,2597194275,772122,-1.513,35.846,0.000,35.000,1.75277,1.96231,23.89,-12.105,23.384,-12.105,23.384,-12.165,1.249,1.00000,74.342,14.266,38.732
[SHELL] ccB:505,24675,1,-40.674,26.418,14.256,21.140,32.003,78.860,19.590,43.947,80.410
[SHELL] ccA:506,2597304255,772123,3.126,35.513,0.000,35.000,1.97611,2.18565,23.89,-12.292,23.397,-12.292,23.397,-12.167,1.249,1.00000,74.342,-9.814,30.644
[SHELL] ccB:506,2147513983,1,-24.292,-6.129,30.421,25.744,22.582,77.418,21.140,32.003,78.860
[SHELL] ccA:507,2597414191,772124,-0.028,33.174,0.000,35.000,2.19248,2.40202,23.84,-12.166,23.491,-12.166,23.491,-12.167,1.250,1.00000,74.342,5.251,32.675
[SHELL] ccB:507,24633,1,-29.619,2.026,27.594,36.189,20.232,79.768,25.744,22.582,77.418
[SHELL] ccA:508,2597524171,772125,-0.363,32.939,0.000,35.000,2.41515,2.62470,23.77,-12.152,23.502,-12.152,23.502,-12.166,1.251,1.00000,74.342,-2.140,35.761
[SHELL] ccB:508,2147514025,1,-22.153,-13.305,35.459,47.882,19.203,80.797,36.189,20.232,79.768
[SHELL] ccA:509,2597634127,772126,-1.261,34.294,0.000,35.000,2.63295,2.84249,23.77,-12.115,23.448,-12.115,23.448,-12.166,1.251,1.00000,74.342,-6.013,32.979
[SHELL] ccB:509,24601,1,-10.809,-22.076,32.885,59.419,19.739,80.261,47.882,19.203,80.797
[SHELL] ccA:510,2597744151,772127,1.118,35.203,0.000,35.000,2.85943,3.06898,23.77,-12.211,23.411,-12.211,23.411,-12.166,1.251,1.00000,74.342,18.638,39.095
[SHELL] ccB:510,2147514035,1,-28.786,-13.632,42.417,71.146,21.768,78.232,59.419,19.739,80.261
[SHELL] ccA:511,2597854151,772128,6.369,35.991,0.000,35.000,3.07911,3.28865,23.77,-12.424,23.379,-12.424,23.379,-12.170,1.251,1.00000,74.342,-5.784,32.795
[SHELL] ccB:511,24613,1,3.725,-30.521,26.796,78.265,21.735,71.375,71.146,21.768,78.232
