[SHELL] ctrlcap v1 armed=0 count=512 clock_hz=550000000 decimation=1
[SHELL] ccA:index,cycles,seq,id,iq,idref,iqref,theta,actangle,age_us,vdreq,vqreq,vd,vq,intd,intq,scale,bus,raw_id,raw_iq
[SHELL] ccB:index,timer,valid,ia,ib,ic,du,dv,dw,active_u,active_v,active_w
[SHELL] ccA:0,2237099535,579258,-1.004,10.299,0.000,10.000,0.30501,0.35561,23.49,-1.171,6.549,-1.171,6.549,-1.211,1.207,1.00000,74.342,-0.923,10.855
[SHELL] ccB:0,2147514183,1,-4.140,10.797,-6.657,43.254,56.746,43.393,43.838,56.912,43.088
[SHELL] ccA:1,2237209567,579259,-0.959,10.819,0.000,10.000,0.35797,0.40858,23.54,-1.172,6.527,-1.172,6.527,-1.211,1.206,1.00000,74.342,-1.144,11.343
[SHELL] ccB:1,24481,1,-5.046,11.377,-6.331,43.080,56.920,44.049,43.254,56.746,43.393
[SHELL] ccA:2,2237319523,579260,-1.560,11.252,0.000,10.000,0.40794,0.45854,23.49,-1.148,6.510,-1.148,6.510,-1.210,1.206,1.00000,74.342,-3.029,11.466
[SHELL] ccB:2,2147514189,1,-7.329,11.739,-4.410,42.951,57.049,44.633,43.080,56.920,44.049
[SHELL] ccA:3,2237429527,579261,-2.888,11.645,0.000,10.000,0.45577,0.50620,23.48,-1.093,6.476,-1.093,6.476,-1.209,1.205,1.00000,74.342,-4.350,12.306
[SHELL] ccB:3,24461,1,-9.323,12.573,-3.250,42.878,57.122,45.162,42.951,57.049,44.633
[SHELL] ccA:4,2237539439,579262,-3.269,11.634,0.000,10.000,0.51415,0.56460,23.43,-1.076,6.475,-1.076,6.475,-1.207,1.204,1.00000,73.902,-1.345,10.458
[SHELL] ccB:4,2147514231,1,-6.315,10.471,-4.156,42.693,57.307,45.835,42.878,57.122,45.162
[SHELL] ccA:5,2237649423,579263,-1.879,10.833,0.000,10.000,0.57312,0.62356,23.42,-1.131,6.507,-1.131,6.507,-1.206,1.204,1.00000,73.902,-0.475,10.108
[SHELL] ccB:5,24409,1,-5.880,10.072,-4.192,42.504,57.496,46.663,42.693,57.307,45.835
[SHELL] ccA:6,2237759455,579264,-0.620,10.177,0.000,10.000,0.62549,0.67594,23.42,-1.181,6.533,-1.181,6.533,-1.206,1.203,1.00000,74.342,-0.185,10.034
[SHELL] ccB:6,2147514223,1,-6.025,9.963,-3.938,42.409,57.591,47.438,42.504,57.496,46.663
[SHELL] ccA:7,2237869463,579265,-0.404,9.757,0.000,10.000,0.68079,0.73123,23.42,-1.189,6.550,-1.189,6.550,-1.205,1.204,1.00000,74.342,-0.770,8.852
[SHELL] ccB:7,24429,1,-6.170,8.622,-2.452,42.317,57.683,48.174,42.409,57.591,47.438
[SHELL] ccA:8,2237979671,579266,-0.575,9.263,0.000,10.000,0.73565,0.78610,23.42,-1.182,6.570,-1.182,6.570,-1.205,1.204,1.00000,74.342,-0.575,9.314
[SHELL] ccB:8,2147514115,1,-6.677,8.985,-2.307,42.250,57.750,48.882,42.317,57.683,48.174
[SHELL] ccA:9,2238089923,579267,-0.924,9.108,0.000,10.000,0.78530,0.83574,23.82,-1.168,6.577,-1.168,6.577,-1.205,1.204,1.00000,74.342,-1.774,8.951
[SHELL] ccB:9,24659,1,-7.583,8.187,-0.604,42.224,57.776,49.519,42.250,57.750,48.882
[SHELL] ccA:10,2238199923,579268,-1.527,9.191,0.000,10.000,0.83603,0.88647,23.86,-1.143,6.574,-1.143,6.574,-1.204,1.205,1.00000,74.342,-1.985,9.550
[SHELL] ccB:10,2147513989,1,-8.417,8.477,-0.060,42.228,57.772,50.154,42.224,57.776,49.519
[SHELL] ccA:11,2238309951,579269,-1.981,9.454,0.000,10.000,0.89060,0.94104,23.88,-1.124,6.564,-1.124,6.564,-1.203,1.205,1.00000,74.342,-2.178,9.764
[SHELL] ccB:11,24673,1,-8.960,8.332,0.628,42.258,57.742,50.851,42.228,57.772,50.154
[SHELL] ccA:12,2238419919,579270,-1.796,10.093,0.000,10.000,0.94491,0.99536,23.87,-1.130,6.538,-1.130,6.538,-1.202,1.205,1.00000,74.342,-0.844,11.296
[SHELL] ccB:12,2147513991,1,-9.649,9.963,-0.314,42.326,57.674,51.594,42.258,57.742,50.851
[SHELL] ccA:13,2238529907,579271,-1.488,10.656,0.000,10.000,0.99710,1.04766,23.86,-1.142,6.528,-1.142,6.528,-1.201,1.205,1.00000,74.342,-2.087,10.269
[SHELL] ccB:13,24651,1,-9.758,8.187,1.571,42.396,57.604,52.310,42.326,57.674,51.594
[SHELL] ccA:14,2238639887,579272,-1.685,10.444,0.000,10.000,1.04677,1.09733,23.81,-1.133,6.536,-1.133,6.536,-1.200,1.204,1.00000,74.342,-1.720,9.941
[SHELL] ccB:14,2147514007,1,-9.468,7.752,1.716,42.462,57.538,52.944,42.396,57.604,52.310
[SHELL] ccA:15,2238749907,579273,-1.958,10.011,0.000,10.000,1.10168,1.15224,23.82,-1.121,6.553,-1.121,6.553,-1.200,1.204,1.00000,74.342,-2.304,9.894
[SHELL] ccB:15,24651,1,-9.867,7.027,2.839,42.545,57.455,53.636,42.462,57.538,52.944
[SHELL] ccA:16,2238859871,579274,-1.820,9.984,0.000,10.000,1.15471,1.20527,23.81,-1.126,6.555,-1.126,6.555,-1.199,1.204,1.00000,74.342,-0.952,10.208
[SHELL] ccB:16,2147514015,1,-9.722,7.680,2.042,42.666,57.334,54.325,42.545,57.455,53.636
[SHELL] ccA:17,2238969979,579275,-1.449,10.288,0.000,10.000,1.20880,1.25939,23.94,-1.140,6.542,-1.140,6.542,-1.198,1.204,1.00000,74.342,-1.587,10.841
[SHELL] ccB:17,24687,1,-10.700,7.390,3.310,42.829,57.171,55.029,42.666,57.334,54.325
[SHELL] ccA:18,2239079855,579276,-1.112,10.779,0.000,10.000,1.26738,1.31794,23.80,-1.153,6.522,-1.153,6.522,-1.197,1.204,1.00000,74.342,-0.323,11.225
[SHELL] ccB:18,2147514023,1,-10.809,8.042,2.767,43.038,56.962,55.761,42.829,57.171,55.029
[SHELL] ccA:19,2239189891,579277,-0.464,11.381,0.000,10.000,1.31812,1.36869,23.81,-1.179,6.497,-1.179,6.497,-1.197,1.203,1.00000,74.342,0.376,12.234
[SHELL] ccB:19,24643,1,-11.751,8.840,2.912,43.253,56.747,56.399,43.038,56.962,55.761
[SHELL] ccA:20,2239299887,579278,-0.019,12.044,0.000,10.000,1.36973,1.42028,23.81,-1.196,6.470,-1.196,6.470,-1.197,1.202,1.00000,74.342,-0.503,12.482
[SHELL] ccB:20,2147514007,1,-12.331,7.897,4.434,43.242,56.263,56.758,43.253,56.747,56.399
[SHELL] ccA:21,2239409887,579279,-0.136,12.346,0.000,10.000,1.42366,1.47422,23.80,-1.192,6.457,-1.192,6.457,-1.197,1.201,1.00000,74.342,0.088,12.186
[SHELL] ccB:21,24641,1,-12.041,7.644,4.398,43.072,55.615,56.928,43.242,56.263,56.758
[SHELL] ccA:22,2239519887,579280,-0.220,12.407,0.000,10.000,1.47268,1.52324,23.79,-1.188,6.453,-1.188,6.453,-1.197,1.200,1.00000,74.342,-0.552,12.773
[SHELL] ccB:22,2147514007,1,-12.766,6.991,5.775,42.928,55.022,57.072,43.072,55.615,56.928
[SHELL] ccA:23,2239629875,579281,-0.338,12.415,0.000,10.000,1.53111,1.58167,23.80,-1.183,6.451,-1.183,6.451,-1.197,1.199,1.00000,74.342,-0.336,11.928
[SHELL] ccB:23,24635,1,-11.932,6.085,5.847,42.775,54.305,57.225,42.928,55.022,57.072
[SHELL] ccA:24,2239739875,579282,-0.326,12.033,0.000,10.000,1.58482,1.63537,23.79,-1.184,6.465,-1.184,6.465,-1.197,1.198,1.00000,74.342,-0.078,11.500
[SHELL] ccB:24,2147514013,1,-11.497,5.541,5.956,42.638,53.638,57.362,42.775,54.305,57.225
[SHELL] ccA:25,2239849895,579283,-0.019,11.206,0.000,10.000,1.63724,1.68778,23.78,-1.196,6.497,-1.196,6.497,-1.197,1.197,1.00000,74.342,0.419,9.897
[SHELL] ccB:25,24645,1,-9.903,4.744,5.159,42.498,52.969,57.502,42.638,53.638,57.362
[SHELL] ccA:26,2239959919,579284,0.419,10.226,0.000,10.000,1.69290,1.74346,23.80,-1.214,6.536,-1.214,6.536,-1.197,1.197,1.00000,74.342,0.917,9.609
[SHELL] ccB:26,2147513991,1,-9.649,4.599,5.050,42.364,52.234,57.636,42.498,52.969,57.502
[SHELL] ccA:27,2240069927,579285,0.661,9.711,0.000,10.000,1.74573,1.79628,23.88,-1.224,6.557,-1.224,6.557,-1.197,1.197,1.00000,74.342,0.393,9.729
[SHELL] ccB:27,24661,1,-9.649,3.693,5.956,42.280,51.526,57.720,42.364,52.234,57.636
[SHELL] ccA:28,2240179999,579286,0.468,9.678,0.000,10.000,1.79914,1.84969,23.94,-1.216,6.558,-1.216,6.558,-1.197,1.197,1.00000,74.342,0.169,9.644
[SHELL] ccB:28,2147513951,1,-9.432,2.968,6.464,42.244,50.825,57.756,42.280,51.526,57.720
[SHELL] ccA:29,2240289955,579287,-0.088,9.636,0.000,10.000,1.85282,1.90337,23.87,-1.194,6.560,-1.194,6.560,-1.197,1.197,1.00000,74.342,-1.083,9.530
[SHELL] ccB:29,24675,1,-8.852,1.228,7.623,42.233,50.148,57.767,42.244,50.825,57.756
[SHELL] ccA:30,2240399971,579288,-0.682,9.662,0.000,10.000,1.90852,1.95906,23.85,-1.170,6.559,-1.170,6.559,-1.197,1.198,1.00000,74.342,-0.731,9.946
[SHELL] ccB:30,2147513965,1,-9.142,1.120,8.022,42.245,49.447,57.755,42.233,50.148,57.767
[SHELL] ccA:31,2240509927,579289,-0.714,9.708,0.000,10.000,1.95743,2.00798,23.88,-1.168,6.558,-1.168,6.558,-1.197,1.198,1.00000,74.342,-0.313,9.411
[SHELL] ccB:31,24661,1,-8.598,0.975,7.623,42.272,48.794,57.728,42.245,49.447,57.755
[SHELL] ccA:32,2240619903,579290,-0.621,9.996,0.000,10.000,2.01399,2.06454,23.83,-1.171,6.546,-1.171,6.546,-1.196,1.198,1.00000,74.342,-1.126,11.215
[SHELL] ccB:32,2147513999,1,-9.649,-0.221,9.870,42.337,48.032,57.663,42.272,48.794,57.728
[SHELL] ccA:33,2240729919,579291,-0.736,10.546,0.000,10.000,2.06496,2.11551,23.83,-1.166,6.524,-1.166,6.524,-1.196,1.197,1.00000,74.342,-0.381,10.342
[SHELL] ccB:33,24657,1,-8.924,-0.076,9.001,42.431,47.369,57.569,42.337,48.032,57.663
[SHELL] ccA:34,2240839903,579292,-0.558,10.696,0.000,10.000,2.11986,2.17042,23.83,-1.173,6.518,-1.173,6.518,-1.196,1.197,1.00000,74.342,-0.343,10.884
[SHELL] ccB:34,2147513999,1,-9.105,-0.620,9.725,42.533,46.641,57.467,42.431,47.369,57.569
[SHELL] ccA:35,2240949871,579293,-0.302,10.590,0.000,10.000,2.17673,2.22728,23.83,-1.183,6.522,-1.183,6.522,-1.195,1.197,1.00000,74.342,-0.140,10.249
[SHELL] ccB:35,24633,1,-8.344,-0.982,9.327,42.652,45.890,57.348,42.533,46.641,57.467
[SHELL] ccA:36,2241059915,579294,0.016,10.407,0.000,10.000,2.22887,2.27943,23.83,-1.196,6.529,-1.196,6.529,-1.195,1.197,1.00000,74.342,0.687,10.245
[SHELL] ccB:36,2147513993,1,-8.525,-0.693,9.218,42.780,45.204,57.220,42.652,45.890,57.348
[SHELL] ccA:37,2241169903,579295,0.371,10.424,0.000,10.000,2.28377,2.33433,23.83,-1.211,6.528,-1.211,6.528,-1.196,1.196,1.00000,74.342,0.251,10.958
[SHELL] ccB:37,24649,1,-8.453,-1.816,10.269,42.948,44.497,57.052,42.780,45.204,57.220
[SHELL] ccA:38,2241279875,579296,0.519,10.909,0.000,10.000,2.33619,2.38675,23.82,-1.217,6.508,-1.217,6.508,-1.196,1.196,1.00000,74.342,0.885,11.475
[SHELL] ccB:38,2147514013,1,-8.888,-1.889,10.777,43.149,43.865,56.851,42.948,44.497,57.052
[SHELL] ccA:39,2241389831,579297,0.589,11.470,0.000,10.000,2.38600,2.43656,23.77,-1.220,6.485,-1.220,6.485,-1.196,1.195,1.00000,74.342,0.335,11.972
[SHELL] ccB:39,24613,1,-8.453,-3.121,11.574,43.395,43.326,56.674,43.149,43.865,56.851
[SHELL] ccA:40,2241499835,579298,0.570,12.085,0.000,10.000,2.44047,2.49103,23.77,-1.219,6.459,-1.219,6.459,-1.197,1.194,1.00000,74.342,0.725,12.920
[SHELL] ccB:40,2147514033,1,-8.888,-3.701,12.589,44.064,43.152,56.848,43.395,43.326,56.674
[SHELL] ccA:41,2241609887,579299,0.771,12.930,0.000,10.000,2.49360,2.54416,23.84,-1.228,6.424,-1.228,6.424,-1.197,1.193,1.00000,74.342,1.300,13.909
[SHELL] ccB:41,24641,1,-9.432,-4.208,13.640,44.757,43.008,56.992,44.064,43.152,56.848
[SHELL] ccA:42,2241719859,579300,1.230,13.210,0.000,10.000,2.55210,2.60265,23.77,-1.247,6.411,-1.247,6.411,-1.198,1.191,1.00000,74.342,1.594,12.104
[SHELL] ccB:42,2147514021,1,-8.054,-3.918,11.973,45.520,42.845,57.155,44.757,43.008,56.992
[SHELL] ccA:43,2241829811,579301,1.696,12.569,0.000,10.000,2.59990,2.65045,23.77,-1.266,6.436,-1.266,6.436,-1.198,1.190,1.00000,74.342,2.294,12.161
[SHELL] ccB:43,24603,1,-8.236,-3.882,12.118,46.129,42.694,57.306,45.520,42.845,57.155
[SHELL] ccA:44,2241939839,579302,1.796,11.992,0.000,10.000,2.65916,2.70972,23.77,-1.271,6.458,-1.271,6.458,-1.199,1.189,1.00000,74.342,1.002,11.542
[SHELL] ccB:44,2147514031,1,-6.242,-5.332,11.574,46.875,42.548,57.452,46.129,42.694,57.306
[SHELL] ccA:45,2242049835,579303,1.609,11.340,0.000,10.000,2.71072,2.76132,23.77,-1.264,6.487,-1.264,6.487,-1.200,1.188,1.00000,74.342,2.141,10.114
[SHELL] ccB:45,24615,1,-6.170,-4.099,10.269,47.511,42.436,57.564,46.875,42.548,57.452
[SHELL] ccA:46,2242159831,579304,1.570,10.456,0.000,10.000,2.76633,2.81692,23.77,-1.264,6.522,-1.264,6.522,-1.201,1.188,1.00000,74.342,0.997,10.051
[SHELL] ccB:46,2147514035,1,-4.611,-5.477,10.088,48.218,42.329,57.671,47.511,42.436,57.564
[SHELL] ccA:47,2242269831,579305,1.518,9.983,0.000,10.000,2.81660,2.86720,23.77,-1.262,6.541,-1.262,6.541,-1.202,1.188,1.00000,74.342,1.937,9.716
[SHELL] ccB:47,24613,1,-4.937,-4.969,9.907,48.875,42.267,57.733,48.218,42.329,57.671
[SHELL] ccA:48,2242379851,579306,1.533,9.752,0.000,10.000,2.86521,2.91580,23.77,-1.264,6.551,-1.264,6.551,-1.202,1.188,1.00000,74.342,1.263,9.525
[SHELL] ccB:48,2147514025,1,-3.814,-5.730,9.544,49.526,42.233,57.767,48.875,42.267,57.733
[SHELL] ccA:49,2242489855,579307,1.450,9.759,0.000,10.000,2.92417,2.97476,23.77,-1.261,6.550,-1.261,6.550,-1.203,1.188,1.00000,74.342,1.340,10.270
[SHELL] ccB:49,24625,1,-3.524,-6.673,10.197,50.314,42.231,57.769,49.526,42.233,57.767
[SHELL] ccA:50,2242599835,579308,1.121,10.099,0.000,10.000,2.97406,3.02465,23.77,-1.248,6.537,-1.248,6.537,-1.204,1.188,1.00000,74.342,0.540,10.330
[SHELL] ccB:50,2147514033,1,-2.255,-7.615,9.870,50.963,42.267,57.733,50.314,42.231,57.769
[SHELL] ccA:51,2242709847,579309,0.563,10.078,0.000,10.000,3.02977,3.08037,23.78,-1.226,6.538,-1.226,6.538,-1.204,1.188,1.00000,74.342,-0.170,9.382
[SHELL] ccB:51,24621,1,-0.878,-7.651,8.529,51.663,42.311,57.689,50.963,42.267,57.733
[SHELL] ccA:52,2242819835,579310,0.577,10.074,0.000,10.000,3.08266,3.13324,23.74,-1.227,6.538,-1.227,6.538,-1.204,1.188,1.00000,74.342,2.107,11.201
[SHELL] ccB:52,2147514033,1,-2.763,-8.195,10.958,52.366,42.372,57.628,51.663,42.311,57.689
[SHELL] ccA:53,2242929831,579311,1.062,10.261,0.000,10.000,3.13941,3.19000,23.77,-1.247,6.530,-1.247,6.530,-1.205,1.188,1.00000,74.342,0.205,9.259
[SHELL] ccB:53,24613,1,-0.226,-7.905,8.131,53.151,42.472,57.528,52.366,42.372,57.628
[SHELL] ccA:54,2243039819,579312,0.875,9.772,0.000,10.000,3.18755,3.23814,23.77,-1.240,6.550,-1.240,6.550,-1.205,1.188,1.00000,74.342,0.983,9.369
[SHELL] ccB:54,2147514041,1,-0.552,-7.869,8.421,53.765,42.545,57.455,53.151,42.472,57.528
[SHELL] ccA:55,2243149851,579313,0.954,9.621,0.000,10.000,3.24185,3.29244,23.77,-1.244,6.556,-1.244,6.556,-1.206,1.188,1.00000,74.342,1.646,10.485
[SHELL] ccB:55,24623,1,-0.588,-8.884,9.472,54.469,42.667,57.333,53.765,42.545,57.455
[SHELL] ccA:56,2243259855,579314,1.434,10.093,0.000,10.000,3.29956,3.35016,23.76,-1.264,6.537,-1.264,6.537,-1.206,1.188,1.00000,74.342,1.460,10.032
[SHELL] ccB:56,2147514023,1,0.137,-8.847,8.711,55.226,42.855,57.145,54.469,42.667,57.333
[SHELL] ccA:57,2243369783,579315,1.653,10.473,0.000,10.000,3.35078,3.40137,23.77,-1.273,6.522,-1.273,6.522,-1.207,1.188,1.00000,74.342,2.045,11.341
[SHELL] ccB:57,24589,1,0.354,-10.152,9.798,55.863,43.039,56.961,55.226,42.855,57.145
[SHELL] ccA:58,2243479843,579316,1.752,10.922,0.000,10.000,3.40415,3.45474,23.77,-1.278,6.503,-1.278,6.503,-1.208,1.187,1.00000,74.342,1.456,10.972
[SHELL] ccB:58,2147514029,1,1.442,-10.225,8.783,56.496,43.251,56.749,55.863,43.039,56.961
[SHELL] ccA:59,2243589831,579317,1.642,11.296,0.000,10.000,3.45763,3.50822,23.77,-1.275,6.488,-1.275,6.488,-1.209,1.187,1.00000,74.342,1.612,11.900
[SHELL] ccB:59,24613,1,2.166,-11.312,9.146,56.808,43.192,56.238,56.496,43.251,56.749
[SHELL] ccA:60,2243699835,579318,1.793,11.641,0.000,10.000,3.51230,3.56289,23.77,-1.282,6.473,-1.282,6.473,-1.210,1.186,1.00000,74.342,2.493,11.793
[SHELL] ccB:60,2147514033,1,1.949,-11.276,9.327,56.986,43.014,55.556,56.808,43.192,56.238
[SHELL] ccA:61,2243809835,579319,1.941,11.841,0.000,10.000,3.55380,3.60439,23.77,-1.288,6.464,-1.288,6.464,-1.211,1.185,1.00000,74.342,1.168,11.878
[SHELL] ccB:61,24615,1,3.689,-11.674,7.986,57.109,42.891,55.027,56.986,43.014,55.556
[SHELL] ccA:62,2243919855,579320,1.703,11.826,0.000,10.000,3.61368,3.66427,23.77,-1.280,6.464,-1.280,6.464,-1.212,1.184,1.00000,74.342,1.983,11.756
[SHELL] ccB:62,2147514023,1,3.580,-11.638,8.058,57.264,42.736,54.296,57.109,42.891,55.027
[SHELL] ccA:63,2244029883,579321,1.795,11.499,0.000,10.000,3.67364,3.72423,23.83,-1.284,6.476,-1.284,6.476,-1.213,1.183,1.00000,74.342,2.047,10.606
[SHELL] ccB:63,24639,1,3.616,-10.623,7.007,57.415,42.585,53.538,57.264,42.736,54.296
[SHELL] ccA:64,2244139839,579322,2.062,10.732,0.000,10.000,3.73042,3.78101,23.77,-1.296,6.507,-1.296,6.507,-1.214,1.183,1.00000,74.342,2.172,9.959
[SHELL] ccB:64,2147514031,1,3.725,-10.080,6.355,57.557,42.443,52.806,57.415,42.585,53.538
[SHELL] ccA:65,2244249839,579323,1.889,9.988,0.000,10.000,3.78672,3.83731,23.78,-1.290,6.536,-1.290,6.536,-1.215,1.183,1.00000,74.342,1.163,9.428
[SHELL] ccB:65,24617,1,4.740,-9.500,4.760,57.666,42.334,52.097,57.557,42.443,52.806
[SHELL] ccA:66,2244359847,579324,1.825,9.648,0.000,10.000,3.84211,3.89270,23.77,-1.288,6.550,-1.288,6.550,-1.215,1.183,1.00000,74.342,2.801,9.776
[SHELL] ccB:66,2147514027,1,4.160,-10.116,5.956,57.736,42.264,51.370,57.666,42.334,52.097
[SHELL] ccA:67,2244469843,579325,1.796,9.453,0.000,10.000,3.89195,3.94260,23.77,-1.288,6.564,-1.288,6.564,-1.216,1.183,1.00000,74.342,0.418,8.835
[SHELL] ccB:67,24619,1,5.718,-8.702,2.984,57.782,42.218,50.707,57.736,42.264,51.370
[SHELL] ccA:68,2244579871,579326,1.159,9.154,0.000,10.000,3.93847,3.98912,23.79,-1.263,6.576,-1.263,6.576,-1.217,1.184,1.00000,74.342,0.997,9.172
[SHELL] ccB:68,2147514015,1,5.863,-9.101,3.238,57.801,42.199,50.134,57.782,42.218,50.707
[SHELL] ccA:69,2244689811,579327,0.749,9.000,0.000,10.000,4.00076,4.05141,23.74,-1.247,6.583,-1.247,6.583,-1.217,1.184,1.00000,74.342,0.584,8.821
[SHELL] ccB:69,24603,1,6.298,-8.521,2.223,57.795,42.205,49.326,57.801,42.199,50.134
[SHELL] ccA:70,2244799803,579328,0.613,9.107,0.000,10.000,4.04679,4.09744,23.73,-1.242,6.579,-1.242,6.579,-1.218,1.185,1.00000,74.342,0.285,9.614
[SHELL] ccB:70,2147514049,1,7.386,-9.029,1.643,57.764,42.236,48.715,57.795,42.205,49.326
[SHELL] ccA:71,2244909807,579329,0.365,9.480,0.000,10.000,4.10448,4.15513,23.74,-1.232,6.564,-1.232,6.564,-1.218,1.185,1.00000,74.342,0.305,9.872
[SHELL] ccB:71,24601,1,7.929,-9.065,1.136,57.691,42.309,47.961,57.764,42.236,48.715
[SHELL] ccA:72,2245019787,579330,0.396,9.841,0.000,10.000,4.15863,4.20928,23.69,-1.234,6.550,-1.234,6.550,-1.218,1.185,1.00000,74.342,0.689,10.004
[SHELL] ccB:72,2147514057,1,8.147,-9.137,0.991,57.599,42.401,47.240,57.691,42.309,47.961
[SHELL] ccA:73,2245129799,579331,0.444,9.808,0.000,10.000,4.21689,4.26754,23.74,-1.236,6.552,-1.236,6.552,-1.218,1.185,1.00000,74.342,0.094,9.352
[SHELL] ccB:73,24597,1,8.183,-8.014,-0.169,57.495,42.505,46.474,57.599,42.401,47.240
[SHELL] ccA:74,2245239811,579332,0.321,9.666,0.000,10.000,4.26477,4.31540,23.71,-1.231,6.557,-1.231,6.557,-1.218,1.185,1.00000,74.342,0.407,9.956
[SHELL] ccB:74,2147514045,1,8.799,-8.449,-0.350,57.397,42.603,45.865,57.495,42.505,46.474
[SHELL] ccA:75,2245349751,579333,0.409,9.587,0.000,10.000,4.31937,4.37002,23.74,-1.235,6.561,-1.235,6.561,-1.219,1.186,1.00000,74.342,0.730,9.082
[SHELL] ccB:75,24573,1,8.110,-7.651,-0.459,57.258,42.742,45.163,57.397,42.603,45.865
[SHELL] ccA:76,2245459815,579334,0.655,9.346,0.000,10.000,4.37028,4.42093,23.74,-1.245,6.571,-1.245,6.571,-1.219,1.186,1.00000,74.342,0.754,9.263
[SHELL] ccB:76,2147514043,1,8.473,-7.543,-0.930,57.115,42.885,44.505,57.258,42.742,45.163
[SHELL] ccA:77,2245569815,579335,0.667,9.350,0.000,10.000,4.42478,4.47538,23.73,-1.246,6.566,-1.246,6.566,-1.219,1.186,1.00000,74.342,0.429,9.794
[SHELL] ccB:77,24605,1,9.270,-7.398,-1.873,56.926,43.074,43.844,57.115,42.885,44.505
[SHELL] ccA:78,2245679791,579336,0.933,9.913,0.000,10.000,4.47388,4.52449,23.74,-1.257,6.543,-1.257,6.543,-1.220,1.186,1.00000,74.342,2.121,10.802
[SHELL] ccB:78,2147514055,1,9.995,-8.992,-1.003,56.729,43.300,43.271,56.926,43.074,43.844
[SHELL] ccA:79,2245789787,579337,1.508,10.571,0.000,10.000,4.53182,4.58242,23.71,-1.281,6.517,-1.281,6.517,-1.220,1.186,1.00000,74.342,1.361,10.888
[SHELL] ccB:79,24591,1,10.466,-8.086,-2.380,56.934,44.057,43.066,56.729,43.300,43.271
[SHELL] ccA:80,2245899779,579338,1.671,10.875,0.000,10.000,4.58903,4.63963,23.74,-1.288,6.504,-1.288,6.504,-1.221,1.186,1.00000,74.342,1.839,10.921
[SHELL] ccB:80,2147514061,1,10.611,-8.050,-2.561,57.112,44.780,42.888,56.934,44.057,43.066
[SHELL] ccA:81,2246009815,579339,1.809,10.927,0.000,10.000,4.64051,4.69111,23.75,-1.295,6.502,-1.295,6.502,-1.222,1.185,1.00000,74.342,2.198,10.979
[SHELL] ccB:81,24605,1,10.792,-7.978,-2.815,57.259,45.434,42.741,57.112,44.780,42.888
[SHELL] ccA:82,2246119803,579340,1.916,10.800,0.000,10.000,4.68761,4.73821,23.74,-1.300,6.506,-1.300,6.506,-1.223,1.185,1.00000,74.342,1.428,10.324
[SHELL] ccB:82,2147514049,1,10.285,-6.600,-3.685,57.383,46.036,42.617,57.259,45.434,42.741
[SHELL] ccA:83,2246229815,579341,1.815,10.097,0.000,10.000,4.74780,4.79841,23.74,-1.297,6.534,-1.297,6.534,-1.224,1.185,1.00000,74.342,2.204,8.763
[SHELL] ccB:83,24605,1,8.835,-6.057,-2.779,57.535,46.783,42.465,57.383,46.036,42.617
[SHELL] ccA:84,2246339791,579342,1.704,9.167,0.000,10.000,4.80562,4.85622,23.73,-1.293,6.572,-1.293,6.572,-1.225,1.185,1.00000,74.342,0.981,8.819
[SHELL] ccB:84,2147514055,1,8.872,-4.571,-4.301,57.669,47.507,42.331,57.535,46.783,42.465
[SHELL] ccA:85,2246449803,579343,1.106,8.649,0.000,10.000,4.85778,4.90839,23.73,-1.270,6.593,-1.270,6.593,-1.225,1.186,1.00000,74.342,0.258,8.196
[SHELL] ccB:85,24599,1,8.147,-3.266,-4.881,57.748,48.145,42.252,57.669,47.507,42.331
[SHELL] ccA:86,2246559799,579344,0.566,8.240,0.000,10.000,4.91218,4.96278,23.74,-1.248,6.611,-1.248,6.611,-1.226,1.187,1.00000,74.342,0.767,7.750
[SHELL] ccB:86,2147514051,1,7.748,-3.193,-4.555,57.808,48.826,42.192,57.748,48.145,42.252
[SHELL] ccA:87,2246669791,579345,0.704,7.849,0.000,10.000,4.96490,5.01550,23.74,-1.254,6.627,-1.254,6.627,-1.226,1.188,1.00000,74.342,1.024,7.700
[SHELL] ccB:87,24593,1,7.712,-3.048,-4.663,57.853,49.545,42.147,57.808,48.826,42.192
[SHELL] ccA:88,2246779807,579346,0.862,7.855,0.000,10.000,5.01941,5.07010,23.74,-1.261,6.638,-1.261,6.638,-1.227,1.189,1.00000,74.342,0.634,8.269
[SHELL] ccB:88,2147514047,1,8.074,-2.396,-5.678,57.869,50.298,42.131,57.853,49.545,42.147
[SHELL] ccA:89,2246889775,579347,0.704,8.226,0.000,10.000,5.07259,5.12328,23.74,-1.255,6.624,-1.255,6.624,-1.227,1.190,1.00000,74.342,0.523,8.663
[SHELL] ccB:89,24585,1,8.292,-1.925,-6.367,57.831,51.013,42.169,57.869,50.298,42.131
[SHELL] ccA:90,2246999807,579348,0.321,8.970,0.000,10.000,5.12335,5.17405,23.74,-1.240,6.594,-1.240,6.594,-1.227,1.190,1.00000,74.342,-0.393,10.284
[SHELL] ccB:90,2147514047,1,9.270,-0.765,-8.505,57.757,51.673,42.243,57.831,51.013,42.169
[SHELL] ccA:91,2247109823,579349,-0.193,9.797,0.000,10.000,5.18095,5.23163,23.73,-1.219,6.561,-1.219,6.561,-1.227,1.190,1.00000,74.342,-0.508,9.957
[SHELL] ccB:91,24609,1,8.654,-0.040,-8.614,57.650,52.402,42.350,57.757,51.673,42.243
[SHELL] ccA:92,2247219751,579350,-0.517,9.957,0.000,10.000,5.23117,5.28187,23.74,-1.206,6.555,-1.206,6.555,-1.227,1.190,1.00000,74.342,-0.659,9.632
[SHELL] ccB:92,2147514075,1,8.038,0.612,-8.650,57.564,53.037,42.436,57.650,52.402,42.350
[SHELL] ccA:93,2247329815,579351,-0.389,9.452,0.000,10.000,5.28780,5.33849,23.74,-1.211,6.575,-1.211,6.575,-1.226,1.191,1.00000,74.342,0.268,8.586
[SHELL] ccB:93,24605,1,7.349,0.177,-7.527,57.475,53.788,42.525,57.564,53.037,42.436
[SHELL] ccA:94,2247439799,579352,-0.106,8.953,0.000,10.000,5.34323,5.39392,23.74,-1.222,6.596,-1.222,6.596,-1.226,1.191,1.00000,74.342,-0.302,9.008
[SHELL] ccB:94,2147514051,1,7.096,1.265,-8.360,57.364,54.528,42.636,57.475,53.788,42.525
[SHELL] ccA:95,2247549811,579353,0.087,9.004,0.000,10.000,5.39275,5.44344,23.74,-1.230,6.594,-1.230,6.594,-1.226,1.192,1.00000,74.342,0.685,9.413
[SHELL] ccB:95,24603,1,7.748,0.793,-8.541,57.222,55.169,42.778,57.364,54.528,42.636
[SHELL] ccA:96,2247659803,579354,0.321,9.277,0.000,10.000,5.44744,5.49813,23.74,-1.239,6.584,-1.239,6.584,-1.227,1.192,1.00000,74.342,0.215,9.273
[SHELL] ccB:96,2147514049,1,7.023,1.736,-8.759,57.033,55.858,42.967,57.222,55.169,42.778
[SHELL] ccA:97,2247769771,579355,0.530,9.671,0.000,10.000,5.49828,5.54898,23.74,-1.248,6.568,-1.248,6.568,-1.227,1.192,1.00000,74.342,1.007,10.724
[SHELL] ccB:97,24583,1,8.292,1.808,-10.100,56.832,56.477,43.168,57.033,55.858,42.967
[SHELL] ccA:98,2247879803,579356,0.703,10.473,0.000,10.000,5.55669,5.60738,23.73,-1.255,6.536,-1.255,6.536,-1.227,1.192,1.00000,74.342,0.583,11.171
[SHELL] ccB:98,2147514049,1,7.857,2.968,-10.825,56.273,56.855,43.145,56.832,56.477,43.168
[SHELL] ccA:99,2247989787,579357,0.576,11.313,0.000,10.000,5.60498,5.65560,23.73,-1.251,6.495,-1.251,6.495,-1.228,1.191,1.00000,74.342,0.131,12.186
[SHELL] ccB:99,24591,1,7.748,4.273,-12.021,55.652,56.979,43.021,56.273,56.855,43.145
[SHELL] ccA:100,2248099775,579358,0.430,11.609,0.000,10.000,5.66092,5.71154,23.74,-1.245,6.482,-1.245,6.482,-1.228,1.190,1.00000,73.902,0.875,10.891
[SHELL] ccB:100,2147514063,1,7.059,3.693,-10.752,54.993,57.178,42.822,55.652,56.979,43.021
[SHELL] ccA:101,2248209815,579359,0.332,10.832,0.000,10.000,5.71662,5.76723,23.71,-1.241,6.513,-1.241,6.513,-1.228,1.190,1.00000,73.902,-0.552,9.360
[SHELL] ccB:101,24605,1,4.559,4.817,-9.375,54.330,57.356,42.644,54.993,57.178,42.822
[SHELL] ccA:102,2248319787,579360,0.249,10.032,0.000,10.000,5.77466,5.82528,23.74,-1.238,6.545,-1.238,6.545,-1.228,1.190,1.00000,74.342,1.223,10.518
[SHELL] ccB:102,2147514057,1,6.189,4.345,-10.535,53.597,57.476,42.524,54.330,57.356,42.644
[SHELL] ccA:103,2248429787,579361,0.738,9.994,0.000,10.000,5.82176,5.87238,23.74,-1.258,6.546,-1.258,6.546,-1.228,1.190,1.00000,74.342,1.055,9.582
[SHELL] ccB:103,24591,1,5.211,4.418,-9.629,52.948,57.576,42.424,53.597,57.476,42.524
[SHELL] ccA:104,2248539795,579362,1.039,9.738,0.000,10.000,5.87736,5.92798,23.74,-1.270,6.557,-1.270,6.557,-1.229,1.190,1.00000,74.342,0.820,9.270
[SHELL] ccB:104,2147514053,1,4.414,4.889,-9.303,52.197,57.676,42.324,52.948,57.576,42.424
[SHELL] ccA:105,2248649807,579363,0.725,9.457,0.000,10.000,5.93469,5.98532,23.73,-1.258,6.568,-1.258,6.568,-1.229,1.190,1.00000,74.342,0.206,9.705
[SHELL] ccB:105,24601,1,3.507,6.085,-9.593,51.462,57.744,42.256,52.197,57.676,42.324
[SHELL] ccA:106,2248759855,579364,0.521,9.182,0.000,10.000,5.98459,6.03522,23.81,-1.250,6.579,-1.250,6.579,-1.230,1.191,1.00000,74.342,0.852,8.047
[SHELL] ccB:106,2147514023,1,3.181,4.853,-8.034,50.812,57.788,42.212,51.462,57.744,42.256
[SHELL] ccA:107,2248869787,579365,0.466,8.559,0.000,10.000,6.03595,6.08657,23.69,-1.248,6.605,-1.248,6.605,-1.230,1.192,1.00000,74.342,-0.045,8.439
[SHELL] ccB:107,24591,1,2.021,6.085,-8.107,50.133,57.830,42.170,50.812,57.788,42.212
[SHELL] ccA:108,2248979815,579366,0.138,8.297,0.000,10.000,6.09147,6.14209,23.74,-1.235,6.616,-1.235,6.616,-1.230,1.192,1.00000,74.342,-0.209,8.263
[SHELL] ccB:108,2147514043,1,1.369,6.375,-7.744,49.410,57.833,42.167,50.133,57.830,42.170
[SHELL] ccA:109,2249089807,579367,-0.146,8.583,0.000,10.000,6.15094,6.20173,23.74,-1.224,6.623,-1.224,6.623,-1.230,1.193,1.00000,74.342,-0.121,9.368
[SHELL] ccB:109,24601,1,1.115,7.499,-8.614,48.626,57.805,42.195,49.410,57.833,42.167
[SHELL] ccA:110,2249199799,579368,-0.391,9.097,0.000,10.000,6.19660,6.24739,23.74,-1.214,6.603,-1.214,6.603,-1.230,1.194,1.00000,74.342,-1.114,9.388
[SHELL] ccB:110,2147514051,1,-0.298,8.332,-8.034,48.029,57.737,42.263,48.626,57.805,42.195
[SHELL] ccA:111,2249309819,579369,-0.542,9.422,0.000,10.000,6.25003,0.01763,23.75,-1.208,6.590,-1.208,6.590,-1.229,1.194,1.00000,74.342,0.183,9.544
[SHELL] ccB:111,24607,1,0.499,8.006,-8.505,47.329,57.651,42.349,48.029,57.737,42.263
[SHELL] ccA:112,2249419775,579370,-0.410,9.476,0.000,10.000,0.02178,0.07257,23.75,-1.213,6.588,-1.213,6.588,-1.229,1.194,1.00000,74.342,-0.890,9.429
[SHELL] ccB:112,2147514063,1,-1.096,8.695,-7.599,46.596,57.552,42.448,47.329,57.651,42.349
[SHELL] ccA:113,2249529695,579371,-0.189,9.422,0.000,10.000,0.07593,0.12672,23.66,-1.221,6.591,-1.221,6.591,-1.229,1.194,1.00000,74.342,0.844,9.286
[SHELL] ccB:113,24545,1,0.137,8.006,-8.143,45.875,57.436,42.564,46.596,57.552,42.448
[SHELL] ccA:114,2249639623,579372,0.201,9.410,0.000,10.000,0.13339,0.18418,23.60,-1.237,6.591,-1.237,6.591,-1.229,1.195,1.00000,74.342,0.005,9.639
[SHELL] ccB:114,2147514139,1,-1.277,8.912,-7.635,45.110,57.285,42.715,45.875,57.436,42.564
[SHELL] ccA:115,2249749679,579373,0.237,9.588,0.000,10.000,0.18537,0.23615,23.67,-1.239,6.584,-1.239,6.584,-1.229,1.195,1.00000,74.342,0.094,9.788
[SHELL] ccB:115,24537,1,-1.712,9.202,-7.490,44.462,57.120,42.880,45.110,57.285,42.715
[SHELL] ccA:116,2249859591,579374,0.194,9.924,0.000,10.000,0.23676,0.28755,23.59,-1.237,6.571,-1.237,6.571,-1.229,1.195,1.00000,73.902,0.582,10.484
[SHELL] ccB:116,2147514155,1,-1.893,9.891,-7.998,43.810,56.973,43.027,44.462,57.120,42.880
[SHELL] ccA:117,2249969607,579375,0.296,10.372,0.000,10.000,0.29571,0.34650,23.54,-1.241,6.553,-1.241,6.553,-1.229,1.195,1.00000,73.902,-0.073,10.731
[SHELL] ccB:117,24501,1,-3.198,10.471,-7.273,43.192,56.808,43.350,43.810,56.973,43.027
[SHELL] ccA:118,2250079571,579376,0.121,10.906,0.000,10.000,0.34678,0.39757,23.54,-1.234,6.531,-1.234,6.531,-1.230,1.194,1.00000,74.342,0.049,11.676
[SHELL] ccB:118,2147514165,1,-3.923,11.485,-7.563,43.072,56.928,44.012,43.192,56.808,43.350
[SHELL] ccA:119,2250189595,579377,0.336,11.264,0.000,10.000,0.39966,0.45044,23.55,-1.243,6.516,-1.243,6.516,-1.230,1.194,1.00000,74.342,1.321,10.972
[SHELL] ccB:119,24495,1,-3.053,10.724,-7.672,42.907,57.093,44.686,43.072,56.928,44.012
[SHELL] ccA:120,2250299567,579378,0.504,11.299,0.000,10.000,0.45204,0.50273,23.54,-1.250,6.503,-1.250,6.503,-1.230,1.193,1.00000,74.342,-0.674,11.576
[SHELL] ccB:120,2147514167,1,-5.662,11.594,-5.932,42.765,57.235,45.361,42.907,57.093,44.686
[SHELL] ccA:121,2250409531,579379,0.182,11.316,0.000,10.000,0.50395,0.55463,23.50,-1.237,6.502,-1.237,6.502,-1.230,1.192,1.00000,74.342,0.753,11.140
[SHELL] ccB:121,24463,1,-4.720,11.123,-6.403,42.645,57.355,45.996,42.765,57.235,45.361
[SHELL] ccA:122,2250519515,579380,0.018,11.028,0.000,10.000,0.56486,0.61554,23.49,-1.231,6.513,-1.231,6.513,-1.230,1.192,1.00000,74.342,-0.761,10.257
[SHELL] ccB:122,2147514193,1,-6.133,10.217,-4.083,42.509,57.491,46.758,42.645,57.355,45.996
[SHELL] ccA:123,2250629555,579381,-0.043,10.274,0.000,10.000,0.61697,0.66765,23.47,-1.228,6.543,-1.228,6.543,-1.230,1.192,1.00000,74.342,0.599,9.441
[SHELL] ccB:123,24475,1,-4.974,9.456,-4.482,42.390,57.610,47.411,42.509,57.491,46.758
[SHELL] ccA:124,2250739515,579382,0.059,9.491,0.000,10.000,0.67353,0.72421,23.49,-1.232,6.574,-1.232,6.574,-1.230,1.192,1.00000,74.342,-0.203,8.824
[SHELL] ccB:124,2147514193,1,-5.662,8.695,-3.032,42.282,57.718,48.148,42.390,57.610,47.411
[SHELL] ccA:125,2250849755,579383,0.134,8.983,0.000,10.000,0.72767,0.77836,23.49,-1.236,6.595,-1.236,6.595,-1.230,1.192,1.00000,74.342,0.344,8.845
[SHELL] ccB:125,24575,1,-5.626,8.731,-3.105,42.211,57.789,48.869,42.282,57.718,48.148
[SHELL] ccA:126,2250959999,579384,-0.022,8.829,0.000,10.000,0.78069,0.83137,23.90,-1.229,6.602,-1.229,6.602,-1.230,1.193,1.00000,74.342,-0.575,8.804
[SHELL] ccB:126,2147513951,1,-6.605,8.368,-1.764,42.181,57.819,49.570,42.211,57.789,48.869
[SHELL] ccA:127,2251070003,579385,-0.228,8.874,0.000,10.000,0.83095,0.88163,23.92,-1.221,6.601,-1.221,6.601,-1.230,1.194,1.00000,74.342,-0.106,9.042
[SHELL] ccB:127,24699,1,-6.750,8.586,-1.836,42.181,57.819,50.235,42.181,57.819,49.570
[SHELL] ccA:128,2251180035,579386,-0.373,9.032,0.000,10.000,0.88256,0.93323,23.90,-1.215,6.595,-1.215,6.595,-1.230,1.194,1.00000,74.342,-0.703,9.240
[SHELL] ccB:128,2147513933,1,-7.583,8.405,-0.821,42.206,57.794,50.922,42.181,57.819,50.235
[SHELL] ccA:129,2251290007,579387,-0.688,9.421,0.000,10.000,0.93762,0.98830,23.93,-1.202,6.580,-1.202,6.580,-1.229,1.194,1.00000,74.342,-1.239,10.160
[SHELL] ccB:129,24701,1,-8.924,8.803,0.121,42.266,57.734,51.639,42.206,57.794,50.922
[SHELL] ccA:130,2251400019,579388,-0.832,9.825,0.000,10.000,0.99247,1.04321,23.99,-1.196,6.571,-1.196,6.571,-1.229,1.195,1.00000,74.342,-0.146,9.739
[SHELL] ccB:130,2147513941,1,-8.236,8.622,-0.387,42.340,57.660,52.360,42.266,57.734,51.639
[SHELL] ccA:131,2251509919,579389,-0.448,9.754,0.000,10.000,1.04402,1.09477,23.87,-1.211,6.573,-1.211,6.573,-1.229,1.195,1.00000,74.342,-0.259,9.376
[SHELL] ccB:131,24657,1,-8.236,8.006,0.230,42.418,57.582,53.071,42.340,57.660,52.360
[SHELL] ccA:132,2251619907,579390,-0.268,9.596,0.000,10.000,1.09899,1.14974,23.87,-1.218,6.580,-1.218,6.580,-1.229,1.195,1.00000,74.342,-0.407,9.893
[SHELL] ccB:132,2147513997,1,-8.997,8.078,0.918,42.520,57.480,53.804,42.418,57.582,53.071
[SHELL] ccA:133,2251729959,579391,-0.440,9.673,0.000,10.000,1.15569,1.20643,23.86,-1.211,6.577,-1.211,6.577,-1.228,1.195,1.00000,74.342,-0.688,9.528
[SHELL] ccB:133,24677,1,-8.997,7.281,1.716,42.659,57.341,54.516,42.520,57.480,53.804
[SHELL] ccA:134,2251839955,579392,-0.482,9.780,0.000,10.000,1.21328,1.26403,23.86,-1.209,6.573,-1.209,6.573,-1.228,1.195,1.00000,74.342,-0.145,10.169
[SHELL] ccB:134,2147513973,1,-9.577,7.752,1.824,42.825,57.175,55.235,42.659,57.341,54.516
[SHELL] ccA:135,2251949911,579393,-0.041,10.012,0.000,10.000,1.25620,1.30695,23.87,-1.227,6.564,-1.227,6.564,-1.228,1.195,1.00000,74.342,0.814,10.183
[SHELL] ccB:135,24653,1,-9.432,8.115,1.317,42.977,57.023,55.793,42.825,57.175,55.235
[SHELL] ccA:136,2252059939,579394,0.430,10.375,0.000,10.000,1.31719,1.36794,23.87,-1.246,6.549,-1.246,6.549,-1.228,1.195,1.00000,74.342,0.239,10.966
[SHELL] ccB:136,2147513981,1,-10.555,7.861,2.694,43.218,56.782,56.551,42.977,57.023,55.793
[SHELL] ccA:137,2252169927,579395,0.348,11.058,0.000,10.000,1.37281,1.42356,23.87,-1.243,6.521,-1.243,6.521,-1.229,1.194,1.00000,74.342,0.100,12.116
[SHELL] ccB:137,24661,1,-11.860,8.078,3.781,43.150,56.216,56.850,43.218,56.782,56.551
[SHELL] ccA:138,2252279939,579396,0.455,11.545,0.000,10.000,1.42502,1.47578,23.87,-1.247,6.501,-1.247,6.501,-1.229,1.194,1.00000,74.342,1.382,10.981
[SHELL] ccB:138,2147513981,1,-10.664,7.897,2.767,42.988,55.557,57.012,43.150,56.216,56.850
[SHELL] ccA:139,2252389943,579397,0.810,11.298,0.000,10.000,1.47330,1.52404,23.86,-1.262,6.510,-1.262,6.510,-1.229,1.193,1.00000,74.342,0.375,11.116
[SHELL] ccB:139,24669,1,-11.026,6.774,4.253,42.823,54.950,57.177,42.988,55.557,57.012
[SHELL] ccA:140,2252499955,579398,0.719,11.068,0.000,10.000,1.53680,1.58754,23.86,-1.258,6.519,-1.258,6.519,-1.230,1.192,1.00000,74.342,0.745,11.058
[SHELL] ccB:140,2147513973,1,-11.026,6.484,4.543,42.649,54.165,57.351,42.823,54.950,57.177
[SHELL] ccA:141,2252609959,579399,0.541,10.819,0.000,10.000,1.59099,1.64185,23.86,-1.252,6.541,-1.252,6.541,-1.230,1.192,1.00000,73.902,0.298,10.044
[SHELL] ccB:141,24677,1,-10.048,5.106,4.941,42.465,53.521,57.535,42.649,54.165,57.351
[SHELL] ccA:142,2252719935,579400,0.373,10.219,0.000,10.000,1.63431,1.68519,23.86,-1.245,6.565,-1.245,6.565,-1.230,1.192,1.00000,73.902,0.148,9.732
[SHELL] ccB:142,2147513983,1,-9.722,4.454,5.267,42.361,52.984,57.639,42.465,53.521,57.535
[SHELL] ccA:143,2252830091,579401,-0.269,9.696,0.000,10.000,1.69559,1.74648,24.00,-1.219,6.586,-1.219,6.586,-1.230,1.192,1.00000,73.902,-1.672,9.277
[SHELL] ccB:143,24743,1,-8.997,2.062,6.935,42.257,52.231,57.743,42.361,52.984,57.639
[SHELL] ccA:144,2252939923,579402,-0.648,9.258,0.000,10.000,1.75546,1.80633,23.87,-1.204,6.604,-1.204,6.604,-1.230,1.192,1.00000,74.342,0.602,8.745
[SHELL] ccB:144,2147513989,1,-8.707,3.475,5.231,42.225,51.457,57.775,42.257,52.231,57.743
[SHELL] ccA:145,2253049943,579403,-0.073,8.823,0.000,10.000,1.80002,1.85089,23.86,-1.227,6.622,-1.227,6.622,-1.230,1.193,1.00000,74.342,0.175,8.528
[SHELL] ccB:145,24669,1,-8.344,2.642,5.702,42.169,50.820,57.831,42.225,51.457,57.775
[SHELL] ccA:146,2253159919,579404,0.317,8.703,0.000,10.000,1.85302,1.90389,23.86,-1.242,6.627,-1.242,6.627,-1.230,1.194,1.00000,74.342,0.316,9.012
[SHELL] ccB:146,2147513991,1,-8.743,2.461,6.282,42.145,50.071,57.855,42.169,50.820,57.831
[SHELL] ccA:147,2253269955,579405,0.053,9.008,0.000,10.000,1.90984,1.96071,23.86,-1.232,6.616,-1.232,6.616,-1.230,1.194,1.00000,74.342,-0.594,9.480
[SHELL] ccB:147,24675,1,-8.743,1.156,7.587,42.171,49.316,57.829,42.145,50.071,57.855
[SHELL] ccA:148,2253379931,579406,-0.523,9.388,0.000,10.000,1.95682,2.00769,23.86,-1.209,6.601,-1.209,6.601,-1.229,1.194,1.00000,74.342,-1.221,9.581
[SHELL] ccB:148,2147513985,1,-8.417,0.105,8.312,42.218,48.724,57.782,42.171,49.316,57.829
[SHELL] ccA:149,2253489835,579407,-0.876,9.741,0.000,10.000,2.01801,2.06888,23.82,-1.194,6.587,-1.194,6.587,-1.229,1.195,1.00000,74.342,-0.467,10.322
[SHELL] ccB:149,24615,1,-9.105,0.322,8.783,42.294,47.931,57.706,42.218,48.724,57.782
[SHELL] ccA:150,2253599895,579408,-0.794,10.211,0.000,10.000,2.06679,2.11764,23.79,-1.197,6.568,-1.197,6.568,-1.229,1.194,1.00000,74.342,-1.022,10.618
[SHELL] ccB:150,2147514003,1,-8.852,-0.729,9.580,42.383,47.278,57.617,42.294,47.931,57.706
[SHELL] ccA:151,2253709855,579409,-0.707,10.167,0.000,10.000,2.13178,2.18265,23.82,-1.200,6.570,-1.200,6.570,-1.228,1.194,1.00000,74.342,-0.316,9.112
[SHELL] ccB:151,24625,1,-7.547,-0.656,8.203,42.500,46.420,57.500,42.383,47.278,57.617
[SHELL] ccA:152,2253819895,579410,-0.576,9.566,0.000,10.000,2.17232,2.22303,23.82,-1.205,6.577,-1.205,6.577,-1.228,1.195,1.00000,74.342,-0.650,9.424
[SHELL] ccB:152,2147514003,1,-7.402,-1.381,8.783,42.582,45.887,57.418,42.500,46.420,57.500
[SHELL] ccA:153,2253929895,579411,-0.506,9.241,0.000,10.000,2.23141,2.28211,23.82,-1.208,6.590,-1.208,6.590,-1.228,1.195,1.00000,74.342,-0.409,9.003
[SHELL] ccB:153,24645,1,-6.858,-1.635,8.493,42.721,45.125,57.279,42.582,45.887,57.418
[SHELL] ccA:154,2254039883,579412,-0.371,9.357,0.000,10.000,2.27899,2.32970,23.82,-1.213,6.586,-1.213,6.586,-1.228,1.195,1.00000,74.342,-0.017,9.999
[SHELL] ccB:154,2147514009,1,-7.583,-1.852,9.436,42.869,44.523,57.131,42.721,45.125,57.279
[SHELL] ccA:155,2254149863,579413,-0.263,9.803,0.000,10.000,2.33748,2.38818,23.81,-1.217,6.568,-1.217,6.568,-1.227,1.195,1.00000,74.342,-0.609,10.210
[SHELL] ccB:155,24629,1,-6.931,-3.048,9.979,43.087,43.812,56.913,42.869,44.523,57.131
[SHELL] ccA:156,2254259823,579414,-0.308,10.518,0.000,10.000,2.39164,2.44234,23.75,-1.215,6.539,-1.215,6.539,-1.227,1.195,1.00000,74.342,0.003,11.654
[SHELL] ccB:156,2147514039,1,-7.946,-3.411,11.356,43.384,43.259,56.741,43.087,43.812,56.913
[SHELL] ccA:157,2254369803,579415,-0.010,11.245,0.000,10.000,2.45191,2.50261,23.76,-1.227,6.509,-1.227,6.509,-1.227,1.195,1.00000,74.342,0.563,11.462
[SHELL] ccB:157,24599,1,-7.728,-3.483,11.211,44.154,43.061,56.939,43.384,43.259,56.741
[SHELL] ccA:158,2254479823,579416,0.358,11.576,0.000,10.000,2.50034,2.55105,23.76,-1.242,6.495,-1.242,6.495,-1.227,1.194,1.00000,74.342,0.302,11.727
[SHELL] ccB:158,2147514039,1,-7.257,-4.353,11.610,44.784,42.910,57.090,44.154,43.061,56.939
[SHELL] ccA:159,2254589799,579417,0.427,11.508,0.000,10.000,2.55887,2.60958,23.75,-1.245,6.497,-1.245,6.497,-1.228,1.193,1.00000,74.342,0.539,11.118
[SHELL] ccB:159,24597,1,-6.568,-4.498,11.066,45.514,42.742,57.258,44.784,42.910,57.090
[SHELL] ccA:160,2254699867,579418,0.313,11.239,0.000,10.000,2.60030,2.65101,23.83,-1.240,6.507,-1.240,6.507,-1.228,1.192,1.00000,74.342,-0.129,10.993
[SHELL] ccB:160,2147514017,1,-5.554,-5.440,10.994,46.021,42.633,57.367,45.514,42.742,57.258
[SHELL] ccA:161,2254809815,579419,0.259,10.982,0.000,10.000,2.66626,2.71697,23.75,-1.238,6.517,-1.238,6.517,-1.228,1.192,1.00000,74.342,0.756,10.825
[SHELL] ccB:161,24605,1,-5.626,-5.223,10.849,46.859,42.488,57.512,46.021,42.633,57.367
[SHELL] ccA:162,2254919819,579420,0.515,10.670,0.000,10.000,2.72047,2.77118,23.75,-1.249,6.529,-1.249,6.529,-1.228,1.192,1.00000,74.342,0.677,10.035
[SHELL] ccB:162,2147514041,1,-4.720,-5.332,10.052,47.580,42.383,57.617,46.859,42.488,57.512
[SHELL] ccA:163,2255029827,579421,0.743,10.059,0.000,10.000,2.77237,2.82322,23.76,-1.258,6.570,-1.258,6.570,-1.229,1.192,1.00000,74.342,0.863,9.341
[SHELL] ccB:163,24611,1,-4.176,-5.187,9.363,48.262,42.272,57.728,47.580,42.383,57.617
[SHELL] ccA:164,2255139807,579422,0.570,9.336,0.000,10.000,2.82325,2.87411,23.71,-1.252,6.599,-1.252,6.599,-1.229,1.192,1.00000,74.342,-0.125,8.627
[SHELL] ccB:164,2147514047,1,-2.582,-5.839,8.421,48.916,42.201,57.799,48.262,42.272,57.728
[SHELL] ccA:165,2255249823,579423,0.261,8.920,0.000,10.000,2.87623,2.92708,23.75,-1.239,6.616,-1.239,6.616,-1.229,1.192,1.00000,74.342,0.432,9.083
[SHELL] ccB:165,24609,1,-2.799,-6.093,8.892,49.602,42.162,57.838,48.916,42.201,57.799
[SHELL] ccA:166,2255359827,579424,-0.042,9.005,0.000,10.000,2.93288,2.98374,23.75,-1.227,6.613,-1.227,6.613,-1.229,1.193,1.00000,74.342,-0.909,9.228
[SHELL] ccB:166,2147514037,1,-1.023,-7.470,8.493,50.348,42.167,57.833,49.602,42.162,57.838
[SHELL] ccA:167,2255469807,579425,-0.435,9.330,0.000,10.000,2.98569,3.03656,23.76,-1.211,6.601,-1.211,6.601,-1.229,1.193,1.00000,74.342,-0.355,9.782
[SHELL] ccB:167,24601,1,-1.168,-7.833,9.001,51.034,42.205,57.795,50.348,42.167,57.833
[SHELL] ccA:168,2255579835,579426,-0.342,9.767,0.000,10.000,3.04157,3.09243,23.75,-1.215,6.583,-1.215,6.583,-1.229,1.193,1.00000,74.342,0.252,10.276
[SHELL] ccB:168,2147514033,1,-1.277,-8.195,9.472,51.796,42.271,57.729,51.034,42.205,57.795
[SHELL] ccA:169,2255689815,579427,-0.368,10.081,0.000,10.000,3.09463,3.14549,23.75,-1.214,6.571,-1.214,6.571,-1.228,1.193,1.00000,74.342,-1.622,9.988
[SHELL] ccB:169,24605,1,1.152,-9.282,8.131,52.500,42.351,57.649,51.796,42.271,57.729
[SHELL] ccA:170,2255799823,579428,-0.996,10.209,0.000,10.000,3.14655,3.19740,23.75,-1.188,6.566,-1.188,6.566,-1.228,1.193,1.00000,74.342,-0.990,10.582
[SHELL] ccB:170,2147514039,1,1.043,-9.681,8.638,53.132,42.441,57.559,52.500,42.351,57.649
[SHELL] ccA:171,2255909807,579429,-0.616,10.524,0.000,10.000,3.20827,3.25913,23.76,-1.203,6.553,-1.203,6.553,-1.228,1.193,1.00000,74.342,1.139,10.944
[SHELL] ccB:171,24601,1,-0.407,-9.319,9.725,53.961,42.584,57.416,53.132,42.441,57.559
[SHELL] ccA:172,2256019807,579430,0.208,10.065,0.000,10.000,3.25510,3.30594,23.73,-1.236,6.571,-1.236,6.571,-1.228,1.193,1.00000,74.342,-0.453,7.790
[SHELL] ccB:172,2147514047,1,1.333,-7.325,5.992,54.630,42.684,57.316,53.961,42.584,57.416
[SHELL] ccA:173,2256129795,579431,0.027,9.126,0.000,10.000,3.30706,3.35793,23.76,-1.229,6.609,-1.229,6.609,-1.228,1.193,1.00000,74.342,-0.126,9.980
[SHELL] ccB:173,24595,1,1.768,-9.391,7.623,55.284,42.788,57.212,54.630,42.684,57.316
[SHELL] ccA:174,2256239843,579432,-0.311,9.323,0.000,10.000,3.36853,3.41945,23.76,-1.215,6.608,-1.215,6.608,-1.228,1.194,1.00000,74.342,-0.541,9.541
[SHELL] ccB:174,2147514029,1,2.674,-9.282,6.608,56.015,42.985,57.015,55.284,42.788,57.212
[SHELL] ccA:175,2256349943,579433,-0.228,9.969,0.000,10.000,3.41523,3.46615,23.85,-1.218,6.583,-1.218,6.583,-1.227,1.194,1.00000,74.342,0.296,10.815
[SHELL] ccB:175,24669,1,2.638,-10.406,7.768,56.565,43.185,56.815,56.015,42.985,57.015
[SHELL] ccA:176,2256459899,579434,-0.203,10.437,0.000,10.000,3.47807,3.52900,23.83,-1.219,6.564,-1.219,6.564,-1.227,1.193,1.00000,74.342,-0.862,10.575
[SHELL] ccB:176,2147514001,1,4.305,-10.551,6.246,56.912,43.088,56.174,56.565,43.185,56.815
[SHELL] ccA:177,2256570055,579435,-0.520,10.898,0.000,10.000,3.52189,3.57284,23.97,-1.206,6.545,-1.206,6.545,-1.227,1.193,1.00000,74.342,-0.651,11.628
[SHELL] ccB:177,24725,1,4.921,-11.602,6.681,57.035,42.965,55.643,56.912,43.088,56.174
[SHELL] ccA:178,2256679911,579436,-0.532,11.369,0.000,10.000,3.58082,3.63175,23.83,-1.206,6.525,-1.206,6.525,-1.227,1.192,1.00000,74.342,0.035,11.646
[SHELL] ccB:178,2147513995,1,4.921,-11.602,6.681,57.195,42.805,54.896,57.035,42.965,55.643
[SHELL] ccA:179,2256789903,579437,-0.143,11.632,0.000,10.000,3.63240,3.68332,23.84,-1.221,6.514,-1.221,6.514,-1.227,1.192,1.00000,74.342,0.008,11.608
[SHELL] ccB:179,24649,1,5.465,-11.602,6.137,57.328,42.672,54.209,57.195,42.805,54.896
[SHELL] ccA:180,2256899915,579438,0.259,11.637,0.000,10.000,3.69997,3.75089,23.83,-1.237,6.513,-1.237,6.513,-1.227,1.191,1.00000,74.342,0.984,11.684
[SHELL] ccB:180,2147513993,1,5.356,-11.711,6.355,57.482,42.518,53.312,57.328,42.672,54.209
[SHELL] ccA:181,2257009895,579439,0.367,11.253,0.000,10.000,3.74093,3.79185,23.84,-1.242,6.528,-1.242,6.528,-1.227,1.190,1.00000,74.342,-0.507,10.038
[SHELL] ccB:181,24645,1,6.081,-9.971,3.890,57.572,42.428,52.781,57.482,42.518,53.312
[SHELL] ccA:182,2257119915,579440,-0.081,10.312,0.000,10.000,3.80557,3.85649,23.83,-1.224,6.565,-1.224,6.565,-1.227,1.190,1.00000,73.902,-0.296,9.490
[SHELL] ccB:182,2147513993,1,6.081,-9.355,3.274,57.740,42.260,51.999,57.572,42.428,52.781
[SHELL] ccA:183,2257229923,579441,-0.385,9.516,0.000,10.000,3.85058,3.90152,23.83,-1.211,6.597,-1.211,6.597,-1.227,1.190,1.00000,73.902,-0.442,9.048
[SHELL] ccB:183,24659,1,6.226,-8.811,2.585,57.816,42.184,51.436,57.740,42.260,51.999
[SHELL] ccA:184,2257339891,579442,-0.503,9.174,0.000,10.000,3.90073,3.95165,23.84,-1.206,6.611,-1.206,6.611,-1.227,1.191,1.00000,73.902,-0.835,9.113
[SHELL] ccB:184,2147514005,1,6.878,-8.666,1.788,57.863,42.137,50.772,57.816,42.184,51.436
[SHELL] ccA:185,2257449911,579443,-0.717,9.216,0.000,10.000,3.94992,4.00067,23.86,-1.198,6.592,-1.198,6.592,-1.226,1.191,1.00000,73.902,-0.756,9.591
[SHELL] ccB:185,24653,1,7.458,-8.992,1.534,57.851,42.149,50.114,57.863,42.137,50.772
[SHELL] ccA:186,2257559879,579444,-0.753,9.771,0.000,10.000,4.00856,4.05931,23.81,-1.196,6.570,-1.196,6.570,-1.226,1.191,1.00000,73.902,-0.664,10.788
[SHELL] ccB:186,2147514011,1,8.654,-9.935,1.281,57.815,42.185,49.315,57.851,42.149,50.114
[SHELL] ccA:187,2257669871,579445,-0.825,10.463,0.000,10.000,4.06079,4.11154,23.80,-1.192,6.542,-1.192,6.542,-1.225,1.191,1.00000,74.342,-1.217,10.685
[SHELL] ccB:187,24633,1,9.234,-9.391,0.157,57.705,42.295,48.620,57.815,42.185,49.315
[SHELL] ccA:188,2257779887,579446,-0.959,10.685,0.000,10.000,4.11460,4.16535,23.81,-1.187,6.533,-1.187,6.533,-1.225,1.191,1.00000,74.342,-0.738,10.581
[SHELL] ccB:188,2147514007,1,9.161,-9.210,0.048,57.640,42.360,47.915,57.705,42.295,48.620
[SHELL] ccA:189,2257889883,579447,-0.662,10.540,0.000,10.000,4.18149,4.23223,23.81,-1.198,6.538,-1.198,6.538,-1.225,1.190,1.00000,74.342,0.045,10.314
[SHELL] ccB:189,24639,1,8.872,-8.992,0.121,57.548,42.452,47.012,57.640,42.360,47.915
[SHELL] ccA:190,2257999903,579448,-0.491,10.353,0.000,10.000,4.22554,4.27629,23.81,-1.205,6.545,-1.205,6.545,-1.224,1.190,1.00000,74.342,-1.317,10.202
[SHELL] ccB:190,2147513999,1,9.633,-7.941,-1.691,57.473,42.527,46.424,57.548,42.452,47.012
[SHELL] ccA:191,2258109871,579449,-1.015,10.133,0.000,10.000,4.27854,4.32930,23.81,-1.183,6.554,-1.183,6.554,-1.224,1.190,1.00000,74.342,-1.470,9.815
[SHELL] ccB:191,24633,1,9.524,-7.180,-2.344,57.367,42.633,45.784,57.473,42.527,46.424
[SHELL] ccA:192,2258219847,579450,-1.002,10.042,0.000,10.000,4.32757,4.37833,23.80,-1.183,6.558,-1.183,6.558,-1.223,1.190,1.00000,74.342,0.248,10.337
[SHELL] ccB:192,2147514027,1,9.488,-8.304,-1.184,57.243,42.757,45.162,57.367,42.633,45.784
[SHELL] ccA:193,2258329879,579451,-0.263,10.193,0.000,10.000,4.38927,4.44003,23.81,-1.213,6.552,-1.213,6.552,-1.223,1.190,1.00000,74.342,-0.080,10.285
[SHELL] ccB:193,24637,1,9.778,-7.651,-2.126,57.041,42.959,44.344,57.243,42.757,45.162
[SHELL] ccA:194,2258439875,579452,0.183,10.553,0.000,10.000,4.44096,4.49171,23.79,-1.231,6.537,-1.231,6.537,-1.223,1.190,1.00000,74.342,0.642,11.306
[SHELL] ccB:194,2147514013,1,10.720,-8.521,-2.199,56.841,43.159,43.695,57.041,42.959,44.344
[SHELL] ccA:195,2258549867,579453,0.239,11.162,0.000,10.000,4.48980,4.54056,23.81,-1.233,6.512,-1.233,6.512,-1.223,1.189,1.00000,74.342,-0.248,11.753
[SHELL] ccB:195,24631,1,11.517,-7.796,-3.721,56.745,43.492,43.255,56.841,43.159,43.695
[SHELL] ccA:196,2258659883,579454,0.084,11.558,0.000,10.000,4.54374,4.59454,23.80,-1.227,6.500,-1.227,6.500,-1.223,1.188,1.00000,74.342,0.187,11.421
[SHELL] ccB:196,2147514009,1,11.227,-7.434,-3.793,56.923,44.135,43.077,56.745,43.492,43.255
[SHELL] ccA:197,2258769895,579455,-0.061,11.602,0.000,10.000,4.58979,4.64059,23.81,-1.221,6.498,-1.221,6.498,-1.223,1.187,1.00000,74.342,-0.371,11.814
[SHELL] ccB:197,24645,1,11.771,-6.818,-4.953,57.065,44.687,42.935,56.923,44.135,43.077
[SHELL] ccA:198,2258879871,579456,-0.271,11.630,0.000,10.000,4.65635,4.70715,23.81,-1.212,6.496,-1.212,6.496,-1.223,1.187,1.00000,74.342,-0.529,11.469
[SHELL] ccB:198,2147514015,1,11.481,-5.839,-5.642,57.246,45.499,42.754,57.065,44.687,42.935
[SHELL] ccA:199,2258989875,579457,0.365,10.821,0.000,10.000,4.70438,4.75517,23.76,-1.238,6.528,-1.238,6.528,-1.223,1.186,1.00000,74.342,2.891,8.533
[SHELL] ccB:199,24635,1,8.509,-6.818,-1.691,57.409,46.123,42.591,57.246,45.499,42.754
[SHELL] ccA:200,2259099883,579458,1.609,9.475,0.000,10.000,4.76602,4.81681,23.81,-1.289,6.582,-1.289,6.582,-1.224,1.186,1.00000,74.342,1.183,9.365
[SHELL] ccB:200,2147514009,1,9.415,-5.296,-4.120,57.615,46.970,42.385,57.409,46.123,42.591
[SHELL] ccA:201,2259209879,579459,1.792,9.205,0.000,10.000,4.81849,4.86930,23.80,-1.297,6.593,-1.297,6.593,-1.225,1.187,1.00000,74.342,1.911,9.557
[SHELL] ccB:201,24637,1,9.705,-5.622,-4.083,57.712,47.673,42.288,57.615,46.970,42.385
[SHELL] ccA:202,2259319887,579460,1.285,9.358,0.000,10.000,4.86488,4.91568,23.82,-1.277,6.587,-1.277,6.587,-1.226,1.187,1.00000,74.342,0.136,8.955
[SHELL] ccB:202,2147514007,1,8.872,-3.375,-5.497,57.752,48.261,42.248,57.712,47.673,42.288
[SHELL] ccA:203,2259429863,579461,0.524,9.048,0.000,10.000,4.92609,4.97689,23.80,-1.247,6.600,-1.247,6.600,-1.226,1.188,1.00000,74.342,-0.088,8.726
[SHELL] ccB:203,24629,1,8.509,-2.577,-5.932,57.804,49.020,42.196,57.752,48.261,42.248
[SHELL] ccA:204,2259539887,579462,-0.173,8.857,0.000,10.000,4.97405,5.02485,23.81,-1.219,6.609,-1.219,6.609,-1.226,1.188,1.00000,74.342,-0.651,9.021
[SHELL] ccB:204,2147514007,1,8.545,-1.707,-6.838,57.825,49.611,42.175,57.804,49.020,42.196
[SHELL] ccA:205,2259649879,579463,-0.232,9.037,0.000,10.000,5.03116,5.08195,23.81,-1.217,6.602,-1.217,6.602,-1.226,1.189,1.00000,74.342,0.461,9.381
[SHELL] ccB:205,24637,1,9.053,-2.360,-6.693,57.817,50.382,42.183,57.825,49.611,42.175
[SHELL] ccA:206,2259759855,579464,0.054,9.445,0.000,10.000,5.08092,5.13171,23.80,-1.228,6.585,-1.228,6.585,-1.226,1.189,1.00000,74.342,-0.055,9.997
[SHELL] ccB:206,2147514023,1,9.306,-1.490,-7.817,57.779,51.081,42.221,57.817,50.382,42.183
[SHELL] ccA:207,2259869851,579465,0.027,9.687,0.000,10.000,5.15552,5.20632,23.81,-1.227,6.576,-1.227,6.576,-1.226,1.189,1.00000,74.342,-0.243,9.374
[SHELL] ccB:207,24623,1,8.364,-0.511,-7.853,57.699,52.081,42.301,57.779,51.081,42.221
[SHELL] ccA:208,2259979875,579466,-0.207,9.714,0.000,10.000,5.19282,5.24362,23.80,-1.218,6.575,-1.218,6.575,-1.226,1.189,1.00000,74.342,-0.288,10.113
[SHELL] ccB:208,2147514013,1,8.835,-0.149,-8.686,57.648,52.558,42.352,57.699,52.081,42.301
[SHELL] ccA:209,2260089887,579467,-0.342,9.653,0.000,10.000,5.24308,5.29388,23.81,-1.212,6.577,-1.212,6.577,-1.226,1.189,1.00000,74.342,-0.548,9.011
[SHELL] ccB:209,24641,1,7.494,0.612,-8.107,57.568,53.209,42.432,57.648,52.558,42.352
[SHELL] ccA:210,2260199855,579468,-0.573,9.387,0.000,10.000,5.30908,5.35988,23.80,-1.202,6.588,-1.202,6.588,-1.225,1.190,1.00000,74.342,-0.906,9.412
[SHELL] ccB:210,2147514023,1,7.277,1.591,-8.868,57.443,54.050,42.557,57.568,53.209,42.432
[SHELL] ccA:211,2260309891,579469,-0.616,9.403,0.000,10.000,5.35141,5.40221,23.81,-1.200,6.588,-1.200,6.588,-1.225,1.190,1.00000,74.342,-0.103,9.775
[SHELL] ccB:211,24643,1,7.784,1.228,-9.013,57.337,54.588,42.663,57.443,54.050,42.557
[SHELL] ccA:212,2260419915,579470,-0.201,9.438,0.000,10.000,5.40700,5.45780,23.89,-1.217,6.587,-1.217,6.587,-1.225,1.190,1.00000,74.342,0.308,8.790
[SHELL] ccB:212,2147513993,1,6.951,1.192,-8.143,57.173,55.319,42.827,57.337,54.588,42.663
[SHELL] ccA:213,2260529875,579471,0.073,9.640,0.000,10.000,5.45412,5.50491,23.80,-1.228,6.579,-1.228,6.579,-1.225,1.191,1.00000,74.342,-0.223,11.204
[SHELL] ccB:213,24635,1,8.110,2.642,-10.752,57.009,55.916,42.991,57.173,55.319,42.827
[SHELL] ccA:214,2260639855,579472,0.019,10.503,0.000,10.000,5.50935,5.56015,23.81,-1.226,6.544,-1.226,6.544,-1.225,1.190,1.00000,74.342,0.213,10.816
[SHELL] ccB:214,2147514023,1,7.712,2.714,-10.426,56.772,56.550,43.228,57.009,55.916,42.991
[SHELL] ccA:215,2260749875,579473,0.370,10.997,0.000,10.000,5.57070,5.62149,23.80,-1.240,6.524,-1.240,6.524,-1.225,1.190,1.00000,74.342,1.274,11.154
[SHELL] ccB:215,24635,1,8.255,2.461,-10.716,56.114,56.884,43.116,56.772,56.550,43.228
[SHELL] ccA:216,2260859875,579474,0.945,11.354,0.000,10.000,5.61645,5.66722,23.81,-1.263,6.506,-1.263,6.506,-1.226,1.189,1.00000,74.342,1.017,12.292
[SHELL] ccB:216,2147514013,1,8.400,3.620,-12.021,55.503,57.036,42.964,56.114,56.884,43.116
[SHELL] ccA:217,2260969875,579475,0.861,11.790,0.000,10.000,5.67284,5.72361,23.77,-1.261,6.488,-1.261,6.488,-1.226,1.188,1.00000,74.342,0.138,11.423
[SHELL] ccB:217,24635,1,6.661,4.708,-11.368,54.793,57.184,42.816,55.503,57.036,42.964
[SHELL] ccA:218,2261079887,579476,0.530,11.634,0.000,10.000,5.72949,5.78027,23.81,-1.248,6.493,-1.248,6.493,-1.226,1.187,1.00000,74.342,0.827,11.398
[SHELL] ccB:218,2147514007,1,6.697,4.672,-11.368,54.109,57.328,42.672,54.793,57.184,42.816
[SHELL] ccA:219,2261189851,579477,0.608,11.313,0.000,10.000,5.78195,5.83272,23.81,-1.251,6.505,-1.251,6.505,-1.227,1.187,1.00000,74.342,0.642,11.031
[SHELL] ccB:219,24623,1,5.863,5.179,-11.042,53.442,57.457,42.543,54.109,57.328,42.672
[SHELL] ccA:220,2261299851,579478,0.799,10.850,0.000,10.000,5.83109,5.88185,23.80,-1.259,6.523,-1.259,6.523,-1.227,1.186,1.00000,74.342,1.087,9.939
[SHELL] ccB:220,2147514025,1,5.320,4.672,-9.991,52.803,57.568,42.432,53.442,57.457,42.543
[SHELL] ccA:221,2261409903,579479,0.928,10.108,0.000,10.000,5.89290,5.94366,23.78,-1.265,6.553,-1.265,6.553,-1.228,1.186,1.00000,74.342,0.894,9.522
[SHELL] ccB:221,24649,1,4.450,5.106,-9.556,51.997,57.689,42.311,52.803,57.568,42.432
[SHELL] ccA:222,2261519875,579480,1.167,9.417,0.000,10.000,5.95144,6.00220,23.80,-1.275,6.581,-1.275,6.581,-1.228,1.187,1.00000,74.342,1.791,8.685
[SHELL] ccB:222,2147514013,1,4.522,4.345,-8.868,51.211,57.777,42.223,51.997,57.689,42.311
[SHELL] ccA:223,2261629871,579481,1.315,8.928,0.000,10.000,5.99536,6.04613,23.81,-1.281,6.601,-1.281,6.601,-1.229,1.187,1.00000,74.342,0.782,8.820
[SHELL] ccB:223,24633,1,3.254,5.505,-8.759,50.615,57.825,42.175,51.211,57.777,42.223
[SHELL] ccA:224,2261739863,579482,0.824,9.040,0.000,10.000,6.04762,6.09839,23.80,-1.262,6.597,-1.262,6.597,-1.229,1.188,1.00000,74.342,-0.058,9.833
[SHELL] ccB:224,2147514019,1,2.239,7.172,-9.411,49.943,57.824,42.176,50.615,57.825,42.175
[SHELL] ccA:225,2261849923,579483,0.141,9.273,0.000,10.000,6.10293,6.15369,23.87,-1.235,6.588,-1.235,6.588,-1.229,1.188,1.00000,74.342,-0.103,8.607
[SHELL] ccB:225,24659,1,1.442,6.629,-8.070,49.246,57.796,42.204,49.943,57.824,42.176
[SHELL] ccA:226,2261959871,579484,-0.048,9.206,0.000,10.000,6.16491,6.21585,23.81,-1.227,6.610,-1.227,6.610,-1.229,1.188,1.00000,74.342,0.071,9.777
[SHELL] ccB:226,2147514015,1,1.224,7.789,-9.013,48.427,57.779,42.221,49.246,57.796,42.204
[SHELL] ccA:227,2262069879,579485,0.073,9.430,0.000,10.000,6.20810,6.25905,23.80,-1.232,6.601,-1.232,6.601,-1.229,1.189,1.00000,74.342,0.254,9.558
[SHELL] ccB:227,24637,1,0.970,7.752,-8.723,47.836,57.722,42.278,48.427,57.779,42.221
[SHELL] ccA:228,2262179879,579486,-0.095,9.467,0.000,10.000,6.26626,0.03402,23.81,-1.225,6.600,-1.225,6.600,-1.229,1.189,1.00000,73.902,-0.958,8.974
[SHELL] ccB:228,2147514011,1,-0.806,8.187,-7.382,47.059,57.681,42.319,47.836,57.722,42.278
[SHELL] ccA:229,2262289807,579487,-0.509,9.217,0.000,10.000,0.03421,0.08515,23.79,-1.209,6.610,-1.209,6.610,-1.229,1.189,1.00000,73.902,-0.377,9.363
[SHELL] ccB:229,24601,1,-0.697,8.441,-7.744,46.415,57.598,42.402,47.059,57.681,42.319
[SHELL] ccA:230,2262399783,579488,-0.298,9.332,0.000,10.000,0.08875,0.13969,23.74,-1.217,6.606,-1.217,6.606,-1.229,1.190,1.00000,74.342,0.521,9.629
[SHELL] ccB:230,2147514059,1,-0.334,8.513,-8.179,45.713,57.423,42.577,46.415,57.598,42.402
[SHELL] ccA:231,2262509743,579489,0.297,9.661,0.000,10.000,0.14687,0.19781,23.67,-1.241,6.593,-1.241,6.593,-1.229,1.190,1.00000,74.342,0.522,10.025
[SHELL] ccB:231,24569,1,-0.951,9.130,-8.179,44.931,57.247,42.753,45.713,57.423,42.577
[SHELL] ccA:232,2262619691,579490,0.522,9.947,0.000,10.000,0.19994,0.25089,23.68,-1.250,6.582,-1.250,6.582,-1.229,1.190,1.00000,74.342,0.525,10.111
[SHELL] ccB:232,2147514105,1,-1.494,9.419,-7.925,44.260,57.066,42.934,44.931,57.247,42.753
[SHELL] ccA:233,2262729683,579491,0.327,9.921,0.000,10.000,0.25311,0.30405,23.62,-1.242,6.583,-1.242,6.583,-1.229,1.190,1.00000,74.342,-0.262,9.439
[SHELL] ccB:233,24539,1,-2.618,9.166,-6.548,43.632,56.883,43.117,44.260,57.066,42.934
[SHELL] ccA:234,2262839659,579492,0.010,9.726,0.000,10.000,0.30529,0.35624,23.63,-1.230,6.591,-1.230,6.591,-1.229,1.190,1.00000,74.342,0.039,9.917
[SHELL] ccB:234,2147514121,1,-2.944,9.673,-6.729,43.170,56.830,43.438,43.632,56.883,43.117
[SHELL] ccA:235,2262949671,579493,-0.158,9.927,0.000,10.000,0.35345,0.40440,23.62,-1.223,6.583,-1.223,6.583,-1.229,1.190,1.00000,74.342,-0.446,10.437
[SHELL] ccB:235,24533,1,-4.031,10.362,-6.331,43.008,56.992,44.013,43.170,56.830,43.438
[SHELL] ccA:236,2263059675,579494,-0.130,10.578,0.000,10.000,0.41332,0.46426,23.63,-1.224,6.556,-1.224,6.556,-1.229,1.190,1.00000,74.342,0.334,11.520
[SHELL] ccB:236,2147514113,1,-4.321,11.413,-7.092,42.839,57.161,44.780,43.008,56.992,44.013
[SHELL] ccA:237,2263169663,579495,0.380,11.392,0.000,10.000,0.46398,0.51475,23.62,-1.245,6.506,-1.245,6.506,-1.229,1.189,1.00000,74.342,1.300,12.092
[SHELL] ccB:237,24529,1,-4.249,11.993,-7.744,42.734,57.266,45.500,42.839,57.161,44.780
[SHELL] ccA:238,2263279643,579496,0.872,11.697,0.000,10.000,0.52578,0.57655,23.57,-1.265,6.493,-1.265,6.493,-1.230,1.188,1.00000,74.342,0.556,11.086
[SHELL] ccB:238,2147514129,1,-5.082,11.087,-6.004,42.591,57.409,46.334,42.734,57.266,45.500
[SHELL] ccA:239,2263389607,579497,0.815,11.139,0.000,10.000,0.57653,0.62730,23.53,-1.263,6.515,-1.263,6.515,-1.230,1.188,1.00000,74.342,0.848,10.295
[SHELL] ccB:239,24501,1,-4.901,10.326,-5.424,42.471,57.529,46.968,42.591,57.409,46.334
[SHELL] ccA:240,2263499623,579498,0.417,10.184,0.000,10.000,0.62972,0.68050,23.57,-1.247,6.553,-1.247,6.553,-1.230,1.188,1.00000,74.342,-0.583,9.061
[SHELL] ccB:240,2147514139,1,-5.807,8.948,-3.141,42.353,57.647,47.609,42.471,57.529,46.968
[SHELL] ccA:241,2263609615,579499,0.203,9.609,0.000,10.000,0.68267,0.73345,23.57,-1.239,6.576,-1.239,6.576,-1.231,1.188,1.00000,74.342,1.129,10.019
[SHELL] ccB:241,24505,1,-5.445,10.072,-4.627,42.268,57.732,48.282,42.353,57.647,47.609
[SHELL] ccA:242,2263719799,579500,0.479,9.447,0.000,10.000,0.73164,0.78242,23.58,-1.250,6.583,-1.250,6.583,-1.231,1.188,1.00000,74.342,0.239,8.688
[SHELL] ccB:242,2147514051,1,-5.626,8.550,-2.924,42.218,57.782,48.958,42.268,57.732,48.282
[SHELL] ccA:243,2263830099,579501,0.553,9.125,0.000,10.000,0.78720,0.83799,24.01,-1.253,6.596,-1.253,6.596,-1.231,1.188,1.00000,74.342,0.603,9.106
[SHELL] ccB:243,24747,1,-6.025,8.948,-2.924,42.181,57.819,49.709,42.218,57.782,48.958
[SHELL] ccA:244,2263940099,579502,0.145,9.006,0.000,10.000,0.83907,0.88984,24.00,-1.237,6.601,-1.237,6.601,-1.231,1.189,1.00000,74.342,-0.865,9.123
[SHELL] ccB:244,2147513901,1,-7.366,8.405,-1.039,42.179,57.821,50.378,42.181,57.819,49.709
[SHELL] ccA:245,2264050091,579503,-0.338,9.185,0.000,10.000,0.89663,0.94740,24.01,-1.217,6.594,-1.217,6.594,-1.231,1.189,1.00000,74.342,-0.227,9.386
[SHELL] ccB:245,24743,1,-7.474,8.658,-1.184,42.215,57.785,51.119,42.179,57.821,50.378
[SHELL] ccA:246,2264160107,579504,-0.247,9.422,0.000,10.000,0.94838,0.99916,24.01,-1.221,6.585,-1.221,6.585,-1.231,1.190,1.00000,74.342,0.328,9.792
[SHELL] ccB:246,2147513897,1,-7.764,9.057,-1.293,42.269,57.731,51.823,42.215,57.785,51.119
[SHELL] ccA:247,2264270051,579505,-0.123,9.662,0.000,10.000,0.99812,1.04886,24.00,-1.226,6.571,-1.226,6.571,-1.231,1.190,1.00000,74.342,-0.923,9.678
[SHELL] ccB:247,24723,1,-8.634,8.187,0.447,42.348,57.652,52.495,42.269,57.731,51.823
[SHELL] ccA:248,2264380047,579506,-0.927,9.998,0.000,10.000,1.05672,1.10744,23.93,-1.193,6.557,-1.193,6.557,-1.230,1.190,1.00000,74.342,-2.192,10.842
[SHELL] ccB:248,2147513927,1,-10.519,8.223,2.295,42.459,57.541,53.200,42.348,57.652,52.495
[SHELL] ccA:249,2264490031,579507,-1.413,10.237,0.000,10.000,1.11114,1.16187,23.95,-1.173,6.548,-1.173,6.548,-1.230,1.190,1.00000,73.902,-0.343,9.586
[SHELL] ccB:249,24713,1,-8.743,7.789,0.954,42.535,57.465,53.886,42.459,57.541,53.200
[SHELL] ccA:250,2264600791,579508,-0.372,9.929,0.000,10.000,1.16117,1.21190,23.95,-1.215,6.560,-1.215,6.560,-1.229,1.190,1.00000,73.902,1.390,9.700
[SHELL] ccB:250,2147513555,1,-8.344,8.622,-0.278,42.650,57.350,54.615,42.535,57.465,53.886
[SHELL] ccA:251,2264710039,579509,1.269,9.577,0.000,10.000,1.21174,1.26247,23.94,-1.281,6.574,-1.281,6.574,-1.230,1.190,1.00000,74.342,2.638,9.322
[SHELL] ccB:251,24717,1,-7.801,8.876,-1.075,42.837,57.163,55.358,42.650,57.350,54.615
[SHELL] ccA:252,2264820015,579510,1.755,9.582,0.000,10.000,1.27011,1.32084,23.95,-1.301,6.574,-1.301,6.574,-1.231,1.190,1.00000,74.342,0.356,9.985
[SHELL] ccB:252,2147513943,1,-9.432,7.571,1.861,43.036,56.964,56.112,42.837,57.163,55.358
[SHELL] ccA:253,2264930047,579511,1.166,9.703,0.000,10.000,1.31818,1.36892,23.95,-1.278,6.570,-1.278,6.570,-1.232,1.190,1.00000,74.342,1.315,9.519
[SHELL] ccB:253,24721,1,-8.888,7.607,1.281,43.210,56.790,56.638,43.036,56.964,56.112
[SHELL] ccA:254,2265040051,579512,0.696,10.000,0.000,10.000,1.37709,1.42782,23.94,-1.260,6.558,-1.260,6.558,-1.232,1.190,1.00000,74.342,-0.201,10.976
[SHELL] ccB:254,2147513925,1,-10.809,7.064,3.745,43.089,56.183,56.911,43.210,56.790,56.638
[SHELL] ccA:255,2265149995,579513,0.418,10.805,0.000,10.000,1.43195,1.48268,23.96,-1.249,6.525,-1.249,6.525,-1.232,1.190,1.00000,74.342,0.757,11.752
[SHELL] ccB:255,24695,1,-11.534,7.825,3.709,42.942,55.498,57.058,43.089,56.183,56.911
[SHELL] ccA:256,2265260039,579514,0.498,11.411,0.000,10.000,1.48411,1.53484,23.94,-1.252,6.500,-1.252,6.500,-1.232,1.189,1.00000,74.342,0.680,11.163
[SHELL] ccB:256,2147513931,1,-11.063,6.955,4.108,42.808,54.820,57.192,42.942,55.498,57.058
[SHELL] ccA:257,2265370011,579515,0.449,11.239,0.000,10.000,1.53841,1.58914,23.95,-1.251,6.506,-1.251,6.506,-1.233,1.189,1.00000,74.342,-0.320,10.877
[SHELL] ccB:257,24703,1,-10.881,5.469,5.412,42.662,54.146,57.338,42.808,54.820,57.192
[SHELL] ccA:258,2265480031,579516,0.035,10.759,0.000,10.000,1.59619,1.64704,23.94,-1.234,6.538,-1.234,6.538,-1.233,1.188,1.00000,74.342,0.101,10.121
[SHELL] ccB:258,2147513935,1,-10.120,4.925,5.195,42.512,53.461,57.488,42.662,54.146,57.338
[SHELL] ccA:259,2265590043,579517,0.111,10.061,0.000,10.000,1.64226,1.69312,23.95,-1.237,6.566,-1.237,6.566,-1.233,1.188,1.00000,74.342,0.560,9.125
[SHELL] ccB:259,24719,1,-9.142,4.490,4.651,42.396,52.877,57.604,42.512,53.461,57.488
[SHELL] ccA:260,2265700023,579518,0.498,9.290,0.000,10.000,1.69961,1.75046,23.94,-1.253,6.597,-1.253,6.597,-1.233,1.189,1.00000,74.342,0.770,8.789
[SHELL] ccB:260,2147513939,1,-8.815,4.092,4.724,42.273,52.108,57.727,42.396,52.877,57.604
[SHELL] ccA:261,2265810043,579519,0.679,8.778,0.000,10.000,1.75209,1.80295,23.94,-1.260,6.618,-1.260,6.618,-1.233,1.189,1.00000,74.342,0.617,8.407
[SHELL] ccB:261,24719,1,-8.381,3.403,4.978,42.194,51.401,57.806,42.273,52.108,57.727
[SHELL] ccA:262,2265920039,579520,0.647,8.427,0.000,10.000,1.80653,1.85738,23.95,-1.259,6.633,-1.259,6.633,-1.234,1.190,1.00000,74.342,0.582,8.106
[SHELL] ccB:262,2147513931,1,-8.018,2.859,5.159,42.145,50.672,57.855,42.194,51.401,57.806
[SHELL] ccA:263,2266030039,579521,0.208,8.269,0.000,10.000,1.85938,1.91024,23.95,-1.242,6.640,-1.242,6.640,-1.234,1.191,1.00000,74.342,-0.948,8.456
[SHELL] ccB:263,24717,1,-7.837,1.047,6.790,42.131,49.990,57.869,42.145,50.672,57.855
[SHELL] ccA:264,2266140027,579522,-0.281,8.480,0.000,10.000,1.91117,1.96203,23.95,-1.222,6.632,-1.222,6.632,-1.234,1.192,1.00000,74.342,0.190,8.900
[SHELL] ccB:264,2147513937,1,-8.453,1.808,6.645,42.154,49.321,57.846,42.131,49.990,57.869
[SHELL] ccA:265,2266249983,579523,-0.199,9.128,0.000,10.000,1.96988,2.02073,23.95,-1.225,6.607,-1.225,6.607,-1.233,1.192,1.00000,74.342,-0.228,10.253
[SHELL] ccB:265,24689,1,-9.359,1.047,8.312,42.220,48.515,57.780,42.154,49.321,57.846
[SHELL] ccA:266,2266359987,579524,-0.246,9.702,0.000,10.000,2.01869,2.06954,23.90,-1.223,6.584,-1.223,6.584,-1.233,1.192,1.00000,74.342,-0.717,9.401
[SHELL] ccB:266,2147513957,1,-8.163,-0.004,8.167,42.297,47.862,57.703,42.220,48.515,57.780
[SHELL] ccA:267,2266469955,579525,-0.676,9.673,0.000,10.000,2.07340,2.12425,23.89,-1.206,6.585,-1.206,6.585,-1.233,1.192,1.00000,74.342,-1.040,9.639
[SHELL] ccB:267,24675,1,-7.946,-0.838,8.783,42.374,47.171,57.626,42.297,47.862,57.703
[SHELL] ccA:268,2266579971,579526,-0.797,9.505,0.000,10.000,2.12675,2.17760,23.89,-1.201,6.592,-1.201,6.592,-1.233,1.193,1.00000,74.342,-0.391,9.341
[SHELL] ccB:268,2147513965,1,-7.728,-0.693,8.421,42.463,46.480,57.537,42.374,47.171,57.626
[SHELL] ccA:269,2266689967,579527,-0.642,9.395,0.000,10.000,2.18286,2.23363,23.90,-1.207,6.589,-1.207,6.589,-1.232,1.193,1.00000,74.342,-0.747,9.258
[SHELL] ccB:269,24681,1,-7.148,-1.562,8.711,42.594,45.744,57.406,42.463,46.480,57.537
[SHELL] ccA:270,2266799987,579528,-0.535,9.416,0.000,10.000,2.23196,2.28271,23.85,-1.211,6.588,-1.211,6.588,-1.232,1.193,1.00000,74.342,-0.256,9.807
[SHELL] ccB:270,2147513957,1,-7.583,-1.599,9.182,42.725,45.112,57.275,42.594,45.744,57.406
[SHELL] ccA:271,2266909971,579529,-0.279,9.635,0.000,10.000,2.29043,2.34121,23.89,-1.221,6.579,-1.221,6.579,-1.232,1.193,1.00000,74.342,0.143,9.669
[SHELL] ccB:271,24683,1,-7.366,-1.744,9.109,42.915,44.368,57.085,42.725,45.112,57.275
[SHELL] ccA:272,2267019915,579530,0.234,9.863,0.000,10.000,2.34790,2.39867,23.90,-1.241,6.570,-1.241,6.570,-1.232,1.193,1.00000,74.342,0.906,10.305
[SHELL] ccB:272,2147513993,1,-7.982,-1.707,9.689,43.131,43.639,56.869,42.915,44.368,57.085
[SHELL] ccA:273,2267129903,579531,0.479,10.431,0.000,10.000,2.39694,2.44771,23.83,-1.251,6.547,-1.251,6.547,-1.232,1.193,1.00000,74.342,-0.039,11.445
[SHELL] ccB:273,24649,1,-7.728,-3.447,11.175,43.492,43.204,56.796,43.131,43.639,56.869
[SHELL] ccA:274,2267239931,579532,0.198,11.210,0.000,10.000,2.45756,2.50833,23.83,-1.240,6.516,-1.240,6.516,-1.232,1.193,1.00000,74.342,-0.038,11.645
[SHELL] ccB:274,2147513985,1,-7.329,-4.172,11.501,44.237,43.027,56.973,43.492,43.204,56.796
[SHELL] ccA:275,2267349915,579533,0.103,11.691,0.000,10.000,2.50802,2.55878,23.81,-1.236,6.496,-1.236,6.496,-1.232,1.192,1.00000,74.342,0.527,12.031
[SHELL] ccB:275,24655,1,-7.547,-4.353,11.900,44.870,42.890,57.110,44.237,43.027,56.973
[SHELL] ccA:276,2267459915,579534,0.123,11.781,0.000,10.000,2.55915,2.60992,23.83,-1.237,6.491,-1.237,6.491,-1.232,1.191,1.00000,74.342,-0.523,11.418
[SHELL] ccB:276,2147513993,1,-5.843,-5.585,11.429,45.512,42.751,57.249,44.870,42.890,57.110
[SHELL] ccA:277,2267569899,579535,-0.008,11.430,0.000,10.000,2.61073,2.66149,23.84,-1.232,6.504,-1.232,6.504,-1.232,1.190,1.00000,73.902,0.489,10.853
[SHELL] ccB:277,24647,1,-5.916,-4.933,10.849,46.120,42.573,57.427,45.512,42.751,57.249
[SHELL] ccA:278,2267679895,579536,0.423,10.872,0.000,10.000,2.67048,2.72126,23.84,-1.250,6.526,-1.250,6.526,-1.233,1.190,1.00000,73.902,1.238,10.363
[SHELL] ccB:278,2147514003,1,-5.807,-4.607,10.414,46.910,42.420,57.580,46.120,42.573,57.427
[SHELL] ccA:279,2267789915,579537,1.022,10.483,0.000,10.000,2.71971,2.77048,23.90,-1.274,6.542,-1.274,6.542,-1.233,1.189,1.00000,73.902,1.122,10.354
[SHELL] ccB:279,24655,1,-5.264,-5.151,10.414,47.595,42.315,57.685,46.910,42.420,57.580
[SHELL] ccA:280,2267899915,579538,1.013,10.059,0.000,10.000,2.77097,2.82170,23.83,-1.274,6.554,-1.274,6.554,-1.234,1.189,1.00000,74.342,0.569,9.166
[SHELL] ccB:280,2147513993,1,-3.850,-5.296,9.146,48.282,42.286,57.714,47.595,42.315,57.685
[SHELL] ccA:281,2268009903,579539,0.747,9.451,0.000,10.000,2.82562,2.87635,23.83,-1.264,6.579,-1.264,6.579,-1.234,1.190,1.00000,74.342,0.726,9.119
[SHELL] ccB:281,24649,1,-3.524,-5.549,9.073,48.981,42.218,57.782,48.282,42.286,57.714
[SHELL] ccA:282,2268119891,579540,0.635,9.023,0.000,10.000,2.87805,2.92878,23.84,-1.260,6.596,-1.260,6.596,-1.234,1.190,1.00000,74.342,0.517,8.689
[SHELL] ccB:282,2147514005,1,-2.763,-5.767,8.529,49.673,42.179,57.821,48.981,42.218,57.782
[SHELL] ccA:283,2268229915,579541,0.419,8.942,0.000,10.000,2.93488,2.98562,23.83,-1.251,6.600,-1.251,6.600,-1.235,1.191,1.00000,74.342,-0.084,9.271
[SHELL] ccB:283,24655,1,-1.820,-6.963,8.783,50.425,42.178,57.822,49.673,42.179,57.821
[SHELL] ccA:284,2268339923,579542,-0.106,9.136,0.000,10.000,2.98419,3.03492,23.84,-1.230,6.593,-1.230,6.593,-1.235,1.191,1.00000,74.342,-0.773,9.315
[SHELL] ccB:284,2147513989,1,-0.697,-7.724,8.421,51.052,42.211,57.789,50.425,42.178,57.822
[SHELL] ccA:285,2268449887,579543,-0.783,9.197,0.000,10.000,3.04955,3.10029,23.84,-1.203,6.591,-1.203,6.591,-1.234,1.192,1.00000,74.342,-1.503,8.886
[SHELL] ccB:285,24641,1,0.680,-8.123,7.442,51.876,42.271,57.729,51.052,42.211,57.789
[SHELL] ccA:286,2268559911,579544,-0.921,9.309,0.000,10.000,3.10037,3.15111,23.84,-1.197,6.587,-1.197,6.587,-1.234,1.192,1.00000,74.342,0.097,10.150
[SHELL] ccB:286,2147513995,1,-0.516,-8.521,9.037,52.541,42.341,57.659,51.876,42.271,57.729
[SHELL] ccA:287,2268669923,579545,-0.538,9.801,0.000,10.000,3.15055,3.20128,23.83,-1.212,6.567,-1.212,6.567,-1.233,1.192,1.00000,74.342,-0.844,10.020
[SHELL] ccB:287,24659,1,0.934,-9.137,8.203,53.231,42.448,57.552,52.541,42.341,57.659
[SHELL] ccA:288,2268779923,579546,-0.525,10.088,0.000,10.000,3.20147,3.25219,23.83,-1.212,6.555,-1.212,6.555,-1.233,1.192,1.00000,74.342,-0.508,10.165
[SHELL] ccB:288,2147513989,1,1.115,-9.319,8.203,53.891,42.566,57.434,53.231,42.448,57.552
[SHELL] ccA:289,2268889907,579547,-0.443,10.078,0.000,10.000,3.25528,3.30601,23.84,-1.215,6.556,-1.215,6.556,-1.233,1.192,1.00000,74.342,0.088,9.961
[SHELL] ccB:289,24651,1,1.043,-9.101,8.058,54.584,42.698,57.302,53.891,42.566,57.434
[SHELL] ccA:290,2268999915,579548,0.037,10.072,0.000,10.000,3.30903,3.35975,23.83,-1.234,6.556,-1.234,6.556,-1.233,1.192,1.00000,74.342,0.482,10.199
[SHELL] ccB:290,2147513993,1,1.224,-9.391,8.167,55.295,42.855,57.145,54.584,42.698,57.302
[SHELL] ccA:291,2269109915,579549,0.430,10.139,0.000,10.000,3.36264,3.41339,23.84,-1.250,6.555,-1.250,6.555,-1.233,1.192,1.00000,74.342,0.665,10.198
[SHELL] ccB:291,24655,1,1.587,-9.536,7.950,55.981,43.035,56.965,55.295,42.855,57.145
[SHELL] ccA:292,2269219911,579550,0.612,10.342,0.000,10.000,3.41979,3.47054,23.83,-1.258,6.547,-1.258,6.547,-1.233,1.192,1.00000,74.342,0.636,10.774
[SHELL] ccB:292,2147513995,1,2.348,-10.297,7.950,56.670,43.256,56.744,55.981,43.035,56.965
[SHELL] ccA:293,2269329915,579551,0.655,10.927,0.000,10.000,3.47068,3.52143,23.84,-1.260,6.523,-1.260,6.523,-1.234,1.191,1.00000,74.342,0.684,11.960
[SHELL] ccB:293,24655,1,3.218,-11.602,8.384,56.877,43.123,56.149,56.670,43.256,56.744
[SHELL] ccA:294,2269439883,579552,0.573,11.494,0.000,10.000,3.52384,3.57459,23.83,-1.257,6.500,-1.257,6.500,-1.234,1.190,1.00000,74.342,0.287,11.284
[SHELL] ccB:294,2147514009,1,3.942,-11.131,7.188,57.032,42.968,55.485,56.877,43.123,56.149
[SHELL] ccA:295,2269549875,579553,0.401,11.549,0.000,10.000,3.58240,3.63315,23.83,-1.250,6.497,-1.250,6.497,-1.234,1.190,1.00000,74.342,0.345,11.670
[SHELL] ccB:295,24635,1,4.667,-11.602,6.935,57.198,42.802,54.771,57.032,42.968,55.485
[SHELL] ccA:296,2269659915,579554,0.712,11.564,0.000,10.000,3.63245,3.68319,23.84,-1.263,6.495,-1.263,6.495,-1.235,1.189,1.00000,74.342,1.871,11.633
[SHELL] ccB:296,2147513993,1,3.834,-11.566,7.732,57.333,42.667,54.118,57.198,42.802,54.771
[SHELL] ccA:297,2269769927,579555,1.713,11.501,0.000,10.000,3.68907,3.73980,23.81,-1.304,6.497,-1.304,6.497,-1.235,1.188,1.00000,74.342,2.767,11.068
[SHELL] ccB:297,24661,1,3.399,-11.131,7.732,57.478,42.522,53.320,57.333,42.667,54.118
[SHELL] ccA:298,2269879891,579556,1.938,10.890,0.000,10.000,3.74232,3.79308,23.84,-1.314,6.521,-1.314,6.521,-1.236,1.188,1.00000,74.342,0.349,9.792
[SHELL] ccB:298,2147514005,1,5.247,-9.790,4.543,57.600,42.400,52.626,57.478,42.522,53.320
[SHELL] ccA:299,2269989919,579557,0.723,9.901,0.000,10.000,3.79003,3.84078,23.84,-1.266,6.561,-1.266,6.561,-1.237,1.188,1.00000,74.342,-0.573,8.952
[SHELL] ccB:299,24657,1,5.863,-8.811,2.948,57.687,42.313,52.114,57.600,42.400,52.626
[SHELL] ccA:300,2270099911,579558,-0.055,9.109,0.000,10.000,3.84470,3.89545,23.84,-1.235,6.593,-1.235,6.593,-1.237,1.188,1.00000,74.342,0.577,8.740
[SHELL] ccB:300,2147513995,1,5.211,-8.702,3.492,57.768,42.232,51.462,57.687,42.313,52.114
[SHELL] ccA:301,2270209911,579559,0.346,8.920,0.000,10.000,3.90683,3.95757,23.83,-1.251,6.601,-1.251,6.601,-1.237,1.189,1.00000,74.342,0.805,9.250
[SHELL] ccB:301,24653,1,5.827,-9.174,3.347,57.819,42.181,50.596,57.768,42.232,51.462
[SHELL] ccA:302,2270319923,579560,0.552,9.213,0.000,10.000,3.95745,4.00827,23.86,-1.259,6.597,-1.259,6.597,-1.237,1.189,1.00000,74.342,0.020,9.612
[SHELL] ccB:302,2147513989,1,6.987,-9.210,2.223,57.823,42.177,49.890,57.819,42.181,50.596
[SHELL] ccA:303,2270429879,579561,0.528,9.699,0.000,10.000,4.00520,4.05601,23.81,-1.259,6.577,-1.259,6.577,-1.237,1.189,1.00000,74.342,1.266,10.321
[SHELL] ccB:303,24637,1,7.023,-10.152,3.129,57.789,42.211,49.240,57.823,42.177,49.890
[SHELL] ccA:304,2270539875,579562,0.598,9.947,0.000,10.000,4.06024,4.11105,23.80,-1.262,6.567,-1.262,6.567,-1.238,1.189,1.00000,74.342,-0.161,9.535
[SHELL] ccB:304,2147514013,1,7.675,-8.739,1.063,57.741,42.259,48.491,57.789,42.211,49.240
[SHELL] ccA:305,2270649883,579563,0.290,9.900,0.000,10.000,4.11616,4.16697,23.81,-1.250,6.569,-1.250,6.569,-1.238,1.189,1.00000,74.342,0.214,10.210
[SHELL] ccB:305,24639,1,8.328,-9.282,0.954,57.683,42.317,47.769,57.741,42.259,48.491
[SHELL] ccA:306,2270759871,579564,-0.135,10.026,0.000,10.000,4.16505,4.21586,23.80,-1.232,6.564,-1.232,6.564,-1.238,1.189,1.00000,74.342,-0.809,10.151
[SHELL] ccB:306,2147514015,1,9.089,-8.521,-0.568,57.605,42.395,47.156,57.683,42.317,47.769
[SHELL] ccA:307,2270869867,579565,-0.496,10.009,0.000,10.000,4.22577,4.27659,23.81,-1.218,6.565,-1.218,6.565,-1.238,1.189,1.00000,74.342,-0.578,9.526
[SHELL] ccB:307,24631,1,8.690,-7.760,-0.930,57.494,42.506,46.391,57.605,42.395,47.156
[SHELL] ccA:308,2270979891,579566,-0.389,9.806,0.000,10.000,4.27527,4.32609,23.82,-1.222,6.573,-1.222,6.573,-1.237,1.189,1.00000,74.342,0.408,10.023
[SHELL] ccB:308,2147514005,1,8.908,-8.449,-0.459,57.390,42.610,45.743,57.494,42.506,46.391
[SHELL] ccA:309,2271089879,579567,0.304,9.863,0.000,10.000,4.33746,4.38827,23.81,-1.250,6.571,-1.250,6.571,-1.238,1.189,1.00000,74.342,0.979,9.880
[SHELL] ccB:309,24637,1,8.835,-8.340,-0.495,57.214,42.786,44.901,57.390,42.610,45.743
[SHELL] ccA:310,2271199879,579568,0.881,10.118,0.000,10.000,4.38341,4.43422,23.81,-1.273,6.561,-1.273,6.561,-1.238,1.189,1.00000,74.342,1.159,10.689
[SHELL] ccB:310,2147514011,1,9.741,-8.811,-0.930,57.053,42.947,44.292,57.214,42.786,44.901
[SHELL] ccA:311,2271309875,579569,0.908,10.447,0.000,10.000,4.44514,4.49596,23.80,-1.275,6.547,-1.275,6.547,-1.238,1.189,1.00000,74.342,0.337,10.530
[SHELL] ccB:311,24635,1,10.068,-7.724,-2.344,56.821,43.179,43.554,57.053,42.947,44.292
[SHELL] ccA:312,2271419879,579570,0.679,10.765,0.000,10.000,4.48776,4.53857,23.81,-1.266,6.534,-1.266,6.534,-1.239,1.189,1.00000,74.342,0.881,11.309
[SHELL] ccB:312,2147514011,1,10.829,-8.340,-2.489,56.782,43.491,43.218,56.821,43.179,43.554
[SHELL] ccA:313,2271529855,579571,0.690,11.108,0.000,10.000,4.54229,4.59300,23.80,-1.267,6.509,-1.267,6.509,-1.239,1.188,1.00000,74.342,0.661,11.285
[SHELL] ccB:313,24625,1,11.010,-7.724,-3.286,56.953,44.171,43.047,56.782,43.491,43.218
[SHELL] ccA:314,2271639863,579572,0.972,11.244,0.000,10.000,4.59596,4.64667,23.82,-1.278,6.503,-1.278,6.503,-1.240,1.188,1.00000,74.342,1.682,11.099
[SHELL] ccB:314,2147514019,1,10.829,-7.978,-2.851,57.126,44.852,42.874,56.953,44.171,43.047
[SHELL] ccA:315,2271749891,579573,1.357,11.241,0.000,10.000,4.65142,4.70213,23.81,-1.295,6.503,-1.295,6.503,-1.240,1.187,1.00000,74.342,1.405,11.479
[SHELL] ccB:315,24643,1,11.372,-7.506,-3.866,57.289,45.572,42.711,57.126,44.852,42.874
[SHELL] ccA:316,2271859859,579574,1.509,11.022,0.000,10.000,4.71317,4.76389,23.81,-1.301,6.511,-1.301,6.511,-1.241,1.186,1.00000,74.342,1.545,10.030
[SHELL] ccB:316,2147514021,1,10.031,-6.347,-3.685,57.445,46.364,42.555,57.289,45.572,42.711
[SHELL] ccA:317,2271969871,579575,1.346,10.313,0.000,10.000,4.75755,4.80827,23.81,-1.296,6.539,-1.296,6.539,-1.242,1.186,1.00000,74.342,0.888,9.711
[SHELL] ccB:317,24633,1,9.741,-5.259,-4.482,57.557,46.906,42.443,57.445,46.364,42.555
[SHELL] ccA:318,2272079875,579576,1.013,9.556,0.000,10.000,4.81583,4.86654,23.80,-1.283,6.570,-1.283,6.570,-1.242,1.187,1.00000,73.902,0.730,8.771
[SHELL] ccB:318,2147514013,1,8.799,-4.244,-4.555,57.722,47.613,42.278,57.557,46.906,42.443
[SHELL] ccA:319,2272189919,579577,1.048,8.921,0.000,10.000,4.87303,4.92374,23.82,-1.285,6.596,-1.285,6.596,-1.243,1.187,1.00000,73.902,1.842,8.432
[SHELL] ccB:319,24657,1,8.618,-4.716,-3.902,57.818,48.369,42.182,57.722,47.613,42.278
[SHELL] ccA:320,2272299839,579578,1.132,8.486,0.000,10.000,4.92519,4.97590,23.80,-1.289,6.614,-1.289,6.614,-1.243,1.188,1.00000,73.902,0.114,8.310
[SHELL] ccB:320,2147514031,1,8.147,-2.650,-5.497,57.878,49.075,42.122,57.818,48.369,42.182
[SHELL] ccA:321,2272409875,579579,0.616,8.337,0.000,10.000,4.97708,5.02779,23.81,-1.268,6.621,-1.268,6.621,-1.244,1.189,1.00000,73.902,0.394,8.296
[SHELL] ccB:321,24635,1,8.110,-2.505,-5.606,57.898,49.741,42.102,57.878,49.075,42.122
[SHELL] ccA:322,2272519903,579580,0.276,8.419,0.000,10.000,5.02956,5.08028,23.90,-1.255,6.618,-1.255,6.618,-1.244,1.189,1.00000,74.342,0.203,8.775
[SHELL] ccB:322,2147513999,1,8.400,-1.997,-6.403,57.843,50.430,42.157,57.898,49.741,42.102
[SHELL] ccA:323,2272629887,579581,0.176,8.561,0.000,10.000,5.08530,5.13612,23.80,-1.251,6.624,-1.251,6.624,-1.244,1.190,1.00000,74.342,-0.098,8.397
[SHELL] ccB:323,24641,1,7.784,-1.164,-6.621,57.823,51.179,42.177,57.843,50.430,42.157
[SHELL] ccA:324,2272739891,579582,0.102,8.722,0.000,10.000,5.13829,5.18910,23.78,-1.248,6.618,-1.248,6.618,-1.244,1.191,1.00000,74.342,0.401,9.321
[SHELL] ccB:324,2147514005,1,8.654,-1.309,-7.345,57.769,51.889,42.231,57.823,51.179,42.177
[SHELL] ccA:325,2272849875,579583,-0.055,9.113,0.000,10.000,5.19135,5.24217,23.80,-1.242,6.603,-1.242,6.603,-1.244,1.191,1.00000,74.342,-0.925,9.415
[SHELL] ccB:325,24635,1,7.929,0.503,-8.433,57.683,52.588,42.317,57.769,51.889,42.231
[SHELL] ccA:326,2272959867,579584,-0.551,9.464,0.000,10.000,5.24731,5.29812,23.81,-1.222,6.589,-1.222,6.589,-1.244,1.192,1.00000,74.342,-0.756,9.707
[SHELL] ccB:326,2147514017,1,7.965,0.866,-8.831,57.573,53.286,42.427,57.683,52.588,42.317
[SHELL] ccA:327,2273069891,579585,-0.574,9.451,0.000,10.000,5.30389,5.35470,23.81,-1.220,6.590,-1.220,6.590,-1.243,1.192,1.00000,74.342,0.142,8.976
[SHELL] ccB:327,24643,1,7.531,0.467,-7.998,57.454,54.020,42.546,57.573,53.286,42.427
[SHELL] ccA:328,2273179887,579586,-0.064,9.219,0.000,10.000,5.35724,5.40805,23.81,-1.241,6.600,-1.241,6.600,-1.243,1.192,1.00000,74.342,0.214,9.216
[SHELL] ccB:328,2147514007,1,7.494,0.902,-8.396,57.327,54.746,42.673,57.454,54.020,42.546
[SHELL] ccA:329,2273289871,579587,0.331,9.578,0.000,10.000,5.41082,5.46163,23.81,-1.257,6.585,-1.257,6.585,-1.243,1.192,1.00000,74.342,0.752,10.905
[SHELL] ccB:329,24633,1,8.835,1.156,-9.991,57.149,55.444,42.851,57.327,54.746,42.673
[SHELL] ccA:330,2273399859,579588,0.817,9.919,0.000,10.000,5.46242,5.51324,23.80,-1.277,6.572,-1.277,6.572,-1.244,1.192,1.00000,74.342,1.550,8.650
[SHELL] ccB:330,2147514021,1,7.386,0.431,-7.817,56.956,56.107,43.044,57.149,55.444,42.851
[SHELL] ccA:331,2273509883,579589,1.107,9.717,0.000,10.000,5.51545,5.56627,23.81,-1.289,6.580,-1.289,6.580,-1.244,1.193,1.00000,74.342,0.576,10.664
[SHELL] ccB:331,24639,1,7.820,2.388,-10.209,56.763,56.765,43.235,56.956,56.107,43.044
[SHELL] ccA:332,2273619875,579590,0.835,10.483,0.000,10.000,5.57136,5.62218,23.79,-1.278,6.549,-1.278,6.549,-1.245,1.192,1.00000,74.342,0.639,11.953
[SHELL] ccB:332,2147514013,1,8.292,3.331,-11.622,56.076,56.936,43.064,56.763,56.765,43.235
[SHELL] ccA:333,2273729883,579591,0.477,11.566,0.000,10.000,5.62792,5.67881,23.81,-1.264,6.513,-1.264,6.513,-1.245,1.192,1.00000,74.342,0.053,11.694
[SHELL] ccB:333,24639,1,7.168,4.418,-11.586,55.369,57.080,42.920,56.076,56.936,43.064
[SHELL] ccA:334,2273839879,579592,0.303,11.715,0.000,10.000,5.67657,5.72746,23.80,-1.257,6.506,-1.257,6.506,-1.245,1.191,1.00000,74.342,0.467,11.519
[SHELL] ccB:334,2147514011,1,6.951,4.490,-11.441,54.771,57.212,42.788,55.369,57.080,42.920
[SHELL] ccA:335,2273949895,579593,0.265,11.436,0.000,10.000,5.73215,5.78305,23.87,-1.256,6.517,-1.256,6.517,-1.245,1.190,1.00000,74.342,0.072,11.012
[SHELL] ccB:335,24645,1,5.827,5.179,-11.006,54.082,57.363,42.637,54.771,57.212,42.788
[SHELL] ccA:336,2274059863,579594,0.571,10.882,0.000,10.000,5.78680,5.83769,23.81,-1.268,6.539,-1.268,6.539,-1.246,1.190,1.00000,74.342,1.672,9.986
[SHELL] ccB:336,2147514019,1,6.226,3.802,-10.027,53.375,57.510,42.490,54.082,57.363,42.637
[SHELL] ccA:337,2274169887,579595,1.007,10.012,0.000,10.000,5.83433,5.88522,23.80,-1.286,6.573,-1.286,6.573,-1.246,1.190,1.00000,74.342,0.613,9.065
[SHELL] ccB:337,24641,1,4.486,4.599,-9.085,52.747,57.640,42.360,53.375,57.510,42.490
[SHELL] ccA:338,2274279871,579596,0.919,9.404,0.000,10.000,5.89194,5.94283,23.81,-1.283,6.598,-1.283,6.598,-1.247,1.190,1.00000,74.342,0.777,9.501
[SHELL] ccB:338,2147514015,1,4.341,5.179,-9.520,52.003,57.744,42.256,52.747,57.640,42.360
[SHELL] ccA:339,2274389871,579597,0.701,9.197,0.000,10.000,5.94792,5.99881,23.80,-1.275,6.607,-1.275,6.607,-1.247,1.190,1.00000,74.342,0.637,8.721
[SHELL] ccB:339,24633,1,3.471,5.215,-8.686,51.271,57.804,42.196,52.003,57.744,42.256
[SHELL] ccA:340,2274499883,579598,0.730,8.798,0.000,10.000,6.00378,6.05467,23.81,-1.277,6.623,-1.277,6.623,-1.247,1.191,1.00000,73.902,0.867,8.250
[SHELL] ccB:340,2147514009,1,3.109,5.106,-8.215,50.522,57.899,42.101,51.271,57.804,42.196
[SHELL] ccA:341,2274609875,579599,0.493,8.359,0.000,10.000,6.05382,6.10471,23.80,-1.267,6.642,-1.267,6.642,-1.248,1.192,1.00000,73.902,-0.400,8.213
[SHELL] ccB:341,24635,1,1.478,6.266,-7.744,49.862,57.923,42.077,50.522,57.899,42.101
[SHELL] ccA:342,2274719883,579600,-0.162,8.313,0.000,10.000,6.10799,6.15888,23.82,-1.241,6.644,-1.241,6.644,-1.247,1.193,1.00000,74.342,-0.717,8.577
[SHELL] ccB:342,2147514009,1,0.789,7.027,-7.817,49.178,57.860,42.140,49.862,57.923,42.077
[SHELL] ccA:343,2274829891,579601,-0.553,8.841,0.000,10.000,6.16267,6.21351,23.81,-1.225,6.618,-1.225,6.618,-1.247,1.193,1.00000,74.342,-0.379,9.999
[SHELL] ccB:343,24643,1,0.825,8.223,-9.049,48.464,57.790,42.210,49.178,57.860,42.140
[SHELL] ccA:344,2274939859,579602,-0.599,9.607,0.000,10.000,6.23118,6.28201,23.80,-1.223,6.587,-1.223,6.587,-1.247,1.193,1.00000,74.342,-0.920,9.854
[SHELL] ccB:344,2147514021,1,-0.407,8.767,-8.360,47.548,57.675,42.325,48.464,57.790,42.210
[SHELL] ccA:345,2275049859,579603,-0.705,9.797,0.000,10.000,6.26665,0.03431,23.81,-1.218,6.580,-1.218,6.580,-1.247,1.193,1.00000,74.342,-0.600,9.482
[SHELL] ccB:345,24627,1,-0.443,8.441,-7.998,47.088,57.612,42.388,47.548,57.675,42.325
[SHELL] ccA:346,2275159807,579604,-1.233,9.430,0.000,10.000,0.04782,0.09864,23.75,-1.197,6.595,-1.197,6.595,-1.246,1.194,1.00000,74.342,-2.812,8.903
[SHELL] ccB:346,2147514047,1,-3.234,9.202,-5.968,46.287,57.508,42.492,47.088,57.612,42.388
[SHELL] ccA:347,2275269747,579605,-1.633,9.076,0.000,10.000,0.09555,0.14639,23.73,-1.180,6.609,-1.180,6.609,-1.245,1.194,1.00000,74.342,-0.309,9.017
[SHELL] ccB:347,24571,1,-1.168,8.332,-7.164,45.700,57.417,42.583,46.287,57.508,42.492
[SHELL] ccA:348,2275379739,579606,-0.959,8.867,0.000,10.000,0.14574,0.19658,23.67,-1.206,6.618,-1.206,6.618,-1.245,1.195,1.00000,74.342,-0.405,8.531
[SHELL] ccB:348,2147514081,1,-1.639,8.078,-6.439,45.005,57.287,42.713,45.700,57.417,42.583
[SHELL] ccA:349,2275489683,579607,-0.319,8.940,0.000,10.000,0.20358,0.25442,23.62,-1.232,6.616,-1.232,6.616,-1.244,1.195,1.00000,74.342,-0.156,9.681
[SHELL] ccB:349,24539,1,-2.110,9.238,-7.128,44.235,57.098,42.902,45.005,57.287,42.713
[SHELL] ccA:350,2275599683,579608,-0.120,9.452,0.000,10.000,0.25352,0.30436,23.61,-1.240,6.596,-1.240,6.596,-1.244,1.196,1.00000,74.342,0.239,9.915
[SHELL] ccB:350,2147514109,1,-2.255,9.492,-7.237,43.625,56.898,43.102,44.235,57.098,42.902
[SHELL] ccA:351,2275709639,579609,0.114,10.191,0.000,10.000,0.31350,0.36434,23.61,-1.249,6.566,-1.249,6.566,-1.244,1.195,1.00000,74.342,0.134,11.253
[SHELL] ccB:351,24517,1,-3.343,10.978,-7.635,43.148,56.852,43.595,43.625,56.898,43.102
[SHELL] ccA:352,2275819651,579610,0.250,11.020,0.000,10.000,0.38839,0.43923,23.61,-1.255,6.532,-1.255,6.532,-1.245,1.195,1.00000,74.342,0.493,11.658
[SHELL] ccB:352,2147514125,1,-3.959,11.485,-7.527,42.919,57.081,44.549,43.148,56.852,43.595
[SHELL] ccA:353,2275929675,579611,0.226,11.560,0.000,10.000,0.42161,0.47245,23.62,-1.254,6.510,-1.254,6.510,-1.245,1.194,1.00000,74.342,-0.217,11.669
[SHELL] ccB:353,24535,1,-4.974,11.630,-6.657,42.841,57.159,44.983,42.919,57.081,44.549
[SHELL] ccA:354,2276039635,579612,-0.317,11.607,0.000,10.000,0.47279,0.52366,23.61,-1.232,6.510,-1.232,6.510,-1.245,1.193,1.00000,74.342,-1.326,11.433
[SHELL] ccB:354,2147514133,1,-6.387,11.485,-5.098,42.715,57.285,45.586,42.841,57.159,44.983
[SHELL] ccA:355,2276149607,579613,-0.768,11.369,0.000,10.000,0.52549,0.57635,23.56,-1.213,6.519,-1.213,6.519,-1.244,1.193,1.00000,74.342,-0.200,10.942
[SHELL] ccB:355,24501,1,-5.662,10.942,-5.279,42.591,57.409,46.215,42.715,57.285,45.586
[SHELL] ccA:356,2276259611,579614,-0.488,10.873,0.000,10.000,0.58103,0.63190,23.56,-1.224,6.538,-1.224,6.538,-1.244,1.192,1.00000,74.342,-0.223,10.174
[SHELL] ccB:356,2147514145,1,-5.771,10.144,-4.373,42.455,57.545,46.938,42.591,57.409,46.215
[SHELL] ccA:357,2276369611,579615,-0.279,9.868,0.000,10.000,0.63438,0.68524,23.56,-1.233,6.579,-1.233,6.579,-1.244,1.192,1.00000,74.342,-0.470,8.181
[SHELL] ccB:357,24503,1,-5.227,8.078,-2.851,42.325,57.675,47.626,42.455,57.545,46.938
[SHELL] ccA:358,2276479623,579616,-0.512,8.948,0.000,10.000,0.68914,0.73999,23.55,-1.223,6.616,-1.223,6.616,-1.244,1.193,1.00000,74.342,-0.884,9.257
[SHELL] ccB:358,2147514139,1,-6.568,8.985,-2.416,42.223,57.777,48.316,42.325,57.675,47.626
[SHELL] ccA:359,2276589839,579617,-0.293,9.111,0.000,10.000,0.74695,0.79782,23.56,-1.232,6.610,-1.232,6.610,-1.243,1.193,1.00000,74.342,1.066,9.752
[SHELL] ccB:359,24617,1,-5.843,9.746,-3.902,42.184,57.816,49.117,42.223,57.777,48.316
[SHELL] ccA:360,2276700087,579618,-0.127,9.577,0.000,10.000,0.80305,0.85391,24.00,-1.238,6.591,-1.238,6.591,-1.243,1.193,1.00000,74.342,-1.756,9.550
[SHELL] ccB:360,2147513907,1,-8.091,8.695,-0.604,42.187,57.813,49.897,42.184,57.816,49.117
[SHELL] ccA:361,2276810087,579619,-0.947,9.553,0.000,10.000,0.84859,0.89944,23.99,-1.205,6.593,-1.205,6.593,-1.243,1.194,1.00000,74.342,-1.341,9.359
[SHELL] ccB:361,24741,1,-7.909,8.441,-0.532,42.197,57.803,50.447,42.187,57.813,49.897
[SHELL] ccA:362,2276920067,579620,-1.518,9.556,0.000,10.000,0.90037,0.95123,23.95,-1.181,6.593,-1.181,6.593,-1.242,1.194,1.00000,74.342,-1.631,9.957
[SHELL] ccB:362,2147513917,1,-8.815,8.658,0.157,42.224,57.776,51.098,42.197,57.803,50.447
[SHELL] ccA:363,2277030051,579621,-1.669,9.999,0.000,10.000,0.96068,1.01155,23.99,-1.175,6.575,-1.175,6.575,-1.241,1.194,1.00000,74.342,-2.070,10.724
[SHELL] ccB:363,24723,1,-9.975,8.840,1.136,42.297,57.703,51.896,42.224,57.776,51.098
[SHELL] ccA:364,2277140007,579622,-1.674,10.278,0.000,10.000,1.01658,1.06752,23.94,-1.173,6.573,-1.173,6.573,-1.240,1.194,1.00000,74.342,-0.926,9.709
[SHELL] ccB:364,2147513947,1,-8.743,8.115,0.628,42.372,57.628,52.637,42.297,57.703,51.896
[SHELL] ccA:365,2277250003,579623,-1.489,10.083,0.000,10.000,1.06574,1.11669,23.93,-1.180,6.581,-1.180,6.581,-1.240,1.194,1.00000,74.342,-2.034,10.191
[SHELL] ccB:365,24699,1,-9.903,7.680,2.223,42.448,57.552,53.297,42.372,57.628,52.637
[SHELL] ccA:366,2277360019,579624,-1.511,9.959,0.000,10.000,1.11601,1.16696,23.93,-1.179,6.586,-1.179,6.586,-1.239,1.194,1.00000,74.342,-1.048,9.744
[SHELL] ccB:366,2147513941,1,-9.214,7.499,1.716,42.547,57.453,53.948,42.448,57.552,53.297
[SHELL] ccA:367,2277470027,579625,-1.143,9.991,0.000,10.000,1.17188,1.22282,23.94,-1.193,6.584,-1.193,6.584,-1.238,1.194,1.00000,74.342,-0.440,10.286
[SHELL] ccB:367,24711,1,-9.649,7.933,1.716,42.690,57.310,54.691,42.547,57.453,53.948
[SHELL] ccA:368,2277580051,579626,-0.261,10.254,0.000,10.000,1.23912,1.29005,23.93,-1.228,6.574,-1.228,6.574,-1.238,1.194,1.00000,74.342,0.886,10.702
[SHELL] ccB:368,2147513925,1,-9.830,8.658,1.172,42.911,57.089,55.594,42.690,57.310,54.691
[SHELL] ccA:369,2277689983,579627,0.448,10.832,0.000,10.000,1.28186,1.33281,23.93,-1.256,6.550,-1.256,6.550,-1.238,1.193,1.00000,74.342,0.460,11.640
[SHELL] ccB:369,24689,1,-11.026,8.767,2.259,43.091,56.909,56.156,42.911,57.089,55.594
[SHELL] ccA:370,2277800035,579628,0.243,11.399,0.000,10.000,1.33928,1.39023,24.00,-1.248,6.527,-1.248,6.527,-1.239,1.192,1.00000,74.342,-0.835,11.616
[SHELL] ccB:370,2147513933,1,-11.497,7.354,4.144,43.264,56.606,56.736,43.091,56.909,56.156
[SHELL] ccA:371,2277909999,579629,-0.637,11.605,0.000,10.000,1.39500,1.44596,23.94,-1.213,6.518,-1.213,6.518,-1.238,1.192,1.00000,74.342,-1.338,11.550
[SHELL] ccB:371,24697,1,-11.606,6.411,5.195,43.095,55.992,56.905,43.264,56.606,56.736
[SHELL] ccA:372,2278020031,579630,-1.024,11.630,0.000,10.000,1.44937,1.50032,23.93,-1.197,6.516,-1.197,6.516,-1.238,1.191,1.00000,74.342,-0.585,11.803
[SHELL] ccB:372,2147513935,1,-11.787,6.629,5.159,42.929,55.358,57.071,43.095,55.992,56.905
[SHELL] ccA:373,2278130031,579631,-0.677,11.813,0.000,10.000,1.49789,1.54883,23.94,-1.210,6.508,-1.210,6.508,-1.237,1.190,1.00000,74.342,-0.200,12.095
[SHELL] ccB:373,24713,1,-12.077,6.629,5.449,42.788,54.726,57.212,42.929,55.358,57.071
[SHELL] ccA:374,2278239991,579632,-0.151,11.938,0.000,10.000,1.55422,1.60517,23.93,-1.231,6.502,-1.231,6.502,-1.237,1.189,1.00000,74.342,0.382,11.759
[SHELL] ccB:374,2147513955,1,-11.751,6.375,5.376,42.640,53.972,57.360,42.788,54.726,57.212
[SHELL] ccA:375,2278350027,579633,0.157,11.507,0.000,10.000,1.61217,1.66315,23.93,-1.244,6.523,-1.244,6.523,-1.237,1.188,1.00000,74.342,0.066,10.416
[SHELL] ccB:375,24711,1,-10.410,4.889,5.521,42.492,53.222,57.508,42.640,53.972,57.360
[SHELL] ccA:376,2278460023,579634,0.410,10.544,0.000,10.000,1.66291,1.71390,23.94,-1.254,6.561,-1.254,6.561,-1.238,1.188,1.00000,74.342,1.128,9.586
[SHELL] ccB:376,2147513939,1,-9.649,5.034,4.615,42.361,52.567,57.639,42.492,53.222,57.508
[SHELL] ccA:377,2278570003,579635,0.392,9.798,0.000,10.000,1.71455,1.76553,23.93,-1.253,6.591,-1.253,6.591,-1.238,1.188,1.00000,74.342,-0.755,9.603
[SHELL] ccB:377,24699,1,-9.395,2.859,6.536,42.262,51.901,57.738,42.361,52.567,57.639
[SHELL] ccA:378,2278680027,579636,-0.170,9.516,0.000,10.000,1.76931,1.82030,23.94,-1.231,6.602,-1.231,6.602,-1.238,1.188,1.00000,74.342,-0.300,9.274
[SHELL] ccB:378,2147513937,1,-9.033,2.678,6.355,42.208,51.215,57.792,42.262,51.901,57.738
[SHELL] ccA:379,2278790031,579637,-0.505,9.236,0.000,10.000,1.82507,1.87606,23.93,-1.217,6.614,-1.217,6.614,-1.237,1.189,1.00000,74.342,-0.664,8.794
[SHELL] ccB:379,24713,1,-8.344,1.700,6.645,42.171,50.493,57.829,42.208,51.215,57.792
[SHELL] ccA:380,2278900023,579638,-0.498,9.330,0.000,10.000,1.87534,1.92632,23.93,-1.217,6.611,-1.217,6.611,-1.237,1.189,1.00000,74.342,-0.364,10.457
[SHELL] ccB:380,2147513939,1,-9.867,1.917,7.950,42.171,49.810,57.829,42.171,50.493,57.829
[SHELL] ccA:381,2279010075,579639,-0.559,9.864,0.000,10.000,1.94183,1.99283,24.03,-1.215,6.589,-1.215,6.589,-1.237,1.189,1.00000,74.342,-0.843,9.748
[SHELL] ccB:381,24735,1,-8.779,0.648,8.131,42.220,48.910,57.780,42.171,49.810,57.829
[SHELL] ccA:382,2279119995,579640,-0.650,10.154,0.000,10.000,1.99237,2.04336,23.93,-1.211,6.578,-1.211,6.578,-1.237,1.189,1.00000,74.342,-0.549,10.662
[SHELL] ccB:382,2147513953,1,-9.504,0.540,8.964,42.276,48.238,57.724,42.220,48.910,57.780
[SHELL] ccA:383,2279229963,579641,-0.633,10.477,0.000,10.000,2.04022,2.09122,23.88,-1.211,6.564,-1.211,6.564,-1.236,1.189,1.00000,74.342,-0.591,10.835
[SHELL] ccB:383,24679,1,-9.395,-0.004,9.399,42.349,47.599,57.651,42.276,48.238,57.724
[SHELL] ccA:384,2279339971,579642,-0.787,10.895,0.000,10.000,2.09451,2.14550,23.88,-1.204,6.547,-1.204,6.547,-1.236,1.188,1.00000,73.902,-1.416,11.249
[SHELL] ccB:384,2147513965,1,-9.033,-1.417,10.450,42.410,46.880,57.590,42.349,47.599,57.651
[SHELL] ccA:385,2279449983,579643,-1.008,10.905,0.000,10.000,2.14490,2.19589,23.90,-1.195,6.546,-1.195,6.546,-1.235,1.188,1.00000,73.902,-0.609,10.288
[SHELL] ccB:385,24689,1,-8.308,-1.127,9.436,42.510,46.241,57.490,42.410,46.880,57.590
[SHELL] ccA:386,2279559951,579644,-0.720,10.618,0.000,10.000,2.20120,2.25212,23.88,-1.206,6.550,-1.206,6.550,-1.235,1.188,1.00000,74.342,-0.248,10.645
[SHELL] ccB:386,2147513975,1,-8.453,-1.381,9.834,42.685,45.520,57.315,42.510,46.241,57.490
[SHELL] ccA:387,2279669915,579645,-0.236,10.726,0.000,10.000,2.25330,2.30423,23.88,-1.225,6.546,-1.225,6.546,-1.235,1.187,1.00000,74.342,0.159,11.324
[SHELL] ccB:387,24655,1,-8.888,-1.635,10.523,42.839,44.831,57.161,42.685,45.520,57.315
[SHELL] ccA:388,2279779931,579646,0.295,11.067,0.000,10.000,2.31074,2.36166,23.88,-1.247,6.532,-1.247,6.532,-1.235,1.187,1.00000,74.342,1.109,10.973
[SHELL] ccB:388,2147513985,1,-8.852,-1.272,10.124,43.045,44.093,56.955,42.839,44.831,57.161
[SHELL] ccA:389,2279889907,579647,0.509,11.806,0.000,10.000,2.36820,2.41912,23.83,-1.256,6.501,-1.256,6.501,-1.235,1.186,1.00000,74.342,-0.339,13.953
[SHELL] ccB:389,24651,1,-9.504,-4.099,13.604,43.289,43.414,56.711,43.045,44.093,56.955
[SHELL] ccA:390,2279999895,579648,0.386,12.667,0.000,10.000,2.41421,2.46514,23.82,-1.251,6.465,-1.251,6.465,-1.236,1.184,1.00000,74.342,1.113,11.789
[SHELL] ccB:390,2147514003,1,-8.670,-2.650,11.320,43.802,43.215,56.785,43.289,43.414,56.711
[SHELL] ccA:391,2280109907,579649,0.511,12.448,0.000,10.000,2.47654,2.52746,23.83,-1.256,6.473,-1.256,6.473,-1.236,1.183,1.00000,74.342,0.159,12.262
[SHELL] ccB:391,24651,1,-7.692,-4.426,12.118,44.546,42.994,57.006,43.802,43.215,56.785
[SHELL] ccA:392,2280219907,579650,0.597,12.078,0.000,10.000,2.52814,2.57907,23.82,-1.260,6.487,-1.260,6.487,-1.236,1.182,1.00000,74.342,0.959,11.998
[SHELL] ccB:392,2147513997,1,-7.692,-4.172,11.864,45.170,42.825,57.175,44.546,42.994,57.006
[SHELL] ccA:393,2280329887,579651,0.778,12.215,0.000,10.000,2.58037,2.63130,23.82,-1.268,6.480,-1.268,6.480,-1.236,1.181,1.00000,74.342,1.036,12.600
[SHELL] ccB:393,24641,1,-7.583,-4.969,12.552,45.846,42.692,57.308,45.170,42.825,57.175
[SHELL] ccA:394,2280439903,579652,0.991,12.263,0.000,10.000,2.63132,2.68225,23.85,-1.277,6.477,-1.277,6.477,-1.237,1.180,1.00000,74.342,0.935,11.852
[SHELL] ccB:394,2147513999,1,-6.605,-5.259,11.864,46.515,42.578,57.422,45.846,42.692,57.308
[SHELL] ccA:395,2280549927,579653,1.438,12.343,0.000,10.000,2.69248,2.74340,23.83,-1.295,6.473,-1.295,6.473,-1.238,1.179,1.00000,74.342,2.845,13.066
[SHELL] ccB:395,24661,1,-8.236,-5.006,13.241,47.345,42.465,57.535,46.515,42.578,57.422
[SHELL] ccA:396,2280659907,579654,1.994,12.306,0.000,10.000,2.74484,2.79576,23.83,-1.318,6.473,-1.318,6.473,-1.239,1.178,1.00000,74.342,1.352,11.240
[SHELL] ccB:396,2147513997,1,-5.590,-5.730,11.320,48.076,42.385,57.615,47.345,42.465,57.535
[SHELL] ccA:397,2280769899,579655,1.746,11.284,0.000,10.000,2.80749,2.85863,23.83,-1.309,6.535,-1.309,6.535,-1.240,1.177,1.00000,74.342,1.437,9.590
[SHELL] ccB:397,24647,1,-4.502,-5.187,9.689,48.855,42.264,57.736,48.076,42.385,57.615
[SHELL] ccA:398,2280879887,579656,1.202,9.893,0.000,10.000,2.85334,2.90448,23.83,-1.288,6.591,-1.288,6.591,-1.240,1.177,1.00000,74.342,0.583,9.153
[SHELL] ccB:398,2147514007,1,-3.161,-5.875,9.037,49.403,42.184,57.816,48.855,42.264,57.736
[SHELL] ccA:399,2280989899,579657,0.804,9.378,0.000,10.000,2.90264,2.95378,23.82,-1.273,6.612,-1.273,6.612,-1.241,1.177,1.00000,74.342,0.613,9.614
[SHELL] ccB:399,24647,1,-2.871,-6.528,9.399,50.032,42.156,57.844,49.403,42.184,57.816
[SHELL] ccA:400,2281099915,579658,0.515,9.443,0.000,10.000,2.96151,3.01264,23.82,-1.261,6.610,-1.261,6.610,-1.241,1.178,1.00000,74.342,0.251,9.392
[SHELL] ccB:400,2147513993,1,-1.929,-6.999,8.928,50.809,42.175,57.825,50.032,42.156,57.844
[SHELL] ccA:401,2281209871,579659,0.250,9.599,0.000,10.000,3.01296,3.06410,23.83,-1.251,6.604,-1.251,6.604,-1.241,1.178,1.00000,74.342,-0.115,9.996
[SHELL] ccB:401,24633,1,-1.168,-8.014,9.182,51.485,42.218,57.782,50.809,42.175,57.825
[SHELL] ccA:402,2281319899,579660,0.226,9.961,0.000,10.000,3.06902,3.12016,23.82,-1.250,6.589,-1.250,6.589,-1.241,1.178,1.00000,74.342,0.883,10.459
[SHELL] ccB:402,2147514001,1,-1.639,-8.159,9.798,52.237,42.295,57.705,51.485,42.218,57.782
[SHELL] ccA:403,2281429907,579661,0.475,10.464,0.000,10.000,3.11712,3.16825,23.83,-1.260,6.569,-1.260,6.569,-1.241,1.178,1.00000,74.342,0.248,10.942
[SHELL] ccB:403,24651,1,-0.516,-9.210,9.725,52.895,42.390,57.610,52.237,42.295,57.705
[SHELL] ccA:404,2281539879,579662,0.387,10.688,0.000,10.000,3.17439,3.22552,23.82,-1.257,6.560,-1.257,6.560,-1.241,1.177,1.00000,74.342,0.168,10.409
[SHELL] ccB:404,2147514011,1,0.173,-9.101,8.928,53.637,42.508,57.492,52.895,42.390,57.610
[SHELL] ccA:405,2281649899,579663,0.325,10.416,0.000,10.000,3.22734,3.27848,23.83,-1.255,6.570,-1.255,6.570,-1.242,1.177,1.00000,74.342,0.714,9.903
[SHELL] ccB:405,24647,1,0.137,-8.666,8.529,54.317,42.617,57.383,53.637,42.508,57.492
[SHELL] ccA:406,2281759895,579664,0.583,9.903,0.000,10.000,3.28414,3.33527,23.78,-1.265,6.591,-1.265,6.591,-1.242,1.177,1.00000,74.342,0.734,9.396
[SHELL] ccB:406,2147514003,1,0.608,-8.449,7.841,55.065,42.750,57.250,54.317,42.617,57.383
[SHELL] ccA:407,2281869915,579665,0.933,9.867,0.000,10.000,3.33364,3.38478,23.82,-1.280,6.592,-1.280,6.592,-1.242,1.177,1.00000,74.342,1.549,10.772
[SHELL] ccB:407,24655,1,0.535,-9.681,9.146,55.709,42.905,57.095,55.065,42.750,57.250
[SHELL] ccA:408,2281979879,579666,1.198,10.346,0.000,10.000,3.39902,3.45010,23.83,-1.291,6.567,-1.291,6.567,-1.243,1.177,1.00000,74.342,0.960,10.446
[SHELL] ccB:408,2147514011,1,1.732,-9.826,8.094,56.505,43.168,56.832,55.709,42.905,57.095
[SHELL] ccA:409,2282091315,579667,0.899,10.707,0.000,10.000,3.44873,3.50457,26.36,-1.279,6.552,-1.279,6.552,-1.243,1.177,1.00000,74.342,0.128,11.165
[SHELL] ccB:409,25355,1,3.254,-10.877,7.623,56.857,43.143,56.356,56.505,43.168,56.832
[SHELL] ccA:410,2282199907,579668,0.599,11.159,0.000,10.000,3.50791,3.55899,23.83,-1.268,6.534,-1.268,6.534,-1.244,1.176,1.00000,74.342,1.182,11.861
[SHELL] ccB:410,2147513997,1,3.145,-11.529,8.384,57.021,42.979,55.698,56.857,43.143,56.356
[SHELL] ccA:411,2282309907,579669,0.892,11.689,0.000,10.000,3.55326,3.60434,23.83,-1.280,6.512,-1.280,6.512,-1.244,1.175,1.00000,74.342,1.078,11.869
[SHELL] ccB:411,24651,1,3.761,-11.674,7.913,57.149,42.851,55.095,57.021,42.979,55.698
[SHELL] ccA:412,2282419875,579670,1.068,11.684,0.000,10.000,3.60312,3.65420,23.83,-1.287,6.511,-1.287,6.511,-1.245,1.174,1.00000,74.342,0.934,11.138
[SHELL] ccB:412,2147514013,1,4.124,-11.058,6.935,57.291,42.709,54.458,57.149,42.851,55.095
[SHELL] ccA:413,2282529907,579671,0.856,11.229,0.000,10.000,3.65999,3.71108,23.83,-1.279,6.529,-1.279,6.529,-1.245,1.174,1.00000,74.342,0.479,10.771
[SHELL] ccB:413,24651,1,4.921,-10.768,5.847,57.439,42.561,53.764,57.291,42.709,54.458
[SHELL] ccA:414,2282639895,579672,0.978,10.828,0.000,10.000,3.72411,3.77518,23.82,-1.285,6.544,-1.285,6.544,-1.246,1.173,1.00000,74.342,2.022,10.631
[SHELL] ccB:414,2147514003,1,4.160,-10.732,6.572,57.582,42.418,52.933,57.439,42.561,53.764
[SHELL] ccA:415,2282749903,579673,1.459,10.508,0.000,10.000,3.76970,3.82078,23.83,-1.305,6.557,-1.305,6.557,-1.246,1.173,1.00000,74.342,1.313,9.997
[SHELL] ccB:415,24649,1,4.812,-10.080,5.267,57.674,42.326,52.303,57.582,42.418,52.933
[SHELL] ccA:416,2282859887,579674,1.416,9.884,0.000,10.000,3.82645,3.87752,23.82,-1.304,6.582,-1.304,6.582,-1.247,1.173,1.00000,74.342,1.016,8.909
[SHELL] ccB:416,2147514007,1,4.848,-8.956,4.108,57.764,42.236,51.563,57.674,42.326,52.303
[SHELL] ccA:417,2282969927,579675,1.307,9.217,0.000,10.000,3.88040,3.93146,23.80,-1.300,6.609,-1.300,6.609,-1.248,1.174,1.00000,74.342,1.884,9.053
[SHELL] ccB:417,24661,1,4.704,-9.246,4.543,57.831,42.169,50.857,57.764,42.236,51.563
[SHELL] ccA:418,2283079907,579676,1.776,8.991,0.000,10.000,3.92875,3.97966,23.85,-1.320,6.601,-1.320,6.601,-1.249,1.174,1.00000,74.342,2.319,8.951
[SHELL] ccB:418,2147513997,1,4.704,-9.246,4.543,57.841,42.159,50.160,57.831,42.169,50.857
[SHELL] ccA:419,2283189875,579677,2.121,9.097,0.000,10.000,3.98667,4.03758,23.81,-1.335,6.597,-1.335,6.597,-1.250,1.174,1.00000,74.342,1.964,9.435
[SHELL] ccB:419,24635,1,5.755,-9.572,3.818,57.831,42.169,49.343,57.841,42.159,50.160
[SHELL] ccA:420,2283299871,579678,2.111,9.516,0.000,10.000,4.04200,4.09291,23.79,-1.335,6.580,-1.335,6.580,-1.251,1.175,1.00000,74.342,2.198,10.243
[SHELL] ccB:420,2147514015,1,6.661,-10.333,3.673,57.779,42.221,48.589,57.831,42.169,49.343
[SHELL] ccA:421,2283409851,579679,1.799,9.865,0.000,10.000,4.09217,4.14308,23.79,-1.324,6.567,-1.324,6.567,-1.252,1.175,1.00000,74.342,0.835,9.539
[SHELL] ccB:421,24623,1,7.277,-9.029,1.752,57.712,42.288,47.938,57.779,42.221,48.589
[SHELL] ccA:422,2283519859,579680,1.021,9.567,0.000,10.000,4.15054,4.20145,23.79,-1.293,6.579,-1.293,6.579,-1.252,1.175,1.00000,74.342,0.214,8.947
[SHELL] ccB:422,2147514021,1,7.458,-8.014,0.556,57.644,42.356,47.223,57.712,42.288,47.938
[SHELL] ccA:423,2283629867,579681,0.392,9.070,0.000,10.000,4.20949,4.26040,23.79,-1.268,6.599,-1.268,6.599,-1.252,1.175,1.00000,74.342,0.304,8.845
[SHELL] ccB:423,24631,1,7.603,-7.724,0.121,57.562,42.438,46.495,57.644,42.356,47.223
[SHELL] ccA:424,2283739911,579682,0.601,8.666,0.000,10.000,4.25737,4.30829,23.88,-1.277,6.616,-1.277,6.616,-1.253,1.176,1.00000,74.342,1.581,8.027
[SHELL] ccB:424,2147513995,1,6.516,-7.543,1.027,57.475,42.525,45.851,57.562,42.438,46.495
[SHELL] ccA:425,2283849871,579683,0.866,8.290,0.000,10.000,4.31025,4.36116,23.79,-1.288,6.632,-1.288,6.632,-1.253,1.177,1.00000,74.342,-0.002,8.261
[SHELL] ccB:425,24633,1,7.603,-6.600,-1.003,57.354,42.646,45.145,57.475,42.525,45.851
[SHELL] ccA:426,2283959839,579684,0.755,8.448,0.000,10.000,4.36948,4.42039,23.79,-1.284,6.626,-1.284,6.626,-1.253,1.178,1.00000,74.342,1.443,9.242
[SHELL] ccB:426,2147514031,1,8.219,-7.978,-0.242,57.170,42.830,44.410,57.354,42.646,45.145
[SHELL] ccA:427,2284069847,579685,0.984,9.016,0.000,10.000,4.41999,4.47091,23.79,-1.293,6.604,-1.293,6.604,-1.254,1.178,1.00000,74.342,1.051,9.316
[SHELL] ccB:427,24621,1,8.618,-7.506,-1.111,56.970,43.030,43.784,57.170,42.830,44.410
[SHELL] ccA:428,2284179855,579686,1.185,9.392,0.000,10.000,4.47060,4.52152,23.80,-1.302,6.589,-1.302,6.589,-1.255,1.179,1.00000,74.342,1.197,9.694
[SHELL] ccB:428,2147514023,1,9.125,-7.579,-1.546,56.793,43.273,43.207,56.970,43.030,43.784
[SHELL] ccA:429,2284289871,579687,0.900,9.770,0.000,10.000,4.52975,4.58080,23.80,-1.291,6.588,-1.291,6.588,-1.255,1.179,1.00000,74.342,0.157,10.377
[SHELL] ccB:429,24633,1,10.176,-6.854,-3.322,57.002,43.966,42.998,56.793,43.273,43.207
[SHELL] ccA:430,2284399863,579688,0.498,10.284,0.000,10.000,4.58567,4.63672,23.79,-1.275,6.567,-1.275,6.567,-1.255,1.179,1.00000,74.342,0.483,10.686
[SHELL] ccB:430,2147514019,1,10.539,-6.854,-3.685,57.155,44.650,42.845,57.002,43.966,42.998
[SHELL] ccA:431,2284509851,579689,0.550,10.500,0.000,10.000,4.63667,4.68771,23.80,-1.278,6.559,-1.278,6.559,-1.256,1.178,1.00000,74.342,1.078,10.251
[SHELL] ccB:431,24623,1,10.140,-6.673,-3.467,57.296,45.302,42.704,57.155,44.650,42.845
[SHELL] ccA:432,2284619871,579690,0.887,10.203,0.000,10.000,4.68622,4.73726,23.79,-1.291,6.570,-1.291,6.570,-1.256,1.178,1.00000,74.342,0.909,9.623
[SHELL] ccB:432,2147514015,1,9.596,-5.803,-3.793,57.441,45.947,42.559,57.296,45.302,42.704
[SHELL] ccA:433,2284729863,579691,0.953,9.650,0.000,10.000,4.74290,4.79395,23.79,-1.295,6.593,-1.295,6.593,-1.256,1.178,1.00000,74.342,0.915,9.102
[SHELL] ccB:433,24629,1,9.125,-5.114,-4.011,57.587,46.671,42.413,57.441,45.947,42.559
[SHELL] ccA:434,2284839871,579692,0.750,9.150,0.000,10.000,4.79854,4.84959,23.79,-1.287,6.613,-1.287,6.613,-1.257,1.179,1.00000,74.342,0.263,8.773
[SHELL] ccB:434,2147514015,1,8.763,-3.954,-4.808,57.701,47.377,42.299,57.587,46.671,42.413
[SHELL] ccA:435,2284949879,579693,0.909,8.357,0.000,10.000,4.85307,4.90412,23.80,-1.294,6.646,-1.294,6.646,-1.257,1.180,1.00000,74.342,2.196,6.782
[SHELL] ccB:435,24637,1,7.023,-4.571,-2.452,57.810,48.099,42.190,57.701,47.377,42.299
[SHELL] ccA:436,2285059871,579694,1.140,7.359,0.000,10.000,4.90549,4.95653,23.80,-1.303,6.687,-1.303,6.687,-1.258,1.181,1.00000,74.342,-0.095,7.101
[SHELL] ccB:436,2147514015,1,6.951,-2.215,-4.736,57.906,48.806,42.094,57.810,48.099,42.190
[SHELL] ccA:437,2285169907,579695,0.728,7.027,0.000,10.000,4.95710,5.00815,23.88,-1.287,6.702,-1.287,6.702,-1.258,1.182,1.00000,74.342,0.904,7.125
[SHELL] ccB:437,24651,1,7.132,-2.831,-4.301,57.944,49.476,42.056,57.906,48.806,42.094
[SHELL] ccA:438,2285279843,579696,0.608,7.341,0.000,10.000,5.01832,5.06936,23.80,-1.283,6.690,-1.283,6.690,-1.259,1.184,1.00000,74.342,0.719,8.012
[SHELL] ccB:438,2147514029,1,7.857,-2.432,-5.424,57.934,50.314,42.066,57.944,49.476,42.056
[SHELL] ccA:439,2285389875,579697,0.194,7.888,0.000,10.000,5.06388,5.11492,23.78,-1.266,6.669,-1.266,6.669,-1.259,1.185,1.00000,74.342,-1.567,8.403
[SHELL] ccB:439,24635,1,7.349,0.105,-7.454,57.891,50.911,42.109,57.934,50.314,42.066
[SHELL] ccA:440,2285499863,579698,-0.554,7.788,0.000,10.000,5.11739,5.16834,23.79,-1.236,6.664,-1.236,6.664,-1.258,1.186,1.00000,74.342,0.198,6.334
[SHELL] ccB:440,2147514019,1,5.900,-0.946,-4.953,57.843,51.580,42.157,57.891,50.911,42.109
[SHELL] ccA:441,2285609855,579699,-0.475,7.324,0.000,10.000,5.17795,5.22889,23.74,-1.239,6.684,-1.239,6.684,-1.258,1.187,1.00000,74.342,-0.728,8.225
[SHELL] ccB:441,24625,1,7.023,0.250,-7.273,57.797,52.404,42.203,57.843,51.580,42.157
[SHELL] ccA:442,2285719875,579700,-0.411,7.675,0.000,10.000,5.22791,5.27887,23.79,-1.241,6.671,-1.241,6.671,-1.258,1.188,1.00000,74.342,-0.386,7.916
[SHELL] ccB:442,2147514013,1,6.697,0.322,-7.019,57.702,53.080,42.298,57.797,52.404,42.203
[SHELL] ccA:443,2285829843,579701,-0.454,8.131,0.000,10.000,5.28391,5.33486,23.80,-1.239,6.654,-1.239,6.654,-1.258,1.189,1.00000,74.342,-0.316,8.467
[SHELL] ccB:443,24619,1,6.951,0.721,-7.672,57.571,53.814,42.429,57.702,53.080,42.298
[SHELL] ccA:444,2285939843,579702,-0.504,7.702,0.000,10.000,5.34913,5.40006,23.77,-1.237,6.672,-1.237,6.672,-1.257,1.191,1.00000,74.342,-0.997,5.956
[SHELL] ccB:444,2147514029,1,4.196,1.663,-5.859,57.433,54.662,42.567,57.571,53.814,42.429
[SHELL] ccA:445,2286049879,579703,-0.766,7.100,0.000,10.000,5.38745,5.43840,23.79,-1.226,6.698,-1.226,6.698,-1.257,1.192,1.00000,74.342,-0.752,8.020
[SHELL] ccB:445,24637,1,5.791,1.953,-7.744,57.356,55.141,42.644,57.433,54.662,42.567
[SHELL] ccA:446,2286159859,579704,-1.046,7.693,0.000,10.000,5.44583,5.49678,23.79,-1.215,6.675,-1.215,6.675,-1.257,1.193,1.00000,74.342,-1.684,8.776
[SHELL] ccB:446,2147514021,1,5.392,3.475,-8.868,57.148,55.841,42.852,57.356,55.141,42.644
[SHELL] ccA:447,2286269871,579705,-1.131,8.950,0.000,10.000,5.50196,5.55291,23.80,-1.211,6.625,-1.211,6.625,-1.256,1.194,1.00000,74.342,-0.403,10.226
[SHELL] ccB:447,24633,1,6.914,3.077,-9.991,56.894,56.487,43.106,57.148,55.841,42.852
[SHELL] ccA:448,2286379871,579706,-0.812,9.809,0.000,10.000,5.55684,5.60778,23.79,-1.223,6.591,-1.223,6.591,-1.256,1.194,1.00000,74.342,-0.757,10.008
[SHELL] ccB:448,2147514015,1,6.081,3.874,-9.955,56.389,56.883,43.117,56.894,56.487,43.106
[SHELL] ccA:449,2286489867,579707,-0.663,10.097,0.000,10.000,5.60099,5.65194,23.79,-1.229,6.580,-1.229,6.580,-1.255,1.194,1.00000,74.342,-0.735,10.147
[SHELL] ccB:449,24631,1,5.827,4.309,-10.136,55.833,57.032,42.968,56.389,56.883,43.117
[SHELL] ccA:450,2286599871,579708,-0.758,9.984,0.000,10.000,5.66119,5.71214,23.79,-1.224,6.584,-1.224,6.584,-1.255,1.194,1.00000,74.342,-0.806,9.632
[SHELL] ccB:450,2147514015,1,4.957,4.708,-9.665,55.102,57.224,42.776,55.833,57.032,42.968
[SHELL] ccA:451,2286709867,579709,-0.704,10.048,0.000,10.000,5.71643,5.76747,23.79,-1.226,6.592,-1.226,6.592,-1.254,1.194,1.00000,74.342,-0.468,10.778
[SHELL] ccB:451,24631,1,5.392,5.396,-10.789,54.406,57.385,42.615,55.102,57.224,42.776
[SHELL] ccA:452,2286819879,579710,-0.375,10.004,0.000,10.000,5.77780,5.82884,23.80,-1.239,6.593,-1.239,6.593,-1.254,1.194,1.00000,74.342,0.242,8.828
[SHELL] ccB:452,2147514011,1,4.486,4.345,-8.831,53.592,57.535,42.465,54.406,57.385,42.615
[SHELL] ccA:453,2286929835,579711,-0.089,9.354,0.000,10.000,5.82333,5.87438,23.79,-1.251,6.620,-1.251,6.620,-1.254,1.194,1.00000,74.342,-0.373,8.982
[SHELL] ccB:453,24615,1,3.652,5.288,-8.940,52.994,57.655,42.345,53.592,57.535,42.465
[SHELL] ccA:454,2287039871,579712,-0.154,8.552,0.000,10.000,5.88345,5.93449,23.80,-1.248,6.652,-1.248,6.652,-1.254,1.195,1.00000,74.342,-0.112,7.416
[SHELL] ccB:454,2147514015,1,2.783,4.563,-7.345,52.220,57.780,42.220,52.994,57.655,42.345
[SHELL] ccA:455,2287149867,579713,-0.443,7.981,0.000,10.000,5.93574,5.98678,23.79,-1.236,6.676,-1.236,6.676,-1.254,1.196,1.00000,74.342,-1.173,8.111
[SHELL] ccB:455,24631,1,1.659,6.121,-7.780,51.549,57.859,42.141,52.220,57.780,42.220
[SHELL] ccA:456,2287259855,579714,-0.994,7.646,0.000,10.000,5.98270,6.03374,23.79,-1.214,6.691,-1.214,6.691,-1.253,1.197,1.00000,74.342,-1.516,6.947
[SHELL] ccB:456,2147514023,1,0.608,5.831,-6.439,50.960,57.902,42.098,51.549,57.859,42.141
[SHELL] ccA:457,2287369871,579715,-1.591,7.424,0.000,10.000,6.03796,6.08900,23.80,-1.189,6.701,-1.189,6.701,-1.253,1.198,1.00000,74.342,-2.157,7.691
[SHELL] ccB:457,24633,1,-0.226,7.027,-6.802,50.255,57.927,42.073,50.960,57.902,42.098
[SHELL] ccA:458,2287479847,579716,-1.869,7.509,0.000,10.000,6.09671,6.14774,23.79,-1.177,6.699,-1.177,6.699,-1.252,1.199,1.00000,74.342,-1.647,7.708
[SHELL] ccB:458,2147514027,1,-0.189,6.919,-6.729,49.472,57.917,42.083,50.255,57.927,42.073
[SHELL] ccA:459,2287589879,579717,-1.782,7.883,0.000,10.000,6.15515,6.20619,23.79,-1.180,6.685,-1.180,6.685,-1.251,1.200,1.00000,74.342,-1.678,8.425
[SHELL] ccB:459,24637,1,-0.588,7.716,-7.128,48.665,57.870,42.130,49.472,57.917,42.083
[SHELL] ccA:460,2287699871,579718,-2.002,8.414,0.000,10.000,6.20558,6.25662,23.79,-1.170,6.665,-1.170,6.665,-1.250,1.201,1.00000,74.342,-3.006,9.097
[SHELL] ccB:460,2147514015,1,-2.292,9.202,-6.910,47.998,57.797,42.203,48.665,57.870,42.130
[SHELL] ccA:461,2287809835,579719,-2.557,8.840,0.000,10.000,6.26734,0.03520,23.81,-1.146,6.648,-1.146,6.648,-1.249,1.202,1.00000,74.342,-2.539,8.740
[SHELL] ccB:461,24615,1,-2.400,8.803,-6.403,47.217,57.693,42.307,47.998,57.797,42.203
[SHELL] ccA:462,2287919827,579720,-2.690,8.821,0.000,10.000,0.01849,0.06940,23.83,-1.140,6.635,-1.140,6.635,-1.247,1.202,1.00000,74.342,-2.675,8.705
[SHELL] ccB:462,2147514037,1,-2.835,8.912,-6.077,46.778,57.619,42.381,47.217,57.693,42.307
[SHELL] ccA:463,2288029747,579721,-2.624,8.755,0.000,10.000,0.07988,0.13078,23.72,-1.141,6.639,-1.141,6.639,-1.246,1.203,1.00000,74.342,-2.607,8.869
[SHELL] ccB:463,24571,1,-3.306,9.130,-5.823,45.971,57.494,42.506,46.778,57.619,42.381
[SHELL] ccA:464,2288139735,579722,-2.274,8.963,0.000,10.000,0.13600,0.18691,23.67,-1.154,6.631,-1.154,6.631,-1.245,1.204,1.00000,74.342,-1.209,9.407
[SHELL] ccB:464,2147514083,1,-2.473,9.166,-6.693,45.226,57.340,42.660,45.971,57.494,42.506
[SHELL] ccA:465,2288249711,579723,-1.596,9.188,0.000,10.000,0.19472,0.24563,23.68,-1.180,6.622,-1.180,6.622,-1.244,1.204,1.00000,74.342,-1.360,9.067
[SHELL] ccB:465,24553,1,-3.089,9.021,-5.932,44.441,57.148,42.852,45.226,57.340,42.660
[SHELL] ccA:466,2288359679,579724,-1.278,9.342,0.000,10.000,0.25202,0.30291,23.58,-1.192,6.616,-1.192,6.616,-1.243,1.204,1.00000,74.342,-1.184,9.824
[SHELL] ccB:466,2147514111,1,-3.596,9.782,-6.186,43.722,56.942,43.058,44.441,57.148,42.852
[SHELL] ccA:467,2288469683,579725,-1.376,9.661,0.000,10.000,0.29771,0.34862,23.61,-1.188,6.604,-1.188,6.604,-1.243,1.204,1.00000,74.342,-1.778,9.926
[SHELL] ccB:467,24539,1,-4.611,10.072,-5.461,43.219,56.781,43.266,43.722,56.942,43.058
[SHELL] ccA:468,2288579683,579726,-1.867,9.988,0.000,10.000,0.36364,0.41455,23.60,-1.167,6.591,-1.167,6.591,-1.242,1.205,1.00000,74.342,-2.730,10.276
[SHELL] ccB:468,2147514109,1,-6.206,10.579,-4.373,43.005,56.995,44.036,43.219,56.781,43.266
[SHELL] ccA:469,2288689643,579727,-2.476,10.426,0.000,10.000,0.41500,0.46590,23.61,-1.141,6.573,-1.141,6.573,-1.240,1.204,1.00000,74.342,-2.667,11.226
[SHELL] ccB:469,24519,1,-6.967,11.449,-4.482,42.871,57.129,44.642,43.005,56.995,44.036
[SHELL] ccA:470,2288799639,579728,-3.082,10.550,0.000,10.000,0.46414,0.51504,23.62,-1.116,6.568,-1.116,6.568,-1.239,1.204,1.00000,74.342,-4.265,9.473
[SHELL] ccB:470,2147514131,1,-8.054,9.709,-1.655,42.748,57.252,45.216,42.871,57.129,44.642
[SHELL] ccA:471,2288909587,579729,-3.112,10.293,0.000,10.000,0.51366,0.56455,23.53,-1.113,6.578,-1.113,6.578,-1.237,1.204,1.00000,74.342,-1.251,11.002
[SHELL] ccB:471,24491,1,-6.496,11.014,-4.518,42.611,57.389,45.829,42.748,57.252,45.216
[SHELL] ccA:472,2289019651,579730,-2.151,10.470,0.000,10.000,0.57791,0.62881,23.56,-1.150,6.570,-1.150,6.570,-1.236,1.204,1.00000,74.342,-1.835,10.404
[SHELL] ccB:472,2147514125,1,-7.221,10.289,-3.069,42.462,57.538,46.734,42.611,57.389,45.829
[SHELL] ccA:473,2289129691,579731,-1.509,10.512,0.000,10.000,0.62491,0.67603,23.63,-1.175,6.591,-1.175,6.591,-1.236,1.203,1.00000,74.342,-1.116,10.237
[SHELL] ccB:473,24543,1,-6.895,10.072,-3.177,42.348,57.652,47.386,42.462,57.538,46.734
[SHELL] ccA:474,2289239699,579732,-1.673,10.097,0.000,10.000,0.68000,0.73111,23.64,-1.168,6.608,-1.168,6.608,-1.235,1.203,1.00000,74.342,-2.622,9.509
[SHELL] ccB:474,2147514101,1,-8.018,8.985,-0.966,42.261,57.739,48.095,42.348,57.652,47.386
[SHELL] ccA:475,2289349923,579733,-2.138,9.631,0.000,10.000,0.72099,0.77211,23.64,-1.148,6.627,-1.148,6.627,-1.234,1.204,1.00000,74.342,-2.192,9.268
[SHELL] ccB:475,24659,1,-7.764,8.658,-0.894,42.207,57.793,48.598,42.261,57.739,48.095
[SHELL] ccA:476,2289460167,579734,-2.291,9.315,0.000,10.000,0.79525,0.84637,24.07,-1.141,6.640,-1.141,6.640,-1.232,1.204,1.00000,74.342,-2.160,9.213
[SHELL] ccB:476,2147513867,1,-8.091,8.296,-0.205,42.156,57.844,49.583,42.207,57.793,48.598
[SHELL] ccA:477,2289570187,579735,-2.026,9.444,0.000,10.000,0.83831,0.88944,24.08,-1.150,6.635,-1.150,6.635,-1.231,1.204,1.00000,74.342,-1.594,10.082
[SHELL] ccB:477,24791,1,-8.562,9.093,-0.532,42.156,57.844,50.189,42.156,57.844,49.583
[SHELL] ccA:478,2289680187,579736,-1.850,9.992,0.000,10.000,0.89391,0.94503,24.13,-1.157,6.613,-1.157,6.613,-1.231,1.204,1.00000,74.342,-2.052,10.590
[SHELL] ccB:478,2147513857,1,-9.540,9.130,0.411,42.199,57.801,50.961,42.156,57.844,50.189
[SHELL] ccA:479,2289790123,579737,-2.078,10.525,0.000,10.000,0.94213,0.99325,24.07,-1.146,6.591,-1.146,6.591,-1.229,1.204,1.00000,74.342,-2.613,10.837
[SHELL] ccB:479,24759,1,-10.301,8.840,1.462,42.261,57.739,51.593,42.199,57.801,50.961
[SHELL] ccA:480,2289900115,579738,-2.373,10.772,0.000,10.000,1.00808,1.05921,24.01,-1.133,6.581,-1.133,6.581,-1.228,1.203,1.00000,74.342,-2.213,10.826
[SHELL] ccB:480,2147513893,1,-10.338,8.550,1.788,42.350,57.650,52.446,42.261,57.739,51.593
[SHELL] ccA:481,2290010099,579739,-2.480,10.861,0.000,10.000,1.05674,1.10786,24.01,-1.128,6.577,-1.128,6.577,-1.227,1.203,1.00000,74.342,-2.880,10.953
[SHELL] ccB:481,24747,1,-10.954,7.970,2.984,42.432,57.568,53.076,42.350,57.650,52.446
[SHELL] ccA:482,2290120075,579740,-2.789,10.956,0.000,10.000,1.11174,1.16287,24.01,-1.114,6.573,-1.114,6.573,-1.226,1.203,1.00000,74.342,-3.181,11.091
[SHELL] ccB:482,2147513913,1,-11.353,7.462,3.890,42.544,57.456,53.764,42.432,57.568,53.076
[SHELL] ccA:483,2290230107,579741,-2.771,11.077,0.000,10.000,1.16401,1.21511,24.02,-1.113,6.564,-1.113,6.564,-1.224,1.202,1.00000,74.342,-1.839,11.174
[SHELL] ccB:483,24751,1,-10.990,7.861,3.129,42.677,57.323,54.429,42.544,57.456,53.764
[SHELL] ccA:484,2290340115,579742,-2.428,10.985,0.000,10.000,1.22352,1.27461,24.01,-1.126,6.568,-1.126,6.568,-1.223,1.202,1.00000,74.342,-2.854,10.501
[SHELL] ccB:484,2147513893,1,-10.845,6.194,4.651,42.842,57.158,55.201,42.677,57.323,54.429
[SHELL] ccA:485,2290450083,579743,-2.639,10.773,0.000,10.000,1.26937,1.32047,24.01,-1.116,6.576,-1.116,6.576,-1.222,1.201,1.00000,74.342,-3.009,10.915
[SHELL] ccB:485,24739,1,-11.316,5.976,5.340,42.975,57.025,55.749,42.842,57.158,55.201
[SHELL] ccA:486,2290560115,579744,-2.742,11.026,0.000,10.000,1.33042,1.38151,24.02,-1.111,6.565,-1.111,6.565,-1.220,1.201,1.00000,74.342,-2.098,11.771
[SHELL] ccB:486,2147513893,1,-11.932,6.629,5.304,43.200,56.800,56.463,42.975,57.025,55.749
[SHELL] ccA:487,2290670111,579745,-2.085,11.912,0.000,10.000,1.37963,1.43073,24.01,-1.136,6.529,-1.136,6.529,-1.219,1.200,1.00000,74.342,-1.134,13.190
[SHELL] ccB:487,24753,1,-13.165,7.789,5.376,43.194,56.309,56.806,43.200,56.800,56.463
[SHELL] ccA:488,2290780107,579746,-1.560,12.878,0.000,10.000,1.43817,1.48926,24.02,-1.156,6.489,-1.156,6.489,-1.219,1.198,1.00000,74.342,-1.876,13.360
[SHELL] ccB:488,2147513897,1,-13.491,6.665,6.826,43.017,55.529,56.983,43.194,56.309,56.806
[SHELL] ccA:489,2290890103,579747,-1.865,13.690,0.000,10.000,1.48605,1.53715,24.01,-1.143,6.454,-1.143,6.454,-1.218,1.196,1.00000,74.342,-2.573,14.849
[SHELL] ccB:489,24749,1,-15.013,6.375,8.638,42.914,54.930,57.086,43.017,55.529,56.983
[SHELL] ccA:490,2291000099,579748,-2.010,13.904,0.000,10.000,1.53890,1.59000,24.02,-1.136,6.444,-1.136,6.444,-1.217,1.194,1.00000,74.342,-1.017,12.559
[SHELL] ccB:490,2147513901,1,-12.585,5.759,6.826,42.789,54.276,57.211,42.914,54.930,57.086
[SHELL] ccA:491,2291110135,579749,-1.368,12.936,0.000,10.000,1.59770,1.64879,24.10,-1.161,6.481,-1.161,6.481,-1.216,1.193,1.00000,74.342,-0.865,11.779
[SHELL] ccB:491,24765,1,-11.751,4.853,6.898,42.604,53.522,57.396,42.789,54.276,57.211
[SHELL] ccA:492,2291220111,579750,-0.895,11.948,0.000,10.000,1.65297,1.70407,24.01,-1.180,6.520,-1.180,6.520,-1.215,1.192,1.00000,73.902,-0.832,11.678
[SHELL] ccB:492,2147513895,1,-11.570,4.237,7.333,42.409,52.821,57.591,42.604,53.522,57.396
[SHELL] ccA:493,2291330091,579751,-1.050,11.857,0.000,10.000,1.70276,1.75381,23.99,-1.173,6.519,-1.173,6.519,-1.215,1.191,1.00000,73.902,-1.670,12.295
[SHELL] ccB:493,24743,1,-11.969,3.149,8.819,42.340,52.176,57.660,42.409,52.821,57.591
[SHELL] ccA:494,2291440111,579752,-1.241,11.596,0.000,10.000,1.75663,1.80769,24.01,-1.165,6.529,-1.165,6.529,-1.214,1.190,1.00000,73.902,-0.791,10.114
[SHELL] ccB:494,2147513895,1,-9.794,2.606,7.188,42.275,51.480,57.725,42.340,52.176,57.660
[SHELL] ccA:495,2291550107,579753,-0.926,10.595,0.000,10.000,1.82283,1.87389,24.02,-1.177,6.569,-1.177,6.569,-1.214,1.190,1.00000,73.902,-0.453,9.856
[SHELL] ccB:495,24751,1,-9.432,2.207,7.225,42.187,50.585,57.813,42.275,51.480,57.725
[SHELL] ccA:496,2291660087,579754,-0.526,10.094,0.000,10.000,1.86641,1.91747,24.01,-1.193,6.589,-1.193,6.589,-1.214,1.190,1.00000,74.342,-0.406,10.551
[SHELL] ccB:496,2147513907,1,-9.975,1.989,7.986,42.200,49.971,57.800,42.187,50.585,57.813
[SHELL] ccA:497,2291770091,579755,-0.551,10.427,0.000,10.000,1.91663,1.96770,24.02,-1.191,6.575,-1.191,6.575,-1.213,1.190,1.00000,74.342,-0.941,10.749
[SHELL] ccB:497,24743,1,-9.794,0.975,8.819,42.226,49.292,57.774,42.200,49.971,57.800
[SHELL] ccA:498,2291880067,579756,-1.050,10.956,0.000,10.000,1.97317,2.02424,23.97,-1.171,6.554,-1.171,6.554,-1.213,1.189,1.00000,74.342,-1.913,11.773
[SHELL] ccB:498,2147513917,1,-10.084,-0.475,10.559,42.289,48.570,57.711,42.226,49.292,57.774
[SHELL] ccA:499,2291990055,579757,-1.542,11.495,0.000,10.000,2.02787,2.07893,23.96,-1.150,6.531,-1.150,6.531,-1.212,1.189,1.00000,74.342,-1.400,11.684
[SHELL] ccB:499,24725,1,-9.867,-0.620,10.487,42.372,47.883,57.628,42.289,48.570,57.711
[SHELL] ccA:500,2292100031,579758,-1.507,11.525,0.000,10.000,2.08049,2.13155,23.97,-1.151,6.529,-1.151,6.529,-1.211,1.188,1.00000,74.342,-1.316,10.959
[SHELL] ccB:500,2147513935,1,-8.924,-1.164,10.088,42.449,47.190,57.551,42.372,47.883,57.628
[SHELL] ccA:501,2292210047,579759,-1.260,10.901,0.000,10.000,2.13536,2.18643,23.96,-1.160,6.554,-1.160,6.554,-1.211,1.187,1.00000,74.342,-1.009,10.001
[SHELL] ccB:501,24721,1,-7.909,-1.417,9.327,42.522,46.454,57.478,42.449,47.190,57.551
[SHELL] ccA:502,2292320047,579760,-0.886,10.472,0.000,10.000,2.19532,2.24639,23.97,-1.175,6.571,-1.175,6.571,-1.210,1.187,1.00000,74.342,-0.209,10.928
[SHELL] ccB:502,2147513927,1,-8.743,-1.309,10.052,42.641,45.650,57.359,42.522,46.454,57.478
[SHELL] ccA:503,2292430051,579761,-0.381,10.657,0.000,10.000,2.24111,2.29218,23.96,-1.195,6.563,-1.195,6.563,-1.210,1.187,1.00000,74.342,-0.097,10.772
[SHELL] ccB:503,24723,1,-8.381,-1.671,10.052,42.777,45.034,57.223,42.641,45.650,57.359
[SHELL] ccA:504,2292540023,579762,-0.321,11.333,0.000,10.000,2.29689,2.34795,23.96,-1.197,6.535,-1.197,6.535,-1.210,1.186,1.00000,74.342,-0.879,12.860
[SHELL] ccB:504,2147513939,1,-9.033,-3.447,12.480,42.980,44.354,57.020,42.777,45.034,57.223
[SHELL] ccA:505,2292650027,579763,-0.588,12.182,0.000,10.000,2.35140,2.40246,23.96,-1.186,6.500,-1.186,6.500,-1.210,1.185,1.00000,74.342,-0.498,12.237
[SHELL] ccB:505,24711,1,-8.344,-3.592,11.936,43.203,43.743,56.797,42.980,44.354,57.020
[SHELL] ccA:506,2292760011,579764,-0.314,12.668,0.000,10.000,2.40754,2.45861,23.98,-1.197,6.479,-1.197,6.479,-1.209,1.184,1.00000,74.342,0.620,13.339
[SHELL] ccB:506,2147513945,1,-9.395,-3.520,12.915,43.623,43.265,56.735,43.203,43.743,56.797
[SHELL] ccA:507,2292869979,579765,0.293,12.759,0.000,10.000,2.45874,2.50980,23.90,-1.221,6.474,-1.221,6.474,-1.210,1.182,1.00000,74.342,0.429,12.122
[SHELL] ccB:507,24687,1,-7.982,-3.918,11.900,44.274,43.074,56.926,43.623,43.265,56.735
[SHELL] ccA:508,2292979983,579766,0.416,12.600,0.000,10.000,2.51614,2.56721,23.90,-1.226,6.479,-1.226,6.479,-1.210,1.181,1.00000,74.342,0.186,12.819
[SHELL] ccB:508,2147513959,1,-7.656,-5.078,12.734,44.975,42.887,57.113,44.274,43.074,56.926
[SHELL] ccA:509,2293090311,579767,0.548,12.515,0.000,10.000,2.57260,2.62367,23.91,-1.232,6.481,-1.232,6.481,-1.210,1.180,1.00000,74.342,1.392,12.302
[SHELL] ccB:509,24853,1,-7.801,-4.426,12.226,45.685,42.729,57.271,44.975,42.887,57.113
[SHELL] ccA:510,2293199651,579768,1.070,12.507,0.000,10.000,2.63550,2.68652,23.76,-1.253,6.480,-1.253,6.480,-1.211,1.178,1.00000,74.342,1.311,12.604
[SHELL] ccB:510,2147514125,1,-7.257,-5.368,12.625,46.524,42.577,57.423,45.685,42.729,57.271
[SHELL] ccA:511,2293309419,579769,1.282,12.324,0.000,10.000,2.67295,2.72401,23.35,-1.262,6.487,-1.262,6.487,-1.211,1.177,1.00000,74.342,1.112,11.784
[SHELL] ccB:511,24407,1,-6.315,-5.513,11.828,47.020,42.496,57.504,46.524,42.577,57.423
