[SHELL] ctrlcap v1 armed=0 count=512 clock_hz=550000000 decimation=1
[SHELL] ccA:index,cycles,seq,id,iq,idref,iqref,theta,actangle,age_us,vdreq,vqreq,vd,vq,intd,intq,scale,bus,raw_id,raw_iq
[SHELL] ccB:index,timer,valid,ia,ib,ic,du,dv,dw,active_u,active_v,active_w
[SHELL] ccA:0,2651738487,1182027,-2.574,38.282,0.000,35.000,1.58807,1.79593,24.02,-12.052,23.219,-12.052,23.219,-12.077,1.295,1.00000,74.782,-6.458,36.152
[SHELL] ccB:0,2147513907,1,-36.035,11.884,24.151,20.196,40.590,79.804,19.691,51.770,80.309
[SHELL] ccA:1,2651848475,1182028,-0.655,38.071,0.000,35.000,1.81738,2.02540,24.01,-12.071,23.239,-12.071,23.239,-12.077,1.293,1.00000,74.782,13.001,39.604
[SHELL] ccB:1,24735,1,-41.580,23.337,18.243,22.188,29.060,77.812,20.196,40.590,79.804
[SHELL] ccA:2,2651958435,1182029,1.823,36.906,0.000,35.000,2.03551,2.24355,23.95,-12.096,23.262,-12.096,23.262,-12.078,1.292,1.00000,74.782,-12.253,32.262
[SHELL] ccB:2,2147513933,1,-23.349,-10.333,33.683,28.627,22.257,77.743,22.188,29.060,77.812
[SHELL] ccA:3,2652068447,1182030,-3.346,35.033,0.000,35.000,2.25610,2.46414,24.05,-12.043,23.299,-12.043,23.299,-12.076,1.292,1.00000,74.782,-1.880,36.001
[SHELL] ccB:3,24721,1,-26.684,-7.651,34.335,39.528,20.235,79.765,28.627,22.257,77.743
[SHELL] ccA:4,2652178643,1182031,-4.790,35.674,0.000,35.000,2.48197,2.69000,23.90,-12.026,23.286,-12.026,23.286,-12.074,1.292,1.00000,74.782,-3.145,38.432
[SHELL] ccB:4,2147513829,1,-21.066,-17.437,38.503,51.321,19.659,80.341,39.528,20.235,79.765
[SHELL] ccA:5,2652288063,1182032,-4.899,36.636,0.000,35.000,2.69992,2.90776,23.74,-12.023,23.266,-12.023,23.266,-12.071,1.291,1.00000,74.782,-11.425,33.679
[SHELL] ccB:5,24529,1,-4.068,-28.564,32.632,62.646,20.564,79.436,51.321,19.659,80.341
[SHELL] ccA:6,2652397819,1182033,-3.862,35.999,0.000,35.000,2.90893,3.11695,23.37,-12.031,23.278,-12.031,23.278,-12.070,1.291,1.00000,74.342,10.547,38.207
[SHELL] ccB:6,2147514241,1,-19.072,-20.554,39.627,73.110,22.546,77.454,62.646,20.564,79.436
[SHELL] ccA:7,2652507787,1182034,-0.951,35.214,0.000,35.000,3.14277,3.35084,23.36,-12.060,23.294,-12.060,23.294,-12.069,1.291,1.00000,74.342,-13.474,30.765
[SHELL] ccB:7,24391,1,13.511,-33.384,19.874,78.595,21.405,68.656,73.110,22.546,77.454
[SHELL] ccA:8,2652617799,1182035,-4.577,33.651,0.000,35.000,3.35889,3.56692,23.35,-12.021,23.326,-12.021,23.326,-12.067,1.291,1.00000,74.342,-1.907,34.867
[SHELL] ccB:8,2147514251,1,9.379,-33.819,24.440,80.243,19.757,57.703,78.595,21.405,68.656
[SHELL] ccA:9,2652727787,1182036,-4.295,34.767,0.000,35.000,3.57042,3.77844,23.35,-12.022,23.303,-12.022,23.303,-12.065,1.291,1.00000,74.342,0.108,38.569
[SHELL] ccB:9,24391,1,15.939,-38.386,22.447,80.480,19.520,46.515,80.243,19.757,57.703
[SHELL] ccA:10,2652837823,1182037,-3.240,36.066,0.000,35.000,3.80247,4.01050,23.36,-12.031,23.277,-12.031,23.277,-12.063,1.291,1.00000,74.782,-11.269,32.258
[SHELL] ccB:10,2147514239,1,28.697,-30.412,1.716,79.000,21.000,34.531,80.480,19.520,46.515
[SHELL] ccA:11,2652947867,1182038,-2.734,35.227,0.000,35.000,4.01445,4.22242,23.37,-12.034,23.294,-12.034,23.294,-12.062,1.291,1.00000,74.782,11.494,37.824
[SHELL] ccB:11,24431,1,21.593,-39.473,17.880,76.492,23.508,24.304,79.000,21.000,34.531
[SHELL] ccA:12,2653057839,1182039,0.441,35.403,0.000,35.000,4.24418,4.45230,23.38,-12.066,23.300,-12.066,23.300,-12.062,1.290,1.00000,74.782,-9.953,33.704
[SHELL] ccB:12,2147514231,1,34.568,-22.765,-11.803,78.976,34.153,21.024,76.492,23.508,24.304
[SHELL] ccA:13,2653167807,1182040,-2.413,35.615,0.000,35.000,4.45849,4.66661,23.38,-12.037,23.295,-12.037,23.295,-12.061,1.290,1.00000,74.782,-1.241,37.226
[SHELL] ccB:13,24401,1,36.344,-25.230,-11.115,80.236,45.144,19.764,78.976,34.153,21.024
[SHELL] ccA:14,2653277879,1182041,-2.148,36.969,0.000,35.000,4.68616,4.89429,23.43,-12.038,23.267,-12.038,23.267,-12.060,1.289,1.00000,74.342,3.845,39.721
[SHELL] ccB:14,2147514211,1,39.606,-24.034,-15.573,80.236,57.154,19.764,80.236,45.144,19.764
[SHELL] ccA:15,2653387839,1182042,-1.712,36.160,0.000,35.000,4.89997,5.10809,23.38,-12.042,23.283,-12.042,23.283,-12.059,1.289,1.00000,74.782,-13.297,27.970
[SHELL] ccB:15,24417,1,25.000,3.331,-28.331,78.521,68.000,21.479,80.236,57.154,19.764
[SHELL] ccA:16,2653497831,1182043,-4.559,31.643,0.000,35.000,5.11794,5.32604,23.38,-12.011,23.375,-12.011,23.375,-12.056,1.290,1.00000,74.782,4.514,30.909
[SHELL] ccB:16,2147514235,1,30.183,-8.123,-22.060,74.458,76.960,23.040,78.521,68.000,21.479
[SHELL] ccA:17,2653607803,1182044,-4.736,29.719,0.000,35.000,5.34388,5.55200,23.38,-12.007,23.416,-12.007,23.416,-12.054,1.293,1.00000,74.342,-14.673,29.087
[SHELL] ccB:17,24399,1,14.816,17.719,-32.535,63.515,79.645,20.355,74.458,76.960,23.040
[SHELL] ccA:18,2653717843,1182045,-7.729,30.363,0.000,35.000,5.56437,5.77249,23.38,-11.973,23.405,-11.973,23.405,-12.050,1.295,1.00000,74.342,-6.083,32.368
[SHELL] ccB:18,2147514229,1,16.736,16.197,-32.934,52.007,80.604,19.396,63.515,79.645,20.355
[SHELL] ccA:19,2653827875,1182046,-5.571,32.836,0.000,35.000,5.78062,5.98878,23.44,-11.992,23.357,-11.992,23.357,-12.047,1.296,1.00000,74.342,4.554,37.522
[SHELL] ccB:19,24435,1,22.064,15.545,-37.609,40.520,80.092,19.908,52.007,80.604,19.396
[SHELL] ccA:20,2653937843,1182047,-2.819,34.412,0.000,35.000,5.99938,6.20750,23.38,-12.018,23.326,-12.018,23.326,-12.046,1.297,1.00000,74.342,-14.302,30.237
[SHELL] ccB:20,2147514229,1,-5.264,31.238,-25.975,29.379,78.153,21.847,40.520,80.092,19.908
[SHELL] ccA:21,2654047891,1182048,-4.074,33.621,0.000,35.000,6.22130,0.14624,23.37,-12.003,23.342,-12.003,23.342,-12.044,1.297,1.00000,74.342,7.753,36.490
[SHELL] ccB:21,24443,1,9.995,26.128,-36.123,22.156,77.844,28.116,29.379,78.153,21.847
[SHELL] ccA:22,2654157915,1182049,-2.673,34.145,0.000,35.000,0.15245,0.36040,23.53,-12.016,23.315,-12.016,23.315,-12.043,1.298,1.00000,74.342,-11.897,33.363
[SHELL] ccB:22,2147514193,1,-16.825,35.406,-18.581,20.122,79.878,38.920,22.156,77.844,28.116
[SHELL] ccA:23,2654267887,1182050,-5.826,35.049,0.000,35.000,0.37270,0.58066,23.49,-11.981,23.297,-11.981,23.297,-12.040,1.298,1.00000,74.342,-7.265,36.982
[SHELL] ccB:23,24441,1,-20.232,37.653,-17.421,19.483,80.517,50.448,20.122,79.878,38.920
[SHELL] ccA:24,2654378091,1182051,-4.154,37.888,0.000,35.000,0.59194,0.79990,23.43,-11.996,23.239,-11.996,23.239,-12.038,1.296,1.00000,74.342,9.811,44.227
[SHELL] ccB:24,2147514105,1,-16.535,44.793,-28.258,20.332,79.668,61.990,19.483,80.517,50.448
[SHELL] ccA:25,2654488299,1182052,0.142,39.918,0.000,35.000,0.81412,1.02208,23.86,-12.039,23.196,-12.039,23.196,-12.038,1.294,1.00000,74.342,-11.791,34.238
[SHELL] ccB:25,24647,1,-32.990,29.426,3.564,22.635,77.365,73.108,20.332,79.668,61.990
[SHELL] ccA:26,2654598259,1182053,-0.767,37.735,0.000,35.000,1.02973,1.23769,23.80,-12.030,23.238,-12.030,23.238,-12.037,1.292,1.00000,74.342,10.702,38.238
[SHELL] ccB:26,2147514021,1,-27.264,38.632,-11.368,21.681,69.536,78.319,22.635,77.365,73.108
[SHELL] ccA:27,2654708287,1182054,0.992,37.058,0.000,35.000,1.25440,1.46239,23.83,-12.048,23.250,-12.048,23.250,-12.038,1.291,1.00000,74.342,-5.643,37.518
[SHELL] ccB:27,24641,1,-37.412,24.171,13.241,19.855,58.101,80.145,21.681,69.536,78.319
[SHELL] ccA:28,2654818283,1182055,-0.892,37.635,0.000,35.000,1.47042,1.67839,23.79,-12.028,23.238,-12.028,23.238,-12.037,1.290,1.00000,74.342,-2.984,37.264
[SHELL] ccB:28,2147514009,1,-37.376,19.350,18.025,19.576,46.748,80.424,19.855,58.101,80.145
[SHELL] ccA:29,2654928283,1182056,0.510,37.949,0.000,35.000,1.69218,1.90014,23.80,-12.043,23.230,-12.043,23.230,-12.038,1.289,1.00000,74.342,13.651,39.748
[SHELL] ccB:29,24639,1,-41.109,28.121,12.987,20.740,35.206,79.260,19.576,46.748,80.424
[SHELL] ccA:30,2655038287,1182057,3.600,36.969,0.000,35.000,1.91056,2.11853,23.89,-12.075,23.248,-12.075,23.248,-12.039,1.288,1.00000,74.342,-9.918,31.115
[SHELL] ccB:30,2147514007,1,-26.031,-4.063,30.094,23.265,24.511,76.735,20.740,35.206,79.260
[SHELL] ccA:31,2655148303,1182058,0.380,33.520,0.000,35.000,2.12784,2.33580,23.83,-12.043,23.318,-12.043,23.318,-12.040,1.288,1.00000,74.342,7.707,32.102
[SHELL] ccB:31,24649,1,-31.323,6.629,24.694,32.889,21.067,78.933,23.265,24.511,76.735
[SHELL] ccA:32,2655258275,1182059,0.406,32.630,0.000,35.000,2.34693,2.55480,23.84,-12.044,23.328,-12.044,23.328,-12.040,1.290,1.00000,74.342,-3.872,35.200
[SHELL] ccB:32,2147514013,1,-22.407,-12.544,34.951,44.174,19.602,80.398,32.889,21.067,78.933
[SHELL] ccA:33,2655368239,1182060,-0.814,34.607,0.000,35.000,2.57157,2.77944,23.77,-12.031,23.289,-12.031,23.289,-12.039,1.290,1.00000,74.342,-3.217,35.928
[SHELL] ccB:33,24617,1,-16.680,-19.358,36.038,56.053,19.665,80.335,44.174,19.602,80.398
[SHELL] ccA:34,2655478223,1182061,2.352,37.196,0.000,35.000,2.78661,2.99449,23.77,-12.064,23.236,-12.064,23.236,-12.041,1.289,1.00000,74.342,19.715,41.730
[SHELL] ccB:34,2147514039,1,-32.990,-11.457,44.447,67.207,21.165,78.835,56.053,19.665,80.335
[SHELL] ccA:35,2655588239,1182062,7.812,38.017,0.000,35.000,3.00916,3.21703,23.77,-12.123,23.218,-12.123,23.218,-12.045,1.287,1.00000,74.342,-4.967,32.681
[SHELL] ccB:35,24617,1,0.608,-28.926,28.319,76.913,23.087,74.898,67.207,21.165,78.835
[SHELL] ccA:36,2655698203,1182063,5.798,35.311,0.000,35.000,3.23218,3.44006,23.77,-12.105,23.272,-12.105,23.272,-12.047,1.287,1.00000,74.342,13.410,34.154
[SHELL] ccB:36,2147514049,1,-10.265,-25.375,35.640,79.459,20.541,64.070,76.913,23.087,74.898
[SHELL] ccA:37,2655808231,1182064,6.627,34.315,0.000,35.000,3.45238,3.66028,23.78,-12.117,23.292,-12.117,23.292,-12.051,1.287,1.00000,74.342,4.655,36.273
[SHELL] ccB:37,24613,1,6.661,-34.472,27.811,80.549,19.451,52.585,79.459,20.541,64.070
[SHELL] ccA:38,2655918263,1182065,5.474,34.950,0.000,35.000,3.67093,3.87874,23.77,-12.108,23.279,-12.108,23.279,-12.053,1.287,1.00000,74.342,-0.824,33.100
[SHELL] ccB:38,2147514019,1,17.425,-33.095,15.669,80.129,19.871,41.065,80.549,19.451,52.585
[SHELL] ccA:39,2656028187,1182066,5.379,35.207,0.000,35.000,3.89258,4.10046,23.77,-12.110,23.274,-12.110,23.274,-12.056,1.287,1.00000,74.342,18.509,38.354
[SHELL] ccB:39,24591,1,12.641,-41.539,28.898,78.251,21.749,29.804,80.129,19.871,41.065
[SHELL] ccA:40,2656138203,1182067,7.280,35.353,0.000,35.000,4.11191,4.31979,23.74,-12.133,23.271,-12.133,23.271,-12.060,1.287,1.00000,74.342,-7.075,31.605
[SHELL] ccB:40,2147514049,1,30.074,-25.447,-4.627,77.717,27.656,22.283,78.251,21.749,29.804
[SHELL] ccA:41,2656248187,1182068,3.077,34.064,0.000,35.000,4.33826,4.54614,23.74,-12.092,23.297,-12.092,23.297,-12.061,1.288,1.00000,74.342,7.949,34.690
[SHELL] ccB:41,24591,1,29.386,-32.080,2.694,79.899,38.903,20.101,77.717,27.656,22.283
[SHELL] ccA:42,2656358207,1182069,3.417,34.854,0.000,35.000,4.55678,4.76466,23.73,-12.097,23.282,-12.097,23.282,-12.063,1.288,1.00000,74.342,4.847,38.430
[SHELL] ccB:42,2147514047,1,37.214,-27.912,-9.303,80.563,50.417,19.437,79.899,38.903,20.101
[SHELL] ccA:43,2656468203,1182070,3.145,35.911,0.000,35.000,4.77110,4.97906,23.74,-12.096,23.268,-12.096,23.268,-12.065,1.287,1.00000,74.342,-5.064,32.094
[SHELL] ccB:43,24599,1,31.741,-9.862,-21.879,79.797,61.675,20.203,80.563,50.417,19.437
[SHELL] ccA:44,2656578183,1182071,2.678,34.915,0.000,35.000,4.99652,5.20446,23.74,-12.093,23.288,-12.093,23.288,-12.066,1.287,1.00000,74.342,15.994,37.043
[SHELL] ccB:44,2147514059,1,40.041,-24.324,-15.718,77.560,72.906,22.440,79.797,61.675,20.203
[SHELL] ccA:45,2656688211,1182072,4.515,34.079,0.000,35.000,5.21840,5.42636,23.74,-12.113,23.305,-12.113,23.305,-12.068,1.288,1.00000,74.342,-8.864,30.137
[SHELL] ccB:45,24603,1,22.064,8.332,-30.396,69.534,78.443,21.557,77.560,72.906,22.440
[SHELL] ccA:46,2656798175,1182073,-0.008,32.859,0.000,35.000,5.43903,5.64698,23.74,-12.068,23.331,-12.068,23.331,-12.068,1.289,1.00000,74.342,1.700,34.120
[SHELL] ccB:46,2147514063,1,26.631,5.215,-31.846,58.383,80.214,19.786,69.534,78.443,21.557
[SHELL] ccA:47,2656908199,1182074,-0.292,34.402,0.000,35.000,5.66154,5.86949,23.74,-12.065,23.300,-12.065,23.300,-12.068,1.289,1.00000,74.342,4.297,39.233
[SHELL] ccB:47,24597,1,26.341,12.283,-38.624,46.609,80.503,19.497,58.383,80.214,19.786
[SHELL] ccA:48,2657018199,1182075,0.875,35.954,0.000,35.000,5.87755,6.08551,23.74,-12.077,23.269,-12.077,23.269,-12.069,1.289,1.00000,74.342,-6.795,31.232
[SHELL] ccB:48,2147514051,1,6.081,24.134,-30.215,35.327,79.342,20.658,46.609,80.503,19.497
[SHELL] ccA:49,2657128207,1182076,1.663,34.844,0.000,35.000,6.09808,0.02285,23.69,-12.086,23.291,-12.086,23.291,-12.069,1.289,1.00000,74.342,15.946,37.678
[SHELL] ccB:49,24601,1,22.608,18.227,-40.835,24.547,76.804,23.196,35.327,79.342,20.658
[SHELL] ccA:50,2657238099,1182077,4.316,34.344,0.000,35.000,0.03685,0.24481,23.71,-12.115,23.301,-12.115,23.301,-12.072,1.289,1.00000,74.342,-7.831,30.788
[SHELL] ccB:50,2147514101,1,-8.960,30.876,-21.915,20.988,79.012,33.183,24.547,76.804,23.196
[SHELL] ccA:51,2657347971,1182078,0.303,33.582,0.000,35.000,0.25386,0.46181,23.55,-12.075,23.317,-12.075,23.317,-12.072,1.290,1.00000,74.342,0.929,35.074
[SHELL] ccB:51,24483,1,-7.909,33.558,-25.649,19.588,80.412,44.312,20.988,79.012,33.183
[SHELL] ccA:52,2657457947,1182079,0.187,35.117,0.000,35.000,0.48102,0.68897,23.54,-12.074,23.287,-12.074,23.287,-12.072,1.290,1.00000,74.342,6.723,39.534
[SHELL] ccB:52,2147514177,1,-12.331,39.212,-26.881,19.664,80.336,56.341,19.588,80.412,44.312
[SHELL] ccA:53,2657568175,1182080,1.243,36.645,0.000,35.000,0.70422,0.91218,23.49,-12.085,23.255,-12.085,23.255,-12.072,1.289,1.00000,74.342,-9.403,32.440
[SHELL] ccB:53,24585,1,-28.170,30.223,-2.054,21.261,78.739,67.845,19.664,80.336,56.341
[SHELL] ccA:54,2657678379,1182081,0.506,35.431,0.000,35.000,0.91900,1.12711,23.93,-12.078,23.297,-12.078,23.297,-12.073,1.289,1.00000,74.342,14.108,37.309
[SHELL] ccB:54,2147513961,1,-21.102,39.864,-18.762,23.013,74.873,76.987,21.261,78.739,67.845
[SHELL] ccA:55,2657788343,1182082,2.424,34.874,0.000,35.000,1.13992,1.34806,23.93,-12.098,23.309,-12.098,23.309,-12.074,1.289,1.00000,74.342,-9.117,32.437
[SHELL] ccB:55,24669,1,-33.280,21.199,12.081,20.496,64.010,79.504,23.013,74.873,76.987
[SHELL] ccA:56,2657898343,1182083,-1.242,34.571,0.000,35.000,1.35646,1.56459,23.86,-12.061,23.315,-12.061,23.315,-12.073,1.289,1.00000,74.342,-0.844,36.101
[SHELL] ccB:56,2147513979,1,-35.455,23.663,11.791,19.463,52.775,80.537,20.496,64.010,79.504
[SHELL] ccA:57,2658008323,1182084,-0.404,35.988,0.000,35.000,1.58545,1.79358,23.86,-12.069,23.286,-12.069,23.286,-12.073,1.288,1.00000,74.342,9.189,39.311
[SHELL] ccB:57,24659,1,-39.441,27.179,12.263,19.926,40.664,80.074,19.463,52.775,80.537
[SHELL] ccA:58,2658118315,1182085,2.604,36.211,0.000,35.000,1.80383,2.01195,23.87,-12.100,23.281,-12.100,23.281,-12.074,1.288,1.00000,74.342,-7.120,30.120
[SHELL] ccB:58,2147513993,1,-27.662,1.808,25.854,21.811,29.536,78.189,19.926,40.664,80.074
[SHELL] ccA:59,2658228287,1182086,1.825,33.175,0.000,35.000,2.02667,2.23479,23.81,-12.093,23.343,-12.093,23.343,-12.075,1.289,1.00000,74.342,12.351,33.149
[SHELL] ccB:59,24641,1,-35.201,14.566,20.635,27.946,22.147,77.853,21.811,29.536,78.189
[SHELL] ccA:60,2658338295,1182087,2.185,32.154,0.000,35.000,2.24691,2.45500,23.82,-12.098,23.365,-12.098,23.365,-12.076,1.290,1.00000,74.342,-8.843,32.196
[SHELL] ccB:60,2147514003,1,-19.580,-13.632,33.211,38.996,20.015,79.985,27.946,22.147,77.853
[SHELL] ccA:61,2658448191,1182088,-2.440,33.267,0.000,35.000,2.46420,2.67233,23.76,-12.051,23.343,-12.051,23.343,-12.075,1.291,1.00000,74.342,-4.425,35.526
[SHELL] ccB:61,24593,1,-18.819,-16.966,35.785,50.387,19.398,80.602,38.996,20.015,79.985
[SHELL] ccA:62,2658558203,1182089,-1.499,35.688,0.000,35.000,2.68611,2.89423,23.71,-12.059,23.294,-12.059,23.294,-12.074,1.291,1.00000,74.342,11.695,39.502
[SHELL] ccB:62,2147514049,1,-27.880,-12.327,40.207,62.083,20.250,79.750,50.387,19.398,80.602
[SHELL] ccA:63,2658668231,1182090,2.402,36.590,0.000,35.000,2.90673,3.11485,23.75,-12.100,23.276,-12.100,23.276,-12.076,1.290,1.00000,74.342,-9.359,31.830
[SHELL] ccB:63,24613,1,1.695,-29.543,27.847,73.149,22.519,77.481,62.083,20.250,79.750
[SHELL] ccA:64,2658778187,1182091,1.146,34.553,0.000,35.000,3.13335,3.34167,23.76,-12.088,23.337,-12.088,23.337,-12.076,1.290,1.00000,74.342,11.608,35.052
[SHELL] ccB:64,2147514057,1,-11.896,-24.324,36.220,78.553,21.447,69.137,73.149,22.519,77.481
[SHELL] ccA:65,2658888287,1182092,1.956,33.822,0.000,35.000,3.35404,3.56230,23.75,-12.097,23.353,-12.097,23.353,-12.077,1.291,1.00000,74.342,-6.033,33.357
[SHELL] ccB:65,24641,1,12.931,-33.602,20.671,80.300,19.700,57.854,78.553,21.447,69.137
[SHELL] ccA:66,2658998311,1182093,-1.658,33.992,0.000,35.000,3.56346,3.77177,23.83,-12.060,23.350,-12.060,23.350,-12.076,1.291,1.00000,74.342,-6.172,34.203
[SHELL] ccB:66,2147513995,1,19.636,-34.653,15.017,80.560,19.440,46.835,80.300,19.700,57.854
[SHELL] ccA:67,2659108295,1182094,-1.751,35.166,0.000,35.000,3.79642,4.00475,23.83,-12.058,23.326,-12.058,23.326,-12.075,1.291,1.00000,74.342,11.373,38.900
[SHELL] ccB:67,24645,1,14.671,-40.053,25.383,79.285,20.715,34.695,80.560,19.440,46.835
[SHELL] ccA:68,2659218311,1182095,1.534,36.276,0.000,35.000,4.01709,4.22543,23.89,-12.092,23.303,-12.092,23.303,-12.076,1.290,1.00000,74.342,-10.436,33.102
[SHELL] ccB:68,2147513995,1,32.104,-27.477,-4.627,76.612,23.388,23.897,79.285,20.715,34.695
[SHELL] ccA:69,2659328259,1182096,-0.461,35.218,0.000,35.000,4.24008,4.44840,23.81,-12.071,23.324,-12.071,23.324,-12.076,1.290,1.00000,74.342,7.655,35.769
[SHELL] ccB:69,24627,1,28.371,-34.182,5.811,79.136,33.834,20.864,76.612,23.388,23.897
[SHELL] ccA:70,2659438243,1182097,0.426,35.471,0.000,35.000,4.45392,4.66224,23.79,-12.080,23.319,-12.080,23.319,-12.076,1.290,1.00000,74.342,-3.170,37.242
[SHELL] ccB:70,2147514029,1,36.816,-23.997,-12.818,80.453,44.933,19.547,79.136,33.834,20.864
[SHELL] ccA:71,2659548247,1182098,-1.445,36.318,0.000,35.000,4.67518,4.88351,23.81,-12.061,23.301,-12.061,23.301,-12.075,1.289,1.00000,74.342,-7.095,35.017
[SHELL] ccB:71,24621,1,35.257,-12.617,-22.640,80.326,56.608,19.674,80.453,44.933,19.547
[SHELL] ccA:72,2659658275,1182099,-1.167,37.050,0.000,35.000,4.90178,5.11010,23.81,-12.063,23.286,-12.063,23.286,-12.075,1.288,1.00000,74.342,12.690,40.921
[SHELL] ccB:72,2147514013,1,42.578,-25.411,-17.167,78.676,68.248,21.324,80.326,56.608,19.674
[SHELL] ccA:73,2659768267,1182100,1.676,36.862,0.000,35.000,5.11903,5.32735,23.80,-12.092,23.289,-12.092,23.289,-12.076,1.287,1.00000,74.342,-11.582,30.589
[SHELL] ccB:73,24631,1,23.514,7.933,-31.448,74.304,77.158,22.842,78.676,68.248,21.324
[SHELL] ccA:74,2659878271,1182101,-2.528,33.776,0.000,35.000,5.32486,5.53319,23.80,-12.049,23.351,-12.049,23.351,-12.074,1.288,1.00000,74.342,0.361,33.002
[SHELL] ccB:74,2147514015,1,27.211,2.569,-29.780,64.327,79.471,20.529,74.304,77.158,22.842
[SHELL] ccA:75,2659988271,1182102,-3.754,33.458,0.000,35.000,5.56964,5.77815,23.80,-12.035,23.378,-12.035,23.378,-12.073,1.289,1.00000,74.342,-4.158,37.240
[SHELL] ccB:75,24633,1,21.231,16.125,-37.355,51.571,80.617,19.383,64.327,79.471,20.529
[SHELL] ccA:76,2660098283,1182103,-3.591,35.364,0.000,35.000,5.77927,5.98778,23.82,-12.035,23.339,-12.035,23.339,-12.071,1.289,1.00000,74.342,-6.408,33.972
[SHELL] ccB:76,2147514009,1,10.792,23.047,-33.840,40.479,80.092,19.908,51.571,80.617,19.383
[SHELL] ccA:77,2660208283,1182104,-0.613,35.959,0.000,35.000,5.99658,6.20509,23.80,-12.064,23.327,-12.064,23.327,-12.070,1.288,1.00000,74.342,14.521,38.651
[SHELL] ccB:77,24639,1,24.855,16.125,-40.980,29.404,78.188,21.812,40.479,80.092,19.908
[SHELL] ccA:78,2660318199,1182105,2.917,35.294,0.000,35.000,6.22156,0.14688,23.81,-12.101,23.340,-12.101,23.340,-12.072,1.288,1.00000,74.342,-10.968,29.902
[SHELL] ccB:78,2147514051,1,-9.105,30.985,-21.879,22.060,77.940,28.272,29.404,78.188,21.812
[SHELL] ccA:79,2660428087,1182106,-1.053,32.979,0.000,35.000,0.15392,0.36243,23.67,-12.061,23.387,-12.061,23.387,-12.071,1.289,1.00000,74.342,3.202,33.460
[SHELL] ccB:79,24541,1,-1.965,30.042,-28.077,20.011,79.989,39.002,22.060,77.940,28.272
[SHELL] ccA:80,2660538043,1182107,-0.901,33.656,0.000,35.000,0.37691,0.58542,23.63,-12.062,23.375,-12.062,23.375,-12.071,1.290,1.00000,74.342,0.960,37.801
[SHELL] ccB:80,2147514129,1,-13.020,37.255,-24.235,19.362,80.638,50.775,20.011,79.989,39.002
[SHELL] ccA:81,2660648227,1182108,-0.550,35.684,0.000,35.000,0.59675,0.80526,23.57,-12.065,23.334,-12.065,23.334,-12.071,1.289,1.00000,74.342,-7.321,33.676
[SHELL] ccB:81,24611,1,-24.980,33.050,-8.070,20.242,79.758,62.355,19.362,80.638,50.775
[SHELL] ccA:82,2660758443,1182109,0.847,36.538,0.000,35.000,0.80790,1.01641,24.01,-12.080,23.316,-12.080,23.316,-12.071,1.289,1.00000,74.342,17.070,40.999
[SHELL] ccB:82,2147513929,1,-17.840,44.141,-26.301,22.419,77.581,72.913,20.242,79.758,62.355
[SHELL] ccA:83,2660868419,1182110,4.466,37.242,0.000,35.000,1.02798,1.23649,23.94,-12.118,23.301,-12.118,23.301,-12.073,1.287,1.00000,74.342,-8.953,33.296
[SHELL] ccB:83,24707,1,-33.135,24.823,8.312,21.569,69.574,78.431,22.419,77.581,72.913
[SHELL] ccA:84,2660978419,1182111,0.984,36.239,0.000,35.000,1.25547,1.46398,23.91,-12.084,23.320,-12.084,23.320,-12.074,1.287,1.00000,74.342,4.772,37.363
[SHELL] ccB:84,2147513941,1,-34.041,30.985,3.057,19.758,58.042,80.242,21.569,69.574,78.431
[SHELL] ccA:85,2661088427,1182112,2.202,36.958,0.000,35.000,1.47682,1.68508,23.94,-12.097,23.279,-12.097,23.279,-12.075,1.286,1.00000,74.342,8.219,39.809
[SHELL] ccB:85,24711,1,-38.862,29.752,9.109,19.513,46.301,80.487,19.758,58.042,80.242
[SHELL] ccA:86,2661198411,1182113,4.329,37.139,0.000,35.000,1.69492,1.90318,23.95,-12.120,23.274,-12.120,23.274,-12.077,1.285,1.00000,74.342,-3.893,31.577
[SHELL] ccB:86,2147513945,1,-30.852,8.695,22.157,20.698,34.915,79.302,19.513,46.301,80.487
[SHELL] ccA:87,2661308391,1182114,3.989,35.055,0.000,35.000,1.91395,2.12219,23.94,-12.119,23.316,-12.119,23.316,-12.079,1.285,1.00000,74.342,15.525,37.260
[SHELL] ccB:87,24693,1,-40.311,21.960,18.351,23.241,24.250,76.759,20.698,34.915,79.302
[SHELL] ccA:88,2661418371,1182115,4.687,34.563,0.000,35.000,2.13412,2.34238,23.90,-12.128,23.326,-12.128,23.326,-12.081,1.285,1.00000,74.342,-8.410,32.157
[SHELL] ccB:88,2147513965,1,-22.697,-9.681,32.378,33.326,20.925,79.075,23.241,24.250,76.759
[SHELL] ccA:89,2661528347,1182116,-0.364,33.950,0.000,35.000,2.35227,2.56054,23.90,-12.078,23.339,-12.078,23.339,-12.081,1.285,1.00000,74.342,-0.160,34.226
[SHELL] ccB:89,24671,1,-24.183,-8.884,33.066,44.521,19.551,80.449,33.326,20.925,79.075
[SHELL] ccA:90,2661638287,1182117,-0.301,34.607,0.000,35.000,2.57384,2.78211,23.85,-12.078,23.326,-12.078,23.326,-12.081,1.286,1.00000,74.342,7.527,37.821
[SHELL] ccB:90,2147514007,1,-26.684,-10.768,37.452,56.255,19.614,80.386,44.521,19.551,80.449
[SHELL] ccA:91,2661748315,1182118,2.049,35.058,0.000,35.000,2.79456,3.00282,23.83,-12.103,23.317,-12.103,23.317,-12.082,1.286,1.00000,74.342,-6.696,30.365
[SHELL] ccB:91,24655,1,-4.031,-24.686,28.717,67.677,21.148,78.852,56.255,19.614,80.386
[SHELL] ccA:92,2661858359,1182119,3.101,33.801,0.000,35.000,3.01230,3.22056,23.90,-12.115,23.343,-12.115,23.343,-12.084,1.286,1.00000,74.342,18.268,36.653
[SHELL] ccB:92,2147513971,1,-22.842,-18.017,40.859,77.039,22.961,74.950,67.677,21.148,78.852
[SHELL] ccA:93,2661968307,1182120,6.422,34.029,0.000,35.000,3.23411,3.44237,23.84,-12.151,23.339,-12.151,23.339,-12.087,1.287,1.00000,74.342,-4.152,32.443
[SHELL] ccB:93,24651,1,7.132,-31.210,24.078,79.571,20.429,63.976,77.039,22.961,74.950
[SHELL] ccA:94,2662078327,1182121,3.145,34.323,0.000,35.000,3.45635,3.66462,23.83,-12.120,23.333,-12.120,23.333,-12.088,1.287,1.00000,74.342,2.616,35.755
[SHELL] ccB:94,2147513987,1,8.582,-34.436,25.854,80.598,19.402,52.392,79.571,20.429,63.976
[SHELL] ccA:95,2662188311,1182122,3.918,35.935,0.000,35.000,3.68133,3.88961,23.85,-12.130,23.303,-12.130,23.303,-12.090,1.287,1.00000,74.342,14.592,39.787
[SHELL] ccB:95,24653,1,7.929,-40.017,32.088,80.104,19.896,40.471,80.598,19.402,52.392
[SHELL] ccA:96,2662298263,1182123,6.896,36.904,0.000,35.000,3.89757,4.10585,23.83,-12.163,23.282,-12.163,23.282,-12.094,1.286,1.00000,74.342,-4.217,32.288
[SHELL] ccB:96,2147514019,1,25.218,-30.449,5.231,78.203,21.797,29.435,80.104,19.896,40.471
[SHELL] ccA:97,2662408283,1182124,5.862,35.173,0.000,35.000,4.11325,4.32154,23.80,-12.155,23.317,-12.155,23.317,-12.097,1.286,1.00000,74.342,17.290,36.330
[SHELL] ccB:97,24639,1,20.252,-40.235,19.982,77.793,27.695,22.207,78.203,21.797,29.435
[SHELL] ccA:98,2662518271,1182125,7.057,34.804,0.000,35.000,4.33888,4.54717,23.80,-12.171,23.324,-12.171,23.324,-12.100,1.286,1.00000,74.342,-2.137,34.267
[SHELL] ccB:98,2147514015,1,32.684,-25.447,-7.237,79.988,39.045,20.012,77.793,27.695,22.207
[SHELL] ccA:99,2662628275,1182126,4.284,35.022,0.000,35.000,4.55797,4.76625,23.80,-12.145,23.320,-12.145,23.320,-12.102,1.286,1.00000,73.902,4.120,35.223
[SHELL] ccB:99,24635,1,34.170,-25.302,-8.868,80.810,50.556,19.190,79.988,39.045,20.012
[SHELL] ccA:100,2662738263,1182127,5.675,36.377,0.000,35.000,4.78209,4.99038,23.80,-12.162,23.292,-12.162,23.292,-12.105,1.285,1.00000,73.902,16.597,40.797
[SHELL] ccB:100,2147514019,1,41.853,-32.805,-9.049,79.941,62.450,20.059,80.810,50.556,19.190
[SHELL] ccA:101,2662848239,1182128,8.386,36.598,0.000,35.000,5.00063,5.20892,23.80,-12.193,23.287,-12.193,23.287,-12.109,1.284,1.00000,74.342,-3.771,29.576
[SHELL] ccB:101,24617,1,27.283,-3.230,-24.054,77.502,73.322,22.498,79.941,62.450,20.059
[SHELL] ccA:102,2662958263,1182129,5.824,33.190,0.000,35.000,5.22360,5.43189,23.80,-12.171,23.356,-12.171,23.356,-12.112,1.285,1.00000,74.342,14.241,32.811
[SHELL] ccB:102,2147514019,1,35.583,-14.646,-20.937,69.261,78.594,21.406,77.502,73.322,22.498
[SHELL] ccA:103,2663068311,1182130,5.559,32.238,0.000,35.000,5.44037,5.64868,23.87,-12.171,23.376,-12.171,23.376,-12.115,1.286,1.00000,74.342,-2.476,33.753
[SHELL] ccB:103,24653,1,23.550,9.275,-32.825,58.182,80.336,19.664,69.261,78.594,21.406
[SHELL] ccA:104,2663178235,1182131,2.234,33.453,0.000,35.000,5.65021,5.85849,23.81,-12.139,23.353,-12.139,23.353,-12.116,1.287,1.00000,74.342,-0.355,33.494
[SHELL] ccB:104,2147514033,1,19.527,13.805,-33.332,47.099,80.614,19.386,58.182,80.336,19.664
[SHELL] ccA:105,2663288255,1182132,4.386,35.368,0.000,35.000,5.88770,6.09597,23.80,-12.162,23.314,-12.162,23.314,-12.118,1.287,1.00000,74.342,20.731,40.731
[SHELL] ccB:105,24625,1,34.822,8.223,-43.046,34.645,79.322,20.678,47.099,80.614,19.386
[SHELL] ccA:106,2663398283,1182133,10.012,36.754,0.000,35.000,6.09503,0.01997,23.81,-12.224,23.269,-12.224,23.269,-12.123,1.286,1.00000,74.342,-1.058,32.061
[SHELL] ccB:106,2147514009,1,4.957,24.968,-29.925,24.404,76.817,23.183,34.645,79.322,20.678
[SHELL] ccA:107,2663508175,1182134,9.254,35.099,0.000,35.000,0.03531,0.24344,23.78,-12.221,23.302,-12.221,23.302,-12.128,1.286,1.00000,74.342,18.401,35.543
[SHELL] ccB:107,24585,1,17.135,22.757,-39.892,20.911,79.089,33.262,24.404,76.817,23.183
[SHELL] ccA:108,2663618031,1182135,10.572,34.962,0.000,35.000,0.25838,0.46651,23.61,-12.239,23.305,-12.239,23.305,-12.133,1.286,1.00000,74.342,6.542,36.701
[SHELL] ccB:108,2147514135,1,-3.053,33.703,-30.650,19.480,80.520,44.850,20.911,79.089,33.262
[SHELL] ccA:109,2663728059,1182136,8.836,36.003,0.000,35.000,0.48643,0.69450,23.61,-12.226,23.284,-12.226,23.284,-12.138,1.286,1.00000,74.342,3.856,35.066
[SHELL] ccB:109,24527,1,-12.983,34.899,-21.915,19.626,80.374,56.922,19.480,80.520,44.850
[SHELL] ccA:110,2663838243,1182137,10.295,37.481,0.000,35.000,0.70400,0.91213,23.56,-12.246,23.253,-12.246,23.253,-12.143,1.284,1.00000,74.342,26.927,43.090
[SHELL] ccB:110,2147514029,1,-7.366,47.222,-39.856,21.238,78.762,68.166,19.626,80.374,56.922
[SHELL] ccA:111,2663948483,1182138,13.976,38.617,0.000,35.000,0.92344,1.13160,24.06,-12.290,23.228,-12.290,23.228,-12.150,1.283,1.00000,74.342,-1.807,33.221
[SHELL] ccB:111,24739,1,-27.590,29.897,-2.307,22.792,74.304,77.208,21.238,78.762,68.166
[SHELL] ccA:112,2664058395,1182139,9.118,36.381,0.000,35.000,1.14477,1.35290,23.94,-12.246,23.272,-12.246,23.272,-12.155,1.282,1.00000,74.342,13.161,35.992
[SHELL] ccB:112,2147513953,1,-27.336,36.929,-9.593,20.372,63.493,79.628,22.792,74.304,77.208
[SHELL] ccA:113,2664168423,1182140,7.845,35.713,0.000,35.000,1.37046,1.57860,23.93,-12.237,23.285,-12.237,23.285,-12.158,1.282,1.00000,74.342,6.866,37.646
[SHELL] ccB:113,24709,1,-35.527,30.078,5.449,19.372,51.695,80.628,20.372,63.493,79.628
[SHELL] ccA:114,2664278451,1182141,6.390,36.221,0.000,35.000,1.58869,1.79676,23.93,-12.226,23.275,-12.226,23.275,-12.162,1.281,1.00000,74.342,-1.334,33.599
[SHELL] ccB:114,2147513925,1,-33.570,15.110,18.460,19.902,40.189,80.098,19.372,51.695,80.628
[SHELL] ccA:115,2664388383,1182142,5.942,35.783,0.000,35.000,1.80978,2.01789,23.93,-12.224,23.283,-12.224,23.283,-12.165,1.281,1.00000,74.342,19.571,38.289
[SHELL] ccB:115,24689,1,-41.834,29.535,12.299,21.868,28.998,78.132,19.902,40.189,80.098
[SHELL] ccA:116,2664498351,1182143,7.980,35.346,0.000,35.000,2.02927,2.23762,23.89,-12.248,23.317,-12.248,23.317,-12.169,1.280,1.00000,74.342,-5.889,31.208
[SHELL] ccB:116,2147513975,1,-25.379,-3.846,29.225,28.316,21.988,78.012,21.868,28.998,78.132
[SHELL] ccA:117,2664608323,1182144,3.578,33.804,0.000,35.000,2.25128,2.45966,23.88,-12.206,23.349,-12.206,23.349,-12.170,1.281,1.00000,74.342,6.519,34.509
[SHELL] ccB:117,24659,1,-30.924,1.047,29.877,39.426,19.921,80.079,28.316,21.988,78.012
[SHELL] ccA:118,2664718299,1182145,3.345,35.105,0.000,35.000,2.47845,2.68682,23.82,-12.205,23.323,-12.205,23.323,-12.172,1.281,1.00000,74.342,6.232,40.196
[SHELL] ccB:118,2147514001,1,-29.656,-9.282,38.938,51.453,19.347,80.653,39.426,19.921,80.079
[SHELL] ccA:119,2664828299,1182146,4.387,37.443,0.000,35.000,2.69453,2.90290,23.79,-12.218,23.275,-12.218,23.275,-12.174,1.280,1.00000,74.342,-1.437,34.873
[SHELL] ccB:119,24647,1,-13.781,-20.880,34.661,62.850,20.290,79.710,51.453,19.347,80.653
[SHELL] ccA:120,2664938363,1182147,6.331,37.764,0.000,35.000,2.91206,3.12045,23.91,-12.241,23.267,-12.241,23.267,-12.177,1.278,1.00000,74.342,21.965,41.114
[SHELL] ccB:120,2147513969,1,-30.743,-14.973,45.716,73.700,22.600,77.400,62.850,20.290,79.710
[SHELL] ccA:121,2665048263,1182148,9.867,37.592,0.000,35.000,3.13756,3.34593,23.83,-12.281,23.269,-12.281,23.269,-12.182,1.277,1.00000,74.342,-3.026,33.269
[SHELL] ccB:121,24629,1,2.891,-30.268,27.376,78.715,21.285,68.564,73.700,22.600,77.400
[SHELL] ccA:122,2665158271,1182149,6.240,36.123,0.000,35.000,3.36305,3.57143,23.82,-12.248,23.298,-12.248,23.298,-12.185,1.276,1.00000,74.342,9.046,36.839
[SHELL] ccB:122,2147514015,1,-0.733,-32.478,33.211,80.390,19.610,57.062,78.715,21.285,68.564
[SHELL] ccA:123,2665268299,1182150,6.451,36.805,0.000,35.000,3.58295,3.79133,23.82,-12.253,23.283,-12.253,23.283,-12.189,1.276,1.00000,74.342,10.739,40.274
[SHELL] ccB:123,24647,1,7.494,-39.256,31.762,80.534,19.466,45.389,80.390,19.610,57.062
[SHELL] ccA:124,2665378263,1182151,6.197,37.459,0.000,35.000,3.80293,4.01131,23.82,-12.254,23.269,-12.254,23.269,-12.192,1.274,1.00000,74.342,-5.736,32.450
[SHELL] ccB:124,2147514019,1,24.456,-31.355,6.898,79.201,20.799,33.953,80.534,19.466,45.389
[SHELL] ccA:125,2665488267,1182152,4.135,35.650,0.000,35.000,4.02310,4.23147,23.79,-12.235,23.305,-12.235,23.305,-12.194,1.274,1.00000,74.782,17.272,37.425
[SHELL] ccB:125,24631,1,17.896,-41.104,23.208,76.437,23.718,23.563,79.201,20.799,33.953
[SHELL] ccA:126,2665598243,1182153,5.687,34.886,0.000,35.000,4.24589,4.45427,23.79,-12.254,23.320,-12.254,23.320,-12.197,1.274,1.00000,74.782,-6.059,32.244
[SHELL] ccB:126,2147514029,1,31.524,-23.635,-7.889,79.164,34.489,20.836,76.437,23.718,23.563
[SHELL] ccA:127,2665708267,1182154,1.814,34.252,0.000,35.000,4.46226,4.67076,23.80,-12.216,23.347,-12.216,23.347,-12.198,1.274,1.00000,74.342,2.102,35.093
[SHELL] ccB:127,24631,1,33.481,-26.027,-7.454,80.589,45.583,19.411,79.164,34.489,20.836
[SHELL] ccA:128,2665818227,1182155,1.840,35.199,0.000,35.000,4.68724,4.89574,23.79,-12.217,23.328,-12.217,23.328,-12.199,1.274,1.00000,74.342,9.217,38.364
[SHELL] ccB:128,2147514037,1,38.120,-27.875,-10.245,80.366,57.529,19.634,80.589,45.583,19.411
[SHELL] ccA:129,2665928247,1182156,3.546,35.287,0.000,35.000,4.91358,5.12208,23.79,-12.236,23.326,-12.236,23.326,-12.200,1.274,1.00000,74.342,-6.353,29.326
[SHELL] ccB:129,24621,1,27.465,-3.266,-24.199,78.617,69.179,21.383,80.366,57.529,19.634
[SHELL] ccA:130,2666038259,1182157,2.646,32.971,0.000,35.000,5.13197,5.34047,23.80,-12.228,23.373,-12.228,23.373,-12.202,1.275,1.00000,74.342,14.074,34.868
[SHELL] ccB:130,2147514021,1,37.577,-17.618,-19.958,73.662,77.525,22.475,78.617,69.179,21.383
[SHELL] ccA:131,2666148227,1182158,3.191,32.266,0.000,35.000,5.35150,5.56000,23.79,-12.235,23.388,-12.235,23.388,-12.203,1.277,1.00000,74.782,-9.030,30.001
[SHELL] ccB:131,24611,1,18.694,12.428,-31.121,62.647,79.683,20.317,73.662,77.525,22.475
[SHELL] ccA:132,2666258279,1182159,-1.723,32.216,0.000,35.000,5.57423,5.78274,23.80,-12.185,23.391,-12.185,23.391,-12.202,1.278,1.00000,74.782,-2.906,33.995
[SHELL] ccB:132,2147514011,1,19.926,14.022,-33.948,51.068,80.537,19.463,62.647,79.683,20.317
[SHELL] ccA:133,2666368263,1182160,-0.697,34.299,0.000,35.000,5.80163,6.01013,23.79,-12.195,23.350,-12.195,23.350,-12.202,1.278,1.00000,74.342,12.056,39.203
[SHELL] ccB:133,24629,1,28.842,10.833,-39.675,39.011,80.024,19.976,51.068,80.537,19.463
[SHELL] ccA:134,2666478267,1182161,3.039,35.918,0.000,35.000,6.01515,6.22365,23.79,-12.234,23.317,-12.234,23.317,-12.204,1.278,1.00000,74.342,-9.048,31.271
[SHELL] ccB:134,2147514017,1,-0.443,28.411,-27.968,28.158,77.962,22.038,39.011,80.024,19.976
[SHELL] ccA:135,2666588183,1182162,1.034,33.871,0.000,35.000,6.24317,0.16849,23.79,-12.214,23.358,-12.214,23.358,-12.204,1.278,1.00000,74.342,10.176,33.738
[SHELL] ccB:135,24589,1,11.517,23.083,-34.601,21.681,78.319,29.441,28.158,77.962,22.038
[SHELL] ccA:136,2666698091,1182163,0.357,32.685,0.000,35.000,0.18011,0.38858,23.67,-12.208,23.383,-12.208,23.383,-12.204,1.280,1.00000,74.342,-9.877,31.992
[SHELL] ccB:136,2147514105,1,-15.448,33.449,-18.001,19.754,80.246,40.604,21.681,78.319,29.441
[SHELL] ccA:137,2666808075,1182164,-4.064,33.254,0.000,35.000,0.40398,0.61248,23.61,-12.162,23.373,-12.162,23.373,-12.202,1.280,1.00000,74.342,-6.678,35.297
[SHELL] ccB:137,24535,1,-20.015,35.841,-15.826,19.339,80.661,52.395,19.754,80.246,40.604
[SHELL] ccA:138,2666918315,1182165,-2.777,36.249,0.000,35.000,0.62926,0.83813,23.64,-12.173,23.351,-12.173,23.351,-12.201,1.280,1.00000,74.342,12.125,42.410
[SHELL] ccB:138,2147513993,1,-15.158,43.452,-28.294,20.447,79.553,64.248,19.339,80.661,52.395
[SHELL] ccA:139,2667028503,1182166,1.007,38.540,0.000,35.000,0.84994,1.05880,24.07,-12.211,23.303,-12.211,23.303,-12.201,1.278,1.00000,74.342,-13.543,34.042
[SHELL] ccB:139,24749,1,-34.512,27.904,6.608,23.020,76.980,75.183,20.447,79.553,64.248
[SHELL] ccA:140,2667138495,1182167,-2.698,37.084,0.000,35.000,1.06764,1.27651,24.02,-12.173,23.331,-12.173,23.331,-12.200,1.277,1.00000,74.342,4.169,37.842
[SHELL] ccB:140,2147513903,1,-31.142,34.536,-3.395,21.068,67.557,78.932,23.020,76.980,75.183
[SHELL] ccA:141,2667248483,1182168,-3.317,37.010,0.000,35.000,1.28820,1.49707,23.97,-12.165,23.332,-12.165,23.332,-12.198,1.276,1.00000,74.342,-8.062,38.314
[SHELL] ccB:141,24739,1,-39.043,22.069,16.974,19.556,56.182,80.444,21.068,67.557,78.932
[SHELL] ccA:142,2667358511,1182169,-4.872,38.054,0.000,35.000,1.50930,1.71817,24.02,-12.147,23.309,-12.147,23.309,-12.196,1.274,1.00000,74.342,-7.533,37.745
[SHELL] ccB:142,2147513895,1,-38.137,14.566,23.571,19.546,44.485,80.454,19.556,56.182,80.444
[SHELL] ccA:143,2667468479,1182170,-2.915,39.110,0.000,35.000,1.73501,1.94388,24.01,-12.165,23.286,-12.165,23.286,-12.194,1.272,1.00000,74.342,11.467,42.635
[SHELL] ccB:143,24737,1,-43.936,25.729,18.207,21.055,32.777,78.945,19.546,44.485,80.454
[SHELL] ccA:144,2667578551,1182171,0.541,39.229,0.000,35.000,1.94929,2.15817,24.15,-12.200,23.282,-12.200,23.282,-12.195,1.270,1.00000,74.342,-13.236,33.902
[SHELL] ccB:144,2147513875,1,-26.611,-8.195,34.806,24.539,23.140,76.860,21.055,32.777,78.945
[SHELL] ccA:145,2667688423,1182172,-3.263,36.612,0.000,35.000,2.17886,2.38772,23.96,-12.160,23.333,-12.160,23.333,-12.193,1.270,1.00000,74.342,1.953,36.009
[SHELL] ccB:145,24709,1,-30.670,-1.091,31.762,35.663,20.487,79.513,24.539,23.140,76.860
[SHELL] ccA:146,2667798419,1182173,-3.699,35.943,0.000,35.000,2.39998,2.60888,23.96,-12.154,23.346,-12.154,23.346,-12.191,1.269,1.00000,74.342,-5.469,37.854
[SHELL] ccB:146,2147513941,1,-21.537,-16.604,38.141,47.201,19.381,80.619,35.663,20.487,79.513
[SHELL] ccA:147,2667908347,1182174,-4.668,36.977,0.000,35.000,2.62259,2.83145,23.52,-12.142,23.325,-12.142,23.325,-12.189,1.268,1.00000,74.342,-9.687,36.192
[SHELL] ccB:147,24671,1,-9.540,-26.607,36.147,58.968,19.808,80.192,47.201,19.381,80.619
[SHELL] ccA:148,2668017763,1182175,-3.087,37.750,0.000,35.000,2.84419,3.05315,23.35,-12.156,23.317,-12.156,23.317,-12.187,1.267,1.00000,74.342,12.497,40.762
[SHELL] ccB:148,2147514269,1,-23.893,-18.633,42.526,70.277,21.693,78.307,58.968,19.808,80.192
[SHELL] ccA:149,2668127787,1182176,0.450,37.437,0.000,35.000,3.06154,3.27049,23.35,-12.192,23.322,-12.192,23.322,-12.188,1.265,1.00000,74.342,-13.506,32.031
[SHELL] ccB:149,24391,1,10.901,-34.037,23.136,77.781,22.219,72.453,70.277,21.693,78.307
[SHELL] ccA:150,2668237783,1182177,-3.673,34.863,0.000,35.000,3.28542,3.49437,23.35,-12.149,23.373,-12.149,23.373,-12.186,1.266,1.00000,74.342,-0.177,34.626
[SHELL] ccB:150,2147514259,1,5.138,-32.225,27.086,79.979,20.021,61.343,77.781,22.219,72.453
[SHELL] ccA:151,2668347811,1182178,-4.022,34.881,0.000,35.000,3.51149,3.72045,23.35,-12.143,23.373,-12.143,23.373,-12.184,1.266,1.00000,74.342,-2.228,38.242
[SHELL] ccB:151,24403,1,15.903,-38.132,22.230,80.681,19.319,49.425,79.979,20.021,61.343
[SHELL] ccA:152,2668457815,1182179,-4.122,35.904,0.000,35.000,3.73164,3.94059,23.35,-12.140,23.352,-12.140,23.352,-12.182,1.265,1.00000,74.342,-11.855,32.504
[SHELL] ccB:152,2147514243,1,27.936,-31.645,3.709,79.844,20.156,37.830,80.681,19.319,49.425
[SHELL] ccA:153,2668567843,1182180,-4.147,35.089,0.000,35.000,3.94841,4.15736,23.39,-12.138,23.368,-12.138,23.368,-12.180,1.265,1.00000,74.342,9.352,37.106
[SHELL] ccB:153,24419,1,20.325,-38.241,17.917,77.653,22.347,27.003,79.844,20.156,37.830
[SHELL] ccA:154,2668677831,1182181,-2.383,35.024,0.000,35.000,4.17874,4.38770,23.37,-12.155,23.369,-12.155,23.369,-12.178,1.265,1.00000,74.342,-16.380,33.378
[SHELL] ccB:154,2147514235,1,37.069,-21.025,-16.044,78.624,30.845,21.376,77.653,22.347,27.003
[SHELL] ccA:155,2668787823,1182182,-7.046,35.160,0.000,35.000,4.39799,4.60695,23.38,-12.104,23.367,-12.104,23.367,-12.175,1.265,1.00000,74.342,-4.777,36.779
[SHELL] ccB:155,24409,1,36.453,-24.142,-12.311,80.307,42.008,19.693,78.624,30.845,21.376
[SHELL] ccA:156,2668897835,1182183,-7.121,36.794,0.000,35.000,4.61257,4.82152,23.37,-12.100,23.333,-12.100,23.333,-12.171,1.264,1.00000,74.342,-2.549,40.241
[SHELL] ccB:156,2147514233,1,40.295,-21.424,-18.871,80.556,53.388,19.444,80.307,42.008,19.693
[SHELL] ccA:157,2669007839,1182184,-6.121,36.372,0.000,35.000,4.82671,5.03566,23.39,-12.107,23.341,-12.107,23.341,-12.168,1.263,1.00000,74.342,-14.611,28.228
[SHELL] ccB:157,24417,1,26.377,2.171,-28.548,79.453,64.569,20.547,80.556,53.388,19.444
[SHELL] ccA:158,2669117859,1182185,-6.643,32.273,0.000,35.000,5.05018,5.25910,23.38,-12.098,23.424,-12.098,23.424,-12.165,1.265,1.00000,74.342,5.200,32.392
[SHELL] ccB:158,2147514221,1,32.285,-11.095,-21.191,76.954,75.497,23.046,79.453,64.569,20.547
[SHELL] ccA:159,2669227839,1182186,-5.004,30.581,0.000,35.000,5.27832,5.48731,23.38,-12.112,23.464,-12.112,23.464,-12.162,1.267,1.00000,74.342,-15.805,29.309
[SHELL] ccB:159,24417,1,16.265,17.031,-33.296,66.727,79.206,20.794,76.954,75.497,23.046
[SHELL] ccA:160,2669337819,1182187,-8.083,31.034,0.000,35.000,5.49246,5.70145,23.38,-12.078,23.457,-12.078,23.457,-12.158,1.269,1.00000,74.342,-5.922,33.125
[SHELL] ccB:160,2147514241,1,19.382,14.131,-33.513,55.646,80.562,19.438,66.727,79.206,20.794
[SHELL] ccA:161,2669447831,1182188,-6.673,33.229,0.000,35.000,5.71741,5.92640,23.37,-12.088,23.414,-12.088,23.414,-12.155,1.270,1.00000,74.342,0.955,37.356
[SHELL] ccB:161,24413,1,20.832,16.451,-37.283,43.646,80.477,19.523,55.646,80.562,19.438
[SHELL] ccA:162,2669557839,1182189,-4.349,34.454,0.000,35.000,5.93748,6.14647,23.38,-12.109,23.390,-12.109,23.390,-12.153,1.270,1.00000,74.342,-13.386,29.976
[SHELL] ccB:162,2147514231,1,-2.437,29.571,-27.135,32.227,78.916,21.084,43.646,80.477,19.523
[SHELL] ccA:163,2669667939,1182190,-4.185,33.004,0.000,35.000,6.15826,0.08403,23.37,-12.109,23.420,-12.109,23.420,-12.151,1.271,1.00000,74.342,9.076,34.705
[SHELL] ccB:163,24467,1,13.330,22.177,-35.507,22.843,77.157,25.153,32.227,78.916,21.084
[SHELL] ccA:164,2669777971,1182191,-1.882,32.576,0.000,35.000,0.09704,0.30603,23.59,-12.131,23.430,-12.131,23.430,-12.150,1.272,1.00000,74.342,-12.293,30.916
[SHELL] ccB:164,2147514165,1,-15.231,33.232,-18.001,20.325,79.675,36.139,22.843,77.157,25.153
[SHELL] ccA:165,2669887891,1182192,-4.834,33.181,0.000,35.000,0.31779,0.52678,23.48,-12.099,23.419,-12.099,23.419,-12.147,1.273,1.00000,74.342,-3.825,36.186
[SHELL] ccB:165,24443,1,-14.941,36.204,-21.263,19.322,80.678,47.685,20.325,79.675,36.139
[SHELL] ccA:166,2669997823,1182193,-3.654,36.009,0.000,35.000,0.53449,0.74348,23.42,-12.109,23.362,-12.109,23.362,-12.146,1.273,1.00000,74.342,5.329,40.751
[SHELL] ccB:166,2147514239,1,-16.173,40.807,-24.634,19.812,80.188,59.217,19.322,80.678,47.685
[SHELL] ccA:167,2670108315,1182194,-2.070,37.612,0.000,35.000,0.75545,0.96444,23.82,-12.124,23.328,-12.124,23.328,-12.145,1.271,1.00000,74.342,-15.111,32.760
[SHELL] ccB:167,24655,1,-33.461,28.411,5.050,21.750,78.250,70.488,19.812,80.188,59.217
[SHELL] ccA:168,2670218315,1182195,-4.328,35.642,0.000,35.000,0.97316,1.18213,23.86,-12.099,23.367,-12.099,23.367,-12.142,1.271,1.00000,74.342,7.581,36.299
[SHELL] ccB:168,2147513993,1,-25.741,35.986,-10.245,22.195,72.350,77.805,21.750,78.250,70.488
[SHELL] ccA:169,2670328271,1182196,-2.779,35.136,0.000,35.000,1.19571,1.40454,23.80,-12.113,23.360,-12.113,23.360,-12.141,1.271,1.00000,74.342,-11.166,35.188
[SHELL] ccB:169,24633,1,-36.832,20.583,16.249,20.029,61.145,79.971,22.195,72.350,77.805
[SHELL] ccA:170,2670438259,1182197,-4.659,35.725,0.000,35.000,1.41824,1.62706,23.79,-12.092,23.348,-12.092,23.348,-12.139,1.271,1.00000,74.342,-3.886,36.227
[SHELL] ccB:170,2147514021,1,-36.397,19.640,16.757,19.372,49.441,80.628,20.029,61.145,79.971
[SHELL] ccA:171,2670548287,1182198,-2.118,36.702,0.000,35.000,1.63624,1.84506,23.80,-12.116,23.328,-12.116,23.328,-12.138,1.270,1.00000,73.902,10.463,39.167
[SHELL] ccB:171,24641,1,-39.768,26.708,13.060,20.005,37.851,79.995,19.372,49.441,80.628
[SHELL] ccA:172,2670658347,1182199,1.549,36.320,0.000,35.000,1.85764,2.06646,23.90,-12.154,23.335,-12.154,23.335,-12.138,1.269,1.00000,73.902,-10.846,30.717
[SHELL] ccB:172,2147513977,1,-26.394,-3.338,29.732,22.268,26.664,77.732,20.005,37.851,79.995
[SHELL] ccA:173,2670768271,1182200,-0.832,33.423,0.000,35.000,2.07689,2.28571,23.83,-12.130,23.393,-12.130,23.393,-12.138,1.270,1.00000,74.342,7.899,33.092
[SHELL] ccB:173,24633,1,-32.773,8.477,24.295,30.400,21.465,78.535,22.268,26.664,77.732
[SHELL] ccA:174,2670878267,1182201,-0.737,32.880,0.000,35.000,2.28843,2.49725,23.83,-12.130,23.405,-12.130,23.405,-12.138,1.271,1.00000,74.342,-7.902,34.619
[SHELL] ccB:174,2147514017,1,-20.885,-14.429,35.314,41.201,19.713,80.287,30.400,21.465,78.535
[SHELL] ccA:175,2670988251,1182202,-2.769,34.740,0.000,35.000,2.52132,2.73015,23.77,-12.108,23.368,-12.108,23.368,-12.136,1.271,1.00000,74.342,-3.171,36.628
[SHELL] ccB:175,24623,1,-18.710,-18.053,36.763,53.535,19.408,80.592,41.201,19.713,80.287
[SHELL] ccA:176,2671098203,1182203,1.257,37.533,0.000,35.000,2.74109,2.94992,23.74,-12.149,23.311,-12.149,23.311,-12.137,1.270,1.00000,74.342,19.273,42.255
[SHELL] ccB:176,2147514049,1,-34.222,-10.080,44.302,65.105,20.645,79.355,53.535,19.408,80.592
[SHELL] ccA:177,2671208227,1182204,7.762,38.427,0.000,35.000,2.96289,3.17173,23.77,-12.218,23.292,-12.218,23.292,-12.141,1.268,1.00000,74.342,-4.328,32.570
[SHELL] ccB:177,24611,1,-1.530,-27.658,29.188,76.058,23.308,76.692,65.105,20.645,79.355
[SHELL] ccA:178,2671318231,1182205,6.366,35.500,0.000,35.000,3.18561,3.39444,23.77,-12.208,23.350,-12.208,23.350,-12.144,1.268,1.00000,74.342,14.847,34.607
[SHELL] ccB:178,2147514035,1,-13.310,-23.852,37.162,79.206,20.794,66.351,76.058,23.308,76.692
[SHELL] ccA:179,2671428239,1182206,6.754,34.170,0.000,35.000,3.40288,3.61171,23.77,-12.215,23.377,-12.215,23.377,-12.147,1.268,1.00000,74.342,1.649,34.897
[SHELL] ccB:179,24617,1,7.422,-33.276,25.854,80.586,19.414,55.079,79.206,20.794,66.351
[SHELL] ccA:180,2671538239,1182207,3.560,34.277,0.000,35.000,3.62355,3.83235,23.77,-12.185,23.371,-12.185,23.371,-12.149,1.269,1.00000,74.342,-3.906,32.707
[SHELL] ccB:180,2147514031,1,18.621,-32.841,14.220,80.468,19.532,43.415,80.586,19.414,55.079
[SHELL] ccA:181,2671648231,1182208,2.424,34.138,0.000,35.000,3.85335,4.06214,23.77,-12.174,23.375,-12.174,23.375,-12.150,1.269,1.00000,74.342,15.859,36.241
[SHELL] ccB:181,24613,1,11.662,-38.567,26.905,78.803,21.197,31.589,80.468,19.532,43.415
[SHELL] ccA:182,2671758207,1182209,4.895,34.040,0.000,35.000,4.07160,4.28040,23.73,-12.202,23.377,-12.202,23.377,-12.153,1.270,1.00000,74.342,-8.232,30.970
[SHELL] ccB:182,2147514047,1,29.748,-25.193,-4.555,77.325,25.688,22.675,78.803,21.197,31.589
[SHELL] ccA:183,2671868167,1182210,1.525,32.959,0.000,35.000,4.29314,4.50194,23.74,-12.169,23.400,-12.169,23.400,-12.153,1.271,1.00000,74.342,6.707,33.653
[SHELL] ccB:183,24581,1,28.008,-31.174,3.165,79.735,36.602,20.265,77.325,25.688,22.675
[SHELL] ccA:184,2671978199,1182211,1.430,33.705,0.000,35.000,4.51041,4.71921,23.73,-12.168,23.385,-12.168,23.385,-12.154,1.271,1.00000,74.342,0.537,36.542
[SHELL] ccB:184,2147514051,1,35.692,-24.650,-11.042,80.689,48.033,19.311,79.735,36.602,20.265
[SHELL] ccA:185,2672088231,1182212,0.948,33.973,0.000,35.000,4.73465,4.94342,23.74,-12.164,23.381,-12.164,23.381,-12.155,1.272,1.00000,74.342,-3.988,29.155
[SHELL] ccB:185,24613,1,29.059,-10.515,-18.545,80.166,59.895,19.834,80.689,48.033,19.311
[SHELL] ccA:186,2672198203,1182213,2.119,33.300,0.000,35.000,4.95631,5.16511,23.74,-12.177,23.395,-12.177,23.395,-12.156,1.273,1.00000,74.342,15.915,38.348
[SHELL] ccB:186,2147514049,1,41.056,-25.882,-15.174,78.189,71.165,21.811,80.166,59.895,19.834
[SHELL] ccA:187,2672308203,1182214,4.571,33.774,0.000,35.000,5.17604,5.38483,23.74,-12.204,23.386,-12.204,23.386,-12.158,1.273,1.00000,74.342,-9.558,29.245
[SHELL] ccB:187,24599,1,21.883,7.789,-29.672,71.576,78.091,21.909,78.189,71.165,21.811
[SHELL] ccA:188,2672418175,1182215,-0.051,32.273,0.000,35.000,5.39685,5.60564,23.74,-12.157,23.417,-12.157,23.417,-12.158,1.275,1.00000,74.342,2.998,32.254
[SHELL] ccB:188,2147514063,1,26.885,2.207,-29.092,60.508,80.132,19.868,71.576,78.091,21.909
[SHELL] ccA:189,2672528219,1182216,-0.391,33.050,0.000,35.000,5.61961,5.82841,23.74,-12.154,23.403,-12.154,23.403,-12.158,1.276,1.00000,74.342,1.998,38.445
[SHELL] ccB:189,24607,1,25.254,12.536,-37.790,48.712,80.711,19.289,60.508,80.132,19.868
[SHELL] ccA:190,2672638179,1182217,0.237,35.251,0.000,35.000,5.84059,6.04951,23.74,-12.160,23.372,-12.160,23.372,-12.158,1.275,1.00000,74.342,-6.045,31.860
[SHELL] ccB:190,2147514061,1,8.183,23.083,-31.266,37.051,79.767,20.233,48.712,80.711,19.289
[SHELL] ccA:191,2672748231,1182218,1.646,34.763,0.000,35.000,6.06240,6.27136,23.80,-12.175,23.382,-12.175,23.382,-12.159,1.276,1.00000,74.342,16.674,36.888
[SHELL] ccB:191,24613,1,24.348,15.835,-40.182,25.994,77.404,22.596,37.051,79.767,20.233
[SHELL] ccA:192,2672858211,1182219,5.115,34.059,0.000,35.000,0.00520,0.21412,23.87,-12.212,23.397,-12.212,23.397,-12.161,1.276,1.00000,74.342,-6.844,30.599
[SHELL] ccB:192,2147514045,1,-7.003,29.970,-22.966,21.140,78.860,31.640,25.994,77.404,22.596
[SHELL] ccA:193,2672968003,1182220,0.950,33.014,0.000,35.000,0.21421,0.42313,23.60,-12.171,23.419,-12.171,23.419,-12.162,1.277,1.00000,74.342,0.816,33.970
[SHELL] ccB:193,24499,1,-6.423,32.108,-25.685,19.576,80.424,42.318,21.140,78.860,31.640
[SHELL] ccA:194,2673077955,1182221,0.387,34.575,0.000,35.000,0.44433,0.65325,23.55,-12.166,23.388,-12.166,23.388,-12.162,1.277,1.00000,74.342,6.758,39.763
[SHELL] ccB:194,2147514173,1,-10.990,39.103,-28.113,19.402,80.598,54.554,19.576,80.424,42.318
[SHELL] ccA:195,2673188167,1182222,1.570,36.461,0.000,35.000,0.66611,0.87503,23.49,-12.178,23.349,-12.178,23.349,-12.163,1.277,1.00000,74.342,-8.054,32.348
[SHELL] ccB:195,24581,1,-26.321,30.876,-4.555,20.772,79.228,66.138,19.402,80.598,54.554
[SHELL] ccA:196,2673298335,1182223,1.972,35.837,0.000,35.000,0.88499,1.09391,23.94,-12.183,23.361,-12.183,23.361,-12.164,1.276,1.00000,74.342,17.238,38.891
[SHELL] ccB:196,2147513983,1,-19.181,42.474,-23.293,23.361,76.404,76.639,20.772,79.228,66.138
[SHELL] ccA:197,2673408359,1182224,4.447,35.775,0.000,35.000,1.11280,1.32171,23.86,-12.210,23.362,-12.210,23.362,-12.166,1.276,1.00000,74.342,-8.634,32.969
[SHELL] ccB:197,24677,1,-33.389,22.612,10.777,20.584,65.264,79.416,23.361,76.404,76.639
[SHELL] ccA:198,2673518335,1182225,0.312,35.199,0.000,35.000,1.33337,1.54228,23.87,-12.169,23.374,-12.169,23.374,-12.166,1.276,1.00000,74.342,1.276,35.967
[SHELL] ccB:198,2147513983,1,-34.657,25.729,8.928,19.382,53.830,80.618,20.584,65.264,79.416
[SHELL] ccA:199,2673628347,1182226,0.436,35.951,0.000,35.000,1.54832,1.75723,23.86,-12.171,23.358,-12.171,23.358,-12.166,1.275,1.00000,74.342,7.823,38.902
[SHELL] ccB:199,24671,1,-38.717,26.889,11.828,19.632,42.417,80.368,19.382,53.830,80.618
[SHELL] ccA:200,2673738319,1182227,1.700,35.896,0.000,35.000,1.77643,1.98549,23.88,-12.184,23.373,-12.184,23.373,-12.167,1.275,1.00000,74.342,-10.122,29.814
[SHELL] ccB:200,2147513991,1,-27.119,-0.294,27.412,21.391,30.688,78.609,19.632,42.417,80.368
[SHELL] ccA:201,2673848311,1182228,-0.257,33.055,0.000,35.000,1.99844,2.20751,23.86,-12.164,23.431,-12.164,23.431,-12.167,1.276,1.00000,74.342,11.391,33.692
[SHELL] ccB:201,24653,1,-35.382,14.566,20.816,26.580,22.377,77.623,21.391,30.688,78.609
[SHELL] ccA:202,2673958259,1182229,0.883,32.182,0.000,35.000,2.21797,2.42703,23.82,-12.176,23.450,-12.176,23.450,-12.167,1.277,1.00000,74.342,-9.126,31.531
[SHELL] ccB:202,2147514021,1,-19.652,-12.943,32.595,37.553,20.070,79.930,26.580,22.377,77.623
[SHELL] ccA:203,2674068231,1182230,-2.487,33.049,0.000,35.000,2.43747,2.64653,23.75,-12.141,23.434,-12.141,23.434,-12.166,1.278,1.00000,74.342,-3.084,35.445
[SHELL] ccB:203,24613,1,-20.595,-14.828,35.422,49.093,19.260,80.740,37.553,20.070,79.930
[SHELL] ccA:204,2674178187,1182231,-0.807,35.783,0.000,35.000,2.66725,2.87631,23.77,-12.158,23.378,-12.158,23.378,-12.166,1.278,1.00000,74.342,12.066,40.713
[SHELL] ccB:204,2147514057,1,-29.329,-11.928,41.258,61.305,20.005,79.995,49.093,19.260,80.740
[SHELL] ccA:205,2674288263,1182232,3.123,37.253,0.000,35.000,2.88231,3.09139,23.85,-12.199,23.348,-12.199,23.348,-12.167,1.277,1.00000,74.342,-8.555,32.141
[SHELL] ccB:205,24629,1,0.028,-28.818,28.790,72.218,22.123,77.877,61.305,20.005,79.995
[SHELL] ccA:206,2674398195,1182233,1.778,35.071,0.000,35.000,3.09935,3.30841,23.76,-12.186,23.392,-12.186,23.392,-12.168,1.277,1.00000,74.342,12.156,35.290
[SHELL] ccB:206,2147514053,1,-13.636,-23.272,36.908,78.299,21.701,70.729,72.218,22.123,77.877
[SHELL] ccA:207,2674508271,1182234,2.558,34.001,0.000,35.000,3.33462,3.54362,23.73,-12.195,23.413,-12.195,23.413,-12.170,1.277,1.00000,74.342,-5.525,33.285
[SHELL] ccB:207,24633,1,11.807,-33.276,21.468,80.335,19.665,58.748,78.299,21.701,70.729
[SHELL] ccA:208,2674618311,1182235,-0.231,34.260,0.000,35.000,3.55791,3.76697,23.83,-12.167,23.409,-12.167,23.409,-12.169,1.277,1.00000,74.342,-2.030,35.182
[SHELL] ccB:208,2147513995,1,16.084,-35.197,19.113,80.682,19.318,46.940,80.335,19.665,58.748
[SHELL] ccA:209,2674728323,1182236,0.933,35.732,0.000,35.000,3.77358,3.98264,23.84,-12.179,23.379,-12.179,23.379,-12.170,1.277,1.00000,74.342,13.316,39.278
[SHELL] ccB:209,24659,1,12.460,-40.488,28.029,79.562,20.438,35.602,80.682,19.318,46.940
[SHELL] ccA:210,2674838287,1182237,2.998,36.526,0.000,35.000,4.00168,4.21074,23.80,-12.201,23.362,-12.201,23.362,-12.171,1.276,1.00000,74.342,-12.608,32.367
[SHELL] ccB:210,2147514007,1,32.756,-26.389,-6.367,76.897,23.103,24.353,79.562,20.438,35.602
[SHELL] ccA:211,2674948243,1182238,-1.531,34.758,0.000,35.000,4.22293,4.43220,23.76,-12.155,23.420,-12.155,23.420,-12.171,1.276,1.00000,74.342,5.777,35.017
[SHELL] ccB:211,24619,1,28.190,-32.768,4.579,79.129,32.998,20.871,76.897,23.103,24.353
[SHELL] ccA:212,2675058299,1182239,-1.642,34.783,0.000,35.000,4.43823,4.64744,23.81,-12.153,23.420,-12.153,23.420,-12.170,1.276,1.00000,74.342,-5.516,36.730
[SHELL] ccB:212,2147514001,1,36.852,-22.439,-14.413,80.551,44.163,19.449,79.129,32.998,20.871
[SHELL] ccA:213,2675168247,1182240,-3.411,35.855,0.000,35.000,4.66636,4.87563,23.80,-12.134,23.398,-12.134,23.398,-12.168,1.276,1.00000,74.342,-8.387,34.944
[SHELL] ccB:213,24621,1,35.293,-11.783,-23.510,80.490,56.264,19.510,80.551,44.163,19.449
[SHELL] ccA:214,2675278267,1182241,-2.642,37.028,0.000,35.000,4.88833,5.09760,23.80,-12.140,23.373,-12.140,23.373,-12.167,1.275,1.00000,74.342,11.722,41.493
[SHELL] ccB:214,2147514017,1,42.905,-25.157,-17.747,78.919,67.756,21.081,80.490,56.264,19.510
[SHELL] ccA:215,2675388247,1182242,0.382,37.063,0.000,35.000,5.10855,5.31782,23.80,-12.171,23.371,-12.171,23.371,-12.167,1.274,1.00000,74.342,-13.528,30.321
[SHELL] ccB:215,24621,1,22.753,9.564,-32.317,74.799,77.153,22.847,78.919,67.756,21.081
[SHELL] ccA:216,2675498283,1182243,-3.669,33.719,0.000,35.000,5.32241,5.53168,23.80,-12.128,23.439,-12.128,23.439,-12.165,1.275,1.00000,74.342,0.658,32.739
[SHELL] ccB:216,2147514009,1,27.211,2.171,-29.382,64.408,79.597,20.403,74.799,77.153,22.847
[SHELL] ccA:217,2675608283,1182244,-4.643,33.233,0.000,35.000,5.55065,5.75992,23.80,-12.116,23.450,-12.116,23.450,-12.163,1.276,1.00000,74.342,-6.357,37.134
[SHELL] ccB:217,24639,1,20.107,17.538,-37.645,52.467,80.715,19.285,64.408,79.597,20.403
[SHELL] ccA:218,2675718307,1182245,-5.263,35.385,0.000,35.000,5.77187,5.98117,23.89,-12.108,23.406,-12.108,23.406,-12.160,1.275,1.00000,74.342,-8.995,34.533
[SHELL] ccB:218,2147513997,1,9.053,25.367,-34.420,40.724,80.228,19.772,52.467,80.715,19.285
[SHELL] ccA:219,2675828263,1182246,-2.569,36.551,0.000,35.000,5.99312,6.20240,23.80,-12.133,23.382,-12.133,23.382,-12.159,1.275,1.00000,74.342,14.073,40.005
[SHELL] ccB:219,24629,1,24.928,17.248,-42.176,29.406,78.290,21.710,40.724,80.228,19.772
[SHELL] ccA:220,2675938195,1182247,1.836,36.623,0.000,35.000,6.21307,0.13913,23.80,-12.178,23.380,-12.178,23.380,-12.160,1.274,1.00000,74.342,-11.808,31.948
[SHELL] ccB:220,2147514053,1,-9.540,33.087,-23.546,22.059,77.941,27.930,29.406,78.290,21.710
[SHELL] ccA:221,2676048095,1182248,-1.923,34.595,0.000,35.000,0.14217,0.35144,23.68,-12.140,23.421,-12.140,23.421,-12.159,1.274,1.00000,74.342,1.851,34.478
[SHELL] ccB:221,24545,1,-3.053,31.311,-28.258,19.994,80.006,38.511,22.059,77.941,27.930
[SHELL] ccA:222,2676158071,1182249,-2.092,34.807,0.000,35.000,0.36910,0.57828,23.63,-12.137,23.407,-12.137,23.407,-12.158,1.274,1.00000,74.342,-0.262,38.323
[SHELL] ccB:222,2147514115,1,-14.071,37.907,-23.836,19.286,80.714,50.502,19.994,80.006,38.511
[SHELL] ccA:223,2676268243,1182250,-1.754,36.162,0.000,35.000,0.58903,0.79820,23.57,-12.139,23.379,-12.139,23.379,-12.157,1.273,1.00000,74.342,-8.342,33.523
[SHELL] ccB:223,24619,1,-25.560,32.905,-7.345,20.120,79.880,62.114,19.286,80.714,50.502
[SHELL] ccA:224,2676378463,1182251,0.161,36.684,0.000,35.000,0.80931,1.01849,24.01,-12.159,23.368,-12.159,23.368,-12.157,1.273,1.00000,74.342,17.592,41.367
[SHELL] ccB:224,2147513919,1,-17.804,44.648,-26.845,22.383,77.617,73.169,20.120,79.880,62.114
[SHELL] ccA:225,2676488427,1182252,4.390,37.506,0.000,35.000,1.03245,1.24162,23.94,-12.203,23.350,-12.203,23.350,-12.159,1.271,1.00000,74.342,-9.282,33.768
[SHELL] ccB:225,24711,1,-33.751,24.968,8.783,21.398,69.283,78.602,22.383,77.617,73.169
[SHELL] ccA:226,2676598443,1182253,0.607,36.321,0.000,35.000,1.25301,1.46219,23.95,-12.166,23.373,-12.166,23.373,-12.160,1.271,1.00000,74.342,3.399,36.381
[SHELL] ccB:226,2147513929,1,-33.497,29.390,4.108,19.660,58.066,80.340,21.398,69.283,78.602
[SHELL] ccA:227,2676708419,1182254,0.848,36.479,0.000,35.000,1.47127,1.68045,23.94,-12.168,23.369,-12.168,23.369,-12.160,1.270,1.00000,74.342,5.878,39.387
[SHELL] ccB:227,24707,1,-38.608,27.759,10.849,19.374,46.487,80.626,19.660,58.066,80.340
[SHELL] ccA:228,2676818379,1182255,2.006,36.510,0.000,35.000,1.69176,1.90092,23.94,-12.181,23.368,-12.181,23.368,-12.161,1.269,1.00000,74.342,-7.132,30.887
[SHELL] ccB:228,2147513961,1,-29.801,5.541,24.259,20.558,34.946,79.442,19.374,46.487,80.626
[SHELL] ccA:229,2676928403,1182256,1.313,34.196,0.000,35.000,1.91465,2.12384,23.95,-12.175,23.415,-12.175,23.415,-12.162,1.270,1.00000,74.342,13.636,35.625
[SHELL] ccB:229,24699,1,-38.137,19.785,18.351,23.153,24.055,76.847,20.558,34.946,79.442
[SHELL] ccA:230,2677038487,1182257,2.661,33.260,0.000,35.000,2.13225,2.34152,24.03,-12.190,23.434,-12.190,23.434,-12.163,1.270,1.00000,74.342,-9.497,30.902
[SHELL] ccB:230,2147513907,1,-21.102,-10.660,31.762,33.213,20.795,79.205,23.153,24.055,76.847
[SHELL] ccA:231,2677148387,1182258,-1.505,33.117,0.000,35.000,2.35537,2.56458,23.97,-12.147,23.438,-12.147,23.438,-12.162,1.271,1.00000,74.342,-0.663,35.038
[SHELL] ccB:231,24691,1,-24.328,-9.681,34.009,44.743,19.397,80.603,33.213,20.795,79.205
[SHELL] ccA:232,2677258315,1182259,-0.644,35.176,0.000,35.000,2.57507,2.78414,23.83,-12.155,23.385,-12.155,23.385,-12.162,1.271,1.00000,74.342,8.245,39.727
[SHELL] ccB:232,2147513993,1,-28.278,-11.058,39.337,56.466,19.525,80.475,44.743,19.397,80.603
[SHELL] ccA:233,2677368271,1182260,2.646,36.595,0.000,35.000,2.80245,3.01152,23.79,-12.190,23.356,-12.190,23.356,-12.163,1.271,1.00000,74.342,-5.245,31.887
[SHELL] ccB:233,24633,1,-5.662,-24.722,30.384,68.275,21.180,78.820,56.466,19.525,80.475
[SHELL] ccA:234,2677478327,1182261,4.697,35.588,0.000,35.000,3.01878,3.22783,23.83,-12.213,23.376,-12.213,23.376,-12.166,1.270,1.00000,74.342,21.032,38.849
[SHELL] ccB:234,2147513987,1,-25.633,-18.343,43.976,77.259,22.741,74.551,68.275,21.180,78.820
[SHELL] ccA:235,2677588295,1182262,8.343,35.718,0.000,35.000,3.24434,3.45341,23.84,-12.253,23.373,-12.253,23.373,-12.170,1.270,1.00000,74.342,-3.446,33.286
[SHELL] ccB:235,24645,1,6.842,-31.790,24.948,79.768,20.232,63.304,77.259,22.741,74.551
[SHELL] ccA:236,2677698303,1182263,4.077,35.354,0.000,35.000,3.46383,3.67290,23.83,-12.213,23.380,-12.213,23.380,-12.172,1.270,1.00000,74.342,2.168,35.995
[SHELL] ccB:236,2147513999,1,9.343,-34.834,25.492,80.710,19.290,51.837,79.768,20.232,63.304
[SHELL] ccA:237,2677808303,1182264,3.613,36.278,0.000,35.000,3.68741,3.89648,23.84,-12.210,23.361,-12.210,23.361,-12.174,1.269,1.00000,74.342,13.560,39.834
[SHELL] ccB:237,24649,1,9.089,-40.126,31.037,80.158,19.842,39.992,80.710,19.290,51.837
[SHELL] ccA:238,2677918307,1182265,5.810,37.217,0.000,35.000,3.90288,4.11195,23.84,-12.235,23.341,-12.235,23.341,-12.176,1.268,1.00000,74.342,-6.046,33.205
[SHELL] ccB:238,2147513997,1,27.283,-30.847,3.564,78.205,21.795,29.003,80.158,19.842,39.992
[SHELL] ccA:239,2678028275,1182266,3.838,35.590,0.000,35.000,4.12346,4.33253,23.80,-12.217,23.374,-12.217,23.374,-12.178,1.268,1.00000,74.342,13.885,36.115
[SHELL] ccB:239,24635,1,22.318,-38.531,16.213,78.030,28.212,21.970,78.205,21.795,29.003
[SHELL] ccA:240,2678138263,1182267,4.752,35.038,0.000,35.000,4.34459,4.55366,23.80,-12.228,23.385,-12.228,23.385,-12.181,1.268,1.00000,74.342,-2.716,34.718
[SHELL] ccB:240,2147514019,1,33.372,-25.302,-8.070,80.125,39.395,19.875,78.030,28.212,21.970
[SHELL] ccA:241,2678248271,1182268,2.732,36.131,0.000,35.000,4.56115,4.77023,23.81,-12.209,23.362,-12.209,23.362,-12.182,1.267,1.00000,74.342,2.473,38.974
[SHELL] ccB:241,24633,1,38.157,-26.281,-11.876,80.704,50.841,19.296,80.125,39.395,19.875
[SHELL] ccA:242,2678358319,1182269,5.213,38.558,0.000,35.000,4.78892,4.99798,23.89,-12.237,23.312,-12.237,23.312,-12.185,1.265,1.00000,74.342,18.622,41.566
[SHELL] ccB:242,2147513991,1,42.868,-34.762,-8.107,79.752,62.905,20.248,80.704,50.841,19.296
[SHELL] ccA:243,2678468275,1182270,9.615,38.045,0.000,35.000,5.01487,5.22402,23.80,-12.286,23.332,-12.286,23.332,-12.190,1.264,1.00000,74.342,-1.259,30.075
[SHELL] ccB:243,24635,1,28.334,-5.368,-22.966,77.349,74.224,22.651,79.752,62.905,20.248
[SHELL] ccA:244,2678578283,1182271,8.324,33.450,0.000,35.000,5.23505,5.44423,23.81,-12.277,23.424,-12.277,23.424,-12.194,1.265,1.00000,74.342,17.190,32.083
[SHELL] ccB:244,2147514009,1,36.381,-17.220,-19.161,68.608,78.874,21.126,77.349,74.224,22.651
[SHELL] ccA:245,2678688255,1182272,8.015,31.909,0.000,35.000,5.45070,5.65991,23.81,-12.278,23.457,-12.278,23.457,-12.198,1.266,1.00000,74.342,-1.060,33.394
[SHELL] ccB:245,24625,1,23.985,8.151,-32.136,57.511,80.536,19.464,68.608,78.874,21.126
[SHELL] ccA:246,2678798275,1182273,3.573,32.717,0.000,35.000,5.67905,5.88823,23.80,-12.235,23.442,-12.235,23.442,-12.199,1.267,1.00000,74.342,-0.779,31.996
[SHELL] ccB:246,2147514013,1,17.534,14.421,-31.955,45.413,80.690,19.310,57.511,80.536,19.464
[SHELL] ccA:247,2678908263,1182274,4.860,34.231,0.000,35.000,5.90075,6.10992,23.80,-12.251,23.412,-12.251,23.412,-12.202,1.268,1.00000,74.782,22.060,39.538
[SHELL] ccB:247,24629,1,35.221,7.027,-42.248,33.891,79.152,20.848,45.413,80.690,19.310
[SHELL] ccA:248,2679018255,1182275,9.732,35.446,0.000,35.000,6.12099,0.04698,23.80,-12.304,23.387,-12.304,23.387,-12.207,1.267,1.00000,74.782,-4.410,30.714
[SHELL] ccB:248,2147514023,1,0.608,26.563,-27.171,23.379,76.621,23.851,33.891,79.152,20.848
[SHELL] ccA:249,2679128143,1182276,7.214,33.734,0.000,35.000,0.05280,0.26197,23.78,-12.283,23.422,-12.283,23.422,-12.210,1.268,1.00000,74.342,15.615,33.971
[SHELL] ccB:249,24569,1,13.801,23.192,-36.993,20.588,79.412,34.116,23.379,76.621,23.851
[SHELL] ccA:250,2679238079,1182277,7.864,33.685,0.000,35.000,0.27593,0.48510,23.62,-12.293,23.424,-12.293,23.424,-12.214,1.269,1.00000,74.342,4.634,36.085
[SHELL] ccB:250,2147514111,1,-5.372,33.848,-28.476,19.279,80.721,45.798,20.588,79.412,34.116
[SHELL] ccA:251,2679348011,1182278,6.009,35.266,0.000,35.000,0.50090,0.71007,23.56,-12.277,23.392,-12.277,23.392,-12.217,1.269,1.00000,74.342,-0.846,34.925
[SHELL] ccB:251,24503,1,-17.514,34.935,-17.421,19.553,80.447,57.766,19.279,80.721,45.798
[SHELL] ccA:252,2679458243,1182279,7.001,37.382,0.000,35.000,0.72299,0.93216,23.57,-12.291,23.349,-12.291,23.349,-12.221,1.267,1.00000,74.342,25.064,43.592
[SHELL] ccB:252,2147514029,1,-10.048,47.693,-37.645,21.337,78.663,69.228,19.553,80.447,57.766
[SHELL] ccA:253,2679568431,1182280,11.621,39.060,0.000,35.000,0.94457,1.15375,24.00,-12.343,23.313,-12.343,23.313,-12.227,1.265,1.00000,74.782,-2.798,34.129
[SHELL] ccB:253,24713,1,-29.293,30.006,-0.713,22.542,73.192,77.458,21.337,78.663,69.228
[SHELL] ccA:254,2679678391,1182281,8.946,37.430,0.000,35.000,1.17100,1.38025,23.93,-12.321,23.353,-12.321,23.353,-12.231,1.264,1.00000,74.782,16.314,37.869
[SHELL] ccB:254,2147513955,1,-28.532,40.046,-11.513,20.219,62.006,79.781,22.542,73.192,77.458
[SHELL] ccA:255,2679788415,1182282,9.564,37.597,0.000,35.000,1.39744,1.60670,23.93,-12.332,23.348,-12.332,23.348,-12.236,1.263,1.00000,74.782,8.424,40.523
[SHELL] ccB:255,24705,1,-38.463,32.471,5.992,19.422,50.094,80.578,20.219,62.006,79.781
[SHELL] ccA:256,2679898443,1182283,8.052,37.932,0.000,35.000,1.61537,1.82456,23.93,-12.320,23.340,-12.320,23.340,-12.240,1.261,1.00000,74.342,-0.955,32.811
[SHELL] ccB:256,2147513929,1,-32.736,14.276,18.460,19.969,38.594,80.031,19.422,50.094,80.578
[SHELL] ccA:257,2680008371,1182284,6.387,35.645,0.000,35.000,1.83802,2.04728,23.94,-12.307,23.385,-12.307,23.385,-12.243,1.261,1.00000,74.342,19.034,36.433
[SHELL] ccB:257,24683,1,-40.166,27.650,12.516,22.113,27.418,77.887,19.969,38.594,80.031
[SHELL] ccA:258,2680118359,1182285,7.303,34.276,0.000,35.000,2.05776,2.26701,23.89,-12.320,23.413,-12.320,23.413,-12.247,1.261,1.00000,74.782,-7.902,31.424
[SHELL] ccB:258,2147513971,1,-24.074,-6.745,30.819,29.815,21.664,78.336,22.113,27.418,77.887
[SHELL] ccA:259,2680228315,1182286,1.663,33.487,0.000,35.000,2.27829,2.48755,23.88,-12.264,23.430,-12.264,23.430,-12.248,1.262,1.00000,74.782,3.421,34.665
[SHELL] ccB:259,24655,1,-28.568,-2.976,31.544,40.931,19.825,80.175,29.815,21.664,78.336
[SHELL] ccA:260,2680338291,1182287,1.108,35.165,0.000,35.000,2.50272,2.71201,23.83,-12.259,23.396,-12.259,23.396,-12.248,1.262,1.00000,74.782,5.493,39.907
[SHELL] ccB:260,2147514005,1,-28.206,-10.805,39.010,52.811,19.455,80.545,40.931,19.825,80.175
[SHELL] ccA:261,2680448311,1182288,2.746,37.821,0.000,35.000,2.72636,2.93559,23.83,-12.277,23.341,-12.277,23.341,-12.250,1.261,1.00000,74.782,-3.423,36.806
[SHELL] ccB:261,24653,1,-11.715,-24.505,36.220,64.528,20.632,79.368,52.811,19.455,80.545
[SHELL] ccA:262,2680558291,1182289,4.976,38.287,0.000,35.000,2.94248,3.15174,23.82,-12.302,23.330,-12.302,23.330,-12.252,1.259,1.00000,74.782,21.259,39.629
[SHELL] ccB:262,2147514005,1,-28.677,-15.661,44.338,75.149,23.128,76.872,64.528,20.632,79.368
[SHELL] ccA:263,2680668263,1182290,8.993,37.167,0.000,35.000,3.16899,3.37825,23.82,-12.346,23.352,-12.346,23.352,-12.257,1.258,1.00000,74.782,-3.123,32.604
[SHELL] ccB:263,24629,1,4.015,-30.159,26.144,78.997,21.003,66.877,75.149,23.128,76.872
[SHELL] ccA:264,2680778263,1182291,5.264,35.054,0.000,35.000,3.39245,3.60170,23.78,-12.312,23.394,-12.312,23.394,-12.259,1.258,1.00000,74.782,6.043,35.378
[SHELL] ccB:264,2147514019,1,2.928,-32.442,29.515,80.454,19.546,55.433,78.997,21.003,66.877
[SHELL] ccA:265,2680888299,1182292,4.979,35.567,0.000,35.000,3.61253,3.82189,23.83,-12.311,23.394,-12.311,23.394,-12.262,1.258,1.00000,74.782,10.953,38.908
[SHELL] ccB:265,24647,1,7.893,-38.277,30.384,80.403,19.597,43.782,80.454,19.546,55.433
[SHELL] ccA:266,2680998251,1182293,5.130,35.972,0.000,35.000,3.83477,4.04413,23.82,-12.315,23.385,-12.315,23.385,-12.264,1.257,1.00000,74.782,-7.428,30.693
[SHELL] ccB:266,2147514025,1,25.326,-28.999,3.673,78.855,21.145,32.317,80.403,19.597,43.782
[SHELL] ccA:267,2681108267,1182294,3.040,33.641,0.000,35.000,4.05615,4.26550,23.79,-12.296,23.433,-12.296,23.433,-12.266,1.258,1.00000,74.782,16.062,34.271
[SHELL] ccB:267,24631,1,17.353,-37.806,20.454,77.080,25.148,22.920,78.855,21.145,32.317
[SHELL] ccA:268,2681218267,1182295,5.040,32.626,0.000,35.000,4.28407,4.49343,23.80,-12.319,23.454,-12.319,23.454,-12.268,1.259,1.00000,74.782,-4.536,31.268
[SHELL] ccB:268,2147514017,1,30.328,-22.838,-7.490,79.657,36.394,20.343,77.080,25.148,22.920
[SHELL] ccA:269,2681328263,1182296,2.444,32.902,0.000,35.000,4.49762,4.70697,23.79,-12.294,23.450,-12.294,23.450,-12.269,1.260,1.00000,74.782,2.784,34.802
[SHELL] ccB:269,24629,1,33.409,-25.483,-7.925,80.629,47.550,19.371,79.657,36.394,20.343
[SHELL] ccA:270,2681438259,1182297,3.121,35.104,0.000,35.000,4.72758,4.93693,23.79,-12.302,23.406,-12.302,23.406,-12.271,1.260,1.00000,74.782,11.451,39.546
[SHELL] ccB:270,2147514021,1,39.715,-29.253,-10.462,80.100,59.749,19.900,80.629,47.550,19.371
[SHELL] ccA:271,2681548223,1182298,4.668,35.808,0.000,35.000,4.94593,5.15529,23.79,-12.320,23.391,-12.320,23.391,-12.273,1.260,1.00000,74.342,-7.013,29.341
[SHELL] ccB:271,24609,1,26.921,-1.671,-25.250,78.317,70.973,21.683,80.100,59.749,19.900
[SHELL] ccA:272,2681658251,1182299,2.518,32.920,0.000,35.000,5.16323,5.37258,23.79,-12.300,23.450,-12.300,23.450,-12.275,1.261,1.00000,74.342,12.647,33.451
[SHELL] ccB:272,2147514025,1,35.619,-15.045,-20.574,72.153,78.070,21.930,78.317,70.973,21.683
[SHELL] ccA:273,2681768235,1182300,2.745,31.845,0.000,35.000,5.38883,5.59819,23.79,-12.303,23.473,-12.303,23.473,-12.276,1.262,1.00000,74.342,-7.301,31.135
[SHELL] ccB:273,24615,1,19.708,11.957,-31.665,60.739,80.244,19.756,72.153,78.070,21.930
[SHELL] ccA:274,2681878247,1182301,-0.816,32.724,0.000,35.000,5.61651,5.82587,23.79,-12.267,23.457,-12.267,23.457,-12.276,1.263,1.00000,74.342,-1.306,35.173
[SHELL] ccB:274,2147514027,1,20.723,14.276,-34.999,48.689,80.827,19.173,60.739,80.244,19.756
[SHELL] ccA:275,2681988227,1182302,1.734,35.628,0.000,35.000,5.83960,6.04895,23.79,-12.294,23.398,-12.294,23.398,-12.276,1.263,1.00000,74.782,16.849,41.033
[SHELL] ccB:275,24611,1,32.829,9.419,-42.248,36.907,79.661,20.339,48.689,80.827,19.173
[SHELL] ccA:276,2682098251,1182303,6.358,37.382,0.000,35.000,6.06350,6.27308,23.79,-12.343,23.386,-12.343,23.386,-12.280,1.262,1.00000,74.782,-6.959,32.292
[SHELL] ccB:276,2147514025,1,0.246,28.484,-28.729,25.717,77.226,22.774,36.907,79.661,20.339
[SHELL] ccA:277,2682208311,1182304,3.842,35.418,0.000,35.000,0.00237,0.21195,23.99,-12.320,23.425,-12.320,23.425,-12.282,1.262,1.00000,74.782,12.437,36.058
[SHELL] ccB:277,24653,1,12.351,25.077,-37.428,21.219,78.781,31.743,25.717,77.226,22.774
[SHELL] ccA:278,2682318115,1182305,3.579,34.813,0.000,35.000,0.22384,0.43343,23.68,-12.319,23.437,-12.319,23.437,-12.283,1.262,1.00000,74.782,-3.598,34.847
[SHELL] ccB:278,2147514093,1,-11.244,34.355,-23.111,19.595,80.405,43.124,21.219,78.781,31.743
[SHELL] ccA:279,2682428075,1182306,-0.361,35.240,0.000,35.000,0.44571,0.65529,23.61,-12.280,23.428,-12.280,23.428,-12.283,1.262,1.00000,74.782,-6.685,35.210
[SHELL] ccB:279,24535,1,-21.211,35.624,-14.413,19.494,80.506,54.814,19.595,80.405,43.124
[SHELL] ccA:280,2682538315,1182307,-0.770,36.881,0.000,35.000,0.67743,0.88701,23.63,-12.275,23.395,-12.275,23.395,-12.283,1.261,1.00000,74.782,13.889,42.258
[SHELL] ccB:280,2147513993,1,-15.666,43.887,-28.222,20.987,79.013,66.822,19.494,80.506,54.814
[SHELL] ccA:281,2682648515,1182308,1.992,38.246,0.000,35.000,0.89761,1.10719,24.07,-12.304,23.366,-12.304,23.366,-12.284,1.259,1.00000,74.782,-13.125,33.259
[SHELL] ccB:281,24755,1,-34.186,26.164,8.022,23.199,75.512,76.801,20.987,79.013,66.822
[SHELL] ccA:282,2682758511,1182309,-2.175,36.270,0.000,35.000,1.11920,1.32881,24.03,-12.261,23.405,-12.261,23.405,-12.283,1.258,1.00000,74.782,3.660,36.306
[SHELL] ccB:282,2147513895,1,-31.069,32.108,-1.039,20.619,64.800,79.381,23.199,75.512,76.801
[SHELL] ccA:283,2682868523,1182310,-3.192,36.483,0.000,35.000,1.34436,1.55389,24.01,-12.249,23.400,-12.249,23.400,-12.281,1.258,1.00000,74.782,-6.963,40.061
[SHELL] ccB:283,24759,1,-40.601,22.214,18.388,19.465,53.084,80.535,20.619,64.800,79.381
[SHELL] ccA:284,2682978483,1182311,-5.307,37.997,0.000,35.000,1.56051,1.77008,24.01,-12.225,23.368,-12.225,23.368,-12.278,1.256,1.00000,74.782,-10.964,35.561
[SHELL] ccB:284,2147513909,1,-35.672,8.658,27.014,19.838,41.692,80.162,19.465,53.084,80.535
[SHELL] ccA:285,2683088507,1182312,-4.973,37.462,0.000,35.000,1.78861,1.99820,24.02,-12.226,23.377,-12.226,23.377,-12.276,1.255,1.00000,74.782,8.998,38.664
[SHELL] ccB:285,24751,1,-39.695,20.220,19.475,21.693,30.094,78.307,19.838,41.692,80.162
[SHELL] ccA:286,2683198439,1182313,-2.339,36.203,0.000,35.000,2.01084,2.22063,23.96,-12.251,23.424,-12.251,23.424,-12.275,1.254,1.00000,74.782,-16.389,31.922
[SHELL] ccB:286,2147513931,1,-21.899,-13.668,35.567,27.461,22.291,77.709,21.693,30.094,78.307
[SHELL] ccA:287,2683308423,1182314,-6.924,34.498,0.000,35.000,2.23079,2.44058,23.96,-12.202,23.458,-12.202,23.458,-12.271,1.255,1.00000,74.782,-3.914,35.484
[SHELL] ccB:287,24709,1,-25.633,-8.702,34.335,38.355,20.125,79.875,27.461,22.291,77.709
[SHELL] ccA:288,2683418663,1182315,-7.691,35.282,0.000,35.000,2.45155,2.66134,23.90,-12.191,23.443,-12.191,23.443,-12.267,1.254,1.00000,74.782,-6.548,38.237
[SHELL] ccB:288,2147513819,1,-19.290,-19.503,38.793,49.962,19.401,80.599,38.355,20.125,79.875
[SHELL] ccA:289,2683528015,1182316,-7.463,36.561,0.000,35.000,2.67488,2.88448,23.75,-12.189,23.416,-12.189,23.416,-12.264,1.254,1.00000,74.782,-12.842,34.287
[SHELL] ccB:289,24505,1,-3.959,-29.543,33.501,61.702,20.184,79.816,49.962,19.401,80.599
[SHELL] ccA:290,2683637799,1182317,-5.349,36.373,0.000,35.000,2.90049,3.11031,23.37,-12.208,23.419,-12.208,23.419,-12.261,1.253,1.00000,74.782,10.838,38.682
[SHELL] ccB:290,2147514251,1,-19.761,-20.409,40.170,73.005,22.450,77.550,61.702,20.184,79.816
[SHELL] ccA:291,2683747815,1182318,-1.136,35.925,0.000,35.000,3.12425,3.33404,23.35,-12.249,23.428,-12.249,23.428,-12.260,1.253,1.00000,74.782,-13.380,32.049
[SHELL] ccB:291,24405,1,12.822,-34.363,21.541,78.511,21.489,69.323,73.005,22.450,77.550
[SHELL] ccA:292,2683857803,1182319,-4.654,34.237,0.000,35.000,3.34443,3.55422,23.35,-12.212,23.462,-12.212,23.462,-12.258,1.253,1.00000,74.782,-2.696,34.168
[SHELL] ccB:292,2147514249,1,9.524,-33.276,23.752,80.265,19.735,58.173,78.511,21.489,69.323
[SHELL] ccA:293,2683967755,1182320,-5.081,34.601,0.000,35.000,3.56797,3.77775,23.35,-12.205,23.455,-12.205,23.455,-12.256,1.253,1.00000,74.782,-1.551,38.016
[SHELL] ccB:293,24375,1,17.135,-37.987,20.852,80.547,19.453,46.356,80.265,19.735,58.173
[SHELL] ccA:294,2684077819,1182321,-5.141,35.094,0.000,35.000,3.78845,3.99823,23.35,-12.202,23.445,-12.202,23.445,-12.253,1.253,1.00000,74.782,-14.763,30.173
[SHELL] ccB:294,2147514241,1,29.965,-28.129,-1.836,79.336,20.664,34.876,80.547,19.453,46.356
[SHELL] ccA:295,2684187831,1182322,-6.112,33.258,0.000,35.000,4.00981,4.21961,23.38,-12.189,23.482,-12.189,23.482,-12.250,1.254,1.00000,74.782,6.632,34.668
[SHELL] ccB:295,24413,1,22.173,-34.870,12.697,76.746,23.254,24.111,79.336,20.664,34.876
[SHELL] ccA:296,2684297871,1182323,-3.862,33.134,0.000,35.000,4.22955,4.43936,23.46,-12.209,23.486,-12.209,23.486,-12.248,1.255,1.00000,74.342,-13.949,33.028
[SHELL] ccB:296,2147514215,1,35.728,-20.445,-15.283,79.297,33.341,20.703,76.746,23.254,24.111
[SHELL] ccA:297,2684407843,1182324,-6.740,34.391,0.000,35.000,4.45362,4.66343,23.38,-12.177,23.463,-12.177,23.463,-12.245,1.255,1.00000,74.342,-5.694,36.839
[SHELL] ccB:297,24419,1,37.069,-21.931,-15.138,80.659,45.003,19.341,79.297,33.341,20.703
[SHELL] ccA:298,2684517839,1182325,-5.685,36.616,0.000,35.000,4.67745,4.88730,23.39,-12.185,23.418,-12.185,23.418,-12.242,1.254,1.00000,74.342,2.598,39.758
[SHELL] ccB:298,2147514231,1,39.643,-23.272,-16.370,80.488,56.962,19.512,80.659,45.003,19.341
[SHELL] ccA:299,2684627839,1182326,-3.530,36.370,0.000,35.000,4.89552,5.10533,23.38,-12.205,23.422,-12.205,23.422,-12.240,1.254,1.00000,74.342,-13.621,29.128
[SHELL] ccB:299,24417,1,26.160,3.113,-29.273,78.905,68.259,21.095,80.488,56.962,19.512
[SHELL] ccA:300,2684737839,1182327,-4.658,32.711,0.000,35.000,5.12288,5.33270,23.38,-12.191,23.497,-12.191,23.497,-12.238,1.255,1.00000,74.342,6.014,32.830
[SHELL] ccB:300,2147514231,1,32.503,-9.681,-22.822,74.278,77.467,22.533,78.905,68.259,21.095
[SHELL] ccA:301,2684847807,1182328,-3.899,31.210,0.000,35.000,5.33938,5.54920,23.37,-12.197,23.529,-12.197,23.529,-12.236,1.257,1.00000,74.342,-14.004,30.053
[SHELL] ccB:301,24401,1,16.120,17.031,-33.151,63.527,79.869,20.131,74.278,77.467,22.533
[SHELL] ccA:302,2684957839,1182329,-7.241,31.892,0.000,35.000,5.56047,5.77028,23.38,-12.160,23.516,-12.160,23.516,-12.232,1.258,1.00000,74.342,-6.970,34.631
[SHELL] ccB:302,2147514231,1,17.679,17.647,-35.326,51.906,80.821,19.179,63.527,79.869,20.131
[SHELL] ccA:303,2685067811,1182330,-5.532,35.064,0.000,35.000,5.78047,5.99028,23.37,-12.174,23.453,-12.174,23.453,-12.229,1.258,1.00000,74.342,5.813,40.940
[SHELL] ccB:303,24403,1,24.819,16.233,-41.052,40.146,80.252,19.748,51.906,80.821,19.179
[SHELL] ccA:304,2685177831,1182331,-1.953,37.017,0.000,35.000,6.00017,6.20998,23.38,-12.209,23.413,-12.209,23.413,-12.228,1.257,1.00000,74.342,-12.470,31.558
[SHELL] ccB:304,2147514235,1,-3.161,30.840,-27.678,28.887,78.241,21.759,40.146,80.252,19.748
[SHELL] ccA:305,2685287911,1182332,-2.216,35.319,0.000,35.000,6.22564,0.15224,23.38,-12.205,23.447,-12.205,23.447,-12.227,1.257,1.00000,74.342,10.263,37.220
[SHELL] ccB:305,24453,1,12.387,25.475,-37.863,21.821,78.179,28.496,28.887,78.241,21.759
[SHELL] ccA:306,2685397987,1182333,-0.114,35.039,0.000,35.000,0.16472,0.37456,23.60,-12.226,23.452,-12.226,23.452,-12.227,1.257,1.00000,74.342,-8.513,34.158
[SHELL] ccB:306,2147514157,1,-13.998,34.971,-20.973,19.757,80.243,39.813,21.821,78.179,28.496
[SHELL] ccA:307,2685507883,1182334,-2.992,35.515,0.000,35.000,0.38456,0.59429,23.49,-12.196,23.434,-12.196,23.434,-12.226,1.257,1.00000,74.342,-5.208,36.523
[SHELL] ccB:307,24439,1,-18.529,36.892,-18.364,19.237,80.763,51.437,19.757,80.243,39.813
[SHELL] ccA:308,2685618095,1182335,-1.920,37.707,0.000,35.000,0.61006,0.81978,23.42,-12.206,23.388,-12.206,23.388,-12.225,1.255,1.00000,74.342,11.247,43.623
[SHELL] ccB:308,2147514103,1,-15.774,44.431,-28.657,20.250,79.750,63.354,19.237,80.763,51.437
[SHELL] ccA:309,2685728311,1182336,1.165,39.569,0.000,35.000,0.82634,1.03606,23.86,-12.237,23.349,-12.237,23.349,-12.225,1.253,1.00000,74.342,-12.626,34.506
[SHELL] ccB:309,24653,1,-33.932,29.172,4.760,22.643,77.357,74.165,20.250,79.750,63.354
[SHELL] ccA:310,2685838263,1182337,-1.851,37.394,0.000,35.000,1.04965,1.25934,23.81,-12.206,23.391,-12.206,23.391,-12.224,1.252,1.00000,74.342,6.602,36.941
[SHELL] ccB:310,2147514019,1,-28.750,35.261,-6.512,21.171,68.459,78.829,22.643,77.357,74.165
[SHELL] ccA:311,2685948267,1182338,-1.383,36.599,0.000,35.000,1.27422,1.48395,23.80,-12.210,23.406,-12.210,23.406,-12.224,1.251,1.00000,74.342,-6.111,38.010
[SHELL] ccB:311,24631,1,-38.137,23.627,14.510,19.505,56.885,80.495,21.171,68.459,78.829
[SHELL] ccA:312,2686058267,1182339,-2.746,37.363,0.000,35.000,1.49381,1.70354,23.80,-12.195,23.390,-12.195,23.390,-12.222,1.250,1.00000,74.342,-5.364,36.491
[SHELL] ccB:312,2147514017,1,-36.796,16.197,20.599,19.395,45.230,80.605,19.505,56.885,80.495
[SHELL] ccA:313,2686168311,1182340,-0.999,37.730,0.000,35.000,1.71529,1.92502,23.80,-12.212,23.381,-12.212,23.381,-12.222,1.249,1.00000,74.342,12.842,39.929
[SHELL] ccB:313,24653,1,-41.362,26.708,14.655,20.755,33.665,79.245,19.395,45.230,80.605
[SHELL] ccA:314,2686278303,1182341,2.242,37.012,0.000,35.000,1.93573,2.14546,23.89,-12.245,23.394,-12.245,23.394,-12.223,1.248,1.00000,74.342,-11.353,31.699
[SHELL] ccB:314,2147513999,1,-25.560,-6.202,31.762,23.809,23.213,76.787,20.755,33.665,79.245
[SHELL] ccA:315,2686388307,1182342,-1.298,34.060,0.000,35.000,2.15584,2.36561,23.90,-12.209,23.454,-12.209,23.454,-12.222,1.248,1.00000,74.342,4.672,32.912
[SHELL] ccB:315,24651,1,-30.018,2.642,27.376,34.437,20.537,79.463,23.809,23.213,76.787
[SHELL] ccA:316,2686498335,1182343,-1.382,33.222,0.000,35.000,2.38118,2.59097,23.90,-12.208,23.472,-12.208,23.472,-12.222,1.249,1.00000,74.342,-3.517,35.367
[SHELL] ccB:316,2147513983,1,-21.827,-13.378,35.205,46.213,19.258,80.742,34.437,20.537,79.463
[SHELL] ccA:317,2686608235,1182344,-1.795,34.939,0.000,35.000,2.60162,2.81132,23.77,-12.203,23.435,-12.203,23.435,-12.221,1.249,1.00000,74.342,-4.816,36.109
[SHELL] ccB:317,24615,1,-14.433,-21.750,36.183,57.957,19.566,80.434,46.213,19.258,80.742
[SHELL] ccA:318,2686718231,1182345,1.385,37.126,0.000,35.000,2.82313,3.03283,23.77,-12.235,23.390,-12.235,23.390,-12.221,1.248,1.00000,74.342,18.690,40.918
[SHELL] ccB:318,2147514035,1,-30.562,-13.305,43.867,69.419,21.367,78.633,57.957,19.566,80.434
[SHELL] ccA:319,2686828223,1182346,6.338,37.819,0.000,35.000,3.04016,3.24987,23.77,-12.288,23.374,-12.288,23.374,-12.225,1.247,1.00000,74.342,-7.209,33.329
[SHELL] ccB:319,24609,1,3.797,-31.246,27.449,77.634,22.366,73.412,69.419,21.367,78.633
[SHELL] ccA:320,2686938211,1182347,3.312,35.544,0.000,35.000,3.26399,3.47370,23.77,-12.259,23.420,-12.259,23.420,-12.226,1.246,1.00000,74.342,8.975,34.599
[SHELL] ccB:320,2147514045,1,-4.684,-28.347,33.030,79.963,20.037,62.308,77.634,22.366,73.412
[SHELL] ccA:321,2687048215,1182348,3.786,35.024,0.000,35.000,3.48517,3.69487,23.73,-12.266,23.430,-12.266,23.430,-12.228,1.246,1.00000,74.342,4.404,37.571
[SHELL] ccB:321,24605,1,8.509,-36.175,27.666,80.806,19.194,50.621,79.963,20.037,62.308
[SHELL] ccA:322,2687158255,1182349,3.403,35.511,0.000,35.000,3.70423,3.91393,23.77,-12.264,23.420,-12.264,23.420,-12.230,1.246,1.00000,74.342,-4.171,32.303
[SHELL] ccB:322,2147514023,1,20.760,-32.116,11.356,80.136,19.864,39.009,80.806,19.194,50.621
[SHELL] ccA:323,2687268203,1182350,3.604,35.071,0.000,35.000,3.93373,4.14343,23.79,-12.268,23.429,-12.268,23.429,-12.232,1.246,1.00000,74.342,18.355,38.108
[SHELL] ccB:323,24599,1,14.236,-41.612,27.376,77.913,22.087,27.416,80.136,19.864,39.009
[SHELL] ccA:324,2687378203,1182351,7.225,35.155,0.000,35.000,4.15749,4.36720,23.73,-12.308,23.427,-12.308,23.427,-12.235,1.246,1.00000,74.342,-3.640,32.104
[SHELL] ccB:324,2147514049,1,29.204,-26.571,-2.634,78.570,29.944,21.430,77.913,22.087,27.416
[SHELL] ccA:325,2687488207,1182352,4.790,34.250,0.000,35.000,4.37983,4.58953,23.74,-12.286,23.446,-12.286,23.446,-12.238,1.246,1.00000,74.342,8.087,34.687
[SHELL] ccB:325,24601,1,30.147,-31.500,1.353,80.422,41.292,19.578,78.570,29.944,21.430
[SHELL] ccA:326,2687598227,1182353,4.853,35.087,0.000,35.000,4.59804,4.80778,23.80,-12.289,23.429,-12.289,23.429,-12.240,1.246,1.00000,74.342,6.877,38.869
[SHELL] ccB:326,2147514037,1,37.830,-28.673,-9.158,80.773,52.927,19.227,80.422,41.292,19.578
[SHELL] ccA:327,2687708203,1182354,3.959,35.423,0.000,35.000,4.81705,5.02675,23.74,-12.282,23.422,-12.282,23.422,-12.242,1.246,1.00000,74.342,-6.006,29.267
[SHELL] ccB:327,24599,1,28.479,-6.419,-22.060,79.661,64.424,20.339,80.773,52.927,19.227
[SHELL] ccA:328,2687818175,1182355,2.698,33.525,0.000,35.000,5.04889,5.25870,23.74,-12.270,23.472,-12.270,23.472,-12.243,1.247,1.00000,74.342,15.927,36.695
[SHELL] ccB:328,2147514063,1,39.896,-22.475,-17.421,77.011,75.827,22.989,79.661,64.424,20.339
[SHELL] ccA:329,2687928187,1182356,4.432,33.160,0.000,35.000,5.26609,5.47589,23.74,-12.290,23.480,-12.290,23.480,-12.246,1.248,1.00000,73.902,-8.122,29.981
[SHELL] ccB:329,24591,1,21.231,9.021,-30.251,67.181,79.430,20.570,77.011,75.827,22.989
[SHELL] ccA:330,2688038175,1182357,0.040,32.596,0.000,35.000,5.49081,5.70063,23.74,-12.246,23.493,-12.246,23.493,-12.246,1.249,1.00000,74.342,0.475,33.727
[SHELL] ccB:330,2147514063,1,24.348,8.042,-32.390,55.445,80.702,19.298,67.181,79.430,20.570
[SHELL] ccA:331,2688148203,1182358,0.061,34.699,0.000,35.000,5.71002,5.91983,23.73,-12.246,23.451,-12.246,23.451,-12.246,1.249,1.00000,74.342,7.416,41.362
[SHELL] ccB:331,24599,1,28.661,12.283,-40.943,43.721,80.605,19.395,55.445,80.702,19.298
[SHELL] ccA:332,2688258215,1182359,1.559,36.377,0.000,35.000,5.94041,6.15019,23.74,-12.262,23.416,-12.262,23.416,-12.247,1.248,1.00000,74.342,-9.070,29.058
[SHELL] ccB:332,2147514043,1,1.224,25.729,-26.953,31.742,78.932,21.068,43.721,80.605,19.395
[SHELL] ccA:333,2688368143,1182360,1.653,34.161,0.000,35.000,6.15683,0.08346,23.74,-12.264,23.461,-12.264,23.461,-12.247,1.249,1.00000,74.342,17.338,37.166
[SHELL] ccB:333,24569,1,21.883,19.097,-40.980,22.675,77.325,25.236,31.742,78.932,21.068
[SHELL] ccA:334,2688478063,1182361,4.940,33.945,0.000,35.000,0.09945,0.30928,23.67,-12.299,23.466,-12.299,23.466,-12.250,1.249,1.00000,74.342,-5.846,32.391
[SHELL] ccB:334,2147514119,1,-9.033,31.927,-22.894,20.136,79.864,36.508,22.675,77.325,25.236
[SHELL] ccA:335,2688587971,1182362,1.331,34.332,0.000,35.000,0.32076,0.53057,23.54,-12.264,23.459,-12.264,23.459,-12.250,1.250,1.00000,74.342,-0.323,35.378
[SHELL] ccB:335,24483,1,-11.461,34.718,-23.256,19.182,80.818,48.135,20.136,79.864,36.508
[SHELL] ccA:336,2688697923,1182363,1.149,36.162,0.000,35.000,0.53992,0.74972,23.50,-12.263,23.421,-12.263,23.421,-12.251,1.249,1.00000,74.342,11.088,41.501
[SHELL] ccB:336,2147514189,1,-11.824,41.676,-29.853,19.727,80.273,59.804,19.182,80.818,48.135
[SHELL] ccA:337,2688808399,1182364,2.725,37.457,0.000,35.000,0.76582,0.97563,23.89,-12.280,23.394,-12.280,23.394,-12.252,1.248,1.00000,74.342,-10.951,31.449
[SHELL] ccB:337,24697,1,-29.692,27.904,1.788,21.794,78.206,71.338,19.727,80.273,59.804
[SHELL] ccA:338,2688918339,1182365,0.314,34.923,0.000,35.000,0.98733,1.19717,23.93,-12.256,23.448,-12.256,23.448,-12.253,1.248,1.00000,74.342,12.069,35.294
[SHELL] ccB:338,2147513981,1,-22.806,36.965,-14.159,21.802,71.554,78.198,21.794,78.206,71.338
[SHELL] ccA:339,2689028347,1182366,1.985,33.927,0.000,35.000,1.21994,1.42979,23.86,-12.273,23.469,-12.273,23.469,-12.254,1.248,1.00000,74.342,-5.248,33.673
[SHELL] ccB:339,24671,1,-33.425,22.467,10.958,19.661,59.712,80.339,21.802,71.554,78.198
[SHELL] ccA:340,2689138323,1182367,-0.014,34.627,0.000,35.000,1.43115,1.64099,23.87,-12.253,23.455,-12.253,23.455,-12.254,1.249,1.00000,74.342,-1.628,35.867
[SHELL] ccB:340,2147513989,1,-35.745,20.800,14.945,19.185,48.504,80.815,19.661,59.712,80.339
[SHELL] ccA:341,2689248315,1182368,1.428,35.797,0.000,35.000,1.65685,1.86670,23.87,-12.269,23.431,-12.269,23.431,-12.254,1.248,1.00000,74.342,14.214,37.780
[SHELL] ccB:341,24655,1,-38.862,28.882,9.979,20.183,36.557,79.817,19.185,48.504,80.815
[SHELL] ccA:342,2689358311,1182369,4.123,35.360,0.000,35.000,1.87822,2.08806,23.87,-12.298,23.440,-12.298,23.440,-12.256,1.248,1.00000,74.342,-10.306,30.013
[SHELL] ccB:342,2147513995,1,-25.488,-3.628,29.116,22.604,25.487,77.396,20.183,36.557,79.817
[SHELL] ccA:343,2689468271,1182370,0.367,32.366,0.000,35.000,2.10145,2.31129,23.77,-12.260,23.501,-12.260,23.501,-12.257,1.249,1.00000,73.902,7.867,31.659
[SHELL] ccB:343,24633,1,-31.287,7.644,23.643,31.579,20.815,79.185,22.604,25.487,77.396
[SHELL] ccA:344,2689578247,1182371,-0.162,31.535,0.000,35.000,2.31783,2.52768,23.81,-12.255,23.519,-12.255,23.519,-12.256,1.251,1.00000,73.902,-6.078,32.809
[SHELL] ccB:344,2147514027,1,-19.942,-13.197,33.139,42.832,19.198,80.802,31.579,20.815,79.185
[SHELL] ccA:345,2689688195,1182372,-2.364,33.198,0.000,35.000,2.54988,2.75973,23.75,-12.232,23.487,-12.232,23.487,-12.255,1.252,1.00000,74.342,-5.168,35.515
[SHELL] ccB:345,24595,1,-15.521,-20.264,35.785,55.242,19.300,80.700,42.832,19.198,80.802
[SHELL] ccA:346,2689798195,1182373,0.284,36.438,0.000,35.000,2.76985,2.97969,23.76,-12.258,23.422,-12.258,23.422,-12.255,1.251,1.00000,74.342,17.551,41.912
[SHELL] ccB:346,2147514053,1,-31.577,-12.508,44.085,66.792,20.771,79.229,55.242,19.300,80.700
[SHELL] ccA:347,2689908215,1182374,5.448,38.047,0.000,35.000,2.99057,3.20042,23.76,-12.313,23.388,-12.313,23.388,-12.258,1.250,1.00000,74.342,-8.143,32.848
[SHELL] ccB:347,24605,1,3.109,-30.739,27.630,76.965,23.035,75.745,66.792,20.771,79.229
[SHELL] ccA:348,2690018215,1182375,2.967,35.676,0.000,35.000,3.22163,3.43147,23.76,-12.289,23.435,-12.289,23.435,-12.260,1.249,1.00000,74.342,10.605,35.098
[SHELL] ccB:348,2147514043,1,-7.764,-27.151,34.915,79.673,20.327,64.464,76.965,23.035,75.745
[SHELL] ccA:349,2690128283,1182376,3.268,34.947,0.000,35.000,3.43989,3.64990,23.84,-12.294,23.467,-12.294,23.467,-12.261,1.249,1.00000,74.342,0.006,36.743
[SHELL] ccB:349,24639,1,10.792,-35.813,25.020,80.812,19.188,53.009,79.673,20.327,64.464
[SHELL] ccA:350,2690238319,1182377,0.769,35.492,0.000,35.000,3.66527,3.87527,23.84,-12.269,23.456,-12.269,23.456,-12.262,1.249,1.00000,74.342,-7.540,33.385
[SHELL] ccB:350,2147513991,1,23.224,-33.384,10.160,80.400,19.600,41.047,80.812,19.188,53.009
[SHELL] ccA:351,2690348303,1182378,-0.252,35.500,0.000,35.000,3.88574,4.09574,23.83,-12.259,23.455,-12.259,23.455,-12.261,1.249,1.00000,73.902,14.066,38.488
[SHELL] ccB:351,24649,1,15.722,-40.633,24.912,78.702,21.298,29.649,80.400,19.600,41.047
[SHELL] ccA:352,2690458267,1182379,2.125,35.755,0.000,35.000,4.10678,4.31679,23.81,-12.284,23.450,-12.284,23.450,-12.263,1.248,1.00000,73.902,-12.091,32.660
[SHELL] ccB:352,2147514017,1,33.735,-24.360,-9.375,78.111,27.276,21.889,78.702,21.298,29.649
[SHELL] ccA:353,2690568283,1182380,-1.926,35.037,0.000,35.000,4.33546,4.54547,23.80,-12.242,23.464,-12.242,23.464,-12.262,1.248,1.00000,74.342,2.413,36.341
[SHELL] ccB:353,24639,1,32.901,-29.978,-2.924,80.156,38.888,19.844,78.111,27.276,21.889
[SHELL] ccA:354,2690678295,1182381,-1.744,37.182,0.000,35.000,4.55895,4.76889,23.78,-12.243,23.420,-12.243,23.420,-12.261,1.247,1.00000,74.342,0.287,43.386
[SHELL] ccB:354,2147514003,1,42.832,-27.404,-15.428,80.783,50.778,19.217,80.156,38.888,19.844
[SHELL] ccA:355,2690788239,1182382,-1.335,39.393,0.000,35.000,4.77089,4.98089,23.80,-12.247,23.374,-12.247,23.374,-12.260,1.245,1.00000,74.342,-8.327,34.462
[SHELL] ccB:355,24617,1,33.916,-8.014,-25.902,79.947,62.010,20.053,80.783,50.778,19.217
[SHELL] ccA:356,2690898311,1182383,-1.180,38.222,0.000,35.000,5.00208,5.21212,23.87,-12.248,23.396,-12.248,23.396,-12.259,1.244,1.00000,74.342,11.647,40.580
[SHELL] ccB:356,2147513995,1,42.216,-20.735,-21.480,77.587,73.579,22.413,79.947,62.010,20.053
[SHELL] ccA:357,2691008271,1182384,0.637,36.641,0.000,35.000,5.22107,5.43108,23.79,-12.266,23.426,-12.266,23.426,-12.260,1.243,1.00000,74.342,-12.419,30.943
[SHELL] ccB:357,24633,1,20.977,11.957,-32.934,69.282,78.723,21.277,77.587,73.579,22.413
[SHELL] ccA:358,2691118243,1182385,-4.172,33.970,0.000,35.000,5.44069,5.65070,23.80,-12.216,23.480,-12.216,23.480,-12.258,1.243,1.00000,74.342,-3.498,33.413
[SHELL] ccB:358,2147514029,1,22.608,10.217,-32.825,58.126,80.474,19.526,69.282,78.723,21.277
[SHELL] ccA:359,2691228299,1182386,-4.723,33.811,0.000,35.000,5.67130,5.88124,23.80,-12.208,23.484,-12.208,23.484,-12.255,1.244,1.00000,74.342,0.525,37.475
[SHELL] ccB:359,24647,1,21.956,15.327,-37.283,45.868,80.740,19.260,58.126,80.474,19.526
[SHELL] ccA:360,2691338243,1182387,-3.107,34.648,0.000,35.000,5.89395,6.10411,23.80,-12.223,23.484,-12.223,23.484,-12.254,1.244,1.00000,74.342,-9.979,30.230
[SHELL] ccB:360,2147514029,1,2.239,26.382,-28.621,34.173,79.456,20.544,45.868,80.740,19.260
[SHELL] ccA:361,2691448263,1182388,-1.923,33.345,0.000,35.000,6.11315,0.04015,23.81,-12.234,23.511,-12.234,23.511,-12.253,1.245,1.00000,74.342,11.741,35.446
[SHELL] ccB:361,24629,1,17.570,19.749,-37.319,23.432,76.794,23.206,34.173,79.456,20.544
[SHELL] ccA:362,2691558155,1182389,0.454,32.764,0.000,35.000,0.04865,0.25880,23.78,-12.258,23.524,-12.258,23.524,-12.253,1.246,1.00000,74.342,-11.687,29.932
[SHELL] ccB:362,2147514073,1,-13.128,31.963,-18.835,20.554,79.446,33.773,23.432,76.794,23.206
[SHELL] ccA:363,2691668051,1182390,-3.873,32.476,0.000,35.000,0.26440,0.47455,23.62,-12.212,23.531,-12.212,23.531,-12.251,1.247,1.00000,74.342,-3.860,34.594
[SHELL] ccB:363,24523,1,-12.766,34.428,-21.662,19.253,80.747,44.984,20.554,79.446,33.773
[SHELL] ccA:364,2691778035,1182391,-3.784,34.712,0.000,35.000,0.49228,0.70248,23.63,-12.211,23.486,-12.211,23.486,-12.249,1.247,1.00000,74.342,4.271,39.728
[SHELL] ccB:364,2147514133,1,-15.013,39.574,-24.561,19.443,80.557,57.176,19.253,80.747,44.984
[SHELL] ccA:365,2691888251,1182392,-1.595,36.519,0.000,35.000,0.72251,0.93267,23.57,-12.232,23.449,-12.232,23.449,-12.248,1.247,1.00000,74.342,-11.060,32.026
[SHELL] ccB:365,24623,1,-29.474,29.209,0.266,21.234,78.766,69.113,19.443,80.557,57.176
[SHELL] ccA:366,2691998471,1182393,-1.001,35.259,0.000,35.000,0.93499,1.14515,24.00,-12.238,23.474,-12.238,23.474,-12.248,1.247,1.00000,74.342,13.844,37.255
[SHELL] ccB:366,2147513915,1,-21.754,39.683,-17.929,22.487,74.128,77.513,21.234,78.766,69.113
[SHELL] ccA:367,2692108419,1182394,2.025,34.926,0.000,35.000,1.15491,1.36508,23.94,-12.269,23.481,-12.269,23.481,-12.249,1.247,1.00000,74.342,-8.529,33.169
[SHELL] ccB:367,24707,1,-33.787,21.742,12.045,20.080,63.112,79.920,22.487,74.128,77.513
[SHELL] ccA:368,2692218463,1182395,-1.134,34.968,0.000,35.000,1.37658,1.58673,24.03,-12.237,23.480,-12.237,23.480,-12.248,1.247,1.00000,74.342,-1.324,36.280
[SHELL] ccB:368,2147513919,1,-35.853,22.866,12.987,19.167,51.455,80.833,20.080,63.112,79.920
[SHELL] ccA:369,2692328427,1182396,0.309,36.118,0.000,35.000,1.60232,1.81248,23.95,-12.252,23.457,-12.252,23.457,-12.249,1.246,1.00000,73.902,12.413,38.743
[SHELL] ccB:369,24711,1,-39.115,29.245,9.870,19.603,39.359,80.397,19.167,51.455,80.833
[SHELL] ccA:370,2692438395,1182397,3.880,35.975,0.000,35.000,1.82509,2.03512,23.94,-12.289,23.444,-12.289,23.444,-12.250,1.246,1.00000,73.902,-7.982,30.132
[SHELL] ccB:370,2147513953,1,-27.155,0.322,26.833,21.722,27.919,78.278,19.603,39.359,80.397
[SHELL] ccA:371,2692548379,1182398,2.122,33.080,0.000,35.000,2.04634,2.25637,23.90,-12.273,23.503,-12.273,23.503,-12.252,1.246,1.00000,73.902,12.037,33.314
[SHELL] ccB:371,24687,1,-35.128,13.624,21.505,28.845,21.430,78.570,21.722,27.919,78.278
[SHELL] ccA:372,2692658359,1182399,2.288,32.391,0.000,35.000,2.27163,2.48165,23.90,-12.276,23.518,-12.276,23.518,-12.253,1.248,1.00000,73.902,-6.942,32.803
[SHELL] ccB:372,2147513971,1,-20.595,-12.617,33.211,40.419,19.408,80.592,28.845,21.430,78.570
[SHELL] ccA:373,2692768299,1182400,-1.176,33.795,0.000,35.000,2.49095,2.70097,23.84,-12.240,23.491,-12.240,23.491,-12.252,1.248,1.00000,74.342,-2.857,36.259
[SHELL] ccB:373,24647,1,-19.689,-16.640,36.328,52.123,19.167,80.833,40.419,19.408,80.592
[SHELL] ccA:374,2692878303,1182401,0.821,36.734,0.000,35.000,2.71185,2.92187,23.84,-12.261,23.431,-12.261,23.431,-12.252,1.248,1.00000,74.342,15.942,41.614
[SHELL] ccB:374,2147513999,1,-31.830,-11.095,42.925,63.839,20.248,79.752,52.123,19.167,80.833
[SHELL] ccA:375,2692988295,1182402,5.644,38.046,0.000,35.000,2.93129,3.14134,23.85,-12.312,23.403,-12.312,23.403,-12.255,1.246,1.00000,74.342,-6.452,32.696
[SHELL] ccB:375,24645,1,-0.516,-28.600,29.116,74.829,22.733,77.267,63.839,20.248,79.752
[SHELL] ccA:376,2693098303,1182403,4.441,35.744,0.000,35.000,3.15678,3.36680,23.83,-12.302,23.449,-12.302,23.449,-12.258,1.246,1.00000,74.342,14.727,35.970
[SHELL] ccB:376,2147513999,1,-14.180,-24.251,38.431,79.093,20.907,67.759,74.829,22.733,77.267
[SHELL] ccA:377,2693208303,1182404,5.977,35.226,0.000,35.000,3.38279,3.59281,23.84,-12.320,23.459,-12.320,23.459,-12.261,1.246,1.00000,74.342,0.905,36.270
[SHELL] ccB:377,24649,1,7.784,-34.581,26.796,80.673,19.327,55.996,79.093,20.907,67.759
[SHELL] ccA:378,2693318299,1182405,3.921,36.040,0.000,35.000,3.59927,3.80929,23.79,-12.302,23.442,-12.302,23.442,-12.262,1.245,1.00000,74.342,-0.853,35.653
[SHELL] ccB:378,2147514001,1,16.519,-35.632,19.113,80.674,19.326,44.467,80.673,19.327,55.996
[SHELL] ccA:379,2693428303,1182406,4.521,36.879,0.000,35.000,3.81993,4.02995,23.83,-12.310,23.425,-12.310,23.425,-12.265,1.244,1.00000,73.902,18.885,39.940
[SHELL] ccB:379,24649,1,10.358,-42.373,32.015,79.387,20.613,32.849,80.674,19.326,44.467
[SHELL] ccA:380,2693538267,1182407,7.860,37.009,0.000,35.000,4.04457,4.25460,23.81,-12.347,23.421,-12.347,23.421,-12.269,1.243,1.00000,73.902,-5.478,32.505
[SHELL] ccB:380,2147514017,1,28.914,-28.165,-0.749,77.284,24.414,22.716,79.387,20.613,32.849
[SHELL] ccA:381,2693648243,1182408,5.839,34.833,0.000,35.000,4.26579,4.47570,23.79,-12.330,23.459,-12.330,23.459,-12.272,1.243,1.00000,74.342,15.424,34.381
[SHELL] ccB:381,24619,1,24.348,-37.081,12.734,79.701,35.409,20.299,77.284,24.414,22.716
[SHELL] ccA:382,2693758267,1182409,7.620,34.871,0.000,35.000,4.48857,4.69855,23.81,-12.352,23.459,-12.352,23.459,-12.275,1.243,1.00000,74.342,5.110,38.214
[SHELL] ccB:382,2147514017,1,36.127,-29.724,-6.403,80.841,47.177,19.159,79.701,35.409,20.299
[SHELL] ccA:383,2693868275,1182410,6.334,36.154,0.000,35.000,4.70356,4.91353,23.80,-12.342,23.432,-12.342,23.432,-12.279,1.243,1.00000,74.342,-0.310,33.806
[SHELL] ccB:383,24635,1,33.807,-16.894,-16.914,80.446,58.636,19.554,80.841,47.177,19.159
[SHELL] ccA:384,2693978283,1182411,6.430,36.545,0.000,35.000,4.93656,5.14653,23.81,-12.346,23.424,-12.346,23.424,-12.282,1.242,1.00000,74.342,21.229,40.355
[SHELL] ccB:384,2147514009,1,44.064,-32.188,-11.876,78.463,70.589,21.537,80.446,58.636,19.554
[SHELL] ccA:385,2694088263,1182412,9.894,36.095,0.000,35.000,5.15591,5.36588,23.80,-12.386,23.432,-12.386,23.432,-12.287,1.241,1.00000,74.342,-2.574,29.864
[SHELL] ccB:385,24629,1,25.870,0.177,-26.047,72.345,78.051,21.949,78.463,70.589,21.537
[SHELL] ccA:386,2694198271,1182413,6.473,32.946,0.000,35.000,5.37920,5.58916,23.80,-12.355,23.496,-12.355,23.496,-12.290,1.242,1.00000,74.342,9.812,31.703
[SHELL] ccB:386,2147514015,1,30.980,-5.187,-25.793,61.162,80.245,19.755,72.345,78.051,21.949
[SHELL] ccA:387,2694308263,1182414,5.952,32.726,0.000,35.000,5.60041,5.81038,23.80,-12.352,23.502,-12.352,23.502,-12.293,1.243,1.00000,74.342,6.757,37.633
[SHELL] ccB:387,24629,1,28.987,7.100,-36.087,49.405,80.927,19.073,61.162,80.245,19.755
[SHELL] ccA:388,2694418271,1182415,4.987,34.402,0.000,35.000,5.82314,6.03311,23.80,-12.345,23.468,-12.345,23.468,-12.295,1.244,1.00000,74.342,-3.378,30.637
[SHELL] ccB:388,2147514015,1,10.575,19.785,-30.360,37.584,80.048,19.952,49.405,80.927,19.073
[SHELL] ccA:389,2694528267,1182416,5.555,34.374,0.000,35.000,6.04634,6.25631,23.80,-12.354,23.469,-12.354,23.469,-12.298,1.244,1.00000,74.342,22.220,38.590
[SHELL] ccB:389,24631,1,30.654,12.645,-43.299,26.355,77.717,22.283,37.584,80.048,19.952
[SHELL] ccA:390,2694638175,1182417,9.360,34.560,0.000,35.000,6.26572,0.19250,23.80,-12.396,23.466,-12.396,23.466,-12.303,1.244,1.00000,74.342,-3.621,30.420
[SHELL] ccB:390,2147514063,1,-3.089,27.940,-24.851,21.162,78.838,30.702,26.355,77.717,22.283
[SHELL] ccA:391,2694748099,1182418,5.836,33.536,0.000,35.000,0.20631,0.41628,23.66,-12.364,23.487,-12.364,23.487,-12.306,1.245,1.00000,74.342,8.367,34.712
[SHELL] ccB:391,24547,1,1.079,30.368,-31.448,19.410,80.590,42.190,21.162,78.838,30.702
[SHELL] ccA:392,2694858091,1182419,5.738,34.624,0.000,35.000,0.43127,0.64133,23.71,-12.366,23.474,-12.366,23.474,-12.309,1.245,1.00000,74.342,9.838,38.653
[SHELL] ccB:392,2147514105,1,-7.221,37.581,-30.360,19.188,80.812,54.224,19.410,80.590,42.190
[SHELL] ccA:393,2694968255,1182420,6.209,36.282,0.000,35.000,0.65134,0.86139,23.56,-12.374,23.440,-12.374,23.440,-12.312,1.245,1.00000,74.342,-3.206,33.113
[SHELL] ccB:393,24625,1,-22.624,32.434,-9.810,20.501,79.499,65.800,19.188,80.812,54.224
[SHELL] ccA:394,2695078455,1182421,6.416,36.246,0.000,35.000,0.87347,1.08352,23.99,-12.379,23.440,-12.379,23.440,-12.315,1.244,1.00000,74.342,22.240,40.107
[SHELL] ccB:394,2147513923,1,-16.463,45.301,-28.838,23.235,76.765,76.678,20.501,79.499,65.800
[SHELL] ccA:395,2695188391,1182422,9.399,36.782,0.000,35.000,1.09434,1.30440,23.93,-12.414,23.429,-12.414,23.429,-12.320,1.243,1.00000,74.342,-3.679,33.799
[SHELL] ccB:395,24693,1,-31.722,26.454,5.267,20.518,65.951,79.482,23.235,76.765,76.678
[SHELL] ccA:396,2695298411,1182423,5.030,36.316,0.000,35.000,1.32321,1.53327,23.94,-12.373,23.438,-12.373,23.438,-12.322,1.242,1.00000,74.342,5.239,37.557
[SHELL] ccB:396,2147513945,1,-35.128,29.933,5.195,19.214,54.029,80.786,20.518,65.951,79.482
[SHELL] ccA:397,2695408403,1182424,5.438,37.081,0.000,35.000,1.54468,1.75473,23.93,-12.379,23.421,-12.379,23.421,-12.325,1.241,1.00000,74.342,14.954,39.410
[SHELL] ccB:397,24699,1,-39.007,33.340,5.666,19.470,42.194,80.530,19.214,54.029,80.786
[SHELL] ccA:398,2695518395,1182425,8.184,36.702,0.000,35.000,1.76844,1.97849,23.93,-12.411,23.428,-12.411,23.428,-12.329,1.240,1.00000,74.342,-2.409,30.431
[SHELL] ccB:398,2147513953,1,-29.366,7.462,21.903,21.219,30.593,78.781,19.470,42.194,80.530
[SHELL] ccA:399,2695628395,1182426,7.000,33.583,0.000,35.000,1.99370,2.20378,23.95,-12.403,23.491,-12.403,23.491,-12.333,1.241,1.00000,74.342,17.865,34.059
[SHELL] ccB:399,24695,1,-38.390,21.199,17.192,26.588,22.163,77.837,21.219,30.593,78.781
[SHELL] ccA:400,2695738339,1182427,7.114,32.592,0.000,35.000,2.21993,2.42999,23.88,-12.407,23.512,-12.407,23.512,-12.336,1.242,1.00000,74.342,-4.865,31.820
[SHELL] ccB:400,2147513981,1,-22.407,-8.811,31.218,37.978,19.819,80.181,26.588,22.163,77.837
[SHELL] ccA:401,2695848291,1182428,2.067,33.592,0.000,35.000,2.43560,2.64565,23.82,-12.358,23.493,-12.358,23.493,-12.337,1.243,1.00000,74.342,0.133,36.671
[SHELL] ccB:401,24643,1,-23.893,-12.146,36.038,49.374,19.080,80.920,37.978,19.819,80.181
[SHELL] ccA:402,2695958279,1182429,2.708,36.936,0.000,35.000,2.65910,2.86924,23.82,-12.366,23.434,-12.366,23.434,-12.338,1.242,1.00000,74.342,15.430,42.580
[SHELL] ccB:402,2147514011,1,-33.425,-9.754,43.179,61.311,19.832,80.168,49.374,19.080,80.920
[SHELL] ccA:403,2696068323,1182430,6.605,38.913,0.000,35.000,2.88882,3.09893,23.84,-12.408,23.393,-12.408,23.393,-12.342,1.240,1.00000,74.342,-4.572,33.819
[SHELL] ccB:403,24659,1,-4.031,-27.332,31.363,72.999,22.158,77.842,61.311,19.832,80.168
[SHELL] ccA:404,2696178295,1182431,6.448,36.900,0.000,35.000,3.10827,3.31840,23.82,-12.409,23.432,-12.409,23.432,-12.345,1.239,1.00000,74.342,19.505,37.383
[SHELL] ccB:404,2147514003,1,-20.740,-21.424,42.164,78.646,21.354,70.010,72.999,22.158,77.842
[SHELL] ccA:405,2696288335,1182432,8.965,36.202,0.000,35.000,3.33620,3.54638,23.90,-12.439,23.445,-12.439,23.445,-12.349,1.239,1.00000,74.342,1.422,36.221
[SHELL] ccB:405,24665,1,5.610,-33.819,28.210,80.549,19.451,58.247,78.646,21.354,70.010
[SHELL] ccA:406,2696398279,1182433,5.919,36.442,0.000,35.000,3.55811,3.76825,23.82,-12.412,23.440,-12.412,23.440,-12.352,1.238,1.00000,74.342,1.325,35.943
[SHELL] ccB:406,2147514011,1,13.330,-35.595,22.266,80.829,19.171,46.447,80.549,19.451,58.247
[SHELL] ccA:407,2696508299,1182434,5.342,37.101,0.000,35.000,3.77693,3.98707,23.82,-12.409,23.426,-12.409,23.426,-12.355,1.237,1.00000,74.342,17.294,40.297
[SHELL] ccB:407,24647,1,9.995,-41.974,31.979,79.632,20.368,34.941,80.829,19.171,46.447
[SHELL] ccA:408,2696618287,1182435,7.213,37.009,0.000,35.000,3.99931,4.20942,23.85,-12.431,23.426,-12.431,23.426,-12.359,1.236,1.00000,74.342,-7.062,31.498
[SHELL] ccB:408,2147514007,1,28.443,-27.440,-1.003,76.986,23.014,23.948,79.632,20.368,34.941
[SHELL] ccA:409,2696728263,1182436,3.848,34.546,0.000,35.000,4.22378,4.43392,23.79,-12.399,23.476,-12.399,23.476,-12.361,1.236,1.00000,74.342,12.222,34.892
[SHELL] ccB:409,24629,1,25.073,-36.067,10.994,79.395,33.345,20.605,76.986,23.014,23.948
[SHELL] ccA:410,2696838263,1182437,4.794,34.386,0.000,35.000,4.45107,4.66121,23.79,-12.411,23.479,-12.411,23.479,-12.363,1.236,1.00000,74.782,1.792,36.262
[SHELL] ccB:410,2147514019,1,34.568,-26.897,-7.672,80.635,45.290,19.365,79.395,33.345,20.605
[SHELL] ccA:411,2696948247,1182438,3.930,35.421,0.000,35.000,4.67357,4.88371,23.79,-12.404,23.459,-12.404,23.459,-12.365,1.236,1.00000,74.782,-0.086,34.265
[SHELL] ccB:411,24621,1,34.242,-18.198,-16.044,80.455,57.117,19.545,80.635,45.290,19.365
[SHELL] ccA:412,2697058255,1182439,5.284,36.189,0.000,35.000,4.89397,5.10411,23.79,-12.420,23.443,-12.420,23.443,-12.368,1.236,1.00000,74.342,19.516,39.965
[SHELL] ccB:412,2147514023,1,42.832,-31.790,-11.042,78.974,68.623,21.026,80.455,57.117,19.545
[SHELL] ccA:413,2697168263,1182440,7.849,35.661,0.000,35.000,5.11851,5.32887,23.79,-12.450,23.476,-12.450,23.476,-12.372,1.235,1.00000,74.342,-7.551,28.448
[SHELL] ccB:413,24629,1,23.152,4.164,-27.316,74.124,77.645,22.355,78.974,68.623,21.026
[SHELL] ccA:414,2697278243,1182441,2.605,31.986,0.000,35.000,5.34193,5.55229,23.79,-12.399,23.551,-12.399,23.551,-12.373,1.237,1.00000,74.342,6.007,31.083
[SHELL] ccB:414,2147514029,1,28.661,-2.686,-25.975,63.093,80.069,19.931,74.124,77.645,22.355
[SHELL] ccA:415,2697388239,1182442,0.933,31.486,0.000,35.000,5.56701,5.77737,23.79,-12.383,23.562,-12.383,23.562,-12.373,1.239,1.00000,74.342,-0.731,35.332
[SHELL] ccB:415,24617,1,22.644,12.174,-34.818,51.179,81.000,19.000,63.093,80.069,19.931
[SHELL] ccA:416,2697498263,1182443,-0.611,33.129,0.000,35.000,5.78562,5.99598,23.79,-12.367,23.531,-12.367,23.531,-12.373,1.239,1.00000,74.782,-6.988,30.770
[SHELL] ccB:416,2147514019,1,8.545,22.032,-30.578,39.580,80.191,19.809,51.179,81.000,19.000
[SHELL] ccA:417,2697608239,1182444,0.535,34.039,0.000,35.000,6.01791,6.22827,23.79,-12.379,23.513,-12.379,23.513,-12.373,1.240,1.00000,74.782,16.849,39.284
[SHELL] ccB:417,24617,1,26.559,15.726,-42.284,27.797,77.975,22.025,39.580,80.191,19.809
[SHELL] ccA:418,2697718191,1182445,4.339,34.996,0.000,35.000,6.23987,0.16703,23.79,-12.419,23.494,-12.419,23.494,-12.375,1.240,1.00000,74.782,-9.354,30.647
[SHELL] ccB:418,2147514055,1,-8.018,30.876,-22.858,21.582,78.418,29.543,27.797,77.975,22.025
[SHELL] ccA:419,2697828107,1182446,0.399,33.742,0.000,35.000,0.17907,0.38943,23.68,-12.380,23.519,-12.380,23.519,-12.376,1.241,1.00000,74.342,3.454,34.390
[SHELL] ccB:419,24551,1,-2.726,31.202,-28.476,19.502,80.498,40.755,21.582,78.418,29.543
[SHELL] ccA:420,2697938103,1182447,-0.425,34.157,0.000,35.000,0.40580,0.61619,23.68,-12.371,23.511,-12.371,23.511,-12.375,1.241,1.00000,74.342,0.748,37.202
[SHELL] ccB:420,2147514099,1,-13.998,36.856,-22.858,19.095,80.905,52.859,19.502,80.498,40.755
[SHELL] ccA:421,2698048303,1182448,-1.970,34.917,0.000,35.000,0.62446,0.83482,23.63,-12.355,23.496,-12.355,23.496,-12.374,1.241,1.00000,74.342,-12.829,30.875
[SHELL] ccB:421,24649,1,-28.460,29.426,-0.966,20.210,79.790,64.375,19.095,80.905,52.859
[SHELL] ccA:422,2698158511,1182449,-3.175,34.647,0.000,35.000,0.84896,1.05932,24.07,-12.341,23.502,-12.341,23.502,-12.373,1.241,1.00000,74.342,12.210,39.635
[SHELL] ccB:422,2147513895,1,-21.682,41.459,-19.777,22.798,77.202,75.474,20.210,79.790,64.375
[SHELL] ccA:423,2698268499,1182450,-0.792,36.301,0.000,35.000,1.07230,1.28284,24.02,-12.365,23.487,-12.365,23.487,-12.372,1.241,1.00000,74.342,-14.758,35.057
[SHELL] ccB:423,24747,1,-37.847,22.214,15.633,20.718,67.202,79.282,22.798,77.202,75.474
[SHELL] ccA:424,2698378491,1182451,-5.074,37.146,0.000,35.000,1.29845,1.50900,24.01,-12.319,23.469,-12.319,23.469,-12.370,1.239,1.00000,74.342,-2.991,38.836
[SHELL] ccB:424,2147513905,1,-38.209,25.657,12.552,19.283,55.447,80.717,20.718,67.202,79.282
[SHELL] ccA:425,2698488491,1182452,-4.479,38.852,0.000,35.000,1.52133,1.73187,24.01,-12.323,23.433,-12.323,23.433,-12.368,1.238,1.00000,74.342,2.822,42.678
[SHELL] ccB:425,24743,1,-42.486,25.512,16.974,19.385,43.520,80.615,19.283,55.447,80.717
[SHELL] ccA:426,2698598511,1182453,-2.607,39.870,0.000,35.000,1.74908,1.95963,24.01,-12.340,23.411,-12.340,23.411,-12.366,1.235,1.00000,74.342,-13.084,35.290
[SHELL] ccB:426,2147513895,1,-32.410,-0.366,32.777,21.044,31.673,78.956,19.385,43.520,80.615
[SHELL] ccA:427,2698708467,1182454,-3.605,37.883,0.000,35.000,1.97244,2.18297,24.02,-12.329,23.449,-12.329,23.449,-12.365,1.234,1.00000,74.342,8.925,38.273
[SHELL] ccB:427,24731,1,-38.717,13.515,25.202,25.574,22.549,77.451,21.044,31.673,78.956
[SHELL] ccA:428,2698818415,1182455,-2.098,36.458,0.000,35.000,2.19576,2.40630,23.95,-12.343,23.477,-12.343,23.477,-12.364,1.233,1.00000,74.342,-13.159,33.994
[SHELL] ccB:428,2147513943,1,-19.870,-16.531,36.401,36.694,20.073,79.927,25.574,22.549,77.451
[SHELL] ccA:429,2698928391,1182456,-6.057,36.331,0.000,35.000,2.40723,2.61777,23.90,-12.300,23.478,-12.300,23.478,-12.361,1.232,1.00000,74.342,-6.835,39.061
[SHELL] ccB:429,24693,1,-21.102,-18.525,39.627,47.795,19.150,80.850,36.694,20.073,79.927
[SHELL] ccA:430,2699038047,1182457,-5.005,39.166,0.000,35.000,2.64857,2.85891,23.74,-12.308,23.420,-12.308,23.420,-12.358,1.230,1.00000,74.342,6.808,44.550
[SHELL] ccB:430,2147514127,1,-27.082,-17.655,44.737,60.668,19.801,80.199,47.795,19.150,80.850
[SHELL] ccA:431,2699147855,1182458,-1.167,40.715,0.000,35.000,2.86832,3.07884,23.42,-12.346,23.386,-12.346,23.386,-12.357,1.227,1.00000,74.342,-11.449,34.701
[SHELL] ccB:431,24425,1,1.659,-32.442,30.783,71.902,21.909,78.091,60.668,19.801,80.199
[SHELL] ccA:432,2699257831,1182459,-2.082,37.621,0.000,35.000,3.08162,3.29213,23.36,-12.336,23.446,-12.336,23.446,-12.356,1.226,1.00000,74.342,7.763,36.532
[SHELL] ccB:432,2147514235,1,-9.939,-26.208,36.147,78.276,21.724,71.422,71.902,21.909,78.091
[SHELL] ccA:433,2699367819,1182460,-1.865,35.121,0.000,35.000,3.30833,3.51887,23.36,-12.337,23.496,-12.337,23.496,-12.355,1.226,1.00000,74.342,-11.538,32.720
[SHELL] ccB:433,24407,1,16.809,-34.689,17.880,80.379,19.621,59.925,78.276,21.724,71.422
[SHELL] ccA:434,2699477783,1182461,-5.501,34.565,0.000,35.000,3.52736,3.73797,23.35,-12.298,23.516,-12.298,23.516,-12.353,1.226,1.00000,74.342,-6.691,36.289
[SHELL] ccB:434,2147514259,1,19.853,-36.864,17.010,80.899,19.101,48.339,80.379,19.621,59.925
[SHELL] ccA:435,2699587827,1182462,-3.644,36.524,0.000,35.000,3.75697,3.96759,23.35,-12.314,23.476,-12.314,23.476,-12.351,1.225,1.00000,74.342,10.344,40.799
[SHELL] ccB:435,24411,1,15.105,-41.576,26.470,79.829,20.171,36.151,80.899,19.101,48.339
[SHELL] ccA:436,2699697811,1182463,-0.153,37.753,0.000,35.000,3.97871,4.18933,23.37,-12.349,23.450,-12.349,23.450,-12.351,1.224,1.00000,74.342,-14.611,33.126
[SHELL] ccB:436,2147514245,1,34.387,-27.006,-7.382,77.310,22.690,25.057,79.829,20.171,36.151
[SHELL] ccA:437,2699807827,1182464,-3.526,35.426,0.000,35.000,4.20177,4.41239,23.38,-12.314,23.496,-12.314,23.496,-12.349,1.224,1.00000,74.342,4.775,34.654
[SHELL] ccB:437,24411,1,27.900,-32.225,4.325,79.124,32.106,20.876,77.310,22.690,25.057
[SHELL] ccA:438,2699917835,1182465,-2.881,34.143,0.000,35.000,4.42489,4.63551,23.38,-12.319,23.522,-12.319,23.522,-12.348,1.224,1.00000,74.342,-6.462,34.137
[SHELL] ccB:438,2147514233,1,34.568,-20.300,-14.268,80.717,43.690,19.283,79.124,32.106,20.876
[SHELL] ccA:439,2700027815,1182466,-4.204,34.388,0.000,35.000,4.64779,4.85844,23.38,-12.303,23.518,-12.303,23.518,-12.346,1.225,1.00000,74.342,-8.668,34.625
[SHELL] ccB:439,24405,1,35.112,-12.001,-23.111,80.751,55.584,19.249,80.717,43.690,19.283
[SHELL] ccA:440,2700137863,1182467,-3.668,35.670,0.000,35.000,4.86455,5.07520,23.44,-12.307,23.492,-12.307,23.492,-12.344,1.224,1.00000,74.342,9.126,39.293
[SHELL] ccB:440,2147514219,1,40.222,-22.765,-17.457,79.308,66.923,20.692,80.751,55.584,19.249
[SHELL] ccA:441,2700247847,1182468,-1.766,35.332,0.000,35.000,5.09271,5.30332,23.37,-12.325,23.498,-12.325,23.498,-12.343,1.224,1.00000,74.342,-16.649,28.115
[SHELL] ccB:441,24421,1,19.926,12.464,-32.390,75.518,77.174,22.826,79.308,66.923,20.692
[SHELL] ccA:442,2700357795,1182469,-6.266,31.396,0.000,35.000,5.31614,5.52678,23.39,-12.277,23.579,-12.277,23.579,-12.340,1.226,1.00000,74.342,-0.890,30.058
[SHELL] ccB:442,2147514253,1,24.239,3.294,-27.533,64.635,79.793,20.207,75.518,77.174,22.826
[SHELL] ccA:443,2700467799,1182470,-6.684,30.550,0.000,35.000,5.53840,5.74902,23.37,-12.269,23.598,-12.269,23.598,-12.336,1.228,1.00000,74.342,-8.306,33.969
[SHELL] ccB:443,24397,1,16.918,18.046,-34.963,52.934,80.937,19.063,64.635,79.793,20.207
[SHELL] ccA:444,2700577843,1182471,-7.328,32.194,0.000,35.000,5.76139,5.97214,23.45,-12.259,23.576,-12.259,23.576,-12.333,1.230,1.00000,74.342,-11.812,30.780
[SHELL] ccB:444,2147514229,1,5.102,25.657,-30.759,41.010,80.518,19.482,52.934,80.937,19.063
[SHELL] ccA:445,2700687831,1182472,-5.274,33.205,0.000,35.000,5.98526,6.19596,23.37,-12.277,23.557,-12.277,23.557,-12.330,1.230,1.00000,74.342,10.834,37.290
[SHELL] ccB:445,24413,1,21.303,17.466,-38.769,29.463,78.584,21.416,41.010,80.518,19.482
[SHELL] ccA:446,2700797871,1182473,-1.177,34.035,0.000,35.000,6.20714,0.13467,23.37,-12.318,23.541,-12.318,23.541,-12.329,1.231,1.00000,74.342,-14.567,30.780
[SHELL] ccB:446,2147514215,1,-12.186,33.630,-21.444,21.873,78.127,27.630,29.463,78.584,21.416
[SHELL] ccA:447,2700907987,1182474,-4.731,32.858,0.000,35.000,0.14869,0.35943,23.60,-12.280,23.566,-12.280,23.566,-12.327,1.232,1.00000,74.342,-0.624,32.584
[SHELL] ccB:447,24491,1,-5.445,30.550,-25.105,19.708,80.292,38.960,21.873,78.127,27.630
[SHELL] ccA:448,2701017879,1182475,-4.551,34.146,0.000,35.000,0.36839,0.57910,23.48,-12.279,23.540,-12.279,23.540,-12.325,1.232,1.00000,74.342,-2.388,40.636
[SHELL] ccB:448,2147514211,1,-16.862,40.517,-23.655,19.073,80.927,50.681,19.708,80.292,38.960
[SHELL] ccA:449,2701128091,1182476,-4.832,36.814,0.000,35.000,0.59035,0.80106,23.43,-12.274,23.486,-12.274,23.486,-12.322,1.231,1.00000,74.342,-13.927,33.401
[SHELL] ccB:449,24543,1,-30.163,32.398,-2.235,19.981,80.019,62.472,19.073,80.927,50.681
[SHELL] ccA:450,2701238299,1182477,-4.717,37.148,0.000,35.000,0.80633,1.01703,23.86,-12.273,23.478,-12.273,23.478,-12.320,1.230,1.00000,74.342,11.376,41.151
[SHELL] ccB:450,2147514001,1,-21.827,42.691,-20.864,22.231,77.769,73.323,19.981,80.019,62.472
[SHELL] ccA:451,2701348267,1182478,-1.460,37.521,0.000,35.000,1.03534,1.24605,23.80,-12.305,23.470,-12.305,23.470,-12.319,1.229,1.00000,74.342,-14.665,34.379
[SHELL] ccB:451,24631,1,-37.049,22.793,14.256,21.169,69.108,78.831,22.231,77.769,73.323
[SHELL] ccA:452,2701458251,1182479,-4.866,36.681,0.000,35.000,1.25397,1.46465,23.80,-12.268,23.485,-12.268,23.485,-12.317,1.228,1.00000,73.902,-1.510,36.816
[SHELL] ccB:452,2147514025,1,-35.455,26.418,9.037,19.291,57.950,80.709,21.169,69.108,78.831
[SHELL] ccA:453,2701568263,1182480,-3.711,37.149,0.000,35.000,1.48083,1.69154,23.80,-12.278,23.475,-12.278,23.475,-12.315,1.227,1.00000,73.902,2.843,40.586
[SHELL] ccB:453,24629,1,-40.166,25.693,14.473,19.052,45.755,80.948,19.291,57.950,80.709
[SHELL] ccA:454,2701678327,1182481,-1.459,37.677,0.000,35.000,1.70101,1.91162,23.81,-12.300,23.453,-12.300,23.453,-12.314,1.226,1.00000,73.902,-10.012,32.719
[SHELL] ccB:454,2147513987,1,-31.142,3.294,27.847,20.355,34.103,79.645,19.052,45.755,80.948
[SHELL] ccA:455,2701788291,1182482,-1.428,35.727,0.000,35.000,1.92558,2.13619,23.88,-12.299,23.491,-12.299,23.491,-12.314,1.226,1.00000,73.902,11.467,36.885
[SHELL] ccB:455,24643,1,-38.572,17.502,21.070,23.114,23.082,76.918,20.355,34.103,79.645
[SHELL] ccA:456,2701898291,1182483,0.325,34.852,0.000,35.000,2.14269,2.35330,23.82,-12.317,23.509,-12.317,23.509,-12.314,1.226,1.00000,73.902,-11.621,32.920
[SHELL] ccB:456,2147514005,1,-21.392,-13.197,34.589,33.788,20.341,79.659,23.114,23.082,76.918
[SHELL] ccA:457,2702008251,1182484,-3.730,35.107,0.000,35.000,2.36740,2.57797,23.78,-12.275,23.504,-12.275,23.504,-12.312,1.226,1.00000,73.902,-3.147,37.704
[SHELL] ccB:457,24623,1,-24.110,-13.197,37.307,45.573,19.032,80.968,33.788,20.341,79.659
[SHELL] ccA:458,2702118227,1182485,-2.466,37.720,0.000,35.000,2.58230,2.79291,23.77,-12.286,23.450,-12.286,23.450,-12.311,1.224,1.00000,73.902,8.052,42.551
[SHELL] ccB:458,2147514037,1,-29.402,-12.834,42.236,57.174,19.254,80.746,45.573,19.032,80.968
[SHELL] ccA:459,2702228239,1182486,1.436,39.233,0.000,35.000,2.80176,3.01237,23.77,-12.326,23.418,-12.326,23.418,-12.311,1.222,1.00000,73.902,-7.213,34.125
[SHELL] ccB:459,24617,1,-4.575,-27.658,32.233,68.684,20.925,79.075,57.174,19.254,80.746
[SHELL] ccA:460,2702338183,1182487,3.200,37.702,0.000,35.000,3.03042,3.24104,23.77,-12.345,23.447,-12.345,23.447,-12.313,1.221,1.00000,73.902,19.174,40.007
[SHELL] ccB:460,2147514059,1,-23.494,-20.844,44.338,77.781,22.219,74.028,68.684,20.925,79.075
[SHELL] ccA:461,2702448239,1182488,7.572,37.509,0.000,35.000,3.25644,3.46706,23.77,-12.392,23.450,-12.392,23.450,-12.317,1.219,1.00000,74.342,-0.849,35.895
[SHELL] ccB:461,24617,1,4.957,-33.276,28.319,80.044,19.956,62.490,77.781,22.219,74.028
[SHELL] ccA:462,2702558251,1182489,5.763,37.325,0.000,35.000,3.48135,3.69196,23.76,-12.377,23.452,-12.377,23.452,-12.320,1.218,1.00000,74.342,5.575,37.500
[SHELL] ccB:462,2147514025,1,7.241,-35.849,28.608,80.889,19.111,50.600,80.044,19.956,62.490
[SHELL] ccA:463,2702668231,1182490,7.218,37.847,0.000,35.000,3.71016,3.92077,23.77,-12.395,23.440,-12.395,23.440,-12.323,1.217,1.00000,74.342,18.570,40.492
[SHELL] ccB:463,24613,1,6.153,-41.286,35.132,80.155,19.845,38.408,80.889,19.111,50.600
[SHELL] ccA:464,2702778243,1182491,9.466,37.487,0.000,35.000,3.92936,4.13997,23.80,-12.423,23.446,-12.423,23.446,-12.328,1.216,1.00000,74.342,-4.851,31.466
[SHELL] ccB:464,2147514029,1,25.725,-29.108,3.383,77.987,22.013,27.273,80.155,19.845,38.408
[SHELL] ccA:465,2702888195,1182492,6.178,34.105,0.000,35.000,4.15310,4.36373,23.74,-12.393,23.516,-12.393,23.516,-12.331,1.216,1.00000,73.902,15.843,32.997
[SHELL] ccB:465,24595,1,19.563,-36.574,17.010,78.844,29.624,21.156,77.987,22.013,27.273
[SHELL] ccA:466,2702998203,1182493,5.832,32.510,0.000,35.000,4.37754,4.58817,23.74,-12.392,23.550,-12.392,23.550,-12.334,1.217,1.00000,73.902,-3.506,32.580
[SHELL] ccB:466,2147514049,1,31.923,-22.366,-9.556,80.769,41.213,19.231,78.844,29.624,21.156
[SHELL] ccA:467,2703108199,1182494,1.504,33.193,0.000,35.000,4.60087,4.81150,23.74,-12.350,23.537,-12.350,23.537,-12.335,1.218,1.00000,74.342,-2.814,34.615
[SHELL] ccB:467,24597,1,34.713,-18.271,-16.443,80.910,53.147,19.090,80.769,41.213,19.231
[SHELL] ccA:468,2703218223,1182495,1.433,35.485,0.000,35.000,4.82301,5.03364,23.74,-12.350,23.491,-12.350,23.491,-12.335,1.218,1.00000,74.342,14.867,40.131
[SHELL] ccB:468,2147514039,1,41.527,-29.724,-11.803,79.698,64.884,20.302,80.910,53.147,19.090
[SHELL] ccA:469,2703328207,1182496,4.390,35.919,0.000,35.000,5.04876,5.25938,23.74,-12.382,23.482,-12.382,23.482,-12.338,1.218,1.00000,74.342,-9.362,28.798
[SHELL] ccB:469,24601,1,24.094,3.838,-27.932,77.009,76.084,22.991,79.698,64.884,20.302
[SHELL] ccA:470,2703438199,1182497,0.836,32.298,0.000,35.000,5.27334,5.48399,23.76,-12.346,23.555,-12.346,23.555,-12.338,1.219,1.00000,74.342,7.200,31.464
[SHELL] ccB:470,2147514051,1,30.473,-6.020,-24.452,66.697,79.443,20.557,77.009,76.084,22.991
[SHELL] ccA:471,2703548199,1182498,0.153,31.362,0.000,35.000,5.49209,5.70271,23.73,-12.340,23.576,-12.340,23.576,-12.338,1.221,1.00000,74.342,-4.428,33.724
[SHELL] ccB:471,24597,1,20.868,12.826,-33.695,55.268,80.849,19.151,66.697,79.443,20.557
[SHELL] ccA:472,2703658195,1182499,-1.909,32.947,0.000,35.000,5.71413,5.92475,23.74,-12.318,23.545,-12.318,23.545,-12.337,1.222,1.00000,74.342,-5.981,32.877
[SHELL] ccB:472,2147514053,1,12.677,20.438,-33.115,43.391,80.719,19.281,55.268,80.849,19.151
[SHELL] ccA:473,2703768203,1182500,0.039,34.744,0.000,35.000,5.93867,6.14930,23.74,-12.338,23.509,-12.338,23.509,-12.337,1.222,1.00000,74.342,16.547,39.498
[SHELL] ccB:473,24599,1,28.914,12.899,-41.813,31.661,79.060,20.940,43.391,80.719,19.281
[SHELL] ccA:474,2703878139,1182501,4.678,35.607,0.000,35.000,6.16440,0.09184,23.75,-12.386,23.492,-12.386,23.492,-12.340,1.222,1.00000,74.342,-8.400,30.557
[SHELL] ccB:474,2147514081,1,-4.720,29.499,-24.779,22.419,77.581,25.725,31.661,79.060,20.940
[SHELL] ccA:475,2703988059,1182502,2.290,33.548,0.000,35.000,0.10656,0.31719,23.65,-12.364,23.534,-12.364,23.534,-12.341,1.222,1.00000,74.342,9.416,33.581
[SHELL] ccB:475,24527,1,5.791,26.889,-32.680,19.966,80.034,36.923,22.419,77.581,25.725
[SHELL] ccA:476,2704097967,1182503,3.154,33.524,0.000,35.000,0.33209,0.54289,23.55,-12.374,23.553,-12.374,23.553,-12.342,1.223,1.00000,74.342,2.185,36.379
[SHELL] ccB:476,2147514167,1,-9.794,35.298,-25.504,19.013,80.987,48.895,19.966,80.034,36.923
[SHELL] ccA:477,2704208095,1182504,1.554,34.703,0.000,35.000,0.54675,0.75755,23.49,-12.359,23.530,-12.359,23.530,-12.343,1.223,1.00000,74.342,-7.569,32.473
[SHELL] ccB:477,24545,1,-23.349,32.289,-8.940,19.620,80.380,60.337,19.013,80.987,48.895
[SHELL] ccA:478,2704318379,1182505,0.848,35.390,0.000,35.000,0.77830,0.98910,23.89,-12.352,23.516,-12.352,23.516,-12.343,1.223,1.00000,74.342,16.344,40.234
[SHELL] ccB:478,2147513961,1,-16.608,43.054,-26.446,21.817,78.183,72.125,19.620,80.380,60.337
[SHELL] ccA:479,2704428347,1182506,3.656,36.710,0.000,35.000,1.00660,1.21734,23.83,-12.382,23.488,-12.382,23.488,-12.345,1.222,1.00000,74.342,-10.494,33.901
[SHELL] ccB:479,24671,1,-34.259,25.149,9.109,21.414,70.464,78.586,21.817,78.183,72.125
[SHELL] ccA:480,2704538343,1182507,-0.200,35.856,0.000,35.000,1.21483,1.42563,23.88,-12.343,23.505,-12.343,23.505,-12.345,1.222,1.00000,73.902,3.844,35.388
[SHELL] ccB:480,2147513979,1,-31.830,29.716,2.114,19.421,59.924,80.579,21.414,70.464,78.586
[SHELL] ccA:481,2704648339,1182508,-0.050,35.824,0.000,35.000,1.44084,1.65165,23.87,-12.345,23.505,-12.345,23.505,-12.345,1.221,1.00000,73.902,2.604,38.619
[SHELL] ccB:481,24667,1,-37.955,25.548,12.408,18.913,47.800,81.087,19.421,59.924,80.579
[SHELL] ccA:482,2704758347,1182509,0.740,36.226,0.000,35.000,1.66734,1.87815,23.93,-12.353,23.497,-12.353,23.497,-12.346,1.221,1.00000,73.902,-6.091,32.278
[SHELL] ccB:482,2147513977,1,-31.540,7.825,23.716,20.001,35.744,79.999,18.913,47.800,81.087
[SHELL] ccA:483,2704868311,1182510,1.755,35.114,0.000,35.000,1.89802,2.10881,23.86,-12.364,23.519,-12.364,23.519,-12.346,1.221,1.00000,74.342,16.599,37.280
[SHELL] ccB:483,24653,1,-40.638,23.555,17.083,22.813,24.372,77.187,20.001,35.744,79.999
[SHELL] ccA:484,2704978303,1182511,4.312,34.885,0.000,35.000,2.11341,2.32421,23.81,-12.392,23.523,-12.392,23.523,-12.349,1.221,1.00000,74.342,-9.858,32.702
[SHELL] ccB:484,2147513999,1,-22.914,-10.478,33.393,32.487,20.724,79.276,22.813,24.372,77.187
[SHELL] ccA:485,2705088243,1182512,-1.224,34.759,0.000,35.000,2.33759,2.54839,23.82,-12.336,23.526,-12.336,23.526,-12.348,1.221,1.00000,74.342,-1.777,36.350
[SHELL] ccB:485,24619,1,-24.944,-10.478,35.422,44.102,19.243,80.757,32.487,20.724,79.276
[SHELL] ccA:486,2705198255,1182513,-1.883,36.488,0.000,35.000,2.56816,2.77910,23.82,-12.328,23.501,-12.328,23.501,-12.347,1.220,1.00000,74.342,5.879,40.550
[SHELL] ccB:486,2147514023,1,-26.937,-13.269,40.207,56.443,19.310,80.690,44.102,19.243,80.757
[SHELL] ccA:487,2705308203,1182514,0.425,37.584,0.000,35.000,2.79410,3.00499,23.76,-12.351,23.478,-12.351,23.478,-12.347,1.219,1.00000,74.342,-8.279,32.887
[SHELL] ccB:487,24599,1,-3.415,-27.513,30.928,68.239,20.946,79.054,56.443,19.310,80.690
[SHELL] ccA:488,2705418227,1182515,0.691,35.912,0.000,35.000,3.01160,3.22250,23.76,-12.354,23.511,-12.354,23.511,-12.348,1.218,1.00000,74.342,13.441,37.326
[SHELL] ccB:488,2147514037,1,-18.166,-21.460,39.627,77.408,22.592,74.863,68.239,20.946,79.054
[SHELL] ccA:489,2705528275,1182516,1.988,34.776,0.000,35.000,3.22548,3.43640,23.77,-12.368,23.533,-12.368,23.533,-12.349,1.218,1.00000,74.342,-10.650,31.564
[SHELL] ccB:489,24635,1,13.257,-33.095,19.837,79.861,20.139,64.230,77.408,22.592,74.863
[SHELL] ccA:490,2705638307,1182517,-2.615,33.906,0.000,35.000,3.46310,3.67399,23.83,-12.321,23.551,-12.321,23.551,-12.347,1.219,1.00000,74.342,-2.602,35.173
[SHELL] ccB:490,2147513997,1,13.583,-34.979,21.396,80.946,19.054,51.759,79.861,20.139,64.230
[SHELL] ccA:491,2705748327,1182518,-1.711,35.052,0.000,35.000,3.68814,3.89904,23.83,-12.329,23.528,-12.329,23.528,-12.346,1.219,1.00000,74.342,9.012,38.298
[SHELL] ccB:491,24661,1,12.206,-38.495,26.289,80.370,19.630,39.724,80.946,19.054,51.759
[SHELL] ccA:492,2705858287,1182519,1.002,36.010,0.000,35.000,3.90886,4.11975,23.84,-12.357,23.509,-12.357,23.509,-12.347,1.218,1.00000,74.342,-11.414,32.271
[SHELL] ccB:492,2147514007,1,30.618,-28.564,-2.054,78.314,21.686,28.399,80.370,19.630,39.724
[SHELL] ccA:493,2705968267,1182520,-0.834,34.594,0.000,35.000,4.13517,4.34607,23.81,-12.338,23.537,-12.338,23.537,-12.346,1.219,1.00000,74.342,10.482,35.535
[SHELL] ccB:493,24631,1,24.058,-36.429,12.371,78.428,28.769,21.572,78.314,21.686,28.399
[SHELL] ccA:494,2706078239,1182521,0.085,34.497,0.000,35.000,4.35824,4.56913,23.80,-12.347,23.539,-12.347,23.539,-12.347,1.219,1.00000,74.342,-9.209,34.649
[SHELL] ccB:494,2147514031,1,35.692,-20.772,-14.920,80.444,40.199,19.556,78.428,28.769,21.572
[SHELL] ccA:495,2706188311,1182522,-3.582,35.583,0.000,35.000,4.58347,4.79438,23.87,-12.309,23.517,-12.309,23.517,-12.345,1.219,1.00000,74.342,-6.392,37.501
[SHELL] ccB:495,24653,1,38.012,-17.691,-20.321,80.896,52.173,19.104,80.444,40.199,19.556
[SHELL] ccA:496,2706298283,1182523,-3.306,37.813,0.000,35.000,4.80102,5.01192,23.81,-12.310,23.471,-12.310,23.471,-12.343,1.217,1.00000,74.342,8.769,41.603
[SHELL] ccB:496,2147514009,1,42.216,-25.483,-16.733,79.845,63.694,20.155,80.896,52.173,19.104
[SHELL] ccA:497,2706408271,1182524,-0.698,37.662,0.000,35.000,5.02819,5.23917,23.79,-12.336,23.483,-12.336,23.483,-12.343,1.216,1.00000,74.342,-13.939,29.940
[SHELL] ccB:497,24633,1,24.130,7.462,-31.593,77.310,75.041,22.690,79.845,63.694,20.155
[SHELL] ccA:498,2706518259,1182525,-3.927,33.386,0.000,35.000,5.25035,5.46132,23.80,-12.301,23.569,-12.301,23.569,-12.341,1.217,1.00000,74.342,3.400,32.063
[SHELL] ccB:498,2147514021,1,29.277,-2.940,-26.337,67.931,79.189,20.811,77.310,75.041,22.690
[SHELL] ccA:499,2706628263,1182526,-4.146,31.876,0.000,35.000,5.47416,5.68514,23.80,-12.297,23.601,-12.297,23.601,-12.339,1.218,1.00000,74.342,-9.444,33.439
[SHELL] ccB:499,24629,1,17.679,17.067,-34.746,56.306,80.787,19.213,67.931,79.189,20.811
[SHELL] ccA:500,2706738267,1182527,-6.057,33.462,0.000,35.000,5.69496,5.90594,23.80,-12.275,23.570,-12.275,23.570,-12.336,1.219,1.00000,74.342,-8.741,34.906
[SHELL] ccB:500,2147514017,1,12.097,23.301,-35.398,44.492,80.794,19.206,56.306,80.787,19.213
[SHELL] ccA:501,2706848283,1182528,-3.710,35.914,0.000,35.000,5.91345,6.12437,23.78,-12.297,23.520,-12.297,23.520,-12.334,1.219,1.00000,74.342,12.087,40.402
[SHELL] ccB:501,24639,1,25.870,15.907,-41.777,33.006,79.320,20.680,44.492,80.794,19.206
[SHELL] ccA:502,2706958215,1182529,0.817,36.730,0.000,35.000,6.13878,0.06657,23.80,-12.342,23.503,-12.342,23.503,-12.334,1.218,1.00000,74.342,-12.165,31.209
[SHELL] ccB:502,2147514043,1,-7.547,32.036,-24.489,22.817,77.183,24.458,33.006,79.320,20.680
[SHELL] ccA:503,2707068135,1182530,-1.268,34.146,0.000,35.000,0.07895,0.28993,23.73,-12.321,23.555,-12.321,23.555,-12.334,1.218,1.00000,74.342,7.171,33.764
[SHELL] ccB:503,24565,1,4.486,27.396,-31.882,20.199,79.801,35.418,22.817,77.183,24.458
[SHELL] ccA:504,2707178007,1182531,0.505,33.938,0.000,35.000,0.30951,0.52053,23.63,-12.339,23.560,-12.339,23.560,-12.334,1.219,1.00000,74.342,-0.158,37.015
[SHELL] ccB:504,2147514147,1,-11.425,36.204,-24.779,19.049,80.951,47.628,20.199,79.801,35.418
[SHELL] ccA:505,2707288023,1182532,0.229,35.455,0.000,35.000,0.52891,0.73989,23.57,-12.336,23.529,-12.336,23.529,-12.334,1.218,1.00000,74.342,-5.941,34.025
[SHELL] ccB:505,24509,1,-22.298,33.993,-11.695,19.527,80.473,59.364,19.049,80.951,47.628
[SHELL] ccA:506,2707398267,1182533,1.169,36.715,0.000,35.000,0.74277,0.95369,23.57,-12.346,23.503,-12.346,23.503,-12.335,1.218,1.00000,74.342,16.716,41.796
[SHELL] ccB:506,2147514017,1,-15.955,44.431,-28.476,21.397,78.603,70.375,19.527,80.473,59.364
[SHELL] ccA:507,2707508435,1182534,4.142,37.635,0.000,35.000,0.96452,1.17550,24.01,-12.378,23.484,-12.378,23.484,-12.337,1.216,1.00000,74.342,-10.923,32.924
[SHELL] ccB:507,24715,1,-33.280,25.113,8.167,21.940,72.514,78.060,21.397,78.603,70.375
[SHELL] ccA:508,2707618435,1182535,0.041,35.981,0.000,35.000,1.18654,1.39731,23.95,-12.337,23.494,-12.337,23.494,-12.337,1.216,1.00000,74.342,5.296,36.280
[SHELL] ccB:508,2147513933,1,-31.649,31.854,-0.205,19.790,61.347,80.210,21.940,72.514,78.060
[SHELL] ccA:509,2707728427,1182536,1.246,36.236,0.000,35.000,1.41945,1.63022,23.95,-12.350,23.488,-12.350,23.488,-12.337,1.215,1.00000,74.342,5.318,39.462
[SHELL] ccB:509,24711,1,-38.209,28.810,9.399,19.093,48.935,80.907,19.790,61.347,80.210
[SHELL] ccA:510,2707838419,1182537,3.446,36.998,0.000,35.000,1.64113,1.85190,23.94,-12.373,23.472,-12.373,23.472,-12.339,1.214,1.00000,74.342,-2.147,32.787
[SHELL] ccB:510,2147513941,1,-32.555,12.428,20.127,19.996,37.137,80.004,19.093,48.935,80.907
[SHELL] ccA:511,2707948403,1182538,4.918,35.241,0.000,35.000,1.86681,2.07758,23.95,-12.391,23.507,-12.391,23.507,-12.341,1.214,1.00000,74.342,18.648,35.927
[SHELL] ccB:511,24699,1,-39.804,26.273,13.531,22.377,25.800,77.623,19.996,37.137,80.004
