[SHELL] ctrlcap v1 armed=0 count=512 clock_hz=550000000 decimation=1
[SHELL] ccA:index,cycles,seq,id,iq,idref,iqref,theta,actangle,age_us,vdreq,vqreq,vd,vq,intd,intq,scale,bus,raw_id,raw_iq
[SHELL] ccB:index,timer,valid,ia,ib,ic,du,dv,dw,active_u,active_v,active_w
[SHELL] ccA:0,229806951,314418,-0.894,33.642,0.000,35.000,3.40841,3.61971,23.35,-12.329,23.629,-12.329,23.629,-12.347,1.245,1.00000,74.342,-5.212,34.234
[SHELL] ccB:0,24411,1,14.054,-34.436,20.381,80.928,19.072,54.734,79.502,20.498,66.560
[SHELL] ccA:1,229916939,314419,-2.647,34.014,0.000,35.000,3.64126,3.85257,23.35,-12.293,23.622,-12.293,23.622,-12.346,1.245,1.00000,74.342,-7.338,33.363
[SHELL] ccB:1,2147514243,1,22.427,-33.529,11.103,80.702,19.298,42.310,80.928,19.072,54.734
[SHELL] ccA:2,230026967,314420,-1.224,34.885,0.000,35.000,3.86901,4.08033,23.35,-12.321,23.605,-12.321,23.605,-12.345,1.245,1.00000,74.342,14.994,38.578
[SHELL] ccB:2,24419,1,14.453,-40.814,26.361,78.890,21.110,30.442,80.702,19.298,42.310
[SHELL] ccA:3,230136943,314421,2.313,35.724,0.000,35.000,4.08772,4.29903,23.37,-12.393,23.588,-12.393,23.588,-12.347,1.245,1.00000,74.342,-13.399,32.375
[SHELL] ccB:3,2147514241,1,34.097,-24.034,-10.064,77.906,26.460,22.094,78.890,21.110,30.442
[SHELL] ccA:4,230246971,314422,-2.443,33.900,0.000,35.000,4.30621,4.51752,23.38,-12.296,23.625,-12.296,23.625,-12.345,1.246,1.00000,74.342,2.031,32.270
[SHELL] ccB:4,24421,1,28.842,-27.078,-1.764,80.147,37.301,19.853,77.906,26.460,22.094
[SHELL] ccA:5,230356971,314423,-3.453,33.677,0.000,35.000,4.52939,4.74067,23.35,-12.275,23.630,-12.275,23.630,-12.344,1.246,1.00000,74.342,-4.474,37.792
[SHELL] ccB:5,2147514227,1,37.975,-21.134,-16.841,81.015,49.128,18.985,80.147,37.301,19.853
[SHELL] ccA:6,230466967,314424,-4.200,34.391,0.000,35.000,4.76014,4.97148,23.37,-12.258,23.616,-12.258,23.616,-12.342,1.247,1.00000,74.342,-9.884,29.710
[SHELL] ccB:6,24419,1,29.204,-4.824,-24.380,80.287,61.415,19.713,81.015,49.128,18.985
[SHELL] ccA:7,230576971,314425,-3.043,33.549,0.000,35.000,4.97375,5.18506,23.37,-12.279,23.634,-12.279,23.634,-12.340,1.247,1.00000,74.342,12.068,36.983
[SHELL] ccB:7,2147514227,1,38.845,-21.243,-17.602,78.224,72.316,21.776,80.287,61.415,19.713
[SHELL] ccA:8,230686975,314426,-0.347,32.654,0.000,35.000,5.19132,5.40246,23.37,-12.333,23.635,-12.333,23.635,-12.340,1.248,1.00000,74.342,-15.640,26.938
[SHELL] ccB:8,24423,1,16.700,14.421,-31.121,70.936,78.607,21.393,78.224,72.316,21.776
[SHELL] ccA:9,230796967,314427,-5.589,30.286,0.000,35.000,5.42467,5.63584,23.37,-12.225,23.685,-12.225,23.685,-12.337,1.251,1.00000,74.342,-3.143,30.285
[SHELL] ccB:9,2147514229,1,20.868,8.767,-29.635,59.143,80.597,19.403,70.936,78.607,21.393
[SHELL] ccA:10,230906955,314428,-5.533,30.933,0.000,35.000,5.64625,5.85740,23.37,-12.224,23.674,-12.224,23.674,-12.334,1.253,1.00000,74.342,-0.208,36.223
[SHELL] ccB:10,24413,1,21.376,14.639,-36.014,47.268,80.997,19.003,59.143,80.597,19.403
[SHELL] ccA:11,231016943,314429,-3.219,33.267,0.000,35.000,5.86988,6.08103,23.38,-12.268,23.628,-12.268,23.628,-12.333,1.254,1.00000,74.342,-9.317,30.338
[SHELL] ccB:11,2147514241,1,3.652,25.476,-29.128,35.323,79.834,20.166,47.268,80.997,19.003
[SHELL] ccA:12,231127095,314430,-0.955,33.499,0.000,35.000,6.09055,0.01851,23.38,-12.313,23.624,-12.313,23.624,-12.332,1.254,1.00000,74.342,15.023,37.096
[SHELL] ccB:12,24483,1,21.847,18.118,-39.965,24.278,77.250,22.750,35.323,79.834,20.166
[SHELL] ccA:13,231237191,314431,2.773,33.772,0.000,35.000,0.02663,0.23780,23.70,-12.389,23.619,-12.389,23.619,-12.334,1.255,1.00000,74.342,-9.636,30.558
[SHELL] ccB:13,2147514117,1,-10.446,31.456,-21.009,20.570,79.430,32.749,24.278,77.250,22.750
[SHELL] ccA:14,231347071,314432,-1.109,33.376,0.000,35.000,0.25774,0.46889,23.49,-12.311,23.628,-12.311,23.628,-12.333,1.256,1.00000,74.342,-0.188,35.292
[SHELL] ccB:14,24471,1,-9.178,34.102,-24.924,19.112,80.888,44.741,20.570,79.430,32.749
[SHELL] ccA:15,231457007,314433,-0.618,35.776,0.000,35.000,0.47747,0.68861,23.47,-12.320,23.579,-12.320,23.579,-12.333,1.256,1.00000,74.342,7.541,41.960
[SHELL] ccB:15,2147514209,1,-12.585,41.568,-28.983,19.242,80.758,56.581,19.112,80.888,44.741
[SHELL] ccA:16,231567231,314434,1.036,37.883,0.000,35.000,0.69984,0.91098,23.42,-12.354,23.536,-12.354,23.536,-12.333,1.254,1.00000,74.342,-10.750,32.319
[SHELL] ccB:16,24551,1,-29.040,29.933,-0.894,20.882,79.118,68.247,19.242,80.758,56.581
[SHELL] ccA:17,231677447,314435,0.160,36.016,0.000,35.000,0.92513,1.13627,23.86,-12.336,23.573,-12.336,23.573,-12.333,1.254,1.00000,74.342,14.599,37.465
[SHELL] ccB:17,2147513989,1,-21.138,40.190,-19.052,22.452,74.598,77.548,20.882,79.118,68.247
[SHELL] ccA:18,231787391,314436,1.965,35.353,0.000,35.000,1.14556,1.35676,23.79,-12.374,23.592,-12.374,23.592,-12.334,1.253,1.00000,74.342,-10.589,34.165
[SHELL] ccB:18,24631,1,-35.491,21.597,13.893,19.967,63.537,80.033,22.452,74.598,77.548
[SHELL] ccA:19,231897395,314437,-1.920,35.626,0.000,35.000,1.36812,1.57932,23.79,-12.295,23.586,-12.295,23.586,-12.333,1.253,1.00000,74.342,-1.102,36.709
[SHELL] ccB:19,2147514015,1,-36.180,23.555,12.625,19.034,51.854,80.966,19.967,63.537,80.033
[SHELL] ccA:20,232007427,314438,-0.689,36.947,0.000,35.000,1.58952,1.80075,23.79,-12.319,23.558,-12.319,23.558,-12.333,1.252,1.00000,74.342,10.036,40.203
[SHELL] ccB:20,24649,1,-40.384,28.230,12.154,19.577,39.966,80.423,19.034,51.854,80.966
[SHELL] ccA:21,232117451,314439,2.768,36.878,0.000,35.000,1.81724,2.02847,23.89,-12.390,23.559,-12.390,23.559,-12.334,1.251,1.00000,74.342,-7.898,30.399
[SHELL] ccB:21,2147513987,1,-27.554,0.721,26.833,21.665,28.187,78.335,19.577,39.966,80.423
[SHELL] ccA:22,232227435,314440,2.015,33.535,0.000,35.000,2.03610,2.24730,23.82,-12.376,23.626,-12.376,23.626,-12.335,1.252,1.00000,74.342,13.819,33.140
[SHELL] ccB:22,24653,1,-35.817,15.726,20.091,28.461,21.527,78.473,21.665,28.187,78.335
[SHELL] ccA:23,232337403,314441,3.610,32.383,0.000,35.000,2.26628,2.47748,23.82,-12.409,23.651,-12.409,23.651,-12.337,1.253,1.00000,74.342,-5.300,32.853
[SHELL] ccB:23,2147514011,1,-21.827,-10.841,32.668,40.304,19.394,80.606,28.461,21.527,78.473
[SHELL] ccA:24,232447375,314442,0.714,33.906,0.000,35.000,2.48655,2.69775,23.76,-12.352,23.621,-12.352,23.621,-12.338,1.254,1.00000,74.342,-0.364,36.779
[SHELL] ccB:24,24623,1,-22.117,-14.393,36.510,52.042,18.971,81.029,40.304,19.394,80.606
[SHELL] ccA:25,232557359,314443,3.017,36.885,0.000,35.000,2.70625,2.91748,23.77,-12.399,23.560,-12.399,23.560,-12.339,1.253,1.00000,74.342,18.095,41.128
[SHELL] ccB:25,2147514033,1,-33.751,-8.811,42.562,63.828,20.030,79.970,52.042,18.971,81.029
[SHELL] ccA:26,232667363,314444,7.696,37.849,0.000,35.000,2.92701,3.13824,23.76,-12.497,23.540,-12.497,23.540,-12.343,1.251,1.00000,74.342,-5.042,32.363
[SHELL] ccB:26,24617,1,-1.965,-27.332,29.297,75.055,22.529,77.471,63.828,20.030,79.970
[SHELL] ccA:27,232777371,314445,6.910,35.571,0.000,35.000,3.16275,3.37391,23.74,-12.485,23.585,-12.485,23.585,-12.346,1.251,1.00000,74.342,19.630,36.431
[SHELL] ccB:27,2147514027,1,-18.855,-22.475,41.330,79.429,20.571,67.347,75.055,22.529,77.471
[SHELL] ccA:28,232887347,314446,9.353,35.262,0.000,35.000,3.37285,3.58404,23.77,-12.538,23.591,-12.538,23.591,-12.351,1.251,1.00000,74.342,3.194,35.825
[SHELL] ccB:28,24609,1,5.102,-33.384,28.282,80.912,19.088,56.251,79.429,20.571,67.347
[SHELL] ccA:29,232997327,314447,6.196,35.556,0.000,35.000,3.59566,3.80674,23.77,-12.478,23.572,-12.478,23.572,-12.354,1.251,1.00000,74.342,-1.233,34.142
[SHELL] ccB:29,2147514049,1,16.084,-34.146,18.062,80.899,19.101,44.370,80.912,19.088,56.251
[SHELL] ccA:30,233107359,314448,5.588,36.188,0.000,35.000,3.82529,4.03639,23.77,-12.469,23.559,-12.469,23.559,-12.357,1.250,1.00000,74.342,21.624,40.642
[SHELL] ccB:30,24615,1,8.908,-43.569,34.661,79.331,20.669,32.350,80.899,19.101,44.370
[SHELL] ccA:31,233217343,314449,9.792,37.082,0.000,35.000,4.04726,4.25834,23.73,-12.558,23.540,-12.558,23.540,-12.362,1.249,1.00000,74.342,-2.846,32.904
[SHELL] ccB:31,2147514041,1,27.646,-29.470,1.824,77.458,24.780,22.542,79.331,20.669,32.350
[SHELL] ccA:32,233327319,314450,7.845,35.562,0.000,35.000,4.27813,4.48920,23.74,-12.523,23.570,-12.523,23.570,-12.366,1.249,1.00000,74.342,15.446,35.800
[SHELL] ccB:32,24595,1,25.979,-38.169,12.190,80.060,36.238,19.940,77.458,24.780,22.542
[SHELL] ccA:33,233437339,314451,9.197,35.591,0.000,35.000,4.49666,4.70774,23.73,-12.554,23.569,-12.554,23.569,-12.370,1.248,1.00000,74.342,8.743,37.861
[SHELL] ccB:33,2147514043,1,35.112,-31.971,-3.141,81.085,47.909,18.915,80.060,36.238,19.940
[SHELL] ccA:34,233547307,314452,8.388,35.996,0.000,35.000,4.72086,4.93194,23.74,-12.542,23.560,-12.542,23.560,-12.375,1.248,1.00000,74.342,0.619,32.462
[SHELL] ccB:34,24589,1,32.466,-16.531,-15.935,80.562,59.914,19.438,81.085,47.909,18.915
[SHELL] ccA:35,233657359,314453,7.569,35.794,0.000,35.000,4.94947,5.16056,23.80,-12.530,23.564,-12.530,23.564,-12.378,1.248,1.00000,74.342,20.296,40.391
[SHELL] ccB:35,2147514033,1,44.028,-30.884,-13.144,78.472,71.627,21.528,80.562,59.914,19.438
[SHELL] ccA:36,233767331,314454,9.131,35.869,0.000,35.000,5.17692,5.38800,23.74,-12.565,23.562,-12.565,23.562,-12.383,1.247,1.00000,74.342,-4.688,30.232
[SHELL] ccB:36,24601,1,24.928,2.896,-27.823,71.243,78.588,21.412,78.472,71.627,21.528
[SHELL] ccA:37,233877335,314455,4.558,33.530,0.000,35.000,5.39902,5.61010,23.73,-12.476,23.610,-12.476,23.610,-12.385,1.248,1.00000,74.342,7.313,33.267
[SHELL] ccB:37,2147514045,1,30.364,-1.816,-28.548,60.014,80.566,19.434,71.243,78.588,21.412
[SHELL] ccA:38,233987315,314456,3.697,33.850,0.000,35.000,5.62252,5.83360,23.73,-12.461,23.604,-12.461,23.604,-12.387,1.248,1.00000,74.342,4.850,38.634
[SHELL] ccB:38,24593,1,27.537,10.072,-37.609,48.054,81.073,18.927,60.014,80.566,19.434
[SHELL] ccA:39,234097339,314457,2.935,35.689,0.000,35.000,5.83889,6.05012,23.73,-12.447,23.583,-12.447,23.583,-12.388,1.248,1.00000,74.342,-5.272,32.220
[SHELL] ccB:39,2147514043,1,9.089,22.612,-31.701,36.554,80.079,19.921,48.054,81.073,18.927
[SHELL] ccA:40,234207335,314458,3.440,35.390,0.000,35.000,6.06289,6.27412,23.73,-12.459,23.589,-12.459,23.589,-12.390,1.248,1.00000,74.342,19.453,38.485
[SHELL] ccB:40,24603,1,27.392,15.146,-42.538,25.294,77.610,22.390,36.554,80.079,19.921
[SHELL] ccA:41,234317275,314459,7.330,35.482,0.000,35.000,0.00904,0.22027,23.82,-12.540,23.587,-12.540,23.587,-12.394,1.248,1.00000,74.342,-4.315,32.737
[SHELL] ccB:41,2147514075,1,-4.611,30.622,-26.011,20.644,79.356,32.113,25.294,77.610,22.390
[SHELL] ccA:42,234427151,314460,4.466,35.139,0.000,35.000,0.23121,0.44247,23.60,-12.485,23.594,-12.485,23.594,-12.396,1.248,1.00000,74.342,7.044,36.598
[SHELL] ccB:42,24511,1,-1.530,33.014,-31.484,19.120,80.880,43.659,20.644,79.356,32.113
[SHELL] ccA:43,234537087,314461,5.667,37.191,0.000,35.000,0.46037,0.67163,23.54,-12.512,23.552,-12.512,23.552,-12.399,1.247,1.00000,74.342,12.897,42.831
[SHELL] ccB:43,2147514169,1,-7.474,41.930,-34.456,19.130,80.870,56.056,19.120,80.880,43.659
[SHELL] ccA:44,234647307,314462,7.076,38.957,0.000,35.000,0.68558,0.89682,23.49,-12.544,23.514,-12.544,23.514,-12.402,1.245,1.00000,74.342,-4.534,33.569
[SHELL] ccB:44,24589,1,-24.763,32.398,-7.635,20.728,79.272,67.916,19.130,80.870,56.056
[SHELL] ccA:45,234757511,314463,5.985,37.379,0.000,35.000,0.90127,1.11250,23.92,-12.525,23.545,-12.525,23.545,-12.405,1.243,1.00000,74.342,20.111,39.548
[SHELL] ccB:45,2147513957,1,-18.529,44.177,-25.649,22.632,75.467,77.368,20.728,79.272,67.916
[SHELL] ccA:46,234867459,314464,7.298,36.615,0.000,35.000,1.13616,1.34739,23.86,-12.555,23.559,-12.555,23.559,-12.409,1.243,1.00000,74.342,-6.495,33.796
[SHELL] ccB:46,24665,1,-33.389,23.917,9.472,19.926,63.711,80.074,22.632,75.467,77.368
[SHELL] ccA:47,234977435,314465,2.504,36.053,0.000,35.000,1.35559,1.56683,23.86,-12.460,23.570,-12.460,23.570,-12.410,1.242,1.00000,74.342,2.896,37.073
[SHELL] ccB:47,2147513995,1,-35.600,27.106,8.493,18.969,52.218,81.031,19.926,63.711,80.074
[SHELL] ccA:48,235087455,314466,3.065,36.846,0.000,35.000,1.58236,1.79359,23.86,-12.473,23.553,-12.473,23.553,-12.412,1.241,1.00000,74.342,12.961,39.439
[SHELL] ccB:48,24663,1,-39.586,30.622,8.964,19.489,40.043,80.511,18.969,52.218,81.031
[SHELL] ccA:49,235197459,314467,5.391,36.562,0.000,35.000,1.80589,2.01728,23.83,-12.522,23.583,-12.522,23.583,-12.415,1.240,1.00000,74.342,-7.256,30.294
[SHELL] ccB:49,2147513983,1,-27.771,1.663,26.108,21.485,28.474,78.515,19.489,40.043,80.511
[SHELL] ccA:50,235307411,314468,2.694,33.470,0.000,35.000,2.02855,2.24002,23.81,-12.470,23.646,-12.470,23.646,-12.416,1.241,1.00000,74.342,12.329,33.854
[SHELL] ccB:50,24641,1,-35.817,14.530,21.287,28.190,21.518,78.482,21.485,28.474,78.515
[SHELL] ccA:51,235417339,314469,2.539,32.883,0.000,35.000,2.25140,2.46288,23.81,-12.468,23.659,-12.468,23.659,-12.417,1.242,1.00000,74.342,-7.245,33.531
[SHELL] ccB:51,2147514043,1,-21.501,-12.399,33.900,39.613,19.429,80.571,28.190,21.518,78.482
[SHELL] ccA:52,235527419,314470,-0.943,34.155,0.000,35.000,2.48496,2.69644,23.84,-12.398,23.634,-12.398,23.634,-12.417,1.243,1.00000,74.782,-1.609,35.706
[SHELL] ccB:52,24645,1,-20.522,-15.081,35.604,52.032,19.116,80.884,39.613,19.429,80.571
[SHELL] ccA:53,235637347,314471,1.594,36.793,0.000,35.000,2.70556,2.91704,23.76,-12.449,23.580,-12.449,23.580,-12.418,1.242,1.00000,74.342,16.839,42.230
[SHELL] ccB:53,2147514039,1,-33.099,-10.442,43.541,63.894,19.992,80.008,52.032,19.116,80.884
[SHELL] ccA:54,235747363,314472,6.263,38.158,0.000,35.000,2.92956,3.14100,23.72,-12.546,23.551,-12.546,23.551,-12.421,1.240,1.00000,74.342,-7.018,32.468
[SHELL] ccB:54,24617,1,0.028,-28.782,28.753,75.286,22.556,77.444,63.894,19.992,80.008
[SHELL] ccA:55,235857351,314473,3.929,35.558,0.000,35.000,3.15603,3.36753,23.75,-12.501,23.603,-12.501,23.603,-12.423,1.240,1.00000,74.342,12.911,35.065
[SHELL] ccB:55,2147514037,1,-12.404,-24.324,36.727,79.393,20.607,67.676,75.286,22.556,77.444
[SHELL] ccA:56,235967387,314474,3.861,34.280,0.000,35.000,3.37974,3.59121,23.75,-12.502,23.629,-12.502,23.629,-12.425,1.240,1.00000,74.342,-3.359,34.524
[SHELL] ccB:56,24629,1,11.409,-34.073,22.665,80.949,19.051,55.971,79.393,20.607,67.676
[SHELL] ccA:57,236077439,314475,-0.055,34.721,0.000,35.000,3.59810,3.80957,23.83,-12.423,23.620,-12.423,23.620,-12.425,1.240,1.00000,74.342,-6.414,34.772
[SHELL] ccB:57,2147513993,1,21.086,-35.124,14.038,80.918,19.082,44.357,80.949,19.051,55.971
[SHELL] ccA:58,236187407,314476,-0.210,36.355,0.000,35.000,3.83081,4.04228,23.84,-12.420,23.587,-12.420,23.587,-12.424,1.240,1.00000,74.342,15.346,41.351
[SHELL] ccB:58,24639,1,14.453,-43.315,28.862,79.294,20.706,32.156,80.918,19.082,44.357
[SHELL] ccA:59,236297415,314477,3.716,38.050,0.000,35.000,4.05402,4.26549,23.79,-12.501,23.551,-12.501,23.551,-12.426,1.238,1.00000,74.342,-9.414,34.725
[SHELL] ccB:59,2147514005,1,33.227,-28.564,-4.663,77.514,25.037,22.486,79.294,20.706,32.156
[SHELL] ccA:60,236407391,314478,1.390,37.320,0.000,35.000,4.28503,4.49678,23.79,-12.455,23.594,-12.455,23.594,-12.427,1.237,1.00000,74.342,9.043,38.479
[SHELL] ccB:60,24631,1,31.270,-36.574,5.304,80.086,36.499,19.914,77.514,25.037,22.486
[SHELL] ccA:61,236517379,314479,2.626,38.173,0.000,35.000,4.50118,4.71296,23.75,-12.481,23.575,-12.481,23.575,-12.428,1.235,1.00000,74.782,1.832,41.010
[SHELL] ccB:61,2147514023,1,39.715,-28.854,-10.861,80.872,48.067,19.128,80.086,36.499,19.914
[SHELL] ccA:62,236627403,314480,1.730,38.779,0.000,35.000,4.72025,4.93200,23.80,-12.464,23.561,-12.464,23.561,-12.429,1.233,1.00000,74.782,-5.787,34.615
[SHELL] ccB:62,24637,1,34.568,-12.037,-22.532,80.355,59.708,19.645,80.872,48.067,19.128
[SHELL] ccA:63,236737399,314481,0.988,37.827,0.000,35.000,4.94594,5.15769,23.80,-12.449,23.579,-12.449,23.579,-12.430,1.232,1.00000,74.782,13.694,41.068
[SHELL] ccB:63,2147514013,1,43.122,-24.867,-18.255,78.350,71.196,21.650,80.355,59.708,19.645
[SHELL] ccA:64,236847371,314482,2.612,37.152,0.000,35.000,5.16980,5.38155,23.79,-12.483,23.591,-12.483,23.591,-12.431,1.231,1.00000,74.782,-11.152,31.859
[SHELL] ccB:64,24621,1,23.659,9.021,-32.680,71.583,78.286,21.714,78.350,71.196,21.650
[SHELL] ccA:65,236957419,314483,-1.577,34.610,0.000,35.000,5.39452,5.60626,23.80,-12.399,23.642,-12.399,23.642,-12.430,1.231,1.00000,74.342,2.301,33.653
[SHELL] ccB:65,2147514003,1,27.573,3.041,-30.614,60.381,80.516,19.484,71.583,78.286,21.714
[SHELL] ccA:66,237067415,314484,-1.121,34.024,0.000,35.000,5.62833,5.84007,23.79,-12.407,23.655,-12.407,23.655,-12.430,1.232,1.00000,74.342,2.067,36.929
[SHELL] ccB:66,24643,1,24.130,12.210,-36.340,47.847,81.092,18.908,60.381,80.516,19.484
[SHELL] ccA:67,237177391,314485,-0.149,34.886,0.000,35.000,5.85015,6.06190,23.79,-12.427,23.637,-12.427,23.637,-12.430,1.232,1.00000,74.342,-7.032,32.034
[SHELL] ccB:67,2147514017,1,7.059,24.207,-31.266,36.006,80.042,19.958,47.847,81.092,18.908
[SHELL] ccA:68,237287587,314486,0.944,34.675,0.000,35.000,6.07185,0.00041,23.79,-12.449,23.642,-12.449,23.642,-12.430,1.232,1.00000,74.342,15.775,37.703
[SHELL] ccB:68,24729,1,23.333,17.393,-40.726,24.862,77.535,22.465,36.006,80.042,19.958
[SHELL] ccA:69,237397363,314487,3.277,34.625,0.000,35.000,0.02271,0.23449,23.83,-12.497,23.643,-12.497,23.643,-12.432,1.232,1.00000,74.342,-11.411,31.060
[SHELL] ccB:69,2147514031,1,-12.114,32.724,-20.611,20.492,79.508,32.696,24.862,77.535,22.465
[SHELL] ccA:70,237507231,314488,-1.895,33.767,0.000,35.000,0.24085,0.45260,23.67,-12.393,23.661,-12.393,23.661,-12.431,1.233,1.00000,74.782,-0.533,35.244
[SHELL] ccB:70,24551,1,-8.924,33.993,-25.069,19.262,80.738,44.006,20.492,79.508,32.696
[SHELL] ccA:71,237617191,314489,-2.147,35.898,0.000,35.000,0.46586,0.67761,23.63,-12.387,23.617,-12.387,23.617,-12.430,1.232,1.00000,74.782,3.888,42.043
[SHELL] ccB:71,2147514117,1,-15.412,41.749,-26.337,19.315,80.685,56.056,19.262,80.738,44.006
[SHELL] ccA:72,237727371,314490,-1.284,37.908,0.000,35.000,0.68684,0.89858,23.56,-12.403,23.575,-12.403,23.575,-12.429,1.231,1.00000,74.342,-12.378,32.302
[SHELL] ccB:72,24621,1,-30.054,29.861,0.193,20.700,79.300,67.707,19.315,80.685,56.056
[SHELL] ccA:73,237837567,314491,-2.817,35.716,0.000,35.000,0.90620,1.11794,24.01,-12.371,23.619,-12.371,23.619,-12.428,1.230,1.00000,74.342,9.600,36.217
[SHELL] ccB:73,2147513929,1,-22.588,37.182,-14.594,22.653,75.506,77.347,20.700,79.300,67.707
[SHELL] ccA:74,237947611,314492,-0.996,34.646,0.000,35.000,1.13328,1.34504,24.01,-12.407,23.641,-12.407,23.641,-12.427,1.231,1.00000,74.342,-10.806,33.847
[SHELL] ccB:74,24741,1,-35.237,21.561,13.676,19.992,64.164,80.008,22.653,75.506,77.347
[SHELL] ccA:75,238057539,314493,-3.186,35.457,0.000,35.000,1.35519,1.56693,23.94,-12.362,23.624,-12.362,23.624,-12.425,1.230,1.00000,74.342,-0.730,37.916
[SHELL] ccB:75,2147513943,1,-37.194,25.004,12.190,18.972,52.440,81.028,19.992,64.164,80.008
[SHELL] ccA:76,238167575,314494,-0.613,37.859,0.000,35.000,1.57851,1.79022,23.91,-12.413,23.575,-12.413,23.575,-12.425,1.229,1.00000,74.342,9.813,41.759
[SHELL] ccB:76,24723,1,-41.834,29.136,12.697,19.467,40.351,80.533,18.972,52.440,81.028
[SHELL] ccA:77,238277523,314495,2.403,38.044,0.000,35.000,1.79667,2.00842,23.94,-12.474,23.569,-12.474,23.569,-12.426,1.227,1.00000,74.342,-9.285,30.740
[SHELL] ccB:77,2147513951,1,-27.880,0.141,27.739,21.397,29.007,78.603,19.467,40.351,80.533
[SHELL] ccA:78,238387483,314496,0.780,34.599,0.000,35.000,2.02627,2.23801,23.89,-12.442,23.639,-12.442,23.639,-12.427,1.228,1.00000,74.342,11.874,35.156
[SHELL] ccB:78,24677,1,-36.796,14.240,22.556,28.068,21.574,78.426,21.397,29.007,78.603
[SHELL] ccA:79,238497483,314497,1.875,33.380,0.000,35.000,2.25289,2.46463,23.90,-12.465,23.664,-12.465,23.664,-12.428,1.228,1.00000,74.342,-6.964,32.466
[SHELL] ccB:79,2147513971,1,-20.812,-12.001,32.813,39.695,19.416,80.584,28.068,21.574,78.426
[SHELL] ccA:80,238607447,314498,-1.041,34.050,0.000,35.000,2.47377,2.68553,23.83,-12.406,23.651,-12.406,23.651,-12.427,1.229,1.00000,74.342,-2.113,36.110
[SHELL] ccB:80,24659,1,-20.703,-15.335,36.038,51.457,18.899,81.101,39.695,19.416,80.584
[SHELL] ccA:81,238717431,314499,1.018,36.512,0.000,35.000,2.69544,2.90704,23.83,-12.448,23.583,-12.448,23.583,-12.428,1.228,1.00000,74.342,15.260,41.361
[SHELL] ccB:81,2147513997,1,-31.613,-10.805,42.417,63.370,19.910,80.090,51.457,18.899,81.101
[SHELL] ccA:82,238827443,314500,5.419,38.093,0.000,35.000,2.92001,3.13158,23.84,-12.539,23.550,-12.539,23.550,-12.430,1.227,1.00000,74.342,-6.731,33.542
[SHELL] ccB:82,24657,1,-0.806,-29.216,30.022,74.823,22.421,77.579,63.370,19.910,80.090
[SHELL] ccA:83,238937443,314501,4.263,36.313,0.000,35.000,3.15204,3.36361,23.83,-12.518,23.585,-12.518,23.585,-12.433,1.226,1.00000,74.342,15.253,36.806
[SHELL] ccB:83,2147513991,1,-14.868,-24.577,39.445,79.353,20.647,67.826,74.823,22.421,77.579
[SHELL] ccA:84,239047447,314502,5.806,35.955,0.000,35.000,3.37289,3.58447,23.84,-12.552,23.592,-12.552,23.592,-12.435,1.225,1.00000,74.342,-0.554,36.665
[SHELL] ccB:84,24659,1,8.944,-35.269,26.325,80.923,19.077,56.207,79.353,20.647,67.826
[SHELL] ccA:85,239157447,314503,2.071,36.342,0.000,35.000,3.58327,3.79485,23.83,-12.478,23.583,-12.478,23.583,-12.436,1.225,1.00000,74.342,-5.862,35.234
[SHELL] ccB:85,2147513989,1,20.361,-35.595,15.235,80.948,19.052,45.016,80.923,19.077,56.207
[SHELL] ccA:86,239267391,314504,1.085,37.197,0.000,35.000,3.81961,4.03119,23.84,-12.459,23.565,-12.459,23.565,-12.437,1.224,1.00000,74.342,16.618,41.654
[SHELL] ccB:86,24631,1,13.185,-43.714,30.529,79.389,20.611,32.636,80.948,19.052,45.016
[SHELL] ccA:87,239377407,314505,5.267,38.319,0.000,35.000,4.04579,4.25740,23.79,-12.545,23.541,-12.545,23.541,-12.440,1.222,1.00000,74.342,-6.307,34.733
[SHELL] ccB:87,2147514009,1,31.198,-29.905,-1.293,77.433,24.719,22.567,79.389,20.611,32.636
[SHELL] ccA:88,239487391,314506,3.997,37.085,0.000,35.000,4.26892,4.48051,23.79,-12.522,23.564,-12.522,23.564,-12.442,1.221,1.00000,74.342,11.982,37.221
[SHELL] ccB:88,24631,1,28.479,-37.444,8.964,79.984,35.792,20.016,77.433,24.719,22.567
[SHELL] ccA:89,239597435,314507,5.288,36.971,0.000,35.000,4.48800,4.69958,23.87,-12.550,23.566,-12.550,23.566,-12.444,1.220,1.00000,74.342,3.495,38.709
[SHELL] ccB:89,2147513995,1,36.961,-28.890,-8.070,81.068,47.466,18.932,79.984,35.792,20.016
[SHELL] ccA:90,239707403,314508,4.029,37.140,0.000,35.000,4.71432,4.92590,23.80,-12.527,23.561,-12.527,23.561,-12.446,1.219,1.00000,74.342,-2.855,33.922
[SHELL] ccB:90,24637,1,33.916,-14.429,-19.487,80.591,59.564,19.409,81.068,47.466,18.932
[SHELL] ccA:91,239817399,314509,3.739,37.053,0.000,35.000,4.94037,5.15194,23.80,-12.523,23.562,-12.523,23.562,-12.448,1.218,1.00000,74.342,17.172,41.660
[SHELL] ccB:91,2147514013,1,44.463,-28.564,-15.899,78.576,71.188,21.424,80.591,59.564,19.409
[SHELL] ccA:92,239927379,314510,5.673,36.869,0.000,35.000,5.16381,5.37548,23.79,-12.564,23.575,-12.564,23.575,-12.451,1.217,1.00000,74.342,-8.796,30.235
[SHELL] ccB:92,24625,1,23.369,6.592,-29.962,71.882,78.440,21.560,78.576,71.188,21.424
[SHELL] ccA:93,240037419,314511,1.093,33.777,0.000,35.000,5.38338,5.59507,23.80,-12.473,23.637,-12.473,23.637,-12.452,1.218,1.00000,74.342,4.790,32.977
[SHELL] ccB:93,2147514003,1,28.806,0.105,-28.910,60.848,80.498,19.502,71.882,78.440,21.560
[SHELL] ccA:94,240147415,314512,0.967,33.727,0.000,35.000,5.60981,5.82150,23.79,-12.471,23.639,-12.471,23.639,-12.452,1.218,1.00000,74.342,3.085,38.720
[SHELL] ccB:94,24643,1,26.559,11.268,-37.826,48.717,81.126,18.874,60.848,80.498,19.502
[SHELL] ccA:95,240257407,314513,1.610,35.791,0.000,35.000,5.83430,6.04597,23.81,-12.485,23.597,-12.485,23.597,-12.453,1.218,1.00000,74.342,-4.518,32.746
[SHELL] ccB:95,2147514009,1,10.140,22.177,-32.317,36.703,80.137,19.863,48.717,81.126,18.874
[SHELL] ccA:96,240367375,314514,3.812,36.031,0.000,35.000,6.06773,6.27940,23.75,-12.531,23.592,-12.531,23.592,-12.455,1.217,1.00000,74.342,21.198,39.910
[SHELL] ccB:96,24623,1,29.241,15.218,-44.459,24.897,77.538,22.462,36.703,80.137,19.863
[SHELL] ccA:97,240477439,314515,8.309,36.351,0.000,35.000,0.00352,0.21518,24.00,-12.625,23.585,-12.625,23.585,-12.459,1.217,1.00000,74.342,-4.641,32.839
[SHELL] ccB:97,2147513993,1,-4.756,30.803,-26.047,20.626,79.374,31.973,24.897,77.538,22.462
[SHELL] ccA:98,240587231,314516,4.270,35.463,0.000,35.000,0.23077,0.44241,23.64,-12.546,23.602,-12.546,23.602,-12.461,1.216,1.00000,74.342,5.162,36.265
[SHELL] ccB:98,24551,1,-3.270,33.232,-29.962,19.072,80.928,43.747,20.626,79.374,31.973
[SHELL] ccA:99,240697183,314517,3.222,36.843,0.000,35.000,0.44928,0.66095,23.62,-12.527,23.574,-12.527,23.574,-12.463,1.216,1.00000,74.342,7.206,42.001
[SHELL] ccB:99,2147514121,1,-11.751,41.350,-29.599,19.064,80.936,55.496,19.072,80.928,43.747
[SHELL] ccA:100,240807363,314518,2.366,38.274,0.000,35.000,0.67594,0.88762,23.55,-12.511,23.543,-12.511,23.543,-12.464,1.214,1.00000,74.342,-10.109,32.826
[SHELL] ccB:100,24617,1,-28.423,30.912,-2.489,20.606,79.394,67.375,19.064,80.936,55.496
[SHELL] ccA:101,240917595,314519,0.730,37.001,0.000,35.000,0.90038,1.11206,24.00,-12.479,23.568,-12.479,23.568,-12.464,1.213,1.00000,74.342,15.930,40.349
[SHELL] ccB:101,2147513915,1,-21.718,43.380,-21.662,22.669,75.578,77.331,20.606,79.394,67.375
[SHELL] ccA:102,241027607,314520,3.271,36.901,0.000,35.000,1.12377,1.33547,24.02,-12.531,23.575,-12.531,23.575,-12.466,1.212,1.00000,74.342,-8.666,34.079
[SHELL] ccB:102,24739,1,-34.476,23.228,11.248,20.028,64.387,79.972,22.669,75.578,77.331
[SHELL] ccA:103,241137503,314521,-0.328,36.611,0.000,35.000,1.34755,1.55920,23.87,-12.459,23.580,-12.459,23.580,-12.466,1.211,1.00000,74.342,0.089,37.938
[SHELL] ccB:103,2147513961,1,-36.977,25.838,11.139,18.970,52.641,81.030,20.028,64.387,79.972
[SHELL] ccA:104,241247543,314522,0.423,37.532,0.000,35.000,1.57388,1.78561,23.93,-12.474,23.560,-12.474,23.560,-12.466,1.210,1.00000,74.342,10.180,40.171
[SHELL] ccB:104,24707,1,-40.203,28.810,11.393,19.436,40.468,80.564,18.970,52.641,81.030
[SHELL] ccA:105,241357515,314523,3.231,37.374,0.000,35.000,1.79578,2.00754,23.93,-12.532,23.562,-12.532,23.562,-12.467,1.209,1.00000,74.342,-7.527,31.216
[SHELL] ccB:105,2147513955,1,-28.750,1.989,26.760,21.389,28.933,78.611,19.436,40.468,80.564
[SHELL] ccA:106,241467491,314524,1.933,34.668,0.000,35.000,2.03028,2.24201,23.88,-12.507,23.616,-12.507,23.616,-12.468,1.209,1.00000,74.342,12.607,36.069
[SHELL] ccB:106,24681,1,-37.919,14.892,23.027,28.381,21.481,78.519,21.389,28.933,78.611
[SHELL] ccA:107,241577459,314525,2.759,34.342,0.000,35.000,2.24815,2.45990,23.89,-12.525,23.623,-12.525,23.623,-12.470,1.209,1.00000,74.342,-6.653,34.013
[SHELL] ccB:107,2147513983,1,-22.334,-11.783,34.118,39.590,19.437,80.563,28.381,21.481,78.519
[SHELL] ccA:108,241687419,314526,-0.999,35.365,0.000,35.000,2.47350,2.68522,23.81,-12.449,23.603,-12.449,23.603,-12.469,1.209,1.00000,74.342,-3.299,37.366
[SHELL] ccB:108,24645,1,-20.558,-16.894,37.452,51.561,18.928,81.072,39.590,19.437,80.563
[SHELL] ccA:109,241797427,314527,0.431,38.161,0.000,35.000,2.70102,2.91275,23.82,-12.478,23.545,-12.478,23.545,-12.470,1.207,1.00000,74.342,14.974,43.900
[SHELL] ccB:109,2147513999,1,-32.265,-12.726,44.991,63.744,19.989,80.011,51.561,18.928,81.072
[SHELL] ccA:110,241907423,314528,4.940,39.854,0.000,35.000,2.92943,3.14116,23.82,-12.571,23.509,-12.571,23.509,-12.472,1.205,1.00000,74.342,-6.887,34.251
[SHELL] ccB:110,24647,1,-0.479,-30.014,30.493,75.344,22.608,77.392,63.744,19.989,80.011
[SHELL] ccA:111,242017395,314529,3.761,37.219,0.000,35.000,3.14835,3.36007,23.82,-12.549,23.560,-12.549,23.560,-12.474,1.204,1.00000,74.342,13.846,36.473
[SHELL] ccB:111,2147514015,1,-13.600,-24.867,38.467,79.324,20.676,67.926,75.344,22.608,77.392
[SHELL] ccA:112,242127419,314530,4.536,35.637,0.000,35.000,3.37263,3.58435,23.82,-12.567,23.592,-12.567,23.592,-12.476,1.204,1.00000,74.342,-2.659,35.352
[SHELL] ccB:112,24645,1,10.684,-34.617,23.933,80.933,19.067,56.188,79.324,20.676,67.926
[SHELL] ccA:113,242237403,314531,0.783,35.396,0.000,35.000,3.59896,3.81086,23.82,-12.492,23.614,-12.492,23.614,-12.477,1.203,1.00000,74.342,-5.395,34.408
[SHELL] ccB:113,2147514011,1,20.035,-34.689,14.655,80.937,19.063,44.155,80.933,19.067,56.188
[SHELL] ccA:114,242347415,314532,0.314,35.952,0.000,35.000,3.82840,4.04030,23.82,-12.483,23.603,-12.483,23.603,-12.477,1.203,1.00000,74.342,14.705,39.641
[SHELL] ccB:114,24643,1,13.764,-41.503,27.739,79.344,20.656,32.136,80.937,19.063,44.155
[SHELL] ccA:115,242457411,314533,3.637,36.474,0.000,35.000,4.05426,4.26615,23.78,-12.551,23.592,-12.551,23.592,-12.479,1.202,1.00000,74.342,-9.467,32.206
[SHELL] ccB:115,2147514007,1,31.270,-26.208,-5.062,77.599,25.059,22.401,79.344,20.656,32.136
[SHELL] ccA:116,242567383,314534,0.394,34.572,0.000,35.000,4.27492,4.48682,23.79,-12.487,23.630,-12.487,23.630,-12.479,1.202,1.00000,74.342,5.806,34.236
[SHELL] ccB:116,24627,1,28.552,-31.391,2.839,80.063,35.978,19.937,77.599,25.059,22.401
[SHELL] ccA:117,242677379,314535,0.358,34.721,0.000,35.000,4.49620,4.70810,23.79,-12.486,23.627,-12.486,23.627,-12.479,1.202,1.00000,74.342,-0.711,38.205
[SHELL] ccB:117,2147514023,1,37.468,-25.230,-12.238,81.104,47.751,18.896,80.063,35.978,19.937
[SHELL] ccA:118,242787399,314536,-0.653,35.940,0.000,35.000,4.72206,4.93396,23.79,-12.466,23.602,-12.466,23.602,-12.479,1.202,1.00000,74.342,-6.995,33.115
[SHELL] ccB:118,24635,1,33.046,-10.188,-22.858,80.570,59.848,19.430,81.104,47.751,18.896
[SHELL] ccA:119,242897395,314537,0.325,35.988,0.000,35.000,4.94560,5.15750,23.79,-12.485,23.601,-12.485,23.601,-12.479,1.202,1.00000,74.342,15.999,39.516
[SHELL] ccB:119,2147514015,1,42.143,-26.643,-15.500,78.549,71.380,21.451,80.570,59.848,19.430
[SHELL] ccA:120,243007367,314538,3.621,35.476,0.000,35.000,5.17883,5.39071,23.78,-12.553,23.611,-12.553,23.611,-12.481,1.201,1.00000,74.342,-10.521,29.757
[SHELL] ccB:120,24619,1,21.847,8.803,-30.650,71.200,78.645,21.355,78.549,71.380,21.451
[SHELL] ccA:121,243117351,314539,-0.988,33.030,0.000,35.000,5.39617,5.60809,23.79,-12.460,23.661,-12.460,23.661,-12.480,1.202,1.00000,74.342,1.091,33.091
[SHELL] ccB:121,2147514037,1,26.341,4.200,-30.541,60.210,80.588,19.412,71.200,78.645,21.355
[SHELL] ccA:122,243227407,314540,-2.071,33.459,0.000,35.000,5.62257,5.83446,23.79,-12.438,23.653,-12.438,23.653,-12.479,1.203,1.00000,74.342,0.053,37.899
[SHELL] ccB:122,24639,1,23.297,14.240,-37.536,48.092,81.111,18.889,60.210,80.588,19.412
[SHELL] ccA:123,243337375,314541,-2.133,35.036,0.000,35.000,5.84393,6.05583,23.78,-12.435,23.621,-12.435,23.621,-12.478,1.203,1.00000,74.342,-9.729,31.255
[SHELL] ccB:123,2147514025,1,4.486,25.838,-30.324,36.298,80.074,19.926,48.092,81.111,18.889
[SHELL] ccA:124,243447491,314542,-1.525,34.631,0.000,35.000,6.07376,0.00259,23.78,-12.447,23.644,-12.447,23.644,-12.477,1.203,1.00000,74.342,13.307,38.117
[SHELL] ccB:124,24681,1,20.941,19.423,-40.364,24.763,77.505,22.495,36.298,80.074,19.926
[SHELL] ccA:125,243557379,314543,1.104,34.610,0.000,35.000,0.01905,0.23105,23.82,-12.500,23.644,-12.500,23.644,-12.478,1.203,1.00000,74.342,-12.468,30.952
[SHELL] ccB:125,2147514023,1,-13.056,33.123,-20.067,20.524,79.476,32.522,24.763,77.505,22.495
[SHELL] ccA:126,243667203,314544,-3.194,33.876,0.000,35.000,0.24086,0.45289,23.66,-12.412,23.660,-12.412,23.660,-12.476,1.204,1.00000,74.342,-1.146,35.480
[SHELL] ccB:126,24537,1,-9.577,34.391,-24.815,19.068,80.932,44.020,20.524,79.476,32.522
[SHELL] ccA:127,243777207,314545,-3.088,35.667,0.000,35.000,0.46734,0.67937,23.62,-12.413,23.623,-12.413,23.623,-12.475,1.204,1.00000,74.342,2.409,40.753
[SHELL] ccB:127,2147514109,1,-16.209,40.553,-24.344,19.122,80.878,56.230,19.068,80.932,44.020
[SHELL] ccA:128,243887467,314546,-2.598,37.325,0.000,35.000,0.69572,0.90776,23.62,-12.421,23.589,-12.421,23.589,-12.473,1.202,1.00000,74.342,-14.062,32.312
[SHELL] ccB:128,24669,1,-31.504,29.426,2.078,20.776,79.224,68.204,19.122,80.878,56.230
[SHELL] ccA:129,243997667,314547,-3.894,36.002,0.000,35.000,0.92194,1.13398,24.07,-12.393,23.615,-12.393,23.615,-12.471,1.202,1.00000,74.342,10.138,38.630
[SHELL] ccB:129,2147513879,1,-24.654,39.538,-14.884,22.402,74.711,77.598,20.776,79.224,68.204
[SHELL] ccA:130,244107615,314548,-1.942,36.209,0.000,35.000,1.14111,1.35316,24.01,-12.432,23.610,-12.432,23.610,-12.470,1.201,1.00000,73.902,-13.983,35.264
[SHELL] ccB:130,24743,1,-37.883,20.655,17.228,19.755,63.745,80.245,22.402,74.711,77.598
[SHELL] ccA:131,244217651,314549,-5.829,36.906,0.000,35.000,1.37002,1.58205,24.01,-12.351,23.595,-12.351,23.595,-12.467,1.200,1.00000,73.902,-5.489,38.467
[SHELL] ccB:131,2147513887,1,-38.789,21.380,17.409,18.805,51.628,81.195,19.755,63.745,80.245
[SHELL] ccA:132,244327635,314550,-4.786,38.474,0.000,35.000,1.59607,1.80810,24.01,-12.369,23.562,-12.369,23.562,-12.465,1.199,1.00000,73.902,5.817,41.700
[SHELL] ccB:132,24753,1,-41.834,25.041,16.793,19.419,39.421,80.581,18.805,51.628,81.195
[SHELL] ccA:133,244437571,314551,-1.889,38.611,0.000,35.000,1.81767,2.02970,24.01,-12.426,23.558,-12.426,23.558,-12.464,1.197,1.00000,74.342,-13.703,32.578
[SHELL] ccB:133,2147513927,1,-28.242,-4.281,32.523,21.679,28.053,78.321,19.419,39.421,80.581
[SHELL] ccA:134,244547571,314552,-4.239,35.850,0.000,35.000,2.04251,2.25468,23.96,-12.377,23.627,-12.377,23.627,-12.462,1.196,1.00000,74.342,4.631,36.544
[SHELL] ccB:134,24721,1,-34.657,6.520,28.137,28.827,21.434,78.566,21.679,28.053,78.321
[SHELL] ccA:135,244657531,314553,-4.139,35.364,0.000,35.000,2.27160,2.48377,23.95,-12.377,23.636,-12.377,23.636,-12.460,1.196,1.00000,74.342,-12.115,35.791
[SHELL] ccB:135,2147513947,1,-19.544,-18.235,37.778,40.604,19.396,80.604,28.827,21.434,78.566
[SHELL] ccA:136,244767743,314554,-6.735,36.632,0.000,35.000,2.49654,2.70871,23.90,-12.322,23.610,-12.322,23.610,-12.457,1.195,1.00000,74.342,-7.341,38.404
[SHELL] ccB:136,24807,1,-17.224,-21.786,39.010,52.585,19.012,80.988,40.604,19.396,80.604
[SHELL] ccA:137,244877203,314555,-4.056,38.873,0.000,35.000,2.71608,2.92808,23.74,-12.373,23.563,-12.373,23.563,-12.455,1.193,1.00000,74.342,10.573,42.893
[SHELL] ccB:137,2147514111,1,-27.336,-16.386,43.722,64.325,20.119,79.881,52.585,19.012,80.988
[SHELL] ccA:138,244986939,314556,0.052,39.287,0.000,35.000,2.94543,3.15760,23.35,-12.456,23.553,-12.456,23.553,-12.455,1.191,1.00000,74.342,-13.599,32.957
[SHELL] ccB:138,24405,1,6.914,-33.747,26.833,75.889,22.798,77.202,64.325,20.119,79.881
[SHELL] ccA:139,245096951,314557,-2.689,35.685,0.000,35.000,3.17211,3.38428,23.35,-12.399,23.625,-12.399,23.625,-12.453,1.191,1.00000,74.342,5.867,33.934
[SHELL] ccB:139,2147514237,1,-4.829,-27.114,31.943,79.492,20.508,66.995,75.889,22.798,77.202
[SHELL] ccA:140,245206923,314558,-2.137,33.734,0.000,35.000,3.39306,3.60522,23.30,-12.409,23.664,-12.409,23.664,-12.452,1.192,1.00000,74.342,-6.683,34.112
[SHELL] ccB:140,24397,1,14.961,-34.653,19.693,80.970,19.030,55.415,79.492,20.508,66.995
[SHELL] ccA:141,245316947,314559,-4.412,33.888,0.000,35.000,3.61564,3.82781,23.34,-12.362,23.662,-12.362,23.662,-12.450,1.192,1.00000,74.342,-10.150,33.394
[SHELL] ccB:141,2147514239,1,24.275,-33.856,9.580,80.874,19.126,43.528,80.970,19.030,55.415
[SHELL] ccA:142,245426947,314560,-4.387,34.773,0.000,35.000,3.84167,4.05384,23.35,-12.360,23.644,-12.360,23.644,-12.448,1.192,1.00000,74.342,9.437,38.192
[SHELL] ccB:142,24409,1,17.389,-39.256,21.867,79.231,20.769,31.706,80.874,19.126,43.528
[SHELL] ccA:143,245536943,314561,-2.356,35.644,0.000,35.000,4.05827,4.27044,23.37,-12.399,23.627,-12.399,23.627,-12.447,1.192,1.00000,74.342,-18.147,32.797
[SHELL] ccB:143,2147514241,1,37.069,-23.345,-13.724,77.538,25.031,22.462,79.231,20.769,31.706
[SHELL] ccA:144,245646943,314562,-6.200,34.294,0.000,35.000,4.28026,4.49242,23.38,-12.319,23.654,-12.319,23.654,-12.443,1.192,1.00000,73.902,2.056,33.388
[SHELL] ccB:144,24407,1,29.458,-28.455,-1.003,80.175,35.906,19.825,77.538,25.031,22.462
[SHELL] ccA:145,245756959,314563,-4.458,34.537,0.000,35.000,4.51128,4.72344,23.37,-12.352,23.649,-12.352,23.649,-12.441,1.193,1.00000,73.902,-3.797,38.574
[SHELL] ccB:145,2147514233,1,38.555,-22.729,-15.826,81.250,48.310,18.750,80.175,35.906,19.825
[SHELL] ccA:146,245866979,314564,-2.960,35.844,0.000,35.000,4.73568,4.94783,23.38,-12.381,23.622,-12.381,23.622,-12.440,1.192,1.00000,74.342,-6.300,32.839
[SHELL] ccB:146,24425,1,32.684,-10.225,-22.459,80.482,60.406,19.518,81.250,48.310,18.750
[SHELL] ccA:147,245976983,314565,-0.167,35.873,0.000,35.000,4.96486,5.17694,23.34,-12.436,23.621,-12.436,23.621,-12.440,1.192,1.00000,74.342,15.730,39.241
[SHELL] ccB:147,2147514221,1,41.926,-25.665,-16.261,78.324,72.237,21.676,80.482,60.406,19.518
[SHELL] ccA:148,246086975,314566,3.188,35.018,0.000,35.000,5.18308,5.39524,23.37,-12.505,23.638,-12.505,23.638,-12.441,1.192,1.00000,74.342,-12.407,28.752
[SHELL] ccB:148,24423,1,19.998,10.869,-30.868,71.079,78.677,21.323,78.324,72.237,21.676
[SHELL] ccA:149,246196963,314567,-2.783,32.014,0.000,35.000,5.40838,5.62055,23.37,-12.384,23.700,-12.384,23.700,-12.440,1.193,1.00000,74.342,-2.049,31.313
[SHELL] ccB:149,2147514231,1,22.717,7.390,-30.107,59.718,80.641,19.359,71.079,78.677,21.323
[SHELL] ccA:150,246306967,314568,-4.468,32.013,0.000,35.000,5.63389,5.84605,23.37,-12.348,23.701,-12.348,23.701,-12.438,1.195,1.00000,74.342,-1.368,36.676
[SHELL] ccB:150,24419,1,21.086,15.472,-36.558,47.673,81.104,18.896,59.718,80.641,19.359
[SHELL] ccA:151,246416959,314569,-3.938,33.439,0.000,35.000,5.85640,6.06858,23.37,-12.357,23.673,-12.357,23.673,-12.436,1.195,1.00000,74.342,-10.969,29.092
[SHELL] ccB:151,2147514233,1,2.058,25.838,-27.896,35.811,80.011,19.989,47.673,81.104,18.896
[SHELL] ccA:152,246527135,314570,-2.655,32.578,0.000,35.000,6.08269,0.01159,23.34,-12.381,23.692,-12.381,23.692,-12.434,1.197,1.00000,74.342,12.685,35.452
[SHELL] ccB:152,24503,1,19.491,18.154,-37.645,24.466,77.430,22.570,35.811,80.011,19.989
[SHELL] ccA:153,246637187,314571,0.571,32.530,0.000,35.000,0.01680,0.22896,23.65,-12.446,23.694,-12.446,23.694,-12.435,1.198,1.00000,74.342,-12.117,30.122
[SHELL] ccB:153,2147514119,1,-12.621,32.217,-19.596,20.551,79.449,32.268,24.466,77.430,22.570
[SHELL] ccA:154,246747075,314572,-3.426,32.636,0.000,35.000,0.24098,0.45314,23.53,-12.364,23.693,-12.364,23.693,-12.433,1.199,1.00000,74.342,-2.156,34.846
[SHELL] ccB:154,24473,1,-10.410,34.065,-23.655,19.066,80.934,43.915,20.551,79.449,32.268
[SHELL] ccA:155,246856971,314573,-3.004,35.231,0.000,35.000,0.46915,0.68125,23.47,-12.371,23.635,-12.371,23.635,-12.431,1.199,1.00000,74.342,4.412,41.108
[SHELL] ccB:155,2147514227,1,-14.651,40.807,-26.156,19.133,80.867,56.244,19.066,80.934,43.915
[SHELL] ccA:156,246967227,314574,-0.893,37.522,0.000,35.000,0.69453,0.90666,23.43,-12.413,23.588,-12.413,23.588,-12.431,1.198,1.00000,74.342,-10.237,33.026
[SHELL] ccB:156,24549,1,-29.003,30.803,-1.800,20.767,79.233,68.132,19.133,80.867,56.244
[SHELL] ccA:157,247077439,314575,-0.008,36.614,0.000,35.000,0.91760,1.12973,23.85,-12.431,23.605,-12.431,23.605,-12.431,1.197,1.00000,73.902,16.029,39.295
[SHELL] ccB:157,2147513993,1,-21.465,42.438,-20.973,22.269,75.003,77.731,20.767,79.233,68.132
[SHELL] ccA:158,247187387,314576,3.441,36.298,0.000,35.000,1.13799,1.35009,23.79,-12.502,23.611,-12.502,23.611,-12.433,1.196,1.00000,73.902,-8.055,33.578
[SHELL] ccB:158,24629,1,-33.860,22.793,11.066,19.723,63.802,80.277,22.269,75.003,77.731
[SHELL] ccA:159,247297403,314577,-0.331,35.911,0.000,35.000,1.36299,1.57509,23.79,-12.426,23.618,-12.426,23.618,-12.433,1.196,1.00000,73.902,-1.244,37.194
[SHELL] ccB:159,2147514011,1,-36.651,23.917,12.734,18.745,51.895,81.255,19.723,63.802,80.277
[SHELL] ccA:160,247407419,314578,-0.086,37.171,0.000,35.000,1.58459,1.79669,23.80,-12.431,23.592,-12.431,23.592,-12.433,1.195,1.00000,74.342,10.200,40.718
[SHELL] ccB:160,24645,1,-40.855,28.774,12.081,19.478,39.984,80.522,18.745,51.895,81.255
[SHELL] ccA:161,247517443,314579,2.531,37.814,0.000,35.000,1.81046,2.02256,23.88,-12.484,23.578,-12.484,23.578,-12.434,1.193,1.00000,74.342,-9.034,32.624
[SHELL] ccB:161,2147513991,1,-29.547,0.467,29.080,21.561,28.290,78.439,19.478,39.984,80.522
[SHELL] ccA:162,247627399,314580,1.209,35.464,0.000,35.000,2.03576,2.24786,23.82,-12.459,23.625,-12.459,23.625,-12.434,1.193,1.00000,74.342,12.702,35.889
[SHELL] ccB:162,24635,1,-37.774,14.784,22.991,28.596,21.446,78.554,21.561,28.290,78.439
[SHELL] ccA:163,247739251,314581,2.712,34.689,0.000,35.000,2.26054,2.49284,26.78,-12.490,23.640,-12.490,23.640,-12.436,1.193,1.00000,74.342,-5.525,34.356
[SHELL] ccB:163,2147513087,1,-22.987,-11.131,34.118,41.262,19.265,80.735,28.596,21.446,78.554
[SHELL] ccA:164,247847355,314582,0.339,35.440,0.000,35.000,2.47784,2.68994,23.76,-12.443,23.625,-12.443,23.625,-12.436,1.193,1.00000,74.342,-0.295,37.159
[SHELL] ccB:164,24613,1,-22.661,-14.175,36.836,51.783,18.912,81.088,41.262,19.265,80.735
[SHELL] ccA:165,247957335,314583,2.242,37.449,0.000,35.000,2.70462,2.91659,23.77,-12.482,23.569,-12.482,23.569,-12.437,1.192,1.00000,74.342,15.084,41.122
[SHELL] ccB:165,2147514045,1,-31.069,-11.203,42.272,63.940,19.992,80.008,51.783,18.912,81.088
[SHELL] ccA:166,248067363,314584,5.698,37.782,0.000,35.000,2.93174,3.14371,23.77,-12.554,23.561,-12.554,23.561,-12.440,1.190,1.00000,74.342,-7.083,31.727
[SHELL] ccB:166,24617,1,0.318,-28.310,27.992,75.431,22.584,77.416,63.940,19.992,80.008
[SHELL] ccA:167,248177367,314585,4.094,34.874,0.000,35.000,3.15217,3.36414,23.77,-12.524,23.620,-12.524,23.620,-12.442,1.190,1.00000,74.342,15.456,34.919
[SHELL] ccB:167,2147514029,1,-15.086,-22.838,37.923,79.391,20.609,67.842,75.431,22.584,77.416
[SHELL] ccA:168,248287351,314586,6.337,34.132,0.000,35.000,3.37752,3.58949,23.77,-12.572,23.635,-12.572,23.635,-12.445,1.191,1.00000,74.342,1.517,34.962
[SHELL] ccB:168,24611,1,6.697,-33.095,26.398,80.995,19.005,55.954,79.391,20.609,67.842
[SHELL] ccA:169,248397375,314587,4.895,34.859,0.000,35.000,3.60740,3.81937,23.77,-12.545,23.620,-12.545,23.620,-12.448,1.191,1.00000,74.342,1.092,34.593
[SHELL] ccB:169,2147514025,1,14.562,-34.472,19.910,80.936,19.064,43.603,80.995,19.005,55.954
[SHELL] ccA:170,248507367,314588,6.520,35.958,0.000,35.000,3.83160,4.04357,23.77,-12.581,23.598,-12.581,23.598,-12.451,1.190,1.00000,74.342,22.379,39.685
[SHELL] ccB:170,24619,1,8.002,-42.844,34.842,79.321,20.679,31.772,80.936,19.064,43.603
[SHELL] ccA:171,248617331,314589,10.490,36.488,0.000,35.000,4.05838,4.27038,23.73,-12.666,23.587,-12.666,23.587,-12.456,1.190,1.00000,74.342,-3.891,31.988
[SHELL] ccB:171,2147514047,1,27.755,-28.057,0.302,77.766,25.401,22.234,79.321,20.679,31.772
[SHELL] ccA:172,248727319,314590,6.997,34.518,0.000,35.000,4.28214,4.49411,23.74,-12.599,23.626,-12.599,23.626,-12.460,1.190,1.00000,74.342,13.390,34.410
[SHELL] ccB:172,24595,1,25.689,-35.813,10.124,80.207,36.531,19.793,77.766,25.401,22.234
[SHELL] ccA:173,248837339,314591,6.741,34.199,0.000,35.000,4.50579,4.71775,23.73,-12.598,23.633,-12.598,23.633,-12.463,1.190,1.00000,74.342,4.076,35.989
[SHELL] ccB:173,2147514043,1,34.387,-27.042,-7.345,81.185,48.461,18.815,80.207,36.531,19.793
[SHELL] ccA:174,248947343,314592,5.172,34.114,0.000,35.000,4.73724,4.94917,23.71,-12.569,23.635,-12.569,23.635,-12.465,1.191,1.00000,74.342,-0.855,30.068
[SHELL] ccB:174,24607,1,30.038,-13.632,-16.406,80.550,60.833,19.450,81.185,48.461,18.815
[SHELL] ccA:175,249057339,314593,5.396,33.926,0.000,35.000,4.95631,5.16843,23.74,-12.576,23.654,-12.576,23.654,-12.468,1.191,1.00000,74.342,19.219,39.580
[SHELL] ccB:175,2147514043,1,43.049,-29.398,-13.652,78.482,72.095,21.518,80.550,60.833,19.450
[SHELL] ccA:176,249167339,314594,7.516,34.459,0.000,35.000,5.18621,5.39833,23.74,-12.622,23.644,-12.622,23.644,-12.472,1.192,1.00000,74.342,-7.518,28.610
[SHELL] ccB:176,24605,1,22.028,6.085,-28.113,70.785,78.824,21.176,78.482,72.095,21.518
[SHELL] ccA:177,249277291,314595,2.507,32.588,0.000,35.000,5.41478,5.62690,23.73,-12.523,23.683,-12.523,23.683,-12.473,1.193,1.00000,74.342,5.846,33.550
[SHELL] ccB:177,2147514067,1,29.386,0.214,-29.599,59.138,80.759,19.241,70.785,78.824,21.176
[SHELL] ccA:178,249387299,314596,2.554,33.623,0.000,35.000,5.63390,5.84602,23.74,-12.526,23.663,-12.526,23.663,-12.474,1.194,1.00000,74.342,6.044,38.781
[SHELL] ccB:178,24585,1,28.262,9.456,-37.718,47.317,81.150,18.850,59.138,80.759,19.241
[SHELL] ccA:179,249497319,314597,2.993,35.626,0.000,35.000,5.86218,6.07428,23.74,-12.536,23.622,-12.536,23.622,-12.476,1.193,1.00000,74.342,-5.964,31.390
[SHELL] ccB:179,2147514053,1,7.386,23.228,-30.614,35.141,79.948,20.052,47.317,81.150,18.850
[SHELL] ccA:180,249607375,314598,3.168,34.921,0.000,35.000,6.08097,0.00991,23.73,-12.541,23.636,-12.541,23.636,-12.478,1.193,1.00000,74.342,18.555,38.121
[SHELL] ccB:180,24623,1,25.834,16.197,-42.031,24.225,77.388,22.612,35.141,79.948,20.052
[SHELL] ccA:181,249717275,314599,6.218,34.995,0.000,35.000,0.02591,0.23802,23.76,-12.605,23.635,-12.605,23.635,-12.481,1.193,1.00000,74.342,-6.276,32.347
[SHELL] ccB:181,2147514075,1,-7.112,31.419,-24.308,20.373,79.627,33.038,24.225,77.388,22.612
[SHELL] ccA:182,249827127,314600,2.493,34.832,0.000,35.000,0.24609,0.45820,23.60,-12.532,23.638,-12.532,23.638,-12.482,1.193,1.00000,74.342,3.969,36.513
[SHELL] ccB:182,24499,1,-5.046,34.029,-28.983,18.993,81.007,44.529,20.373,79.627,33.038
[SHELL] ccA:183,249937087,314601,3.006,36.887,0.000,35.000,0.47352,0.68563,23.54,-12.544,23.596,-12.544,23.596,-12.483,1.192,1.00000,74.342,10.362,42.176
[SHELL] ccB:183,2147514169,1,-10.011,41.604,-31.593,19.121,80.879,56.831,18.993,81.007,44.529
[SHELL] ccA:184,250047323,314602,4.486,38.583,0.000,35.000,0.70156,0.91368,23.55,-12.575,23.560,-12.575,23.560,-12.486,1.191,1.00000,74.342,-6.749,33.469
[SHELL] ccB:184,24597,1,-26.756,31.746,-4.990,20.848,79.152,68.819,19.121,80.879,56.831
[SHELL] ccA:185,250157511,314603,3.614,36.612,0.000,35.000,0.92564,1.13778,23.92,-12.560,23.599,-12.560,23.599,-12.487,1.190,1.00000,74.342,17.591,37.335
[SHELL] ccB:185,2147513957,1,-19.254,41.242,-21.988,22.200,74.310,77.800,20.848,79.152,68.819
[SHELL] ccA:186,250267479,314604,5.992,35.508,0.000,35.000,1.14763,1.35986,23.86,-12.610,23.631,-12.610,23.631,-12.490,1.190,1.00000,74.342,-4.465,33.892
[SHELL] ccB:186,24675,1,-32.736,24.896,7.841,19.725,63.074,80.275,22.200,74.310,77.800
[SHELL] ccA:187,250377467,314605,2.936,35.557,0.000,35.000,1.37324,1.58547,23.86,-12.551,23.629,-12.551,23.629,-12.492,1.189,1.00000,74.342,3.084,37.108
[SHELL] ccB:187,2147513979,1,-35.781,26.817,8.964,18.838,51.116,81.162,19.725,63.074,80.275
[SHELL] ccA:188,250487479,314606,4.214,36.990,0.000,35.000,1.60244,1.81464,23.86,-12.578,23.600,-12.578,23.600,-12.494,1.188,1.00000,74.342,15.154,39.852
[SHELL] ccB:188,24675,1,-40.311,32.181,8.131,19.531,38.755,80.469,18.838,51.116,81.162
[SHELL] ccA:189,250597451,314607,7.269,36.725,0.000,35.000,1.82892,2.04111,23.87,-12.643,23.604,-12.643,23.604,-12.498,1.187,1.00000,74.342,-4.316,30.087
[SHELL] ccB:189,2147513987,1,-27.988,3.729,24.259,21.758,27.063,78.242,19.531,38.755,80.469
[SHELL] ccA:190,250707423,314608,5.132,33.540,0.000,35.000,2.04556,2.25776,23.81,-12.603,23.668,-12.603,23.668,-12.500,1.188,1.00000,74.342,14.004,34.133
[SHELL] ccB:190,24647,1,-36.759,15.653,21.106,29.203,21.163,78.837,21.758,27.063,78.242
[SHELL] ccA:191,250817395,314609,4.534,32.910,0.000,35.000,2.27992,2.49212,23.82,-12.593,23.682,-12.593,23.682,-12.503,1.189,1.00000,74.342,-5.557,33.289
[SHELL] ccB:191,2147514015,1,-21.646,-11.602,33.248,41.338,19.157,80.843,29.203,21.163,78.837
[SHELL] ccA:192,250927335,314610,0.197,34.231,0.000,35.000,2.50509,2.71729,23.75,-12.507,23.656,-12.507,23.656,-12.503,1.190,1.00000,74.342,-2.103,36.213
[SHELL] ccB:192,24603,1,-19.834,-16.386,36.220,53.347,18.888,81.112,41.338,19.157,80.843
[SHELL] ccA:193,251037347,314611,1.994,36.880,0.000,35.000,2.72852,2.94072,23.76,-12.543,23.602,-12.543,23.602,-12.504,1.189,1.00000,74.782,17.737,41.803
[SHELL] ccB:193,2147514039,1,-33.026,-10.478,43.505,65.208,20.318,79.682,53.347,18.888,81.112
[SHELL] ccA:194,251147347,314612,6.485,38.220,0.000,35.000,2.95444,3.16664,23.75,-12.637,23.574,-12.637,23.574,-12.507,1.187,1.00000,74.782,-7.433,33.061
[SHELL] ccB:194,24609,1,1.152,-29.905,28.753,76.523,23.075,76.925,65.208,20.318,79.682
[SHELL] ccA:195,251257307,314613,4.050,35.629,0.000,35.000,3.19087,3.40307,23.75,-12.590,23.625,-12.590,23.625,-12.509,1.187,1.00000,74.342,13.326,34.591
[SHELL] ccB:195,2147514059,1,-11.606,-24.686,36.292,79.828,20.172,65.761,76.523,23.075,76.925
[SHELL] ccA:196,251367387,314614,4.730,34.285,0.000,35.000,3.41152,3.62369,23.73,-12.606,23.652,-12.606,23.652,-12.511,1.187,1.00000,74.342,-0.302,34.897
[SHELL] ccB:196,24629,1,9.596,-33.856,24.259,81.133,18.867,54.076,79.828,20.172,65.761
[SHELL] ccA:197,251477483,314615,0.699,33.900,0.000,35.000,3.63121,3.84364,23.92,-12.526,23.683,-12.526,23.683,-12.512,1.188,1.00000,74.782,-9.927,31.217
[SHELL] ccB:197,2147513971,1,23.442,-31.536,8.094,80.717,19.283,42.430,81.133,18.867,54.076
[SHELL] ccA:198,251587419,314616,-1.769,33.895,0.000,35.000,3.86569,4.07811,23.83,-12.475,23.684,-12.475,23.684,-12.511,1.188,1.00000,74.342,13.081,38.251
[SHELL] ccB:198,24645,1,15.540,-40.090,24.549,79.026,20.974,30.261,80.717,19.283,42.430
[SHELL] ccA:199,251697387,314617,0.675,35.432,0.000,35.000,4.09269,4.30510,23.79,-12.525,23.653,-12.525,23.653,-12.511,1.188,1.00000,74.342,-13.535,34.010
[SHELL] ccB:199,2147514019,1,35.547,-25.338,-10.209,78.157,26.807,21.843,79.026,20.974,30.261
[SHELL] ccA:200,251807407,314618,-2.678,35.611,0.000,35.000,4.31170,4.52412,23.80,-12.456,23.649,-12.456,23.649,-12.510,1.188,1.00000,74.342,3.276,36.174
[SHELL] ccB:200,24639,1,32.031,-30.847,-1.184,80.338,37.858,19.662,78.157,26.807,21.843
[SHELL] ccA:201,251917423,314619,-2.394,37.179,0.000,35.000,4.53391,4.74625,23.76,-12.461,23.617,-12.461,23.617,-12.509,1.187,1.00000,74.342,-2.592,42.356
[SHELL] ccB:201,2147514001,1,42.143,-25.375,-16.769,81.106,49.771,18.894,80.338,37.858,19.662
[SHELL] ccA:202,252027403,314620,-2.465,38.763,0.000,35.000,4.76512,4.97756,23.80,-12.458,23.583,-12.458,23.583,-12.507,1.185,1.00000,74.782,-7.952,34.165
[SHELL] ccB:202,24637,1,33.699,-8.412,-25.286,80.091,62.070,19.909,81.106,49.771,18.894
[SHELL] ccA:203,252137387,314621,-1.063,37.997,0.000,35.000,4.99156,5.20397,23.80,-12.485,23.597,-12.485,23.597,-12.507,1.183,1.00000,74.782,14.244,41.303
[SHELL] ccB:203,2147514019,1,43.629,-23.816,-19.813,77.776,73.516,22.224,80.091,62.070,19.909
[SHELL] ccA:204,252247395,314622,2.020,37.115,0.000,35.000,5.20786,5.42030,23.79,-12.548,23.614,-12.548,23.614,-12.508,1.182,1.00000,74.782,-12.454,31.687
[SHELL] ccB:204,24633,1,21.956,11.558,-33.513,69.618,78.822,21.178,77.776,73.516,22.224
[SHELL] ccA:205,252357391,314623,-3.383,34.459,0.000,35.000,5.43664,5.64905,23.80,-12.438,23.667,-12.438,23.667,-12.506,1.182,1.00000,74.782,-2.869,33.157
[SHELL] ccB:205,2147514017,1,22.934,9.419,-32.354,58.028,80.614,19.386,69.618,78.822,21.178
[SHELL] ccA:206,252467423,314624,-4.412,34.003,0.000,35.000,5.65693,5.86935,23.80,-12.416,23.677,-12.416,23.677,-12.504,1.183,1.00000,74.782,0.541,38.010
[SHELL] ccB:206,24647,1,22.717,15.037,-37.754,46.296,80.886,19.114,58.028,80.614,19.386
[SHELL] ccA:207,252577391,314625,-3.028,34.615,0.000,35.000,5.88844,6.10088,23.80,-12.442,23.665,-12.442,23.665,-12.502,1.183,1.00000,74.782,-10.324,29.284
[SHELL] ccB:207,2147514017,1,1.732,25.983,-27.714,34.063,79.563,20.437,46.296,80.886,19.114
[SHELL] ccA:208,252687383,314626,-1.517,32.871,0.000,35.000,6.11308,0.04249,23.80,-12.471,23.716,-12.471,23.716,-12.502,1.184,1.00000,74.782,14.038,34.908
[SHELL] ccB:208,24627,1,19.745,17.864,-37.609,23.080,76.920,23.266,34.063,79.563,20.437
[SHELL] ccA:209,252797271,314627,2.012,32.262,0.000,35.000,0.05309,0.26568,23.79,-12.543,23.730,-12.543,23.730,-12.503,1.186,1.00000,74.782,-9.704,29.948
[SHELL] ccB:209,2147514077,1,-11.280,31.093,-19.813,20.262,79.738,34.333,23.080,76.920,23.266
[SHELL] ccA:210,252907203,314628,-1.899,32.071,0.000,35.000,0.27195,0.48451,23.62,-12.464,23.735,-12.464,23.735,-12.502,1.187,1.00000,74.342,-2.224,33.479
[SHELL] ccB:210,24537,1,-11.135,32.978,-21.843,18.868,81.132,45.723,20.262,79.738,34.333
[SHELL] ccA:211,253017143,314629,-2.075,34.063,0.000,35.000,0.50238,0.71497,23.57,-12.459,23.696,-12.459,23.696,-12.501,1.187,1.00000,74.342,5.851,39.345
[SHELL] ccB:211,2147514141,1,-13.817,39.212,-25.395,19.172,80.828,58.171,18.868,81.132,45.723
[SHELL] ccA:212,253127367,314630,-0.509,35.914,0.000,35.000,0.73271,0.94527,23.56,-12.490,23.658,-12.490,23.658,-12.500,1.187,1.00000,74.782,-11.513,31.487
[SHELL] ccB:212,24619,1,-29.619,28.411,1.208,21.272,78.728,70.095,19.172,80.828,58.171
[SHELL] ccA:213,253237559,314631,-0.447,35.140,0.000,35.000,0.95615,1.16872,24.01,-12.491,23.674,-12.491,23.674,-12.500,1.187,1.00000,74.782,15.385,38.242
[SHELL] ccB:213,2147513933,1,-22.371,41.169,-18.798,21.957,72.877,78.043,21.272,78.728,70.095
[SHELL] ccA:214,253347575,314632,2.782,35.483,0.000,35.000,1.16994,1.38253,23.94,-12.557,23.667,-12.557,23.667,-12.502,1.187,1.00000,74.782,-8.130,33.960
[SHELL] ccB:214,24723,1,-34.440,22.214,12.226,19.749,61.940,80.251,21.957,72.877,78.043
[SHELL] ccA:215,253457551,314633,-0.684,35.272,0.000,35.000,1.39909,1.61165,23.94,-12.487,23.671,-12.487,23.671,-12.501,1.187,1.00000,74.342,-1.861,34.925
[SHELL] ccB:215,2147513937,1,-34.730,20.945,13.785,18.824,49.854,81.176,19.749,61.940,80.251
[SHELL] ccA:216,253567547,314634,0.310,35.509,0.000,35.000,1.62023,1.83279,23.94,-12.508,23.666,-12.508,23.666,-12.501,1.186,1.00000,74.342,13.090,38.225
[SHELL] ccB:216,24709,1,-38.825,29.100,9.725,19.601,37.972,80.399,18.824,49.854,81.176
[SHELL] ccA:217,253677523,314635,3.666,35.362,0.000,35.000,1.85392,2.06649,23.94,-12.576,23.669,-12.576,23.669,-12.503,1.186,1.00000,74.342,-9.654,30.070
[SHELL] ccB:217,2147513951,1,-26.176,-2.215,28.391,22.030,25.967,77.970,19.601,37.972,80.399
[SHELL] ccA:218,253787479,314636,1.201,32.959,0.000,35.000,2.08166,2.29427,23.89,-12.528,23.722,-12.528,23.722,-12.504,1.187,1.00000,74.342,11.024,33.468
[SHELL] ccB:218,24675,1,-34.585,11.449,23.136,30.859,20.768,79.232,22.030,25.967,77.970
[SHELL] ccA:219,253897451,314637,1.592,32.562,0.000,35.000,2.30125,2.51386,23.90,-12.536,23.731,-12.536,23.731,-12.505,1.188,1.00000,74.782,-6.027,33.242
[SHELL] ccB:219,2147513987,1,-20.740,-12.726,33.465,42.395,19.230,80.770,30.859,20.768,79.232
[SHELL] ccA:220,254007455,314638,-1.670,33.815,0.000,35.000,2.52713,2.73974,23.84,-12.470,23.707,-12.470,23.707,-12.504,1.189,1.00000,74.782,-5.652,35.309
[SHELL] ccB:220,24663,1,-15.738,-19.938,35.676,54.422,19.084,80.916,42.395,19.230,80.770
[SHELL] ccA:221,254117455,314639,-0.308,36.313,0.000,35.000,2.75249,2.96510,23.83,-12.497,23.656,-12.497,23.656,-12.504,1.188,1.00000,74.782,16.098,41.394
[SHELL] ccB:221,2147513985,1,-30.598,-12.581,43.179,66.347,20.489,79.511,54.422,19.084,80.916
[SHELL] ccA:222,254227435,314640,4.411,37.644,0.000,35.000,2.97416,3.18677,23.83,-12.594,23.628,-12.594,23.628,-12.506,1.187,1.00000,74.782,-8.900,32.482
[SHELL] ccB:222,24653,1,3.362,-30.702,27.340,77.026,22.974,76.327,66.347,20.489,79.511
[SHELL] ccA:223,254337463,314641,3.070,35.804,0.000,35.000,3.19662,3.40915,23.79,-12.569,23.665,-12.569,23.665,-12.507,1.187,1.00000,74.342,13.981,36.857
[SHELL] ccB:223,2147513981,1,-11.932,-26.571,38.503,79.899,20.101,65.533,77.026,22.974,76.327
[SHELL] ccA:224,254447419,314642,5.062,35.787,0.000,35.000,3.42716,3.63977,23.83,-12.611,23.665,-12.611,23.665,-12.510,1.186,1.00000,74.342,1.188,36.954
[SHELL] ccB:224,24645,1,9.270,-35.632,26.361,81.183,18.817,53.212,79.899,20.101,65.533
[SHELL] ccA:225,254557447,314643,3.050,36.378,0.000,35.000,3.65241,3.86505,23.85,-12.572,23.652,-12.572,23.652,-12.511,1.185,1.00000,74.782,-4.158,34.748
[SHELL] ccB:225,2147513989,1,20.615,-34.798,14.183,80.600,19.400,41.184,81.183,18.817,53.212
[SHELL] ccA:226,254667419,314644,2.959,36.992,0.000,35.000,3.87387,4.08650,23.83,-12.572,23.639,-12.572,23.639,-12.513,1.184,1.00000,74.342,18.964,41.520
[SHELL] ccB:226,24645,1,13.656,-44.548,30.892,78.889,21.111,29.636,80.600,19.400,41.184
[SHELL] ccA:227,254777399,314645,6.467,37.921,0.000,35.000,4.10045,4.31306,23.80,-12.645,23.619,-12.645,23.619,-12.516,1.183,1.00000,74.342,-7.902,33.897
[SHELL] ccB:227,2147514013,1,32.285,-27.404,-4.881,78.351,27.398,21.649,78.889,21.111,29.636
[SHELL] ccA:228,254887407,314646,2.341,36.720,0.000,35.000,4.32453,4.53714,23.80,-12.564,23.642,-12.564,23.642,-12.517,1.182,1.00000,74.342,6.204,37.567
[SHELL] ccB:228,24639,1,32.430,-33.493,1.063,80.501,38.719,19.499,78.351,27.398,21.649
[SHELL] ccA:229,254997379,314647,1.911,37.797,0.000,35.000,4.55324,4.76581,23.81,-12.556,23.615,-12.556,23.615,-12.518,1.181,1.00000,74.342,3.140,42.159
[SHELL] ccB:229,2147514023,1,41.129,-29.035,-12.093,81.151,51.000,18.849,80.501,38.719,19.499
[SHELL] ccA:230,255107351,314648,2.132,38.726,0.000,35.000,4.77890,4.99149,23.81,-12.562,23.594,-12.562,23.594,-12.519,1.179,1.00000,74.782,-3.957,33.020
[SHELL] ccB:230,24611,1,32.684,-11.022,-21.662,80.033,62.991,19.967,81.151,51.000,18.849
[SHELL] ccA:231,255217399,314649,3.068,36.850,0.000,35.000,4.99471,5.20730,23.80,-12.582,23.631,-12.582,23.631,-12.521,1.178,1.00000,74.782,17.045,39.200
[SHELL] ccB:231,2147514013,1,42.397,-25.918,-16.479,77.773,73.868,22.227,80.033,62.991,19.967
[SHELL] ccA:232,255327395,314650,5.234,35.359,0.000,35.000,5.22889,5.44146,23.79,-12.628,23.660,-12.628,23.660,-12.523,1.178,1.00000,74.782,-9.198,30.014
[SHELL] ccB:232,24633,1,21.557,8.985,-30.541,68.520,79.160,20.840,77.773,73.868,22.227
[SHELL] ccA:233,255437419,314651,0.357,33.399,0.000,35.000,5.45251,5.66507,23.81,-12.531,23.700,-12.531,23.700,-12.524,1.179,1.00000,74.342,2.776,34.365
[SHELL] ccB:233,2147514003,1,27.247,4.672,-31.919,57.107,80.960,19.040,68.520,79.160,20.840
[SHELL] ccA:234,255547391,314652,0.455,34.317,0.000,35.000,5.67663,5.88922,23.79,-12.533,23.682,-12.533,23.682,-12.524,1.179,1.00000,74.342,5.467,38.521
[SHELL] ccB:234,24631,1,26.450,11.485,-37.935,44.992,81.079,18.921,57.107,80.960,19.040
[SHELL] ccA:235,255657375,314653,1.345,35.374,0.000,35.000,5.90059,6.11316,23.80,-12.551,23.661,-12.551,23.661,-12.524,1.179,1.00000,74.342,-8.328,30.090
[SHELL] ccB:235,2147514025,1,3.507,25.113,-28.621,33.118,79.640,20.360,44.992,81.079,18.921
[SHELL] ccA:236,255767419,314654,1.285,34.111,0.000,35.000,6.12519,0.05458,23.87,-12.551,23.687,-12.551,23.687,-12.525,1.179,1.00000,74.782,16.329,37.745
[SHELL] ccB:236,24645,1,22.064,19.024,-41.088,22.837,77.163,23.969,33.118,79.640,20.360
[SHELL] ccA:237,255877255,314655,4.298,34.526,0.000,35.000,0.06995,0.28254,23.73,-12.613,23.679,-12.613,23.679,-12.527,1.179,1.00000,74.342,-7.140,32.522
[SHELL] ccB:237,2147514085,1,-9.395,32.362,-22.966,19.923,80.077,35.290,22.837,77.163,23.969
[SHELL] ccA:238,255987159,314656,0.434,34.603,0.000,35.000,0.28883,0.50140,23.61,-12.536,23.677,-12.536,23.677,-12.528,1.180,1.00000,74.342,-0.313,35.622
[SHELL] ccB:238,24515,1,-10.446,34.718,-24.271,18.844,81.156,46.820,19.923,80.077,35.290
[SHELL] ccA:239,256097143,314657,0.974,36.640,0.000,35.000,0.51814,0.73069,23.56,-12.547,23.636,-12.547,23.636,-12.528,1.179,1.00000,74.782,11.661,42.792
[SHELL] ccB:239,2147514141,1,-11.063,42.728,-31.665,19.465,80.535,59.162,18.844,81.156,46.820
[SHELL] ccA:240,256207383,314658,3.688,38.569,0.000,35.000,0.74332,0.95590,23.56,-12.604,23.594,-12.604,23.594,-12.530,1.177,1.00000,74.782,-8.257,33.072
[SHELL] ccB:240,24627,1,-28.460,30.477,-2.018,21.459,78.541,70.861,19.465,80.535,59.162
[SHELL] ccA:241,256317579,314659,3.228,36.821,0.000,35.000,0.97544,1.18800,23.99,-12.596,23.628,-12.596,23.628,-12.531,1.176,1.00000,74.342,17.762,38.350
[SHELL] ccB:241,2147513923,1,-21.791,42.256,-20.466,21.476,71.864,78.524,21.459,78.541,70.861
[SHELL] ccA:242,256427531,314660,5.898,36.319,0.000,35.000,1.19792,1.41048,23.92,-12.652,23.638,-12.652,23.638,-12.534,1.175,1.00000,74.342,-3.675,35.505
[SHELL] ccB:242,24701,1,-34.404,25.439,8.964,19.344,60.347,80.656,21.476,71.864,78.524
[SHELL] ccA:243,256537547,314661,2.461,36.335,0.000,35.000,1.43111,1.64368,23.93,-12.585,23.637,-12.585,23.637,-12.536,1.175,1.00000,74.342,-0.567,35.980
[SHELL] ccB:243,2147513939,1,-35.708,21.706,14.002,18.828,47.918,81.172,19.344,60.347,80.656
[SHELL] ccA:244,256647539,314662,2.426,36.503,0.000,35.000,1.65111,1.86370,23.93,-12.585,23.633,-12.585,23.633,-12.537,1.174,1.00000,74.342,14.514,38.546
[SHELL] ccB:244,24705,1,-39.586,29.644,9.943,19.847,36.182,80.153,18.828,47.918,81.172
[SHELL] ccA:245,256757503,314663,4.249,35.741,0.000,35.000,1.87486,2.08738,23.87,-12.624,23.648,-12.624,23.648,-12.539,1.174,1.00000,74.782,-11.464,29.893
[SHELL] ccB:245,2147513961,1,-25.089,-4.679,29.768,22.512,25.012,77.488,19.847,36.182,80.153
[SHELL] ccA:246,256867475,314664,-0.445,33.027,0.000,35.000,2.10213,2.31469,23.88,-12.530,23.703,-12.530,23.703,-12.539,1.175,1.00000,74.782,6.636,33.777
[SHELL] ccB:246,24673,1,-32.483,6.375,26.108,32.034,20.735,79.265,22.512,25.012,77.488
[SHELL] ccA:247,256977439,314665,-1.175,33.319,0.000,35.000,2.32536,2.53792,23.88,-12.515,23.698,-12.515,23.698,-12.538,1.176,1.00000,74.782,-6.509,35.829
[SHELL] ccB:247,2147513993,1,-21.646,-14.538,36.183,43.682,19.180,80.820,32.034,20.735,79.265
[SHELL] ccA:248,257087435,314666,-2.986,35.226,0.000,35.000,2.54343,2.75599,23.82,-12.477,23.660,-12.477,23.660,-12.537,1.175,1.00000,74.782,-5.564,35.469
[SHELL] ccB:248,24653,1,-15.376,-20.409,35.785,55.340,19.178,80.822,43.682,19.180,80.820
[SHELL] ccA:249,257197495,314667,0.034,37.409,0.000,35.000,2.78304,2.99557,23.90,-12.537,23.615,-12.537,23.615,-12.537,1.174,1.00000,74.782,17.771,42.871
[SHELL] ccB:249,2147513965,1,-31.685,-13.523,45.208,67.988,20.831,79.169,55.340,19.178,80.822
[SHELL] ccA:250,257307435,314668,6.168,38.598,0.000,35.000,3.00541,3.21814,23.81,-12.663,23.611,-12.663,23.611,-12.540,1.172,1.00000,74.782,-5.307,33.181
[SHELL] ccB:250,24653,1,0.753,-29.470,28.717,77.544,22.456,74.739,67.988,20.831,79.169
[SHELL] ccA:251,257417427,314669,4.611,35.788,0.000,35.000,3.22825,3.44102,23.82,-12.634,23.667,-12.634,23.667,-12.542,1.172,1.00000,74.782,11.286,33.917
[SHELL] ccB:251,2147513999,1,-8.308,-25.955,34.263,80.045,19.955,63.700,77.544,22.456,74.739
[SHELL] ccA:252,257527403,314670,4.896,34.250,0.000,35.000,3.45663,3.66939,23.82,-12.642,23.698,-12.642,23.698,-12.545,1.172,1.00000,74.782,2.321,35.986
[SHELL] ccB:252,24637,1,8.944,-34.726,25.781,81.092,18.908,51.579,80.045,19.955,63.700
[SHELL] ccA:253,257637399,314671,2.399,34.423,0.000,35.000,3.68889,3.90165,23.82,-12.594,23.695,-12.594,23.695,-12.546,1.173,1.00000,74.782,-6.330,31.804
[SHELL] ccB:253,2147514013,1,21.956,-31.645,9.689,80.447,19.553,39.234,81.092,18.908,51.579
[SHELL] ccA:254,257747387,314672,0.560,33.726,0.000,35.000,3.89859,4.11134,23.82,-12.557,23.709,-12.557,23.709,-12.546,1.173,1.00000,74.782,12.579,35.311
[SHELL] ccB:254,24629,1,15.105,-37.263,22.157,78.500,21.500,28.567,80.447,19.553,39.234
[SHELL] ccA:255,257857407,314673,1.318,33.033,0.000,35.000,4.13408,4.34687,23.78,-12.573,23.724,-12.573,23.724,-12.547,1.174,1.00000,74.782,-13.557,29.705
[SHELL] ccB:255,2147514009,1,32.285,-20.373,-11.912,78.618,28.939,21.382,78.500,21.500,28.567
[SHELL] ccA:256,257967359,314674,-3.159,31.993,0.000,35.000,4.36215,4.57494,23.78,-12.482,23.746,-12.482,23.746,-12.545,1.176,1.00000,74.342,1.898,33.252
[SHELL] ccB:256,24615,1,30.582,-26.716,-3.866,80.763,40.463,19.237,78.618,28.939,21.382
[SHELL] ccA:257,258077399,314675,-2.018,33.934,0.000,35.000,4.58477,4.79753,23.79,-12.504,23.708,-12.504,23.708,-12.544,1.176,1.00000,74.342,1.688,39.527
[SHELL] ccB:257,2147514013,1,38.990,-25.302,-13.688,81.190,52.534,18.810,80.763,40.463,19.237
[SHELL] ccA:258,258187399,314676,-1.000,35.580,0.000,35.000,4.80535,5.01812,23.79,-12.524,23.675,-12.524,23.675,-12.544,1.176,1.00000,74.782,-9.277,30.014
[SHELL] ccB:258,24635,1,29.023,-4.099,-24.924,79.904,64.262,20.096,81.190,52.534,18.810
[SHELL] ccA:259,258297383,314677,-0.950,34.237,0.000,35.000,5.03088,5.24364,23.79,-12.524,23.702,-12.524,23.702,-12.543,1.176,1.00000,74.782,13.067,37.395
[SHELL] ccB:259,2147514021,1,39.606,-20.409,-19.197,77.337,75.485,22.663,79.904,64.262,20.096
[SHELL] ccA:260,258407363,314678,1.379,33.443,0.000,35.000,5.26241,5.47516,23.79,-12.571,23.719,-12.571,23.719,-12.544,1.177,1.00000,74.342,-11.340,28.966
[SHELL] ccB:260,24617,1,18.766,12.102,-30.868,67.072,79.678,20.322,77.337,75.485,22.663
[SHELL] ccA:261,258517391,314679,-2.715,32.066,0.000,35.000,5.48339,5.69618,23.79,-12.488,23.751,-12.488,23.751,-12.542,1.179,1.00000,74.342,-1.247,32.936
[SHELL] ccB:261,2147514017,1,22.753,9.275,-32.027,55.563,81.094,18.906,67.072,79.678,20.322
[SHELL] ccA:262,258627411,314680,-2.375,33.458,0.000,35.000,5.71016,5.92294,23.78,-12.494,23.724,-12.494,23.724,-12.541,1.179,1.00000,74.342,4.333,38.994
[SHELL] ccB:262,24641,1,24.783,13.950,-38.733,43.283,80.993,19.007,55.563,81.094,18.906
[SHELL] ccA:263,258737379,314681,-0.697,35.433,0.000,35.000,5.94003,6.15281,23.79,-12.527,23.684,-12.527,23.684,-12.541,1.179,1.00000,74.342,-10.208,30.808
[SHELL] ccB:263,2147514023,1,0.753,27.723,-28.476,31.151,79.253,20.747,43.283,80.993,19.007
[SHELL] ccA:264,258847335,314682,-0.650,34.237,0.000,35.000,6.17223,0.10183,23.79,-12.528,23.708,-12.528,23.708,-12.541,1.180,1.00000,74.342,13.484,36.339
[SHELL] ccB:264,24603,1,17.425,21.271,-38.696,22.000,78.000,26.017,31.151,79.253,20.747
[SHELL] ccA:265,258957263,314683,1.553,33.932,0.000,35.000,0.10335,0.31614,23.72,-12.572,23.715,-12.572,23.715,-12.541,1.180,1.00000,74.782,-10.547,32.241
[SHELL] ccB:265,2147514081,1,-13.817,33.739,-19.922,19.833,80.167,37.015,22.000,78.000,26.017
[SHELL] ccA:266,259067175,314684,-3.353,34.049,0.000,35.000,0.34212,0.55494,23.61,-12.473,23.713,-12.473,23.713,-12.540,1.181,1.00000,74.782,-5.801,35.375
[SHELL] ccB:266,24523,1,-17.333,35.841,-18.508,18.972,81.028,49.568,19.833,80.167,37.015
[SHELL] ccA:267,259177383,314685,-3.671,35.988,0.000,35.000,0.56041,0.77319,23.51,-12.464,23.674,-12.464,23.674,-12.538,1.180,1.00000,74.342,7.464,40.958
[SHELL] ccB:267,2147514021,1,-15.448,41.205,-25.757,19.522,80.478,61.286,18.972,81.028,49.568
[SHELL] ccA:268,259287679,314686,-1.528,37.358,0.000,35.000,0.78194,0.99473,24.03,-12.506,23.645,-12.506,23.645,-12.537,1.179,1.00000,74.342,-15.241,32.139
[SHELL] ccB:268,24775,1,-33.461,27.179,6.282,21.729,78.271,72.698,19.522,80.478,61.286
[SHELL] ccA:269,259397623,314687,-4.179,35.231,0.000,35.000,1.01577,1.22856,24.01,-12.451,23.688,-12.451,23.688,-12.535,1.179,1.00000,74.342,6.300,35.687
[SHELL] ccB:269,2147513901,1,-27.010,34.428,-7.418,21.071,70.122,78.929,21.729,78.271,72.698
[SHELL] ccA:270,259507599,314688,-2.940,35.027,0.000,35.000,1.23458,1.44737,24.01,-12.475,23.692,-12.475,23.692,-12.534,1.179,1.00000,74.342,-9.120,36.597
[SHELL] ccB:270,24735,1,-37.557,21.779,15.778,19.219,58.734,80.781,21.071,70.122,78.929
[SHELL] ccA:271,259617647,314689,-4.677,36.626,0.000,35.000,1.46213,1.67509,24.01,-12.438,23.676,-12.438,23.676,-12.531,1.178,1.00000,74.342,-6.766,37.625
[SHELL] ccB:271,2147513889,1,-38.137,16.777,21.360,18.909,46.528,81.091,19.219,58.734,80.781
[SHELL] ccA:272,259727635,314690,-3.027,38.965,0.000,35.000,1.68935,1.90228,23.98,-12.469,23.628,-12.469,23.628,-12.530,1.176,1.00000,74.342,10.544,44.012
[SHELL] ccB:272,24753,1,-44.951,27.034,17.917,20.208,34.407,79.792,18.909,46.528,81.091
[SHELL] ccA:273,259837611,314691,0.578,39.565,0.000,35.000,1.92626,2.13923,24.02,-12.541,23.613,-12.541,23.613,-12.530,1.174,1.00000,74.342,-12.010,32.612
[SHELL] ccB:273,2147513907,1,-26.394,-6.383,32.777,23.469,22.880,77.120,20.208,34.407,79.792
[SHELL] ccA:274,259947575,314692,-2.147,36.154,0.000,35.000,2.13934,2.35230,23.96,-12.486,23.681,-12.486,23.681,-12.529,1.173,1.00000,74.342,4.889,35.380
[SHELL] ccB:274,24723,1,-32.446,3.294,29.152,33.827,20.244,79.756,23.469,22.880,77.120
[SHELL] ccA:275,260057519,314693,-2.435,34.904,0.000,35.000,2.37178,2.58476,23.90,-12.479,23.706,-12.479,23.706,-12.528,1.173,1.00000,74.342,-7.509,36.244
[SHELL] ccB:275,2147513953,1,-19.834,-17.147,36.981,46.096,18.873,81.127,33.827,20.244,79.756
[SHELL] ccA:276,260167703,314694,-5.206,35.854,0.000,35.000,2.59153,2.80449,23.90,-12.421,23.687,-12.421,23.687,-12.525,1.173,1.00000,74.342,-10.693,35.551
[SHELL] ccB:276,24787,1,-9.468,-26.353,35.821,57.843,19.174,80.826,46.096,18.873,81.127
[SHELL] ccA:277,260276935,314695,-4.169,36.901,0.000,35.000,2.82495,3.03791,23.35,-12.440,23.665,-12.440,23.665,-12.523,1.172,1.00000,74.342,12.218,40.258
[SHELL] ccB:277,2147514245,1,-24.147,-17.763,41.910,70.023,21.081,78.919,57.843,19.174,80.826
[SHELL] ccA:278,260386947,314696,0.270,37.066,0.000,35.000,3.03700,3.24995,23.35,-12.528,23.660,-12.528,23.660,-12.523,1.171,1.00000,74.342,-12.665,32.197
[SHELL] ccB:278,24409,1,9.234,-33.493,24.259,78.058,21.942,73.587,70.023,21.081,78.919
[SHELL] ccA:279,260496955,314697,-2.711,34.455,0.000,35.000,3.27391,3.48687,23.35,-12.468,23.713,-12.468,23.713,-12.522,1.171,1.00000,74.342,2.266,33.167
[SHELL] ccB:279,2147514235,1,2.130,-29.796,27.666,80.471,19.529,61.684,78.058,21.942,73.587
[SHELL] ccA:280,260606947,314698,-2.261,33.942,0.000,35.000,3.49665,3.70961,23.35,-12.475,23.724,-12.475,23.724,-12.521,1.172,1.00000,74.342,-0.912,37.239
[SHELL] ccB:280,24409,1,13.801,-36.864,23.063,81.224,18.776,49.733,80.471,19.529,61.684
[SHELL] ccA:281,260716951,314699,-2.166,34.987,0.000,35.000,3.72348,3.93647,23.35,-12.476,23.703,-12.476,23.703,-12.520,1.172,1.00000,74.342,-9.108,32.303
[SHELL] ccB:281,2147514237,1,25.362,-31.717,6.355,80.366,19.634,37.564,81.224,18.776,49.733
[SHELL] ccA:282,260826943,314700,-1.513,34.957,0.000,35.000,3.94898,4.16206,23.38,-12.489,23.717,-12.489,23.717,-12.519,1.172,1.00000,74.342,13.074,37.984
[SHELL] ccB:282,24407,1,18.404,-40.126,21.722,78.008,21.992,26.090,80.366,19.634,37.564
[SHELL] ccA:283,260936955,314701,1.097,35.468,0.000,35.000,4.17331,4.38640,23.37,-12.541,23.707,-12.541,23.707,-12.519,1.171,1.00000,74.342,-12.651,33.600
[SHELL] ccB:283,2147514235,1,35.330,-23.200,-12.130,79.207,30.785,20.793,78.008,21.992,26.090
[SHELL] ccA:284,261046979,314702,-3.254,34.969,0.000,35.000,4.40083,4.61393,23.43,-12.453,23.717,-12.453,23.717,-12.518,1.171,1.00000,74.342,-0.787,34.693
[SHELL] ccB:284,24425,1,33.264,-25.193,-8.070,80.906,42.535,19.094,79.207,30.785,20.793
[SHELL] ccA:285,261156967,314703,-3.207,35.675,0.000,35.000,4.62165,4.83473,23.37,-12.452,23.702,-12.452,23.702,-12.516,1.171,1.00000,74.342,1.397,39.715
[SHELL] ccB:285,2147514229,1,39.425,-24.034,-15.392,81.084,54.450,18.916,80.906,42.535,19.094
[SHELL] ccA:286,261266955,314704,-2.215,35.752,0.000,35.000,4.85137,5.06446,23.37,-12.471,23.700,-12.471,23.700,-12.515,1.171,1.00000,74.342,-10.867,28.886
[SHELL] ccB:286,24413,1,27.102,-0.765,-26.337,79.684,66.630,20.316,81.084,54.450,18.916
[SHELL] ccA:287,261376967,314705,-2.529,32.480,0.000,35.000,5.07348,5.28659,23.36,-12.463,23.767,-12.463,23.767,-12.514,1.172,1.00000,74.342,10.222,32.432
[SHELL] ccB:287,2147514229,1,33.952,-15.335,-18.617,76.605,77.229,22.771,79.684,66.630,20.316
[SHELL] ccA:288,261486975,314706,-0.827,30.463,0.000,35.000,5.30196,5.51505,23.37,-12.497,23.810,-12.497,23.810,-12.513,1.174,1.00000,74.342,-12.886,28.102
[SHELL] ccB:288,24423,1,16.193,14.711,-30.904,65.244,80.063,19.937,76.605,77.229,22.771
[SHELL] ccA:289,261596975,314707,-5.051,30.377,0.000,35.000,5.52179,5.73487,23.38,-12.410,23.814,-12.410,23.814,-12.511,1.177,1.00000,74.342,-4.654,32.871
[SHELL] ccB:289,2147514225,1,19.310,13.732,-33.042,53.677,81.210,18.790,65.244,80.063,19.937
[SHELL] ccA:290,261706967,314708,-4.401,32.838,0.000,35.000,5.75038,5.96346,23.37,-12.421,23.766,-12.421,23.766,-12.509,1.178,1.00000,74.342,4.591,37.508
[SHELL] ccB:290,24419,1,23.007,14.457,-37.464,41.280,80.830,19.170,53.677,81.210,18.790
[SHELL] ccA:291,261816943,314709,-1.873,34.565,0.000,35.000,5.97325,6.18633,23.38,-12.470,23.731,-12.470,23.731,-12.508,1.178,1.00000,74.342,-12.020,30.374
[SHELL] ccB:291,2147514241,1,-2.183,29.317,-27.135,29.587,78.920,21.080,41.280,80.830,19.170
[SHELL] ccA:292,261927015,314710,-1.985,33.185,0.000,35.000,6.20299,0.13288,23.37,-12.467,23.759,-12.467,23.759,-12.507,1.179,1.00000,74.342,11.510,34.483
[SHELL] ccB:292,24443,1,14.236,21.851,-36.087,21.603,78.397,27.378,29.587,78.920,21.080
[SHELL] ccA:293,262037083,314711,0.131,32.543,0.000,35.000,0.13785,0.35093,23.53,-12.509,23.773,-12.509,23.773,-12.507,1.180,1.00000,74.342,-10.477,30.830
[SHELL] ccB:293,2147514171,1,-14.614,32.507,-17.892,19.406,80.594,38.601,21.603,78.397,27.378
[SHELL] ccA:294,262147043,314712,-3.733,32.854,0.000,35.000,0.35843,0.57147,23.46,-12.430,23.768,-12.430,23.768,-12.505,1.181,1.00000,74.342,-5.488,35.274
[SHELL] ccB:294,24457,1,-17.514,35.696,-18.182,18.755,81.245,50.332,19.406,80.594,38.601
[SHELL] ccA:295,262257211,314713,-2.365,35.976,0.000,35.000,0.59463,0.80771,23.42,-12.456,23.705,-12.456,23.705,-12.504,1.181,1.00000,74.342,11.993,42.527
[SHELL] ccB:295,2147514107,1,-13.890,43.271,-29.382,19.732,80.268,63.070,18.755,81.245,50.332
[SHELL] ccA:296,262367447,314714,1.758,38.460,0.000,35.000,0.81114,1.02422,23.86,-12.540,23.654,-12.540,23.654,-12.505,1.179,1.00000,74.342,-11.465,33.510
[SHELL] ccB:296,24659,1,-32.193,28.882,3.310,22.117,77.883,74.198,19.732,80.268,63.070
[SHELL] ccA:297,262477387,314715,-0.306,36.487,0.000,35.000,1.03560,1.24867,23.79,-12.498,23.692,-12.498,23.692,-12.504,1.178,1.00000,74.342,9.715,36.402
[SHELL] ccB:297,2147514019,1,-26.357,36.494,-10.136,20.799,69.055,79.201,22.117,77.883,74.198
[SHELL] ccA:298,262587407,314716,1.033,35.898,0.000,35.000,1.26285,1.47593,23.80,-12.526,23.704,-12.526,23.704,-12.505,1.178,1.00000,74.342,-3.830,37.280
[SHELL] ccB:298,24639,1,-36.687,24.968,11.719,19.042,57.138,80.958,20.799,69.055,79.201
[SHELL] ccA:299,262697379,314717,-0.020,36.672,0.000,35.000,1.48631,1.69935,23.77,-12.505,23.687,-12.505,23.687,-12.505,1.177,1.00000,73.902,-2.132,35.728
[SHELL] ccB:299,2147514023,1,-35.781,18.662,17.119,18.740,45.077,81.260,19.042,57.138,80.958
[SHELL] ccA:300,262807439,314718,2.307,37.074,0.000,35.000,1.71302,1.92609,23.80,-12.552,23.678,-12.552,23.678,-12.506,1.176,1.00000,73.902,17.324,39.560
[SHELL] ccB:300,24655,1,-41.616,30.803,10.813,20.181,32.933,79.819,18.740,45.077,81.260
[SHELL] ccA:301,262917463,314719,6.011,36.492,0.000,35.000,1.93453,2.14761,23.89,-12.629,23.689,-12.629,23.689,-12.509,1.175,1.00000,73.902,-8.472,31.118
[SHELL] ccB:301,2147513981,1,-26.068,-3.411,29.478,23.677,22.456,77.544,20.181,32.933,79.819
[SHELL] ccA:302,263027395,314720,2.128,33.894,0.000,35.000,2.16099,2.37386,23.82,-12.553,23.720,-12.553,23.720,-12.510,1.176,1.00000,73.902,8.133,33.779
[SHELL] ccB:302,24633,1,-32.591,5.868,26.724,34.895,19.785,80.215,23.677,22.456,77.544
[SHELL] ccA:303,263137407,314721,1.884,34.133,0.000,35.000,2.38703,2.59992,23.85,-12.549,23.715,-12.549,23.715,-12.511,1.176,1.00000,74.342,-0.258,37.854
[SHELL] ccB:303,2147514009,1,-25.741,-11.167,36.908,47.025,18.791,81.209,34.895,19.785,80.215
[SHELL] ccA:304,263247355,314722,1.388,36.569,0.000,35.000,2.61241,2.82529,23.76,-12.540,23.666,-12.540,23.666,-12.512,1.175,1.00000,74.342,-2.065,36.789
[SHELL] ccB:304,24613,1,-16.789,-20.011,36.800,59.193,19.255,80.745,47.025,18.791,81.209
[SHELL] ccA:305,263357335,314723,4.730,38.447,0.000,35.000,2.83671,3.04958,23.77,-12.609,23.627,-12.609,23.627,-12.514,1.173,1.00000,74.342,23.308,42.356
[SHELL] ccB:305,2147514045,1,-34.947,-11.457,46.404,70.953,21.244,78.756,59.193,19.255,80.745
[SHELL] ccA:306,263467363,314724,10.565,38.891,0.000,35.000,3.06048,3.27338,23.76,-12.731,23.616,-12.731,23.616,-12.519,1.172,1.00000,74.342,-2.288,34.065
[SHELL] ccB:306,24617,1,-0.479,-29.325,29.805,78.524,21.476,72.122,70.953,21.244,78.756
[SHELL] ccA:307,263577359,314725,7.974,36.483,0.000,35.000,3.29042,3.50329,23.77,-12.683,23.663,-12.683,23.663,-12.523,1.171,1.00000,74.342,13.166,35.445
[SHELL] ccB:307,2147514033,1,-7.764,-28.165,35.930,80.692,19.308,60.416,78.524,21.476,72.122
[SHELL] ccA:308,263687371,314726,8.022,35.792,0.000,35.000,3.51203,3.72490,23.77,-12.688,23.677,-12.688,23.677,-12.527,1.170,1.00000,74.342,8.045,38.212
[SHELL] ccB:308,24621,1,6.334,-36.538,30.203,81.280,18.720,48.480,80.692,19.308,60.416
[SHELL] ccA:309,263797375,314727,5.878,35.834,0.000,35.000,3.73482,3.94772,23.77,-12.648,23.675,-12.648,23.675,-12.530,1.170,1.00000,74.342,-5.744,31.468
[SHELL] ccB:309,2147514025,1,22.354,-30.992,8.638,80.300,19.700,36.623,81.280,18.720,48.480
[SHELL] ccA:310,263907355,314728,4.240,34.420,0.000,35.000,3.96872,4.18161,23.80,-12.617,23.704,-12.617,23.704,-12.532,1.170,1.00000,74.342,20.401,36.532
[SHELL] ccB:310,24613,1,13.076,-40.959,27.884,77.718,22.282,24.886,80.300,19.700,36.623
[SHELL] ccA:311,264017319,314729,7.645,34.146,0.000,35.000,4.19237,4.40526,23.73,-12.689,23.710,-12.689,23.710,-12.536,1.171,1.00000,74.342,-4.476,32.051
[SHELL] ccB:311,2147514053,1,30.038,-25.447,-4.591,79.541,31.939,20.459,77.718,22.282,24.886
[SHELL] ccA:312,264127319,314730,4.488,34.044,0.000,35.000,4.41662,4.62950,23.74,-12.628,23.712,-12.628,23.712,-12.539,1.171,1.00000,74.342,6.505,35.543
[SHELL] ccB:312,24595,1,32.104,-30.412,-1.691,81.082,43.665,18.918,79.541,31.939,20.459
[SHELL] ccA:313,264237339,314731,4.580,35.846,0.000,35.000,4.64220,4.85512,23.73,-12.632,23.682,-12.632,23.682,-12.541,1.171,1.00000,74.342,9.787,40.247
[SHELL] ccB:313,2147514043,1,39.461,-30.630,-8.831,81.081,55.900,18.919,81.082,43.665,18.918
[SHELL] ccA:314,264347331,314732,5.172,36.395,0.000,35.000,4.86226,5.07519,23.74,-12.647,23.670,-12.647,23.670,-12.543,1.170,1.00000,74.342,-5.391,29.543
[SHELL] ccB:314,24601,1,28.407,-5.767,-22.640,79.577,67.542,20.423,81.081,55.900,18.919
[SHELL] ccA:315,264457339,314733,4.085,33.528,0.000,35.000,5.09535,5.30828,23.73,-12.627,23.728,-12.627,23.728,-12.545,1.171,1.00000,74.342,17.336,34.778
[SHELL] ccB:315,2147514043,1,38.736,-22.040,-16.696,75.326,77.688,22.312,79.577,67.542,20.423
[SHELL] ccA:316,264567331,314734,6.072,32.474,0.000,35.000,5.32031,5.53324,23.74,-12.670,23.751,-12.670,23.751,-12.548,1.172,1.00000,74.342,-4.995,30.797
[SHELL] ccB:316,24601,1,22.427,7.571,-29.998,63.958,80.305,19.695,75.326,77.688,22.312
[SHELL] ccA:317,264677335,314735,2.626,32.686,0.000,35.000,5.55407,5.76700,23.73,-12.602,23.748,-12.602,23.748,-12.550,1.173,1.00000,74.342,3.156,34.373
[SHELL] ccB:317,2147514045,1,25.254,7.752,-33.006,51.535,81.306,18.694,63.958,80.305,19.695
[SHELL] ccA:318,264787343,314736,4.212,34.807,0.000,35.000,5.77813,5.99106,23.74,-12.636,23.705,-12.636,23.705,-12.552,1.173,1.00000,74.342,15.530,39.684
[SHELL] ccB:318,24607,1,32.792,7.172,-39.965,39.359,80.684,19.316,51.535,81.306,18.694
[SHELL] ccA:319,264897335,314737,6.955,35.866,0.000,35.000,6.00226,6.21519,23.73,-12.694,23.684,-12.694,23.684,-12.555,1.173,1.00000,74.342,-6.398,29.724
[SHELL] ccB:319,2147514045,1,2.094,25.222,-27.316,27.692,78.531,21.469,39.359,80.684,19.316
[SHELL] ccA:320,265007259,314738,4.749,33.274,0.000,35.000,6.22892,0.15866,23.73,-12.653,23.737,-12.653,23.737,-12.558,1.174,1.00000,74.342,16.259,33.964
[SHELL] ccB:320,24565,1,18.077,19.568,-37.645,21.125,78.875,28.925,27.692,78.531,21.469
[SHELL] ccA:321,265117131,314739,4.900,32.317,0.000,35.000,0.17157,0.38446,23.57,-12.658,23.757,-12.658,23.757,-12.560,1.175,1.00000,74.342,-6.522,31.617
[SHELL] ccB:321,2147514147,1,-11.824,31.927,-20.103,19.111,80.889,40.641,21.125,78.875,28.925
[SHELL] ccA:322,265227103,314740,0.089,32.794,0.000,35.000,0.39700,0.60993,23.55,-12.562,23.749,-12.562,23.749,-12.560,1.176,1.00000,74.342,-2.860,33.976
[SHELL] ccB:322,24487,1,-15.774,34.065,-18.291,18.741,81.259,52.670,19.111,80.889,40.641
[SHELL] ccA:323,265337311,314741,0.872,35.242,0.000,35.000,0.62066,0.83358,23.48,-12.578,23.699,-12.578,23.699,-12.561,1.176,1.00000,74.342,15.729,41.398
[SHELL] ccB:323,2147514057,1,-11.280,42.728,-31.448,19.913,80.087,64.665,18.741,81.259,52.670
[SHELL] ccA:324,265447511,314742,4.850,37.271,0.000,35.000,0.86523,1.07859,23.92,-12.660,23.703,-12.660,23.703,-12.563,1.175,1.00000,74.342,-9.200,32.310
[SHELL] ccB:324,24691,1,-30.562,27.360,3.202,22.864,77.136,77.033,19.913,80.087,64.665
[SHELL] ccA:325,265557491,314743,2.347,35.257,0.000,35.000,1.07611,1.28949,23.86,-12.611,23.744,-12.611,23.744,-12.564,1.175,1.00000,74.342,12.059,35.012
[SHELL] ccB:325,2147513967,1,-25.089,36.131,-11.042,20.238,66.892,79.762,22.864,77.136,77.033
[SHELL] ccA:326,265667451,314744,3.232,34.485,0.000,35.000,1.29939,1.51276,23.86,-12.631,23.759,-12.631,23.759,-12.566,1.175,1.00000,74.342,-1.990,35.608
[SHELL] ccB:326,24661,1,-34.839,24.026,10.813,18.790,55.044,81.210,20.238,66.892,79.762
[SHELL] ccA:327,265777471,314745,0.896,35.046,0.000,35.000,1.52946,1.74284,23.93,-12.584,23.748,-12.584,23.748,-12.566,1.175,1.00000,74.342,-4.492,33.957
[SHELL] ccB:327,2147513977,1,-34.114,14.385,19.729,18.979,42.662,81.021,18.790,55.044,81.210
[SHELL] ccA:328,265887483,314746,1.436,35.777,0.000,35.000,1.75120,1.96457,23.86,-12.596,23.733,-12.596,23.733,-12.567,1.175,1.00000,74.342,16.718,39.585
[SHELL] ccB:328,24677,1,-41.942,29.064,12.879,20.686,30.999,79.314,18.979,42.662,81.021
[SHELL] ccA:329,265997439,314747,5.028,36.004,0.000,35.000,1.98835,2.20174,23.86,-12.670,23.728,-12.670,23.728,-12.570,1.174,1.00000,74.342,-8.832,30.890
[SHELL] ccB:329,2147513993,1,-24.654,-5.513,30.167,26.422,21.776,78.224,20.686,30.999,79.314
[SHELL] ccA:330,266107355,314748,1.411,33.822,0.000,35.000,2.20127,2.41466,23.81,-12.598,23.772,-12.598,23.772,-12.570,1.175,1.00000,74.342,6.588,33.925
[SHELL] ccB:330,24613,1,-31.287,2.932,28.355,37.117,19.554,80.446,26.422,21.776,78.224
[SHELL] ccA:331,266217367,314749,1.119,34.133,0.000,35.000,2.42808,2.64144,23.75,-12.593,23.766,-12.593,23.766,-12.571,1.175,1.00000,74.342,0.131,37.794
[SHELL] ccB:331,2147514029,1,-24.835,-12.254,37.090,49.300,18.670,81.330,37.117,19.554,80.446
[SHELL] ccA:332,266327363,314750,0.484,35.900,0.000,35.000,2.65798,2.87134,23.75,-12.581,23.731,-12.581,23.731,-12.571,1.175,1.00000,74.342,-4.916,34.088
[SHELL] ccB:332,24617,1,-11.497,-22.366,33.864,61.680,19.446,80.554,49.300,18.670,81.330
[SHELL] ccA:333,266437347,314751,2.632,36.473,0.000,35.000,2.88739,3.10075,23.75,-12.625,23.718,-12.625,23.718,-12.572,1.174,1.00000,74.342,20.230,39.923
[SHELL] ccB:333,2147514039,1,-29.619,-14.248,43.867,73.499,21.792,78.208,61.680,19.446,80.554
[SHELL] ccA:334,266547355,314752,7.252,36.486,0.000,35.000,3.11160,3.32479,23.75,-12.721,23.699,-12.721,23.699,-12.576,1.173,1.00000,74.342,-6.536,32.011
[SHELL] ccB:334,24613,1,5.573,-30.666,25.093,79.198,20.802,69.695,73.499,21.792,78.208
[SHELL] ccA:335,266657395,314753,3.160,34.728,0.000,35.000,3.34501,3.55820,23.75,-12.641,23.735,-12.641,23.735,-12.578,1.173,1.00000,74.342,5.482,34.966
[SHELL] ccB:335,2147514015,1,1.695,-31.464,29.768,81.014,18.986,57.636,79.198,20.802,69.695
[SHELL] ccA:336,266767447,314754,2.541,35.084,0.000,35.000,3.57267,3.78586,23.84,-12.630,23.727,-12.630,23.727,-12.579,1.173,1.00000,74.342,5.738,38.392
[SHELL] ccB:336,24659,1,10.829,-37.698,26.869,81.196,18.804,45.330,81.014,18.986,57.636
[SHELL] ccA:337,266877423,314755,1.487,35.806,0.000,35.000,3.79427,4.00749,23.83,-12.609,23.713,-12.609,23.713,-12.580,1.173,1.00000,74.342,-11.011,31.476
[SHELL] ccB:337,2147514001,1,27.863,-29.796,1.933,79.819,20.181,33.602,81.196,18.804,45.330
[SHELL] ccA:338,266987403,314756,-1.196,34.524,0.000,35.000,4.01972,4.23293,23.81,-12.555,23.738,-12.555,23.738,-12.579,1.173,1.00000,74.342,11.498,36.753
[SHELL] ccB:338,24637,1,20.941,-38.459,17.518,77.201,23.239,22.799,79.819,20.181,33.602
[SHELL] ccA:339,267097427,314757,0.180,34.807,0.000,35.000,4.25282,4.46604,23.86,-12.583,23.733,-12.583,23.733,-12.579,1.173,1.00000,74.342,-11.266,34.248
[SHELL] ccB:339,2147513999,1,35.692,-22.258,-13.434,80.052,34.894,19.948,77.201,23.239,22.799
[SHELL] ccA:340,267207391,314758,-3.263,36.119,0.000,35.000,4.47377,4.68698,23.80,-12.512,23.706,-12.512,23.706,-12.577,1.173,1.00000,74.342,-2.017,39.226
[SHELL] ccB:340,24631,1,38.591,-25.628,-12.963,81.164,46.576,18.836,80.052,34.894,19.948
[SHELL] ccA:341,267317399,314759,-2.611,38.894,0.000,35.000,4.69065,4.90387,23.80,-12.524,23.649,-12.524,23.649,-12.576,1.171,1.00000,74.342,4.854,42.875
[SHELL] ccB:341,2147514013,1,42.760,-26.389,-16.370,80.800,58.331,19.200,81.164,46.576,18.836
[SHELL] ccA:342,267427403,314760,-1.050,38.930,0.000,35.000,4.92732,5.14051,23.80,-12.555,23.646,-12.555,23.646,-12.576,1.169,1.00000,74.342,-11.891,30.744
[SHELL] ccB:342,24637,1,27.501,1.989,-29.490,78.814,70.668,21.186,80.800,58.331,19.200
[SHELL] ccA:343,267537419,314761,-2.178,34.679,0.000,35.000,5.15121,5.36436,23.78,-12.531,23.731,-12.531,23.731,-12.575,1.169,1.00000,74.342,10.216,34.353
[SHELL] ccB:343,2147514003,1,35.438,-13.088,-22.350,72.720,78.377,21.623,78.814,70.668,21.186
[SHELL] ccA:344,267647371,314762,-0.409,32.843,0.000,35.000,5.37360,5.58679,23.79,-12.566,23.769,-12.566,23.769,-12.574,1.170,1.00000,74.342,-10.174,31.923
[SHELL] ccB:344,24621,1,18.947,14.457,-33.405,61.312,80.632,19.368,72.720,78.377,21.623
[SHELL] ccA:345,267757391,314763,-3.877,33.132,0.000,35.000,5.60855,5.82201,23.81,-12.495,23.790,-12.495,23.790,-12.572,1.171,1.00000,74.342,-5.375,34.328
[SHELL] ccB:345,2147514017,1,17.244,17.502,-34.746,48.783,81.295,18.705,61.312,80.632,19.368
[SHELL] ccA:346,267867379,314764,-2.160,35.223,0.000,35.000,5.83109,6.04452,23.79,-12.528,23.748,-12.528,23.748,-12.571,1.171,1.00000,74.342,12.284,40.314
[SHELL] ccB:346,24625,1,28.661,12.428,-41.088,36.766,80.330,19.670,48.783,81.295,18.705
[SHELL] ccA:347,267977407,314765,1.884,36.316,0.000,35.000,6.05622,6.26965,23.80,-12.610,23.725,-12.610,23.725,-12.572,1.170,1.00000,74.342,-11.657,30.307
[SHELL] ccB:347,2147514009,1,-4.539,30.115,-25.576,25.207,77.834,22.166,36.766,80.330,19.670
[SHELL] ccA:348,268087395,314766,-0.669,33.440,0.000,35.000,0.00417,0.21757,23.92,-12.559,23.784,-12.559,23.784,-12.572,1.171,1.00000,74.342,8.356,32.830
[SHELL] ccB:348,24633,1,8.219,24.352,-32.571,20.502,79.498,31.708,25.207,77.834,22.166
[SHELL] ccA:349,268197235,314767,-0.393,32.201,0.000,35.000,0.22723,0.44066,23.67,-12.564,23.810,-12.564,23.810,-12.572,1.172,1.00000,74.342,-6.626,32.837
[SHELL] ccB:349,2147514095,1,-13.853,33.340,-19.487,18.868,81.132,43.444,20.502,79.498,31.708
[SHELL] ccA:350,268307175,314768,-3.430,32.959,0.000,35.000,0.45138,0.66484,23.62,-12.501,23.796,-12.501,23.796,-12.570,1.173,1.00000,74.342,-8.822,33.334
[SHELL] ccB:350,24523,1,-22.479,33.884,-11.405,18.848,81.152,55.489,18.868,81.132,43.444
[SHELL] ccA:351,268417387,314769,-2.542,35.284,0.000,35.000,0.67347,0.88689,23.56,-12.518,23.749,-12.518,23.749,-12.569,1.173,1.00000,74.342,14.105,41.632
[SHELL] ccB:351,2147514019,1,-14.941,43.271,-28.331,20.361,79.639,67.285,18.848,81.152,55.489
[SHELL] ccA:352,268527575,314770,1.379,37.428,0.000,35.000,0.89869,1.11212,24.00,-12.597,23.705,-12.597,23.705,-12.569,1.172,1.00000,74.342,-13.872,33.113
[SHELL] ccB:352,24723,1,-34.549,25.729,8.819,22.465,75.673,77.535,20.361,79.639,67.285
[SHELL] ccA:353,268637607,314771,-1.820,35.931,0.000,35.000,1.12332,1.33676,24.01,-12.532,23.734,-12.532,23.734,-12.569,1.172,1.00000,74.342,6.358,35.866
[SHELL] ccB:353,2147513909,1,-29.583,33.195,-3.612,19.882,64.540,80.118,22.465,75.673,77.535
[SHELL] ccA:354,268747563,314772,-0.066,35.629,0.000,35.000,1.35586,1.56929,23.93,-12.567,23.740,-12.567,23.740,-12.569,1.171,1.00000,74.342,0.891,37.671
[SHELL] ccB:354,24717,1,-36.614,26.019,10.595,18.732,52.072,81.268,19.882,64.540,80.118
[SHELL] ccA:355,268857579,314773,0.978,36.183,0.000,35.000,1.57731,1.79065,23.95,-12.589,23.718,-12.589,23.718,-12.569,1.171,1.00000,74.342,-4.227,33.526
[SHELL] ccB:355,2147513923,1,-33.497,12.899,20.599,19.249,40.077,80.751,18.732,52.072,81.268
[SHELL] ccA:356,268967499,314774,2.063,35.705,0.000,35.000,1.79731,2.01067,23.94,-12.611,23.727,-12.611,23.727,-12.570,1.170,1.00000,74.342,15.814,38.095
[SHELL] ccB:356,24685,1,-40.674,26.273,14.401,21.228,28.647,78.772,19.249,40.077,80.751
[SHELL] ccA:357,269077515,314775,4.162,34.656,0.000,35.000,2.02557,2.23890,23.91,-12.655,23.749,-12.655,23.749,-12.572,1.170,1.00000,74.342,-10.752,28.908
[SHELL] ccB:357,2147513955,1,-21.247,-8.739,29.986,28.204,21.289,78.711,21.228,28.647,78.772
[SHELL] ccA:358,269187471,314776,-0.993,32.262,0.000,35.000,2.25361,2.46695,23.89,-12.552,23.798,-12.552,23.798,-12.572,1.172,1.00000,74.342,1.720,33.137
[SHELL] ccB:358,24671,1,-26.792,-3.556,30.348,39.785,19.218,80.782,28.204,21.289,78.711
[SHELL] ccA:359,269297435,314777,-1.346,33.293,0.000,35.000,2.47215,2.68549,23.79,-12.544,23.778,-12.544,23.778,-12.571,1.173,1.00000,74.342,1.930,37.991
[SHELL] ccB:359,2147513995,1,-25.089,-12.218,37.307,51.591,18.696,81.304,39.785,19.218,80.782
[SHELL] ccA:360,269407447,314778,-0.197,35.296,0.000,35.000,2.70808,2.92144,23.82,-12.567,23.738,-12.567,23.738,-12.571,1.173,1.00000,74.342,-6.367,32.066
[SHELL] ccB:360,24659,1,-7.692,-23.671,31.363,64.285,19.818,80.182,51.591,18.696,81.304
[SHELL] ccA:361,269517407,314779,2.047,35.122,0.000,35.000,2.93039,3.14373,23.83,-12.613,23.741,-12.613,23.741,-12.572,1.172,1.00000,74.342,18.991,38.365
[SHELL] ccB:361,2147514009,1,-26.611,-15.734,42.345,75.551,22.375,77.625,64.285,19.818,80.182
[SHELL] ccA:362,269627395,314780,6.162,35.336,0.000,35.000,3.16452,3.37785,23.84,-12.698,23.737,-12.698,23.737,-12.575,1.172,1.00000,74.342,-6.967,32.549
[SHELL] ccB:362,24633,1,7.712,-31.898,24.187,79.770,20.230,67.072,75.551,22.375,77.625
[SHELL] ccA:363,269737435,314781,2.111,34.802,0.000,35.000,3.38281,3.59615,23.83,-12.618,23.748,-12.618,23.748,-12.576,1.172,1.00000,74.342,3.390,35.745
[SHELL] ccB:363,2147513995,1,5.247,-33.384,28.137,81.157,18.843,55.645,79.770,20.230,67.072
[SHELL] ccA:364,269847439,314782,1.585,35.680,0.000,35.000,3.60777,3.82110,23.83,-12.609,23.730,-12.609,23.730,-12.577,1.172,1.00000,74.342,6.529,38.680
[SHELL] ccB:364,24655,1,11.554,-38.241,26.688,81.075,18.925,43.471,81.157,18.843,55.645
[SHELL] ccA:365,269957427,314783,1.510,36.244,0.000,35.000,3.83281,4.04611,23.82,-12.608,23.715,-12.608,23.715,-12.578,1.171,1.00000,74.342,-10.406,31.870
[SHELL] ccB:365,2147513999,1,28.334,-29.688,1.353,79.434,20.566,31.624,81.075,18.925,43.471
[SHELL] ccA:366,270067395,314784,-0.267,34.643,0.000,35.000,4.05616,4.26950,23.82,-12.572,23.747,-12.572,23.747,-12.577,1.172,1.00000,74.342,13.216,36.150
[SHELL] ccB:366,24633,1,20.578,-38.459,17.880,77.770,24.984,22.230,79.434,20.566,31.624
[SHELL] ccA:367,270177423,314785,2.246,34.345,0.000,35.000,4.28192,4.49523,23.79,-12.623,23.754,-12.623,23.754,-12.579,1.172,1.00000,74.342,-7.042,33.210
[SHELL] ccB:367,2147514001,1,33.119,-23.019,-10.100,80.344,36.452,19.656,77.770,24.984,22.230
[SHELL] ccA:368,270287383,314786,0.146,34.776,0.000,35.000,4.50738,4.72069,23.80,-12.582,23.745,-12.582,23.745,-12.579,1.172,1.00000,74.342,1.453,36.535
[SHELL] ccB:368,24627,1,35.475,-25.411,-10.064,81.292,48.479,18.708,80.344,36.452,19.656
[SHELL] ccA:369,270397403,314787,2.032,36.847,0.000,35.000,4.73909,4.95243,23.81,-12.620,23.703,-12.620,23.703,-12.580,1.171,1.00000,74.342,12.264,41.106
[SHELL] ccB:369,2147514011,1,41.419,-30.376,-11.042,80.622,61.067,19.378,81.292,48.479,18.708
[SHELL] ccA:370,270507423,314788,5.148,36.609,0.000,35.000,4.96122,5.17450,23.80,-12.685,23.707,-12.685,23.707,-12.582,1.170,1.00000,74.342,-5.391,27.688
[SHELL] ccB:370,24647,1,25.507,-2.324,-23.184,78.472,72.607,21.528,80.622,61.067,19.378
[SHELL] ccA:371,270617375,314789,3.830,31.866,0.000,35.000,5.18835,5.40166,23.80,-12.661,23.803,-12.661,23.803,-12.584,1.172,1.00000,74.342,13.839,30.982
[SHELL] ccB:371,2147514025,1,33.880,-15.299,-18.581,70.817,79.017,20.983,78.472,72.607,21.528
[SHELL] ccA:372,270727411,314790,4.363,30.230,0.000,35.000,5.41863,5.63194,23.79,-12.674,23.838,-12.674,23.838,-12.586,1.174,1.00000,74.342,-4.836,31.268
[SHELL] ccB:372,24641,1,20.651,10.434,-31.085,58.819,81.035,18.965,70.817,79.017,20.983
[SHELL] ccA:373,270837399,314791,0.619,31.664,0.000,35.000,5.64550,5.85881,23.81,-12.599,23.811,-12.599,23.811,-12.587,1.176,1.00000,74.342,-1.693,33.137
[SHELL] ccB:373,2147514013,1,18.367,14.747,-33.115,46.616,81.321,18.679,58.819,81.035,18.965
[SHELL] ccA:374,270947415,314792,2.246,34.370,0.000,35.000,5.87052,6.08386,23.79,-12.633,23.757,-12.633,23.757,-12.588,1.176,1.00000,74.342,17.205,39.936
[SHELL] ccB:374,24643,1,31.778,9.818,-41.596,34.507,80.041,19.959,46.616,81.321,18.679
[SHELL] ccA:375,271057427,314793,6.060,36.061,0.000,35.000,6.09132,0.02147,23.80,-12.712,23.726,-12.712,23.726,-12.591,1.176,1.00000,74.342,-8.476,31.236
[SHELL] ccB:375,2147513999,1,-2.364,29.136,-26.772,23.329,77.314,22.686,34.507,80.041,19.959
[SHELL] ccA:376,271167259,314794,3.237,34.250,0.000,35.000,0.04101,0.25438,23.77,-12.657,23.762,-12.657,23.762,-12.592,1.176,1.00000,74.342,12.692,34.591
[SHELL] ccB:376,24565,1,11.264,24.751,-36.014,20.069,79.931,33.770,23.329,77.314,22.686
[SHELL] ccA:377,271277191,314795,4.166,33.972,0.000,35.000,0.26118,0.47453,23.61,-12.678,23.768,-12.678,23.768,-12.594,1.177,1.00000,74.342,-0.245,35.470
[SHELL] ccB:377,2147514117,1,-9.395,34.319,-24.924,18.726,81.274,45.512,20.069,79.931,33.770
[SHELL] ccA:378,271387143,314796,1.832,34.997,0.000,35.000,0.48759,0.70091,23.61,-12.632,23.748,-12.632,23.748,-12.595,1.177,1.00000,74.342,-4.876,34.456
[SHELL] ccB:378,24507,1,-20.450,34.609,-14.159,18.983,81.017,57.712,18.726,81.274,45.512
[SHELL] ccA:379,271497359,314797,2.455,36.786,0.000,35.000,0.72025,0.93361,23.56,-12.646,23.711,-12.646,23.711,-12.597,1.176,1.00000,74.342,19.816,42.761
[SHELL] ccB:379,2147514033,1,-13.310,45.808,-32.499,20.887,79.113,69.929,18.983,81.017,57.712
[SHELL] ccA:380,271607555,314798,6.906,38.317,0.000,35.000,0.94640,1.15974,23.99,-12.738,23.679,-12.738,23.679,-12.600,1.174,1.00000,74.342,-7.131,33.290
[SHELL] ccB:380,24713,1,-31.178,27.433,3.745,21.676,73.163,78.324,20.887,79.113,69.929
[SHELL] ccA:381,271717523,314799,3.356,36.495,0.000,35.000,1.17195,1.38531,23.90,-12.669,23.715,-12.669,23.715,-12.602,1.173,1.00000,74.342,7.870,36.639
[SHELL] ccB:381,2147513951,1,-30.707,33.957,-3.250,19.423,61.756,80.577,21.676,73.163,78.324
[SHELL] ccA:382,271827563,314800,3.017,36.406,0.000,35.000,1.39475,1.60810,23.93,-12.664,23.716,-12.664,23.716,-12.603,1.173,1.00000,74.342,3.458,39.056
[SHELL] ccB:382,24717,1,-37.847,27.795,10.052,18.681,49.775,81.319,19.423,61.756,80.577
[SHELL] ccA:383,271937523,314801,2.224,36.763,0.000,35.000,1.61967,1.83301,23.93,-12.649,23.708,-12.649,23.708,-12.604,1.172,1.00000,74.342,-5.888,32.301
[SHELL] ccB:383,2147513951,1,-31.975,9.528,22.447,19.513,37.707,80.487,18.681,49.775,81.319
[SHELL] ccA:384,272047515,314802,2.096,35.391,0.000,35.000,1.85579,2.06915,23.93,-12.647,23.735,-12.647,23.735,-12.605,1.172,1.00000,74.342,16.699,37.906
[SHELL] ccB:384,24693,1,-41.072,25.186,15.887,21.988,25.698,78.012,19.513,37.707,80.487
[SHELL] ccA:385,272157491,314803,4.671,34.795,0.000,35.000,2.07752,2.29105,23.89,-12.701,23.767,-12.701,23.767,-12.608,1.172,1.00000,74.342,-8.829,31.067
[SHELL] ccB:385,2147513967,1,-22.878,-8.304,31.182,30.858,20.617,79.383,21.988,25.698,78.012
[SHELL] ccA:386,272267459,314804,-0.159,33.750,0.000,35.000,2.30309,2.51664,23.88,-12.604,23.789,-12.604,23.789,-12.608,1.172,1.00000,74.342,0.323,34.958
[SHELL] ccB:386,24665,1,-26.212,-6.926,33.139,42.543,18.935,81.065,30.858,20.617,79.383
[SHELL] ccA:387,272377415,314805,-0.829,35.495,0.000,35.000,2.53605,2.74958,23.82,-12.591,23.754,-12.591,23.754,-12.607,1.172,1.00000,74.342,4.866,40.996
[SHELL] ccB:387,2147514005,1,-27.336,-13.124,40.460,55.166,18.824,81.176,42.543,18.935,81.065
[SHELL] ccA:388,272487435,314806,0.682,37.638,0.000,35.000,2.75941,2.97293,23.82,-12.621,23.709,-12.621,23.709,-12.608,1.171,1.00000,74.342,-7.325,33.601
[SHELL] ccB:388,24653,1,-5.735,-26.498,32.233,67.074,20.304,79.696,55.166,18.824,81.176
[SHELL] ccA:389,272597419,314807,1.679,36.670,0.000,35.000,2.98302,3.19658,23.82,-12.642,23.728,-12.642,23.728,-12.608,1.170,1.00000,74.342,16.501,38.483
[SHELL] ccB:389,2147514003,1,-22.371,-19.467,41.837,77.445,22.555,76.135,67.074,20.304,79.696
[SHELL] ccA:390,272707435,314808,4.049,35.650,0.000,35.000,3.21163,3.42515,23.83,-12.691,23.748,-12.691,23.748,-12.610,1.170,1.00000,74.342,-9.480,32.035
[SHELL] ccB:390,24653,1,11.699,-32.950,21.251,80.207,19.793,64.640,77.445,22.555,76.135
[SHELL] ccA:391,272817427,314809,-0.622,34.940,0.000,35.000,3.44121,3.65473,23.82,-12.598,23.762,-12.598,23.762,-12.610,1.170,1.00000,74.342,-0.030,37.207
[SHELL] ccB:391,2147513999,1,11.010,-36.284,25.274,81.297,18.703,52.527,80.207,19.793,64.640
[SHELL] ccA:392,272927455,314810,-0.303,36.576,0.000,35.000,3.65862,3.87210,23.81,-12.604,23.729,-12.604,23.729,-12.610,1.169,1.00000,74.342,8.329,39.855
[SHELL] ccB:392,24663,1,12.460,-39.800,27.340,80.840,19.160,40.744,81.297,18.703,52.527
[SHELL] ccA:393,273037387,314811,1.360,36.995,0.000,35.000,3.89322,4.10680,23.83,-12.638,23.719,-12.638,23.719,-12.611,1.168,1.00000,74.342,-11.189,31.064
[SHELL] ccB:393,2147514019,1,29.386,-27.730,-1.655,78.744,21.256,28.506,80.840,19.160,40.744
[SHELL] ccA:394,273147379,314812,-0.131,34.372,0.000,35.000,4.11814,4.33168,23.76,-12.608,23.772,-12.608,23.772,-12.611,1.168,1.00000,74.342,13.523,35.505
[SHELL] ccB:394,24625,1,21.847,-37.842,15.996,78.665,28.027,21.335,78.744,21.256,28.506
[SHELL] ccA:395,273257399,314813,1.989,34.219,0.000,35.000,4.34057,4.55410,23.78,-12.651,23.776,-12.651,23.776,-12.612,1.169,1.00000,74.342,-7.901,34.801
[SHELL] ccB:395,2147514013,1,35.293,-22.221,-13.072,80.792,39.583,19.208,78.665,28.027,21.335
[SHELL] ccA:396,273367359,314814,-1.143,34.911,0.000,35.000,4.56353,4.77707,23.79,-12.588,23.763,-12.588,23.763,-12.611,1.169,1.00000,74.342,-2.293,34.538
[SHELL] ccB:396,24615,1,34.496,-19.721,-14.775,81.314,51.531,18.686,80.792,39.583,19.208
[SHELL] ccA:397,273477379,314815,0.021,36.055,0.000,35.000,4.79452,5.00799,23.73,-12.611,23.740,-12.611,23.740,-12.611,1.168,1.00000,74.342,12.568,40.342
[SHELL] ccB:397,2147514023,1,41.237,-28.600,-12.637,80.260,63.961,19.740,81.314,51.531,18.686
[SHELL] ccA:398,273587399,314816,3.398,36.113,0.000,35.000,5.02515,5.23869,23.79,-12.681,23.738,-12.681,23.738,-12.613,1.167,1.00000,74.342,-9.254,29.229
[SHELL] ccB:398,24635,1,24.964,2.932,-27.896,77.613,75.715,22.387,80.260,63.961,19.740
[SHELL] ccA:399,273697399,314817,0.936,32.569,0.000,35.000,5.24530,5.45884,23.79,-12.632,23.810,-12.632,23.810,-12.613,1.169,1.00000,74.342,9.685,31.476
[SHELL] ccB:399,2147514013,1,32.031,-9.391,-22.640,67.961,79.637,20.363,77.613,75.715,22.387
[SHELL] ccA:400,273807383,314818,1.029,31.120,0.000,35.000,5.47387,5.68741,23.78,-12.634,23.841,-12.634,23.841,-12.614,1.171,1.00000,74.342,-6.001,32.298
[SHELL] ccB:400,24627,1,19.237,13.443,-32.680,55.893,81.247,18.753,67.961,79.637,20.363
[SHELL] ccA:401,273917371,314819,-1.865,32.081,0.000,35.000,5.71197,5.92554,23.79,-12.575,23.824,-12.575,23.824,-12.613,1.172,1.00000,74.342,-5.143,32.254
[SHELL] ccB:401,2147514027,1,13.112,19.350,-32.462,43.059,81.125,18.875,55.893,81.247,18.753
[SHELL] ccA:402,274027375,314820,-0.058,34.218,0.000,35.000,5.93028,6.14382,23.78,-12.612,23.781,-12.612,23.781,-12.613,1.172,1.00000,74.342,16.056,40.067
[SHELL] ccB:402,24623,1,28.914,13.298,-42.212,31.466,79.476,20.524,43.059,81.125,18.875
[SHELL] ccA:403,274137315,314821,3.689,35.588,0.000,35.000,6.16043,0.09078,23.79,-12.688,23.753,-12.688,23.753,-12.615,1.172,1.00000,74.342,-12.214,29.962
[SHELL] ccB:403,2147514055,1,-8.453,31.275,-22.822,21.971,78.029,25.595,31.466,79.476,20.524
[SHELL] ccA:404,274247267,314822,-0.873,33.300,0.000,35.000,0.10409,0.31763,23.71,-12.597,23.800,-12.597,23.800,-12.614,1.173,1.00000,74.342,4.882,33.207
[SHELL] ccB:404,24569,1,1.405,28.339,-29.744,19.551,80.449,36.938,21.971,78.029,25.595
[SHELL] ccA:405,274357159,314823,-1.482,33.100,0.000,35.000,0.33045,0.54398,23.61,-12.584,23.805,-12.584,23.805,-12.613,1.174,1.00000,74.342,-3.476,36.025
[SHELL] ccB:405,2147514133,1,-14.977,36.022,-21.046,18.637,81.363,49.080,19.551,80.449,36.938
[SHELL] ccA:406,274467359,314824,-3.790,34.441,0.000,35.000,0.55801,0.77155,23.57,-12.536,23.779,-12.536,23.779,-12.612,1.174,1.00000,74.342,-13.088,32.505
[SHELL] ccB:406,24615,1,-28.315,32.036,-3.721,19.371,80.629,61.280,18.637,81.363,49.080
[SHELL] ccA:407,274577679,314825,-4.328,35.679,0.000,35.000,0.78235,0.99615,24.03,-12.523,23.781,-12.523,23.781,-12.609,1.174,1.00000,74.342,12.341,41.682
[SHELL] ccB:407,2147513873,1,-20.631,43.452,-22.822,21.589,78.411,72.786,19.371,80.629,61.280
[SHELL] ccA:408,274687619,314826,-1.167,37.318,0.000,35.000,1.01128,1.22508,24.01,-12.585,23.747,-12.585,23.747,-12.609,1.173,1.00000,74.342,-16.263,33.402
[SHELL] ccB:408,24745,1,-36.941,21.887,15.053,20.948,70.213,79.052,21.589,78.411,72.786
[SHELL] ccA:409,274797647,314827,-5.243,36.442,0.000,35.000,1.24089,1.45469,24.01,-12.501,23.764,-12.501,23.764,-12.606,1.172,1.00000,74.342,-0.788,37.282
[SHELL] ccB:409,2147513889,1,-35.527,27.578,7.950,19.097,58.386,80.903,20.948,70.213,79.052
[SHELL] ccA:410,274907639,314828,-4.322,37.362,0.000,35.000,1.46298,1.67678,24.01,-12.518,23.744,-12.518,23.744,-12.604,1.171,1.00000,74.342,0.552,41.481
[SHELL] ccB:410,24755,1,-41.181,24.932,16.249,18.803,46.344,81.197,19.097,58.386,80.903
[SHELL] ccA:411,275017627,314829,-2.851,38.331,0.000,35.000,1.68890,1.90270,24.01,-12.546,23.723,-12.546,23.723,-12.603,1.169,1.00000,74.342,-11.720,33.079
[SHELL] ccB:411,2147513899,1,-31.468,2.279,29.188,20.086,34.270,79.914,18.803,46.344,81.197
[SHELL] ccA:412,275127611,314830,-3.252,36.220,0.000,35.000,1.91465,2.12845,24.01,-12.536,23.765,-12.536,23.765,-12.601,1.169,1.00000,74.342,9.880,37.240
[SHELL] ccB:412,24741,1,-38.390,16.378,22.012,22.829,23.088,77.171,20.086,34.270,79.914
[SHELL] ccA:413,275237555,314831,-1.264,34.976,0.000,35.000,2.14853,2.36235,24.02,-12.575,23.789,-12.575,23.789,-12.600,1.169,1.00000,74.342,-13.097,32.344
[SHELL] ccB:413,2147513935,1,-19.942,-14.828,34.770,34.320,19.989,80.011,22.829,23.088,77.171
[SHELL] ccA:414,275347519,314832,-5.382,34.857,0.000,35.000,2.37013,2.58393,23.90,-12.490,23.792,-12.490,23.792,-12.598,1.169,1.00000,74.342,-5.214,37.500
[SHELL] ccB:414,24695,1,-22.407,-15.226,37.633,45.979,18.784,81.216,34.320,19.989,80.011
[SHELL] ccA:415,275457723,314833,-5.216,36.957,0.000,35.000,2.59833,2.81213,23.90,-12.491,23.749,-12.491,23.749,-12.595,1.168,1.00000,74.342,2.660,40.484
[SHELL] ccB:415,2147513851,1,-23.204,-17.220,40.424,58.344,19.115,80.885,45.979,18.784,81.216
[SHELL] ccA:416,275566911,314834,-3.141,37.733,0.000,35.000,2.82959,3.04339,23.30,-12.531,23.732,-12.531,23.732,-12.593,1.166,1.00000,74.342,-12.671,32.465
[SHELL] ccB:416,24391,1,2.094,-31.174,29.080,70.467,21.056,78.944,58.344,19.115,80.885
[SHELL] ccA:417,275676931,314835,-3.087,35.296,0.000,35.000,3.05213,3.26592,23.35,-12.530,23.781,-12.530,23.781,-12.592,1.166,1.00000,74.342,10.336,35.770
[SHELL] ccB:417,2147514247,1,-13.491,-23.309,36.800,78.358,21.642,72.999,70.467,21.056,78.944
[SHELL] ccA:418,275786939,314836,-0.607,34.090,0.000,35.000,3.27601,3.48991,23.34,-12.579,23.814,-12.579,23.814,-12.592,1.167,1.00000,74.342,-10.429,32.354
[SHELL] ccB:418,24405,1,14.671,-33.892,19.221,80.666,19.334,61.482,78.358,21.642,72.999
[SHELL] ccA:419,275896955,314837,-3.695,33.961,0.000,35.000,3.50619,3.72003,23.33,-12.516,23.817,-12.516,23.817,-12.590,1.167,1.00000,74.342,-4.261,35.367
[SHELL] ccB:419,2147514235,1,16.591,-35.595,19.004,81.339,18.661,49.181,80.666,19.334,61.482
[SHELL] ccA:420,276006943,314838,-2.048,35.517,0.000,35.000,3.73733,3.95121,23.35,-12.548,23.786,-12.548,23.786,-12.589,1.167,1.00000,74.342,10.759,38.981
[SHELL] ccB:420,24407,1,12.967,-39.655,26.688,80.370,19.630,36.688,81.339,18.661,49.181
[SHELL] ccA:421,276116975,314839,0.807,36.025,0.000,35.000,3.95476,4.16864,23.37,-12.605,23.775,-12.605,23.775,-12.589,1.166,1.00000,74.342,-14.030,30.770
[SHELL] ccB:421,2147514225,1,31.995,-25.483,-6.512,77.986,22.014,25.538,80.370,19.630,36.688
[SHELL] ccA:422,276226975,314840,-3.146,33.453,0.000,35.000,4.18425,4.39813,23.38,-12.525,23.827,-12.525,23.827,-12.588,1.167,1.00000,74.342,4.718,33.291
[SHELL] ccB:422,24423,1,26.377,-31.246,4.869,79.415,31.177,20.585,77.986,22.014,25.538
[SHELL] ccA:423,276336935,314841,-3.173,33.062,0.000,35.000,4.41166,4.62555,23.37,-12.523,23.836,-12.523,23.836,-12.586,1.168,1.00000,74.342,-8.096,34.896
[SHELL] ccB:423,2147514245,1,35.728,-20.119,-15.609,81.114,43.135,18.886,79.415,31.177,20.585
[SHELL] ccA:424,276446935,314842,-4.491,34.042,0.000,35.000,4.63658,4.85046,23.38,-12.494,23.817,-12.494,23.817,-12.584,1.169,1.00000,74.342,-6.491,33.085
[SHELL] ccB:424,24403,1,33.481,-13.305,-20.176,81.182,55.287,18.818,81.114,43.135,18.886
[SHELL] ccA:425,276556959,314843,-2.445,34.909,0.000,35.000,4.86184,5.07573,23.37,-12.534,23.800,-12.534,23.800,-12.583,1.169,1.00000,74.342,11.298,38.571
[SHELL] ccB:425,2147514233,1,39.824,-24.613,-15.210,79.699,67.302,20.301,81.182,55.287,18.818
[SHELL] ccA:426,276666983,314844,-0.006,34.511,0.000,35.000,5.08789,5.30180,23.38,-12.582,23.808,-12.582,23.808,-12.583,1.169,1.00000,74.342,-16.129,27.815
[SHELL] ccB:426,24427,1,19.962,11.848,-31.810,75.820,77.601,22.399,79.699,67.302,20.301
[SHELL] ccA:427,276776967,314845,-4.988,30.810,0.000,35.000,5.31043,5.52431,23.37,-12.480,23.884,-12.480,23.884,-12.580,1.171,1.00000,74.342,1.006,29.038
[SHELL] ccB:427,2147514229,1,24.565,1.156,-25.721,64.888,80.193,19.807,75.820,77.601,22.399
[SHELL] ccA:428,276886975,314846,-5.236,29.900,0.000,35.000,5.53855,5.75242,23.38,-12.473,23.904,-12.473,23.904,-12.577,1.174,1.00000,74.342,-6.826,33.707
[SHELL] ccB:428,24423,1,17.824,16.560,-34.383,52.710,81.370,18.630,64.888,80.193,19.807
[SHELL] ccA:429,276996967,314847,-5.405,31.757,0.000,35.000,5.76724,5.98112,23.38,-12.467,23.869,-12.467,23.869,-12.575,1.175,1.00000,74.342,-8.976,30.575
[SHELL] ccB:429,2147514229,1,7.277,23.228,-30.505,40.312,80.867,19.134,52.710,81.370,18.630
[SHELL] ccA:430,277106967,314848,-2.594,33.138,0.000,35.000,5.98571,6.19959,23.37,-12.522,23.842,-12.522,23.842,-12.573,1.176,1.00000,74.342,14.403,37.695
[SHELL] ccB:430,24419,1,24.819,15.146,-39.965,28.840,78.895,21.105,40.312,80.867,19.134
[SHELL] ccA:431,277216999,314849,1.888,34.167,0.000,35.000,6.20924,0.13993,23.38,-12.612,23.822,-12.612,23.822,-12.574,1.177,1.00000,74.342,-12.277,30.702
[SHELL] ccB:431,2147514213,1,-9.975,32.289,-22.314,21.334,78.666,27.806,28.840,78.895,21.105
[SHELL] ccA:432,277327075,314850,-1.567,33.357,0.000,35.000,0.15492,0.36879,23.53,-12.542,23.839,-12.542,23.839,-12.574,1.177,1.00000,74.342,3.886,34.329
[SHELL] ccB:432,24473,1,-1.458,30.622,-29.164,19.210,80.790,39.518,21.334,78.666,27.806
[SHELL] ccA:433,277437019,314851,-0.276,34.803,0.000,35.000,0.38050,0.59440,23.47,-12.568,23.810,-12.568,23.810,-12.573,1.177,1.00000,74.342,3.401,39.850
[SHELL] ccB:433,2147514203,1,-11.642,38.958,-27.316,18.653,81.347,51.786,19.210,80.790,39.518
[SHELL] ccA:434,277547207,314852,0.766,36.795,0.000,35.000,0.60352,0.81739,23.38,-12.589,23.769,-12.589,23.769,-12.574,1.177,1.00000,74.342,-7.622,33.149
[SHELL] ccB:434,24539,1,-25.089,32.434,-7.345,19.698,80.302,63.809,18.653,81.347,51.786
[SHELL] ccA:435,277657443,314853,1.472,36.743,0.000,35.000,0.83285,1.04675,23.86,-12.604,23.769,-12.604,23.769,-12.575,1.176,1.00000,74.342,17.733,40.826
[SHELL] ccB:435,2147513991,1,-18.275,44.286,-26.011,22.304,77.696,75.410,19.698,80.302,63.809
[SHELL] ccA:436,277767407,314854,5.008,37.258,0.000,35.000,1.05972,1.27360,23.80,-12.677,23.758,-12.677,23.758,-12.577,1.175,1.00000,74.342,-7.811,34.232
[SHELL] ccB:436,24639,1,-33.679,25.439,8.239,20.329,67.639,79.671,22.304,77.696,75.410
[SHELL] ccA:437,277877355,314855,1.257,36.620,0.000,35.000,1.27802,1.49190,23.79,-12.603,23.770,-12.603,23.770,-12.578,1.174,1.00000,74.342,2.920,37.191
[SHELL] ccB:437,2147514035,1,-34.766,29.100,5.666,18.866,56.228,81.134,20.329,67.639,79.671
[SHELL] ccA:438,277987439,314856,1.429,37.136,0.000,35.000,1.50470,1.71836,23.79,-12.607,23.736,-12.607,23.736,-12.578,1.173,1.00000,74.342,7.686,39.928
[SHELL] ccB:438,24655,1,-39.333,28.592,10.740,18.888,43.928,81.112,18.866,56.228,81.134
[SHELL] ccA:439,278097515,314857,3.190,37.075,0.000,35.000,1.73667,1.95035,23.94,-12.644,23.736,-12.644,23.736,-12.580,1.172,1.00000,74.342,-5.534,31.252
[SHELL] ccB:439,2147513955,1,-29.909,5.759,24.151,20.521,31.628,79.479,18.888,43.928,81.112
[SHELL] ccA:440,278207463,314858,3.187,34.298,0.000,35.000,1.95963,2.17329,23.87,-12.645,23.792,-12.645,23.792,-12.582,1.172,1.00000,74.342,16.131,34.761
[SHELL] ccB:440,24667,1,-38.282,20.655,17.627,24.906,22.156,77.844,20.521,31.628,79.479
[SHELL] ccA:441,278317411,314859,5.013,32.979,0.000,35.000,2.17066,2.38429,23.81,-12.684,23.820,-12.684,23.820,-12.584,1.173,1.00000,74.342,-6.675,31.141
[SHELL] ccB:441,2147514007,1,-21.936,-9.029,30.964,35.582,19.685,80.315,24.906,22.156,77.844
[SHELL] ccA:442,278427375,314860,1.154,33.232,0.000,35.000,2.41413,2.62780,23.77,-12.608,23.815,-12.608,23.815,-12.585,1.174,1.00000,74.342,1.836,35.885
[SHELL] ccB:442,24623,1,-25.234,-9.536,34.770,48.537,18.620,81.380,35.582,19.685,80.315
[SHELL] ccA:443,278537351,314861,4.014,36.220,0.000,35.000,2.63823,2.85192,23.78,-12.667,23.755,-12.667,23.755,-12.587,1.173,1.00000,74.342,19.061,41.968
[SHELL] ccB:443,2147514037,1,-36.941,-5.404,42.345,60.802,19.265,80.735,48.537,18.620,81.380
[SHELL] ccA:444,278647375,314862,9.632,38.040,0.000,35.000,2.86209,3.07579,23.76,-12.784,23.717,-12.784,23.717,-12.591,1.172,1.00000,74.342,-1.431,32.341
[SHELL] ccB:444,24623,1,-7.547,-23.490,31.037,72.592,21.452,78.548,60.802,19.265,80.735
[SHELL] ccA:445,278757367,314863,9.721,35.514,0.000,35.000,3.09659,3.31025,23.77,-12.791,23.767,-12.791,23.767,-12.596,1.171,1.00000,74.342,22.686,35.404
[SHELL] ccB:445,2147514029,1,-24.255,-17.618,41.874,79.142,20.858,70.444,72.592,21.452,78.548
[SHELL] ccA:446,278867375,314864,11.506,34.126,0.000,35.000,3.31898,3.53261,23.74,-12.832,23.796,-12.832,23.796,-12.602,1.172,1.00000,73.902,2.085,33.352
[SHELL] ccB:446,24623,1,3.834,-30.666,26.833,81.268,18.732,58.830,79.142,20.858,70.444
[SHELL] ccA:447,278977363,314865,7.058,33.935,0.000,35.000,3.54782,3.76148,23.77,-12.747,23.800,-12.747,23.800,-12.606,1.172,1.00000,73.902,1.377,33.632
[SHELL] ccB:447,2147514031,1,12.025,-33.240,21.215,81.573,18.427,46.474,81.268,18.732,58.830
[SHELL] ccA:448,279087371,314866,6.129,35.046,0.000,35.000,3.78097,3.99488,23.77,-12.731,23.804,-12.731,23.804,-12.609,1.172,1.00000,74.342,19.676,39.568
[SHELL] ccB:448,24621,1,7.820,-41.576,33.755,80.068,19.932,34.049,81.573,18.427,46.474
[SHELL] ccA:449,279197331,314867,8.251,36.187,0.000,35.000,3.99440,4.20833,23.79,-12.778,23.780,-12.778,23.780,-12.613,1.172,1.00000,74.342,-7.725,31.981
[SHELL] ccB:449,2147514047,1,29.168,-27.767,-1.401,77.406,22.594,23.285,80.068,19.932,34.049
[SHELL] ccA:450,279307351,314868,3.917,34.852,0.000,35.000,4.22633,4.44024,23.73,-12.693,23.807,-12.693,23.807,-12.615,1.172,1.00000,74.342,11.443,35.878
[SHELL] ccB:450,24611,1,26.377,-36.465,10.088,79.970,33.606,20.030,77.406,22.594,23.285
[SHELL] ccA:451,279417319,314869,4.047,35.451,0.000,35.000,4.45282,4.66673,23.73,-12.698,23.795,-12.698,23.795,-12.617,1.172,1.00000,74.342,1.029,38.065
[SHELL] ccB:451,2147514053,1,36.526,-27.585,-8.940,81.321,45.702,18.679,79.970,33.606,20.030
[SHELL] ccA:452,279527327,314870,3.538,36.686,0.000,35.000,4.69113,4.90504,23.74,-12.689,23.769,-12.689,23.769,-12.619,1.171,1.00000,74.342,0.652,34.735
[SHELL] ccB:452,24599,1,34.713,-18.561,-16.153,80.990,58.630,19.010,81.321,45.702,18.679
[SHELL] ccA:453,279637795,314871,6.193,37.305,0.000,35.000,4.90623,5.12014,23.73,-12.746,23.756,-12.746,23.756,-12.622,1.170,1.00000,74.342,22.437,41.683
[SHELL] ccB:453,2147513815,1,45.224,-34.726,-10.499,79.204,70.004,20.796,80.990,58.630,19.010
[SHELL] ccA:454,279747287,314872,9.635,37.177,0.000,35.000,5.13188,5.34579,23.74,-12.819,23.757,-12.819,23.757,-12.626,1.169,1.00000,74.342,-6.984,30.607
[SHELL] ccB:454,24579,1,25.109,3.765,-28.874,73.327,78.417,21.583,79.204,70.004,20.796
[SHELL] ccA:455,279857299,314873,4.185,33.836,0.000,35.000,5.35962,5.57356,23.73,-12.712,23.825,-12.712,23.825,-12.629,1.169,1.00000,74.342,8.272,32.445
[SHELL] ccB:455,2147514063,1,30.872,-4.208,-26.663,61.863,80.703,19.297,73.327,78.417,21.583
[SHELL] ccA:456,279967303,314874,3.412,33.594,0.000,35.000,5.58789,5.80183,23.70,-12.699,23.830,-12.699,23.830,-12.630,1.170,1.00000,74.342,4.087,38.879
[SHELL] ccB:456,24587,1,28.045,9.564,-37.609,49.550,81.455,18.545,61.863,80.703,19.297
[SHELL] ccA:457,280077335,314875,3.393,35.788,0.000,35.000,5.81224,6.02615,23.73,-12.700,23.786,-12.700,23.786,-12.632,1.169,1.00000,74.342,-2.876,32.949
[SHELL] ccB:457,2147514045,1,12.387,20.365,-32.752,37.418,80.559,19.441,49.550,81.455,18.545
[SHELL] ccA:458,280187319,314876,5.095,36.099,0.000,35.000,6.04308,6.25700,23.73,-12.736,23.777,-12.736,23.777,-12.635,1.169,1.00000,74.342,22.046,39.620
[SHELL] ccB:458,24595,1,30.835,13.370,-44.205,25.566,78.078,21.922,37.418,80.559,19.441
[SHELL] ccA:459,280297255,314877,9.363,36.134,0.000,35.000,6.27246,0.20317,23.74,-12.826,23.776,-12.826,23.776,-12.639,1.168,1.00000,74.342,-3.762,32.345
[SHELL] ccB:459,2147514085,1,-3.415,29.752,-26.337,20.430,79.570,31.345,25.566,78.078,21.922
[SHELL] ccA:460,280407147,314878,5.608,35.073,0.000,35.000,0.20977,0.42367,23.60,-12.754,23.797,-12.754,23.797,-12.642,1.168,1.00000,74.342,7.912,35.982
[SHELL] ccB:460,24509,1,0.246,31.782,-32.027,18.819,81.181,42.855,20.430,79.570,31.345
[SHELL] ccA:461,280517099,314879,5.230,36.506,0.000,35.000,0.43228,0.64617,23.54,-12.749,23.768,-12.749,23.768,-12.645,1.168,1.00000,74.342,8.860,41.716
[SHELL] ccB:461,2147514163,1,-9.432,40.734,-31.303,18.712,81.288,54.963,18.819,81.181,42.855
[SHELL] ccA:462,280627287,314880,4.485,37.900,0.000,35.000,0.66897,0.88286,23.49,-12.737,23.738,-12.737,23.738,-12.647,1.166,1.00000,74.342,-7.693,32.185
[SHELL] ccB:462,24579,1,-25.995,30.731,-4.736,20.292,79.708,67.517,18.712,81.288,54.963
[SHELL] ccA:463,280737499,314881,3.550,36.479,0.000,35.000,0.89012,1.10404,23.92,-12.720,23.766,-12.720,23.766,-12.649,1.165,1.00000,74.342,20.724,39.831
[SHELL] ccB:463,2147513963,1,-17.913,44.612,-26.700,22.427,76.025,77.573,20.292,79.708,67.517
[SHELL] ccA:464,280847459,314882,6.906,36.373,0.000,35.000,1.13217,1.34605,23.87,-12.790,23.768,-12.790,23.768,-12.652,1.165,1.00000,74.342,-6.131,33.644
[SHELL] ccB:464,24665,1,-33.063,24.098,8.964,19.572,63.719,80.428,22.427,76.025,77.573
[SHELL] ccA:465,280957511,314883,2.681,36.006,0.000,35.000,1.34422,1.55814,23.93,-12.707,23.774,-12.707,23.774,-12.653,1.164,1.00000,74.342,2.263,36.906
[SHELL] ccB:465,2147513957,1,-35.455,26.817,8.638,18.629,52.469,81.371,19.572,63.719,80.428
[SHELL] ccA:466,281067483,314884,2.462,36.489,0.000,35.000,1.57072,1.78464,23.87,-12.704,23.764,-12.704,23.764,-12.655,1.163,1.00000,74.342,11.455,38.500
[SHELL] ccB:466,24677,1,-38.499,29.172,9.327,19.123,40.203,80.877,18.629,52.469,81.371
[SHELL] ccA:467,281177443,314885,3.982,36.044,0.000,35.000,1.79814,2.01203,23.87,-12.736,23.772,-12.736,23.772,-12.657,1.163,1.00000,74.342,-9.244,30.271
[SHELL] ccB:467,2147513991,1,-27.409,-0.004,27.412,21.180,28.335,78.820,19.123,40.203,80.877
[SHELL] ccA:468,281287427,314886,1.442,33.798,0.000,35.000,2.02566,2.23956,23.78,-12.686,23.822,-12.686,23.822,-12.657,1.164,1.00000,74.342,12.802,36.152
[SHELL] ccB:468,24649,1,-38.100,15.255,22.846,28.158,21.199,78.801,21.180,28.335,78.820
[SHELL] ccA:469,281397383,314887,2.426,33.953,0.000,35.000,2.25401,2.46794,23.81,-12.707,23.820,-12.707,23.820,-12.659,1.164,1.00000,74.342,-6.658,33.236
[SHELL] ccB:469,2147514021,1,-21.573,-11.856,33.429,40.056,19.079,80.921,28.158,21.199,78.801
[SHELL] ccA:470,281507355,314888,-0.200,34.663,0.000,35.000,2.48534,2.69927,23.75,-12.654,23.806,-12.654,23.806,-12.658,1.164,1.00000,74.342,-0.287,36.027
[SHELL] ccB:470,24613,1,-21.754,-13.994,35.749,52.516,18.627,81.373,40.056,19.079,80.921
[SHELL] ccA:471,281617339,314889,2.773,36.748,0.000,35.000,2.70798,2.92194,23.75,-12.715,23.763,-12.715,23.763,-12.660,1.163,1.00000,74.342,18.325,41.700
[SHELL] ccB:471,2147514043,1,-34.150,-9.029,43.179,64.592,19.756,80.244,52.516,18.627,81.373
[SHELL] ccA:472,281727323,314890,7.548,37.751,0.000,35.000,2.94271,3.15666,23.75,-12.815,23.742,-12.815,23.742,-12.664,1.162,1.00000,74.342,-6.171,31.575
[SHELL] ccB:472,24597,1,-0.189,-27.767,27.956,76.575,22.571,77.429,64.592,19.756,80.244
[SHELL] ccA:473,281837347,314891,5.180,35.007,0.000,35.000,3.17168,3.38560,23.76,-12.770,23.797,-12.770,23.797,-12.666,1.162,1.00000,74.342,14.737,35.176
[SHELL] ccB:473,2147514039,1,-13.672,-23.997,37.669,79.954,20.046,66.658,76.575,22.571,77.429
[SHELL] ccA:474,281947395,314892,5.501,34.235,0.000,35.000,3.38843,3.60236,23.75,-12.779,23.812,-12.779,23.812,-12.669,1.162,1.00000,74.342,-1.298,35.015
[SHELL] ccB:474,24633,1,9.814,-34.037,24.223,81.343,18.657,55.112,79.954,20.046,66.658
[SHELL] ccA:475,282057435,314893,1.378,34.614,0.000,35.000,3.63104,3.84498,23.83,-12.697,23.805,-12.697,23.805,-12.670,1.163,1.00000,74.342,-6.631,33.250
[SHELL] ccB:475,2147513995,1,21.484,-33.457,11.973,81.094,18.906,42.070,81.343,18.657,55.112
[SHELL] ccA:476,282167431,314894,0.144,35.520,0.000,35.000,3.84622,4.06015,23.84,-12.673,23.787,-12.673,23.787,-12.670,1.162,1.00000,74.342,15.137,40.564
[SHELL] ccB:476,24651,1,14.743,-42.627,27.884,79.374,20.626,30.799,81.094,18.906,42.070
[SHELL] ccA:477,282277375,314895,2.993,36.933,0.000,35.000,4.08048,4.29442,23.80,-12.731,23.757,-12.731,23.757,-12.671,1.161,1.00000,74.342,-11.672,33.354
[SHELL] ccB:477,2147514025,1,33.807,-25.810,-7.998,78.278,26.363,21.722,79.374,20.626,30.799
[SHELL] ccA:478,282387419,314896,-0.740,35.938,0.000,35.000,4.30861,4.52256,23.87,-12.656,23.777,-12.656,23.777,-12.671,1.161,1.00000,74.342,5.244,36.482
[SHELL] ccB:478,24645,1,31.488,-32.333,0.846,80.592,37.913,19.408,78.278,26.363,21.722
[SHELL] ccA:479,282497419,314897,-0.456,37.013,0.000,35.000,4.53624,4.75049,23.79,-12.662,23.788,-12.662,23.788,-12.671,1.160,1.00000,74.342,-0.639,41.735
[SHELL] ccB:479,2147514003,1,41.201,-26.389,-14.812,81.392,50.197,18.608,80.592,37.913,19.408
[SHELL] ccA:480,282607411,314898,-0.597,38.399,0.000,35.000,4.76049,4.97475,23.81,-12.658,23.759,-12.658,23.759,-12.670,1.158,1.00000,74.342,-6.353,33.644
[SHELL] ccB:480,24641,1,33.300,-9.754,-23.546,80.547,62.293,19.453,81.392,50.197,18.608
[SHELL] ccA:481,282718895,314899,-0.012,37.331,0.000,35.000,4.98841,5.20267,23.81,-12.670,23.779,-12.670,23.779,-12.670,1.157,1.00000,74.342,13.295,40.299
[SHELL] ccB:481,2147513265,1,42.397,-22.765,-19.632,78.177,73.952,21.823,80.547,62.293,19.453
[SHELL] ccA:482,282827379,314900,1.701,36.418,0.000,35.000,5.21447,5.42873,23.80,-12.705,23.796,-12.705,23.796,-12.671,1.156,1.00000,74.342,-13.433,31.429
[SHELL] ccB:482,24625,1,21.086,12.754,-33.840,69.380,79.365,20.635,78.177,73.952,21.823
[SHELL] ccA:483,282937403,314901,-4.156,34.419,0.000,35.000,5.44491,5.65917,23.80,-12.586,23.837,-12.586,23.837,-12.669,1.157,1.00000,74.342,-3.051,34.518
[SHELL] ccB:483,2147514011,1,23.623,10.144,-33.767,57.493,81.102,18.898,69.380,79.365,20.635
[SHELL] ccA:484,283047387,314902,-4.723,34.850,0.000,35.000,5.66422,5.87848,23.79,-12.572,23.828,-12.572,23.828,-12.667,1.157,1.00000,74.342,0.645,38.935
[SHELL] ccB:484,24629,1,23.115,15.581,-38.696,45.613,81.282,18.718,57.493,81.102,18.898
[SHELL] ccA:485,283157419,314903,-3.267,35.727,0.000,35.000,5.89632,6.11056,23.81,-12.600,23.810,-12.600,23.810,-12.665,1.156,1.00000,74.342,-11.307,30.519
[SHELL] ccB:485,2147514003,1,1.043,27.650,-28.693,33.207,79.846,20.154,45.613,81.282,18.718
[SHELL] ccA:486,283267415,314904,-2.041,34.253,0.000,35.000,6.12227,0.05334,23.80,-12.623,23.840,-12.623,23.840,-12.664,1.157,1.00000,74.342,13.807,37.041
[SHELL] ccB:486,24643,1,19.563,19.966,-39.530,22.527,77.473,23.576,33.207,79.846,20.154
[SHELL] ccA:487,283377271,314905,1.787,34.230,0.000,35.000,0.06167,0.27592,23.75,-12.701,23.841,-12.701,23.841,-12.665,1.157,1.00000,74.342,-9.161,32.319
[SHELL] ccB:487,2147514077,1,-11.135,33.014,-21.879,19.773,80.227,34.844,22.527,77.473,23.576
[SHELL] ccA:488,283487215,314906,-1.763,34.346,0.000,35.000,0.27968,0.49394,23.62,-12.629,23.839,-12.629,23.839,-12.664,1.157,1.00000,74.342,-2.537,35.706
[SHELL] ccB:488,24543,1,-12.295,35.261,-22.966,18.642,81.358,46.405,19.773,80.227,34.844
[SHELL] ccA:489,283597143,314907,-1.276,36.592,0.000,35.000,0.51763,0.73188,23.57,-12.638,23.793,-12.638,23.793,-12.663,1.157,1.00000,74.342,9.129,42.638
[SHELL] ccB:489,2147514141,1,-13.165,42.583,-29.418,19.084,80.916,59.355,18.642,81.358,46.405
[SHELL] ccA:490,283707363,314908,1.947,38.674,0.000,35.000,0.74622,0.96043,23.55,-12.703,23.749,-12.703,23.749,-12.664,1.155,1.00000,74.342,-7.935,33.713
[SHELL] ccB:490,24617,1,-28.713,31.130,-2.416,21.156,78.844,71.383,19.084,80.916,59.355
[SHELL] ccA:491,283817591,314909,2.520,37.164,0.000,35.000,0.96825,1.18250,24.01,-12.716,23.778,-12.716,23.778,-12.666,1.154,1.00000,74.342,16.822,38.592
[SHELL] ccB:491,2147513917,1,-22.262,42.075,-19.813,21.328,72.225,78.672,21.156,78.844,71.383
[SHELL] ccA:492,283927555,314910,4.775,36.493,0.000,35.000,1.19014,1.40439,23.94,-12.764,23.791,-12.764,23.791,-12.668,1.153,1.00000,74.342,-6.608,35.075
[SHELL] ccB:492,24713,1,-35.020,23.482,11.538,19.161,60.694,80.839,21.328,72.225,78.672
[SHELL] ccA:493,284037575,314911,0.753,36.237,0.000,35.000,1.42136,1.63562,24.01,-12.684,23.795,-12.684,23.795,-12.668,1.152,1.00000,74.342,-0.593,36.205
[SHELL] ccB:493,2147513925,1,-35.890,22.105,13.785,18.603,48.317,81.397,19.161,60.694,80.839
[SHELL] ccA:494,284147563,314912,1.680,36.882,0.000,35.000,1.64724,1.86149,23.93,-12.703,23.782,-12.703,23.782,-12.669,1.151,1.00000,74.342,14.516,40.045
[SHELL] ccB:494,24717,1,-41.036,30.405,10.632,19.629,36.136,80.371,18.603,48.317,81.397
[SHELL] ccA:495,284257547,314913,4.758,36.651,0.000,35.000,1.87479,2.08900,23.92,-12.767,23.785,-12.767,23.785,-12.672,1.151,1.00000,74.342,-9.406,30.309
[SHELL] ccB:495,2147513939,1,-26.104,-2.577,28.681,22.212,24.500,77.788,19.629,36.136,80.371
[SHELL] ccA:496,284367507,314914,1.223,33.465,0.000,35.000,2.10160,2.31585,23.89,-12.697,23.850,-12.697,23.850,-12.672,1.151,1.00000,74.342,9.188,33.197
[SHELL] ccB:496,24689,1,-33.280,8.948,24.332,31.997,20.291,79.709,22.212,24.500,77.788
[SHELL] ccA:497,284477479,314915,0.832,32.591,0.000,35.000,2.33568,2.54993,23.90,-12.689,23.868,-12.689,23.868,-12.673,1.152,1.00000,74.342,-5.643,33.661
[SHELL] ccB:497,2147513973,1,-20.377,-13.523,33.900,44.390,18.677,81.323,31.997,20.291,79.709
[SHELL] ccA:498,284587439,314916,-1.974,33.621,0.000,35.000,2.55533,2.76957,23.83,-12.632,23.849,-12.632,23.849,-12.672,1.153,1.00000,74.342,-5.798,33.966
[SHELL] ccB:498,24655,1,-13.962,-20.300,34.263,56.253,18.770,81.230,44.390,18.677,81.323
[SHELL] ccA:499,284697423,314917,-0.146,35.522,0.000,35.000,2.78551,2.99976,23.85,-12.669,23.810,-12.669,23.810,-12.672,1.153,1.00000,74.342,16.655,40.497
[SHELL] ccB:499,2147514001,1,-29.728,-12.979,42.707,68.514,20.455,79.545,56.253,18.770,81.230
[SHELL] ccA:500,284807451,314918,4.581,36.839,0.000,35.000,3.00966,3.22385,23.83,-12.766,23.778,-12.766,23.778,-12.674,1.152,1.00000,74.342,-9.190,32.395
[SHELL] ccB:500,24661,1,4.848,-31.282,26.434,77.998,22.002,74.769,68.514,20.455,79.545
[SHELL] ccA:501,284917439,314919,1.933,35.012,0.000,35.000,3.24330,3.45749,23.84,-12.714,23.814,-12.714,23.814,-12.675,1.152,1.00000,74.342,9.458,34.760
[SHELL] ccB:501,2147513993,1,-5.880,-27.839,33.719,80.539,19.461,62.996,77.998,22.002,74.769
[SHELL] ccA:502,285027407,314920,2.713,34.642,0.000,35.000,3.46592,3.68011,23.83,-12.731,23.822,-12.731,23.822,-12.676,1.152,1.00000,74.342,1.128,36.653
[SHELL] ccB:502,24639,1,10.611,-35.704,25.093,81.460,18.540,50.974,80.539,19.461,62.996
[SHELL] ccA:503,285137435,314921,1.064,35.458,0.000,35.000,3.69076,3.90496,23.83,-12.698,23.805,-12.698,23.805,-12.677,1.152,1.00000,74.342,-7.456,33.767
[SHELL] ccB:503,2147513995,1,23.985,-33.566,9.580,80.764,19.236,38.855,81.460,18.540,50.974
[SHELL] ccA:504,285247431,314922,0.456,35.858,0.000,35.000,3.91829,4.13249,23.84,-12.686,23.797,-12.686,23.797,-12.677,1.152,1.00000,74.342,15.609,39.243
[SHELL] ccB:504,24651,1,16.374,-41.902,25.528,78.509,21.491,27.145,80.764,19.236,38.855
[SHELL] ccA:505,285357399,314923,3.544,36.513,0.000,35.000,4.14203,4.35623,23.80,-12.750,23.783,-12.750,23.783,-12.679,1.151,1.00000,74.342,-9.588,33.799
[SHELL] ccB:505,2147514013,1,33.626,-25.628,-7.998,79.103,29.417,20.897,78.509,21.491,27.145
[SHELL] ccA:506,285467439,314924,0.182,35.891,0.000,35.000,4.36371,4.57792,23.87,-12.683,23.795,-12.683,23.795,-12.679,1.150,1.00000,74.342,4.294,36.723
[SHELL] ccB:506,24655,1,33.046,-30.884,-2.163,80.966,40.883,19.034,79.103,29.417,20.897
[SHELL] ccA:507,285577387,314925,0.767,37.239,0.000,35.000,4.59505,4.80925,23.79,-12.695,23.767,-12.695,23.767,-12.679,1.149,1.00000,74.342,4.068,41.710
[SHELL] ccB:507,2147514019,1,40.947,-28.202,-12.746,81.325,53.468,18.675,80.966,40.883,19.034
[SHELL] ccA:508,285687379,314926,2.049,38.094,0.000,35.000,4.82854,5.04274,23.80,-12.721,23.748,-12.721,23.748,-12.680,1.148,1.00000,74.342,-4.236,32.232
[SHELL] ccB:508,24625,1,31.524,-8.884,-22.640,79.996,65.988,20.004,81.325,53.468,18.675
[SHELL] ccA:509,285797375,314927,3.299,36.131,0.000,35.000,5.04556,5.25976,23.79,-12.748,23.787,-12.748,23.787,-12.682,1.147,1.00000,74.342,17.600,38.351
[SHELL] ccB:509,2147514025,1,41.998,-24.541,-17.457,77.349,76.855,22.651,79.996,65.988,20.004
[SHELL] ccA:510,285907403,314928,5.584,34.640,0.000,35.000,5.27759,5.49179,23.80,-12.796,23.817,-12.796,23.817,-12.685,1.147,1.00000,74.342,-8.630,29.627
[SHELL] ccB:510,24637,1,20.397,9.854,-30.251,66.036,80.104,19.896,77.349,76.855,22.651
[SHELL] ccA:511,286017399,314929,0.308,32.867,0.000,35.000,5.49975,5.71391,23.80,-12.691,23.849,-12.691,23.849,-12.685,1.148,1.00000,74.342,0.890,33.864
[SHELL] ccB:511,2147514013,1,24.529,7.970,-32.499,54.370,81.370,18.630,66.036,80.104,19.896
