[SHELL] ctrlcap v1 armed=0 count=512 clock_hz=550000000 decimation=1
[SHELL] ccA:index,cycles,seq,id,iq,idref,iqref,theta,actangle,age_us,vdreq,vqreq,vd,vq,intd,intq,scale,bus,raw_id,raw_iq
[SHELL] ccB:index,timer,valid,ia,ib,ic,du,dv,dw,active_u,active_v,active_w
[SHELL] ccA:0,34596007,1458144,4.384,-36.537,0.000,-35.000,0.14210,6.21589,23.66,-6.462,-25.513,-6.462,-25.513,-6.374,-3.389,1.00000,74.342,-5.802,-33.846
[SHELL] ccB:0,2147514067,1,-0.951,-29.253,30.203,33.530,20.853,79.147,45.342,19.467,80.533
[SHELL] ccA:1,34706075,1458145,3.576,-34.489,0.000,-35.000,6.20181,5.99238,23.73,-6.447,-25.564,-6.447,-25.564,-6.376,-3.389,1.00000,74.782,16.607,-32.058
[SHELL] ccB:1,24615,1,13.946,-35.813,21.867,23.343,24.214,76.657,33.530,20.853,79.147
[SHELL] ccA:2,34816071,1458146,5.167,-33.363,0.000,-35.000,5.97507,5.76557,23.78,-6.482,-25.588,-6.482,-25.588,-6.379,-3.390,1.00000,74.782,-6.742,-35.490
[SHELL] ccB:2,2147514035,1,-17.188,-18.923,36.111,20.635,35.293,79.365,23.343,24.214,76.657
[SHELL] ccA:3,34926123,1458147,1.096,-35.315,0.000,-35.000,5.76481,5.55531,23.79,-6.401,-25.548,-6.401,-25.548,-6.379,-3.390,1.00000,74.342,1.263,-38.220
[SHELL] ccB:3,24639,1,-17.840,-20.373,38.213,19.402,46.080,80.598,20.635,35.293,79.365
[SHELL] ccA:4,35036083,1458148,1.539,-37.514,0.000,-35.000,5.53365,5.32415,23.78,-6.411,-25.503,-6.411,-25.503,-6.380,-3.388,1.00000,74.342,10.372,-38.127
[SHELL] ccB:4,2147514029,1,-18.384,-21.098,39.482,19.749,58.354,80.251,19.402,46.080,80.598
[SHELL] ccA:5,35146851,1458149,3.637,-37.496,0.000,-35.000,5.31388,5.10290,25.14,-6.454,-25.502,-6.454,-25.502,-6.382,-3.387,1.00000,74.342,-7.457,-35.510
[SHELL] ccB:5,25003,1,-33.497,4.672,28.826,21.552,69.736,78.448,19.749,58.354,80.251
[SHELL] ccA:6,35256095,1458150,2.069,-35.551,0.000,-35.000,5.10669,4.89727,23.72,-6.424,-25.541,-6.424,-25.541,-6.383,-3.387,1.00000,74.342,12.818,-33.057
[SHELL] ccB:6,2147514023,1,-25.596,-8.449,34.045,22.537,77.463,73.689,21.552,69.736,78.448
[SHELL] ccA:7,35366107,1458151,3.160,-34.289,0.000,-35.000,4.86958,4.66008,23.79,-6.448,-25.566,-6.448,-25.566,-6.384,-3.387,1.00000,74.342,-5.538,-35.533
[SHELL] ccB:7,24631,1,-35.962,17.901,18.062,20.054,79.946,61.831,22.537,77.463,73.689
[SHELL] ccA:8,35476075,1458152,1.512,-35.341,0.000,-35.000,4.64392,4.43442,23.79,-6.415,-25.545,-6.415,-25.545,-6.385,-3.387,1.00000,74.342,4.304,-37.241
[SHELL] ccB:8,2147514033,1,-37.448,17.212,20.236,19.318,80.682,49.978,20.054,79.946,61.831
[SHELL] ccA:9,35586091,1458153,4.946,-36.891,0.000,-35.000,4.41784,4.20833,23.78,-6.486,-25.513,-6.486,-25.513,-6.388,-3.386,1.00000,74.342,16.714,-37.547
[SHELL] ccB:9,24623,1,-40.783,15.980,24.803,20.137,79.863,37.921,19.318,80.682,49.978
[SHELL] ccA:10,35696107,1458154,7.758,-36.791,0.000,-35.000,4.20043,3.99093,23.79,-6.547,-25.514,-6.547,-25.514,-6.391,-3.385,1.00000,74.782,-6.700,-34.830
[SHELL] ccB:10,2147514017,1,-27.082,33.377,-6.294,22.519,77.481,27.065,20.137,79.863,37.921
[SHELL] ccA:11,35806155,1458155,3.698,-34.796,0.000,-35.000,3.97287,3.76318,23.84,-6.467,-25.575,-6.467,-25.575,-6.393,-3.385,1.00000,74.782,11.479,-31.976
[SHELL] ccB:11,24655,1,-31.359,26.998,4.361,30.673,78.439,21.561,22.519,77.481,27.065
[SHELL] ccA:12,35916127,1458156,3.303,-33.878,0.000,-35.000,3.75102,3.54133,23.82,-6.461,-25.594,-6.461,-25.594,-6.395,-3.386,1.00000,74.342,-3.043,-36.730
[SHELL] ccB:12,2147514007,1,-18.529,36.856,-18.327,41.911,80.394,19.606,30.673,78.439,21.561
[SHELL] ccA:13,36026147,1458157,1.102,-35.159,0.000,-35.000,3.52507,3.31538,23.82,-6.418,-25.568,-6.418,-25.568,-6.395,-3.386,1.00000,74.342,-0.983,-35.200
[SHELL] ccB:13,24651,1,-12.259,34.718,-22.459,53.833,80.629,19.371,41.911,80.394,19.606
[SHELL] ccA:14,36136139,1458158,2.233,-35.635,0.000,-35.000,3.30362,3.09392,23.82,-6.441,-25.558,-6.441,-25.558,-6.397,-3.386,1.00000,74.342,13.941,-35.410
[SHELL] ccB:14,2147514001,1,-19.471,38.052,-18.581,65.439,79.382,20.618,53.833,80.629,19.371
[SHELL] ccA:15,36246131,1458159,3.508,-35.085,0.000,-35.000,3.08205,2.87236,23.82,-6.468,-25.569,-6.468,-25.569,-6.398,-3.386,1.00000,74.342,-12.869,-34.319
[SHELL] ccB:15,24643,1,14.888,21.561,-36.449,76.304,76.709,23.291,65.439,79.382,20.618
[SHELL] ccA:16,36356143,1458160,-2.558,-34.061,0.000,-35.000,2.85381,2.64411,23.82,-6.346,-25.590,-6.346,-25.590,-6.397,-3.386,1.00000,74.342,1.563,-32.196
[SHELL] ccB:16,2147513999,1,7.639,23.301,-30.940,79.281,66.058,20.719,76.304,76.709,23.291
[SHELL] ccA:17,36466139,1458161,-4.196,-34.128,0.000,-35.000,2.63271,2.42305,23.83,-6.311,-25.589,-6.311,-25.589,-6.395,-3.386,1.00000,74.342,-7.041,-37.799
[SHELL] ccB:17,24647,1,24.565,13.334,-37.899,80.587,54.613,19.413,79.281,66.058,20.719
[SHELL] ccA:18,36576131,1458162,-5.529,-36.494,0.000,-35.000,2.41334,2.20365,23.82,-6.282,-25.541,-6.282,-25.541,-6.392,-3.386,1.00000,74.782,-9.597,-38.182
[SHELL] ccB:18,2147514005,1,32.575,2.859,-35.434,80.196,43.061,19.804,80.587,54.613,19.413
[SHELL] ccA:19,36686251,1458163,-3.388,-38.187,0.000,-35.000,2.18898,1.97929,23.87,-6.323,-25.506,-6.323,-25.506,-6.391,-3.384,1.00000,74.782,12.682,-38.585
[SHELL] ccB:19,24703,1,24.094,16.270,-40.364,78.501,31.526,21.499,80.196,43.061,19.804
[SHELL] ccA:20,36796223,1458164,0.975,-38.107,0.000,-35.000,1.97068,1.76099,23.93,-6.411,-25.506,-6.411,-25.506,-6.391,-3.383,1.00000,74.342,-11.865,-37.079
[SHELL] ccB:20,2147513959,1,38.773,-16.350,-22.423,77.348,22.652,26.084,78.501,31.526,21.499
[SHELL] ccA:21,36906251,1458165,-2.402,-36.370,0.000,-35.000,1.74475,1.53492,23.93,-6.342,-25.556,-6.342,-25.556,-6.390,-3.382,1.00000,74.342,1.440,-32.738
[SHELL] ccB:21,24703,1,31.995,-9.862,-22.133,79.761,20.239,37.140,77.348,22.652,26.084
[SHELL] ccA:22,37016243,1458166,-3.008,-35.052,0.000,-35.000,1.51624,1.30637,23.93,-6.328,-25.582,-6.328,-25.582,-6.388,-3.382,1.00000,74.342,-3.045,-37.654
[SHELL] ccB:22,2147513949,1,37.432,-23.127,-14.304,80.695,19.305,49.113,79.761,20.239,37.140
[SHELL] ccA:23,37126255,1458167,-4.205,-35.960,0.000,-35.000,1.29491,1.08507,23.93,-6.302,-25.563,-6.302,-25.563,-6.386,-3.381,1.00000,74.342,-12.168,-35.793
[SHELL] ccB:23,24705,1,31.125,-34.146,3.020,80.036,19.964,60.754,80.695,19.305,49.113
[SHELL] ccA:24,37236279,1458168,-4.432,-36.208,0.000,-35.000,1.07612,0.86628,23.93,-6.295,-25.558,-6.295,-25.558,-6.384,-3.381,1.00000,74.342,9.654,-35.593
[SHELL] ccB:24,2147513931,1,35.909,-25.230,-10.680,77.968,22.032,71.773,80.036,19.964,60.754
[SHELL] ccA:25,37346095,1458169,-2.235,-35.818,0.000,-35.000,0.85328,0.64344,23.99,-6.338,-25.565,-6.338,-25.565,-6.383,-3.380,1.00000,74.342,-16.081,-36.295
[SHELL] ccB:25,24625,1,16.773,-39.546,22.773,70.716,21.744,78.256,77.968,22.032,71.773
[SHELL] ccA:26,37455855,1458170,-6.256,-36.201,0.000,-35.000,0.62837,0.41853,23.55,-6.255,-25.557,-6.255,-25.557,-6.380,-3.380,1.00000,74.342,-2.516,-36.620
[SHELL] ccB:26,2147514143,1,19.491,-36.683,17.192,59.427,19.836,80.164,70.716,21.744,78.256
[SHELL] ccA:27,37565935,1458171,-5.480,-37.454,0.000,-35.000,0.41317,0.20332,23.61,-6.267,-25.531,-6.267,-25.531,-6.377,-3.378,1.00000,74.342,-0.809,-40.279
[SHELL] ccB:27,24545,1,15.432,-39.945,24.513,48.016,19.397,80.603,59.427,19.836,80.164
[SHELL] ccA:28,37676007,1458172,-4.884,-38.812,0.000,-35.000,0.18435,6.25777,23.60,-6.277,-25.502,-6.277,-25.502,-6.375,-3.377,1.00000,74.342,-15.403,-38.070
[SHELL] ccB:28,2147514067,1,-8.163,-30.775,38.938,36.031,20.488,79.512,48.016,19.397,80.603
[SHELL] ccA:29,37786107,1458173,-5.786,-37.960,0.000,-35.000,6.24658,6.03674,23.80,-6.256,-25.517,-6.256,-25.517,-6.372,-3.375,1.00000,74.342,8.470,-35.422
[SHELL] ccB:29,24631,1,7.168,-34.508,27.340,25.198,22.950,77.050,36.031,20.488,79.512
[SHELL] ccA:30,37896103,1458174,-3.579,-36.843,0.000,-35.000,6.02998,5.82013,23.80,-6.298,-25.539,-6.298,-25.539,-6.370,-3.374,1.00000,74.342,-15.852,-38.457
[SHELL] ccB:30,2147514019,1,-24.980,-16.314,41.294,21.136,32.183,78.864,25.198,22.950,77.050
[SHELL] ccA:31,38006111,1458175,-6.999,-38.024,0.000,-35.000,5.81075,5.60091,23.80,-6.226,-25.514,-6.226,-25.514,-6.366,-3.373,1.00000,74.342,-4.762,-39.761
[SHELL] ccB:31,24633,1,-22.334,-17.618,39.953,19.647,43.364,80.353,21.136,32.183,78.864
[SHELL] ccA:32,38116127,1458176,-5.487,-39.675,0.000,-35.000,5.58009,5.37016,23.79,-6.254,-25.487,-6.254,-25.487,-6.364,-3.370,1.00000,74.342,3.430,-40.719
[SHELL] ccB:32,2147514007,1,-23.712,-16.966,40.678,19.601,55.626,80.399,19.647,43.364,80.353
[SHELL] ccA:33,38226111,1458177,-1.736,-39.158,0.000,-35.000,5.35970,5.14977,23.80,-6.328,-25.496,-6.328,-25.496,-6.363,-3.368,1.00000,74.342,-9.040,-35.431
[SHELL] ccB:33,24633,1,-33.715,4.599,29.116,21.045,67.150,78.955,19.601,55.626,80.399
[SHELL] ccA:34,38336111,1458178,-1.269,-35.751,0.000,-35.000,5.13688,4.92695,23.79,-6.337,-25.563,-6.337,-25.563,-6.362,-3.368,1.00000,74.342,9.575,-31.423
[SHELL] ccB:34,2147514015,1,-24.690,-6.419,31.109,23.004,76.996,75.252,21.045,67.150,78.955
[SHELL] ccA:35,38446087,1458179,-0.171,-33.015,0.000,-35.000,4.91725,4.70731,23.80,-6.359,-25.619,-6.359,-25.619,-6.362,-3.369,1.00000,74.342,-10.793,-33.784
[SHELL] ccB:35,24621,1,-35.273,20.836,14.437,20.408,79.592,64.475,23.004,76.996,75.252
[SHELL] ccA:36,38556107,1458180,-3.498,-33.278,0.000,-35.000,4.69347,4.48354,23.80,-6.290,-25.615,-6.290,-25.615,-6.360,-3.370,1.00000,74.342,-1.982,-34.121
[SHELL] ccB:36,2147514017,1,-34.077,19.314,14.763,19.319,80.681,52.869,20.408,79.592,64.475
[SHELL] ccA:37,38666115,1458181,-2.290,-34.310,0.000,-35.000,4.46922,4.25929,23.79,-6.313,-25.594,-6.313,-25.594,-6.359,-3.370,1.00000,74.342,5.598,-35.215
[SHELL] ccB:37,24635,1,-35.527,20.401,15.126,19.740,80.260,40.931,19.319,80.681,52.869
[SHELL] ccA:38,38776111,1458182,-1.044,-34.437,0.000,-35.000,4.24903,4.03910,23.80,-6.338,-25.592,-6.338,-25.592,-6.359,-3.370,1.00000,74.342,-13.391,-33.197
[SHELL] ccB:38,2147514015,1,-23.712,35.080,-11.368,21.621,78.379,29.655,19.740,80.260,40.931
[SHELL] ccA:39,38886107,1458183,-4.022,-33.416,0.000,-35.000,4.03480,3.82487,23.79,-6.276,-25.613,-6.276,-25.613,-6.357,-3.371,1.00000,74.342,5.098,-32.055
[SHELL] ccB:39,24631,1,-28.170,28.049,0.121,27.193,77.755,22.245,21.621,78.379,29.655
[SHELL] ccA:40,38996163,1458184,-3.470,-33.284,0.000,-35.000,3.81095,3.60102,23.82,-6.285,-25.617,-6.285,-25.617,-6.355,-3.372,1.00000,74.342,-10.684,-35.829
[SHELL] ccB:40,2147513989,1,-13.853,37.001,-23.148,38.447,79.994,20.006,27.193,77.755,22.245
[SHELL] ccA:41,39106151,1458185,-4.759,-35.541,0.000,-35.000,3.58809,3.37816,23.83,-6.257,-25.572,-6.257,-25.572,-6.352,-3.372,1.00000,74.342,-2.768,-38.452
[SHELL] ccB:41,24653,1,-14.107,38.125,-24.018,50.181,80.668,19.332,38.447,79.994,20.006
[SHELL] ccA:42,39216143,1458186,-1.172,-38.216,0.000,-35.000,3.36756,3.15774,23.83,-6.328,-25.502,-6.328,-25.502,-6.352,-3.370,1.00000,74.342,11.534,-40.131
[SHELL] ccB:42,2147513999,1,-20.232,41.749,-21.517,61.937,79.823,20.177,50.181,80.668,19.332
[SHELL] ccA:43,39326151,1458187,2.427,-38.414,0.000,-35.000,3.14305,2.93326,23.83,-6.402,-25.497,-6.402,-25.497,-6.353,-3.368,1.00000,74.342,-10.590,-34.942
[SHELL] ccB:43,24653,1,10.539,25.004,-35.543,73.278,77.517,22.483,61.937,79.823,20.177
[SHELL] ccA:44,39436147,1458188,-1.031,-35.789,0.000,-35.000,2.92500,2.71520,23.82,-6.332,-25.549,-6.332,-25.549,-6.353,-3.368,1.00000,74.342,5.520,-33.143
[SHELL] ccB:44,2147513997,1,1.732,28.194,-29.925,78.500,69.594,21.500,73.278,77.517,22.483
[SHELL] ccA:45,39546135,1458189,-1.725,-34.509,0.000,-35.000,2.69108,2.48128,23.83,-6.317,-25.575,-6.317,-25.575,-6.352,-3.368,1.00000,74.342,-7.350,-36.808
[SHELL] ccB:45,24645,1,22.644,14.602,-37.247,80.367,57.666,19.633,78.500,69.594,21.500
[SHELL] ccA:46,39656183,1458190,-3.187,-35.899,0.000,-35.000,2.47780,2.26801,23.82,-6.286,-25.546,-6.286,-25.546,-6.350,-3.368,1.00000,74.342,-3.569,-36.838
[SHELL] ccB:46,2147513979,1,25.507,10.471,-35.978,80.577,46.411,19.423,80.367,57.666,19.633
[SHELL] ccA:47,39766219,1458191,-0.440,-36.740,0.000,-35.000,2.25955,2.04975,23.88,-6.341,-25.529,-6.341,-25.529,-6.350,-3.367,1.00000,74.342,12.729,-36.476
[SHELL] ccB:47,24687,1,20.071,18.553,-38.624,79.380,34.919,20.620,80.577,46.411,19.423
[SHELL] ccA:48,39876215,1458192,2.947,-36.551,0.000,-35.000,2.03677,1.82697,23.89,-6.410,-25.532,-6.410,-25.532,-6.351,-3.366,1.00000,74.342,-10.101,-36.413
[SHELL] ccB:48,2147513963,1,37.069,-12.182,-24.887,76.712,23.913,23.288,79.380,34.919,20.620
[SHELL] ccA:49,39986259,1458193,-0.420,-34.935,0.000,-35.000,1.81360,1.60378,23.93,-6.343,-25.564,-6.343,-25.564,-6.351,-3.366,1.00000,74.342,5.795,-30.439
[SHELL] ccB:49,24707,1,28.153,-2.867,-25.286,79.189,20.811,33.617,76.712,23.913,23.288
[SHELL] ccA:50,40096291,1458194,-0.726,-32.792,0.000,-35.000,1.58956,1.37979,23.93,-6.336,-25.608,-6.336,-25.608,-6.351,-3.367,1.00000,74.342,-4.391,-33.876
[SHELL] ccB:50,2147513925,1,33.952,-20.228,-13.724,80.607,19.393,45.214,79.189,20.811,33.617
[SHELL] ccA:51,40206259,1458195,-2.367,-33.116,0.000,-35.000,1.37236,1.16256,23.94,-6.302,-25.602,-6.302,-25.602,-6.350,-3.368,1.00000,74.342,-6.480,-34.271
[SHELL] ccB:51,24707,1,32.321,-27.513,-4.808,80.472,19.528,56.685,80.607,19.393,45.214
[SHELL] ccA:52,40316383,1458196,-0.542,-34.733,0.000,-35.000,1.15484,0.94492,24.08,-6.339,-25.570,-6.339,-25.570,-6.349,-3.368,1.00000,74.342,15.181,-36.513
[SHELL] ccB:52,2147513879,1,39.534,-20.518,-19.016,78.878,21.122,67.990,80.472,19.528,56.685
[SHELL] ccA:53,40426075,1458197,3.166,-35.254,0.000,-35.000,0.92763,0.71786,24.01,-6.414,-25.557,-6.414,-25.557,-6.351,-3.368,1.00000,74.342,-11.220,-33.718
[SHELL] ccB:53,24615,1,20.252,-35.414,15.162,74.171,22.660,77.340,78.878,21.122,67.990
[SHELL] ccA:54,40535859,1458198,-0.275,-34.495,0.000,-35.000,0.71307,0.50330,23.56,-6.345,-25.572,-6.345,-25.572,-6.351,-3.369,1.00000,74.342,6.161,-34.030
[SHELL] ccB:54,2147514141,1,26.921,-32.261,5.340,63.671,20.339,79.661,74.171,22.660,77.340
[SHELL] ccA:55,40645931,1458199,1.078,-34.747,0.000,-35.000,0.48824,0.27850,23.59,-6.373,-25.568,-6.373,-25.568,-6.351,-3.369,1.00000,74.342,3.210,-37.209
[SHELL] ccB:55,24543,1,20.288,-37.299,17.010,51.819,19.323,80.677,63.671,20.339,79.661
[SHELL] ccA:56,40755995,1458200,2.571,-35.835,0.000,-35.000,0.25735,0.04758,23.62,-6.404,-25.545,-6.404,-25.545,-6.353,-3.368,1.00000,74.342,-2.296,-34.892
[SHELL] ccB:56,2147514073,1,6.661,-33.058,26.398,39.545,19.920,80.080,51.819,19.323,80.677
[SHELL] ccA:57,40866135,1458201,4.909,-34.693,0.000,-35.000,0.02751,6.10093,23.84,-6.453,-25.568,-6.453,-25.568,-6.355,-3.368,1.00000,74.342,21.017,-31.778
[SHELL] ccB:57,24645,1,21.883,-37.951,16.068,27.844,22.071,77.929,39.545,19.920,80.080
[SHELL] ccA:58,40976075,1458202,7.818,-32.855,0.000,-35.000,6.10131,5.89154,23.79,-6.515,-25.606,-6.515,-25.606,-6.359,-3.369,1.00000,74.342,-8.464,-32.970
[SHELL] ccB:58,2147514033,1,-14.288,-19.612,33.900,21.727,28.926,78.273,27.844,22.071,77.929
[SHELL] ccA:59,41086143,1458203,1.098,-32.566,0.000,-35.000,5.87200,5.66222,23.87,-6.382,-25.613,-6.382,-25.613,-6.360,-3.371,1.00000,74.342,0.303,-32.545
[SHELL] ccB:59,24649,1,-12.730,-19.576,32.305,19.759,40.357,80.241,21.727,28.926,78.273
[SHELL] ccA:60,41196111,1458204,-1.336,-33.726,0.000,-35.000,5.65742,5.44765,23.79,-6.332,-25.591,-6.332,-25.591,-6.359,-3.371,1.00000,74.342,2.513,-36.844
[SHELL] ccB:60,2147514015,1,-19.544,-17.365,36.908,19.305,51.644,80.695,19.759,40.357,80.241
[SHELL] ccA:61,41306119,1458205,-0.199,-35.153,0.000,-35.000,5.43108,5.22131,23.80,-6.355,-25.562,-6.355,-25.562,-6.359,-3.371,1.00000,74.342,-6.125,-34.380
[SHELL] ccB:61,24637,1,-29.909,-0.656,30.566,20.334,63.578,79.666,19.305,51.644,80.695
[SHELL] ccA:62,41416099,1458206,1.824,-34.657,0.000,-35.000,5.20779,4.99802,23.79,-6.396,-25.572,-6.396,-25.572,-6.360,-3.371,1.00000,74.342,17.034,-33.025
[SHELL] ccB:62,2147514021,1,-20.957,-16.096,37.053,22.806,74.705,77.194,20.334,63.578,79.666
[SHELL] ccA:63,41526091,1458207,4.930,-32.993,0.000,-35.000,4.98504,4.77527,23.80,-6.461,-25.606,-6.461,-25.606,-6.362,-3.372,1.00000,74.342,-8.223,-31.542
[SHELL] ccB:63,24623,1,-32.591,15.798,16.793,20.990,79.010,67.736,22.806,74.705,77.194
[SHELL] ccA:64,41636103,1458208,0.332,-32.406,0.000,-35.000,4.76684,4.55704,23.80,-6.369,-25.624,-6.369,-25.624,-6.362,-3.374,1.00000,74.342,0.739,-33.515
[SHELL] ccB:64,2147514019,1,-33.425,14.494,18.931,19.481,80.519,56.622,20.990,79.010,67.736
[SHELL] ccA:65,41746071,1458209,-0.339,-33.414,0.000,-35.000,4.54313,4.33332,23.79,-6.355,-25.604,-6.355,-25.604,-6.362,-3.374,1.00000,74.342,5.389,-35.084
[SHELL] ccB:65,24613,1,-35.491,18.263,17.228,19.418,80.582,44.751,19.481,80.519,56.622
[SHELL] ccA:66,41856127,1458210,0.381,-33.982,0.000,-35.000,4.31596,4.10615,23.80,-6.370,-25.593,-6.370,-25.593,-6.362,-3.375,1.00000,74.342,-9.994,-32.246
[SHELL] ccB:66,2147514007,1,-25.886,31.709,-5.823,20.900,79.100,32.928,19.418,80.582,44.751
[SHELL] ccA:67,41966139,1458211,-0.564,-32.707,0.000,-35.000,4.09053,3.88071,23.79,-6.351,-25.620,-6.351,-25.620,-6.362,-3.376,1.00000,74.342,12.344,-31.251
[SHELL] ccB:67,24647,1,-32.591,23.373,9.218,24.647,77.041,22.959,20.900,79.100,32.928
[SHELL] ccA:68,42076111,1458212,2.036,-32.295,0.000,-35.000,3.87322,3.66340,23.78,-6.404,-25.630,-6.404,-25.630,-6.363,-3.378,1.00000,74.342,-6.550,-34.433
[SHELL] ccB:68,2147514015,1,-18.130,35.044,-16.914,35.425,79.602,20.398,24.647,77.041,22.959
[SHELL] ccA:69,42186163,1458213,0.331,-34.073,0.000,-35.000,3.64911,3.43933,23.83,-6.370,-25.595,-6.370,-25.595,-6.363,-3.378,1.00000,74.342,2.079,-36.175
[SHELL] ccB:69,24659,1,-19.399,36.204,-16.805,47.137,80.681,19.319,35.425,79.602,20.398
[SHELL] ccA:70,42296063,1458214,2.354,-35.764,0.000,-35.000,3.43265,3.22284,23.75,-6.411,-25.560,-6.411,-25.560,-6.364,-3.378,1.00000,74.342,11.806,-36.271
[SHELL] ccB:70,2147514039,1,-21.718,38.016,-16.298,58.708,80.284,19.716,47.137,80.681,19.319
[SHELL] ccA:71,42406059,1458215,4.128,-35.557,0.000,-35.000,3.20965,2.99987,23.75,-6.449,-25.564,-6.449,-25.564,-6.366,-3.377,1.00000,74.342,-9.178,-33.511
[SHELL] ccB:71,24607,1,6.878,26.055,-32.934,70.168,78.421,21.579,58.708,80.284,19.716
[SHELL] ccA:72,42516035,1458216,1.401,-33.550,0.000,-35.000,2.98491,2.77507,23.75,-6.395,-25.605,-6.395,-25.605,-6.367,-3.378,1.00000,74.342,12.156,-30.907
[SHELL] ccB:72,2147514053,1,-7.184,31.673,-24.489,77.869,72.485,22.131,70.168,78.421,21.579
[SHELL] ccA:73,42626087,1458217,2.588,-32.600,0.000,-35.000,2.76123,2.55140,23.74,-6.420,-25.625,-6.420,-25.625,-6.368,-3.379,1.00000,74.342,-4.781,-35.075
[SHELL] ccB:73,24621,1,17.461,17.937,-35.398,80.088,61.191,19.912,77.869,72.485,22.131
[SHELL] ccA:74,42736095,1458218,1.190,-34.280,0.000,-35.000,2.54240,2.33252,23.74,-6.393,-25.600,-6.393,-25.600,-6.369,-3.380,1.00000,74.342,2.167,-36.062
[SHELL] ccB:74,2147514023,1,18.549,17.574,-36.123,80.737,49.649,19.263,80.088,61.191,19.912
[SHELL] ccA:75,42846091,1458219,4.095,-36.108,0.000,-35.000,2.32407,2.11419,23.81,-6.453,-25.563,-6.453,-25.563,-6.371,-3.379,1.00000,74.342,16.825,-37.231
[SHELL] ccB:75,24623,1,15.649,24.859,-40.508,79.921,38.003,20.079,80.737,49.649,19.263
[SHELL] ccA:76,42956143,1458220,7.672,-36.197,0.000,-35.000,2.09066,1.88078,23.80,-6.528,-25.560,-6.528,-25.560,-6.375,-3.378,1.00000,74.342,-5.131,-34.263
[SHELL] ccB:76,2147513999,1,32.285,-5.259,-27.026,77.487,26.194,22.513,79.921,38.003,20.079
[SHELL] ccA:77,43066199,1458221,5.245,-33.430,0.000,-35.000,1.87212,1.66231,23.82,-6.482,-25.616,-6.482,-25.616,-6.378,-3.379,1.00000,74.342,14.417,-27.965
[SHELL] ccB:77,24677,1,22.427,7.897,-30.324,78.729,21.271,30.857,77.487,26.194,22.513
[SHELL] ccA:78,43176179,1458222,5.172,-30.921,0.000,-35.000,1.65152,1.44160,23.87,-6.484,-25.669,-6.484,-25.669,-6.380,-3.381,1.00000,74.342,-3.013,-33.492
[SHELL] ccB:78,2147513981,1,33.626,-17.075,-16.551,80.509,19.491,42.176,78.729,21.271,30.857
[SHELL] ccA:79,43286179,1458223,1.575,-32.448,0.000,-35.000,1.42032,1.21044,23.86,-6.412,-25.639,-6.412,-25.639,-6.381,-3.383,1.00000,74.342,-2.092,-34.841
[SHELL] ccB:79,24667,1,34.133,-23.381,-10.752,80.685,19.315,54.359,80.509,19.491,42.176
[SHELL] ccA:80,43396195,1458224,2.098,-35.173,0.000,-35.000,1.19688,0.98700,23.86,-6.424,-25.585,-6.424,-25.585,-6.382,-3.382,1.00000,74.342,15.589,-37.520
[SHELL] ccB:80,2147513973,1,40.621,-19.612,-21.009,79.300,20.700,66.044,80.685,19.315,54.359
[SHELL] ccA:81,43506223,1458225,4.525,-35.959,0.000,-35.000,0.98325,0.77337,23.92,-6.475,-25.569,-6.475,-25.569,-6.384,-3.382,1.00000,74.782,-10.985,-33.957
[SHELL] ccB:81,24689,1,22.173,-35.305,13.132,76.479,23.521,76.372,79.300,20.700,66.044
[SHELL] ccA:82,43615987,1458226,0.270,-34.493,0.000,-35.000,0.75618,0.54629,23.88,-6.390,-25.598,-6.390,-25.598,-6.384,-3.382,1.00000,74.782,7.463,-32.538
[SHELL] ccB:82,2147514077,1,27.755,-29.941,2.187,65.724,20.826,79.174,76.479,23.521,76.372
[SHELL] ccA:83,43725819,1458227,0.884,-33.910,0.000,-35.000,0.52976,0.31990,23.56,-6.403,-25.610,-6.403,-25.610,-6.385,-3.383,1.00000,74.342,-0.405,-36.608
[SHELL] ccB:83,24487,1,18.150,-36.610,18.460,53.987,19.334,80.666,65.724,20.826,79.174
[SHELL] ccA:84,43835903,1458228,0.740,-35.388,0.000,-35.000,0.31161,0.10176,23.54,-6.400,-25.581,-6.400,-25.581,-6.385,-3.383,1.00000,74.342,-3.695,-35.797
[SHELL] ccB:84,2147514119,1,7.458,-34.218,26.760,42.396,19.597,80.403,53.987,19.334,80.666
[SHELL] ccA:85,43945959,1458229,2.221,-35.484,0.000,-35.000,0.08525,6.15833,23.64,-6.431,-25.602,-6.431,-25.602,-6.386,-3.382,1.00000,74.342,16.679,-33.735
[SHELL] ccB:85,24557,1,19.491,-37.625,18.134,30.693,21.341,78.659,42.396,19.597,80.403
[SHELL] ccA:86,44056047,1458230,4.496,-34.377,0.000,-35.000,6.14841,5.93834,23.73,-6.478,-25.624,-6.478,-25.624,-6.389,-3.383,1.00000,74.342,-11.678,-34.240
[SHELL] ccB:86,2147514047,1,-16.173,-19.938,36.111,22.339,26.577,77.661,30.693,21.341,78.659
[SHELL] ccA:87,44166055,1458231,-1.092,-33.621,0.000,-35.000,5.91714,5.70706,23.73,-6.366,-25.640,-6.366,-25.640,-6.388,-3.383,1.00000,74.342,2.308,-32.270
[SHELL] ccB:87,24605,1,-9.395,-22.113,31.508,20.019,37.967,79.981,22.339,26.577,77.661
[SHELL] ccA:88,44276023,1458232,-1.826,-34.517,0.000,-35.000,5.69474,5.48464,23.73,-6.351,-25.623,-6.351,-25.623,-6.387,-3.384,1.00000,74.342,-0.240,-39.290
[SHELL] ccB:88,2147514059,1,-22.008,-17.183,39.192,19.249,49.697,80.751,20.019,37.967,79.981
[SHELL] ccA:89,44386031,1458233,-1.236,-37.002,0.000,-35.000,5.47871,5.26861,23.73,-6.362,-25.572,-6.362,-25.572,-6.386,-3.383,1.00000,74.342,-6.770,-37.160
[SHELL] ccB:89,24593,1,-31.468,-2.360,33.828,19.985,61.147,80.015,19.249,49.697,80.751
[SHELL] ccA:90,44496035,1458234,0.283,-37.452,0.000,-35.000,5.24875,5.03864,23.73,-6.392,-25.562,-6.392,-25.562,-6.387,-3.381,1.00000,74.342,14.911,-36.197
[SHELL] ccB:90,2147514053,1,-23.494,-15.371,38.866,22.261,72.760,77.739,19.985,61.147,80.015
[SHELL] ccA:91,44606043,1458235,3.549,-36.160,0.000,-35.000,5.02585,4.81574,23.74,-6.459,-25.587,-6.459,-25.587,-6.388,-3.381,1.00000,74.342,-8.856,-35.086
[SHELL] ccB:91,24599,1,-36.107,15.980,20.127,21.447,78.553,69.734,22.261,72.760,77.739
[SHELL] ccA:92,44716007,1458236,-0.354,-35.004,0.000,-35.000,4.80989,4.59978,23.73,-6.381,-25.610,-6.381,-25.610,-6.388,-3.381,1.00000,74.342,1.386,-33.647
[SHELL] ccB:92,2147514067,1,-33.353,12.645,20.707,19.681,80.319,58.841,21.447,78.553,69.734
[SHELL] ccA:93,44825991,1458237,-0.803,-34.909,0.000,-35.000,4.57691,4.36680,23.74,-6.372,-25.612,-6.372,-25.612,-6.388,-3.381,1.00000,74.342,2.870,-37.257
[SHELL] ccB:93,24573,1,-37.303,20.546,16.757,19.321,80.679,46.498,19.681,80.319,58.841
[SHELL] ccA:94,44936047,1458238,-0.711,-35.486,0.000,-35.000,4.36064,4.15053,23.73,-6.373,-25.600,-6.373,-25.600,-6.387,-3.381,1.00000,74.342,-9.971,-33.782
[SHELL] ccB:94,2147514047,1,-28.278,32.326,-4.047,20.484,79.516,35.174,19.321,80.679,46.498
[SHELL] ccA:95,45046055,1458239,-1.455,-34.522,0.000,-35.000,4.13358,3.92328,23.72,-6.358,-25.639,-6.358,-25.639,-6.387,-3.381,1.00000,74.342,11.252,-33.269
[SHELL] ccB:95,24605,1,-34.005,24.606,9.399,23.122,76.878,24.047,20.484,79.516,35.174
[SHELL] ccA:96,45156067,1458240,0.353,-34.329,0.000,-35.000,3.91359,3.70330,23.76,-6.394,-25.644,-6.394,-25.644,-6.387,-3.381,1.00000,74.342,-11.120,-36.997
[SHELL] ccB:96,2147514037,1,-17.840,38.596,-20.756,33.360,79.250,20.750,23.122,76.878,24.047
[SHELL] ccA:97,45266071,1458241,-2.627,-36.002,0.000,-35.000,3.69740,3.48710,23.76,-6.333,-25.610,-6.333,-25.610,-6.386,-3.381,1.00000,74.342,0.482,-36.746
[SHELL] ccB:97,24613,1,-19.797,36.711,-16.914,44.523,80.569,19.431,33.360,79.250,20.750
[SHELL] ccA:98,45376079,1458242,-0.763,-37.245,0.000,-35.000,3.47118,3.26089,23.77,-6.370,-25.584,-6.370,-25.584,-6.385,-3.380,1.00000,74.342,7.106,-38.492
[SHELL] ccB:98,2147514031,1,-19.181,39.139,-19.958,56.618,80.474,19.526,44.523,80.569,19.431
[SHELL] ccA:99,45486083,1458243,1.466,-36.897,0.000,-35.000,3.24714,3.03688,23.74,-6.415,-25.590,-6.415,-25.590,-6.386,-3.379,1.00000,74.342,-8.827,-33.860
[SHELL] ccB:99,24619,1,5.211,27.360,-32.571,68.270,78.866,21.134,56.618,80.474,19.526
[SHELL] ccA:100,45596071,1458244,0.184,-34.251,0.000,-35.000,3.02712,2.81682,23.77,-6.390,-25.643,-6.390,-25.643,-6.386,-3.379,1.00000,74.342,11.283,-30.794
[SHELL] ccB:100,2147514035,1,-7.692,31.456,-23.764,77.332,74.539,22.668,68.270,78.866,21.134
[SHELL] ccA:101,45706079,1458245,1.064,-32.352,0.000,-35.000,2.79703,2.58674,23.76,-6.408,-25.682,-6.408,-25.682,-6.387,-3.380,1.00000,74.342,-9.482,-33.962
[SHELL] ccB:101,24617,1,20.397,14.711,-35.108,79.893,63.101,20.107,77.332,74.539,22.668
[SHELL] ccA:102,45816083,1458246,-1.725,-33.636,0.000,-35.000,2.58520,2.37491,23.77,-6.351,-25.657,-6.351,-25.657,-6.386,-3.381,1.00000,74.342,0.780,-35.827
[SHELL] ccB:102,2147514029,1,18.259,17.574,-35.833,80.769,52.018,19.231,79.893,63.101,20.107
[SHELL] ccA:103,45926087,1458247,0.826,-35.527,0.000,-35.000,2.35742,2.14714,23.73,-6.403,-25.619,-6.403,-25.619,-6.386,-3.381,1.00000,74.342,11.227,-36.492
[SHELL] ccB:103,24621,1,17.824,20.329,-38.153,80.196,39.824,19.804,80.769,52.018,19.231
[SHELL] ccA:104,46036167,1458248,3.652,-35.660,0.000,-35.000,2.13586,1.92564,23.77,-6.461,-25.616,-6.461,-25.616,-6.388,-3.380,1.00000,74.342,-8.626,-33.831
[SHELL] ccB:104,2147513987,1,33.191,-7.216,-25.975,78.153,28.468,21.847,80.196,39.824,19.804
[SHELL] ccA:105,46147387,1458249,1.299,-33.568,0.000,-35.000,1.91327,1.68377,26.11,-6.415,-25.651,-6.415,-25.651,-6.389,-3.381,1.00000,74.342,11.223,-30.119
[SHELL] ccB:105,25271,1,24.601,5.614,-30.215,78.471,21.529,29.641,78.153,28.468,21.847
[SHELL] ccA:106,46256111,1458250,1.892,-31.824,0.000,-35.000,1.69022,1.48000,23.79,-6.427,-25.688,-6.427,-25.688,-6.390,-3.383,1.00000,74.342,-6.251,-33.227
[SHELL] ccB:106,2147514015,1,33.735,-18.814,-14.920,80.305,19.695,40.035,78.471,21.529,29.641
[SHELL] ccA:107,46366191,1458251,-1.950,-32.657,0.000,-35.000,1.47024,1.25990,23.93,-6.350,-25.672,-6.350,-25.672,-6.389,-3.384,1.00000,74.342,-6.521,-34.054
[SHELL] ccB:107,24673,1,33.227,-25.193,-8.034,80.794,19.206,51.588,80.305,19.695,40.035
[SHELL] ccA:108,46476111,1458252,-2.519,-34.558,0.000,-35.000,1.24419,1.03397,23.79,-6.337,-25.634,-6.337,-25.634,-6.387,-3.384,1.00000,74.342,9.218,-36.896
[SHELL] ccB:108,2147514015,1,37.903,-21.641,-16.261,79.762,20.238,63.469,80.794,19.206,51.588
[SHELL] ccA:109,46586155,1458253,-0.182,-35.541,0.000,-35.000,1.02444,0.81422,23.79,-6.384,-25.614,-6.384,-25.614,-6.387,-3.384,1.00000,74.342,-12.645,-34.319
[SHELL] ccB:109,24655,1,22.753,-36.175,13.422,77.316,22.684,74.465,79.762,20.238,63.469
[SHELL] ccA:110,46695915,1458254,-2.299,-34.710,0.000,-35.000,0.80279,0.59258,23.85,-6.340,-25.631,-6.340,-25.631,-6.386,-3.384,1.00000,74.342,6.874,-33.307
[SHELL] ccB:110,2147514113,1,28.733,-30.123,1.389,68.272,21.107,78.893,77.316,22.684,74.465
[SHELL] ccA:111,46805739,1458255,-0.749,-34.904,0.000,-35.000,0.58148,0.37126,23.42,-6.371,-25.627,-6.371,-25.627,-6.386,-3.384,1.00000,74.342,-4.098,-38.685
[SHELL] ccB:111,24447,1,17.824,-38.857,21.034,56.781,19.488,80.512,68.272,21.107,78.893
[SHELL] ccA:112,46915787,1458256,-1.134,-37.346,0.000,-35.000,0.35574,0.14551,23.47,-6.362,-25.577,-6.362,-25.577,-6.385,-3.383,1.00000,74.342,-3.216,-38.706
[SHELL] ccB:112,2147514177,1,10.466,-37.625,27.159,44.781,19.445,80.555,56.781,19.488,80.512
[SHELL] ccA:113,47025755,1458257,1.647,-38.289,0.000,-35.000,0.13627,6.20924,23.53,-6.419,-25.557,-6.419,-25.557,-6.386,-3.381,1.00000,74.342,17.116,-37.058
[SHELL] ccB:113,24455,1,21.992,-40.778,18.786,33.274,20.862,79.138,44.781,19.445,80.555
[SHELL] ccA:114,47135663,1458258,5.271,-37.308,0.000,-35.000,6.19528,5.98505,23.36,-6.494,-25.575,-6.494,-25.575,-6.389,-3.380,1.00000,74.342,-9.934,-36.407
[SHELL] ccB:114,2147514239,1,-13.092,-24.106,37.198,23.030,24.456,76.970,33.274,20.862,79.138
[SHELL] ccA:115,47245679,1458259,0.810,-35.925,0.000,-35.000,5.97539,5.76517,23.37,-6.405,-25.602,-6.405,-25.602,-6.389,-3.380,1.00000,74.342,5.992,-33.829
[SHELL] ccB:115,24417,1,-4.539,-27.223,31.762,20.488,35.078,79.512,23.030,24.456,76.970
[SHELL] ccA:116,47355691,1458260,0.481,-35.778,0.000,-35.000,5.75685,5.54674,23.37,-6.399,-25.594,-6.399,-25.594,-6.389,-3.379,1.00000,74.342,-0.126,-39.047
[SHELL] ccB:116,2147514225,1,-19.725,-19.322,39.047,19.334,46.502,80.666,20.488,35.078,79.512
[SHELL] ccA:117,47465679,1458261,0.728,-37.218,0.000,-35.000,5.53134,5.32123,23.37,-6.404,-25.564,-6.404,-25.564,-6.390,-3.378,1.00000,74.342,-2.827,-36.948
[SHELL] ccB:117,24417,1,-27.300,-8.050,35.350,19.693,58.483,80.307,19.334,46.502,80.666
[SHELL] ccA:118,47575667,1458262,3.834,-37.146,0.000,-35.000,5.30505,5.09493,23.37,-6.468,-25.564,-6.468,-25.564,-6.392,-3.377,1.00000,74.342,21.117,-35.641
[SHELL] ccB:118,2147514237,1,-17.768,-23.526,41.294,21.575,70.173,78.425,19.693,58.483,80.307
[SHELL] ccA:119,47685679,1458263,8.740,-35.676,0.000,-35.000,5.08664,4.87653,23.37,-6.571,-25.593,-6.571,-25.593,-6.396,-3.377,1.00000,74.342,-4.448,-34.475
[SHELL] ccB:119,24417,1,-33.715,9.528,24.187,22.104,77.896,72.536,21.575,70.173,78.425
[SHELL] ccA:120,47795667,1458264,4.999,-34.046,0.000,-35.000,4.86404,4.65396,23.37,-6.498,-25.626,-6.498,-25.626,-6.398,-3.377,1.00000,74.342,7.776,-31.592
[SHELL] ccB:120,2147514237,1,-30.054,4.237,25.818,19.924,80.076,61.476,22.104,77.896,72.536
[SHELL] ccA:121,47905687,1458265,4.224,-33.479,0.000,-35.000,4.64156,4.43144,23.37,-6.485,-25.638,-6.485,-25.638,-6.401,-3.378,1.00000,74.342,5.791,-36.259
[SHELL] ccB:121,24421,1,-36.578,15.508,21.070,19.193,80.807,49.728,19.924,80.076,61.476
[SHELL] ccA:122,48015659,1458266,3.704,-34.367,0.000,-35.000,4.41514,4.20499,23.39,-6.476,-25.621,-6.476,-25.621,-6.402,-3.378,1.00000,74.342,-4.545,-33.356
[SHELL] ccB:122,2147514241,1,-30.562,27.505,3.057,20.035,79.965,37.772,19.193,80.807,49.728
[SHELL] ccA:123,48125671,1458267,3.849,-33.980,0.000,-35.000,4.18825,3.97814,23.36,-6.481,-25.629,-6.481,-25.629,-6.404,-3.379,1.00000,74.342,18.695,-32.950
[SHELL] ccB:123,24413,1,-37.883,19.205,18.678,22.383,77.617,26.399,20.035,79.965,37.772
[SHELL] ccA:124,48235635,1458268,6.736,-33.283,0.000,-35.000,3.97479,3.76467,23.37,-6.542,-25.644,-6.542,-25.644,-6.408,-3.380,1.00000,74.342,-5.903,-33.877
[SHELL] ccB:124,2147514253,1,-21.102,34.065,-12.963,30.527,78.707,21.293,22.383,77.617,26.399
[SHELL] ccA:125,48345647,1458269,3.207,-33.818,0.000,-35.000,3.74809,3.53798,23.34,-6.473,-25.634,-6.473,-25.634,-6.409,-3.380,1.00000,74.342,5.938,-34.567
[SHELL] ccB:125,24401,1,-24.582,33.957,-9.375,42.080,80.458,19.542,30.527,78.707,21.293
[SHELL] ccA:126,48455635,1458270,4.570,-34.810,0.000,-35.000,3.52673,3.31669,23.29,-6.503,-25.614,-6.503,-25.614,-6.412,-3.380,1.00000,74.342,12.307,-36.229
[SHELL] ccB:126,2147514253,1,-25.016,37.581,-12.565,53.917,80.702,19.298,42.080,80.458,19.542
[SHELL] ccA:127,48565603,1458271,6.818,-34.796,0.000,-35.000,3.29616,3.08582,23.34,-6.551,-25.640,-6.551,-25.640,-6.415,-3.380,1.00000,74.342,-3.278,-32.157
[SHELL] ccB:127,24379,1,-1.712,28.810,-27.098,66.082,79.396,20.604,53.917,80.702,19.298
[SHELL] ccA:128,48675659,1458272,6.168,-32.599,0.000,-35.000,3.07633,2.86598,23.35,-6.541,-25.685,-6.541,-25.685,-6.418,-3.382,1.00000,74.342,18.921,-29.853
[SHELL] ccB:128,2147514241,1,-16.934,35.334,-18.400,76.761,76.675,23.239,66.082,79.396,20.604
[SHELL] ccA:129,48785627,1458273,6.916,-30.964,0.000,-35.000,2.86056,2.65021,23.36,-6.560,-25.719,-6.560,-25.719,-6.421,-3.384,1.00000,74.342,-6.901,-31.995
[SHELL] ccB:129,24391,1,15.504,17.212,-32.716,79.483,66.138,20.517,76.761,76.675,23.239
[SHELL] ccA:130,48895923,1458274,1.783,-32.046,0.000,-35.000,2.63079,2.42044,23.35,-6.458,-25.699,-6.458,-25.699,-6.422,-3.385,1.00000,74.342,2.011,-34.339
[SHELL] ccB:130,2147514109,1,15.033,19.278,-34.311,80.770,54.265,19.230,79.483,66.138,20.517
[SHELL] ccA:131,49006235,1458275,2.375,-34.098,0.000,-35.000,2.41048,2.20011,23.89,-6.471,-25.659,-6.471,-25.659,-6.424,-3.385,1.00000,74.342,12.377,-35.717
[SHELL] ccB:131,24695,1,14.634,22.866,-37.500,80.519,42.479,19.481,80.770,54.265,19.230
[SHELL] ccA:132,49116355,1458276,5.419,-34.461,0.000,-35.000,2.18570,1.97537,24.01,-6.535,-25.652,-6.535,-25.652,-6.426,-3.386,1.00000,74.342,-5.088,-32.071
[SHELL] ccB:132,2147513893,1,29.132,-2.142,-26.990,78.767,30.762,21.233,80.519,42.479,19.481
[SHELL] ccA:133,49226347,1458277,4.739,-32.613,0.000,-35.000,1.96097,1.75062,24.01,-6.523,-25.690,-6.523,-25.690,-6.429,-3.387,1.00000,74.342,16.755,-30.591
[SHELL] ccB:133,24751,1,21.919,12.536,-34.456,77.739,22.261,26.510,78.767,30.762,21.233
[SHELL] ccA:134,49336347,1458278,6.323,-31.526,0.000,-35.000,1.74298,1.53265,24.00,-6.558,-25.713,-6.558,-25.713,-6.432,-3.389,1.00000,74.342,-3.131,-32.851
[SHELL] ccB:134,2147513897,1,32.901,-14.248,-18.653,80.058,19.942,37.495,77.739,22.261,26.510
[SHELL] ccA:135,49446339,1458279,3.253,-32.811,0.000,-35.000,1.51349,1.30314,24.01,-6.499,-25.689,-6.499,-25.689,-6.433,-3.390,1.00000,74.342,2.520,-34.953
[SHELL] ccB:135,24747,1,35.040,-17.075,-17.965,80.867,19.133,49.563,80.058,19.942,37.495
[SHELL] ccA:136,49556331,1458280,4.251,-35.044,0.000,-35.000,1.29576,1.08541,24.00,-6.521,-25.644,-6.521,-25.644,-6.436,-3.390,1.00000,74.342,15.094,-37.421
[SHELL] ccB:136,2147513905,1,40.114,-16.277,-23.836,80.142,19.858,61.170,80.867,19.133,49.563
[SHELL] ccA:137,49666351,1458281,5.787,-35.955,0.000,-35.000,1.06258,0.85210,24.01,-6.554,-25.639,-6.554,-25.639,-6.438,-3.389,1.00000,74.342,-9.561,-34.026
[SHELL] ccB:137,24753,1,25.073,-34.109,9.037,77.820,22.180,73.002,80.142,19.858,61.170
[SHELL] ccA:138,49776151,1458282,1.846,-34.530,0.000,-35.000,0.84511,0.63461,24.02,-6.476,-25.667,-6.476,-25.667,-6.439,-3.390,1.00000,74.342,11.412,-32.647
[SHELL] ccB:138,2147513995,1,31.995,-27.368,-4.627,70.181,21.448,78.552,77.820,22.180,73.002
[SHELL] ccA:139,49885907,1458283,2.085,-34.025,0.000,-35.000,0.61738,0.40690,23.63,-6.482,-25.678,-6.482,-25.678,-6.440,-3.390,1.00000,74.342,-4.922,-36.782
[SHELL] ccB:139,24531,1,17.280,-37.081,19.801,58.494,19.541,80.459,70.181,21.448,78.552
[SHELL] ccA:140,49995931,1458284,-0.225,-35.926,0.000,-35.000,0.39966,0.18918,23.61,-6.436,-25.639,-6.436,-25.639,-6.440,-3.390,1.00000,74.342,-2.468,-37.493
[SHELL] ccB:140,2147514105,1,12.315,-36.900,24.585,46.975,19.255,80.745,58.494,19.541,80.459
[SHELL] ccA:141,50106027,1458285,1.177,-37.063,0.000,-35.000,0.18129,6.25400,23.66,-6.464,-25.616,-6.464,-25.616,-6.441,-3.389,1.00000,74.342,14.565,-36.484
[SHELL] ccB:141,24591,1,20.904,-39.256,18.351,35.454,20.392,79.608,46.975,19.255,80.745
[SHELL] ccA:142,50216067,1458286,3.837,-36.720,0.000,-35.000,6.23998,6.02951,23.78,-6.520,-25.622,-6.520,-25.622,-6.443,-3.388,1.00000,74.342,-11.312,-36.419
[SHELL] ccB:142,2147514037,1,-12.875,-24.650,37.524,24.292,23.014,76.986,35.454,20.392,79.608
[SHELL] ccA:143,50326111,1458287,0.229,-35.744,0.000,-35.000,6.01402,5.80358,23.79,-6.448,-25.641,-6.448,-25.641,-6.443,-3.387,1.00000,74.342,8.975,-33.654
[SHELL] ccB:143,24633,1,-0.298,-30.014,30.312,20.776,33.156,79.224,24.292,23.014,76.986
[SHELL] ccA:144,50436107,1458288,1.434,-35.773,0.000,-35.000,5.79093,5.58046,23.78,-6.472,-25.640,-6.472,-25.640,-6.444,-3.387,1.00000,74.342,-0.902,-39.364
[SHELL] ccB:144,2147514017,1,-19.399,-19.974,39.373,19.340,44.822,80.660,20.776,33.156,79.224
[SHELL] ccA:145,50546043,1458289,1.637,-37.940,0.000,-35.000,5.56819,5.35771,23.78,-6.477,-25.595,-6.477,-25.595,-6.444,-3.385,1.00000,74.342,-0.621,-39.377
[SHELL] ccB:145,24599,1,-26.285,-12.254,38.539,19.488,56.702,80.512,19.340,44.822,80.660
[SHELL] ccA:146,50656075,1458290,4.656,-38.952,0.000,-35.000,5.33815,5.12766,23.78,-6.540,-25.573,-6.540,-25.573,-6.447,-3.383,1.00000,74.342,20.769,-37.690
[SHELL] ccB:146,2147514033,1,-18.384,-24.505,42.889,21.208,68.697,78.792,19.488,56.702,80.512
[SHELL] ccA:147,50766095,1458291,8.895,-37.826,0.000,-35.000,5.11605,4.90557,23.79,-6.629,-25.594,-6.629,-25.594,-6.451,-3.382,1.00000,74.342,-5.338,-36.549
[SHELL] ccB:147,24625,1,-35.708,9.673,26.035,22.448,77.552,73.842,21.208,68.697,78.792
[SHELL] ccA:148,50876107,1458292,4.393,-35.783,0.000,-35.000,4.89180,4.68129,23.76,-6.541,-25.642,-6.541,-25.642,-6.453,-3.382,1.00000,74.342,7.478,-32.343
[SHELL] ccB:148,2147514017,1,-30.489,3.874,26.615,20.076,79.924,62.833,22.448,77.552,73.842
[SHELL] ccA:149,50986091,1458293,2.593,-34.380,0.000,-35.000,4.67281,4.46227,23.78,-6.507,-25.670,-6.507,-25.670,-6.455,-3.382,1.00000,74.342,0.755,-36.287
[SHELL] ccB:149,24623,1,-36.288,18.734,17.554,19.161,80.839,51.348,20.076,79.924,62.833
[SHELL] ccA:150,51096067,1458294,0.016,-34.720,0.000,-35.000,4.45224,4.24169,23.79,-6.455,-25.663,-6.455,-25.663,-6.455,-3.382,1.00000,74.342,-8.923,-33.964
[SHELL] ccB:150,2147514037,1,-30.526,30.296,0.230,19.748,80.252,39.732,19.161,80.839,51.348
[SHELL] ccA:151,51206107,1458295,-0.595,-34.838,0.000,-35.000,4.22041,4.00987,23.78,-6.443,-25.661,-6.443,-25.661,-6.454,-3.382,1.00000,74.342,14.711,-35.138
[SHELL] ccB:151,24631,1,-37.919,22.105,15.814,21.920,78.080,27.994,19.748,80.252,39.732
[SHELL] ccA:152,51316159,1458296,3.342,-34.780,0.000,-35.000,3.99804,3.78750,23.84,-6.523,-25.662,-6.523,-25.662,-6.456,-3.382,1.00000,74.342,-7.131,-34.882
[SHELL] ccB:152,2147513991,1,-21.682,35.298,-13.616,29.343,78.446,21.554,21.920,78.080,27.994
[SHELL] ccA:153,51426143,1458297,1.221,-34.809,0.000,-35.000,3.76754,3.55704,23.79,-6.481,-25.662,-6.481,-25.662,-6.457,-3.382,1.00000,74.342,4.437,-34.336
[SHELL] ccB:153,24649,1,-23.712,33.703,-9.991,41.067,80.398,19.602,29.343,78.446,21.554
[SHELL] ccA:154,51536127,1458298,1.912,-35.554,0.000,-35.000,3.55997,3.34940,23.82,-6.496,-25.647,-6.496,-25.647,-6.458,-3.382,1.00000,74.342,5.905,-38.661
[SHELL] ccB:154,2147514007,1,-21.102,39.067,-17.965,52.149,80.795,19.205,41.067,80.398,19.602
[SHELL] ccA:155,51646119,1458299,1.680,-36.333,0.000,-35.000,3.32625,3.11571,23.82,-6.492,-25.630,-6.492,-25.630,-6.459,-3.381,1.00000,74.342,-9.526,-33.676
[SHELL] ccB:155,24637,1,3.181,28.592,-31.774,64.433,79.652,20.348,52.149,80.795,19.205
[SHELL] ccA:156,51756131,1458300,0.116,-34.544,0.000,-35.000,3.10214,2.89160,23.82,-6.461,-25.666,-6.461,-25.666,-6.459,-3.382,1.00000,74.342,13.610,-32.164
[SHELL] ccB:156,2147514005,1,-12.331,34.464,-22.133,75.443,77.108,22.892,64.433,79.652,20.348
[SHELL] ccA:157,51866123,1458301,1.763,-33.421,0.000,-35.000,2.87475,2.66421,23.82,-6.495,-25.690,-6.495,-25.690,-6.459,-3.382,1.00000,74.342,-10.641,-35.678
[SHELL] ccB:157,24639,1,19.672,17.538,-37.210,79.280,66.929,20.720,75.443,77.108,22.892
[SHELL] ccA:158,51976147,1458302,-2.363,-35.009,0.000,-35.000,2.66500,2.45447,23.81,-6.411,-25.657,-6.411,-25.657,-6.458,-3.382,1.00000,74.342,-1.778,-36.515
[SHELL] ccB:158,2147513997,1,18.331,18.227,-36.558,80.603,56.134,19.397,79.280,66.929,20.720
[SHELL] ccA:159,52086167,1458303,-2.234,-36.261,0.000,-35.000,2.42182,2.21130,23.82,-6.412,-25.631,-6.412,-25.631,-6.457,-3.382,1.00000,74.342,5.261,-36.338
[SHELL] ccB:159,24661,1,19.998,16.668,-36.667,80.526,43.182,19.474,80.603,56.134,19.397
[SHELL] ccA:160,52196203,1458304,0.110,-35.567,0.000,-35.000,2.20274,1.99221,23.83,-6.459,-25.645,-6.459,-25.645,-6.457,-3.382,1.00000,74.342,-8.305,-33.079
[SHELL] ccB:160,2147513969,1,31.596,-4.679,-26.917,78.951,31.756,21.049,80.526,43.182,19.474
[SHELL] ccA:161,52306259,1458305,-0.454,-33.498,0.000,-35.000,1.97981,1.76928,23.93,-6.448,-25.687,-6.448,-25.687,-6.457,-3.382,1.00000,74.342,9.531,-31.498
[SHELL] ccB:161,24707,1,25.109,5.868,-30.976,77.420,22.580,25.507,78.951,31.756,21.049
[SHELL] ccA:162,52416251,1458306,-0.117,-32.723,0.000,-35.000,1.75220,1.54167,23.93,-6.455,-25.703,-6.455,-25.703,-6.457,-3.383,1.00000,74.342,-11.225,-34.818
[SHELL] ccB:162,2147513945,1,36.272,-22.258,-14.014,79.924,20.076,36.852,77.420,22.580,25.507
[SHELL] ccA:163,52526235,1458307,-4.083,-34.190,0.000,-35.000,1.52644,1.31590,23.93,-6.373,-25.674,-6.373,-25.674,-6.455,-3.384,1.00000,74.342,-3.413,-35.625
[SHELL] ccB:163,24695,1,35.438,-22.040,-13.398,80.807,19.193,48.645,79.924,20.076,36.852
[SHELL] ccA:164,52636251,1458308,-3.240,-35.769,0.000,-35.000,1.30971,1.09918,23.93,-6.388,-25.642,-6.388,-25.642,-6.453,-3.383,1.00000,74.342,5.092,-37.009
[SHELL] ccB:164,2147513945,1,37.069,-22.548,-14.522,80.218,19.782,60.184,80.807,19.193,48.645
[SHELL] ccA:165,52746303,1458309,-2.295,-35.882,0.000,-35.000,1.08192,0.87139,23.93,-6.406,-25.640,-6.406,-25.640,-6.452,-3.383,1.00000,74.342,-15.949,-33.887
[SHELL] ccB:165,24729,1,22.427,-37.190,14.763,78.103,21.897,71.775,80.218,19.782,60.184
[SHELL] ccA:166,52856103,1458310,-5.971,-34.383,0.000,-35.000,0.86065,0.65012,23.99,-6.330,-25.670,-6.330,-25.670,-6.449,-3.383,1.00000,74.342,2.923,-32.751
[SHELL] ccB:166,2147514019,1,26.740,-29.941,3.202,71.184,21.733,78.267,78.103,21.897,71.775
[SHELL] ccA:167,52965855,1458311,-6.062,-34.355,0.000,-35.000,0.64574,0.43521,23.56,-6.325,-25.671,-6.325,-25.671,-6.446,-3.384,1.00000,74.342,-14.147,-38.033
[SHELL] ccB:167,24505,1,11.590,-39.473,27.884,60.265,19.777,80.223,71.184,21.733,78.267
[SHELL] ccA:168,53075899,1458312,-8.425,-37.013,0.000,-35.000,0.41748,0.20694,23.61,-6.273,-25.617,-6.273,-25.617,-6.442,-3.383,1.00000,74.342,-8.332,-39.236
[SHELL] ccB:168,2147514121,1,8.292,-38.132,29.841,48.232,19.294,80.706,60.265,19.777,80.223
[SHELL] ccA:169,53186007,1458313,-5.249,-38.670,0.000,-35.000,0.19302,6.26534,23.66,-6.334,-25.617,-6.334,-25.617,-6.439,-3.381,1.00000,74.342,9.813,-38.174
[SHELL] ccB:169,24581,1,16.954,-39.292,22.338,36.299,20.294,79.706,48.232,19.294,80.706
[SHELL] ccA:170,53296099,1458314,-0.571,-38.225,0.000,-35.000,6.25232,6.04145,23.79,-6.428,-25.625,-6.428,-25.625,-6.439,-3.379,1.00000,74.342,-13.578,-37.317
[SHELL] ccB:170,2147514021,1,-14.723,-24.577,39.300,25.031,22.810,77.190,36.299,20.294,79.706
[SHELL] ccA:171,53406135,1458315,-3.760,-36.644,0.000,-35.000,6.03185,5.82098,23.81,-6.362,-25.655,-6.362,-25.655,-6.437,-3.378,1.00000,74.342,2.301,-33.769
[SHELL] ccB:171,24645,1,-6.170,-25.737,31.907,20.991,32.118,79.009,25.031,22.810,77.190
[SHELL] ccA:172,53516087,1458316,-4.469,-35.917,0.000,-35.000,5.80689,5.59602,23.79,-6.345,-25.669,-6.345,-25.669,-6.435,-3.378,1.00000,74.342,-8.900,-38.814
[SHELL] ccB:172,2147514027,1,-25.705,-13.487,39.192,19.410,43.735,80.590,20.991,32.118,79.009
[SHELL] ccA:173,53626119,1458317,-5.951,-37.827,0.000,-35.000,5.58666,5.37581,23.79,-6.313,-25.630,-6.313,-25.630,-6.432,-3.376,1.00000,74.342,-8.304,-39.911
[SHELL] ccB:173,24637,1,-31.975,-5.912,37.887,19.410,55.406,80.590,19.410,43.735,80.590
[SHELL] ccA:174,53736087,1458318,-3.399,-39.040,0.000,-35.000,5.36701,5.15611,23.79,-6.362,-25.604,-6.362,-25.604,-6.430,-3.374,1.00000,74.342,11.912,-37.525
[SHELL] ccB:174,2147514027,1,-22.516,-16.712,39.228,20.860,66.918,79.140,19.410,55.406,80.590
[SHELL] ccA:175,53846087,1458319,0.931,-38.159,0.000,-35.000,5.13664,4.92581,23.77,-6.449,-25.620,-6.449,-25.620,-6.431,-3.373,1.00000,74.342,-11.794,-37.673
[SHELL] ccB:175,24621,1,-39.188,15.472,23.716,22.851,77.149,75.106,20.860,66.918,79.140
[SHELL] ccA:176,53956111,1458320,-1.866,-36.175,0.000,-35.000,4.91027,4.69941,23.80,-6.392,-25.659,-6.392,-25.659,-6.430,-3.372,1.00000,74.342,4.213,-31.830
[SHELL] ccB:176,2147514015,1,-30.381,6.194,24.187,20.283,79.717,64.049,22.851,77.149,75.106
[SHELL] ccA:177,54066087,1458321,-1.808,-34.246,0.000,-35.000,4.69127,4.48040,23.79,-6.393,-25.698,-6.393,-25.698,-6.429,-3.373,1.00000,74.342,-3.863,-35.653
[SHELL] ccB:177,24621,1,-35.563,21.779,13.785,19.187,80.813,52.552,20.283,79.717,64.049
[SHELL] ccA:178,54176127,1458322,-3.874,-34.323,0.000,-35.000,4.46946,4.25860,23.80,-6.349,-25.696,-6.349,-25.696,-6.427,-3.373,1.00000,74.342,-11.985,-34.157
[SHELL] ccB:178,2147514007,1,-30.272,32.326,-2.054,19.623,80.377,40.836,19.187,80.813,52.552
[SHELL] ccA:179,54286111,1458323,-4.824,-34.536,0.000,-35.000,4.24625,4.03541,23.79,-6.328,-25.691,-6.328,-25.691,-6.424,-3.373,1.00000,74.342,8.538,-34.176
[SHELL] ccB:179,24633,1,-34.367,23.881,10.487,21.550,78.450,29.462,19.623,80.377,40.836
[SHELL] ccA:180,54396131,1458324,-2.751,-34.474,0.000,-35.000,4.02130,3.81045,23.80,-6.368,-25.692,-6.368,-25.692,-6.423,-3.374,1.00000,74.342,-16.097,-35.385
[SHELL] ccB:180,2147514005,1,-17.007,38.777,-21.770,27.936,78.081,21.919,21.550,78.450,29.462
[SHELL] ccA:181,54506147,1458325,-5.775,-34.854,0.000,-35.000,3.80300,3.59215,23.83,-6.305,-25.685,-6.305,-25.685,-6.420,-3.374,1.00000,74.342,0.555,-34.468
[SHELL] ccB:181,24651,1,-21.610,34.065,-12.456,38.884,80.133,19.867,27.936,78.081,21.919
[SHELL] ccA:182,54616147,1458326,-3.770,-35.640,0.000,-35.000,3.57864,3.36779,23.82,-6.343,-25.669,-6.343,-25.669,-6.418,-3.373,1.00000,74.342,-0.094,-38.240
[SHELL] ccB:182,2147513997,1,-16.100,38.088,-21.988,50.857,80.797,19.203,38.884,80.133,19.867
[SHELL] ccA:183,54726159,1458327,-2.390,-36.515,0.000,-35.000,3.35670,3.14588,23.83,-6.369,-25.650,-6.369,-25.650,-6.417,-3.373,1.00000,74.342,-9.926,-35.112
[SHELL] ccB:183,24657,1,2.203,30.441,-32.644,62.629,79.912,20.088,50.857,80.797,19.203
[SHELL] ccA:184,54836115,1458328,-2.075,-35.603,0.000,-35.000,3.13190,2.92105,23.82,-6.375,-25.668,-6.375,-25.668,-6.416,-3.372,1.00000,74.342,11.646,-33.946
[SHELL] ccB:184,2147514013,1,-11.316,35.153,-23.836,73.880,77.553,22.447,62.629,79.912,20.088
[SHELL] ccA:185,54946099,1458329,0.188,-34.690,0.000,-35.000,2.90360,2.69273,23.83,-6.420,-25.687,-6.420,-25.687,-6.416,-3.372,1.00000,74.342,-12.613,-35.758
[SHELL] ccB:185,24627,1,20.687,17.176,-37.863,78.937,68.490,21.063,73.880,77.553,22.447
[SHELL] ccA:186,55056155,1458330,-3.814,-34.989,0.000,-35.000,2.68902,2.47817,23.82,-6.338,-25.681,-6.338,-25.681,-6.414,-3.372,1.00000,74.342,-1.676,-34.496
[SHELL] ccB:186,2147513993,1,16.591,17.937,-34.528,80.504,57.543,19.496,78.937,68.490,21.063
[SHELL] ccA:187,55166195,1458331,-3.210,-35.713,0.000,-35.000,2.45958,2.24872,23.82,-6.348,-25.666,-6.348,-25.666,-6.413,-3.372,1.00000,74.342,3.122,-38.101
[SHELL] ccB:187,24675,1,21.593,16.523,-38.116,80.680,45.303,19.320,80.504,57.543,19.496
[SHELL] ccA:188,55276211,1458332,-1.290,-36.150,0.000,-35.000,2.24910,2.03825,23.89,-6.386,-25.657,-6.386,-25.657,-6.412,-3.371,1.00000,74.342,-9.730,-33.902
[SHELL] ccB:188,2147513965,1,32.503,-4.389,-28.113,79.423,34.230,20.577,80.680,45.303,19.320
[SHELL] ccA:189,55386239,1458333,-1.328,-34.339,0.000,-35.000,2.01667,1.80584,23.89,-6.385,-25.691,-6.385,-25.691,-6.411,-3.372,1.00000,74.342,11.025,-31.452
[SHELL] ccB:189,24697,1,23.623,8.550,-32.172,76.838,23.162,23.689,79.423,34.230,20.577
[SHELL] ccA:190,55496235,1458334,0.830,-32.281,0.000,-35.000,1.79913,1.58830,23.94,-6.428,-25.734,-6.428,-25.734,-6.412,-3.373,1.00000,74.342,-9.002,-32.318
[SHELL] ccB:190,2147513953,1,33.517,-18.017,-15.500,79.552,20.448,34.373,76.838,23.162,23.689
[SHELL] ccA:191,55606263,1458335,-1.757,-32.574,0.000,-35.000,1.57558,1.36474,23.94,-6.376,-25.729,-6.376,-25.729,-6.411,-3.374,1.00000,74.342,-0.047,-34.206
[SHELL] ccB:191,24709,1,34.206,-17.002,-17.204,80.793,19.207,46.012,79.552,20.448,34.373
[SHELL] ccA:192,55716267,1458336,-0.365,-34.085,0.000,-35.000,1.35405,1.14322,23.93,-6.403,-25.699,-6.403,-25.699,-6.411,-3.375,1.00000,74.342,7.638,-35.607
[SHELL] ccB:192,2147513937,1,36.417,-18.380,-18.037,80.515,19.485,57.889,80.793,19.207,46.012
[SHELL] ccA:193,55826315,1458337,1.123,-34.469,0.000,-35.000,1.12439,0.91356,23.94,-6.434,-25.692,-6.434,-25.692,-6.411,-3.375,1.00000,74.342,-10.738,-32.454
[SHELL] ccB:193,24735,1,24.638,-32.841,8.203,78.663,21.337,69.773,80.515,19.485,57.889
[SHELL] ccA:194,55936095,1458338,-0.934,-32.954,0.000,-35.000,0.90627,0.69544,24.00,-6.392,-25.723,-6.392,-25.723,-6.411,-3.376,1.00000,74.342,10.103,-31.302
[SHELL] ccB:194,2147514023,1,30.872,-25.266,-5.606,73.352,22.222,77.778,78.663,21.337,69.773
[SHELL] ccA:195,56045887,1458339,0.714,-32.630,0.000,-35.000,0.69082,0.47998,23.57,-6.425,-25.731,-6.425,-25.731,-6.411,-3.377,1.00000,74.342,-6.613,-35.460
[SHELL] ccB:195,24521,1,17.498,-36.067,18.569,62.474,19.956,80.044,73.352,22.222,77.778
[SHELL] ccA:196,56155899,1458340,-0.519,-34.973,0.000,-35.000,0.46165,0.25082,23.62,-6.401,-25.684,-6.401,-25.684,-6.411,-3.377,1.00000,74.342,1.046,-37.669
[SHELL] ccB:196,2147514121,1,17.715,-37.661,19.946,50.352,19.166,80.834,62.474,19.956,80.044
[SHELL] ccA:197,56266059,1458341,3.065,-36.669,0.000,-35.000,0.23855,0.02776,23.64,-6.474,-25.649,-6.474,-25.649,-6.412,-3.376,1.00000,74.342,16.780,-35.876
[SHELL] ccB:197,24607,1,24.783,-39.147,14.365,38.380,19.923,80.077,50.352,19.166,80.834
[SHELL] ccA:198,56376143,1458342,6.870,-35.715,0.000,-35.000,0.01673,6.08908,23.83,-6.553,-25.668,-6.553,-25.668,-6.416,-3.376,1.00000,74.342,-7.129,-33.438
[SHELL] ccB:198,2147513999,1,-6.568,-25.773,32.342,27.036,22.133,77.867,38.380,19.923,80.077
[SHELL] ccA:199,56486103,1458343,3.715,-33.448,0.000,-35.000,6.07367,5.86283,23.80,-6.492,-25.714,-6.492,-25.714,-6.418,-3.377,1.00000,74.342,12.335,-31.038
[SHELL] ccB:199,24629,1,5.610,-31.319,25.709,21.304,30.174,78.696,27.036,22.133,77.867
[SHELL] ccA:200,56596127,1458344,3.714,-32.464,0.000,-35.000,5.84844,5.63764,23.79,-6.494,-25.731,-6.494,-25.731,-6.420,-3.378,1.00000,74.342,-2.684,-34.341
[SHELL] ccB:200,2147514007,1,-16.898,-17.546,34.444,19.453,41.763,80.547,21.304,30.174,78.696
[SHELL] ccA:201,56706115,1458345,1.781,-33.818,0.000,-35.000,5.62291,5.41211,23.80,-6.456,-25.705,-6.456,-25.705,-6.420,-3.379,1.00000,74.342,0.156,-35.551
[SHELL] ccB:201,24635,1,-21.682,-13.559,35.241,19.201,53.738,80.799,19.453,41.763,80.547
[SHELL] ccA:202,56816071,1458346,3.752,-34.957,0.000,-35.000,5.41180,5.20104,23.77,-6.497,-25.682,-6.497,-25.682,-6.422,-3.379,1.00000,74.342,17.381,-34.384
[SHELL] ccB:202,2147514035,1,-15.122,-23.127,38.249,20.365,64.913,79.635,19.201,53.738,80.799
[SHELL] ccA:203,56926111,1458347,6.607,-34.048,0.000,-35.000,5.17684,4.96604,23.80,-6.558,-25.701,-6.558,-25.701,-6.426,-3.379,1.00000,74.342,-8.493,-31.874
[SHELL] ccB:203,24633,1,-32.301,10.362,21.940,23.182,76.582,76.818,20.365,64.913,79.635
[SHELL] ccA:204,57036107,1458348,2.458,-31.915,0.000,-35.000,4.95957,4.74877,23.80,-6.476,-25.745,-6.476,-25.745,-6.427,-3.381,1.00000,74.342,9.435,-29.527
[SHELL] ccB:204,2147514017,1,-26.321,-1.019,27.340,20.583,79.417,66.521,23.182,76.582,76.818
[SHELL] ccA:205,57146099,1458349,2.407,-31.014,0.000,-35.000,4.73019,4.51939,23.79,-6.476,-25.765,-6.476,-25.765,-6.428,-3.383,1.00000,74.342,-0.748,-33.127
[SHELL] ccB:205,24627,1,-33.135,16.704,16.431,19.162,80.838,54.516,20.583,79.417,66.521
[SHELL] ccA:206,57256127,1458350,0.388,-32.345,0.000,-35.000,4.50878,4.29798,23.80,-6.436,-25.740,-6.436,-25.740,-6.428,-3.384,1.00000,74.342,-6.386,-33.598
[SHELL] ccB:206,2147514007,1,-31.613,27.106,4.506,19.377,80.623,42.751,19.162,80.838,54.516
[SHELL] ccA:207,57366127,1458351,0.322,-33.591,0.000,-35.000,4.29671,4.08591,23.79,-6.435,-25.715,-6.435,-25.715,-6.428,-3.385,1.00000,74.342,14.807,-34.041
[SHELL] ccB:207,24641,1,-37.122,18.734,18.388,20.972,79.028,31.756,19.377,80.623,42.751
[SHELL] ccA:208,57476119,1458352,3.032,-33.914,0.000,-35.000,4.06276,3.85194,23.79,-6.491,-25.709,-6.491,-25.709,-6.430,-3.385,1.00000,74.342,-11.100,-33.976
[SHELL] ccB:208,2147514011,1,-20.341,35.624,-15.283,26.102,77.636,22.364,20.972,79.028,31.756
[SHELL] ccA:209,57586147,1458353,0.260,-33.845,0.000,-35.000,3.83950,3.62871,23.83,-6.435,-25.711,-6.435,-25.711,-6.430,-3.386,1.00000,74.342,8.432,-33.388
[SHELL] ccB:209,24651,1,-27.916,31.419,-3.504,37.191,79.977,20.023,26.102,77.636,22.364
[SHELL] ccA:210,57696079,1458354,2.959,-34.404,0.000,-35.000,3.61790,3.40710,23.83,-6.491,-25.701,-6.491,-25.701,-6.432,-3.386,1.00000,74.342,6.072,-36.864
[SHELL] ccB:210,2147514031,1,-22.298,37.110,-14.812,49.030,80.875,19.125,37.191,79.977,20.023
[SHELL] ccA:211,57806063,1458355,4.361,-35.392,0.000,-35.000,3.39450,3.18370,23.75,-6.521,-25.681,-6.521,-25.681,-6.434,-3.386,1.00000,74.342,-3.131,-34.454
[SHELL] ccB:211,24609,1,-5.590,32.362,-26.772,60.964,80.210,19.790,49.030,80.875,19.125
[SHELL] ccA:212,57916031,1458356,4.761,-34.977,0.000,-35.000,3.17319,2.96236,23.75,-6.531,-25.689,-6.531,-25.689,-6.436,-3.386,1.00000,74.342,19.236,-34.138
[SHELL] ccB:212,2147514055,1,-20.305,39.176,-18.871,72.208,78.090,21.910,60.964,80.210,19.790
[SHELL] ccA:213,58026087,1458357,6.686,-34.241,0.000,-35.000,2.94544,2.73467,23.76,-6.573,-25.705,-6.573,-25.705,-6.439,-3.386,1.00000,74.342,-8.598,-34.234
[SHELL] ccB:213,24621,1,15.105,20.075,-35.181,78.587,70.349,21.413,72.208,78.090,21.910
[SHELL] ccA:214,58136127,1458358,1.298,-34.452,0.000,-35.000,2.72898,2.51810,23.84,-6.466,-25.701,-6.466,-25.701,-6.440,-3.387,1.00000,74.342,3.154,-35.203
[SHELL] ccB:214,2147514007,1,11.227,23.410,-34.637,80.389,59.427,19.611,78.587,70.349,21.413
[SHELL] ccA:215,58246095,1458359,1.144,-35.583,0.000,-35.000,2.50511,2.29435,23.75,-6.464,-25.678,-6.464,-25.678,-6.441,-3.386,1.00000,74.342,6.866,-37.692
[SHELL] ccB:215,24625,1,16.881,21.344,-38.225,80.812,47.509,19.188,80.389,59.427,19.611
[SHELL] ccA:216,58356127,1458360,3.320,-36.245,0.000,-35.000,2.27840,2.06760,23.81,-6.509,-25.664,-6.509,-25.664,-6.442,-3.386,1.00000,74.342,-3.603,-34.395
[SHELL] ccB:216,2147514007,1,28.479,2.751,-31.230,79.682,35.484,20.318,80.812,47.509,19.188
[SHELL] ccA:217,58466159,1458361,4.691,-34.392,0.000,-35.000,2.05266,1.84190,23.81,-6.539,-25.701,-6.539,-25.701,-6.445,-3.386,1.00000,74.342,19.105,-31.088
[SHELL] ccB:217,24657,1,18.694,17.792,-36.485,77.088,24.270,22.912,79.682,35.484,20.318
[SHELL] ccA:218,58576179,1458362,7.344,-32.289,0.000,-35.000,1.83256,1.62176,23.86,-6.595,-25.745,-6.595,-25.745,-6.448,-3.387,1.00000,74.342,-5.230,-32.585
[SHELL] ccB:218,2147513981,1,32.829,-13.487,-19.342,79.350,20.650,32.940,77.088,24.270,22.912
[SHELL] ccA:219,58686179,1458363,2.818,-32.362,0.000,-35.000,1.60431,1.39351,23.85,-6.506,-25.744,-6.506,-25.744,-6.450,-3.389,1.00000,74.342,2.626,-33.189
[SHELL] ccB:219,24667,1,33.082,-13.305,-19.777,80.782,19.218,44.716,79.350,20.650,32.940
[SHELL] ccA:220,58796139,1458364,2.046,-33.647,0.000,-35.000,1.38193,1.17104,23.87,-6.492,-25.729,-6.492,-25.729,-6.451,-3.389,1.00000,74.342,8.164,-35.626
[SHELL] ccB:220,2147514001,1,36.526,-17.111,-19.415,80.677,19.323,56.586,80.782,19.218,44.716
[SHELL] ccA:221,58906211,1458365,2.742,-34.184,0.000,-35.000,1.15263,0.94174,23.86,-6.507,-25.718,-6.507,-25.718,-6.452,-3.390,1.00000,74.342,-7.985,-32.294
[SHELL] ccB:221,24683,1,26.269,-30.811,4.543,78.996,21.004,68.519,80.677,19.323,56.586
[SHELL] ccA:222,59016011,1458366,1.309,-32.871,0.000,-35.000,0.93022,0.71933,23.91,-6.479,-25.746,-6.479,-25.746,-6.453,-3.391,1.00000,74.342,13.041,-31.270
[SHELL] ccB:222,2147514065,1,32.865,-23.562,-9.303,74.393,22.466,77.534,78.996,21.004,68.519
[SHELL] ccA:223,59125791,1458367,3.233,-32.501,0.000,-35.000,0.70794,0.49705,23.48,-6.519,-25.754,-6.519,-25.754,-6.454,-3.392,1.00000,74.342,-5.165,-35.172
[SHELL] ccB:223,24473,1,18.947,-35.523,16.576,63.216,20.007,79.993,74.393,22.466,77.534
[SHELL] ccA:224,59235823,1458368,0.856,-34.539,0.000,-35.000,0.47863,0.26778,23.51,-6.472,-25.714,-6.472,-25.714,-6.455,-3.392,1.00000,74.342,0.711,-36.543
[SHELL] ccB:224,2147514159,1,17.461,-36.538,19.076,51.135,19.118,80.882,63.216,20.007,79.993
[SHELL] ccA:225,59345911,1458369,2.904,-36.281,0.000,-35.000,0.25515,0.04426,23.54,-6.514,-25.678,-6.514,-25.678,-6.456,-3.392,1.00000,74.342,15.359,-36.865
[SHELL] ccB:225,24533,1,24.166,-39.618,15.452,39.161,19.780,80.220,51.135,19.118,80.882
[SHELL] ccA:226,59455999,1458370,5.243,-36.447,0.000,-35.000,0.03686,6.10916,23.70,-6.564,-25.674,-6.564,-25.674,-6.459,-3.391,1.00000,74.342,-10.457,-35.514
[SHELL] ccB:226,2147514071,1,-9.142,-26.498,35.640,27.986,21.867,78.133,39.161,19.780,80.220
[SHELL] ccA:227,59566043,1458371,0.876,-35.024,0.000,-35.000,6.09011,5.87922,23.73,-6.477,-25.703,-6.477,-25.703,-6.459,-3.391,1.00000,74.342,9.058,-32.204
[SHELL] ccB:227,24599,1,2.710,-30.231,27.521,21.516,29.352,78.484,27.986,21.867,78.133
[SHELL] ccA:228,59676047,1458372,0.277,-34.158,0.000,-35.000,5.86642,5.65552,23.73,-6.465,-25.721,-6.465,-25.721,-6.460,-3.391,1.00000,74.342,-6.549,-36.709
[SHELL] ccB:228,2147514047,1,-20.848,-16.350,37.198,19.568,40.774,80.432,21.516,29.352,78.484
[SHELL] ccA:229,59786035,1458373,-1.126,-36.150,0.000,-35.000,5.64119,5.43029,23.79,-6.436,-25.680,-6.436,-25.680,-6.459,-3.391,1.00000,74.342,-0.466,-38.976
[SHELL] ccB:229,24595,1,-23.712,-14.936,38.648,19.200,52.738,80.800,19.568,40.774,80.432
[SHELL] ccA:230,59896051,1458374,1.997,-38.190,0.000,-35.000,5.42014,5.20925,23.73,-6.500,-25.638,-6.500,-25.638,-6.460,-3.389,1.00000,74.342,15.470,-38.099
[SHELL] ccB:230,2147514045,1,-18.891,-22.185,41.076,20.347,64.493,79.653,19.200,52.738,80.800
[SHELL] ccA:231,60006079,1458375,5.253,-37.756,0.000,-35.000,5.19551,4.98428,23.82,-6.568,-25.670,-6.568,-25.670,-6.463,-3.388,1.00000,74.342,-9.462,-35.851
[SHELL] ccB:231,24617,1,-36.143,10.905,25.238,22.944,75.734,77.056,20.347,64.493,79.653
[SHELL] ccA:232,60116035,1458376,0.915,-35.286,0.000,-35.000,4.97002,4.75889,23.73,-6.481,-25.719,-6.481,-25.719,-6.463,-3.388,1.00000,74.342,7.115,-31.343
[SHELL] ccB:232,2147514053,1,-28.496,1.373,27.123,20.703,79.297,66.999,22.944,75.734,77.056
[SHELL] ccA:233,60226047,1458377,0.186,-33.631,0.000,-35.000,4.74769,4.53657,23.74,-6.467,-25.753,-6.467,-25.753,-6.463,-3.388,1.00000,74.342,-4.026,-35.987
[SHELL] ccB:233,24601,1,-36.107,20.438,15.669,19.228,80.772,55.442,20.703,79.297,66.999
[SHELL] ccA:234,60336051,1458378,-2.085,-34.672,0.000,-35.000,4.52627,4.31515,23.73,-6.420,-25.732,-6.420,-25.732,-6.462,-3.389,1.00000,74.342,-7.405,-35.370
[SHELL] ccB:234,2147514045,1,-33.389,28.665,4.724,19.320,80.680,43.692,19.228,80.772,55.442
[SHELL] ccA:235,60446059,1458379,-1.376,-35.711,0.000,-35.000,4.29701,4.08588,23.73,-6.434,-25.711,-6.434,-25.711,-6.461,-3.388,1.00000,74.342,13.333,-36.118
[SHELL] ccB:235,24607,1,-38.427,21.271,17.155,20.977,79.023,31.758,19.320,80.680,43.692
[SHELL] ccA:236,60556059,1458380,1.916,-35.969,0.000,-35.000,4.07904,3.86792,23.74,-6.501,-25.705,-6.501,-25.705,-6.462,-3.388,1.00000,74.342,-11.597,-36.269
[SHELL] ccB:236,2147514041,1,-22.371,37.871,-15.500,25.360,77.417,22.583,20.977,79.023,31.758
[SHELL] ccA:237,60666031,1458381,-0.834,-35.624,0.000,-35.000,3.84660,3.63548,23.77,-6.445,-25.712,-6.445,-25.712,-6.462,-3.387,1.00000,74.342,6.527,-33.841
[SHELL] ccB:237,24593,1,-26.901,32.108,-5.207,36.857,79.932,20.068,25.360,77.417,22.583
[SHELL] ccA:238,60776071,1458382,0.917,-35.621,0.000,-35.000,3.61196,3.40083,23.76,-6.481,-25.712,-6.481,-25.712,-6.462,-3.387,1.00000,74.342,2.212,-38.533
[SHELL] ccB:238,2147514035,1,-19.435,38.596,-19.161,49.341,80.887,19.113,36.857,79.932,20.068
[SHELL] ccA:239,60886067,1458383,0.975,-36.538,0.000,-35.000,3.40788,3.19677,23.76,-6.482,-25.693,-6.482,-25.693,-6.463,-3.386,1.00000,74.342,-7.050,-35.244
[SHELL] ccB:239,24611,1,-2.473,32.289,-29.817,60.201,80.301,19.699,49.341,80.887,19.113
[SHELL] ccA:240,60996075,1458384,-0.026,-35.799,0.000,-35.000,3.18123,2.97011,23.76,-6.462,-25.707,-6.462,-25.707,-6.463,-3.386,1.00000,74.342,11.783,-34.174
[SHELL] ccB:240,2147514033,1,-13.128,35.733,-22.604,71.699,78.223,21.777,60.201,80.301,19.699
[SHELL] ccA:241,61106091,1458385,0.689,-34.530,0.000,-35.000,2.95736,2.74623,23.77,-6.477,-25.733,-6.477,-25.733,-6.463,-3.386,1.00000,74.342,-13.762,-34.526
[SHELL] ccB:241,24623,1,19.853,17.284,-37.138,78.408,71.109,21.592,71.699,78.223,21.777
[SHELL] ccA:242,61216039,1458386,-4.035,-34.313,0.000,-35.000,2.73456,2.52340,23.76,-6.381,-25.744,-6.381,-25.744,-6.461,-3.387,1.00000,74.342,-0.400,-34.024
[SHELL] ccB:242,2147514051,1,13.837,20.003,-33.840,80.364,59.899,19.636,78.408,71.109,21.592
[SHELL] ccA:243,61326107,1458387,-3.041,-35.263,0.000,-35.000,2.51074,2.29959,23.76,-6.399,-25.724,-6.399,-25.724,-6.460,-3.386,1.00000,74.342,2.399,-38.479
[SHELL] ccB:243,24631,1,20.760,17.756,-38.515,80.857,47.936,19.143,80.364,59.899,19.636
[SHELL] ccA:244,61436147,1458388,-0.517,-36.483,0.000,-35.000,2.28838,2.07717,23.83,-6.449,-25.699,-6.449,-25.699,-6.459,-3.386,1.00000,74.342,-6.464,-34.950
[SHELL] ccB:244,2147513997,1,30.582,0.395,-30.976,79.804,36.096,20.196,80.857,47.936,19.143
[SHELL] ccA:245,61546167,1458389,1.220,-35.176,0.000,-35.000,2.06843,1.85725,23.82,-6.484,-25.725,-6.484,-25.725,-6.460,-3.386,1.00000,74.342,15.411,-32.326
[SHELL] ccB:245,24661,1,21.049,14.566,-35.616,77.355,25.088,22.645,79.804,36.096,20.196
[SHELL] ccA:246,61656163,1458390,3.991,-32.976,0.000,-35.000,1.83665,1.62554,23.82,-6.542,-25.770,-6.542,-25.770,-6.462,-3.387,1.00000,74.342,-8.393,-32.302
[SHELL] ccB:246,2147513989,1,33.372,-16.350,-17.022,79.304,20.696,32.629,77.355,25.088,22.645
[SHELL] ccA:247,61766099,1458391,-0.124,-32.381,0.000,-35.000,1.62255,1.41137,23.79,-6.460,-25.784,-6.460,-25.784,-6.462,-3.388,1.00000,74.342,0.880,-32.592
[SHELL] ccB:247,24627,1,32.503,-14.030,-18.472,80.746,19.254,43.649,79.304,20.696,32.629
[SHELL] ccA:248,61876127,1458392,-0.338,-33.255,0.000,-35.000,1.39447,1.18329,23.80,-6.455,-25.767,-6.455,-25.767,-6.462,-3.389,1.00000,74.342,5.280,-35.534
[SHELL] ccB:248,2147514007,1,35.909,-18.851,-17.059,80.759,19.241,55.850,80.746,19.254,43.649
[SHELL] ccA:249,61986143,1458393,0.289,-34.061,0.000,-35.000,1.17446,0.96328,23.78,-6.468,-25.751,-6.468,-25.751,-6.462,-3.389,1.00000,74.342,-10.283,-32.583
[SHELL] ccB:249,24649,1,26.087,-32.152,6.065,79.261,20.739,67.359,80.759,19.241,55.850
[SHELL] ccA:250,62095943,1458394,-1.053,-33.219,0.000,-35.000,0.94963,0.73845,23.85,-6.440,-25.769,-6.440,-25.769,-6.461,-3.390,1.00000,74.342,11.076,-32.176
[SHELL] ccB:250,2147514099,1,32.611,-24.722,-7.889,75.390,22.750,77.250,79.261,20.739,67.359
[SHELL] ccA:251,62205707,1458395,1.096,-32.971,0.000,-35.000,0.72608,0.51494,23.39,-6.484,-25.775,-6.484,-25.775,-6.462,-3.391,1.00000,74.342,-7.486,-34.949
[SHELL] ccB:251,24431,1,17.606,-35.740,18.134,64.226,20.148,79.852,75.390,22.750,77.250
[SHELL] ccA:252,62315727,1458396,-0.195,-34.931,0.000,-35.000,0.50608,0.29489,23.42,-6.458,-25.736,-6.458,-25.736,-6.462,-3.391,1.00000,74.342,3.118,-37.649
[SHELL] ccB:252,2147514207,1,20.977,-37.698,16.721,52.624,19.127,80.873,64.226,20.148,79.852
[SHELL] ccA:253,62425831,1458397,3.233,-37.095,0.000,-35.000,0.27446,0.06323,23.48,-6.528,-25.695,-6.528,-25.695,-6.464,-3.390,1.00000,74.342,14.181,-38.133
[SHELL] ccB:253,24493,1,23.985,-40.452,16.467,40.131,19.646,80.354,52.624,19.127,80.873
[SHELL] ccA:254,62535799,1458398,6.070,-37.322,0.000,-35.000,0.05349,6.12545,23.64,-6.588,-25.690,-6.588,-25.690,-6.467,-3.389,1.00000,74.342,-7.201,-35.374
[SHELL] ccB:254,2147514171,1,-5.300,-28.274,33.574,28.730,21.650,78.350,40.131,19.646,80.354
[SHELL] ccA:255,62645675,1458399,2.880,-35.474,0.000,-35.000,6.11489,5.90368,23.37,-6.526,-25.726,-6.526,-25.726,-6.468,-3.389,1.00000,74.342,11.740,-33.015
[SHELL] ccB:255,24415,1,6.045,-32.913,26.869,21.760,28.199,78.240,28.730,21.650,78.350
[SHELL] ccA:256,62755651,1458400,2.440,-34.826,0.000,-35.000,5.89289,5.68167,23.36,-6.518,-25.739,-6.518,-25.739,-6.469,-3.389,1.00000,74.342,-6.521,-37.900
[SHELL] ccB:256,2147514245,1,-20.450,-17.981,38.431,19.671,39.479,80.329,21.760,28.199,78.240
[SHELL] ccA:257,62865679,1458401,-0.462,-36.924,0.000,-35.000,5.66361,5.45238,23.37,-6.460,-25.697,-6.460,-25.697,-6.469,-3.388,1.00000,74.342,-0.548,-38.879
[SHELL] ccB:257,24417,1,-23.023,-15.625,38.648,19.148,51.597,80.852,19.671,39.479,80.329
[SHELL] ccA:258,62975683,1458402,2.299,-38.431,0.000,-35.000,5.44440,5.23318,23.36,-6.516,-25.665,-6.516,-25.665,-6.470,-3.386,1.00000,74.342,16.811,-38.066
[SHELL] ccB:258,2147514229,1,-17.079,-24.324,41.403,20.124,63.293,79.876,19.148,51.597,80.852
[SHELL] ccA:259,63085671,1458403,6.748,-37.697,0.000,-35.000,5.22580,5.01457,23.37,-6.608,-25.678,-6.608,-25.678,-6.473,-3.385,1.00000,74.342,-6.083,-35.774
[SHELL] ccB:259,24413,1,-34.150,6.447,27.702,22.508,74.386,77.492,20.124,63.293,79.876
[SHELL] ccA:260,63195687,1458404,4.465,-35.277,0.000,-35.000,4.99759,4.78637,23.37,-6.565,-25.726,-6.565,-25.726,-6.476,-3.385,1.00000,74.342,13.215,-31.493
[SHELL] ccB:260,2147514227,1,-26.502,-5.404,31.907,20.922,79.078,68.255,22.508,74.386,77.492
[SHELL] ccA:261,63305683,1458405,5.391,-33.791,0.000,-35.000,4.77582,4.56460,23.37,-6.586,-25.757,-6.586,-25.757,-6.478,-3.385,1.00000,74.342,1.220,-36.403
[SHELL] ccB:261,24419,1,-36.252,15.074,21.179,19.274,80.726,56.713,20.922,79.078,68.255
[SHELL] ccA:262,63415675,1458406,3.772,-34.833,0.000,-35.000,4.54930,4.33808,23.37,-6.556,-25.736,-6.556,-25.736,-6.480,-3.385,1.00000,74.342,-0.567,-35.033
[SHELL] ccB:262,2147514233,1,-34.476,22.648,11.828,19.217,80.783,44.643,19.274,80.726,56.713
[SHELL] ccA:263,63525667,1458407,4.739,-35.527,0.000,-35.000,4.32391,4.11267,23.37,-6.577,-25.722,-6.577,-25.722,-6.483,-3.385,1.00000,74.342,18.869,-35.638
[SHELL] ccB:263,24411,1,-40.130,16.632,23.498,20.706,79.294,32.820,19.217,80.783,44.643
[SHELL] ccA:264,63635663,1458408,7.616,-35.068,0.000,-35.000,4.10411,3.89297,23.38,-6.639,-25.723,-6.639,-25.723,-6.486,-3.385,1.00000,74.342,-6.708,-33.963
[SHELL] ccB:264,2147514239,1,-24.038,33.594,-9.556,24.358,77.177,22.823,20.706,79.294,32.820
[SHELL] ccA:265,63745651,1458409,3.858,-34.096,0.000,-35.000,3.88026,3.66912,23.34,-6.566,-25.743,-6.566,-25.743,-6.488,-3.385,1.00000,74.342,9.978,-32.819
[SHELL] ccB:265,24403,1,-29.474,29.933,-0.459,35.299,79.762,20.238,24.358,77.177,22.823
[SHELL] ccA:266,63855659,1458410,4.393,-34.131,0.000,-35.000,3.65497,3.44380,23.35,-6.578,-25.743,-6.578,-25.743,-6.491,-3.386,1.00000,74.342,4.323,-36.923
[SHELL] ccB:266,2147514241,1,-21.899,36.965,-15.065,47.212,80.910,19.090,35.299,79.762,20.238
[SHELL] ccA:267,63965659,1458411,4.524,-35.009,0.000,-35.000,3.43377,3.22262,23.34,-6.583,-25.725,-6.583,-25.725,-6.493,-3.386,1.00000,74.342,-0.530,-33.373
[SHELL] ccB:267,24407,1,-9.105,32.362,-23.256,59.038,80.490,19.510,47.212,80.910,19.090
[SHELL] ccA:268,64075651,1458412,6.181,-34.367,0.000,-35.000,3.20184,2.99069,23.34,-6.620,-25.738,-6.620,-25.738,-6.496,-3.386,1.00000,74.342,21.462,-33.800
[SHELL] ccB:268,2147514245,1,-23.458,39.828,-16.370,71.011,78.483,21.517,59.038,80.490,19.510
[SHELL] ccA:269,64185635,1458413,9.027,-33.538,0.000,-35.000,2.98532,2.77417,23.34,-6.681,-25.756,-6.681,-25.756,-6.500,-3.387,1.00000,74.342,-6.285,-33.180
[SHELL] ccB:269,24395,1,11.372,21.851,-33.223,78.227,72.184,21.773,71.011,78.483,21.517
[SHELL] ccA:270,64295911,1458414,3.627,-32.865,0.000,-35.000,2.75770,2.54654,23.35,-6.575,-25.770,-6.575,-25.770,-6.502,-3.388,1.00000,74.342,5.617,-31.302
[SHELL] ccB:270,2147514115,1,6.516,23.700,-30.215,80.350,60.784,19.650,78.227,72.184,21.773
[SHELL] ccA:271,64406471,1458415,2.846,-32.974,0.000,-35.000,2.53421,2.32320,24.25,-6.561,-25.769,-6.561,-25.769,-6.504,-3.389,1.00000,74.342,6.437,-36.110
[SHELL] ccB:271,24813,1,15.323,21.199,-36.522,80.970,48.900,19.030,80.350,60.784,19.650
[SHELL] ccA:272,64516267,1458416,3.936,-34.083,0.000,-35.000,2.30696,2.09580,23.95,-6.584,-25.747,-6.584,-25.747,-6.506,-3.390,1.00000,74.342,-2.747,-32.812
[SHELL] ccB:272,2147513937,1,26.160,4.237,-30.396,80.005,36.788,19.995,80.970,48.900,19.030
[SHELL] ccA:273,64626327,1458417,5.089,-32.675,0.000,-35.000,2.08347,1.87236,23.93,-6.610,-25.777,-6.610,-25.777,-6.508,-3.391,1.00000,74.342,19.414,-28.969
[SHELL] ccB:273,24741,1,15.722,19.097,-34.818,77.595,25.537,22.405,80.005,36.788,19.995
[SHELL] ccA:274,64736335,1458418,7.199,-30.515,0.000,-35.000,1.86880,1.65763,24.00,-6.656,-25.824,-6.656,-25.824,-6.512,-3.393,1.00000,74.342,-7.284,-31.309
[SHELL] ccB:274,2147513903,1,32.068,-14.103,-17.965,79.095,20.905,31.136,77.595,25.537,22.405
[SHELL] ccA:275,64846355,1458419,1.546,-30.678,0.000,-35.000,1.63320,1.42206,24.01,-6.544,-25.823,-6.544,-25.823,-6.513,-3.395,1.00000,74.342,1.338,-31.124
[SHELL] ccB:275,24755,1,30.980,-12.653,-18.327,80.784,19.216,43.208,79.095,20.905,31.136
[SHELL] ccA:276,64956323,1458420,1.040,-32.834,0.000,-35.000,1.40835,1.19718,24.00,-6.534,-25.781,-6.534,-25.781,-6.513,-3.396,1.00000,74.342,8.769,-37.779
[SHELL] ccB:276,2147513909,1,38.700,-17.147,-21.553,80.833,19.167,55.263,80.784,19.216,43.208
[SHELL] ccA:277,65066343,1458421,2.633,-34.874,0.000,-35.000,1.18963,0.97846,24.01,-6.567,-25.741,-6.567,-25.741,-6.514,-3.396,1.00000,74.342,-8.343,-32.815
[SHELL] ccB:277,24749,1,27.356,-30.956,3.600,79.390,20.610,66.786,80.833,19.167,55.263
[SHELL] ccA:278,65176403,1458422,1.933,-34.466,0.000,-35.000,0.96746,0.75630,24.06,-6.554,-25.749,-6.554,-25.749,-6.515,-3.396,1.00000,74.342,15.649,-34.455
[SHELL] ccB:278,2147513869,1,37.250,-24.396,-12.854,76.034,22.942,77.058,79.390,20.610,66.786
[SHELL] ccA:279,65285887,1458423,3.852,-34.415,0.000,-35.000,0.74111,0.52994,23.63,-6.594,-25.750,-6.594,-25.750,-6.517,-3.397,1.00000,74.342,-7.547,-35.937
[SHELL] ccB:279,24521,1,18.694,-36.719,18.025,64.783,20.234,79.766,76.034,22.942,77.058
[SHELL] ccA:280,65395871,1458424,0.751,-35.995,0.000,-35.000,0.51880,0.30763,23.55,-6.533,-25.718,-6.533,-25.718,-6.518,-3.396,1.00000,74.342,2.450,-37.650
[SHELL] ccB:280,2147514135,1,20.796,-37.661,16.865,53.151,19.142,80.858,64.783,20.234,79.766
[SHELL] ccA:281,65505943,1458425,2.396,-37.292,0.000,-35.000,0.29227,0.08110,23.61,-6.567,-25.691,-6.567,-25.691,-6.519,-3.395,1.00000,74.342,12.234,-37.933
[SHELL] ccB:281,24549,1,22.644,-39.727,17.083,40.993,19.550,80.450,53.151,19.142,80.858
[SHELL] ccA:282,65616047,1458426,4.734,-37.184,0.000,-35.000,0.06537,6.13735,23.72,-6.616,-25.692,-6.616,-25.692,-6.521,-3.394,1.00000,74.342,-7.980,-35.220
[SHELL] ccB:282,2147514047,1,-5.662,-28.057,33.719,29.260,21.508,78.492,40.993,19.550,80.450
[SHELL] ccA:283,65726087,1458427,2.402,-35.174,0.000,-35.000,6.12074,5.90956,23.79,-6.570,-25.732,-6.570,-25.732,-6.522,-3.394,1.00000,74.342,13.333,-32.324
[SHELL] ccB:283,24621,1,7.929,-33.457,25.528,21.796,27.975,78.204,29.260,21.508,78.492
[SHELL] ccA:284,65836107,1458428,3.091,-34.376,0.000,-35.000,5.89189,5.68073,23.78,-6.586,-25.749,-6.586,-25.749,-6.524,-3.394,1.00000,74.342,-6.320,-37.636
[SHELL] ccB:284,2147514017,1,-20.196,-17.945,38.141,19.622,39.644,80.378,21.796,27.975,78.204
[SHELL] ccA:285,65946103,1458429,0.092,-36.637,0.000,-35.000,5.67753,5.46610,23.78,-6.526,-25.730,-6.526,-25.730,-6.524,-3.393,1.00000,74.342,-0.326,-38.951
[SHELL] ccB:285,24629,1,-22.443,-16.350,38.793,19.083,50.979,80.917,19.622,39.644,80.378
[SHELL] ccA:286,66056095,1458430,1.656,-38.398,0.000,-35.000,5.45057,5.23914,23.78,-6.558,-25.693,-6.558,-25.693,-6.525,-3.392,1.00000,74.342,13.596,-38.055
[SHELL] ccB:286,2147514023,1,-19.000,-21.388,40.388,20.046,63.069,79.954,19.083,50.979,80.917
[SHELL] ccA:287,66166107,1458431,4.487,-37.970,0.000,-35.000,5.22037,5.00893,23.79,-6.617,-25.700,-6.617,-25.700,-6.527,-3.390,1.00000,74.342,-8.918,-36.817
[SHELL] ccB:287,24631,1,-36.506,9.492,27.014,22.565,74.681,77.435,20.046,63.069,79.954
[SHELL] ccA:288,66276079,1458432,1.344,-36.038,0.000,-35.000,5.00279,4.79136,23.78,-6.555,-25.738,-6.555,-25.738,-6.528,-3.390,1.00000,74.342,9.614,-32.463
[SHELL] ccB:288,2147514031,1,-28.351,-1.852,30.203,20.970,79.030,68.537,22.565,74.681,77.435
[SHELL] ccA:289,66386103,1458433,1.573,-34.488,0.000,-35.000,4.77840,4.56701,23.78,-6.560,-25.769,-6.560,-25.769,-6.529,-3.390,1.00000,74.342,-4.020,-36.211
[SHELL] ccB:289,24629,1,-36.397,19.604,16.793,19.280,80.720,56.899,20.970,79.030,68.537
[SHELL] ccA:290,66496107,1458434,-0.988,-35.254,0.000,-35.000,4.55670,4.34525,23.80,-6.508,-25.754,-6.508,-25.754,-6.528,-3.390,1.00000,74.342,-5.524,-36.132
[SHELL] ccB:290,2147514017,1,-34.839,26.998,7.841,19.184,80.816,45.125,19.280,80.720,56.899
[SHELL] ccA:291,66606091,1458435,0.105,-36.237,0.000,-35.000,4.32316,4.11173,23.78,-6.530,-25.734,-6.530,-25.734,-6.528,-3.389,1.00000,74.342,15.490,-36.473
[SHELL] ccB:291,24623,1,-39.623,19.387,20.236,20.697,79.303,32.866,19.184,80.816,45.125
[SHELL] ccA:292,66716107,1458436,4.227,-35.962,0.000,-35.000,4.10243,3.89101,23.78,-6.615,-25.739,-6.615,-25.739,-6.530,-3.389,1.00000,74.342,-8.546,-34.768
[SHELL] ccB:292,2147514017,1,-23.603,35.116,-11.513,24.393,77.200,22.800,20.697,79.303,32.866
[SHELL] ccA:293,66826143,1458437,1.104,-34.787,0.000,-35.000,3.87997,3.66855,23.82,-6.553,-25.762,-6.553,-25.762,-6.531,-3.389,1.00000,74.342,6.019,-33.138
[SHELL] ccB:293,24649,1,-26.756,31.093,-4.337,35.287,79.779,20.221,24.393,77.200,22.800
[SHELL] ccA:294,66936087,1458438,1.172,-34.589,0.000,-35.000,3.65028,3.43885,23.82,-6.555,-25.767,-6.555,-25.767,-6.531,-3.389,1.00000,74.342,1.196,-37.314
[SHELL] ccB:294,2147514027,1,-19.217,37.327,-18.110,47.418,80.936,19.064,35.287,79.779,20.221
[SHELL] ccA:295,67046119,1458439,1.091,-35.882,0.000,-35.000,3.41943,3.20803,23.79,-6.554,-25.740,-6.554,-25.740,-6.532,-3.389,1.00000,74.342,-4.048,-35.762
[SHELL] ccB:295,24637,1,-5.916,33.703,-27.787,59.746,80.426,19.574,47.418,80.936,19.064
[SHELL] ccA:296,67156103,1458440,2.398,-35.633,0.000,-35.000,3.19529,2.98354,23.82,-6.581,-25.780,-6.581,-25.780,-6.533,-3.388,1.00000,74.342,16.490,-33.694
[SHELL] ccB:296,2147514019,1,-18.275,37.508,-19.233,71.301,78.451,21.549,59.746,80.426,19.574
[SHELL] ccA:297,67266139,1458441,3.950,-34.317,0.000,-35.000,2.97235,2.76060,23.82,-6.614,-25.807,-6.614,-25.807,-6.535,-3.389,1.00000,74.342,-13.134,-34.120
[SHELL] ccB:297,24647,1,18.694,17.864,-36.558,78.396,71.688,21.604,71.301,78.451,21.549
[SHELL] ccA:298,67376127,1458442,-3.018,-33.923,0.000,-35.000,2.75033,2.53857,23.82,-6.473,-25.815,-6.473,-25.815,-6.534,-3.389,1.00000,74.342,-2.296,-33.759
[SHELL] ccB:298,2147514007,1,14.997,18.770,-33.767,80.395,60.589,19.605,78.396,71.688,21.604
[SHELL] ccA:299,67486159,1458443,-4.892,-35.155,0.000,-35.000,2.52212,2.31034,23.81,-6.433,-25.790,-6.433,-25.790,-6.531,-3.389,1.00000,74.342,-1.841,-38.979
[SHELL] ccB:299,24657,1,24.130,14.494,-38.624,80.952,48.471,19.048,80.395,60.589,19.605
[SHELL] ccA:300,67596207,1458444,-4.227,-37.094,0.000,-35.000,2.29871,2.08698,23.86,-6.445,-25.751,-6.445,-25.751,-6.529,-3.388,1.00000,74.342,-10.931,-36.659
[SHELL] ccB:300,2147513967,1,34.641,-3.266,-31.375,79.941,36.612,20.059,80.952,48.471,19.048
[SHELL] ccA:301,67706239,1458445,-3.229,-36.615,0.000,-35.000,2.07878,1.86704,23.87,-6.463,-25.759,-6.463,-25.759,-6.527,-3.387,1.00000,74.342,10.788,-34.163
[SHELL] ccB:301,24697,1,24.601,10.253,-34.854,77.538,25.580,22.462,79.941,36.612,20.059
[SHELL] ccA:302,67816255,1458446,-0.210,-35.827,0.000,-35.000,1.85122,1.63946,23.93,-6.523,-25.775,-6.523,-25.775,-6.527,-3.387,1.00000,74.342,-11.483,-38.324
[SHELL] ccB:302,2147513943,1,40.005,-20.373,-19.632,79.154,20.846,31.888,77.538,25.580,22.462
[SHELL] ccA:303,67926255,1458447,-3.414,-36.601,0.000,-35.000,1.62672,1.41496,23.93,-6.457,-25.758,-6.457,-25.758,-6.526,-3.386,1.00000,74.342,-1.478,-35.593
[SHELL] ccB:303,24705,1,35.619,-17.365,-18.255,80.705,19.295,43.472,79.154,20.846,31.888
[SHELL] ccA:304,68036235,1458448,-2.909,-37.140,0.000,-35.000,1.39882,1.18705,23.93,-6.466,-25.747,-6.466,-25.747,-6.524,-3.385,1.00000,74.342,2.802,-39.051
[SHELL] ccB:304,2147513953,1,38.954,-22.874,-16.080,80.750,19.250,55.677,80.705,19.295,43.472
[SHELL] ccA:305,68146299,1458449,-2.287,-37.105,0.000,-35.000,1.17485,0.96309,23.93,-6.477,-25.746,-6.477,-25.746,-6.523,-3.384,1.00000,74.342,-13.276,-34.728
[SHELL] ccB:305,24727,1,26.921,-35.668,8.747,79.252,20.748,67.387,80.750,19.250,55.677
[SHELL] ccA:306,68256087,1458450,-4.342,-35.510,0.000,-35.000,0.94705,0.73517,23.98,-6.434,-25.791,-6.434,-25.791,-6.521,-3.384,1.00000,74.342,6.381,-33.531
[SHELL] ccB:306,2147514027,1,30.944,-27.948,-2.996,75.274,22.689,77.311,79.252,20.748,67.387
[SHELL] ccA:307,68365859,1458451,-4.071,-34.617,0.000,-35.000,0.73684,0.52499,23.56,-6.437,-25.809,-6.437,-25.809,-6.519,-3.384,1.00000,74.342,-15.768,-36.677
[SHELL] ccB:307,24507,1,12.967,-39.183,26.216,64.860,20.225,79.775,75.274,22.689,77.311
[SHELL] ccA:308,68475855,1458452,-7.504,-36.325,0.000,-35.000,0.50437,0.29249,23.55,-6.365,-25.774,-6.365,-25.774,-6.515,-3.383,1.00000,74.342,-4.861,-38.414
[SHELL] ccB:308,2147514143,1,14.308,-38.314,24.006,52.697,19.113,80.887,64.860,20.225,79.775
[SHELL] ccA:309,68585955,1458453,-4.492,-38.134,0.000,-35.000,0.27964,0.06775,23.61,-6.423,-25.736,-6.423,-25.736,-6.513,-3.382,1.00000,74.342,7.525,-39.029
[SHELL] ccB:309,24555,1,18.005,-39.691,21.686,40.586,19.581,80.419,52.697,19.113,80.887
[SHELL] ccA:310,68696143,1458454,-0.719,-37.942,0.000,-35.000,0.05110,6.12240,23.85,-6.498,-25.739,-6.498,-25.739,-6.512,-3.380,1.00000,74.342,-13.064,-35.296
[SHELL] ccB:310,2147513999,1,-11.244,-25.483,36.727,28.744,21.615,78.385,40.586,19.581,80.419
[SHELL] ccA:311,68806107,1458455,-3.351,-35.672,0.000,-35.000,6.11297,5.90112,23.79,-6.444,-25.784,-6.444,-25.784,-6.511,-3.380,1.00000,74.342,5.197,-33.066
[SHELL] ccB:311,24631,1,-0.479,-28.745,29.225,21.734,28.123,78.266,28.744,21.615,78.385
[SHELL] ccA:312,68916115,1458456,-3.833,-34.560,0.000,-35.000,5.88954,5.67770,23.79,-6.432,-25.806,-6.432,-25.806,-6.509,-3.380,1.00000,74.342,-12.664,-36.810
[SHELL] ccB:312,2147514013,1,-25.814,-12.327,38.141,19.620,39.474,80.380,21.734,28.123,78.266
[SHELL] ccA:313,69026103,1458457,-6.630,-36.534,0.000,-35.000,5.66283,5.45095,23.79,-6.373,-25.766,-6.373,-25.766,-6.506,-3.379,1.00000,74.342,-6.391,-39.450
[SHELL] ccB:313,24629,1,-28.133,-10.515,38.648,19.092,51.473,80.908,19.620,39.474,80.380
[SHELL] ccA:314,69136119,1458458,-4.306,-38.625,0.000,-35.000,5.44919,5.23735,23.80,-6.417,-25.722,-6.417,-25.722,-6.503,-3.377,1.00000,74.342,8.220,-38.788
[SHELL] ccB:314,2147514011,1,-23.204,-16.241,39.445,20.025,62.878,79.975,19.092,51.473,80.908
[SHELL] ccA:315,69246111,1458459,-0.949,-38.002,0.000,-35.000,5.21946,5.00756,23.79,-6.484,-25.733,-6.484,-25.733,-6.503,-3.376,1.00000,74.342,-13.845,-34.981
[SHELL] ccB:315,24633,1,-37.303,14.421,22.882,22.512,74.500,77.488,20.025,62.878,79.975
[SHELL] ccA:316,69356103,1458460,-3.544,-35.214,0.000,-35.000,4.99688,4.78496,23.80,-6.430,-25.789,-6.430,-25.789,-6.501,-3.376,1.00000,74.342,5.294,-32.106
[SHELL] ccB:316,2147514019,1,-29.329,2.461,26.869,20.935,79.065,68.480,22.512,74.500,77.488
[SHELL] ccA:317,69466087,1458461,-2.487,-33.563,0.000,-35.000,4.76948,4.55768,23.79,-6.450,-25.814,-6.450,-25.814,-6.500,-3.377,1.00000,74.342,-6.689,-35.058
[SHELL] ccB:317,24621,1,-35.382,21.742,13.640,19.242,80.758,56.642,20.935,79.065,68.480
[SHELL] ccA:318,69576107,1458462,-3.708,-34.410,0.000,-35.000,4.54405,4.33225,23.80,-6.424,-25.798,-6.424,-25.798,-6.498,-3.377,1.00000,74.342,-6.749,-35.419
[SHELL] ccB:318,2147514017,1,-33.787,27.795,5.992,19.187,80.813,44.613,19.242,80.758,56.642
[SHELL] ccA:319,69686111,1458463,-2.449,-35.106,0.000,-35.000,4.32266,4.11085,23.79,-6.448,-25.784,-6.448,-25.784,-6.497,-3.377,1.00000,74.342,10.393,-34.530
[SHELL] ccB:319,24633,1,-35.890,20.981,14.908,20.640,79.360,32.979,19.187,80.813,44.613
[SHELL] ccA:320,69796131,1458464,-0.287,-35.005,0.000,-35.000,4.09743,3.88563,23.80,-6.491,-25.786,-6.491,-25.786,-6.497,-3.377,1.00000,74.342,-15.184,-35.540
[SHELL] ccB:320,2147514005,1,-20.268,38.632,-18.364,24.399,77.221,22.779,20.640,79.360,32.979
[SHELL] ccA:321,69906131,1458465,-4.603,-34.700,0.000,-35.000,3.87835,3.66651,23.85,-6.402,-25.792,-6.402,-25.792,-6.494,-3.377,1.00000,74.342,1.563,-33.190
[SHELL] ccB:321,24643,1,-23.458,32.108,-8.650,35.099,79.738,20.262,24.399,77.221,22.779
[SHELL] ccA:322,70016143,1458466,-3.319,-34.984,0.000,-35.000,3.64253,3.43080,23.77,-6.426,-25.786,-6.426,-25.786,-6.493,-3.377,1.00000,74.342,-1.220,-38.017
[SHELL] ccB:322,2147513999,1,-17.188,37.980,-20.792,47.590,80.926,19.074,35.099,79.738,20.262
[SHELL] ccA:323,70126127,1458467,-2.135,-36.280,0.000,-35.000,3.42334,3.21155,23.83,-6.449,-25.760,-6.449,-25.760,-6.492,-3.376,1.00000,74.342,-7.664,-35.894
[SHELL] ccB:323,24641,1,-2.618,33.014,-30.396,59.347,80.460,19.540,47.590,80.926,19.074
[SHELL] ccA:324,70236147,1458468,-1.302,-36.540,0.000,-35.000,3.20641,2.99461,23.83,-6.465,-25.754,-6.465,-25.754,-6.491,-3.376,1.00000,74.342,11.341,-36.354
[SHELL] ccB:324,2147513997,1,-13.672,37.617,-23.945,70.514,78.575,21.425,59.347,80.460,19.540
[SHELL] ccA:325,70346155,1458469,-0.083,-36.083,0.000,-35.000,2.97541,2.76361,23.83,-6.489,-25.762,-6.489,-25.762,-6.491,-3.375,1.00000,74.342,-15.351,-35.729
[SHELL] ccB:325,24655,1,21.049,17.792,-38.841,78.228,71.978,21.772,70.514,78.575,21.425
[SHELL] ccA:326,70456131,1458470,-5.038,-35.213,0.000,-35.000,2.75874,2.54693,23.82,-6.388,-25.780,-6.388,-25.780,-6.488,-3.375,1.00000,74.342,-0.790,-33.041
[SHELL] ccB:326,2147514005,1,13.076,19.749,-32.825,80.262,61.153,19.738,78.228,71.978,21.772
[SHELL] ccA:327,70566183,1458471,-4.555,-35.029,0.000,-35.000,2.53025,2.31844,23.83,-6.395,-25.781,-6.395,-25.781,-6.486,-3.375,1.00000,74.342,-1.291,-38.304
[SHELL] ccB:327,24669,1,23.043,15.001,-38.044,80.937,48.976,19.063,80.262,61.153,19.738
[SHELL] ccA:328,70676207,1458472,-3.184,-36.250,0.000,-35.000,2.31658,2.10480,23.89,-6.421,-25.755,-6.421,-25.755,-6.485,-3.374,1.00000,74.342,-9.365,-35.350
[SHELL] ccB:328,2147513967,1,32.321,-1.345,-30.976,80.079,37.586,19.921,80.937,48.976,19.063
[SHELL] ccA:329,70786191,1458473,-1.690,-35.578,0.000,-35.000,2.08683,1.87505,23.88,-6.450,-25.769,-6.450,-25.769,-6.484,-3.374,1.00000,74.342,13.260,-33.307
[SHELL] ccB:329,24673,1,22.427,13.008,-35.434,77.664,25.985,22.336,80.079,37.586,19.921
[SHELL] ccA:330,70896255,1458474,2.164,-33.837,0.000,-35.000,1.85876,1.64699,23.94,-6.528,-25.804,-6.528,-25.804,-6.485,-3.375,1.00000,74.342,-8.501,-33.384
[SHELL] ccB:330,2147513943,1,34.423,-16.060,-18.364,79.106,20.894,31.484,77.664,25.985,22.336
[SHELL] ccA:331,71006263,1458475,-0.749,-33.133,0.000,-35.000,1.64178,1.43001,23.94,-6.469,-25.819,-6.469,-25.819,-6.484,-3.376,1.00000,74.342,0.746,-32.456
[SHELL] ccB:331,24709,1,32.321,-13.523,-18.798,80.715,19.285,42.650,79.106,20.894,31.484
[SHELL] ccA:332,71116263,1458476,-0.605,-33.435,0.000,-35.000,1.41712,1.20534,23.93,-6.472,-25.814,-6.472,-25.814,-6.484,-3.376,1.00000,74.342,4.591,-35.443
[SHELL] ccB:332,2147513939,1,35.728,-18.633,-17.095,80.883,19.117,54.693,80.715,19.285,42.650
[SHELL] ccA:333,71226315,1458477,0.079,-33.951,0.000,-35.000,1.18967,0.97789,23.94,-6.486,-25.804,-6.486,-25.804,-6.484,-3.377,1.00000,74.342,-9.612,-32.463
[SHELL] ccB:333,24735,1,26.559,-31.464,4.905,79.464,20.536,66.661,80.883,19.117,54.693
[SHELL] ccA:334,71336299,1458478,-0.456,-33.063,0.000,-35.000,0.96247,0.75066,24.00,-6.475,-25.823,-6.475,-25.823,-6.484,-3.378,1.00000,74.342,12.808,-31.881
[SHELL] ccB:334,2147513921,1,33.481,-23.417,-10.064,75.987,22.858,77.142,79.464,20.536,66.661
[SHELL] ccA:335,71445835,1458479,1.988,-32.790,0.000,-35.000,0.74217,0.53039,23.57,-6.525,-25.829,-6.525,-25.829,-6.485,-3.379,1.00000,74.342,-8.050,-34.935
[SHELL] ccB:335,24495,1,17.679,-35.849,18.170,65.008,20.200,79.800,75.987,22.858,77.142
[SHELL] ccA:336,71555875,1458480,-0.374,-34.534,0.000,-35.000,0.51990,0.30811,23.56,-6.477,-25.795,-6.477,-25.795,-6.485,-3.379,1.00000,74.342,1.797,-36.386
[SHELL] ccB:336,2147514133,1,19.636,-36.393,16.757,53.330,19.078,80.922,65.008,20.200,79.800
[SHELL] ccA:337,71665967,1458481,1.482,-36.111,0.000,-35.000,0.29499,0.08321,23.62,-6.515,-25.763,-6.515,-25.763,-6.485,-3.379,1.00000,74.342,10.383,-36.735
[SHELL] ccB:337,24561,1,20.615,-38.132,17.518,41.220,19.462,80.538,53.330,19.078,80.922
[SHELL] ccA:338,71776071,1458482,3.342,-35.693,0.000,-35.000,0.07146,6.14296,23.73,-6.554,-25.761,-6.554,-25.761,-6.487,-3.378,1.00000,74.342,-9.196,-32.917
[SHELL] ccB:338,2147514035,1,-6.822,-25.592,32.414,29.641,21.352,78.648,41.220,19.462,80.538
[SHELL] ccA:339,71886127,1458483,0.828,-33.194,0.000,-35.000,6.12919,5.91750,23.81,-6.504,-25.812,-6.504,-25.812,-6.488,-3.379,1.00000,74.342,11.319,-30.207
[SHELL] ccB:339,24641,1,6.552,-30.630,24.078,21.875,27.383,78.125,29.641,21.352,78.648
[SHELL] ccA:340,71996127,1458484,1.840,-31.931,0.000,-35.000,5.90763,5.69594,23.79,-6.525,-25.839,-6.525,-25.839,-6.488,-3.381,1.00000,74.342,-6.084,-34.394
[SHELL] ccB:340,2147514007,1,-18.275,-16.640,34.915,19.654,38.655,80.346,21.875,27.383,78.125
[SHELL] ccA:341,72106095,1458485,0.248,-34.044,0.000,-35.000,5.67188,5.46019,23.79,-6.494,-25.797,-6.494,-25.797,-6.489,-3.381,1.00000,74.342,1.839,-37.180
[SHELL] ccB:341,24625,1,-19.834,-17.365,37.198,19.019,51.202,80.981,19.654,38.655,80.346
[SHELL] ccA:342,72216111,1458486,3.830,-36.027,0.000,-35.000,5.45468,5.24299,23.79,-6.567,-25.757,-6.567,-25.757,-6.491,-3.381,1.00000,74.342,17.728,-35.356
[SHELL] ccB:342,2147514015,1,-14.071,-24.976,39.047,19.943,62.886,80.057,19.019,51.202,80.981
[SHELL] ccA:343,72326099,1458487,7.530,-35.335,0.000,-35.000,5.23605,5.02437,23.79,-6.645,-25.770,-6.645,-25.770,-6.494,-3.380,1.00000,74.342,-7.175,-33.450
[SHELL] ccB:343,24627,1,-32.555,7.172,25.383,22.275,74.030,77.725,19.943,62.886,80.057
[SHELL] ccA:344,72436115,1458488,3.347,-32.766,0.000,-35.000,5.00535,4.79370,23.77,-6.563,-25.823,-6.563,-25.823,-6.496,-3.382,1.00000,74.342,10.008,-28.808
[SHELL] ccB:344,2147514013,1,-24.690,-3.157,27.847,20.908,79.091,68.738,22.275,74.030,77.725
[SHELL] ccA:345,72546099,1458489,2.334,-31.044,0.000,-35.000,4.78547,4.57378,23.79,-6.544,-25.859,-6.544,-25.859,-6.497,-3.384,1.00000,74.342,-3.506,-33.112
[SHELL] ccB:345,24627,1,-33.280,17.574,15.706,19.218,80.782,57.358,20.908,79.091,68.738
[SHELL] ccA:346,72656087,1458490,-0.181,-32.120,0.000,-35.000,4.55472,4.34303,23.80,-6.493,-25.839,-6.493,-25.839,-6.497,-3.385,1.00000,74.342,-3.720,-33.445
[SHELL] ccB:346,2147514027,1,-32.446,23.953,8.493,19.095,80.905,45.063,19.218,80.782,57.358
[SHELL] ccA:347,72766119,1458491,1.155,-33.653,0.000,-35.000,4.32964,4.11796,23.79,-6.521,-25.809,-6.521,-25.809,-6.498,-3.386,1.00000,74.342,15.568,-34.609
[SHELL] ccB:347,24637,1,-37.919,17.647,20.272,20.547,79.453,33.191,19.095,80.905,45.063
[SHELL] ccA:348,72876103,1458492,4.138,-34.105,0.000,-35.000,4.11604,3.90436,23.79,-6.582,-25.799,-6.582,-25.799,-6.500,-3.386,1.00000,74.342,-10.865,-33.755
[SHELL] ccB:348,2147514019,1,-21.827,35.116,-13.289,23.636,77.025,22.975,20.547,79.453,33.191
[SHELL] ccA:349,72986291,1458493,-0.067,-33.551,0.000,-35.000,3.88947,3.67767,23.96,-6.498,-25.811,-6.498,-25.811,-6.500,-3.387,1.00000,74.342,5.893,-32.084
[SHELL] ccB:349,24723,1,-26.140,29.970,-3.830,34.672,79.716,20.284,23.636,77.025,22.975
[SHELL] ccA:350,73096143,1458494,-0.029,-34.521,0.000,-35.000,3.65795,3.44628,23.83,-6.499,-25.791,-6.499,-25.791,-6.500,-3.387,1.00000,74.342,-1.037,-40.163
[SHELL] ccB:350,2147513999,1,-18.927,40.154,-21.227,46.898,80.932,19.068,34.672,79.716,20.284
[SHELL] ccA:351,73206083,1458495,0.478,-36.998,0.000,-35.000,3.43886,3.22718,23.83,-6.509,-25.741,-6.509,-25.741,-6.500,-3.386,1.00000,74.342,-1.908,-35.582
[SHELL] ccB:351,24619,1,-8.598,34.247,-25.649,58.646,80.525,19.475,46.898,80.932,19.068
[SHELL] ccA:352,73316035,1458496,4.012,-36.513,0.000,-35.000,3.22147,3.00980,23.75,-6.582,-25.750,-6.582,-25.750,-6.502,-3.385,1.00000,74.342,20.899,-34.727
[SHELL] ccB:352,2147514053,1,-23.603,40.335,-16.733,69.993,78.729,21.271,58.646,80.525,19.475
[SHELL] ccA:353,73426043,1458497,7.874,-34.936,0.000,-35.000,2.98761,2.77594,23.75,-6.663,-25.781,-6.663,-25.781,-6.506,-3.385,1.00000,74.342,-8.395,-34.709
[SHELL] ccB:353,24599,1,13.619,21.779,-35.398,78.214,72.331,21.786,69.993,78.729,21.271
[SHELL] ccA:354,73536063,1458498,2.845,-34.054,0.000,-35.000,2.76286,2.55119,23.75,-6.564,-25.800,-6.564,-25.800,-6.507,-3.386,1.00000,74.342,7.272,-32.072
[SHELL] ccB:354,2147514039,1,5.102,25.584,-30.686,80.346,61.074,19.654,78.214,72.331,21.786
[SHELL] ccA:355,73646067,1458499,2.712,-33.888,0.000,-35.000,2.53822,2.32655,23.75,-6.563,-25.803,-6.563,-25.803,-6.509,-3.386,1.00000,74.342,4.700,-36.699
[SHELL] ccB:355,24611,1,16.954,20.003,-36.957,81.012,49.092,18.988,80.346,61.074,19.654
[SHELL] ccA:356,73758691,1458500,3.154,-34.775,0.000,-35.000,2.31606,2.08426,26.74,-6.573,-25.786,-6.573,-25.786,-6.510,-3.386,1.00000,74.342,-4.054,-33.631
[SHELL] ccB:356,2147512725,1,27.465,3.439,-30.904,79.959,36.210,20.041,81.012,49.092,18.988
[SHELL] ccA:357,73866147,1458501,3.784,-34.120,0.000,-35.000,2.08138,1.86971,23.81,-6.588,-25.799,-6.588,-25.799,-6.512,-3.387,1.00000,74.342,18.543,-32.519
[SHELL] ccB:357,24651,1,19.310,18.118,-37.428,77.589,25.444,22.411,79.959,36.210,20.041
[SHELL] ccA:358,73976175,1458502,5.463,-32.642,0.000,-35.000,1.86553,1.65369,23.86,-6.624,-25.848,-6.624,-25.848,-6.515,-3.388,1.00000,74.342,-11.180,-31.899
[SHELL] ccB:358,2147513983,1,33.771,-18.126,-15.645,79.139,20.861,31.254,77.589,25.444,22.411
[SHELL] ccA:359,74086151,1458503,-1.523,-32.339,0.000,-35.000,1.63798,1.42612,23.85,-6.484,-25.856,-6.484,-25.856,-6.514,-3.389,1.00000,74.342,-2.274,-33.041
[SHELL] ccB:359,24653,1,33.119,-16.604,-16.515,80.777,19.223,42.856,79.139,20.861,31.254
[SHELL] ccA:360,74196187,1458504,-2.747,-34.257,0.000,-35.000,1.42047,1.20866,23.86,-6.458,-25.818,-6.458,-25.818,-6.513,-3.390,1.00000,74.342,4.741,-39.047
[SHELL] ccB:360,2147513977,1,39.316,-20.663,-18.653,80.894,19.106,54.486,80.777,19.223,42.856
[SHELL] ccA:361,74306227,1458505,-0.636,-36.208,0.000,-35.000,1.19275,0.98090,23.86,-6.500,-25.778,-6.500,-25.778,-6.512,-3.389,1.00000,74.342,-9.750,-33.697
[SHELL] ccB:361,24691,1,27.718,-32.478,4.760,79.462,20.538,66.531,80.894,19.106,54.486
[SHELL] ccA:362,74416231,1458506,0.156,-34.936,0.000,-35.000,0.96930,0.75745,23.91,-6.516,-25.804,-6.516,-25.804,-6.512,-3.389,1.00000,74.342,15.384,-33.303
[SHELL] ccB:362,2147513955,1,36.163,-23.417,-12.746,76.220,22.944,77.056,79.462,20.538,66.531
[SHELL] ccA:363,74525763,1458507,4.284,-33.872,0.000,-35.000,0.74031,0.52846,23.49,-6.600,-25.825,-6.600,-25.825,-6.515,-3.390,1.00000,74.342,-3.880,-35.185
[SHELL] ccB:363,24459,1,20.868,-35.197,14.328,64.773,20.143,79.857,76.220,22.944,77.056
[SHELL] ccA:364,74635811,1458508,3.673,-35.168,0.000,-35.000,0.51664,0.30483,23.48,-6.590,-25.799,-6.590,-25.799,-6.516,-3.390,1.00000,74.342,7.068,-36.997
[SHELL] ccB:364,2147514165,1,24.420,-37.045,12.625,52.940,19.027,80.973,64.773,20.143,79.857
[SHELL] ccA:365,74745887,1458509,6.756,-36.366,0.000,-35.000,0.28531,0.07347,23.54,-6.655,-25.775,-6.655,-25.775,-6.520,-3.389,1.00000,74.342,16.770,-36.287
[SHELL] ccB:365,24521,1,26.305,-39.220,12.915,40.426,19.486,80.514,52.940,19.027,80.973
[SHELL] ccA:366,74855995,1458510,8.310,-35.827,0.000,-35.000,0.06407,6.13541,23.60,-6.690,-25.785,-6.690,-25.785,-6.524,-3.389,1.00000,74.342,-7.366,-33.736
[SHELL] ccB:366,2147514073,1,-5.191,-26.969,32.160,28.988,21.437,78.563,40.426,19.486,80.514
[SHELL] ccA:367,74966051,1458511,3.325,-33.733,0.000,-35.000,6.11993,5.90809,23.73,-6.592,-25.828,-6.592,-25.828,-6.526,-3.389,1.00000,74.342,11.261,-31.174
[SHELL] ccB:367,24603,1,6.045,-31.246,25.202,21.675,27.961,78.325,28.988,21.437,78.563
[SHELL] ccA:368,75076031,1458512,2.097,-32.929,0.000,-35.000,5.89467,5.68283,23.73,-6.569,-25.845,-6.569,-25.845,-6.527,-3.390,1.00000,74.342,-6.767,-35.633
[SHELL] ccB:368,2147514055,1,-19.761,-16.459,36.220,19.542,39.418,80.458,21.675,27.961,78.325
[SHELL] ccA:369,75186011,1458513,-0.927,-35.048,0.000,-35.000,5.66588,5.45377,23.74,-6.508,-25.831,-6.508,-25.831,-6.526,-3.390,1.00000,74.342,-1.436,-37.752
[SHELL] ccB:369,24583,1,-23.023,-14.429,37.452,18.982,51.559,81.018,19.542,39.418,80.458
[SHELL] ccA:370,75296039,1458514,1.071,-37.164,0.000,-35.000,5.44240,5.23030,23.73,-6.548,-25.787,-6.548,-25.787,-6.527,-3.389,1.00000,74.342,13.921,-37.519
[SHELL] ccB:370,2147514051,1,-18.674,-21.315,39.989,20.004,63.508,79.996,18.982,51.559,81.018
[SHELL] ccA:371,75406039,1458515,4.234,-37.895,0.000,-35.000,5.22045,5.00837,23.70,-6.614,-25.771,-6.614,-25.771,-6.529,-3.388,1.00000,74.342,-9.470,-38.792
[SHELL] ccB:371,24597,1,-38.499,10.072,28.427,22.491,74.734,77.509,20.004,63.508,79.996
[SHELL] ccA:372,75516031,1458516,0.723,-36.659,0.000,-35.000,4.99368,4.78156,23.73,-6.544,-25.795,-6.544,-25.795,-6.529,-3.387,1.00000,74.342,7.910,-31.532
[SHELL] ccB:372,2147514055,1,-28.097,-0.113,28.210,20.819,79.181,68.126,22.491,74.734,77.509
[SHELL] ccA:373,75626087,1458517,0.585,-34.542,0.000,-35.000,4.76418,4.55210,23.79,-6.541,-25.838,-6.541,-25.838,-6.530,-3.387,1.00000,74.342,-4.010,-36.311
[SHELL] ccB:373,24621,1,-36.469,20.075,16.394,19.158,80.842,56.190,20.819,79.181,68.126
[SHELL] ccA:374,75736019,1458518,-1.343,-35.084,0.000,-35.000,4.54825,4.33612,23.73,-6.502,-25.827,-6.502,-25.827,-6.529,-3.387,1.00000,74.342,-5.260,-36.184
[SHELL] ccB:374,2147514061,1,-34.839,27.034,7.805,19.128,80.872,44.673,19.158,80.842,56.190
[SHELL] ccA:375,75846015,1458519,-0.104,-36.254,0.000,-35.000,4.31792,4.10578,23.73,-6.527,-25.803,-6.527,-25.803,-6.529,-3.386,1.00000,74.342,14.116,-36.336
[SHELL] ccB:375,24585,1,-38.970,20.293,18.678,20.676,79.324,32.560,19.128,80.872,44.673
[SHELL] ccA:376,75956055,1458520,3.318,-36.107,0.000,-35.000,4.09363,3.88152,23.74,-6.597,-25.805,-6.597,-25.805,-6.530,-3.386,1.00000,74.342,-9.700,-35.570
[SHELL] ccB:376,2147514043,1,-23.349,36.385,-13.036,24.725,77.382,22.618,20.676,79.324,32.560
[SHELL] ccA:377,76066071,1458521,0.284,-35.141,0.000,-35.000,3.86705,3.65494,23.76,-6.536,-25.824,-6.536,-25.824,-6.531,-3.386,1.00000,74.342,6.419,-33.088
[SHELL] ccB:377,24613,1,-26.756,31.130,-4.373,35.899,79.945,20.055,24.725,77.382,22.618
[SHELL] ccA:378,76176051,1458522,0.657,-35.626,0.000,-35.000,3.64312,3.43102,23.77,-6.544,-25.814,-6.544,-25.814,-6.531,-3.386,1.00000,74.342,-0.512,-40.755
[SHELL] ccB:378,2147514045,1,-19.145,40.734,-21.589,47.789,80.997,19.003,35.899,79.945,20.055
[SHELL] ccA:379,76286071,1458523,-0.251,-37.641,0.000,-35.000,3.42024,3.20813,23.76,-6.526,-25.773,-6.526,-25.773,-6.531,-3.384,1.00000,74.342,-6.398,-35.966
[SHELL] ccB:379,24613,1,-3.741,33.340,-29.599,59.681,80.462,19.538,47.789,80.997,19.003
[SHELL] ccA:380,76396055,1458524,0.487,-36.688,0.000,-35.000,3.20125,2.98920,23.76,-6.541,-25.785,-6.541,-25.785,-6.531,-3.383,1.00000,74.342,15.256,-34.065
[SHELL] ccB:380,2147514043,1,-17.260,37.291,-20.031,70.942,78.532,21.468,59.681,80.462,19.538
[SHELL] ccA:381,76506079,1458525,3.054,-34.707,0.000,-35.000,2.97148,2.75943,23.76,-6.594,-25.824,-6.594,-25.824,-6.533,-3.384,1.00000,74.342,-11.898,-34.731
[SHELL] ccB:381,24617,1,17.606,19.097,-36.703,78.412,71.685,21.588,70.942,78.532,21.468
[SHELL] ccA:382,76616083,1458526,-1.588,-34.312,0.000,-35.000,2.74827,2.53622,23.76,-6.500,-25.833,-6.500,-25.833,-6.532,-3.384,1.00000,74.342,2.190,-33.721
[SHELL] ccB:382,2147514029,1,10.901,22.250,-33.151,80.441,60.431,19.559,78.412,71.685,21.588
[SHELL] ccA:383,76726079,1458527,-1.139,-34.935,0.000,-35.000,2.52714,2.31509,23.76,-6.508,-25.820,-6.508,-25.820,-6.531,-3.384,1.00000,74.342,2.963,-37.568
[SHELL] ccB:383,24617,1,19.237,18.444,-37.681,81.009,48.591,18.991,80.441,60.431,19.559
[SHELL] ccA:384,76836147,1458528,0.499,-35.629,0.000,-35.000,2.29644,2.08439,23.83,-6.541,-25.806,-6.541,-25.806,-6.531,-3.384,1.00000,74.342,-6.121,-33.658
[SHELL] ccB:384,2147513997,1,29.241,0.757,-29.998,79.984,36.281,20.016,81.009,48.591,18.991
[SHELL] ccA:385,76946175,1458529,1.866,-34.277,0.000,-35.000,2.07077,1.85872,23.82,-6.570,-25.833,-6.570,-25.833,-6.532,-3.384,1.00000,74.342,16.746,-32.224
[SHELL] ccB:385,24665,1,20.252,15.980,-36.232,77.475,24.940,22.525,79.984,36.281,20.016
[SHELL] ccA:386,77056111,1458530,4.697,-32.637,0.000,-35.000,1.84537,1.63332,23.89,-6.629,-25.867,-6.629,-25.867,-6.535,-3.385,1.00000,74.342,-8.583,-32.442
[SHELL] ccB:386,2147514015,1,33.554,-16.314,-17.240,79.375,20.625,32.273,77.475,24.940,22.525
[SHELL] ccA:387,77166115,1458531,-0.211,-32.344,0.000,-35.000,1.62132,1.40931,23.79,-6.530,-25.875,-6.530,-25.875,-6.535,-3.386,1.00000,74.342,-0.426,-32.268
[SHELL] ccB:387,24635,1,32.249,-15.081,-17.167,80.882,19.118,43.828,79.375,20.625,32.273
[SHELL] ccA:388,77276135,1458532,-1.805,-32.791,0.000,-35.000,1.39938,1.18737,23.79,-6.498,-25.867,-6.498,-25.867,-6.534,-3.388,1.00000,74.342,2.213,-34.184
[SHELL] ccB:388,2147514003,1,34.061,-20.192,-13.869,80.895,19.105,55.690,80.882,19.118,43.828
[SHELL] ccA:389,77386143,1458533,-2.247,-33.421,0.000,-35.000,1.17591,0.96385,23.78,-6.488,-25.855,-6.488,-25.855,-6.533,-3.388,1.00000,74.342,-12.987,-33.047
[SHELL] ccB:389,24649,1,25.507,-34.146,8.638,79.385,20.615,67.388,80.895,19.105,55.690
[SHELL] ccA:390,77495923,1458534,-3.420,-33.238,0.000,-35.000,0.95255,0.74042,23.85,-6.462,-25.868,-6.462,-25.868,-6.531,-3.389,1.00000,74.342,10.080,-32.672
[SHELL] ccB:390,2147514109,1,32.466,-25.520,-6.947,75.584,22.677,77.323,79.385,20.615,67.388
[SHELL] ccA:391,77605703,1458535,-0.452,-33.704,0.000,-35.000,0.72263,0.51049,23.42,-6.522,-25.859,-6.522,-25.859,-6.531,-3.390,1.00000,74.342,-8.981,-36.423
[SHELL] ccB:391,24429,1,17.353,-37.480,20.127,64.013,20.004,79.996,75.584,22.677,77.323
[SHELL] ccA:392,77715727,1458536,-1.467,-35.995,0.000,-35.000,0.50359,0.29146,23.42,-6.501,-25.813,-6.501,-25.813,-6.530,-3.389,1.00000,74.342,2.014,-38.462
[SHELL] ccB:392,2147514207,1,20.325,-38.495,18.170,52.403,19.022,80.978,64.013,20.004,79.996
[SHELL] ccA:393,77825827,1458537,2.048,-38.012,0.000,-35.000,0.27584,0.06378,23.41,-6.572,-25.771,-6.572,-25.771,-6.531,-3.388,1.00000,74.342,13.145,-38.700
[SHELL] ccB:393,24491,1,23.188,-40.742,17.554,40.081,19.552,80.448,52.403,19.022,80.978
[SHELL] ccA:394,77935823,1458538,4.616,-38.032,0.000,-35.000,0.06073,6.13178,23.64,-6.626,-25.769,-6.626,-25.769,-6.533,-3.386,1.00000,74.342,-9.838,-36.266
[SHELL] ccB:394,2147514159,1,-7.619,-28.057,35.676,28.942,21.488,78.512,40.081,19.552,80.448
[SHELL] ccA:395,78045647,1458539,0.942,-36.147,0.000,-35.000,6.11250,5.90037,23.37,-6.553,-25.806,-6.553,-25.806,-6.534,-3.386,1.00000,74.342,10.301,-33.355
[SHELL] ccB:395,24401,1,4.486,-32.225,27.739,21.625,28.304,78.375,28.942,21.488,78.512
[SHELL] ccA:396,78155679,1458540,1.271,-35.303,0.000,-35.000,5.88864,5.67654,23.36,-6.560,-25.823,-6.560,-25.823,-6.534,-3.386,1.00000,74.342,-5.682,-38.235
[SHELL] ccB:396,2147514231,1,-19.942,-18.706,38.648,19.532,39.753,80.468,21.625,28.304,78.375
[SHELL] ccA:397,78265667,1458541,-0.188,-37.231,0.000,-35.000,5.67072,5.45859,23.37,-6.530,-25.783,-6.530,-25.783,-6.534,-3.385,1.00000,74.342,0.309,-39.101
[SHELL] ccB:397,24411,1,-22.226,-16.749,38.974,19.026,51.366,80.974,19.532,39.753,80.468
[SHELL] ccA:398,78375679,1458542,3.346,-38.602,0.000,-35.000,5.44149,5.22940,23.34,-6.603,-25.754,-6.603,-25.754,-6.536,-3.383,1.00000,74.342,18.449,-37.972
[SHELL] ccB:398,2147514231,1,-16.028,-25.810,41.837,20.050,63.665,79.950,19.026,51.366,80.974
[SHELL] ccA:399,78485679,1458543,8.292,-37.674,0.000,-35.000,5.22124,5.00911,23.37,-6.706,-25.771,-6.706,-25.771,-6.540,-3.381,1.00000,74.342,-4.038,-35.648
[SHELL] ccB:399,24417,1,-33.099,4.563,28.536,22.505,74.881,77.495,20.050,63.665,79.950
[SHELL] ccA:400,78595691,1458544,6.571,-35.555,0.000,-35.000,4.98976,4.77763,23.37,-6.675,-25.814,-6.675,-25.814,-6.543,-3.381,1.00000,74.342,15.910,-32.952
[SHELL] ccB:400,2147514225,1,-27.336,-7.398,34.734,20.675,79.325,67.728,22.505,74.881,77.495
[SHELL] ccA:401,78705687,1458545,7.362,-34.223,0.000,-35.000,4.76568,4.55354,23.37,-6.694,-25.843,-6.694,-25.843,-6.547,-3.381,1.00000,74.342,1.665,-35.340
[SHELL] ccB:401,24421,1,-35.201,14.530,20.671,19.094,80.906,55.982,20.675,79.325,67.728
[SHELL] ccA:402,78815663,1458546,4.598,-34.672,0.000,-35.000,4.54719,4.33504,23.37,-6.641,-25.834,-6.641,-25.834,-6.549,-3.382,1.00000,74.342,-0.850,-35.057
[SHELL] ccB:402,2147514239,1,-34.440,22.938,11.501,19.099,80.901,44.339,19.094,80.906,55.982
[SHELL] ccA:403,78925643,1458547,4.679,-35.191,0.000,-35.000,4.31778,4.10561,23.36,-6.645,-25.823,-6.645,-25.823,-6.552,-3.382,1.00000,74.342,18.749,-35.309
[SHELL] ccB:403,24399,1,-39.804,16.668,23.136,20.665,79.335,32.309,19.099,80.901,44.339
[SHELL] ccA:404,79035655,1458548,7.296,-34.950,0.000,-35.000,4.09885,3.88669,23.37,-6.701,-25.828,-6.701,-25.828,-6.555,-3.382,1.00000,74.342,-7.464,-34.124
[SHELL] ccB:404,2147514243,1,-23.603,34.102,-10.499,24.603,77.408,22.592,20.665,79.335,32.309
[SHELL] ccA:405,79145647,1458549,3.636,-34.062,0.000,-35.000,3.87219,3.66004,23.34,-6.630,-25.846,-6.630,-25.846,-6.557,-3.382,1.00000,74.342,10.723,-32.690
[SHELL] ccB:405,24401,1,-29.801,29.789,0.012,35.777,79.980,20.020,24.603,77.408,22.592
[SHELL] ccA:406,79255663,1458550,4.568,-34.906,0.000,-35.000,3.64669,3.43456,23.36,-6.651,-25.830,-6.651,-25.830,-6.559,-3.382,1.00000,74.342,4.291,-40.118
[SHELL] ccB:406,2147514239,1,-23.168,40.190,-17.022,47.796,81.045,18.955,35.777,79.980,20.020
[SHELL] ccA:407,79365663,1458551,5.151,-36.834,0.000,-35.000,3.42090,3.20872,23.35,-6.665,-25.790,-6.665,-25.790,-6.562,-3.381,1.00000,74.342,1.300,-34.410
[SHELL] ccB:407,24409,1,-10.736,33.703,-22.966,59.927,80.497,19.503,47.796,81.045,18.955
[SHELL] ccA:408,79475659,1458552,7.608,-36.083,0.000,-35.000,3.19452,2.98236,23.34,-6.718,-25.805,-6.718,-25.805,-6.566,-3.381,1.00000,74.342,23.539,-35.394
[SHELL] ccB:408,2147514241,1,-25.379,42.220,-16.841,71.639,78.439,21.561,59.927,80.497,19.503
[SHELL] ccA:409,79585651,1458553,10.942,-34.358,0.000,-35.000,2.96464,2.75250,23.35,-6.790,-25.839,-6.790,-25.839,-6.571,-3.381,1.00000,74.342,-4.611,-32.233
[SHELL] ccB:409,24403,1,10.213,21.670,-31.882,78.652,71.048,21.348,71.639,78.439,21.561
[SHELL] ccA:410,79695947,1458554,5.450,-32.863,0.000,-35.000,2.74104,2.52889,23.34,-6.683,-25.870,-6.683,-25.870,-6.574,-3.382,1.00000,74.342,7.482,-31.590
[SHELL] ccB:410,2147514097,1,5.428,25.004,-30.433,80.614,59.742,19.386,78.652,71.048,21.348
[SHELL] ccA:411,79806447,1458555,4.501,-32.693,0.000,-35.000,2.50979,2.29759,24.25,-6.666,-25.893,-6.666,-25.893,-6.576,-3.383,1.00000,74.342,7.653,-35.358
[SHELL] ccB:411,24801,1,14.707,21.271,-35.978,81.110,47.369,18.890,80.614,59.742,19.386
[SHELL] ccA:412,79917791,1458556,4.812,-33.846,0.000,-35.000,2.29033,2.07800,23.95,-6.675,-25.871,-6.675,-25.871,-6.579,-3.384,1.00000,74.342,-3.539,-33.078
[SHELL] ccB:412,2147513175,1,27.211,2.968,-30.179,80.006,35.678,19.994,81.110,47.369,18.890
[SHELL] ccA:413,80026311,1458557,4.425,-33.148,0.000,-35.000,2.06127,1.84895,23.95,-6.669,-25.886,-6.669,-25.886,-6.581,-3.385,1.00000,74.782,17.127,-31.077
[SHELL] ccB:413,24733,1,19.346,16.088,-35.434,77.202,24.406,22.798,80.006,35.678,19.994
[SHELL] ccA:414,80136311,1458558,5.535,-31.825,0.000,-35.000,1.84444,1.63211,24.00,-6.694,-25.914,-6.694,-25.914,-6.584,-3.386,1.00000,74.782,-8.576,-32.067
[SHELL] ccB:414,2147513915,1,33.191,-16.241,-16.950,79.302,20.698,32.497,77.202,24.406,22.798
[SHELL] ccA:415,80246335,1458559,0.108,-32.285,0.000,-35.000,1.61205,1.39973,24.01,-6.586,-25.906,-6.586,-25.906,-6.584,-3.388,1.00000,74.342,0.454,-33.927
[SHELL] ccB:415,24745,1,33.880,-15.335,-18.545,80.972,19.028,44.423,79.302,20.698,32.497
[SHELL] ccA:416,80356331,1458560,-0.318,-33.842,0.000,-35.000,1.39553,1.18321,24.01,-6.577,-25.876,-6.577,-25.876,-6.584,-3.388,1.00000,74.342,6.395,-35.446
[SHELL] ccB:416,2147513905,1,36.018,-17.908,-18.110,80.903,19.097,56.069,80.972,19.028,44.423
[SHELL] ccA:417,80466363,1458561,0.553,-34.233,0.000,-35.000,1.16475,0.95246,24.01,-6.595,-25.868,-6.595,-25.868,-6.584,-3.389,1.00000,74.342,-11.031,-32.113
[SHELL] ccB:417,24759,1,25.145,-32.333,7.188,79.272,20.728,68.184,80.903,19.097,56.069
[SHELL] ccA:418,80576175,1458562,-0.809,-33.046,0.000,-35.000,0.94824,0.73589,24.06,-6.567,-25.893,-6.567,-25.893,-6.583,-3.390,1.00000,74.342,12.431,-32.514
[SHELL] ccB:418,2147513983,1,33.662,-24.505,-9.158,75.247,22.507,77.493,79.272,20.728,68.184
[SHELL] ccA:419,80685887,1458563,1.600,-33.231,0.000,-35.000,0.70850,0.49618,23.59,-6.616,-25.890,-6.616,-25.890,-6.584,-3.390,1.00000,74.342,-7.428,-35.782
[SHELL] ccB:419,24521,1,17.643,-36.538,18.895,63.129,19.808,80.192,75.247,22.507,77.493
[SHELL] ccA:420,80795879,1458564,0.043,-35.334,0.000,-35.000,0.48056,0.26831,23.55,-6.585,-25.848,-6.585,-25.848,-6.584,-3.390,1.00000,74.342,2.598,-37.258
[SHELL] ccB:420,2147514131,1,19.527,-37.335,17.808,51.014,18.933,81.067,63.129,19.808,80.192
[SHELL] ccA:421,80906019,1458565,3.172,-37.022,0.000,-35.000,0.26651,0.05421,23.67,-6.649,-25.808,-6.649,-25.808,-6.586,-3.389,1.00000,74.342,14.922,-37.791
[SHELL] ccB:421,24587,1,24.348,-40.343,15.996,39.425,19.560,80.440,51.014,18.933,81.067
[SHELL] ccA:422,81016075,1458566,5.834,-37.023,0.000,-35.000,0.03682,6.10773,23.77,-6.705,-25.807,-6.705,-25.807,-6.589,-3.388,1.00000,74.342,-9.104,-35.250
[SHELL] ccB:422,2147514033,1,-7.801,-26.897,34.697,27.589,21.762,78.238,39.425,19.560,80.440
[SHELL] ccA:423,81126103,1458567,1.812,-35.541,0.000,-35.000,6.09403,5.88176,23.79,-6.626,-25.836,-6.626,-25.836,-6.590,-3.388,1.00000,74.342,10.535,-33.871
[SHELL] ccB:423,24629,1,3.979,-32.515,28.536,21.318,29.304,78.682,27.589,21.762,78.238
[SHELL] ccA:424,81236107,1458568,1.628,-35.355,0.000,-35.000,5.86709,5.65482,23.77,-6.623,-25.840,-6.623,-25.840,-6.590,-3.388,1.00000,74.342,-5.455,-38.430
[SHELL] ccB:424,2147514017,1,-20.522,-18.271,38.793,19.363,41.004,80.637,21.318,29.304,78.682
[SHELL] ccA:425,81346095,1458569,-0.292,-37.698,0.000,-35.000,5.63675,5.42448,23.78,-6.584,-25.792,-6.584,-25.792,-6.590,-3.386,1.00000,74.342,-0.791,-40.062
[SHELL] ccB:425,24625,1,-24.763,-14.900,39.663,19.050,53.299,80.950,19.363,41.004,80.637
[SHELL] ccA:426,81456071,1458570,2.513,-39.505,0.000,-35.000,5.42539,5.21312,23.78,-6.642,-25.753,-6.642,-25.753,-6.592,-3.384,1.00000,74.782,17.090,-39.466
[SHELL] ccB:426,2147514035,1,-18.674,-24.215,42.889,20.360,64.500,79.640,19.050,53.299,80.950
[SHELL] ccA:427,81566091,1458571,6.267,-38.943,0.000,-35.000,5.18815,4.97587,23.78,-6.720,-25.763,-6.720,-25.763,-6.595,-3.382,1.00000,74.782,-8.323,-36.778
[SHELL] ccB:427,24623,1,-36.506,10.072,26.434,23.170,76.316,76.830,20.360,64.500,79.640
[SHELL] ccA:428,81676095,1458572,2.723,-36.454,0.000,-35.000,4.96456,4.75229,23.79,-6.651,-25.812,-6.651,-25.812,-6.596,-3.382,1.00000,74.342,10.447,-32.792
[SHELL] ccB:428,2147514023,1,-29.148,-1.272,30.421,20.442,79.558,66.474,23.170,76.316,76.830
[SHELL] ccA:429,81786091,1458573,2.746,-34.564,0.000,-35.000,4.73989,4.52761,23.78,-6.652,-25.850,-6.652,-25.850,-6.597,-3.382,1.00000,74.342,-1.585,-35.896
[SHELL] ccB:429,24623,1,-35.926,18.480,17.445,19.023,80.977,54.676,20.442,79.558,66.474
[SHELL] ccA:430,81896103,1458574,0.169,-34.880,0.000,-35.000,4.51699,4.30471,23.79,-6.601,-25.843,-6.601,-25.843,-6.598,-3.382,1.00000,74.342,-6.600,-34.936
[SHELL] ccB:430,2147514019,1,-32.990,27.976,5.014,19.207,80.793,42.802,19.023,80.977,54.676
[SHELL] ccA:431,82006095,1458575,-0.274,-35.229,0.000,-35.000,4.28738,4.07485,23.78,-6.592,-25.863,-6.592,-25.863,-6.597,-3.382,1.00000,74.342,13.690,-35.148
[SHELL] ccB:431,24625,1,-37.666,20.583,17.083,20.940,79.060,30.852,19.207,80.793,42.802
[SHELL] ccA:432,82116111,1458576,2.474,-35.041,0.000,-35.000,4.07297,3.86040,23.78,-6.648,-25.867,-6.648,-25.867,-6.599,-3.382,1.00000,74.342,-10.884,-34.933
[SHELL] ccB:432,2147514015,1,-21.537,36.385,-14.848,25.727,77.778,22.222,20.940,79.060,30.852
[SHELL] ccA:433,82226131,1458577,-0.741,-34.658,0.000,-35.000,3.83320,3.62070,23.83,-6.583,-25.875,-6.583,-25.875,-6.598,-3.382,1.00000,74.342,5.113,-33.618
[SHELL] ccB:433,24643,1,-25.379,32.289,-6.910,37.721,80.284,19.716,25.727,77.778,22.222
[SHELL] ccA:434,82336167,1458578,0.700,-35.848,0.000,-35.000,3.61166,3.39911,23.88,-6.613,-25.851,-6.613,-25.851,-6.599,-3.381,1.00000,74.342,3.457,-41.224
[SHELL] ccB:434,2147513987,1,-21.754,41.350,-19.596,49.619,81.083,18.917,37.721,80.284,19.716
[SHELL] ccA:435,82446123,1458579,1.914,-37.580,0.000,-35.000,3.38242,3.16989,23.82,-6.638,-25.815,-6.638,-25.815,-6.600,-3.380,1.00000,74.342,-4.373,-34.254
[SHELL] ccB:435,24639,1,-3.923,31.673,-27.751,61.914,80.279,19.721,49.619,81.083,18.917
[SHELL] ccA:436,82556107,1458580,2.946,-35.810,0.000,-35.000,3.15585,2.94329,23.81,-6.660,-25.850,-6.660,-25.850,-6.601,-3.380,1.00000,74.342,17.074,-33.509
[SHELL] ccB:436,2147514017,1,-17.550,37.581,-20.031,73.450,77.994,22.006,61.914,80.279,19.721
[SHELL] ccA:437,82666139,1458581,4.482,-34.060,0.000,-35.000,2.93394,2.72141,23.82,-6.693,-25.885,-6.693,-25.885,-6.603,-3.380,1.00000,74.342,-11.847,-34.970
[SHELL] ccB:437,24647,1,18.802,18.118,-36.920,78.993,69.709,21.007,73.450,77.994,22.006
[SHELL] ccA:438,82776147,1458582,-2.278,-34.609,0.000,-35.000,2.70350,2.49096,23.82,-6.557,-25.874,-6.557,-25.874,-6.602,-3.380,1.00000,74.342,-2.492,-34.987
[SHELL] ccB:438,2147513997,1,17.099,17.973,-35.072,80.753,57.963,19.247,78.993,69.709,21.007
[SHELL] ccA:439,82886107,1458583,-3.658,-35.893,0.000,-35.000,2.48813,2.27560,23.82,-6.527,-25.848,-6.527,-25.848,-6.600,-3.380,1.00000,74.342,2.198,-38.628
[SHELL] ccB:439,24631,1,21.738,16.849,-38.588,80.989,46.445,19.011,80.753,57.963,19.247
[SHELL] ccA:440,82996195,1458584,-2.267,-36.983,0.000,-35.000,2.25131,2.03875,23.88,-6.554,-25.826,-6.554,-25.826,-6.599,-3.379,1.00000,74.342,-10.971,-35.687
[SHELL] ccB:440,2147513973,1,34.641,-5.259,-29.382,79.614,33.898,20.386,80.989,46.445,19.011
[SHELL] ccA:441,83106219,1458585,-1.946,-35.694,0.000,-35.000,2.02651,1.81379,23.87,-6.559,-25.871,-6.559,-25.871,-6.598,-3.379,1.00000,74.342,11.960,-32.775
[SHELL] ccB:441,24687,1,24.166,9.709,-33.876,77.008,22.992,23.322,79.614,33.898,20.386
[SHELL] ccA:442,83216247,1458586,0.647,-34.435,0.000,-35.000,1.80078,1.58813,23.87,-6.611,-25.897,-6.611,-25.897,-6.599,-3.379,1.00000,74.342,-10.361,-36.502
[SHELL] ccB:442,2147513947,1,37.903,-20.482,-17.421,79.827,20.173,34.529,77.008,22.992,23.322
[SHELL] ccA:443,83326243,1458587,-3.074,-35.077,0.000,-35.000,1.58317,1.37044,23.93,-6.536,-25.884,-6.536,-25.884,-6.597,-3.379,1.00000,74.342,-3.534,-34.527
[SHELL] ccB:443,24699,1,34.568,-19.974,-14.594,81.009,18.991,45.914,79.827,20.173,34.529
[SHELL] ccA:444,83436207,1458588,-3.220,-35.885,0.000,-35.000,1.34729,1.13456,23.93,-6.531,-25.867,-6.531,-25.867,-6.595,-3.378,1.00000,74.342,4.547,-37.985
[SHELL] ccB:444,2147513967,1,38.048,-22.475,-15.573,80.682,19.318,58.573,81.009,18.991,45.914
[SHELL] ccA:445,83546299,1458589,-2.055,-36.116,0.000,-35.000,1.12389,0.91117,23.93,-6.553,-25.862,-6.553,-25.862,-6.594,-3.378,1.00000,74.342,-13.782,-33.966
[SHELL] ccB:445,24727,1,24.674,-35.813,11.139,78.814,21.186,70.177,80.682,19.318,58.573
[SHELL] ccA:446,83656087,1458590,-4.400,-34.665,0.000,-35.000,0.90042,0.68766,23.97,-6.504,-25.891,-6.504,-25.891,-6.592,-3.378,1.00000,74.342,5.415,-32.745
[SHELL] ccB:446,2147514027,1,29.023,-28.455,-0.568,73.018,21.884,78.116,78.814,21.186,70.177
[SHELL] ccA:447,83765887,1458591,-3.927,-34.152,0.000,-35.000,0.67897,0.46628,23.53,-6.512,-25.902,-6.512,-25.902,-6.590,-3.378,1.00000,73.902,-12.757,-37.149
[SHELL] ccB:447,24521,1,13.402,-38.676,25.274,61.830,19.456,80.544,73.018,21.884,78.116
[SHELL] ccA:448,83875919,1458592,-6.088,-36.590,0.000,-35.000,0.45446,0.24174,23.61,-6.465,-25.852,-6.465,-25.852,-6.587,-3.378,1.00000,73.902,-4.253,-39.318
[SHELL] ccB:448,2147514111,1,13.438,-38.930,25.492,49.820,18.772,81.228,61.830,19.456,80.544
[SHELL] ccA:449,83986087,1458593,-2.919,-38.857,0.000,-35.000,0.22287,0.01014,23.66,-6.527,-25.805,-6.527,-25.805,-6.586,-3.376,1.00000,74.342,9.588,-39.645
[SHELL] ccB:449,24621,1,18.114,-40.706,22.592,37.359,19.864,80.136,49.820,18.772,81.228
[SHELL] ccA:450,84096079,1458594,0.440,-39.319,0.000,-35.000,6.27937,6.06664,23.79,-6.595,-25.794,-6.595,-25.794,-6.586,-3.374,1.00000,74.342,-13.162,-38.667
[SHELL] ccB:450,2147514031,1,-13.310,-26.788,40.098,25.823,22.305,77.695,37.359,19.864,80.136
[SHELL] ccA:451,84206123,1458595,-2.964,-38.095,0.000,-35.000,6.05967,5.84694,23.81,-6.525,-25.817,-6.525,-25.817,-6.584,-3.372,1.00000,74.342,4.880,-35.402
[SHELL] ccB:451,24639,1,-3.089,-29.289,32.378,21.006,30.903,78.994,25.823,22.305,77.695
[SHELL] ccA:452,84316127,1458596,-3.085,-37.264,0.000,-35.000,5.83300,5.62025,23.79,-6.521,-25.834,-6.521,-25.834,-6.583,-3.371,1.00000,74.342,-8.936,-39.585
[SHELL] ccB:452,2147514007,1,-25.270,-14.864,40.134,19.253,42.658,80.747,21.006,30.903,78.994
[SHELL] ccA:453,84426095,1458597,-4.939,-38.743,0.000,-35.000,5.60690,5.39416,23.79,-6.482,-25.802,-6.482,-25.802,-6.580,-3.369,1.00000,74.342,-6.764,-40.400
[SHELL] ccB:453,24625,1,-30.562,-8.340,38.902,19.128,54.715,80.872,19.253,42.658,80.747
[SHELL] ccA:454,84536095,1458598,-2.504,-39.794,0.000,-35.000,5.38062,5.16786,23.75,-6.529,-25.779,-6.529,-25.779,-6.579,-3.367,1.00000,74.342,12.448,-38.788
[SHELL] ccB:454,2147514023,1,-22.733,-17.908,40.641,20.557,66.684,79.443,19.128,54.715,80.872
[SHELL] ccA:455,84646099,1458599,1.765,-38.516,0.000,-35.000,5.15719,4.94442,23.79,-6.615,-25.803,-6.615,-25.803,-6.580,-3.365,1.00000,74.342,-11.071,-36.087
[SHELL] ccB:455,24627,1,-37.339,13.877,23.462,22.838,77.162,75.986,20.557,66.684,79.443
[SHELL] ccA:456,84756103,1458600,-2.033,-35.534,0.000,-35.000,4.93971,4.72695,23.80,-6.538,-25.862,-6.538,-25.862,-6.579,-3.365,1.00000,74.342,1.562,-31.172
[SHELL] ccB:456,2147514019,1,-30.018,7.607,22.411,20.227,79.773,65.418,22.838,77.162,75.986
[SHELL] ccA:457,84866099,1458601,-3.473,-33.595,0.000,-35.000,4.70859,4.49585,23.79,-6.508,-25.901,-6.508,-25.901,-6.577,-3.365,1.00000,74.342,-5.944,-35.949
[SHELL] ccB:457,24627,1,-35.926,23.228,12.697,18.947,81.053,53.280,20.227,79.773,65.418
[SHELL] ccA:458,84976087,1458602,-4.931,-34.326,0.000,-35.000,4.48152,4.26878,23.80,-6.476,-25.887,-6.476,-25.887,-6.575,-3.366,1.00000,74.342,-9.397,-34.237
[SHELL] ccB:458,2147514027,1,-31.178,30.296,0.882,19.337,80.663,41.148,18.947,81.053,53.280
[SHELL] ccA:459,85086119,1458603,-3.042,-34.798,0.000,-35.000,4.24939,4.03665,23.79,-6.512,-25.878,-6.512,-25.878,-6.573,-3.366,1.00000,74.342,12.572,-34.769
[SHELL] ccB:459,24637,1,-36.723,22.069,14.655,21.352,78.648,29.098,19.337,80.663,41.148
[SHELL] ccA:460,85196115,1458604,0.667,-34.685,0.000,-35.000,4.03573,3.82299,23.79,-6.587,-25.880,-6.587,-25.880,-6.574,-3.366,1.00000,74.342,-13.077,-34.965
[SHELL] ccB:460,2147514013,1,-19.072,37.327,-18.255,27.431,78.249,21.751,21.352,78.648,29.098
[SHELL] ccA:461,85306103,1458605,-3.508,-34.703,0.000,-35.000,3.80417,3.59143,23.84,-6.502,-25.880,-6.502,-25.880,-6.572,-3.366,1.00000,74.342,-0.450,-34.114
[SHELL] ccB:461,24629,1,-20.631,33.848,-13.217,39.108,80.442,19.558,27.431,78.249,21.751
[SHELL] ccA:462,85416187,1458606,-3.913,-36.115,0.000,-35.000,3.58261,3.36982,23.91,-6.492,-25.851,-6.492,-25.851,-6.570,-3.365,1.00000,74.342,-1.675,-41.267
[SHELL] ccB:462,2147513977,1,-16.100,40.988,-24.887,50.957,81.045,18.955,39.108,80.442,19.558
[SHELL] ccA:463,85526151,1458607,-3.836,-37.995,0.000,-35.000,3.35797,3.14525,23.83,-6.491,-25.811,-6.491,-25.811,-6.568,-3.364,1.00000,74.342,-11.544,-35.332
[SHELL] ccB:463,24653,1,3.689,30.187,-33.876,62.907,80.095,19.905,50.957,81.045,18.955
[SHELL] ccA:464,85636159,1458608,-3.510,-36.429,0.000,-35.000,3.13552,2.92283,23.82,-6.496,-25.841,-6.496,-25.841,-6.566,-3.363,1.00000,74.342,10.724,-33.784
[SHELL] ccB:464,2147513991,1,-10.519,34.573,-24.054,74.110,77.743,22.257,62.907,80.095,19.905
[SHELL] ccA:465,85746155,1458609,-0.996,-34.512,0.000,-35.000,2.90617,2.69344,23.83,-6.546,-25.880,-6.546,-25.880,-6.566,-3.363,1.00000,74.342,-13.887,-35.148
[SHELL] ccB:465,24655,1,21.702,15.943,-37.645,79.198,68.536,20.802,74.110,77.743,22.257
[SHELL] ccA:466,85856135,1458610,-4.767,-34.892,0.000,-35.000,2.68603,2.47331,23.82,-6.468,-25.872,-6.468,-25.872,-6.563,-3.364,1.00000,74.342,-2.017,-35.488
[SHELL] ccB:466,2147514003,1,17.425,18.118,-35.543,80.789,57.185,19.211,79.198,68.536,20.802
[SHELL] ccA:467,85966183,1458611,-3.534,-35.832,0.000,-35.000,2.45172,2.23900,23.82,-6.491,-25.853,-6.491,-25.853,-6.562,-3.363,1.00000,74.342,3.785,-37.206
[SHELL] ccB:467,24669,1,20.760,16.560,-37.319,80.892,44.557,19.108,80.789,57.185,19.211
[SHELL] ccA:468,86076207,1458612,-0.853,-35.560,0.000,-35.000,2.23582,2.02309,23.89,-6.544,-25.858,-6.544,-25.858,-6.561,-3.363,1.00000,74.342,-8.965,-32.340
[SHELL] ccB:468,2147513967,1,30.980,-4.317,-26.663,79.503,33.112,20.497,80.892,44.557,19.108
[SHELL] ccA:469,86186251,1458613,-0.564,-32.782,0.000,-35.000,2.01002,1.79736,23.85,-6.550,-25.915,-6.550,-25.915,-6.561,-3.364,1.00000,74.342,11.890,-29.244
[SHELL] ccB:469,24703,1,21.412,9.383,-30.795,77.287,22.713,24.020,79.503,33.112,20.497
[SHELL] ccA:470,86296255,1458614,1.295,-31.280,0.000,-35.000,1.78037,1.56764,23.94,-6.587,-25.947,-6.587,-25.947,-6.562,-3.366,1.00000,74.342,-9.635,-34.293
[SHELL] ccB:470,2147513943,1,35.547,-19.757,-15.790,80.040,19.960,35.498,77.287,22.713,24.020
[SHELL] ccA:471,86406243,1458615,-1.869,-33.010,0.000,-35.000,1.55866,1.34593,23.94,-6.523,-25.913,-6.523,-25.913,-6.561,-3.367,1.00000,74.342,-0.096,-34.210
[SHELL] ccB:471,24699,1,34.206,-17.546,-16.660,81.087,18.913,47.191,80.040,19.960,35.498
[SHELL] ccA:472,86516267,1458616,-0.422,-34.869,0.000,-35.000,1.33655,1.12381,23.94,-6.552,-25.876,-6.552,-25.876,-6.560,-3.367,1.00000,74.342,8.140,-36.764
[SHELL] ccB:472,2147513937,1,37.649,-19.358,-18.291,80.640,19.360,59.185,81.087,18.913,47.191
[SHELL] ccA:473,86626327,1458617,0.762,-35.258,0.000,-35.000,1.11286,0.90018,23.94,-6.576,-25.868,-6.576,-25.868,-6.561,-3.367,1.00000,74.342,-13.134,-33.295
[SHELL] ccB:473,24741,1,24.058,-34.979,10.922,78.687,21.313,70.771,80.640,19.360,59.185
[SHELL] ccA:474,86736103,1458618,-2.269,-33.897,0.000,-35.000,0.88040,0.66768,23.99,-6.514,-25.899,-6.514,-25.899,-6.560,-3.367,1.00000,74.342,9.053,-32.234
[SHELL] ccB:474,2147514019,1,30.618,-27.042,-3.576,72.034,21.610,78.390,78.687,21.313,70.771
[SHELL] ccA:475,86845863,1458619,-0.287,-33.432,0.000,-35.000,0.66089,0.44814,23.57,-6.554,-25.909,-6.554,-25.909,-6.559,-3.368,1.00000,74.342,-6.122,-35.966
[SHELL] ccB:475,24509,1,17.244,-36.465,19.221,60.733,19.490,80.510,72.034,21.610,78.390
[SHELL] ccA:476,86955935,1458620,-0.943,-35.360,0.000,-35.000,0.43602,0.22327,23.62,-6.540,-25.870,-6.540,-25.870,-6.559,-3.368,1.00000,74.342,-0.583,-37.275
[SHELL] ccB:476,2147514103,1,15.214,-37.081,21.867,48.689,18.924,81.076,60.733,19.490,80.510
[SHELL] ccA:477,87066031,1458621,1.996,-36.822,0.000,-35.000,0.21016,6.28059,23.67,-6.600,-25.840,-6.600,-25.840,-6.560,-3.367,1.00000,74.342,15.272,-36.774
[SHELL] ccB:477,24593,1,22.608,-39.691,17.083,36.548,19.918,80.082,48.689,18.924,81.076
[SHELL] ccA:478,87176119,1458622,5.250,-35.928,0.000,-35.000,6.26663,6.05388,23.79,-6.668,-25.858,-6.668,-25.858,-6.563,-3.367,1.00000,73.902,-8.961,-32.889
[SHELL] ccB:478,2147514011,1,-9.504,-23.599,33.103,24.891,22.268,77.732,36.548,19.918,80.082
[SHELL] ccA:479,87286083,1458623,1.494,-33.002,0.000,-35.000,6.03940,5.82664,23.80,-6.593,-25.917,-6.593,-25.917,-6.563,-3.368,1.00000,73.902,8.625,-29.454
[SHELL] ccB:479,24619,1,1.260,-27.187,25.926,20.472,31.819,79.528,24.891,22.268,77.732
[SHELL] ccA:480,87396111,1458624,1.103,-32.017,0.000,-35.000,5.81952,5.60673,23.79,-6.586,-25.938,-6.586,-25.938,-6.564,-3.369,1.00000,73.902,-3.877,-36.270
[SHELL] ccB:480,2147514015,1,-19.689,-16.749,36.437,18.873,43.385,81.127,20.472,31.819,79.528
[SHELL] ccA:481,87506103,1458625,-0.430,-34.652,0.000,-35.000,5.59311,5.38034,23.79,-6.555,-25.886,-6.555,-25.886,-6.564,-3.369,1.00000,73.902,-2.593,-36.612
[SHELL] ccB:481,24629,1,-25.306,-10.370,35.676,18.876,55.609,81.124,18.873,43.385,81.127
[SHELL] ccA:482,87616115,1458626,2.598,-36.475,0.000,-35.000,5.36783,5.15507,23.79,-6.617,-25.849,-6.617,-25.849,-6.565,-3.368,1.00000,74.342,19.453,-36.407
[SHELL] ccB:482,2147514013,1,-17.007,-24.070,41.076,20.610,67.523,79.390,18.876,55.609,81.124
[SHELL] ccA:483,87726111,1458627,7.521,-36.090,0.000,-35.000,5.14057,4.92781,23.79,-6.719,-25.856,-6.719,-25.856,-6.569,-3.368,1.00000,74.342,-6.228,-34.935
[SHELL] ccB:483,24633,1,-34.367,9.528,24.839,22.465,77.535,75.119,20.610,67.523,79.390
[SHELL] ccA:484,87836107,1458628,4.331,-34.204,0.000,-35.000,4.91230,4.69954,23.80,-6.658,-25.894,-6.658,-25.894,-6.571,-3.368,1.00000,74.342,10.326,-30.538
[SHELL] ccB:484,2147514017,1,-27.880,-0.076,27.956,19.894,80.106,63.821,22.465,77.535,75.119
[SHELL] ccA:485,87946091,1458629,4.026,-32.959,0.000,-35.000,4.68968,4.47699,23.79,-6.653,-25.916,-6.653,-25.916,-6.573,-3.369,1.00000,74.342,1.681,-35.824
[SHELL] ccB:485,24623,1,-35.853,17.176,18.678,18.852,81.148,51.991,19.894,80.106,63.821
[SHELL] ccA:486,88056127,1458630,1.559,-33.819,0.000,-35.000,4.46836,4.25564,23.81,-6.605,-25.900,-6.605,-25.900,-6.574,-3.370,1.00000,74.342,-7.451,-33.089
[SHELL] ccB:486,2147514007,1,-30.308,28.339,1.969,19.382,80.618,40.194,18.852,81.148,51.991
[SHELL] ccA:487,88166131,1458631,0.728,-34.197,0.000,-35.000,4.23968,4.02695,23.79,-6.589,-25.893,-6.589,-25.893,-6.574,-3.370,1.00000,74.342,16.132,-34.788
[SHELL] ccB:487,24643,1,-38.318,20.438,17.880,21.468,78.532,28.462,19.382,80.618,40.194
[SHELL] ccA:488,88276127,1458632,3.980,-34.284,0.000,-35.000,4.01221,3.79949,23.80,-6.656,-25.891,-6.656,-25.891,-6.576,-3.371,1.00000,74.342,-8.894,-34.472
[SHELL] ccB:488,2147514007,1,-20.631,35.443,-14.812,28.684,78.607,21.393,21.468,78.532,28.462
[SHELL] ccA:489,88386147,1458633,0.582,-34.434,0.000,-35.000,3.79585,3.58313,23.83,-6.588,-25.888,-6.588,-25.888,-6.576,-3.371,1.00000,74.342,3.985,-34.005
[SHELL] ccB:489,24651,1,-23.857,33.195,-9.339,39.696,80.545,19.455,28.684,78.607,21.393
[SHELL] ccA:490,88496103,1458634,1.020,-34.939,0.000,-35.000,3.56937,3.35665,23.82,-6.597,-25.878,-6.597,-25.878,-6.577,-3.371,1.00000,74.342,5.003,-37.273
[SHELL] ccB:490,2147514019,1,-20.015,37.581,-17.566,51.862,81.092,18.908,39.696,80.545,19.455
[SHELL] ccA:491,88606059,1458635,1.862,-35.478,0.000,-35.000,3.33864,3.12599,23.69,-6.615,-25.867,-6.615,-25.867,-6.578,-3.371,1.00000,74.342,-6.541,-33.360
[SHELL] ccB:491,24607,1,-0.117,29.499,-29.382,64.160,80.010,19.990,51.862,81.092,18.908
[SHELL] ccA:492,88716071,1458636,2.716,-34.166,0.000,-35.000,3.12453,2.91184,23.75,-6.634,-25.894,-6.634,-25.894,-6.579,-3.371,1.00000,74.342,18.944,-32.672
[SHELL] ccB:492,2147514035,1,-18.384,37.762,-19.378,74.931,77.612,22.388,64.160,80.010,19.990
[SHELL] ccA:493,88826043,1458637,5.880,-33.296,0.000,-35.000,2.88452,2.67180,23.75,-6.700,-25.912,-6.700,-25.912,-6.582,-3.372,1.00000,74.342,-7.828,-34.481
[SHELL] ccB:493,24599,1,16.338,18.988,-35.326,79.552,67.212,20.448,74.931,77.612,22.388
[SHELL] ccA:494,88936063,1458638,1.902,-33.996,0.000,-35.000,2.66729,2.45456,23.75,-6.621,-25.899,-6.621,-25.899,-6.583,-3.373,1.00000,74.342,4.321,-34.348
[SHELL] ccB:494,2147514039,1,11.844,22.250,-34.093,80.953,55.914,19.047,79.552,67.212,20.448
[SHELL] ccA:495,89046091,1458639,2.730,-35.065,0.000,-35.000,2.43648,2.22372,23.75,-6.639,-25.882,-6.639,-25.882,-6.584,-3.372,1.00000,74.342,10.106,-37.083
[SHELL] ccB:495,24623,1,16.338,21.960,-38.298,80.896,43.451,19.104,80.953,55.914,19.047
[SHELL] ccA:496,89156071,1458640,4.963,-35.531,0.000,-35.000,2.21347,2.00078,23.76,-6.686,-25.872,-6.686,-25.872,-6.587,-3.372,1.00000,74.342,-4.682,-33.611
[SHELL] ccB:496,2147514035,1,29.712,-0.656,-29.055,79.279,31.689,20.721,80.896,43.451,19.104
[SHELL] ccA:497,89266163,1458641,4.263,-33.703,0.000,-35.000,1.99115,1.77839,23.85,-6.674,-25.909,-6.674,-25.909,-6.589,-3.373,1.00000,74.342,16.311,-30.507
[SHELL] ccB:497,24659,1,21.194,13.080,-34.275,77.659,22.341,25.116,79.279,31.689,20.721
[SHELL] ccA:498,89376171,1458642,5.824,-31.903,0.000,-35.000,1.76442,1.55168,23.86,-6.708,-25.947,-6.708,-25.947,-6.592,-3.374,1.00000,74.342,-4.643,-32.987
[SHELL] ccB:498,2147513985,1,33.264,-15.081,-18.182,80.238,19.762,36.544,77.659,22.341,25.116
[SHELL] ccA:499,89486179,1458643,2.612,-32.820,0.000,-35.000,1.53770,1.32490,23.87,-6.646,-25.930,-6.646,-25.930,-6.593,-3.376,1.00000,74.342,3.425,-34.800
[SHELL] ccB:499,24667,1,34.895,-15.480,-19.415,81.171,18.829,48.552,80.238,19.762,36.544
[SHELL] ccA:500,89596183,1458644,4.678,-35.007,0.000,-35.000,1.30265,1.08988,23.87,-6.689,-25.886,-6.689,-25.886,-6.596,-3.376,1.00000,74.342,16.506,-37.441
[SHELL] ccB:500,2147513979,1,40.476,-15.045,-25.431,80.460,19.540,61.256,81.171,18.829,48.552
[SHELL] ccA:501,89706195,1458645,7.065,-35.700,0.000,-35.000,1.08352,0.87076,23.86,-6.740,-25.872,-6.740,-25.872,-6.599,-3.375,1.00000,74.342,-8.179,-33.119
[SHELL] ccB:501,24675,1,25.435,-32.406,6.971,78.292,21.708,72.552,80.460,19.540,61.256
[SHELL] ccA:502,89816011,1458646,3.206,-33.555,0.000,-35.000,0.85643,0.64366,23.91,-6.665,-25.915,-6.665,-25.915,-6.601,-3.376,1.00000,74.342,12.678,-30.540
[SHELL] ccB:502,2147514065,1,31.379,-24.722,-6.657,70.624,21.192,78.808,78.292,21.708,72.552
[SHELL] ccA:503,89925803,1458647,3.501,-32.478,0.000,-35.000,0.62873,0.41600,23.48,-6.673,-25.938,-6.673,-25.938,-6.603,-3.377,1.00000,74.342,-3.170,-35.714
[SHELL] ccB:503,24479,1,18.440,-35.849,17.409,58.834,19.220,80.780,70.624,21.192,78.808
[SHELL] ccA:504,90035851,1458648,1.595,-34.376,0.000,-35.000,0.39993,0.18717,23.54,-6.635,-25.900,-6.635,-25.900,-6.603,-3.377,1.00000,74.342,0.041,-35.536
[SHELL] ccB:504,2147514145,1,13.873,-35.269,21.396,46.570,18.917,81.083,58.834,19.220,80.780
[SHELL] ccA:505,90145959,1458649,3.445,-35.381,0.000,-35.000,0.17216,6.24259,23.59,-6.674,-25.880,-6.674,-25.880,-6.605,-3.377,1.00000,74.342,16.870,-34.738
[SHELL] ccB:505,24557,1,22.572,-38.422,15.851,34.426,20.192,79.808,46.570,18.917,81.083
[SHELL] ccA:506,90257111,1458650,5.796,-34.907,0.000,-35.000,6.22739,5.99533,25.66,-6.724,-25.916,-6.724,-25.916,-6.608,-3.377,1.00000,74.342,-10.598,-34.616
[SHELL] ccB:506,2147513515,1,-12.512,-23.164,35.676,22.711,23.841,77.289,34.426,20.192,79.808
[SHELL] ccA:507,90366055,1458651,0.178,-33.758,0.000,-35.000,5.99976,5.78678,23.73,-6.612,-25.939,-6.612,-25.939,-6.608,-3.378,1.00000,74.342,5.037,-31.061
[SHELL] ccB:507,24605,1,-3.850,-25.121,28.971,20.220,33.975,79.780,22.711,23.841,77.289
[SHELL] ccA:508,90476043,1458652,-1.944,-33.502,0.000,-35.000,5.77499,5.56196,23.74,-6.568,-25.945,-6.568,-25.945,-6.607,-3.379,1.00000,74.342,-7.253,-37.272
[SHELL] ccB:508,2147514049,1,-24.473,-12.907,37.380,18.917,45.791,81.083,20.220,33.975,79.780
[SHELL] ccA:509,90586035,1458653,-5.028,-36.140,0.000,-35.000,5.55217,5.33917,23.74,-6.504,-25.892,-6.504,-25.892,-6.605,-3.378,1.00000,74.342,-10.644,-38.957
[SHELL] ccB:509,24595,1,-33.932,-1.997,35.930,19.218,57.672,80.782,18.917,45.791,81.083
[SHELL] ccA:510,90696051,1458654,-4.058,-38.329,0.000,-35.000,5.32531,5.11231,23.73,-6.521,-25.847,-6.521,-25.847,-6.602,-3.376,1.00000,74.342,12.309,-38.132
[SHELL] ccB:510,2147514045,1,-24.110,-15.661,39.772,21.058,69.491,78.942,19.218,57.672,80.782
[SHELL] ccA:511,90806019,1458655,0.854,-38.080,0.000,-35.000,5.10456,4.89155,23.69,-6.620,-25.850,-6.620,-25.850,-6.603,-3.375,1.00000,74.342,-10.556,-37.100
[SHELL] ccB:511,24587,1,-38.318,15.327,22.991,22.037,77.963,73.518,21.058,69.491,78.942
