[SHELL] ccA:index,cycles,seq,id,iq,idref,iqref,theta,actangle,age_us,vdreq,vqreq,vd,vq,intd,intq,scale,bus,raw_id,raw_iq
[SHELL] ccB:index,timer,valid,ia,ib,ic,du,dv,dw,active_u,active_v,active_w
[SHELL] ccA:0,193397285,1075522,0.592,11.656,0.000,10.000,3.69317,3.74555,24.06,-1.411,6.966,-1.411,6.966,-1.399,1.448,1.00000,49.268,1.797,11.142
[SHELL] ccB:0,2147515503,1,4.309,-11.188,6.879,62.125,37.875,55.215,61.910,38.090,56.432
[SHELL] ccA:1,193507329,1075523,0.977,11.090,0.000,10.000,3.74476,3.79713,24.13,-1.419,6.977,-1.419,6.977,-1.400,1.448,1.00000,49.268,0.547,10.562
[SHELL] ccB:1,23167,1,5.541,-10.572,5.031,62.287,37.713,54.115,62.125,37.875,55.215
[SHELL] ccA:2,193617273,1075524,0.724,10.563,0.000,10.000,3.81096,3.86334,24.06,-1.414,6.987,-1.414,6.987,-1.400,1.448,1.00000,49.268,0.005,9.988
[SHELL] ccB:2,2147515509,1,6.193,-9.883,3.690,62.432,37.568,52.722,62.287,37.713,54.115
[SHELL] ccA:3,193727357,1075525,0.334,9.910,0.000,10.000,3.85381,3.90618,24.19,-1.407,7.000,-1.407,7.000,-1.400,1.448,1.00000,49.268,0.777,9.102
[SHELL] ccB:3,23181,1,5.360,-9.086,3.726,62.506,37.494,51.830,62.432,37.568,52.722
[SHELL] ccA:4,193837353,1075526,0.298,9.460,0.000,10.000,3.92424,3.97662,24.15,-1.406,7.010,-1.406,7.010,-1.400,1.448,1.00000,49.268,-0.368,9.647
[SHELL] ccB:4,2147515469,1,7.063,-9.231,2.168,62.566,37.434,50.309,62.506,37.494,51.830
[SHELL] ccA:5,193947341,1075527,0.145,9.601,0.000,10.000,3.98754,4.03992,24.18,-1.403,7.007,-1.403,7.007,-1.400,1.448,1.00000,49.268,0.540,10.010
[SHELL] ccB:5,23173,1,7.136,-9.666,2.530,62.546,37.454,48.939,62.566,37.434,50.309
[SHELL] ccA:6,194057257,1075528,-0.110,9.942,0.000,10.000,4.04016,4.09255,24.03,-1.398,7.000,-1.398,7.000,-1.400,1.448,1.00000,49.268,-1.153,10.101
[SHELL] ccB:6,2147515517,1,8.622,-8.977,0.355,62.484,37.516,47.811,62.546,37.454,48.939
[SHELL] ccA:7,194167305,1075529,-0.435,9.896,0.000,10.000,4.09174,4.14413,24.03,-1.391,7.001,-1.391,7.001,-1.400,1.448,1.00000,49.268,0.028,9.370
[SHELL] ccB:7,23155,1,7.607,-8.542,0.935,62.403,37.597,46.720,62.484,37.516,47.811
[SHELL] ccA:8,194277309,1075530,-0.521,9.645,0.000,10.000,4.15901,4.21138,24.13,-1.389,7.006,-1.389,7.006,-1.400,1.448,1.00000,49.268,-0.986,9.738
[SHELL] ccB:8,2147515491,1,8.803,-8.107,-0.696,62.257,37.743,45.289,62.403,37.597,46.720
[SHELL] ccA:9,194387289,1075531,-0.304,9.627,0.000,10.000,4.21625,4.26862,24.10,-1.394,7.007,-1.394,7.007,-1.400,1.449,1.00000,49.268,0.730,9.663
[SHELL] ccB:9,23147,1,8.151,-8.615,0.464,62.082,37.918,44.070,62.257,37.743,45.289
[SHELL] ccA:10,194497349,1075532,-0.431,9.825,0.000,10.000,4.26598,4.31835,24.15,-1.391,7.003,-1.391,7.003,-1.399,1.449,1.00000,49.268,-2.196,10.235
[SHELL] ccB:10,2147515471,1,10.180,-7.201,-2.979,61.891,38.109,43.047,62.082,37.918,44.070
[SHELL] ccA:11,194607305,1075533,-0.755,9.982,0.000,10.000,4.33648,4.38886,24.12,-1.384,7.000,-1.384,7.000,-1.399,1.449,1.00000,49.268,0.644,9.796
[SHELL] ccB:11,23155,1,8.875,-8.071,-0.804,61.575,38.425,41.635,61.891,38.109,43.047
[SHELL] ccA:12,194717301,1075534,0.015,10.069,0.000,10.000,4.38902,4.44140,24.14,-1.399,6.998,-1.399,6.998,-1.399,1.449,1.00000,49.268,0.967,10.449
[SHELL] ccB:12,2147515495,1,9.600,-8.470,-1.131,61.296,38.704,40.550,61.575,38.425,41.635
[SHELL] ccA:13,194827257,1075535,0.705,10.534,0.000,10.000,4.44697,4.49935,24.03,-1.413,6.989,-1.413,6.989,-1.399,1.448,1.00000,49.268,0.240,11.441
[SHELL] ccB:13,23131,1,10.978,-8.288,-2.689,60.937,39.063,39.400,61.296,38.704,40.550
[SHELL] ccA:14,194937257,1075536,0.653,11.456,0.000,10.000,4.50666,4.55903,24.05,-1.413,6.969,-1.413,6.969,-1.400,1.448,1.00000,49.268,1.165,12.494
[SHELL] ccB:14,2147515517,1,11.992,-9.195,-2.798,61.105,40.061,38.895,60.937,39.063,39.400
[SHELL] ccA:15,195047249,1075537,0.770,11.980,0.000,10.000,4.55428,4.60666,24.04,-1.415,6.958,-1.415,6.958,-1.400,1.447,1.00000,49.268,0.509,11.491
[SHELL] ccB:15,23127,1,11.267,-7.636,-3.631,61.352,41.015,38.648,61.105,40.061,38.895
[SHELL] ccA:16,195157261,1075538,0.695,11.858,0.000,10.000,4.61767,4.67004,24.03,-1.414,6.959,-1.414,6.959,-1.400,1.446,1.00000,49.268,0.598,11.958
[SHELL] ccB:16,2147515515,1,11.847,-7.419,-4.429,61.659,42.273,38.341,61.352,41.015,38.648
[SHELL] ccA:17,195267313,1075539,0.961,11.658,0.000,10.000,4.68381,4.73619,24.14,-1.420,6.963,-1.420,6.963,-1.401,1.445,1.00000,49.268,2.139,11.224
[SHELL] ccB:17,23159,1,11.159,-7.709,-3.450,61.938,43.636,38.062,61.659,42.273,38.341
[SHELL] ccA:18,195377265,1075540,1.708,11.252,0.000,10.000,4.74004,4.79242,24.03,-1.436,6.970,-1.436,6.970,-1.402,1.444,1.00000,49.268,1.957,10.601
[SHELL] ccB:18,2147515513,1,10.651,-6.766,-3.885,62.149,44.841,37.851,61.938,43.636,38.062
[SHELL] ccA:19,195487293,1075541,1.752,10.477,0.000,10.000,4.79837,4.85075,24.12,-1.438,6.985,-1.438,6.985,-1.403,1.444,1.00000,49.268,0.954,9.481
[SHELL] ccB:19,23149,1,9.528,-4.882,-4.646,62.328,46.064,37.672,62.149,44.841,37.851
[SHELL] ccA:20,195597257,1075542,0.905,9.881,0.000,10.000,4.85986,4.91223,24.03,-1.421,6.997,-1.421,6.997,-1.403,1.444,1.00000,49.268,-0.245,9.962
[SHELL] ccB:20,2147515517,1,9.818,-3.432,-6.386,62.455,47.325,37.545,62.328,46.064,37.672
[SHELL] ccA:21,195707341,1075543,0.339,9.284,0.000,10.000,4.91450,4.96687,24.16,-1.410,7.010,-1.410,7.010,-1.403,1.444,1.00000,49.268,0.890,7.731
[SHELL] ccB:21,23173,1,7.752,-3.287,-4.465,62.537,48.464,37.463,62.455,47.325,37.545
[SHELL] ccA:22,195817249,1075544,0.699,8.465,0.000,10.000,4.97498,5.02735,24.03,-1.418,7.027,-1.418,7.027,-1.404,1.445,1.00000,49.268,1.261,8.439
[SHELL] ccB:22,2147515521,1,8.477,-3.396,-5.081,62.600,49.791,37.400,62.537,48.464,37.463
[SHELL] ccA:23,195927341,1075545,0.920,8.427,0.000,10.000,5.02983,5.08220,24.16,-1.422,7.028,-1.422,7.028,-1.404,1.446,1.00000,49.268,0.270,9.101
[SHELL] ccB:23,23173,1,8.730,-2.127,-6.603,62.591,51.002,37.409,62.600,49.791,37.400
[SHELL] ccA:24,196037253,1075546,0.625,8.713,0.000,10.000,5.08726,5.13964,24.02,-1.417,7.023,-1.417,7.023,-1.404,1.447,1.00000,49.268,0.701,8.210
[SHELL] ccB:24,2147515519,1,7.897,-1.910,-5.987,62.528,52.237,37.472,62.591,51.002,37.409
[SHELL] ccA:25,196147325,1075547,0.206,8.767,0.000,10.000,5.14879,5.20117,24.15,-1.409,7.023,-1.409,7.023,-1.404,1.447,1.00000,49.268,-0.846,9.548
[SHELL] ccB:25,23165,1,8.295,0.011,-8.307,62.423,53.542,37.577,62.528,52.237,37.472
[SHELL] ccA:26,196257241,1075548,-0.199,9.121,0.000,10.000,5.20338,5.25576,24.03,-1.400,7.016,-1.400,7.016,-1.404,1.448,1.00000,49.268,0.197,9.178
[SHELL] ccB:26,2147515525,1,8.187,-0.496,-7.691,62.282,54.685,37.718,62.423,53.542,37.577
[SHELL] ccA:27,196367273,1075549,-0.277,9.400,0.000,10.000,5.26681,5.31920,24.06,-1.399,7.011,-1.399,7.011,-1.404,1.448,1.00000,49.268,-0.655,9.694
[SHELL] ccB:27,23139,1,7.897,0.954,-8.851,62.077,56.018,37.923,62.282,54.685,37.718
[SHELL] ccA:28,196477301,1075550,-0.245,9.406,0.000,10.000,5.31621,5.36859,24.13,-1.399,7.011,-1.399,7.011,-1.404,1.448,1.00000,49.268,0.135,9.060
[SHELL] ccB:28,2147515495,1,7.534,0.591,-8.126,61.890,57.045,38.110,62.077,56.018,37.923
[SHELL] ccA:29,196587253,1075551,-0.015,9.141,0.000,10.000,5.38203,5.43440,24.03,-1.404,7.017,-1.404,7.017,-1.404,1.449,1.00000,49.268,0.323,8.753
[SHELL] ccB:29,23129,1,7.063,0.954,-8.017,61.606,58.401,38.394,61.890,57.045,38.110
[SHELL] ccA:30,196697305,1075552,0.528,9.217,0.000,10.000,5.43880,5.49117,24.12,-1.415,7.016,-1.415,7.016,-1.404,1.449,1.00000,49.268,1.330,10.303
[SHELL] ccB:30,2147515493,1,8.585,0.772,-9.358,61.305,59.560,38.695,61.606,58.401,38.394
[SHELL] ccA:31,196807301,1075553,0.871,9.958,0.000,10.000,5.49367,5.54604,24.10,-1.422,7.001,-1.422,7.001,-1.405,1.449,1.00000,49.268,0.499,10.473
[SHELL] ccB:31,23153,1,7.788,2.186,-9.974,60.956,60.627,39.044,61.305,59.560,38.695
[SHELL] ccA:32,196917305,1075554,0.767,10.605,0.000,10.000,5.56185,5.61422,24.13,-1.421,6.988,-1.421,6.988,-1.405,1.449,1.00000,49.268,0.740,11.171
[SHELL] ccB:32,2147515493,1,7.933,2.875,-10.808,59.801,61.184,38.816,60.956,60.627,39.044
[SHELL] ccA:33,197027249,1075555,0.654,11.505,0.000,10.000,5.61741,5.66979,24.03,-1.419,6.969,-1.419,6.969,-1.406,1.448,1.00000,49.268,0.637,13.206
[SHELL] ccB:33,23127,1,8.658,4.324,-12.982,58.682,61.452,38.548,59.801,61.184,38.816
[SHELL] ccA:34,197137269,1075556,0.914,12.568,0.000,10.000,5.67639,5.72876,24.03,-1.424,6.946,-1.424,6.946,-1.406,1.447,1.00000,49.268,1.641,12.691
[SHELL] ccB:34,2147515511,1,8.585,3.926,-12.511,57.447,61.699,38.301,58.682,61.452,38.548
[SHELL] ccA:35,197247253,1075557,1.264,12.421,0.000,10.000,5.73259,5.78497,24.03,-1.432,6.948,-1.432,6.948,-1.407,1.446,1.00000,49.268,1.136,11.096
[SHELL] ccB:35,23129,1,6.773,4.288,-11.061,56.279,61.931,38.069,57.447,61.699,38.301
[SHELL] ccA:36,197357253,1075558,1.126,11.392,0.000,10.000,5.79434,5.84672,24.03,-1.430,6.968,-1.430,6.968,-1.407,1.445,1.00000,49.268,0.593,10.685
[SHELL] ccB:36,2147515519,1,5.541,5.158,-10.699,55.023,62.162,37.838,56.279,61.931,38.069
[SHELL] ccA:37,197467273,1075559,0.873,10.858,0.000,10.000,5.84776,5.90013,24.05,-1.425,6.978,-1.425,6.978,-1.408,1.444,1.00000,49.268,1.170,10.965
[SHELL] ccB:37,23139,1,5.686,5.339,-11.025,53.916,62.313,37.687,55.023,62.162,37.838
[SHELL] ccA:38,197577309,1075560,0.938,10.507,0.000,10.000,5.90920,5.96157,24.13,-1.427,6.985,-1.427,6.985,-1.408,1.444,1.00000,49.268,0.817,9.414
[SHELL] ccB:38,2147515491,1,4.200,5.230,-9.430,52.601,62.441,37.559,53.916,62.313,37.687
[SHELL] ccA:39,197687309,1075561,0.959,9.598,0.000,10.000,5.96238,6.01475,24.12,-1.428,7.003,-1.428,7.003,-1.409,1.444,1.00000,49.268,1.033,8.601
[SHELL] ccB:39,23157,1,3.693,4.941,-8.633,51.464,62.535,37.465,52.601,62.441,37.559
[SHELL] ccA:40,197797245,1075562,0.780,8.772,0.000,10.000,6.02535,6.07772,24.03,-1.425,7.020,-1.425,7.020,-1.409,1.445,1.00000,49.268,0.236,8.470
[SHELL] ccB:40,2147515523,1,2.388,5.847,-8.234,50.115,62.592,37.408,51.464,62.535,37.465
[SHELL] ccA:41,197907297,1075563,0.859,8.957,0.000,10.000,6.07826,6.13064,24.14,-1.427,7.017,-1.427,7.017,-1.409,1.446,1.00000,49.268,1.930,10.286
[SHELL] ccB:41,23151,1,3.982,6.390,-10.373,48.954,62.573,37.427,50.115,62.592,37.408
[SHELL] ccA:42,198017301,1075564,0.807,9.251,0.000,10.000,6.13880,6.19118,24.03,-1.426,7.012,-1.426,7.012,-1.410,1.446,1.00000,49.268,-0.869,7.962
[SHELL] ccB:42,2147515495,1,0.286,6.789,-7.075,47.638,62.503,37.497,48.954,62.573,37.427
[SHELL] ccA:43,198127305,1075565,0.118,8.872,0.000,10.000,6.19649,6.24887,24.14,-1.412,7.020,-1.412,7.020,-1.410,1.446,1.00000,49.268,0.281,9.277
[SHELL] ccB:43,23155,1,1.083,7.441,-8.524,46.436,62.417,37.583,47.638,62.503,37.497
[SHELL] ccA:44,198237329,1075566,-0.487,8.933,0.000,10.000,6.25526,0.02444,24.12,-1.400,7.019,-1.400,7.019,-1.410,1.447,1.00000,49.268,-1.640,9.217
[SHELL] ccB:44,2147515481,1,-1.382,8.710,-7.328,45.217,62.274,37.726,46.436,62.417,37.583
[SHELL] ccA:45,198347189,1075567,-0.644,9.167,0.000,10.000,0.03162,0.08400,24.00,-1.396,7.015,-1.396,7.015,-1.409,1.447,1.00000,49.268,0.424,8.958
[SHELL] ccB:45,23097,1,0.141,7.695,-7.836,43.972,62.081,37.919,45.217,62.274,37.726
[SHELL] ccA:46,198457193,1075568,-0.506,8.999,0.000,10.000,0.09106,0.14344,24.04,-1.399,7.019,-1.399,7.019,-1.409,1.448,1.00000,49.268,-1.233,8.864
[SHELL] ccB:46,2147515549,1,-2.034,8.565,-6.531,42.730,61.859,38.141,43.972,62.081,37.919
[SHELL] ccA:47,198567105,1075569,-0.344,9.046,0.000,10.000,0.15042,0.20280,23.90,-1.402,7.018,-1.402,7.018,-1.409,1.448,1.00000,49.268,0.665,9.497
[SHELL] ccB:47,23055,1,-0.765,8.601,-7.836,41.515,61.588,38.412,42.730,61.859,38.141
[SHELL] ccA:48,198677117,1075570,0.090,9.385,0.000,10.000,0.20439,0.25677,23.99,-1.411,7.012,-1.411,7.012,-1.409,1.449,1.00000,49.268,0.262,9.680
[SHELL] ccB:48,2147515587,1,-1.708,9.109,-7.401,40.424,61.292,38.708,41.515,61.588,38.412
[SHELL] ccA:49,198787041,1075571,0.196,9.842,0.000,10.000,0.26631,0.31869,23.84,-1.413,7.003,-1.413,7.003,-1.409,1.449,1.00000,49.268,-0.406,10.511
[SHELL] ccB:49,23023,1,-3.158,10.268,-7.111,39.235,60.911,39.089,40.424,61.292,38.708
[SHELL] ccA:50,198897097,1075572,-0.501,10.341,0.000,10.000,0.32541,0.37778,23.94,-1.399,6.993,-1.399,6.993,-1.409,1.449,1.00000,49.268,-1.457,10.661
[SHELL] ccB:50,2147515597,1,-4.789,10.740,-5.951,38.836,61.164,40.129,39.235,60.911,39.089
[SHELL] ccA:51,199007041,1075573,-0.702,10.899,0.000,10.000,0.38279,0.43517,23.85,-1.394,6.981,-1.394,6.981,-1.408,1.448,1.00000,49.268,0.511,11.761
[SHELL] ccB:51,23023,1,-3.919,11.573,-7.654,38.548,61.452,41.264,38.836,61.164,40.129
[SHELL] ccA:52,199117145,1075574,-0.043,11.575,0.000,10.000,0.43438,0.48676,23.96,-1.408,6.967,-1.408,6.967,-1.408,1.447,1.00000,49.268,0.262,12.116
[SHELL] ccB:52,2147515573,1,-4.861,12.044,-7.183,38.312,61.688,42.355,38.548,61.452,41.264
[SHELL] ccA:53,199226989,1075575,0.360,11.858,0.000,10.000,0.50224,0.55462,23.79,-1.416,6.960,-1.416,6.960,-1.409,1.446,1.00000,49.268,0.406,11.439
[SHELL] ccB:53,22997,1,-5.151,11.428,-6.277,38.043,61.957,43.777,38.312,61.688,42.355
[SHELL] ccA:54,199337033,1075576,0.419,11.566,0.000,10.000,0.56005,0.61243,23.89,-1.417,6.965,-1.417,6.965,-1.409,1.446,1.00000,49.268,0.601,11.269
[SHELL] ccB:54,2147515629,1,-5.477,11.283,-5.806,37.847,62.153,44.981,38.043,61.957,43.777
[SHELL] ccA:55,199447001,1075577,0.438,11.125,0.000,10.000,0.62279,0.67517,23.79,-1.418,6.973,-1.418,6.973,-1.409,1.445,1.00000,49.268,0.145,10.523
[SHELL] ccB:55,23003,1,-6.021,10.486,-4.465,37.675,62.325,46.303,37.847,62.153,44.981
[SHELL] ccA:56,199557033,1075578,0.385,10.752,0.000,10.000,0.67787,0.73024,23.85,-1.417,6.981,-1.417,6.981,-1.409,1.445,1.00000,49.268,0.648,10.694
[SHELL] ccB:56,2147515629,1,-6.202,10.667,-4.465,37.565,62.435,47.475,37.675,62.325,46.303
[SHELL] ccA:57,199667281,1075579,0.204,10.264,0.000,10.000,0.73061,0.78299,23.91,-1.413,6.990,-1.413,6.990,-1.409,1.445,1.00000,49.268,-0.623,9.142
[SHELL] ccB:57,23143,1,-6.564,8.819,-2.254,37.490,62.510,48.596,37.565,62.435,47.475
[SHELL] ccA:58,199777513,1075580,-0.199,9.660,0.000,10.000,0.79505,0.84742,24.32,-1.405,7.002,-1.405,7.002,-1.409,1.445,1.00000,49.268,-0.199,9.661
[SHELL] ccB:58,2147515389,1,-7.036,9.254,-2.218,37.446,62.554,49.962,37.490,62.510,48.596
[SHELL] ccA:59,199887521,1075581,-0.264,9.502,0.000,10.000,0.85939,0.91176,24.23,-1.404,7.006,-1.404,7.006,-1.409,1.445,1.00000,49.268,-0.036,9.545
[SHELL] ccB:59,23263,1,-7.253,9.000,-1.747,37.465,62.535,51.355,37.446,62.554,49.962
[SHELL] ccA:60,199997505,1075582,-0.435,9.611,0.000,10.000,0.91080,0.96317,24.31,-1.400,7.004,-1.400,7.004,-1.409,1.445,1.00000,49.268,-1.470,9.692
[SHELL] ccB:60,2147515393,1,-8.558,8.420,0.138,37.526,62.474,52.458,37.465,62.535,51.355
[SHELL] ccA:61,200107441,1075583,-1.292,9.823,0.000,10.000,0.96156,1.01393,24.21,-1.382,7.000,-1.382,7.000,-1.408,1.445,1.00000,49.268,-2.192,10.364
[SHELL] ccB:61,23223,1,-9.754,8.456,1.298,37.622,62.378,53.497,37.526,62.474,52.458
[SHELL] ccA:62,200217437,1075584,-1.480,10.161,0.000,10.000,1.02587,1.07825,24.25,-1.378,6.993,-1.378,6.993,-1.407,1.445,1.00000,49.268,-0.066,10.222
[SHELL] ccB:62,2147515427,1,-8.775,8.927,-0.152,37.789,62.211,54.854,37.622,62.378,53.497
[SHELL] ccA:63,200327457,1075585,-1.044,10.276,0.000,10.000,1.08491,1.13728,24.26,-1.386,6.990,-1.386,6.990,-1.407,1.445,1.00000,49.268,-1.853,10.298
[SHELL] ccB:63,23231,1,-9.971,7.731,2.240,37.981,62.019,56.117,37.789,62.211,54.854
[SHELL] ccA:64,200437449,1075586,-1.167,10.237,0.000,10.000,1.14836,1.20080,24.25,-1.383,6.998,-1.383,6.998,-1.406,1.445,1.00000,49.268,-0.895,10.133
[SHELL] ccB:64,2147515421,1,-9.609,7.695,1.914,38.216,61.784,57.421,37.981,62.019,56.117
[SHELL] ccA:65,200547449,1075587,-1.265,10.351,0.000,10.000,1.20242,1.25486,24.25,-1.380,6.995,-1.380,6.995,-1.406,1.445,1.00000,49.268,-1.415,10.842
[SHELL] ccB:65,23227,1,-10.624,7.550,3.074,38.468,61.532,58.503,38.216,61.784,57.421
[SHELL] ccA:66,200657397,1075588,-0.947,10.601,0.000,10.000,1.26496,1.31740,24.18,-1.386,6.990,-1.386,6.990,-1.405,1.444,1.00000,49.268,-0.063,10.589
[SHELL] ccB:66,2147515447,1,-10.116,7.768,2.349,38.809,61.191,59.748,38.468,61.532,58.503
[SHELL] ccA:67,200767393,1075589,-0.391,10.841,0.000,10.000,1.31601,1.36845,24.16,-1.397,6.985,-1.397,6.985,-1.405,1.444,1.00000,49.268,-0.025,11.346
[SHELL] ccB:67,23199,1,-10.986,7.949,3.037,39.126,60.874,60.751,38.809,61.191,59.748
[SHELL] ccA:68,200877445,1075590,-0.121,11.351,0.000,10.000,1.37629,1.42874,24.25,-1.403,6.974,-1.403,6.974,-1.405,1.443,1.00000,49.268,-0.372,12.121
[SHELL] ccB:68,2147515423,1,-11.965,7.695,4.270,38.836,59.754,61.164,39.126,60.874,60.751
[SHELL] ccA:69,200987389,1075591,-0.110,11.845,0.000,10.000,1.43553,1.48797,24.16,-1.403,6.963,-1.403,6.963,-1.405,1.442,1.00000,49.268,0.328,11.791
[SHELL] ccB:69,23197,1,-11.639,7.478,4.161,38.538,58.573,61.462,38.836,59.754,61.164
[SHELL] ccA:70,201097401,1075592,0.461,11.834,0.000,10.000,1.50049,1.55293,24.17,-1.414,6.962,-1.414,6.962,-1.405,1.442,1.00000,49.268,1.562,11.632
[SHELL] ccB:70,2147515445,1,-11.494,7.804,3.690,38.231,57.235,61.769,38.538,58.573,61.462
[SHELL] ccA:71,201207421,1075593,0.955,11.730,0.000,10.000,1.54991,1.60235,24.17,-1.425,6.964,-1.425,6.964,-1.406,1.441,1.00000,49.708,0.370,11.866
[SHELL] ccB:71,23213,1,-11.856,6.463,5.393,38.134,56.138,61.866,38.231,57.235,61.769
[SHELL] ccA:72,201317417,1075594,0.655,11.578,0.000,10.000,1.61053,1.66297,24.16,-1.419,6.966,-1.419,6.966,-1.406,1.440,1.00000,49.708,0.320,10.946
[SHELL] ccB:72,2147515437,1,-10.950,5.375,5.575,37.942,54.900,62.058,38.134,56.138,61.866
[SHELL] ccA:73,201427441,1075595,0.369,10.979,0.000,10.000,1.66918,1.72161,24.23,-1.414,6.977,-1.414,6.977,-1.406,1.439,1.00000,49.268,0.466,10.156
[SHELL] ccB:73,23223,1,-10.153,4.614,5.538,37.673,53.729,62.327,37.942,54.900,62.058
[SHELL] ccA:74,201537393,1075596,0.390,9.987,0.000,10.000,1.73026,1.78271,24.15,-1.414,6.997,-1.414,6.997,-1.406,1.439,1.00000,49.268,0.307,8.692
[SHELL] ccB:74,2147515449,1,-8.630,3.382,5.248,37.531,52.435,62.469,37.673,53.729,62.327
[SHELL] ccA:75,201647397,1075597,0.306,9.144,0.000,10.000,1.79066,1.84310,24.16,-1.413,7.014,-1.413,7.014,-1.406,1.440,1.00000,49.268,0.143,9.034
[SHELL] ccB:75,23201,1,-8.848,2.838,6.009,37.440,51.145,62.560,37.531,52.435,62.469
[SHELL] ccA:76,201757425,1075598,0.076,8.936,0.000,10.000,1.84996,1.90241,24.22,-1.408,7.019,-1.408,7.019,-1.407,1.440,1.00000,49.268,-0.287,8.985
[SHELL] ccB:76,2147515433,1,-8.558,1.896,6.662,37.416,49.870,62.584,37.440,51.145,62.560
[SHELL] ccA:77,201867393,1075599,-0.024,9.350,0.000,10.000,1.90412,1.95657,24.16,-1.406,7.011,-1.406,7.011,-1.407,1.441,1.00000,49.268,0.334,10.398
[SHELL] ccB:77,23199,1,-9.935,2.295,7.640,37.453,48.693,62.547,37.416,49.870,62.584
[SHELL] ccA:78,201977369,1075600,0.132,9.814,0.000,10.000,1.96292,2.01536,24.16,-1.409,7.002,-1.409,7.002,-1.407,1.441,1.00000,49.268,0.148,9.474
[SHELL] ccB:78,2147515461,1,-8.812,1.389,7.423,37.535,47.406,62.465,37.453,48.693,62.547
[SHELL] ccA:79,202087341,1075601,0.233,9.834,0.000,10.000,2.01799,2.07043,24.13,-1.411,7.002,-1.411,7.002,-1.407,1.441,1.00000,49.268,0.301,9.990
[SHELL] ccB:79,23173,1,-9.138,1.062,8.075,37.637,46.215,62.363,37.535,47.406,62.465
[SHELL] ccA:80,202197381,1075602,-0.180,10.172,0.000,10.000,2.07869,2.13114,24.20,-1.403,6.995,-1.403,6.995,-1.407,1.441,1.00000,49.268,-1.470,11.235
[SHELL] ccB:80,2147515455,1,-9.102,-1.293,10.395,37.803,44.949,62.197,37.637,46.215,62.363
[SHELL] ccA:81,202307353,1075603,-0.820,10.920,0.000,10.000,2.14629,2.19873,24.12,-1.390,6.979,-1.390,6.979,-1.406,1.440,1.00000,49.268,-0.640,11.221
[SHELL] ccB:81,23179,1,-9.065,-1.221,10.286,38.053,43.579,61.947,37.803,44.949,62.197
[SHELL] ccA:82,202417345,1075604,-0.807,11.440,0.000,10.000,2.19822,2.25066,24.13,-1.390,6.968,-1.390,6.968,-1.406,1.440,1.00000,49.268,-0.479,12.082
[SHELL] ccB:82,2147515473,1,-9.500,-1.728,11.229,38.281,42.519,61.719,38.053,43.579,61.947
[SHELL] ccA:83,202527385,1075605,-0.510,11.261,0.000,10.000,2.25898,2.31141,24.20,-1.395,6.971,-1.395,6.971,-1.406,1.439,1.00000,49.268,-0.442,9.660
[SHELL] ccB:83,23195,1,-7.181,-2.018,9.199,38.562,41.281,61.438,38.281,42.519,61.719
[SHELL] ccA:84,202637309,1075606,-0.218,10.590,0.000,10.000,2.31745,2.36989,24.11,-1.401,6.984,-1.401,6.984,-1.405,1.439,1.00000,49.268,0.491,10.959
[SHELL] ccB:84,2147515491,1,-8.377,-1.946,10.322,38.856,40.111,61.144,38.562,41.281,61.438
[SHELL] ccA:85,202747325,1075607,0.431,10.666,0.000,10.000,2.37295,2.42540,24.15,-1.414,6.983,-1.414,6.983,-1.406,1.438,1.00000,49.268,1.184,11.086
[SHELL] ccB:85,23165,1,-8.558,-1.910,10.467,39.291,39.110,60.890,38.856,40.111,61.144
[SHELL] ccA:86,202857301,1075608,0.785,11.275,0.000,10.000,2.42771,2.48014,24.06,-1.422,6.970,-1.422,6.970,-1.406,1.438,1.00000,49.268,0.282,11.969
[SHELL] ccB:86,2147515495,1,-8.050,-3.649,11.700,40.381,38.797,61.203,39.291,39.110,60.890
[SHELL] ccA:87,202967321,1075609,0.592,11.933,0.000,10.000,2.49393,2.54638,24.15,-1.418,6.956,-1.418,6.956,-1.406,1.437,1.00000,49.268,0.618,12.707
[SHELL] ccB:87,23163,1,-8.159,-4.374,12.533,41.702,38.479,61.521,40.381,38.797,61.203
[SHELL] ccA:88,203077289,1075610,0.493,12.743,0.000,10.000,2.54127,2.59370,24.05,-1.416,6.938,-1.416,6.938,-1.407,1.435,1.00000,49.268,0.455,13.587
[SHELL] ccB:88,2147515501,1,-8.050,-5.461,13.512,42.678,38.293,61.707,41.702,38.479,61.521
[SHELL] ccA:89,203187265,1075611,0.598,13.133,0.000,10.000,2.60803,2.66047,24.05,-1.419,6.929,-1.419,6.929,-1.407,1.434,1.00000,49.708,0.867,12.651
[SHELL] ccB:89,23135,1,-7.181,-5.461,12.642,44.120,38.155,61.845,42.678,38.293,61.707
[SHELL] ccA:90,203297345,1075612,0.833,12.791,0.000,10.000,2.66606,2.71849,24.18,-1.424,6.934,-1.424,6.934,-1.407,1.432,1.00000,49.708,1.144,12.275
[SHELL] ccB:90,2147515473,1,-6.637,-5.679,12.316,45.327,37.966,62.034,44.120,38.155,61.845
[SHELL] ccA:91,203407329,1075613,1.143,12.086,0.000,10.000,2.72489,2.77733,24.15,-1.431,6.947,-1.431,6.947,-1.408,1.431,1.00000,49.708,1.415,11.141
[SHELL] ccB:91,23167,1,-5.803,-5.425,11.229,46.566,37.803,62.197,45.327,37.966,62.034
[SHELL] ccA:92,203517321,1075614,1.434,11.274,0.000,10.000,2.78090,2.83334,24.13,-1.437,6.963,-1.437,6.963,-1.409,1.431,1.00000,49.268,1.763,10.539
[SHELL] ccB:92,2147515485,1,-5.368,-5.316,10.685,47.738,37.571,62.429,46.566,37.803,62.197
[SHELL] ccA:93,203627273,1075615,1.465,10.361,0.000,10.000,2.84297,2.89541,24.05,-1.439,6.981,-1.439,6.981,-1.409,1.431,1.00000,49.268,0.919,9.226
[SHELL] ccB:93,23139,1,-3.592,-5.606,9.199,49.068,37.483,62.517,47.738,37.571,62.429
[SHELL] ccA:94,203737325,1075616,1.187,9.552,0.000,10.000,2.90594,2.95838,24.15,-1.434,6.997,-1.434,6.997,-1.410,1.431,1.00000,49.268,1.146,9.217
[SHELL] ccB:94,2147515483,1,-3.266,-5.896,9.163,50.410,37.447,62.553,49.068,37.483,62.517
[SHELL] ccA:95,203847285,1075617,0.884,9.378,0.000,10.000,2.96281,3.01525,24.06,-1.428,7.001,-1.428,7.001,-1.410,1.431,1.00000,49.268,0.324,9.851
[SHELL] ccB:95,23145,1,-2.070,-7.310,9.380,51.627,37.475,62.525,50.410,37.447,62.553
[SHELL] ccA:96,203957333,1075618,0.684,9.600,0.000,10.000,3.02149,3.07393,24.15,-1.424,6.997,-1.424,6.997,-1.411,1.431,1.00000,49.708,0.941,9.482
[SHELL] ccB:96,2147515479,1,-2.070,-7.020,9.090,52.861,37.670,62.330,51.627,37.475,62.525
[SHELL] ccA:97,204067277,1075619,0.240,9.609,0.000,10.000,3.08343,3.13587,24.06,-1.416,6.997,-1.416,6.997,-1.411,1.431,1.00000,49.708,-1.246,9.622
[SHELL] ccB:97,23141,1,0.684,-8.723,8.039,54.151,37.796,62.204,52.861,37.670,62.330
[SHELL] ccA:98,204177409,1075620,-0.651,9.385,0.000,10.000,3.13669,3.18914,24.18,-1.397,7.002,-1.397,7.002,-1.410,1.432,1.00000,49.708,-1.054,8.815
[SHELL] ccB:98,2147515441,1,1.010,-8.143,7.133,55.216,37.931,62.069,54.151,37.796,62.204
[SHELL] ccA:99,204287281,1075621,-0.898,9.258,0.000,10.000,3.18704,3.23948,24.06,-1.392,7.004,-1.392,7.004,-1.410,1.432,1.00000,49.708,-0.240,9.783
[SHELL] ccB:99,23143,1,0.684,-8.796,8.112,56.246,38.092,61.908,55.216,37.931,62.069
[SHELL] ccA:100,204397273,1075622,-0.310,9.612,0.000,10.000,3.25694,3.30938,24.05,-1.404,6.998,-1.404,6.998,-1.410,1.432,1.00000,49.708,0.295,10.066
[SHELL] ccB:100,2147515509,1,0.866,-9.122,8.257,57.703,38.388,61.612,56.246,38.092,61.908
[SHELL] ccA:101,204507321,1075623,0.441,9.868,0.000,10.000,3.31037,3.36280,24.13,-1.419,6.993,-1.419,6.993,-1.410,1.432,1.00000,49.708,1.412,9.555
[SHELL] ccB:101,23163,1,0.213,-8.470,8.257,58.807,38.657,61.343,57.703,38.388,61.612
[SHELL] ccA:102,204617285,1075624,1.105,9.627,0.000,10.000,3.36835,3.42079,24.05,-1.433,6.998,-1.433,6.998,-1.411,1.433,1.00000,49.708,1.302,9.331
[SHELL] ccB:102,2147515503,1,0.829,-8.542,7.713,59.975,38.969,61.031,58.807,38.657,61.343
[SHELL] ccA:103,204727269,1075625,1.239,9.716,0.000,10.000,3.43085,3.48328,24.05,-1.436,6.996,-1.436,6.996,-1.411,1.433,1.00000,49.708,0.942,10.647
[SHELL] ccB:103,23137,1,2.134,-10.137,8.003,60.901,39.099,60.390,59.975,38.969,61.031
[SHELL] ccA:104,204837281,1075626,1.024,10.240,0.000,10.000,3.47971,3.53215,24.05,-1.432,6.985,-1.432,6.985,-1.412,1.433,1.00000,49.708,0.912,10.337
[SHELL] ccB:104,2147515505,1,2.569,-9.992,7.423,61.163,38.837,59.445,60.901,39.099,60.390
[SHELL] ccA:105,204947273,1075627,0.868,10.786,0.000,10.000,3.54752,3.59995,24.06,-1.430,6.974,-1.430,6.974,-1.412,1.432,1.00000,49.708,0.708,11.824
[SHELL] ccB:105,23139,1,4.019,-11.659,7.640,61.487,38.513,58.101,61.163,38.837,59.445
[SHELL] ccA:106,205057281,1075628,1.068,11.447,0.000,10.000,3.60267,3.65511,24.06,-1.434,6.960,-1.434,6.960,-1.413,1.431,1.00000,49.708,1.943,11.804
[SHELL] ccB:106,2147515505,1,3.511,-11.659,8.148,61.711,38.289,56.958,61.487,38.513,58.101
[SHELL] ccA:107,205167269,1075629,1.260,11.628,0.000,10.000,3.66007,3.71251,24.06,-1.439,6.956,-1.439,6.956,-1.413,1.431,1.00000,49.268,0.444,11.082
[SHELL] ccB:107,23137,1,5.106,-11.079,5.973,62.025,37.975,55.817,61.711,38.289,56.958
[SHELL] ccA:108,205277353,1075630,0.716,10.938,0.000,10.000,3.71589,3.76831,24.14,-1.428,6.969,-1.428,6.969,-1.414,1.430,1.00000,49.268,0.034,9.785
[SHELL] ccB:108,2147515469,1,5.287,-9.774,4.487,62.208,37.792,54.692,62.025,37.975,55.817
[SHELL] ccA:109,205387281,1075631,0.478,10.211,0.000,10.000,3.77356,3.82600,24.05,-1.424,6.983,-1.424,6.983,-1.414,1.430,1.00000,49.268,1.402,10.190
[SHELL] ccB:109,23143,1,4.889,-10.282,5.393,62.364,37.636,53.493,62.208,37.792,54.692
[SHELL] ccA:110,205497265,1075632,1.142,10.057,0.000,10.000,3.83980,3.89224,24.05,-1.437,6.986,-1.437,6.986,-1.415,1.430,1.00000,49.268,1.731,10.062
[SHELL] ccB:110,2147515513,1,5.142,-10.209,5.067,62.483,37.517,52.031,62.364,37.636,53.493
[SHELL] ccA:111,205607393,1075633,1.695,10.004,0.000,10.000,3.89635,3.94880,24.18,-1.449,6.988,-1.449,6.988,-1.415,1.430,1.00000,49.268,1.916,9.702
[SHELL] ccB:111,23199,1,5.251,-9.883,4.632,62.536,37.464,50.771,62.483,37.517,52.031
[SHELL] ccA:112,205717337,1075634,1.383,9.606,0.000,10.000,3.95342,4.00586,24.18,-1.444,6.996,-1.444,6.996,-1.416,1.430,1.00000,49.268,-0.031,8.957
[SHELL] ccB:112,2147515477,1,6.520,-8.578,2.059,62.553,37.447,49.552,62.536,37.464,50.771
[SHELL] ccA:113,205827245,1075635,0.704,9.319,0.000,10.000,4.01272,4.06516,24.03,-1.431,7.002,-1.431,7.002,-1.416,1.431,1.00000,49.268,0.961,9.662
[SHELL] ccB:113,23125,1,6.773,-9.412,2.639,62.524,37.476,48.307,62.553,37.447,49.552
[SHELL] ccA:114,205937297,1075636,0.460,9.332,0.000,10.000,4.07142,4.12386,24.12,-1.426,7.002,-1.426,7.002,-1.417,1.431,1.00000,49.268,-0.052,9.045
[SHELL] ccB:114,2147515497,1,7.281,-8.288,1.008,62.444,37.556,47.051,62.524,37.476,48.307
[SHELL] ccA:115,206047309,1075637,0.591,9.218,0.000,10.000,4.12784,4.18028,24.12,-1.429,7.004,-1.429,7.004,-1.417,1.431,1.00000,49.268,1.506,9.118
[SHELL] ccB:115,23157,1,6.773,-8.832,2.059,62.333,37.667,45.832,62.444,37.556,47.051
[SHELL] ccA:116,206157281,1075638,0.785,9.073,0.000,10.000,4.18152,4.23395,24.08,-1.433,7.008,-1.433,7.008,-1.417,1.432,1.00000,49.268,0.181,9.011
[SHELL] ccB:116,2147515505,1,7.679,-7.926,0.247,62.192,37.808,44.678,62.333,37.667,45.832
[SHELL] ccA:117,206267229,1075639,0.557,9.141,0.000,10.000,4.23921,4.29165,24.02,-1.429,7.007,-1.429,7.007,-1.418,1.432,1.00000,49.268,0.360,9.422
[SHELL] ccB:117,23117,1,8.223,-8.107,-0.116,61.994,38.006,43.482,62.192,37.808,44.678
[SHELL] ccA:118,206377297,1075640,0.455,9.273,0.000,10.000,4.30429,4.35673,24.11,-1.427,7.005,-1.427,7.005,-1.418,1.433,1.00000,49.268,0.919,9.237
[SHELL] ccB:118,2147515497,1,8.114,-7.962,-0.152,61.720,38.280,42.152,61.994,38.006,43.482
[SHELL] ccA:119,206487333,1075641,1.116,9.193,0.000,10.000,4.36437,4.41681,24.11,-1.441,7.007,-1.441,7.007,-1.418,1.433,1.00000,49.708,2.267,8.876
[SHELL] ccB:119,23169,1,7.571,-8.252,0.682,61.324,38.676,40.986,61.720,38.280,42.152
[SHELL] ccA:120,206597245,1075642,1.727,8.992,0.000,10.000,4.42217,4.47461,24.03,-1.454,7.011,-1.454,7.011,-1.419,1.433,1.00000,49.708,1.457,8.979
[SHELL] ccB:120,2147515523,1,8.187,-7.527,-0.659,61.005,38.995,39.826,61.324,38.676,40.986
[SHELL] ccA:121,206707285,1075643,1.530,9.044,0.000,10.000,4.48022,4.53267,24.12,-1.451,7.011,-1.451,7.011,-1.420,1.434,1.00000,49.708,0.941,9.343
[SHELL] ccB:121,23145,1,8.875,-7.092,-1.783,60.950,39.656,39.050,61.005,38.995,39.826
[SHELL] ccA:122,206817229,1075644,1.068,9.435,0.000,10.000,4.53138,4.58381,24.01,-1.442,7.003,-1.442,7.003,-1.421,1.434,1.00000,49.708,0.932,10.078
[SHELL] ccB:122,2147515531,1,9.745,-7.237,-2.508,61.222,40.632,38.778,60.950,39.656,39.050
[SHELL] ccA:123,206927301,1075645,0.816,9.908,0.000,10.000,4.58891,4.64135,24.11,-1.437,6.994,-1.437,6.994,-1.421,1.434,1.00000,49.268,0.461,10.133
[SHELL] ccB:123,23153,1,9.999,-6.476,-3.523,61.599,41.697,38.401,61.222,40.632,38.778
[SHELL] ccA:124,207037229,1075646,0.790,10.016,0.000,10.000,4.65827,4.71071,24.02,-1.437,6.991,-1.437,6.991,-1.421,1.434,1.00000,49.268,1.307,9.721
[SHELL] ccB:124,2147515531,1,9.637,-6.404,-3.233,61.900,43.112,38.100,61.599,41.697,38.401
[SHELL] ccA:125,207147297,1075647,1.171,9.919,0.000,10.000,4.71750,4.76994,24.09,-1.445,6.993,-1.445,6.993,-1.422,1.434,1.00000,49.268,1.610,10.100
[SHELL] ccB:125,23151,1,10.108,-6.404,-3.704,62.124,44.363,37.876,61.900,43.112,38.100
[SHELL] ccA:126,207257277,1075648,1.409,9.650,0.000,10.000,4.77582,4.82826,24.11,-1.451,6.999,-1.451,6.999,-1.423,1.435,1.00000,49.268,1.107,8.678
[SHELL] ccB:126,2147515507,1,8.730,-4.845,-3.885,62.306,45.606,37.694,62.124,44.363,37.876
[SHELL] ccA:127,207367277,1075649,0.901,8.796,0.000,10.000,4.83473,4.88717,24.09,-1.441,7.017,-1.441,7.017,-1.423,1.435,1.00000,49.708,-0.220,7.728
[SHELL] ccB:127,23141,1,7.643,-2.816,-4.827,62.347,46.850,37.653,62.306,45.606,37.694
[SHELL] ccA:128,207477273,1075650,0.168,7.900,0.000,10.000,4.88656,4.93900,24.08,-1.427,7.036,-1.427,7.036,-1.423,1.436,1.00000,49.708,0.007,7.465
[SHELL] ccB:128,2147515509,1,7.353,-2.562,-4.791,62.448,47.903,37.552,62.347,46.850,37.653
[SHELL] ccA:129,207587245,1075651,-0.005,7.376,0.000,10.000,4.94739,4.99983,24.02,-1.423,7.047,-1.423,7.047,-1.423,1.437,1.00000,49.708,0.186,6.846
[SHELL] ccB:129,23125,1,6.701,-2.127,-4.574,62.518,49.200,37.482,62.448,47.903,37.552
[SHELL] ccA:130,207697313,1075652,0.275,6.890,0.000,10.000,5.00549,5.05793,24.14,-1.429,7.059,-1.429,7.059,-1.423,1.439,1.00000,49.708,0.719,6.404
[SHELL] ccB:130,2147515489,1,6.338,-2.163,-4.175,62.544,50.471,37.456,62.518,49.200,37.482
[SHELL] ccA:131,207807237,1075653,0.367,6.760,0.000,10.000,5.06351,5.11595,24.02,-1.431,7.063,-1.431,7.063,-1.424,1.441,1.00000,49.708,-0.158,7.387
[SHELL] ccB:131,23121,1,6.882,-1.112,-5.770,62.515,51.734,37.485,62.544,50.471,37.456
[SHELL] ccA:132,207917297,1075654,0.149,7.111,0.000,10.000,5.12393,5.17636,24.09,-1.427,7.057,-1.427,7.057,-1.424,1.442,1.00000,49.268,0.192,7.267
[SHELL] ccB:132,2147515497,1,6.737,-1.003,-5.734,62.533,53.055,37.467,62.515,51.734,37.485
[SHELL] ccA:133,208027237,1075655,-0.315,7.132,0.000,10.000,5.18336,5.23580,24.02,-1.417,7.058,-1.417,7.058,-1.423,1.444,1.00000,49.268,-1.485,6.608
[SHELL] ccB:133,23121,1,5.215,1.135,-6.350,62.408,54.311,37.592,62.533,53.055,37.467
[SHELL] ccA:134,208137333,1075656,-0.935,6.954,0.000,10.000,5.24479,5.29723,24.15,-1.404,7.063,-1.404,7.063,-1.423,1.445,1.00000,49.268,-0.962,7.334
[SHELL] ccB:134,2147515479,1,5.831,1.026,-6.857,62.242,55.584,37.758,62.408,54.311,37.592
[SHELL] ccA:135,208247257,1075657,-1.275,7.499,0.000,10.000,5.29714,5.34958,24.02,-1.397,7.054,-1.397,7.054,-1.422,1.446,1.00000,49.268,-1.692,8.722
[SHELL] ccB:135,23131,1,6.338,2.222,-8.561,62.041,56.660,37.959,62.242,55.584,37.758
[SHELL] ccA:136,208357233,1075658,-1.219,8.284,0.000,10.000,5.36143,5.41387,24.02,-1.397,7.039,-1.397,7.039,-1.422,1.447,1.00000,49.708,-0.528,8.357
[SHELL] ccB:136,2147515529,1,6.338,1.570,-7.908,61.639,57.909,38.361,62.041,56.660,37.959
[SHELL] ccA:137,208467317,1075659,-0.803,8.554,0.000,10.000,5.41320,5.46564,24.14,-1.405,7.034,-1.405,7.034,-1.421,1.448,1.00000,49.708,-0.464,8.779
[SHELL] ccB:137,23161,1,6.411,2.005,-8.416,61.376,58.961,38.624,61.639,57.909,38.361
[SHELL] ccA:138,208577241,1075660,-0.463,8.559,0.000,10.000,5.47218,5.52462,24.02,-1.412,7.035,-1.412,7.035,-1.421,1.449,1.00000,49.708,-0.395,8.319
[SHELL] ccB:138,2147515525,1,5.758,2.331,-8.089,61.049,60.127,38.951,61.376,58.961,38.624
[SHELL] ccA:139,208687249,1075661,-0.373,8.862,0.000,10.000,5.53333,5.58576,24.02,-1.413,7.029,-1.413,7.029,-1.421,1.449,1.00000,49.268,-0.236,10.032
[SHELL] ccB:139,23127,1,6.665,3.165,-9.829,60.447,61.067,38.933,61.049,60.127,38.951
[SHELL] ccA:140,208797237,1075662,-0.487,9.550,0.000,10.000,5.60399,5.65643,24.02,-1.411,7.016,-1.411,7.016,-1.421,1.449,1.00000,49.268,-1.083,9.816
[SHELL] ccB:140,2147515527,1,5.323,4.542,-9.865,59.049,61.443,38.557,60.447,61.067,38.933
[SHELL] ccA:141,208907273,1075663,-0.828,9.900,0.000,10.000,5.65011,5.70256,24.09,-1.404,7.009,-1.404,7.009,-1.420,1.449,1.00000,49.708,-0.912,9.934
[SHELL] ccB:141,23139,1,5.142,4.832,-9.974,58.060,61.552,38.448,59.049,61.443,38.557
[SHELL] ccA:142,209017297,1075664,-0.995,10.003,0.000,10.000,5.70524,5.75769,24.11,-1.400,7.007,-1.400,7.007,-1.420,1.449,1.00000,49.708,-1.074,10.330
[SHELL] ccB:142,2147515497,1,4.744,5.629,-10.373,56.953,61.784,38.216,58.060,61.552,38.448
[SHELL] ccA:143,209127293,1075665,-1.208,10.128,0.000,10.000,5.76959,5.82203,24.12,-1.395,7.004,-1.395,7.004,-1.419,1.449,1.00000,49.708,-1.772,9.920
[SHELL] ccB:143,23149,1,3.330,6.572,-9.902,55.635,62.010,37.990,56.953,61.784,38.216
[SHELL] ccA:144,209237297,1075666,-1.320,9.731,0.000,10.000,5.81424,5.86668,24.10,-1.392,7.012,-1.392,7.012,-1.418,1.450,1.00000,49.708,-0.662,8.755
[SHELL] ccB:144,2147515497,1,3.366,5.339,-8.706,54.719,62.154,37.846,55.635,62.010,37.990
[SHELL] ccA:145,209347317,1075667,-0.957,8.928,0.000,10.000,5.88566,5.93810,24.11,-1.399,7.029,-1.399,7.029,-1.418,1.450,1.00000,49.268,-0.731,8.283
[SHELL] ccB:145,23161,1,2.533,5.593,-8.126,53.231,62.459,37.541,54.719,62.154,37.846
[SHELL] ccA:146,209457229,1075668,-0.486,8.314,0.000,10.000,5.94230,5.99474,24.02,-1.408,7.042,-1.408,7.042,-1.418,1.451,1.00000,49.268,0.180,7.935
[SHELL] ccB:146,2147515531,1,2.823,5.013,-7.836,51.989,62.571,37.429,53.231,62.459,37.541
[SHELL] ccA:147,209567301,1075669,-0.310,8.061,0.000,10.000,6.01128,6.06372,24.03,-1.411,7.048,-1.411,7.048,-1.418,1.452,1.00000,49.708,-0.868,8.089
[SHELL] ccB:147,23153,1,1.337,6.282,-7.618,50.473,62.520,37.480,51.989,62.571,37.429
[SHELL] ccA:148,209677265,1075670,-0.808,8.066,0.000,10.000,6.05879,6.11124,24.08,-1.401,7.049,-1.401,7.049,-1.417,1.453,1.00000,49.268,-1.678,8.149
[SHELL] ccB:148,2147515513,1,0.177,7.115,-7.292,49.469,62.629,37.371,50.473,62.520,37.480
[SHELL] ccA:149,209787237,1075671,-1.375,8.046,0.000,10.000,6.11716,6.16960,24.02,-1.389,7.050,-1.389,7.050,-1.417,1.454,1.00000,49.268,-1.274,7.796
[SHELL] ccB:149,23121,1,0.032,6.825,-6.857,48.231,62.590,37.410,49.469,62.629,37.371
[SHELL] ccA:150,209897301,1075672,-1.864,7.897,0.000,10.000,6.17451,6.22695,24.12,-1.378,7.054,-1.378,7.054,-1.416,1.455,1.00000,49.708,-3.230,7.847
[SHELL] ccB:150,2147515495,1,-2.360,8.239,-5.879,47.044,62.406,37.594,48.231,62.590,37.410
[SHELL] ccA:151,210007393,1075673,-2.455,8.085,0.000,10.000,6.23257,0.00183,24.02,-1.365,7.052,-1.365,7.052,-1.414,1.456,1.00000,49.708,-2.086,8.852
[SHELL] ccB:151,23199,1,-1.635,8.565,-6.930,45.841,62.281,37.719,47.044,62.406,37.594
[SHELL] ccA:152,210117309,1075674,-2.689,8.447,0.000,10.000,0.00711,0.05955,24.17,-1.359,7.045,-1.359,7.045,-1.413,1.457,1.00000,49.708,-3.353,8.237
[SHELL] ccB:152,2147515491,1,-3.411,8.819,-5.407,44.640,62.112,37.888,45.841,62.281,37.719
[SHELL] ccA:153,210227161,1075675,-2.635,8.572,0.000,10.000,0.06858,0.12102,23.95,-1.359,7.043,-1.359,7.043,-1.412,1.457,1.00000,49.708,-1.750,8.961
[SHELL] ccB:153,23083,1,-2.360,8.819,-6.458,43.363,61.896,38.104,44.640,62.112,37.888
[SHELL] ccA:154,210337157,1075676,-2.223,8.677,0.000,10.000,0.12890,0.18134,23.99,-1.366,7.042,-1.366,7.042,-1.411,1.458,1.00000,49.708,-2.040,8.546
[SHELL] ccB:154,2147515567,1,-3.121,8.674,-5.552,42.113,61.638,38.362,43.363,61.896,38.104
[SHELL] ccA:155,210447105,1075677,-2.173,8.512,0.000,10.000,0.18460,0.23705,23.90,-1.366,7.046,-1.366,7.046,-1.409,1.459,1.00000,49.708,-2.862,7.996
[SHELL] ccB:155,23055,1,-4.281,8.492,-4.211,41.000,61.374,38.626,42.113,61.638,38.362
[SHELL] ccA:156,210557053,1075678,-2.295,8.448,0.000,10.000,0.24602,0.29846,23.89,-1.362,7.048,-1.362,7.048,-1.408,1.459,1.00000,49.708,-1.417,9.256
[SHELL] ccB:156,2147515619,1,-3.629,9.290,-5.661,39.816,61.038,38.962,41.000,61.374,38.626
[SHELL] ccA:157,210667049,1075679,-1.930,9.088,0.000,10.000,0.31031,0.36273,23.81,-1.369,7.036,-1.369,7.036,-1.407,1.460,1.00000,49.708,-2.024,9.846
[SHELL] ccB:157,23027,1,-4.934,10.051,-5.117,38.995,61.005,39.777,39.816,61.038,38.962
[SHELL] ccA:158,210777105,1075680,-1.946,9.816,0.000,10.000,0.35959,0.41204,23.91,-1.367,7.021,-1.367,7.021,-1.406,1.460,1.00000,49.708,-2.321,10.318
[SHELL] ccB:158,2147515593,1,-5.803,10.558,-4.755,38.740,61.260,40.751,38.995,61.005,39.777
[SHELL] ccA:159,210887049,1075681,-2.595,10.206,0.000,10.000,0.42102,0.47345,23.85,-1.353,7.013,-1.353,7.013,-1.405,1.460,1.00000,49.708,-3.714,10.341
[SHELL] ccB:159,23027,1,-7.616,10.667,-3.052,38.458,61.542,41.942,38.740,61.260,40.751
[SHELL] ccA:160,210997017,1075682,-2.690,10.744,0.000,10.000,0.48269,0.53513,23.85,-1.350,7.002,-1.350,7.002,-1.404,1.460,1.00000,49.708,-1.012,11.977
[SHELL] ccB:160,2147515637,1,-6.456,12.008,-5.552,38.213,61.787,43.198,38.458,61.542,41.942
[SHELL] ccA:161,211107085,1075683,-1.903,11.186,0.000,10.000,0.54254,0.59497,23.89,-1.365,6.993,-1.365,6.993,-1.403,1.459,1.00000,49.708,-1.872,10.451
[SHELL] ccB:161,23045,1,-6.999,10.413,-3.414,38.003,61.997,44.484,38.213,61.787,43.198
[SHELL] ccA:162,211217153,1075684,-1.847,10.518,0.000,10.000,0.60028,0.65272,23.95,-1.365,7.006,-1.365,7.006,-1.402,1.459,1.00000,49.708,-2.629,9.192
[SHELL] ccB:162,2147515569,1,-7.362,8.964,-1.602,37.818,62.182,45.678,38.003,61.997,44.484
[SHELL] ccA:163,211327097,1075685,-2.643,9.403,0.000,10.000,0.64967,0.70215,23.92,-1.348,7.033,-1.348,7.033,-1.401,1.459,1.00000,49.268,-3.442,8.777
[SHELL] ccB:163,23051,1,-8.050,8.275,-0.224,37.565,62.435,46.619,37.818,62.182,45.678
[SHELL] ccA:164,211437297,1075686,-3.061,8.939,0.000,10.000,0.70971,0.76219,23.86,-1.338,7.043,-1.338,7.043,-1.399,1.460,1.00000,49.268,-2.731,9.008
[SHELL] ccB:164,2147515497,1,-7.942,8.347,-0.406,37.458,62.542,47.880,37.565,62.435,46.619
[SHELL] ccA:165,211547593,1075687,-2.648,8.947,0.000,10.000,0.76990,0.82239,24.35,-1.345,7.043,-1.345,7.043,-1.398,1.460,1.00000,49.268,-1.686,8.994
[SHELL] ccB:165,23299,1,-7.471,8.311,-0.841,37.404,62.596,49.211,37.458,62.542,47.880
[SHELL] ccA:166,211657613,1075688,-1.963,9.258,0.000,10.000,0.83838,0.89087,24.40,-1.357,7.037,-1.357,7.037,-1.397,1.460,1.00000,49.708,-1.749,10.034
[SHELL] ccB:166,2147515339,1,-8.630,9.000,-0.369,37.521,62.479,50.740,37.404,62.596,49.211
[SHELL] ccA:167,211767581,1075689,-1.725,9.912,0.000,10.000,0.88591,0.93840,24.30,-1.361,7.024,-1.361,7.024,-1.396,1.460,1.00000,49.708,-1.715,10.585
[SHELL] ccB:167,23293,1,-9.283,9.290,-0.007,37.577,62.423,51.782,37.521,62.479,50.740
[SHELL] ccA:168,211877617,1075690,-1.720,10.521,0.000,10.000,0.94724,0.99973,24.38,-1.361,7.012,-1.361,7.012,-1.395,1.460,1.00000,49.268,-1.703,10.879
[SHELL] ccB:168,2147515337,1,-9.826,9.217,0.609,37.575,62.425,53.125,37.577,62.423,51.782
[SHELL] ccA:169,211987561,1075691,-2.042,10.669,0.000,10.000,0.99746,1.04993,24.37,-1.353,7.009,-1.353,7.009,-1.394,1.460,1.00000,49.268,-3.048,10.333
[SHELL] ccB:169,23283,1,-10.334,7.804,2.530,37.687,62.313,54.178,37.575,62.425,53.125
[SHELL] ccA:170,212097481,1075692,-2.650,10.477,0.000,10.000,1.05965,1.11214,24.25,-1.340,7.012,-1.340,7.012,-1.393,1.460,1.00000,49.268,-2.800,10.361
[SHELL] ccB:170,2147515405,1,-10.406,7.478,2.929,37.853,62.147,55.456,37.687,62.313,54.178
[SHELL] ccA:171,212207589,1075693,-2.857,10.529,0.000,10.000,1.12038,1.17287,24.39,-1.334,7.011,-1.334,7.011,-1.391,1.459,1.00000,49.268,-2.780,11.060
[SHELL] ccB:171,23297,1,-11.167,7.586,3.581,38.068,61.932,56.705,37.853,62.147,55.456
[SHELL] ccA:172,212317517,1075694,-2.549,10.864,0.000,10.000,1.17825,1.23072,24.31,-1.339,7.004,-1.339,7.004,-1.390,1.459,1.00000,49.268,-1.837,10.973
[SHELL] ccB:172,2147515387,1,-10.841,7.586,3.255,38.325,61.675,57.900,38.068,61.932,56.705
[SHELL] ccA:173,212427485,1075695,-2.176,11.163,0.000,10.000,1.24083,1.29332,24.23,-1.345,6.997,-1.345,6.997,-1.389,1.458,1.00000,49.708,-2.252,11.646
[SHELL] ccB:173,23245,1,-11.747,7.296,4.451,38.748,61.252,59.082,38.325,61.675,57.900
[SHELL] ccA:174,212537485,1075696,-1.962,11.465,0.000,10.000,1.29507,1.34755,24.24,-1.349,6.990,-1.349,6.990,-1.388,1.458,1.00000,49.708,-1.508,11.594
[SHELL] ccB:174,2147515403,1,-11.566,7.260,4.306,39.062,60.938,60.129,38.748,61.252,59.082
[SHELL] ccA:175,212647525,1075697,-1.813,11.921,0.000,10.000,1.35569,1.40817,24.33,-1.351,6.980,-1.351,6.980,-1.387,1.457,1.00000,49.708,-1.983,12.853
[SHELL] ccB:175,23265,1,-12.980,7.188,5.792,39.100,60.193,60.900,39.062,60.938,60.129
[SHELL] ccA:176,212757489,1075698,-1.713,12.554,0.000,10.000,1.42503,1.47752,24.24,-1.352,6.966,-1.352,6.966,-1.386,1.455,1.00000,49.708,-1.378,12.916
[SHELL] ccB:176,2147515401,1,-12.980,6.934,6.046,38.737,58.833,61.263,39.100,60.193,60.900
[SHELL] ccA:177,212867525,1075699,-1.507,12.828,0.000,10.000,1.47825,1.53073,24.31,-1.355,6.959,-1.355,6.959,-1.385,1.454,1.00000,49.268,-1.287,12.625
[SHELL] ccB:177,23265,1,-12.690,6.245,6.444,38.386,57.833,61.614,38.737,58.833,61.263
[SHELL] ccA:178,212977469,1075700,-1.197,12.617,0.000,10.000,1.52919,1.58167,24.24,-1.361,6.962,-1.361,6.962,-1.385,1.453,1.00000,49.268,-0.837,12.303
[SHELL] ccB:178,2147515411,1,-12.327,5.883,6.444,38.162,56.788,61.838,38.386,57.833,61.614
[SHELL] ccA:179,213087545,1075701,-1.070,12.343,0.000,10.000,1.59225,1.64473,24.34,-1.363,6.967,-1.363,6.967,-1.384,1.452,1.00000,49.268,-1.320,12.141
[SHELL] ccB:179,23275,1,-12.110,4.687,7.423,37.930,55.483,62.070,38.162,56.788,61.838
[SHELL] ccA:180,213197481,1075702,-1.097,12.128,0.000,10.000,1.64805,1.70053,24.23,-1.362,6.970,-1.362,6.970,-1.384,1.450,1.00000,49.268,-0.913,11.926
[SHELL] ccB:180,2147515405,1,-11.820,4.324,7.495,37.768,54.315,62.232,37.930,55.483,62.070
[SHELL] ccA:181,213307505,1075703,-0.973,11.638,0.000,10.000,1.70208,1.75456,24.23,-1.364,6.979,-1.364,6.979,-1.383,1.450,1.00000,49.268,-0.748,10.559
[SHELL] ccB:181,23255,1,-10.370,3.346,7.024,37.635,53.168,62.365,37.768,54.315,62.232
[SHELL] ccA:182,213417489,1075704,-1.002,11.065,0.000,10.000,1.76519,1.81768,24.24,-1.363,6.990,-1.363,6.990,-1.383,1.449,1.00000,49.268,-1.598,11.216
[SHELL] ccB:182,2147515401,1,-10.696,2.114,8.583,37.526,51.823,62.474,37.635,53.168,62.365
[SHELL] ccA:183,213527505,1075705,-1.115,10.997,0.000,10.000,1.82395,1.87643,24.27,-1.360,6.991,-1.360,6.991,-1.382,1.449,1.00000,49.268,-0.516,10.995
[SHELL] ccB:183,23255,1,-10.515,2.440,8.075,37.486,50.560,62.514,37.526,51.823,62.474
[SHELL] ccA:184,213637513,1075706,-0.793,10.727,0.000,10.000,1.87256,1.92503,24.25,-1.366,6.996,-1.366,6.996,-1.382,1.448,1.00000,49.268,-0.542,9.701
[SHELL] ccB:184,2147515389,1,-9.102,1.606,7.495,37.474,49.491,62.526,37.486,50.560,62.514
[SHELL] ccA:185,213747477,1075707,-0.160,10.267,0.000,10.000,1.94059,1.99308,24.23,-1.378,7.005,-1.378,7.005,-1.382,1.448,1.00000,49.268,0.961,10.672
[SHELL] ccB:185,23241,1,-10.298,2.585,7.713,37.505,47.982,62.495,37.474,49.491,62.526
[SHELL] ccA:186,213857513,1075708,-0.032,10.573,0.000,10.000,1.99837,2.05085,24.36,-1.381,6.998,-1.381,6.998,-1.382,1.448,1.00000,49.268,-1.509,11.247
[SHELL] ccB:186,2147515389,1,-9.609,-0.424,10.033,37.604,46.727,62.396,37.505,47.982,62.495
[SHELL] ccA:187,213967441,1075709,-0.619,11.140,0.000,10.000,2.05354,2.10603,24.19,-1.369,6.986,-1.369,6.986,-1.381,1.447,1.00000,49.268,-0.418,11.395
[SHELL] ccB:187,23223,1,-9.899,0.048,9.851,37.748,45.585,62.252,37.604,46.727,62.396
[SHELL] ccA:188,214077501,1075710,-1.158,11.301,0.000,10.000,2.10941,2.16189,24.30,-1.358,6.983,-1.358,6.983,-1.381,1.447,1.00000,49.268,-2.286,11.166
[SHELL] ccB:188,2147515395,1,-8.413,-2.453,10.866,37.915,44.442,62.085,37.748,45.585,62.252
[SHELL] ccA:189,214187477,1075711,-1.396,11.236,0.000,10.000,2.17637,2.22885,24.29,-1.352,6.983,-1.352,6.983,-1.380,1.446,1.00000,49.268,-0.594,11.217
[SHELL] ccB:189,23241,1,-8.884,-1.511,10.395,38.154,43.070,61.846,37.915,44.442,62.085
[SHELL] ccA:190,214297429,1075712,-1.050,11.493,0.000,10.000,2.23219,2.28467,24.20,-1.359,6.977,-1.359,6.977,-1.380,1.445,1.00000,49.268,-0.724,12.373
[SHELL] ccB:190,2147515431,1,-9.319,-2.417,11.736,38.408,41.921,61.592,38.154,43.070,61.846
[SHELL] ccA:191,214407429,1075713,-0.474,11.986,0.000,10.000,2.29139,2.34388,24.19,-1.370,6.967,-1.370,6.967,-1.379,1.444,1.00000,49.268,0.149,11.982
[SHELL] ccB:191,23217,1,-9.102,-2.199,11.301,38.728,40.722,61.272,38.408,41.921,61.592
[SHELL] ccA:192,214517385,1075714,-0.124,12.019,0.000,10.000,2.34987,2.40236,24.19,-1.377,6.965,-1.377,6.965,-1.379,1.443,1.00000,49.268,-0.069,11.738
[SHELL] ccB:192,2147515453,1,-8.304,-3.033,11.337,39.067,39.578,60.933,38.728,40.722,61.272
[SHELL] ccA:193,214627445,1075715,0.027,12.066,0.000,10.000,2.40565,2.45813,24.26,-1.380,6.963,-1.380,6.963,-1.379,1.442,1.00000,49.268,0.096,12.805
[SHELL] ccB:193,23225,1,-8.667,-3.830,12.497,39.870,38.978,61.022,39.067,39.578,60.933
[SHELL] ccA:194,214737361,1075716,0.128,12.640,0.000,10.000,2.46703,2.51951,24.13,-1.382,6.950,-1.382,6.950,-1.379,1.441,1.00000,49.268,0.391,13.214
[SHELL] ccB:194,2147515465,1,-8.558,-4.447,13.005,41.089,38.656,61.344,39.870,38.978,61.022
[SHELL] ccA:195,214847437,1075717,0.358,13.106,0.000,10.000,2.52099,2.57346,24.21,-1.387,6.939,-1.387,6.939,-1.380,1.439,1.00000,49.268,0.554,13.193
[SHELL] ccB:195,23221,1,-8.123,-4.954,13.077,42.191,38.407,61.593,41.089,38.656,61.344
[SHELL] ccA:196,214957861,1075718,0.534,13.330,0.000,10.000,2.58431,2.63679,24.21,-1.390,6.933,-1.390,6.933,-1.380,1.438,1.00000,49.268,0.635,13.722
[SHELL] ccB:196,2147515215,1,-7.797,-5.896,13.693,43.497,38.151,61.849,42.191,38.407,61.593
[SHELL] ccA:197,215066917,1075719,0.827,13.179,0.000,10.000,2.63273,2.68519,23.88,-1.397,6.935,-1.397,6.935,-1.380,1.436,1.00000,49.268,1.485,12.078
[SHELL] ccB:197,22961,1,-7.181,-4.918,12.098,44.512,37.976,62.024,43.497,38.151,61.849
[SHELL] ccA:198,215176805,1075720,1.211,12.497,0.000,10.000,2.69857,2.75105,23.66,-1.405,6.947,-1.405,6.947,-1.381,1.435,1.00000,49.268,1.239,12.110
[SHELL] ccB:198,2147515743,1,-6.311,-5.860,12.171,45.904,37.768,62.232,44.512,37.976,62.024
[SHELL] ccA:199,215286809,1075721,1.413,11.823,0.000,10.000,2.75653,2.80902,23.69,-1.410,6.959,-1.410,6.959,-1.382,1.434,1.00000,49.268,1.690,10.992
[SHELL] ccB:199,22907,1,-5.695,-5.425,11.120,47.139,37.628,62.372,45.904,37.768,62.232
[SHELL] ccA:200,215396829,1075722,1.724,11.254,0.000,10.000,2.81538,2.86786,23.69,-1.417,6.970,-1.417,6.970,-1.382,1.433,1.00000,49.268,2.279,10.921
[SHELL] ccB:200,2147515731,1,-5.658,-5.498,11.156,48.416,37.531,62.469,47.139,37.628,62.372
[SHELL] ccA:201,215506761,1075723,2.031,10.669,0.000,10.000,2.87245,2.92494,23.58,-1.424,6.982,-1.424,6.982,-1.383,1.433,1.00000,49.268,1.877,9.841
[SHELL] ccB:201,22883,1,-4.426,-5.570,9.996,49.665,37.477,62.523,48.416,37.531,62.469
[SHELL] ccA:202,215616753,1075724,1.749,10.143,0.000,10.000,2.93250,2.98498,23.58,-1.419,6.992,-1.419,6.992,-1.384,1.433,1.00000,49.268,0.964,9.970
[SHELL] ccB:202,2147515769,1,-3.013,-6.766,9.779,50.948,37.471,62.529,49.665,37.477,62.523
[SHELL] ccA:203,215726809,1075725,1.194,10.052,0.000,10.000,2.98931,3.04180,23.67,-1.409,6.994,-1.409,6.994,-1.385,1.433,1.00000,49.268,0.971,10.427
[SHELL] ccB:203,22907,1,-2.541,-7.527,10.069,52.146,37.521,62.479,50.948,37.471,62.529
[SHELL] ccA:204,215836813,1075726,1.120,10.412,0.000,10.000,3.04453,3.09702,23.67,-1.408,6.986,-1.408,6.986,-1.385,1.433,1.00000,49.268,1.572,10.823
[SHELL] ccB:204,2147515739,1,-2.614,-7.890,10.504,53.334,37.621,62.379,52.146,37.521,62.479
[SHELL] ccA:205,215946757,1075727,0.980,10.851,0.000,10.000,3.10475,3.15723,23.58,-1.406,6.977,-1.406,6.977,-1.386,1.432,1.00000,49.268,-0.196,11.331
[SHELL] ccB:205,22881,1,-0.222,-9.702,9.924,54.611,37.776,62.224,53.334,37.621,62.379
[SHELL] ccA:206,216056793,1075728,0.550,10.831,0.000,10.000,3.17118,3.22365,23.59,-1.397,6.977,-1.397,6.977,-1.386,1.432,1.00000,49.268,1.021,9.840
[SHELL] ccB:206,2147515749,1,-0.729,-8.180,8.909,55.981,37.978,62.022,54.611,37.776,62.224
[SHELL] ccA:207,216166773,1075729,0.215,10.094,0.000,10.000,3.21830,3.27079,23.59,-1.391,6.992,-1.391,6.992,-1.386,1.432,1.00000,49.268,-0.985,9.362
[SHELL] ccB:207,22889,1,1.699,-8.868,7.169,56.941,38.127,61.873,55.981,37.978,62.022
[SHELL] ccA:208,216276817,1075730,0.099,9.601,0.000,10.000,3.28060,3.33309,23.66,-1.388,7.002,-1.388,7.002,-1.386,1.432,1.00000,49.268,1.344,9.838
[SHELL] ccB:208,2147515737,1,0.032,-8.615,8.583,58.207,38.381,61.619,56.941,38.127,61.873
[SHELL] ccA:209,216386761,1075731,0.763,9.777,0.000,10.000,3.34187,3.39435,23.58,-1.402,6.999,-1.402,6.999,-1.387,1.432,1.00000,49.268,1.346,10.072
[SHELL] ccB:209,22883,1,0.684,-9.122,8.438,59.461,38.705,61.295,58.207,38.381,61.619
[SHELL] ccA:210,216496797,1075732,1.426,10.028,0.000,10.000,3.39965,3.45213,23.58,-1.416,6.994,-1.416,6.994,-1.387,1.432,1.00000,49.268,1.667,10.132
[SHELL] ccB:210,2147515747,1,0.974,-9.340,8.365,60.611,39.055,60.945,59.461,38.705,61.295
[SHELL] ccA:211,216606793,1075733,1.532,10.628,0.000,10.000,3.45884,3.51132,23.65,-1.419,6.981,-1.419,6.981,-1.388,1.432,1.00000,49.268,1.447,12.178
[SHELL] ccB:211,22899,1,2.424,-11.623,9.199,61.125,38.875,59.957,60.611,39.055,60.945
[SHELL] ccA:212,216716757,1075734,1.422,11.412,0.000,10.000,3.51318,3.56566,23.59,-1.417,6.965,-1.417,6.965,-1.389,1.431,1.00000,49.268,1.125,11.161
[SHELL] ccB:212,2147515767,1,3.004,-10.862,7.858,61.396,38.604,58.871,61.125,38.875,59.957
[SHELL] ccA:213,216826781,1075735,1.242,11.543,0.000,10.000,3.57633,3.62881,23.59,-1.414,6.961,-1.414,6.961,-1.390,1.430,1.00000,49.268,1.269,11.673
[SHELL] ccB:213,22893,1,3.765,-11.514,7.749,61.688,38.312,57.609,61.396,38.604,58.871
[SHELL] ccA:214,216936773,1075736,1.350,11.458,0.000,10.000,3.63184,3.68432,23.59,-1.417,6.962,-1.417,6.962,-1.390,1.430,1.00000,49.268,1.735,11.325
[SHELL] ccB:214,2147515759,1,3.801,-11.260,7.459,61.918,38.082,56.468,61.688,38.312,57.609
[SHELL] ccA:215,217046833,1075737,1.664,11.366,0.000,10.000,3.69247,3.74496,23.69,-1.424,6.964,-1.424,6.964,-1.391,1.429,1.00000,49.268,1.914,11.140
[SHELL] ccB:215,22919,1,4.200,-11.188,6.988,62.130,37.870,55.188,61.918,38.082,56.468
[SHELL] ccA:216,217156817,1075738,1.724,10.898,0.000,10.000,3.74819,3.80067,23.69,-1.426,6.972,-1.426,6.972,-1.392,1.428,1.00000,49.268,1.333,9.988
[SHELL] ccB:216,2147515737,1,4.599,-10.064,5.466,62.293,37.707,54.014,62.130,37.870,55.188
[SHELL] ccA:217,217266777,1075739,1.523,10.130,0.000,10.000,3.80055,3.85303,23.58,-1.423,6.988,-1.423,6.988,-1.393,1.428,1.00000,49.268,1.511,9.403
[SHELL] ccB:217,22891,1,4.562,-9.521,4.958,62.421,37.579,52.919,62.293,37.707,54.014
[SHELL] ccA:218,217376821,1075740,1.359,9.397,0.000,10.000,3.86807,3.92056,23.67,-1.421,7.003,-1.421,7.003,-1.393,1.429,1.00000,49.268,1.081,8.795
[SHELL] ccB:218,2147515735,1,5.034,-8.832,3.799,62.531,37.469,51.480,62.421,37.579,52.919
[SHELL] ccA:219,217486817,1075741,1.502,8.953,0.000,10.000,3.92407,3.97655,23.66,-1.424,7.012,-1.424,7.012,-1.394,1.429,1.00000,49.268,2.334,8.818
[SHELL] ccB:219,22911,1,4.562,-9.122,4.560,62.577,37.423,50.259,62.531,37.469,51.480
[SHELL] ccA:220,217596817,1075742,1.798,8.812,0.000,10.000,3.97829,4.03077,23.63,-1.431,7.016,-1.431,7.016,-1.395,1.430,1.00000,49.268,1.445,8.816
[SHELL] ccB:220,2147515737,1,5.577,-8.832,3.255,62.574,37.426,49.059,62.577,37.423,50.259
[SHELL] ccA:221,217706809,1075743,1.764,8.922,0.000,10.000,4.03983,4.09231,23.63,-1.431,7.014,-1.431,7.014,-1.396,1.430,1.00000,49.268,1.832,9.237
[SHELL] ccB:221,22907,1,6.085,-9.267,3.182,62.514,37.486,47.720,62.574,37.426,49.059
[SHELL] ccA:222,217816825,1075744,1.428,9.118,0.000,10.000,4.10088,4.15337,23.63,-1.425,7.010,-1.425,7.010,-1.397,1.431,1.00000,49.268,0.603,9.182
[SHELL] ccB:222,2147515733,1,7.172,-8.578,1.406,62.404,37.596,46.420,62.514,37.486,47.720
[SHELL] ccA:223,217926805,1075745,1.263,9.075,0.000,10.000,4.15847,4.21095,23.63,-1.422,7.012,-1.422,7.012,-1.397,1.431,1.00000,49.268,2.014,8.698
[SHELL] ccB:223,22905,1,6.338,-8.615,2.276,62.267,37.733,45.197,62.404,37.596,46.420
[SHELL] ccA:224,218036801,1075746,1.144,8.872,0.000,10.000,4.21608,4.26857,23.64,-1.421,7.016,-1.421,7.016,-1.398,1.432,1.00000,49.268,-0.054,8.910
[SHELL] ccB:224,2147515745,1,7.861,-7.564,-0.297,62.095,37.905,43.986,62.267,37.733,45.197
[SHELL] ccA:225,218146817,1075747,0.657,8.497,0.000,10.000,4.27168,4.32417,23.63,-1.411,7.025,-1.411,7.025,-1.398,1.433,1.00000,49.268,0.723,7.469
[SHELL] ccB:225,22911,1,6.447,-6.549,0.102,61.900,38.100,42.856,62.095,37.905,43.986
[SHELL] ccA:226,218256901,1075748,0.732,8.256,0.000,10.000,4.33586,4.38833,23.71,-1.413,7.030,-1.413,7.030,-1.398,1.433,1.00000,49.268,1.536,9.177
[SHELL] ccB:226,2147515695,1,7.969,-8.143,0.174,61.620,38.380,41.540,61.900,38.100,42.856
[SHELL] ccA:227,218366853,1075749,1.352,8.688,0.000,10.000,4.39218,4.44467,23.73,-1.426,7.022,-1.426,7.022,-1.399,1.434,1.00000,49.268,1.613,8.931
[SHELL] ccB:227,22929,1,7.969,-7.745,-0.224,61.307,38.693,40.388,61.620,38.380,41.540
[SHELL] ccA:228,218476821,1075750,1.380,9.100,0.000,10.000,4.44891,4.50139,23.64,-1.427,7.015,-1.427,7.015,-1.400,1.434,1.00000,49.268,0.759,9.360
[SHELL] ccB:228,2147515735,1,8.839,-7.165,-1.674,60.961,39.039,39.297,61.307,38.693,40.388
[SHELL] ccA:229,218586877,1075751,0.901,9.343,0.000,10.000,4.50571,4.55820,23.76,-1.418,7.010,-1.418,7.010,-1.400,1.435,1.00000,49.268,0.473,9.723
[SHELL] ccB:229,22941,1,9.419,-6.839,-2.580,61.162,39.980,38.838,60.961,39.039,39.297
[SHELL] ccA:230,218696801,1075752,0.521,9.678,0.000,10.000,4.56680,4.61929,23.64,-1.411,7.003,-1.411,7.003,-1.401,1.435,1.00000,49.268,0.377,9.905
[SHELL] ccB:230,2147515745,1,9.745,-6.440,-3.305,61.477,41.173,38.523,61.162,39.980,38.838
[SHELL] ccA:231,218806857,1075753,0.454,9.862,0.000,10.000,4.61838,4.67086,23.72,-1.410,7.000,-1.410,7.000,-1.401,1.435,1.00000,49.268,0.589,9.917
[SHELL] ccB:231,22931,1,9.818,-6.223,-3.595,61.718,42.212,38.282,61.477,41.173,38.523
[SHELL] ccA:232,218916817,1075754,0.513,10.257,0.000,10.000,4.68127,4.73375,23.63,-1.411,6.992,-1.411,6.992,-1.401,1.435,1.00000,49.268,0.496,11.288
[SHELL] ccB:232,2147515737,1,11.267,-6.368,-4.900,61.967,43.519,38.033,61.718,42.212,38.282
[SHELL] ccA:233,219026833,1075755,0.794,10.367,0.000,10.000,4.74417,4.79663,23.63,-1.417,6.989,-1.417,6.989,-1.401,1.435,1.00000,49.268,1.594,8.974
[SHELL] ccB:233,22919,1,9.020,-5.643,-3.378,62.179,44.854,37.821,61.967,43.519,38.033
[SHELL] ccA:234,219136845,1075756,1.149,9.371,0.000,10.000,4.80094,4.85342,23.73,-1.425,7.010,-1.425,7.010,-1.402,1.435,1.00000,49.268,0.911,8.247
[SHELL] ccB:234,2147515723,1,8.295,-4.302,-3.994,62.366,46.058,37.634,62.179,44.854,37.821
[SHELL] ccA:235,219246821,1075757,1.067,8.239,0.000,10.000,4.85524,4.90774,23.66,-1.424,7.033,-1.424,7.033,-1.403,1.436,1.00000,49.268,0.855,7.489
[SHELL] ccB:235,22913,1,7.534,-3.577,-3.958,62.510,47.200,37.490,62.366,46.058,37.634
[SHELL] ccA:236,219356821,1075758,0.849,7.440,0.000,10.000,4.91831,4.97079,23.65,-1.420,7.050,-1.420,7.050,-1.403,1.437,1.00000,49.268,0.777,6.535
[SHELL] ccB:236,2147515735,1,6.556,-2.779,-3.776,62.614,48.546,37.386,62.510,47.200,37.490
[SHELL] ccA:237,219466805,1075759,0.553,6.925,0.000,10.000,4.97472,5.02720,23.63,-1.414,7.062,-1.414,7.062,-1.403,1.439,1.00000,49.268,-0.195,7.141
[SHELL] ccB:237,22905,1,6.846,-1.656,-5.190,62.660,49.756,37.340,62.614,48.546,37.386
[SHELL] ccA:238,219576837,1075760,0.300,6.824,0.000,10.000,5.02922,5.08171,23.70,-1.409,7.066,-1.409,7.066,-1.403,1.440,1.00000,49.268,0.814,6.480
[SHELL] ccB:238,2147515727,1,6.411,-2.127,-4.284,62.654,50.934,37.346,62.660,49.756,37.340
[SHELL] ccA:239,219686817,1075761,0.167,6.795,0.000,10.000,5.08952,5.14200,23.63,-1.407,7.068,-1.407,7.068,-1.403,1.442,1.00000,49.268,-0.763,7.081
[SHELL] ccB:239,22911,1,6.302,-0.279,-6.024,62.601,52.245,37.399,62.654,50.934,37.346
[SHELL] ccA:240,219796813,1075762,-0.045,6.785,0.000,10.000,5.14613,5.19861,23.63,-1.403,7.070,-1.403,7.070,-1.403,1.444,1.00000,49.268,0.531,6.500
[SHELL] ccB:240,2147515739,1,6.121,-1.112,-5.009,62.511,53.463,37.489,62.601,52.245,37.399
[SHELL] ccA:241,219906813,1075763,-0.332,6.955,0.000,10.000,5.20501,5.25749,23.63,-1.397,7.068,-1.397,7.068,-1.403,1.445,1.00000,49.268,-1.629,7.739
[SHELL] ccB:241,22909,1,6.048,1.389,-7.437,62.368,54.714,37.632,62.511,53.463,37.489
[SHELL] ccA:242,220016821,1075764,-0.882,7.475,0.000,10.000,5.26922,5.32169,23.64,-1.385,7.059,-1.385,7.059,-1.403,1.446,1.00000,49.268,-0.800,7.921
[SHELL] ccB:242,2147515735,1,6.302,1.062,-7.365,62.154,56.042,37.846,62.368,54.714,37.632
[SHELL] ccA:243,220126861,1075765,-1.058,7.730,0.000,10.000,5.32369,5.37617,23.70,-1.381,7.055,-1.381,7.055,-1.402,1.447,1.00000,49.268,-1.004,7.337
[SHELL] ccB:243,22933,1,5.432,1.642,-7.075,61.940,57.165,38.060,62.154,56.042,37.846
[SHELL] ccA:244,220236805,1075766,-0.960,7.667,0.000,10.000,5.37583,5.42831,23.64,-1.383,7.057,-1.383,7.057,-1.402,1.449,1.00000,49.268,-1.035,8.072
[SHELL] ccB:244,2147515743,1,5.722,2.150,-7.872,61.712,58.239,38.288,61.940,57.165,38.060
[SHELL] ccA:245,220346849,1075767,-0.817,8.063,0.000,10.000,5.43596,5.48845,23.73,-1.385,7.050,-1.385,7.050,-1.401,1.450,1.00000,49.268,-0.193,8.773
[SHELL] ccB:245,22927,1,6.447,1.932,-8.379,61.392,59.445,38.608,61.712,58.239,38.288
[SHELL] ccA:246,220456789,1075768,-0.359,8.555,0.000,10.000,5.49581,5.54829,23.62,-1.394,7.041,-1.394,7.041,-1.401,1.450,1.00000,49.268,-0.013,8.601
[SHELL] ccB:246,2147515751,1,6.085,2.222,-8.307,61.025,60.626,38.975,61.392,59.445,38.608
[SHELL] ccA:247,220566849,1075769,-0.153,9.011,0.000,10.000,5.55483,5.60731,23.69,-1.398,7.033,-1.398,7.033,-1.401,1.451,1.00000,49.268,-0.391,10.069
[SHELL] ccB:247,22927,1,6.411,3.527,-9.938,60.074,61.182,38.818,61.025,60.626,38.975
[SHELL] ccA:248,220676797,1075770,-0.282,9.758,0.000,10.000,5.60977,5.66226,23.61,-1.395,7.018,-1.395,7.018,-1.401,1.451,1.00000,49.268,-0.335,10.293
[SHELL] ccB:248,2147515747,1,6.157,4.071,-10.228,58.975,61.460,38.540,60.074,61.182,38.818
[SHELL] ccA:249,220786853,1075771,-0.418,10.189,0.000,10.000,5.67754,5.73002,23.70,-1.392,7.009,-1.392,7.009,-1.401,1.451,1.00000,49.268,-0.609,10.103
[SHELL] ccB:249,22929,1,5.251,4.868,-10.119,57.604,61.769,38.231,58.975,61.460,38.540
[SHELL] ccA:250,220896793,1075772,-0.364,10.284,0.000,10.000,5.72810,5.78059,23.61,-1.393,7.007,-1.393,7.007,-1.401,1.451,1.00000,49.268,0.096,10.635
[SHELL] ccB:250,2147515749,1,5.686,4.941,-10.626,56.559,61.974,38.026,57.604,61.769,38.231
[SHELL] ccA:251,221006849,1075773,-0.243,10.405,0.000,10.000,5.78792,5.84040,23.61,-1.396,7.004,-1.396,7.004,-1.401,1.450,1.00000,49.268,-0.556,10.248
[SHELL] ccB:251,22927,1,4.381,5.847,-10.228,55.298,62.176,37.824,56.559,61.974,38.026
[SHELL] ccA:252,221116841,1075774,-0.239,10.094,0.000,10.000,5.85338,5.90587,23.70,-1.396,7.011,-1.396,7.011,-1.400,1.450,1.00000,49.268,0.062,9.248
[SHELL] ccB:252,2147515725,1,3.910,5.303,-9.213,53.914,62.360,37.640,55.298,62.176,37.824
[SHELL] ccA:253,221226821,1075775,-0.237,9.314,0.000,10.000,5.90752,5.96000,23.66,-1.396,7.027,-1.396,7.027,-1.400,1.451,1.00000,49.268,-0.518,8.512
[SHELL] ccB:253,22913,1,2.641,5.702,-8.343,52.765,62.491,37.509,53.914,62.360,37.640
[SHELL] ccA:254,221336829,1075776,-0.513,8.456,0.000,10.000,5.96046,6.01294,23.70,-1.390,7.044,-1.390,7.044,-1.400,1.452,1.00000,49.268,-1.077,7.550
[SHELL] ccB:254,2147515731,1,1.373,5.810,-7.183,51.648,62.585,37.415,52.765,62.491,37.509
[SHELL] ccA:255,221446809,1075777,-0.800,8.046,0.000,10.000,6.01370,6.06617,23.59,-1.384,7.054,-1.384,7.054,-1.400,1.453,1.00000,49.268,-0.529,8.570
[SHELL] ccB:255,22907,1,1.772,6.390,-8.162,50.510,62.632,37.368,51.648,62.585,37.415
[SHELL] ccA:256,221556857,1075778,-0.827,8.144,0.000,10.000,6.08177,6.13425,23.71,-1.383,7.053,-1.383,7.053,-1.399,1.453,1.00000,49.268,-1.171,7.887
[SHELL] ccB:256,2147515717,1,0.431,6.680,-7.111,49.023,62.620,37.380,50.510,62.632,37.368
[SHELL] ccA:257,221666789,1075779,-0.789,8.528,0.000,10.000,6.13187,6.18435,23.61,-1.383,7.046,-1.383,7.046,-1.399,1.454,1.00000,49.268,-0.284,9.768
[SHELL] ccB:257,22897,1,1.192,7.804,-8.995,47.926,62.564,37.436,49.023,62.620,37.380
[SHELL] ccA:258,221776793,1075780,-1.033,9.081,0.000,10.000,6.19899,6.25147,23.62,-1.378,7.035,-1.378,7.035,-1.398,1.455,1.00000,49.268,-2.392,8.902
[SHELL] ccB:258,2147515749,1,-1.635,8.674,-7.038,46.487,62.437,37.563,47.926,62.564,37.436
[SHELL] ccA:259,221886961,1075781,-1.570,8.958,0.000,10.000,6.25139,0.02069,23.60,-1.366,7.038,-1.366,7.038,-1.398,1.455,1.00000,49.268,-1.210,8.263
[SHELL] ccB:259,22983,1,-0.947,7.659,-6.712,45.398,62.319,37.681,46.487,62.437,37.563
[SHELL] ccA:260,221997085,1075782,-1.900,8.671,0.000,10.000,0.02836,0.08084,23.92,-1.359,7.044,-1.359,7.044,-1.397,1.456,1.00000,49.268,-2.787,9.259
[SHELL] ccB:260,2147515603,1,-3.049,9.471,-6.422,44.145,62.149,37.851,45.398,62.319,37.681
[SHELL] ccA:261,222107013,1075783,-2.068,8.845,0.000,10.000,0.08534,0.13782,23.90,-1.354,7.042,-1.354,7.042,-1.396,1.456,1.00000,49.268,-1.487,8.602
[SHELL] ccB:261,23009,1,-2.215,8.420,-6.205,42.971,61.933,38.067,44.145,62.149,37.851
[SHELL] ccA:262,222216989,1075784,-1.905,8.591,0.000,10.000,0.13984,0.19233,23.76,-1.356,7.047,-1.356,7.047,-1.395,1.457,1.00000,49.268,-1.857,7.901
[SHELL] ccB:262,2147515651,1,-2.940,8.021,-5.081,41.845,61.704,38.296,42.971,61.933,38.067
[SHELL] ccA:263,222326993,1075785,-1.683,8.203,0.000,10.000,0.19820,0.25073,23.83,-1.360,7.061,-1.360,7.061,-1.394,1.458,1.00000,49.268,-1.532,8.408
[SHELL] ccB:263,22999,1,-3.158,8.456,-5.299,40.654,61.431,38.569,41.845,61.704,38.296
[SHELL] ccA:264,222436897,1075786,-1.500,8.682,0.000,10.000,0.25759,0.31013,23.71,-1.363,7.052,-1.363,7.052,-1.393,1.459,1.00000,49.268,-1.078,10.011
[SHELL] ccB:264,2147515697,1,-3.592,9.942,-6.350,39.495,61.074,38.926,40.654,61.431,38.569
[SHELL] ccA:265,222547057,1075787,-1.062,9.834,0.000,10.000,0.30836,0.36089,23.86,-1.371,7.030,-1.371,7.030,-1.392,1.459,1.00000,49.268,-0.562,10.907
[SHELL] ccB:265,23031,1,-3.846,10.776,-6.930,38.914,61.086,39.668,39.495,61.074,38.926
[SHELL] ccA:266,222656893,1075788,-0.734,10.782,0.000,10.000,0.37182,0.42435,23.71,-1.377,7.010,-1.377,7.010,-1.392,1.458,1.00000,49.268,-0.732,11.302
[SHELL] ccB:266,2147515699,1,-4.789,11.283,-6.495,38.579,61.421,40.956,38.914,61.086,39.668
[SHELL] ccA:267,222766897,1075789,-0.700,11.292,0.000,10.000,0.44306,0.49560,23.70,-1.378,6.999,-1.378,6.999,-1.392,1.458,1.00000,49.268,-0.771,11.658
[SHELL] ccB:267,22951,1,-5.695,11.682,-5.987,38.252,61.748,42.405,38.579,61.421,40.956
[SHELL] ccA:268,222876845,1075790,-0.837,11.522,0.000,10.000,0.49018,0.54272,23.70,-1.375,6.994,-1.375,6.994,-1.391,1.457,1.00000,49.268,-1.073,11.471
[SHELL] ccB:268,2147515723,1,-6.347,11.501,-5.154,38.070,61.930,43.371,38.252,61.748,42.405
[SHELL] ccA:269,222986837,1075791,-1.080,11.363,0.000,10.000,0.54849,0.60102,23.66,-1.369,6.996,-1.369,6.996,-1.391,1.456,1.00000,49.268,-1.403,10.850
[SHELL] ccB:269,22921,1,-6.854,10.812,-3.958,37.867,62.133,44.569,38.070,61.930,43.371
[SHELL] ccA:270,223096885,1075792,-1.178,10.988,0.000,10.000,0.60958,0.66211,23.71,-1.367,7.003,-1.367,7.003,-1.390,1.456,1.00000,49.268,-0.834,10.778
[SHELL] ccB:270,2147515703,1,-6.854,10.667,-3.813,37.689,62.311,45.846,37.867,62.133,44.569
[SHELL] ccA:271,223206889,1075793,-1.040,10.626,0.000,10.000,0.66797,0.72050,23.72,-1.369,7.010,-1.369,7.010,-1.390,1.455,1.00000,49.268,-1.089,10.095
[SHELL] ccB:271,22947,1,-7.108,9.833,-2.725,37.557,62.443,47.098,37.689,62.311,45.846
[SHELL] ccA:272,223317097,1075794,-0.933,10.205,0.000,10.000,0.72498,0.77752,23.72,-1.371,7.019,-1.371,7.019,-1.389,1.455,1.00000,49.268,-0.721,9.851
[SHELL] ccB:272,2147515597,1,-7.072,9.507,-2.435,37.467,62.533,48.329,37.557,62.443,47.098
[SHELL] ccA:273,223427301,1075795,-0.955,9.743,0.000,10.000,0.78548,0.83802,24.08,-1.370,7.028,-1.370,7.028,-1.389,1.456,1.00000,49.268,-1.287,9.175
[SHELL] ccB:273,23153,1,-7.398,8.529,-1.131,37.415,62.585,49.636,37.467,62.533,48.329
[SHELL] ccA:274,223537357,1075796,-1.093,9.466,0.000,10.000,0.83828,0.89081,24.15,-1.366,7.034,-1.366,7.034,-1.388,1.456,1.00000,49.268,-1.078,9.663
[SHELL] ccB:274,2147515467,1,-7.906,8.855,-0.949,37.413,62.587,50.774,37.415,62.585,49.636
[SHELL] ccA:275,223647317,1075797,-1.610,9.645,0.000,10.000,0.89921,0.95174,24.08,-1.355,7.030,-1.355,7.030,-1.387,1.456,1.00000,49.268,-2.998,10.077
[SHELL] ccB:275,23161,1,-9.754,8.275,1.479,37.471,62.529,52.067,37.413,62.587,50.774
[SHELL] ccA:276,223757293,1075798,-2.102,10.000,0.000,10.000,0.95839,1.01091,24.09,-1.344,7.023,-1.344,7.023,-1.386,1.456,1.00000,49.268,-1.336,10.184
[SHELL] ccB:276,2147515499,1,-9.102,8.674,0.428,37.577,62.423,53.314,37.471,62.529,52.067
[SHELL] ccA:277,223867313,1075799,-2.191,10.136,0.000,10.000,1.02017,1.07271,24.12,-1.341,7.021,-1.341,7.021,-1.385,1.456,1.00000,49.268,-3.094,10.099
[SHELL] ccB:277,23159,1,-10.225,7.405,2.820,37.723,62.277,54.628,37.577,62.423,53.314
[SHELL] ccA:278,223977293,1075800,-2.011,10.255,0.000,10.000,1.07594,1.12848,24.11,-1.344,7.018,-1.344,7.018,-1.384,1.456,1.00000,49.268,-0.521,10.638
[SHELL] ccB:278,2147515499,1,-9.609,8.782,0.827,37.896,62.104,55.813,37.723,62.277,54.628
[SHELL] ccA:279,224087301,1075801,-1.561,10.487,0.000,10.000,1.13600,1.18853,24.12,-1.352,7.013,-1.352,7.013,-1.383,1.456,1.00000,49.268,-2.108,10.575
[SHELL] ccB:279,23153,1,-10.479,7.441,3.037,38.130,61.870,57.084,37.896,62.104,55.813
[SHELL] ccA:280,224197285,1075802,-1.501,10.556,0.000,10.000,1.18713,1.23966,24.09,-1.353,7.012,-1.353,7.012,-1.383,1.455,1.00000,49.268,-1.268,10.437
[SHELL] ccB:280,2147515503,1,-10.153,7.441,2.711,38.358,61.642,58.126,38.130,61.870,57.084
[SHELL] ccA:281,224307297,1075803,-1.399,10.752,0.000,10.000,1.25273,1.30526,24.09,-1.354,7.007,-1.354,7.007,-1.382,1.455,1.00000,49.268,-0.952,11.558
[SHELL] ccB:281,23151,1,-11.276,7.985,3.291,38.698,61.302,59.430,38.358,61.642,58.126
[SHELL] ccA:282,224417261,1075804,-0.697,11.484,0.000,10.000,1.30777,1.36029,24.00,-1.368,6.992,-1.368,6.992,-1.382,1.454,1.00000,49.268,0.383,12.381
[SHELL] ccB:282,2147515515,1,-11.856,9.036,2.820,39.048,60.952,60.518,38.698,61.302,59.430
[SHELL] ccA:283,224527249,1075805,-0.153,12.270,0.000,10.000,1.36706,1.41960,24.03,-1.379,6.975,-1.379,6.975,-1.382,1.453,1.00000,49.268,-0.424,12.759
[SHELL] ccB:283,23127,1,-12.581,8.166,4.415,38.913,59.990,61.087,39.048,60.952,60.518
[SHELL] ccA:284,224637305,1075806,-0.158,12.631,0.000,10.000,1.42201,1.47455,24.11,-1.378,6.966,-1.378,6.966,-1.381,1.452,1.00000,49.268,-0.168,12.623
[SHELL] ccB:284,2147515493,1,-12.508,7.731,4.777,38.625,58.905,61.375,38.913,59.990,61.087
[SHELL] ccA:285,224747245,1075807,-0.135,12.710,0.000,10.000,1.47927,1.53180,24.03,-1.379,6.964,-1.379,6.964,-1.381,1.450,1.00000,49.268,0.219,12.836
[SHELL] ccB:285,23125,1,-12.762,7.586,5.176,38.354,57.758,61.646,38.625,58.905,61.375
[SHELL] ccA:286,224857301,1075808,0.292,12.573,0.000,10.000,1.54002,1.59256,24.12,-1.387,6.965,-1.387,6.965,-1.382,1.449,1.00000,49.268,0.897,11.998
[SHELL] ccB:286,2147515495,1,-11.965,7.079,4.886,38.093,56.497,61.907,38.354,57.758,61.646
[SHELL] ccA:287,224967305,1075809,0.767,12.149,0.000,10.000,1.59371,1.64625,24.02,-1.397,6.972,-1.397,6.972,-1.382,1.448,1.00000,49.268,1.055,11.763
[SHELL] ccB:287,23155,1,-11.784,6.572,5.212,37.890,55.364,62.110,38.093,56.497,61.907
[SHELL] ccA:288,225077293,1075810,0.846,11.502,0.000,10.000,1.65575,1.70829,24.13,-1.399,6.985,-1.399,6.985,-1.382,1.447,1.00000,49.268,0.378,10.485
[SHELL] ccB:288,2147515499,1,-10.479,4.796,5.683,37.700,54.061,62.300,37.890,55.364,62.110
[SHELL] ccA:289,225187289,1075811,0.461,10.828,0.000,10.000,1.71376,1.76630,24.02,-1.392,6.998,-1.392,6.998,-1.383,1.447,1.00000,49.268,0.033,10.582
[SHELL] ccB:289,23147,1,-10.479,3.962,6.517,37.567,52.854,62.433,37.700,54.061,62.300
[SHELL] ccA:290,225297389,1075812,0.134,10.222,0.000,10.000,1.77549,1.82802,24.20,-1.385,7.010,-1.385,7.010,-1.383,1.447,1.00000,49.268,0.091,9.240
[SHELL] ccB:290,2147515451,1,-9.065,2.983,6.082,37.472,51.549,62.528,37.567,52.854,62.433
[SHELL] ccA:291,225407333,1075813,0.240,9.713,0.000,10.000,1.83425,1.88679,24.10,-1.388,7.020,-1.388,7.020,-1.383,1.447,1.00000,49.268,0.744,9.789
[SHELL] ccB:291,23169,1,-9.645,3.237,6.408,37.423,50.272,62.577,37.472,51.549,62.528
[SHELL] ccA:292,225517345,1075814,0.483,9.568,0.000,10.000,1.89841,1.95095,24.13,-1.393,7.023,-1.393,7.023,-1.383,1.447,1.00000,49.268,0.352,9.455
[SHELL] ccB:292,2147515473,1,-9.065,2.186,6.879,37.432,48.860,62.568,37.423,50.272,62.577
[SHELL] ccA:293,225627337,1075815,0.423,9.616,0.000,10.000,1.94659,1.99912,24.10,-1.392,7.022,-1.392,7.022,-1.383,1.447,1.00000,49.268,0.243,9.766
[SHELL] ccB:293,23171,1,-9.174,1.679,7.495,37.480,47.816,62.520,37.432,48.860,62.568
[SHELL] ccA:294,225737277,1075816,-0.256,9.746,0.000,10.000,2.00181,2.05435,24.06,-1.378,7.020,-1.378,7.020,-1.383,1.447,1.00000,49.268,-1.863,9.997
[SHELL] ccB:294,2147515507,1,-8.304,-0.931,9.235,37.574,46.664,62.426,37.480,47.816,62.520
[SHELL] ccA:295,225847273,1075817,-0.834,10.099,0.000,10.000,2.06645,2.11899,24.06,-1.366,7.013,-1.366,7.013,-1.383,1.447,1.00000,49.268,0.149,10.637
[SHELL] ccB:295,23139,1,-9.428,0.446,8.981,37.736,45.317,62.264,37.574,46.664,62.426
[SHELL] ccA:296,225957277,1075818,-0.417,10.404,0.000,10.000,2.12522,2.17775,24.06,-1.374,7.006,-1.374,7.006,-1.382,1.447,1.00000,49.268,-0.105,10.344
[SHELL] ccB:296,2147515507,1,-8.739,-0.424,9.163,37.928,44.055,62.072,37.736,45.317,62.264
[SHELL] ccA:297,226067309,1075819,-0.025,10.405,0.000,10.000,2.18098,2.23351,24.05,-1.382,7.006,-1.382,7.006,-1.382,1.447,1.00000,49.268,-0.041,10.294
[SHELL] ccB:297,23157,1,-8.413,-0.931,9.344,38.140,42.875,61.860,37.928,44.055,62.072
[SHELL] ccA:298,226177281,1075820,-0.022,10.523,0.000,10.000,2.24545,2.29798,24.05,-1.382,7.004,-1.382,7.004,-1.382,1.447,1.00000,49.268,0.097,11.160
[SHELL] ccB:298,2147515505,1,-8.775,-1.583,10.359,38.435,41.568,61.565,38.140,42.875,61.860
[SHELL] ccA:299,226287309,1075821,0.226,11.010,0.000,10.000,2.29874,2.35128,24.12,-1.387,6.993,-1.387,6.993,-1.383,1.446,1.00000,49.268,0.751,11.425
[SHELL] ccB:299,23157,1,-9.029,-1.583,10.612,38.730,40.506,61.270,38.435,41.568,61.565
[SHELL] ccA:300,226397249,1075822,0.457,11.295,0.000,10.000,2.35308,2.40562,24.06,-1.392,6.987,-1.392,6.987,-1.383,1.445,1.00000,49.268,0.231,11.171
[SHELL] ccB:300,2147515521,1,-8.087,-2.634,10.721,39.058,39.451,60.942,38.730,40.506,61.270
[SHELL] ccA:301,226507217,1075823,0.570,11.648,0.000,10.000,2.40668,2.45922,24.01,-1.394,6.979,-1.394,6.979,-1.383,1.445,1.00000,49.268,1.068,12.825
[SHELL] ccB:301,23111,1,-9.392,-2.924,12.316,39.895,38.933,61.067,39.058,39.451,60.942
[SHELL] ccA:302,226617217,1075824,0.920,12.404,0.000,10.000,2.46985,2.52239,24.00,-1.402,6.963,-1.402,6.963,-1.384,1.443,1.00000,49.268,1.316,12.795
[SHELL] ccB:302,2147515537,1,-8.993,-3.468,12.461,41.172,38.603,61.397,39.895,38.933,61.067
[SHELL] ccA:303,226727257,1075825,1.612,12.972,0.000,10.000,2.53159,2.58412,24.06,-1.417,6.950,-1.417,6.950,-1.384,1.442,1.00000,49.268,2.749,13.473
[SHELL] ccB:303,23131,1,-9.971,-3.214,13.186,42.466,38.316,61.684,41.172,38.603,61.397
[SHELL] ccA:304,226837289,1075826,2.183,12.885,0.000,10.000,2.58832,2.64084,23.99,-1.429,6.950,-1.429,6.950,-1.385,1.441,1.00000,49.268,1.920,11.798
[SHELL] ccB:304,2147515501,1,-7.833,-3.903,11.736,43.658,38.077,61.923,42.466,38.316,61.684
[SHELL] ccA:305,226947209,1075827,2.181,12.267,0.000,10.000,2.65034,2.70288,24.01,-1.430,6.961,-1.430,6.961,-1.387,1.439,1.00000,49.268,2.135,11.999
[SHELL] ccB:305,23107,1,-7.543,-4.519,12.062,44.939,37.854,62.146,43.658,38.077,61.923
[SHELL] ccA:306,227057277,1075828,2.021,12.053,0.000,10.000,2.70515,2.75768,24.06,-1.428,6.965,-1.428,6.965,-1.388,1.438,1.00000,49.268,1.892,12.416
[SHELL] ccB:306,2147515507,1,-6.963,-5.570,12.533,46.089,37.709,62.291,44.939,37.854,62.146
[SHELL] ccA:307,227167257,1075829,1.846,11.597,0.000,10.000,2.76708,2.81961,24.07,-1.425,6.973,-1.425,6.973,-1.388,1.438,1.00000,49.268,1.466,9.558
[SHELL] ccB:307,23131,1,-4.861,-4.809,9.670,47.399,37.580,62.420,46.089,37.709,62.291
[SHELL] ccA:308,227277269,1075830,1.691,10.316,0.000,10.000,2.81791,2.87044,24.08,-1.423,6.999,-1.423,6.999,-1.389,1.437,1.00000,49.268,1.939,9.733
[SHELL] ccB:308,2147515511,1,-4.934,-4.990,9.924,48.468,37.478,62.522,47.399,37.580,62.420
[SHELL] ccA:309,227387273,1075831,1.747,9.678,0.000,10.000,2.88337,2.93590,24.10,-1.425,7.011,-1.425,7.011,-1.390,1.438,1.00000,49.268,1.645,9.687
[SHELL] ccB:309,23139,1,-4.064,-5.715,9.779,49.888,37.424,62.576,48.468,37.478,62.522
[SHELL] ccA:310,227497269,1075832,1.718,10.048,0.000,10.000,2.93520,2.98773,24.10,-1.425,7.004,-1.425,7.004,-1.391,1.438,1.00000,49.268,1.645,11.087
[SHELL] ccB:310,2147515511,1,-3.882,-7.165,11.047,51.020,37.450,62.550,49.888,37.424,62.576
[SHELL] ccA:311,227607213,1075833,1.233,10.521,0.000,10.000,2.99836,3.05089,23.99,-1.416,6.994,-1.416,6.994,-1.392,1.437,1.00000,49.268,-0.005,10.221
[SHELL] ccB:311,23109,1,-1.454,-8.035,9.489,52.366,37.531,62.469,51.020,37.450,62.550
[SHELL] ccA:312,227717249,1075834,0.693,10.626,0.000,10.000,3.06257,3.11511,24.06,-1.406,6.992,-1.406,6.992,-1.392,1.437,1.00000,49.268,1.135,10.973
[SHELL] ccB:312,2147515521,1,-1.998,-8.397,10.395,53.715,37.649,62.351,52.366,37.531,62.469
[SHELL] ccA:313,227827209,1075835,0.525,10.435,0.000,10.000,3.11627,3.16881,24.00,-1.403,6.995,-1.403,6.995,-1.392,1.437,1.00000,49.268,-0.166,9.572
[SHELL] ccB:313,23107,1,-0.077,-8.252,8.329,54.849,37.775,62.225,53.715,37.649,62.351
[SHELL] ccA:314,227937213,1075836,0.372,9.997,0.000,10.000,3.17746,3.23000,24.00,-1.400,7.004,-1.400,7.004,-1.392,1.437,1.00000,49.268,0.685,9.869
[SHELL] ccB:314,2147515539,1,-0.331,-8.397,8.728,56.128,37.953,62.047,54.849,37.775,62.225
[SHELL] ccA:315,228047269,1075837,0.581,9.716,0.000,10.000,3.22771,3.28025,24.09,-1.404,7.010,-1.404,7.010,-1.393,1.437,1.00000,49.268,1.120,9.554
[SHELL] ccB:315,23137,1,-0.294,-8.180,8.474,57.184,38.137,61.863,56.128,37.953,62.047
[SHELL] ccA:316,228157217,1075838,1.143,9.814,0.000,10.000,3.29320,3.34573,24.00,-1.416,7.008,-1.416,7.008,-1.393,1.437,1.00000,49.268,1.648,10.279
[SHELL] ccB:316,2147515537,1,-0.077,-8.977,9.054,58.548,38.442,61.558,57.184,38.137,61.863
[SHELL] ccA:317,228267221,1075839,1.527,10.227,0.000,10.000,3.34956,3.40209,24.00,-1.425,7.000,-1.425,7.000,-1.394,1.437,1.00000,49.268,1.690,10.796
[SHELL] ccB:317,23113,1,0.576,-9.738,9.163,59.680,38.756,61.244,58.548,38.442,61.558
[SHELL] ccA:318,228377213,1075840,1.658,10.720,0.000,10.000,3.40999,3.46253,23.99,-1.428,6.990,-1.428,6.990,-1.395,1.437,1.00000,49.268,1.603,11.007
[SHELL] ccB:318,2147515539,1,1.373,-10.246,8.873,60.839,39.133,60.867,59.680,38.756,61.244
[SHELL] ccA:319,228487285,1075841,1.487,11.088,0.000,10.000,3.46862,3.52115,24.11,-1.425,6.982,-1.425,6.982,-1.396,1.436,1.00000,49.268,1.050,11.543
[SHELL] ccB:319,23145,1,2.714,-11.115,8.402,61.188,38.812,59.753,60.839,39.133,60.867
[SHELL] ccA:320,228597213,1075842,1.106,11.493,0.000,10.000,3.52433,3.57686,24.00,-1.418,6.973,-1.418,6.973,-1.396,1.435,1.00000,49.268,0.723,11.878
[SHELL] ccB:320,2147515539,1,3.765,-11.659,7.894,61.465,38.535,58.660,61.188,38.812,59.753
[SHELL] ccA:321,228707297,1075843,0.800,11.707,0.000,10.000,3.58816,3.64069,24.12,-1.413,6.968,-1.413,6.968,-1.397,1.434,1.00000,49.268,0.704,11.530
[SHELL] ccB:321,23151,1,4.345,-11.442,7.097,61.747,38.253,57.383,61.465,38.535,58.660
[SHELL] ccA:322,228817249,1075844,0.850,11.531,0.000,10.000,3.64045,3.69299,24.01,-1.414,6.970,-1.414,6.970,-1.397,1.434,1.00000,49.268,1.271,11.187
[SHELL] ccB:322,2147515521,1,4.236,-11.152,6.916,61.960,38.040,56.309,61.747,38.253,57.383
[SHELL] ccA:323,228927217,1075845,1.240,11.184,0.000,10.000,3.70961,3.76214,24.00,-1.422,6.977,-1.422,6.977,-1.398,1.433,1.00000,49.268,1.716,10.833
[SHELL] ccB:323,23111,1,4.381,-10.898,6.517,62.199,37.801,54.848,61.960,38.040,56.309
[SHELL] ccA:324,229037261,1075846,1.658,10.740,0.000,10.000,3.76220,3.81473,24.09,-1.432,6.985,-1.432,6.985,-1.398,1.433,1.00000,49.268,1.928,10.106
[SHELL] ccB:324,2147515515,1,4.309,-10.246,5.937,62.349,37.651,53.714,62.199,37.801,54.848
[SHELL] ccA:325,229147213,1075847,1.850,10.035,0.000,10.000,3.82295,3.87548,23.99,-1.436,6.999,-1.436,6.999,-1.399,1.433,1.00000,49.268,1.826,9.093
[SHELL] ccB:325,23109,1,4.309,-9.267,4.958,62.483,37.517,52.408,62.349,37.651,53.714
[SHELL] ccA:326,229257277,1075848,1.756,9.449,0.000,10.000,3.87916,3.93169,24.07,-1.435,7.011,-1.435,7.011,-1.400,1.433,1.00000,49.268,1.442,9.504
[SHELL] ccB:326,2147515507,1,5.323,-9.593,4.270,62.561,37.439,51.201,62.483,37.517,52.408
[SHELL] ccA:327,229367241,1075849,1.472,9.359,0.000,10.000,3.94046,3.99299,24.03,-1.430,7.013,-1.430,7.013,-1.401,1.433,1.00000,49.268,1.178,9.335
[SHELL] ccB:327,23123,1,5.867,-9.303,3.436,62.582,37.418,49.882,62.561,37.439,51.201
[SHELL] ccA:328,229477249,1075850,1.235,9.548,0.000,10.000,3.99611,4.04864,24.09,-1.426,7.010,-1.426,7.010,-1.402,1.433,1.00000,49.268,1.140,10.020
[SHELL] ccB:328,2147515521,1,6.809,-9.847,3.037,62.551,37.449,48.681,62.582,37.418,49.882
[SHELL] ccA:329,229587189,1075851,1.183,9.783,0.000,10.000,4.05124,4.10377,23.98,-1.426,7.005,-1.426,7.005,-1.402,1.434,1.00000,49.268,1.277,9.758
[SHELL] ccB:329,23097,1,6.918,-9.521,2.603,62.482,37.518,47.485,62.551,37.449,48.681
[SHELL] ccA:330,229697229,1075852,0.960,9.752,0.000,10.000,4.10905,4.16159,24.06,-1.422,7.006,-1.422,7.006,-1.403,1.434,1.00000,49.268,0.145,9.470
[SHELL] ccB:330,2147515531,1,7.716,-8.615,0.899,62.379,37.621,46.253,62.482,37.518,47.485
[SHELL] ccA:331,229807205,1075853,0.473,9.497,0.000,10.000,4.16999,4.22252,23.97,-1.412,7.011,-1.412,7.011,-1.403,1.434,1.00000,49.268,0.326,9.290
[SHELL] ccB:331,23105,1,7.788,-8.288,0.500,62.234,37.766,44.982,62.379,37.621,46.253
[SHELL] ccA:332,229917177,1075854,0.096,9.370,0.000,10.000,4.23025,4.28278,23.97,-1.405,7.014,-1.405,7.014,-1.403,1.434,1.00000,49.268,-0.414,9.433
[SHELL] ccB:332,2147515557,1,8.549,-7.745,-0.804,62.043,37.957,43.737,62.234,37.766,44.982
[SHELL] ccA:333,230027229,1075855,0.074,9.498,0.000,10.000,4.29252,4.34505,24.03,-1.405,7.012,-1.405,7.012,-1.403,1.435,1.00000,49.268,0.798,9.838
[SHELL] ccB:333,23117,1,8.658,-8.433,-0.224,61.791,38.209,42.453,62.043,37.957,43.737
[SHELL] ccA:334,230137249,1075856,0.422,9.829,0.000,10.000,4.34557,4.39811,24.09,-1.412,7.005,-1.412,7.005,-1.403,1.435,1.00000,49.268,0.506,10.207
[SHELL] ccB:334,2147515521,1,9.347,-8.252,-1.094,61.530,38.470,41.364,61.791,38.209,42.453
[SHELL] ccA:335,230247233,1075857,0.616,10.075,0.000,10.000,4.40620,4.45874,24.06,-1.416,7.000,-1.416,7.000,-1.404,1.435,1.00000,49.268,0.653,10.047
[SHELL] ccB:335,23119,1,9.383,-7.854,-1.529,61.196,38.804,40.161,61.530,38.470,41.364
[SHELL] ccA:336,230357237,1075858,0.706,10.247,0.000,10.000,4.45341,4.50594,24.06,-1.418,6.997,-1.418,6.997,-1.404,1.434,1.00000,49.268,1.011,10.687
[SHELL] ccB:336,2147515527,1,10.071,-8.252,-1.819,60.908,39.092,39.255,61.196,38.804,40.161
[SHELL] ccA:337,230467229,1075859,0.995,10.605,0.000,10.000,4.51850,4.57104,24.06,-1.424,6.989,-1.424,6.989,-1.404,1.434,1.00000,49.268,1.305,11.000
[SHELL] ccB:337,23117,1,10.543,-8.216,-2.327,61.213,40.283,38.787,60.908,39.092,39.255
[SHELL] ccA:338,230577189,1075860,1.327,11.041,0.000,10.000,4.58148,4.63402,23.97,-1.432,6.980,-1.432,6.980,-1.405,1.434,1.00000,49.268,1.686,11.477
[SHELL] ccB:338,2147515551,1,11.159,-8.325,-2.834,61.538,41.558,38.462,61.213,40.283,38.787
[SHELL] ccA:339,230687177,1075861,1.651,11.232,0.000,10.000,4.63672,4.68925,23.96,-1.439,6.976,-1.439,6.976,-1.406,1.433,1.00000,49.268,1.928,10.973
[SHELL] ccB:339,23091,1,10.796,-7.781,-3.015,61.789,42.701,38.211,61.538,41.558,38.462
[SHELL] ccA:340,230797173,1075862,1.744,10.897,0.000,10.000,4.69828,4.75082,23.96,-1.442,6.982,-1.442,6.982,-1.407,1.433,1.00000,49.268,1.436,10.165
[SHELL] ccB:340,2147515559,1,10.144,-6.440,-3.704,62.038,43.969,37.962,61.789,42.701,38.211
[SHELL] ccA:341,230907177,1075863,1.635,10.182,0.000,10.000,4.75601,4.80855,23.97,-1.440,6.996,-1.440,6.996,-1.408,1.432,1.00000,49.268,1.741,9.425
[SHELL] ccB:341,23091,1,9.492,-5.896,-3.595,62.241,45.161,37.759,62.038,43.969,37.962
[SHELL] ccA:342,231017233,1075864,1.377,9.651,0.000,10.000,4.81622,4.86876,24.06,-1.436,7.007,-1.436,7.007,-1.408,1.433,1.00000,49.268,0.589,9.591
[SHELL] ccB:342,2147515529,1,9.600,-4.447,-5.154,62.402,46.421,37.598,62.241,45.161,37.759
[SHELL] ccA:343,231127189,1075865,0.957,9.087,0.000,10.000,4.86578,4.91832,23.97,-1.428,7.019,-1.428,7.019,-1.409,1.433,1.00000,49.268,0.911,7.740
[SHELL] ccB:343,23097,1,7.788,-3.649,-4.139,62.504,47.455,37.496,62.402,46.421,37.598
[SHELL] ccA:344,231237213,1075866,0.806,8.198,0.000,10.000,4.92953,4.98206,23.97,-1.425,7.037,-1.425,7.037,-1.409,1.434,1.00000,49.268,0.814,7.722
[SHELL] ccB:344,2147515539,1,7.716,-3.106,-4.610,62.603,48.818,37.397,62.504,47.455,37.496
[SHELL] ccA:345,231347189,1075867,0.701,7.963,0.000,10.000,4.99284,5.04537,23.97,-1.424,7.043,-1.424,7.043,-1.410,1.435,1.00000,49.268,0.265,8.670
[SHELL] ccB:345,23097,1,8.404,-2.344,-6.060,62.630,50.193,37.370,62.603,48.818,37.397
[SHELL] ccA:346,231457265,1075868,0.645,8.316,0.000,10.000,5.04840,5.10094,24.06,-1.423,7.037,-1.423,7.037,-1.410,1.436,1.00000,49.268,1.235,8.202
[SHELL] ccB:346,2147515513,1,8.151,-2.743,-5.407,62.594,51.408,37.406,62.630,50.193,37.370
[SHELL] ccA:347,231567173,1075869,0.499,8.476,0.000,10.000,5.10892,5.16146,23.96,-1.420,7.035,-1.420,7.035,-1.410,1.437,1.00000,49.268,-0.738,8.831
[SHELL] ccB:347,23089,1,7.861,-0.387,-7.473,62.517,52.717,37.483,62.594,51.408,37.406
[SHELL] ccA:348,231677229,1075870,0.109,8.722,0.000,10.000,5.16749,5.22002,24.09,-1.412,7.030,-1.412,7.030,-1.410,1.437,1.00000,49.708,0.677,9.025
[SHELL] ccB:348,2147515531,1,8.404,-1.293,-7.111,62.286,53.923,37.714,62.517,52.717,37.483
[SHELL] ccA:349,231787185,1075871,-0.047,8.952,0.000,10.000,5.22407,5.27661,23.97,-1.409,7.026,-1.409,7.026,-1.410,1.438,1.00000,49.708,-0.806,8.928
[SHELL] ccB:349,23095,1,7.389,0.700,-8.089,62.131,55.110,37.869,62.286,53.923,37.714
[SHELL] ccA:350,231897213,1075872,-0.240,8.931,0.000,10.000,5.28354,5.33607,23.98,-1.405,7.027,-1.405,7.027,-1.410,1.438,1.00000,49.268,-0.026,8.843
[SHELL] ccB:350,2147515539,1,7.426,0.446,-7.872,62.044,56.394,37.956,62.131,55.110,37.869
[SHELL] ccA:351,232007229,1075873,-0.300,8.988,0.000,10.000,5.34082,5.39336,24.06,-1.404,7.026,-1.404,7.026,-1.410,1.439,1.00000,49.268,-0.341,9.338
[SHELL] ccB:351,23117,1,7.353,1.316,-8.669,61.812,57.574,38.188,62.044,56.394,37.956
[SHELL] ccA:352,232117189,1075874,-0.089,9.074,0.000,10.000,5.38910,5.44163,23.97,-1.408,7.025,-1.408,7.025,-1.410,1.439,1.00000,49.268,0.353,8.776
[SHELL] ccB:352,2147515551,1,7.063,0.990,-8.053,61.583,58.564,38.417,61.812,57.574,38.188
[SHELL] ccA:353,232227201,1075875,-0.017,9.602,0.000,10.000,5.46011,5.51263,23.96,-1.409,7.015,-1.409,7.015,-1.410,1.439,1.00000,49.268,-0.434,11.518
[SHELL] ccB:353,23103,1,8.151,2.983,-11.134,61.185,59.961,38.815,61.583,58.564,38.417
[SHELL] ccA:354,232337225,1075876,0.197,10.689,0.000,10.000,5.52419,5.57672,24.03,-1.414,6.993,-1.414,6.993,-1.410,1.439,1.00000,49.268,1.304,10.942
[SHELL] ccB:354,2147515533,1,8.477,1.860,-10.337,60.546,60.963,39.037,61.185,59.961,38.815
[SHELL] ccA:355,232447213,1075877,0.731,11.145,0.000,10.000,5.57261,5.62514,24.03,-1.425,6.983,-1.425,6.983,-1.410,1.439,1.00000,49.708,0.751,11.178
[SHELL] ccB:355,23109,1,7.861,2.983,-10.844,59.485,61.144,38.856,60.546,60.963,39.037
[SHELL] ccA:356,232557189,1075878,0.699,11.405,0.000,10.000,5.63167,5.68421,23.97,-1.425,6.977,-1.425,6.977,-1.411,1.438,1.00000,49.708,-0.011,12.320
[SHELL] ccB:356,2147515551,1,7.462,4.759,-12.221,58.320,61.439,38.561,59.485,61.144,38.856
[SHELL] ccA:357,232667181,1075879,0.194,11.482,0.000,10.000,5.69076,5.74330,23.97,-1.415,6.975,-1.415,6.975,-1.411,1.437,1.00000,49.268,0.049,10.110
[SHELL] ccB:357,23093,1,5.686,4.397,-10.083,57.222,61.795,38.205,58.320,61.439,38.561
[SHELL] ccA:358,232777209,1075880,0.386,10.904,0.000,10.000,5.75045,5.80299,23.97,-1.419,6.986,-1.419,6.986,-1.411,1.437,1.00000,49.268,1.459,11.075
[SHELL] ccB:358,2147515541,1,6.882,4.179,-11.061,55.995,62.043,37.957,57.222,61.795,38.205
[SHELL] ccA:359,232887189,1075881,1.034,10.765,0.000,10.000,5.80830,5.86083,23.97,-1.432,6.988,-1.432,6.988,-1.411,1.436,1.00000,49.268,1.167,10.800
[SHELL] ccB:359,23097,1,5.976,4.868,-10.844,54.745,62.237,37.763,55.995,62.043,37.957
[SHELL] ccA:360,232997265,1075882,1.347,10.342,0.000,10.000,5.86881,5.92135,24.05,-1.439,6.997,-1.439,6.997,-1.412,1.436,1.00000,49.268,1.597,8.692
[SHELL] ccB:360,2147515513,1,4.961,3.853,-8.814,53.443,62.398,37.602,54.745,62.237,37.763
[SHELL] ccA:361,233107233,1075883,1.305,9.410,0.000,10.000,5.92852,5.98105,24.05,-1.439,7.016,-1.439,7.016,-1.413,1.436,1.00000,49.268,0.861,9.457
[SHELL] ccB:361,23119,1,4.091,5.375,-9.467,52.174,62.526,37.474,53.443,62.398,37.602
[SHELL] ccA:362,233217221,1075884,0.760,8.911,0.000,10.000,5.98944,6.04197,24.06,-1.428,7.026,-1.428,7.026,-1.413,1.437,1.00000,49.268,-0.278,8.038
[SHELL] ccB:362,2147515535,1,2.062,5.702,-7.763,50.887,62.593,37.407,52.174,62.526,37.474
[SHELL] ccA:363,233327217,1075885,0.236,8.665,0.000,10.000,6.05164,6.10418,24.03,-1.418,7.032,-1.418,7.032,-1.413,1.438,1.00000,49.268,0.637,9.126
[SHELL] ccB:363,23111,1,2.714,6.209,-8.923,49.564,62.607,37.393,50.887,62.593,37.407
[SHELL] ccA:364,233437237,1075886,0.111,8.751,0.000,10.000,6.10420,6.15681,24.06,-1.416,7.037,-1.416,7.037,-1.413,1.438,1.00000,49.268,-0.550,8.715
[SHELL] ccB:364,2147515527,1,1.010,7.006,-8.017,48.425,62.585,37.415,49.564,62.607,37.393
[SHELL] ccA:365,233549449,1075887,0.036,9.141,0.000,10.000,6.16598,6.21858,25.22,-1.414,7.030,-1.414,7.030,-1.413,1.439,1.00000,49.268,0.606,10.006
[SHELL] ccB:365,24227,1,1.772,7.659,-9.430,47.086,62.492,37.508,48.425,62.585,37.415
[SHELL] ccA:366,233657237,1075888,-0.102,9.468,0.000,10.000,6.21830,6.27090,24.03,-1.411,7.024,-1.411,7.024,-1.413,1.439,1.00000,49.708,-1.071,9.147
[SHELL] ccB:366,2147515527,1,-0.476,8.202,-7.727,46.002,62.266,37.734,47.086,62.492,37.508
[SHELL] ccA:367,233767165,1075889,-0.744,9.178,0.000,10.000,6.27603,0.04544,23.96,-1.398,7.030,-1.398,7.030,-1.413,1.439,1.00000,49.708,-1.442,8.413
[SHELL] ccB:367,23085,1,-1.382,7.985,-6.603,44.822,62.125,37.875,46.002,62.266,37.734
[SHELL] ccA:368,233877141,1075890,-1.240,8.840,0.000,10.000,0.05196,0.10456,23.97,-1.387,7.037,-1.387,7.037,-1.412,1.440,1.00000,49.708,-1.004,9.387
[SHELL] ccB:368,2147515575,1,-1.490,8.819,-7.328,43.620,61.941,38.059,44.822,62.125,37.875
[SHELL] ccA:369,233987109,1075891,-0.742,8.928,0.000,10.000,0.11220,0.16480,24.00,-1.397,7.036,-1.397,7.036,-1.412,1.440,1.00000,49.708,0.482,8.527
[SHELL] ccB:369,23057,1,-0.476,7.623,-7.147,42.358,61.693,38.307,43.620,61.941,38.059
[SHELL] ccA:370,234097049,1075892,0.046,8.806,0.000,10.000,0.17097,0.22357,23.85,-1.413,7.039,-1.413,7.039,-1.412,1.441,1.00000,49.708,0.225,8.784
[SHELL] ccB:370,2147515621,1,-1.273,8.166,-6.893,41.133,61.413,38.587,42.358,61.693,38.307
[SHELL] ccA:371,234207049,1075893,0.196,8.784,0.000,10.000,0.23505,0.28766,23.91,-1.416,7.040,-1.416,7.040,-1.412,1.442,1.00000,49.268,-0.150,9.041
[SHELL] ccB:371,23027,1,-2.251,8.710,-6.458,39.785,61.161,38.839,41.133,61.413,38.587
[SHELL] ccA:372,234316981,1075894,0.158,9.242,0.000,10.000,0.29767,0.35027,23.80,-1.415,7.031,-1.415,7.031,-1.412,1.442,1.00000,49.268,0.707,10.104
[SHELL] ccB:372,2147515655,1,-2.288,9.688,-7.401,38.926,61.074,39.563,39.785,61.161,38.839
[SHELL] ccA:373,234427041,1075895,0.177,9.970,0.000,10.000,0.34317,0.39577,23.91,-1.416,7.017,-1.416,7.017,-1.412,1.442,1.00000,49.268,-0.555,10.631
[SHELL] ccB:373,23023,1,-4.100,10.558,-6.458,38.683,61.317,40.475,38.926,61.074,39.563
[SHELL] ccA:374,234536973,1075896,-0.492,10.618,0.000,10.000,0.40776,0.46035,23.79,-1.402,7.004,-1.402,7.004,-1.412,1.442,1.00000,49.268,-1.564,11.104
[SHELL] ccB:374,2147515659,1,-5.840,11.211,-5.371,38.384,61.616,41.747,38.683,61.317,40.475
[SHELL] ccA:375,234647077,1075897,-0.577,11.191,0.000,10.000,0.46653,0.51912,23.92,-1.400,6.992,-1.400,6.992,-1.412,1.441,1.00000,49.708,1.374,11.925
[SHELL] ccB:375,23041,1,-4.136,11.827,-7.691,38.249,61.751,43.019,38.384,61.616,41.747
[SHELL] ccA:376,234756933,1075898,0.265,11.441,0.000,10.000,0.52375,0.57634,23.74,-1.417,6.986,-1.417,6.986,-1.412,1.440,1.00000,49.708,-0.122,10.812
[SHELL] ccB:376,2147515679,1,-5.513,10.812,-5.299,38.034,61.966,44.248,38.249,61.751,43.019
[SHELL] ccA:377,234866929,1075899,0.350,10.918,0.000,10.000,0.58133,0.63393,23.75,-1.419,6.996,-1.419,6.996,-1.412,1.440,1.00000,49.268,0.272,10.125
[SHELL] ccB:377,22967,1,-5.332,10.123,-4.791,37.736,62.264,45.403,38.034,61.966,44.248
[SHELL] ccA:378,234976961,1075900,0.144,10.328,0.000,10.000,0.64261,0.69521,23.81,-1.415,7.007,-1.415,7.007,-1.412,1.440,1.00000,49.708,0.152,10.250
[SHELL] ccB:378,2147515665,1,-6.021,10.196,-4.175,37.690,62.310,46.718,37.736,62.264,45.403
[SHELL] ccA:379,235086953,1075901,-0.015,9.895,0.000,10.000,0.69702,0.74962,23.73,-1.412,7.016,-1.412,7.016,-1.412,1.440,1.00000,49.708,-0.639,8.955
[SHELL] ccB:379,22979,1,-6.238,8.710,-2.472,37.592,62.408,47.865,37.690,62.310,46.718
[SHELL] ccA:380,235197393,1075902,-0.477,8.819,0.000,10.000,0.75351,0.80609,24.12,-1.402,7.038,-1.402,7.038,-1.412,1.440,1.00000,49.708,-0.782,7.118
[SHELL] ccB:380,2147515449,1,-5.441,6.753,-1.312,37.509,62.491,49.038,37.592,62.408,47.865
[SHELL] ccA:381,235307381,1075903,-0.678,8.010,0.000,10.000,0.82053,0.87314,24.16,-1.398,7.055,-1.398,7.055,-1.411,1.441,1.00000,49.708,-0.508,8.847
[SHELL] ccB:381,23193,1,-6.818,8.311,-1.493,37.472,62.528,50.467,37.509,62.491,49.038
[SHELL] ccA:382,235417461,1075904,-0.278,8.531,0.000,10.000,0.88099,0.93359,24.28,-1.406,7.046,-1.406,7.046,-1.411,1.442,1.00000,49.708,0.687,9.312
[SHELL] ccB:382,2147515415,1,-6.746,8.964,-2.218,37.526,62.474,51.804,37.472,62.528,50.467
[SHELL] ccA:383,235527437,1075905,-0.113,9.134,0.000,10.000,0.93781,0.99041,24.24,-1.409,7.034,-1.409,7.034,-1.411,1.443,1.00000,49.708,-1.317,9.064
[SHELL] ccB:383,23221,1,-8.087,7.768,0.319,37.625,62.375,53.040,37.526,62.474,51.804
[SHELL] ccA:384,235637397,1075906,-0.531,8.982,0.000,10.000,0.98701,1.03961,24.25,-1.400,7.038,-1.400,7.038,-1.411,1.443,1.00000,49.268,-0.178,8.489
[SHELL] ccB:384,2147515447,1,-7.181,7.514,-0.333,37.611,62.389,54.101,37.625,62.375,53.040
[SHELL] ccA:385,235747361,1075907,-0.910,8.744,0.000,10.000,1.05354,1.10614,24.16,-1.392,7.043,-1.392,7.043,-1.411,1.444,1.00000,49.268,-1.966,8.936
[SHELL] ccB:385,23183,1,-8.739,6.716,2.023,37.785,62.215,55.495,37.611,62.389,54.101
[SHELL] ccA:386,235857425,1075908,-1.028,8.930,0.000,10.000,1.10840,1.16100,24.19,-1.389,7.040,-1.389,7.040,-1.410,1.444,1.00000,49.708,-0.000,9.359
[SHELL] ccB:386,2147515433,1,-8.377,7.804,0.573,38.089,61.911,56.578,37.785,62.215,55.495
[SHELL] ccA:387,235967329,1075909,-0.468,9.285,0.000,10.000,1.17123,1.22382,24.10,-1.400,7.033,-1.400,7.033,-1.410,1.445,1.00000,49.708,0.094,9.487
[SHELL] ccB:387,23167,1,-8.703,7.623,1.080,38.366,61.634,57.889,38.089,61.911,56.578
[SHELL] ccA:388,236077333,1075910,0.063,9.438,0.000,10.000,1.22723,1.27983,24.10,-1.411,7.030,-1.411,7.030,-1.410,1.445,1.00000,49.708,0.064,9.420
[SHELL] ccB:388,2147515479,1,-8.848,7.224,1.624,38.648,61.352,59.034,38.366,61.634,57.889
[SHELL] ccA:389,236187361,1075911,-0.025,9.786,0.000,10.000,1.28806,1.34066,24.15,-1.409,7.024,-1.409,7.024,-1.410,1.445,1.00000,49.708,-0.321,10.819
[SHELL] ccB:389,23183,1,-10.479,7.586,2.892,38.997,61.003,60.202,38.648,61.352,59.034
[SHELL] ccA:390,236297313,1075912,-0.088,10.392,0.000,10.000,1.34372,1.39632,24.09,-1.408,7.011,-1.408,7.011,-1.410,1.445,1.00000,49.708,0.224,10.509
[SHELL] ccB:390,2147515489,1,-10.189,7.333,2.856,39.066,60.344,60.934,38.997,61.003,60.202
[SHELL] ccA:391,236407357,1075913,0.068,10.602,0.000,10.000,1.40651,1.45911,24.18,-1.411,7.007,-1.411,7.007,-1.410,1.445,1.00000,49.268,0.146,10.573
[SHELL] ccB:391,23181,1,-10.406,6.825,3.581,38.615,59.201,61.385,39.066,60.344,60.934
[SHELL] ccA:392,236517325,1075914,-0.056,10.647,0.000,10.000,1.46409,1.51670,24.10,-1.409,7.005,-1.409,7.005,-1.410,1.444,1.00000,49.268,-0.739,10.933
[SHELL] ccB:392,2147515483,1,-10.950,5.847,5.103,38.332,58.055,61.668,38.615,59.201,61.385
[SHELL] ccA:393,236627389,1075915,-0.291,10.853,0.000,10.000,1.52050,1.57310,24.22,-1.404,7.001,-1.404,7.001,-1.410,1.444,1.00000,49.268,0.171,10.972
[SHELL] ccB:393,23197,1,-10.950,6.100,4.850,38.100,56.909,61.900,38.332,58.055,61.668
[SHELL] ccA:394,236737317,1075916,-0.702,10.908,0.000,10.000,1.57929,1.63189,24.09,-1.395,6.999,-1.395,6.999,-1.409,1.443,1.00000,49.268,-2.409,10.753
[SHELL] ccB:394,2147515487,1,-10.733,3.201,7.532,37.895,55.707,62.105,38.100,56.909,61.900
[SHELL] ccA:395,236847365,1075917,-0.915,10.610,0.000,10.000,1.64332,1.69592,24.19,-1.390,7.005,-1.390,7.005,-1.409,1.443,1.00000,49.268,0.986,9.962
[SHELL] ccB:395,23185,1,-10.008,5.230,4.777,37.703,54.374,62.297,37.895,55.707,62.105
[SHELL] ccA:396,236957333,1075918,-0.099,9.963,0.000,10.000,1.69981,1.75241,24.09,-1.407,7.018,-1.407,7.018,-1.409,1.443,1.00000,49.268,0.040,9.173
[SHELL] ccB:396,2147515479,1,-9.102,3.563,5.538,37.549,53.130,62.451,37.703,54.374,62.297
[SHELL] ccA:397,237067305,1075919,0.155,9.329,0.000,10.000,1.75399,1.80658,24.08,-1.412,7.031,-1.412,7.031,-1.409,1.443,1.00000,49.268,-0.448,9.008
[SHELL] ccB:397,23155,1,-8.775,2.585,6.191,37.445,51.954,62.555,37.549,53.130,62.451
[SHELL] ccA:398,237177333,1075920,-0.323,8.878,0.000,10.000,1.81256,1.86516,24.10,-1.402,7.041,-1.402,7.041,-1.409,1.444,1.00000,49.268,-0.436,8.325
[SHELL] ccB:398,2147515479,1,-7.978,1.896,6.082,37.388,50.713,62.612,37.445,51.954,62.555
[SHELL] ccA:399,237287393,1075921,-0.490,8.763,0.000,10.000,1.87476,1.92736,24.21,-1.399,7.043,-1.399,7.043,-1.408,1.445,1.00000,49.708,-0.638,9.397
[SHELL] ccB:399,23199,1,-8.775,1.425,7.350,37.494,49.372,62.506,37.388,50.713,62.612
[SHELL] ccA:400,237397429,1075922,-0.580,9.030,0.000,10.000,1.92528,1.97788,24.19,-1.397,7.039,-1.397,7.039,-1.408,1.445,1.00000,49.708,-0.606,9.002
[SHELL] ccB:400,2147515431,1,-8.232,0.917,7.314,37.537,48.283,62.463,37.494,49.372,62.506
[SHELL] ccA:401,237507285,1075923,-0.448,9.307,0.000,10.000,1.99192,2.04452,24.09,-1.399,7.033,-1.399,7.033,-1.408,1.445,1.00000,49.708,0.057,9.828
[SHELL] ccB:401,23145,1,-8.993,1.062,7.930,37.640,46.842,62.360,37.537,48.283,62.463
[SHELL] ccA:402,237617325,1075924,-0.319,9.093,0.000,10.000,2.04745,2.10004,24.11,-1.401,7.038,-1.401,7.038,-1.408,1.446,1.00000,49.708,-0.786,7.712
[SHELL] ccB:402,2147515483,1,-6.492,-0.424,6.916,37.752,45.651,62.248,37.640,46.842,62.360
[SHELL] ccA:403,237727277,1075925,-0.455,8.412,0.000,10.000,2.11300,2.16561,24.04,-1.398,7.053,-1.398,7.053,-1.408,1.447,1.00000,49.708,-0.304,8.397
[SHELL] ccB:403,23141,1,-7.036,-0.460,7.495,37.917,44.276,62.083,37.752,45.651,62.248
[SHELL] ccA:404,237837261,1075926,-0.598,8.369,0.000,10.000,2.16802,2.22062,24.04,-1.395,7.054,-1.395,7.054,-1.407,1.447,1.00000,49.268,-0.999,8.969
[SHELL] ccB:404,2147515515,1,-6.854,-1.656,8.510,38.007,43.082,61.993,37.917,44.276,62.083
[SHELL] ccA:405,237947265,1075927,-0.778,8.742,0.000,10.000,2.22698,2.27958,24.04,-1.391,7.047,-1.391,7.047,-1.407,1.448,1.00000,49.268,-0.811,8.635
[SHELL] ccB:405,23135,1,-6.347,-1.946,8.293,38.274,41.886,61.726,38.007,43.082,61.993
[SHELL] ccA:406,238057321,1075928,-0.976,8.950,0.000,10.000,2.28509,2.33769,24.14,-1.387,7.044,-1.387,7.044,-1.406,1.449,1.00000,49.708,-1.281,9.559
[SHELL] ccB:406,2147515485,1,-6.383,-3.069,9.453,38.672,40.818,61.328,38.274,41.886,61.726
[SHELL] ccA:407,238167245,1075929,-1.023,9.526,0.000,10.000,2.33621,2.38881,24.05,-1.385,7.033,-1.385,7.033,-1.406,1.449,1.00000,49.708,-0.721,10.349
[SHELL] ccB:407,23125,1,-6.963,-3.178,10.141,38.975,39.841,61.025,38.672,40.818,61.328
[SHELL] ccA:408,238277233,1075930,-0.837,10.284,0.000,10.000,2.39969,2.45229,24.05,-1.389,7.017,-1.389,7.017,-1.405,1.449,1.00000,49.708,-0.625,10.880
[SHELL] ccB:408,2147515529,1,-6.891,-3.867,10.757,39.766,39.027,60.973,38.975,39.841,61.025
[SHELL] ccA:409,238387265,1075931,-0.546,10.944,0.000,10.000,2.46035,2.51295,24.09,-1.394,7.004,-1.394,7.004,-1.405,1.448,1.00000,49.708,-0.214,11.666
[SHELL] ccB:409,23135,1,-7.181,-4.374,11.555,40.975,38.702,61.298,39.766,39.027,60.973
[SHELL] ccA:410,238497253,1075932,-0.267,11.365,0.000,10.000,2.51716,2.56977,24.08,-1.400,6.994,-1.400,6.994,-1.405,1.448,1.00000,49.708,-0.014,11.248
[SHELL] ccB:410,2147515519,1,-6.564,-4.628,11.192,42.129,38.433,61.567,40.975,38.702,61.298
[SHELL] ccA:411,238607269,1075933,-0.112,11.466,0.000,10.000,2.57631,2.62891,24.07,-1.403,6.992,-1.403,6.992,-1.405,1.447,1.00000,49.708,-0.207,11.701
[SHELL] ccB:411,23137,1,-6.093,-5.606,11.700,43.340,38.186,61.814,42.129,38.433,61.567
[SHELL] ccA:412,238717245,1075934,-0.090,11.398,0.000,10.000,2.63856,2.69115,24.05,-1.403,6.992,-1.403,6.992,-1.405,1.446,1.00000,49.708,0.067,10.940
[SHELL] ccB:412,2147515523,1,-5.332,-5.606,10.939,44.625,37.969,62.031,43.340,38.186,61.814
[SHELL] ccA:413,238827241,1075935,0.078,10.822,0.000,10.000,2.69554,2.74814,24.07,-1.407,7.003,-1.407,7.003,-1.405,1.446,1.00000,49.708,0.385,9.706
[SHELL] ccB:413,23123,1,-4.535,-5.171,9.706,45.818,37.791,62.209,44.625,37.969,62.031
[SHELL] ccA:414,238937197,1075936,0.198,9.873,0.000,10.000,2.74964,2.80224,23.99,-1.409,7.023,-1.409,7.023,-1.405,1.446,1.00000,49.708,-0.047,9.139
[SHELL] ccB:414,2147515547,1,-3.448,-5.606,9.054,46.955,37.646,62.354,45.818,37.791,62.209
[SHELL] ccA:415,239047209,1075937,0.043,8.975,0.000,10.000,2.80952,2.86212,23.99,-1.406,7.041,-1.406,7.041,-1.405,1.446,1.00000,49.708,-0.118,7.916
[SHELL] ccB:415,23107,1,-2.469,-5.280,7.749,48.217,37.533,62.467,46.955,37.646,62.354
[SHELL] ccA:416,239157193,1075938,-0.036,8.658,0.000,10.000,2.87441,2.92701,23.98,-1.404,7.048,-1.404,7.048,-1.405,1.447,1.00000,49.708,0.141,9.660
[SHELL] ccB:416,2147515549,1,-2.686,-6.694,9.380,49.612,37.481,62.519,48.217,37.533,62.467
[SHELL] ccA:417,239267253,1075939,-0.129,8.889,0.000,10.000,2.92895,2.98155,24.06,-1.402,7.044,-1.402,7.044,-1.405,1.448,1.00000,49.708,-0.679,8.320
[SHELL] ccB:417,23129,1,-1.092,-6.621,7.713,50.790,37.495,62.505,49.612,37.481,62.519
[SHELL] ccA:418,239377237,1075940,-0.133,8.856,0.000,10.000,2.98441,3.03701,24.05,-1.402,7.045,-1.402,7.045,-1.405,1.448,1.00000,49.268,0.687,9.124
[SHELL] ccB:418,2147515527,1,-2.106,-6.657,8.764,52.007,37.426,62.574,50.790,37.495,62.505
[SHELL] ccA:419,239487189,1075941,-0.212,8.858,0.000,10.000,3.05363,3.10623,23.98,-1.401,7.046,-1.401,7.046,-1.405,1.449,1.00000,49.268,-1.542,8.865
[SHELL] ccB:419,23097,1,0.757,-8.143,7.387,53.503,37.536,62.464,52.007,37.426,62.574
[SHELL] ccA:420,239597261,1075942,-0.820,9.022,0.000,10.000,3.10421,3.15680,24.08,-1.388,7.043,-1.388,7.043,-1.404,1.449,1.00000,49.268,-0.885,9.233
[SHELL] ccB:420,2147515515,1,0.539,-8.288,7.749,54.552,37.659,62.341,53.503,37.536,62.464
[SHELL] ccA:421,239707193,1075943,-1.225,9.197,0.000,10.000,3.16100,3.21360,23.99,-1.379,7.040,-1.379,7.040,-1.404,1.450,1.00000,49.268,-1.588,9.459
[SHELL] ccB:421,23099,1,1.772,-9.050,7.278,55.731,37.832,62.168,54.552,37.659,62.341
[SHELL] ccA:422,239817229,1075944,-1.243,9.473,0.000,10.000,3.22306,3.27566,24.05,-1.378,7.035,-1.378,7.035,-1.403,1.450,1.00000,49.708,-0.909,9.742
[SHELL] ccB:422,2147515531,1,1.699,-9.195,7.495,56.959,38.175,61.825,55.731,37.832,62.168
[SHELL] ccA:423,239927213,1075945,-0.923,9.654,0.000,10.000,3.28505,3.33765,23.98,-1.384,7.031,-1.384,7.031,-1.403,1.450,1.00000,49.708,-0.283,9.671
[SHELL] ccB:423,23109,1,1.663,-9.086,7.423,58.230,38.455,61.545,56.959,38.175,61.825
[SHELL] ccA:424,240037253,1075946,-0.589,9.464,0.000,10.000,3.33278,3.38539,24.08,-1.391,7.035,-1.391,7.035,-1.402,1.450,1.00000,49.708,-0.882,8.771
[SHELL] ccB:424,2147515519,1,2.533,-8.578,6.046,59.197,38.690,61.310,58.230,38.455,61.545
[SHELL] ccA:425,240147237,1075947,-0.381,9.387,0.000,10.000,3.40347,3.45607,23.99,-1.395,7.037,-1.395,7.037,-1.402,1.451,1.00000,49.708,0.523,10.334
[SHELL] ccB:425,23121,1,2.170,-9.847,7.677,60.571,39.093,60.907,59.197,38.690,61.310
[SHELL] ccA:426,240257305,1075948,-0.119,10.090,0.000,10.000,3.46293,3.51552,24.06,-1.400,7.023,-1.400,7.023,-1.402,1.451,1.00000,49.708,-0.639,10.920
[SHELL] ccB:426,2147515493,1,4.055,-10.826,6.771,61.086,38.914,59.912,60.571,39.093,60.907
[SHELL] ccA:427,240367337,1075949,-0.364,10.856,0.000,10.000,3.51007,3.56266,24.16,-1.395,7.007,-1.395,7.007,-1.402,1.450,1.00000,49.708,-0.702,11.251
[SHELL] ccB:427,23171,1,4.707,-11.224,6.517,61.316,38.684,58.981,61.086,38.914,59.912
[SHELL] ccA:428,240477289,1075950,-0.694,10.983,0.000,10.000,3.57778,3.63038,24.07,-1.388,7.004,-1.388,7.004,-1.402,1.450,1.00000,49.708,-0.734,10.512
[SHELL] ccB:428,2147515501,1,5.106,-10.536,5.430,61.630,38.370,57.647,61.316,38.684,58.981
[SHELL] ccA:429,240587321,1075951,-0.944,10.854,0.000,10.000,3.63213,3.68471,24.07,-1.382,7.006,-1.382,7.006,-1.401,1.449,1.00000,49.708,-1.605,11.141
[SHELL] ccB:429,23163,1,6.665,-11.188,4.523,61.852,38.148,56.559,61.630,38.370,57.647
[SHELL] ccA:430,240697273,1075952,-1.093,10.991,0.000,10.000,3.69442,3.74702,24.06,-1.379,7.003,-1.379,7.003,-1.401,1.449,1.00000,49.708,-0.429,11.169
[SHELL] ccB:430,2147515509,1,6.230,-11.152,4.922,62.057,37.943,55.274,61.852,38.148,56.559
[SHELL] ccA:431,240807301,1075953,-0.500,11.004,0.000,10.000,3.75485,3.80744,24.06,-1.390,7.002,-1.390,7.002,-1.400,1.448,1.00000,49.708,0.462,10.536
[SHELL] ccB:431,23153,1,5.686,-10.536,4.850,62.225,37.775,53.970,62.057,37.943,55.274
[SHELL] ccA:432,240917285,1075954,0.062,10.365,0.000,10.000,3.80928,3.86188,24.07,-1.402,7.015,-1.402,7.015,-1.400,1.448,1.00000,49.708,-0.250,9.217
[SHELL] ccB:432,2147515503,1,5.903,-9.086,3.182,62.358,37.642,52.792,62.225,37.775,53.970
[SHELL] ccA:433,241027325,1075955,-0.154,9.505,0.000,10.000,3.86309,3.91568,24.13,-1.397,7.032,-1.397,7.032,-1.400,1.448,1.00000,49.708,-0.577,9.050
[SHELL] ccB:433,23165,1,6.411,-8.760,2.349,62.454,37.546,51.664,62.358,37.642,52.792
[SHELL] ccA:434,241137357,1075956,-0.508,8.930,0.000,10.000,3.92491,3.97750,24.15,-1.390,7.044,-1.390,7.044,-1.400,1.449,1.00000,49.708,-0.626,8.405
[SHELL] ccB:434,2147515467,1,6.375,-7.962,1.588,62.508,37.492,50.357,62.454,37.546,51.664
[SHELL] ccA:435,241247297,1075957,-0.642,8.652,0.000,10.000,3.98526,4.03785,24.09,-1.387,7.051,-1.387,7.051,-1.400,1.449,1.00000,49.708,-0.739,8.748
[SHELL] ccB:435,23151,1,7.027,-8.071,1.044,62.507,37.493,49.062,62.508,37.492,50.357
[SHELL] ccA:436,241357293,1075958,-0.921,8.794,0.000,10.000,4.03626,4.08885,24.10,-1.381,7.048,-1.381,7.048,-1.399,1.450,1.00000,49.268,-1.580,9.275
[SHELL] ccB:436,2147515499,1,8.223,-8.071,-0.152,62.570,37.430,47.958,62.507,37.493,49.062
[SHELL] ccA:437,241467297,1075959,-0.992,9.336,0.000,10.000,4.09951,4.15211,24.10,-1.379,7.038,-1.379,7.038,-1.399,1.450,1.00000,49.268,-0.070,10.048
[SHELL] ccB:437,23151,1,8.259,-9.086,0.827,62.452,37.548,46.590,62.570,37.430,47.958
[SHELL] ccA:438,241577301,1075960,-0.851,9.886,0.000,10.000,4.15588,4.20848,24.09,-1.381,7.027,-1.381,7.027,-1.398,1.450,1.00000,49.708,-1.684,10.174
[SHELL] ccB:438,2147515495,1,9.528,-8.180,-1.348,62.193,37.807,45.415,62.452,37.548,46.590
[SHELL] ccA:439,241687245,1075961,-1.096,10.209,0.000,10.000,4.21679,4.26939,24.03,-1.376,7.020,-1.376,7.020,-1.398,1.450,1.00000,49.708,-0.947,10.442
[SHELL] ccB:439,23125,1,9.637,-8.397,-1.239,61.998,38.002,44.156,62.193,37.807,45.415
[SHELL] ccA:440,241797301,1075962,-1.198,10.303,0.000,10.000,4.27407,4.32666,24.13,-1.373,7.018,-1.373,7.018,-1.397,1.450,1.00000,49.708,-1.212,10.154
[SHELL] ccB:440,2147515495,1,9.709,-7.636,-2.073,61.783,38.217,42.985,61.998,38.002,44.156
[SHELL] ccA:441,241907265,1075963,-1.005,10.215,0.000,10.000,4.33451,4.38710,24.03,-1.377,7.020,-1.377,7.020,-1.397,1.450,1.00000,49.708,-0.648,10.111
[SHELL] ccB:441,23135,1,9.637,-7.527,-2.109,61.518,38.482,41.754,61.783,38.217,42.985
[SHELL] ccA:442,242017329,1075964,-0.810,10.331,0.000,10.000,4.39027,4.44286,24.16,-1.380,7.017,-1.380,7.017,-1.396,1.450,1.00000,49.708,-0.731,10.947
[SHELL] ccB:442,2147515481,1,10.615,-7.709,-2.907,61.229,38.771,40.646,61.518,38.482,41.754
[SHELL] ccA:443,242127333,1075965,-0.752,10.560,0.000,10.000,4.44358,4.49618,24.13,-1.381,7.013,-1.381,7.013,-1.396,1.450,1.00000,49.708,-0.899,10.236
[SHELL] ccB:443,23169,1,10.108,-6.657,-3.450,60.917,39.083,39.625,61.229,38.771,40.646
[SHELL] ccA:444,242237309,1075966,-0.624,10.693,0.000,10.000,4.51396,4.56656,24.13,-1.383,7.010,-1.383,7.010,-1.396,1.449,1.00000,49.708,0.033,11.352
[SHELL] ccB:444,2147515491,1,11.123,-7.527,-3.595,61.072,40.147,38.928,60.917,39.083,39.625
[SHELL] ccA:445,242347305,1075967,0.098,10.968,0.000,10.000,4.57135,4.62395,24.13,-1.398,7.004,-1.398,7.004,-1.396,1.449,1.00000,49.708,1.227,10.932
[SHELL] ccB:445,23155,1,10.651,-7.709,-2.943,61.386,41.310,38.614,61.072,40.147,38.928
[SHELL] ccA:446,242457245,1075968,0.642,11.243,0.000,10.000,4.62557,4.67816,24.03,-1.409,6.998,-1.409,6.998,-1.396,1.448,1.00000,49.708,0.080,11.754
[SHELL] ccB:446,2147515523,1,11.702,-6.802,-4.900,61.642,42.429,38.358,61.386,41.310,38.614
[SHELL] ccA:447,242567301,1075969,0.312,11.364,0.000,10.000,4.68187,4.73447,24.14,-1.402,6.994,-1.402,6.994,-1.396,1.447,1.00000,49.268,-0.138,11.015
[SHELL] ccB:447,23153,1,11.014,-5.679,-5.335,61.966,43.506,38.034,61.642,42.429,38.358
[SHELL] ccA:448,242677257,1075970,-0.095,11.139,0.000,10.000,4.74872,4.80132,24.04,-1.394,6.998,-1.394,6.998,-1.396,1.447,1.00000,49.268,-0.184,10.774
[SHELL] ccB:448,2147515517,1,10.760,-4.882,-5.879,62.190,44.878,37.810,61.966,43.506,38.034
[SHELL] ccA:449,242787293,1075971,-0.128,10.722,0.000,10.000,4.79812,4.85071,24.10,-1.393,7.006,-1.393,7.006,-1.396,1.447,1.00000,49.268,-0.005,10.327
[SHELL] ccB:449,23149,1,10.289,-4.374,-5.915,62.333,45.915,37.667,62.190,44.878,37.810
[SHELL] ccA:450,242897317,1075972,-0.121,10.145,0.000,10.000,4.85424,4.90683,24.13,-1.394,7.018,-1.394,7.018,-1.396,1.446,1.00000,49.268,-0.289,9.153
[SHELL] ccB:450,2147515487,1,9.020,-3.142,-5.879,62.465,47.109,37.535,62.333,45.915,37.667
[SHELL] ccA:451,243007277,1075973,-0.036,9.606,0.000,10.000,4.91926,4.97185,24.02,-1.395,7.029,-1.395,7.029,-1.396,1.447,1.00000,49.268,0.440,9.791
[SHELL] ccB:451,23141,1,9.673,-3.468,-6.205,62.567,48.514,37.433,62.465,47.109,37.535
[SHELL] ccA:452,243117265,1075974,0.312,9.515,0.000,10.000,4.97997,5.03257,24.03,-1.402,7.031,-1.402,7.031,-1.396,1.447,1.00000,49.268,0.657,9.323
[SHELL] ccB:452,2147515513,1,9.165,-2.997,-6.168,62.602,49.857,37.398,62.567,48.514,37.433
[SHELL] ccA:453,243227301,1075975,0.470,9.315,0.000,10.000,5.03642,5.08902,24.14,-1.406,7.035,-1.406,7.035,-1.396,1.447,1.00000,49.268,0.127,8.823
[SHELL] ccB:453,23153,1,8.404,-1.873,-6.531,62.595,51.097,37.405,62.602,49.857,37.398
[SHELL] ccA:454,243337305,1075976,0.302,9.341,0.000,10.000,5.09747,5.15007,24.13,-1.403,7.035,-1.403,7.035,-1.397,1.448,1.00000,49.268,0.296,10.395
[SHELL] ccB:454,2147515493,1,9.745,-1.728,-8.017,62.532,52.416,37.468,62.595,51.097,37.405
[SHELL] ccA:455,243447257,1075977,-0.259,9.829,0.000,10.000,5.15048,5.20308,24.03,-1.391,7.025,-1.391,7.025,-1.396,1.448,1.00000,49.268,-1.752,9.701
[SHELL] ccB:455,23131,1,8.042,0.917,-8.959,62.423,53.530,37.577,62.532,52.416,37.468
[SHELL] ccA:456,243557249,1075978,-1.031,9.962,0.000,10.000,5.21465,5.26725,24.04,-1.375,7.023,-1.375,7.023,-1.396,1.448,1.00000,49.708,-0.915,10.049
[SHELL] ccB:456,2147515521,1,8.368,0.700,-9.068,62.154,54.810,37.846,62.423,53.530,37.577
[SHELL] ccA:457,243667249,1075979,-1.278,9.738,0.000,10.000,5.26402,5.31662,24.03,-1.370,7.027,-1.370,7.027,-1.395,1.448,1.00000,49.708,-1.531,9.151
[SHELL] ccB:457,23127,1,6.991,1.787,-8.778,62.011,55.828,37.989,62.154,54.810,37.846
[SHELL] ccA:458,243777253,1075980,-1.146,9.497,0.000,10.000,5.32520,5.37780,24.02,-1.372,7.032,-1.372,7.032,-1.395,1.448,1.00000,49.708,-0.605,9.636
[SHELL] ccB:458,2147515519,1,7.534,1.461,-8.995,61.791,57.097,38.209,62.011,55.828,37.989
[SHELL] ccA:459,243887301,1075981,-0.560,9.527,0.000,10.000,5.38995,5.44256,24.12,-1.383,7.032,-1.383,7.032,-1.394,1.448,1.00000,49.708,0.501,9.686
[SHELL] ccB:459,23153,1,7.861,0.990,-8.851,61.497,58.437,38.503,61.791,57.097,38.209
[SHELL] ccA:460,243997245,1075982,0.418,9.537,0.000,10.000,5.43867,5.49127,24.03,-1.403,7.032,-1.403,7.032,-1.395,1.449,1.00000,49.708,1.275,9.139
[SHELL] ccB:460,2147515523,1,7.679,0.591,-8.271,61.237,59.455,38.763,61.497,58.437,38.503
[SHELL] ccA:461,244107297,1075983,0.776,9.772,0.000,10.000,5.49893,5.55153,24.13,-1.410,7.027,-1.410,7.027,-1.395,1.449,1.00000,49.708,0.055,11.125
[SHELL] ccB:461,23151,1,7.897,2.838,-10.735,60.876,60.627,39.124,61.237,59.455,38.763
[SHELL] ccA:462,244217289,1075984,0.459,10.696,0.000,10.000,5.56682,5.61942,24.09,-1.404,7.009,-1.404,7.009,-1.395,1.448,1.00000,49.708,0.453,11.395
[SHELL] ccB:462,2147515501,1,7.824,3.273,-11.098,59.692,61.125,38.875,60.876,60.627,39.124
[SHELL] ccA:463,244327293,1075985,0.297,11.508,0.000,10.000,5.61966,5.67225,24.11,-1.401,6.992,-1.401,6.992,-1.395,1.448,1.00000,49.708,0.228,12.118
[SHELL] ccB:463,23149,1,7.643,4.324,-11.967,58.639,61.378,38.622,59.692,61.125,38.875
[SHELL] ccA:464,244437305,1075986,0.283,11.815,0.000,10.000,5.67675,5.72939,24.13,-1.401,6.990,-1.401,6.990,-1.395,1.447,1.00000,49.708,0.222,11.627
[SHELL] ccB:464,2147515493,1,6.809,4.759,-11.569,57.497,61.642,38.358,58.639,61.378,38.622
[SHELL] ccA:465,244547297,1075987,0.465,11.632,0.000,10.000,5.74110,5.79375,24.10,-1.405,6.993,-1.405,6.993,-1.396,1.446,1.00000,49.708,1.187,11.158
[SHELL] ccB:465,23151,1,6.773,4.361,-11.134,56.179,61.904,38.096,57.497,61.642,38.358
[SHELL] ccA:466,244657301,1075988,0.928,11.270,0.000,10.000,5.79655,5.84921,24.12,-1.415,7.000,-1.415,7.000,-1.396,1.445,1.00000,49.708,1.115,11.137
[SHELL] ccB:466,2147515495,1,6.193,4.977,-11.170,55.008,62.101,37.899,56.179,61.904,38.096
[SHELL] ccA:467,244767341,1075989,1.018,10.892,0.000,10.000,5.85387,5.90652,24.09,-1.417,7.007,-1.417,7.007,-1.397,1.445,1.00000,49.708,0.655,10.139
[SHELL] ccB:467,23173,1,4.816,5.339,-10.155,53.801,62.260,37.740,55.008,62.101,37.899
[SHELL] ccA:468,244877297,1075990,0.746,10.108,0.000,10.000,5.91523,5.96788,24.10,-1.412,7.022,-1.412,7.022,-1.397,1.445,1.00000,49.268,0.559,9.018
[SHELL] ccB:468,2147515497,1,3.765,5.230,-8.995,52.543,62.505,37.495,53.801,62.260,37.740
[SHELL] ccA:469,244987257,1075991,0.807,9.561,0.000,10.000,5.96567,6.01833,24.03,-1.414,7.034,-1.414,7.034,-1.397,1.445,1.00000,49.268,1.455,10.071
[SHELL] ccB:469,23131,1,4.526,5.629,-10.155,51.452,62.583,37.417,52.543,62.505,37.495
[SHELL] ccA:470,245097297,1075992,1.012,9.573,0.000,10.000,6.02908,6.08173,24.11,-1.418,7.033,-1.418,7.033,-1.398,1.445,1.00000,49.268,0.581,9.134
[SHELL] ccB:470,2147515497,1,2.859,6.100,-8.959,50.054,62.612,37.388,51.452,62.583,37.417
[SHELL] ccA:471,245207333,1075993,0.833,9.369,0.000,10.000,6.08555,6.13821,24.13,-1.415,7.038,-1.415,7.038,-1.398,1.445,1.00000,49.268,0.716,9.139
[SHELL] ccB:471,23169,1,2.496,6.390,-8.887,48.833,62.601,37.399,50.054,62.612,37.388
[SHELL] ccA:472,245317309,1075994,0.297,9.267,0.000,10.000,6.14601,6.19865,24.13,-1.404,7.040,-1.404,7.040,-1.399,1.446,1.00000,49.268,-0.825,9.656
[SHELL] ccB:472,2147515491,1,0.503,8.130,-8.633,47.549,62.540,37.460,48.833,62.601,37.399
[SHELL] ccA:473,245427265,1075995,-0.020,9.831,0.000,10.000,6.20192,6.25457,24.03,-1.398,7.029,-1.398,7.029,-1.399,1.446,1.00000,49.268,0.856,10.872
[SHELL] ccB:473,23135,1,1.735,8.456,-10.192,46.357,62.421,37.579,47.549,62.540,37.460
[SHELL] ccA:474,245537269,1075996,-0.041,10.337,0.000,10.000,6.25828,0.02775,24.05,-1.398,7.019,-1.398,7.019,-1.399,1.446,1.00000,49.708,-1.050,9.948
[SHELL] ccB:474,2147515511,1,-0.802,9.036,-8.234,45.196,62.156,37.844,46.357,62.421,37.579
[SHELL] ccA:475,245647213,1075997,-0.254,9.949,0.000,10.000,0.03760,0.09025,24.02,-1.393,7.027,-1.393,7.027,-1.398,1.446,1.00000,49.708,0.226,9.027
[SHELL] ccB:475,23109,1,-0.113,7.876,-7.763,43.902,61.973,38.027,45.196,62.156,37.844
[SHELL] ccA:476,245757161,1075998,-0.059,9.301,0.000,10.000,0.09075,0.14340,23.97,-1.397,7.040,-1.397,7.040,-1.398,1.446,1.00000,49.708,0.360,9.202
[SHELL] ccB:476,2147515565,1,-0.476,8.202,-7.727,42.791,61.791,38.209,43.902,61.973,38.027
[SHELL] ccA:477,245867161,1075999,0.538,9.233,0.000,10.000,0.15308,0.20574,24.00,-1.409,7.042,-1.409,7.042,-1.399,1.446,1.00000,49.708,1.205,9.501
[SHELL] ccB:477,23083,1,-0.258,8.420,-8.162,41.496,61.508,38.492,42.791,61.791,38.209
[SHELL] ccA:478,245977129,1076000,1.035,9.564,0.000,10.000,0.21111,0.26375,23.92,-1.420,7.035,-1.420,7.035,-1.399,1.447,1.00000,49.708,1.372,10.053
[SHELL] ccB:478,2147515581,1,-0.765,9.145,-8.379,40.329,61.188,38.812,41.496,61.508,38.492
[SHELL] ccA:479,246087053,1076001,1.148,9.776,0.000,10.000,0.27154,0.32419,23.86,-1.423,7.031,-1.423,7.031,-1.400,1.447,1.00000,49.708,0.646,9.497
[SHELL] ccB:479,23029,1,-1.925,9.036,-7.111,39.175,60.825,39.181,40.329,61.188,38.812
[SHELL] ccA:480,246197165,1076002,0.853,10.094,0.000,10.000,0.32467,0.37732,23.95,-1.417,7.025,-1.417,7.025,-1.400,1.447,1.00000,49.708,0.749,11.328
[SHELL] ccB:480,2147515563,1,-2.904,10.957,-8.053,38.873,61.127,40.191,39.175,60.825,39.181
[SHELL] ccA:481,246307101,1076003,0.541,10.638,0.000,10.000,0.39228,0.44494,23.92,-1.411,7.014,-1.411,7.014,-1.400,1.446,1.00000,49.708,0.021,10.397
[SHELL] ccB:481,23053,1,-3.955,10.305,-6.350,38.538,61.462,41.520,38.873,61.127,40.191
[SHELL] ccA:482,246417065,1076004,0.672,10.887,0.000,10.000,0.44703,0.49969,23.86,-1.414,7.008,-1.414,7.008,-1.401,1.446,1.00000,49.708,1.895,11.425
[SHELL] ccB:482,2147515613,1,-3.230,11.247,-8.017,38.292,61.708,42.635,38.538,61.462,41.520
[SHELL] ccA:483,246527061,1076005,1.073,10.836,0.000,10.000,0.50466,0.55731,23.92,-1.423,7.009,-1.423,7.009,-1.401,1.446,1.00000,49.268,0.480,10.098
[SHELL] ccB:483,23033,1,-4.462,10.087,-5.625,37.952,62.048,43.782,38.292,61.708,42.635
[SHELL] ccA:484,246637029,1076006,0.586,10.515,0.000,10.000,0.56067,0.61332,23.86,-1.413,7.015,-1.413,7.015,-1.402,1.445,1.00000,49.708,-0.512,10.439
[SHELL] ccB:484,2147515631,1,-5.985,10.413,-4.429,37.876,62.124,44.971,37.952,62.048,43.782
[SHELL] ccA:485,246746997,1076007,0.003,10.337,0.000,10.000,0.62136,0.67401,23.79,-1.402,7.018,-1.402,7.018,-1.402,1.445,1.00000,49.708,0.556,10.372
[SHELL] ccB:485,23001,1,-5.586,10.377,-4.791,37.724,62.276,46.217,37.876,62.124,44.971
[SHELL] ccA:486,246857057,1076008,0.419,10.178,0.000,10.000,0.67498,0.72763,23.90,-1.410,7.021,-1.410,7.021,-1.402,1.445,1.00000,49.268,1.074,9.527
[SHELL] ccB:486,2147515617,1,-5.115,9.580,-4.465,37.504,62.496,47.360,37.724,62.276,46.217
[SHELL] ccA:487,246967209,1076009,0.640,9.598,0.000,10.000,0.73092,0.78357,23.80,-1.415,7.033,-1.415,7.033,-1.402,1.445,1.00000,49.268,-0.144,8.968
[SHELL] ccB:487,23107,1,-6.093,8.746,-2.653,37.416,62.584,48.579,37.504,62.496,47.360
[SHELL] ccA:488,247077517,1076010,0.380,9.198,0.000,10.000,0.79767,0.85032,24.31,-1.410,7.042,-1.410,7.042,-1.402,1.446,1.00000,49.268,0.734,9.331
[SHELL] ccB:488,2147515387,1,-6.166,9.181,-3.015,37.377,62.623,50.016,37.416,62.584,48.579
[SHELL] ccA:489,247187505,1076011,0.531,9.256,0.000,10.000,0.85476,0.90741,24.30,-1.413,7.041,-1.413,7.041,-1.403,1.446,1.00000,49.268,0.798,9.396
[SHELL] ccB:489,23255,1,-6.564,9.145,-2.580,37.398,62.602,51.274,37.377,62.623,50.016
[SHELL] ccA:490,247297509,1076012,0.842,9.461,0.000,10.000,0.90932,0.96197,24.32,-1.420,7.037,-1.420,7.037,-1.403,1.446,1.00000,49.268,1.036,9.723
[SHELL] ccB:490,2147515391,1,-7.036,9.399,-2.363,37.463,62.537,52.483,37.398,62.602,51.274
[SHELL] ccA:491,247407437,1076013,0.391,9.648,0.000,10.000,0.96871,1.02136,24.23,-1.411,7.033,-1.411,7.033,-1.403,1.447,1.00000,49.268,-1.305,9.751
[SHELL] ccB:491,23221,1,-8.775,8.239,0.537,37.577,62.423,53.741,37.463,62.537,52.483
[SHELL] ccA:492,247517393,1076014,-0.293,9.733,0.000,10.000,1.02446,1.07712,24.17,-1.397,7.032,-1.397,7.032,-1.403,1.447,1.00000,49.268,0.403,9.709
[SHELL] ccB:492,2147515449,1,-8.087,8.710,-0.623,37.719,62.281,54.892,37.577,62.423,53.741
[SHELL] ccA:493,247627457,1076015,-0.465,9.692,0.000,10.000,1.07851,1.13116,24.27,-1.393,7.033,-1.393,7.033,-1.403,1.447,1.00000,49.268,-1.360,9.598
[SHELL] ccB:493,23231,1,-9.102,7.441,1.660,37.887,62.113,56.023,37.719,62.281,54.892
[SHELL] ccA:494,247737409,1076016,-0.438,9.633,0.000,10.000,1.14285,1.19550,24.17,-1.394,7.034,-1.394,7.034,-1.403,1.447,1.00000,49.268,0.566,9.625
[SHELL] ccB:494,2147515441,1,-8.522,8.166,0.355,38.133,61.867,57.361,37.887,62.113,56.023
[SHELL] ccA:495,247847453,1076017,0.048,9.787,0.000,10.000,1.20355,1.25620,24.23,-1.404,7.031,-1.404,7.031,-1.403,1.447,1.00000,49.268,0.420,10.302
[SHELL] ccB:495,23229,1,-9.464,8.275,1.189,38.422,61.578,58.622,38.133,61.867,57.361
[SHELL] ccA:496,247957513,1076018,0.661,10.029,0.000,10.000,1.25851,1.31116,24.26,-1.416,7.026,-1.416,7.026,-1.403,1.447,1.00000,49.268,1.239,9.888
[SHELL] ccB:496,2147515389,1,-9.029,8.166,0.863,38.727,61.273,59.744,38.422,61.578,58.622
[SHELL] ccA:497,248067465,1076019,0.879,10.206,0.000,10.000,1.32106,1.37371,24.26,-1.421,7.023,-1.421,7.023,-1.403,1.447,1.00000,49.268,0.617,10.747
[SHELL] ccB:497,23235,1,-10.261,7.949,2.313,39.077,60.859,60.923,38.727,61.273,59.744
[SHELL] ccA:498,248177401,1076020,0.862,10.698,0.000,10.000,1.38129,1.43395,24.18,-1.421,7.012,-1.421,7.012,-1.404,1.447,1.00000,49.268,0.976,11.411
[SHELL] ccB:498,2147515445,1,-11.022,8.202,2.820,38.733,59.681,61.267,39.077,60.859,60.923
[SHELL] ccA:499,248287417,1076021,1.035,11.131,0.000,10.000,1.44059,1.49324,24.18,-1.425,7.003,-1.425,7.003,-1.404,1.446,1.00000,49.268,1.573,10.957
[SHELL] ccB:499,23211,1,-10.660,7.913,2.748,38.431,58.482,61.569,38.733,59.681,61.267
[SHELL] ccA:500,248397421,1076022,1.467,11.027,0.000,10.000,1.49650,1.54914,24.15,-1.434,7.005,-1.434,7.005,-1.405,1.446,1.00000,49.268,1.747,10.783
[SHELL] ccB:500,2147515435,1,-10.624,7.514,3.110,38.165,57.327,61.835,38.431,58.482,61.569
[SHELL] ccA:501,248507405,1076023,1.466,10.863,0.000,10.000,1.55269,1.60534,24.17,-1.435,7.008,-1.435,7.008,-1.406,1.445,1.00000,49.268,0.796,10.930
[SHELL] ccB:501,23205,1,-10.914,6.318,4.596,37.941,56.166,62.059,38.165,57.327,61.835
[SHELL] ccA:502,248617461,1076024,0.993,10.631,0.000,10.000,1.61039,1.66304,24.26,-1.426,7.012,-1.426,7.012,-1.406,1.445,1.00000,49.268,0.632,9.882
[SHELL] ccB:502,2147515415,1,-9.899,5.158,4.741,37.755,54.982,62.245,37.941,56.166,62.059
[SHELL] ccA:503,248727397,1076025,0.563,9.891,0.000,10.000,1.66664,1.71929,24.18,-1.418,7.027,-1.418,7.027,-1.407,1.445,1.00000,49.268,0.191,8.870
[SHELL] ccB:503,23201,1,-8.848,3.853,4.995,37.594,53.821,62.406,37.755,54.982,62.245
[SHELL] ccA:504,248837469,1076026,0.414,9.075,0.000,10.000,1.73244,1.78510,24.30,-1.415,7.044,-1.415,7.044,-1.407,1.445,1.00000,49.268,0.641,8.677
[SHELL] ccB:504,2147515411,1,-8.667,3.672,4.995,37.449,52.424,62.551,37.594,53.821,62.406
[SHELL] ccA:505,248947401,1076027,0.597,8.584,0.000,10.000,1.78423,1.83688,24.18,-1.419,7.054,-1.419,7.054,-1.407,1.446,1.00000,49.268,0.913,8.114
[SHELL] ccB:505,23203,1,-8.123,3.346,4.777,37.374,51.292,62.626,37.449,52.424,62.551
[SHELL] ccA:506,249057465,1076028,0.765,8.198,0.000,10.000,1.84149,1.89415,24.27,-1.423,7.063,-1.423,7.063,-1.407,1.447,1.00000,49.268,0.593,7.889
[SHELL] ccB:506,2147515413,1,-7.761,2.548,5.212,37.336,50.032,62.664,37.374,51.292,62.626
[SHELL] ccA:507,249167409,1076029,0.605,8.436,0.000,10.000,1.89956,1.95222,24.18,-1.420,7.059,-1.420,7.059,-1.408,1.448,1.00000,49.268,0.321,9.852
[SHELL] ccB:507,23207,1,-9.428,2.222,7.205,37.364,48.766,62.636,37.336,50.032,62.664
[SHELL] ccA:508,249277377,1076030,0.096,9.080,0.000,10.000,1.96678,2.01944,24.18,-1.410,7.046,-1.410,7.046,-1.408,1.448,1.00000,49.268,-0.853,8.729
[SHELL] ccB:508,2147515457,1,-7.724,0.265,7.459,37.463,47.327,62.537,37.364,48.766,62.636
[SHELL] ccA:509,249387361,1076031,-0.254,9.143,0.000,10.000,2.01517,2.06782,24.14,-1.403,7.046,-1.403,7.046,-1.408,1.449,1.00000,49.268,0.367,9.264
[SHELL] ccB:509,23183,1,-8.522,1.099,7.423,37.554,46.301,62.446,37.463,47.327,62.537
[SHELL] ccA:510,249497353,1076032,-0.740,9.250,0.000,10.000,2.07707,2.12972,24.13,-1.393,7.044,-1.393,7.044,-1.407,1.449,1.00000,49.268,-2.840,9.744
[SHELL] ccB:510,2147515469,1,-7.144,-2.671,9.815,37.713,45.006,62.287,37.554,46.301,62.446
[SHELL] ccA:511,249607401,1076033,-1.474,9.671,0.000,10.000,2.14065,2.19330,24.20,-1.377,7.036,-1.377,7.036,-1.407,1.449,1.00000,49.268,-0.581,9.934
[SHELL] ccB:511,23203,1,-8.050,-1.040,9.090,37.933,43.713,62.067,37.713,45.006,62.287
