[SHELL] ccA:index,cycles,seq,id,iq,idref,iqref,theta,actangle,age_us,vdreq,vqreq,vd,vq,intd,intq,scale,bus,raw_id,raw_iq
[SHELL] ccB:index,timer,valid,ia,ib,ic,du,dv,dw,active_u,active_v,active_w
[SHELL] ccA:0,3788486641,1340640,-6.314,29.710,0.000,35.000,5.31837,5.48666,23.43,-13.099,22.492,-13.099,22.492,-13.225,4.571,1.00000,50.148,3.469,29.824
[SHELL] ccB:0,2147515803,1,26.490,-1.003,-25.486,70.704,93.331,6.669,86.455,89.700,10.300
[SHELL] ccA:1,3788596669,1340641,-5.189,29.787,0.000,35.000,5.53402,5.70230,23.47,-13.119,22.493,-13.119,22.493,-13.223,4.574,1.00000,50.148,-4.540,35.370
[SHELL] ccB:1,22859,1,20.763,14.726,-35.490,54.117,94.906,5.094,70.704,93.331,6.669
[SHELL] ccA:2,3788706621,1340642,-4.854,32.203,0.000,35.000,5.74676,5.91505,23.41,-13.123,22.446,-13.123,22.446,-13.220,4.575,1.00000,50.148,-13.807,28.247
[SHELL] ccB:2,2147515813,1,2.569,25.853,-28.422,37.539,94.322,5.678,54.117,94.906,5.094
[SHELL] ccA:3,3788816669,1340643,-2.745,33.016,0.000,35.000,5.96266,6.13095,23.49,-13.164,22.431,-13.164,22.431,-13.219,4.576,1.00000,50.148,21.172,40.201
[SHELL] ccB:3,22859,1,32.760,10.885,-43.645,21.255,91.736,8.264,37.539,94.322,5.678
[SHELL] ccA:4,3788926789,1340644,1.530,34.011,0.000,35.000,6.17356,0.05866,23.43,-13.250,22.412,-13.250,22.412,-13.220,4.577,1.00000,50.148,-22.418,27.395
[SHELL] ccB:4,2147515729,1,-19.286,35.349,-16.063,9.605,90.395,15.805,21.255,91.736,8.264
[SHELL] ccA:5,3789036797,1340645,-4.745,32.094,0.000,35.000,0.11363,0.28192,23.62,-13.122,22.451,-13.122,22.451,-13.217,4.578,1.00000,50.148,4.681,33.385
[SHELL] ccB:5,22923,1,0.866,28.753,-29.618,6.339,93.661,31.786,9.605,90.395,15.805
[SHELL] ccA:6,3789146801,1340646,-2.577,33.380,0.000,35.000,0.32426,0.49254,23.61,-13.164,22.426,-13.164,22.426,-13.216,4.579,1.00000,50.148,2.746,39.354
[SHELL] ccB:6,2147515723,1,-9.935,38.031,-28.096,5.104,94.896,48.145,6.339,93.661,31.786
[SHELL] ccA:7,3789256665,1340647,-0.339,35.659,0.000,35.000,0.54000,0.70828,23.45,-13.209,22.381,-13.209,22.381,-13.216,4.579,1.00000,50.148,-11.531,30.541
[SHELL] ccB:7,22857,1,-25.592,30.347,-4.755,5.965,94.035,65.006,5.104,94.896,48.145
[SHELL] ccA:8,3789367201,1340648,1.219,35.765,0.000,35.000,0.76055,0.92883,23.98,-13.241,22.378,-13.241,22.378,-13.216,4.578,1.00000,50.148,25.191,42.624
[SHELL] ccB:8,2147515523,1,-11.131,47.346,-36.215,8.924,91.076,81.423,5.965,94.035,65.006
[SHELL] ccA:9,3789477153,1340649,5.197,36.446,0.000,35.000,0.96508,1.13334,23.91,-13.323,22.364,-13.323,22.364,-13.219,4.578,1.00000,50.148,-18.063,29.996
[SHELL] ccB:9,23101,1,-34.943,19.402,15.542,9.022,82.018,90.978,8.924,91.076,81.423
[SHELL] ccA:10,3789587133,1340650,-1.372,34.122,0.000,35.000,1.19273,1.36101,23.92,-13.191,22.411,-13.191,22.411,-13.218,4.578,1.00000,49.708,5.448,33.874
[SHELL] ccB:10,2147515557,1,-29.471,29.949,-0.478,5.610,65.697,94.390,9.022,82.018,90.978
[SHELL] ccA:11,3789697133,1340651,0.018,34.193,0.000,35.000,1.39456,1.56287,23.89,-13.219,22.410,-13.219,22.410,-13.218,4.578,1.00000,49.708,7.237,39.028
[SHELL] ccB:11,23091,1,-37.154,30.674,6.481,4.671,49.889,95.329,5.610,65.697,94.390
[SHELL] ccA:12,3789807245,1340652,2.302,34.568,0.000,35.000,1.62088,1.78917,23.92,-13.265,22.402,-13.265,22.402,-13.219,4.579,1.00000,49.708,-10.716,26.343
[SHELL] ccB:12,2147515501,1,-25.774,2.476,23.298,5.829,32.135,94.171,4.671,49.889,95.329
[SHELL] ccA:13,3789917209,1340653,2.816,32.465,0.000,35.000,1.83690,2.00521,24.04,-13.277,22.446,-13.277,22.446,-13.221,4.580,1.00000,49.708,25.460,38.144
[SHELL] ccB:13,23129,1,-43.497,34.334,9.163,8.990,16.126,91.010,5.829,32.135,94.171
[SHELL] ccA:14,3790027153,1340654,6.207,31.855,0.000,35.000,2.05597,2.22427,23.93,-13.348,22.459,-13.348,22.459,-13.224,4.582,1.00000,49.708,-15.377,24.788
[SHELL] ccB:14,2147515547,1,-14.756,-14.414,29.169,20.677,7.747,92.253,8.990,16.126,91.010
[SHELL] ccA:15,3790137137,1340655,-0.144,30.163,0.000,35.000,2.27234,2.44063,23.96,-13.221,22.496,-13.221,22.496,-13.224,4.584,1.00000,49.708,4.719,32.934
[SHELL] ccB:15,23093,1,-28.202,-1.185,29.387,36.708,5.192,94.808,20.677,7.747,92.253
[SHELL] ccA:16,3790247121,1340656,1.087,32.685,0.000,35.000,2.48324,2.65151,23.90,-13.246,22.446,-13.246,22.446,-13.224,4.585,1.00000,49.708,10.286,40.084
[SHELL] ccB:16,2147515563,1,-32.660,-5.679,38.339,53.384,4.634,95.366,36.708,5.192,94.808
[SHELL] ccA:17,3790357133,1340657,3.659,35.267,0.000,35.000,2.70584,2.87413,23.89,-13.299,22.395,-13.299,22.395,-13.226,4.585,1.00000,49.708,-10.657,27.965
[SHELL] ccB:17,23091,1,-2.143,-24.779,26.922,70.846,6.247,93.753,53.384,4.634,95.366
[SHELL] ccA:18,3790467089,1340658,4.486,34.141,0.000,35.000,2.91738,3.08566,23.82,-13.318,22.418,-13.318,22.418,-13.228,4.585,1.00000,49.708,28.972,40.550
[SHELL] ccB:18,2147515579,1,-37.263,-10.028,47.291,86.345,9.707,90.293,70.846,6.247,93.753
[SHELL] ccA:19,3790577041,1340659,8.858,34.507,0.000,35.000,3.13381,3.30210,23.81,-13.410,22.410,-13.410,22.410,-13.233,4.586,1.00000,49.708,-11.856,28.963
[SHELL] ccB:19,23045,1,11.630,-30.977,19.347,92.781,7.219,76.835,86.345,9.707,90.293
[SHELL] ccA:20,3790687057,1340660,3.344,33.244,0.000,35.000,3.35614,3.52442,23.81,-13.301,22.437,-13.301,22.437,-13.235,4.587,1.00000,49.708,8.115,34.500
[SHELL] ccB:20,2147515595,1,-0.584,-30.397,30.981,95.064,4.936,60.143,92.781,7.219,76.835
[SHELL] ccA:21,3790797197,1340661,5.135,34.691,0.000,35.000,3.57079,3.73914,23.93,-13.340,22.408,-13.340,22.408,-13.237,4.587,1.00000,49.708,16.166,40.801
[SHELL] ccB:21,23123,1,2.279,-39.096,36.817,95.261,4.739,43.137,95.064,4.936,60.143
[SHELL] ccA:22,3790907121,1340662,7.471,35.649,0.000,35.000,3.78297,3.95125,23.90,-13.390,22.388,-13.390,22.388,-13.241,4.586,1.00000,49.268,-10.563,26.494
[SHELL] ccB:22,2147515563,1,24.315,-25.069,0.754,93.787,6.213,26.417,95.261,4.739,43.137
[SHELL] ccA:23,3791017017,1340663,5.330,32.564,0.000,35.000,4.01195,4.18023,23.77,-13.350,22.451,-13.350,22.451,-13.244,4.588,1.00000,49.268,26.281,36.466
[SHELL] ccB:23,23033,1,10.941,-43.228,32.286,89.861,10.534,10.139,93.787,6.213,26.417
[SHELL] ccA:24,3791127025,1340664,7.513,32.127,0.000,35.000,4.21965,4.38793,23.77,-13.398,22.461,-13.398,22.461,-13.247,4.589,1.00000,49.268,-11.946,29.083
[SHELL] ccB:24,2147515611,1,31.274,-18.437,-12.837,93.778,25.691,6.222,89.861,10.534,10.139
[SHELL] ccA:25,3791237085,1340665,1.625,32.411,0.000,35.000,4.43986,4.60814,23.77,-13.281,22.457,-13.281,22.457,-13.248,4.590,1.00000,49.268,4.109,35.013
[SHELL] ccB:25,23067,1,32.615,-27.896,-4.719,95.659,42.561,4.341,93.778,25.691,6.222
[SHELL] ccA:26,3791347085,1340666,3.793,35.552,0.000,35.000,4.65773,4.82601,23.89,-13.326,22.394,-13.326,22.394,-13.250,4.590,1.00000,49.268,18.902,43.099
[SHELL] ccB:26,2147515581,1,42.002,-39.386,-2.617,95.438,60.033,4.562,95.659,42.561,4.341
[SHELL] ccA:27,3791457037,1340667,8.079,36.516,0.000,35.000,4.87473,5.04302,23.78,-13.416,22.374,-13.416,22.374,-13.254,4.589,1.00000,49.268,-9.596,24.852
[SHELL] ccB:27,23043,1,22.974,0.193,-23.167,93.121,77.023,6.879,95.438,60.033,4.562
[SHELL] ccA:28,3791567109,1340668,6.423,32.728,0.000,35.000,5.09796,5.26633,23.87,-13.386,22.451,-13.386,22.451,-13.257,4.590,1.00000,49.268,25.981,38.110
[SHELL] ccB:28,2147515569,1,45.083,-30.977,-14.106,86.693,90.770,9.230,93.121,77.023,6.879
[SHELL] ccA:29,3791677029,1340669,7.709,32.226,0.000,35.000,5.31712,5.48540,23.79,-13.415,22.462,-13.415,22.462,-13.261,4.592,1.00000,49.268,-11.530,27.833
[SHELL] ccB:29,23039,1,16.342,13.748,-30.089,70.432,94.451,5.549,86.693,90.770,9.230
[SHELL] ccA:30,3791787013,1340670,0.650,31.435,0.000,35.000,5.52673,5.69501,23.77,-13.274,22.480,-13.274,22.480,-13.261,4.594,1.00000,49.268,-0.321,31.965
[SHELL] ccB:30,2147515617,1,21.706,9.471,-31.177,54.351,95.821,4.179,70.432,94.451,5.549
[SHELL] ccA:31,3791897033,1340671,1.451,32.821,0.000,35.000,5.74340,5.91165,23.78,-13.291,22.453,-13.291,22.453,-13.262,4.595,1.00000,49.268,17.977,39.519
[SHELL] ccB:31,23041,1,35.732,3.491,-39.223,37.113,95.257,4.743,54.351,95.821,4.179
[SHELL] ccA:32,3792007009,1340672,5.121,34.006,0.000,35.000,5.96381,6.13210,23.77,-13.367,22.430,-13.367,22.430,-13.265,4.595,1.00000,49.268,-15.150,25.020
[SHELL] ccB:32,2147515619,1,-6.528,27.955,-21.427,20.045,92.515,7.485,37.113,95.257,4.743
[SHELL] ccA:33,3792117033,1340673,2.846,31.224,0.000,35.000,6.17571,0.06081,23.85,-13.323,22.488,-13.323,22.488,-13.266,4.597,1.00000,49.268,23.706,35.338
[SHELL] ccB:33,23041,1,27.360,14.545,-41.905,8.660,91.340,15.276,20.045,92.515,7.485
[SHELL] ccA:34,3792226885,1340674,5.895,31.369,0.000,35.000,0.11605,0.28436,23.72,-13.387,22.486,-13.387,22.486,-13.269,4.599,1.00000,49.268,-8.684,29.780
[SHELL] ccB:34,2147515681,1,-12.074,30.782,-18.709,5.168,94.832,32.158,8.660,91.340,15.276
[SHELL] ccA:35,3792336889,1340675,1.521,31.681,0.000,35.000,0.32512,0.49340,23.73,-13.300,22.482,-13.300,22.482,-13.270,4.601,1.00000,49.268,-0.253,31.829
[SHELL] ccB:35,22969,1,-10.406,31.254,-20.847,4.093,95.907,48.443,5.168,94.832,32.158
[SHELL] ccA:36,3792446813,1340676,3.392,33.808,0.000,35.000,0.55663,0.72493,23.65,-13.339,22.440,-13.339,22.440,-13.272,4.601,1.00000,49.268,22.759,41.797
[SHELL] ccB:36,2147515717,1,-2.759,42.525,-39.767,5.160,94.840,66.884,4.093,95.907,48.443
[SHELL] ccA:37,3792557261,1340677,7.498,35.329,0.000,35.000,0.77130,0.93958,24.02,-13.425,22.409,-13.425,22.409,-13.275,4.601,1.00000,48.828,-15.272,25.893
[SHELL] ccB:37,23155,1,-28.999,21.359,7.640,7.927,92.073,83.610,5.160,94.840,66.884
[SHELL] ccA:38,3792667201,1340678,3.045,31.489,0.000,35.000,0.98855,1.15683,23.97,-13.338,22.488,-13.338,22.488,-13.277,4.603,1.00000,48.828,19.963,32.372
[SHELL] ccB:38,2147515523,1,-16.060,37.886,-21.826,7.328,81.443,92.672,7.927,92.073,83.610
[SHELL] ccA:39,3792777205,1340679,3.706,30.191,0.000,35.000,1.20287,1.37116,23.99,-13.353,22.516,-13.353,22.516,-13.279,4.605,1.00000,48.828,-9.830,30.126
[SHELL] ccB:39,23127,1,-31.645,17.263,14.382,4.388,65.026,95.612,7.328,81.443,92.672
[SHELL] ccA:40,3792887209,1340680,-0.553,31.025,0.000,35.000,1.42104,1.58933,23.99,-13.267,22.502,-13.267,22.502,-13.278,4.607,1.00000,48.828,-2.517,31.477
[SHELL] ccB:40,2147515519,1,-31.500,17.662,13.838,3.688,47.779,96.312,4.388,65.026,95.612
[SHELL] ccA:41,3792997169,1340681,3.068,33.349,0.000,35.000,1.63796,1.80624,23.90,-13.341,22.456,-13.341,22.456,-13.280,4.608,1.00000,48.828,27.135,40.317
[SHELL] ccB:41,23109,1,-42.047,42.127,-0.080,5.089,30.310,94.911,3.688,47.779,96.312
[SHELL] ccA:42,3793107213,1340682,8.930,34.337,0.000,35.000,1.86027,2.02858,24.03,-13.463,22.436,-13.463,22.436,-13.284,4.608,1.00000,48.828,-16.031,25.238
[SHELL] ccB:42,2147515517,1,-19.612,-9.738,29.350,8.722,13.264,91.278,5.089,30.310,94.911
[SHELL] ccA:43,3793217161,1340683,2.990,31.100,0.000,35.000,2.07009,2.23839,23.95,-13.346,22.503,-13.346,22.503,-13.286,4.610,1.00000,48.828,16.887,33.606
[SHELL] ccB:43,23105,1,-37.589,17.698,19.891,21.093,6.702,93.298,8.722,13.264,91.278
[SHELL] ccA:44,3793327157,1340684,2.411,31.321,0.000,35.000,2.29290,2.46119,23.94,-13.335,22.501,-13.335,22.501,-13.287,4.612,1.00000,48.828,-8.098,32.833
[SHELL] ccB:44,2147515545,1,-19.286,-14.414,33.700,38.359,4.100,95.900,21.093,6.702,93.298
[SHELL] ccA:45,3793437049,1340685,-0.947,32.908,0.000,35.000,2.51412,2.68240,23.79,-13.268,22.470,-13.268,22.470,-13.287,4.613,1.00000,48.828,-4.479,32.359
[SHELL] ccB:45,23049,1,-15.372,-17.277,32.649,55.942,3.845,96.155,38.359,4.100,95.900
[SHELL] ccA:46,3793547045,1340686,2.457,35.008,0.000,35.000,2.72688,2.89517,23.80,-13.337,22.428,-13.337,22.428,-13.288,4.613,1.00000,48.828,26.882,42.483
[SHELL] ccB:46,2147515601,1,-41.721,-3.432,45.153,72.927,5.653,94.347,55.942,3.845,96.155
[SHELL] ccA:47,3793657037,1340687,8.192,35.984,0.000,35.000,2.94666,3.11497,23.80,-13.456,22.408,-13.456,22.408,-13.292,4.613,1.00000,48.828,-16.517,26.610
[SHELL] ccB:47,23043,1,11.050,-30.905,19.855,89.489,9.636,90.364,72.927,5.653,94.347
[SHELL] ccA:48,3793767157,1340688,2.553,32.154,0.000,35.000,3.17156,3.33991,23.93,-13.344,22.486,-13.344,22.486,-13.293,4.614,1.00000,48.828,16.365,32.911
[SHELL] ccB:48,2147515545,1,-15.372,-21.228,36.599,94.118,5.882,74.755,89.489,9.636,90.364
[SHELL] ccA:49,3793877125,1340689,3.194,31.028,0.000,35.000,3.38163,3.54992,23.89,-13.359,22.510,-13.359,22.510,-13.295,4.616,1.00000,48.828,-3.436,31.680
[SHELL] ccB:49,23087,1,10.869,-31.376,20.507,96.179,3.821,58.291,94.118,5.882,74.755
[SHELL] ccA:50,3793987173,1340690,-0.033,31.030,0.000,35.000,3.60645,3.77476,23.94,-13.294,22.512,-13.294,22.512,-13.295,4.618,1.00000,48.828,-9.626,27.851
[SHELL] ccB:50,2147515537,1,21.090,-28.368,7.278,96.040,3.960,40.434,96.179,3.821,58.291
[SHELL] ccA:51,3794097205,1340691,0.049,31.377,0.000,35.000,3.83097,3.99925,23.96,-13.296,22.507,-13.290,22.497,-13.295,4.620,0.99956,48.388,22.884,38.126
[SHELL] ccB:51,23127,1,6.592,-41.379,34.787,94.025,5.975,22.680,96.040,3.960,40.434
[SHELL] ccA:52,3794207101,1340692,3.444,32.550,0.000,35.000,4.03217,4.20045,23.83,-13.365,22.485,-13.351,22.461,-13.296,4.621,0.99894,48.388,-22.365,26.096
[SHELL] ccB:52,2147515573,1,34.355,-16.335,-18.020,91.058,11.221,8.942,94.025,5.975,22.680
[SHELL] ccA:53,3794317165,1340693,-4.203,30.619,0.000,35.000,4.25736,4.42564,23.95,-13.210,22.526,-13.210,22.526,-13.294,4.623,1.00000,48.388,5.035,32.156
[SHELL] ccB:53,23107,1,26.671,-29.491,2.820,94.917,27.633,5.083,91.058,11.221,8.942
[SHELL] ccA:54,3794427097,1340694,-3.428,31.844,0.000,35.000,4.47678,4.64507,23.84,-13.224,22.503,-13.224,22.503,-13.293,4.625,1.00000,48.388,-1.418,36.966
[SHELL] ccB:54,2147515575,1,36.276,-24.417,-11.859,96.631,45.179,3.369,94.917,27.633,5.083
[SHELL] ccA:55,3794537153,1340695,-1.881,34.086,0.000,35.000,4.68477,4.85306,23.93,-13.254,22.458,-13.254,22.458,-13.292,4.625,1.00000,48.388,-9.722,30.256
[SHELL] ccB:55,23101,1,30.513,-7.564,-22.949,96.147,62.099,3.853,96.631,45.179,3.369
[SHELL] ccA:56,3794647185,1340696,0.685,35.262,0.000,35.000,4.90586,5.07412,23.96,-13.306,22.435,-13.306,22.435,-13.292,4.625,1.00000,48.388,23.601,43.569
[SHELL] ccB:56,2147515531,1,47.294,-36.450,-10.844,93.465,79.499,6.535,96.147,62.099,3.853
[SHELL] ccA:57,3794757145,1340697,4.282,36.226,0.000,35.000,5.12658,5.29489,23.93,-13.380,22.415,-13.380,22.415,-13.294,4.624,1.00000,48.388,-20.353,27.511
[SHELL] ccB:57,23097,1,16.994,17.227,-34.221,85.209,92.066,7.934,93.465,79.499,6.535
[SHELL] ccA:58,3794867169,1340698,-2.584,32.836,0.000,35.000,5.33810,5.50636,23.93,-13.241,22.484,-13.241,22.484,-13.293,4.625,1.00000,48.388,6.770,32.753
[SHELL] ccB:58,2147515539,1,30.513,-3.396,-27.117,69.587,95.310,4.690,85.209,92.066,7.934
[SHELL] ccA:59,3794977085,1340699,-1.071,33.129,0.000,35.000,5.55954,5.72783,23.83,-13.271,22.479,-13.271,22.479,-13.292,4.626,1.00000,48.388,2.530,39.498
[SHELL] ccB:59,23067,1,28.048,10.160,-38.208,51.784,96.708,3.292,69.587,95.310,4.690
[SHELL] ccA:60,3795087173,1340700,0.224,34.852,0.000,35.000,5.77861,5.94688,23.97,-13.297,22.444,-13.297,22.444,-13.292,4.626,1.00000,48.388,-10.931,27.657
[SHELL] ccB:60,2147515537,1,3.801,23.642,-27.444,34.050,95.773,4.227,51.784,96.708,3.292
[SHELL] ccA:61,3795197153,1340701,2.128,33.957,0.000,35.000,5.99196,6.16024,23.97,-13.336,22.463,-13.336,22.463,-13.293,4.627,1.00000,48.388,27.846,41.017
[SHELL] ccB:61,23101,1,38.450,7.876,-46.327,17.511,92.826,7.174,34.050,95.773,4.227
[SHELL] ccA:62,3795307113,1340702,6.341,33.705,0.000,35.000,6.21010,0.09520,23.93,-13.423,22.468,-13.401,22.431,-13.297,4.627,0.99835,48.388,-19.397,25.132
[SHELL] ccB:62,2147515567,1,-17.510,31.688,-14.178,7.175,92.825,17.456,17.511,92.826,7.174
[SHELL] ccA:63,3795417009,1340703,-1.326,30.644,0.000,35.000,0.13982,0.30813,23.84,-13.269,22.532,-13.139,22.311,-13.295,4.628,0.99019,47.948,5.644,31.294
[SHELL] ccB:63,23029,1,1.228,26.904,-28.132,4.231,95.769,33.365,7.175,92.825,17.456
[SHELL] ccA:64,3795526929,1340704,-0.041,31.300,0.000,35.000,0.36191,0.53020,23.75,-13.294,22.519,-13.163,22.297,-13.295,4.629,0.99011,47.948,7.945,37.479
[SHELL] ccB:64,2147515659,1,-5.840,35.712,-29.872,3.241,96.759,51.320,4.231,95.769,33.365
[SHELL] ccA:65,3795636897,1340705,2.512,33.076,0.000,35.000,0.57565,0.74392,23.69,-13.346,22.484,-13.338,22.469,-13.296,4.630,0.99936,48.388,-11.486,26.051
[SHELL] ccB:65,22973,1,-23.817,25.418,-1.602,4.492,95.508,68.656,3.241,96.759,51.320
[SHELL] ccA:66,3795747377,1340706,2.820,31.991,0.000,35.000,0.78896,0.95726,24.13,-13.354,22.507,-13.333,22.472,-13.297,4.631,0.99845,48.388,26.306,38.384
[SHELL] ccB:66,2147515435,1,-8.703,43.939,-35.236,7.800,92.200,84.907,4.492,95.508,68.656
[SHELL] ccA:67,3795857293,1340707,5.531,32.192,0.000,35.000,1.01076,1.17905,24.06,-13.410,22.504,-13.255,22.242,-13.299,4.632,0.98837,47.948,-19.000,25.951
[SHELL] ccB:67,23171,1,-32.080,14.038,18.042,6.535,79.889,93.465,7.800,92.200,84.907
[SHELL] ccA:68,3795967313,1340708,-1.605,30.596,0.000,35.000,1.22328,1.39157,24.07,-13.266,22.537,-13.135,22.313,-13.298,4.633,0.99008,47.948,5.277,32.099
[SHELL] ccB:68,2147515467,1,-28.383,27.955,0.428,3.915,63.767,96.085,6.535,79.889,93.465
[SHELL] ccA:69,3796077305,1340709,0.480,32.095,0.000,35.000,1.44401,1.61229,24.06,-13.307,22.507,-13.178,22.288,-13.297,4.633,0.99025,47.948,10.368,38.228
[SHELL] ccB:69,23177,1,-36.611,31.399,5.212,3.298,45.801,96.702,3.915,63.767,96.085
[SHELL] ccA:70,3796187325,1340710,3.517,32.921,0.000,35.000,1.66038,1.82867,24.07,-13.369,22.491,-13.230,22.257,-13.298,4.633,0.98960,47.948,-11.946,23.130
[SHELL] ccB:70,2147515461,1,-21.968,-1.112,23.080,4.936,28.348,95.064,3.298,45.801,96.702
[SHELL] ccA:71,3796297313,1340711,2.471,29.354,0.000,35.000,1.87469,2.04298,24.11,-13.349,22.564,-13.184,22.284,-13.299,4.634,0.98762,47.948,23.408,32.927
[SHELL] ccB:71,23181,1,-38.423,30.021,8.402,8.580,12.394,91.420,4.936,28.348,95.064
[SHELL] ccA:72,3796407213,1340712,3.935,27.490,0.000,35.000,2.09596,2.26425,23.94,-13.379,22.603,-13.189,22.281,-13.300,4.636,0.98576,47.948,-19.129,20.975
[SHELL] ccB:72,2147515517,1,-8.558,-19.162,27.720,22.767,5.957,94.043,8.580,12.394,91.420
[SHELL] ccA:73,3796517233,1340713,-3.581,26.142,0.000,35.000,2.30818,2.47649,24.05,-13.226,22.633,-13.064,22.355,-13.297,4.639,0.98771,47.948,0.524,29.691
[SHELL] ccB:73,23141,1,-22.331,-5.788,28.118,38.998,3.668,96.332,22.767,5.957,94.043
[SHELL] ccA:74,3796627157,1340714,-1.543,29.377,0.000,35.000,2.52918,2.69746,23.87,-13.265,22.570,-13.120,22.322,-13.296,4.641,0.98902,47.948,11.911,37.150
[SHELL] ccB:74,2147515545,1,-31.102,-4.845,35.947,57.057,3.412,96.588,38.998,3.668,96.332
[SHELL] ccA:75,3796737165,1340715,2.539,31.784,0.000,35.000,2.74295,2.91124,23.87,-13.348,22.522,-13.201,22.274,-13.296,4.641,0.98900,47.948,-14.187,23.144
[SHELL] ccB:75,23107,1,4.091,-25.287,21.196,74.296,5.388,94.612,57.057,3.412,96.588
[SHELL] ccA:76,3796847205,1340716,2.278,29.303,0.000,35.000,2.95779,3.12608,24.00,-13.343,22.573,-13.175,22.289,-13.296,4.643,0.98743,47.948,25.577,33.775
[SHELL] ccB:76,2147515521,1,-31.319,-9.050,40.369,90.130,9.377,90.623,74.296,5.388,94.612
[SHELL] ccA:77,3796957177,1340717,5.800,28.875,0.000,35.000,3.16969,3.33800,23.94,-13.415,22.583,-13.224,22.261,-13.298,4.644,0.98571,47.948,-13.766,24.806
[SHELL] ccB:77,23113,1,14.457,-28.368,13.911,94.468,5.532,75.077,90.130,9.377,90.623
[SHELL] ccA:78,3797067273,1340718,0.725,28.778,0.000,35.000,3.39741,3.56569,24.00,-13.313,22.587,-13.148,22.306,-13.298,4.646,0.98755,47.948,4.856,31.725
[SHELL] ccB:78,2147515487,1,3.330,-29.310,25.980,96.574,3.426,57.320,94.468,5.532,75.077
[SHELL] ccA:79,3797177141,1340719,4.123,31.903,0.000,35.000,3.61123,3.77952,23.87,-13.382,22.524,-13.225,22.260,-13.299,4.646,0.98825,47.948,20.547,39.355
[SHELL] ccB:79,23095,1,-0.512,-38.190,38.701,96.390,3.610,39.755,96.574,3.426,57.320
[SHELL] ccA:80,3797287225,1340720,9.181,33.350,0.000,35.000,3.82026,3.98852,23.97,-13.487,22.495,-13.314,22.206,-13.303,4.646,0.98717,47.948,-9.225,22.964
[SHELL] ccB:80,2147515511,1,21.597,-21.264,-0.333,94.091,5.909,23.000,96.390,3.610,39.755
[SHELL] ccA:81,3797397149,1340721,7.145,29.524,0.000,35.000,4.04768,4.21600,23.89,-13.449,22.573,-13.253,22.243,-13.305,4.647,0.98540,47.948,26.485,32.814
[SHELL] ccB:81,23099,1,9.492,-40.328,30.836,91.423,12.406,8.577,94.091,5.909,23.000
[SHELL] ccA:82,3797507153,1340722,8.375,28.795,0.000,35.000,4.26861,4.43691,23.93,-13.477,22.589,-13.266,22.235,-13.309,4.648,0.98435,47.948,-10.242,26.589
[SHELL] ccB:82,2147515547,1,28.411,-16.081,-12.330,95.180,29.087,4.820,91.423,12.406,8.577
[SHELL] ccA:83,3797617157,1340723,2.600,28.788,0.000,35.000,4.48312,4.65142,23.94,-13.362,22.590,-13.182,22.286,-13.309,4.650,0.98651,47.948,4.401,29.159
[SHELL] ccB:83,23103,1,27.396,-23.148,-4.248,96.706,45.917,3.294,95.180,29.087,4.820
[SHELL] ccA:84,3797727149,1340724,4.591,30.654,0.000,35.000,4.70233,4.87137,23.93,-13.403,22.632,-13.194,22.278,-13.310,4.650,0.98439,47.948,19.804,37.709
[SHELL] ccB:84,2147515549,1,37.508,-36.232,-1.276,96.091,63.710,3.909,96.706,45.917,3.294
[SHELL] ccA:85,3797837173,1340725,7.282,30.992,0.000,35.000,4.92206,5.09110,23.97,-13.460,22.625,-13.238,22.252,-13.313,4.650,0.98352,47.948,-14.882,19.393
[SHELL] ccB:85,23111,1,15.870,8.166,-24.037,93.222,80.928,6.778,96.091,63.710,3.909
[SHELL] ccA:86,3797947109,1340726,2.444,25.893,0.000,35.000,5.13563,5.30465,23.84,-13.363,22.730,-13.122,22.320,-13.313,4.653,0.98200,47.948,19.737,27.079
[SHELL] ccB:86,2147515569,1,32.796,-22.351,-10.445,85.017,92.169,7.831,93.222,80.928,6.778
[SHELL] ccA:87,3798057217,1340727,2.753,24.329,0.000,35.000,5.35575,5.52475,23.97,-13.369,22.764,-13.112,22.326,-13.313,4.656,0.98077,47.948,-13.579,23.766
[SHELL] ccB:87,23133,1,10.869,16.321,-27.190,68.262,95.561,4.439,85.017,92.169,7.831
[SHELL] ccA:88,3798167177,1340728,-2.224,25.546,0.000,35.000,5.57343,5.74245,23.95,-13.267,22.742,-13.047,22.365,-13.311,4.659,0.98339,47.948,-1.476,27.574
[SHELL] ccB:88,2147515535,1,16.849,10.522,-27.371,51.023,96.762,3.238,68.262,95.561,4.439
[SHELL] ccA:89,3798277205,1340729,2.028,30.305,0.000,35.000,5.78813,5.95716,23.93,-13.352,22.648,-13.150,22.304,-13.311,4.659,0.98484,47.948,24.645,42.306
[SHELL] ccB:89,23127,1,41.785,1.207,-42.992,33.377,95.770,4.230,51.023,96.762,3.238
[SHELL] ccA:90,3798387161,1340730,8.331,33.897,0.000,35.000,6.00504,6.17406,23.94,-13.481,22.575,-13.397,22.434,-13.314,4.659,0.99375,48.388,-14.489,23.402
[SHELL] ccB:90,2147515543,1,-7.507,26.687,-19.180,16.290,92.523,7.477,33.377,95.770,4.230
[SHELL] ccA:91,3798497117,1340731,5.115,30.576,0.000,35.000,6.22875,0.11460,23.93,-13.419,22.643,-13.322,22.478,-13.317,4.660,0.99275,48.388,24.793,33.194
[SHELL] ccB:91,23083,1,26.562,14.255,-40.818,6.883,93.117,18.636,16.290,92.523,7.477
[SHELL] ccA:92,3798606973,1340732,7.496,29.582,0.000,35.000,0.16183,0.33085,23.79,-13.470,22.664,-13.228,22.258,-13.319,4.661,0.98206,47.948,-5.114,28.536
[SHELL] ccB:92,2147515637,1,-9.645,28.499,-18.854,3.991,96.009,35.490,6.883,93.117,18.636
[SHELL] ccA:93,3798716869,1340733,3.388,29.932,0.000,35.000,0.37817,0.54719,23.65,-13.389,22.658,-13.172,22.291,-13.320,4.662,0.98382,47.948,-1.014,29.460
[SHELL] ccB:93,22959,1,-11.820,29.296,-17.477,3.261,96.739,52.729,3.991,96.009,35.490
[SHELL] ccA:94,3798827101,1340734,4.868,32.273,0.000,35.000,0.59675,0.76577,23.68,-13.419,22.611,-13.336,22.470,-13.322,4.663,0.99379,48.388,26.615,41.634
[SHELL] ccB:94,2147515573,1,-1.382,43.468,-42.086,4.737,95.263,70.369,3.261,96.739,52.729
[SHELL] ccA:95,3798937357,1340735,9.034,34.368,0.000,35.000,0.81522,0.98425,24.13,-13.507,22.568,-13.419,22.421,-13.326,4.662,0.99347,48.388,-16.079,24.743
[SHELL] ccB:95,23203,1,-29.036,19.076,9.960,8.441,91.559,87.143,4.737,95.263,70.369
[SHELL] ccA:96,3799047293,1340736,3.471,30.946,0.000,35.000,1.03588,1.20490,24.04,-13.397,22.638,-13.308,22.487,-13.327,4.663,0.99333,48.388,19.428,32.665
[SHELL] ccB:96,2147515477,1,-18.199,37.995,-19.796,6.153,78.165,93.847,8.441,91.559,87.143
[SHELL] ccA:97,3799157305,1340737,4.750,30.690,0.000,35.000,1.25249,1.42150,24.06,-13.424,22.645,-13.325,22.477,-13.329,4.665,0.99259,48.388,-3.775,32.686
[SHELL] ccB:97,23177,1,-32.225,21.866,10.359,3.678,61.124,96.322,6.153,78.165,93.847
[SHELL] ccA:98,3799267309,1340738,2.350,32.088,0.000,35.000,1.47437,1.64339,24.07,-13.377,22.617,-13.181,22.286,-13.329,4.665,0.98535,47.948,-2.480,30.315
[SHELL] ccB:98,2147515469,1,-30.413,15.596,14.817,3.396,43.276,96.604,3.678,61.124,96.322
[SHELL] ccA:99,3799377261,1340739,5.493,32.956,0.000,35.000,1.68636,1.85538,23.97,-13.442,22.599,-13.236,22.253,-13.331,4.664,0.98469,47.948,30.708,38.510
[SHELL] ccB:99,23155,1,-41.793,43.468,-1.674,5.290,26.252,94.710,3.396,43.276,96.604
[SHELL] ccA:100,3799487293,1340740,10.535,32.761,0.000,35.000,1.91706,2.08608,24.11,-13.547,22.603,-13.433,22.412,-13.336,4.664,0.99159,48.388,-16.794,23.711
[SHELL] ccB:100,2147515477,1,-16.604,-12.348,28.952,10.065,9.314,90.686,5.290,26.252,94.710
[SHELL] ccA:101,3799597257,1340741,2.752,29.413,0.000,35.000,2.12259,2.29161,24.04,-13.392,22.671,-13.289,22.498,-13.336,4.666,0.99234,48.388,13.886,31.719
[SHELL] ccB:101,23153,1,-34.291,12.987,21.304,24.795,5.556,94.444,10.065,9.314,90.686
[SHELL] ccA:102,3799707205,1340742,1.931,30.013,0.000,35.000,2.34092,2.50994,24.01,-13.376,22.661,-13.282,22.502,-13.337,4.668,0.99299,48.388,-3.257,32.904
[SHELL] ccB:102,2147515521,1,-21.352,-11.188,32.540,42.041,3.461,96.539,24.795,5.556,94.444
[SHELL] ccA:103,3799817225,1340743,-0.199,32.075,0.000,35.000,2.56480,2.73384,23.92,-13.333,22.620,-13.268,22.510,-13.336,4.668,0.99514,48.388,-8.167,30.772
[SHELL] ccB:103,23137,1,-9.935,-21.228,31.163,60.086,3.599,96.401,42.041,3.461,96.539
[SHELL] ccA:104,3799927185,1340744,2.586,34.371,0.000,35.000,2.77805,2.94707,23.98,-13.389,22.574,-13.330,22.474,-13.337,4.668,0.99555,48.388,29.933,43.034
[SHELL] ccB:104,2147515531,1,-43.279,-3.975,47.255,77.076,5.925,94.075,60.086,3.599,96.401
[SHELL] ccA:105,3800037205,1340745,8.887,36.203,0.000,35.000,2.99594,3.16497,23.98,-13.520,22.536,-13.442,22.407,-13.342,4.667,0.99425,48.388,-16.150,27.970
[SHELL] ccB:105,23127,1,11.920,-31.956,20.036,91.405,8.595,87.654,77.076,5.925,94.075
[SHELL] ccA:106,3800147129,1340746,3.405,33.418,0.000,35.000,3.20847,3.37749,23.87,-13.411,22.592,-13.338,22.469,-13.343,4.667,0.99454,48.388,15.986,34.697
[SHELL] ccB:106,2147515559,1,-13.632,-24.091,37.723,95.001,4.999,72.041,91.405,8.595,87.654
[SHELL] ccA:107,3800257205,1340747,5.174,33.570,0.000,35.000,3.43703,3.60603,23.86,-13.449,22.589,-13.367,22.452,-13.345,4.667,0.99391,48.388,4.875,36.914
[SHELL] ccB:107,23127,1,6.085,-34.855,28.771,96.716,3.284,53.705,95.001,4.999,72.041
[SHELL] ccA:108,3800367121,1340748,5.019,34.507,0.000,35.000,3.65360,3.82262,23.85,-13.448,22.570,-13.375,22.447,-13.347,4.667,0.99455,48.388,-5.659,29.500
[SHELL] ccB:108,2147515563,1,19.386,-29.564,10.177,96.082,3.918,36.203,96.716,3.284,53.705
[SHELL] ccA:109,3800477149,1340749,5.831,33.759,0.000,35.000,3.87827,4.04730,23.92,-13.467,22.585,-13.382,22.443,-13.350,4.667,0.99370,48.388,29.766,39.123
[SHELL] ccB:109,23099,1,4.236,-44.532,40.296,93.143,6.857,18.742,96.082,3.918,36.203
[SHELL] ccA:110,3800587129,1340750,9.433,33.684,0.000,35.000,4.09323,4.26225,23.92,-13.543,22.587,-13.437,22.410,-13.354,4.667,0.99217,48.388,-16.139,26.991
[SHELL] ccB:110,2147515559,1,31.347,-17.857,-13.490,92.437,15.968,7.563,93.143,6.857,18.742
[SHELL] ccA:111,3800697089,1340751,1.389,31.178,0.000,35.000,4.30750,4.47652,23.83,-13.382,22.638,-13.297,22.493,-13.354,4.668,0.99362,48.388,8.070,31.608
[SHELL] ccB:111,23069,1,25.874,-30.143,4.270,95.581,31.883,4.419,92.437,15.968,7.563
[SHELL] ccA:112,3800807177,1340752,1.461,32.266,0.000,35.000,4.52653,4.69553,23.95,-13.384,22.617,-13.307,22.487,-13.354,4.668,0.99427,48.388,5.841,38.858
[SHELL] ccB:112,2147515535,1,37.109,-29.745,-7.365,96.764,49.505,3.236,95.581,31.883,4.419
[SHELL] ccA:113,3800917085,1340753,2.484,33.462,0.000,35.000,4.74702,4.91604,23.83,-13.405,22.593,-13.333,22.472,-13.355,4.669,0.99464,48.388,-9.818,24.525
[SHELL] ccB:113,23067,1,24.170,-2.852,-21.318,95.683,67.326,4.317,96.764,49.505,3.236
[SHELL] ccA:114,3801027173,1340754,2.659,31.367,0.000,35.000,4.97006,5.13906,23.95,-13.410,22.636,-13.318,22.481,-13.356,4.670,0.99315,48.388,24.429,37.561
[SHELL] ccB:114,2147515537,1,42.546,-33.442,-9.104,92.353,84.347,7.647,95.683,67.326,4.317
[SHELL] ccA:115,3801137157,1340755,4.374,30.771,0.000,35.000,5.18304,5.35207,23.94,-13.446,22.649,-13.339,22.469,-13.358,4.671,0.99202,48.388,-21.542,23.440
[SHELL] ccB:115,23103,1,11.123,20.272,-31.394,81.197,93.158,6.842,92.353,84.347,7.647
[SHELL] ccA:116,3801247169,1340756,-4.824,28.229,0.000,35.000,5.40211,5.57115,23.97,-13.259,22.703,-13.178,22.563,-13.355,4.674,0.99387,48.388,-0.639,28.477
[SHELL] ccB:116,2147515539,1,21.561,5.339,-26.900,64.775,95.981,4.019,81.197,93.158,6.842
[SHELL] ccA:117,3801357085,1340757,-4.422,29.667,0.000,35.000,5.61713,5.78615,23.83,-13.264,22.676,-13.193,22.554,-13.352,4.676,0.99464,48.388,5.134,38.274
[SHELL] ccB:117,23067,1,27.686,9.471,-37.157,47.388,96.741,3.259,64.775,95.981,4.019
[SHELL] ccA:118,3801467141,1340758,-1.457,32.237,0.000,35.000,5.84115,6.01018,23.92,-13.323,22.625,-13.258,22.516,-13.351,4.676,0.99518,48.388,-15.458,23.926
[SHELL] ccB:118,2147515553,1,-3.737,26.324,-22.587,29.241,95.204,4.796,47.388,96.741,3.259
[SHELL] ccA:119,3801577125,1340759,-0.581,30.533,0.000,35.000,6.06513,6.23415,23.92,-13.340,22.661,-13.255,22.518,-13.351,4.678,0.99369,48.388,23.460,36.008
[SHELL] ccB:119,23087,1,30.694,10.703,-41.397,12.380,91.416,8.584,29.241,95.204,4.796
[SHELL] ccA:120,3801687025,1340760,2.305,30.144,0.000,35.000,6.26774,0.15358,23.83,-13.398,22.670,-13.294,22.495,-13.351,4.680,0.99226,48.388,-22.242,24.634
[SHELL] ccB:120,2147515611,1,-21.859,32.558,-10.699,6.230,93.770,21.477,12.380,91.416,8.584
[SHELL] ccA:121,3801796989,1340761,-5.946,29.016,0.000,35.000,0.21439,0.38341,23.81,-13.229,22.695,-13.159,22.574,-13.348,4.682,0.99468,48.388,-2.760,30.786
[SHELL] ccB:121,23019,1,-9.247,30.166,-20.920,3.667,96.333,39.017,6.230,93.770,21.477
[SHELL] ccA:122,3801906961,1340762,-4.703,31.641,0.000,35.000,0.43211,0.60114,23.74,-13.252,22.644,-13.198,22.552,-13.345,4.683,0.99594,48.388,8.949,40.359
[SHELL] ccB:122,2147515643,1,-8.775,39.372,-30.597,3.397,96.603,56.750,3.667,96.333,39.017
[SHELL] ccA:123,3802017201,1340763,-1.127,34.081,0.000,35.000,0.64631,0.81533,23.77,-13.322,22.595,-13.271,22.508,-13.345,4.683,0.99617,48.388,-19.645,24.820
[SHELL] ccB:123,23125,1,-30.630,22.229,8.402,5.336,94.664,74.006,3.397,96.603,56.750
[SHELL] ccA:124,3802127437,1340764,-2.651,32.013,0.000,35.000,0.86889,1.03788,24.23,-13.290,22.637,-13.229,22.533,-13.343,4.684,0.99540,48.388,19.738,38.054
[SHELL] ccB:124,2147515405,1,-16.314,42.489,-26.175,9.453,90.547,90.357,5.336,94.664,74.006
[SHELL] ccA:125,3802237545,1340765,-0.865,32.846,0.000,35.000,1.08485,1.25385,24.18,-13.325,22.621,-13.262,22.514,-13.342,4.685,0.99526,48.388,-23.291,30.454
[SHELL] ccB:125,23297,1,-37.807,13.385,24.421,5.438,74.571,94.562,9.453,90.547,90.357
[SHELL] ccA:126,3802347369,1340766,-8.011,34.064,0.000,35.000,1.30993,1.47895,24.14,-13.178,22.597,-13.163,22.572,-13.338,4.685,0.99889,48.388,-5.201,37.292
[SHELL] ccB:126,2147515439,1,-37.372,22.664,14.708,3.413,57.077,96.587,5.438,74.571,94.562
[SHELL] ccA:127,3802457377,1340767,-5.573,36.873,0.000,35.000,1.52881,1.69783,24.14,-13.224,22.539,-13.223,22.537,-13.335,4.684,0.99990,48.388,11.401,42.454
[SHELL] ccB:127,23213,1,-41.938,32.377,9.561,3.654,39.177,96.346,3.413,57.077,96.587
[SHELL] ccA:128,3802567385,1340768,-0.870,37.136,0.000,35.000,1.73486,1.90391,24.15,-13.318,22.533,-13.295,22.495,-13.335,4.683,0.99829,48.388,-21.080,26.345
[SHELL] ccB:128,2147515431,1,-22.548,-10.463,33.011,5.963,22.735,94.037,3.654,39.177,96.346
[SHELL] ccA:129,3802677353,1340769,-4.564,33.148,0.000,35.000,1.95591,2.12492,24.06,-13.241,22.614,-13.203,22.549,-13.332,4.683,0.99712,48.388,12.504,37.447
[SHELL] ccB:129,23201,1,-39.401,17.553,21.848,12.097,8.671,91.329,5.963,22.735,94.037
[SHELL] ccA:130,3802787345,1340770,-4.636,32.737,0.000,35.000,2.16803,2.33705,24.13,-13.237,22.623,-13.196,22.553,-13.330,4.684,0.99690,48.388,-22.474,29.709
[SHELL] ccB:130,2147515451,1,-11.929,-24.598,36.527,27.995,4.993,95.007,12.097,8.671,91.329
[SHELL] ccA:131,3802897213,1340771,-9.886,33.085,0.000,35.000,2.39122,2.56024,23.93,-13.127,22.616,-13.117,22.599,-13.325,4.685,0.99922,48.388,-7.103,35.476
[SHELL] ccB:131,23131,1,-18.996,-17.168,36.164,45.511,3.307,96.693,27.995,4.993,95.007
[SHELL] ccA:132,3803007557,1340772,-5.215,35.800,0.000,35.000,2.61379,2.78281,23.94,-13.218,22.562,-13.088,22.340,-13.322,4.684,0.99020,47.948,15.817,42.538
[SHELL] ccB:132,2147515345,1,-35.088,-7.382,42.471,63.798,3.918,96.082,45.511,3.307,96.693
[SHELL] ccA:133,3803116605,1340773,1.886,36.906,0.000,35.000,2.82973,2.99878,23.40,-13.360,22.537,-13.324,22.477,-13.322,4.682,0.99732,48.388,-16.987,27.074
[SHELL] ccB:133,22827,1,7.861,-30.760,22.899,80.967,6.787,93.213,63.798,3.918,96.082
[SHELL] ccA:134,3803226629,1340774,0.213,32.979,0.000,35.000,3.04348,3.21248,23.39,-13.327,22.617,-13.265,22.512,-13.322,4.683,0.99538,48.388,19.007,35.229
[SHELL] ccB:134,2147515809,1,-22.367,-17.567,39.934,92.234,7.766,84.782,80.967,6.787,93.213
[SHELL] ccA:135,3803336665,1340775,1.543,31.613,0.000,35.000,3.26350,3.43252,23.49,-13.354,22.645,-13.152,22.303,-13.322,4.683,0.98489,47.948,-14.856,28.921
[SHELL] ccB:135,22857,1,18.263,-32.427,14.164,95.603,4.397,67.950,92.234,7.766,84.782
[SHELL] ccA:136,3803446665,1340776,-3.936,31.113,0.000,35.000,3.48040,3.64944,23.46,-13.241,22.655,-13.065,22.354,-13.319,4.683,0.98670,47.948,-5.038,31.383
[SHELL] ccB:136,2147515791,1,15.182,-31.774,16.593,96.763,3.237,50.845,95.603,4.397,67.950
[SHELL] ccA:137,3803556693,1340777,-1.545,32.896,0.000,35.000,3.70528,3.87428,23.52,-13.287,22.619,-13.235,22.530,-13.318,4.684,0.99605,48.388,18.750,39.899
[SHELL] ccB:137,22871,1,5.468,-40.618,35.149,95.672,4.328,32.591,96.763,3.237,50.845
[SHELL] ccA:138,3803666661,1340778,3.098,33.995,0.000,35.000,3.92126,4.09029,23.45,-13.382,22.597,-13.314,22.483,-13.319,4.684,0.99495,48.388,-20.071,24.800
[SHELL] ccB:138,2147515793,1,31.709,-18.908,-12.801,92.388,7.612,15.782,95.672,4.328,32.591
[SHELL] ccA:139,3803776741,1340779,-1.948,30.418,0.000,35.000,4.13113,4.30014,23.56,-13.279,22.671,-13.087,22.341,-13.317,4.684,0.98549,47.948,13.601,32.174
[SHELL] ccB:139,22895,1,19.422,-34.855,15.433,92.964,18.012,7.036,92.388,7.612,15.782
[SHELL] ccA:140,3803886645,1340780,-1.675,29.676,0.000,35.000,4.34816,4.51719,23.43,-13.283,22.686,-13.082,22.344,-13.315,4.685,0.98490,47.948,-13.831,29.554
[SHELL] ccB:140,2147515801,1,32.543,-14.196,-18.346,95.932,34.773,4.068,92.964,18.012,7.036
[SHELL] ccA:141,3803996741,1340781,-4.958,30.162,0.000,35.000,4.56413,4.73313,23.56,-13.214,22.677,-13.155,22.577,-13.313,4.687,0.99556,48.388,-5.772,29.366
[SHELL] ccB:141,22895,1,29.897,-13.761,-16.136,96.751,52.003,3.249,95.932,34.773,4.068
[SHELL] ccA:142,3804106649,1340782,-1.332,32.373,0.000,35.000,4.78463,4.95368,23.45,-13.285,22.634,-13.227,22.535,-13.312,4.688,0.99561,48.388,20.049,41.206
[SHELL] ccB:142,2147515799,1,42.546,-36.015,-6.531,95.329,69.920,4.671,96.751,52.003,3.249
[SHELL] ccA:143,3804216705,1340783,3.885,33.541,0.000,35.000,5.00945,5.17849,23.50,-13.391,22.611,-13.315,22.482,-13.313,4.688,0.99432,48.388,-18.784,22.386
[SHELL] ccB:143,22877,1,15.907,13.277,-29.183,91.541,87.203,8.459,95.329,69.920,4.671
[SHELL] ccA:144,3804326721,1340784,-1.108,28.911,0.000,35.000,5.21936,5.38841,23.56,-13.291,22.706,-13.200,22.551,-13.312,4.690,0.99316,48.388,13.089,29.665
[SHELL] ccB:144,2147515763,1,32.289,-13.580,-18.709,78.929,93.681,6.319,91.541,87.203,8.459
[SHELL] ccA:145,3804436661,1340785,-0.819,27.516,0.000,35.000,5.43518,5.60421,23.44,-13.295,22.737,-13.190,22.556,-13.311,4.693,0.99206,48.388,-10.669,28.349
[SHELL] ccB:145,22855,1,14.203,16.067,-30.271,62.092,96.241,3.759,78.929,93.681,6.319
[SHELL] ccA:146,3804546717,1340786,-4.184,28.590,0.000,35.000,5.65839,5.82741,23.55,-13.226,22.718,-13.146,22.582,-13.309,4.696,0.99402,48.388,-8.489,27.998
[SHELL] ccB:146,2147515765,1,9.492,19.221,-28.712,44.219,96.646,3.354,62.092,96.241,3.759
[SHELL] ccA:147,3804656681,1340787,-0.322,31.739,0.000,35.000,5.87421,6.04324,23.51,-13.302,22.655,-13.230,22.533,-13.308,4.697,0.99458,48.388,26.360,42.613
[SHELL] ccB:147,22865,1,41.132,4.216,-45.348,26.763,94.800,5.200,44.219,96.646,3.354
[SHELL] ccA:148,3804766689,1340788,6.128,34.254,0.000,35.000,6.08756,6.25658,23.50,-13.434,22.605,-13.228,22.258,-13.310,4.695,0.98466,47.948,-19.720,23.792
[SHELL] ccB:148,2147515779,1,-14.719,30.891,-16.172,10.485,90.823,9.177,26.763,94.800,5.200
[SHELL] ccA:149,3804876925,1340789,0.206,30.048,0.000,35.000,0.02491,0.19393,23.72,-13.315,22.690,-13.104,22.331,-13.309,4.696,0.98419,47.948,13.904,29.995
[SHELL] ccB:149,22987,1,13.152,19.692,-32.844,5.647,94.353,24.320,10.485,90.823,9.177
[SHELL] ccA:150,3804986769,1340790,1.167,29.013,0.000,35.000,0.24108,0.41010,23.56,-13.333,22.712,-13.229,22.534,-13.309,4.698,0.99215,48.388,-3.417,32.269
[SHELL] ccB:150,2147515739,1,-11.022,31.942,-20.920,3.498,96.502,41.411,5.647,94.353,24.320
[SHELL] ccA:151,3805096781,1340791,0.003,31.237,0.000,35.000,0.45711,0.62613,23.60,-13.310,22.668,-13.230,22.533,-13.309,4.699,0.99402,48.388,-7.057,30.417
[SHELL] ccB:151,22915,1,-19.757,30.819,-11.061,3.516,96.484,58.879,3.498,96.502,41.411
[SHELL] ccA:152,3805207013,1340792,2.601,33.963,0.000,35.000,0.68913,0.85816,23.58,-13.362,22.614,-13.293,22.496,-13.310,4.699,0.99479,48.388,27.934,42.747
[SHELL] ccB:152,2147515617,1,-5.622,46.766,-41.144,5.985,94.015,77.368,3.516,96.484,58.879
[SHELL] ccA:153,3805317177,1340793,7.598,35.942,0.000,35.000,0.89027,1.05929,23.99,-13.466,22.573,-13.387,22.440,-13.313,4.698,0.99412,48.388,-18.418,27.857
[SHELL] ccB:153,23113,1,-33.240,19.402,13.838,8.897,88.636,91.103,5.985,94.015,77.368
[SHELL] ccA:154,3805427149,1340794,0.591,33.099,0.000,35.000,1.10814,1.27716,23.93,-13.326,22.630,-13.258,22.516,-13.313,4.699,0.99496,48.388,11.264,33.934
[SHELL] ccB:154,2147515549,1,-25.339,34.516,-9.177,5.122,72.778,94.878,8.897,88.636,91.103
[SHELL] ccA:155,3805537165,1340795,1.672,33.176,0.000,35.000,1.32441,1.49343,23.95,-13.348,22.629,-13.275,22.506,-13.314,4.699,0.99458,48.388,2.578,36.979
[SHELL] ccB:155,23107,1,-35.233,27.593,7.640,3.343,55.507,96.657,5.122,72.778,94.878
[SHELL] ccA:156,3805647113,1340796,2.413,34.556,0.000,35.000,1.53435,1.70335,23.83,-13.363,22.601,-13.299,22.492,-13.315,4.699,0.99519,48.388,-6.770,30.331
[SHELL] ccB:156,2147515567,1,-30.558,10.377,20.181,3.712,38.462,96.288,3.343,55.507,96.657
[SHELL] ccA:157,3805757193,1340797,5.256,34.888,0.000,35.000,1.75602,1.92505,23.92,-13.422,22.594,-13.346,22.464,-13.317,4.698,0.99428,48.388,31.985,41.911
[SHELL] ccB:157,23121,1,-47.085,44.084,3.001,6.344,20.958,93.656,3.712,38.462,96.288
[SHELL] ccA:158,3805867197,1340798,10.988,35.466,0.000,35.000,1.97975,2.14880,23.98,-13.542,22.581,-13.439,22.409,-13.322,4.697,0.99236,48.388,-13.249,27.709
[SHELL] ccB:158,2147515525,1,-20.156,-9.992,30.148,14.579,7.943,92.057,6.344,20.958,93.656
[SHELL] ccA:159,3805977185,1340799,5.433,33.125,0.000,35.000,2.19615,2.36516,23.93,-13.433,22.628,-13.339,22.469,-13.324,4.697,0.99295,48.388,16.245,35.171
[SHELL] ccB:159,23117,1,-38.024,12.588,25.436,30.692,4.583,95.417,14.579,7.943,92.057
[SHELL] ccA:160,3806087101,1340800,7.547,34.551,0.000,35.000,2.41601,2.58506,23.87,-13.479,22.599,-13.385,22.441,-13.328,4.697,0.99301,48.388,10.946,40.155
[SHELL] ccB:160,2147515573,1,-34.835,-2.308,37.143,48.482,3.243,96.757,30.692,4.583,95.417
[SHELL] ccA:161,3806197081,1340801,8.453,36.360,0.000,35.000,2.63192,2.80096,23.83,-13.501,22.561,-13.417,22.422,-13.331,4.695,0.99381,48.388,-4.324,29.957
[SHELL] ccB:161,23065,1,-10.841,-19.053,29.894,65.982,4.154,95.846,48.482,3.243,96.757
[SHELL] ccA:162,3806307121,1340802,9.236,35.980,0.000,35.000,2.84468,3.01370,23.90,-13.521,22.568,-13.429,22.415,-13.335,4.694,0.99322,48.388,34.648,43.852
[SHELL] ccB:162,2147515563,1,-45.962,-4.555,50.517,82.427,7.146,92.854,65.982,4.154,95.846
[SHELL] ccA:163,3806417065,1340803,13.484,36.749,0.000,35.000,3.06890,3.23793,23.82,-13.612,22.551,-13.503,22.370,-13.342,4.692,0.99199,48.388,-11.035,29.335
[SHELL] ccB:163,23057,1,8.875,-30.470,21.594,92.930,7.070,82.123,82.427,7.146,92.854
[SHELL] ccA:164,3806527145,1340804,6.855,34.782,0.000,35.000,3.28200,3.45100,23.93,-13.482,22.589,-13.391,22.437,-13.345,4.691,0.99326,48.388,14.842,36.608
[SHELL] ccB:164,2147515551,1,-9.573,-28.404,37.977,95.836,4.164,66.069,92.930,7.070,82.123
[SHELL] ccA:165,3806637061,1340805,8.151,36.161,0.000,35.000,3.50252,3.67154,23.81,-13.512,22.560,-13.426,22.417,-13.348,4.690,0.99363,48.388,13.956,42.093
[SHELL] ccB:165,23055,1,1.808,-39.277,37.469,96.754,3.246,48.188,95.836,4.164,66.069
[SHELL] ccA:166,3806747177,1340806,8.827,37.588,0.000,35.000,3.72532,3.89430,23.93,-13.529,22.530,-13.529,22.530,-13.353,4.689,1.00000,48.828,-7.446,29.557
[SHELL] ccB:166,2147515535,1,22.503,-29.056,6.553,95.204,4.796,30.316,96.754,3.246,48.188
[SHELL] ccA:167,3806857049,1340807,7.822,35.955,0.000,35.000,3.94156,4.11060,23.85,-13.513,22.562,-13.513,22.562,-13.357,4.688,1.00000,48.828,32.225,42.612
[SHELL] ccB:167,23049,1,8.114,-49.788,41.673,91.767,8.233,14.029,95.204,4.796,30.316
[SHELL] ccA:168,3806967117,1340808,11.353,36.339,0.000,35.000,4.16559,4.33459,23.89,-13.589,22.554,-13.485,22.381,-13.362,4.687,0.99234,48.388,-11.593,30.574
[SHELL] ccB:168,2147515565,1,32.144,-21.264,-10.880,93.782,21.532,6.218,91.767,8.233,14.029
[SHELL] ccA:169,3807077061,1340809,4.813,35.035,0.000,35.000,4.38004,4.54906,23.84,-13.460,22.579,-13.380,22.444,-13.364,4.686,0.99402,48.388,10.211,36.379
[SHELL] ccB:169,23055,1,31.057,-34.167,3.110,96.245,37.948,3.755,93.782,21.532,6.218
[SHELL] ccA:170,3807187049,1340810,6.034,37.153,0.000,35.000,4.59083,4.75985,23.78,-13.487,22.535,-13.419,22.421,-13.366,4.684,0.99493,48.388,15.307,45.280
[SHELL] ccB:170,2147515599,1,43.090,-39.458,-3.631,96.672,55.115,3.328,96.245,37.948,3.755
[SHELL] ccA:171,3807297021,1340811,7.794,38.523,0.000,35.000,4.81820,4.98722,23.77,-13.526,22.505,-13.526,22.505,-13.370,4.683,1.00000,48.828,-9.647,27.153
[SHELL] ccB:171,23035,1,25.982,-2.199,-23.783,94.594,73.252,5.406,96.672,55.115,3.328
[SHELL] ccA:172,3807407025,1340812,6.215,35.709,0.000,35.000,5.03442,5.20343,23.77,-13.498,22.561,-13.498,22.561,-13.373,4.682,1.00000,48.828,28.846,43.251
[SHELL] ccB:172,2147515611,1,50.157,-36.921,-13.236,90.773,89.187,9.227,94.594,73.252,5.406
[SHELL] ccA:173,3807517073,1340813,8.759,35.789,0.000,35.000,5.25619,5.42520,23.86,-13.553,22.559,-13.553,22.559,-13.378,4.682,1.00000,48.828,-13.010,29.503
[SHELL] ccB:173,23061,1,18.516,13.603,-32.119,75.201,94.351,5.649,90.773,89.187,9.227
[SHELL] ccA:174,3807627069,1340814,1.926,34.527,0.000,35.000,5.46682,5.63584,23.87,-13.417,22.585,-13.417,22.585,-13.379,4.682,1.00000,48.828,4.877,35.849
[SHELL] ccB:174,2147515589,1,29.462,3.455,-32.916,58.962,96.304,3.696,75.201,94.351,5.649
[SHELL] ccA:175,3807743817,1340815,4.094,37.173,0.000,35.000,5.68964,5.87490,26.74,-13.463,22.531,-13.463,22.531,-13.381,4.681,1.00000,48.828,19.633,47.489
[SHELL] ccB:175,26433,1,42.836,3.165,-46.000,39.523,96.156,3.844,58.962,96.304,3.696
[SHELL] ccA:176,3807847025,1340816,8.352,39.626,0.000,35.000,5.89379,6.06281,23.78,-13.552,22.479,-13.552,22.479,-13.385,4.679,1.00000,48.828,-10.736,27.679
[SHELL] ccB:176,2147515611,1,0.576,25.418,-25.994,24.470,94.159,5.841,39.523,96.156,3.844
[SHELL] ccA:177,3807957113,1340817,5.880,35.150,0.000,35.000,6.12624,0.01210,23.87,-13.506,22.569,-13.506,22.569,-13.388,4.679,1.00000,48.828,25.359,37.752
[SHELL] ccB:177,23081,1,30.948,13.385,-44.333,8.970,91.030,11.559,24.470,94.159,5.841
[SHELL] ccA:178,3808066973,1340818,6.639,32.953,0.000,35.000,0.06653,0.23552,23.77,-13.524,22.614,-13.411,22.425,-13.391,4.679,0.99167,48.388,-13.426,28.630
[SHELL] ccB:178,2147515637,1,-15.299,31.616,-16.317,4.963,95.037,28.185,8.970,91.030,11.559
[SHELL] ccA:179,3808176829,1340819,0.538,32.449,0.000,35.000,0.27734,0.44636,23.60,-13.402,22.624,-13.317,22.481,-13.391,4.679,0.99369,48.388,3.643,34.786
[SHELL] ccB:179,22939,1,-6.021,32.848,-26.827,3.337,96.663,44.654,4.963,95.037,28.185
[SHELL] ccA:180,3808286813,1340820,4.107,35.699,0.000,35.000,0.50925,0.67827,23.65,-13.475,22.558,-13.475,22.558,-13.393,4.679,1.00000,48.828,22.570,44.593
[SHELL] ccB:180,2147515717,1,-2.034,44.265,-42.231,4.064,95.936,63.620,3.337,96.663,44.654
[SHELL] ccA:181,3808397041,1340821,8.761,38.059,0.000,35.000,0.72869,0.89771,23.65,-13.572,22.509,-13.572,22.509,-13.397,4.678,1.00000,48.828,-13.739,28.265
[SHELL] ccB:181,23045,1,-29.072,24.875,4.197,6.937,93.062,80.931,4.064,95.936,63.620
[SHELL] ccA:182,3808507265,1340822,5.288,34.991,0.000,35.000,0.93738,1.10640,24.09,-13.505,22.571,-13.505,22.571,-13.400,4.678,1.00000,48.828,26.062,38.840
[SHELL] ccB:182,2147515491,1,-15.879,46.041,-30.162,7.969,85.057,92.031,6.937,93.062,80.931
[SHELL] ccA:183,3808617161,1340823,6.811,34.465,0.000,35.000,1.16148,1.33051,23.90,-13.539,22.581,-13.539,22.581,-13.403,4.678,1.00000,48.828,-11.141,31.913
[SHELL] ccB:183,23105,1,-33.711,19.003,14.708,4.466,67.949,95.534,7.969,85.057,92.031
[SHELL] ccA:184,3808727225,1340824,0.274,34.365,0.000,35.000,1.37570,1.54546,23.97,-13.409,22.662,-13.409,22.662,-13.403,4.678,1.00000,48.828,-2.684,34.793
[SHELL] ccB:184,2147515511,1,-34.653,20.888,13.766,3.303,51.185,96.697,4.466,67.949,95.534
[SHELL] ccA:185,3808837189,1340825,1.436,36.149,0.000,35.000,1.59253,1.76229,23.89,-13.433,22.626,-13.433,22.626,-13.404,4.678,1.00000,48.828,22.255,43.096
[SHELL] ccB:185,23119,1,-43.569,40.242,3.327,4.296,33.651,95.704,3.303,51.185,96.697
[SHELL] ccA:186,3808947285,1340826,6.150,36.938,0.000,35.000,1.80962,1.97945,24.03,-13.530,22.609,-13.530,22.609,-13.407,4.677,1.00000,48.828,-17.227,26.767
[SHELL] ccB:186,2147515481,1,-21.932,-9.013,30.945,7.413,16.676,92.587,4.296,33.651,95.704
[SHELL] ccA:187,3809057169,1340827,1.916,33.265,0.000,35.000,2.03440,2.20418,23.98,-13.446,22.683,-13.445,22.682,-13.408,4.677,0.99993,48.828,19.863,36.431
[SHELL] ccB:187,23109,1,-41.467,22.011,19.456,18.285,6.968,93.032,7.413,16.676,92.587
[SHELL] ccA:188,3809167077,1340828,3.346,33.168,0.000,35.000,2.25695,2.42671,23.85,-13.477,22.686,-13.466,22.669,-13.410,4.678,0.99925,48.828,-9.113,33.046
[SHELL] ccB:188,2147515585,1,-19.793,-14.341,34.135,35.590,3.981,96.019,18.285,6.968,93.032
[SHELL] ccA:189,3809277097,1340829,-0.075,34.231,0.000,35.000,2.47085,2.64060,23.88,-13.408,22.665,-13.408,22.665,-13.410,4.679,1.00000,48.828,-1.938,34.404
[SHELL] ccB:189,23073,1,-19.866,-14.450,34.316,52.686,3.319,96.681,35.590,3.981,96.019
[SHELL] ccA:190,3809387037,1340830,3.555,36.971,0.000,35.000,2.69314,2.86290,23.79,-13.482,22.609,-13.482,22.609,-13.411,4.678,1.00000,48.828,27.208,46.031
[SHELL] ccB:190,2147515605,1,-44.476,-3.468,47.944,70.713,4.869,95.131,52.686,3.319,96.681
[SHELL] ccA:191,3809497097,1340831,9.308,39.096,0.000,35.000,2.91099,3.08073,23.88,-13.602,22.565,-13.602,22.565,-13.416,4.676,1.00000,48.828,-15.248,29.919
[SHELL] ccB:191,23073,1,8.006,-32.246,24.240,87.492,8.585,91.415,70.713,4.869,95.131
[SHELL] ccA:192,3809607041,1340832,4.111,35.761,0.000,35.000,3.13109,3.30086,23.78,-13.500,22.631,-13.500,22.631,-13.418,4.675,1.00000,48.828,19.731,37.174
[SHELL] ccB:192,2147515603,1,-20.120,-21.952,42.072,93.904,6.096,77.764,87.492,8.585,91.415
[SHELL] ccA:193,3809717153,1340833,5.042,35.130,0.000,35.000,3.34556,3.51533,23.88,-13.521,22.644,-13.518,22.638,-13.421,4.675,0.99976,48.828,-4.044,36.254
[SHELL] ccB:193,23101,1,11.304,-35.689,24.385,96.339,3.661,60.913,93.904,6.096,77.764
[SHELL] ccA:194,3809827117,1340834,1.418,36.051,0.000,35.000,3.57170,3.74147,23.87,-13.450,22.625,-13.450,22.625,-13.421,4.675,1.00000,48.828,-5.971,34.521
[SHELL] ccB:194,2147515565,1,19.821,-34.928,15.107,96.498,3.502,42.812,96.339,3.661,60.913
[SHELL] ccA:195,3809937165,1340835,2.672,37.813,0.000,35.000,3.77951,3.94924,23.89,-13.476,22.588,-13.476,22.588,-13.423,4.673,1.00000,48.828,26.675,45.958
[SHELL] ccB:195,23107,1,5.940,-48.700,42.761,94.590,5.410,26.248,96.498,3.502,42.812
[SHELL] ccA:196,3810047097,1340836,6.803,39.548,0.000,35.000,4.01467,4.18443,23.85,-13.562,22.551,-13.562,22.551,-13.426,4.671,1.00000,48.828,-20.166,31.756
[SHELL] ccB:196,2147515575,1,37.291,-22.931,-14.360,90.731,10.528,9.269,94.590,5.410,26.248
[SHELL] ccA:197,3810157145,1340837,0.204,37.131,0.000,35.000,4.22710,4.39690,23.94,-13.430,22.598,-13.430,22.598,-13.426,4.670,1.00000,48.828,14.475,39.056
[SHELL] ccB:197,23097,1,27.795,-40.763,12.968,94.503,25.914,5.497,90.731,10.528,9.269
[SHELL] ccA:198,3810267137,1340838,1.646,38.114,0.000,35.000,4.43943,4.60919,23.94,-13.460,22.577,-13.460,22.577,-13.427,4.668,1.00000,48.828,-2.199,42.588
[SHELL] ccB:198,2147515555,1,41.604,-28.911,-12.692,96.434,42.807,3.566,94.503,25.914,5.497
[SHELL] ccA:199,3810377089,1340839,0.375,39.758,0.000,35.000,4.66190,4.83166,23.83,-13.435,22.542,-13.435,22.542,-13.427,4.666,1.00000,48.828,-8.579,34.800
[SHELL] ccB:199,23069,1,35.188,-11.695,-23.493,96.131,60.701,3.869,96.434,42.807,3.566
[SHELL] ccA:200,3810487165,1340840,1.638,39.800,0.000,35.000,4.88350,5.05326,23.96,-13.461,22.539,-13.461,22.539,-13.428,4.664,1.00000,48.828,25.908,47.012
[SHELL] ccB:200,2147515541,1,50.737,-40.545,-10.192,93.648,78.081,6.352,96.131,60.701,3.869
[SHELL] ccA:201,3810597129,1340841,5.919,39.846,0.000,35.000,5.10094,5.27071,23.93,-13.549,22.535,-13.549,22.535,-13.431,4.661,1.00000,48.828,-19.563,30.562
[SHELL] ccB:201,23089,1,20.872,15.270,-36.142,86.665,91.556,8.444,93.648,78.081,6.352
[SHELL] ccA:202,3810707153,1340842,-1.494,35.781,0.000,35.000,5.31430,5.48406,23.94,-13.400,22.616,-13.400,22.616,-13.430,4.661,1.00000,48.828,7.242,34.990
[SHELL] ccB:202,2147515547,1,32.941,-4.483,-28.458,71.091,95.007,4.993,86.665,91.556,8.444
[SHELL] ccA:203,3810817093,1340843,-1.272,35.090,0.000,35.000,5.53541,5.70517,23.85,-13.404,22.630,-13.404,22.630,-13.429,4.661,1.00000,48.828,-0.010,39.818
[SHELL] ccB:203,23071,1,27.070,11.754,-38.824,53.495,96.606,3.394,71.091,95.007,4.993
[SHELL] ccA:204,3810927093,1340844,-1.029,36.509,0.000,35.000,5.75130,5.92106,23.84,-13.408,22.601,-13.408,22.601,-13.429,4.660,1.00000,48.828,-11.339,31.410
[SHELL] ccB:204,2147515577,1,6.157,25.346,-31.503,36.077,95.910,4.090,53.495,96.606,3.394
[SHELL] ccA:205,3811037109,1340845,1.635,36.956,0.000,35.000,5.96724,6.13697,23.85,-13.462,22.591,-13.462,22.591,-13.430,4.659,1.00000,48.828,29.228,45.186
[SHELL] ccB:205,23079,1,41.821,8.420,-50.241,19.196,93.119,6.881,36.077,95.910,4.090
[SHELL] ccA:206,3811147049,1340846,7.127,37.843,0.000,35.000,6.17942,0.06602,23.85,-13.576,22.572,-13.576,22.572,-13.433,4.658,1.00000,48.828,-18.609,29.588
[SHELL] ccB:206,2147515599,1,-15.444,34.878,-19.434,7.727,92.273,15.557,19.196,93.119,6.881
[SHELL] ccA:207,3811257025,1340847,0.336,34.977,0.000,35.000,0.12244,0.29218,23.86,-13.440,22.629,-13.440,22.629,-13.433,4.658,1.00000,48.828,9.336,35.547
[SHELL] ccB:207,23037,1,4.925,29.079,-34.004,4.435,95.565,32.429,7.727,92.273,15.557
[SHELL] ccA:208,3811366925,1340848,2.569,36.294,0.000,35.000,0.34352,0.51328,23.75,-13.486,22.602,-13.486,22.602,-13.435,4.657,1.00000,48.828,10.214,44.494
[SHELL] ccB:208,2147515661,1,-5.368,41.945,-36.577,3.319,96.681,50.328,4.435,95.565,32.429
[SHELL] ccA:209,3811476833,1340849,5.295,39.080,0.000,35.000,0.55778,0.72754,23.61,-13.543,22.544,-13.543,22.544,-13.437,4.655,1.00000,48.828,-8.585,31.783
[SHELL] ccB:209,22941,1,-24.107,31.471,-7.365,4.492,95.508,67.734,3.319,96.681,50.328
[SHELL] ccA:210,3811587345,1340850,5.994,38.486,0.000,35.000,0.76500,0.93476,24.09,-13.560,22.554,-13.560,22.554,-13.440,4.653,1.00000,48.828,30.931,45.885
[SHELL] ccB:210,2147515451,1,-9.464,51.949,-42.485,7.551,92.449,83.620,4.492,95.508,67.734
[SHELL] ccA:211,3811697285,1340851,9.333,38.865,0.000,35.000,0.99653,1.16628,24.04,-13.632,22.545,-13.632,22.545,-13.445,4.651,1.00000,48.828,-15.946,31.907
[SHELL] ccB:211,23167,1,-35.451,21.142,14.309,6.681,80.342,93.319,7.551,92.449,83.620
[SHELL] ccA:212,3811807321,1340852,2.322,37.019,0.000,35.000,1.21199,1.38175,24.07,-13.493,22.581,-13.493,22.581,-13.446,4.650,1.00000,48.828,10.247,38.376
[SHELL] ccB:212,2147515463,1,-32.334,36.146,-3.813,4.050,63.994,95.950,6.681,80.342,93.319
[SHELL] ccA:213,3811917253,1340853,4.635,38.447,0.000,35.000,1.42913,1.59889,23.98,-13.541,22.551,-13.541,22.551,-13.449,4.648,1.00000,48.828,13.993,45.127
[SHELL] ccB:213,23151,1,-42.700,38.865,3.835,3.395,46.343,96.605,4.050,63.994,95.950
[SHELL] ccA:214,3812027293,1340854,6.974,39.626,0.000,35.000,1.64715,1.81691,24.06,-13.592,22.525,-13.592,22.525,-13.452,4.646,1.00000,48.828,-10.338,29.875
[SHELL] ccB:214,2147515477,1,-28.999,3.600,25.400,4.974,28.799,95.026,3.395,46.343,96.605
[SHELL] ccA:215,3812137253,1340855,4.979,36.376,0.000,35.000,1.86636,2.03615,24.00,-13.554,22.589,-13.554,22.589,-13.455,4.645,1.00000,48.828,26.600,40.628
[SHELL] ccB:215,23151,1,-46.614,35.095,11.519,8.604,12.472,91.396,4.974,28.799,95.026
[SHELL] ccA:216,3812247253,1340856,6.221,35.091,0.000,35.000,2.08039,2.25015,24.05,-13.582,22.615,-13.576,22.604,-13.458,4.645,0.99952,48.828,-17.978,29.233
[SHELL] ccB:216,2147515497,1,-16.749,-17.567,34.316,22.180,6.079,93.921,8.604,12.472,91.396
[SHELL] ccA:217,3812357193,1340857,-1.792,34.097,0.000,35.000,2.30074,2.47053,24.00,-13.421,22.635,-13.421,22.635,-13.457,4.646,1.00000,48.828,2.190,37.295
[SHELL] ccB:217,23121,1,-29.253,-5.498,34.751,39.051,3.758,96.242,22.180,6.079,93.921
[SHELL] ccA:218,3812467129,1340858,0.251,37.254,0.000,35.000,2.52067,2.69043,23.87,-13.462,22.571,-13.462,22.571,-13.457,4.645,1.00000,48.828,14.603,45.191
[SHELL] ccB:218,2147515559,1,-38.169,-5.389,43.558,56.985,3.563,96.437,39.051,3.758,96.242
[SHELL] ccA:219,3812577129,1340859,5.160,39.626,0.000,35.000,2.73581,2.90557,23.87,-13.563,22.521,-13.563,22.521,-13.459,4.642,1.00000,48.828,-10.755,30.828
[SHELL] ccB:219,23089,1,-2.288,-27.063,29.350,74.331,5.539,94.461,56.985,3.563,96.437
[SHELL] ccA:220,3812687117,1340860,6.117,37.467,0.000,35.000,2.95573,3.12550,23.86,-13.585,22.563,-13.585,22.563,-13.462,4.641,1.00000,48.828,31.376,43.022
[SHELL] ccB:220,2147515565,1,-38.785,-12.203,50.988,90.506,9.494,90.295,74.331,5.539,94.461
[SHELL] ccA:221,3812797153,1340861,10.371,37.258,0.000,35.000,3.17084,3.34060,23.87,-13.675,22.566,-13.665,22.550,-13.468,4.640,0.99928,48.828,-10.513,32.159
[SHELL] ccB:221,23101,1,11.449,-33.297,21.848,94.630,5.370,74.198,90.506,9.494,90.295
[SHELL] ccA:222,3812907125,1340862,4.141,36.559,0.000,35.000,3.39117,3.56090,23.87,-13.553,22.579,-13.553,22.579,-13.470,4.639,1.00000,48.828,6.215,38.894
[SHELL] ccB:222,2147515561,1,3.584,-35.761,32.177,96.529,3.471,57.054,94.630,5.370,74.198
[SHELL] ccA:223,3813017177,1340863,5.998,39.108,0.000,35.000,3.60954,3.77930,23.97,-13.593,22.526,-13.500,22.372,-13.472,4.636,0.99317,48.388,22.076,46.485
[SHELL] ccB:223,23113,1,1.264,-45.185,43.921,96.350,3.650,39.223,96.529,3.471,57.054
[SHELL] ccA:224,3813127121,1340864,9.982,40.555,0.000,35.000,3.83071,4.00047,23.87,-13.677,22.494,-13.575,22.326,-13.477,4.633,0.99257,48.388,-10.439,30.357
[SHELL] ccB:224,2147515563,1,27.360,-28.223,0.863,93.801,6.199,21.618,96.350,3.650,39.223
[SHELL] ccA:225,3813237173,1340865,7.682,36.844,0.000,35.000,4.04535,4.21512,23.97,-13.634,22.566,-13.512,22.364,-13.480,4.631,0.99107,48.388,29.528,40.177
[SHELL] ccB:225,23111,1,13.297,-48.265,34.968,91.537,12.785,8.463,93.801,6.199,21.618
[SHELL] ccA:226,3813347109,1340866,10.026,36.364,0.000,35.000,4.26499,4.43475,23.85,-13.685,22.574,-13.546,22.344,-13.484,4.629,0.98982,48.388,-8.514,34.744
[SHELL] ccB:226,2147515569,1,35.007,-23.873,-11.134,95.239,29.472,4.761,91.537,12.785,8.463
[SHELL] ccA:227,3813457109,1340867,4.679,36.596,0.000,35.000,4.49138,4.66112,23.83,-13.580,22.567,-13.580,22.567,-13.487,4.628,1.00000,48.828,6.216,36.719
[SHELL] ccB:227,23079,1,34.464,-29.455,-5.009,96.688,47.318,3.312,95.239,29.472,4.761
[SHELL] ccA:228,3813567089,1340868,7.128,38.886,0.000,35.000,4.70526,4.87502,23.85,-13.633,22.520,-13.633,22.520,-13.490,4.626,1.00000,48.828,24.595,47.362
[SHELL] ccB:228,2147515579,1,47.185,-45.185,-2.000,95.907,64.748,4.093,96.688,47.318,3.312
[SHELL] ccA:229,3813677085,1340869,10.539,39.740,0.000,35.000,4.92333,5.09310,23.84,-13.706,22.500,-13.706,22.500,-13.495,4.624,1.00000,48.828,-13.250,27.518
[SHELL] ccB:229,23067,1,24.134,4.143,-28.277,92.962,81.833,7.038,95.907,64.748,4.093
[SHELL] ccA:230,3813787149,1340870,5.063,35.377,0.000,35.000,5.14416,5.31391,23.90,-13.599,22.587,-13.599,22.587,-13.498,4.624,1.00000,48.828,22.156,39.110
[SHELL] ccB:230,2147515549,1,44.793,-25.649,-19.144,83.567,92.557,7.443,92.962,81.833,7.038
[SHELL] ccA:231,3813897105,1340871,5.069,34.329,0.000,35.000,5.35791,5.52770,23.86,-13.602,22.608,-13.593,22.593,-13.500,4.624,0.99933,48.828,-10.785,31.576
[SHELL] ccB:231,23077,1,18.734,14.545,-33.279,67.192,95.700,4.300,83.567,92.557,7.443
[SHELL] ccA:232,3814007125,1340872,-0.519,34.281,0.000,35.000,5.57627,5.74602,23.91,-13.490,22.610,-13.490,22.610,-13.500,4.624,1.00000,48.828,-2.663,34.863
[SHELL] ccB:232,2147515561,1,20.618,14.146,-34.765,49.937,96.696,3.304,67.192,95.700,4.300
[SHELL] ccA:233,3814117141,1340873,3.155,37.495,0.000,35.000,5.79886,5.96863,23.94,-13.565,22.544,-13.565,22.544,-13.502,4.623,1.00000,48.828,28.730,48.679
[SHELL] ccB:233,23095,1,48.091,1.679,-49.770,31.801,95.467,4.533,49.937,96.696,3.304
[SHELL] ccA:234,3814227181,1340874,10.614,40.522,0.000,35.000,6.01519,6.18496,23.93,-13.719,22.481,-13.719,22.481,-13.507,4.620,1.00000,48.828,-12.340,29.867
[SHELL] ccB:234,2147515533,1,-3.991,29.768,-25.776,14.830,92.067,7.933,31.801,95.467,4.533
[SHELL] ccA:235,3814337025,1340875,7.857,37.209,0.000,35.000,6.23994,0.12654,23.86,-13.668,22.546,-13.668,22.546,-13.511,4.619,1.00000,48.828,27.377,40.425
[SHELL] ccB:235,23037,1,29.099,19.402,-48.501,6.498,93.502,20.284,14.830,92.067,7.933
[SHELL] ccA:236,3814446973,1340876,10.304,36.859,0.000,35.000,0.16806,0.33784,23.80,-13.722,22.552,-13.706,22.525,-13.516,4.618,0.99880,48.828,-1.200,36.720
[SHELL] ccB:236,2147515637,1,-7.326,34.842,-27.516,3.853,96.147,36.876,6.498,93.502,20.284
[SHELL] ccA:237,3814556857,1340877,5.936,37.417,0.000,35.000,0.38787,0.55764,23.66,-13.638,22.540,-13.638,22.540,-13.519,4.617,1.00000,48.828,-1.234,35.801
[SHELL] ccB:237,22953,1,-14.683,35.639,-20.956,3.345,96.655,54.414,3.853,96.147,36.876
[SHELL] ccA:238,3814667069,1340878,6.975,39.581,0.000,35.000,0.61104,0.78082,23.66,-13.662,22.494,-13.662,22.494,-13.523,4.615,1.00000,48.828,31.566,49.999
[SHELL] ccB:238,2147515589,1,-2.831,52.565,-49.734,5.133,94.867,72.300,3.345,96.655,54.414
[SHELL] ccA:239,3814777325,1340879,11.767,42.016,0.000,35.000,0.82689,0.99665,24.03,-13.764,22.442,-13.764,22.442,-13.528,4.611,1.00000,48.828,-14.832,32.263
[SHELL] ccB:239,23187,1,-33.784,26.361,7.423,9.014,90.986,88.745,5.133,94.867,72.300
[SHELL] ccA:240,3814887229,1340880,5.861,38.658,0.000,35.000,1.05182,1.22159,23.98,-13.649,22.507,-13.649,22.507,-13.531,4.609,1.00000,48.828,21.540,40.108
[SHELL] ccB:240,2147515509,1,-24.143,45.497,-21.355,5.799,76.025,94.201,9.014,90.986,88.745
[SHELL] ccA:241,3814997297,1340881,7.721,38.198,0.000,35.000,1.27085,1.44061,24.06,-13.690,22.515,-13.690,22.515,-13.535,4.608,1.00000,48.828,2.635,40.313
[SHELL] ccB:241,23173,1,-37.734,31.362,6.372,3.535,58.683,96.465,5.799,76.025,94.201
[SHELL] ccA:242,3815107237,1340882,6.179,39.288,0.000,35.000,1.48666,1.65642,23.97,-13.662,22.491,-13.662,22.491,-13.538,4.605,1.00000,48.828,-2.095,36.418
[SHELL] ccB:242,2147515505,1,-36.466,19.076,17.390,3.598,41.294,96.402,3.535,58.683,96.465
[SHELL] ccA:243,3815217297,1340883,8.111,39.806,0.000,35.000,1.70999,1.87975,24.05,-13.705,22.478,-13.705,22.478,-13.542,4.603,1.00000,48.828,33.998,46.076
[SHELL] ccB:243,23173,1,-50.347,48.796,1.551,5.870,23.574,94.130,3.598,41.294,96.402
[SHELL] ccA:244,3815327249,1340884,12.497,39.618,0.000,35.000,1.92839,2.09815,23.98,-13.799,22.480,-13.794,22.471,-13.549,4.601,0.99964,48.828,-15.913,29.901
[SHELL] ccB:244,2147515499,1,-22.439,-10.753,33.192,11.671,8.802,91.198,5.870,23.574,94.130
[SHELL] ccA:245,3815437257,1340885,4.086,35.696,0.000,35.000,2.15049,2.32024,24.04,-13.632,22.558,-13.632,22.558,-13.551,4.600,1.00000,48.828,14.172,36.907
[SHELL] ccB:245,23153,1,-38.640,12.081,26.560,27.799,5.044,94.956,11.671,8.802,91.198
[SHELL] ccA:246,3815547141,1340886,3.577,36.280,0.000,35.000,2.36695,2.53674,23.88,-13.624,22.545,-13.624,22.545,-13.552,4.600,1.00000,48.828,1.877,41.408
[SHELL] ccB:246,2147515553,1,-30.304,-9.340,39.644,45.044,3.367,96.633,27.799,5.044,94.956
[SHELL] ccA:247,3815657153,1340887,2.450,38.867,0.000,35.000,2.58664,2.75639,23.94,-13.603,22.492,-13.603,22.492,-13.554,4.598,1.00000,49.268,-8.126,35.746
[SHELL] ccB:247,23101,1,-11.929,-24.055,35.983,62.650,4.377,95.623,45.044,3.367,96.633
[SHELL] ccA:248,3815767117,1340888,4.296,40.513,0.000,35.000,2.80569,2.97547,23.87,-13.642,22.456,-13.642,22.456,-13.556,4.595,1.00000,49.268,31.560,49.152
[SHELL] ccB:248,2147515565,1,-45.998,-8.180,54.178,79.656,7.106,92.894,62.650,4.377,95.623
[SHELL] ccA:249,3815877137,1340889,10.159,41.822,0.000,35.000,3.02301,3.19277,23.86,-13.764,22.426,-13.764,22.426,-13.561,4.592,1.00000,48.828,-14.358,33.239
[SHELL] ccB:249,23093,1,10.325,-35.218,24.892,92.113,7.887,84.837,79.656,7.106,92.894
[SHELL] ccA:250,3815987105,1340890,3.929,38.310,0.000,35.000,3.23850,3.40827,23.87,-13.641,22.495,-13.641,22.495,-13.563,4.590,1.00000,48.828,12.874,37.611
[SHELL] ccB:250,2147515571,1,-9.174,-28.911,38.085,95.374,4.626,68.849,92.113,7.887,84.837
[SHELL] ccA:251,3816097157,1340891,4.988,37.547,0.000,35.000,3.47013,3.63990,23.93,-13.665,22.509,-13.665,22.509,-13.565,4.589,1.00000,48.828,8.562,41.728
[SHELL] ccB:251,23103,1,5.360,-39.277,33.917,96.703,3.297,50.264,95.374,4.626,68.849
[SHELL] ccA:252,3816207165,1340892,5.289,38.360,0.000,35.000,3.67920,3.84896,23.96,-13.674,22.491,-13.674,22.491,-13.568,4.587,1.00000,49.268,-8.840,32.373
[SHELL] ccB:252,2147515541,1,24.170,-32.246,8.075,95.285,4.715,33.575,96.703,3.297,50.264
[SHELL] ccA:253,3816317101,1340893,4.244,37.676,0.000,35.000,3.90085,4.07064,23.88,-13.655,22.503,-13.655,22.503,-13.570,4.586,1.00000,49.268,26.092,44.230
[SHELL] ccB:253,23075,1,11.521,-49.099,37.578,92.110,7.890,16.792,95.285,4.715,33.575
[SHELL] ccA:254,3816427161,1340894,6.338,38.421,0.000,35.000,4.14175,4.31146,23.92,-13.700,22.487,-13.700,22.487,-13.573,4.584,1.00000,48.828,-17.990,32.850
[SHELL] ccB:254,2147515543,1,37.363,-20.938,-16.425,93.416,20.197,6.584,92.110,7.890,16.792
[SHELL] ccA:255,3816537125,1340895,-0.803,36.604,0.000,35.000,4.33673,4.50650,23.91,-13.557,22.522,-13.557,22.522,-13.573,4.583,1.00000,48.828,6.676,36.485
[SHELL] ccB:255,23087,1,31.492,-32.717,1.225,95.806,34.935,4.194,93.416,20.197,6.584
[SHELL] ccA:256,3816647137,1340896,0.777,37.713,0.000,35.000,4.55572,4.72548,23.91,-13.589,22.499,-13.589,22.499,-13.573,4.582,1.00000,49.268,7.748,45.031
[SHELL] ccB:256,2147515555,1,43.271,-34.348,-8.923,96.177,52.627,3.823,95.806,34.935,4.194
[SHELL] ccA:257,3816757105,1340897,1.913,38.970,0.000,35.000,4.78339,4.95318,23.89,-13.612,22.472,-13.612,22.472,-13.574,4.580,1.00000,49.268,-14.518,29.333
[SHELL] ccB:257,23077,1,28.230,0.229,-28.458,94.608,70.706,5.392,96.177,52.627,3.823
[SHELL] ccA:258,3816867125,1340898,0.749,36.405,0.000,35.000,5.00225,5.17201,23.90,-13.590,22.522,-13.590,22.522,-13.575,4.579,1.00000,49.268,24.284,41.921
[SHELL] ccB:258,2147515561,1,47.113,-33.333,-13.780,91.035,86.906,8.965,94.608,70.706,5.392
[SHELL] ccA:259,3816977153,1340899,3.394,35.131,0.000,35.000,5.21416,5.38392,23.92,-13.644,22.548,-13.644,22.548,-13.576,4.579,1.00000,48.828,-20.475,27.350
[SHELL] ccB:259,23101,1,14.131,19.873,-34.004,78.148,93.827,6.173,91.035,86.906,8.965
[SHELL] ccA:260,3817087081,1340900,-4.531,32.528,0.000,35.000,5.44525,5.61501,23.83,-13.483,22.601,-13.483,22.601,-13.574,4.580,1.00000,48.828,-1.458,33.490
[SHELL] ccB:260,2147515583,1,23.917,8.384,-32.300,60.502,96.281,3.719,78.148,93.827,6.173
[SHELL] ccA:261,3817197137,1340901,-3.209,34.428,0.000,35.000,5.66276,5.83252,23.93,-13.508,22.563,-13.508,22.563,-13.572,4.581,1.00000,49.268,10.557,43.382
[SHELL] ccB:261,23093,1,33.811,8.347,-42.159,42.901,96.044,3.956,60.502,96.281,3.719
[SHELL] ccA:262,3817307121,1340902,0.447,36.921,0.000,35.000,5.87282,6.04258,23.91,-13.582,22.512,-13.582,22.512,-13.573,4.580,1.00000,49.268,-17.866,27.427
[SHELL] ccB:262,2147515563,1,-5.441,30.674,-25.233,26.173,94.121,5.879,42.901,96.044,3.956
[SHELL] ccA:263,3817417129,1340903,-1.410,34.145,0.000,35.000,6.09982,6.26958,23.91,-13.544,22.568,-13.544,22.568,-13.572,4.580,1.00000,49.268,19.536,38.345
[SHELL] ccB:263,23089,1,26.200,16.466,-42.666,9.857,90.143,10.163,26.173,94.121,5.879
[SHELL] ccA:264,3817526997,1340904,0.294,33.336,0.000,35.000,0.03582,0.20558,23.81,-13.578,22.585,-13.578,22.585,-13.572,4.581,1.00000,49.268,-20.028,29.226
[SHELL] ccB:264,2147515625,1,-21.062,35.204,-14.142,5.751,94.249,26.265,9.857,90.143,10.163
[SHELL] ccA:265,3817636937,1340905,-5.548,33.305,0.000,35.000,0.26959,0.43937,23.74,-13.458,22.587,-13.458,22.587,-13.569,4.582,1.00000,49.268,-1.672,36.424
[SHELL] ccB:265,22993,1,-11.312,35.675,-24.363,3.898,96.102,44.364,5.751,94.249,26.265
[SHELL] ccA:266,3817746925,1340906,-2.570,36.774,0.000,35.000,0.47046,0.64022,23.65,-13.517,22.516,-13.517,22.516,-13.568,4.581,1.00000,49.268,13.093,45.024
[SHELL] ccB:266,2147515661,1,-8.739,44.265,-35.526,4.249,95.751,60.655,3.898,96.102,44.364
[SHELL] ccA:267,3817857177,1340907,-0.049,38.427,0.000,35.000,0.69730,0.86708,23.73,-13.567,22.482,-13.567,22.482,-13.568,4.579,1.00000,49.268,-24.708,27.235
[SHELL] ccB:267,23113,1,-36.429,22.555,13.874,6.849,93.151,78.375,4.249,95.751,60.655
[SHELL] ccA:268,3817967409,1340908,-5.824,34.254,0.000,35.000,0.91045,1.08021,24.20,-13.449,22.566,-13.449,22.566,-13.565,4.580,1.00000,49.268,13.027,37.520
[SHELL] ccB:268,2147515419,1,-21.642,39.662,-18.020,8.973,86.700,91.027,6.849,93.151,78.375
[SHELL] ccA:269,3818077309,1340909,-5.161,33.708,0.000,35.000,1.13690,1.30669,24.05,-13.459,22.577,-13.459,22.577,-13.562,4.580,1.00000,49.268,-21.992,32.557
[SHELL] ccB:269,23179,1,-38.785,13.965,24.820,5.235,69.808,94.765,8.973,86.700,91.027
[SHELL] ccA:270,3818187385,1340910,-9.814,34.954,0.000,35.000,1.35475,1.52452,24.17,-13.361,22.552,-13.361,22.552,-13.558,4.580,1.00000,49.268,-8.299,37.182
[SHELL] ccB:270,2147515431,1,-38.097,18.931,19.166,3.951,52.794,96.049,5.235,69.808,94.765
[SHELL] ccA:271,3818297325,1340911,-6.285,37.678,0.000,35.000,1.57328,1.74307,24.06,-13.429,22.496,-13.429,22.496,-13.554,4.579,1.00000,49.268,13.449,43.790
[SHELL] ccB:271,23187,1,-43.823,33.464,10.359,4.748,35.184,95.252,3.951,52.794,96.049
[SHELL] ccA:272,3818407401,1340912,-1.071,38.093,0.000,35.000,1.79396,1.96372,24.17,-13.532,22.487,-13.532,22.487,-13.554,4.577,1.00000,49.268,-22.884,27.609
[SHELL] ccB:272,2147515423,1,-21.859,-13.689,35.548,7.711,18.071,92.289,4.748,35.184,95.252
[SHELL] ccA:273,3818517337,1340913,-4.912,33.562,0.000,35.000,2.00571,2.17545,24.12,-13.453,22.578,-13.453,22.578,-13.551,4.578,1.00000,49.268,12.670,35.242
[SHELL] ccB:273,23193,1,-37.299,15.741,21.558,16.732,7.984,92.016,7.711,18.071,92.289
[SHELL] ccA:274,3818627269,1340914,-4.527,32.331,0.000,35.000,2.23262,2.40238,24.06,-13.459,22.604,-13.459,22.604,-13.549,4.579,1.00000,49.268,-20.563,31.233
[SHELL] ccB:274,2147515489,1,-12.001,-24.671,36.672,33.917,4.699,95.301,16.732,7.984,92.016
[SHELL] ccA:275,3818737713,1340915,-9.553,33.396,0.000,35.000,2.46052,2.63029,24.03,-13.353,22.583,-13.353,22.583,-13.544,4.580,1.00000,49.268,-9.755,35.876
[SHELL] ccB:275,23381,1,-15.009,-21.952,36.962,51.812,3.895,96.105,33.917,4.699,95.301
[SHELL] ccA:276,3818846781,1340916,-5.375,37.395,0.000,35.000,2.67054,2.84020,23.63,-13.434,22.502,-13.434,22.502,-13.542,4.579,1.00000,49.268,18.574,46.597
[SHELL] ccB:276,2147515733,1,-37.698,-9.811,47.509,68.721,5.219,94.781,51.812,3.895,96.105
[SHELL] ccA:277,3818956661,1340917,1.032,39.499,0.000,35.000,2.89411,3.06390,23.50,-13.563,22.458,-13.563,22.458,-13.542,4.577,1.00000,49.268,-23.266,28.924
[SHELL] ccB:277,22855,1,15.472,-36.957,21.486,85.862,8.793,91.207,68.721,5.219,94.781
[SHELL] ccA:278,3819066665,1340918,-4.225,35.445,0.000,35.000,3.09655,3.26634,23.46,-13.456,22.539,-13.456,22.539,-13.540,4.576,1.00000,49.268,11.056,37.333
[SHELL] ccB:278,2147515791,1,-12.726,-25.504,38.230,92.777,7.223,79.958,85.862,8.793,91.207
[SHELL] ccA:279,3819176689,1340919,-3.828,34.272,0.000,35.000,3.32404,3.49380,23.53,-13.462,22.562,-13.462,22.562,-13.538,4.577,1.00000,49.268,-14.159,33.498
[SHELL] ccB:279,22869,1,20.002,-36.305,16.303,95.614,4.386,62.511,92.777,7.223,79.958
[SHELL] ccA:280,3819286661,1340920,-6.758,34.638,0.000,35.000,3.54542,3.71519,23.50,-13.400,22.555,-13.400,22.555,-13.535,4.577,1.00000,49.268,-9.769,34.223
[SHELL] ccB:280,2147515793,1,22.431,-35.145,12.715,96.026,3.974,45.014,95.614,4.386,62.511
[SHELL] ccA:281,3819396673,1340921,-2.948,36.604,0.000,35.000,3.75995,3.92971,23.48,-13.474,22.515,-13.474,22.515,-13.533,4.576,1.00000,49.268,21.903,44.472
[SHELL] ccB:281,22861,1,7.933,-46.344,38.411,94.324,5.676,27.907,96.026,3.974,45.014
[SHELL] ccA:282,3819506629,1340922,2.712,38.591,0.000,35.000,3.98076,4.15054,23.45,-13.589,22.474,-13.589,22.474,-13.535,4.574,1.00000,49.268,-23.187,31.197
[SHELL] ccB:282,2147515809,1,38.704,-22.460,-16.244,90.388,9.612,11.274,94.324,5.676,27.907
[SHELL] ccA:283,3819616665,1340923,-2.776,35.820,0.000,35.000,4.20863,4.37909,23.44,-13.478,22.603,-13.478,22.603,-13.533,4.574,1.00000,49.268,13.367,36.415
[SHELL] ccB:283,22857,1,25.439,-38.081,12.642,93.921,24.856,6.079,90.388,9.612,11.274
[SHELL] ccA:284,3819726709,1340924,-0.405,35.654,0.000,35.000,4.42147,4.59195,23.56,-13.525,22.606,-13.525,22.606,-13.533,4.574,1.00000,49.268,-5.166,38.590
[SHELL] ccB:284,2147515769,1,38.450,-24.526,-13.925,96.051,41.605,3.949,93.921,24.856,6.079
[SHELL] ccA:285,3819836645,1340925,-1.370,36.647,0.000,35.000,4.63979,4.81025,23.44,-13.505,22.585,-13.505,22.585,-13.532,4.573,1.00000,49.268,-8.515,32.990
[SHELL] ccB:285,22847,1,33.521,-11.478,-22.043,95.960,59.048,4.040,96.051,41.605,3.949
[SHELL] ccA:286,3819946713,1340926,-0.010,37.522,0.000,35.000,4.85473,5.02519,23.56,-13.532,22.566,-13.532,22.566,-13.532,4.572,1.00000,49.268,22.155,45.517
[SHELL] ccB:286,2147515767,1,48.200,-37.501,-10.699,93.766,75.912,6.234,95.960,59.048,4.040
[SHELL] ccA:287,3820056697,1340927,3.266,37.727,0.000,35.000,5.07630,5.24677,23.53,-13.599,22.561,-13.599,22.561,-13.534,4.570,1.00000,49.268,-22.733,26.882
[SHELL] ccB:287,22873,1,17.030,18.170,-35.200,88.025,90.770,9.230,93.766,75.912,6.234
[SHELL] ccA:288,3820166677,1340928,-3.985,33.144,0.000,35.000,5.29522,5.46568,23.53,-13.452,22.654,-13.452,22.654,-13.532,4.571,1.00000,49.268,7.373,33.292
[SHELL] ccB:288,2147515785,1,31.854,-5.389,-26.465,72.294,94.487,5.513,88.025,90.770,9.230
[SHELL] ccA:289,3820276673,1340929,-2.725,33.075,0.000,35.000,5.50511,5.67557,23.51,-13.476,22.656,-13.476,22.656,-13.531,4.572,1.00000,49.268,-2.911,38.835
[SHELL] ccB:289,22861,1,25.185,13.132,-38.317,55.694,96.220,3.780,72.294,94.487,5.513
[SHELL] ccA:290,3820386705,1340930,-2.238,35.624,0.000,35.000,5.73752,5.90798,23.54,-13.485,22.605,-13.485,22.605,-13.530,4.572,1.00000,49.268,-10.501,31.533
[SHELL] ccB:290,2147515771,1,7.389,24.367,-31.757,37.021,95.656,4.344,55.694,96.220,3.780
[SHELL] ccA:291,3820496681,1340931,1.649,37.352,0.000,35.000,5.94613,6.11659,23.51,-13.563,22.569,-13.563,22.569,-13.530,4.571,1.00000,49.268,30.508,47.509
[SHELL] ccB:291,22865,1,44.503,7.840,-52.343,20.671,93.075,6.925,37.021,95.656,4.344
[SHELL] ccA:292,3820606777,1340932,8.109,39.288,0.000,35.000,6.15981,0.04711,23.43,-13.697,22.528,-13.697,22.528,-13.534,4.568,1.00000,49.268,-18.079,30.599
[SHELL] ccB:292,2147515735,1,-14.176,35.313,-21.137,8.347,91.653,14.810,20.671,93.075,6.925
[SHELL] ccA:293,3820716869,1340933,1.381,36.775,0.000,35.000,0.10193,0.27239,23.75,-13.563,22.577,-13.563,22.577,-13.535,4.568,1.00000,49.268,11.173,38.392
[SHELL] ccB:293,22959,1,7.208,30.456,-37.664,4.964,95.036,31.418,8.347,91.653,14.810
[SHELL] ccA:294,3820826733,1340934,3.121,38.379,0.000,35.000,0.31917,0.48964,23.52,-13.599,22.544,-13.599,22.544,-13.537,4.566,1.00000,49.268,8.217,46.133
[SHELL] ccB:294,2147515757,1,-6.673,43.504,-36.831,3.726,96.274,48.817,4.964,95.036,31.418
[SHELL] ccA:295,3820936741,1340935,4.762,41.291,0.000,35.000,0.54298,0.71344,23.57,-13.634,22.482,-13.634,22.482,-13.539,4.563,1.00000,49.268,-8.559,34.507
[SHELL] ccB:295,22895,1,-25.158,34.334,-9.177,4.811,95.189,66.796,3.726,96.274,48.817
[SHELL] ccA:296,3821047129,1340936,5.650,40.856,0.000,35.000,0.75584,0.92630,23.86,-13.655,22.488,-13.655,22.488,-13.542,4.560,1.00000,49.268,31.503,48.278
[SHELL] ccB:296,2147515559,1,-10.189,54.232,-44.043,7.865,92.135,83.013,4.811,95.189,66.796
[SHELL] ccA:297,3821157165,1340937,9.722,41.241,0.000,35.000,0.98139,1.15186,23.99,-13.741,22.477,-13.741,22.477,-13.547,4.557,1.00000,49.268,-15.558,33.900
[SHELL] ccB:297,23107,1,-36.828,23.534,13.294,7.237,80.778,92.763,7.865,92.135,83.013
[SHELL] ccA:298,3821267157,1340938,2.190,38.986,0.000,35.000,1.19619,1.36666,23.93,-13.592,22.520,-13.592,22.520,-13.548,4.555,1.00000,49.268,8.374,39.866
[SHELL] ccB:298,2147515545,1,-34.037,36.400,-2.363,4.550,64.710,95.450,7.237,80.778,92.763
[SHELL] ccA:299,3821377085,1340939,2.515,39.875,0.000,35.000,1.40802,1.57850,23.85,-13.599,22.500,-13.599,22.500,-13.549,4.552,1.00000,49.268,8.870,45.867
[SHELL] ccB:299,23067,1,-43.823,35.929,7.894,3.804,47.777,96.196,4.550,64.710,95.450
[SHELL] ccA:300,3821487241,1340940,3.445,40.776,0.000,35.000,1.62865,1.79911,23.93,-13.620,22.479,-13.620,22.479,-13.551,4.549,1.00000,49.268,-12.334,31.505
[SHELL] ccB:300,2147515503,1,-30.739,3.128,27.611,5.230,30.245,94.770,3.804,47.777,96.196
[SHELL] ccA:301,3821597153,1340941,3.159,38.157,0.000,35.000,1.84897,2.01943,23.91,-13.616,22.530,-13.616,22.530,-13.552,4.548,1.00000,49.268,28.435,43.750
[SHELL] ccB:301,23101,1,-49.876,38.212,11.663,8.716,13.800,91.284,5.230,30.245,94.770
[SHELL] ccA:302,3821707257,1340942,7.349,37.565,0.000,35.000,2.07133,2.24177,23.99,-13.703,22.541,-13.703,22.541,-13.556,4.547,1.00000,49.268,-15.138,31.255
[SHELL] ccB:302,2147515495,1,-20.156,-14.414,34.570,22.190,6.500,93.500,8.716,13.800,91.284
[SHELL] ccA:303,3821817117,1340943,1.025,36.276,0.000,35.000,2.28003,2.45046,23.86,-13.577,22.566,-13.577,22.566,-13.557,4.546,1.00000,49.268,5.942,38.846
[SHELL] ccB:303,23083,1,-33.349,-1.330,34.678,38.059,4.224,95.776,22.190,6.500,93.500
[SHELL] ccA:304,3821927141,1340944,3.189,39.382,0.000,35.000,2.50971,2.68016,23.93,-13.622,22.501,-13.622,22.501,-13.558,4.544,1.00000,49.268,16.008,48.581
[SHELL] ccB:304,2147515553,1,-41.612,-4.954,46.566,56.634,3.923,96.077,38.059,4.224,95.776
[SHELL] ccA:305,3822037089,1340945,7.665,42.611,0.000,35.000,2.72941,2.89987,23.81,-13.715,22.433,-13.715,22.433,-13.562,4.540,1.00000,49.268,-7.298,34.435
[SHELL] ccB:305,23069,1,-7.108,-26.302,33.410,74.194,5.943,94.057,56.634,3.923,96.077
[SHELL] ccA:306,3822147113,1340946,8.553,40.879,0.000,35.000,2.94381,3.11429,23.93,-13.737,22.465,-13.737,22.465,-13.566,4.537,1.00000,49.268,32.801,46.066
[SHELL] ccB:306,2147515567,1,-41.214,-12.928,54.141,89.942,9.868,90.132,74.194,5.943,94.057
[SHELL] ccA:307,3822257101,1340947,12.526,40.285,0.000,35.000,3.16534,3.33580,23.81,-13.823,22.474,-13.823,22.474,-13.573,4.534,1.00000,49.268,-8.202,34.574
[SHELL] ccB:307,23075,1,9.020,-34.275,25.255,94.286,5.714,73.859,89.942,9.868,90.132
[SHELL] ccA:308,3822367097,1340948,6.037,38.702,0.000,35.000,3.38689,3.55736,23.87,-13.696,22.504,-13.696,22.504,-13.576,4.532,1.00000,49.268,7.749,39.595
[SHELL] ccB:308,2147515575,1,2.098,-35.943,33.845,96.141,3.859,56.784,94.286,5.714,73.859
[SHELL] ccA:309,3822477109,1340949,7.086,39.910,0.000,35.000,3.60682,3.77729,23.90,-13.721,22.477,-13.721,22.477,-13.579,4.530,1.00000,49.268,21.046,45.874
[SHELL] ccB:309,23079,1,1.772,-44.569,42.797,95.859,4.141,39.086,96.141,3.859,56.784
[SHELL] ccA:310,3822587081,1340950,9.235,40.438,0.000,35.000,3.82286,3.99332,23.81,-13.768,22.464,-13.768,22.464,-13.584,4.527,1.00000,49.268,-12.901,30.408
[SHELL] ccB:310,2147515583,1,29.172,-28.005,-1.167,93.435,6.565,22.163,95.859,4.141,39.086
[SHELL] ccA:311,3822697069,1340951,5.008,36.699,0.000,35.000,4.04670,4.21716,23.86,-13.686,22.538,-13.686,22.538,-13.586,4.526,1.00000,49.268,24.791,40.107
[SHELL] ccB:311,23059,1,16.233,-46.453,30.220,91.259,13.422,8.741,93.435,6.565,22.163
[SHELL] ccA:312,3822807085,1340952,6.480,36.274,0.000,35.000,4.25078,4.42124,23.86,-13.719,22.546,-13.719,22.546,-13.590,4.526,1.00000,49.268,-10.759,34.476
[SHELL] ccB:312,2147515581,1,35.660,-22.786,-12.874,94.734,28.715,5.266,91.259,13.422,8.741
[SHELL] ccA:313,3822917069,1340953,1.090,37.230,0.000,35.000,4.48199,4.65245,23.87,-13.612,22.525,-13.612,22.525,-13.590,4.525,1.00000,49.708,1.085,39.860
[SHELL] ccB:313,23059,1,38.559,-28.078,-10.481,95.817,46.827,4.183,94.734,28.715,5.266
[SHELL] ccA:314,3823027025,1340954,4.176,40.682,0.000,35.000,4.70510,4.87559,23.78,-13.676,22.454,-13.676,22.454,-13.592,4.522,1.00000,49.708,25.291,48.531
[SHELL] ccB:314,2147515611,1,48.345,-46.381,-1.964,95.008,64.723,4.992,95.817,46.827,4.183
[SHELL] ccA:315,3823137073,1340955,10.657,41.582,0.000,35.000,4.92406,5.09455,23.87,-13.811,22.432,-13.811,22.432,-13.597,4.519,1.00000,49.268,-9.038,29.407
[SHELL] ccB:315,23061,1,26.852,-0.424,-26.429,92.459,82.000,7.541,95.008,64.723,4.992
[SHELL] ccA:316,3823247093,1340956,8.366,36.865,0.000,35.000,5.14222,5.31268,23.90,-13.769,22.526,-13.769,22.526,-13.602,4.518,1.00000,49.708,26.249,40.113
[SHELL] ccB:316,2147515577,1,47.403,-29.890,-17.513,82.619,91.964,8.036,92.459,82.000,7.541
[SHELL] ccA:317,3823357057,1340957,8.659,35.575,0.000,35.000,5.36145,5.53192,23.85,-13.779,22.551,-13.779,22.551,-13.606,4.517,1.00000,49.708,-8.823,32.667
[SHELL] ccB:317,23053,1,20.691,12.842,-33.533,66.061,95.100,4.900,82.619,91.964,8.036
[SHELL] ccA:318,3823467017,1340958,1.839,34.579,0.000,35.000,5.58602,5.75648,23.77,-13.644,22.571,-13.644,22.571,-13.607,4.518,1.00000,49.708,-1.247,32.869
[SHELL] ccB:318,2147515615,1,20.147,12.443,-32.590,48.647,95.944,4.056,66.061,95.100,4.900
[SHELL] ccA:319,3823577093,1340959,3.728,36.408,0.000,35.000,5.80288,5.97341,23.89,-13.683,22.534,-13.683,22.534,-13.609,4.517,1.00000,49.708,26.228,47.229
[SHELL] ccB:319,23071,1,45.083,3.237,-48.320,31.404,94.658,5.342,48.647,95.944,4.056
[SHELL] ccA:320,3823687069,1340960,8.915,38.687,0.000,35.000,6.02554,6.19600,23.87,-13.792,22.487,-13.792,22.487,-13.613,4.515,1.00000,49.268,-15.551,27.421
[SHELL] ccB:320,2147515589,1,-8.050,30.420,-22.369,14.131,91.487,8.513,31.404,94.658,5.342
[SHELL] ccA:321,3823797013,1340961,3.648,34.601,0.000,35.000,6.23694,0.12424,23.84,-13.688,22.568,-13.688,22.568,-13.615,4.515,1.00000,49.268,19.467,36.334
[SHELL] ccB:321,23031,1,21.126,20.090,-41.216,6.875,93.125,20.359,14.131,91.487,8.513
[SHELL] ccA:322,3823906889,1340962,4.175,33.554,0.000,35.000,0.18461,0.35507,23.73,-13.701,22.590,-13.701,22.590,-13.617,4.516,1.00000,49.708,-6.684,34.126
[SHELL] ccB:322,2147515679,1,-12.835,34.407,-21.572,4.466,95.534,38.326,6.875,93.125,20.359
[SHELL] ccA:323,3824016777,1340963,0.473,34.958,0.000,35.000,0.40060,0.57106,23.59,-13.627,22.562,-13.627,22.562,-13.617,4.516,1.00000,49.708,-4.208,35.244
[SHELL] ccB:323,22913,1,-17.619,35.494,-17.875,4.182,95.818,55.341,4.466,95.534,38.326
[SHELL] ccA:324,3824128561,1340964,2.896,38.245,0.000,35.000,0.62195,0.80848,26.38,-13.677,22.495,-13.677,22.495,-13.619,4.514,1.00000,49.708,26.684,48.366
[SHELL] ccB:324,2147514843,1,-6.492,50.753,-44.261,6.286,93.714,74.050,4.182,95.818,55.341
[SHELL] ccA:325,3824237213,1340965,7.522,40.857,0.000,35.000,0.83828,1.00874,23.96,-13.773,22.440,-13.773,22.440,-13.623,4.511,1.00000,49.708,-19.073,31.452
[SHELL] ccB:325,23131,1,-36.139,24.005,12.135,10.011,89.989,88.928,6.286,93.714,74.050
[SHELL] ccA:326,3824347169,1340966,1.046,37.307,0.000,35.000,1.06288,1.23335,23.90,-13.644,22.509,-13.644,22.509,-13.623,4.510,1.00000,49.708,15.645,37.957
[SHELL] ccB:326,2147515539,1,-25.556,40.604,-15.048,6.414,74.693,93.586,10.011,89.989,88.928
[SHELL] ccA:327,3824457253,1340967,2.224,36.436,0.000,35.000,1.27736,1.44782,24.02,-13.669,22.526,-13.669,22.526,-13.624,4.510,1.00000,49.708,-3.322,38.377
[SHELL] ccB:327,23151,1,-37.698,25.708,11.990,4.329,58.031,95.671,6.414,74.693,93.586
[SHELL] ccA:328,3824567189,1340968,0.965,37.122,0.000,35.000,1.50592,1.67638,23.97,-13.644,22.511,-13.644,22.511,-13.625,4.508,1.00000,49.708,-5.140,33.775
[SHELL] ccB:328,2147515529,1,-34.037,14.473,19.565,4.507,39.949,95.493,4.329,58.031,95.671
[SHELL] ccA:329,3824677153,1340969,4.601,37.491,0.000,35.000,1.71616,1.88662,23.90,-13.719,22.503,-13.719,22.503,-13.627,4.507,1.00000,49.708,32.005,44.037
[SHELL] ccB:329,23101,1,-48.209,46.005,2.204,6.708,23.499,93.292,4.507,39.949,95.493
[SHELL] ccA:330,3824787137,1340970,10.218,37.543,0.000,35.000,1.94734,2.11780,23.90,-13.836,22.500,-13.836,22.500,-13.632,4.506,1.00000,49.708,-17.997,28.323
[SHELL] ccB:330,2147515555,1,-19.721,-13.653,33.374,13.727,9.022,90.979,6.708,23.499,93.292
[SHELL] ccA:331,3824897181,1340971,1.479,33.892,0.000,35.000,2.16639,2.33684,23.98,-13.662,22.574,-13.662,22.574,-13.633,4.507,1.00000,49.708,9.904,34.887
[SHELL] ccB:331,23115,1,-34.436,7.369,27.067,29.492,5.580,94.420,13.727,9.022,90.979
[SHELL] ccA:332,3825007041,1340972,0.555,34.326,0.000,35.000,2.38070,2.55117,23.78,-13.644,22.566,-13.644,22.566,-13.633,4.507,1.00000,49.708,0.409,39.208
[SHELL] ccB:332,2147515603,1,-27.332,-10.681,38.013,46.293,4.107,95.893,29.492,5.580,94.420
[SHELL] ccA:333,3825117101,1340973,-0.346,36.446,0.000,35.000,2.60710,2.77757,23.88,-13.626,22.522,-13.626,22.522,-13.633,4.506,1.00000,49.708,-12.105,32.483
[SHELL] ccB:333,23075,1,-6.130,-26.483,32.612,64.226,4.880,95.120,46.293,4.107,95.893
[SHELL] ccA:334,3825227037,1340974,0.428,37.201,0.000,35.000,2.82734,2.99781,23.79,-13.642,22.506,-13.642,22.506,-13.633,4.505,1.00000,49.708,25.515,44.630
[SHELL] ccB:334,2147515605,1,-38.060,-10.898,48.958,81.009,7.788,92.212,64.226,4.880,95.120
[SHELL] ccA:335,3825337081,1340975,4.487,38.147,0.000,35.000,3.03717,3.20765,23.86,-13.725,22.486,-13.725,22.486,-13.635,4.503,1.00000,49.708,-20.976,30.845
[SHELL] ccB:335,23065,1,17.646,-37.284,19.637,91.659,8.341,83.365,81.009,7.788,92.212
[SHELL] ccA:336,3825447133,1340976,-2.732,35.683,0.000,35.000,3.26992,3.44038,23.89,-13.579,22.535,-13.579,22.535,-13.634,4.503,1.00000,49.708,5.507,36.413
[SHELL] ccB:336,2147515557,1,-0.802,-31.485,32.286,94.868,5.132,66.246,91.659,8.341,83.365
[SHELL] ccA:337,3825557129,1340977,-0.981,36.739,0.000,35.000,3.48129,3.65175,23.87,-13.614,22.513,-13.614,22.513,-13.634,4.502,1.00000,49.708,6.037,43.286
[SHELL] ccB:337,23089,1,8.730,-41.452,32.721,95.835,4.165,49.457,94.868,5.132,66.246
[SHELL] ccA:338,3825667229,1340978,1.003,38.660,0.000,35.000,3.71033,3.88079,23.97,-13.654,22.472,-13.654,22.472,-13.634,4.500,1.00000,50.148,-13.569,31.658
[SHELL] ccB:338,2147515509,1,28.483,-31.013,2.530,94.131,5.869,31.458,95.835,4.165,49.457
[SHELL] ccA:339,3825777177,1340979,0.902,37.345,0.000,35.000,3.93030,4.10078,23.99,-13.653,22.498,-13.653,22.498,-13.635,4.499,1.00000,50.148,24.709,42.778
[SHELL] ccB:339,23113,1,12.935,-47.758,34.823,90.774,9.226,15.236,94.131,5.869,31.458
[SHELL] ccA:340,3825887157,1340980,4.204,37.333,0.000,35.000,4.15638,4.32684,23.93,-13.721,22.497,-13.721,22.497,-13.637,4.498,1.00000,49.708,-19.035,32.118
[SHELL] ccB:340,2147515545,1,37.327,-19.343,-17.984,92.942,21.878,7.058,90.774,9.226,15.236
[SHELL] ccA:341,3825997093,1340981,-3.459,36.107,0.000,35.000,4.37026,4.54072,23.84,-13.566,22.521,-13.566,22.521,-13.635,4.498,1.00000,49.708,-0.475,37.415
[SHELL] ccB:341,23071,1,35.406,-28.186,-7.220,95.269,37.900,4.731,92.942,21.878,7.058
[SHELL] ccA:342,3826107185,1340982,-3.659,38.034,0.000,35.000,4.57849,4.74892,23.97,-13.560,22.481,-13.560,22.481,-13.633,4.496,1.00000,50.148,5.346,45.186
[SHELL] ccB:342,2147515531,1,44.068,-31.847,-12.221,95.268,54.371,4.732,95.269,37.900,4.731
[SHELL] ccA:343,3826217097,1340983,-2.499,39.024,0.000,35.000,4.80707,4.97752,23.85,-13.582,22.459,-13.582,22.459,-13.632,4.494,1.00000,50.148,-20.213,28.310
[SHELL] ccB:343,23073,1,26.272,6.608,-32.880,93.492,72.106,6.508,95.268,54.371,4.732
[SHELL] ccA:344,3826327145,1340984,-4.717,35.647,0.000,35.000,5.02032,5.19078,23.94,-13.535,22.526,-13.535,22.526,-13.629,4.494,1.00000,49.708,16.210,40.784
[SHELL] ccB:344,2147515551,1,43.778,-24.562,-19.216,90.271,87.730,9.729,93.492,72.106,6.508
[SHELL] ccA:345,3826437133,1340985,-2.784,34.562,0.000,35.000,5.24018,5.41066,23.93,-13.572,22.548,-13.572,22.548,-13.628,4.494,1.00000,49.708,-23.342,28.370
[SHELL] ccB:345,23091,1,12.753,23.461,-36.215,75.786,93.367,6.633,90.271,87.730,9.729
[SHELL] ccA:346,3826547085,1340986,-8.799,33.212,0.000,35.000,5.46308,5.63354,23.83,-13.448,22.576,-13.448,22.576,-13.624,4.495,1.00000,49.708,-4.720,35.326
[SHELL] ccB:346,2147515581,1,22.612,12.552,-35.164,58.895,95.493,4.507,75.786,93.367,6.633
[SHELL] ccA:347,3826657161,1340987,-5.474,35.926,0.000,35.000,5.68803,5.85850,23.96,-13.511,22.521,-13.511,22.521,-13.621,4.494,1.00000,50.148,10.886,44.682
[SHELL] ccB:347,23105,1,34.065,9.725,-43.790,40.932,95.052,4.948,58.895,95.493,4.507
[SHELL] ccA:348,3826767093,1340988,0.149,38.449,0.000,35.000,5.90243,6.07290,23.84,-13.624,22.469,-13.624,22.469,-13.621,4.493,1.00000,50.148,-16.457,29.104
[SHELL] ccB:348,2147515577,1,-4.462,30.927,-26.465,24.175,92.859,7.141,40.932,95.052,4.948
[SHELL] ccA:349,3826877237,1340989,-0.786,35.188,0.000,35.000,6.11987,0.00715,23.96,-13.605,22.534,-13.605,22.534,-13.621,4.492,1.00000,50.148,18.882,37.860
[SHELL] ccB:349,23143,1,24.786,17.300,-42.086,10.039,89.961,12.468,24.175,92.859,7.141
[SHELL] ccA:350,3826987017,1340990,0.959,33.334,0.000,35.000,0.05834,0.22881,23.83,-13.640,22.572,-13.640,22.572,-13.621,4.493,1.00000,50.148,-17.472,28.511
[SHELL] ccB:350,2147515615,1,-19.105,33.319,-14.215,6.164,93.836,28.593,10.039,89.961,12.468
[SHELL] ccA:351,3827096909,1340991,-4.770,32.450,0.000,35.000,0.27537,0.44582,23.66,-13.523,22.591,-13.523,22.591,-13.619,4.495,1.00000,50.148,-3.020,34.916
[SHELL] ccB:351,22979,1,-12.400,34.588,-22.188,4.618,95.382,45.122,6.164,93.836,28.593
[SHELL] ccA:352,3827206913,1340992,-1.977,35.346,0.000,35.000,0.49408,0.66452,23.67,-13.578,22.533,-13.578,22.533,-13.618,4.494,1.00000,50.148,15.604,43.041
[SHELL] ccB:352,2147515667,1,-6.673,42.562,-35.888,5.146,94.854,62.509,4.618,95.382,45.122
[SHELL] ccA:353,3827317069,1340993,2.198,37.177,0.000,35.000,0.71858,0.88904,23.61,-13.663,22.495,-13.663,22.495,-13.619,4.493,1.00000,50.148,-19.397,27.708
[SHELL] ccB:353,23059,1,-32.841,23.425,9.416,7.921,92.079,79.760,5.146,94.854,62.509
[SHELL] ccA:354,3827427313,1340994,-0.970,34.099,0.000,35.000,0.93335,1.10382,24.03,-13.599,22.557,-13.599,22.557,-13.618,4.494,1.00000,50.148,19.308,37.938
[SHELL] ccB:354,2147515467,1,-18.996,42.489,-23.493,9.003,84.131,90.997,7.921,92.079,79.760
[SHELL] ccA:355,3827537301,1340995,1.290,33.705,0.000,35.000,1.15548,1.32596,24.06,-13.645,22.566,-13.645,22.566,-13.619,4.494,1.00000,50.148,-14.060,31.237
[SHELL] ccB:355,23175,1,-34.255,16.901,17.354,5.604,67.567,94.396,9.003,84.131,90.997
[SHELL] ccA:356,3827647277,1340996,-3.150,33.546,0.000,35.000,1.37250,1.54300,24.05,-13.554,22.570,-13.554,22.570,-13.617,4.495,1.00000,50.148,-3.787,33.772
[SHELL] ccB:356,2147515485,1,-33.856,19.474,14.382,4.537,50.832,95.463,5.604,67.567,94.396
[SHELL] ccA:357,3827757249,1340997,-0.830,34.947,0.000,35.000,1.59245,1.76291,23.98,-13.600,22.542,-13.600,22.542,-13.617,4.495,1.00000,50.148,18.313,41.008
[SHELL] ccB:357,23149,1,-41.395,35.784,5.611,5.547,33.477,94.453,4.537,50.832,95.463
[SHELL] ccA:358,3827867253,1340998,3.387,35.453,0.000,35.000,1.80915,1.97961,23.99,-13.686,22.531,-13.686,22.531,-13.619,4.495,1.00000,50.148,-19.291,26.026
[SHELL] ccB:358,2147515497,1,-20.736,-11.188,31.924,8.639,17.050,91.361,5.547,33.477,94.453
[SHELL] ccA:359,3827977241,1340999,-1.550,31.607,0.000,35.000,2.03257,2.20304,24.03,-13.587,22.610,-13.587,22.610,-13.618,4.497,1.00000,50.148,14.069,33.366
[SHELL] ccB:359,23145,1,-36.139,16.104,20.036,19.460,7.997,92.003,8.639,17.050,91.361
[SHELL] ccA:360,3828087217,1341000,-1.034,30.890,0.000,35.000,2.25011,2.42057,24.02,-13.597,22.626,-13.597,22.626,-13.617,4.499,1.00000,50.148,-12.983,30.801
[SHELL] ccB:360,2147515515,1,-15.807,-17.603,33.410,35.870,5.149,94.851,19.460,7.997,92.003
[SHELL] ccA:361,3828197137,1341001,-4.370,32.254,0.000,35.000,2.47458,2.64505,23.86,-13.528,22.600,-13.528,22.600,-13.615,4.500,1.00000,50.148,-5.584,34.049
[SHELL] ccB:361,23093,1,-16.677,-17.821,34.497,53.372,4.555,95.445,35.870,5.149,94.851
[SHELL] ccA:362,3828307173,1341002,0.018,35.684,0.000,35.000,2.68375,2.85421,23.97,-13.616,22.531,-13.616,22.531,-13.615,4.500,1.00000,50.148,24.223,43.837
[SHELL] ccB:362,2147515537,1,-41.105,-4.229,45.334,69.953,6.021,93.979,53.372,4.555,95.445
[SHELL] ccA:363,3828417177,1341003,6.651,37.601,0.000,35.000,2.90536,3.07583,23.97,-13.752,22.492,-13.752,22.492,-13.619,4.498,1.00000,50.148,-16.257,28.683
[SHELL] ccB:363,23113,1,9.093,-31.992,22.899,86.623,9.681,90.319,69.953,6.021,93.979
[SHELL] ccA:364,3828527185,1341004,3.077,34.721,0.000,35.000,3.12738,3.29786,23.97,-13.682,22.549,-13.682,22.549,-13.620,4.499,1.00000,50.148,20.601,37.680
[SHELL] ccB:364,2147515531,1,-21.135,-21.807,42.942,92.856,7.144,76.724,86.623,9.681,90.319
[SHELL] ccA:365,3828637189,1341005,5.731,35.184,0.000,35.000,3.34574,3.51622,23.97,-13.738,22.540,-13.738,22.540,-13.623,4.498,1.00000,50.148,-2.022,36.693
[SHELL] ccB:365,23119,1,9.419,-35.471,26.052,95.228,4.772,59.861,92.856,7.144,76.724
[SHELL] ccA:366,3828747181,1341006,3.180,36.392,0.000,35.000,3.57132,3.74178,23.97,-13.688,22.515,-13.688,22.515,-13.625,4.498,1.00000,50.148,-3.838,34.502
[SHELL] ccB:366,2147515533,1,17.864,-34.710,16.846,95.281,4.720,42.192,95.228,4.772,59.861
[SHELL] ccA:367,3828857133,1341007,4.775,37.903,0.000,35.000,3.78812,3.95858,23.86,-13.722,22.484,-13.722,22.484,-13.627,4.496,1.00000,50.588,28.801,45.914
[SHELL] ccB:367,23091,1,4.671,-49.099,44.428,92.835,7.165,25.597,95.281,4.720,42.192
[SHELL] ccA:368,3828967089,1341008,9.662,39.443,0.000,35.000,4.01544,4.18592,23.85,-13.825,22.451,-13.825,22.451,-13.632,4.494,1.00000,50.588,-15.116,31.440
[SHELL] ccB:368,2147515579,1,33.811,-24.344,-9.467,89.652,12.648,10.348,92.835,7.165,25.597
[SHELL] ccA:369,3829077177,1341009,3.672,36.495,0.000,35.000,4.23030,4.40076,23.93,-13.707,22.509,-13.707,22.509,-13.634,4.493,1.00000,50.148,16.120,37.187
[SHELL] ccB:369,23113,1,25.475,-40.038,14.563,93.634,27.592,6.366,89.652,12.648,10.348
[SHELL] ccA:370,3829187153,1341010,4.859,35.777,0.000,35.000,4.44611,4.61657,23.94,-13.733,22.523,-13.733,22.523,-13.636,4.493,1.00000,50.148,2.311,37.292
[SHELL] ccB:370,2147515547,1,35.370,-28.114,-7.256,95.438,44.335,4.562,93.634,27.592,6.366
[SHELL] ccA:371,3829297153,1341011,3.273,35.458,0.000,35.000,4.66869,4.83914,23.94,-13.703,22.529,-13.703,22.529,-13.638,4.493,1.00000,50.588,-7.651,30.062
[SHELL] ccB:371,23101,1,30.368,-9.702,-20.666,94.638,61.654,5.362,95.438,44.335,4.562
[SHELL] ccA:372,3829407101,1341012,2.893,35.362,0.000,35.000,4.88432,5.05478,23.84,-13.697,22.531,-13.697,22.531,-13.639,4.493,1.00000,50.588,24.562,44.031
[SHELL] ccB:372,2147515573,1,47.584,-38.226,-9.358,92.165,77.909,7.835,94.638,61.654,5.362
[SHELL] ccA:373,3829517169,1341013,5.692,36.133,0.000,35.000,5.10471,5.27518,23.96,-13.756,22.515,-13.756,22.515,-13.642,4.492,1.00000,50.588,-18.706,26.406
[SHELL] ccB:373,23109,1,17.248,15.089,-32.337,84.701,90.482,9.518,92.165,77.909,7.835
[SHELL] ccA:374,3829627153,1341014,-1.256,31.616,0.000,35.000,5.32472,5.49513,23.83,-13.616,22.607,-13.616,22.607,-13.641,4.494,1.00000,50.588,7.827,29.620
[SHELL] ccB:374,2147515547,1,28.737,-5.171,-23.566,69.052,93.819,6.181,84.701,90.482,9.518
[SHELL] ccA:375,3829737105,1341015,0.307,30.842,0.000,35.000,5.54622,5.71668,23.84,-13.648,22.624,-13.648,22.624,-13.641,4.496,1.00000,50.588,4.279,37.722
[SHELL] ccB:375,23077,1,28.520,7.441,-35.961,51.857,95.220,4.780,69.052,93.819,6.181
[SHELL] ccA:376,3829847093,1341016,2.371,33.646,0.000,35.000,5.76646,5.93692,23.84,-13.690,22.569,-13.690,22.569,-13.643,4.496,1.00000,50.588,-6.900,29.521
[SHELL] ccB:376,2147515577,1,8.585,20.888,-29.473,34.528,94.297,5.703,51.857,95.220,4.780
[SHELL] ccA:377,3829957149,1341017,5.865,35.602,0.000,35.000,5.98388,6.15436,23.93,-13.763,22.529,-13.763,22.529,-13.646,4.496,1.00000,50.588,32.983,45.643
[SHELL] ccB:377,23099,1,44.974,6.861,-51.836,18.111,91.276,8.724,34.528,94.297,5.703
[SHELL] ccA:378,3830067101,1341018,11.165,36.904,0.000,35.000,6.20069,0.08797,23.93,-13.874,22.502,-13.874,22.502,-13.651,4.495,1.00000,50.588,-14.404,26.808
[SHELL] ccB:378,2147515573,1,-12.146,30.239,-18.093,8.435,91.565,18.991,18.111,91.276,8.724
[SHELL] ccA:379,3830176925,1341019,3.497,33.336,0.000,35.000,0.14103,0.31148,23.70,-13.723,22.575,-13.723,22.575,-13.653,4.496,1.00000,50.588,9.813,34.082
[SHELL] ccB:379,22987,1,4.925,27.955,-32.880,5.583,94.417,35.243,8.435,91.565,18.991
[SHELL] ccA:380,3830286901,1341020,3.823,34.210,0.000,35.000,0.36192,0.53239,23.74,-13.731,22.558,-13.731,22.558,-13.655,4.496,1.00000,50.588,10.071,41.866
[SHELL] ccB:380,2147515673,1,-5.405,39.698,-34.294,4.814,95.186,52.505,5.583,94.417,35.243
[SHELL] ccA:381,3830397069,1341021,4.693,36.645,0.000,35.000,0.58217,0.75263,23.59,-13.751,22.508,-13.751,22.508,-13.657,4.496,1.00000,50.588,-11.182,28.768
[SHELL] ccB:381,23059,1,-25.158,28.064,-2.907,6.293,93.707,69.642,4.814,95.186,52.505
[SHELL] ccA:382,3830507353,1341022,3.760,35.430,0.000,35.000,0.80808,0.97857,24.13,-13.734,22.532,-13.734,22.532,-13.659,4.495,1.00000,50.588,27.332,42.318
[SHELL] ccB:382,2147515447,1,-11.711,48.288,-36.577,9.905,90.095,86.046,6.293,93.707,69.642
[SHELL] ccA:383,3830617241,1341023,6.703,35.913,0.000,35.000,1.02560,1.19606,23.98,-13.796,22.522,-13.796,22.522,-13.662,4.495,1.00000,50.588,-16.670,30.249
[SHELL] ccB:383,23145,1,-34.508,18.496,16.013,7.506,76.759,92.494,9.905,90.095,86.046
[SHELL] ccA:384,3830727233,1341024,-0.621,34.936,0.000,35.000,1.24980,1.42104,23.97,-13.650,22.624,-13.650,22.624,-13.662,4.495,1.00000,50.588,3.523,36.926
[SHELL] ccB:384,2147515507,1,-33.929,29.949,3.980,5.151,60.195,94.849,7.506,76.759,92.494
[SHELL] ccA:385,3830837241,1341025,0.481,36.863,0.000,35.000,1.46808,1.63932,23.97,-13.672,22.585,-13.672,22.585,-13.662,4.494,1.00000,50.588,11.551,43.351
[SHELL] ccB:385,23145,1,-41.938,34.769,7.169,4.984,43.020,95.016,5.151,60.195,94.849
[SHELL] ccA:386,3830947301,1341026,3.155,37.713,0.000,35.000,1.69357,1.86481,24.08,-13.727,22.566,-13.727,22.566,-13.664,4.493,1.00000,50.588,-14.004,27.222
[SHELL] ccB:386,2147515473,1,-25.303,-2.272,27.575,7.034,25.593,92.966,4.984,43.020,95.016
[SHELL] ccA:387,3831057225,1341027,1.256,34.119,0.000,35.000,1.90781,2.07905,23.97,-13.690,22.639,-13.690,22.639,-13.665,4.493,1.00000,50.588,21.479,38.679
[SHELL] ccB:387,23137,1,-43.606,28.282,15.324,11.112,10.666,89.334,7.034,25.593,92.966
[SHELL] ccA:388,3831167201,1341028,2.590,33.926,0.000,35.000,2.13406,2.30528,23.93,-13.718,22.643,-13.718,22.643,-13.666,4.494,1.00000,50.588,-18.595,31.123
[SHELL] ccB:388,2147515523,1,-16.387,-19.814,36.201,27.431,6.592,93.408,11.112,10.666,89.334
[SHELL] ccA:389,3831277201,1341029,-4.330,34.931,0.000,35.000,2.35301,2.52425,24.01,-13.577,22.623,-13.577,22.623,-13.664,4.494,1.00000,50.588,-1.608,38.801
[SHELL] ccB:389,23125,1,-26.390,-11.478,37.868,43.996,4.965,95.035,27.431,6.592,93.408
[SHELL] ccA:390,3831387105,1341030,-1.396,38.863,0.000,35.000,2.57694,2.74818,23.86,-13.635,22.542,-13.635,22.542,-13.663,4.492,1.00000,50.588,16.226,46.728
[SHELL] ccB:390,2147515571,1,-38.713,-7.310,46.023,61.718,5.409,94.591,43.996,4.965,95.035
[SHELL] ccA:391,3831497177,1341031,4.012,41.089,0.000,35.000,2.79886,2.97010,23.97,-13.745,22.495,-13.745,22.495,-13.665,4.489,1.00000,50.588,-14.797,32.101
[SHELL] ccB:391,23113,1,3.149,-32.064,28.916,78.776,8.040,91.960,61.718,5.409,94.591
[SHELL] ccA:392,3831607165,1341032,2.176,37.772,0.000,35.000,3.01190,3.18315,23.96,-13.710,22.560,-13.710,22.560,-13.666,4.487,1.00000,50.588,22.071,40.156
[SHELL] ccB:392,2147515541,1,-27.078,-18.473,45.551,90.504,9.496,84.721,78.776,8.040,91.960
[SHELL] ccA:393,3831717177,1341033,3.996,36.168,0.000,35.000,3.23486,3.40610,23.96,-13.748,22.591,-13.748,22.591,-13.668,4.487,1.00000,50.588,-13.359,32.260
[SHELL] ccB:393,23113,1,16.305,-34.891,18.586,94.018,5.982,68.335,90.504,9.496,84.721
[SHELL] ccA:394,3831827113,1341034,-2.062,34.980,0.000,35.000,3.45452,3.62577,23.86,-13.626,22.615,-13.626,22.615,-13.667,4.487,1.00000,50.588,-3.601,35.244
[SHELL] ccB:394,2147515567,1,14.276,-35.218,20.942,95.190,4.810,51.625,94.018,5.982,68.335
[SHELL] ccA:395,3831937113,1341035,-0.656,36.515,0.000,35.000,3.67687,3.84811,23.85,-13.654,22.584,-13.654,22.584,-13.667,4.486,1.00000,50.588,17.936,43.311
[SHELL] ccB:395,23081,1,6.665,-43.517,36.853,94.249,5.751,34.216,95.190,4.810,51.625
[SHELL] ccA:396,3832047141,1341036,3.439,37.670,0.000,35.000,3.90105,4.07228,23.92,-13.737,22.559,-13.737,22.559,-13.668,4.485,1.00000,50.588,-18.514,28.816
[SHELL] ccB:396,2147515553,1,33.267,-23.692,-9.575,91.092,8.908,17.319,94.249,5.751,34.216
[SHELL] ccA:397,3832157189,1341037,-0.629,34.360,0.000,35.000,4.11348,4.28470,23.95,-13.656,22.626,-13.656,22.626,-13.668,4.485,1.00000,50.588,16.576,36.496
[SHELL] ccB:397,23119,1,20.800,-40.074,19.275,91.523,18.889,8.477,91.092,8.908,17.319
[SHELL] ccA:398,3832267149,1341038,1.158,33.657,0.000,35.000,4.33990,4.51115,23.93,-13.692,22.640,-13.692,22.640,-13.669,4.486,1.00000,50.588,-10.004,32.820
[SHELL] ccB:398,2147515549,1,34.210,-19.379,-14.831,94.556,35.883,5.444,91.523,18.889,8.477
[SHELL] ccA:399,3832377137,1341039,-1.787,34.109,0.000,35.000,4.55690,4.72815,23.92,-13.632,22.632,-13.632,22.632,-13.668,4.486,1.00000,50.588,-3.715,34.302
[SHELL] ccB:399,23093,1,34.464,-18.654,-15.809,95.203,52.687,4.797,94.556,35.883,5.444
[SHELL] ccA:400,3832487145,1341040,0.747,36.717,0.000,35.000,4.78604,4.95729,23.95,-13.683,22.579,-13.683,22.579,-13.668,4.485,1.00000,50.588,20.422,45.443
[SHELL] ccB:400,2147515551,1,46.823,-38.153,-8.669,93.606,70.589,6.394,95.203,52.687,4.797
[SHELL] ccA:401,3832597101,1341041,4.574,37.989,0.000,35.000,4.99849,5.16970,23.83,-13.762,22.552,-13.762,22.552,-13.670,4.484,1.00000,50.588,-18.835,26.768
[SHELL] ccB:401,23075,1,20.365,12.008,-32.373,90.083,86.287,9.917,93.606,70.589,6.394
[SHELL] ccA:402,3832707145,1341042,-1.843,32.884,0.000,35.000,5.21782,5.38906,23.92,-13.633,22.655,-13.633,22.655,-13.670,4.485,1.00000,50.588,9.873,32.558
[SHELL] ccB:402,2147515551,1,33.267,-10.463,-22.804,77.061,92.482,7.518,90.083,86.287,9.917
[SHELL] ccA:403,3832817081,1341043,-2.375,31.188,0.000,35.000,5.44392,5.61516,23.83,-13.621,22.691,-13.621,22.691,-13.668,4.487,1.00000,50.588,-10.413,32.866
[SHELL] ccB:403,23065,1,17.501,16.973,-34.475,59.970,94.939,5.061,77.061,92.482,7.518
[SHELL] ccA:404,3832927149,1341044,-5.168,32.279,0.000,35.000,5.65854,5.82978,23.96,-13.562,22.670,-13.562,22.670,-13.666,4.488,1.00000,50.588,-9.718,30.825
[SHELL] ccB:404,2147515549,1,10.144,21.504,-31.648,43.294,95.059,4.941,59.970,94.939,5.061
[SHELL] ccA:405,3833037073,1341045,-1.561,34.835,0.000,35.000,5.87825,6.04949,23.83,-13.634,22.619,-13.634,22.619,-13.665,4.488,1.00000,50.588,23.606,44.826
[SHELL] ccB:405,23061,1,39.356,7.949,-47.305,26.205,93.075,6.925,43.294,95.059,4.941
[SHELL] ccA:406,3833147129,1341046,4.270,37.148,0.000,35.000,6.10885,6.28008,23.91,-13.753,22.572,-13.753,22.572,-13.667,4.487,1.00000,50.588,-20.413,28.117
[SHELL] ccB:406,2147515559,1,-15.227,34.660,-19.434,10.357,89.643,12.214,26.205,93.075,6.925
[SHELL] ccA:407,3833257005,1341047,-1.293,33.750,0.000,35.000,0.05354,0.22478,23.81,-13.641,22.641,-13.641,22.641,-13.666,4.488,1.00000,50.588,12.050,33.941
[SHELL] ccB:407,23027,1,10.216,24.802,-35.019,6.514,93.486,28.327,10.357,89.643,12.214
[SHELL] ccA:408,3833366909,1341048,-0.012,32.906,0.000,35.000,0.26311,0.43434,23.71,-13.666,22.659,-13.666,22.659,-13.666,4.489,1.00000,50.588,-3.734,35.626
[SHELL] ccB:408,2147515669,1,-12.871,35.385,-22.514,4.812,95.188,44.502,6.514,93.486,28.327
[SHELL] ccA:409,3833476957,1341049,-2.987,33.778,0.000,35.000,0.48067,0.65191,23.74,-13.605,22.642,-13.605,22.642,-13.665,4.489,1.00000,50.588,-16.531,29.919
[SHELL] ccB:409,23003,1,-28.492,30.601,-2.109,5.259,94.741,61.379,4.812,95.188,44.502
[SHELL] ccA:410,3833587157,1341050,-4.523,34.592,0.000,35.000,0.71153,0.88277,23.67,-13.572,22.626,-13.572,22.626,-13.663,4.490,1.00000,50.588,18.705,42.903
[SHELL] ccB:410,2147515545,1,-13.849,45.642,-31.793,7.986,92.014,78.720,5.259,94.741,61.379
[SHELL] ccA:411,3833697349,1341051,-1.236,36.531,0.000,35.000,0.93142,1.10263,24.10,-13.637,22.586,-13.637,22.586,-13.662,4.489,1.00000,50.588,-25.822,30.396
[SHELL] ccB:411,23199,1,-39.800,17.662,22.138,9.301,83.927,90.699,7.986,92.014,78.720
[SHELL] ccA:412,3833807325,1341052,-8.262,35.143,0.000,35.000,1.15041,1.32167,24.06,-13.493,22.614,-13.493,22.614,-13.658,4.489,1.00000,50.588,-0.108,36.878
[SHELL] ccB:412,2147515461,1,-33.711,29.804,3.907,6.156,68.163,93.844,9.301,83.927,90.699
[SHELL] ccA:413,3833917365,1341053,-7.046,36.293,0.000,35.000,1.36588,1.53711,24.14,-13.514,22.590,-13.514,22.590,-13.654,4.488,1.00000,50.588,-2.145,41.019
[SHELL] ccB:413,23207,1,-40.597,25.708,14.889,4.943,51.419,95.057,6.156,68.163,93.844
[SHELL] ccA:414,3834027377,1341054,-5.057,37.152,0.000,35.000,1.59137,1.76260,24.13,-13.551,22.572,-13.551,22.572,-13.652,4.487,1.00000,50.588,-15.829,29.694
[SHELL] ccB:414,2147515435,1,-29.362,0.446,28.916,5.910,33.813,94.090,4.943,51.419,95.057
[SHELL] ccA:415,3834137373,1341055,-3.947,35.153,0.000,35.000,1.81319,1.98446,24.15,-13.571,22.612,-13.571,22.612,-13.650,4.487,1.00000,50.588,18.013,40.204
[SHELL] ccB:415,23211,1,-43.352,28.463,14.889,8.975,17.359,91.025,5.910,33.813,94.090
[SHELL] ccA:416,3834247269,1341056,-1.560,34.458,0.000,35.000,2.02137,2.19260,23.99,-13.618,22.626,-13.618,22.626,-13.649,4.487,1.00000,50.588,-26.438,27.732
[SHELL] ccB:416,2147515489,1,-13.451,-24.344,37.795,18.989,8.488,91.512,8.975,17.359,91.025
[SHELL] ccA:417,3834357289,1341057,-10.147,32.313,0.000,35.000,2.24672,2.41799,24.05,-13.441,22.670,-13.441,22.670,-13.644,4.489,1.00000,50.588,-5.723,33.585
[SHELL] ccB:417,23169,1,-22.621,-10.753,33.374,35.362,5.680,94.320,18.989,8.488,91.512
[SHELL] ccA:418,3834467717,1341058,-9.443,33.782,0.000,35.000,2.46750,2.63871,24.06,-13.450,22.641,-13.450,22.641,-13.639,4.489,1.00000,50.588,0.111,40.224
[SHELL] ccB:418,2147515265,1,-25.194,-14.559,39.752,52.589,4.941,95.059,35.362,5.680,94.320
[SHELL] ccA:419,3834576757,1341059,-5.684,35.626,0.000,35.000,2.68327,2.85446,23.66,-13.523,22.604,-13.523,22.604,-13.637,4.489,1.00000,50.588,-17.234,28.469
[SHELL] ccB:419,22903,1,2.859,-30.143,27.285,69.474,6.331,93.669,52.589,4.941,95.059
[SHELL] ccA:420,3834686661,1341060,-3.598,34.217,0.000,35.000,2.91050,3.08174,23.49,-13.563,22.633,-13.563,22.633,-13.635,4.489,1.00000,50.148,19.965,39.705
[SHELL] ccB:420,2147515793,1,-28.528,-15.247,43.776,86.447,9.583,90.417,69.474,6.331,93.669
[SHELL] ccA:421,3834796649,1341061,0.777,33.896,0.000,35.000,3.13560,3.30685,23.48,-13.651,22.640,-13.651,22.640,-13.635,4.490,1.00000,50.148,-19.589,27.703
[SHELL] ccB:421,22849,1,19.422,-33.804,14.382,93.051,6.949,76.322,86.447,9.583,90.417
[SHELL] ccA:422,3834906661,1341062,-4.904,32.200,0.000,35.000,3.35189,3.52313,23.50,-13.535,22.675,-13.535,22.675,-13.633,4.491,1.00000,50.148,-0.402,33.689
[SHELL] ccB:422,2147515793,1,7.426,-32.173,24.748,95.234,4.766,60.046,93.051,6.949,76.322
[SHELL] ccA:423,3835016637,1341063,-2.128,34.000,0.000,35.000,3.57692,3.74814,23.39,-13.589,22.640,-13.589,22.640,-13.632,4.492,1.00000,50.148,11.881,40.918
[SHELL] ccB:423,22843,1,6.483,-39.712,33.229,95.372,4.628,42.120,95.234,4.766,60.046
[SHELL] ccA:424,3835126733,1341064,1.075,35.730,0.000,35.000,3.79451,3.96571,23.52,-13.654,22.605,-13.654,22.605,-13.632,4.491,1.00000,50.148,-19.060,27.394
[SHELL] ccB:424,2147515757,1,31.781,-24.707,-7.075,93.286,6.714,25.130,95.372,4.628,42.120
[SHELL] ccA:425,3835236669,1341065,-2.750,33.221,0.000,35.000,4.01255,4.18378,23.44,-13.576,22.656,-13.576,22.656,-13.631,4.492,1.00000,50.148,15.239,37.180
[SHELL] ccB:425,22859,1,18.625,-40.147,21.522,89.755,11.270,10.245,93.286,6.714,25.130
[SHELL] ccA:426,3835346709,1341066,-2.809,33.248,0.000,35.000,4.23384,4.40508,23.57,-13.573,22.656,-13.573,22.656,-13.629,4.493,1.00000,50.148,-22.653,31.238
[SHELL] ccB:426,2147515769,1,38.160,-14.124,-24.037,93.690,27.323,6.310,89.755,11.270,10.245
[SHELL] ccA:427,3835456641,1341067,-8.645,34.411,0.000,35.000,4.45227,4.62351,23.43,-13.452,22.633,-13.452,22.633,-13.625,4.493,1.00000,50.148,-4.513,37.988
[SHELL] ccB:427,22845,1,37.870,-23.620,-14.251,95.337,44.003,4.663,93.690,27.323,6.310
[SHELL] ccA:428,3835566677,1341068,-4.686,38.146,0.000,35.000,4.67324,4.84451,23.53,-13.529,22.557,-13.529,22.557,-13.623,4.492,1.00000,50.148,12.934,45.370
[SHELL] ccB:428,2147515785,1,44.829,-35.145,-9.684,94.922,61.662,5.078,95.337,44.003,4.663
[SHELL] ccA:429,3835676629,1341069,0.561,38.789,0.000,35.000,4.88940,5.06065,23.44,-13.634,22.542,-13.634,22.542,-13.623,4.490,1.00000,50.148,-19.113,26.427
[SHELL] ccB:429,22839,1,22.648,9.000,-31.648,92.439,78.395,7.561,94.922,61.662,5.078
[SHELL] ccA:430,3835786681,1341070,-1.993,33.536,0.000,35.000,5.11205,5.28331,23.50,-13.582,22.648,-13.582,22.648,-13.622,4.491,1.00000,50.148,17.319,35.920
[SHELL] ccB:430,2147515783,1,39.828,-21.626,-18.201,85.045,90.872,9.128,92.439,78.395,7.561
[SHELL] ccA:431,3835896697,1341071,-0.645,31.452,0.000,35.000,5.33512,5.50636,23.54,-13.609,22.691,-13.609,22.691,-13.622,4.492,1.00000,50.148,-18.106,27.541
[SHELL] ccB:431,22873,1,11.811,20.743,-32.554,68.551,94.421,5.579,85.045,90.872,9.128
[SHELL] ccA:432,3836006633,1341072,-6.381,30.894,0.000,35.000,5.55342,5.72466,23.42,-13.491,22.704,-13.491,22.704,-13.618,4.494,1.00000,50.148,-6.630,32.575
[SHELL] ccB:432,2147515807,1,16.777,16.466,-33.243,51.768,95.597,4.403,68.551,94.421,5.579
[SHELL] ccA:433,3836116705,1341073,-3.692,33.297,0.000,35.000,5.76814,5.93938,23.55,-13.543,22.657,-13.543,22.657,-13.617,4.495,1.00000,50.148,16.597,40.496
[SHELL] ccB:433,22877,1,34.391,6.245,-40.636,34.706,94.721,5.279,51.768,95.597,4.403
[SHELL] ccA:434,3836226613,1341074,1.240,34.665,0.000,35.000,5.98826,6.15951,23.41,-13.642,22.630,-13.642,22.630,-13.617,4.495,1.00000,50.148,-21.605,25.093
[SHELL] ccB:434,2147515817,1,-13.378,32.921,-19.542,17.857,91.689,8.311,34.706,94.721,5.279
[SHELL] ccA:435,3836336789,1341075,-2.540,31.232,0.000,35.000,6.21656,0.10461,23.50,-13.565,22.701,-13.565,22.701,-13.616,4.497,1.00000,50.148,16.454,34.244
[SHELL] ccB:435,22919,1,18.697,19.293,-37.991,8.007,91.993,18.909,17.857,91.689,8.311
[SHELL] ccA:436,3836446837,1341076,-0.397,30.962,0.000,35.000,0.14830,0.31952,23.68,-13.608,22.708,-13.608,22.708,-13.616,4.499,1.00000,50.148,-12.890,30.266
[SHELL] ccB:436,2147515705,1,-17.220,32.885,-15.664,5.086,94.914,35.215,8.007,91.993,18.909
[SHELL] ccA:437,3836556701,1341077,-3.954,31.716,0.000,35.000,0.36866,0.53990,23.51,-13.535,22.695,-13.535,22.695,-13.614,4.501,1.00000,50.148,-6.492,32.086
[SHELL] ccB:437,22875,1,-17.619,32.703,-15.084,4.388,95.612,52.407,5.086,94.914,35.215
[SHELL] ccA:438,3836666893,1341078,-1.412,34.698,0.000,35.000,0.58623,0.75747,23.46,-13.585,22.635,-13.585,22.635,-13.613,4.501,1.00000,50.148,20.227,44.355
[SHELL] ccB:438,2147515677,1,-7.688,45.534,-37.846,5.837,94.163,69.598,4.388,95.612,52.407
[SHELL] ccA:439,3836777173,1341079,3.263,37.054,0.000,35.000,0.80406,0.97533,23.90,-13.680,22.587,-13.680,22.587,-13.615,4.500,1.00000,50.148,-20.910,27.421
[SHELL] ccB:439,23111,1,-34.255,20.562,13.693,9.398,90.602,85.962,5.837,94.163,69.598
[SHELL] ccA:440,3836887157,1341080,-1.476,33.884,0.000,35.000,1.02482,1.19607,23.93,-13.584,22.651,-13.584,22.651,-13.614,4.501,1.00000,50.148,15.689,36.340
[SHELL] ccB:440,2147515545,1,-22.910,39.408,-16.498,7.281,77.691,92.719,9.398,90.602,85.962
[SHELL] ccA:441,3836997105,1341081,0.788,33.749,0.000,35.000,1.24801,1.41925,23.84,-13.630,22.654,-13.630,22.654,-13.614,4.501,1.00000,50.148,-7.314,34.897
[SHELL] ccB:441,23077,1,-35.415,21.287,14.128,4.748,60.526,95.252,7.281,77.691,92.719
[SHELL] ccA:442,3837107149,1341082,-0.874,34.706,0.000,35.000,1.46623,1.63747,23.95,-13.596,22.635,-13.596,22.635,-13.614,4.501,1.00000,50.148,-4.556,32.689
[SHELL] ccB:442,2147515549,1,-32.986,15.524,17.462,4.561,43.374,95.439,4.748,60.526,95.252
[SHELL] ccA:443,3837217189,1341083,2.442,35.391,0.000,35.000,1.67995,1.85121,23.93,-13.664,22.621,-13.664,22.621,-13.615,4.501,1.00000,50.148,26.197,41.287
[SHELL] ccB:443,23119,1,-43.896,40.604,3.291,6.401,26.625,93.599,4.561,43.374,95.439
[SHELL] ccA:444,3837327201,1341084,7.499,34.975,0.000,35.000,1.90135,2.07259,24.01,-13.769,22.630,-13.769,22.630,-13.619,4.501,1.00000,50.148,-17.840,24.634
[SHELL] ccB:444,2147515523,1,-17.510,-12.783,30.293,10.466,10.356,89.644,6.401,26.625,93.599
[SHELL] ccA:445,3837437173,1341085,0.860,30.719,0.000,35.000,2.12366,2.29493,23.94,-13.637,22.717,-13.637,22.717,-13.619,4.503,1.00000,50.148,12.923,32.320
[SHELL] ccB:445,23111,1,-34.291,11.972,22.319,26.123,6.370,93.630,10.466,10.356,89.644
[SHELL] ccA:446,3837547169,1341086,1.676,30.738,0.000,35.000,2.34659,2.51784,23.97,-13.654,22.719,-13.654,22.719,-13.620,4.506,1.00000,49.708,-1.304,33.677
[SHELL] ccB:446,2147515539,1,-23.128,-9.666,32.794,43.401,3.978,96.022,26.123,6.370,93.630
[SHELL] ccA:447,3837657121,1341087,1.376,32.356,0.000,35.000,2.56380,2.73505,23.90,-13.648,22.688,-13.648,22.688,-13.621,4.507,1.00000,50.148,-4.811,29.750
[SHELL] ccB:447,23085,1,-12.219,-17.748,29.967,60.661,4.693,95.307,43.401,3.978,96.022
[SHELL] ccA:448,3837767097,1341088,5.158,34.150,0.000,35.000,2.78139,2.95265,23.87,-13.727,22.652,-13.727,22.652,-13.623,4.507,1.00000,50.148,31.558,43.425
[SHELL] ccB:448,2147515575,1,-44.838,-3.142,47.980,77.602,7.125,92.875,60.661,4.693,95.307
[SHELL] ccA:449,3837877105,1341089,11.287,36.235,0.000,35.000,3.00715,3.17839,23.90,-13.855,22.610,-13.855,22.610,-13.629,4.507,1.00000,50.148,-13.155,28.342
[SHELL] ccB:449,23077,1,9.238,-30.470,21.232,91.021,8.979,85.258,77.602,7.125,92.875
[SHELL] ccA:450,3837987125,1341090,5.378,33.621,0.000,35.000,3.22616,3.39740,23.90,-13.739,22.663,-13.739,22.663,-13.632,4.507,1.00000,50.148,16.267,34.374
[SHELL] ccB:450,2147515561,1,-13.306,-24.200,37.505,94.386,5.614,69.335,91.021,8.979,85.258
[SHELL] ccA:451,3838097109,1341091,7.017,33.875,0.000,35.000,3.44044,3.61168,23.89,-13.776,22.658,-13.776,22.658,-13.635,4.508,1.00000,50.148,8.690,38.410
[SHELL] ccB:451,23079,1,3.004,-35.508,32.504,95.772,4.228,52.446,94.386,5.614,69.335
[SHELL] ccA:452,3838207089,1341092,6.867,35.040,0.000,35.000,3.66787,3.83914,23.83,-13.776,22.635,-13.776,22.635,-13.639,4.508,1.00000,50.148,-6.181,28.964
[SHELL] ccB:452,2147515579,1,19.894,-28.947,9.054,94.874,5.126,34.480,95.772,4.228,52.446
[SHELL] ccA:453,3838317069,1341093,6.664,34.184,0.000,35.000,3.88748,4.05872,23.87,-13.775,22.653,-13.775,22.653,-13.642,4.508,1.00000,50.148,30.326,40.399
[SHELL] ccB:453,23059,1,5.142,-46.091,40.949,91.875,8.125,17.932,94.874,5.126,34.480
[SHELL] ccA:454,3838427033,1341094,10.278,34.565,0.000,35.000,4.11825,4.28949,23.78,-13.853,22.645,-13.853,22.645,-13.647,4.509,1.00000,50.148,-13.357,28.500
[SHELL] ccB:454,2147515607,1,31.093,-19.778,-11.315,92.270,19.262,7.730,91.875,8.125,17.932
[SHELL] ccA:455,3838537061,1341095,3.700,32.889,0.000,35.000,4.33424,4.50550,23.84,-13.723,22.680,-13.723,22.680,-13.649,4.510,1.00000,50.148,11.187,34.157
[SHELL] ccB:455,23055,1,27.613,-33.732,6.118,94.986,35.310,5.014,92.270,19.262,7.730
[SHELL] ccA:456,3838647073,1341096,4.246,34.617,0.000,35.000,4.55319,4.72444,23.87,-13.736,22.645,-13.736,22.645,-13.651,4.510,1.00000,49.708,7.967,41.654
[SHELL] ccB:456,2147515587,1,39.864,-32.463,-7.401,96.118,52.692,3.882,94.986,35.310,5.014
[SHELL] ccA:457,3838757029,1341097,3.684,35.943,0.000,35.000,4.77020,4.94144,23.78,-13.727,22.618,-13.727,22.618,-13.653,4.509,1.00000,49.708,-12.385,26.307
[SHELL] ccB:457,23039,1,25.548,-0.750,-24.798,94.652,69.824,5.348,96.118,52.692,3.882
[SHELL] ccA:458,3838867025,1341098,1.641,33.526,0.000,35.000,4.99359,5.16483,23.78,-13.687,22.667,-13.687,22.667,-13.654,4.510,1.00000,50.148,23.367,39.837
[SHELL] ccB:458,2147515611,1,44.757,-32.246,-12.511,90.727,86.015,9.273,94.652,69.824,5.348
[SHELL] ccA:459,3838977025,1341099,3.832,33.427,0.000,35.000,5.21583,5.38707,23.77,-13.732,22.670,-13.732,22.670,-13.656,4.511,1.00000,50.148,-19.022,27.727
[SHELL] ccB:459,23037,1,15.109,18.459,-33.569,77.295,92.974,7.026,90.727,86.015,9.273
[SHELL] ccA:460,3839087077,1341100,-2.907,32.706,0.000,35.000,5.43706,5.60830,23.89,-13.596,22.686,-13.596,22.686,-13.654,4.512,1.00000,50.148,3.051,35.535
[SHELL] ccB:460,2147515585,1,28.628,4.107,-32.735,60.644,95.259,4.741,77.295,92.974,7.026
[SHELL] ccA:461,3839197021,1341101,0.235,35.927,0.000,35.000,5.65848,5.82974,23.78,-13.659,22.621,-13.659,22.621,-13.654,4.512,1.00000,50.148,13.859,44.910
[SHELL] ccB:461,23035,1,37.508,5.774,-43.282,42.913,95.451,4.549,60.644,95.259,4.741
[SHELL] ccA:462,3839307125,1341102,4.616,38.407,0.000,35.000,5.87636,6.04763,23.87,-13.749,22.570,-13.749,22.570,-13.657,4.510,1.00000,50.148,-12.305,28.272
[SHELL] ccB:462,2147515561,1,-0.113,26.759,-26.646,25.766,93.442,6.558,42.913,95.451,4.549
[SHELL] ccA:463,3839417025,1341103,4.173,34.920,0.000,35.000,6.10079,6.27204,23.78,-13.742,22.639,-13.742,22.639,-13.659,4.510,1.00000,50.148,27.442,38.224
[SHELL] ccB:463,23037,1,33.920,11.283,-45.203,10.147,89.853,11.135,25.766,93.442,6.558
[SHELL] ccA:464,3839527017,1341104,7.585,33.446,0.000,35.000,0.03194,0.20318,23.89,-13.814,22.670,-13.814,22.670,-13.663,4.511,1.00000,49.708,-12.239,29.063
[SHELL] ccB:464,2147515615,1,-13.161,31.399,-18.238,5.770,94.230,26.576,10.147,89.853,11.135
[SHELL] ccA:465,3839636809,1341105,1.151,32.315,0.000,35.000,0.25825,0.42951,23.61,-13.686,22.694,-13.686,22.694,-13.663,4.512,1.00000,49.708,1.641,32.908
[SHELL] ccB:465,22929,1,-6.818,31.326,-24.508,3.959,96.041,44.008,5.770,94.230,26.576
[SHELL] ccA:466,3839746785,1341106,2.247,34.047,0.000,35.000,0.48405,0.65529,23.59,-13.709,22.659,-13.709,22.659,-13.664,4.512,1.00000,49.708,17.947,41.310
[SHELL] ccB:466,2147515731,1,-3.339,40.568,-37.229,4.392,95.608,62.116,3.959,96.041,44.008
[SHELL] ccA:467,3839857065,1341107,5.243,35.579,0.000,35.000,0.70538,0.87665,23.65,-13.772,22.628,-13.772,22.628,-13.667,4.512,1.00000,49.708,-16.563,26.788
[SHELL] ccB:467,23057,1,-29.978,23.352,6.626,7.076,92.924,79.365,4.392,95.608,62.116
[SHELL] ccA:468,3839967193,1341108,1.648,33.133,0.000,35.000,0.92146,1.09270,23.96,-13.701,22.678,-13.701,22.678,-13.668,4.513,1.00000,49.708,21.771,37.647
[SHELL] ccB:468,2147515527,1,-16.821,43.142,-26.320,8.601,85.369,91.399,7.076,92.924,79.365
[SHELL] ccA:469,3840077205,1341109,2.878,33.380,0.000,35.000,1.14676,1.31803,23.99,-13.727,22.674,-13.727,22.674,-13.669,4.514,1.00000,49.708,-15.465,31.437
[SHELL] ccB:469,23127,1,-35.016,16.502,18.514,5.058,68.390,94.942,8.601,85.369,91.399
[SHELL] ccA:470,3840187189,1341110,-2.922,33.638,0.000,35.000,1.36292,1.53416,23.90,-13.609,22.670,-13.609,22.670,-13.668,4.515,1.00000,49.708,-2.526,34.031
[SHELL] ccB:470,2147515529,1,-33.820,20.852,12.968,3.942,51.562,96.058,5.058,68.390,94.942
[SHELL] ccA:471,3840297189,1341111,0.057,35.476,0.000,35.000,1.58893,1.76018,23.90,-13.669,22.633,-13.669,22.633,-13.668,4.514,1.00000,49.708,20.746,42.403
[SHELL] ccB:471,23119,1,-42.772,38.684,4.089,4.939,33.438,95.061,3.942,51.562,96.058
[SHELL] ccA:472,3840407185,1341112,5.249,36.771,0.000,35.000,1.80491,1.97613,23.91,-13.775,22.606,-13.775,22.606,-13.670,4.513,1.00000,49.268,-17.970,28.248
[SHELL] ccB:472,2147515531,1,-23.309,-9.158,32.467,7.684,16.473,92.316,4.939,33.438,95.061
[SHELL] ccA:473,3840517093,1341113,0.445,33.413,0.000,35.000,2.02761,2.19885,23.84,-13.679,22.674,-13.679,22.674,-13.671,4.514,1.00000,49.268,16.975,34.752
[SHELL] ccB:473,23071,1,-38.677,19.257,19.420,18.612,7.125,92.875,7.684,16.473,92.316
[SHELL] ccA:474,3840627133,1341114,1.024,32.477,0.000,35.000,2.25397,2.42522,23.98,-13.692,22.694,-13.692,22.694,-13.671,4.516,1.00000,49.268,-11.883,32.156
[SHELL] ccB:474,2147515557,1,-17.438,-16.842,34.280,36.068,4.111,95.889,18.612,7.125,92.875
[SHELL] ccA:475,3840737101,1341115,-2.804,33.384,0.000,35.000,2.47138,2.64262,23.89,-13.614,22.677,-13.614,22.677,-13.670,4.516,1.00000,49.268,-4.426,34.474
[SHELL] ccB:475,23075,1,-17.945,-16.806,34.751,53.357,3.549,96.451,36.068,4.111,95.889
[SHELL] ccA:476,3840847097,1341116,1.379,36.936,0.000,35.000,2.69023,2.86147,23.89,-13.698,22.605,-13.698,22.605,-13.670,4.515,1.00000,49.708,26.252,46.642
[SHELL] ccB:476,2147515575,1,-43.968,-4.447,48.415,70.865,5.555,94.445,53.357,3.549,96.451
[SHELL] ccA:477,3840957101,1341117,7.916,39.477,0.000,35.000,2.91225,3.08352,23.91,-13.833,22.551,-13.833,22.551,-13.674,4.513,1.00000,49.708,-16.413,30.151
[SHELL] ccB:477,23075,1,9.129,-33.224,24.095,87.722,9.378,90.622,70.865,5.555,94.445
[SHELL] ccA:478,3841067089,1341118,3.341,36.206,0.000,35.000,3.14922,3.32046,23.88,-13.743,22.616,-13.743,22.616,-13.676,4.513,1.00000,49.708,19.938,37.881
[SHELL] ccB:478,2147515579,1,-19.649,-23.112,42.761,93.733,6.267,75.296,87.722,9.378,90.622
[SHELL] ccA:479,3841177085,1341119,5.330,35.345,0.000,35.000,3.36226,3.53351,23.78,-13.785,22.633,-13.785,22.633,-13.679,4.512,1.00000,49.708,-2.142,35.469
[SHELL] ccB:479,23067,1,9.854,-34.493,24.639,95.901,4.099,58.638,93.733,6.267,75.296
[SHELL] ccA:480,3841287181,1341120,1.902,34.623,0.000,35.000,3.58663,3.75789,23.95,-13.718,22.648,-13.718,22.648,-13.680,4.513,1.00000,49.708,-8.047,29.676
[SHELL] ccB:480,2147515533,1,20.038,-30.216,10.177,95.834,4.166,40.935,95.901,4.099,58.638
[SHELL] ccA:481,3841397173,1341121,1.007,33.591,0.000,35.000,3.80662,3.97786,23.87,-13.700,22.669,-13.700,22.669,-13.680,4.513,1.00000,49.708,22.263,39.542
[SHELL] ccB:481,23111,1,6.882,-42.285,35.403,93.617,6.383,23.896,95.834,4.166,40.935
[SHELL] ccA:482,3841507129,1341122,3.271,33.886,0.000,35.000,4.02010,4.19136,23.90,-13.747,22.664,-13.747,22.664,-13.682,4.514,1.00000,49.708,-23.393,26.785
[SHELL] ccB:482,2147515559,1,35.551,-16.987,-18.564,90.542,11.693,9.458,93.617,6.383,23.896
[SHELL] ccA:483,3841617161,1341123,-4.749,31.339,0.000,35.000,4.25891,4.43088,23.96,-13.584,22.791,-13.584,22.791,-13.679,4.516,1.00000,49.708,5.527,32.243
[SHELL] ccB:483,23105,1,26.562,-29.817,3.255,94.581,28.828,5.419,90.542,11.693,9.458
[SHELL] ccA:484,3841727101,1341124,-3.807,31.771,0.000,35.000,4.46720,4.63914,23.84,-13.601,22.784,-13.601,22.784,-13.677,4.517,1.00000,49.708,-2.889,35.812
[SHELL] ccB:484,2147515573,1,35.442,-22.822,-12.620,96.151,45.305,3.849,94.581,28.828,5.419
[SHELL] ccA:485,3841837157,1341125,-3.713,33.111,0.000,35.000,4.68596,4.85791,23.94,-13.601,22.758,-13.601,22.758,-13.676,4.518,1.00000,49.268,-14.603,28.579
[SHELL] ccB:485,23103,1,28.954,-2.489,-26.465,96.005,62.908,3.995,96.151,45.305,3.849
[SHELL] ccA:486,3841947089,1341126,-3.005,33.411,0.000,35.000,4.90929,5.08123,23.83,-13.614,22.753,-13.614,22.753,-13.674,4.519,1.00000,49.268,20.073,40.673
[SHELL] ccB:486,2147515579,1,43.814,-32.064,-11.750,93.206,80.276,6.794,96.005,62.908,3.995
[SHELL] ccA:487,3842057165,1341127,0.154,33.876,0.000,35.000,5.13133,5.30328,23.95,-13.677,22.744,-13.677,22.744,-13.674,4.520,1.00000,49.268,-24.929,25.577
[SHELL] ccB:487,23107,1,13.225,22.120,-35.345,84.308,92.238,7.762,93.206,80.276,6.794
[SHELL] ccA:488,3842167085,1341128,-6.800,30.897,0.000,35.000,5.34933,5.52127,23.84,-13.535,22.806,-13.535,22.806,-13.671,4.522,1.00000,49.268,2.582,31.762
[SHELL] ccB:488,2147515581,1,27.070,1.026,-28.096,68.117,95.428,4.572,84.308,92.238,7.762
[SHELL] ccA:489,3842277101,1341129,-4.583,32.399,0.000,35.000,5.56752,5.73946,23.84,-13.577,22.777,-13.577,22.777,-13.669,4.523,1.00000,49.268,1.432,40.494
[SHELL] ccB:489,23075,1,27.650,11.827,-39.477,50.500,96.610,3.390,68.117,95.428,4.572
[SHELL] ccA:490,3842387093,1341130,-1.640,35.291,0.000,35.000,5.79641,5.96838,23.86,-13.635,22.719,-13.635,22.719,-13.668,4.523,1.00000,49.268,-12.008,28.412
[SHELL] ccB:490,2147515577,1,2.678,25.273,-27.951,31.945,95.394,4.606,50.500,96.610,3.390
[SHELL] ccA:491,3842497157,1341131,1.511,35.147,0.000,35.000,6.01613,6.18808,23.97,-13.699,22.722,-13.699,22.722,-13.668,4.523,1.00000,49.268,28.626,43.270
[SHELL] ccB:491,23103,1,39.030,10.087,-49.117,15.052,92.047,7.953,31.945,95.394,4.606
[SHELL] ccA:492,3842607065,1341132,6.697,35.761,0.000,35.000,6.23355,0.12230,23.84,-13.806,22.710,-13.806,22.710,-13.672,4.522,1.00000,49.268,-18.455,28.090
[SHELL] ccB:492,2147515591,1,-17.039,33.609,-16.570,6.593,93.407,20.087,15.052,92.047,7.953
[SHELL] ccA:493,3842716937,1341133,-1.285,33.426,0.000,35.000,0.16447,0.33640,23.72,-13.645,22.757,-13.645,22.757,-13.671,4.523,1.00000,49.268,3.146,34.255
[SHELL] ccB:493,22993,1,-2.505,30.964,-28.458,4.036,95.964,36.280,6.593,93.407,20.087
[SHELL] ccA:494,3842826889,1341134,-0.217,35.413,0.000,35.000,0.39615,0.56809,23.72,-13.667,22.717,-13.667,22.717,-13.671,4.523,1.00000,49.268,11.296,45.051
[SHELL] ccB:494,2147515679,1,-6.963,43.250,-36.287,3.490,96.510,55.041,4.036,95.964,36.280
[SHELL] ccA:495,3842937125,1341135,2.993,38.440,0.000,35.000,0.61249,0.78441,23.71,-13.732,22.655,-13.732,22.655,-13.673,4.521,1.00000,49.268,-13.764,29.402
[SHELL] ccB:495,23087,1,-28.166,28.064,0.102,5.274,94.726,72.457,3.490,96.510,55.041
[SHELL] ccA:496,3843047401,1341136,2.531,36.296,0.000,35.000,0.82655,0.99849,24.13,-13.724,22.697,-13.724,22.697,-13.674,4.521,1.00000,49.268,26.359,41.328
[SHELL] ccB:496,2147515423,1,-12.545,47.310,-34.765,8.976,91.024,88.371,5.274,94.726,72.457
[SHELL] ccA:497,3843157253,1341137,5.107,35.565,0.000,35.000,1.05156,1.22350,23.98,-13.778,22.711,-13.778,22.711,-13.676,4.520,1.00000,49.268,-18.527,30.202
[SHELL] ccB:497,23151,1,-35.415,16.756,18.659,5.759,75.869,94.241,8.976,91.024,88.371
[SHELL] ccA:498,3843267289,1341138,-2.213,34.449,0.000,35.000,1.26651,1.43849,24.05,-13.631,22.734,-13.631,22.734,-13.675,4.521,1.00000,49.268,1.845,36.066
[SHELL] ccB:498,2147515479,1,-33.856,27.810,6.046,3.718,59.324,96.282,5.759,75.869,94.241
[SHELL] ccA:499,3843377325,1341139,-0.084,35.996,0.000,35.000,1.49408,1.66599,24.09,-13.674,22.703,-13.674,22.703,-13.675,4.520,1.00000,49.268,14.501,41.650
[SHELL] ccB:499,23187,1,-40.416,35.494,4.922,3.715,40.846,96.285,3.718,59.324,96.282
[SHELL] ccA:500,3843487281,1341140,4.033,36.295,0.000,35.000,1.71166,1.88362,24.05,-13.758,22.696,-13.758,22.696,-13.677,4.519,1.00000,49.268,-14.716,25.812
[SHELL] ccB:500,2147515483,1,-23.490,-4.012,27.502,5.929,23.497,94.071,3.715,40.846,96.285
[SHELL] ccA:501,3843597277,1341141,1.684,31.976,0.000,35.000,1.93686,2.10882,24.06,-13.712,22.784,-13.596,22.591,-13.677,4.520,0.99156,48.828,21.668,34.629
[SHELL] ccB:501,23163,1,-40.090,26.832,13.258,11.806,8.760,91.240,5.929,23.497,94.071
[SHELL] ccA:502,3843707277,1341142,2.786,30.112,0.000,35.000,2.15505,2.32700,24.05,-13.735,22.823,-13.596,22.592,-13.678,4.521,0.98988,48.828,-17.474,25.378
[SHELL] ccB:502,2147515485,1,-11.530,-18.980,30.510,28.173,4.965,95.035,11.806,8.760,91.240
[SHELL] ccA:503,3843817181,1341143,-4.259,29.393,0.000,35.000,2.37404,2.54598,23.97,-13.591,22.839,-13.484,22.659,-13.676,4.523,0.99212,48.828,-3.754,32.187
[SHELL] ccB:503,23115,1,-19.649,-12.493,32.141,45.239,3.315,96.685,28.173,4.965,95.035
[SHELL] ccA:504,3843927197,1341144,-2.097,32.626,0.000,35.000,2.59148,2.76343,23.97,-13.633,22.774,-13.542,22.624,-13.674,4.524,0.99339,48.828,16.596,40.750
[SHELL] ccB:504,2147515525,1,-35.451,-4.845,40.296,63.002,3.841,96.159,45.239,3.315,96.685
[SHELL] ccA:505,3844037133,1341145,3.072,34.476,0.000,35.000,2.81132,2.98327,23.87,-13.737,22.737,-13.635,22.568,-13.675,4.523,0.99258,48.828,-17.148,24.216
[SHELL] ccB:505,23091,1,8.368,-28.839,20.471,80.432,6.661,93.339,63.002,3.841,96.159
[SHELL] ccA:506,3844147217,1341146,1.254,31.095,0.000,35.000,3.03546,3.20738,24.00,-13.701,22.805,-13.579,22.602,-13.675,4.524,0.99108,48.828,22.717,35.196
[SHELL] ccB:506,2147515515,1,-26.317,-15.066,41.383,92.303,7.697,84.532,80.432,6.661,93.339
[SHELL] ccA:507,3844257133,1341147,4.252,30.742,0.000,35.000,3.25525,3.42722,23.87,-13.762,22.814,-13.620,22.577,-13.676,4.525,0.98964,48.828,-11.277,28.361
[SHELL] ccB:507,23091,1,14.421,-30.506,16.085,95.651,4.349,67.580,92.303,7.697,84.532
[SHELL] ccA:508,3844367193,1341148,-0.231,30.834,0.000,35.000,3.47364,3.64558,23.96,-13.672,22.813,-13.554,22.617,-13.676,4.526,0.99140,48.828,-1.085,31.418
[SHELL] ccB:508,2147515527,1,11.267,-31.050,19.782,96.765,3.235,50.267,95.651,4.349,67.580
[SHELL] ccA:509,3844477161,1341149,2.466,33.138,0.000,35.000,3.69833,3.87028,23.87,-13.726,22.767,-13.614,22.581,-13.676,4.526,0.99183,48.828,23.311,41.354
[SHELL] ccB:509,23105,1,2.062,-42.104,40.042,95.597,4.403,32.004,96.765,3.235,50.267
[SHELL] ccA:510,3844587185,1341150,7.554,34.700,0.000,35.000,3.91400,4.08594,24.00,-13.831,22.735,-13.704,22.526,-13.680,4.525,0.99082,48.828,-15.323,24.673
[SHELL] ccB:510,2147515531,1,28.193,-20.140,-8.053,92.237,7.763,15.227,95.597,4.403,32.004
[SHELL] ccA:511,3844697177,1341151,3.367,30.963,0.000,35.000,4.13778,4.30973,23.85,-13.749,22.810,-13.611,22.582,-13.681,4.526,0.99001,48.828,20.801,33.152
[SHELL] ccB:511,23113,1,16.523,-38.987,22.464,93.363,19.668,6.637,92.237,7.763,15.227
