[SHELL] ccA:index,cycles,seq,id,iq,idref,iqref,theta,actangle,age_us,vdreq,vqreq,vd,vq,intd,intq,scale,bus,raw_id,raw_iq
[SHELL] ccB:index,timer,valid,ia,ib,ic,du,dv,dw,active_u,active_v,active_w
[SHELL] ccA:0,4219938237,202868,-0.266,-0.061,0.000,0.000,5.88939,5.88939,23.98,0.035,0.366,0.035,0.366,0.029,0.364,1.00000,49.268,0.228,0.197
[SHELL] ccB:0,23097,1,0.286,-0.061,-0.224,50.524,50.570,49.430,50.540,50.580,49.420
[SHELL] ccA:1,4220048277,202869,0.030,0.267,0.000,0.000,5.88956,5.88956,24.05,0.029,0.359,0.029,0.359,0.029,0.364,1.00000,49.268,0.106,0.395
[SHELL] ccB:1,2147515531,1,0.249,0.156,-0.406,50.500,50.563,49.437,50.524,50.570,49.430
[SHELL] ccA:2,4220158281,202870,0.023,0.287,0.000,0.000,5.88504,5.88504,24.06,0.029,0.358,0.029,0.358,0.029,0.364,1.00000,49.268,-0.347,0.160
[SHELL] ccB:2,23119,1,-0.258,0.374,-0.116,50.504,50.561,49.439,50.500,50.563,49.437
[SHELL] ccA:3,4220268293,202871,-0.223,0.218,0.000,0.000,5.89193,5.89193,24.06,0.034,0.360,0.034,0.360,0.029,0.364,1.00000,49.268,-0.305,0.157
[SHELL] ccB:3,2147515523,1,-0.222,0.338,-0.116,50.513,50.562,49.438,50.504,50.561,49.439
[SHELL] ccA:4,4220378225,202872,-0.279,0.071,0.000,0.000,5.88222,5.88222,23.97,0.035,0.362,0.035,0.362,0.030,0.364,1.00000,49.268,-0.159,-0.192
[SHELL] ccB:4,23091,1,-0.222,0.011,0.210,50.529,50.563,49.437,50.513,50.562,49.438
[SHELL] ccA:5,4220488269,202873,-0.129,-0.031,0.000,0.000,5.88211,5.88211,24.03,0.032,0.365,0.032,0.365,0.030,0.364,1.00000,49.268,0.109,0.103
[SHELL] ccB:5,2147515535,1,0.141,-0.025,-0.116,50.523,50.568,49.432,50.529,50.563,49.437
[SHELL] ccA:6,4220598249,202874,0.132,0.118,0.000,0.000,5.88506,5.88506,23.96,0.027,0.361,0.027,0.361,0.030,0.364,1.00000,49.708,0.471,0.459
[SHELL] ccB:6,23103,1,0.612,-0.097,-0.514,50.498,50.562,49.438,50.523,50.568,49.432
[SHELL] ccA:7,4220708241,202875,0.236,0.361,0.000,0.000,5.88332,5.88332,23.97,0.025,0.356,0.025,0.356,0.029,0.364,1.00000,49.708,-0.104,0.422
[SHELL] ccB:7,2147515549,1,0.068,0.338,-0.406,50.487,50.555,49.445,50.498,50.562,49.438
[SHELL] ccA:8,4220818285,202876,0.055,0.347,0.000,0.000,5.88212,5.88212,24.06,0.028,0.357,0.028,0.357,0.029,0.364,1.00000,49.268,-0.041,0.085
[SHELL] ccB:8,23121,1,-0.004,0.084,-0.080,50.503,50.558,49.442,50.487,50.555,49.445
[SHELL] ccA:9,4220928277,202877,-0.086,0.191,0.000,0.000,5.88081,5.88081,24.07,0.031,0.360,0.031,0.360,0.029,0.363,1.00000,49.268,-0.157,0.172
[SHELL] ccB:9,2147515531,1,-0.077,0.229,-0.152,50.516,50.560,49.440,50.503,50.558,49.442
[SHELL] ccA:10,4221038289,202878,-0.267,0.014,0.000,0.000,5.89357,5.89357,24.07,0.035,0.363,0.035,0.363,0.030,0.363,1.00000,49.268,-0.714,-0.372
[SHELL] ccB:10,23123,1,-0.802,0.338,0.464,50.518,50.567,49.433,50.516,50.560,49.440
[SHELL] ccA:11,4221148281,202879,-0.405,-0.149,0.000,0.000,5.88851,5.88851,24.02,0.038,0.366,0.038,0.366,0.030,0.364,1.00000,49.268,-0.034,-0.025
[SHELL] ccB:11,2147515529,1,-0.041,0.011,0.029,50.535,50.569,49.431,50.518,50.567,49.433
[SHELL] ccA:12,4221258281,202880,-0.154,-0.182,0.000,0.000,5.88448,5.88448,24.07,0.033,0.367,0.033,0.367,0.030,0.364,1.00000,49.268,0.163,-0.306
[SHELL] ccB:12,23119,1,0.032,-0.315,0.283,50.526,50.572,49.428,50.535,50.569,49.431
[SHELL] ccA:13,4221368217,202881,0.031,-0.015,0.000,0.000,5.88720,5.88720,23.97,0.029,0.364,0.029,0.364,0.030,0.364,1.00000,49.268,-0.167,0.577
[SHELL] ccB:13,2147515561,1,0.068,0.483,-0.551,50.509,50.570,49.430,50.526,50.572,49.428
[SHELL] ccA:14,4221478237,202882,-0.073,0.281,0.000,0.000,5.88145,5.88145,23.97,0.031,0.358,0.031,0.358,0.030,0.364,1.00000,49.268,-0.123,0.278
[SHELL] ccB:14,23097,1,-0.004,0.265,-0.261,50.514,50.557,49.443,50.509,50.570,49.430
[SHELL] ccA:15,4221588325,202883,-0.083,0.209,0.000,0.000,5.87907,5.87907,24.10,0.032,0.359,0.032,0.359,0.030,0.363,1.00000,49.268,0.082,-0.295
[SHELL] ccB:15,2147515507,1,-0.041,-0.242,0.283,50.518,50.559,49.441,50.514,50.557,49.443
[SHELL] ccA:16,4221698237,202884,0.071,-0.084,0.000,0.000,5.88546,5.88546,23.97,0.028,0.365,0.028,0.365,0.030,0.363,1.00000,49.268,0.241,-0.023
[SHELL] ccB:16,23097,1,0.213,-0.206,-0.007,50.510,50.572,49.428,50.518,50.559,49.441
[SHELL] ccA:17,4221809069,202885,0.214,-0.404,0.000,0.000,5.88757,5.88756,24.06,0.025,0.372,0.025,0.372,0.030,0.364,1.00000,49.268,0.291,-1.273
[SHELL] ccB:17,2147515135,1,-0.222,-1.003,1.225,50.508,50.586,49.414,50.510,50.572,49.428
[SHELL] ccA:18,4221918233,202886,0.194,-0.593,0.000,0.000,5.88004,5.88004,23.97,0.026,0.376,0.026,0.376,0.030,0.364,1.00000,49.268,-0.049,0.196
[SHELL] ccB:18,23095,1,0.032,0.156,-0.188,50.521,50.590,49.410,50.508,50.586,49.414
[SHELL] ccA:19,4222028281,202887,-0.049,-0.343,0.000,0.000,5.88613,5.88613,24.07,0.031,0.371,0.031,0.371,0.030,0.364,1.00000,49.268,-0.388,-0.492
[SHELL] ccB:19,2147515529,1,-0.548,0.011,0.537,50.523,50.580,49.420,50.521,50.590,49.410
[SHELL] ccA:20,4222138221,202888,-0.075,-0.093,0.000,0.000,5.88090,5.88089,23.96,0.031,0.366,0.031,0.366,0.030,0.364,1.00000,49.268,0.527,0.418
[SHELL] ccB:20,23089,1,0.648,-0.170,-0.478,50.524,50.570,49.430,50.523,50.580,49.420
[SHELL] ccA:21,4222248273,202889,0.104,0.114,0.000,0.000,5.88389,5.88389,24.03,0.028,0.362,0.028,0.362,0.030,0.364,1.00000,49.268,-0.248,0.111
[SHELL] ccB:21,2147515533,1,-0.186,0.265,-0.080,50.506,50.567,49.433,50.524,50.570,49.430
[SHELL] ccA:22,4222358233,202890,0.072,0.400,0.000,0.000,5.88216,5.88216,23.97,0.028,0.356,0.028,0.356,0.030,0.364,1.00000,49.268,0.257,0.961
[SHELL] ccB:22,23095,1,0.612,0.374,-0.986,50.502,50.556,49.444,50.506,50.567,49.433
[SHELL] ccA:23,4222468305,202891,0.054,0.466,0.000,0.000,5.87865,5.87865,24.09,0.029,0.354,0.029,0.354,0.030,0.364,1.00000,49.268,-0.050,-0.169
[SHELL] ccB:23,2147515517,1,-0.113,-0.061,0.174,50.504,50.553,49.447,50.502,50.556,49.444
[SHELL] ccA:24,4222578241,202892,0.154,0.087,0.000,0.000,5.89308,5.89308,23.98,0.026,0.362,0.026,0.362,0.030,0.364,1.00000,49.268,0.461,-0.274
[SHELL] ccB:24,23099,1,0.322,-0.532,0.210,50.493,50.570,49.430,50.504,50.553,49.447
[SHELL] ccA:25,4222688369,202893,0.325,-0.228,0.000,0.000,5.88611,5.88611,24.10,0.023,0.368,0.023,0.368,0.029,0.364,1.00000,49.268,0.430,-0.194
[SHELL] ccB:25,2147515485,1,0.322,-0.460,0.138,50.498,50.581,49.419,50.493,50.570,49.430
[SHELL] ccA:26,4222807105,202894,0.382,-0.106,0.000,0.000,5.87529,5.87529,26.93,0.022,0.366,0.022,0.366,0.029,0.364,1.00000,49.268,0.208,0.238
[SHELL] ccB:26,27531,1,0.286,-0.025,-0.261,50.502,50.575,49.425,50.498,50.581,49.419
[SHELL] ccA:27,4222908233,202895,0.355,0.310,0.000,0.000,5.88200,5.88200,23.96,0.022,0.357,0.022,0.357,0.029,0.364,1.00000,49.268,0.573,0.959
[SHELL] ccB:27,2147515553,1,0.902,0.120,-1.022,50.486,50.563,49.437,50.502,50.575,49.425
[SHELL] ccA:28,4223018237,202896,0.335,0.404,0.000,0.000,5.88672,5.88672,23.98,0.022,0.355,0.022,0.355,0.029,0.363,1.00000,49.268,-0.015,-0.539
[SHELL] ccB:28,23097,1,-0.222,-0.315,0.537,50.480,50.561,49.439,50.486,50.563,49.437
[SHELL] ccA:29,4223128237,202897,0.144,-0.075,0.000,0.000,5.88610,5.88610,23.97,0.026,0.365,0.026,0.365,0.029,0.363,1.00000,49.268,0.031,-0.180
[SHELL] ccB:29,2147515551,1,-0.041,-0.134,0.174,50.502,50.574,49.426,50.480,50.561,49.439
[SHELL] ccA:30,4223238273,202898,0.049,-0.081,0.000,0.000,5.88454,5.88453,24.03,0.028,0.365,0.028,0.365,0.029,0.364,1.00000,49.268,0.147,0.573
[SHELL] ccB:30,23115,1,0.358,0.229,-0.587,50.509,50.572,49.428,50.502,50.574,49.426
[SHELL] ccA:31,4223348265,202899,-0.091,-0.081,0.000,0.000,5.89304,5.89304,23.98,0.031,0.365,0.031,0.365,0.029,0.364,1.00000,49.268,-0.689,-1.290
[SHELL] ccB:31,2147515537,1,-1.128,-0.242,1.370,50.509,50.573,49.427,50.509,50.572,49.428
[SHELL] ccA:32,4223458305,202900,-0.211,-0.384,0.000,0.000,5.88168,5.88167,24.10,0.033,0.371,0.033,0.371,0.029,0.364,1.00000,49.268,0.386,0.471
[SHELL] ccB:32,23131,1,0.539,-0.025,-0.514,50.535,50.578,49.422,50.509,50.573,49.427
[SHELL] ccA:33,4223568289,202901,0.083,-0.075,0.000,0.000,5.88091,5.88091,24.03,0.027,0.365,0.027,0.365,0.029,0.364,1.00000,49.268,0.250,0.050
[SHELL] ccB:33,2147515525,1,0.249,-0.170,-0.080,50.511,50.572,49.428,50.535,50.578,49.422
[SHELL] ccA:34,4223678317,202902,0.101,0.379,0.000,0.000,5.88565,5.88564,24.07,0.027,0.356,0.027,0.356,0.029,0.364,1.00000,49.268,-0.480,0.945
[SHELL] ccB:34,23137,1,-0.077,0.954,-0.877,50.495,50.559,49.441,50.511,50.572,49.428
[SHELL] ccA:35,4223788241,202903,-0.148,0.483,0.000,0.000,5.89290,5.89290,23.97,0.032,0.354,0.032,0.354,0.029,0.363,1.00000,49.268,0.116,-0.009
[SHELL] ccB:35,2147515549,1,0.104,-0.097,-0.007,50.499,50.554,49.446,50.495,50.559,49.441
[SHELL] ccA:36,4223898281,202904,-0.046,0.332,0.000,0.000,5.88494,5.88494,24.05,0.030,0.356,0.030,0.356,0.029,0.363,1.00000,49.268,0.062,0.401
[SHELL] ccB:36,23119,1,0.213,0.193,-0.406,50.504,50.557,49.443,50.499,50.554,49.446
[SHELL] ccA:37,4224008241,202905,0.006,0.162,0.000,0.000,5.88773,5.88773,23.97,0.029,0.360,0.029,0.360,0.029,0.363,1.00000,49.268,-0.218,-0.148
[SHELL] ccB:37,2147515549,1,-0.258,0.084,0.174,50.503,50.564,49.436,50.504,50.557,49.443
[SHELL] ccA:38,4224118265,202906,-0.107,0.058,0.000,0.000,5.89138,5.89137,24.03,0.031,0.362,0.031,0.362,0.029,0.363,1.00000,49.268,-0.056,0.124
[SHELL] ccB:38,23111,1,-0.004,0.120,-0.116,50.508,50.567,49.433,50.503,50.564,49.436
[SHELL] ccA:39,4224228297,202907,-0.037,0.030,0.000,0.000,5.88238,5.88238,24.06,0.030,0.362,0.030,0.362,0.029,0.363,1.00000,49.268,0.183,0.021
[SHELL] ccB:39,2147515521,1,0.177,-0.134,-0.043,50.514,50.566,49.434,50.508,50.567,49.433
[SHELL] ccA:40,4224338237,202908,0.096,-0.124,0.000,0.000,5.88731,5.88731,23.97,0.027,0.365,0.027,0.365,0.029,0.363,1.00000,49.268,0.075,-0.660
[SHELL] ccB:40,23097,1,-0.186,-0.460,0.645,50.505,50.574,49.426,50.514,50.566,49.434
[SHELL] ccA:41,4224448289,202909,0.160,-0.205,0.000,0.000,5.88706,5.88706,24.07,0.026,0.367,0.026,0.367,0.029,0.363,1.00000,49.268,0.305,0.479
[SHELL] ccB:41,2147515525,1,0.467,0.048,-0.514,50.503,50.578,49.422,50.505,50.574,49.426
[SHELL] ccA:42,4224558237,202910,0.051,0.009,0.000,0.000,5.87957,5.87957,23.96,0.028,0.363,0.028,0.363,0.029,0.363,1.00000,49.268,-0.483,-0.263
[SHELL] ccB:42,23097,1,-0.548,0.229,0.319,50.512,50.568,49.432,50.503,50.578,49.422
[SHELL] ccA:43,4224668233,202911,-0.191,-0.116,0.000,0.000,5.88310,5.88309,23.99,0.033,0.366,0.033,0.366,0.029,0.363,1.00000,49.268,-0.103,-0.418
[SHELL] ccB:43,2147515553,1,-0.258,-0.170,0.428,50.525,50.569,49.431,50.512,50.568,49.432
[SHELL] ccA:44,4224778269,202912,-0.206,-0.269,0.000,0.000,5.88479,5.88479,23.97,0.033,0.369,0.033,0.369,0.029,0.363,1.00000,49.268,-0.133,0.024
[SHELL] ccB:44,23113,1,-0.113,0.120,-0.007,50.528,50.575,49.425,50.525,50.569,49.431
[SHELL] ccA:45,4224888273,202913,-0.218,-0.029,0.000,0.000,5.88876,5.88876,23.99,0.033,0.364,0.033,0.364,0.029,0.363,1.00000,49.268,-0.504,0.255
[SHELL] ccB:45,2147515533,1,-0.367,0.555,-0.188,50.520,50.568,49.432,50.528,50.575,49.425
[SHELL] ccA:46,4224998309,202914,-0.313,0.176,0.000,0.000,5.89279,5.89279,24.07,0.036,0.360,0.036,0.360,0.029,0.363,1.00000,49.268,-0.113,0.169
[SHELL] ccB:46,23133,1,-0.041,0.193,-0.152,50.517,50.561,49.439,50.520,50.568,49.432
[SHELL] ccA:47,4225108233,202915,0.012,-0.056,0.000,0.000,5.88070,5.88070,23.97,0.029,0.364,0.029,0.364,0.029,0.363,1.00000,49.268,0.777,-0.818
[SHELL] ccB:47,2147515553,1,0.394,-1.112,0.718,50.516,50.569,49.431,50.517,50.561,49.439
[SHELL] ccA:48,4225218269,202916,0.249,-0.223,0.000,0.000,5.88470,5.88470,24.03,0.024,0.368,0.024,0.368,0.029,0.363,1.00000,49.268,-0.443,0.574
[SHELL] ccB:48,23113,1,-0.186,0.700,-0.514,50.502,50.579,49.421,50.516,50.569,49.431
[SHELL] ccA:49,4225328237,202917,-0.135,0.125,0.000,0.000,5.88336,5.88336,23.97,0.032,0.361,0.032,0.361,0.029,0.363,1.00000,49.268,-0.431,0.170
[SHELL] ccB:49,2147515551,1,-0.331,0.446,-0.116,50.517,50.562,49.438,50.502,50.579,49.421
[SHELL] ccA:50,4225438341,202918,-0.339,0.141,0.000,0.000,5.88387,5.88387,24.09,0.036,0.360,0.036,0.360,0.029,0.363,1.00000,49.268,-0.053,-0.352
[SHELL] ccB:50,23149,1,-0.186,-0.170,0.355,50.528,50.559,49.441,50.517,50.562,49.438
[SHELL] ccA:51,4225548237,202919,-0.039,-0.198,0.000,0.000,5.87900,5.87900,23.97,0.030,0.367,0.030,0.367,0.029,0.363,1.00000,49.268,0.381,-0.258
[SHELL] ccB:51,2147515551,1,0.249,-0.460,0.210,50.524,50.573,49.427,50.528,50.559,49.441
[SHELL] ccA:52,4225658321,202920,0.099,-0.195,0.000,0.000,5.89194,5.89194,24.10,0.027,0.367,0.027,0.367,0.029,0.364,1.00000,49.268,-0.314,0.086
[SHELL] ccB:52,23139,1,-0.258,0.301,-0.043,50.504,50.579,49.421,50.524,50.573,49.427
[SHELL] ccA:53,4225768233,202921,-0.085,-0.273,0.000,0.000,5.88353,5.88353,23.97,0.031,0.369,0.031,0.369,0.029,0.364,1.00000,49.268,-0.092,-1.004
[SHELL] ccB:53,2147515553,1,-0.476,-0.532,1.008,50.524,50.576,49.424,50.504,50.579,49.421
[SHELL] ccA:54,4225878325,202922,-0.170,-0.327,0.000,0.000,5.88720,5.88719,24.06,0.033,0.370,0.033,0.370,0.029,0.364,1.00000,49.268,-0.183,0.615
[SHELL] ccB:54,23141,1,0.068,0.519,-0.587,50.527,50.578,49.422,50.524,50.576,49.424
[SHELL] ccA:55,4225988249,202923,0.263,-0.401,0.000,0.000,5.88578,5.88578,23.96,0.024,0.372,0.024,0.372,0.029,0.364,1.00000,49.268,1.510,-1.828
[SHELL] ccB:55,2147515545,1,0.684,-2.308,1.624,50.506,50.586,49.414,50.527,50.578,49.422
[SHELL] ccA:56,4226098265,202924,0.613,-0.747,0.000,0.000,5.88250,5.88250,24.03,0.017,0.379,0.017,0.379,0.029,0.364,1.00000,49.268,-0.382,0.054
[SHELL] ccB:56,23111,1,-0.331,0.338,-0.007,50.497,50.602,49.398,50.506,50.586,49.414
[SHELL] ccA:57,4226208269,202925,0.202,-0.494,0.000,0.000,5.88440,5.88440,24.03,0.025,0.374,0.025,0.374,0.029,0.365,1.00000,49.268,0.064,-0.257
[SHELL] ccB:57,2147515535,1,-0.041,-0.206,0.247,50.512,50.590,49.410,50.497,50.602,49.398
[SHELL] ccA:58,4226318237,202926,-0.112,-0.189,0.000,0.000,5.88109,5.88109,23.97,0.031,0.368,0.031,0.368,0.029,0.365,1.00000,49.268,-0.193,-0.298
[SHELL] ccB:58,23097,1,-0.294,-0.025,0.319,50.526,50.575,49.425,50.512,50.590,49.410
[SHELL] ccA:59,4226428285,202927,0.046,0.165,0.000,0.000,5.89090,5.89090,24.06,0.028,0.361,0.028,0.361,0.029,0.365,1.00000,49.268,0.507,1.512
[SHELL] ccB:59,2147515527,1,1.047,0.519,-1.566,50.499,50.568,49.432,50.526,50.575,49.425
[SHELL] ccA:60,4226538305,202928,0.120,0.739,0.000,0.000,5.87920,5.87920,24.06,0.026,0.349,0.026,0.349,0.029,0.364,1.00000,49.268,-0.340,0.230
[SHELL] ccB:60,23131,1,-0.222,0.410,-0.188,50.492,50.546,49.454,50.499,50.568,49.432
[SHELL] ccA:61,4226648281,202929,-0.085,0.427,0.000,0.000,5.88303,5.88303,24.07,0.031,0.355,0.031,0.355,0.029,0.364,1.00000,49.268,-0.168,-0.264
[SHELL] ccB:61,2147515529,1,-0.258,-0.025,0.283,50.508,50.554,49.446,50.492,50.546,49.454
[SHELL] ccA:62,4226758225,202930,-0.166,0.009,0.000,0.000,5.88375,5.88375,23.96,0.032,0.364,0.032,0.364,0.029,0.364,1.00000,49.268,0.011,0.334
[SHELL] ccB:62,23091,1,0.141,0.193,-0.333,50.521,50.567,49.433,50.508,50.554,49.446
[SHELL] ccA:63,4226868237,202931,-0.111,0.113,0.000,0.000,5.88801,5.88801,23.98,0.031,0.362,0.031,0.362,0.029,0.364,1.00000,49.268,-0.299,0.046
[SHELL] ccB:63,2147515551,1,-0.258,0.265,-0.007,50.512,50.566,49.434,50.521,50.567,49.433
[SHELL] ccA:64,4226978233,202932,-0.151,0.209,0.000,0.000,5.88862,5.88861,23.97,0.032,0.360,0.032,0.360,0.029,0.364,1.00000,49.268,-0.019,0.412
[SHELL] ccB:64,23095,1,0.141,0.265,-0.406,50.511,50.562,49.438,50.512,50.566,49.434
[SHELL] ccA:65,4227088241,202933,-0.102,0.303,0.000,0.000,5.87943,5.87943,23.97,0.031,0.358,0.031,0.358,0.029,0.364,1.00000,49.268,-0.073,0.344
[SHELL] ccB:65,2147515549,1,0.068,0.265,-0.333,50.515,50.556,49.444,50.511,50.562,49.438
[SHELL] ccA:66,4227198285,202934,0.034,0.303,0.000,0.000,5.89423,5.89422,24.05,0.029,0.357,0.029,0.357,0.029,0.364,1.00000,49.268,0.302,0.113
[SHELL] ccB:66,23121,1,0.322,-0.170,-0.152,50.493,50.562,49.438,50.515,50.556,49.444
[SHELL] ccA:67,4227308225,202935,0.088,0.104,0.000,0.000,5.89036,5.89036,23.97,0.027,0.361,0.027,0.361,0.029,0.364,1.00000,49.268,-0.177,-0.152
[SHELL] ccB:67,2147515557,1,-0.222,0.048,0.174,50.498,50.568,49.432,50.493,50.562,49.438
[SHELL] ccA:68,4227418289,202936,-0.016,0.027,0.000,0.000,5.88748,5.88748,24.07,0.029,0.363,0.029,0.363,0.029,0.364,1.00000,49.268,-0.013,0.301
[SHELL] ccB:68,23123,1,0.104,0.193,-0.297,50.509,50.569,49.431,50.498,50.568,49.432
[SHELL] ccA:69,4227528233,202937,-0.152,0.163,0.000,0.000,5.88300,5.88300,23.97,0.032,0.360,0.032,0.360,0.029,0.363,1.00000,49.268,-0.406,0.203
[SHELL] ccB:69,2147515553,1,-0.294,0.446,-0.152,50.518,50.561,49.439,50.509,50.569,49.431
[SHELL] ccA:70,4227638289,202938,-0.167,0.128,0.000,0.000,5.88379,5.88379,24.09,0.033,0.361,0.033,0.361,0.029,0.363,1.00000,49.268,0.156,-0.195
[SHELL] ccB:70,23123,1,0.068,-0.242,0.174,50.519,50.562,49.438,50.518,50.561,49.439
[SHELL] ccA:71,4227748233,202939,-0.045,-0.115,0.000,0.000,5.88287,5.88287,23.97,0.030,0.366,0.030,0.366,0.029,0.363,1.00000,49.268,-0.085,-0.275
[SHELL] ccB:71,2147515553,1,-0.186,-0.097,0.283,50.519,50.571,49.429,50.519,50.562,49.438
[SHELL] ccA:72,4227858301,202940,-0.057,-0.132,0.000,0.000,5.88209,5.88208,24.09,0.031,0.366,0.031,0.366,0.029,0.364,1.00000,49.268,-0.214,0.216
[SHELL] ccB:72,23129,1,-0.113,0.301,-0.188,50.521,50.571,49.429,50.519,50.571,49.429
[SHELL] ccA:73,4227968233,202941,-0.213,-0.066,0.000,0.000,5.89038,5.89038,23.98,0.034,0.365,0.034,0.365,0.029,0.364,1.00000,49.268,-0.339,-0.424
[SHELL] ccB:73,2147515553,1,-0.476,0.011,0.464,50.520,50.570,49.430,50.521,50.571,49.429
[SHELL] ccA:74,4228078305,202942,-0.140,0.062,0.000,0.000,5.88621,5.88620,24.08,0.032,0.362,0.032,0.362,0.030,0.364,1.00000,49.268,0.335,0.878
[SHELL] ccB:74,23131,1,0.648,0.265,-0.913,50.517,50.565,49.435,50.520,50.570,49.430
[SHELL] ccA:75,4228188309,202943,0.050,0.266,0.000,0.000,5.88758,5.88757,24.10,0.029,0.358,0.029,0.358,0.030,0.363,1.00000,49.268,-0.128,-0.269
[SHELL] ccB:75,2147515515,1,-0.222,-0.061,0.283,50.500,50.561,49.439,50.517,50.565,49.435
[SHELL] ccA:76,4228298225,202944,0.139,0.172,0.000,0.000,5.88806,5.88806,23.96,0.027,0.360,0.027,0.360,0.029,0.363,1.00000,49.268,0.479,0.347
[SHELL] ccB:76,23091,1,0.576,-0.170,-0.406,50.497,50.566,49.434,50.500,50.561,49.439
[SHELL] ccA:77,4228416853,202945,0.203,0.136,0.000,0.000,5.86515,5.86515,26.93,0.025,0.360,0.025,0.360,0.029,0.363,1.00000,49.268,-0.018,0.118
[SHELL] ccB:77,2147511243,1,0.032,0.084,-0.116,50.516,50.561,49.439,50.497,50.566,49.434
[SHELL] ccA:78,4228518233,202946,-0.024,0.091,0.000,0.000,5.87831,5.87830,23.97,0.030,0.361,0.030,0.361,0.029,0.363,1.00000,49.268,-0.541,-0.220
[SHELL] ccB:78,23095,1,-0.584,0.301,0.283,50.517,50.563,49.437,50.516,50.561,49.439
[SHELL] ccA:79,4228628269,202947,-0.150,-0.077,0.000,0.000,5.88822,5.88822,23.97,0.032,0.365,0.032,0.365,0.029,0.363,1.00000,49.268,0.499,0.016
[SHELL] ccB:79,2147515535,1,0.467,-0.387,-0.080,50.518,50.570,49.430,50.517,50.563,49.437
[SHELL] ccA:80,4228738229,202948,0.085,-0.215,0.000,0.000,5.89029,5.89028,23.97,0.028,0.368,0.028,0.368,0.029,0.363,1.00000,49.268,-0.119,-0.672
[SHELL] ccB:80,23093,1,-0.367,-0.315,0.682,50.506,50.578,49.422,50.518,50.570,49.430
[SHELL] ccA:81,4228848241,202949,0.070,-0.276,0.000,0.000,5.88433,5.88433,23.98,0.028,0.369,0.028,0.369,0.029,0.363,1.00000,49.268,0.019,0.224
[SHELL] ccB:81,2147515549,1,0.104,0.120,-0.224,50.515,50.579,49.421,50.506,50.578,49.422
[SHELL] ccA:82,4228958257,202950,-0.132,-0.049,0.000,0.000,5.88479,5.88479,23.98,0.032,0.365,0.032,0.365,0.029,0.364,1.00000,49.268,-0.449,0.027
[SHELL] ccB:82,23107,1,-0.403,0.374,0.029,50.521,50.569,49.431,50.515,50.579,49.421
[SHELL] ccA:83,4229068221,202951,-0.245,0.056,0.000,0.000,5.88184,5.88184,23.97,0.034,0.362,0.034,0.362,0.030,0.363,1.00000,49.268,-0.100,-0.054
[SHELL] ccB:83,2147515559,1,-0.113,0.048,0.065,50.528,50.563,49.437,50.521,50.569,49.431
[SHELL] ccA:84,4229178277,202952,-0.284,0.033,0.000,0.000,5.88398,5.88398,24.06,0.035,0.363,0.035,0.363,0.030,0.363,1.00000,49.268,-0.488,0.214
[SHELL] ccB:84,23117,1,-0.367,0.519,-0.152,50.529,50.563,49.437,50.528,50.563,49.437
[SHELL] ccA:85,4229288289,202953,-0.316,-0.054,0.000,0.000,5.88007,5.88007,24.07,0.036,0.365,0.036,0.365,0.030,0.364,1.00000,49.268,-0.186,-0.591
[SHELL] ccB:85,2147515525,1,-0.403,-0.206,0.609,50.537,50.565,49.435,50.529,50.563,49.437
[SHELL] ccA:86,4229398273,202954,-0.099,-0.008,0.000,0.000,5.88278,5.88278,24.03,0.032,0.364,0.032,0.364,0.030,0.364,1.00000,49.268,0.465,0.936
[SHELL] ccB:86,23115,1,0.793,0.193,-0.986,50.521,50.567,49.433,50.537,50.565,49.435
[SHELL] ccA:87,4229508229,202955,0.269,0.120,0.000,0.000,5.88445,5.88445,23.98,0.024,0.361,0.024,0.361,0.030,0.363,1.00000,49.268,0.333,-0.802
[SHELL] ccB:87,2147515555,1,-0.004,-0.750,0.754,50.495,50.568,49.432,50.521,50.567,49.433
[SHELL] ccA:88,4229618281,202956,0.177,-0.454,0.000,0.000,5.87954,5.87954,24.06,0.026,0.373,0.026,0.373,0.030,0.364,1.00000,49.268,-0.421,-1.147
[SHELL] ccB:88,23119,1,-0.838,-0.351,1.189,50.519,50.585,49.415,50.495,50.568,49.432
[SHELL] ccA:89,4229728237,202957,-0.135,-0.945,0.000,0.000,5.88022,5.88022,23.97,0.032,0.383,0.032,0.383,0.030,0.364,1.00000,49.268,-0.029,-0.683
[SHELL] ccB:89,2147515551,1,-0.294,-0.387,0.682,50.548,50.597,49.403,50.519,50.585,49.415
[SHELL] ccA:90,4229838237,202958,-0.219,-0.349,0.000,0.000,5.88246,5.88246,23.97,0.034,0.371,0.034,0.371,0.030,0.364,1.00000,49.268,-0.399,1.115
[SHELL] ccB:90,23097,1,0.068,0.990,-1.058,50.537,50.577,49.423,50.548,50.597,49.403
[SHELL] ccA:91,4229948273,202959,-0.258,0.295,0.000,0.000,5.88796,5.88796,24.03,0.035,0.358,0.035,0.358,0.030,0.364,1.00000,49.268,-0.204,-0.369
[SHELL] ccB:91,2147515533,1,-0.331,-0.061,0.392,50.519,50.557,49.443,50.537,50.577,49.423
[SHELL] ccA:92,4230058277,202960,-0.224,0.145,0.000,0.000,5.88168,5.88168,24.06,0.035,0.361,0.035,0.361,0.030,0.364,1.00000,49.268,-0.090,0.201
[SHELL] ccB:92,23117,1,-0.004,0.193,-0.188,50.527,50.561,49.439,50.519,50.557,49.443
[SHELL] ccA:93,4230168281,202961,0.038,0.130,0.000,0.000,5.88369,5.88369,24.06,0.029,0.361,0.029,0.361,0.030,0.364,1.00000,49.268,0.537,0.488
[SHELL] ccB:93,2147515529,1,0.684,-0.134,-0.551,50.510,50.565,49.435,50.527,50.561,49.439
[SHELL] ccA:94,4230278233,202962,0.269,0.329,0.000,0.000,5.89080,5.89080,23.98,0.025,0.357,0.025,0.357,0.030,0.364,1.00000,49.268,0.094,0.141
[SHELL] ccB:94,23095,1,0.141,0.011,-0.152,50.485,50.564,49.436,50.510,50.565,49.435
[SHELL] ccA:95,4230388297,202963,0.305,0.106,0.000,0.000,5.88384,5.88384,24.07,0.024,0.362,0.024,0.362,0.030,0.364,1.00000,49.268,0.496,-0.347
[SHELL] ccB:95,2147515521,1,0.322,-0.605,0.283,50.495,50.570,49.430,50.485,50.564,49.436
[SHELL] ccA:96,4230498229,202964,0.333,-0.217,0.000,0.000,5.88474,5.88474,23.98,0.023,0.368,0.023,0.368,0.030,0.364,1.00000,49.268,0.246,-0.316
[SHELL] ccB:96,23093,1,0.104,-0.387,0.283,50.499,50.581,49.419,50.495,50.570,49.430
[SHELL] ccA:97,4230608289,202965,0.216,-0.312,0.000,0.000,5.87920,5.87920,24.07,0.025,0.370,0.025,0.370,0.030,0.364,1.00000,49.268,-0.126,-0.270
[SHELL] ccB:97,2147515525,1,-0.222,-0.061,0.283,50.514,50.581,49.419,50.499,50.581,49.419
[SHELL] ccA:98,4230718285,202966,0.036,-0.071,0.000,0.000,5.88643,5.88643,24.06,0.029,0.366,0.029,0.366,0.029,0.364,1.00000,49.268,0.148,0.573
[SHELL] ccB:98,23121,1,0.358,0.229,-0.587,50.511,50.573,49.427,50.514,50.581,49.419
[SHELL] ccA:99,4230828217,202967,0.011,0.152,0.000,0.000,5.88105,5.88105,23.97,0.029,0.361,0.029,0.361,0.029,0.364,1.00000,49.268,-0.126,-0.270
[SHELL] ccB:99,2147515561,1,-0.222,-0.061,0.283,50.512,50.564,49.436,50.511,50.573,49.427
[SHELL] ccA:100,4230938233,202968,-0.012,0.091,0.000,0.000,5.88829,5.88829,23.97,0.030,0.362,0.030,0.362,0.029,0.364,1.00000,49.268,0.055,0.329
[SHELL] ccB:100,23095,1,0.177,0.156,-0.333,50.508,50.568,49.432,50.512,50.564,49.436
[SHELL] ccA:101,4231048245,202969,-0.058,0.361,0.000,0.000,5.88448,5.88448,23.98,0.031,0.357,0.031,0.357,0.030,0.364,1.00000,49.268,-0.214,1.057
[SHELL] ccB:101,2147515547,1,0.213,0.809,-1.022,50.508,50.557,49.443,50.508,50.568,49.432
[SHELL] ccA:102,4231158309,202970,-0.016,0.612,0.000,0.000,5.88508,5.88508,24.04,0.030,0.351,0.030,0.351,0.030,0.364,1.00000,49.268,0.308,0.005
[SHELL] ccB:102,23133,1,0.286,-0.242,-0.043,50.498,50.549,49.451,50.508,50.557,49.443
[SHELL] ccA:103,4231268233,202971,0.054,0.210,0.000,0.000,5.88270,5.88270,23.97,0.028,0.359,0.028,0.359,0.029,0.363,1.00000,49.268,-0.185,-0.226
[SHELL] ccB:103,2147515553,1,-0.258,0.011,0.247,50.506,50.562,49.438,50.498,50.549,49.451
[SHELL] ccA:104,4231378325,202972,0.156,0.179,0.000,0.000,5.88419,5.88419,24.07,0.026,0.360,0.026,0.360,0.029,0.363,1.00000,49.268,0.685,1.163
[SHELL] ccB:104,23141,1,1.083,0.156,-1.239,50.499,50.565,49.435,50.506,50.562,49.438
[SHELL] ccA:105,4231488249,202973,0.184,0.787,0.000,0.000,5.88152,5.88152,23.97,0.026,0.347,0.026,0.347,0.029,0.363,1.00000,49.268,-0.450,1.048
[SHELL] ccB:105,2147515545,1,-0.004,0.990,-0.986,50.485,50.544,49.456,50.499,50.565,49.435
[SHELL] ccA:106,4231598317,202974,0.076,0.736,0.000,0.000,5.88638,5.88638,24.10,0.028,0.348,0.028,0.348,0.029,0.363,1.00000,49.268,0.520,-0.315
[SHELL] ccB:106,23137,1,0.358,-0.605,0.247,50.487,50.545,49.455,50.485,50.544,49.456
[SHELL] ccA:107,4231708285,202975,0.210,0.071,0.000,0.000,5.88314,5.88314,24.07,0.025,0.361,0.025,0.361,0.029,0.363,1.00000,49.268,0.248,-0.133
[SHELL] ccB:107,2147515527,1,0.177,-0.279,0.102,50.498,50.567,49.433,50.487,50.545,49.455
[SHELL] ccA:108,4231818265,202976,0.232,-0.305,0.000,0.000,5.88662,5.88662,24.03,0.024,0.369,0.024,0.369,0.029,0.363,1.00000,49.268,-0.091,-0.639
[SHELL] ccB:108,23111,1,-0.331,-0.315,0.645,50.502,50.581,49.419,50.498,50.567,49.433
[SHELL] ccA:109,4231928233,202977,0.042,-0.345,0.000,0.000,5.87747,5.87747,23.97,0.028,0.370,0.028,0.370,0.029,0.363,1.00000,49.268,0.100,0.032
[SHELL] ccB:109,2147515553,1,0.104,-0.061,-0.043,50.523,50.578,49.422,50.502,50.581,49.419
[SHELL] ccA:110,4232038305,202978,-0.021,-0.264,0.000,0.000,5.88053,5.88053,24.10,0.029,0.368,0.029,0.368,0.029,0.363,1.00000,49.708,-0.194,-0.480
[SHELL] ccB:110,23131,1,-0.367,-0.134,0.500,50.517,50.570,49.430,50.523,50.578,49.422
[SHELL] ccA:111,4232148269,202979,-0.179,-0.354,0.000,0.000,5.88335,5.88335,24.02,0.033,0.370,0.033,0.370,0.029,0.363,1.00000,49.268,-0.428,-0.487
[SHELL] ccB:111,2147515535,1,-0.584,0.048,0.537,50.531,50.577,49.423,50.517,50.570,49.430
[SHELL] ccA:112,4232258241,202980,-0.436,-0.422,0.000,0.000,5.88551,5.88551,23.97,0.038,0.372,0.038,0.372,0.029,0.363,1.00000,49.268,-0.693,-0.234
[SHELL] ccB:112,23099,1,-0.729,0.410,0.319,50.545,50.577,49.423,50.531,50.577,49.423
[SHELL] ccA:113,4232368281,202981,-0.428,-0.231,0.000,0.000,5.88525,5.88525,24.06,0.038,0.368,0.038,0.368,0.030,0.363,1.00000,49.268,0.100,0.031
[SHELL] ccB:113,2147515529,1,0.104,-0.061,-0.043,50.541,50.570,49.430,50.545,50.577,49.423
[SHELL] ccA:114,4232478293,202982,-0.035,-0.253,0.000,0.000,5.87938,5.87938,24.07,0.030,0.369,0.030,0.369,0.030,0.364,1.00000,49.268,0.354,-0.839
[SHELL] ccB:114,23125,1,-0.004,-0.786,0.790,50.526,50.575,49.425,50.541,50.570,49.430
[SHELL] ccA:115,4232588245,202983,0.128,-0.638,0.000,0.000,5.88859,5.88859,23.97,0.027,0.377,0.027,0.377,0.030,0.364,1.00000,49.268,-0.295,-0.905
[SHELL] ccB:115,2147515547,1,-0.620,-0.315,0.935,50.517,50.593,49.407,50.526,50.575,49.425
[SHELL] ccA:116,4232698301,202984,-0.030,-0.828,0.000,0.000,5.88635,5.88635,24.07,0.030,0.381,0.030,0.381,0.030,0.364,1.00000,49.268,0.117,-0.665
[SHELL] ccB:116,23129,1,-0.149,-0.496,0.645,50.533,50.597,49.403,50.517,50.593,49.407
[SHELL] ccA:117,4232808325,202985,0.025,-0.471,0.000,0.000,5.88137,5.88137,24.07,0.029,0.374,0.029,0.374,0.030,0.365,1.00000,49.268,0.160,0.353
[SHELL] ccB:117,2147515507,1,0.286,0.084,-0.369,50.527,50.585,49.415,50.533,50.597,49.403
[SHELL] ccA:118,4232918221,202986,0.085,-0.122,0.000,0.000,5.88738,5.88738,23.96,0.028,0.367,0.028,0.367,0.029,0.365,1.00000,49.268,-0.098,-0.528
[SHELL] ccB:118,23089,1,-0.294,-0.242,0.537,50.509,50.577,49.423,50.527,50.585,49.415
[SHELL] ccA:119,4233028277,202987,0.039,-0.153,0.000,0.000,5.88582,5.88582,24.06,0.029,0.368,0.029,0.368,0.029,0.365,1.00000,49.268,0.192,0.092
[SHELL] ccB:119,2147515531,1,0.213,-0.097,-0.116,50.514,50.577,49.423,50.509,50.577,49.423
[SHELL] ccA:120,4233138285,202988,0.103,-0.070,0.000,0.000,5.88369,5.88369,24.06,0.027,0.366,0.027,0.366,0.029,0.365,1.00000,49.268,0.125,0.064
[SHELL] ccB:120,23121,1,0.141,-0.061,-0.080,50.510,50.574,49.426,50.514,50.577,49.423
[SHELL] ccA:121,4233248237,202989,0.013,0.005,0.000,0.000,5.88332,5.88332,23.97,0.029,0.365,0.029,0.365,0.029,0.365,1.00000,49.268,-0.392,-0.200
[SHELL] ccB:121,2147515551,1,-0.439,0.193,0.247,50.514,50.570,49.430,50.510,50.574,49.426
[SHELL] ccA:122,4233358285,202990,-0.036,0.028,0.000,0.000,5.89556,5.89556,24.06,0.030,0.364,0.030,0.364,0.029,0.365,1.00000,49.268,0.517,0.449
[SHELL] ccB:122,23121,1,0.648,-0.134,-0.514,50.504,50.573,49.427,50.514,50.570,49.430
[SHELL] ccA:123,4233468233,202991,0.150,0.150,0.000,0.000,5.87766,5.87766,23.97,0.026,0.362,0.026,0.362,0.029,0.365,1.00000,49.268,-0.042,-0.097
[SHELL] ccB:123,2147515553,1,-0.077,-0.025,0.102,50.508,50.566,49.434,50.504,50.573,49.427
[SHELL] ccA:124,4233578325,202992,0.094,0.094,0.000,0.000,5.88213,5.88213,24.07,0.027,0.363,0.027,0.363,0.029,0.365,1.00000,49.708,-0.057,0.124
[SHELL] ccB:124,23141,1,-0.004,0.120,-0.116,50.504,50.563,49.437,50.508,50.566,49.434
[SHELL] ccA:125,4233688233,202993,-0.167,0.247,0.000,0.000,5.88662,5.88662,23.96,0.033,0.360,0.033,0.360,0.029,0.364,1.00000,49.708,-0.514,0.840
[SHELL] ccB:125,2147515553,1,-0.149,0.917,-0.768,50.510,50.556,49.444,50.504,50.563,49.437
[SHELL] ccA:126,4233798245,202994,-0.167,0.458,0.000,0.000,5.88179,5.88179,23.99,0.033,0.355,0.033,0.355,0.029,0.364,1.00000,49.708,0.416,0.029
[SHELL] ccB:126,23101,1,0.394,-0.315,-0.080,50.510,50.547,49.453,50.510,50.556,49.444
[SHELL] ccA:127,4233908269,202995,-0.059,-0.031,0.000,0.000,5.88082,5.88082,24.03,0.031,0.365,0.031,0.365,0.030,0.364,1.00000,49.268,-0.555,-1.021
[SHELL] ccB:127,2147515535,1,-0.910,-0.170,1.080,50.521,50.569,49.431,50.510,50.547,49.453
[SHELL] ccA:128,4234018269,202996,-0.037,-0.409,0.000,0.000,5.88591,5.88591,23.97,0.030,0.373,0.030,0.373,0.030,0.364,1.00000,49.268,0.545,0.376
[SHELL] ccB:128,23113,1,0.648,-0.206,-0.442,50.524,50.583,49.417,50.521,50.569,49.431
[SHELL] ccA:129,4234128285,202997,0.097,-0.006,0.000,0.000,5.88954,5.88954,24.06,0.028,0.365,0.028,0.365,0.029,0.364,1.00000,49.268,-0.146,0.245
[SHELL] ccB:129,2147515527,1,-0.041,0.265,-0.224,50.503,50.573,49.427,50.524,50.583,49.417
[SHELL] ccA:130,4234238233,202998,0.011,0.106,0.000,0.000,5.87855,5.87855,23.97,0.029,0.362,0.029,0.362,0.029,0.364,1.00000,49.268,-0.210,-0.442
[SHELL] ccB:130,23095,1,-0.367,-0.097,0.464,50.516,50.565,49.435,50.503,50.573,49.427
[SHELL] ccA:131,4234348257,202999,-0.039,-0.170,0.000,0.000,5.87828,5.87828,23.97,0.030,0.368,0.030,0.368,0.029,0.365,1.00000,49.268,0.407,-0.042
[SHELL] ccB:131,2147515541,1,0.358,-0.351,-0.007,50.526,50.573,49.427,50.516,50.565,49.435
[SHELL] ccA:132,4234458301,203000,0.188,0.149,0.000,0.000,5.88086,5.88086,23.97,0.026,0.361,0.026,0.361,0.029,0.364,1.00000,49.268,0.149,1.121
[SHELL] ccB:132,23129,1,0.576,0.555,-1.131,50.503,50.567,49.433,50.526,50.573,49.427
[SHELL] ccA:133,4234568257,203001,0.170,0.516,0.000,0.000,5.88018,5.88018,23.97,0.026,0.354,0.026,0.354,0.029,0.364,1.00000,49.268,-0.026,-0.136
[SHELL] ccB:133,2147515541,1,-0.077,-0.061,0.138,50.495,50.554,49.446,50.503,50.567,49.433
[SHELL] ccA:134,4234678237,203002,0.142,0.281,0.000,0.000,5.88618,5.88618,23.96,0.026,0.358,0.026,0.358,0.029,0.364,1.00000,49.268,0.469,0.276
[SHELL] ccB:134,23097,1,0.539,-0.206,-0.333,50.496,50.563,49.437,50.495,50.554,49.446
[SHELL] ccA:135,4234788281,203003,0.276,-0.009,0.000,0.000,5.86959,5.86959,24.06,0.024,0.364,0.024,0.364,0.029,0.364,1.00000,49.268,0.194,-0.452
[SHELL] ccB:135,2147515529,1,-0.004,-0.424,0.428,50.511,50.570,49.430,50.496,50.563,49.437
[SHELL] ccA:136,4234898233,203004,0.070,-0.191,0.000,0.000,5.89119,5.89119,23.98,0.028,0.368,0.028,0.368,0.029,0.364,1.00000,49.268,-0.576,-0.136
[SHELL] ccB:136,23095,1,-0.584,0.374,0.210,50.506,50.579,49.421,50.511,50.570,49.430
[SHELL] ccA:137,4235008233,203005,-0.162,-0.435,0.000,0.000,5.87901,5.87901,23.97,0.032,0.373,0.032,0.373,0.029,0.364,1.00000,49.268,0.312,-1.016
[SHELL] ccB:137,2147515553,1,-0.113,-0.858,0.972,50.537,50.581,49.419,50.506,50.579,49.421
[SHELL] ccA:138,4235118293,203006,0.001,-0.776,0.000,0.000,5.88413,5.88413,24.07,0.029,0.380,0.029,0.380,0.029,0.365,1.00000,49.708,-0.042,-0.937
[SHELL] ccB:138,23125,1,-0.403,-0.532,0.935,50.527,50.591,49.409,50.537,50.581,49.419
[SHELL] ccA:139,4235228221,203007,0.036,-0.700,0.000,0.000,5.88604,5.88604,23.97,0.028,0.379,0.028,0.379,0.029,0.365,1.00000,49.708,-0.082,0.091
[SHELL] ccB:139,2147515559,1,-0.041,0.120,-0.080,50.522,50.590,49.410,50.527,50.591,49.409
[SHELL] ccA:140,4235338281,203008,-0.114,-0.253,0.000,0.000,5.88000,5.88000,24.06,0.031,0.370,0.031,0.370,0.029,0.365,1.00000,49.708,-0.251,-0.255
[SHELL] ccB:140,23119,1,-0.331,0.048,0.283,50.526,50.572,49.428,50.522,50.590,49.410
[SHELL] ccA:141,4235448277,203009,-0.021,0.064,0.000,0.000,5.88875,5.88875,24.06,0.030,0.364,0.030,0.364,0.029,0.365,1.00000,49.708,0.500,0.673
[SHELL] ccB:141,2147515531,1,0.721,0.011,-0.732,50.505,50.566,49.434,50.526,50.572,49.428
[SHELL] ccA:142,4235558289,203010,0.116,0.183,0.000,0.000,5.88615,5.88615,24.07,0.027,0.361,0.027,0.361,0.029,0.365,1.00000,49.708,-0.287,-0.358
[SHELL] ccB:142,23123,1,-0.403,0.011,0.392,50.496,50.563,49.437,50.505,50.566,49.434
[SHELL] ccA:143,4235668269,203011,-0.155,-0.156,0.000,0.000,5.88781,5.88781,23.97,0.032,0.368,0.032,0.368,0.029,0.365,1.00000,49.708,-0.548,-0.580
[SHELL] ccB:143,2147515535,1,-0.729,0.084,0.645,50.518,50.570,49.430,50.496,50.563,49.437
[SHELL] ccA:144,4235778233,203012,-0.461,-0.227,0.000,0.000,5.88260,5.88260,23.97,0.039,0.370,0.039,0.370,0.029,0.365,1.00000,49.268,-0.461,0.612
[SHELL] ccB:144,23095,1,-0.186,0.736,-0.551,50.547,50.572,49.428,50.518,50.570,49.430
[SHELL] ccA:145,4235888289,203013,-0.467,0.184,0.000,0.000,5.88305,5.88305,24.05,0.039,0.362,0.039,0.362,0.030,0.365,1.00000,49.708,-0.398,0.093
[SHELL] ccB:145,2147515525,1,-0.331,0.374,-0.043,50.533,50.554,49.446,50.547,50.572,49.428
[SHELL] ccA:146,4235998233,203014,-0.357,0.298,0.000,0.000,5.87912,5.87912,23.97,0.037,0.359,0.037,0.359,0.030,0.365,1.00000,49.708,-0.173,0.393
[SHELL] ccB:146,23095,1,-0.004,0.374,-0.369,50.529,50.550,49.450,50.533,50.554,49.446
[SHELL] ccA:147,4236108273,203015,-0.197,0.195,0.000,0.000,5.89004,5.89004,24.03,0.034,0.361,0.034,0.361,0.030,0.365,1.00000,49.708,-0.043,-0.097
[SHELL] ccB:147,2147515533,1,-0.077,-0.025,0.102,50.512,50.558,49.442,50.529,50.550,49.450
[SHELL] ccA:148,4236218237,203016,0.051,-0.063,0.000,0.000,5.88440,5.88440,23.97,0.029,0.366,0.029,0.366,0.030,0.365,1.00000,49.708,0.461,-0.453
[SHELL] ccB:148,23097,1,0.249,-0.641,0.392,50.510,50.568,49.432,50.512,50.558,49.442
[SHELL] ccA:149,4236328281,203017,0.259,-0.299,0.000,0.000,5.88533,5.88533,24.07,0.025,0.371,0.025,0.371,0.030,0.365,1.00000,49.708,0.156,-0.195
[SHELL] ccB:149,2147515529,1,0.068,-0.242,0.174,50.502,50.579,49.421,50.510,50.568,49.432
[SHELL] ccA:150,4236438229,203018,0.188,0.130,0.000,0.000,5.88985,5.88985,23.98,0.026,0.362,0.026,0.362,0.030,0.365,1.00000,49.708,-0.021,1.362
[SHELL] ccB:150,23093,1,0.503,0.845,-1.348,50.492,50.566,49.434,50.502,50.579,49.421
[SHELL] ccA:151,4236548313,203019,-0.045,0.570,0.000,0.000,5.88580,5.88580,24.10,0.031,0.353,0.031,0.353,0.030,0.365,1.00000,49.268,-0.294,-0.248
[SHELL] ccB:151,2147515513,1,-0.367,0.084,0.283,50.502,50.552,49.448,50.492,50.566,49.434
[SHELL] ccA:152,4236658233,203020,-0.241,0.477,0.000,0.000,5.89061,5.89061,23.97,0.035,0.355,0.035,0.355,0.030,0.365,1.00000,49.268,-0.357,1.041
[SHELL] ccB:152,23095,1,0.068,0.917,-0.986,50.511,50.553,49.447,50.502,50.552,49.448
[SHELL] ccA:153,4236768265,203021,-0.152,0.567,0.000,0.000,5.88134,5.88134,23.96,0.033,0.353,0.033,0.353,0.030,0.364,1.00000,49.268,0.402,0.433
[SHELL] ccB:153,2147515537,1,0.539,-0.061,-0.478,50.513,50.548,49.452,50.511,50.553,49.447
[SHELL] ccA:154,4236878237,203022,0.023,0.334,0.000,0.000,5.88606,5.88606,23.98,0.029,0.357,0.029,0.357,0.030,0.364,1.00000,49.268,-0.356,-0.569
[SHELL] ccB:154,23097,1,-0.548,-0.061,0.609,50.504,50.559,49.441,50.513,50.548,49.452
[SHELL] ccA:155,4236988237,203023,-0.014,-0.328,0.000,0.000,5.88342,5.88342,23.97,0.030,0.371,0.030,0.371,0.030,0.364,1.00000,49.268,0.252,-0.609
[SHELL] ccB:155,2147515551,1,-0.004,-0.569,0.573,50.524,50.580,49.420,50.504,50.559,49.441
[SHELL] ccA:156,4237098281,203024,0.250,-0.115,0.000,0.000,5.88386,5.88386,24.06,0.025,0.367,0.025,0.367,0.030,0.364,1.00000,49.708,0.852,1.325
[SHELL] ccB:156,23119,1,1.300,0.120,-1.421,50.499,50.572,49.428,50.524,50.580,49.420
[SHELL] ccA:157,4237208233,203025,0.520,0.362,0.000,0.000,5.89186,5.89186,23.98,0.019,0.357,0.019,0.357,0.030,0.364,1.00000,49.708,0.123,-0.594
[SHELL] ccB:157,2147515553,1,-0.113,-0.460,0.573,50.464,50.562,49.438,50.499,50.572,49.428
[SHELL] ccA:158,4237318313,203026,0.342,-0.082,0.000,0.000,5.88589,5.88589,24.06,0.023,0.366,0.023,0.366,0.029,0.364,1.00000,49.268,0.269,-0.466
[SHELL] ccB:158,23135,1,0.068,-0.496,0.428,50.494,50.578,49.422,50.464,50.562,49.438
[SHELL] ccA:159,4237428229,203027,0.249,-0.536,0.000,0.000,5.88604,5.88604,23.98,0.024,0.375,0.024,0.375,0.029,0.364,1.00000,49.268,0.334,-0.620
[SHELL] ccB:159,2147515555,1,0.068,-0.641,0.573,50.510,50.592,49.408,50.494,50.578,49.422
[SHELL] ccA:160,4237538225,203028,0.223,-0.496,0.000,0.000,5.88661,5.88661,23.97,0.025,0.375,0.025,0.375,0.029,0.365,1.00000,49.708,-0.045,-0.279
[SHELL] ccB:160,23091,1,-0.149,-0.134,0.283,50.505,50.585,49.415,50.510,50.592,49.408
[SHELL] ccA:161,4237648241,203029,0.149,-0.249,0.000,0.000,5.88401,5.88401,23.96,0.026,0.370,0.026,0.370,0.029,0.365,1.00000,49.708,0.351,0.182
[SHELL] ccB:161,2147515549,1,0.394,-0.170,-0.224,50.506,50.576,49.424,50.505,50.585,49.415
[SHELL] ccA:162,4237758265,203030,0.080,0.199,0.000,0.000,5.88887,5.88887,24.03,0.027,0.361,0.027,0.361,0.029,0.365,1.00000,49.708,-0.339,0.709
[SHELL] ccB:162,23111,1,-0.041,0.700,-0.659,50.495,50.562,49.438,50.506,50.576,49.424
[SHELL] ccA:163,4237868233,203031,-0.006,0.475,0.000,0.000,5.88467,5.88467,23.97,0.029,0.355,0.029,0.355,0.029,0.364,1.00000,49.708,0.302,0.298
[SHELL] ccB:163,2147515553,1,0.394,-0.061,-0.333,50.497,50.550,49.450,50.495,50.562,49.438
[SHELL] ccA:164,4237978293,203032,-0.021,0.320,0.000,0.000,5.88184,5.88184,24.07,0.029,0.358,0.029,0.358,0.029,0.364,1.00000,49.708,-0.349,-0.023
[SHELL] ccB:164,23125,1,-0.331,0.265,0.065,50.504,50.554,49.446,50.497,50.550,49.450
[SHELL] ccA:165,4238088293,203033,-0.315,0.036,0.000,0.000,5.88135,5.88135,24.07,0.036,0.364,0.036,0.364,0.029,0.364,1.00000,49.268,-0.865,-0.106
[SHELL] ccB:165,2147515523,1,-0.838,0.628,0.210,50.532,50.564,49.436,50.504,50.554,49.446
[SHELL] ccA:166,4238198241,203034,-0.628,-0.061,0.000,0.000,5.88816,5.88816,23.97,0.042,0.366,0.042,0.366,0.030,0.364,1.00000,49.268,-0.432,-0.010
[SHELL] ccB:166,23099,1,-0.403,0.338,0.065,50.547,50.565,49.435,50.532,50.564,49.436
[SHELL] ccA:167,4238308293,203035,-0.443,0.154,0.000,0.000,5.88442,5.88442,24.07,0.039,0.361,0.039,0.361,0.030,0.364,1.00000,49.268,-0.042,0.743
[SHELL] ccB:167,2147515523,1,0.249,0.483,-0.732,50.535,50.559,49.441,50.547,50.565,49.435
[SHELL] ccA:168,4238418277,203036,-0.071,0.346,0.000,0.000,5.87892,5.87892,24.06,0.031,0.357,0.031,0.357,0.030,0.364,1.00000,49.268,0.233,-0.094
[SHELL] ccB:168,23117,1,0.177,-0.242,0.065,50.515,50.556,49.444,50.535,50.559,49.441
[SHELL] ccA:169,4238528269,203037,0.119,0.057,0.000,0.000,5.88475,5.88475,24.03,0.027,0.363,0.027,0.363,0.030,0.364,1.00000,49.268,0.055,-0.329
[SHELL] ccB:169,2147515535,1,-0.077,-0.242,0.319,50.505,50.569,49.431,50.515,50.556,49.444
[SHELL] ccA:170,4238638273,203038,0.103,-0.161,0.000,0.000,5.88347,5.88347,24.04,0.028,0.367,0.028,0.367,0.030,0.364,1.00000,49.268,0.068,0.108
[SHELL] ccB:170,23115,1,0.104,0.011,-0.116,50.513,50.576,49.424,50.505,50.569,49.431
[SHELL] ccA:171,4238748297,203039,0.097,-0.078,0.000,0.000,5.89199,5.89199,24.07,0.028,0.366,0.028,0.366,0.030,0.364,1.00000,49.268,0.196,-0.202
[SHELL] ccB:171,2147515521,1,0.104,-0.279,0.174,50.502,50.576,49.424,50.513,50.576,49.424
[SHELL] ccA:172,4238858281,203040,0.128,-0.037,0.000,0.000,5.89312,5.89312,24.02,0.027,0.365,0.027,0.365,0.030,0.364,1.00000,49.708,0.053,0.146
[SHELL] ccB:172,23119,1,0.104,0.048,-0.152,50.494,50.570,49.430,50.502,50.576,49.424
[SHELL] ccA:173,4238968297,203041,0.164,0.278,0.000,0.000,5.88582,5.88582,24.09,0.026,0.358,0.026,0.358,0.029,0.364,1.00000,49.708,0.353,1.022
[SHELL] ccB:173,2147515521,1,0.721,0.338,-1.058,50.492,50.558,49.442,50.494,50.570,49.430
[SHELL] ccA:174,4239078289,203042,0.166,0.507,0.000,0.000,5.88532,5.88532,24.02,0.026,0.354,0.026,0.354,0.029,0.364,1.00000,49.268,-0.093,-0.164
[SHELL] ccB:174,23123,1,-0.149,-0.025,0.174,50.490,50.555,49.445,50.492,50.558,49.442
[SHELL] ccA:175,4239188241,203043,0.050,0.010,0.000,0.000,5.88528,5.88528,23.98,0.028,0.364,0.028,0.364,0.029,0.364,1.00000,49.268,0.035,-0.655
[SHELL] ccB:175,2147515549,1,-0.222,-0.424,0.645,50.508,50.570,49.430,50.490,50.555,49.445
[SHELL] ccA:176,4239298233,203044,-0.040,-0.408,0.000,0.000,5.88913,5.88913,23.97,0.030,0.372,0.030,0.372,0.029,0.364,1.00000,49.268,-0.135,-0.158
[SHELL] ccB:176,23095,1,-0.186,0.011,0.174,50.520,50.584,49.416,50.508,50.570,49.430
[SHELL] ccA:177,4239408269,203045,0.016,-0.214,0.000,0.000,5.88153,5.88153,23.97,0.029,0.368,0.029,0.368,0.029,0.364,1.00000,49.268,0.300,0.116
[SHELL] ccB:177,2147515535,1,0.322,-0.170,-0.152,50.520,50.576,49.424,50.520,50.584,49.416
[SHELL] ccA:178,4239518237,203046,0.139,0.008,0.000,0.000,5.88964,5.88964,23.98,0.027,0.364,0.027,0.364,0.029,0.364,1.00000,49.708,0.091,-0.041
[SHELL] ccB:178,23097,1,0.068,-0.097,0.029,50.495,50.568,49.432,50.520,50.576,49.424
[SHELL] ccA:179,4239628233,203047,0.138,0.081,0.000,0.000,5.88623,5.88623,23.97,0.026,0.362,0.026,0.362,0.029,0.364,1.00000,49.708,0.070,0.290
[SHELL] ccB:179,2147515553,1,0.177,0.120,-0.297,50.496,50.565,49.435,50.495,50.568,49.432
[SHELL] ccA:180,4239738317,203048,0.119,0.220,0.000,0.000,5.88610,5.88610,24.03,0.027,0.360,0.027,0.360,0.029,0.364,1.00000,49.708,0.245,0.341
[SHELL] ccB:180,23137,1,0.358,0.011,-0.369,50.494,50.560,49.440,50.496,50.565,49.435
[SHELL] ccA:181,4239848221,203049,0.040,0.175,0.000,0.000,5.87985,5.87985,23.96,0.028,0.360,0.028,0.360,0.029,0.364,1.00000,49.708,-0.400,-0.273
[SHELL] ccB:181,2147515559,1,-0.476,0.156,0.319,50.506,50.558,49.442,50.494,50.560,49.440
[SHELL] ccA:182,4239958277,203050,-0.164,-0.065,0.000,0.000,5.88449,5.88449,24.06,0.033,0.365,0.033,0.365,0.029,0.364,1.00000,49.708,-0.100,-0.053
[SHELL] ccB:182,23117,1,-0.113,0.048,0.065,50.518,50.564,49.436,50.506,50.558,49.442
[SHELL] ccA:183,4240068233,203051,-0.080,-0.029,0.000,0.000,5.89188,5.89188,23.97,0.031,0.365,0.031,0.365,0.029,0.364,1.00000,49.708,0.279,0.262
[SHELL] ccB:183,2147515553,1,0.358,-0.061,-0.297,50.506,50.567,49.433,50.518,50.564,49.436
[SHELL] ccA:184,4240178241,203052,-0.091,0.137,0.000,0.000,5.88896,5.88896,23.98,0.031,0.361,0.031,0.361,0.029,0.364,1.00000,49.708,-0.822,0.077
[SHELL] ccB:184,23099,1,-0.729,0.700,0.029,50.505,50.560,49.440,50.506,50.567,49.433
[SHELL] ccA:185,4240288257,203053,-0.331,0.123,0.000,0.000,5.88816,5.88816,23.97,0.036,0.361,0.036,0.361,0.029,0.364,1.00000,49.708,0.043,0.075
[SHELL] ccB:185,2147515541,1,0.068,0.011,-0.080,50.520,50.557,49.443,50.505,50.560,49.440
[SHELL] ccA:186,4240398281,203054,-0.080,0.064,0.000,0.000,5.88297,5.88297,24.02,0.031,0.363,0.031,0.363,0.030,0.364,1.00000,49.708,0.416,0.029
[SHELL] ccB:186,23119,1,0.394,-0.315,-0.080,50.513,50.561,49.439,50.520,50.557,49.443
[SHELL] ccA:187,4240508237,203055,0.198,0.010,0.000,0.000,5.88659,5.88659,23.97,0.025,0.364,0.025,0.364,0.029,0.364,1.00000,49.708,-0.084,-0.092
[SHELL] ccB:187,2147515551,1,-0.113,0.011,0.102,50.495,50.567,49.433,50.513,50.561,49.439
[SHELL] ccA:188,4240618345,203056,-0.040,0.131,0.000,0.000,5.88488,5.88488,24.10,0.030,0.361,0.030,0.361,0.029,0.364,1.00000,49.708,-0.409,0.680
[SHELL] ccB:188,23151,1,-0.113,0.736,-0.623,50.507,50.559,49.441,50.495,50.567,49.433
[SHELL] ccA:189,4240728289,203057,-0.218,0.482,0.000,0.000,5.88036,5.88036,24.06,0.034,0.354,0.034,0.354,0.030,0.363,1.00000,49.708,0.029,0.661
[SHELL] ccB:189,2147515525,1,0.286,0.374,-0.659,50.513,50.544,49.456,50.507,50.559,49.441
[SHELL] ccA:190,4240838277,203058,0.062,0.656,0.000,0.000,5.89065,5.89065,24.03,0.028,0.350,0.028,0.350,0.030,0.363,1.00000,49.708,0.601,0.623
[SHELL] ccB:190,23117,1,0.793,-0.097,-0.696,50.483,50.545,49.455,50.513,50.544,49.456
[SHELL] ccA:191,4240948269,203059,0.257,0.174,0.000,0.000,5.88452,5.88452,23.97,0.024,0.360,0.024,0.360,0.029,0.363,1.00000,49.708,-0.203,-1.209
[SHELL] ccB:191,2147515535,1,-0.657,-0.569,1.225,50.489,50.561,49.439,50.483,50.545,49.455
[SHELL] ccA:192,4241058273,203060,0.148,-0.360,0.000,0.000,5.88879,5.88879,23.98,0.026,0.370,0.026,0.370,0.029,0.363,1.00000,49.268,0.396,0.358
[SHELL] ccB:192,23115,1,0.503,-0.097,-0.406,50.507,50.583,49.417,50.489,50.561,49.439
[SHELL] ccA:193,4241168281,203061,0.036,-0.235,0.000,0.000,5.88590,5.88590,24.02,0.029,0.368,0.029,0.368,0.029,0.363,1.00000,49.268,-0.446,-0.448
[SHELL] ccB:193,2147515529,1,-0.584,0.084,0.500,50.514,50.577,49.423,50.507,50.583,49.417
[SHELL] ccA:194,4241278265,203062,-0.056,-0.041,0.000,0.000,5.88471,5.88471,24.03,0.030,0.364,0.030,0.364,0.029,0.363,1.00000,49.708,0.270,0.375
[SHELL] ccB:194,23111,1,0.394,0.011,-0.406,50.511,50.564,49.436,50.514,50.577,49.423
[SHELL] ccA:195,4241388237,203063,-0.164,0.073,0.000,0.000,5.88345,5.88345,23.96,0.033,0.362,0.033,0.362,0.029,0.363,1.00000,49.708,-0.748,-0.009
[SHELL] ccB:195,2147515551,1,-0.693,0.591,0.102,50.516,50.559,49.441,50.511,50.564,49.436
[SHELL] ccA:196,4241498285,203064,-0.421,-0.041,0.000,0.000,5.88717,5.88717,24.09,0.038,0.364,0.038,0.364,0.030,0.363,1.00000,49.708,-0.455,-0.519
[SHELL] ccB:196,23121,1,-0.620,0.048,0.573,50.530,50.560,49.440,50.516,50.559,49.441
[SHELL] ccA:197,4241608273,203065,-0.600,0.202,0.000,0.000,5.88674,5.88674,24.05,0.042,0.359,0.042,0.359,0.030,0.363,1.00000,49.708,-0.742,1.856
[SHELL] ccB:197,2147515533,1,0.032,1.715,-1.747,50.535,50.549,49.451,50.530,50.560,49.440
[SHELL] ccA:198,4241718285,203066,-0.473,0.744,0.000,0.000,5.88416,5.88416,24.07,0.040,0.348,0.040,0.348,0.030,0.363,1.00000,49.268,0.048,-0.218
[SHELL] ccB:198,23121,1,-0.041,-0.170,0.210,50.523,50.537,49.463,50.535,50.549,49.451
[SHELL] ccA:199,4241828229,203067,-0.150,0.300,0.000,0.000,5.89498,5.89498,23.97,0.033,0.357,0.033,0.357,0.030,0.363,1.00000,49.268,0.046,-0.219
[SHELL] ccB:199,2147515555,1,-0.041,-0.170,0.210,50.505,50.558,49.442,50.523,50.537,49.463
[SHELL] ccA:200,4241938281,203068,0.063,-0.047,0.000,0.000,5.88341,5.88341,24.04,0.029,0.364,0.029,0.364,0.030,0.363,1.00000,49.708,0.112,0.468
[SHELL] ccB:200,23119,1,0.286,0.193,-0.478,50.508,50.564,49.436,50.505,50.558,49.442
[SHELL] ccA:201,4242048269,203069,0.135,0.319,0.000,0.000,5.88153,5.88153,24.03,0.027,0.356,0.027,0.356,0.030,0.363,1.00000,49.708,0.270,0.558
[SHELL] ccB:201,2147515535,1,0.467,0.120,-0.587,50.496,50.553,49.447,50.508,50.564,49.436
[SHELL] ccA:202,4242158249,203070,0.259,0.468,0.000,0.000,5.88164,5.88164,23.97,0.025,0.353,0.025,0.353,0.030,0.362,1.00000,49.708,0.385,0.289
[SHELL] ccB:202,23103,1,0.467,-0.134,-0.333,50.485,50.549,49.451,50.496,50.553,49.447
[SHELL] ccA:203,4242268241,203071,0.234,0.179,0.000,0.000,5.88608,5.88608,23.97,0.025,0.359,0.025,0.359,0.030,0.362,1.00000,49.708,-0.105,-0.418
[SHELL] ccB:203,2147515549,1,-0.258,-0.170,0.428,50.489,50.559,49.441,50.485,50.549,49.451
[SHELL] ccA:204,4242378293,203072,-0.014,-0.119,0.000,0.000,5.88454,5.88454,24.10,0.030,0.365,0.030,0.365,0.030,0.362,1.00000,49.708,-0.232,0.073
[SHELL] ccB:204,23125,1,-0.186,0.229,-0.043,50.511,50.565,49.435,50.489,50.559,49.441
[SHELL] ccA:205,4242488277,203073,-0.184,-0.088,0.000,0.000,5.88523,5.88523,24.06,0.034,0.364,0.034,0.364,0.030,0.362,1.00000,49.708,-0.167,-0.081
[SHELL] ccB:205,2147515531,1,-0.186,0.084,0.102,50.519,50.562,49.438,50.511,50.565,49.435
[SHELL] ccA:206,4242598229,203074,-0.125,-0.041,0.000,0.000,5.89374,5.89374,23.98,0.033,0.363,0.033,0.363,0.030,0.362,1.00000,49.708,0.065,-0.075
[SHELL] ccB:206,23093,1,0.032,-0.097,0.065,50.507,50.564,49.436,50.519,50.562,49.438
[SHELL] ccA:207,4242708281,203075,-0.076,-0.112,0.000,0.000,5.87977,5.87977,24.02,0.032,0.365,0.032,0.365,0.030,0.362,1.00000,49.708,-0.267,-0.216
[SHELL] ccB:207,2147515529,1,-0.331,0.084,0.247,50.520,50.563,49.437,50.507,50.564,49.436
[SHELL] ccA:208,4242818921,203076,-0.187,-0.034,0.000,0.000,5.88478,5.88478,24.09,0.034,0.363,0.034,0.363,0.030,0.362,1.00000,49.708,-0.279,0.371
[SHELL] ccB:208,23439,1,-0.113,0.446,-0.333,50.519,50.560,49.440,50.520,50.563,49.437
[SHELL] ccA:209,4242928225,203077,-0.249,-0.026,0.000,0.000,5.87968,5.87968,23.98,0.035,0.363,0.035,0.363,0.030,0.362,1.00000,49.708,-0.169,-0.630
[SHELL] ccB:209,2147515557,1,-0.403,-0.242,0.645,50.528,50.558,49.442,50.519,50.560,49.440
[SHELL] ccA:210,4243038285,203078,-0.343,-0.479,0.000,0.000,5.88784,5.88784,24.06,0.037,0.372,0.037,0.372,0.030,0.363,1.00000,49.708,-0.754,-1.029
[SHELL] ccB:210,23121,1,-1.092,-0.025,1.117,50.537,50.574,49.426,50.528,50.558,49.442
[SHELL] ccA:211,4243148233,203079,-0.444,-0.639,0.000,0.000,5.88852,5.88852,23.97,0.040,0.376,0.040,0.376,0.031,0.363,1.00000,49.708,-0.098,0.129
[SHELL] ccB:211,2147515553,1,-0.041,0.156,-0.116,50.546,50.578,49.422,50.537,50.574,49.426
[SHELL] ccA:212,4243258273,203080,-0.115,-0.461,0.000,0.000,5.88182,5.88182,24.04,0.033,0.372,0.033,0.372,0.031,0.363,1.00000,49.708,0.491,-1.076
[SHELL] ccB:212,23115,1,0.032,-1.040,1.008,50.531,50.575,49.425,50.546,50.578,49.422
[SHELL] ccA:213,4243368241,203081,0.253,-0.563,0.000,0.000,5.89332,5.89332,23.97,0.026,0.375,0.026,0.375,0.031,0.364,1.00000,49.708,0.129,-0.230
[SHELL] ccB:213,2147515549,1,0.032,-0.242,0.210,50.501,50.587,49.413,50.531,50.575,49.425
[SHELL] ccA:214,4243478281,203082,0.167,-0.197,0.000,0.000,5.88790,5.88790,24.03,0.027,0.368,0.027,0.368,0.031,0.364,1.00000,49.708,-0.081,0.748
[SHELL] ccB:214,23119,1,0.213,0.519,-0.732,50.503,50.573,49.427,50.501,50.587,49.413
[SHELL] ccA:215,4243588301,203083,-0.023,0.558,0.000,0.000,5.88348,5.88348,24.07,0.031,0.352,0.031,0.352,0.031,0.363,1.00000,49.708,-0.058,0.964
[SHELL] ccB:215,2147515519,1,0.322,0.628,-0.949,50.500,50.544,49.456,50.503,50.573,49.427
[SHELL] ccA:216,4243698241,203084,-0.100,0.531,0.000,0.000,5.88453,5.88453,23.97,0.033,0.352,0.033,0.352,0.031,0.363,1.00000,49.708,-0.205,-0.552
[SHELL] ccB:216,23099,1,-0.403,-0.170,0.573,50.504,50.544,49.456,50.500,50.544,49.456
[SHELL] ccA:217,4243808233,203085,-0.075,-0.230,0.000,0.000,5.88502,5.88502,23.96,0.032,0.368,0.032,0.368,0.031,0.363,1.00000,49.268,0.167,-0.781
[SHELL] ccB:217,2147515553,1,-0.149,-0.605,0.754,50.524,50.574,49.426,50.504,50.544,49.456
[SHELL] ccA:218,4243918237,203086,-0.032,-0.473,0.000,0.000,5.88529,5.88529,23.97,0.031,0.373,0.031,0.373,0.031,0.363,1.00000,49.268,-0.255,0.222
[SHELL] ccB:218,23097,1,-0.149,0.338,-0.188,50.528,50.583,49.417,50.524,50.574,49.426
[SHELL] ccA:219,4244028281,203087,-0.190,-0.096,0.000,0.000,5.88871,5.88871,24.07,0.035,0.365,0.035,0.365,0.031,0.363,1.00000,49.268,-0.416,-0.048
[SHELL] ccB:219,2147515529,1,-0.403,0.301,0.102,50.525,50.570,49.430,50.528,50.583,49.417
[SHELL] ccA:220,4244138229,203088,-0.207,0.061,0.000,0.000,5.89013,5.89013,23.98,0.035,0.362,0.035,0.362,0.031,0.363,1.00000,49.268,0.260,0.119
[SHELL] ccB:220,23093,1,0.286,-0.134,-0.152,50.521,50.565,49.435,50.525,50.570,49.430
[SHELL] ccA:221,4244248281,203089,0.091,-0.132,0.000,0.000,5.88068,5.88068,24.03,0.029,0.366,0.029,0.366,0.031,0.364,1.00000,49.268,0.262,-0.718
[SHELL] ccB:221,2147515529,1,-0.041,-0.641,0.682,50.518,50.572,49.428,50.521,50.565,49.435
[SHELL] ccA:222,4244358269,203090,0.173,-0.325,0.000,0.000,5.88202,5.88202,24.03,0.027,0.370,0.027,0.370,0.031,0.364,1.00000,49.268,-0.091,0.018
[SHELL] ccB:222,23113,1,-0.077,0.084,-0.007,50.517,50.580,49.420,50.518,50.572,49.428
[SHELL] ccA:223,4244468289,203091,0.028,-0.261,0.000,0.000,5.88172,5.88172,24.07,0.030,0.369,0.030,0.369,0.031,0.364,1.00000,49.268,0.031,-0.362
[SHELL] ccB:223,2147515525,1,-0.113,-0.242,0.355,50.524,50.576,49.424,50.517,50.580,49.420
[SHELL] ccA:224,4244578253,203092,0.238,0.078,0.000,0.000,5.88350,5.88350,23.98,0.026,0.362,0.026,0.362,0.031,0.364,1.00000,49.268,0.982,1.017
[SHELL] ccB:224,23105,1,1.300,-0.170,-1.131,50.502,50.569,49.431,50.524,50.576,49.424
[SHELL] ccA:225,4244688233,203093,0.496,0.374,0.000,0.000,5.88279,5.88279,23.97,0.020,0.356,0.020,0.356,0.030,0.364,1.00000,49.268,-0.010,-0.174
[SHELL] ccB:225,2147515553,1,-0.077,-0.097,0.174,50.480,50.562,49.438,50.502,50.569,49.431
[SHELL] ccA:226,4244798317,203094,0.254,0.039,0.000,0.000,5.88479,5.88479,24.09,0.025,0.363,0.025,0.363,0.030,0.364,1.00000,49.268,0.053,-0.511
[SHELL] ccB:226,23137,1,-0.149,-0.351,0.500,50.499,50.571,49.429,50.480,50.562,49.438
[SHELL] ccA:227,4244908233,203095,0.119,-0.154,0.000,0.000,5.88573,5.88573,23.97,0.028,0.367,0.028,0.367,0.030,0.364,1.00000,49.268,0.381,0.580
[SHELL] ccB:227,2147515553,1,0.576,0.048,-0.623,50.510,50.576,49.424,50.499,50.571,49.429
[SHELL] ccA:228,4245018297,203096,0.292,0.089,0.000,0.000,5.88657,5.88657,24.07,0.024,0.362,0.024,0.362,0.030,0.364,1.00000,49.708,0.354,-0.294
[SHELL] ccB:228,23127,1,0.213,-0.460,0.247,50.489,50.565,49.435,50.510,50.576,49.424
[SHELL] ccA:229,4245128281,203097,0.203,-0.073,0.000,0.000,5.88952,5.88952,23.95,0.026,0.365,0.026,0.365,0.030,0.364,1.00000,49.708,-0.279,-0.285
[SHELL] ccB:229,2147515529,1,-0.367,0.048,0.319,50.495,50.570,49.430,50.489,50.565,49.435
[SHELL] ccA:230,4245238293,203098,-0.128,-0.223,0.000,0.000,5.88115,5.88115,24.07,0.033,0.368,0.033,0.368,0.030,0.364,1.00000,49.268,-0.308,-0.028
[SHELL] ccB:230,23125,1,-0.294,0.229,0.065,50.530,50.573,49.427,50.495,50.570,49.430
[SHELL] ccA:231,4245348245,203099,-0.231,-0.046,0.000,0.000,5.88784,5.88784,23.97,0.035,0.365,0.035,0.365,0.030,0.364,1.00000,49.268,-0.031,0.157
[SHELL] ccB:231,2147515547,1,0.032,0.120,-0.152,50.525,50.568,49.432,50.530,50.573,49.427
[SHELL] ccA:232,4245458233,203100,0.004,-0.067,0.000,0.000,5.88650,5.88650,23.97,0.030,0.365,0.030,0.365,0.030,0.364,1.00000,49.268,0.384,-0.553
[SHELL] ccB:232,23095,1,0.141,-0.641,0.500,50.514,50.572,49.428,50.525,50.568,49.432
[SHELL] ccA:233,4245568321,203101,0.137,-0.056,0.000,0.000,5.88759,5.88759,24.09,0.027,0.365,0.027,0.365,0.030,0.364,1.00000,49.708,-0.190,0.726
[SHELL] ccB:233,2147515509,1,0.104,0.591,-0.696,50.500,50.568,49.432,50.514,50.572,49.428
[SHELL] ccA:234,4245678269,203102,-0.126,0.406,0.000,0.000,5.88321,5.88321,23.98,0.033,0.356,0.033,0.356,0.030,0.364,1.00000,49.708,-0.509,0.728
[SHELL] ccB:234,23113,1,-0.186,0.845,-0.659,50.508,50.548,49.452,50.500,50.568,49.432
[SHELL] ccA:235,4245788297,203103,-0.211,0.536,0.000,0.000,5.88511,5.88511,24.07,0.034,0.353,0.034,0.353,0.030,0.363,1.00000,49.708,0.366,-0.039
[SHELL] ccB:235,2147515521,1,0.322,-0.315,-0.007,50.508,50.543,49.457,50.508,50.548,49.452
[SHELL] ccA:236,4245898241,203104,0.112,0.468,0.000,0.000,5.88400,5.88400,23.97,0.028,0.354,0.028,0.354,0.030,0.363,1.00000,49.708,0.228,1.220
[SHELL] ccB:236,23099,1,0.684,0.555,-1.239,50.492,50.549,49.451,50.508,50.543,49.457
[SHELL] ccA:237,4246008313,203105,0.221,0.655,0.000,0.000,5.88816,5.88816,24.10,0.026,0.350,0.026,0.350,0.030,0.363,1.00000,49.268,0.061,0.218
[SHELL] ccB:237,2147515513,1,0.141,0.084,-0.224,50.482,50.550,49.450,50.492,50.549,49.451
[SHELL] ccA:238,4246118237,203106,0.046,0.394,0.000,0.000,5.88613,5.88613,23.97,0.029,0.355,0.029,0.355,0.030,0.363,1.00000,49.268,-0.167,-0.081
[SHELL] ccB:238,23097,1,-0.186,0.084,0.102,50.499,50.555,49.445,50.482,50.550,49.450
[SHELL] ccA:239,4246228269,203107,-0.009,0.081,0.000,0.000,5.88710,5.88710,24.03,0.030,0.361,0.030,0.361,0.030,0.363,1.00000,49.708,0.236,0.269
[SHELL] ccB:239,2147515535,1,0.322,-0.025,-0.297,50.504,50.560,49.440,50.499,50.555,49.445
[SHELL] ccA:240,4246338237,203108,0.032,0.076,0.000,0.000,5.88599,5.88599,23.97,0.029,0.361,0.029,0.361,0.030,0.363,1.00000,49.708,-0.176,-0.153
[SHELL] ccB:240,23097,1,-0.222,0.048,0.174,50.503,50.560,49.440,50.504,50.560,49.440
[SHELL] ccA:241,4246448269,203109,-0.115,-0.042,0.000,0.000,5.88623,5.88623,23.98,0.032,0.363,0.032,0.363,0.030,0.363,1.00000,49.708,-0.342,-0.132
[SHELL] ccB:241,2147515535,1,-0.367,0.193,0.174,50.514,50.562,49.438,50.503,50.560,49.440
[SHELL] ccA:242,4246558281,203110,-0.161,-0.073,0.000,0.000,5.88505,5.88505,24.03,0.033,0.364,0.033,0.364,0.030,0.363,1.00000,49.708,0.218,0.126
[SHELL] ccB:242,23119,1,0.249,-0.097,-0.152,50.519,50.562,49.438,50.514,50.562,49.438
[SHELL] ccA:243,4246668281,203111,0.000,-0.057,0.000,0.000,5.87871,5.87871,24.07,0.030,0.364,0.030,0.364,0.030,0.363,1.00000,49.268,-0.093,-0.347
[SHELL] ccB:243,2147515529,1,-0.222,-0.134,0.355,50.520,50.567,49.433,50.519,50.562,49.438
[SHELL] ccA:244,4246778317,203112,-0.056,-0.086,0.000,0.000,5.88997,5.88997,24.10,0.031,0.364,0.031,0.364,0.030,0.363,1.00000,49.268,-0.254,0.223
[SHELL] ccB:244,23137,1,-0.149,0.338,-0.188,50.513,50.571,49.429,50.520,50.567,49.433
[SHELL] ccA:245,4246888237,203113,-0.112,0.095,0.000,0.000,5.88909,5.88909,23.96,0.032,0.361,0.032,0.361,0.030,0.363,1.00000,49.268,0.154,0.279
[SHELL] ccB:245,2147515551,1,0.249,0.048,-0.297,50.513,50.564,49.436,50.513,50.571,49.429
[SHELL] ccA:246,4246998285,203114,0.045,0.257,0.000,0.000,5.88847,5.88847,24.02,0.029,0.357,0.029,0.357,0.030,0.362,1.00000,49.708,0.128,0.246
[SHELL] ccB:246,23121,1,0.213,0.048,-0.261,50.496,50.555,49.445,50.513,50.564,49.436
[SHELL] ccA:247,4247108269,203115,0.079,0.106,0.000,0.000,5.88600,5.88600,23.97,0.029,0.360,0.029,0.360,0.030,0.362,1.00000,49.708,-0.095,-0.346
[SHELL] ccB:247,2147515535,1,-0.222,-0.134,0.355,50.500,50.560,49.440,50.496,50.555,49.445
[SHELL] ccA:248,4247218297,203116,0.044,-0.044,0.000,0.000,5.89019,5.89019,24.09,0.029,0.363,0.029,0.363,0.030,0.362,1.00000,49.708,0.237,0.268
[SHELL] ccB:248,23127,1,0.322,-0.025,-0.297,50.501,50.565,49.435,50.500,50.560,49.440
[SHELL] ccA:249,4247328293,203117,0.145,0.043,0.000,0.000,5.87924,5.87924,24.06,0.027,0.362,0.027,0.362,0.030,0.362,1.00000,49.708,0.200,-0.017
[SHELL] ccB:249,2147515523,1,0.177,-0.170,-0.007,50.504,50.561,49.439,50.501,50.565,49.435
[SHELL] ccA:250,4247438285,203118,0.058,0.274,0.000,0.000,5.88593,5.88593,24.07,0.029,0.357,0.029,0.357,0.030,0.362,1.00000,49.268,-0.406,0.862
[SHELL] ccB:250,23121,1,-0.041,0.845,-0.804,50.501,50.559,49.441,50.504,50.561,49.439
[SHELL] ccA:251,4247548269,203119,-0.048,0.690,0.000,0.000,5.88514,5.88514,23.96,0.031,0.348,0.031,0.348,0.030,0.362,1.00000,49.268,0.419,1.050
[SHELL] ccB:251,2147515535,1,0.793,0.301,-1.094,50.498,50.543,49.457,50.501,50.559,49.441
[SHELL] ccA:252,4247658297,203120,0.110,1.153,0.000,0.000,5.88550,5.88550,24.06,0.028,0.338,0.028,0.338,0.030,0.361,1.00000,49.708,0.010,1.650
[SHELL] ccB:252,23127,1,0.648,0.990,-1.638,50.473,50.525,49.475,50.498,50.543,49.457
[SHELL] ccA:253,4247768289,203121,0.018,0.927,0.000,0.000,5.88637,5.88637,24.06,0.030,0.342,0.030,0.342,0.030,0.361,1.00000,49.708,-0.365,-0.641
[SHELL] ccB:253,2147515525,1,-0.584,-0.097,0.682,50.482,50.530,49.470,50.473,50.525,49.475
[SHELL] ccA:254,4247878237,203122,-0.221,0.327,0.000,0.000,5.88516,5.88516,23.97,0.035,0.354,0.035,0.354,0.030,0.361,1.00000,49.708,-0.165,0.941
[SHELL] ccB:254,23097,1,0.213,0.700,-0.913,50.510,50.546,49.454,50.482,50.530,49.470
[SHELL] ccA:255,4247988289,203123,-0.123,0.352,0.000,0.000,5.88369,5.88369,24.07,0.033,0.354,0.033,0.354,0.030,0.361,1.00000,49.708,0.201,0.165
[SHELL] ccB:255,2147515525,1,0.249,-0.061,-0.188,50.506,50.545,49.455,50.510,50.546,49.454
[SHELL] ccA:256,4248098241,203124,0.121,0.449,0.000,0.000,5.88343,5.88343,23.98,0.028,0.351,0.028,0.351,0.030,0.360,1.00000,49.708,0.246,0.524
[SHELL] ccB:256,23099,1,0.431,0.120,-0.551,50.490,50.545,49.455,50.506,50.545,49.455
[SHELL] ccA:257,4248208289,203125,0.215,0.108,0.000,0.000,5.88537,5.88537,24.07,0.026,0.358,0.026,0.358,0.030,0.360,1.00000,49.708,0.166,-0.781
[SHELL] ccB:257,2147515525,1,-0.149,-0.605,0.754,50.490,50.558,49.442,50.490,50.545,49.455
[SHELL] ccA:258,4248318221,203126,0.257,-0.016,0.000,0.000,5.88458,5.88458,23.97,0.025,0.361,0.025,0.361,0.030,0.360,1.00000,49.708,0.451,0.973
[SHELL] ccB:258,23089,1,0.793,0.229,-1.022,50.491,50.562,49.438,50.490,50.558,49.442
[SHELL] ccA:259,4248428273,203127,0.160,0.380,0.000,0.000,5.88617,5.88617,24.03,0.027,0.353,0.027,0.353,0.030,0.360,1.00000,49.268,-0.428,0.354
[SHELL] ccB:259,2147515533,1,-0.258,0.555,-0.297,50.490,50.553,49.447,50.491,50.562,49.438
[SHELL] ccA:260,4248538233,203128,-0.130,0.462,0.000,0.000,5.88822,5.88822,23.97,0.032,0.351,0.032,0.351,0.030,0.360,1.00000,49.268,-0.114,0.168
[SHELL] ccB:260,23095,1,-0.041,0.193,-0.152,50.502,50.547,49.453,50.490,50.553,49.447
[SHELL] ccA:261,4248648285,203129,-0.174,0.194,0.000,0.000,5.88721,5.88721,24.07,0.033,0.356,0.033,0.356,0.030,0.360,1.00000,49.708,-0.040,0.085
[SHELL] ccB:261,2147515527,1,-0.004,0.084,-0.080,50.507,50.550,49.450,50.502,50.547,49.453
[SHELL] ccA:262,4248758229,203130,-0.188,-0.033,0.000,0.000,5.88909,5.88909,23.98,0.034,0.360,0.034,0.360,0.030,0.360,1.00000,49.708,-0.556,-0.469
[SHELL] ccB:262,23093,1,-0.693,0.156,0.537,50.512,50.557,49.443,50.507,50.550,49.450
[SHELL] ccA:263,4248868225,203131,-0.186,-0.224,0.000,0.000,5.88140,5.88140,23.97,0.034,0.364,0.034,0.364,0.030,0.360,1.00000,49.268,0.407,-0.043
[SHELL] ccB:263,2147515557,1,0.358,-0.351,-0.007,50.529,50.566,49.434,50.512,50.557,49.443
[SHELL] ccA:264,4248978233,203132,0.122,-0.089,0.000,0.000,5.88939,5.88939,23.97,0.028,0.362,0.028,0.362,0.030,0.360,1.00000,49.708,0.228,0.197
[SHELL] ccB:264,23095,1,0.286,-0.061,-0.224,50.496,50.564,49.436,50.529,50.566,49.434
[SHELL] ccA:265,4249088221,203133,0.102,0.122,0.000,0.000,5.88424,5.88424,23.97,0.028,0.357,0.028,0.357,0.030,0.360,1.00000,49.708,-0.456,0.137
[SHELL] ccB:265,2147515559,1,-0.367,0.446,-0.080,50.497,50.555,49.445,50.496,50.564,49.436
[SHELL] ccA:266,4249198237,203134,-0.245,0.266,0.000,0.000,5.88330,5.88330,23.97,0.035,0.354,0.035,0.354,0.030,0.360,1.00000,49.708,-0.294,0.591
[SHELL] ccB:266,23097,1,-0.041,0.591,-0.551,50.514,50.545,49.455,50.497,50.555,49.445
[SHELL] ccA:267,4249308233,203135,-0.291,0.400,0.000,0.000,5.88574,5.88574,23.97,0.036,0.352,0.036,0.352,0.030,0.360,1.00000,49.708,-0.122,0.278
[SHELL] ccB:267,2147515553,1,-0.004,0.265,-0.261,50.511,50.540,49.460,50.514,50.545,49.455
[SHELL] ccA:268,4249418237,203136,-0.109,0.459,0.000,0.000,5.89072,5.89072,23.97,0.032,0.350,0.032,0.350,0.030,0.359,1.00000,49.268,0.103,0.688
[SHELL] ccB:268,23097,1,0.358,0.338,-0.696,50.499,50.547,49.453,50.511,50.540,49.460
[SHELL] ccA:269,4249528225,203137,0.052,0.384,0.000,0.000,5.89231,5.89231,23.98,0.029,0.351,0.029,0.351,0.030,0.359,1.00000,49.268,0.123,-0.119
[SHELL] ccB:269,2147515557,1,0.068,-0.170,0.102,50.490,50.552,49.448,50.499,50.547,49.453
[SHELL] ccA:270,4249638309,203138,0.046,0.183,0.000,0.000,5.88412,5.88412,24.10,0.029,0.355,0.029,0.355,0.030,0.359,1.00000,49.708,-0.163,0.283
[SHELL] ccB:270,23133,1,-0.041,0.301,-0.261,50.498,50.551,49.449,50.490,50.552,49.448
[SHELL] ccA:271,4249748281,203139,-0.275,0.316,0.000,0.000,5.88526,5.88526,24.07,0.036,0.353,0.036,0.353,0.030,0.359,1.00000,49.708,-0.898,0.815
[SHELL] ccB:271,2147515529,1,-0.512,1.207,-0.696,50.512,50.542,49.458,50.498,50.551,49.449
[SHELL] ccA:272,4249858277,203140,-0.401,0.569,0.000,0.000,5.88487,5.88487,24.03,0.039,0.347,0.039,0.347,0.031,0.359,1.00000,49.268,0.353,0.364
[SHELL] ccB:272,23117,1,0.467,-0.061,-0.406,50.518,50.536,49.464,50.512,50.542,49.458
[SHELL] ccA:273,4249968253,203141,-0.033,0.395,0.000,0.000,5.87897,5.87897,23.98,0.031,0.351,0.031,0.351,0.031,0.358,1.00000,49.268,0.058,0.037
[SHELL] ccB:273,2147515543,1,0.068,-0.025,-0.043,50.507,50.545,49.455,50.518,50.536,49.464
[SHELL] ccA:274,4250078277,203142,0.100,-0.060,0.000,0.000,5.88153,5.88153,24.06,0.029,0.360,0.029,0.360,0.031,0.358,1.00000,49.268,-0.071,-0.678
[SHELL] ccB:274,23117,1,-0.331,-0.351,0.682,50.508,50.562,49.438,50.507,50.545,49.455
[SHELL] ccA:275,4250188281,203143,-0.056,-0.415,0.000,0.000,5.89180,5.89180,24.07,0.032,0.367,0.032,0.367,0.031,0.359,1.00000,49.268,-0.139,-0.340
[SHELL] ccB:275,2147515529,1,-0.258,-0.097,0.355,50.515,50.575,49.425,50.508,50.562,49.438
[SHELL] ccA:276,4250298241,203144,-0.005,-0.211,0.000,0.000,5.88402,5.88402,23.98,0.031,0.363,0.031,0.363,0.031,0.359,1.00000,49.268,0.329,0.514
[SHELL] ccB:276,23099,1,0.503,0.048,-0.551,50.516,50.567,49.433,50.515,50.575,49.425
[SHELL] ccA:277,4250408305,203145,0.052,0.403,0.000,0.000,5.88694,5.88694,24.10,0.030,0.351,0.030,0.351,0.031,0.359,1.00000,49.268,-0.313,0.924
[SHELL] ccB:277,2147515517,1,0.068,0.809,-0.877,50.495,50.548,49.452,50.516,50.567,49.433
[SHELL] ccA:278,4250518269,203146,0.069,0.876,0.000,0.000,5.88054,5.88054,23.97,0.029,0.341,0.029,0.341,0.031,0.358,1.00000,49.268,0.572,1.142
[SHELL] ccB:278,23113,1,0.974,0.229,-1.203,50.488,50.531,49.469,50.495,50.548,49.452
[SHELL] ccA:279,4250628297,203147,0.150,0.911,0.000,0.000,5.88026,5.88026,24.07,0.027,0.339,0.027,0.339,0.030,0.358,1.00000,49.268,-0.230,0.437
[SHELL] ccB:279,2147515521,1,-0.041,0.446,-0.406,50.482,50.530,49.470,50.488,50.531,49.469
[SHELL] ccA:280,4250738257,203148,0.120,0.586,0.000,0.000,5.88004,5.88004,23.96,0.028,0.346,0.028,0.346,0.030,0.357,1.00000,49.268,0.368,0.328
[SHELL] ccB:280,23107,1,0.467,-0.097,-0.369,50.491,50.540,49.460,50.482,50.530,49.470
[SHELL] ccA:281,4250848237,203149,0.045,0.066,0.000,0.000,5.88709,5.88709,23.97,0.029,0.356,0.029,0.356,0.030,0.357,1.00000,49.268,-0.326,-0.828
[SHELL] ccB:281,2147515551,1,-0.620,-0.242,0.863,50.501,50.557,49.443,50.491,50.540,49.460
[SHELL] ccA:282,4250958281,203150,-0.201,-0.259,0.000,0.000,5.88604,5.88604,24.06,0.035,0.363,0.035,0.363,0.030,0.357,1.00000,49.708,-0.520,0.292
[SHELL] ccB:282,23119,1,-0.367,0.591,-0.224,50.519,50.559,49.441,50.501,50.557,49.443
[SHELL] ccA:283,4251068265,203151,-0.320,0.002,0.000,0.000,5.88383,5.88383,24.03,0.037,0.357,0.037,0.357,0.031,0.357,1.00000,49.708,0.086,0.252
[SHELL] ccB:283,2147515537,1,0.177,0.084,-0.261,50.522,50.549,49.451,50.519,50.559,49.441
[SHELL] ccA:284,4251178297,203152,-0.010,-0.055,0.000,0.000,5.88212,5.88212,24.07,0.031,0.359,0.031,0.359,0.031,0.357,1.00000,49.268,0.308,-1.017
[SHELL] ccB:284,23127,1,-0.113,-0.858,0.972,50.513,50.559,49.441,50.522,50.549,49.451
[SHELL] ccA:285,4251288233,203153,0.359,-0.395,0.000,0.000,5.88947,5.88947,23.98,0.023,0.366,0.023,0.366,0.030,0.358,1.00000,49.268,0.735,0.204
[SHELL] ccB:285,2147515553,1,0.757,-0.460,-0.297,50.493,50.578,49.422,50.513,50.559,49.441
[SHELL] ccA:286,4251398309,203154,0.227,-0.061,0.000,0.000,5.87834,5.87834,24.10,0.026,0.359,0.026,0.359,0.030,0.358,1.00000,49.268,-0.872,0.367
[SHELL] ccB:286,23133,1,-0.657,0.917,-0.261,50.503,50.562,49.438,50.493,50.578,49.422
[SHELL] ccA:287,4251508237,203155,-0.216,0.122,0.000,0.000,5.88680,5.88680,23.96,0.035,0.355,0.035,0.355,0.030,0.358,1.00000,49.268,0.144,-0.450
[SHELL] ccB:287,2147515551,1,-0.041,-0.387,0.428,50.515,50.552,49.448,50.503,50.562,49.438
[SHELL] ccA:288,4251618273,203156,0.062,-0.350,0.000,0.000,5.88584,5.88584,24.03,0.029,0.365,0.029,0.365,0.030,0.358,1.00000,49.268,0.830,-0.866
[SHELL] ccB:288,23115,1,0.431,-1.185,0.754,50.512,50.571,49.429,50.515,50.552,49.448
[SHELL] ccA:289,4251728269,203157,0.359,-0.586,0.000,0.000,5.88804,5.88804,23.97,0.023,0.370,0.023,0.370,0.030,0.358,1.00000,49.708,-0.368,-0.165
[SHELL] ccB:289,2147515535,1,-0.403,0.193,0.210,50.494,50.579,49.421,50.512,50.571,49.429
[SHELL] ccA:290,4251838273,203158,-0.047,-0.296,0.000,0.000,5.89441,5.89441,23.98,0.031,0.364,0.031,0.364,0.030,0.358,1.00000,49.708,-0.282,0.009
[SHELL] ccB:290,23115,1,-0.258,0.229,0.029,50.504,50.567,49.433,50.494,50.579,49.421
[SHELL] ccA:291,4251948305,203159,-0.300,0.211,0.000,0.000,5.88115,5.88115,24.07,0.036,0.354,0.036,0.354,0.030,0.358,1.00000,49.268,-0.268,0.989
[SHELL] ccB:291,2147515517,1,0.141,0.809,-0.949,50.524,50.548,49.452,50.504,50.567,49.433
[SHELL] ccA:292,4252058229,203160,-0.464,0.083,0.000,0.000,5.88342,5.88342,23.97,0.040,0.356,0.040,0.356,0.031,0.358,1.00000,49.268,-1.037,-1.653
[SHELL] ccB:292,23093,1,-1.599,-0.170,1.769,50.534,50.550,49.450,50.524,50.548,49.452
[SHELL] ccA:293,4252168317,203161,-0.659,-0.431,0.000,0.000,5.88745,5.88745,24.10,0.044,0.367,0.044,0.367,0.031,0.358,1.00000,49.268,-0.292,0.593
[SHELL] ccB:293,2147515511,1,-0.041,0.591,-0.551,50.555,50.565,49.435,50.534,50.550,49.450
[SHELL] ccA:294,4252278237,203162,-0.493,0.087,0.000,0.000,5.88136,5.88136,23.97,0.041,0.357,0.041,0.357,0.031,0.358,1.00000,49.268,-0.352,0.817
[SHELL] ccB:294,23097,1,-0.004,0.772,-0.768,50.540,50.549,49.451,50.555,50.565,49.435
[SHELL] ccA:295,4252388325,203163,-0.140,0.599,0.000,0.000,5.88525,5.88525,24.09,0.034,0.346,0.034,0.346,0.031,0.358,1.00000,49.708,0.434,0.171
[SHELL] ccB:295,2147515507,1,0.467,-0.242,-0.224,50.500,50.533,49.467,50.540,50.549,49.451
[SHELL] ccA:296,4252498269,203164,0.191,0.375,0.000,0.000,5.88654,5.88654,23.97,0.027,0.350,0.027,0.350,0.031,0.358,1.00000,49.708,0.245,0.341
[SHELL] ccB:296,23113,1,0.358,0.011,-0.369,50.485,50.545,49.455,50.500,50.533,49.467
[SHELL] ccA:297,4252608297,203165,0.339,0.211,0.000,0.000,5.88560,5.88560,24.06,0.024,0.354,0.024,0.354,0.031,0.358,1.00000,49.268,0.432,-0.011
[SHELL] ccB:297,2147515521,1,0.394,-0.351,-0.043,50.485,50.556,49.444,50.485,50.545,49.455
[SHELL] ccA:298,4252718277,203166,0.294,0.226,0.000,0.000,5.88597,5.88597,24.03,0.025,0.353,0.025,0.353,0.031,0.358,1.00000,49.268,0.065,0.583
[SHELL] ccB:298,23117,1,0.286,0.301,-0.587,50.486,50.555,49.445,50.485,50.556,49.444
[SHELL] ccA:299,4252830937,203167,0.076,0.253,0.000,0.000,5.88980,5.88980,25.10,0.029,0.352,0.029,0.352,0.031,0.357,1.00000,49.268,-0.260,-0.142
[SHELL] ccB:299,2147514201,1,-0.294,0.120,0.174,50.494,50.552,49.448,50.486,50.555,49.445
[SHELL] ccA:300,4252938269,203168,0.009,0.199,0.000,0.000,5.87699,5.87699,23.96,0.031,0.353,0.031,0.353,0.031,0.357,1.00000,49.268,0.492,0.496
[SHELL] ccB:300,23113,1,0.648,-0.097,-0.551,50.511,50.549,49.451,50.494,50.552,49.448
[SHELL] ccA:301,4253048261,203169,0.236,0.126,0.000,0.000,5.88220,5.88220,24.03,0.026,0.355,0.026,0.355,0.031,0.357,1.00000,49.268,0.222,-0.349
[SHELL] ccB:301,2147515539,1,0.068,-0.387,0.319,50.495,50.556,49.444,50.511,50.549,49.451
[SHELL] ccA:302,4253158285,203170,0.213,0.137,0.000,0.000,5.88557,5.88557,24.06,0.026,0.355,0.026,0.355,0.031,0.357,1.00000,49.708,-0.083,0.748
[SHELL] ccB:302,23121,1,0.213,0.519,-0.732,50.488,50.552,49.448,50.495,50.556,49.444
[SHELL] ccA:303,4253268237,203171,0.130,0.311,0.000,0.000,5.87965,5.87965,23.97,0.028,0.351,0.028,0.351,0.031,0.357,1.00000,49.708,0.466,0.097
[SHELL] ccB:303,2147515551,1,0.467,-0.315,-0.152,50.493,50.543,49.457,50.488,50.552,49.448
[SHELL] ccA:304,4253378277,203172,0.301,0.326,0.000,0.000,5.88662,5.88662,24.03,0.024,0.350,0.024,0.350,0.030,0.357,1.00000,49.708,0.354,0.364
[SHELL] ccB:304,23117,1,0.467,-0.061,-0.406,50.476,50.547,49.453,50.493,50.543,49.457
[SHELL] ccA:305,4253488297,203173,0.340,0.257,0.000,0.000,5.88712,5.88712,24.06,0.023,0.352,0.023,0.352,0.030,0.357,1.00000,49.708,0.186,0.203
[SHELL] ccB:305,2147515521,1,0.249,-0.025,-0.224,50.475,50.550,49.450,50.476,50.547,49.453
[SHELL] ccA:306,4253598289,203174,0.133,0.118,0.000,0.000,5.88197,5.88197,24.07,0.028,0.354,0.028,0.354,0.030,0.357,1.00000,49.708,-0.193,-0.298
[SHELL] ccB:306,23123,1,-0.294,-0.025,0.319,50.494,50.550,49.450,50.475,50.550,49.450
[SHELL] ccA:307,4253708225,203175,-0.184,0.030,0.000,0.000,5.88838,5.88838,23.96,0.034,0.356,0.034,0.356,0.030,0.357,1.00000,49.708,-0.533,0.515
[SHELL] ccB:307,2147515557,1,-0.294,0.736,-0.442,50.508,50.550,49.450,50.494,50.550,49.450
[SHELL] ccA:308,4253818237,203176,-0.394,0.487,0.000,0.000,5.88704,5.88704,23.97,0.038,0.347,0.038,0.347,0.030,0.356,1.00000,49.708,-0.317,1.217
[SHELL] ccB:308,23097,1,0.177,0.990,-1.167,50.511,50.532,49.468,50.508,50.550,49.450
[SHELL] ccA:309,4253928337,203177,-0.218,0.675,0.000,0.000,5.88414,5.88414,24.10,0.035,0.343,0.035,0.343,0.031,0.356,1.00000,49.268,0.297,-0.249
[SHELL] ccB:309,2147515501,1,0.177,-0.387,0.210,50.503,50.531,49.469,50.511,50.532,49.468
[SHELL] ccA:310,4254038281,203178,0.017,0.161,0.000,0.000,5.88507,5.88507,24.07,0.030,0.353,0.030,0.353,0.031,0.356,1.00000,49.268,-0.209,-0.076
[SHELL] ccB:310,23119,1,-0.222,0.120,0.102,50.501,50.551,49.449,50.503,50.531,49.469
[SHELL] ccA:311,4254148289,203179,-0.018,-0.109,0.000,0.000,5.89341,5.89341,24.07,0.031,0.358,0.031,0.358,0.031,0.356,1.00000,49.708,0.049,-0.036
[SHELL] ccB:311,2147515525,1,0.032,-0.061,0.029,50.497,50.557,49.443,50.501,50.551,49.449
[SHELL] ccA:312,4254258277,203180,-0.006,0.072,0.000,0.000,5.88212,5.88212,24.02,0.031,0.355,0.031,0.355,0.031,0.356,1.00000,49.708,0.087,0.435
[SHELL] ccB:312,23117,1,0.249,0.193,-0.442,50.503,50.548,49.452,50.497,50.557,49.443
[SHELL] ccA:313,4254368321,203181,-0.054,0.069,0.000,0.000,5.88420,5.88420,24.07,0.032,0.355,0.032,0.355,0.031,0.356,1.00000,49.268,-0.438,-0.559
[SHELL] ccB:313,2147515509,1,-0.620,0.011,0.609,50.508,50.553,49.447,50.503,50.548,49.452
[SHELL] ccA:314,4254478233,203182,-0.281,-0.067,0.000,0.000,5.88491,5.88491,23.97,0.036,0.357,0.036,0.357,0.031,0.356,1.00000,49.268,-0.337,0.415
[SHELL] ccB:314,23095,1,-0.149,0.519,-0.369,50.524,50.554,49.446,50.508,50.553,49.447
[SHELL] ccA:315,4254588301,203183,-0.329,0.002,0.000,0.000,5.86929,5.86929,24.09,0.038,0.356,0.038,0.356,0.031,0.356,1.00000,49.268,-0.206,-0.262
[SHELL] ccB:315,2147515519,1,-0.294,0.011,0.283,50.541,50.547,49.453,50.524,50.554,49.446
[SHELL] ccA:316,4254698233,203184,-0.220,0.024,0.000,0.000,5.88108,5.88108,23.97,0.035,0.356,0.035,0.356,0.031,0.356,1.00000,49.268,-0.132,0.206
[SHELL] ccB:316,23095,1,-0.041,0.229,-0.188,50.523,50.551,49.449,50.541,50.547,49.453
[SHELL] ccA:317,4254808269,203185,-0.093,-0.001,0.000,0.000,5.88753,5.88753,23.97,0.033,0.356,0.033,0.356,0.031,0.356,1.00000,49.268,0.098,-0.152
[SHELL] ccB:317,2147515535,1,0.032,-0.170,0.138,50.510,50.555,49.445,50.523,50.551,49.449
[SHELL] ccA:318,4254918265,203186,-0.065,0.098,0.000,0.000,5.88889,5.88889,24.03,0.032,0.354,0.032,0.354,0.031,0.356,1.00000,49.268,-0.326,0.488
[SHELL] ccB:318,23111,1,-0.113,0.555,-0.442,50.505,50.553,49.447,50.510,50.555,49.445
[SHELL] ccA:319,4255028305,203187,-0.162,0.165,0.000,0.000,5.88638,5.88638,24.10,0.034,0.353,0.034,0.353,0.031,0.356,1.00000,49.708,-0.093,-0.164
[SHELL] ccB:319,2147515517,1,-0.149,-0.025,0.174,50.507,50.543,49.457,50.505,50.553,49.447
[SHELL] ccA:320,4255138317,203188,-0.108,0.222,0.000,0.000,5.88005,5.88006,24.10,0.033,0.351,0.033,0.351,0.031,0.356,1.00000,49.708,0.079,0.728
[SHELL] ccB:320,23137,1,0.358,0.374,-0.732,50.509,50.540,49.460,50.507,50.543,49.457
[SHELL] ccA:321,4255248233,203189,-0.031,0.340,0.000,0.000,5.88324,5.88324,23.97,0.032,0.349,0.032,0.349,0.031,0.356,1.00000,49.708,-0.191,0.067
[SHELL] ccB:321,2147515553,1,-0.149,0.193,-0.043,50.499,50.538,49.462,50.509,50.540,49.460
[SHELL] ccA:322,4255358301,203190,-0.020,0.292,0.000,0.000,5.89044,5.89044,24.09,0.032,0.350,0.032,0.350,0.031,0.355,1.00000,49.708,0.221,0.307
[SHELL] ccB:322,23129,1,0.322,0.011,-0.333,50.492,50.542,49.458,50.499,50.538,49.462
[SHELL] ccA:323,4255468237,203191,0.098,0.131,0.000,0.000,5.88440,5.88440,23.97,0.029,0.353,0.029,0.353,0.031,0.355,1.00000,49.708,0.140,-0.157
[SHELL] ccB:323,2147515551,1,0.068,-0.206,0.138,50.495,50.547,49.453,50.492,50.542,49.458
[SHELL] ccA:324,4255578281,203192,0.251,-0.116,0.000,0.000,5.88706,5.88706,24.07,0.026,0.358,0.026,0.358,0.031,0.355,1.00000,49.268,0.502,-0.459
[SHELL] ccB:324,23119,1,0.286,-0.677,0.392,50.494,50.563,49.437,50.495,50.547,49.453
[SHELL] ccA:325,4255688285,203193,0.341,-0.356,0.000,0.000,5.88972,5.88972,24.06,0.024,0.363,0.024,0.363,0.031,0.356,1.00000,49.268,0.219,-0.351
[SHELL] ccB:325,2147515527,1,0.068,-0.387,0.319,50.491,50.573,49.427,50.494,50.563,49.437
[SHELL] ccA:326,4255798281,203194,0.059,-0.341,0.000,0.000,5.87209,5.87210,24.03,0.030,0.363,0.030,0.363,0.031,0.356,1.00000,49.268,-0.706,-0.205
[SHELL] ccB:326,23119,1,-0.729,0.446,0.283,50.524,50.564,49.436,50.491,50.573,49.427
[SHELL] ccA:327,4255908261,203195,-0.267,0.355,0.000,0.000,5.87918,5.87918,23.97,0.036,0.349,0.036,0.349,0.031,0.356,1.00000,49.268,0.127,2.182
[SHELL] ccB:327,2147515539,1,0.974,1.207,-2.182,50.519,50.538,49.462,50.524,50.564,49.436
[SHELL] ccA:328,4256018237,203196,-0.216,1.119,0.000,0.000,5.88721,5.88721,23.96,0.035,0.333,0.035,0.333,0.031,0.355,1.00000,49.268,-0.412,0.316
[SHELL] ccB:328,23097,1,-0.258,0.519,-0.261,50.490,50.516,49.484,50.519,50.538,49.462
[SHELL] ccA:329,4256128289,203197,-0.231,0.767,0.000,0.000,5.88869,5.88870,24.06,0.036,0.339,0.036,0.339,0.031,0.355,1.00000,49.268,-0.229,0.256
[SHELL] ccB:329,2147515525,1,-0.113,0.338,-0.224,50.498,50.527,49.473,50.490,50.516,49.484
[SHELL] ccA:330,4256238273,203198,-0.113,0.050,0.000,0.000,5.88395,5.88395,24.03,0.034,0.354,0.034,0.354,0.031,0.355,1.00000,49.268,0.418,-0.630
[SHELL] ccB:330,23115,1,0.141,-0.713,0.573,50.513,50.550,49.450,50.498,50.527,49.473
[SHELL] ccA:331,4256348277,203199,0.274,-0.100,0.000,0.000,5.88255,5.88255,24.07,0.026,0.357,0.026,0.357,0.031,0.355,1.00000,49.268,0.487,0.604
[SHELL] ccB:331,2147515531,1,0.684,-0.025,-0.659,50.496,50.560,49.440,50.513,50.550,49.450
[SHELL] ccA:332,4256458229,203200,0.408,0.093,0.000,0.000,5.88604,5.88604,23.98,0.023,0.353,0.023,0.353,0.031,0.355,1.00000,49.268,0.239,-0.206
[SHELL] ccB:332,23093,1,0.141,-0.315,0.174,50.480,50.556,49.444,50.496,50.560,49.440
[SHELL] ccA:333,4256568241,203201,0.289,0.072,0.000,0.000,5.87811,5.87811,23.98,0.025,0.353,0.025,0.353,0.031,0.355,1.00000,49.268,0.192,0.094
[SHELL] ccB:333,2147515549,1,0.213,-0.097,-0.116,50.494,50.553,49.447,50.480,50.556,49.444
[SHELL] ccA:334,4256678237,203202,0.148,0.126,0.000,0.000,5.88224,5.88224,23.98,0.028,0.352,0.028,0.352,0.031,0.355,1.00000,49.268,-0.029,0.522
[SHELL] ccB:334,23097,1,0.177,0.338,-0.514,50.496,50.551,49.449,50.494,50.553,49.447
[SHELL] ccA:335,4256788233,203203,0.103,0.423,0.000,0.000,5.89624,5.89624,23.96,0.029,0.346,0.029,0.346,0.031,0.354,1.00000,49.268,0.278,0.554
[SHELL] ccB:335,2147515553,1,0.467,0.120,-0.587,50.478,50.544,49.456,50.496,50.551,49.449
[SHELL] ccA:336,4256898281,203204,0.097,0.441,0.000,0.000,5.87897,5.87897,24.06,0.029,0.345,0.029,0.345,0.031,0.354,1.00000,49.268,-0.141,0.133
[SHELL] ccB:336,23119,1,-0.077,0.193,-0.116,50.494,50.538,49.462,50.478,50.544,49.456
[SHELL] ccA:337,4257008293,203205,-0.070,0.179,0.000,0.000,5.88229,5.88229,24.08,0.032,0.351,0.032,0.351,0.031,0.354,1.00000,49.268,-0.275,-0.105
[SHELL] ccB:337,2147515523,1,-0.294,0.156,0.138,50.506,50.545,49.455,50.494,50.538,49.462
[SHELL] ccA:338,4257118285,203206,-0.150,0.089,0.000,0.000,5.88770,5.88770,24.07,0.034,0.352,0.034,0.352,0.031,0.354,1.00000,49.268,0.089,0.434
[SHELL] ccB:338,23121,1,0.249,0.193,-0.442,50.508,50.549,49.451,50.506,50.545,49.455
[SHELL] ccA:339,4257228233,203207,0.002,0.125,0.000,0.000,5.88501,5.88501,23.98,0.031,0.351,0.031,0.351,0.031,0.354,1.00000,49.268,0.105,-0.262
[SHELL] ccB:339,2147515553,1,-0.004,-0.242,0.247,50.501,50.549,49.451,50.508,50.549,49.451
[SHELL] ccA:340,4257338297,203208,0.046,-0.026,0.000,0.000,5.88541,5.88541,24.07,0.030,0.355,0.030,0.355,0.031,0.354,1.00000,49.268,-0.116,-0.015
[SHELL] ccB:340,23127,1,-0.113,0.084,0.029,50.502,50.554,49.446,50.501,50.549,49.451
[SHELL] ccA:341,4257448233,203209,0.011,-0.222,0.000,0.000,5.88006,5.88006,23.97,0.031,0.359,0.031,0.359,0.031,0.354,1.00000,49.268,0.171,-0.598
[SHELL] ccB:341,2147515553,1,-0.077,-0.496,0.573,50.514,50.559,49.441,50.502,50.554,49.446
[SHELL] ccA:342,4257558293,203210,-0.038,-0.408,0.000,0.000,5.88081,5.88081,24.07,0.032,0.362,0.032,0.362,0.031,0.354,1.00000,49.268,-0.377,-0.422
[SHELL] ccB:342,23125,1,-0.512,0.048,0.464,50.520,50.565,49.435,50.514,50.559,49.441
[SHELL] ccA:343,4257668233,203211,-0.165,-0.456,0.000,0.000,5.88542,5.88542,23.96,0.034,0.364,0.034,0.364,0.031,0.355,1.00000,49.268,-0.079,-0.385
[SHELL] ccB:343,2147515553,1,-0.222,-0.170,0.392,50.525,50.566,49.434,50.520,50.565,49.435
[SHELL] ccA:344,4257778213,203212,-0.144,-0.368,0.000,0.000,5.88127,5.88127,23.97,0.034,0.362,0.034,0.362,0.031,0.355,1.00000,49.268,-0.043,-0.280
[SHELL] ccB:344,23085,1,-0.149,-0.134,0.283,50.526,50.563,49.437,50.525,50.566,49.434
[SHELL] ccA:345,4257888237,203213,-0.069,-0.012,0.000,0.000,5.88238,5.88238,23.97,0.032,0.355,0.032,0.355,0.031,0.355,1.00000,49.268,-0.109,0.897
[SHELL] ccB:345,2147515551,1,0.249,0.628,-0.877,50.512,50.552,49.448,50.526,50.563,49.437
[SHELL] ccA:346,4257998261,203214,-0.064,0.563,0.000,0.000,5.89194,5.89194,23.97,0.032,0.343,0.032,0.343,0.031,0.354,1.00000,49.268,0.005,0.738
[SHELL] ccB:346,23109,1,0.286,0.446,-0.732,50.489,50.536,49.464,50.512,50.552,49.448
[SHELL] ccA:347,4258108305,203215,0.110,0.596,0.000,0.000,5.88432,5.88432,24.06,0.029,0.342,0.029,0.342,0.031,0.354,1.00000,49.268,0.541,0.012
[SHELL] ccB:347,2147515517,1,0.503,-0.424,-0.080,50.485,50.535,49.465,50.489,50.536,49.464
[SHELL] ccA:348,4258218229,203216,0.268,0.056,0.000,0.000,5.88403,5.88403,23.97,0.025,0.353,0.025,0.353,0.031,0.354,1.00000,49.268,-0.013,-0.539
[SHELL] ccB:348,23093,1,-0.222,-0.315,0.537,50.489,50.554,49.446,50.485,50.535,49.465
[SHELL] ccA:349,4258328269,203217,0.247,-0.106,0.000,0.000,5.88575,5.88575,23.96,0.026,0.356,0.026,0.356,0.031,0.354,1.00000,49.268,0.473,0.641
[SHELL] ccB:349,2147515535,1,0.684,0.011,-0.696,50.492,50.560,49.440,50.489,50.554,49.446
[SHELL] ccA:350,4258438253,203218,0.318,0.123,0.000,0.000,5.87961,5.87961,23.97,0.024,0.352,0.024,0.352,0.030,0.354,1.00000,49.268,0.340,-0.253
[SHELL] ccB:350,23105,1,0.213,-0.424,0.210,50.488,50.552,49.448,50.492,50.560,49.440
[SHELL] ccA:351,4258548321,203219,0.214,-0.074,0.000,0.000,5.88503,5.88503,24.10,0.026,0.356,0.026,0.356,0.030,0.354,1.00000,49.268,-0.295,-0.431
[SHELL] ccB:351,2147515509,1,-0.439,-0.025,0.464,50.493,50.558,49.442,50.488,50.552,49.448
[SHELL] ccA:352,4258658237,203220,-0.246,-0.454,0.000,0.000,5.88816,5.88816,23.97,0.035,0.363,0.035,0.363,0.031,0.354,1.00000,49.268,-0.733,-0.702
[SHELL] ccB:352,23097,1,-0.947,0.156,0.790,50.525,50.566,49.434,50.493,50.558,49.442
[SHELL] ccA:353,4258768289,203221,-0.437,-0.540,0.000,0.000,5.88636,5.88636,24.06,0.039,0.365,0.039,0.365,0.031,0.355,1.00000,49.268,0.013,-0.323
[SHELL] ccB:353,2147515525,1,-0.113,-0.206,0.319,50.541,50.566,49.434,50.525,50.566,49.434
[SHELL] ccA:354,4258878233,203222,-0.063,-0.587,0.000,0.000,5.88536,5.88536,23.97,0.032,0.367,0.032,0.367,0.031,0.355,1.00000,49.268,0.455,-1.000
[SHELL] ccB:354,23095,1,0.032,-0.967,0.935,50.522,50.572,49.428,50.541,50.566,49.434
[SHELL] ccA:355,4258988261,203223,0.200,-0.557,0.000,0.000,5.88695,5.88695,24.03,0.027,0.366,0.027,0.366,0.031,0.355,1.00000,49.268,-0.123,0.096
[SHELL] ccB:355,2147515539,1,-0.077,0.156,-0.080,50.505,50.576,49.424,50.522,50.572,49.428
[SHELL] ccA:356,4259098221,203224,0.019,-0.105,0.000,0.000,5.88145,5.88145,23.97,0.030,0.357,0.030,0.357,0.031,0.355,1.00000,49.268,-0.130,0.388
[SHELL] ccB:356,23089,1,0.032,0.338,-0.369,50.510,50.557,49.443,50.505,50.576,49.424
[SHELL] ccA:357,4259208281,203225,-0.036,0.213,0.000,0.000,5.87771,5.87772,24.06,0.031,0.351,0.031,0.351,0.031,0.355,1.00000,49.268,0.241,-0.022
[SHELL] ccB:357,2147515529,1,0.213,-0.206,-0.007,50.509,50.545,49.455,50.510,50.557,49.443
[SHELL] ccA:358,4259318237,203226,0.043,0.002,0.000,0.000,5.88741,5.88741,23.97,0.030,0.355,0.030,0.355,0.031,0.355,1.00000,49.268,-0.179,-0.335
[SHELL] ccB:358,23097,1,-0.294,-0.061,0.355,50.501,50.556,49.444,50.509,50.545,49.455
[SHELL] ccA:359,4259428293,203227,-0.083,-0.119,0.000,0.000,5.88317,5.88318,24.09,0.032,0.358,0.032,0.358,0.031,0.355,1.00000,49.268,-0.214,0.216
[SHELL] ccB:359,2147515523,1,-0.113,0.301,-0.188,50.515,50.557,49.443,50.501,50.556,49.444
[SHELL] ccA:360,4259538281,203228,-0.141,0.043,0.000,0.000,5.88658,5.88658,24.06,0.034,0.354,0.034,0.354,0.031,0.355,1.00000,49.268,0.043,0.075
[SHELL] ccB:360,23119,1,0.068,0.011,-0.080,50.511,50.552,49.448,50.515,50.557,49.443
[SHELL] ccA:361,4259648309,203229,-0.152,-0.093,0.000,0.000,5.88100,5.88101,24.06,0.034,0.357,0.034,0.357,0.031,0.355,1.00000,49.268,-0.479,-0.738
[SHELL] ccB:361,2147515515,1,-0.729,-0.061,0.790,50.521,50.554,49.446,50.511,50.552,49.448
[SHELL] ccA:362,4259758233,203230,-0.296,-0.148,0.000,0.000,5.88319,5.88319,23.97,0.037,0.358,0.037,0.358,0.031,0.355,1.00000,49.268,-0.267,0.807
[SHELL] ccB:362,23095,1,0.068,0.700,-0.768,50.528,50.555,49.445,50.521,50.554,49.446
[SHELL] ccA:363,4259868309,203231,-0.226,0.154,0.000,0.000,5.87759,5.87759,24.10,0.036,0.352,0.036,0.352,0.031,0.355,1.00000,49.268,0.107,-0.261
[SHELL] ccB:363,2147515515,1,-0.004,-0.242,0.247,50.523,50.544,49.456,50.528,50.555,49.445
[SHELL] ccA:364,4259978277,203232,-0.042,-0.142,0.000,0.000,5.88531,5.88531,24.06,0.032,0.358,0.032,0.358,0.031,0.355,1.00000,49.268,-0.117,-0.855
[SHELL] ccB:364,23117,1,-0.439,-0.424,0.863,50.512,50.559,49.441,50.523,50.544,49.456
[SHELL] ccA:365,4260088233,203233,-0.217,-0.569,0.000,0.000,5.87859,5.87859,23.97,0.036,0.367,0.036,0.367,0.031,0.356,1.00000,49.268,-0.741,-0.306
[SHELL] ccB:365,2147515553,1,-0.802,0.410,0.392,50.539,50.568,49.432,50.512,50.559,49.441
[SHELL] ccA:366,4260198273,203234,-0.461,-0.293,0.000,0.000,5.88617,5.88617,24.04,0.041,0.362,0.041,0.362,0.031,0.356,1.00000,49.268,-0.246,0.294
[SHELL] ccB:366,23115,1,-0.113,0.374,-0.261,50.540,50.559,49.441,50.539,50.568,49.432
[SHELL] ccA:367,4260308229,203235,-0.337,0.113,0.000,0.000,5.89202,5.89202,23.97,0.038,0.353,0.038,0.353,0.032,0.356,1.00000,49.268,-0.113,0.168
[SHELL] ccB:367,2147515555,1,-0.041,0.193,-0.152,50.518,50.549,49.451,50.540,50.559,49.441
[SHELL] ccA:368,4260418305,203236,-0.117,0.105,0.000,0.000,5.88536,5.88536,24.10,0.034,0.354,0.034,0.354,0.032,0.356,1.00000,49.268,0.006,-0.213
[SHELL] ccB:368,23131,1,-0.077,-0.134,0.210,50.513,50.550,49.450,50.518,50.549,49.451
[SHELL] ccA:369,4260528233,203237,-0.098,0.084,0.000,0.000,5.88555,5.88555,23.97,0.034,0.354,0.034,0.354,0.032,0.356,1.00000,49.268,-0.293,0.592
[SHELL] ccB:369,2147515553,1,-0.041,0.591,-0.551,50.512,50.551,49.449,50.513,50.550,49.450
[SHELL] ccA:370,4260638237,203238,-0.063,0.536,0.000,0.000,5.88370,5.88370,23.96,0.033,0.345,0.033,0.345,0.032,0.355,1.00000,49.708,0.327,1.172
[SHELL] ccB:370,23097,1,0.757,0.446,-1.203,50.496,50.531,49.469,50.512,50.551,49.449
[SHELL] ccA:371,4260748257,203239,0.015,0.699,0.000,0.000,5.88014,5.88014,23.99,0.031,0.341,0.031,0.341,0.032,0.355,1.00000,49.268,-0.300,-0.139
[SHELL] ccB:371,2147515541,1,-0.331,0.156,0.174,50.495,50.530,49.470,50.496,50.531,49.469
[SHELL] ccA:372,4260858237,203240,-0.120,0.250,0.000,0.000,5.88445,5.88445,23.97,0.034,0.350,0.034,0.350,0.032,0.355,1.00000,49.268,-0.207,0.106
[SHELL] ccB:372,23097,1,-0.149,0.229,-0.080,50.510,50.543,49.457,50.495,50.530,49.470
[SHELL] ccA:373,4260968281,203241,-0.110,-0.007,0.000,0.000,5.88774,5.88774,24.06,0.034,0.355,0.034,0.355,0.032,0.355,1.00000,49.268,0.273,-0.101
[SHELL] ccB:373,2147515529,1,0.213,-0.279,0.065,50.512,50.553,49.447,50.510,50.543,49.457
[SHELL] ccA:374,4261078233,203242,0.321,0.323,0.000,0.000,5.88405,5.88405,23.98,0.025,0.348,0.025,0.348,0.032,0.355,1.00000,49.268,0.945,1.386
[SHELL] ccB:374,23095,1,1.409,0.084,-1.493,50.483,50.547,49.453,50.512,50.553,49.447
[SHELL] ccA:375,4261188317,203243,0.623,0.632,0.000,0.000,5.88480,5.88480,24.10,0.019,0.342,0.019,0.342,0.031,0.354,1.00000,49.268,0.331,-0.144
[SHELL] ccB:375,2147515511,1,0.249,-0.351,0.102,50.457,50.541,49.459,50.483,50.547,49.453
[SHELL] ccA:376,4261298241,203244,0.553,0.403,0.000,0.000,5.88963,5.88963,23.95,0.020,0.346,0.020,0.346,0.031,0.354,1.00000,49.268,0.607,0.513
[SHELL] ccB:376,23099,1,0.757,-0.170,-0.587,50.461,50.548,49.452,50.457,50.541,49.459
[SHELL] ccA:377,4261408317,203245,0.351,0.299,0.000,0.000,5.87527,5.87527,24.10,0.024,0.348,0.024,0.348,0.031,0.354,1.00000,49.268,-0.141,0.315
[SHELL] ccB:377,2147515511,1,-0.004,0.301,-0.297,50.487,50.545,49.455,50.461,50.548,49.452
[SHELL] ccA:378,4261518245,203246,0.135,0.226,0.000,0.000,5.88291,5.88292,23.96,0.028,0.349,0.028,0.349,0.031,0.354,1.00000,49.268,0.214,-0.239
[SHELL] ccB:378,23101,1,0.104,-0.315,0.210,50.494,50.546,49.454,50.487,50.545,49.455
[SHELL] ccA:379,4261628237,203247,0.173,-0.188,0.000,0.000,5.87859,5.87859,23.97,0.027,0.358,0.027,0.358,0.031,0.354,1.00000,49.268,0.405,-0.589
[SHELL] ccB:379,2147515551,1,0.141,-0.677,0.537,50.505,50.559,49.441,50.494,50.546,49.454
[SHELL] ccA:380,4261738273,203248,0.311,-0.277,0.000,0.000,5.88376,5.88376,24.03,0.024,0.360,0.024,0.360,0.031,0.354,1.00000,49.268,0.219,0.308
[SHELL] ccB:380,23115,1,0.322,0.011,-0.333,50.494,50.566,49.434,50.505,50.559,49.441
[SHELL] ccA:381,4261851065,203249,0.239,0.078,0.000,0.000,5.88461,5.88461,26.94,0.026,0.353,0.026,0.353,0.031,0.354,1.00000,49.268,0.111,0.285
[SHELL] ccB:381,2147514137,1,0.213,0.084,-0.297,50.489,50.554,49.446,50.494,50.566,49.434
[SHELL] ccA:382,4261958281,203250,0.118,0.129,0.000,0.000,5.87791,5.87791,24.02,0.028,0.351,0.028,0.351,0.030,0.354,1.00000,49.268,0.032,-0.362
[SHELL] ccB:382,23119,1,-0.113,-0.242,0.355,50.501,50.548,49.452,50.489,50.554,49.446
[SHELL] ccA:383,4262068237,203251,0.018,0.160,0.000,0.000,5.88587,5.88587,23.97,0.030,0.351,0.030,0.351,0.030,0.354,1.00000,49.268,-0.104,1.080
[SHELL] ccB:383,2147515551,1,0.322,0.736,-1.058,50.498,50.548,49.452,50.501,50.548,49.452
[SHELL] ccA:384,4262178269,203252,0.004,0.473,0.000,0.000,5.88597,5.88597,24.02,0.030,0.344,0.030,0.344,0.030,0.354,1.00000,49.708,0.192,0.092
[SHELL] ccB:384,23113,1,0.213,-0.097,-0.116,50.486,50.533,49.467,50.498,50.548,49.452
[SHELL] ccA:385,4262288253,203253,0.068,0.272,0.000,0.000,5.88630,5.88630,23.96,0.029,0.348,0.029,0.348,0.030,0.354,1.00000,49.708,-0.010,-0.174
[SHELL] ccB:385,2147515543,1,-0.077,-0.097,0.174,50.487,50.540,49.460,50.486,50.533,49.467
[SHELL] ccA:386,4262398293,203254,0.115,-0.099,0.000,0.000,5.88713,5.88713,24.10,0.028,0.356,0.028,0.356,0.030,0.354,1.00000,49.708,0.289,-0.140
[SHELL] ccB:386,23125,1,0.213,-0.315,0.102,50.492,50.553,49.447,50.487,50.540,49.460
[SHELL] ccA:387,4262508281,203255,0.085,-0.214,0.000,0.000,5.87977,5.87977,24.06,0.029,0.358,0.029,0.358,0.030,0.354,1.00000,49.708,-0.227,-0.404
[SHELL] ccB:387,2147515529,1,-0.367,-0.061,0.428,50.504,50.554,49.446,50.492,50.553,49.447
[SHELL] ccA:388,4262618293,203256,-0.107,-0.199,0.000,0.000,5.89209,5.89209,24.06,0.033,0.358,0.033,0.358,0.030,0.354,1.00000,49.708,-0.263,0.152
[SHELL] ccB:388,23125,1,-0.186,0.301,-0.116,50.502,50.555,49.445,50.504,50.554,49.446
[SHELL] ccA:389,4262728233,203257,-0.099,-0.007,0.000,0.000,5.88657,5.88657,23.97,0.032,0.354,0.032,0.354,0.030,0.354,1.00000,49.708,0.359,0.071
[SHELL] ccB:389,2147515553,1,0.358,-0.242,-0.116,50.503,50.547,49.453,50.502,50.555,49.445
[SHELL] ccA:390,4262838281,203258,0.107,0.039,0.000,0.000,5.88353,5.88353,24.07,0.028,0.353,0.028,0.353,0.030,0.354,1.00000,49.268,-0.026,-0.136
[SHELL] ccB:390,23119,1,-0.077,-0.061,0.138,50.497,50.552,49.448,50.503,50.547,49.453
[SHELL] ccA:391,4262948293,203259,0.100,0.122,0.000,0.000,5.88010,5.88010,24.06,0.028,0.351,0.028,0.351,0.030,0.354,1.00000,49.268,0.095,0.689
[SHELL] ccB:391,2147515523,1,0.358,0.338,-0.696,50.499,50.549,49.451,50.497,50.552,49.448
[SHELL] ccA:392,4263058241,203260,0.094,0.370,0.000,0.000,5.88193,5.88193,23.97,0.028,0.346,0.028,0.346,0.030,0.354,1.00000,49.268,0.210,0.237
[SHELL] ccB:392,23099,1,0.286,-0.025,-0.261,50.491,50.541,49.459,50.499,50.549,49.451
[SHELL] ccA:393,4263168261,203261,0.263,-0.081,0.000,0.000,5.88794,5.88794,24.02,0.025,0.355,0.025,0.355,0.030,0.354,1.00000,49.708,0.537,-1.487
[SHELL] ccB:393,2147515539,1,-0.077,-1.330,1.406,50.482,50.555,49.445,50.491,50.541,49.459
[SHELL] ccA:394,4263278269,203262,0.431,-0.551,0.000,0.000,5.88798,5.88798,23.97,0.021,0.365,0.021,0.365,0.030,0.354,1.00000,49.708,0.440,0.535
[SHELL] ccB:394,23113,1,0.612,-0.025,-0.587,50.483,50.572,49.428,50.482,50.555,49.445
[SHELL] ccA:395,4263388293,203263,0.215,-0.386,0.000,0.000,5.88838,5.88838,24.07,0.026,0.362,0.026,0.362,0.030,0.354,1.00000,49.708,-0.556,-1.127
[SHELL] ccB:395,2147515523,1,-0.947,-0.242,1.189,50.491,50.565,49.435,50.483,50.572,49.428
[SHELL] ccA:396,4263498241,203264,-0.168,-0.410,0.000,0.000,5.89089,5.89089,23.98,0.033,0.362,0.033,0.362,0.030,0.354,1.00000,49.708,0.001,0.080
[SHELL] ccB:396,23099,1,0.032,0.048,-0.080,50.511,50.561,49.439,50.491,50.565,49.435
[SHELL] ccA:397,4263608229,203265,-0.150,-0.193,0.000,0.000,5.88384,5.88384,23.97,0.033,0.358,0.033,0.358,0.030,0.354,1.00000,49.708,-0.048,0.196
[SHELL] ccB:397,2147515555,1,0.032,0.156,-0.188,50.512,50.553,49.447,50.511,50.561,49.439
[SHELL] ccA:398,4263718269,203266,0.077,0.226,0.000,0.000,5.88340,5.88340,23.96,0.028,0.350,0.028,0.350,0.030,0.354,1.00000,49.268,0.403,0.432
[SHELL] ccB:398,23113,1,0.539,-0.061,-0.478,50.494,50.547,49.453,50.512,50.553,49.447
[SHELL] ccA:399,4263828237,203267,0.017,0.297,0.000,0.000,5.88229,5.88229,23.97,0.030,0.348,0.030,0.348,0.030,0.354,1.00000,49.268,-0.689,0.129
[SHELL] ccB:399,2147515551,1,-0.584,0.628,-0.043,50.497,50.543,49.457,50.494,50.547,49.453
[SHELL] ccA:400,4263938273,203268,-0.185,0.194,0.000,0.000,5.89110,5.89110,24.06,0.034,0.350,0.034,0.350,0.030,0.354,1.00000,49.708,0.234,0.086
[SHELL] ccB:400,23115,1,0.249,-0.134,-0.116,50.498,50.541,49.459,50.497,50.543,49.457
[SHELL] ccA:401,4264048269,203269,-0.103,0.137,0.000,0.000,5.87759,5.87759,23.97,0.032,0.351,0.032,0.351,0.030,0.354,1.00000,49.708,-0.190,0.249
[SHELL] ccB:401,2147515535,1,-0.077,0.301,-0.224,50.507,50.540,49.460,50.498,50.541,49.459
[SHELL] ccA:402,4264158353,203270,0.008,0.178,0.000,0.000,5.88895,5.88895,24.10,0.030,0.350,0.030,0.350,0.030,0.354,1.00000,49.268,0.177,0.130
[SHELL] ccB:402,23155,1,0.213,-0.061,-0.152,50.494,50.548,49.452,50.507,50.540,49.460
[SHELL] ccA:403,4264268233,203271,0.114,0.138,0.000,0.000,5.88278,5.88278,23.97,0.028,0.351,0.028,0.351,0.030,0.354,1.00000,49.268,0.291,0.044
[SHELL] ccB:403,2147515553,1,0.286,-0.206,-0.080,50.494,50.549,49.451,50.494,50.548,49.452
[SHELL] ccA:404,4264378297,203272,0.066,-0.074,0.000,0.000,5.88603,5.88603,24.09,0.029,0.355,0.029,0.355,0.030,0.354,1.00000,49.268,-0.496,-0.514
[SHELL] ccB:404,23127,1,-0.657,0.084,0.573,50.499,50.556,49.444,50.494,50.549,49.451
[SHELL] ccA:405,4264488221,203273,-0.163,-0.091,0.000,0.000,5.88713,5.88713,23.96,0.033,0.356,0.033,0.356,0.030,0.354,1.00000,49.268,0.050,0.622
[SHELL] ccB:405,2147515559,1,0.286,0.338,-0.623,50.511,50.554,49.446,50.499,50.556,49.444
[SHELL] ccA:406,4264598289,203274,-0.027,0.148,0.000,0.000,5.88242,5.88242,24.06,0.031,0.351,0.031,0.351,0.030,0.354,1.00000,49.708,0.290,-0.138
[SHELL] ccB:406,23123,1,0.213,-0.315,0.102,50.498,50.542,49.458,50.511,50.554,49.446
[SHELL] ccA:407,4264708233,203275,0.128,0.128,0.000,0.000,5.87076,5.87076,23.97,0.027,0.351,0.027,0.351,0.030,0.354,1.00000,49.708,-0.117,0.166
[SHELL] ccB:407,2147515553,1,-0.041,0.193,-0.152,50.501,50.541,49.459,50.498,50.542,49.458
[SHELL] ccA:408,4264818241,203276,-0.023,0.064,0.000,0.000,5.88175,5.88175,23.97,0.030,0.352,0.030,0.352,0.030,0.354,1.00000,49.268,-0.149,0.062
[SHELL] ccB:408,23099,1,-0.113,0.156,-0.043,50.505,50.549,49.451,50.501,50.541,49.459
[SHELL] ccA:409,4264928265,203277,-0.052,0.250,0.000,0.000,5.88711,5.88711,24.03,0.031,0.349,0.031,0.349,0.030,0.354,1.00000,49.268,0.209,0.711
[SHELL] ccB:409,2147515537,1,0.467,0.265,-0.732,50.497,50.544,49.456,50.505,50.549,49.451
[SHELL] ccA:410,4265038221,203278,0.044,0.330,0.000,0.000,5.88696,5.88696,23.97,0.029,0.347,0.029,0.347,0.030,0.353,1.00000,49.268,-0.093,-0.164
[SHELL] ccB:410,23089,1,-0.149,-0.025,0.174,50.489,50.543,49.457,50.497,50.544,49.456
[SHELL] ccA:411,4265148237,203279,-0.019,0.128,0.000,0.000,5.88386,5.88386,23.99,0.030,0.351,0.030,0.351,0.030,0.353,1.00000,49.268,-0.098,0.129
[SHELL] ccB:411,2147515551,1,-0.041,0.156,-0.116,50.501,50.547,49.453,50.489,50.543,49.457
[SHELL] ccA:412,4265258233,203280,-0.072,0.089,0.000,0.000,5.88757,5.88757,23.97,0.032,0.352,0.032,0.352,0.030,0.353,1.00000,49.268,0.004,0.262
[SHELL] ccB:412,23095,1,0.104,0.156,-0.261,50.501,50.549,49.451,50.501,50.547,49.453
[SHELL] ccA:413,4265368285,203281,0.017,0.206,0.000,0.000,5.87871,5.87871,24.06,0.030,0.349,0.030,0.349,0.030,0.353,1.00000,49.268,0.159,0.171
[SHELL] ccB:413,2147515527,1,0.213,-0.025,-0.188,50.501,50.544,49.456,50.501,50.549,49.451
[SHELL] ccA:414,4265478277,203282,0.076,0.135,0.000,0.000,5.88548,5.88548,24.06,0.029,0.350,0.029,0.350,0.030,0.353,1.00000,49.268,-0.017,-0.064
[SHELL] ccB:414,23117,1,-0.041,-0.025,0.065,50.493,50.549,49.451,50.501,50.544,49.456
[SHELL] ccA:415,4265588285,203283,0.016,0.161,0.000,0.000,5.88494,5.88494,24.06,0.030,0.350,0.030,0.350,0.030,0.353,1.00000,49.268,-0.060,0.599
[SHELL] ccB:415,2147515527,1,0.177,0.410,-0.587,50.496,50.547,49.453,50.493,50.549,49.451
[SHELL] ccA:416,4265698269,203284,0.005,0.445,0.000,0.000,5.88833,5.88833,23.97,0.030,0.344,0.030,0.344,0.030,0.353,1.00000,49.268,0.159,0.644
[SHELL] ccB:416,23113,1,0.394,0.265,-0.659,50.487,50.538,49.462,50.496,50.547,49.453
[SHELL] ccA:417,4265808261,203285,-0.059,0.599,0.000,0.000,5.88314,5.88314,23.98,0.031,0.341,0.031,0.341,0.030,0.353,1.00000,49.268,-0.494,0.507
[SHELL] ccB:417,2147515539,1,-0.258,0.700,-0.442,50.491,50.530,49.470,50.487,50.538,49.462
[SHELL] ccA:418,4265918301,203286,-0.183,0.587,0.000,0.000,5.88649,5.88649,24.06,0.034,0.341,0.034,0.341,0.030,0.352,1.00000,49.268,0.100,0.689
[SHELL] ccB:418,23129,1,0.358,0.338,-0.696,50.495,50.529,49.471,50.491,50.530,49.470
[SHELL] ccA:419,4266028301,203287,-0.075,0.564,0.000,0.000,5.88168,5.88168,24.06,0.032,0.341,0.032,0.341,0.030,0.352,1.00000,49.268,-0.006,0.373
[SHELL] ccB:419,2147515519,1,0.141,0.229,-0.369,50.494,50.529,49.471,50.495,50.529,49.471
[SHELL] ccA:420,4266138245,203288,-0.031,0.413,0.000,0.000,5.88883,5.88883,23.98,0.031,0.344,0.031,0.344,0.030,0.352,1.00000,49.708,-0.213,0.218
[SHELL] ccB:420,23101,1,-0.113,0.301,-0.188,50.484,50.532,49.468,50.494,50.529,49.471
[SHELL] ccA:421,4266248241,203289,-0.035,-0.116,0.000,0.000,5.88812,5.88812,23.97,0.031,0.354,0.031,0.354,0.030,0.352,1.00000,49.708,0.291,-1.273
[SHELL] ccB:421,2147515549,1,-0.222,-1.003,1.225,50.497,50.549,49.451,50.484,50.532,49.468
[SHELL] ccA:422,4266358277,203290,-0.074,-0.496,0.000,0.000,5.88332,5.88332,24.07,0.032,0.362,0.032,0.362,0.030,0.352,1.00000,49.268,-0.662,0.345
[SHELL] ccB:422,23117,1,-0.476,0.736,-0.261,50.518,50.564,49.436,50.497,50.549,49.451
[SHELL] ccA:423,4266468233,203291,-0.247,-0.200,0.000,0.000,5.88788,5.88788,23.97,0.035,0.356,0.035,0.356,0.030,0.352,1.00000,49.268,0.047,-0.218
[SHELL] ccB:423,2147515553,1,-0.041,-0.170,0.210,50.517,50.554,49.446,50.518,50.564,49.436
[SHELL] ccA:424,4266578297,203292,-0.085,0.282,0.000,0.000,5.88456,5.88456,24.07,0.032,0.346,0.032,0.346,0.030,0.352,1.00000,49.708,0.229,1.220
[SHELL] ccB:424,23127,1,0.684,0.555,-1.239,50.495,50.534,49.466,50.517,50.554,49.446
[SHELL] ccA:425,4266688249,203293,0.299,0.563,0.000,0.000,5.88730,5.88730,23.95,0.024,0.340,0.024,0.340,0.030,0.352,1.00000,49.708,0.691,0.028
[SHELL] ccB:425,2147515545,1,0.648,-0.532,-0.116,50.464,50.531,49.469,50.495,50.534,49.466
[SHELL] ccA:426,4266799013,203294,0.397,0.376,0.000,0.000,5.88198,5.88198,25.41,0.022,0.344,0.022,0.344,0.030,0.352,1.00000,49.708,-0.023,0.229
[SHELL] ccB:426,23485,1,0.068,0.156,-0.224,50.467,50.537,49.463,50.464,50.531,49.469
[SHELL] ccA:427,4266908293,203295,0.221,0.070,0.000,0.000,5.88340,5.88340,24.06,0.026,0.350,0.026,0.350,0.030,0.352,1.00000,49.708,0.239,-0.205
[SHELL] ccB:427,2147515523,1,0.141,-0.315,0.174,50.482,50.545,49.455,50.467,50.537,49.463
[SHELL] ccA:428,4267018237,203296,0.330,-0.070,0.000,0.000,5.88060,5.88060,23.97,0.023,0.353,0.023,0.353,0.030,0.352,1.00000,49.708,0.864,-0.098
[SHELL] ccB:428,23097,1,0.757,-0.750,-0.007,50.482,50.550,49.450,50.482,50.545,49.455
[SHELL] ccA:429,4267128285,203297,0.391,-0.004,0.000,0.000,5.88450,5.88450,24.07,0.022,0.352,0.022,0.352,0.030,0.352,1.00000,49.268,-0.404,0.387
[SHELL] ccB:429,2147515527,1,-0.222,0.555,-0.333,50.477,50.555,49.445,50.482,50.550,49.450
[SHELL] ccA:430,4267238233,203298,0.025,0.187,0.000,0.000,5.89513,5.89513,23.98,0.029,0.348,0.029,0.348,0.030,0.351,1.00000,49.268,0.043,0.074
[SHELL] ccB:430,23095,1,0.068,0.011,-0.080,50.483,50.546,49.454,50.477,50.555,49.445
[SHELL] ccA:431,4267348313,203299,0.030,0.058,0.000,0.000,5.88447,5.88447,24.10,0.029,0.350,0.029,0.350,0.030,0.351,1.00000,49.708,0.438,-0.304
[SHELL] ccB:431,2147515513,1,0.286,-0.532,0.247,50.491,50.543,49.457,50.483,50.546,49.454
[SHELL] ccA:432,4267458233,203300,0.231,-0.232,0.000,0.000,5.88772,5.88772,23.97,0.025,0.356,0.025,0.356,0.029,0.352,1.00000,49.708,0.003,-0.395
[SHELL] ccB:432,23095,1,-0.149,-0.242,0.392,50.483,50.556,49.444,50.491,50.543,49.457
[SHELL] ccA:433,4267568309,203301,0.204,-0.193,0.000,0.000,5.88983,5.88983,24.10,0.025,0.356,0.025,0.356,0.029,0.352,1.00000,49.268,0.371,0.324
[SHELL] ccB:433,2147515515,1,0.467,-0.097,-0.369,50.486,50.560,49.440,50.483,50.556,49.444
[SHELL] ccA:434,4267678277,203302,0.163,-0.023,0.000,0.000,5.88206,5.88206,24.06,0.026,0.352,0.026,0.352,0.029,0.352,1.00000,49.268,-0.094,-0.347
[SHELL] ccB:434,23117,1,-0.222,-0.134,0.355,50.491,50.552,49.448,50.486,50.560,49.440
[SHELL] ccA:435,4267788269,203303,-0.016,-0.229,0.000,0.000,5.88905,5.88905,24.03,0.030,0.356,0.030,0.356,0.029,0.352,1.00000,49.268,-0.249,-0.545
[SHELL] ccB:435,2147515535,1,-0.439,-0.134,0.573,50.500,50.558,49.442,50.491,50.552,49.448
[SHELL] ccA:436,4267898269,203304,-0.158,-0.292,0.000,0.000,5.88484,5.88484,23.97,0.033,0.358,0.033,0.358,0.029,0.352,1.00000,49.268,-0.039,0.268
[SHELL] ccB:436,23113,1,0.068,0.193,-0.261,50.514,50.557,49.443,50.500,50.558,49.442
[SHELL] ccA:437,4268008285,203305,-0.004,-0.120,0.000,0.000,5.88885,5.88885,24.06,0.029,0.354,0.029,0.354,0.029,0.352,1.00000,49.268,0.309,-0.472
[SHELL] ccB:437,2147515527,1,0.104,-0.532,0.428,50.497,50.555,49.445,50.514,50.557,49.443
[SHELL] ccA:438,4268118233,203306,0.123,-0.237,0.000,0.000,5.88883,5.88883,23.97,0.027,0.357,0.027,0.357,0.029,0.352,1.00000,49.708,-0.087,-0.274
[SHELL] ccB:438,23095,1,-0.186,-0.097,0.283,50.488,50.556,49.444,50.497,50.555,49.445
[SHELL] ccA:439,4268228229,203307,0.008,-0.314,0.000,0.000,5.88587,5.88587,23.97,0.029,0.359,0.029,0.359,0.029,0.352,1.00000,49.708,-0.102,-0.236
[SHELL] ccB:439,2147515555,1,-0.186,-0.061,0.247,50.500,50.556,49.444,50.488,50.556,49.444
[SHELL] ccA:440,4268338289,203308,-0.067,-0.204,0.000,0.000,5.88422,5.88422,24.07,0.031,0.356,0.031,0.356,0.029,0.352,1.00000,49.268,0.024,-0.069
[SHELL] ccB:440,23123,1,-0.004,-0.061,0.065,50.508,50.556,49.444,50.500,50.556,49.444
[SHELL] ccA:441,4268448277,203309,0.055,-0.000,0.000,0.000,5.89015,5.89015,24.06,0.028,0.352,0.028,0.352,0.029,0.352,1.00000,49.268,0.272,0.373
[SHELL] ccB:441,2147515531,1,0.394,0.011,-0.406,50.490,50.553,49.447,50.508,50.556,49.444
[SHELL] ccA:442,4268558249,203310,0.082,-0.086,0.000,0.000,5.88399,5.88399,24.02,0.028,0.354,0.028,0.354,0.029,0.352,1.00000,49.268,-0.242,-1.022
[SHELL] ccB:442,23103,1,-0.620,-0.424,1.044,50.497,50.555,49.445,50.490,50.553,49.447
[SHELL] ccA:443,4268668277,203311,-0.032,-0.446,0.000,0.000,5.87668,5.87668,24.06,0.030,0.362,0.030,0.362,0.029,0.353,1.00000,49.268,0.083,-0.112
[SHELL] ccB:443,2147515531,1,0.032,-0.134,0.102,50.519,50.563,49.437,50.497,50.555,49.445
[SHELL] ccA:444,4268778281,203312,-0.047,-0.343,0.000,0.000,5.88796,5.88796,24.06,0.030,0.360,0.030,0.360,0.029,0.353,1.00000,49.708,-0.110,-0.125
[SHELL] ccB:444,23119,1,-0.149,0.011,0.138,50.502,50.558,49.442,50.519,50.563,49.437
[SHELL] ccA:445,4268888281,203313,0.017,0.042,0.000,0.000,5.88592,5.88592,24.02,0.029,0.352,0.029,0.352,0.029,0.353,1.00000,49.268,0.206,0.529
[SHELL] ccB:445,2147515529,1,0.394,0.156,-0.551,50.496,50.551,49.449,50.502,50.558,49.442
[SHELL] ccA:446,4268998305,203314,0.237,0.479,0.000,0.000,5.88810,5.88810,24.10,0.024,0.343,0.024,0.343,0.029,0.353,1.00000,49.268,0.645,0.983
[SHELL] ccB:446,23131,1,0.974,0.084,-1.058,50.471,50.540,49.460,50.496,50.551,49.449
[SHELL] ccA:447,4269108269,203315,0.576,0.701,0.000,0.000,5.88269,5.88269,23.97,0.017,0.338,0.017,0.338,0.029,0.352,1.00000,49.268,0.809,0.309
[SHELL] ccB:447,2147515535,1,0.866,-0.460,-0.406,50.450,50.535,49.465,50.471,50.540,49.460
[SHELL] ccA:448,4269218253,203316,0.662,0.545,0.000,0.000,5.89216,5.89216,23.98,0.015,0.341,0.015,0.341,0.029,0.352,1.00000,49.268,0.384,0.577
[SHELL] ccB:448,23105,1,0.576,0.048,-0.623,50.439,50.544,49.456,50.450,50.535,49.465
[SHELL] ccA:449,4269328285,203317,0.451,0.324,0.000,0.000,5.87916,5.87916,24.06,0.019,0.345,0.019,0.345,0.028,0.352,1.00000,49.708,0.224,-0.166
[SHELL] ccB:449,2147515527,1,0.141,-0.279,0.138,50.463,50.540,49.460,50.439,50.544,49.456
[SHELL] ccA:450,4269438233,203318,0.074,-0.020,0.000,0.000,5.88856,5.88856,23.97,0.027,0.352,0.027,0.352,0.028,0.352,1.00000,49.708,-0.537,-0.325
[SHELL] ccB:450,23095,1,-0.620,0.229,0.392,50.483,50.548,49.452,50.463,50.540,49.460
[SHELL] ccA:451,4269548285,203319,-0.164,-0.181,0.000,0.000,5.89102,5.89102,24.06,0.032,0.355,0.032,0.355,0.028,0.352,1.00000,49.708,0.193,0.091
[SHELL] ccB:451,2147515527,1,0.213,-0.097,-0.116,50.498,50.551,49.449,50.483,50.548,49.452
[SHELL] ccA:452,4269658225,203320,0.014,-0.068,0.000,0.000,5.88446,5.88446,23.97,0.028,0.353,0.028,0.353,0.028,0.352,1.00000,49.708,0.207,-0.128
[SHELL] ccB:452,23091,1,0.141,-0.242,0.102,50.492,50.548,49.452,50.498,50.551,49.449
[SHELL] ccA:453,4269768233,203321,0.146,0.016,0.000,0.000,5.87956,5.87956,23.97,0.025,0.352,0.025,0.352,0.028,0.352,1.00000,49.708,-0.024,0.229
[SHELL] ccB:453,2147515553,1,0.068,0.156,-0.224,50.487,50.546,49.454,50.492,50.548,49.452
[SHELL] ccA:454,4269878221,203322,0.052,0.028,0.000,0.000,5.88785,5.88785,23.97,0.027,0.351,0.027,0.351,0.028,0.352,1.00000,49.708,0.047,-0.218
[SHELL] ccB:454,23089,1,-0.041,-0.170,0.210,50.484,50.547,49.453,50.487,50.546,49.454
[SHELL] ccA:455,4269988241,203323,0.080,-0.039,0.000,0.000,5.87915,5.87915,23.97,0.027,0.353,0.027,0.353,0.028,0.352,1.00000,49.708,0.250,0.050
[SHELL] ccB:455,2147515549,1,0.249,-0.170,-0.080,50.492,50.547,49.453,50.484,50.547,49.453
[SHELL] ccA:456,4270098277,203324,0.127,-0.173,0.000,0.000,5.88476,5.88476,24.06,0.026,0.355,0.026,0.355,0.028,0.352,1.00000,49.268,-0.039,-0.572
[SHELL] ccB:456,23117,1,-0.258,-0.315,0.573,50.492,50.558,49.442,50.492,50.547,49.453
[SHELL] ccA:457,4270208241,203325,0.077,-0.240,0.000,0.000,5.88513,5.88513,23.97,0.027,0.357,0.027,0.357,0.028,0.352,1.00000,49.268,0.135,0.136
[SHELL] ccB:457,2147515549,1,0.177,-0.025,-0.152,50.496,50.560,49.440,50.492,50.558,49.442
[SHELL] ccA:458,4270318281,203326,0.061,-0.366,0.000,0.000,5.88385,5.88385,24.06,0.027,0.360,0.027,0.360,0.028,0.352,1.00000,49.268,0.014,-1.164
[SHELL] ccB:458,23119,1,-0.439,-0.713,1.153,50.501,50.564,49.436,50.496,50.560,49.440
[SHELL] ccA:459,4270428225,203327,-0.014,-0.722,0.000,0.000,5.88021,5.88021,23.97,0.028,0.367,0.028,0.367,0.028,0.353,1.00000,49.268,-0.220,-0.696
[SHELL] ccB:459,2147515557,1,-0.476,-0.242,0.718,50.518,50.574,49.426,50.501,50.564,49.436
[SHELL] ccA:460,4270538317,203328,-0.119,-0.636,0.000,0.000,5.88327,5.88327,24.09,0.031,0.366,0.031,0.366,0.028,0.353,1.00000,49.708,-0.050,0.013
[SHELL] ccB:460,23137,1,-0.041,0.048,-0.007,50.514,50.566,49.434,50.518,50.574,49.426
[SHELL] ccA:461,4270648237,203329,-0.248,0.082,0.000,0.000,5.87569,5.87569,23.97,0.033,0.351,0.033,0.351,0.028,0.353,1.00000,49.708,-0.672,0.998
[SHELL] ccB:461,2147515551,1,-0.222,1.135,-0.913,50.512,50.539,49.461,50.514,50.566,49.434
[SHELL] ccA:462,4270758249,203330,-0.348,0.522,0.000,0.000,5.88707,5.88707,23.98,0.035,0.342,0.035,0.342,0.028,0.353,1.00000,49.268,0.001,0.080
[SHELL] ccB:462,23103,1,0.032,0.048,-0.080,50.501,50.531,49.469,50.512,50.539,49.461
[SHELL] ccA:463,4270868233,203331,-0.179,0.220,0.000,0.000,5.88504,5.88504,23.97,0.032,0.348,0.032,0.348,0.029,0.353,1.00000,49.268,-0.044,-0.280
[SHELL] ccB:463,2147515553,1,-0.149,-0.134,0.283,50.501,50.542,49.458,50.501,50.531,49.469
[SHELL] ccA:464,4270978237,203332,-0.026,-0.181,0.000,0.000,5.87879,5.87879,23.97,0.029,0.356,0.029,0.356,0.029,0.353,1.00000,49.708,-0.018,-0.246
[SHELL] ccB:464,23097,1,-0.113,-0.134,0.247,50.504,50.551,49.449,50.501,50.542,49.458
[SHELL] ccA:465,4271088273,203333,0.093,-0.042,0.000,0.000,5.89281,5.89281,23.97,0.027,0.353,0.027,0.353,0.029,0.353,1.00000,49.708,0.452,0.605
[SHELL] ccB:465,2147515533,1,0.648,0.011,-0.659,50.480,50.552,49.448,50.504,50.551,49.449
[SHELL] ccA:466,4271198297,203334,0.118,0.064,0.000,0.000,5.88279,5.88279,24.06,0.026,0.351,0.026,0.351,0.028,0.353,1.00000,49.268,-0.413,-0.709
[SHELL] ccB:466,23127,1,-0.657,-0.097,0.754,50.490,50.551,49.449,50.480,50.552,49.448
[SHELL] ccA:467,4271308321,203335,-0.114,-0.135,0.000,0.000,5.87862,5.87862,24.06,0.031,0.355,0.031,0.355,0.029,0.353,1.00000,49.268,-0.082,0.272
[SHELL] ccB:467,2147515509,1,0.032,0.229,-0.261,50.512,50.553,49.447,50.490,50.551,49.449
[SHELL] ccA:468,4271418269,203336,-0.073,0.180,0.000,0.000,5.87841,5.87841,24.03,0.030,0.349,0.030,0.349,0.029,0.353,1.00000,49.268,0.286,0.885
[SHELL] ccB:468,23113,1,0.612,0.301,-0.913,50.502,50.543,49.457,50.512,50.553,49.447
[SHELL] ccA:469,4271528301,203337,0.133,0.484,0.000,0.000,5.88533,5.88533,24.09,0.026,0.343,0.026,0.343,0.028,0.352,1.00000,49.268,0.041,-0.108
[SHELL] ccB:469,2147515519,1,-0.004,-0.097,0.102,50.477,50.538,49.462,50.502,50.543,49.457
[SHELL] ccA:470,4271638237,203338,0.019,0.105,0.000,0.000,5.88100,5.88100,23.97,0.028,0.350,0.028,0.350,0.028,0.352,1.00000,49.268,-0.293,-0.249
[SHELL] ccB:470,23097,1,-0.367,0.084,0.283,50.496,50.547,49.453,50.477,50.538,49.462
[SHELL] ccA:471,4271748233,203339,-0.182,-0.117,0.000,0.000,5.88322,5.88322,23.97,0.032,0.355,0.032,0.355,0.029,0.352,1.00000,49.708,-0.182,0.139
[SHELL] ccB:471,2147515553,1,-0.113,0.229,-0.116,50.506,50.547,49.453,50.496,50.547,49.453
[SHELL] ccA:472,4271858321,203340,-0.134,-0.023,0.000,0.000,5.90239,5.90239,24.09,0.031,0.353,0.031,0.353,0.029,0.352,1.00000,49.268,0.122,-0.120
[SHELL] ccB:472,23139,1,0.068,-0.170,0.102,50.488,50.555,49.445,50.506,50.547,49.453
[SHELL] ccA:473,4271968233,203341,0.060,0.099,0.000,0.000,5.87916,5.87916,23.97,0.027,0.350,0.027,0.350,0.029,0.352,1.00000,49.268,0.177,0.497
[SHELL] ccB:473,2147515553,1,0.358,0.156,-0.514,50.496,50.547,49.453,50.488,50.555,49.445
[SHELL] ccA:474,4272078289,203342,0.238,0.141,0.000,0.000,5.88818,5.88818,24.03,0.024,0.349,0.024,0.349,0.028,0.352,1.00000,49.268,0.478,-0.311
[SHELL] ccB:474,23123,1,0.322,-0.569,0.247,50.476,50.551,49.449,50.496,50.547,49.453
[SHELL] ccA:475,4272188225,203343,0.375,-0.042,0.000,0.000,5.89621,5.89621,23.96,0.021,0.353,0.021,0.353,0.028,0.352,1.00000,49.268,0.365,-0.043
[SHELL] ccB:475,2147515557,1,0.322,-0.315,-0.007,50.464,50.561,49.439,50.476,50.551,49.449
[SHELL] ccA:476,4272308761,203344,0.405,0.027,0.000,0.000,5.88180,5.88180,26.93,0.020,0.352,0.020,0.352,0.028,0.352,1.00000,49.268,0.411,0.504
[SHELL] ccB:476,28359,1,0.576,-0.025,-0.551,50.474,50.555,49.445,50.464,50.561,49.439
[SHELL] ccA:477,4272408237,203345,0.236,0.150,0.000,0.000,5.88105,5.88105,23.97,0.023,0.349,0.023,0.349,0.028,0.352,1.00000,49.268,-0.243,-0.365
[SHELL] ccB:477,2147515551,1,-0.367,-0.025,0.392,50.481,50.549,49.451,50.474,50.555,49.445
[SHELL] ccA:478,4272518273,203346,-0.108,-0.034,0.000,0.000,5.88499,5.88499,24.04,0.030,0.353,0.030,0.353,0.028,0.352,1.00000,49.268,-0.357,0.089
[SHELL] ccB:478,23115,1,-0.294,0.338,-0.043,50.501,50.551,49.449,50.481,50.549,49.451
[SHELL] ccA:479,4272628265,203347,-0.224,-0.038,0.000,0.000,5.88964,5.88964,24.03,0.033,0.353,0.033,0.353,0.028,0.352,1.00000,49.268,0.059,0.036
[SHELL] ccB:479,2147515537,1,0.068,-0.025,-0.043,50.504,50.551,49.449,50.501,50.551,49.449
[SHELL] ccA:480,4272738281,203348,-0.059,0.106,0.000,0.000,5.88538,5.88538,24.02,0.029,0.350,0.029,0.350,0.028,0.352,1.00000,49.268,0.003,0.262
[SHELL] ccB:480,23119,1,0.104,0.156,-0.261,50.495,50.547,49.453,50.504,50.551,49.449
[SHELL] ccA:481,4272848289,203349,0.005,0.235,0.000,0.000,5.88642,5.88642,24.07,0.028,0.347,0.028,0.347,0.028,0.352,1.00000,49.268,-0.045,0.378
[SHELL] ccB:481,2147515525,1,0.104,0.265,-0.369,50.487,50.544,49.456,50.495,50.547,49.453
[SHELL] ccA:482,4272958225,203350,0.076,0.463,0.000,0.000,5.88413,5.88413,23.97,0.027,0.343,0.027,0.343,0.028,0.352,1.00000,49.268,0.391,0.835
[SHELL] ccB:482,23091,1,0.684,0.193,-0.877,50.480,50.537,49.463,50.487,50.544,49.456
[SHELL] ccA:483,4273068289,203351,0.099,0.177,0.000,0.000,5.88070,5.88070,24.09,0.026,0.348,0.026,0.348,0.028,0.352,1.00000,49.708,-0.341,-1.339
[SHELL] ccB:483,2147515525,1,-0.838,-0.532,1.370,50.484,50.540,49.460,50.480,50.537,49.463
[SHELL] ccA:484,4273178233,203352,-0.020,-0.402,0.000,0.000,5.88852,5.88852,23.97,0.028,0.360,0.028,0.360,0.028,0.352,1.00000,49.708,0.211,0.236
[SHELL] ccB:484,23095,1,0.286,-0.025,-0.261,50.497,50.560,49.440,50.484,50.540,49.460
[SHELL] ccA:485,4273288237,203353,0.077,-0.167,0.000,0.000,5.88094,5.88094,23.98,0.027,0.355,0.027,0.355,0.028,0.352,1.00000,49.708,0.226,0.199
[SHELL] ccB:485,2147515551,1,0.286,-0.061,-0.224,50.493,50.552,49.448,50.497,50.560,49.440
[SHELL] ccA:486,4273398237,203354,0.248,0.240,0.000,0.000,5.89294,5.89294,23.97,0.023,0.347,0.023,0.347,0.028,0.352,1.00000,49.708,0.330,0.328
[SHELL] ccB:486,23097,1,0.431,-0.061,-0.369,50.462,50.544,49.456,50.493,50.552,49.448
[SHELL] ccA:487,4273508233,203355,0.198,0.173,0.000,0.000,5.88457,5.88457,23.97,0.024,0.348,0.024,0.348,0.028,0.352,1.00000,49.268,-0.093,-0.164
[SHELL] ccB:487,2147515553,1,-0.149,-0.025,0.174,50.479,50.548,49.452,50.462,50.544,49.456
[SHELL] ccA:488,4273618229,203356,-0.052,-0.253,0.000,0.000,5.87123,5.87123,23.98,0.029,0.357,0.029,0.357,0.028,0.352,1.00000,49.268,-0.354,-1.011
[SHELL] ccB:488,23093,1,-0.729,-0.315,1.044,50.516,50.555,49.445,50.479,50.548,49.452
[SHELL] ccA:489,4273728265,203357,-0.198,-0.508,0.000,0.000,5.88458,5.88458,24.02,0.032,0.362,0.032,0.362,0.028,0.352,1.00000,49.268,0.010,0.152
[SHELL] ccB:489,2147515537,1,0.068,0.084,-0.152,50.518,50.565,49.435,50.516,50.555,49.445
[SHELL] ccA:490,4273838237,203358,-0.104,0.056,0.000,0.000,5.88567,5.88567,23.96,0.030,0.351,0.030,0.351,0.028,0.352,1.00000,49.708,-0.081,0.931
[SHELL] ccB:490,23097,1,0.286,0.628,-0.913,50.494,50.544,49.456,50.518,50.565,49.435
[SHELL] ccA:491,4273948213,203359,0.144,0.419,0.000,0.000,5.88087,5.88087,23.97,0.025,0.344,0.025,0.344,0.028,0.352,1.00000,49.708,0.730,-0.337
[SHELL] ccB:491,2147515563,1,0.539,-0.786,0.247,50.475,50.534,49.466,50.494,50.544,49.456
[SHELL] ccA:492,4274058237,203360,0.332,-0.024,0.000,0.000,5.88128,5.88128,23.98,0.021,0.352,0.021,0.352,0.028,0.352,1.00000,49.268,-0.052,-0.352
[SHELL] ccB:492,23097,1,-0.186,-0.170,0.355,50.479,50.556,49.444,50.475,50.534,49.466
[SHELL] ccA:493,4274168225,203361,0.073,-0.156,0.000,0.000,5.89320,5.89320,23.98,0.026,0.355,0.026,0.355,0.028,0.352,1.00000,49.268,-0.333,0.418
[SHELL] ccB:493,2147515557,1,-0.149,0.519,-0.369,50.485,50.560,49.440,50.479,50.556,49.444
[SHELL] ccA:494,4274278233,203362,-0.109,0.069,0.000,0.000,5.87845,5.87845,23.98,0.030,0.351,0.030,0.351,0.028,0.352,1.00000,49.268,0.282,-0.209
[SHELL] ccB:494,23095,1,0.177,-0.351,0.174,50.504,50.546,49.454,50.485,50.560,49.440
[SHELL] ccA:495,4274388281,203363,-0.130,0.281,0.000,0.000,5.88695,5.88695,24.07,0.030,0.346,0.030,0.346,0.028,0.352,1.00000,49.268,-0.751,1.126
[SHELL] ccB:495,2147515529,1,-0.258,1.280,-1.022,50.492,50.541,49.459,50.504,50.546,49.454
[SHELL] ccA:496,4274498301,203364,-0.119,0.890,0.000,0.000,5.89461,5.89461,24.04,0.030,0.334,0.030,0.334,0.028,0.351,1.00000,49.268,0.746,1.515
[SHELL] ccB:496,23129,1,1.264,0.338,-1.602,50.470,50.523,49.477,50.492,50.541,49.459
[SHELL] ccA:497,4274608249,203365,0.144,1.018,0.000,0.000,5.87463,5.87463,23.96,0.025,0.331,0.025,0.331,0.028,0.351,1.00000,49.268,-0.166,-0.083
[SHELL] ccB:497,2147515545,1,-0.186,0.084,0.102,50.470,50.516,49.484,50.470,50.523,49.477
[SHELL] ccA:498,4274718233,203366,0.134,0.262,0.000,0.000,5.88310,5.88310,23.97,0.025,0.346,0.025,0.346,0.028,0.351,1.00000,49.268,0.122,-0.300
[SHELL] ccB:498,23095,1,-0.004,-0.279,0.283,50.480,50.542,49.458,50.470,50.516,49.484
[SHELL] ccA:499,4274828237,203367,0.102,-0.042,0.000,0.000,5.88399,5.88399,23.97,0.026,0.352,0.026,0.352,0.028,0.351,1.00000,49.268,0.329,0.514
[SHELL] ccB:499,2147515551,1,0.503,0.048,-0.551,50.488,50.552,49.448,50.480,50.542,49.458
[SHELL] ccA:500,4274938293,203368,0.210,0.191,0.000,0.000,5.88506,5.88506,24.06,0.023,0.347,0.023,0.347,0.028,0.351,1.00000,49.268,0.059,0.036
[SHELL] ccB:500,23125,1,0.068,-0.025,-0.043,50.475,50.546,49.454,50.488,50.552,49.448
[SHELL] ccA:501,4275048241,203369,0.281,0.210,0.000,0.000,5.88162,5.88162,23.97,0.022,0.346,0.022,0.346,0.027,0.351,1.00000,49.268,0.675,0.253
[SHELL] ccB:501,2147515549,1,0.721,-0.387,-0.333,50.473,50.545,49.455,50.475,50.546,49.454
[SHELL] ccA:502,4275158265,203370,0.259,-0.042,0.000,0.000,5.88798,5.88798,24.03,0.022,0.351,0.022,0.351,0.027,0.351,1.00000,49.268,-0.375,-0.712
[SHELL] ccB:502,23111,1,-0.620,-0.134,0.754,50.474,50.555,49.445,50.473,50.545,49.455
[SHELL] ccA:503,4275268297,203371,-0.116,-0.252,0.000,0.000,5.88269,5.88269,24.06,0.030,0.356,0.030,0.356,0.027,0.351,1.00000,49.268,-0.389,0.165
[SHELL] ccB:503,2147515521,1,-0.294,0.410,-0.116,50.506,50.556,49.444,50.474,50.555,49.445
[SHELL] ccA:504,4275378237,203372,-0.291,-0.139,0.000,0.000,5.88574,5.88574,23.98,0.033,0.354,0.033,0.354,0.028,0.351,1.00000,49.268,-0.010,-0.174
[SHELL] ccB:504,23097,1,-0.077,-0.097,0.174,50.510,50.550,49.450,50.506,50.556,49.444
[SHELL] ccA:505,4275488293,203373,-0.061,-0.077,0.000,0.000,5.88696,5.88696,24.10,0.029,0.352,0.029,0.352,0.028,0.351,1.00000,49.268,0.165,-0.124
[SHELL] ccB:505,2147515523,1,0.104,-0.206,0.102,50.495,50.552,49.448,50.510,50.550,49.450
[SHELL] ccA:506,4275598237,203374,0.089,0.032,0.000,0.000,5.88362,5.88362,23.97,0.026,0.350,0.026,0.350,0.028,0.351,1.00000,49.268,0.038,0.550
[SHELL] ccB:506,23097,1,0.249,0.301,-0.551,50.487,50.549,49.451,50.495,50.552,49.448
[SHELL] ccA:507,4275708293,203375,-0.036,-0.025,0.000,0.000,5.89244,5.89244,24.07,0.028,0.351,0.028,0.351,0.028,0.351,1.00000,49.268,-0.385,-1.075
[SHELL] ccB:507,2147515523,1,-0.765,-0.351,1.117,50.487,50.552,49.448,50.487,50.549,49.451
[SHELL] ccA:508,4275818277,203376,-0.192,-0.333,0.000,0.000,5.88739,5.88739,24.02,0.031,0.358,0.031,0.358,0.028,0.351,1.00000,49.268,-0.038,0.268
[SHELL] ccB:508,23117,1,0.068,0.193,-0.261,50.508,50.559,49.441,50.487,50.552,49.448
[SHELL] ccA:509,4275928281,203377,-0.166,-0.181,0.000,0.000,5.89492,5.89492,24.07,0.031,0.355,0.031,0.355,0.028,0.351,1.00000,49.268,-0.203,-0.185
[SHELL] ccB:509,2147515529,1,-0.258,0.048,0.210,50.496,50.556,49.444,50.508,50.559,49.441
[SHELL] ccA:510,4276038225,203378,-0.059,-0.012,0.000,0.000,5.88784,5.88784,23.97,0.029,0.351,0.029,0.351,0.028,0.351,1.00000,49.268,0.209,0.053
[SHELL] ccB:510,23091,1,0.213,-0.134,-0.080,50.493,50.550,49.450,50.496,50.556,49.444
[SHELL] ccA:511,4276148237,203379,0.073,0.025,0.000,0.000,5.88469,5.88469,23.97,0.026,0.351,0.026,0.351,0.028,0.351,1.00000,49.268,0.077,0.180
[SHELL] ccB:511,2147515551,1,0.141,0.048,-0.188,50.488,50.550,49.450,50.493,50.550,49.450
