time_us,throttle_a,throttle_b,duty_u,duty_v,duty_w,i_a,i_b,i_c,theta_e,omega_e
0,0,0,0,0,0,0,0,-0,0,0
99,0,0,0,0,0,0,0,-0,0,0
199,0,0,0,0,0,0,0,-0,0,0
299,0,0,0,0,0,0,0,-0,0,0
399,0,0,0,0,0,0,0,-0,0,0
499,0,0,0,0,0,0,0,-0,0,0
599,0,0,0,0,0,0,0,-0,0,0
699,0,0,0,0,0,0,0,-0,0,0
799,0,0,0,0,0,0,0,-0,0,0
899,0,0,0,0,0,0,0,-0,0,0
999,0,0,0,0,0,0,0,-0,0,0
1099,0,0,0,0,0,0,0,-0,0,0
1199,0,0,0,0,0,0,0,-0,0,0
1299,0,0,0,0,0,0,0,-0,0,0
1399,0,0,0,0,0,0,0,-0,0,0
1499,0,0,0,0,0,0,0,-0,0,0
1599,0,0,0,0,0,0,0,-0,0,0
1699,0,0,0,0,0,0,0,-0,0,0
1799,0,0,0,0,0,0,0,-0,0,0
1899,0,0,0,0,0,0,0,-0,0,0
1999,0,0,0,0,0,0,0,-0,0,0
2099,0,0,0,0,0,0,0,-0,0,0
2199,0,0,0,0,0,0,0,-0,0,0
2299,0,0,0,0,0,0,0,-0,0,0
2399,0,0,0,0,0,0,0,-0,0,0
2499,0,0,0,0,0,0,0,-0,0,0
2599,0,0,0,0,0,0,0,-0,0,0
2699,0,0,0,0,0,0,0,-0,0,0
2799,0,0,0,0,0,0,0,-0,0,0
2899,0,0,0,0,0,0,0,-0,0,0
3000,0,0,0,0,0,0,0,-0,0,0
3100,0,0,0,0,0,0,0,-0,0,0
3200,0,0,0,0,0,0,0,-0,0,0
3300,0,0,0,0,0,0,0,-0,0,0
3400,0,0,0,0,0,0,0,-0,0,0
3500,0,0,0,0,0,0,0,-0,0,0
3600,0,0,0,0,0,0,0,-0,0,0
3700,0,0,0,0,0,0,0,-0,0,0
3800,0,0,0,0,0,0,0,-0,0,0
3900,0,0,0,0,0,0,0,-0,0,0
4000,0,0,0,0,0,0,0,-0,0,0
4100,0,0,0,0,0,0,0,-0,0,0
4200,0,0,0,0,0,0,0,-0,0,0
4300,0,0,0,0,0,0,0,-0,0,0
4399,0,0,0,0,0,0,0,-0,0,0
4499,0,0,0,0,0,0,0,-0,0,0
4599,0,0,0,0,0,0,0,-0,0,0
4699,0,0,0,0,0,0,0,-0,0,0
4799,0,0,0,0,0,0,0,-0,0,0
4899,0,0,0,0,0,0,0,-0,0,0
4999,0,0,0,0,0,0,0,-0,0,0
5099,0,0,0,0,0,0,0,-0,0,0
5199,0,0,0,0,0,0,0,-0,0,0
5299,0,0,0,0,0,0,0,-0,0,0
5399,0,0,0,0,0,0,0,-0,0,0
5499,0,0,0,0,0,0,0,-0,0,0
5599,0,0,0,0,0,0,0,-0,0,0
5699,0,0,0,0,0,0,0,-0,0,0
5799,0,0,0,0,0,0,0,-0,0,0
5899,0,0,0,0,0,0,0,-0,0,0
5999,0,0,0,0,0,0,0,-0,0,0
6099,0,0,0,0,0,0,0,-0,0,0
6199,0,0,0,0,0,0,0,-0,0,0
6299,0,0,0,0,0,0,0,-0,0,0
6399,0,0,0,0,0,0,0,-0,0,0
6499,0,0,0,0,0,0,0,-0,0,0
6599,0,0,0,0,0,0,0,-0,0,0
6699,0,0,0,0,0,0,0,-0,0,0
6799,0,0,0,0,0,0,0,-0,0,0
6899,0,0,0,0,0,0,0,-0,0,0
6999,0,0,0,0,0,0,0,-0,0,0
7099,0,0,0,0,0,0,0,-0,0,0
7199,0,0,0,0,0,0,0,-0,0,0
7299,0,0,0,0,0,0,0,-0,0,0
7399,0,0,0,0,0,0,0,-0,0,0
7499,0,0,0,0,0,0,0,-0,0,0
7599,0,0,0,0,0,0,0,-0,0,0
7699,0,0,0,0,0,0,0,-0,0,0
7799,0,0,0,0,0,0,0,-0,0,0
7899,0,0,0,0,0,0,0,-0,0,0
7999,0,0,0,0,0,0,0,-0,0,0
8099,0,0,0,0,0,0,0,-0,0,0
8199,0,0,0,0,0,0,0,-0,0,0
8299,0,0,0,0,0,0,0,-0,0,0
8399,0,0,0,0,0,0,0,-0,0,0
8499,0,0,0,0,0,0,0,-0,0,0
8599,0,0,0,0,0,0,0,-0,0,0
8699,0,0,0,0,0,0,0,-0,0,0
8799,0,0,0,0,0,0,0,-0,0,0
8899,0,0,0,0,0,0,0,-0,0,0
8999,0,0,0,0,0,0,0,-0,0,0
9099,0,0,0,0,0,0,0,-0,0,0
9199,0,0,0,0,0,0,0,-0,0,0
9299,0,0,0,0,0,0,0,-0,0,0
9399,0,0,0,0,0,0,0,-0,0,0
9499,0,0,0,0,0,0,0,-0,0,0
9599,0,0,0,0,0,0,0,-0,0,0
9699,0,0,0,0,0,0,0,-0,0,0
9799,0,0,0,0,0,0,0,-0,0,0
9899,0,0,0,0,0,0,0,-0,0,0
9999,0,0,0,0,0,0,0,-0,0,0
10099,0,0,0,0,0,0,0,-0,0,0
10199,0,0,0,0,0,0,0,-0,0,0
10299,0,0,0,0,0,0,0,-0,0,0
10399,0,0,0,0,0,0,0,-0,0,0
10499,0,0,0,0,0,0,0,-0,0,0
10599,0,0,0,0,0,0,0,-0,0,0
10699,0,0,0,0,0,0,0,-0,0,0
10799,0,0,0,0,0,0,0,-0,0,0
10899,0,0,0,0,0,0,0,-0,0,0
10999,0,0,0,0,0,0,0,-0,0,0
11099,0,0,0,0,0,0,0,-0,0,0
11199,0,0,0,0,0,0,0,-0,0,0
11299,0,0,0,0,0,0,0,-0,0,0
11399,0,0,0,0,0,0,0,-0,0,0
11499,0,0,0,0,0,0,0,-0,0,0
11599,0,0,0,0,0,0,0,-0,0,0
11699,0,0,0,0,0,0,0,-0,0,0
11799,0,0,0,0,0,0,0,-0,0,0
11899,0,0,0,0,0,0,0,-0,0,0
11999,0,0,0,0,0,0,0,-0,0,0
12099,0,0,0,0,0,0,0,-0,0,0
12199,0,0,0,0,0,0,0,-0,0,0
12299,0,0,0,0,0,0,0,-0,0,0
12399,0,0,0,0,0,0,0,-0,0,0
12499,0,0,0,0,0,0,0,-0,0,0
12599,0,0,0,0,0,0,0,-0,0,0
12699,0,0,0,0,0,0,0,-0,0,0
12799,0,0,0,0,0,0,0,-0,0,0
12899,0,0,0,0,0,0,0,-0,0,0
12999,0,0,0,0,0,0,0,-0,0,0
13099,0,0,0,0,0,0,0,-0,0,0
13199,0,0,0,0,0,0,0,-0,0,0
13299,0,0,0,0,0,0,0,-0,0,0
13399,0,0,0,0,0,0,0,-0,0,0
13499,0,0,0,0,0,0,0,-0,0,0
13599,0,0,0,0,0,0,0,-0,0,0
13699,0,0,0,0,0,0,0,-0,0,0
13799,0,0,0,0,0,0,0,-0,0,0
13899,0,0,0,0,0,0,0,-0,0,0
13999,0,0,0,0,0,0,0,-0,0,0
14099,0,0,0,0,0,0,0,-0,0,0
14199,0,0,0,0,0,0,0,-0,0,0
14299,0,0,0,0,0,0,0,-0,0,0
14399,0,0,0,0,0,0,0,-0,0,0
14499,0,0,0,0,0,0,0,-0,0,0
14599,0,0,0,0,0,0,0,-0,0,0
14699,0,0,0,0,0,0,0,-0,0,0
14799,0,0,0,0,0,0,0,-0,0,0
14899,0,0,0,0,0,0,0,-0,0,0
14999,0,0,0,0,0,0,0,-0,0,0
15099,0,0,0,0,0,0,0,-0,0,0
15199,0,0,0,0,0,0,0,-0,0,0
15299,0,0,0,0,0,0,0,-0,0,0
15399,0,0,0,0,0,0,0,-0,0,0
15499,0,0,0,0,0,0,0,-0,0,0
15599,0,0,0,0,0,0,0,-0,0,0
15699,0,0,0,0,0,0,0,-0,0,0
15799,0,0,0,0,0,0,0,-0,0,0
15899,0,0,0,0,0,0,0,-0,0,0
15999,0,0,0,0,0,0,0,-0,0,0
16099,0,0,0,0,0,0,0,-0,0,0
16199,0,0,0,0,0,0,0,-0,0,0
16299,0,0,0,0,0,0,0,-0,0,0
16399,0,0,0,0,0,0,0,-0,0,0
16499,0,0,0,0,0,0,0,-0,0,0
16599,0,0,0,0,0,0,0,-0,0,0
16699,0,0,0,0,0,0,0,-0,0,0
16799,0,0,0,0,0,0,0,-0,0,0
16899,0,0,0,0,0,0,0,-0,0,0
16999,0,0,0,0,0,0,0,-0,0,0
17099,0,0,0,0,0,0,0,-0,0,0
17199,0,0,0,0,0,0,0,-0,0,0
17299,0,0,0,0,0,0,0,-0,0,0
17399,0,0,0,0,0,0,0,-0,0,0
17499,0,0,0,0,0,0,0,-0,0,0
17599,0,0,0,0,0,0,0,-0,0,0
17699,0,0,0,0,0,0,0,-0,0,0
17799,0,0,0,0,0,0,0,-0,0,0
17899,0,0,0,0,0,0,0,-0,0,0
17999,0,0,0,0,0,0,0,-0,0,0
18099,0,0,0,0,0,0,0,-0,0,0
18199,0,0,0,0,0,0,0,-0,0,0
18299,0,0,0,0,0,0,0,-0,0,0
18399,0,0,0,0,0,0,0,-0,0,0
18499,0,0,0,0,0,0,0,-0,0,0
18599,0,0,0,0,0,0,0,-0,0,0
18699,0,0,0,0,0,0,0,-0,0,0
18799,0,0,0,0,0,0,0,-0,0,0
18899,0,0,0,0,0,0,0,-0,0,0
18999,0,0,0,0,0,0,0,-0,0,0
19099,0,0,0,0,0,0,0,-0,0,0
19199,0,0,0,0,0,0,0,-0,0,0
19299,0,0,0,0,0,0,0,-0,0,0
19399,0,0,0,0,0,0,0,-0,0,0
19499,0,0,0,0,0,0,0,-0,0,0
19599,0,0,0,0,0,0,0,-0,0,0
19699,0,0,0,0,0,0,0,-0,0,0
19799,0,0,0,0,0,0,0,-0,0,0
19899,0,0,0,0,0,0,0,-0,0,0
19999,0,0,0,0,0,0,0,-0,0,0
20099,0,0,0,0,0,0,0,-0,0,0
20199,0,0,0,0,0,0,0,-0,0,0
20299,0,0,0,0,0,0,0,-0,0,0
20399,0,0,0,0,0,0,0,-0,0,0
20499,0,0,0,0,0,0,0,-0,0,0
20599,0,0,0,0,0,0,0,-0,0,0
20699,0,0,0,0,0,0,0,-0,0,0
20799,0,0,0,0,0,0,0,-0,0,0
20899,0,0,0,0,0,0,0,-0,0,0
20999,0,0,0,0,0,0,0,-0,0,0
21099,0,0,0,0,0,0,0,-0,0,0
21199,0,0,0,0,0,0,0,-0,0,0
21299,0,0,0,0,0,0,0,-0,0,0
21399,0,0,0,0,0,0,0,-0,0,0
21499,0,0,0,0,0,0,0,-0,0,0
21599,0,0,0,0,0,0,0,-0,0,0
21699,0,0,0,0,0,0,0,-0,0,0
21799,0,0,0,0,0,0,0,-0,0,0
21899,0,0,0,0,0,0,0,-0,0,0
21999,0,0,0,0,0,0,0,-0,0,0
22099,0,0,0,0,0,0,0,-0,0,0
22199,0,0,0,0,0,0,0,-0,0,0
22299,0,0,0,0,0,0,0,-0,0,0
22399,0,0,0,0,0,0,0,-0,0,0
22499,0,0,0,0,0,0,0,-0,0,0
22599,0,0,0,0,0,0,0,-0,0,0
22699,0,0,0,0,0,0,0,-0,0,0
22799,0,0,0,0,0,0,0,-0,0,0
22899,0,0,0,0,0,0,0,-0,0,0
22999,0,0,0,0,0,0,0,-0,0,0
23099,0,0,0,0,0,0,0,-0,0,0
23199,0,0,0,0,0,0,0,-0,0,0
23299,0,0,0,0,0,0,0,-0,0,0
23399,0,0,0,0,0,0,0,-0,0,0
23499,0,0,0,0,0,0,0,-0,0,0
23599,0,0,0,0,0,0,0,-0,0,0
23699,0,0,0,0,0,0,0,-0,0,0
23799,0,0,0,0,0,0,0,-0,0,0
23899,0,0,0,0,0,0,0,-0,0,0
23999,0,0,0,0,0,0,0,-0,0,0
24099,0,0,0,0,0,0,0,-0,0,0
24199,0,0,0,0,0,0,0,-0,0,0
24299,0,0,0,0,0,0,0,-0,0,0
24399,0,0,0,0,0,0,0,-0,0,0
24499,0,0,0,0,0,0,0,-0,0,0
24599,0,0,0,0,0,0,0,-0,0,0
24699,0,0,0,0,0,0,0,-0,0,0
24799,0,0,0,0,0,0,0,-0,0,0
24899,0,0,0,0,0,0,0,-0,0,0
24999,0,0,0,0,0,0,0,-0,0,0
25099,0,0,0,0,0,0,0,-0,0,0
25199,0,0,0,0,0,0,0,-0,0,0
25299,0,0,0,0,0,0,0,-0,0,0
25399,0,0,0,0,0,0,0,-0,0,0
25499,0,0,0,0,0,0,0,-0,0,0
25599,0,0,0,0,0,0,0,-0,0,0
25699,0,0,0,0,0,0,0,-0,0,0
25799,0,0,0,0,0,0,0,-0,0,0
25899,0,0,0,0,0,0,0,-0,0,0
25999,0,0,0,0,0,0,0,-0,0,0
26099,0,0,0,0,0,0,0,-0,0,0
26199,0,0,0,0,0,0,0,-0,0,0
26299,0,0,0,0,0,0,0,-0,0,0
26399,0,0,0,0,0,0,0,-0,0,0
26499,0,0,0,0,0,0,0,-0,0,0
26599,0,0,0,0,0,0,0,-0,0,0
26699,0,0,0,0,0,0,0,-0,0,0
26799,0,0,0,0,0,0,0,-0,0,0
26899,0,0,0,0,0,0,0,-0,0,0
26999,0,0,0,0,0,0,0,-0,0,0
27099,0,0,0,0,0,0,0,-0,0,0
27199,0,0,0,0,0,0,0,-0,0,0
27299,0,0,0,0,0,0,0,-0,0,0
27399,0,0,0,0,0,0,0,-0,0,0
27499,0,0,0,0,0,0,0,-0,0,0
27599,0,0,0,0,0,0,0,-0,0,0
27699,0,0,0,0,0,0,0,-0,0,0
27799,0,0,0,0,0,0,0,-0,0,0
27899,0,0,0,0,0,0,0,-0,0,0
27999,0,0,0,0,0,0,0,-0,0,0
28099,0,0,0,0,0,0,0,-0,0,0
28199,0,0,0,0,0,0,0,-0,0,0
28299,0,0,0,0,0,0,0,-0,0,0
28399,0,0,0,0,0,0,0,-0,0,0
28499,0,0,0,0,0,0,0,-0,0,0
28599,0,0,0,0,0,0,0,-0,0,0
28699,0,0,0,0,0,0,0,-0,0,0
28799,0,0,0,0,0,0,0,-0,0,0
28899,0,0,0,0,0,0,0,-0,0,0
28999,0,0,0,0,0,0,0,-0,0,0
29099,0,0,0,0,0,0,0,-0,0,0
29199,0,0,0,0,0,0,0,-0,0,0
29299,0,0,0,0,0,0,0,-0,0,0
29399,0,0,0,0,0,0,0,-0,0,0
29499,0,0,0,0,0,0,0,-0,0,0
29599,0,0,0,0,0,0,0,-0,0,0
29699,0,0,0,0,0,0,0,-0,0,0
29799,0,0,0,0,0,0,0,-0,0,0
29899,0,0,0,0,0,0,0,-0,0,0
29999,0,0,0,0,0,0,0,-0,0,0
30099,0,0,0,0,0,0,0,-0,0,0
30199,0,0,0,0,0,0,0,-0,0,0
30299,0,0,0,0,0,0,0,-0,0,0
30399,0,0,0,0,0,0,0,-0,0,0
30499,0,0,0,0,0,0,0,-0,0,0
30599,0,0,0,0,0,0,0,-0,0,0
30699,0,0,0,0,0,0,0,-0,0,0
30799,0,0,0,0,0,0,0,-0,0,0
30899,0,0,0,0,0,0,0,-0,0,0
30999,0,0,0,0,0,0,0,-0,0,0
31099,0,0,0,0,0,0,0,-0,0,0
31199,0,0,0,0,0,0,0,-0,0,0
31299,0,0,0,0,0,0,0,-0,0,0
31399,0,0,0,0,0,0,0,-0,0,0
31499,0,0,0,0,0,0,0,-0,0,0
31599,0,0,0,0,0,0,0,-0,0,0
31699,0,0,0,0,0,0,0,-0,0,0
31799,0,0,0,0,0,0,0,-0,0,0
31899,0,0,0,0,0,0,0,-0,0,0
31999,0,0,0,0,0,0,0,-0,0,0
32099,0,0,0,0,0,0,0,-0,0,0
32199,0,0,0,0,0,0,0,-0,0,0
32299,0,0,0,0,0,0,0,-0,0,0
32399,0,0,0,0,0,0,0,-0,0,0
32499,0,0,0,0,0,0,0,-0,0,0
32599,0,0,0,0,0,0,0,-0,0,0
32699,0,0,0,0,0,0,0,-0,0,0
32799,0,0,0,0,0,0,0,-0,0,0
32899,0,0,0,0,0,0,0,-0,0,0
32999,0,0,0,0,0,0,0,-0,0,0
33099,0,0,0,0,0,0,0,-0,0,0
33199,0,0,0,0,0,0,0,-0,0,0
33299,0,0,0,0,0,0,0,-0,0,0
33399,0,0,0,0,0,0,0,-0,0,0
33499,0,0,0,0,0,0,0,-0,0,0
33599,0,0,0,0,0,0,0,-0,0,0
33699,0,0,0,0,0,0,0,-0,0,0
33799,0,0,0,0,0,0,0,-0,0,0
33900,0,0,0,0,0,0,0,-0,0,0
34000,0,0,0,0,0,0,0,-0,0,0
34100,0,0,0,0,0,0,0,-0,0,0
34200,0,0,0,0,0,0,0,-0,0,0
34300,0,0,0,0,0,0,0,-0,0,0
34400,0,0,0,0,0,0,0,-0,0,0
34500,0,0,0,0,0,0,0,-0,0,0
34600,0,0,0,0,0,0,0,-0,0,0
34700,0,0,0,0,0,0,0,-0,0,0
34800,0,0,0,0,0,0,0,-0,0,0
34900,0,0,0,0,0,0,0,-0,0,0
35000,0,0,0,0,0,0,0,-0,0,0
35100,0,0,0,0,0,0,0,-0,0,0
35200,0,0,0,0,0,0,0,-0,0,0
35300,0,0,0,0,0,0,0,-0,0,0
35400,0,0,0,0,0,0,0,-0,0,0
35500,0,0,0,0,0,0,0,-0,0,0
35600,0,0,0,0,0,0,0,-0,0,0
35700,0,0,0,0,0,0,0,-0,0,0
35800,0,0,0,0,0,0,0,-0,0,0
35900,0,0,0,0,0,0,0,-0,0,0
36000,0,0,0,0,0,0,0,-0,0,0
36100,0,0,0,0,0,0,0,-0,0,0
36200,0,0,0,0,0,0,0,-0,0,0
36300,0,0,0,0,0,0,0,-0,0,0
36400,0,0,0,0,0,0,0,-0,0,0
36500,0,0,0,0,0,0,0,-0,0,0
36600,0,0,0,0,0,0,0,-0,0,0
36700,0,0,0,0,0,0,0,-0,0,0
36800,0,0,0,0,0,0,0,-0,0,0
36900,0,0,0,0,0,0,0,-0,0,0
37000,0,0,0,0,0,0,0,-0,0,0
37100,0,0,0,0,0,0,0,-0,0,0
37200,0,0,0,0,0,0,0,-0,0,0
37300,0,0,0,0,0,0,0,-0,0,0
37400,0,0,0,0,0,0,0,-0,0,0
37500,0,0,0,0,0,0,0,-0,0,0
37600,0,0,0,0,0,0,0,-0,0,0
37700,0,0,0,0,0,0,0,-0,0,0
37800,0,0,0,0,0,0,0,-0,0,0
37900,0,0,0,0,0,0,0,-0,0,0
38000,0,0,0,0,0,0,0,-0,0,0
38100,0,0,0,0,0,0,0,-0,0,0
38200,0,0,0,0,0,0,0,-0,0,0
38300,0,0,0,0,0,0,0,-0,0,0
38400,0,0,0,0,0,0,0,-0,0,0
38500,0,0,0,0,0,0,0,-0,0,0
38600,0,0,0,0,0,0,0,-0,0,0
38700,0,0,0,0,0,0,0,-0,0,0
38800,0,0,0,0,0,0,0,-0,0,0
38900,0,0,0,0,0,0,0,-0,0,0
39000,0,0,0,0,0,0,0,-0,0,0
39100,0,0,0,0,0,0,0,-0,0,0
39200,0,0,0,0,0,0,0,-0,0,0
39300,0,0,0,0,0,0,0,-0,0,0
39400,0,0,0,0,0,0,0,-0,0,0
39500,0,0,0,0,0,0,0,-0,0,0
39600,0,0,0,0,0,0,0,-0,0,0
39700,0,0,0,0,0,0,0,-0,0,0
39800,0,0,0,0,0,0,0,-0,0,0
39900,0,0,0,0,0,0,0,-0,0,0
40000,0,0,0,0,0,0,0,-0,0,0
40100,0,0,0,0,0,0,0,-0,0,0
40200,0,0,0,0,0,0,0,-0,0,0
40300,0,0,0,0,0,0,0,-0,0,0
40400,0,0,0,0,0,0,0,-0,0,0
40500,0,0,0,0,0,0,0,-0,0,0
40600,0,0,0,0,0,0,0,-0,0,0
40700,0,0,0,0,0,0,0,-0,0,0
40800,0,0,0,0,0,0,0,-0,0,0
40900,0,0,0,0,0,0,0,-0,0,0
41000,0,0,0,0,0,0,0,-0,0,0
41100,0,0,0,0,0,0,0,-0,0,0
41200,0,0,0,0,0,0,0,-0,0,0
41300,0,0,0,0,0,0,0,-0,0,0
41400,0,0,0,0,0,0,0,-0,0,0
41500,0,0,0,0,0,0,0,-0,0,0
41600,0,0,0,0,0,0,0,-0,0,0
41700,0,0,0,0,0,0,0,-0,0,0
41800,0,0,0,0,0,0,0,-0,0,0
41900,0,0,0,0,0,0,0,-0,0,0
42000,0,0,0,0,0,0,0,-0,0,0
42100,0,0,0,0,0,0,0,-0,0,0
42200,0,0,0,0,0,0,0,-0,0,0
42300,0,0,0,0,0,0,0,-0,0,0
42400,0,0,0,0,0,0,0,-0,0,0
42500,0,0,0,0,0,0,0,-0,0,0
42600,0,0,0,0,0,0,0,-0,0,0
42700,0,0,0,0,0,0,0,-0,0,0
42800,0,0,0,0,0,0,0,-0,0,0
42900,0,0,0,0,0,0,0,-0,0,0
43000,0,0,0,0,0,0,0,-0,0,0
43100,0,0,0,0,0,0,0,-0,0,0
43200,0,0,0,0,0,0,0,-0,0,0
43300,0,0,0,0,0,0,0,-0,0,0
43400,0,0,0,0,0,0,0,-0,0,0
43500,0,0,0,0,0,0,0,-0,0,0
43600,0,0,0,0,0,0,0,-0,0,0
43700,0,0,0,0,0,0,0,-0,0,0
43800,0,0,0,0,0,0,0,-0,0,0
43900,0,0,0,0,0,0,0,-0,0,0
44000,0,0,0,0,0,0,0,-0,0,0
44100,0,0,0,0,0,0,0,-0,0,0
44200,0,0,0,0,0,0,0,-0,0,0
44300,0,0,0,0,0,0,0,-0,0,0
44400,0,0,0,0,0,0,0,-0,0,0
44500,0,0,0,0,0,0,0,-0,0,0
44600,0,0,0,0,0,0,0,-0,0,0
44700,0,0,0,0,0,0,0,-0,0,0
44800,0,0,0,0,0,0,0,-0,0,0
44900,0,0,0,0,0,0,0,-0,0,0
45000,0,0,0,0,0,0,0,-0,0,0
45100,0,0,0,0,0,0,0,-0,0,0
45200,0,0,0,0,0,0,0,-0,0,0
45300,0,0,0,0,0,0,0,-0,0,0
45400,0,0,0,0,0,0,0,-0,0,0
45500,0,0,0,0,0,0,0,-0,0,0
45600,0,0,0,0,0,0,0,-0,0,0
45700,0,0,0,0,0,0,0,-0,0,0
45800,0,0,0,0,0,0,0,-0,0,0
45900,0,0,0,0,0,0,0,-0,0,0
46000,0,0,0,0,0,0,0,-0,0,0
46100,0,0,0,0,0,0,0,-0,0,0
46200,0,0,0,0,0,0,0,-0,0,0
46300,0,0,0,0,0,0,0,-0,0,0
46400,0,0,0,0,0,0,0,-0,0,0
46500,0,0,0,0,0,0,0,-0,0,0
46600,0,0,0,0,0,0,0,-0,0,0
46700,0,0,0,0,0,0,0,-0,0,0
46800,0,0,0,0,0,0,0,-0,0,0
46900,0,0,0,0,0,0,0,-0,0,0
47000,0,0,0,0,0,0,0,-0,0,0
47100,0,0,0,0,0,0,0,-0,0,0
47200,0,0,0,0,0,0,0,-0,0,0
47300,0,0,0,0,0,0,0,-0,0,0
47400,0,0,0,0,0,0,0,-0,0,0
47500,0,0,0,0,0,0,0,-0,0,0
47600,0,0,0,0,0,0,0,-0,0,0
47700,0,0,0,0,0,0,0,-0,0,0
47800,0,0,0,0,0,0,0,-0,0,0
47900,0,0,0,0,0,0,0,-0,0,0
48000,0,0,0,0,0,0,0,-0,0,0
48100,0,0,0,0,0,0,0,-0,0,0
48200,0,0,0,0,0,0,0,-0,0,0
48300,0,0,0,0,0,0,0,-0,0,0
48400,0,0,0,0,0,0,0,-0,0,0
48500,0,0,0,0,0,0,0,-0,0,0
48600,0,0,0,0,0,0,0,-0,0,0
48700,0,0,0,0,0,0,0,-0,0,0
48800,0,0,0,0,0,0,0,-0,0,0
48900,0,0,0,0,0,0,0,-0,0,0
49000,0,0,0,0,0,0,0,-0,0,0
49100,0,0,0,0,0,0,0,-0,0,0
49200,0,0,0,0,0,0,0,-0,0,0
49300,0,0,0,0,0,0,0,-0,0,0
49400,0,0,0,0,0,0,0,-0,0,0
49500,0,0,0,0,0,0,0,-0,0,0
49600,0,0,0,0,0,0,0,-0,0,0
49700,0,0,0,0,0,0,0,-0,0,0
49800,0,0,0,0,0,0,0,-0,0,0
49900,0,0,0,0,0,0,0,-0,0,0
50000,5.8274185e-07,0,50,49.999973,50.000027,5.2981909e-07,-1.0359318e-05,9.8294995e-06,0,-8.6691643e-06
50100,0.0002148721,0,50,49.999973,50.000027,1.0243209e-06,-1.9974837e-05,1.8950517e-05,360,-2.5369431e-05
50200,0.00042916142,0,50,49.999973,50.000027,1.4858463e-06,-2.8846873e-05,2.7361028e-05,0,-4.9463062e-05
50300,0.00064345077,0,50,49.999973,50.000027,1.9166164e-06,-3.6979651e-05,3.5063033e-05,360,-8.0316058e-05
50400,0.00085774017,0,50,49.999973,50.000027,2.3186526e-06,-4.4380966e-05,4.2062315e-05,0,-0.00011730132
50500,0.0010720295,0,50,49.999973,50.000027,2.6939056e-06,-5.1061994e-05,4.8368085e-05,360,-0.00015980151
50600,0.0012863188,0,50,49.999973,50.000027,3.0441206e-06,-5.7036897e-05,5.3992775e-05,0,-0.00020721179
50700,0.0015006082,0,50,49.999973,50.000027,3.3710119e-06,-6.2322652e-05,5.8951642e-05,360,-0.00025894213
50800,0.0017148976,0,50,49.999973,50.000027,3.6760853e-06,-6.6938686e-05,6.3262596e-05,0,-0.00031441957
50900,0.0019291869,0,50,49.999973,50.000027,3.9608485e-06,-7.0906666e-05,6.6945824e-05,360,-0.00037308998
51000,0.0021434762,0,50,49.999973,50.000027,4.2265988e-06,-7.4250209e-05,7.0023605e-05,0,-0.00043441996
51100,0.0023577656,0,50,49.999973,50.000027,4.4746635e-06,-7.6994642e-05,7.2519972e-05,360,-0.00049789815
51200,0.002572055,0,50,49.999973,50.000027,4.7061599e-06,-7.9166697e-05,7.4460535e-05,0,-0.00056303653
51300,0.0027863442,0,50,49.999973,50.000027,4.9222558e-06,-8.0794387e-05,7.5872129e-05,360,-0.00062937138
51400,0.0030006338,0,50,49.999973,50.000027,5.1239131e-06,-8.1906626e-05,7.6782708e-05,0,-0.00069646433
51500,0.003214923,0,50,49.999973,50.000027,5.3121603e-06,-8.2533159e-05,7.7220997e-05,360,-0.00076390267
51600,0.0034292121,0,50,49.999973,50.000027,5.4878255e-06,-8.2704209e-05,7.7216391e-05,0,-0.0008313001
51700,0.0036435015,0,50,49.999973,50.000027,5.6518134e-06,-8.2450446e-05,7.6798628e-05,360,-0.00089829683
51800,0.003857791,0,50,49.999973,50.000027,5.8048363e-06,-8.1802602e-05,7.599777e-05,0,-0.00096455979
51900,0.0040720804,0,50,49.999973,50.000027,5.9476911e-06,-8.0791484e-05,7.4843796e-05,360,-0.0010297827
52000,0.0042863698,0,50,49.999973,50.000027,6.0809898e-06,-7.9447651e-05,7.3366667e-05,0,-0.0010936855
52100,0.0045006592,0,50,49.999973,50.000027,6.2054341e-06,-7.7801429e-05,7.1595998e-05,360,-0.0011560146
52200,0.0047149481,0,50,49.999973,50.000027,6.3215516e-06,-7.5882584e-05,6.9561029e-05,0,-0.0012165421
52300,0.0049292375,0,50,49.999973,50.000027,6.4299584e-06,-7.3720381e-05,6.7290428e-05,360,-0.0012750651
52400,0.0051435269,0,50,49.999973,50.000027,6.5311087e-06,-7.1343318e-05,6.4812215e-05,0,-0.0013314057
52500,0.0053578163,0,50,49.999973,50.000027,6.6255443e-06,-6.8779118e-05,6.2153573e-05,360,-0.0013854097
52600,0.0055721058,0,50,49.999973,50.000027,6.7136566e-06,-6.6054577e-05,5.934092e-05,0,-0.0014369461
52700,0.0057863952,0,50,49.999973,50.000027,6.7959213e-06,-6.3195541e-05,5.6399622e-05,360,-0.0014859058
52800,0.0060006841,0,50,49.999973,50.000027,6.8726758e-06,-6.0226757e-05,5.3354084e-05,0,-0.0015322014
52900,0.0062149735,0,50,49.999973,50.000027,6.9443377e-06,-5.7171914e-05,5.0227573e-05,360,-0.0015757655
53000,0.0064292634,0,50,49.999973,50.000027,7.0111982e-06,-5.4053475e-05,4.7042275e-05,0,-0.0016165503
53100,0.0066435523,0,50,49.999973,50.000027,7.0736232e-06,-5.0892755e-05,4.3819135e-05,360,-0.0016545258
53200,0.0068578422,0,50,49.999973,50.000027,7.1318655e-06,-4.7709786e-05,4.0577921e-05,0,-0.0016896793
53300,0.0070721311,0,50,49.999973,50.000027,7.1862437e-06,-4.4523382e-05,3.7337137e-05,360,-0.0017220145
53400,0.0072864206,0,50,49.999973,50.000027,7.2369785e-06,-4.1351039e-05,3.4114059e-05,0,-0.0017515495
53500,0.0075007095,0,50,49.999973,50.000027,7.2843468e-06,-3.8209015e-05,3.0924668e-05,360,-0.0017783166
53600,0.0077149989,0,50,49.999973,50.000027,7.3285414e-06,-3.5112251e-05,2.778371e-05,0,-0.0018023605
53700,0.0079292888,0,50,49.999973,50.000027,7.3698034e-06,-3.2074455e-05,2.4704652e-05,360,-0.0018237378
53800,0.0081435777,0,50,49.999973,50.000027,7.4083005e-06,-2.9108036e-05,2.1699736e-05,0,-0.0018425153
53900,0.0083578676,0,50,49.999973,50.000027,7.4442428e-06,-2.6224194e-05,1.8779951e-05,360,-0.0018587695
54000,0.0085721565,0,50,49.999973,50.000027,7.4777777e-06,-2.3432895e-05,1.5955116e-05,0,-0.0018725849
54100,0.0087864455,0,50,49.999973,50.000027,7.5090861e-06,-2.0742937e-05,1.323385e-05,360,-0.0018840537
54200,0.0090007354,0,50,49.999973,50.000027,7.5382977e-06,-1.8161953e-05,1.0623655e-05,0,-0.0018932743
54300,0.0092150243,0,50,49.999973,50.000027,7.5655689e-06,-1.5696474e-05,8.1309045e-06,360,-0.0019003503
54400,0.0094293142,0,50,49.999973,50.000027,7.5910152e-06,-1.3351952e-05,5.7609359e-06,0,-0.0019053902
54500,0.0096436031,0,50,49.999973,50.000027,7.6147703e-06,-1.1132815e-05,3.5180449e-06,360,-0.0019085057
54600,0.009857893,0,50,49.999973,50.000027,7.6369361e-06,-9.0425092e-06,1.4055736e-06,0,-0.0019098113
54700,0.010072182,0,50,49.999973,50.000027,7.657628e-06,-7.0835481e-06,-5.7407988e-07,360,-0.0019094235
54800,0.010286471,0,50,49.999973,50.000027,7.6769365e-06,-5.2575633e-06,-2.4193735e-06,0,-0.0019074598
54900,0.010500761,0,50,49.999973,50.000027,7.69496e-06,-3.5653552e-06,-4.1296048e-06,360,-0.0019040384
55000,0.01071505,0,50,49.999973,50.000027,7.7117793e-06,-2.0069501e-06,-5.7048292e-06,0,-0.0018992771
55100,0.01092934,0,50,49.999973,50.000027,7.7274781e-06,-5.8164392e-07,-7.1458344e-06,360,-0.001893293
55200,0.011143629,0,50,49.999973,50.000027,7.74213e-06,7.1193199e-07,-8.4540625e-06,0,-0.0018862016
55300,0.011357918,0,50,49.999973,50.000027,7.7558052e-06,1.8757696e-06,-9.6315744e-06,360,-0.0018781166
55400,0.011572207,0,50,49.999973,50.000027,7.7685681e-06,2.9124194e-06,-1.0680988e-05,0,-0.0018691494
55500,0.011786496,0,50,49.999973,50.000027,7.7804798e-06,3.8249536e-06,-1.1605433e-05,360,-0.0018594082
55600,0.012000786,0,50,49.999973,50.000027,7.7915984e-06,4.6168948e-06,-1.2408493e-05,0,-0.0018489985
55700,0.012215076,0,50,49.999973,50.000027,7.8019739e-06,5.2921855e-06,-1.3094159e-05,360,-0.0018380217
55800,0.012429365,0,50,49.999973,50.000027,7.8116591e-06,5.8551186e-06,-1.3666778e-05,0,-0.0018265755
55900,0.012643654,0,50,49.999973,50.000027,7.8206967e-06,6.3103121e-06,-1.4131008e-05,360,-0.0018147536
56000,0.012857943,0,50,49.999973,50.000027,7.8291332e-06,6.6626358e-06,-1.4491769e-05,0,-0.0018026453
56100,0.013072234,0,50,49.999973,50.000027,7.8370058e-06,6.9171988e-06,-1.4754205e-05,360,-0.0017903351
56200,0.013286522,0,50,49.999973,50.000027,7.8443554e-06,7.0792712e-06,-1.4923627e-05,0,-0.0017779031
56300,0.013500812,0,50,49.999973,50.000027,7.851213e-06,7.15428e-06,-1.5005493e-05,360,-0.0017654244
56400,0.013715101,0,50,49.999973,50.000027,7.8576149e-06,7.1477366e-06,-1.5005351e-05,0,-0.0017529693
56500,0.01392939,0,50,49.999973,50.000027,7.8635894e-06,7.0652286e-06,-1.4928818e-05,360,-0.0017406034
56600,0.014143679,0,50,49.999973,50.000027,7.8691664e-06,6.9123607e-06,-1.4781527e-05,0,-0.0017283869
56700,0.014357968,0,50,49.999973,50.000027,7.8743706e-06,6.6947478e-06,-1.4569118e-05,360,-0.0017163755
56800,0.014572259,0,50,49.999973,50.000027,7.8792291e-06,6.4179549e-06,-1.4297184e-05,0,-0.0017046197
56900,0.014786547,0,50,49.999973,50.000027,7.883762e-06,6.0875072e-06,-1.3971269e-05,360,-0.0016931654
57000,0.015000837,0,50,49.999973,50.000027,7.8879948e-06,5.7088191e-06,-1.3596814e-05,0,-0.0016820536
57100,0.015215127,0,50,49.999973,50.000027,7.8919438e-06,5.2872174e-06,-1.3179161e-05,360,-0.0016713206
57200,0.015429416,0,50,49.999973,50.000027,7.8956309e-06,4.8278798e-06,-1.2723511e-05,0,-0.0016609984
57300,0.015643705,0,50,49.999973,50.000027,7.8990715e-06,4.3358473e-06,-1.2234919e-05,360,-0.0016511146
57400,0.015857995,0,50,49.999973,50.000027,7.9022839e-06,3.8159828e-06,-1.1718266e-05,0,-0.0016416922
57500,0.016072284,0,50,49.999973,50.000027,7.9052807e-06,3.2729799e-06,-1.1178261e-05,360,-0.0016327506
57600,0.016286572,0,50,49.999973,50.000027,7.9080792e-06,2.7113224e-06,-1.0619402e-05,0,-0.0016243052
57700,0.016500862,0,50,49.999973,50.000027,7.9106912e-06,2.135303e-06,-1.0045995e-05,360,-0.0016163673
57800,0.016715152,0,50,49.999973,50.000027,7.9131287e-06,1.54899e-06,-9.4621191e-06,0,-0.0016089451
57900,0.01692944,0,50,49.999973,50.000027,7.9154042e-06,9.5623591e-07,-8.8716406e-06,360,-0.0016020434
58000,0.01714373,0,50,49.999973,50.000027,7.9175279e-06,3.6065921e-07,-8.2781871e-06,0,-0.0015956637
58100,0.01735802,0,50,49.999973,50.000027,7.9195097e-06,-2.3434518e-07,-7.6851647e-06,360,-0.0015898049
58200,0.01757231,0,50,49.999973,50.000027,7.9213596e-06,-8.2562474e-07,-7.0957349e-06,0,-0.0015844628
58300,0.017786598,0,50,49.999973,50.000027,7.9230867e-06,-1.4102545e-06,-6.5128324e-06,360,-0.001579631
58400,0.018000888,0,50,49.999973,50.000027,7.9246984e-06,-1.9855511e-06,-5.9391473e-06,0,-0.0015753006
58500,0.018215178,0,50,49.999973,50.000027,7.9262036e-06,-2.5490563e-06,-5.3771473e-06,360,-0.0015714607
58600,0.018429466,0,50,49.999973,50.000027,7.9276069e-06,-3.0985511e-06,-4.8290558e-06,0,-0.0015680986
58700,0.018643755,0,50,49.999973,50.000027,7.9289184e-06,-3.6320366e-06,-4.2968818e-06,360,-0.0015651996
58800,0.018858045,0,50,49.999973,50.000027,7.9301408e-06,-4.1477415e-06,-3.7823993e-06,0,-0.0015627478
58900,0.019072335,0,50,49.999973,50.000027,7.931284e-06,-4.6441046e-06,-3.2871794e-06,360,-0.0015607259
59000,0.019286623,0,50,49.999973,50.000027,7.932349e-06,-5.1197817e-06,-2.8125673e-06,0,-0.0015591154
59100,0.019500913,0,50,49.999973,50.000027,7.9333449e-06,-5.5736245e-06,-2.3597202e-06,360,-0.001557897
59200,0.019715203,0,50,49.999973,50.000027,7.9342726e-06,-6.0046868e-06,-1.9295856e-06,0,-0.0015570504
59300,0.019929491,0,50,49.999973,50.000027,7.9351412e-06,-6.4122041e-06,-1.5229368e-06,360,-0.0015565548
59400,0.020143781,0,50,49.999973,50.000027,7.9359488e-06,-6.7955943e-06,-1.1403542e-06,0,-0.0015563889
59500,0.020358071,0,50,49.999973,50.000027,7.9367064e-06,-7.1544428e-06,-7.8226344e-07,360,-0.0015565312
59600,0.020572361,0,50,49.999973,50.000027,7.9374095e-06,-7.4884956e-06,-4.4891385e-07,0,-0.0015569598
59700,0.020786649,0,50,49.999973,50.000027,7.9380698e-06,-7.7976483e-06,-1.4042143e-07,360,-0.001557653
59800,0.021000938,0,50,49.999973,50.000027,7.9386818e-06,-8.0819391e-06,1.4325769e-07,0,-0.0015585888
59900,0.021215228,0,50,49.999973,50.000027,7.9392576e-06,-8.3415362e-06,4.0227815e-07,360,-0.0015597458
60000,0.021429516,0,50,49.999973,50.000027,7.9397905e-06,-8.5767297e-06,6.3693915e-07,0,-0.0015611026
60100,0.021643806,0,50,49.999973,50.000027,7.9402917e-06,-8.7879207e-06,8.4762905e-07,360,-0.0015626383
60200,0.021858096,0,50,49.999973,50.000027,7.9407555e-06,-8.9756113e-06,1.0348558e-06,0,-0.0015643325
60300,0.022072386,0,50,49.999973,50.000027,7.941193e-06,-9.1403963e-06,1.1992033e-06,360,-0.0015661651
60400,0.022286674,0,50,49.999973,50.000027,7.9415977e-06,-9.2829541e-06,1.3413564e-06,0,-0.0015681169
60500,0.022500964,0,50,49.999973,50.000027,7.9419788e-06,-9.4040352e-06,1.4620559e-06,360,-0.0015701693
60600,0.022715254,0,50,49.999973,50.000027,7.9423307e-06,-9.5044525e-06,1.5621217e-06,0,-0.0015723044
60700,0.022929542,0,50,49.999973,50.000027,7.9426627e-06,-9.5850792e-06,1.642416e-06,360,-0.001574505
60800,0.023143832,0,50,49.999973,50.000027,7.9429692e-06,-9.646832e-06,1.7038624e-06,0,-0.0015767548
60900,0.023358122,0,50,49.999973,50.000027,7.9432593e-06,-9.690666e-06,1.7474063e-06,360,-0.0015790384
61000,0.02357241,0,50,49.999973,50.000027,7.9435258e-06,-9.7175689e-06,1.7740431e-06,0,-0.0015813413
61100,0.023786701,0,50,49.999973,50.000027,7.9437787e-06,-9.7285529e-06,1.7847742e-06,360,-0.0015836495
61200,0.024000991,0,50,49.999973,50.000027,7.9440106e-06,-9.7246448e-06,1.7806337e-06,0,-0.0015859505
61300,0.024215279,0,50,49.999973,50.000027,7.9442307e-06,-9.7068814e-06,1.7626508e-06,360,-0.0015882323
61400,0.024429567,0,50,49.999973,50.000027,7.9444326e-06,-9.6763051e-06,1.731873e-06,0,-0.0015904841
61500,0.024643857,0,50,49.999973,50.000027,7.9446245e-06,-9.6339554e-06,1.6893305e-06,360,-0.0015926955
61600,0.024858147,0,50,49.999973,50.000027,7.9448e-06,-9.5808628e-06,1.6360623e-06,0,-0.0015948575
61700,0.025072435,0,50,49.999973,50.000027,7.9449674e-06,-9.5180458e-06,1.5730784e-06,360,-0.001596962
61800,0.025286727,0,50,49.999973,50.000027,7.9451202e-06,-9.4465086e-06,1.5013879e-06,0,-0.0015990015
61900,0.025501017,0,50,49.999973,50.000027,7.9452666e-06,-9.3672288e-06,1.4219622e-06,360,-0.0016009693
62000,0.025715305,0,50,49.999973,50.000027,7.9453994e-06,-9.2811633e-06,1.335764e-06,0,-0.0016028601
62100,0.025929593,0,50,49.999973,50.000027,7.9455267e-06,-9.1892362e-06,1.2437099e-06,360,-0.0016046686
62200,0.026143882,0,50,49.999973,50.000027,7.9456422e-06,-9.092345e-06,1.1467027e-06,0,-0.0016063908
62300,0.026358172,0,50,49.999973,50.000027,7.9457541e-06,-8.9913483e-06,1.0455938e-06,360,-0.0016080234
62400,0.02657246,0,50,49.999973,50.000027,7.9458541e-06,-8.8870693e-06,9.4121469e-07,0,-0.0016095637
62500,0.026786752,0,50,49.999973,50.000027,7.9459514e-06,-8.7802928e-06,8.3434088e-07,360,-0.0016110097
62600,0.027001042,0,50,49.999973,50.000027,7.9460387e-06,-8.6717646e-06,7.257263e-07,0,-0.00161236
62700,0.02721533,0,50,49.999973,50.000027,7.9461233e-06,-8.5621887e-06,6.1606534e-07,360,-0.0016136139
62800,0.027429618,0,50,49.999973,50.000027,7.9461988e-06,-8.4522262e-06,5.0602739e-07,0,-0.0016147713
62900,0.027643908,0,50,49.999973,50.000027,7.9462734e-06,-8.3424948e-06,3.9622137e-07,360,-0.0016158324
63000,0.027858198,0,50,49.999973,50.000027,7.9463389e-06,-8.23357e-06,2.8723116e-07,0,-0.0016167982
63100,0.028072486,0,50,49.999973,50.000027,7.9464035e-06,-8.1259805e-06,1.7957746e-07,360,-0.0016176701
63200,0.028286777,0,50,49.999973,50.000027,7.9464598e-06,-8.0202171e-06,7.3757292e-08,0,-0.0016184496
63300,0.028501067,0,50,49.999973,50.000027,7.9465162e-06,-7.9167212e-06,-2.9795046e-08,360,-0.0016191389
63400,0.028715355,0,50,49.999973,50.000027,7.9465653e-06,-7.8158973e-06,-1.3066801e-07,0,-0.0016197404
63500,0.028929643,0,50,49.999973,50.000027,7.9466154e-06,-7.7181057e-06,-2.2850986e-07,360,-0.0016202569
63600,0.029143933,0,50,49.999973,50.000027,7.9466581e-06,-7.6236647e-06,-3.229934e-07,0,-0.0016206914
63700,0.029358223,0,50,49.999973,50.000027,7.9467018e-06,-7.5328549e-06,-4.1384692e-07,360,-0.0016210472
63800,0.029572511,0,50,49.999973,50.000027,7.9467382e-06,-7.4459163e-06,-5.008219e-07,0,-0.0016213277
63900,0.029786803,0,50,49.999973,50.000027,7.9467763e-06,-7.3630526e-06,-5.8372348e-07,360,-0.0016215366
64000,0.030001093,0,50,49.999973,50.000027,7.9468082e-06,-7.2844327e-06,-6.6237544e-07,0,-0.0016216775
64100,0.030215381,0,50,49.999973,50.000027,7.9468418e-06,-7.2101884e-06,-7.3665342e-07,360,-0.0016217545
64200,0.030429669,0,50,49.999973,50.000027,7.9468691e-06,-7.140422e-06,-8.0644736e-07,0,-0.0016217714
64300,0.030643959,0,50,49.999973,50.000027,7.9468982e-06,-7.0752021e-06,-8.7169587e-07,360,-0.0016217323
64400,0.030858248,0,50,49.999973,50.000027,7.9469219e-06,-7.0145716e-06,-9.3235053e-07,0,-0.0016216411
64500,0.031072536,0,50,49.999973,50.000027,7.9469473e-06,-6.9585412e-06,-9.884061e-07,360,-0.001621502
64600,0.031286828,0,50,49.999973,50.000027,7.9469673e-06,-6.9071002e-06,-1.0398674e-06,0,-0.0016213189
64700,0.031501118,0,50,49.999973,50.000027,7.9469901e-06,-6.8602112e-06,-1.0867789e-06,360,-0.0016210958
64800,0.031715408,0,50,49.999973,50.000027,7.9470074e-06,-6.8178169e-06,-1.1291907e-06,0,-0.0016208367
64900,0.031929694,0,50,49.999973,50.000027,7.9470274e-06,-6.7798383e-06,-1.1671893e-06,360,-0.0016205454
65000,0.032143984,0,50,49.999973,50.000027,7.9470419e-06,-6.7461788e-06,-1.2008634e-06,0,-0.0016202257
65100,0.032358274,0,50,49.999973,50.000027,7.9470592e-06,-6.7167239e-06,-1.2303356e-06,360,-0.0016198813
65200,0.03257256,0,50,49.999973,50.000027,7.9470719e-06,-6.6913462e-06,-1.2557259e-06,0,-0.0016195155
65300,0.032786854,0,50,49.999973,50.000027,7.9470874e-06,-6.6699035e-06,-1.2771839e-06,360,-0.0016191319
65400,0.033001143,0,50,49.999973,50.000027,7.9470983e-06,-6.6522443e-06,-1.2948537e-06,0,-0.0016187339
65500,0.033215433,0,50,49.999973,50.000027,7.947112e-06,-6.638204e-06,-1.3089079e-06,360,-0.0016183244
65600,0.03342972,0,50,49.999973,50.000027,7.947121e-06,-6.6276107e-06,-1.3195104e-06,0,-0.0016179065
65700,0.033644009,0,50,49.999973,50.000027,7.9471338e-06,-6.6202874e-06,-1.3268464e-06,360,-0.001617483
65800,0.033858299,0,50,49.999973,50.000027,7.947142e-06,-6.6160505e-06,-1.3310914e-06,0,-0.0016170566
65900,0.034072585,0,50,49.999973,50.000027,7.9471529e-06,-6.6147113e-06,-1.3324416e-06,360,-0.0016166297
66000,0.034286879,0,50,49.999973,50.000027,7.9471592e-06,-6.616081e-06,-1.3310785e-06,0,-0.0016162046
66100,0.034501169,0,50,49.999973,50.000027,7.9471693e-06,-6.6199659e-06,-1.3272033e-06,360,-0.0016157837
66200,0.034715459,0,50,49.999973,50.000027,7.9471747e-06,-6.626175e-06,-1.3209997e-06,0,-0.0016153688
66300,0.034929745,0,50,49.999973,50.000027,7.9471838e-06,-6.6345146e-06,-1.3126689e-06,360,-0.0016149617
66400,0.035144035,0,50,49.999973,50.000027,7.9471884e-06,-6.6447965e-06,-1.3023916e-06,0,-0.0016145641
66500,0.035358325,0,50,49.999973,50.000027,7.9471965e-06,-6.6568314e-06,-1.2903652e-06,360,-0.0016141776
66600,0.035572615,0,50,49.999973,50.000027,7.9472002e-06,-6.6704351e-06,-1.276765e-06,0,-0.0016138033
66700,0.035786904,0,50,49.999973,50.000027,7.9472075e-06,-6.6854273e-06,-1.2617804e-06,360,-0.0016134426
66800,0.036001194,0,50,49.999973,50.000027,7.9472102e-06,-6.7016326e-06,-1.2455773e-06,0,-0.0016130963
66900,0.036215484,0,50,49.999973,50.000027,7.9472165e-06,-6.7188817e-06,-1.2283349e-06,360,-0.0016127655
67000,0.03642977,0,50,49.999973,50.000027,7.9472193e-06,-6.7370111e-06,-1.210208e-06,0,-0.0016124508
67100,0.03664406,0,50,49.999973,50.000027,7.9472247e-06,-6.7558612e-06,-1.1913635e-06,360,-0.0016121528
67200,0.03685835,0,50,49.999973,50.000027,7.9472265e-06,-6.7752835e-06,-1.1719433e-06,0,-0.001611872
67300,0.03707264,0,50,49.999973,50.000027,7.947232e-06,-6.7951332e-06,-1.1520985e-06,360,-0.0016116087
67400,0.03728693,0,50,49.999973,50.000027,7.9472329e-06,-6.8152758e-06,-1.1319571e-06,0,-0.0016113631
67500,0.03750122,0,50,49.999973,50.000027,7.9472375e-06,-6.8355803e-06,-1.111657e-06,360,-0.0016111354
67600,0.03771551,0,50,49.999973,50.000027,7.9472384e-06,-6.8559289e-06,-1.0913095e-06,0,-0.0016109255
67700,0.037929796,0,50,49.999973,50.000027,7.9472429e-06,-6.8762079e-06,-1.0710351e-06,360,-0.0016107335
67800,0.038144086,0,50,49.999973,50.000027,7.9472438e-06,-6.8963136e-06,-1.0509302e-06,0,-0.0016105589
67900,0.038358375,0,50,49.999973,50.000027,7.9472484e-06,-6.9161497e-06,-1.0310987e-06,360,-0.0016104018
68000,0.038572665,0,50,49.999973,50.000027,7.9472484e-06,-6.9356274e-06,-1.011621e-06,0,-0.0016102616
68100,0.038786955,0,50,49.999973,50.000027,7.947252e-06,-6.9546659e-06,-9.9258614e-07,360,-0.001610138
68200,0.039001245,0,50,49.999973,50.000027,7.947252e-06,-6.9731941e-06,-9.7405814e-07,0,-0.0016100305
68300,0.039215535,0,50,49.999973,50.000027,7.9472557e-06,-6.9911457e-06,-9.5611017e-07,360,-0.0016099386
68400,0.039429821,0,50,49.999973,50.000027,7.9472557e-06,-7.0084652e-06,-9.3879044e-07,0,-0.0016098617
68500,0.039644111,0,50,49.999973,50.000027,7.9472593e-06,-7.0251008e-06,-9.2215851e-07,360,-0.0016097992
68600,0.039858401,0,50,49.999973,50.000027,7.9472584e-06,-7.0410106e-06,-9.0624781e-07,0,-0.0016097506
68700,0.040072691,0,50,49.999973,50.000027,7.947262e-06,-7.0561591e-06,-8.911029e-07,360,-0.0016097149
68800,0.040286981,0,50,49.999973,50.000027,7.9472611e-06,-7.0705159e-06,-8.7674516e-07,0,-0.0016096917
68900,0.04050127,0,50,49.999973,50.000027,7.9472647e-06,-7.0840588e-06,-8.6320597e-07,360,-0.0016096801
69000,0.04071556,0,50,49.999973,50.000027,7.9472638e-06,-7.096769e-06,-8.504951e-07,0,-0.0016096795
69100,0.040929846,0,50,49.999973,50.000027,7.9472666e-06,-7.1086351e-06,-8.3863119e-07,360,-0.0016096891
69200,0.041144136,0,50,49.999973,50.000027,7.9472657e-06,-7.1196528e-06,-8.2761289e-07,0,-0.0016097081
69300,0.041358426,0,50,49.999973,50.000027,7.9472684e-06,-7.1298182e-06,-8.174502e-07,360,-0.0016097358
69400,0.041572716,0,50,49.999973,50.000027,7.9472675e-06,-7.1391369e-06,-8.0813084e-07,0,-0.0016097714
69500,0.041787006,0,50,49.999973,50.000027,7.9472702e-06,-7.1476152e-06,-7.996548e-07,360,-0.0016098142
69600,0.042001296,0,50,49.999973,50.000027,7.9472693e-06,-7.1552658e-06,-7.9200322e-07,0,-0.0016098636
69700,0.042215586,0,50,49.999973,50.000027,7.947272e-06,-7.1621034e-06,-7.8516837e-07,360,-0.0016099188
69800,0.042429872,0,50,49.999973,50.000027,7.9472711e-06,-7.1681475e-06,-7.7912364e-07,0,-0.0016099791
69900,0.042644162,0,50,49.999973,50.000027,7.9472738e-06,-7.1734175e-06,-7.738563e-07,360,-0.0016100438
70000,0.042858452,0,50,49.999973,50.000027,7.947272e-06,-7.1779396e-06,-7.6933247e-07,0,-0.0016101123
70100,0.043072741,0,50,49.999973,50.000027,7.9472748e-06,-7.1817408e-06,-7.6553397e-07,360,-0.0016101839
70200,0.043287031,0,50,49.999973,50.000027,7.9472729e-06,-7.1848499e-06,-7.6242327e-07,0,-0.001610258
70300,0.043501321,0,50,49.999973,50.000027,7.9472757e-06,-7.187296e-06,-7.5997968e-07,360,-0.0016103341
70400,0.043715611,0,50,49.999973,50.000027,7.9472738e-06,-7.1891118e-06,-7.5816206e-07,0,-0.0016104117
70500,0.043929897,0,50,49.999973,50.000027,7.9472766e-06,-7.190331e-06,-7.5694561e-07,360,-0.0016104901
70600,0.044144187,0,50,49.999973,50.000027,7.9472748e-06,-7.1909876e-06,-7.5628714e-07,0,-0.0016105691
70700,0.044358477,0,50,49.999973,50.000027,7.9472766e-06,-7.1911154e-06,-7.561614e-07,360,-0.001610648
70800,0.044572767,0,50,49.999973,50.000027,7.9472748e-06,-7.1907511e-06,-7.565236e-07,0,-0.0016107265
70900,0.044787057,0,50,49.999973,50.000027,7.9472766e-06,-7.1899294e-06,-7.5734738e-07,360,-0.0016108041
71000,0.045001347,0,50,49.999973,50.000027,7.9472748e-06,-7.1886871e-06,-7.585877e-07,0,-0.0016108806
71100,0.045215636,0,50,49.999973,50.000027,7.9472766e-06,-7.1870577e-06,-7.6021888e-07,360,-0.0016109555
71200,0.045429923,0,50,49.999973,50.000027,7.9472748e-06,-7.1850782e-06,-7.6219635e-07,0,-0.0016110286
71300,0.045644213,0,50,49.999973,50.000027,7.9472766e-06,-7.1827822e-06,-7.6449442e-07,360,-0.0016110996
71400,0.045858502,0,50,49.999973,50.000027,7.9472748e-06,-7.1802033e-06,-7.6707124e-07,0,-0.0016111683
71500,0.046072792,0,50,49.999973,50.000027,7.9472766e-06,-7.1773748e-06,-7.6990159e-07,360,-0.0016112344
71600,0.046287082,0,50,49.999973,50.000027,7.9472748e-06,-7.1743307e-06,-7.729443e-07,0,-0.0016112978
71700,0.046501372,0,50,49.999973,50.000027,7.9472766e-06,-7.1710988e-06,-7.7617779e-07,360,-0.0016113584
71800,0.046715662,0,50,49.999973,50.000027,7.9472748e-06,-7.1677123e-06,-7.7956247e-07,0,-0.0016114159
71900,0.046929952,0,50,49.999973,50.000027,7.9472766e-06,-7.1641975e-06,-7.8307903e-07,360,-0.0016114702
72000,0.047144238,0,50,49.999973,50.000027,7.9472748e-06,-7.1605837e-06,-7.8669086e-07,0,-0.0016115215
72100,0.047358528,0,50,49.999973,50.000027,7.9472766e-06,-7.156897e-06,-7.9037954e-07,360,-0.0016115694
72200,0.047572814,0,50,49.999973,50.000027,7.9472748e-06,-7.1531617e-06,-7.9411302e-07,0,-0.0016116141
72300,0.047787108,0,50,49.999973,50.000027,7.9472766e-06,-7.1494005e-06,-7.9787606e-07,360,-0.0016116555
72400,0.048001394,0,50,49.999973,50.000027,7.9472748e-06,-7.145637e-06,-8.016375e-07,0,-0.0016116935
72500,0.048215687,0,50,49.999973,50.000027,7.9472766e-06,-7.1418908e-06,-8.0538553e-07,360,-0.0016117283
72600,0.048429977,0,50,49.999973,50.000027,7.9472748e-06,-7.1381819e-06,-8.0909308e-07,0,-0.0016117599
72700,0.048644263,0,50,49.999973,50.000027,7.9472766e-06,-7.1345253e-06,-8.127513e-07,360,-0.0016117882
72800,0.048858553,0,50,49.999973,50.000027,7.9472748e-06,-7.1309396e-06,-8.1633493e-07,0,-0.0016118134
72900,0.049072839,0,50,49.999973,50.000027,7.9472766e-06,-7.127438e-06,-8.1983876e-07,360,-0.0016118356
73000,0.049287133,0,50,49.999973,50.000027,7.9472748e-06,-7.1240338e-06,-8.2324073e-07,0,-0.0016118548
73100,0.049501419,0,50,49.999973,50.000027,7.9472766e-06,-7.1207396e-06,-8.2653719e-07,360,-0.0016118711
73200,0.049715713,0,50,49.999973,50.000027,7.9472748e-06,-7.1175641e-06,-8.2971064e-07,0,-0.0016118847
73300,0.049930003,0,50,49.999973,50.000027,7.9472766e-06,-7.1145168e-06,-8.327595e-07,360,-0.0016118956
73400,0.050144289,0,50,49.999973,50.000027,7.9472748e-06,-7.1116065e-06,-8.3566829e-07,0,-0.001611904
73500,0.050358579,0,50,49.999973,50.000027,7.9472766e-06,-7.1088375e-06,-8.3843906e-07,360,-0.0016119101
73600,0.050572865,0,50,49.999973,50.000027,7.9472748e-06,-7.1062168e-06,-8.4105773e-07,0,-0.0016119138
73700,0.050787158,0,50,49.999973,50.000027,7.9472766e-06,-7.103748e-06,-8.435286e-07,360,-0.0016119154
73800,0.051001444,0,50,49.999973,50.000027,7.9472748e-06,-7.1014338e-06,-8.4584076e-07,0,-0.0016119151
73900,0.051215738,0,50,49.999973,50.000027,7.9472766e-06,-7.0992755e-06,-8.4800104e-07,360,-0.0016119129
74000,0.051430028,0,50,49.999973,50.000027,7.9472748e-06,-7.0972751e-06,-8.4999965e-07,0,-0.0016119089
74100,0.051644314,0,50,49.999973,50.000027,7.9472766e-06,-7.0954325e-06,-8.5184411e-07,360,-0.0016119034
74200,0.051858604,0,50,49.999973,50.000027,7.9472748e-06,-7.0937467e-06,-8.5352826e-07,0,-0.0016118964
74300,0.05207289,0,50,49.999973,50.000027,7.9472766e-06,-7.0922151e-06,-8.5506167e-07,360,-0.0016118882
74400,0.052287184,0,50,49.999973,50.000027,7.9472748e-06,-7.0908368e-06,-8.5643796e-07,0,-0.0016118787
74500,0.05250147,0,50,49.999973,50.000027,7.9472766e-06,-7.0896076e-06,-8.5766874e-07,360,-0.0016118683
74600,0.052715763,0,50,49.999973,50.000027,7.9472748e-06,-7.0885253e-06,-8.5874967e-07,0,-0.0016118569
74700,0.052930053,0,50,49.999973,50.000027,7.9472766e-06,-7.087584e-06,-8.5969236e-07,360,-0.0016118448
74800,0.053144339,0,50,49.999973,50.000027,7.9472748e-06,-7.0867809e-06,-8.6049363e-07,0,-0.0016118319
74900,0.053358629,0,50,49.999973,50.000027,7.9472766e-06,-7.0861097e-06,-8.6116665e-07,360,-0.0016118186
75000,0.053572915,0,50,49.999973,50.000027,7.9472748e-06,-7.0855658e-06,-8.6170871e-07,0,-0.0016118047
75100,0.053787209,0,50,49.999973,50.000027,7.9472766e-06,-7.0851424e-06,-8.6213413e-07,360,-0.0016117905
75200,0.054001495,0,50,49.999973,50.000027,7.9472748e-06,-7.084835e-06,-8.6243972e-07,0,-0.0016117761
75300,0.054215789,0,50,49.999973,50.000027,7.9472766e-06,-7.0846359e-06,-8.6264072e-07,360,-0.0016117615
75400,0.054430079,0,50,49.999973,50.000027,7.9472748e-06,-7.0845399e-06,-8.6273508e-07,0,-0.001611747
75500,0.054644365,0,50,49.999973,50.000027,7.9472766e-06,-7.084539e-06,-8.6273781e-07,360,-0.0016117324
75600,0.054858655,0,50,49.999973,50.000027,7.9472748e-06,-7.0846277e-06,-8.6264708e-07,0,-0.001611718
75700,0.055072941,0,50,49.999973,50.000027,7.9472766e-06,-7.0847987e-06,-8.6247792e-07,360,-0.0016117037
75800,0.055287234,0,50,49.999973,50.000027,7.9472748e-06,-7.0850469e-06,-8.6222781e-07,0,-0.0016116896
75900,0.055501521,0,50,49.999973,50.000027,7.9472766e-06,-7.0853644e-06,-8.6191221e-07,360,-0.0016116758
76000,0.055715814,0,50,49.999973,50.000027,7.9472748e-06,-7.085745e-06,-8.6152954e-07,0,-0.0016116624
76100,0.055930104,0,50,49.999973,50.000027,7.9472766e-06,-7.0861824e-06,-8.6109389e-07,360,-0.0016116494
76200,0.05614439,0,50,49.999973,50.000027,7.9472748e-06,-7.0866713e-06,-8.6060345e-07,0,-0.0016116368
76300,0.05635868,0,50,49.999973,50.000027,7.9472766e-06,-7.0872038e-06,-8.6007253e-07,360,-0.0016116247
76400,0.056572966,0,50,49.999973,50.000027,7.9472748e-06,-7.0877759e-06,-8.5949864e-07,0,-0.0016116131
76500,0.05678726,0,50,49.999973,50.000027,7.9472766e-06,-7.0883802e-06,-8.5889633e-07,360,-0.001611602
76600,0.057001546,0,50,49.999973,50.000027,7.9472748e-06,-7.0890133e-06,-8.582615e-07,0,-0.0016115915
76700,0.05721584,0,50,49.999973,50.000027,7.9472766e-06,-7.0896681e-06,-8.5760848e-07,360,-0.0016115817
76800,0.057430129,0,50,49.999973,50.000027,7.9472748e-06,-7.0903397e-06,-8.56935e-07,0,-0.0016115723
76900,0.057644416,0,50,49.999973,50.000027,7.9472766e-06,-7.0910237e-06,-8.5625311e-07,360,-0.0016115636
77000,0.057858706,0,50,49.999973,50.000027,7.9472748e-06,-7.0917163e-06,-8.5555848e-07,0,-0.0016115555
77100,0.058072992,0,50,49.999973,50.000027,7.9472766e-06,-7.0924116e-06,-8.5486499e-07,360,-0.001611548
77200,0.058287285,0,50,49.999973,50.000027,7.9472748e-06,-7.0931069e-06,-8.5416787e-07,0,-0.0016115411
77300,0.058501571,0,50,49.999973,50.000027,7.9472766e-06,-7.0937976e-06,-8.534787e-07,360,-0.0016115349
77400,0.058715865,0,50,49.999973,50.000027,7.9472748e-06,-7.0944816e-06,-8.5279339e-07,0,-0.0016115292
77500,0.058930155,0,50,49.999973,50.000027,7.9472766e-06,-7.0951537e-06,-8.5212264e-07,360,-0.001611524
77600,0.059144441,0,50,49.999973,50.000027,7.9472748e-06,-7.095814e-06,-8.5146075e-07,0,-0.0016115195
77700,0.059358731,0,50,49.999973,50.000027,7.9472766e-06,-7.096457e-06,-8.5081956e-07,360,-0.0016115155
77800,0.059573017,0,50,49.999973,50.000027,7.9472748e-06,-7.0970818e-06,-8.5019269e-07,0,-0.0016115122
77900,0.059787311,0,50,49.999973,50.000027,7.9472766e-06,-7.0976857e-06,-8.4959083e-07,360,-0.0016115092
78000,0.060001597,0,50,49.999973,50.000027,7.9472748e-06,-7.0982674e-06,-8.4900739e-07,0,-0.0016115068
78100,0.06021589,0,50,49.999973,50.000027,7.9472766e-06,-7.0988253e-06,-8.4845146e-07,360,-0.0016115049
78200,0.06043018,0,50,49.999973,50.000027,7.9472748e-06,-7.0993569e-06,-8.4791782e-07,0,-0.0016115035
78300,0.060644466,0,50,49.999973,50.000027,7.9472766e-06,-7.0998613e-06,-8.4741509e-07,360,-0.0016115025
78400,0.060858756,0,50,49.999973,50.000027,7.9472748e-06,-7.1003396e-06,-8.4693511e-07,0,-0.0016115019
78500,0.061073042,0,50,49.999973,50.000027,7.9472766e-06,-7.100788e-06,-8.4648832e-07,360,-0.0016115017
78600,0.061287336,0,50,49.999973,50.000027,7.9472748e-06,-7.1012091e-06,-8.460654e-07,0,-0.0016115018
78700,0.061501622,0,50,49.999973,50.000027,7.9472766e-06,-7.1016011e-06,-8.4567569e-07,360,-0.0016115023
78800,0.061715916,0,50,49.999973,50.000027,7.9472748e-06,-7.101964e-06,-8.4531075e-07,0,-0.0016115031
78900,0.061930206,0,50,49.999973,50.000027,7.9472766e-06,-7.1022969e-06,-8.4497947e-07,360,-0.0016115041
79000,0.062144492,0,50,49.999973,50.000027,7.9472748e-06,-7.1026034e-06,-8.446716e-07,0,-0.0016115055
79100,0.062358782,0,50,49.999973,50.000027,7.9472766e-06,-7.1028799e-06,-8.4439648e-07,360,-0.0016115071
79200,0.062573068,0,50,49.999973,50.000027,7.9472748e-06,-7.1031282e-06,-8.4414683e-07,0,-0.0016115089
79300,0.062787361,0,50,49.999973,50.000027,7.9472766e-06,-7.1033483e-06,-8.4392855e-07,360,-0.0016115109
79400,0.063001648,0,50,49.999973,50.000027,7.9472748e-06,-7.1035429e-06,-8.437321e-07,0,-0.001611513
79500,0.063215941,0,50,49.999973,50.000027,7.9472766e-06,-7.1037102e-06,-8.4356611e-07,360,-0.0016115153
79600,0.063430235,0,50,49.999973,50.000027,7.9472748e-06,-7.103853e-06,-8.4342173e-07,0,-0.0016115177
79700,0.063644513,0,50,49.999973,50.000027,7.9472766e-06,-7.1039708e-06,-8.4330577e-07,360,-0.0016115202
79800,0.063858807,0,50,49.999973,50.000027,7.9472748e-06,-7.1040663e-06,-8.4320845e-07,0,-0.0016115227
79900,0.064073093,0,50,49.999973,50.000027,7.9472766e-06,-7.1041395e-06,-8.4313706e-07,360,-0.0016115254
80000,0.064287387,0,50,49.999973,50.000027,7.9472748e-06,-7.1041914e-06,-8.4308317e-07,0,-0.0016115281
80100,0.064501673,0,50,49.999973,50.000027,7.9472766e-06,-7.1042227e-06,-8.4305384e-07,360,-0.0016115308
80200,0.064715967,0,50,49.999973,50.000027,7.9472748e-06,-7.1042359e-06,-8.4303861e-07,0,-0.0016115335
80300,0.06493026,0,50,49.999973,50.000027,7.9472766e-06,-7.1042323e-06,-8.4304452e-07,360,-0.0016115361
80400,0.065144539,0,50,49.999973,50.000027,7.9472748e-06,-7.1042123e-06,-8.4306271e-07,0,-0.0016115388
80500,0.065358832,0,50,49.999973,50.000027,7.9472766e-06,-7.1041763e-06,-8.4310022e-07,360,-0.0016115415
80600,0.065573119,0,50,49.999973,50.000027,7.9472748e-06,-7.1041272e-06,-8.4314752e-07,0,-0.0016115441
80700,0.065787412,0,50,49.999973,50.000027,7.9472766e-06,-7.1040654e-06,-8.4321118e-07,360,-0.0016115466
80800,0.066001698,0,50,49.999973,50.000027,7.9472748e-06,-7.1039922e-06,-8.4328258e-07,0,-0.0016115491
80900,0.066215992,0,50,49.999973,50.000027,7.9472766e-06,-7.1039085e-06,-8.4336784e-07,360,-0.0016115515
81000,0.066430286,0,50,49.999973,50.000027,7.9472748e-06,-7.1038166e-06,-8.4345834e-07,0,-0.0016115538
81100,0.066644564,0,50,49.999973,50.000027,7.9472766e-06,-7.1037152e-06,-8.4356134e-07,360,-0.001611556
81200,0.066858858,0,50,49.999973,50.000027,7.9472748e-06,-7.1036075e-06,-8.4366707e-07,0,-0.0016115581
81300,0.067073144,0,50,49.999973,50.000027,7.9472766e-06,-7.1034938e-06,-8.437828e-07,360,-0.0016115601
81400,0.067287438,0,50,49.999973,50.000027,7.9472748e-06,-7.103376e-06,-8.4389876e-07,0,-0.001611562
81500,0.067501724,0,50,49.999973,50.000027,7.9472766e-06,-7.1032541e-06,-8.4402245e-07,360,-0.0016115638
81600,0.067716017,0,50,49.999973,50.000027,7.9472748e-06,-7.1031291e-06,-8.4414569e-07,0,-0.0016115656
81700,0.067930311,0,50,49.999973,50.000027,7.9472766e-06,-7.1030013e-06,-8.4427529e-07,360,-0.0016115672
81800,0.06814459,0,50,49.999973,50.000027,7.9472748e-06,-7.102873e-06,-8.4440171e-07,0,-0.0016115687
81900,0.068358883,0,50,49.999973,50.000027,7.9472766e-06,-7.1027434e-06,-8.4453313e-07,360,-0.0016115701
82000,0.068573169,0,50,49.999973,50.000027,7.9472748e-06,-7.1026143e-06,-8.4466046e-07,0,-0.0016115714
82100,0.068787463,0,50,49.999973,50.000027,7.9472766e-06,-7.1024851e-06,-8.447912e-07,360,-0.0016115726
82200,0.069001749,0,50,49.999973,50.000027,7.9472748e-06,-7.1023583e-06,-8.4491649e-07,0,-0.0016115736
82300,0.069216043,0,50,49.999973,50.000027,7.9472766e-06,-7.1022323e-06,-8.4504404e-07,360,-0.0016115746
82400,0.069430336,0,50,49.999973,50.000027,7.9472748e-06,-7.1021104e-06,-8.4516455e-07,0,-0.0016115754
82500,0.069644615,0,50,49.999973,50.000027,7.9472766e-06,-7.1019913e-06,-8.4528551e-07,360,-0.0016115761
82600,0.069858909,0,50,49.999973,50.000027,7.9472748e-06,-7.1018758e-06,-8.4539897e-07,0,-0.0016115766
82700,0.070073195,0,50,49.999973,50.000027,7.9472766e-06,-7.1017639e-06,-8.4551266e-07,360,-0.0016115771
82800,0.070287488,0,50,49.999973,50.000027,7.9472748e-06,-7.1016575e-06,-8.4561748e-07,0,-0.0016115776
82900,0.070501782,0,50,49.999973,50.000027,7.9472766e-06,-7.1015547e-06,-8.4572207e-07,360,-0.0016115779
83000,0.070716068,0,50,49.999973,50.000027,7.9472748e-06,-7.101457e-06,-8.4581779e-07,0,-0.0016115782
83100,0.070930362,0,50,49.999973,50.000027,7.9472766e-06,-7.1013642e-06,-8.4591238e-07,360,-0.0016115783
83200,0.07114464,0,50,49.999973,50.000027,7.9472748e-06,-7.1012773e-06,-8.4599742e-07,0,-0.0016115784
83300,0.071358934,0,50,49.999973,50.000027,7.9472766e-06,-7.1011946e-06,-8.4608223e-07,360,-0.0016115784
83400,0.07157322,0,50,49.999973,50.000027,7.9472748e-06,-7.1011177e-06,-8.4615704e-07,0,-0.0016115784
83500,0.071787514,0,50,49.999973,50.000027,7.9472766e-06,-7.1010454e-06,-8.4623139e-07,360,-0.0016115783
83600,0.072001807,0,50,49.999973,50.000027,7.9472748e-06,-7.1009799e-06,-8.4629482e-07,0,-0.001611578
83700,0.072216094,0,50,49.999973,50.000027,7.9472766e-06,-7.100919e-06,-8.4635735e-07,360,-0.0016115778
83800,0.072430387,0,50,49.999973,50.000027,7.9472748e-06,-7.1008649e-06,-8.4640988e-07,0,-0.0016115776
83900,0.072644666,0,50,49.999973,50.000027,7.9472766e-06,-7.1008149e-06,-8.4646172e-07,360,-0.0016115772
84000,0.072858959,0,50,49.999973,50.000027,7.9472748e-06,-7.1007703e-06,-8.4650446e-07,0,-0.0016115769
84100,0.073073246,0,50,49.999973,50.000027,7.9472766e-06,-7.1007316e-06,-8.4654516e-07,360,-0.0016115765
84200,0.073287539,0,50,49.999973,50.000027,7.9472748e-06,-7.1006975e-06,-8.4657722e-07,0,-0.0016115761
84300,0.073501833,0,50,49.999973,50.000027,7.9472766e-06,-7.100668e-06,-8.4660883e-07,360,-0.0016115756
84400,0.073716119,0,50,49.999973,50.000027,7.9472748e-06,-7.1006439e-06,-8.4663088e-07,0,-0.0016115751
84500,0.073930413,0,50,49.999973,50.000027,7.9472766e-06,-7.1006239e-06,-8.4665271e-07,360,-0.0016115747
84600,0.074144691,0,50,49.999973,50.000027,7.9472748e-06,-7.1006084e-06,-8.4666635e-07,0,-0.0016115742
84700,0.074358985,0,50,49.999973,50.000027,7.9472766e-06,-7.1005961e-06,-8.4668022e-07,360,-0.0016115737
84800,0.074573271,0,50,49.999973,50.000027,7.9472748e-06,-7.1005879e-06,-8.4668659e-07,0,-0.0016115733
84900,0.074787565,0,50,49.999973,50.000027,7.9472766e-06,-7.1005825e-06,-8.4669409e-07,360,-0.0016115728
85000,0.075001858,0,50,49.999973,50.000027,7.9472748e-06,-7.1005816e-06,-8.4669341e-07,0,-0.0016115723
85100,0.075216144,0,50,49.999973,50.000027,7.9472766e-06,-7.1005825e-06,-8.4669409e-07,360,-0.0016115719
85200,0.075430438,0,50,49.999973,50.000027,7.9472748e-06,-7.1005866e-06,-8.4668818e-07,0,-0.0016115714
85300,0.075644717,0,50,49.999973,50.000027,7.9472766e-06,-7.1005929e-06,-8.4668363e-07,360,-0.0016115709
85400,0.07585901,0,50,49.999973,50.000027,7.9472748e-06,-7.1006025e-06,-8.4667226e-07,0,-0.0016115705
85500,0.076073296,0,50,49.999973,50.000027,7.9472766e-06,-7.1006134e-06,-8.4666317e-07,360,-0.00161157
85600,0.07628759,0,50,49.999973,50.000027,7.9472748e-06,-7.1006275e-06,-8.4664725e-07,0,-0.0016115695
85700,0.076501884,0,50,49.999973,50.000027,7.9472766e-06,-7.1006425e-06,-8.4663429e-07,360,-0.0016115691
85800,0.07671617,0,50,49.999973,50.000027,7.9472748e-06,-7.1006602e-06,-8.4661451e-07,0,-0.0016115686
85900,0.076930463,0,50,49.999973,50.000027,7.9472766e-06,-7.1006789e-06,-8.4659746e-07,360,-0.0016115682
86000,0.077144742,0,50,49.999973,50.000027,7.9472748e-06,-7.1006998e-06,-8.4657495e-07,0,-0.0016115678
86100,0.077359036,0,50,49.999973,50.000027,7.9472766e-06,-7.1007207e-06,-8.4655608e-07,360,-0.0016115675
86200,0.077573322,0,50,49.999973,50.000027,7.9472748e-06,-7.100743e-06,-8.4653175e-07,0,-0.0016115671
86300,0.077787615,0,50,49.999973,50.000027,7.9472766e-06,-7.1007653e-06,-8.4651151e-07,360,-0.0016115668
86400,0.078001909,0,50,49.999973,50.000027,7.9472748e-06,-7.100788e-06,-8.464865e-07,0,-0.0016115664
86500,0.078216195,0,50,49.999973,50.000027,7.9472766e-06,-7.1008126e-06,-8.4646422e-07,360,-0.0016115661
86600,0.078430489,0,50,49.999973,50.000027,7.9472748e-06,-7.1008367e-06,-8.4643807e-07,0,-0.0016115658
86700,0.078644767,0,50,49.999973,50.000027,7.9472766e-06,-7.1008608e-06,-8.4641579e-07,360,-0.0016115656
86800,0.078859061,0,50,49.999973,50.000027,7.9472748e-06,-7.1008853e-06,-8.4638964e-07,0,-0.0016115654
86900,0.079073347,0,50,49.999973,50.000027,7.9472766e-06,-7.1009085e-06,-8.4636804e-07,360,-0.0016115651
87000,0.079287641,0,50,49.999973,50.000027,7.9472748e-06,-7.1009326e-06,-8.4634235e-07,0,-0.0016115649
87100,0.079501934,0,50,49.999973,50.000027,7.9472766e-06,-7.1009558e-06,-8.4632075e-07,360,-0.0016115648
87200,0.07971622,0,50,49.999973,50.000027,7.9472748e-06,-7.100979e-06,-8.4629573e-07,0,-0.0016115647
87300,0.079930514,0,50,49.999973,50.000027,7.9472766e-06,-7.1010008e-06,-8.462755e-07,360,-0.0016115645
87400,0.080144793,0,50,49.999973,50.000027,7.9472748e-06,-7.1010227e-06,-8.4625231e-07,0,-0.0016115644
87500,0.080359086,0,50,49.999973,50.000027,7.9472766e-06,-7.1010427e-06,-8.4623412e-07,360,-0.0016115643
87600,0.080573373,0,50,49.999973,50.000027,7.9472748e-06,-7.1010627e-06,-8.4621229e-07,0,-0.0016115642
87700,0.080787666,0,50,49.999973,50.000027,7.9472766e-06,-7.1010813e-06,-8.4619523e-07,360,-0.0016115641
87800,0.08100196,0,50,49.999973,50.000027,7.9472748e-06,-7.1011e-06,-8.46175e-07,0,-0.0016115641
87900,0.081216246,0,50,49.999973,50.000027,7.9472766e-06,-7.1011164e-06,-8.4615999e-07,360,-0.0016115641
88000,0.081430539,0,50,49.999973,50.000027,7.9472748e-06,-7.1011336e-06,-8.4614135e-07,0,-0.0016115641
88100,0.081644818,0,50,49.999973,50.000027,7.9472766e-06,-7.1011482e-06,-8.4612839e-07,360,-0.0016115641
88200,0.081859112,0,50,49.999973,50.000027,7.9472748e-06,-7.1011623e-06,-8.4611247e-07,0,-0.0016115641
88300,0.082073398,0,50,49.999973,50.000027,7.9472766e-06,-7.1011755e-06,-8.4610133e-07,360,-0.0016115641
88400,0.082287692,0,50,49.999973,50.000027,7.9472748e-06,-7.1011877e-06,-8.46087e-07,0,-0.0016115641
88500,0.082501985,0,50,49.999973,50.000027,7.9472766e-06,-7.1011991e-06,-8.4607768e-07,360,-0.0016115641
88600,0.082716271,0,50,49.999973,50.000027,7.9472748e-06,-7.1012096e-06,-8.4606518e-07,0,-0.0016115641
88700,0.082930565,0,50,49.999973,50.000027,7.9472766e-06,-7.1012191e-06,-8.4605745e-07,360,-0.0016115641
88800,0.083144844,0,50,49.999973,50.000027,7.9472748e-06,-7.1012287e-06,-8.4604608e-07,0,-0.0016115642
88900,0.083359137,0,50,49.999973,50.000027,7.9472766e-06,-7.1012364e-06,-8.4604039e-07,360,-0.0016115643
89000,0.083573423,0,50,49.999973,50.000027,7.9472748e-06,-7.1012428e-06,-8.4603175e-07,0,-0.0016115644
89100,0.083787717,0,50,49.999973,50.000027,7.9472766e-06,-7.1012487e-06,-8.4602789e-07,360,-0.0016115645
89200,0.084002011,0,50,49.999973,50.000027,7.9472748e-06,-7.1012537e-06,-8.4602129e-07,0,-0.0016115647
89300,0.084216297,0,50,49.999973,50.000027,7.9472766e-06,-7.1012573e-06,-8.4601947e-07,360,-0.0016115648
89400,0.08443059,0,50,49.999973,50.000027,7.9472748e-06,-7.1012601e-06,-8.4601493e-07,0,-0.0016115649
89500,0.084644869,0,50,49.999973,50.000027,7.9472766e-06,-7.1012619e-06,-8.4601493e-07,360,-0.001611565
89600,0.084859163,0,50,49.999973,50.000027,7.9472748e-06,-7.1012632e-06,-8.4601152e-07,0,-0.0016115651
89700,0.085073449,0,50,49.999973,50.000027,7.9472766e-06,-7.1012628e-06,-8.4601356e-07,360,-0.0016115652
89800,0.085287742,0,50,49.999973,50.000027,7.9472748e-06,-7.1012628e-06,-8.4601197e-07,0,-0.0016115654
89900,0.085502036,0,50,49.999973,50.000027,7.9472766e-06,-7.101261e-06,-8.4601561e-07,360,-0.0016115655
90000,0.085716322,0,50,49.999973,50.000027,7.9472748e-06,-7.1012591e-06,-8.4601538e-07,0,-0.0016115656
90100,0.085930616,0,50,49.999973,50.000027,7.9472766e-06,-7.1012564e-06,-8.4602016e-07,360,-0.0016115657
90200,0.086144894,0,50,49.999973,50.000027,7.9472748e-06,-7.1012537e-06,-8.4602129e-07,0,-0.0016115658
90300,0.086359188,0,50,49.999973,50.000027,7.9472766e-06,-7.10125e-06,-8.4602675e-07,360,-0.0016115659
90400,0.086573474,0,50,49.999973,50.000027,7.9472748e-06,-7.1012464e-06,-8.4602857e-07,0,-0.0016115661
90500,0.086787768,0,50,49.999973,50.000027,7.9472766e-06,-7.1012414e-06,-8.4603516e-07,360,-0.0016115662
90600,0.087002061,0,50,49.999973,50.000027,7.9472748e-06,-7.1012373e-06,-8.4603766e-07,0,-0.0016115663
90700,0.087216347,0,50,49.999973,50.000027,7.9472766e-06,-7.1012314e-06,-8.4604517e-07,360,-0.0016115664
90800,0.087430641,0,50,49.999973,50.000027,7.9472748e-06,-7.1012264e-06,-8.4604835e-07,0,-0.0016115664
90900,0.08764492,0,50,49.999973,50.000027,7.9472766e-06,-7.1012209e-06,-8.4605563e-07,360,-0.0016115664
91000,0.087859213,0,50,49.999973,50.000027,7.9472748e-06,-7.1012164e-06,-8.4605813e-07,0,-0.0016115664
91100,0.0880735,0,50,49.999973,50.000027,7.9472766e-06,-7.1012118e-06,-8.4606472e-07,360,-0.0016115664
91200,0.088287793,0,50,49.999973,50.000027,7.9472748e-06,-7.1012082e-06,-8.4606654e-07,0,-0.0016115664
91300,0.088502087,0,50,49.999973,50.000027,7.9472766e-06,-7.1012037e-06,-8.4607268e-07,360,-0.0016115664
91400,0.088716373,0,50,49.999973,50.000027,7.9472748e-06,-7.1012009e-06,-8.4607382e-07,0,-0.0016115664
91500,0.088930666,0,50,49.999973,50.000027,7.9472766e-06,-7.1011973e-06,-8.4607927e-07,360,-0.0016115664
91600,0.089144945,0,50,49.999973,50.000027,7.9472748e-06,-7.1011941e-06,-8.4608064e-07,0,-0.0016115664
91700,0.089359239,0,50,49.999973,50.000027,7.9472766e-06,-7.1011914e-06,-8.4608519e-07,360,-0.0016115664
91800,0.089573525,0,50,49.999973,50.000027,7.9472748e-06,-7.1011891e-06,-8.4608564e-07,0,-0.0016115664
91900,0.089787818,0,50,49.999973,50.000027,7.9472766e-06,-7.1011864e-06,-8.4609042e-07,360,-0.0016115664
92000,0.090002112,0,50,49.999973,50.000027,7.9472748e-06,-7.1011837e-06,-8.4609087e-07,0,-0.0016115664
92100,0.090216398,0,50,49.999973,50.000027,7.9472766e-06,-7.1011818e-06,-8.4609496e-07,360,-0.0016115664
92200,0.090430692,0,50,49.999973,50.000027,7.9472748e-06,-7.10118e-06,-8.4609474e-07,0,-0.0016115664
92300,0.090644971,0,50,49.999973,50.000027,7.9472766e-06,-7.1011777e-06,-8.4609883e-07,360,-0.0016115664
92400,0.090859264,0,50,49.999973,50.000027,7.9472748e-06,-7.1011759e-06,-8.4609883e-07,0,-0.0016115664
92500,0.09107355,0,50,49.999973,50.000027,7.9472766e-06,-7.1011746e-06,-8.4610224e-07,360,-0.0016115664
92600,0.091287844,0,50,49.999973,50.000027,7.9472748e-06,-7.1011732e-06,-8.4610156e-07,0,-0.0016115664
92700,0.091502137,0,50,49.999973,50.000027,7.9472766e-06,-7.1011718e-06,-8.4610497e-07,360,-0.0016115664
92800,0.091716424,0,50,49.999973,50.000027,7.9472748e-06,-7.1011705e-06,-8.4610429e-07,0,-0.0016115664
92900,0.091930717,0,50,49.999973,50.000027,7.9472766e-06,-7.1011691e-06,-8.461077e-07,360,-0.0016115664
93001,0.092144996,0,50,49.999973,50.000027,7.9472748e-06,-7.1011677e-06,-8.4610701e-07,0,-0.0016115664
93101,0.09235929,0,50,49.999973,50.000027,7.9472766e-06,-7.1011664e-06,-8.4611042e-07,360,-0.0016115664
93201,0.092573576,0,50,49.999973,50.000027,7.9472748e-06,-7.101165e-06,-8.4610974e-07,0,-0.0016115664
93301,0.092787869,0,50,49.999973,50.000027,7.9472766e-06,-7.1011641e-06,-8.4611247e-07,360,-0.0016115664
93401,0.093002163,0,50,49.999973,50.000027,7.9472748e-06,-7.1011636e-06,-8.4611088e-07,0,-0.0016115664
93501,0.093216449,0,50,49.999973,50.000027,7.9472766e-06,-7.1011627e-06,-8.4611361e-07,360,-0.0016115664
93601,0.093430743,0,50,49.999973,50.000027,7.9472748e-06,-7.1011627e-06,-8.4611202e-07,0,-0.0016115664
93701,0.093645021,0,50,49.999973,50.000027,7.9472766e-06,-7.1011618e-06,-8.4611474e-07,360,-0.0016115664
93801,0.093859315,0,50,49.999973,50.000027,7.9472748e-06,-7.1011614e-06,-8.4611338e-07,0,-0.0016115664
93901,0.094073609,0,50,49.999973,50.000027,7.9472766e-06,-7.1011609e-06,-8.4611588e-07,360,-0.0016115664
94001,0.094287895,0,50,49.999973,50.000027,7.9472748e-06,-7.10116e-06,-8.4611452e-07,0,-0.0016115664
94101,0.094502181,0,50,49.999973,50.000027,7.9472766e-06,-7.1011591e-06,-8.4611725e-07,360,-0.0016115664
94201,0.094716474,0,50,49.999973,50.000027,7.9472748e-06,-7.1011591e-06,-8.4611565e-07,0,-0.0016115664
94301,0.094930768,0,50,49.999973,50.000027,7.9472766e-06,-7.1011582e-06,-8.4611838e-07,360,-0.0016115664
94401,0.095145047,0,50,49.999973,50.000027,7.9472748e-06,-7.1011582e-06,-8.4611679e-07,0,-0.0016115664
94501,0.09535934,0,50,49.999973,50.000027,7.9472766e-06,-7.1011573e-06,-8.4611952e-07,360,-0.0016115664
94601,0.095573634,0,50,49.999973,50.000027,7.9472748e-06,-7.1011568e-06,-8.4611793e-07,0,-0.0016115664
94701,0.09578792,0,50,49.999973,50.000027,7.9472766e-06,-7.1011559e-06,-8.4612066e-07,360,-0.0016115664
94801,0.096002206,0,50,49.999973,50.000027,7.9472748e-06,-7.1011564e-06,-8.4611861e-07,0,-0.0016115664
94901,0.0962165,0,50,49.999973,50.000027,7.9472766e-06,-7.1011559e-06,-8.4612066e-07,360,-0.0016115664
95001,0.096430793,0,50,49.999973,50.000027,7.9472748e-06,-7.1011564e-06,-8.4611861e-07,0,-0.0016115664
95101,0.096645072,0,50,49.999973,50.000027,7.9472766e-06,-7.1011559e-06,-8.4612066e-07,360,-0.0016115664
95201,0.096859366,0,50,49.999973,50.000027,7.9472748e-06,-7.1011564e-06,-8.4611861e-07,0,-0.0016115664
95301,0.097073659,0,50,49.999973,50.000027,7.9472766e-06,-7.1011559e-06,-8.4612066e-07,360,-0.0016115664
95401,0.097287945,0,50,49.999973,50.000027,7.9472748e-06,-7.1011564e-06,-8.4611861e-07,0,-0.0016115664
95501,0.097502232,0,50,49.999973,50.000027,7.9472766e-06,-7.1011559e-06,-8.4612066e-07,360,-0.0016115664
95601,0.097716525,0,50,49.999973,50.000027,7.9472748e-06,-7.1011564e-06,-8.4611861e-07,0,-0.0016115664
95701,0.097930819,0,50,49.999973,50.000027,7.9472766e-06,-7.1011559e-06,-8.4612066e-07,360,-0.0016115664
95801,0.098145097,0,50,49.999973,50.000027,7.9472748e-06,-7.1011564e-06,-8.4611861e-07,0,-0.0016115664
95901,0.098359391,0,50,49.999973,50.000027,7.9472766e-06,-7.1011559e-06,-8.4612066e-07,360,-0.0016115664
96001,0.098573685,0,50,49.999973,50.000027,7.9472748e-06,-7.1011564e-06,-8.4611861e-07,0,-0.0016115664
96101,0.098787971,0,50,49.999973,50.000027,7.9472766e-06,-7.1011559e-06,-8.4612066e-07,360,-0.0016115664
96201,0.099002257,0,50,49.999973,50.000027,7.9472748e-06,-7.1011564e-06,-8.4611861e-07,0,-0.0016115664
96301,0.099216551,0,50,49.999973,50.000027,7.9472766e-06,-7.1011559e-06,-8.4612066e-07,360,-0.0016115664
96401,0.099430844,0,50,49.999973,50.000027,7.9472748e-06,-7.1011564e-06,-8.4611861e-07,0,-0.0016115664
96501,0.099645123,0,50,49.999973,50.000027,7.9472766e-06,-7.1011559e-06,-8.4612066e-07,360,-0.0016115664
96601,0.099859416,0,50,49.999973,50.000027,7.9472748e-06,-7.1011564e-06,-8.4611861e-07,0,-0.0016115664
96701,0.10007371,0,50,49.999973,50.000027,7.9472766e-06,-7.1011559e-06,-8.4612066e-07,360,-0.0016115664
96801,0.100288,0,50,49.999973,50.000027,7.9472748e-06,-7.1011564e-06,-8.4611861e-07,0,-0.0016115664
96901,0.10050228,0,50,49.999973,50.000027,7.9472766e-06,-7.1011559e-06,-8.4612066e-07,360,-0.0016115664
97001,0.10071658,0,50,49.999973,50.000027,7.9472748e-06,-7.1011564e-06,-8.4611861e-07,0,-0.0016115664
97101,0.10093087,0,50,49.999973,50.000027,7.9472766e-06,-7.1011559e-06,-8.4612066e-07,360,-0.0016115664
97201,0.10114515,0,50,49.999973,50.000027,7.9472748e-06,-7.1011564e-06,-8.4611861e-07,0,-0.0016115664
97301,0.10135944,0,50,49.999973,50.000027,7.9472766e-06,-7.1011559e-06,-8.4612066e-07,360,-0.0016115664
97401,0.10157374,0,50,49.999973,50.000027,7.9472748e-06,-7.1011564e-06,-8.4611861e-07,0,-0.0016115664
97501,0.10178802,0,50,49.999973,50.000027,7.9472766e-06,-7.1011559e-06,-8.4612066e-07,360,-0.0016115664
97601,0.10200231,0,50,49.999973,50.000027,7.9472748e-06,-7.1011564e-06,-8.4611861e-07,0,-0.0016115664
97701,0.1022166,0,50,49.999973,50.000027,7.9472766e-06,-7.1011559e-06,-8.4612066e-07,360,-0.0016115664
97801,0.10243089,0,50,49.999973,50.000027,7.9472748e-06,-7.1011564e-06,-8.4611861e-07,0,-0.0016115664
97901,0.10264517,0,50,49.999973,50.000027,7.9472766e-06,-7.1011559e-06,-8.4612066e-07,360,-0.0016115664
98001,0.10285947,0,50,49.999973,50.000027,7.9472748e-06,-7.1011564e-06,-8.4611861e-07,0,-0.0016115664
98101,0.10307376,0,50,49.999973,50.000027,7.9472766e-06,-7.1011559e-06,-8.4612066e-07,360,-0.0016115664
98201,0.10328805,0,50,49.999973,50.000027,7.9472748e-06,-7.1011564e-06,-8.4611861e-07,0,-0.0016115664
98301,0.10350233,0,50,49.999973,50.000027,7.9472766e-06,-7.1011559e-06,-8.4612066e-07,360,-0.0016115664
98401,0.10371663,0,50,49.999973,50.000027,7.9472748e-06,-7.1011564e-06,-8.4611861e-07,0,-0.0016115664
98501,0.10393092,0,50,49.999973,50.000027,7.9472766e-06,-7.1011559e-06,-8.4612066e-07,360,-0.0016115664
98601,0.1041452,0,50,49.999973,50.000027,7.9472748e-06,-7.1011564e-06,-8.4611861e-07,0,-0.0016115664
98701,0.10435949,0,50,49.999973,50.000027,7.9472766e-06,-7.1011559e-06,-8.4612066e-07,360,-0.0016115664
98801,0.10457379,0,50,49.999973,50.000027,7.9472748e-06,-7.1011564e-06,-8.4611861e-07,0,-0.0016115664
98901,0.10478807,0,50,49.999973,50.000027,7.9472766e-06,-7.1011559e-06,-8.4612066e-07,360,-0.0016115664
99001,0.10500236,0,50,49.999973,50.000027,7.9472748e-06,-7.1011564e-06,-8.4611861e-07,0,-0.0016115664
99101,0.10521665,0,50,49.999973,50.000027,7.9472766e-06,-7.1011559e-06,-8.4612066e-07,360,-0.0016115664
99201,0.10543095,0,50,49.999973,50.000027,7.9472748e-06,-7.1011564e-06,-8.4611861e-07,0,-0.0016115664
99301,0.10564522,0,50,49.999973,50.000027,7.9472766e-06,-7.1011559e-06,-8.4612066e-07,360,-0.0016115664
99401,0.10585952,0,50,49.999973,50.000027,7.9472748e-06,-7.1011564e-06,-8.4611861e-07,0,-0.0016115664
99501,0.10607381,0,50,49.999973,50.000027,7.9472766e-06,-7.1011559e-06,-8.4612066e-07,360,-0.0016115664
99601,0.1062881,0,50,49.999973,50.000027,7.9472748e-06,-7.1011564e-06,-8.4611861e-07,0,-0.0016115664
99701,0.10650238,0,50,49.999973,50.000027,7.9472766e-06,-7.1011559e-06,-8.4612066e-07,360,-0.0016115664
99801,0.10671668,0,50,49.999973,50.000027,7.9472748e-06,-7.1011564e-06,-8.4611861e-07,0,-0.0016115664
99901,0.10693097,0,50,49.999973,50.000027,7.9472766e-06,-7.1011559e-06,-8.4612066e-07,360,-0.0016115664
100001,0.10714525,0,50,49.999973,50.000027,7.9472748e-06,-7.1011564e-06,-8.4611861e-07,0,-0.0016115664
100101,0.10735954,0,50,49.999973,50.000027,7.9472766e-06,-7.1011559e-06,-8.4612066e-07,360,-0.0016115664
100201,0.10757384,0,50,49.999973,50.000027,7.9472748e-06,-7.1011564e-06,-8.4611861e-07,0,-0.0016115664
100301,0.10778812,0,50,49.999973,50.000027,7.9472766e-06,-7.1011559e-06,-8.4612066e-07,360,-0.0016115664
100401,0.10800241,0,50,49.999973,50.000027,7.9472748e-06,-7.1011564e-06,-8.4611861e-07,0,-0.0016115664
100501,0.1082167,0,50,49.999973,50.000027,7.9472766e-06,-7.1011559e-06,-8.4612066e-07,360,-0.0016115664
100601,0.108431,0,50,49.999973,50.000027,7.9472748e-06,-7.1011564e-06,-8.4611861e-07,0,-0.0016115664
100701,0.10864528,0,50,49.999973,50.000027,7.9472766e-06,-7.1011559e-06,-8.4612066e-07,360,-0.0016115664
100801,0.10885957,0,50,49.999973,50.000027,7.9472748e-06,-7.1011564e-06,-8.4611861e-07,0,-0.0016115664
100901,0.10907386,0,50,49.999973,50.000027,7.9472766e-06,-7.1011559e-06,-8.4612066e-07,360,-0.0016115664
101001,0.10928815,0,50,49.999973,50.000027,7.9472748e-06,-7.1011564e-06,-8.4611861e-07,0,-0.0016115664
101101,0.10950243,0,50,49.999973,50.000027,7.9472766e-06,-7.1011559e-06,-8.4612066e-07,360,-0.0016115664
101201,0.10971673,0,50,49.999973,50.000027,7.9472748e-06,-7.1011564e-06,-8.4611861e-07,0,-0.0016115664
101301,0.10993102,0,50,49.999973,50.000027,7.9472766e-06,-7.1011559e-06,-8.4612066e-07,360,-0.0016115664
101401,0.1101453,0,50,49.999973,50.000027,7.9472748e-06,-7.1011564e-06,-8.4611861e-07,0,-0.0016115664
101501,0.11035959,0,50,49.999973,50.000027,7.9472766e-06,-7.1011559e-06,-8.4612066e-07,360,-0.0016115664
101601,0.11057389,0,50,49.999973,50.000027,7.9472748e-06,-7.1011564e-06,-8.4611861e-07,0,-0.0016115664
101701,0.11078817,0,50,49.999973,50.000027,7.9472766e-06,-7.1011559e-06,-8.4612066e-07,360,-0.0016115664
101801,0.11100246,0,50,49.999973,50.000027,7.9472748e-06,-7.1011564e-06,-8.4611861e-07,0,-0.0016115664
101901,0.11121675,0,50,49.999973,50.000027,7.9472766e-06,-7.1011559e-06,-8.4612066e-07,360,-0.0016115664
102001,0.11143105,0,50,49.999973,50.000027,7.9472748e-06,-7.1011564e-06,-8.4611861e-07,0,-0.0016115664
102101,0.11164533,0,50,49.999973,50.000027,7.9472766e-06,-7.1011559e-06,-8.4612066e-07,360,-0.0016115664
102201,0.11185962,0,50,49.999973,50.000027,7.9472748e-06,-7.1011564e-06,-8.4611861e-07,0,-0.0016115664
102301,0.11207391,0,50,49.999973,50.000027,7.9472766e-06,-7.1011559e-06,-8.4612066e-07,360,-0.0016115664
102401,0.1122882,0,50,49.999973,50.000027,7.9472748e-06,-7.1011564e-06,-8.4611861e-07,0,-0.0016115664
102501,0.11250249,0,50,49.999973,50.000027,7.9472766e-06,-7.1011559e-06,-8.4612066e-07,360,-0.0016115664
102601,0.11271678,0,50,49.999973,50.000027,7.9472748e-06,-7.1011564e-06,-8.4611861e-07,0,-0.0016115664
102701,0.11293107,0,50,49.999973,50.000027,7.9472766e-06,-7.1011559e-06,-8.4612066e-07,360,-0.0016115664
102801,0.11314535,0,50,49.999973,50.000027,7.9472748e-06,-7.1011564e-06,-8.4611861e-07,0,-0.0016115664
102901,0.11335965,0,50,49.999973,50.000027,7.9472766e-06,-7.1011559e-06,-8.4612066e-07,360,-0.0016115664
103001,0.11357394,0,50,49.999973,50.000027,7.9472748e-06,-7.1011564e-06,-8.4611861e-07,0,-0.0016115664
103101,0.11378822,0,50,49.999973,50.000027,7.9472766e-06,-7.1011559e-06,-8.4612066e-07,360,-0.0016115664
103201,0.11400251,0,50,49.999973,50.000027,7.9472748e-06,-7.1011564e-06,-8.4611861e-07,0,-0.0016115664
103301,0.1142168,0,50,49.999973,50.000027,7.9472766e-06,-7.1011559e-06,-8.4612066e-07,360,-0.0016115664
103401,0.1144311,0,50,49.999973,50.000027,7.9472748e-06,-7.1011564e-06,-8.4611861e-07,0,-0.0016115664
103501,0.11464538,0,50,49.999973,50.000027,7.9472766e-06,-7.1011559e-06,-8.4612066e-07,360,-0.0016115664
103601,0.11485967,0,50,49.999973,50.000027,7.9472748e-06,-7.1011564e-06,-8.4611861e-07,0,-0.0016115664
103701,0.11507396,0,50,49.999973,50.000027,7.9472766e-06,-7.1011559e-06,-8.4612066e-07,360,-0.0016115664
103801,0.11528825,0,50,49.999973,50.000027,7.9472748e-06,-7.1011564e-06,-8.4611861e-07,0,-0.0016115664
103901,0.11550254,0,50,49.999973,50.000027,7.9472766e-06,-7.1011559e-06,-8.4612066e-07,360,-0.0016115664
104001,0.11571683,0,50,49.999973,50.000027,7.9472748e-06,-7.1011564e-06,-8.4611861e-07,0,-0.0016115664
104101,0.11593112,0,50,49.999973,50.000027,7.9472766e-06,-7.1011559e-06,-8.4612066e-07,360,-0.0016115664
104201,0.1161454,0,50,49.999973,50.000027,7.9472748e-06,-7.1011564e-06,-8.4611861e-07,0,-0.0016115664
104301,0.1163597,0,50,49.999973,50.000027,7.9472766e-06,-7.1011559e-06,-8.4612066e-07,360,-0.0016115664
104401,0.11657399,0,50,49.999973,50.000027,7.9472748e-06,-7.1011564e-06,-8.4611861e-07,0,-0.0016115664
104501,0.11678828,0,50,49.999973,50.000027,7.9472766e-06,-7.1011559e-06,-8.4612066e-07,360,-0.0016115664
104601,0.11700256,0,50,49.999973,50.000027,7.9472748e-06,-7.1011564e-06,-8.4611861e-07,0,-0.0016115664
104701,0.11721686,0,50,49.999973,50.000027,7.9472766e-06,-7.1011559e-06,-8.4612066e-07,360,-0.0016115664
104801,0.11743115,0,50,49.999973,50.000027,7.9472748e-06,-7.1011564e-06,-8.4611861e-07,0,-0.0016115664
104901,0.11764543,0,50,49.999973,50.000027,7.9472766e-06,-7.1011559e-06,-8.4612066e-07,360,-0.0016115664
105001,0.11785972,0,50,49.999973,50.000027,7.9472748e-06,-7.1011564e-06,-8.4611861e-07,0,-0.0016115664
105101,0.11807401,0,50,49.999973,50.000027,7.9472766e-06,-7.1011559e-06,-8.4612066e-07,360,-0.0016115664
105201,0.1182883,0,50,49.999973,50.000027,7.9472748e-06,-7.1011564e-06,-8.4611861e-07,0,-0.0016115664
105301,0.11850259,0,50,49.999973,50.000027,7.9472766e-06,-7.1011559e-06,-8.4612066e-07,360,-0.0016115664
105401,0.11871688,0,50,49.999973,50.000027,7.9472748e-06,-7.1011564e-06,-8.4611861e-07,0,-0.0016115664
105501,0.11893117,0,50,49.999973,50.000027,7.9472766e-06,-7.1011559e-06,-8.4612066e-07,360,-0.0016115664
105601,0.11914545,0,50,49.999973,50.000027,7.9472748e-06,-7.1011564e-06,-8.4611861e-07,0,-0.0016115664
105701,0.11935975,0,50,49.999973,50.000027,7.9472766e-06,-7.1011559e-06,-8.4612066e-07,360,-0.0016115664
105801,0.11957404,0,50,49.999973,50.000027,7.9472748e-06,-7.1011564e-06,-8.4611861e-07,0,-0.0016115664
105901,0.11978833,0,50,49.999973,50.000027,7.9472766e-06,-7.1011559e-06,-8.4612066e-07,360,-0.0016115664
106001,0.12000261,0,50,49.999973,50.000027,7.9472748e-06,-7.1011564e-06,-8.4611861e-07,0,-0.0016115664
106101,0.12021691,0,50,49.999973,50.000027,7.9472766e-06,-7.1011559e-06,-8.4612066e-07,360,-0.0016115664
106201,0.1204312,0,50,49.999973,50.000027,7.9472748e-06,-7.1011564e-06,-8.4611861e-07,0,-0.0016115664
106301,0.12064548,0,50,49.999973,50.000027,7.9472766e-06,-7.1011559e-06,-8.4612066e-07,360,-0.0016115664
106401,0.12085977,0,50,49.999973,50.000027,7.9472748e-06,-7.1011564e-06,-8.4611861e-07,0,-0.0016115664
106501,0.12107407,0,50,49.999973,50.000027,7.9472766e-06,-7.1011559e-06,-8.4612066e-07,360,-0.0016115664
106601,0.12128835,0,50,49.999973,50.000027,7.9472748e-06,-7.1011564e-06,-8.4611861e-07,0,-0.0016115664
106701,0.12150264,0,50,49.999973,50.000027,7.9472766e-06,-7.1011559e-06,-8.4612066e-07,360,-0.0016115664
106801,0.12171693,0,50,49.999973,50.000027,7.9472748e-06,-7.1011564e-06,-8.4611861e-07,0,-0.0016115664
106901,0.12193123,0,50,49.999973,50.000027,7.9472766e-06,-7.1011559e-06,-8.4612066e-07,360,-0.0016115664
107001,0.1221455,0,50,49.999973,50.000027,7.9472748e-06,-7.1011564e-06,-8.4611861e-07,0,-0.0016115664
107101,0.1223598,0,50,49.999973,50.000027,7.9472766e-06,-7.1011559e-06,-8.4612066e-07,360,-0.0016115664
107201,0.12257409,0,50,49.999973,50.000027,7.9472748e-06,-7.1011564e-06,-8.4611861e-07,0,-0.0016115664
107301,0.12278838,0,50,49.999973,50.000027,7.9472766e-06,-7.1011559e-06,-8.4612066e-07,360,-0.0016115664
107401,0.12300266,0,50,49.999973,50.000027,7.9472748e-06,-7.1011564e-06,-8.4611861e-07,0,-0.0016115664
107501,0.12321696,0,50,49.999973,50.000027,7.9472766e-06,-7.1011559e-06,-8.4612066e-07,360,-0.0016115664
107601,0.12343125,0,50,49.999973,50.000027,7.9472748e-06,-7.1011564e-06,-8.4611861e-07,0,-0.0016115664
107701,0.12364553,0,50,49.999973,50.000027,7.9472766e-06,-7.1011559e-06,-8.4612066e-07,360,-0.0016115664
107801,0.12385982,0,50,49.999973,50.000027,7.9472748e-06,-7.1011564e-06,-8.4611861e-07,0,-0.0016115664
107901,0.12407412,0,50,49.999973,50.000027,7.9472766e-06,-7.1011559e-06,-8.4612066e-07,360,-0.0016115664
108001,0.1242884,0,50,49.999973,50.000027,7.9472748e-06,-7.1011564e-06,-8.4611861e-07,0,-0.0016115664
108101,0.12450269,0,50,49.999973,50.000027,7.9472766e-06,-7.1011559e-06,-8.4612066e-07,360,-0.0016115664
108201,0.12471698,0,50,49.999973,50.000027,7.9472748e-06,-7.1011564e-06,-8.4611861e-07,0,-0.0016115664
108301,0.12493128,0,50,49.999973,50.000027,7.9472766e-06,-7.1011559e-06,-8.4612066e-07,360,-0.0016115664
108401,0.12514555,0,50,49.999973,50.000027,7.9472748e-06,-7.1011564e-06,-8.4611861e-07,0,-0.0016115664
108501,0.12535985,0,50,49.999973,50.000027,7.9472766e-06,-7.1011559e-06,-8.4612066e-07,360,-0.0016115664
108601,0.12557414,0,50,49.999973,50.000027,7.9472748e-06,-7.1011564e-06,-8.4611861e-07,0,-0.0016115664
108701,0.12578842,0,50,49.999973,50.000027,7.9472766e-06,-7.1011559e-06,-8.4612066e-07,360,-0.0016115664
108801,0.12600271,0,50,49.999973,50.000027,7.9472748e-06,-7.1011564e-06,-8.4611861e-07,0,-0.0016115664
108901,0.12621701,0,50,49.999973,50.000027,7.9472766e-06,-7.1011559e-06,-8.4612066e-07,360,-0.0016115664
109001,0.1264313,0,50,49.999973,50.000027,7.9472748e-06,-7.1011564e-06,-8.4611861e-07,0,-0.0016115664
109101,0.12664558,0,50,49.999973,50.000027,7.9472766e-06,-7.1011559e-06,-8.4612066e-07,360,-0.0016115664
109201,0.12685987,0,50,49.999973,50.000027,7.9472748e-06,-7.1011564e-06,-8.4611861e-07,0,-0.0016115664
109301,0.12707417,0,50,49.999973,50.000027,7.9472766e-06,-7.1011559e-06,-8.4612066e-07,360,-0.0016115664
109401,0.12728846,0,50,49.999973,50.000027,7.9472748e-06,-7.1011564e-06,-8.4611861e-07,0,-0.0016115664
109501,0.12750274,0,50,49.999973,50.000027,7.9472766e-06,-7.1011559e-06,-8.4612066e-07,360,-0.0016115664
109601,0.12771703,0,50,49.999973,50.000027,7.9472748e-06,-7.1011564e-06,-8.4611861e-07,0,-0.0016115664
109701,0.12793133,0,50,49.999973,50.000027,7.9472766e-06,-7.1011559e-06,-8.4612066e-07,360,-0.0016115664
109801,0.12814561,0,50,49.999973,50.000027,7.9472748e-06,-7.1011564e-06,-8.4611861e-07,0,-0.0016115664
109901,0.1283599,0,50,49.999973,50.000027,7.9472766e-06,-7.1011559e-06,-8.4612066e-07,360,-0.0016115664
110001,0.12857419,0,50,49.999973,50.000027,7.9472748e-06,-7.1011564e-06,-8.4611861e-07,0,-0.0016115664
110101,0.12878847,0,50,49.999973,50.000027,7.9472766e-06,-7.1011559e-06,-8.4612066e-07,360,-0.0016115664
110201,0.12900276,0,50,49.999973,50.000027,7.9472748e-06,-7.1011564e-06,-8.4611861e-07,0,-0.0016115664
110301,0.12921706,0,50,49.999973,50.000027,7.9472766e-06,-7.1011559e-06,-8.4612066e-07,360,-0.0016115664
110401,0.12943135,0,50,49.999973,50.000027,7.9472748e-06,-7.1011564e-06,-8.4611861e-07,0,-0.0016115664
110501,0.12964563,0,50,49.999973,50.000027,7.9472766e-06,-7.1011559e-06,-8.4612066e-07,360,-0.0016115664
110601,0.12985992,0,50,49.999973,50.000027,7.9472748e-06,-7.1011564e-06,-8.4611861e-07,0,-0.0016115664
110701,0.13007422,0,50,49.999973,50.000027,7.9472766e-06,-7.1011559e-06,-8.4612066e-07,360,-0.0016115664
110801,0.13028851,0,50,49.999973,50.000027,7.9472748e-06,-7.1011564e-06,-8.4611861e-07,0,-0.0016115664
110901,0.13050279,0,50,49.999973,50.000027,7.9472766e-06,-7.1011559e-06,-8.4612066e-07,360,-0.0016115664
111001,0.13071708,0,50,49.999973,50.000027,7.9472748e-06,-7.1011564e-06,-8.4611861e-07,0,-0.0016115664
111101,0.13093138,0,50,49.999973,50.000027,7.9472766e-06,-7.1011559e-06,-8.4612066e-07,360,-0.0016115664
111201,0.13114566,0,50,49.999973,50.000027,7.9472748e-06,-7.1011564e-06,-8.4611861e-07,0,-0.0016115664
111301,0.13135995,0,50,49.999973,50.000027,7.9472766e-06,-7.1011559e-06,-8.4612066e-07,360,-0.0016115664
111401,0.13157424,0,50,49.999973,50.000027,7.9472748e-06,-7.1011564e-06,-8.4611861e-07,0,-0.0016115664
111501,0.13178852,0,50,49.999973,50.000027,7.9472766e-06,-7.1011559e-06,-8.4612066e-07,360,-0.0016115664
111601,0.13200282,0,50,49.999973,50.000027,7.9472748e-06,-7.1011564e-06,-8.4611861e-07,0,-0.0016115664
111701,0.13221711,0,50,49.999973,50.000027,7.9472766e-06,-7.1011559e-06,-8.4612066e-07,360,-0.0016115664
111801,0.1324314,0,50,49.999973,50.000027,7.9472748e-06,-7.1011564e-06,-8.4611861e-07,0,-0.0016115664
111901,0.13264568,0,50,49.999973,50.000027,7.9472766e-06,-7.1011559e-06,-8.4612066e-07,360,-0.0016115664
112001,0.13285998,0,50,49.999973,50.000027,7.9472748e-06,-7.1011564e-06,-8.4611861e-07,0,-0.0016115664
112101,0.13307427,0,50,49.999973,50.000027,7.9472766e-06,-7.1011559e-06,-8.4612066e-07,360,-0.0016115664
112201,0.13328856,0,50,49.999973,50.000027,7.9472748e-06,-7.1011564e-06,-8.4611861e-07,0,-0.0016115664
112301,0.13350284,0,50,49.999973,50.000027,7.9472766e-06,-7.1011559e-06,-8.4612066e-07,360,-0.0016115664
112401,0.13371713,0,50,49.999973,50.000027,7.9472748e-06,-7.1011564e-06,-8.4611861e-07,0,-0.0016115664
112501,0.13393141,0,50,49.999973,50.000027,7.9472766e-06,-7.1011559e-06,-8.4612066e-07,360,-0.0016115664
112601,0.13414571,0,50,49.999973,50.000027,7.9472748e-06,-7.1011564e-06,-8.4611861e-07,0,-0.0016115664
112701,0.13436,0,50,49.999973,50.000027,7.9472766e-06,-7.1011559e-06,-8.4612066e-07,360,-0.0016115664
112801,0.13457428,0,50,49.999973,50.000027,7.9472748e-06,-7.1011564e-06,-8.4611861e-07,0,-0.0016115664
112901,0.13478857,0,50,49.999973,50.000027,7.9472766e-06,-7.1011559e-06,-8.4612066e-07,360,-0.0016115664
113001,0.13500287,0,50,49.999973,50.000027,7.9472748e-06,-7.1011564e-06,-8.4611861e-07,0,-0.0016115664
113101,0.13521716,0,50,49.999973,50.000027,7.9472766e-06,-7.1011559e-06,-8.4612066e-07,360,-0.0016115664
113201,0.13543144,0,50,49.999973,50.000027,7.9472748e-06,-7.1011564e-06,-8.4611861e-07,0,-0.0016115664
113301,0.13564572,0,50,49.999973,50.000027,7.9472766e-06,-7.1011559e-06,-8.4612066e-07,360,-0.0016115664
113401,0.13586003,0,50,49.999973,50.000027,7.9472748e-06,-7.1011564e-06,-8.4611861e-07,0,-0.0016115664
113501,0.1360743,0,50,49.999973,50.000027,7.9472766e-06,-7.1011559e-06,-8.4612066e-07,360,-0.0016115664
113601,0.1362886,0,50,49.999973,50.000027,7.9472748e-06,-7.1011564e-06,-8.4611861e-07,0,-0.0016115664
113701,0.13650289,0,50,49.999973,50.000027,7.9472766e-06,-7.1011559e-06,-8.4612066e-07,360,-0.0016115664
113801,0.13671717,0,50,49.999973,50.000027,7.9472748e-06,-7.1011564e-06,-8.4611861e-07,0,-0.0016115664
113901,0.13693146,0,50,49.999973,50.000027,7.9472766e-06,-7.1011559e-06,-8.4612066e-07,360,-0.0016115664
114001,0.13714576,0,50,49.999973,50.000027,7.9472748e-06,-7.1011564e-06,-8.4611861e-07,0,-0.0016115664
114101,0.13736005,0,50,49.999973,50.000027,7.9472766e-06,-7.1011559e-06,-8.4612066e-07,360,-0.0016115664
114201,0.13757433,0,50,49.999973,50.000027,7.9472748e-06,-7.1011564e-06,-8.4611861e-07,0,-0.0016115664
114301,0.13778862,0,50,49.999973,50.000027,7.9472766e-06,-7.1011559e-06,-8.4612066e-07,360,-0.0016115664
114401,0.13800292,0,50,49.999973,50.000027,7.9472748e-06,-7.1011564e-06,-8.4611861e-07,0,-0.0016115664
114501,0.13821721,0,50,49.999973,50.000027,7.9472766e-06,-7.1011559e-06,-8.4612066e-07,360,-0.0016115664
114601,0.13843149,0,50,49.999973,50.000027,7.9472748e-06,-7.1011564e-06,-8.4611861e-07,0,-0.0016115664
114701,0.13864577,0,50,49.999973,50.000027,7.9472766e-06,-7.1011559e-06,-8.4612066e-07,360,-0.0016115664
114801,0.13886008,0,50,49.999973,50.000027,7.9472748e-06,-7.1011564e-06,-8.4611861e-07,0,-0.0016115664
114901,0.13907436,0,50,49.999973,50.000027,7.9472766e-06,-7.1011559e-06,-8.4612066e-07,360,-0.0016115664
115001,0.13928865,0,50,49.999973,50.000027,7.9472748e-06,-7.1011564e-06,-8.4611861e-07,0,-0.0016115664
115101,0.13950294,0,50,49.999973,50.000027,7.9472766e-06,-7.1011559e-06,-8.4612066e-07,360,-0.0016115664
115201,0.13971722,0,50,49.999973,50.000027,7.9472748e-06,-7.1011564e-06,-8.4611861e-07,0,-0.0016115664
115301,0.13993151,0,50,49.999973,50.000027,7.9472766e-06,-7.1011559e-06,-8.4612066e-07,360,-0.0016115664
115401,0.14014581,0,50,49.999973,50.000027,7.9472748e-06,-7.1011564e-06,-8.4611861e-07,0,-0.0016115664
115501,0.1403601,0,50,49.999973,50.000027,7.9472766e-06,-7.1011559e-06,-8.4612066e-07,360,-0.0016115664
115601,0.14057438,0,50,49.999973,50.000027,7.9472748e-06,-7.1011564e-06,-8.4611861e-07,0,-0.0016115664
115701,0.14078867,0,50,49.999973,50.000027,7.9472766e-06,-7.1011559e-06,-8.4612066e-07,360,-0.0016115664
115801,0.14100297,0,50,49.999973,50.000027,7.9472748e-06,-7.1011564e-06,-8.4611861e-07,0,-0.0016115664
115901,0.14121726,0,50,49.999973,50.000027,7.9472766e-06,-7.1011559e-06,-8.4612066e-07,360,-0.0016115664
116001,0.14143154,0,50,49.999973,50.000027,7.9472748e-06,-7.1011564e-06,-8.4611861e-07,0,-0.0016115664
116101,0.14164583,0,50,49.999973,50.000027,7.9472766e-06,-7.1011559e-06,-8.4612066e-07,360,-0.0016115664
116201,0.14186013,0,50,49.999973,50.000027,7.9472748e-06,-7.1011564e-06,-8.4611861e-07,0,-0.0016115664
116301,0.14207441,0,50,49.999973,50.000027,7.9472766e-06,-7.1011559e-06,-8.4612066e-07,360,-0.0016115664
116401,0.1422887,0,50,49.999973,50.000027,7.9472748e-06,-7.1011564e-06,-8.4611861e-07,0,-0.0016115664
116501,0.14250299,0,50,49.999973,50.000027,7.9472766e-06,-7.1011559e-06,-8.4612066e-07,360,-0.0016115664
116601,0.14271727,0,50,49.999973,50.000027,7.9472748e-06,-7.1011564e-06,-8.4611861e-07,0,-0.0016115664
116701,0.14293157,0,50,49.999973,50.000027,7.9472766e-06,-7.1011559e-06,-8.4612066e-07,360,-0.0016115664
116801,0.14314586,0,50,49.999973,50.000027,7.9472748e-06,-7.1011564e-06,-8.4611861e-07,0,-0.0016115664
116901,0.14336015,0,50,49.999973,50.000027,7.9472766e-06,-7.1011559e-06,-8.4612066e-07,360,-0.0016115664
117001,0.14357443,0,50,49.999973,50.000027,7.9472748e-06,-7.1011564e-06,-8.4611861e-07,0,-0.0016115664
117101,0.14378873,0,50,49.999973,50.000027,7.9472766e-06,-7.1011559e-06,-8.4612066e-07,360,-0.0016115664
117201,0.14400302,0,50,49.999973,50.000027,7.9472748e-06,-7.1011564e-06,-8.4611861e-07,0,-0.0016115664
117301,0.14421731,0,50,49.999973,50.000027,7.9472766e-06,-7.1011559e-06,-8.4612066e-07,360,-0.0016115664
117401,0.14443159,0,50,49.999973,50.000027,7.9472748e-06,-7.1011564e-06,-8.4611861e-07,0,-0.0016115664
117501,0.14464588,0,50,49.999973,50.000027,7.9472766e-06,-7.1011559e-06,-8.4612066e-07,360,-0.0016115664
117601,0.14486018,0,50,49.999973,50.000027,7.9472748e-06,-7.1011564e-06,-8.4611861e-07,0,-0.0016115664
117701,0.14507446,0,50,49.999973,50.000027,7.9472766e-06,-7.1011559e-06,-8.4612066e-07,360,-0.0016115664
117801,0.14528875,0,50,49.999973,50.000027,7.9472748e-06,-7.1011564e-06,-8.4611861e-07,0,-0.0016115664
117901,0.14550304,0,50,49.999973,50.000027,7.9472766e-06,-7.1011559e-06,-8.4612066e-07,360,-0.0016115664
118001,0.14571732,0,50,49.999973,50.000027,7.9472748e-06,-7.1011564e-06,-8.4611861e-07,0,-0.0016115664
118101,0.14593162,0,50,49.999973,50.000027,7.9472766e-06,-7.1011559e-06,-8.4612066e-07,360,-0.0016115664
118201,0.14614591,0,50,49.999973,50.000027,7.9472748e-06,-7.1011564e-06,-8.4611861e-07,0,-0.0016115664
118301,0.1463602,0,50,49.999973,50.000027,7.9472766e-06,-7.1011559e-06,-8.4612066e-07,360,-0.0016115664
118401,0.14657448,0,50,49.999973,50.000027,7.9472748e-06,-7.1011564e-06,-8.4611861e-07,0,-0.0016115664
118501,0.14678878,0,50,49.999973,50.000027,7.9472766e-06,-7.1011559e-06,-8.4612066e-07,360,-0.0016115664
118601,0.14700307,0,50,49.999973,50.000027,7.9472748e-06,-7.1011564e-06,-8.4611861e-07,0,-0.0016115664
118701,0.14721736,0,50,49.999973,50.000027,7.9472766e-06,-7.1011559e-06,-8.4612066e-07,360,-0.0016115664
118801,0.14743164,0,50,49.999973,50.000027,7.9472748e-06,-7.1011564e-06,-8.4611861e-07,0,-0.0016115664
118901,0.14764594,0,50,49.999973,50.000027,7.9472766e-06,-7.1011559e-06,-8.4612066e-07,360,-0.0016115664
119001,0.14786023,0,50,49.999973,50.000027,7.9472748e-06,-7.1011564e-06,-8.4611861e-07,0,-0.0016115664
119101,0.14807451,0,50,49.999973,50.000027,7.9472766e-06,-7.1011559e-06,-8.4612066e-07,360,-0.0016115664
119201,0.1482888,0,50,49.999973,50.000027,7.9472748e-06,-7.1011564e-06,-8.4611861e-07,0,-0.0016115664
119301,0.14850309,0,50,49.999973,50.000027,7.9472766e-06,-7.1011559e-06,-8.4612066e-07,360,-0.0016115664
119401,0.14871737,0,50,49.999973,50.000027,7.9472748e-06,-7.1011564e-06,-8.4611861e-07,0,-0.0016115664
119501,0.14893167,0,50,49.999973,50.000027,7.9472766e-06,-7.1011559e-06,-8.4612066e-07,360,-0.0016115664
119601,0.14914596,0,50,49.999973,50.000027,7.9472748e-06,-7.1011564e-06,-8.4611861e-07,0,-0.0016115664
119701,0.14936025,0,50,49.999973,50.000027,7.9472766e-06,-7.1011559e-06,-8.4612066e-07,360,-0.0016115664
119801,0.14957453,0,50,49.999973,50.000027,7.9472748e-06,-7.1011564e-06,-8.4611861e-07,0,-0.0016115664
119901,0.14978883,0,50,49.999973,50.000027,7.9472766e-06,-7.1011559e-06,-8.4612066e-07,360,-0.0016115664
120001,0.15000312,0,50,49.999973,50.000027,7.9472748e-06,-7.1011564e-06,-8.4611861e-07,0,-0.0016115664
120101,0.15021741,0,50,49.999973,50.000027,7.9472766e-06,-7.1011559e-06,-8.4612066e-07,360,-0.0016115664
120201,0.15043169,0,50,49.999973,50.000027,7.9472748e-06,-7.1011564e-06,-8.4611861e-07,0,-0.0016115664
120301,0.15064599,0,50,49.999973,50.000027,7.9472766e-06,-7.1011559e-06,-8.4612066e-07,360,-0.0016115664
120401,0.15086028,0,50,49.999973,50.000027,7.9472748e-06,-7.1011564e-06,-8.4611861e-07,0,-0.0016115664
120501,0.15107456,0,50,49.999973,50.000027,7.9472766e-06,-7.1011559e-06,-8.4612066e-07,360,-0.0016115664
120601,0.15128885,0,50,49.999973,50.000027,7.9472748e-06,-7.1011564e-06,-8.4611861e-07,0,-0.0016115664
120701,0.15150315,0,50,49.999973,50.000027,7.9472766e-06,-7.1011559e-06,-8.4612066e-07,360,-0.0016115664
120801,0.15171742,0,50,49.999973,50.000027,7.9472748e-06,-7.1011564e-06,-8.4611861e-07,0,-0.0016115664
120901,0.15193172,0,50,49.999973,50.000027,7.9472766e-06,-7.1011559e-06,-8.4612066e-07,360,-0.0016115664
121001,0.15214601,0,50,49.999973,50.000027,7.9472748e-06,-7.1011564e-06,-8.4611861e-07,0,-0.0016115664
121101,0.15236031,0,50,49.999973,50.000027,7.9472766e-06,-7.1011559e-06,-8.4612066e-07,360,-0.0016115664
121201,0.15257458,0,50,49.999973,50.000027,7.9472748e-06,-7.1011564e-06,-8.4611861e-07,0,-0.0016115664
121301,0.15278888,0,50,49.999973,50.000027,7.9472766e-06,-7.1011559e-06,-8.4612066e-07,360,-0.0016115664
121401,0.15300317,0,50,49.999973,50.000027,7.9472748e-06,-7.1011564e-06,-8.4611861e-07,0,-0.0016115664
121501,0.15321746,0,50,49.999973,50.000027,7.9472766e-06,-7.1011559e-06,-8.4612066e-07,360,-0.0016115664
121601,0.15343174,0,50,49.999973,50.000027,7.9472748e-06,-7.1011564e-06,-8.4611861e-07,0,-0.0016115664
121701,0.15364604,0,50,49.999973,50.000027,7.9472766e-06,-7.1011559e-06,-8.4612066e-07,360,-0.0016115664
121801,0.15386033,0,50,49.999973,50.000027,7.9472748e-06,-7.1011564e-06,-8.4611861e-07,0,-0.0016115664
121901,0.15407461,0,50,49.999973,50.000027,7.9472766e-06,-7.1011559e-06,-8.4612066e-07,360,-0.0016115664
122001,0.1542889,0,50,49.999973,50.000027,7.9472748e-06,-7.1011564e-06,-8.4611861e-07,0,-0.0016115664
122101,0.1545032,0,50,49.999973,50.000027,7.9472766e-06,-7.1011559e-06,-8.4612066e-07,360,-0.0016115664
122201,0.15471748,0,50,49.999973,50.000027,7.9472748e-06,-7.1011564e-06,-8.4611861e-07,0,-0.0016115664
122301,0.15493177,0,50,49.999973,50.000027,7.9472766e-06,-7.1011559e-06,-8.4612066e-07,360,-0.0016115664
122401,0.15514606,0,50,49.999973,50.000027,7.9472748e-06,-7.1011564e-06,-8.4611861e-07,0,-0.0016115664
122501,0.15536036,0,50,49.999973,50.000027,7.9472766e-06,-7.1011559e-06,-8.4612066e-07,360,-0.0016115664
122601,0.15557463,0,50,49.999973,50.000027,7.9472748e-06,-7.1011564e-06,-8.4611861e-07,0,-0.0016115664
122701,0.15578893,0,50,49.999973,50.000027,7.9472766e-06,-7.1011559e-06,-8.4612066e-07,360,-0.0016115664
122801,0.15600322,0,50,49.999973,50.000027,7.9472748e-06,-7.1011564e-06,-8.4611861e-07,0,-0.0016115664
122901,0.15621752,0,50,49.999973,50.000027,7.9472766e-06,-7.1011559e-06,-8.4612066e-07,360,-0.0016115664
123001,0.15643179,0,50,49.999973,50.000027,7.9472748e-06,-7.1011564e-06,-8.4611861e-07,0,-0.0016115664
123101,0.15664609,0,50,49.999973,50.000027,7.9472766e-06,-7.1011559e-06,-8.4612066e-07,360,-0.0016115664
123201,0.15686038,0,50,49.999973,50.000027,7.9472748e-06,-7.1011564e-06,-8.4611861e-07,0,-0.0016115664
123301,0.15707466,0,50,49.999973,50.000027,7.9472766e-06,-7.1011559e-06,-8.4612066e-07,360,-0.0016115664
123401,0.15728895,0,50,49.999973,50.000027,7.9472748e-06,-7.1011564e-06,-8.4611861e-07,0,-0.0016115664
123501,0.15750325,0,50,49.999973,50.000027,7.9472766e-06,-7.1011559e-06,-8.4612066e-07,360,-0.0016115664
123601,0.15771753,0,50,49.999973,50.000027,7.9472748e-06,-7.1011564e-06,-8.4611861e-07,0,-0.0016115664
123701,0.15793182,0,50,49.999973,50.000027,7.9472766e-06,-7.1011559e-06,-8.4612066e-07,360,-0.0016115664
123801,0.15814611,0,50,49.999973,50.000027,7.9472748e-06,-7.1011564e-06,-8.4611861e-07,0,-0.0016115664
123901,0.15836041,0,50,49.999973,50.000027,7.9472766e-06,-7.1011559e-06,-8.4612066e-07,360,-0.0016115664
124001,0.15857469,0,50,49.999973,50.000027,7.9472748e-06,-7.1011564e-06,-8.4611861e-07,0,-0.0016115664
124101,0.15878898,0,50,49.999973,50.000027,7.9472766e-06,-7.1011559e-06,-8.4612066e-07,360,-0.0016115664
124201,0.15900327,0,50,49.999973,50.000027,7.9472748e-06,-7.1011564e-06,-8.4611861e-07,0,-0.0016115664
124301,0.15921757,0,50,49.999973,50.000027,7.9472766e-06,-7.1011559e-06,-8.4612066e-07,360,-0.0016115664
124401,0.15943184,0,50,49.999973,50.000027,7.9472748e-06,-7.1011564e-06,-8.4611861e-07,0,-0.0016115664
124501,0.15964614,0,50,49.999973,50.000027,7.9472766e-06,-7.1011559e-06,-8.4612066e-07,360,-0.0016115664
124601,0.15986043,0,50,49.999973,50.000027,7.9472748e-06,-7.1011564e-06,-8.4611861e-07,0,-0.0016115664
124701,0.16007471,0,50,49.999973,50.000027,7.9472766e-06,-7.1011559e-06,-8.4612066e-07,360,-0.0016115664
124801,0.160289,0,50,49.999973,50.000027,7.9472748e-06,-7.1011564e-06,-8.4611861e-07,0,-0.0016115664
124901,0.1605033,0,50,49.999973,50.000027,7.9472766e-06,-7.1011559e-06,-8.4612066e-07,360,-0.0016115664
125001,0.16071758,0,50,49.999973,50.000027,7.9472748e-06,-7.1011564e-06,-8.4611861e-07,0,-0.0016115664
125101,0.16093187,0,50,49.999973,50.000027,7.9472766e-06,-7.1011559e-06,-8.4612066e-07,360,-0.0016115664
125201,0.16114616,0,50,49.999973,50.000027,7.9472748e-06,-7.1011564e-06,-8.4611861e-07,0,-0.0016115664
125301,0.16136046,0,50,49.999973,50.000027,7.9472766e-06,-7.1011559e-06,-8.4612066e-07,360,-0.0016115664
125401,0.16157474,0,50,49.999973,50.000027,7.9472748e-06,-7.1011564e-06,-8.4611861e-07,0,-0.0016115664
125501,0.16178903,0,50,49.999973,50.000027,7.9472766e-06,-7.1011559e-06,-8.4612066e-07,360,-0.0016115664
125601,0.16200332,0,50,49.999973,50.000027,7.9472748e-06,-7.1011564e-06,-8.4611861e-07,0,-0.0016115664
125701,0.16221762,0,50,49.999973,50.000027,7.9472766e-06,-7.1011559e-06,-8.4612066e-07,360,-0.0016115664
125801,0.1624319,0,50,49.999973,50.000027,7.9472748e-06,-7.1011564e-06,-8.4611861e-07,0,-0.0016115664
125901,0.16264619,0,50,49.999973,50.000027,7.9472766e-06,-7.1011559e-06,-8.4612066e-07,360,-0.0016115664
126001,0.16286048,0,50,49.999973,50.000027,7.9472748e-06,-7.1011564e-06,-8.4611861e-07,0,-0.0016115664
126101,0.16307476,0,50,49.999973,50.000027,7.9472766e-06,-7.1011559e-06,-8.4612066e-07,360,-0.0016115664
126201,0.16328906,0,50,49.999973,50.000027,7.9472748e-06,-7.1011564e-06,-8.4611861e-07,0,-0.0016115664
126301,0.16350335,0,50,49.999973,50.000027,7.9472766e-06,-7.1011559e-06,-8.4612066e-07,360,-0.0016115664
126401,0.16371763,0,50,49.999973,50.000027,7.9472748e-06,-7.1011564e-06,-8.4611861e-07,0,-0.0016115664
126501,0.16393192,0,50,49.999973,50.000027,7.9472766e-06,-7.1011559e-06,-8.4612066e-07,360,-0.0016115664
126601,0.16414621,0,50,49.999973,50.000027,7.9472748e-06,-7.1011564e-06,-8.4611861e-07,0,-0.0016115664
126701,0.16436051,0,50,49.999973,50.000027,7.9472766e-06,-7.1011559e-06,-8.4612066e-07,360,-0.0016115664
126801,0.16457479,0,50,49.999973,50.000027,7.9472748e-06,-7.1011564e-06,-8.4611861e-07,0,-0.0016115664
126901,0.16478908,0,50,49.999973,50.000027,7.9472766e-06,-7.1011559e-06,-8.4612066e-07,360,-0.0016115664
127001,0.16500337,0,50,49.999973,50.000027,7.9472748e-06,-7.1011564e-06,-8.4611861e-07,0,-0.0016115664
127101,0.16521767,0,50,49.999973,50.000027,7.9472766e-06,-7.1011559e-06,-8.4612066e-07,360,-0.0016115664
127201,0.16543195,0,50,49.999973,50.000027,7.9472748e-06,-7.1011564e-06,-8.4611861e-07,0,-0.0016115664
127301,0.16564624,0,50,49.999973,50.000027,7.9472766e-06,-7.1011559e-06,-8.4612066e-07,360,-0.0016115664
127401,0.16586053,0,50,49.999973,50.000027,7.9472748e-06,-7.1011564e-06,-8.4611861e-07,0,-0.0016115664
127501,0.16607481,0,50,49.999973,50.000027,7.9472766e-06,-7.1011559e-06,-8.4612066e-07,360,-0.0016115664
127601,0.16628911,0,50,49.999973,50.000027,7.9472748e-06,-7.1011564e-06,-8.4611861e-07,0,-0.0016115664
127701,0.1665034,0,50,49.999973,50.000027,7.9472766e-06,-7.1011559e-06,-8.4612066e-07,360,-0.0016115664
127801,0.16671768,0,50,49.999973,50.000027,7.9472748e-06,-7.1011564e-06,-8.4611861e-07,0,-0.0016115664
127901,0.16693197,0,50,49.999973,50.000027,7.9472766e-06,-7.1011559e-06,-8.4612066e-07,360,-0.0016115664
128001,0.16714627,0,50,49.999973,50.000027,7.9472748e-06,-7.1011564e-06,-8.4611861e-07,0,-0.0016115664
128101,0.16736056,0,50,49.999973,50.000027,7.9472766e-06,-7.1011559e-06,-8.4612066e-07,360,-0.0016115664
128201,0.16757484,0,50,49.999973,50.000027,7.9472748e-06,-7.1011564e-06,-8.4611861e-07,0,-0.0016115664
128301,0.16778913,0,50,49.999973,50.000027,7.9472766e-06,-7.1011559e-06,-8.4612066e-07,360,-0.0016115664
128401,0.16800343,0,50,49.999973,50.000027,7.9472748e-06,-7.1011564e-06,-8.4611861e-07,0,-0.0016115664
128501,0.16821772,0,50,49.999973,50.000027,7.9472766e-06,-7.1011559e-06,-8.4612066e-07,360,-0.0016115664
128601,0.168432,0,50,49.999973,50.000027,7.9472748e-06,-7.1011564e-06,-8.4611861e-07,0,-0.0016115664
128701,0.16864629,0,50,49.999973,50.000027,7.9472766e-06,-7.1011559e-06,-8.4612066e-07,360,-0.0016115664
128801,0.16886058,0,50,49.999973,50.000027,7.9472748e-06,-7.1011564e-06,-8.4611861e-07,0,-0.0016115664
128901,0.16907486,0,50,49.999973,50.000027,7.9472766e-06,-7.1011559e-06,-8.4612066e-07,360,-0.0016115664
129001,0.16928916,0,50,49.999973,50.000027,7.9472748e-06,-7.1011564e-06,-8.4611861e-07,0,-0.0016115664
129101,0.16950345,0,50,49.999973,50.000027,7.9472766e-06,-7.1011559e-06,-8.4612066e-07,360,-0.0016115664
129201,0.16971773,0,50,49.999973,50.000027,7.9472748e-06,-7.1011564e-06,-8.4611861e-07,0,-0.0016115664
129301,0.16993202,0,50,49.999973,50.000027,7.9472766e-06,-7.1011559e-06,-8.4612066e-07,360,-0.0016115664
129401,0.17014632,0,50,49.999973,50.000027,7.9472748e-06,-7.1011564e-06,-8.4611861e-07,0,-0.0016115664
129501,0.17036061,0,50,49.999973,50.000027,7.9472766e-06,-7.1011559e-06,-8.4612066e-07,360,-0.0016115664
129601,0.17057489,0,50,49.999973,50.000027,7.9472748e-06,-7.1011564e-06,-8.4611861e-07,0,-0.0016115664
129701,0.17078918,0,50,49.999973,50.000027,7.9472766e-06,-7.1011559e-06,-8.4612066e-07,360,-0.0016115664
129801,0.17100348,0,50,49.999973,50.000027,7.9472748e-06,-7.1011564e-06,-8.4611861e-07,0,-0.0016115664
129901,0.17121777,0,50,49.999973,50.000027,7.9472766e-06,-7.1011559e-06,-8.4612066e-07,360,-0.0016115664
130001,0.17143205,0,50,49.999973,50.000027,7.9472748e-06,-7.1011564e-06,-8.4611861e-07,0,-0.0016115664
130101,0.17164634,0,50,49.999973,50.000027,7.9472766e-06,-7.1011559e-06,-8.4612066e-07,360,-0.0016115664
130201,0.17186064,0,50,49.999973,50.000027,7.9472748e-06,-7.1011564e-06,-8.4611861e-07,0,-0.0016115664
130301,0.17207491,0,50,49.999973,50.000027,7.9472766e-06,-7.1011559e-06,-8.4612066e-07,360,-0.0016115664
130401,0.17228921,0,50,49.999973,50.000027,7.9472748e-06,-7.1011564e-06,-8.4611861e-07,0,-0.0016115664
130501,0.1725035,0,50,49.999973,50.000027,7.9472766e-06,-7.1011559e-06,-8.4612066e-07,360,-0.0016115664
130601,0.17271778,0,50,49.999973,50.000027,7.9472748e-06,-7.1011564e-06,-8.4611861e-07,0,-0.0016115664
130701,0.17293207,0,50,49.999973,50.000027,7.9472766e-06,-7.1011559e-06,-8.4612066e-07,360,-0.0016115664
130801,0.17314637,0,50,49.999973,50.000027,7.9472748e-06,-7.1011564e-06,-8.4611861e-07,0,-0.0016115664
130901,0.17336066,0,50,49.999973,50.000027,7.9472766e-06,-7.1011559e-06,-8.4612066e-07,360,-0.0016115664
131001,0.17357494,0,50,49.999973,50.000027,7.9472748e-06,-7.1011564e-06,-8.4611861e-07,0,-0.0016115664
131101,0.17378923,0,50,49.999973,50.000027,7.9472766e-06,-7.1011559e-06,-8.4612066e-07,360,-0.0016115664
131201,0.17400353,0,50,49.999973,50.000027,7.9472748e-06,-7.1011564e-06,-8.4611861e-07,0,-0.0016115664
131301,0.17421782,0,50,49.999973,50.000027,7.9472766e-06,-7.1011559e-06,-8.4612066e-07,360,-0.0016115664
131401,0.1744321,0,50,49.999973,50.000027,7.9472748e-06,-7.1011564e-06,-8.4611861e-07,0,-0.0016115664
131501,0.17464639,0,50,49.999973,50.000027,7.9472766e-06,-7.1011559e-06,-8.4612066e-07,360,-0.0016115664
131601,0.17486069,0,50,49.999973,50.000027,7.9472748e-06,-7.1011564e-06,-8.4611861e-07,0,-0.0016115664
131701,0.17507496,0,50,49.999973,50.000027,7.9472766e-06,-7.1011559e-06,-8.4612066e-07,360,-0.0016115664
131801,0.17528926,0,50,49.999973,50.000027,7.9472748e-06,-7.1011564e-06,-8.4611861e-07,0,-0.0016115664
131901,0.17550355,0,50,49.999973,50.000027,7.9472766e-06,-7.1011559e-06,-8.4612066e-07,360,-0.0016115664
132001,0.17571783,0,50,49.999973,50.000027,7.9472748e-06,-7.1011564e-06,-8.4611861e-07,0,-0.0016115664
132101,0.17593212,0,50,49.999973,50.000027,7.9472766e-06,-7.1011559e-06,-8.4612066e-07,360,-0.0016115664
132201,0.17614642,0,50,49.999973,50.000027,7.9472748e-06,-7.1011564e-06,-8.4611861e-07,0,-0.0016115664
132301,0.17636071,0,50,49.999973,50.000027,7.9472766e-06,-7.1011559e-06,-8.4612066e-07,360,-0.0016115664
132401,0.17657499,0,50,49.999973,50.000027,7.9472748e-06,-7.1011564e-06,-8.4611861e-07,0,-0.0016115664
132501,0.17678928,0,50,49.999973,50.000027,7.9472766e-06,-7.1011559e-06,-8.4612066e-07,360,-0.0016115664
132601,0.17700358,0,50,49.999973,50.000027,7.9472748e-06,-7.1011564e-06,-8.4611861e-07,0,-0.0016115664
132701,0.17721787,0,50,49.999973,50.000027,7.9472766e-06,-7.1011559e-06,-8.4612066e-07,360,-0.0016115664
132801,0.17743215,0,50,49.999973,50.000027,7.9472748e-06,-7.1011564e-06,-8.4611861e-07,0,-0.0016115664
132901,0.17764644,0,50,49.999973,50.000027,7.9472766e-06,-7.1011559e-06,-8.4612066e-07,360,-0.0016115664
133001,0.17786074,0,50,49.999973,50.000027,7.9472748e-06,-7.1011564e-06,-8.4611861e-07,0,-0.0016115664
133101,0.17807502,0,50,49.999973,50.000027,7.9472766e-06,-7.1011559e-06,-8.4612066e-07,360,-0.0016115664
133201,0.17828931,0,50,49.999973,50.000027,7.9472748e-06,-7.1011564e-06,-8.4611861e-07,0,-0.0016115664
133301,0.1785036,0,50,49.999973,50.000027,7.9472766e-06,-7.1011559e-06,-8.4612066e-07,360,-0.0016115664
133401,0.17871788,0,50,49.999973,50.000027,7.9472748e-06,-7.1011564e-06,-8.4611861e-07,0,-0.0016115664
133501,0.17893218,0,50,49.999973,50.000027,7.9472766e-06,-7.1011559e-06,-8.4612066e-07,360,-0.0016115664
133601,0.17914647,0,50,49.999973,50.000027,7.9472748e-06,-7.1011564e-06,-8.4611861e-07,0,-0.0016115664
133701,0.17936076,0,50,49.999973,50.000027,7.9472766e-06,-7.1011559e-06,-8.4612066e-07,360,-0.0016115664
133801,0.17957504,0,50,49.999973,50.000027,7.9472748e-06,-7.1011564e-06,-8.4611861e-07,0,-0.0016115664
133901,0.17978933,0,50,49.999973,50.000027,7.9472766e-06,-7.1011559e-06,-8.4612066e-07,360,-0.0016115664
134001,0.18000363,0,50,49.999973,50.000027,7.9472748e-06,-7.1011564e-06,-8.4611861e-07,0,-0.0016115664
134101,0.18021792,0,50,49.999973,50.000027,7.9472766e-06,-7.1011559e-06,-8.4612066e-07,360,-0.0016115664
134201,0.1804322,0,50,49.999973,50.000027,7.9472748e-06,-7.1011564e-06,-8.4611861e-07,0,-0.0016115664
134301,0.18064649,0,50,49.999973,50.000027,7.9472766e-06,-7.1011559e-06,-8.4612066e-07,360,-0.0016115664
134401,0.18086079,0,50,49.999973,50.000027,7.9472748e-06,-7.1011564e-06,-8.4611861e-07,0,-0.0016115664
134501,0.18107507,0,50,49.999973,50.000027,7.9472766e-06,-7.1011559e-06,-8.4612066e-07,360,-0.0016115664
134601,0.18128936,0,50,49.999973,50.000027,7.9472748e-06,-7.1011564e-06,-8.4611861e-07,0,-0.0016115664
134701,0.18150365,0,50,49.999973,50.000027,7.9472766e-06,-7.1011559e-06,-8.4612066e-07,360,-0.0016115664
134801,0.18171793,0,50,49.999973,50.000027,7.9472748e-06,-7.1011564e-06,-8.4611861e-07,0,-0.0016115664
134901,0.18193223,0,50,49.999973,50.000027,7.9472766e-06,-7.1011559e-06,-8.4612066e-07,360,-0.0016115664
135001,0.18214652,0,50,49.999973,50.000027,7.9472748e-06,-7.1011564e-06,-8.4611861e-07,0,-0.0016115664
135101,0.18236081,0,50,49.999973,50.000027,7.9472766e-06,-7.1011559e-06,-8.4612066e-07,360,-0.0016115664
135201,0.18257509,0,50,49.999973,50.000027,7.9472748e-06,-7.1011564e-06,-8.4611861e-07,0,-0.0016115664
135301,0.18278939,0,50,49.999973,50.000027,7.9472766e-06,-7.1011559e-06,-8.4612066e-07,360,-0.0016115664
135401,0.18300368,0,50,49.999973,50.000027,7.9472748e-06,-7.1011564e-06,-8.4611861e-07,0,-0.0016115664
135501,0.18321797,0,50,49.999973,50.000027,7.9472766e-06,-7.1011559e-06,-8.4612066e-07,360,-0.0016115664
135601,0.18343225,0,50,49.999973,50.000027,7.9472748e-06,-7.1011564e-06,-8.4611861e-07,0,-0.0016115664
135701,0.18364654,0,50,49.999973,50.000027,7.9472766e-06,-7.1011559e-06,-8.4612066e-07,360,-0.0016115664
135801,0.18386084,0,50,49.999973,50.000027,7.9472748e-06,-7.1011564e-06,-8.4611861e-07,0,-0.0016115664
135901,0.18407512,0,50,49.999973,50.000027,7.9472766e-06,-7.1011559e-06,-8.4612066e-07,360,-0.0016115664
136001,0.18428941,0,50,49.999973,50.000027,7.9472748e-06,-7.1011564e-06,-8.4611861e-07,0,-0.0016115664
136101,0.1845037,0,50,49.999973,50.000027,7.9472766e-06,-7.1011559e-06,-8.4612066e-07,360,-0.0016115664
136201,0.18471798,0,50,49.999973,50.000027,7.9472748e-06,-7.1011564e-06,-8.4611861e-07,0,-0.0016115664
136301,0.18493228,0,50,49.999973,50.000027,7.9472766e-06,-7.1011559e-06,-8.4612066e-07,360,-0.0016115664
136401,0.18514657,0,50,49.999973,50.000027,7.9472748e-06,-7.1011564e-06,-8.4611861e-07,0,-0.0016115664
136501,0.18536086,0,50,49.999973,50.000027,7.9472766e-06,-7.1011559e-06,-8.4612066e-07,360,-0.0016115664
136601,0.18557514,0,50,49.999973,50.000027,7.9472748e-06,-7.1011564e-06,-8.4611861e-07,0,-0.0016115664
136701,0.18578944,0,50,49.999973,50.000027,7.9472766e-06,-7.1011559e-06,-8.4612066e-07,360,-0.0016115664
136801,0.18600373,0,50,49.999973,50.000027,7.9472748e-06,-7.1011564e-06,-8.4611861e-07,0,-0.0016115664
136901,0.18621802,0,50,49.999973,50.000027,7.9472766e-06,-7.1011559e-06,-8.4612066e-07,360,-0.0016115664
137001,0.1864323,0,50,49.999973,50.000027,7.9472748e-06,-7.1011564e-06,-8.4611861e-07,0,-0.0016115664
137101,0.1866466,0,50,49.999973,50.000027,7.9472766e-06,-7.1011559e-06,-8.4612066e-07,360,-0.0016115664
137201,0.18686089,0,50,49.999973,50.000027,7.9472748e-06,-7.1011564e-06,-8.4611861e-07,0,-0.0016115664
137301,0.18707517,0,50,49.999973,50.000027,7.9472766e-06,-7.1011559e-06,-8.4612066e-07,360,-0.0016115664
137401,0.18728946,0,50,49.999973,50.000027,7.9472748e-06,-7.1011564e-06,-8.4611861e-07,0,-0.0016115664
137501,0.18750376,0,50,49.999973,50.000027,7.9472766e-06,-7.1011559e-06,-8.4612066e-07,360,-0.0016115664
137601,0.18771803,0,50,49.999973,50.000027,7.9472748e-06,-7.1011564e-06,-8.4611861e-07,0,-0.0016115664
137701,0.18793233,0,50,49.999973,50.000027,7.9472766e-06,-7.1011559e-06,-8.4612066e-07,360,-0.0016115664
137801,0.18814662,0,50,49.999973,50.000027,7.9472748e-06,-7.1011564e-06,-8.4611861e-07,0,-0.0016115664
137901,0.1883609,0,50,49.999973,50.000027,7.9472766e-06,-7.1011559e-06,-8.4612066e-07,360,-0.0016115664
138001,0.18857521,0,50,49.999973,50.000027,7.9472748e-06,-7.1011564e-06,-8.4611861e-07,0,-0.0016115664
138101,0.18878949,0,50,49.999973,50.000027,7.9472766e-06,-7.1011559e-06,-8.4612066e-07,360,-0.0016115664
138201,0.18900378,0,50,49.999973,50.000027,7.9472748e-06,-7.1011564e-06,-8.4611861e-07,0,-0.0016115664
138301,0.18921807,0,50,49.999973,50.000027,7.9472766e-06,-7.1011559e-06,-8.4612066e-07,360,-0.0016115664
138401,0.18943235,0,50,49.999973,50.000027,7.9472748e-06,-7.1011564e-06,-8.4611861e-07,0,-0.0016115664
138501,0.18964663,0,50,49.999973,50.000027,7.9472766e-06,-7.1011559e-06,-8.4612066e-07,360,-0.0016115664
138601,0.18986093,0,50,49.999973,50.000027,7.9472748e-06,-7.1011564e-06,-8.4611861e-07,0,-0.0016115664
138701,0.19007523,0,50,49.999973,50.000027,7.9472766e-06,-7.1011559e-06,-8.4612066e-07,360,-0.0016115664
138801,0.19028953,0,50,49.999973,50.000027,7.9472748e-06,-7.1011564e-06,-8.4611861e-07,0,-0.0016115664
138901,0.19050381,0,50,49.999973,50.000027,7.9472766e-06,-7.1011559e-06,-8.4612066e-07,360,-0.0016115664
139001,0.19071808,0,50,49.999973,50.000027,7.9472748e-06,-7.1011564e-06,-8.4611861e-07,0,-0.0016115664
139101,0.19093238,0,50,49.999973,50.000027,7.9472766e-06,-7.1011559e-06,-8.4612066e-07,360,-0.0016115664
139201,0.19114667,0,50,49.999973,50.000027,7.9472748e-06,-7.1011564e-06,-8.4611861e-07,0,-0.0016115664
139301,0.19136095,0,50,49.999973,50.000027,7.9472766e-06,-7.1011559e-06,-8.4612066e-07,360,-0.0016115664
139401,0.19157526,0,50,49.999973,50.000027,7.9472748e-06,-7.1011564e-06,-8.4611861e-07,0,-0.0016115664
139501,0.19178954,0,50,49.999973,50.000027,7.9472766e-06,-7.1011559e-06,-8.4612066e-07,360,-0.0016115664
139601,0.19200383,0,50,49.999973,50.000027,7.9472748e-06,-7.1011564e-06,-8.4611861e-07,0,-0.0016115664
139701,0.19221812,0,50,49.999973,50.000027,7.9472766e-06,-7.1011559e-06,-8.4612066e-07,360,-0.0016115664
139801,0.1924324,0,50,49.999973,50.000027,7.9472748e-06,-7.1011564e-06,-8.4611861e-07,0,-0.0016115664
139901,0.19264668,0,50,49.999973,50.000027,7.9472766e-06,-7.1011559e-06,-8.4612066e-07,360,-0.0016115664
140001,0.19286098,0,50,49.999973,50.000027,7.9472748e-06,-7.1011564e-06,-8.4611861e-07,0,-0.0016115664
140101,0.19307528,0,50,49.999973,50.000027,7.9472766e-06,-7.1011559e-06,-8.4612066e-07,360,-0.0016115664
140201,0.19328958,0,50,49.999973,50.000027,7.9472748e-06,-7.1011564e-06,-8.4611861e-07,0,-0.0016115664
140301,0.19350386,0,50,49.999973,50.000027,7.9472766e-06,-7.1011559e-06,-8.4612066e-07,360,-0.0016115664
140401,0.19371814,0,50,49.999973,50.000027,7.9472748e-06,-7.1011564e-06,-8.4611861e-07,0,-0.0016115664
140501,0.19393243,0,50,49.999973,50.000027,7.9472766e-06,-7.1011559e-06,-8.4612066e-07,360,-0.0016115664
140601,0.19414672,0,50,49.999973,50.000027,7.9472748e-06,-7.1011564e-06,-8.4611861e-07,0,-0.0016115664
140701,0.194361,0,50,49.999973,50.000027,7.9472766e-06,-7.1011559e-06,-8.4612066e-07,360,-0.0016115664
140801,0.19457531,0,50,49.999973,50.000027,7.9472748e-06,-7.1011564e-06,-8.4611861e-07,0,-0.0016115664
140901,0.19478959,0,50,49.999973,50.000027,7.9472766e-06,-7.1011559e-06,-8.4612066e-07,360,-0.0016115664
141001,0.19500388,0,50,49.999973,50.000027,7.9472748e-06,-7.1011564e-06,-8.4611861e-07,0,-0.0016115664
141101,0.19521818,0,50,49.999973,50.000027,7.9472766e-06,-7.1011559e-06,-8.4612066e-07,360,-0.0016115664
141201,0.19543245,0,50,49.999973,50.000027,7.9472748e-06,-7.1011564e-06,-8.4611861e-07,0,-0.0016115664
141301,0.19564673,0,50,49.999973,50.000027,7.9472766e-06,-7.1011559e-06,-8.4612066e-07,360,-0.0016115664
141401,0.19586103,0,50,49.999973,50.000027,7.9472748e-06,-7.1011564e-06,-8.4611861e-07,0,-0.0016115664
141501,0.19607534,0,50,49.999973,50.000027,7.9472766e-06,-7.1011559e-06,-8.4612066e-07,360,-0.0016115664
141601,0.19628963,0,50,49.999973,50.000027,7.9472748e-06,-7.1011564e-06,-8.4611861e-07,0,-0.0016115664
141701,0.19650391,0,50,49.999973,50.000027,7.9472766e-06,-7.1011559e-06,-8.4612066e-07,360,-0.0016115664
141801,0.19671819,0,50,49.999973,50.000027,7.9472748e-06,-7.1011564e-06,-8.4611861e-07,0,-0.0016115664
141901,0.19693248,0,50,49.999973,50.000027,7.9472766e-06,-7.1011559e-06,-8.4612066e-07,360,-0.0016115664
142001,0.19714677,0,50,49.999973,50.000027,7.9472748e-06,-7.1011564e-06,-8.4611861e-07,0,-0.0016115664
142101,0.19736105,0,50,49.999973,50.000027,7.9472766e-06,-7.1011559e-06,-8.4612066e-07,360,-0.0016115664
142201,0.19757536,0,50,49.999973,50.000027,7.9472748e-06,-7.1011564e-06,-8.4611861e-07,0,-0.0016115664
142301,0.19778964,0,50,49.999973,50.000027,7.9472766e-06,-7.1011559e-06,-8.4612066e-07,360,-0.0016115664
142401,0.19800393,0,50,49.999973,50.000027,7.9472748e-06,-7.1011564e-06,-8.4611861e-07,0,-0.0016115664
142501,0.19821823,0,50,49.999973,50.000027,7.9472766e-06,-7.1011559e-06,-8.4612066e-07,360,-0.0016115664
142601,0.19843251,0,50,49.999973,50.000027,7.9472748e-06,-7.1011564e-06,-8.4611861e-07,0,-0.0016115664
142701,0.19864678,0,50,49.999973,50.000027,7.9472766e-06,-7.1011559e-06,-8.4612066e-07,360,-0.0016115664
142801,0.19886108,0,50,49.999973,50.000027,7.9472748e-06,-7.1011564e-06,-8.4611861e-07,0,-0.0016115664
142901,0.19907539,0,50,49.999973,50.000027,7.9472766e-06,-7.1011559e-06,-8.4612066e-07,360,-0.0016115664
143001,0.19928968,0,50,49.999973,50.000027,7.9472748e-06,-7.1011564e-06,-8.4611861e-07,0,-0.0016115664
143101,0.19950396,0,50,49.999973,50.000027,7.9472766e-06,-7.1011559e-06,-8.4612066e-07,360,-0.0016115664
143201,0.19971824,0,50,49.999973,50.000027,7.9472748e-06,-7.1011564e-06,-8.4611861e-07,0,-0.0016115664
143301,0.19993253,0,50,49.999973,50.000027,7.9472766e-06,-7.1011559e-06,-8.4612066e-07,360,-0.0016115664
143401,0.20014682,0,50,49.999973,50.000027,7.9472748e-06,-7.1011564e-06,-8.4611861e-07,0,-0.0016115664
143501,0.2003611,0,50,49.999973,50.000027,7.9472766e-06,-7.1011559e-06,-8.4612066e-07,360,-0.0016115664
143601,0.20057541,0,50,49.999973,50.000027,7.9472748e-06,-7.1011564e-06,-8.4611861e-07,0,-0.0016115664
143701,0.20078969,0,50,49.999973,50.000027,7.9472766e-06,-7.1011559e-06,-8.4612066e-07,360,-0.0016115664
143801,0.20100398,0,50,49.999973,50.000027,7.9472748e-06,-7.1011564e-06,-8.4611861e-07,0,-0.0016115664
143901,0.20121828,0,50,49.999973,50.000027,7.9472766e-06,-7.1011559e-06,-8.4612066e-07,360,-0.0016115664
144001,0.20143256,0,50,49.999973,50.000027,7.9472748e-06,-7.1011564e-06,-8.4611861e-07,0,-0.0016115664
144101,0.20164683,0,50,49.999973,50.000027,7.9472766e-06,-7.1011559e-06,-8.4612066e-07,360,-0.0016115664
144201,0.20186113,0,50,49.999973,50.000027,7.9472748e-06,-7.1011564e-06,-8.4611861e-07,0,-0.0016115664
144301,0.20207544,0,50,49.999973,50.000027,7.9472766e-06,-7.1011559e-06,-8.4612066e-07,360,-0.0016115664
144401,0.20228973,0,50,49.999973,50.000027,7.9472748e-06,-7.1011564e-06,-8.4611861e-07,0,-0.0016115664
144501,0.20250401,0,50,49.999973,50.000027,7.9472766e-06,-7.1011559e-06,-8.4612066e-07,360,-0.0016115664
144601,0.20271829,0,50,49.999973,50.000027,7.9472748e-06,-7.1011564e-06,-8.4611861e-07,0,-0.0016115664
144701,0.20293258,0,50,49.999973,50.000027,7.9472766e-06,-7.1011559e-06,-8.4612066e-07,360,-0.0016115664
144801,0.20314687,0,50,49.999973,50.000027,7.9472748e-06,-7.1011564e-06,-8.4611861e-07,0,-0.0016115664
144901,0.20336115,0,50,49.999973,50.000027,7.9472766e-06,-7.1011559e-06,-8.4612066e-07,360,-0.0016115664
145001,0.20357546,0,50,49.999973,50.000027,7.9472748e-06,-7.1011564e-06,-8.4611861e-07,0,-0.0016115664
145101,0.20378974,0,50,49.999973,50.000027,7.9472766e-06,-7.1011559e-06,-8.4612066e-07,360,-0.0016115664
145201,0.20400403,0,50,49.999973,50.000027,7.9472748e-06,-7.1011564e-06,-8.4611861e-07,0,-0.0016115664
145301,0.20421833,0,50,49.999973,50.000027,7.9472766e-06,-7.1011559e-06,-8.4612066e-07,360,-0.0016115664
145401,0.20443261,0,50,49.999973,50.000027,7.9472748e-06,-7.1011564e-06,-8.4611861e-07,0,-0.0016115664
145501,0.20464689,0,50,49.999973,50.000027,7.9472766e-06,-7.1011559e-06,-8.4612066e-07,360,-0.0016115664
145601,0.20486118,0,50,49.999973,50.000027,7.9472748e-06,-7.1011564e-06,-8.4611861e-07,0,-0.0016115664
145701,0.20507549,0,50,49.999973,50.000027,7.9472766e-06,-7.1011559e-06,-8.4612066e-07,360,-0.0016115664
145801,0.20528978,0,50,49.999973,50.000027,7.9472748e-06,-7.1011564e-06,-8.4611861e-07,0,-0.0016115664
145901,0.20550406,0,50,49.999973,50.000027,7.9472766e-06,-7.1011559e-06,-8.4612066e-07,360,-0.0016115664
146001,0.20571834,0,50,49.999973,50.000027,7.9472748e-06,-7.1011564e-06,-8.4611861e-07,0,-0.0016115664
146101,0.20593263,0,50,49.999973,50.000027,7.9472766e-06,-7.1011559e-06,-8.4612066e-07,360,-0.0016115664
146201,0.20614693,0,50,49.999973,50.000027,7.9472748e-06,-7.1011564e-06,-8.4611861e-07,0,-0.0016115664
146301,0.2063612,0,50,49.999973,50.000027,7.9472766e-06,-7.1011559e-06,-8.4612066e-07,360,-0.0016115664
146401,0.20657551,0,50,49.999973,50.000027,7.9472748e-06,-7.1011564e-06,-8.4611861e-07,0,-0.0016115664
146501,0.20678979,0,50,49.999973,50.000027,7.9472766e-06,-7.1011559e-06,-8.4612066e-07,360,-0.0016115664
146601,0.20700409,0,50,49.999973,50.000027,7.9472748e-06,-7.1011564e-06,-8.4611861e-07,0,-0.0016115664
146701,0.20721838,0,50,49.999973,50.000027,7.9472766e-06,-7.1011559e-06,-8.4612066e-07,360,-0.0016115664
146801,0.20743266,0,50,49.999973,50.000027,7.9472748e-06,-7.1011564e-06,-8.4611861e-07,0,-0.0016115664
146901,0.20764694,0,50,49.999973,50.000027,7.9472766e-06,-7.1011559e-06,-8.4612066e-07,360,-0.0016115664
147001,0.20786123,0,50,49.999973,50.000027,7.9472748e-06,-7.1011564e-06,-8.4611861e-07,0,-0.0016115664
147101,0.20807554,0,50,49.999973,50.000027,7.9472766e-06,-7.1011559e-06,-8.4612066e-07,360,-0.0016115664
147201,0.20828983,0,50,49.999973,50.000027,7.9472748e-06,-7.1011564e-06,-8.4611861e-07,0,-0.0016115664
147301,0.20850411,0,50,49.999973,50.000027,7.9472766e-06,-7.1011559e-06,-8.4612066e-07,360,-0.0016115664
147401,0.20871839,0,50,49.999973,50.000027,7.9472748e-06,-7.1011564e-06,-8.4611861e-07,0,-0.0016115664
147501,0.20893268,0,50,49.999973,50.000027,7.9472766e-06,-7.1011559e-06,-8.4612066e-07,360,-0.0016115664
147601,0.20914698,0,50,49.999973,50.000027,7.9472748e-06,-7.1011564e-06,-8.4611861e-07,0,-0.0016115664
147701,0.20936126,0,50,49.999973,50.000027,7.9472766e-06,-7.1011559e-06,-8.4612066e-07,360,-0.0016115664
147801,0.20957556,0,50,49.999973,50.000027,7.9472748e-06,-7.1011564e-06,-8.4611861e-07,0,-0.0016115664
147901,0.20978984,0,50,49.999973,50.000027,7.9472766e-06,-7.1011559e-06,-8.4612066e-07,360,-0.0016115664
148001,0.21000414,0,50,49.999973,50.000027,7.9472748e-06,-7.1011564e-06,-8.4611861e-07,0,-0.0016115664
148101,0.21021843,0,50,49.999973,50.000027,7.9472766e-06,-7.1011559e-06,-8.4612066e-07,360,-0.0016115664
148201,0.21043271,0,50,49.999973,50.000027,7.9472748e-06,-7.1011564e-06,-8.4611861e-07,0,-0.0016115664
148301,0.21064699,0,50,49.999973,50.000027,7.9472766e-06,-7.1011559e-06,-8.4612066e-07,360,-0.0016115664
148401,0.21086128,0,50,49.999973,50.000027,7.9472748e-06,-7.1011564e-06,-8.4611861e-07,0,-0.0016115664
148501,0.21107559,0,50,49.999973,50.000027,7.9472766e-06,-7.1011559e-06,-8.4612066e-07,360,-0.0016115664
148601,0.21128988,0,50,49.999973,50.000027,7.9472748e-06,-7.1011564e-06,-8.4611861e-07,0,-0.0016115664
148701,0.21150416,0,50,49.999973,50.000027,7.9472766e-06,-7.1011559e-06,-8.4612066e-07,360,-0.0016115664
148801,0.21171844,0,50,49.999973,50.000027,7.9472748e-06,-7.1011564e-06,-8.4611861e-07,0,-0.0016115664
148901,0.21193273,0,50,49.999973,50.000027,7.9472766e-06,-7.1011559e-06,-8.4612066e-07,360,-0.0016115664
149001,0.21214703,0,50,49.999973,50.000027,7.9472748e-06,-7.1011564e-06,-8.4611861e-07,0,-0.0016115664
149101,0.21236131,0,50,49.999973,50.000027,7.9472766e-06,-7.1011559e-06,-8.4612066e-07,360,-0.0016115664
149201,0.21257561,0,50,49.999973,50.000027,7.9472748e-06,-7.1011564e-06,-8.4611861e-07,0,-0.0016115664
149301,0.21278989,0,50,49.999973,50.000027,7.9472766e-06,-7.1011559e-06,-8.4612066e-07,360,-0.0016115664
149401,0.21300419,0,50,49.999973,50.000027,7.9472748e-06,-7.1011564e-06,-8.4611861e-07,0,-0.0016115664
149501,0.21321848,0,50,49.999973,50.000027,7.9472766e-06,-7.1011559e-06,-8.4612066e-07,360,-0.0016115664
149601,0.21343276,0,50,49.999973,50.000027,7.9472748e-06,-7.1011564e-06,-8.4611861e-07,0,-0.0016115664
149701,0.21364704,0,50,49.999973,50.000027,7.9472766e-06,-7.1011559e-06,-8.4612066e-07,360,-0.0016115664
149801,0.21386133,0,50,49.999973,50.000027,7.9472748e-06,-7.1011564e-06,-8.4611861e-07,0,-0.0016115664
149901,0.21407564,0,50,49.999973,50.000027,7.9472766e-06,-7.1011559e-06,-8.4612066e-07,360,-0.0016115664
150001,0.21428993,0,50,49.999973,50.000027,7.9472748e-06,-7.1011564e-06,-8.4611861e-07,0,-0.0016115664
150101,0.21450421,0,50,49.999973,50.000027,7.9472766e-06,-7.1011559e-06,-8.4612066e-07,360,-0.0016115664
150201,0.21471849,0,50,49.999973,50.000027,7.9472748e-06,-7.1011564e-06,-8.4611861e-07,0,-0.0016115664
150301,0.21493278,0,50,49.999973,50.000027,7.9472766e-06,-7.1011559e-06,-8.4612066e-07,360,-0.0016115664
150401,0.21514708,0,50,49.999973,50.000027,7.9472748e-06,-7.1011564e-06,-8.4611861e-07,0,-0.0016115664
150501,0.21536136,0,50,49.999973,50.000027,7.9472766e-06,-7.1011559e-06,-8.4612066e-07,360,-0.0016115664
150601,0.21557567,0,50,49.999973,50.000027,7.9472748e-06,-7.1011564e-06,-8.4611861e-07,0,-0.0016115664
150701,0.21578994,0,50,49.999973,50.000027,7.9472766e-06,-7.1011559e-06,-8.4612066e-07,360,-0.0016115664
150801,0.21600424,0,50,49.999973,50.000027,7.9472748e-06,-7.1011564e-06,-8.4611861e-07,0,-0.0016115664
150901,0.21621853,0,50,49.999973,50.000027,7.9472766e-06,-7.1011559e-06,-8.4612066e-07,360,-0.0016115664
151001,0.21643281,0,50,49.999973,50.000027,7.9472748e-06,-7.1011564e-06,-8.4611861e-07,0,-0.0016115664
151101,0.21664709,0,50,49.999973,50.000027,7.9472766e-06,-7.1011559e-06,-8.4612066e-07,360,-0.0016115664
151201,0.21686138,0,50,49.999973,50.000027,7.9472748e-06,-7.1011564e-06,-8.4611861e-07,0,-0.0016115664
151301,0.21707569,0,50,49.999973,50.000027,7.9472766e-06,-7.1011559e-06,-8.4612066e-07,360,-0.0016115664
151401,0.21728998,0,50,49.999973,50.000027,7.9472748e-06,-7.1011564e-06,-8.4611861e-07,0,-0.0016115664
151501,0.21750426,0,50,49.999973,50.000027,7.9472766e-06,-7.1011559e-06,-8.4612066e-07,360,-0.0016115664
151601,0.21771854,0,50,49.999973,50.000027,7.9472748e-06,-7.1011564e-06,-8.4611861e-07,0,-0.0016115664
151701,0.21793284,0,50,49.999973,50.000027,7.9472766e-06,-7.1011559e-06,-8.4612066e-07,360,-0.0016115664
151801,0.21814713,0,50,49.999973,50.000027,7.9472748e-06,-7.1011564e-06,-8.4611861e-07,0,-0.0016115664
151901,0.21836141,0,50,49.999973,50.000027,7.9472766e-06,-7.1011559e-06,-8.4612066e-07,360,-0.0016115664
152001,0.21857572,0,50,49.999973,50.000027,7.9472748e-06,-7.1011564e-06,-8.4611861e-07,0,-0.0016115664
152101,0.21878999,0,50,49.999973,50.000027,7.9472766e-06,-7.1011559e-06,-8.4612066e-07,360,-0.0016115664
152201,0.21900429,0,50,49.999973,50.000027,7.9472748e-06,-7.1011564e-06,-8.4611861e-07,0,-0.0016115664
152301,0.21921858,0,50,49.999973,50.000027,7.9472766e-06,-7.1011559e-06,-8.4612066e-07,360,-0.0016115664
152401,0.21943286,0,50,49.999973,50.000027,7.9472748e-06,-7.1011564e-06,-8.4611861e-07,0,-0.0016115664
152502,0.21964714,0,50,49.999973,50.000027,7.9472766e-06,-7.1011559e-06,-8.4612066e-07,360,-0.0016115664
152602,0.21986143,0,50,49.999973,50.000027,7.9472748e-06,-7.1011564e-06,-8.4611861e-07,0,-0.0016115664
152702,0.22007574,0,50,49.999973,50.000027,7.9472766e-06,-7.1011559e-06,-8.4612066e-07,360,-0.0016115664
152802,0.22029004,0,50,49.999973,50.000027,7.9472748e-06,-7.1011564e-06,-8.4611861e-07,0,-0.0016115664
152902,0.22050431,0,50,49.999973,50.000027,7.9472766e-06,-7.1011559e-06,-8.4612066e-07,360,-0.0016115664
153002,0.22071859,0,50,49.999973,50.000027,7.9472748e-06,-7.1011564e-06,-8.4611861e-07,0,-0.0016115664
153102,0.22093289,0,50,49.999973,50.000027,7.9472766e-06,-7.1011559e-06,-8.4612066e-07,360,-0.0016115664
153202,0.22114718,0,50,49.999973,50.000027,7.9472748e-06,-7.1011564e-06,-8.4611861e-07,0,-0.0016115664
153302,0.22136146,0,50,49.999973,50.000027,7.9472766e-06,-7.1011559e-06,-8.4612066e-07,360,-0.0016115664
153402,0.22157577,0,50,49.999973,50.000027,7.9472748e-06,-7.1011564e-06,-8.4611861e-07,0,-0.0016115664
153502,0.22179005,0,50,49.999973,50.000027,7.9472766e-06,-7.1011559e-06,-8.4612066e-07,360,-0.0016115664
153602,0.22200434,0,50,49.999973,50.000027,7.9472748e-06,-7.1011564e-06,-8.4611861e-07,0,-0.0016115664
153702,0.22221863,0,50,49.999973,50.000027,7.9472766e-06,-7.1011559e-06,-8.4612066e-07,360,-0.0016115664
153802,0.22243291,0,50,49.999973,50.000027,7.9472748e-06,-7.1011564e-06,-8.4611861e-07,0,-0.0016115664
153902,0.22264719,0,50,49.999973,50.000027,7.9472766e-06,-7.1011559e-06,-8.4612066e-07,360,-0.0016115664
154002,0.22286148,0,50,49.999973,50.000027,7.9472748e-06,-7.1011564e-06,-8.4611861e-07,0,-0.0016115664
154102,0.22307579,0,50,49.999973,50.000027,7.9472766e-06,-7.1011559e-06,-8.4612066e-07,360,-0.0016115664
154202,0.22329009,0,50,49.999973,50.000027,7.9472748e-06,-7.1011564e-06,-8.4611861e-07,0,-0.0016115664
154302,0.22350436,0,50,49.999973,50.000027,7.9472766e-06,-7.1011559e-06,-8.4612066e-07,360,-0.0016115664
154402,0.22371864,0,50,49.999973,50.000027,7.9472748e-06,-7.1011564e-06,-8.4611861e-07,0,-0.0016115664
154502,0.22393294,0,50,49.999973,50.000027,7.9472766e-06,-7.1011559e-06,-8.4612066e-07,360,-0.0016115664
154602,0.22414723,0,50,49.999973,50.000027,7.9472748e-06,-7.1011564e-06,-8.4611861e-07,0,-0.0016115664
154702,0.22436151,0,50,49.999973,50.000027,7.9472766e-06,-7.1011559e-06,-8.4612066e-07,360,-0.0016115664
154802,0.22457582,0,50,49.999973,50.000027,7.9472748e-06,-7.1011564e-06,-8.4611861e-07,0,-0.0016115664
154902,0.2247901,0,50,49.999973,50.000027,7.9472766e-06,-7.1011559e-06,-8.4612066e-07,360,-0.0016115664
155002,0.22500439,0,50,49.999973,50.000027,7.9472748e-06,-7.1011564e-06,-8.4611861e-07,0,-0.0016115664
155102,0.22521868,0,50,49.999973,50.000027,7.9472766e-06,-7.1011559e-06,-8.4612066e-07,360,-0.0016115664
155202,0.22543296,0,50,49.999973,50.000027,7.9472748e-06,-7.1011564e-06,-8.4611861e-07,0,-0.0016115664
155302,0.22564724,0,50,49.999973,50.000027,7.9472766e-06,-7.1011559e-06,-8.4612066e-07,360,-0.0016115664
155402,0.22586153,0,50,49.999973,50.000027,7.9472748e-06,-7.1011564e-06,-8.4611861e-07,0,-0.0016115664
155502,0.22607584,0,50,49.999973,50.000027,7.9472766e-06,-7.1011559e-06,-8.4612066e-07,360,-0.0016115664
155602,0.22629014,0,50,49.999973,50.000027,7.9472748e-06,-7.1011564e-06,-8.4611861e-07,0,-0.0016115664
155702,0.22650442,0,50,49.999973,50.000027,7.9472766e-06,-7.1011559e-06,-8.4612066e-07,360,-0.0016115664
155802,0.22671869,0,50,49.999973,50.000027,7.9472748e-06,-7.1011564e-06,-8.4611861e-07,0,-0.0016115664
155902,0.22693299,0,50,49.999973,50.000027,7.9472766e-06,-7.1011559e-06,-8.4612066e-07,360,-0.0016115664
156002,0.22714728,0,50,49.999973,50.000027,7.9472748e-06,-7.1011564e-06,-8.4611861e-07,0,-0.0016115664
156102,0.22736156,0,50,49.999973,50.000027,7.9472766e-06,-7.1011559e-06,-8.4612066e-07,360,-0.0016115664
156202,0.22757587,0,50,49.999973,50.000027,7.9472748e-06,-7.1011564e-06,-8.4611861e-07,0,-0.0016115664
156302,0.22779015,0,50,49.999973,50.000027,7.9472766e-06,-7.1011559e-06,-8.4612066e-07,360,-0.0016115664
156402,0.22800444,0,50,49.999973,50.000027,7.9472748e-06,-7.1011564e-06,-8.4611861e-07,0,-0.0016115664
156502,0.22821873,0,50,49.999973,50.000027,7.9472766e-06,-7.1011559e-06,-8.4612066e-07,360,-0.0016115664
156602,0.22843301,0,50,49.999973,50.000027,7.9472748e-06,-7.1011564e-06,-8.4611861e-07,0,-0.0016115664
156702,0.22864729,0,50,49.999973,50.000027,7.9472766e-06,-7.1011559e-06,-8.4612066e-07,360,-0.0016115664
156802,0.22886159,0,50,49.999973,50.000027,7.9472748e-06,-7.1011564e-06,-8.4611861e-07,0,-0.0016115664
156902,0.22907589,0,50,49.999973,50.000027,7.9472766e-06,-7.1011559e-06,-8.4612066e-07,360,-0.0016115664
157002,0.22929019,0,50,49.999973,50.000027,7.9472748e-06,-7.1011564e-06,-8.4611861e-07,0,-0.0016115664
157102,0.22950447,0,50,49.999973,50.000027,7.9472766e-06,-7.1011559e-06,-8.4612066e-07,360,-0.0016115664
157202,0.22971874,0,50,49.999973,50.000027,7.9472748e-06,-7.1011564e-06,-8.4611861e-07,0,-0.0016115664
157302,0.22993304,0,50,49.999973,50.000027,7.9472766e-06,-7.1011559e-06,-8.4612066e-07,360,-0.0016115664
157402,0.23014733,0,50,49.999973,50.000027,7.9472748e-06,-7.1011564e-06,-8.4611861e-07,0,-0.0016115664
157502,0.23036161,0,50,49.999973,50.000027,7.9472766e-06,-7.1011559e-06,-8.4612066e-07,360,-0.0016115664
157602,0.23057592,0,50,49.999973,50.000027,7.9472748e-06,-7.1011564e-06,-8.4611861e-07,0,-0.0016115664
157702,0.2307902,0,50,49.999973,50.000027,7.9472766e-06,-7.1011559e-06,-8.4612066e-07,360,-0.0016115664
157802,0.23100449,0,50,49.999973,50.000027,7.9472748e-06,-7.1011564e-06,-8.4611861e-07,0,-0.0016115664
157902,0.23121879,0,50,49.999973,50.000027,7.9472766e-06,-7.1011559e-06,-8.4612066e-07,360,-0.0016115664
158002,0.23143306,0,50,49.999973,50.000027,7.9472748e-06,-7.1011564e-06,-8.4611861e-07,0,-0.0016115664
158102,0.23164734,0,50,49.999973,50.000027,7.9472766e-06,-7.1011559e-06,-8.4612066e-07,360,-0.0016115664
158202,0.23186164,0,50,49.999973,50.000027,7.9472748e-06,-7.1011564e-06,-8.4611861e-07,0,-0.0016115664
158302,0.23207594,0,50,49.999973,50.000027,7.9472766e-06,-7.1011559e-06,-8.4612066e-07,360,-0.0016115664
158402,0.23229024,0,50,49.999973,50.000027,7.9472748e-06,-7.1011564e-06,-8.4611861e-07,0,-0.0016115664
158502,0.23250452,0,50,49.999973,50.000027,7.9472766e-06,-7.1011559e-06,-8.4612066e-07,360,-0.0016115664
158602,0.2327188,0,50,49.999973,50.000027,7.9472748e-06,-7.1011564e-06,-8.4611861e-07,0,-0.0016115664
158702,0.23293309,0,50,49.999973,50.000027,7.9472766e-06,-7.1011559e-06,-8.4612066e-07,360,-0.0016115664
158802,0.23314738,0,50,49.999973,50.000027,7.9472748e-06,-7.1011564e-06,-8.4611861e-07,0,-0.0016115664
158902,0.23336166,0,50,49.999973,50.000027,7.9472766e-06,-7.1011559e-06,-8.4612066e-07,360,-0.0016115664
159002,0.23357597,0,50,49.999973,50.000027,7.9472748e-06,-7.1011564e-06,-8.4611861e-07,0,-0.0016115664
159102,0.23379025,0,50,49.999973,50.000027,7.9472766e-06,-7.1011559e-06,-8.4612066e-07,360,-0.0016115664
159202,0.23400454,0,50,49.999973,50.000027,7.9472748e-06,-7.1011564e-06,-8.4611861e-07,0,-0.0016115664
159302,0.23421884,0,50,49.999973,50.000027,7.9472766e-06,-7.1011559e-06,-8.4612066e-07,360,-0.0016115664
159402,0.23443311,0,50,49.999973,50.000027,7.9472748e-06,-7.1011564e-06,-8.4611861e-07,0,-0.0016115664
159502,0.23464739,0,50,49.999973,50.000027,7.9472766e-06,-7.1011559e-06,-8.4612066e-07,360,-0.0016115664
159602,0.23486169,0,50,49.999973,50.000027,7.9472748e-06,-7.1011564e-06,-8.4611861e-07,0,-0.0016115664
159702,0.235076,0,50,49.999973,50.000027,7.9472766e-06,-7.1011559e-06,-8.4612066e-07,360,-0.0016115664
159802,0.23529029,0,50,49.999973,50.000027,7.9472748e-06,-7.1011564e-06,-8.4611861e-07,0,-0.0016115664
159902,0.23550457,0,50,49.999973,50.000027,7.9472766e-06,-7.1011559e-06,-8.4612066e-07,360,-0.0016115664
160002,0.23571885,0,50,49.999973,50.000027,7.9472748e-06,-7.1011564e-06,-8.4611861e-07,0,-0.0016115664
160102,0.23593314,0,50,49.999973,50.000027,7.9472766e-06,-7.1011559e-06,-8.4612066e-07,360,-0.0016115664
160202,0.23614743,0,50,49.999973,50.000027,7.9472748e-06,-7.1011564e-06,-8.4611861e-07,0,-0.0016115664
160302,0.23636171,0,50,49.999973,50.000027,7.9472766e-06,-7.1011559e-06,-8.4612066e-07,360,-0.0016115664
160402,0.23657602,0,50,49.999973,50.000027,7.9472748e-06,-7.1011564e-06,-8.4611861e-07,0,-0.0016115664
160502,0.2367903,0,50,49.999973,50.000027,7.9472766e-06,-7.1011559e-06,-8.4612066e-07,360,-0.0016115664
160602,0.23700459,0,50,49.999973,50.000027,7.9472748e-06,-7.1011564e-06,-8.4611861e-07,0,-0.0016115664
160702,0.23721889,0,50,49.999973,50.000027,7.9472766e-06,-7.1011559e-06,-8.4612066e-07,360,-0.0016115664
160802,0.23743317,0,50,49.999973,50.000027,7.9472748e-06,-7.1011564e-06,-8.4611861e-07,0,-0.0016115664
160902,0.23764744,0,50,49.999973,50.000027,7.9472766e-06,-7.1011559e-06,-8.4612066e-07,360,-0.0016115664
161002,0.23786174,0,50,49.999973,50.000027,7.9472748e-06,-7.1011564e-06,-8.4611861e-07,0,-0.0016115664
161102,0.23807605,0,50,49.999973,50.000027,7.9472766e-06,-7.1011559e-06,-8.4612066e-07,360,-0.0016115664
161202,0.23829034,0,50,49.999973,50.000027,7.9472748e-06,-7.1011564e-06,-8.4611861e-07,0,-0.0016115664
161302,0.23850462,0,50,49.999973,50.000027,7.9472766e-06,-7.1011559e-06,-8.4612066e-07,360,-0.0016115664
161402,0.2387189,0,50,49.999973,50.000027,7.9472748e-06,-7.1011564e-06,-8.4611861e-07,0,-0.0016115664
161502,0.23893319,0,50,49.999973,50.000027,7.9472766e-06,-7.1011559e-06,-8.4612066e-07,360,-0.0016115664
161602,0.23914748,0,50,49.999973,50.000027,7.9472748e-06,-7.1011564e-06,-8.4611861e-07,0,-0.0016115664
161702,0.23936176,0,50,49.999973,50.000027,7.9472766e-06,-7.1011559e-06,-8.4612066e-07,360,-0.0016115664
161802,0.23957607,0,50,49.999973,50.000027,7.9472748e-06,-7.1011564e-06,-8.4611861e-07,0,-0.0016115664
161902,0.23979035,0,50,49.999973,50.000027,7.9472766e-06,-7.1011559e-06,-8.4612066e-07,360,-0.0016115664
162002,0.24000464,0,50,49.999973,50.000027,7.9472748e-06,-7.1011564e-06,-8.4611861e-07,0,-0.0016115664
162102,0.24021894,0,50,49.999973,50.000027,7.9472766e-06,-7.1011559e-06,-8.4612066e-07,360,-0.0016115664
162202,0.24043322,0,50,49.999973,50.000027,7.9472748e-06,-7.1011564e-06,-8.4611861e-07,0,-0.0016115664
162302,0.24064749,0,50,49.999973,50.000027,7.9472766e-06,-7.1011559e-06,-8.4612066e-07,360,-0.0016115664
162402,0.24086179,0,50,49.999973,50.000027,7.9472748e-06,-7.1011564e-06,-8.4611861e-07,0,-0.0016115664
162502,0.2410761,0,50,49.999973,50.000027,7.9472766e-06,-7.1011559e-06,-8.4612066e-07,360,-0.0016115664
162602,0.24129039,0,50,49.999973,50.000027,7.9472748e-06,-7.1011564e-06,-8.4611861e-07,0,-0.0016115664
162702,0.24150467,0,50,49.999973,50.000027,7.9472766e-06,-7.1011559e-06,-8.4612066e-07,360,-0.0016115664
162802,0.24171895,0,50,49.999973,50.000027,7.9472748e-06,-7.1011564e-06,-8.4611861e-07,0,-0.0016115664
162902,0.24193324,0,50,49.999973,50.000027,7.9472766e-06,-7.1011559e-06,-8.4612066e-07,360,-0.0016115664
163002,0.24214754,0,50,49.999973,50.000027,7.9472748e-06,-7.1011564e-06,-8.4611861e-07,0,-0.0016115664
163102,0.24236181,0,50,49.999973,50.000027,7.9472766e-06,-7.1011559e-06,-8.4612066e-07,360,-0.0016115664
163202,0.24257612,0,50,49.999973,50.000027,7.9472748e-06,-7.1011564e-06,-8.4611861e-07,0,-0.0016115664
163302,0.2427904,0,50,49.999973,50.000027,7.9472766e-06,-7.1011559e-06,-8.4612066e-07,360,-0.0016115664
163402,0.24300469,0,50,49.999973,50.000027,7.9472748e-06,-7.1011564e-06,-8.4611861e-07,0,-0.0016115664
163502,0.24321899,0,50,49.999973,50.000027,7.9472766e-06,-7.1011559e-06,-8.4612066e-07,360,-0.0016115664
163602,0.24343327,0,50,49.999973,50.000027,7.9472748e-06,-7.1011564e-06,-8.4611861e-07,0,-0.0016115664
163702,0.24364755,0,50,49.999973,50.000027,7.9472766e-06,-7.1011559e-06,-8.4612066e-07,360,-0.0016115664
163802,0.24386184,0,50,49.999973,50.000027,7.9472748e-06,-7.1011564e-06,-8.4611861e-07,0,-0.0016115664
163902,0.24407615,0,50,49.999973,50.000027,7.9472766e-06,-7.1011559e-06,-8.4612066e-07,360,-0.0016115664
164002,0.24429044,0,50,49.999973,50.000027,7.9472748e-06,-7.1011564e-06,-8.4611861e-07,0,-0.0016115664
164102,0.24450472,0,50,49.999973,50.000027,7.9472766e-06,-7.1011559e-06,-8.4612066e-07,360,-0.0016115664
164202,0.244719,0,50,49.999973,50.000027,7.9472748e-06,-7.1011564e-06,-8.4611861e-07,0,-0.0016115664
164302,0.24493329,0,50,49.999973,50.000027,7.9472766e-06,-7.1011559e-06,-8.4612066e-07,360,-0.0016115664
164402,0.24514759,0,50,49.999973,50.000027,7.9472748e-06,-7.1011564e-06,-8.4611861e-07,0,-0.0016115664
164502,0.24536186,0,50,49.999973,50.000027,7.9472766e-06,-7.1011559e-06,-8.4612066e-07,360,-0.0016115664
164602,0.24557617,0,50,49.999973,50.000027,7.9472748e-06,-7.1011564e-06,-8.4611861e-07,0,-0.0016115664
164702,0.24579045,0,50,49.999973,50.000027,7.9472766e-06,-7.1011559e-06,-8.4612066e-07,360,-0.0016115664
164802,0.24600475,0,50,49.999973,50.000027,7.9472748e-06,-7.1011564e-06,-8.4611861e-07,0,-0.0016115664
164902,0.24621904,0,50,49.999973,50.000027,7.9472766e-06,-7.1011559e-06,-8.4612066e-07,360,-0.0016115664
165002,0.24643332,0,50,49.999973,50.000027,7.9472748e-06,-7.1011564e-06,-8.4611861e-07,0,-0.0016115664
165102,0.2466476,0,50,49.999973,50.000027,7.9472766e-06,-7.1011559e-06,-8.4612066e-07,360,-0.0016115664
165202,0.24686189,0,50,49.999973,50.000027,7.9472748e-06,-7.1011564e-06,-8.4611861e-07,0,-0.0016115664
165302,0.2470762,0,50,49.999973,50.000027,7.9472766e-06,-7.1011559e-06,-8.4612066e-07,360,-0.0016115664
165402,0.24729049,0,50,49.999973,50.000027,7.9472748e-06,-7.1011564e-06,-8.4611861e-07,0,-0.0016115664
165502,0.24750477,0,50,49.999973,50.000027,7.9472766e-06,-7.1011559e-06,-8.4612066e-07,360,-0.0016115664
165602,0.24771905,0,50,49.999973,50.000027,7.9472748e-06,-7.1011564e-06,-8.4611861e-07,0,-0.0016115664
165702,0.24793334,0,50,49.999973,50.000027,7.9472766e-06,-7.1011559e-06,-8.4612066e-07,360,-0.0016115664
165802,0.24814764,0,50,49.999973,50.000027,7.9472748e-06,-7.1011564e-06,-8.4611861e-07,0,-0.0016115664
165902,0.24836192,0,50,49.999973,50.000027,7.9472766e-06,-7.1011559e-06,-8.4612066e-07,360,-0.0016115664
166002,0.24857622,0,50,49.999973,50.000027,7.9472748e-06,-7.1011564e-06,-8.4611861e-07,0,-0.0016115664
166102,0.2487905,0,50,49.999973,50.000027,7.9472766e-06,-7.1011559e-06,-8.4612066e-07,360,-0.0016115664
166202,0.2490048,0,50,49.999973,50.000027,7.9472748e-06,-7.1011564e-06,-8.4611861e-07,0,-0.0016115664
166302,0.24921909,0,50,49.999973,50.000027,7.9472766e-06,-7.1011559e-06,-8.4612066e-07,360,-0.0016115664
166402,0.24943337,0,50,49.999973,50.000027,7.9472748e-06,-7.1011564e-06,-8.4611861e-07,0,-0.0016115664
166502,0.24964765,0,50,49.999973,50.000027,7.9472766e-06,-7.1011559e-06,-8.4612066e-07,360,-0.0016115664
166602,0.24986194,0,50,49.999973,50.000027,7.9472748e-06,-7.1011564e-06,-8.4611861e-07,0,-0.0016115664
166702,0.25007623,0,50,49.999973,50.000027,7.9472766e-06,-7.1011559e-06,-8.4612066e-07,360,-0.0016115664
166802,0.25029054,0,50,49.999973,50.000027,7.9472748e-06,-7.1011564e-06,-8.4611861e-07,0,-0.0016115664
166902,0.25050482,0,50,49.999973,50.000027,7.9472766e-06,-7.1011559e-06,-8.4612066e-07,360,-0.0016115664
167002,0.2507191,0,50,49.999973,50.000027,7.9472748e-06,-7.1011564e-06,-8.4611861e-07,0,-0.0016115664
167102,0.25093341,0,50,49.999973,50.000027,7.9472766e-06,-7.1011559e-06,-8.4612066e-07,360,-0.0016115664
167202,0.25114769,0,50,49.999973,50.000027,7.9472748e-06,-7.1011564e-06,-8.4611861e-07,0,-0.0016115664
167302,0.25136197,0,50,49.999973,50.000027,7.9472766e-06,-7.1011559e-06,-8.4612066e-07,360,-0.0016115664
167402,0.25157627,0,50,49.999973,50.000027,7.9472748e-06,-7.1011564e-06,-8.4611861e-07,0,-0.0016115664
167502,0.25179055,0,50,49.999973,50.000027,7.9472766e-06,-7.1011559e-06,-8.4612066e-07,360,-0.0016115664
167602,0.25200486,0,50,49.999973,50.000027,7.9472748e-06,-7.1011564e-06,-8.4611861e-07,0,-0.0016115664
167702,0.25221914,0,50,49.999973,50.000027,7.9472766e-06,-7.1011559e-06,-8.4612066e-07,360,-0.0016115664
167802,0.25243342,0,50,49.999973,50.000027,7.9472748e-06,-7.1011564e-06,-8.4611861e-07,0,-0.0016115664
167902,0.2526477,0,50,49.999973,50.000027,7.9472766e-06,-7.1011559e-06,-8.4612066e-07,360,-0.0016115664
168002,0.25286198,0,50,49.999973,50.000027,7.9472748e-06,-7.1011564e-06,-8.4611861e-07,0,-0.0016115664
168102,0.25307631,0,50,49.999973,50.000027,7.9472766e-06,-7.1011559e-06,-8.4612066e-07,360,-0.0016115664
168202,0.25329059,0,50,49.999973,50.000027,7.9472748e-06,-7.1011564e-06,-8.4611861e-07,0,-0.0016115664
168302,0.25350487,0,50,49.999973,50.000027,7.9472766e-06,-7.1011559e-06,-8.4612066e-07,360,-0.0016115664
168402,0.25371915,0,50,49.999973,50.000027,7.9472748e-06,-7.1011564e-06,-8.4611861e-07,0,-0.0016115664
168502,0.25393343,0,50,49.999973,50.000027,7.9472766e-06,-7.1011559e-06,-8.4612066e-07,360,-0.0016115664
168602,0.25414774,0,50,49.999973,50.000027,7.9472748e-06,-7.1011564e-06,-8.4611861e-07,0,-0.0016115664
168702,0.25436202,0,50,49.999973,50.000027,7.9472766e-06,-7.1011559e-06,-8.4612066e-07,360,-0.0016115664
168802,0.25457633,0,50,49.999973,50.000027,7.9472748e-06,-7.1011564e-06,-8.4611861e-07,0,-0.0016115664
168902,0.2547906,0,50,49.999973,50.000027,7.9472766e-06,-7.1011559e-06,-8.4612066e-07,360,-0.0016115664
169002,0.25500488,0,50,49.999973,50.000027,7.9472748e-06,-7.1011564e-06,-8.4611861e-07,0,-0.0016115664
169102,0.25521919,0,50,49.999973,50.000027,7.9472766e-06,-7.1011559e-06,-8.4612066e-07,360,-0.0016115664
169202,0.25543347,0,50,49.999973,50.000027,7.9472748e-06,-7.1011564e-06,-8.4611861e-07,0,-0.0016115664
169302,0.25564775,0,50,49.999973,50.000027,7.9472766e-06,-7.1011559e-06,-8.4612066e-07,360,-0.0016115664
169402,0.25586206,0,50,49.999973,50.000027,7.9472748e-06,-7.1011564e-06,-8.4611861e-07,0,-0.0016115664
169502,0.25607634,0,50,49.999973,50.000027,7.9472766e-06,-7.1011559e-06,-8.4612066e-07,360,-0.0016115664
169602,0.25629064,0,50,49.999973,50.000027,7.9472748e-06,-7.1011564e-06,-8.4611861e-07,0,-0.0016115664
169702,0.25650492,0,50,49.999973,50.000027,7.9472766e-06,-7.1011559e-06,-8.4612066e-07,360,-0.0016115664
169802,0.2567192,0,50,49.999973,50.000027,7.9472748e-06,-7.1011564e-06,-8.4611861e-07,0,-0.0016115664
169902,0.25693351,0,50,49.999973,50.000027,7.9472766e-06,-7.1011559e-06,-8.4612066e-07,360,-0.0016115664
170002,0.25714779,0,50,49.999973,50.000027,7.9472748e-06,-7.1011564e-06,-8.4611861e-07,0,-0.0016115664
170102,0.25736207,0,50,49.999973,50.000027,7.9472766e-06,-7.1011559e-06,-8.4612066e-07,360,-0.0016115664
170202,0.25757638,0,50,49.999973,50.000027,7.9472748e-06,-7.1011564e-06,-8.4611861e-07,0,-0.0016115664
170302,0.25779065,0,50,49.999973,50.000027,7.9472766e-06,-7.1011559e-06,-8.4612066e-07,360,-0.0016115664
170402,0.25800496,0,50,49.999973,50.000027,7.9472748e-06,-7.1011564e-06,-8.4611861e-07,0,-0.0016115664
170502,0.25821924,0,50,49.999973,50.000027,7.9472766e-06,-7.1011559e-06,-8.4612066e-07,360,-0.0016115664
170602,0.25843352,0,50,49.999973,50.000027,7.9472748e-06,-7.1011564e-06,-8.4611861e-07,0,-0.0016115664
170702,0.2586478,0,50,49.999973,50.000027,7.9472766e-06,-7.1011559e-06,-8.4612066e-07,360,-0.0016115664
170802,0.25886208,0,50,49.999973,50.000027,7.9472748e-06,-7.1011564e-06,-8.4611861e-07,0,-0.0016115664
170902,0.25907642,0,50,49.999973,50.000027,7.9472766e-06,-7.1011559e-06,-8.4612066e-07,360,-0.0016115664
171002,0.2592907,0,50,49.999973,50.000027,7.9472748e-06,-7.1011564e-06,-8.4611861e-07,0,-0.0016115664
171102,0.25950497,0,50,49.999973,50.000027,7.9472766e-06,-7.1011559e-06,-8.4612066e-07,360,-0.0016115664
171202,0.25971925,0,50,49.999973,50.000027,7.9472748e-06,-7.1011564e-06,-8.4611861e-07,0,-0.0016115664
171302,0.25993353,0,50,49.999973,50.000027,7.9472766e-06,-7.1011559e-06,-8.4612066e-07,360,-0.0016115664
171402,0.26014784,0,50,49.999973,50.000027,7.9472748e-06,-7.1011564e-06,-8.4611861e-07,0,-0.0016115664
171502,0.26036212,0,50,49.999973,50.000027,7.9472766e-06,-7.1011559e-06,-8.4612066e-07,360,-0.0016115664
171602,0.26057643,0,50,49.999973,50.000027,7.9472748e-06,-7.1011564e-06,-8.4611861e-07,0,-0.0016115664
171702,0.26079071,0,50,49.999973,50.000027,7.9472766e-06,-7.1011559e-06,-8.4612066e-07,360,-0.0016115664
171802,0.26100498,0,50,49.999973,50.000027,7.9472748e-06,-7.1011564e-06,-8.4611861e-07,0,-0.0016115664
171902,0.26121929,0,50,49.999973,50.000027,7.9472766e-06,-7.1011559e-06,-8.4612066e-07,360,-0.0016115664
172002,0.26143357,0,50,49.999973,50.000027,7.9472748e-06,-7.1011564e-06,-8.4611861e-07,0,-0.0016115664
172102,0.26164785,0,50,49.999973,50.000027,7.9472766e-06,-7.1011559e-06,-8.4612066e-07,360,-0.0016115664
172202,0.26186216,0,50,49.999973,50.000027,7.9472748e-06,-7.1011564e-06,-8.4611861e-07,0,-0.0016115664
172302,0.26207644,0,50,49.999973,50.000027,7.9472766e-06,-7.1011559e-06,-8.4612066e-07,360,-0.0016115664
172402,0.26229075,0,50,49.999973,50.000027,7.9472748e-06,-7.1011564e-06,-8.4611861e-07,0,-0.0016115664
172502,0.26250502,0,50,49.999973,50.000027,7.9472766e-06,-7.1011559e-06,-8.4612066e-07,360,-0.0016115664
172602,0.2627193,0,50,49.999973,50.000027,7.9472748e-06,-7.1011564e-06,-8.4611861e-07,0,-0.0016115664
172702,0.26293361,0,50,49.999973,50.000027,7.9472766e-06,-7.1011559e-06,-8.4612066e-07,360,-0.0016115664
172802,0.26314789,0,50,49.999973,50.000027,7.9472748e-06,-7.1011564e-06,-8.4611861e-07,0,-0.0016115664
172902,0.26336217,0,50,49.999973,50.000027,7.9472766e-06,-7.1011559e-06,-8.4612066e-07,360,-0.0016115664
173002,0.26357648,0,50,49.999973,50.000027,7.9472748e-06,-7.1011564e-06,-8.4611861e-07,0,-0.0016115664
173102,0.26379076,0,50,49.999973,50.000027,7.9472766e-06,-7.1011559e-06,-8.4612066e-07,360,-0.0016115664
173202,0.26400506,0,50,49.999973,50.000027,7.9472748e-06,-7.1011564e-06,-8.4611861e-07,0,-0.0016115664
173302,0.26421934,0,50,49.999973,50.000027,7.9472766e-06,-7.1011559e-06,-8.4612066e-07,360,-0.0016115664
173402,0.26443362,0,50,49.999973,50.000027,7.9472748e-06,-7.1011564e-06,-8.4611861e-07,0,-0.0016115664
173502,0.2646479,0,50,49.999973,50.000027,7.9472766e-06,-7.1011559e-06,-8.4612066e-07,360,-0.0016115664
173602,0.26486218,0,50,49.999973,50.000027,7.9472748e-06,-7.1011564e-06,-8.4611861e-07,0,-0.0016115664
173702,0.26507652,0,50,49.999973,50.000027,7.9472766e-06,-7.1011559e-06,-8.4612066e-07,360,-0.0016115664
173802,0.2652908,0,50,49.999973,50.000027,7.9472748e-06,-7.1011564e-06,-8.4611861e-07,0,-0.0016115664
173902,0.26550508,0,50,49.999973,50.000027,7.9472766e-06,-7.1011559e-06,-8.4612066e-07,360,-0.0016115664
174002,0.26571935,0,50,49.999973,50.000027,7.9472748e-06,-7.1011564e-06,-8.4611861e-07,0,-0.0016115664
174102,0.26593363,0,50,49.999973,50.000027,7.9472766e-06,-7.1011559e-06,-8.4612066e-07,360,-0.0016115664
174202,0.26614794,0,50,49.999973,50.000027,7.9472748e-06,-7.1011564e-06,-8.4611861e-07,0,-0.0016115664
174302,0.26636222,0,50,49.999973,50.000027,7.9472766e-06,-7.1011559e-06,-8.4612066e-07,360,-0.0016115664
174402,0.26657653,0,50,49.999973,50.000027,7.9472748e-06,-7.1011564e-06,-8.4611861e-07,0,-0.0016115664
174502,0.26679081,0,50,49.999973,50.000027,7.9472766e-06,-7.1011559e-06,-8.4612066e-07,360,-0.0016115664
174602,0.26700509,0,50,49.999973,50.000027,7.9472748e-06,-7.1011564e-06,-8.4611861e-07,0,-0.0016115664
174702,0.26721939,0,50,49.999973,50.000027,7.9472766e-06,-7.1011559e-06,-8.4612066e-07,360,-0.0016115664
174802,0.26743367,0,50,49.999973,50.000027,7.9472748e-06,-7.1011564e-06,-8.4611861e-07,0,-0.0016115664
174902,0.26764795,0,50,49.999973,50.000027,7.9472766e-06,-7.1011559e-06,-8.4612066e-07,360,-0.0016115664
175002,0.26786226,0,50,49.999973,50.000027,7.9472748e-06,-7.1011564e-06,-8.4611861e-07,0,-0.0016115664
175102,0.26807654,0,50,49.999973,50.000027,7.9472766e-06,-7.1011559e-06,-8.4612066e-07,360,-0.0016115664
175202,0.26829085,0,50,49.999973,50.000027,7.9472748e-06,-7.1011564e-06,-8.4611861e-07,0,-0.0016115664
175302,0.26850513,0,50,49.999973,50.000027,7.9472766e-06,-7.1011559e-06,-8.4612066e-07,360,-0.0016115664
175402,0.2687194,0,50,49.999973,50.000027,7.9472748e-06,-7.1011564e-06,-8.4611861e-07,0,-0.0016115664
175502,0.26893371,0,50,49.999973,50.000027,7.9472766e-06,-7.1011559e-06,-8.4612066e-07,360,-0.0016115664
175602,0.26914799,0,50,49.999973,50.000027,7.9472748e-06,-7.1011564e-06,-8.4611861e-07,0,-0.0016115664
175702,0.26936227,0,50,49.999973,50.000027,7.9472766e-06,-7.1011559e-06,-8.4612066e-07,360,-0.0016115664
175802,0.26957658,0,50,49.999973,50.000027,7.9472748e-06,-7.1011564e-06,-8.4611861e-07,0,-0.0016115664
175902,0.26979086,0,50,49.999973,50.000027,7.9472766e-06,-7.1011559e-06,-8.4612066e-07,360,-0.0016115664
176002,0.27000517,0,50,49.999973,50.000027,7.9472748e-06,-7.1011564e-06,-8.4611861e-07,0,-0.0016115664
176102,0.27021945,0,50,49.999973,50.000027,7.9472766e-06,-7.1011559e-06,-8.4612066e-07,360,-0.0016115664
176202,0.27043372,0,50,49.999973,50.000027,7.9472748e-06,-7.1011564e-06,-8.4611861e-07,0,-0.0016115664
176302,0.270648,0,50,49.999973,50.000027,7.9472766e-06,-7.1011559e-06,-8.4612066e-07,360,-0.0016115664
176402,0.27086228,0,50,49.999973,50.000027,7.9472748e-06,-7.1011564e-06,-8.4611861e-07,0,-0.0016115664
176502,0.27107662,0,50,49.999973,50.000027,7.9472766e-06,-7.1011559e-06,-8.4612066e-07,360,-0.0016115664
176602,0.2712909,0,50,49.999973,50.000027,7.9472748e-06,-7.1011564e-06,-8.4611861e-07,0,-0.0016115664
176702,0.27150518,0,50,49.999973,50.000027,7.9472766e-06,-7.1011559e-06,-8.4612066e-07,360,-0.0016115664
176802,0.27171946,0,50,49.999973,50.000027,7.9472748e-06,-7.1011564e-06,-8.4611861e-07,0,-0.0016115664
176902,0.27193373,0,50,49.999973,50.000027,7.9472766e-06,-7.1011559e-06,-8.4612066e-07,360,-0.0016115664
177002,0.27214804,0,50,49.999973,50.000027,7.9472748e-06,-7.1011564e-06,-8.4611861e-07,0,-0.0016115664
177102,0.27236232,0,50,49.999973,50.000027,7.9472766e-06,-7.1011559e-06,-8.4612066e-07,360,-0.0016115664
177202,0.27257663,0,50,49.999973,50.000027,7.9472748e-06,-7.1011564e-06,-8.4611861e-07,0,-0.0016115664
177302,0.27279091,0,50,49.999973,50.000027,7.9472766e-06,-7.1011559e-06,-8.4612066e-07,360,-0.0016115664
177402,0.27300519,0,50,49.999973,50.000027,7.9472748e-06,-7.1011564e-06,-8.4611861e-07,0,-0.0016115664
177502,0.2732195,0,50,49.999973,50.000027,7.9472766e-06,-7.1011559e-06,-8.4612066e-07,360,-0.0016115664
177602,0.27343377,0,50,49.999973,50.000027,7.9472748e-06,-7.1011564e-06,-8.4611861e-07,0,-0.0016115664
177702,0.27364805,0,50,49.999973,50.000027,7.9472766e-06,-7.1011559e-06,-8.4612066e-07,360,-0.0016115664
177802,0.27386236,0,50,49.999973,50.000027,7.9472748e-06,-7.1011564e-06,-8.4611861e-07,0,-0.0016115664
177902,0.27407664,0,50,49.999973,50.000027,7.9472766e-06,-7.1011559e-06,-8.4612066e-07,360,-0.0016115664
178002,0.27429095,0,50,49.999973,50.000027,7.9472748e-06,-7.1011564e-06,-8.4611861e-07,0,-0.0016115664
178102,0.27450523,0,50,49.999973,50.000027,7.9472766e-06,-7.1011559e-06,-8.4612066e-07,360,-0.0016115664
178202,0.27471951,0,50,49.999973,50.000027,7.9472748e-06,-7.1011564e-06,-8.4611861e-07,0,-0.0016115664
178302,0.27493382,0,50,49.999973,50.000027,7.9472766e-06,-7.1011559e-06,-8.4612066e-07,360,-0.0016115664
178402,0.27514809,0,50,49.999973,50.000027,7.9472748e-06,-7.1011564e-06,-8.4611861e-07,0,-0.0016115664
178502,0.27536237,0,50,49.999973,50.000027,7.9472766e-06,-7.1011559e-06,-8.4612066e-07,360,-0.0016115664
178602,0.27557668,0,50,49.999973,50.000027,7.9472748e-06,-7.1011564e-06,-8.4611861e-07,0,-0.0016115664
178702,0.27579096,0,50,49.999973,50.000027,7.9472766e-06,-7.1011559e-06,-8.4612066e-07,360,-0.0016115664
178802,0.27600527,0,50,49.999973,50.000027,7.9472748e-06,-7.1011564e-06,-8.4611861e-07,0,-0.0016115664
178902,0.27621955,0,50,49.999973,50.000027,7.9472766e-06,-7.1011559e-06,-8.4612066e-07,360,-0.0016115664
179002,0.27643383,0,50,49.999973,50.000027,7.9472748e-06,-7.1011564e-06,-8.4611861e-07,0,-0.0016115664
179102,0.2766481,0,50,49.999973,50.000027,7.9472766e-06,-7.1011559e-06,-8.4612066e-07,360,-0.0016115664
179202,0.27686238,0,50,49.999973,50.000027,7.9472748e-06,-7.1011564e-06,-8.4611861e-07,0,-0.0016115664
179302,0.27707672,0,50,49.999973,50.000027,7.9472766e-06,-7.1011559e-06,-8.4612066e-07,360,-0.0016115664
179402,0.277291,0,50,49.999973,50.000027,7.9472748e-06,-7.1011564e-06,-8.4611861e-07,0,-0.0016115664
179502,0.27750528,0,50,49.999973,50.000027,7.9472766e-06,-7.1011559e-06,-8.4612066e-07,360,-0.0016115664
179602,0.27771956,0,50,49.999973,50.000027,7.9472748e-06,-7.1011564e-06,-8.4611861e-07,0,-0.0016115664
179702,0.27793384,0,50,49.999973,50.000027,7.9472766e-06,-7.1011559e-06,-8.4612066e-07,360,-0.0016115664
179802,0.27814814,0,50,49.999973,50.000027,7.9472748e-06,-7.1011564e-06,-8.4611861e-07,0,-0.0016115664
179902,0.27836242,0,50,49.999973,50.000027,7.9472766e-06,-7.1011559e-06,-8.4612066e-07,360,-0.0016115664
180002,0.27857673,0,50,49.999973,50.000027,7.9472748e-06,-7.1011564e-06,-8.4611861e-07,0,-0.0016115664
180102,0.27879101,0,50,49.999973,50.000027,7.9472766e-06,-7.1011559e-06,-8.4612066e-07,360,-0.0016115664
180202,0.27900529,0,50,49.999973,50.000027,7.9472748e-06,-7.1011564e-06,-8.4611861e-07,0,-0.0016115664
180302,0.2792196,0,50,49.999973,50.000027,7.9472766e-06,-7.1011559e-06,-8.4612066e-07,360,-0.0016115664
180402,0.27943388,0,50,49.999973,50.000027,7.9472748e-06,-7.1011564e-06,-8.4611861e-07,0,-0.0016115664
180502,0.27964815,0,50,49.999973,50.000027,7.9472766e-06,-7.1011559e-06,-8.4612066e-07,360,-0.0016115664
180602,0.27986246,0,50,49.999973,50.000027,7.9472748e-06,-7.1011564e-06,-8.4611861e-07,0,-0.0016115664
180702,0.28007674,0,50,49.999973,50.000027,7.9472766e-06,-7.1011559e-06,-8.4612066e-07,360,-0.0016115664
180802,0.28029105,0,50,49.999973,50.000027,7.9472748e-06,-7.1011564e-06,-8.4611861e-07,0,-0.0016115664
180902,0.28050533,0,50,49.999973,50.000027,7.9472766e-06,-7.1011559e-06,-8.4612066e-07,360,-0.0016115664
181002,0.28071961,0,50,49.999973,50.000027,7.9472748e-06,-7.1011564e-06,-8.4611861e-07,0,-0.0016115664
181102,0.28093392,0,50,49.999973,50.000027,7.9472766e-06,-7.1011559e-06,-8.4612066e-07,360,-0.0016115664
181202,0.2811482,0,50,49.999973,50.000027,7.9472748e-06,-7.1011564e-06,-8.4611861e-07,0,-0.0016115664
181302,0.2813625,0,50,49.999973,50.000027,7.9472766e-06,-7.1011559e-06,-8.4612066e-07,360,-0.0016115664
181402,0.28157678,0,50,49.999973,50.000027,7.9472748e-06,-7.1011564e-06,-8.4611861e-07,0,-0.0016115664
181502,0.28179106,0,50,49.999973,50.000027,7.9472766e-06,-7.1011559e-06,-8.4612066e-07,360,-0.0016115664
181602,0.28200537,0,50,49.999973,50.000027,7.9472748e-06,-7.1011564e-06,-8.4611861e-07,0,-0.0016115664
181702,0.28221965,0,50,49.999973,50.000027,7.9472766e-06,-7.1011559e-06,-8.4612066e-07,360,-0.0016115664
181802,0.28243393,0,50,49.999973,50.000027,7.9472748e-06,-7.1011564e-06,-8.4611861e-07,0,-0.0016115664
181902,0.28264821,0,50,49.999973,50.000027,7.9472766e-06,-7.1011559e-06,-8.4612066e-07,360,-0.0016115664
182002,0.28286251,0,50,49.999973,50.000027,7.9472748e-06,-7.1011564e-06,-8.4611861e-07,0,-0.0016115664
182102,0.28307682,0,50,49.999973,50.000027,7.9472766e-06,-7.1011559e-06,-8.4612066e-07,360,-0.0016115664
182202,0.2832911,0,50,49.999973,50.000027,7.9472748e-06,-7.1011564e-06,-8.4611861e-07,0,-0.0016115664
182302,0.28350538,0,50,49.999973,50.000027,7.9472766e-06,-7.1011559e-06,-8.4612066e-07,360,-0.0016115664
182402,0.28371966,0,50,49.999973,50.000027,7.9472748e-06,-7.1011564e-06,-8.4611861e-07,0,-0.0016115664
182502,0.28393394,0,50,49.999973,50.000027,7.9472766e-06,-7.1011559e-06,-8.4612066e-07,360,-0.0016115664
182602,0.28414825,0,50,49.999973,50.000027,7.9472748e-06,-7.1011564e-06,-8.4611861e-07,0,-0.0016115664
182702,0.28436255,0,50,49.999973,50.000027,7.9472766e-06,-7.1011559e-06,-8.4612066e-07,360,-0.0016115664
182802,0.28457683,0,50,49.999973,50.000027,7.9472748e-06,-7.1011564e-06,-8.4611861e-07,0,-0.0016115664
182902,0.28479111,0,50,49.999973,50.000027,7.9472766e-06,-7.1011559e-06,-8.4612066e-07,360,-0.0016115664
183002,0.28500539,0,50,49.999973,50.000027,7.9472748e-06,-7.1011564e-06,-8.4611861e-07,0,-0.0016115664
183102,0.2852197,0,50,49.999973,50.000027,7.9472766e-06,-7.1011559e-06,-8.4612066e-07,360,-0.0016115664
183202,0.28543398,0,50,49.999973,50.000027,7.9472748e-06,-7.1011564e-06,-8.4611861e-07,0,-0.0016115664
183302,0.28564826,0,50,49.999973,50.000027,7.9472766e-06,-7.1011559e-06,-8.4612066e-07,360,-0.0016115664
183402,0.28586257,0,50,49.999973,50.000027,7.9472748e-06,-7.1011564e-06,-8.4611861e-07,0,-0.0016115664
183502,0.28607684,0,50,49.999973,50.000027,7.9472766e-06,-7.1011559e-06,-8.4612066e-07,360,-0.0016115664
183602,0.28629115,0,50,49.999973,50.000027,7.9472748e-06,-7.1011564e-06,-8.4611861e-07,0,-0.0016115664
183702,0.28650543,0,50,49.999973,50.000027,7.9472766e-06,-7.1011559e-06,-8.4612066e-07,360,-0.0016115664
183802,0.28671971,0,50,49.999973,50.000027,7.9472748e-06,-7.1011564e-06,-8.4611861e-07,0,-0.0016115664
183902,0.28693402,0,50,49.999973,50.000027,7.9472766e-06,-7.1011559e-06,-8.4612066e-07,360,-0.0016115664
184002,0.2871483,0,50,49.999973,50.000027,7.9472748e-06,-7.1011564e-06,-8.4611861e-07,0,-0.0016115664
184102,0.28736261,0,50,49.999973,50.000027,7.9472766e-06,-7.1011559e-06,-8.4612066e-07,360,-0.0016115664
184202,0.28757688,0,50,49.999973,50.000027,7.9472748e-06,-7.1011564e-06,-8.4611861e-07,0,-0.0016115664
184302,0.28779116,0,50,49.999973,50.000027,7.9472766e-06,-7.1011559e-06,-8.4612066e-07,360,-0.0016115664
184402,0.28800547,0,50,49.999973,50.000027,7.9472748e-06,-7.1011564e-06,-8.4611861e-07,0,-0.0016115664
184502,0.28821975,0,50,49.999973,50.000027,7.9472766e-06,-7.1011559e-06,-8.4612066e-07,360,-0.0016115664
184602,0.28843403,0,50,49.999973,50.000027,7.9472748e-06,-7.1011564e-06,-8.4611861e-07,0,-0.0016115664
184702,0.28864831,0,50,49.999973,50.000027,7.9472766e-06,-7.1011559e-06,-8.4612066e-07,360,-0.0016115664
184802,0.28886262,0,50,49.999973,50.000027,7.9472748e-06,-7.1011564e-06,-8.4611861e-07,0,-0.0016115664
184902,0.28907692,0,50,49.999973,50.000027,7.9472766e-06,-7.1011559e-06,-8.4612066e-07,360,-0.0016115664
185002,0.2892912,0,50,49.999973,50.000027,7.9472748e-06,-7.1011564e-06,-8.4611861e-07,0,-0.0016115664
185102,0.28950548,0,50,49.999973,50.000027,7.9472766e-06,-7.1011559e-06,-8.4612066e-07,360,-0.0016115664
185202,0.28971976,0,50,49.999973,50.000027,7.9472748e-06,-7.1011564e-06,-8.4611861e-07,0,-0.0016115664
185302,0.28993404,0,50,49.999973,50.000027,7.9472766e-06,-7.1011559e-06,-8.4612066e-07,360,-0.0016115664
185402,0.29014835,0,50,49.999973,50.000027,7.9472748e-06,-7.1011564e-06,-8.4611861e-07,0,-0.0016115664
185502,0.29036266,0,50,49.999973,50.000027,7.9472766e-06,-7.1011559e-06,-8.4612066e-07,360,-0.0016115664
185602,0.29057693,0,50,49.999973,50.000027,7.9472748e-06,-7.1011564e-06,-8.4611861e-07,0,-0.0016115664
185702,0.29079121,0,50,49.999973,50.000027,7.9472766e-06,-7.1011559e-06,-8.4612066e-07,360,-0.0016115664
185802,0.29100549,0,50,49.999973,50.000027,7.9472748e-06,-7.1011564e-06,-8.4611861e-07,0,-0.0016115664
185902,0.2912198,0,50,49.999973,50.000027,7.9472766e-06,-7.1011559e-06,-8.4612066e-07,360,-0.0016115664
186002,0.29143408,0,50,49.999973,50.000027,7.9472748e-06,-7.1011564e-06,-8.4611861e-07,0,-0.0016115664
186102,0.29164836,0,50,49.999973,50.000027,7.9472766e-06,-7.1011559e-06,-8.4612066e-07,360,-0.0016115664
186202,0.29186267,0,50,49.999973,50.000027,7.9472748e-06,-7.1011564e-06,-8.4611861e-07,0,-0.0016115664
186302,0.29207695,0,50,49.999973,50.000027,7.9472766e-06,-7.1011559e-06,-8.4612066e-07,360,-0.0016115664
186402,0.29229125,0,50,49.999973,50.000027,7.9472748e-06,-7.1011564e-06,-8.4611861e-07,0,-0.0016115664
186502,0.29250553,0,50,49.999973,50.000027,7.9472766e-06,-7.1011559e-06,-8.4612066e-07,360,-0.0016115664
186602,0.29271981,0,50,49.999973,50.000027,7.9472748e-06,-7.1011564e-06,-8.4611861e-07,0,-0.0016115664
186702,0.29293412,0,50,49.999973,50.000027,7.9472766e-06,-7.1011559e-06,-8.4612066e-07,360,-0.0016115664
186802,0.2931484,0,50,49.999973,50.000027,7.9472748e-06,-7.1011564e-06,-8.4611861e-07,0,-0.0016115664
186902,0.29336271,0,50,49.999973,50.000027,7.9472766e-06,-7.1011559e-06,-8.4612066e-07,360,-0.0016115664
187002,0.29357699,0,50,49.999973,50.000027,7.9472748e-06,-7.1011564e-06,-8.4611861e-07,0,-0.0016115664
187102,0.29379126,0,50,49.999973,50.000027,7.9472766e-06,-7.1011559e-06,-8.4612066e-07,360,-0.0016115664
187202,0.29400557,0,50,49.999973,50.000027,7.9472748e-06,-7.1011564e-06,-8.4611861e-07,0,-0.0016115664
187302,0.29421985,0,50,49.999973,50.000027,7.9472766e-06,-7.1011559e-06,-8.4612066e-07,360,-0.0016115664
187402,0.29443413,0,50,49.999973,50.000027,7.9472748e-06,-7.1011564e-06,-8.4611861e-07,0,-0.0016115664
187502,0.29464841,0,50,49.999973,50.000027,7.9472766e-06,-7.1011559e-06,-8.4612066e-07,360,-0.0016115664
187602,0.29486272,0,50,49.999973,50.000027,7.9472748e-06,-7.1011564e-06,-8.4611861e-07,0,-0.0016115664
187702,0.29507703,0,50,49.999973,50.000027,7.9472766e-06,-7.1011559e-06,-8.4612066e-07,360,-0.0016115664
187802,0.2952913,0,50,49.999973,50.000027,7.9472748e-06,-7.1011564e-06,-8.4611861e-07,0,-0.0016115664
187902,0.29550558,0,50,49.999973,50.000027,7.9472766e-06,-7.1011559e-06,-8.4612066e-07,360,-0.0016115664
188002,0.29571986,0,50,49.999973,50.000027,7.9472748e-06,-7.1011564e-06,-8.4611861e-07,0,-0.0016115664
188102,0.29593414,0,50,49.999973,50.000027,7.9472766e-06,-7.1011559e-06,-8.4612066e-07,360,-0.0016115664
188202,0.29614845,0,50,49.999973,50.000027,7.9472748e-06,-7.1011564e-06,-8.4611861e-07,0,-0.0016115664
188302,0.29636276,0,50,49.999973,50.000027,7.9472766e-06,-7.1011559e-06,-8.4612066e-07,360,-0.0016115664
188402,0.29657704,0,50,49.999973,50.000027,7.9472748e-06,-7.1011564e-06,-8.4611861e-07,0,-0.0016115664
188502,0.29679132,0,50,49.999973,50.000027,7.9472766e-06,-7.1011559e-06,-8.4612066e-07,360,-0.0016115664
188602,0.29700559,0,50,49.999973,50.000027,7.9472748e-06,-7.1011564e-06,-8.4611861e-07,0,-0.0016115664
188702,0.2972199,0,50,49.999973,50.000027,7.9472766e-06,-7.1011559e-06,-8.4612066e-07,360,-0.0016115664
188802,0.29743418,0,50,49.999973,50.000027,7.9472748e-06,-7.1011564e-06,-8.4611861e-07,0,-0.0016115664
188902,0.29764846,0,50,49.999973,50.000027,7.9472766e-06,-7.1011559e-06,-8.4612066e-07,360,-0.0016115664
189002,0.29786277,0,50,49.999973,50.000027,7.9472748e-06,-7.1011564e-06,-8.4611861e-07,0,-0.0016115664
189102,0.29807705,0,50,49.999973,50.000027,7.9472766e-06,-7.1011559e-06,-8.4612066e-07,360,-0.0016115664
189202,0.29829136,0,50,49.999973,50.000027,7.9472748e-06,-7.1011564e-06,-8.4611861e-07,0,-0.0016115664
189302,0.29850563,0,50,49.999973,50.000027,7.9472766e-06,-7.1011559e-06,-8.4612066e-07,360,-0.0016115664
189402,0.29871991,0,50,49.999973,50.000027,7.9472748e-06,-7.1011564e-06,-8.4611861e-07,0,-0.0016115664
189502,0.29893422,0,50,49.999973,50.000027,7.9472766e-06,-7.1011559e-06,-8.4612066e-07,360,-0.0016115664
189602,0.2991485,0,50,49.999973,50.000027,7.9472748e-06,-7.1011564e-06,-8.4611861e-07,0,-0.0016115664
189702,0.29936281,0,50,49.999973,50.000027,7.9472766e-06,-7.1011559e-06,-8.4612066e-07,360,-0.0016115664
189802,0.29957709,0,50,49.999973,50.000027,7.9472748e-06,-7.1011564e-06,-8.4611861e-07,0,-0.0016115664
189902,0.29979137,0,50,49.999973,50.000027,7.9472766e-06,-7.1011559e-06,-8.4612066e-07,360,-0.0016115664
190002,0.30000567,0,50,49.999973,50.000027,7.9472748e-06,-7.1011564e-06,-8.4611861e-07,0,-0.0016115664
190102,0.30021995,0,50,49.999973,50.000027,7.9472766e-06,-7.1011559e-06,-8.4612066e-07,360,-0.0016115664
190202,0.30043423,0,50,49.999973,50.000027,7.9472748e-06,-7.1011564e-06,-8.4611861e-07,0,-0.0016115664
190302,0.30064851,0,50,49.999973,50.000027,7.9472766e-06,-7.1011559e-06,-8.4612066e-07,360,-0.0016115664
190402,0.30086282,0,50,49.999973,50.000027,7.9472748e-06,-7.1011564e-06,-8.4611861e-07,0,-0.0016115664
190502,0.30107713,0,50,49.999973,50.000027,7.9472766e-06,-7.1011559e-06,-8.4612066e-07,360,-0.0016115664
190602,0.30129141,0,50,49.999973,50.000027,7.9472748e-06,-7.1011564e-06,-8.4611861e-07,0,-0.0016115664
190702,0.30150568,0,50,49.999973,50.000027,7.9472766e-06,-7.1011559e-06,-8.4612066e-07,360,-0.0016115664
190802,0.30171996,0,50,49.999973,50.000027,7.9472748e-06,-7.1011564e-06,-8.4611861e-07,0,-0.0016115664
190902,0.30193424,0,50,49.999973,50.000027,7.9472766e-06,-7.1011559e-06,-8.4612066e-07,360,-0.0016115664
191002,0.30214855,0,50,49.999973,50.000027,7.9472748e-06,-7.1011564e-06,-8.4611861e-07,0,-0.0016115664
191102,0.30236286,0,50,49.999973,50.000027,7.9472766e-06,-7.1011559e-06,-8.4612066e-07,360,-0.0016115664
191202,0.30257714,0,50,49.999973,50.000027,7.9472748e-06,-7.1011564e-06,-8.4611861e-07,0,-0.0016115664
191302,0.30279142,0,50,49.999973,50.000027,7.9472766e-06,-7.1011559e-06,-8.4612066e-07,360,-0.0016115664
191402,0.3030057,0,50,49.999973,50.000027,7.9472748e-06,-7.1011564e-06,-8.4611861e-07,0,-0.0016115664
191502,0.30322,0,50,49.999973,50.000027,7.9472766e-06,-7.1011559e-06,-8.4612066e-07,360,-0.0016115664
191602,0.30343428,0,50,49.999973,50.000027,7.9472748e-06,-7.1011564e-06,-8.4611861e-07,0,-0.0016115664
191702,0.30364856,0,50,49.999973,50.000027,7.9472766e-06,-7.1011559e-06,-8.4612066e-07,360,-0.0016115664
191802,0.30386287,0,50,49.999973,50.000027,7.9472748e-06,-7.1011564e-06,-8.4611861e-07,0,-0.0016115664
191902,0.30407715,0,50,49.999973,50.000027,7.9472766e-06,-7.1011559e-06,-8.4612066e-07,360,-0.0016115664
192002,0.30429146,0,50,49.999973,50.000027,7.9472748e-06,-7.1011564e-06,-8.4611861e-07,0,-0.0016115664
192102,0.30450574,0,50,49.999973,50.000027,7.9472766e-06,-7.1011559e-06,-8.4612066e-07,360,-0.0016115664
192202,0.30472001,0,50,49.999973,50.000027,7.9472748e-06,-7.1011564e-06,-8.4611861e-07,0,-0.0016115664
192302,0.30493432,0,50,49.999973,50.000027,7.9472766e-06,-7.1011559e-06,-8.4612066e-07,360,-0.0016115664
192402,0.3051486,0,50,49.999973,50.000027,7.9472748e-06,-7.1011564e-06,-8.4611861e-07,0,-0.0016115664
192502,0.30536291,0,50,49.999973,50.000027,7.9472766e-06,-7.1011559e-06,-8.4612066e-07,360,-0.0016115664
192602,0.30557719,0,50,49.999973,50.000027,7.9472748e-06,-7.1011564e-06,-8.4611861e-07,0,-0.0016115664
192702,0.30579147,0,50,49.999973,50.000027,7.9472766e-06,-7.1011559e-06,-8.4612066e-07,360,-0.0016115664
192802,0.30600578,0,50,49.999973,50.000027,7.9472748e-06,-7.1011564e-06,-8.4611861e-07,0,-0.0016115664
192902,0.30622005,0,50,49.999973,50.000027,7.9472766e-06,-7.1011559e-06,-8.4612066e-07,360,-0.0016115664
193002,0.30643433,0,50,49.999973,50.000027,7.9472748e-06,-7.1011564e-06,-8.4611861e-07,0,-0.0016115664
193102,0.30664861,0,50,49.999973,50.000027,7.9472766e-06,-7.1011559e-06,-8.4612066e-07,360,-0.0016115664
193202,0.30686292,0,50,49.999973,50.000027,7.9472748e-06,-7.1011564e-06,-8.4611861e-07,0,-0.0016115664
193302,0.30707723,0,50,49.999973,50.000027,7.9472766e-06,-7.1011559e-06,-8.4612066e-07,360,-0.0016115664
193402,0.30729151,0,50,49.999973,50.000027,7.9472748e-06,-7.1011564e-06,-8.4611861e-07,0,-0.0016115664
193502,0.30750579,0,50,49.999973,50.000027,7.9472766e-06,-7.1011559e-06,-8.4612066e-07,360,-0.0016115664
193602,0.30772007,0,50,49.999973,50.000027,7.9472748e-06,-7.1011564e-06,-8.4611861e-07,0,-0.0016115664
193702,0.30793434,0,50,49.999973,50.000027,7.9472766e-06,-7.1011559e-06,-8.4612066e-07,360,-0.0016115664
193802,0.30814865,0,50,49.999973,50.000027,7.9472748e-06,-7.1011564e-06,-8.4611861e-07,0,-0.0016115664
193902,0.30836296,0,50,49.999973,50.000027,7.9472766e-06,-7.1011559e-06,-8.4612066e-07,360,-0.0016115664
194002,0.30857724,0,50,49.999973,50.000027,7.9472748e-06,-7.1011564e-06,-8.4611861e-07,0,-0.0016115664
194102,0.30879152,0,50,49.999973,50.000027,7.9472766e-06,-7.1011559e-06,-8.4612066e-07,360,-0.0016115664
194202,0.3090058,0,50,49.999973,50.000027,7.9472748e-06,-7.1011564e-06,-8.4611861e-07,0,-0.0016115664
194302,0.30922011,0,50,49.999973,50.000027,7.9472766e-06,-7.1011559e-06,-8.4612066e-07,360,-0.0016115664
194402,0.30943438,0,50,49.999973,50.000027,7.9472748e-06,-7.1011564e-06,-8.4611861e-07,0,-0.0016115664
194502,0.30964866,0,50,49.999973,50.000027,7.9472766e-06,-7.1011559e-06,-8.4612066e-07,360,-0.0016115664
194602,0.30986297,0,50,49.999973,50.000027,7.9472748e-06,-7.1011564e-06,-8.4611861e-07,0,-0.0016115664
194702,0.31007725,0,50,49.999973,50.000027,7.9472766e-06,-7.1011559e-06,-8.4612066e-07,360,-0.0016115664
194802,0.31029156,0,50,49.999973,50.000027,7.9472748e-06,-7.1011564e-06,-8.4611861e-07,0,-0.0016115664
194902,0.31050584,0,50,49.999973,50.000027,7.9472766e-06,-7.1011559e-06,-8.4612066e-07,360,-0.0016115664
195002,0.31072012,0,50,49.999973,50.000027,7.9472748e-06,-7.1011564e-06,-8.4611861e-07,0,-0.0016115664
195102,0.31093442,0,50,49.999973,50.000027,7.9472766e-06,-7.1011559e-06,-8.4612066e-07,360,-0.0016115664
195202,0.3111487,0,50,49.999973,50.000027,7.9472748e-06,-7.1011564e-06,-8.4611861e-07,0,-0.0016115664
195302,0.31136301,0,50,49.999973,50.000027,7.9472766e-06,-7.1011559e-06,-8.4612066e-07,360,-0.0016115664
195402,0.31157729,0,50,49.999973,50.000027,7.9472748e-06,-7.1011564e-06,-8.4611861e-07,0,-0.0016115664
195502,0.31179157,0,50,49.999973,50.000027,7.9472766e-06,-7.1011559e-06,-8.4612066e-07,360,-0.0016115664
195602,0.31200588,0,50,49.999973,50.000027,7.9472748e-06,-7.1011564e-06,-8.4611861e-07,0,-0.0016115664
195702,0.31222016,0,50,49.999973,50.000027,7.9472766e-06,-7.1011559e-06,-8.4612066e-07,360,-0.0016115664
195802,0.31243443,0,50,49.999973,50.000027,7.9472748e-06,-7.1011564e-06,-8.4611861e-07,0,-0.0016115664
195902,0.31264871,0,50,49.999973,50.000027,7.9472766e-06,-7.1011559e-06,-8.4612066e-07,360,-0.0016115664
196002,0.31286302,0,50,49.999973,50.000027,7.9472748e-06,-7.1011564e-06,-8.4611861e-07,0,-0.0016115664
196102,0.31307733,0,50,49.999973,50.000027,7.9472766e-06,-7.1011559e-06,-8.4612066e-07,360,-0.0016115664
196202,0.31329161,0,50,49.999973,50.000027,7.9472748e-06,-7.1011564e-06,-8.4611861e-07,0,-0.0016115664
196302,0.31350589,0,50,49.999973,50.000027,7.9472766e-06,-7.1011559e-06,-8.4612066e-07,360,-0.0016115664
196402,0.31372017,0,50,49.999973,50.000027,7.9472748e-06,-7.1011564e-06,-8.4611861e-07,0,-0.0016115664
196502,0.31393445,0,50,49.999973,50.000027,7.9472766e-06,-7.1011559e-06,-8.4612066e-07,360,-0.0016115664
196602,0.31414875,0,50,49.999973,50.000027,7.9472748e-06,-7.1011564e-06,-8.4611861e-07,0,-0.0016115664
196702,0.31436306,0,50,49.999973,50.000027,7.9472766e-06,-7.1011559e-06,-8.4612066e-07,360,-0.0016115664
196802,0.31457734,0,50,49.999973,50.000027,7.9472748e-06,-7.1011564e-06,-8.4611861e-07,0,-0.0016115664
196902,0.31479162,0,50,49.999973,50.000027,7.9472766e-06,-7.1011559e-06,-8.4612066e-07,360,-0.0016115664
197002,0.3150059,0,50,49.999973,50.000027,7.9472748e-06,-7.1011564e-06,-8.4611861e-07,0,-0.0016115664
197102,0.31522021,0,50,49.999973,50.000027,7.9472766e-06,-7.1011559e-06,-8.4612066e-07,360,-0.0016115664
197202,0.31543449,0,50,49.999973,50.000027,7.9472748e-06,-7.1011564e-06,-8.4611861e-07,0,-0.0016115664
197302,0.31564876,0,50,49.999973,50.000027,7.9472766e-06,-7.1011559e-06,-8.4612066e-07,360,-0.0016115664
197402,0.31586307,0,50,49.999973,50.000027,7.9472748e-06,-7.1011564e-06,-8.4611861e-07,0,-0.0016115664
197502,0.31607735,0,50,49.999973,50.000027,7.9472766e-06,-7.1011559e-06,-8.4612066e-07,360,-0.0016115664
197602,0.31629166,0,50,49.999973,50.000027,7.9472748e-06,-7.1011564e-06,-8.4611861e-07,0,-0.0016115664
197702,0.31650594,0,50,49.999973,50.000027,7.9472766e-06,-7.1011559e-06,-8.4612066e-07,360,-0.0016115664
197802,0.31672022,0,50,49.999973,50.000027,7.9472748e-06,-7.1011564e-06,-8.4611861e-07,0,-0.0016115664
197902,0.31693453,0,50,49.999973,50.000027,7.9472766e-06,-7.1011559e-06,-8.4612066e-07,360,-0.0016115664
198002,0.3171488,0,50,49.999973,50.000027,7.9472748e-06,-7.1011564e-06,-8.4611861e-07,0,-0.0016115664
198102,0.31736311,0,50,49.999973,50.000027,7.9472766e-06,-7.1011559e-06,-8.4612066e-07,360,-0.0016115664
198202,0.31757739,0,50,49.999973,50.000027,7.9472748e-06,-7.1011564e-06,-8.4611861e-07,0,-0.0016115664
198302,0.31779167,0,50,49.999973,50.000027,7.9472766e-06,-7.1011559e-06,-8.4612066e-07,360,-0.0016115664
198402,0.31800598,0,50,49.999973,50.000027,7.9472748e-06,-7.1011564e-06,-8.4611861e-07,0,-0.0016115664
198502,0.31822026,0,50,49.999973,50.000027,7.9472766e-06,-7.1011559e-06,-8.4612066e-07,360,-0.0016115664
198602,0.31843454,0,50,49.999973,50.000027,7.9472748e-06,-7.1011564e-06,-8.4611861e-07,0,-0.0016115664
198702,0.31864882,0,50,49.999973,50.000027,7.9472766e-06,-7.1011559e-06,-8.4612066e-07,360,-0.0016115664
198802,0.31886312,0,50,49.999973,50.000027,7.9472748e-06,-7.1011564e-06,-8.4611861e-07,0,-0.0016115664
198902,0.31907743,0,50,49.999973,50.000027,7.9472766e-06,-7.1011559e-06,-8.4612066e-07,360,-0.0016115664
199002,0.31929171,0,50,49.999973,50.000027,7.9472748e-06,-7.1011564e-06,-8.4611861e-07,0,-0.0016115664
199102,0.31950599,0,50,49.999973,50.000027,7.9472766e-06,-7.1011559e-06,-8.4612066e-07,360,-0.0016115664
199202,0.31972027,0,50,49.999973,50.000027,7.9472748e-06,-7.1011564e-06,-8.4611861e-07,0,-0.0016115664
199302,0.31993455,0,50,49.999973,50.000027,7.9472766e-06,-7.1011559e-06,-8.4612066e-07,360,-0.0016115664
199402,0.32014886,0,50,49.999973,50.000027,7.9472748e-06,-7.1011564e-06,-8.4611861e-07,0,-0.0016115664
199502,0.32036316,0,50,49.999973,50.000027,7.9472766e-06,-7.1011559e-06,-8.4612066e-07,360,-0.0016115664
199602,0.32057744,0,50,49.999973,50.000027,7.9472748e-06,-7.1011564e-06,-8.4611861e-07,0,-0.0016115664
199702,0.32079172,0,50,49.999973,50.000027,7.9472766e-06,-7.1011559e-06,-8.4612066e-07,360,-0.0016115664
199802,0.321006,0,50,49.999973,50.000027,7.9472748e-06,-7.1011564e-06,-8.4611861e-07,0,-0.0016115664
199902,0.32122031,0,50,49.999973,50.000027,7.9472766e-06,-7.1011559e-06,-8.4612066e-07,360,-0.0016115664
200002,0.32143459,0,50,49.999973,50.000027,7.9472748e-06,-7.1011564e-06,-8.4611861e-07,0,-0.0016115664
200102,0.32164887,0,50,49.999973,50.000027,7.9472766e-06,-7.1011559e-06,-8.4612066e-07,360,-0.0016115664
200202,0.32186317,0,50,49.999973,50.000027,7.9472748e-06,-7.1011564e-06,-8.4611861e-07,0,-0.0016115664
200302,0.32207745,0,50,49.999973,50.000027,7.9472766e-06,-7.1011559e-06,-8.4612066e-07,360,-0.0016115664
200402,0.32229176,0,50,49.999973,50.000027,7.9472748e-06,-7.1011564e-06,-8.4611861e-07,0,-0.0016115664
200502,0.32250604,0,50,49.999973,50.000027,7.9472766e-06,-7.1011559e-06,-8.4612066e-07,360,-0.0016115664
200602,0.32272032,0,50,49.999973,50.000027,7.9472748e-06,-7.1011564e-06,-8.4611861e-07,0,-0.0016115664
200702,0.32293463,0,50,49.999973,50.000027,7.9472766e-06,-7.1011559e-06,-8.4612066e-07,360,-0.0016115664
200802,0.32314891,0,50,49.999973,50.000027,7.9472748e-06,-7.1011564e-06,-8.4611861e-07,0,-0.0016115664
200902,0.32336321,0,50,49.999973,50.000027,7.9472766e-06,-7.1011559e-06,-8.4612066e-07,360,-0.0016115664
201002,0.32357749,0,50,49.999973,50.000027,7.9472748e-06,-7.1011564e-06,-8.4611861e-07,0,-0.0016115664
201102,0.32379177,0,50,49.999973,50.000027,7.9472766e-06,-7.1011559e-06,-8.4612066e-07,360,-0.0016115664
201202,0.32400608,0,50,49.999973,50.000027,7.9472748e-06,-7.1011564e-06,-8.4611861e-07,0,-0.0016115664
201302,0.32422036,0,50,49.999973,50.000027,7.9472766e-06,-7.1011559e-06,-8.4612066e-07,360,-0.0016115664
201402,0.32443464,0,50,49.999973,50.000027,7.9472748e-06,-7.1011564e-06,-8.4611861e-07,0,-0.0016115664
201502,0.32464892,0,50,49.999973,50.000027,7.9472766e-06,-7.1011559e-06,-8.4612066e-07,360,-0.0016115664
201602,0.32486323,0,50,49.999973,50.000027,7.9472748e-06,-7.1011564e-06,-8.4611861e-07,0,-0.0016115664
201702,0.32507753,0,50,49.999973,50.000027,7.9472766e-06,-7.1011559e-06,-8.4612066e-07,360,-0.0016115664
201802,0.32529181,0,50,49.999973,50.000027,7.9472748e-06,-7.1011564e-06,-8.4611861e-07,0,-0.0016115664
201902,0.32550609,0,50,49.999973,50.000027,7.9472766e-06,-7.1011559e-06,-8.4612066e-07,360,-0.0016115664
202002,0.32572037,0,50,49.999973,50.000027,7.9472748e-06,-7.1011564e-06,-8.4611861e-07,0,-0.0016115664
202102,0.32593465,0,50,49.999973,50.000027,7.9472766e-06,-7.1011559e-06,-8.4612066e-07,360,-0.0016115664
202202,0.32614896,0,50,49.999973,50.000027,7.9472748e-06,-7.1011564e-06,-8.4611861e-07,0,-0.0016115664
202302,0.32636327,0,50,49.999973,50.000027,7.9472766e-06,-7.1011559e-06,-8.4612066e-07,360,-0.0016115664
202402,0.32657754,0,50,49.999973,50.000027,7.9472748e-06,-7.1011564e-06,-8.4611861e-07,0,-0.0016115664
202502,0.32679182,0,50,49.999973,50.000027,7.9472766e-06,-7.1011559e-06,-8.4612066e-07,360,-0.0016115664
202602,0.3270061,0,50,49.999973,50.000027,7.9472748e-06,-7.1011564e-06,-8.4611861e-07,0,-0.0016115664
202702,0.32722041,0,50,49.999973,50.000027,7.9472766e-06,-7.1011559e-06,-8.4612066e-07,360,-0.0016115664
202802,0.32743469,0,50,49.999973,50.000027,7.9472748e-06,-7.1011564e-06,-8.4611861e-07,0,-0.0016115664
202902,0.32764897,0,50,49.999973,50.000027,7.9472766e-06,-7.1011559e-06,-8.4612066e-07,360,-0.0016115664
203002,0.32786328,0,50,49.999973,50.000027,7.9472748e-06,-7.1011564e-06,-8.4611861e-07,0,-0.0016115664
203102,0.32807755,0,50,49.999973,50.000027,7.9472766e-06,-7.1011559e-06,-8.4612066e-07,360,-0.0016115664
203202,0.32829186,0,50,49.999973,50.000027,7.9472748e-06,-7.1011564e-06,-8.4611861e-07,0,-0.0016115664
203302,0.32850614,0,50,49.999973,50.000027,7.9472766e-06,-7.1011559e-06,-8.4612066e-07,360,-0.0016115664
203402,0.32872042,0,50,49.999973,50.000027,7.9472748e-06,-7.1011564e-06,-8.4611861e-07,0,-0.0016115664
203502,0.32893473,0,50,49.999973,50.000027,7.9472766e-06,-7.1011559e-06,-8.4612066e-07,360,-0.0016115664
203602,0.32914901,0,50,49.999973,50.000027,7.9472748e-06,-7.1011564e-06,-8.4611861e-07,0,-0.0016115664
203702,0.32936332,0,50,49.999973,50.000027,7.9472766e-06,-7.1011559e-06,-8.4612066e-07,360,-0.0016115664
203802,0.32957759,0,50,49.999973,50.000027,7.9472748e-06,-7.1011564e-06,-8.4611861e-07,0,-0.0016115664
203902,0.32979187,0,50,49.999973,50.000027,7.9472766e-06,-7.1011559e-06,-8.4612066e-07,360,-0.0016115664
204002,0.33000618,0,50,49.999973,50.000027,7.9472748e-06,-7.1011564e-06,-8.4611861e-07,0,-0.0016115664
204102,0.33022046,0,50,49.999973,50.000027,7.9472766e-06,-7.1011559e-06,-8.4612066e-07,360,-0.0016115664
204202,0.33043474,0,50,49.999973,50.000027,7.9472748e-06,-7.1011564e-06,-8.4611861e-07,0,-0.0016115664
204302,0.33064902,0,50,49.999973,50.000027,7.9472766e-06,-7.1011559e-06,-8.4612066e-07,360,-0.0016115664
204402,0.33086333,0,50,49.999973,50.000027,7.9472748e-06,-7.1011564e-06,-8.4611861e-07,0,-0.0016115664
204502,0.33107764,0,50,49.999973,50.000027,7.9472766e-06,-7.1011559e-06,-8.4612066e-07,360,-0.0016115664
204602,0.33129191,0,50,49.999973,50.000027,7.9472748e-06,-7.1011564e-06,-8.4611861e-07,0,-0.0016115664
204702,0.33150619,0,50,49.999973,50.000027,7.9472766e-06,-7.1011559e-06,-8.4612066e-07,360,-0.0016115664
204802,0.33172047,0,50,49.999973,50.000027,7.9472748e-06,-7.1011564e-06,-8.4611861e-07,0,-0.0016115664
204902,0.33193475,0,50,49.999973,50.000027,7.9472766e-06,-7.1011559e-06,-8.4612066e-07,360,-0.0016115664
205002,0.33214906,0,50,49.999973,50.000027,7.9472748e-06,-7.1011564e-06,-8.4611861e-07,0,-0.0016115664
205102,0.33236337,0,50,49.999973,50.000027,7.9472766e-06,-7.1011559e-06,-8.4612066e-07,360,-0.0016115664
205202,0.33257765,0,50,49.999973,50.000027,7.9472748e-06,-7.1011564e-06,-8.4611861e-07,0,-0.0016115664
205302,0.33279192,0,50,49.999973,50.000027,7.9472766e-06,-7.1011559e-06,-8.4612066e-07,360,-0.0016115664
205402,0.3330062,0,50,49.999973,50.000027,7.9472748e-06,-7.1011564e-06,-8.4611861e-07,0,-0.0016115664
205502,0.33322051,0,50,49.999973,50.000027,7.9472766e-06,-7.1011559e-06,-8.4612066e-07,360,-0.0016115664
205602,0.33343479,0,50,49.999973,50.000027,7.9472748e-06,-7.1011564e-06,-8.4611861e-07,0,-0.0016115664
205702,0.33364907,0,50,49.999973,50.000027,7.9472766e-06,-7.1011559e-06,-8.4612066e-07,360,-0.0016115664
205802,0.33386338,0,50,49.999973,50.000027,7.9472748e-06,-7.1011564e-06,-8.4611861e-07,0,-0.0016115664
205902,0.33407766,0,50,49.999973,50.000027,7.9472766e-06,-7.1011559e-06,-8.4612066e-07,360,-0.0016115664
206002,0.33429196,0,50,49.999973,50.000027,7.9472748e-06,-7.1011564e-06,-8.4611861e-07,0,-0.0016115664
206102,0.33450624,0,50,49.999973,50.000027,7.9472766e-06,-7.1011559e-06,-8.4612066e-07,360,-0.0016115664
206202,0.33472052,0,50,49.999973,50.000027,7.9472748e-06,-7.1011564e-06,-8.4611861e-07,0,-0.0016115664
206302,0.33493483,0,50,49.999973,50.000027,7.9472766e-06,-7.1011559e-06,-8.4612066e-07,360,-0.0016115664
206402,0.33514911,0,50,49.999973,50.000027,7.9472748e-06,-7.1011564e-06,-8.4611861e-07,0,-0.0016115664
206502,0.33536342,0,50,49.999973,50.000027,7.9472766e-06,-7.1011559e-06,-8.4612066e-07,360,-0.0016115664
206602,0.3355777,0,50,49.999973,50.000027,7.9472748e-06,-7.1011564e-06,-8.4611861e-07,0,-0.0016115664
206702,0.33579198,0,50,49.999973,50.000027,7.9472766e-06,-7.1011559e-06,-8.4612066e-07,360,-0.0016115664
206802,0.33600628,0,50,49.999973,50.000027,7.9472748e-06,-7.1011564e-06,-8.4611861e-07,0,-0.0016115664
206902,0.33622056,0,50,49.999973,50.000027,7.9472766e-06,-7.1011559e-06,-8.4612066e-07,360,-0.0016115664
207002,0.33643484,0,50,49.999973,50.000027,7.9472748e-06,-7.1011564e-06,-8.4611861e-07,0,-0.0016115664
207102,0.33664912,0,50,49.999973,50.000027,7.9472766e-06,-7.1011559e-06,-8.4612066e-07,360,-0.0016115664
207202,0.33686343,0,50,49.999973,50.000027,7.9472748e-06,-7.1011564e-06,-8.4611861e-07,0,-0.0016115664
207302,0.33707774,0,50,49.999973,50.000027,7.9472766e-06,-7.1011559e-06,-8.4612066e-07,360,-0.0016115664
207402,0.33729202,0,50,49.999973,50.000027,7.9472748e-06,-7.1011564e-06,-8.4611861e-07,0,-0.0016115664
207502,0.33750629,0,50,49.999973,50.000027,7.9472766e-06,-7.1011559e-06,-8.4612066e-07,360,-0.0016115664
207602,0.33772057,0,50,49.999973,50.000027,7.9472748e-06,-7.1011564e-06,-8.4611861e-07,0,-0.0016115664
207702,0.33793485,0,50,49.999973,50.000027,7.9472766e-06,-7.1011559e-06,-8.4612066e-07,360,-0.0016115664
207802,0.33814916,0,50,49.999973,50.000027,7.9472748e-06,-7.1011564e-06,-8.4611861e-07,0,-0.0016115664
207902,0.33836347,0,50,49.999973,50.000027,7.9472766e-06,-7.1011559e-06,-8.4612066e-07,360,-0.0016115664
208002,0.33857775,0,50,49.999973,50.000027,7.9472748e-06,-7.1011564e-06,-8.4611861e-07,0,-0.0016115664
208102,0.33879203,0,50,49.999973,50.000027,7.9472766e-06,-7.1011559e-06,-8.4612066e-07,360,-0.0016115664
208202,0.3390063,0,50,49.999973,50.000027,7.9472748e-06,-7.1011564e-06,-8.4611861e-07,0,-0.0016115664
208302,0.33922061,0,50,49.999973,50.000027,7.9472766e-06,-7.1011559e-06,-8.4612066e-07,360,-0.0016115664
208402,0.33943489,0,50,49.999973,50.000027,7.9472748e-06,-7.1011564e-06,-8.4611861e-07,0,-0.0016115664
208502,0.33964917,0,50,49.999973,50.000027,7.9472766e-06,-7.1011559e-06,-8.4612066e-07,360,-0.0016115664
208602,0.33986348,0,50,49.999973,50.000027,7.9472748e-06,-7.1011564e-06,-8.4611861e-07,0,-0.0016115664
208702,0.34007776,0,50,49.999973,50.000027,7.9472766e-06,-7.1011559e-06,-8.4612066e-07,360,-0.0016115664
208802,0.34029207,0,50,49.999973,50.000027,7.9472748e-06,-7.1011564e-06,-8.4611861e-07,0,-0.0016115664
208902,0.34050635,0,50,49.999973,50.000027,7.9472766e-06,-7.1011559e-06,-8.4612066e-07,360,-0.0016115664
209002,0.34072062,0,50,49.999973,50.000027,7.9472748e-06,-7.1011564e-06,-8.4611861e-07,0,-0.0016115664
209102,0.34093493,0,50,49.999973,50.000027,7.9472766e-06,-7.1011559e-06,-8.4612066e-07,360,-0.0016115664
209202,0.34114921,0,50,49.999973,50.000027,7.9472748e-06,-7.1011564e-06,-8.4611861e-07,0,-0.0016115664
209302,0.34136352,0,50,49.999973,50.000027,7.9472766e-06,-7.1011559e-06,-8.4612066e-07,360,-0.0016115664
209402,0.3415778,0,50,49.999973,50.000027,7.9472748e-06,-7.1011564e-06,-8.4611861e-07,0,-0.0016115664
209502,0.34179208,0,50,49.999973,50.000027,7.9472766e-06,-7.1011559e-06,-8.4612066e-07,360,-0.0016115664
209602,0.34200639,0,50,49.999973,50.000027,7.9472748e-06,-7.1011564e-06,-8.4611861e-07,0,-0.0016115664
209702,0.34222066,0,50,49.999973,50.000027,7.9472766e-06,-7.1011559e-06,-8.4612066e-07,360,-0.0016115664
209802,0.34243494,0,50,49.999973,50.000027,7.9472748e-06,-7.1011564e-06,-8.4611861e-07,0,-0.0016115664
209902,0.34264922,0,50,49.999973,50.000027,7.9472766e-06,-7.1011559e-06,-8.4612066e-07,360,-0.0016115664
210002,0.34286353,0,50,49.999973,50.000027,7.9472748e-06,-7.1011564e-06,-8.4611861e-07,0,-0.0016115664
210102,0.34307784,0,50,49.999973,50.000027,7.9472766e-06,-7.1011559e-06,-8.4612066e-07,360,-0.0016115664
210202,0.34329212,0,50,49.999973,50.000027,7.9472748e-06,-7.1011564e-06,-8.4611861e-07,0,-0.0016115664
210302,0.3435064,0,50,49.999973,50.000027,7.9472766e-06,-7.1011559e-06,-8.4612066e-07,360,-0.0016115664
210402,0.34372067,0,50,49.999973,50.000027,7.9472748e-06,-7.1011564e-06,-8.4611861e-07,0,-0.0016115664
210502,0.34393495,0,50,49.999973,50.000027,7.9472766e-06,-7.1011559e-06,-8.4612066e-07,360,-0.0016115664
210602,0.34414926,0,50,49.999973,50.000027,7.9472748e-06,-7.1011564e-06,-8.4611861e-07,0,-0.0016115664
210702,0.34436357,0,50,49.999973,50.000027,7.9472766e-06,-7.1011559e-06,-8.4612066e-07,360,-0.0016115664
210802,0.34457785,0,50,49.999973,50.000027,7.9472748e-06,-7.1011564e-06,-8.4611861e-07,0,-0.0016115664
210902,0.34479213,0,50,49.999973,50.000027,7.9472766e-06,-7.1011559e-06,-8.4612066e-07,360,-0.0016115664
211002,0.34500641,0,50,49.999973,50.000027,7.9472748e-06,-7.1011564e-06,-8.4611861e-07,0,-0.0016115664
211102,0.34522071,0,50,49.999973,50.000027,7.9472766e-06,-7.1011559e-06,-8.4612066e-07,360,-0.0016115664
211202,0.34543499,0,50,49.999973,50.000027,7.9472748e-06,-7.1011564e-06,-8.4611861e-07,0,-0.0016115664
211302,0.34564927,0,50,49.999973,50.000027,7.9472766e-06,-7.1011559e-06,-8.4612066e-07,360,-0.0016115664
211402,0.34586358,0,50,49.999973,50.000027,7.9472748e-06,-7.1011564e-06,-8.4611861e-07,0,-0.0016115664
211502,0.34607786,0,50,49.999973,50.000027,7.9472766e-06,-7.1011559e-06,-8.4612066e-07,360,-0.0016115664
211603,0.34629217,0,50,49.999973,50.000027,7.9472748e-06,-7.1011564e-06,-8.4611861e-07,0,-0.0016115664
211703,0.34650645,0,50,49.999973,50.000027,7.9472766e-06,-7.1011559e-06,-8.4612066e-07,360,-0.0016115664
211803,0.34672073,0,50,49.999973,50.000027,7.9472748e-06,-7.1011564e-06,-8.4611861e-07,0,-0.0016115664
211903,0.34693503,0,50,49.999973,50.000027,7.9472766e-06,-7.1011559e-06,-8.4612066e-07,360,-0.0016115664
212003,0.34714931,0,50,49.999973,50.000027,7.9472748e-06,-7.1011564e-06,-8.4611861e-07,0,-0.0016115664
212103,0.34736362,0,50,49.999973,50.000027,7.9472766e-06,-7.1011559e-06,-8.4612066e-07,360,-0.0016115664
212203,0.3475779,0,50,49.999973,50.000027,7.9472748e-06,-7.1011564e-06,-8.4611861e-07,0,-0.0016115664
212303,0.34779218,0,50,49.999973,50.000027,7.9472766e-06,-7.1011559e-06,-8.4612066e-07,360,-0.0016115664
212403,0.34800649,0,50,49.999973,50.000027,7.9472748e-06,-7.1011564e-06,-8.4611861e-07,0,-0.0016115664
212503,0.34822077,0,50,49.999973,50.000027,7.9472766e-06,-7.1011559e-06,-8.4612066e-07,360,-0.0016115664
212603,0.34843504,0,50,49.999973,50.000027,7.9472748e-06,-7.1011564e-06,-8.4611861e-07,0,-0.0016115664
212703,0.34864932,0,50,49.999973,50.000027,7.9472766e-06,-7.1011559e-06,-8.4612066e-07,360,-0.0016115664
212803,0.34886363,0,50,49.999973,50.000027,7.9472748e-06,-7.1011564e-06,-8.4611861e-07,0,-0.0016115664
212903,0.34907794,0,50,49.999973,50.000027,7.9472766e-06,-7.1011559e-06,-8.4612066e-07,360,-0.0016115664
213003,0.34929222,0,50,49.999973,50.000027,7.9472748e-06,-7.1011564e-06,-8.4611861e-07,0,-0.0016115664
213103,0.3495065,0,50,49.999973,50.000027,7.9472766e-06,-7.1011559e-06,-8.4612066e-07,360,-0.0016115664
213203,0.34972078,0,50,49.999973,50.000027,7.9472748e-06,-7.1011564e-06,-8.4611861e-07,0,-0.0016115664
213303,0.34993505,0,50,49.999973,50.000027,7.9472766e-06,-7.1011559e-06,-8.4612066e-07,360,-0.0016115664
213403,0.35014936,0,50,49.999973,50.000027,7.9472748e-06,-7.1011564e-06,-8.4611861e-07,0,-0.0016115664
213503,0.35036367,0,50,49.999973,50.000027,7.9472766e-06,-7.1011559e-06,-8.4612066e-07,360,-0.0016115664
213603,0.35057795,0,50,49.999973,50.000027,7.9472748e-06,-7.1011564e-06,-8.4611861e-07,0,-0.0016115664
213703,0.35079223,0,50,49.999973,50.000027,7.9472766e-06,-7.1011559e-06,-8.4612066e-07,360,-0.0016115664
213803,0.35100651,0,50,49.999973,50.000027,7.9472748e-06,-7.1011564e-06,-8.4611861e-07,0,-0.0016115664
213903,0.35122082,0,50,49.999973,50.000027,7.9472766e-06,-7.1011559e-06,-8.4612066e-07,360,-0.0016115664
214003,0.3514351,0,50,49.999973,50.000027,7.9472748e-06,-7.1011564e-06,-8.4611861e-07,0,-0.0016115664
214103,0.35164937,0,50,49.999973,50.000027,7.9472766e-06,-7.1011559e-06,-8.4612066e-07,360,-0.0016115664
214203,0.35186368,0,50,49.999973,50.000027,7.9472748e-06,-7.1011564e-06,-8.4611861e-07,0,-0.0016115664
214303,0.35207796,0,50,49.999973,50.000027,7.9472766e-06,-7.1011559e-06,-8.4612066e-07,360,-0.0016115664
214403,0.35229227,0,50,49.999973,50.000027,7.9472748e-06,-7.1011564e-06,-8.4611861e-07,0,-0.0016115664
214503,0.35250655,0,50,49.999973,50.000027,7.9472766e-06,-7.1011559e-06,-8.4612066e-07,360,-0.0016115664
214603,0.35272083,0,50,49.999973,50.000027,7.9472748e-06,-7.1011564e-06,-8.4611861e-07,0,-0.0016115664
214703,0.35293514,0,50,49.999973,50.000027,7.9472766e-06,-7.1011559e-06,-8.4612066e-07,360,-0.0016115664
214803,0.35314941,0,50,49.999973,50.000027,7.9472748e-06,-7.1011564e-06,-8.4611861e-07,0,-0.0016115664
214903,0.35336372,0,50,49.999973,50.000027,7.9472766e-06,-7.1011559e-06,-8.4612066e-07,360,-0.0016115664
215003,0.353578,0,50,49.999973,50.000027,7.9472748e-06,-7.1011564e-06,-8.4611861e-07,0,-0.0016115664
215103,0.35379228,0,50,49.999973,50.000027,7.9472766e-06,-7.1011559e-06,-8.4612066e-07,360,-0.0016115664
215203,0.35400659,0,50,49.999973,50.000027,7.9472748e-06,-7.1011564e-06,-8.4611861e-07,0,-0.0016115664
215303,0.35422087,0,50,49.999973,50.000027,7.9472766e-06,-7.1011559e-06,-8.4612066e-07,360,-0.0016115664
215403,0.35443515,0,50,49.999973,50.000027,7.9472748e-06,-7.1011564e-06,-8.4611861e-07,0,-0.0016115664
215503,0.35464942,0,50,49.999973,50.000027,7.9472766e-06,-7.1011559e-06,-8.4612066e-07,360,-0.0016115664
215603,0.35486373,0,50,49.999973,50.000027,7.9472748e-06,-7.1011564e-06,-8.4611861e-07,0,-0.0016115664
215703,0.35507804,0,50,49.999973,50.000027,7.9472766e-06,-7.1011559e-06,-8.4612066e-07,360,-0.0016115664
215803,0.35529232,0,50,49.999973,50.000027,7.9472748e-06,-7.1011564e-06,-8.4611861e-07,0,-0.0016115664
215903,0.3555066,0,50,49.999973,50.000027,7.9472766e-06,-7.1011559e-06,-8.4612066e-07,360,-0.0016115664
216003,0.35572088,0,50,49.999973,50.000027,7.9472748e-06,-7.1011564e-06,-8.4611861e-07,0,-0.0016115664
216103,0.35593516,0,50,49.999973,50.000027,7.9472766e-06,-7.1011559e-06,-8.4612066e-07,360,-0.0016115664
216203,0.35614946,0,50,49.999973,50.000027,7.9472748e-06,-7.1011564e-06,-8.4611861e-07,0,-0.0016115664
216303,0.35636377,0,50,49.999973,50.000027,7.9472766e-06,-7.1011559e-06,-8.4612066e-07,360,-0.0016115664
216403,0.35657805,0,50,49.999973,50.000027,7.9472748e-06,-7.1011564e-06,-8.4611861e-07,0,-0.0016115664
216503,0.35679233,0,50,49.999973,50.000027,7.9472766e-06,-7.1011559e-06,-8.4612066e-07,360,-0.0016115664
216603,0.35700661,0,50,49.999973,50.000027,7.9472748e-06,-7.1011564e-06,-8.4611861e-07,0,-0.0016115664
216703,0.35722092,0,50,49.999973,50.000027,7.9472766e-06,-7.1011559e-06,-8.4612066e-07,360,-0.0016115664
216803,0.3574352,0,50,49.999973,50.000027,7.9472748e-06,-7.1011564e-06,-8.4611861e-07,0,-0.0016115664
216903,0.35764948,0,50,49.999973,50.000027,7.9472766e-06,-7.1011559e-06,-8.4612066e-07,360,-0.0016115664
217003,0.35786378,0,50,49.999973,50.000027,7.9472748e-06,-7.1011564e-06,-8.4611861e-07,0,-0.0016115664
217103,0.35807806,0,50,49.999973,50.000027,7.9472766e-06,-7.1011559e-06,-8.4612066e-07,360,-0.0016115664
217203,0.35829237,0,50,49.999973,50.000027,7.9472748e-06,-7.1011564e-06,-8.4611861e-07,0,-0.0016115664
217303,0.35850665,0,50,49.999973,50.000027,7.9472766e-06,-7.1011559e-06,-8.4612066e-07,360,-0.0016115664
217403,0.35872093,0,50,49.999973,50.000027,7.9472748e-06,-7.1011564e-06,-8.4611861e-07,0,-0.0016115664
217503,0.35893524,0,50,49.999973,50.000027,7.9472766e-06,-7.1011559e-06,-8.4612066e-07,360,-0.0016115664
217603,0.35914952,0,50,49.999973,50.000027,7.9472748e-06,-7.1011564e-06,-8.4611861e-07,0,-0.0016115664
217703,0.35936382,0,50,49.999973,50.000027,7.9472766e-06,-7.1011559e-06,-8.4612066e-07,360,-0.0016115664
217803,0.3595781,0,50,49.999973,50.000027,7.9472748e-06,-7.1011564e-06,-8.4611861e-07,0,-0.0016115664
217903,0.35979238,0,50,49.999973,50.000027,7.9472766e-06,-7.1011559e-06,-8.4612066e-07,360,-0.0016115664
218003,0.36000669,0,50,49.999973,50.000027,7.9472748e-06,-7.1011564e-06,-8.4611861e-07,0,-0.0016115664
218103,0.36022097,0,50,49.999973,50.000027,7.9472766e-06,-7.1011559e-06,-8.4612066e-07,360,-0.0016115664
218203,0.36043525,0,50,49.999973,50.000027,7.9472748e-06,-7.1011564e-06,-8.4611861e-07,0,-0.0016115664
218303,0.36064953,0,50,49.999973,50.000027,7.9472766e-06,-7.1011559e-06,-8.4612066e-07,360,-0.0016115664
218403,0.36086383,0,50,49.999973,50.000027,7.9472748e-06,-7.1011564e-06,-8.4611861e-07,0,-0.0016115664
218503,0.36107814,0,50,49.999973,50.000027,7.9472766e-06,-7.1011559e-06,-8.4612066e-07,360,-0.0016115664
218603,0.36129242,0,50,49.999973,50.000027,7.9472748e-06,-7.1011564e-06,-8.4611861e-07,0,-0.0016115664
218703,0.3615067,0,50,49.999973,50.000027,7.9472766e-06,-7.1011559e-06,-8.4612066e-07,360,-0.0016115664
218803,0.36172098,0,50,49.999973,50.000027,7.9472748e-06,-7.1011564e-06,-8.4611861e-07,0,-0.0016115664
218903,0.36193526,0,50,49.999973,50.000027,7.9472766e-06,-7.1011559e-06,-8.4612066e-07,360,-0.0016115664
219003,0.36214957,0,50,49.999973,50.000027,7.9472748e-06,-7.1011564e-06,-8.4611861e-07,0,-0.0016115664
219103,0.36236387,0,50,49.999973,50.000027,7.9472766e-06,-7.1011559e-06,-8.4612066e-07,360,-0.0016115664
219203,0.36257815,0,50,49.999973,50.000027,7.9472748e-06,-7.1011564e-06,-8.4611861e-07,0,-0.0016115664
219303,0.36279243,0,50,49.999973,50.000027,7.9472766e-06,-7.1011559e-06,-8.4612066e-07,360,-0.0016115664
219403,0.36300671,0,50,49.999973,50.000027,7.9472748e-06,-7.1011564e-06,-8.4611861e-07,0,-0.0016115664
219503,0.36322102,0,50,49.999973,50.000027,7.9472766e-06,-7.1011559e-06,-8.4612066e-07,360,-0.0016115664
219603,0.3634353,0,50,49.999973,50.000027,7.9472748e-06,-7.1011564e-06,-8.4611861e-07,0,-0.0016115664
219703,0.36364958,0,50,49.999973,50.000027,7.9472766e-06,-7.1011559e-06,-8.4612066e-07,360,-0.0016115664
219803,0.36386389,0,50,49.999973,50.000027,7.9472748e-06,-7.1011564e-06,-8.4611861e-07,0,-0.0016115664
219903,0.36407816,0,50,49.999973,50.000027,7.9472766e-06,-7.1011559e-06,-8.4612066e-07,360,-0.0016115664
220003,0.36429247,0,50,49.999973,50.000027,7.9472748e-06,-7.1011564e-06,-8.4611861e-07,0,-0.0016115664
220103,0.36450675,0,50,49.999973,50.000027,7.9472766e-06,-7.1011559e-06,-8.4612066e-07,360,-0.0016115664
220203,0.36472103,0,50,49.999973,50.000027,7.9472748e-06,-7.1011564e-06,-8.4611861e-07,0,-0.0016115664
220303,0.36493534,0,50,49.999973,50.000027,7.9472766e-06,-7.1011559e-06,-8.4612066e-07,360,-0.0016115664
220403,0.36514962,0,50,49.999973,50.000027,7.9472748e-06,-7.1011564e-06,-8.4611861e-07,0,-0.0016115664
220503,0.36536393,0,50,49.999973,50.000027,7.9472766e-06,-7.1011559e-06,-8.4612066e-07,360,-0.0016115664
220603,0.3655782,0,50,49.999973,50.000027,7.9472748e-06,-7.1011564e-06,-8.4611861e-07,0,-0.0016115664
220703,0.36579248,0,50,49.999973,50.000027,7.9472766e-06,-7.1011559e-06,-8.4612066e-07,360,-0.0016115664
220803,0.36600679,0,50,49.999973,50.000027,7.9472748e-06,-7.1011564e-06,-8.4611861e-07,0,-0.0016115664
220903,0.36622107,0,50,49.999973,50.000027,7.9472766e-06,-7.1011559e-06,-8.4612066e-07,360,-0.0016115664
221003,0.36643535,0,50,49.999973,50.000027,7.9472748e-06,-7.1011564e-06,-8.4611861e-07,0,-0.0016115664
221103,0.36664963,0,50,49.999973,50.000027,7.9472766e-06,-7.1011559e-06,-8.4612066e-07,360,-0.0016115664
221203,0.36686394,0,50,49.999973,50.000027,7.9472748e-06,-7.1011564e-06,-8.4611861e-07,0,-0.0016115664
221303,0.36707824,0,50,49.999973,50.000027,7.9472766e-06,-7.1011559e-06,-8.4612066e-07,360,-0.0016115664
221403,0.36729252,0,50,49.999973,50.000027,7.9472748e-06,-7.1011564e-06,-8.4611861e-07,0,-0.0016115664
221503,0.3675068,0,50,49.999973,50.000027,7.9472766e-06,-7.1011559e-06,-8.4612066e-07,360,-0.0016115664
221603,0.36772108,0,50,49.999973,50.000027,7.9472748e-06,-7.1011564e-06,-8.4611861e-07,0,-0.0016115664
221703,0.36793536,0,50,49.999973,50.000027,7.9472766e-06,-7.1011559e-06,-8.4612066e-07,360,-0.0016115664
221803,0.36814967,0,50,49.999973,50.000027,7.9472748e-06,-7.1011564e-06,-8.4611861e-07,0,-0.0016115664
221903,0.36836398,0,50,49.999973,50.000027,7.9472766e-06,-7.1011559e-06,-8.4612066e-07,360,-0.0016115664
222003,0.36857826,0,50,49.999973,50.000027,7.9472748e-06,-7.1011564e-06,-8.4611861e-07,0,-0.0016115664
222103,0.36879253,0,50,49.999973,50.000027,7.9472766e-06,-7.1011559e-06,-8.4612066e-07,360,-0.0016115664
222203,0.36900681,0,50,49.999973,50.000027,7.9472748e-06,-7.1011564e-06,-8.4611861e-07,0,-0.0016115664
222303,0.36922112,0,50,49.999973,50.000027,7.9472766e-06,-7.1011559e-06,-8.4612066e-07,360,-0.0016115664
222403,0.3694354,0,50,49.999973,50.000027,7.9472748e-06,-7.1011564e-06,-8.4611861e-07,0,-0.0016115664
222503,0.36964968,0,50,49.999973,50.000027,7.9472766e-06,-7.1011559e-06,-8.4612066e-07,360,-0.0016115664
222603,0.36986399,0,50,49.999973,50.000027,7.9472748e-06,-7.1011564e-06,-8.4611861e-07,0,-0.0016115664
222703,0.37007827,0,50,49.999973,50.000027,7.9472766e-06,-7.1011559e-06,-8.4612066e-07,360,-0.0016115664
222803,0.37029257,0,50,49.999973,50.000027,7.9472748e-06,-7.1011564e-06,-8.4611861e-07,0,-0.0016115664
222903,0.37050685,0,50,49.999973,50.000027,7.9472766e-06,-7.1011559e-06,-8.4612066e-07,360,-0.0016115664
223003,0.37072113,0,50,49.999973,50.000027,7.9472748e-06,-7.1011564e-06,-8.4611861e-07,0,-0.0016115664
223103,0.37093544,0,50,49.999973,50.000027,7.9472766e-06,-7.1011559e-06,-8.4612066e-07,360,-0.0016115664
223203,0.37114972,0,50,49.999973,50.000027,7.9472748e-06,-7.1011564e-06,-8.4611861e-07,0,-0.0016115664
223303,0.37136403,0,50,49.999973,50.000027,7.9472766e-06,-7.1011559e-06,-8.4612066e-07,360,-0.0016115664
223403,0.37157831,0,50,49.999973,50.000027,7.9472748e-06,-7.1011564e-06,-8.4611861e-07,0,-0.0016115664
223503,0.37179258,0,50,49.999973,50.000027,7.9472766e-06,-7.1011559e-06,-8.4612066e-07,360,-0.0016115664
223603,0.37200689,0,50,49.999973,50.000027,7.9472748e-06,-7.1011564e-06,-8.4611861e-07,0,-0.0016115664
223703,0.37222117,0,50,49.999973,50.000027,7.9472766e-06,-7.1011559e-06,-8.4612066e-07,360,-0.0016115664
223803,0.37243545,0,50,49.999973,50.000027,7.9472748e-06,-7.1011564e-06,-8.4611861e-07,0,-0.0016115664
223903,0.37264973,0,50,49.999973,50.000027,7.9472766e-06,-7.1011559e-06,-8.4612066e-07,360,-0.0016115664
224003,0.37286404,0,50,49.999973,50.000027,7.9472748e-06,-7.1011564e-06,-8.4611861e-07,0,-0.0016115664
224103,0.37307835,0,50,49.999973,50.000027,7.9472766e-06,-7.1011559e-06,-8.4612066e-07,360,-0.0016115664
224203,0.37329262,0,50,49.999973,50.000027,7.9472748e-06,-7.1011564e-06,-8.4611861e-07,0,-0.0016115664
224303,0.3735069,0,50,49.999973,50.000027,7.9472766e-06,-7.1011559e-06,-8.4612066e-07,360,-0.0016115664
224403,0.37372118,0,50,49.999973,50.000027,7.9472748e-06,-7.1011564e-06,-8.4611861e-07,0,-0.0016115664
224503,0.37393546,0,50,49.999973,50.000027,7.9472766e-06,-7.1011559e-06,-8.4612066e-07,360,-0.0016115664
224603,0.37414977,0,50,49.999973,50.000027,7.9472748e-06,-7.1011564e-06,-8.4611861e-07,0,-0.0016115664
224703,0.37436408,0,50,49.999973,50.000027,7.9472766e-06,-7.1011559e-06,-8.4612066e-07,360,-0.0016115664
224803,0.37457836,0,50,49.999973,50.000027,7.9472748e-06,-7.1011564e-06,-8.4611861e-07,0,-0.0016115664
224903,0.37479264,0,50,49.999973,50.000027,7.9472766e-06,-7.1011559e-06,-8.4612066e-07,360,-0.0016115664
225003,0.37500691,0,50,49.999973,50.000027,7.9472748e-06,-7.1011564e-06,-8.4611861e-07,0,-0.0016115664
225103,0.37522125,0,50,49.999973,50.000027,7.9472766e-06,-7.1011559e-06,-8.4612066e-07,360,-0.0016115664
225203,0.3754355,0,50,49.999973,50.000027,7.9472748e-06,-7.1011564e-06,-8.4611861e-07,0,-0.0016115664
225303,0.37564981,0,50,49.999973,50.000027,7.9472766e-06,-7.1011559e-06,-8.4612066e-07,360,-0.0016115664
225403,0.37586409,0,50,49.999973,50.000027,7.9472748e-06,-7.1011564e-06,-8.4611861e-07,0,-0.0016115664
225503,0.37607837,0,50,49.999973,50.000027,7.9472766e-06,-7.1011559e-06,-8.4612066e-07,360,-0.0016115664
225603,0.37629265,0,50,49.999973,50.000027,7.9472748e-06,-7.1011564e-06,-8.4611861e-07,0,-0.0016115664
225703,0.37650695,0,50,49.999973,50.000027,7.9472766e-06,-7.1011559e-06,-8.4612066e-07,360,-0.0016115664
225803,0.37672126,0,50,49.999973,50.000027,7.9472748e-06,-7.1011564e-06,-8.4611861e-07,0,-0.0016115664
225903,0.37693554,0,50,49.999973,50.000027,7.9472766e-06,-7.1011559e-06,-8.4612066e-07,360,-0.0016115664
226003,0.37714982,0,50,49.999973,50.000027,7.9472748e-06,-7.1011564e-06,-8.4611861e-07,0,-0.0016115664
226103,0.3773641,0,50,49.999973,50.000027,7.9472766e-06,-7.1011559e-06,-8.4612066e-07,360,-0.0016115664
226203,0.37757841,0,50,49.999973,50.000027,7.9472748e-06,-7.1011564e-06,-8.4611861e-07,0,-0.0016115664
226303,0.37779266,0,50,49.999973,50.000027,7.9472766e-06,-7.1011559e-06,-8.4612066e-07,360,-0.0016115664
226403,0.37800699,0,50,49.999973,50.000027,7.9472748e-06,-7.1011564e-06,-8.4611861e-07,0,-0.0016115664
226503,0.37822127,0,50,49.999973,50.000027,7.9472766e-06,-7.1011559e-06,-8.4612066e-07,360,-0.0016115664
226603,0.37843555,0,50,49.999973,50.000027,7.9472748e-06,-7.1011564e-06,-8.4611861e-07,0,-0.0016115664
226703,0.37864986,0,50,49.999973,50.000027,7.9472766e-06,-7.1011559e-06,-8.4612066e-07,360,-0.0016115664
226803,0.37886411,0,50,49.999973,50.000027,7.9472748e-06,-7.1011564e-06,-8.4611861e-07,0,-0.0016115664
226903,0.37907845,0,50,49.999973,50.000027,7.9472766e-06,-7.1011559e-06,-8.4612066e-07,360,-0.0016115664
227003,0.3792927,0,50,49.999973,50.000027,7.9472748e-06,-7.1011564e-06,-8.4611861e-07,0,-0.0016115664
227103,0.37950701,0,50,49.999973,50.000027,7.9472766e-06,-7.1011559e-06,-8.4612066e-07,360,-0.0016115664
227203,0.37972131,0,50,49.999973,50.000027,7.9472748e-06,-7.1011564e-06,-8.4611861e-07,0,-0.0016115664
227303,0.37993556,0,50,49.999973,50.000027,7.9472766e-06,-7.1011559e-06,-8.4612066e-07,360,-0.0016115664
227403,0.3801499,0,50,49.999973,50.000027,7.9472748e-06,-7.1011564e-06,-8.4611861e-07,0,-0.0016115664
227503,0.38036415,0,50,49.999973,50.000027,7.9472766e-06,-7.1011559e-06,-8.4612066e-07,360,-0.0016115664
227603,0.38057846,0,50,49.999973,50.000027,7.9472748e-06,-7.1011564e-06,-8.4611861e-07,0,-0.0016115664
227703,0.38079274,0,50,49.999973,50.000027,7.9472766e-06,-7.1011559e-06,-8.4612066e-07,360,-0.0016115664
227803,0.38100702,0,50,49.999973,50.000027,7.9472748e-06,-7.1011564e-06,-8.4611861e-07,0,-0.0016115664
227903,0.38122135,0,50,49.999973,50.000027,7.9472766e-06,-7.1011559e-06,-8.4612066e-07,360,-0.0016115664
228003,0.3814356,0,50,49.999973,50.000027,7.9472748e-06,-7.1011564e-06,-8.4611861e-07,0,-0.0016115664
228103,0.38164991,0,50,49.999973,50.000027,7.9472766e-06,-7.1011559e-06,-8.4612066e-07,360,-0.0016115664
228203,0.38186419,0,50,49.999973,50.000027,7.9472748e-06,-7.1011564e-06,-8.4611861e-07,0,-0.0016115664
228303,0.38207847,0,50,49.999973,50.000027,7.9472766e-06,-7.1011559e-06,-8.4612066e-07,360,-0.0016115664
228403,0.38229275,0,50,49.999973,50.000027,7.9472748e-06,-7.1011564e-06,-8.4611861e-07,0,-0.0016115664
228503,0.38250706,0,50,49.999973,50.000027,7.9472766e-06,-7.1011559e-06,-8.4612066e-07,360,-0.0016115664
228603,0.38272136,0,50,49.999973,50.000027,7.9472748e-06,-7.1011564e-06,-8.4611861e-07,0,-0.0016115664
228703,0.38293564,0,50,49.999973,50.000027,7.9472766e-06,-7.1011559e-06,-8.4612066e-07,360,-0.0016115664
228803,0.38314992,0,50,49.999973,50.000027,7.9472748e-06,-7.1011564e-06,-8.4611861e-07,0,-0.0016115664
228903,0.3833642,0,50,49.999973,50.000027,7.9472766e-06,-7.1011559e-06,-8.4612066e-07,360,-0.0016115664
229003,0.38357851,0,50,49.999973,50.000027,7.9472748e-06,-7.1011564e-06,-8.4611861e-07,0,-0.0016115664
229103,0.38379276,0,50,49.999973,50.000027,7.9472766e-06,-7.1011559e-06,-8.4612066e-07,360,-0.0016115664
229203,0.3840071,0,50,49.999973,50.000027,7.9472748e-06,-7.1011564e-06,-8.4611861e-07,0,-0.0016115664
229303,0.38422137,0,50,49.999973,50.000027,7.9472766e-06,-7.1011559e-06,-8.4612066e-07,360,-0.0016115664
229403,0.38443565,0,50,49.999973,50.000027,7.9472748e-06,-7.1011564e-06,-8.4611861e-07,0,-0.0016115664
229503,0.38464996,0,50,49.999973,50.000027,7.9472766e-06,-7.1011559e-06,-8.4612066e-07,360,-0.0016115664
229603,0.38486421,0,50,49.999973,50.000027,7.9472748e-06,-7.1011564e-06,-8.4611861e-07,0,-0.0016115664
229703,0.38507855,0,50,49.999973,50.000027,7.9472766e-06,-7.1011559e-06,-8.4612066e-07,360,-0.0016115664
229803,0.3852928,0,50,49.999973,50.000027,7.9472748e-06,-7.1011564e-06,-8.4611861e-07,0,-0.0016115664
229903,0.38550711,0,50,49.999973,50.000027,7.9472766e-06,-7.1011559e-06,-8.4612066e-07,360,-0.0016115664
230003,0.38572142,0,50,49.999973,50.000027,7.9472748e-06,-7.1011564e-06,-8.4611861e-07,0,-0.0016115664
230103,0.38593566,0,50,49.999973,50.000027,7.9472766e-06,-7.1011559e-06,-8.4612066e-07,360,-0.0016115664
230203,0.38615,0,50,49.999973,50.000027,7.9472748e-06,-7.1011564e-06,-8.4611861e-07,0,-0.0016115664
230303,0.38636425,0,50,49.999973,50.000027,7.9472766e-06,-7.1011559e-06,-8.4612066e-07,360,-0.0016115664
230403,0.38657856,0,50,49.999973,50.000027,7.9472748e-06,-7.1011564e-06,-8.4611861e-07,0,-0.0016115664
230503,0.38679284,0,50,49.999973,50.000027,7.9472766e-06,-7.1011559e-06,-8.4612066e-07,360,-0.0016115664
230603,0.38700712,0,50,49.999973,50.000027,7.9472748e-06,-7.1011564e-06,-8.4611861e-07,0,-0.0016115664
230703,0.38722146,0,50,49.999973,50.000027,7.9472766e-06,-7.1011559e-06,-8.4612066e-07,360,-0.0016115664
230803,0.3874357,0,50,49.999973,50.000027,7.9472748e-06,-7.1011564e-06,-8.4611861e-07,0,-0.0016115664
230903,0.38765001,0,50,49.999973,50.000027,7.9472766e-06,-7.1011559e-06,-8.4612066e-07,360,-0.0016115664
231003,0.38786429,0,50,49.999973,50.000027,7.9472748e-06,-7.1011564e-06,-8.4611861e-07,0,-0.0016115664
231103,0.38807857,0,50,49.999973,50.000027,7.9472766e-06,-7.1011559e-06,-8.4612066e-07,360,-0.0016115664
231203,0.38829285,0,50,49.999973,50.000027,7.9472748e-06,-7.1011564e-06,-8.4611861e-07,0,-0.0016115664
231303,0.38850716,0,50,49.999973,50.000027,7.9472766e-06,-7.1011559e-06,-8.4612066e-07,360,-0.0016115664
231403,0.38872147,0,50,49.999973,50.000027,7.9472748e-06,-7.1011564e-06,-8.4611861e-07,0,-0.0016115664
231503,0.38893574,0,50,49.999973,50.000027,7.9472766e-06,-7.1011559e-06,-8.4612066e-07,360,-0.0016115664
231603,0.38915002,0,50,49.999973,50.000027,7.9472748e-06,-7.1011564e-06,-8.4611861e-07,0,-0.0016115664
231703,0.3893643,0,50,49.999973,50.000027,7.9472766e-06,-7.1011559e-06,-8.4612066e-07,360,-0.0016115664
231803,0.38957861,0,50,49.999973,50.000027,7.9472748e-06,-7.1011564e-06,-8.4611861e-07,0,-0.0016115664
231903,0.38979286,0,50,49.999973,50.000027,7.9472766e-06,-7.1011559e-06,-8.4612066e-07,360,-0.0016115664
232003,0.3900072,0,50,49.999973,50.000027,7.9472748e-06,-7.1011564e-06,-8.4611861e-07,0,-0.0016115664
232103,0.39022148,0,50,49.999973,50.000027,7.9472766e-06,-7.1011559e-06,-8.4612066e-07,360,-0.0016115664
232203,0.39043576,0,50,49.999973,50.000027,7.9472748e-06,-7.1011564e-06,-8.4611861e-07,0,-0.0016115664
232303,0.39065006,0,50,49.999973,50.000027,7.9472766e-06,-7.1011559e-06,-8.4612066e-07,360,-0.0016115664
232403,0.39086431,0,50,49.999973,50.000027,7.9472748e-06,-7.1011564e-06,-8.4611861e-07,0,-0.0016115664
232503,0.39107865,0,50,49.999973,50.000027,7.9472766e-06,-7.1011559e-06,-8.4612066e-07,360,-0.0016115664
232603,0.3912929,0,50,49.999973,50.000027,7.9472748e-06,-7.1011564e-06,-8.4611861e-07,0,-0.0016115664
232703,0.39150721,0,50,49.999973,50.000027,7.9472766e-06,-7.1011559e-06,-8.4612066e-07,360,-0.0016115664
232803,0.39172152,0,50,49.999973,50.000027,7.9472748e-06,-7.1011564e-06,-8.4611861e-07,0,-0.0016115664
232903,0.39193577,0,50,49.999973,50.000027,7.9472766e-06,-7.1011559e-06,-8.4612066e-07,360,-0.0016115664
233003,0.3921501,0,50,49.999973,50.000027,7.9472748e-06,-7.1011564e-06,-8.4611861e-07,0,-0.0016115664
233103,0.39236435,0,50,49.999973,50.000027,7.9472766e-06,-7.1011559e-06,-8.4612066e-07,360,-0.0016115664
233203,0.39257866,0,50,49.999973,50.000027,7.9472748e-06,-7.1011564e-06,-8.4611861e-07,0,-0.0016115664
233303,0.39279294,0,50,49.999973,50.000027,7.9472766e-06,-7.1011559e-06,-8.4612066e-07,360,-0.0016115664
233403,0.39300722,0,50,49.999973,50.000027,7.9472748e-06,-7.1011564e-06,-8.4611861e-07,0,-0.0016115664
233503,0.39322156,0,50,49.999973,50.000027,7.9472766e-06,-7.1011559e-06,-8.4612066e-07,360,-0.0016115664
233603,0.39343581,0,50,49.999973,50.000027,7.9472748e-06,-7.1011564e-06,-8.4611861e-07,0,-0.0016115664
233703,0.39365011,0,50,49.999973,50.000027,7.9472766e-06,-7.1011559e-06,-8.4612066e-07,360,-0.0016115664
233803,0.39386439,0,50,49.999973,50.000027,7.9472748e-06,-7.1011564e-06,-8.4611861e-07,0,-0.0016115664
233903,0.39407867,0,50,49.999973,50.000027,7.9472766e-06,-7.1011559e-06,-8.4612066e-07,360,-0.0016115664
234003,0.39429295,0,50,49.999973,50.000027,7.9472748e-06,-7.1011564e-06,-8.4611861e-07,0,-0.0016115664
234103,0.39450726,0,50,49.999973,50.000027,7.9472766e-06,-7.1011559e-06,-8.4612066e-07,360,-0.0016115664
234203,0.39472157,0,50,49.999973,50.000027,7.9472748e-06,-7.1011564e-06,-8.4611861e-07,0,-0.0016115664
234303,0.39493585,0,50,49.999973,50.000027,7.9472766e-06,-7.1011559e-06,-8.4612066e-07,360,-0.0016115664
234403,0.39515013,0,50,49.999973,50.000027,7.9472748e-06,-7.1011564e-06,-8.4611861e-07,0,-0.0016115664
234503,0.3953644,0,50,49.999973,50.000027,7.9472766e-06,-7.1011559e-06,-8.4612066e-07,360,-0.0016115664
234603,0.39557871,0,50,49.999973,50.000027,7.9472748e-06,-7.1011564e-06,-8.4611861e-07,0,-0.0016115664
234703,0.39579296,0,50,49.999973,50.000027,7.9472766e-06,-7.1011559e-06,-8.4612066e-07,360,-0.0016115664
234803,0.3960073,0,50,49.999973,50.000027,7.9472748e-06,-7.1011564e-06,-8.4611861e-07,0,-0.0016115664
234903,0.39622158,0,50,49.999973,50.000027,7.9472766e-06,-7.1011559e-06,-8.4612066e-07,360,-0.0016115664
235003,0.39643586,0,50,49.999973,50.000027,7.9472748e-06,-7.1011564e-06,-8.4611861e-07,0,-0.0016115664
235103,0.39665017,0,50,49.999973,50.000027,7.9472766e-06,-7.1011559e-06,-8.4612066e-07,360,-0.0016115664
235203,0.39686441,0,50,49.999973,50.000027,7.9472748e-06,-7.1011564e-06,-8.4611861e-07,0,-0.0016115664
235303,0.39707875,0,50,49.999973,50.000027,7.9472766e-06,-7.1011559e-06,-8.4612066e-07,360,-0.0016115664
235403,0.397293,0,50,49.999973,50.000027,7.9472748e-06,-7.1011564e-06,-8.4611861e-07,0,-0.0016115664
235503,0.39750731,0,50,49.999973,50.000027,7.9472766e-06,-7.1011559e-06,-8.4612066e-07,360,-0.0016115664
235603,0.39772162,0,50,49.999973,50.000027,7.9472748e-06,-7.1011564e-06,-8.4611861e-07,0,-0.0016115664
235703,0.39793587,0,50,49.999973,50.000027,7.9472766e-06,-7.1011559e-06,-8.4612066e-07,360,-0.0016115664
235803,0.39815021,0,50,49.999973,50.000027,7.9472748e-06,-7.1011564e-06,-8.4611861e-07,0,-0.0016115664
235903,0.39836445,0,50,49.999973,50.000027,7.9472766e-06,-7.1011559e-06,-8.4612066e-07,360,-0.0016115664
236003,0.39857876,0,50,49.999973,50.000027,7.9472748e-06,-7.1011564e-06,-8.4611861e-07,0,-0.0016115664
236103,0.39879304,0,50,49.999973,50.000027,7.9472766e-06,-7.1011559e-06,-8.4612066e-07,360,-0.0016115664
236203,0.39900732,0,50,49.999973,50.000027,7.9472748e-06,-7.1011564e-06,-8.4611861e-07,0,-0.0016115664
236303,0.39922166,0,50,49.999973,50.000027,7.9472766e-06,-7.1011559e-06,-8.4612066e-07,360,-0.0016115664
236403,0.39943591,0,50,49.999973,50.000027,7.9472748e-06,-7.1011564e-06,-8.4611861e-07,0,-0.0016115664
236503,0.39965022,0,50,49.999973,50.000027,7.9472766e-06,-7.1011559e-06,-8.4612066e-07,360,-0.0016115664
236603,0.39986449,0,50,49.999973,50.000027,7.9472748e-06,-7.1011564e-06,-8.4611861e-07,0,-0.0016115664
236703,0.40007877,0,50,49.999973,50.000027,7.9472766e-06,-7.1011559e-06,-8.4612066e-07,360,-0.0016115664
236803,0.40029305,0,50,49.999973,50.000027,7.9472748e-06,-7.1011564e-06,-8.4611861e-07,0,-0.0016115664
236903,0.40050736,0,50,49.999973,50.000027,7.9472766e-06,-7.1011559e-06,-8.4612066e-07,360,-0.0016115664
237003,0.40072167,0,50,49.999973,50.000027,7.9472748e-06,-7.1011564e-06,-8.4611861e-07,0,-0.0016115664
237103,0.40093595,0,50,49.999973,50.000027,7.9472766e-06,-7.1011559e-06,-8.4612066e-07,360,-0.0016115664
237203,0.40115023,0,50,49.999973,50.000027,7.9472748e-06,-7.1011564e-06,-8.4611861e-07,0,-0.0016115664
237303,0.40136451,0,50,49.999973,50.000027,7.9472766e-06,-7.1011559e-06,-8.4612066e-07,360,-0.0016115664
237403,0.40157881,0,50,49.999973,50.000027,7.9472748e-06,-7.1011564e-06,-8.4611861e-07,0,-0.0016115664
237503,0.40179306,0,50,49.999973,50.000027,7.9472766e-06,-7.1011559e-06,-8.4612066e-07,360,-0.0016115664
237603,0.4020074,0,50,49.999973,50.000027,7.9472748e-06,-7.1011564e-06,-8.4611861e-07,0,-0.0016115664
237703,0.40222168,0,50,49.999973,50.000027,7.9472766e-06,-7.1011559e-06,-8.4612066e-07,360,-0.0016115664
237803,0.40243596,0,50,49.999973,50.000027,7.9472748e-06,-7.1011564e-06,-8.4611861e-07,0,-0.0016115664
237903,0.40265027,0,50,49.999973,50.000027,7.9472766e-06,-7.1011559e-06,-8.4612066e-07,360,-0.0016115664
238003,0.40286452,0,50,49.999973,50.000027,7.9472748e-06,-7.1011564e-06,-8.4611861e-07,0,-0.0016115664
238103,0.40307885,0,50,49.999973,50.000027,7.9472766e-06,-7.1011559e-06,-8.4612066e-07,360,-0.0016115664
238203,0.4032931,0,50,49.999973,50.000027,7.9472748e-06,-7.1011564e-06,-8.4611861e-07,0,-0.0016115664
238303,0.40350741,0,50,49.999973,50.000027,7.9472766e-06,-7.1011559e-06,-8.4612066e-07,360,-0.0016115664
238403,0.40372172,0,50,49.999973,50.000027,7.9472748e-06,-7.1011564e-06,-8.4611861e-07,0,-0.0016115664
238503,0.40393597,0,50,49.999973,50.000027,7.9472766e-06,-7.1011559e-06,-8.4612066e-07,360,-0.0016115664
238603,0.40415031,0,50,49.999973,50.000027,7.9472748e-06,-7.1011564e-06,-8.4611861e-07,0,-0.0016115664
238703,0.40436456,0,50,49.999973,50.000027,7.9472766e-06,-7.1011559e-06,-8.4612066e-07,360,-0.0016115664
238803,0.40457886,0,50,49.999973,50.000027,7.9472748e-06,-7.1011564e-06,-8.4611861e-07,0,-0.0016115664
238903,0.40479314,0,50,49.999973,50.000027,7.9472766e-06,-7.1011559e-06,-8.4612066e-07,360,-0.0016115664
239003,0.40500742,0,50,49.999973,50.000027,7.9472748e-06,-7.1011564e-06,-8.4611861e-07,0,-0.0016115664
239103,0.40522176,0,50,49.999973,50.000027,7.9472766e-06,-7.1011559e-06,-8.4612066e-07,360,-0.0016115664
239203,0.40543601,0,50,49.999973,50.000027,7.9472748e-06,-7.1011564e-06,-8.4611861e-07,0,-0.0016115664
239303,0.40565032,0,50,49.999973,50.000027,7.9472766e-06,-7.1011559e-06,-8.4612066e-07,360,-0.0016115664
239403,0.4058646,0,50,49.999973,50.000027,7.9472748e-06,-7.1011564e-06,-8.4611861e-07,0,-0.0016115664
239503,0.40607888,0,50,49.999973,50.000027,7.9472766e-06,-7.1011559e-06,-8.4612066e-07,360,-0.0016115664
239603,0.40629315,0,50,49.999973,50.000027,7.9472748e-06,-7.1011564e-06,-8.4611861e-07,0,-0.0016115664
239703,0.40650746,0,50,49.999973,50.000027,7.9472766e-06,-7.1011559e-06,-8.4612066e-07,360,-0.0016115664
239803,0.40672177,0,50,49.999973,50.000027,7.9472748e-06,-7.1011564e-06,-8.4611861e-07,0,-0.0016115664
239903,0.40693605,0,50,49.999973,50.000027,7.9472766e-06,-7.1011559e-06,-8.4612066e-07,360,-0.0016115664
240003,0.40715033,0,50,49.999973,50.000027,7.9472748e-06,-7.1011564e-06,-8.4611861e-07,0,-0.0016115664
240103,0.40736461,0,50,49.999973,50.000027,7.9472766e-06,-7.1011559e-06,-8.4612066e-07,360,-0.0016115664
240203,0.40757892,0,50,49.999973,50.000027,7.9472748e-06,-7.1011564e-06,-8.4611861e-07,0,-0.0016115664
240303,0.40779316,0,50,49.999973,50.000027,7.9472766e-06,-7.1011559e-06,-8.4612066e-07,360,-0.0016115664
240403,0.4080075,0,50,49.999973,50.000027,7.9472748e-06,-7.1011564e-06,-8.4611861e-07,0,-0.0016115664
240503,0.40822178,0,50,49.999973,50.000027,7.9472766e-06,-7.1011559e-06,-8.4612066e-07,360,-0.0016115664
240603,0.40843606,0,50,49.999973,50.000027,7.9472748e-06,-7.1011564e-06,-8.4611861e-07,0,-0.0016115664
240703,0.40865037,0,50,49.999973,50.000027,7.9472766e-06,-7.1011559e-06,-8.4612066e-07,360,-0.0016115664
240803,0.40886462,0,50,49.999973,50.000027,7.9472748e-06,-7.1011564e-06,-8.4611861e-07,0,-0.0016115664
240903,0.40907896,0,50,49.999973,50.000027,7.9472766e-06,-7.1011559e-06,-8.4612066e-07,360,-0.0016115664
241003,0.4092932,0,50,49.999973,50.000027,7.9472748e-06,-7.1011564e-06,-8.4611861e-07,0,-0.0016115664
241103,0.40950751,0,50,49.999973,50.000027,7.9472766e-06,-7.1011559e-06,-8.4612066e-07,360,-0.0016115664
241203,0.40972182,0,50,49.999973,50.000027,7.9472748e-06,-7.1011564e-06,-8.4611861e-07,0,-0.0016115664
241303,0.40993607,0,50,49.999973,50.000027,7.9472766e-06,-7.1011559e-06,-8.4612066e-07,360,-0.0016115664
241403,0.41015041,0,50,49.999973,50.000027,7.9472748e-06,-7.1011564e-06,-8.4611861e-07,0,-0.0016115664
241503,0.41036466,0,50,49.999973,50.000027,7.9472766e-06,-7.1011559e-06,-8.4612066e-07,360,-0.0016115664
241603,0.41057897,0,50,49.999973,50.000027,7.9472748e-06,-7.1011564e-06,-8.4611861e-07,0,-0.0016115664
241703,0.41079324,0,50,49.999973,50.000027,7.9472766e-06,-7.1011559e-06,-8.4612066e-07,360,-0.0016115664
241803,0.41100752,0,50,49.999973,50.000027,7.9472748e-06,-7.1011564e-06,-8.4611861e-07,0,-0.0016115664
241903,0.41122186,0,50,49.999973,50.000027,7.9472766e-06,-7.1011559e-06,-8.4612066e-07,360,-0.0016115664
242003,0.41143611,0,50,49.999973,50.000027,7.9472748e-06,-7.1011564e-06,-8.4611861e-07,0,-0.0016115664
242103,0.41165042,0,50,49.999973,50.000027,7.9472766e-06,-7.1011559e-06,-8.4612066e-07,360,-0.0016115664
242203,0.4118647,0,50,49.999973,50.000027,7.9472748e-06,-7.1011564e-06,-8.4611861e-07,0,-0.0016115664
242303,0.41207898,0,50,49.999973,50.000027,7.9472766e-06,-7.1011559e-06,-8.4612066e-07,360,-0.0016115664
242403,0.41229326,0,50,49.999973,50.000027,7.9472748e-06,-7.1011564e-06,-8.4611861e-07,0,-0.0016115664
242503,0.41250756,0,50,49.999973,50.000027,7.9472766e-06,-7.1011559e-06,-8.4612066e-07,360,-0.0016115664
242603,0.41272187,0,50,49.999973,50.000027,7.9472748e-06,-7.1011564e-06,-8.4611861e-07,0,-0.0016115664
242703,0.41293615,0,50,49.999973,50.000027,7.9472766e-06,-7.1011559e-06,-8.4612066e-07,360,-0.0016115664
242803,0.41315043,0,50,49.999973,50.000027,7.9472748e-06,-7.1011564e-06,-8.4611861e-07,0,-0.0016115664
242903,0.41336471,0,50,49.999973,50.000027,7.9472766e-06,-7.1011559e-06,-8.4612066e-07,360,-0.0016115664
243003,0.41357902,0,50,49.999973,50.000027,7.9472748e-06,-7.1011564e-06,-8.4611861e-07,0,-0.0016115664
243103,0.41379327,0,50,49.999973,50.000027,7.9472766e-06,-7.1011559e-06,-8.4612066e-07,360,-0.0016115664
243203,0.4140076,0,50,49.999973,50.000027,7.9472748e-06,-7.1011564e-06,-8.4611861e-07,0,-0.0016115664
243303,0.41422188,0,50,49.999973,50.000027,7.9472766e-06,-7.1011559e-06,-8.4612066e-07,360,-0.0016115664
243403,0.41443616,0,50,49.999973,50.000027,7.9472748e-06,-7.1011564e-06,-8.4611861e-07,0,-0.0016115664
243503,0.41465047,0,50,49.999973,50.000027,7.9472766e-06,-7.1011559e-06,-8.4612066e-07,360,-0.0016115664
243603,0.41486472,0,50,49.999973,50.000027,7.9472748e-06,-7.1011564e-06,-8.4611861e-07,0,-0.0016115664
243703,0.41507906,0,50,49.999973,50.000027,7.9472766e-06,-7.1011559e-06,-8.4612066e-07,360,-0.0016115664
243803,0.41529331,0,50,49.999973,50.000027,7.9472748e-06,-7.1011564e-06,-8.4611861e-07,0,-0.0016115664
243903,0.41550761,0,50,49.999973,50.000027,7.9472766e-06,-7.1011559e-06,-8.4612066e-07,360,-0.0016115664
244003,0.41572192,0,50,49.999973,50.000027,7.9472748e-06,-7.1011564e-06,-8.4611861e-07,0,-0.0016115664
244103,0.41593617,0,50,49.999973,50.000027,7.9472766e-06,-7.1011559e-06,-8.4612066e-07,360,-0.0016115664
244203,0.41615051,0,50,49.999973,50.000027,7.9472748e-06,-7.1011564e-06,-8.4611861e-07,0,-0.0016115664
244303,0.41636476,0,50,49.999973,50.000027,7.9472766e-06,-7.1011559e-06,-8.4612066e-07,360,-0.0016115664
244403,0.41657907,0,50,49.999973,50.000027,7.9472748e-06,-7.1011564e-06,-8.4611861e-07,0,-0.0016115664
244503,0.41679335,0,50,49.999973,50.000027,7.9472766e-06,-7.1011559e-06,-8.4612066e-07,360,-0.0016115664
244603,0.41700763,0,50,49.999973,50.000027,7.9472748e-06,-7.1011564e-06,-8.4611861e-07,0,-0.0016115664
244703,0.41722196,0,50,49.999973,50.000027,7.9472766e-06,-7.1011559e-06,-8.4612066e-07,360,-0.0016115664
244803,0.41743621,0,50,49.999973,50.000027,7.9472748e-06,-7.1011564e-06,-8.4611861e-07,0,-0.0016115664
244903,0.41765052,0,50,49.999973,50.000027,7.9472766e-06,-7.1011559e-06,-8.4612066e-07,360,-0.0016115664
245003,0.4178648,0,50,49.999973,50.000027,7.9472748e-06,-7.1011564e-06,-8.4611861e-07,0,-0.0016115664
245103,0.41807908,0,50,49.999973,50.000027,7.9472766e-06,-7.1011559e-06,-8.4612066e-07,360,-0.0016115664
245203,0.41829336,0,50,49.999973,50.000027,7.9472748e-06,-7.1011564e-06,-8.4611861e-07,0,-0.0016115664
245303,0.41850767,0,50,49.999973,50.000027,7.9472766e-06,-7.1011559e-06,-8.4612066e-07,360,-0.0016115664
245403,0.41872197,0,50,49.999973,50.000027,7.9472748e-06,-7.1011564e-06,-8.4611861e-07,0,-0.0016115664
245503,0.41893625,0,50,49.999973,50.000027,7.9472766e-06,-7.1011559e-06,-8.4612066e-07,360,-0.0016115664
245603,0.41915053,0,50,49.999973,50.000027,7.9472748e-06,-7.1011564e-06,-8.4611861e-07,0,-0.0016115664
245703,0.41936481,0,50,49.999973,50.000027,7.9472766e-06,-7.1011559e-06,-8.4612066e-07,360,-0.0016115664
245803,0.41957912,0,50,49.999973,50.000027,7.9472748e-06,-7.1011564e-06,-8.4611861e-07,0,-0.0016115664
245903,0.41979337,0,50,49.999973,50.000027,7.9472766e-06,-7.1011559e-06,-8.4612066e-07,360,-0.0016115664
246003,0.42000771,0,50,49.999973,50.000027,7.9472748e-06,-7.1011564e-06,-8.4611861e-07,0,-0.0016115664
246103,0.42022198,0,50,49.999973,50.000027,7.9472766e-06,-7.1011559e-06,-8.4612066e-07,360,-0.0016115664
246203,0.42043626,0,50,49.999973,50.000027,7.9472748e-06,-7.1011564e-06,-8.4611861e-07,0,-0.0016115664
246303,0.42065057,0,50,49.999973,50.000027,7.9472766e-06,-7.1011559e-06,-8.4612066e-07,360,-0.0016115664
246403,0.42086482,0,50,49.999973,50.000027,7.9472748e-06,-7.1011564e-06,-8.4611861e-07,0,-0.0016115664
246503,0.42107916,0,50,49.999973,50.000027,7.9472766e-06,-7.1011559e-06,-8.4612066e-07,360,-0.0016115664
246603,0.42129341,0,50,49.999973,50.000027,7.9472748e-06,-7.1011564e-06,-8.4611861e-07,0,-0.0016115664
246703,0.42150772,0,50,49.999973,50.000027,7.9472766e-06,-7.1011559e-06,-8.4612066e-07,360,-0.0016115664
246803,0.42172202,0,50,49.999973,50.000027,7.9472748e-06,-7.1011564e-06,-8.4611861e-07,0,-0.0016115664
246903,0.42193627,0,50,49.999973,50.000027,7.9472766e-06,-7.1011559e-06,-8.4612066e-07,360,-0.0016115664
247003,0.42215061,0,50,49.999973,50.000027,7.9472748e-06,-7.1011564e-06,-8.4611861e-07,0,-0.0016115664
247103,0.42236486,0,50,49.999973,50.000027,7.9472766e-06,-7.1011559e-06,-8.4612066e-07,360,-0.0016115664
247203,0.42257917,0,50,49.999973,50.000027,7.9472748e-06,-7.1011564e-06,-8.4611861e-07,0,-0.0016115664
247303,0.42279345,0,50,49.999973,50.000027,7.9472766e-06,-7.1011559e-06,-8.4612066e-07,360,-0.0016115664
247403,0.42300773,0,50,49.999973,50.000027,7.9472748e-06,-7.1011564e-06,-8.4611861e-07,0,-0.0016115664
247503,0.42322206,0,50,49.999973,50.000027,7.9472766e-06,-7.1011559e-06,-8.4612066e-07,360,-0.0016115664
247603,0.42343631,0,50,49.999973,50.000027,7.9472748e-06,-7.1011564e-06,-8.4611861e-07,0,-0.0016115664
247703,0.42365062,0,50,49.999973,50.000027,7.9472766e-06,-7.1011559e-06,-8.4612066e-07,360,-0.0016115664
247803,0.4238649,0,50,49.999973,50.000027,7.9472748e-06,-7.1011564e-06,-8.4611861e-07,0,-0.0016115664
247903,0.42407918,0,50,49.999973,50.000027,7.9472766e-06,-7.1011559e-06,-8.4612066e-07,360,-0.0016115664
248003,0.42429346,0,50,49.999973,50.000027,7.9472748e-06,-7.1011564e-06,-8.4611861e-07,0,-0.0016115664
248103,0.42450777,0,50,49.999973,50.000027,7.9472766e-06,-7.1011559e-06,-8.4612066e-07,360,-0.0016115664
248203,0.42472208,0,50,49.999973,50.000027,7.9472748e-06,-7.1011564e-06,-8.4611861e-07,0,-0.0016115664
248303,0.42493635,0,50,49.999973,50.000027,7.9472766e-06,-7.1011559e-06,-8.4612066e-07,360,-0.0016115664
248403,0.42515063,0,50,49.999973,50.000027,7.9472748e-06,-7.1011564e-06,-8.4611861e-07,0,-0.0016115664
248503,0.42536491,0,50,49.999973,50.000027,7.9472766e-06,-7.1011559e-06,-8.4612066e-07,360,-0.0016115664
248603,0.42557922,0,50,49.999973,50.000027,7.9472748e-06,-7.1011564e-06,-8.4611861e-07,0,-0.0016115664
248703,0.42579347,0,50,49.999973,50.000027,7.9472766e-06,-7.1011559e-06,-8.4612066e-07,360,-0.0016115664
248803,0.42600781,0,50,49.999973,50.000027,7.9472748e-06,-7.1011564e-06,-8.4611861e-07,0,-0.0016115664
248903,0.42622209,0,50,49.999973,50.000027,7.9472766e-06,-7.1011559e-06,-8.4612066e-07,360,-0.0016115664
249003,0.42643636,0,50,49.999973,50.000027,7.9472748e-06,-7.1011564e-06,-8.4611861e-07,0,-0.0016115664
249103,0.42665067,0,50,49.999973,50.000027,7.9472766e-06,-7.1011559e-06,-8.4612066e-07,360,-0.0016115664
249203,0.42686492,0,50,49.999973,50.000027,7.9472748e-06,-7.1011564e-06,-8.4611861e-07,0,-0.0016115664
249303,0.42707926,0,50,49.999973,50.000027,7.9472766e-06,-7.1011559e-06,-8.4612066e-07,360,-0.0016115664
249403,0.42729351,0,50,49.999973,50.000027,7.9472748e-06,-7.1011564e-06,-8.4611861e-07,0,-0.0016115664
249503,0.42750782,0,50,49.999973,50.000027,7.9472766e-06,-7.1011559e-06,-8.4612066e-07,360,-0.0016115664
249603,0.42772213,0,50,49.999973,50.000027,7.9472748e-06,-7.1011564e-06,-8.4611861e-07,0,-0.0016115664
249703,0.42793638,0,50,49.999973,50.000027,7.9472766e-06,-7.1011559e-06,-8.4612066e-07,360,-0.0016115664
249803,0.42815071,0,50,49.999973,50.000027,7.9472748e-06,-7.1011564e-06,-8.4611861e-07,0,-0.0016115664
249903,0.42836496,0,50,49.999973,50.000027,7.9472766e-06,-7.1011559e-06,-8.4612066e-07,360,-0.0016115664
250003,0.42857921,0,50,49.999973,50.000027,7.9472748e-06,-7.1011564e-06,-8.4611861e-07,0,-0.0016115664
250103,0.42879349,0,50,49.999973,50.000027,7.9472766e-06,-7.1011559e-06,-8.4612066e-07,360,-0.0016115664
250203,0.42900777,0,50,49.999973,50.000027,7.9472748e-06,-7.1011564e-06,-8.4611861e-07,0,-0.0016115664
250303,0.42922202,0,50,49.999973,50.000027,7.9472766e-06,-7.1011559e-06,-8.4612066e-07,360,-0.0016115664
250403,0.42943627,0,50,49.999973,50.000027,7.9472748e-06,-7.1011564e-06,-8.4611861e-07,0,-0.0016115664
250503,0.42965049,0,50,49.999973,50.000027,7.9472766e-06,-7.1011559e-06,-8.4612066e-07,360,-0.0016115664
250603,0.42986476,0,50,49.999973,50.000027,7.9472748e-06,-7.1011564e-06,-8.4611861e-07,0,-0.0016115664
250703,0.43007904,0,50,49.999973,50.000027,7.9472766e-06,-7.1011559e-06,-8.4612066e-07,360,-0.0016115664
250803,0.43029329,0,50,49.999973,50.000027,7.9472748e-06,-7.1011564e-06,-8.4611861e-07,0,-0.0016115664
250903,0.43050754,0,50,49.999973,50.000027,7.9472766e-06,-7.1011559e-06,-8.4612066e-07,360,-0.0016115664
251003,0.43072182,0,50,49.999973,50.000027,7.9472748e-06,-7.1011564e-06,-8.4611861e-07,0,-0.0016115664
251103,0.4309361,0,50,49.999973,50.000027,7.9472766e-06,-7.1011559e-06,-8.4612066e-07,360,-0.0016115664
251203,0.43115032,0,50,49.999973,50.000027,7.9472748e-06,-7.1011564e-06,-8.4611861e-07,0,-0.0016115664
251303,0.43136457,0,50,49.999973,50.000027,7.9472766e-06,-7.1011559e-06,-8.4612066e-07,360,-0.0016115664
251403,0.43157881,0,50,49.999973,50.000027,7.9472748e-06,-7.1011564e-06,-8.4611861e-07,0,-0.0016115664
251503,0.43179309,0,50,49.999973,50.000027,7.9472766e-06,-7.1011559e-06,-8.4612066e-07,360,-0.0016115664
251603,0.43200737,0,50,49.999973,50.000027,7.9472748e-06,-7.1011564e-06,-8.4611861e-07,0,-0.0016115664
251703,0.43222162,0,50,49.999973,50.000027,7.9472766e-06,-7.1011559e-06,-8.4612066e-07,360,-0.0016115664
251803,0.43243587,0,50,49.999973,50.000027,7.9472748e-06,-7.1011564e-06,-8.4611861e-07,0,-0.0016115664
251903,0.43265009,0,50,49.999973,50.000027,7.9472766e-06,-7.1011559e-06,-8.4612066e-07,360,-0.0016115664
252003,0.43286437,0,50,49.999973,50.000027,7.9472748e-06,-7.1011564e-06,-8.4611861e-07,0,-0.0016115664
252103,0.43307865,0,50,49.999973,50.000027,7.9472766e-06,-7.1011559e-06,-8.4612066e-07,360,-0.0016115664
252203,0.4332929,0,50,49.999973,50.000027,7.9472748e-06,-7.1011564e-06,-8.4611861e-07,0,-0.0016115664
252303,0.43350714,0,50,49.999973,50.000027,7.9472766e-06,-7.1011559e-06,-8.4612066e-07,360,-0.0016115664
252403,0.43372142,0,50,49.999973,50.000027,7.9472748e-06,-7.1011564e-06,-8.4611861e-07,0,-0.0016115664
252503,0.4339357,0,50,49.999973,50.000027,7.9472766e-06,-7.1011559e-06,-8.4612066e-07,360,-0.0016115664
252603,0.43414992,0,50,49.999973,50.000027,7.9472748e-06,-7.1011564e-06,-8.4611861e-07,0,-0.0016115664
252703,0.43436417,0,50,49.999973,50.000027,7.9472766e-06,-7.1011559e-06,-8.4612066e-07,360,-0.0016115664
252803,0.43457842,0,50,49.999973,50.000027,7.9472748e-06,-7.1011564e-06,-8.4611861e-07,0,-0.0016115664
252903,0.4347927,0,50,49.999973,50.000027,7.9472766e-06,-7.1011559e-06,-8.4612066e-07,360,-0.0016115664
253003,0.43500698,0,50,49.999973,50.000027,7.9472748e-06,-7.1011564e-06,-8.4611861e-07,0,-0.0016115664
253103,0.43522123,0,50,49.999973,50.000027,7.9472766e-06,-7.1011559e-06,-8.4612066e-07,360,-0.0016115664
253203,0.43543547,0,50,49.999973,50.000027,7.9472748e-06,-7.1011564e-06,-8.4611861e-07,0,-0.0016115664
253303,0.43564969,0,50,49.999973,50.000027,7.9472766e-06,-7.1011559e-06,-8.4612066e-07,360,-0.0016115664
253403,0.43586397,0,50,49.999973,50.000027,7.9472748e-06,-7.1011564e-06,-8.4611861e-07,0,-0.0016115664
253503,0.43607825,0,50,49.999973,50.000027,7.9472766e-06,-7.1011559e-06,-8.4612066e-07,360,-0.0016115664
253603,0.4362925,0,50,49.999973,50.000027,7.9472748e-06,-7.1011564e-06,-8.4611861e-07,0,-0.0016115664
253703,0.43650675,0,50,49.999973,50.000027,7.9472766e-06,-7.1011559e-06,-8.4612066e-07,360,-0.0016115664
253803,0.43672103,0,50,49.999973,50.000027,7.9472748e-06,-7.1011564e-06,-8.4611861e-07,0,-0.0016115664
253903,0.43693531,0,50,49.999973,50.000027,7.9472766e-06,-7.1011559e-06,-8.4612066e-07,360,-0.0016115664
254003,0.43714952,0,50,49.999973,50.000027,7.9472748e-06,-7.1011564e-06,-8.4611861e-07,0,-0.0016115664
254103,0.43736377,0,50,49.999973,50.000027,7.9472766e-06,-7.1011559e-06,-8.4612066e-07,360,-0.0016115664
254203,0.43757802,0,50,49.999973,50.000027,7.9472748e-06,-7.1011564e-06,-8.4611861e-07,0,-0.0016115664
254303,0.4377923,0,50,49.999973,50.000027,7.9472766e-06,-7.1011559e-06,-8.4612066e-07,360,-0.0016115664
254403,0.43800658,0,50,49.999973,50.000027,7.9472748e-06,-7.1011564e-06,-8.4611861e-07,0,-0.0016115664
254503,0.43822083,0,50,49.999973,50.000027,7.9472766e-06,-7.1011559e-06,-8.4612066e-07,360,-0.0016115664
254603,0.43843508,0,50,49.999973,50.000027,7.9472748e-06,-7.1011564e-06,-8.4611861e-07,0,-0.0016115664
254703,0.4386493,0,50,49.999973,50.000027,7.9472766e-06,-7.1011559e-06,-8.4612066e-07,360,-0.0016115664
254803,0.43886358,0,50,49.999973,50.000027,7.9472748e-06,-7.1011564e-06,-8.4611861e-07,0,-0.0016115664
254902,0.43907785,0,50,49.999973,50.000027,7.9472766e-06,-7.1011559e-06,-8.4612066e-07,360,-0.0016115664
255002,0.4392921,0,50,49.999973,50.000027,7.9472748e-06,-7.1011564e-06,-8.4611861e-07,0,-0.0016115664
255102,0.43950635,0,50,49.999973,50.000027,7.9472766e-06,-7.1011559e-06,-8.4612066e-07,360,-0.0016115664
255202,0.43972063,0,50,49.999973,50.000027,7.9472748e-06,-7.1011564e-06,-8.4611861e-07,0,-0.0016115664
255302,0.43993491,0,50,49.999973,50.000027,7.9472766e-06,-7.1011559e-06,-8.4612066e-07,360,-0.0016115664
255402,0.44014913,0,50,49.999973,50.000027,7.9472748e-06,-7.1011564e-06,-8.4611861e-07,0,-0.0016115664
255502,0.44036338,0,50,49.999973,50.000027,7.9472766e-06,-7.1011559e-06,-8.4612066e-07,360,-0.0016115664
255602,0.44057763,0,50,49.999973,50.000027,7.9472748e-06,-7.1011564e-06,-8.4611861e-07,0,-0.0016115664
255702,0.4407919,0,50,49.999973,50.000027,7.9472766e-06,-7.1011559e-06,-8.4612066e-07,360,-0.0016115664
255802,0.44100618,0,50,49.999973,50.000027,7.9472748e-06,-7.1011564e-06,-8.4611861e-07,0,-0.0016115664
255902,0.44122043,0,50,49.999973,50.000027,7.9472766e-06,-7.1011559e-06,-8.4612066e-07,360,-0.0016115664
256002,0.44143468,0,50,49.999973,50.000027,7.9472748e-06,-7.1011564e-06,-8.4611861e-07,0,-0.0016115664
256102,0.4416489,0,50,49.999973,50.000027,7.9472766e-06,-7.1011559e-06,-8.4612066e-07,360,-0.0016115664
256202,0.44186318,0,50,49.999973,50.000027,7.9472748e-06,-7.1011564e-06,-8.4611861e-07,0,-0.0016115664
256302,0.44207746,0,50,49.999973,50.000027,7.9472766e-06,-7.1011559e-06,-8.4612066e-07,360,-0.0016115664
256402,0.44229171,0,50,49.999973,50.000027,7.9472748e-06,-7.1011564e-06,-8.4611861e-07,0,-0.0016115664
256502,0.44250596,0,50,49.999973,50.000027,7.9472766e-06,-7.1011559e-06,-8.4612066e-07,360,-0.0016115664
256602,0.44272023,0,50,49.999973,50.000027,7.9472748e-06,-7.1011564e-06,-8.4611861e-07,0,-0.0016115664
256702,0.44293451,0,50,49.999973,50.000027,7.9472766e-06,-7.1011559e-06,-8.4612066e-07,360,-0.0016115664
256802,0.44314873,0,50,49.999973,50.000027,7.9472748e-06,-7.1011564e-06,-8.4611861e-07,0,-0.0016115664
256902,0.44336298,0,50,49.999973,50.000027,7.9472766e-06,-7.1011559e-06,-8.4612066e-07,360,-0.0016115664
257002,0.44357723,0,50,49.999973,50.000027,7.9472748e-06,-7.1011564e-06,-8.4611861e-07,0,-0.0016115664
257102,0.44379151,0,50,49.999973,50.000027,7.9472766e-06,-7.1011559e-06,-8.4612066e-07,360,-0.0016115664
257202,0.44400579,0,50,49.999973,50.000027,7.9472748e-06,-7.1011564e-06,-8.4611861e-07,0,-0.0016115664
257302,0.44422004,0,50,49.999973,50.000027,7.9472766e-06,-7.1011559e-06,-8.4612066e-07,360,-0.0016115664
257402,0.44443429,0,50,49.999973,50.000027,7.9472748e-06,-7.1011564e-06,-8.4611861e-07,0,-0.0016115664
257502,0.4446485,0,50,49.999973,50.000027,7.9472766e-06,-7.1011559e-06,-8.4612066e-07,360,-0.0016115664
257602,0.44486278,0,50,49.999973,50.000027,7.9472748e-06,-7.1011564e-06,-8.4611861e-07,0,-0.0016115664
257702,0.44507706,0,50,49.999973,50.000027,7.9472766e-06,-7.1011559e-06,-8.4612066e-07,360,-0.0016115664
257802,0.44529131,0,50,49.999973,50.000027,7.9472748e-06,-7.1011564e-06,-8.4611861e-07,0,-0.0016115664
257902,0.44550556,0,50,49.999973,50.000027,7.9472766e-06,-7.1011559e-06,-8.4612066e-07,360,-0.0016115664
258002,0.44571984,0,50,49.999973,50.000027,7.9472748e-06,-7.1011564e-06,-8.4611861e-07,0,-0.0016115664
258102,0.44593412,0,50,49.999973,50.000027,7.9472766e-06,-7.1011559e-06,-8.4612066e-07,360,-0.0016115664
258202,0.44614834,0,50,49.999973,50.000027,7.9472748e-06,-7.1011564e-06,-8.4611861e-07,0,-0.0016115664
258302,0.44636258,0,50,49.999973,50.000027,7.9472766e-06,-7.1011559e-06,-8.4612066e-07,360,-0.0016115664
258402,0.44657683,0,50,49.999973,50.000027,7.9472748e-06,-7.1011564e-06,-8.4611861e-07,0,-0.0016115664
258502,0.44679111,0,50,49.999973,50.000027,7.9472766e-06,-7.1011559e-06,-8.4612066e-07,360,-0.0016115664
258602,0.44700539,0,50,49.999973,50.000027,7.9472748e-06,-7.1011564e-06,-8.4611861e-07,0,-0.0016115664
258702,0.44721964,0,50,49.999973,50.000027,7.9472766e-06,-7.1011559e-06,-8.4612066e-07,360,-0.0016115664
258802,0.44743389,0,50,49.999973,50.000027,7.9472748e-06,-7.1011564e-06,-8.4611861e-07,0,-0.0016115664
258902,0.44764811,0,50,49.999973,50.000027,7.9472766e-06,-7.1011559e-06,-8.4612066e-07,360,-0.0016115664
259002,0.44786239,0,50,49.999973,50.000027,7.9472748e-06,-7.1011564e-06,-8.4611861e-07,0,-0.0016115664
259102,0.44807667,0,50,49.999973,50.000027,7.9472766e-06,-7.1011559e-06,-8.4612066e-07,360,-0.0016115664
259202,0.44829091,0,50,49.999973,50.000027,7.9472748e-06,-7.1011564e-06,-8.4611861e-07,0,-0.0016115664
259302,0.44850516,0,50,49.999973,50.000027,7.9472766e-06,-7.1011559e-06,-8.4612066e-07,360,-0.0016115664
259402,0.44871944,0,50,49.999973,50.000027,7.9472748e-06,-7.1011564e-06,-8.4611861e-07,0,-0.0016115664
259502,0.44893372,0,50,49.999973,50.000027,7.9472766e-06,-7.1011559e-06,-8.4612066e-07,360,-0.0016115664
259602,0.44914794,0,50,49.999973,50.000027,7.9472748e-06,-7.1011564e-06,-8.4611861e-07,0,-0.0016115664
259702,0.44936219,0,50,49.999973,50.000027,7.9472766e-06,-7.1011559e-06,-8.4612066e-07,360,-0.0016115664
259802,0.44957644,0,50,49.999973,50.000027,7.9472748e-06,-7.1011564e-06,-8.4611861e-07,0,-0.0016115664
259902,0.44979072,0,50,49.999973,50.000027,7.9472766e-06,-7.1011559e-06,-8.4612066e-07,360,-0.0016115664
260002,0.45000499,0,50,49.999973,50.000027,7.9472748e-06,-7.1011564e-06,-8.4611861e-07,0,-0.0016115664
260102,0.45021924,0,50,49.999973,50.000027,7.9472766e-06,-7.1011559e-06,-8.4612066e-07,360,-0.0016115664
260202,0.45043349,0,50,49.999973,50.000027,7.9472748e-06,-7.1011564e-06,-8.4611861e-07,0,-0.0016115664
260302,0.45064771,0,50,49.999973,50.000027,7.9472766e-06,-7.1011559e-06,-8.4612066e-07,360,-0.0016115664
260402,0.45086199,0,50,49.999973,50.000027,7.9472748e-06,-7.1011564e-06,-8.4611861e-07,0,-0.0016115664
260502,0.45107627,0,50,49.999973,50.000027,7.9472766e-06,-7.1011559e-06,-8.4612066e-07,360,-0.0016115664
260602,0.45129052,0,50,49.999973,50.000027,7.9472748e-06,-7.1011564e-06,-8.4611861e-07,0,-0.0016115664
260702,0.45150477,0,50,49.999973,50.000027,7.9472766e-06,-7.1011559e-06,-8.4612066e-07,360,-0.0016115664
260802,0.45171905,0,50,49.999973,50.000027,7.9472748e-06,-7.1011564e-06,-8.4611861e-07,0,-0.0016115664
260902,0.45193332,0,50,49.999973,50.000027,7.9472766e-06,-7.1011559e-06,-8.4612066e-07,360,-0.0016115664
261002,0.45214754,0,50,49.999973,50.000027,7.9472748e-06,-7.1011564e-06,-8.4611861e-07,0,-0.0016115664
261102,0.45236179,0,50,49.999973,50.000027,7.9472766e-06,-7.1011559e-06,-8.4612066e-07,360,-0.0016115664
261202,0.45257604,0,50,49.999973,50.000027,7.9472748e-06,-7.1011564e-06,-8.4611861e-07,0,-0.0016115664
261302,0.45279032,0,50,49.999973,50.000027,7.9472766e-06,-7.1011559e-06,-8.4612066e-07,360,-0.0016115664
261402,0.4530046,0,50,49.999973,50.000027,7.9472748e-06,-7.1011564e-06,-8.4611861e-07,0,-0.0016115664
261502,0.45321885,0,50,49.999973,50.000027,7.9472766e-06,-7.1011559e-06,-8.4612066e-07,360,-0.0016115664
261602,0.4534331,0,50,49.999973,50.000027,7.9472748e-06,-7.1011564e-06,-8.4611861e-07,0,-0.0016115664
261702,0.45364732,0,50,49.999973,50.000027,7.9472766e-06,-7.1011559e-06,-8.4612066e-07,360,-0.0016115664
261802,0.45386159,0,50,49.999973,50.000027,7.9472748e-06,-7.1011564e-06,-8.4611861e-07,0,-0.0016115664
261902,0.45407587,0,50,49.999973,50.000027,7.9472766e-06,-7.1011559e-06,-8.4612066e-07,360,-0.0016115664
262002,0.45429012,0,50,49.999973,50.000027,7.9472748e-06,-7.1011564e-06,-8.4611861e-07,0,-0.0016115664
262102,0.45450437,0,50,49.999973,50.000027,7.9472766e-06,-7.1011559e-06,-8.4612066e-07,360,-0.0016115664
262202,0.45471865,0,50,49.999973,50.000027,7.9472748e-06,-7.1011564e-06,-8.4611861e-07,0,-0.0016115664
262302,0.45493293,0,50,49.999973,50.000027,7.9472766e-06,-7.1011559e-06,-8.4612066e-07,360,-0.0016115664
262401,0.45514715,0,50,49.999973,50.000027,7.9472748e-06,-7.1011564e-06,-8.4611861e-07,0,-0.0016115664
262501,0.4553614,0,50,49.999973,50.000027,7.9472766e-06,-7.1011559e-06,-8.4612066e-07,360,-0.0016115664
262601,0.45557564,0,50,49.999973,50.000027,7.9472748e-06,-7.1011564e-06,-8.4611861e-07,0,-0.0016115664
262701,0.45578992,0,50,49.999973,50.000027,7.9472766e-06,-7.1011559e-06,-8.4612066e-07,360,-0.0016115664
262801,0.4560042,0,50,49.999973,50.000027,7.9472748e-06,-7.1011564e-06,-8.4611861e-07,0,-0.0016115664
262901,0.45621845,0,50,49.999973,50.000027,7.9472766e-06,-7.1011559e-06,-8.4612066e-07,360,-0.0016115664
263001,0.4564327,0,50,49.999973,50.000027,7.9472748e-06,-7.1011564e-06,-8.4611861e-07,0,-0.0016115664
263101,0.45664692,0,50,49.999973,50.000027,7.9472766e-06,-7.1011559e-06,-8.4612066e-07,360,-0.0016115664
263201,0.4568612,0,50,49.999973,50.000027,7.9472748e-06,-7.1011564e-06,-8.4611861e-07,0,-0.0016115664
263301,0.45707548,0,50,49.999973,50.000027,7.9472766e-06,-7.1011559e-06,-8.4612066e-07,360,-0.0016115664
263401,0.45728973,0,50,49.999973,50.000027,7.9472748e-06,-7.1011564e-06,-8.4611861e-07,0,-0.0016115664
263501,0.45750397,0,50,49.999973,50.000027,7.9472766e-06,-7.1011559e-06,-8.4612066e-07,360,-0.0016115664
263601,0.45771825,0,50,49.999973,50.000027,7.9472748e-06,-7.1011564e-06,-8.4611861e-07,0,-0.0016115664
263701,0.45793253,0,50,49.999973,50.000027,7.9472766e-06,-7.1011559e-06,-8.4612066e-07,360,-0.0016115664
263801,0.45814675,0,50,49.999973,50.000027,7.9472748e-06,-7.1011564e-06,-8.4611861e-07,0,-0.0016115664
263901,0.458361,0,50,49.999973,50.000027,7.9472766e-06,-7.1011559e-06,-8.4612066e-07,360,-0.0016115664
264001,0.45857525,0,50,49.999973,50.000027,7.9472748e-06,-7.1011564e-06,-8.4611861e-07,0,-0.0016115664
264101,0.45878953,0,50,49.999973,50.000027,7.9472766e-06,-7.1011559e-06,-8.4612066e-07,360,-0.0016115664
264201,0.45900381,0,50,49.999973,50.000027,7.9472748e-06,-7.1011564e-06,-8.4611861e-07,0,-0.0016115664
264301,0.45921806,0,50,49.999973,50.000027,7.9472766e-06,-7.1011559e-06,-8.4612066e-07,360,-0.0016115664
264401,0.4594323,0,50,49.999973,50.000027,7.9472748e-06,-7.1011564e-06,-8.4611861e-07,0,-0.0016115664
264501,0.45964652,0,50,49.999973,50.000027,7.9472766e-06,-7.1011559e-06,-8.4612066e-07,360,-0.0016115664
264601,0.4598608,0,50,49.999973,50.000027,7.9472748e-06,-7.1011564e-06,-8.4611861e-07,0,-0.0016115664
264701,0.46007508,0,50,49.999973,50.000027,7.9472766e-06,-7.1011559e-06,-8.4612066e-07,360,-0.0016115664
264801,0.46028933,0,50,49.999973,50.000027,7.9472748e-06,-7.1011564e-06,-8.4611861e-07,0,-0.0016115664
264901,0.46050358,0,50,49.999973,50.000027,7.9472766e-06,-7.1011559e-06,-8.4612066e-07,360,-0.0016115664
265001,0.46071786,0,50,49.999973,50.000027,7.9472748e-06,-7.1011564e-06,-8.4611861e-07,0,-0.0016115664
265101,0.46093214,0,50,49.999973,50.000027,7.9472766e-06,-7.1011559e-06,-8.4612066e-07,360,-0.0016115664
265201,0.46114635,0,50,49.999973,50.000027,7.9472748e-06,-7.1011564e-06,-8.4611861e-07,0,-0.0016115664
265301,0.4613606,0,50,49.999973,50.000027,7.9472766e-06,-7.1011559e-06,-8.4612066e-07,360,-0.0016115664
265401,0.46157485,0,50,49.999973,50.000027,7.9472748e-06,-7.1011564e-06,-8.4611861e-07,0,-0.0016115664
265501,0.46178913,0,50,49.999973,50.000027,7.9472766e-06,-7.1011559e-06,-8.4612066e-07,360,-0.0016115664
265601,0.46200341,0,50,49.999973,50.000027,7.9472748e-06,-7.1011564e-06,-8.4611861e-07,0,-0.0016115664
265701,0.46221766,0,50,49.999973,50.000027,7.9472766e-06,-7.1011559e-06,-8.4612066e-07,360,-0.0016115664
265801,0.46243191,0,50,49.999973,50.000027,7.9472748e-06,-7.1011564e-06,-8.4611861e-07,0,-0.0016115664
265901,0.46264613,0,50,49.999973,50.000027,7.9472766e-06,-7.1011559e-06,-8.4612066e-07,360,-0.0016115664
266001,0.46286041,0,50,49.999973,50.000027,7.9472748e-06,-7.1011564e-06,-8.4611861e-07,0,-0.0016115664
266101,0.46307468,0,50,49.999973,50.000027,7.9472766e-06,-7.1011559e-06,-8.4612066e-07,360,-0.0016115664
266201,0.46328893,0,50,49.999973,50.000027,7.9472748e-06,-7.1011564e-06,-8.4611861e-07,0,-0.0016115664
266301,0.46350318,0,50,49.999973,50.000027,7.9472766e-06,-7.1011559e-06,-8.4612066e-07,360,-0.0016115664
266401,0.46371746,0,50,49.999973,50.000027,7.9472748e-06,-7.1011564e-06,-8.4611861e-07,0,-0.0016115664
266501,0.46393174,0,50,49.999973,50.000027,7.9472766e-06,-7.1011559e-06,-8.4612066e-07,360,-0.0016115664
266601,0.46414596,0,50,49.999973,50.000027,7.9472748e-06,-7.1011564e-06,-8.4611861e-07,0,-0.0016115664
266701,0.46436021,0,50,49.999973,50.000027,7.9472766e-06,-7.1011559e-06,-8.4612066e-07,360,-0.0016115664
266801,0.46457446,0,50,49.999973,50.000027,7.9472748e-06,-7.1011564e-06,-8.4611861e-07,0,-0.0016115664
266901,0.46478873,0,50,49.999973,50.000027,7.9472766e-06,-7.1011559e-06,-8.4612066e-07,360,-0.0016115664
267001,0.46500301,0,50,49.999973,50.000027,7.9472748e-06,-7.1011564e-06,-8.4611861e-07,0,-0.0016115664
267101,0.46521726,0,50,49.999973,50.000027,7.9472766e-06,-7.1011559e-06,-8.4612066e-07,360,-0.0016115664
267201,0.46543151,0,50,49.999973,50.000027,7.9472748e-06,-7.1011564e-06,-8.4611861e-07,0,-0.0016115664
267301,0.46564573,0,50,49.999973,50.000027,7.9472766e-06,-7.1011559e-06,-8.4612066e-07,360,-0.0016115664
267401,0.46586001,0,50,49.999973,50.000027,7.9472748e-06,-7.1011564e-06,-8.4611861e-07,0,-0.0016115664
267501,0.46607429,0,50,49.999973,50.000027,7.9472766e-06,-7.1011559e-06,-8.4612066e-07,360,-0.0016115664
267601,0.46628854,0,50,49.999973,50.000027,7.9472748e-06,-7.1011564e-06,-8.4611861e-07,0,-0.0016115664
267701,0.46650279,0,50,49.999973,50.000027,7.9472766e-06,-7.1011559e-06,-8.4612066e-07,360,-0.0016115664
267801,0.46671706,0,50,49.999973,50.000027,7.9472748e-06,-7.1011564e-06,-8.4611861e-07,0,-0.0016115664
267901,0.46693134,0,50,49.999973,50.000027,7.9472766e-06,-7.1011559e-06,-8.4612066e-07,360,-0.0016115664
268001,0.46714556,0,50,49.999973,50.000027,7.9472748e-06,-7.1011564e-06,-8.4611861e-07,0,-0.0016115664
268101,0.46735981,0,50,49.999973,50.000027,7.9472766e-06,-7.1011559e-06,-8.4612066e-07,360,-0.0016115664
268201,0.46757406,0,50,49.999973,50.000027,7.9472748e-06,-7.1011564e-06,-8.4611861e-07,0,-0.0016115664
268301,0.46778834,0,50,49.999973,50.000027,7.9472766e-06,-7.1011559e-06,-8.4612066e-07,360,-0.0016115664
268401,0.46800262,0,50,49.999973,50.000027,7.9472748e-06,-7.1011564e-06,-8.4611861e-07,0,-0.0016115664
268501,0.46821687,0,50,49.999973,50.000027,7.9472766e-06,-7.1011559e-06,-8.4612066e-07,360,-0.0016115664
268601,0.46843112,0,50,49.999973,50.000027,7.9472748e-06,-7.1011564e-06,-8.4611861e-07,0,-0.0016115664
268701,0.46864533,0,50,49.999973,50.000027,7.9472766e-06,-7.1011559e-06,-8.4612066e-07,360,-0.0016115664
268801,0.46885961,0,50,49.999973,50.000027,7.9472748e-06,-7.1011564e-06,-8.4611861e-07,0,-0.0016115664
268901,0.46907389,0,50,49.999973,50.000027,7.9472766e-06,-7.1011559e-06,-8.4612066e-07,360,-0.0016115664
269001,0.46928814,0,50,49.999973,50.000027,7.9472748e-06,-7.1011564e-06,-8.4611861e-07,0,-0.0016115664
269101,0.46950239,0,50,49.999973,50.000027,7.9472766e-06,-7.1011559e-06,-8.4612066e-07,360,-0.0016115664
269201,0.46971667,0,50,49.999973,50.000027,7.9472748e-06,-7.1011564e-06,-8.4611861e-07,0,-0.0016115664
269301,0.46993095,0,50,49.999973,50.000027,7.9472766e-06,-7.1011559e-06,-8.4612066e-07,360,-0.0016115664
269401,0.47014517,0,50,49.999973,50.000027,7.9472748e-06,-7.1011564e-06,-8.4611861e-07,0,-0.0016115664
269501,0.47035941,0,50,49.999973,50.000027,7.9472766e-06,-7.1011559e-06,-8.4612066e-07,360,-0.0016115664
269601,0.47057366,0,50,49.999973,50.000027,7.9472748e-06,-7.1011564e-06,-8.4611861e-07,0,-0.0016115664
269701,0.47078794,0,50,49.999973,50.000027,7.9472766e-06,-7.1011559e-06,-8.4612066e-07,360,-0.0016115664
269801,0.47100222,0,50,49.999973,50.000027,7.9472748e-06,-7.1011564e-06,-8.4611861e-07,0,-0.0016115664
269901,0.47121647,0,50,49.999973,50.000027,7.9472766e-06,-7.1011559e-06,-8.4612066e-07,360,-0.0016115664
270000,0.47143072,0,50,49.999973,50.000027,7.9472748e-06,-7.1011564e-06,-8.4611861e-07,0,-0.0016115664
270100,0.47164494,0,50,49.999973,50.000027,7.9472766e-06,-7.1011559e-06,-8.4612066e-07,360,-0.0016115664
270200,0.47185922,0,50,49.999973,50.000027,7.9472748e-06,-7.1011564e-06,-8.4611861e-07,0,-0.0016115664
270300,0.4720735,0,50,49.999973,50.000027,7.9472766e-06,-7.1011559e-06,-8.4612066e-07,360,-0.0016115664
270400,0.47228774,0,50,49.999973,50.000027,7.9472748e-06,-7.1011564e-06,-8.4611861e-07,0,-0.0016115664
270500,0.47250199,0,50,49.999973,50.000027,7.9472766e-06,-7.1011559e-06,-8.4612066e-07,360,-0.0016115664
270600,0.47271627,0,50,49.999973,50.000027,7.9472748e-06,-7.1011564e-06,-8.4611861e-07,0,-0.0016115664
270700,0.47293055,0,50,49.999973,50.000027,7.9472766e-06,-7.1011559e-06,-8.4612066e-07,360,-0.0016115664
270800,0.47314477,0,50,49.999973,50.000027,7.9472748e-06,-7.1011564e-06,-8.4611861e-07,0,-0.0016115664
270900,0.47335902,0,50,49.999973,50.000027,7.9472766e-06,-7.1011559e-06,-8.4612066e-07,360,-0.0016115664
271000,0.47357327,0,50,49.999973,50.000027,7.9472748e-06,-7.1011564e-06,-8.4611861e-07,0,-0.0016115664
271100,0.47378755,0,50,49.999973,50.000027,7.9472766e-06,-7.1011559e-06,-8.4612066e-07,360,-0.0016115664
271200,0.47400182,0,50,49.999973,50.000027,7.9472748e-06,-7.1011564e-06,-8.4611861e-07,0,-0.0016115664
271300,0.47421607,0,50,49.999973,50.000027,7.9472766e-06,-7.1011559e-06,-8.4612066e-07,360,-0.0016115664
271400,0.47443032,0,50,49.999973,50.000027,7.9472748e-06,-7.1011564e-06,-8.4611861e-07,0,-0.0016115664
271500,0.47464454,0,50,49.999973,50.000027,7.9472766e-06,-7.1011559e-06,-8.4612066e-07,360,-0.0016115664
271600,0.47485882,0,50,49.999973,50.000027,7.9472748e-06,-7.1011564e-06,-8.4611861e-07,0,-0.0016115664
271700,0.4750731,0,50,49.999973,50.000027,7.9472766e-06,-7.1011559e-06,-8.4612066e-07,360,-0.0016115664
271800,0.47528735,0,50,49.999973,50.000027,7.9472748e-06,-7.1011564e-06,-8.4611861e-07,0,-0.0016115664
271900,0.4755016,0,50,49.999973,50.000027,7.9472766e-06,-7.1011559e-06,-8.4612066e-07,360,-0.0016115664
272000,0.47571588,0,50,49.999973,50.000027,7.9472748e-06,-7.1011564e-06,-8.4611861e-07,0,-0.0016115664
272100,0.47593015,0,50,49.999973,50.000027,7.9472766e-06,-7.1011559e-06,-8.4612066e-07,360,-0.0016115664
272200,0.47614437,0,50,49.999973,50.000027,7.9472748e-06,-7.1011564e-06,-8.4611861e-07,0,-0.0016115664
272300,0.47635862,0,50,49.999973,50.000027,7.9472766e-06,-7.1011559e-06,-8.4612066e-07,360,-0.0016115664
272400,0.47657287,0,50,49.999973,50.000027,7.9472748e-06,-7.1011564e-06,-8.4611861e-07,0,-0.0016115664
272500,0.47678715,0,50,49.999973,50.000027,7.9472766e-06,-7.1011559e-06,-8.4612066e-07,360,-0.0016115664
272600,0.47700143,0,50,49.999973,50.000027,7.9472748e-06,-7.1011564e-06,-8.4611861e-07,0,-0.0016115664
272700,0.47721568,0,50,49.999973,50.000027,7.9472766e-06,-7.1011559e-06,-8.4612066e-07,360,-0.0016115664
272800,0.47742993,0,50,49.999973,50.000027,7.9472748e-06,-7.1011564e-06,-8.4611861e-07,0,-0.0016115664
272900,0.47764415,0,50,49.999973,50.000027,7.9472766e-06,-7.1011559e-06,-8.4612066e-07,360,-0.0016115664
273000,0.47785842,0,50,49.999973,50.000027,7.9472748e-06,-7.1011564e-06,-8.4611861e-07,0,-0.0016115664
273100,0.4780727,0,50,49.999973,50.000027,7.9472766e-06,-7.1011559e-06,-8.4612066e-07,360,-0.0016115664
273200,0.47828695,0,50,49.999973,50.000027,7.9472748e-06,-7.1011564e-06,-8.4611861e-07,0,-0.0016115664
273300,0.4785012,0,50,49.999973,50.000027,7.9472766e-06,-7.1011559e-06,-8.4612066e-07,360,-0.0016115664
273400,0.47871548,0,50,49.999973,50.000027,7.9472748e-06,-7.1011564e-06,-8.4611861e-07,0,-0.0016115664
273500,0.47892976,0,50,49.999973,50.000027,7.9472766e-06,-7.1011559e-06,-8.4612066e-07,360,-0.0016115664
273600,0.47914398,0,50,49.999973,50.000027,7.9472748e-06,-7.1011564e-06,-8.4611861e-07,0,-0.0016115664
273700,0.47935823,0,50,49.999973,50.000027,7.9472766e-06,-7.1011559e-06,-8.4612066e-07,360,-0.0016115664
273800,0.47957247,0,50,49.999973,50.000027,7.9472748e-06,-7.1011564e-06,-8.4611861e-07,0,-0.0016115664
273900,0.47978675,0,50,49.999973,50.000027,7.9472766e-06,-7.1011559e-06,-8.4612066e-07,360,-0.0016115664
274000,0.48000103,0,50,49.999973,50.000027,7.9472748e-06,-7.1011564e-06,-8.4611861e-07,0,-0.0016115664
274100,0.48021528,0,50,49.999973,50.000027,7.9472766e-06,-7.1011559e-06,-8.4612066e-07,360,-0.0016115664
274200,0.48042953,0,50,49.999973,50.000027,7.9472748e-06,-7.1011564e-06,-8.4611861e-07,0,-0.0016115664
274300,0.48064375,0,50,49.999973,50.000027,7.9472766e-06,-7.1011559e-06,-8.4612066e-07,360,-0.0016115664
274400,0.48085803,0,50,49.999973,50.000027,7.9472748e-06,-7.1011564e-06,-8.4611861e-07,0,-0.0016115664
274500,0.48107231,0,50,49.999973,50.000027,7.9472766e-06,-7.1011559e-06,-8.4612066e-07,360,-0.0016115664
274600,0.48128656,0,50,49.999973,50.000027,7.9472748e-06,-7.1011564e-06,-8.4611861e-07,0,-0.0016115664
274700,0.4815008,0,50,49.999973,50.000027,7.9472766e-06,-7.1011559e-06,-8.4612066e-07,360,-0.0016115664
274800,0.48171508,0,50,49.999973,50.000027,7.9472748e-06,-7.1011564e-06,-8.4611861e-07,0,-0.0016115664
274900,0.48192936,0,50,49.999973,50.000027,7.9472766e-06,-7.1011559e-06,-8.4612066e-07,360,-0.0016115664
275000,0.48214358,0,50,49.999973,50.000027,7.9472748e-06,-7.1011564e-06,-8.4611861e-07,0,-0.0016115664
275100,0.48235783,0,50,49.999973,50.000027,7.9472766e-06,-7.1011559e-06,-8.4612066e-07,360,-0.0016115664
275200,0.48257208,0,50,49.999973,50.000027,7.9472748e-06,-7.1011564e-06,-8.4611861e-07,0,-0.0016115664
275300,0.48278636,0,50,49.999973,50.000027,7.9472766e-06,-7.1011559e-06,-8.4612066e-07,360,-0.0016115664
275400,0.48300064,0,50,49.999973,50.000027,7.9472748e-06,-7.1011564e-06,-8.4611861e-07,0,-0.0016115664
275500,0.48321488,0,50,49.999973,50.000027,7.9472766e-06,-7.1011559e-06,-8.4612066e-07,360,-0.0016115664
275600,0.48342913,0,50,49.999973,50.000027,7.9472748e-06,-7.1011564e-06,-8.4611861e-07,0,-0.0016115664
275700,0.48364335,0,50,49.999973,50.000027,7.9472766e-06,-7.1011559e-06,-8.4612066e-07,360,-0.0016115664
275800,0.48385763,0,50,49.999973,50.000027,7.9472748e-06,-7.1011564e-06,-8.4611861e-07,0,-0.0016115664
275900,0.48407191,0,50,49.999973,50.000027,7.9472766e-06,-7.1011559e-06,-8.4612066e-07,360,-0.0016115664
276000,0.48428616,0,50,49.999973,50.000027,7.9472748e-06,-7.1011564e-06,-8.4611861e-07,0,-0.0016115664
276100,0.48450041,0,50,49.999973,50.000027,7.9472766e-06,-7.1011559e-06,-8.4612066e-07,360,-0.0016115664
276200,0.48471469,0,50,49.999973,50.000027,7.9472748e-06,-7.1011564e-06,-8.4611861e-07,0,-0.0016115664
276300,0.48492897,0,50,49.999973,50.000027,7.9472766e-06,-7.1011559e-06,-8.4612066e-07,360,-0.0016115664
276400,0.48514318,0,50,49.999973,50.000027,7.9472748e-06,-7.1011564e-06,-8.4611861e-07,0,-0.0016115664
276500,0.48535743,0,50,49.999973,50.000027,7.9472766e-06,-7.1011559e-06,-8.4612066e-07,360,-0.0016115664
276600,0.48557168,0,50,49.999973,50.000027,7.9472748e-06,-7.1011564e-06,-8.4611861e-07,0,-0.0016115664
276700,0.48578596,0,50,49.999973,50.000027,7.9472766e-06,-7.1011559e-06,-8.4612066e-07,360,-0.0016115664
276800,0.48600024,0,50,49.999973,50.000027,7.9472748e-06,-7.1011564e-06,-8.4611861e-07,0,-0.0016115664
276900,0.48621449,0,50,49.999973,50.000027,7.9472766e-06,-7.1011559e-06,-8.4612066e-07,360,-0.0016115664
277000,0.48642874,0,50,49.999973,50.000027,7.9472748e-06,-7.1011564e-06,-8.4611861e-07,0,-0.0016115664
277100,0.48664296,0,50,49.999973,50.000027,7.9472766e-06,-7.1011559e-06,-8.4612066e-07,360,-0.0016115664
277200,0.48685724,0,50,49.999973,50.000027,7.9472748e-06,-7.1011564e-06,-8.4611861e-07,0,-0.0016115664
277300,0.48707151,0,50,49.999973,50.000027,7.9472766e-06,-7.1011559e-06,-8.4612066e-07,360,-0.0016115664
277400,0.48728576,0,50,49.999973,50.000027,7.9472748e-06,-7.1011564e-06,-8.4611861e-07,0,-0.0016115664
277500,0.48750001,0,50,49.999973,50.000027,7.9472766e-06,-7.1011559e-06,-8.4612066e-07,360,-0.0016115664
277599,0.48771429,0,50,49.999973,50.000027,7.9472748e-06,-7.1011564e-06,-8.4611861e-07,0,-0.0016115664
277699,0.48792857,0,50,49.999973,50.000027,7.9472766e-06,-7.1011559e-06,-8.4612066e-07,360,-0.0016115664
277799,0.48814279,0,50,49.999973,50.000027,7.9472748e-06,-7.1011564e-06,-8.4611861e-07,0,-0.0016115664
277899,0.48835704,0,50,49.999973,50.000027,7.9472766e-06,-7.1011559e-06,-8.4612066e-07,360,-0.0016115664
277999,0.48857129,0,50,49.999973,50.000027,7.9472748e-06,-7.1011564e-06,-8.4611861e-07,0,-0.0016115664
278099,0.48878556,0,50,49.999973,50.000027,7.9472766e-06,-7.1011559e-06,-8.4612066e-07,360,-0.0016115664
278199,0.48899984,0,50,49.999973,50.000027,7.9472748e-06,-7.1011564e-06,-8.4611861e-07,0,-0.0016115664
278299,0.48921409,0,50,49.999973,50.000027,7.9472766e-06,-7.1011559e-06,-8.4612066e-07,360,-0.0016115664
278399,0.48942834,0,50,49.999973,50.000027,7.9472748e-06,-7.1011564e-06,-8.4611861e-07,0,-0.0016115664
278499,0.48964256,0,50,49.999973,50.000027,7.9472766e-06,-7.1011559e-06,-8.4612066e-07,360,-0.0016115664
278599,0.48985684,0,50,49.999973,50.000027,7.9472748e-06,-7.1011564e-06,-8.4611861e-07,0,-0.0016115664
278699,0.49007112,0,50,49.999973,50.000027,7.9472766e-06,-7.1011559e-06,-8.4612066e-07,360,-0.0016115664
278799,0.49028537,0,50,49.999973,50.000027,7.9472748e-06,-7.1011564e-06,-8.4611861e-07,0,-0.0016115664
278899,0.49049962,0,50,49.999973,50.000027,7.9472766e-06,-7.1011559e-06,-8.4612066e-07,360,-0.0016115664
278999,0.49071389,0,50,49.999973,50.000027,7.9472748e-06,-7.1011564e-06,-8.4611861e-07,0,-0.0016115664
279099,0.49092817,0,50,49.999973,50.000027,7.9472766e-06,-7.1011559e-06,-8.4612066e-07,360,-0.0016115664
279199,0.49114239,0,50,49.999973,50.000027,7.9472748e-06,-7.1011564e-06,-8.4611861e-07,0,-0.0016115664
279299,0.49135664,0,50,49.999973,50.000027,7.9472766e-06,-7.1011559e-06,-8.4612066e-07,360,-0.0016115664
279399,0.49157089,0,50,49.999973,50.000027,7.9472748e-06,-7.1011564e-06,-8.4611861e-07,0,-0.0016115664
279499,0.49178517,0,50,49.999973,50.000027,7.9472766e-06,-7.1011559e-06,-8.4612066e-07,360,-0.0016115664
279599,0.49199945,0,50,49.999973,50.000027,7.9472748e-06,-7.1011564e-06,-8.4611861e-07,0,-0.0016115664
279699,0.4922137,0,50,49.999973,50.000027,7.9472766e-06,-7.1011559e-06,-8.4612066e-07,360,-0.0016115664
279799,0.49242795,0,50,49.999973,50.000027,7.9472748e-06,-7.1011564e-06,-8.4611861e-07,0,-0.0016115664
279899,0.49264216,0,50,49.999973,50.000027,7.9472766e-06,-7.1011559e-06,-8.4612066e-07,360,-0.0016115664
279999,0.49285644,0,50,49.999973,50.000027,7.9472748e-06,-7.1011564e-06,-8.4611861e-07,0,-0.0016115664
280099,0.49307072,0,50,49.999973,50.000027,7.9472766e-06,-7.1011559e-06,-8.4612066e-07,360,-0.0016115664
280199,0.49328497,0,50,49.999973,50.000027,7.9472748e-06,-7.1011564e-06,-8.4611861e-07,0,-0.0016115664
280299,0.49349922,0,50,49.999973,50.000027,7.9472766e-06,-7.1011559e-06,-8.4612066e-07,360,-0.0016115664
280399,0.4937135,0,50,49.999973,50.000027,7.9472748e-06,-7.1011564e-06,-8.4611861e-07,0,-0.0016115664
280499,0.49392778,0,50,49.999973,50.000027,7.9472766e-06,-7.1011559e-06,-8.4612066e-07,360,-0.0016115664
280599,0.494142,0,50,49.999973,50.000027,7.9472748e-06,-7.1011564e-06,-8.4611861e-07,0,-0.0016115664
280699,0.49435624,0,50,49.999973,50.000027,7.9472766e-06,-7.1011559e-06,-8.4612066e-07,360,-0.0016115664
280799,0.49457049,0,50,49.999973,50.000027,7.9472748e-06,-7.1011564e-06,-8.4611861e-07,0,-0.0016115664
280899,0.49478477,0,50,49.999973,50.000027,7.9472766e-06,-7.1011559e-06,-8.4612066e-07,360,-0.0016115664
280999,0.49499905,0,50,49.999973,50.000027,7.9472748e-06,-7.1011564e-06,-8.4611861e-07,0,-0.0016115664
281099,0.4952133,0,50,49.999973,50.000027,7.9472766e-06,-7.1011559e-06,-8.4612066e-07,360,-0.0016115664
281199,0.49542755,0,50,49.999973,50.000027,7.9472748e-06,-7.1011564e-06,-8.4611861e-07,0,-0.0016115664
281299,0.49564177,0,50,49.999973,50.000027,7.9472766e-06,-7.1011559e-06,-8.4612066e-07,360,-0.0016115664
281399,0.49585605,0,50,49.999973,50.000027,7.9472748e-06,-7.1011564e-06,-8.4611861e-07,0,-0.0016115664
281499,0.49607033,0,50,49.999973,50.000027,7.9472766e-06,-7.1011559e-06,-8.4612066e-07,360,-0.0016115664
281599,0.49628457,0,50,49.999973,50.000027,7.9472748e-06,-7.1011564e-06,-8.4611861e-07,0,-0.0016115664
281699,0.49649882,0,50,49.999973,50.000027,7.9472766e-06,-7.1011559e-06,-8.4612066e-07,360,-0.0016115664
281799,0.4967131,0,50,49.999973,50.000027,7.9472748e-06,-7.1011564e-06,-8.4611861e-07,0,-0.0016115664
281899,0.49692738,0,50,49.999973,50.000027,7.9472766e-06,-7.1011559e-06,-8.4612066e-07,360,-0.0016115664
281999,0.4971416,0,50,49.999973,50.000027,7.9472748e-06,-7.1011564e-06,-8.4611861e-07,0,-0.0016115664
282099,0.49735585,0,50,49.999973,50.000027,7.9472766e-06,-7.1011559e-06,-8.4612066e-07,360,-0.0016115664
282199,0.4975701,0,50,49.999973,50.000027,7.9472748e-06,-7.1011564e-06,-8.4611861e-07,0,-0.0016115664
282299,0.49778438,0,50,49.999973,50.000027,7.9472766e-06,-7.1011559e-06,-8.4612066e-07,360,-0.0016115664
282399,0.49799865,0,50,49.999973,50.000027,7.9472748e-06,-7.1011564e-06,-8.4611861e-07,0,-0.0016115664
282499,0.4982129,0,50,49.999973,50.000027,7.9472766e-06,-7.1011559e-06,-8.4612066e-07,360,-0.0016115664
282599,0.49842715,0,50,49.999973,50.000027,7.9472748e-06,-7.1011564e-06,-8.4611861e-07,0,-0.0016115664
282699,0.49864137,0,50,49.999973,50.000027,7.9472766e-06,-7.1011559e-06,-8.4612066e-07,360,-0.0016115664
282799,0.49885565,0,50,49.999973,50.000027,7.9472748e-06,-7.1011564e-06,-8.4611861e-07,0,-0.0016115664
282899,0.49906993,0,50,49.999973,50.000027,7.9472766e-06,-7.1011559e-06,-8.4612066e-07,360,-0.0016115664
282999,0.49928418,0,50,49.999973,50.000027,7.9472748e-06,-7.1011564e-06,-8.4611861e-07,0,-0.0016115664
283099,0.49949843,0,50,49.999973,50.000027,7.9472766e-06,-7.1011559e-06,-8.4612066e-07,360,-0.0016115664
283199,0.49971271,0,50,49.999973,50.000027,7.9472748e-06,-7.1011564e-06,-8.4611861e-07,0,-0.0016115664
283299,0.49992698,0,50,49.999973,50.000027,7.9472766e-06,-7.1011559e-06,-8.4612066e-07,360,-0.0016115664
283399,0.5001412,0,50,49.999973,50.000027,7.9472748e-06,-7.1011564e-06,-8.4611861e-07,0,-0.0016115664
283499,0.50035548,0,50,49.999973,50.000027,7.9472766e-06,-7.1011559e-06,-8.4612066e-07,360,-0.0016115664
283599,0.5005697,0,50,49.999973,50.000027,7.9472748e-06,-7.1011564e-06,-8.4611861e-07,0,-0.0016115664
283699,0.50078398,0,50,49.999973,50.000027,7.9472766e-06,-7.1011559e-06,-8.4612066e-07,360,-0.0016115664
283799,0.50099826,0,50,49.999973,50.000027,7.9472748e-06,-7.1011564e-06,-8.4611861e-07,0,-0.0016115664
283899,0.50121248,0,50,49.999973,50.000027,7.9472766e-06,-7.1011559e-06,-8.4612066e-07,360,-0.0016115664
283999,0.50142676,0,50,49.999973,50.000027,7.9472748e-06,-7.1011564e-06,-8.4611861e-07,0,-0.0016115664
284099,0.50164098,0,50,49.999973,50.000027,7.9472766e-06,-7.1011559e-06,-8.4612066e-07,360,-0.0016115664
284199,0.50185525,0,50,49.999973,50.000027,7.9472748e-06,-7.1011564e-06,-8.4611861e-07,0,-0.0016115664
284299,0.50206953,0,50,49.999973,50.000027,7.9472766e-06,-7.1011559e-06,-8.4612066e-07,360,-0.0016115664
284399,0.50228381,0,50,49.999973,50.000027,7.9472748e-06,-7.1011564e-06,-8.4611861e-07,0,-0.0016115664
284499,0.50249803,0,50,49.999973,50.000027,7.9472766e-06,-7.1011559e-06,-8.4612066e-07,360,-0.0016115664
284599,0.50271231,0,50,49.999973,50.000027,7.9472748e-06,-7.1011564e-06,-8.4611861e-07,0,-0.0016115664
284699,0.50292659,0,50,49.999973,50.000027,7.9472766e-06,-7.1011559e-06,-8.4612066e-07,360,-0.0016115664
284799,0.50314081,0,50,49.999973,50.000027,7.9472748e-06,-7.1011564e-06,-8.4611861e-07,0,-0.0016115664
284899,0.50335503,0,50,49.999973,50.000027,7.9472766e-06,-7.1011559e-06,-8.4612066e-07,360,-0.0016115664
284999,0.5035693,0,50,49.999973,50.000027,7.9472748e-06,-7.1011564e-06,-8.4611861e-07,0,-0.0016115664
285098,0.50378358,0,50,49.999973,50.000027,7.9472766e-06,-7.1011559e-06,-8.4612066e-07,360,-0.0016115664
285198,0.50399786,0,50,49.999973,50.000027,7.9472748e-06,-7.1011564e-06,-8.4611861e-07,0,-0.0016115664
285298,0.50421214,0,50,49.999973,50.000027,7.9472766e-06,-7.1011559e-06,-8.4612066e-07,360,-0.0016115664
285398,0.50442636,0,50,49.999973,50.000027,7.9472748e-06,-7.1011564e-06,-8.4611861e-07,0,-0.0016115664
285498,0.50464058,0,50,49.999973,50.000027,7.9472766e-06,-7.1011559e-06,-8.4612066e-07,360,-0.0016115664
285598,0.50485486,0,50,49.999973,50.000027,7.9472748e-06,-7.1011564e-06,-8.4611861e-07,0,-0.0016115664
285698,0.50506914,0,50,49.999973,50.000027,7.9472766e-06,-7.1011559e-06,-8.4612066e-07,360,-0.0016115664
285798,0.50528336,0,50,49.999973,50.000027,7.9472748e-06,-7.1011564e-06,-8.4611861e-07,0,-0.0016115664
285898,0.50549763,0,50,49.999973,50.000027,7.9472766e-06,-7.1011559e-06,-8.4612066e-07,360,-0.0016115664
285998,0.50571191,0,50,49.999973,50.000027,7.9472748e-06,-7.1011564e-06,-8.4611861e-07,0,-0.0016115664
286098,0.50592619,0,50,49.999973,50.000027,7.9472766e-06,-7.1011559e-06,-8.4612066e-07,360,-0.0016115664
286198,0.50614041,0,50,49.999973,50.000027,7.9472748e-06,-7.1011564e-06,-8.4611861e-07,0,-0.0016115664
286298,0.50635469,0,50,49.999973,50.000027,7.9472766e-06,-7.1011559e-06,-8.4612066e-07,360,-0.0016115664
286398,0.50656891,0,50,49.999973,50.000027,7.9472748e-06,-7.1011564e-06,-8.4611861e-07,0,-0.0016115664
286498,0.50678319,0,50,49.999973,50.000027,7.9472766e-06,-7.1011559e-06,-8.4612066e-07,360,-0.0016115664
286598,0.50699747,0,50,49.999973,50.000027,7.9472748e-06,-7.1011564e-06,-8.4611861e-07,0,-0.0016115664
286698,0.50721169,0,50,49.999973,50.000027,7.9472766e-06,-7.1011559e-06,-8.4612066e-07,360,-0.0016115664
286798,0.50742596,0,50,49.999973,50.000027,7.9472748e-06,-7.1011564e-06,-8.4611861e-07,0,-0.0016115664
286898,0.50764018,0,50,49.999973,50.000027,7.9472766e-06,-7.1011559e-06,-8.4612066e-07,360,-0.0016115664
286998,0.50785446,0,50,49.999973,50.000027,7.9472748e-06,-7.1011564e-06,-8.4611861e-07,0,-0.0016115664
287098,0.50806874,0,50,49.999973,50.000027,7.9472766e-06,-7.1011559e-06,-8.4612066e-07,360,-0.0016115664
287198,0.50828302,0,50,49.999973,50.000027,7.9472748e-06,-7.1011564e-06,-8.4611861e-07,0,-0.0016115664
287298,0.50849724,0,50,49.999973,50.000027,7.9472766e-06,-7.1011559e-06,-8.4612066e-07,360,-0.0016115664
287398,0.50871152,0,50,49.999973,50.000027,7.9472748e-06,-7.1011564e-06,-8.4611861e-07,0,-0.0016115664
287498,0.5089258,0,50,49.999973,50.000027,7.9472766e-06,-7.1011559e-06,-8.4612066e-07,360,-0.0016115664
287598,0.50914001,0,50,49.999973,50.000027,7.9472748e-06,-7.1011564e-06,-8.4611861e-07,0,-0.0016115664
287698,0.50935423,0,50,49.999973,50.000027,7.9472766e-06,-7.1011559e-06,-8.4612066e-07,360,-0.0016115664
287798,0.50956851,0,50,49.999973,50.000027,7.9472748e-06,-7.1011564e-06,-8.4611861e-07,0,-0.0016115664
287898,0.50978279,0,50,49.999973,50.000027,7.9472766e-06,-7.1011559e-06,-8.4612066e-07,360,-0.0016115664
287998,0.50999707,0,50,49.999973,50.000027,7.9472748e-06,-7.1011564e-06,-8.4611861e-07,0,-0.0016115664
288098,0.51021135,0,50,49.999973,50.000027,7.9472766e-06,-7.1011559e-06,-8.4612066e-07,360,-0.0016115664
288198,0.51042557,0,50,49.999973,50.000027,7.9472748e-06,-7.1011564e-06,-8.4611861e-07,0,-0.0016115664
288298,0.51063979,0,50,49.999973,50.000027,7.9472766e-06,-7.1011559e-06,-8.4612066e-07,360,-0.0016115664
288398,0.51085407,0,50,49.999973,50.000027,7.9472748e-06,-7.1011564e-06,-8.4611861e-07,0,-0.0016115664
288498,0.51106834,0,50,49.999973,50.000027,7.9472766e-06,-7.1011559e-06,-8.4612066e-07,360,-0.0016115664
288598,0.51128256,0,50,49.999973,50.000027,7.9472748e-06,-7.1011564e-06,-8.4611861e-07,0,-0.0016115664
288698,0.51149684,0,50,49.999973,50.000027,7.9472766e-06,-7.1011559e-06,-8.4612066e-07,360,-0.0016115664
288798,0.51171112,0,50,49.999973,50.000027,7.9472748e-06,-7.1011564e-06,-8.4611861e-07,0,-0.0016115664
288898,0.5119254,0,50,49.999973,50.000027,7.9472766e-06,-7.1011559e-06,-8.4612066e-07,360,-0.0016115664
288998,0.51213962,0,50,49.999973,50.000027,7.9472748e-06,-7.1011564e-06,-8.4611861e-07,0,-0.0016115664
289098,0.5123539,0,50,49.999973,50.000027,7.9472766e-06,-7.1011559e-06,-8.4612066e-07,360,-0.0016115664
289198,0.51256812,0,50,49.999973,50.000027,7.9472748e-06,-7.1011564e-06,-8.4611861e-07,0,-0.0016115664
289298,0.51278239,0,50,49.999973,50.000027,7.9472766e-06,-7.1011559e-06,-8.4612066e-07,360,-0.0016115664
289398,0.51299667,0,50,49.999973,50.000027,7.9472748e-06,-7.1011564e-06,-8.4611861e-07,0,-0.0016115664
289498,0.51321089,0,50,49.999973,50.000027,7.9472766e-06,-7.1011559e-06,-8.4612066e-07,360,-0.0016115664
289598,0.51342517,0,50,49.999973,50.000027,7.9472748e-06,-7.1011564e-06,-8.4611861e-07,0,-0.0016115664
289698,0.51363939,0,50,49.999973,50.000027,7.9472766e-06,-7.1011559e-06,-8.4612066e-07,360,-0.0016115664
289798,0.51385367,0,50,49.999973,50.000027,7.9472748e-06,-7.1011564e-06,-8.4611861e-07,0,-0.0016115664
289898,0.51406795,0,50,49.999973,50.000027,7.9472766e-06,-7.1011559e-06,-8.4612066e-07,360,-0.0016115664
289998,0.51428223,0,50,49.999973,50.000027,7.9472748e-06,-7.1011564e-06,-8.4611861e-07,0,-0.0016115664
290098,0.51449645,0,50,49.999973,50.000027,7.9472766e-06,-7.1011559e-06,-8.4612066e-07,360,-0.0016115664
290198,0.51471072,0,50,49.999973,50.000027,7.9472748e-06,-7.1011564e-06,-8.4611861e-07,0,-0.0016115664
290298,0.514925,0,50,49.999973,50.000027,7.9472766e-06,-7.1011559e-06,-8.4612066e-07,360,-0.0016115664
290398,0.51513922,0,50,49.999973,50.000027,7.9472748e-06,-7.1011564e-06,-8.4611861e-07,0,-0.0016115664
290498,0.51535344,0,50,49.999973,50.000027,7.9472766e-06,-7.1011559e-06,-8.4612066e-07,360,-0.0016115664
290598,0.51556772,0,50,49.999973,50.000027,7.9472748e-06,-7.1011564e-06,-8.4611861e-07,0,-0.0016115664
290698,0.515782,0,50,49.999973,50.000027,7.9472766e-06,-7.1011559e-06,-8.4612066e-07,360,-0.0016115664
290798,0.51599628,0,50,49.999973,50.000027,7.9472748e-06,-7.1011564e-06,-8.4611861e-07,0,-0.0016115664
290898,0.51621056,0,50,49.999973,50.000027,7.9472766e-06,-7.1011559e-06,-8.4612066e-07,360,-0.0016115664
290998,0.51642478,0,50,49.999973,50.000027,7.9472748e-06,-7.1011564e-06,-8.4611861e-07,0,-0.0016115664
291098,0.51663899,0,50,49.999973,50.000027,7.9472766e-06,-7.1011559e-06,-8.4612066e-07,360,-0.0016115664
291198,0.51685327,0,50,49.999973,50.000027,7.9472748e-06,-7.1011564e-06,-8.4611861e-07,0,-0.0016115664
291298,0.51706755,0,50,49.999973,50.000027,7.9472766e-06,-7.1011559e-06,-8.4612066e-07,360,-0.0016115664
291398,0.51728177,0,50,49.999973,50.000027,7.9472748e-06,-7.1011564e-06,-8.4611861e-07,0,-0.0016115664
291498,0.51749605,0,50,49.999973,50.000027,7.9472766e-06,-7.1011559e-06,-8.4612066e-07,360,-0.0016115664
291598,0.51771033,0,50,49.999973,50.000027,7.9472748e-06,-7.1011564e-06,-8.4611861e-07,0,-0.0016115664
291698,0.51792461,0,50,49.999973,50.000027,7.9472766e-06,-7.1011559e-06,-8.4612066e-07,360,-0.0016115664
291798,0.51813883,0,50,49.999973,50.000027,7.9472748e-06,-7.1011564e-06,-8.4611861e-07,0,-0.0016115664
291898,0.5183531,0,50,49.999973,50.000027,7.9472766e-06,-7.1011559e-06,-8.4612066e-07,360,-0.0016115664
291998,0.51856732,0,50,49.999973,50.000027,7.9472748e-06,-7.1011564e-06,-8.4611861e-07,0,-0.0016115664
292098,0.5187816,0,50,49.999973,50.000027,7.9472766e-06,-7.1011559e-06,-8.4612066e-07,360,-0.0016115664
292198,0.51899588,0,50,49.999973,50.000027,7.9472748e-06,-7.1011564e-06,-8.4611861e-07,0,-0.0016115664
292298,0.5192101,0,50,49.999973,50.000027,7.9472766e-06,-7.1011559e-06,-8.4612066e-07,360,-0.0016115664
292398,0.51942438,0,50,49.999973,50.000027,7.9472748e-06,-7.1011564e-06,-8.4611861e-07,0,-0.0016115664
292498,0.5196386,0,50,49.999973,50.000027,7.9472766e-06,-7.1011559e-06,-8.4612066e-07,360,-0.0016115664
292598,0.51985288,0,50,49.999973,50.000027,7.9472748e-06,-7.1011564e-06,-8.4611861e-07,0,-0.0016115664
292697,0.52006716,0,50,49.999973,50.000027,7.9472766e-06,-7.1011559e-06,-8.4612066e-07,360,-0.0016115664
292797,0.52028143,0,50,49.999973,50.000027,7.9472748e-06,-7.1011564e-06,-8.4611861e-07,0,-0.0016115664
292897,0.52049565,0,50,49.999973,50.000027,7.9472766e-06,-7.1011559e-06,-8.4612066e-07,360,-0.0016115664
292997,0.52070993,0,50,49.999973,50.000027,7.9472748e-06,-7.1011564e-06,-8.4611861e-07,0,-0.0016115664
293097,0.52092421,0,50,49.999973,50.000027,7.9472766e-06,-7.1011559e-06,-8.4612066e-07,360,-0.0016115664
293197,0.52113843,0,50,49.999973,50.000027,7.9472748e-06,-7.1011564e-06,-8.4611861e-07,0,-0.0016115664
293297,0.52135265,0,50,49.999973,50.000027,7.9472766e-06,-7.1011559e-06,-8.4612066e-07,360,-0.0016115664
293397,0.52156693,0,50,49.999973,50.000027,7.9472748e-06,-7.1011564e-06,-8.4611861e-07,0,-0.0016115664
293497,0.52178121,0,50,49.999973,50.000027,7.9472766e-06,-7.1011559e-06,-8.4612066e-07,360,-0.0016115664
293597,0.52199548,0,50,49.999973,50.000027,7.9472748e-06,-7.1011564e-06,-8.4611861e-07,0,-0.0016115664
293697,0.52220976,0,50,49.999973,50.000027,7.9472766e-06,-7.1011559e-06,-8.4612066e-07,360,-0.0016115664
293797,0.52242398,0,50,49.999973,50.000027,7.9472748e-06,-7.1011564e-06,-8.4611861e-07,0,-0.0016115664
293897,0.5226382,0,50,49.999973,50.000027,7.9472766e-06,-7.1011559e-06,-8.4612066e-07,360,-0.0016115664
293997,0.52285248,0,50,49.999973,50.000027,7.9472748e-06,-7.1011564e-06,-8.4611861e-07,0,-0.0016115664
294097,0.52306676,0,50,49.999973,50.000027,7.9472766e-06,-7.1011559e-06,-8.4612066e-07,360,-0.0016115664
294197,0.52328098,0,50,49.999973,50.000027,7.9472748e-06,-7.1011564e-06,-8.4611861e-07,0,-0.0016115664
294297,0.52349526,0,50,49.999973,50.000027,7.9472766e-06,-7.1011559e-06,-8.4612066e-07,360,-0.0016115664
294397,0.52370954,0,50,49.999973,50.000027,7.9472748e-06,-7.1011564e-06,-8.4611861e-07,0,-0.0016115664
294497,0.52392381,0,50,49.999973,50.000027,7.9472766e-06,-7.1011559e-06,-8.4612066e-07,360,-0.0016115664
294597,0.52413803,0,50,49.999973,50.000027,7.9472748e-06,-7.1011564e-06,-8.4611861e-07,0,-0.0016115664
294697,0.52435231,0,50,49.999973,50.000027,7.9472766e-06,-7.1011559e-06,-8.4612066e-07,360,-0.0016115664
294797,0.52456653,0,50,49.999973,50.000027,7.9472748e-06,-7.1011564e-06,-8.4611861e-07,0,-0.0016115664
294897,0.52478081,0,50,49.999973,50.000027,7.9472766e-06,-7.1011559e-06,-8.4612066e-07,360,-0.0016115664
294997,0.52499509,0,50,49.999973,50.000027,7.9472748e-06,-7.1011564e-06,-8.4611861e-07,0,-0.0016115664
295097,0.52520931,0,50,49.999973,50.000027,7.9472766e-06,-7.1011559e-06,-8.4612066e-07,360,-0.0016115664
295197,0.52542359,0,50,49.999973,50.000027,7.9472748e-06,-7.1011564e-06,-8.4611861e-07,0,-0.0016115664
295297,0.52563781,0,50,49.999973,50.000027,7.9472766e-06,-7.1011559e-06,-8.4612066e-07,360,-0.0016115664
295397,0.52585208,0,50,49.999973,50.000027,7.9472748e-06,-7.1011564e-06,-8.4611861e-07,0,-0.0016115664
295497,0.52606636,0,50,49.999973,50.000027,7.9472766e-06,-7.1011559e-06,-8.4612066e-07,360,-0.0016115664
295597,0.52628064,0,50,49.999973,50.000027,7.9472748e-06,-7.1011564e-06,-8.4611861e-07,0,-0.0016115664
295697,0.52649486,0,50,49.999973,50.000027,7.9472766e-06,-7.1011559e-06,-8.4612066e-07,360,-0.0016115664
295797,0.52670914,0,50,49.999973,50.000027,7.9472748e-06,-7.1011564e-06,-8.4611861e-07,0,-0.0016115664
295897,0.52692342,0,50,49.999973,50.000027,7.9472766e-06,-7.1011559e-06,-8.4612066e-07,360,-0.0016115664
295997,0.52713764,0,50,49.999973,50.000027,7.9472748e-06,-7.1011564e-06,-8.4611861e-07,0,-0.0016115664
296097,0.52735186,0,50,49.999973,50.000027,7.9472766e-06,-7.1011559e-06,-8.4612066e-07,360,-0.0016115664
296197,0.52756613,0,50,49.999973,50.000027,7.9472748e-06,-7.1011564e-06,-8.4611861e-07,0,-0.0016115664
296297,0.52778041,0,50,49.999973,50.000027,7.9472766e-06,-7.1011559e-06,-8.4612066e-07,360,-0.0016115664
296397,0.52799469,0,50,49.999973,50.000027,7.9472748e-06,-7.1011564e-06,-8.4611861e-07,0,-0.0016115664
296497,0.52820897,0,50,49.999973,50.000027,7.9472766e-06,-7.1011559e-06,-8.4612066e-07,360,-0.0016115664
296597,0.52842319,0,50,49.999973,50.000027,7.9472748e-06,-7.1011564e-06,-8.4611861e-07,0,-0.0016115664
296697,0.52863741,0,50,49.999973,50.000027,7.9472766e-06,-7.1011559e-06,-8.4612066e-07,360,-0.0016115664
296797,0.52885169,0,50,49.999973,50.000027,7.9472748e-06,-7.1011564e-06,-8.4611861e-07,0,-0.0016115664
296897,0.52906597,0,50,49.999973,50.000027,7.9472766e-06,-7.1011559e-06,-8.4612066e-07,360,-0.0016115664
296997,0.52928019,0,50,49.999973,50.000027,7.9472748e-06,-7.1011564e-06,-8.4611861e-07,0,-0.0016115664
297097,0.52949446,0,50,49.999973,50.000027,7.9472766e-06,-7.1011559e-06,-8.4612066e-07,360,-0.0016115664
297197,0.52970874,0,50,49.999973,50.000027,7.9472748e-06,-7.1011564e-06,-8.4611861e-07,0,-0.0016115664
297297,0.52992302,0,50,49.999973,50.000027,7.9472766e-06,-7.1011559e-06,-8.4612066e-07,360,-0.0016115664
297397,0.53013724,0,50,49.999973,50.000027,7.9472748e-06,-7.1011564e-06,-8.4611861e-07,0,-0.0016115664
297497,0.53035152,0,50,49.999973,50.000027,7.9472766e-06,-7.1011559e-06,-8.4612066e-07,360,-0.0016115664
297597,0.53056574,0,50,49.999973,50.000027,7.9472748e-06,-7.1011564e-06,-8.4611861e-07,0,-0.0016115664
297697,0.53078002,0,50,49.999973,50.000027,7.9472766e-06,-7.1011559e-06,-8.4612066e-07,360,-0.0016115664
297797,0.5309943,0,50,49.999973,50.000027,7.9472748e-06,-7.1011564e-06,-8.4611861e-07,0,-0.0016115664
297897,0.53120852,0,50,49.999973,50.000027,7.9472766e-06,-7.1011559e-06,-8.4612066e-07,360,-0.0016115664
297997,0.53142279,0,50,49.999973,50.000027,7.9472748e-06,-7.1011564e-06,-8.4611861e-07,0,-0.0016115664
298097,0.53163701,0,50,49.999973,50.000027,7.9472766e-06,-7.1011559e-06,-8.4612066e-07,360,-0.0016115664
298197,0.53185129,0,50,49.999973,50.000027,7.9472748e-06,-7.1011564e-06,-8.4611861e-07,0,-0.0016115664
298297,0.53206557,0,50,49.999973,50.000027,7.9472766e-06,-7.1011559e-06,-8.4612066e-07,360,-0.0016115664
298397,0.53227985,0,50,49.999973,50.000027,7.9472748e-06,-7.1011564e-06,-8.4611861e-07,0,-0.0016115664
298497,0.53249407,0,50,49.999973,50.000027,7.9472766e-06,-7.1011559e-06,-8.4612066e-07,360,-0.0016115664
298597,0.53270835,0,50,49.999973,50.000027,7.9472748e-06,-7.1011564e-06,-8.4611861e-07,0,-0.0016115664
298697,0.53292263,0,50,49.999973,50.000027,7.9472766e-06,-7.1011559e-06,-8.4612066e-07,360,-0.0016115664
298797,0.53313684,0,50,49.999973,50.000027,7.9472748e-06,-7.1011564e-06,-8.4611861e-07,0,-0.0016115664
298897,0.53335106,0,50,49.999973,50.000027,7.9472766e-06,-7.1011559e-06,-8.4612066e-07,360,-0.0016115664
298997,0.53356534,0,50,49.999973,50.000027,7.9472748e-06,-7.1011564e-06,-8.4611861e-07,0,-0.0016115664
299097,0.53377962,0,50,49.999973,50.000027,7.9472766e-06,-7.1011559e-06,-8.4612066e-07,360,-0.0016115664
299197,0.5339939,0,50,49.999973,50.000027,7.9472748e-06,-7.1011564e-06,-8.4611861e-07,0,-0.0016115664
299297,0.53420818,0,50,49.999973,50.000027,7.9472766e-06,-7.1011559e-06,-8.4612066e-07,360,-0.0016115664
299397,0.5344224,0,50,49.999973,50.000027,7.9472748e-06,-7.1011564e-06,-8.4611861e-07,0,-0.0016115664
299497,0.53463662,0,50,49.999973,50.000027,7.9472766e-06,-7.1011559e-06,-8.4612066e-07,360,-0.0016115664
299597,0.5348509,0,50,49.999973,50.000027,7.9472748e-06,-7.1011564e-06,-8.4611861e-07,0,-0.0016115664
299697,0.53506517,0,50,49.999973,50.000027,7.9472766e-06,-7.1011559e-06,-8.4612066e-07,360,-0.0016115664
299797,0.53527939,0,50,49.999973,50.000027,7.9472748e-06,-7.1011564e-06,-8.4611861e-07,0,-0.0016115664
299897,0.53549367,0,50,49.999973,50.000027,7.9472766e-06,-7.1011559e-06,-8.4612066e-07,360,-0.0016115664
299997,0.53570795,0,50,49.999973,50.000027,7.9472748e-06,-7.1011564e-06,-8.4611861e-07,0,-0.0016115664
300097,0.53592217,0,50,49.999973,50.000027,7.9472766e-06,-7.1011559e-06,-8.4612066e-07,360,-0.0016115664
300197,0.53613645,0,50,49.999973,50.000027,7.9472748e-06,-7.1011564e-06,-8.4611861e-07,0,-0.0016115664
300296,0.53635073,0,50,49.999973,50.000027,7.9472766e-06,-7.1011559e-06,-8.4612066e-07,360,-0.0016115664
300396,0.53656495,0,50,49.999973,50.000027,7.9472748e-06,-7.1011564e-06,-8.4611861e-07,0,-0.0016115664
300496,0.53677917,0,50,49.999973,50.000027,7.9472766e-06,-7.1011559e-06,-8.4612066e-07,360,-0.0016115664
300596,0.53699344,0,50,49.999973,50.000027,7.9472748e-06,-7.1011564e-06,-8.4611861e-07,0,-0.0016115664
300696,0.53720772,0,50,49.999973,50.000027,7.9472766e-06,-7.1011559e-06,-8.4612066e-07,360,-0.0016115664
300796,0.53742194,0,50,49.999973,50.000027,7.9472748e-06,-7.1011564e-06,-8.4611861e-07,0,-0.0016115664
300896,0.53763622,0,50,49.999973,50.000027,7.9472766e-06,-7.1011559e-06,-8.4612066e-07,360,-0.0016115664
300996,0.5378505,0,50,49.999973,50.000027,7.9472748e-06,-7.1011564e-06,-8.4611861e-07,0,-0.0016115664
301096,0.53806472,0,50,49.999973,50.000027,7.9472766e-06,-7.1011559e-06,-8.4612066e-07,360,-0.0016115664
301196,0.538279,0,50,49.999973,50.000027,7.9472748e-06,-7.1011564e-06,-8.4611861e-07,0,-0.0016115664
301296,0.53849328,0,50,49.999973,50.000027,7.9472766e-06,-7.1011559e-06,-8.4612066e-07,360,-0.0016115664
301396,0.53870749,0,50,49.999973,50.000027,7.9472748e-06,-7.1011564e-06,-8.4611861e-07,0,-0.0016115664
301496,0.53892177,0,50,49.999973,50.000027,7.9472766e-06,-7.1011559e-06,-8.4612066e-07,360,-0.0016115664
301596,0.53913605,0,50,49.999973,50.000027,7.9472748e-06,-7.1011564e-06,-8.4611861e-07,0,-0.0016115664
301696,0.53935027,0,50,49.999973,50.000027,7.9472766e-06,-7.1011559e-06,-8.4612066e-07,360,-0.0016115664
301796,0.53956449,0,50,49.999973,50.000027,7.9472748e-06,-7.1011564e-06,-8.4611861e-07,0,-0.0016115664
301896,0.53977877,0,50,49.999973,50.000027,7.9472766e-06,-7.1011559e-06,-8.4612066e-07,360,-0.0016115664
301996,0.53999305,0,50,49.999973,50.000027,7.9472748e-06,-7.1011564e-06,-8.4611861e-07,0,-0.0016115664
302096,0.54020733,0,50,49.999973,50.000027,7.9472766e-06,-7.1011559e-06,-8.4612066e-07,360,-0.0016115664
302196,0.54042161,0,50,49.999973,50.000027,7.9472748e-06,-7.1011564e-06,-8.4611861e-07,0,-0.0016115664
302296,0.54063582,0,50,49.999973,50.000027,7.9472766e-06,-7.1011559e-06,-8.4612066e-07,360,-0.0016115664
302396,0.5408501,0,50,49.999973,50.000027,7.9472748e-06,-7.1011564e-06,-8.4611861e-07,0,-0.0016115664
302496,0.54106432,0,50,49.999973,50.000027,7.9472766e-06,-7.1011559e-06,-8.4612066e-07,360,-0.0016115664
302596,0.5412786,0,50,49.999973,50.000027,7.9472748e-06,-7.1011564e-06,-8.4611861e-07,0,-0.0016115664
302696,0.54149282,0,50,49.999973,50.000027,7.9472766e-06,-7.1011559e-06,-8.4612066e-07,360,-0.0016115664
302796,0.5417071,0,50,49.999973,50.000027,7.9472748e-06,-7.1011564e-06,-8.4611861e-07,0,-0.0016115664
302896,0.54192138,0,50,49.999973,50.000027,7.9472766e-06,-7.1011559e-06,-8.4612066e-07,360,-0.0016115664
302996,0.54213566,0,50,49.999973,50.000027,7.9472748e-06,-7.1011564e-06,-8.4611861e-07,0,-0.0016115664
303096,0.54234993,0,50,49.999973,50.000027,7.9472766e-06,-7.1011559e-06,-8.4612066e-07,360,-0.0016115664
303196,0.54256415,0,50,49.999973,50.000027,7.9472748e-06,-7.1011564e-06,-8.4611861e-07,0,-0.0016115664
303296,0.54277837,0,50,49.999973,50.000027,7.9472766e-06,-7.1011559e-06,-8.4612066e-07,360,-0.0016115664
303396,0.54299265,0,50,49.999973,50.000027,7.9472748e-06,-7.1011564e-06,-8.4611861e-07,0,-0.0016115664
303496,0.54320693,0,50,49.999973,50.000027,7.9472766e-06,-7.1011559e-06,-8.4612066e-07,360,-0.0016115664
303596,0.54342115,0,50,49.999973,50.000027,7.9472748e-06,-7.1011564e-06,-8.4611861e-07,0,-0.0016115664
303696,0.54363543,0,50,49.999973,50.000027,7.9472766e-06,-7.1011559e-06,-8.4612066e-07,360,-0.0016115664
303796,0.54384971,0,50,49.999973,50.000027,7.9472748e-06,-7.1011564e-06,-8.4611861e-07,0,-0.0016115664
303896,0.54406393,0,50,49.999973,50.000027,7.9472766e-06,-7.1011559e-06,-8.4612066e-07,360,-0.0016115664
303996,0.5442782,0,50,49.999973,50.000027,7.9472748e-06,-7.1011564e-06,-8.4611861e-07,0,-0.0016115664
304096,0.54449248,0,50,49.999973,50.000027,7.9472766e-06,-7.1011559e-06,-8.4612066e-07,360,-0.0016115664
304196,0.5447067,0,50,49.999973,50.000027,7.9472748e-06,-7.1011564e-06,-8.4611861e-07,0,-0.0016115664
304296,0.54492098,0,50,49.999973,50.000027,7.9472766e-06,-7.1011559e-06,-8.4612066e-07,360,-0.0016115664
304396,0.54513526,0,50,49.999973,50.000027,7.9472748e-06,-7.1011564e-06,-8.4611861e-07,0,-0.0016115664
304496,0.54534948,0,50,49.999973,50.000027,7.9472766e-06,-7.1011559e-06,-8.4612066e-07,360,-0.0016115664
304596,0.5455637,0,50,49.999973,50.000027,7.9472748e-06,-7.1011564e-06,-8.4611861e-07,0,-0.0016115664
304696,0.54577798,0,50,49.999973,50.000027,7.9472766e-06,-7.1011559e-06,-8.4612066e-07,360,-0.0016115664
304796,0.54599226,0,50,49.999973,50.000027,7.9472748e-06,-7.1011564e-06,-8.4611861e-07,0,-0.0016115664
304896,0.54620653,0,50,49.999973,50.000027,7.9472766e-06,-7.1011559e-06,-8.4612066e-07,360,-0.0016115664
304996,0.54642081,0,50,49.999973,50.000027,7.9472748e-06,-7.1011564e-06,-8.4611861e-07,0,-0.0016115664
305096,0.54663503,0,50,49.999973,50.000027,7.9472766e-06,-7.1011559e-06,-8.4612066e-07,360,-0.0016115664
305196,0.54684931,0,50,49.999973,50.000027,7.9472748e-06,-7.1011564e-06,-8.4611861e-07,0,-0.0016115664
305296,0.54706353,0,50,49.999973,50.000027,7.9472766e-06,-7.1011559e-06,-8.4612066e-07,360,-0.0016115664
305396,0.54727781,0,50,49.999973,50.000027,7.9472748e-06,-7.1011564e-06,-8.4611861e-07,0,-0.0016115664
305496,0.54749203,0,50,49.999973,50.000027,7.9472766e-06,-7.1011559e-06,-8.4612066e-07,360,-0.0016115664
305596,0.54770631,0,50,49.999973,50.000027,7.9472748e-06,-7.1011564e-06,-8.4611861e-07,0,-0.0016115664
305696,0.54792058,0,50,49.999973,50.000027,7.9472766e-06,-7.1011559e-06,-8.4612066e-07,360,-0.0016115664
305796,0.54813486,0,50,49.999973,50.000027,7.9472748e-06,-7.1011564e-06,-8.4611861e-07,0,-0.0016115664
305896,0.54834914,0,50,49.999973,50.000027,7.9472766e-06,-7.1011559e-06,-8.4612066e-07,360,-0.0016115664
305996,0.54856336,0,50,49.999973,50.000027,7.9472748e-06,-7.1011564e-06,-8.4611861e-07,0,-0.0016115664
306096,0.54877758,0,50,49.999973,50.000027,7.9472766e-06,-7.1011559e-06,-8.4612066e-07,360,-0.0016115664
306196,0.54899186,0,50,49.999973,50.000027,7.9472748e-06,-7.1011564e-06,-8.4611861e-07,0,-0.0016115664
306296,0.54920614,0,50,49.999973,50.000027,7.9472766e-06,-7.1011559e-06,-8.4612066e-07,360,-0.0016115664
306396,0.54942036,0,50,49.999973,50.000027,7.9472748e-06,-7.1011564e-06,-8.4611861e-07,0,-0.0016115664
306496,0.54963464,0,50,49.999973,50.000027,7.9472766e-06,-7.1011559e-06,-8.4612066e-07,360,-0.0016115664
306596,0.54984891,0,50,49.999973,50.000027,7.9472748e-06,-7.1011564e-06,-8.4611861e-07,0,-0.0016115664
306696,0.55006313,0,50,49.999973,50.000027,7.9472766e-06,-7.1011559e-06,-8.4612066e-07,360,-0.0016115664
306796,0.55027741,0,50,49.999973,50.000027,7.9472748e-06,-7.1011564e-06,-8.4611861e-07,0,-0.0016115664
306896,0.55049169,0,50,49.999973,50.000027,7.9472766e-06,-7.1011559e-06,-8.4612066e-07,360,-0.0016115664
306996,0.55070591,0,50,49.999973,50.000027,7.9472748e-06,-7.1011564e-06,-8.4611861e-07,0,-0.0016115664
307096,0.55092019,0,50,49.999973,50.000027,7.9472766e-06,-7.1011559e-06,-8.4612066e-07,360,-0.0016115664
307196,0.55113447,0,50,49.999973,50.000027,7.9472748e-06,-7.1011564e-06,-8.4611861e-07,0,-0.0016115664
307296,0.55134869,0,50,49.999973,50.000027,7.9472766e-06,-7.1011559e-06,-8.4612066e-07,360,-0.0016115664
307396,0.55156291,0,50,49.999973,50.000027,7.9472748e-06,-7.1011564e-06,-8.4611861e-07,0,-0.0016115664
307496,0.55177718,0,50,49.999973,50.000027,7.9472766e-06,-7.1011559e-06,-8.4612066e-07,360,-0.0016115664
307596,0.55199146,0,50,49.999973,50.000027,7.9472748e-06,-7.1011564e-06,-8.4611861e-07,0,-0.0016115664
307696,0.55220574,0,50,49.999973,50.000027,7.9472766e-06,-7.1011559e-06,-8.4612066e-07,360,-0.0016115664
307796,0.55242002,0,50,49.999973,50.000027,7.9472748e-06,-7.1011564e-06,-8.4611861e-07,0,-0.0016115664
307895,0.55263424,0,50,49.999973,50.000027,7.9472766e-06,-7.1011559e-06,-8.4612066e-07,360,-0.0016115664
307995,0.55284852,0,50,49.999973,50.000027,7.9472748e-06,-7.1011564e-06,-8.4611861e-07,0,-0.0016115664
308095,0.55306274,0,50,49.999973,50.000027,7.9472766e-06,-7.1011559e-06,-8.4612066e-07,360,-0.0016115664
308195,0.55327702,0,50,49.999973,50.000027,7.9472748e-06,-7.1011564e-06,-8.4611861e-07,0,-0.0016115664
308295,0.55349123,0,50,49.999973,50.000027,7.9472766e-06,-7.1011559e-06,-8.4612066e-07,360,-0.0016115664
308395,0.55370551,0,50,49.999973,50.000027,7.9472748e-06,-7.1011564e-06,-8.4611861e-07,0,-0.0016115664
308495,0.55391979,0,50,49.999973,50.000027,7.9472766e-06,-7.1011559e-06,-8.4612066e-07,360,-0.0016115664
308595,0.55413407,0,50,49.999973,50.000027,7.9472748e-06,-7.1011564e-06,-8.4611861e-07,0,-0.0016115664
308695,0.55434835,0,50,49.999973,50.000027,7.9472766e-06,-7.1011559e-06,-8.4612066e-07,360,-0.0016115664
308795,0.55456257,0,50,49.999973,50.000027,7.9472748e-06,-7.1011564e-06,-8.4611861e-07,0,-0.0016115664
308895,0.55477679,0,50,49.999973,50.000027,7.9472766e-06,-7.1011559e-06,-8.4612066e-07,360,-0.0016115664
308995,0.55499107,0,50,49.999973,50.000027,7.9472748e-06,-7.1011564e-06,-8.4611861e-07,0,-0.0016115664
309095,0.55520535,0,50,49.999973,50.000027,7.9472766e-06,-7.1011559e-06,-8.4612066e-07,360,-0.0016115664
309195,0.55541956,0,50,49.999973,50.000027,7.9472748e-06,-7.1011564e-06,-8.4611861e-07,0,-0.0016115664
309295,0.55563384,0,50,49.999973,50.000027,7.9472766e-06,-7.1011559e-06,-8.4612066e-07,360,-0.0016115664
309395,0.55584812,0,50,49.999973,50.000027,7.9472748e-06,-7.1011564e-06,-8.4611861e-07,0,-0.0016115664
309495,0.55606234,0,50,49.999973,50.000027,7.9472766e-06,-7.1011559e-06,-8.4612066e-07,360,-0.0016115664
309595,0.55627662,0,50,49.999973,50.000027,7.9472748e-06,-7.1011564e-06,-8.4611861e-07,0,-0.0016115664
309695,0.5564909,0,50,49.999973,50.000027,7.9472766e-06,-7.1011559e-06,-8.4612066e-07,360,-0.0016115664
309795,0.55670512,0,50,49.999973,50.000027,7.9472748e-06,-7.1011564e-06,-8.4611861e-07,0,-0.0016115664
309895,0.5569194,0,50,49.999973,50.000027,7.9472766e-06,-7.1011559e-06,-8.4612066e-07,360,-0.0016115664
309995,0.55713367,0,50,49.999973,50.000027,7.9472748e-06,-7.1011564e-06,-8.4611861e-07,0,-0.0016115664
310095,0.55734789,0,50,49.999973,50.000027,7.9472766e-06,-7.1011559e-06,-8.4612066e-07,360,-0.0016115664
310195,0.55756211,0,50,49.999973,50.000027,7.9472748e-06,-7.1011564e-06,-8.4611861e-07,0,-0.0016115664
310295,0.55777639,0,50,49.999973,50.000027,7.9472766e-06,-7.1011559e-06,-8.4612066e-07,360,-0.0016115664
310395,0.55799067,0,50,49.999973,50.000027,7.9472748e-06,-7.1011564e-06,-8.4611861e-07,0,-0.0016115664
310495,0.55820495,0,50,49.999973,50.000027,7.9472766e-06,-7.1011559e-06,-8.4612066e-07,360,-0.0016115664
310595,0.55841923,0,50,49.999973,50.000027,7.9472748e-06,-7.1011564e-06,-8.4611861e-07,0,-0.0016115664
310695,0.55863345,0,50,49.999973,50.000027,7.9472766e-06,-7.1011559e-06,-8.4612066e-07,360,-0.0016115664
310795,0.55884773,0,50,49.999973,50.000027,7.9472748e-06,-7.1011564e-06,-8.4611861e-07,0,-0.0016115664
310895,0.55906194,0,50,49.999973,50.000027,7.9472766e-06,-7.1011559e-06,-8.4612066e-07,360,-0.0016115664
310995,0.55927622,0,50,49.999973,50.000027,7.9472748e-06,-7.1011564e-06,-8.4611861e-07,0,-0.0016115664
311095,0.55949044,0,50,49.999973,50.000027,7.9472766e-06,-7.1011559e-06,-8.4612066e-07,360,-0.0016115664
311195,0.55970472,0,50,49.999973,50.000027,7.9472748e-06,-7.1011564e-06,-8.4611861e-07,0,-0.0016115664
311295,0.559919,0,50,49.999973,50.000027,7.9472766e-06,-7.1011559e-06,-8.4612066e-07,360,-0.0016115664
311395,0.56013328,0,50,49.999973,50.000027,7.9472748e-06,-7.1011564e-06,-8.4611861e-07,0,-0.0016115664
311495,0.56034756,0,50,49.999973,50.000027,7.9472766e-06,-7.1011559e-06,-8.4612066e-07,360,-0.0016115664
311595,0.56056178,0,50,49.999973,50.000027,7.9472748e-06,-7.1011564e-06,-8.4611861e-07,0,-0.0016115664
311695,0.560776,0,50,49.999973,50.000027,7.9472766e-06,-7.1011559e-06,-8.4612066e-07,360,-0.0016115664
311795,0.56099027,0,50,49.999973,50.000027,7.9472748e-06,-7.1011564e-06,-8.4611861e-07,0,-0.0016115664
311895,0.56120455,0,50,49.999973,50.000027,7.9472766e-06,-7.1011559e-06,-8.4612066e-07,360,-0.0016115664
311995,0.56141877,0,50,49.999973,50.000027,7.9472748e-06,-7.1011564e-06,-8.4611861e-07,0,-0.0016115664
312095,0.56163305,0,50,49.999973,50.000027,7.9472766e-06,-7.1011559e-06,-8.4612066e-07,360,-0.0016115664
312195,0.56184733,0,50,49.999973,50.000027,7.9472748e-06,-7.1011564e-06,-8.4611861e-07,0,-0.0016115664
312295,0.56206155,0,50,49.999973,50.000027,7.9472766e-06,-7.1011559e-06,-8.4612066e-07,360,-0.0016115664
312395,0.56227583,0,50,49.999973,50.000027,7.9472748e-06,-7.1011564e-06,-8.4611861e-07,0,-0.0016115664
312495,0.56249011,0,50,49.999973,50.000027,7.9472766e-06,-7.1011559e-06,-8.4612066e-07,360,-0.0016115664
312595,0.56270432,0,50,49.999973,50.000027,7.9472748e-06,-7.1011564e-06,-8.4611861e-07,0,-0.0016115664
312695,0.5629186,0,50,49.999973,50.000027,7.9472766e-06,-7.1011559e-06,-8.4612066e-07,360,-0.0016115664
312795,0.56313288,0,50,49.999973,50.000027,7.9472748e-06,-7.1011564e-06,-8.4611861e-07,0,-0.0016115664
312895,0.5633471,0,50,49.999973,50.000027,7.9472766e-06,-7.1011559e-06,-8.4612066e-07,360,-0.0016115664
312995,0.56356138,0,50,49.999973,50.000027,7.9472748e-06,-7.1011564e-06,-8.4611861e-07,0,-0.0016115664
313095,0.5637756,0,50,49.999973,50.000027,7.9472766e-06,-7.1011559e-06,-8.4612066e-07,360,-0.0016115664
313195,0.56398988,0,50,49.999973,50.000027,7.9472748e-06,-7.1011564e-06,-8.4611861e-07,0,-0.0016115664
313295,0.56420416,0,50,49.999973,50.000027,7.9472766e-06,-7.1011559e-06,-8.4612066e-07,360,-0.0016115664
313395,0.56441844,0,50,49.999973,50.000027,7.9472748e-06,-7.1011564e-06,-8.4611861e-07,0,-0.0016115664
313495,0.56463265,0,50,49.999973,50.000027,7.9472766e-06,-7.1011559e-06,-8.4612066e-07,360,-0.0016115664
313595,0.56484693,0,50,49.999973,50.000027,7.9472748e-06,-7.1011564e-06,-8.4611861e-07,0,-0.0016115664
313695,0.56506121,0,50,49.999973,50.000027,7.9472766e-06,-7.1011559e-06,-8.4612066e-07,360,-0.0016115664
313795,0.56527543,0,50,49.999973,50.000027,7.9472748e-06,-7.1011564e-06,-8.4611861e-07,0,-0.0016115664
313895,0.56548965,0,50,49.999973,50.000027,7.9472766e-06,-7.1011559e-06,-8.4612066e-07,360,-0.0016115664
313995,0.56570393,0,50,49.999973,50.000027,7.9472748e-06,-7.1011564e-06,-8.4611861e-07,0,-0.0016115664
314095,0.56591821,0,50,49.999973,50.000027,7.9472766e-06,-7.1011559e-06,-8.4612066e-07,360,-0.0016115664
314195,0.56613249,0,50,49.999973,50.000027,7.9472748e-06,-7.1011564e-06,-8.4611861e-07,0,-0.0016115664
314295,0.56634676,0,50,49.999973,50.000027,7.9472766e-06,-7.1011559e-06,-8.4612066e-07,360,-0.0016115664
314395,0.56656098,0,50,49.999973,50.000027,7.9472748e-06,-7.1011564e-06,-8.4611861e-07,0,-0.0016115664
314495,0.5667752,0,50,49.999973,50.000027,7.9472766e-06,-7.1011559e-06,-8.4612066e-07,360,-0.0016115664
314595,0.56698948,0,50,49.999973,50.000027,7.9472748e-06,-7.1011564e-06,-8.4611861e-07,0,-0.0016115664
314695,0.56720376,0,50,49.999973,50.000027,7.9472766e-06,-7.1011559e-06,-8.4612066e-07,360,-0.0016115664
314795,0.56741798,0,50,49.999973,50.000027,7.9472748e-06,-7.1011564e-06,-8.4611861e-07,0,-0.0016115664
314895,0.56763226,0,50,49.999973,50.000027,7.9472766e-06,-7.1011559e-06,-8.4612066e-07,360,-0.0016115664
314995,0.56784654,0,50,49.999973,50.000027,7.9472748e-06,-7.1011564e-06,-8.4611861e-07,0,-0.0016115664
315095,0.56806082,0,50,49.999973,50.000027,7.9472766e-06,-7.1011559e-06,-8.4612066e-07,360,-0.0016115664
315195,0.56827503,0,50,49.999973,50.000027,7.9472748e-06,-7.1011564e-06,-8.4611861e-07,0,-0.0016115664
315295,0.56848931,0,50,49.999973,50.000027,7.9472766e-06,-7.1011559e-06,-8.4612066e-07,360,-0.0016115664
315394,0.56870353,0,50,49.999973,50.000027,7.9472748e-06,-7.1011564e-06,-8.4611861e-07,0,-0.0016115664
315494,0.56891781,0,50,49.999973,50.000027,7.9472766e-06,-7.1011559e-06,-8.4612066e-07,360,-0.0016115664
315594,0.56913209,0,50,49.999973,50.000027,7.9472748e-06,-7.1011564e-06,-8.4611861e-07,0,-0.0016115664
315694,0.56934631,0,50,49.999973,50.000027,7.9472766e-06,-7.1011559e-06,-8.4612066e-07,360,-0.0016115664
315794,0.56956059,0,50,49.999973,50.000027,7.9472748e-06,-7.1011564e-06,-8.4611861e-07,0,-0.0016115664
315894,0.56977481,0,50,49.999973,50.000027,7.9472766e-06,-7.1011559e-06,-8.4612066e-07,360,-0.0016115664
315994,0.56998909,0,50,49.999973,50.000027,7.9472748e-06,-7.1011564e-06,-8.4611861e-07,0,-0.0016115664
316094,0.57020336,0,50,49.999973,50.000027,7.9472766e-06,-7.1011559e-06,-8.4612066e-07,360,-0.0016115664
316194,0.57041764,0,50,49.999973,50.000027,7.9472748e-06,-7.1011564e-06,-8.4611861e-07,0,-0.0016115664
316294,0.57063186,0,50,49.999973,50.000027,7.9472766e-06,-7.1011559e-06,-8.4612066e-07,360,-0.0016115664
316394,0.57084614,0,50,49.999973,50.000027,7.9472748e-06,-7.1011564e-06,-8.4611861e-07,0,-0.0016115664
316494,0.57106042,0,50,49.999973,50.000027,7.9472766e-06,-7.1011559e-06,-8.4612066e-07,360,-0.0016115664
316594,0.57127464,0,50,49.999973,50.000027,7.9472748e-06,-7.1011564e-06,-8.4611861e-07,0,-0.0016115664
316694,0.57148886,0,50,49.999973,50.000027,7.9472766e-06,-7.1011559e-06,-8.4612066e-07,360,-0.0016115664
316794,0.57170314,0,50,49.999973,50.000027,7.9472748e-06,-7.1011564e-06,-8.4611861e-07,0,-0.0016115664
316894,0.57191741,0,50,49.999973,50.000027,7.9472766e-06,-7.1011559e-06,-8.4612066e-07,360,-0.0016115664
316994,0.57213169,0,50,49.999973,50.000027,7.9472748e-06,-7.1011564e-06,-8.4611861e-07,0,-0.0016115664
317094,0.57234597,0,50,49.999973,50.000027,7.9472766e-06,-7.1011559e-06,-8.4612066e-07,360,-0.0016115664
317194,0.57256019,0,50,49.999973,50.000027,7.9472748e-06,-7.1011564e-06,-8.4611861e-07,0,-0.0016115664
317294,0.57277441,0,50,49.999973,50.000027,7.9472766e-06,-7.1011559e-06,-8.4612066e-07,360,-0.0016115664
317394,0.57298869,0,50,49.999973,50.000027,7.9472748e-06,-7.1011564e-06,-8.4611861e-07,0,-0.0016115664
317494,0.57320297,0,50,49.999973,50.000027,7.9472766e-06,-7.1011559e-06,-8.4612066e-07,360,-0.0016115664
317594,0.57341719,0,50,49.999973,50.000027,7.9472748e-06,-7.1011564e-06,-8.4611861e-07,0,-0.0016115664
317694,0.57363147,0,50,49.999973,50.000027,7.9472766e-06,-7.1011559e-06,-8.4612066e-07,360,-0.0016115664
317794,0.57384574,0,50,49.999973,50.000027,7.9472748e-06,-7.1011564e-06,-8.4611861e-07,0,-0.0016115664
317894,0.57406002,0,50,49.999973,50.000027,7.9472766e-06,-7.1011559e-06,-8.4612066e-07,360,-0.0016115664
317994,0.57427424,0,50,49.999973,50.000027,7.9472748e-06,-7.1011564e-06,-8.4611861e-07,0,-0.0016115664
318094,0.57448852,0,50,49.999973,50.000027,7.9472766e-06,-7.1011559e-06,-8.4612066e-07,360,-0.0016115664
318194,0.57470274,0,50,49.999973,50.000027,7.9472748e-06,-7.1011564e-06,-8.4611861e-07,0,-0.0016115664
318294,0.57491702,0,50,49.999973,50.000027,7.9472766e-06,-7.1011559e-06,-8.4612066e-07,360,-0.0016115664
318394,0.5751313,0,50,49.999973,50.000027,7.9472748e-06,-7.1011564e-06,-8.4611861e-07,0,-0.0016115664
318494,0.57534552,0,50,49.999973,50.000027,7.9472766e-06,-7.1011559e-06,-8.4612066e-07,360,-0.0016115664
318594,0.57555979,0,50,49.999973,50.000027,7.9472748e-06,-7.1011564e-06,-8.4611861e-07,0,-0.0016115664
318694,0.57577401,0,50,49.999973,50.000027,7.9472766e-06,-7.1011559e-06,-8.4612066e-07,360,-0.0016115664
318794,0.57598829,0,50,49.999973,50.000027,7.9472748e-06,-7.1011564e-06,-8.4611861e-07,0,-0.0016115664
318894,0.57620257,0,50,49.999973,50.000027,7.9472766e-06,-7.1011559e-06,-8.4612066e-07,360,-0.0016115664
318994,0.57641685,0,50,49.999973,50.000027,7.9472748e-06,-7.1011564e-06,-8.4611861e-07,0,-0.0016115664
319094,0.57663107,0,50,49.999973,50.000027,7.9472766e-06,-7.1011559e-06,-8.4612066e-07,360,-0.0016115664
319194,0.57684535,0,50,49.999973,50.000027,7.9472748e-06,-7.1011564e-06,-8.4611861e-07,0,-0.0016115664
319294,0.57705963,0,50,49.999973,50.000027,7.9472766e-06,-7.1011559e-06,-8.4612066e-07,360,-0.0016115664
319394,0.57727385,0,50,49.999973,50.000027,7.9472748e-06,-7.1011564e-06,-8.4611861e-07,0,-0.0016115664
319494,0.57748806,0,50,49.999973,50.000027,7.9472766e-06,-7.1011559e-06,-8.4612066e-07,360,-0.0016115664
319594,0.57770234,0,50,49.999973,50.000027,7.9472748e-06,-7.1011564e-06,-8.4611861e-07,0,-0.0016115664
319694,0.57791662,0,50,49.999973,50.000027,7.9472766e-06,-7.1011559e-06,-8.4612066e-07,360,-0.0016115664
319794,0.5781309,0,50,49.999973,50.000027,7.9472748e-06,-7.1011564e-06,-8.4611861e-07,0,-0.0016115664
319894,0.57834518,0,50,49.999973,50.000027,7.9472766e-06,-7.1011559e-06,-8.4612066e-07,360,-0.0016115664
319994,0.5785594,0,50,49.999973,50.000027,7.9472748e-06,-7.1011564e-06,-8.4611861e-07,0,-0.0016115664
320094,0.57877362,0,50,49.999973,50.000027,7.9472766e-06,-7.1011559e-06,-8.4612066e-07,360,-0.0016115664
320194,0.5789879,0,50,49.999973,50.000027,7.9472748e-06,-7.1011564e-06,-8.4611861e-07,0,-0.0016115664
320294,0.57920218,0,50,49.999973,50.000027,7.9472766e-06,-7.1011559e-06,-8.4612066e-07,360,-0.0016115664
320394,0.57941639,0,50,49.999973,50.000027,7.9472748e-06,-7.1011564e-06,-8.4611861e-07,0,-0.0016115664
320494,0.57963067,0,50,49.999973,50.000027,7.9472766e-06,-7.1011559e-06,-8.4612066e-07,360,-0.0016115664
320594,0.57984495,0,50,49.999973,50.000027,7.9472748e-06,-7.1011564e-06,-8.4611861e-07,0,-0.0016115664
320694,0.58005923,0,50,49.999973,50.000027,7.9472766e-06,-7.1011559e-06,-8.4612066e-07,360,-0.0016115664
320794,0.58027345,0,50,49.999973,50.000027,7.9472748e-06,-7.1011564e-06,-8.4611861e-07,0,-0.0016115664
320894,0.58048773,0,50,49.999973,50.000027,7.9472766e-06,-7.1011559e-06,-8.4612066e-07,360,-0.0016115664
320994,0.58070195,0,50,49.999973,50.000027,7.9472748e-06,-7.1011564e-06,-8.4611861e-07,0,-0.0016115664
321094,0.58091623,0,50,49.999973,50.000027,7.9472766e-06,-7.1011559e-06,-8.4612066e-07,360,-0.0016115664
321194,0.5811305,0,50,49.999973,50.000027,7.9472748e-06,-7.1011564e-06,-8.4611861e-07,0,-0.0016115664
321294,0.58134472,0,50,49.999973,50.000027,7.9472766e-06,-7.1011559e-06,-8.4612066e-07,360,-0.0016115664
321394,0.581559,0,50,49.999973,50.000027,7.9472748e-06,-7.1011564e-06,-8.4611861e-07,0,-0.0016115664
321494,0.58177322,0,50,49.999973,50.000027,7.9472766e-06,-7.1011559e-06,-8.4612066e-07,360,-0.0016115664
321594,0.5819875,0,50,49.999973,50.000027,7.9472748e-06,-7.1011564e-06,-8.4611861e-07,0,-0.0016115664
321694,0.58220178,0,50,49.999973,50.000027,7.9472766e-06,-7.1011559e-06,-8.4612066e-07,360,-0.0016115664
321794,0.58241606,0,50,49.999973,50.000027,7.9472748e-06,-7.1011564e-06,-8.4611861e-07,0,-0.0016115664
321894,0.58263028,0,50,49.999973,50.000027,7.9472766e-06,-7.1011559e-06,-8.4612066e-07,360,-0.0016115664
321994,0.58284456,0,50,49.999973,50.000027,7.9472748e-06,-7.1011564e-06,-8.4611861e-07,0,-0.0016115664
322094,0.58305883,0,50,49.999973,50.000027,7.9472766e-06,-7.1011559e-06,-8.4612066e-07,360,-0.0016115664
322194,0.58327305,0,50,49.999973,50.000027,7.9472748e-06,-7.1011564e-06,-8.4611861e-07,0,-0.0016115664
322294,0.58348727,0,50,49.999973,50.000027,7.9472766e-06,-7.1011559e-06,-8.4612066e-07,360,-0.0016115664
322394,0.58370155,0,50,49.999973,50.000027,7.9472748e-06,-7.1011564e-06,-8.4611861e-07,0,-0.0016115664
322494,0.58391583,0,50,49.999973,50.000027,7.9472766e-06,-7.1011559e-06,-8.4612066e-07,360,-0.0016115664
322594,0.58413011,0,50,49.999973,50.000027,7.9472748e-06,-7.1011564e-06,-8.4611861e-07,0,-0.0016115664
322694,0.58434439,0,50,49.999973,50.000027,7.9472766e-06,-7.1011559e-06,-8.4612066e-07,360,-0.0016115664
322794,0.58455861,0,50,49.999973,50.000027,7.9472748e-06,-7.1011564e-06,-8.4611861e-07,0,-0.0016115664
322894,0.58477283,0,50,49.999973,50.000027,7.9472766e-06,-7.1011559e-06,-8.4612066e-07,360,-0.0016115664
322993,0.5849871,0,50,49.999973,50.000027,7.9472748e-06,-7.1011564e-06,-8.4611861e-07,0,-0.0016115664
323093,0.58520138,0,50,49.999973,50.000027,7.9472766e-06,-7.1011559e-06,-8.4612066e-07,360,-0.0016115664
323193,0.5854156,0,50,49.999973,50.000027,7.9472748e-06,-7.1011564e-06,-8.4611861e-07,0,-0.0016115664
323293,0.58562988,0,50,49.999973,50.000027,7.9472766e-06,-7.1011559e-06,-8.4612066e-07,360,-0.0016115664
323393,0.58584416,0,50,49.999973,50.000027,7.9472748e-06,-7.1011564e-06,-8.4611861e-07,0,-0.0016115664
323493,0.58605844,0,50,49.999973,50.000027,7.9472766e-06,-7.1011559e-06,-8.4612066e-07,360,-0.0016115664
323593,0.58627266,0,50,49.999973,50.000027,7.9472748e-06,-7.1011564e-06,-8.4611861e-07,0,-0.0016115664
323693,0.58648694,0,50,49.999973,50.000027,7.9472766e-06,-7.1011559e-06,-8.4612066e-07,360,-0.0016115664
323793,0.58670115,0,50,49.999973,50.000027,7.9472748e-06,-7.1011564e-06,-8.4611861e-07,0,-0.0016115664
323893,0.58691543,0,50,49.999973,50.000027,7.9472766e-06,-7.1011559e-06,-8.4612066e-07,360,-0.0016115664
323993,0.58712971,0,50,49.999973,50.000027,7.9472748e-06,-7.1011564e-06,-8.4611861e-07,0,-0.0016115664
324093,0.58734393,0,50,49.999973,50.000027,7.9472766e-06,-7.1011559e-06,-8.4612066e-07,360,-0.0016115664
324193,0.58755821,0,50,49.999973,50.000027,7.9472748e-06,-7.1011564e-06,-8.4611861e-07,0,-0.0016115664
324293,0.58777243,0,50,49.999973,50.000027,7.9472766e-06,-7.1011559e-06,-8.4612066e-07,360,-0.0016115664
324393,0.58798671,0,50,49.999973,50.000027,7.9472748e-06,-7.1011564e-06,-8.4611861e-07,0,-0.0016115664
324493,0.58820099,0,50,49.999973,50.000027,7.9472766e-06,-7.1011559e-06,-8.4612066e-07,360,-0.0016115664
324593,0.58841527,0,50,49.999973,50.000027,7.9472748e-06,-7.1011564e-06,-8.4611861e-07,0,-0.0016115664
324693,0.58862948,0,50,49.999973,50.000027,7.9472766e-06,-7.1011559e-06,-8.4612066e-07,360,-0.0016115664
324793,0.58884376,0,50,49.999973,50.000027,7.9472748e-06,-7.1011564e-06,-8.4611861e-07,0,-0.0016115664
324893,0.58905804,0,50,49.999973,50.000027,7.9472766e-06,-7.1011559e-06,-8.4612066e-07,360,-0.0016115664
324993,0.58927226,0,50,49.999973,50.000027,7.9472748e-06,-7.1011564e-06,-8.4611861e-07,0,-0.0016115664
325093,0.58948648,0,50,49.999973,50.000027,7.9472766e-06,-7.1011559e-06,-8.4612066e-07,360,-0.0016115664
325193,0.58970076,0,50,49.999973,50.000027,7.9472748e-06,-7.1011564e-06,-8.4611861e-07,0,-0.0016115664
325293,0.58991504,0,50,49.999973,50.000027,7.9472766e-06,-7.1011559e-06,-8.4612066e-07,360,-0.0016115664
325393,0.59012932,0,50,49.999973,50.000027,7.9472748e-06,-7.1011564e-06,-8.4611861e-07,0,-0.0016115664
325493,0.59034359,0,50,49.999973,50.000027,7.9472766e-06,-7.1011559e-06,-8.4612066e-07,360,-0.0016115664
325593,0.59055781,0,50,49.999973,50.000027,7.9472748e-06,-7.1011564e-06,-8.4611861e-07,0,-0.0016115664
325693,0.59077203,0,50,49.999973,50.000027,7.9472766e-06,-7.1011559e-06,-8.4612066e-07,360,-0.0016115664
325793,0.59098631,0,50,49.999973,50.000027,7.9472748e-06,-7.1011564e-06,-8.4611861e-07,0,-0.0016115664
325893,0.59120059,0,50,49.999973,50.000027,7.9472766e-06,-7.1011559e-06,-8.4612066e-07,360,-0.0016115664
325993,0.59141481,0,50,49.999973,50.000027,7.9472748e-06,-7.1011564e-06,-8.4611861e-07,0,-0.0016115664
326093,0.59162909,0,50,49.999973,50.000027,7.9472766e-06,-7.1011559e-06,-8.4612066e-07,360,-0.0016115664
326193,0.59184337,0,50,49.999973,50.000027,7.9472748e-06,-7.1011564e-06,-8.4611861e-07,0,-0.0016115664
326293,0.59205765,0,50,49.999973,50.000027,7.9472766e-06,-7.1011559e-06,-8.4612066e-07,360,-0.0016115664
326393,0.59227186,0,50,49.999973,50.000027,7.9472748e-06,-7.1011564e-06,-8.4611861e-07,0,-0.0016115664
326493,0.59248614,0,50,49.999973,50.000027,7.9472766e-06,-7.1011559e-06,-8.4612066e-07,360,-0.0016115664
326593,0.59270036,0,50,49.999973,50.000027,7.9472748e-06,-7.1011564e-06,-8.4611861e-07,0,-0.0016115664
326693,0.59291464,0,50,49.999973,50.000027,7.9472766e-06,-7.1011559e-06,-8.4612066e-07,360,-0.0016115664
326793,0.59312892,0,50,49.999973,50.000027,7.9472748e-06,-7.1011564e-06,-8.4611861e-07,0,-0.0016115664
326893,0.59334314,0,50,49.999973,50.000027,7.9472766e-06,-7.1011559e-06,-8.4612066e-07,360,-0.0016115664
326993,0.59355742,0,50,49.999973,50.000027,7.9472748e-06,-7.1011564e-06,-8.4611861e-07,0,-0.0016115664
327093,0.59377164,0,50,49.999973,50.000027,7.9472766e-06,-7.1011559e-06,-8.4612066e-07,360,-0.0016115664
327193,0.59398592,0,50,49.999973,50.000027,7.9472748e-06,-7.1011564e-06,-8.4611861e-07,0,-0.0016115664
327293,0.59420019,0,50,49.999973,50.000027,7.9472766e-06,-7.1011559e-06,-8.4612066e-07,360,-0.0016115664
327393,0.59441447,0,50,49.999973,50.000027,7.9472748e-06,-7.1011564e-06,-8.4611861e-07,0,-0.0016115664
327493,0.59462869,0,50,49.999973,50.000027,7.9472766e-06,-7.1011559e-06,-8.4612066e-07,360,-0.0016115664
327593,0.59484297,0,50,49.999973,50.000027,7.9472748e-06,-7.1011564e-06,-8.4611861e-07,0,-0.0016115664
327693,0.59505725,0,50,49.999973,50.000027,7.9472766e-06,-7.1011559e-06,-8.4612066e-07,360,-0.0016115664
327793,0.59527147,0,50,49.999973,50.000027,7.9472748e-06,-7.1011564e-06,-8.4611861e-07,0,-0.0016115664
327893,0.59548569,0,50,49.999973,50.000027,7.9472766e-06,-7.1011559e-06,-8.4612066e-07,360,-0.0016115664
327993,0.59569997,0,50,49.999973,50.000027,7.9472748e-06,-7.1011564e-06,-8.4611861e-07,0,-0.0016115664
328093,0.59591424,0,50,49.999973,50.000027,7.9472766e-06,-7.1011559e-06,-8.4612066e-07,360,-0.0016115664
328193,0.59612852,0,50,49.999973,50.000027,7.9472748e-06,-7.1011564e-06,-8.4611861e-07,0,-0.0016115664
328293,0.5963428,0,50,49.999973,50.000027,7.9472766e-06,-7.1011559e-06,-8.4612066e-07,360,-0.0016115664
328393,0.59655702,0,50,49.999973,50.000027,7.9472748e-06,-7.1011564e-06,-8.4611861e-07,0,-0.0016115664
328493,0.59677124,0,50,49.999973,50.000027,7.9472766e-06,-7.1011559e-06,-8.4612066e-07,360,-0.0016115664
328593,0.59698552,0,50,49.999973,50.000027,7.9472748e-06,-7.1011564e-06,-8.4611861e-07,0,-0.0016115664
328693,0.5971998,0,50,49.999973,50.000027,7.9472766e-06,-7.1011559e-06,-8.4612066e-07,360,-0.0016115664
328793,0.59741402,0,50,49.999973,50.000027,7.9472748e-06,-7.1011564e-06,-8.4611861e-07,0,-0.0016115664
328893,0.5976283,0,50,49.999973,50.000027,7.9472766e-06,-7.1011559e-06,-8.4612066e-07,360,-0.0016115664
328993,0.59784257,0,50,49.999973,50.000027,7.9472748e-06,-7.1011564e-06,-8.4611861e-07,0,-0.0016115664
329093,0.59805685,0,50,49.999973,50.000027,7.9472766e-06,-7.1011559e-06,-8.4612066e-07,360,-0.0016115664
329193,0.59827107,0,50,49.999973,50.000027,7.9472748e-06,-7.1011564e-06,-8.4611861e-07,0,-0.0016115664
329293,0.59848535,0,50,49.999973,50.000027,7.9472766e-06,-7.1011559e-06,-8.4612066e-07,360,-0.0016115664
329393,0.59869957,0,50,49.999973,50.000027,7.9472748e-06,-7.1011564e-06,-8.4611861e-07,0,-0.0016115664
329493,0.59891385,0,50,49.999973,50.000027,7.9472766e-06,-7.1011559e-06,-8.4612066e-07,360,-0.0016115664
329593,0.59912813,0,50,49.999973,50.000027,7.9472748e-06,-7.1011564e-06,-8.4611861e-07,0,-0.0016115664
329693,0.59934235,0,50,49.999973,50.000027,7.9472766e-06,-7.1011559e-06,-8.4612066e-07,360,-0.0016115664
329793,0.59955662,0,50,49.999973,50.000027,7.9472748e-06,-7.1011564e-06,-8.4611861e-07,0,-0.0016115664
329893,0.59977084,0,50,49.999973,50.000027,7.9472766e-06,-7.1011559e-06,-8.4612066e-07,360,-0.0016115664
329993,0.59998512,0,50,49.999973,50.000027,7.9472748e-06,-7.1011564e-06,-8.4611861e-07,0,-0.0016115664
330093,0.6001994,0,50,49.999973,50.000027,7.9472766e-06,-7.1011559e-06,-8.4612066e-07,360,-0.0016115664
330193,0.60041368,0,50,49.999973,50.000027,7.9472748e-06,-7.1011564e-06,-8.4611861e-07,0,-0.0016115664
330293,0.6006279,0,50,49.999973,50.000027,7.9472766e-06,-7.1011559e-06,-8.4612066e-07,360,-0.0016115664
330393,0.60084218,0,50,49.999973,50.000027,7.9472748e-06,-7.1011564e-06,-8.4611861e-07,0,-0.0016115664
330493,0.60105646,0,50,49.999973,50.000027,7.9472766e-06,-7.1011559e-06,-8.4612066e-07,360,-0.0016115664
330592,0.60127068,0,50,49.999973,50.000027,7.9472748e-06,-7.1011564e-06,-8.4611861e-07,0,-0.0016115664
330692,0.60148489,0,50,49.999973,50.000027,7.9472766e-06,-7.1011559e-06,-8.4612066e-07,360,-0.0016115664
330792,0.60169917,0,50,49.999973,50.000027,7.9472748e-06,-7.1011564e-06,-8.4611861e-07,0,-0.0016115664
330892,0.60191345,0,50,49.999973,50.000027,7.9472766e-06,-7.1011559e-06,-8.4612066e-07,360,-0.0016115664
330992,0.60212773,0,50,49.999973,50.000027,7.9472748e-06,-7.1011564e-06,-8.4611861e-07,0,-0.0016115664
331092,0.60234201,0,50,49.999973,50.000027,7.9472766e-06,-7.1011559e-06,-8.4612066e-07,360,-0.0016115664
331192,0.60255623,0,50,49.999973,50.000027,7.9472748e-06,-7.1011564e-06,-8.4611861e-07,0,-0.0016115664
331292,0.60277045,0,50,49.999973,50.000027,7.9472766e-06,-7.1011559e-06,-8.4612066e-07,360,-0.0016115664
331392,0.60298473,0,50,49.999973,50.000027,7.9472748e-06,-7.1011564e-06,-8.4611861e-07,0,-0.0016115664
331492,0.60319901,0,50,49.999973,50.000027,7.9472766e-06,-7.1011559e-06,-8.4612066e-07,360,-0.0016115664
331592,0.60341322,0,50,49.999973,50.000027,7.9472748e-06,-7.1011564e-06,-8.4611861e-07,0,-0.0016115664
331692,0.6036275,0,50,49.999973,50.000027,7.9472766e-06,-7.1011559e-06,-8.4612066e-07,360,-0.0016115664
331792,0.60384178,0,50,49.999973,50.000027,7.9472748e-06,-7.1011564e-06,-8.4611861e-07,0,-0.0016115664
331892,0.60405606,0,50,49.999973,50.000027,7.9472766e-06,-7.1011559e-06,-8.4612066e-07,360,-0.0016115664
331992,0.60427028,0,50,49.999973,50.000027,7.9472748e-06,-7.1011564e-06,-8.4611861e-07,0,-0.0016115664
332092,0.60448456,0,50,49.999973,50.000027,7.9472766e-06,-7.1011559e-06,-8.4612066e-07,360,-0.0016115664
332192,0.60469878,0,50,49.999973,50.000027,7.9472748e-06,-7.1011564e-06,-8.4611861e-07,0,-0.0016115664
332292,0.60491306,0,50,49.999973,50.000027,7.9472766e-06,-7.1011559e-06,-8.4612066e-07,360,-0.0016115664
332392,0.60512733,0,50,49.999973,50.000027,7.9472748e-06,-7.1011564e-06,-8.4611861e-07,0,-0.0016115664
332492,0.60534155,0,50,49.999973,50.000027,7.9472766e-06,-7.1011559e-06,-8.4612066e-07,360,-0.0016115664
332592,0.60555583,0,50,49.999973,50.000027,7.9472748e-06,-7.1011564e-06,-8.4611861e-07,0,-0.0016115664
332692,0.60577005,0,50,49.999973,50.000027,7.9472766e-06,-7.1011559e-06,-8.4612066e-07,360,-0.0016115664
332792,0.60598433,0,50,49.999973,50.000027,7.9472748e-06,-7.1011564e-06,-8.4611861e-07,0,-0.0016115664
332892,0.60619861,0,50,49.999973,50.000027,7.9472766e-06,-7.1011559e-06,-8.4612066e-07,360,-0.0016115664
332992,0.60641289,0,50,49.999973,50.000027,7.9472748e-06,-7.1011564e-06,-8.4611861e-07,0,-0.0016115664
333092,0.60662711,0,50,49.999973,50.000027,7.9472766e-06,-7.1011559e-06,-8.4612066e-07,360,-0.0016115664
333192,0.60684139,0,50,49.999973,50.000027,7.9472748e-06,-7.1011564e-06,-8.4611861e-07,0,-0.0016115664
333292,0.60705566,0,50,49.999973,50.000027,7.9472766e-06,-7.1011559e-06,-8.4612066e-07,360,-0.0016115664
333392,0.60726988,0,50,49.999973,50.000027,7.9472748e-06,-7.1011564e-06,-8.4611861e-07,0,-0.0016115664
333492,0.6074841,0,50,49.999973,50.000027,7.9472766e-06,-7.1011559e-06,-8.4612066e-07,360,-0.0016115664
333592,0.60769838,0,50,49.999973,50.000027,7.9472748e-06,-7.1011564e-06,-8.4611861e-07,0,-0.0016115664
333692,0.60791266,0,50,49.999973,50.000027,7.9472766e-06,-7.1011559e-06,-8.4612066e-07,360,-0.0016115664
333792,0.60812694,0,50,49.999973,50.000027,7.9472748e-06,-7.1011564e-06,-8.4611861e-07,0,-0.0016115664
333892,0.60834122,0,50,49.999973,50.000027,7.9472766e-06,-7.1011559e-06,-8.4612066e-07,360,-0.0016115664
333992,0.60855544,0,50,49.999973,50.000027,7.9472748e-06,-7.1011564e-06,-8.4611861e-07,0,-0.0016115664
334092,0.60876966,0,50,49.999973,50.000027,7.9472766e-06,-7.1011559e-06,-8.4612066e-07,360,-0.0016115664
334192,0.60898393,0,50,49.999973,50.000027,7.9472748e-06,-7.1011564e-06,-8.4611861e-07,0,-0.0016115664
334292,0.60919821,0,50,49.999973,50.000027,7.9472766e-06,-7.1011559e-06,-8.4612066e-07,360,-0.0016115664
334392,0.60941243,0,50,49.999973,50.000027,7.9472748e-06,-7.1011564e-06,-8.4611861e-07,0,-0.0016115664
334492,0.60962671,0,50,49.999973,50.000027,7.9472766e-06,-7.1011559e-06,-8.4612066e-07,360,-0.0016115664
334592,0.60984099,0,50,49.999973,50.000027,7.9472748e-06,-7.1011564e-06,-8.4611861e-07,0,-0.0016115664
334692,0.61005527,0,50,49.999973,50.000027,7.9472766e-06,-7.1011559e-06,-8.4612066e-07,360,-0.0016115664
334792,0.61026949,0,50,49.999973,50.000027,7.9472748e-06,-7.1011564e-06,-8.4611861e-07,0,-0.0016115664
334892,0.61048377,0,50,49.999973,50.000027,7.9472766e-06,-7.1011559e-06,-8.4612066e-07,360,-0.0016115664
334992,0.61069798,0,50,49.999973,50.000027,7.9472748e-06,-7.1011564e-06,-8.4611861e-07,0,-0.0016115664
335092,0.61091226,0,50,49.999973,50.000027,7.9472766e-06,-7.1011559e-06,-8.4612066e-07,360,-0.0016115664
335192,0.61112654,0,50,49.999973,50.000027,7.9472748e-06,-7.1011564e-06,-8.4611861e-07,0,-0.0016115664
335292,0.61134076,0,50,49.999973,50.000027,7.9472766e-06,-7.1011559e-06,-8.4612066e-07,360,-0.0016115664
335392,0.61155504,0,50,49.999973,50.000027,7.9472748e-06,-7.1011564e-06,-8.4611861e-07,0,-0.0016115664
335492,0.61176926,0,50,49.999973,50.000027,7.9472766e-06,-7.1011559e-06,-8.4612066e-07,360,-0.0016115664
335592,0.61198354,0,50,49.999973,50.000027,7.9472748e-06,-7.1011564e-06,-8.4611861e-07,0,-0.0016115664
335692,0.61219782,0,50,49.999973,50.000027,7.9472766e-06,-7.1011559e-06,-8.4612066e-07,360,-0.0016115664
335792,0.6124121,0,50,49.999973,50.000027,7.9472748e-06,-7.1011564e-06,-8.4611861e-07,0,-0.0016115664
335892,0.61262631,0,50,49.999973,50.000027,7.9472766e-06,-7.1011559e-06,-8.4612066e-07,360,-0.0016115664
335992,0.61284059,0,50,49.999973,50.000027,7.9472748e-06,-7.1011564e-06,-8.4611861e-07,0,-0.0016115664
336092,0.61305487,0,50,49.999973,50.000027,7.9472766e-06,-7.1011559e-06,-8.4612066e-07,360,-0.0016115664
336192,0.61326909,0,50,49.999973,50.000027,7.9472748e-06,-7.1011564e-06,-8.4611861e-07,0,-0.0016115664
336292,0.61348331,0,50,49.999973,50.000027,7.9472766e-06,-7.1011559e-06,-8.4612066e-07,360,-0.0016115664
336392,0.61369759,0,50,49.999973,50.000027,7.9472748e-06,-7.1011564e-06,-8.4611861e-07,0,-0.0016115664
336492,0.61391187,0,50,49.999973,50.000027,7.9472766e-06,-7.1011559e-06,-8.4612066e-07,360,-0.0016115664
336592,0.61412615,0,50,49.999973,50.000027,7.9472748e-06,-7.1011564e-06,-8.4611861e-07,0,-0.0016115664
336692,0.61434042,0,50,49.999973,50.000027,7.9472766e-06,-7.1011559e-06,-8.4612066e-07,360,-0.0016115664
336792,0.61455464,0,50,49.999973,50.000027,7.9472748e-06,-7.1011564e-06,-8.4611861e-07,0,-0.0016115664
336892,0.61476886,0,50,49.999973,50.000027,7.9472766e-06,-7.1011559e-06,-8.4612066e-07,360,-0.0016115664
336992,0.61498314,0,50,49.999973,50.000027,7.9472748e-06,-7.1011564e-06,-8.4611861e-07,0,-0.0016115664
337092,0.61519742,0,50,49.999973,50.000027,7.9472766e-06,-7.1011559e-06,-8.4612066e-07,360,-0.0016115664
337192,0.61541164,0,50,49.999973,50.000027,7.9472748e-06,-7.1011564e-06,-8.4611861e-07,0,-0.0016115664
337292,0.61562592,0,50,49.999973,50.000027,7.9472766e-06,-7.1011559e-06,-8.4612066e-07,360,-0.0016115664
337392,0.6158402,0,50,49.999973,50.000027,7.9472748e-06,-7.1011564e-06,-8.4611861e-07,0,-0.0016115664
337492,0.61605448,0,50,49.999973,50.000027,7.9472766e-06,-7.1011559e-06,-8.4612066e-07,360,-0.0016115664
337592,0.61626869,0,50,49.999973,50.000027,7.9472748e-06,-7.1011564e-06,-8.4611861e-07,0,-0.0016115664
337692,0.61648297,0,50,49.999973,50.000027,7.9472766e-06,-7.1011559e-06,-8.4612066e-07,360,-0.0016115664
337792,0.61669719,0,50,49.999973,50.000027,7.9472748e-06,-7.1011564e-06,-8.4611861e-07,0,-0.0016115664
337892,0.61691147,0,50,49.999973,50.000027,7.9472766e-06,-7.1011559e-06,-8.4612066e-07,360,-0.0016115664
337992,0.61712575,0,50,49.999973,50.000027,7.9472748e-06,-7.1011564e-06,-8.4611861e-07,0,-0.0016115664
338091,0.61733997,0,50,49.999973,50.000027,7.9472766e-06,-7.1011559e-06,-8.4612066e-07,360,-0.0016115664
338191,0.61755425,0,50,49.999973,50.000027,7.9472748e-06,-7.1011564e-06,-8.4611861e-07,0,-0.0016115664
338291,0.61776847,0,50,49.999973,50.000027,7.9472766e-06,-7.1011559e-06,-8.4612066e-07,360,-0.0016115664
338391,0.61798275,0,50,49.999973,50.000027,7.9472748e-06,-7.1011564e-06,-8.4611861e-07,0,-0.0016115664
338491,0.61819702,0,50,49.999973,50.000027,7.9472766e-06,-7.1011559e-06,-8.4612066e-07,360,-0.0016115664
338591,0.6184113,0,50,49.999973,50.000027,7.9472748e-06,-7.1011564e-06,-8.4611861e-07,0,-0.0016115664
338691,0.61862552,0,50,49.999973,50.000027,7.9472766e-06,-7.1011559e-06,-8.4612066e-07,360,-0.0016115664
338791,0.6188398,0,50,49.999973,50.000027,7.9472748e-06,-7.1011564e-06,-8.4611861e-07,0,-0.0016115664
338891,0.61905408,0,50,49.999973,50.000027,7.9472766e-06,-7.1011559e-06,-8.4612066e-07,360,-0.0016115664
338991,0.6192683,0,50,49.999973,50.000027,7.9472748e-06,-7.1011564e-06,-8.4611861e-07,0,-0.0016115664
339091,0.61948252,0,50,49.999973,50.000027,7.9472766e-06,-7.1011559e-06,-8.4612066e-07,360,-0.0016115664
339191,0.6196968,0,50,49.999973,50.000027,7.9472748e-06,-7.1011564e-06,-8.4611861e-07,0,-0.0016115664
339291,0.61991107,0,50,49.999973,50.000027,7.9472766e-06,-7.1011559e-06,-8.4612066e-07,360,-0.0016115664
339391,0.62012535,0,50,49.999973,50.000027,7.9472748e-06,-7.1011564e-06,-8.4611861e-07,0,-0.0016115664
339491,0.62033963,0,50,49.999973,50.000027,7.9472766e-06,-7.1011559e-06,-8.4612066e-07,360,-0.0016115664
339591,0.62055385,0,50,49.999973,50.000027,7.9472748e-06,-7.1011564e-06,-8.4611861e-07,0,-0.0016115664
339691,0.62076807,0,50,49.999973,50.000027,7.9472766e-06,-7.1011559e-06,-8.4612066e-07,360,-0.0016115664
339791,0.62098235,0,50,49.999973,50.000027,7.9472748e-06,-7.1011564e-06,-8.4611861e-07,0,-0.0016115664
339891,0.62119663,0,50,49.999973,50.000027,7.9472766e-06,-7.1011559e-06,-8.4612066e-07,360,-0.0016115664
339991,0.62141085,0,50,49.999973,50.000027,7.9472748e-06,-7.1011564e-06,-8.4611861e-07,0,-0.0016115664
340091,0.62162513,0,50,49.999973,50.000027,7.9472766e-06,-7.1011559e-06,-8.4612066e-07,360,-0.0016115664
340191,0.6218394,0,50,49.999973,50.000027,7.9472748e-06,-7.1011564e-06,-8.4611861e-07,0,-0.0016115664
340291,0.62205368,0,50,49.999973,50.000027,7.9472766e-06,-7.1011559e-06,-8.4612066e-07,360,-0.0016115664
340391,0.6222679,0,50,49.999973,50.000027,7.9472748e-06,-7.1011564e-06,-8.4611861e-07,0,-0.0016115664
340491,0.62248218,0,50,49.999973,50.000027,7.9472766e-06,-7.1011559e-06,-8.4612066e-07,360,-0.0016115664
340591,0.6226964,0,50,49.999973,50.000027,7.9472748e-06,-7.1011564e-06,-8.4611861e-07,0,-0.0016115664
340691,0.62291068,0,50,49.999973,50.000027,7.9472766e-06,-7.1011559e-06,-8.4612066e-07,360,-0.0016115664
340791,0.62312496,0,50,49.999973,50.000027,7.9472748e-06,-7.1011564e-06,-8.4611861e-07,0,-0.0016115664
340891,0.62333918,0,50,49.999973,50.000027,7.9472766e-06,-7.1011559e-06,-8.4612066e-07,360,-0.0016115664
340991,0.62355345,0,50,49.999973,50.000027,7.9472748e-06,-7.1011564e-06,-8.4611861e-07,0,-0.0016115664
341091,0.62376767,0,50,49.999973,50.000027,7.9472766e-06,-7.1011559e-06,-8.4612066e-07,360,-0.0016115664
341191,0.62398195,0,50,49.999973,50.000027,7.9472748e-06,-7.1011564e-06,-8.4611861e-07,0,-0.0016115664
341291,0.62419623,0,50,49.999973,50.000027,7.9472766e-06,-7.1011559e-06,-8.4612066e-07,360,-0.0016115664
341391,0.62441051,0,50,49.999973,50.000027,7.9472748e-06,-7.1011564e-06,-8.4611861e-07,0,-0.0016115664
341491,0.62462473,0,50,49.999973,50.000027,7.9472766e-06,-7.1011559e-06,-8.4612066e-07,360,-0.0016115664
341591,0.62483901,0,50,49.999973,50.000027,7.9472748e-06,-7.1011564e-06,-8.4611861e-07,0,-0.0016115664
341691,0.62505329,0,50,49.999973,50.000027,7.9472766e-06,-7.1011559e-06,-8.4612066e-07,360,-0.0016115664
341791,0.62526751,0,50,49.999973,50.000027,7.9472748e-06,-7.1011564e-06,-8.4611861e-07,0,-0.0016115664
341891,0.62548172,0,50,49.999973,50.000027,7.9472766e-06,-7.1011559e-06,-8.4612066e-07,360,-0.0016115664
341991,0.625696,0,50,49.999973,50.000027,7.9472748e-06,-7.1011564e-06,-8.4611861e-07,0,-0.0016115664
342091,0.62591028,0,50,49.999973,50.000027,7.9472766e-06,-7.1011559e-06,-8.4612066e-07,360,-0.0016115664
342191,0.62612456,0,50,49.999973,50.000027,7.9472748e-06,-7.1011564e-06,-8.4611861e-07,0,-0.0016115664
342291,0.62633884,0,50,49.999973,50.000027,7.9472766e-06,-7.1011559e-06,-8.4612066e-07,360,-0.0016115664
342391,0.62655306,0,50,49.999973,50.000027,7.9472748e-06,-7.1011564e-06,-8.4611861e-07,0,-0.0016115664
342491,0.62676728,0,50,49.999973,50.000027,7.9472766e-06,-7.1011559e-06,-8.4612066e-07,360,-0.0016115664
342591,0.62698156,0,50,49.999973,50.000027,7.9472748e-06,-7.1011564e-06,-8.4611861e-07,0,-0.0016115664
342691,0.62719584,0,50,49.999973,50.000027,7.9472766e-06,-7.1011559e-06,-8.4612066e-07,360,-0.0016115664
342791,0.62741005,0,50,49.999973,50.000027,7.9472748e-06,-7.1011564e-06,-8.4611861e-07,0,-0.0016115664
342891,0.62762433,0,50,49.999973,50.000027,7.9472766e-06,-7.1011559e-06,-8.4612066e-07,360,-0.0016115664
342991,0.62783861,0,50,49.999973,50.000027,7.9472748e-06,-7.1011564e-06,-8.4611861e-07,0,-0.0016115664
343091,0.62805289,0,50,49.999973,50.000027,7.9472766e-06,-7.1011559e-06,-8.4612066e-07,360,-0.0016115664
343191,0.62826711,0,50,49.999973,50.000027,7.9472748e-06,-7.1011564e-06,-8.4611861e-07,0,-0.0016115664
343291,0.62848139,0,50,49.999973,50.000027,7.9472766e-06,-7.1011559e-06,-8.4612066e-07,360,-0.0016115664
343391,0.62869561,0,50,49.999973,50.000027,7.9472748e-06,-7.1011564e-06,-8.4611861e-07,0,-0.0016115664
343491,0.62890989,0,50,49.999973,50.000027,7.9472766e-06,-7.1011559e-06,-8.4612066e-07,360,-0.0016115664
343591,0.62912416,0,50,49.999973,50.000027,7.9472748e-06,-7.1011564e-06,-8.4611861e-07,0,-0.0016115664
343691,0.62933838,0,50,49.999973,50.000027,7.9472766e-06,-7.1011559e-06,-8.4612066e-07,360,-0.0016115664
343791,0.62955266,0,50,49.999973,50.000027,7.9472748e-06,-7.1011564e-06,-8.4611861e-07,0,-0.0016115664
343891,0.62976688,0,50,49.999973,50.000027,7.9472766e-06,-7.1011559e-06,-8.4612066e-07,360,-0.0016115664
343991,0.62998116,0,50,49.999973,50.000027,7.9472748e-06,-7.1011564e-06,-8.4611861e-07,0,-0.0016115664
344091,0.63019544,0,50,49.999973,50.000027,7.9472766e-06,-7.1011559e-06,-8.4612066e-07,360,-0.0016115664
344191,0.63040972,0,50,49.999973,50.000027,7.9472748e-06,-7.1011564e-06,-8.4611861e-07,0,-0.0016115664
344291,0.63062394,0,50,49.999973,50.000027,7.9472766e-06,-7.1011559e-06,-8.4612066e-07,360,-0.0016115664
344391,0.63083822,0,50,49.999973,50.000027,7.9472748e-06,-7.1011564e-06,-8.4611861e-07,0,-0.0016115664
344491,0.63105249,0,50,49.999973,50.000027,7.9472766e-06,-7.1011559e-06,-8.4612066e-07,360,-0.0016115664
344591,0.63126671,0,50,49.999973,50.000027,7.9472748e-06,-7.1011564e-06,-8.4611861e-07,0,-0.0016115664
344691,0.63148093,0,50,49.999973,50.000027,7.9472766e-06,-7.1011559e-06,-8.4612066e-07,360,-0.0016115664
344791,0.63169521,0,50,49.999973,50.000027,7.9472748e-06,-7.1011564e-06,-8.4611861e-07,0,-0.0016115664
344891,0.63190949,0,50,49.999973,50.000027,7.9472766e-06,-7.1011559e-06,-8.4612066e-07,360,-0.0016115664
344991,0.63212377,0,50,49.999973,50.000027,7.9472748e-06,-7.1011564e-06,-8.4611861e-07,0,-0.0016115664
345091,0.63233805,0,50,49.999973,50.000027,7.9472766e-06,-7.1011559e-06,-8.4612066e-07,360,-0.0016115664
345191,0.63255227,0,50,49.999973,50.000027,7.9472748e-06,-7.1011564e-06,-8.4611861e-07,0,-0.0016115664
345291,0.63276649,0,50,49.999973,50.000027,7.9472766e-06,-7.1011559e-06,-8.4612066e-07,360,-0.0016115664
345391,0.63298076,0,50,49.999973,50.000027,7.9472748e-06,-7.1011564e-06,-8.4611861e-07,0,-0.0016115664
345491,0.63319504,0,50,49.999973,50.000027,7.9472766e-06,-7.1011559e-06,-8.4612066e-07,360,-0.0016115664
345591,0.63340926,0,50,49.999973,50.000027,7.9472748e-06,-7.1011564e-06,-8.4611861e-07,0,-0.0016115664
345690,0.63362354,0,50,49.999973,50.000027,7.9472766e-06,-7.1011559e-06,-8.4612066e-07,360,-0.0016115664
345790,0.63383782,0,50,49.999973,50.000027,7.9472748e-06,-7.1011564e-06,-8.4611861e-07,0,-0.0016115664
345890,0.6340521,0,50,49.999973,50.000027,7.9472766e-06,-7.1011559e-06,-8.4612066e-07,360,-0.0016115664
345990,0.63426632,0,50,49.999973,50.000027,7.9472748e-06,-7.1011564e-06,-8.4611861e-07,0,-0.0016115664
346090,0.6344806,0,50,49.999973,50.000027,7.9472766e-06,-7.1011559e-06,-8.4612066e-07,360,-0.0016115664
346190,0.63469481,0,50,49.999973,50.000027,7.9472748e-06,-7.1011564e-06,-8.4611861e-07,0,-0.0016115664
346290,0.63490909,0,50,49.999973,50.000027,7.9472766e-06,-7.1011559e-06,-8.4612066e-07,360,-0.0016115664
346390,0.63512337,0,50,49.999973,50.000027,7.9472748e-06,-7.1011564e-06,-8.4611861e-07,0,-0.0016115664
346490,0.63533759,0,50,49.999973,50.000027,7.9472766e-06,-7.1011559e-06,-8.4612066e-07,360,-0.0016115664
346590,0.63555187,0,50,49.999973,50.000027,7.9472748e-06,-7.1011564e-06,-8.4611861e-07,0,-0.0016115664
346690,0.63576609,0,50,49.999973,50.000027,7.9472766e-06,-7.1011559e-06,-8.4612066e-07,360,-0.0016115664
346790,0.63598037,0,50,49.999973,50.000027,7.9472748e-06,-7.1011564e-06,-8.4611861e-07,0,-0.0016115664
346890,0.63619465,0,50,49.999973,50.000027,7.9472766e-06,-7.1011559e-06,-8.4612066e-07,360,-0.0016115664
346990,0.63640893,0,50,49.999973,50.000027,7.9472748e-06,-7.1011564e-06,-8.4611861e-07,0,-0.0016115664
347090,0.63662314,0,50,49.999973,50.000027,7.9472766e-06,-7.1011559e-06,-8.4612066e-07,360,-0.0016115664
347190,0.63683742,0,50,49.999973,50.000027,7.9472748e-06,-7.1011564e-06,-8.4611861e-07,0,-0.0016115664
347290,0.6370517,0,50,49.999973,50.000027,7.9472766e-06,-7.1011559e-06,-8.4612066e-07,360,-0.0016115664
347390,0.63726592,0,50,49.999973,50.000027,7.9472748e-06,-7.1011564e-06,-8.4611861e-07,0,-0.0016115664
347490,0.63748014,0,50,49.999973,50.000027,7.9472766e-06,-7.1011559e-06,-8.4612066e-07,360,-0.0016115664
347590,0.63769442,0,50,49.999973,50.000027,7.9472748e-06,-7.1011564e-06,-8.4611861e-07,0,-0.0016115664
347690,0.6379087,0,50,49.999973,50.000027,7.9472766e-06,-7.1011559e-06,-8.4612066e-07,360,-0.0016115664
347790,0.63812298,0,50,49.999973,50.000027,7.9472748e-06,-7.1011564e-06,-8.4611861e-07,0,-0.0016115664
347890,0.63833725,0,50,49.999973,50.000027,7.9472766e-06,-7.1011559e-06,-8.4612066e-07,360,-0.0016115664
347990,0.63855147,0,50,49.999973,50.000027,7.9472748e-06,-7.1011564e-06,-8.4611861e-07,0,-0.0016115664
348090,0.63876569,0,50,49.999973,50.000027,7.9472766e-06,-7.1011559e-06,-8.4612066e-07,360,-0.0016115664
348190,0.63897997,0,50,49.999973,50.000027,7.9472748e-06,-7.1011564e-06,-8.4611861e-07,0,-0.0016115664
348290,0.63919425,0,50,49.999973,50.000027,7.9472766e-06,-7.1011559e-06,-8.4612066e-07,360,-0.0016115664
348390,0.63940847,0,50,49.999973,50.000027,7.9472748e-06,-7.1011564e-06,-8.4611861e-07,0,-0.0016115664
348490,0.63962275,0,50,49.999973,50.000027,7.9472766e-06,-7.1011559e-06,-8.4612066e-07,360,-0.0016115664
348590,0.63983703,0,50,49.999973,50.000027,7.9472748e-06,-7.1011564e-06,-8.4611861e-07,0,-0.0016115664
348690,0.64005131,0,50,49.999973,50.000027,7.9472766e-06,-7.1011559e-06,-8.4612066e-07,360,-0.0016115664
348790,0.64026552,0,50,49.999973,50.000027,7.9472748e-06,-7.1011564e-06,-8.4611861e-07,0,-0.0016115664
348890,0.6404798,0,50,49.999973,50.000027,7.9472766e-06,-7.1011559e-06,-8.4612066e-07,360,-0.0016115664
348990,0.64069402,0,50,49.999973,50.000027,7.9472748e-06,-7.1011564e-06,-8.4611861e-07,0,-0.0016115664
349090,0.6409083,0,50,49.999973,50.000027,7.9472766e-06,-7.1011559e-06,-8.4612066e-07,360,-0.0016115664
349190,0.64112258,0,50,49.999973,50.000027,7.9472748e-06,-7.1011564e-06,-8.4611861e-07,0,-0.0016115664
349290,0.6413368,0,50,49.999973,50.000027,7.9472766e-06,-7.1011559e-06,-8.4612066e-07,360,-0.0016115664
349390,0.64155108,0,50,49.999973,50.000027,7.9472748e-06,-7.1011564e-06,-8.4611861e-07,0,-0.0016115664
349490,0.6417653,0,50,49.999973,50.000027,7.9472766e-06,-7.1011559e-06,-8.4612066e-07,360,-0.0016115664
349590,0.64197958,0,50,49.999973,50.000027,7.9472748e-06,-7.1011564e-06,-8.4611861e-07,0,-0.0016115664
349690,0.64219385,0,50,49.999973,50.000027,7.9472766e-06,-7.1011559e-06,-8.4612066e-07,360,-0.0016115664
349790,0.64240813,0,50,49.999973,50.000027,7.9472748e-06,-7.1011564e-06,-8.4611861e-07,0,-0.0016115664
349890,0.64262235,0,50,49.999973,50.000027,7.9472766e-06,-7.1011559e-06,-8.4612066e-07,360,-0.0016115664
349990,0.64283663,0,50,49.999973,50.000027,7.9472748e-06,-7.1011564e-06,-8.4611861e-07,0,-0.0016115664
350090,0.64305091,0,50,49.999973,50.000027,7.9472766e-06,-7.1011559e-06,-8.4612066e-07,360,-0.0016115664
350190,0.64326513,0,50,49.999973,50.000027,7.9472748e-06,-7.1011564e-06,-8.4611861e-07,0,-0.0016115664
350290,0.64347935,0,50,49.999973,50.000027,7.9472766e-06,-7.1011559e-06,-8.4612066e-07,360,-0.0016115664
350390,0.64369363,0,50,49.999973,50.000027,7.9472748e-06,-7.1011564e-06,-8.4611861e-07,0,-0.0016115664
350490,0.6439079,0,50,49.999973,50.000027,7.9472766e-06,-7.1011559e-06,-8.4612066e-07,360,-0.0016115664
350590,0.64412218,0,50,49.999973,50.000027,7.9472748e-06,-7.1011564e-06,-8.4611861e-07,0,-0.0016115664
350690,0.64433646,0,50,49.999973,50.000027,7.9472766e-06,-7.1011559e-06,-8.4612066e-07,360,-0.0016115664
350790,0.64455068,0,50,49.999973,50.000027,7.9472748e-06,-7.1011564e-06,-8.4611861e-07,0,-0.0016115664
350890,0.6447649,0,50,49.999973,50.000027,7.9472766e-06,-7.1011559e-06,-8.4612066e-07,360,-0.0016115664
350990,0.64497918,0,50,49.999973,50.000027,7.9472748e-06,-7.1011564e-06,-8.4611861e-07,0,-0.0016115664
351090,0.64519346,0,50,49.999973,50.000027,7.9472766e-06,-7.1011559e-06,-8.4612066e-07,360,-0.0016115664
351190,0.64540768,0,50,49.999973,50.000027,7.9472748e-06,-7.1011564e-06,-8.4611861e-07,0,-0.0016115664
351290,0.64562196,0,50,49.999973,50.000027,7.9472766e-06,-7.1011559e-06,-8.4612066e-07,360,-0.0016115664
351390,0.64583623,0,50,49.999973,50.000027,7.9472748e-06,-7.1011564e-06,-8.4611861e-07,0,-0.0016115664
351490,0.64605051,0,50,49.999973,50.000027,7.9472766e-06,-7.1011559e-06,-8.4612066e-07,360,-0.0016115664
351590,0.64626473,0,50,49.999973,50.000027,7.9472748e-06,-7.1011564e-06,-8.4611861e-07,0,-0.0016115664
351690,0.64647901,0,50,49.999973,50.000027,7.9472766e-06,-7.1011559e-06,-8.4612066e-07,360,-0.0016115664
351790,0.64669323,0,50,49.999973,50.000027,7.9472748e-06,-7.1011564e-06,-8.4611861e-07,0,-0.0016115664
351890,0.64690751,0,50,49.999973,50.000027,7.9472766e-06,-7.1011559e-06,-8.4612066e-07,360,-0.0016115664
351990,0.64712179,0,50,49.999973,50.000027,7.9472748e-06,-7.1011564e-06,-8.4611861e-07,0,-0.0016115664
352090,0.64733601,0,50,49.999973,50.000027,7.9472766e-06,-7.1011559e-06,-8.4612066e-07,360,-0.0016115664
352190,0.64755028,0,50,49.999973,50.000027,7.9472748e-06,-7.1011564e-06,-8.4611861e-07,0,-0.0016115664
352290,0.6477645,0,50,49.999973,50.000027,7.9472766e-06,-7.1011559e-06,-8.4612066e-07,360,-0.0016115664
352390,0.64797878,0,50,49.999973,50.000027,7.9472748e-06,-7.1011564e-06,-8.4611861e-07,0,-0.0016115664
352490,0.64819306,0,50,49.999973,50.000027,7.9472766e-06,-7.1011559e-06,-8.4612066e-07,360,-0.0016115664
352590,0.64840734,0,50,49.999973,50.000027,7.9472748e-06,-7.1011564e-06,-8.4611861e-07,0,-0.0016115664
352690,0.64862156,0,50,49.999973,50.000027,7.9472766e-06,-7.1011559e-06,-8.4612066e-07,360,-0.0016115664
352790,0.64883584,0,50,49.999973,50.000027,7.9472748e-06,-7.1011564e-06,-8.4611861e-07,0,-0.0016115664
352890,0.64905012,0,50,49.999973,50.000027,7.9472766e-06,-7.1011559e-06,-8.4612066e-07,360,-0.0016115664
352990,0.64926434,0,50,49.999973,50.000027,7.9472748e-06,-7.1011564e-06,-8.4611861e-07,0,-0.0016115664
353090,0.64947855,0,50,49.999973,50.000027,7.9472766e-06,-7.1011559e-06,-8.4612066e-07,360,-0.0016115664
353190,0.64969283,0,50,49.999973,50.000027,7.9472748e-06,-7.1011564e-06,-8.4611861e-07,0,-0.0016115664
353289,0.64990711,0,50,49.999973,50.000027,7.9472766e-06,-7.1011559e-06,-8.4612066e-07,360,-0.0016115664
353389,0.65012139,0,50,49.999973,50.000027,7.9472748e-06,-7.1011564e-06,-8.4611861e-07,0,-0.0016115664
353489,0.65033567,0,50,49.999973,50.000027,7.9472766e-06,-7.1011559e-06,-8.4612066e-07,360,-0.0016115664
353589,0.65054989,0,50,49.999973,50.000027,7.9472748e-06,-7.1011564e-06,-8.4611861e-07,0,-0.0016115664
353689,0.65076411,0,50,49.999973,50.000027,7.9472766e-06,-7.1011559e-06,-8.4612066e-07,360,-0.0016115664
353789,0.65097839,0,50,49.999973,50.000027,7.9472748e-06,-7.1011564e-06,-8.4611861e-07,0,-0.0016115664
353889,0.65119267,0,50,49.999973,50.000027,7.9472766e-06,-7.1011559e-06,-8.4612066e-07,360,-0.0016115664
353989,0.65140688,0,50,49.999973,50.000027,7.9472748e-06,-7.1011564e-06,-8.4611861e-07,0,-0.0016115664
354089,0.65162116,0,50,49.999973,50.000027,7.9472766e-06,-7.1011559e-06,-8.4612066e-07,360,-0.0016115664
354189,0.65183544,0,50,49.999973,50.000027,7.9472748e-06,-7.1011564e-06,-8.4611861e-07,0,-0.0016115664
354289,0.65204972,0,50,49.999973,50.000027,7.9472766e-06,-7.1011559e-06,-8.4612066e-07,360,-0.0016115664
354389,0.65226394,0,50,49.999973,50.000027,7.9472748e-06,-7.1011564e-06,-8.4611861e-07,0,-0.0016115664
354489,0.65247822,0,50,49.999973,50.000027,7.9472766e-06,-7.1011559e-06,-8.4612066e-07,360,-0.0016115664
354589,0.65269244,0,50,49.999973,50.000027,7.9472748e-06,-7.1011564e-06,-8.4611861e-07,0,-0.0016115664
354689,0.65290672,0,50,49.999973,50.000027,7.9472766e-06,-7.1011559e-06,-8.4612066e-07,360,-0.0016115664
354789,0.65312099,0,50,49.999973,50.000027,7.9472748e-06,-7.1011564e-06,-8.4611861e-07,0,-0.0016115664
354889,0.65333521,0,50,49.999973,50.000027,7.9472766e-06,-7.1011559e-06,-8.4612066e-07,360,-0.0016115664
354989,0.65354949,0,50,49.999973,50.000027,7.9472748e-06,-7.1011564e-06,-8.4611861e-07,0,-0.0016115664
355089,0.65376371,0,50,49.999973,50.000027,7.9472766e-06,-7.1011559e-06,-8.4612066e-07,360,-0.0016115664
355189,0.65397799,0,50,49.999973,50.000027,7.9472748e-06,-7.1011564e-06,-8.4611861e-07,0,-0.0016115664
355289,0.65419227,0,50,49.999973,50.000027,7.9472766e-06,-7.1011559e-06,-8.4612066e-07,360,-0.0016115664
355389,0.65440655,0,50,49.999973,50.000027,7.9472748e-06,-7.1011564e-06,-8.4611861e-07,0,-0.0016115664
355489,0.65462077,0,50,49.999973,50.000027,7.9472766e-06,-7.1011559e-06,-8.4612066e-07,360,-0.0016115664
355589,0.65483505,0,50,49.999973,50.000027,7.9472748e-06,-7.1011564e-06,-8.4611861e-07,0,-0.0016115664
355689,0.65504932,0,50,49.999973,50.000027,7.9472766e-06,-7.1011559e-06,-8.4612066e-07,360,-0.0016115664
355789,0.65526354,0,50,49.999973,50.000027,7.9472748e-06,-7.1011564e-06,-8.4611861e-07,0,-0.0016115664
355889,0.65547776,0,50,49.999973,50.000027,7.9472766e-06,-7.1011559e-06,-8.4612066e-07,360,-0.0016115664
355989,0.65569204,0,50,49.999973,50.000027,7.9472748e-06,-7.1011564e-06,-8.4611861e-07,0,-0.0016115664
356089,0.65590632,0,50,49.999973,50.000027,7.9472766e-06,-7.1011559e-06,-8.4612066e-07,360,-0.0016115664
356189,0.6561206,0,50,49.999973,50.000027,7.9472748e-06,-7.1011564e-06,-8.4611861e-07,0,-0.0016115664
356289,0.65633488,0,50,49.999973,50.000027,7.9472766e-06,-7.1011559e-06,-8.4612066e-07,360,-0.0016115664
356389,0.6565491,0,50,49.999973,50.000027,7.9472748e-06,-7.1011564e-06,-8.4611861e-07,0,-0.0016115664
356489,0.65676332,0,50,49.999973,50.000027,7.9472766e-06,-7.1011559e-06,-8.4612066e-07,360,-0.0016115664
356589,0.65697759,0,50,49.999973,50.000027,7.9472748e-06,-7.1011564e-06,-8.4611861e-07,0,-0.0016115664
356689,0.65719187,0,50,49.999973,50.000027,7.9472766e-06,-7.1011559e-06,-8.4612066e-07,360,-0.0016115664
356789,0.65740609,0,50,49.999973,50.000027,7.9472748e-06,-7.1011564e-06,-8.4611861e-07,0,-0.0016115664
356889,0.65762037,0,50,49.999973,50.000027,7.9472766e-06,-7.1011559e-06,-8.4612066e-07,360,-0.0016115664
356989,0.65783465,0,50,49.999973,50.000027,7.9472748e-06,-7.1011564e-06,-8.4611861e-07,0,-0.0016115664
357089,0.65804893,0,50,49.999973,50.000027,7.9472766e-06,-7.1011559e-06,-8.4612066e-07,360,-0.0016115664
357189,0.65826315,0,50,49.999973,50.000027,7.9472748e-06,-7.1011564e-06,-8.4611861e-07,0,-0.0016115664
357289,0.65847743,0,50,49.999973,50.000027,7.9472766e-06,-7.1011559e-06,-8.4612066e-07,360,-0.0016115664
357389,0.65869164,0,50,49.999973,50.000027,7.9472748e-06,-7.1011564e-06,-8.4611861e-07,0,-0.0016115664
357489,0.65890592,0,50,49.999973,50.000027,7.9472766e-06,-7.1011559e-06,-8.4612066e-07,360,-0.0016115664
357589,0.6591202,0,50,49.999973,50.000027,7.9472748e-06,-7.1011564e-06,-8.4611861e-07,0,-0.0016115664
357689,0.65933442,0,50,49.999973,50.000027,7.9472766e-06,-7.1011559e-06,-8.4612066e-07,360,-0.0016115664
357789,0.6595487,0,50,49.999973,50.000027,7.9472748e-06,-7.1011564e-06,-8.4611861e-07,0,-0.0016115664
357889,0.65976292,0,50,49.999973,50.000027,7.9472766e-06,-7.1011559e-06,-8.4612066e-07,360,-0.0016115664
357989,0.6599772,0,50,49.999973,50.000027,7.9472748e-06,-7.1011564e-06,-8.4611861e-07,0,-0.0016115664
358089,0.66019148,0,50,49.999973,50.000027,7.9472766e-06,-7.1011559e-06,-8.4612066e-07,360,-0.0016115664
358189,0.66040576,0,50,49.999973,50.000027,7.9472748e-06,-7.1011564e-06,-8.4611861e-07,0,-0.0016115664
358289,0.66061997,0,50,49.999973,50.000027,7.9472766e-06,-7.1011559e-06,-8.4612066e-07,360,-0.0016115664
358389,0.66083425,0,50,49.999973,50.000027,7.9472748e-06,-7.1011564e-06,-8.4611861e-07,0,-0.0016115664
358489,0.66104853,0,50,49.999973,50.000027,7.9472766e-06,-7.1011559e-06,-8.4612066e-07,360,-0.0016115664
358589,0.66126275,0,50,49.999973,50.000027,7.9472748e-06,-7.1011564e-06,-8.4611861e-07,0,-0.0016115664
358689,0.66147697,0,50,49.999973,50.000027,7.9472766e-06,-7.1011559e-06,-8.4612066e-07,360,-0.0016115664
358789,0.66169125,0,50,49.999973,50.000027,7.9472748e-06,-7.1011564e-06,-8.4611861e-07,0,-0.0016115664
358889,0.66190553,0,50,49.999973,50.000027,7.9472766e-06,-7.1011559e-06,-8.4612066e-07,360,-0.0016115664
358989,0.66211981,0,50,49.999973,50.000027,7.9472748e-06,-7.1011564e-06,-8.4611861e-07,0,-0.0016115664
359089,0.66233408,0,50,49.999973,50.000027,7.9472766e-06,-7.1011559e-06,-8.4612066e-07,360,-0.0016115664
359189,0.6625483,0,50,49.999973,50.000027,7.9472748e-06,-7.1011564e-06,-8.4611861e-07,0,-0.0016115664
359289,0.66276252,0,50,49.999973,50.000027,7.9472766e-06,-7.1011559e-06,-8.4612066e-07,360,-0.0016115664
359389,0.6629768,0,50,49.999973,50.000027,7.9472748e-06,-7.1011564e-06,-8.4611861e-07,0,-0.0016115664
359489,0.66319108,0,50,49.999973,50.000027,7.9472766e-06,-7.1011559e-06,-8.4612066e-07,360,-0.0016115664
359589,0.6634053,0,50,49.999973,50.000027,7.9472748e-06,-7.1011564e-06,-8.4611861e-07,0,-0.0016115664
359689,0.66361958,0,50,49.999973,50.000027,7.9472766e-06,-7.1011559e-06,-8.4612066e-07,360,-0.0016115664
359789,0.66383386,0,50,49.999973,50.000027,7.9472748e-06,-7.1011564e-06,-8.4611861e-07,0,-0.0016115664
359889,0.66404814,0,50,49.999973,50.000027,7.9472766e-06,-7.1011559e-06,-8.4612066e-07,360,-0.0016115664
359989,0.66426235,0,50,49.999973,50.000027,7.9472748e-06,-7.1011564e-06,-8.4611861e-07,0,-0.0016115664
360089,0.66447663,0,50,49.999973,50.000027,7.9472766e-06,-7.1011559e-06,-8.4612066e-07,360,-0.0016115664
360189,0.66469085,0,50,49.999973,50.000027,7.9472748e-06,-7.1011564e-06,-8.4611861e-07,0,-0.0016115664
360289,0.66490513,0,50,49.999973,50.000027,7.9472766e-06,-7.1011559e-06,-8.4612066e-07,360,-0.0016115664
360389,0.66511941,0,50,49.999973,50.000027,7.9472748e-06,-7.1011564e-06,-8.4611861e-07,0,-0.0016115664
360489,0.66533363,0,50,49.999973,50.000027,7.9472766e-06,-7.1011559e-06,-8.4612066e-07,360,-0.0016115664
360589,0.66554791,0,50,49.999973,50.000027,7.9472748e-06,-7.1011564e-06,-8.4611861e-07,0,-0.0016115664
360689,0.66576213,0,50,49.999973,50.000027,7.9472766e-06,-7.1011559e-06,-8.4612066e-07,360,-0.0016115664
360789,0.66597641,0,50,49.999973,50.000027,7.9472748e-06,-7.1011564e-06,-8.4611861e-07,0,-0.0016115664
360888,0.66619068,0,50,49.999973,50.000027,7.9472766e-06,-7.1011559e-06,-8.4612066e-07,360,-0.0016115664
360988,0.66640496,0,50,49.999973,50.000027,7.9472748e-06,-7.1011564e-06,-8.4611861e-07,0,-0.0016115664
361088,0.66661918,0,50,49.999973,50.000027,7.9472766e-06,-7.1011559e-06,-8.4612066e-07,360,-0.0016115664
361188,0.66683346,0,50,49.999973,50.000027,7.9472748e-06,-7.1011564e-06,-8.4611861e-07,0,-0.0016115664
361288,0.66704774,0,50,49.999973,50.000027,7.9472766e-06,-7.1011559e-06,-8.4612066e-07,360,-0.0016115664
361388,0.66726196,0,50,49.999973,50.000027,7.9472748e-06,-7.1011564e-06,-8.4611861e-07,0,-0.0016115664
361488,0.66747618,0,50,49.999973,50.000027,7.9472766e-06,-7.1011559e-06,-8.4612066e-07,360,-0.0016115664
361588,0.66769046,0,50,49.999973,50.000027,7.9472748e-06,-7.1011564e-06,-8.4611861e-07,0,-0.0016115664
361688,0.66790473,0,50,49.999973,50.000027,7.9472766e-06,-7.1011559e-06,-8.4612066e-07,360,-0.0016115664
361788,0.66811901,0,50,49.999973,50.000027,7.9472748e-06,-7.1011564e-06,-8.4611861e-07,0,-0.0016115664
361888,0.66833329,0,50,49.999973,50.000027,7.9472766e-06,-7.1011559e-06,-8.4612066e-07,360,-0.0016115664
361988,0.66854751,0,50,49.999973,50.000027,7.9472748e-06,-7.1011564e-06,-8.4611861e-07,0,-0.0016115664
362088,0.66876173,0,50,49.999973,50.000027,7.9472766e-06,-7.1011559e-06,-8.4612066e-07,360,-0.0016115664
362188,0.66897601,0,50,49.999973,50.000027,7.9472748e-06,-7.1011564e-06,-8.4611861e-07,0,-0.0016115664
362288,0.66919029,0,50,49.999973,50.000027,7.9472766e-06,-7.1011559e-06,-8.4612066e-07,360,-0.0016115664
362388,0.66940451,0,50,49.999973,50.000027,7.9472748e-06,-7.1011564e-06,-8.4611861e-07,0,-0.0016115664
362488,0.66961879,0,50,49.999973,50.000027,7.9472766e-06,-7.1011559e-06,-8.4612066e-07,360,-0.0016115664
362588,0.66983306,0,50,49.999973,50.000027,7.9472748e-06,-7.1011564e-06,-8.4611861e-07,0,-0.0016115664
362688,0.67004734,0,50,49.999973,50.000027,7.9472766e-06,-7.1011559e-06,-8.4612066e-07,360,-0.0016115664
362788,0.67026156,0,50,49.999973,50.000027,7.9472748e-06,-7.1011564e-06,-8.4611861e-07,0,-0.0016115664
362888,0.67047584,0,50,49.999973,50.000027,7.9472766e-06,-7.1011559e-06,-8.4612066e-07,360,-0.0016115664
362988,0.67069006,0,50,49.999973,50.000027,7.9472748e-06,-7.1011564e-06,-8.4611861e-07,0,-0.0016115664
363088,0.67090434,0,50,49.999973,50.000027,7.9472766e-06,-7.1011559e-06,-8.4612066e-07,360,-0.0016115664
363188,0.67111862,0,50,49.999973,50.000027,7.9472748e-06,-7.1011564e-06,-8.4611861e-07,0,-0.0016115664
363288,0.67133284,0,50,49.999973,50.000027,7.9472766e-06,-7.1011559e-06,-8.4612066e-07,360,-0.0016115664
363388,0.67154711,0,50,49.999973,50.000027,7.9472748e-06,-7.1011564e-06,-8.4611861e-07,0,-0.0016115664
363488,0.67176133,0,50,49.999973,50.000027,7.9472766e-06,-7.1011559e-06,-8.4612066e-07,360,-0.0016115664
363588,0.67197561,0,50,49.999973,50.000027,7.9472748e-06,-7.1011564e-06,-8.4611861e-07,0,-0.0016115664
363688,0.67218989,0,50,49.999973,50.000027,7.9472766e-06,-7.1011559e-06,-8.4612066e-07,360,-0.0016115664
363788,0.67240417,0,50,49.999973,50.000027,7.9472748e-06,-7.1011564e-06,-8.4611861e-07,0,-0.0016115664
363888,0.67261839,0,50,49.999973,50.000027,7.9472766e-06,-7.1011559e-06,-8.4612066e-07,360,-0.0016115664
363988,0.67283267,0,50,49.999973,50.000027,7.9472748e-06,-7.1011564e-06,-8.4611861e-07,0,-0.0016115664
364088,0.67304695,0,50,49.999973,50.000027,7.9472766e-06,-7.1011559e-06,-8.4612066e-07,360,-0.0016115664
364188,0.67326117,0,50,49.999973,50.000027,7.9472748e-06,-7.1011564e-06,-8.4611861e-07,0,-0.0016115664
364288,0.67347538,0,50,49.999973,50.000027,7.9472766e-06,-7.1011559e-06,-8.4612066e-07,360,-0.0016115664
364388,0.67368966,0,50,49.999973,50.000027,7.9472748e-06,-7.1011564e-06,-8.4611861e-07,0,-0.0016115664
364488,0.67390394,0,50,49.999973,50.000027,7.9472766e-06,-7.1011559e-06,-8.4612066e-07,360,-0.0016115664
364588,0.67411822,0,50,49.999973,50.000027,7.9472748e-06,-7.1011564e-06,-8.4611861e-07,0,-0.0016115664
364688,0.6743325,0,50,49.999973,50.000027,7.9472766e-06,-7.1011559e-06,-8.4612066e-07,360,-0.0016115664
364788,0.67454672,0,50,49.999973,50.000027,7.9472748e-06,-7.1011564e-06,-8.4611861e-07,0,-0.0016115664
364888,0.67476094,0,50,49.999973,50.000027,7.9472766e-06,-7.1011559e-06,-8.4612066e-07,360,-0.0016115664
364988,0.67497522,0,50,49.999973,50.000027,7.9472748e-06,-7.1011564e-06,-8.4611861e-07,0,-0.0016115664
365088,0.6751895,0,50,49.999973,50.000027,7.9472766e-06,-7.1011559e-06,-8.4612066e-07,360,-0.0016115664
365188,0.67540371,0,50,49.999973,50.000027,7.9472748e-06,-7.1011564e-06,-8.4611861e-07,0,-0.0016115664
365288,0.67561799,0,50,49.999973,50.000027,7.9472766e-06,-7.1011559e-06,-8.4612066e-07,360,-0.0016115664
365388,0.67583227,0,50,49.999973,50.000027,7.9472748e-06,-7.1011564e-06,-8.4611861e-07,0,-0.0016115664
365488,0.67604655,0,50,49.999973,50.000027,7.9472766e-06,-7.1011559e-06,-8.4612066e-07,360,-0.0016115664
365588,0.67626077,0,50,49.999973,50.000027,7.9472748e-06,-7.1011564e-06,-8.4611861e-07,0,-0.0016115664
365688,0.67647505,0,50,49.999973,50.000027,7.9472766e-06,-7.1011559e-06,-8.4612066e-07,360,-0.0016115664
365788,0.67668927,0,50,49.999973,50.000027,7.9472748e-06,-7.1011564e-06,-8.4611861e-07,0,-0.0016115664
365888,0.67690355,0,50,49.999973,50.000027,7.9472766e-06,-7.1011559e-06,-8.4612066e-07,360,-0.0016115664
365988,0.67711782,0,50,49.999973,50.000027,7.9472748e-06,-7.1011564e-06,-8.4611861e-07,0,-0.0016115664
366088,0.67733204,0,50,49.999973,50.000027,7.9472766e-06,-7.1011559e-06,-8.4612066e-07,360,-0.0016115664
366188,0.67754632,0,50,49.999973,50.000027,7.9472748e-06,-7.1011564e-06,-8.4611861e-07,0,-0.0016115664
366288,0.67776054,0,50,49.999973,50.000027,7.9472766e-06,-7.1011559e-06,-8.4612066e-07,360,-0.0016115664
366388,0.67797482,0,50,49.999973,50.000027,7.9472748e-06,-7.1011564e-06,-8.4611861e-07,0,-0.0016115664
366488,0.6781891,0,50,49.999973,50.000027,7.9472766e-06,-7.1011559e-06,-8.4612066e-07,360,-0.0016115664
366588,0.67840338,0,50,49.999973,50.000027,7.9472748e-06,-7.1011564e-06,-8.4611861e-07,0,-0.0016115664
366688,0.6786176,0,50,49.999973,50.000027,7.9472766e-06,-7.1011559e-06,-8.4612066e-07,360,-0.0016115664
366788,0.67883188,0,50,49.999973,50.000027,7.9472748e-06,-7.1011564e-06,-8.4611861e-07,0,-0.0016115664
366888,0.67904615,0,50,49.999973,50.000027,7.9472766e-06,-7.1011559e-06,-8.4612066e-07,360,-0.0016115664
366988,0.67926037,0,50,49.999973,50.000027,7.9472748e-06,-7.1011564e-06,-8.4611861e-07,0,-0.0016115664
367088,0.67947459,0,50,49.999973,50.000027,7.9472766e-06,-7.1011559e-06,-8.4612066e-07,360,-0.0016115664
367188,0.67968887,0,50,49.999973,50.000027,7.9472748e-06,-7.1011564e-06,-8.4611861e-07,0,-0.0016115664
367288,0.67990315,0,50,49.999973,50.000027,7.9472766e-06,-7.1011559e-06,-8.4612066e-07,360,-0.0016115664
367388,0.68011743,0,50,49.999973,50.000027,7.9472748e-06,-7.1011564e-06,-8.4611861e-07,0,-0.0016115664
367488,0.68033171,0,50,49.999973,50.000027,7.9472766e-06,-7.1011559e-06,-8.4612066e-07,360,-0.0016115664
367588,0.68054593,0,50,49.999973,50.000027,7.9472748e-06,-7.1011564e-06,-8.4611861e-07,0,-0.0016115664
367688,0.68076015,0,50,49.999973,50.000027,7.9472766e-06,-7.1011559e-06,-8.4612066e-07,360,-0.0016115664
367788,0.68097442,0,50,49.999973,50.000027,7.9472748e-06,-7.1011564e-06,-8.4611861e-07,0,-0.0016115664
367888,0.6811887,0,50,49.999973,50.000027,7.9472766e-06,-7.1011559e-06,-8.4612066e-07,360,-0.0016115664
367988,0.68140292,0,50,49.999973,50.000027,7.9472748e-06,-7.1011564e-06,-8.4611861e-07,0,-0.0016115664
368088,0.6816172,0,50,49.999973,50.000027,7.9472766e-06,-7.1011559e-06,-8.4612066e-07,360,-0.0016115664
368188,0.68183148,0,50,49.999973,50.000027,7.9472748e-06,-7.1011564e-06,-8.4611861e-07,0,-0.0016115664
368288,0.68204576,0,50,49.999973,50.000027,7.9472766e-06,-7.1011559e-06,-8.4612066e-07,360,-0.0016115664
368387,0.68225998,0,50,49.999973,50.000027,7.9472748e-06,-7.1011564e-06,-8.4611861e-07,0,-0.0016115664
368487,0.68247426,0,50,49.999973,50.000027,7.9472766e-06,-7.1011559e-06,-8.4612066e-07,360,-0.0016115664
368587,0.68268847,0,50,49.999973,50.000027,7.9472748e-06,-7.1011564e-06,-8.4611861e-07,0,-0.0016115664
368687,0.68290275,0,50,49.999973,50.000027,7.9472766e-06,-7.1011559e-06,-8.4612066e-07,360,-0.0016115664
368787,0.68311703,0,50,49.999973,50.000027,7.9472748e-06,-7.1011564e-06,-8.4611861e-07,0,-0.0016115664
368887,0.68333125,0,50,49.999973,50.000027,7.9472766e-06,-7.1011559e-06,-8.4612066e-07,360,-0.0016115664
368987,0.68354553,0,50,49.999973,50.000027,7.9472748e-06,-7.1011564e-06,-8.4611861e-07,0,-0.0016115664
369087,0.68375975,0,50,49.999973,50.000027,7.9472766e-06,-7.1011559e-06,-8.4612066e-07,360,-0.0016115664
369187,0.68397403,0,50,49.999973,50.000027,7.9472748e-06,-7.1011564e-06,-8.4611861e-07,0,-0.0016115664
369287,0.68418831,0,50,49.999973,50.000027,7.9472766e-06,-7.1011559e-06,-8.4612066e-07,360,-0.0016115664
369387,0.68440259,0,50,49.999973,50.000027,7.9472748e-06,-7.1011564e-06,-8.4611861e-07,0,-0.0016115664
369487,0.6846168,0,50,49.999973,50.000027,7.9472766e-06,-7.1011559e-06,-8.4612066e-07,360,-0.0016115664
369587,0.68483108,0,50,49.999973,50.000027,7.9472748e-06,-7.1011564e-06,-8.4611861e-07,0,-0.0016115664
369687,0.68504536,0,50,49.999973,50.000027,7.9472766e-06,-7.1011559e-06,-8.4612066e-07,360,-0.0016115664
369787,0.68525958,0,50,49.999973,50.000027,7.9472748e-06,-7.1011564e-06,-8.4611861e-07,0,-0.0016115664
369887,0.6854738,0,50,49.999973,50.000027,7.9472766e-06,-7.1011559e-06,-8.4612066e-07,360,-0.0016115664
369987,0.68568808,0,50,49.999973,50.000027,7.9472748e-06,-7.1011564e-06,-8.4611861e-07,0,-0.0016115664
370087,0.68590236,0,50,49.999973,50.000027,7.9472766e-06,-7.1011559e-06,-8.4612066e-07,360,-0.0016115664
370187,0.68611664,0,50,49.999973,50.000027,7.9472748e-06,-7.1011564e-06,-8.4611861e-07,0,-0.0016115664
370287,0.68633091,0,50,49.999973,50.000027,7.9472766e-06,-7.1011559e-06,-8.4612066e-07,360,-0.0016115664
370387,0.68654513,0,50,49.999973,50.000027,7.9472748e-06,-7.1011564e-06,-8.4611861e-07,0,-0.0016115664
370487,0.68675935,0,50,49.999973,50.000027,7.9472766e-06,-7.1011559e-06,-8.4612066e-07,360,-0.0016115664
370587,0.68697363,0,50,49.999973,50.000027,7.9472748e-06,-7.1011564e-06,-8.4611861e-07,0,-0.0016115664
370687,0.68718791,0,50,49.999973,50.000027,7.9472766e-06,-7.1011559e-06,-8.4612066e-07,360,-0.0016115664
370787,0.68740213,0,50,49.999973,50.000027,7.9472748e-06,-7.1011564e-06,-8.4611861e-07,0,-0.0016115664
370887,0.68761641,0,50,49.999973,50.000027,7.9472766e-06,-7.1011559e-06,-8.4612066e-07,360,-0.0016115664
370987,0.68783069,0,50,49.999973,50.000027,7.9472748e-06,-7.1011564e-06,-8.4611861e-07,0,-0.0016115664
371087,0.68804497,0,50,49.999973,50.000027,7.9472766e-06,-7.1011559e-06,-8.4612066e-07,360,-0.0016115664
371187,0.68825918,0,50,49.999973,50.000027,7.9472748e-06,-7.1011564e-06,-8.4611861e-07,0,-0.0016115664
371287,0.68847346,0,50,49.999973,50.000027,7.9472766e-06,-7.1011559e-06,-8.4612066e-07,360,-0.0016115664
371387,0.68868768,0,50,49.999973,50.000027,7.9472748e-06,-7.1011564e-06,-8.4611861e-07,0,-0.0016115664
371487,0.68890196,0,50,49.999973,50.000027,7.9472766e-06,-7.1011559e-06,-8.4612066e-07,360,-0.0016115664
371587,0.68911624,0,50,49.999973,50.000027,7.9472748e-06,-7.1011564e-06,-8.4611861e-07,0,-0.0016115664
371687,0.68933046,0,50,49.999973,50.000027,7.9472766e-06,-7.1011559e-06,-8.4612066e-07,360,-0.0016115664
371787,0.68954474,0,50,49.999973,50.000027,7.9472748e-06,-7.1011564e-06,-8.4611861e-07,0,-0.0016115664
371887,0.68975896,0,50,49.999973,50.000027,7.9472766e-06,-7.1011559e-06,-8.4612066e-07,360,-0.0016115664
371987,0.68997324,0,50,49.999973,50.000027,7.9472748e-06,-7.1011564e-06,-8.4611861e-07,0,-0.0016115664
372087,0.69018751,0,50,49.999973,50.000027,7.9472766e-06,-7.1011559e-06,-8.4612066e-07,360,-0.0016115664
372187,0.69040179,0,50,49.999973,50.000027,7.9472748e-06,-7.1011564e-06,-8.4611861e-07,0,-0.0016115664
372287,0.69061601,0,50,49.999973,50.000027,7.9472766e-06,-7.1011559e-06,-8.4612066e-07,360,-0.0016115664
372387,0.69083029,0,50,49.999973,50.000027,7.9472748e-06,-7.1011564e-06,-8.4611861e-07,0,-0.0016115664
372487,0.69104457,0,50,49.999973,50.000027,7.9472766e-06,-7.1011559e-06,-8.4612066e-07,360,-0.0016115664
372587,0.69125879,0,50,49.999973,50.000027,7.9472748e-06,-7.1011564e-06,-8.4611861e-07,0,-0.0016115664
372687,0.69147301,0,50,49.999973,50.000027,7.9472766e-06,-7.1011559e-06,-8.4612066e-07,360,-0.0016115664
372787,0.69168729,0,50,49.999973,50.000027,7.9472748e-06,-7.1011564e-06,-8.4611861e-07,0,-0.0016115664
372887,0.69190156,0,50,49.999973,50.000027,7.9472766e-06,-7.1011559e-06,-8.4612066e-07,360,-0.0016115664
372987,0.69211584,0,50,49.999973,50.000027,7.9472748e-06,-7.1011564e-06,-8.4611861e-07,0,-0.0016115664
373087,0.69233012,0,50,49.999973,50.000027,7.9472766e-06,-7.1011559e-06,-8.4612066e-07,360,-0.0016115664
373187,0.69254434,0,50,49.999973,50.000027,7.9472748e-06,-7.1011564e-06,-8.4611861e-07,0,-0.0016115664
373287,0.69275856,0,50,49.999973,50.000027,7.9472766e-06,-7.1011559e-06,-8.4612066e-07,360,-0.0016115664
373387,0.69297284,0,50,49.999973,50.000027,7.9472748e-06,-7.1011564e-06,-8.4611861e-07,0,-0.0016115664
373487,0.69318712,0,50,49.999973,50.000027,7.9472766e-06,-7.1011559e-06,-8.4612066e-07,360,-0.0016115664
373587,0.69340134,0,50,49.999973,50.000027,7.9472748e-06,-7.1011564e-06,-8.4611861e-07,0,-0.0016115664
373687,0.69361562,0,50,49.999973,50.000027,7.9472766e-06,-7.1011559e-06,-8.4612066e-07,360,-0.0016115664
373787,0.69382989,0,50,49.999973,50.000027,7.9472748e-06,-7.1011564e-06,-8.4611861e-07,0,-0.0016115664
373887,0.69404417,0,50,49.999973,50.000027,7.9472766e-06,-7.1011559e-06,-8.4612066e-07,360,-0.0016115664
373987,0.69425839,0,50,49.999973,50.000027,7.9472748e-06,-7.1011564e-06,-8.4611861e-07,0,-0.0016115664
374087,0.69447267,0,50,49.999973,50.000027,7.9472766e-06,-7.1011559e-06,-8.4612066e-07,360,-0.0016115664
374187,0.69468689,0,50,49.999973,50.000027,7.9472748e-06,-7.1011564e-06,-8.4611861e-07,0,-0.0016115664
374287,0.69490117,0,50,49.999973,50.000027,7.9472766e-06,-7.1011559e-06,-8.4612066e-07,360,-0.0016115664
374387,0.69511545,0,50,49.999973,50.000027,7.9472748e-06,-7.1011564e-06,-8.4611861e-07,0,-0.0016115664
374487,0.69532967,0,50,49.999973,50.000027,7.9472766e-06,-7.1011559e-06,-8.4612066e-07,360,-0.0016115664
374587,0.69554394,0,50,49.999973,50.000027,7.9472748e-06,-7.1011564e-06,-8.4611861e-07,0,-0.0016115664
374687,0.69575816,0,50,49.999973,50.000027,7.9472766e-06,-7.1011559e-06,-8.4612066e-07,360,-0.0016115664
374787,0.69597244,0,50,49.999973,50.000027,7.9472748e-06,-7.1011564e-06,-8.4611861e-07,0,-0.0016115664
374887,0.69618672,0,50,49.999973,50.000027,7.9472766e-06,-7.1011559e-06,-8.4612066e-07,360,-0.0016115664
374987,0.696401,0,50,49.999973,50.000027,7.9472748e-06,-7.1011564e-06,-8.4611861e-07,0,-0.0016115664
375087,0.69661522,0,50,49.999973,50.000027,7.9472766e-06,-7.1011559e-06,-8.4612066e-07,360,-0.0016115664
375187,0.6968295,0,50,49.999973,50.000027,7.9472748e-06,-7.1011564e-06,-8.4611861e-07,0,-0.0016115664
375287,0.69704378,0,50,49.999973,50.000027,7.9472766e-06,-7.1011559e-06,-8.4612066e-07,360,-0.0016115664
375387,0.697258,0,50,49.999973,50.000027,7.9472748e-06,-7.1011564e-06,-8.4611861e-07,0,-0.0016115664
375487,0.69747221,0,50,49.999973,50.000027,7.9472766e-06,-7.1011559e-06,-8.4612066e-07,360,-0.0016115664
375587,0.69768649,0,50,49.999973,50.000027,7.9472748e-06,-7.1011564e-06,-8.4611861e-07,0,-0.0016115664
375687,0.69790077,0,50,49.999973,50.000027,7.9472766e-06,-7.1011559e-06,-8.4612066e-07,360,-0.0016115664
375787,0.69811505,0,50,49.999973,50.000027,7.9472748e-06,-7.1011564e-06,-8.4611861e-07,0,-0.0016115664
375887,0.69832933,0,50,49.999973,50.000027,7.9472766e-06,-7.1011559e-06,-8.4612066e-07,360,-0.0016115664
375986,0.69854355,0,50,49.999973,50.000027,7.9472748e-06,-7.1011564e-06,-8.4611861e-07,0,-0.0016115664
376086,0.69875777,0,50,49.999973,50.000027,7.9472766e-06,-7.1011559e-06,-8.4612066e-07,360,-0.0016115664
376186,0.69897205,0,50,49.999973,50.000027,7.9472748e-06,-7.1011564e-06,-8.4611861e-07,0,-0.0016115664
376286,0.69918633,0,50,49.999973,50.000027,7.9472766e-06,-7.1011559e-06,-8.4612066e-07,360,-0.0016115664
376386,0.69940054,0,50,49.999973,50.000027,7.9472748e-06,-7.1011564e-06,-8.4611861e-07,0,-0.0016115664
376486,0.69961482,0,50,49.999973,50.000027,7.9472766e-06,-7.1011559e-06,-8.4612066e-07,360,-0.0016115664
376586,0.6998291,0,50,49.999973,50.000027,7.9472748e-06,-7.1011564e-06,-8.4611861e-07,0,-0.0016115664
376686,0.70004338,0,50,49.999973,50.000027,7.9472766e-06,-7.1011559e-06,-8.4612066e-07,360,-0.0016115664
376786,0.7002576,0,50,49.999973,50.000027,7.9472748e-06,-7.1011564e-06,-8.4611861e-07,0,-0.0016115664
376886,0.70047188,0,50,49.999973,50.000027,7.9472766e-06,-7.1011559e-06,-8.4612066e-07,360,-0.0016115664
376986,0.7006861,0,50,49.999973,50.000027,7.9472748e-06,-7.1011564e-06,-8.4611861e-07,0,-0.0016115664
377086,0.70090038,0,50,49.999973,50.000027,7.9472766e-06,-7.1011559e-06,-8.4612066e-07,360,-0.0016115664
377186,0.70111465,0,50,49.999973,50.000027,7.9472748e-06,-7.1011564e-06,-8.4611861e-07,0,-0.0016115664
377286,0.70132887,0,50,49.999973,50.000027,7.9472766e-06,-7.1011559e-06,-8.4612066e-07,360,-0.0016115664
377386,0.70154315,0,50,49.999973,50.000027,7.9472748e-06,-7.1011564e-06,-8.4611861e-07,0,-0.0016115664
377486,0.70175737,0,50,49.999973,50.000027,7.9472766e-06,-7.1011559e-06,-8.4612066e-07,360,-0.0016115664
377586,0.70197165,0,50,49.999973,50.000027,7.9472748e-06,-7.1011564e-06,-8.4611861e-07,0,-0.0016115664
377686,0.70218593,0,50,49.999973,50.000027,7.9472766e-06,-7.1011559e-06,-8.4612066e-07,360,-0.0016115664
377786,0.70240021,0,50,49.999973,50.000027,7.9472748e-06,-7.1011564e-06,-8.4611861e-07,0,-0.0016115664
377886,0.70261443,0,50,49.999973,50.000027,7.9472766e-06,-7.1011559e-06,-8.4612066e-07,360,-0.0016115664
377986,0.70282871,0,50,49.999973,50.000027,7.9472748e-06,-7.1011564e-06,-8.4611861e-07,0,-0.0016115664
378086,0.70304298,0,50,49.999973,50.000027,7.9472766e-06,-7.1011559e-06,-8.4612066e-07,360,-0.0016115664
378186,0.7032572,0,50,49.999973,50.000027,7.9472748e-06,-7.1011564e-06,-8.4611861e-07,0,-0.0016115664
378286,0.70347142,0,50,49.999973,50.000027,7.9472766e-06,-7.1011559e-06,-8.4612066e-07,360,-0.0016115664
378386,0.7036857,0,50,49.999973,50.000027,7.9472748e-06,-7.1011564e-06,-8.4611861e-07,0,-0.0016115664
378486,0.70389998,0,50,49.999973,50.000027,7.9472766e-06,-7.1011559e-06,-8.4612066e-07,360,-0.0016115664
378586,0.70411426,0,50,49.999973,50.000027,7.9472748e-06,-7.1011564e-06,-8.4611861e-07,0,-0.0016115664
378686,0.70432854,0,50,49.999973,50.000027,7.9472766e-06,-7.1011559e-06,-8.4612066e-07,360,-0.0016115664
378786,0.70454276,0,50,49.999973,50.000027,7.9472748e-06,-7.1011564e-06,-8.4611861e-07,0,-0.0016115664
378886,0.70475698,0,50,49.999973,50.000027,7.9472766e-06,-7.1011559e-06,-8.4612066e-07,360,-0.0016115664
378986,0.70497125,0,50,49.999973,50.000027,7.9472748e-06,-7.1011564e-06,-8.4611861e-07,0,-0.0016115664
379086,0.70518553,0,50,49.999973,50.000027,7.9472766e-06,-7.1011559e-06,-8.4612066e-07,360,-0.0016115664
379186,0.70539975,0,50,49.999973,50.000027,7.9472748e-06,-7.1011564e-06,-8.4611861e-07,0,-0.0016115664
379286,0.70561403,0,50,49.999973,50.000027,7.9472766e-06,-7.1011559e-06,-8.4612066e-07,360,-0.0016115664
379386,0.70582831,0,50,49.999973,50.000027,7.9472748e-06,-7.1011564e-06,-8.4611861e-07,0,-0.0016115664
379486,0.70604259,0,50,49.999973,50.000027,7.9472766e-06,-7.1011559e-06,-8.4612066e-07,360,-0.0016115664
379586,0.70625681,0,50,49.999973,50.000027,7.9472748e-06,-7.1011564e-06,-8.4611861e-07,0,-0.0016115664
379686,0.70647109,0,50,49.999973,50.000027,7.9472766e-06,-7.1011559e-06,-8.4612066e-07,360,-0.0016115664
379786,0.7066853,0,50,49.999973,50.000027,7.9472748e-06,-7.1011564e-06,-8.4611861e-07,0,-0.0016115664
379886,0.70689958,0,50,49.999973,50.000027,7.9472766e-06,-7.1011559e-06,-8.4612066e-07,360,-0.0016115664
379986,0.70711386,0,50,49.999973,50.000027,7.9472748e-06,-7.1011564e-06,-8.4611861e-07,0,-0.0016115664
380086,0.70732808,0,50,49.999973,50.000027,7.9472766e-06,-7.1011559e-06,-8.4612066e-07,360,-0.0016115664
380186,0.70754236,0,50,49.999973,50.000027,7.9472748e-06,-7.1011564e-06,-8.4611861e-07,0,-0.0016115664
380286,0.70775658,0,50,49.999973,50.000027,7.9472766e-06,-7.1011559e-06,-8.4612066e-07,360,-0.0016115664
380386,0.70797086,0,50,49.999973,50.000027,7.9472748e-06,-7.1011564e-06,-8.4611861e-07,0,-0.0016115664
380486,0.70818514,0,50,49.999973,50.000027,7.9472766e-06,-7.1011559e-06,-8.4612066e-07,360,-0.0016115664
380586,0.70839942,0,50,49.999973,50.000027,7.9472748e-06,-7.1011564e-06,-8.4611861e-07,0,-0.0016115664
380686,0.70861363,0,50,49.999973,50.000027,7.9472766e-06,-7.1011559e-06,-8.4612066e-07,360,-0.0016115664
380786,0.70882791,0,50,49.999973,50.000027,7.9472748e-06,-7.1011564e-06,-8.4611861e-07,0,-0.0016115664
380886,0.70904219,0,50,49.999973,50.000027,7.9472766e-06,-7.1011559e-06,-8.4612066e-07,360,-0.0016115664
380986,0.70925641,0,50,49.999973,50.000027,7.9472748e-06,-7.1011564e-06,-8.4611861e-07,0,-0.0016115664
381086,0.70947063,0,50,49.999973,50.000027,7.9472766e-06,-7.1011559e-06,-8.4612066e-07,360,-0.0016115664
381186,0.70968491,0,50,49.999973,50.000027,7.9472748e-06,-7.1011564e-06,-8.4611861e-07,0,-0.0016115664
381286,0.70989919,0,50,49.999973,50.000027,7.9472766e-06,-7.1011559e-06,-8.4612066e-07,360,-0.0016115664
381386,0.71011347,0,50,49.999973,50.000027,7.9472748e-06,-7.1011564e-06,-8.4611861e-07,0,-0.0016115664
381486,0.71032774,0,50,49.999973,50.000027,7.9472766e-06,-7.1011559e-06,-8.4612066e-07,360,-0.0016115664
381586,0.71054196,0,50,49.999973,50.000027,7.9472748e-06,-7.1011564e-06,-8.4611861e-07,0,-0.0016115664
381686,0.71075618,0,50,49.999973,50.000027,7.9472766e-06,-7.1011559e-06,-8.4612066e-07,360,-0.0016115664
381786,0.71097046,0,50,49.999973,50.000027,7.9472748e-06,-7.1011564e-06,-8.4611861e-07,0,-0.0016115664
381886,0.71118474,0,50,49.999973,50.000027,7.9472766e-06,-7.1011559e-06,-8.4612066e-07,360,-0.0016115664
381986,0.71139896,0,50,49.999973,50.000027,7.9472748e-06,-7.1011564e-06,-8.4611861e-07,0,-0.0016115664
382086,0.71161324,0,50,49.999973,50.000027,7.9472766e-06,-7.1011559e-06,-8.4612066e-07,360,-0.0016115664
382186,0.71182752,0,50,49.999973,50.000027,7.9472748e-06,-7.1011564e-06,-8.4611861e-07,0,-0.0016115664
382286,0.7120418,0,50,49.999973,50.000027,7.9472766e-06,-7.1011559e-06,-8.4612066e-07,360,-0.0016115664
382386,0.71225601,0,50,49.999973,50.000027,7.9472748e-06,-7.1011564e-06,-8.4611861e-07,0,-0.0016115664
382486,0.71247029,0,50,49.999973,50.000027,7.9472766e-06,-7.1011559e-06,-8.4612066e-07,360,-0.0016115664
382586,0.71268451,0,50,49.999973,50.000027,7.9472748e-06,-7.1011564e-06,-8.4611861e-07,0,-0.0016115664
382686,0.71289879,0,50,49.999973,50.000027,7.9472766e-06,-7.1011559e-06,-8.4612066e-07,360,-0.0016115664
382786,0.71311307,0,50,49.999973,50.000027,7.9472748e-06,-7.1011564e-06,-8.4611861e-07,0,-0.0016115664
382886,0.71332729,0,50,49.999973,50.000027,7.9472766e-06,-7.1011559e-06,-8.4612066e-07,360,-0.0016115664
382986,0.71354157,0,50,49.999973,50.000027,7.9472748e-06,-7.1011564e-06,-8.4611861e-07,0,-0.0016115664
383086,0.71375579,0,50,49.999973,50.000027,7.9472766e-06,-7.1011559e-06,-8.4612066e-07,360,-0.0016115664
383186,0.71397007,0,50,49.999973,50.000027,7.9472748e-06,-7.1011564e-06,-8.4611861e-07,0,-0.0016115664
383286,0.71418434,0,50,49.999973,50.000027,7.9472766e-06,-7.1011559e-06,-8.4612066e-07,360,-0.0016115664
383386,0.71439862,0,50,49.999973,50.000027,7.9472748e-06,-7.1011564e-06,-8.4611861e-07,0,-0.0016115664
383486,0.71461284,0,50,49.999973,50.000027,7.9472766e-06,-7.1011559e-06,-8.4612066e-07,360,-0.0016115664
383585,0.71482712,0,50,49.999973,50.000027,7.9472748e-06,-7.1011564e-06,-8.4611861e-07,0,-0.0016115664
383685,0.7150414,0,50,49.999973,50.000027,7.9472766e-06,-7.1011559e-06,-8.4612066e-07,360,-0.0016115664
383785,0.71525562,0,50,49.999973,50.000027,7.9472748e-06,-7.1011564e-06,-8.4611861e-07,0,-0.0016115664
383885,0.71546984,0,50,49.999973,50.000027,7.9472766e-06,-7.1011559e-06,-8.4612066e-07,360,-0.0016115664
383985,0.71568412,0,50,49.999973,50.000027,7.9472748e-06,-7.1011564e-06,-8.4611861e-07,0,-0.0016115664
384085,0.71589839,0,50,49.999973,50.000027,7.9472766e-06,-7.1011559e-06,-8.4612066e-07,360,-0.0016115664
384185,0.71611267,0,50,49.999973,50.000027,7.9472748e-06,-7.1011564e-06,-8.4611861e-07,0,-0.0016115664
384285,0.71632695,0,50,49.999973,50.000027,7.9472766e-06,-7.1011559e-06,-8.4612066e-07,360,-0.0016115664
384385,0.71654117,0,50,49.999973,50.000027,7.9472748e-06,-7.1011564e-06,-8.4611861e-07,0,-0.0016115664
384485,0.71675539,0,50,49.999973,50.000027,7.9472766e-06,-7.1011559e-06,-8.4612066e-07,360,-0.0016115664
384585,0.71696967,0,50,49.999973,50.000027,7.9472748e-06,-7.1011564e-06,-8.4611861e-07,0,-0.0016115664
384685,0.71718395,0,50,49.999973,50.000027,7.9472766e-06,-7.1011559e-06,-8.4612066e-07,360,-0.0016115664
384785,0.71739817,0,50,49.999973,50.000027,7.9472748e-06,-7.1011564e-06,-8.4611861e-07,0,-0.0016115664
384885,0.71761245,0,50,49.999973,50.000027,7.9472766e-06,-7.1011559e-06,-8.4612066e-07,360,-0.0016115664
384985,0.71782672,0,50,49.999973,50.000027,7.9472748e-06,-7.1011564e-06,-8.4611861e-07,0,-0.0016115664
385085,0.718041,0,50,49.999973,50.000027,7.9472766e-06,-7.1011559e-06,-8.4612066e-07,360,-0.0016115664
385185,0.71825522,0,50,49.999973,50.000027,7.9472748e-06,-7.1011564e-06,-8.4611861e-07,0,-0.0016115664
385285,0.7184695,0,50,49.999973,50.000027,7.9472766e-06,-7.1011559e-06,-8.4612066e-07,360,-0.0016115664
385385,0.71868372,0,50,49.999973,50.000027,7.9472748e-06,-7.1011564e-06,-8.4611861e-07,0,-0.0016115664
385485,0.718898,0,50,49.999973,50.000027,7.9472766e-06,-7.1011559e-06,-8.4612066e-07,360,-0.0016115664
385585,0.71911228,0,50,49.999973,50.000027,7.9472748e-06,-7.1011564e-06,-8.4611861e-07,0,-0.0016115664
385685,0.7193265,0,50,49.999973,50.000027,7.9472766e-06,-7.1011559e-06,-8.4612066e-07,360,-0.0016115664
385785,0.71954077,0,50,49.999973,50.000027,7.9472748e-06,-7.1011564e-06,-8.4611861e-07,0,-0.0016115664
385885,0.71975499,0,50,49.999973,50.000027,7.9472766e-06,-7.1011559e-06,-8.4612066e-07,360,-0.0016115664
385985,0.71996927,0,50,49.999973,50.000027,7.9472748e-06,-7.1011564e-06,-8.4611861e-07,0,-0.0016115664
386085,0.72018355,0,50,49.999973,50.000027,7.9472766e-06,-7.1011559e-06,-8.4612066e-07,360,-0.0016115664
386185,0.72039783,0,50,49.999973,50.000027,7.9472748e-06,-7.1011564e-06,-8.4611861e-07,0,-0.0016115664
386285,0.72061205,0,50,49.999973,50.000027,7.9472766e-06,-7.1011559e-06,-8.4612066e-07,360,-0.0016115664
386385,0.72082633,0,50,49.999973,50.000027,7.9472748e-06,-7.1011564e-06,-8.4611861e-07,0,-0.0016115664
386485,0.72104061,0,50,49.999973,50.000027,7.9472766e-06,-7.1011559e-06,-8.4612066e-07,360,-0.0016115664
386585,0.72125483,0,50,49.999973,50.000027,7.9472748e-06,-7.1011564e-06,-8.4611861e-07,0,-0.0016115664
386685,0.72146904,0,50,49.999973,50.000027,7.9472766e-06,-7.1011559e-06,-8.4612066e-07,360,-0.0016115664
386785,0.72168332,0,50,49.999973,50.000027,7.9472748e-06,-7.1011564e-06,-8.4611861e-07,0,-0.0016115664
386885,0.7218976,0,50,49.999973,50.000027,7.9472766e-06,-7.1011559e-06,-8.4612066e-07,360,-0.0016115664
386985,0.72211188,0,50,49.999973,50.000027,7.9472748e-06,-7.1011564e-06,-8.4611861e-07,0,-0.0016115664
387085,0.72232616,0,50,49.999973,50.000027,7.9472766e-06,-7.1011559e-06,-8.4612066e-07,360,-0.0016115664
387185,0.72254038,0,50,49.999973,50.000027,7.9472748e-06,-7.1011564e-06,-8.4611861e-07,0,-0.0016115664
387285,0.7227546,0,50,49.999973,50.000027,7.9472766e-06,-7.1011559e-06,-8.4612066e-07,360,-0.0016115664
387385,0.72296888,0,50,49.999973,50.000027,7.9472748e-06,-7.1011564e-06,-8.4611861e-07,0,-0.0016115664
387485,0.72318316,0,50,49.999973,50.000027,7.9472766e-06,-7.1011559e-06,-8.4612066e-07,360,-0.0016115664
387585,0.72339737,0,50,49.999973,50.000027,7.9472748e-06,-7.1011564e-06,-8.4611861e-07,0,-0.0016115664
387685,0.72361165,0,50,49.999973,50.000027,7.9472766e-06,-7.1011559e-06,-8.4612066e-07,360,-0.0016115664
387785,0.72382593,0,50,49.999973,50.000027,7.9472748e-06,-7.1011564e-06,-8.4611861e-07,0,-0.0016115664
387885,0.72404021,0,50,49.999973,50.000027,7.9472766e-06,-7.1011559e-06,-8.4612066e-07,360,-0.0016115664
387985,0.72425443,0,50,49.999973,50.000027,7.9472748e-06,-7.1011564e-06,-8.4611861e-07,0,-0.0016115664
388085,0.72446871,0,50,49.999973,50.000027,7.9472766e-06,-7.1011559e-06,-8.4612066e-07,360,-0.0016115664
388185,0.72468293,0,50,49.999973,50.000027,7.9472748e-06,-7.1011564e-06,-8.4611861e-07,0,-0.0016115664
388285,0.72489721,0,50,49.999973,50.000027,7.9472766e-06,-7.1011559e-06,-8.4612066e-07,360,-0.0016115664
388385,0.72511148,0,50,49.999973,50.000027,7.9472748e-06,-7.1011564e-06,-8.4611861e-07,0,-0.0016115664
388485,0.7253257,0,50,49.999973,50.000027,7.9472766e-06,-7.1011559e-06,-8.4612066e-07,360,-0.0016115664
388585,0.72553998,0,50,49.999973,50.000027,7.9472748e-06,-7.1011564e-06,-8.4611861e-07,0,-0.0016115664
388685,0.7257542,0,50,49.999973,50.000027,7.9472766e-06,-7.1011559e-06,-8.4612066e-07,360,-0.0016115664
388785,0.72596848,0,50,49.999973,50.000027,7.9472748e-06,-7.1011564e-06,-8.4611861e-07,0,-0.0016115664
388885,0.72618276,0,50,49.999973,50.000027,7.9472766e-06,-7.1011559e-06,-8.4612066e-07,360,-0.0016115664
388985,0.72639704,0,50,49.999973,50.000027,7.9472748e-06,-7.1011564e-06,-8.4611861e-07,0,-0.0016115664
389085,0.72661126,0,50,49.999973,50.000027,7.9472766e-06,-7.1011559e-06,-8.4612066e-07,360,-0.0016115664
389185,0.72682554,0,50,49.999973,50.000027,7.9472748e-06,-7.1011564e-06,-8.4611861e-07,0,-0.0016115664
389285,0.72703981,0,50,49.999973,50.000027,7.9472766e-06,-7.1011559e-06,-8.4612066e-07,360,-0.0016115664
389385,0.72725403,0,50,49.999973,50.000027,7.9472748e-06,-7.1011564e-06,-8.4611861e-07,0,-0.0016115664
389485,0.72746825,0,50,49.999973,50.000027,7.9472766e-06,-7.1011559e-06,-8.4612066e-07,360,-0.0016115664
389585,0.72768253,0,50,49.999973,50.000027,7.9472748e-06,-7.1011564e-06,-8.4611861e-07,0,-0.0016115664
389685,0.72789681,0,50,49.999973,50.000027,7.9472766e-06,-7.1011559e-06,-8.4612066e-07,360,-0.0016115664
389785,0.72811109,0,50,49.999973,50.000027,7.9472748e-06,-7.1011564e-06,-8.4611861e-07,0,-0.0016115664
389885,0.72832537,0,50,49.999973,50.000027,7.9472766e-06,-7.1011559e-06,-8.4612066e-07,360,-0.0016115664
389985,0.72853959,0,50,49.999973,50.000027,7.9472748e-06,-7.1011564e-06,-8.4611861e-07,0,-0.0016115664
390085,0.72875381,0,50,49.999973,50.000027,7.9472766e-06,-7.1011559e-06,-8.4612066e-07,360,-0.0016115664
390185,0.72896808,0,50,49.999973,50.000027,7.9472748e-06,-7.1011564e-06,-8.4611861e-07,0,-0.0016115664
390285,0.72918236,0,50,49.999973,50.000027,7.9472766e-06,-7.1011559e-06,-8.4612066e-07,360,-0.0016115664
390385,0.72939658,0,50,49.999973,50.000027,7.9472748e-06,-7.1011564e-06,-8.4611861e-07,0,-0.0016115664
390485,0.72961086,0,50,49.999973,50.000027,7.9472766e-06,-7.1011559e-06,-8.4612066e-07,360,-0.0016115664
390585,0.72982514,0,50,49.999973,50.000027,7.9472748e-06,-7.1011564e-06,-8.4611861e-07,0,-0.0016115664
390685,0.73003942,0,50,49.999973,50.000027,7.9472766e-06,-7.1011559e-06,-8.4612066e-07,360,-0.0016115664
390785,0.73025364,0,50,49.999973,50.000027,7.9472748e-06,-7.1011564e-06,-8.4611861e-07,0,-0.0016115664
390885,0.73046792,0,50,49.999973,50.000027,7.9472766e-06,-7.1011559e-06,-8.4612066e-07,360,-0.0016115664
390985,0.73068213,0,50,49.999973,50.000027,7.9472748e-06,-7.1011564e-06,-8.4611861e-07,0,-0.0016115664
391084,0.73089641,0,50,49.999973,50.000027,7.9472766e-06,-7.1011559e-06,-8.4612066e-07,360,-0.0016115664
391184,0.73111069,0,50,49.999973,50.000027,7.9472748e-06,-7.1011564e-06,-8.4611861e-07,0,-0.0016115664
391284,0.73132491,0,50,49.999973,50.000027,7.9472766e-06,-7.1011559e-06,-8.4612066e-07,360,-0.0016115664
391384,0.73153919,0,50,49.999973,50.000027,7.9472748e-06,-7.1011564e-06,-8.4611861e-07,0,-0.0016115664
391484,0.73175341,0,50,49.999973,50.000027,7.9472766e-06,-7.1011559e-06,-8.4612066e-07,360,-0.0016115664
391584,0.73196769,0,50,49.999973,50.000027,7.9472748e-06,-7.1011564e-06,-8.4611861e-07,0,-0.0016115664
391684,0.73218197,0,50,49.999973,50.000027,7.9472766e-06,-7.1011559e-06,-8.4612066e-07,360,-0.0016115664
391784,0.73239625,0,50,49.999973,50.000027,7.9472748e-06,-7.1011564e-06,-8.4611861e-07,0,-0.0016115664
391884,0.73261046,0,50,49.999973,50.000027,7.9472766e-06,-7.1011559e-06,-8.4612066e-07,360,-0.0016115664
391984,0.73282474,0,50,49.999973,50.000027,7.9472748e-06,-7.1011564e-06,-8.4611861e-07,0,-0.0016115664
392084,0.73303902,0,50,49.999973,50.000027,7.9472766e-06,-7.1011559e-06,-8.4612066e-07,360,-0.0016115664
392184,0.73325324,0,50,49.999973,50.000027,7.9472748e-06,-7.1011564e-06,-8.4611861e-07,0,-0.0016115664
392284,0.73346746,0,50,49.999973,50.000027,7.9472766e-06,-7.1011559e-06,-8.4612066e-07,360,-0.0016115664
392384,0.73368174,0,50,49.999973,50.000027,7.9472748e-06,-7.1011564e-06,-8.4611861e-07,0,-0.0016115664
392484,0.73389602,0,50,49.999973,50.000027,7.9472766e-06,-7.1011559e-06,-8.4612066e-07,360,-0.0016115664
392584,0.7341103,0,50,49.999973,50.000027,7.9472748e-06,-7.1011564e-06,-8.4611861e-07,0,-0.0016115664
392684,0.73432457,0,50,49.999973,50.000027,7.9472766e-06,-7.1011559e-06,-8.4612066e-07,360,-0.0016115664
392784,0.73453879,0,50,49.999973,50.000027,7.9472748e-06,-7.1011564e-06,-8.4611861e-07,0,-0.0016115664
392884,0.73475301,0,50,49.999973,50.000027,7.9472766e-06,-7.1011559e-06,-8.4612066e-07,360,-0.0016115664
392984,0.73496729,0,50,49.999973,50.000027,7.9472748e-06,-7.1011564e-06,-8.4611861e-07,0,-0.0016115664
393084,0.73518157,0,50,49.999973,50.000027,7.9472766e-06,-7.1011559e-06,-8.4612066e-07,360,-0.0016115664
393184,0.73539579,0,50,49.999973,50.000027,7.9472748e-06,-7.1011564e-06,-8.4611861e-07,0,-0.0016115664
393284,0.73561007,0,50,49.999973,50.000027,7.9472766e-06,-7.1011559e-06,-8.4612066e-07,360,-0.0016115664
393384,0.73582435,0,50,49.999973,50.000027,7.9472748e-06,-7.1011564e-06,-8.4611861e-07,0,-0.0016115664
393484,0.73603863,0,50,49.999973,50.000027,7.9472766e-06,-7.1011559e-06,-8.4612066e-07,360,-0.0016115664
393584,0.73625284,0,50,49.999973,50.000027,7.9472748e-06,-7.1011564e-06,-8.4611861e-07,0,-0.0016115664
393684,0.73646712,0,50,49.999973,50.000027,7.9472766e-06,-7.1011559e-06,-8.4612066e-07,360,-0.0016115664
393784,0.73668134,0,50,49.999973,50.000027,7.9472748e-06,-7.1011564e-06,-8.4611861e-07,0,-0.0016115664
393884,0.73689562,0,50,49.999973,50.000027,7.9472766e-06,-7.1011559e-06,-8.4612066e-07,360,-0.0016115664
393984,0.7371099,0,50,49.999973,50.000027,7.9472748e-06,-7.1011564e-06,-8.4611861e-07,0,-0.0016115664
394084,0.73732412,0,50,49.999973,50.000027,7.9472766e-06,-7.1011559e-06,-8.4612066e-07,360,-0.0016115664
394184,0.7375384,0,50,49.999973,50.000027,7.9472748e-06,-7.1011564e-06,-8.4611861e-07,0,-0.0016115664
394284,0.73775262,0,50,49.999973,50.000027,7.9472766e-06,-7.1011559e-06,-8.4612066e-07,360,-0.0016115664
394384,0.7379669,0,50,49.999973,50.000027,7.9472748e-06,-7.1011564e-06,-8.4611861e-07,0,-0.0016115664
394484,0.73818117,0,50,49.999973,50.000027,7.9472766e-06,-7.1011559e-06,-8.4612066e-07,360,-0.0016115664
394584,0.73839545,0,50,49.999973,50.000027,7.9472748e-06,-7.1011564e-06,-8.4611861e-07,0,-0.0016115664
394684,0.73860967,0,50,49.999973,50.000027,7.9472766e-06,-7.1011559e-06,-8.4612066e-07,360,-0.0016115664
394784,0.73882395,0,50,49.999973,50.000027,7.9472748e-06,-7.1011564e-06,-8.4611861e-07,0,-0.0016115664
394884,0.73903823,0,50,49.999973,50.000027,7.9472766e-06,-7.1011559e-06,-8.4612066e-07,360,-0.0016115664
394984,0.73925245,0,50,49.999973,50.000027,7.9472748e-06,-7.1011564e-06,-8.4611861e-07,0,-0.0016115664
395084,0.73946667,0,50,49.999973,50.000027,7.9472766e-06,-7.1011559e-06,-8.4612066e-07,360,-0.0016115664
395184,0.73968095,0,50,49.999973,50.000027,7.9472748e-06,-7.1011564e-06,-8.4611861e-07,0,-0.0016115664
395284,0.73989522,0,50,49.999973,50.000027,7.9472766e-06,-7.1011559e-06,-8.4612066e-07,360,-0.0016115664
395384,0.7401095,0,50,49.999973,50.000027,7.9472748e-06,-7.1011564e-06,-8.4611861e-07,0,-0.0016115664
395484,0.74032378,0,50,49.999973,50.000027,7.9472766e-06,-7.1011559e-06,-8.4612066e-07,360,-0.0016115664
395584,0.740538,0,50,49.999973,50.000027,7.9472748e-06,-7.1011564e-06,-8.4611861e-07,0,-0.0016115664
395684,0.74075222,0,50,49.999973,50.000027,7.9472766e-06,-7.1011559e-06,-8.4612066e-07,360,-0.0016115664
395784,0.7409665,0,50,49.999973,50.000027,7.9472748e-06,-7.1011564e-06,-8.4611861e-07,0,-0.0016115664
395884,0.74118078,0,50,49.999973,50.000027,7.9472766e-06,-7.1011559e-06,-8.4612066e-07,360,-0.0016115664
395984,0.741395,0,50,49.999973,50.000027,7.9472748e-06,-7.1011564e-06,-8.4611861e-07,0,-0.0016115664
396084,0.74160928,0,50,49.999973,50.000027,7.9472766e-06,-7.1011559e-06,-8.4612066e-07,360,-0.0016115664
396184,0.74182355,0,50,49.999973,50.000027,7.9472748e-06,-7.1011564e-06,-8.4611861e-07,0,-0.0016115664
396284,0.74203783,0,50,49.999973,50.000027,7.9472766e-06,-7.1011559e-06,-8.4612066e-07,360,-0.0016115664
396384,0.74225205,0,50,49.999973,50.000027,7.9472748e-06,-7.1011564e-06,-8.4611861e-07,0,-0.0016115664
396484,0.74246633,0,50,49.999973,50.000027,7.9472766e-06,-7.1011559e-06,-8.4612066e-07,360,-0.0016115664
396584,0.74268055,0,50,49.999973,50.000027,7.9472748e-06,-7.1011564e-06,-8.4611861e-07,0,-0.0016115664
396684,0.74289483,0,50,49.999973,50.000027,7.9472766e-06,-7.1011559e-06,-8.4612066e-07,360,-0.0016115664
396784,0.74310911,0,50,49.999973,50.000027,7.9472748e-06,-7.1011564e-06,-8.4611861e-07,0,-0.0016115664
396884,0.74332333,0,50,49.999973,50.000027,7.9472766e-06,-7.1011559e-06,-8.4612066e-07,360,-0.0016115664
396984,0.7435376,0,50,49.999973,50.000027,7.9472748e-06,-7.1011564e-06,-8.4611861e-07,0,-0.0016115664
397084,0.74375182,0,50,49.999973,50.000027,7.9472766e-06,-7.1011559e-06,-8.4612066e-07,360,-0.0016115664
397184,0.7439661,0,50,49.999973,50.000027,7.9472748e-06,-7.1011564e-06,-8.4611861e-07,0,-0.0016115664
397284,0.74418038,0,50,49.999973,50.000027,7.9472766e-06,-7.1011559e-06,-8.4612066e-07,360,-0.0016115664
397384,0.74439466,0,50,49.999973,50.000027,7.9472748e-06,-7.1011564e-06,-8.4611861e-07,0,-0.0016115664
397484,0.74460888,0,50,49.999973,50.000027,7.9472766e-06,-7.1011559e-06,-8.4612066e-07,360,-0.0016115664
397584,0.74482316,0,50,49.999973,50.000027,7.9472748e-06,-7.1011564e-06,-8.4611861e-07,0,-0.0016115664
397684,0.74503744,0,50,49.999973,50.000027,7.9472766e-06,-7.1011559e-06,-8.4612066e-07,360,-0.0016115664
397784,0.74525166,0,50,49.999973,50.000027,7.9472748e-06,-7.1011564e-06,-8.4611861e-07,0,-0.0016115664
397884,0.74546587,0,50,49.999973,50.000027,7.9472766e-06,-7.1011559e-06,-8.4612066e-07,360,-0.0016115664
397984,0.74568015,0,50,49.999973,50.000027,7.9472748e-06,-7.1011564e-06,-8.4611861e-07,0,-0.0016115664
398084,0.74589443,0,50,49.999973,50.000027,7.9472766e-06,-7.1011559e-06,-8.4612066e-07,360,-0.0016115664
398184,0.74610871,0,50,49.999973,50.000027,7.9472748e-06,-7.1011564e-06,-8.4611861e-07,0,-0.0016115664
398284,0.74632299,0,50,49.999973,50.000027,7.9472766e-06,-7.1011559e-06,-8.4612066e-07,360,-0.0016115664
398384,0.74653721,0,50,49.999973,50.000027,7.9472748e-06,-7.1011564e-06,-8.4611861e-07,0,-0.0016115664
398484,0.74675143,0,50,49.999973,50.000027,7.9472766e-06,-7.1011559e-06,-8.4612066e-07,360,-0.0016115664
398584,0.74696571,0,50,49.999973,50.000027,7.9472748e-06,-7.1011564e-06,-8.4611861e-07,0,-0.0016115664
398683,0.74717999,0,50,49.999973,50.000027,7.9472766e-06,-7.1011559e-06,-8.4612066e-07,360,-0.0016115664
398783,0.7473942,0,50,49.999973,50.000027,7.9472748e-06,-7.1011564e-06,-8.4611861e-07,0,-0.0016115664
398883,0.74760848,0,50,49.999973,50.000027,7.9472766e-06,-7.1011559e-06,-8.4612066e-07,360,-0.0016115664
398983,0.74782276,0,50,49.999973,50.000027,7.9472748e-06,-7.1011564e-06,-8.4611861e-07,0,-0.0016115664
399083,0.74803704,0,50,49.999973,50.000027,7.9472766e-06,-7.1011559e-06,-8.4612066e-07,360,-0.0016115664
399183,0.74825126,0,50,49.999973,50.000027,7.9472748e-06,-7.1011564e-06,-8.4611861e-07,0,-0.0016115664
399283,0.74846554,0,50,49.999973,50.000027,7.9472766e-06,-7.1011559e-06,-8.4612066e-07,360,-0.0016115664
399383,0.74867976,0,50,49.999973,50.000027,7.9472748e-06,-7.1011564e-06,-8.4611861e-07,0,-0.0016115664
399483,0.74889404,0,50,49.999973,50.000027,7.9472766e-06,-7.1011559e-06,-8.4612066e-07,360,-0.0016115664
399583,0.74910831,0,50,49.999973,50.000027,7.9472748e-06,-7.1011564e-06,-8.4611861e-07,0,-0.0016115664
399683,0.74932253,0,50,49.999973,50.000027,7.9472766e-06,-7.1011559e-06,-8.4612066e-07,360,-0.0016115664
399783,0.74953681,0,50,49.999973,50.000027,7.9472748e-06,-7.1011564e-06,-8.4611861e-07,0,-0.0016115664
399883,0.74975103,0,50,49.999973,50.000027,7.9472766e-06,-7.1011559e-06,-8.4612066e-07,360,-0.0016115664
399983,0.74996531,0,50,49.999973,50.000027,7.9472748e-06,-7.1011564e-06,-8.4611861e-07,0,-0.0016115664
400083,0.75,0,50,49.999973,50.000027,7.9472766e-06,-7.1011559e-06,-8.4612066e-07,360,-0.0016115664
400183,0.75,0,50,49.999973,50.000027,7.9472748e-06,-7.1011564e-06,-8.4611861e-07,0,-0.0016115664
400283,0.75,0,50,49.999973,50.000027,7.9472766e-06,-7.1011559e-06,-8.4612066e-07,360,-0.0016115664
400383,0.75,0,50,49.999973,50.000027,7.9472748e-06,-7.1011564e-06,-8.4611861e-07,0,-0.0016115664
400483,0.75,0,50,49.999973,50.000027,7.9472766e-06,-7.1011559e-06,-8.4612066e-07,360,-0.0016115664
400583,0.75,0,50,49.999973,50.000027,7.9472748e-06,-7.1011564e-06,-8.4611861e-07,0,-0.0016115664
400683,0.75,0,50,49.999973,50.000027,7.9472766e-06,-7.1011559e-06,-8.4612066e-07,360,-0.0016115664
400783,0.75,0,50,49.999973,50.000027,7.9472748e-06,-7.1011564e-06,-8.4611861e-07,0,-0.0016115664
400883,0.75,0,50,49.999973,50.000027,7.9472766e-06,-7.1011559e-06,-8.4612066e-07,360,-0.0016115664
400983,0.75,0,50,49.999973,50.000027,7.9472748e-06,-7.1011564e-06,-8.4611861e-07,0,-0.0016115664
401083,0.75,0,50,49.999973,50.000027,7.9472766e-06,-7.1011559e-06,-8.4612066e-07,360,-0.0016115664
401183,0.75,0,50,49.999973,50.000027,7.9472748e-06,-7.1011564e-06,-8.4611861e-07,0,-0.0016115664
401283,0.75,0,50,49.999973,50.000027,7.9472766e-06,-7.1011559e-06,-8.4612066e-07,360,-0.0016115664
401383,0.75,0,50,49.999973,50.000027,7.9472748e-06,-7.1011564e-06,-8.4611861e-07,0,-0.0016115664
401483,0.75,0,50,49.999973,50.000027,7.9472766e-06,-7.1011559e-06,-8.4612066e-07,360,-0.0016115664
401583,0.75,0,50,49.999973,50.000027,7.9472748e-06,-7.1011564e-06,-8.4611861e-07,0,-0.0016115664
401683,0.75,0,50,49.999973,50.000027,7.9472766e-06,-7.1011559e-06,-8.4612066e-07,360,-0.0016115664
401783,0.75,0,50,49.999973,50.000027,7.9472748e-06,-7.1011564e-06,-8.4611861e-07,0,-0.0016115664
401883,0.75,0,50,49.999973,50.000027,7.9472766e-06,-7.1011559e-06,-8.4612066e-07,360,-0.0016115664
401983,0.75,0,50,49.999973,50.000027,7.9472748e-06,-7.1011564e-06,-8.4611861e-07,0,-0.0016115664
402083,0.75,0,50,49.999973,50.000027,7.9472766e-06,-7.1011559e-06,-8.4612066e-07,360,-0.0016115664
402183,0.75,0,50,49.999973,50.000027,7.9472748e-06,-7.1011564e-06,-8.4611861e-07,0,-0.0016115664
402283,0.75,0,50,49.999973,50.000027,7.9472766e-06,-7.1011559e-06,-8.4612066e-07,360,-0.0016115664
402383,0.75,0,50,49.999973,50.000027,7.9472748e-06,-7.1011564e-06,-8.4611861e-07,0,-0.0016115664
402483,0.75,0,50,49.999973,50.000027,7.9472766e-06,-7.1011559e-06,-8.4612066e-07,360,-0.0016115664
402583,0.75,0,50,49.999973,50.000027,7.9472748e-06,-7.1011564e-06,-8.4611861e-07,0,-0.0016115664
402683,0.75,0,50,49.999973,50.000027,7.9472766e-06,-7.1011559e-06,-8.4612066e-07,360,-0.0016115664
402783,0.75,0,50,49.999973,50.000027,7.9472748e-06,-7.1011564e-06,-8.4611861e-07,0,-0.0016115664
402883,0.75,0,50,49.999973,50.000027,7.9472766e-06,-7.1011559e-06,-8.4612066e-07,360,-0.0016115664
402983,0.75,0,50,49.999973,50.000027,7.9472748e-06,-7.1011564e-06,-8.4611861e-07,0,-0.0016115664
403083,0.75,0,50,49.999973,50.000027,7.9472766e-06,-7.1011559e-06,-8.4612066e-07,360,-0.0016115664
403183,0.75,0,50,49.999973,50.000027,7.9472748e-06,-7.1011564e-06,-8.4611861e-07,0,-0.0016115664
403283,0.75,0,50,49.999973,50.000027,7.9472766e-06,-7.1011559e-06,-8.4612066e-07,360,-0.0016115664
403383,0.75,0,50,49.999973,50.000027,7.9472748e-06,-7.1011564e-06,-8.4611861e-07,0,-0.0016115664
403483,0.75,0,50,49.999973,50.000027,7.9472766e-06,-7.1011559e-06,-8.4612066e-07,360,-0.0016115664
403583,0.75,0,50,49.999973,50.000027,7.9472748e-06,-7.1011564e-06,-8.4611861e-07,0,-0.0016115664
403683,0.75,0,50,49.999973,50.000027,7.9472766e-06,-7.1011559e-06,-8.4612066e-07,360,-0.0016115664
403783,0.75,0,50,49.999973,50.000027,7.9472748e-06,-7.1011564e-06,-8.4611861e-07,0,-0.0016115664
403883,0.75,0,50,49.999973,50.000027,7.9472766e-06,-7.1011559e-06,-8.4612066e-07,360,-0.0016115664
403983,0.75,0,50,49.999973,50.000027,7.9472748e-06,-7.1011564e-06,-8.4611861e-07,0,-0.0016115664
404083,0.75,0,50,49.999973,50.000027,7.9472766e-06,-7.1011559e-06,-8.4612066e-07,360,-0.0016115664
404183,0.75,0,50,49.999973,50.000027,7.9472748e-06,-7.1011564e-06,-8.4611861e-07,0,-0.0016115664
404283,0.75,0,50,49.999973,50.000027,7.9472766e-06,-7.1011559e-06,-8.4612066e-07,360,-0.0016115664
404383,0.75,0,50,49.999973,50.000027,7.9472748e-06,-7.1011564e-06,-8.4611861e-07,0,-0.0016115664
404483,0.75,0,50,49.999973,50.000027,7.9472766e-06,-7.1011559e-06,-8.4612066e-07,360,-0.0016115664
404583,0.75,0,50,49.999973,50.000027,7.9472748e-06,-7.1011564e-06,-8.4611861e-07,0,-0.0016115664
404683,0.75,0,50,49.999973,50.000027,7.9472766e-06,-7.1011559e-06,-8.4612066e-07,360,-0.0016115664
404783,0.75,0,50,49.999973,50.000027,7.9472748e-06,-7.1011564e-06,-8.4611861e-07,0,-0.0016115664
404883,0.75,0,50,49.999973,50.000027,7.9472766e-06,-7.1011559e-06,-8.4612066e-07,360,-0.0016115664
404983,0.75,0,50,49.999973,50.000027,7.9472748e-06,-7.1011564e-06,-8.4611861e-07,0,-0.0016115664
405083,0.75,0,50,49.999973,50.000027,7.9472766e-06,-7.1011559e-06,-8.4612066e-07,360,-0.0016115664
405183,0.75,0,50,49.999973,50.000027,7.9472748e-06,-7.1011564e-06,-8.4611861e-07,0,-0.0016115664
405283,0.75,0,50,49.999973,50.000027,7.9472766e-06,-7.1011559e-06,-8.4612066e-07,360,-0.0016115664
405383,0.75,0,50,49.999973,50.000027,7.9472748e-06,-7.1011564e-06,-8.4611861e-07,0,-0.0016115664
405483,0.75,0,50,49.999973,50.000027,7.9472766e-06,-7.1011559e-06,-8.4612066e-07,360,-0.0016115664
405583,0.75,0,50,49.999973,50.000027,7.9472748e-06,-7.1011564e-06,-8.4611861e-07,0,-0.0016115664
405683,0.75,0,50,49.999973,50.000027,7.9472766e-06,-7.1011559e-06,-8.4612066e-07,360,-0.0016115664
405783,0.75,0,50,49.999973,50.000027,7.9472748e-06,-7.1011564e-06,-8.4611861e-07,0,-0.0016115664
405883,0.75,0,50,49.999973,50.000027,7.9472766e-06,-7.1011559e-06,-8.4612066e-07,360,-0.0016115664
405983,0.75,0,50,49.999973,50.000027,7.9472748e-06,-7.1011564e-06,-8.4611861e-07,0,-0.0016115664
406083,0.75,0,50,49.999973,50.000027,7.9472766e-06,-7.1011559e-06,-8.4612066e-07,360,-0.0016115664
406183,0.75,0,50,49.999973,50.000027,7.9472748e-06,-7.1011564e-06,-8.4611861e-07,0,-0.0016115664
406282,0.75,0,50,49.999973,50.000027,7.9472766e-06,-7.1011559e-06,-8.4612066e-07,360,-0.0016115664
406382,0.75,0,50,49.999973,50.000027,7.9472748e-06,-7.1011564e-06,-8.4611861e-07,0,-0.0016115664
406482,0.75,0,50,49.999973,50.000027,7.9472766e-06,-7.1011559e-06,-8.4612066e-07,360,-0.0016115664
406582,0.75,0,50,49.999973,50.000027,7.9472748e-06,-7.1011564e-06,-8.4611861e-07,0,-0.0016115664
406682,0.75,0,50,49.999973,50.000027,7.9472766e-06,-7.1011559e-06,-8.4612066e-07,360,-0.0016115664
406782,0.75,0,50,49.999973,50.000027,7.9472748e-06,-7.1011564e-06,-8.4611861e-07,0,-0.0016115664
406882,0.75,0,50,49.999973,50.000027,7.9472766e-06,-7.1011559e-06,-8.4612066e-07,360,-0.0016115664
406982,0.75,0,50,49.999973,50.000027,7.9472748e-06,-7.1011564e-06,-8.4611861e-07,0,-0.0016115664
407082,0.75,0,50,49.999973,50.000027,7.9472766e-06,-7.1011559e-06,-8.4612066e-07,360,-0.0016115664
407182,0.75,0,50,49.999973,50.000027,7.9472748e-06,-7.1011564e-06,-8.4611861e-07,0,-0.0016115664
407282,0.75,0,50,49.999973,50.000027,7.9472766e-06,-7.1011559e-06,-8.4612066e-07,360,-0.0016115664
407382,0.75,0,50,49.999973,50.000027,7.9472748e-06,-7.1011564e-06,-8.4611861e-07,0,-0.0016115664
407482,0.75,0,50,49.999973,50.000027,7.9472766e-06,-7.1011559e-06,-8.4612066e-07,360,-0.0016115664
407582,0.75,0,50,49.999973,50.000027,7.9472748e-06,-7.1011564e-06,-8.4611861e-07,0,-0.0016115664
407682,0.75,0,50,49.999973,50.000027,7.9472766e-06,-7.1011559e-06,-8.4612066e-07,360,-0.0016115664
407782,0.75,0,50,49.999973,50.000027,7.9472748e-06,-7.1011564e-06,-8.4611861e-07,0,-0.0016115664
407882,0.75,0,50,49.999973,50.000027,7.9472766e-06,-7.1011559e-06,-8.4612066e-07,360,-0.0016115664
407982,0.75,0,50,49.999973,50.000027,7.9472748e-06,-7.1011564e-06,-8.4611861e-07,0,-0.0016115664
408082,0.75,0,50,49.999973,50.000027,7.9472766e-06,-7.1011559e-06,-8.4612066e-07,360,-0.0016115664
408182,0.75,0,50,49.999973,50.000027,7.9472748e-06,-7.1011564e-06,-8.4611861e-07,0,-0.0016115664
408282,0.75,0,50,49.999973,50.000027,7.9472766e-06,-7.1011559e-06,-8.4612066e-07,360,-0.0016115664
408382,0.75,0,50,49.999973,50.000027,7.9472748e-06,-7.1011564e-06,-8.4611861e-07,0,-0.0016115664
408482,0.75,0,50,49.999973,50.000027,7.9472766e-06,-7.1011559e-06,-8.4612066e-07,360,-0.0016115664
408582,0.75,0,50,49.999973,50.000027,7.9472748e-06,-7.1011564e-06,-8.4611861e-07,0,-0.0016115664
408682,0.75,0,50,49.999973,50.000027,7.9472766e-06,-7.1011559e-06,-8.4612066e-07,360,-0.0016115664
408782,0.75,0,50,49.999973,50.000027,7.9472748e-06,-7.1011564e-06,-8.4611861e-07,0,-0.0016115664
408882,0.75,0,50,49.999973,50.000027,7.9472766e-06,-7.1011559e-06,-8.4612066e-07,360,-0.0016115664
408982,0.75,0,50,49.999973,50.000027,7.9472748e-06,-7.1011564e-06,-8.4611861e-07,0,-0.0016115664
409082,0.75,0,50,49.999973,50.000027,7.9472766e-06,-7.1011559e-06,-8.4612066e-07,360,-0.0016115664
409182,0.75,0,50,49.999973,50.000027,7.9472748e-06,-7.1011564e-06,-8.4611861e-07,0,-0.0016115664
409282,0.75,0,50,49.999973,50.000027,7.9472766e-06,-7.1011559e-06,-8.4612066e-07,360,-0.0016115664
409382,0.75,0,50,49.999973,50.000027,7.9472748e-06,-7.1011564e-06,-8.4611861e-07,0,-0.0016115664
409482,0.75,0,50,49.999973,50.000027,7.9472766e-06,-7.1011559e-06,-8.4612066e-07,360,-0.0016115664
409582,0.75,0,50,49.999973,50.000027,7.9472748e-06,-7.1011564e-06,-8.4611861e-07,0,-0.0016115664
409682,0.75,0,50,49.999973,50.000027,7.9472766e-06,-7.1011559e-06,-8.4612066e-07,360,-0.0016115664
409782,0.75,0,50,49.999973,50.000027,7.9472748e-06,-7.1011564e-06,-8.4611861e-07,0,-0.0016115664
409882,0.75,0,50,49.999973,50.000027,7.9472766e-06,-7.1011559e-06,-8.4612066e-07,360,-0.0016115664
409982,0.75,0,50,49.999973,50.000027,7.9472748e-06,-7.1011564e-06,-8.4611861e-07,0,-0.0016115664
410082,0.75,0,50,49.999973,50.000027,7.9472766e-06,-7.1011559e-06,-8.4612066e-07,360,-0.0016115664
410182,0.75,0,50,49.999973,50.000027,7.9472748e-06,-7.1011564e-06,-8.4611861e-07,0,-0.0016115664
410282,0.75,0,50,49.999973,50.000027,7.9472766e-06,-7.1011559e-06,-8.4612066e-07,360,-0.0016115664
410382,0.75,0,50,49.999973,50.000027,7.9472748e-06,-7.1011564e-06,-8.4611861e-07,0,-0.0016115664
410482,0.75,0,50,49.999973,50.000027,7.9472766e-06,-7.1011559e-06,-8.4612066e-07,360,-0.0016115664
410582,0.75,0,50,49.999973,50.000027,7.9472748e-06,-7.1011564e-06,-8.4611861e-07,0,-0.0016115664
410682,0.75,0,50,49.999973,50.000027,7.9472766e-06,-7.1011559e-06,-8.4612066e-07,360,-0.0016115664
410782,0.75,0,50,49.999973,50.000027,7.9472748e-06,-7.1011564e-06,-8.4611861e-07,0,-0.0016115664
410882,0.75,0,50,49.999973,50.000027,7.9472766e-06,-7.1011559e-06,-8.4612066e-07,360,-0.0016115664
410982,0.75,0,50,49.999973,50.000027,7.9472748e-06,-7.1011564e-06,-8.4611861e-07,0,-0.0016115664
411082,0.75,0,50,49.999973,50.000027,7.9472766e-06,-7.1011559e-06,-8.4612066e-07,360,-0.0016115664
411182,0.75,0,50,49.999973,50.000027,7.9472748e-06,-7.1011564e-06,-8.4611861e-07,0,-0.0016115664
411282,0.75,0,50,49.999973,50.000027,7.9472766e-06,-7.1011559e-06,-8.4612066e-07,360,-0.0016115664
411382,0.75,0,50,49.999973,50.000027,7.9472748e-06,-7.1011564e-06,-8.4611861e-07,0,-0.0016115664
411482,0.75,0,50,49.999973,50.000027,7.9472766e-06,-7.1011559e-06,-8.4612066e-07,360,-0.0016115664
411582,0.75,0,50,49.999973,50.000027,7.9472748e-06,-7.1011564e-06,-8.4611861e-07,0,-0.0016115664
411682,0.75,0,50,49.999973,50.000027,7.9472766e-06,-7.1011559e-06,-8.4612066e-07,360,-0.0016115664
411782,0.75,0,50,49.999973,50.000027,7.9472748e-06,-7.1011564e-06,-8.4611861e-07,0,-0.0016115664
411882,0.75,0,50,49.999973,50.000027,7.9472766e-06,-7.1011559e-06,-8.4612066e-07,360,-0.0016115664
411982,0.75,0,50,49.999973,50.000027,7.9472748e-06,-7.1011564e-06,-8.4611861e-07,0,-0.0016115664
412082,0.75,0,50,49.999973,50.000027,7.9472766e-06,-7.1011559e-06,-8.4612066e-07,360,-0.0016115664
412182,0.75,0,50,49.999973,50.000027,7.9472748e-06,-7.1011564e-06,-8.4611861e-07,0,-0.0016115664
412282,0.75,0,50,49.999973,50.000027,7.9472766e-06,-7.1011559e-06,-8.4612066e-07,360,-0.0016115664
412382,0.75,0,50,49.999973,50.000027,7.9472748e-06,-7.1011564e-06,-8.4611861e-07,0,-0.0016115664
412482,0.75,0,50,49.999973,50.000027,7.9472766e-06,-7.1011559e-06,-8.4612066e-07,360,-0.0016115664
412582,0.75,0,50,49.999973,50.000027,7.9472748e-06,-7.1011564e-06,-8.4611861e-07,0,-0.0016115664
412682,0.75,0,50,49.999973,50.000027,7.9472766e-06,-7.1011559e-06,-8.4612066e-07,360,-0.0016115664
412782,0.75,0,50,49.999973,50.000027,7.9472748e-06,-7.1011564e-06,-8.4611861e-07,0,-0.0016115664
412882,0.75,0,50,49.999973,50.000027,7.9472766e-06,-7.1011559e-06,-8.4612066e-07,360,-0.0016115664
412982,0.75,0,50,49.999973,50.000027,7.9472748e-06,-7.1011564e-06,-8.4611861e-07,0,-0.0016115664
413082,0.75,0,50,49.999973,50.000027,7.9472766e-06,-7.1011559e-06,-8.4612066e-07,360,-0.0016115664
413182,0.75,0,50,49.999973,50.000027,7.9472748e-06,-7.1011564e-06,-8.4611861e-07,0,-0.0016115664
413282,0.75,0,50,49.999973,50.000027,7.9472766e-06,-7.1011559e-06,-8.4612066e-07,360,-0.0016115664
413382,0.75,0,50,49.999973,50.000027,7.9472748e-06,-7.1011564e-06,-8.4611861e-07,0,-0.0016115664
413482,0.75,0,50,49.999973,50.000027,7.9472766e-06,-7.1011559e-06,-8.4612066e-07,360,-0.0016115664
413582,0.75,0,50,49.999973,50.000027,7.9472748e-06,-7.1011564e-06,-8.4611861e-07,0,-0.0016115664
413682,0.75,0,50,49.999973,50.000027,7.9472766e-06,-7.1011559e-06,-8.4612066e-07,360,-0.0016115664
413782,0.75,0,50,49.999973,50.000027,7.9472748e-06,-7.1011564e-06,-8.4611861e-07,0,-0.0016115664
413881,0.75,0,50,49.999973,50.000027,7.9472766e-06,-7.1011559e-06,-8.4612066e-07,360,-0.0016115664
413981,0.75,0,50,49.999973,50.000027,7.9472748e-06,-7.1011564e-06,-8.4611861e-07,0,-0.0016115664
414081,0.75,0,50,49.999973,50.000027,7.9472766e-06,-7.1011559e-06,-8.4612066e-07,360,-0.0016115664
414181,0.75,0,50,49.999973,50.000027,7.9472748e-06,-7.1011564e-06,-8.4611861e-07,0,-0.0016115664
414281,0.75,0,50,49.999973,50.000027,7.9472766e-06,-7.1011559e-06,-8.4612066e-07,360,-0.0016115664
414381,0.75,0,50,49.999973,50.000027,7.9472748e-06,-7.1011564e-06,-8.4611861e-07,0,-0.0016115664
414481,0.75,0,50,49.999973,50.000027,7.9472766e-06,-7.1011559e-06,-8.4612066e-07,360,-0.0016115664
414581,0.75,0,50,49.999973,50.000027,7.9472748e-06,-7.1011564e-06,-8.4611861e-07,0,-0.0016115664
414681,0.75,0,50,49.999973,50.000027,7.9472766e-06,-7.1011559e-06,-8.4612066e-07,360,-0.0016115664
414781,0.75,0,50,49.999973,50.000027,7.9472748e-06,-7.1011564e-06,-8.4611861e-07,0,-0.0016115664
414881,0.75,0,50,49.999973,50.000027,7.9472766e-06,-7.1011559e-06,-8.4612066e-07,360,-0.0016115664
414981,0.75,0,50,49.999973,50.000027,7.9472748e-06,-7.1011564e-06,-8.4611861e-07,0,-0.0016115664
415081,0.75,0,50,49.999973,50.000027,7.9472766e-06,-7.1011559e-06,-8.4612066e-07,360,-0.0016115664
415181,0.75,0,50,49.999973,50.000027,7.9472748e-06,-7.1011564e-06,-8.4611861e-07,0,-0.0016115664
415281,0.75,0,50,49.999973,50.000027,7.9472766e-06,-7.1011559e-06,-8.4612066e-07,360,-0.0016115664
415381,0.75,0,50,49.999973,50.000027,7.9472748e-06,-7.1011564e-06,-8.4611861e-07,0,-0.0016115664
415481,0.75,0,50,49.999973,50.000027,7.9472766e-06,-7.1011559e-06,-8.4612066e-07,360,-0.0016115664
415581,0.75,0,50,49.999973,50.000027,7.9472748e-06,-7.1011564e-06,-8.4611861e-07,0,-0.0016115664
415681,0.75,0,50,49.999973,50.000027,7.9472766e-06,-7.1011559e-06,-8.4612066e-07,360,-0.0016115664
415781,0.75,0,50,49.999973,50.000027,7.9472748e-06,-7.1011564e-06,-8.4611861e-07,0,-0.0016115664
415881,0.75,0,50,49.999973,50.000027,7.9472766e-06,-7.1011559e-06,-8.4612066e-07,360,-0.0016115664
415981,0.75,0,50,49.999973,50.000027,7.9472748e-06,-7.1011564e-06,-8.4611861e-07,0,-0.0016115664
416081,0.75,0,50,49.999973,50.000027,7.9472766e-06,-7.1011559e-06,-8.4612066e-07,360,-0.0016115664
416181,0.75,0,50,49.999973,50.000027,7.9472748e-06,-7.1011564e-06,-8.4611861e-07,0,-0.0016115664
416281,0.75,0,50,49.999973,50.000027,7.9472766e-06,-7.1011559e-06,-8.4612066e-07,360,-0.0016115664
416381,0.75,0,50,49.999973,50.000027,7.9472748e-06,-7.1011564e-06,-8.4611861e-07,0,-0.0016115664
416481,0.75,0,50,49.999973,50.000027,7.9472766e-06,-7.1011559e-06,-8.4612066e-07,360,-0.0016115664
416581,0.75,0,50,49.999973,50.000027,7.9472748e-06,-7.1011564e-06,-8.4611861e-07,0,-0.0016115664
416681,0.75,0,50,49.999973,50.000027,7.9472766e-06,-7.1011559e-06,-8.4612066e-07,360,-0.0016115664
416781,0.75,0,50,49.999973,50.000027,7.9472748e-06,-7.1011564e-06,-8.4611861e-07,0,-0.0016115664
416881,0.75,0,50,49.999973,50.000027,7.9472766e-06,-7.1011559e-06,-8.4612066e-07,360,-0.0016115664
416981,0.75,0,50,49.999973,50.000027,7.9472748e-06,-7.1011564e-06,-8.4611861e-07,0,-0.0016115664
417081,0.75,0,50,49.999973,50.000027,7.9472766e-06,-7.1011559e-06,-8.4612066e-07,360,-0.0016115664
417181,0.75,0,50,49.999973,50.000027,7.9472748e-06,-7.1011564e-06,-8.4611861e-07,0,-0.0016115664
417281,0.75,0,50,49.999973,50.000027,7.9472766e-06,-7.1011559e-06,-8.4612066e-07,360,-0.0016115664
417381,0.75,0,50,49.999973,50.000027,7.9472748e-06,-7.1011564e-06,-8.4611861e-07,0,-0.0016115664
417481,0.75,0,50,49.999973,50.000027,7.9472766e-06,-7.1011559e-06,-8.4612066e-07,360,-0.0016115664
417581,0.75,0,50,49.999973,50.000027,7.9472748e-06,-7.1011564e-06,-8.4611861e-07,0,-0.0016115664
417681,0.75,0,50,49.999973,50.000027,7.9472766e-06,-7.1011559e-06,-8.4612066e-07,360,-0.0016115664
417781,0.75,0,50,49.999973,50.000027,7.9472748e-06,-7.1011564e-06,-8.4611861e-07,0,-0.0016115664
417881,0.75,0,50,49.999973,50.000027,7.9472766e-06,-7.1011559e-06,-8.4612066e-07,360,-0.0016115664
417981,0.75,0,50,49.999973,50.000027,7.9472748e-06,-7.1011564e-06,-8.4611861e-07,0,-0.0016115664
418081,0.75,0,50,49.999973,50.000027,7.9472766e-06,-7.1011559e-06,-8.4612066e-07,360,-0.0016115664
418181,0.75,0,50,49.999973,50.000027,7.9472748e-06,-7.1011564e-06,-8.4611861e-07,0,-0.0016115664
418281,0.75,0,50,49.999973,50.000027,7.9472766e-06,-7.1011559e-06,-8.4612066e-07,360,-0.0016115664
418381,0.75,0,50,49.999973,50.000027,7.9472748e-06,-7.1011564e-06,-8.4611861e-07,0,-0.0016115664
418481,0.75,0,50,49.999973,50.000027,7.9472766e-06,-7.1011559e-06,-8.4612066e-07,360,-0.0016115664
418581,0.75,0,50,49.999973,50.000027,7.9472748e-06,-7.1011564e-06,-8.4611861e-07,0,-0.0016115664
418681,0.75,0,50,49.999973,50.000027,7.9472766e-06,-7.1011559e-06,-8.4612066e-07,360,-0.0016115664
418781,0.75,0,50,49.999973,50.000027,7.9472748e-06,-7.1011564e-06,-8.4611861e-07,0,-0.0016115664
418881,0.75,0,50,49.999973,50.000027,7.9472766e-06,-7.1011559e-06,-8.4612066e-07,360,-0.0016115664
418981,0.75,0,50,49.999973,50.000027,7.9472748e-06,-7.1011564e-06,-8.4611861e-07,0,-0.0016115664
419081,0.75,0,50,49.999973,50.000027,7.9472766e-06,-7.1011559e-06,-8.4612066e-07,360,-0.0016115664
419181,0.75,0,50,49.999973,50.000027,7.9472748e-06,-7.1011564e-06,-8.4611861e-07,0,-0.0016115664
419281,0.75,0,50,49.999973,50.000027,7.9472766e-06,-7.1011559e-06,-8.4612066e-07,360,-0.0016115664
419381,0.75,0,50,49.999973,50.000027,7.9472748e-06,-7.1011564e-06,-8.4611861e-07,0,-0.0016115664
419481,0.75,0,50,49.999973,50.000027,7.9472766e-06,-7.1011559e-06,-8.4612066e-07,360,-0.0016115664
419581,0.75,0,50,49.999973,50.000027,7.9472748e-06,-7.1011564e-06,-8.4611861e-07,0,-0.0016115664
419681,0.75,0,50,49.999973,50.000027,7.9472766e-06,-7.1011559e-06,-8.4612066e-07,360,-0.0016115664
419781,0.75,0,50,49.999973,50.000027,7.9472748e-06,-7.1011564e-06,-8.4611861e-07,0,-0.0016115664
419881,0.75,0,50,49.999973,50.000027,7.9472766e-06,-7.1011559e-06,-8.4612066e-07,360,-0.0016115664
419981,0.75,0,50,49.999973,50.000027,7.9472748e-06,-7.1011564e-06,-8.4611861e-07,0,-0.0016115664
420081,0.75,0,50,49.999973,50.000027,7.9472766e-06,-7.1011559e-06,-8.4612066e-07,360,-0.0016115664
420181,0.75,0,50,49.999973,50.000027,7.9472748e-06,-7.1011564e-06,-8.4611861e-07,0,-0.0016115664
420281,0.75,0,50,49.999973,50.000027,7.9472766e-06,-7.1011559e-06,-8.4612066e-07,360,-0.0016115664
420381,0.75,0,50,49.999973,50.000027,7.9472748e-06,-7.1011564e-06,-8.4611861e-07,0,-0.0016115664
420481,0.75,0,50,49.999973,50.000027,7.9472766e-06,-7.1011559e-06,-8.4612066e-07,360,-0.0016115664
420581,0.75,0,50,49.999973,50.000027,7.9472748e-06,-7.1011564e-06,-8.4611861e-07,0,-0.0016115664
420681,0.75,0,50,49.999973,50.000027,7.9472766e-06,-7.1011559e-06,-8.4612066e-07,360,-0.0016115664
420781,0.75,0,50,49.999973,50.000027,7.9472748e-06,-7.1011564e-06,-8.4611861e-07,0,-0.0016115664
420881,0.75,0,50,49.999973,50.000027,7.9472766e-06,-7.1011559e-06,-8.4612066e-07,360,-0.0016115664
420981,0.75,0,50,49.999973,50.000027,7.9472748e-06,-7.1011564e-06,-8.4611861e-07,0,-0.0016115664
421081,0.75,0,50,49.999973,50.000027,7.9472766e-06,-7.1011559e-06,-8.4612066e-07,360,-0.0016115664
421181,0.75,0,50,49.999973,50.000027,7.9472748e-06,-7.1011564e-06,-8.4611861e-07,0,-0.0016115664
421281,0.75,0,50,49.999973,50.000027,7.9472766e-06,-7.1011559e-06,-8.4612066e-07,360,-0.0016115664
421380,0.75,0,50,49.999973,50.000027,7.9472748e-06,-7.1011564e-06,-8.4611861e-07,0,-0.0016115664
421480,0.75,0,50,49.999973,50.000027,7.9472766e-06,-7.1011559e-06,-8.4612066e-07,360,-0.0016115664
421580,0.75,0,50,49.999973,50.000027,7.9472748e-06,-7.1011564e-06,-8.4611861e-07,0,-0.0016115664
421680,0.75,0,50,49.999973,50.000027,7.9472766e-06,-7.1011559e-06,-8.4612066e-07,360,-0.0016115664
421780,0.75,0,50,49.999973,50.000027,7.9472748e-06,-7.1011564e-06,-8.4611861e-07,0,-0.0016115664
421880,0.75,0,50,49.999973,50.000027,7.9472766e-06,-7.1011559e-06,-8.4612066e-07,360,-0.0016115664
421980,0.75,0,50,49.999973,50.000027,7.9472748e-06,-7.1011564e-06,-8.4611861e-07,0,-0.0016115664
422080,0.75,0,50,49.999973,50.000027,7.9472766e-06,-7.1011559e-06,-8.4612066e-07,360,-0.0016115664
422180,0.75,0,50,49.999973,50.000027,7.9472748e-06,-7.1011564e-06,-8.4611861e-07,0,-0.0016115664
422280,0.75,0,50,49.999973,50.000027,7.9472766e-06,-7.1011559e-06,-8.4612066e-07,360,-0.0016115664
422380,0.75,0,50,49.999973,50.000027,7.9472748e-06,-7.1011564e-06,-8.4611861e-07,0,-0.0016115664
422480,0.75,0,50,49.999973,50.000027,7.9472766e-06,-7.1011559e-06,-8.4612066e-07,360,-0.0016115664
422580,0.75,0,50,49.999973,50.000027,7.9472748e-06,-7.1011564e-06,-8.4611861e-07,0,-0.0016115664
422680,0.75,0,50,49.999973,50.000027,7.9472766e-06,-7.1011559e-06,-8.4612066e-07,360,-0.0016115664
422780,0.75,0,50,49.999973,50.000027,7.9472748e-06,-7.1011564e-06,-8.4611861e-07,0,-0.0016115664
422880,0.75,0,50,49.999973,50.000027,7.9472766e-06,-7.1011559e-06,-8.4612066e-07,360,-0.0016115664
422980,0.75,0,50,49.999973,50.000027,7.9472748e-06,-7.1011564e-06,-8.4611861e-07,0,-0.0016115664
423080,0.75,0,50,49.999973,50.000027,7.9472766e-06,-7.1011559e-06,-8.4612066e-07,360,-0.0016115664
423180,0.75,0,50,49.999973,50.000027,7.9472748e-06,-7.1011564e-06,-8.4611861e-07,0,-0.0016115664
423280,0.75,0,50,49.999973,50.000027,7.9472766e-06,-7.1011559e-06,-8.4612066e-07,360,-0.0016115664
423380,0.75,0,50,49.999973,50.000027,7.9472748e-06,-7.1011564e-06,-8.4611861e-07,0,-0.0016115664
423480,0.75,0,50,49.999973,50.000027,7.9472766e-06,-7.1011559e-06,-8.4612066e-07,360,-0.0016115664
423580,0.75,0,50,49.999973,50.000027,7.9472748e-06,-7.1011564e-06,-8.4611861e-07,0,-0.0016115664
423680,0.75,0,50,49.999973,50.000027,7.9472766e-06,-7.1011559e-06,-8.4612066e-07,360,-0.0016115664
423780,0.75,0,50,49.999973,50.000027,7.9472748e-06,-7.1011564e-06,-8.4611861e-07,0,-0.0016115664
423880,0.75,0,50,49.999973,50.000027,7.9472766e-06,-7.1011559e-06,-8.4612066e-07,360,-0.0016115664
423980,0.75,0,50,49.999973,50.000027,7.9472748e-06,-7.1011564e-06,-8.4611861e-07,0,-0.0016115664
424080,0.75,0,50,49.999973,50.000027,7.9472766e-06,-7.1011559e-06,-8.4612066e-07,360,-0.0016115664
424180,0.75,0,50,49.999973,50.000027,7.9472748e-06,-7.1011564e-06,-8.4611861e-07,0,-0.0016115664
424280,0.75,0,50,49.999973,50.000027,7.9472766e-06,-7.1011559e-06,-8.4612066e-07,360,-0.0016115664
424380,0.75,0,50,49.999973,50.000027,7.9472748e-06,-7.1011564e-06,-8.4611861e-07,0,-0.0016115664
424480,0.75,0,50,49.999973,50.000027,7.9472766e-06,-7.1011559e-06,-8.4612066e-07,360,-0.0016115664
424580,0.75,0,50,49.999973,50.000027,7.9472748e-06,-7.1011564e-06,-8.4611861e-07,0,-0.0016115664
424680,0.75,0,50,49.999973,50.000027,7.9472766e-06,-7.1011559e-06,-8.4612066e-07,360,-0.0016115664
424780,0.75,0,50,49.999973,50.000027,7.9472748e-06,-7.1011564e-06,-8.4611861e-07,0,-0.0016115664
424880,0.75,0,50,49.999973,50.000027,7.9472766e-06,-7.1011559e-06,-8.4612066e-07,360,-0.0016115664
424980,0.75,0,50,49.999973,50.000027,7.9472748e-06,-7.1011564e-06,-8.4611861e-07,0,-0.0016115664
425080,0.75,0,50,49.999973,50.000027,7.9472766e-06,-7.1011559e-06,-8.4612066e-07,360,-0.0016115664
425180,0.75,0,50,49.999973,50.000027,7.9472748e-06,-7.1011564e-06,-8.4611861e-07,0,-0.0016115664
425280,0.75,0,50,49.999973,50.000027,7.9472766e-06,-7.1011559e-06,-8.4612066e-07,360,-0.0016115664
425380,0.75,0,50,49.999973,50.000027,7.9472748e-06,-7.1011564e-06,-8.4611861e-07,0,-0.0016115664
425480,0.75,0,50,49.999973,50.000027,7.9472766e-06,-7.1011559e-06,-8.4612066e-07,360,-0.0016115664
425580,0.75,0,50,49.999973,50.000027,7.9472748e-06,-7.1011564e-06,-8.4611861e-07,0,-0.0016115664
425680,0.75,0,50,49.999973,50.000027,7.9472766e-06,-7.1011559e-06,-8.4612066e-07,360,-0.0016115664
425780,0.75,0,50,49.999973,50.000027,7.9472748e-06,-7.1011564e-06,-8.4611861e-07,0,-0.0016115664
425880,0.75,0,50,49.999973,50.000027,7.9472766e-06,-7.1011559e-06,-8.4612066e-07,360,-0.0016115664
425980,0.75,0,50,49.999973,50.000027,7.9472748e-06,-7.1011564e-06,-8.4611861e-07,0,-0.0016115664
426080,0.75,0,50,49.999973,50.000027,7.9472766e-06,-7.1011559e-06,-8.4612066e-07,360,-0.0016115664
426180,0.75,0,50,49.999973,50.000027,7.9472748e-06,-7.1011564e-06,-8.4611861e-07,0,-0.0016115664
426280,0.75,0,50,49.999973,50.000027,7.9472766e-06,-7.1011559e-06,-8.4612066e-07,360,-0.0016115664
426380,0.75,0,50,49.999973,50.000027,7.9472748e-06,-7.1011564e-06,-8.4611861e-07,0,-0.0016115664
426480,0.75,0,50,49.999973,50.000027,7.9472766e-06,-7.1011559e-06,-8.4612066e-07,360,-0.0016115664
426580,0.75,0,50,49.999973,50.000027,7.9472748e-06,-7.1011564e-06,-8.4611861e-07,0,-0.0016115664
426680,0.75,0,50,49.999973,50.000027,7.9472766e-06,-7.1011559e-06,-8.4612066e-07,360,-0.0016115664
426780,0.75,0,50,49.999973,50.000027,7.9472748e-06,-7.1011564e-06,-8.4611861e-07,0,-0.0016115664
426880,0.75,0,50,49.999973,50.000027,7.9472766e-06,-7.1011559e-06,-8.4612066e-07,360,-0.0016115664
426980,0.75,0,50,49.999973,50.000027,7.9472748e-06,-7.1011564e-06,-8.4611861e-07,0,-0.0016115664
427080,0.75,0,50,49.999973,50.000027,7.9472766e-06,-7.1011559e-06,-8.4612066e-07,360,-0.0016115664
427180,0.75,0,50,49.999973,50.000027,7.9472748e-06,-7.1011564e-06,-8.4611861e-07,0,-0.0016115664
427280,0.75,0,50,49.999973,50.000027,7.9472766e-06,-7.1011559e-06,-8.4612066e-07,360,-0.0016115664
427380,0.75,0,50,49.999973,50.000027,7.9472748e-06,-7.1011564e-06,-8.4611861e-07,0,-0.0016115664
427480,0.75,0,50,49.999973,50.000027,7.9472766e-06,-7.1011559e-06,-8.4612066e-07,360,-0.0016115664
427580,0.75,0,50,49.999973,50.000027,7.9472748e-06,-7.1011564e-06,-8.4611861e-07,0,-0.0016115664
427680,0.75,0,50,49.999973,50.000027,7.9472766e-06,-7.1011559e-06,-8.4612066e-07,360,-0.0016115664
427780,0.75,0,50,49.999973,50.000027,7.9472748e-06,-7.1011564e-06,-8.4611861e-07,0,-0.0016115664
427880,0.75,0,50,49.999973,50.000027,7.9472766e-06,-7.1011559e-06,-8.4612066e-07,360,-0.0016115664
427980,0.75,0,50,49.999973,50.000027,7.9472748e-06,-7.1011564e-06,-8.4611861e-07,0,-0.0016115664
428080,0.75,0,50,49.999973,50.000027,7.9472766e-06,-7.1011559e-06,-8.4612066e-07,360,-0.0016115664
428180,0.75,0,50,49.999973,50.000027,7.9472748e-06,-7.1011564e-06,-8.4611861e-07,0,-0.0016115664
428280,0.75,0,50,49.999973,50.000027,7.9472766e-06,-7.1011559e-06,-8.4612066e-07,360,-0.0016115664
428380,0.75,0,50,49.999973,50.000027,7.9472748e-06,-7.1011564e-06,-8.4611861e-07,0,-0.0016115664
428480,0.75,0,50,49.999973,50.000027,7.9472766e-06,-7.1011559e-06,-8.4612066e-07,360,-0.0016115664
428580,0.75,0,50,49.999973,50.000027,7.9472748e-06,-7.1011564e-06,-8.4611861e-07,0,-0.0016115664
428680,0.75,0,50,49.999973,50.000027,7.9472766e-06,-7.1011559e-06,-8.4612066e-07,360,-0.0016115664
428780,0.75,0,50,49.999973,50.000027,7.9472748e-06,-7.1011564e-06,-8.4611861e-07,0,-0.0016115664
428880,0.75,0,50,49.999973,50.000027,7.9472766e-06,-7.1011559e-06,-8.4612066e-07,360,-0.0016115664
428979,0.75,0,50,49.999973,50.000027,7.9472748e-06,-7.1011564e-06,-8.4611861e-07,0,-0.0016115664
429079,0.75,0,50,49.999973,50.000027,7.9472766e-06,-7.1011559e-06,-8.4612066e-07,360,-0.0016115664
429179,0.75,0,50,49.999973,50.000027,7.9472748e-06,-7.1011564e-06,-8.4611861e-07,0,-0.0016115664
429279,0.75,0,50,49.999973,50.000027,7.9472766e-06,-7.1011559e-06,-8.4612066e-07,360,-0.0016115664
429379,0.75,0,50,49.999973,50.000027,7.9472748e-06,-7.1011564e-06,-8.4611861e-07,0,-0.0016115664
429479,0.75,0,50,49.999973,50.000027,7.9472766e-06,-7.1011559e-06,-8.4612066e-07,360,-0.0016115664
429579,0.75,0,50,49.999973,50.000027,7.9472748e-06,-7.1011564e-06,-8.4611861e-07,0,-0.0016115664
429679,0.75,0,50,49.999973,50.000027,7.9472766e-06,-7.1011559e-06,-8.4612066e-07,360,-0.0016115664
429779,0.75,0,50,49.999973,50.000027,7.9472748e-06,-7.1011564e-06,-8.4611861e-07,0,-0.0016115664
429879,0.75,0,50,49.999973,50.000027,7.9472766e-06,-7.1011559e-06,-8.4612066e-07,360,-0.0016115664
429979,0.75,0,50,49.999973,50.000027,7.9472748e-06,-7.1011564e-06,-8.4611861e-07,0,-0.0016115664
430079,0.75,0,50,49.999973,50.000027,7.9472766e-06,-7.1011559e-06,-8.4612066e-07,360,-0.0016115664
430179,0.75,0,50,49.999973,50.000027,7.9472748e-06,-7.1011564e-06,-8.4611861e-07,0,-0.0016115664
430279,0.75,0,50,49.999973,50.000027,7.9472766e-06,-7.1011559e-06,-8.4612066e-07,360,-0.0016115664
430379,0.75,0,50,49.999973,50.000027,7.9472748e-06,-7.1011564e-06,-8.4611861e-07,0,-0.0016115664
430479,0.75,0,50,49.999973,50.000027,7.9472766e-06,-7.1011559e-06,-8.4612066e-07,360,-0.0016115664
430579,0.75,0,50,49.999973,50.000027,7.9472748e-06,-7.1011564e-06,-8.4611861e-07,0,-0.0016115664
430679,0.75,0,50,49.999973,50.000027,7.9472766e-06,-7.1011559e-06,-8.4612066e-07,360,-0.0016115664
430779,0.75,0,50,49.999973,50.000027,7.9472748e-06,-7.1011564e-06,-8.4611861e-07,0,-0.0016115664
430879,0.75,0,50,49.999973,50.000027,7.9472766e-06,-7.1011559e-06,-8.4612066e-07,360,-0.0016115664
430979,0.75,0,50,49.999973,50.000027,7.9472748e-06,-7.1011564e-06,-8.4611861e-07,0,-0.0016115664
431079,0.75,0,50,49.999973,50.000027,7.9472766e-06,-7.1011559e-06,-8.4612066e-07,360,-0.0016115664
431179,0.75,0,50,49.999973,50.000027,7.9472748e-06,-7.1011564e-06,-8.4611861e-07,0,-0.0016115664
431279,0.75,0,50,49.999973,50.000027,7.9472766e-06,-7.1011559e-06,-8.4612066e-07,360,-0.0016115664
431379,0.75,0,50,49.999973,50.000027,7.9472748e-06,-7.1011564e-06,-8.4611861e-07,0,-0.0016115664
431479,0.75,0,50,49.999973,50.000027,7.9472766e-06,-7.1011559e-06,-8.4612066e-07,360,-0.0016115664
431579,0.75,0,50,49.999973,50.000027,7.9472748e-06,-7.1011564e-06,-8.4611861e-07,0,-0.0016115664
431679,0.75,0,50,49.999973,50.000027,7.9472766e-06,-7.1011559e-06,-8.4612066e-07,360,-0.0016115664
431779,0.75,0,50,49.999973,50.000027,7.9472748e-06,-7.1011564e-06,-8.4611861e-07,0,-0.0016115664
431879,0.75,0,50,49.999973,50.000027,7.9472766e-06,-7.1011559e-06,-8.4612066e-07,360,-0.0016115664
431979,0.75,0,50,49.999973,50.000027,7.9472748e-06,-7.1011564e-06,-8.4611861e-07,0,-0.0016115664
432079,0.75,0,50,49.999973,50.000027,7.9472766e-06,-7.1011559e-06,-8.4612066e-07,360,-0.0016115664
432179,0.75,0,50,49.999973,50.000027,7.9472748e-06,-7.1011564e-06,-8.4611861e-07,0,-0.0016115664
432279,0.75,0,50,49.999973,50.000027,7.9472766e-06,-7.1011559e-06,-8.4612066e-07,360,-0.0016115664
432379,0.75,0,50,49.999973,50.000027,7.9472748e-06,-7.1011564e-06,-8.4611861e-07,0,-0.0016115664
432479,0.75,0,50,49.999973,50.000027,7.9472766e-06,-7.1011559e-06,-8.4612066e-07,360,-0.0016115664
432579,0.75,0,50,49.999973,50.000027,7.9472748e-06,-7.1011564e-06,-8.4611861e-07,0,-0.0016115664
432679,0.75,0,50,49.999973,50.000027,7.9472766e-06,-7.1011559e-06,-8.4612066e-07,360,-0.0016115664
432779,0.75,0,50,49.999973,50.000027,7.9472748e-06,-7.1011564e-06,-8.4611861e-07,0,-0.0016115664
432879,0.75,0,50,49.999973,50.000027,7.9472766e-06,-7.1011559e-06,-8.4612066e-07,360,-0.0016115664
432979,0.75,0,50,49.999973,50.000027,7.9472748e-06,-7.1011564e-06,-8.4611861e-07,0,-0.0016115664
433079,0.75,0,50,49.999973,50.000027,7.9472766e-06,-7.1011559e-06,-8.4612066e-07,360,-0.0016115664
433179,0.75,0,50,49.999973,50.000027,7.9472748e-06,-7.1011564e-06,-8.4611861e-07,0,-0.0016115664
433279,0.75,0,50,49.999973,50.000027,7.9472766e-06,-7.1011559e-06,-8.4612066e-07,360,-0.0016115664
433379,0.75,0,50,49.999973,50.000027,7.9472748e-06,-7.1011564e-06,-8.4611861e-07,0,-0.0016115664
433479,0.75,0,50,49.999973,50.000027,7.9472766e-06,-7.1011559e-06,-8.4612066e-07,360,-0.0016115664
433579,0.75,0,50,49.999973,50.000027,7.9472748e-06,-7.1011564e-06,-8.4611861e-07,0,-0.0016115664
433679,0.75,0,50,49.999973,50.000027,7.9472766e-06,-7.1011559e-06,-8.4612066e-07,360,-0.0016115664
433779,0.75,0,50,49.999973,50.000027,7.9472748e-06,-7.1011564e-06,-8.4611861e-07,0,-0.0016115664
433879,0.75,0,50,49.999973,50.000027,7.9472766e-06,-7.1011559e-06,-8.4612066e-07,360,-0.0016115664
433979,0.75,0,50,49.999973,50.000027,7.9472748e-06,-7.1011564e-06,-8.4611861e-07,0,-0.0016115664
434079,0.75,0,50,49.999973,50.000027,7.9472766e-06,-7.1011559e-06,-8.4612066e-07,360,-0.0016115664
434179,0.75,0,50,49.999973,50.000027,7.9472748e-06,-7.1011564e-06,-8.4611861e-07,0,-0.0016115664
434279,0.75,0,50,49.999973,50.000027,7.9472766e-06,-7.1011559e-06,-8.4612066e-07,360,-0.0016115664
434379,0.75,0,50,49.999973,50.000027,7.9472748e-06,-7.1011564e-06,-8.4611861e-07,0,-0.0016115664
434479,0.75,0,50,49.999973,50.000027,7.9472766e-06,-7.1011559e-06,-8.4612066e-07,360,-0.0016115664
434579,0.75,0,50,49.999973,50.000027,7.9472748e-06,-7.1011564e-06,-8.4611861e-07,0,-0.0016115664
434679,0.75,0,50,49.999973,50.000027,7.9472766e-06,-7.1011559e-06,-8.4612066e-07,360,-0.0016115664
434779,0.75,0,50,49.999973,50.000027,7.9472748e-06,-7.1011564e-06,-8.4611861e-07,0,-0.0016115664
434879,0.75,0,50,49.999973,50.000027,7.9472766e-06,-7.1011559e-06,-8.4612066e-07,360,-0.0016115664
434979,0.75,0,50,49.999973,50.000027,7.9472748e-06,-7.1011564e-06,-8.4611861e-07,0,-0.0016115664
435079,0.75,0,50,49.999973,50.000027,7.9472766e-06,-7.1011559e-06,-8.4612066e-07,360,-0.0016115664
435179,0.75,0,50,49.999973,50.000027,7.9472748e-06,-7.1011564e-06,-8.4611861e-07,0,-0.0016115664
435279,0.75,0,50,49.999973,50.000027,7.9472766e-06,-7.1011559e-06,-8.4612066e-07,360,-0.0016115664
435379,0.75,0,50,49.999973,50.000027,7.9472748e-06,-7.1011564e-06,-8.4611861e-07,0,-0.0016115664
435479,0.75,0,50,49.999973,50.000027,7.9472766e-06,-7.1011559e-06,-8.4612066e-07,360,-0.0016115664
435579,0.75,0,50,49.999973,50.000027,7.9472748e-06,-7.1011564e-06,-8.4611861e-07,0,-0.0016115664
435679,0.75,0,50,49.999973,50.000027,7.9472766e-06,-7.1011559e-06,-8.4612066e-07,360,-0.0016115664
435779,0.75,0,50,49.999973,50.000027,7.9472748e-06,-7.1011564e-06,-8.4611861e-07,0,-0.0016115664
435879,0.75,0,50,49.999973,50.000027,7.9472766e-06,-7.1011559e-06,-8.4612066e-07,360,-0.0016115664
435979,0.75,0,50,49.999973,50.000027,7.9472748e-06,-7.1011564e-06,-8.4611861e-07,0,-0.0016115664
436079,0.75,0,50,49.999973,50.000027,7.9472766e-06,-7.1011559e-06,-8.4612066e-07,360,-0.0016115664
436179,0.75,0,50,49.999973,50.000027,7.9472748e-06,-7.1011564e-06,-8.4611861e-07,0,-0.0016115664
436279,0.75,0,50,49.999973,50.000027,7.9472766e-06,-7.1011559e-06,-8.4612066e-07,360,-0.0016115664
436379,0.75,0,50,49.999973,50.000027,7.9472748e-06,-7.1011564e-06,-8.4611861e-07,0,-0.0016115664
436479,0.75,0,50,49.999973,50.000027,7.9472766e-06,-7.1011559e-06,-8.4612066e-07,360,-0.0016115664
436578,0.75,0,50,49.999973,50.000027,7.9472748e-06,-7.1011564e-06,-8.4611861e-07,0,-0.0016115664
436678,0.75,0,50,49.999973,50.000027,7.9472766e-06,-7.1011559e-06,-8.4612066e-07,360,-0.0016115664
436778,0.75,0,50,49.999973,50.000027,7.9472748e-06,-7.1011564e-06,-8.4611861e-07,0,-0.0016115664
436878,0.75,0,50,49.999973,50.000027,7.9472766e-06,-7.1011559e-06,-8.4612066e-07,360,-0.0016115664
436978,0.75,0,50,49.999973,50.000027,7.9472748e-06,-7.1011564e-06,-8.4611861e-07,0,-0.0016115664
437078,0.75,0,50,49.999973,50.000027,7.9472766e-06,-7.1011559e-06,-8.4612066e-07,360,-0.0016115664
437178,0.75,0,50,49.999973,50.000027,7.9472748e-06,-7.1011564e-06,-8.4611861e-07,0,-0.0016115664
437278,0.75,0,50,49.999973,50.000027,7.9472766e-06,-7.1011559e-06,-8.4612066e-07,360,-0.0016115664
437378,0.75,0,50,49.999973,50.000027,7.9472748e-06,-7.1011564e-06,-8.4611861e-07,0,-0.0016115664
437478,0.75,0,50,49.999973,50.000027,7.9472766e-06,-7.1011559e-06,-8.4612066e-07,360,-0.0016115664
437578,0.75,0,50,49.999973,50.000027,7.9472748e-06,-7.1011564e-06,-8.4611861e-07,0,-0.0016115664
437678,0.75,0,50,49.999973,50.000027,7.9472766e-06,-7.1011559e-06,-8.4612066e-07,360,-0.0016115664
437778,0.75,0,50,49.999973,50.000027,7.9472748e-06,-7.1011564e-06,-8.4611861e-07,0,-0.0016115664
437878,0.75,0,50,49.999973,50.000027,7.9472766e-06,-7.1011559e-06,-8.4612066e-07,360,-0.0016115664
437978,0.75,0,50,49.999973,50.000027,7.9472748e-06,-7.1011564e-06,-8.4611861e-07,0,-0.0016115664
438078,0.75,0,50,49.999973,50.000027,7.9472766e-06,-7.1011559e-06,-8.4612066e-07,360,-0.0016115664
438178,0.75,0,50,49.999973,50.000027,7.9472748e-06,-7.1011564e-06,-8.4611861e-07,0,-0.0016115664
438278,0.75,0,50,49.999973,50.000027,7.9472766e-06,-7.1011559e-06,-8.4612066e-07,360,-0.0016115664
438378,0.75,0,50,49.999973,50.000027,7.9472748e-06,-7.1011564e-06,-8.4611861e-07,0,-0.0016115664
438478,0.75,0,50,49.999973,50.000027,7.9472766e-06,-7.1011559e-06,-8.4612066e-07,360,-0.0016115664
438578,0.75,0,50,49.999973,50.000027,7.9472748e-06,-7.1011564e-06,-8.4611861e-07,0,-0.0016115664
438678,0.75,0,50,49.999973,50.000027,7.9472766e-06,-7.1011559e-06,-8.4612066e-07,360,-0.0016115664
438778,0.75,0,50,49.999973,50.000027,7.9472748e-06,-7.1011564e-06,-8.4611861e-07,0,-0.0016115664
438878,0.75,0,50,49.999973,50.000027,7.9472766e-06,-7.1011559e-06,-8.4612066e-07,360,-0.0016115664
438978,0.75,0,50,49.999973,50.000027,7.9472748e-06,-7.1011564e-06,-8.4611861e-07,0,-0.0016115664
439078,0.75,0,50,49.999973,50.000027,7.9472766e-06,-7.1011559e-06,-8.4612066e-07,360,-0.0016115664
439178,0.75,0,50,49.999973,50.000027,7.9472748e-06,-7.1011564e-06,-8.4611861e-07,0,-0.0016115664
439278,0.75,0,50,49.999973,50.000027,7.9472766e-06,-7.1011559e-06,-8.4612066e-07,360,-0.0016115664
439378,0.75,0,50,49.999973,50.000027,7.9472748e-06,-7.1011564e-06,-8.4611861e-07,0,-0.0016115664
439478,0.75,0,50,49.999973,50.000027,7.9472766e-06,-7.1011559e-06,-8.4612066e-07,360,-0.0016115664
439578,0.75,0,50,49.999973,50.000027,7.9472748e-06,-7.1011564e-06,-8.4611861e-07,0,-0.0016115664
439678,0.75,0,50,49.999973,50.000027,7.9472766e-06,-7.1011559e-06,-8.4612066e-07,360,-0.0016115664
439778,0.75,0,50,49.999973,50.000027,7.9472748e-06,-7.1011564e-06,-8.4611861e-07,0,-0.0016115664
439878,0.75,0,50,49.999973,50.000027,7.9472766e-06,-7.1011559e-06,-8.4612066e-07,360,-0.0016115664
439978,0.75,0,50,49.999973,50.000027,7.9472748e-06,-7.1011564e-06,-8.4611861e-07,0,-0.0016115664
440078,0.75,0,50,49.999973,50.000027,7.9472766e-06,-7.1011559e-06,-8.4612066e-07,360,-0.0016115664
440178,0.75,0,50,49.999973,50.000027,7.9472748e-06,-7.1011564e-06,-8.4611861e-07,0,-0.0016115664
440278,0.75,0,50,49.999973,50.000027,7.9472766e-06,-7.1011559e-06,-8.4612066e-07,360,-0.0016115664
440378,0.75,0,50,49.999973,50.000027,7.9472748e-06,-7.1011564e-06,-8.4611861e-07,0,-0.0016115664
440478,0.75,0,50,49.999973,50.000027,7.9472766e-06,-7.1011559e-06,-8.4612066e-07,360,-0.0016115664
440578,0.75,0,50,49.999973,50.000027,7.9472748e-06,-7.1011564e-06,-8.4611861e-07,0,-0.0016115664
440678,0.75,0,50,49.999973,50.000027,7.9472766e-06,-7.1011559e-06,-8.4612066e-07,360,-0.0016115664
440778,0.75,0,50,49.999973,50.000027,7.9472748e-06,-7.1011564e-06,-8.4611861e-07,0,-0.0016115664
440878,0.75,0,50,49.999973,50.000027,7.9472766e-06,-7.1011559e-06,-8.4612066e-07,360,-0.0016115664
440978,0.75,0,50,49.999973,50.000027,7.9472748e-06,-7.1011564e-06,-8.4611861e-07,0,-0.0016115664
441078,0.75,0,50,49.999973,50.000027,7.9472766e-06,-7.1011559e-06,-8.4612066e-07,360,-0.0016115664
441178,0.75,0,50,49.999973,50.000027,7.9472748e-06,-7.1011564e-06,-8.4611861e-07,0,-0.0016115664
441278,0.75,0,50,49.999973,50.000027,7.9472766e-06,-7.1011559e-06,-8.4612066e-07,360,-0.0016115664
441378,0.75,0,50,49.999973,50.000027,7.9472748e-06,-7.1011564e-06,-8.4611861e-07,0,-0.0016115664
441478,0.75,0,50,49.999973,50.000027,7.9472766e-06,-7.1011559e-06,-8.4612066e-07,360,-0.0016115664
441578,0.75,0,50,49.999973,50.000027,7.9472748e-06,-7.1011564e-06,-8.4611861e-07,0,-0.0016115664
441678,0.75,0,50,49.999973,50.000027,7.9472766e-06,-7.1011559e-06,-8.4612066e-07,360,-0.0016115664
441778,0.75,0,50,49.999973,50.000027,7.9472748e-06,-7.1011564e-06,-8.4611861e-07,0,-0.0016115664
441878,0.75,0,50,49.999973,50.000027,7.9472766e-06,-7.1011559e-06,-8.4612066e-07,360,-0.0016115664
441978,0.75,0,50,49.999973,50.000027,7.9472748e-06,-7.1011564e-06,-8.4611861e-07,0,-0.0016115664
442078,0.75,0,50,49.999973,50.000027,7.9472766e-06,-7.1011559e-06,-8.4612066e-07,360,-0.0016115664
442178,0.75,0,50,49.999973,50.000027,7.9472748e-06,-7.1011564e-06,-8.4611861e-07,0,-0.0016115664
442278,0.75,0,50,49.999973,50.000027,7.9472766e-06,-7.1011559e-06,-8.4612066e-07,360,-0.0016115664
442378,0.75,0,50,49.999973,50.000027,7.9472748e-06,-7.1011564e-06,-8.4611861e-07,0,-0.0016115664
442478,0.75,0,50,49.999973,50.000027,7.9472766e-06,-7.1011559e-06,-8.4612066e-07,360,-0.0016115664
442578,0.75,0,50,49.999973,50.000027,7.9472748e-06,-7.1011564e-06,-8.4611861e-07,0,-0.0016115664
442678,0.75,0,50,49.999973,50.000027,7.9472766e-06,-7.1011559e-06,-8.4612066e-07,360,-0.0016115664
442778,0.75,0,50,49.999973,50.000027,7.9472748e-06,-7.1011564e-06,-8.4611861e-07,0,-0.0016115664
442878,0.75,0,50,49.999973,50.000027,7.9472766e-06,-7.1011559e-06,-8.4612066e-07,360,-0.0016115664
442978,0.75,0,50,49.999973,50.000027,7.9472748e-06,-7.1011564e-06,-8.4611861e-07,0,-0.0016115664
443078,0.75,0,50,49.999973,50.000027,7.9472766e-06,-7.1011559e-06,-8.4612066e-07,360,-0.0016115664
443178,0.75,0,50,49.999973,50.000027,7.9472748e-06,-7.1011564e-06,-8.4611861e-07,0,-0.0016115664
443278,0.75,0,50,49.999973,50.000027,7.9472766e-06,-7.1011559e-06,-8.4612066e-07,360,-0.0016115664
443378,0.75,0,50,49.999973,50.000027,7.9472748e-06,-7.1011564e-06,-8.4611861e-07,0,-0.0016115664
443478,0.75,0,50,49.999973,50.000027,7.9472766e-06,-7.1011559e-06,-8.4612066e-07,360,-0.0016115664
443578,0.75,0,50,49.999973,50.000027,7.9472748e-06,-7.1011564e-06,-8.4611861e-07,0,-0.0016115664
443678,0.75,0,50,49.999973,50.000027,7.9472766e-06,-7.1011559e-06,-8.4612066e-07,360,-0.0016115664
443778,0.75,0,50,49.999973,50.000027,7.9472748e-06,-7.1011564e-06,-8.4611861e-07,0,-0.0016115664
443878,0.75,0,50,49.999973,50.000027,7.9472766e-06,-7.1011559e-06,-8.4612066e-07,360,-0.0016115664
443978,0.75,0,50,49.999973,50.000027,7.9472748e-06,-7.1011564e-06,-8.4611861e-07,0,-0.0016115664
444077,0.75,0,50,49.999973,50.000027,7.9472766e-06,-7.1011559e-06,-8.4612066e-07,360,-0.0016115664
444177,0.75,0,50,49.999973,50.000027,7.9472748e-06,-7.1011564e-06,-8.4611861e-07,0,-0.0016115664
444277,0.75,0,50,49.999973,50.000027,7.9472766e-06,-7.1011559e-06,-8.4612066e-07,360,-0.0016115664
444377,0.75,0,50,49.999973,50.000027,7.9472748e-06,-7.1011564e-06,-8.4611861e-07,0,-0.0016115664
444477,0.75,0,50,49.999973,50.000027,7.9472766e-06,-7.1011559e-06,-8.4612066e-07,360,-0.0016115664
444577,0.75,0,50,49.999973,50.000027,7.9472748e-06,-7.1011564e-06,-8.4611861e-07,0,-0.0016115664
444677,0.75,0,50,49.999973,50.000027,7.9472766e-06,-7.1011559e-06,-8.4612066e-07,360,-0.0016115664
444777,0.75,0,50,49.999973,50.000027,7.9472748e-06,-7.1011564e-06,-8.4611861e-07,0,-0.0016115664
444877,0.75,0,50,49.999973,50.000027,7.9472766e-06,-7.1011559e-06,-8.4612066e-07,360,-0.0016115664
444977,0.75,0,50,49.999973,50.000027,7.9472748e-06,-7.1011564e-06,-8.4611861e-07,0,-0.0016115664
445077,0.75,0,50,49.999973,50.000027,7.9472766e-06,-7.1011559e-06,-8.4612066e-07,360,-0.0016115664
445177,0.75,0,50,49.999973,50.000027,7.9472748e-06,-7.1011564e-06,-8.4611861e-07,0,-0.0016115664
445277,0.75,0,50,49.999973,50.000027,7.9472766e-06,-7.1011559e-06,-8.4612066e-07,360,-0.0016115664
445377,0.75,0,50,49.999973,50.000027,7.9472748e-06,-7.1011564e-06,-8.4611861e-07,0,-0.0016115664
445477,0.75,0,50,49.999973,50.000027,7.9472766e-06,-7.1011559e-06,-8.4612066e-07,360,-0.0016115664
445577,0.75,0,50,49.999973,50.000027,7.9472748e-06,-7.1011564e-06,-8.4611861e-07,0,-0.0016115664
445677,0.75,0,50,49.999973,50.000027,7.9472766e-06,-7.1011559e-06,-8.4612066e-07,360,-0.0016115664
445777,0.75,0,50,49.999973,50.000027,7.9472748e-06,-7.1011564e-06,-8.4611861e-07,0,-0.0016115664
445877,0.75,0,50,49.999973,50.000027,7.9472766e-06,-7.1011559e-06,-8.4612066e-07,360,-0.0016115664
445977,0.75,0,50,49.999973,50.000027,7.9472748e-06,-7.1011564e-06,-8.4611861e-07,0,-0.0016115664
446077,0.75,0,50,49.999973,50.000027,7.9472766e-06,-7.1011559e-06,-8.4612066e-07,360,-0.0016115664
446177,0.75,0,50,49.999973,50.000027,7.9472748e-06,-7.1011564e-06,-8.4611861e-07,0,-0.0016115664
446277,0.75,0,50,49.999973,50.000027,7.9472766e-06,-7.1011559e-06,-8.4612066e-07,360,-0.0016115664
446377,0.75,0,50,49.999973,50.000027,7.9472748e-06,-7.1011564e-06,-8.4611861e-07,0,-0.0016115664
446477,0.75,0,50,49.999973,50.000027,7.9472766e-06,-7.1011559e-06,-8.4612066e-07,360,-0.0016115664
446577,0.75,0,50,49.999973,50.000027,7.9472748e-06,-7.1011564e-06,-8.4611861e-07,0,-0.0016115664
446677,0.75,0,50,49.999973,50.000027,7.9472766e-06,-7.1011559e-06,-8.4612066e-07,360,-0.0016115664
446777,0.75,0,50,49.999973,50.000027,7.9472748e-06,-7.1011564e-06,-8.4611861e-07,0,-0.0016115664
446877,0.75,0,50,49.999973,50.000027,7.9472766e-06,-7.1011559e-06,-8.4612066e-07,360,-0.0016115664
446977,0.75,0,50,49.999973,50.000027,7.9472748e-06,-7.1011564e-06,-8.4611861e-07,0,-0.0016115664
447077,0.75,0,50,49.999973,50.000027,7.9472766e-06,-7.1011559e-06,-8.4612066e-07,360,-0.0016115664
447177,0.75,0,50,49.999973,50.000027,7.9472748e-06,-7.1011564e-06,-8.4611861e-07,0,-0.0016115664
447277,0.75,0,50,49.999973,50.000027,7.9472766e-06,-7.1011559e-06,-8.4612066e-07,360,-0.0016115664
447377,0.75,0,50,49.999973,50.000027,7.9472748e-06,-7.1011564e-06,-8.4611861e-07,0,-0.0016115664
447477,0.75,0,50,49.999973,50.000027,7.9472766e-06,-7.1011559e-06,-8.4612066e-07,360,-0.0016115664
447577,0.75,0,50,49.999973,50.000027,7.9472748e-06,-7.1011564e-06,-8.4611861e-07,0,-0.0016115664
447677,0.75,0,50,49.999973,50.000027,7.9472766e-06,-7.1011559e-06,-8.4612066e-07,360,-0.0016115664
447777,0.75,0,50,49.999973,50.000027,7.9472748e-06,-7.1011564e-06,-8.4611861e-07,0,-0.0016115664
447877,0.75,0,50,49.999973,50.000027,7.9472766e-06,-7.1011559e-06,-8.4612066e-07,360,-0.0016115664
447977,0.75,0,50,49.999973,50.000027,7.9472748e-06,-7.1011564e-06,-8.4611861e-07,0,-0.0016115664
448077,0.75,0,50,49.999973,50.000027,7.9472766e-06,-7.1011559e-06,-8.4612066e-07,360,-0.0016115664
448177,0.75,0,50,49.999973,50.000027,7.9472748e-06,-7.1011564e-06,-8.4611861e-07,0,-0.0016115664
448277,0.75,0,50,49.999973,50.000027,7.9472766e-06,-7.1011559e-06,-8.4612066e-07,360,-0.0016115664
448377,0.75,0,50,49.999973,50.000027,7.9472748e-06,-7.1011564e-06,-8.4611861e-07,0,-0.0016115664
448477,0.75,0,50,49.999973,50.000027,7.9472766e-06,-7.1011559e-06,-8.4612066e-07,360,-0.0016115664
448577,0.75,0,50,49.999973,50.000027,7.9472748e-06,-7.1011564e-06,-8.4611861e-07,0,-0.0016115664
448677,0.75,0,50,49.999973,50.000027,7.9472766e-06,-7.1011559e-06,-8.4612066e-07,360,-0.0016115664
448777,0.75,0,50,49.999973,50.000027,7.9472748e-06,-7.1011564e-06,-8.4611861e-07,0,-0.0016115664
448877,0.75,0,50,49.999973,50.000027,7.9472766e-06,-7.1011559e-06,-8.4612066e-07,360,-0.0016115664
448977,0.75,0,50,49.999973,50.000027,7.9472748e-06,-7.1011564e-06,-8.4611861e-07,0,-0.0016115664
449077,0.75,0,50,49.999973,50.000027,7.9472766e-06,-7.1011559e-06,-8.4612066e-07,360,-0.0016115664
449177,0.75,0,50,49.999973,50.000027,7.9472748e-06,-7.1011564e-06,-8.4611861e-07,0,-0.0016115664
449277,0.75,0,50,49.999973,50.000027,7.9472766e-06,-7.1011559e-06,-8.4612066e-07,360,-0.0016115664
449377,0.75,0,50,49.999973,50.000027,7.9472748e-06,-7.1011564e-06,-8.4611861e-07,0,-0.0016115664
449477,0.75,0,50,49.999973,50.000027,7.9472766e-06,-7.1011559e-06,-8.4612066e-07,360,-0.0016115664
449577,0.75,0,50,49.999973,50.000027,7.9472748e-06,-7.1011564e-06,-8.4611861e-07,0,-0.0016115664
449677,0.75,0,50,49.999973,50.000027,7.9472766e-06,-7.1011559e-06,-8.4612066e-07,360,-0.0016115664
449777,0.75,0,50,49.999973,50.000027,7.9472748e-06,-7.1011564e-06,-8.4611861e-07,0,-0.0016115664
449877,0.75,0,50,49.999973,50.000027,7.9472766e-06,-7.1011559e-06,-8.4612066e-07,360,-0.0016115664
449977,0.75,0,50,49.999973,50.000027,7.9472748e-06,-7.1011564e-06,-8.4611861e-07,0,-0.0016115664
450077,0.75,0,50,49.999973,50.000027,7.9472766e-06,-7.1011559e-06,-8.4612066e-07,360,-0.0016115664
450177,0.75,0,50,49.999973,50.000027,7.9472748e-06,-7.1011564e-06,-8.4611861e-07,0,-0.0016115664
450277,0.75,0,50,49.999973,50.000027,7.9472766e-06,-7.1011559e-06,-8.4612066e-07,360,-0.0016115664
450377,0.75,0,50,49.999973,50.000027,7.9472748e-06,-7.1011564e-06,-8.4611861e-07,0,-0.0016115664
450477,0.75,0,50,49.999973,50.000027,7.9472766e-06,-7.1011559e-06,-8.4612066e-07,360,-0.0016115664
450577,0.75,0,50,49.999973,50.000027,7.9472748e-06,-7.1011564e-06,-8.4611861e-07,0,-0.0016115664
450677,0.75,0,50,49.999973,50.000027,7.9472766e-06,-7.1011559e-06,-8.4612066e-07,360,-0.0016115664
450777,0.75,0,50,49.999973,50.000027,7.9472748e-06,-7.1011564e-06,-8.4611861e-07,0,-0.0016115664
450877,0.75,0,50,49.999973,50.000027,7.9472766e-06,-7.1011559e-06,-8.4612066e-07,360,-0.0016115664
450977,0.75,0,50,49.999973,50.000027,7.9472748e-06,-7.1011564e-06,-8.4611861e-07,0,-0.0016115664
451077,0.75,0,50,49.999973,50.000027,7.9472766e-06,-7.1011559e-06,-8.4612066e-07,360,-0.0016115664
451177,0.75,0,50,49.999973,50.000027,7.9472748e-06,-7.1011564e-06,-8.4611861e-07,0,-0.0016115664
451277,0.75,0,50,49.999973,50.000027,7.9472766e-06,-7.1011559e-06,-8.4612066e-07,360,-0.0016115664
451377,0.75,0,50,49.999973,50.000027,7.9472748e-06,-7.1011564e-06,-8.4611861e-07,0,-0.0016115664
451477,0.75,0,50,49.999973,50.000027,7.9472766e-06,-7.1011559e-06,-8.4612066e-07,360,-0.0016115664
451577,0.75,0,50,49.999973,50.000027,7.9472748e-06,-7.1011564e-06,-8.4611861e-07,0,-0.0016115664
451676,0.75,0,50,49.999973,50.000027,7.9472766e-06,-7.1011559e-06,-8.4612066e-07,360,-0.0016115664
451776,0.75,0,50,49.999973,50.000027,7.9472748e-06,-7.1011564e-06,-8.4611861e-07,0,-0.0016115664
451876,0.75,0,50,49.999973,50.000027,7.9472766e-06,-7.1011559e-06,-8.4612066e-07,360,-0.0016115664
451976,0.75,0,50,49.999973,50.000027,7.9472748e-06,-7.1011564e-06,-8.4611861e-07,0,-0.0016115664
452076,0.75,0,50,49.999973,50.000027,7.9472766e-06,-7.1011559e-06,-8.4612066e-07,360,-0.0016115664
452176,0.75,0,50,49.999973,50.000027,7.9472748e-06,-7.1011564e-06,-8.4611861e-07,0,-0.0016115664
452276,0.75,0,50,49.999973,50.000027,7.9472766e-06,-7.1011559e-06,-8.4612066e-07,360,-0.0016115664
452376,0.75,0,50,49.999973,50.000027,7.9472748e-06,-7.1011564e-06,-8.4611861e-07,0,-0.0016115664
452476,0.75,0,50,49.999973,50.000027,7.9472766e-06,-7.1011559e-06,-8.4612066e-07,360,-0.0016115664
452576,0.75,0,50,49.999973,50.000027,7.9472748e-06,-7.1011564e-06,-8.4611861e-07,0,-0.0016115664
452676,0.75,0,50,49.999973,50.000027,7.9472766e-06,-7.1011559e-06,-8.4612066e-07,360,-0.0016115664
452776,0.75,0,50,49.999973,50.000027,7.9472748e-06,-7.1011564e-06,-8.4611861e-07,0,-0.0016115664
452876,0.75,0,50,49.999973,50.000027,7.9472766e-06,-7.1011559e-06,-8.4612066e-07,360,-0.0016115664
452976,0.75,0,50,49.999973,50.000027,7.9472748e-06,-7.1011564e-06,-8.4611861e-07,0,-0.0016115664
453076,0.75,0,50,49.999973,50.000027,7.9472766e-06,-7.1011559e-06,-8.4612066e-07,360,-0.0016115664
453176,0.75,0,50,49.999973,50.000027,7.9472748e-06,-7.1011564e-06,-8.4611861e-07,0,-0.0016115664
453276,0.75,0,50,49.999973,50.000027,7.9472766e-06,-7.1011559e-06,-8.4612066e-07,360,-0.0016115664
453376,0.75,0,50,49.999973,50.000027,7.9472748e-06,-7.1011564e-06,-8.4611861e-07,0,-0.0016115664
453476,0.75,0,50,49.999973,50.000027,7.9472766e-06,-7.1011559e-06,-8.4612066e-07,360,-0.0016115664
453576,0.75,0,50,49.999973,50.000027,7.9472748e-06,-7.1011564e-06,-8.4611861e-07,0,-0.0016115664
453676,0.75,0,50,49.999973,50.000027,7.9472766e-06,-7.1011559e-06,-8.4612066e-07,360,-0.0016115664
453776,0.75,0,50,49.999973,50.000027,7.9472748e-06,-7.1011564e-06,-8.4611861e-07,0,-0.0016115664
453876,0.75,0,50,49.999973,50.000027,7.9472766e-06,-7.1011559e-06,-8.4612066e-07,360,-0.0016115664
453976,0.75,0,50,49.999973,50.000027,7.9472748e-06,-7.1011564e-06,-8.4611861e-07,0,-0.0016115664
454076,0.75,0,50,49.999973,50.000027,7.9472766e-06,-7.1011559e-06,-8.4612066e-07,360,-0.0016115664
454176,0.75,0,50,49.999973,50.000027,7.9472748e-06,-7.1011564e-06,-8.4611861e-07,0,-0.0016115664
454276,0.75,0,50,49.999973,50.000027,7.9472766e-06,-7.1011559e-06,-8.4612066e-07,360,-0.0016115664
454376,0.75,0,50,49.999973,50.000027,7.9472748e-06,-7.1011564e-06,-8.4611861e-07,0,-0.0016115664
454476,0.75,0,50,49.999973,50.000027,7.9472766e-06,-7.1011559e-06,-8.4612066e-07,360,-0.0016115664
454576,0.75,0,50,49.999973,50.000027,7.9472748e-06,-7.1011564e-06,-8.4611861e-07,0,-0.0016115664
454676,0.75,0,50,49.999973,50.000027,7.9472766e-06,-7.1011559e-06,-8.4612066e-07,360,-0.0016115664
454776,0.75,0,50,49.999973,50.000027,7.9472748e-06,-7.1011564e-06,-8.4611861e-07,0,-0.0016115664
454876,0.75,0,50,49.999973,50.000027,7.9472766e-06,-7.1011559e-06,-8.4612066e-07,360,-0.0016115664
454976,0.75,0,50,49.999973,50.000027,7.9472748e-06,-7.1011564e-06,-8.4611861e-07,0,-0.0016115664
455076,0.75,0,50,49.999973,50.000027,7.9472766e-06,-7.1011559e-06,-8.4612066e-07,360,-0.0016115664
455176,0.75,0,50,49.999973,50.000027,7.9472748e-06,-7.1011564e-06,-8.4611861e-07,0,-0.0016115664
455276,0.75,0,50,49.999973,50.000027,7.9472766e-06,-7.1011559e-06,-8.4612066e-07,360,-0.0016115664
455376,0.75,0,50,49.999973,50.000027,7.9472748e-06,-7.1011564e-06,-8.4611861e-07,0,-0.0016115664
455476,0.75,0,50,49.999973,50.000027,7.9472766e-06,-7.1011559e-06,-8.4612066e-07,360,-0.0016115664
455576,0.75,0,50,49.999973,50.000027,7.9472748e-06,-7.1011564e-06,-8.4611861e-07,0,-0.0016115664
455676,0.75,0,50,49.999973,50.000027,7.9472766e-06,-7.1011559e-06,-8.4612066e-07,360,-0.0016115664
455776,0.75,0,50,49.999973,50.000027,7.9472748e-06,-7.1011564e-06,-8.4611861e-07,0,-0.0016115664
455876,0.75,0,50,49.999973,50.000027,7.9472766e-06,-7.1011559e-06,-8.4612066e-07,360,-0.0016115664
455976,0.75,0,50,49.999973,50.000027,7.9472748e-06,-7.1011564e-06,-8.4611861e-07,0,-0.0016115664
456076,0.75,0,50,49.999973,50.000027,7.9472766e-06,-7.1011559e-06,-8.4612066e-07,360,-0.0016115664
456176,0.75,0,50,49.999973,50.000027,7.9472748e-06,-7.1011564e-06,-8.4611861e-07,0,-0.0016115664
456276,0.75,0,50,49.999973,50.000027,7.9472766e-06,-7.1011559e-06,-8.4612066e-07,360,-0.0016115664
456376,0.75,0,50,49.999973,50.000027,7.9472748e-06,-7.1011564e-06,-8.4611861e-07,0,-0.0016115664
456476,0.75,0,50,49.999973,50.000027,7.9472766e-06,-7.1011559e-06,-8.4612066e-07,360,-0.0016115664
456576,0.75,0,50,49.999973,50.000027,7.9472748e-06,-7.1011564e-06,-8.4611861e-07,0,-0.0016115664
456676,0.75,0,50,49.999973,50.000027,7.9472766e-06,-7.1011559e-06,-8.4612066e-07,360,-0.0016115664
456776,0.75,0,50,49.999973,50.000027,7.9472748e-06,-7.1011564e-06,-8.4611861e-07,0,-0.0016115664
456876,0.75,0,50,49.999973,50.000027,7.9472766e-06,-7.1011559e-06,-8.4612066e-07,360,-0.0016115664
456976,0.75,0,50,49.999973,50.000027,7.9472748e-06,-7.1011564e-06,-8.4611861e-07,0,-0.0016115664
457076,0.75,0,50,49.999973,50.000027,7.9472766e-06,-7.1011559e-06,-8.4612066e-07,360,-0.0016115664
457176,0.75,0,50,49.999973,50.000027,7.9472748e-06,-7.1011564e-06,-8.4611861e-07,0,-0.0016115664
457276,0.75,0,50,49.999973,50.000027,7.9472766e-06,-7.1011559e-06,-8.4612066e-07,360,-0.0016115664
457376,0.75,0,50,49.999973,50.000027,7.9472748e-06,-7.1011564e-06,-8.4611861e-07,0,-0.0016115664
457476,0.75,0,50,49.999973,50.000027,7.9472766e-06,-7.1011559e-06,-8.4612066e-07,360,-0.0016115664
457576,0.75,0,50,49.999973,50.000027,7.9472748e-06,-7.1011564e-06,-8.4611861e-07,0,-0.0016115664
457676,0.75,0,50,49.999973,50.000027,7.9472766e-06,-7.1011559e-06,-8.4612066e-07,360,-0.0016115664
457776,0.75,0,50,49.999973,50.000027,7.9472748e-06,-7.1011564e-06,-8.4611861e-07,0,-0.0016115664
457876,0.75,0,50,49.999973,50.000027,7.9472766e-06,-7.1011559e-06,-8.4612066e-07,360,-0.0016115664
457976,0.75,0,50,49.999973,50.000027,7.9472748e-06,-7.1011564e-06,-8.4611861e-07,0,-0.0016115664
458076,0.75,0,50,49.999973,50.000027,7.9472766e-06,-7.1011559e-06,-8.4612066e-07,360,-0.0016115664
458176,0.75,0,50,49.999973,50.000027,7.9472748e-06,-7.1011564e-06,-8.4611861e-07,0,-0.0016115664
458276,0.75,0,50,49.999973,50.000027,7.9472766e-06,-7.1011559e-06,-8.4612066e-07,360,-0.0016115664
458376,0.75,0,50,49.999973,50.000027,7.9472748e-06,-7.1011564e-06,-8.4611861e-07,0,-0.0016115664
458476,0.75,0,50,49.999973,50.000027,7.9472766e-06,-7.1011559e-06,-8.4612066e-07,360,-0.0016115664
458576,0.75,0,50,49.999973,50.000027,7.9472748e-06,-7.1011564e-06,-8.4611861e-07,0,-0.0016115664
458676,0.75,0,50,49.999973,50.000027,7.9472766e-06,-7.1011559e-06,-8.4612066e-07,360,-0.0016115664
458776,0.75,0,50,49.999973,50.000027,7.9472748e-06,-7.1011564e-06,-8.4611861e-07,0,-0.0016115664
458876,0.75,0,50,49.999973,50.000027,7.9472766e-06,-7.1011559e-06,-8.4612066e-07,360,-0.0016115664
458976,0.75,0,50,49.999973,50.000027,7.9472748e-06,-7.1011564e-06,-8.4611861e-07,0,-0.0016115664
459076,0.75,0,50,49.999973,50.000027,7.9472766e-06,-7.1011559e-06,-8.4612066e-07,360,-0.0016115664
459176,0.75,0,50,49.999973,50.000027,7.9472748e-06,-7.1011564e-06,-8.4611861e-07,0,-0.0016115664
459275,0.75,0,50,49.999973,50.000027,7.9472766e-06,-7.1011559e-06,-8.4612066e-07,360,-0.0016115664
459375,0.75,0,50,49.999973,50.000027,7.9472748e-06,-7.1011564e-06,-8.4611861e-07,0,-0.0016115664
459475,0.75,0,50,49.999973,50.000027,7.9472766e-06,-7.1011559e-06,-8.4612066e-07,360,-0.0016115664
459575,0.75,0,50,49.999973,50.000027,7.9472748e-06,-7.1011564e-06,-8.4611861e-07,0,-0.0016115664
459675,0.75,0,50,49.999973,50.000027,7.9472766e-06,-7.1011559e-06,-8.4612066e-07,360,-0.0016115664
459775,0.75,0,50,49.999973,50.000027,7.9472748e-06,-7.1011564e-06,-8.4611861e-07,0,-0.0016115664
459875,0.75,0,50,49.999973,50.000027,7.9472766e-06,-7.1011559e-06,-8.4612066e-07,360,-0.0016115664
459975,0.75,0,50,49.999973,50.000027,7.9472748e-06,-7.1011564e-06,-8.4611861e-07,0,-0.0016115664
460075,0.75,0,50,49.999973,50.000027,7.9472766e-06,-7.1011559e-06,-8.4612066e-07,360,-0.0016115664
460175,0.75,0,50,49.999973,50.000027,7.9472748e-06,-7.1011564e-06,-8.4611861e-07,0,-0.0016115664
460275,0.75,0,50,49.999973,50.000027,7.9472766e-06,-7.1011559e-06,-8.4612066e-07,360,-0.0016115664
460375,0.75,0,50,49.999973,50.000027,7.9472748e-06,-7.1011564e-06,-8.4611861e-07,0,-0.0016115664
460475,0.75,0,50,49.999973,50.000027,7.9472766e-06,-7.1011559e-06,-8.4612066e-07,360,-0.0016115664
460575,0.75,0,50,49.999973,50.000027,7.9472748e-06,-7.1011564e-06,-8.4611861e-07,0,-0.0016115664
460675,0.75,0,50,49.999973,50.000027,7.9472766e-06,-7.1011559e-06,-8.4612066e-07,360,-0.0016115664
460775,0.75,0,50,49.999973,50.000027,7.9472748e-06,-7.1011564e-06,-8.4611861e-07,0,-0.0016115664
460875,0.75,0,50,49.999973,50.000027,7.9472766e-06,-7.1011559e-06,-8.4612066e-07,360,-0.0016115664
460975,0.75,0,50,49.999973,50.000027,7.9472748e-06,-7.1011564e-06,-8.4611861e-07,0,-0.0016115664
461075,0.75,0,50,49.999973,50.000027,7.9472766e-06,-7.1011559e-06,-8.4612066e-07,360,-0.0016115664
461175,0.75,0,50,49.999973,50.000027,7.9472748e-06,-7.1011564e-06,-8.4611861e-07,0,-0.0016115664
461275,0.75,0,50,49.999973,50.000027,7.9472766e-06,-7.1011559e-06,-8.4612066e-07,360,-0.0016115664
461375,0.75,0,50,49.999973,50.000027,7.9472748e-06,-7.1011564e-06,-8.4611861e-07,0,-0.0016115664
461475,0.75,0,50,49.999973,50.000027,7.9472766e-06,-7.1011559e-06,-8.4612066e-07,360,-0.0016115664
461575,0.75,0,50,49.999973,50.000027,7.9472748e-06,-7.1011564e-06,-8.4611861e-07,0,-0.0016115664
461675,0.75,0,50,49.999973,50.000027,7.9472766e-06,-7.1011559e-06,-8.4612066e-07,360,-0.0016115664
461775,0.75,0,50,49.999973,50.000027,7.9472748e-06,-7.1011564e-06,-8.4611861e-07,0,-0.0016115664
461875,0.75,0,50,49.999973,50.000027,7.9472766e-06,-7.1011559e-06,-8.4612066e-07,360,-0.0016115664
461975,0.75,0,50,49.999973,50.000027,7.9472748e-06,-7.1011564e-06,-8.4611861e-07,0,-0.0016115664
462075,0.75,0,50,49.999973,50.000027,7.9472766e-06,-7.1011559e-06,-8.4612066e-07,360,-0.0016115664
462175,0.75,0,50,49.999973,50.000027,7.9472748e-06,-7.1011564e-06,-8.4611861e-07,0,-0.0016115664
462275,0.75,0,50,49.999973,50.000027,7.9472766e-06,-7.1011559e-06,-8.4612066e-07,360,-0.0016115664
462375,0.75,0,50,49.999973,50.000027,7.9472748e-06,-7.1011564e-06,-8.4611861e-07,0,-0.0016115664
462475,0.75,0,50,49.999973,50.000027,7.9472766e-06,-7.1011559e-06,-8.4612066e-07,360,-0.0016115664
462575,0.75,0,50,49.999973,50.000027,7.9472748e-06,-7.1011564e-06,-8.4611861e-07,0,-0.0016115664
462675,0.75,0,50,49.999973,50.000027,7.9472766e-06,-7.1011559e-06,-8.4612066e-07,360,-0.0016115664
462775,0.75,0,50,49.999973,50.000027,7.9472748e-06,-7.1011564e-06,-8.4611861e-07,0,-0.0016115664
462875,0.75,0,50,49.999973,50.000027,7.9472766e-06,-7.1011559e-06,-8.4612066e-07,360,-0.0016115664
462975,0.75,0,50,49.999973,50.000027,7.9472748e-06,-7.1011564e-06,-8.4611861e-07,0,-0.0016115664
463075,0.75,0,50,49.999973,50.000027,7.9472766e-06,-7.1011559e-06,-8.4612066e-07,360,-0.0016115664
463175,0.75,0,50,49.999973,50.000027,7.9472748e-06,-7.1011564e-06,-8.4611861e-07,0,-0.0016115664
463275,0.75,0,50,49.999973,50.000027,7.9472766e-06,-7.1011559e-06,-8.4612066e-07,360,-0.0016115664
463375,0.75,0,50,49.999973,50.000027,7.9472748e-06,-7.1011564e-06,-8.4611861e-07,0,-0.0016115664
463475,0.75,0,50,49.999973,50.000027,7.9472766e-06,-7.1011559e-06,-8.4612066e-07,360,-0.0016115664
463575,0.75,0,50,49.999973,50.000027,7.9472748e-06,-7.1011564e-06,-8.4611861e-07,0,-0.0016115664
463675,0.75,0,50,49.999973,50.000027,7.9472766e-06,-7.1011559e-06,-8.4612066e-07,360,-0.0016115664
463775,0.75,0,50,49.999973,50.000027,7.9472748e-06,-7.1011564e-06,-8.4611861e-07,0,-0.0016115664
463875,0.75,0,50,49.999973,50.000027,7.9472766e-06,-7.1011559e-06,-8.4612066e-07,360,-0.0016115664
463975,0.75,0,50,49.999973,50.000027,7.9472748e-06,-7.1011564e-06,-8.4611861e-07,0,-0.0016115664
464075,0.75,0,50,49.999973,50.000027,7.9472766e-06,-7.1011559e-06,-8.4612066e-07,360,-0.0016115664
464175,0.75,0,50,49.999973,50.000027,7.9472748e-06,-7.1011564e-06,-8.4611861e-07,0,-0.0016115664
464275,0.75,0,50,49.999973,50.000027,7.9472766e-06,-7.1011559e-06,-8.4612066e-07,360,-0.0016115664
464375,0.75,0,50,49.999973,50.000027,7.9472748e-06,-7.1011564e-06,-8.4611861e-07,0,-0.0016115664
464475,0.75,0,50,49.999973,50.000027,7.9472766e-06,-7.1011559e-06,-8.4612066e-07,360,-0.0016115664
464575,0.75,0,50,49.999973,50.000027,7.9472748e-06,-7.1011564e-06,-8.4611861e-07,0,-0.0016115664
464675,0.75,0,50,49.999973,50.000027,7.9472766e-06,-7.1011559e-06,-8.4612066e-07,360,-0.0016115664
464775,0.75,0,50,49.999973,50.000027,7.9472748e-06,-7.1011564e-06,-8.4611861e-07,0,-0.0016115664
464875,0.75,0,50,49.999973,50.000027,7.9472766e-06,-7.1011559e-06,-8.4612066e-07,360,-0.0016115664
464975,0.75,0,50,49.999973,50.000027,7.9472748e-06,-7.1011564e-06,-8.4611861e-07,0,-0.0016115664
465075,0.75,0,50,49.999973,50.000027,7.9472766e-06,-7.1011559e-06,-8.4612066e-07,360,-0.0016115664
465175,0.75,0,50,49.999973,50.000027,7.9472748e-06,-7.1011564e-06,-8.4611861e-07,0,-0.0016115664
465275,0.75,0,50,49.999973,50.000027,7.9472766e-06,-7.1011559e-06,-8.4612066e-07,360,-0.0016115664
465375,0.75,0,50,49.999973,50.000027,7.9472748e-06,-7.1011564e-06,-8.4611861e-07,0,-0.0016115664
465475,0.75,0,50,49.999973,50.000027,7.9472766e-06,-7.1011559e-06,-8.4612066e-07,360,-0.0016115664
465575,0.75,0,50,49.999973,50.000027,7.9472748e-06,-7.1011564e-06,-8.4611861e-07,0,-0.0016115664
465675,0.75,0,50,49.999973,50.000027,7.9472766e-06,-7.1011559e-06,-8.4612066e-07,360,-0.0016115664
465775,0.75,0,50,49.999973,50.000027,7.9472748e-06,-7.1011564e-06,-8.4611861e-07,0,-0.0016115664
465875,0.75,0,50,49.999973,50.000027,7.9472766e-06,-7.1011559e-06,-8.4612066e-07,360,-0.0016115664
465975,0.75,0,50,49.999973,50.000027,7.9472748e-06,-7.1011564e-06,-8.4611861e-07,0,-0.0016115664
466075,0.75,0,50,49.999973,50.000027,7.9472766e-06,-7.1011559e-06,-8.4612066e-07,360,-0.0016115664
466175,0.75,0,50,49.999973,50.000027,7.9472748e-06,-7.1011564e-06,-8.4611861e-07,0,-0.0016115664
466275,0.75,0,50,49.999973,50.000027,7.9472766e-06,-7.1011559e-06,-8.4612066e-07,360,-0.0016115664
466375,0.75,0,50,49.999973,50.000027,7.9472748e-06,-7.1011564e-06,-8.4611861e-07,0,-0.0016115664
466475,0.75,0,50,49.999973,50.000027,7.9472766e-06,-7.1011559e-06,-8.4612066e-07,360,-0.0016115664
466575,0.75,0,50,49.999973,50.000027,7.9472748e-06,-7.1011564e-06,-8.4611861e-07,0,-0.0016115664
466675,0.75,0,50,49.999973,50.000027,7.9472766e-06,-7.1011559e-06,-8.4612066e-07,360,-0.0016115664
466775,0.75,0,50,49.999973,50.000027,7.9472748e-06,-7.1011564e-06,-8.4611861e-07,0,-0.0016115664
466874,0.75,0,50,49.999973,50.000027,7.9472766e-06,-7.1011559e-06,-8.4612066e-07,360,-0.0016115664
466974,0.75,0,50,49.999973,50.000027,7.9472748e-06,-7.1011564e-06,-8.4611861e-07,0,-0.0016115664
467074,0.75,0,50,49.999973,50.000027,7.9472766e-06,-7.1011559e-06,-8.4612066e-07,360,-0.0016115664
467174,0.75,0,50,49.999973,50.000027,7.9472748e-06,-7.1011564e-06,-8.4611861e-07,0,-0.0016115664
467274,0.75,0,50,49.999973,50.000027,7.9472766e-06,-7.1011559e-06,-8.4612066e-07,360,-0.0016115664
467374,0.75,0,50,49.999973,50.000027,7.9472748e-06,-7.1011564e-06,-8.4611861e-07,0,-0.0016115664
467474,0.75,0,50,49.999973,50.000027,7.9472766e-06,-7.1011559e-06,-8.4612066e-07,360,-0.0016115664
467574,0.75,0,50,49.999973,50.000027,7.9472748e-06,-7.1011564e-06,-8.4611861e-07,0,-0.0016115664
467674,0.75,0,50,49.999973,50.000027,7.9472766e-06,-7.1011559e-06,-8.4612066e-07,360,-0.0016115664
467774,0.75,0,50,49.999973,50.000027,7.9472748e-06,-7.1011564e-06,-8.4611861e-07,0,-0.0016115664
467874,0.75,0,50,49.999973,50.000027,7.9472766e-06,-7.1011559e-06,-8.4612066e-07,360,-0.0016115664
467974,0.75,0,50,49.999973,50.000027,7.9472748e-06,-7.1011564e-06,-8.4611861e-07,0,-0.0016115664
468074,0.75,0,50,49.999973,50.000027,7.9472766e-06,-7.1011559e-06,-8.4612066e-07,360,-0.0016115664
468174,0.75,0,50,49.999973,50.000027,7.9472748e-06,-7.1011564e-06,-8.4611861e-07,0,-0.0016115664
468274,0.75,0,50,49.999973,50.000027,7.9472766e-06,-7.1011559e-06,-8.4612066e-07,360,-0.0016115664
468374,0.75,0,50,49.999973,50.000027,7.9472748e-06,-7.1011564e-06,-8.4611861e-07,0,-0.0016115664
468474,0.75,0,50,49.999973,50.000027,7.9472766e-06,-7.1011559e-06,-8.4612066e-07,360,-0.0016115664
468574,0.75,0,50,49.999973,50.000027,7.9472748e-06,-7.1011564e-06,-8.4611861e-07,0,-0.0016115664
468674,0.75,0,50,49.999973,50.000027,7.9472766e-06,-7.1011559e-06,-8.4612066e-07,360,-0.0016115664
468774,0.75,0,50,49.999973,50.000027,7.9472748e-06,-7.1011564e-06,-8.4611861e-07,0,-0.0016115664
468874,0.75,0,50,49.999973,50.000027,7.9472766e-06,-7.1011559e-06,-8.4612066e-07,360,-0.0016115664
468974,0.75,0,50,49.999973,50.000027,7.9472748e-06,-7.1011564e-06,-8.4611861e-07,0,-0.0016115664
469074,0.75,0,50,49.999973,50.000027,7.9472766e-06,-7.1011559e-06,-8.4612066e-07,360,-0.0016115664
469174,0.75,0,50,49.999973,50.000027,7.9472748e-06,-7.1011564e-06,-8.4611861e-07,0,-0.0016115664
469274,0.75,0,50,49.999973,50.000027,7.9472766e-06,-7.1011559e-06,-8.4612066e-07,360,-0.0016115664
469374,0.75,0,50,49.999973,50.000027,7.9472748e-06,-7.1011564e-06,-8.4611861e-07,0,-0.0016115664
469474,0.75,0,50,49.999973,50.000027,7.9472766e-06,-7.1011559e-06,-8.4612066e-07,360,-0.0016115664
469574,0.75,0,50,49.999973,50.000027,7.9472748e-06,-7.1011564e-06,-8.4611861e-07,0,-0.0016115664
469674,0.75,0,50,49.999973,50.000027,7.9472766e-06,-7.1011559e-06,-8.4612066e-07,360,-0.0016115664
469774,0.75,0,50,49.999973,50.000027,7.9472748e-06,-7.1011564e-06,-8.4611861e-07,0,-0.0016115664
469874,0.75,0,50,49.999973,50.000027,7.9472766e-06,-7.1011559e-06,-8.4612066e-07,360,-0.0016115664
469974,0.75,0,50,49.999973,50.000027,7.9472748e-06,-7.1011564e-06,-8.4611861e-07,0,-0.0016115664
470074,0.75,0,50,49.999973,50.000027,7.9472766e-06,-7.1011559e-06,-8.4612066e-07,360,-0.0016115664
470174,0.75,0,50,49.999973,50.000027,7.9472748e-06,-7.1011564e-06,-8.4611861e-07,0,-0.0016115664
470274,0.75,0,50,49.999973,50.000027,7.9472766e-06,-7.1011559e-06,-8.4612066e-07,360,-0.0016115664
470374,0.75,0,50,49.999973,50.000027,7.9472748e-06,-7.1011564e-06,-8.4611861e-07,0,-0.0016115664
470474,0.75,0,50,49.999973,50.000027,7.9472766e-06,-7.1011559e-06,-8.4612066e-07,360,-0.0016115664
470574,0.75,0,50,49.999973,50.000027,7.9472748e-06,-7.1011564e-06,-8.4611861e-07,0,-0.0016115664
470674,0.75,0,50,49.999973,50.000027,7.9472766e-06,-7.1011559e-06,-8.4612066e-07,360,-0.0016115664
470774,0.75,0,50,49.999973,50.000027,7.9472748e-06,-7.1011564e-06,-8.4611861e-07,0,-0.0016115664
470874,0.75,0,50,49.999973,50.000027,7.9472766e-06,-7.1011559e-06,-8.4612066e-07,360,-0.0016115664
470974,0.75,0,50,49.999973,50.000027,7.9472748e-06,-7.1011564e-06,-8.4611861e-07,0,-0.0016115664
471074,0.75,0,50,49.999973,50.000027,7.9472766e-06,-7.1011559e-06,-8.4612066e-07,360,-0.0016115664
471174,0.75,0,50,49.999973,50.000027,7.9472748e-06,-7.1011564e-06,-8.4611861e-07,0,-0.0016115664
471274,0.75,0,50,49.999973,50.000027,7.9472766e-06,-7.1011559e-06,-8.4612066e-07,360,-0.0016115664
471374,0.75,0,50,49.999973,50.000027,7.9472748e-06,-7.1011564e-06,-8.4611861e-07,0,-0.0016115664
471474,0.75,0,50,49.999973,50.000027,7.9472766e-06,-7.1011559e-06,-8.4612066e-07,360,-0.0016115664
471574,0.75,0,50,49.999973,50.000027,7.9472748e-06,-7.1011564e-06,-8.4611861e-07,0,-0.0016115664
471674,0.75,0,50,49.999973,50.000027,7.9472766e-06,-7.1011559e-06,-8.4612066e-07,360,-0.0016115664
471774,0.75,0,50,49.999973,50.000027,7.9472748e-06,-7.1011564e-06,-8.4611861e-07,0,-0.0016115664
471874,0.75,0,50,49.999973,50.000027,7.9472766e-06,-7.1011559e-06,-8.4612066e-07,360,-0.0016115664
471974,0.75,0,50,49.999973,50.000027,7.9472748e-06,-7.1011564e-06,-8.4611861e-07,0,-0.0016115664
472074,0.75,0,50,49.999973,50.000027,7.9472766e-06,-7.1011559e-06,-8.4612066e-07,360,-0.0016115664
472174,0.75,0,50,49.999973,50.000027,7.9472748e-06,-7.1011564e-06,-8.4611861e-07,0,-0.0016115664
472274,0.75,0,50,49.999973,50.000027,7.9472766e-06,-7.1011559e-06,-8.4612066e-07,360,-0.0016115664
472374,0.75,0,50,49.999973,50.000027,7.9472748e-06,-7.1011564e-06,-8.4611861e-07,0,-0.0016115664
472474,0.75,0,50,49.999973,50.000027,7.9472766e-06,-7.1011559e-06,-8.4612066e-07,360,-0.0016115664
472574,0.75,0,50,49.999973,50.000027,7.9472748e-06,-7.1011564e-06,-8.4611861e-07,0,-0.0016115664
472674,0.75,0,50,49.999973,50.000027,7.9472766e-06,-7.1011559e-06,-8.4612066e-07,360,-0.0016115664
472774,0.75,0,50,49.999973,50.000027,7.9472748e-06,-7.1011564e-06,-8.4611861e-07,0,-0.0016115664
472874,0.75,0,50,49.999973,50.000027,7.9472766e-06,-7.1011559e-06,-8.4612066e-07,360,-0.0016115664
472974,0.75,0,50,49.999973,50.000027,7.9472748e-06,-7.1011564e-06,-8.4611861e-07,0,-0.0016115664
473074,0.75,0,50,49.999973,50.000027,7.9472766e-06,-7.1011559e-06,-8.4612066e-07,360,-0.0016115664
473174,0.75,0,50,49.999973,50.000027,7.9472748e-06,-7.1011564e-06,-8.4611861e-07,0,-0.0016115664
473274,0.75,0,50,49.999973,50.000027,7.9472766e-06,-7.1011559e-06,-8.4612066e-07,360,-0.0016115664
473374,0.75,0,50,49.999973,50.000027,7.9472748e-06,-7.1011564e-06,-8.4611861e-07,0,-0.0016115664
473474,0.75,0,50,49.999973,50.000027,7.9472766e-06,-7.1011559e-06,-8.4612066e-07,360,-0.0016115664
473574,0.75,0,50,49.999973,50.000027,7.9472748e-06,-7.1011564e-06,-8.4611861e-07,0,-0.0016115664
473674,0.75,0,50,49.999973,50.000027,7.9472766e-06,-7.1011559e-06,-8.4612066e-07,360,-0.0016115664
473774,0.75,0,50,49.999973,50.000027,7.9472748e-06,-7.1011564e-06,-8.4611861e-07,0,-0.0016115664
473874,0.75,0,50,49.999973,50.000027,7.9472766e-06,-7.1011559e-06,-8.4612066e-07,360,-0.0016115664
473974,0.75,0,50,49.999973,50.000027,7.9472748e-06,-7.1011564e-06,-8.4611861e-07,0,-0.0016115664
474074,0.75,0,50,49.999973,50.000027,7.9472766e-06,-7.1011559e-06,-8.4612066e-07,360,-0.0016115664
474174,0.75,0,50,49.999973,50.000027,7.9472748e-06,-7.1011564e-06,-8.4611861e-07,0,-0.0016115664
474274,0.75,0,50,49.999973,50.000027,7.9472766e-06,-7.1011559e-06,-8.4612066e-07,360,-0.0016115664
474373,0.75,0,50,49.999973,50.000027,7.9472748e-06,-7.1011564e-06,-8.4611861e-07,0,-0.0016115664
474473,0.75,0,50,49.999973,50.000027,7.9472766e-06,-7.1011559e-06,-8.4612066e-07,360,-0.0016115664
474573,0.75,0,50,49.999973,50.000027,7.9472748e-06,-7.1011564e-06,-8.4611861e-07,0,-0.0016115664
474673,0.75,0,50,49.999973,50.000027,7.9472766e-06,-7.1011559e-06,-8.4612066e-07,360,-0.0016115664
474773,0.75,0,50,49.999973,50.000027,7.9472748e-06,-7.1011564e-06,-8.4611861e-07,0,-0.0016115664
474873,0.75,0,50,49.999973,50.000027,7.9472766e-06,-7.1011559e-06,-8.4612066e-07,360,-0.0016115664
474973,0.75,0,50,49.999973,50.000027,7.9472748e-06,-7.1011564e-06,-8.4611861e-07,0,-0.0016115664
475073,0.75,0,50,49.999973,50.000027,7.9472766e-06,-7.1011559e-06,-8.4612066e-07,360,-0.0016115664
475173,0.75,0,50,49.999973,50.000027,7.9472748e-06,-7.1011564e-06,-8.4611861e-07,0,-0.0016115664
475273,0.75,0,50,49.999973,50.000027,7.9472766e-06,-7.1011559e-06,-8.4612066e-07,360,-0.0016115664
475373,0.75,0,50,49.999973,50.000027,7.9472748e-06,-7.1011564e-06,-8.4611861e-07,0,-0.0016115664
475473,0.75,0,50,49.999973,50.000027,7.9472766e-06,-7.1011559e-06,-8.4612066e-07,360,-0.0016115664
475573,0.75,0,50,49.999973,50.000027,7.9472748e-06,-7.1011564e-06,-8.4611861e-07,0,-0.0016115664
475673,0.75,0,50,49.999973,50.000027,7.9472766e-06,-7.1011559e-06,-8.4612066e-07,360,-0.0016115664
475773,0.75,0,50,49.999973,50.000027,7.9472748e-06,-7.1011564e-06,-8.4611861e-07,0,-0.0016115664
475873,0.75,0,50,49.999973,50.000027,7.9472766e-06,-7.1011559e-06,-8.4612066e-07,360,-0.0016115664
475973,0.75,0,50,49.999973,50.000027,7.9472748e-06,-7.1011564e-06,-8.4611861e-07,0,-0.0016115664
476073,0.75,0,50,49.999973,50.000027,7.9472766e-06,-7.1011559e-06,-8.4612066e-07,360,-0.0016115664
476173,0.75,0,50,49.999973,50.000027,7.9472748e-06,-7.1011564e-06,-8.4611861e-07,0,-0.0016115664
476273,0.75,0,50,49.999973,50.000027,7.9472766e-06,-7.1011559e-06,-8.4612066e-07,360,-0.0016115664
476373,0.75,0,50,49.999973,50.000027,7.9472748e-06,-7.1011564e-06,-8.4611861e-07,0,-0.0016115664
476473,0.75,0,50,49.999973,50.000027,7.9472766e-06,-7.1011559e-06,-8.4612066e-07,360,-0.0016115664
476573,0.75,0,50,49.999973,50.000027,7.9472748e-06,-7.1011564e-06,-8.4611861e-07,0,-0.0016115664
476673,0.75,0,50,49.999973,50.000027,7.9472766e-06,-7.1011559e-06,-8.4612066e-07,360,-0.0016115664
476773,0.75,0,50,49.999973,50.000027,7.9472748e-06,-7.1011564e-06,-8.4611861e-07,0,-0.0016115664
476873,0.75,0,50,49.999973,50.000027,7.9472766e-06,-7.1011559e-06,-8.4612066e-07,360,-0.0016115664
476973,0.75,0,50,49.999973,50.000027,7.9472748e-06,-7.1011564e-06,-8.4611861e-07,0,-0.0016115664
477073,0.75,0,50,49.999973,50.000027,7.9472766e-06,-7.1011559e-06,-8.4612066e-07,360,-0.0016115664
477173,0.75,0,50,49.999973,50.000027,7.9472748e-06,-7.1011564e-06,-8.4611861e-07,0,-0.0016115664
477273,0.75,0,50,49.999973,50.000027,7.9472766e-06,-7.1011559e-06,-8.4612066e-07,360,-0.0016115664
477373,0.75,0,50,49.999973,50.000027,7.9472748e-06,-7.1011564e-06,-8.4611861e-07,0,-0.0016115664
477473,0.75,0,50,49.999973,50.000027,7.9472766e-06,-7.1011559e-06,-8.4612066e-07,360,-0.0016115664
477573,0.75,0,50,49.999973,50.000027,7.9472748e-06,-7.1011564e-06,-8.4611861e-07,0,-0.0016115664
477673,0.75,0,50,49.999973,50.000027,7.9472766e-06,-7.1011559e-06,-8.4612066e-07,360,-0.0016115664
477773,0.75,0,50,49.999973,50.000027,7.9472748e-06,-7.1011564e-06,-8.4611861e-07,0,-0.0016115664
477873,0.75,0,50,49.999973,50.000027,7.9472766e-06,-7.1011559e-06,-8.4612066e-07,360,-0.0016115664
477973,0.75,0,50,49.999973,50.000027,7.9472748e-06,-7.1011564e-06,-8.4611861e-07,0,-0.0016115664
478073,0.75,0,50,49.999973,50.000027,7.9472766e-06,-7.1011559e-06,-8.4612066e-07,360,-0.0016115664
478173,0.75,0,50,49.999973,50.000027,7.9472748e-06,-7.1011564e-06,-8.4611861e-07,0,-0.0016115664
478273,0.75,0,50,49.999973,50.000027,7.9472766e-06,-7.1011559e-06,-8.4612066e-07,360,-0.0016115664
478373,0.75,0,50,49.999973,50.000027,7.9472748e-06,-7.1011564e-06,-8.4611861e-07,0,-0.0016115664
478473,0.75,0,50,49.999973,50.000027,7.9472766e-06,-7.1011559e-06,-8.4612066e-07,360,-0.0016115664
478573,0.75,0,50,49.999973,50.000027,7.9472748e-06,-7.1011564e-06,-8.4611861e-07,0,-0.0016115664
478673,0.75,0,50,49.999973,50.000027,7.9472766e-06,-7.1011559e-06,-8.4612066e-07,360,-0.0016115664
478773,0.75,0,50,49.999973,50.000027,7.9472748e-06,-7.1011564e-06,-8.4611861e-07,0,-0.0016115664
478873,0.75,0,50,49.999973,50.000027,7.9472766e-06,-7.1011559e-06,-8.4612066e-07,360,-0.0016115664
478973,0.75,0,50,49.999973,50.000027,7.9472748e-06,-7.1011564e-06,-8.4611861e-07,0,-0.0016115664
479073,0.75,0,50,49.999973,50.000027,7.9472766e-06,-7.1011559e-06,-8.4612066e-07,360,-0.0016115664
479173,0.75,0,50,49.999973,50.000027,7.9472748e-06,-7.1011564e-06,-8.4611861e-07,0,-0.0016115664
479273,0.75,0,50,49.999973,50.000027,7.9472766e-06,-7.1011559e-06,-8.4612066e-07,360,-0.0016115664
479373,0.75,0,50,49.999973,50.000027,7.9472748e-06,-7.1011564e-06,-8.4611861e-07,0,-0.0016115664
479473,0.75,0,50,49.999973,50.000027,7.9472766e-06,-7.1011559e-06,-8.4612066e-07,360,-0.0016115664
479573,0.75,0,50,49.999973,50.000027,7.9472748e-06,-7.1011564e-06,-8.4611861e-07,0,-0.0016115664
479673,0.75,0,50,49.999973,50.000027,7.9472766e-06,-7.1011559e-06,-8.4612066e-07,360,-0.0016115664
479773,0.75,0,50,49.999973,50.000027,7.9472748e-06,-7.1011564e-06,-8.4611861e-07,0,-0.0016115664
479873,0.75,0,50,49.999973,50.000027,7.9472766e-06,-7.1011559e-06,-8.4612066e-07,360,-0.0016115664
479973,0.75,0,50,49.999973,50.000027,7.9472748e-06,-7.1011564e-06,-8.4611861e-07,0,-0.0016115664
480073,0.75,0,50,49.999973,50.000027,7.9472766e-06,-7.1011559e-06,-8.4612066e-07,360,-0.0016115664
480173,0.75,0,50,49.999973,50.000027,7.9472748e-06,-7.1011564e-06,-8.4611861e-07,0,-0.0016115664
480273,0.75,0,50,49.999973,50.000027,7.9472766e-06,-7.1011559e-06,-8.4612066e-07,360,-0.0016115664
480373,0.75,0,50,49.999973,50.000027,7.9472748e-06,-7.1011564e-06,-8.4611861e-07,0,-0.0016115664
480473,0.75,0,50,49.999973,50.000027,7.9472766e-06,-7.1011559e-06,-8.4612066e-07,360,-0.0016115664
480573,0.75,0,50,49.999973,50.000027,7.9472748e-06,-7.1011564e-06,-8.4611861e-07,0,-0.0016115664
480673,0.75,0,50,49.999973,50.000027,7.9472766e-06,-7.1011559e-06,-8.4612066e-07,360,-0.0016115664
480773,0.75,0,50,49.999973,50.000027,7.9472748e-06,-7.1011564e-06,-8.4611861e-07,0,-0.0016115664
480873,0.75,0,50,49.999973,50.000027,7.9472766e-06,-7.1011559e-06,-8.4612066e-07,360,-0.0016115664
480973,0.75,0,50,49.999973,50.000027,7.9472748e-06,-7.1011564e-06,-8.4611861e-07,0,-0.0016115664
481073,0.75,0,50,49.999973,50.000027,7.9472766e-06,-7.1011559e-06,-8.4612066e-07,360,-0.0016115664
481173,0.75,0,50,49.999973,50.000027,7.9472748e-06,-7.1011564e-06,-8.4611861e-07,0,-0.0016115664
481273,0.75,0,50,49.999973,50.000027,7.9472766e-06,-7.1011559e-06,-8.4612066e-07,360,-0.0016115664
481373,0.75,0,50,49.999973,50.000027,7.9472748e-06,-7.1011564e-06,-8.4611861e-07,0,-0.0016115664
481473,0.75,0,50,49.999973,50.000027,7.9472766e-06,-7.1011559e-06,-8.4612066e-07,360,-0.0016115664
481573,0.75,0,50,49.999973,50.000027,7.9472748e-06,-7.1011564e-06,-8.4611861e-07,0,-0.0016115664
481673,0.75,0,50,49.999973,50.000027,7.9472766e-06,-7.1011559e-06,-8.4612066e-07,360,-0.0016115664
481773,0.75,0,50,49.999973,50.000027,7.9472748e-06,-7.1011564e-06,-8.4611861e-07,0,-0.0016115664
481873,0.75,0,50,49.999973,50.000027,7.9472766e-06,-7.1011559e-06,-8.4612066e-07,360,-0.0016115664
481972,0.75,0,50,49.999973,50.000027,7.9472748e-06,-7.1011564e-06,-8.4611861e-07,0,-0.0016115664
482072,0.75,0,50,49.999973,50.000027,7.9472766e-06,-7.1011559e-06,-8.4612066e-07,360,-0.0016115664
482172,0.75,0,50,49.999973,50.000027,7.9472748e-06,-7.1011564e-06,-8.4611861e-07,0,-0.0016115664
482272,0.75,0,50,49.999973,50.000027,7.9472766e-06,-7.1011559e-06,-8.4612066e-07,360,-0.0016115664
482372,0.75,0,50,49.999973,50.000027,7.9472748e-06,-7.1011564e-06,-8.4611861e-07,0,-0.0016115664
482472,0.75,0,50,49.999973,50.000027,7.9472766e-06,-7.1011559e-06,-8.4612066e-07,360,-0.0016115664
482572,0.75,0,50,49.999973,50.000027,7.9472748e-06,-7.1011564e-06,-8.4611861e-07,0,-0.0016115664
482672,0.75,0,50,49.999973,50.000027,7.9472766e-06,-7.1011559e-06,-8.4612066e-07,360,-0.0016115664
482772,0.75,0,50,49.999973,50.000027,7.9472748e-06,-7.1011564e-06,-8.4611861e-07,0,-0.0016115664
482872,0.75,0,50,49.999973,50.000027,7.9472766e-06,-7.1011559e-06,-8.4612066e-07,360,-0.0016115664
482972,0.75,0,50,49.999973,50.000027,7.9472748e-06,-7.1011564e-06,-8.4611861e-07,0,-0.0016115664
483072,0.75,0,50,49.999973,50.000027,7.9472766e-06,-7.1011559e-06,-8.4612066e-07,360,-0.0016115664
483172,0.75,0,50,49.999973,50.000027,7.9472748e-06,-7.1011564e-06,-8.4611861e-07,0,-0.0016115664
483272,0.75,0,50,49.999973,50.000027,7.9472766e-06,-7.1011559e-06,-8.4612066e-07,360,-0.0016115664
483372,0.75,0,50,49.999973,50.000027,7.9472748e-06,-7.1011564e-06,-8.4611861e-07,0,-0.0016115664
483472,0.75,0,50,49.999973,50.000027,7.9472766e-06,-7.1011559e-06,-8.4612066e-07,360,-0.0016115664
483572,0.75,0,50,49.999973,50.000027,7.9472748e-06,-7.1011564e-06,-8.4611861e-07,0,-0.0016115664
483672,0.75,0,50,49.999973,50.000027,7.9472766e-06,-7.1011559e-06,-8.4612066e-07,360,-0.0016115664
483772,0.75,0,50,49.999973,50.000027,7.9472748e-06,-7.1011564e-06,-8.4611861e-07,0,-0.0016115664
483872,0.75,0,50,49.999973,50.000027,7.9472766e-06,-7.1011559e-06,-8.4612066e-07,360,-0.0016115664
483972,0.75,0,50,49.999973,50.000027,7.9472748e-06,-7.1011564e-06,-8.4611861e-07,0,-0.0016115664
484072,0.75,0,50,49.999973,50.000027,7.9472766e-06,-7.1011559e-06,-8.4612066e-07,360,-0.0016115664
484172,0.75,0,50,49.999973,50.000027,7.9472748e-06,-7.1011564e-06,-8.4611861e-07,0,-0.0016115664
484272,0.75,0,50,49.999973,50.000027,7.9472766e-06,-7.1011559e-06,-8.4612066e-07,360,-0.0016115664
484372,0.75,0,50,49.999973,50.000027,7.9472748e-06,-7.1011564e-06,-8.4611861e-07,0,-0.0016115664
484472,0.75,0,50,49.999973,50.000027,7.9472766e-06,-7.1011559e-06,-8.4612066e-07,360,-0.0016115664
484572,0.75,0,50,49.999973,50.000027,7.9472748e-06,-7.1011564e-06,-8.4611861e-07,0,-0.0016115664
484672,0.75,0,50,49.999973,50.000027,7.9472766e-06,-7.1011559e-06,-8.4612066e-07,360,-0.0016115664
484772,0.75,0,50,49.999973,50.000027,7.9472748e-06,-7.1011564e-06,-8.4611861e-07,0,-0.0016115664
484872,0.75,0,50,49.999973,50.000027,7.9472766e-06,-7.1011559e-06,-8.4612066e-07,360,-0.0016115664
484972,0.75,0,50,49.999973,50.000027,7.9472748e-06,-7.1011564e-06,-8.4611861e-07,0,-0.0016115664
485072,0.75,0,50,49.999973,50.000027,7.9472766e-06,-7.1011559e-06,-8.4612066e-07,360,-0.0016115664
485172,0.75,0,50,49.999973,50.000027,7.9472748e-06,-7.1011564e-06,-8.4611861e-07,0,-0.0016115664
485272,0.75,0,50,49.999973,50.000027,7.9472766e-06,-7.1011559e-06,-8.4612066e-07,360,-0.0016115664
485372,0.75,0,50,49.999973,50.000027,7.9472748e-06,-7.1011564e-06,-8.4611861e-07,0,-0.0016115664
485472,0.75,0,50,49.999973,50.000027,7.9472766e-06,-7.1011559e-06,-8.4612066e-07,360,-0.0016115664
485572,0.75,0,50,49.999973,50.000027,7.9472748e-06,-7.1011564e-06,-8.4611861e-07,0,-0.0016115664
485672,0.75,0,50,49.999973,50.000027,7.9472766e-06,-7.1011559e-06,-8.4612066e-07,360,-0.0016115664
485772,0.75,0,50,49.999973,50.000027,7.9472748e-06,-7.1011564e-06,-8.4611861e-07,0,-0.0016115664
485872,0.75,0,50,49.999973,50.000027,7.9472766e-06,-7.1011559e-06,-8.4612066e-07,360,-0.0016115664
485972,0.75,0,50,49.999973,50.000027,7.9472748e-06,-7.1011564e-06,-8.4611861e-07,0,-0.0016115664
486072,0.75,0,50,49.999973,50.000027,7.9472766e-06,-7.1011559e-06,-8.4612066e-07,360,-0.0016115664
486172,0.75,0,50,49.999973,50.000027,7.9472748e-06,-7.1011564e-06,-8.4611861e-07,0,-0.0016115664
486272,0.75,0,50,49.999973,50.000027,7.9472766e-06,-7.1011559e-06,-8.4612066e-07,360,-0.0016115664
486372,0.75,0,50,49.999973,50.000027,7.9472748e-06,-7.1011564e-06,-8.4611861e-07,0,-0.0016115664
486472,0.75,0,50,49.999973,50.000027,7.9472766e-06,-7.1011559e-06,-8.4612066e-07,360,-0.0016115664
486572,0.75,0,50,49.999973,50.000027,7.9472748e-06,-7.1011564e-06,-8.4611861e-07,0,-0.0016115664
486672,0.75,0,50,49.999973,50.000027,7.9472766e-06,-7.1011559e-06,-8.4612066e-07,360,-0.0016115664
486772,0.75,0,50,49.999973,50.000027,7.9472748e-06,-7.1011564e-06,-8.4611861e-07,0,-0.0016115664
486872,0.75,0,50,49.999973,50.000027,7.9472766e-06,-7.1011559e-06,-8.4612066e-07,360,-0.0016115664
486972,0.75,0,50,49.999973,50.000027,7.9472748e-06,-7.1011564e-06,-8.4611861e-07,0,-0.0016115664
487072,0.75,0,50,49.999973,50.000027,7.9472766e-06,-7.1011559e-06,-8.4612066e-07,360,-0.0016115664
487172,0.75,0,50,49.999973,50.000027,7.9472748e-06,-7.1011564e-06,-8.4611861e-07,0,-0.0016115664
487272,0.75,0,50,49.999973,50.000027,7.9472766e-06,-7.1011559e-06,-8.4612066e-07,360,-0.0016115664
487372,0.75,0,50,49.999973,50.000027,7.9472748e-06,-7.1011564e-06,-8.4611861e-07,0,-0.0016115664
487472,0.75,0,50,49.999973,50.000027,7.9472766e-06,-7.1011559e-06,-8.4612066e-07,360,-0.0016115664
487572,0.75,0,50,49.999973,50.000027,7.9472748e-06,-7.1011564e-06,-8.4611861e-07,0,-0.0016115664
487672,0.75,0,50,49.999973,50.000027,7.9472766e-06,-7.1011559e-06,-8.4612066e-07,360,-0.0016115664
487772,0.75,0,50,49.999973,50.000027,7.9472748e-06,-7.1011564e-06,-8.4611861e-07,0,-0.0016115664
487872,0.75,0,50,49.999973,50.000027,7.9472766e-06,-7.1011559e-06,-8.4612066e-07,360,-0.0016115664
487972,0.75,0,50,49.999973,50.000027,7.9472748e-06,-7.1011564e-06,-8.4611861e-07,0,-0.0016115664
488072,0.75,0,50,49.999973,50.000027,7.9472766e-06,-7.1011559e-06,-8.4612066e-07,360,-0.0016115664
488172,0.75,0,50,49.999973,50.000027,7.9472748e-06,-7.1011564e-06,-8.4611861e-07,0,-0.0016115664
488272,0.75,0,50,49.999973,50.000027,7.9472766e-06,-7.1011559e-06,-8.4612066e-07,360,-0.0016115664
488372,0.75,0,50,49.999973,50.000027,7.9472748e-06,-7.1011564e-06,-8.4611861e-07,0,-0.0016115664
488472,0.75,0,50,49.999973,50.000027,7.9472766e-06,-7.1011559e-06,-8.4612066e-07,360,-0.0016115664
488572,0.75,0,50,49.999973,50.000027,7.9472748e-06,-7.1011564e-06,-8.4611861e-07,0,-0.0016115664
488672,0.75,0,50,49.999973,50.000027,7.9472766e-06,-7.1011559e-06,-8.4612066e-07,360,-0.0016115664
488772,0.75,0,50,49.999973,50.000027,7.9472748e-06,-7.1011564e-06,-8.4611861e-07,0,-0.0016115664
488872,0.75,0,50,49.999973,50.000027,7.9472766e-06,-7.1011559e-06,-8.4612066e-07,360,-0.0016115664
488972,0.75,0,50,49.999973,50.000027,7.9472748e-06,-7.1011564e-06,-8.4611861e-07,0,-0.0016115664
489072,0.75,0,50,49.999973,50.000027,7.9472766e-06,-7.1011559e-06,-8.4612066e-07,360,-0.0016115664
489172,0.75,0,50,49.999973,50.000027,7.9472748e-06,-7.1011564e-06,-8.4611861e-07,0,-0.0016115664
489272,0.75,0,50,49.999973,50.000027,7.9472766e-06,-7.1011559e-06,-8.4612066e-07,360,-0.0016115664
489372,0.75,0,50,49.999973,50.000027,7.9472748e-06,-7.1011564e-06,-8.4611861e-07,0,-0.0016115664
489472,0.75,0,50,49.999973,50.000027,7.9472766e-06,-7.1011559e-06,-8.4612066e-07,360,-0.0016115664
489571,0.75,0,50,49.999973,50.000027,7.9472748e-06,-7.1011564e-06,-8.4611861e-07,0,-0.0016115664
489671,0.75,0,50,49.999973,50.000027,7.9472766e-06,-7.1011559e-06,-8.4612066e-07,360,-0.0016115664
489771,0.75,0,50,49.999973,50.000027,7.9472748e-06,-7.1011564e-06,-8.4611861e-07,0,-0.0016115664
489871,0.75,0,50,49.999973,50.000027,7.9472766e-06,-7.1011559e-06,-8.4612066e-07,360,-0.0016115664
489971,0.75,0,50,49.999973,50.000027,7.9472748e-06,-7.1011564e-06,-8.4611861e-07,0,-0.0016115664
490071,0.75,0,50,49.999973,50.000027,7.9472766e-06,-7.1011559e-06,-8.4612066e-07,360,-0.0016115664
490171,0.75,0,50,49.999973,50.000027,7.9472748e-06,-7.1011564e-06,-8.4611861e-07,0,-0.0016115664
490271,0.75,0,50,49.999973,50.000027,7.9472766e-06,-7.1011559e-06,-8.4612066e-07,360,-0.0016115664
490371,0.75,0,50,49.999973,50.000027,7.9472748e-06,-7.1011564e-06,-8.4611861e-07,0,-0.0016115664
490471,0.75,0,50,49.999973,50.000027,7.9472766e-06,-7.1011559e-06,-8.4612066e-07,360,-0.0016115664
490571,0.75,0,50,49.999973,50.000027,7.9472748e-06,-7.1011564e-06,-8.4611861e-07,0,-0.0016115664
490671,0.75,0,50,49.999973,50.000027,7.9472766e-06,-7.1011559e-06,-8.4612066e-07,360,-0.0016115664
490771,0.75,0,50,49.999973,50.000027,7.9472748e-06,-7.1011564e-06,-8.4611861e-07,0,-0.0016115664
490871,0.75,0,50,49.999973,50.000027,7.9472766e-06,-7.1011559e-06,-8.4612066e-07,360,-0.0016115664
490971,0.75,0,50,49.999973,50.000027,7.9472748e-06,-7.1011564e-06,-8.4611861e-07,0,-0.0016115664
491071,0.75,0,50,49.999973,50.000027,7.9472766e-06,-7.1011559e-06,-8.4612066e-07,360,-0.0016115664
491171,0.75,0,50,49.999973,50.000027,7.9472748e-06,-7.1011564e-06,-8.4611861e-07,0,-0.0016115664
491271,0.75,0,50,49.999973,50.000027,7.9472766e-06,-7.1011559e-06,-8.4612066e-07,360,-0.0016115664
491371,0.75,0,50,49.999973,50.000027,7.9472748e-06,-7.1011564e-06,-8.4611861e-07,0,-0.0016115664
491471,0.75,0,50,49.999973,50.000027,7.9472766e-06,-7.1011559e-06,-8.4612066e-07,360,-0.0016115664
491571,0.75,0,50,49.999973,50.000027,7.9472748e-06,-7.1011564e-06,-8.4611861e-07,0,-0.0016115664
491671,0.75,0,50,49.999973,50.000027,7.9472766e-06,-7.1011559e-06,-8.4612066e-07,360,-0.0016115664
491771,0.75,0,50,49.999973,50.000027,7.9472748e-06,-7.1011564e-06,-8.4611861e-07,0,-0.0016115664
491871,0.75,0,50,49.999973,50.000027,7.9472766e-06,-7.1011559e-06,-8.4612066e-07,360,-0.0016115664
491971,0.75,0,50,49.999973,50.000027,7.9472748e-06,-7.1011564e-06,-8.4611861e-07,0,-0.0016115664
492071,0.75,0,50,49.999973,50.000027,7.9472766e-06,-7.1011559e-06,-8.4612066e-07,360,-0.0016115664
492171,0.75,0,50,49.999973,50.000027,7.9472748e-06,-7.1011564e-06,-8.4611861e-07,0,-0.0016115664
492271,0.75,0,50,49.999973,50.000027,7.9472766e-06,-7.1011559e-06,-8.4612066e-07,360,-0.0016115664
492371,0.75,0,50,49.999973,50.000027,7.9472748e-06,-7.1011564e-06,-8.4611861e-07,0,-0.0016115664
492471,0.75,0,50,49.999973,50.000027,7.9472766e-06,-7.1011559e-06,-8.4612066e-07,360,-0.0016115664
492571,0.75,0,50,49.999973,50.000027,7.9472748e-06,-7.1011564e-06,-8.4611861e-07,0,-0.0016115664
492671,0.75,0,50,49.999973,50.000027,7.9472766e-06,-7.1011559e-06,-8.4612066e-07,360,-0.0016115664
492771,0.75,0,50,49.999973,50.000027,7.9472748e-06,-7.1011564e-06,-8.4611861e-07,0,-0.0016115664
492871,0.75,0,50,49.999973,50.000027,7.9472766e-06,-7.1011559e-06,-8.4612066e-07,360,-0.0016115664
492971,0.75,0,50,49.999973,50.000027,7.9472748e-06,-7.1011564e-06,-8.4611861e-07,0,-0.0016115664
493071,0.75,0,50,49.999973,50.000027,7.9472766e-06,-7.1011559e-06,-8.4612066e-07,360,-0.0016115664
493171,0.75,0,50,49.999973,50.000027,7.9472748e-06,-7.1011564e-06,-8.4611861e-07,0,-0.0016115664
493271,0.75,0,50,49.999973,50.000027,7.9472766e-06,-7.1011559e-06,-8.4612066e-07,360,-0.0016115664
493371,0.75,0,50,49.999973,50.000027,7.9472748e-06,-7.1011564e-06,-8.4611861e-07,0,-0.0016115664
493471,0.75,0,50,49.999973,50.000027,7.9472766e-06,-7.1011559e-06,-8.4612066e-07,360,-0.0016115664
493571,0.75,0,50,49.999973,50.000027,7.9472748e-06,-7.1011564e-06,-8.4611861e-07,0,-0.0016115664
493671,0.75,0,50,49.999973,50.000027,7.9472766e-06,-7.1011559e-06,-8.4612066e-07,360,-0.0016115664
493771,0.75,0,50,49.999973,50.000027,7.9472748e-06,-7.1011564e-06,-8.4611861e-07,0,-0.0016115664
493871,0.75,0,50,49.999973,50.000027,7.9472766e-06,-7.1011559e-06,-8.4612066e-07,360,-0.0016115664
493971,0.75,0,50,49.999973,50.000027,7.9472748e-06,-7.1011564e-06,-8.4611861e-07,0,-0.0016115664
494071,0.75,0,50,49.999973,50.000027,7.9472766e-06,-7.1011559e-06,-8.4612066e-07,360,-0.0016115664
494171,0.75,0,50,49.999973,50.000027,7.9472748e-06,-7.1011564e-06,-8.4611861e-07,0,-0.0016115664
494271,0.75,0,50,49.999973,50.000027,7.9472766e-06,-7.1011559e-06,-8.4612066e-07,360,-0.0016115664
494371,0.75,0,50,49.999973,50.000027,7.9472748e-06,-7.1011564e-06,-8.4611861e-07,0,-0.0016115664
494471,0.75,0,50,49.999973,50.000027,7.9472766e-06,-7.1011559e-06,-8.4612066e-07,360,-0.0016115664
494571,0.75,0,50,49.999973,50.000027,7.9472748e-06,-7.1011564e-06,-8.4611861e-07,0,-0.0016115664
494671,0.75,0,50,49.999973,50.000027,7.9472766e-06,-7.1011559e-06,-8.4612066e-07,360,-0.0016115664
494771,0.75,0,50,49.999973,50.000027,7.9472748e-06,-7.1011564e-06,-8.4611861e-07,0,-0.0016115664
494871,0.75,0,50,49.999973,50.000027,7.9472766e-06,-7.1011559e-06,-8.4612066e-07,360,-0.0016115664
494971,0.75,0,50,49.999973,50.000027,7.9472748e-06,-7.1011564e-06,-8.4611861e-07,0,-0.0016115664
495071,0.75,0,50,49.999973,50.000027,7.9472766e-06,-7.1011559e-06,-8.4612066e-07,360,-0.0016115664
495171,0.75,0,50,49.999973,50.000027,7.9472748e-06,-7.1011564e-06,-8.4611861e-07,0,-0.0016115664
495271,0.75,0,50,49.999973,50.000027,7.9472766e-06,-7.1011559e-06,-8.4612066e-07,360,-0.0016115664
495371,0.75,0,50,49.999973,50.000027,7.9472748e-06,-7.1011564e-06,-8.4611861e-07,0,-0.0016115664
495471,0.75,0,50,49.999973,50.000027,7.9472766e-06,-7.1011559e-06,-8.4612066e-07,360,-0.0016115664
495571,0.75,0,50,49.999973,50.000027,7.9472748e-06,-7.1011564e-06,-8.4611861e-07,0,-0.0016115664
495671,0.75,0,50,49.999973,50.000027,7.9472766e-06,-7.1011559e-06,-8.4612066e-07,360,-0.0016115664
495771,0.75,0,50,49.999973,50.000027,7.9472748e-06,-7.1011564e-06,-8.4611861e-07,0,-0.0016115664
495871,0.75,0,50,49.999973,50.000027,7.9472766e-06,-7.1011559e-06,-8.4612066e-07,360,-0.0016115664
495971,0.75,0,50,49.999973,50.000027,7.9472748e-06,-7.1011564e-06,-8.4611861e-07,0,-0.0016115664
496071,0.75,0,50,49.999973,50.000027,7.9472766e-06,-7.1011559e-06,-8.4612066e-07,360,-0.0016115664
496171,0.75,0,50,49.999973,50.000027,7.9472748e-06,-7.1011564e-06,-8.4611861e-07,0,-0.0016115664
496271,0.75,0,50,49.999973,50.000027,7.9472766e-06,-7.1011559e-06,-8.4612066e-07,360,-0.0016115664
496371,0.75,0,50,49.999973,50.000027,7.9472748e-06,-7.1011564e-06,-8.4611861e-07,0,-0.0016115664
496471,0.75,0,50,49.999973,50.000027,7.9472766e-06,-7.1011559e-06,-8.4612066e-07,360,-0.0016115664
496571,0.75,0,50,49.999973,50.000027,7.9472748e-06,-7.1011564e-06,-8.4611861e-07,0,-0.0016115664
496671,0.75,0,50,49.999973,50.000027,7.9472766e-06,-7.1011559e-06,-8.4612066e-07,360,-0.0016115664
496771,0.75,0,50,49.999973,50.000027,7.9472748e-06,-7.1011564e-06,-8.4611861e-07,0,-0.0016115664
496871,0.75,0,50,49.999973,50.000027,7.9472766e-06,-7.1011559e-06,-8.4612066e-07,360,-0.0016115664
496971,0.75,0,50,49.999973,50.000027,7.9472748e-06,-7.1011564e-06,-8.4611861e-07,0,-0.0016115664
497070,0.75,0,50,49.999973,50.000027,7.9472766e-06,-7.1011559e-06,-8.4612066e-07,360,-0.0016115664
497170,0.75,0,50,49.999973,50.000027,7.9472748e-06,-7.1011564e-06,-8.4611861e-07,0,-0.0016115664
497270,0.75,0,50,49.999973,50.000027,7.9472766e-06,-7.1011559e-06,-8.4612066e-07,360,-0.0016115664
497370,0.75,0,50,49.999973,50.000027,7.9472748e-06,-7.1011564e-06,-8.4611861e-07,0,-0.0016115664
497470,0.75,0,50,49.999973,50.000027,7.9472766e-06,-7.1011559e-06,-8.4612066e-07,360,-0.0016115664
497570,0.75,0,50,49.999973,50.000027,7.9472748e-06,-7.1011564e-06,-8.4611861e-07,0,-0.0016115664
497670,0.75,0,50,49.999973,50.000027,7.9472766e-06,-7.1011559e-06,-8.4612066e-07,360,-0.0016115664
497770,0.75,0,50,49.999973,50.000027,7.9472748e-06,-7.1011564e-06,-8.4611861e-07,0,-0.0016115664
497870,0.75,0,50,49.999973,50.000027,7.9472766e-06,-7.1011559e-06,-8.4612066e-07,360,-0.0016115664
497970,0.75,0,50,49.999973,50.000027,7.9472748e-06,-7.1011564e-06,-8.4611861e-07,0,-0.0016115664
498070,0.75,0,50,49.999973,50.000027,7.9472766e-06,-7.1011559e-06,-8.4612066e-07,360,-0.0016115664
498170,0.75,0,50,49.999973,50.000027,7.9472748e-06,-7.1011564e-06,-8.4611861e-07,0,-0.0016115664
498270,0.75,0,50,49.999973,50.000027,7.9472766e-06,-7.1011559e-06,-8.4612066e-07,360,-0.0016115664
498370,0.75,0,50,49.999973,50.000027,7.9472748e-06,-7.1011564e-06,-8.4611861e-07,0,-0.0016115664
498470,0.75,0,50,49.999973,50.000027,7.9472766e-06,-7.1011559e-06,-8.4612066e-07,360,-0.0016115664
498570,0.75,0,50,49.999973,50.000027,7.9472748e-06,-7.1011564e-06,-8.4611861e-07,0,-0.0016115664
498670,0.75,0,50,49.999973,50.000027,7.9472766e-06,-7.1011559e-06,-8.4612066e-07,360,-0.0016115664
498770,0.75,0,50,49.999973,50.000027,7.9472748e-06,-7.1011564e-06,-8.4611861e-07,0,-0.0016115664
498870,0.75,0,50,49.999973,50.000027,7.9472766e-06,-7.1011559e-06,-8.4612066e-07,360,-0.0016115664
498970,0.75,0,50,49.999973,50.000027,7.9472748e-06,-7.1011564e-06,-8.4611861e-07,0,-0.0016115664
499070,0.75,0,50,49.999973,50.000027,7.9472766e-06,-7.1011559e-06,-8.4612066e-07,360,-0.0016115664
499170,0.75,0,50,49.999973,50.000027,7.9472748e-06,-7.1011564e-06,-8.4611861e-07,0,-0.0016115664
499270,0.75,0,50,49.999973,50.000027,7.9472766e-06,-7.1011559e-06,-8.4612066e-07,360,-0.0016115664
499370,0.75,0,50,49.999973,50.000027,7.9472748e-06,-7.1011564e-06,-8.4611861e-07,0,-0.0016115664
499470,0.75,0,50,49.999973,50.000027,7.9472766e-06,-7.1011559e-06,-8.4612066e-07,360,-0.0016115664
499570,0.75,0,50,49.999973,50.000027,7.9472748e-06,-7.1011564e-06,-8.4611861e-07,0,-0.0016115664
499670,0.75,0,50,49.999973,50.000027,7.9472766e-06,-7.1011559e-06,-8.4612066e-07,360,-0.0016115664
499770,0.75,0,50,49.999973,50.000027,7.9472748e-06,-7.1011564e-06,-8.4611861e-07,0,-0.0016115664
499870,0.75,0,50,49.999973,50.000027,7.9472766e-06,-7.1011559e-06,-8.4612066e-07,360,-0.0016115664
499970,0.75,0,50,49.999973,50.000027,7.9472748e-06,-7.1011564e-06,-8.4611861e-07,0,-0.0016115664
