time_us,duty_u,duty_v,duty_w,i_a,i_b,i_c,theta_e_rad,omega_e_rad_s,theta_m_rad,rpm_mech,vdc_v,iq_ref_a,id_meas_a,iq_meas_a
1358000,50.0000,50.0000,50.0000,0.00000,0.00000,-0.00000,0.00000,0.00000,0.0000,0.0,48.0000,0.0000,0.0000,0.0000
1359000,50.0000,50.0000,50.0000,0.00000,0.00000,-0.00000,0.00000,0.00000,0.0000,0.0,48.0000,0.0000,0.0000,0.0000
1360000,50.0000,50.0000,50.0000,0.00000,0.00000,-0.00000,0.00000,0.00000,0.0000,0.0,48.0000,0.0000,0.0000,0.0000
1361000,50.0000,50.0000,50.0000,0.00000,0.00000,-0.00000,0.00000,0.00000,0.0000,0.0,48.0000,0.0000,0.0000,0.0000
1362000,50.0000,50.0000,50.0000,0.00000,0.00000,-0.00000,0.00000,0.00000,0.0000,0.0,48.0000,0.0000,0.0000,0.0000
1363000,50.0000,50.0000,50.0000,0.00000,0.00000,-0.00000,0.00000,0.00000,0.0000,0.0,48.0000,0.0000,0.0000,0.0000
1364000,50.0000,50.0000,50.0000,0.00000,0.00000,-0.00000,0.00000,0.00000,0.0000,0.0,48.0000,0.0000,0.0000,0.0000
1365000,50.0000,50.0000,50.0000,0.00000,0.00000,-0.00000,0.00000,0.00000,0.0000,0.0,48.0000,0.0000,0.0000,0.0000
1366000,50.0000,50.0000,50.0000,0.00000,0.00000,-0.00000,0.00000,0.00000,0.0000,0.0,48.0000,0.0000,0.0000,0.0000
1367000,50.0000,50.0000,50.0000,0.00000,0.00000,-0.00000,0.00000,0.00000,0.0000,0.0,48.0000,0.0000,0.0000,0.0000
1368000,50.0000,50.0000,50.0000,0.00000,0.00000,-0.00000,0.00000,0.00000,0.0000,0.0,48.0000,0.0000,0.0000,0.0000
1369000,50.0000,50.0000,50.0000,0.00000,0.00000,-0.00000,0.00000,0.00000,0.0000,0.0,48.0000,0.0000,0.0000,0.0000
1370000,50.0000,50.0000,50.0000,0.00000,0.00000,-0.00000,0.00000,0.00000,0.0000,0.0,48.0000,0.0000,0.0000,0.0000
1371000,50.0000,50.0000,50.0000,0.00000,0.00000,-0.00000,0.00000,0.00000,0.0000,0.0,48.0000,0.0000,0.0000,0.0000
1372000,50.0000,50.0000,50.0000,0.00000,0.00000,-0.00000,0.00000,0.00000,0.0000,0.0,48.0000,0.0000,0.0000,0.0000
1373000,50.0000,50.0000,50.0000,0.00000,0.00000,-0.00000,0.00000,0.00000,0.0000,0.0,48.0000,0.0000,0.0000,0.0000
1374000,50.0000,50.0000,50.0000,0.00000,0.00000,-0.00000,0.00000,0.00000,0.0000,0.0,48.0000,0.0000,0.0000,0.0000
1375000,50.0000,50.0000,50.0000,0.00000,0.00000,-0.00000,0.00000,0.00000,0.0000,0.0,48.0000,0.0000,0.0000,0.0000
1376000,50.0000,50.0000,50.0000,0.00000,0.00000,-0.00000,0.00000,0.00000,0.0000,0.0,48.0000,0.0000,0.0000,0.0000
1377000,50.0000,50.0000,50.0000,0.00000,0.00000,-0.00000,0.00000,0.00000,0.0000,0.0,48.0000,0.0000,0.0000,0.0000
1378000,50.0000,50.0000,50.0000,0.00000,0.00000,-0.00000,0.00000,0.00000,0.0000,0.0,48.0000,0.0000,0.0000,0.0000
1379000,50.0000,50.0000,50.0000,0.00000,0.00000,-0.00000,0.00000,0.00000,0.0000,0.0,48.0000,0.0000,0.0000,0.0000
1380000,50.0000,50.0000,50.0000,0.00000,0.00000,-0.00000,0.00000,0.00000,0.0000,0.0,48.0000,0.0000,0.0000,0.0000
1381000,50.0000,50.0000,50.0000,0.00000,0.00000,-0.00000,0.00000,0.00000,0.0000,0.0,48.0000,0.0000,0.0000,0.0000
1382000,50.0000,50.0000,50.0000,0.00000,0.00000,-0.00000,0.00000,0.00000,0.0000,0.0,48.0000,0.0000,0.0000,0.0000
1383000,50.0000,50.0000,50.0000,0.00000,0.00000,-0.00000,0.00000,0.00000,0.0000,0.0,48.0000,0.0000,0.0000,0.0000
1384000,50.0000,50.0000,50.0000,0.00000,0.00000,-0.00000,0.00000,0.00000,0.0000,0.0,48.0000,0.0000,0.0000,0.0000
1385000,50.0000,50.0000,50.0000,0.00000,0.00000,-0.00000,0.00000,0.00000,0.0000,0.0,48.0000,0.0000,0.0000,0.0000
1386000,50.0000,50.0000,50.0000,0.00000,0.00000,-0.00000,0.00000,0.00000,0.0000,0.0,48.0000,0.0000,0.0000,0.0000
1387000,50.0000,50.0000,50.0000,0.00000,0.00000,-0.00000,0.00000,0.00000,0.0000,0.0,48.0000,0.0000,0.0000,0.0000
1388000,50.0000,50.0000,50.0000,0.00000,0.00000,-0.00000,0.00000,0.00000,0.0000,0.0,48.0000,0.0000,0.0000,0.0000
1389000,50.0000,50.0000,50.0000,0.00000,0.00000,-0.00000,0.00000,0.00000,0.0000,0.0,48.0000,0.0000,0.0000,0.0000
1390000,50.0000,50.0000,50.0000,0.00000,0.00000,-0.00000,0.00000,0.00000,0.0000,0.0,48.0000,0.0000,0.0000,0.0000
1391000,50.0000,50.0000,50.0000,0.00000,0.00000,-0.00000,0.00000,0.00000,0.0000,0.0,48.0000,0.0000,0.0000,0.0000
1392000,50.0000,50.0000,50.0000,0.00000,0.00000,-0.00000,0.00000,0.00000,0.0000,0.0,48.0000,0.0000,0.0000,0.0000
1393000,50.0000,50.0000,50.0000,0.00000,0.00000,-0.00000,0.00000,0.00000,0.0000,0.0,48.0000,0.0000,0.0000,0.0000
1394000,50.0000,50.0000,50.0000,0.00000,0.00000,-0.00000,0.00000,0.00000,0.0000,0.0,48.0000,0.0000,0.0000,0.0000
1395000,50.0000,50.0000,50.0000,0.00000,0.00000,-0.00000,0.00000,0.00000,0.0000,0.0,48.0000,0.0000,0.0000,0.0000
1396000,50.0000,50.0000,50.0000,0.00000,0.00000,-0.00000,0.00000,0.00000,0.0000,0.0,48.0000,0.0000,0.0000,0.0000
1397000,50.0000,50.0000,50.0000,0.00000,0.00000,-0.00000,0.00000,0.00000,0.0000,0.0,48.0000,0.0000,0.0000,0.0000
1398000,50.0000,50.0000,50.0000,0.00000,0.00000,-0.00000,0.00000,0.00000,0.0000,0.0,48.0000,0.0000,0.0000,0.0000
1399000,50.0000,50.0000,50.0000,0.00000,0.00000,-0.00000,0.00000,0.00000,0.0000,0.0,48.0000,0.0000,0.0000,0.0000
1400000,50.0000,50.0000,50.0000,0.00000,0.00000,-0.00000,0.00000,0.00000,0.0000,0.0,48.0000,0.0000,0.0000,0.0000
1401000,50.0000,50.0000,50.0000,0.00000,0.00000,-0.00000,0.00000,0.00000,0.0000,0.0,48.0000,0.0000,0.0000,0.0000
1402000,50.0000,50.0000,50.0000,0.00000,0.00000,-0.00000,0.00000,0.00000,0.0000,0.0,48.0000,0.0000,0.0000,0.0000
1403000,50.0000,50.0000,50.0000,0.00000,0.00000,-0.00000,0.00000,0.00000,0.0000,0.0,48.0000,0.0000,0.0000,0.0000
1404000,50.0000,50.0000,50.0000,0.00000,0.00000,-0.00000,0.00000,0.00000,0.0000,0.0,48.0000,0.0000,0.0000,0.0000
1405000,50.0000,50.0000,50.0000,0.00000,0.00000,-0.00000,0.00000,0.00000,0.0000,0.0,48.0000,0.0000,0.0000,0.0000
1406000,50.0000,50.0000,50.0000,0.00000,0.00000,-0.00000,0.00000,0.00000,0.0000,0.0,48.0000,0.0000,0.0000,0.0000
1407000,50.0000,50.0000,50.0000,0.00000,0.00000,-0.00000,0.00000,0.00000,0.0000,0.0,48.0000,0.0000,0.0000,0.0000
1408000,50.0000,50.0000,50.0000,0.00000,0.00000,-0.00000,0.00000,0.00000,0.0000,0.0,48.0000,0.0000,0.0000,0.0000
1409000,50.0000,50.0000,50.0000,0.00000,0.00000,-0.00000,0.00000,0.00000,0.0000,0.0,48.0000,0.0000,0.0000,0.0000
1410000,50.0000,50.0000,50.0000,0.00000,0.00000,-0.00000,0.00000,0.00000,0.0000,0.0,48.0000,0.0000,0.0000,0.0000
1411000,50.0000,50.0000,50.0000,0.00000,0.00000,-0.00000,0.00000,0.00000,0.0000,0.0,48.0000,0.0000,0.0000,0.0000
1412000,50.0000,50.0000,50.0000,0.00000,0.00000,-0.00000,0.00000,0.00000,0.0000,0.0,48.0000,0.0000,0.0000,0.0000
1413000,50.0000,50.0000,50.0000,0.00000,0.00000,-0.00000,0.00000,0.00000,0.0000,0.0,48.0000,0.0000,0.0000,0.0000
1414000,50.0000,50.0000,50.0000,0.00000,0.00000,-0.00000,0.00000,0.00000,0.0000,0.0,48.0000,0.0000,0.0000,0.0000
1415000,50.0000,50.0000,50.0000,0.00000,0.00000,-0.00000,0.00000,0.00000,0.0000,0.0,48.0000,0.0000,0.0000,0.0000
1416000,50.0000,50.0000,50.0000,0.00000,0.00000,-0.00000,0.00000,0.00000,0.0000,0.0,48.0000,0.0000,0.0000,0.0000
1417000,50.0000,50.0000,50.0000,0.00000,0.00000,-0.00000,0.00000,0.00000,0.0000,0.0,48.0000,0.0000,0.0000,0.0000
1418000,50.0000,50.0000,50.0000,0.00000,0.00000,-0.00000,0.00000,0.00000,0.0000,0.0,48.0000,0.0000,0.0000,0.0000
1419000,50.0000,50.0000,50.0000,0.00000,0.00000,-0.00000,0.00000,0.00000,0.0000,0.0,48.0000,0.0000,0.0000,0.0000
1420000,50.0000,50.0000,50.0000,0.00000,0.00000,-0.00000,0.00000,0.00000,0.0000,0.0,48.0000,0.0000,0.0000,0.0000
1421000,50.0000,50.0000,50.0000,0.00000,0.00000,-0.00000,0.00000,0.00000,0.0000,0.0,48.0000,0.0000,0.0000,0.0000
1422000,50.0000,50.0000,50.0000,0.00000,0.00000,-0.00000,0.00000,0.00000,0.0000,0.0,48.0000,0.0000,0.0000,0.0000
1423000,50.0000,50.0000,50.0000,0.00000,0.00000,-0.00000,0.00000,0.00000,0.0000,0.0,48.0000,0.0000,0.0000,0.0000
1424000,50.0000,50.0000,50.0000,0.00000,0.00000,-0.00000,0.00000,0.00000,0.0000,0.0,48.0000,0.0000,0.0000,0.0000
1425000,50.0000,50.0000,50.0000,0.00000,0.00000,-0.00000,0.00000,0.00000,0.0000,0.0,48.0000,0.0000,0.0000,0.0000
1426000,50.0000,50.0000,50.0000,0.00000,0.00000,-0.00000,0.00000,0.00000,0.0000,0.0,48.0000,0.0000,0.0000,0.0000
1427000,50.0000,50.0000,50.0000,0.00000,0.00000,-0.00000,0.00000,0.00000,0.0000,0.0,48.0000,0.0000,0.0000,0.0000
1428000,50.0000,50.0000,50.0000,0.00000,0.00000,-0.00000,0.00000,0.00000,0.0000,0.0,48.0000,0.0000,0.0000,0.0000
1429000,50.0000,50.0000,50.0000,0.00000,0.00000,-0.00000,0.00000,0.00000,0.0000,0.0,48.0000,0.0000,0.0000,0.0000
1430000,50.0000,50.0000,50.0000,0.00000,0.00000,-0.00000,0.00000,0.00000,0.0000,0.0,48.0000,0.0000,0.0000,0.0000
1431000,50.0000,50.0000,50.0000,0.00000,0.00000,-0.00000,0.00000,0.00000,0.0000,0.0,48.0000,0.0000,0.0000,0.0000
1432000,50.0000,50.0000,50.0000,0.00000,0.00000,-0.00000,0.00000,0.00000,0.0000,0.0,48.0000,0.0000,0.0000,0.0000
1433000,50.0000,50.0000,50.0000,0.00000,0.00000,-0.00000,0.00000,0.00000,0.0000,0.0,48.0000,0.0000,0.0000,0.0000
1434000,50.0000,50.0000,50.0000,0.00000,0.00000,-0.00000,0.00000,0.00000,0.0000,0.0,48.0000,0.0000,0.0000,0.0000
1435000,50.0000,50.0000,50.0000,0.00000,0.00000,-0.00000,0.00000,0.00000,0.0000,0.0,48.0000,0.0000,0.0000,0.0000
1436000,50.0000,50.0000,50.0000,0.00000,0.00000,-0.00000,0.00000,0.00000,0.0000,0.0,48.0000,0.0000,0.0000,0.0000
1437000,50.0000,50.0000,50.0000,0.00000,0.00000,-0.00000,0.00000,0.00000,0.0000,0.0,48.0000,0.0000,0.0000,0.0000
1438000,50.0000,50.0000,50.0000,0.00000,0.00000,-0.00000,0.00000,0.00000,0.0000,0.0,48.0000,0.0000,0.0000,0.0000
1439000,50.0000,50.0000,50.0000,0.00000,0.00000,-0.00000,0.00000,0.00000,0.0000,0.0,48.0000,0.0000,0.0000,0.0000
1440000,50.0000,50.0000,50.0000,0.00000,0.00000,-0.00000,0.00000,0.00000,0.0000,0.0,48.0000,0.0000,0.0000,0.0000
1441000,50.0000,50.0000,50.0000,0.00000,0.00000,-0.00000,0.00000,0.00000,0.0000,0.0,48.0000,0.0000,0.0000,0.0000
1442000,50.0000,50.0000,50.0000,0.00000,0.00000,-0.00000,0.00000,0.00000,0.0000,0.0,48.0000,0.0000,0.0000,0.0000
1443000,50.0000,50.0000,50.0000,0.00000,0.00000,-0.00000,0.00000,0.00000,0.0000,0.0,48.0000,0.0000,0.0000,0.0000
1444000,50.0000,50.0000,50.0000,0.00000,0.00000,-0.00000,0.00000,0.00000,0.0000,0.0,48.0000,0.0000,0.0000,0.0000
1445000,50.0000,50.0000,50.0000,0.00000,0.00000,-0.00000,0.00000,0.00000,0.0000,0.0,48.0000,0.0000,0.0000,0.0000
1446000,50.0000,50.0000,50.0000,0.00000,0.00000,-0.00000,0.00000,0.00000,0.0000,0.0,48.0000,0.0000,0.0000,0.0000
1447000,50.0000,50.0000,50.0000,0.00000,0.00000,-0.00000,0.00000,0.00000,0.0000,0.0,48.0000,0.0000,0.0000,0.0000
1448000,50.0000,50.0000,50.0000,0.00000,0.00000,-0.00000,0.00000,0.00000,0.0000,0.0,48.0000,0.0000,0.0000,0.0000
1449000,50.0000,50.0000,50.0000,0.00000,0.00000,-0.00000,0.00000,0.00000,0.0000,0.0,48.0000,0.0000,0.0000,0.0000
1450000,50.0000,50.0000,50.0000,0.00000,0.00000,-0.00000,0.00000,0.00000,0.0000,0.0,48.0000,0.0000,0.0000,0.0000
1451000,50.0000,50.0000,50.0000,0.00000,0.00000,-0.00000,0.00000,0.00000,0.0000,0.0,48.0000,0.0000,0.0000,0.0000
1452000,50.0000,50.0000,50.0000,0.00000,0.00000,-0.00000,0.00000,0.00000,0.0000,0.0,48.0000,0.0000,0.0000,0.0000
1453000,50.0000,50.0000,50.0000,0.00000,0.00000,-0.00000,0.00000,0.00000,0.0000,0.0,48.0000,0.0000,0.0000,0.0000
1454000,50.0000,50.0000,50.0000,0.00000,0.00000,-0.00000,0.00000,0.00000,0.0000,0.0,48.0000,0.0000,0.0000,0.0000
1455000,50.0000,50.0000,50.0000,0.00000,0.00000,-0.00000,0.00000,0.00000,0.0000,0.0,48.0000,0.0000,0.0000,0.0000
1456000,50.0000,50.0000,50.0000,0.00000,0.00000,-0.00000,0.00000,0.00000,0.0000,0.0,48.0000,0.0000,0.0000,0.0000
1457000,50.0000,50.0000,50.0000,0.00000,0.00000,-0.00000,0.00000,0.00000,0.0000,0.0,48.0000,0.0000,0.0000,0.0000
1458000,50.0000,50.0000,50.0000,0.00000,0.00000,-0.00000,0.00000,0.00000,0.0000,0.0,48.0000,0.0000,0.0000,0.0000
1459000,50.0000,50.0000,50.0000,0.00000,0.00000,-0.00000,0.00000,0.00000,0.0000,0.0,48.0000,0.0000,0.0000,0.0000
1460000,50.0000,50.0000,50.0000,0.00000,0.00000,-0.00000,0.00000,0.00000,0.0000,0.0,48.0000,0.0000,0.0000,0.0000
1461000,50.0000,50.0000,50.0000,0.00000,0.00000,-0.00000,0.00000,0.00000,0.0000,0.0,48.0000,0.0000,0.0000,0.0000
1462000,50.0000,50.0000,50.0000,0.00000,0.00000,-0.00000,0.00000,0.00000,0.0000,0.0,48.0000,0.0000,0.0000,0.0000
1463000,50.0000,50.0000,50.0000,0.00000,0.00000,-0.00000,0.00000,0.00000,0.0000,0.0,48.0000,0.0000,0.0000,0.0000
1464000,50.0000,50.0000,50.0000,0.00000,0.00000,-0.00000,0.00000,0.00000,0.0000,0.0,48.0000,0.0000,0.0000,0.0000
1465000,50.0000,50.0000,50.0000,0.00000,0.00000,-0.00000,0.00000,0.00000,0.0000,0.0,48.0000,0.0000,0.0000,0.0000
1466000,50.0000,50.0000,50.0000,0.00000,0.00000,-0.00000,0.00000,0.00000,0.0000,0.0,48.0000,0.0000,0.0000,0.0000
1467000,50.0000,50.0000,50.0000,0.00000,0.00000,-0.00000,0.00000,0.00000,0.0000,0.0,48.0000,0.0000,0.0000,0.0000
1468000,50.0000,50.0000,50.0000,0.00000,0.00000,-0.00000,0.00000,0.00000,0.0000,0.0,48.0000,0.0000,0.0000,0.0000
1469000,50.0000,50.0000,50.0000,0.00000,0.00000,-0.00000,0.00000,0.00000,0.0000,0.0,48.0000,0.0000,0.0000,0.0000
1470000,50.0000,50.0000,50.0000,0.00000,0.00000,-0.00000,0.00000,0.00000,0.0000,0.0,48.0000,0.0000,0.0000,0.0000
1471000,50.0000,50.0000,50.0000,0.00000,0.00000,-0.00000,0.00000,0.00000,0.0000,0.0,48.0000,0.0000,0.0000,0.0000
1472000,50.0000,50.0000,50.0000,0.00000,0.00000,-0.00000,0.00000,0.00000,0.0000,0.0,48.0000,0.0000,0.0000,0.0000
1473000,50.0000,50.0000,50.0000,0.00000,0.00000,-0.00000,0.00000,0.00000,0.0000,0.0,48.0000,0.0000,0.0000,0.0000
1474000,50.0000,50.0000,50.0000,0.00000,0.00000,-0.00000,0.00000,0.00000,0.0000,0.0,48.0000,0.0000,0.0000,0.0000
1475000,50.0000,50.0000,50.0000,0.00000,0.00000,-0.00000,0.00000,0.00000,0.0000,0.0,48.0000,0.0000,0.0000,0.0000
1476000,50.0000,50.0000,50.0000,0.00000,0.00000,-0.00000,0.00000,0.00000,0.0000,0.0,48.0000,0.0000,0.0000,0.0000
1477000,50.0000,50.0000,50.0000,0.00000,0.00000,-0.00000,0.00000,0.00000,0.0000,0.0,48.0000,0.0000,0.0000,0.0000
1478000,50.0000,50.0000,50.0000,0.00000,0.00000,-0.00000,0.00000,0.00000,0.0000,0.0,48.0000,0.0000,0.0000,0.0000
1479000,50.0000,50.0000,50.0000,0.00000,0.00000,-0.00000,0.00000,0.00000,0.0000,0.0,48.0000,0.0000,0.0000,0.0000
1480000,50.0000,50.0000,50.0000,0.00000,0.00000,-0.00000,0.00000,0.00000,0.0000,0.0,48.0000,0.0000,0.0000,0.0000
1481000,50.0000,50.0000,50.0000,0.00000,0.00000,-0.00000,0.00000,0.00000,0.0000,0.0,48.0000,0.0000,0.0000,0.0000
1482000,50.0000,50.0000,50.0000,0.00000,0.00000,-0.00000,0.00000,0.00000,0.0000,0.0,48.0000,0.0000,0.0000,0.0000
1483000,50.0000,50.0000,50.0000,0.00000,0.00000,-0.00000,0.00000,0.00000,0.0000,0.0,48.0000,0.0000,0.0000,0.0000
1484000,50.0000,50.0000,50.0000,0.00000,0.00000,-0.00000,0.00000,0.00000,0.0000,0.0,48.0000,0.0000,0.0000,0.0000
1485000,50.0000,50.0000,50.0000,0.00000,0.00000,-0.00000,0.00000,0.00000,0.0000,0.0,48.0000,0.0000,0.0000,0.0000
1486000,50.0000,50.0000,50.0000,0.00000,0.00000,-0.00000,0.00000,0.00000,0.0000,0.0,48.0000,0.0000,0.0000,0.0000
1487000,50.0000,50.0000,50.0000,0.00000,0.00000,-0.00000,0.00000,0.00000,0.0000,0.0,48.0000,0.0000,0.0000,0.0000
1488000,50.0000,50.0000,50.0000,0.00000,0.00000,-0.00000,0.00000,0.00000,0.0000,0.0,48.0000,0.0000,0.0000,0.0000
1489000,50.0000,50.0000,50.0000,0.00000,0.00000,-0.00000,0.00000,0.00000,0.0000,0.0,48.0000,0.0000,0.0000,0.0000
1490000,50.0000,50.0000,50.0000,0.00000,0.00000,-0.00000,0.00000,0.00000,0.0000,0.0,48.0000,0.0000,0.0000,0.0000
1491000,50.0000,50.0000,50.0000,0.00000,0.00000,-0.00000,0.00000,0.00000,0.0000,0.0,48.0000,0.0000,0.0000,0.0000
1492000,50.0000,50.0000,50.0000,0.00000,0.00000,-0.00000,0.00000,0.00000,0.0000,0.0,48.0000,0.0000,0.0000,0.0000
1493000,50.0000,50.0000,50.0000,0.00000,0.00000,-0.00000,0.00000,0.00000,0.0000,0.0,48.0000,0.0000,0.0000,0.0000
1494000,50.0000,50.0000,50.0000,0.00000,0.00000,-0.00000,0.00000,0.00000,0.0000,0.0,48.0000,0.0000,0.0000,0.0000
1495000,50.0000,50.0000,50.0000,0.00000,0.00000,-0.00000,0.00000,0.00000,0.0000,0.0,48.0000,0.0000,0.0000,0.0000
1496000,50.0000,50.0000,50.0000,0.00000,0.00000,-0.00000,0.00000,0.00000,0.0000,0.0,48.0000,0.0000,0.0000,0.0000
1497000,50.0000,50.0000,50.0000,0.00000,0.00000,-0.00000,0.00000,0.00000,0.0000,0.0,48.0000,0.0000,0.0000,0.0000
1498000,50.0000,50.0000,50.0000,0.00000,0.00000,-0.00000,0.00000,0.00000,0.0000,0.0,48.0000,0.0000,0.0000,0.0000
1499000,50.0000,50.0000,50.0000,0.00000,0.00000,-0.00000,0.00000,0.00000,0.0000,0.0,48.0000,0.0000,0.0000,0.0000
1500000,50.0000,50.0000,50.0000,0.00000,0.00000,-0.00000,0.00000,0.00000,0.0000,0.0,48.0000,0.0000,0.0000,0.0000
1501000,50.0000,50.0000,50.0000,0.00000,0.00000,-0.00000,0.00000,0.00000,0.0000,0.0,48.0000,0.0000,0.0000,0.0000
1502000,50.0000,50.0000,50.0000,0.00000,0.00000,-0.00000,0.00000,0.00000,0.0000,0.0,48.0000,0.0000,0.0000,0.0000
1503000,50.0000,50.0000,50.0000,0.00000,0.00000,-0.00000,0.00000,0.00000,0.0000,0.0,48.0000,0.0000,0.0000,0.0000
1504000,50.0000,50.0000,50.0000,0.00000,0.00000,-0.00000,0.00000,0.00000,0.0000,0.0,48.0000,0.0000,0.0000,0.0000
1505000,50.0000,50.0000,50.0000,0.00000,0.00000,-0.00000,0.00000,0.00000,0.0000,0.0,48.0000,0.0000,0.0000,0.0000
1506000,50.0000,50.0000,50.0000,0.00000,0.00000,-0.00000,0.00000,0.00000,0.0000,0.0,48.0000,0.0000,0.0000,0.0000
1507000,50.0000,50.0000,50.0000,0.00000,0.00000,-0.00000,0.00000,0.00000,0.0000,0.0,48.0000,0.0000,0.0000,0.0000
1508000,50.0000,50.0000,50.0000,0.00000,0.00000,-0.00000,0.00000,0.00000,0.0000,0.0,48.0000,0.0000,0.0000,0.0000
1509000,50.0000,50.0000,50.0000,0.00000,0.00000,-0.00000,0.00000,0.00000,0.0000,0.0,48.0000,0.0000,0.0000,0.0000
1510000,50.0000,50.0000,50.0000,0.00000,0.00000,-0.00000,0.00000,0.00000,0.0000,0.0,48.0000,0.0000,0.0000,0.0000
1511000,50.0000,50.0000,50.0000,0.00000,0.00000,-0.00000,0.00000,0.00000,0.0000,0.0,48.0000,0.0000,0.0000,0.0000
1512000,50.0000,50.0000,50.0000,0.00000,0.00000,-0.00000,0.00000,0.00000,0.0000,0.0,48.0000,0.0000,0.0000,0.0000
1513000,50.0000,50.0000,50.0000,0.00000,0.00000,-0.00000,0.00000,0.00000,0.0000,0.0,48.0000,0.0000,0.0000,0.0000
1514000,50.0000,50.0000,50.0000,0.00000,0.00000,-0.00000,0.00000,0.00000,0.0000,0.0,48.0000,0.0000,0.0000,0.0000
1515000,50.0000,50.0000,50.0000,0.00000,0.00000,-0.00000,0.00000,0.00000,0.0000,0.0,48.0000,0.0000,0.0000,0.0000
1516000,50.0000,50.0000,50.0000,0.00000,0.00000,-0.00000,0.00000,0.00000,0.0000,0.0,48.0000,0.0000,0.0000,0.0000
1517000,50.0000,50.0000,50.0000,0.00000,0.00000,-0.00000,0.00000,0.00000,0.0000,0.0,48.0000,0.0000,0.0000,0.0000
1518000,50.0000,50.0000,50.0000,0.00000,0.00000,-0.00000,0.00000,0.00000,0.0000,0.0,48.0000,0.0000,0.0000,0.0000
1519000,50.0000,50.0000,50.0000,0.00000,0.00000,-0.00000,0.00000,0.00000,0.0000,0.0,48.0000,0.0000,0.0000,0.0000
1520000,50.0000,50.0000,50.0000,0.00000,0.00000,-0.00000,0.00000,0.00000,0.0000,0.0,48.0000,0.0000,0.0000,0.0000
1521000,50.0000,50.0000,50.0000,0.00000,0.00000,-0.00000,0.00000,0.00000,0.0000,0.0,48.0000,0.0000,0.0000,0.0000
1522000,50.0000,50.0000,50.0000,0.00000,0.00000,-0.00000,0.00000,0.00000,0.0000,0.0,48.0000,0.0000,0.0000,0.0000
1523000,50.0000,50.0000,50.0000,0.00000,0.00000,-0.00000,0.00000,0.00000,0.0000,0.0,48.0000,0.0000,0.0000,0.0000
1524000,50.0000,50.0000,50.0000,0.00000,0.00000,-0.00000,0.00000,0.00000,0.0000,0.0,48.0000,0.0000,0.0000,0.0000
1525000,50.0000,50.0000,50.0000,0.00000,0.00000,-0.00000,0.00000,0.00000,0.0000,0.0,48.0000,0.0000,0.0000,0.0000
1526000,50.0000,50.0000,50.0000,0.00000,0.00000,-0.00000,0.00000,0.00000,0.0000,0.0,48.0000,0.0000,0.0000,0.0000
1527000,50.0000,50.0000,50.0000,0.00000,0.00000,-0.00000,0.00000,0.00000,0.0000,0.0,48.0000,0.0000,0.0000,0.0000
1528000,50.0000,50.0000,50.0000,0.00000,0.00000,-0.00000,0.00000,0.00000,0.0000,0.0,48.0000,0.0000,0.0000,0.0000
1529000,50.0000,50.0000,50.0000,0.00000,0.00000,-0.00000,0.00000,0.00000,0.0000,0.0,48.0000,0.0000,0.0000,0.0000
1530000,50.0000,50.0000,50.0000,0.00000,0.00000,-0.00000,0.00000,0.00000,0.0000,0.0,48.0000,0.0000,0.0000,0.0000
1531000,50.0000,50.0000,50.0000,0.00000,0.00000,-0.00000,0.00000,0.00000,0.0000,0.0,48.0000,0.0000,0.0000,0.0000
1532000,50.0000,50.0000,50.0000,0.00000,0.00000,-0.00000,0.00000,0.00000,0.0000,0.0,48.0000,0.0000,0.0000,0.0000
1533000,50.0000,50.0000,50.0000,0.00000,0.00000,-0.00000,0.00000,0.00000,0.0000,0.0,48.0000,0.0000,0.0000,0.0000
1534000,50.0000,50.0000,50.0000,0.00000,0.00000,-0.00000,0.00000,0.00000,0.0000,0.0,48.0000,0.0000,0.0000,0.0000
1535000,50.0000,50.0000,50.0000,0.00000,0.00000,-0.00000,0.00000,0.00000,0.0000,0.0,48.0000,0.0000,0.0000,0.0000
1536000,50.0000,50.0000,50.0000,0.00000,0.00000,-0.00000,0.00000,0.00000,0.0000,0.0,48.0000,0.0000,0.0000,0.0000
1537000,50.0000,50.0000,50.0000,0.00000,0.00000,-0.00000,0.00000,0.00000,0.0000,0.0,48.0000,0.0000,0.0000,0.0000
1538000,50.0000,50.0000,50.0000,0.00000,0.00000,-0.00000,0.00000,0.00000,0.0000,0.0,48.0000,0.0000,0.0000,0.0000
1539000,50.0000,50.0000,50.0000,0.00000,0.00000,-0.00000,0.00000,0.00000,0.0000,0.0,48.0000,0.0000,0.0000,0.0000
1540000,50.0000,50.0000,50.0000,0.00000,0.00000,-0.00000,0.00000,0.00000,0.0000,0.0,48.0000,0.0000,0.0000,0.0000
1541000,50.0000,50.0000,50.0000,0.00000,0.00000,-0.00000,0.00000,0.00000,0.0000,0.0,48.0000,0.0000,0.0000,0.0000
1542000,50.0000,50.0000,50.0000,0.00000,0.00000,-0.00000,0.00000,0.00000,0.0000,0.0,48.0000,0.0000,0.0000,0.0000
1543000,50.0000,50.0000,50.0000,0.00000,0.00000,-0.00000,0.00000,0.00000,0.0000,0.0,48.0000,0.0000,0.0000,0.0000
1544000,50.0000,50.0000,50.0000,0.00000,0.00000,-0.00000,0.00000,0.00000,0.0000,0.0,48.0000,0.0000,0.0000,0.0000
1545000,50.0000,50.0000,50.0000,0.00000,0.00000,-0.00000,0.00000,0.00000,0.0000,0.0,48.0000,0.0000,0.0000,0.0000
1546000,50.0000,50.0000,50.0000,0.00000,0.00000,-0.00000,0.00000,0.00000,0.0000,0.0,48.0000,0.0000,0.0000,0.0000
1547000,50.0000,50.0000,50.0000,0.00000,0.00000,-0.00000,0.00000,0.00000,0.0000,0.0,48.0000,0.0000,0.0000,0.0000
1548000,50.0000,50.0000,50.0000,0.00000,0.00000,-0.00000,0.00000,0.00000,0.0000,0.0,48.0000,0.0000,0.0000,0.0000
1549000,50.0000,50.0000,50.0000,0.00000,0.00000,-0.00000,0.00000,0.00000,0.0000,0.0,48.0000,0.0000,0.0000,0.0000
1550000,50.0000,50.0000,50.0000,0.00000,0.00000,-0.00000,0.00000,0.00000,0.0000,0.0,48.0000,0.0000,0.0000,0.0000
1551000,50.0000,50.0000,50.0000,0.00000,0.00000,-0.00000,0.00000,0.00000,0.0000,0.0,48.0000,0.0000,0.0000,0.0000
1552000,50.0000,50.0000,50.0000,0.00000,0.00000,-0.00000,0.00000,0.00000,0.0000,0.0,48.0000,0.0000,0.0000,0.0000
1553000,50.0000,50.0000,50.0000,0.00000,0.00000,-0.00000,0.00000,0.00000,0.0000,0.0,48.0000,0.0000,0.0000,0.0000
1554000,50.0000,50.0000,50.0000,0.00000,0.00000,-0.00000,0.00000,0.00000,0.0000,0.0,48.0000,0.0000,0.0000,0.0000
1555000,50.0000,50.0000,50.0000,0.00000,0.00000,-0.00000,0.00000,0.00000,0.0000,0.0,48.0000,0.0000,0.0000,0.0000
1556000,50.0000,50.0000,50.0000,0.00000,0.00000,-0.00000,0.00000,0.00000,0.0000,0.0,48.0000,0.0000,0.0000,0.0000
1557000,50.0000,50.0000,50.0000,0.00000,0.00000,-0.00000,0.00000,0.00000,0.0000,0.0,48.0000,0.0000,0.0000,0.0000
1558000,50.0000,50.0000,50.0000,0.00000,0.00000,-0.00000,0.00000,0.00000,0.0000,0.0,48.0000,0.0000,0.0000,0.0000
1559000,50.0000,50.0000,50.0000,0.00000,0.00000,-0.00000,0.00000,0.00000,0.0000,0.0,48.0000,0.0000,0.0000,0.0000
1560000,50.0000,50.0000,50.0000,0.00000,0.00000,-0.00000,0.00000,0.00000,0.0000,0.0,48.0000,0.0000,0.0000,0.0000
1561000,50.0000,50.0000,50.0000,0.00000,0.00000,-0.00000,0.00000,0.00000,0.0000,0.0,48.0000,0.0000,0.0000,0.0000
1562000,50.0000,50.0000,50.0000,0.00000,0.00000,-0.00000,0.00000,0.00000,0.0000,0.0,48.0000,0.0000,0.0000,0.0000
1563000,50.0000,50.0000,50.0000,0.00000,0.00000,-0.00000,0.00000,0.00000,0.0000,0.0,48.0000,0.0000,0.0000,0.0000
1564000,50.0000,50.0000,50.0000,0.00000,0.00000,-0.00000,0.00000,0.00000,0.0000,0.0,48.0000,0.0000,0.0000,0.0000
1565000,50.0000,50.0000,50.0000,0.00000,0.00000,-0.00000,0.00000,0.00000,0.0000,0.0,48.0000,0.0000,0.0000,0.0000
1566000,50.0000,50.0000,50.0000,0.00000,0.00000,-0.00000,0.00000,0.00000,0.0000,0.0,48.0000,0.0000,0.0000,0.0000
1567000,50.0000,50.0000,50.0000,0.00000,0.00000,-0.00000,0.00000,0.00000,0.0000,0.0,48.0000,0.0000,0.0000,0.0000
1568000,50.0000,50.0000,50.0000,0.00000,0.00000,-0.00000,0.00000,0.00000,0.0000,0.0,48.0000,0.0000,0.0000,0.0000
1569000,50.0000,50.0000,50.0000,0.00000,0.00000,-0.00000,0.00000,0.00000,0.0000,0.0,48.0000,0.0000,0.0000,0.0000
1570000,50.0000,50.0000,50.0000,0.00000,0.00000,-0.00000,0.00000,0.00000,0.0000,0.0,48.0000,0.0000,0.0000,0.0000
1571000,50.0000,50.0000,50.0000,0.00000,0.00000,-0.00000,0.00000,0.00000,0.0000,0.0,48.0000,0.0000,0.0000,0.0000
1572000,50.0000,50.0000,50.0000,0.00000,0.00000,-0.00000,0.00000,0.00000,0.0000,0.0,48.0000,0.0000,0.0000,0.0000
1573000,50.0000,50.0000,50.0000,0.00000,0.00000,-0.00000,0.00000,0.00000,0.0000,0.0,48.0000,0.0000,0.0000,0.0000
1574000,50.0000,50.0000,50.0000,0.00000,0.00000,-0.00000,0.00000,0.00000,0.0000,0.0,48.0000,0.0000,0.0000,0.0000
1575000,50.0000,50.0000,50.0000,0.00000,0.00000,-0.00000,0.00000,0.00000,0.0000,0.0,48.0000,0.0000,0.0000,0.0000
1576000,50.0000,50.0000,50.0000,0.00000,0.00000,-0.00000,0.00000,0.00000,0.0000,0.0,48.0000,0.0000,0.0000,0.0000
1577000,50.0000,50.0000,50.0000,0.00000,0.00000,-0.00000,0.00000,0.00000,0.0000,0.0,48.0000,0.0000,0.0000,0.0000
1578000,50.0000,50.0000,50.0000,0.00000,0.00000,-0.00000,0.00000,0.00000,0.0000,0.0,48.0000,0.0000,0.0000,0.0000
1579000,50.0000,50.0000,50.0000,0.00000,0.00000,-0.00000,0.00000,0.00000,0.0000,0.0,48.0000,0.0000,0.0000,0.0000
1580000,50.0000,50.0000,50.0000,0.00000,0.00000,-0.00000,0.00000,0.00000,0.0000,0.0,48.0000,0.0000,0.0000,0.0000
1581000,50.0000,50.0000,50.0000,0.00000,0.00000,-0.00000,0.00000,0.00000,0.0000,0.0,48.0000,0.0000,0.0000,0.0000
1582000,50.0000,50.0000,50.0000,0.00000,0.00000,-0.00000,0.00000,0.00000,0.0000,0.0,48.0000,0.0000,0.0000,0.0000
1583000,50.0000,50.0000,50.0000,0.00000,0.00000,-0.00000,0.00000,0.00000,0.0000,0.0,48.0000,0.0000,0.0000,0.0000
1584000,50.0000,50.0000,50.0000,0.00000,0.00000,-0.00000,0.00000,0.00000,0.0000,0.0,48.0000,0.0000,0.0000,0.0000
1585000,50.0000,50.0000,50.0000,0.00000,0.00000,-0.00000,0.00000,0.00000,0.0000,0.0,48.0000,0.0000,0.0000,0.0000
1586000,50.0000,50.0000,50.0000,0.00000,0.00000,-0.00000,0.00000,0.00000,0.0000,0.0,48.0000,0.0000,0.0000,0.0000
1587000,50.0000,50.0000,50.0000,0.00000,0.00000,-0.00000,0.00000,0.00000,0.0000,0.0,48.0000,0.0000,0.0000,0.0000
1588000,50.0000,50.0000,50.0000,0.00000,0.00000,-0.00000,0.00000,0.00000,0.0000,0.0,48.0000,0.0000,0.0000,0.0000
1589000,50.0000,50.0000,50.0000,0.00000,0.00000,-0.00000,0.00000,0.00000,0.0000,0.0,48.0000,0.0000,0.0000,0.0000
1590000,50.0000,50.0000,50.0000,0.00000,0.00000,-0.00000,0.00000,0.00000,0.0000,0.0,48.0000,0.0000,0.0000,0.0000
1591000,50.0000,50.0000,50.0000,0.00000,0.00000,-0.00000,0.00000,0.00000,0.0000,0.0,48.0000,0.0000,0.0000,0.0000
1592000,50.0000,50.0000,50.0000,0.00000,0.00000,-0.00000,0.00000,0.00000,0.0000,0.0,48.0000,0.0000,0.0000,0.0000
1593000,50.0000,50.0000,50.0000,0.00000,0.00000,-0.00000,0.00000,0.00000,0.0000,0.0,48.0000,0.0000,0.0000,0.0000
1594000,50.0000,50.0000,50.0000,0.00000,0.00000,-0.00000,0.00000,0.00000,0.0000,0.0,48.0000,0.0000,0.0000,0.0000
1595000,50.0000,50.0000,50.0000,0.00000,0.00000,-0.00000,0.00000,0.00000,0.0000,0.0,48.0000,0.0000,0.0000,0.0000
1596000,50.0000,50.0000,50.0000,0.00000,0.00000,-0.00000,0.00000,0.00000,0.0000,0.0,48.0000,0.0000,0.0000,0.0000
1597000,50.0000,50.0000,50.0000,0.00000,0.00000,-0.00000,0.00000,0.00000,0.0000,0.0,48.0000,0.0000,0.0000,0.0000
1598000,50.0000,50.0000,50.0000,0.00000,0.00000,-0.00000,0.00000,0.00000,0.0000,0.0,48.0000,0.0000,0.0000,0.0000
1599000,50.0000,50.0000,50.0000,0.00000,0.00000,-0.00000,0.00000,0.00000,0.0000,0.0,48.0000,0.0000,0.0000,0.0000
1710000,50.0000,50.0000,50.0000,0.00000,0.00000,-0.00000,0.00000,0.00000,0.0000,0.0,48.0000,0.0000,0.0000,0.0000
1711000,50.0000,50.0000,49.9982,0.00279,0.01869,-0.02149,0.00000,0.00152,0.0000,0.0,48.0000,0.0500,-0.0027,0.0837
1712000,49.9982,50.0073,49.9909,-0.01619,0.02281,-0.00662,0.00000,0.00269,0.0000,0.0,48.0000,0.1000,-0.0027,0.0837
1713000,50.0000,50.0145,49.9836,-0.00753,0.06213,-0.05460,0.00001,0.00617,0.0000,0.0,48.0000,0.1500,-0.0027,0.0837
1714000,50.0000,50.0236,49.9745,-0.00227,0.11628,-0.11400,0.00002,0.01447,0.0000,0.0,48.0000,0.2000,-0.0027,0.0837
1715000,50.0000,50.0182,49.9800,0.00092,0.14100,-0.14192,0.00004,0.02720,0.0000,0.0,48.0000,0.2500,-0.0053,0.1673
1716000,49.9909,50.0091,49.9891,-0.01219,0.15745,-0.14526,0.00007,0.04190,0.0000,0.1,48.0000,0.3000,0.0631,0.2951
1717000,50.0000,50.0218,49.9764,-0.00885,0.16616,-0.15731,0.00012,0.05659,0.0000,0.1,48.0000,0.3500,-0.0080,0.2510
1718000,50.0000,50.0309,49.9673,-0.00308,0.20382,-0.20074,0.00019,0.07401,0.0000,0.1,48.0000,0.4000,-0.0079,0.2510
1719000,50.0018,50.0400,49.9582,0.00344,0.25841,-0.26185,0.00027,0.09627,0.0000,0.1,48.0000,0.4500,-0.0079,0.2510
1720000,49.9909,50.0291,49.9691,-0.00909,0.26807,-0.25899,0.00038,0.12165,0.0001,0.2,48.0000,0.5000,0.0606,0.3787
1721000,50.0000,50.0455,49.9527,-0.01561,0.30808,-0.29247,0.00051,0.14827,0.0001,0.2,48.0000,0.5500,-0.0105,0.3346
1722000,50.0018,50.0418,49.9564,-0.00424,0.34071,-0.33647,0.00068,0.17963,0.0001,0.2,48.0000,0.6000,-0.0130,0.4183
1723000,50.0018,50.0509,49.9473,0.00431,0.37573,-0.38004,0.00087,0.21402,0.0001,0.3,48.0000,0.6500,-0.0129,0.4183
1724000,49.9927,50.0418,49.9564,-0.00554,0.39172,-0.38618,0.00111,0.25170,0.0002,0.3,48.0000,0.7000,0.0557,0.5460
1725000,50.0018,50.0564,49.9418,-0.00886,0.41826,-0.40939,0.00138,0.28984,0.0002,0.4,48.0000,0.7500,-0.0153,0.5020
1726000,50.0018,50.0655,49.9327,0.00153,0.47146,-0.47299,0.00169,0.33243,0.0002,0.5,48.0000,0.8000,-0.0152,0.5020
1727000,49.9927,50.0582,49.9400,-0.00266,0.49804,-0.49538,0.00204,0.37961,0.0003,0.5,48.0000,0.8500,0.0536,0.6297
1728000,50.0018,50.0727,49.9255,-0.01210,0.53525,-0.52315,0.00245,0.42857,0.0003,0.6,48.0000,0.9000,-0.0173,0.5857
1729000,50.0018,50.0709,49.9273,-0.00038,0.56186,-0.56148,0.00290,0.48123,0.0004,0.7,48.0000,0.9500,-0.0195,0.6693
1730000,49.9927,50.0745,49.9236,0.00226,0.59993,-0.60219,0.00341,0.53718,0.0005,0.7,48.0000,1.0000,0.0521,0.7132
1731000,49.9927,50.0727,49.9255,-0.01453,0.61070,-0.59617,0.00398,0.59508,0.0006,0.8,48.0000,1.0500,0.0502,0.7969
1732000,50.0018,50.0873,49.9109,-0.00180,0.65334,-0.65154,0.00460,0.65526,0.0007,0.9,48.0000,1.1000,-0.0207,0.7530
1733000,50.0036,50.0873,49.9109,0.00983,0.69464,-0.70447,0.00529,0.72067,0.0008,1.0,48.0000,1.1500,-0.0224,0.8367
1734000,49.9927,50.0909,49.9073,-0.00976,0.71712,-0.70736,0.00604,0.78807,0.0009,1.1,48.0000,1.2000,0.0495,0.8805
1735000,50.0036,50.1073,49.8909,-0.00136,0.77677,-0.77541,0.00687,0.85909,0.0010,1.2,48.0000,1.2500,-0.0211,0.8367
1736000,49.9945,50.1000,49.8982,0.00482,0.80138,-0.80619,0.00776,0.93475,0.0011,1.3,48.0000,1.3000,0.0489,0.9641
1737000,49.9927,50.0982,49.9000,-0.01259,0.82323,-0.81064,0.00874,1.01278,0.0012,1.4,48.0000,1.3500,0.0480,1.0477
1738000,50.0018,50.1145,49.8836,-0.00018,0.85796,-0.85778,0.00979,1.09272,0.0014,1.5,48.0000,1.4000,-0.0225,1.0042
1739000,50.0036,50.1255,49.8727,0.00961,0.91465,-0.92426,0.01092,1.17763,0.0016,1.6,48.0000,1.4500,-0.0214,1.0042
1740000,49.9927,50.1164,49.8818,-0.00927,0.92617,-0.91690,0.01215,1.26541,0.0017,1.7,48.0000,1.5000,0.0497,1.1312
1741000,50.0018,50.1345,49.8636,-0.00144,0.98015,-0.97872,0.01346,1.35594,0.0019,1.8,48.0000,1.5500,-0.0204,1.0879
1742000,49.9927,50.1273,49.8709,0.00178,1.00395,-1.00573,0.01486,1.45080,0.0021,2.0,48.0000,1.6000,0.0511,1.2148
1743000,49.9909,50.1382,49.8600,-0.01647,1.04637,-1.02989,0.01636,1.54812,0.0023,2.1,48.0000,1.6500,0.0530,1.2147
1744000,50.0000,50.1436,49.8545,-0.00600,1.07520,-1.06920,0.01796,1.64863,0.0026,2.2,48.0000,1.7000,-0.0181,1.2554
1745000,50.0000,50.1545,49.8436,0.00068,1.12946,-1.13015,0.01966,1.75356,0.0028,2.4,48.0000,1.7500,-0.0161,1.2554
1746000,49.9909,50.1473,49.8509,-0.00042,1.14972,-1.14930,0.02146,1.86228,0.0031,2.5,48.0000,1.8000,0.0570,1.3818
1747000,49.9982,50.1655,49.8327,-0.01147,1.19817,-1.18670,0.02338,1.97336,0.0033,2.7,48.0000,1.8500,-0.0122,1.3392
1748000,49.9982,50.1636,49.8345,-0.00611,1.22343,-1.21732,0.02541,2.08810,0.0036,2.8,48.0000,1.9000,-0.0104,1.4229
1749000,49.9964,50.1764,49.8218,-0.00540,1.27907,-1.27367,0.02756,2.20687,0.0039,3.0,48.0000,1.9500,-0.0074,1.4229
1750000,49.9964,50.1764,49.8218,-0.00602,1.30533,-1.29930,0.02983,2.32939,0.0043,3.2,48.0000,2.0000,-0.0044,1.5066
1751000,49.9945,50.1745,49.8236,-0.00883,1.33630,-1.32747,0.03222,2.45517,0.0046,3.3,48.0000,2.0500,-0.0010,1.5903
1752000,49.9927,50.1873,49.8109,-0.01256,1.36973,-1.35717,0.03474,2.58312,0.0050,3.5,48.0000,2.1000,0.0030,1.5903
1753000,49.9927,50.1982,49.8000,-0.01761,1.42842,-1.41081,0.03739,2.71526,0.0053,3.7,48.0000,2.1500,0.0070,1.5903
1754000,49.9909,50.1982,49.8000,-0.02371,1.45828,-1.43457,0.04017,2.85119,0.0057,3.9,48.0000,2.2000,0.0120,1.6740
1755000,49.9891,50.1982,49.8000,-0.03113,1.49536,-1.46423,0.04309,2.99066,0.0062,4.1,48.0000,2.2500,0.0175,1.7576
1756000,49.9855,50.2109,49.7873,-0.04110,1.53236,-1.49127,0.04615,3.13241,0.0066,4.3,48.0000,2.3000,0.0227,1.7576
1757000,49.9836,50.2109,49.7873,-0.05169,1.57407,-1.52238,0.04936,3.27807,0.0071,4.5,48.0000,2.3500,0.0297,1.8412
1758000,49.9800,50.2218,49.7764,-0.06439,1.61492,-1.55053,0.05271,3.42640,0.0075,4.7,48.0000,2.4000,0.0356,1.8411
1759000,49.9782,50.2218,49.7764,-0.07718,1.64198,-1.56479,0.05621,3.57769,0.0080,4.9,48.0000,2.4500,0.0439,1.9246
1760000,49.9836,50.2400,49.7582,-0.07770,1.69888,-1.62117,0.05986,3.73200,0.0086,5.1,48.0000,2.5000,-0.0231,1.8845
1761000,49.9818,50.2400,49.7582,-0.07418,1.73925,-1.66508,0.06368,3.89160,0.0091,5.3,48.0000,2.5500,-0.0132,1.9683
1762000,49.9782,50.2418,49.7564,-0.07868,1.78865,-1.70996,0.06765,4.05532,0.0097,5.5,48.0000,2.6000,-0.0031,2.0520
1763000,49.9745,50.2527,49.7455,-0.08626,1.82196,-1.73570,0.07179,4.22214,0.0103,5.8,48.0000,2.6500,0.0054,2.0520
1764000,49.9709,50.2545,49.7436,-0.09894,1.85524,-1.75630,0.07609,4.39212,0.0109,6.0,48.0000,2.7000,0.0174,2.1355
1765000,49.9673,50.2655,49.7327,-0.11476,1.90021,-1.78545,0.08057,4.56456,0.0115,6.2,48.0000,2.7500,0.0267,2.1355
1766000,49.9618,50.2673,49.7309,-0.13315,1.94063,-1.80748,0.08522,4.74081,0.0122,6.5,48.0000,2.8000,0.0408,2.2189
1767000,49.9564,50.2800,49.7182,-0.15492,1.99244,-1.83752,0.09005,4.91985,0.0129,6.7,48.0000,2.8500,0.0515,2.2187
1768000,49.9618,50.2855,49.7127,-0.16321,2.02807,-1.86487,0.09507,5.10197,0.0136,7.0,48.0000,2.9000,-0.0076,2.2646
1769000,49.9564,50.2982,49.7000,-0.17133,2.09642,-1.92508,0.10026,5.28900,0.0143,7.2,48.0000,2.9500,0.0038,2.2646
1770000,49.9509,50.2873,49.7109,-0.18622,2.12547,-1.93924,0.10564,5.48034,0.0151,7.5,48.0000,3.0000,0.0277,2.4315
1771000,49.9436,50.3000,49.6982,-0.20691,2.15004,-1.94313,0.11122,5.67286,0.0159,7.7,48.0000,3.0500,0.0411,2.4313
1772000,49.9364,50.3127,49.6855,-0.23366,2.21105,-1.97739,0.11699,5.86852,0.0167,8.0,48.0000,3.1000,0.0545,2.4311
1773000,49.9400,50.3182,49.6800,-0.24336,2.26091,-2.01755,0.12296,6.06884,0.0176,8.3,48.0000,3.1500,0.0005,2.4788
1774000,49.9327,50.3200,49.6782,-0.25899,2.30144,-2.04245,0.12913,6.27317,0.0184,8.6,48.0000,3.2000,0.0231,2.5620
1775000,49.9255,50.3327,49.6655,-0.28265,2.35381,-2.07116,0.13551,6.48034,0.0194,8.8,48.0000,3.2500,0.0390,2.5618
1776000,49.9164,50.3327,49.6655,-0.31391,2.40230,-2.08840,0.14209,6.69176,0.0203,9.1,48.0000,3.3000,0.0644,2.6448
1777000,49.9182,50.3400,49.6582,-0.32983,2.44854,-2.11871,0.14889,6.90649,0.0213,9.4,48.0000,3.3500,0.0147,2.6941
1778000,49.9073,50.3527,49.6455,-0.35222,2.49844,-2.14622,0.15591,7.12436,0.0223,9.7,48.0000,3.4000,0.0333,2.6939
1779000,49.8982,50.3527,49.6455,-0.38413,2.53711,-2.15298,0.16314,7.34570,0.0233,10.0,48.0000,3.4500,0.0631,2.7766
1780000,49.8982,50.3582,49.6400,-0.40063,2.59688,-2.19625,0.17060,7.57074,0.0244,10.3,48.0000,3.5000,0.0173,2.8273
1781000,49.8873,50.3709,49.6273,-0.42957,2.64490,-2.21533,0.17828,7.79944,0.0255,10.6,48.0000,3.5500,0.0381,2.8271
1782000,49.8855,50.3782,49.6200,-0.46103,2.67713,-2.21609,0.18620,8.03043,0.0266,11.0,48.0000,3.6000,-0.0052,2.8789
1783000,49.8745,50.3909,49.6073,-0.48609,2.75028,-2.26418,0.19434,8.26557,0.0278,11.3,48.0000,3.6500,0.0179,2.8788
1784000,49.8636,50.3782,49.6200,-0.52164,2.78532,-2.26369,0.20273,8.50500,0.0290,11.6,48.0000,3.7000,0.0694,3.0437
1785000,49.8582,50.3964,49.6018,-0.55668,2.82207,-2.26539,0.21135,8.74576,0.0302,11.9,48.0000,3.7500,0.0159,3.0144
1786000,49.8473,50.3964,49.6018,-0.59203,2.88603,-2.29400,0.22022,8.99071,0.0315,12.3,48.0000,3.8000,0.0575,3.0964
1787000,49.8400,50.4145,49.5836,-0.62884,2.94369,-2.31485,0.22934,9.23935,0.0328,12.6,48.0000,3.8500,0.0061,3.0685
1788000,49.8273,50.4145,49.5836,-0.66463,2.98443,-2.31981,0.23870,9.49153,0.0341,12.9,48.0000,3.9000,0.0511,3.1504
1789000,49.8218,50.4200,49.5782,-0.70490,3.04017,-2.33527,0.24832,9.74739,0.0355,13.3,48.0000,3.9500,0.0186,3.2058
1790000,49.8073,50.4200,49.5782,-0.74473,3.09105,-2.34632,0.25820,10.00693,0.0369,13.7,48.0000,4.0000,0.0678,3.2872
1791000,49.7982,50.4382,49.5600,-0.77999,3.14226,-2.36227,0.26834,10.26935,0.0383,14.0,48.0000,4.0500,0.0202,3.2622
1792000,49.7818,50.4382,49.5600,-0.82939,3.19774,-2.36835,0.27874,10.53617,0.0398,14.4,48.0000,4.1000,0.0732,3.3431
1793000,49.7727,50.4436,49.5545,-0.87321,3.25130,-2.37809,0.28941,10.80652,0.0413,14.7,48.0000,4.1500,0.0487,3.4007
1794000,49.7618,50.4600,49.5382,-0.92476,3.30869,-2.38393,0.30035,11.07984,0.0429,15.1,48.0000,4.2000,0.0046,3.3783
1795000,49.7436,50.4600,49.5382,-0.97258,3.35903,-2.38644,0.31157,11.35726,0.0445,15.5,48.0000,4.2500,0.0637,3.4586
1796000,49.7327,50.4636,49.5345,-1.02286,3.40578,-2.38291,0.32307,11.63781,0.0462,15.9,48.0000,4.3000,0.0448,3.5182
1797000,49.7200,50.4800,49.5182,-1.07481,3.47367,-2.39886,0.33485,11.92176,0.0478,16.3,48.0000,4.3500,0.0037,3.4985
1798000,49.7018,50.4673,49.5309,-1.12961,3.51165,-2.38204,0.34691,12.20972,0.0496,16.7,48.0000,4.4000,0.0962,3.6577
1799000,49.6873,50.4818,49.5164,-1.18213,3.55223,-2.37010,0.35927,12.49941,0.0513,17.1,48.0000,4.4500,0.0588,3.6393
1800000,49.6745,50.4855,49.5127,-1.24141,3.62134,-2.37993,0.37191,12.79330,0.0531,17.5,48.0000,4.5000,0.0483,3.7015
1801000,23.0873,31.9091,76.9109,-37.04939,-18.17568,55.22507,0.38478,12.58776,0.0550,17.2,48.0000,0.0000,0.0000,0.0000
1802000,23.0873,31.9091,76.9109,-22.19051,-11.74649,33.93700,0.39645,10.88354,0.0566,14.8,48.0000,0.0000,0.0000,0.0000
1803000,23.0873,31.9091,76.9109,-13.20475,-7.76512,20.96988,0.40676,9.81149,0.0581,13.4,48.0000,0.0000,0.0000,0.0000
1804000,23.0873,31.9091,76.9109,-7.77085,-5.29813,13.06899,0.41620,9.11848,0.0595,12.4,48.0000,0.0000,0.0000,0.0000
1805000,23.0873,31.9091,76.9109,-4.48488,-3.76754,8.25242,0.42508,8.65376,0.0607,11.8,48.0000,0.0000,0.0000,0.0000
1806000,23.0873,31.9091,76.9109,-2.49777,-2.81570,5.31347,0.43356,8.32706,0.0619,11.4,48.0000,0.0000,0.0000,0.0000
1807000,23.0873,31.9091,76.9109,-1.29606,-2.22141,3.51748,0.44176,8.08419,0.0631,11.0,48.0000,0.0000,0.0000,0.0000
1808000,23.0873,31.9091,76.9109,-0.56930,-1.84798,2.41728,0.44974,7.89254,0.0642,10.8,48.0000,0.0000,0.0000,0.0000
1809000,23.0873,31.9091,76.9109,-0.12977,-1.61091,1.74067,0.45755,7.73245,0.0654,10.5,48.0000,0.0000,0.0000,0.0000
1810000,23.0873,31.9091,76.9109,0.13603,-1.45804,1.32202,0.46521,7.59206,0.0665,10.4,48.0000,0.0000,0.0000,0.0000
1811000,23.0873,31.9091,76.9109,0.29670,-1.35718,1.06048,0.47274,7.46421,0.0675,10.2,48.0000,0.0000,0.0000,0.0000
1812000,23.0873,31.9091,76.9109,0.39373,-1.28845,0.89472,0.48015,7.34456,0.0686,10.0,48.0000,0.0000,0.0000,0.0000
1813000,23.0873,31.9091,76.9109,0.45219,-1.23958,0.78739,0.48743,7.23049,0.0696,9.9,48.0000,0.0000,0.0000,0.0000
1814000,23.0873,31.9091,76.9109,0.48725,-1.20303,0.71578,0.49461,7.12040,0.0707,9.7,48.0000,0.0000,0.0000,0.0000
1815000,23.0873,31.9091,76.9109,0.50808,-1.17413,0.66605,0.50168,7.01334,0.0717,9.6,48.0000,0.0000,0.0000,0.0000
1816000,23.0873,31.9091,76.9109,0.52022,-1.15002,0.62980,0.50864,6.90869,0.0727,9.4,48.0000,0.0000,0.0000,0.0000
1817000,23.0873,31.9091,76.9109,0.52703,-1.12892,0.60189,0.51549,6.80609,0.0736,9.3,48.0000,0.0000,0.0000,0.0000
1818000,23.0873,31.9091,76.9109,0.53054,-1.10975,0.57921,0.52225,6.70530,0.0746,9.1,48.0000,0.0000,0.0000,0.0000
1819000,23.0873,31.9091,76.9109,0.53198,-1.09184,0.55987,0.52890,6.60620,0.0756,9.0,48.0000,0.0000,0.0000,0.0000
1820000,23.0873,31.9091,76.9109,0.53210,-1.07478,0.54268,0.53546,6.50866,0.0765,8.9,48.0000,0.0000,0.0000,0.0000
1821000,23.0873,31.9091,76.9109,0.53135,-1.05831,0.52696,0.54192,6.41263,0.0774,8.7,48.0000,0.0000,0.0000,0.0000
1822000,23.0873,31.9091,76.9109,0.53002,-1.04228,0.51226,0.54829,6.31805,0.0783,8.6,48.0000,0.0000,0.0000,0.0000
1823000,23.0873,31.9091,76.9109,0.52828,-1.02659,0.49831,0.55456,6.22489,0.0792,8.5,48.0000,0.0000,0.0000,0.0000
1824000,23.0873,31.9091,76.9109,0.52623,-1.01118,0.48496,0.56074,6.13312,0.0801,8.4,48.0000,0.0000,0.0000,0.0000
1825000,23.0873,31.9091,76.9109,0.52394,-0.99602,0.47209,0.56683,6.04270,0.0810,8.2,48.0000,0.0000,0.0000,0.0000
1826000,23.0873,31.9091,76.9109,0.52145,-0.98109,0.45964,0.57282,5.95362,0.0818,8.1,48.0000,0.0000,0.0000,0.0000
1827000,23.0873,31.9091,76.9109,0.51880,-0.96636,0.44756,0.57874,5.86587,0.0827,8.0,48.0000,0.0000,0.0000,0.0000
1828000,23.0873,31.9091,76.9109,0.51600,-0.95184,0.43583,0.58455,5.77941,0.0835,7.9,48.0000,0.0000,0.0000,0.0000
1829000,23.0873,31.9091,76.9109,0.51308,-0.93751,0.42443,0.59030,5.69422,0.0843,7.8,48.0000,0.0000,0.0000,0.0000
1830000,23.0873,31.9091,76.9109,0.51004,-0.92338,0.41334,0.59594,5.61029,0.0851,7.7,48.0000,0.0000,0.0000,0.0000
1831000,23.0873,31.9091,76.9109,0.50689,-0.90943,0.40255,0.60151,5.52760,0.0859,7.5,48.0000,0.0000,0.0000,0.0000
1832000,23.0873,31.9091,76.9109,0.50364,-0.89568,0.39204,0.60700,5.44611,0.0867,7.4,48.0000,0.0000,0.0000,0.0000
1833000,23.0873,31.9091,76.9109,0.50029,-0.88211,0.38181,0.61241,5.36585,0.0875,7.3,48.0000,0.0000,0.0000,0.0000
1834000,23.0873,31.9091,76.9109,0.49687,-0.86872,0.37186,0.61773,5.28675,0.0882,7.2,48.0000,0.0000,0.0000,0.0000
1835000,23.0873,31.9091,76.9109,0.49336,-0.85552,0.36216,0.62298,5.20883,0.0890,7.1,48.0000,0.0000,0.0000,0.0000
1836000,23.0873,31.9091,76.9109,0.48977,-0.84250,0.35273,0.62815,5.13205,0.0897,7.0,48.0000,0.0000,0.0000,0.0000
1837000,23.0873,31.9091,76.9109,0.48612,-0.82966,0.34354,0.63324,5.05639,0.0905,6.9,48.0000,0.0000,0.0000,0.0000
1838000,23.0873,31.9091,76.9109,0.48241,-0.81700,0.33460,0.63827,4.98188,0.0912,6.8,48.0000,0.0000,0.0000,0.0000
1839000,23.0873,31.9091,76.9109,0.47863,-0.80452,0.32589,0.64321,4.90845,0.0919,6.7,48.0000,0.0000,0.0000,0.0000
1840000,23.0873,31.9091,76.9109,0.47480,-0.79222,0.31742,0.64808,4.83608,0.0926,6.6,48.0000,0.0000,0.0000,0.0000
1841000,23.0873,31.9091,76.9109,0.47092,-0.78009,0.30917,0.65288,4.76480,0.0933,6.5,48.0000,0.0000,0.0000,0.0000
1842000,23.0873,31.9091,76.9109,0.46700,-0.76814,0.30113,0.65761,4.69457,0.0939,6.4,48.0000,0.0000,0.0000,0.0000
1843000,23.0873,31.9091,76.9109,0.46304,-0.75635,0.29331,0.66227,4.62538,0.0946,6.3,48.0000,0.0000,0.0000,0.0000
1844000,23.0873,31.9091,76.9109,0.45904,-0.74474,0.28570,0.66687,4.55720,0.0953,6.2,48.0000,0.0000,0.0000,0.0000
1845000,23.0873,31.9091,76.9109,0.45500,-0.73329,0.27829,0.67139,4.49002,0.0959,6.1,48.0000,0.0000,0.0000,0.0000
1846000,23.0873,31.9091,76.9109,0.45094,-0.72202,0.27108,0.67584,4.42384,0.0965,6.0,48.0000,0.0000,0.0000,0.0000
1847000,23.0873,31.9091,76.9109,0.44684,-0.71091,0.26406,0.68023,4.35863,0.0972,5.9,48.0000,0.0000,0.0000,0.0000
1848000,23.0873,31.9091,76.9109,0.44273,-0.69996,0.25723,0.68456,4.29438,0.0978,5.9,48.0000,0.0000,0.0000,0.0000
1849000,23.0873,31.9091,76.9109,0.43859,-0.68917,0.25058,0.68882,4.23108,0.0984,5.8,48.0000,0.0000,0.0000,0.0000
1850000,23.0873,31.9091,76.9109,0.43444,-0.67854,0.24410,0.69302,4.16871,0.0990,5.7,48.0000,0.0000,0.0000,0.0000
1851000,23.0873,31.9091,76.9109,0.43027,-0.66807,0.23780,0.69716,4.10727,0.0996,5.6,48.0000,0.0000,0.0000,0.0000
1852000,23.0873,31.9091,76.9109,0.42609,-0.65776,0.23166,0.70124,4.04673,0.1002,5.5,48.0000,0.0000,0.0000,0.0000
1853000,23.0873,31.9091,76.9109,0.42191,-0.64760,0.22569,0.70525,3.98705,0.1008,5.4,48.0000,0.0000,0.0000,0.0000
1854000,23.0873,31.9091,76.9109,0.41771,-0.63759,0.21988,0.70921,3.92828,0.1013,5.4,48.0000,0.0000,0.0000,0.0000
1855000,23.0873,31.9091,76.9109,0.41351,-0.62774,0.21422,0.71311,3.87038,0.1019,5.3,48.0000,0.0000,0.0000,0.0000
1856000,23.0873,31.9091,76.9109,0.40931,-0.61803,0.20872,0.71695,3.81332,0.1024,5.2,48.0000,0.0000,0.0000,0.0000
1857000,23.0873,31.9091,76.9109,0.40511,-0.60847,0.20336,0.72074,3.75711,0.1030,5.1,48.0000,0.0000,0.0000,0.0000
1858000,23.0873,31.9091,76.9109,0.40092,-0.59906,0.19814,0.72447,3.70172,0.1035,5.0,48.0000,0.0000,0.0000,0.0000
1859000,23.0873,31.9091,76.9109,0.39672,-0.58978,0.19306,0.72814,3.64716,0.1040,5.0,48.0000,0.0000,0.0000,0.0000
1860000,23.0873,31.9091,76.9109,0.39254,-0.58065,0.18812,0.73176,3.59340,0.1045,4.9,48.0000,0.0000,0.0000,0.0000
1861000,23.0873,31.9091,76.9109,0.38836,-0.57166,0.18330,0.73533,3.54042,0.1050,4.8,48.0000,0.0000,0.0000,0.0000
1862000,23.0873,31.9091,76.9109,0.38419,-0.56281,0.17862,0.73885,3.48824,0.1055,4.8,48.0000,0.0000,0.0000,0.0000
1863000,23.0873,31.9091,76.9109,0.38003,-0.55409,0.17407,0.74231,3.43682,0.1060,4.7,48.0000,0.0000,0.0000,0.0000
1864000,23.0873,31.9091,76.9109,0.37588,-0.54551,0.16963,0.74572,3.38616,0.1065,4.6,48.0000,0.0000,0.0000,0.0000
1865000,23.0873,31.9091,76.9109,0.37175,-0.53706,0.16531,0.74908,3.33625,0.1070,4.6,48.0000,0.0000,0.0000,0.0000
1866000,23.0873,31.9091,76.9109,0.36763,-0.52874,0.16111,0.75239,3.28707,0.1075,4.5,48.0000,0.0000,0.0000,0.0000
1867000,23.0873,31.9091,76.9109,0.36353,-0.52055,0.15701,0.75566,3.23861,0.1080,4.4,48.0000,0.0000,0.0000,0.0000
1868000,23.0873,31.9091,76.9109,0.35945,-0.51248,0.15303,0.75887,3.19087,0.1084,4.4,48.0000,0.0000,0.0000,0.0000
1869000,23.0873,31.9091,76.9109,0.35539,-0.50454,0.14916,0.76204,3.14384,0.1089,4.3,48.0000,0.0000,0.0000,0.0000
1870000,23.0873,31.9091,76.9109,0.35134,-0.49673,0.14538,0.76515,3.09749,0.1093,4.2,48.0000,0.0000,0.0000,0.0000
1871000,23.0873,31.9091,76.9109,0.34732,-0.48903,0.14171,0.76823,3.05183,0.1097,4.2,48.0000,0.0000,0.0000,0.0000
1872000,23.0873,31.9091,76.9109,0.34332,-0.48145,0.13813,0.77127,3.00684,0.1102,4.1,48.0000,0.0000,0.0000,0.0000
1873000,23.0873,31.9091,76.9109,0.33934,-0.47399,0.13465,0.77425,2.96251,0.1106,4.0,48.0000,0.0000,0.0000,0.0000
1874000,23.0873,31.9091,76.9109,0.33539,-0.46665,0.13126,0.77718,2.91885,0.1110,4.0,48.0000,0.0000,0.0000,0.0000
1875000,23.0873,31.9091,76.9109,0.33146,-0.45942,0.12796,0.78008,2.87583,0.1114,3.9,48.0000,0.0000,0.0000,0.0000
1876000,23.0873,31.9091,76.9109,0.32756,-0.45231,0.12475,0.78294,2.83342,0.1118,3.9,48.0000,0.0000,0.0000,0.0000
1877000,23.0873,31.9091,76.9109,0.32368,-0.44530,0.12162,0.78575,2.79166,0.1122,3.8,48.0000,0.0000,0.0000,0.0000
1878000,23.0873,31.9091,76.9109,0.31983,-0.43841,0.11858,0.78852,2.75051,0.1126,3.8,48.0000,0.0000,0.0000,0.0000
1879000,23.0873,31.9091,76.9109,0.31601,-0.43162,0.11561,0.79126,2.70997,0.1130,3.7,48.0000,0.0000,0.0000,0.0000
1880000,23.0873,31.9091,76.9109,0.31221,-0.42494,0.11273,0.79394,2.67002,0.1134,3.6,48.0000,0.0000,0.0000,0.0000
1881000,23.0873,31.9091,76.9109,0.30844,-0.41837,0.10992,0.79659,2.63066,0.1138,3.6,48.0000,0.0000,0.0000,0.0000
1882000,23.0873,31.9091,76.9109,0.30471,-0.41189,0.10719,0.79921,2.59187,0.1142,3.5,48.0000,0.0000,0.0000,0.0000
1883000,23.0873,31.9091,76.9109,0.30100,-0.40552,0.10453,0.80177,2.55367,0.1145,3.5,48.0000,0.0000,0.0000,0.0000
1884000,23.0873,31.9091,76.9109,0.29732,-0.39925,0.10194,0.80431,2.51603,0.1149,3.4,48.0000,0.0000,0.0000,0.0000
1885000,23.0873,31.9091,76.9109,0.29367,-0.39308,0.09941,0.80681,2.47893,0.1153,3.4,48.0000,0.0000,0.0000,0.0000
1886000,23.0873,31.9091,76.9109,0.29005,-0.38700,0.09695,0.80926,2.44240,0.1156,3.3,48.0000,0.0000,0.0000,0.0000
1887000,23.0873,31.9091,76.9109,0.28646,-0.38102,0.09456,0.81170,2.40639,0.1160,3.3,48.0000,0.0000,0.0000,0.0000
1888000,23.0873,31.9091,76.9109,0.28290,-0.37514,0.09223,0.81408,2.37092,0.1163,3.2,48.0000,0.0000,0.0000,0.0000
1889000,23.0873,31.9091,76.9109,0.27938,-0.36934,0.08996,0.81643,2.33596,0.1166,3.2,48.0000,0.0000,0.0000,0.0000
1890000,23.0873,31.9091,76.9109,0.27589,-0.36364,0.08775,0.81876,2.30153,0.1170,3.1,48.0000,0.0000,0.0000,0.0000
1891000,23.0873,31.9091,76.9109,0.27242,-0.35802,0.08560,0.82103,2.26761,0.1173,3.1,48.0000,0.0000,0.0000,0.0000
1892000,23.0873,31.9091,76.9109,0.26899,-0.35250,0.08350,0.82330,2.23418,0.1176,3.0,48.0000,0.0000,0.0000,0.0000
1893000,23.0873,31.9091,76.9109,0.26559,-0.34706,0.08147,0.82550,2.20125,0.1179,3.0,48.0000,0.0000,0.0000,0.0000
1894000,23.0873,31.9091,76.9109,0.26223,-0.34171,0.07948,0.82770,2.16880,0.1182,3.0,48.0000,0.0000,0.0000,0.0000
1895000,23.0873,31.9091,76.9109,0.25889,-0.33644,0.07755,0.82984,2.13683,0.1185,2.9,48.0000,0.0000,0.0000,0.0000
1896000,23.0873,31.9091,76.9109,0.25559,-0.33125,0.07566,0.83197,2.10533,0.1189,2.9,48.0000,0.0000,0.0000,0.0000
1897000,23.0873,31.9091,76.9109,0.25232,-0.32615,0.07383,0.83405,2.07429,0.1192,2.8,48.0000,0.0000,0.0000,0.0000
1898000,23.0873,31.9091,76.9109,0.24909,-0.32112,0.07204,0.83611,2.04371,0.1194,2.8,48.0000,0.0000,0.0000,0.0000
1899000,23.0873,31.9091,76.9109,0.24588,-0.31618,0.07030,0.83814,2.01358,0.1197,2.7,48.0000,0.0000,0.0000,0.0000
1900000,23.0873,31.9091,76.9109,0.24271,-0.31131,0.06860,0.84014,1.98389,0.1200,2.7,48.0000,0.0000,0.0000,0.0000
1901000,23.0873,31.9091,76.9109,0.23957,-0.30652,0.06695,0.84211,1.95464,0.1203,2.7,48.0000,0.0000,0.0000,0.0000
1902000,23.0873,31.9091,76.9109,0.23646,-0.30181,0.06534,0.84405,1.92583,0.1206,2.6,48.0000,0.0000,0.0000,0.0000
1903000,23.0873,31.9091,76.9109,0.23339,-0.29716,0.06378,0.84596,1.89744,0.1209,2.6,48.0000,0.0000,0.0000,0.0000
1904000,23.0873,31.9091,76.9109,0.23035,-0.29259,0.06225,0.84785,1.86947,0.1211,2.6,48.0000,0.0000,0.0000,0.0000
1905000,23.0873,31.9091,76.9109,0.22734,-0.28810,0.06076,0.84970,1.84191,0.1214,2.5,48.0000,0.0000,0.0000,0.0000
1906000,23.0873,31.9091,76.9109,0.22436,-0.28367,0.05931,0.85154,1.81476,0.1216,2.5,48.0000,0.0000,0.0000,0.0000
1907000,23.0873,31.9091,76.9109,0.22141,-0.27932,0.05790,0.85333,1.78801,0.1219,2.4,48.0000,0.0000,0.0000,0.0000
1908000,23.0873,31.9091,76.9109,0.21850,-0.27503,0.05652,0.85511,1.76165,0.1222,2.4,48.0000,0.0000,0.0000,0.0000
1909000,23.0873,31.9091,76.9109,0.21562,-0.27081,0.05519,0.85685,1.73568,0.1224,2.4,48.0000,0.0000,0.0000,0.0000
1910000,23.0873,31.9091,76.9109,0.21277,-0.26665,0.05388,0.85858,1.71010,0.1227,2.3,48.0000,0.0000,0.0000,0.0000
1911000,23.0873,31.9091,76.9109,0.20995,-0.26256,0.05261,0.86027,1.68489,0.1229,2.3,48.0000,0.0000,0.0000,0.0000
1912000,23.0873,31.9091,76.9109,0.20717,-0.25854,0.05137,0.86194,1.66005,0.1231,2.3,48.0000,0.0000,0.0000,0.0000
1913000,23.0873,31.9091,76.9109,0.20441,-0.25457,0.05016,0.86360,1.63558,0.1234,2.2,48.0000,0.0000,0.0000,0.0000
1914000,23.0873,31.9091,76.9109,0.20169,-0.25067,0.04899,0.86521,1.61147,0.1236,2.2,48.0000,0.0000,0.0000,0.0000
1915000,23.0873,31.9091,76.9109,0.19900,-0.24683,0.04784,0.86682,1.58771,0.1238,2.2,48.0000,0.0000,0.0000,0.0000
1916000,23.0873,31.9091,76.9109,0.19634,-0.24306,0.04672,0.86839,1.56431,0.1241,2.1,48.0000,0.0000,0.0000,0.0000
1917000,23.0873,31.9091,76.9109,0.19370,-0.23934,0.04563,0.86994,1.54125,0.1243,2.1,48.0000,0.0000,0.0000,0.0000
1918000,23.0873,31.9091,76.9109,0.19111,-0.23568,0.04457,0.87149,1.51853,0.1245,2.1,48.0000,0.0000,0.0000,0.0000
1919000,23.0873,31.9091,76.9109,0.18853,-0.23207,0.04354,0.87298,1.49614,0.1247,2.0,48.0000,0.0000,0.0000,0.0000
1920000,23.0873,31.9091,76.9109,0.18600,-0.22852,0.04253,0.87447,1.47408,0.1249,2.0,48.0000,0.0000,0.0000,0.0000
1921000,23.0873,31.9091,76.9109,0.18349,-0.22503,0.04154,0.87594,1.45236,0.1251,2.0,48.0000,0.0000,0.0000,0.0000
1922000,23.0873,31.9091,76.9109,0.18101,-0.22159,0.04059,0.87737,1.43094,0.1253,2.0,48.0000,0.0000,0.0000,0.0000
1923000,23.0873,31.9091,76.9109,0.17856,-0.21821,0.03965,0.87880,1.40985,0.1255,1.9,48.0000,0.0000,0.0000,0.0000
1924000,23.0873,31.9091,76.9109,0.17614,-0.21488,0.03874,0.88020,1.38907,0.1257,1.9,48.0000,0.0000,0.0000,0.0000
1925000,23.0873,31.9091,76.9109,0.17374,-0.21160,0.03786,0.88157,1.36859,0.1259,1.9,48.0000,0.0000,0.0000,0.0000
1926000,23.0873,31.9091,76.9109,0.17138,-0.20837,0.03699,0.88294,1.34842,0.1261,1.8,48.0000,0.0000,0.0000,0.0000
1927000,23.0873,31.9091,76.9109,0.16905,-0.20519,0.03615,0.88427,1.32853,0.1263,1.8,48.0000,0.0000,0.0000,0.0000
1928000,23.0873,31.9091,76.9109,0.16674,-0.20207,0.03532,0.88558,1.30895,0.1265,1.8,48.0000,0.0000,0.0000,0.0000
1929000,23.0873,31.9091,76.9109,0.16447,-0.19899,0.03452,0.88689,1.28966,0.1267,1.8,48.0000,0.0000,0.0000,0.0000
1930000,23.0873,31.9091,76.9109,0.16222,-0.19596,0.03374,0.88817,1.27065,0.1269,1.7,48.0000,0.0000,0.0000,0.0000
1931000,23.0873,31.9091,76.9109,0.15999,-0.19297,0.03298,0.88942,1.25192,0.1271,1.7,48.0000,0.0000,0.0000,0.0000
1932000,23.0873,31.9091,76.9109,0.15780,-0.19004,0.03223,0.89067,1.23346,0.1272,1.7,48.0000,0.0000,0.0000,0.0000
1933000,23.0873,31.9091,76.9109,0.15564,-0.18714,0.03151,0.89190,1.21527,0.1274,1.7,48.0000,0.0000,0.0000,0.0000
1934000,23.0873,31.9091,76.9109,0.15349,-0.18430,0.03080,0.89310,1.19736,0.1276,1.6,48.0000,0.0000,0.0000,0.0000
1935000,23.0873,31.9091,76.9109,0.15138,-0.18149,0.03011,0.89429,1.17971,0.1278,1.6,48.0000,0.0000,0.0000,0.0000
1936000,23.0873,31.9091,76.9109,0.14930,-0.17873,0.02944,0.89548,1.16232,0.1279,1.6,48.0000,0.0000,0.0000,0.0000
1937000,23.0873,31.9091,76.9109,0.14724,-0.17602,0.02878,0.89661,1.14518,0.1281,1.6,48.0000,0.0000,0.0000,0.0000
1938000,23.0873,31.9091,76.9109,0.14520,-0.17335,0.02814,0.89774,1.12830,0.1282,1.5,48.0000,0.0000,0.0000,0.0000
1939000,23.0873,31.9091,76.9109,0.14320,-0.17071,0.02752,0.89888,1.11167,0.1284,1.5,48.0000,0.0000,0.0000,0.0000
1940000,23.0873,31.9091,76.9109,0.14121,-0.16812,0.02691,0.89998,1.09528,0.1286,1.5,48.0000,0.0000,0.0000,0.0000
1941000,23.0873,31.9091,76.9109,0.13925,-0.16557,0.02632,0.90106,1.07913,0.1287,1.5,48.0000,0.0000,0.0000,0.0000
1942000,23.0873,31.9091,76.9109,0.13732,-0.16306,0.02574,0.90213,1.06322,0.1289,1.5,48.0000,0.0000,0.0000,0.0000
1943000,23.0873,31.9091,76.9109,0.13542,-0.16058,0.02517,0.90320,1.04755,0.1290,1.4,48.0000,0.0000,0.0000,0.0000
1944000,23.0873,31.9091,76.9109,0.13353,-0.15815,0.02462,0.90423,1.03211,0.1292,1.4,48.0000,0.0000,0.0000,0.0000
1945000,23.0873,31.9091,76.9109,0.13167,-0.15575,0.02408,0.90525,1.01690,0.1293,1.4,48.0000,0.0000,0.0000,0.0000
1946000,23.0873,31.9091,76.9109,0.12984,-0.15339,0.02356,0.90626,1.00191,0.1295,1.4,48.0000,0.0000,0.0000,0.0000
1947000,23.0873,31.9091,76.9109,0.12803,-0.15107,0.02304,0.90727,0.98713,0.1296,1.3,48.0000,0.0000,0.0000,0.0000
1948000,23.0873,31.9091,76.9109,0.12624,-0.14878,0.02254,0.90824,0.97258,0.1297,1.3,48.0000,0.0000,0.0000,0.0000
1949000,23.0873,31.9091,76.9109,0.12447,-0.14653,0.02206,0.90919,0.95824,0.1299,1.3,48.0000,0.0000,0.0000,0.0000
1950000,23.0873,31.9091,76.9109,0.12273,-0.14431,0.02158,0.91015,0.94412,0.1300,1.3,48.0000,0.0000,0.0000,0.0000
1951000,23.0873,31.9091,76.9109,0.12102,-0.14213,0.02111,0.91110,0.93020,0.1302,1.3,48.0000,0.0000,0.0000,0.0000
1952000,23.0873,31.9091,76.9109,0.11932,-0.13998,0.02066,0.91202,0.91649,0.1303,1.3,48.0000,0.0000,0.0000,0.0000
1953000,23.0873,31.9091,76.9109,0.11765,-0.13786,0.02022,0.91292,0.90298,0.1304,1.2,48.0000,0.0000,0.0000,0.0000
1954000,23.0873,31.9091,76.9109,0.11600,-0.13578,0.01979,0.91381,0.88967,0.1305,1.2,48.0000,0.0000,0.0000,0.0000
1955000,23.0873,31.9091,76.9109,0.11437,-0.13373,0.01936,0.91471,0.87655,0.1307,1.2,48.0000,0.0000,0.0000,0.0000
1956000,23.0873,31.9091,76.9109,0.11276,-0.13171,0.01895,0.91560,0.86363,0.1308,1.2,48.0000,0.0000,0.0000,0.0000
1957000,23.0873,31.9091,76.9109,0.11117,-0.12972,0.01855,0.91643,0.85090,0.1309,1.2,48.0000,0.0000,0.0000,0.0000
1958000,23.0873,31.9091,76.9109,0.10961,-0.12776,0.01816,0.91727,0.83835,0.1310,1.1,48.0000,0.0000,0.0000,0.0000
1959000,23.0873,31.9091,76.9109,0.10806,-0.12583,0.01777,0.91810,0.82600,0.1312,1.1,48.0000,0.0000,0.0000,0.0000
1960000,23.0873,31.9091,76.9109,0.10654,-0.12394,0.01740,0.91893,0.81382,0.1313,1.1,48.0000,0.0000,0.0000,0.0000
1961000,23.0873,31.9091,76.9109,0.10504,-0.12207,0.01703,0.91975,0.80182,0.1314,1.1,48.0000,0.0000,0.0000,0.0000
1962000,23.0873,31.9091,76.9109,0.10355,-0.12023,0.01667,0.92053,0.79000,0.1315,1.1,48.0000,0.0000,0.0000,0.0000
1963000,23.0873,31.9091,76.9109,0.10209,-0.11841,0.01633,0.92130,0.77836,0.1316,1.1,48.0000,0.0000,0.0000,0.0000
1964000,23.0873,31.9091,76.9109,0.10064,-0.11663,0.01599,0.92208,0.76688,0.1317,1.0,48.0000,0.0000,0.0000,0.0000
1965000,23.0873,31.9091,76.9109,0.09922,-0.11487,0.01565,0.92285,0.75558,0.1318,1.0,48.0000,0.0000,0.0000,0.0000
1966000,23.0873,31.9091,76.9109,0.09782,-0.11314,0.01532,0.92363,0.74444,0.1319,1.0,48.0000,0.0000,0.0000,0.0000
1967000,23.0873,31.9091,76.9109,0.09643,-0.11144,0.01501,0.92434,0.73346,0.1320,1.0,48.0000,0.0000,0.0000,0.0000
1968000,23.0873,31.9091,76.9109,0.09506,-0.10976,0.01470,0.92506,0.72265,0.1322,1.0,48.0000,0.0000,0.0000,0.0000
1969000,23.0873,31.9091,76.9109,0.09371,-0.10811,0.01440,0.92577,0.71200,0.1323,1.0,48.0000,0.0000,0.0000,0.0000
1970000,23.0873,31.9091,76.9109,0.09238,-0.10648,0.01410,0.92649,0.70150,0.1324,1.0,48.0000,0.0000,0.0000,0.0000
1971000,23.0873,31.9091,76.9109,0.09107,-0.10488,0.01381,0.92720,0.69116,0.1325,0.9,48.0000,0.0000,0.0000,0.0000
1972000,23.0873,31.9091,76.9109,0.08978,-0.10330,0.01353,0.92789,0.68097,0.1326,0.9,48.0000,0.0000,0.0000,0.0000
1973000,23.0873,31.9091,76.9109,0.08850,-0.10175,0.01325,0.92855,0.67093,0.1326,0.9,48.0000,0.0000,0.0000,0.0000
1974000,23.0873,31.9091,76.9109,0.08724,-0.10022,0.01298,0.92920,0.66104,0.1327,0.9,48.0000,0.0000,0.0000,0.0000
1975000,23.0873,31.9091,76.9109,0.08599,-0.09871,0.01272,0.92986,0.65130,0.1328,0.9,48.0000,0.0000,0.0000,0.0000
1976000,23.0873,31.9091,76.9109,0.08477,-0.09723,0.01246,0.93051,0.64170,0.1329,0.9,48.0000,0.0000,0.0000,0.0000
1977000,23.0873,31.9091,76.9109,0.08356,-0.09577,0.01221,0.93117,0.63224,0.1330,0.9,48.0000,0.0000,0.0000,0.0000
1978000,23.0873,31.9091,76.9109,0.08237,-0.09433,0.01196,0.93181,0.62292,0.1331,0.8,48.0000,0.0000,0.0000,0.0000
1979000,23.0873,31.9091,76.9109,0.08119,-0.09292,0.01172,0.93240,0.61374,0.1332,0.8,48.0000,0.0000,0.0000,0.0000
1980000,23.0873,31.9091,76.9109,0.08003,-0.09152,0.01149,0.93300,0.60469,0.1333,0.8,48.0000,0.0000,0.0000,0.0000
1981000,23.0873,31.9091,76.9109,0.07889,-0.09015,0.01126,0.93359,0.59577,0.1334,0.8,48.0000,0.0000,0.0000,0.0000
1982000,23.0873,31.9091,76.9109,0.07776,-0.08880,0.01104,0.93419,0.58699,0.1335,0.8,48.0000,0.0000,0.0000,0.0000
1983000,23.0873,31.9091,76.9109,0.07665,-0.08746,0.01081,0.93479,0.57834,0.1335,0.8,48.0000,0.0000,0.0000,0.0000
1984000,23.0873,31.9091,76.9109,0.07555,-0.08615,0.01060,0.93538,0.56981,0.1336,0.8,48.0000,0.0000,0.0000,0.0000
1985000,23.0873,31.9091,76.9109,0.07447,-0.08486,0.01039,0.93594,0.56141,0.1337,0.8,48.0000,0.0000,0.0000,0.0000
1986000,23.0873,31.9091,76.9109,0.07340,-0.08359,0.01018,0.93648,0.55314,0.1338,0.8,48.0000,0.0000,0.0000,0.0000
1987000,23.0873,31.9091,76.9109,0.07235,-0.08234,0.00999,0.93702,0.54498,0.1339,0.7,48.0000,0.0000,0.0000,0.0000
1988000,23.0873,31.9091,76.9109,0.07131,-0.08110,0.00979,0.93755,0.53695,0.1339,0.7,48.0000,0.0000,0.0000,0.0000
1989000,23.0873,31.9091,76.9109,0.07029,-0.07989,0.00960,0.93809,0.52903,0.1340,0.7,48.0000,0.0000,0.0000,0.0000
1990000,23.0873,31.9091,76.9109,0.06928,-0.07869,0.00941,0.93863,0.52123,0.1341,0.7,48.0000,0.0000,0.0000,0.0000
1991000,23.0873,31.9091,76.9109,0.06829,-0.07751,0.00922,0.93916,0.51355,0.1342,0.7,48.0000,0.0000,0.0000,0.0000
1992000,23.0873,31.9091,76.9109,0.06731,-0.07635,0.00904,0.93969,0.50598,0.1342,0.7,48.0000,0.0000,0.0000,0.0000
1993000,23.0873,31.9091,76.9109,0.06634,-0.07521,0.00887,0.94017,0.49852,0.1343,0.7,48.0000,0.0000,0.0000,0.0000
1994000,23.0873,31.9091,76.9109,0.06539,-0.07409,0.00870,0.94065,0.49117,0.1344,0.7,48.0000,0.0000,0.0000,0.0000
1995000,23.0873,31.9091,76.9109,0.06445,-0.07298,0.00853,0.94112,0.48393,0.1344,0.7,48.0000,0.0000,0.0000,0.0000
1996000,23.0873,31.9091,76.9109,0.06352,-0.07189,0.00837,0.94160,0.47679,0.1345,0.7,48.0000,0.0000,0.0000,0.0000
1997000,23.0873,31.9091,76.9109,0.06261,-0.07081,0.00820,0.94208,0.46977,0.1346,0.6,48.0000,0.0000,0.0000,0.0000
1998000,23.0873,31.9091,76.9109,0.06170,-0.06975,0.00805,0.94255,0.46284,0.1347,0.6,48.0000,0.0000,0.0000,0.0000
1999000,23.0873,31.9091,76.9109,0.06082,-0.06871,0.00789,0.94303,0.45602,0.1347,0.6,48.0000,0.0000,0.0000,0.0000
2000000,23.0873,31.9091,76.9109,0.05994,-0.06768,0.00774,0.94351,0.44930,0.1348,0.6,48.0000,0.0000,0.0000,0.0000
2001000,23.0873,31.9091,76.9109,0.05908,-0.06667,0.00759,0.94395,0.44267,0.1348,0.6,48.0000,0.0000,0.0000,0.0000
2002000,23.0873,31.9091,76.9109,0.05822,-0.06567,0.00745,0.94436,0.43615,0.1349,0.6,48.0000,0.0000,0.0000,0.0000
2003000,23.0873,31.9091,76.9109,0.05738,-0.06469,0.00731,0.94478,0.42972,0.1350,0.6,48.0000,0.0000,0.0000,0.0000
2004000,23.0873,31.9091,76.9109,0.05656,-0.06373,0.00717,0.94520,0.42338,0.1350,0.6,48.0000,0.0000,0.0000,0.0000
2005000,23.0873,31.9091,76.9109,0.05574,-0.06278,0.00704,0.94561,0.41714,0.1351,0.6,48.0000,0.0000,0.0000,0.0000
2006000,23.0873,31.9091,76.9109,0.05494,-0.06184,0.00690,0.94603,0.41099,0.1351,0.6,48.0000,0.0000,0.0000,0.0000
2007000,23.0873,31.9091,76.9109,0.05414,-0.06092,0.00677,0.94645,0.40493,0.1352,0.6,48.0000,0.0000,0.0000,0.0000
2008000,23.0873,31.9091,76.9109,0.05336,-0.06001,0.00665,0.94687,0.39896,0.1353,0.5,48.0000,0.0000,0.0000,0.0000
2009000,23.0873,31.9091,76.9109,0.05259,-0.05911,0.00652,0.94728,0.39308,0.1353,0.5,48.0000,0.0000,0.0000,0.0000
2010000,23.0873,31.9091,76.9109,0.05183,-0.05823,0.00640,0.94770,0.38729,0.1354,0.5,48.0000,0.0000,0.0000,0.0000
2011000,23.0873,31.9091,76.9109,0.05108,-0.05736,0.00628,0.94806,0.38158,0.1354,0.5,48.0000,0.0000,0.0000,0.0000
2012000,23.0873,31.9091,76.9109,0.05034,-0.05650,0.00616,0.94841,0.37595,0.1355,0.5,48.0000,0.0000,0.0000,0.0000
2013000,23.0873,31.9091,76.9109,0.04961,-0.05566,0.00605,0.94877,0.37041,0.1355,0.5,48.0000,0.0000,0.0000,0.0000
2014000,23.0873,31.9091,76.9109,0.04889,-0.05483,0.00594,0.94913,0.36495,0.1356,0.5,48.0000,0.0000,0.0000,0.0000
2015000,23.0873,31.9091,76.9109,0.04819,-0.05401,0.00583,0.94949,0.35957,0.1356,0.5,48.0000,0.0000,0.0000,0.0000
2016000,23.0873,31.9091,76.9109,0.04749,-0.05321,0.00572,0.94985,0.35427,0.1357,0.5,48.0000,0.0000,0.0000,0.0000
2017000,23.0873,31.9091,76.9109,0.04680,-0.05242,0.00562,0.95020,0.34905,0.1357,0.5,48.0000,0.0000,0.0000,0.0000
2018000,23.0873,31.9091,76.9109,0.04612,-0.05164,0.00551,0.95056,0.34390,0.1358,0.5,48.0000,0.0000,0.0000,0.0000
2019000,23.0873,31.9091,76.9109,0.04545,-0.05087,0.00541,0.95092,0.33883,0.1358,0.5,48.0000,0.0000,0.0000,0.0000
2020000,23.0873,31.9091,76.9109,0.04480,-0.05011,0.00531,0.95128,0.33384,0.1359,0.5,48.0000,0.0000,0.0000,0.0000
2021000,23.0873,31.9091,76.9109,0.04415,-0.04936,0.00521,0.95163,0.32892,0.1359,0.4,48.0000,0.0000,0.0000,0.0000
2022000,23.0873,31.9091,76.9109,0.04351,-0.04863,0.00512,0.95194,0.32407,0.1360,0.4,48.0000,0.0000,0.0000,0.0000
2023000,23.0873,31.9091,76.9109,0.04287,-0.04790,0.00503,0.95224,0.31929,0.1360,0.4,48.0000,0.0000,0.0000,0.0000
2024000,23.0873,31.9091,76.9109,0.04225,-0.04719,0.00494,0.95254,0.31458,0.1361,0.4,48.0000,0.0000,0.0000,0.0000
2025000,23.0873,31.9091,76.9109,0.04164,-0.04649,0.00485,0.95284,0.30995,0.1361,0.4,48.0000,0.0000,0.0000,0.0000
2026000,23.0873,31.9091,76.9109,0.04103,-0.04580,0.00476,0.95314,0.30538,0.1362,0.4,48.0000,0.0000,0.0000,0.0000
2027000,23.0873,31.9091,76.9109,0.04044,-0.04511,0.00468,0.95343,0.30088,0.1362,0.4,48.0000,0.0000,0.0000,0.0000
2028000,23.0873,31.9091,76.9109,0.03985,-0.04444,0.00459,0.95373,0.29644,0.1362,0.4,48.0000,0.0000,0.0000,0.0000
2029000,23.0873,31.9091,76.9109,0.03927,-0.04378,0.00451,0.95403,0.29207,0.1363,0.4,48.0000,0.0000,0.0000,0.0000
2030000,23.0873,31.9091,76.9109,0.03870,-0.04313,0.00443,0.95433,0.28776,0.1363,0.4,48.0000,0.0000,0.0000,0.0000
2031000,23.0873,31.9091,76.9109,0.03814,-0.04249,0.00435,0.95463,0.28352,0.1364,0.4,48.0000,0.0000,0.0000,0.0000
2032000,23.0873,31.9091,76.9109,0.03758,-0.04186,0.00427,0.95492,0.27934,0.1364,0.4,48.0000,0.0000,0.0000,0.0000
2033000,23.0873,31.9091,76.9109,0.03704,-0.04123,0.00419,0.95522,0.27522,0.1365,0.4,48.0000,0.0000,0.0000,0.0000
2034000,23.0873,31.9091,76.9109,0.03650,-0.04062,0.00412,0.95552,0.27117,0.1365,0.4,48.0000,0.0000,0.0000,0.0000
2035000,23.0873,31.9091,76.9109,0.03597,-0.04002,0.00405,0.95580,0.26717,0.1365,0.4,48.0000,0.0000,0.0000,0.0000
2036000,23.0873,31.9091,76.9109,0.03545,-0.03942,0.00398,0.95604,0.26323,0.1366,0.4,48.0000,0.0000,0.0000,0.0000
2037000,23.0873,31.9091,76.9109,0.03493,-0.03884,0.00391,0.95628,0.25935,0.1366,0.4,48.0000,0.0000,0.0000,0.0000
2038000,23.0873,31.9091,76.9109,0.03442,-0.03826,0.00384,0.95652,0.25553,0.1366,0.3,48.0000,0.0000,0.0000,0.0000
2039000,23.0873,31.9091,76.9109,0.03392,-0.03769,0.00377,0.95676,0.25176,0.1367,0.3,48.0000,0.0000,0.0000,0.0000
2040000,23.0873,31.9091,76.9109,0.03342,-0.03713,0.00371,0.95700,0.24805,0.1367,0.3,48.0000,0.0000,0.0000,0.0000
2041000,23.0873,31.9091,76.9109,0.03294,-0.03658,0.00364,0.95723,0.24439,0.1367,0.3,48.0000,0.0000,0.0000,0.0000
2042000,23.0873,31.9091,76.9109,0.03246,-0.03604,0.00358,0.95747,0.24079,0.1368,0.3,48.0000,0.0000,0.0000,0.0000
2043000,23.0873,31.9091,76.9109,0.03198,-0.03550,0.00352,0.95771,0.23724,0.1368,0.3,48.0000,0.0000,0.0000,0.0000
2044000,23.0873,31.9091,76.9109,0.03152,-0.03497,0.00345,0.95795,0.23374,0.1368,0.3,48.0000,0.0000,0.0000,0.0000
2045000,23.0873,31.9091,76.9109,0.03106,-0.03445,0.00339,0.95819,0.23030,0.1369,0.3,48.0000,0.0000,0.0000,0.0000
2046000,23.0873,31.9091,76.9109,0.03061,-0.03394,0.00334,0.95843,0.22690,0.1369,0.3,48.0000,0.0000,0.0000,0.0000
2047000,23.0873,31.9091,76.9109,0.03016,-0.03344,0.00328,0.95866,0.22356,0.1370,0.3,48.0000,0.0000,0.0000,0.0000
2048000,23.0873,31.9091,76.9109,0.02972,-0.03294,0.00322,0.95890,0.22026,0.1370,0.3,48.0000,0.0000,0.0000,0.0000
2049000,23.0873,31.9091,76.9109,0.02929,-0.03245,0.00316,0.95914,0.21701,0.1370,0.3,48.0000,0.0000,0.0000,0.0000
2050000,23.0873,31.9091,76.9109,0.02886,-0.03197,0.00311,0.95938,0.21381,0.1371,0.3,48.0000,0.0000,0.0000,0.0000
2051000,23.0873,31.9091,76.9109,0.02844,-0.03149,0.00305,0.95962,0.21066,0.1371,0.3,48.0000,0.0000,0.0000,0.0000
2052000,23.0873,31.9091,76.9109,0.02803,-0.03103,0.00300,0.95984,0.20756,0.1371,0.3,48.0000,0.0000,0.0000,0.0000
2053000,23.0873,31.9091,76.9109,0.02762,-0.03057,0.00295,0.96001,0.20450,0.1371,0.3,48.0000,0.0000,0.0000,0.0000
2054000,23.0873,31.9091,76.9109,0.02721,-0.03011,0.00290,0.96019,0.20148,0.1372,0.3,48.0000,0.0000,0.0000,0.0000
2055000,23.0873,31.9091,76.9109,0.02681,-0.02967,0.00285,0.96037,0.19851,0.1372,0.3,48.0000,0.0000,0.0000,0.0000
2056000,23.0873,31.9091,76.9109,0.02642,-0.02923,0.00280,0.96055,0.19559,0.1372,0.3,48.0000,0.0000,0.0000,0.0000
2057000,23.0873,31.9091,76.9109,0.02604,-0.02879,0.00276,0.96073,0.19270,0.1372,0.3,48.0000,0.0000,0.0000,0.0000
2058000,23.0873,31.9091,76.9109,0.02566,-0.02837,0.00271,0.96091,0.18986,0.1373,0.3,48.0000,0.0000,0.0000,0.0000
2059000,23.0873,31.9091,76.9109,0.02528,-0.02795,0.00267,0.96109,0.18706,0.1373,0.3,48.0000,0.0000,0.0000,0.0000
2060000,23.0873,31.9091,76.9109,0.02491,-0.02753,0.00262,0.96127,0.18431,0.1373,0.3,48.0000,0.0000,0.0000,0.0000
2061000,23.0873,31.9091,76.9109,0.02455,-0.02712,0.00258,0.96145,0.18159,0.1373,0.2,48.0000,0.0000,0.0000,0.0000
2062000,23.0873,31.9091,76.9109,0.02419,-0.02672,0.00253,0.96162,0.17891,0.1374,0.2,48.0000,0.0000,0.0000,0.0000
2063000,23.0873,31.9091,76.9109,0.02384,-0.02633,0.00249,0.96180,0.17627,0.1374,0.2,48.0000,0.0000,0.0000,0.0000
2064000,23.0873,31.9091,76.9109,0.02349,-0.02594,0.00245,0.96198,0.17368,0.1374,0.2,48.0000,0.0000,0.0000,0.0000
2065000,23.0873,31.9091,76.9109,0.02314,-0.02555,0.00241,0.96216,0.17112,0.1375,0.2,48.0000,0.0000,0.0000,0.0000
2066000,23.0873,31.9091,76.9109,0.02281,-0.02517,0.00237,0.96234,0.16859,0.1375,0.2,48.0000,0.0000,0.0000,0.0000
2067000,23.0873,31.9091,76.9109,0.02247,-0.02480,0.00233,0.96252,0.16611,0.1375,0.2,48.0000,0.0000,0.0000,0.0000
2068000,23.0873,31.9091,76.9109,0.02214,-0.02443,0.00229,0.96270,0.16366,0.1375,0.2,48.0000,0.0000,0.0000,0.0000
2069000,23.0873,31.9091,76.9109,0.02182,-0.02407,0.00225,0.96288,0.16125,0.1376,0.2,48.0000,0.0000,0.0000,0.0000
2070000,23.0873,31.9091,76.9109,0.02150,-0.02371,0.00221,0.96305,0.15887,0.1376,0.2,48.0000,0.0000,0.0000,0.0000
2071000,23.0873,31.9091,76.9109,0.02119,-0.02336,0.00217,0.96323,0.15653,0.1376,0.2,48.0000,0.0000,0.0000,0.0000
2072000,23.0873,31.9091,76.9109,0.02088,-0.02301,0.00214,0.96341,0.15422,0.1376,0.2,48.0000,0.0000,0.0000,0.0000
2073000,23.0873,31.9091,76.9109,0.02057,-0.02267,0.00210,0.96359,0.15195,0.1377,0.2,48.0000,0.0000,0.0000,0.0000
2074000,23.0873,31.9091,76.9109,0.02027,-0.02234,0.00206,0.96377,0.14971,0.1377,0.2,48.0000,0.0000,0.0000,0.0000
2075000,23.0873,31.9091,76.9109,0.01997,-0.02201,0.00203,0.96391,0.14750,0.1377,0.2,48.0000,0.0000,0.0000,0.0000
2076000,23.0873,31.9091,76.9109,0.01968,-0.02168,0.00200,0.96403,0.14533,0.1377,0.2,48.0000,0.0000,0.0000,0.0000
2077000,23.0873,31.9091,76.9109,0.01939,-0.02136,0.00197,0.96415,0.14318,0.1377,0.2,48.0000,0.0000,0.0000,0.0000
2078000,23.0873,31.9091,76.9109,0.01911,-0.02104,0.00193,0.96427,0.14107,0.1378,0.2,48.0000,0.0000,0.0000,0.0000
2079000,23.0873,31.9091,76.9109,0.01883,-0.02073,0.00190,0.96438,0.13899,0.1378,0.2,48.0000,0.0000,0.0000,0.0000
2080000,23.0873,31.9091,76.9109,0.01855,-0.02043,0.00187,0.96450,0.13694,0.1378,0.2,48.0000,0.0000,0.0000,0.0000
2081000,23.0873,31.9091,76.9109,0.01828,-0.02012,0.00184,0.96462,0.13492,0.1378,0.2,48.0000,0.0000,0.0000,0.0000
2082000,23.0873,31.9091,76.9109,0.01801,-0.01982,0.00181,0.96474,0.13294,0.1378,0.2,48.0000,0.0000,0.0000,0.0000
2083000,23.0873,31.9091,76.9109,0.01775,-0.01953,0.00178,0.96486,0.13098,0.1378,0.2,48.0000,0.0000,0.0000,0.0000
2084000,23.0873,31.9091,76.9109,0.01749,-0.01924,0.00175,0.96498,0.12905,0.1379,0.2,48.0000,0.0000,0.0000,0.0000
2085000,23.0873,31.9091,76.9109,0.01723,-0.01896,0.00172,0.96510,0.12714,0.1379,0.2,48.0000,0.0000,0.0000,0.0000
2086000,23.0873,31.9091,76.9109,0.01698,-0.01868,0.00170,0.96522,0.12527,0.1379,0.2,48.0000,0.0000,0.0000,0.0000
2087000,23.0873,31.9091,76.9109,0.01673,-0.01840,0.00167,0.96534,0.12342,0.1379,0.2,48.0000,0.0000,0.0000,0.0000
2088000,23.0873,31.9091,76.9109,0.01649,-0.01813,0.00164,0.96546,0.12160,0.1379,0.2,48.0000,0.0000,0.0000,0.0000
2089000,23.0873,31.9091,76.9109,0.01624,-0.01786,0.00162,0.96558,0.11981,0.1379,0.2,48.0000,0.0000,0.0000,0.0000
2090000,23.0873,31.9091,76.9109,0.01601,-0.01760,0.00159,0.96570,0.11804,0.1380,0.2,48.0000,0.0000,0.0000,0.0000
2091000,23.0873,31.9091,76.9109,0.01577,-0.01734,0.00156,0.96582,0.11630,0.1380,0.2,48.0000,0.0000,0.0000,0.0000
2092000,23.0873,31.9091,76.9109,0.01554,-0.01708,0.00154,0.96593,0.11459,0.1380,0.2,48.0000,0.0000,0.0000,0.0000
2093000,23.0873,31.9091,76.9109,0.01531,-0.01683,0.00151,0.96605,0.11290,0.1380,0.2,48.0000,0.0000,0.0000,0.0000
2094000,23.0873,31.9091,76.9109,0.01509,-0.01658,0.00149,0.96617,0.11124,0.1380,0.2,48.0000,0.0000,0.0000,0.0000
2095000,23.0873,31.9091,76.9109,0.01487,-0.01633,0.00146,0.96629,0.10960,0.1380,0.1,48.0000,0.0000,0.0000,0.0000
2096000,23.0873,31.9091,76.9109,0.01465,-0.01609,0.00144,0.96641,0.10798,0.1381,0.1,48.0000,0.0000,0.0000,0.0000
2097000,23.0873,31.9091,76.9109,0.01443,-0.01585,0.00142,0.96653,0.10639,0.1381,0.1,48.0000,0.0000,0.0000,0.0000
2098000,23.0873,31.9091,76.9109,0.01422,-0.01562,0.00139,0.96665,0.10482,0.1381,0.1,48.0000,0.0000,0.0000,0.0000
2099000,23.0873,31.9091,76.9109,0.01401,-0.01539,0.00137,0.96677,0.10327,0.1381,0.1,48.0000,0.0000,0.0000,0.0000
2100000,23.0873,31.9091,76.9109,0.01381,-0.01516,0.00135,0.96689,0.10175,0.1381,0.1,48.0000,0.0000,0.0000,0.0000
2101000,23.0873,31.9091,76.9109,0.01361,-0.01493,0.00133,0.96701,0.10025,0.1381,0.1,48.0000,0.0000,0.0000,0.0000
2102000,23.0873,31.9091,76.9109,0.01341,-0.01471,0.00131,0.96713,0.09877,0.1382,0.1,48.0000,0.0000,0.0000,0.0000
2103000,23.0873,31.9091,76.9109,0.01321,-0.01450,0.00128,0.96725,0.09732,0.1382,0.1,48.0000,0.0000,0.0000,0.0000
2104000,23.0873,31.9091,76.9109,0.01302,-0.01428,0.00126,0.96736,0.09588,0.1382,0.1,48.0000,0.0000,0.0000,0.0000
2105000,23.0873,31.9091,76.9109,0.01283,-0.01407,0.00124,0.96748,0.09447,0.1382,0.1,48.0000,0.0000,0.0000,0.0000
2106000,23.0873,31.9091,76.9109,0.01264,-0.01386,0.00122,0.96760,0.09308,0.1382,0.1,48.0000,0.0000,0.0000,0.0000
2107000,23.0873,31.9091,76.9109,0.01245,-0.01366,0.00120,0.96772,0.09171,0.1382,0.1,48.0000,0.0000,0.0000,0.0000
2108000,23.0873,31.9091,76.9109,0.01227,-0.01345,0.00118,0.96784,0.09035,0.1383,0.1,48.0000,0.0000,0.0000,0.0000
2109000,23.0873,31.9091,76.9109,0.01209,-0.01326,0.00116,0.96794,0.08902,0.1383,0.1,48.0000,0.0000,0.0000,0.0000
2110000,23.0873,31.9091,76.9109,0.01191,-0.01306,0.00115,0.96800,0.08771,0.1383,0.1,48.0000,0.0000,0.0000,0.0000
2111000,23.0873,31.9091,76.9109,0.01174,-0.01287,0.00113,0.96806,0.08642,0.1383,0.1,48.0000,0.0000,0.0000,0.0000
2112000,23.0873,31.9091,76.9109,0.01156,-0.01268,0.00111,0.96812,0.08514,0.1383,0.1,48.0000,0.0000,0.0000,0.0000
2113000,23.0873,31.9091,76.9109,0.01139,-0.01249,0.00109,0.96818,0.08389,0.1383,0.1,48.0000,0.0000,0.0000,0.0000
2114000,23.0873,31.9091,76.9109,0.01123,-0.01230,0.00108,0.96824,0.08265,0.1383,0.1,48.0000,0.0000,0.0000,0.0000
2115000,23.0873,31.9091,76.9109,0.01106,-0.01212,0.00106,0.96830,0.08143,0.1383,0.1,48.0000,0.0000,0.0000,0.0000
2116000,23.0873,31.9091,76.9109,0.01090,-0.01194,0.00104,0.96836,0.08023,0.1383,0.1,48.0000,0.0000,0.0000,0.0000
2117000,23.0873,31.9091,76.9109,0.01074,-0.01177,0.00103,0.96842,0.07905,0.1383,0.1,48.0000,0.0000,0.0000,0.0000
2118000,23.0873,31.9091,76.9109,0.01058,-0.01159,0.00101,0.96848,0.07788,0.1384,0.1,48.0000,0.0000,0.0000,0.0000
2119000,23.0873,31.9091,76.9109,0.01043,-0.01142,0.00100,0.96854,0.07674,0.1384,0.1,48.0000,0.0000,0.0000,0.0000
2120000,23.0873,31.9091,76.9109,0.01027,-0.01125,0.00098,0.96860,0.07560,0.1384,0.1,48.0000,0.0000,0.0000,0.0000
2121000,23.0873,31.9091,76.9109,0.01012,-0.01109,0.00097,0.96866,0.07449,0.1384,0.1,48.0000,0.0000,0.0000,0.0000
2122000,23.0873,31.9091,76.9109,0.00997,-0.01092,0.00095,0.96872,0.07339,0.1384,0.1,48.0000,0.0000,0.0000,0.0000
2123000,23.0873,31.9091,76.9109,0.00983,-0.01076,0.00094,0.96878,0.07231,0.1384,0.1,48.0000,0.0000,0.0000,0.0000
2124000,23.0873,31.9091,76.9109,0.00968,-0.01060,0.00092,0.96884,0.07124,0.1384,0.1,48.0000,0.0000,0.0000,0.0000
2125000,23.0873,31.9091,76.9109,0.00954,-0.01045,0.00091,0.96890,0.07019,0.1384,0.1,48.0000,0.0000,0.0000,0.0000
2126000,23.0873,31.9091,76.9109,0.00940,-0.01029,0.00089,0.96896,0.06916,0.1384,0.1,48.0000,0.0000,0.0000,0.0000
2127000,23.0873,31.9091,76.9109,0.00926,-0.01014,0.00088,0.96902,0.06814,0.1384,0.1,48.0000,0.0000,0.0000,0.0000
2128000,23.0873,31.9091,76.9109,0.00913,-0.00999,0.00087,0.96908,0.06713,0.1384,0.1,48.0000,0.0000,0.0000,0.0000
2129000,23.0873,31.9091,76.9109,0.00899,-0.00984,0.00085,0.96914,0.06615,0.1384,0.1,48.0000,0.0000,0.0000,0.0000
2130000,23.0873,31.9091,76.9109,0.00886,-0.00970,0.00084,0.96920,0.06517,0.1385,0.1,48.0000,0.0000,0.0000,0.0000
2131000,23.0873,31.9091,76.9109,0.00873,-0.00955,0.00083,0.96925,0.06421,0.1385,0.1,48.0000,0.0000,0.0000,0.0000
2132000,23.0873,31.9091,76.9109,0.00860,-0.00941,0.00081,0.96931,0.06326,0.1385,0.1,48.0000,0.0000,0.0000,0.0000
2133000,23.0873,31.9091,76.9109,0.00847,-0.00927,0.00080,0.96937,0.06233,0.1385,0.1,48.0000,0.0000,0.0000,0.0000
2134000,23.0873,31.9091,76.9109,0.00835,-0.00914,0.00079,0.96943,0.06141,0.1385,0.1,48.0000,0.0000,0.0000,0.0000
2135000,23.0873,31.9091,76.9109,0.00823,-0.00900,0.00078,0.96949,0.06051,0.1385,0.1,48.0000,0.0000,0.0000,0.0000
2136000,23.0873,31.9091,76.9109,0.00811,-0.00887,0.00076,0.96955,0.05961,0.1385,0.1,48.0000,0.0000,0.0000,0.0000
2137000,23.0873,31.9091,76.9109,0.00799,-0.00874,0.00075,0.96961,0.05873,0.1385,0.1,48.0000,0.0000,0.0000,0.0000
2138000,23.0873,31.9091,76.9109,0.00787,-0.00861,0.00074,0.96967,0.05787,0.1385,0.1,48.0000,0.0000,0.0000,0.0000
2139000,23.0873,31.9091,76.9109,0.00775,-0.00848,0.00073,0.96973,0.05702,0.1385,0.1,48.0000,0.0000,0.0000,0.0000
2140000,23.0873,31.9091,76.9109,0.00764,-0.00836,0.00072,0.96979,0.05618,0.1385,0.1,48.0000,0.0000,0.0000,0.0000
2141000,23.0873,31.9091,76.9109,0.00753,-0.00823,0.00071,0.96985,0.05535,0.1386,0.1,48.0000,0.0000,0.0000,0.0000
2142000,23.0873,31.9091,76.9109,0.00742,-0.00811,0.00070,0.96991,0.05453,0.1386,0.1,48.0000,0.0000,0.0000,0.0000
2143000,23.0873,31.9091,76.9109,0.00731,-0.00799,0.00068,0.96997,0.05373,0.1386,0.1,48.0000,0.0000,0.0000,0.0000
2144000,23.0873,31.9091,76.9109,0.00720,-0.00787,0.00067,0.97003,0.05294,0.1386,0.1,48.0000,0.0000,0.0000,0.0000
2145000,23.0873,31.9091,76.9109,0.00709,-0.00776,0.00066,0.97009,0.05216,0.1386,0.1,48.0000,0.0000,0.0000,0.0000
2146000,23.0873,31.9091,76.9109,0.00699,-0.00764,0.00065,0.97015,0.05139,0.1386,0.1,48.0000,0.0000,0.0000,0.0000
2147000,23.0873,31.9091,76.9109,0.00689,-0.00753,0.00064,0.97021,0.05063,0.1386,0.1,48.0000,0.0000,0.0000,0.0000
2148000,23.0873,31.9091,76.9109,0.00679,-0.00742,0.00063,0.97027,0.04988,0.1386,0.1,48.0000,0.0000,0.0000,0.0000
2149000,23.0873,31.9091,76.9109,0.00669,-0.00731,0.00062,0.97033,0.04915,0.1386,0.1,48.0000,0.0000,0.0000,0.0000
2150000,23.0873,31.9091,76.9109,0.00659,-0.00720,0.00061,0.97039,0.04842,0.1386,0.1,48.0000,0.0000,0.0000,0.0000
2151000,23.0873,31.9091,76.9109,0.00649,-0.00709,0.00060,0.97045,0.04771,0.1386,0.1,48.0000,0.0000,0.0000,0.0000
2152000,23.0873,31.9091,76.9109,0.00640,-0.00699,0.00059,0.97051,0.04701,0.1386,0.1,48.0000,0.0000,0.0000,0.0000
2153000,23.0873,31.9091,76.9109,0.00630,-0.00689,0.00059,0.97057,0.04631,0.1387,0.1,48.0000,0.0000,0.0000,0.0000
2154000,23.0873,31.9091,76.9109,0.00621,-0.00679,0.00058,0.97063,0.04563,0.1387,0.1,48.0000,0.0000,0.0000,0.0000
2155000,23.0873,31.9091,76.9109,0.00612,-0.00668,0.00057,0.97069,0.04496,0.1387,0.1,48.0000,0.0000,0.0000,0.0000
2156000,23.0873,31.9091,76.9109,0.00603,-0.00659,0.00056,0.97074,0.04429,0.1387,0.1,48.0000,0.0000,0.0000,0.0000
2157000,23.0873,31.9091,76.9109,0.00594,-0.00649,0.00055,0.97080,0.04364,0.1387,0.1,48.0000,0.0000,0.0000,0.0000
2158000,23.0873,31.9091,76.9109,0.00585,-0.00639,0.00054,0.97086,0.04300,0.1387,0.1,48.0000,0.0000,0.0000,0.0000
2159000,23.0873,31.9091,76.9109,0.00577,-0.00630,0.00053,0.97092,0.04236,0.1387,0.1,48.0000,0.0000,0.0000,0.0000
2160000,23.0873,31.9091,76.9109,0.00568,-0.00621,0.00052,0.97098,0.04174,0.1387,0.1,48.0000,0.0000,0.0000,0.0000
2161000,23.0873,31.9091,76.9109,0.00560,-0.00611,0.00052,0.97104,0.04112,0.1387,0.1,48.0000,0.0000,0.0000,0.0000
2162000,23.0873,31.9091,76.9109,0.00552,-0.00602,0.00051,0.97110,0.04052,0.1387,0.1,48.0000,0.0000,0.0000,0.0000
2163000,23.0873,31.9091,76.9109,0.00543,-0.00593,0.00050,0.97116,0.03992,0.1387,0.1,48.0000,0.0000,0.0000,0.0000
2164000,23.0873,31.9091,76.9109,0.00535,-0.00585,0.00049,0.97122,0.03933,0.1387,0.1,48.0000,0.0000,0.0000,0.0000
2165000,23.0873,31.9091,76.9109,0.00528,-0.00576,0.00049,0.97128,0.03875,0.1388,0.1,48.0000,0.0000,0.0000,0.0000
2166000,23.0873,31.9091,76.9109,0.00520,-0.00568,0.00048,0.97134,0.03818,0.1388,0.1,48.0000,0.0000,0.0000,0.0000
2167000,23.0873,31.9091,76.9109,0.00512,-0.00559,0.00047,0.97140,0.03762,0.1388,0.1,48.0000,0.0000,0.0000,0.0000
2168000,23.0873,31.9091,76.9109,0.00505,-0.00551,0.00046,0.97146,0.03706,0.1388,0.1,48.0000,0.0000,0.0000,0.0000
2169000,23.0873,31.9091,76.9109,0.00497,-0.00543,0.00046,0.97152,0.03652,0.1388,0.0,48.0000,0.0000,0.0000,0.0000
2170000,23.0873,31.9091,76.9109,0.00490,-0.00535,0.00045,0.97158,0.03598,0.1388,0.0,48.0000,0.0000,0.0000,0.0000
2171000,23.0873,31.9091,76.9109,0.00483,-0.00527,0.00044,0.97164,0.03545,0.1388,0.0,48.0000,0.0000,0.0000,0.0000
2172000,23.0873,31.9091,76.9109,0.00476,-0.00519,0.00043,0.97170,0.03493,0.1388,0.0,48.0000,0.0000,0.0000,0.0000
2173000,23.0873,31.9091,76.9109,0.00469,-0.00511,0.00043,0.97176,0.03441,0.1388,0.0,48.0000,0.0000,0.0000,0.0000
2174000,23.0873,31.9091,76.9109,0.00462,-0.00504,0.00042,0.97182,0.03390,0.1388,0.0,48.0000,0.0000,0.0000,0.0000
2175000,23.0873,31.9091,76.9109,0.00455,-0.00496,0.00041,0.97188,0.03340,0.1388,0.0,48.0000,0.0000,0.0000,0.0000
2176000,23.0873,31.9091,76.9109,0.00448,-0.00489,0.00041,0.97194,0.03291,0.1388,0.0,48.0000,0.0000,0.0000,0.0000
2177000,23.0873,31.9091,76.9109,0.00442,-0.00482,0.00040,0.97200,0.03243,0.1389,0.0,48.0000,0.0000,0.0000,0.0000
2178000,23.0873,31.9091,76.9109,0.00435,-0.00475,0.00040,0.97206,0.03195,0.1389,0.0,48.0000,0.0000,0.0000,0.0000
2179000,23.0873,31.9091,76.9109,0.00429,-0.00468,0.00039,0.97212,0.03148,0.1389,0.0,48.0000,0.0000,0.0000,0.0000
2180000,23.0873,31.9091,76.9109,0.00422,-0.00461,0.00038,0.97218,0.03101,0.1389,0.0,48.0000,0.0000,0.0000,0.0000
2181000,23.0873,31.9091,76.9109,0.00416,-0.00454,0.00038,0.97224,0.03056,0.1389,0.0,48.0000,0.0000,0.0000,0.0000
2182000,23.0873,31.9091,76.9109,0.00410,-0.00447,0.00037,0.97229,0.03011,0.1389,0.0,48.0000,0.0000,0.0000,0.0000
2183000,23.0873,31.9091,76.9109,0.00404,-0.00441,0.00037,0.97234,0.02966,0.1389,0.0,48.0000,0.0000,0.0000,0.0000
2184000,23.0873,31.9091,76.9109,0.00398,-0.00434,0.00036,0.97234,0.02922,0.1389,0.0,48.0000,0.0000,0.0000,0.0000
2185000,23.0873,31.9091,76.9109,0.00392,-0.00428,0.00036,0.97234,0.02879,0.1389,0.0,48.0000,0.0000,0.0000,0.0000
2186000,23.0873,31.9091,76.9109,0.00386,-0.00422,0.00035,0.97234,0.02837,0.1389,0.0,48.0000,0.0000,0.0000,0.0000
2187000,23.0873,31.9091,76.9109,0.00381,-0.00415,0.00035,0.97234,0.02795,0.1389,0.0,48.0000,0.0000,0.0000,0.0000
2188000,23.0873,31.9091,76.9109,0.00375,-0.00409,0.00034,0.97234,0.02754,0.1389,0.0,48.0000,0.0000,0.0000,0.0000
2189000,23.0873,31.9091,76.9109,0.00370,-0.00403,0.00033,0.97234,0.02713,0.1389,0.0,48.0000,0.0000,0.0000,0.0000
2190000,23.0873,31.9091,76.9109,0.00364,-0.00397,0.00033,0.97234,0.02673,0.1389,0.0,48.0000,0.0000,0.0000,0.0000
2191000,23.0873,31.9091,76.9109,0.00359,-0.00391,0.00033,0.97234,0.02634,0.1389,0.0,48.0000,0.0000,0.0000,0.0000
2192000,23.0873,31.9091,76.9109,0.00354,-0.00386,0.00032,0.97234,0.02595,0.1389,0.0,48.0000,0.0000,0.0000,0.0000
2193000,23.0873,31.9091,76.9109,0.00348,-0.00380,0.00032,0.97234,0.02557,0.1389,0.0,48.0000,0.0000,0.0000,0.0000
2194000,23.0873,31.9091,76.9109,0.00343,-0.00374,0.00031,0.97234,0.02519,0.1389,0.0,48.0000,0.0000,0.0000,0.0000
2195000,23.0873,31.9091,76.9109,0.00338,-0.00369,0.00031,0.97234,0.02482,0.1389,0.0,48.0000,0.0000,0.0000,0.0000
2196000,23.0873,31.9091,76.9109,0.00333,-0.00363,0.00030,0.97234,0.02445,0.1389,0.0,48.0000,0.0000,0.0000,0.0000
2197000,23.0873,31.9091,76.9109,0.00328,-0.00358,0.00030,0.97234,0.02409,0.1389,0.0,48.0000,0.0000,0.0000,0.0000
2198000,23.0873,31.9091,76.9109,0.00323,-0.00353,0.00029,0.97234,0.02374,0.1389,0.0,48.0000,0.0000,0.0000,0.0000
2199000,23.0873,31.9091,76.9109,0.00319,-0.00347,0.00029,0.97234,0.02339,0.1389,0.0,48.0000,0.0000,0.0000,0.0000
2200000,23.0873,31.9091,76.9109,0.00314,-0.00342,0.00028,0.97234,0.02304,0.1389,0.0,48.0000,0.0000,0.0000,0.0000
2201000,23.0873,31.9091,76.9109,0.00309,-0.00337,0.00028,0.97234,0.02270,0.1389,0.0,48.0000,0.0000,0.0000,0.0000
2202000,23.0873,31.9091,76.9109,0.00305,-0.00332,0.00028,0.97234,0.02237,0.1389,0.0,48.0000,0.0000,0.0000,0.0000
2203000,23.0873,31.9091,76.9109,0.00300,-0.00327,0.00027,0.97234,0.02204,0.1389,0.0,48.0000,0.0000,0.0000,0.0000
2204000,23.0873,31.9091,76.9109,0.00296,-0.00323,0.00027,0.97234,0.02171,0.1389,0.0,48.0000,0.0000,0.0000,0.0000
2205000,23.0873,31.9091,76.9109,0.00291,-0.00318,0.00026,0.97234,0.02139,0.1389,0.0,48.0000,0.0000,0.0000,0.0000
2206000,23.0873,31.9091,76.9109,0.00287,-0.00313,0.00026,0.97234,0.02108,0.1389,0.0,48.0000,0.0000,0.0000,0.0000
2207000,23.0873,31.9091,76.9109,0.00283,-0.00309,0.00026,0.97234,0.02077,0.1389,0.0,48.0000,0.0000,0.0000,0.0000
2208000,23.0873,31.9091,76.9109,0.00279,-0.00304,0.00025,0.97234,0.02046,0.1389,0.0,48.0000,0.0000,0.0000,0.0000
2209000,23.0873,31.9091,76.9109,0.00275,-0.00300,0.00025,0.97234,0.02016,0.1389,0.0,48.0000,0.0000,0.0000,0.0000
2210000,23.0873,31.9091,76.9109,0.00271,-0.00295,0.00025,0.97234,0.01986,0.1389,0.0,48.0000,0.0000,0.0000,0.0000
2211000,23.0873,31.9091,76.9109,0.00267,-0.00291,0.00024,0.97234,0.01957,0.1389,0.0,48.0000,0.0000,0.0000,0.0000
2212000,23.0873,31.9091,76.9109,0.00263,-0.00286,0.00024,0.97234,0.01928,0.1389,0.0,48.0000,0.0000,0.0000,0.0000
2213000,23.0873,31.9091,76.9109,0.00259,-0.00282,0.00023,0.97234,0.01900,0.1389,0.0,48.0000,0.0000,0.0000,0.0000
2214000,23.0873,31.9091,76.9109,0.00255,-0.00278,0.00023,0.97234,0.01872,0.1389,0.0,48.0000,0.0000,0.0000,0.0000
2215000,23.0873,31.9091,76.9109,0.00251,-0.00274,0.00023,0.97234,0.01844,0.1389,0.0,48.0000,0.0000,0.0000,0.0000
2216000,23.0873,31.9091,76.9109,0.00248,-0.00270,0.00022,0.97234,0.01817,0.1389,0.0,48.0000,0.0000,0.0000,0.0000
2217000,23.0873,31.9091,76.9109,0.00244,-0.00266,0.00022,0.97234,0.01790,0.1389,0.0,48.0000,0.0000,0.0000,0.0000
2218000,23.0873,31.9091,76.9109,0.00240,-0.00262,0.00022,0.97234,0.01764,0.1389,0.0,48.0000,0.0000,0.0000,0.0000
2219000,23.0873,31.9091,76.9109,0.00237,-0.00258,0.00021,0.97234,0.01738,0.1389,0.0,48.0000,0.0000,0.0000,0.0000
2220000,23.0873,31.9091,76.9109,0.00233,-0.00254,0.00021,0.97234,0.01712,0.1389,0.0,48.0000,0.0000,0.0000,0.0000
2221000,23.0873,31.9091,76.9109,0.00230,-0.00251,0.00021,0.97234,0.01687,0.1389,0.0,48.0000,0.0000,0.0000,0.0000
2222000,23.0873,31.9091,76.9109,0.00226,-0.00247,0.00021,0.97234,0.01662,0.1389,0.0,48.0000,0.0000,0.0000,0.0000
2223000,23.0873,31.9091,76.9109,0.00223,-0.00243,0.00020,0.97234,0.01638,0.1389,0.0,48.0000,0.0000,0.0000,0.0000
2224000,23.0873,31.9091,76.9109,0.00220,-0.00240,0.00020,0.97234,0.01613,0.1389,0.0,48.0000,0.0000,0.0000,0.0000
2225000,23.0873,31.9091,76.9109,0.00217,-0.00236,0.00020,0.97234,0.01590,0.1389,0.0,48.0000,0.0000,0.0000,0.0000
2226000,23.0873,31.9091,76.9109,0.00213,-0.00233,0.00019,0.97234,0.01566,0.1389,0.0,48.0000,0.0000,0.0000,0.0000
2227000,23.0873,31.9091,76.9109,0.00210,-0.00229,0.00019,0.97234,0.01543,0.1389,0.0,48.0000,0.0000,0.0000,0.0000
2228000,23.0873,31.9091,76.9109,0.00207,-0.00226,0.00019,0.97234,0.01520,0.1389,0.0,48.0000,0.0000,0.0000,0.0000
2229000,23.0873,31.9091,76.9109,0.00204,-0.00223,0.00018,0.97234,0.01498,0.1389,0.0,48.0000,0.0000,0.0000,0.0000
2230000,23.0873,31.9091,76.9109,0.00201,-0.00219,0.00018,0.97234,0.01476,0.1389,0.0,48.0000,0.0000,0.0000,0.0000
2231000,23.0873,31.9091,76.9109,0.00198,-0.00216,0.00018,0.97234,0.01454,0.1389,0.0,48.0000,0.0000,0.0000,0.0000
2232000,23.0873,31.9091,76.9109,0.00195,-0.00213,0.00018,0.97234,0.01433,0.1389,0.0,48.0000,0.0000,0.0000,0.0000
2233000,23.0873,31.9091,76.9109,0.00192,-0.00210,0.00017,0.97234,0.01412,0.1389,0.0,48.0000,0.0000,0.0000,0.0000
2234000,23.0873,31.9091,76.9109,0.00189,-0.00207,0.00017,0.97234,0.01391,0.1389,0.0,48.0000,0.0000,0.0000,0.0000
2235000,23.0873,31.9091,76.9109,0.00187,-0.00204,0.00017,0.97234,0.01370,0.1389,0.0,48.0000,0.0000,0.0000,0.0000
2236000,23.0873,31.9091,76.9109,0.00184,-0.00201,0.00017,0.97234,0.01350,0.1389,0.0,48.0000,0.0000,0.0000,0.0000
2237000,23.0873,31.9091,76.9109,0.00181,-0.00198,0.00016,0.97234,0.01330,0.1389,0.0,48.0000,0.0000,0.0000,0.0000
2238000,23.0873,31.9091,76.9109,0.00179,-0.00195,0.00016,0.97234,0.01311,0.1389,0.0,48.0000,0.0000,0.0000,0.0000
2239000,23.0873,31.9091,76.9109,0.00176,-0.00192,0.00016,0.97234,0.01291,0.1389,0.0,48.0000,0.0000,0.0000,0.0000
2240000,23.0873,31.9091,76.9109,0.00173,-0.00189,0.00016,0.97234,0.01272,0.1389,0.0,48.0000,0.0000,0.0000,0.0000
2241000,23.0873,31.9091,76.9109,0.00171,-0.00186,0.00015,0.97234,0.01253,0.1389,0.0,48.0000,0.0000,0.0000,0.0000
2242000,23.0873,31.9091,76.9109,0.00168,-0.00183,0.00015,0.97234,0.01235,0.1389,0.0,48.0000,0.0000,0.0000,0.0000
2243000,23.0873,31.9091,76.9109,0.00166,-0.00181,0.00015,0.97234,0.01217,0.1389,0.0,48.0000,0.0000,0.0000,0.0000
2244000,23.0873,31.9091,76.9109,0.00163,-0.00178,0.00015,0.97234,0.01199,0.1389,0.0,48.0000,0.0000,0.0000,0.0000
2245000,23.0873,31.9091,76.9109,0.00161,-0.00175,0.00015,0.97234,0.01181,0.1389,0.0,48.0000,0.0000,0.0000,0.0000
2246000,23.0873,31.9091,76.9109,0.00159,-0.00173,0.00014,0.97234,0.01164,0.1389,0.0,48.0000,0.0000,0.0000,0.0000
2247000,23.0873,31.9091,76.9109,0.00156,-0.00170,0.00014,0.97234,0.01147,0.1389,0.0,48.0000,0.0000,0.0000,0.0000
2248000,23.0873,31.9091,76.9109,0.00154,-0.00168,0.00014,0.97234,0.01130,0.1389,0.0,48.0000,0.0000,0.0000,0.0000
2249000,23.0873,31.9091,76.9109,0.00152,-0.00165,0.00014,0.97234,0.01113,0.1389,0.0,48.0000,0.0000,0.0000,0.0000
2250000,23.0873,31.9091,76.9109,0.00149,-0.00163,0.00014,0.97234,0.01097,0.1389,0.0,48.0000,0.0000,0.0000,0.0000
2251000,23.0873,31.9091,76.9109,0.00147,-0.00161,0.00013,0.97234,0.01080,0.1389,0.0,48.0000,0.0000,0.0000,0.0000
2252000,23.0873,31.9091,76.9109,0.00145,-0.00158,0.00013,0.97234,0.01065,0.1389,0.0,48.0000,0.0000,0.0000,0.0000
2253000,23.0873,31.9091,76.9109,0.00143,-0.00156,0.00013,0.97234,0.01049,0.1389,0.0,48.0000,0.0000,0.0000,0.0000
2254000,23.0873,31.9091,76.9109,0.00141,-0.00154,0.00013,0.97234,0.01033,0.1389,0.0,48.0000,0.0000,0.0000,0.0000
2255000,23.0873,31.9091,76.9109,0.00139,-0.00151,0.00013,0.97234,0.01018,0.1389,0.0,48.0000,0.0000,0.0000,0.0000
2256000,23.0873,31.9091,76.9109,0.00137,-0.00149,0.00012,0.97234,0.01003,0.1389,0.0,48.0000,0.0000,0.0000,0.0000
2257000,23.0873,31.9091,76.9109,0.00135,-0.00147,0.00012,0.97234,0.00988,0.1389,0.0,48.0000,0.0000,0.0000,0.0000
2258000,23.0873,31.9091,76.9109,0.00133,-0.00145,0.00012,0.97234,0.00974,0.1389,0.0,48.0000,0.0000,0.0000,0.0000
2259000,23.0873,31.9091,76.9109,0.00131,-0.00143,0.00012,0.97234,0.00959,0.1389,0.0,48.0000,0.0000,0.0000,0.0000
2260000,23.0873,31.9091,76.9109,0.00129,-0.00140,0.00012,0.97234,0.00945,0.1389,0.0,48.0000,0.0000,0.0000,0.0000
2261000,23.0873,31.9091,76.9109,0.00127,-0.00138,0.00011,0.97234,0.00931,0.1389,0.0,48.0000,0.0000,0.0000,0.0000
2262000,23.0873,31.9091,76.9109,0.00125,-0.00136,0.00011,0.97234,0.00918,0.1389,0.0,48.0000,0.0000,0.0000,0.0000
2263000,23.0873,31.9091,76.9109,0.00123,-0.00134,0.00011,0.97234,0.00904,0.1389,0.0,48.0000,0.0000,0.0000,0.0000
2264000,23.0873,31.9091,76.9109,0.00121,-0.00132,0.00011,0.97234,0.00891,0.1389,0.0,48.0000,0.0000,0.0000,0.0000
2265000,23.0873,31.9091,76.9109,0.00120,-0.00130,0.00011,0.97234,0.00878,0.1389,0.0,48.0000,0.0000,0.0000,0.0000
2266000,23.0873,31.9091,76.9109,0.00118,-0.00128,0.00011,0.97234,0.00865,0.1389,0.0,48.0000,0.0000,0.0000,0.0000
2267000,23.0873,31.9091,76.9109,0.00116,-0.00127,0.00011,0.97234,0.00852,0.1389,0.0,48.0000,0.0000,0.0000,0.0000
2268000,23.0873,31.9091,76.9109,0.00114,-0.00125,0.00010,0.97234,0.00839,0.1389,0.0,48.0000,0.0000,0.0000,0.0000
2269000,23.0873,31.9091,76.9109,0.00113,-0.00123,0.00010,0.97234,0.00827,0.1389,0.0,48.0000,0.0000,0.0000,0.0000
2270000,23.0873,31.9091,76.9109,0.00111,-0.00121,0.00010,0.97234,0.00815,0.1389,0.0,48.0000,0.0000,0.0000,0.0000
2271000,23.0873,31.9091,76.9109,0.00109,-0.00119,0.00010,0.97234,0.00803,0.1389,0.0,48.0000,0.0000,0.0000,0.0000
2272000,23.0873,31.9091,76.9109,0.00108,-0.00118,0.00010,0.97234,0.00791,0.1389,0.0,48.0000,0.0000,0.0000,0.0000
2273000,23.0873,31.9091,76.9109,0.00106,-0.00116,0.00010,0.97234,0.00779,0.1389,0.0,48.0000,0.0000,0.0000,0.0000
2274000,23.0873,31.9091,76.9109,0.00105,-0.00114,0.00009,0.97234,0.00768,0.1389,0.0,48.0000,0.0000,0.0000,0.0000
2275000,23.0873,31.9091,76.9109,0.00103,-0.00112,0.00009,0.97234,0.00757,0.1389,0.0,48.0000,0.0000,0.0000,0.0000
2276000,23.0873,31.9091,76.9109,0.00102,-0.00111,0.00009,0.97234,0.00745,0.1389,0.0,48.0000,0.0000,0.0000,0.0000
2277000,23.0873,31.9091,76.9109,0.00100,-0.00109,0.00009,0.97234,0.00734,0.1389,0.0,48.0000,0.0000,0.0000,0.0000
2278000,23.0873,31.9091,76.9109,0.00099,-0.00107,0.00009,0.97234,0.00724,0.1389,0.0,48.0000,0.0000,0.0000,0.0000
2279000,23.0873,31.9091,76.9109,0.00097,-0.00106,0.00009,0.97234,0.00713,0.1389,0.0,48.0000,0.0000,0.0000,0.0000
2280000,23.0873,31.9091,76.9109,0.00096,-0.00104,0.00009,0.97234,0.00702,0.1389,0.0,48.0000,0.0000,0.0000,0.0000
2281000,23.0873,31.9091,76.9109,0.00094,-0.00103,0.00009,0.97234,0.00692,0.1389,0.0,48.0000,0.0000,0.0000,0.0000
2282000,23.0873,31.9091,76.9109,0.00093,-0.00101,0.00008,0.97234,0.00682,0.1389,0.0,48.0000,0.0000,0.0000,0.0000
2283000,23.0873,31.9091,76.9109,0.00092,-0.00100,0.00008,0.97234,0.00672,0.1389,0.0,48.0000,0.0000,0.0000,0.0000
2284000,23.0873,31.9091,76.9109,0.00090,-0.00098,0.00008,0.97234,0.00662,0.1389,0.0,48.0000,0.0000,0.0000,0.0000
2285000,23.0873,31.9091,76.9109,0.00089,-0.00097,0.00008,0.97234,0.00652,0.1389,0.0,48.0000,0.0000,0.0000,0.0000
2286000,23.0873,31.9091,76.9109,0.00088,-0.00095,0.00008,0.97234,0.00642,0.1389,0.0,48.0000,0.0000,0.0000,0.0000
2287000,23.0873,31.9091,76.9109,0.00086,-0.00094,0.00008,0.97234,0.00633,0.1389,0.0,48.0000,0.0000,0.0000,0.0000
2288000,23.0873,31.9091,76.9109,0.00085,-0.00093,0.00008,0.97234,0.00624,0.1389,0.0,48.0000,0.0000,0.0000,0.0000
2289000,23.0873,31.9091,76.9109,0.00084,-0.00091,0.00008,0.97234,0.00614,0.1389,0.0,48.0000,0.0000,0.0000,0.0000
2290000,23.0873,31.9091,76.9109,0.00082,-0.00090,0.00007,0.97234,0.00605,0.1389,0.0,48.0000,0.0000,0.0000,0.0000
2291000,23.0873,31.9091,76.9109,0.00081,-0.00089,0.00007,0.97234,0.00597,0.1389,0.0,48.0000,0.0000,0.0000,0.0000
2292000,23.0873,31.9091,76.9109,0.00080,-0.00087,0.00007,0.97234,0.00588,0.1389,0.0,48.0000,0.0000,0.0000,0.0000
2293000,23.0873,31.9091,76.9109,0.00079,-0.00086,0.00007,0.97234,0.00579,0.1389,0.0,48.0000,0.0000,0.0000,0.0000
2294000,23.0873,31.9091,76.9109,0.00078,-0.00085,0.00007,0.97234,0.00571,0.1389,0.0,48.0000,0.0000,0.0000,0.0000
2295000,23.0873,31.9091,76.9109,0.00077,-0.00084,0.00007,0.97234,0.00562,0.1389,0.0,48.0000,0.0000,0.0000,0.0000
2296000,23.0873,31.9091,76.9109,0.00075,-0.00082,0.00007,0.97234,0.00554,0.1389,0.0,48.0000,0.0000,0.0000,0.0000
2297000,23.0873,31.9091,76.9109,0.00074,-0.00081,0.00007,0.97234,0.00546,0.1389,0.0,48.0000,0.0000,0.0000,0.0000
2298000,23.0873,31.9091,76.9109,0.00073,-0.00080,0.00007,0.97234,0.00538,0.1389,0.0,48.0000,0.0000,0.0000,0.0000
2299000,23.0873,31.9091,76.9109,0.00072,-0.00079,0.00007,0.97234,0.00530,0.1389,0.0,48.0000,0.0000,0.0000,0.0000
2300000,23.0873,31.9091,76.9109,0.00071,-0.00078,0.00006,0.97234,0.00522,0.1389,0.0,48.0000,0.0000,0.0000,0.0000
2301000,23.0873,31.9091,76.9109,0.00070,-0.00076,0.00006,0.97234,0.00514,0.1389,0.0,48.0000,0.0000,0.0000,0.0000
2302000,23.0873,31.9091,76.9109,0.00069,-0.00075,0.00006,0.97234,0.00507,0.1389,0.0,48.0000,0.0000,0.0000,0.0000
2303000,23.0873,31.9091,76.9109,0.00068,-0.00074,0.00006,0.97234,0.00499,0.1389,0.0,48.0000,0.0000,0.0000,0.0000
2304000,23.0873,31.9091,76.9109,0.00067,-0.00073,0.00006,0.97234,0.00492,0.1389,0.0,48.0000,0.0000,0.0000,0.0000
2305000,23.0873,31.9091,76.9109,0.00066,-0.00072,0.00006,0.97234,0.00485,0.1389,0.0,48.0000,0.0000,0.0000,0.0000
2306000,23.0873,31.9091,76.9109,0.00065,-0.00071,0.00006,0.97234,0.00477,0.1389,0.0,48.0000,0.0000,0.0000,0.0000
2307000,23.0873,31.9091,76.9109,0.00064,-0.00070,0.00006,0.97234,0.00470,0.1389,0.0,48.0000,0.0000,0.0000,0.0000
2308000,23.0873,31.9091,76.9109,0.00063,-0.00069,0.00006,0.97234,0.00463,0.1389,0.0,48.0000,0.0000,0.0000,0.0000
2309000,23.0873,31.9091,76.9109,0.00062,-0.00068,0.00006,0.97234,0.00457,0.1389,0.0,48.0000,0.0000,0.0000,0.0000
2310000,23.0873,31.9091,76.9109,0.00061,-0.00067,0.00006,0.97234,0.00450,0.1389,0.0,48.0000,0.0000,0.0000,0.0000
2311000,23.0873,31.9091,76.9109,0.00060,-0.00066,0.00005,0.97234,0.00443,0.1389,0.0,48.0000,0.0000,0.0000,0.0000
2312000,23.0873,31.9091,76.9109,0.00059,-0.00065,0.00005,0.97234,0.00437,0.1389,0.0,48.0000,0.0000,0.0000,0.0000
2313000,23.0873,31.9091,76.9109,0.00059,-0.00064,0.00005,0.97234,0.00430,0.1389,0.0,48.0000,0.0000,0.0000,0.0000
2314000,23.0873,31.9091,76.9109,0.00058,-0.00063,0.00005,0.97234,0.00424,0.1389,0.0,48.0000,0.0000,0.0000,0.0000
2315000,23.0873,31.9091,76.9109,0.00057,-0.00062,0.00005,0.97234,0.00418,0.1389,0.0,48.0000,0.0000,0.0000,0.0000
2316000,23.0873,31.9091,76.9109,0.00056,-0.00061,0.00005,0.97234,0.00411,0.1389,0.0,48.0000,0.0000,0.0000,0.0000
2317000,23.0873,31.9091,76.9109,0.00055,-0.00060,0.00005,0.97234,0.00405,0.1389,0.0,48.0000,0.0000,0.0000,0.0000
2318000,23.0873,31.9091,76.9109,0.00054,-0.00059,0.00005,0.97234,0.00399,0.1389,0.0,48.0000,0.0000,0.0000,0.0000
2319000,23.0873,31.9091,76.9109,0.00054,-0.00058,0.00005,0.97234,0.00394,0.1389,0.0,48.0000,0.0000,0.0000,0.0000
2320000,23.0873,31.9091,76.9109,0.00053,-0.00058,0.00005,0.97234,0.00388,0.1389,0.0,48.0000,0.0000,0.0000,0.0000
2321000,23.0873,31.9091,76.9109,0.00052,-0.00057,0.00005,0.97234,0.00382,0.1389,0.0,48.0000,0.0000,0.0000,0.0000
2322000,23.0873,31.9091,76.9109,0.00051,-0.00056,0.00005,0.97234,0.00376,0.1389,0.0,48.0000,0.0000,0.0000,0.0000
2323000,23.0873,31.9091,76.9109,0.00051,-0.00055,0.00005,0.97234,0.00371,0.1389,0.0,48.0000,0.0000,0.0000,0.0000
2324000,23.0873,31.9091,76.9109,0.00050,-0.00054,0.00005,0.97234,0.00365,0.1389,0.0,48.0000,0.0000,0.0000,0.0000
2325000,23.0873,31.9091,76.9109,0.00049,-0.00053,0.00004,0.97234,0.00360,0.1389,0.0,48.0000,0.0000,0.0000,0.0000
2326000,23.0873,31.9091,76.9109,0.00048,-0.00053,0.00004,0.97234,0.00355,0.1389,0.0,48.0000,0.0000,0.0000,0.0000
2327000,23.0873,31.9091,76.9109,0.00048,-0.00052,0.00004,0.97234,0.00349,0.1389,0.0,48.0000,0.0000,0.0000,0.0000
2328000,23.0873,31.9091,76.9109,0.00047,-0.00051,0.00004,0.97234,0.00344,0.1389,0.0,48.0000,0.0000,0.0000,0.0000
2329000,23.0873,31.9091,76.9109,0.00046,-0.00050,0.00004,0.97234,0.00339,0.1389,0.0,48.0000,0.0000,0.0000,0.0000
2330000,23.0873,31.9091,76.9109,0.00046,-0.00050,0.00004,0.97234,0.00334,0.1389,0.0,48.0000,0.0000,0.0000,0.0000
2331000,23.0873,31.9091,76.9109,0.00045,-0.00049,0.00004,0.97234,0.00329,0.1389,0.0,48.0000,0.0000,0.0000,0.0000
2332000,23.0873,31.9091,76.9109,0.00044,-0.00048,0.00004,0.97234,0.00324,0.1389,0.0,48.0000,0.0000,0.0000,0.0000
2333000,23.0873,31.9091,76.9109,0.00044,-0.00047,0.00004,0.97234,0.00320,0.1389,0.0,48.0000,0.0000,0.0000,0.0000
2334000,23.0873,31.9091,76.9109,0.00043,-0.00047,0.00004,0.97234,0.00315,0.1389,0.0,48.0000,0.0000,0.0000,0.0000
2335000,23.0873,31.9091,76.9109,0.00042,-0.00046,0.00004,0.97234,0.00310,0.1389,0.0,48.0000,0.0000,0.0000,0.0000
2336000,23.0873,31.9091,76.9109,0.00042,-0.00045,0.00004,0.97234,0.00306,0.1389,0.0,48.0000,0.0000,0.0000,0.0000
2337000,23.0873,31.9091,76.9109,0.00041,-0.00045,0.00004,0.97234,0.00301,0.1389,0.0,48.0000,0.0000,0.0000,0.0000
2338000,23.0873,31.9091,76.9109,0.00040,-0.00044,0.00004,0.97234,0.00297,0.1389,0.0,48.0000,0.0000,0.0000,0.0000
2339000,23.0873,31.9091,76.9109,0.00040,-0.00043,0.00004,0.97234,0.00292,0.1389,0.0,48.0000,0.0000,0.0000,0.0000
2340000,23.0873,31.9091,76.9109,0.00039,-0.00043,0.00004,0.97234,0.00288,0.1389,0.0,48.0000,0.0000,0.0000,0.0000
2341000,23.0873,31.9091,76.9109,0.00039,-0.00042,0.00004,0.97234,0.00284,0.1389,0.0,48.0000,0.0000,0.0000,0.0000
2342000,23.0873,31.9091,76.9109,0.00038,-0.00042,0.00003,0.97234,0.00280,0.1389,0.0,48.0000,0.0000,0.0000,0.0000
2343000,23.0873,31.9091,76.9109,0.00038,-0.00041,0.00003,0.97234,0.00276,0.1389,0.0,48.0000,0.0000,0.0000,0.0000
2344000,23.0873,31.9091,76.9109,0.00037,-0.00040,0.00003,0.97234,0.00271,0.1389,0.0,48.0000,0.0000,0.0000,0.0000
2345000,23.0873,31.9091,76.9109,0.00036,-0.00040,0.00003,0.97234,0.00267,0.1389,0.0,48.0000,0.0000,0.0000,0.0000
2346000,23.0873,31.9091,76.9109,0.00036,-0.00039,0.00003,0.97234,0.00264,0.1389,0.0,48.0000,0.0000,0.0000,0.0000
2347000,23.0873,31.9091,76.9109,0.00035,-0.00039,0.00003,0.97234,0.00260,0.1389,0.0,48.0000,0.0000,0.0000,0.0000
2348000,23.0873,31.9091,76.9109,0.00035,-0.00038,0.00003,0.97234,0.00256,0.1389,0.0,48.0000,0.0000,0.0000,0.0000
2349000,23.0873,31.9091,76.9109,0.00034,-0.00037,0.00003,0.97234,0.00252,0.1389,0.0,48.0000,0.0000,0.0000,0.0000
2350000,23.0873,31.9091,76.9109,0.00034,-0.00037,0.00003,0.97234,0.00248,0.1389,0.0,48.0000,0.0000,0.0000,0.0000
2351000,23.0873,31.9091,76.9109,0.00033,-0.00036,0.00003,0.97234,0.00245,0.1389,0.0,48.0000,0.0000,0.0000,0.0000
2352000,23.0873,31.9091,76.9109,0.00033,-0.00036,0.00003,0.97234,0.00241,0.1389,0.0,48.0000,0.0000,0.0000,0.0000
2353000,23.0873,31.9091,76.9109,0.00032,-0.00035,0.00003,0.97234,0.00238,0.1389,0.0,48.0000,0.0000,0.0000,0.0000
2354000,23.0873,31.9091,76.9109,0.00032,-0.00035,0.00003,0.97234,0.00234,0.1389,0.0,48.0000,0.0000,0.0000,0.0000
2355000,23.0873,31.9091,76.9109,0.00031,-0.00034,0.00003,0.97234,0.00231,0.1389,0.0,48.0000,0.0000,0.0000,0.0000
2356000,23.0873,31.9091,76.9109,0.00031,-0.00034,0.00003,0.97234,0.00227,0.1389,0.0,48.0000,0.0000,0.0000,0.0000
2357000,23.0873,31.9091,76.9109,0.00030,-0.00033,0.00003,0.97234,0.00224,0.1389,0.0,48.0000,0.0000,0.0000,0.0000
2358000,23.0873,31.9091,76.9109,0.00030,-0.00033,0.00003,0.97234,0.00221,0.1389,0.0,48.0000,0.0000,0.0000,0.0000
2359000,23.0873,31.9091,76.9109,0.00030,-0.00032,0.00003,0.97234,0.00217,0.1389,0.0,48.0000,0.0000,0.0000,0.0000
2360000,23.0873,31.9091,76.9109,0.00029,-0.00032,0.00003,0.97234,0.00214,0.1389,0.0,48.0000,0.0000,0.0000,0.0000
2361000,23.0873,31.9091,76.9109,0.00029,-0.00031,0.00003,0.97234,0.00211,0.1389,0.0,48.0000,0.0000,0.0000,0.0000
2362000,23.0873,31.9091,76.9109,0.00028,-0.00031,0.00003,0.97234,0.00208,0.1389,0.0,48.0000,0.0000,0.0000,0.0000
2363000,23.0873,31.9091,76.9109,0.00028,-0.00030,0.00003,0.97234,0.00205,0.1389,0.0,48.0000,0.0000,0.0000,0.0000
2364000,23.0873,31.9091,76.9109,0.00027,-0.00030,0.00002,0.97234,0.00202,0.1389,0.0,48.0000,0.0000,0.0000,0.0000
2365000,23.0873,31.9091,76.9109,0.00027,-0.00030,0.00002,0.97234,0.00199,0.1389,0.0,48.0000,0.0000,0.0000,0.0000
2366000,23.0873,31.9091,76.9109,0.00027,-0.00029,0.00002,0.97234,0.00196,0.1389,0.0,48.0000,0.0000,0.0000,0.0000
2367000,23.0873,31.9091,76.9109,0.00026,-0.00029,0.00002,0.97234,0.00193,0.1389,0.0,48.0000,0.0000,0.0000,0.0000
2368000,23.0873,31.9091,76.9109,0.00026,-0.00028,0.00002,0.97234,0.00190,0.1389,0.0,48.0000,0.0000,0.0000,0.0000
2369000,23.0873,31.9091,76.9109,0.00026,-0.00028,0.00002,0.97234,0.00187,0.1389,0.0,48.0000,0.0000,0.0000,0.0000
2370000,23.0873,31.9091,76.9109,0.00025,-0.00027,0.00002,0.97234,0.00185,0.1389,0.0,48.0000,0.0000,0.0000,0.0000
2371000,23.0873,31.9091,76.9109,0.00025,-0.00027,0.00002,0.97234,0.00182,0.1389,0.0,48.0000,0.0000,0.0000,0.0000
2372000,23.0873,31.9091,76.9109,0.00024,-0.00027,0.00002,0.97234,0.00179,0.1389,0.0,48.0000,0.0000,0.0000,0.0000
2373000,23.0873,31.9091,76.9109,0.00024,-0.00026,0.00002,0.97234,0.00176,0.1389,0.0,48.0000,0.0000,0.0000,0.0000
2374000,23.0873,31.9091,76.9109,0.00024,-0.00026,0.00002,0.97234,0.00174,0.1389,0.0,48.0000,0.0000,0.0000,0.0000
2375000,23.0873,31.9091,76.9109,0.00023,-0.00025,0.00002,0.97234,0.00171,0.1389,0.0,48.0000,0.0000,0.0000,0.0000
2376000,23.0873,31.9091,76.9109,0.00023,-0.00025,0.00002,0.97234,0.00169,0.1389,0.0,48.0000,0.0000,0.0000,0.0000
2377000,23.0873,31.9091,76.9109,0.00023,-0.00025,0.00002,0.97234,0.00166,0.1389,0.0,48.0000,0.0000,0.0000,0.0000
2378000,23.0873,31.9091,76.9109,0.00022,-0.00024,0.00002,0.97234,0.00164,0.1389,0.0,48.0000,0.0000,0.0000,0.0000
2379000,23.0873,31.9091,76.9109,0.00022,-0.00024,0.00002,0.97234,0.00161,0.1389,0.0,48.0000,0.0000,0.0000,0.0000
2380000,23.0873,31.9091,76.9109,0.00022,-0.00024,0.00002,0.97234,0.00159,0.1389,0.0,48.0000,0.0000,0.0000,0.0000
2381000,23.0873,31.9091,76.9109,0.00021,-0.00023,0.00002,0.97234,0.00157,0.1389,0.0,48.0000,0.0000,0.0000,0.0000
2382000,23.0873,31.9091,76.9109,0.00021,-0.00023,0.00002,0.97234,0.00154,0.1389,0.0,48.0000,0.0000,0.0000,0.0000
2383000,23.0873,31.9091,76.9109,0.00021,-0.00023,0.00002,0.97234,0.00152,0.1389,0.0,48.0000,0.0000,0.0000,0.0000
2384000,23.0873,31.9091,76.9109,0.00020,-0.00022,0.00002,0.97234,0.00150,0.1389,0.0,48.0000,0.0000,0.0000,0.0000
2385000,23.0873,31.9091,76.9109,0.00020,-0.00022,0.00002,0.97234,0.00148,0.1389,0.0,48.0000,0.0000,0.0000,0.0000
2386000,23.0873,31.9091,76.9109,0.00020,-0.00022,0.00002,0.97234,0.00146,0.1389,0.0,48.0000,0.0000,0.0000,0.0000
2387000,23.0873,31.9091,76.9109,0.00020,-0.00021,0.00002,0.97234,0.00143,0.1389,0.0,48.0000,0.0000,0.0000,0.0000
2388000,23.0873,31.9091,76.9109,0.00019,-0.00021,0.00002,0.97234,0.00141,0.1389,0.0,48.0000,0.0000,0.0000,0.0000
2389000,23.0873,31.9091,76.9109,0.00019,-0.00021,0.00002,0.97234,0.00139,0.1389,0.0,48.0000,0.0000,0.0000,0.0000
2390000,23.0873,31.9091,76.9109,0.00019,-0.00020,0.00002,0.97234,0.00137,0.1389,0.0,48.0000,0.0000,0.0000,0.0000
2391000,23.0873,31.9091,76.9109,0.00018,-0.00020,0.00002,0.97234,0.00135,0.1389,0.0,48.0000,0.0000,0.0000,0.0000
2392000,23.0873,31.9091,76.9109,0.00018,-0.00020,0.00002,0.97234,0.00133,0.1389,0.0,48.0000,0.0000,0.0000,0.0000
2393000,23.0873,31.9091,76.9109,0.00018,-0.00019,0.00002,0.97234,0.00131,0.1389,0.0,48.0000,0.0000,0.0000,0.0000
2394000,23.0873,31.9091,76.9109,0.00018,-0.00019,0.00002,0.97234,0.00129,0.1389,0.0,48.0000,0.0000,0.0000,0.0000
2395000,23.0873,31.9091,76.9109,0.00017,-0.00019,0.00002,0.97234,0.00127,0.1389,0.0,48.0000,0.0000,0.0000,0.0000
2396000,23.0873,31.9091,76.9109,0.00017,-0.00019,0.00002,0.97234,0.00125,0.1389,0.0,48.0000,0.0000,0.0000,0.0000
2397000,23.0873,31.9091,76.9109,0.00017,-0.00018,0.00002,0.97234,0.00124,0.1389,0.0,48.0000,0.0000,0.0000,0.0000
2398000,23.0873,31.9091,76.9109,0.00017,-0.00018,0.00002,0.97234,0.00122,0.1389,0.0,48.0000,0.0000,0.0000,0.0000
2399000,23.0873,31.9091,76.9109,0.00016,-0.00018,0.00001,0.97234,0.00120,0.1389,0.0,48.0000,0.0000,0.0000,0.0000
2400000,23.0873,31.9091,76.9109,0.00016,-0.00018,0.00001,0.97234,0.00118,0.1389,0.0,48.0000,0.0000,0.0000,0.0000
2401000,23.0873,31.9091,76.9109,0.00016,-0.00017,0.00001,0.97234,0.00116,0.1389,0.0,48.0000,0.0000,0.0000,0.0000
2402000,23.0873,31.9091,76.9109,0.00016,-0.00017,0.00001,0.97234,0.00115,0.1389,0.0,48.0000,0.0000,0.0000,0.0000
2403000,23.0873,31.9091,76.9109,0.00015,-0.00017,0.00001,0.97234,0.00113,0.1389,0.0,48.0000,0.0000,0.0000,0.0000
2404000,23.0873,31.9091,76.9109,0.00015,-0.00017,0.00001,0.97234,0.00111,0.1389,0.0,48.0000,0.0000,0.0000,0.0000
2405000,23.0873,31.9091,76.9109,0.00015,-0.00016,0.00001,0.97234,0.00110,0.1389,0.0,48.0000,0.0000,0.0000,0.0000
2406000,23.0873,31.9091,76.9109,0.00015,-0.00016,0.00001,0.97234,0.00108,0.1389,0.0,48.0000,0.0000,0.0000,0.0000
2407000,23.0873,31.9091,76.9109,0.00015,-0.00016,0.00001,0.97234,0.00107,0.1389,0.0,48.0000,0.0000,0.0000,0.0000
2408000,23.0873,31.9091,76.9109,0.00014,-0.00016,0.00001,0.97234,0.00105,0.1389,0.0,48.0000,0.0000,0.0000,0.0000
2409000,23.0873,31.9091,76.9109,0.00014,-0.00015,0.00001,0.97234,0.00103,0.1389,0.0,48.0000,0.0000,0.0000,0.0000
2410000,23.0873,31.9091,76.9109,0.00014,-0.00015,0.00001,0.97234,0.00102,0.1389,0.0,48.0000,0.0000,0.0000,0.0000
2411000,23.0873,31.9091,76.9109,0.00014,-0.00015,0.00001,0.97234,0.00100,0.1389,0.0,48.0000,0.0000,0.0000,0.0000
2412000,23.0873,31.9091,76.9109,0.00013,-0.00015,0.00001,0.97234,0.00099,0.1389,0.0,48.0000,0.0000,0.0000,0.0000
2413000,23.0873,31.9091,76.9109,0.00013,-0.00014,0.00001,0.97234,0.00097,0.1389,0.0,48.0000,0.0000,0.0000,0.0000
2414000,23.0873,31.9091,76.9109,0.00013,-0.00014,0.00001,0.97234,0.00096,0.1389,0.0,48.0000,0.0000,0.0000,0.0000
2415000,23.0873,31.9091,76.9109,0.00013,-0.00014,0.00001,0.97234,0.00095,0.1389,0.0,48.0000,0.0000,0.0000,0.0000
2416000,23.0873,31.9091,76.9109,0.00013,-0.00014,0.00001,0.97234,0.00093,0.1389,0.0,48.0000,0.0000,0.0000,0.0000
2417000,23.0873,31.9091,76.9109,0.00013,-0.00014,0.00001,0.97234,0.00092,0.1389,0.0,48.0000,0.0000,0.0000,0.0000
2418000,23.0873,31.9091,76.9109,0.00012,-0.00013,0.00001,0.97234,0.00090,0.1389,0.0,48.0000,0.0000,0.0000,0.0000
2419000,23.0873,31.9091,76.9109,0.00012,-0.00013,0.00001,0.97234,0.00089,0.1389,0.0,48.0000,0.0000,0.0000,0.0000
2420000,23.0873,31.9091,76.9109,0.00012,-0.00013,0.00001,0.97234,0.00088,0.1389,0.0,48.0000,0.0000,0.0000,0.0000
2421000,23.0873,31.9091,76.9109,0.00012,-0.00013,0.00001,0.97234,0.00087,0.1389,0.0,48.0000,0.0000,0.0000,0.0000
2422000,23.0873,31.9091,76.9109,0.00012,-0.00013,0.00001,0.97234,0.00085,0.1389,0.0,48.0000,0.0000,0.0000,0.0000
2423000,23.0873,31.9091,76.9109,0.00011,-0.00012,0.00001,0.97234,0.00084,0.1389,0.0,48.0000,0.0000,0.0000,0.0000
2424000,23.0873,31.9091,76.9109,0.00011,-0.00012,0.00001,0.97234,0.00083,0.1389,0.0,48.0000,0.0000,0.0000,0.0000
2425000,23.0873,31.9091,76.9109,0.00011,-0.00012,0.00001,0.97234,0.00082,0.1389,0.0,48.0000,0.0000,0.0000,0.0000
2426000,23.0873,31.9091,76.9109,0.00011,-0.00012,0.00001,0.97234,0.00080,0.1389,0.0,48.0000,0.0000,0.0000,0.0000
2427000,23.0873,31.9091,76.9109,0.00011,-0.00012,0.00001,0.97234,0.00079,0.1389,0.0,48.0000,0.0000,0.0000,0.0000
2428000,23.0873,31.9091,76.9109,0.00011,-0.00012,0.00001,0.97234,0.00078,0.1389,0.0,48.0000,0.0000,0.0000,0.0000
2429000,23.0873,31.9091,76.9109,0.00010,-0.00011,0.00001,0.97234,0.00077,0.1389,0.0,48.0000,0.0000,0.0000,0.0000
2430000,23.0873,31.9091,76.9109,0.00010,-0.00011,0.00001,0.97234,0.00076,0.1389,0.0,48.0000,0.0000,0.0000,0.0000
2431000,23.0873,31.9091,76.9109,0.00010,-0.00011,0.00001,0.97234,0.00075,0.1389,0.0,48.0000,0.0000,0.0000,0.0000
2432000,23.0873,31.9091,76.9109,0.00010,-0.00011,0.00001,0.97234,0.00073,0.1389,0.0,48.0000,0.0000,0.0000,0.0000
2433000,23.0873,31.9091,76.9109,0.00010,-0.00011,0.00001,0.97234,0.00072,0.1389,0.0,48.0000,0.0000,0.0000,0.0000
2434000,23.0873,31.9091,76.9109,0.00010,-0.00011,0.00001,0.97234,0.00071,0.1389,0.0,48.0000,0.0000,0.0000,0.0000
2435000,23.0873,31.9091,76.9109,0.00010,-0.00010,0.00001,0.97234,0.00070,0.1389,0.0,48.0000,0.0000,0.0000,0.0000
2436000,23.0873,31.9091,76.9109,0.00009,-0.00010,0.00001,0.97234,0.00069,0.1389,0.0,48.0000,0.0000,0.0000,0.0000
2437000,23.0873,31.9091,76.9109,0.00009,-0.00010,0.00001,0.97234,0.00068,0.1389,0.0,48.0000,0.0000,0.0000,0.0000
2438000,23.0873,31.9091,76.9109,0.00009,-0.00010,0.00001,0.97234,0.00067,0.1389,0.0,48.0000,0.0000,0.0000,0.0000
2439000,23.0873,31.9091,76.9109,0.00009,-0.00010,0.00001,0.97234,0.00066,0.1389,0.0,48.0000,0.0000,0.0000,0.0000
2440000,23.0873,31.9091,76.9109,0.00009,-0.00010,0.00001,0.97234,0.00065,0.1389,0.0,48.0000,0.0000,0.0000,0.0000
2441000,23.0873,31.9091,76.9109,0.00009,-0.00010,0.00001,0.97234,0.00064,0.1389,0.0,48.0000,0.0000,0.0000,0.0000
2442000,23.0873,31.9091,76.9109,0.00009,-0.00009,0.00001,0.97234,0.00063,0.1389,0.0,48.0000,0.0000,0.0000,0.0000
2443000,23.0873,31.9091,76.9109,0.00009,-0.00009,0.00001,0.97234,0.00062,0.1389,0.0,48.0000,0.0000,0.0000,0.0000
2444000,23.0873,31.9091,76.9109,0.00008,-0.00009,0.00001,0.97234,0.00061,0.1389,0.0,48.0000,0.0000,0.0000,0.0000
2445000,23.0873,31.9091,76.9109,0.00008,-0.00009,0.00001,0.97234,0.00061,0.1389,0.0,48.0000,0.0000,0.0000,0.0000
2446000,23.0873,31.9091,76.9109,0.00008,-0.00009,0.00001,0.97234,0.00060,0.1389,0.0,48.0000,0.0000,0.0000,0.0000
2447000,23.0873,31.9091,76.9109,0.00008,-0.00009,0.00001,0.97234,0.00059,0.1389,0.0,48.0000,0.0000,0.0000,0.0000
2448000,23.0873,31.9091,76.9109,0.00008,-0.00009,0.00001,0.97234,0.00058,0.1389,0.0,48.0000,0.0000,0.0000,0.0000
2449000,23.0873,31.9091,76.9109,0.00008,-0.00008,0.00001,0.97234,0.00057,0.1389,0.0,48.0000,0.0000,0.0000,0.0000
2450000,23.0873,31.9091,76.9109,0.00008,-0.00008,0.00001,0.97234,0.00056,0.1389,0.0,48.0000,0.0000,0.0000,0.0000
2451000,23.0873,31.9091,76.9109,0.00008,-0.00008,0.00001,0.97234,0.00055,0.1389,0.0,48.0000,0.0000,0.0000,0.0000
2452000,23.0873,31.9091,76.9109,0.00007,-0.00008,0.00001,0.97234,0.00055,0.1389,0.0,48.0000,0.0000,0.0000,0.0000
2453000,23.0873,31.9091,76.9109,0.00007,-0.00008,0.00001,0.97234,0.00054,0.1389,0.0,48.0000,0.0000,0.0000,0.0000
2454000,23.0873,31.9091,76.9109,0.00007,-0.00008,0.00001,0.97234,0.00053,0.1389,0.0,48.0000,0.0000,0.0000,0.0000
2455000,23.0873,31.9091,76.9109,0.00007,-0.00008,0.00001,0.97234,0.00052,0.1389,0.0,48.0000,0.0000,0.0000,0.0000
2456000,23.0873,31.9091,76.9109,0.00007,-0.00008,0.00001,0.97234,0.00051,0.1389,0.0,48.0000,0.0000,0.0000,0.0000
2457000,23.0873,31.9091,76.9109,0.00007,-0.00008,0.00001,0.97234,0.00051,0.1389,0.0,48.0000,0.0000,0.0000,0.0000
2458000,23.0873,31.9091,76.9109,0.00007,-0.00007,0.00001,0.97234,0.00050,0.1389,0.0,48.0000,0.0000,0.0000,0.0000
2459000,23.0873,31.9091,76.9109,0.00007,-0.00007,0.00001,0.97234,0.00049,0.1389,0.0,48.0000,0.0000,0.0000,0.0000
2460000,23.0873,31.9091,76.9109,0.00007,-0.00007,0.00001,0.97234,0.00048,0.1389,0.0,48.0000,0.0000,0.0000,0.0000
2461000,23.0873,31.9091,76.9109,0.00007,-0.00007,0.00001,0.97234,0.00048,0.1389,0.0,48.0000,0.0000,0.0000,0.0000
2462000,23.0873,31.9091,76.9109,0.00006,-0.00007,0.00001,0.97234,0.00047,0.1389,0.0,48.0000,0.0000,0.0000,0.0000
2463000,23.0873,31.9091,76.9109,0.00006,-0.00007,0.00001,0.97234,0.00046,0.1389,0.0,48.0000,0.0000,0.0000,0.0000
2464000,23.0873,31.9091,76.9109,0.00006,-0.00007,0.00001,0.97234,0.00046,0.1389,0.0,48.0000,0.0000,0.0000,0.0000
2465000,23.0873,31.9091,76.9109,0.00006,-0.00007,0.00001,0.97234,0.00045,0.1389,0.0,48.0000,0.0000,0.0000,0.0000
2466000,23.0873,31.9091,76.9109,0.00006,-0.00007,0.00001,0.97234,0.00044,0.1389,0.0,48.0000,0.0000,0.0000,0.0000
2467000,23.0873,31.9091,76.9109,0.00006,-0.00006,0.00001,0.97234,0.00044,0.1389,0.0,48.0000,0.0000,0.0000,0.0000
2468000,23.0873,31.9091,76.9109,0.00006,-0.00006,0.00001,0.97234,0.00043,0.1389,0.0,48.0000,0.0000,0.0000,0.0000
2469000,23.0873,31.9091,76.9109,0.00006,-0.00006,0.00001,0.97234,0.00042,0.1389,0.0,48.0000,0.0000,0.0000,0.0000
2470000,23.0873,31.9091,76.9109,0.00006,-0.00006,0.00001,0.97234,0.00042,0.1389,0.0,48.0000,0.0000,0.0000,0.0000
2471000,23.0873,31.9091,76.9109,0.00006,-0.00006,0.00001,0.97234,0.00041,0.1389,0.0,48.0000,0.0000,0.0000,0.0000
2472000,23.0873,31.9091,76.9109,0.00006,-0.00006,0.00001,0.97234,0.00041,0.1389,0.0,48.0000,0.0000,0.0000,0.0000
2473000,23.0873,31.9091,76.9109,0.00005,-0.00006,0.00000,0.97234,0.00040,0.1389,0.0,48.0000,0.0000,0.0000,0.0000
2474000,23.0873,31.9091,76.9109,0.00005,-0.00006,0.00000,0.97234,0.00039,0.1389,0.0,48.0000,0.0000,0.0000,0.0000
2475000,23.0873,31.9091,76.9109,0.00005,-0.00006,0.00000,0.97234,0.00039,0.1389,0.0,48.0000,0.0000,0.0000,0.0000
2476000,23.0873,31.9091,76.9109,0.00005,-0.00006,0.00000,0.97234,0.00038,0.1389,0.0,48.0000,0.0000,0.0000,0.0000
2477000,23.0873,31.9091,76.9109,0.00005,-0.00006,0.00000,0.97234,0.00038,0.1389,0.0,48.0000,0.0000,0.0000,0.0000
2478000,23.0873,31.9091,76.9109,0.00005,-0.00006,0.00000,0.97234,0.00037,0.1389,0.0,48.0000,0.0000,0.0000,0.0000
2479000,23.0873,31.9091,76.9109,0.00005,-0.00005,0.00000,0.97234,0.00037,0.1389,0.0,48.0000,0.0000,0.0000,0.0000
2480000,23.0873,31.9091,76.9109,0.00005,-0.00005,0.00000,0.97234,0.00036,0.1389,0.0,48.0000,0.0000,0.0000,0.0000
2481000,23.0873,31.9091,76.9109,0.00005,-0.00005,0.00000,0.97234,0.00035,0.1389,0.0,48.0000,0.0000,0.0000,0.0000
2482000,23.0873,31.9091,76.9109,0.00005,-0.00005,0.00000,0.97234,0.00035,0.1389,0.0,48.0000,0.0000,0.0000,0.0000
2483000,23.0873,31.9091,76.9109,0.00005,-0.00005,0.00000,0.97234,0.00034,0.1389,0.0,48.0000,0.0000,0.0000,0.0000
2484000,23.0873,31.9091,76.9109,0.00005,-0.00005,0.00000,0.97234,0.00034,0.1389,0.0,48.0000,0.0000,0.0000,0.0000
2485000,23.0873,31.9091,76.9109,0.00005,-0.00005,0.00000,0.97234,0.00033,0.1389,0.0,48.0000,0.0000,0.0000,0.0000
2486000,23.0873,31.9091,76.9109,0.00004,-0.00005,0.00000,0.97234,0.00033,0.1389,0.0,48.0000,0.0000,0.0000,0.0000
2487000,23.0873,31.9091,76.9109,0.00004,-0.00005,0.00000,0.97234,0.00032,0.1389,0.0,48.0000,0.0000,0.0000,0.0000
2488000,23.0873,31.9091,76.9109,0.00004,-0.00005,0.00000,0.97234,0.00032,0.1389,0.0,48.0000,0.0000,0.0000,0.0000
2489000,23.0873,31.9091,76.9109,0.00004,-0.00005,0.00000,0.97234,0.00032,0.1389,0.0,48.0000,0.0000,0.0000,0.0000
2490000,23.0873,31.9091,76.9109,0.00004,-0.00005,0.00000,0.97234,0.00031,0.1389,0.0,48.0000,0.0000,0.0000,0.0000
2491000,23.0873,31.9091,76.9109,0.00004,-0.00005,0.00000,0.97234,0.00031,0.1389,0.0,48.0000,0.0000,0.0000,0.0000
2492000,23.0873,31.9091,76.9109,0.00004,-0.00004,0.00000,0.97234,0.00030,0.1389,0.0,48.0000,0.0000,0.0000,0.0000
2493000,23.0873,31.9091,76.9109,0.00004,-0.00004,0.00000,0.97234,0.00030,0.1389,0.0,48.0000,0.0000,0.0000,0.0000
2494000,23.0873,31.9091,76.9109,0.00004,-0.00004,0.00000,0.97234,0.00029,0.1389,0.0,48.0000,0.0000,0.0000,0.0000
2495000,23.0873,31.9091,76.9109,0.00004,-0.00004,0.00000,0.97234,0.00029,0.1389,0.0,48.0000,0.0000,0.0000,0.0000
2496000,23.0873,31.9091,76.9109,0.00004,-0.00004,0.00000,0.97234,0.00028,0.1389,0.0,48.0000,0.0000,0.0000,0.0000
2497000,23.0873,31.9091,76.9109,0.00004,-0.00004,0.00000,0.97234,0.00028,0.1389,0.0,48.0000,0.0000,0.0000,0.0000
2498000,23.0873,31.9091,76.9109,0.00004,-0.00004,0.00000,0.97234,0.00028,0.1389,0.0,48.0000,0.0000,0.0000,0.0000
2499000,23.0873,31.9091,76.9109,0.00004,-0.00004,0.00000,0.97234,0.00027,0.1389,0.0,48.0000,0.0000,0.0000,0.0000
2500000,23.0873,31.9091,76.9109,0.00004,-0.00004,0.00000,0.97234,0.00027,0.1389,0.0,48.0000,0.0000,0.0000,0.0000
2501000,23.0873,31.9091,76.9109,0.00004,-0.00004,0.00000,0.97234,0.00026,0.1389,0.0,48.0000,0.0000,0.0000,0.0000
2502000,23.0873,31.9091,76.9109,0.00004,-0.00004,0.00000,0.97234,0.00026,0.1389,0.0,48.0000,0.0000,0.0000,0.0000
2503000,23.0873,31.9091,76.9109,0.00003,-0.00004,0.00000,0.97234,0.00026,0.1389,0.0,48.0000,0.0000,0.0000,0.0000
2504000,23.0873,31.9091,76.9109,0.00003,-0.00004,0.00000,0.97234,0.00025,0.1389,0.0,48.0000,0.0000,0.0000,0.0000
2505000,23.0873,31.9091,76.9109,0.00003,-0.00004,0.00000,0.97234,0.00025,0.1389,0.0,48.0000,0.0000,0.0000,0.0000
2506000,23.0873,31.9091,76.9109,0.00003,-0.00004,0.00000,0.97234,0.00024,0.1389,0.0,48.0000,0.0000,0.0000,0.0000
2507000,23.0873,31.9091,76.9109,0.00003,-0.00004,0.00000,0.97234,0.00024,0.1389,0.0,48.0000,0.0000,0.0000,0.0000
2508000,23.0873,31.9091,76.9109,0.00003,-0.00004,0.00000,0.97234,0.00024,0.1389,0.0,48.0000,0.0000,0.0000,0.0000
2509000,23.0873,31.9091,76.9109,0.00003,-0.00003,0.00000,0.97234,0.00023,0.1389,0.0,48.0000,0.0000,0.0000,0.0000
2510000,23.0873,31.9091,76.9109,0.00003,-0.00003,0.00000,0.97234,0.00023,0.1389,0.0,48.0000,0.0000,0.0000,0.0000
2511000,23.0873,31.9091,76.9109,0.00003,-0.00003,0.00000,0.97234,0.00023,0.1389,0.0,48.0000,0.0000,0.0000,0.0000
2512000,23.0873,31.9091,76.9109,0.00003,-0.00003,0.00000,0.97234,0.00022,0.1389,0.0,48.0000,0.0000,0.0000,0.0000
2513000,23.0873,31.9091,76.9109,0.00003,-0.00003,0.00000,0.97234,0.00022,0.1389,0.0,48.0000,0.0000,0.0000,0.0000
2514000,23.0873,31.9091,76.9109,0.00003,-0.00003,0.00000,0.97234,0.00022,0.1389,0.0,48.0000,0.0000,0.0000,0.0000
2515000,23.0873,31.9091,76.9109,0.00003,-0.00003,0.00000,0.97234,0.00021,0.1389,0.0,48.0000,0.0000,0.0000,0.0000
2516000,23.0873,31.9091,76.9109,0.00003,-0.00003,0.00000,0.97234,0.00021,0.1389,0.0,48.0000,0.0000,0.0000,0.0000
2517000,23.0873,31.9091,76.9109,0.00003,-0.00003,0.00000,0.97234,0.00021,0.1389,0.0,48.0000,0.0000,0.0000,0.0000
2518000,23.0873,31.9091,76.9109,0.00003,-0.00003,0.00000,0.97234,0.00020,0.1389,0.0,48.0000,0.0000,0.0000,0.0000
2519000,23.0873,31.9091,76.9109,0.00003,-0.00003,0.00000,0.97234,0.00020,0.1389,0.0,48.0000,0.0000,0.0000,0.0000
2520000,23.0873,31.9091,76.9109,0.00003,-0.00003,0.00000,0.97234,0.00020,0.1389,0.0,48.0000,0.0000,0.0000,0.0000
2521000,23.0873,31.9091,76.9109,0.00003,-0.00003,0.00000,0.97234,0.00020,0.1389,0.0,48.0000,0.0000,0.0000,0.0000
2522000,23.0873,31.9091,76.9109,0.00003,-0.00003,0.00000,0.97234,0.00019,0.1389,0.0,48.0000,0.0000,0.0000,0.0000
2523000,23.0873,31.9091,76.9109,0.00003,-0.00003,0.00000,0.97234,0.00019,0.1389,0.0,48.0000,0.0000,0.0000,0.0000
2524000,23.0873,31.9091,76.9109,0.00003,-0.00003,0.00000,0.97234,0.00019,0.1389,0.0,48.0000,0.0000,0.0000,0.0000
2525000,23.0873,31.9091,76.9109,0.00003,-0.00003,0.00000,0.97234,0.00018,0.1389,0.0,48.0000,0.0000,0.0000,0.0000
2526000,23.0873,31.9091,76.9109,0.00002,-0.00003,0.00000,0.97234,0.00018,0.1389,0.0,48.0000,0.0000,0.0000,0.0000
2527000,23.0873,31.9091,76.9109,0.00002,-0.00003,0.00000,0.97234,0.00018,0.1389,0.0,48.0000,0.0000,0.0000,0.0000
2528000,23.0873,31.9091,76.9109,0.00002,-0.00003,0.00000,0.97234,0.00018,0.1389,0.0,48.0000,0.0000,0.0000,0.0000
2529000,23.0873,31.9091,76.9109,0.00002,-0.00003,0.00000,0.97234,0.00017,0.1389,0.0,48.0000,0.0000,0.0000,0.0000
2530000,23.0873,31.9091,76.9109,0.00002,-0.00003,0.00000,0.97234,0.00017,0.1389,0.0,48.0000,0.0000,0.0000,0.0000
2531000,23.0873,31.9091,76.9109,0.00002,-0.00003,0.00000,0.97234,0.00017,0.1389,0.0,48.0000,0.0000,0.0000,0.0000
2532000,23.0873,31.9091,76.9109,0.00002,-0.00002,0.00000,0.97234,0.00017,0.1389,0.0,48.0000,0.0000,0.0000,0.0000
2533000,23.0873,31.9091,76.9109,0.00002,-0.00002,0.00000,0.97234,0.00016,0.1389,0.0,48.0000,0.0000,0.0000,0.0000
2534000,23.0873,31.9091,76.9109,0.00002,-0.00002,0.00000,0.97234,0.00016,0.1389,0.0,48.0000,0.0000,0.0000,0.0000
2535000,23.0873,31.9091,76.9109,0.00002,-0.00002,0.00000,0.97234,0.00016,0.1389,0.0,48.0000,0.0000,0.0000,0.0000
2536000,23.0873,31.9091,76.9109,0.00002,-0.00002,0.00000,0.97234,0.00016,0.1389,0.0,48.0000,0.0000,0.0000,0.0000
2537000,23.0873,31.9091,76.9109,0.00002,-0.00002,0.00000,0.97234,0.00015,0.1389,0.0,48.0000,0.0000,0.0000,0.0000
2538000,23.0873,31.9091,76.9109,0.00002,-0.00002,0.00000,0.97234,0.00015,0.1389,0.0,48.0000,0.0000,0.0000,0.0000
2539000,23.0873,31.9091,76.9109,0.00002,-0.00002,0.00000,0.97234,0.00015,0.1389,0.0,48.0000,0.0000,0.0000,0.0000
2540000,23.0873,31.9091,76.9109,0.00002,-0.00002,0.00000,0.97234,0.00015,0.1389,0.0,48.0000,0.0000,0.0000,0.0000
2541000,23.0873,31.9091,76.9109,0.00002,-0.00002,0.00000,0.97234,0.00015,0.1389,0.0,48.0000,0.0000,0.0000,0.0000
2542000,23.0873,31.9091,76.9109,0.00002,-0.00002,0.00000,0.97234,0.00014,0.1389,0.0,48.0000,0.0000,0.0000,0.0000
2543000,23.0873,31.9091,76.9109,0.00002,-0.00002,0.00000,0.97234,0.00014,0.1389,0.0,48.0000,0.0000,0.0000,0.0000
2544000,23.0873,31.9091,76.9109,0.00002,-0.00002,0.00000,0.97234,0.00014,0.1389,0.0,48.0000,0.0000,0.0000,0.0000
2545000,23.0873,31.9091,76.9109,0.00002,-0.00002,0.00000,0.97234,0.00014,0.1389,0.0,48.0000,0.0000,0.0000,0.0000
2546000,23.0873,31.9091,76.9109,0.00002,-0.00002,0.00000,0.97234,0.00014,0.1389,0.0,48.0000,0.0000,0.0000,0.0000
2547000,23.0873,31.9091,76.9109,0.00002,-0.00002,0.00000,0.97234,0.00013,0.1389,0.0,48.0000,0.0000,0.0000,0.0000
2548000,23.0873,31.9091,76.9109,0.00002,-0.00002,0.00000,0.97234,0.00013,0.1389,0.0,48.0000,0.0000,0.0000,0.0000
2549000,23.0873,31.9091,76.9109,0.00002,-0.00002,0.00000,0.97234,0.00013,0.1389,0.0,48.0000,0.0000,0.0000,0.0000
2550000,23.0873,31.9091,76.9109,0.00002,-0.00002,0.00000,0.97234,0.00013,0.1389,0.0,48.0000,0.0000,0.0000,0.0000
2551000,23.0873,31.9091,76.9109,0.00002,-0.00002,0.00000,0.97234,0.00013,0.1389,0.0,48.0000,0.0000,0.0000,0.0000
2552000,23.0873,31.9091,76.9109,0.00002,-0.00002,0.00000,0.97234,0.00012,0.1389,0.0,48.0000,0.0000,0.0000,0.0000
2553000,23.0873,31.9091,76.9109,0.00002,-0.00002,0.00000,0.97234,0.00012,0.1389,0.0,48.0000,0.0000,0.0000,0.0000
2554000,23.0873,31.9091,76.9109,0.00002,-0.00002,0.00000,0.97234,0.00012,0.1389,0.0,48.0000,0.0000,0.0000,0.0000
2555000,23.0873,31.9091,76.9109,0.00002,-0.00002,0.00000,0.97234,0.00012,0.1389,0.0,48.0000,0.0000,0.0000,0.0000
2556000,23.0873,31.9091,76.9109,0.00002,-0.00002,0.00000,0.97234,0.00012,0.1389,0.0,48.0000,0.0000,0.0000,0.0000
2557000,23.0873,31.9091,76.9109,0.00002,-0.00002,0.00000,0.97234,0.00011,0.1389,0.0,48.0000,0.0000,0.0000,0.0000
2558000,23.0873,31.9091,76.9109,0.00002,-0.00002,0.00000,0.97234,0.00011,0.1389,0.0,48.0000,0.0000,0.0000,0.0000
2559000,23.0873,31.9091,76.9109,0.00002,-0.00002,0.00000,0.97234,0.00011,0.1389,0.0,48.0000,0.0000,0.0000,0.0000
2560000,23.0873,31.9091,76.9109,0.00001,-0.00002,0.00000,0.97234,0.00011,0.1389,0.0,48.0000,0.0000,0.0000,0.0000
2561000,23.0873,31.9091,76.9109,0.00001,-0.00002,0.00000,0.97234,0.00011,0.1389,0.0,48.0000,0.0000,0.0000,0.0000
2562000,23.0873,31.9091,76.9109,0.00001,-0.00002,0.00000,0.97234,0.00011,0.1389,0.0,48.0000,0.0000,0.0000,0.0000
2563000,23.0873,31.9091,76.9109,0.00001,-0.00002,0.00000,0.97234,0.00011,0.1389,0.0,48.0000,0.0000,0.0000,0.0000
2564000,23.0873,31.9091,76.9109,0.00001,-0.00002,0.00000,0.97234,0.00010,0.1389,0.0,48.0000,0.0000,0.0000,0.0000
2565000,23.0873,31.9091,76.9109,0.00001,-0.00002,0.00000,0.97234,0.00010,0.1389,0.0,48.0000,0.0000,0.0000,0.0000
2566000,23.0873,31.9091,76.9109,0.00001,-0.00001,0.00000,0.97234,0.00010,0.1389,0.0,48.0000,0.0000,0.0000,0.0000
2567000,23.0873,31.9091,76.9109,0.00001,-0.00001,0.00000,0.97234,0.00010,0.1389,0.0,48.0000,0.0000,0.0000,0.0000
2568000,23.0873,31.9091,76.9109,0.00001,-0.00001,0.00000,0.97234,0.00010,0.1389,0.0,48.0000,0.0000,0.0000,0.0000
2569000,23.0873,31.9091,76.9109,0.00001,-0.00001,0.00000,0.97234,0.00010,0.1389,0.0,48.0000,0.0000,0.0000,0.0000
2570000,23.0873,31.9091,76.9109,0.00001,-0.00001,0.00000,0.97234,0.00009,0.1389,0.0,48.0000,0.0000,0.0000,0.0000
2571000,23.0873,31.9091,76.9109,0.00001,-0.00001,0.00000,0.97234,0.00009,0.1389,0.0,48.0000,0.0000,0.0000,0.0000
2572000,23.0873,31.9091,76.9109,0.00001,-0.00001,0.00000,0.97234,0.00009,0.1389,0.0,48.0000,0.0000,0.0000,0.0000
2573000,23.0873,31.9091,76.9109,0.00001,-0.00001,0.00000,0.97234,0.00009,0.1389,0.0,48.0000,0.0000,0.0000,0.0000
2574000,23.0873,31.9091,76.9109,0.00001,-0.00001,0.00000,0.97234,0.00009,0.1389,0.0,48.0000,0.0000,0.0000,0.0000
2575000,23.0873,31.9091,76.9109,0.00001,-0.00001,0.00000,0.97234,0.00009,0.1389,0.0,48.0000,0.0000,0.0000,0.0000
2576000,23.0873,31.9091,76.9109,0.00001,-0.00001,0.00000,0.97234,0.00009,0.1389,0.0,48.0000,0.0000,0.0000,0.0000
2577000,23.0873,31.9091,76.9109,0.00001,-0.00001,0.00000,0.97234,0.00009,0.1389,0.0,48.0000,0.0000,0.0000,0.0000
2578000,23.0873,31.9091,76.9109,0.00001,-0.00001,0.00000,0.97234,0.00008,0.1389,0.0,48.0000,0.0000,0.0000,0.0000
2579000,23.0873,31.9091,76.9109,0.00001,-0.00001,0.00000,0.97234,0.00008,0.1389,0.0,48.0000,0.0000,0.0000,0.0000
2580000,23.0873,31.9091,76.9109,0.00001,-0.00001,0.00000,0.97234,0.00008,0.1389,0.0,48.0000,0.0000,0.0000,0.0000
2581000,23.0873,31.9091,76.9109,0.00001,-0.00001,0.00000,0.97234,0.00008,0.1389,0.0,48.0000,0.0000,0.0000,0.0000
2582000,23.0873,31.9091,76.9109,0.00001,-0.00001,0.00000,0.97234,0.00008,0.1389,0.0,48.0000,0.0000,0.0000,0.0000
2583000,23.0873,31.9091,76.9109,0.00001,-0.00001,0.00000,0.97234,0.00008,0.1389,0.0,48.0000,0.0000,0.0000,0.0000
2584000,23.0873,31.9091,76.9109,0.00001,-0.00001,0.00000,0.97234,0.00008,0.1389,0.0,48.0000,0.0000,0.0000,0.0000
2585000,23.0873,31.9091,76.9109,0.00001,-0.00001,0.00000,0.97234,0.00008,0.1389,0.0,48.0000,0.0000,0.0000,0.0000
2586000,23.0873,31.9091,76.9109,0.00001,-0.00001,0.00000,0.97234,0.00007,0.1389,0.0,48.0000,0.0000,0.0000,0.0000
2587000,23.0873,31.9091,76.9109,0.00001,-0.00001,0.00000,0.97234,0.00007,0.1389,0.0,48.0000,0.0000,0.0000,0.0000
2588000,23.0873,31.9091,76.9109,0.00001,-0.00001,0.00000,0.97234,0.00007,0.1389,0.0,48.0000,0.0000,0.0000,0.0000
2589000,23.0873,31.9091,76.9109,0.00001,-0.00001,0.00000,0.97234,0.00007,0.1389,0.0,48.0000,0.0000,0.0000,0.0000
2590000,23.0873,31.9091,76.9109,0.00001,-0.00001,0.00000,0.97234,0.00007,0.1389,0.0,48.0000,0.0000,0.0000,0.0000
2591000,23.0873,31.9091,76.9109,0.00001,-0.00001,0.00000,0.97234,0.00007,0.1389,0.0,48.0000,0.0000,0.0000,0.0000
2592000,23.0873,31.9091,76.9109,0.00001,-0.00001,0.00000,0.97234,0.00007,0.1389,0.0,48.0000,0.0000,0.0000,0.0000
2593000,23.0873,31.9091,76.9109,0.00001,-0.00001,0.00000,0.97234,0.00007,0.1389,0.0,48.0000,0.0000,0.0000,0.0000
2594000,23.0873,31.9091,76.9109,0.00001,-0.00001,0.00000,0.97234,0.00007,0.1389,0.0,48.0000,0.0000,0.0000,0.0000
2595000,23.0873,31.9091,76.9109,0.00001,-0.00001,0.00000,0.97234,0.00007,0.1389,0.0,48.0000,0.0000,0.0000,0.0000
2596000,23.0873,31.9091,76.9109,0.00001,-0.00001,0.00000,0.97234,0.00006,0.1389,0.0,48.0000,0.0000,0.0000,0.0000
2597000,23.0873,31.9091,76.9109,0.00001,-0.00001,0.00000,0.97234,0.00006,0.1389,0.0,48.0000,0.0000,0.0000,0.0000
2598000,23.0873,31.9091,76.9109,0.00001,-0.00001,0.00000,0.97234,0.00006,0.1389,0.0,48.0000,0.0000,0.0000,0.0000
2599000,23.0873,31.9091,76.9109,0.00001,-0.00001,0.00000,0.97234,0.00006,0.1389,0.0,48.0000,0.0000,0.0000,0.0000
