time_us,duty_u,duty_v,duty_w,i_a,i_b,i_c,theta_e_rad,omega_e_rad_s,theta_m_rad,rpm_mech,vdc_v,iq_ref_a,id_meas_a,iq_meas_a
1358001,50.0000,50.0000,50.0000,0.00000,0.00000,-0.00000,0.00000,0.00000,0.0000,0.0,48.0000,0.0000,0.0000,0.0000
1358501,50.0000,50.0000,50.0000,0.00000,0.00000,-0.00000,0.00000,0.00000,0.0000,0.0,48.0000,0.0000,0.0000,0.0000
1359001,50.0000,50.0000,50.0000,0.00000,0.00000,-0.00000,0.00000,0.00000,0.0000,0.0,48.0000,0.0000,0.0000,0.0000
1359501,50.0000,50.0000,50.0000,0.00000,0.00000,-0.00000,0.00000,0.00000,0.0000,0.0,48.0000,0.0000,0.0000,0.0000
1360001,50.0000,50.0000,50.0000,0.00000,0.00000,-0.00000,0.00000,0.00000,0.0000,0.0,48.0000,0.0000,0.0000,0.0000
1360501,50.0000,50.0000,50.0000,0.00000,0.00000,-0.00000,0.00000,0.00000,0.0000,0.0,48.0000,0.0000,0.0000,0.0000
1361001,50.0000,50.0000,50.0000,0.00000,0.00000,-0.00000,0.00000,0.00000,0.0000,0.0,48.0000,0.0000,0.0000,0.0000
1361501,50.0000,50.0000,50.0000,0.00000,0.00000,-0.00000,0.00000,0.00000,0.0000,0.0,48.0000,0.0000,0.0000,0.0000
1362001,50.0000,50.0000,50.0000,0.00000,0.00000,-0.00000,0.00000,0.00000,0.0000,0.0,48.0000,0.0000,0.0000,0.0000
1362501,50.0000,50.0000,50.0000,0.00000,0.00000,-0.00000,0.00000,0.00000,0.0000,0.0,48.0000,0.0000,0.0000,0.0000
1363001,50.0000,50.0000,50.0000,0.00000,0.00000,-0.00000,0.00000,0.00000,0.0000,0.0,48.0000,0.0000,0.0000,0.0000
1363501,50.0000,50.0000,50.0000,0.00000,0.00000,-0.00000,0.00000,0.00000,0.0000,0.0,48.0000,0.0000,0.0000,0.0000
1364001,50.0000,50.0000,50.0000,0.00000,0.00000,-0.00000,0.00000,0.00000,0.0000,0.0,48.0000,0.0000,0.0000,0.0000
1364501,50.0000,50.0000,50.0000,0.00000,0.00000,-0.00000,0.00000,0.00000,0.0000,0.0,48.0000,0.0000,0.0000,0.0000
1365001,50.0000,50.0000,50.0000,0.00000,0.00000,-0.00000,0.00000,0.00000,0.0000,0.0,48.0000,0.0000,0.0000,0.0000
1365501,50.0000,50.0000,50.0000,0.00000,0.00000,-0.00000,0.00000,0.00000,0.0000,0.0,48.0000,0.0000,0.0000,0.0000
1366001,50.0000,50.0000,50.0000,0.00000,0.00000,-0.00000,0.00000,0.00000,0.0000,0.0,48.0000,0.0000,0.0000,0.0000
1366501,50.0000,50.0000,50.0000,0.00000,0.00000,-0.00000,0.00000,0.00000,0.0000,0.0,48.0000,0.0000,0.0000,0.0000
1367001,50.0000,50.0000,50.0000,0.00000,0.00000,-0.00000,0.00000,0.00000,0.0000,0.0,48.0000,0.0000,0.0000,0.0000
1367501,50.0000,50.0000,50.0000,0.00000,0.00000,-0.00000,0.00000,0.00000,0.0000,0.0,48.0000,0.0000,0.0000,0.0000
1368001,50.0000,50.0000,50.0000,0.00000,0.00000,-0.00000,0.00000,0.00000,0.0000,0.0,48.0000,0.0000,0.0000,0.0000
1368501,50.0000,50.0000,50.0000,0.00000,0.00000,-0.00000,0.00000,0.00000,0.0000,0.0,48.0000,0.0000,0.0000,0.0000
1369001,50.0000,50.0000,50.0000,0.00000,0.00000,-0.00000,0.00000,0.00000,0.0000,0.0,48.0000,0.0000,0.0000,0.0000
1369501,50.0000,50.0000,50.0000,0.00000,0.00000,-0.00000,0.00000,0.00000,0.0000,0.0,48.0000,0.0000,0.0000,0.0000
1370001,50.0000,50.0000,50.0000,0.00000,0.00000,-0.00000,0.00000,0.00000,0.0000,0.0,48.0000,0.0000,0.0000,0.0000
1370501,50.0000,50.0000,50.0000,0.00000,0.00000,-0.00000,0.00000,0.00000,0.0000,0.0,48.0000,0.0000,0.0000,0.0000
1371001,50.0000,50.0000,50.0000,0.00000,0.00000,-0.00000,0.00000,0.00000,0.0000,0.0,48.0000,0.0000,0.0000,0.0000
1371501,50.0000,50.0000,50.0000,0.00000,0.00000,-0.00000,0.00000,0.00000,0.0000,0.0,48.0000,0.0000,0.0000,0.0000
1372001,50.0000,50.0000,50.0000,0.00000,0.00000,-0.00000,0.00000,0.00000,0.0000,0.0,48.0000,0.0000,0.0000,0.0000
1372501,50.0000,50.0000,50.0000,0.00000,0.00000,-0.00000,0.00000,0.00000,0.0000,0.0,48.0000,0.0000,0.0000,0.0000
1373001,50.0000,50.0000,50.0000,0.00000,0.00000,-0.00000,0.00000,0.00000,0.0000,0.0,48.0000,0.0000,0.0000,0.0000
1373501,50.0000,50.0000,50.0000,0.00000,0.00000,-0.00000,0.00000,0.00000,0.0000,0.0,48.0000,0.0000,0.0000,0.0000
1374001,50.0000,50.0000,50.0000,0.00000,0.00000,-0.00000,0.00000,0.00000,0.0000,0.0,48.0000,0.0000,0.0000,0.0000
1374501,50.0000,50.0000,50.0000,0.00000,0.00000,-0.00000,0.00000,0.00000,0.0000,0.0,48.0000,0.0000,0.0000,0.0000
1375001,50.0000,50.0000,50.0000,0.00000,0.00000,-0.00000,0.00000,0.00000,0.0000,0.0,48.0000,0.0000,0.0000,0.0000
1375501,50.0000,50.0000,50.0000,0.00000,0.00000,-0.00000,0.00000,0.00000,0.0000,0.0,48.0000,0.0000,0.0000,0.0000
1376001,50.0000,50.0000,50.0000,0.00000,0.00000,-0.00000,0.00000,0.00000,0.0000,0.0,48.0000,0.0000,0.0000,0.0000
1376501,50.0000,50.0000,50.0000,0.00000,0.00000,-0.00000,0.00000,0.00000,0.0000,0.0,48.0000,0.0000,0.0000,0.0000
1377001,50.0000,50.0000,50.0000,0.00000,0.00000,-0.00000,0.00000,0.00000,0.0000,0.0,48.0000,0.0000,0.0000,0.0000
1377501,50.0000,50.0000,50.0000,0.00000,0.00000,-0.00000,0.00000,0.00000,0.0000,0.0,48.0000,0.0000,0.0000,0.0000
1378001,50.0000,50.0000,50.0000,0.00000,0.00000,-0.00000,0.00000,0.00000,0.0000,0.0,48.0000,0.0000,0.0000,0.0000
1378501,50.0000,50.0000,50.0000,0.00000,0.00000,-0.00000,0.00000,0.00000,0.0000,0.0,48.0000,0.0000,0.0000,0.0000
1379001,50.0000,50.0000,50.0000,0.00000,0.00000,-0.00000,0.00000,0.00000,0.0000,0.0,48.0000,0.0000,0.0000,0.0000
1379501,50.0000,50.0000,50.0000,0.00000,0.00000,-0.00000,0.00000,0.00000,0.0000,0.0,48.0000,0.0000,0.0000,0.0000
1380001,50.0000,50.0000,50.0000,0.00000,0.00000,-0.00000,0.00000,0.00000,0.0000,0.0,48.0000,0.0000,0.0000,0.0000
1380501,50.0000,50.0000,50.0000,0.00000,0.00000,-0.00000,0.00000,0.00000,0.0000,0.0,48.0000,0.0000,0.0000,0.0000
1381001,50.0000,50.0000,50.0000,0.00000,0.00000,-0.00000,0.00000,0.00000,0.0000,0.0,48.0000,0.0000,0.0000,0.0000
1381501,50.0000,50.0000,50.0000,0.00000,0.00000,-0.00000,0.00000,0.00000,0.0000,0.0,48.0000,0.0000,0.0000,0.0000
1382001,50.0000,50.0000,50.0000,0.00000,0.00000,-0.00000,0.00000,0.00000,0.0000,0.0,48.0000,0.0000,0.0000,0.0000
1382501,50.0000,50.0000,50.0000,0.00000,0.00000,-0.00000,0.00000,0.00000,0.0000,0.0,48.0000,0.0000,0.0000,0.0000
1383001,50.0000,50.0000,50.0000,0.00000,0.00000,-0.00000,0.00000,0.00000,0.0000,0.0,48.0000,0.0000,0.0000,0.0000
1383501,50.0000,50.0000,50.0000,0.00000,0.00000,-0.00000,0.00000,0.00000,0.0000,0.0,48.0000,0.0000,0.0000,0.0000
1384001,50.0000,50.0000,50.0000,0.00000,0.00000,-0.00000,0.00000,0.00000,0.0000,0.0,48.0000,0.0000,0.0000,0.0000
1384501,50.0000,50.0000,50.0000,0.00000,0.00000,-0.00000,0.00000,0.00000,0.0000,0.0,48.0000,0.0000,0.0000,0.0000
1385001,50.0000,50.0000,50.0000,0.00000,0.00000,-0.00000,0.00000,0.00000,0.0000,0.0,48.0000,0.0000,0.0000,0.0000
1385501,50.0000,50.0000,50.0000,0.00000,0.00000,-0.00000,0.00000,0.00000,0.0000,0.0,48.0000,0.0000,0.0000,0.0000
1386001,50.0000,50.0000,50.0000,0.00000,0.00000,-0.00000,0.00000,0.00000,0.0000,0.0,48.0000,0.0000,0.0000,0.0000
1386501,50.0000,50.0000,50.0000,0.00000,0.00000,-0.00000,0.00000,0.00000,0.0000,0.0,48.0000,0.0000,0.0000,0.0000
1387001,50.0000,50.0000,50.0000,0.00000,0.00000,-0.00000,0.00000,0.00000,0.0000,0.0,48.0000,0.0000,0.0000,0.0000
1387501,50.0000,50.0000,50.0000,0.00000,0.00000,-0.00000,0.00000,0.00000,0.0000,0.0,48.0000,0.0000,0.0000,0.0000
1388001,50.0000,50.0000,50.0000,0.00000,0.00000,-0.00000,0.00000,0.00000,0.0000,0.0,48.0000,0.0000,0.0000,0.0000
1388501,50.0000,50.0000,50.0000,0.00000,0.00000,-0.00000,0.00000,0.00000,0.0000,0.0,48.0000,0.0000,0.0000,0.0000
1389001,50.0000,50.0000,50.0000,0.00000,0.00000,-0.00000,0.00000,0.00000,0.0000,0.0,48.0000,0.0000,0.0000,0.0000
1389501,50.0000,50.0000,50.0000,0.00000,0.00000,-0.00000,0.00000,0.00000,0.0000,0.0,48.0000,0.0000,0.0000,0.0000
1390001,50.0000,50.0000,50.0000,0.00000,0.00000,-0.00000,0.00000,0.00000,0.0000,0.0,48.0000,0.0000,0.0000,0.0000
1390501,50.0000,50.0000,50.0000,0.00000,0.00000,-0.00000,0.00000,0.00000,0.0000,0.0,48.0000,0.0000,0.0000,0.0000
1391001,50.0000,50.0000,50.0000,0.00000,0.00000,-0.00000,0.00000,0.00000,0.0000,0.0,48.0000,0.0000,0.0000,0.0000
1391501,50.0000,50.0000,50.0000,0.00000,0.00000,-0.00000,0.00000,0.00000,0.0000,0.0,48.0000,0.0000,0.0000,0.0000
1392001,50.0000,50.0000,50.0000,0.00000,0.00000,-0.00000,0.00000,0.00000,0.0000,0.0,48.0000,0.0000,0.0000,0.0000
1392501,50.0000,50.0000,50.0000,0.00000,0.00000,-0.00000,0.00000,0.00000,0.0000,0.0,48.0000,0.0000,0.0000,0.0000
1393001,50.0000,50.0000,50.0000,0.00000,0.00000,-0.00000,0.00000,0.00000,0.0000,0.0,48.0000,0.0000,0.0000,0.0000
1393501,50.0000,50.0000,50.0000,0.00000,0.00000,-0.00000,0.00000,0.00000,0.0000,0.0,48.0000,0.0000,0.0000,0.0000
1394001,50.0000,50.0000,50.0000,0.00000,0.00000,-0.00000,0.00000,0.00000,0.0000,0.0,48.0000,0.0000,0.0000,0.0000
1394501,50.0000,50.0000,50.0000,0.00000,0.00000,-0.00000,0.00000,0.00000,0.0000,0.0,48.0000,0.0000,0.0000,0.0000
1395001,50.0000,50.0000,50.0000,0.00000,0.00000,-0.00000,0.00000,0.00000,0.0000,0.0,48.0000,0.0000,0.0000,0.0000
1395501,50.0000,50.0000,50.0000,0.00000,0.00000,-0.00000,0.00000,0.00000,0.0000,0.0,48.0000,0.0000,0.0000,0.0000
1396001,50.0000,50.0000,50.0000,0.00000,0.00000,-0.00000,0.00000,0.00000,0.0000,0.0,48.0000,0.0000,0.0000,0.0000
1396501,50.0000,50.0000,50.0000,0.00000,0.00000,-0.00000,0.00000,0.00000,0.0000,0.0,48.0000,0.0000,0.0000,0.0000
1397001,50.0000,50.0000,50.0000,0.00000,0.00000,-0.00000,0.00000,0.00000,0.0000,0.0,48.0000,0.0000,0.0000,0.0000
1397501,50.0000,50.0000,50.0000,0.00000,0.00000,-0.00000,0.00000,0.00000,0.0000,0.0,48.0000,0.0000,0.0000,0.0000
1398001,50.0000,50.0000,50.0000,0.00000,0.00000,-0.00000,0.00000,0.00000,0.0000,0.0,48.0000,0.0000,0.0000,0.0000
1398501,50.0000,50.0000,50.0000,0.00000,0.00000,-0.00000,0.00000,0.00000,0.0000,0.0,48.0000,0.0000,0.0000,0.0000
1399001,50.0000,50.0000,50.0000,0.00000,0.00000,-0.00000,0.00000,0.00000,0.0000,0.0,48.0000,0.0000,0.0000,0.0000
1399501,50.0000,50.0000,50.0000,0.00000,0.00000,-0.00000,0.00000,0.00000,0.0000,0.0,48.0000,0.0000,0.0000,0.0000
1400001,50.0000,50.0000,50.0000,0.00000,0.00000,-0.00000,0.00000,0.00000,0.0000,0.0,48.0000,0.0000,0.0000,0.0000
1400501,50.0000,50.0000,50.0000,0.00000,0.00000,-0.00000,0.00000,0.00000,0.0000,0.0,48.0000,0.0000,0.0000,0.0000
1401001,50.0000,50.0000,50.0000,0.00000,0.00000,-0.00000,0.00000,0.00000,0.0000,0.0,48.0000,0.0000,0.0000,0.0000
1401501,50.0000,50.0000,50.0000,0.00000,0.00000,-0.00000,0.00000,0.00000,0.0000,0.0,48.0000,0.0000,0.0000,0.0000
1402001,50.0000,50.0000,50.0000,0.00000,0.00000,-0.00000,0.00000,0.00000,0.0000,0.0,48.0000,0.0000,0.0000,0.0000
1402501,50.0000,50.0000,50.0000,0.00000,0.00000,-0.00000,0.00000,0.00000,0.0000,0.0,48.0000,0.0000,0.0000,0.0000
1403001,50.0000,50.0000,50.0000,0.00000,0.00000,-0.00000,0.00000,0.00000,0.0000,0.0,48.0000,0.0000,0.0000,0.0000
1403501,50.0000,50.0000,50.0000,0.00000,0.00000,-0.00000,0.00000,0.00000,0.0000,0.0,48.0000,0.0000,0.0000,0.0000
1404001,50.0000,50.0000,50.0000,0.00000,0.00000,-0.00000,0.00000,0.00000,0.0000,0.0,48.0000,0.0000,0.0000,0.0000
1404501,50.0000,50.0000,50.0000,0.00000,0.00000,-0.00000,0.00000,0.00000,0.0000,0.0,48.0000,0.0000,0.0000,0.0000
1405001,50.0000,50.0000,50.0000,0.00000,0.00000,-0.00000,0.00000,0.00000,0.0000,0.0,48.0000,0.0000,0.0000,0.0000
1405501,50.0000,50.0000,50.0000,0.00000,0.00000,-0.00000,0.00000,0.00000,0.0000,0.0,48.0000,0.0000,0.0000,0.0000
1406001,50.0000,50.0000,50.0000,0.00000,0.00000,-0.00000,0.00000,0.00000,0.0000,0.0,48.0000,0.0000,0.0000,0.0000
1406501,50.0000,50.0000,50.0000,0.00000,0.00000,-0.00000,0.00000,0.00000,0.0000,0.0,48.0000,0.0000,0.0000,0.0000
1407001,50.0000,50.0000,50.0000,0.00000,0.00000,-0.00000,0.00000,0.00000,0.0000,0.0,48.0000,0.0000,0.0000,0.0000
1407501,50.0000,50.0000,50.0000,0.00000,0.00000,-0.00000,0.00000,0.00000,0.0000,0.0,48.0000,0.0000,0.0000,0.0000
1408001,50.0000,50.0000,50.0000,0.00000,0.00000,-0.00000,0.00000,0.00000,0.0000,0.0,48.0000,0.0000,0.0000,0.0000
1408501,50.0000,50.0000,50.0000,0.00000,0.00000,-0.00000,0.00000,0.00000,0.0000,0.0,48.0000,0.0000,0.0000,0.0000
1409001,50.0000,50.0000,50.0000,0.00000,0.00000,-0.00000,0.00000,0.00000,0.0000,0.0,48.0000,0.0000,0.0000,0.0000
1409501,50.0000,50.0000,50.0000,0.00000,0.00000,-0.00000,0.00000,0.00000,0.0000,0.0,48.0000,0.0000,0.0000,0.0000
1410001,50.0000,50.0000,50.0000,0.00000,0.00000,-0.00000,0.00000,0.00000,0.0000,0.0,48.0000,0.0000,0.0000,0.0000
1410501,50.0000,50.0000,50.0000,0.00000,0.00000,-0.00000,0.00000,0.00000,0.0000,0.0,48.0000,0.0000,0.0000,0.0000
1411001,50.0000,50.0000,50.0000,0.00000,0.00000,-0.00000,0.00000,0.00000,0.0000,0.0,48.0000,0.0000,0.0000,0.0000
1411501,50.0000,50.0000,50.0000,0.00000,0.00000,-0.00000,0.00000,0.00000,0.0000,0.0,48.0000,0.0000,0.0000,0.0000
1412001,50.0000,50.0000,50.0000,0.00000,0.00000,-0.00000,0.00000,0.00000,0.0000,0.0,48.0000,0.0000,0.0000,0.0000
1412501,50.0000,50.0000,50.0000,0.00000,0.00000,-0.00000,0.00000,0.00000,0.0000,0.0,48.0000,0.0000,0.0000,0.0000
1413001,50.0000,50.0000,50.0000,0.00000,0.00000,-0.00000,0.00000,0.00000,0.0000,0.0,48.0000,0.0000,0.0000,0.0000
1413501,50.0000,50.0000,50.0000,0.00000,0.00000,-0.00000,0.00000,0.00000,0.0000,0.0,48.0000,0.0000,0.0000,0.0000
1414001,50.0000,50.0000,50.0000,0.00000,0.00000,-0.00000,0.00000,0.00000,0.0000,0.0,48.0000,0.0000,0.0000,0.0000
1414501,50.0000,50.0000,50.0000,0.00000,0.00000,-0.00000,0.00000,0.00000,0.0000,0.0,48.0000,0.0000,0.0000,0.0000
1415001,50.0000,50.0000,50.0000,0.00000,0.00000,-0.00000,0.00000,0.00000,0.0000,0.0,48.0000,0.0000,0.0000,0.0000
1415501,50.0000,50.0000,50.0000,0.00000,0.00000,-0.00000,0.00000,0.00000,0.0000,0.0,48.0000,0.0000,0.0000,0.0000
1416001,50.0000,50.0000,50.0000,0.00000,0.00000,-0.00000,0.00000,0.00000,0.0000,0.0,48.0000,0.0000,0.0000,0.0000
1416501,50.0000,50.0000,50.0000,0.00000,0.00000,-0.00000,0.00000,0.00000,0.0000,0.0,48.0000,0.0000,0.0000,0.0000
1417001,50.0000,50.0000,50.0000,0.00000,0.00000,-0.00000,0.00000,0.00000,0.0000,0.0,48.0000,0.0000,0.0000,0.0000
1417501,50.0000,50.0000,50.0000,0.00000,0.00000,-0.00000,0.00000,0.00000,0.0000,0.0,48.0000,0.0000,0.0000,0.0000
1418001,50.0000,50.0000,50.0000,0.00000,0.00000,-0.00000,0.00000,0.00000,0.0000,0.0,48.0000,0.0000,0.0000,0.0000
1418501,50.0000,50.0000,50.0000,0.00000,0.00000,-0.00000,0.00000,0.00000,0.0000,0.0,48.0000,0.0000,0.0000,0.0000
1419001,50.0000,50.0000,50.0000,0.00000,0.00000,-0.00000,0.00000,0.00000,0.0000,0.0,48.0000,0.0000,0.0000,0.0000
1419501,50.0000,50.0000,50.0000,0.00000,0.00000,-0.00000,0.00000,0.00000,0.0000,0.0,48.0000,0.0000,0.0000,0.0000
1420001,50.0000,50.0000,50.0000,0.00000,0.00000,-0.00000,0.00000,0.00000,0.0000,0.0,48.0000,0.0000,0.0000,0.0000
1420501,50.0000,50.0000,50.0000,0.00000,0.00000,-0.00000,0.00000,0.00000,0.0000,0.0,48.0000,0.0000,0.0000,0.0000
1421001,50.0000,50.0000,50.0000,0.00000,0.00000,-0.00000,0.00000,0.00000,0.0000,0.0,48.0000,0.0000,0.0000,0.0000
1421501,50.0000,50.0000,50.0000,0.00000,0.00000,-0.00000,0.00000,0.00000,0.0000,0.0,48.0000,0.0000,0.0000,0.0000
1422001,50.0000,50.0000,50.0000,0.00000,0.00000,-0.00000,0.00000,0.00000,0.0000,0.0,48.0000,0.0000,0.0000,0.0000
1422501,50.0000,50.0000,50.0000,0.00000,0.00000,-0.00000,0.00000,0.00000,0.0000,0.0,48.0000,0.0000,0.0000,0.0000
1423001,50.0000,50.0000,50.0000,0.00000,0.00000,-0.00000,0.00000,0.00000,0.0000,0.0,48.0000,0.0000,0.0000,0.0000
1423501,50.0000,50.0000,50.0000,0.00000,0.00000,-0.00000,0.00000,0.00000,0.0000,0.0,48.0000,0.0000,0.0000,0.0000
1424001,50.0000,50.0000,50.0000,0.00000,0.00000,-0.00000,0.00000,0.00000,0.0000,0.0,48.0000,0.0000,0.0000,0.0000
1424501,50.0000,50.0000,50.0000,0.00000,0.00000,-0.00000,0.00000,0.00000,0.0000,0.0,48.0000,0.0000,0.0000,0.0000
1425001,50.0000,50.0000,50.0000,0.00000,0.00000,-0.00000,0.00000,0.00000,0.0000,0.0,48.0000,0.0000,0.0000,0.0000
1425501,50.0000,50.0000,50.0000,0.00000,0.00000,-0.00000,0.00000,0.00000,0.0000,0.0,48.0000,0.0000,0.0000,0.0000
1426001,50.0000,50.0000,50.0000,0.00000,0.00000,-0.00000,0.00000,0.00000,0.0000,0.0,48.0000,0.0000,0.0000,0.0000
1426501,50.0000,50.0000,50.0000,0.00000,0.00000,-0.00000,0.00000,0.00000,0.0000,0.0,48.0000,0.0000,0.0000,0.0000
1427001,50.0000,50.0000,50.0000,0.00000,0.00000,-0.00000,0.00000,0.00000,0.0000,0.0,48.0000,0.0000,0.0000,0.0000
1427501,50.0000,50.0000,50.0000,0.00000,0.00000,-0.00000,0.00000,0.00000,0.0000,0.0,48.0000,0.0000,0.0000,0.0000
1428001,50.0000,50.0000,50.0000,0.00000,0.00000,-0.00000,0.00000,0.00000,0.0000,0.0,48.0000,0.0000,0.0000,0.0000
1428501,50.0000,50.0000,50.0000,0.00000,0.00000,-0.00000,0.00000,0.00000,0.0000,0.0,48.0000,0.0000,0.0000,0.0000
1429001,50.0000,50.0000,50.0000,0.00000,0.00000,-0.00000,0.00000,0.00000,0.0000,0.0,48.0000,0.0000,0.0000,0.0000
1429501,50.0000,50.0000,50.0000,0.00000,0.00000,-0.00000,0.00000,0.00000,0.0000,0.0,48.0000,0.0000,0.0000,0.0000
1430001,50.0000,50.0000,50.0000,0.00000,0.00000,-0.00000,0.00000,0.00000,0.0000,0.0,48.0000,0.0000,0.0000,0.0000
1430501,50.0000,50.0000,50.0000,0.00000,0.00000,-0.00000,0.00000,0.00000,0.0000,0.0,48.0000,0.0000,0.0000,0.0000
1431001,50.0000,50.0000,50.0000,0.00000,0.00000,-0.00000,0.00000,0.00000,0.0000,0.0,48.0000,0.0000,0.0000,0.0000
1431501,50.0000,50.0000,50.0000,0.00000,0.00000,-0.00000,0.00000,0.00000,0.0000,0.0,48.0000,0.0000,0.0000,0.0000
1432001,50.0000,50.0000,50.0000,0.00000,0.00000,-0.00000,0.00000,0.00000,0.0000,0.0,48.0000,0.0000,0.0000,0.0000
1432501,50.0000,50.0000,50.0000,0.00000,0.00000,-0.00000,0.00000,0.00000,0.0000,0.0,48.0000,0.0000,0.0000,0.0000
1433001,50.0000,50.0000,50.0000,0.00000,0.00000,-0.00000,0.00000,0.00000,0.0000,0.0,48.0000,0.0000,0.0000,0.0000
1433501,50.0000,50.0000,50.0000,0.00000,0.00000,-0.00000,0.00000,0.00000,0.0000,0.0,48.0000,0.0000,0.0000,0.0000
1434001,50.0000,50.0000,50.0000,0.00000,0.00000,-0.00000,0.00000,0.00000,0.0000,0.0,48.0000,0.0000,0.0000,0.0000
1434501,50.0000,50.0000,50.0000,0.00000,0.00000,-0.00000,0.00000,0.00000,0.0000,0.0,48.0000,0.0000,0.0000,0.0000
1435001,50.0000,50.0000,50.0000,0.00000,0.00000,-0.00000,0.00000,0.00000,0.0000,0.0,48.0000,0.0000,0.0000,0.0000
1435501,50.0000,50.0000,50.0000,0.00000,0.00000,-0.00000,0.00000,0.00000,0.0000,0.0,48.0000,0.0000,0.0000,0.0000
1436001,50.0000,50.0000,50.0000,0.00000,0.00000,-0.00000,0.00000,0.00000,0.0000,0.0,48.0000,0.0000,0.0000,0.0000
1436501,50.0000,50.0000,50.0000,0.00000,0.00000,-0.00000,0.00000,0.00000,0.0000,0.0,48.0000,0.0000,0.0000,0.0000
1437001,50.0000,50.0000,50.0000,0.00000,0.00000,-0.00000,0.00000,0.00000,0.0000,0.0,48.0000,0.0000,0.0000,0.0000
1437501,50.0000,50.0000,50.0000,0.00000,0.00000,-0.00000,0.00000,0.00000,0.0000,0.0,48.0000,0.0000,0.0000,0.0000
1438001,50.0000,50.0000,50.0000,0.00000,0.00000,-0.00000,0.00000,0.00000,0.0000,0.0,48.0000,0.0000,0.0000,0.0000
1438501,50.0000,50.0000,50.0000,0.00000,0.00000,-0.00000,0.00000,0.00000,0.0000,0.0,48.0000,0.0000,0.0000,0.0000
1439001,50.0000,50.0000,50.0000,0.00000,0.00000,-0.00000,0.00000,0.00000,0.0000,0.0,48.0000,0.0000,0.0000,0.0000
1439501,50.0000,50.0000,50.0000,0.00000,0.00000,-0.00000,0.00000,0.00000,0.0000,0.0,48.0000,0.0000,0.0000,0.0000
1440001,50.0000,50.0000,50.0000,0.00000,0.00000,-0.00000,0.00000,0.00000,0.0000,0.0,48.0000,0.0000,0.0000,0.0000
1440501,50.0000,50.0000,50.0000,0.00000,0.00000,-0.00000,0.00000,0.00000,0.0000,0.0,48.0000,0.0000,0.0000,0.0000
1441001,50.0000,50.0000,50.0000,0.00000,0.00000,-0.00000,0.00000,0.00000,0.0000,0.0,48.0000,0.0000,0.0000,0.0000
1441501,50.0000,50.0000,50.0000,0.00000,0.00000,-0.00000,0.00000,0.00000,0.0000,0.0,48.0000,0.0000,0.0000,0.0000
1442001,50.0000,50.0000,50.0000,0.00000,0.00000,-0.00000,0.00000,0.00000,0.0000,0.0,48.0000,0.0000,0.0000,0.0000
1442501,50.0000,50.0000,50.0000,0.00000,0.00000,-0.00000,0.00000,0.00000,0.0000,0.0,48.0000,0.0000,0.0000,0.0000
1443001,50.0000,50.0000,50.0000,0.00000,0.00000,-0.00000,0.00000,0.00000,0.0000,0.0,48.0000,0.0000,0.0000,0.0000
1443501,50.0000,50.0000,50.0000,0.00000,0.00000,-0.00000,0.00000,0.00000,0.0000,0.0,48.0000,0.0000,0.0000,0.0000
1444001,50.0000,50.0000,50.0000,0.00000,0.00000,-0.00000,0.00000,0.00000,0.0000,0.0,48.0000,0.0000,0.0000,0.0000
1444501,50.0000,50.0000,50.0000,0.00000,0.00000,-0.00000,0.00000,0.00000,0.0000,0.0,48.0000,0.0000,0.0000,0.0000
1445001,50.0000,50.0000,50.0000,0.00000,0.00000,-0.00000,0.00000,0.00000,0.0000,0.0,48.0000,0.0000,0.0000,0.0000
1445501,50.0000,50.0000,50.0000,0.00000,0.00000,-0.00000,0.00000,0.00000,0.0000,0.0,48.0000,0.0000,0.0000,0.0000
1446001,50.0000,50.0000,50.0000,0.00000,0.00000,-0.00000,0.00000,0.00000,0.0000,0.0,48.0000,0.0000,0.0000,0.0000
1446501,50.0000,50.0000,50.0000,0.00000,0.00000,-0.00000,0.00000,0.00000,0.0000,0.0,48.0000,0.0000,0.0000,0.0000
1447001,50.0000,50.0000,50.0000,0.00000,0.00000,-0.00000,0.00000,0.00000,0.0000,0.0,48.0000,0.0000,0.0000,0.0000
1447501,50.0000,50.0000,50.0000,0.00000,0.00000,-0.00000,0.00000,0.00000,0.0000,0.0,48.0000,0.0000,0.0000,0.0000
1448001,50.0000,50.0000,50.0000,0.00000,0.00000,-0.00000,0.00000,0.00000,0.0000,0.0,48.0000,0.0000,0.0000,0.0000
1448501,50.0000,50.0000,50.0000,0.00000,0.00000,-0.00000,0.00000,0.00000,0.0000,0.0,48.0000,0.0000,0.0000,0.0000
1449001,50.0000,50.0000,50.0000,0.00000,0.00000,-0.00000,0.00000,0.00000,0.0000,0.0,48.0000,0.0000,0.0000,0.0000
1449501,50.0000,50.0000,50.0000,0.00000,0.00000,-0.00000,0.00000,0.00000,0.0000,0.0,48.0000,0.0000,0.0000,0.0000
1450001,50.0000,50.0000,50.0000,0.00000,0.00000,-0.00000,0.00000,0.00000,0.0000,0.0,48.0000,0.0000,0.0000,0.0000
1450501,50.0000,50.0000,50.0000,0.00000,0.00000,-0.00000,0.00000,0.00000,0.0000,0.0,48.0000,0.0000,0.0000,0.0000
1451001,50.0000,50.0000,50.0000,0.00000,0.00000,-0.00000,0.00000,0.00000,0.0000,0.0,48.0000,0.0000,0.0000,0.0000
1451501,50.0000,50.0000,50.0000,0.00000,0.00000,-0.00000,0.00000,0.00000,0.0000,0.0,48.0000,0.0000,0.0000,0.0000
1452001,50.0000,50.0000,50.0000,0.00000,0.00000,-0.00000,0.00000,0.00000,0.0000,0.0,48.0000,0.0000,0.0000,0.0000
1452501,50.0000,50.0000,50.0000,0.00000,0.00000,-0.00000,0.00000,0.00000,0.0000,0.0,48.0000,0.0000,0.0000,0.0000
1453001,50.0000,50.0000,50.0000,0.00000,0.00000,-0.00000,0.00000,0.00000,0.0000,0.0,48.0000,0.0000,0.0000,0.0000
1453501,50.0000,50.0000,50.0000,0.00000,0.00000,-0.00000,0.00000,0.00000,0.0000,0.0,48.0000,0.0000,0.0000,0.0000
1454001,50.0000,50.0000,50.0000,0.00000,0.00000,-0.00000,0.00000,0.00000,0.0000,0.0,48.0000,0.0000,0.0000,0.0000
1454501,50.0000,50.0000,50.0000,0.00000,0.00000,-0.00000,0.00000,0.00000,0.0000,0.0,48.0000,0.0000,0.0000,0.0000
1455001,50.0000,50.0000,50.0000,0.00000,0.00000,-0.00000,0.00000,0.00000,0.0000,0.0,48.0000,0.0000,0.0000,0.0000
1455501,50.0000,50.0000,50.0000,0.00000,0.00000,-0.00000,0.00000,0.00000,0.0000,0.0,48.0000,0.0000,0.0000,0.0000
1456001,50.0000,50.0000,50.0000,0.00000,0.00000,-0.00000,0.00000,0.00000,0.0000,0.0,48.0000,0.0000,0.0000,0.0000
1456501,50.0000,50.0000,50.0000,0.00000,0.00000,-0.00000,0.00000,0.00000,0.0000,0.0,48.0000,0.0000,0.0000,0.0000
1457001,50.0000,50.0000,50.0000,0.00000,0.00000,-0.00000,0.00000,0.00000,0.0000,0.0,48.0000,0.0000,0.0000,0.0000
1457501,50.0000,50.0000,50.0000,0.00000,0.00000,-0.00000,0.00000,0.00000,0.0000,0.0,48.0000,0.0000,0.0000,0.0000
1458001,50.0000,50.0000,50.0000,0.00000,0.00000,-0.00000,0.00000,0.00000,0.0000,0.0,48.0000,0.0000,0.0000,0.0000
1458501,50.0000,50.0000,50.0000,0.00000,0.00000,-0.00000,0.00000,0.00000,0.0000,0.0,48.0000,0.0000,0.0000,0.0000
1459001,50.0000,50.0000,50.0000,0.00000,0.00000,-0.00000,0.00000,0.00000,0.0000,0.0,48.0000,0.0000,0.0000,0.0000
1459501,50.0000,50.0000,50.0000,0.00000,0.00000,-0.00000,0.00000,0.00000,0.0000,0.0,48.0000,0.0000,0.0000,0.0000
1460001,50.0000,50.0000,50.0000,0.00000,0.00000,-0.00000,0.00000,0.00000,0.0000,0.0,48.0000,0.0000,0.0000,0.0000
1460501,50.0000,50.0000,50.0000,0.00000,0.00000,-0.00000,0.00000,0.00000,0.0000,0.0,48.0000,0.0000,0.0000,0.0000
1461001,50.0000,50.0000,50.0000,0.00000,0.00000,-0.00000,0.00000,0.00000,0.0000,0.0,48.0000,0.0000,0.0000,0.0000
1461501,50.0000,50.0000,50.0000,0.00000,0.00000,-0.00000,0.00000,0.00000,0.0000,0.0,48.0000,0.0000,0.0000,0.0000
1462001,50.0000,50.0000,50.0000,0.00000,0.00000,-0.00000,0.00000,0.00000,0.0000,0.0,48.0000,0.0000,0.0000,0.0000
1462501,50.0000,50.0000,50.0000,0.00000,0.00000,-0.00000,0.00000,0.00000,0.0000,0.0,48.0000,0.0000,0.0000,0.0000
1463001,50.0000,50.0000,50.0000,0.00000,0.00000,-0.00000,0.00000,0.00000,0.0000,0.0,48.0000,0.0000,0.0000,0.0000
1463501,50.0000,50.0000,50.0000,0.00000,0.00000,-0.00000,0.00000,0.00000,0.0000,0.0,48.0000,0.0000,0.0000,0.0000
1464001,50.0000,50.0000,50.0000,0.00000,0.00000,-0.00000,0.00000,0.00000,0.0000,0.0,48.0000,0.0000,0.0000,0.0000
1464501,50.0000,50.0000,50.0000,0.00000,0.00000,-0.00000,0.00000,0.00000,0.0000,0.0,48.0000,0.0000,0.0000,0.0000
1465001,50.0000,50.0000,50.0000,0.00000,0.00000,-0.00000,0.00000,0.00000,0.0000,0.0,48.0000,0.0000,0.0000,0.0000
1465501,50.0000,50.0000,50.0000,0.00000,0.00000,-0.00000,0.00000,0.00000,0.0000,0.0,48.0000,0.0000,0.0000,0.0000
1466001,50.0000,50.0000,50.0000,0.00000,0.00000,-0.00000,0.00000,0.00000,0.0000,0.0,48.0000,0.0000,0.0000,0.0000
1466501,50.0000,50.0000,50.0000,0.00000,0.00000,-0.00000,0.00000,0.00000,0.0000,0.0,48.0000,0.0000,0.0000,0.0000
1467001,50.0000,50.0000,50.0000,0.00000,0.00000,-0.00000,0.00000,0.00000,0.0000,0.0,48.0000,0.0000,0.0000,0.0000
1467501,50.0000,50.0000,50.0000,0.00000,0.00000,-0.00000,0.00000,0.00000,0.0000,0.0,48.0000,0.0000,0.0000,0.0000
1468001,50.0000,50.0000,50.0000,0.00000,0.00000,-0.00000,0.00000,0.00000,0.0000,0.0,48.0000,0.0000,0.0000,0.0000
1468501,50.0000,50.0000,50.0000,0.00000,0.00000,-0.00000,0.00000,0.00000,0.0000,0.0,48.0000,0.0000,0.0000,0.0000
1469001,50.0000,50.0000,50.0000,0.00000,0.00000,-0.00000,0.00000,0.00000,0.0000,0.0,48.0000,0.0000,0.0000,0.0000
1469501,50.0000,50.0000,50.0000,0.00000,0.00000,-0.00000,0.00000,0.00000,0.0000,0.0,48.0000,0.0000,0.0000,0.0000
1470001,50.0000,50.0000,50.0000,0.00000,0.00000,-0.00000,0.00000,0.00000,0.0000,0.0,48.0000,0.0000,0.0000,0.0000
1470501,50.0000,50.0000,50.0000,0.00000,0.00000,-0.00000,0.00000,0.00000,0.0000,0.0,48.0000,0.0000,0.0000,0.0000
1471001,50.0000,50.0000,50.0000,0.00000,0.00000,-0.00000,0.00000,0.00000,0.0000,0.0,48.0000,0.0000,0.0000,0.0000
1471501,50.0000,50.0000,50.0000,0.00000,0.00000,-0.00000,0.00000,0.00000,0.0000,0.0,48.0000,0.0000,0.0000,0.0000
1472001,50.0000,50.0000,50.0000,0.00000,0.00000,-0.00000,0.00000,0.00000,0.0000,0.0,48.0000,0.0000,0.0000,0.0000
1472501,50.0000,50.0000,50.0000,0.00000,0.00000,-0.00000,0.00000,0.00000,0.0000,0.0,48.0000,0.0000,0.0000,0.0000
1473001,50.0000,50.0000,50.0000,0.00000,0.00000,-0.00000,0.00000,0.00000,0.0000,0.0,48.0000,0.0000,0.0000,0.0000
1473501,50.0000,50.0000,50.0000,0.00000,0.00000,-0.00000,0.00000,0.00000,0.0000,0.0,48.0000,0.0000,0.0000,0.0000
1474001,50.0000,50.0000,50.0000,0.00000,0.00000,-0.00000,0.00000,0.00000,0.0000,0.0,48.0000,0.0000,0.0000,0.0000
1474501,50.0000,50.0000,50.0000,0.00000,0.00000,-0.00000,0.00000,0.00000,0.0000,0.0,48.0000,0.0000,0.0000,0.0000
1475001,50.0000,50.0000,50.0000,0.00000,0.00000,-0.00000,0.00000,0.00000,0.0000,0.0,48.0000,0.0000,0.0000,0.0000
1475501,50.0000,50.0000,50.0000,0.00000,0.00000,-0.00000,0.00000,0.00000,0.0000,0.0,48.0000,0.0000,0.0000,0.0000
1476001,50.0000,50.0000,50.0000,0.00000,0.00000,-0.00000,0.00000,0.00000,0.0000,0.0,48.0000,0.0000,0.0000,0.0000
1476501,50.0000,50.0000,50.0000,0.00000,0.00000,-0.00000,0.00000,0.00000,0.0000,0.0,48.0000,0.0000,0.0000,0.0000
1477001,50.0000,50.0000,50.0000,0.00000,0.00000,-0.00000,0.00000,0.00000,0.0000,0.0,48.0000,0.0000,0.0000,0.0000
1477501,50.0000,50.0000,50.0000,0.00000,0.00000,-0.00000,0.00000,0.00000,0.0000,0.0,48.0000,0.0000,0.0000,0.0000
1478001,50.0000,50.0000,50.0000,0.00000,0.00000,-0.00000,0.00000,0.00000,0.0000,0.0,48.0000,0.0000,0.0000,0.0000
1478501,50.0000,50.0000,50.0000,0.00000,0.00000,-0.00000,0.00000,0.00000,0.0000,0.0,48.0000,0.0000,0.0000,0.0000
1479001,50.0000,50.0000,50.0000,0.00000,0.00000,-0.00000,0.00000,0.00000,0.0000,0.0,48.0000,0.0000,0.0000,0.0000
1479501,50.0000,50.0000,50.0000,0.00000,0.00000,-0.00000,0.00000,0.00000,0.0000,0.0,48.0000,0.0000,0.0000,0.0000
1480001,50.0000,50.0000,50.0000,0.00000,0.00000,-0.00000,0.00000,0.00000,0.0000,0.0,48.0000,0.0000,0.0000,0.0000
1480501,50.0000,50.0000,50.0000,0.00000,0.00000,-0.00000,0.00000,0.00000,0.0000,0.0,48.0000,0.0000,0.0000,0.0000
1481001,50.0000,50.0000,50.0000,0.00000,0.00000,-0.00000,0.00000,0.00000,0.0000,0.0,48.0000,0.0000,0.0000,0.0000
1481501,50.0000,50.0000,50.0000,0.00000,0.00000,-0.00000,0.00000,0.00000,0.0000,0.0,48.0000,0.0000,0.0000,0.0000
1482001,50.0000,50.0000,50.0000,0.00000,0.00000,-0.00000,0.00000,0.00000,0.0000,0.0,48.0000,0.0000,0.0000,0.0000
1482501,50.0000,50.0000,50.0000,0.00000,0.00000,-0.00000,0.00000,0.00000,0.0000,0.0,48.0000,0.0000,0.0000,0.0000
1483001,50.0000,50.0000,50.0000,0.00000,0.00000,-0.00000,0.00000,0.00000,0.0000,0.0,48.0000,0.0000,0.0000,0.0000
1483501,50.0000,50.0000,50.0000,0.00000,0.00000,-0.00000,0.00000,0.00000,0.0000,0.0,48.0000,0.0000,0.0000,0.0000
1484001,50.0000,50.0000,50.0000,0.00000,0.00000,-0.00000,0.00000,0.00000,0.0000,0.0,48.0000,0.0000,0.0000,0.0000
1484501,50.0000,50.0000,50.0000,0.00000,0.00000,-0.00000,0.00000,0.00000,0.0000,0.0,48.0000,0.0000,0.0000,0.0000
1485001,50.0000,50.0000,50.0000,0.00000,0.00000,-0.00000,0.00000,0.00000,0.0000,0.0,48.0000,0.0000,0.0000,0.0000
1485501,50.0000,50.0000,50.0000,0.00000,0.00000,-0.00000,0.00000,0.00000,0.0000,0.0,48.0000,0.0000,0.0000,0.0000
1486001,50.0000,50.0000,50.0000,0.00000,0.00000,-0.00000,0.00000,0.00000,0.0000,0.0,48.0000,0.0000,0.0000,0.0000
1486501,50.0000,50.0000,50.0000,0.00000,0.00000,-0.00000,0.00000,0.00000,0.0000,0.0,48.0000,0.0000,0.0000,0.0000
1487001,50.0000,50.0000,50.0000,0.00000,0.00000,-0.00000,0.00000,0.00000,0.0000,0.0,48.0000,0.0000,0.0000,0.0000
1487501,50.0000,50.0000,50.0000,0.00000,0.00000,-0.00000,0.00000,0.00000,0.0000,0.0,48.0000,0.0000,0.0000,0.0000
1488001,50.0000,50.0000,50.0000,0.00000,0.00000,-0.00000,0.00000,0.00000,0.0000,0.0,48.0000,0.0000,0.0000,0.0000
1488501,50.0000,50.0000,50.0000,0.00000,0.00000,-0.00000,0.00000,0.00000,0.0000,0.0,48.0000,0.0000,0.0000,0.0000
1489001,50.0000,50.0000,50.0000,0.00000,0.00000,-0.00000,0.00000,0.00000,0.0000,0.0,48.0000,0.0000,0.0000,0.0000
1489501,50.0000,50.0000,50.0000,0.00000,0.00000,-0.00000,0.00000,0.00000,0.0000,0.0,48.0000,0.0000,0.0000,0.0000
1490001,50.0000,50.0000,50.0000,0.00000,0.00000,-0.00000,0.00000,0.00000,0.0000,0.0,48.0000,0.0000,0.0000,0.0000
1490501,50.0000,50.0000,50.0000,0.00000,0.00000,-0.00000,0.00000,0.00000,0.0000,0.0,48.0000,0.0000,0.0000,0.0000
1491001,50.0000,50.0000,50.0000,0.00000,0.00000,-0.00000,0.00000,0.00000,0.0000,0.0,48.0000,0.0000,0.0000,0.0000
1491501,50.0000,50.0000,50.0000,0.00000,0.00000,-0.00000,0.00000,0.00000,0.0000,0.0,48.0000,0.0000,0.0000,0.0000
1492001,50.0000,50.0000,50.0000,0.00000,0.00000,-0.00000,0.00000,0.00000,0.0000,0.0,48.0000,0.0000,0.0000,0.0000
1492501,50.0000,50.0000,50.0000,0.00000,0.00000,-0.00000,0.00000,0.00000,0.0000,0.0,48.0000,0.0000,0.0000,0.0000
1493001,50.0000,50.0000,50.0000,0.00000,0.00000,-0.00000,0.00000,0.00000,0.0000,0.0,48.0000,0.0000,0.0000,0.0000
1493501,50.0000,50.0000,50.0000,0.00000,0.00000,-0.00000,0.00000,0.00000,0.0000,0.0,48.0000,0.0000,0.0000,0.0000
1494001,50.0000,50.0000,50.0000,0.00000,0.00000,-0.00000,0.00000,0.00000,0.0000,0.0,48.0000,0.0000,0.0000,0.0000
1494501,50.0000,50.0000,50.0000,0.00000,0.00000,-0.00000,0.00000,0.00000,0.0000,0.0,48.0000,0.0000,0.0000,0.0000
1495001,50.0000,50.0000,50.0000,0.00000,0.00000,-0.00000,0.00000,0.00000,0.0000,0.0,48.0000,0.0000,0.0000,0.0000
1495501,50.0000,50.0000,50.0000,0.00000,0.00000,-0.00000,0.00000,0.00000,0.0000,0.0,48.0000,0.0000,0.0000,0.0000
1496001,50.0000,50.0000,50.0000,0.00000,0.00000,-0.00000,0.00000,0.00000,0.0000,0.0,48.0000,0.0000,0.0000,0.0000
1496501,50.0000,50.0000,50.0000,0.00000,0.00000,-0.00000,0.00000,0.00000,0.0000,0.0,48.0000,0.0000,0.0000,0.0000
1497001,50.0000,50.0000,50.0000,0.00000,0.00000,-0.00000,0.00000,0.00000,0.0000,0.0,48.0000,0.0000,0.0000,0.0000
1497501,50.0000,50.0000,50.0000,0.00000,0.00000,-0.00000,0.00000,0.00000,0.0000,0.0,48.0000,0.0000,0.0000,0.0000
1498001,50.0000,50.0000,50.0000,0.00000,0.00000,-0.00000,0.00000,0.00000,0.0000,0.0,48.0000,0.0000,0.0000,0.0000
1498501,50.0000,50.0000,50.0000,0.00000,0.00000,-0.00000,0.00000,0.00000,0.0000,0.0,48.0000,0.0000,0.0000,0.0000
1499001,50.0000,50.0000,50.0000,0.00000,0.00000,-0.00000,0.00000,0.00000,0.0000,0.0,48.0000,0.0000,0.0000,0.0000
1499501,50.0000,50.0000,50.0000,0.00000,0.00000,-0.00000,0.00000,0.00000,0.0000,0.0,48.0000,0.0000,0.0000,0.0000
1500001,50.0000,50.0000,50.0000,0.00000,0.00000,-0.00000,0.00000,0.00000,0.0000,0.0,48.0000,0.0000,0.0000,0.0000
1500501,50.0000,50.0000,50.0000,0.00000,0.00000,-0.00000,0.00000,0.00000,0.0000,0.0,48.0000,0.0000,0.0000,0.0000
1501001,50.0000,50.0000,50.0000,0.00000,0.00000,-0.00000,0.00000,0.00000,0.0000,0.0,48.0000,0.0000,0.0000,0.0000
1501501,50.0000,50.0000,50.0000,0.00000,0.00000,-0.00000,0.00000,0.00000,0.0000,0.0,48.0000,0.0000,0.0000,0.0000
1502001,50.0000,50.0000,50.0000,0.00000,0.00000,-0.00000,0.00000,0.00000,0.0000,0.0,48.0000,0.0000,0.0000,0.0000
1502501,50.0000,50.0000,50.0000,0.00000,0.00000,-0.00000,0.00000,0.00000,0.0000,0.0,48.0000,0.0000,0.0000,0.0000
1503001,50.0000,50.0000,50.0000,0.00000,0.00000,-0.00000,0.00000,0.00000,0.0000,0.0,48.0000,0.0000,0.0000,0.0000
1503501,50.0000,50.0000,50.0000,0.00000,0.00000,-0.00000,0.00000,0.00000,0.0000,0.0,48.0000,0.0000,0.0000,0.0000
1504001,50.0000,50.0000,50.0000,0.00000,0.00000,-0.00000,0.00000,0.00000,0.0000,0.0,48.0000,0.0000,0.0000,0.0000
1504501,50.0000,50.0000,50.0000,0.00000,0.00000,-0.00000,0.00000,0.00000,0.0000,0.0,48.0000,0.0000,0.0000,0.0000
1505001,50.0000,50.0000,50.0000,0.00000,0.00000,-0.00000,0.00000,0.00000,0.0000,0.0,48.0000,0.0000,0.0000,0.0000
1505501,50.0000,50.0000,50.0000,0.00000,0.00000,-0.00000,0.00000,0.00000,0.0000,0.0,48.0000,0.0000,0.0000,0.0000
1506001,50.0000,50.0000,50.0000,0.00000,0.00000,-0.00000,0.00000,0.00000,0.0000,0.0,48.0000,0.0000,0.0000,0.0000
1506501,50.0000,50.0000,50.0000,0.00000,0.00000,-0.00000,0.00000,0.00000,0.0000,0.0,48.0000,0.0000,0.0000,0.0000
1507001,50.0000,50.0000,50.0000,0.00000,0.00000,-0.00000,0.00000,0.00000,0.0000,0.0,48.0000,0.0000,0.0000,0.0000
1507501,50.0000,50.0000,50.0000,0.00000,0.00000,-0.00000,0.00000,0.00000,0.0000,0.0,48.0000,0.0000,0.0000,0.0000
1508001,50.0000,50.0000,50.0000,0.00000,0.00000,-0.00000,0.00000,0.00000,0.0000,0.0,48.0000,0.0000,0.0000,0.0000
1508501,50.0000,50.0000,50.0000,0.00000,0.00000,-0.00000,0.00000,0.00000,0.0000,0.0,48.0000,0.0000,0.0000,0.0000
1509001,50.0000,50.0000,50.0000,0.00000,0.00000,-0.00000,0.00000,0.00000,0.0000,0.0,48.0000,0.0000,0.0000,0.0000
1509501,50.0000,50.0000,50.0000,0.00000,0.00000,-0.00000,0.00000,0.00000,0.0000,0.0,48.0000,0.0000,0.0000,0.0000
1510001,50.0000,50.0000,50.0000,0.00000,0.00000,-0.00000,0.00000,0.00000,0.0000,0.0,48.0000,0.0000,0.0000,0.0000
1510501,50.0000,50.0000,50.0000,0.00000,0.00000,-0.00000,0.00000,0.00000,0.0000,0.0,48.0000,0.0000,0.0000,0.0000
1511001,50.0000,50.0000,50.0000,0.00000,0.00000,-0.00000,0.00000,0.00000,0.0000,0.0,48.0000,0.0000,0.0000,0.0000
1511501,50.0000,50.0000,50.0000,0.00000,0.00000,-0.00000,0.00000,0.00000,0.0000,0.0,48.0000,0.0000,0.0000,0.0000
1512001,50.0000,50.0000,50.0000,0.00000,0.00000,-0.00000,0.00000,0.00000,0.0000,0.0,48.0000,0.0000,0.0000,0.0000
1512501,50.0000,50.0000,50.0000,0.00000,0.00000,-0.00000,0.00000,0.00000,0.0000,0.0,48.0000,0.0000,0.0000,0.0000
1513001,50.0000,50.0000,50.0000,0.00000,0.00000,-0.00000,0.00000,0.00000,0.0000,0.0,48.0000,0.0000,0.0000,0.0000
1513501,50.0000,50.0000,50.0000,0.00000,0.00000,-0.00000,0.00000,0.00000,0.0000,0.0,48.0000,0.0000,0.0000,0.0000
1514001,50.0000,50.0000,50.0000,0.00000,0.00000,-0.00000,0.00000,0.00000,0.0000,0.0,48.0000,0.0000,0.0000,0.0000
1514501,50.0000,50.0000,50.0000,0.00000,0.00000,-0.00000,0.00000,0.00000,0.0000,0.0,48.0000,0.0000,0.0000,0.0000
1515001,50.0000,50.0000,50.0000,0.00000,0.00000,-0.00000,0.00000,0.00000,0.0000,0.0,48.0000,0.0000,0.0000,0.0000
1515501,50.0000,50.0000,50.0000,0.00000,0.00000,-0.00000,0.00000,0.00000,0.0000,0.0,48.0000,0.0000,0.0000,0.0000
1516001,50.0000,50.0000,50.0000,0.00000,0.00000,-0.00000,0.00000,0.00000,0.0000,0.0,48.0000,0.0000,0.0000,0.0000
1516501,50.0000,50.0000,50.0000,0.00000,0.00000,-0.00000,0.00000,0.00000,0.0000,0.0,48.0000,0.0000,0.0000,0.0000
1517001,50.0000,50.0000,50.0000,0.00000,0.00000,-0.00000,0.00000,0.00000,0.0000,0.0,48.0000,0.0000,0.0000,0.0000
1517501,50.0000,50.0000,50.0000,0.00000,0.00000,-0.00000,0.00000,0.00000,0.0000,0.0,48.0000,0.0000,0.0000,0.0000
1518001,50.0000,50.0000,50.0000,0.00000,0.00000,-0.00000,0.00000,0.00000,0.0000,0.0,48.0000,0.0000,0.0000,0.0000
1518501,50.0000,50.0000,50.0000,0.00000,0.00000,-0.00000,0.00000,0.00000,0.0000,0.0,48.0000,0.0000,0.0000,0.0000
1519001,50.0000,50.0000,50.0000,0.00000,0.00000,-0.00000,0.00000,0.00000,0.0000,0.0,48.0000,0.0000,0.0000,0.0000
1519501,50.0000,50.0000,50.0000,0.00000,0.00000,-0.00000,0.00000,0.00000,0.0000,0.0,48.0000,0.0000,0.0000,0.0000
1520001,50.0000,50.0000,50.0000,0.00000,0.00000,-0.00000,0.00000,0.00000,0.0000,0.0,48.0000,0.0000,0.0000,0.0000
1520501,50.0000,50.0000,50.0000,0.00000,0.00000,-0.00000,0.00000,0.00000,0.0000,0.0,48.0000,0.0000,0.0000,0.0000
1521001,50.0000,50.0000,50.0000,0.00000,0.00000,-0.00000,0.00000,0.00000,0.0000,0.0,48.0000,0.0000,0.0000,0.0000
1521501,50.0000,50.0000,50.0000,0.00000,0.00000,-0.00000,0.00000,0.00000,0.0000,0.0,48.0000,0.0000,0.0000,0.0000
1522001,50.0000,50.0000,50.0000,0.00000,0.00000,-0.00000,0.00000,0.00000,0.0000,0.0,48.0000,0.0000,0.0000,0.0000
1522501,50.0000,50.0000,50.0000,0.00000,0.00000,-0.00000,0.00000,0.00000,0.0000,0.0,48.0000,0.0000,0.0000,0.0000
1523001,50.0000,50.0000,50.0000,0.00000,0.00000,-0.00000,0.00000,0.00000,0.0000,0.0,48.0000,0.0000,0.0000,0.0000
1523501,50.0000,50.0000,50.0000,0.00000,0.00000,-0.00000,0.00000,0.00000,0.0000,0.0,48.0000,0.0000,0.0000,0.0000
1524001,50.0000,50.0000,50.0000,0.00000,0.00000,-0.00000,0.00000,0.00000,0.0000,0.0,48.0000,0.0000,0.0000,0.0000
1524501,50.0000,50.0000,50.0000,0.00000,0.00000,-0.00000,0.00000,0.00000,0.0000,0.0,48.0000,0.0000,0.0000,0.0000
1525001,50.0000,50.0000,50.0000,0.00000,0.00000,-0.00000,0.00000,0.00000,0.0000,0.0,48.0000,0.0000,0.0000,0.0000
1525501,50.0000,50.0000,50.0000,0.00000,0.00000,-0.00000,0.00000,0.00000,0.0000,0.0,48.0000,0.0000,0.0000,0.0000
1526001,50.0000,50.0000,50.0000,0.00000,0.00000,-0.00000,0.00000,0.00000,0.0000,0.0,48.0000,0.0000,0.0000,0.0000
1526501,50.0000,50.0000,50.0000,0.00000,0.00000,-0.00000,0.00000,0.00000,0.0000,0.0,48.0000,0.0000,0.0000,0.0000
1527001,50.0000,50.0000,50.0000,0.00000,0.00000,-0.00000,0.00000,0.00000,0.0000,0.0,48.0000,0.0000,0.0000,0.0000
1527501,50.0000,50.0000,50.0000,0.00000,0.00000,-0.00000,0.00000,0.00000,0.0000,0.0,48.0000,0.0000,0.0000,0.0000
1528001,50.0000,50.0000,50.0000,0.00000,0.00000,-0.00000,0.00000,0.00000,0.0000,0.0,48.0000,0.0000,0.0000,0.0000
1528501,50.0000,50.0000,50.0000,0.00000,0.00000,-0.00000,0.00000,0.00000,0.0000,0.0,48.0000,0.0000,0.0000,0.0000
1529001,50.0000,50.0000,50.0000,0.00000,0.00000,-0.00000,0.00000,0.00000,0.0000,0.0,48.0000,0.0000,0.0000,0.0000
1529501,50.0000,50.0000,50.0000,0.00000,0.00000,-0.00000,0.00000,0.00000,0.0000,0.0,48.0000,0.0000,0.0000,0.0000
1530001,50.0000,50.0000,50.0000,0.00000,0.00000,-0.00000,0.00000,0.00000,0.0000,0.0,48.0000,0.0000,0.0000,0.0000
1530501,50.0000,50.0000,50.0000,0.00000,0.00000,-0.00000,0.00000,0.00000,0.0000,0.0,48.0000,0.0000,0.0000,0.0000
1531001,50.0000,50.0000,50.0000,0.00000,0.00000,-0.00000,0.00000,0.00000,0.0000,0.0,48.0000,0.0000,0.0000,0.0000
1531501,50.0000,50.0000,50.0000,0.00000,0.00000,-0.00000,0.00000,0.00000,0.0000,0.0,48.0000,0.0000,0.0000,0.0000
1532001,50.0000,50.0000,50.0000,0.00000,0.00000,-0.00000,0.00000,0.00000,0.0000,0.0,48.0000,0.0000,0.0000,0.0000
1532501,50.0000,50.0000,50.0000,0.00000,0.00000,-0.00000,0.00000,0.00000,0.0000,0.0,48.0000,0.0000,0.0000,0.0000
1533001,50.0000,50.0000,50.0000,0.00000,0.00000,-0.00000,0.00000,0.00000,0.0000,0.0,48.0000,0.0000,0.0000,0.0000
1533501,50.0000,50.0000,50.0000,0.00000,0.00000,-0.00000,0.00000,0.00000,0.0000,0.0,48.0000,0.0000,0.0000,0.0000
1534001,50.0000,50.0000,50.0000,0.00000,0.00000,-0.00000,0.00000,0.00000,0.0000,0.0,48.0000,0.0000,0.0000,0.0000
1534501,50.0000,50.0000,50.0000,0.00000,0.00000,-0.00000,0.00000,0.00000,0.0000,0.0,48.0000,0.0000,0.0000,0.0000
1535001,50.0000,50.0000,50.0000,0.00000,0.00000,-0.00000,0.00000,0.00000,0.0000,0.0,48.0000,0.0000,0.0000,0.0000
1535501,50.0000,50.0000,50.0000,0.00000,0.00000,-0.00000,0.00000,0.00000,0.0000,0.0,48.0000,0.0000,0.0000,0.0000
1536001,50.0000,50.0000,50.0000,0.00000,0.00000,-0.00000,0.00000,0.00000,0.0000,0.0,48.0000,0.0000,0.0000,0.0000
1536501,50.0000,50.0000,50.0000,0.00000,0.00000,-0.00000,0.00000,0.00000,0.0000,0.0,48.0000,0.0000,0.0000,0.0000
1537001,50.0000,50.0000,50.0000,0.00000,0.00000,-0.00000,0.00000,0.00000,0.0000,0.0,48.0000,0.0000,0.0000,0.0000
1537501,50.0000,50.0000,50.0000,0.00000,0.00000,-0.00000,0.00000,0.00000,0.0000,0.0,48.0000,0.0000,0.0000,0.0000
1538001,50.0000,50.0000,50.0000,0.00000,0.00000,-0.00000,0.00000,0.00000,0.0000,0.0,48.0000,0.0000,0.0000,0.0000
1538501,50.0000,50.0000,50.0000,0.00000,0.00000,-0.00000,0.00000,0.00000,0.0000,0.0,48.0000,0.0000,0.0000,0.0000
1539001,50.0000,50.0000,50.0000,0.00000,0.00000,-0.00000,0.00000,0.00000,0.0000,0.0,48.0000,0.0000,0.0000,0.0000
1539501,50.0000,50.0000,50.0000,0.00000,0.00000,-0.00000,0.00000,0.00000,0.0000,0.0,48.0000,0.0000,0.0000,0.0000
1540001,50.0000,50.0000,50.0000,0.00000,0.00000,-0.00000,0.00000,0.00000,0.0000,0.0,48.0000,0.0000,0.0000,0.0000
1540501,50.0000,50.0000,50.0000,0.00000,0.00000,-0.00000,0.00000,0.00000,0.0000,0.0,48.0000,0.0000,0.0000,0.0000
1541001,50.0000,50.0000,50.0000,0.00000,0.00000,-0.00000,0.00000,0.00000,0.0000,0.0,48.0000,0.0000,0.0000,0.0000
1541501,50.0000,50.0000,50.0000,0.00000,0.00000,-0.00000,0.00000,0.00000,0.0000,0.0,48.0000,0.0000,0.0000,0.0000
1542001,50.0000,50.0000,50.0000,0.00000,0.00000,-0.00000,0.00000,0.00000,0.0000,0.0,48.0000,0.0000,0.0000,0.0000
1542501,50.0000,50.0000,50.0000,0.00000,0.00000,-0.00000,0.00000,0.00000,0.0000,0.0,48.0000,0.0000,0.0000,0.0000
1543001,50.0000,50.0000,50.0000,0.00000,0.00000,-0.00000,0.00000,0.00000,0.0000,0.0,48.0000,0.0000,0.0000,0.0000
1543501,50.0000,50.0000,50.0000,0.00000,0.00000,-0.00000,0.00000,0.00000,0.0000,0.0,48.0000,0.0000,0.0000,0.0000
1544001,50.0000,50.0000,50.0000,0.00000,0.00000,-0.00000,0.00000,0.00000,0.0000,0.0,48.0000,0.0000,0.0000,0.0000
1544501,50.0000,50.0000,50.0000,0.00000,0.00000,-0.00000,0.00000,0.00000,0.0000,0.0,48.0000,0.0000,0.0000,0.0000
1545001,50.0000,50.0000,50.0000,0.00000,0.00000,-0.00000,0.00000,0.00000,0.0000,0.0,48.0000,0.0000,0.0000,0.0000
1545501,50.0000,50.0000,50.0000,0.00000,0.00000,-0.00000,0.00000,0.00000,0.0000,0.0,48.0000,0.0000,0.0000,0.0000
1546001,50.0000,50.0000,50.0000,0.00000,0.00000,-0.00000,0.00000,0.00000,0.0000,0.0,48.0000,0.0000,0.0000,0.0000
1546501,50.0000,50.0000,50.0000,0.00000,0.00000,-0.00000,0.00000,0.00000,0.0000,0.0,48.0000,0.0000,0.0000,0.0000
1547001,50.0000,50.0000,50.0000,0.00000,0.00000,-0.00000,0.00000,0.00000,0.0000,0.0,48.0000,0.0000,0.0000,0.0000
1547501,50.0000,50.0000,50.0000,0.00000,0.00000,-0.00000,0.00000,0.00000,0.0000,0.0,48.0000,0.0000,0.0000,0.0000
1548001,50.0000,50.0000,50.0000,0.00000,0.00000,-0.00000,0.00000,0.00000,0.0000,0.0,48.0000,0.0000,0.0000,0.0000
1548501,50.0000,50.0000,50.0000,0.00000,0.00000,-0.00000,0.00000,0.00000,0.0000,0.0,48.0000,0.0000,0.0000,0.0000
1549001,50.0000,50.0000,50.0000,0.00000,0.00000,-0.00000,0.00000,0.00000,0.0000,0.0,48.0000,0.0000,0.0000,0.0000
1549501,50.0000,50.0000,50.0000,0.00000,0.00000,-0.00000,0.00000,0.00000,0.0000,0.0,48.0000,0.0000,0.0000,0.0000
1550001,50.0000,50.0000,50.0000,0.00000,0.00000,-0.00000,0.00000,0.00000,0.0000,0.0,48.0000,0.0000,0.0000,0.0000
1550501,50.0000,50.0000,50.0000,0.00000,0.00000,-0.00000,0.00000,0.00000,0.0000,0.0,48.0000,0.0000,0.0000,0.0000
1551001,50.0000,50.0000,50.0000,0.00000,0.00000,-0.00000,0.00000,0.00000,0.0000,0.0,48.0000,0.0000,0.0000,0.0000
1551501,50.0000,50.0000,50.0000,0.00000,0.00000,-0.00000,0.00000,0.00000,0.0000,0.0,48.0000,0.0000,0.0000,0.0000
1552001,50.0000,50.0000,50.0000,0.00000,0.00000,-0.00000,0.00000,0.00000,0.0000,0.0,48.0000,0.0000,0.0000,0.0000
1552501,50.0000,50.0000,50.0000,0.00000,0.00000,-0.00000,0.00000,0.00000,0.0000,0.0,48.0000,0.0000,0.0000,0.0000
1553001,50.0000,50.0000,50.0000,0.00000,0.00000,-0.00000,0.00000,0.00000,0.0000,0.0,48.0000,0.0000,0.0000,0.0000
1553501,50.0000,50.0000,50.0000,0.00000,0.00000,-0.00000,0.00000,0.00000,0.0000,0.0,48.0000,0.0000,0.0000,0.0000
1554001,50.0000,50.0000,50.0000,0.00000,0.00000,-0.00000,0.00000,0.00000,0.0000,0.0,48.0000,0.0000,0.0000,0.0000
1554501,50.0000,50.0000,50.0000,0.00000,0.00000,-0.00000,0.00000,0.00000,0.0000,0.0,48.0000,0.0000,0.0000,0.0000
1555001,50.0000,50.0000,50.0000,0.00000,0.00000,-0.00000,0.00000,0.00000,0.0000,0.0,48.0000,0.0000,0.0000,0.0000
1555501,50.0000,50.0000,50.0000,0.00000,0.00000,-0.00000,0.00000,0.00000,0.0000,0.0,48.0000,0.0000,0.0000,0.0000
1556001,50.0000,50.0000,50.0000,0.00000,0.00000,-0.00000,0.00000,0.00000,0.0000,0.0,48.0000,0.0000,0.0000,0.0000
1556501,50.0000,50.0000,50.0000,0.00000,0.00000,-0.00000,0.00000,0.00000,0.0000,0.0,48.0000,0.0000,0.0000,0.0000
1557001,50.0000,50.0000,50.0000,0.00000,0.00000,-0.00000,0.00000,0.00000,0.0000,0.0,48.0000,0.0000,0.0000,0.0000
1557501,50.0000,50.0000,50.0000,0.00000,0.00000,-0.00000,0.00000,0.00000,0.0000,0.0,48.0000,0.0000,0.0000,0.0000
1558001,50.0000,50.0000,50.0000,0.00000,0.00000,-0.00000,0.00000,0.00000,0.0000,0.0,48.0000,0.0000,0.0000,0.0000
1558501,50.0000,50.0000,50.0000,0.00000,0.00000,-0.00000,0.00000,0.00000,0.0000,0.0,48.0000,0.0000,0.0000,0.0000
1559001,50.0000,50.0000,50.0000,0.00000,0.00000,-0.00000,0.00000,0.00000,0.0000,0.0,48.0000,0.0000,0.0000,0.0000
1559501,50.0000,50.0000,50.0000,0.00000,0.00000,-0.00000,0.00000,0.00000,0.0000,0.0,48.0000,0.0000,0.0000,0.0000
1560001,50.0000,50.0000,50.0000,0.00000,0.00000,-0.00000,0.00000,0.00000,0.0000,0.0,48.0000,0.0000,0.0000,0.0000
1560501,50.0000,50.0000,50.0000,0.00000,0.00000,-0.00000,0.00000,0.00000,0.0000,0.0,48.0000,0.0000,0.0000,0.0000
1561001,50.0000,50.0000,50.0000,0.00000,0.00000,-0.00000,0.00000,0.00000,0.0000,0.0,48.0000,0.0000,0.0000,0.0000
1561501,50.0000,50.0000,50.0000,0.00000,0.00000,-0.00000,0.00000,0.00000,0.0000,0.0,48.0000,0.0000,0.0000,0.0000
1562001,50.0000,50.0000,50.0000,0.00000,0.00000,-0.00000,0.00000,0.00000,0.0000,0.0,48.0000,0.0000,0.0000,0.0000
1562501,50.0000,50.0000,50.0000,0.00000,0.00000,-0.00000,0.00000,0.00000,0.0000,0.0,48.0000,0.0000,0.0000,0.0000
1563001,50.0000,50.0000,50.0000,0.00000,0.00000,-0.00000,0.00000,0.00000,0.0000,0.0,48.0000,0.0000,0.0000,0.0000
1563501,50.0000,50.0000,50.0000,0.00000,0.00000,-0.00000,0.00000,0.00000,0.0000,0.0,48.0000,0.0000,0.0000,0.0000
1564001,50.0000,50.0000,50.0000,0.00000,0.00000,-0.00000,0.00000,0.00000,0.0000,0.0,48.0000,0.0000,0.0000,0.0000
1564501,50.0000,50.0000,50.0000,0.00000,0.00000,-0.00000,0.00000,0.00000,0.0000,0.0,48.0000,0.0000,0.0000,0.0000
1565001,50.0000,50.0000,50.0000,0.00000,0.00000,-0.00000,0.00000,0.00000,0.0000,0.0,48.0000,0.0000,0.0000,0.0000
1565501,50.0000,50.0000,50.0000,0.00000,0.00000,-0.00000,0.00000,0.00000,0.0000,0.0,48.0000,0.0000,0.0000,0.0000
1566001,50.0000,50.0000,50.0000,0.00000,0.00000,-0.00000,0.00000,0.00000,0.0000,0.0,48.0000,0.0000,0.0000,0.0000
1566501,50.0000,50.0000,50.0000,0.00000,0.00000,-0.00000,0.00000,0.00000,0.0000,0.0,48.0000,0.0000,0.0000,0.0000
1567001,50.0000,50.0000,50.0000,0.00000,0.00000,-0.00000,0.00000,0.00000,0.0000,0.0,48.0000,0.0000,0.0000,0.0000
1567501,50.0000,50.0000,50.0000,0.00000,0.00000,-0.00000,0.00000,0.00000,0.0000,0.0,48.0000,0.0000,0.0000,0.0000
1568001,50.0000,50.0000,50.0000,0.00000,0.00000,-0.00000,0.00000,0.00000,0.0000,0.0,48.0000,0.0000,0.0000,0.0000
1568501,50.0000,50.0000,50.0000,0.00000,0.00000,-0.00000,0.00000,0.00000,0.0000,0.0,48.0000,0.0000,0.0000,0.0000
1569001,50.0000,50.0000,50.0000,0.00000,0.00000,-0.00000,0.00000,0.00000,0.0000,0.0,48.0000,0.0000,0.0000,0.0000
1569501,50.0000,50.0000,50.0000,0.00000,0.00000,-0.00000,0.00000,0.00000,0.0000,0.0,48.0000,0.0000,0.0000,0.0000
1570001,50.0000,50.0000,50.0000,0.00000,0.00000,-0.00000,0.00000,0.00000,0.0000,0.0,48.0000,0.0000,0.0000,0.0000
1570501,50.0000,50.0000,50.0000,0.00000,0.00000,-0.00000,0.00000,0.00000,0.0000,0.0,48.0000,0.0000,0.0000,0.0000
1571001,50.0000,50.0000,50.0000,0.00000,0.00000,-0.00000,0.00000,0.00000,0.0000,0.0,48.0000,0.0000,0.0000,0.0000
1571501,50.0000,50.0000,50.0000,0.00000,0.00000,-0.00000,0.00000,0.00000,0.0000,0.0,48.0000,0.0000,0.0000,0.0000
1572001,50.0000,50.0000,50.0000,0.00000,0.00000,-0.00000,0.00000,0.00000,0.0000,0.0,48.0000,0.0000,0.0000,0.0000
1572501,50.0000,50.0000,50.0000,0.00000,0.00000,-0.00000,0.00000,0.00000,0.0000,0.0,48.0000,0.0000,0.0000,0.0000
1573001,50.0000,50.0000,50.0000,0.00000,0.00000,-0.00000,0.00000,0.00000,0.0000,0.0,48.0000,0.0000,0.0000,0.0000
1573501,50.0000,50.0000,50.0000,0.00000,0.00000,-0.00000,0.00000,0.00000,0.0000,0.0,48.0000,0.0000,0.0000,0.0000
1574001,50.0000,50.0000,50.0000,0.00000,0.00000,-0.00000,0.00000,0.00000,0.0000,0.0,48.0000,0.0000,0.0000,0.0000
1574501,50.0000,50.0000,50.0000,0.00000,0.00000,-0.00000,0.00000,0.00000,0.0000,0.0,48.0000,0.0000,0.0000,0.0000
1575001,50.0000,50.0000,50.0000,0.00000,0.00000,-0.00000,0.00000,0.00000,0.0000,0.0,48.0000,0.0000,0.0000,0.0000
1575501,50.0000,50.0000,50.0000,0.00000,0.00000,-0.00000,0.00000,0.00000,0.0000,0.0,48.0000,0.0000,0.0000,0.0000
1576001,50.0000,50.0000,50.0000,0.00000,0.00000,-0.00000,0.00000,0.00000,0.0000,0.0,48.0000,0.0000,0.0000,0.0000
1576501,50.0000,50.0000,50.0000,0.00000,0.00000,-0.00000,0.00000,0.00000,0.0000,0.0,48.0000,0.0000,0.0000,0.0000
1577001,50.0000,50.0000,50.0000,0.00000,0.00000,-0.00000,0.00000,0.00000,0.0000,0.0,48.0000,0.0000,0.0000,0.0000
1577501,50.0000,50.0000,50.0000,0.00000,0.00000,-0.00000,0.00000,0.00000,0.0000,0.0,48.0000,0.0000,0.0000,0.0000
1578001,50.0000,50.0000,50.0000,0.00000,0.00000,-0.00000,0.00000,0.00000,0.0000,0.0,48.0000,0.0000,0.0000,0.0000
1578501,50.0000,50.0000,50.0000,0.00000,0.00000,-0.00000,0.00000,0.00000,0.0000,0.0,48.0000,0.0000,0.0000,0.0000
1579001,50.0000,50.0000,50.0000,0.00000,0.00000,-0.00000,0.00000,0.00000,0.0000,0.0,48.0000,0.0000,0.0000,0.0000
1579501,50.0000,50.0000,50.0000,0.00000,0.00000,-0.00000,0.00000,0.00000,0.0000,0.0,48.0000,0.0000,0.0000,0.0000
1580001,50.0000,50.0000,50.0000,0.00000,0.00000,-0.00000,0.00000,0.00000,0.0000,0.0,48.0000,0.0000,0.0000,0.0000
1580501,50.0000,50.0000,50.0000,0.00000,0.00000,-0.00000,0.00000,0.00000,0.0000,0.0,48.0000,0.0000,0.0000,0.0000
1581001,50.0000,50.0000,50.0000,0.00000,0.00000,-0.00000,0.00000,0.00000,0.0000,0.0,48.0000,0.0000,0.0000,0.0000
1581501,50.0000,50.0000,50.0000,0.00000,0.00000,-0.00000,0.00000,0.00000,0.0000,0.0,48.0000,0.0000,0.0000,0.0000
1582001,50.0000,50.0000,50.0000,0.00000,0.00000,-0.00000,0.00000,0.00000,0.0000,0.0,48.0000,0.0000,0.0000,0.0000
1582501,50.0000,50.0000,50.0000,0.00000,0.00000,-0.00000,0.00000,0.00000,0.0000,0.0,48.0000,0.0000,0.0000,0.0000
1583001,50.0000,50.0000,50.0000,0.00000,0.00000,-0.00000,0.00000,0.00000,0.0000,0.0,48.0000,0.0000,0.0000,0.0000
1583501,50.0000,50.0000,50.0000,0.00000,0.00000,-0.00000,0.00000,0.00000,0.0000,0.0,48.0000,0.0000,0.0000,0.0000
1584001,50.0000,50.0000,50.0000,0.00000,0.00000,-0.00000,0.00000,0.00000,0.0000,0.0,48.0000,0.0000,0.0000,0.0000
1584501,50.0000,50.0000,50.0000,0.00000,0.00000,-0.00000,0.00000,0.00000,0.0000,0.0,48.0000,0.0000,0.0000,0.0000
1585001,50.0000,50.0000,50.0000,0.00000,0.00000,-0.00000,0.00000,0.00000,0.0000,0.0,48.0000,0.0000,0.0000,0.0000
1585501,50.0000,50.0000,50.0000,0.00000,0.00000,-0.00000,0.00000,0.00000,0.0000,0.0,48.0000,0.0000,0.0000,0.0000
1586001,50.0000,50.0000,50.0000,0.00000,0.00000,-0.00000,0.00000,0.00000,0.0000,0.0,48.0000,0.0000,0.0000,0.0000
1586501,50.0000,50.0000,50.0000,0.00000,0.00000,-0.00000,0.00000,0.00000,0.0000,0.0,48.0000,0.0000,0.0000,0.0000
1587001,50.0000,50.0000,50.0000,0.00000,0.00000,-0.00000,0.00000,0.00000,0.0000,0.0,48.0000,0.0000,0.0000,0.0000
1587501,50.0000,50.0000,50.0000,0.00000,0.00000,-0.00000,0.00000,0.00000,0.0000,0.0,48.0000,0.0000,0.0000,0.0000
1588001,50.0000,50.0000,50.0000,0.00000,0.00000,-0.00000,0.00000,0.00000,0.0000,0.0,48.0000,0.0000,0.0000,0.0000
1588501,50.0000,50.0000,50.0000,0.00000,0.00000,-0.00000,0.00000,0.00000,0.0000,0.0,48.0000,0.0000,0.0000,0.0000
1589001,50.0000,50.0000,50.0000,0.00000,0.00000,-0.00000,0.00000,0.00000,0.0000,0.0,48.0000,0.0000,0.0000,0.0000
1589501,50.0000,50.0000,50.0000,0.00000,0.00000,-0.00000,0.00000,0.00000,0.0000,0.0,48.0000,0.0000,0.0000,0.0000
1590001,50.0000,50.0000,50.0000,0.00000,0.00000,-0.00000,0.00000,0.00000,0.0000,0.0,48.0000,0.0000,0.0000,0.0000
1590501,50.0000,50.0000,50.0000,0.00000,0.00000,-0.00000,0.00000,0.00000,0.0000,0.0,48.0000,0.0000,0.0000,0.0000
1591001,50.0000,50.0000,50.0000,0.00000,0.00000,-0.00000,0.00000,0.00000,0.0000,0.0,48.0000,0.0000,0.0000,0.0000
1591501,50.0000,50.0000,50.0000,0.00000,0.00000,-0.00000,0.00000,0.00000,0.0000,0.0,48.0000,0.0000,0.0000,0.0000
1592001,50.0000,50.0000,50.0000,0.00000,0.00000,-0.00000,0.00000,0.00000,0.0000,0.0,48.0000,0.0000,0.0000,0.0000
1592501,50.0000,50.0000,50.0000,0.00000,0.00000,-0.00000,0.00000,0.00000,0.0000,0.0,48.0000,0.0000,0.0000,0.0000
1593001,50.0000,50.0000,50.0000,0.00000,0.00000,-0.00000,0.00000,0.00000,0.0000,0.0,48.0000,0.0000,0.0000,0.0000
1593501,50.0000,50.0000,50.0000,0.00000,0.00000,-0.00000,0.00000,0.00000,0.0000,0.0,48.0000,0.0000,0.0000,0.0000
1594001,50.0000,50.0000,50.0000,0.00000,0.00000,-0.00000,0.00000,0.00000,0.0000,0.0,48.0000,0.0000,0.0000,0.0000
1594501,50.0000,50.0000,50.0000,0.00000,0.00000,-0.00000,0.00000,0.00000,0.0000,0.0,48.0000,0.0000,0.0000,0.0000
1595001,50.0000,50.0000,50.0000,0.00000,0.00000,-0.00000,0.00000,0.00000,0.0000,0.0,48.0000,0.0000,0.0000,0.0000
1595501,50.0000,50.0000,50.0000,0.00000,0.00000,-0.00000,0.00000,0.00000,0.0000,0.0,48.0000,0.0000,0.0000,0.0000
1596001,50.0000,50.0000,50.0000,0.00000,0.00000,-0.00000,0.00000,0.00000,0.0000,0.0,48.0000,0.0000,0.0000,0.0000
1596501,50.0000,50.0000,50.0000,0.00000,0.00000,-0.00000,0.00000,0.00000,0.0000,0.0,48.0000,0.0000,0.0000,0.0000
1597001,50.0000,50.0000,50.0000,0.00000,0.00000,-0.00000,0.00000,0.00000,0.0000,0.0,48.0000,0.0000,0.0000,0.0000
1597501,50.0000,50.0000,50.0000,0.00000,0.00000,-0.00000,0.00000,0.00000,0.0000,0.0,48.0000,0.0000,0.0000,0.0000
1598001,50.0000,50.0000,50.0000,0.00000,0.00000,-0.00000,0.00000,0.00000,0.0000,0.0,48.0000,0.0000,0.0000,0.0000
1598501,50.0000,50.0000,50.0000,0.00000,0.00000,-0.00000,0.00000,0.00000,0.0000,0.0,48.0000,0.0000,0.0000,0.0000
1599001,50.0000,50.0000,50.0000,0.00000,0.00000,-0.00000,0.00000,0.00000,0.0000,0.0,48.0000,0.0000,0.0000,0.0000
1599501,50.0000,50.0000,50.0000,0.00000,0.00000,-0.00000,0.00000,0.00000,0.0000,0.0,48.0000,0.0000,0.0000,0.0000
1600001,50.0000,50.0000,50.0000,0.00000,0.00000,-0.00000,0.00000,0.00000,0.0000,0.0,48.0000,0.0000,0.0000,0.0000
1600501,50.0000,50.0000,50.0000,0.00000,0.00000,-0.00000,0.00000,0.00000,0.0000,0.0,48.0000,0.0000,0.0000,0.0000
1601001,50.0000,50.0000,50.0000,0.00000,0.00000,-0.00000,0.00000,0.00000,0.0000,0.0,48.0000,0.0000,0.0000,0.0000
1601501,50.0000,50.0000,50.0000,0.00000,0.00000,-0.00000,0.00000,0.00000,0.0000,0.0,48.0000,0.0000,0.0000,0.0000
1602001,50.0000,50.0000,50.0000,0.00000,0.00000,-0.00000,0.00000,0.00000,0.0000,0.0,48.0000,0.0000,0.0000,0.0000
1602501,50.0000,50.0000,50.0000,0.00000,0.00000,-0.00000,0.00000,0.00000,0.0000,0.0,48.0000,0.0000,0.0000,0.0000
1603001,50.0000,50.0000,50.0000,0.00000,0.00000,-0.00000,0.00000,0.00000,0.0000,0.0,48.0000,0.0000,0.0000,0.0000
1603501,50.0000,50.0000,50.0000,0.00000,0.00000,-0.00000,0.00000,0.00000,0.0000,0.0,48.0000,0.0000,0.0000,0.0000
1604001,50.0000,50.0000,50.0000,0.00000,0.00000,-0.00000,0.00000,0.00000,0.0000,0.0,48.0000,0.0000,0.0000,0.0000
1604501,50.0000,50.0000,50.0000,0.00000,0.00000,-0.00000,0.00000,0.00000,0.0000,0.0,48.0000,0.0000,0.0000,0.0000
1605001,50.0000,50.0000,50.0000,0.00000,0.00000,-0.00000,0.00000,0.00000,0.0000,0.0,48.0000,0.0000,0.0000,0.0000
1605501,50.0000,50.0000,50.0000,0.00000,0.00000,-0.00000,0.00000,0.00000,0.0000,0.0,48.0000,0.0000,0.0000,0.0000
1606001,50.0000,50.0000,50.0000,0.00000,0.00000,-0.00000,0.00000,0.00000,0.0000,0.0,48.0000,0.0000,0.0000,0.0000
1606501,50.0000,50.0000,50.0000,0.00000,0.00000,-0.00000,0.00000,0.00000,0.0000,0.0,48.0000,0.0000,0.0000,0.0000
1607001,50.0000,50.0000,50.0000,0.00000,0.00000,-0.00000,0.00000,0.00000,0.0000,0.0,48.0000,0.0000,0.0000,0.0000
1607501,50.0000,50.0000,50.0000,0.00000,0.00000,-0.00000,0.00000,0.00000,0.0000,0.0,48.0000,0.0000,0.0000,0.0000
1608001,50.0000,50.0000,50.0000,0.00000,0.00000,-0.00000,0.00000,0.00000,0.0000,0.0,48.0000,0.0000,0.0000,0.0000
1608501,50.0000,50.0000,50.0000,0.00000,0.00000,-0.00000,0.00000,0.00000,0.0000,0.0,48.0000,0.0000,0.0000,0.0000
1609001,50.0000,50.0000,50.0000,0.00000,0.00000,-0.00000,0.00000,0.00000,0.0000,0.0,48.0000,0.0000,0.0000,0.0000
1609501,50.0000,50.0000,50.0000,0.00000,0.00000,-0.00000,0.00000,0.00000,0.0000,0.0,48.0000,0.0000,0.0000,0.0000
1610001,50.0000,50.0000,50.0000,0.00000,0.00000,-0.00000,0.00000,0.00000,0.0000,0.0,48.0000,0.0000,0.0000,0.0000
1610501,50.0000,50.0000,50.0000,0.00000,0.00000,-0.00000,0.00000,0.00000,0.0000,0.0,48.0000,0.0000,0.0000,0.0000
1611001,50.0000,50.0000,50.0000,0.00000,0.00000,-0.00000,0.00000,0.00000,0.0000,0.0,48.0000,0.0000,0.0000,0.0000
1611501,50.0000,50.0000,50.0000,0.00000,0.00000,-0.00000,0.00000,0.00000,0.0000,0.0,48.0000,0.0000,0.0000,0.0000
1612001,50.0000,50.0000,50.0000,0.00000,0.00000,-0.00000,0.00000,0.00000,0.0000,0.0,48.0000,0.0000,0.0000,0.0000
1612501,50.0000,50.0000,50.0000,0.00000,0.00000,-0.00000,0.00000,0.00000,0.0000,0.0,48.0000,0.0000,0.0000,0.0000
1613001,50.0000,50.0000,50.0000,0.00000,0.00000,-0.00000,0.00000,0.00000,0.0000,0.0,48.0000,0.0000,0.0000,0.0000
1613501,50.0000,50.0000,50.0000,0.00000,0.00000,-0.00000,0.00000,0.00000,0.0000,0.0,48.0000,0.0000,0.0000,0.0000
1614001,50.0000,50.0000,50.0000,0.00000,0.00000,-0.00000,0.00000,0.00000,0.0000,0.0,48.0000,0.0000,0.0000,0.0000
1614501,50.0000,50.0000,50.0000,0.00000,0.00000,-0.00000,0.00000,0.00000,0.0000,0.0,48.0000,0.0000,0.0000,0.0000
1615001,50.0000,50.0000,50.0000,0.00000,0.00000,-0.00000,0.00000,0.00000,0.0000,0.0,48.0000,0.0000,0.0000,0.0000
1615501,50.0000,50.0000,50.0000,0.00000,0.00000,-0.00000,0.00000,0.00000,0.0000,0.0,48.0000,0.0000,0.0000,0.0000
1616001,50.0000,50.0000,50.0000,0.00000,0.00000,-0.00000,0.00000,0.00000,0.0000,0.0,48.0000,0.0000,0.0000,0.0000
1616501,50.0000,50.0000,50.0000,0.00000,0.00000,-0.00000,0.00000,0.00000,0.0000,0.0,48.0000,0.0000,0.0000,0.0000
1617001,50.0000,50.0000,50.0000,0.00000,0.00000,-0.00000,0.00000,0.00000,0.0000,0.0,48.0000,0.0000,0.0000,0.0000
1617501,50.0000,50.0000,50.0000,0.00000,0.00000,-0.00000,0.00000,0.00000,0.0000,0.0,48.0000,0.0000,0.0000,0.0000
1618001,50.0000,50.0000,50.0000,0.00000,0.00000,-0.00000,0.00000,0.00000,0.0000,0.0,48.0000,0.0000,0.0000,0.0000
1618501,50.0000,50.0000,50.0000,0.00000,0.00000,-0.00000,0.00000,0.00000,0.0000,0.0,48.0000,0.0000,0.0000,0.0000
1619001,50.0000,50.0000,50.0000,0.00000,0.00000,-0.00000,0.00000,0.00000,0.0000,0.0,48.0000,0.0000,0.0000,0.0000
1619501,50.0000,50.0000,50.0000,0.00000,0.00000,-0.00000,0.00000,0.00000,0.0000,0.0,48.0000,0.0000,0.0000,0.0000
1620001,50.0000,50.0000,50.0000,0.00000,0.00000,-0.00000,0.00000,0.00000,0.0000,0.0,48.0000,0.0000,0.0000,0.0000
1620501,50.0000,50.0000,50.0000,0.00000,0.00000,-0.00000,0.00000,0.00000,0.0000,0.0,48.0000,0.0000,0.0000,0.0000
1621001,50.0000,50.0000,50.0000,0.00000,0.00000,-0.00000,0.00000,0.00000,0.0000,0.0,48.0000,0.0000,0.0000,0.0000
1621501,50.0000,50.0000,50.0000,0.00000,0.00000,-0.00000,0.00000,0.00000,0.0000,0.0,48.0000,0.0000,0.0000,0.0000
1622001,50.0000,50.0000,50.0000,0.00000,0.00000,-0.00000,0.00000,0.00000,0.0000,0.0,48.0000,0.0000,0.0000,0.0000
1622501,50.0000,50.0000,50.0000,0.00000,0.00000,-0.00000,0.00000,0.00000,0.0000,0.0,48.0000,0.0000,0.0000,0.0000
1623001,50.0000,50.0000,50.0000,0.00000,0.00000,-0.00000,0.00000,0.00000,0.0000,0.0,48.0000,0.0000,0.0000,0.0000
1623501,50.0000,50.0000,50.0000,0.00000,0.00000,-0.00000,0.00000,0.00000,0.0000,0.0,48.0000,0.0000,0.0000,0.0000
1624001,50.0000,50.0000,50.0000,0.00000,0.00000,-0.00000,0.00000,0.00000,0.0000,0.0,48.0000,0.0000,0.0000,0.0000
1624501,50.0000,50.0000,50.0000,0.00000,0.00000,-0.00000,0.00000,0.00000,0.0000,0.0,48.0000,0.0000,0.0000,0.0000
1625001,50.0000,50.0000,50.0000,0.00000,0.00000,-0.00000,0.00000,0.00000,0.0000,0.0,48.0000,0.0000,0.0000,0.0000
1625501,50.0000,50.0000,50.0000,0.00000,0.00000,-0.00000,0.00000,0.00000,0.0000,0.0,48.0000,0.0000,0.0000,0.0000
1626001,50.0000,50.0000,50.0000,0.00000,0.00000,-0.00000,0.00000,0.00000,0.0000,0.0,48.0000,0.0000,0.0000,0.0000
1626501,50.0000,50.0000,50.0000,0.00000,0.00000,-0.00000,0.00000,0.00000,0.0000,0.0,48.0000,0.0000,0.0000,0.0000
1627001,50.0000,50.0000,50.0000,0.00000,0.00000,-0.00000,0.00000,0.00000,0.0000,0.0,48.0000,0.0000,0.0000,0.0000
1627501,50.0000,50.0000,50.0000,0.00000,0.00000,-0.00000,0.00000,0.00000,0.0000,0.0,48.0000,0.0000,0.0000,0.0000
1628001,50.0000,50.0000,50.0000,0.00000,0.00000,-0.00000,0.00000,0.00000,0.0000,0.0,48.0000,0.0000,0.0000,0.0000
1628501,50.0000,50.0000,50.0000,0.00000,0.00000,-0.00000,0.00000,0.00000,0.0000,0.0,48.0000,0.0000,0.0000,0.0000
1629001,50.0000,50.0000,50.0000,0.00000,0.00000,-0.00000,0.00000,0.00000,0.0000,0.0,48.0000,0.0000,0.0000,0.0000
1629501,50.0000,50.0000,50.0000,0.00000,0.00000,-0.00000,0.00000,0.00000,0.0000,0.0,48.0000,0.0000,0.0000,0.0000
1630001,50.0000,50.0000,50.0000,0.00000,0.00000,-0.00000,0.00000,0.00000,0.0000,0.0,48.0000,0.0000,0.0000,0.0000
1630501,50.0000,50.0000,50.0000,0.00000,0.00000,-0.00000,0.00000,0.00000,0.0000,0.0,48.0000,0.0000,0.0000,0.0000
1631001,50.0000,50.0000,50.0000,0.00000,0.00000,-0.00000,0.00000,0.00000,0.0000,0.0,48.0000,0.0000,0.0000,0.0000
1631501,50.0000,50.0000,50.0000,0.00000,0.00000,-0.00000,0.00000,0.00000,0.0000,0.0,48.0000,0.0000,0.0000,0.0000
1632001,50.0000,50.0000,50.0000,0.00000,0.00000,-0.00000,0.00000,0.00000,0.0000,0.0,48.0000,0.0000,0.0000,0.0000
1632501,50.0000,50.0000,50.0000,0.00000,0.00000,-0.00000,0.00000,0.00000,0.0000,0.0,48.0000,0.0000,0.0000,0.0000
1633001,50.0000,50.0000,50.0000,0.00000,0.00000,-0.00000,0.00000,0.00000,0.0000,0.0,48.0000,0.0000,0.0000,0.0000
1633501,50.0000,50.0000,50.0000,0.00000,0.00000,-0.00000,0.00000,0.00000,0.0000,0.0,48.0000,0.0000,0.0000,0.0000
1634001,50.0000,50.0000,50.0000,0.00000,0.00000,-0.00000,0.00000,0.00000,0.0000,0.0,48.0000,0.0000,0.0000,0.0000
1634501,50.0000,50.0000,50.0000,0.00000,0.00000,-0.00000,0.00000,0.00000,0.0000,0.0,48.0000,0.0000,0.0000,0.0000
1635001,50.0000,50.0000,50.0000,0.00000,0.00000,-0.00000,0.00000,0.00000,0.0000,0.0,48.0000,0.0000,0.0000,0.0000
1635501,50.0000,50.0000,50.0000,0.00000,0.00000,-0.00000,0.00000,0.00000,0.0000,0.0,48.0000,0.0000,0.0000,0.0000
1636001,50.0000,50.0000,50.0000,0.00000,0.00000,-0.00000,0.00000,0.00000,0.0000,0.0,48.0000,0.0000,0.0000,0.0000
1636501,50.0000,50.0000,50.0000,0.00000,0.00000,-0.00000,0.00000,0.00000,0.0000,0.0,48.0000,0.0000,0.0000,0.0000
1637001,50.0000,50.0000,50.0000,0.00000,0.00000,-0.00000,0.00000,0.00000,0.0000,0.0,48.0000,0.0000,0.0000,0.0000
1637501,50.0000,50.0000,50.0000,0.00000,0.00000,-0.00000,0.00000,0.00000,0.0000,0.0,48.0000,0.0000,0.0000,0.0000
1638001,50.0000,50.0000,50.0000,0.00000,0.00000,-0.00000,0.00000,0.00000,0.0000,0.0,48.0000,0.0000,0.0000,0.0000
1638501,50.0000,50.0000,50.0000,0.00000,0.00000,-0.00000,0.00000,0.00000,0.0000,0.0,48.0000,0.0000,0.0000,0.0000
1639001,50.0000,50.0000,50.0000,0.00000,0.00000,-0.00000,0.00000,0.00000,0.0000,0.0,48.0000,0.0000,0.0000,0.0000
1639501,50.0000,50.0000,50.0000,0.00000,0.00000,-0.00000,0.00000,0.00000,0.0000,0.0,48.0000,0.0000,0.0000,0.0000
1640001,50.0000,50.0000,50.0000,0.00000,0.00000,-0.00000,0.00000,0.00000,0.0000,0.0,48.0000,0.0000,0.0000,0.0000
1640501,50.0000,50.0000,50.0000,0.00000,0.00000,-0.00000,0.00000,0.00000,0.0000,0.0,48.0000,0.0000,0.0000,0.0000
1641001,50.0000,50.0000,50.0000,0.00000,0.00000,-0.00000,0.00000,0.00000,0.0000,0.0,48.0000,0.0000,0.0000,0.0000
1641501,50.0000,50.0000,50.0000,0.00000,0.00000,-0.00000,0.00000,0.00000,0.0000,0.0,48.0000,0.0000,0.0000,0.0000
1642001,50.0000,50.0000,50.0000,0.00000,0.00000,-0.00000,0.00000,0.00000,0.0000,0.0,48.0000,0.0000,0.0000,0.0000
1642501,50.0000,50.0000,50.0000,0.00000,0.00000,-0.00000,0.00000,0.00000,0.0000,0.0,48.0000,0.0000,0.0000,0.0000
1643001,50.0000,50.0000,50.0000,0.00000,0.00000,-0.00000,0.00000,0.00000,0.0000,0.0,48.0000,0.0000,0.0000,0.0000
1643501,50.0000,50.0000,50.0000,0.00000,0.00000,-0.00000,0.00000,0.00000,0.0000,0.0,48.0000,0.0000,0.0000,0.0000
1644001,50.0000,50.0000,50.0000,0.00000,0.00000,-0.00000,0.00000,0.00000,0.0000,0.0,48.0000,0.0000,0.0000,0.0000
1644501,50.0000,50.0000,50.0000,0.00000,0.00000,-0.00000,0.00000,0.00000,0.0000,0.0,48.0000,0.0000,0.0000,0.0000
1645001,50.0000,50.0000,50.0000,0.00000,0.00000,-0.00000,0.00000,0.00000,0.0000,0.0,48.0000,0.0000,0.0000,0.0000
1645501,50.0000,50.0000,50.0000,0.00000,0.00000,-0.00000,0.00000,0.00000,0.0000,0.0,48.0000,0.0000,0.0000,0.0000
1646001,50.0000,50.0000,50.0000,0.00000,0.00000,-0.00000,0.00000,0.00000,0.0000,0.0,48.0000,0.0000,0.0000,0.0000
1646501,50.0000,50.0000,50.0000,0.00000,0.00000,-0.00000,0.00000,0.00000,0.0000,0.0,48.0000,0.0000,0.0000,0.0000
1647001,50.0000,50.0000,50.0000,0.00000,0.00000,-0.00000,0.00000,0.00000,0.0000,0.0,48.0000,0.0000,0.0000,0.0000
1647501,50.0000,50.0000,50.0000,0.00000,0.00000,-0.00000,0.00000,0.00000,0.0000,0.0,48.0000,0.0000,0.0000,0.0000
1648001,50.0000,50.0000,50.0000,0.00000,0.00000,-0.00000,0.00000,0.00000,0.0000,0.0,48.0000,0.0000,0.0000,0.0000
1648501,50.0000,50.0000,50.0000,0.00000,0.00000,-0.00000,0.00000,0.00000,0.0000,0.0,48.0000,0.0000,0.0000,0.0000
1649001,50.0000,50.0000,50.0000,0.00000,0.00000,-0.00000,0.00000,0.00000,0.0000,0.0,48.0000,0.0000,0.0000,0.0000
1649501,50.0000,50.0000,50.0000,0.00000,0.00000,-0.00000,0.00000,0.00000,0.0000,0.0,48.0000,0.0000,0.0000,0.0000
1650001,50.0000,50.0000,50.0000,0.00000,0.00000,-0.00000,0.00000,0.00000,0.0000,0.0,48.0000,0.0000,0.0000,0.0000
1650501,50.0000,50.0000,50.0000,0.00000,0.00000,-0.00000,0.00000,0.00000,0.0000,0.0,48.0000,0.0000,0.0000,0.0000
1651001,50.0000,50.0000,50.0000,0.00000,0.00000,-0.00000,0.00000,0.00000,0.0000,0.0,48.0000,0.0000,0.0000,0.0000
1651501,50.0000,50.0000,50.0000,0.00000,0.00000,-0.00000,0.00000,0.00000,0.0000,0.0,48.0000,0.0000,0.0000,0.0000
1652001,50.0000,50.0000,50.0000,0.00000,0.00000,-0.00000,0.00000,0.00000,0.0000,0.0,48.0000,0.0000,0.0000,0.0000
1652501,50.0000,50.0000,50.0000,0.00000,0.00000,-0.00000,0.00000,0.00000,0.0000,0.0,48.0000,0.0000,0.0000,0.0000
1653001,50.0000,50.0000,50.0000,0.00000,0.00000,-0.00000,0.00000,0.00000,0.0000,0.0,48.0000,0.0000,0.0000,0.0000
1653501,50.0000,50.0000,50.0000,0.00000,0.00000,-0.00000,0.00000,0.00000,0.0000,0.0,48.0000,0.0000,0.0000,0.0000
1654001,50.0000,50.0000,50.0000,0.00000,0.00000,-0.00000,0.00000,0.00000,0.0000,0.0,48.0000,0.0000,0.0000,0.0000
1654501,50.0000,50.0000,50.0000,0.00000,0.00000,-0.00000,0.00000,0.00000,0.0000,0.0,48.0000,0.0000,0.0000,0.0000
1655001,50.0000,50.0000,50.0000,0.00000,0.00000,-0.00000,0.00000,0.00000,0.0000,0.0,48.0000,0.0000,0.0000,0.0000
1655501,50.0000,50.0000,50.0000,0.00000,0.00000,-0.00000,0.00000,0.00000,0.0000,0.0,48.0000,0.0000,0.0000,0.0000
1656001,50.0000,50.0000,50.0000,0.00000,0.00000,-0.00000,0.00000,0.00000,0.0000,0.0,48.0000,0.0000,0.0000,0.0000
1656501,50.0000,50.0000,50.0000,0.00000,0.00000,-0.00000,0.00000,0.00000,0.0000,0.0,48.0000,0.0000,0.0000,0.0000
1657001,50.0000,50.0000,50.0000,0.00000,0.00000,-0.00000,0.00000,0.00000,0.0000,0.0,48.0000,0.0000,0.0000,0.0000
1657501,50.0000,50.0000,50.0000,0.00000,0.00000,-0.00000,0.00000,0.00000,0.0000,0.0,48.0000,0.0000,0.0000,0.0000
1658001,50.0000,50.0000,50.0000,0.00000,0.00000,-0.00000,0.00000,0.00000,0.0000,0.0,48.0000,0.0000,0.0000,0.0000
1658501,50.0000,50.0000,50.0000,0.00000,0.00000,-0.00000,0.00000,0.00000,0.0000,0.0,48.0000,0.0000,0.0000,0.0000
1659001,50.0000,50.0000,50.0000,0.00000,0.00000,-0.00000,0.00000,0.00000,0.0000,0.0,48.0000,0.0000,0.0000,0.0000
1659501,50.0000,50.0000,50.0000,0.00000,0.00000,-0.00000,0.00000,0.00000,0.0000,0.0,48.0000,0.0000,0.0000,0.0000
1660001,50.0000,50.0000,50.0000,0.00000,0.00000,-0.00000,0.00000,0.00000,0.0000,0.0,48.0000,0.0000,0.0000,0.0000
1660501,50.0000,50.0000,50.0000,0.00000,0.00000,-0.00000,0.00000,0.00000,0.0000,0.0,48.0000,0.0000,0.0000,0.0000
1661001,50.0000,50.0000,50.0000,0.00000,0.00000,-0.00000,0.00000,0.00000,0.0000,0.0,48.0000,0.0000,0.0000,0.0000
1661501,50.0000,50.0000,50.0000,0.00000,0.00000,-0.00000,0.00000,0.00000,0.0000,0.0,48.0000,0.0000,0.0000,0.0000
1662001,50.0000,50.0000,50.0000,0.00000,0.00000,-0.00000,0.00000,0.00000,0.0000,0.0,48.0000,0.0000,0.0000,0.0000
1662501,50.0000,50.0000,50.0000,0.00000,0.00000,-0.00000,0.00000,0.00000,0.0000,0.0,48.0000,0.0000,0.0000,0.0000
1663001,50.0000,50.0000,50.0000,0.00000,0.00000,-0.00000,0.00000,0.00000,0.0000,0.0,48.0000,0.0000,0.0000,0.0000
1663501,50.0000,50.0000,50.0000,0.00000,0.00000,-0.00000,0.00000,0.00000,0.0000,0.0,48.0000,0.0000,0.0000,0.0000
1664001,50.0000,50.0000,50.0000,0.00000,0.00000,-0.00000,0.00000,0.00000,0.0000,0.0,48.0000,0.0000,0.0000,0.0000
1664501,50.0000,50.0000,50.0000,0.00000,0.00000,-0.00000,0.00000,0.00000,0.0000,0.0,48.0000,0.0000,0.0000,0.0000
1665001,50.0000,50.0000,50.0000,0.00000,0.00000,-0.00000,0.00000,0.00000,0.0000,0.0,48.0000,0.0000,0.0000,0.0000
1665501,50.0000,50.0000,50.0000,0.00000,0.00000,-0.00000,0.00000,0.00000,0.0000,0.0,48.0000,0.0000,0.0000,0.0000
1666001,50.0000,50.0000,50.0000,0.00000,0.00000,-0.00000,0.00000,0.00000,0.0000,0.0,48.0000,0.0000,0.0000,0.0000
1666501,50.0000,50.0000,50.0000,0.00000,0.00000,-0.00000,0.00000,0.00000,0.0000,0.0,48.0000,0.0000,0.0000,0.0000
1667001,50.0000,50.0000,50.0000,0.00000,0.00000,-0.00000,0.00000,0.00000,0.0000,0.0,48.0000,0.0000,0.0000,0.0000
1667501,50.0000,50.0000,50.0000,0.00000,0.00000,-0.00000,0.00000,0.00000,0.0000,0.0,48.0000,0.0000,0.0000,0.0000
1668001,50.0000,50.0000,50.0000,0.00000,0.00000,-0.00000,0.00000,0.00000,0.0000,0.0,48.0000,0.0000,0.0000,0.0000
1668501,50.0000,50.0000,50.0000,0.00000,0.00000,-0.00000,0.00000,0.00000,0.0000,0.0,48.0000,0.0000,0.0000,0.0000
1669001,50.0000,50.0000,50.0000,0.00000,0.00000,-0.00000,0.00000,0.00000,0.0000,0.0,48.0000,0.0000,0.0000,0.0000
1669501,50.0000,50.0000,50.0000,0.00000,0.00000,-0.00000,0.00000,0.00000,0.0000,0.0,48.0000,0.0000,0.0000,0.0000
1670001,50.0000,50.0000,50.0000,0.00000,0.00000,-0.00000,0.00000,0.00000,0.0000,0.0,48.0000,0.0000,0.0000,0.0000
1670501,50.0000,50.0000,50.0000,0.00000,0.00000,-0.00000,0.00000,0.00000,0.0000,0.0,48.0000,0.0000,0.0000,0.0000
1671001,50.0000,50.0000,50.0000,0.00000,0.00000,-0.00000,0.00000,0.00000,0.0000,0.0,48.0000,0.0000,0.0000,0.0000
1671501,50.0000,50.0000,50.0000,0.00000,0.00000,-0.00000,0.00000,0.00000,0.0000,0.0,48.0000,0.0000,0.0000,0.0000
1672001,50.0000,50.0000,50.0000,0.00000,0.00000,-0.00000,0.00000,0.00000,0.0000,0.0,48.0000,0.0000,0.0000,0.0000
1672501,50.0000,50.0000,50.0000,0.00000,0.00000,-0.00000,0.00000,0.00000,0.0000,0.0,48.0000,0.0000,0.0000,0.0000
1673001,50.0000,50.0000,50.0000,0.00000,0.00000,-0.00000,0.00000,0.00000,0.0000,0.0,48.0000,0.0000,0.0000,0.0000
1673501,50.0000,50.0000,50.0000,0.00000,0.00000,-0.00000,0.00000,0.00000,0.0000,0.0,48.0000,0.0000,0.0000,0.0000
1674001,50.0000,50.0000,50.0000,0.00000,0.00000,-0.00000,0.00000,0.00000,0.0000,0.0,48.0000,0.0000,0.0000,0.0000
1674501,50.0000,50.0000,50.0000,0.00000,0.00000,-0.00000,0.00000,0.00000,0.0000,0.0,48.0000,0.0000,0.0000,0.0000
1675001,50.0000,50.0000,50.0000,0.00000,0.00000,-0.00000,0.00000,0.00000,0.0000,0.0,48.0000,0.0000,0.0000,0.0000
1675501,50.0000,50.0000,50.0000,0.00000,0.00000,-0.00000,0.00000,0.00000,0.0000,0.0,48.0000,0.0000,0.0000,0.0000
1676001,50.0000,50.0000,50.0000,0.00000,0.00000,-0.00000,0.00000,0.00000,0.0000,0.0,48.0000,0.0000,0.0000,0.0000
1676501,50.0000,50.0000,50.0000,0.00000,0.00000,-0.00000,0.00000,0.00000,0.0000,0.0,48.0000,0.0000,0.0000,0.0000
1677001,50.0000,50.0000,50.0000,0.00000,0.00000,-0.00000,0.00000,0.00000,0.0000,0.0,48.0000,0.0000,0.0000,0.0000
1677501,50.0000,50.0000,50.0000,0.00000,0.00000,-0.00000,0.00000,0.00000,0.0000,0.0,48.0000,0.0000,0.0000,0.0000
1678001,50.0000,50.0000,50.0000,0.00000,0.00000,-0.00000,0.00000,0.00000,0.0000,0.0,48.0000,0.0000,0.0000,0.0000
1678501,50.0000,50.0000,50.0000,0.00000,0.00000,-0.00000,0.00000,0.00000,0.0000,0.0,48.0000,0.0000,0.0000,0.0000
1679001,50.0000,50.0000,50.0000,0.00000,0.00000,-0.00000,0.00000,0.00000,0.0000,0.0,48.0000,0.0000,0.0000,0.0000
1679501,50.0000,50.0000,50.0000,0.00000,0.00000,-0.00000,0.00000,0.00000,0.0000,0.0,48.0000,0.0000,0.0000,0.0000
1680001,50.0000,50.0000,50.0000,0.00000,0.00000,-0.00000,0.00000,0.00000,0.0000,0.0,48.0000,0.0000,0.0000,0.0000
1680501,50.0000,50.0000,50.0000,0.00000,0.00000,-0.00000,0.00000,0.00000,0.0000,0.0,48.0000,0.0000,0.0000,0.0000
1681001,50.0000,50.0000,50.0000,0.00000,0.00000,-0.00000,0.00000,0.00000,0.0000,0.0,48.0000,0.0000,0.0000,0.0000
1681501,50.0000,50.0000,50.0000,0.00000,0.00000,-0.00000,0.00000,0.00000,0.0000,0.0,48.0000,0.0000,0.0000,0.0000
1682001,50.0000,50.0000,50.0000,0.00000,0.00000,-0.00000,0.00000,0.00000,0.0000,0.0,48.0000,0.0000,0.0000,0.0000
1682501,50.0000,50.0000,50.0000,0.00000,0.00000,-0.00000,0.00000,0.00000,0.0000,0.0,48.0000,0.0000,0.0000,0.0000
1683001,50.0000,50.0000,50.0000,0.00000,0.00000,-0.00000,0.00000,0.00000,0.0000,0.0,48.0000,0.0000,0.0000,0.0000
1683501,50.0000,50.0000,50.0000,0.00000,0.00000,-0.00000,0.00000,0.00000,0.0000,0.0,48.0000,0.0000,0.0000,0.0000
1684001,50.0000,50.0000,50.0000,0.00000,0.00000,-0.00000,0.00000,0.00000,0.0000,0.0,48.0000,0.0000,0.0000,0.0000
1684501,50.0000,50.0000,50.0000,0.00000,0.00000,-0.00000,0.00000,0.00000,0.0000,0.0,48.0000,0.0000,0.0000,0.0000
1685001,50.0000,50.0000,50.0000,0.00000,0.00000,-0.00000,0.00000,0.00000,0.0000,0.0,48.0000,0.0000,0.0000,0.0000
1685501,50.0000,50.0000,50.0000,0.00000,0.00000,-0.00000,0.00000,0.00000,0.0000,0.0,48.0000,0.0000,0.0000,0.0000
1686001,50.0000,50.0000,50.0000,0.00000,0.00000,-0.00000,0.00000,0.00000,0.0000,0.0,48.0000,0.0000,0.0000,0.0000
1686501,50.0000,50.0000,50.0000,0.00000,0.00000,-0.00000,0.00000,0.00000,0.0000,0.0,48.0000,0.0000,0.0000,0.0000
1687001,50.0000,50.0000,50.0000,0.00000,0.00000,-0.00000,0.00000,0.00000,0.0000,0.0,48.0000,0.0000,0.0000,0.0000
1687501,50.0000,50.0000,50.0000,0.00000,0.00000,-0.00000,0.00000,0.00000,0.0000,0.0,48.0000,0.0000,0.0000,0.0000
1688001,50.0000,50.0000,50.0000,0.00000,0.00000,-0.00000,0.00000,0.00000,0.0000,0.0,48.0000,0.0000,0.0000,0.0000
1688501,50.0000,50.0000,50.0000,0.00000,0.00000,-0.00000,0.00000,0.00000,0.0000,0.0,48.0000,0.0000,0.0000,0.0000
1689001,50.0000,50.0000,50.0000,0.00000,0.00000,-0.00000,0.00000,0.00000,0.0000,0.0,48.0000,0.0000,0.0000,0.0000
1689501,50.0000,50.0000,50.0000,0.00000,0.00000,-0.00000,0.00000,0.00000,0.0000,0.0,48.0000,0.0000,0.0000,0.0000
1690001,50.0000,50.0000,50.0000,0.00000,0.00000,-0.00000,0.00000,0.00000,0.0000,0.0,48.0000,0.0000,0.0000,0.0000
1690501,50.0000,50.0000,50.0000,0.00000,0.00000,-0.00000,0.00000,0.00000,0.0000,0.0,48.0000,0.0000,0.0000,0.0000
1691001,50.0000,50.0000,50.0000,0.00000,0.00000,-0.00000,0.00000,0.00000,0.0000,0.0,48.0000,0.0000,0.0000,0.0000
1691501,50.0000,50.0000,50.0000,0.00000,0.00000,-0.00000,0.00000,0.00000,0.0000,0.0,48.0000,0.0000,0.0000,0.0000
1692001,50.0000,50.0000,50.0000,0.00000,0.00000,-0.00000,0.00000,0.00000,0.0000,0.0,48.0000,0.0000,0.0000,0.0000
1692501,50.0000,50.0000,50.0000,0.00000,0.00000,-0.00000,0.00000,0.00000,0.0000,0.0,48.0000,0.0000,0.0000,0.0000
1693001,50.0000,50.0000,50.0000,0.00000,0.00000,-0.00000,0.00000,0.00000,0.0000,0.0,48.0000,0.0000,0.0000,0.0000
1693501,50.0000,50.0000,50.0000,0.00000,0.00000,-0.00000,0.00000,0.00000,0.0000,0.0,48.0000,0.0000,0.0000,0.0000
1694001,50.0000,50.0000,50.0000,0.00000,0.00000,-0.00000,0.00000,0.00000,0.0000,0.0,48.0000,0.0000,0.0000,0.0000
1694501,50.0000,50.0000,50.0000,0.00000,0.00000,-0.00000,0.00000,0.00000,0.0000,0.0,48.0000,0.0000,0.0000,0.0000
1695001,50.0000,50.0000,50.0000,0.00000,0.00000,-0.00000,0.00000,0.00000,0.0000,0.0,48.0000,0.0000,0.0000,0.0000
1695501,50.0000,50.0000,50.0000,0.00000,0.00000,-0.00000,0.00000,0.00000,0.0000,0.0,48.0000,0.0000,0.0000,0.0000
1696001,50.0000,50.0000,50.0000,0.00000,0.00000,-0.00000,0.00000,0.00000,0.0000,0.0,48.0000,0.0000,0.0000,0.0000
1696501,50.0000,50.0000,50.0000,0.00000,0.00000,-0.00000,0.00000,0.00000,0.0000,0.0,48.0000,0.0000,0.0000,0.0000
1697001,50.0000,50.0000,50.0000,0.00000,0.00000,-0.00000,0.00000,0.00000,0.0000,0.0,48.0000,0.0000,0.0000,0.0000
1697501,50.0000,50.0000,50.0000,0.00000,0.00000,-0.00000,0.00000,0.00000,0.0000,0.0,48.0000,0.0000,0.0000,0.0000
1698001,50.0000,50.0000,50.0000,0.00000,0.00000,-0.00000,0.00000,0.00000,0.0000,0.0,48.0000,0.0000,0.0000,0.0000
1698501,50.0000,50.0000,50.0000,0.00000,0.00000,-0.00000,0.00000,0.00000,0.0000,0.0,48.0000,0.0000,0.0000,0.0000
1699001,50.0000,50.0000,50.0000,0.00000,0.00000,-0.00000,0.00000,0.00000,0.0000,0.0,48.0000,0.0000,0.0000,0.0000
1699501,50.0000,50.0000,50.0000,0.00000,0.00000,-0.00000,0.00000,0.00000,0.0000,0.0,48.0000,0.0000,0.0000,0.0000
1700001,50.0000,50.0000,50.0000,0.00000,0.00000,-0.00000,0.00000,0.00000,0.0000,0.0,48.0000,0.0000,0.0000,0.0000
1700501,50.0000,50.0000,50.0000,0.00000,0.00000,-0.00000,0.00000,0.00000,0.0000,0.0,48.0000,0.0000,0.0000,0.0000
1701001,50.0000,50.0000,50.0000,0.00000,0.00000,-0.00000,0.00000,0.00000,0.0000,0.0,48.0000,0.0000,0.0000,0.0000
1701501,50.0000,50.0000,50.0000,0.00000,0.00000,-0.00000,0.00000,0.00000,0.0000,0.0,48.0000,0.0000,0.0000,0.0000
1702001,50.0000,50.0000,50.0000,0.00000,0.00000,-0.00000,0.00000,0.00000,0.0000,0.0,48.0000,0.0000,0.0000,0.0000
1702501,50.0000,50.0000,50.0000,0.00000,0.00000,-0.00000,0.00000,0.00000,0.0000,0.0,48.0000,0.0000,0.0000,0.0000
1703001,50.0000,50.0000,50.0000,0.00000,0.00000,-0.00000,0.00000,0.00000,0.0000,0.0,48.0000,0.0000,0.0000,0.0000
1703501,50.0000,50.0000,50.0000,0.00000,0.00000,-0.00000,0.00000,0.00000,0.0000,0.0,48.0000,0.0000,0.0000,0.0000
1704001,50.0000,50.0000,50.0000,0.00000,0.00000,-0.00000,0.00000,0.00000,0.0000,0.0,48.0000,0.0000,0.0000,0.0000
1704501,50.0000,50.0000,50.0000,0.00000,0.00000,-0.00000,0.00000,0.00000,0.0000,0.0,48.0000,0.0000,0.0000,0.0000
1705001,50.0000,50.0000,50.0000,0.00000,0.00000,-0.00000,0.00000,0.00000,0.0000,0.0,48.0000,0.0000,0.0000,0.0000
1705501,50.0000,50.0000,50.0000,0.00000,0.00000,-0.00000,0.00000,0.00000,0.0000,0.0,48.0000,0.0000,0.0000,0.0000
1706001,50.0000,50.0000,50.0000,0.00000,0.00000,-0.00000,0.00000,0.00000,0.0000,0.0,48.0000,0.0000,0.0000,0.0000
1706501,50.0000,50.0000,50.0000,0.00000,0.00000,-0.00000,0.00000,0.00000,0.0000,0.0,48.0000,0.0000,0.0000,0.0000
1707001,50.0000,50.0000,50.0000,0.00000,0.00000,-0.00000,0.00000,0.00000,0.0000,0.0,48.0000,0.0000,0.0000,0.0000
1707501,50.0000,50.0000,50.0000,0.00000,0.00000,-0.00000,0.00000,0.00000,0.0000,0.0,48.0000,0.0000,0.0000,0.0000
1708001,50.0000,50.0000,50.0000,0.00000,0.00000,-0.00000,0.00000,0.00000,0.0000,0.0,48.0000,0.0000,0.0000,0.0000
1708501,50.0000,50.0000,50.0000,0.00000,0.00000,-0.00000,0.00000,0.00000,0.0000,0.0,48.0000,0.0000,0.0000,0.0000
1709001,50.0000,50.0000,50.0000,0.00000,0.00000,-0.00000,0.00000,0.00000,0.0000,0.0,48.0000,0.0000,0.0000,0.0000
1709501,50.0000,50.0000,50.0000,0.00000,0.00000,-0.00000,0.00000,0.00000,0.0000,0.0,48.0000,0.0000,0.0000,0.0000
1710001,50.0000,50.0000,49.9982,0.00000,0.00000,-0.00000,0.00000,0.00000,0.0000,0.0,48.0000,0.0100,0.0000,-0.0000
1710501,50.0000,50.0036,49.9945,0.00129,0.00455,-0.00584,0.00000,0.00009,0.0000,0.0,48.0000,0.0300,0.0000,-0.0000
1711001,50.0000,50.0073,49.9909,0.00229,0.01736,-0.01965,0.00000,0.00064,0.0000,0.0,48.0000,0.0500,0.0000,-0.0000
1711501,49.9909,49.9945,50.0073,-0.01129,0.00213,0.00917,0.00000,0.00093,0.0000,0.0,48.0000,0.0800,0.0684,0.1278
1712001,49.9982,50.0018,49.9964,-0.01795,0.00171,0.01623,0.00000,0.00055,0.0000,0.0,48.0000,0.1000,-0.0027,0.0837
1712501,49.9982,50.0055,49.9927,-0.01526,0.01246,0.00281,0.00000,0.00048,0.0000,0.0,48.0000,0.1300,-0.0027,0.0837
1713001,50.0000,50.0091,49.9891,-0.01207,0.02810,-0.01603,0.00000,0.00111,0.0000,0.0,48.0000,0.1500,-0.0027,0.0837
1713501,50.0000,50.0145,49.9836,-0.00811,0.04954,-0.04143,0.00000,0.00273,0.0000,0.0,48.0000,0.1800,-0.0027,0.0837
1714001,50.0000,50.0164,49.9818,-0.00503,0.07229,-0.06727,0.00000,0.00552,0.0000,0.0,48.0000,0.2000,-0.0027,0.0837
1714501,50.0000,50.0218,49.9764,-0.00262,0.09923,-0.09661,0.00001,0.00957,0.0000,0.0,48.0000,0.2300,-0.0027,0.0837
1715001,50.0000,50.0127,49.9855,-0.00075,0.10724,-0.10648,0.00001,0.01462,0.0000,0.0,48.0000,0.2500,-0.0054,0.1673
1715501,50.0000,50.0182,49.9800,0.00070,0.11842,-0.11912,0.00002,0.02005,0.0000,0.0,48.0000,0.2800,-0.0054,0.1673
1716001,50.0000,50.0218,49.9764,0.00183,0.13623,-0.13806,0.00003,0.02622,0.0000,0.0,48.0000,0.3000,-0.0054,0.1673
1716501,49.9909,50.0200,49.9782,-0.00536,0.15426,-0.14890,0.00005,0.03328,0.0000,0.0,48.0000,0.3300,0.0657,0.2115
1717001,49.9909,50.0236,49.9745,-0.01576,0.17401,-0.15825,0.00007,0.04094,0.0000,0.1,48.0000,0.3500,0.0657,0.2115
1717501,50.0000,50.0236,49.9745,-0.01101,0.18119,-0.17017,0.00009,0.04918,0.0000,0.1,48.0000,0.3800,-0.0080,0.2510
1718001,50.0000,50.0255,49.9727,-0.00729,0.19259,-0.18531,0.00012,0.05798,0.0000,0.1,48.0000,0.4000,-0.0080,0.2510
1718501,50.0000,50.0309,49.9673,-0.00439,0.21053,-0.20614,0.00015,0.06757,0.0000,0.1,48.0000,0.4300,-0.0080,0.2510
1719001,50.0000,50.0345,49.9636,-0.00213,0.23346,-0.23134,0.00018,0.07820,0.0000,0.1,48.0000,0.4500,-0.0080,0.2510
1719501,50.0018,50.0291,49.9691,0.00221,0.25466,-0.25687,0.00023,0.09008,0.0000,0.1,48.0000,0.4800,-0.0106,0.3346
1720001,50.0018,50.0309,49.9673,0.00558,0.25880,-0.26438,0.00027,0.10256,0.0000,0.1,48.0000,0.5000,-0.0106,0.3346
1720501,49.9927,50.0309,49.9673,0.00013,0.26774,-0.26786,0.00033,0.11539,0.0000,0.2,48.0000,0.5300,0.0605,0.3788
1721001,49.9909,50.0345,49.9636,-0.01101,0.28271,-0.27169,0.00039,0.12851,0.0001,0.2,48.0000,0.5500,0.0606,0.3788
1721501,50.0000,50.0455,49.9527,-0.01735,0.30534,-0.28799,0.00046,0.14229,0.0001,0.2,48.0000,0.5800,-0.0106,0.3346
1722001,50.0000,50.0382,49.9600,-0.01121,0.32540,-0.31419,0.00053,0.15730,0.0001,0.2,48.0000,0.6000,-0.0132,0.4183
1722501,50.0018,50.0436,49.9545,-0.00487,0.33655,-0.33169,0.00062,0.17305,0.0001,0.2,48.0000,0.6300,-0.0131,0.4183
1723001,50.0018,50.0473,49.9509,0.00008,0.35401,-0.35410,0.00071,0.18963,0.0001,0.3,48.0000,0.6500,-0.0131,0.4183
1723501,50.0018,50.0527,49.9455,0.00393,0.37712,-0.38106,0.00081,0.20729,0.0001,0.3,48.0000,0.6800,-0.0131,0.4183
1724001,49.9927,50.0382,49.9600,0.00142,0.39005,-0.39147,0.00091,0.22608,0.0001,0.3,48.0000,0.7000,0.0555,0.5461
1724501,49.9927,50.0436,49.9545,-0.00790,0.39118,-0.38328,0.00103,0.24478,0.0001,0.3,48.0000,0.7300,0.0555,0.5461
1725001,49.9927,50.0473,49.9509,-0.01515,0.40075,-0.38560,0.00116,0.26355,0.0002,0.4,48.0000,0.7500,0.0556,0.5460
1725501,50.0018,50.0582,49.9400,-0.00795,0.42280,-0.41485,0.00129,0.28309,0.0002,0.4,48.0000,0.7800,-0.0155,0.5020
1726001,50.0018,50.0618,49.9364,-0.00231,0.44863,-0.44632,0.00144,0.30394,0.0002,0.4,48.0000,0.8000,-0.0154,0.5020
1726501,50.0018,50.0691,49.9291,0.00209,0.48054,-0.48262,0.00160,0.32628,0.0002,0.4,48.0000,0.8300,-0.0153,0.5020
1727001,50.0018,50.0600,49.9382,0.00551,0.49329,-0.49880,0.00177,0.34991,0.0003,0.5,48.0000,0.8500,-0.0178,0.5856
1727501,49.9927,50.0600,49.9382,-0.00468,0.50246,-0.49778,0.00195,0.37385,0.0003,0.5,48.0000,0.8800,0.0535,0.6297
1728001,49.9927,50.0636,49.9345,-0.01263,0.51812,-0.50549,0.00214,0.39817,0.0003,0.5,48.0000,0.9000,0.0536,0.6297
1728501,50.0018,50.0764,49.9218,-0.01073,0.54524,-0.53451,0.00235,0.42336,0.0003,0.6,48.0000,0.9300,-0.0174,0.5857
1729001,50.0018,50.0673,49.9309,-0.00445,0.55609,-0.55164,0.00257,0.44975,0.0004,0.6,48.0000,0.9500,-0.0198,0.6693
1729501,50.0018,50.0727,49.9255,0.00045,0.56883,-0.56927,0.00280,0.47673,0.0004,0.7,48.0000,0.9800,-0.0196,0.6693
1730001,50.0036,50.0782,49.9200,0.00536,0.58978,-0.59514,0.00304,0.50462,0.0004,0.7,48.0000,1.0000,-0.0195,0.6693
1730501,49.9927,50.0782,49.9200,0.00203,0.61069,-0.61272,0.00330,0.53362,0.0005,0.7,48.0000,1.0300,0.0520,0.7133
1731001,49.9927,50.0691,49.9291,-0.00737,0.61392,-0.60655,0.00358,0.56306,0.0005,0.8,48.0000,1.0500,0.0497,0.7969
1731501,50.0018,50.0818,49.9164,-0.01186,0.62260,-0.61074,0.00386,0.59243,0.0006,0.8,48.0000,1.0800,-0.0214,0.7530
1732001,50.0018,50.0855,49.9127,-0.00529,0.64476,-0.63947,0.00417,0.62264,0.0006,0.8,48.0000,1.1000,-0.0212,0.7530
1732501,50.0036,50.0909,49.9073,0.00146,0.67029,-0.67175,0.00449,0.65415,0.0006,0.9,48.0000,1.1300,-0.0208,0.7530
1733001,50.0036,50.0964,49.9018,0.00769,0.70113,-0.70881,0.00482,0.68716,0.0007,0.9,48.0000,1.1500,-0.0207,0.7530
1733501,49.9927,50.0836,49.9145,-0.00192,0.70353,-0.70161,0.00517,0.72090,0.0007,1.0,48.0000,1.1800,0.0487,0.8805
1734001,49.9927,50.0873,49.9109,-0.01037,0.71406,-0.70369,0.00554,0.75473,0.0008,1.0,48.0000,1.2000,0.0490,0.8805
1734501,50.0018,50.1000,49.8982,-0.00885,0.73689,-0.72805,0.00593,0.78918,0.0008,1.1,48.0000,1.2300,-0.0220,0.8367
1735001,50.0036,50.1036,49.8945,-0.00075,0.76516,-0.76442,0.00633,0.82508,0.0009,1.1,48.0000,1.2500,-0.0218,0.8367
1735501,50.0036,50.0982,49.9000,0.00605,0.77272,-0.77877,0.00675,0.86199,0.0010,1.2,48.0000,1.2800,-0.0234,0.9204
1736001,49.9945,50.0964,49.9018,0.00586,0.78448,-0.79034,0.00720,0.89950,0.0010,1.2,48.0000,1.3000,0.0483,0.9641
1736501,49.9927,50.1036,49.8945,-0.00325,0.80121,-0.79796,0.00765,0.93749,0.0011,1.3,48.0000,1.3300,0.0487,0.9641
1737001,49.9927,50.1073,49.8909,-0.01128,0.82583,-0.81455,0.00813,0.97627,0.0012,1.3,48.0000,1.3500,0.0491,0.9640
1737501,50.0018,50.1073,49.8909,-0.00464,0.85690,-0.85226,0.00863,1.01650,0.0012,1.4,48.0000,1.3800,-0.0236,1.0041
1738001,50.0018,50.1127,49.8855,0.00058,0.87114,-0.87172,0.00915,1.05780,0.0013,1.4,48.0000,1.4000,-0.0234,1.0041
1738501,50.0036,50.1182,49.8800,0.00724,0.89039,-0.89764,0.00969,1.10006,0.0014,1.5,48.0000,1.4300,-0.0227,1.0042
1739001,49.9927,50.1036,49.8945,-0.00016,0.88807,-0.88791,0.01025,1.14283,0.0015,1.6,48.0000,1.4500,0.0474,1.1313
1739501,49.9927,50.1109,49.8873,-0.00870,0.89320,-0.88449,0.01083,1.18529,0.0015,1.6,48.0000,1.4800,0.0482,1.1313
1740001,50.0018,50.1218,49.8764,-0.00980,0.90900,-0.89920,0.01143,1.22804,0.0016,1.7,48.0000,1.5000,-0.0229,1.0879
1740501,50.0018,50.1273,49.8709,-0.00325,0.93515,-0.93190,0.01206,1.27197,0.0017,1.7,48.0000,1.5300,-0.0221,1.0879
1741001,50.0018,50.1327,49.8655,0.00191,0.96655,-0.96845,0.01271,1.31740,0.0018,1.8,48.0000,1.5500,-0.0216,1.0879
1741501,49.9927,50.1200,49.8782,0.00316,0.99326,-0.99642,0.01338,1.36448,0.0019,1.9,48.0000,1.5800,0.0495,1.2148
1742001,49.9927,50.1255,49.8727,-0.00588,0.99987,-0.99399,0.01407,1.41202,0.0020,1.9,48.0000,1.6000,0.0500,1.2148
1742501,49.9909,50.1309,49.8673,-0.01342,1.01454,-1.00113,0.01479,1.45989,0.0021,2.0,48.0000,1.6300,0.0512,1.2148
1743001,50.0018,50.1418,49.8564,-0.00860,1.04105,-1.03245,0.01553,1.50866,0.0022,2.1,48.0000,1.6500,-0.0201,1.1717
1743501,50.0000,50.1364,49.8618,-0.00253,1.06982,-1.06729,0.01630,1.55906,0.0023,2.1,48.0000,1.6800,-0.0203,1.2554
1744001,50.0000,50.1418,49.8564,0.00025,1.08294,-1.08319,0.01709,1.61040,0.0024,2.2,48.0000,1.7000,-0.0195,1.2554
1744501,50.0000,50.1491,49.8491,0.00250,1.10311,-1.10562,0.01791,1.66258,0.0026,2.3,48.0000,1.7300,-0.0183,1.2554
1745001,49.9909,50.1473,49.8509,-0.00619,1.12525,-1.11906,0.01875,1.71576,0.0027,2.3,48.0000,1.7500,0.0544,1.2983
1745501,50.0000,50.1473,49.8509,-0.01241,1.12489,-1.11248,0.01962,1.76911,0.0028,2.4,48.0000,1.7800,-0.0174,1.3391
1746001,50.0000,50.1527,49.8455,-0.00710,1.14085,-1.13375,0.02052,1.82288,0.0029,2.5,48.0000,1.8000,-0.0165,1.3391
1746501,50.0000,50.1582,49.8400,-0.00286,1.16381,-1.16095,0.02145,1.87770,0.0031,2.6,48.0000,1.8300,-0.0149,1.3391
1747001,50.0000,50.1636,49.8345,0.00054,1.19236,-1.19290,0.02240,1.93382,0.0032,2.6,48.0000,1.8500,-0.0140,1.3392
1747501,49.9982,50.1582,49.8400,0.00073,1.22135,-1.22208,0.02338,1.99146,0.0033,2.7,48.0000,1.8800,-0.0132,1.4229
1748001,49.9891,50.1564,49.8418,-0.00452,1.22947,-1.22494,0.02439,2.04988,0.0035,2.8,48.0000,1.9000,0.0602,1.4653
1748501,49.9873,50.1636,49.8345,-0.01641,1.24516,-1.22875,0.02543,2.10857,0.0036,2.9,48.0000,1.9300,0.0619,1.4653
1749001,49.9964,50.1745,49.8236,-0.01702,1.27315,-1.25614,0.02650,2.16809,0.0038,3.0,48.0000,1.9500,-0.0090,1.4229
1749501,49.9964,50.1691,49.8291,-0.01501,1.28160,-1.26659,0.02760,2.22852,0.0039,3.0,48.0000,1.9800,-0.0078,1.5066
1750001,49.9964,50.1745,49.8236,-0.01329,1.29713,-1.28384,0.02873,2.28953,0.0041,3.1,48.0000,2.0000,-0.0064,1.5066
1750501,49.9964,50.1818,49.8164,-0.01180,1.32035,-1.30855,0.02989,2.35150,0.0043,3.2,48.0000,2.0300,-0.0043,1.5066
1751001,49.9945,50.1855,49.8127,-0.01258,1.34978,-1.33720,0.03108,2.41474,0.0044,3.3,48.0000,2.0500,-0.0029,1.5066
1751501,49.9945,50.1818,49.8164,-0.01348,1.35864,-1.34516,0.03230,2.47882,0.0046,3.4,48.0000,2.0800,-0.0009,1.5903
1752001,49.9945,50.1855,49.8127,-0.01401,1.37574,-1.36174,0.03356,2.54351,0.0048,3.5,48.0000,2.1000,0.0009,1.5903
1752501,49.9927,50.1927,49.8055,-0.01679,1.40071,-1.38392,0.03485,2.60912,0.0050,3.6,48.0000,2.1300,0.0031,1.5903
1753001,49.9927,50.1982,49.8000,-0.01877,1.43040,-1.41163,0.03617,2.67598,0.0052,3.7,48.0000,2.1500,0.0049,1.5903
1753501,49.9909,50.1927,49.8055,-0.02171,1.43984,-1.41813,0.03752,2.74367,0.0054,3.7,48.0000,2.1800,0.0079,1.6740
1754001,49.9909,50.1982,49.8000,-0.02473,1.45780,-1.43307,0.03891,2.81192,0.0056,3.8,48.0000,2.2000,0.0094,1.6740
1754501,49.9891,50.2055,49.7927,-0.02741,1.48293,-1.45552,0.04034,2.88114,0.0058,3.9,48.0000,2.2300,0.0125,1.6740
1755001,49.9891,50.1982,49.8000,-0.03126,1.49310,-1.46184,0.04179,2.95121,0.0060,4.0,48.0000,2.2500,0.0151,1.7577
1755501,49.9873,50.2036,49.7945,-0.03562,1.50687,-1.47125,0.04329,3.02163,0.0062,4.1,48.0000,2.2800,0.0180,1.7576
1756001,49.9873,50.2091,49.7891,-0.03970,1.52821,-1.48850,0.04482,3.09275,0.0064,4.2,48.0000,2.3000,0.0200,1.7576
1756501,49.9855,50.2164,49.7818,-0.04517,1.55694,-1.51177,0.04638,3.16494,0.0066,4.3,48.0000,2.3300,0.0232,1.7576
1757001,49.9836,50.2091,49.7891,-0.05024,1.56927,-1.51903,0.04798,3.23808,0.0069,4.4,48.0000,2.3500,0.0269,1.8412
1757501,49.9836,50.2164,49.7818,-0.05535,1.58544,-1.53010,0.04962,3.31164,0.0071,4.5,48.0000,2.3800,0.0302,1.8412
1758001,49.9818,50.2218,49.7764,-0.06111,1.60904,-1.54793,0.05129,3.38601,0.0073,4.6,48.0000,2.4000,0.0328,1.8411
1758501,49.9800,50.2291,49.7691,-0.06734,1.63909,-1.57175,0.05300,3.46151,0.0076,4.7,48.0000,2.4300,0.0366,1.8411
1759001,49.9782,50.2218,49.7764,-0.07390,1.65287,-1.57897,0.05475,3.53800,0.0078,4.8,48.0000,2.4500,0.0409,1.9247
1759501,49.9764,50.2291,49.7691,-0.08067,1.67025,-1.58958,0.05654,3.61494,0.0081,4.9,48.0000,2.4800,0.0449,1.9246
1760001,49.9836,50.2400,49.7582,-0.08316,1.69895,-1.61579,0.05837,3.69279,0.0083,5.0,48.0000,2.5000,-0.0260,1.8845
1760501,49.9836,50.2345,49.7636,-0.07881,1.72007,-1.64127,0.06023,3.77207,0.0086,5.1,48.0000,2.5300,-0.0194,1.9682
1761001,49.9818,50.2400,49.7582,-0.07710,1.73875,-1.66165,0.06214,3.85217,0.0089,5.3,48.0000,2.5500,-0.0167,1.9683
1761501,49.9800,50.2473,49.7509,-0.07742,1.76483,-1.68741,0.06409,3.93331,0.0092,5.4,48.0000,2.5800,-0.0121,1.9683
1762001,49.9800,50.2400,49.7582,-0.07817,1.78369,-1.70552,0.06607,4.01568,0.0094,5.5,48.0000,2.6000,-0.0063,2.0520
1762501,49.9782,50.2473,49.7509,-0.08084,1.79612,-1.71528,0.06810,4.09853,0.0097,5.6,48.0000,2.6300,-0.0016,2.0520
1763001,49.9764,50.2527,49.7455,-0.08453,1.81795,-1.73342,0.07017,4.18210,0.0100,5.7,48.0000,2.6500,0.0017,2.0520
1763501,49.9727,50.2600,49.7382,-0.09049,1.84710,-1.75661,0.07229,4.26676,0.0103,5.8,48.0000,2.6800,0.0069,2.0520
1764001,49.9727,50.2527,49.7455,-0.09660,1.87024,-1.77364,0.07444,4.35270,0.0106,5.9,48.0000,2.7000,0.0136,2.1356
1764501,49.9691,50.2600,49.7382,-0.10393,1.88607,-1.78214,0.07664,4.43921,0.0109,6.1,48.0000,2.7300,0.0195,2.1355
1765001,49.9673,50.2655,49.7327,-0.11218,1.90947,-1.79729,0.07888,4.52643,0.0113,6.2,48.0000,2.7500,0.0229,2.1355
1765501,49.9655,50.2618,49.7364,-0.12108,1.93441,-1.81333,0.08116,4.61470,0.0116,6.3,48.0000,2.7800,0.0328,2.2190
1766001,49.9636,50.2655,49.7327,-0.12944,1.94442,-1.81498,0.08349,4.70348,0.0119,6.4,48.0000,2.8000,0.0368,2.2190
1766501,49.9600,50.2727,49.7255,-0.13990,1.96537,-1.82548,0.08587,4.79279,0.0123,6.5,48.0000,2.8300,0.0430,2.2189
1767001,49.9582,50.2782,49.7200,-0.15049,1.99265,-1.84216,0.08829,4.88298,0.0126,6.7,48.0000,2.8500,0.0470,2.2188
1767501,49.9636,50.2800,49.7182,-0.15890,2.00222,-1.84333,0.09075,4.97382,0.0130,6.8,48.0000,2.8800,-0.0163,2.2645
1768001,49.9618,50.2855,49.7127,-0.15870,2.02652,-1.86782,0.09326,5.06534,0.0133,6.9,48.0000,2.9000,-0.0122,2.2646
1768501,49.9600,50.2927,49.7055,-0.16088,2.05690,-1.89602,0.09582,5.15812,0.0137,7.0,48.0000,2.9300,-0.0054,2.2646
1769001,49.9582,50.2982,49.7000,-0.16486,2.09285,-1.92799,0.09842,5.25238,0.0141,7.2,48.0000,2.9500,-0.0007,2.2646
1769501,49.9545,50.2927,49.7055,-0.17073,2.10852,-1.93779,0.10107,5.34774,0.0144,7.3,48.0000,2.9800,0.0122,2.3481
1770001,49.9527,50.2982,49.7000,-0.17859,2.13185,-1.95326,0.10377,5.44384,0.0148,7.4,48.0000,3.0000,0.0170,2.3481
1770501,49.9491,50.2945,49.7036,-0.18743,2.14698,-1.95955,0.10651,5.54080,0.0152,7.6,48.0000,3.0300,0.0306,2.4315
1771001,49.9455,50.2982,49.7000,-0.19863,2.16022,-1.96160,0.10931,5.63803,0.0156,7.7,48.0000,3.0500,0.0362,2.4314
1771501,49.9418,50.3073,49.6909,-0.21053,2.18392,-1.97338,0.11215,5.73587,0.0160,7.8,48.0000,3.0800,0.0440,2.4313
1772001,49.9400,50.3127,49.6855,-0.22392,2.21545,-1.99153,0.11504,5.83474,0.0164,8.0,48.0000,3.1000,0.0496,2.4312
1772501,49.9364,50.3073,49.6909,-0.23799,2.23661,-1.99862,0.11799,5.93474,0.0169,8.1,48.0000,3.1300,0.0650,2.5144
1773001,49.9418,50.3182,49.6800,-0.24158,2.25962,-2.01805,0.12098,6.03534,0.0173,8.2,48.0000,3.1500,-0.0051,2.4787
1773501,49.9382,50.3145,49.6836,-0.24705,2.28758,-2.04053,0.12402,6.13720,0.0177,8.4,48.0000,3.1800,0.0115,2.5621
1774001,49.9345,50.3200,49.6782,-0.25438,2.30062,-2.04625,0.12712,6.23973,0.0182,8.5,48.0000,3.2000,0.0174,2.5621
1774501,49.9309,50.3273,49.6709,-0.26401,2.32278,-2.05877,0.13026,6.34290,0.0186,8.7,48.0000,3.2300,0.0274,2.5620
1775001,49.9273,50.3327,49.6655,-0.27555,2.35293,-2.07737,0.13346,6.44707,0.0191,8.8,48.0000,3.2500,0.0333,2.5619
1775501,49.9218,50.3273,49.6709,-0.29001,2.38328,-2.09327,0.13671,6.55252,0.0195,8.9,48.0000,3.2800,0.0518,2.6450
1776001,49.9200,50.3327,49.6655,-0.30509,2.39997,-2.09488,0.14001,6.65863,0.0200,9.1,48.0000,3.3000,0.0585,2.6449
1776501,49.9218,50.3455,49.6527,-0.31524,2.42944,-2.11420,0.14337,6.76550,0.0205,9.2,48.0000,3.3300,-0.0071,2.6109
1777001,49.9200,50.3382,49.6600,-0.32108,2.44436,-2.12327,0.14678,6.87342,0.0210,9.4,48.0000,3.3500,0.0087,2.6941
1777501,49.9145,50.3473,49.6509,-0.33045,2.46565,-2.13520,0.15024,6.98189,0.0215,9.5,48.0000,3.3800,0.0199,2.6940
1778001,49.9109,50.3527,49.6455,-0.34251,2.49539,-2.15288,0.15376,7.09132,0.0220,9.7,48.0000,3.4000,0.0273,2.6940
1778501,49.9055,50.3473,49.6509,-0.35710,2.51568,-2.15858,0.15733,7.20183,0.0225,9.8,48.0000,3.4300,0.0486,2.7769
1779001,49.9018,50.3527,49.6455,-0.37314,2.53285,-2.15971,0.16096,7.31271,0.0230,10.0,48.0000,3.4500,0.0569,2.7767
1779501,49.9036,50.3655,49.6327,-0.38852,2.56160,-2.17308,0.16464,7.42433,0.0235,10.1,48.0000,3.4800,-0.0089,2.7443
1780001,49.9018,50.3582,49.6400,-0.39590,2.58836,-2.19246,0.16838,7.53725,0.0241,10.3,48.0000,3.5000,0.0104,2.8273
1780501,49.8945,50.3655,49.6327,-0.40776,2.60956,-2.20180,0.17218,7.65091,0.0246,10.4,48.0000,3.5300,0.0234,2.8272
1781001,49.8909,50.3709,49.6273,-0.42147,2.63746,-2.21599,0.17604,7.76546,0.0251,10.6,48.0000,3.5500,0.0318,2.8271
1781501,49.8855,50.3673,49.6309,-0.43908,2.66891,-2.22984,0.17995,7.88120,0.0257,10.8,48.0000,3.5800,0.0568,2.9098
1782001,49.8800,50.3727,49.6255,-0.45725,2.68509,-2.22784,0.18392,7.99762,0.0263,10.9,48.0000,3.6000,0.0655,2.9096
1782501,49.8818,50.3855,49.6127,-0.47025,2.71409,-2.24385,0.18794,8.11473,0.0268,11.1,48.0000,3.6300,0.0016,2.8789
1783001,49.8782,50.3782,49.6200,-0.48078,2.73127,-2.25050,0.19203,8.23290,0.0274,11.2,48.0000,3.6500,0.0238,2.9616
1783501,49.8709,50.3855,49.6127,-0.49530,2.75263,-2.25733,0.19618,8.35150,0.0280,11.4,48.0000,3.6800,0.0381,2.9614
1784001,49.8655,50.3909,49.6073,-0.51383,2.78337,-2.26954,0.20038,8.47109,0.0286,11.6,48.0000,3.7000,0.0483,2.9613
1784501,49.8582,50.3855,49.6127,-0.53483,2.80344,-2.26861,0.20465,8.59163,0.0292,11.7,48.0000,3.7300,0.0766,3.0435
1785001,49.8618,50.3964,49.6018,-0.54789,2.82725,-2.27936,0.20897,8.71268,0.0299,11.9,48.0000,3.7500,0.0085,3.0144
1785501,49.8527,50.4036,49.5945,-0.56376,2.86052,-2.29676,0.21336,8.83482,0.0305,12.1,48.0000,3.7800,0.0245,3.0143
1786001,49.8491,50.3964,49.6018,-0.58206,2.88833,-2.30627,0.21781,8.95832,0.0311,12.2,48.0000,3.8000,0.0499,3.0966
1786501,49.8400,50.4055,49.5927,-0.60283,2.90971,-2.30689,0.22232,9.08241,0.0318,12.4,48.0000,3.8300,0.0662,3.0962
1787001,49.8436,50.4145,49.5836,-0.61737,2.94388,-2.32651,0.22689,9.20744,0.0324,12.6,48.0000,3.8500,-0.0021,3.0685
1787501,49.8364,50.4109,49.5873,-0.63158,2.95838,-2.32680,0.23153,9.33335,0.0331,12.7,48.0000,3.8800,0.0310,3.1506
1788001,49.8309,50.4145,49.5836,-0.65042,2.98232,-2.33190,0.23623,9.45991,0.0337,12.9,48.0000,3.9000,0.0426,3.1505
1788501,49.8200,50.4218,49.5764,-0.67440,3.01603,-2.34164,0.24099,9.58744,0.0344,13.1,48.0000,3.9300,0.0607,3.1502
1789001,49.8164,50.4164,49.5818,-0.69858,3.03360,-2.33503,0.24581,9.71577,0.0351,13.3,48.0000,3.9500,0.0895,3.2319
1789501,49.8145,50.4273,49.5709,-0.71427,3.06177,-2.34749,0.25070,9.84483,0.0358,13.4,48.0000,3.9800,0.0284,3.2058
1790001,49.8109,50.4200,49.5782,-0.73383,3.08484,-2.35101,0.25566,9.97487,0.0365,13.6,48.0000,4.0000,0.0590,3.2874
1790501,49.8000,50.4273,49.5709,-0.75660,3.10218,-2.34557,0.26068,10.10541,0.0372,13.8,48.0000,4.0300,0.0787,3.2869
1791001,49.8018,50.4382,49.5600,-0.77327,3.13206,-2.35879,0.26576,10.23664,0.0380,14.0,48.0000,4.0500,0.0114,3.2622
1791501,49.7927,50.4345,49.5636,-0.79568,3.16978,-2.37410,0.27091,10.36930,0.0387,14.1,48.0000,4.0800,0.0504,3.3435
1792001,49.7855,50.4382,49.5600,-0.81839,3.18943,-2.37104,0.27613,10.50289,0.0394,14.3,48.0000,4.1000,0.0642,3.3433
1792501,49.7818,50.4509,49.5473,-0.83982,3.22424,-2.38442,0.28142,10.63730,0.0402,14.5,48.0000,4.1300,0.0045,3.3197
1793001,49.7764,50.4436,49.5545,-0.85968,3.24417,-2.38449,0.28677,10.77280,0.0410,14.7,48.0000,4.1500,0.0396,3.4008
1793501,49.7655,50.4509,49.5473,-0.88471,3.26915,-2.38444,0.29219,10.90890,0.0417,14.9,48.0000,4.1800,0.0607,3.4005
1794001,49.7655,50.4600,49.5382,-0.90878,3.30308,-2.39430,0.29768,11.04598,0.0425,15.1,48.0000,4.2000,-0.0052,3.3783
1794501,49.7564,50.4545,49.5436,-0.92988,3.32936,-2.39948,0.30324,11.18430,0.0433,15.3,48.0000,4.2300,0.0385,3.4590
1795001,49.7473,50.4600,49.5382,-0.95523,3.35457,-2.39934,0.30886,11.32330,0.0441,15.4,48.0000,4.2500,0.0544,3.4588
1795501,49.7455,50.4600,49.5382,-0.98338,3.38316,-2.39978,0.31456,11.46326,0.0449,15.6,48.0000,4.2800,0.0191,3.5184
1796001,49.7382,50.4636,49.5345,-1.00383,3.40142,-2.39759,0.32033,11.60391,0.0458,15.8,48.0000,4.3000,0.0353,3.5183
1796501,49.7255,50.4709,49.5273,-1.03090,3.43021,-2.39931,0.32616,11.74530,0.0466,16.0,48.0000,4.3300,0.0588,3.5180
1797001,49.7164,50.4745,49.5236,-1.06350,3.46567,-2.40217,0.33207,11.88783,0.0474,16.2,48.0000,4.3500,0.0758,3.5176
1797501,49.7127,50.4745,49.5236,-1.08645,3.48711,-2.40067,0.33805,12.03126,0.0483,16.4,48.0000,4.3800,0.0431,3.5784
1798001,49.7036,50.4782,49.5200,-1.11565,3.51530,-2.39964,0.34410,12.17551,0.0492,16.6,48.0000,4.4000,0.0604,3.5782
1798501,49.7018,50.4782,49.5200,-1.14099,3.53933,-2.39834,0.35023,12.32078,0.0500,16.8,48.0000,4.4300,0.0297,3.6397
1799001,49.6927,50.4818,49.5164,-1.16608,3.56086,-2.39478,0.35642,12.46660,0.0509,17.0,48.0000,4.4500,0.0473,3.6395
1799501,49.6800,50.4764,49.5218,-1.19870,3.58739,-2.38869,0.36269,12.61325,0.0518,17.2,48.0000,4.4800,0.1007,3.7184
1800001,49.6782,50.4855,49.5127,-1.22867,3.60147,-2.37280,0.36904,12.76028,0.0527,17.4,48.0000,4.5000,0.0374,3.7017
1800501,49.6636,50.4909,49.5073,-1.25753,3.62855,-2.37102,0.37545,12.90806,0.0536,17.6,48.0000,4.5300,0.0655,3.7013
1801001,49.6527,50.4945,49.5036,-1.29389,3.66258,-2.36869,0.38194,13.05687,0.0546,17.8,48.0000,4.5500,0.0843,3.7009
1801501,49.6491,50.4945,49.5036,-1.32355,3.70303,-2.37948,0.38851,13.20715,0.0555,18.0,48.0000,4.5800,0.0594,3.7642
1802001,49.6473,50.5018,49.4964,-1.35077,3.72778,-2.37701,0.39515,13.35848,0.0565,18.2,48.0000,4.6000,-0.0040,3.7498
1802501,49.6345,50.4964,49.5018,-1.37641,3.74599,-2.36958,0.40187,13.51056,0.0574,18.4,48.0000,4.6300,0.0558,3.8280
1803001,49.6236,50.5000,49.4982,-1.40794,3.76336,-2.35543,0.40866,13.66313,0.0584,18.6,48.0000,4.6500,0.0761,3.8276
1803501,49.6145,50.5091,49.4891,-1.44513,3.79175,-2.34662,0.41553,13.81640,0.0594,18.8,48.0000,4.6800,0.0241,3.8145
1804001,49.6073,50.5018,49.4964,-1.47710,3.81769,-2.34059,0.42248,13.97071,0.0604,19.1,48.0000,4.7000,0.0764,3.8920
1804501,49.5982,50.5109,49.4873,-1.50726,3.83899,-2.33173,0.42950,14.12567,0.0614,19.3,48.0000,4.7300,0.0257,3.8801
1805001,49.5873,50.5145,49.4836,-1.53995,3.86929,-2.32934,0.43660,14.28153,0.0624,19.5,48.0000,4.7500,0.0471,3.8799
1805501,49.5818,50.5127,49.4855,-1.57755,3.90262,-2.32507,0.44378,14.43859,0.0634,19.7,48.0000,4.7800,0.0299,3.9463
1806001,49.5691,50.5164,49.4818,-1.60861,3.92366,-2.31504,0.45104,14.59656,0.0644,19.9,48.0000,4.8000,0.0517,3.9461
1806501,49.5509,50.5218,49.4764,-1.64910,3.95527,-2.30617,0.45838,14.75538,0.0655,20.1,48.0000,4.8300,0.0862,3.9455
1807001,49.5509,50.5164,49.4818,-1.68160,3.97251,-2.29091,0.46580,14.91510,0.0665,20.3,48.0000,4.8500,0.0601,4.0129
1807501,49.5400,50.5255,49.4727,-1.71840,3.99546,-2.27706,0.47330,15.07544,0.0676,20.6,48.0000,4.8800,0.0127,4.0046
1808001,49.5273,50.5291,49.4691,-1.75248,4.02858,-2.27610,0.48087,15.23675,0.0687,20.8,48.0000,4.9000,0.0358,4.0044
1808501,49.5109,50.5218,49.4764,-1.79319,4.05182,-2.25862,0.48853,15.39923,0.0698,21.0,48.0000,4.9300,0.1089,4.0794
1809001,49.5073,50.5291,49.4691,-1.82870,4.07459,-2.24588,0.49627,15.56236,0.0709,21.2,48.0000,4.9500,0.0498,4.0728
1809501,49.5000,50.5255,49.4727,-1.86822,4.09986,-2.23165,0.50410,15.72645,0.0720,21.5,48.0000,4.9800,0.0411,4.1420
1810001,49.4873,50.5273,49.4709,-1.90090,4.11193,-2.21103,0.51200,15.89105,0.0731,21.7,48.0000,5.0000,0.0669,4.1416
1810501,49.4655,50.5327,49.4673,-1.94514,4.13712,-2.19198,0.51999,16.05637,0.0743,21.9,48.0000,5.0300,0.1060,4.1408
1811001,49.4600,50.5382,49.4618,-1.98747,4.16989,-2.18242,0.52806,16.22272,0.0754,22.1,48.0000,5.0500,0.0481,4.1368
1811501,49.4564,50.5418,49.4691,-2.03086,4.18753,-2.15667,0.53621,16.38993,0.0766,22.4,48.0000,5.0800,0.0444,4.2074
1812001,49.4491,50.5491,49.4745,-2.07115,4.21277,-2.14161,0.54445,16.55803,0.0778,22.6,48.0000,5.1000,0.0716,4.2070
1812501,49.4382,50.5600,49.4709,-2.11473,4.24690,-2.13217,0.55277,16.72728,0.0790,22.8,48.0000,5.1300,0.0296,4.2050
1813001,49.4382,50.5600,49.4891,-2.15649,4.26465,-2.10815,0.56117,16.89775,0.0802,23.1,48.0000,5.1500,0.0981,4.2775
1813501,49.4291,50.5691,49.4873,-2.19399,4.28687,-2.09289,0.56966,17.06872,0.0814,23.3,48.0000,5.1800,0.0578,4.2766
1814001,49.4200,50.5782,49.4909,-2.24135,4.31598,-2.07463,0.57824,17.24073,0.0826,23.5,48.0000,5.2000,0.0864,4.2761
1814501,49.4182,50.5800,49.5036,-2.28711,4.33642,-2.04931,0.58691,17.41398,0.0838,23.8,48.0000,5.2300,0.0894,4.3483
1815001,49.4091,50.5891,49.5091,-2.33405,4.35350,-2.01944,0.59566,17.58766,0.0851,24.0,48.0000,5.2500,0.1195,4.3476
1815501,49.4000,50.5982,49.5091,-2.37826,4.37923,-2.00097,0.60449,17.76233,0.0864,24.2,48.0000,5.2800,0.0809,4.3493
1816001,49.4018,50.5964,49.5200,-2.42317,4.39858,-1.97541,0.61342,17.93811,0.0876,24.5,48.0000,5.3000,0.0725,4.4229
1816501,49.3891,50.6091,49.5291,-2.46857,4.41191,-1.94334,0.62243,18.11454,0.0889,24.7,48.0000,5.3300,0.1194,4.4219
1817001,49.3836,50.6145,49.5273,-2.51144,4.43162,-1.92018,0.63153,18.29155,0.0902,25.0,48.0000,5.3500,0.0675,4.4262
1817501,49.3800,50.6182,49.5418,-2.56140,4.45432,-1.89291,0.64072,18.46955,0.0915,25.2,48.0000,5.3800,0.0791,4.5006
1818001,49.3727,50.6255,49.5491,-2.60335,4.46167,-1.85832,0.65000,18.64797,0.0929,25.4,48.0000,5.4000,0.1123,4.4998
1818501,49.3618,50.6364,49.5527,-2.65065,4.47834,-1.82769,0.65937,18.82726,0.0942,25.7,48.0000,5.4300,0.0788,4.5060
1819001,49.3527,50.6455,49.5600,-2.70324,4.50196,-1.79872,0.66883,19.00742,0.0955,25.9,48.0000,5.4500,0.1121,4.5053
1819501,49.3473,50.6509,49.5545,-2.74912,4.52853,-1.77942,0.67838,19.18882,0.0969,26.2,48.0000,5.4800,-0.0033,4.5222
1820001,49.3455,50.6527,49.5764,-2.79181,4.54892,-1.75711,0.68802,19.37143,0.0983,26.4,48.0000,5.5000,0.0812,4.5891
1820501,49.3364,50.6618,49.5800,-2.83456,4.55951,-1.72495,0.69775,19.55453,0.0997,26.7,48.0000,5.5300,0.0501,4.5987
1821001,49.3273,50.6709,49.5891,-2.88412,4.57757,-1.69345,0.70757,19.73847,0.1011,26.9,48.0000,5.5500,0.0862,4.5982
1821501,49.3255,50.6727,49.6073,-2.94250,4.59663,-1.65413,0.71749,19.92344,0.1025,27.2,48.0000,5.5800,0.1088,4.6748
1822001,49.3218,50.6764,49.6091,-2.98446,4.59737,-1.61291,0.72750,20.10941,0.1039,27.4,48.0000,5.6000,0.0628,4.6869
1822501,49.3073,50.6909,49.6255,-3.03398,4.60689,-1.57291,0.73760,20.29539,0.1054,27.7,48.0000,5.6300,0.1191,4.6858
1823001,49.3036,50.6945,49.6273,-3.08212,4.62071,-1.53859,0.74779,20.48231,0.1068,27.9,48.0000,5.6500,0.0746,4.6994
1823501,49.2945,50.7036,49.6364,-3.13816,4.63972,-1.50156,0.75808,20.67017,0.1083,28.2,48.0000,5.6800,0.0489,4.7139
1824001,49.2855,50.7127,49.6473,-3.19263,4.66022,-1.46759,0.76846,20.85923,0.1098,28.5,48.0000,5.7000,0.0870,4.7133
1824501,49.2836,50.7145,49.6691,-3.24689,4.66979,-1.42290,0.77894,21.04945,0.1113,28.7,48.0000,5.7300,0.1200,4.7915
1825001,49.2782,50.7200,49.6727,-3.29063,4.67136,-1.38073,0.78951,21.24018,0.1128,29.0,48.0000,5.7500,0.0782,4.8084
1825501,49.2709,50.7273,49.6818,-3.34243,4.67834,-1.33591,0.80018,21.43141,0.1143,29.2,48.0000,5.7800,0.0567,4.8261
1826001,49.2618,50.7364,49.6964,-3.39421,4.68882,-1.29461,0.81094,21.62341,0.1158,29.5,48.0000,5.8000,0.0980,4.8255
1826501,49.2527,50.7455,49.7073,-3.44871,4.70150,-1.25279,0.82180,21.81639,0.1174,29.8,48.0000,5.8300,0.0783,4.8447
1827001,49.2436,50.7545,49.7200,-3.51016,4.71823,-1.20808,0.83276,22.01046,0.1190,30.0,48.0000,5.8500,0.1199,4.8438
1827501,49.2400,50.7582,49.7255,-3.56475,4.73269,-1.16794,0.84381,22.20571,0.1205,30.3,48.0000,5.8800,0.0215,4.8870
1828001,49.2400,50.7582,49.7509,-3.61421,4.73689,-1.12267,0.85496,22.40205,0.1221,30.6,48.0000,5.9000,0.1248,4.9446
1828501,49.2309,50.7673,49.7655,-3.66430,4.73099,-1.06669,0.86621,22.59864,0.1237,30.8,48.0000,5.9300,0.1111,4.9669
1829001,49.2236,50.7745,49.7800,-3.72039,4.72917,-1.00878,0.87756,22.79605,0.1254,31.1,48.0000,5.9500,0.1548,4.9657
1829501,49.2200,50.7782,49.7873,-3.77065,4.72795,-0.95730,0.88901,22.99413,0.1270,31.4,48.0000,5.9800,0.0625,5.0154
1830001,49.2127,50.7855,49.8036,-3.81976,4.72740,-0.90764,0.90056,23.19272,0.1287,31.6,48.0000,6.0000,0.1089,5.0146
1830501,49.2055,50.7927,49.8200,-3.87438,4.72942,-0.85504,0.91220,23.39213,0.1303,31.9,48.0000,6.0300,0.0987,5.0406
1831001,49.1964,50.8018,49.8382,-3.93584,4.73244,-0.79660,0.92395,23.59255,0.1320,32.2,48.0000,6.0500,0.1454,5.0395
1831501,49.1873,50.8109,49.8545,-3.99849,4.73951,-0.74102,0.93580,23.79410,0.1337,32.5,48.0000,6.0800,0.1376,5.0667
1832001,49.1836,50.8145,49.8655,-4.06364,4.74499,-0.68135,0.94774,23.99686,0.1354,32.7,48.0000,6.1000,0.1068,5.0957
1832501,49.1782,50.8200,49.8836,-4.12066,4.74553,-0.62487,0.95979,24.20078,0.1371,33.0,48.0000,6.1300,0.1025,5.1253
1833001,49.1745,50.8236,49.8945,-4.16798,4.74183,-0.57385,0.97194,24.40558,0.1388,33.3,48.0000,6.1500,0.0741,5.1565
1833501,49.1691,50.8291,49.9145,-4.22567,4.73948,-0.51381,0.98420,24.61113,0.1406,33.6,48.0000,6.1800,0.0717,5.1883
1834001,49.1618,50.8364,49.9345,-4.28004,4.73338,-0.45334,0.99656,24.81749,0.1424,33.9,48.0000,6.2000,0.1223,5.1874
1834501,49.1564,50.8418,49.9564,-4.33763,4.72538,-0.38775,1.00902,25.02481,0.1441,34.1,48.0000,6.2300,0.1223,5.2204
1835001,49.1545,50.8436,49.9673,-4.38500,4.71276,-0.32776,1.02158,25.23271,0.1459,34.4,48.0000,6.2500,0.0989,5.2550
1835501,49.1491,50.8491,49.9909,-4.44234,4.70002,-0.25768,1.03425,25.44145,0.1477,34.7,48.0000,6.2800,0.1020,5.2901
1836001,49.1364,50.8618,50.0018,-4.49791,4.69187,-0.19396,1.04702,25.65083,0.1496,35.0,48.0000,6.3000,0.0848,5.2432
1836501,49.1327,50.8655,50.0255,-4.56119,4.69298,-0.13179,1.05990,25.86157,0.1514,35.3,48.0000,6.3300,0.0900,5.2804
1837001,49.1309,50.8673,50.0400,-4.61134,4.68379,-0.07245,1.07288,26.07330,0.1533,35.6,48.0000,6.3501,0.0703,5.3190
1837501,49.1273,50.8709,50.0655,-4.66903,4.67154,-0.00251,1.08597,26.28602,0.1551,35.9,48.0000,6.3801,0.0804,5.3583
1838001,49.1218,50.8764,50.0873,-4.72249,4.65397,0.06852,1.09917,26.49965,0.1570,36.2,48.0000,6.4001,0.1353,5.3572
1838501,49.1182,50.8800,50.1145,-4.77960,4.63236,0.14724,1.11247,26.71411,0.1589,36.4,48.0000,6.4301,0.1480,5.3972
1839001,49.1182,50.8800,50.1309,-4.82329,4.60185,0.22144,1.12588,26.92883,0.1608,36.7,48.0000,6.4501,0.1333,5.4390
1839501,49.1091,50.8891,50.1491,-4.88341,4.59136,0.29205,1.13940,27.14467,0.1628,37.0,48.0000,6.4801,0.0746,5.4420
1840001,49.1036,50.8945,50.1727,-4.93670,4.57231,0.36439,1.15303,27.36140,0.1647,37.3,48.0000,6.5001,0.1328,5.4409
1840501,49.1018,50.8964,50.2036,-4.99205,4.54449,0.44756,1.16676,27.57899,0.1667,37.6,48.0000,6.5301,0.1521,5.4847
1841001,49.1036,50.8945,50.2200,-5.03483,4.50975,0.52508,1.18061,27.79738,0.1687,37.9,48.0000,6.5501,0.1433,5.5301
1841501,49.0964,50.9018,50.2400,-5.09196,4.49024,0.60172,1.19456,28.01637,0.1707,38.2,48.0000,6.5801,0.0893,5.5407
1842001,49.0927,50.9055,50.2673,-5.14149,4.46078,0.68072,1.20862,28.23628,0.1727,38.5,48.0000,6.6001,0.1513,5.5393
1842501,49.0873,50.9109,50.2909,-5.19637,4.43504,0.76133,1.22280,28.45714,0.1747,38.8,48.0000,6.6301,0.0993,5.5538
1843001,49.0818,50.9164,50.3182,-5.25624,4.41084,0.84540,1.23708,28.67899,0.1767,39.1,48.0000,6.6501,0.1615,5.5523
1843501,49.0836,50.9145,50.3327,-5.30256,4.37443,0.92813,1.25147,28.90198,0.1788,39.4,48.0000,6.6801,0.0474,5.6228
1844001,49.0800,50.9182,50.3600,-5.34928,4.34562,1.00366,1.26598,29.12558,0.1809,39.7,48.0000,6.7001,0.1119,5.6219
1844501,49.0818,50.9164,50.3945,-5.39595,4.30593,1.09002,1.28060,29.35012,0.1829,40.0,48.0000,6.7301,0.1451,5.6732
1845001,49.0745,50.9236,50.4145,-5.44717,4.27236,1.17481,1.29533,29.57540,0.1850,40.3,48.0000,6.7501,0.1313,5.6438
1845501,49.0764,50.9218,50.4491,-5.49038,4.22827,1.26210,1.31018,29.80142,0.1872,40.7,48.0000,6.7801,0.1681,5.6966
1846001,49.0764,50.9218,50.4618,-5.53849,4.18502,1.35347,1.32513,30.02833,0.1893,41.0,48.0000,6.8001,0.0931,5.7259
1846501,49.0727,50.9255,50.5073,-5.58778,4.14003,1.44775,1.34020,30.25612,0.1915,41.3,48.0000,6.8301,0.1952,5.7234
1847001,49.0727,50.9255,50.5200,-5.63197,4.09700,1.53497,1.35539,30.48489,0.1936,41.6,48.0000,6.8501,0.1231,5.7565
1847501,49.0727,50.9255,50.5473,-5.68166,4.04967,1.63199,1.37069,30.71450,0.1958,41.9,48.0000,6.8801,0.0872,5.7917
1848001,49.0727,50.9255,50.5800,-5.72320,4.00263,1.72056,1.38610,30.94508,0.1980,42.2,48.0000,6.9001,0.1578,5.7902
1848501,49.0727,50.9255,50.6091,-5.76706,3.95377,1.81328,1.40163,31.17660,0.2002,42.5,48.0000,6.9301,0.1252,5.8290
1849001,49.0727,50.9255,50.6436,-5.81188,3.89920,1.91268,1.41728,31.40896,0.2025,42.8,48.0000,6.9501,0.1976,5.8270
1849501,49.0745,50.9236,50.6727,-5.84885,3.84460,2.00424,1.43304,31.64218,0.2047,43.2,48.0000,6.9801,0.1687,5.8692
1850001,49.0782,50.9200,50.6855,-5.88551,3.78591,2.09960,1.44892,31.87632,0.2070,43.5,48.0000,7.0001,0.1052,5.9153
1850501,49.0745,50.9236,50.7291,-5.92345,3.73051,2.19294,1.46492,32.11092,0.2093,43.8,48.0000,7.0301,0.1339,5.8987
1851001,49.0836,50.9145,50.7509,-5.94969,3.66476,2.28492,1.48103,32.34623,0.2116,44.1,48.0000,7.0501,0.1565,5.9619
1851501,49.0745,50.9236,50.7891,-5.99613,3.60993,2.38620,1.49726,32.58274,0.2139,44.4,48.0000,7.0801,0.1063,5.9360
1852001,49.0836,50.9145,50.8109,-6.04008,3.55356,2.48652,1.51362,32.82067,0.2162,44.8,48.0000,7.1001,0.1318,6.0012
1852501,49.0836,50.9145,50.8564,-6.07778,3.48606,2.59172,1.53009,33.05914,0.2186,45.1,48.0000,7.1301,0.1657,5.9892
1853001,49.0891,50.9091,50.8691,-6.10374,3.42032,2.68342,1.54667,33.29947,0.2210,45.4,48.0000,7.1501,0.1120,6.0481
1853501,49.0982,50.8982,50.9000,-6.13002,3.34381,2.78621,1.56338,33.53979,0.2233,45.8,48.0000,7.1801,0.1019,6.1088
1854001,49.0836,50.8855,50.9145,-6.14592,3.26896,2.87696,1.58021,33.78012,0.2257,46.1,48.0000,7.2001,0.0991,6.1025
1854501,49.0618,50.8582,50.9364,-6.17256,3.19528,2.97728,1.59716,34.02199,0.2282,46.4,48.0000,7.2301,0.1378,6.0966
1855001,49.0455,50.8327,50.9527,-6.20741,3.11533,3.09208,1.61423,34.26440,0.2306,46.7,48.0000,7.2501,0.2201,6.0942
1855501,49.0382,50.8073,50.9600,-6.22249,3.02962,3.19287,1.63143,34.50854,0.2331,47.1,48.0000,7.2801,0.1348,6.1613
1856001,49.0255,50.7909,50.9727,-6.24487,2.94917,3.29570,1.64874,34.75268,0.2355,47.4,48.0000,7.3001,0.1340,6.1601
1856501,49.0055,50.7582,50.9927,-6.27358,2.86766,3.40592,1.66618,34.99820,0.2380,47.7,48.0000,7.3301,0.1772,6.1590
1857001,49.0036,50.7345,50.9945,-6.28432,2.78286,3.50146,1.68374,35.24424,0.2405,48.1,48.0000,7.3501,0.1417,6.2346
1857501,48.9873,50.7091,51.0109,-6.29484,2.69707,3.59777,1.70143,35.49084,0.2431,48.4,48.0000,7.3801,0.1046,6.2420
1858001,48.9764,50.6873,51.0218,-6.31006,2.61151,3.69855,1.71923,35.73880,0.2456,48.8,48.0000,7.4001,0.1087,6.2470
1858501,48.9564,50.6491,51.0418,-6.32743,2.52114,3.80629,1.73717,35.98726,0.2482,49.1,48.0000,7.4301,0.1573,6.2522
1859001,48.9582,50.6236,51.0400,-6.32379,2.42661,3.89718,1.75522,36.23713,0.2507,49.4,48.0000,7.4501,0.1306,6.3362
1859501,48.9436,50.5909,51.0545,-6.32071,2.31975,4.00096,1.77340,36.48699,0.2533,49.8,48.0000,7.4801,0.1018,6.3555
1860001,48.9327,50.5655,51.0655,-6.31957,2.22295,4.09661,1.79171,36.73685,0.2560,50.1,48.0000,7.5001,0.1100,6.3664
1860501,48.9164,50.5218,51.0818,-6.31952,2.11944,4.20009,1.81014,36.98806,0.2586,50.5,48.0000,7.5301,0.1670,6.3773
1861001,48.9055,50.4964,51.0927,-6.32085,2.01508,4.30577,1.82869,37.23983,0.2612,50.8,48.0000,7.5501,0.1775,6.3902
1861501,48.8945,50.4582,51.1036,-6.31971,1.90625,4.41346,1.84738,37.49251,0.2639,51.1,48.0000,7.5801,0.1556,6.4203
1862001,48.8855,50.4291,51.1127,-6.31537,1.79403,4.52134,1.86619,37.74619,0.2666,51.5,48.0000,7.6001,0.1687,6.4363
1862501,48.8745,50.3891,51.1236,-6.30621,1.68222,4.62400,1.88512,38.00089,0.2693,51.8,48.0000,7.6301,0.1511,6.4725
1863001,48.8673,50.3600,51.1309,-6.29235,1.57143,4.72092,1.90419,38.25648,0.2720,52.2,48.0000,7.6501,0.1662,6.4916
1863501,48.8473,50.3200,51.1509,-6.27900,1.45541,4.82360,1.92338,38.51206,0.2748,52.5,48.0000,7.6801,0.1728,6.4525
1864001,48.8400,50.2873,51.1582,-6.28159,1.33785,4.94374,1.94270,38.76945,0.2775,52.9,48.0000,7.7001,0.1918,6.4742
1864501,48.8327,50.2418,51.1655,-6.27044,1.21558,5.05485,1.96215,39.02858,0.2803,53.2,48.0000,7.7301,0.1820,6.5219
1865001,48.8255,50.2073,51.1727,-6.25038,1.09376,5.15662,1.98173,39.28802,0.2831,53.6,48.0000,7.7501,0.2034,6.5465
1865501,48.8255,50.1691,51.1727,-6.21965,0.96555,5.25410,2.00144,39.54933,0.2859,54.0,48.0000,7.7801,0.1212,6.6298
1866001,48.8200,50.1327,51.1782,-6.17875,0.84278,5.33597,2.02128,39.81064,0.2888,54.3,48.0000,7.8001,0.1484,6.6583
1866501,48.8055,50.0836,51.1927,-6.14099,0.71577,5.42521,2.04125,40.07195,0.2916,54.7,48.0000,7.8301,0.1616,6.6358
1867001,48.8018,50.0473,51.1964,-6.10438,0.58750,5.51688,2.06135,40.33337,0.2945,55.0,48.0000,7.8501,0.1907,6.6667
1867501,48.7927,50.0055,51.2055,-6.08114,0.45302,5.62812,2.08158,40.59658,0.2974,55.4,48.0000,7.8801,0.1295,6.6849
1868001,48.7909,49.9673,51.2073,-6.03881,0.32264,5.71617,2.10194,40.86095,0.3003,55.7,48.0000,7.9001,0.1622,6.7192
1868501,48.7800,49.9127,51.2182,-5.99315,0.18482,5.80833,2.12243,41.12608,0.3032,56.1,48.0000,7.9301,0.1795,6.7078
1869001,48.7782,49.8727,51.2200,-5.94371,0.04618,5.89753,2.14306,41.39120,0.3062,56.5,48.0000,7.9501,0.2161,6.7443
1869501,48.7745,49.8255,51.2236,-5.89844,-0.09075,5.98919,2.16383,41.65810,0.3091,56.8,48.0000,7.9801,0.1638,6.7794
1870001,48.7691,49.7945,51.2291,-5.84513,-0.23050,6.07562,2.18473,41.92513,0.3121,57.2,48.0000,8.0000,0.1301,6.7786
1870501,48.7727,49.7273,51.2255,-5.77949,-0.37664,6.15613,2.20576,42.19371,0.3151,57.6,48.0000,8.0000,0.2290,6.8182
1871001,48.7709,49.6927,51.2273,-5.70724,-0.52005,6.22729,2.22692,42.46265,0.3181,57.9,48.0000,8.0000,0.1981,6.8223
1871501,48.7727,49.6418,51.2255,-5.64526,-0.67328,6.31854,2.24822,42.73159,0.3212,58.3,48.0000,8.0000,0.1580,6.8755
1872001,48.7727,49.6073,51.2255,-5.56037,-0.81577,6.37614,2.26965,43.00052,0.3242,58.7,48.0000,8.0000,0.1296,6.8868
1872501,48.7691,49.5364,51.2291,-5.47580,-0.96712,6.44292,2.29121,43.26946,0.3273,59.0,48.0000,8.0000,0.2281,6.8490
1873001,48.7709,49.5018,51.2273,-5.39032,-1.11566,6.50598,2.31292,43.53908,0.3304,59.4,48.0000,8.0000,0.2015,6.8652
1873501,48.7709,49.4491,51.2273,-5.30666,-1.27257,6.57923,2.33476,43.80993,0.3335,59.8,48.0000,8.0000,0.1572,6.8536
1874001,48.7764,49.4145,51.2218,-5.21639,-1.41803,6.63442,2.35673,44.08077,0.3367,60.1,48.0000,8.0000,0.1338,6.8770
1874501,48.7836,49.3509,51.2145,-5.11511,-1.56341,6.67852,2.37884,44.35161,0.3398,60.5,48.0000,8.0000,0.1737,6.9021
1875001,48.7836,49.3055,51.2145,-5.01399,-1.71322,6.72722,2.40108,44.62246,0.3430,60.9,48.0000,8.0000,0.2133,6.8740
1875501,48.7891,49.2509,51.2091,-4.90699,-1.86269,6.76968,2.42346,44.89330,0.3462,61.2,48.0000,8.0000,0.1759,6.8812
1876001,48.7982,49.2145,51.2000,-4.79680,-2.01497,6.81177,2.44597,45.16414,0.3494,61.6,48.0000,8.0000,0.1579,6.9166
1876501,48.8109,49.1509,51.1873,-4.67431,-2.16355,6.83786,2.46862,45.43499,0.3527,62.0,48.0000,8.0000,0.2048,6.9533
1877001,48.8145,49.1036,51.1836,-4.55027,-2.31669,6.86697,2.49141,45.70583,0.3559,62.4,48.0000,8.0000,0.2491,6.9317
1877501,48.8236,49.0582,51.1745,-4.43703,-2.46737,6.90440,2.51433,45.97667,0.3592,62.7,48.0000,8.0000,0.1357,6.9429
1878001,48.8291,49.0109,51.1691,-4.31400,-2.61371,6.92771,2.53739,46.24752,0.3625,63.1,48.0000,8.0000,0.1798,6.9262
1878501,48.8364,48.9455,51.1618,-4.19121,-2.76912,6.96033,2.56058,46.51836,0.3658,63.5,48.0000,8.0000,0.2034,6.8972
1879001,48.8509,48.9109,51.1473,-4.06491,-2.91281,6.97772,2.58390,46.78920,0.3691,63.8,48.0000,8.0000,0.1971,6.9505
1879501,48.8618,48.8564,51.1418,-3.92990,-3.06538,6.99528,2.60736,47.06005,0.3725,64.2,48.0000,8.0000,0.1407,6.9216
1880001,48.9055,48.8473,51.1509,-3.79862,-3.20805,7.00667,2.63096,47.33089,0.3759,64.6,48.0000,8.0000,0.1398,6.9820
1880501,48.9545,48.8127,51.1855,-3.66273,-3.35899,7.02172,2.65469,47.60173,0.3792,64.9,48.0000,8.0000,0.2123,6.8984
1881001,49.0000,48.8055,51.1927,-3.52104,-3.50440,7.02544,2.67857,47.87258,0.3827,65.3,48.0000,8.0000,0.2162,6.9635
1881501,49.0491,48.7855,51.2127,-3.38507,-3.66040,7.04547,2.70257,48.14342,0.3861,65.7,48.0000,8.0000,0.1627,6.9574
1882001,49.0836,48.7727,51.2255,-3.23957,-3.79938,7.03895,2.72671,48.41426,0.3895,66.0,48.0000,8.0000,0.1287,6.9581
1882501,49.1545,48.7473,51.2509,-3.08620,-3.94502,7.03122,2.75098,48.68511,0.3930,66.4,48.0000,8.0000,0.2447,6.9565
1883001,49.1927,48.7364,51.2618,-2.93267,-4.08647,7.01914,2.77539,48.95595,0.3965,66.8,48.0000,8.0000,0.2117,6.9636
1883501,49.2509,48.7218,51.2764,-2.77970,-4.21878,6.99848,2.79993,49.22680,0.4000,67.2,48.0000,8.0000,0.1659,6.9815
1884001,49.2891,48.7145,51.2836,-2.62188,-4.34990,6.97178,2.82462,49.49764,0.4035,67.5,48.0000,8.0000,0.1349,6.9982
1884501,49.3564,48.6873,51.3109,-2.46338,-4.48999,6.95337,2.84944,49.76848,0.4071,67.9,48.0000,8.0000,0.2067,6.9391
1885001,49.4109,48.6873,51.3109,-2.29491,-4.61778,6.91269,2.87439,50.03933,0.4106,68.3,48.0000,8.0000,0.2322,7.0271
1885501,49.4655,48.6709,51.3273,-2.12701,-4.75534,6.88235,2.89948,50.31017,0.4142,68.6,48.0000,8.0000,0.1398,7.0061
1886001,49.5073,48.6564,51.3418,-1.96456,-4.88149,6.84605,2.92470,50.58101,0.4178,69.0,48.0000,8.0000,0.1404,6.9594
1886501,49.5818,48.6345,51.3636,-1.79914,-5.02579,6.82493,2.95006,50.85186,0.4214,69.4,48.0000,8.0000,0.2100,6.9137
1887001,49.6400,48.6382,51.3600,-1.62303,-5.15037,6.77339,2.97554,51.12270,0.4251,69.7,48.0000,8.0000,0.2491,7.0120
1887501,49.7018,48.6309,51.3673,-1.44473,-5.27784,6.72257,3.00117,51.39354,0.4287,70.1,48.0000,8.0000,0.1617,7.0206
1888001,49.7491,48.6182,51.3800,-1.26856,-5.39319,6.66176,3.02694,51.66439,0.4324,70.5,48.0000,8.0000,0.1618,6.9876
1888501,49.8309,48.6164,51.3818,-1.08638,-5.50582,6.59220,3.05285,51.93523,0.4361,70.8,48.0000,8.0000,0.2188,7.0380
1889001,49.8800,48.6073,51.3909,-0.90725,-5.61467,6.52191,3.07888,52.20607,0.4398,71.2,48.0000,8.0000,0.2209,7.0110
1889501,49.9455,48.5945,51.4036,-0.72639,-5.73381,6.46021,3.10505,52.47692,0.4436,71.6,48.0000,8.0000,0.1510,6.9677
1890001,49.9982,48.6000,51.3982,-0.54846,-5.84254,6.39100,3.13136,52.74776,0.4473,72.0,48.0000,8.0000,0.1436,7.0329
1890501,50.0836,48.5927,51.4055,-0.36165,-5.94380,6.30545,3.15779,53.01860,0.4511,72.3,48.0000,8.0000,0.2192,7.0160
1891001,50.1364,48.5873,51.4109,-0.17688,-6.04718,6.22406,3.18436,53.28945,0.4549,72.7,48.0000,8.0000,0.2217,7.0040
1891501,50.2091,48.5782,51.4200,0.01259,-6.16550,6.15291,3.21108,53.56029,0.4587,73.1,48.0000,8.0000,0.1553,6.9907
1892001,50.2636,48.5891,51.4091,0.20142,-6.26637,6.06495,3.23793,53.83113,0.4626,73.4,48.0000,8.0000,0.1603,7.0713
1892501,50.3527,48.5891,51.4091,0.39653,-6.35009,5.95356,3.26492,54.10198,0.4664,73.8,48.0000,8.0000,0.2421,7.0690
1893001,50.4091,48.5909,51.4073,0.59024,-6.43035,5.84011,3.29204,54.37282,0.4703,74.2,48.0000,8.0000,0.2495,7.0717
1893501,50.4727,48.5909,51.4073,0.78430,-6.50773,5.72343,3.31929,54.64367,0.4742,74.5,48.0000,8.0000,0.1129,7.0539
1894001,50.5291,48.5964,51.4018,0.96625,-6.58156,5.61531,3.34668,54.91451,0.4781,74.9,48.0000,8.0000,0.1230,7.0671
1894501,50.6218,48.6055,51.3927,1.15735,-6.64961,5.49227,3.37420,55.18535,0.4820,75.3,48.0000,8.0000,0.2100,7.0814
1895001,50.6782,48.6000,51.3982,1.34899,-6.72860,5.37962,3.40186,55.45620,0.4860,75.7,48.0000,8.0000,0.2081,7.0179
1895501,50.7527,48.6164,51.3818,1.54290,-6.79768,5.25478,3.42966,55.72704,0.4900,76.0,48.0000,8.0000,0.1560,7.0670
1896001,50.8091,48.6273,51.3709,1.73314,-6.84872,5.11558,3.45759,55.99788,0.4939,76.4,48.0000,8.0000,0.1722,7.0948
1896501,50.9036,48.6327,51.3655,1.93179,-6.90509,4.97330,3.48566,56.26873,0.4980,76.8,48.0000,8.0000,0.2455,7.0421
1897001,50.9509,48.6418,51.3564,2.11744,-6.95563,4.83819,3.51386,56.53957,0.5020,77.1,48.0000,8.0000,0.1825,7.0559
1897501,51.0255,48.6564,51.3418,2.30306,-6.98953,4.68647,3.54220,56.81041,0.5060,77.5,48.0000,8.0000,0.1192,7.0573
1898001,51.0800,48.6727,51.3255,2.48591,-7.02464,4.53874,3.57066,57.08121,0.5101,77.9,48.0000,8.0000,0.1421,7.1014
1898501,51.1745,48.6891,51.3091,2.67761,-7.05493,4.37732,3.59927,57.35015,0.5142,78.2,48.0000,8.0000,0.2180,7.0678
1899001,51.2309,48.6964,51.3018,2.86797,-7.09209,4.22412,3.62802,57.61974,0.5183,78.6,48.0000,8.0000,0.2131,7.0401
1899501,51.2909,48.7073,51.2636,3.05671,-7.10799,4.05129,3.65690,57.88961,0.5224,79.0,48.0000,8.0000,0.1572,7.0744
1900001,51.3109,48.6873,51.2164,3.24145,-7.12565,3.88420,3.68591,58.15855,0.5266,79.3,48.0000,8.0000,0.1524,7.0576
1900501,51.3364,48.6618,51.1200,3.42848,-7.12786,3.69938,3.71506,58.42799,0.5307,79.7,48.0000,8.0000,0.2692,7.1164
1901001,51.3564,48.6418,51.0691,3.60918,-7.12017,3.51099,3.74434,58.69692,0.5349,80.1,48.0000,8.0000,0.2658,7.1067
1901501,51.3800,48.6182,50.9982,3.79011,-7.11230,3.32219,3.77375,58.96586,0.5391,80.4,48.0000,8.0000,0.1806,7.1015
1902001,51.3964,48.6018,50.9436,3.96518,-7.10025,3.13507,3.80329,59.23479,0.5433,80.8,48.0000,8.0000,0.1802,7.1035
1902501,51.4218,48.5764,50.8491,4.14287,-7.08143,2.93856,3.83298,59.50373,0.5476,81.2,48.0000,8.0000,0.2630,7.1068
1903001,51.4418,48.5564,50.8036,4.31616,-7.07226,2.75610,3.86280,59.77267,0.5518,81.5,48.0000,8.0000,0.2172,7.0490
1903501,51.4564,48.5418,50.7218,4.48545,-7.05232,2.56687,3.89276,60.04160,0.5561,81.9,48.0000,8.0000,0.1365,7.0847
1904001,51.4655,48.5327,50.6600,4.64369,-7.01744,2.37374,3.92285,60.31054,0.5604,82.3,48.0000,8.0000,0.1405,7.1073
1904501,51.4818,48.5164,50.5564,4.79937,-6.96481,2.16544,3.95307,60.57948,0.5647,82.6,48.0000,8.0000,0.2321,7.1315
1905001,51.4964,48.5018,50.5018,4.94903,-6.91591,1.96688,3.98343,60.84841,0.5691,83.0,48.0000,8.0000,0.1835,7.1004
1905501,51.5109,48.4873,50.4127,5.10499,-6.85468,1.74969,4.01391,61.11590,0.5734,83.4,48.0000,8.0000,0.1402,7.0955
1906001,51.5127,48.4855,50.3455,5.24901,-6.79075,1.54174,4.04453,61.38293,0.5778,83.7,48.0000,8.0000,0.1523,7.1376
1906501,51.5309,48.4673,50.2364,5.39606,-6.71590,1.31984,4.07528,61.64996,0.5822,84.1,48.0000,8.0000,0.2710,7.0986
1907001,51.5382,48.4600,50.1764,5.53900,-6.64598,1.10698,4.10619,61.91699,0.5866,84.5,48.0000,8.0000,0.2245,7.0933
1907501,51.5400,48.4582,50.0818,5.67102,-6.56764,0.89662,4.13718,62.18402,0.5910,84.8,48.0000,8.0000,0.1877,7.1235
1908001,51.5436,48.4545,50.0200,5.79721,-6.47325,0.67604,4.16838,62.45105,0.5955,85.2,48.0000,8.0000,0.1435,7.1338
1908501,51.5509,48.4473,49.9036,5.92505,-6.37319,0.44814,4.19962,62.71807,0.5999,85.6,48.0000,8.0000,0.2647,7.1127
1909001,51.5491,48.4491,49.8418,6.04027,-6.26737,0.22710,4.23109,62.98510,0.6044,85.9,48.0000,8.0000,0.2236,7.1347
1909501,51.5509,48.4473,49.7400,6.15740,-6.15563,-0.00176,4.26263,63.25213,0.6089,86.3,48.0000,8.0000,0.2023,7.1177
1910001,51.5509,48.4473,49.6855,6.26686,-6.04325,-0.22361,4.29434,63.51913,0.6135,86.7,48.0000,8.0000,0.0917,7.1140
1910501,51.5473,48.4509,49.5673,6.37182,-5.92639,-0.44543,4.32616,63.78601,0.6180,87.0,48.0000,8.0000,0.2159,7.1128
1911001,51.5436,48.4545,49.4909,6.47216,-5.79929,-0.67287,4.35811,64.05152,0.6226,87.4,48.0000,8.0000,0.2538,7.1160
1911501,51.5455,48.4527,49.3945,6.58621,-5.67415,-0.91206,4.39022,64.31855,0.6272,87.7,48.0000,8.0000,0.1615,7.1010
1912001,51.5382,48.4600,49.3200,6.69110,-5.54828,-1.14282,4.42241,64.58558,0.6318,88.1,48.0000,8.0000,0.2011,7.1147
1912501,51.5200,48.4782,49.2164,6.77516,-5.40254,-1.37262,4.45481,64.85261,0.6364,88.5,48.0000,8.0000,0.1901,7.1533
1913001,51.5073,48.4909,49.1436,6.83821,-5.24484,-1.59338,4.48726,65.11964,0.6410,88.8,48.0000,8.0000,0.2323,7.1756
1913501,51.4873,48.5109,49.0509,6.89148,-5.07843,-1.81305,4.51993,65.38667,0.6457,89.2,48.0000,8.0000,0.1502,7.2080
1914001,51.4818,48.5164,48.9745,6.93999,-4.90510,-2.03489,4.55267,65.65369,0.6504,89.6,48.0000,8.0000,0.1762,7.1596
1914501,51.4582,48.5400,48.8636,6.99097,-4.72645,-2.26452,4.58557,65.92072,0.6551,89.9,48.0000,8.0000,0.2375,7.1734
1915001,51.4473,48.5509,48.7891,7.04190,-4.55046,-2.49143,4.61860,66.18775,0.6598,90.3,48.0000,8.0000,0.2612,7.1334
1915501,51.4255,48.5727,48.6982,7.07956,-4.36735,-2.71221,4.65174,66.45478,0.6645,90.7,48.0000,8.0000,0.1601,7.1335
1916001,51.4036,48.5945,48.6364,7.11120,-4.18387,-2.92733,4.68506,66.72181,0.6693,91.0,48.0000,8.0000,0.1328,7.1732
1916501,51.4273,48.6782,48.5709,7.13281,-3.98388,-3.14893,4.71844,66.98884,0.6741,91.4,48.0000,8.0000,0.2533,7.1484
1917001,51.4418,48.7473,48.5564,7.13316,-3.77790,-3.35526,4.75205,67.25587,0.6789,91.7,48.0000,8.0000,0.2307,7.2000
1917501,51.4745,48.8400,48.5236,7.12826,-3.56264,-3.56562,4.78571,67.52026,0.6837,92.1,48.0000,8.0000,0.1865,7.1798
1918001,51.4945,48.9000,48.5036,7.12057,-3.35139,-3.76918,4.81957,67.78347,0.6885,92.5,48.0000,8.0000,0.1290,7.1752
1918501,51.5273,49.0182,48.4709,7.10547,-3.13111,-3.97436,4.85351,68.04668,0.6934,92.8,48.0000,8.0000,0.2524,7.1729
1919001,51.5455,49.0927,48.4527,7.08154,-2.90675,-4.17479,4.88761,68.30990,0.6982,93.2,48.0000,8.0000,0.2811,7.1768
1919501,51.5745,49.1873,48.4236,7.04911,-2.68147,-4.36764,4.92183,68.57311,0.7031,93.5,48.0000,8.0000,0.1911,7.1327
1920001,51.5836,49.2582,48.4145,7.02384,-2.45922,-4.56462,4.95616,68.83633,0.7080,93.9,48.0000,8.0000,0.1384,7.1619
1920501,51.6055,49.3891,48.3927,6.97473,-2.21936,-4.75537,4.99067,69.09954,0.7130,94.3,48.0000,8.0000,0.2697,7.1816
1921001,51.6218,49.4600,48.3764,6.92534,-1.98658,-4.93876,5.02525,69.36275,0.7179,94.6,48.0000,8.0000,0.2476,7.1457
1921501,51.6345,49.5673,48.3636,6.85781,-1.74116,-5.11665,5.06004,69.62597,0.7229,95.0,48.0000,8.0000,0.1633,7.1555
1922001,51.6345,49.6455,48.3636,6.78250,-1.50462,-5.27787,5.09488,69.88918,0.7278,95.3,48.0000,8.0000,0.1208,7.2192
1922501,51.6545,49.7836,48.3436,6.69246,-1.25167,-5.44079,5.12992,70.15240,0.7328,95.7,48.0000,8.0000,0.2811,7.1797
1923001,51.6600,49.8600,48.3382,6.60148,-1.00200,-5.59948,5.16505,70.41561,0.7379,96.1,48.0000,8.0000,0.2599,7.1741
1923501,51.6691,49.9745,48.3291,6.50434,-0.75078,-5.75356,5.20033,70.67883,0.7429,96.4,48.0000,8.0000,0.1992,7.1531
1924001,51.6709,50.0564,48.3273,6.40260,-0.49709,-5.90551,5.23574,70.94204,0.7480,96.8,48.0000,8.0000,0.1805,7.1653
1924501,51.6709,50.1927,48.3273,6.28208,-0.23489,-6.04719,5.27126,71.20525,0.7530,97.1,48.0000,8.0000,0.2659,7.1812
1925001,51.6655,50.2727,48.3327,6.14964,0.01745,-6.16709,5.30695,71.46847,0.7581,97.5,48.0000,8.0000,0.2512,7.2071
1925501,51.6691,50.3927,48.3291,6.02359,0.27193,-6.29552,5.34271,71.73168,0.7632,97.9,48.0000,8.0000,0.1982,7.1541
1926001,51.6582,50.4764,48.3400,5.88103,0.53127,-6.41230,5.37868,71.99490,0.7684,98.2,48.0000,8.0000,0.1883,7.1973
1926501,51.6545,50.6145,48.3436,5.72629,0.79755,-6.52384,5.41470,72.25811,0.7735,98.6,48.0000,8.0000,0.2790,7.1602
1927001,51.6382,50.6982,48.3600,5.55875,1.05488,-6.61363,5.45094,72.52132,0.7787,98.9,48.0000,8.0000,0.2747,7.2164
1927501,51.6291,50.8091,48.3691,5.39021,1.31048,-6.70068,5.48724,72.78400,0.7839,99.3,48.0000,8.0000,0.1461,7.1852
1928001,51.6182,50.8909,48.3800,5.22265,1.55758,-6.78023,5.52372,73.04340,0.7891,99.6,48.0000,8.0000,0.1334,7.1781
1928501,51.6055,51.0400,48.3927,5.04630,1.82285,-6.86915,5.56030,73.30416,0.7943,100.0,48.0000,8.0000,0.2892,7.1176
1929001,51.5891,51.1218,48.4091,4.86983,2.08210,-6.95193,5.59701,73.56738,0.7996,100.4,48.0000,8.0000,0.2763,7.1226
1929501,51.5491,51.2273,48.4491,4.65462,2.33358,-6.98820,5.63387,73.83059,0.8048,100.7,48.0000,8.0000,0.1758,7.2355
1930001,51.5382,51.3091,48.4600,4.44654,2.57454,-7.02108,5.67083,74.09007,0.8101,101.1,48.0000,8.0000,0.1442,7.1808
1930501,51.5073,51.4527,48.4909,4.23376,2.83183,-7.06558,5.70797,74.34946,0.8154,101.4,48.0000,8.0000,0.2987,7.1438
1931001,51.4545,51.5055,48.4927,4.01404,3.07898,-7.09301,5.74516,74.60886,0.8207,101.8,48.0000,8.0000,0.2952,7.1806
1931501,51.3564,51.5455,48.4527,3.80349,3.33396,-7.13745,5.78258,74.87081,0.8261,102.1,48.0000,8.0000,0.1556,7.2020
1932001,51.2745,51.5745,48.4236,3.57953,3.57457,-7.15410,5.82004,75.13403,0.8314,102.5,48.0000,8.0000,0.2039,7.1881
1932501,51.1455,51.6145,48.3836,3.33955,3.82278,-7.16233,5.85771,75.39724,0.8368,102.9,48.0000,8.0000,0.2774,7.1740
1933001,51.0509,51.6291,48.3691,3.09003,4.04902,-7.13905,5.89545,75.66045,0.8422,103.2,48.0000,8.0000,0.2873,7.2431
1933501,50.9436,51.6618,48.3364,2.83669,4.26686,-7.10354,5.93336,75.92367,0.8476,103.6,48.0000,8.0000,0.1533,7.1894
1934001,50.8455,51.6691,48.3291,2.58434,4.47804,-7.06238,5.97139,76.18688,0.8531,103.9,48.0000,8.0000,0.1718,7.2776
1934501,50.7036,51.7055,48.2927,2.31315,4.69016,-7.00331,6.00954,76.44722,0.8585,104.3,48.0000,8.0000,0.2877,7.2242
1935001,50.6164,51.7255,48.2727,2.05037,4.90520,-6.95556,6.04784,76.70735,0.8640,104.6,48.0000,8.0000,0.2902,7.1808
1935501,50.4927,51.7400,48.2582,1.78093,5.10470,-6.88563,6.08623,76.96822,0.8695,105.0,48.0000,8.0000,0.1568,7.1981
1936001,50.4000,51.7527,48.2455,1.51704,5.29855,-6.81559,6.12481,77.23090,0.8750,105.4,48.0000,8.0000,0.1582,7.1756
1936501,50.2418,51.7600,48.2382,1.23741,5.48277,-6.72019,6.16344,77.49368,0.8805,105.7,48.0000,8.0000,0.2544,7.2385
1937001,50.1473,51.7673,48.2309,0.95969,5.65194,-6.61162,6.20231,77.75308,0.8860,106.1,48.0000,8.0000,0.2569,7.2302
1937501,50.0164,51.7709,48.2273,0.67722,5.81515,-6.49237,6.24121,78.01248,0.8916,106.4,48.0000,8.0000,0.1527,7.2370
1938001,49.9182,51.7836,48.2145,0.39828,5.97573,-6.37401,6.28031,78.27188,0.8972,106.8,48.0000,8.0000,0.1683,7.1656
1938501,49.5600,51.7782,48.2200,-0.06568,6.22291,-6.15723,0.03633,78.53128,0.0052,107.1,48.0000,8.0000,0.6347,7.1581
1939001,49.4618,51.7673,48.2309,-0.59237,6.47055,-5.87818,0.07566,78.79068,0.0108,107.5,48.0000,8.0000,0.6385,7.1831
1939501,49.3745,51.7491,48.2491,-1.03682,6.64763,-5.61081,0.11512,79.05008,0.0164,107.8,48.0000,8.0000,0.1806,7.2470
1940001,49.2945,51.7418,48.2564,-1.39533,6.77165,-5.37632,0.15471,79.30948,0.0221,108.2,48.0000,8.0000,0.0420,7.2346
1940501,49.1564,51.7255,48.2727,-1.71154,6.86988,-5.15834,0.19443,79.56888,0.0278,108.5,48.0000,8.0000,0.0163,7.2386
1941001,49.0709,51.7164,48.2818,-1.98873,6.94952,-4.96079,0.23428,79.82828,0.0335,108.9,48.0000,8.0000,-0.0579,7.2054
1941501,48.9527,51.6982,48.3000,-2.25706,7.01652,-4.75945,0.27425,80.08768,0.0392,109.3,48.0000,8.0000,-0.2395,7.1943
1942001,48.8600,51.6782,48.3200,-2.50174,7.06668,-4.56494,0.31436,80.34708,0.0449,109.6,48.0000,8.0000,-0.2337,7.2145
1942501,48.6982,51.6509,48.3473,-2.76255,7.11349,-4.35094,0.35460,80.60648,0.0507,110.0,48.0000,8.0000,-0.0554,7.1820
1943001,48.6091,51.6236,48.3745,-3.01409,7.14197,-4.12788,0.39497,80.86588,0.0564,110.3,48.0000,8.0000,-0.0463,7.2137
1943501,48.4891,51.5909,48.4073,-3.26038,7.14765,-3.88728,0.43547,81.12527,0.0622,110.7,48.0000,8.0000,-0.1670,7.2183
1944001,48.4145,51.5836,48.4436,-3.49413,7.15591,-3.66178,0.47609,81.38467,0.0680,111.0,48.0000,8.0000,-0.1858,7.1945
1944501,48.3618,51.6364,48.5909,-3.74127,7.16117,-3.41990,0.51685,81.64407,0.0738,111.4,48.0000,8.0000,-0.0067,7.1862
1945001,48.3327,51.6655,48.6764,-3.97892,7.15838,-3.17946,0.55774,81.90347,0.0797,111.7,48.0000,8.0000,-0.0259,7.1773
1945501,48.2982,51.7000,48.8055,-4.20875,7.14104,-2.93230,0.59875,82.16287,0.0855,112.1,48.0000,8.0000,-0.0969,7.1816
1946001,48.2764,51.7218,48.8982,-4.42940,7.10822,-2.67882,0.63990,82.42227,0.0914,112.4,48.0000,8.0000,-0.1156,7.1959
1946501,48.2400,51.7582,49.0655,-4.65255,7.05436,-2.40181,0.68118,82.68167,0.0973,112.8,48.0000,8.0000,0.0684,7.2111
1947001,48.2255,51.7727,49.1636,-4.85761,6.98153,-2.12392,0.72258,82.94107,0.1032,113.1,48.0000,8.0000,0.0545,7.2403
1947501,48.1909,51.8073,49.2982,-5.07025,6.91458,-1.84433,0.76412,83.20047,0.1092,113.5,48.0000,8.0000,-0.0277,7.1656
1948001,48.1764,51.8218,49.3909,-5.27381,6.84885,-1.57504,0.80578,83.45987,0.1151,113.9,48.0000,8.0000,-0.0958,7.1567
1948501,48.1600,51.8382,49.5709,-5.46885,6.75735,-1.28850,0.84758,83.71927,0.1211,114.2,48.0000,8.0000,0.0974,7.1977
1949001,48.1473,51.8509,49.6764,-5.65223,6.65308,-1.00086,0.88950,83.97867,0.1271,114.6,48.0000,8.0000,0.1126,7.1843
1949501,48.1418,51.8564,49.8164,-5.82896,6.53725,-0.70829,0.93155,84.23807,0.1331,114.9,48.0000,8.0000,-0.0509,7.2084
1950001,48.1364,51.8618,49.9255,-5.97982,6.40861,-0.42880,0.97374,84.49747,0.1391,115.3,48.0000,8.0000,-0.0330,7.2182
1950501,48.1218,51.8764,50.1036,-6.14245,6.27393,-0.13148,1.01605,84.75687,0.1452,115.6,48.0000,8.0000,0.1143,7.1506
1951001,48.1255,51.8727,50.2145,-6.29445,6.13245,0.16200,1.05850,85.01627,0.1512,116.0,48.0000,8.0000,0.1341,7.1732
1951501,48.1673,51.8309,50.3509,-6.35317,5.91388,0.43929,1.10107,85.27330,0.1573,116.3,48.0000,8.0000,-0.0202,7.1983
1952001,48.1673,51.8309,50.4618,-6.41204,5.69839,0.71365,1.14377,85.52701,0.1634,116.7,48.0000,8.0000,0.0042,7.1598
1952501,48.1618,51.8364,50.6418,-6.51040,5.50564,1.00476,1.18659,85.77878,0.1695,117.0,48.0000,8.0000,0.1393,7.0430
1953001,48.1691,51.8291,50.7527,-6.62141,5.32944,1.29197,1.22955,86.03055,0.1756,117.4,48.0000,8.0000,0.1566,7.0177
1953501,48.1836,51.8145,50.9073,-6.73161,5.14505,1.58656,1.27262,86.28232,0.1818,117.7,48.0000,8.0000,0.0710,6.9901
1954001,48.2055,51.7927,51.0073,-6.82082,4.95314,1.86767,1.31583,86.53409,0.1880,118.0,48.0000,8.0000,0.0239,7.0413
1954501,48.2345,51.7636,51.1855,-6.88985,4.73677,2.15308,1.35916,86.78586,0.1942,118.4,48.0000,8.0000,0.1639,7.0445
1955001,48.2582,51.7400,51.2927,-6.94432,4.51201,2.43230,1.40261,87.03763,0.2004,118.7,48.0000,8.0000,0.1846,7.0559
1955501,48.2873,51.7109,51.4400,-7.00745,4.29138,2.71607,1.44620,87.28940,0.2066,119.1,48.0000,8.0000,0.0814,7.0230
1956001,48.3145,51.6836,51.5364,-7.04408,4.06078,2.98330,1.48990,87.54117,0.2128,119.4,48.0000,8.0000,0.0235,7.0433
1956501,48.3218,51.5982,51.6764,-7.07161,3.81149,3.26012,1.53373,87.79294,0.2191,119.8,48.0000,8.0000,0.2214,7.0160
1957001,48.2945,51.4982,51.7036,-7.07832,3.55768,3.52064,1.57769,88.04471,0.2254,120.1,48.0000,8.0000,0.1675,7.0573
1957501,48.2455,51.3545,51.7527,-7.07678,3.28603,3.79075,1.62178,88.29648,0.2317,120.5,48.0000,8.0000,0.1155,7.0335
1958001,48.2164,51.2509,51.7818,-7.06754,3.02008,4.04746,1.66599,88.54825,0.2380,120.8,48.0000,8.0000,0.1106,7.0306
1958501,48.1727,51.0764,51.8255,-7.04232,2.73708,4.30524,1.71033,88.80249,0.2443,121.1,48.0000,8.0000,0.2281,7.0337
1959001,48.1509,50.9655,51.8473,-6.99904,2.45607,4.54297,1.75479,89.05807,0.2507,121.5,48.0000,8.0000,0.2254,7.0487
1959501,48.1182,50.8091,51.8800,-6.93554,2.16179,4.77375,1.79939,89.31018,0.2571,121.8,48.0000,8.0000,0.1309,7.0297
1960001,48.1055,50.6909,51.8927,-6.87016,1.87015,5.00001,1.84410,89.56195,0.2634,122.2,48.0000,8.0000,0.1327,7.0699
1960501,48.0782,50.5091,51.9200,-6.78446,1.56595,5.21850,1.88895,89.81372,0.2698,122.5,48.0000,8.0000,0.2051,7.0553
1961001,48.0618,50.3891,51.9364,-6.69647,1.26769,5.42878,1.93392,90.06588,0.2763,122.9,48.0000,8.0000,0.2349,7.0330
1961501,48.0455,50.2182,51.9527,-6.59808,0.95693,5.64116,1.97901,90.32146,0.2827,123.2,48.0000,8.0000,0.1674,7.0130
1962001,48.0436,50.1018,51.9545,-6.48529,0.65025,5.83503,2.02424,90.57705,0.2892,123.6,48.0000,8.0000,0.1171,7.0424
1962501,48.0364,49.8982,51.9618,-6.34807,0.32884,6.01923,2.06960,90.83263,0.2957,123.9,48.0000,8.0000,0.2757,7.0469
1963001,48.0455,49.7800,51.9527,-6.18871,0.01707,6.17165,2.11508,91.08822,0.3022,124.3,48.0000,8.0000,0.2344,7.0989
1963501,48.0509,49.6127,51.9473,-6.02683,-0.30308,6.32992,2.16068,91.34380,0.3087,124.6,48.0000,8.0000,0.1087,7.1153
1964001,48.0509,49.4836,51.9473,-5.84758,-0.61187,6.45945,2.20642,91.59770,0.3152,125.0,48.0000,8.0000,0.1478,7.0716
1964501,48.0673,49.2873,51.9309,-5.65698,-0.93465,6.59163,2.25228,91.85034,0.3218,125.3,48.0000,8.0000,0.2416,7.0779
1965001,48.0764,49.1582,51.9218,-5.46363,-1.25206,6.71569,2.29826,92.10339,0.3283,125.6,48.0000,8.0000,0.2785,7.0493
1965501,48.1018,48.9909,51.8964,-5.25114,-1.56660,6.81774,2.34438,92.35728,0.3349,126.0,48.0000,8.0000,0.1555,7.0714
1966001,48.1291,48.8745,51.8691,-5.02930,-1.87402,6.90332,2.39062,92.61082,0.3415,126.3,48.0000,8.0000,0.1315,7.1223
1966501,48.1545,48.6709,51.8436,-4.79263,-2.19259,6.98522,2.43698,92.86259,0.3481,126.7,48.0000,8.0000,0.2789,7.0408
1967001,48.1909,48.5582,51.8073,-4.54624,-2.49493,7.04118,2.48348,93.11436,0.3548,127.0,48.0000,8.0000,0.2611,7.1128
1967501,48.2291,48.3891,51.7691,-4.29521,-2.80446,7.09966,2.53010,93.36613,0.3614,127.4,48.0000,8.0000,0.1871,7.0840
1968001,48.2636,48.2800,51.7345,-4.03252,-3.09953,7.13205,2.57685,93.61790,0.3681,127.7,48.0000,8.0000,0.1495,7.1071
1968501,48.4309,48.2036,51.7945,-3.75238,-3.40050,7.15288,2.62372,93.86967,0.3748,128.1,48.0000,8.0000,0.2928,7.0701
1969001,48.5436,48.1636,51.8345,-3.47653,-3.69593,7.17245,2.67072,94.12340,0.3815,128.4,48.0000,8.0000,0.3047,7.0457
1969501,48.7109,48.1273,51.8709,-3.18170,-3.97149,7.15320,2.71785,94.37864,0.3883,128.7,48.0000,8.0000,0.1559,7.1021
1970001,48.8345,48.0982,51.9000,-2.88586,-4.23764,7.12350,2.76510,94.63041,0.3950,129.1,48.0000,8.0000,0.1713,7.1062
1970501,49.0382,48.0545,51.9436,-2.56682,-4.50694,7.07376,2.81248,94.88218,0.4018,129.4,48.0000,8.0000,0.3201,7.1143
1971001,49.1564,48.0273,51.9709,-2.25908,-4.76613,7.02521,2.85998,95.13395,0.4086,129.8,48.0000,8.0000,0.2872,7.0703
1971501,49.3309,47.9909,52.0073,-1.94127,-5.03724,6.97851,2.90761,95.38878,0.4154,130.1,48.0000,8.0000,0.1405,7.0851
1972001,49.4691,47.9800,52.0182,-1.62847,-5.28570,6.91417,2.95537,95.64436,0.4222,130.5,48.0000,8.0000,0.1659,7.1363
1972501,49.6818,47.9600,52.0382,-1.29291,-5.52171,6.81461,3.00326,95.89995,0.4290,130.8,48.0000,8.0000,0.2695,7.1341
1973001,49.8236,47.9600,52.0382,-0.95506,-5.72598,6.68104,3.05127,96.15553,0.4359,131.2,48.0000,8.0000,0.3043,7.2031
1973501,50.0036,47.9400,52.0582,-0.61546,-5.93607,6.55154,3.09941,96.41112,0.4428,131.5,48.0000,8.0000,0.1401,7.1024
1974001,50.1473,47.9527,52.0455,-0.28184,-6.12604,6.40788,3.14767,96.66670,0.4497,131.9,48.0000,8.0000,0.1836,7.1984
1974501,50.3691,47.9509,52.0473,0.07319,-6.30141,6.22822,3.19607,96.92229,0.4566,132.2,48.0000,8.0000,0.3080,7.1678
1975001,50.5055,47.9564,52.0418,0.41561,-6.46477,6.04915,3.24460,97.17787,0.4635,132.6,48.0000,8.0000,0.2928,7.1538
1975501,50.7000,47.9782,52.0200,0.76171,-6.61322,5.85150,3.29325,97.43346,0.4705,132.9,48.0000,8.0000,0.2033,7.2013
1976001,50.8345,47.9964,52.0018,1.10477,-6.73190,5.62713,3.34203,97.68904,0.4774,133.3,48.0000,8.0000,0.1935,7.2191
1976501,51.0564,48.0164,51.9818,1.45687,-6.84945,5.39258,3.39094,97.94463,0.4844,133.6,48.0000,8.0000,0.3131,7.1608
1977001,51.1909,48.0327,51.9655,1.79661,-6.96507,5.16846,3.43998,98.20021,0.4914,134.0,48.0000,8.0000,0.2900,7.1200
1977501,51.3691,48.0745,51.9236,2.13167,-7.04785,4.91618,3.48915,98.45580,0.4984,134.3,48.0000,8.0000,0.1242,7.1607
1978001,51.5073,48.1073,51.8909,2.45511,-7.11685,4.66174,3.53844,98.71138,0.5055,134.7,48.0000,8.0000,0.1837,7.1750
1978501,51.7164,48.1618,51.8364,2.79181,-7.16974,4.37794,3.58786,98.96696,0.5126,135.0,48.0000,8.0000,0.3040,7.1758
1979001,51.8182,48.1800,51.7764,3.10696,-7.19816,4.09121,3.63740,99.21944,0.5196,135.4,48.0000,8.0000,0.2870,7.1941
1979501,51.8745,48.1236,51.6018,3.42797,-7.21981,3.79183,3.68707,99.47121,0.5267,135.7,48.0000,8.0000,0.1635,7.2018
1980001,51.9164,48.0818,51.4727,3.73059,-7.21700,3.48641,3.73687,99.72298,0.5338,136.0,48.0000,8.0000,0.1965,7.1835
1980501,51.9727,48.0255,51.2655,4.03952,-7.20335,3.16383,3.78679,99.97475,0.5410,136.4,48.0000,8.0000,0.2891,7.1706
1981001,52.0036,47.9945,51.1255,4.33172,-7.17227,2.84055,3.83684,100.22652,0.5481,136.7,48.0000,8.0000,0.3232,7.1721
1981501,52.0327,47.9655,50.9291,4.61819,-7.11465,2.49646,3.88702,100.47829,0.5553,137.1,48.0000,8.0000,0.1709,7.2182
1982001,52.0600,47.9382,50.7927,4.87684,-7.03939,2.16255,3.93731,100.73006,0.5625,137.4,48.0000,8.0000,0.1577,7.1849
1982501,52.0945,47.9036,50.5618,5.14253,-6.95628,1.81374,3.98774,100.98183,0.5697,137.8,48.0000,8.0000,0.2877,7.1599
1983001,52.1018,47.8964,50.4073,5.38439,-6.84437,1.45998,4.03829,101.23360,0.5769,138.1,48.0000,8.0000,0.3332,7.2106
1983501,52.1127,47.8855,50.2055,5.61301,-6.71038,1.09737,4.08898,101.48537,0.5841,138.4,48.0000,8.0000,0.1676,7.2328
1984001,52.1255,47.8727,50.0582,5.82489,-6.56925,0.74436,4.13977,101.73714,0.5914,138.8,48.0000,8.0000,0.1726,7.1773
1984501,52.1255,47.8727,49.8145,6.03522,-6.40832,0.37310,4.19072,101.98891,0.5987,139.1,48.0000,8.0000,0.3116,7.2115
1985001,52.1255,47.8727,49.6636,6.22826,-6.23972,0.01146,4.24174,102.24068,0.6060,139.5,48.0000,8.0000,0.3143,7.1793
1985501,52.1182,47.8800,49.4545,6.41529,-6.05779,-0.35750,4.29296,102.49245,0.6133,139.8,48.0000,8.0000,0.1735,7.1547
1986001,52.0945,47.9036,49.3036,6.57165,-5.85482,-0.71684,4.34422,102.74422,0.6206,140.2,48.0000,8.0000,0.1803,7.2412
1986501,52.0673,47.9309,49.0600,6.70058,-5.60805,-1.09254,4.39571,102.99599,0.6280,140.5,48.0000,8.0000,0.3367,7.2501
1987001,52.0545,47.9436,48.9091,6.82564,-5.36926,-1.45638,4.44722,103.24544,0.6353,140.8,48.0000,8.0000,0.3348,7.1930
1987501,52.0164,47.9818,48.7055,6.93082,-5.11783,-1.81299,4.49895,103.49383,0.6427,141.2,48.0000,8.0000,0.1945,7.2030
1988001,51.9891,48.0091,48.5600,7.02455,-4.85686,-2.16768,4.55072,103.74178,0.6501,141.5,48.0000,8.0000,0.1880,7.1827
1988501,51.9364,48.0618,48.3236,7.10791,-4.57335,-2.53456,4.60269,103.99303,0.6575,141.9,48.0000,8.0000,0.3328,7.1697
1989001,51.8964,48.1018,48.1836,7.16816,-4.28407,-2.88409,4.65472,104.24480,0.6650,142.2,48.0000,8.0000,0.3289,7.1747
1989501,51.9127,48.2545,48.0855,7.19746,-3.97117,-3.22630,4.70694,104.49657,0.6724,142.6,48.0000,8.0000,0.1776,7.2277
1990001,51.9509,48.4000,48.0473,7.19355,-3.64795,-3.54560,4.75923,104.74640,0.6799,142.9,48.0000,8.0000,0.1825,7.2701
1990501,52.0164,48.6236,47.9818,7.16809,-3.30221,-3.86588,4.81168,104.99435,0.6874,143.2,48.0000,8.0000,0.3043,7.2467
1991001,52.0527,48.7764,47.9455,7.13154,-2.95596,-4.17558,4.86423,105.24231,0.6949,143.6,48.0000,8.0000,0.3564,7.2400
1991501,52.1127,48.9727,47.8855,7.13119,-2.61424,-4.51694,4.91692,105.49035,0.7024,143.9,48.0000,8.0000,0.1835,7.2013
1992001,52.1327,49.1273,47.8655,7.09245,-2.27150,-4.82096,4.96972,105.74212,0.7100,144.3,48.0000,8.0000,0.1547,7.2389
1992501,52.1655,49.3909,47.8327,7.00739,-1.89390,-5.11349,5.02265,105.99389,0.7175,144.6,48.0000,8.0000,0.3681,7.2689
1993001,52.1836,49.5509,47.8145,6.90108,-1.51330,-5.38778,5.07572,106.24566,0.7251,144.9,48.0000,8.0000,0.3745,7.2521
1993501,52.1909,49.7673,47.8073,6.77250,-1.12521,-5.64729,5.12889,106.49743,0.7327,145.3,48.0000,8.0000,0.1535,7.2896
1994001,52.1927,49.9327,47.8055,6.61518,-0.75184,-5.86334,5.18222,106.74920,0.7403,145.6,48.0000,8.0000,0.1655,7.3138
1994501,52.2036,50.1982,47.7945,6.43836,-0.35363,-6.08473,5.23563,107.00097,0.7479,146.0,48.0000,8.0000,0.3434,7.2614
1995001,52.1927,50.3673,47.8055,6.23878,0.03976,-6.27854,5.28923,107.25108,0.7556,146.3,48.0000,8.0000,0.3609,7.3091
1995501,52.1764,50.5909,47.8218,6.01435,0.43128,-6.44563,5.34287,107.49904,0.7633,146.6,48.0000,8.0000,0.1785,7.3221
1996001,52.1745,50.7564,47.8236,5.79320,0.81508,-6.60828,5.39673,107.74699,0.7710,147.0,48.0000,8.0000,0.1983,7.2407
1996501,52.1364,51.0145,47.8618,5.54742,1.21254,-6.75996,5.45061,107.99495,0.7787,147.3,48.0000,8.0000,0.3126,7.2984
1997001,52.1182,51.1818,47.8800,5.29648,1.59768,-6.89416,5.50472,108.24290,0.7864,147.7,48.0000,8.0000,0.3282,7.2433
1997501,52.0655,51.3964,47.9327,5.01034,1.98607,-6.99641,5.55885,108.49086,0.7941,148.0,48.0000,8.0000,0.1538,7.3150
1998001,52.0327,51.5545,47.9655,4.71796,2.35096,-7.06892,5.61321,108.73882,0.8019,148.3,48.0000,8.0000,0.1696,7.2993
1998501,51.9709,51.8073,48.0273,4.39929,2.73084,-7.13013,5.66760,108.98677,0.8097,148.7,48.0000,8.0000,0.3441,7.2903
1999001,51.9200,51.9491,48.0491,4.09073,3.09932,-7.19006,5.72220,109.23473,0.8175,149.0,48.0000,8.0000,0.3315,7.2213
1999501,51.7000,52.0091,47.9891,3.75338,3.46394,-7.21732,5.77684,109.48268,0.8253,149.4,48.0000,8.0000,0.2095,7.2848
