time_us,duty_u,duty_v,duty_w,i_a,i_b,i_c,theta_e_rad,omega_e_rad_s,theta_m_rad,rpm_mech,vdc_v,iq_ref_a,id_meas_a,iq_meas_a
1358001,50.0000,50.0000,50.0000,0.00000,0.00000,-0.00000,0.00000,0.00000,0.0000,0.0,48.0000,0.0000,0.0000,0.0000
1358501,50.0000,50.0000,50.0000,0.00000,0.00000,-0.00000,0.00000,0.00000,0.0000,0.0,48.0000,0.0000,0.0000,0.0000
1359001,50.0000,50.0000,50.0000,0.00000,0.00000,-0.00000,0.00000,0.00000,0.0000,0.0,48.0000,0.0000,0.0000,0.0000
1359501,50.0000,50.0000,50.0000,0.00000,0.00000,-0.00000,0.00000,0.00000,0.0000,0.0,48.0000,0.0000,0.0000,0.0000
1360001,50.0000,50.0000,50.0000,0.00000,0.00000,-0.00000,0.00000,0.00000,0.0000,0.0,48.0000,0.0000,0.0000,0.0000
1360501,50.0000,50.0000,50.0000,0.00000,0.00000,-0.00000,0.00000,0.00000,0.0000,0.0,48.0000,0.0000,0.0000,0.0000
1361001,50.0000,50.0000,50.0000,0.00000,0.00000,-0.00000,0.00000,0.00000,0.0000,0.0,48.0000,0.0000,0.0000,0.0000
1361501,50.0000,50.0000,50.0000,0.00000,0.00000,-0.00000,0.00000,0.00000,0.0000,0.0,48.0000,0.0000,0.0000,0.0000
1362001,50.0000,50.0000,50.0000,0.00000,0.00000,-0.00000,0.00000,0.00000,0.0000,0.0,48.0000,0.0000,0.0000,0.0000
1362501,50.0000,50.0000,50.0000,0.00000,0.00000,-0.00000,0.00000,0.00000,0.0000,0.0,48.0000,0.0000,0.0000,0.0000
1363001,50.0000,50.0000,50.0000,0.00000,0.00000,-0.00000,0.00000,0.00000,0.0000,0.0,48.0000,0.0000,0.0000,0.0000
1363501,50.0000,50.0000,50.0000,0.00000,0.00000,-0.00000,0.00000,0.00000,0.0000,0.0,48.0000,0.0000,0.0000,0.0000
1364001,50.0000,50.0000,50.0000,0.00000,0.00000,-0.00000,0.00000,0.00000,0.0000,0.0,48.0000,0.0000,0.0000,0.0000
1364501,50.0000,50.0000,50.0000,0.00000,0.00000,-0.00000,0.00000,0.00000,0.0000,0.0,48.0000,0.0000,0.0000,0.0000
1365001,50.0000,50.0000,50.0000,0.00000,0.00000,-0.00000,0.00000,0.00000,0.0000,0.0,48.0000,0.0000,0.0000,0.0000
1365501,50.0000,50.0000,50.0000,0.00000,0.00000,-0.00000,0.00000,0.00000,0.0000,0.0,48.0000,0.0000,0.0000,0.0000
1366001,50.0000,50.0000,50.0000,0.00000,0.00000,-0.00000,0.00000,0.00000,0.0000,0.0,48.0000,0.0000,0.0000,0.0000
1366501,50.0000,50.0000,50.0000,0.00000,0.00000,-0.00000,0.00000,0.00000,0.0000,0.0,48.0000,0.0000,0.0000,0.0000
1367001,50.0000,50.0000,50.0000,0.00000,0.00000,-0.00000,0.00000,0.00000,0.0000,0.0,48.0000,0.0000,0.0000,0.0000
1367501,50.0000,50.0000,50.0000,0.00000,0.00000,-0.00000,0.00000,0.00000,0.0000,0.0,48.0000,0.0000,0.0000,0.0000
1368001,50.0000,50.0000,50.0000,0.00000,0.00000,-0.00000,0.00000,0.00000,0.0000,0.0,48.0000,0.0000,0.0000,0.0000
1368501,50.0000,50.0000,50.0000,0.00000,0.00000,-0.00000,0.00000,0.00000,0.0000,0.0,48.0000,0.0000,0.0000,0.0000
1369001,50.0000,50.0000,50.0000,0.00000,0.00000,-0.00000,0.00000,0.00000,0.0000,0.0,48.0000,0.0000,0.0000,0.0000
1369501,50.0000,50.0000,50.0000,0.00000,0.00000,-0.00000,0.00000,0.00000,0.0000,0.0,48.0000,0.0000,0.0000,0.0000
1370001,50.0000,50.0000,50.0000,0.00000,0.00000,-0.00000,0.00000,0.00000,0.0000,0.0,48.0000,0.0000,0.0000,0.0000
1370501,50.0000,50.0000,50.0000,0.00000,0.00000,-0.00000,0.00000,0.00000,0.0000,0.0,48.0000,0.0000,0.0000,0.0000
1371001,50.0000,50.0000,50.0000,0.00000,0.00000,-0.00000,0.00000,0.00000,0.0000,0.0,48.0000,0.0000,0.0000,0.0000
1371501,50.0000,50.0000,50.0000,0.00000,0.00000,-0.00000,0.00000,0.00000,0.0000,0.0,48.0000,0.0000,0.0000,0.0000
1372001,50.0000,50.0000,50.0000,0.00000,0.00000,-0.00000,0.00000,0.00000,0.0000,0.0,48.0000,0.0000,0.0000,0.0000
1372501,50.0000,50.0000,50.0000,0.00000,0.00000,-0.00000,0.00000,0.00000,0.0000,0.0,48.0000,0.0000,0.0000,0.0000
1373001,50.0000,50.0000,50.0000,0.00000,0.00000,-0.00000,0.00000,0.00000,0.0000,0.0,48.0000,0.0000,0.0000,0.0000
1373501,50.0000,50.0000,50.0000,0.00000,0.00000,-0.00000,0.00000,0.00000,0.0000,0.0,48.0000,0.0000,0.0000,0.0000
1374001,50.0000,50.0000,50.0000,0.00000,0.00000,-0.00000,0.00000,0.00000,0.0000,0.0,48.0000,0.0000,0.0000,0.0000
1374501,50.0000,50.0000,50.0000,0.00000,0.00000,-0.00000,0.00000,0.00000,0.0000,0.0,48.0000,0.0000,0.0000,0.0000
1375001,50.0000,50.0000,50.0000,0.00000,0.00000,-0.00000,0.00000,0.00000,0.0000,0.0,48.0000,0.0000,0.0000,0.0000
1375501,50.0000,50.0000,50.0000,0.00000,0.00000,-0.00000,0.00000,0.00000,0.0000,0.0,48.0000,0.0000,0.0000,0.0000
1376001,50.0000,50.0000,50.0000,0.00000,0.00000,-0.00000,0.00000,0.00000,0.0000,0.0,48.0000,0.0000,0.0000,0.0000
1376501,50.0000,50.0000,50.0000,0.00000,0.00000,-0.00000,0.00000,0.00000,0.0000,0.0,48.0000,0.0000,0.0000,0.0000
1377001,50.0000,50.0000,50.0000,0.00000,0.00000,-0.00000,0.00000,0.00000,0.0000,0.0,48.0000,0.0000,0.0000,0.0000
1377501,50.0000,50.0000,50.0000,0.00000,0.00000,-0.00000,0.00000,0.00000,0.0000,0.0,48.0000,0.0000,0.0000,0.0000
1378001,50.0000,50.0000,50.0000,0.00000,0.00000,-0.00000,0.00000,0.00000,0.0000,0.0,48.0000,0.0000,0.0000,0.0000
1378501,50.0000,50.0000,50.0000,0.00000,0.00000,-0.00000,0.00000,0.00000,0.0000,0.0,48.0000,0.0000,0.0000,0.0000
1379001,50.0000,50.0000,50.0000,0.00000,0.00000,-0.00000,0.00000,0.00000,0.0000,0.0,48.0000,0.0000,0.0000,0.0000
1379501,50.0000,50.0000,50.0000,0.00000,0.00000,-0.00000,0.00000,0.00000,0.0000,0.0,48.0000,0.0000,0.0000,0.0000
1380001,50.0000,50.0000,50.0000,0.00000,0.00000,-0.00000,0.00000,0.00000,0.0000,0.0,48.0000,0.0000,0.0000,0.0000
1380501,50.0000,50.0000,50.0000,0.00000,0.00000,-0.00000,0.00000,0.00000,0.0000,0.0,48.0000,0.0000,0.0000,0.0000
1381001,50.0000,50.0000,50.0000,0.00000,0.00000,-0.00000,0.00000,0.00000,0.0000,0.0,48.0000,0.0000,0.0000,0.0000
1381501,50.0000,50.0000,50.0000,0.00000,0.00000,-0.00000,0.00000,0.00000,0.0000,0.0,48.0000,0.0000,0.0000,0.0000
1382001,50.0000,50.0000,50.0000,0.00000,0.00000,-0.00000,0.00000,0.00000,0.0000,0.0,48.0000,0.0000,0.0000,0.0000
1382501,50.0000,50.0000,50.0000,0.00000,0.00000,-0.00000,0.00000,0.00000,0.0000,0.0,48.0000,0.0000,0.0000,0.0000
1383001,50.0000,50.0000,50.0000,0.00000,0.00000,-0.00000,0.00000,0.00000,0.0000,0.0,48.0000,0.0000,0.0000,0.0000
1383501,50.0000,50.0000,50.0000,0.00000,0.00000,-0.00000,0.00000,0.00000,0.0000,0.0,48.0000,0.0000,0.0000,0.0000
1384001,50.0000,50.0000,50.0000,0.00000,0.00000,-0.00000,0.00000,0.00000,0.0000,0.0,48.0000,0.0000,0.0000,0.0000
1384501,50.0000,50.0000,50.0000,0.00000,0.00000,-0.00000,0.00000,0.00000,0.0000,0.0,48.0000,0.0000,0.0000,0.0000
1385001,50.0000,50.0000,50.0000,0.00000,0.00000,-0.00000,0.00000,0.00000,0.0000,0.0,48.0000,0.0000,0.0000,0.0000
1385501,50.0000,50.0000,50.0000,0.00000,0.00000,-0.00000,0.00000,0.00000,0.0000,0.0,48.0000,0.0000,0.0000,0.0000
1386001,50.0000,50.0000,50.0000,0.00000,0.00000,-0.00000,0.00000,0.00000,0.0000,0.0,48.0000,0.0000,0.0000,0.0000
1386501,50.0000,50.0000,50.0000,0.00000,0.00000,-0.00000,0.00000,0.00000,0.0000,0.0,48.0000,0.0000,0.0000,0.0000
1387001,50.0000,50.0000,50.0000,0.00000,0.00000,-0.00000,0.00000,0.00000,0.0000,0.0,48.0000,0.0000,0.0000,0.0000
1387501,50.0000,50.0000,50.0000,0.00000,0.00000,-0.00000,0.00000,0.00000,0.0000,0.0,48.0000,0.0000,0.0000,0.0000
1388001,50.0000,50.0000,50.0000,0.00000,0.00000,-0.00000,0.00000,0.00000,0.0000,0.0,48.0000,0.0000,0.0000,0.0000
1388501,50.0000,50.0000,50.0000,0.00000,0.00000,-0.00000,0.00000,0.00000,0.0000,0.0,48.0000,0.0000,0.0000,0.0000
1389001,50.0000,50.0000,50.0000,0.00000,0.00000,-0.00000,0.00000,0.00000,0.0000,0.0,48.0000,0.0000,0.0000,0.0000
1389501,50.0000,50.0000,50.0000,0.00000,0.00000,-0.00000,0.00000,0.00000,0.0000,0.0,48.0000,0.0000,0.0000,0.0000
1390001,50.0000,50.0000,50.0000,0.00000,0.00000,-0.00000,0.00000,0.00000,0.0000,0.0,48.0000,0.0000,0.0000,0.0000
1390501,50.0000,50.0000,50.0000,0.00000,0.00000,-0.00000,0.00000,0.00000,0.0000,0.0,48.0000,0.0000,0.0000,0.0000
1391001,50.0000,50.0000,50.0000,0.00000,0.00000,-0.00000,0.00000,0.00000,0.0000,0.0,48.0000,0.0000,0.0000,0.0000
1391501,50.0000,50.0000,50.0000,0.00000,0.00000,-0.00000,0.00000,0.00000,0.0000,0.0,48.0000,0.0000,0.0000,0.0000
1392001,50.0000,50.0000,50.0000,0.00000,0.00000,-0.00000,0.00000,0.00000,0.0000,0.0,48.0000,0.0000,0.0000,0.0000
1392501,50.0000,50.0000,50.0000,0.00000,0.00000,-0.00000,0.00000,0.00000,0.0000,0.0,48.0000,0.0000,0.0000,0.0000
1393001,50.0000,50.0000,50.0000,0.00000,0.00000,-0.00000,0.00000,0.00000,0.0000,0.0,48.0000,0.0000,0.0000,0.0000
1393501,50.0000,50.0000,50.0000,0.00000,0.00000,-0.00000,0.00000,0.00000,0.0000,0.0,48.0000,0.0000,0.0000,0.0000
1394001,50.0000,50.0000,50.0000,0.00000,0.00000,-0.00000,0.00000,0.00000,0.0000,0.0,48.0000,0.0000,0.0000,0.0000
1394501,50.0000,50.0000,50.0000,0.00000,0.00000,-0.00000,0.00000,0.00000,0.0000,0.0,48.0000,0.0000,0.0000,0.0000
1395001,50.0000,50.0000,50.0000,0.00000,0.00000,-0.00000,0.00000,0.00000,0.0000,0.0,48.0000,0.0000,0.0000,0.0000
1395501,50.0000,50.0000,50.0000,0.00000,0.00000,-0.00000,0.00000,0.00000,0.0000,0.0,48.0000,0.0000,0.0000,0.0000
1396001,50.0000,50.0000,50.0000,0.00000,0.00000,-0.00000,0.00000,0.00000,0.0000,0.0,48.0000,0.0000,0.0000,0.0000
1396501,50.0000,50.0000,50.0000,0.00000,0.00000,-0.00000,0.00000,0.00000,0.0000,0.0,48.0000,0.0000,0.0000,0.0000
1397001,50.0000,50.0000,50.0000,0.00000,0.00000,-0.00000,0.00000,0.00000,0.0000,0.0,48.0000,0.0000,0.0000,0.0000
1397501,50.0000,50.0000,50.0000,0.00000,0.00000,-0.00000,0.00000,0.00000,0.0000,0.0,48.0000,0.0000,0.0000,0.0000
1398001,50.0000,50.0000,50.0000,0.00000,0.00000,-0.00000,0.00000,0.00000,0.0000,0.0,48.0000,0.0000,0.0000,0.0000
1398501,50.0000,50.0000,50.0000,0.00000,0.00000,-0.00000,0.00000,0.00000,0.0000,0.0,48.0000,0.0000,0.0000,0.0000
1399001,50.0000,50.0000,50.0000,0.00000,0.00000,-0.00000,0.00000,0.00000,0.0000,0.0,48.0000,0.0000,0.0000,0.0000
1399501,50.0000,50.0000,50.0000,0.00000,0.00000,-0.00000,0.00000,0.00000,0.0000,0.0,48.0000,0.0000,0.0000,0.0000
1400001,50.0000,50.0000,50.0000,0.00000,0.00000,-0.00000,0.00000,0.00000,0.0000,0.0,48.0000,0.0000,0.0000,0.0000
1400501,50.0000,50.0000,50.0000,0.00000,0.00000,-0.00000,0.00000,0.00000,0.0000,0.0,48.0000,0.0000,0.0000,0.0000
1401001,50.0000,50.0000,50.0000,0.00000,0.00000,-0.00000,0.00000,0.00000,0.0000,0.0,48.0000,0.0000,0.0000,0.0000
1401501,50.0000,50.0000,50.0000,0.00000,0.00000,-0.00000,0.00000,0.00000,0.0000,0.0,48.0000,0.0000,0.0000,0.0000
1402001,50.0000,50.0000,50.0000,0.00000,0.00000,-0.00000,0.00000,0.00000,0.0000,0.0,48.0000,0.0000,0.0000,0.0000
1402501,50.0000,50.0000,50.0000,0.00000,0.00000,-0.00000,0.00000,0.00000,0.0000,0.0,48.0000,0.0000,0.0000,0.0000
1403001,50.0000,50.0000,50.0000,0.00000,0.00000,-0.00000,0.00000,0.00000,0.0000,0.0,48.0000,0.0000,0.0000,0.0000
1403501,50.0000,50.0000,50.0000,0.00000,0.00000,-0.00000,0.00000,0.00000,0.0000,0.0,48.0000,0.0000,0.0000,0.0000
1404001,50.0000,50.0000,50.0000,0.00000,0.00000,-0.00000,0.00000,0.00000,0.0000,0.0,48.0000,0.0000,0.0000,0.0000
1404501,50.0000,50.0000,50.0000,0.00000,0.00000,-0.00000,0.00000,0.00000,0.0000,0.0,48.0000,0.0000,0.0000,0.0000
1405001,50.0000,50.0000,50.0000,0.00000,0.00000,-0.00000,0.00000,0.00000,0.0000,0.0,48.0000,0.0000,0.0000,0.0000
1405501,50.0000,50.0000,50.0000,0.00000,0.00000,-0.00000,0.00000,0.00000,0.0000,0.0,48.0000,0.0000,0.0000,0.0000
1406001,50.0000,50.0000,50.0000,0.00000,0.00000,-0.00000,0.00000,0.00000,0.0000,0.0,48.0000,0.0000,0.0000,0.0000
1406501,50.0000,50.0000,50.0000,0.00000,0.00000,-0.00000,0.00000,0.00000,0.0000,0.0,48.0000,0.0000,0.0000,0.0000
1407001,50.0000,50.0000,50.0000,0.00000,0.00000,-0.00000,0.00000,0.00000,0.0000,0.0,48.0000,0.0000,0.0000,0.0000
1407501,50.0000,50.0000,50.0000,0.00000,0.00000,-0.00000,0.00000,0.00000,0.0000,0.0,48.0000,0.0000,0.0000,0.0000
1408001,50.0000,50.0000,50.0000,0.00000,0.00000,-0.00000,0.00000,0.00000,0.0000,0.0,48.0000,0.0000,0.0000,0.0000
1408501,50.0000,50.0000,50.0000,0.00000,0.00000,-0.00000,0.00000,0.00000,0.0000,0.0,48.0000,0.0000,0.0000,0.0000
1409001,50.0000,50.0000,50.0000,0.00000,0.00000,-0.00000,0.00000,0.00000,0.0000,0.0,48.0000,0.0000,0.0000,0.0000
1409501,50.0000,50.0000,50.0000,0.00000,0.00000,-0.00000,0.00000,0.00000,0.0000,0.0,48.0000,0.0000,0.0000,0.0000
1410001,50.0000,50.0000,50.0000,0.00000,0.00000,-0.00000,0.00000,0.00000,0.0000,0.0,48.0000,0.0000,0.0000,0.0000
1410501,50.0000,50.0000,50.0000,0.00000,0.00000,-0.00000,0.00000,0.00000,0.0000,0.0,48.0000,0.0000,0.0000,0.0000
1411001,50.0000,50.0000,50.0000,0.00000,0.00000,-0.00000,0.00000,0.00000,0.0000,0.0,48.0000,0.0000,0.0000,0.0000
1411501,50.0000,50.0000,50.0000,0.00000,0.00000,-0.00000,0.00000,0.00000,0.0000,0.0,48.0000,0.0000,0.0000,0.0000
1412001,50.0000,50.0000,50.0000,0.00000,0.00000,-0.00000,0.00000,0.00000,0.0000,0.0,48.0000,0.0000,0.0000,0.0000
1412501,50.0000,50.0000,50.0000,0.00000,0.00000,-0.00000,0.00000,0.00000,0.0000,0.0,48.0000,0.0000,0.0000,0.0000
1413001,50.0000,50.0000,50.0000,0.00000,0.00000,-0.00000,0.00000,0.00000,0.0000,0.0,48.0000,0.0000,0.0000,0.0000
1413501,50.0000,50.0000,50.0000,0.00000,0.00000,-0.00000,0.00000,0.00000,0.0000,0.0,48.0000,0.0000,0.0000,0.0000
1414001,50.0000,50.0000,50.0000,0.00000,0.00000,-0.00000,0.00000,0.00000,0.0000,0.0,48.0000,0.0000,0.0000,0.0000
1414501,50.0000,50.0000,50.0000,0.00000,0.00000,-0.00000,0.00000,0.00000,0.0000,0.0,48.0000,0.0000,0.0000,0.0000
1415001,50.0000,50.0000,50.0000,0.00000,0.00000,-0.00000,0.00000,0.00000,0.0000,0.0,48.0000,0.0000,0.0000,0.0000
1415501,50.0000,50.0000,50.0000,0.00000,0.00000,-0.00000,0.00000,0.00000,0.0000,0.0,48.0000,0.0000,0.0000,0.0000
1416001,50.0000,50.0000,50.0000,0.00000,0.00000,-0.00000,0.00000,0.00000,0.0000,0.0,48.0000,0.0000,0.0000,0.0000
1416501,50.0000,50.0000,50.0000,0.00000,0.00000,-0.00000,0.00000,0.00000,0.0000,0.0,48.0000,0.0000,0.0000,0.0000
1417001,50.0000,50.0000,50.0000,0.00000,0.00000,-0.00000,0.00000,0.00000,0.0000,0.0,48.0000,0.0000,0.0000,0.0000
1417501,50.0000,50.0000,50.0000,0.00000,0.00000,-0.00000,0.00000,0.00000,0.0000,0.0,48.0000,0.0000,0.0000,0.0000
1418001,50.0000,50.0000,50.0000,0.00000,0.00000,-0.00000,0.00000,0.00000,0.0000,0.0,48.0000,0.0000,0.0000,0.0000
1418501,50.0000,50.0000,50.0000,0.00000,0.00000,-0.00000,0.00000,0.00000,0.0000,0.0,48.0000,0.0000,0.0000,0.0000
1419001,50.0000,50.0000,50.0000,0.00000,0.00000,-0.00000,0.00000,0.00000,0.0000,0.0,48.0000,0.0000,0.0000,0.0000
1419501,50.0000,50.0000,50.0000,0.00000,0.00000,-0.00000,0.00000,0.00000,0.0000,0.0,48.0000,0.0000,0.0000,0.0000
1420001,50.0000,50.0000,50.0000,0.00000,0.00000,-0.00000,0.00000,0.00000,0.0000,0.0,48.0000,0.0000,0.0000,0.0000
1420501,50.0000,50.0000,50.0000,0.00000,0.00000,-0.00000,0.00000,0.00000,0.0000,0.0,48.0000,0.0000,0.0000,0.0000
1421001,50.0000,50.0000,50.0000,0.00000,0.00000,-0.00000,0.00000,0.00000,0.0000,0.0,48.0000,0.0000,0.0000,0.0000
1421501,50.0000,50.0000,50.0000,0.00000,0.00000,-0.00000,0.00000,0.00000,0.0000,0.0,48.0000,0.0000,0.0000,0.0000
1422001,50.0000,50.0000,50.0000,0.00000,0.00000,-0.00000,0.00000,0.00000,0.0000,0.0,48.0000,0.0000,0.0000,0.0000
1422501,50.0000,50.0000,50.0000,0.00000,0.00000,-0.00000,0.00000,0.00000,0.0000,0.0,48.0000,0.0000,0.0000,0.0000
1423001,50.0000,50.0000,50.0000,0.00000,0.00000,-0.00000,0.00000,0.00000,0.0000,0.0,48.0000,0.0000,0.0000,0.0000
1423501,50.0000,50.0000,50.0000,0.00000,0.00000,-0.00000,0.00000,0.00000,0.0000,0.0,48.0000,0.0000,0.0000,0.0000
1424001,50.0000,50.0000,50.0000,0.00000,0.00000,-0.00000,0.00000,0.00000,0.0000,0.0,48.0000,0.0000,0.0000,0.0000
1424501,50.0000,50.0000,50.0000,0.00000,0.00000,-0.00000,0.00000,0.00000,0.0000,0.0,48.0000,0.0000,0.0000,0.0000
1425001,50.0000,50.0000,50.0000,0.00000,0.00000,-0.00000,0.00000,0.00000,0.0000,0.0,48.0000,0.0000,0.0000,0.0000
1425501,50.0000,50.0000,50.0000,0.00000,0.00000,-0.00000,0.00000,0.00000,0.0000,0.0,48.0000,0.0000,0.0000,0.0000
1426001,50.0000,50.0000,50.0000,0.00000,0.00000,-0.00000,0.00000,0.00000,0.0000,0.0,48.0000,0.0000,0.0000,0.0000
1426501,50.0000,50.0000,50.0000,0.00000,0.00000,-0.00000,0.00000,0.00000,0.0000,0.0,48.0000,0.0000,0.0000,0.0000
1427001,50.0000,50.0000,50.0000,0.00000,0.00000,-0.00000,0.00000,0.00000,0.0000,0.0,48.0000,0.0000,0.0000,0.0000
1427501,50.0000,50.0000,50.0000,0.00000,0.00000,-0.00000,0.00000,0.00000,0.0000,0.0,48.0000,0.0000,0.0000,0.0000
1428001,50.0000,50.0000,50.0000,0.00000,0.00000,-0.00000,0.00000,0.00000,0.0000,0.0,48.0000,0.0000,0.0000,0.0000
1428501,50.0000,50.0000,50.0000,0.00000,0.00000,-0.00000,0.00000,0.00000,0.0000,0.0,48.0000,0.0000,0.0000,0.0000
1429001,50.0000,50.0000,50.0000,0.00000,0.00000,-0.00000,0.00000,0.00000,0.0000,0.0,48.0000,0.0000,0.0000,0.0000
1429501,50.0000,50.0000,50.0000,0.00000,0.00000,-0.00000,0.00000,0.00000,0.0000,0.0,48.0000,0.0000,0.0000,0.0000
1430001,50.0000,50.0000,50.0000,0.00000,0.00000,-0.00000,0.00000,0.00000,0.0000,0.0,48.0000,0.0000,0.0000,0.0000
1430501,50.0000,50.0000,50.0000,0.00000,0.00000,-0.00000,0.00000,0.00000,0.0000,0.0,48.0000,0.0000,0.0000,0.0000
1431001,50.0000,50.0000,50.0000,0.00000,0.00000,-0.00000,0.00000,0.00000,0.0000,0.0,48.0000,0.0000,0.0000,0.0000
1431501,50.0000,50.0000,50.0000,0.00000,0.00000,-0.00000,0.00000,0.00000,0.0000,0.0,48.0000,0.0000,0.0000,0.0000
1432001,50.0000,50.0000,50.0000,0.00000,0.00000,-0.00000,0.00000,0.00000,0.0000,0.0,48.0000,0.0000,0.0000,0.0000
1432501,50.0000,50.0000,50.0000,0.00000,0.00000,-0.00000,0.00000,0.00000,0.0000,0.0,48.0000,0.0000,0.0000,0.0000
1433001,50.0000,50.0000,50.0000,0.00000,0.00000,-0.00000,0.00000,0.00000,0.0000,0.0,48.0000,0.0000,0.0000,0.0000
1433501,50.0000,50.0000,50.0000,0.00000,0.00000,-0.00000,0.00000,0.00000,0.0000,0.0,48.0000,0.0000,0.0000,0.0000
1434001,50.0000,50.0000,50.0000,0.00000,0.00000,-0.00000,0.00000,0.00000,0.0000,0.0,48.0000,0.0000,0.0000,0.0000
1434501,50.0000,50.0000,50.0000,0.00000,0.00000,-0.00000,0.00000,0.00000,0.0000,0.0,48.0000,0.0000,0.0000,0.0000
1435001,50.0000,50.0000,50.0000,0.00000,0.00000,-0.00000,0.00000,0.00000,0.0000,0.0,48.0000,0.0000,0.0000,0.0000
1435501,50.0000,50.0000,50.0000,0.00000,0.00000,-0.00000,0.00000,0.00000,0.0000,0.0,48.0000,0.0000,0.0000,0.0000
1436001,50.0000,50.0000,50.0000,0.00000,0.00000,-0.00000,0.00000,0.00000,0.0000,0.0,48.0000,0.0000,0.0000,0.0000
1436501,50.0000,50.0000,50.0000,0.00000,0.00000,-0.00000,0.00000,0.00000,0.0000,0.0,48.0000,0.0000,0.0000,0.0000
1437001,50.0000,50.0000,50.0000,0.00000,0.00000,-0.00000,0.00000,0.00000,0.0000,0.0,48.0000,0.0000,0.0000,0.0000
1437501,50.0000,50.0000,50.0000,0.00000,0.00000,-0.00000,0.00000,0.00000,0.0000,0.0,48.0000,0.0000,0.0000,0.0000
1438001,50.0000,50.0000,50.0000,0.00000,0.00000,-0.00000,0.00000,0.00000,0.0000,0.0,48.0000,0.0000,0.0000,0.0000
1438501,50.0000,50.0000,50.0000,0.00000,0.00000,-0.00000,0.00000,0.00000,0.0000,0.0,48.0000,0.0000,0.0000,0.0000
1439001,50.0000,50.0000,50.0000,0.00000,0.00000,-0.00000,0.00000,0.00000,0.0000,0.0,48.0000,0.0000,0.0000,0.0000
1439501,50.0000,50.0000,50.0000,0.00000,0.00000,-0.00000,0.00000,0.00000,0.0000,0.0,48.0000,0.0000,0.0000,0.0000
1440001,50.0000,50.0000,50.0000,0.00000,0.00000,-0.00000,0.00000,0.00000,0.0000,0.0,48.0000,0.0000,0.0000,0.0000
1440501,50.0000,50.0000,50.0000,0.00000,0.00000,-0.00000,0.00000,0.00000,0.0000,0.0,48.0000,0.0000,0.0000,0.0000
1441001,50.0000,50.0000,50.0000,0.00000,0.00000,-0.00000,0.00000,0.00000,0.0000,0.0,48.0000,0.0000,0.0000,0.0000
1441501,50.0000,50.0000,50.0000,0.00000,0.00000,-0.00000,0.00000,0.00000,0.0000,0.0,48.0000,0.0000,0.0000,0.0000
1442001,50.0000,50.0000,50.0000,0.00000,0.00000,-0.00000,0.00000,0.00000,0.0000,0.0,48.0000,0.0000,0.0000,0.0000
1442501,50.0000,50.0000,50.0000,0.00000,0.00000,-0.00000,0.00000,0.00000,0.0000,0.0,48.0000,0.0000,0.0000,0.0000
1443001,50.0000,50.0000,50.0000,0.00000,0.00000,-0.00000,0.00000,0.00000,0.0000,0.0,48.0000,0.0000,0.0000,0.0000
1443501,50.0000,50.0000,50.0000,0.00000,0.00000,-0.00000,0.00000,0.00000,0.0000,0.0,48.0000,0.0000,0.0000,0.0000
1444001,50.0000,50.0000,50.0000,0.00000,0.00000,-0.00000,0.00000,0.00000,0.0000,0.0,48.0000,0.0000,0.0000,0.0000
1444501,50.0000,50.0000,50.0000,0.00000,0.00000,-0.00000,0.00000,0.00000,0.0000,0.0,48.0000,0.0000,0.0000,0.0000
1445001,50.0000,50.0000,50.0000,0.00000,0.00000,-0.00000,0.00000,0.00000,0.0000,0.0,48.0000,0.0000,0.0000,0.0000
1445501,50.0000,50.0000,50.0000,0.00000,0.00000,-0.00000,0.00000,0.00000,0.0000,0.0,48.0000,0.0000,0.0000,0.0000
1446001,50.0000,50.0000,50.0000,0.00000,0.00000,-0.00000,0.00000,0.00000,0.0000,0.0,48.0000,0.0000,0.0000,0.0000
1446501,50.0000,50.0000,50.0000,0.00000,0.00000,-0.00000,0.00000,0.00000,0.0000,0.0,48.0000,0.0000,0.0000,0.0000
1447001,50.0000,50.0000,50.0000,0.00000,0.00000,-0.00000,0.00000,0.00000,0.0000,0.0,48.0000,0.0000,0.0000,0.0000
1447501,50.0000,50.0000,50.0000,0.00000,0.00000,-0.00000,0.00000,0.00000,0.0000,0.0,48.0000,0.0000,0.0000,0.0000
1448001,50.0000,50.0000,50.0000,0.00000,0.00000,-0.00000,0.00000,0.00000,0.0000,0.0,48.0000,0.0000,0.0000,0.0000
1448501,50.0000,50.0000,50.0000,0.00000,0.00000,-0.00000,0.00000,0.00000,0.0000,0.0,48.0000,0.0000,0.0000,0.0000
1449001,50.0000,50.0000,50.0000,0.00000,0.00000,-0.00000,0.00000,0.00000,0.0000,0.0,48.0000,0.0000,0.0000,0.0000
1449501,50.0000,50.0000,50.0000,0.00000,0.00000,-0.00000,0.00000,0.00000,0.0000,0.0,48.0000,0.0000,0.0000,0.0000
1450001,50.0000,50.0000,50.0000,0.00000,0.00000,-0.00000,0.00000,0.00000,0.0000,0.0,48.0000,0.0000,0.0000,0.0000
1450501,50.0000,50.0000,50.0000,0.00000,0.00000,-0.00000,0.00000,0.00000,0.0000,0.0,48.0000,0.0000,0.0000,0.0000
1451001,50.0000,50.0000,50.0000,0.00000,0.00000,-0.00000,0.00000,0.00000,0.0000,0.0,48.0000,0.0000,0.0000,0.0000
1451501,50.0000,50.0000,50.0000,0.00000,0.00000,-0.00000,0.00000,0.00000,0.0000,0.0,48.0000,0.0000,0.0000,0.0000
1452001,50.0000,50.0000,50.0000,0.00000,0.00000,-0.00000,0.00000,0.00000,0.0000,0.0,48.0000,0.0000,0.0000,0.0000
1452501,50.0000,50.0000,50.0000,0.00000,0.00000,-0.00000,0.00000,0.00000,0.0000,0.0,48.0000,0.0000,0.0000,0.0000
1453001,50.0000,50.0000,50.0000,0.00000,0.00000,-0.00000,0.00000,0.00000,0.0000,0.0,48.0000,0.0000,0.0000,0.0000
1453501,50.0000,50.0000,50.0000,0.00000,0.00000,-0.00000,0.00000,0.00000,0.0000,0.0,48.0000,0.0000,0.0000,0.0000
1454001,50.0000,50.0000,50.0000,0.00000,0.00000,-0.00000,0.00000,0.00000,0.0000,0.0,48.0000,0.0000,0.0000,0.0000
1454501,50.0000,50.0000,50.0000,0.00000,0.00000,-0.00000,0.00000,0.00000,0.0000,0.0,48.0000,0.0000,0.0000,0.0000
1455001,50.0000,50.0000,50.0000,0.00000,0.00000,-0.00000,0.00000,0.00000,0.0000,0.0,48.0000,0.0000,0.0000,0.0000
1455501,50.0000,50.0000,50.0000,0.00000,0.00000,-0.00000,0.00000,0.00000,0.0000,0.0,48.0000,0.0000,0.0000,0.0000
1456001,50.0000,50.0000,50.0000,0.00000,0.00000,-0.00000,0.00000,0.00000,0.0000,0.0,48.0000,0.0000,0.0000,0.0000
1456501,50.0000,50.0000,50.0000,0.00000,0.00000,-0.00000,0.00000,0.00000,0.0000,0.0,48.0000,0.0000,0.0000,0.0000
1457001,50.0000,50.0000,50.0000,0.00000,0.00000,-0.00000,0.00000,0.00000,0.0000,0.0,48.0000,0.0000,0.0000,0.0000
1457501,50.0000,50.0000,50.0000,0.00000,0.00000,-0.00000,0.00000,0.00000,0.0000,0.0,48.0000,0.0000,0.0000,0.0000
1458001,50.0000,50.0000,50.0000,0.00000,0.00000,-0.00000,0.00000,0.00000,0.0000,0.0,48.0000,0.0000,0.0000,0.0000
1458501,50.0000,50.0000,50.0000,0.00000,0.00000,-0.00000,0.00000,0.00000,0.0000,0.0,48.0000,0.0000,0.0000,0.0000
1459001,50.0000,50.0000,50.0000,0.00000,0.00000,-0.00000,0.00000,0.00000,0.0000,0.0,48.0000,0.0000,0.0000,0.0000
1459501,50.0000,50.0000,50.0000,0.00000,0.00000,-0.00000,0.00000,0.00000,0.0000,0.0,48.0000,0.0000,0.0000,0.0000
1460001,50.0000,50.0000,50.0000,0.00000,0.00000,-0.00000,0.00000,0.00000,0.0000,0.0,48.0000,0.0000,0.0000,0.0000
1460501,50.0000,50.0000,50.0000,0.00000,0.00000,-0.00000,0.00000,0.00000,0.0000,0.0,48.0000,0.0000,0.0000,0.0000
1461001,50.0000,50.0000,50.0000,0.00000,0.00000,-0.00000,0.00000,0.00000,0.0000,0.0,48.0000,0.0000,0.0000,0.0000
1461501,50.0000,50.0000,50.0000,0.00000,0.00000,-0.00000,0.00000,0.00000,0.0000,0.0,48.0000,0.0000,0.0000,0.0000
1462001,50.0000,50.0000,50.0000,0.00000,0.00000,-0.00000,0.00000,0.00000,0.0000,0.0,48.0000,0.0000,0.0000,0.0000
1462501,50.0000,50.0000,50.0000,0.00000,0.00000,-0.00000,0.00000,0.00000,0.0000,0.0,48.0000,0.0000,0.0000,0.0000
1463001,50.0000,50.0000,50.0000,0.00000,0.00000,-0.00000,0.00000,0.00000,0.0000,0.0,48.0000,0.0000,0.0000,0.0000
1463501,50.0000,50.0000,50.0000,0.00000,0.00000,-0.00000,0.00000,0.00000,0.0000,0.0,48.0000,0.0000,0.0000,0.0000
1464001,50.0000,50.0000,50.0000,0.00000,0.00000,-0.00000,0.00000,0.00000,0.0000,0.0,48.0000,0.0000,0.0000,0.0000
1464501,50.0000,50.0000,50.0000,0.00000,0.00000,-0.00000,0.00000,0.00000,0.0000,0.0,48.0000,0.0000,0.0000,0.0000
1465001,50.0000,50.0000,50.0000,0.00000,0.00000,-0.00000,0.00000,0.00000,0.0000,0.0,48.0000,0.0000,0.0000,0.0000
1465501,50.0000,50.0000,50.0000,0.00000,0.00000,-0.00000,0.00000,0.00000,0.0000,0.0,48.0000,0.0000,0.0000,0.0000
1466001,50.0000,50.0000,50.0000,0.00000,0.00000,-0.00000,0.00000,0.00000,0.0000,0.0,48.0000,0.0000,0.0000,0.0000
1466501,50.0000,50.0000,50.0000,0.00000,0.00000,-0.00000,0.00000,0.00000,0.0000,0.0,48.0000,0.0000,0.0000,0.0000
1467001,50.0000,50.0000,50.0000,0.00000,0.00000,-0.00000,0.00000,0.00000,0.0000,0.0,48.0000,0.0000,0.0000,0.0000
1467501,50.0000,50.0000,50.0000,0.00000,0.00000,-0.00000,0.00000,0.00000,0.0000,0.0,48.0000,0.0000,0.0000,0.0000
1468001,50.0000,50.0000,50.0000,0.00000,0.00000,-0.00000,0.00000,0.00000,0.0000,0.0,48.0000,0.0000,0.0000,0.0000
1468501,50.0000,50.0000,50.0000,0.00000,0.00000,-0.00000,0.00000,0.00000,0.0000,0.0,48.0000,0.0000,0.0000,0.0000
1469001,50.0000,50.0000,50.0000,0.00000,0.00000,-0.00000,0.00000,0.00000,0.0000,0.0,48.0000,0.0000,0.0000,0.0000
1469501,50.0000,50.0000,50.0000,0.00000,0.00000,-0.00000,0.00000,0.00000,0.0000,0.0,48.0000,0.0000,0.0000,0.0000
1470001,50.0000,50.0000,50.0000,0.00000,0.00000,-0.00000,0.00000,0.00000,0.0000,0.0,48.0000,0.0000,0.0000,0.0000
1470501,50.0000,50.0000,50.0000,0.00000,0.00000,-0.00000,0.00000,0.00000,0.0000,0.0,48.0000,0.0000,0.0000,0.0000
1471001,50.0000,50.0000,50.0000,0.00000,0.00000,-0.00000,0.00000,0.00000,0.0000,0.0,48.0000,0.0000,0.0000,0.0000
1471501,50.0000,50.0000,50.0000,0.00000,0.00000,-0.00000,0.00000,0.00000,0.0000,0.0,48.0000,0.0000,0.0000,0.0000
1472001,50.0000,50.0000,50.0000,0.00000,0.00000,-0.00000,0.00000,0.00000,0.0000,0.0,48.0000,0.0000,0.0000,0.0000
1472501,50.0000,50.0000,50.0000,0.00000,0.00000,-0.00000,0.00000,0.00000,0.0000,0.0,48.0000,0.0000,0.0000,0.0000
1473001,50.0000,50.0000,50.0000,0.00000,0.00000,-0.00000,0.00000,0.00000,0.0000,0.0,48.0000,0.0000,0.0000,0.0000
1473501,50.0000,50.0000,50.0000,0.00000,0.00000,-0.00000,0.00000,0.00000,0.0000,0.0,48.0000,0.0000,0.0000,0.0000
1474001,50.0000,50.0000,50.0000,0.00000,0.00000,-0.00000,0.00000,0.00000,0.0000,0.0,48.0000,0.0000,0.0000,0.0000
1474501,50.0000,50.0000,50.0000,0.00000,0.00000,-0.00000,0.00000,0.00000,0.0000,0.0,48.0000,0.0000,0.0000,0.0000
1475001,50.0000,50.0000,50.0000,0.00000,0.00000,-0.00000,0.00000,0.00000,0.0000,0.0,48.0000,0.0000,0.0000,0.0000
1475501,50.0000,50.0000,50.0000,0.00000,0.00000,-0.00000,0.00000,0.00000,0.0000,0.0,48.0000,0.0000,0.0000,0.0000
1476001,50.0000,50.0000,50.0000,0.00000,0.00000,-0.00000,0.00000,0.00000,0.0000,0.0,48.0000,0.0000,0.0000,0.0000
1476501,50.0000,50.0000,50.0000,0.00000,0.00000,-0.00000,0.00000,0.00000,0.0000,0.0,48.0000,0.0000,0.0000,0.0000
1477001,50.0000,50.0000,50.0000,0.00000,0.00000,-0.00000,0.00000,0.00000,0.0000,0.0,48.0000,0.0000,0.0000,0.0000
1477501,50.0000,50.0000,50.0000,0.00000,0.00000,-0.00000,0.00000,0.00000,0.0000,0.0,48.0000,0.0000,0.0000,0.0000
1478001,50.0000,50.0000,50.0000,0.00000,0.00000,-0.00000,0.00000,0.00000,0.0000,0.0,48.0000,0.0000,0.0000,0.0000
1478501,50.0000,50.0000,50.0000,0.00000,0.00000,-0.00000,0.00000,0.00000,0.0000,0.0,48.0000,0.0000,0.0000,0.0000
1479001,50.0000,50.0000,50.0000,0.00000,0.00000,-0.00000,0.00000,0.00000,0.0000,0.0,48.0000,0.0000,0.0000,0.0000
1479501,50.0000,50.0000,50.0000,0.00000,0.00000,-0.00000,0.00000,0.00000,0.0000,0.0,48.0000,0.0000,0.0000,0.0000
1480001,50.0000,50.0000,50.0000,0.00000,0.00000,-0.00000,0.00000,0.00000,0.0000,0.0,48.0000,0.0000,0.0000,0.0000
1480501,50.0000,50.0000,50.0000,0.00000,0.00000,-0.00000,0.00000,0.00000,0.0000,0.0,48.0000,0.0000,0.0000,0.0000
1481001,50.0000,50.0000,50.0000,0.00000,0.00000,-0.00000,0.00000,0.00000,0.0000,0.0,48.0000,0.0000,0.0000,0.0000
1481501,50.0000,50.0000,50.0000,0.00000,0.00000,-0.00000,0.00000,0.00000,0.0000,0.0,48.0000,0.0000,0.0000,0.0000
1482001,50.0000,50.0000,50.0000,0.00000,0.00000,-0.00000,0.00000,0.00000,0.0000,0.0,48.0000,0.0000,0.0000,0.0000
1482501,50.0000,50.0000,50.0000,0.00000,0.00000,-0.00000,0.00000,0.00000,0.0000,0.0,48.0000,0.0000,0.0000,0.0000
1483001,50.0000,50.0000,50.0000,0.00000,0.00000,-0.00000,0.00000,0.00000,0.0000,0.0,48.0000,0.0000,0.0000,0.0000
1483501,50.0000,50.0000,50.0000,0.00000,0.00000,-0.00000,0.00000,0.00000,0.0000,0.0,48.0000,0.0000,0.0000,0.0000
1484001,50.0000,50.0000,50.0000,0.00000,0.00000,-0.00000,0.00000,0.00000,0.0000,0.0,48.0000,0.0000,0.0000,0.0000
1484501,50.0000,50.0000,50.0000,0.00000,0.00000,-0.00000,0.00000,0.00000,0.0000,0.0,48.0000,0.0000,0.0000,0.0000
1485001,50.0000,50.0000,50.0000,0.00000,0.00000,-0.00000,0.00000,0.00000,0.0000,0.0,48.0000,0.0000,0.0000,0.0000
1485501,50.0000,50.0000,50.0000,0.00000,0.00000,-0.00000,0.00000,0.00000,0.0000,0.0,48.0000,0.0000,0.0000,0.0000
1486001,50.0000,50.0000,50.0000,0.00000,0.00000,-0.00000,0.00000,0.00000,0.0000,0.0,48.0000,0.0000,0.0000,0.0000
1486501,50.0000,50.0000,50.0000,0.00000,0.00000,-0.00000,0.00000,0.00000,0.0000,0.0,48.0000,0.0000,0.0000,0.0000
1487001,50.0000,50.0000,50.0000,0.00000,0.00000,-0.00000,0.00000,0.00000,0.0000,0.0,48.0000,0.0000,0.0000,0.0000
1487501,50.0000,50.0000,50.0000,0.00000,0.00000,-0.00000,0.00000,0.00000,0.0000,0.0,48.0000,0.0000,0.0000,0.0000
1488001,50.0000,50.0000,50.0000,0.00000,0.00000,-0.00000,0.00000,0.00000,0.0000,0.0,48.0000,0.0000,0.0000,0.0000
1488501,50.0000,50.0000,50.0000,0.00000,0.00000,-0.00000,0.00000,0.00000,0.0000,0.0,48.0000,0.0000,0.0000,0.0000
1489001,50.0000,50.0000,50.0000,0.00000,0.00000,-0.00000,0.00000,0.00000,0.0000,0.0,48.0000,0.0000,0.0000,0.0000
1489501,50.0000,50.0000,50.0000,0.00000,0.00000,-0.00000,0.00000,0.00000,0.0000,0.0,48.0000,0.0000,0.0000,0.0000
1490001,50.0000,50.0000,50.0000,0.00000,0.00000,-0.00000,0.00000,0.00000,0.0000,0.0,48.0000,0.0000,0.0000,0.0000
1490501,50.0000,50.0000,50.0000,0.00000,0.00000,-0.00000,0.00000,0.00000,0.0000,0.0,48.0000,0.0000,0.0000,0.0000
1491001,50.0000,50.0000,50.0000,0.00000,0.00000,-0.00000,0.00000,0.00000,0.0000,0.0,48.0000,0.0000,0.0000,0.0000
1491501,50.0000,50.0000,50.0000,0.00000,0.00000,-0.00000,0.00000,0.00000,0.0000,0.0,48.0000,0.0000,0.0000,0.0000
1492001,50.0000,50.0000,50.0000,0.00000,0.00000,-0.00000,0.00000,0.00000,0.0000,0.0,48.0000,0.0000,0.0000,0.0000
1492501,50.0000,50.0000,50.0000,0.00000,0.00000,-0.00000,0.00000,0.00000,0.0000,0.0,48.0000,0.0000,0.0000,0.0000
1493001,50.0000,50.0000,50.0000,0.00000,0.00000,-0.00000,0.00000,0.00000,0.0000,0.0,48.0000,0.0000,0.0000,0.0000
1493501,50.0000,50.0000,50.0000,0.00000,0.00000,-0.00000,0.00000,0.00000,0.0000,0.0,48.0000,0.0000,0.0000,0.0000
1494001,50.0000,50.0000,50.0000,0.00000,0.00000,-0.00000,0.00000,0.00000,0.0000,0.0,48.0000,0.0000,0.0000,0.0000
1494501,50.0000,50.0000,50.0000,0.00000,0.00000,-0.00000,0.00000,0.00000,0.0000,0.0,48.0000,0.0000,0.0000,0.0000
1495001,50.0000,50.0000,50.0000,0.00000,0.00000,-0.00000,0.00000,0.00000,0.0000,0.0,48.0000,0.0000,0.0000,0.0000
1495501,50.0000,50.0000,50.0000,0.00000,0.00000,-0.00000,0.00000,0.00000,0.0000,0.0,48.0000,0.0000,0.0000,0.0000
1496001,50.0000,50.0000,50.0000,0.00000,0.00000,-0.00000,0.00000,0.00000,0.0000,0.0,48.0000,0.0000,0.0000,0.0000
1496501,50.0000,50.0000,50.0000,0.00000,0.00000,-0.00000,0.00000,0.00000,0.0000,0.0,48.0000,0.0000,0.0000,0.0000
1497001,50.0000,50.0000,50.0000,0.00000,0.00000,-0.00000,0.00000,0.00000,0.0000,0.0,48.0000,0.0000,0.0000,0.0000
1497501,50.0000,50.0000,50.0000,0.00000,0.00000,-0.00000,0.00000,0.00000,0.0000,0.0,48.0000,0.0000,0.0000,0.0000
1498001,50.0000,50.0000,50.0000,0.00000,0.00000,-0.00000,0.00000,0.00000,0.0000,0.0,48.0000,0.0000,0.0000,0.0000
1498501,50.0000,50.0000,50.0000,0.00000,0.00000,-0.00000,0.00000,0.00000,0.0000,0.0,48.0000,0.0000,0.0000,0.0000
1499001,50.0000,50.0000,50.0000,0.00000,0.00000,-0.00000,0.00000,0.00000,0.0000,0.0,48.0000,0.0000,0.0000,0.0000
1499501,50.0000,50.0000,50.0000,0.00000,0.00000,-0.00000,0.00000,0.00000,0.0000,0.0,48.0000,0.0000,0.0000,0.0000
1500001,50.0000,50.0000,50.0000,0.00000,0.00000,-0.00000,0.00000,0.00000,0.0000,0.0,48.0000,0.0000,0.0000,0.0000
1500501,50.0000,50.0000,50.0000,0.00000,0.00000,-0.00000,0.00000,0.00000,0.0000,0.0,48.0000,0.0000,0.0000,0.0000
1501001,50.0000,50.0000,50.0000,0.00000,0.00000,-0.00000,0.00000,0.00000,0.0000,0.0,48.0000,0.0000,0.0000,0.0000
1501501,50.0000,50.0000,50.0000,0.00000,0.00000,-0.00000,0.00000,0.00000,0.0000,0.0,48.0000,0.0000,0.0000,0.0000
1502001,50.0000,50.0000,50.0000,0.00000,0.00000,-0.00000,0.00000,0.00000,0.0000,0.0,48.0000,0.0000,0.0000,0.0000
1502501,50.0000,50.0000,50.0000,0.00000,0.00000,-0.00000,0.00000,0.00000,0.0000,0.0,48.0000,0.0000,0.0000,0.0000
1503001,50.0000,50.0000,50.0000,0.00000,0.00000,-0.00000,0.00000,0.00000,0.0000,0.0,48.0000,0.0000,0.0000,0.0000
1503501,50.0000,50.0000,50.0000,0.00000,0.00000,-0.00000,0.00000,0.00000,0.0000,0.0,48.0000,0.0000,0.0000,0.0000
1504001,50.0000,50.0000,50.0000,0.00000,0.00000,-0.00000,0.00000,0.00000,0.0000,0.0,48.0000,0.0000,0.0000,0.0000
1504501,50.0000,50.0000,50.0000,0.00000,0.00000,-0.00000,0.00000,0.00000,0.0000,0.0,48.0000,0.0000,0.0000,0.0000
1505001,50.0000,50.0000,50.0000,0.00000,0.00000,-0.00000,0.00000,0.00000,0.0000,0.0,48.0000,0.0000,0.0000,0.0000
1505501,50.0000,50.0000,50.0000,0.00000,0.00000,-0.00000,0.00000,0.00000,0.0000,0.0,48.0000,0.0000,0.0000,0.0000
1506001,50.0000,50.0000,50.0000,0.00000,0.00000,-0.00000,0.00000,0.00000,0.0000,0.0,48.0000,0.0000,0.0000,0.0000
1506501,50.0000,50.0000,50.0000,0.00000,0.00000,-0.00000,0.00000,0.00000,0.0000,0.0,48.0000,0.0000,0.0000,0.0000
1507001,50.0000,50.0000,50.0000,0.00000,0.00000,-0.00000,0.00000,0.00000,0.0000,0.0,48.0000,0.0000,0.0000,0.0000
1507501,50.0000,50.0000,50.0000,0.00000,0.00000,-0.00000,0.00000,0.00000,0.0000,0.0,48.0000,0.0000,0.0000,0.0000
1508001,50.0000,50.0000,50.0000,0.00000,0.00000,-0.00000,0.00000,0.00000,0.0000,0.0,48.0000,0.0000,0.0000,0.0000
1508501,50.0000,50.0000,50.0000,0.00000,0.00000,-0.00000,0.00000,0.00000,0.0000,0.0,48.0000,0.0000,0.0000,0.0000
1509001,50.0000,50.0000,50.0000,0.00000,0.00000,-0.00000,0.00000,0.00000,0.0000,0.0,48.0000,0.0000,0.0000,0.0000
1509501,50.0000,50.0000,50.0000,0.00000,0.00000,-0.00000,0.00000,0.00000,0.0000,0.0,48.0000,0.0000,0.0000,0.0000
1510001,50.0000,50.0000,50.0000,0.00000,0.00000,-0.00000,0.00000,0.00000,0.0000,0.0,48.0000,0.0000,0.0000,0.0000
1510501,50.0000,50.0000,50.0000,0.00000,0.00000,-0.00000,0.00000,0.00000,0.0000,0.0,48.0000,0.0000,0.0000,0.0000
1511001,50.0000,50.0000,50.0000,0.00000,0.00000,-0.00000,0.00000,0.00000,0.0000,0.0,48.0000,0.0000,0.0000,0.0000
1511501,50.0000,50.0000,50.0000,0.00000,0.00000,-0.00000,0.00000,0.00000,0.0000,0.0,48.0000,0.0000,0.0000,0.0000
1512001,50.0000,50.0000,50.0000,0.00000,0.00000,-0.00000,0.00000,0.00000,0.0000,0.0,48.0000,0.0000,0.0000,0.0000
1512501,50.0000,50.0000,50.0000,0.00000,0.00000,-0.00000,0.00000,0.00000,0.0000,0.0,48.0000,0.0000,0.0000,0.0000
1513001,50.0000,50.0000,50.0000,0.00000,0.00000,-0.00000,0.00000,0.00000,0.0000,0.0,48.0000,0.0000,0.0000,0.0000
1513501,50.0000,50.0000,50.0000,0.00000,0.00000,-0.00000,0.00000,0.00000,0.0000,0.0,48.0000,0.0000,0.0000,0.0000
1514001,50.0000,50.0000,50.0000,0.00000,0.00000,-0.00000,0.00000,0.00000,0.0000,0.0,48.0000,0.0000,0.0000,0.0000
1514501,50.0000,50.0000,50.0000,0.00000,0.00000,-0.00000,0.00000,0.00000,0.0000,0.0,48.0000,0.0000,0.0000,0.0000
1515001,50.0000,50.0000,50.0000,0.00000,0.00000,-0.00000,0.00000,0.00000,0.0000,0.0,48.0000,0.0000,0.0000,0.0000
1515501,50.0000,50.0000,50.0000,0.00000,0.00000,-0.00000,0.00000,0.00000,0.0000,0.0,48.0000,0.0000,0.0000,0.0000
1516001,50.0000,50.0000,50.0000,0.00000,0.00000,-0.00000,0.00000,0.00000,0.0000,0.0,48.0000,0.0000,0.0000,0.0000
1516501,50.0000,50.0000,50.0000,0.00000,0.00000,-0.00000,0.00000,0.00000,0.0000,0.0,48.0000,0.0000,0.0000,0.0000
1517001,50.0000,50.0000,50.0000,0.00000,0.00000,-0.00000,0.00000,0.00000,0.0000,0.0,48.0000,0.0000,0.0000,0.0000
1517501,50.0000,50.0000,50.0000,0.00000,0.00000,-0.00000,0.00000,0.00000,0.0000,0.0,48.0000,0.0000,0.0000,0.0000
1518001,50.0000,50.0000,50.0000,0.00000,0.00000,-0.00000,0.00000,0.00000,0.0000,0.0,48.0000,0.0000,0.0000,0.0000
1518501,50.0000,50.0000,50.0000,0.00000,0.00000,-0.00000,0.00000,0.00000,0.0000,0.0,48.0000,0.0000,0.0000,0.0000
1519001,50.0000,50.0000,50.0000,0.00000,0.00000,-0.00000,0.00000,0.00000,0.0000,0.0,48.0000,0.0000,0.0000,0.0000
1519501,50.0000,50.0000,50.0000,0.00000,0.00000,-0.00000,0.00000,0.00000,0.0000,0.0,48.0000,0.0000,0.0000,0.0000
1520001,50.0000,50.0000,50.0000,0.00000,0.00000,-0.00000,0.00000,0.00000,0.0000,0.0,48.0000,0.0000,0.0000,0.0000
1520501,50.0000,50.0000,50.0000,0.00000,0.00000,-0.00000,0.00000,0.00000,0.0000,0.0,48.0000,0.0000,0.0000,0.0000
1521001,50.0000,50.0000,50.0000,0.00000,0.00000,-0.00000,0.00000,0.00000,0.0000,0.0,48.0000,0.0000,0.0000,0.0000
1521501,50.0000,50.0000,50.0000,0.00000,0.00000,-0.00000,0.00000,0.00000,0.0000,0.0,48.0000,0.0000,0.0000,0.0000
1522001,50.0000,50.0000,50.0000,0.00000,0.00000,-0.00000,0.00000,0.00000,0.0000,0.0,48.0000,0.0000,0.0000,0.0000
1522501,50.0000,50.0000,50.0000,0.00000,0.00000,-0.00000,0.00000,0.00000,0.0000,0.0,48.0000,0.0000,0.0000,0.0000
1523001,50.0000,50.0000,50.0000,0.00000,0.00000,-0.00000,0.00000,0.00000,0.0000,0.0,48.0000,0.0000,0.0000,0.0000
1523501,50.0000,50.0000,50.0000,0.00000,0.00000,-0.00000,0.00000,0.00000,0.0000,0.0,48.0000,0.0000,0.0000,0.0000
1524001,50.0000,50.0000,50.0000,0.00000,0.00000,-0.00000,0.00000,0.00000,0.0000,0.0,48.0000,0.0000,0.0000,0.0000
1524501,50.0000,50.0000,50.0000,0.00000,0.00000,-0.00000,0.00000,0.00000,0.0000,0.0,48.0000,0.0000,0.0000,0.0000
1525001,50.0000,50.0000,50.0000,0.00000,0.00000,-0.00000,0.00000,0.00000,0.0000,0.0,48.0000,0.0000,0.0000,0.0000
1525501,50.0000,50.0000,50.0000,0.00000,0.00000,-0.00000,0.00000,0.00000,0.0000,0.0,48.0000,0.0000,0.0000,0.0000
1526001,50.0000,50.0000,50.0000,0.00000,0.00000,-0.00000,0.00000,0.00000,0.0000,0.0,48.0000,0.0000,0.0000,0.0000
1526501,50.0000,50.0000,50.0000,0.00000,0.00000,-0.00000,0.00000,0.00000,0.0000,0.0,48.0000,0.0000,0.0000,0.0000
1527001,50.0000,50.0000,50.0000,0.00000,0.00000,-0.00000,0.00000,0.00000,0.0000,0.0,48.0000,0.0000,0.0000,0.0000
1527501,50.0000,50.0000,50.0000,0.00000,0.00000,-0.00000,0.00000,0.00000,0.0000,0.0,48.0000,0.0000,0.0000,0.0000
1528001,50.0000,50.0000,50.0000,0.00000,0.00000,-0.00000,0.00000,0.00000,0.0000,0.0,48.0000,0.0000,0.0000,0.0000
1528501,50.0000,50.0000,50.0000,0.00000,0.00000,-0.00000,0.00000,0.00000,0.0000,0.0,48.0000,0.0000,0.0000,0.0000
1529001,50.0000,50.0000,50.0000,0.00000,0.00000,-0.00000,0.00000,0.00000,0.0000,0.0,48.0000,0.0000,0.0000,0.0000
1529501,50.0000,50.0000,50.0000,0.00000,0.00000,-0.00000,0.00000,0.00000,0.0000,0.0,48.0000,0.0000,0.0000,0.0000
1530001,50.0000,50.0000,50.0000,0.00000,0.00000,-0.00000,0.00000,0.00000,0.0000,0.0,48.0000,0.0000,0.0000,0.0000
1530501,50.0000,50.0000,50.0000,0.00000,0.00000,-0.00000,0.00000,0.00000,0.0000,0.0,48.0000,0.0000,0.0000,0.0000
1531001,50.0000,50.0000,50.0000,0.00000,0.00000,-0.00000,0.00000,0.00000,0.0000,0.0,48.0000,0.0000,0.0000,0.0000
1531501,50.0000,50.0000,50.0000,0.00000,0.00000,-0.00000,0.00000,0.00000,0.0000,0.0,48.0000,0.0000,0.0000,0.0000
1532001,50.0000,50.0000,50.0000,0.00000,0.00000,-0.00000,0.00000,0.00000,0.0000,0.0,48.0000,0.0000,0.0000,0.0000
1532501,50.0000,50.0000,50.0000,0.00000,0.00000,-0.00000,0.00000,0.00000,0.0000,0.0,48.0000,0.0000,0.0000,0.0000
1533001,50.0000,50.0000,50.0000,0.00000,0.00000,-0.00000,0.00000,0.00000,0.0000,0.0,48.0000,0.0000,0.0000,0.0000
1533501,50.0000,50.0000,50.0000,0.00000,0.00000,-0.00000,0.00000,0.00000,0.0000,0.0,48.0000,0.0000,0.0000,0.0000
1534001,50.0000,50.0000,50.0000,0.00000,0.00000,-0.00000,0.00000,0.00000,0.0000,0.0,48.0000,0.0000,0.0000,0.0000
1534501,50.0000,50.0000,50.0000,0.00000,0.00000,-0.00000,0.00000,0.00000,0.0000,0.0,48.0000,0.0000,0.0000,0.0000
1535001,50.0000,50.0000,50.0000,0.00000,0.00000,-0.00000,0.00000,0.00000,0.0000,0.0,48.0000,0.0000,0.0000,0.0000
1535501,50.0000,50.0000,50.0000,0.00000,0.00000,-0.00000,0.00000,0.00000,0.0000,0.0,48.0000,0.0000,0.0000,0.0000
1536001,50.0000,50.0000,50.0000,0.00000,0.00000,-0.00000,0.00000,0.00000,0.0000,0.0,48.0000,0.0000,0.0000,0.0000
1536501,50.0000,50.0000,50.0000,0.00000,0.00000,-0.00000,0.00000,0.00000,0.0000,0.0,48.0000,0.0000,0.0000,0.0000
1537001,50.0000,50.0000,50.0000,0.00000,0.00000,-0.00000,0.00000,0.00000,0.0000,0.0,48.0000,0.0000,0.0000,0.0000
1537501,50.0000,50.0000,50.0000,0.00000,0.00000,-0.00000,0.00000,0.00000,0.0000,0.0,48.0000,0.0000,0.0000,0.0000
1538001,50.0000,50.0000,50.0000,0.00000,0.00000,-0.00000,0.00000,0.00000,0.0000,0.0,48.0000,0.0000,0.0000,0.0000
1538501,50.0000,50.0000,50.0000,0.00000,0.00000,-0.00000,0.00000,0.00000,0.0000,0.0,48.0000,0.0000,0.0000,0.0000
1539001,50.0000,50.0000,50.0000,0.00000,0.00000,-0.00000,0.00000,0.00000,0.0000,0.0,48.0000,0.0000,0.0000,0.0000
1539501,50.0000,50.0000,50.0000,0.00000,0.00000,-0.00000,0.00000,0.00000,0.0000,0.0,48.0000,0.0000,0.0000,0.0000
1540001,50.0000,50.0000,50.0000,0.00000,0.00000,-0.00000,0.00000,0.00000,0.0000,0.0,48.0000,0.0000,0.0000,0.0000
1540501,50.0000,50.0000,50.0000,0.00000,0.00000,-0.00000,0.00000,0.00000,0.0000,0.0,48.0000,0.0000,0.0000,0.0000
1541001,50.0000,50.0000,50.0000,0.00000,0.00000,-0.00000,0.00000,0.00000,0.0000,0.0,48.0000,0.0000,0.0000,0.0000
1541501,50.0000,50.0000,50.0000,0.00000,0.00000,-0.00000,0.00000,0.00000,0.0000,0.0,48.0000,0.0000,0.0000,0.0000
1542001,50.0000,50.0000,50.0000,0.00000,0.00000,-0.00000,0.00000,0.00000,0.0000,0.0,48.0000,0.0000,0.0000,0.0000
1542501,50.0000,50.0000,50.0000,0.00000,0.00000,-0.00000,0.00000,0.00000,0.0000,0.0,48.0000,0.0000,0.0000,0.0000
1543001,50.0000,50.0000,50.0000,0.00000,0.00000,-0.00000,0.00000,0.00000,0.0000,0.0,48.0000,0.0000,0.0000,0.0000
1543501,50.0000,50.0000,50.0000,0.00000,0.00000,-0.00000,0.00000,0.00000,0.0000,0.0,48.0000,0.0000,0.0000,0.0000
1544001,50.0000,50.0000,50.0000,0.00000,0.00000,-0.00000,0.00000,0.00000,0.0000,0.0,48.0000,0.0000,0.0000,0.0000
1544501,50.0000,50.0000,50.0000,0.00000,0.00000,-0.00000,0.00000,0.00000,0.0000,0.0,48.0000,0.0000,0.0000,0.0000
1545001,50.0000,50.0000,50.0000,0.00000,0.00000,-0.00000,0.00000,0.00000,0.0000,0.0,48.0000,0.0000,0.0000,0.0000
1545501,50.0000,50.0000,50.0000,0.00000,0.00000,-0.00000,0.00000,0.00000,0.0000,0.0,48.0000,0.0000,0.0000,0.0000
1546001,50.0000,50.0000,50.0000,0.00000,0.00000,-0.00000,0.00000,0.00000,0.0000,0.0,48.0000,0.0000,0.0000,0.0000
1546501,50.0000,50.0000,50.0000,0.00000,0.00000,-0.00000,0.00000,0.00000,0.0000,0.0,48.0000,0.0000,0.0000,0.0000
1547001,50.0000,50.0000,50.0000,0.00000,0.00000,-0.00000,0.00000,0.00000,0.0000,0.0,48.0000,0.0000,0.0000,0.0000
1547501,50.0000,50.0000,50.0000,0.00000,0.00000,-0.00000,0.00000,0.00000,0.0000,0.0,48.0000,0.0000,0.0000,0.0000
1548001,50.0000,50.0000,50.0000,0.00000,0.00000,-0.00000,0.00000,0.00000,0.0000,0.0,48.0000,0.0000,0.0000,0.0000
1548501,50.0000,50.0000,50.0000,0.00000,0.00000,-0.00000,0.00000,0.00000,0.0000,0.0,48.0000,0.0000,0.0000,0.0000
1549001,50.0000,50.0000,50.0000,0.00000,0.00000,-0.00000,0.00000,0.00000,0.0000,0.0,48.0000,0.0000,0.0000,0.0000
1549501,50.0000,50.0000,50.0000,0.00000,0.00000,-0.00000,0.00000,0.00000,0.0000,0.0,48.0000,0.0000,0.0000,0.0000
1550001,50.0000,50.0000,50.0000,0.00000,0.00000,-0.00000,0.00000,0.00000,0.0000,0.0,48.0000,0.0000,0.0000,0.0000
1550501,50.0000,50.0000,50.0000,0.00000,0.00000,-0.00000,0.00000,0.00000,0.0000,0.0,48.0000,0.0000,0.0000,0.0000
1551001,50.0000,50.0000,50.0000,0.00000,0.00000,-0.00000,0.00000,0.00000,0.0000,0.0,48.0000,0.0000,0.0000,0.0000
1551501,50.0000,50.0000,50.0000,0.00000,0.00000,-0.00000,0.00000,0.00000,0.0000,0.0,48.0000,0.0000,0.0000,0.0000
1552001,50.0000,50.0000,50.0000,0.00000,0.00000,-0.00000,0.00000,0.00000,0.0000,0.0,48.0000,0.0000,0.0000,0.0000
1552501,50.0000,50.0000,50.0000,0.00000,0.00000,-0.00000,0.00000,0.00000,0.0000,0.0,48.0000,0.0000,0.0000,0.0000
1553001,50.0000,50.0000,50.0000,0.00000,0.00000,-0.00000,0.00000,0.00000,0.0000,0.0,48.0000,0.0000,0.0000,0.0000
1553501,50.0000,50.0000,50.0000,0.00000,0.00000,-0.00000,0.00000,0.00000,0.0000,0.0,48.0000,0.0000,0.0000,0.0000
1554001,50.0000,50.0000,50.0000,0.00000,0.00000,-0.00000,0.00000,0.00000,0.0000,0.0,48.0000,0.0000,0.0000,0.0000
1554501,50.0000,50.0000,50.0000,0.00000,0.00000,-0.00000,0.00000,0.00000,0.0000,0.0,48.0000,0.0000,0.0000,0.0000
1555001,50.0000,50.0000,50.0000,0.00000,0.00000,-0.00000,0.00000,0.00000,0.0000,0.0,48.0000,0.0000,0.0000,0.0000
1555501,50.0000,50.0000,50.0000,0.00000,0.00000,-0.00000,0.00000,0.00000,0.0000,0.0,48.0000,0.0000,0.0000,0.0000
1556001,50.0000,50.0000,50.0000,0.00000,0.00000,-0.00000,0.00000,0.00000,0.0000,0.0,48.0000,0.0000,0.0000,0.0000
1556501,50.0000,50.0000,50.0000,0.00000,0.00000,-0.00000,0.00000,0.00000,0.0000,0.0,48.0000,0.0000,0.0000,0.0000
1557001,50.0000,50.0000,50.0000,0.00000,0.00000,-0.00000,0.00000,0.00000,0.0000,0.0,48.0000,0.0000,0.0000,0.0000
1557501,50.0000,50.0000,50.0000,0.00000,0.00000,-0.00000,0.00000,0.00000,0.0000,0.0,48.0000,0.0000,0.0000,0.0000
1558001,50.0000,50.0000,50.0000,0.00000,0.00000,-0.00000,0.00000,0.00000,0.0000,0.0,48.0000,0.0000,0.0000,0.0000
1558501,50.0000,50.0000,50.0000,0.00000,0.00000,-0.00000,0.00000,0.00000,0.0000,0.0,48.0000,0.0000,0.0000,0.0000
1559001,50.0000,50.0000,50.0000,0.00000,0.00000,-0.00000,0.00000,0.00000,0.0000,0.0,48.0000,0.0000,0.0000,0.0000
1559501,50.0000,50.0000,50.0000,0.00000,0.00000,-0.00000,0.00000,0.00000,0.0000,0.0,48.0000,0.0000,0.0000,0.0000
1560001,50.0000,50.0000,50.0000,0.00000,0.00000,-0.00000,0.00000,0.00000,0.0000,0.0,48.0000,0.0000,0.0000,0.0000
1560501,50.0000,50.0000,50.0000,0.00000,0.00000,-0.00000,0.00000,0.00000,0.0000,0.0,48.0000,0.0000,0.0000,0.0000
1561001,50.0000,50.0000,50.0000,0.00000,0.00000,-0.00000,0.00000,0.00000,0.0000,0.0,48.0000,0.0000,0.0000,0.0000
1561501,50.0000,50.0000,50.0000,0.00000,0.00000,-0.00000,0.00000,0.00000,0.0000,0.0,48.0000,0.0000,0.0000,0.0000
1562001,50.0000,50.0000,50.0000,0.00000,0.00000,-0.00000,0.00000,0.00000,0.0000,0.0,48.0000,0.0000,0.0000,0.0000
1562501,50.0000,50.0000,50.0000,0.00000,0.00000,-0.00000,0.00000,0.00000,0.0000,0.0,48.0000,0.0000,0.0000,0.0000
1563001,50.0000,50.0000,50.0000,0.00000,0.00000,-0.00000,0.00000,0.00000,0.0000,0.0,48.0000,0.0000,0.0000,0.0000
1563501,50.0000,50.0000,50.0000,0.00000,0.00000,-0.00000,0.00000,0.00000,0.0000,0.0,48.0000,0.0000,0.0000,0.0000
1564001,50.0000,50.0000,50.0000,0.00000,0.00000,-0.00000,0.00000,0.00000,0.0000,0.0,48.0000,0.0000,0.0000,0.0000
1564501,50.0000,50.0000,50.0000,0.00000,0.00000,-0.00000,0.00000,0.00000,0.0000,0.0,48.0000,0.0000,0.0000,0.0000
1565001,50.0000,50.0000,50.0000,0.00000,0.00000,-0.00000,0.00000,0.00000,0.0000,0.0,48.0000,0.0000,0.0000,0.0000
1565501,50.0000,50.0000,50.0000,0.00000,0.00000,-0.00000,0.00000,0.00000,0.0000,0.0,48.0000,0.0000,0.0000,0.0000
1566001,50.0000,50.0000,50.0000,0.00000,0.00000,-0.00000,0.00000,0.00000,0.0000,0.0,48.0000,0.0000,0.0000,0.0000
1566501,50.0000,50.0000,50.0000,0.00000,0.00000,-0.00000,0.00000,0.00000,0.0000,0.0,48.0000,0.0000,0.0000,0.0000
1567001,50.0000,50.0000,50.0000,0.00000,0.00000,-0.00000,0.00000,0.00000,0.0000,0.0,48.0000,0.0000,0.0000,0.0000
1567501,50.0000,50.0000,50.0000,0.00000,0.00000,-0.00000,0.00000,0.00000,0.0000,0.0,48.0000,0.0000,0.0000,0.0000
1568001,50.0000,50.0000,50.0000,0.00000,0.00000,-0.00000,0.00000,0.00000,0.0000,0.0,48.0000,0.0000,0.0000,0.0000
1568501,50.0000,50.0000,50.0000,0.00000,0.00000,-0.00000,0.00000,0.00000,0.0000,0.0,48.0000,0.0000,0.0000,0.0000
1569001,50.0000,50.0000,50.0000,0.00000,0.00000,-0.00000,0.00000,0.00000,0.0000,0.0,48.0000,0.0000,0.0000,0.0000
1569501,50.0000,50.0000,50.0000,0.00000,0.00000,-0.00000,0.00000,0.00000,0.0000,0.0,48.0000,0.0000,0.0000,0.0000
1570001,50.0000,50.0000,50.0000,0.00000,0.00000,-0.00000,0.00000,0.00000,0.0000,0.0,48.0000,0.0000,0.0000,0.0000
1570501,50.0000,50.0000,50.0000,0.00000,0.00000,-0.00000,0.00000,0.00000,0.0000,0.0,48.0000,0.0000,0.0000,0.0000
1571001,50.0000,50.0000,50.0000,0.00000,0.00000,-0.00000,0.00000,0.00000,0.0000,0.0,48.0000,0.0000,0.0000,0.0000
1571501,50.0000,50.0000,50.0000,0.00000,0.00000,-0.00000,0.00000,0.00000,0.0000,0.0,48.0000,0.0000,0.0000,0.0000
1572001,50.0000,50.0000,50.0000,0.00000,0.00000,-0.00000,0.00000,0.00000,0.0000,0.0,48.0000,0.0000,0.0000,0.0000
1572501,50.0000,50.0000,50.0000,0.00000,0.00000,-0.00000,0.00000,0.00000,0.0000,0.0,48.0000,0.0000,0.0000,0.0000
1573001,50.0000,50.0000,50.0000,0.00000,0.00000,-0.00000,0.00000,0.00000,0.0000,0.0,48.0000,0.0000,0.0000,0.0000
1573501,50.0000,50.0000,50.0000,0.00000,0.00000,-0.00000,0.00000,0.00000,0.0000,0.0,48.0000,0.0000,0.0000,0.0000
1574001,50.0000,50.0000,50.0000,0.00000,0.00000,-0.00000,0.00000,0.00000,0.0000,0.0,48.0000,0.0000,0.0000,0.0000
1574501,50.0000,50.0000,50.0000,0.00000,0.00000,-0.00000,0.00000,0.00000,0.0000,0.0,48.0000,0.0000,0.0000,0.0000
1575001,50.0000,50.0000,50.0000,0.00000,0.00000,-0.00000,0.00000,0.00000,0.0000,0.0,48.0000,0.0000,0.0000,0.0000
1575501,50.0000,50.0000,50.0000,0.00000,0.00000,-0.00000,0.00000,0.00000,0.0000,0.0,48.0000,0.0000,0.0000,0.0000
1576001,50.0000,50.0000,50.0000,0.00000,0.00000,-0.00000,0.00000,0.00000,0.0000,0.0,48.0000,0.0000,0.0000,0.0000
1576501,50.0000,50.0000,50.0000,0.00000,0.00000,-0.00000,0.00000,0.00000,0.0000,0.0,48.0000,0.0000,0.0000,0.0000
1577001,50.0000,50.0000,50.0000,0.00000,0.00000,-0.00000,0.00000,0.00000,0.0000,0.0,48.0000,0.0000,0.0000,0.0000
1577501,50.0000,50.0000,50.0000,0.00000,0.00000,-0.00000,0.00000,0.00000,0.0000,0.0,48.0000,0.0000,0.0000,0.0000
1578001,50.0000,50.0000,50.0000,0.00000,0.00000,-0.00000,0.00000,0.00000,0.0000,0.0,48.0000,0.0000,0.0000,0.0000
1578501,50.0000,50.0000,50.0000,0.00000,0.00000,-0.00000,0.00000,0.00000,0.0000,0.0,48.0000,0.0000,0.0000,0.0000
1579001,50.0000,50.0000,50.0000,0.00000,0.00000,-0.00000,0.00000,0.00000,0.0000,0.0,48.0000,0.0000,0.0000,0.0000
1579501,50.0000,50.0000,50.0000,0.00000,0.00000,-0.00000,0.00000,0.00000,0.0000,0.0,48.0000,0.0000,0.0000,0.0000
1580001,50.0000,50.0000,50.0000,0.00000,0.00000,-0.00000,0.00000,0.00000,0.0000,0.0,48.0000,0.0000,0.0000,0.0000
1580501,50.0000,50.0000,50.0000,0.00000,0.00000,-0.00000,0.00000,0.00000,0.0000,0.0,48.0000,0.0000,0.0000,0.0000
1581001,50.0000,50.0000,50.0000,0.00000,0.00000,-0.00000,0.00000,0.00000,0.0000,0.0,48.0000,0.0000,0.0000,0.0000
1581501,50.0000,50.0000,50.0000,0.00000,0.00000,-0.00000,0.00000,0.00000,0.0000,0.0,48.0000,0.0000,0.0000,0.0000
1582001,50.0000,50.0000,50.0000,0.00000,0.00000,-0.00000,0.00000,0.00000,0.0000,0.0,48.0000,0.0000,0.0000,0.0000
1582501,50.0000,50.0000,50.0000,0.00000,0.00000,-0.00000,0.00000,0.00000,0.0000,0.0,48.0000,0.0000,0.0000,0.0000
1583001,50.0000,50.0000,50.0000,0.00000,0.00000,-0.00000,0.00000,0.00000,0.0000,0.0,48.0000,0.0000,0.0000,0.0000
1583501,50.0000,50.0000,50.0000,0.00000,0.00000,-0.00000,0.00000,0.00000,0.0000,0.0,48.0000,0.0000,0.0000,0.0000
1584001,50.0000,50.0000,50.0000,0.00000,0.00000,-0.00000,0.00000,0.00000,0.0000,0.0,48.0000,0.0000,0.0000,0.0000
1584501,50.0000,50.0000,50.0000,0.00000,0.00000,-0.00000,0.00000,0.00000,0.0000,0.0,48.0000,0.0000,0.0000,0.0000
1585001,50.0000,50.0000,50.0000,0.00000,0.00000,-0.00000,0.00000,0.00000,0.0000,0.0,48.0000,0.0000,0.0000,0.0000
1585501,50.0000,50.0000,50.0000,0.00000,0.00000,-0.00000,0.00000,0.00000,0.0000,0.0,48.0000,0.0000,0.0000,0.0000
1586001,50.0000,50.0000,50.0000,0.00000,0.00000,-0.00000,0.00000,0.00000,0.0000,0.0,48.0000,0.0000,0.0000,0.0000
1586501,50.0000,50.0000,50.0000,0.00000,0.00000,-0.00000,0.00000,0.00000,0.0000,0.0,48.0000,0.0000,0.0000,0.0000
1587001,50.0000,50.0000,50.0000,0.00000,0.00000,-0.00000,0.00000,0.00000,0.0000,0.0,48.0000,0.0000,0.0000,0.0000
1587501,50.0000,50.0000,50.0000,0.00000,0.00000,-0.00000,0.00000,0.00000,0.0000,0.0,48.0000,0.0000,0.0000,0.0000
1588001,50.0000,50.0000,50.0000,0.00000,0.00000,-0.00000,0.00000,0.00000,0.0000,0.0,48.0000,0.0000,0.0000,0.0000
1588501,50.0000,50.0000,50.0000,0.00000,0.00000,-0.00000,0.00000,0.00000,0.0000,0.0,48.0000,0.0000,0.0000,0.0000
1589001,50.0000,50.0000,50.0000,0.00000,0.00000,-0.00000,0.00000,0.00000,0.0000,0.0,48.0000,0.0000,0.0000,0.0000
1589501,50.0000,50.0000,50.0000,0.00000,0.00000,-0.00000,0.00000,0.00000,0.0000,0.0,48.0000,0.0000,0.0000,0.0000
1590001,50.0000,50.0000,50.0000,0.00000,0.00000,-0.00000,0.00000,0.00000,0.0000,0.0,48.0000,0.0000,0.0000,0.0000
1590501,50.0000,50.0000,50.0000,0.00000,0.00000,-0.00000,0.00000,0.00000,0.0000,0.0,48.0000,0.0000,0.0000,0.0000
1591001,50.0000,50.0000,50.0000,0.00000,0.00000,-0.00000,0.00000,0.00000,0.0000,0.0,48.0000,0.0000,0.0000,0.0000
1591501,50.0000,50.0000,50.0000,0.00000,0.00000,-0.00000,0.00000,0.00000,0.0000,0.0,48.0000,0.0000,0.0000,0.0000
1592001,50.0000,50.0000,50.0000,0.00000,0.00000,-0.00000,0.00000,0.00000,0.0000,0.0,48.0000,0.0000,0.0000,0.0000
1592501,50.0000,50.0000,50.0000,0.00000,0.00000,-0.00000,0.00000,0.00000,0.0000,0.0,48.0000,0.0000,0.0000,0.0000
1593001,50.0000,50.0000,50.0000,0.00000,0.00000,-0.00000,0.00000,0.00000,0.0000,0.0,48.0000,0.0000,0.0000,0.0000
1593501,50.0000,50.0000,50.0000,0.00000,0.00000,-0.00000,0.00000,0.00000,0.0000,0.0,48.0000,0.0000,0.0000,0.0000
1594001,50.0000,50.0000,50.0000,0.00000,0.00000,-0.00000,0.00000,0.00000,0.0000,0.0,48.0000,0.0000,0.0000,0.0000
1594501,50.0000,50.0000,50.0000,0.00000,0.00000,-0.00000,0.00000,0.00000,0.0000,0.0,48.0000,0.0000,0.0000,0.0000
1595001,50.0000,50.0000,50.0000,0.00000,0.00000,-0.00000,0.00000,0.00000,0.0000,0.0,48.0000,0.0000,0.0000,0.0000
1595501,50.0000,50.0000,50.0000,0.00000,0.00000,-0.00000,0.00000,0.00000,0.0000,0.0,48.0000,0.0000,0.0000,0.0000
1596001,50.0000,50.0000,50.0000,0.00000,0.00000,-0.00000,0.00000,0.00000,0.0000,0.0,48.0000,0.0000,0.0000,0.0000
1596501,50.0000,50.0000,50.0000,0.00000,0.00000,-0.00000,0.00000,0.00000,0.0000,0.0,48.0000,0.0000,0.0000,0.0000
1597001,50.0000,50.0000,50.0000,0.00000,0.00000,-0.00000,0.00000,0.00000,0.0000,0.0,48.0000,0.0000,0.0000,0.0000
1597501,50.0000,50.0000,50.0000,0.00000,0.00000,-0.00000,0.00000,0.00000,0.0000,0.0,48.0000,0.0000,0.0000,0.0000
1598001,50.0000,50.0000,50.0000,0.00000,0.00000,-0.00000,0.00000,0.00000,0.0000,0.0,48.0000,0.0000,0.0000,0.0000
1598501,50.0000,50.0000,50.0000,0.00000,0.00000,-0.00000,0.00000,0.00000,0.0000,0.0,48.0000,0.0000,0.0000,0.0000
1599001,50.0000,50.0000,50.0000,0.00000,0.00000,-0.00000,0.00000,0.00000,0.0000,0.0,48.0000,0.0000,0.0000,0.0000
1599501,50.0000,50.0000,50.0000,0.00000,0.00000,-0.00000,0.00000,0.00000,0.0000,0.0,48.0000,0.0000,0.0000,0.0000
1600001,50.0000,50.0000,50.0000,0.00000,0.00000,-0.00000,0.00000,0.00000,0.0000,0.0,48.0000,0.0000,0.0000,0.0000
1600501,50.0000,50.0000,50.0000,0.00000,0.00000,-0.00000,0.00000,0.00000,0.0000,0.0,48.0000,0.0000,0.0000,0.0000
1601001,50.0000,50.0000,50.0000,0.00000,0.00000,-0.00000,0.00000,0.00000,0.0000,0.0,48.0000,0.0000,0.0000,0.0000
1601501,50.0000,50.0000,50.0000,0.00000,0.00000,-0.00000,0.00000,0.00000,0.0000,0.0,48.0000,0.0000,0.0000,0.0000
1602001,50.0000,50.0000,50.0000,0.00000,0.00000,-0.00000,0.00000,0.00000,0.0000,0.0,48.0000,0.0000,0.0000,0.0000
1602501,50.0000,50.0000,50.0000,0.00000,0.00000,-0.00000,0.00000,0.00000,0.0000,0.0,48.0000,0.0000,0.0000,0.0000
1603001,50.0000,50.0000,50.0000,0.00000,0.00000,-0.00000,0.00000,0.00000,0.0000,0.0,48.0000,0.0000,0.0000,0.0000
1603501,50.0000,50.0000,50.0000,0.00000,0.00000,-0.00000,0.00000,0.00000,0.0000,0.0,48.0000,0.0000,0.0000,0.0000
1604001,50.0000,50.0000,50.0000,0.00000,0.00000,-0.00000,0.00000,0.00000,0.0000,0.0,48.0000,0.0000,0.0000,0.0000
1604501,50.0000,50.0000,50.0000,0.00000,0.00000,-0.00000,0.00000,0.00000,0.0000,0.0,48.0000,0.0000,0.0000,0.0000
1605001,50.0000,50.0000,50.0000,0.00000,0.00000,-0.00000,0.00000,0.00000,0.0000,0.0,48.0000,0.0000,0.0000,0.0000
1605501,50.0000,50.0000,50.0000,0.00000,0.00000,-0.00000,0.00000,0.00000,0.0000,0.0,48.0000,0.0000,0.0000,0.0000
1606001,50.0000,50.0000,50.0000,0.00000,0.00000,-0.00000,0.00000,0.00000,0.0000,0.0,48.0000,0.0000,0.0000,0.0000
1606501,50.0000,50.0000,50.0000,0.00000,0.00000,-0.00000,0.00000,0.00000,0.0000,0.0,48.0000,0.0000,0.0000,0.0000
1607001,50.0000,50.0000,50.0000,0.00000,0.00000,-0.00000,0.00000,0.00000,0.0000,0.0,48.0000,0.0000,0.0000,0.0000
1607501,50.0000,50.0000,50.0000,0.00000,0.00000,-0.00000,0.00000,0.00000,0.0000,0.0,48.0000,0.0000,0.0000,0.0000
1608001,50.0000,50.0000,50.0000,0.00000,0.00000,-0.00000,0.00000,0.00000,0.0000,0.0,48.0000,0.0000,0.0000,0.0000
1608501,50.0000,50.0000,50.0000,0.00000,0.00000,-0.00000,0.00000,0.00000,0.0000,0.0,48.0000,0.0000,0.0000,0.0000
1609001,50.0000,50.0000,50.0000,0.00000,0.00000,-0.00000,0.00000,0.00000,0.0000,0.0,48.0000,0.0000,0.0000,0.0000
1609501,50.0000,50.0000,50.0000,0.00000,0.00000,-0.00000,0.00000,0.00000,0.0000,0.0,48.0000,0.0000,0.0000,0.0000
1610001,50.0000,50.0000,50.0000,0.00000,0.00000,-0.00000,0.00000,0.00000,0.0000,0.0,48.0000,0.0000,0.0000,0.0000
1610501,50.0000,50.0000,50.0000,0.00000,0.00000,-0.00000,0.00000,0.00000,0.0000,0.0,48.0000,0.0000,0.0000,0.0000
1611001,50.0000,50.0000,50.0000,0.00000,0.00000,-0.00000,0.00000,0.00000,0.0000,0.0,48.0000,0.0000,0.0000,0.0000
1611501,50.0000,50.0000,50.0000,0.00000,0.00000,-0.00000,0.00000,0.00000,0.0000,0.0,48.0000,0.0000,0.0000,0.0000
1612001,50.0000,50.0000,50.0000,0.00000,0.00000,-0.00000,0.00000,0.00000,0.0000,0.0,48.0000,0.0000,0.0000,0.0000
1612501,50.0000,50.0000,50.0000,0.00000,0.00000,-0.00000,0.00000,0.00000,0.0000,0.0,48.0000,0.0000,0.0000,0.0000
1613001,50.0000,50.0000,50.0000,0.00000,0.00000,-0.00000,0.00000,0.00000,0.0000,0.0,48.0000,0.0000,0.0000,0.0000
1613501,50.0000,50.0000,50.0000,0.00000,0.00000,-0.00000,0.00000,0.00000,0.0000,0.0,48.0000,0.0000,0.0000,0.0000
1614001,50.0000,50.0000,50.0000,0.00000,0.00000,-0.00000,0.00000,0.00000,0.0000,0.0,48.0000,0.0000,0.0000,0.0000
1614501,50.0000,50.0000,50.0000,0.00000,0.00000,-0.00000,0.00000,0.00000,0.0000,0.0,48.0000,0.0000,0.0000,0.0000
1615001,50.0000,50.0000,50.0000,0.00000,0.00000,-0.00000,0.00000,0.00000,0.0000,0.0,48.0000,0.0000,0.0000,0.0000
1615501,50.0000,50.0000,50.0000,0.00000,0.00000,-0.00000,0.00000,0.00000,0.0000,0.0,48.0000,0.0000,0.0000,0.0000
1616001,50.0000,50.0000,50.0000,0.00000,0.00000,-0.00000,0.00000,0.00000,0.0000,0.0,48.0000,0.0000,0.0000,0.0000
1616501,50.0000,50.0000,50.0000,0.00000,0.00000,-0.00000,0.00000,0.00000,0.0000,0.0,48.0000,0.0000,0.0000,0.0000
1617001,50.0000,50.0000,50.0000,0.00000,0.00000,-0.00000,0.00000,0.00000,0.0000,0.0,48.0000,0.0000,0.0000,0.0000
1617501,50.0000,50.0000,50.0000,0.00000,0.00000,-0.00000,0.00000,0.00000,0.0000,0.0,48.0000,0.0000,0.0000,0.0000
1618001,50.0000,50.0000,50.0000,0.00000,0.00000,-0.00000,0.00000,0.00000,0.0000,0.0,48.0000,0.0000,0.0000,0.0000
1618501,50.0000,50.0000,50.0000,0.00000,0.00000,-0.00000,0.00000,0.00000,0.0000,0.0,48.0000,0.0000,0.0000,0.0000
1619001,50.0000,50.0000,50.0000,0.00000,0.00000,-0.00000,0.00000,0.00000,0.0000,0.0,48.0000,0.0000,0.0000,0.0000
1619501,50.0000,50.0000,50.0000,0.00000,0.00000,-0.00000,0.00000,0.00000,0.0000,0.0,48.0000,0.0000,0.0000,0.0000
1620001,50.0000,50.0000,50.0000,0.00000,0.00000,-0.00000,0.00000,0.00000,0.0000,0.0,48.0000,0.0000,0.0000,0.0000
1620501,50.0000,50.0000,50.0000,0.00000,0.00000,-0.00000,0.00000,0.00000,0.0000,0.0,48.0000,0.0000,0.0000,0.0000
1621001,50.0000,50.0000,50.0000,0.00000,0.00000,-0.00000,0.00000,0.00000,0.0000,0.0,48.0000,0.0000,0.0000,0.0000
1621501,50.0000,50.0000,50.0000,0.00000,0.00000,-0.00000,0.00000,0.00000,0.0000,0.0,48.0000,0.0000,0.0000,0.0000
1622001,50.0000,50.0000,50.0000,0.00000,0.00000,-0.00000,0.00000,0.00000,0.0000,0.0,48.0000,0.0000,0.0000,0.0000
1622501,50.0000,50.0000,50.0000,0.00000,0.00000,-0.00000,0.00000,0.00000,0.0000,0.0,48.0000,0.0000,0.0000,0.0000
1623001,50.0000,50.0000,50.0000,0.00000,0.00000,-0.00000,0.00000,0.00000,0.0000,0.0,48.0000,0.0000,0.0000,0.0000
1623501,50.0000,50.0000,50.0000,0.00000,0.00000,-0.00000,0.00000,0.00000,0.0000,0.0,48.0000,0.0000,0.0000,0.0000
1624001,50.0000,50.0000,50.0000,0.00000,0.00000,-0.00000,0.00000,0.00000,0.0000,0.0,48.0000,0.0000,0.0000,0.0000
1624501,50.0000,50.0000,50.0000,0.00000,0.00000,-0.00000,0.00000,0.00000,0.0000,0.0,48.0000,0.0000,0.0000,0.0000
1625001,50.0000,50.0000,50.0000,0.00000,0.00000,-0.00000,0.00000,0.00000,0.0000,0.0,48.0000,0.0000,0.0000,0.0000
1625501,50.0000,50.0000,50.0000,0.00000,0.00000,-0.00000,0.00000,0.00000,0.0000,0.0,48.0000,0.0000,0.0000,0.0000
1626001,50.0000,50.0000,50.0000,0.00000,0.00000,-0.00000,0.00000,0.00000,0.0000,0.0,48.0000,0.0000,0.0000,0.0000
1626501,50.0000,50.0000,50.0000,0.00000,0.00000,-0.00000,0.00000,0.00000,0.0000,0.0,48.0000,0.0000,0.0000,0.0000
1627001,50.0000,50.0000,50.0000,0.00000,0.00000,-0.00000,0.00000,0.00000,0.0000,0.0,48.0000,0.0000,0.0000,0.0000
1627501,50.0000,50.0000,50.0000,0.00000,0.00000,-0.00000,0.00000,0.00000,0.0000,0.0,48.0000,0.0000,0.0000,0.0000
1628001,50.0000,50.0000,50.0000,0.00000,0.00000,-0.00000,0.00000,0.00000,0.0000,0.0,48.0000,0.0000,0.0000,0.0000
1628501,50.0000,50.0000,50.0000,0.00000,0.00000,-0.00000,0.00000,0.00000,0.0000,0.0,48.0000,0.0000,0.0000,0.0000
1629001,50.0000,50.0000,50.0000,0.00000,0.00000,-0.00000,0.00000,0.00000,0.0000,0.0,48.0000,0.0000,0.0000,0.0000
1629501,50.0000,50.0000,50.0000,0.00000,0.00000,-0.00000,0.00000,0.00000,0.0000,0.0,48.0000,0.0000,0.0000,0.0000
1630001,50.0000,50.0000,50.0000,0.00000,0.00000,-0.00000,0.00000,0.00000,0.0000,0.0,48.0000,0.0000,0.0000,0.0000
1630501,50.0000,50.0000,50.0000,0.00000,0.00000,-0.00000,0.00000,0.00000,0.0000,0.0,48.0000,0.0000,0.0000,0.0000
1631001,50.0000,50.0000,50.0000,0.00000,0.00000,-0.00000,0.00000,0.00000,0.0000,0.0,48.0000,0.0000,0.0000,0.0000
1631501,50.0000,50.0000,50.0000,0.00000,0.00000,-0.00000,0.00000,0.00000,0.0000,0.0,48.0000,0.0000,0.0000,0.0000
1632001,50.0000,50.0000,50.0000,0.00000,0.00000,-0.00000,0.00000,0.00000,0.0000,0.0,48.0000,0.0000,0.0000,0.0000
1632501,50.0000,50.0000,50.0000,0.00000,0.00000,-0.00000,0.00000,0.00000,0.0000,0.0,48.0000,0.0000,0.0000,0.0000
1633001,50.0000,50.0000,50.0000,0.00000,0.00000,-0.00000,0.00000,0.00000,0.0000,0.0,48.0000,0.0000,0.0000,0.0000
1633501,50.0000,50.0000,50.0000,0.00000,0.00000,-0.00000,0.00000,0.00000,0.0000,0.0,48.0000,0.0000,0.0000,0.0000
1634001,50.0000,50.0000,50.0000,0.00000,0.00000,-0.00000,0.00000,0.00000,0.0000,0.0,48.0000,0.0000,0.0000,0.0000
1634501,50.0000,50.0000,50.0000,0.00000,0.00000,-0.00000,0.00000,0.00000,0.0000,0.0,48.0000,0.0000,0.0000,0.0000
1635001,50.0000,50.0000,50.0000,0.00000,0.00000,-0.00000,0.00000,0.00000,0.0000,0.0,48.0000,0.0000,0.0000,0.0000
1635501,50.0000,50.0000,50.0000,0.00000,0.00000,-0.00000,0.00000,0.00000,0.0000,0.0,48.0000,0.0000,0.0000,0.0000
1636001,50.0000,50.0000,50.0000,0.00000,0.00000,-0.00000,0.00000,0.00000,0.0000,0.0,48.0000,0.0000,0.0000,0.0000
1636501,50.0000,50.0000,50.0000,0.00000,0.00000,-0.00000,0.00000,0.00000,0.0000,0.0,48.0000,0.0000,0.0000,0.0000
1637001,50.0000,50.0000,50.0000,0.00000,0.00000,-0.00000,0.00000,0.00000,0.0000,0.0,48.0000,0.0000,0.0000,0.0000
1637501,50.0000,50.0000,50.0000,0.00000,0.00000,-0.00000,0.00000,0.00000,0.0000,0.0,48.0000,0.0000,0.0000,0.0000
1638001,50.0000,50.0000,50.0000,0.00000,0.00000,-0.00000,0.00000,0.00000,0.0000,0.0,48.0000,0.0000,0.0000,0.0000
1638501,50.0000,50.0000,50.0000,0.00000,0.00000,-0.00000,0.00000,0.00000,0.0000,0.0,48.0000,0.0000,0.0000,0.0000
1639001,50.0000,50.0000,50.0000,0.00000,0.00000,-0.00000,0.00000,0.00000,0.0000,0.0,48.0000,0.0000,0.0000,0.0000
1639501,50.0000,50.0000,50.0000,0.00000,0.00000,-0.00000,0.00000,0.00000,0.0000,0.0,48.0000,0.0000,0.0000,0.0000
1640001,50.0000,50.0000,50.0000,0.00000,0.00000,-0.00000,0.00000,0.00000,0.0000,0.0,48.0000,0.0000,0.0000,0.0000
1640501,50.0000,50.0000,50.0000,0.00000,0.00000,-0.00000,0.00000,0.00000,0.0000,0.0,48.0000,0.0000,0.0000,0.0000
1641001,50.0000,50.0000,50.0000,0.00000,0.00000,-0.00000,0.00000,0.00000,0.0000,0.0,48.0000,0.0000,0.0000,0.0000
1641501,50.0000,50.0000,50.0000,0.00000,0.00000,-0.00000,0.00000,0.00000,0.0000,0.0,48.0000,0.0000,0.0000,0.0000
1642001,50.0000,50.0000,50.0000,0.00000,0.00000,-0.00000,0.00000,0.00000,0.0000,0.0,48.0000,0.0000,0.0000,0.0000
1642501,50.0000,50.0000,50.0000,0.00000,0.00000,-0.00000,0.00000,0.00000,0.0000,0.0,48.0000,0.0000,0.0000,0.0000
1643001,50.0000,50.0000,50.0000,0.00000,0.00000,-0.00000,0.00000,0.00000,0.0000,0.0,48.0000,0.0000,0.0000,0.0000
1643501,50.0000,50.0000,50.0000,0.00000,0.00000,-0.00000,0.00000,0.00000,0.0000,0.0,48.0000,0.0000,0.0000,0.0000
1644001,50.0000,50.0000,50.0000,0.00000,0.00000,-0.00000,0.00000,0.00000,0.0000,0.0,48.0000,0.0000,0.0000,0.0000
1644501,50.0000,50.0000,50.0000,0.00000,0.00000,-0.00000,0.00000,0.00000,0.0000,0.0,48.0000,0.0000,0.0000,0.0000
1645001,50.0000,50.0000,50.0000,0.00000,0.00000,-0.00000,0.00000,0.00000,0.0000,0.0,48.0000,0.0000,0.0000,0.0000
1645501,50.0000,50.0000,50.0000,0.00000,0.00000,-0.00000,0.00000,0.00000,0.0000,0.0,48.0000,0.0000,0.0000,0.0000
1646001,50.0000,50.0000,50.0000,0.00000,0.00000,-0.00000,0.00000,0.00000,0.0000,0.0,48.0000,0.0000,0.0000,0.0000
1646501,50.0000,50.0000,50.0000,0.00000,0.00000,-0.00000,0.00000,0.00000,0.0000,0.0,48.0000,0.0000,0.0000,0.0000
1647001,50.0000,50.0000,50.0000,0.00000,0.00000,-0.00000,0.00000,0.00000,0.0000,0.0,48.0000,0.0000,0.0000,0.0000
1647501,50.0000,50.0000,50.0000,0.00000,0.00000,-0.00000,0.00000,0.00000,0.0000,0.0,48.0000,0.0000,0.0000,0.0000
1648001,50.0000,50.0000,50.0000,0.00000,0.00000,-0.00000,0.00000,0.00000,0.0000,0.0,48.0000,0.0000,0.0000,0.0000
1648501,50.0000,50.0000,50.0000,0.00000,0.00000,-0.00000,0.00000,0.00000,0.0000,0.0,48.0000,0.0000,0.0000,0.0000
1649001,50.0000,50.0000,50.0000,0.00000,0.00000,-0.00000,0.00000,0.00000,0.0000,0.0,48.0000,0.0000,0.0000,0.0000
1649501,50.0000,50.0000,50.0000,0.00000,0.00000,-0.00000,0.00000,0.00000,0.0000,0.0,48.0000,0.0000,0.0000,0.0000
1650001,50.0000,50.0000,50.0000,0.00000,0.00000,-0.00000,0.00000,0.00000,0.0000,0.0,48.0000,0.0000,0.0000,0.0000
1650501,50.0000,50.0000,50.0000,0.00000,0.00000,-0.00000,0.00000,0.00000,0.0000,0.0,48.0000,0.0000,0.0000,0.0000
1651001,50.0000,50.0000,50.0000,0.00000,0.00000,-0.00000,0.00000,0.00000,0.0000,0.0,48.0000,0.0000,0.0000,0.0000
1651501,50.0000,50.0000,50.0000,0.00000,0.00000,-0.00000,0.00000,0.00000,0.0000,0.0,48.0000,0.0000,0.0000,0.0000
1652001,50.0000,50.0000,50.0000,0.00000,0.00000,-0.00000,0.00000,0.00000,0.0000,0.0,48.0000,0.0000,0.0000,0.0000
1652501,50.0000,50.0000,50.0000,0.00000,0.00000,-0.00000,0.00000,0.00000,0.0000,0.0,48.0000,0.0000,0.0000,0.0000
1653001,50.0000,50.0000,50.0000,0.00000,0.00000,-0.00000,0.00000,0.00000,0.0000,0.0,48.0000,0.0000,0.0000,0.0000
1653501,50.0000,50.0000,50.0000,0.00000,0.00000,-0.00000,0.00000,0.00000,0.0000,0.0,48.0000,0.0000,0.0000,0.0000
1654001,50.0000,50.0000,50.0000,0.00000,0.00000,-0.00000,0.00000,0.00000,0.0000,0.0,48.0000,0.0000,0.0000,0.0000
1654501,50.0000,50.0000,50.0000,0.00000,0.00000,-0.00000,0.00000,0.00000,0.0000,0.0,48.0000,0.0000,0.0000,0.0000
1655001,50.0000,50.0000,50.0000,0.00000,0.00000,-0.00000,0.00000,0.00000,0.0000,0.0,48.0000,0.0000,0.0000,0.0000
1655501,50.0000,50.0000,50.0000,0.00000,0.00000,-0.00000,0.00000,0.00000,0.0000,0.0,48.0000,0.0000,0.0000,0.0000
1656001,50.0000,50.0000,50.0000,0.00000,0.00000,-0.00000,0.00000,0.00000,0.0000,0.0,48.0000,0.0000,0.0000,0.0000
1656501,50.0000,50.0000,50.0000,0.00000,0.00000,-0.00000,0.00000,0.00000,0.0000,0.0,48.0000,0.0000,0.0000,0.0000
1657001,50.0000,50.0000,50.0000,0.00000,0.00000,-0.00000,0.00000,0.00000,0.0000,0.0,48.0000,0.0000,0.0000,0.0000
1657501,50.0000,50.0000,50.0000,0.00000,0.00000,-0.00000,0.00000,0.00000,0.0000,0.0,48.0000,0.0000,0.0000,0.0000
1658001,50.0000,50.0000,50.0000,0.00000,0.00000,-0.00000,0.00000,0.00000,0.0000,0.0,48.0000,0.0000,0.0000,0.0000
1658501,50.0000,50.0000,50.0000,0.00000,0.00000,-0.00000,0.00000,0.00000,0.0000,0.0,48.0000,0.0000,0.0000,0.0000
1659001,50.0000,50.0000,50.0000,0.00000,0.00000,-0.00000,0.00000,0.00000,0.0000,0.0,48.0000,0.0000,0.0000,0.0000
1659501,50.0000,50.0000,50.0000,0.00000,0.00000,-0.00000,0.00000,0.00000,0.0000,0.0,48.0000,0.0000,0.0000,0.0000
1660001,50.0000,50.0000,50.0000,0.00000,0.00000,-0.00000,0.00000,0.00000,0.0000,0.0,48.0000,0.0000,0.0000,0.0000
1660501,50.0000,50.0000,50.0000,0.00000,0.00000,-0.00000,0.00000,0.00000,0.0000,0.0,48.0000,0.0000,0.0000,0.0000
1661001,50.0000,50.0000,50.0000,0.00000,0.00000,-0.00000,0.00000,0.00000,0.0000,0.0,48.0000,0.0000,0.0000,0.0000
1661501,50.0000,50.0000,50.0000,0.00000,0.00000,-0.00000,0.00000,0.00000,0.0000,0.0,48.0000,0.0000,0.0000,0.0000
1662001,50.0000,50.0000,50.0000,0.00000,0.00000,-0.00000,0.00000,0.00000,0.0000,0.0,48.0000,0.0000,0.0000,0.0000
1662501,50.0000,50.0000,50.0000,0.00000,0.00000,-0.00000,0.00000,0.00000,0.0000,0.0,48.0000,0.0000,0.0000,0.0000
1663001,50.0000,50.0000,50.0000,0.00000,0.00000,-0.00000,0.00000,0.00000,0.0000,0.0,48.0000,0.0000,0.0000,0.0000
1663501,50.0000,50.0000,50.0000,0.00000,0.00000,-0.00000,0.00000,0.00000,0.0000,0.0,48.0000,0.0000,0.0000,0.0000
1664001,50.0000,50.0000,50.0000,0.00000,0.00000,-0.00000,0.00000,0.00000,0.0000,0.0,48.0000,0.0000,0.0000,0.0000
1664501,50.0000,50.0000,50.0000,0.00000,0.00000,-0.00000,0.00000,0.00000,0.0000,0.0,48.0000,0.0000,0.0000,0.0000
1665001,50.0000,50.0000,50.0000,0.00000,0.00000,-0.00000,0.00000,0.00000,0.0000,0.0,48.0000,0.0000,0.0000,0.0000
1665501,50.0000,50.0000,50.0000,0.00000,0.00000,-0.00000,0.00000,0.00000,0.0000,0.0,48.0000,0.0000,0.0000,0.0000
1666001,50.0000,50.0000,50.0000,0.00000,0.00000,-0.00000,0.00000,0.00000,0.0000,0.0,48.0000,0.0000,0.0000,0.0000
1666501,50.0000,50.0000,50.0000,0.00000,0.00000,-0.00000,0.00000,0.00000,0.0000,0.0,48.0000,0.0000,0.0000,0.0000
1667001,50.0000,50.0000,50.0000,0.00000,0.00000,-0.00000,0.00000,0.00000,0.0000,0.0,48.0000,0.0000,0.0000,0.0000
1667501,50.0000,50.0000,50.0000,0.00000,0.00000,-0.00000,0.00000,0.00000,0.0000,0.0,48.0000,0.0000,0.0000,0.0000
1668001,50.0000,50.0000,50.0000,0.00000,0.00000,-0.00000,0.00000,0.00000,0.0000,0.0,48.0000,0.0000,0.0000,0.0000
1668501,50.0000,50.0000,50.0000,0.00000,0.00000,-0.00000,0.00000,0.00000,0.0000,0.0,48.0000,0.0000,0.0000,0.0000
1669001,50.0000,50.0000,50.0000,0.00000,0.00000,-0.00000,0.00000,0.00000,0.0000,0.0,48.0000,0.0000,0.0000,0.0000
1669501,50.0000,50.0000,50.0000,0.00000,0.00000,-0.00000,0.00000,0.00000,0.0000,0.0,48.0000,0.0000,0.0000,0.0000
1670001,50.0000,50.0000,50.0000,0.00000,0.00000,-0.00000,0.00000,0.00000,0.0000,0.0,48.0000,0.0000,0.0000,0.0000
1670501,50.0000,50.0000,50.0000,0.00000,0.00000,-0.00000,0.00000,0.00000,0.0000,0.0,48.0000,0.0000,0.0000,0.0000
1671001,50.0000,50.0000,50.0000,0.00000,0.00000,-0.00000,0.00000,0.00000,0.0000,0.0,48.0000,0.0000,0.0000,0.0000
1671501,50.0000,50.0000,50.0000,0.00000,0.00000,-0.00000,0.00000,0.00000,0.0000,0.0,48.0000,0.0000,0.0000,0.0000
1672001,50.0000,50.0000,50.0000,0.00000,0.00000,-0.00000,0.00000,0.00000,0.0000,0.0,48.0000,0.0000,0.0000,0.0000
1672501,50.0000,50.0000,50.0000,0.00000,0.00000,-0.00000,0.00000,0.00000,0.0000,0.0,48.0000,0.0000,0.0000,0.0000
1673001,50.0000,50.0000,50.0000,0.00000,0.00000,-0.00000,0.00000,0.00000,0.0000,0.0,48.0000,0.0000,0.0000,0.0000
1673501,50.0000,50.0000,50.0000,0.00000,0.00000,-0.00000,0.00000,0.00000,0.0000,0.0,48.0000,0.0000,0.0000,0.0000
1674001,50.0000,50.0000,50.0000,0.00000,0.00000,-0.00000,0.00000,0.00000,0.0000,0.0,48.0000,0.0000,0.0000,0.0000
1674501,50.0000,50.0000,50.0000,0.00000,0.00000,-0.00000,0.00000,0.00000,0.0000,0.0,48.0000,0.0000,0.0000,0.0000
1675001,50.0000,50.0000,50.0000,0.00000,0.00000,-0.00000,0.00000,0.00000,0.0000,0.0,48.0000,0.0000,0.0000,0.0000
1675501,50.0000,50.0000,50.0000,0.00000,0.00000,-0.00000,0.00000,0.00000,0.0000,0.0,48.0000,0.0000,0.0000,0.0000
1676001,50.0000,50.0000,50.0000,0.00000,0.00000,-0.00000,0.00000,0.00000,0.0000,0.0,48.0000,0.0000,0.0000,0.0000
1676501,50.0000,50.0000,50.0000,0.00000,0.00000,-0.00000,0.00000,0.00000,0.0000,0.0,48.0000,0.0000,0.0000,0.0000
1677001,50.0000,50.0000,50.0000,0.00000,0.00000,-0.00000,0.00000,0.00000,0.0000,0.0,48.0000,0.0000,0.0000,0.0000
1677501,50.0000,50.0000,50.0000,0.00000,0.00000,-0.00000,0.00000,0.00000,0.0000,0.0,48.0000,0.0000,0.0000,0.0000
1678001,50.0000,50.0000,50.0000,0.00000,0.00000,-0.00000,0.00000,0.00000,0.0000,0.0,48.0000,0.0000,0.0000,0.0000
1678501,50.0000,50.0000,50.0000,0.00000,0.00000,-0.00000,0.00000,0.00000,0.0000,0.0,48.0000,0.0000,0.0000,0.0000
1679001,50.0000,50.0000,50.0000,0.00000,0.00000,-0.00000,0.00000,0.00000,0.0000,0.0,48.0000,0.0000,0.0000,0.0000
1679501,50.0000,50.0000,50.0000,0.00000,0.00000,-0.00000,0.00000,0.00000,0.0000,0.0,48.0000,0.0000,0.0000,0.0000
1680001,50.0000,50.0000,50.0000,0.00000,0.00000,-0.00000,0.00000,0.00000,0.0000,0.0,48.0000,0.0000,0.0000,0.0000
1680501,50.0000,50.0000,50.0000,0.00000,0.00000,-0.00000,0.00000,0.00000,0.0000,0.0,48.0000,0.0000,0.0000,0.0000
1681001,50.0000,50.0000,50.0000,0.00000,0.00000,-0.00000,0.00000,0.00000,0.0000,0.0,48.0000,0.0000,0.0000,0.0000
1681501,50.0000,50.0000,50.0000,0.00000,0.00000,-0.00000,0.00000,0.00000,0.0000,0.0,48.0000,0.0000,0.0000,0.0000
1682001,50.0000,50.0000,50.0000,0.00000,0.00000,-0.00000,0.00000,0.00000,0.0000,0.0,48.0000,0.0000,0.0000,0.0000
1682501,50.0000,50.0000,50.0000,0.00000,0.00000,-0.00000,0.00000,0.00000,0.0000,0.0,48.0000,0.0000,0.0000,0.0000
1683001,50.0000,50.0000,50.0000,0.00000,0.00000,-0.00000,0.00000,0.00000,0.0000,0.0,48.0000,0.0000,0.0000,0.0000
1683501,50.0000,50.0000,50.0000,0.00000,0.00000,-0.00000,0.00000,0.00000,0.0000,0.0,48.0000,0.0000,0.0000,0.0000
1684001,50.0000,50.0000,50.0000,0.00000,0.00000,-0.00000,0.00000,0.00000,0.0000,0.0,48.0000,0.0000,0.0000,0.0000
1684501,50.0000,50.0000,50.0000,0.00000,0.00000,-0.00000,0.00000,0.00000,0.0000,0.0,48.0000,0.0000,0.0000,0.0000
1685001,50.0000,50.0000,50.0000,0.00000,0.00000,-0.00000,0.00000,0.00000,0.0000,0.0,48.0000,0.0000,0.0000,0.0000
1685501,50.0000,50.0000,50.0000,0.00000,0.00000,-0.00000,0.00000,0.00000,0.0000,0.0,48.0000,0.0000,0.0000,0.0000
1686001,50.0000,50.0000,50.0000,0.00000,0.00000,-0.00000,0.00000,0.00000,0.0000,0.0,48.0000,0.0000,0.0000,0.0000
1686501,50.0000,50.0000,50.0000,0.00000,0.00000,-0.00000,0.00000,0.00000,0.0000,0.0,48.0000,0.0000,0.0000,0.0000
1687001,50.0000,50.0000,50.0000,0.00000,0.00000,-0.00000,0.00000,0.00000,0.0000,0.0,48.0000,0.0000,0.0000,0.0000
1687501,50.0000,50.0000,50.0000,0.00000,0.00000,-0.00000,0.00000,0.00000,0.0000,0.0,48.0000,0.0000,0.0000,0.0000
1688001,50.0000,50.0000,50.0000,0.00000,0.00000,-0.00000,0.00000,0.00000,0.0000,0.0,48.0000,0.0000,0.0000,0.0000
1688501,50.0000,50.0000,50.0000,0.00000,0.00000,-0.00000,0.00000,0.00000,0.0000,0.0,48.0000,0.0000,0.0000,0.0000
1689001,50.0000,50.0000,50.0000,0.00000,0.00000,-0.00000,0.00000,0.00000,0.0000,0.0,48.0000,0.0000,0.0000,0.0000
1689501,50.0000,50.0000,50.0000,0.00000,0.00000,-0.00000,0.00000,0.00000,0.0000,0.0,48.0000,0.0000,0.0000,0.0000
1690001,50.0000,50.0000,50.0000,0.00000,0.00000,-0.00000,0.00000,0.00000,0.0000,0.0,48.0000,0.0000,0.0000,0.0000
1690501,50.0000,50.0000,50.0000,0.00000,0.00000,-0.00000,0.00000,0.00000,0.0000,0.0,48.0000,0.0000,0.0000,0.0000
1691001,50.0000,50.0000,50.0000,0.00000,0.00000,-0.00000,0.00000,0.00000,0.0000,0.0,48.0000,0.0000,0.0000,0.0000
1691501,50.0000,50.0000,50.0000,0.00000,0.00000,-0.00000,0.00000,0.00000,0.0000,0.0,48.0000,0.0000,0.0000,0.0000
1692001,50.0000,50.0000,50.0000,0.00000,0.00000,-0.00000,0.00000,0.00000,0.0000,0.0,48.0000,0.0000,0.0000,0.0000
1692501,50.0000,50.0000,50.0000,0.00000,0.00000,-0.00000,0.00000,0.00000,0.0000,0.0,48.0000,0.0000,0.0000,0.0000
1693001,50.0000,50.0000,50.0000,0.00000,0.00000,-0.00000,0.00000,0.00000,0.0000,0.0,48.0000,0.0000,0.0000,0.0000
1693501,50.0000,50.0000,50.0000,0.00000,0.00000,-0.00000,0.00000,0.00000,0.0000,0.0,48.0000,0.0000,0.0000,0.0000
1694001,50.0000,50.0000,50.0000,0.00000,0.00000,-0.00000,0.00000,0.00000,0.0000,0.0,48.0000,0.0000,0.0000,0.0000
1694501,50.0000,50.0000,50.0000,0.00000,0.00000,-0.00000,0.00000,0.00000,0.0000,0.0,48.0000,0.0000,0.0000,0.0000
1695001,50.0000,50.0000,50.0000,0.00000,0.00000,-0.00000,0.00000,0.00000,0.0000,0.0,48.0000,0.0000,0.0000,0.0000
1695501,50.0000,50.0000,50.0000,0.00000,0.00000,-0.00000,0.00000,0.00000,0.0000,0.0,48.0000,0.0000,0.0000,0.0000
1696001,50.0000,50.0000,50.0000,0.00000,0.00000,-0.00000,0.00000,0.00000,0.0000,0.0,48.0000,0.0000,0.0000,0.0000
1696501,50.0000,50.0000,50.0000,0.00000,0.00000,-0.00000,0.00000,0.00000,0.0000,0.0,48.0000,0.0000,0.0000,0.0000
1697001,50.0000,50.0000,50.0000,0.00000,0.00000,-0.00000,0.00000,0.00000,0.0000,0.0,48.0000,0.0000,0.0000,0.0000
1697501,50.0000,50.0000,50.0000,0.00000,0.00000,-0.00000,0.00000,0.00000,0.0000,0.0,48.0000,0.0000,0.0000,0.0000
1698001,50.0000,50.0000,50.0000,0.00000,0.00000,-0.00000,0.00000,0.00000,0.0000,0.0,48.0000,0.0000,0.0000,0.0000
1698501,50.0000,50.0000,50.0000,0.00000,0.00000,-0.00000,0.00000,0.00000,0.0000,0.0,48.0000,0.0000,0.0000,0.0000
1699001,50.0000,50.0000,50.0000,0.00000,0.00000,-0.00000,0.00000,0.00000,0.0000,0.0,48.0000,0.0000,0.0000,0.0000
1699501,50.0000,50.0000,50.0000,0.00000,0.00000,-0.00000,0.00000,0.00000,0.0000,0.0,48.0000,0.0000,0.0000,0.0000
1700001,50.0000,50.0000,50.0000,0.00000,0.00000,-0.00000,0.00000,0.00000,0.0000,0.0,48.0000,0.0000,0.0000,0.0000
1700501,50.0000,50.0000,50.0000,0.00000,0.00000,-0.00000,0.00000,0.00000,0.0000,0.0,48.0000,0.0000,0.0000,0.0000
1701001,50.0000,50.0000,50.0000,0.00000,0.00000,-0.00000,0.00000,0.00000,0.0000,0.0,48.0000,0.0000,0.0000,0.0000
1701501,50.0000,50.0000,50.0000,0.00000,0.00000,-0.00000,0.00000,0.00000,0.0000,0.0,48.0000,0.0000,0.0000,0.0000
1702001,50.0000,50.0000,50.0000,0.00000,0.00000,-0.00000,0.00000,0.00000,0.0000,0.0,48.0000,0.0000,0.0000,0.0000
1702501,50.0000,50.0000,50.0000,0.00000,0.00000,-0.00000,0.00000,0.00000,0.0000,0.0,48.0000,0.0000,0.0000,0.0000
1703001,50.0000,50.0000,50.0000,0.00000,0.00000,-0.00000,0.00000,0.00000,0.0000,0.0,48.0000,0.0000,0.0000,0.0000
1703501,50.0000,50.0000,50.0000,0.00000,0.00000,-0.00000,0.00000,0.00000,0.0000,0.0,48.0000,0.0000,0.0000,0.0000
1704001,50.0000,50.0000,50.0000,0.00000,0.00000,-0.00000,0.00000,0.00000,0.0000,0.0,48.0000,0.0000,0.0000,0.0000
1704501,50.0000,50.0000,50.0000,0.00000,0.00000,-0.00000,0.00000,0.00000,0.0000,0.0,48.0000,0.0000,0.0000,0.0000
1705001,50.0000,50.0000,50.0000,0.00000,0.00000,-0.00000,0.00000,0.00000,0.0000,0.0,48.0000,0.0000,0.0000,0.0000
1705501,50.0000,50.0000,50.0000,0.00000,0.00000,-0.00000,0.00000,0.00000,0.0000,0.0,48.0000,0.0000,0.0000,0.0000
1706001,50.0000,50.0000,50.0000,0.00000,0.00000,-0.00000,0.00000,0.00000,0.0000,0.0,48.0000,0.0000,0.0000,0.0000
1706501,50.0000,50.0000,50.0000,0.00000,0.00000,-0.00000,0.00000,0.00000,0.0000,0.0,48.0000,0.0000,0.0000,0.0000
1707001,50.0000,50.0000,50.0000,0.00000,0.00000,-0.00000,0.00000,0.00000,0.0000,0.0,48.0000,0.0000,0.0000,0.0000
1707501,50.0000,50.0000,50.0000,0.00000,0.00000,-0.00000,0.00000,0.00000,0.0000,0.0,48.0000,0.0000,0.0000,0.0000
1708001,50.0000,50.0000,50.0000,0.00000,0.00000,-0.00000,0.00000,0.00000,0.0000,0.0,48.0000,0.0000,0.0000,0.0000
1708501,50.0000,50.0000,50.0000,0.00000,0.00000,-0.00000,0.00000,0.00000,0.0000,0.0,48.0000,0.0000,0.0000,0.0000
1709001,50.0000,50.0000,50.0000,0.00000,0.00000,-0.00000,0.00000,0.00000,0.0000,0.0,48.0000,0.0000,0.0000,0.0000
1709501,50.0000,50.0000,50.0000,0.00000,0.00000,-0.00000,0.00000,0.00000,0.0000,0.0,48.0000,0.0000,0.0000,0.0000
1710001,50.0000,50.0000,49.9982,0.00000,0.00000,-0.00000,0.00000,0.00000,0.0000,0.0,48.0000,0.0100,0.0000,-0.0000
1710501,50.0000,50.0036,49.9945,0.00129,0.00455,-0.00584,0.00000,0.00009,0.0000,0.0,48.0000,0.0300,0.0000,-0.0000
1711001,50.0000,50.0073,49.9909,0.00229,0.01736,-0.01965,0.00000,0.00064,0.0000,0.0,48.0000,0.0500,0.0000,-0.0000
1711501,49.9909,49.9945,50.0073,-0.01129,0.00213,0.00917,0.00000,0.00093,0.0000,0.0,48.0000,0.0800,0.0684,0.1278
1712001,49.9982,50.0018,49.9964,-0.01795,0.00171,0.01623,0.00000,0.00055,0.0000,0.0,48.0000,0.1000,-0.0027,0.0837
1712501,49.9982,50.0055,49.9927,-0.01526,0.01246,0.00281,0.00000,0.00048,0.0000,0.0,48.0000,0.1300,-0.0027,0.0837
1713001,50.0000,50.0091,49.9891,-0.01207,0.02810,-0.01603,0.00000,0.00111,0.0000,0.0,48.0000,0.1500,-0.0027,0.0837
1713501,50.0000,50.0145,49.9836,-0.00811,0.04954,-0.04143,0.00000,0.00273,0.0000,0.0,48.0000,0.1800,-0.0027,0.0837
1714001,50.0000,50.0164,49.9818,-0.00503,0.07229,-0.06727,0.00000,0.00552,0.0000,0.0,48.0000,0.2000,-0.0027,0.0837
1714501,50.0000,50.0218,49.9764,-0.00262,0.09923,-0.09661,0.00001,0.00957,0.0000,0.0,48.0000,0.2300,-0.0027,0.0837
1715001,50.0000,50.0127,49.9855,-0.00075,0.10724,-0.10648,0.00001,0.01462,0.0000,0.0,48.0000,0.2500,-0.0054,0.1673
1715501,50.0000,50.0182,49.9800,0.00070,0.11842,-0.11912,0.00002,0.02005,0.0000,0.0,48.0000,0.2800,-0.0054,0.1673
1716001,50.0000,50.0218,49.9764,0.00183,0.13623,-0.13806,0.00003,0.02622,0.0000,0.0,48.0000,0.3000,-0.0054,0.1673
1716501,49.9909,50.0200,49.9782,-0.00536,0.15426,-0.14890,0.00005,0.03328,0.0000,0.0,48.0000,0.3300,0.0657,0.2115
1717001,49.9909,50.0236,49.9745,-0.01576,0.17401,-0.15825,0.00007,0.04094,0.0000,0.1,48.0000,0.3500,0.0657,0.2115
1717501,50.0000,50.0236,49.9745,-0.01101,0.18119,-0.17017,0.00009,0.04918,0.0000,0.1,48.0000,0.3800,-0.0080,0.2510
1718001,50.0000,50.0255,49.9727,-0.00729,0.19259,-0.18531,0.00012,0.05798,0.0000,0.1,48.0000,0.4000,-0.0080,0.2510
1718501,50.0000,50.0309,49.9673,-0.00439,0.21053,-0.20614,0.00015,0.06757,0.0000,0.1,48.0000,0.4300,-0.0080,0.2510
1719001,50.0000,50.0345,49.9636,-0.00213,0.23346,-0.23134,0.00018,0.07820,0.0000,0.1,48.0000,0.4500,-0.0080,0.2510
1719501,50.0018,50.0291,49.9691,0.00221,0.25466,-0.25687,0.00023,0.09008,0.0000,0.1,48.0000,0.4800,-0.0106,0.3346
1720001,50.0018,50.0309,49.9673,0.00558,0.25880,-0.26438,0.00027,0.10256,0.0000,0.1,48.0000,0.5000,-0.0106,0.3346
1720501,49.9927,50.0309,49.9673,0.00013,0.26774,-0.26786,0.00033,0.11539,0.0000,0.2,48.0000,0.5300,0.0605,0.3788
1721001,49.9909,50.0345,49.9636,-0.01101,0.28271,-0.27169,0.00039,0.12851,0.0001,0.2,48.0000,0.5500,0.0606,0.3788
1721501,50.0000,50.0455,49.9527,-0.01735,0.30534,-0.28799,0.00046,0.14229,0.0001,0.2,48.0000,0.5800,-0.0106,0.3346
1722001,50.0000,50.0382,49.9600,-0.01121,0.32540,-0.31419,0.00053,0.15730,0.0001,0.2,48.0000,0.6000,-0.0132,0.4183
1722501,50.0018,50.0436,49.9545,-0.00487,0.33655,-0.33169,0.00062,0.17305,0.0001,0.2,48.0000,0.6300,-0.0131,0.4183
1723001,50.0018,50.0473,49.9509,0.00008,0.35401,-0.35410,0.00071,0.18963,0.0001,0.3,48.0000,0.6500,-0.0131,0.4183
1723501,50.0018,50.0527,49.9455,0.00393,0.37712,-0.38106,0.00081,0.20729,0.0001,0.3,48.0000,0.6800,-0.0131,0.4183
1724001,49.9927,50.0382,49.9600,0.00142,0.39005,-0.39147,0.00091,0.22608,0.0001,0.3,48.0000,0.7000,0.0555,0.5461
1724501,49.9927,50.0436,49.9545,-0.00790,0.39118,-0.38328,0.00103,0.24478,0.0001,0.3,48.0000,0.7300,0.0555,0.5461
1725001,49.9927,50.0473,49.9509,-0.01515,0.40075,-0.38560,0.00116,0.26355,0.0002,0.4,48.0000,0.7500,0.0556,0.5460
1725501,50.0018,50.0582,49.9400,-0.00795,0.42280,-0.41485,0.00129,0.28309,0.0002,0.4,48.0000,0.7800,-0.0155,0.5020
1726001,50.0018,50.0618,49.9364,-0.00231,0.44863,-0.44632,0.00144,0.30394,0.0002,0.4,48.0000,0.8000,-0.0154,0.5020
1726501,50.0018,50.0691,49.9291,0.00209,0.48054,-0.48262,0.00160,0.32628,0.0002,0.4,48.0000,0.8300,-0.0153,0.5020
1727001,50.0018,50.0600,49.9382,0.00551,0.49329,-0.49880,0.00177,0.34991,0.0003,0.5,48.0000,0.8500,-0.0178,0.5856
1727501,49.9927,50.0600,49.9382,-0.00468,0.50246,-0.49778,0.00195,0.37385,0.0003,0.5,48.0000,0.8800,0.0535,0.6297
1728001,49.9927,50.0636,49.9345,-0.01263,0.51812,-0.50549,0.00214,0.39817,0.0003,0.5,48.0000,0.9000,0.0536,0.6297
1728501,50.0018,50.0764,49.9218,-0.01073,0.54524,-0.53451,0.00235,0.42336,0.0003,0.6,48.0000,0.9300,-0.0174,0.5857
1729001,50.0018,50.0673,49.9309,-0.00445,0.55609,-0.55164,0.00257,0.44975,0.0004,0.6,48.0000,0.9500,-0.0198,0.6693
1729501,50.0018,50.0727,49.9255,0.00045,0.56883,-0.56927,0.00280,0.47673,0.0004,0.7,48.0000,0.9800,-0.0196,0.6693
1730001,50.0036,50.0782,49.9200,0.00536,0.58978,-0.59514,0.00304,0.50462,0.0004,0.7,48.0000,1.0000,-0.0195,0.6693
1730501,49.9927,50.0782,49.9200,0.00203,0.61069,-0.61272,0.00330,0.53362,0.0005,0.7,48.0000,1.0300,0.0520,0.7133
1731001,49.9927,50.0691,49.9291,-0.00737,0.61392,-0.60655,0.00358,0.56306,0.0005,0.8,48.0000,1.0500,0.0497,0.7969
1731501,50.0018,50.0818,49.9164,-0.01186,0.62260,-0.61074,0.00386,0.59243,0.0006,0.8,48.0000,1.0800,-0.0214,0.7530
1732001,50.0018,50.0855,49.9127,-0.00529,0.64476,-0.63947,0.00417,0.62264,0.0006,0.8,48.0000,1.1000,-0.0212,0.7530
1732501,50.0036,50.0909,49.9073,0.00146,0.67029,-0.67175,0.00449,0.65415,0.0006,0.9,48.0000,1.1300,-0.0208,0.7530
1733001,50.0036,50.0964,49.9018,0.00769,0.70113,-0.70881,0.00482,0.68716,0.0007,0.9,48.0000,1.1500,-0.0207,0.7530
1733501,49.9927,50.0836,49.9145,-0.00192,0.70353,-0.70161,0.00517,0.72090,0.0007,1.0,48.0000,1.1800,0.0487,0.8805
1734001,49.9927,50.0873,49.9109,-0.01037,0.71406,-0.70369,0.00554,0.75473,0.0008,1.0,48.0000,1.2000,0.0490,0.8805
1734501,50.0018,50.1000,49.8982,-0.00885,0.73689,-0.72805,0.00593,0.78918,0.0008,1.1,48.0000,1.2300,-0.0220,0.8367
1735001,50.0036,50.1036,49.8945,-0.00075,0.76516,-0.76442,0.00633,0.82508,0.0009,1.1,48.0000,1.2500,-0.0218,0.8367
1735501,50.0036,50.0982,49.9000,0.00605,0.77272,-0.77877,0.00675,0.86199,0.0010,1.2,48.0000,1.2800,-0.0234,0.9204
1736001,49.9945,50.0964,49.9018,0.00586,0.78448,-0.79034,0.00720,0.89950,0.0010,1.2,48.0000,1.3000,0.0483,0.9641
1736501,49.9927,50.1036,49.8945,-0.00325,0.80121,-0.79796,0.00765,0.93749,0.0011,1.3,48.0000,1.3300,0.0487,0.9641
1737001,49.9927,50.1073,49.8909,-0.01128,0.82583,-0.81455,0.00813,0.97627,0.0012,1.3,48.0000,1.3500,0.0491,0.9640
1737501,50.0018,50.1073,49.8909,-0.00464,0.85690,-0.85226,0.00863,1.01650,0.0012,1.4,48.0000,1.3800,-0.0236,1.0041
1738001,50.0018,50.1127,49.8855,0.00058,0.87114,-0.87172,0.00915,1.05780,0.0013,1.4,48.0000,1.4000,-0.0234,1.0041
1738501,50.0036,50.1182,49.8800,0.00724,0.89039,-0.89764,0.00969,1.10006,0.0014,1.5,48.0000,1.4300,-0.0227,1.0042
1739001,49.9927,50.1036,49.8945,-0.00016,0.88807,-0.88791,0.01025,1.14283,0.0015,1.6,48.0000,1.4500,0.0474,1.1313
1739501,49.9927,50.1109,49.8873,-0.00870,0.89320,-0.88449,0.01083,1.18529,0.0015,1.6,48.0000,1.4800,0.0482,1.1313
1740001,50.0018,50.1218,49.8764,-0.00980,0.90900,-0.89920,0.01143,1.22804,0.0016,1.7,48.0000,1.5000,-0.0229,1.0879
1740501,50.0018,50.1273,49.8709,-0.00325,0.93515,-0.93190,0.01206,1.27197,0.0017,1.7,48.0000,1.5300,-0.0221,1.0879
1741001,50.0018,50.1327,49.8655,0.00191,0.96655,-0.96845,0.01271,1.31740,0.0018,1.8,48.0000,1.5500,-0.0216,1.0879
1741501,49.9927,50.1200,49.8782,0.00316,0.99326,-0.99642,0.01338,1.36448,0.0019,1.9,48.0000,1.5800,0.0495,1.2148
1742001,49.9927,50.1255,49.8727,-0.00588,0.99987,-0.99399,0.01407,1.41202,0.0020,1.9,48.0000,1.6000,0.0500,1.2148
1742501,49.9909,50.1309,49.8673,-0.01342,1.01454,-1.00113,0.01479,1.45989,0.0021,2.0,48.0000,1.6300,0.0512,1.2148
1743001,50.0018,50.1418,49.8564,-0.00860,1.04105,-1.03245,0.01553,1.50866,0.0022,2.1,48.0000,1.6500,-0.0201,1.1717
1743501,50.0000,50.1364,49.8618,-0.00253,1.06982,-1.06729,0.01630,1.55906,0.0023,2.1,48.0000,1.6800,-0.0203,1.2554
1744001,50.0000,50.1418,49.8564,0.00025,1.08294,-1.08319,0.01709,1.61040,0.0024,2.2,48.0000,1.7000,-0.0195,1.2554
1744501,50.0000,50.1491,49.8491,0.00250,1.10311,-1.10562,0.01791,1.66258,0.0026,2.3,48.0000,1.7300,-0.0183,1.2554
1745001,49.9909,50.1473,49.8509,-0.00619,1.12525,-1.11906,0.01875,1.71576,0.0027,2.3,48.0000,1.7500,0.0544,1.2983
1745501,50.0000,50.1473,49.8509,-0.01241,1.12489,-1.11248,0.01962,1.76911,0.0028,2.4,48.0000,1.7800,-0.0174,1.3391
1746001,50.0000,50.1527,49.8455,-0.00710,1.14085,-1.13375,0.02052,1.82288,0.0029,2.5,48.0000,1.8000,-0.0165,1.3391
1746501,50.0000,50.1582,49.8400,-0.00286,1.16381,-1.16095,0.02145,1.87770,0.0031,2.6,48.0000,1.8300,-0.0149,1.3391
1747001,50.0000,50.1636,49.8345,0.00054,1.19236,-1.19290,0.02240,1.93382,0.0032,2.6,48.0000,1.8500,-0.0140,1.3392
1747501,49.9982,50.1582,49.8400,0.00073,1.22135,-1.22208,0.02338,1.99146,0.0033,2.7,48.0000,1.8800,-0.0132,1.4229
1748001,49.9891,50.1564,49.8418,-0.00452,1.22947,-1.22494,0.02439,2.04988,0.0035,2.8,48.0000,1.9000,0.0602,1.4653
1748501,49.9873,50.1636,49.8345,-0.01641,1.24516,-1.22875,0.02543,2.10857,0.0036,2.9,48.0000,1.9300,0.0619,1.4653
1749001,49.9964,50.1745,49.8236,-0.01702,1.27315,-1.25614,0.02650,2.16809,0.0038,3.0,48.0000,1.9500,-0.0090,1.4229
1749501,49.9964,50.1691,49.8291,-0.01501,1.28160,-1.26659,0.02760,2.22852,0.0039,3.0,48.0000,1.9800,-0.0078,1.5066
1750001,49.9964,50.1745,49.8236,-0.01329,1.29713,-1.28384,0.02873,2.28953,0.0041,3.1,48.0000,2.0000,-0.0064,1.5066
1750501,49.9964,50.1818,49.8164,-0.01180,1.32035,-1.30855,0.02989,2.35150,0.0043,3.2,48.0000,2.0300,-0.0043,1.5066
1751001,49.9945,50.1855,49.8127,-0.01258,1.34978,-1.33720,0.03108,2.41474,0.0044,3.3,48.0000,2.0500,-0.0029,1.5066
1751501,49.9945,50.1818,49.8164,-0.01348,1.35864,-1.34516,0.03230,2.47882,0.0046,3.4,48.0000,2.0800,-0.0009,1.5903
1752001,49.9945,50.1855,49.8127,-0.01401,1.37574,-1.36174,0.03356,2.54351,0.0048,3.5,48.0000,2.1000,0.0009,1.5903
1752501,49.9927,50.1927,49.8055,-0.01679,1.40071,-1.38392,0.03485,2.60912,0.0050,3.6,48.0000,2.1300,0.0031,1.5903
1753001,49.9927,50.1982,49.8000,-0.01877,1.43040,-1.41163,0.03617,2.67598,0.0052,3.7,48.0000,2.1500,0.0049,1.5903
1753501,49.9909,50.1927,49.8055,-0.02171,1.43984,-1.41813,0.03752,2.74367,0.0054,3.7,48.0000,2.1800,0.0079,1.6740
1754001,49.9909,50.1982,49.8000,-0.02473,1.45780,-1.43307,0.03891,2.81192,0.0056,3.8,48.0000,2.2000,0.0094,1.6740
1754501,49.9891,50.2055,49.7927,-0.02741,1.48293,-1.45552,0.04034,2.88114,0.0058,3.9,48.0000,2.2300,0.0125,1.6740
1755001,49.9891,50.1982,49.8000,-0.03126,1.49310,-1.46184,0.04179,2.95121,0.0060,4.0,48.0000,2.2500,0.0151,1.7577
1755501,49.9873,50.2036,49.7945,-0.03562,1.50687,-1.47125,0.04329,3.02163,0.0062,4.1,48.0000,2.2800,0.0180,1.7576
1756001,49.9873,50.2091,49.7891,-0.03970,1.52821,-1.48850,0.04482,3.09275,0.0064,4.2,48.0000,2.3000,0.0200,1.7576
1756501,49.9855,50.2164,49.7818,-0.04517,1.55694,-1.51177,0.04638,3.16494,0.0066,4.3,48.0000,2.3300,0.0232,1.7576
1757001,49.9836,50.2091,49.7891,-0.05024,1.56927,-1.51903,0.04798,3.23808,0.0069,4.4,48.0000,2.3500,0.0269,1.8412
1757501,49.9836,50.2164,49.7818,-0.05535,1.58544,-1.53010,0.04962,3.31164,0.0071,4.5,48.0000,2.3800,0.0302,1.8412
1758001,49.9818,50.2218,49.7764,-0.06111,1.60904,-1.54793,0.05129,3.38601,0.0073,4.6,48.0000,2.4000,0.0328,1.8411
1758501,49.9800,50.2291,49.7691,-0.06734,1.63909,-1.57175,0.05300,3.46151,0.0076,4.7,48.0000,2.4300,0.0366,1.8411
1759001,49.9782,50.2218,49.7764,-0.07390,1.65287,-1.57897,0.05475,3.53800,0.0078,4.8,48.0000,2.4500,0.0409,1.9247
1759501,49.9764,50.2291,49.7691,-0.08067,1.67025,-1.58958,0.05654,3.61494,0.0081,4.9,48.0000,2.4800,0.0449,1.9246
1760001,49.9836,50.2400,49.7582,-0.08316,1.69895,-1.61579,0.05837,3.69279,0.0083,5.0,48.0000,2.5000,-0.0260,1.8845
1760501,49.9836,50.2345,49.7636,-0.07881,1.72007,-1.64127,0.06023,3.77207,0.0086,5.1,48.0000,2.5300,-0.0194,1.9682
1761001,49.9818,50.2400,49.7582,-0.07710,1.73875,-1.66165,0.06214,3.85217,0.0089,5.3,48.0000,2.5500,-0.0167,1.9683
1761501,49.9800,50.2473,49.7509,-0.07742,1.76483,-1.68741,0.06409,3.93331,0.0092,5.4,48.0000,2.5800,-0.0121,1.9683
1762001,49.9800,50.2400,49.7582,-0.07817,1.78369,-1.70552,0.06607,4.01568,0.0094,5.5,48.0000,2.6000,-0.0063,2.0520
1762501,49.9782,50.2473,49.7509,-0.08084,1.79612,-1.71528,0.06810,4.09853,0.0097,5.6,48.0000,2.6300,-0.0016,2.0520
1763001,49.9764,50.2527,49.7455,-0.08453,1.81795,-1.73342,0.07017,4.18210,0.0100,5.7,48.0000,2.6500,0.0017,2.0520
1763501,49.9727,50.2600,49.7382,-0.09049,1.84710,-1.75661,0.07229,4.26676,0.0103,5.8,48.0000,2.6800,0.0069,2.0520
1764001,49.9727,50.2527,49.7455,-0.09660,1.87024,-1.77364,0.07444,4.35270,0.0106,5.9,48.0000,2.7000,0.0136,2.1356
1764501,49.9691,50.2600,49.7382,-0.10393,1.88607,-1.78214,0.07664,4.43921,0.0109,6.1,48.0000,2.7300,0.0195,2.1355
1765001,49.9673,50.2655,49.7327,-0.11218,1.90947,-1.79729,0.07888,4.52643,0.0113,6.2,48.0000,2.7500,0.0229,2.1355
1765501,49.9655,50.2618,49.7364,-0.12108,1.93441,-1.81333,0.08116,4.61470,0.0116,6.3,48.0000,2.7800,0.0328,2.2190
1766001,49.9636,50.2655,49.7327,-0.12944,1.94442,-1.81498,0.08349,4.70348,0.0119,6.4,48.0000,2.8000,0.0368,2.2190
1766501,49.9600,50.2727,49.7255,-0.13990,1.96537,-1.82548,0.08587,4.79279,0.0123,6.5,48.0000,2.8300,0.0430,2.2189
1767001,49.9582,50.2782,49.7200,-0.15049,1.99265,-1.84216,0.08829,4.88298,0.0126,6.7,48.0000,2.8500,0.0470,2.2188
1767501,49.9636,50.2800,49.7182,-0.15890,2.00222,-1.84333,0.09075,4.97382,0.0130,6.8,48.0000,2.8800,-0.0163,2.2645
1768001,49.9618,50.2855,49.7127,-0.15870,2.02652,-1.86782,0.09326,5.06534,0.0133,6.9,48.0000,2.9000,-0.0122,2.2646
1768501,49.9600,50.2927,49.7055,-0.16088,2.05690,-1.89602,0.09582,5.15812,0.0137,7.0,48.0000,2.9300,-0.0054,2.2646
1769001,49.9582,50.2982,49.7000,-0.16486,2.09285,-1.92799,0.09842,5.25238,0.0141,7.2,48.0000,2.9500,-0.0007,2.2646
1769501,49.9545,50.2927,49.7055,-0.17073,2.10852,-1.93779,0.10107,5.34774,0.0144,7.3,48.0000,2.9800,0.0122,2.3481
1770001,49.9527,50.2982,49.7000,-0.17859,2.13185,-1.95326,0.10377,5.44384,0.0148,7.4,48.0000,3.0000,0.0170,2.3481
1770501,49.9491,50.2945,49.7036,-0.18743,2.14698,-1.95955,0.10651,5.54080,0.0152,7.6,48.0000,3.0300,0.0306,2.4315
1771001,49.9455,50.2982,49.7000,-0.19863,2.16022,-1.96160,0.10931,5.63803,0.0156,7.7,48.0000,3.0500,0.0362,2.4314
1771501,49.9418,50.3073,49.6909,-0.21053,2.18392,-1.97338,0.11215,5.73587,0.0160,7.8,48.0000,3.0800,0.0440,2.4313
1772001,49.9400,50.3127,49.6855,-0.22392,2.21545,-1.99153,0.11504,5.83474,0.0164,8.0,48.0000,3.1000,0.0496,2.4312
1772501,49.9364,50.3073,49.6909,-0.23799,2.23661,-1.99862,0.11799,5.93474,0.0169,8.1,48.0000,3.1300,0.0650,2.5144
1773001,49.9418,50.3182,49.6800,-0.24158,2.25962,-2.01805,0.12098,6.03534,0.0173,8.2,48.0000,3.1500,-0.0051,2.4787
1773501,49.9382,50.3145,49.6836,-0.24705,2.28758,-2.04053,0.12402,6.13720,0.0177,8.4,48.0000,3.1800,0.0115,2.5621
1774001,49.9345,50.3200,49.6782,-0.25438,2.30062,-2.04625,0.12712,6.23973,0.0182,8.5,48.0000,3.2000,0.0174,2.5621
1774501,49.9309,50.3273,49.6709,-0.26401,2.32278,-2.05877,0.13026,6.34290,0.0186,8.7,48.0000,3.2300,0.0274,2.5620
1775001,49.9273,50.3327,49.6655,-0.27555,2.35293,-2.07737,0.13346,6.44707,0.0191,8.8,48.0000,3.2500,0.0333,2.5619
1775501,49.9218,50.3273,49.6709,-0.29001,2.38328,-2.09327,0.13671,6.55252,0.0195,8.9,48.0000,3.2800,0.0518,2.6450
1776001,49.9200,50.3327,49.6655,-0.30509,2.39997,-2.09488,0.14001,6.65863,0.0200,9.1,48.0000,3.3000,0.0585,2.6449
1776501,49.9218,50.3455,49.6527,-0.31524,2.42944,-2.11420,0.14337,6.76550,0.0205,9.2,48.0000,3.3300,-0.0071,2.6109
1777001,49.9200,50.3382,49.6600,-0.32108,2.44436,-2.12327,0.14678,6.87342,0.0210,9.4,48.0000,3.3500,0.0087,2.6941
1777501,49.9145,50.3473,49.6509,-0.33045,2.46565,-2.13520,0.15024,6.98189,0.0215,9.5,48.0000,3.3800,0.0199,2.6940
1778001,49.9109,50.3527,49.6455,-0.34251,2.49539,-2.15288,0.15376,7.09132,0.0220,9.7,48.0000,3.4000,0.0273,2.6940
1778501,49.9055,50.3473,49.6509,-0.35710,2.51568,-2.15858,0.15733,7.20183,0.0225,9.8,48.0000,3.4300,0.0486,2.7769
1779001,49.9018,50.3527,49.6455,-0.37314,2.53285,-2.15971,0.16096,7.31271,0.0230,10.0,48.0000,3.4500,0.0569,2.7767
1779501,49.9036,50.3655,49.6327,-0.38852,2.56160,-2.17308,0.16464,7.42433,0.0235,10.1,48.0000,3.4800,-0.0089,2.7443
1780001,49.9018,50.3582,49.6400,-0.39590,2.58836,-2.19246,0.16838,7.53725,0.0241,10.3,48.0000,3.5000,0.0104,2.8273
1780501,49.8945,50.3655,49.6327,-0.40776,2.60956,-2.20180,0.17218,7.65091,0.0246,10.4,48.0000,3.5300,0.0234,2.8272
1781001,49.8909,50.3709,49.6273,-0.42147,2.63746,-2.21599,0.17604,7.76546,0.0251,10.6,48.0000,3.5500,0.0318,2.8271
1781501,49.8855,50.3673,49.6309,-0.43908,2.66891,-2.22984,0.17995,7.88120,0.0257,10.8,48.0000,3.5800,0.0568,2.9098
1782001,49.8800,50.3727,49.6255,-0.45725,2.68509,-2.22784,0.18392,7.99762,0.0263,10.9,48.0000,3.6000,0.0655,2.9096
1782501,49.8818,50.3855,49.6127,-0.47025,2.71409,-2.24385,0.18794,8.11473,0.0268,11.1,48.0000,3.6300,0.0016,2.8789
1783001,49.8782,50.3782,49.6200,-0.48078,2.73127,-2.25050,0.19203,8.23290,0.0274,11.2,48.0000,3.6500,0.0238,2.9616
1783501,49.8709,50.3855,49.6127,-0.49530,2.75263,-2.25733,0.19618,8.35150,0.0280,11.4,48.0000,3.6800,0.0381,2.9614
1784001,49.8655,50.3909,49.6073,-0.51383,2.78337,-2.26954,0.20038,8.47109,0.0286,11.6,48.0000,3.7000,0.0483,2.9613
1784501,49.8582,50.3855,49.6127,-0.53483,2.80344,-2.26861,0.20465,8.59163,0.0292,11.7,48.0000,3.7300,0.0766,3.0435
1785001,49.8618,50.3964,49.6018,-0.54789,2.82725,-2.27936,0.20897,8.71268,0.0299,11.9,48.0000,3.7500,0.0085,3.0144
1785501,49.8527,50.4036,49.5945,-0.56376,2.86052,-2.29676,0.21336,8.83482,0.0305,12.1,48.0000,3.7800,0.0245,3.0143
1786001,49.8491,50.3964,49.6018,-0.58206,2.88833,-2.30627,0.21781,8.95832,0.0311,12.2,48.0000,3.8000,0.0499,3.0966
1786501,49.8400,50.4055,49.5927,-0.60283,2.90971,-2.30689,0.22232,9.08241,0.0318,12.4,48.0000,3.8300,0.0662,3.0962
1787001,49.8436,50.4145,49.5836,-0.61737,2.94388,-2.32651,0.22689,9.20744,0.0324,12.6,48.0000,3.8500,-0.0021,3.0685
1787501,49.8364,50.4109,49.5873,-0.63158,2.95838,-2.32680,0.23153,9.33335,0.0331,12.7,48.0000,3.8800,0.0310,3.1506
1788001,49.8309,50.4145,49.5836,-0.65042,2.98232,-2.33190,0.23623,9.45991,0.0337,12.9,48.0000,3.9000,0.0426,3.1505
1788501,49.8200,50.4218,49.5764,-0.67440,3.01603,-2.34164,0.24099,9.58744,0.0344,13.1,48.0000,3.9300,0.0607,3.1502
1789001,49.8164,50.4164,49.5818,-0.69858,3.03360,-2.33503,0.24581,9.71577,0.0351,13.3,48.0000,3.9500,0.0895,3.2319
1789501,49.8145,50.4273,49.5709,-0.71427,3.06177,-2.34749,0.25070,9.84483,0.0358,13.4,48.0000,3.9800,0.0284,3.2058
1790001,49.8109,50.4200,49.5782,-0.73383,3.08484,-2.35101,0.25566,9.97487,0.0365,13.6,48.0000,4.0000,0.0590,3.2874
1790501,49.8000,50.4273,49.5709,-0.75660,3.10218,-2.34557,0.26068,10.10541,0.0372,13.8,48.0000,4.0300,0.0787,3.2869
1791001,49.8018,50.4382,49.5600,-0.77327,3.13206,-2.35879,0.26576,10.23664,0.0380,14.0,48.0000,4.0500,0.0114,3.2622
1791501,49.7927,50.4345,49.5636,-0.79568,3.16978,-2.37410,0.27091,10.36930,0.0387,14.1,48.0000,4.0800,0.0504,3.3435
1792001,49.7855,50.4382,49.5600,-0.81839,3.18943,-2.37104,0.27613,10.50289,0.0394,14.3,48.0000,4.1000,0.0642,3.3433
1792501,49.7818,50.4509,49.5473,-0.83982,3.22424,-2.38442,0.28142,10.63730,0.0402,14.5,48.0000,4.1300,0.0045,3.3197
1793001,49.7764,50.4436,49.5545,-0.85968,3.24417,-2.38449,0.28677,10.77280,0.0410,14.7,48.0000,4.1500,0.0396,3.4008
1793501,49.7655,50.4509,49.5473,-0.88471,3.26915,-2.38444,0.29219,10.90890,0.0417,14.9,48.0000,4.1800,0.0607,3.4005
1794001,49.7655,50.4600,49.5382,-0.90878,3.30308,-2.39430,0.29768,11.04598,0.0425,15.1,48.0000,4.2000,-0.0052,3.3783
1794501,49.7564,50.4545,49.5436,-0.92988,3.32936,-2.39948,0.30324,11.18430,0.0433,15.3,48.0000,4.2300,0.0385,3.4590
1795001,49.7473,50.4600,49.5382,-0.95523,3.35457,-2.39934,0.30886,11.32330,0.0441,15.4,48.0000,4.2500,0.0544,3.4588
1795501,49.7455,50.4600,49.5382,-0.98338,3.38316,-2.39978,0.31456,11.46326,0.0449,15.6,48.0000,4.2800,0.0191,3.5184
1796001,49.7382,50.4636,49.5345,-1.00383,3.40142,-2.39759,0.32033,11.60391,0.0458,15.8,48.0000,4.3000,0.0353,3.5183
1796501,49.7255,50.4709,49.5273,-1.03090,3.43021,-2.39931,0.32616,11.74530,0.0466,16.0,48.0000,4.3300,0.0588,3.5180
1797001,49.7164,50.4745,49.5236,-1.06350,3.46567,-2.40217,0.33207,11.88783,0.0474,16.2,48.0000,4.3500,0.0758,3.5176
1797501,49.7127,50.4745,49.5236,-1.08645,3.48711,-2.40067,0.33805,12.03126,0.0483,16.4,48.0000,4.3800,0.0431,3.5784
1798001,49.7036,50.4782,49.5200,-1.11565,3.51530,-2.39964,0.34410,12.17551,0.0492,16.6,48.0000,4.4000,0.0604,3.5782
1798501,49.7018,50.4782,49.5200,-1.14099,3.53933,-2.39834,0.35023,12.32078,0.0500,16.8,48.0000,4.4300,0.0297,3.6397
1799001,49.6927,50.4818,49.5164,-1.16608,3.56086,-2.39478,0.35642,12.46660,0.0509,17.0,48.0000,4.4500,0.0473,3.6395
1799501,49.6800,50.4764,49.5218,-1.19870,3.58739,-2.38869,0.36269,12.61325,0.0518,17.2,48.0000,4.4800,0.1007,3.7184
1800001,49.6782,50.4855,49.5127,-1.22867,3.60147,-2.37280,0.36904,12.76028,0.0527,17.4,48.0000,4.5000,0.0374,3.7017
1800501,49.6636,50.4909,49.5073,-1.25753,3.62855,-2.37102,0.37545,12.90806,0.0536,17.6,48.0000,4.5300,0.0655,3.7013
1801001,49.6527,50.4945,49.5036,-1.29389,3.66258,-2.36869,0.38194,13.05687,0.0546,17.8,48.0000,4.5500,0.0843,3.7009
1801501,49.6491,50.4945,49.5036,-1.32355,3.70303,-2.37948,0.38851,13.20715,0.0555,18.0,48.0000,4.5800,0.0594,3.7642
1802001,49.6473,50.5018,49.4964,-1.35077,3.72778,-2.37701,0.39515,13.35848,0.0565,18.2,48.0000,4.6000,-0.0040,3.7498
1802501,49.6345,50.4964,49.5018,-1.37641,3.74599,-2.36958,0.40187,13.51056,0.0574,18.4,48.0000,4.6300,0.0558,3.8280
1803001,49.6236,50.5000,49.4982,-1.40794,3.76336,-2.35543,0.40866,13.66313,0.0584,18.6,48.0000,4.6500,0.0761,3.8276
1803501,49.6145,50.5091,49.4891,-1.44513,3.79175,-2.34662,0.41553,13.81640,0.0594,18.8,48.0000,4.6800,0.0241,3.8145
1804001,49.6073,50.5018,49.4964,-1.47710,3.81769,-2.34059,0.42248,13.97071,0.0604,19.1,48.0000,4.7000,0.0764,3.8920
1804501,49.5982,50.5109,49.4873,-1.50726,3.83899,-2.33173,0.42950,14.12567,0.0614,19.3,48.0000,4.7300,0.0257,3.8801
1805001,49.5873,50.5145,49.4836,-1.53995,3.86929,-2.32934,0.43660,14.28153,0.0624,19.5,48.0000,4.7500,0.0471,3.8799
1805501,49.5818,50.5127,49.4855,-1.57755,3.90262,-2.32507,0.44378,14.43859,0.0634,19.7,48.0000,4.7800,0.0299,3.9463
1806001,49.5691,50.5164,49.4818,-1.60861,3.92366,-2.31504,0.45104,14.59656,0.0644,19.9,48.0000,4.8000,0.0517,3.9461
1806501,49.5509,50.5218,49.4764,-1.64910,3.95527,-2.30617,0.45838,14.75538,0.0655,20.1,48.0000,4.8300,0.0862,3.9455
1807001,49.5509,50.5164,49.4818,-1.68160,3.97251,-2.29091,0.46580,14.91510,0.0665,20.3,48.0000,4.8500,0.0601,4.0129
1807501,49.5400,50.5255,49.4727,-1.71840,3.99546,-2.27706,0.47330,15.07544,0.0676,20.6,48.0000,4.8800,0.0127,4.0046
1808001,49.5273,50.5291,49.4691,-1.75248,4.02858,-2.27610,0.48087,15.23675,0.0687,20.8,48.0000,4.9000,0.0358,4.0044
1808501,49.5109,50.5218,49.4764,-1.79319,4.05182,-2.25862,0.48853,15.39923,0.0698,21.0,48.0000,4.9300,0.1089,4.0794
1809001,49.5073,50.5291,49.4691,-1.82870,4.07459,-2.24588,0.49627,15.56236,0.0709,21.2,48.0000,4.9500,0.0498,4.0728
1809501,49.5000,50.5255,49.4727,-1.86822,4.09986,-2.23165,0.50410,15.72645,0.0720,21.5,48.0000,4.9800,0.0411,4.1420
1810001,49.4873,50.5273,49.4709,-1.90090,4.11193,-2.21103,0.51200,15.89105,0.0731,21.7,48.0000,5.0000,0.0669,4.1416
1810501,49.4655,50.5327,49.4673,-1.94514,4.13712,-2.19198,0.51999,16.05637,0.0743,21.9,48.0000,5.0300,0.1060,4.1408
1811001,49.4600,50.5382,49.4618,-1.98747,4.16989,-2.18242,0.52806,16.22272,0.0754,22.1,48.0000,5.0500,0.0481,4.1368
1811501,49.4564,50.5418,49.4691,-2.03086,4.18753,-2.15667,0.53621,16.38993,0.0766,22.4,48.0000,5.0800,0.0444,4.2074
1812001,49.4491,50.5491,49.4745,-2.07115,4.21277,-2.14161,0.54445,16.55803,0.0778,22.6,48.0000,5.1000,0.0716,4.2070
1812501,49.4382,50.5600,49.4709,-2.11473,4.24690,-2.13217,0.55277,16.72728,0.0790,22.8,48.0000,5.1300,0.0296,4.2050
1813001,49.4382,50.5600,49.4891,-2.15649,4.26465,-2.10815,0.56117,16.89775,0.0802,23.1,48.0000,5.1500,0.0981,4.2775
1813501,49.4291,50.5691,49.4873,-2.19399,4.28687,-2.09289,0.56966,17.06872,0.0814,23.3,48.0000,5.1800,0.0578,4.2766
1814001,49.4200,50.5782,49.4909,-2.24135,4.31598,-2.07463,0.57824,17.24073,0.0826,23.5,48.0000,5.2000,0.0864,4.2761
1814501,49.4182,50.5800,49.5036,-2.28711,4.33642,-2.04931,0.58691,17.41398,0.0838,23.8,48.0000,5.2300,0.0894,4.3483
1815001,49.4091,50.5891,49.5091,-2.33405,4.35350,-2.01944,0.59566,17.58766,0.0851,24.0,48.0000,5.2500,0.1195,4.3476
1815501,49.4000,50.5982,49.5091,-2.37826,4.37923,-2.00097,0.60449,17.76233,0.0864,24.2,48.0000,5.2800,0.0809,4.3493
1816001,49.4018,50.5964,49.5200,-2.42317,4.39858,-1.97541,0.61342,17.93811,0.0876,24.5,48.0000,5.3000,0.0725,4.4229
1816501,49.3891,50.6091,49.5291,-2.46857,4.41191,-1.94334,0.62243,18.11454,0.0889,24.7,48.0000,5.3300,0.1194,4.4219
1817001,49.3836,50.6145,49.5273,-2.51144,4.43162,-1.92018,0.63153,18.29155,0.0902,25.0,48.0000,5.3500,0.0675,4.4262
1817501,49.3800,50.6182,49.5418,-2.56140,4.45432,-1.89291,0.64072,18.46955,0.0915,25.2,48.0000,5.3800,0.0791,4.5006
1818001,49.3727,50.6255,49.5491,-2.60335,4.46167,-1.85832,0.65000,18.64797,0.0929,25.4,48.0000,5.4000,0.1123,4.4998
1818501,49.3618,50.6364,49.5527,-2.65065,4.47834,-1.82769,0.65937,18.82726,0.0942,25.7,48.0000,5.4300,0.0788,4.5060
1819001,49.3527,50.6455,49.5600,-2.70324,4.50196,-1.79872,0.66883,19.00742,0.0955,25.9,48.0000,5.4500,0.1121,4.5053
1819501,49.3473,50.6509,49.5545,-2.74912,4.52853,-1.77942,0.67838,19.18882,0.0969,26.2,48.0000,5.4800,-0.0033,4.5222
1820001,49.3455,50.6527,49.5764,-2.79181,4.54892,-1.75711,0.68802,19.37143,0.0983,26.4,48.0000,5.5000,0.0812,4.5891
1820501,49.3364,50.6618,49.5800,-2.83456,4.55951,-1.72495,0.69775,19.55453,0.0997,26.7,48.0000,5.5300,0.0501,4.5987
1821001,49.3273,50.6709,49.5891,-2.88412,4.57757,-1.69345,0.70757,19.73847,0.1011,26.9,48.0000,5.5500,0.0862,4.5982
1821501,49.3255,50.6727,49.6073,-2.94250,4.59663,-1.65413,0.71749,19.92344,0.1025,27.2,48.0000,5.5800,0.1088,4.6748
1822001,49.3218,50.6764,49.6091,-2.98446,4.59737,-1.61291,0.72750,20.10941,0.1039,27.4,48.0000,5.6000,0.0628,4.6869
1822501,49.3073,50.6909,49.6255,-3.03398,4.60689,-1.57291,0.73760,20.29539,0.1054,27.7,48.0000,5.6300,0.1191,4.6858
1823001,49.3036,50.6945,49.6273,-3.08212,4.62071,-1.53859,0.74779,20.48231,0.1068,27.9,48.0000,5.6500,0.0746,4.6994
1823501,49.2945,50.7036,49.6364,-3.13816,4.63972,-1.50156,0.75808,20.67017,0.1083,28.2,48.0000,5.6800,0.0489,4.7139
1824001,49.2855,50.7127,49.6473,-3.19263,4.66022,-1.46759,0.76846,20.85923,0.1098,28.5,48.0000,5.7000,0.0870,4.7133
1824501,49.2836,50.7145,49.6691,-3.24689,4.66979,-1.42290,0.77894,21.04945,0.1113,28.7,48.0000,5.7300,0.1200,4.7915
1825001,49.2782,50.7200,49.6727,-3.29063,4.67136,-1.38073,0.78951,21.24018,0.1128,29.0,48.0000,5.7500,0.0782,4.8084
1825501,49.2709,50.7273,49.6818,-3.34243,4.67834,-1.33591,0.80018,21.43141,0.1143,29.2,48.0000,5.7800,0.0567,4.8261
1826001,49.2618,50.7364,49.6964,-3.39421,4.68882,-1.29461,0.81094,21.62341,0.1158,29.5,48.0000,5.8000,0.0980,4.8255
1826501,49.2527,50.7455,49.7073,-3.44871,4.70150,-1.25279,0.82180,21.81639,0.1174,29.8,48.0000,5.8300,0.0783,4.8447
1827001,49.2436,50.7545,49.7200,-3.51016,4.71823,-1.20808,0.83276,22.01046,0.1190,30.0,48.0000,5.8500,0.1199,4.8438
1827501,49.2400,50.7582,49.7255,-3.56475,4.73269,-1.16794,0.84381,22.20571,0.1205,30.3,48.0000,5.8800,0.0215,4.8870
1828001,49.2400,50.7582,49.7509,-3.61421,4.73689,-1.12267,0.85496,22.40205,0.1221,30.6,48.0000,5.9000,0.1248,4.9446
1828501,49.2309,50.7673,49.7655,-3.66430,4.73099,-1.06669,0.86621,22.59864,0.1237,30.8,48.0000,5.9300,0.1111,4.9669
1829001,49.2236,50.7745,49.7800,-3.72039,4.72917,-1.00878,0.87756,22.79605,0.1254,31.1,48.0000,5.9500,0.1548,4.9657
1829501,49.2200,50.7782,49.7873,-3.77065,4.72795,-0.95730,0.88901,22.99413,0.1270,31.4,48.0000,5.9800,0.0625,5.0154
1830001,49.2127,50.7855,49.8036,-3.81976,4.72740,-0.90764,0.90056,23.19272,0.1287,31.6,48.0000,6.0000,0.1089,5.0146
1830501,49.2055,50.7927,49.8200,-3.87438,4.72942,-0.85504,0.91220,23.39213,0.1303,31.9,48.0000,6.0300,0.0987,5.0406
1831001,49.1964,50.8018,49.8382,-3.93584,4.73244,-0.79660,0.92395,23.59255,0.1320,32.2,48.0000,6.0500,0.1454,5.0395
1831501,49.1873,50.8109,49.8545,-3.99849,4.73951,-0.74102,0.93580,23.79410,0.1337,32.5,48.0000,6.0800,0.1376,5.0667
1832001,49.1836,50.8145,49.8655,-4.06364,4.74499,-0.68135,0.94774,23.99686,0.1354,32.7,48.0000,6.1000,0.1068,5.0957
1832501,49.1782,50.8200,49.8836,-4.12066,4.74553,-0.62487,0.95979,24.20078,0.1371,33.0,48.0000,6.1300,0.1025,5.1253
1833001,49.1745,50.8236,49.8945,-4.16798,4.74183,-0.57385,0.97194,24.40558,0.1388,33.3,48.0000,6.1500,0.0741,5.1565
1833501,49.1691,50.8291,49.9145,-4.22567,4.73948,-0.51381,0.98420,24.61113,0.1406,33.6,48.0000,6.1800,0.0717,5.1883
1834001,49.1618,50.8364,49.9345,-4.28004,4.73338,-0.45334,0.99656,24.81749,0.1424,33.9,48.0000,6.2000,0.1223,5.1874
1834501,49.1564,50.8418,49.9564,-4.33763,4.72538,-0.38775,1.00902,25.02481,0.1441,34.1,48.0000,6.2300,0.1223,5.2204
1835001,49.1545,50.8436,49.9673,-4.38500,4.71276,-0.32776,1.02158,25.23271,0.1459,34.4,48.0000,6.2500,0.0989,5.2550
1835501,49.1491,50.8491,49.9909,-4.44234,4.70002,-0.25768,1.03425,25.44145,0.1477,34.7,48.0000,6.2800,0.1020,5.2901
1836001,49.1364,50.8618,50.0018,-4.49791,4.69187,-0.19396,1.04702,25.65083,0.1496,35.0,48.0000,6.3000,0.0848,5.2432
1836501,49.1327,50.8655,50.0255,-4.56119,4.69298,-0.13179,1.05990,25.86157,0.1514,35.3,48.0000,6.3300,0.0900,5.2804
1837001,49.1309,50.8673,50.0400,-4.61134,4.68379,-0.07245,1.07288,26.07330,0.1533,35.6,48.0000,6.3501,0.0703,5.3190
1837501,49.1273,50.8709,50.0655,-4.66903,4.67154,-0.00251,1.08597,26.28602,0.1551,35.9,48.0000,6.3801,0.0804,5.3583
1838001,49.1218,50.8764,50.0873,-4.72249,4.65397,0.06852,1.09917,26.49965,0.1570,36.2,48.0000,6.4001,0.1353,5.3572
1838501,49.1182,50.8800,50.1145,-4.77960,4.63236,0.14724,1.11247,26.71411,0.1589,36.4,48.0000,6.4301,0.1480,5.3972
1839001,49.1182,50.8800,50.1309,-4.82329,4.60185,0.22144,1.12588,26.92883,0.1608,36.7,48.0000,6.4501,0.1333,5.4390
1839501,49.1091,50.8891,50.1491,-4.88341,4.59136,0.29205,1.13940,27.14467,0.1628,37.0,48.0000,6.4801,0.0746,5.4420
1840001,49.1036,50.8945,50.1727,-4.93670,4.57231,0.36439,1.15303,27.36140,0.1647,37.3,48.0000,6.5001,0.1328,5.4409
1840501,49.1018,50.8964,50.2036,-4.99205,4.54449,0.44756,1.16676,27.57899,0.1667,37.6,48.0000,6.5301,0.1521,5.4847
1841001,49.1036,50.8945,50.2200,-5.03483,4.50975,0.52508,1.18061,27.79738,0.1687,37.9,48.0000,6.5501,0.1433,5.5301
1841501,49.0964,50.9018,50.2400,-5.09196,4.49024,0.60172,1.19456,28.01637,0.1707,38.2,48.0000,6.5801,0.0893,5.5407
1842001,49.0927,50.9055,50.2673,-5.14149,4.46078,0.68072,1.20862,28.23628,0.1727,38.5,48.0000,6.6001,0.1513,5.5393
1842501,49.0873,50.9109,50.2909,-5.19637,4.43504,0.76133,1.22280,28.45714,0.1747,38.8,48.0000,6.6301,0.0993,5.5538
1843001,49.0818,50.9164,50.3182,-5.25624,4.41084,0.84540,1.23708,28.67899,0.1767,39.1,48.0000,6.6501,0.1615,5.5523
1843501,49.0836,50.9145,50.3327,-5.30256,4.37443,0.92813,1.25147,28.90198,0.1788,39.4,48.0000,6.6801,0.0474,5.6228
1844001,49.0800,50.9182,50.3600,-5.34928,4.34562,1.00366,1.26598,29.12558,0.1809,39.7,48.0000,6.7001,0.1119,5.6219
1844501,49.0818,50.9164,50.3945,-5.39595,4.30593,1.09002,1.28060,29.35012,0.1829,40.0,48.0000,6.7301,0.1451,5.6732
1845001,49.0745,50.9236,50.4145,-5.44717,4.27236,1.17481,1.29533,29.57540,0.1850,40.3,48.0000,6.7501,0.1313,5.6438
1845501,49.0764,50.9218,50.4491,-5.49038,4.22827,1.26210,1.31018,29.80142,0.1872,40.7,48.0000,6.7801,0.1681,5.6966
1846001,49.0764,50.9218,50.4618,-5.53849,4.18502,1.35347,1.32513,30.02833,0.1893,41.0,48.0000,6.8001,0.0931,5.7259
1846501,49.0727,50.9255,50.5073,-5.58778,4.14003,1.44775,1.34020,30.25612,0.1915,41.3,48.0000,6.8301,0.1952,5.7234
1847001,49.0727,50.9255,50.5200,-5.63197,4.09700,1.53497,1.35539,30.48489,0.1936,41.6,48.0000,6.8501,0.1231,5.7565
1847501,49.0727,50.9255,50.5473,-5.68166,4.04967,1.63199,1.37069,30.71450,0.1958,41.9,48.0000,6.8801,0.0872,5.7917
1848001,49.0727,50.9255,50.5800,-5.72320,4.00263,1.72056,1.38610,30.94508,0.1980,42.2,48.0000,6.9001,0.1578,5.7902
1848501,49.0727,50.9255,50.6091,-5.76706,3.95377,1.81328,1.40163,31.17660,0.2002,42.5,48.0000,6.9301,0.1252,5.8290
1849001,49.0727,50.9255,50.6436,-5.81188,3.89920,1.91268,1.41728,31.40896,0.2025,42.8,48.0000,6.9501,0.1976,5.8270
1849501,49.0745,50.9236,50.6727,-5.84885,3.84460,2.00424,1.43304,31.64218,0.2047,43.2,48.0000,6.9801,0.1687,5.8692
1850001,49.0782,50.9200,50.6855,-5.88551,3.78591,2.09960,1.44892,31.87632,0.2070,43.5,48.0000,7.0001,0.1052,5.9153
1850501,49.0745,50.9236,50.7291,-5.92345,3.73051,2.19294,1.46492,32.11092,0.2093,43.8,48.0000,7.0301,0.1339,5.8987
1851001,49.0836,50.9145,50.7509,-5.94969,3.66476,2.28492,1.48103,32.34623,0.2116,44.1,48.0000,7.0501,0.1565,5.9619
1851501,49.0745,50.9236,50.7891,-5.99613,3.60993,2.38620,1.49726,32.58274,0.2139,44.4,48.0000,7.0801,0.1063,5.9360
1852001,49.0836,50.9145,50.8109,-6.04008,3.55356,2.48652,1.51362,32.82067,0.2162,44.8,48.0000,7.1001,0.1318,6.0012
1852501,49.0836,50.9145,50.8564,-6.07778,3.48606,2.59172,1.53009,33.05914,0.2186,45.1,48.0000,7.1301,0.1657,5.9892
1853001,49.0891,50.9091,50.8691,-6.10374,3.42032,2.68342,1.54667,33.29947,0.2210,45.4,48.0000,7.1501,0.1120,6.0481
1853501,49.0982,50.8982,50.9000,-6.13002,3.34381,2.78621,1.56338,33.53979,0.2233,45.8,48.0000,7.1801,0.1019,6.1088
1854001,49.0836,50.8855,50.9145,-6.14592,3.26896,2.87696,1.58021,33.78012,0.2257,46.1,48.0000,7.2001,0.0991,6.1025
1854501,49.0618,50.8582,50.9364,-6.17256,3.19528,2.97728,1.59716,34.02199,0.2282,46.4,48.0000,7.2301,0.1378,6.0966
1855001,49.0455,50.8327,50.9527,-6.20741,3.11533,3.09208,1.61423,34.26440,0.2306,46.7,48.0000,7.2501,0.2201,6.0942
1855501,49.0382,50.8073,50.9600,-6.22249,3.02962,3.19287,1.63143,34.50854,0.2331,47.1,48.0000,7.2801,0.1348,6.1613
1856001,49.0255,50.7909,50.9727,-6.24487,2.94917,3.29570,1.64874,34.75268,0.2355,47.4,48.0000,7.3001,0.1340,6.1601
1856501,49.0055,50.7582,50.9927,-6.27358,2.86766,3.40592,1.66618,34.99820,0.2380,47.7,48.0000,7.3301,0.1772,6.1590
1857001,49.0036,50.7345,50.9945,-6.28432,2.78286,3.50146,1.68374,35.24424,0.2405,48.1,48.0000,7.3501,0.1417,6.2346
1857501,48.9873,50.7091,51.0109,-6.29484,2.69707,3.59777,1.70143,35.49084,0.2431,48.4,48.0000,7.3801,0.1046,6.2420
1858001,48.9764,50.6873,51.0218,-6.31006,2.61151,3.69855,1.71923,35.73880,0.2456,48.8,48.0000,7.4001,0.1087,6.2470
1858501,48.9564,50.6491,51.0418,-6.32743,2.52114,3.80629,1.73717,35.98726,0.2482,49.1,48.0000,7.4301,0.1573,6.2522
1859001,48.9582,50.6236,51.0400,-6.32379,2.42661,3.89718,1.75522,36.23713,0.2507,49.4,48.0000,7.4501,0.1306,6.3362
1859501,48.9436,50.5909,51.0545,-6.32071,2.31975,4.00096,1.77340,36.48699,0.2533,49.8,48.0000,7.4801,0.1018,6.3555
1860001,48.9327,50.5655,51.0655,-6.31957,2.22295,4.09661,1.79171,36.73685,0.2560,50.1,48.0000,7.5001,0.1100,6.3664
1860501,48.9164,50.5218,51.0818,-6.31952,2.11944,4.20009,1.81014,36.98806,0.2586,50.5,48.0000,7.5301,0.1670,6.3773
1861001,48.9055,50.4964,51.0927,-6.32085,2.01508,4.30577,1.82869,37.23983,0.2612,50.8,48.0000,7.5501,0.1775,6.3902
1861501,48.8945,50.4582,51.1036,-6.31971,1.90625,4.41346,1.84738,37.49251,0.2639,51.1,48.0000,7.5801,0.1556,6.4203
1862001,48.8855,50.4291,51.1127,-6.31537,1.79403,4.52134,1.86619,37.74619,0.2666,51.5,48.0000,7.6001,0.1687,6.4363
1862501,48.8745,50.3891,51.1236,-6.30621,1.68222,4.62400,1.88512,38.00089,0.2693,51.8,48.0000,7.6301,0.1511,6.4725
1863001,48.8673,50.3600,51.1309,-6.29235,1.57143,4.72092,1.90419,38.25648,0.2720,52.2,48.0000,7.6501,0.1662,6.4916
1863501,48.8473,50.3200,51.1509,-6.27900,1.45541,4.82360,1.92338,38.51206,0.2748,52.5,48.0000,7.6801,0.1728,6.4525
1864001,48.8400,50.2873,51.1582,-6.28159,1.33785,4.94374,1.94270,38.76945,0.2775,52.9,48.0000,7.7001,0.1918,6.4742
1864501,48.8327,50.2418,51.1655,-6.27044,1.21558,5.05485,1.96215,39.02858,0.2803,53.2,48.0000,7.7301,0.1820,6.5219
1865001,48.8255,50.2073,51.1727,-6.25038,1.09376,5.15662,1.98173,39.28802,0.2831,53.6,48.0000,7.7501,0.2034,6.5465
1865501,48.8255,50.1691,51.1727,-6.21965,0.96555,5.25410,2.00144,39.54933,0.2859,54.0,48.0000,7.7801,0.1212,6.6298
1866001,48.8200,50.1327,51.1782,-6.17875,0.84278,5.33597,2.02128,39.81064,0.2888,54.3,48.0000,7.8001,0.1484,6.6583
1866501,48.8055,50.0836,51.1927,-6.14099,0.71577,5.42521,2.04125,40.07195,0.2916,54.7,48.0000,7.8301,0.1616,6.6358
1867001,48.8018,50.0473,51.1964,-6.10438,0.58750,5.51688,2.06135,40.33337,0.2945,55.0,48.0000,7.8501,0.1907,6.6667
1867501,48.7927,50.0055,51.2055,-6.08114,0.45302,5.62812,2.08158,40.59658,0.2974,55.4,48.0000,7.8801,0.1295,6.6849
1868001,48.7909,49.9673,51.2073,-6.03881,0.32264,5.71617,2.10194,40.86095,0.3003,55.7,48.0000,7.9001,0.1622,6.7192
1868501,48.7800,49.9127,51.2182,-5.99315,0.18482,5.80833,2.12243,41.12608,0.3032,56.1,48.0000,7.9301,0.1795,6.7078
1869001,48.7782,49.8727,51.2200,-5.94371,0.04618,5.89753,2.14306,41.39120,0.3062,56.5,48.0000,7.9501,0.2161,6.7443
1869501,48.7745,49.8255,51.2236,-5.89844,-0.09075,5.98919,2.16383,41.65810,0.3091,56.8,48.0000,7.9801,0.1638,6.7794
1870001,48.7691,49.7945,51.2291,-5.84513,-0.23050,6.07562,2.18473,41.92513,0.3121,57.2,48.0000,8.0000,0.1301,6.7786
1870501,48.7727,49.7273,51.2255,-5.77949,-0.37664,6.15613,2.20576,42.19371,0.3151,57.6,48.0000,8.0000,0.2290,6.8182
1871001,48.7709,49.6927,51.2273,-5.70724,-0.52005,6.22729,2.22692,42.46265,0.3181,57.9,48.0000,8.0000,0.1981,6.8223
1871501,48.7727,49.6418,51.2255,-5.64526,-0.67328,6.31854,2.24822,42.73159,0.3212,58.3,48.0000,8.0000,0.1580,6.8755
1872001,48.7727,49.6073,51.2255,-5.56037,-0.81577,6.37614,2.26965,43.00052,0.3242,58.7,48.0000,8.0000,0.1296,6.8868
1872501,48.7691,49.5364,51.2291,-5.47580,-0.96712,6.44292,2.29121,43.26946,0.3273,59.0,48.0000,8.0000,0.2281,6.8490
1873001,48.7709,49.5018,51.2273,-5.39032,-1.11566,6.50598,2.31292,43.53908,0.3304,59.4,48.0000,8.0000,0.2015,6.8652
1873501,48.7709,49.4491,51.2273,-5.30666,-1.27257,6.57923,2.33476,43.80993,0.3335,59.8,48.0000,8.0000,0.1572,6.8536
1874001,48.7764,49.4145,51.2218,-5.21639,-1.41803,6.63442,2.35673,44.08077,0.3367,60.1,48.0000,8.0000,0.1338,6.8770
1874501,48.7836,49.3509,51.2145,-5.11511,-1.56341,6.67852,2.37884,44.35161,0.3398,60.5,48.0000,8.0000,0.1737,6.9021
1875001,48.7836,49.3055,51.2145,-5.01399,-1.71322,6.72722,2.40108,44.62246,0.3430,60.9,48.0000,8.0000,0.2133,6.8740
1875501,48.7891,49.2509,51.2091,-4.90699,-1.86269,6.76968,2.42346,44.89330,0.3462,61.2,48.0000,8.0000,0.1759,6.8812
1876001,48.7982,49.2145,51.2000,-4.79680,-2.01497,6.81177,2.44597,45.16414,0.3494,61.6,48.0000,8.0000,0.1579,6.9166
1876501,48.8109,49.1509,51.1873,-4.67431,-2.16355,6.83786,2.46862,45.43499,0.3527,62.0,48.0000,8.0000,0.2048,6.9533
1877001,48.8145,49.1036,51.1836,-4.55027,-2.31669,6.86697,2.49141,45.70583,0.3559,62.4,48.0000,8.0000,0.2491,6.9317
1877501,48.8236,49.0582,51.1745,-4.43703,-2.46737,6.90440,2.51433,45.97667,0.3592,62.7,48.0000,8.0000,0.1357,6.9429
1878001,48.8291,49.0109,51.1691,-4.31400,-2.61371,6.92771,2.53739,46.24752,0.3625,63.1,48.0000,8.0000,0.1798,6.9262
1878501,48.8364,48.9455,51.1618,-4.19121,-2.76912,6.96033,2.56058,46.51836,0.3658,63.5,48.0000,8.0000,0.2034,6.8972
1879001,48.8509,48.9109,51.1473,-4.06491,-2.91281,6.97772,2.58390,46.78920,0.3691,63.8,48.0000,8.0000,0.1971,6.9505
1879501,48.8618,48.8564,51.1418,-3.92990,-3.06538,6.99528,2.60736,47.06005,0.3725,64.2,48.0000,8.0000,0.1407,6.9216
1880001,48.9055,48.8473,51.1509,-3.79862,-3.20805,7.00667,2.63096,47.33089,0.3759,64.6,48.0000,8.0000,0.1398,6.9820
1880501,48.9545,48.8127,51.1855,-3.66273,-3.35899,7.02172,2.65469,47.60173,0.3792,64.9,48.0000,8.0000,0.2123,6.8984
1881001,49.0000,48.8055,51.1927,-3.52104,-3.50440,7.02544,2.67857,47.87258,0.3827,65.3,48.0000,8.0000,0.2162,6.9635
1881501,49.0491,48.7855,51.2127,-3.38507,-3.66040,7.04547,2.70257,48.14342,0.3861,65.7,48.0000,8.0000,0.1627,6.9574
1882001,49.0836,48.7727,51.2255,-3.23957,-3.79938,7.03895,2.72671,48.41426,0.3895,66.0,48.0000,8.0000,0.1287,6.9581
1882501,49.1545,48.7473,51.2509,-3.08620,-3.94502,7.03122,2.75098,48.68511,0.3930,66.4,48.0000,8.0000,0.2447,6.9565
1883001,49.1927,48.7364,51.2618,-2.93267,-4.08647,7.01914,2.77539,48.95595,0.3965,66.8,48.0000,8.0000,0.2117,6.9636
1883501,49.2509,48.7218,51.2764,-2.77970,-4.21878,6.99848,2.79993,49.22680,0.4000,67.2,48.0000,8.0000,0.1659,6.9815
1884001,49.2891,48.7145,51.2836,-2.62188,-4.34990,6.97178,2.82462,49.49764,0.4035,67.5,48.0000,8.0000,0.1349,6.9982
1884501,49.3564,48.6873,51.3109,-2.46338,-4.48999,6.95337,2.84944,49.76848,0.4071,67.9,48.0000,8.0000,0.2067,6.9391
1885001,49.4109,48.6873,51.3109,-2.29491,-4.61778,6.91269,2.87439,50.03933,0.4106,68.3,48.0000,8.0000,0.2322,7.0271
1885501,49.4655,48.6709,51.3273,-2.12701,-4.75534,6.88235,2.89948,50.31017,0.4142,68.6,48.0000,8.0000,0.1398,7.0061
1886001,49.5073,48.6564,51.3418,-1.96456,-4.88149,6.84605,2.92470,50.58101,0.4178,69.0,48.0000,8.0000,0.1404,6.9594
1886501,49.5818,48.6345,51.3636,-1.79914,-5.02579,6.82493,2.95006,50.85186,0.4214,69.4,48.0000,8.0000,0.2100,6.9137
1887001,49.6400,48.6382,51.3600,-1.62303,-5.15037,6.77339,2.97554,51.12270,0.4251,69.7,48.0000,8.0000,0.2491,7.0120
1887501,49.7018,48.6309,51.3673,-1.44473,-5.27784,6.72257,3.00117,51.39354,0.4287,70.1,48.0000,8.0000,0.1617,7.0206
1888001,49.7491,48.6182,51.3800,-1.26856,-5.39319,6.66176,3.02694,51.66439,0.4324,70.5,48.0000,8.0000,0.1618,6.9876
1888501,49.8309,48.6164,51.3818,-1.08638,-5.50582,6.59220,3.05285,51.93523,0.4361,70.8,48.0000,8.0000,0.2188,7.0380
1889001,49.8800,48.6073,51.3909,-0.90725,-5.61467,6.52191,3.07888,52.20607,0.4398,71.2,48.0000,8.0000,0.2209,7.0110
1889501,49.9455,48.5945,51.4036,-0.72639,-5.73381,6.46021,3.10505,52.47692,0.4436,71.6,48.0000,8.0000,0.1510,6.9677
1890001,49.9982,48.6000,51.3982,-0.54846,-5.84254,6.39100,3.13136,52.74776,0.4473,72.0,48.0000,8.0000,0.1436,7.0329
1890501,50.0836,48.5927,51.4055,-0.36165,-5.94380,6.30545,3.15779,53.01860,0.4511,72.3,48.0000,8.0000,0.2192,7.0160
1891001,50.1364,48.5873,51.4109,-0.17688,-6.04718,6.22406,3.18436,53.28945,0.4549,72.7,48.0000,8.0000,0.2217,7.0040
1891501,50.2091,48.5782,51.4200,0.01259,-6.16550,6.15291,3.21108,53.56029,0.4587,73.1,48.0000,8.0000,0.1553,6.9907
1892001,50.2636,48.5891,51.4091,0.20142,-6.26637,6.06495,3.23793,53.83113,0.4626,73.4,48.0000,8.0000,0.1603,7.0713
1892501,50.3527,48.5891,51.4091,0.39653,-6.35009,5.95356,3.26492,54.10198,0.4664,73.8,48.0000,8.0000,0.2421,7.0690
1893001,50.4091,48.5909,51.4073,0.59024,-6.43035,5.84011,3.29204,54.37282,0.4703,74.2,48.0000,8.0000,0.2495,7.0717
1893501,50.4727,48.5909,51.4073,0.78430,-6.50773,5.72343,3.31929,54.64367,0.4742,74.5,48.0000,8.0000,0.1129,7.0539
1894001,50.5291,48.5964,51.4018,0.96625,-6.58156,5.61531,3.34668,54.91451,0.4781,74.9,48.0000,8.0000,0.1230,7.0671
1894501,50.6218,48.6055,51.3927,1.15735,-6.64961,5.49227,3.37420,55.18535,0.4820,75.3,48.0000,8.0000,0.2100,7.0814
1895001,50.6782,48.6000,51.3982,1.34899,-6.72860,5.37962,3.40186,55.45620,0.4860,75.7,48.0000,8.0000,0.2081,7.0179
1895501,50.7527,48.6164,51.3818,1.54290,-6.79768,5.25478,3.42966,55.72704,0.4900,76.0,48.0000,8.0000,0.1560,7.0670
1896001,50.8091,48.6273,51.3709,1.73314,-6.84872,5.11558,3.45759,55.99788,0.4939,76.4,48.0000,8.0000,0.1722,7.0948
1896501,50.9036,48.6327,51.3655,1.93179,-6.90509,4.97330,3.48566,56.26873,0.4980,76.8,48.0000,8.0000,0.2455,7.0421
1897001,50.9509,48.6418,51.3564,2.11744,-6.95563,4.83819,3.51386,56.53957,0.5020,77.1,48.0000,8.0000,0.1825,7.0559
1897501,51.0255,48.6564,51.3418,2.30306,-6.98953,4.68647,3.54220,56.81041,0.5060,77.5,48.0000,8.0000,0.1192,7.0573
1898001,51.0800,48.6727,51.3255,2.48591,-7.02464,4.53874,3.57066,57.08121,0.5101,77.9,48.0000,8.0000,0.1421,7.1014
1898501,51.1745,48.6891,51.3091,2.67761,-7.05493,4.37732,3.59927,57.35015,0.5142,78.2,48.0000,8.0000,0.2180,7.0678
1899001,51.2309,48.6964,51.3018,2.86797,-7.09209,4.22412,3.62802,57.61974,0.5183,78.6,48.0000,8.0000,0.2131,7.0401
1899501,51.2909,48.7073,51.2636,3.05671,-7.10799,4.05129,3.65690,57.88961,0.5224,79.0,48.0000,8.0000,0.1572,7.0744
1900001,51.3109,48.6873,51.2164,3.24145,-7.12565,3.88420,3.68591,58.15855,0.5266,79.3,48.0000,8.0000,0.1524,7.0576
1900501,51.3364,48.6618,51.1200,3.42848,-7.12786,3.69938,3.71506,58.42799,0.5307,79.7,48.0000,8.0000,0.2692,7.1164
1901001,51.3564,48.6418,51.0691,3.60918,-7.12017,3.51099,3.74434,58.69692,0.5349,80.1,48.0000,8.0000,0.2658,7.1067
1901501,51.3800,48.6182,50.9982,3.79011,-7.11230,3.32219,3.77375,58.96586,0.5391,80.4,48.0000,8.0000,0.1806,7.1015
1902001,51.3964,48.6018,50.9436,3.96518,-7.10025,3.13507,3.80329,59.23479,0.5433,80.8,48.0000,8.0000,0.1802,7.1035
1902501,51.4218,48.5764,50.8491,4.14287,-7.08143,2.93856,3.83298,59.50373,0.5476,81.2,48.0000,8.0000,0.2630,7.1068
1903001,51.4418,48.5564,50.8036,4.31616,-7.07226,2.75610,3.86280,59.77267,0.5518,81.5,48.0000,8.0000,0.2172,7.0490
1903501,51.4564,48.5418,50.7218,4.48545,-7.05232,2.56687,3.89276,60.04160,0.5561,81.9,48.0000,8.0000,0.1365,7.0847
1904001,51.4655,48.5327,50.6600,4.64369,-7.01744,2.37374,3.92285,60.31054,0.5604,82.3,48.0000,8.0000,0.1405,7.1073
1904501,51.4818,48.5164,50.5564,4.79937,-6.96481,2.16544,3.95307,60.57948,0.5647,82.6,48.0000,8.0000,0.2321,7.1315
1905001,51.4964,48.5018,50.5018,4.94903,-6.91591,1.96688,3.98343,60.84841,0.5691,83.0,48.0000,8.0000,0.1835,7.1004
1905501,51.5109,48.4873,50.4127,5.10499,-6.85468,1.74969,4.01391,61.11590,0.5734,83.4,48.0000,8.0000,0.1402,7.0955
1906001,51.5127,48.4855,50.3455,5.24901,-6.79075,1.54174,4.04453,61.38293,0.5778,83.7,48.0000,8.0000,0.1523,7.1376
1906501,51.5309,48.4673,50.2364,5.39606,-6.71590,1.31984,4.07528,61.64996,0.5822,84.1,48.0000,8.0000,0.2710,7.0986
1907001,51.5382,48.4600,50.1764,5.53900,-6.64598,1.10698,4.10619,61.91699,0.5866,84.5,48.0000,8.0000,0.2245,7.0933
1907501,51.5400,48.4582,50.0818,5.67102,-6.56764,0.89662,4.13718,62.18402,0.5910,84.8,48.0000,8.0000,0.1877,7.1235
1908001,51.5436,48.4545,50.0200,5.79721,-6.47325,0.67604,4.16838,62.45105,0.5955,85.2,48.0000,8.0000,0.1435,7.1338
1908501,51.5509,48.4473,49.9036,5.92505,-6.37319,0.44814,4.19962,62.71807,0.5999,85.6,48.0000,8.0000,0.2647,7.1127
1909001,51.5491,48.4491,49.8418,6.04027,-6.26737,0.22710,4.23109,62.98510,0.6044,85.9,48.0000,8.0000,0.2236,7.1347
1909501,51.5509,48.4473,49.7400,6.15740,-6.15563,-0.00176,4.26263,63.25213,0.6089,86.3,48.0000,8.0000,0.2023,7.1177
1910001,51.5509,48.4473,49.6855,6.26686,-6.04325,-0.22361,4.29434,63.51913,0.6135,86.7,48.0000,8.0000,0.0917,7.1140
1910501,51.5473,48.4509,49.5673,6.37182,-5.92639,-0.44543,4.32616,63.78601,0.6180,87.0,48.0000,8.0000,0.2159,7.1128
1911001,51.5436,48.4545,49.4909,6.47216,-5.79929,-0.67287,4.35811,64.05152,0.6226,87.4,48.0000,8.0000,0.2538,7.1160
1911501,51.5455,48.4527,49.3945,6.58621,-5.67415,-0.91206,4.39022,64.31855,0.6272,87.7,48.0000,8.0000,0.1615,7.1010
1912001,51.5382,48.4600,49.3200,6.69110,-5.54828,-1.14282,4.42241,64.58558,0.6318,88.1,48.0000,8.0000,0.2011,7.1147
1912501,51.5200,48.4782,49.2164,6.77516,-5.40254,-1.37262,4.45481,64.85261,0.6364,88.5,48.0000,8.0000,0.1901,7.1533
1913001,51.5073,48.4909,49.1436,6.83821,-5.24484,-1.59338,4.48726,65.11964,0.6410,88.8,48.0000,8.0000,0.2323,7.1756
1913501,51.4873,48.5109,49.0509,6.89148,-5.07843,-1.81305,4.51993,65.38667,0.6457,89.2,48.0000,8.0000,0.1502,7.2080
1914001,51.4818,48.5164,48.9745,6.93999,-4.90510,-2.03489,4.55267,65.65369,0.6504,89.6,48.0000,8.0000,0.1762,7.1596
1914501,51.4582,48.5400,48.8636,6.99097,-4.72645,-2.26452,4.58557,65.92072,0.6551,89.9,48.0000,8.0000,0.2375,7.1734
1915001,51.4473,48.5509,48.7891,7.04190,-4.55046,-2.49143,4.61860,66.18775,0.6598,90.3,48.0000,8.0000,0.2612,7.1334
1915501,51.4255,48.5727,48.6982,7.07956,-4.36735,-2.71221,4.65174,66.45478,0.6645,90.7,48.0000,8.0000,0.1601,7.1335
1916001,51.4036,48.5945,48.6364,7.11120,-4.18387,-2.92733,4.68506,66.72181,0.6693,91.0,48.0000,8.0000,0.1328,7.1732
1916501,51.4273,48.6782,48.5709,7.13281,-3.98388,-3.14893,4.71844,66.98884,0.6741,91.4,48.0000,8.0000,0.2533,7.1484
1917001,51.4418,48.7473,48.5564,7.13316,-3.77790,-3.35526,4.75205,67.25587,0.6789,91.7,48.0000,8.0000,0.2307,7.2000
1917501,51.4745,48.8400,48.5236,7.12826,-3.56264,-3.56562,4.78571,67.52026,0.6837,92.1,48.0000,8.0000,0.1865,7.1798
1918001,51.4945,48.9000,48.5036,7.12057,-3.35139,-3.76918,4.81957,67.78347,0.6885,92.5,48.0000,8.0000,0.1290,7.1752
1918501,51.5273,49.0182,48.4709,7.10547,-3.13111,-3.97436,4.85351,68.04668,0.6934,92.8,48.0000,8.0000,0.2524,7.1729
1919001,51.5455,49.0927,48.4527,7.08154,-2.90675,-4.17479,4.88761,68.30990,0.6982,93.2,48.0000,8.0000,0.2811,7.1768
1919501,51.5745,49.1873,48.4236,7.04911,-2.68147,-4.36764,4.92183,68.57311,0.7031,93.5,48.0000,8.0000,0.1911,7.1327
1920001,51.5836,49.2582,48.4145,7.02384,-2.45922,-4.56462,4.95616,68.83633,0.7080,93.9,48.0000,8.0000,0.1384,7.1619
1920501,51.6055,49.3891,48.3927,6.97473,-2.21936,-4.75537,4.99067,69.09954,0.7130,94.3,48.0000,8.0000,0.2697,7.1816
1921001,51.6218,49.4600,48.3764,6.92534,-1.98658,-4.93876,5.02525,69.36275,0.7179,94.6,48.0000,8.0000,0.2476,7.1457
1921501,51.6345,49.5673,48.3636,6.85781,-1.74116,-5.11665,5.06004,69.62597,0.7229,95.0,48.0000,8.0000,0.1633,7.1555
1922001,51.6345,49.6455,48.3636,6.78250,-1.50462,-5.27787,5.09488,69.88918,0.7278,95.3,48.0000,8.0000,0.1208,7.2192
1922501,51.6545,49.7836,48.3436,6.69246,-1.25167,-5.44079,5.12992,70.15240,0.7328,95.7,48.0000,8.0000,0.2811,7.1797
1923001,51.6600,49.8600,48.3382,6.60148,-1.00200,-5.59948,5.16505,70.41561,0.7379,96.1,48.0000,8.0000,0.2599,7.1741
1923501,51.6691,49.9745,48.3291,6.50434,-0.75078,-5.75356,5.20033,70.67883,0.7429,96.4,48.0000,8.0000,0.1992,7.1531
1924001,51.6709,50.0564,48.3273,6.40260,-0.49709,-5.90551,5.23574,70.94204,0.7480,96.8,48.0000,8.0000,0.1805,7.1653
1924501,51.6709,50.1927,48.3273,6.28208,-0.23489,-6.04719,5.27126,71.20525,0.7530,97.1,48.0000,8.0000,0.2659,7.1812
1925001,51.6655,50.2727,48.3327,6.14964,0.01745,-6.16709,5.30695,71.46847,0.7581,97.5,48.0000,8.0000,0.2512,7.2071
1925501,51.6691,50.3927,48.3291,6.02359,0.27193,-6.29552,5.34271,71.73168,0.7632,97.9,48.0000,8.0000,0.1982,7.1541
1926001,51.6582,50.4764,48.3400,5.88103,0.53127,-6.41230,5.37868,71.99490,0.7684,98.2,48.0000,8.0000,0.1883,7.1973
1926501,51.6545,50.6145,48.3436,5.72629,0.79755,-6.52384,5.41470,72.25811,0.7735,98.6,48.0000,8.0000,0.2790,7.1602
1927001,51.6382,50.6982,48.3600,5.55875,1.05488,-6.61363,5.45094,72.52132,0.7787,98.9,48.0000,8.0000,0.2747,7.2164
1927501,51.6291,50.8091,48.3691,5.39021,1.31048,-6.70068,5.48724,72.78400,0.7839,99.3,48.0000,8.0000,0.1461,7.1852
1928001,51.6182,50.8909,48.3800,5.22265,1.55758,-6.78023,5.52372,73.04340,0.7891,99.6,48.0000,8.0000,0.1334,7.1781
1928501,51.6055,51.0400,48.3927,5.04630,1.82285,-6.86915,5.56030,73.30416,0.7943,100.0,48.0000,8.0000,0.2892,7.1176
1929001,51.5891,51.1218,48.4091,4.86983,2.08210,-6.95193,5.59701,73.56738,0.7996,100.4,48.0000,8.0000,0.2763,7.1226
1929501,51.5491,51.2273,48.4491,4.65462,2.33358,-6.98820,5.63387,73.83059,0.8048,100.7,48.0000,8.0000,0.1758,7.2355
1930001,51.5382,51.3091,48.4600,4.44654,2.57454,-7.02108,5.67083,74.09007,0.8101,101.1,48.0000,8.0000,0.1442,7.1808
1930501,51.5073,51.4527,48.4909,4.23376,2.83183,-7.06558,5.70797,74.34946,0.8154,101.4,48.0000,8.0000,0.2987,7.1438
1931001,51.4545,51.5055,48.4927,4.01404,3.07898,-7.09301,5.74516,74.60886,0.8207,101.8,48.0000,8.0000,0.2952,7.1806
1931501,51.3564,51.5455,48.4527,3.80349,3.33396,-7.13745,5.78258,74.87081,0.8261,102.1,48.0000,8.0000,0.1556,7.2020
1932001,51.2745,51.5745,48.4236,3.57953,3.57457,-7.15410,5.82004,75.13403,0.8314,102.5,48.0000,8.0000,0.2039,7.1881
1932501,51.1455,51.6145,48.3836,3.33955,3.82278,-7.16233,5.85771,75.39724,0.8368,102.9,48.0000,8.0000,0.2774,7.1740
1933001,51.0509,51.6291,48.3691,3.09003,4.04902,-7.13905,5.89545,75.66045,0.8422,103.2,48.0000,8.0000,0.2873,7.2431
1933501,50.9436,51.6618,48.3364,2.83669,4.26686,-7.10354,5.93336,75.92367,0.8476,103.6,48.0000,8.0000,0.1533,7.1894
1934001,50.8455,51.6691,48.3291,2.58434,4.47804,-7.06238,5.97139,76.18688,0.8531,103.9,48.0000,8.0000,0.1718,7.2776
1934501,50.7036,51.7055,48.2927,2.31315,4.69016,-7.00331,6.00954,76.44722,0.8585,104.3,48.0000,8.0000,0.2877,7.2242
1935001,50.6164,51.7255,48.2727,2.05037,4.90520,-6.95556,6.04784,76.70735,0.8640,104.6,48.0000,8.0000,0.2902,7.1808
1935501,50.4927,51.7400,48.2582,1.78093,5.10470,-6.88563,6.08623,76.96822,0.8695,105.0,48.0000,8.0000,0.1568,7.1981
1936001,50.4000,51.7527,48.2455,1.51704,5.29855,-6.81559,6.12481,77.23090,0.8750,105.4,48.0000,8.0000,0.1582,7.1756
1936501,50.2418,51.7600,48.2382,1.23741,5.48277,-6.72019,6.16344,77.49368,0.8805,105.7,48.0000,8.0000,0.2544,7.2385
1937001,50.1473,51.7673,48.2309,0.95969,5.65194,-6.61162,6.20231,77.75308,0.8860,106.1,48.0000,8.0000,0.2569,7.2302
1937501,50.0164,51.7709,48.2273,0.67722,5.81515,-6.49237,6.24121,78.01248,0.8916,106.4,48.0000,8.0000,0.1527,7.2370
1938001,49.9182,51.7836,48.2145,0.39828,5.97573,-6.37401,6.28031,78.27188,0.8972,106.8,48.0000,8.0000,0.1683,7.1656
1938501,49.5600,51.7782,48.2200,-0.06568,6.22291,-6.15723,0.03633,78.53128,0.0052,107.1,48.0000,8.0000,0.6347,7.1581
1939001,49.4618,51.7673,48.2309,-0.59237,6.47055,-5.87818,0.07566,78.79068,0.0108,107.5,48.0000,8.0000,0.6385,7.1831
1939501,49.3745,51.7491,48.2491,-1.03682,6.64763,-5.61081,0.11512,79.05008,0.0164,107.8,48.0000,8.0000,0.1806,7.2470
1940001,49.2945,51.7418,48.2564,-1.39533,6.77165,-5.37632,0.15471,79.30948,0.0221,108.2,48.0000,8.0000,0.0420,7.2346
1940501,49.1564,51.7255,48.2727,-1.71154,6.86988,-5.15834,0.19443,79.56888,0.0278,108.5,48.0000,8.0000,0.0163,7.2386
1941001,49.0709,51.7164,48.2818,-1.98873,6.94952,-4.96079,0.23428,79.82828,0.0335,108.9,48.0000,8.0000,-0.0579,7.2054
1941501,48.9527,51.6982,48.3000,-2.25706,7.01652,-4.75945,0.27425,80.08768,0.0392,109.3,48.0000,8.0000,-0.2395,7.1943
1942001,48.8600,51.6782,48.3200,-2.50174,7.06668,-4.56494,0.31436,80.34708,0.0449,109.6,48.0000,8.0000,-0.2337,7.2145
1942501,48.6982,51.6509,48.3473,-2.76255,7.11349,-4.35094,0.35460,80.60648,0.0507,110.0,48.0000,8.0000,-0.0554,7.1820
1943001,48.6091,51.6236,48.3745,-3.01409,7.14197,-4.12788,0.39497,80.86588,0.0564,110.3,48.0000,8.0000,-0.0463,7.2137
1943501,48.4891,51.5909,48.4073,-3.26038,7.14765,-3.88728,0.43547,81.12527,0.0622,110.7,48.0000,8.0000,-0.1670,7.2183
1944001,48.4145,51.5836,48.4436,-3.49413,7.15591,-3.66178,0.47609,81.38467,0.0680,111.0,48.0000,8.0000,-0.1858,7.1945
1944501,48.3618,51.6364,48.5909,-3.74127,7.16117,-3.41990,0.51685,81.64407,0.0738,111.4,48.0000,8.0000,-0.0067,7.1862
1945001,48.3327,51.6655,48.6764,-3.97892,7.15838,-3.17946,0.55774,81.90347,0.0797,111.7,48.0000,8.0000,-0.0259,7.1773
1945501,48.2982,51.7000,48.8055,-4.20875,7.14104,-2.93230,0.59875,82.16287,0.0855,112.1,48.0000,8.0000,-0.0969,7.1816
1946001,48.2764,51.7218,48.8982,-4.42940,7.10822,-2.67882,0.63990,82.42227,0.0914,112.4,48.0000,8.0000,-0.1156,7.1959
1946501,48.2400,51.7582,49.0655,-4.65255,7.05436,-2.40181,0.68118,82.68167,0.0973,112.8,48.0000,8.0000,0.0684,7.2111
1947001,48.2255,51.7727,49.1636,-4.85761,6.98153,-2.12392,0.72258,82.94107,0.1032,113.1,48.0000,8.0000,0.0545,7.2403
1947501,48.1909,51.8073,49.2982,-5.07025,6.91458,-1.84433,0.76412,83.20047,0.1092,113.5,48.0000,8.0000,-0.0277,7.1656
1948001,48.1764,51.8218,49.3909,-5.27381,6.84885,-1.57504,0.80578,83.45987,0.1151,113.9,48.0000,8.0000,-0.0958,7.1567
1948501,48.1600,51.8382,49.5709,-5.46885,6.75735,-1.28850,0.84758,83.71927,0.1211,114.2,48.0000,8.0000,0.0974,7.1977
1949001,48.1473,51.8509,49.6764,-5.65223,6.65308,-1.00086,0.88950,83.97867,0.1271,114.6,48.0000,8.0000,0.1126,7.1843
1949501,48.1418,51.8564,49.8164,-5.82896,6.53725,-0.70829,0.93155,84.23807,0.1331,114.9,48.0000,8.0000,-0.0509,7.2084
1950001,48.1364,51.8618,49.9255,-5.97982,6.40861,-0.42880,0.97374,84.49747,0.1391,115.3,48.0000,8.0000,-0.0330,7.2182
1950501,48.1218,51.8764,50.1036,-6.14245,6.27393,-0.13148,1.01605,84.75687,0.1452,115.6,48.0000,8.0000,0.1143,7.1506
1951001,48.1255,51.8727,50.2145,-6.29445,6.13245,0.16200,1.05850,85.01627,0.1512,116.0,48.0000,8.0000,0.1341,7.1732
1951501,48.1673,51.8309,50.3509,-6.35317,5.91388,0.43929,1.10107,85.27330,0.1573,116.3,48.0000,8.0000,-0.0202,7.1983
1952001,48.1673,51.8309,50.4618,-6.41204,5.69839,0.71365,1.14377,85.52701,0.1634,116.7,48.0000,8.0000,0.0042,7.1598
1952501,48.1618,51.8364,50.6418,-6.51040,5.50564,1.00476,1.18659,85.77878,0.1695,117.0,48.0000,8.0000,0.1393,7.0430
1953001,48.1691,51.8291,50.7527,-6.62141,5.32944,1.29197,1.22955,86.03055,0.1756,117.4,48.0000,8.0000,0.1566,7.0177
1953501,48.1836,51.8145,50.9073,-6.73161,5.14505,1.58656,1.27262,86.28232,0.1818,117.7,48.0000,8.0000,0.0710,6.9901
1954001,48.2055,51.7927,51.0073,-6.82082,4.95314,1.86767,1.31583,86.53409,0.1880,118.0,48.0000,8.0000,0.0239,7.0413
1954501,48.2345,51.7636,51.1855,-6.88985,4.73677,2.15308,1.35916,86.78586,0.1942,118.4,48.0000,8.0000,0.1639,7.0445
1955001,48.2582,51.7400,51.2927,-6.94432,4.51201,2.43230,1.40261,87.03763,0.2004,118.7,48.0000,8.0000,0.1846,7.0559
1955501,48.2873,51.7109,51.4400,-7.00745,4.29138,2.71607,1.44620,87.28940,0.2066,119.1,48.0000,8.0000,0.0814,7.0230
1956001,48.3145,51.6836,51.5364,-7.04408,4.06078,2.98330,1.48990,87.54117,0.2128,119.4,48.0000,8.0000,0.0235,7.0433
1956501,48.3218,51.5982,51.6764,-7.07161,3.81149,3.26012,1.53373,87.79294,0.2191,119.8,48.0000,8.0000,0.2214,7.0160
1957001,48.2945,51.4982,51.7036,-7.07832,3.55768,3.52064,1.57769,88.04471,0.2254,120.1,48.0000,8.0000,0.1675,7.0573
1957501,48.2455,51.3545,51.7527,-7.07678,3.28603,3.79075,1.62178,88.29648,0.2317,120.5,48.0000,8.0000,0.1155,7.0335
1958001,48.2164,51.2509,51.7818,-7.06754,3.02008,4.04746,1.66599,88.54825,0.2380,120.8,48.0000,8.0000,0.1106,7.0306
1958501,48.1727,51.0764,51.8255,-7.04232,2.73708,4.30524,1.71033,88.80249,0.2443,121.1,48.0000,8.0000,0.2281,7.0337
1959001,48.1509,50.9655,51.8473,-6.99904,2.45607,4.54297,1.75479,89.05807,0.2507,121.5,48.0000,8.0000,0.2254,7.0487
1959501,48.1182,50.8091,51.8800,-6.93554,2.16179,4.77375,1.79939,89.31018,0.2571,121.8,48.0000,8.0000,0.1309,7.0297
1960001,48.1055,50.6909,51.8927,-6.87016,1.87015,5.00001,1.84410,89.56195,0.2634,122.2,48.0000,8.0000,0.1327,7.0699
1960501,48.0782,50.5091,51.9200,-6.78446,1.56595,5.21850,1.88895,89.81372,0.2698,122.5,48.0000,8.0000,0.2051,7.0553
1961001,48.0618,50.3891,51.9364,-6.69647,1.26769,5.42878,1.93392,90.06588,0.2763,122.9,48.0000,8.0000,0.2349,7.0330
1961501,48.0455,50.2182,51.9527,-6.59808,0.95693,5.64116,1.97901,90.32146,0.2827,123.2,48.0000,8.0000,0.1674,7.0130
1962001,48.0436,50.1018,51.9545,-6.48529,0.65025,5.83503,2.02424,90.57705,0.2892,123.6,48.0000,8.0000,0.1171,7.0424
1962501,48.0364,49.8982,51.9618,-6.34807,0.32884,6.01923,2.06960,90.83263,0.2957,123.9,48.0000,8.0000,0.2757,7.0469
1963001,48.0455,49.7800,51.9527,-6.18871,0.01707,6.17165,2.11508,91.08822,0.3022,124.3,48.0000,8.0000,0.2344,7.0989
1963501,48.0509,49.6127,51.9473,-6.02683,-0.30308,6.32992,2.16068,91.34380,0.3087,124.6,48.0000,8.0000,0.1087,7.1153
1964001,48.0509,49.4836,51.9473,-5.84758,-0.61187,6.45945,2.20642,91.59770,0.3152,125.0,48.0000,8.0000,0.1478,7.0716
1964501,48.0673,49.2873,51.9309,-5.65698,-0.93465,6.59163,2.25228,91.85034,0.3218,125.3,48.0000,8.0000,0.2416,7.0779
1965001,48.0764,49.1582,51.9218,-5.46363,-1.25206,6.71569,2.29826,92.10339,0.3283,125.6,48.0000,8.0000,0.2785,7.0493
1965501,48.1018,48.9909,51.8964,-5.25114,-1.56660,6.81774,2.34438,92.35728,0.3349,126.0,48.0000,8.0000,0.1555,7.0714
1966001,48.1291,48.8745,51.8691,-5.02930,-1.87402,6.90332,2.39062,92.61082,0.3415,126.3,48.0000,8.0000,0.1315,7.1223
1966501,48.1545,48.6709,51.8436,-4.79263,-2.19259,6.98522,2.43698,92.86259,0.3481,126.7,48.0000,8.0000,0.2789,7.0408
1967001,48.1909,48.5582,51.8073,-4.54624,-2.49493,7.04118,2.48348,93.11436,0.3548,127.0,48.0000,8.0000,0.2611,7.1128
1967501,48.2291,48.3891,51.7691,-4.29521,-2.80446,7.09966,2.53010,93.36613,0.3614,127.4,48.0000,8.0000,0.1871,7.0840
1968001,48.2636,48.2800,51.7345,-4.03252,-3.09953,7.13205,2.57685,93.61790,0.3681,127.7,48.0000,8.0000,0.1495,7.1071
1968501,48.4309,48.2036,51.7945,-3.75238,-3.40050,7.15288,2.62372,93.86967,0.3748,128.1,48.0000,8.0000,0.2928,7.0701
1969001,48.5436,48.1636,51.8345,-3.47653,-3.69593,7.17245,2.67072,94.12340,0.3815,128.4,48.0000,8.0000,0.3047,7.0457
1969501,48.7109,48.1273,51.8709,-3.18170,-3.97149,7.15320,2.71785,94.37864,0.3883,128.7,48.0000,8.0000,0.1559,7.1021
1970001,48.8345,48.0982,51.9000,-2.88586,-4.23764,7.12350,2.76510,94.63041,0.3950,129.1,48.0000,8.0000,0.1713,7.1062
1970501,49.0382,48.0545,51.9436,-2.56682,-4.50694,7.07376,2.81248,94.88218,0.4018,129.4,48.0000,8.0000,0.3201,7.1143
1971001,49.1564,48.0273,51.9709,-2.25908,-4.76613,7.02521,2.85998,95.13395,0.4086,129.8,48.0000,8.0000,0.2872,7.0703
1971501,49.3309,47.9909,52.0073,-1.94127,-5.03724,6.97851,2.90761,95.38878,0.4154,130.1,48.0000,8.0000,0.1405,7.0851
1972001,49.4691,47.9800,52.0182,-1.62847,-5.28570,6.91417,2.95537,95.64436,0.4222,130.5,48.0000,8.0000,0.1659,7.1363
1972501,49.6818,47.9600,52.0382,-1.29291,-5.52171,6.81461,3.00326,95.89995,0.4290,130.8,48.0000,8.0000,0.2695,7.1341
1973001,49.8236,47.9600,52.0382,-0.95506,-5.72598,6.68104,3.05127,96.15553,0.4359,131.2,48.0000,8.0000,0.3043,7.2031
1973501,50.0036,47.9400,52.0582,-0.61546,-5.93607,6.55154,3.09941,96.41112,0.4428,131.5,48.0000,8.0000,0.1401,7.1024
1974001,50.1473,47.9527,52.0455,-0.28184,-6.12604,6.40788,3.14767,96.66670,0.4497,131.9,48.0000,8.0000,0.1836,7.1984
1974501,50.3691,47.9509,52.0473,0.07319,-6.30141,6.22822,3.19607,96.92229,0.4566,132.2,48.0000,8.0000,0.3080,7.1678
1975001,50.5055,47.9564,52.0418,0.41561,-6.46477,6.04915,3.24460,97.17787,0.4635,132.6,48.0000,8.0000,0.2928,7.1538
1975501,50.7000,47.9782,52.0200,0.76171,-6.61322,5.85150,3.29325,97.43346,0.4705,132.9,48.0000,8.0000,0.2033,7.2013
1976001,50.8345,47.9964,52.0018,1.10477,-6.73190,5.62713,3.34203,97.68904,0.4774,133.3,48.0000,8.0000,0.1935,7.2191
1976501,51.0564,48.0164,51.9818,1.45687,-6.84945,5.39258,3.39094,97.94463,0.4844,133.6,48.0000,8.0000,0.3131,7.1608
1977001,51.1909,48.0327,51.9655,1.79661,-6.96507,5.16846,3.43998,98.20021,0.4914,134.0,48.0000,8.0000,0.2900,7.1200
1977501,51.3691,48.0745,51.9236,2.13167,-7.04785,4.91618,3.48915,98.45580,0.4984,134.3,48.0000,8.0000,0.1242,7.1607
1978001,51.5073,48.1073,51.8909,2.45511,-7.11685,4.66174,3.53844,98.71138,0.5055,134.7,48.0000,8.0000,0.1837,7.1750
1978501,51.7164,48.1618,51.8364,2.79181,-7.16974,4.37794,3.58786,98.96696,0.5126,135.0,48.0000,8.0000,0.3040,7.1758
1979001,51.8182,48.1800,51.7764,3.10696,-7.19816,4.09121,3.63740,99.21944,0.5196,135.4,48.0000,8.0000,0.2870,7.1941
1979501,51.8745,48.1236,51.6018,3.42797,-7.21981,3.79183,3.68707,99.47121,0.5267,135.7,48.0000,8.0000,0.1635,7.2018
1980001,51.9164,48.0818,51.4727,3.73059,-7.21700,3.48641,3.73687,99.72298,0.5338,136.0,48.0000,8.0000,0.1965,7.1835
1980501,51.9727,48.0255,51.2655,4.03952,-7.20335,3.16383,3.78679,99.97475,0.5410,136.4,48.0000,8.0000,0.2891,7.1706
1981001,52.0036,47.9945,51.1255,4.33172,-7.17227,2.84055,3.83684,100.22652,0.5481,136.7,48.0000,8.0000,0.3232,7.1721
1981501,52.0327,47.9655,50.9291,4.61819,-7.11465,2.49646,3.88702,100.47829,0.5553,137.1,48.0000,8.0000,0.1709,7.2182
1982001,52.0600,47.9382,50.7927,4.87684,-7.03939,2.16255,3.93731,100.73006,0.5625,137.4,48.0000,8.0000,0.1577,7.1849
1982501,52.0945,47.9036,50.5618,5.14253,-6.95628,1.81374,3.98774,100.98183,0.5697,137.8,48.0000,8.0000,0.2877,7.1599
1983001,52.1018,47.8964,50.4073,5.38439,-6.84437,1.45998,4.03829,101.23360,0.5769,138.1,48.0000,8.0000,0.3332,7.2106
1983501,52.1127,47.8855,50.2055,5.61301,-6.71038,1.09737,4.08898,101.48537,0.5841,138.4,48.0000,8.0000,0.1676,7.2328
1984001,52.1255,47.8727,50.0582,5.82489,-6.56925,0.74436,4.13977,101.73714,0.5914,138.8,48.0000,8.0000,0.1726,7.1773
1984501,52.1255,47.8727,49.8145,6.03522,-6.40832,0.37310,4.19072,101.98891,0.5987,139.1,48.0000,8.0000,0.3116,7.2115
1985001,52.1255,47.8727,49.6636,6.22826,-6.23972,0.01146,4.24174,102.24068,0.6060,139.5,48.0000,8.0000,0.3143,7.1793
1985501,52.1182,47.8800,49.4545,6.41529,-6.05779,-0.35750,4.29296,102.49245,0.6133,139.8,48.0000,8.0000,0.1735,7.1547
1986001,52.0945,47.9036,49.3036,6.57165,-5.85482,-0.71684,4.34422,102.74422,0.6206,140.2,48.0000,8.0000,0.1803,7.2412
1986501,52.0673,47.9309,49.0600,6.70058,-5.60805,-1.09254,4.39571,102.99599,0.6280,140.5,48.0000,8.0000,0.3367,7.2501
1987001,52.0545,47.9436,48.9091,6.82564,-5.36926,-1.45638,4.44722,103.24544,0.6353,140.8,48.0000,8.0000,0.3348,7.1930
1987501,52.0164,47.9818,48.7055,6.93082,-5.11783,-1.81299,4.49895,103.49383,0.6427,141.2,48.0000,8.0000,0.1945,7.2030
1988001,51.9891,48.0091,48.5600,7.02455,-4.85686,-2.16768,4.55072,103.74178,0.6501,141.5,48.0000,8.0000,0.1880,7.1827
1988501,51.9364,48.0618,48.3236,7.10791,-4.57335,-2.53456,4.60269,103.99303,0.6575,141.9,48.0000,8.0000,0.3328,7.1697
1989001,51.8964,48.1018,48.1836,7.16816,-4.28407,-2.88409,4.65472,104.24480,0.6650,142.2,48.0000,8.0000,0.3289,7.1747
1989501,51.9127,48.2545,48.0855,7.19746,-3.97117,-3.22630,4.70694,104.49657,0.6724,142.6,48.0000,8.0000,0.1776,7.2277
1990001,51.9509,48.4000,48.0473,7.19355,-3.64795,-3.54560,4.75923,104.74640,0.6799,142.9,48.0000,8.0000,0.1825,7.2701
1990501,52.0164,48.6236,47.9818,7.16809,-3.30221,-3.86588,4.81168,104.99435,0.6874,143.2,48.0000,8.0000,0.3043,7.2467
1991001,52.0527,48.7764,47.9455,7.13154,-2.95596,-4.17558,4.86423,105.24231,0.6949,143.6,48.0000,8.0000,0.3564,7.2400
1991501,52.1127,48.9727,47.8855,7.13119,-2.61424,-4.51694,4.91692,105.49035,0.7024,143.9,48.0000,8.0000,0.1835,7.2013
1992001,52.1327,49.1273,47.8655,7.09245,-2.27150,-4.82096,4.96972,105.74212,0.7100,144.3,48.0000,8.0000,0.1547,7.2389
1992501,52.1655,49.3909,47.8327,7.00739,-1.89390,-5.11349,5.02265,105.99389,0.7175,144.6,48.0000,8.0000,0.3681,7.2689
1993001,52.1836,49.5509,47.8145,6.90108,-1.51330,-5.38778,5.07572,106.24566,0.7251,144.9,48.0000,8.0000,0.3745,7.2521
1993501,52.1909,49.7673,47.8073,6.77250,-1.12521,-5.64729,5.12889,106.49743,0.7327,145.3,48.0000,8.0000,0.1535,7.2896
1994001,52.1927,49.9327,47.8055,6.61518,-0.75184,-5.86334,5.18222,106.74920,0.7403,145.6,48.0000,8.0000,0.1655,7.3138
1994501,52.2036,50.1982,47.7945,6.43836,-0.35363,-6.08473,5.23563,107.00097,0.7479,146.0,48.0000,8.0000,0.3434,7.2614
1995001,52.1927,50.3673,47.8055,6.23878,0.03976,-6.27854,5.28923,107.25108,0.7556,146.3,48.0000,8.0000,0.3609,7.3091
1995501,52.1764,50.5909,47.8218,6.01435,0.43128,-6.44563,5.34287,107.49904,0.7633,146.6,48.0000,8.0000,0.1785,7.3221
1996001,52.1745,50.7564,47.8236,5.79320,0.81508,-6.60828,5.39673,107.74699,0.7710,147.0,48.0000,8.0000,0.1983,7.2407
1996501,52.1364,51.0145,47.8618,5.54742,1.21254,-6.75996,5.45061,107.99495,0.7787,147.3,48.0000,8.0000,0.3126,7.2984
1997001,52.1182,51.1818,47.8800,5.29648,1.59768,-6.89416,5.50472,108.24290,0.7864,147.7,48.0000,8.0000,0.3282,7.2433
1997501,52.0655,51.3964,47.9327,5.01034,1.98607,-6.99641,5.55885,108.49086,0.7941,148.0,48.0000,8.0000,0.1538,7.3150
1998001,52.0327,51.5545,47.9655,4.71796,2.35096,-7.06892,5.61321,108.73882,0.8019,148.3,48.0000,8.0000,0.1696,7.2993
1998501,51.9709,51.8073,48.0273,4.39929,2.73084,-7.13013,5.66760,108.98677,0.8097,148.7,48.0000,8.0000,0.3441,7.2903
1999001,51.9200,51.9491,48.0491,4.09073,3.09932,-7.19006,5.72220,109.23473,0.8175,149.0,48.0000,8.0000,0.3315,7.2213
1999501,51.7000,52.0091,47.9891,3.75338,3.46394,-7.21732,5.77684,109.48268,0.8253,149.4,48.0000,8.0000,0.2095,7.2848
2000001,51.5509,52.0564,47.9418,3.40392,3.80140,-7.20532,5.83168,109.73064,0.8331,149.7,12.0000,8.0000,0.1940,7.2582
2000501,51.3000,52.1218,47.8764,1.55173,1.55350,-3.10523,5.88651,109.88792,0.8409,149.9,12.0000,8.0000,0.3370,7.2414
2001001,51.1564,52.1727,47.8255,0.24202,-0.30578,0.06376,5.94135,109.89213,0.8488,149.9,12.0000,8.0000,0.3105,7.1014
2001501,55.9109,62.2109,37.7873,0.93098,1.93206,-2.86304,5.99619,109.89340,0.8566,149.9,12.0000,8.0000,0.3642,1.0457
2002001,55.0473,62.3345,37.6636,1.62931,4.31748,-5.94678,6.05121,110.03214,0.8645,150.1,12.0000,0.0000,0.0000,0.0000
2002501,55.0473,62.3345,37.6636,0.48229,0.45019,-0.93248,6.10629,110.11956,0.8723,150.2,12.0000,0.0000,0.0000,0.0000
2003001,55.0473,62.3345,37.6636,-0.19957,-2.69910,2.89866,6.16136,110.01115,0.8802,150.1,12.0000,0.0000,0.0000,0.0000
2003501,55.0473,62.3345,37.6636,-0.51734,-5.27474,5.79209,6.21630,109.75072,0.8880,149.7,12.0000,0.0000,0.0000,0.0000
2004001,55.0473,62.3345,37.6636,-0.55139,-7.38947,7.94086,6.27111,109.37296,0.8959,149.2,12.0000,0.0000,0.0000,0.0000
2004501,55.0473,62.3345,37.6636,-0.36645,-9.13097,9.49742,0.04248,108.90522,0.0061,148.6,12.0000,0.0000,0.0000,0.0000
2005001,55.0473,62.3345,37.6636,-0.01356,-10.56825,10.58180,0.09680,108.36890,0.0138,147.8,12.0000,0.0000,0.0000,0.0000
2005501,55.0473,62.3345,37.6636,0.46602,-11.75513,11.28911,0.15084,107.78086,0.0215,147.0,12.0000,0.0000,0.0000,0.0000
2006001,55.0473,62.3345,37.6636,1.03934,-12.73396,11.69462,0.20458,107.15413,0.0292,146.2,12.0000,0.0000,0.0000,0.0000
2006501,55.0473,62.3345,37.6636,1.67999,-13.53815,11.85816,0.25799,106.49883,0.0369,145.3,12.0000,0.0000,0.0000,0.0000
2007001,55.0473,62.3345,37.6636,2.36680,-14.19414,11.82734,0.31107,105.82297,0.0444,144.4,12.0000,0.0000,0.0000,0.0000
2007501,55.0473,62.3345,37.6636,3.08276,-14.72293,11.64017,0.36381,105.13261,0.0520,143.4,12.0000,0.0000,0.0000,0.0000
2008001,55.0473,62.3345,37.6636,3.81418,-15.14132,11.32714,0.41620,104.43228,0.0595,142.5,12.0000,0.0000,0.0000,0.0000
2008501,55.0473,62.3345,37.6636,4.55007,-15.46289,10.91282,0.46824,103.72537,0.0669,141.5,12.0000,0.0000,0.0000,0.0000
2009001,55.0473,62.3345,37.6636,5.28158,-15.69863,10.41705,0.51993,103.01584,0.0743,140.5,12.0000,0.0000,0.0000,0.0000
2009501,55.0473,62.3345,37.6636,6.00156,-15.85757,9.85601,0.57126,102.30286,0.0816,139.6,12.0000,0.0000,0.0000,0.0000
2010001,55.0473,62.3345,37.6636,6.70424,-15.94713,9.24290,0.62223,101.59011,0.0889,138.6,12.0000,0.0000,0.0000,0.0000
2010501,55.0473,62.3345,37.6636,7.38504,-15.97372,8.58868,0.67285,100.88058,0.0961,137.6,12.0000,0.0000,0.0000,0.0000
2011001,55.0473,62.3345,37.6636,8.04025,-15.94267,7.90242,0.72311,100.17184,0.1033,136.7,12.0000,0.0000,0.0000,0.0000
2011501,55.0473,62.3345,37.6636,8.66692,-15.85865,7.19173,0.77302,99.46612,0.1104,135.7,12.0000,0.0000,0.0000,0.0000
2012001,55.0473,62.3345,37.6636,9.26272,-15.72573,6.46301,0.82258,98.76398,0.1175,134.7,12.0000,0.0000,0.0000,0.0000
2012501,55.0473,62.3345,37.6636,9.82581,-15.54756,5.72176,0.87179,98.06530,0.1245,133.8,12.0000,0.0000,0.0000,0.0000
2013001,55.0473,62.3345,37.6636,10.35479,-15.32747,4.97267,0.92065,97.37042,0.1315,132.8,12.0000,0.0000,0.0000,0.0000
2013501,55.0473,62.3345,37.6636,10.84863,-15.06847,4.21984,0.96916,96.67953,0.1385,131.9,12.0000,0.0000,0.0000,0.0000
2014001,55.0473,62.3345,37.6636,11.30658,-14.77340,3.46682,1.01733,95.99300,0.1453,131.0,12.0000,0.0000,0.0000,0.0000
2014501,55.0473,62.3345,37.6636,11.72818,-14.44492,2.71674,1.06516,95.31084,0.1522,130.0,12.0000,0.0000,0.0000,0.0000
2015001,55.0473,62.3345,37.6636,12.11315,-14.08556,1.97240,1.11264,94.63296,0.1589,129.1,12.0000,0.0000,0.0000,0.0000
2015501,55.0473,62.3345,37.6636,12.46145,-13.69768,1.23623,1.15979,93.95937,0.1657,128.2,12.0000,0.0000,0.0000,0.0000
2016001,55.0473,62.3345,37.6636,12.77317,-13.28361,0.51044,1.20660,93.29008,0.1724,127.3,12.0000,0.0000,0.0000,0.0000
2016501,55.0473,62.3345,37.6636,13.04862,-12.84562,-0.20300,1.25308,92.62509,0.1790,126.4,12.0000,0.0000,0.0000,0.0000
2017001,55.0473,62.3345,37.6636,13.28805,-12.38573,-0.90233,1.29923,91.96442,0.1856,125.5,12.0000,0.0000,0.0000,0.0000
2017501,55.0473,62.3345,37.6636,13.49228,-11.90627,-1.58600,1.34505,91.30827,0.1921,124.6,12.0000,0.0000,0.0000,0.0000
2018001,55.0473,62.3345,37.6636,13.66160,-11.40901,-2.25258,1.39054,90.65665,0.1986,123.7,12.0000,0.0000,0.0000,0.0000
2018501,55.0473,62.3345,37.6636,13.79676,-10.89596,-2.90081,1.43570,90.00930,0.2051,122.8,12.0000,0.0000,0.0000,0.0000
2019001,55.0473,62.3345,37.6636,13.89860,-10.36907,-3.52953,1.48055,89.36620,0.2115,121.9,12.0000,0.0000,0.0000,0.0000
2019501,55.0473,62.3345,37.6636,13.96795,-9.83014,-4.13781,1.52507,88.72733,0.2179,121.0,12.0000,0.0000,0.0000,0.0000
2020001,55.0473,62.3345,37.6636,14.00572,-9.28095,-4.72476,1.56928,88.09270,0.2242,120.2,12.0000,0.0000,0.0000,0.0000
2020501,55.0473,62.3345,37.6636,14.01286,-8.72322,-5.28964,1.61317,87.46227,0.2305,119.3,12.0000,0.0000,0.0000,0.0000
2021001,55.0473,62.3345,37.6636,13.99037,-8.15858,-5.83179,1.65674,86.83603,0.2367,118.5,12.0000,0.0000,0.0000,0.0000
2021501,55.0473,62.3345,37.6636,13.93931,-7.58866,-6.35065,1.70000,86.21404,0.2429,117.6,12.0000,0.0000,0.0000,0.0000
2022001,55.0473,62.3345,37.6636,13.86077,-7.01498,-6.84579,1.74296,85.59646,0.2490,116.8,12.0000,0.0000,0.0000,0.0000
2022501,55.0473,62.3345,37.6636,13.75583,-6.43899,-7.31684,1.78560,84.98300,0.2551,115.9,12.0000,0.0000,0.0000,0.0000
2023001,55.0473,62.3345,37.6636,13.62565,-5.86211,-7.76353,1.82794,84.37365,0.2611,115.1,12.0000,0.0000,0.0000,0.0000
2023501,55.0473,62.3345,37.6636,13.47136,-5.28570,-8.18567,1.86998,83.76838,0.2671,114.3,12.0000,0.0000,0.0000,0.0000
2024001,55.0473,62.3345,37.6636,13.29414,-4.71102,-8.58312,1.91171,83.16718,0.2731,113.5,12.0000,0.0000,0.0000,0.0000
2024501,55.0473,62.3345,37.6636,13.09515,-4.13929,-8.95586,1.95314,82.57002,0.2790,112.6,12.0000,0.0000,0.0000,0.0000
2025001,55.0473,62.3345,37.6636,12.87557,-3.57169,-9.30388,1.99428,81.97690,0.2849,111.8,12.0000,0.0000,0.0000,0.0000
2025501,55.0473,62.3345,37.6636,12.63658,-3.00931,-9.62727,2.03512,81.38779,0.2907,111.0,12.0000,0.0000,0.0000,0.0000
2026001,55.0473,62.3345,37.6636,12.37935,-2.45316,-9.92620,2.07566,80.80267,0.2965,110.2,12.0000,0.0000,0.0000,0.0000
2026501,55.0473,62.3345,37.6636,12.10501,-1.90409,-10.20092,2.11592,80.22151,0.3023,109.4,12.0000,0.0000,0.0000,0.0000
2027001,55.0473,62.3345,37.6636,11.81478,-1.36324,-10.45154,2.15589,79.64431,0.3080,108.6,12.0000,0.0000,0.0000,0.0000
2027501,55.0473,62.3345,37.6636,11.50972,-0.83122,-10.67850,2.19557,79.07104,0.3137,107.9,12.0000,0.0000,0.0000,0.0000
2028001,55.0473,62.3345,37.6636,11.19103,-0.30896,-10.88207,2.23496,78.50168,0.3193,107.1,12.0000,0.0000,0.0000,0.0000
2028501,55.0473,62.3345,37.6636,10.85978,0.20286,-11.06264,2.27407,77.93621,0.3249,106.3,12.0000,0.0000,0.0000,0.0000
2029001,55.0473,62.3345,37.6636,10.51702,0.70367,-11.22069,2.31290,77.37461,0.3304,105.6,12.0000,0.0000,0.0000,0.0000
2029501,55.0473,62.3345,37.6636,10.16393,1.19265,-11.35658,2.35144,76.81686,0.3359,104.8,12.0000,0.0000,0.0000,0.0000
2030001,55.0473,62.3345,37.6636,9.80145,1.66943,-11.47088,2.38971,76.26292,0.3414,104.0,12.0000,0.0000,0.0000,0.0000
2030501,55.0473,62.3345,37.6636,9.43059,2.13351,-11.56410,2.42771,75.71280,0.3468,103.3,12.0000,0.0000,0.0000,0.0000
2031001,55.0473,62.3345,37.6636,9.05244,2.58429,-11.63673,2.46543,75.16645,0.3522,102.5,12.0000,0.0000,0.0000,0.0000
2031501,55.0473,62.3345,37.6636,8.66789,3.02149,-11.68938,2.50287,74.62386,0.3576,101.8,12.0000,0.0000,0.0000,0.0000
2032001,55.0473,62.3345,37.6636,8.27786,3.44477,-11.72263,2.54005,74.08501,0.3629,101.1,12.0000,0.0000,0.0000,0.0000
2032501,55.0473,62.3345,37.6636,7.88325,3.85384,-11.73709,2.57697,73.54987,0.3681,100.3,12.0000,0.0000,0.0000,0.0000
2033001,55.0473,62.3345,37.6636,7.48504,4.24830,-11.73334,2.61360,73.01841,0.3734,99.6,12.0000,0.0000,0.0000,0.0000
2033501,55.0473,62.3345,37.6636,7.08397,4.62806,-11.71203,2.64998,72.49062,0.3786,98.9,12.0000,0.0000,0.0000,0.0000
2034001,55.0473,62.3345,37.6636,6.68085,4.99296,-11.67381,2.68609,71.96646,0.3837,98.2,12.0000,0.0000,0.0000,0.0000
2034501,55.0473,62.3345,37.6636,6.27646,5.34286,-11.61932,2.72195,71.44592,0.3889,97.5,12.0000,0.0000,0.0000,0.0000
2035001,55.0473,62.3345,37.6636,5.87156,5.67764,-11.54920,2.75755,70.92897,0.3939,96.8,12.0000,0.0000,0.0000,0.0000
2035501,55.0473,62.3345,37.6636,5.46694,5.99717,-11.46411,2.79288,70.41558,0.3990,96.1,12.0000,0.0000,0.0000,0.0000
2036001,55.0473,62.3345,37.6636,5.06319,6.30152,-11.36471,2.82796,69.90572,0.4040,95.4,12.0000,0.0000,0.0000,0.0000
2036501,55.0473,62.3345,37.6636,4.66096,6.59068,-11.25164,2.86278,69.39938,0.4090,94.7,12.0000,0.0000,0.0000,0.0000
2037001,55.0473,62.3345,37.6636,4.26088,6.86469,-11.12558,2.89736,68.89651,0.4139,94.0,12.0000,0.0000,0.0000,0.0000
2037501,55.0473,62.3345,37.6636,3.86353,7.12363,-10.98715,2.93168,68.39710,0.4188,93.3,12.0000,0.0000,0.0000,0.0000
2038001,55.0473,62.3345,37.6636,3.46946,7.36756,-10.83703,2.96576,67.90119,0.4237,92.6,12.0000,0.0000,0.0000,0.0000
2038501,55.0473,62.3345,37.6636,3.07920,7.59663,-10.67583,2.99959,67.40902,0.4285,92.0,12.0000,0.0000,0.0000,0.0000
2039001,55.0473,62.3345,37.6636,2.69324,7.81097,-10.50420,3.03317,66.92025,0.4333,91.3,12.0000,0.0000,0.0000,0.0000
2039501,55.0473,62.3345,37.6636,2.31204,8.01073,-10.32277,3.06651,66.43484,0.4381,90.6,12.0000,0.0000,0.0000,0.0000
2040001,55.0473,62.3345,37.6636,1.93602,8.19613,-10.13215,3.09961,65.95278,0.4428,90.0,12.0000,0.0000,0.0000,0.0000
2040501,55.0473,62.3345,37.6636,1.56561,8.36734,-9.93295,3.13246,65.47403,0.4475,89.3,12.0000,0.0000,0.0000,0.0000
2041001,55.0473,62.3345,37.6636,1.20116,8.52460,-9.72576,3.16508,64.99856,0.4522,88.7,12.0000,0.0000,0.0000,0.0000
2041501,55.0473,62.3345,37.6636,0.84301,8.66816,-9.51117,3.19746,64.52634,0.4568,88.0,12.0000,0.0000,0.0000,0.0000
2042001,55.0473,62.3345,37.6636,0.49150,8.79826,-9.28977,3.22961,64.05733,0.4614,87.4,12.0000,0.0000,0.0000,0.0000
2042501,55.0473,62.3345,37.6636,0.14691,8.91519,-9.06210,3.26152,63.59206,0.4659,86.8,12.0000,0.0000,0.0000,0.0000
2043001,55.0473,62.3345,37.6636,-0.19050,9.01920,-8.82870,3.29320,63.12973,0.4705,86.1,12.0000,0.0000,0.0000,0.0000
2043501,55.0473,62.3345,37.6636,-0.52048,9.11063,-8.59014,3.32465,62.67086,0.4749,85.5,12.0000,0.0000,0.0000,0.0000
2044001,55.0473,62.3345,37.6636,-0.84284,9.18975,-8.34692,3.35587,62.21513,0.4794,84.9,12.0000,0.0000,0.0000,0.0000
2044501,55.0473,62.3345,37.6636,-1.15736,9.25688,-8.09952,3.38686,61.76248,0.4838,84.3,12.0000,0.0000,0.0000,0.0000
2045001,55.0473,62.3345,37.6636,-1.46389,9.31232,-7.84843,3.41763,61.31318,0.4882,83.6,12.0000,0.0000,0.0000,0.0000
2045501,55.0473,62.3345,37.6636,-1.76227,9.35640,-7.59412,3.44818,60.86700,0.4926,83.0,12.0000,0.0000,0.0000,0.0000
2046001,55.0473,62.3345,37.6636,-2.05238,9.38943,-7.33705,3.47851,60.42382,0.4969,82.4,12.0000,0.0000,0.0000,0.0000
2046501,55.0473,62.3345,37.6636,-2.33406,9.41176,-7.07769,3.50861,59.98400,0.5012,81.8,12.0000,0.0000,0.0000,0.0000
2047001,55.0473,62.3345,37.6636,-2.60723,9.42370,-6.81647,3.53849,59.54715,0.5055,81.2,12.0000,0.0000,0.0000,0.0000
2047501,55.0473,62.3345,37.6636,-2.87185,9.42561,-6.55376,3.56815,59.11333,0.5097,80.6,12.0000,0.0000,0.0000,0.0000
2048001,55.0473,62.3345,37.6636,-3.12788,9.41783,-6.28995,3.59760,58.68274,0.5139,80.1,12.0000,0.0000,0.0000,0.0000
2048501,55.0473,62.3345,37.6636,-3.37528,9.40070,-6.02542,3.62684,58.25499,0.5181,79.5,12.0000,0.0000,0.0000,0.0000
2049001,55.0473,62.3345,37.6636,-3.61400,9.37455,-5.76055,3.65586,57.83046,0.5223,78.9,12.0000,0.0000,0.0000,0.0000
2049501,55.0473,62.3345,37.6636,-3.84400,9.33977,-5.49577,3.68467,57.40882,0.5264,78.3,12.0000,0.0000,0.0000,0.0000
2050001,55.0473,62.3345,37.6636,-4.06535,9.29666,-5.23131,3.71326,56.99018,0.5305,77.7,12.0000,0.0000,0.0000,0.0000
2050501,55.0473,62.3345,37.6636,-4.27809,9.24555,-4.96747,3.74166,56.57455,0.5345,77.2,12.0000,0.0000,0.0000,0.0000
2051001,55.0473,62.3345,37.6636,-4.48220,9.18678,-4.70458,3.76985,56.16176,0.5385,76.6,12.0000,0.0000,0.0000,0.0000
2051501,55.0473,62.3345,37.6636,-4.67766,9.12068,-4.44301,3.79782,55.75206,0.5425,76.1,12.0000,0.0000,0.0000,0.0000
2052001,55.0473,62.3345,37.6636,-4.86465,9.04757,-4.18292,3.82559,55.34507,0.5465,75.5,12.0000,0.0000,0.0000,0.0000
2052501,55.0473,62.3345,37.6636,-5.04321,8.96777,-3.92456,3.85317,54.94120,0.5505,74.9,12.0000,0.0000,0.0000,0.0000
2053001,55.0473,62.3345,37.6636,-5.21332,8.88162,-3.66831,3.88054,54.53996,0.5544,74.4,12.0000,0.0000,0.0000,0.0000
2053501,55.0473,62.3345,37.6636,-5.37518,8.78948,-3.41431,3.90770,54.14182,0.5582,73.9,12.0000,0.0000,0.0000,0.0000
2054001,55.0473,62.3345,37.6636,-5.52891,8.69162,-3.16271,3.93468,53.74628,0.5621,73.3,12.0000,0.0000,0.0000,0.0000
2054501,55.0473,62.3345,37.6636,-5.67447,8.58835,-2.91388,3.96145,53.35377,0.5659,72.8,12.0000,0.0000,0.0000,0.0000
2055001,55.0473,62.3345,37.6636,-5.81206,8.47995,-2.66789,3.98803,52.96388,0.5697,72.3,12.0000,0.0000,0.0000,0.0000
2055501,55.0473,62.3345,37.6636,-5.94179,8.36671,-2.42492,4.01442,52.57689,0.5735,71.7,12.0000,0.0000,0.0000,0.0000
2056001,55.0473,62.3345,37.6636,-6.06388,8.24889,-2.18501,4.04063,52.19260,0.5772,71.2,12.0000,0.0000,0.0000,0.0000
2056501,55.0473,62.3345,37.6636,-6.17814,8.12689,-1.94875,4.06662,51.81103,0.5809,70.7,12.0000,0.0000,0.0000,0.0000
2057001,55.0473,62.3345,37.6636,-6.28496,8.00099,-1.71603,4.09242,51.43228,0.5846,70.2,12.0000,0.0000,0.0000,0.0000
2057501,55.0473,62.3345,37.6636,-6.38450,7.87135,-1.48685,4.11804,51.05602,0.5883,69.6,12.0000,0.0000,0.0000,0.0000
2058001,55.0473,62.3345,37.6636,-6.47691,7.73822,-1.26132,4.14348,50.68275,0.5919,69.1,12.0000,0.0000,0.0000,0.0000
2058501,55.0473,62.3345,37.6636,-6.56229,7.60186,-1.03957,4.16876,50.31194,0.5955,68.6,12.0000,0.0000,0.0000,0.0000
2059001,55.0473,62.3345,37.6636,-6.64049,7.46271,-0.82221,4.19379,49.94385,0.5991,68.1,12.0000,0.0000,0.0000,0.0000
2059501,55.0473,62.3345,37.6636,-6.71205,7.32085,-0.60880,4.21866,49.57844,0.6027,67.6,12.0000,0.0000,0.0000,0.0000
2060001,55.0473,62.3345,37.6636,-6.77713,7.17653,-0.39940,4.24337,49.21546,0.6062,67.1,12.0000,0.0000,0.0000,0.0000
2060501,55.0473,62.3345,37.6636,-6.83577,7.02984,-0.19407,4.26791,48.85533,0.6097,66.6,12.0000,0.0000,0.0000,0.0000
2061001,55.0473,62.3345,37.6636,-6.88797,6.88137,0.00660,4.29223,48.49767,0.6132,66.2,12.0000,0.0000,0.0000,0.0000
2061501,55.0473,62.3345,37.6636,-6.93408,6.73111,0.20297,4.31638,48.14241,0.6166,65.7,12.0000,0.0000,0.0000,0.0000
2062001,55.0473,62.3345,37.6636,-6.97430,6.57918,0.39512,4.34037,47.79002,0.6201,65.2,12.0000,0.0000,0.0000,0.0000
2062501,55.0473,62.3345,37.6636,-7.00878,6.42578,0.58300,4.36421,47.44000,0.6235,64.7,12.0000,0.0000,0.0000,0.0000
2063001,55.0473,62.3345,37.6636,-7.03745,6.27149,0.76596,4.38781,47.09235,0.6268,64.2,12.0000,0.0000,0.0000,0.0000
2063501,55.0473,62.3345,37.6636,-7.06068,6.11611,0.94457,4.41126,46.74745,0.6302,63.8,12.0000,0.0000,0.0000,0.0000
2064001,55.0473,62.3345,37.6636,-7.07870,5.95982,1.11888,4.43457,46.40496,0.6335,63.3,12.0000,0.0000,0.0000,0.0000
2064501,55.0473,62.3345,37.6636,-7.09151,5.80292,1.28859,4.45769,46.06480,0.6368,62.8,12.0000,0.0000,0.0000,0.0000
2065001,55.0473,62.3345,37.6636,-7.09927,5.64574,1.45353,4.48062,45.72716,0.6401,62.4,12.0000,0.0000,0.0000,0.0000
2065501,55.0473,62.3345,37.6636,-7.10225,5.48810,1.61415,4.50340,45.39206,0.6433,61.9,12.0000,0.0000,0.0000,0.0000
2066001,55.0473,62.3345,37.6636,-7.10063,5.33016,1.77046,4.52605,45.05927,0.6466,61.5,12.0000,0.0000,0.0000,0.0000
2066501,55.0473,62.3345,37.6636,-7.09435,5.17260,1.92175,4.54846,44.72877,0.6498,61.0,12.0000,0.0000,0.0000,0.0000
2067001,55.0473,62.3345,37.6636,-7.08377,5.01501,2.06876,4.57074,44.40080,0.6530,60.6,12.0000,0.0000,0.0000,0.0000
2067501,55.0473,62.3345,37.6636,-7.06905,4.85752,2.21153,4.59289,44.07524,0.6561,60.1,12.0000,0.0000,0.0000,0.0000
2068001,55.0473,62.3345,37.6636,-7.05019,4.70073,2.34947,4.61482,43.75195,0.6593,59.7,12.0000,0.0000,0.0000,0.0000
2068501,55.0473,62.3345,37.6636,-7.02747,4.54440,2.48307,4.63661,43.43090,0.6624,59.2,12.0000,0.0000,0.0000,0.0000
2069001,55.0473,62.3345,37.6636,-7.00104,4.38851,2.61253,4.65828,43.11217,0.6655,58.8,12.0000,0.0000,0.0000,0.0000
2069501,55.0473,62.3345,37.6636,-6.97095,4.23365,2.73730,4.67973,42.79594,0.6685,58.4,12.0000,0.0000,0.0000,0.0000
2070001,55.0473,62.3345,37.6636,-6.93744,4.07962,2.85782,4.70104,42.48193,0.6716,58.0,12.0000,0.0000,0.0000,0.0000
2070501,55.0473,62.3345,37.6636,-6.90062,3.92630,2.97432,4.72224,42.17012,0.6746,57.5,12.0000,0.0000,0.0000,0.0000
2071001,55.0473,62.3345,37.6636,-6.86064,3.77441,3.08623,4.74322,41.86052,0.6776,57.1,12.0000,0.0000,0.0000,0.0000
2071501,55.0473,62.3345,37.6636,-6.81760,3.62353,3.19407,4.76407,41.55310,0.6806,56.7,12.0000,0.0000,0.0000,0.0000
2072001,55.0473,62.3345,37.6636,-6.77170,3.47364,3.29806,4.78481,41.24809,0.6835,56.3,12.0000,0.0000,0.0000,0.0000
2072501,55.0473,62.3345,37.6636,-6.72302,3.32557,3.39745,4.80532,40.94528,0.6865,55.9,12.0000,0.0000,0.0000,0.0000
2073001,55.0473,62.3345,37.6636,-6.67172,3.17860,3.49312,4.82572,40.64463,0.6894,55.4,12.0000,0.0000,0.0000,0.0000
2073501,55.0473,62.3345,37.6636,-6.61792,3.03304,3.58487,4.84599,40.34612,0.6923,55.0,12.0000,0.0000,0.0000,0.0000
2074001,55.0473,62.3345,37.6636,-6.56173,2.88929,3.67244,4.86606,40.04974,0.6952,54.6,12.0000,0.0000,0.0000,0.0000
2074501,55.0473,62.3345,37.6636,-6.50330,2.74682,3.75648,4.88604,39.75548,0.6980,54.2,12.0000,0.0000,0.0000,0.0000
2075001,55.0473,62.3345,37.6636,-6.44275,2.60627,3.83649,4.90582,39.46334,0.7008,53.8,12.0000,0.0000,0.0000,0.0000
2075501,55.0473,62.3345,37.6636,-6.38017,2.46736,3.91281,4.92548,39.17334,0.7036,53.4,12.0000,0.0000,0.0000,0.0000
2076001,55.0473,62.3345,37.6636,-6.31567,2.32997,3.98571,4.94503,38.88556,0.7064,53.0,12.0000,0.0000,0.0000,0.0000
2076501,55.0473,62.3345,37.6636,-6.24945,2.19483,4.05462,4.96436,38.59984,0.7092,52.7,12.0000,0.0000,0.0000,0.0000
2077001,55.0473,62.3345,37.6636,-6.18147,2.06116,4.12031,4.98361,38.31618,0.7119,52.3,12.0000,0.0000,0.0000,0.0000
2077501,55.0473,62.3345,37.6636,-6.11198,1.92962,4.18236,5.00269,38.03456,0.7147,51.9,12.0000,0.0000,0.0000,0.0000
2078001,55.0473,62.3345,37.6636,-6.04100,1.79994,4.24106,5.02163,37.75498,0.7174,51.5,12.0000,0.0000,0.0000,0.0000
2078501,55.0473,62.3345,37.6636,-5.96860,1.67203,4.29657,5.04046,37.47742,0.7201,51.1,12.0000,0.0000,0.0000,0.0000
2079001,55.0473,62.3345,37.6636,-5.89504,1.54647,4.34857,5.05910,37.20187,0.7227,50.8,12.0000,0.0000,0.0000,0.0000
2079501,55.0473,62.3345,37.6636,-5.82016,1.42247,4.39770,5.07767,36.92831,0.7254,50.4,12.0000,0.0000,0.0000,0.0000
2080001,55.0473,62.3345,37.6636,-5.74432,1.30097,4.44336,5.09603,36.65675,0.7280,50.0,12.0000,0.0000,0.0000,0.0000
2080501,55.0473,62.3345,37.6636,-5.66742,1.18120,4.48622,5.11431,36.38715,0.7306,49.6,12.0000,0.0000,0.0000,0.0000
2081001,55.0473,62.3345,37.6636,-5.58965,1.06364,4.52601,5.13243,36.11951,0.7332,49.3,12.0000,0.0000,0.0000,0.0000
2081501,55.0473,62.3345,37.6636,-5.51103,0.94816,4.56288,5.15042,35.85382,0.7358,48.9,12.0000,0.0000,0.0000,0.0000
2082001,55.0473,62.3345,37.6636,-5.43162,0.83462,4.59700,5.16830,35.59007,0.7383,48.6,12.0000,0.0000,0.0000,0.0000
2082501,55.0473,62.3345,37.6636,-5.35167,0.72346,4.62820,5.18600,35.32824,0.7409,48.2,12.0000,0.0000,0.0000,0.0000
2083001,55.0473,62.3345,37.6636,-5.27095,0.61401,4.65694,5.20364,35.06831,0.7434,47.8,12.0000,0.0000,0.0000,0.0000
2083501,55.0473,62.3345,37.6636,-5.18992,0.50719,4.68274,5.22107,34.81028,0.7459,47.5,12.0000,0.0000,0.0000,0.0000
2084001,55.0473,62.3345,37.6636,-5.10821,0.40195,4.70626,5.23846,34.55413,0.7484,47.1,12.0000,0.0000,0.0000,0.0000
2084501,55.0473,62.3345,37.6636,-5.02640,0.29938,4.72702,5.25562,34.29985,0.7508,46.8,12.0000,0.0000,0.0000,0.0000
2085001,55.0473,62.3345,37.6636,-4.94405,0.19845,4.74560,5.27275,34.04742,0.7532,46.4,12.0000,0.0000,0.0000,0.0000
2085501,55.0473,62.3345,37.6636,-4.86163,0.10003,4.76160,5.28967,33.79683,0.7557,46.1,12.0000,0.0000,0.0000,0.0000
2086001,55.0473,62.3345,37.6636,-4.77886,0.00340,4.77547,5.30654,33.54806,0.7581,45.8,12.0000,0.0000,0.0000,0.0000
2086501,55.0473,62.3345,37.6636,-4.69610,-0.09086,4.78697,5.32322,33.30110,0.7605,45.4,12.0000,0.0000,0.0000,0.0000
2087001,55.0473,62.3345,37.6636,-4.61318,-0.18326,4.79644,5.33983,33.05593,0.7628,45.1,12.0000,0.0000,0.0000,0.0000
2087501,55.0473,62.3345,37.6636,-4.53033,-0.27337,4.80371,5.35628,32.81255,0.7652,44.8,12.0000,0.0000,0.0000,0.0000
2088001,55.0473,62.3345,37.6636,-4.44743,-0.36157,4.80900,5.37264,32.57093,0.7675,44.4,12.0000,0.0000,0.0000,0.0000
2088501,55.0473,62.3345,37.6636,-4.36469,-0.44757,4.81226,5.38885,32.33105,0.7698,44.1,12.0000,0.0000,0.0000,0.0000
2089001,55.0473,62.3345,37.6636,-4.28201,-0.53164,4.81366,5.40497,32.09290,0.7721,43.8,12.0000,0.0000,0.0000,0.0000
2089501,55.0473,62.3345,37.6636,-4.19959,-0.61355,4.81314,5.42095,31.85669,0.7744,43.5,12.0000,0.0000,0.0000,0.0000
2090001,55.0473,62.3345,37.6636,-4.11733,-0.69358,4.81091,5.43683,31.62206,0.7767,43.1,12.0000,0.0000,0.0000,0.0000
2090501,55.0473,62.3345,37.6636,-4.03543,-0.77144,4.80687,5.45257,31.38912,0.7789,42.8,12.0000,0.0000,0.0000,0.0000
2091001,55.0473,62.3345,37.6636,-3.95371,-0.84751,4.80122,5.46823,31.15789,0.7812,42.5,12.0000,0.0000,0.0000,0.0000
2091501,55.0473,62.3345,37.6636,-3.87249,-0.92138,4.79387,5.48372,30.92841,0.7834,42.2,12.0000,0.0000,0.0000,0.0000
2092001,55.0473,62.3345,37.6636,-3.79147,-0.99358,4.78505,5.49916,30.70057,0.7856,41.9,12.0000,0.0000,0.0000,0.0000
2092501,55.0473,62.3345,37.6636,-3.71108,-1.06352,4.77460,5.51442,30.47436,0.7878,41.6,12.0000,0.0000,0.0000,0.0000
2093001,55.0473,62.3345,37.6636,-3.63087,-1.13195,4.76283,5.52965,30.24981,0.7899,41.3,12.0000,0.0000,0.0000,0.0000
2093501,55.0473,62.3345,37.6636,-3.55147,-1.19803,4.74950,5.54467,30.02696,0.7921,41.0,12.0000,0.0000,0.0000,0.0000
2094001,55.0473,62.3345,37.6636,-3.47220,-1.26278,4.73498,5.55969,29.80570,0.7942,40.7,12.0000,0.0000,0.0000,0.0000
2094501,55.0473,62.3345,37.6636,-3.39391,-1.32510,4.71901,5.57448,29.58600,0.7964,40.4,12.0000,0.0000,0.0000,0.0000
2095001,55.0473,62.3345,37.6636,-3.31582,-1.38610,4.70192,5.58926,29.36802,0.7985,40.1,12.0000,0.0000,0.0000,0.0000
2095501,55.0473,62.3345,37.6636,-3.23862,-1.44492,4.68353,5.60385,29.15158,0.8005,39.8,12.0000,0.0000,0.0000,0.0000
2096001,55.0473,62.3345,37.6636,-3.16181,-1.50225,4.66406,5.61839,28.93666,0.8026,39.5,12.0000,0.0000,0.0000,0.0000
2096501,55.0473,62.3345,37.6636,-3.08577,-1.55768,4.64345,5.63280,28.72343,0.8047,39.2,12.0000,0.0000,0.0000,0.0000
2097001,55.0473,62.3345,37.6636,-3.01035,-1.61143,4.62178,5.64710,28.51170,0.8067,38.9,12.0000,0.0000,0.0000,0.0000
2097501,55.0473,62.3345,37.6636,-2.93553,-1.66359,4.59912,5.66133,28.30149,0.8088,38.6,12.0000,0.0000,0.0000,0.0000
2098001,55.0473,62.3345,37.6636,-2.86160,-1.71385,4.57545,5.67539,28.09290,0.8108,38.3,12.0000,0.0000,0.0000,0.0000
2098501,55.0473,62.3345,37.6636,-2.78804,-1.76286,4.55091,5.68945,27.88575,0.8128,38.0,12.0000,0.0000,0.0000,0.0000
2099001,55.0473,62.3345,37.6636,-2.71568,-1.80973,4.52540,5.70328,27.68018,0.8148,37.8,12.0000,0.0000,0.0000,0.0000
2099501,55.0473,62.3345,37.6636,-2.64369,-1.85543,4.49911,5.71711,27.47609,0.8167,37.5,12.0000,0.0000,0.0000,0.0000
2100001,55.0473,62.3345,37.6636,-2.57271,-1.89928,4.47199,5.73076,27.27347,0.8187,37.2,12.0000,0.0000,0.0000,0.0000
2100501,55.0473,62.3345,37.6636,-2.50238,-1.94173,4.44411,5.74435,27.07240,0.8206,36.9,12.0000,0.0000,0.0000,0.0000
2101001,55.0473,62.3345,37.6636,-2.43277,-1.98273,4.41551,5.75786,26.87271,0.8226,36.7,12.0000,0.0000,0.0000,0.0000
2101501,55.0473,62.3345,37.6636,-2.36417,-2.02202,4.38619,5.77121,26.67459,0.8245,36.4,12.0000,0.0000,0.0000,0.0000
2102001,55.0473,62.3345,37.6636,-2.29602,-2.06024,4.35625,5.78456,26.47779,0.8264,36.1,12.0000,0.0000,0.0000,0.0000
2102501,55.0473,62.3345,37.6636,-2.22913,-2.09654,4.32567,5.79769,26.28259,0.8282,35.9,12.0000,0.0000,0.0000,0.0000
2103001,55.0473,62.3345,37.6636,-2.16277,-2.13174,4.29451,5.81081,26.08866,0.8301,35.6,12.0000,0.0000,0.0000,0.0000
2103501,55.0473,62.3345,37.6636,-2.09730,-2.16549,4.26279,5.82381,25.89631,0.8320,35.3,12.0000,0.0000,0.0000,0.0000
2104001,55.0473,62.3345,37.6636,-2.03278,-2.19778,4.23056,5.83668,25.70523,0.8338,35.1,12.0000,0.0000,0.0000,0.0000
2104501,55.0473,62.3345,37.6636,-1.96874,-2.22908,4.19782,5.84956,25.51567,0.8357,34.8,12.0000,0.0000,0.0000,0.0000
2105001,55.0473,62.3345,37.6636,-1.90607,-2.25858,4.16465,5.86220,25.32741,0.8375,34.6,12.0000,0.0000,0.0000,0.0000
2105501,55.0473,62.3345,37.6636,-1.84392,-2.28713,4.13105,5.87483,25.14059,0.8393,34.3,12.0000,0.0000,0.0000,0.0000
2106001,55.0473,62.3345,37.6636,-1.78266,-2.31439,4.09705,5.88737,24.95511,0.8411,34.0,12.0000,0.0000,0.0000,0.0000
2106501,55.0473,62.3345,37.6636,-1.72242,-2.34027,4.06270,5.89977,24.77098,0.8428,33.8,12.0000,0.0000,0.0000,0.0000
2107001,55.0473,62.3345,37.6636,-1.66270,-2.36526,4.02796,5.91216,24.58825,0.8446,33.5,12.0000,0.0000,0.0000,0.0000
2107501,55.0473,62.3345,37.6636,-1.60423,-2.38872,3.99295,5.92437,24.40676,0.8463,33.3,12.0000,0.0000,0.0000,0.0000
2108001,55.0473,62.3345,37.6636,-1.54643,-2.41117,3.95760,5.93652,24.22673,0.8481,33.0,12.0000,0.0000,0.0000,0.0000
2108501,55.0473,62.3345,37.6636,-1.48933,-2.43266,3.92198,5.94864,24.04795,0.8498,32.8,12.0000,0.0000,0.0000,0.0000
2109001,55.0473,62.3345,37.6636,-1.43348,-2.45271,3.88618,5.96056,23.87047,0.8515,32.6,12.0000,0.0000,0.0000,0.0000
2109501,55.0473,62.3345,37.6636,-1.37816,-2.47196,3.85012,5.97248,23.69437,0.8532,32.3,12.0000,0.0000,0.0000,0.0000
2110001,55.0473,62.3345,37.6636,-1.32380,-2.49007,3.81387,5.98429,23.51947,0.8549,32.1,12.0000,0.0000,0.0000,0.0000
2110501,55.0473,62.3345,37.6636,-1.27043,-2.50704,3.77747,5.99597,23.34589,0.8566,31.8,12.0000,0.0000,0.0000,0.0000
2111001,55.0473,62.3345,37.6636,-1.21759,-2.52326,3.74086,6.00765,23.17363,0.8582,31.6,12.0000,0.0000,0.0000,0.0000
2111501,55.0473,62.3345,37.6636,-1.16593,-2.53825,3.70418,6.01916,23.00256,0.8599,31.4,12.0000,0.0000,0.0000,0.0000
2112001,55.0473,62.3345,37.6636,-1.11504,-2.55234,3.66737,6.03061,22.83277,0.8615,31.1,12.0000,0.0000,0.0000,0.0000
2112501,55.0473,62.3345,37.6636,-1.06468,-2.56571,3.63040,6.04205,22.66429,0.8632,30.9,12.0000,0.0000,0.0000,0.0000
2113001,55.0473,62.3345,37.6636,-1.01565,-2.57782,3.59347,6.05328,22.49698,0.8648,30.7,12.0000,0.0000,0.0000,0.0000
2113501,55.0473,62.3345,37.6636,-0.96723,-2.58919,3.55643,6.06448,22.33084,0.8664,30.5,12.0000,0.0000,0.0000,0.0000
2114001,55.0473,62.3345,37.6636,-0.91938,-2.59989,3.51927,6.07568,22.16607,0.8680,30.2,12.0000,0.0000,0.0000,0.0000
2114501,55.0473,62.3345,37.6636,-0.87288,-2.60936,3.48224,6.08665,22.00246,0.8695,30.0,12.0000,0.0000,0.0000,0.0000
2115001,55.0473,62.3345,37.6636,-0.82691,-2.61821,3.44511,6.09761,21.83999,0.8711,29.8,12.0000,0.0000,0.0000,0.0000
2115501,55.0473,62.3345,37.6636,-0.78156,-2.62639,3.40794,6.10856,21.67872,0.8727,29.6,12.0000,0.0000,0.0000,0.0000
2116001,55.0473,62.3345,37.6636,-0.73748,-2.63346,3.37093,6.11929,21.51873,0.8742,29.4,12.0000,0.0000,0.0000,0.0000
2116501,55.0473,62.3345,37.6636,-0.69392,-2.63995,3.33387,6.13001,21.35987,0.8757,29.1,12.0000,0.0000,0.0000,0.0000
2117001,55.0473,62.3345,37.6636,-0.65098,-2.64583,3.29681,6.14072,21.20214,0.8772,28.9,12.0000,0.0000,0.0000,0.0000
2117501,55.0473,62.3345,37.6636,-0.60929,-2.65066,3.25995,6.15121,21.04554,0.8787,28.7,12.0000,0.0000,0.0000,0.0000
2118001,55.0473,62.3345,37.6636,-0.56812,-2.65497,3.22309,6.16170,20.89018,0.8802,28.5,12.0000,0.0000,0.0000,0.0000
2118501,55.0473,62.3345,37.6636,-0.52749,-2.65874,3.18623,6.17218,20.73597,0.8817,28.3,12.0000,0.0000,0.0000,0.0000
2119001,55.0473,62.3345,37.6636,-0.48815,-2.66151,3.14966,6.18243,20.58286,0.8832,28.1,12.0000,0.0000,0.0000,0.0000
2119501,55.0473,62.3345,37.6636,-0.44931,-2.66380,3.11311,6.19268,20.43086,0.8847,27.9,12.0000,0.0000,0.0000,0.0000
2120001,55.0473,62.3345,37.6636,-0.41097,-2.66561,3.07658,6.20293,20.27994,0.8861,27.7,12.0000,0.0000,0.0000,0.0000
2120501,55.0473,62.3345,37.6636,-0.37385,-2.66652,3.04036,6.21297,20.13016,0.8876,27.5,12.0000,0.0000,0.0000,0.0000
2121001,55.0473,62.3345,37.6636,-0.33729,-2.66693,3.00422,6.22298,19.98155,0.8890,27.3,12.0000,0.0000,0.0000,0.0000
2121501,55.0473,62.3345,37.6636,-0.30123,-2.66691,2.96814,6.23300,19.83401,0.8904,27.1,12.0000,0.0000,0.0000,0.0000
2122001,55.0473,62.3345,37.6636,-0.26618,-2.66615,2.93233,6.24285,19.68754,0.8918,26.9,12.0000,0.0000,0.0000,0.0000
2122501,55.0473,62.3345,37.6636,-0.23185,-2.66485,2.89670,6.25262,19.54214,0.8932,26.7,12.0000,0.0000,0.0000,0.0000
2123001,55.0473,62.3345,37.6636,-0.19800,-2.66315,2.86115,6.26240,19.39779,0.8946,26.5,12.0000,0.0000,0.0000,0.0000
2123501,55.0473,62.3345,37.6636,-0.16492,-2.66088,2.82580,6.27208,19.25450,0.8960,26.3,12.0000,0.0000,0.0000,0.0000
2124001,55.0473,62.3345,37.6636,-0.13276,-2.65800,2.79077,6.28161,19.11225,0.8974,26.1,12.0000,0.0000,0.0000,0.0000
2124501,55.0473,62.3345,37.6636,-0.10112,-2.65472,2.75585,0.00795,18.97106,0.0011,25.9,12.0000,0.0000,0.0000,0.0000
2125001,55.0473,62.3345,37.6636,-0.07015,-2.65099,2.72114,0.01740,18.83097,0.0025,25.7,12.0000,0.0000,0.0000,0.0000
2125501,55.0473,62.3345,37.6636,-0.03984,-2.64680,2.68664,0.02678,18.69189,0.0038,25.5,12.0000,0.0000,0.0000,0.0000
2126001,55.0473,62.3345,37.6636,-0.01019,-2.64217,2.65235,0.03609,18.55384,0.0052,25.3,12.0000,0.0000,0.0000,0.0000
2126501,55.0473,62.3345,37.6636,0.01882,-2.63711,2.61830,0.04533,18.41680,0.0065,25.1,12.0000,0.0000,0.0000,0.0000
2127001,55.0473,62.3345,37.6636,0.04718,-2.63164,2.58446,0.05451,18.28076,0.0078,24.9,12.0000,0.0000,0.0000,0.0000
2127501,55.0473,62.3345,37.6636,0.07491,-2.62578,2.55087,0.06361,18.14572,0.0091,24.8,12.0000,0.0000,0.0000,0.0000
2128001,55.0473,62.3345,37.6636,0.10201,-2.61953,2.51752,0.07265,18.01167,0.0104,24.6,12.0000,0.0000,0.0000,0.0000
2128501,55.0473,62.3345,37.6636,0.12850,-2.61290,2.48440,0.08163,17.87861,0.0117,24.4,12.0000,0.0000,0.0000,0.0000
2129001,55.0473,62.3345,37.6636,0.15438,-2.60593,2.45155,0.09053,17.74653,0.0129,24.2,12.0000,0.0000,0.0000,0.0000
2129501,55.0473,62.3345,37.6636,0.17967,-2.59861,2.41894,0.09937,17.61542,0.0142,24.0,12.0000,0.0000,0.0000,0.0000
2130001,55.0473,62.3345,37.6636,0.20436,-2.59094,2.38658,0.10815,17.48528,0.0154,23.9,12.0000,0.0000,0.0000,0.0000
2130501,55.0473,62.3345,37.6636,0.22847,-2.58297,2.35449,0.11686,17.35610,0.0167,23.7,12.0000,0.0000,0.0000,0.0000
2131001,55.0473,62.3345,37.6636,0.25201,-2.57468,2.32267,0.12550,17.22787,0.0179,23.5,12.0000,0.0000,0.0000,0.0000
2131501,55.0473,62.3345,37.6636,0.27499,-2.56609,2.29110,0.13409,17.10058,0.0192,23.3,12.0000,0.0000,0.0000,0.0000
2132001,55.0473,62.3345,37.6636,0.29741,-2.55721,2.25980,0.14260,16.97423,0.0204,23.2,12.0000,0.0000,0.0000,0.0000
2132501,55.0473,62.3345,37.6636,0.31928,-2.54806,2.22878,0.15106,16.84881,0.0216,23.0,12.0000,0.0000,0.0000,0.0000
2133001,55.0473,62.3345,37.6636,0.34061,-2.53864,2.19802,0.15945,16.72432,0.0228,22.8,12.0000,0.0000,0.0000,0.0000
2133501,55.0473,62.3345,37.6636,0.36141,-2.52895,2.16754,0.16779,16.60074,0.0240,22.6,12.0000,0.0000,0.0000,0.0000
2134001,55.0473,62.3345,37.6636,0.38169,-2.51903,2.13734,0.17605,16.47807,0.0252,22.5,12.0000,0.0000,0.0000,0.0000
2134501,55.0473,62.3345,37.6636,0.40146,-2.50888,2.10742,0.18426,16.35630,0.0263,22.3,12.0000,0.0000,0.0000,0.0000
2135001,55.0473,62.3345,37.6636,0.42072,-2.49849,2.07778,0.19241,16.23542,0.0275,22.1,12.0000,0.0000,0.0000,0.0000
2135501,55.0473,62.3345,37.6636,0.43948,-2.48789,2.04841,0.20050,16.11543,0.0286,22.0,12.0000,0.0000,0.0000,0.0000
2136001,55.0473,62.3345,37.6636,0.45774,-2.47707,2.01933,0.20853,15.99629,0.0298,21.8,12.0000,0.0000,0.0000,0.0000
2136501,55.0473,62.3345,37.6636,0.47553,-2.46607,1.99053,0.21650,15.87809,0.0309,21.7,12.0000,0.0000,0.0000,0.0000
2137001,55.0473,62.3345,37.6636,0.49284,-2.45487,1.96203,0.22441,15.76075,0.0321,21.5,12.0000,0.0000,0.0000,0.0000
2137501,55.0473,62.3345,37.6636,0.50969,-2.44349,1.93380,0.23226,15.64426,0.0332,21.3,12.0000,0.0000,0.0000,0.0000
2138001,55.0473,62.3345,37.6636,0.52608,-2.43193,1.90586,0.24005,15.52864,0.0343,21.2,12.0000,0.0000,0.0000,0.0000
2138501,55.0473,62.3345,37.6636,0.54201,-2.42021,1.87820,0.24779,15.41390,0.0354,21.0,12.0000,0.0000,0.0000,0.0000
2139001,55.0473,62.3345,37.6636,0.55750,-2.40833,1.85083,0.25546,15.29999,0.0365,20.9,12.0000,0.0000,0.0000,0.0000
2139501,55.0473,62.3345,37.6636,0.57256,-2.39631,1.82375,0.26309,15.18690,0.0376,20.7,12.0000,0.0000,0.0000,0.0000
2140001,55.0473,62.3345,37.6636,0.58719,-2.38415,1.79696,0.27065,15.07464,0.0387,20.6,12.0000,0.0000,0.0000,0.0000
2140501,55.0473,62.3345,37.6636,0.60140,-2.37185,1.77045,0.27816,14.96325,0.0397,20.4,12.0000,0.0000,0.0000,0.0000
2141001,55.0473,62.3345,37.6636,0.61519,-2.35942,1.74422,0.28562,14.85267,0.0408,20.3,12.0000,0.0000,0.0000,0.0000
2141501,55.0473,62.3345,37.6636,0.62858,-2.34687,1.71829,0.29301,14.74288,0.0419,20.1,12.0000,0.0000,0.0000,0.0000
2142001,55.0473,62.3345,37.6636,0.64157,-2.33420,1.69263,0.30036,14.63391,0.0429,20.0,12.0000,0.0000,0.0000,0.0000
2142501,55.0473,62.3345,37.6636,0.65417,-2.32143,1.66726,0.30765,14.52577,0.0439,19.8,12.0000,0.0000,0.0000,0.0000
2143001,55.0473,62.3345,37.6636,0.66638,-2.30855,1.64217,0.31488,14.41839,0.0450,19.7,12.0000,0.0000,0.0000,0.0000
2143501,55.0473,62.3345,37.6636,0.67822,-2.29559,1.61737,0.32207,14.31182,0.0460,19.5,12.0000,0.0000,0.0000,0.0000
2144001,55.0473,62.3345,37.6636,0.68968,-2.28254,1.59286,0.32920,14.20605,0.0470,19.4,12.0000,0.0000,0.0000,0.0000
2144501,55.0473,62.3345,37.6636,0.70079,-2.26941,1.56862,0.33627,14.10102,0.0480,19.2,12.0000,0.0000,0.0000,0.0000
2145001,55.0473,62.3345,37.6636,0.71153,-2.25620,1.54466,0.34330,13.99681,0.0490,19.1,12.0000,0.0000,0.0000,0.0000
2145501,55.0473,62.3345,37.6636,0.72192,-2.24291,1.52099,0.35027,13.89335,0.0500,19.0,12.0000,0.0000,0.0000,0.0000
2146001,55.0473,62.3345,37.6636,0.73197,-2.22956,1.49759,0.35719,13.79063,0.0510,18.8,12.0000,0.0000,0.0000,0.0000
2146501,55.0473,62.3345,37.6636,0.74169,-2.21615,1.47446,0.36406,13.68871,0.0520,18.7,12.0000,0.0000,0.0000,0.0000
2147001,55.0473,62.3345,37.6636,0.75107,-2.20268,1.45162,0.37088,13.58750,0.0530,18.5,12.0000,0.0000,0.0000,0.0000
2147501,55.0473,62.3345,37.6636,0.76013,-2.18917,1.42904,0.37765,13.48708,0.0539,18.4,12.0000,0.0000,0.0000,0.0000
2148001,55.0473,62.3345,37.6636,0.76886,-2.17560,1.40674,0.38437,13.38737,0.0549,18.3,12.0000,0.0000,0.0000,0.0000
2148501,55.0473,62.3345,37.6636,0.77729,-2.16200,1.38471,0.39104,13.28842,0.0559,18.1,12.0000,0.0000,0.0000,0.0000
2149001,55.0473,62.3345,37.6636,0.78541,-2.14836,1.36295,0.39766,13.19018,0.0568,18.0,12.0000,0.0000,0.0000,0.0000
2149501,55.0473,62.3345,37.6636,0.79323,-2.13469,1.34145,0.40423,13.09267,0.0577,17.9,12.0000,0.0000,0.0000,0.0000
2150001,55.0473,62.3345,37.6636,0.80076,-2.12098,1.32023,0.41075,12.99589,0.0587,17.7,12.0000,0.0000,0.0000,0.0000
2150501,55.0473,62.3345,37.6636,0.80799,-2.10726,1.29927,0.41722,12.89981,0.0596,17.6,12.0000,0.0000,0.0000,0.0000
2151001,55.0473,62.3345,37.6636,0.81495,-2.09351,1.27857,0.42365,12.80445,0.0605,17.5,12.0000,0.0000,0.0000,0.0000
2151501,55.0473,62.3345,37.6636,0.82163,-2.07975,1.25813,0.43003,12.70979,0.0614,17.3,12.0000,0.0000,0.0000,0.0000
2152001,55.0473,62.3345,37.6636,0.82803,-2.06598,1.23795,0.43636,12.61582,0.0623,17.2,12.0000,0.0000,0.0000,0.0000
2152501,55.0473,62.3345,37.6636,0.83417,-2.05220,1.21802,0.44264,12.52256,0.0632,17.1,12.0000,0.0000,0.0000,0.0000
2153001,55.0473,62.3345,37.6636,0.84005,-2.03841,1.19836,0.44888,12.42995,0.0641,17.0,12.0000,0.0000,0.0000,0.0000
2153501,55.0473,62.3345,37.6636,0.84567,-2.02462,1.17894,0.45507,12.33809,0.0650,16.8,12.0000,0.0000,0.0000,0.0000
2154001,55.0473,62.3345,37.6636,0.85105,-2.01083,1.15978,0.46122,12.24684,0.0659,16.7,12.0000,0.0000,0.0000,0.0000
2154501,55.0473,62.3345,37.6636,0.85618,-1.99704,1.14086,0.46732,12.15632,0.0668,16.6,12.0000,0.0000,0.0000,0.0000
2155001,55.0473,62.3345,37.6636,0.86107,-1.98328,1.12220,0.47338,12.06644,0.0676,16.5,12.0000,0.0000,0.0000,0.0000
2155501,55.0473,62.3345,37.6636,0.86573,-1.96951,1.10378,0.47939,11.97721,0.0685,16.3,12.0000,0.0000,0.0000,0.0000
2156001,55.0473,62.3345,37.6636,0.87016,-1.95576,1.08561,0.48535,11.88869,0.0693,16.2,12.0000,0.0000,0.0000,0.0000
2156501,55.0473,62.3345,37.6636,0.87436,-1.94203,1.06767,0.49128,11.80077,0.0702,16.1,12.0000,0.0000,0.0000,0.0000
2157001,55.0473,62.3345,37.6636,0.87834,-1.92832,1.04998,0.49715,11.71352,0.0710,16.0,12.0000,0.0000,0.0000,0.0000
2157501,55.0473,62.3345,37.6636,0.88211,-1.91463,1.03252,0.50299,11.62693,0.0719,15.9,12.0000,0.0000,0.0000,0.0000
2158001,55.0473,62.3345,37.6636,0.88567,-1.90096,1.01529,0.50878,11.54094,0.0727,15.7,12.0000,0.0000,0.0000,0.0000
2158501,55.0473,62.3345,37.6636,0.88902,-1.88732,0.99831,0.51453,11.45562,0.0735,15.6,12.0000,0.0000,0.0000,0.0000
2159001,55.0473,62.3345,37.6636,0.89217,-1.87372,0.98155,0.52024,11.37093,0.0743,15.5,12.0000,0.0000,0.0000,0.0000
2159501,55.0473,62.3345,37.6636,0.89512,-1.86014,0.96501,0.52590,11.28683,0.0751,15.4,12.0000,0.0000,0.0000,0.0000
2160001,55.0473,62.3345,37.6636,0.89788,-1.84659,0.94871,0.53152,11.20337,0.0759,15.3,12.0000,0.0000,0.0000,0.0000
2160501,55.0473,62.3345,37.6636,0.90046,-1.83309,0.93263,0.53711,11.12056,0.0767,15.2,12.0000,0.0000,0.0000,0.0000
2161001,55.0473,62.3345,37.6636,0.90285,-1.81962,0.91677,0.54265,11.03833,0.0775,15.1,12.0000,0.0000,0.0000,0.0000
2161501,55.0473,62.3345,37.6636,0.90505,-1.80618,0.90113,0.54814,10.95668,0.0783,14.9,12.0000,0.0000,0.0000,0.0000
2162001,55.0473,62.3345,37.6636,0.90709,-1.79280,0.88571,0.55360,10.87569,0.0791,14.8,12.0000,0.0000,0.0000,0.0000
2162501,55.0473,62.3345,37.6636,0.90895,-1.77945,0.87050,0.55902,10.79528,0.0799,14.7,12.0000,0.0000,0.0000,0.0000
2163001,55.0473,62.3345,37.6636,0.91064,-1.76615,0.85551,0.56440,10.71545,0.0806,14.6,12.0000,0.0000,0.0000,0.0000
2163501,55.0473,62.3345,37.6636,0.91217,-1.75290,0.84073,0.56974,10.63619,0.0814,14.5,12.0000,0.0000,0.0000,0.0000
2164001,55.0473,62.3345,37.6636,0.91354,-1.73969,0.82616,0.57503,10.55755,0.0821,14.4,12.0000,0.0000,0.0000,0.0000
2164501,55.0473,62.3345,37.6636,0.91475,-1.72654,0.81179,0.58029,10.47950,0.0829,14.3,12.0000,0.0000,0.0000,0.0000
2165001,55.0473,62.3345,37.6636,0.91582,-1.71344,0.79762,0.58552,10.40201,0.0836,14.2,12.0000,0.0000,0.0000,0.0000
2165501,55.0473,62.3345,37.6636,0.91672,-1.70039,0.78367,0.59070,10.32508,0.0844,14.1,12.0000,0.0000,0.0000,0.0000
2166001,55.0473,62.3345,37.6636,0.91749,-1.68740,0.76991,0.59584,10.24870,0.0851,14.0,12.0000,0.0000,0.0000,0.0000
2166501,55.0473,62.3345,37.6636,0.91811,-1.67445,0.75634,0.60095,10.17294,0.0858,13.9,12.0000,0.0000,0.0000,0.0000
2167001,55.0473,62.3345,37.6636,0.91860,-1.66157,0.74297,0.60601,10.09773,0.0866,13.8,12.0000,0.0000,0.0000,0.0000
2167501,55.0473,62.3345,37.6636,0.91894,-1.64874,0.72980,0.61104,10.02306,0.0873,13.7,12.0000,0.0000,0.0000,0.0000
2168001,55.0473,62.3345,37.6636,0.91916,-1.63598,0.71682,0.61603,9.94894,0.0880,13.6,12.0000,0.0000,0.0000,0.0000
2168501,55.0473,62.3345,37.6636,0.91925,-1.62327,0.70402,0.62099,9.87536,0.0887,13.5,12.0000,0.0000,0.0000,0.0000
2169001,55.0473,62.3345,37.6636,0.91921,-1.61063,0.69142,0.62591,9.80231,0.0894,13.4,12.0000,0.0000,0.0000,0.0000
2169501,55.0473,62.3345,37.6636,0.91905,-1.59804,0.67900,0.63079,9.72981,0.0901,13.3,12.0000,0.0000,0.0000,0.0000
2170001,55.0473,62.3345,37.6636,0.91877,-1.58553,0.66676,0.63564,9.65788,0.0908,13.2,12.0000,0.0000,0.0000,0.0000
2170501,55.0473,62.3345,37.6636,0.91837,-1.57307,0.65470,0.64045,9.58647,0.0915,13.1,12.0000,0.0000,0.0000,0.0000
2171001,55.0473,62.3345,37.6636,0.91786,-1.56068,0.64282,0.64523,9.51559,0.0922,13.0,12.0000,0.0000,0.0000,0.0000
2171501,55.0473,62.3345,37.6636,0.91724,-1.54835,0.63111,0.64997,9.44522,0.0929,12.9,12.0000,0.0000,0.0000,0.0000
2172001,55.0473,62.3345,37.6636,0.91651,-1.53610,0.61958,0.65467,9.37537,0.0935,12.8,12.0000,0.0000,0.0000,0.0000
2172501,55.0473,62.3345,37.6636,0.91568,-1.52391,0.60823,0.65934,9.30603,0.0942,12.7,12.0000,0.0000,0.0000,0.0000
2173001,55.0473,62.3345,37.6636,0.91474,-1.51178,0.59704,0.66398,9.23721,0.0949,12.6,12.0000,0.0000,0.0000,0.0000
2173501,55.0473,62.3345,37.6636,0.91371,-1.49972,0.58602,0.66858,9.16889,0.0955,12.5,12.0000,0.0000,0.0000,0.0000
2174001,55.0473,62.3345,37.6636,0.91258,-1.48773,0.57516,0.67315,9.10107,0.0962,12.4,12.0000,0.0000,0.0000,0.0000
2174501,55.0473,62.3345,37.6636,0.91135,-1.47582,0.56447,0.67768,9.03376,0.0968,12.3,12.0000,0.0000,0.0000,0.0000
2175001,55.0473,62.3345,37.6636,0.91003,-1.46397,0.55394,0.68218,8.96694,0.0975,12.2,12.0000,0.0000,0.0000,0.0000
2175501,55.0473,62.3345,37.6636,0.90862,-1.45219,0.54357,0.68665,8.90062,0.0981,12.1,12.0000,0.0000,0.0000,0.0000
2176001,55.0473,62.3345,37.6636,0.90713,-1.44048,0.53336,0.69108,8.83479,0.0987,12.1,12.0000,0.0000,0.0000,0.0000
2176501,55.0473,62.3345,37.6636,0.90555,-1.42885,0.52330,0.69548,8.76945,0.0994,12.0,12.0000,0.0000,0.0000,0.0000
2177001,55.0473,62.3345,37.6636,0.90388,-1.41728,0.51340,0.69985,8.70459,0.1000,11.9,12.0000,0.0000,0.0000,0.0000
2177501,55.0473,62.3345,37.6636,0.90214,-1.40579,0.50365,0.70419,8.64021,0.1006,11.8,12.0000,0.0000,0.0000,0.0000
2178001,55.0473,62.3345,37.6636,0.90032,-1.39437,0.49405,0.70849,8.57631,0.1012,11.7,12.0000,0.0000,0.0000,0.0000
2178501,55.0473,62.3345,37.6636,0.89843,-1.38302,0.48459,0.71276,8.51289,0.1018,11.6,12.0000,0.0000,0.0000,0.0000
2179001,55.0473,62.3345,37.6636,0.89646,-1.37174,0.47529,0.71701,8.44993,0.1024,11.5,12.0000,0.0000,0.0000,0.0000
2179501,55.0473,62.3345,37.6636,0.89442,-1.36054,0.46613,0.72122,8.38744,0.1030,11.4,12.0000,0.0000,0.0000,0.0000
2180001,55.0473,62.3345,37.6636,0.89231,-1.34941,0.45710,0.72539,8.32542,0.1036,11.4,12.0000,0.0000,0.0000,0.0000
2180501,55.0473,62.3345,37.6636,0.89013,-1.33835,0.44822,0.72954,8.26385,0.1042,11.3,12.0000,0.0000,0.0000,0.0000
2181001,55.0473,62.3345,37.6636,0.88789,-1.32737,0.43948,0.73366,8.20274,0.1048,11.2,12.0000,0.0000,0.0000,0.0000
2181501,55.0473,62.3345,37.6636,0.88559,-1.31647,0.43088,0.73775,8.14208,0.1054,11.1,12.0000,0.0000,0.0000,0.0000
2182001,55.0473,62.3345,37.6636,0.88322,-1.30563,0.42241,0.74180,8.08187,0.1060,11.0,12.0000,0.0000,0.0000,0.0000
2182501,55.0473,62.3345,37.6636,0.88080,-1.29487,0.41407,0.74583,8.02210,0.1065,10.9,12.0000,0.0000,0.0000,0.0000
2183001,55.0473,62.3345,37.6636,0.87831,-1.28418,0.40587,0.74982,7.96272,0.1071,10.9,12.0000,0.0000,0.0000,0.0000
2183501,55.0473,62.3345,37.6636,0.87578,-1.27357,0.39779,0.75379,7.90382,0.1077,10.8,12.0000,0.0000,0.0000,0.0000
2184001,55.0473,62.3345,37.6636,0.87318,-1.26303,0.38984,0.75773,7.84536,0.1082,10.7,12.0000,0.0000,0.0000,0.0000
2184501,55.0473,62.3345,37.6636,0.87054,-1.25256,0.38202,0.76163,7.78732,0.1088,10.6,12.0000,0.0000,0.0000,0.0000
2185001,55.0473,62.3345,37.6636,0.86784,-1.24217,0.37433,0.76551,7.72974,0.1094,10.5,12.0000,0.0000,0.0000,0.0000
2185501,55.0473,62.3345,37.6636,0.86510,-1.23185,0.36675,0.76936,7.67257,0.1099,10.5,12.0000,0.0000,0.0000,0.0000
2186001,55.0473,62.3345,37.6636,0.86231,-1.22161,0.35930,0.77319,7.61582,0.1105,10.4,12.0000,0.0000,0.0000,0.0000
2186501,55.0473,62.3345,37.6636,0.85947,-1.21144,0.35197,0.77698,7.55949,0.1110,10.3,12.0000,0.0000,0.0000,0.0000
2187001,55.0473,62.3345,37.6636,0.85659,-1.20134,0.34475,0.78074,7.50357,0.1115,10.2,12.0000,0.0000,0.0000,0.0000
2187501,55.0473,62.3345,37.6636,0.85366,-1.19132,0.33765,0.78448,7.44808,0.1121,10.2,12.0000,0.0000,0.0000,0.0000
2188001,55.0473,62.3345,37.6636,0.85070,-1.18137,0.33067,0.78819,7.39299,0.1126,10.1,12.0000,0.0000,0.0000,0.0000
2188501,55.0473,62.3345,37.6636,0.84769,-1.17149,0.32380,0.79188,7.33830,0.1131,10.0,12.0000,0.0000,0.0000,0.0000
2189001,55.0473,62.3345,37.6636,0.84465,-1.16168,0.31704,0.79553,7.28403,0.1136,9.9,12.0000,0.0000,0.0000,0.0000
2189501,55.0473,62.3345,37.6636,0.84157,-1.15196,0.31039,0.79916,7.23016,0.1142,9.9,12.0000,0.0000,0.0000,0.0000
2190001,55.0473,62.3345,37.6636,0.83846,-1.14230,0.30384,0.80276,7.17667,0.1147,9.8,12.0000,0.0000,0.0000,0.0000
2190501,55.0473,62.3345,37.6636,0.83531,-1.13272,0.29741,0.80634,7.12360,0.1152,9.7,12.0000,0.0000,0.0000,0.0000
2191001,55.0473,62.3345,37.6636,0.83213,-1.12321,0.29108,0.80989,7.07091,0.1157,9.6,12.0000,0.0000,0.0000,0.0000
2191501,55.0473,62.3345,37.6636,0.82891,-1.11377,0.28485,0.81341,7.01860,0.1162,9.6,12.0000,0.0000,0.0000,0.0000
2192001,55.0473,62.3345,37.6636,0.82567,-1.10440,0.27873,0.81690,6.96670,0.1167,9.5,12.0000,0.0000,0.0000,0.0000
2192501,55.0473,62.3345,37.6636,0.82240,-1.09510,0.27271,0.82037,6.91516,0.1172,9.4,12.0000,0.0000,0.0000,0.0000
2193001,55.0473,62.3345,37.6636,0.81909,-1.08588,0.26679,0.82382,6.86401,0.1177,9.4,12.0000,0.0000,0.0000,0.0000
2193501,55.0473,62.3345,37.6636,0.81577,-1.07673,0.26096,0.82724,6.81325,0.1182,9.3,12.0000,0.0000,0.0000,0.0000
2194001,55.0473,62.3345,37.6636,0.81242,-1.06764,0.25523,0.83064,6.76284,0.1187,9.2,12.0000,0.0000,0.0000,0.0000
2194501,55.0473,62.3345,37.6636,0.80904,-1.05863,0.24960,0.83400,6.71283,0.1191,9.2,12.0000,0.0000,0.0000,0.0000
2195001,55.0473,62.3345,37.6636,0.80563,-1.04969,0.24406,0.83735,6.66316,0.1196,9.1,12.0000,0.0000,0.0000,0.0000
2195501,55.0473,62.3345,37.6636,0.80221,-1.04082,0.23861,0.84066,6.61389,0.1201,9.0,12.0000,0.0000,0.0000,0.0000
2196001,55.0473,62.3345,37.6636,0.79876,-1.03202,0.23326,0.84396,6.56496,0.1206,9.0,12.0000,0.0000,0.0000,0.0000
2196501,55.0473,62.3345,37.6636,0.79530,-1.02329,0.22799,0.84723,6.51641,0.1210,8.9,12.0000,0.0000,0.0000,0.0000
2197001,55.0473,62.3345,37.6636,0.79182,-1.01463,0.22281,0.85048,6.46820,0.1215,8.8,12.0000,0.0000,0.0000,0.0000
2197501,55.0473,62.3345,37.6636,0.78831,-1.00603,0.21772,0.85370,6.42037,0.1220,8.8,12.0000,0.0000,0.0000,0.0000
2198001,55.0473,62.3345,37.6636,0.78479,-0.99751,0.21272,0.85690,6.37286,0.1224,8.7,12.0000,0.0000,0.0000,0.0000
2198501,55.0473,62.3345,37.6636,0.78126,-0.98906,0.20780,0.86007,6.32574,0.1229,8.6,12.0000,0.0000,0.0000,0.0000
2199001,55.0473,62.3345,37.6636,0.77770,-0.98067,0.20296,0.86322,6.27893,0.1233,8.6,12.0000,0.0000,0.0000,0.0000
2199501,55.0473,62.3345,37.6636,0.77414,-0.97235,0.19821,0.86635,6.23250,0.1238,8.5,12.0000,0.0000,0.0000,0.0000
2200001,55.0473,62.3345,37.6636,0.77056,-0.96410,0.19354,0.86946,6.18639,0.1242,8.4,12.0000,0.0000,0.0000,0.0000
2200501,55.0473,62.3345,37.6636,0.76696,-0.95591,0.18895,0.87254,6.14064,0.1246,8.4,12.0000,0.0000,0.0000,0.0000
2201001,55.0473,62.3345,37.6636,0.76336,-0.94779,0.18443,0.87560,6.09522,0.1251,8.3,12.0000,0.0000,0.0000,0.0000
2201501,55.0473,62.3345,37.6636,0.75974,-0.93973,0.17999,0.87864,6.05012,0.1255,8.3,12.0000,0.0000,0.0000,0.0000
2202001,55.0473,62.3345,37.6636,0.75611,-0.93174,0.17563,0.88165,6.00538,0.1259,8.2,12.0000,0.0000,0.0000,0.0000
2202501,55.0473,62.3345,37.6636,0.75247,-0.92382,0.17135,0.88464,5.96095,0.1264,8.1,12.0000,0.0000,0.0000,0.0000
2203001,55.0473,62.3345,37.6636,0.74883,-0.91596,0.16714,0.88761,5.91686,0.1268,8.1,12.0000,0.0000,0.0000,0.0000
2203501,55.0473,62.3345,37.6636,0.74517,-0.90817,0.16300,0.89056,5.87310,0.1272,8.0,12.0000,0.0000,0.0000,0.0000
2204001,55.0473,62.3345,37.6636,0.74151,-0.90044,0.15894,0.89348,5.82964,0.1276,8.0,12.0000,0.0000,0.0000,0.0000
2204501,55.0473,62.3345,37.6636,0.73784,-0.89278,0.15494,0.89638,5.78653,0.1281,7.9,12.0000,0.0000,0.0000,0.0000
2205001,55.0473,62.3345,37.6636,0.73417,-0.88518,0.15101,0.89927,5.74373,0.1285,7.8,12.0000,0.0000,0.0000,0.0000
2205501,55.0473,62.3345,37.6636,0.73049,-0.87764,0.14716,0.90213,5.70122,0.1289,7.8,12.0000,0.0000,0.0000,0.0000
2206001,55.0473,62.3345,37.6636,0.72680,-0.87017,0.14337,0.90497,5.65907,0.1293,7.7,12.0000,0.0000,0.0000,0.0000
2206501,55.0473,62.3345,37.6636,0.72311,-0.86276,0.13965,0.90779,5.61721,0.1297,7.7,12.0000,0.0000,0.0000,0.0000
2207001,55.0473,62.3345,37.6636,0.71942,-0.85541,0.13599,0.91059,5.57565,0.1301,7.6,12.0000,0.0000,0.0000,0.0000
2207501,55.0473,62.3345,37.6636,0.71572,-0.84812,0.13240,0.91336,5.53440,0.1305,7.5,12.0000,0.0000,0.0000,0.0000
2208001,55.0473,62.3345,37.6636,0.71202,-0.84089,0.12887,0.91612,5.49348,0.1309,7.5,12.0000,0.0000,0.0000,0.0000
2208501,55.0473,62.3345,37.6636,0.70833,-0.83373,0.12540,0.91886,5.45284,0.1313,7.4,12.0000,0.0000,0.0000,0.0000
2209001,55.0473,62.3345,37.6636,0.70462,-0.82662,0.12200,0.92157,5.41249,0.1317,7.4,12.0000,0.0000,0.0000,0.0000
2209501,55.0473,62.3345,37.6636,0.70092,-0.81958,0.11866,0.92427,5.37246,0.1320,7.3,12.0000,0.0000,0.0000,0.0000
2210001,55.0473,62.3345,37.6636,0.69722,-0.81259,0.11537,0.92695,5.33273,0.1324,7.3,12.0000,0.0000,0.0000,0.0000
2210501,55.0473,62.3345,37.6636,0.69352,-0.80566,0.11215,0.92960,5.29328,0.1328,7.2,12.0000,0.0000,0.0000,0.0000
2211001,55.0473,62.3345,37.6636,0.68982,-0.79880,0.10898,0.93224,5.25411,0.1332,7.2,12.0000,0.0000,0.0000,0.0000
2211501,55.0473,62.3345,37.6636,0.68612,-0.79199,0.10587,0.93486,5.21524,0.1336,7.1,12.0000,0.0000,0.0000,0.0000
2212001,55.0473,62.3345,37.6636,0.68242,-0.78523,0.10282,0.93745,5.17668,0.1339,7.1,12.0000,0.0000,0.0000,0.0000
2212501,55.0473,62.3345,37.6636,0.67872,-0.77854,0.09982,0.94003,5.13839,0.1343,7.0,12.0000,0.0000,0.0000,0.0000
2213001,55.0473,62.3345,37.6636,0.67503,-0.77190,0.09687,0.94260,5.10037,0.1347,7.0,12.0000,0.0000,0.0000,0.0000
2213501,55.0473,62.3345,37.6636,0.67134,-0.76533,0.09399,0.94513,5.06264,0.1350,6.9,12.0000,0.0000,0.0000,0.0000
2214001,55.0473,62.3345,37.6636,0.66765,-0.75880,0.09115,0.94766,5.02517,0.1354,6.9,12.0000,0.0000,0.0000,0.0000
2214501,55.0473,62.3345,37.6636,0.66397,-0.75233,0.08836,0.95016,4.98801,0.1357,6.8,12.0000,0.0000,0.0000,0.0000
2215001,55.0473,62.3345,37.6636,0.66029,-0.74592,0.08563,0.95264,4.95112,0.1361,6.8,12.0000,0.0000,0.0000,0.0000
2215501,55.0473,62.3345,37.6636,0.65662,-0.73956,0.08294,0.95511,4.91450,0.1364,6.7,12.0000,0.0000,0.0000,0.0000
2216001,55.0473,62.3345,37.6636,0.65295,-0.73326,0.08031,0.95756,4.87815,0.1368,6.7,12.0000,0.0000,0.0000,0.0000
2216501,55.0473,62.3345,37.6636,0.64929,-0.72701,0.07772,0.95999,4.84206,0.1371,6.6,12.0000,0.0000,0.0000,0.0000
2217001,55.0473,62.3345,37.6636,0.64563,-0.72081,0.07518,0.96240,4.80623,0.1375,6.6,12.0000,0.0000,0.0000,0.0000
2217501,55.0473,62.3345,37.6636,0.64198,-0.71468,0.07270,0.96479,4.77067,0.1378,6.5,12.0000,0.0000,0.0000,0.0000
2218001,55.0473,62.3345,37.6636,0.63834,-0.70858,0.07025,0.96717,4.73537,0.1382,6.5,12.0000,0.0000,0.0000,0.0000
2218501,55.0473,62.3345,37.6636,0.63470,-0.70255,0.06785,0.96953,4.70035,0.1385,6.4,12.0000,0.0000,0.0000,0.0000
2219001,55.0473,62.3345,37.6636,0.63107,-0.69657,0.06550,0.97187,4.66559,0.1388,6.4,12.0000,0.0000,0.0000,0.0000
2219501,55.0473,62.3345,37.6636,0.62745,-0.69064,0.06319,0.97420,4.63108,0.1392,6.3,12.0000,0.0000,0.0000,0.0000
2220001,55.0473,62.3345,37.6636,0.62383,-0.68476,0.06093,0.97650,4.59682,0.1395,6.3,12.0000,0.0000,0.0000,0.0000
2220501,55.0473,62.3345,37.6636,0.62023,-0.67893,0.05870,0.97880,4.56282,0.1398,6.2,12.0000,0.0000,0.0000,0.0000
2221001,55.0473,62.3345,37.6636,0.61663,-0.67315,0.05653,0.98106,4.52907,0.1402,6.2,12.0000,0.0000,0.0000,0.0000
2221501,55.0473,62.3345,37.6636,0.61304,-0.66742,0.05438,0.98333,4.49556,0.1405,6.1,12.0000,0.0000,0.0000,0.0000
2222001,55.0473,62.3345,37.6636,0.60946,-0.66174,0.05229,0.98556,4.46231,0.1408,6.1,12.0000,0.0000,0.0000,0.0000
2222501,55.0473,62.3345,37.6636,0.60589,-0.65612,0.05023,0.98779,4.42930,0.1411,6.0,12.0000,0.0000,0.0000,0.0000
2223001,55.0473,62.3345,37.6636,0.60232,-0.65053,0.04821,0.98999,4.39653,0.1414,6.0,12.0000,0.0000,0.0000,0.0000
2223501,55.0473,62.3345,37.6636,0.59877,-0.64501,0.04623,0.99218,4.36401,0.1417,6.0,12.0000,0.0000,0.0000,0.0000
2224001,55.0473,62.3345,37.6636,0.59523,-0.63952,0.04429,0.99436,4.33173,0.1421,5.9,12.0000,0.0000,0.0000,0.0000
2224501,55.0473,62.3345,37.6636,0.59170,-0.63409,0.04239,0.99651,4.29968,0.1424,5.9,12.0000,0.0000,0.0000,0.0000
2225001,55.0473,62.3345,37.6636,0.58818,-0.62870,0.04052,0.99866,4.26787,0.1427,5.8,12.0000,0.0000,0.0000,0.0000
2225501,55.0473,62.3345,37.6636,0.58467,-0.62336,0.03869,1.00079,4.23630,0.1430,5.8,12.0000,0.0000,0.0000,0.0000
2226001,55.0473,62.3345,37.6636,0.58116,-0.61807,0.03691,1.00288,4.20497,0.1433,5.7,12.0000,0.0000,0.0000,0.0000
2226501,55.0473,62.3345,37.6636,0.57767,-0.61282,0.03515,1.00497,4.17386,0.1436,5.7,12.0000,0.0000,0.0000,0.0000
2227001,55.0473,62.3345,37.6636,0.57420,-0.60762,0.03343,1.00706,4.14298,0.1439,5.7,12.0000,0.0000,0.0000,0.0000
2227501,55.0473,62.3345,37.6636,0.57074,-0.60246,0.03172,1.00914,4.11233,0.1442,5.6,12.0000,0.0000,0.0000,0.0000
2228001,55.0473,62.3345,37.6636,0.56727,-0.59735,0.03008,1.01117,4.08191,0.1445,5.6,12.0000,0.0000,0.0000,0.0000
2228501,55.0473,62.3345,37.6636,0.56383,-0.59229,0.02846,1.01320,4.05171,0.1447,5.5,12.0000,0.0000,0.0000,0.0000
2229001,55.0473,62.3345,37.6636,0.56040,-0.58727,0.02687,1.01522,4.02174,0.1450,5.5,12.0000,0.0000,0.0000,0.0000
2229501,55.0473,62.3345,37.6636,0.55699,-0.58228,0.02530,1.01725,3.99197,0.1453,5.4,12.0000,0.0000,0.0000,0.0000
2230001,55.0473,62.3345,37.6636,0.55357,-0.57736,0.02378,1.01921,3.96244,0.1456,5.4,12.0000,0.0000,0.0000,0.0000
2230501,55.0473,62.3345,37.6636,0.55017,-0.57247,0.02229,1.02118,3.93313,0.1459,5.4,12.0000,0.0000,0.0000,0.0000
2231001,55.0473,62.3345,37.6636,0.54679,-0.56762,0.02082,1.02315,3.90403,0.1462,5.3,12.0000,0.0000,0.0000,0.0000
2231501,55.0473,62.3345,37.6636,0.54343,-0.56281,0.01937,1.02511,3.87514,0.1464,5.3,12.0000,0.0000,0.0000,0.0000
2232001,55.0473,62.3345,37.6636,0.54007,-0.55805,0.01798,1.02702,3.84648,0.1467,5.2,12.0000,0.0000,0.0000,0.0000
2232501,55.0473,62.3345,37.6636,0.53672,-0.55333,0.01661,1.02893,3.81803,0.1470,5.2,12.0000,0.0000,0.0000,0.0000
2233001,55.0473,62.3345,37.6636,0.53339,-0.54865,0.01526,1.03084,3.78978,0.1473,5.2,12.0000,0.0000,0.0000,0.0000
2233501,55.0473,62.3345,37.6636,0.53008,-0.54401,0.01393,1.03274,3.76174,0.1475,5.1,12.0000,0.0000,0.0000,0.0000
2234001,55.0473,62.3345,37.6636,0.52677,-0.53941,0.01264,1.03461,3.73391,0.1478,5.1,12.0000,0.0000,0.0000,0.0000
2234501,55.0473,62.3345,37.6636,0.52348,-0.53486,0.01138,1.03645,3.70629,0.1481,5.1,12.0000,0.0000,0.0000,0.0000
2235001,55.0473,62.3345,37.6636,0.52021,-0.53035,0.01014,1.03830,3.67888,0.1483,5.0,12.0000,0.0000,0.0000,0.0000
2235501,55.0473,62.3345,37.6636,0.51695,-0.52587,0.00892,1.04015,3.65165,0.1486,5.0,12.0000,0.0000,0.0000,0.0000
2236001,55.0473,62.3345,37.6636,0.51370,-0.52143,0.00773,1.04197,3.62465,0.1489,4.9,12.0000,0.0000,0.0000,0.0000
2236501,55.0473,62.3345,37.6636,0.51046,-0.51703,0.00658,1.04376,3.59783,0.1491,4.9,12.0000,0.0000,0.0000,0.0000
2237001,55.0473,62.3345,37.6636,0.50723,-0.51267,0.00544,1.04555,3.57121,0.1494,4.9,12.0000,0.0000,0.0000,0.0000
2237501,55.0473,62.3345,37.6636,0.50403,-0.50835,0.00432,1.04734,3.54480,0.1496,4.8,12.0000,0.0000,0.0000,0.0000
2238001,55.0473,62.3345,37.6636,0.50084,-0.50406,0.00322,1.04913,3.51857,0.1499,4.8,12.0000,0.0000,0.0000,0.0000
2238501,55.0473,62.3345,37.6636,0.49765,-0.49982,0.00217,1.05086,3.49254,0.1501,4.8,12.0000,0.0000,0.0000,0.0000
2239001,55.0473,62.3345,37.6636,0.49448,-0.49562,0.00113,1.05259,3.46671,0.1504,4.7,12.0000,0.0000,0.0000,0.0000
2239501,55.0473,62.3345,37.6636,0.49133,-0.49145,0.00011,1.05432,3.44106,0.1506,4.7,12.0000,0.0000,0.0000,0.0000
2240001,55.0473,62.3345,37.6636,0.48820,-0.48731,-0.00089,1.05604,3.41560,0.1509,4.7,12.0000,0.0000,0.0000,0.0000
2240501,55.0473,62.3345,37.6636,0.48508,-0.48321,-0.00187,1.05776,3.39034,0.1511,4.6,12.0000,0.0000,0.0000,0.0000
2241001,55.0473,62.3345,37.6636,0.48197,-0.47915,-0.00281,1.05942,3.36525,0.1513,4.6,12.0000,0.0000,0.0000,0.0000
2241501,55.0473,62.3345,37.6636,0.47887,-0.47513,-0.00374,1.06109,3.34036,0.1516,4.6,12.0000,0.0000,0.0000,0.0000
2242001,55.0473,62.3345,37.6636,0.47579,-0.47114,-0.00466,1.06276,3.31564,0.1518,4.5,12.0000,0.0000,0.0000,0.0000
2242501,55.0473,62.3345,37.6636,0.47273,-0.46718,-0.00555,1.06443,3.29112,0.1521,4.5,12.0000,0.0000,0.0000,0.0000
2243001,55.0473,62.3345,37.6636,0.46968,-0.46326,-0.00643,1.06607,3.26677,0.1523,4.5,12.0000,0.0000,0.0000,0.0000
2243501,55.0473,62.3345,37.6636,0.46664,-0.45938,-0.00727,1.06768,3.24261,0.1525,4.4,12.0000,0.0000,0.0000,0.0000
2244001,55.0473,62.3345,37.6636,0.46362,-0.45553,-0.00809,1.06929,3.21861,0.1528,4.4,12.0000,0.0000,0.0000,0.0000
2244501,55.0473,62.3345,37.6636,0.46062,-0.45171,-0.00891,1.07090,3.19481,0.1530,4.4,12.0000,0.0000,0.0000,0.0000
2245001,55.0473,62.3345,37.6636,0.45763,-0.44792,-0.00971,1.07251,3.17116,0.1532,4.3,12.0000,0.0000,0.0000,0.0000
2245501,55.0473,62.3345,37.6636,0.45465,-0.44417,-0.01048,1.07409,3.14771,0.1534,4.3,12.0000,0.0000,0.0000,0.0000
2246001,55.0473,62.3345,37.6636,0.45169,-0.44046,-0.01123,1.07564,3.12442,0.1537,4.3,12.0000,0.0000,0.0000,0.0000
2246501,55.0473,62.3345,37.6636,0.44874,-0.43677,-0.01196,1.07719,3.10131,0.1539,4.2,12.0000,0.0000,0.0000,0.0000
2247001,55.0473,62.3345,37.6636,0.44580,-0.43312,-0.01269,1.07874,3.07837,0.1541,4.2,12.0000,0.0000,0.0000,0.0000
2247501,55.0473,62.3345,37.6636,0.44289,-0.42949,-0.01340,1.08029,3.05559,0.1543,4.2,12.0000,0.0000,0.0000,0.0000
2248001,55.0473,62.3345,37.6636,0.43999,-0.42590,-0.01409,1.08182,3.03299,0.1545,4.1,12.0000,0.0000,0.0000,0.0000
2248501,55.0473,62.3345,37.6636,0.43710,-0.42235,-0.01475,1.08331,3.01055,0.1548,4.1,12.0000,0.0000,0.0000,0.0000
2249001,55.0473,62.3345,37.6636,0.43422,-0.41883,-0.01540,1.08480,2.98828,0.1550,4.1,12.0000,0.0000,0.0000,0.0000
2249501,55.0473,62.3345,37.6636,0.43137,-0.41533,-0.01603,1.08629,2.96617,0.1552,4.0,12.0000,0.0000,0.0000,0.0000
2250001,55.0473,62.3345,37.6636,0.42853,-0.41187,-0.01666,1.08778,2.94423,0.1554,4.0,12.0000,0.0000,0.0000,0.0000
2250501,55.0473,62.3345,37.6636,0.42570,-0.40843,-0.01728,1.08927,2.92245,0.1556,4.0,12.0000,0.0000,0.0000,0.0000
2251001,55.0473,62.3345,37.6636,0.42289,-0.40503,-0.01786,1.09071,2.90083,0.1558,4.0,12.0000,0.0000,0.0000,0.0000
2251501,55.0473,62.3345,37.6636,0.42009,-0.40166,-0.01843,1.09214,2.87937,0.1560,3.9,12.0000,0.0000,0.0000,0.0000
2252001,55.0473,62.3345,37.6636,0.41730,-0.39832,-0.01898,1.09357,2.85807,0.1562,3.9,12.0000,0.0000,0.0000,0.0000
2252501,55.0473,62.3345,37.6636,0.41454,-0.39500,-0.01953,1.09500,2.83692,0.1564,3.9,12.0000,0.0000,0.0000,0.0000
2253001,55.0473,62.3345,37.6636,0.41178,-0.39171,-0.02007,1.09643,2.81593,0.1566,3.8,12.0000,0.0000,0.0000,0.0000
2253501,55.0473,62.3345,37.6636,0.40905,-0.38845,-0.02060,1.09784,2.79511,0.1568,3.8,12.0000,0.0000,0.0000,0.0000
2254001,55.0473,62.3345,37.6636,0.40632,-0.38523,-0.02109,1.09921,2.77443,0.1570,3.8,12.0000,0.0000,0.0000,0.0000
2254501,55.0473,62.3345,37.6636,0.40361,-0.38203,-0.02158,1.10058,2.75390,0.1572,3.8,12.0000,0.0000,0.0000,0.0000
2255001,55.0473,62.3345,37.6636,0.40092,-0.37886,-0.02205,1.10195,2.73353,0.1574,3.7,12.0000,0.0000,0.0000,0.0000
2255501,55.0473,62.3345,37.6636,0.39824,-0.37572,-0.02252,1.10332,2.71331,0.1576,3.7,12.0000,0.0000,0.0000,0.0000
2256001,55.0473,62.3345,37.6636,0.39558,-0.37260,-0.02298,1.10470,2.69323,0.1578,3.7,12.0000,0.0000,0.0000,0.0000
2256501,55.0473,62.3345,37.6636,0.39293,-0.36951,-0.02342,1.10604,2.67330,0.1580,3.6,12.0000,0.0000,0.0000,0.0000
2257001,55.0473,62.3345,37.6636,0.39029,-0.36645,-0.02384,1.10735,2.65353,0.1582,3.6,12.0000,0.0000,0.0000,0.0000
2257501,55.0473,62.3345,37.6636,0.38767,-0.36342,-0.02425,1.10866,2.63390,0.1584,3.6,12.0000,0.0000,0.0000,0.0000
2258001,55.0473,62.3345,37.6636,0.38506,-0.36041,-0.02465,1.10997,2.61442,0.1586,3.6,12.0000,0.0000,0.0000,0.0000
2258501,55.0473,62.3345,37.6636,0.38247,-0.35743,-0.02505,1.11129,2.59507,0.1588,3.5,12.0000,0.0000,0.0000,0.0000
2259001,55.0473,62.3345,37.6636,0.37990,-0.35447,-0.02544,1.11260,2.57587,0.1589,3.5,12.0000,0.0000,0.0000,0.0000
2259501,55.0473,62.3345,37.6636,0.37734,-0.35153,-0.02581,1.11389,2.55682,0.1591,3.5,12.0000,0.0000,0.0000,0.0000
2260001,55.0473,62.3345,37.6636,0.37479,-0.34863,-0.02616,1.11514,2.53791,0.1593,3.5,12.0000,0.0000,0.0000,0.0000
2260501,55.0473,62.3345,37.6636,0.37226,-0.34576,-0.02650,1.11639,2.51913,0.1595,3.4,12.0000,0.0000,0.0000,0.0000
2261001,55.0473,62.3345,37.6636,0.36974,-0.34290,-0.02684,1.11764,2.50049,0.1597,3.4,12.0000,0.0000,0.0000,0.0000
2261501,55.0473,62.3345,37.6636,0.36724,-0.34008,-0.02716,1.11890,2.48199,0.1598,3.4,12.0000,0.0000,0.0000,0.0000
2262001,55.0473,62.3345,37.6636,0.36475,-0.33727,-0.02749,1.12015,2.46363,0.1600,3.4,12.0000,0.0000,0.0000,0.0000
2262501,55.0473,62.3345,37.6636,0.36228,-0.33448,-0.02780,1.12140,2.44541,0.1602,3.3,12.0000,0.0000,0.0000,0.0000
2263001,55.0473,62.3345,37.6636,0.35982,-0.33173,-0.02809,1.12260,2.42732,0.1604,3.3,12.0000,0.0000,0.0000,0.0000
2263501,55.0473,62.3345,37.6636,0.35737,-0.32900,-0.02837,1.12379,2.40936,0.1605,3.3,12.0000,0.0000,0.0000,0.0000
2264001,55.0473,62.3345,37.6636,0.35494,-0.32630,-0.02864,1.12498,2.39154,0.1607,3.3,12.0000,0.0000,0.0000,0.0000
2264501,55.0473,62.3345,37.6636,0.35252,-0.32361,-0.02891,1.12617,2.37384,0.1609,3.2,12.0000,0.0000,0.0000,0.0000
2265001,55.0473,62.3345,37.6636,0.35012,-0.32095,-0.02917,1.12736,2.35628,0.1611,3.2,12.0000,0.0000,0.0000,0.0000
2265501,55.0473,62.3345,37.6636,0.34774,-0.31831,-0.02943,1.12856,2.33885,0.1612,3.2,12.0000,0.0000,0.0000,0.0000
2266001,55.0473,62.3345,37.6636,0.34537,-0.31569,-0.02968,1.12974,2.32154,0.1614,3.2,12.0000,0.0000,0.0000,0.0000
2266501,55.0473,62.3345,37.6636,0.34300,-0.31310,-0.02990,1.13087,2.30436,0.1616,3.1,12.0000,0.0000,0.0000,0.0000
2267001,55.0473,62.3345,37.6636,0.34066,-0.31054,-0.03012,1.13200,2.28731,0.1617,3.1,12.0000,0.0000,0.0000,0.0000
2267501,55.0473,62.3345,37.6636,0.33832,-0.30799,-0.03033,1.13314,2.27040,0.1619,3.1,12.0000,0.0000,0.0000,0.0000
2268001,55.0473,62.3345,37.6636,0.33601,-0.30547,-0.03054,1.13427,2.25360,0.1620,3.1,12.0000,0.0000,0.0000,0.0000
2268501,55.0473,62.3345,37.6636,0.33370,-0.30296,-0.03074,1.13540,2.23693,0.1622,3.1,12.0000,0.0000,0.0000,0.0000
2269001,55.0473,62.3345,37.6636,0.33142,-0.30047,-0.03094,1.13653,2.22038,0.1624,3.0,12.0000,0.0000,0.0000,0.0000
2269501,55.0473,62.3345,37.6636,0.32915,-0.29801,-0.03114,1.13766,2.20396,0.1625,3.0,12.0000,0.0000,0.0000,0.0000
2270001,55.0473,62.3345,37.6636,0.32688,-0.29558,-0.03130,1.13873,2.18765,0.1627,3.0,12.0000,0.0000,0.0000,0.0000
2270501,55.0473,62.3345,37.6636,0.32463,-0.29316,-0.03147,1.13981,2.17147,0.1628,3.0,12.0000,0.0000,0.0000,0.0000
2271001,55.0473,62.3345,37.6636,0.32239,-0.29077,-0.03163,1.14088,2.15540,0.1630,2.9,12.0000,0.0000,0.0000,0.0000
2271501,55.0473,62.3345,37.6636,0.32017,-0.28839,-0.03178,1.14195,2.13946,0.1631,2.9,12.0000,0.0000,0.0000,0.0000
2272001,55.0473,62.3345,37.6636,0.31797,-0.28603,-0.03193,1.14303,2.12363,0.1633,2.9,12.0000,0.0000,0.0000,0.0000
2272501,55.0473,62.3345,37.6636,0.31577,-0.28370,-0.03208,1.14410,2.10792,0.1634,2.9,12.0000,0.0000,0.0000,0.0000
2273001,55.0473,62.3345,37.6636,0.31360,-0.28138,-0.03222,1.14517,2.09232,0.1636,2.9,12.0000,0.0000,0.0000,0.0000
2273501,55.0473,62.3345,37.6636,0.31143,-0.27908,-0.03235,1.14621,2.07684,0.1637,2.8,12.0000,0.0000,0.0000,0.0000
2274001,55.0473,62.3345,37.6636,0.30927,-0.27681,-0.03246,1.14722,2.06148,0.1639,2.8,12.0000,0.0000,0.0000,0.0000
2274501,55.0473,62.3345,37.6636,0.30713,-0.27456,-0.03257,1.14823,2.04622,0.1640,2.8,12.0000,0.0000,0.0000,0.0000
2275001,55.0473,62.3345,37.6636,0.30501,-0.27233,-0.03268,1.14925,2.03108,0.1642,2.8,12.0000,0.0000,0.0000,0.0000
2275501,55.0473,62.3345,37.6636,0.30289,-0.27011,-0.03278,1.15026,2.01606,0.1643,2.8,12.0000,0.0000,0.0000,0.0000
2276001,55.0473,62.3345,37.6636,0.30079,-0.26791,-0.03288,1.15127,2.00115,0.1645,2.7,12.0000,0.0000,0.0000,0.0000
2276501,55.0473,62.3345,37.6636,0.29871,-0.26573,-0.03298,1.15229,1.98634,0.1646,2.7,12.0000,0.0000,0.0000,0.0000
2277001,55.0473,62.3345,37.6636,0.29664,-0.26356,-0.03308,1.15330,1.97164,0.1648,2.7,12.0000,0.0000,0.0000,0.0000
2277501,55.0473,62.3345,37.6636,0.29458,-0.26142,-0.03315,1.15427,1.95706,0.1649,2.7,12.0000,0.0000,0.0000,0.0000
2278001,55.0473,62.3345,37.6636,0.29252,-0.25930,-0.03322,1.15523,1.94258,0.1650,2.7,12.0000,0.0000,0.0000,0.0000
2278501,55.0473,62.3345,37.6636,0.29049,-0.25720,-0.03329,1.15618,1.92821,0.1652,2.6,12.0000,0.0000,0.0000,0.0000
2279001,55.0473,62.3345,37.6636,0.28847,-0.25512,-0.03335,1.15713,1.91394,0.1653,2.6,12.0000,0.0000,0.0000,0.0000
2279501,55.0473,62.3345,37.6636,0.28646,-0.25305,-0.03341,1.15809,1.89978,0.1654,2.6,12.0000,0.0000,0.0000,0.0000
2280001,55.0473,62.3345,37.6636,0.28446,-0.25099,-0.03347,1.15904,1.88573,0.1656,2.6,12.0000,0.0000,0.0000,0.0000
2280501,55.0473,62.3345,37.6636,0.28248,-0.24896,-0.03352,1.16000,1.87178,0.1657,2.6,12.0000,0.0000,0.0000,0.0000
2281001,55.0473,62.3345,37.6636,0.28051,-0.24694,-0.03357,1.16095,1.85793,0.1658,2.5,12.0000,0.0000,0.0000,0.0000
2281501,55.0473,62.3345,37.6636,0.27855,-0.24494,-0.03362,1.16189,1.84419,0.1660,2.5,12.0000,0.0000,0.0000,0.0000
2282001,55.0473,62.3345,37.6636,0.27660,-0.24296,-0.03364,1.16278,1.83054,0.1661,2.5,12.0000,0.0000,0.0000,0.0000
2282501,55.0473,62.3345,37.6636,0.27467,-0.24100,-0.03367,1.16368,1.81700,0.1662,2.5,12.0000,0.0000,0.0000,0.0000
2283001,55.0473,62.3345,37.6636,0.27275,-0.23905,-0.03369,1.16457,1.80356,0.1664,2.5,12.0000,0.0000,0.0000,0.0000
2283501,55.0473,62.3345,37.6636,0.27084,-0.23712,-0.03372,1.16546,1.79022,0.1665,2.4,12.0000,0.0000,0.0000,0.0000
2284001,55.0473,62.3345,37.6636,0.26894,-0.23521,-0.03373,1.16636,1.77697,0.1666,2.4,12.0000,0.0000,0.0000,0.0000
2284501,55.0473,62.3345,37.6636,0.26706,-0.23331,-0.03375,1.16725,1.76382,0.1668,2.4,12.0000,0.0000,0.0000,0.0000
2285001,55.0473,62.3345,37.6636,0.26519,-0.23142,-0.03377,1.16815,1.75078,0.1669,2.4,12.0000,0.0000,0.0000,0.0000
2285501,55.0473,62.3345,37.6636,0.26333,-0.22955,-0.03378,1.16904,1.73782,0.1670,2.4,12.0000,0.0000,0.0000,0.0000
2286001,55.0473,62.3345,37.6636,0.26148,-0.22770,-0.03378,1.16992,1.72497,0.1671,2.4,12.0000,0.0000,0.0000,0.0000
2286501,55.0473,62.3345,37.6636,0.25964,-0.22587,-0.03378,1.17075,1.71220,0.1673,2.3,12.0000,0.0000,0.0000,0.0000
2287001,55.0473,62.3345,37.6636,0.25782,-0.22405,-0.03376,1.17159,1.69954,0.1674,2.3,12.0000,0.0000,0.0000,0.0000
2287501,55.0473,62.3345,37.6636,0.25600,-0.22225,-0.03375,1.17242,1.68697,0.1675,2.3,12.0000,0.0000,0.0000,0.0000
2288001,55.0473,62.3345,37.6636,0.25420,-0.22046,-0.03374,1.17326,1.67448,0.1676,2.3,12.0000,0.0000,0.0000,0.0000
2288501,55.0473,62.3345,37.6636,0.25241,-0.21869,-0.03372,1.17409,1.66210,0.1677,2.3,12.0000,0.0000,0.0000,0.0000
2289001,55.0473,62.3345,37.6636,0.25064,-0.21693,-0.03371,1.17492,1.64980,0.1678,2.3,12.0000,0.0000,0.0000,0.0000
2289501,55.0473,62.3345,37.6636,0.24887,-0.21519,-0.03369,1.17576,1.63760,0.1680,2.2,12.0000,0.0000,0.0000,0.0000
2290001,55.0473,62.3345,37.6636,0.24712,-0.21345,-0.03367,1.17659,1.62548,0.1681,2.2,12.0000,0.0000,0.0000,0.0000
2290501,55.0473,62.3345,37.6636,0.24538,-0.21174,-0.03365,1.17743,1.61345,0.1682,2.2,12.0000,0.0000,0.0000,0.0000
2291001,55.0473,62.3345,37.6636,0.24365,-0.21004,-0.03361,1.17822,1.60151,0.1683,2.2,12.0000,0.0000,0.0000,0.0000
2291501,55.0473,62.3345,37.6636,0.24193,-0.20836,-0.03357,1.17900,1.58967,0.1684,2.2,12.0000,0.0000,0.0000,0.0000
2292001,55.0473,62.3345,37.6636,0.24022,-0.20669,-0.03353,1.17977,1.57791,0.1685,2.2,12.0000,0.0000,0.0000,0.0000
2292501,55.0473,62.3345,37.6636,0.23852,-0.20504,-0.03349,1.18055,1.56624,0.1686,2.1,12.0000,0.0000,0.0000,0.0000
2293001,55.0473,62.3345,37.6636,0.23684,-0.20339,-0.03344,1.18132,1.55465,0.1688,2.1,12.0000,0.0000,0.0000,0.0000
2293501,55.0473,62.3345,37.6636,0.23516,-0.20177,-0.03340,1.18210,1.54315,0.1689,2.1,12.0000,0.0000,0.0000,0.0000
2294001,55.0473,62.3345,37.6636,0.23350,-0.20015,-0.03335,1.18287,1.53173,0.1690,2.1,12.0000,0.0000,0.0000,0.0000
2294501,55.0473,62.3345,37.6636,0.23185,-0.19855,-0.03330,1.18365,1.52040,0.1691,2.1,12.0000,0.0000,0.0000,0.0000
2295001,55.0473,62.3345,37.6636,0.23021,-0.19696,-0.03325,1.18442,1.50915,0.1692,2.1,12.0000,0.0000,0.0000,0.0000
2295501,55.0473,62.3345,37.6636,0.22858,-0.19538,-0.03320,1.18520,1.49798,0.1693,2.0,12.0000,0.0000,0.0000,0.0000
2296001,55.0473,62.3345,37.6636,0.22696,-0.19382,-0.03314,1.18595,1.48690,0.1694,2.0,12.0000,0.0000,0.0000,0.0000
2296501,55.0473,62.3345,37.6636,0.22535,-0.19227,-0.03308,1.18667,1.47590,0.1695,2.0,12.0000,0.0000,0.0000,0.0000
2297001,55.0473,62.3345,37.6636,0.22375,-0.19074,-0.03301,1.18739,1.46498,0.1696,2.0,12.0000,0.0000,0.0000,0.0000
2297501,55.0473,62.3345,37.6636,0.22216,-0.18922,-0.03294,1.18810,1.45415,0.1697,2.0,12.0000,0.0000,0.0000,0.0000
2298001,55.0473,62.3345,37.6636,0.22058,-0.18771,-0.03287,1.18882,1.44339,0.1698,2.0,12.0000,0.0000,0.0000,0.0000
2298501,55.0473,62.3345,37.6636,0.21902,-0.18622,-0.03280,1.18953,1.43271,0.1699,2.0,12.0000,0.0000,0.0000,0.0000
2299001,55.0473,62.3345,37.6636,0.21746,-0.18473,-0.03273,1.19025,1.42211,0.1700,1.9,12.0000,0.0000,0.0000,0.0000
2299501,55.0473,62.3345,37.6636,0.21592,-0.18326,-0.03266,1.19096,1.41159,0.1701,1.9,12.0000,0.0000,0.0000,0.0000
2300001,55.0473,62.3345,37.6636,0.21438,-0.18180,-0.03258,1.19168,1.40114,0.1702,1.9,12.0000,0.0000,0.0000,0.0000
2300501,55.0473,62.3345,37.6636,0.21286,-0.18035,-0.03251,1.19239,1.39078,0.1703,1.9,12.0000,0.0000,0.0000,0.0000
2301001,55.0473,62.3345,37.6636,0.21135,-0.17891,-0.03244,1.19311,1.38049,0.1704,1.9,12.0000,0.0000,0.0000,0.0000
2301501,55.0473,62.3345,37.6636,0.20985,-0.17749,-0.03236,1.19382,1.37028,0.1705,1.9,12.0000,0.0000,0.0000,0.0000
2302001,55.0473,62.3345,37.6636,0.20835,-0.17608,-0.03227,1.19447,1.36014,0.1706,1.9,12.0000,0.0000,0.0000,0.0000
2302501,55.0473,62.3345,37.6636,0.20686,-0.17468,-0.03218,1.19513,1.35008,0.1707,1.8,12.0000,0.0000,0.0000,0.0000
2303001,55.0473,62.3345,37.6636,0.20539,-0.17330,-0.03209,1.19579,1.34009,0.1708,1.8,12.0000,0.0000,0.0000,0.0000
2303501,55.0473,62.3345,37.6636,0.20392,-0.17192,-0.03200,1.19644,1.33018,0.1709,1.8,12.0000,0.0000,0.0000,0.0000
2304001,55.0473,62.3345,37.6636,0.20247,-0.17056,-0.03191,1.19710,1.32033,0.1710,1.8,12.0000,0.0000,0.0000,0.0000
2304501,55.0473,62.3345,37.6636,0.20103,-0.16921,-0.03182,1.19775,1.31057,0.1711,1.8,12.0000,0.0000,0.0000,0.0000
2305001,55.0473,62.3345,37.6636,0.19959,-0.16787,-0.03173,1.19841,1.30087,0.1712,1.8,12.0000,0.0000,0.0000,0.0000
2305501,55.0473,62.3345,37.6636,0.19817,-0.16653,-0.03163,1.19906,1.29125,0.1713,1.8,12.0000,0.0000,0.0000,0.0000
2306001,55.0473,62.3345,37.6636,0.19675,-0.16521,-0.03154,1.19972,1.28169,0.1714,1.7,12.0000,0.0000,0.0000,0.0000
2306501,55.0473,62.3345,37.6636,0.19535,-0.16390,-0.03145,1.20038,1.27221,0.1715,1.7,12.0000,0.0000,0.0000,0.0000
2307001,55.0473,62.3345,37.6636,0.19396,-0.16260,-0.03135,1.20103,1.26280,0.1716,1.7,12.0000,0.0000,0.0000,0.0000
2307501,55.0473,62.3345,37.6636,0.19257,-0.16131,-0.03126,1.20169,1.25346,0.1717,1.7,12.0000,0.0000,0.0000,0.0000
2308001,55.0473,62.3345,37.6636,0.19119,-0.16004,-0.03116,1.20229,1.24419,0.1718,1.7,12.0000,0.0000,0.0000,0.0000
2308501,55.0473,62.3345,37.6636,0.18983,-0.15878,-0.03105,1.20289,1.23498,0.1718,1.7,12.0000,0.0000,0.0000,0.0000
2309001,55.0473,62.3345,37.6636,0.18847,-0.15752,-0.03094,1.20349,1.22584,0.1719,1.7,12.0000,0.0000,0.0000,0.0000
2309501,55.0473,62.3345,37.6636,0.18712,-0.15628,-0.03084,1.20408,1.21677,0.1720,1.7,12.0000,0.0000,0.0000,0.0000
2310001,55.0473,62.3345,37.6636,0.18578,-0.15505,-0.03073,1.20468,1.20777,0.1721,1.6,12.0000,0.0000,0.0000,0.0000
2310501,55.0473,62.3345,37.6636,0.18445,-0.15382,-0.03062,1.20527,1.19884,0.1722,1.6,12.0000,0.0000,0.0000,0.0000
2311001,55.0473,62.3345,37.6636,0.18312,-0.15261,-0.03051,1.20587,1.18997,0.1723,1.6,12.0000,0.0000,0.0000,0.0000
2311501,55.0473,62.3345,37.6636,0.18181,-0.15141,-0.03041,1.20647,1.18117,0.1724,1.6,12.0000,0.0000,0.0000,0.0000
2312001,55.0473,62.3345,37.6636,0.18051,-0.15021,-0.03030,1.20706,1.17243,0.1724,1.6,12.0000,0.0000,0.0000,0.0000
2312501,55.0473,62.3345,37.6636,0.17922,-0.14902,-0.03019,1.20766,1.16375,0.1725,1.6,12.0000,0.0000,0.0000,0.0000
2313001,55.0473,62.3345,37.6636,0.17793,-0.14785,-0.03008,1.20825,1.15515,0.1726,1.6,12.0000,0.0000,0.0000,0.0000
2313501,55.0473,62.3345,37.6636,0.17666,-0.14668,-0.02998,1.20885,1.14660,0.1727,1.6,12.0000,0.0000,0.0000,0.0000
2314001,55.0473,62.3345,37.6636,0.17539,-0.14552,-0.02987,1.20945,1.13812,0.1728,1.6,12.0000,0.0000,0.0000,0.0000
2314501,55.0473,62.3345,37.6636,0.17413,-0.14438,-0.02976,1.21002,1.12969,0.1729,1.5,12.0000,0.0000,0.0000,0.0000
2315001,55.0473,62.3345,37.6636,0.17288,-0.14324,-0.02964,1.21056,1.12134,0.1729,1.5,12.0000,0.0000,0.0000,0.0000
2315501,55.0473,62.3345,37.6636,0.17164,-0.14212,-0.02952,1.21110,1.11304,0.1730,1.5,12.0000,0.0000,0.0000,0.0000
2316001,55.0473,62.3345,37.6636,0.17040,-0.14100,-0.02940,1.21163,1.10481,0.1731,1.5,12.0000,0.0000,0.0000,0.0000
2316501,55.0473,62.3345,37.6636,0.16918,-0.13990,-0.02928,1.21217,1.09663,0.1732,1.5,12.0000,0.0000,0.0000,0.0000
2317001,55.0473,62.3345,37.6636,0.16796,-0.13880,-0.02916,1.21271,1.08852,0.1732,1.5,12.0000,0.0000,0.0000,0.0000
2317501,55.0473,62.3345,37.6636,0.16675,-0.13771,-0.02904,1.21324,1.08046,0.1733,1.5,12.0000,0.0000,0.0000,0.0000
2318001,55.0473,62.3345,37.6636,0.16556,-0.13663,-0.02893,1.21378,1.07247,0.1734,1.5,12.0000,0.0000,0.0000,0.0000
2318501,55.0473,62.3345,37.6636,0.16437,-0.13556,-0.02881,1.21431,1.06454,0.1735,1.5,12.0000,0.0000,0.0000,0.0000
2319001,55.0473,62.3345,37.6636,0.16318,-0.13449,-0.02869,1.21485,1.05666,0.1736,1.4,12.0000,0.0000,0.0000,0.0000
2319501,55.0473,62.3345,37.6636,0.16201,-0.13344,-0.02857,1.21539,1.04885,0.1736,1.4,12.0000,0.0000,0.0000,0.0000
2320001,55.0473,62.3345,37.6636,0.16084,-0.13239,-0.02845,1.21592,1.04109,0.1737,1.4,12.0000,0.0000,0.0000,0.0000
2320501,55.0473,62.3345,37.6636,0.15969,-0.13135,-0.02834,1.21646,1.03339,0.1738,1.4,12.0000,0.0000,0.0000,0.0000
2321001,55.0473,62.3345,37.6636,0.15854,-0.13032,-0.02822,1.21700,1.02574,0.1739,1.4,12.0000,0.0000,0.0000,0.0000
2321501,55.0473,62.3345,37.6636,0.15740,-0.12930,-0.02810,1.21753,1.01815,0.1739,1.4,12.0000,0.0000,0.0000,0.0000
2322001,55.0473,62.3345,37.6636,0.15626,-0.12828,-0.02798,1.21805,1.01062,0.1740,1.4,12.0000,0.0000,0.0000,0.0000
2322501,55.0473,62.3345,37.6636,0.15514,-0.12728,-0.02785,1.21853,1.00314,0.1741,1.4,12.0000,0.0000,0.0000,0.0000
2323001,55.0473,62.3345,37.6636,0.15402,-0.12629,-0.02773,1.21900,0.99572,0.1741,1.4,12.0000,0.0000,0.0000,0.0000
2323501,55.0473,62.3345,37.6636,0.15290,-0.12530,-0.02760,1.21948,0.98835,0.1742,1.3,12.0000,0.0000,0.0000,0.0000
2324001,55.0473,62.3345,37.6636,0.15180,-0.12432,-0.02748,1.21996,0.98104,0.1743,1.3,12.0000,0.0000,0.0000,0.0000
2324501,55.0473,62.3345,37.6636,0.15071,-0.12335,-0.02735,1.22043,0.97378,0.1743,1.3,12.0000,0.0000,0.0000,0.0000
2325001,55.0473,62.3345,37.6636,0.14962,-0.12239,-0.02723,1.22091,0.96658,0.1744,1.3,12.0000,0.0000,0.0000,0.0000
2325501,55.0473,62.3345,37.6636,0.14854,-0.12144,-0.02710,1.22139,0.95943,0.1745,1.3,12.0000,0.0000,0.0000,0.0000
2326001,55.0473,62.3345,37.6636,0.14746,-0.12049,-0.02698,1.22186,0.95233,0.1746,1.3,12.0000,0.0000,0.0000,0.0000
2326501,55.0473,62.3345,37.6636,0.14640,-0.11955,-0.02685,1.22234,0.94528,0.1746,1.3,12.0000,0.0000,0.0000,0.0000
2327001,55.0473,62.3345,37.6636,0.14534,-0.11861,-0.02673,1.22282,0.93829,0.1747,1.3,12.0000,0.0000,0.0000,0.0000
2327501,55.0473,62.3345,37.6636,0.14429,-0.11769,-0.02661,1.22329,0.93135,0.1748,1.3,12.0000,0.0000,0.0000,0.0000
2328001,55.0473,62.3345,37.6636,0.14325,-0.11677,-0.02648,1.22377,0.92446,0.1748,1.3,12.0000,0.0000,0.0000,0.0000
2328501,55.0473,62.3345,37.6636,0.14222,-0.11586,-0.02636,1.22425,0.91762,0.1749,1.3,12.0000,0.0000,0.0000,0.0000
2329001,55.0473,62.3345,37.6636,0.14119,-0.11495,-0.02624,1.22472,0.91083,0.1750,1.2,12.0000,0.0000,0.0000,0.0000
2329501,55.0473,62.3345,37.6636,0.14017,-0.11406,-0.02612,1.22520,0.90409,0.1750,1.2,12.0000,0.0000,0.0000,0.0000
2330001,55.0473,62.3345,37.6636,0.13916,-0.11316,-0.02599,1.22568,0.89740,0.1751,1.2,12.0000,0.0000,0.0000,0.0000
2330501,55.0473,62.3345,37.6636,0.13815,-0.11228,-0.02587,1.22613,0.89076,0.1752,1.2,12.0000,0.0000,0.0000,0.0000
2331001,55.0473,62.3345,37.6636,0.13715,-0.11141,-0.02574,1.22654,0.88417,0.1752,1.2,12.0000,0.0000,0.0000,0.0000
2331501,55.0473,62.3345,37.6636,0.13616,-0.11055,-0.02561,1.22696,0.87763,0.1753,1.2,12.0000,0.0000,0.0000,0.0000
2332001,55.0473,62.3345,37.6636,0.13517,-0.10969,-0.02548,1.22738,0.87114,0.1753,1.2,12.0000,0.0000,0.0000,0.0000
2332501,55.0473,62.3345,37.6636,0.13419,-0.10884,-0.02535,1.22779,0.86469,0.1754,1.2,12.0000,0.0000,0.0000,0.0000
2333001,55.0473,62.3345,37.6636,0.13322,-0.10799,-0.02523,1.22821,0.85830,0.1755,1.2,12.0000,0.0000,0.0000,0.0000
2333501,55.0473,62.3345,37.6636,0.13226,-0.10716,-0.02510,1.22863,0.85195,0.1755,1.2,12.0000,0.0000,0.0000,0.0000
2334001,55.0473,62.3345,37.6636,0.13130,-0.10633,-0.02497,1.22905,0.84564,0.1756,1.2,12.0000,0.0000,0.0000,0.0000
2334501,55.0473,62.3345,37.6636,0.13035,-0.10550,-0.02485,1.22946,0.83939,0.1756,1.1,12.0000,0.0000,0.0000,0.0000
2335001,55.0473,62.3345,37.6636,0.12940,-0.10468,-0.02472,1.22988,0.83318,0.1757,1.1,12.0000,0.0000,0.0000,0.0000
2335501,55.0473,62.3345,37.6636,0.12846,-0.10387,-0.02459,1.23030,0.82701,0.1758,1.1,12.0000,0.0000,0.0000,0.0000
2336001,55.0473,62.3345,37.6636,0.12753,-0.10306,-0.02447,1.23071,0.82089,0.1758,1.1,12.0000,0.0000,0.0000,0.0000
2336501,55.0473,62.3345,37.6636,0.12661,-0.10226,-0.02435,1.23113,0.81482,0.1759,1.1,12.0000,0.0000,0.0000,0.0000
2337001,55.0473,62.3345,37.6636,0.12569,-0.10147,-0.02422,1.23155,0.80879,0.1759,1.1,12.0000,0.0000,0.0000,0.0000
2337501,55.0473,62.3345,37.6636,0.12478,-0.10068,-0.02410,1.23197,0.80281,0.1760,1.1,12.0000,0.0000,0.0000,0.0000
2338001,55.0473,62.3345,37.6636,0.12388,-0.09990,-0.02398,1.23238,0.79687,0.1761,1.1,12.0000,0.0000,0.0000,0.0000
2338501,55.0473,62.3345,37.6636,0.12298,-0.09912,-0.02385,1.23280,0.79098,0.1761,1.1,12.0000,0.0000,0.0000,0.0000
2339001,55.0473,62.3345,37.6636,0.12209,-0.09835,-0.02373,1.23322,0.78512,0.1762,1.1,12.0000,0.0000,0.0000,0.0000
2339501,55.0473,62.3345,37.6636,0.12120,-0.09759,-0.02361,1.23364,0.77932,0.1762,1.1,12.0000,0.0000,0.0000,0.0000
2340001,55.0473,62.3345,37.6636,0.12032,-0.09683,-0.02349,1.23404,0.77355,0.1763,1.1,12.0000,0.0000,0.0000,0.0000
2340501,55.0473,62.3345,37.6636,0.11945,-0.09609,-0.02336,1.23440,0.76783,0.1763,1.0,12.0000,0.0000,0.0000,0.0000
2341001,55.0473,62.3345,37.6636,0.11858,-0.09535,-0.02323,1.23475,0.76215,0.1764,1.0,12.0000,0.0000,0.0000,0.0000
2341501,55.0473,62.3345,37.6636,0.11772,-0.09461,-0.02311,1.23511,0.75651,0.1764,1.0,12.0000,0.0000,0.0000,0.0000
2342001,55.0473,62.3345,37.6636,0.11686,-0.09388,-0.02298,1.23547,0.75091,0.1765,1.0,12.0000,0.0000,0.0000,0.0000
2342501,55.0473,62.3345,37.6636,0.11601,-0.09316,-0.02286,1.23583,0.74536,0.1765,1.0,12.0000,0.0000,0.0000,0.0000
2343001,55.0473,62.3345,37.6636,0.11517,-0.09244,-0.02273,1.23618,0.73984,0.1766,1.0,12.0000,0.0000,0.0000,0.0000
2343501,55.0473,62.3345,37.6636,0.11433,-0.09173,-0.02261,1.23654,0.73437,0.1766,1.0,12.0000,0.0000,0.0000,0.0000
2344001,55.0473,62.3345,37.6636,0.11350,-0.09102,-0.02248,1.23690,0.72894,0.1767,1.0,12.0000,0.0000,0.0000,0.0000
2344501,55.0473,62.3345,37.6636,0.11268,-0.09032,-0.02236,1.23726,0.72354,0.1768,1.0,12.0000,0.0000,0.0000,0.0000
2345001,55.0473,62.3345,37.6636,0.11186,-0.08962,-0.02224,1.23762,0.71819,0.1768,1.0,12.0000,0.0000,0.0000,0.0000
2345501,55.0473,62.3345,37.6636,0.11104,-0.08893,-0.02212,1.23797,0.71288,0.1769,1.0,12.0000,0.0000,0.0000,0.0000
2346001,55.0473,62.3345,37.6636,0.11024,-0.08824,-0.02199,1.23833,0.70760,0.1769,1.0,12.0000,0.0000,0.0000,0.0000
2346501,55.0473,62.3345,37.6636,0.10943,-0.08756,-0.02187,1.23869,0.70237,0.1770,1.0,12.0000,0.0000,0.0000,0.0000
2347001,55.0473,62.3345,37.6636,0.10864,-0.08689,-0.02175,1.23905,0.69717,0.1770,1.0,12.0000,0.0000,0.0000,0.0000
2347501,55.0473,62.3345,37.6636,0.10785,-0.08621,-0.02163,1.23940,0.69201,0.1771,0.9,12.0000,0.0000,0.0000,0.0000
2348001,55.0473,62.3345,37.6636,0.10706,-0.08555,-0.02151,1.23976,0.68689,0.1771,0.9,12.0000,0.0000,0.0000,0.0000
2348501,55.0473,62.3345,37.6636,0.10629,-0.08489,-0.02140,1.24012,0.68181,0.1772,0.9,12.0000,0.0000,0.0000,0.0000
2349001,55.0473,62.3345,37.6636,0.10551,-0.08423,-0.02128,1.24048,0.67677,0.1772,0.9,12.0000,0.0000,0.0000,0.0000
2349501,55.0473,62.3345,37.6636,0.10475,-0.08358,-0.02116,1.24083,0.67176,0.1773,0.9,12.0000,0.0000,0.0000,0.0000
2350001,55.0473,62.3345,37.6636,0.10398,-0.08294,-0.02104,1.24119,0.66679,0.1773,0.9,12.0000,0.0000,0.0000,0.0000
2350501,55.0473,62.3345,37.6636,0.10323,-0.08230,-0.02093,1.24155,0.66186,0.1774,0.9,12.0000,0.0000,0.0000,0.0000
2351001,55.0473,62.3345,37.6636,0.10248,-0.08166,-0.02081,1.24191,0.65696,0.1774,0.9,12.0000,0.0000,0.0000,0.0000
2351501,55.0473,62.3345,37.6636,0.10173,-0.08104,-0.02069,1.24222,0.65210,0.1775,0.9,12.0000,0.0000,0.0000,0.0000
2352001,55.0473,62.3345,37.6636,0.10099,-0.08042,-0.02057,1.24252,0.64728,0.1775,0.9,12.0000,0.0000,0.0000,0.0000
2352501,55.0473,62.3345,37.6636,0.10025,-0.07980,-0.02045,1.24282,0.64249,0.1775,0.9,12.0000,0.0000,0.0000,0.0000
2353001,55.0473,62.3345,37.6636,0.09952,-0.07919,-0.02033,1.24312,0.63774,0.1776,0.9,12.0000,0.0000,0.0000,0.0000
2353501,55.0473,62.3345,37.6636,0.09879,-0.07858,-0.02021,1.24341,0.63302,0.1776,0.9,12.0000,0.0000,0.0000,0.0000
2354001,55.0473,62.3345,37.6636,0.09807,-0.07798,-0.02009,1.24371,0.62833,0.1777,0.9,12.0000,0.0000,0.0000,0.0000
2354501,55.0473,62.3345,37.6636,0.09736,-0.07738,-0.01998,1.24401,0.62368,0.1777,0.9,12.0000,0.0000,0.0000,0.0000
2355001,55.0473,62.3345,37.6636,0.09665,-0.07679,-0.01986,1.24431,0.61907,0.1778,0.8,12.0000,0.0000,0.0000,0.0000
2355501,55.0473,62.3345,37.6636,0.09594,-0.07620,-0.01974,1.24461,0.61449,0.1778,0.8,12.0000,0.0000,0.0000,0.0000
2356001,55.0473,62.3345,37.6636,0.09524,-0.07562,-0.01963,1.24490,0.60995,0.1778,0.8,12.0000,0.0000,0.0000,0.0000
2356501,55.0473,62.3345,37.6636,0.09455,-0.07504,-0.01951,1.24520,0.60543,0.1779,0.8,12.0000,0.0000,0.0000,0.0000
2357001,55.0473,62.3345,37.6636,0.09386,-0.07446,-0.01940,1.24550,0.60095,0.1779,0.8,12.0000,0.0000,0.0000,0.0000
2357501,55.0473,62.3345,37.6636,0.09317,-0.07389,-0.01928,1.24580,0.59651,0.1780,0.8,12.0000,0.0000,0.0000,0.0000
2358001,55.0473,62.3345,37.6636,0.09249,-0.07332,-0.01917,1.24610,0.59209,0.1780,0.8,12.0000,0.0000,0.0000,0.0000
2358501,55.0473,62.3345,37.6636,0.09182,-0.07276,-0.01906,1.24639,0.58771,0.1781,0.8,12.0000,0.0000,0.0000,0.0000
2359001,55.0473,62.3345,37.6636,0.09115,-0.07220,-0.01895,1.24669,0.58337,0.1781,0.8,12.0000,0.0000,0.0000,0.0000
2359501,55.0473,62.3345,37.6636,0.09048,-0.07165,-0.01884,1.24699,0.57905,0.1781,0.8,12.0000,0.0000,0.0000,0.0000
2360001,55.0473,62.3345,37.6636,0.08982,-0.07110,-0.01872,1.24729,0.57477,0.1782,0.8,12.0000,0.0000,0.0000,0.0000
2360501,55.0473,62.3345,37.6636,0.08917,-0.07056,-0.01861,1.24759,0.57052,0.1782,0.8,12.0000,0.0000,0.0000,0.0000
2361001,55.0473,62.3345,37.6636,0.08852,-0.07001,-0.01850,1.24788,0.56630,0.1783,0.8,12.0000,0.0000,0.0000,0.0000
2361501,55.0473,62.3345,37.6636,0.08787,-0.06948,-0.01840,1.24818,0.56211,0.1783,0.8,12.0000,0.0000,0.0000,0.0000
2362001,55.0473,62.3345,37.6636,0.08723,-0.06894,-0.01829,1.24848,0.55795,0.1784,0.8,12.0000,0.0000,0.0000,0.0000
2362501,55.0473,62.3345,37.6636,0.08660,-0.06842,-0.01818,1.24878,0.55382,0.1784,0.8,12.0000,0.0000,0.0000,0.0000
2363001,55.0473,62.3345,37.6636,0.08596,-0.06789,-0.01807,1.24908,0.54972,0.1784,0.7,12.0000,0.0000,0.0000,0.0000
2363501,55.0473,62.3345,37.6636,0.08534,-0.06737,-0.01797,1.24937,0.54566,0.1785,0.7,12.0000,0.0000,0.0000,0.0000
2364001,55.0473,62.3345,37.6636,0.08471,-0.06685,-0.01786,1.24967,0.54162,0.1785,0.7,12.0000,0.0000,0.0000,0.0000
2364501,55.0473,62.3345,37.6636,0.08410,-0.06634,-0.01775,1.24997,0.53761,0.1786,0.7,12.0000,0.0000,0.0000,0.0000
2365001,55.0473,62.3345,37.6636,0.08348,-0.06584,-0.01765,1.25023,0.53363,0.1786,0.7,12.0000,0.0000,0.0000,0.0000
2365501,55.0473,62.3345,37.6636,0.08287,-0.06533,-0.01754,1.25046,0.52969,0.1786,0.7,12.0000,0.0000,0.0000,0.0000
2366001,55.0473,62.3345,37.6636,0.08226,-0.06484,-0.01743,1.25070,0.52577,0.1787,0.7,12.0000,0.0000,0.0000,0.0000
2366501,55.0473,62.3345,37.6636,0.08166,-0.06434,-0.01732,1.25094,0.52188,0.1787,0.7,12.0000,0.0000,0.0000,0.0000
2367001,55.0473,62.3345,37.6636,0.08106,-0.06385,-0.01721,1.25118,0.51802,0.1787,0.7,12.0000,0.0000,0.0000,0.0000
2367501,55.0473,62.3345,37.6636,0.08047,-0.06337,-0.01710,1.25142,0.51418,0.1788,0.7,12.0000,0.0000,0.0000,0.0000
2368001,55.0473,62.3345,37.6636,0.07988,-0.06288,-0.01700,1.25166,0.51038,0.1788,0.7,12.0000,0.0000,0.0000,0.0000
2368501,55.0473,62.3345,37.6636,0.07930,-0.06240,-0.01689,1.25189,0.50660,0.1788,0.7,12.0000,0.0000,0.0000,0.0000
2369001,55.0473,62.3345,37.6636,0.07872,-0.06193,-0.01679,1.25213,0.50286,0.1789,0.7,12.0000,0.0000,0.0000,0.0000
2369501,55.0473,62.3345,37.6636,0.07814,-0.06146,-0.01668,1.25237,0.49913,0.1789,0.7,12.0000,0.0000,0.0000,0.0000
2370001,55.0473,62.3345,37.6636,0.07757,-0.06099,-0.01658,1.25261,0.49544,0.1789,0.7,12.0000,0.0000,0.0000,0.0000
2370501,55.0473,62.3345,37.6636,0.07700,-0.06053,-0.01648,1.25285,0.49178,0.1790,0.7,12.0000,0.0000,0.0000,0.0000
2371001,55.0473,62.3345,37.6636,0.07644,-0.06006,-0.01637,1.25309,0.48814,0.1790,0.7,12.0000,0.0000,0.0000,0.0000
2371501,55.0473,62.3345,37.6636,0.07588,-0.05961,-0.01627,1.25332,0.48453,0.1790,0.7,12.0000,0.0000,0.0000,0.0000
2372001,55.0473,62.3345,37.6636,0.07532,-0.05915,-0.01617,1.25356,0.48094,0.1791,0.7,12.0000,0.0000,0.0000,0.0000
2372501,55.0473,62.3345,37.6636,0.07477,-0.05870,-0.01607,1.25380,0.47738,0.1791,0.7,12.0000,0.0000,0.0000,0.0000
2373001,55.0473,62.3345,37.6636,0.07423,-0.05826,-0.01597,1.25404,0.47385,0.1791,0.6,12.0000,0.0000,0.0000,0.0000
2373501,55.0473,62.3345,37.6636,0.07368,-0.05781,-0.01587,1.25428,0.47035,0.1792,0.6,12.0000,0.0000,0.0000,0.0000
2374001,55.0473,62.3345,37.6636,0.07314,-0.05737,-0.01577,1.25452,0.46687,0.1792,0.6,12.0000,0.0000,0.0000,0.0000
2374501,55.0473,62.3345,37.6636,0.07261,-0.05693,-0.01567,1.25476,0.46341,0.1793,0.6,12.0000,0.0000,0.0000,0.0000
2375001,55.0473,62.3345,37.6636,0.07208,-0.05650,-0.01558,1.25499,0.45998,0.1793,0.6,12.0000,0.0000,0.0000,0.0000
2375501,55.0473,62.3345,37.6636,0.07155,-0.05607,-0.01548,1.25523,0.45658,0.1793,0.6,12.0000,0.0000,0.0000,0.0000
2376001,55.0473,62.3345,37.6636,0.07103,-0.05564,-0.01538,1.25547,0.45320,0.1794,0.6,12.0000,0.0000,0.0000,0.0000
2376501,55.0473,62.3345,37.6636,0.07051,-0.05522,-0.01529,1.25571,0.44985,0.1794,0.6,12.0000,0.0000,0.0000,0.0000
2377001,55.0473,62.3345,37.6636,0.06999,-0.05480,-0.01519,1.25595,0.44652,0.1794,0.6,12.0000,0.0000,0.0000,0.0000
2377501,55.0473,62.3345,37.6636,0.06948,-0.05438,-0.01510,1.25619,0.44322,0.1795,0.6,12.0000,0.0000,0.0000,0.0000
2378001,55.0473,62.3345,37.6636,0.06897,-0.05397,-0.01500,1.25642,0.43994,0.1795,0.6,12.0000,0.0000,0.0000,0.0000
2378501,55.0473,62.3345,37.6636,0.06846,-0.05356,-0.01491,1.25666,0.43668,0.1795,0.6,12.0000,0.0000,0.0000,0.0000
2379001,55.0473,62.3345,37.6636,0.06796,-0.05315,-0.01481,1.25690,0.43345,0.1796,0.6,12.0000,0.0000,0.0000,0.0000
2379501,55.0473,62.3345,37.6636,0.06747,-0.05274,-0.01472,1.25714,0.43025,0.1796,0.6,12.0000,0.0000,0.0000,0.0000
2380001,55.0473,62.3345,37.6636,0.06697,-0.05234,-0.01463,1.25738,0.42706,0.1796,0.6,12.0000,0.0000,0.0000,0.0000
2380501,55.0473,62.3345,37.6636,0.06648,-0.05194,-0.01454,1.25762,0.42390,0.1797,0.6,12.0000,0.0000,0.0000,0.0000
2381001,55.0473,62.3345,37.6636,0.06600,-0.05155,-0.01445,1.25785,0.42077,0.1797,0.6,12.0000,0.0000,0.0000,0.0000
2381501,55.0473,62.3345,37.6636,0.06551,-0.05115,-0.01436,1.25809,0.41766,0.1797,0.6,12.0000,0.0000,0.0000,0.0000
2382001,55.0473,62.3345,37.6636,0.06503,-0.05077,-0.01426,1.25828,0.41457,0.1798,0.6,12.0000,0.0000,0.0000,0.0000
2382501,55.0473,62.3345,37.6636,0.06455,-0.05038,-0.01417,1.25846,0.41150,0.1798,0.6,12.0000,0.0000,0.0000,0.0000
2383001,55.0473,62.3345,37.6636,0.06408,-0.05000,-0.01408,1.25864,0.40845,0.1798,0.6,12.0000,0.0000,0.0000,0.0000
2383501,55.0473,62.3345,37.6636,0.06361,-0.04962,-0.01399,1.25882,0.40543,0.1798,0.6,12.0000,0.0000,0.0000,0.0000
2384001,55.0473,62.3345,37.6636,0.06314,-0.04925,-0.01389,1.25900,0.40243,0.1799,0.5,12.0000,0.0000,0.0000,0.0000
2384501,55.0473,62.3345,37.6636,0.06268,-0.04888,-0.01380,1.25917,0.39946,0.1799,0.5,12.0000,0.0000,0.0000,0.0000
2385001,55.0473,62.3345,37.6636,0.06222,-0.04851,-0.01371,1.25935,0.39650,0.1799,0.5,12.0000,0.0000,0.0000,0.0000
2385501,55.0473,62.3345,37.6636,0.06176,-0.04814,-0.01362,1.25953,0.39357,0.1799,0.5,12.0000,0.0000,0.0000,0.0000
2386001,55.0473,62.3345,37.6636,0.06131,-0.04778,-0.01353,1.25971,0.39066,0.1800,0.5,12.0000,0.0000,0.0000,0.0000
2386501,55.0473,62.3345,37.6636,0.06086,-0.04741,-0.01345,1.25989,0.38777,0.1800,0.5,12.0000,0.0000,0.0000,0.0000
2387001,55.0473,62.3345,37.6636,0.06041,-0.04706,-0.01336,1.26007,0.38490,0.1800,0.5,12.0000,0.0000,0.0000,0.0000
2387501,55.0473,62.3345,37.6636,0.05997,-0.04670,-0.01327,1.26025,0.38205,0.1800,0.5,12.0000,0.0000,0.0000,0.0000
2388001,55.0473,62.3345,37.6636,0.05953,-0.04635,-0.01318,1.26043,0.37922,0.1801,0.5,12.0000,0.0000,0.0000,0.0000
2388501,55.0473,62.3345,37.6636,0.05909,-0.04600,-0.01310,1.26060,0.37642,0.1801,0.5,12.0000,0.0000,0.0000,0.0000
2389001,55.0473,62.3345,37.6636,0.05866,-0.04565,-0.01301,1.26078,0.37363,0.1801,0.5,12.0000,0.0000,0.0000,0.0000
2389501,55.0473,62.3345,37.6636,0.05823,-0.04530,-0.01293,1.26096,0.37087,0.1801,0.5,12.0000,0.0000,0.0000,0.0000
2390001,55.0473,62.3345,37.6636,0.05780,-0.04496,-0.01284,1.26114,0.36812,0.1802,0.5,12.0000,0.0000,0.0000,0.0000
2390501,55.0473,62.3345,37.6636,0.05738,-0.04462,-0.01276,1.26132,0.36540,0.1802,0.5,12.0000,0.0000,0.0000,0.0000
2391001,55.0473,62.3345,37.6636,0.05696,-0.04428,-0.01267,1.26150,0.36270,0.1802,0.5,12.0000,0.0000,0.0000,0.0000
2391501,55.0473,62.3345,37.6636,0.05654,-0.04395,-0.01259,1.26168,0.36001,0.1802,0.5,12.0000,0.0000,0.0000,0.0000
2392001,55.0473,62.3345,37.6636,0.05612,-0.04361,-0.01251,1.26186,0.35735,0.1803,0.5,12.0000,0.0000,0.0000,0.0000
2392501,55.0473,62.3345,37.6636,0.05571,-0.04328,-0.01243,1.26204,0.35471,0.1803,0.5,12.0000,0.0000,0.0000,0.0000
2393001,55.0473,62.3345,37.6636,0.05530,-0.04296,-0.01234,1.26221,0.35208,0.1803,0.5,12.0000,0.0000,0.0000,0.0000
2393501,55.0473,62.3345,37.6636,0.05490,-0.04263,-0.01226,1.26239,0.34948,0.1803,0.5,12.0000,0.0000,0.0000,0.0000
2394001,55.0473,62.3345,37.6636,0.05449,-0.04231,-0.01218,1.26257,0.34689,0.1804,0.5,12.0000,0.0000,0.0000,0.0000
2394501,55.0473,62.3345,37.6636,0.05409,-0.04199,-0.01210,1.26275,0.34433,0.1804,0.5,12.0000,0.0000,0.0000,0.0000
2395001,55.0473,62.3345,37.6636,0.05370,-0.04167,-0.01202,1.26293,0.34178,0.1804,0.5,12.0000,0.0000,0.0000,0.0000
2395501,55.0473,62.3345,37.6636,0.05330,-0.04136,-0.01195,1.26311,0.33925,0.1804,0.5,12.0000,0.0000,0.0000,0.0000
2396001,55.0473,62.3345,37.6636,0.05291,-0.04104,-0.01187,1.26329,0.33674,0.1805,0.5,12.0000,0.0000,0.0000,0.0000
2396501,55.0473,62.3345,37.6636,0.05252,-0.04073,-0.01179,1.26347,0.33425,0.1805,0.5,12.0000,0.0000,0.0000,0.0000
2397001,55.0473,62.3345,37.6636,0.05214,-0.04043,-0.01171,1.26364,0.33178,0.1805,0.5,12.0000,0.0000,0.0000,0.0000
2397501,55.0473,62.3345,37.6636,0.05175,-0.04012,-0.01163,1.26382,0.32932,0.1805,0.4,12.0000,0.0000,0.0000,0.0000
2398001,55.0473,62.3345,37.6636,0.05137,-0.03982,-0.01156,1.26400,0.32689,0.1806,0.4,12.0000,0.0000,0.0000,0.0000
2398501,55.0473,62.3345,37.6636,0.05100,-0.03951,-0.01148,1.26418,0.32447,0.1806,0.4,12.0000,0.0000,0.0000,0.0000
2399001,55.0473,62.3345,37.6636,0.05062,-0.03922,-0.01141,1.26436,0.32207,0.1806,0.4,12.0000,0.0000,0.0000,0.0000
2399501,55.0473,62.3345,37.6636,0.05025,-0.03892,-0.01133,1.26454,0.31968,0.1806,0.4,12.0000,0.0000,0.0000,0.0000
2400001,55.0473,62.3345,37.6636,0.04988,-0.03862,-0.01126,1.26472,0.31732,0.1807,0.4,12.0000,0.0000,0.0000,0.0000
2400501,55.0473,62.3345,37.6636,0.04952,-0.03833,-0.01118,1.26490,0.31497,0.1807,0.4,12.0000,0.0000,0.0000,0.0000
2401001,55.0473,62.3345,37.6636,0.04915,-0.03804,-0.01111,1.26508,0.31264,0.1807,0.4,12.0000,0.0000,0.0000,0.0000
2401501,55.0473,62.3345,37.6636,0.04879,-0.03775,-0.01104,1.26525,0.31033,0.1808,0.4,12.0000,0.0000,0.0000,0.0000
2402001,55.0473,62.3345,37.6636,0.04843,-0.03747,-0.01096,1.26543,0.30803,0.1808,0.4,12.0000,0.0000,0.0000,0.0000
2402501,55.0473,62.3345,37.6636,0.04808,-0.03719,-0.01089,1.26561,0.30575,0.1808,0.4,12.0000,0.0000,0.0000,0.0000
2403001,55.0473,62.3345,37.6636,0.04773,-0.03690,-0.01082,1.26579,0.30349,0.1808,0.4,12.0000,0.0000,0.0000,0.0000
2403501,55.0473,62.3345,37.6636,0.04738,-0.03663,-0.01075,1.26597,0.30125,0.1809,0.4,12.0000,0.0000,0.0000,0.0000
2404001,55.0473,62.3345,37.6636,0.04703,-0.03635,-0.01068,1.26615,0.29902,0.1809,0.4,12.0000,0.0000,0.0000,0.0000
2404501,55.0473,62.3345,37.6636,0.04668,-0.03607,-0.01061,1.26629,0.29681,0.1809,0.4,12.0000,0.0000,0.0000,0.0000
2405001,55.0473,62.3345,37.6636,0.04634,-0.03580,-0.01053,1.26641,0.29461,0.1809,0.4,12.0000,0.0000,0.0000,0.0000
2405501,55.0473,62.3345,37.6636,0.04600,-0.03553,-0.01046,1.26653,0.29243,0.1809,0.4,12.0000,0.0000,0.0000,0.0000
2406001,55.0473,62.3345,37.6636,0.04566,-0.03527,-0.01039,1.26665,0.29027,0.1810,0.4,12.0000,0.0000,0.0000,0.0000
2406501,55.0473,62.3345,37.6636,0.04532,-0.03500,-0.01032,1.26677,0.28812,0.1810,0.4,12.0000,0.0000,0.0000,0.0000
2407001,55.0473,62.3345,37.6636,0.04499,-0.03474,-0.01025,1.26689,0.28599,0.1810,0.4,12.0000,0.0000,0.0000,0.0000
2407501,55.0473,62.3345,37.6636,0.04466,-0.03448,-0.01018,1.26701,0.28387,0.1810,0.4,12.0000,0.0000,0.0000,0.0000
2408001,55.0473,62.3345,37.6636,0.04433,-0.03422,-0.01011,1.26713,0.28177,0.1810,0.4,12.0000,0.0000,0.0000,0.0000
2408501,55.0473,62.3345,37.6636,0.04400,-0.03396,-0.01004,1.26725,0.27969,0.1810,0.4,12.0000,0.0000,0.0000,0.0000
2409001,55.0473,62.3345,37.6636,0.04368,-0.03371,-0.00997,1.26737,0.27762,0.1811,0.4,12.0000,0.0000,0.0000,0.0000
2409501,55.0473,62.3345,37.6636,0.04336,-0.03345,-0.00990,1.26749,0.27556,0.1811,0.4,12.0000,0.0000,0.0000,0.0000
2410001,55.0473,62.3345,37.6636,0.04304,-0.03320,-0.00984,1.26761,0.27353,0.1811,0.4,12.0000,0.0000,0.0000,0.0000
2410501,55.0473,62.3345,37.6636,0.04272,-0.03295,-0.00977,1.26772,0.27150,0.1811,0.4,12.0000,0.0000,0.0000,0.0000
2411001,55.0473,62.3345,37.6636,0.04241,-0.03271,-0.00970,1.26784,0.26949,0.1811,0.4,12.0000,0.0000,0.0000,0.0000
2411501,55.0473,62.3345,37.6636,0.04210,-0.03246,-0.00963,1.26796,0.26750,0.1811,0.4,12.0000,0.0000,0.0000,0.0000
2412001,55.0473,62.3345,37.6636,0.04179,-0.03222,-0.00957,1.26808,0.26552,0.1812,0.4,12.0000,0.0000,0.0000,0.0000
2412501,55.0473,62.3345,37.6636,0.04148,-0.03198,-0.00950,1.26820,0.26356,0.1812,0.4,12.0000,0.0000,0.0000,0.0000
2413001,55.0473,62.3345,37.6636,0.04117,-0.03173,-0.00944,1.26832,0.26161,0.1812,0.4,12.0000,0.0000,0.0000,0.0000
2413501,55.0473,62.3345,37.6636,0.04087,-0.03150,-0.00937,1.26844,0.25967,0.1812,0.4,12.0000,0.0000,0.0000,0.0000
2414001,55.0473,62.3345,37.6636,0.04057,-0.03126,-0.00931,1.26856,0.25775,0.1812,0.4,12.0000,0.0000,0.0000,0.0000
2414501,55.0473,62.3345,37.6636,0.04027,-0.03103,-0.00925,1.26868,0.25584,0.1812,0.3,12.0000,0.0000,0.0000,0.0000
2415001,55.0473,62.3345,37.6636,0.03997,-0.03079,-0.00918,1.26880,0.25395,0.1813,0.3,12.0000,0.0000,0.0000,0.0000
2415501,55.0473,62.3345,37.6636,0.03968,-0.03056,-0.00912,1.26892,0.25207,0.1813,0.3,12.0000,0.0000,0.0000,0.0000
2416001,55.0473,62.3345,37.6636,0.03939,-0.03033,-0.00906,1.26904,0.25021,0.1813,0.3,12.0000,0.0000,0.0000,0.0000
2416501,55.0473,62.3345,37.6636,0.03910,-0.03010,-0.00899,1.26916,0.24835,0.1813,0.3,12.0000,0.0000,0.0000,0.0000
2417001,55.0473,62.3345,37.6636,0.03881,-0.02988,-0.00893,1.26927,0.24652,0.1813,0.3,12.0000,0.0000,0.0000,0.0000
2417501,55.0473,62.3345,37.6636,0.03852,-0.02965,-0.00887,1.26939,0.24469,0.1813,0.3,12.0000,0.0000,0.0000,0.0000
2418001,55.0473,62.3345,37.6636,0.03824,-0.02943,-0.00881,1.26951,0.24288,0.1814,0.3,12.0000,0.0000,0.0000,0.0000
2418501,55.0473,62.3345,37.6636,0.03796,-0.02921,-0.00875,1.26963,0.24109,0.1814,0.3,12.0000,0.0000,0.0000,0.0000
2419001,55.0473,62.3345,37.6636,0.03768,-0.02899,-0.00869,1.26975,0.23930,0.1814,0.3,12.0000,0.0000,0.0000,0.0000
2419501,55.0473,62.3345,37.6636,0.03740,-0.02877,-0.00863,1.26987,0.23753,0.1814,0.3,12.0000,0.0000,0.0000,0.0000
2420001,55.0473,62.3345,37.6636,0.03713,-0.02856,-0.00857,1.26999,0.23577,0.1814,0.3,12.0000,0.0000,0.0000,0.0000
2420501,55.0473,62.3345,37.6636,0.03685,-0.02834,-0.00851,1.27011,0.23403,0.1814,0.3,12.0000,0.0000,0.0000,0.0000
2421001,55.0473,62.3345,37.6636,0.03658,-0.02813,-0.00845,1.27023,0.23230,0.1815,0.3,12.0000,0.0000,0.0000,0.0000
2421501,55.0473,62.3345,37.6636,0.03631,-0.02792,-0.00840,1.27035,0.23058,0.1815,0.3,12.0000,0.0000,0.0000,0.0000
2422001,55.0473,62.3345,37.6636,0.03605,-0.02771,-0.00834,1.27047,0.22887,0.1815,0.3,12.0000,0.0000,0.0000,0.0000
2422501,55.0473,62.3345,37.6636,0.03578,-0.02750,-0.00828,1.27059,0.22718,0.1815,0.3,12.0000,0.0000,0.0000,0.0000
2423001,55.0473,62.3345,37.6636,0.03552,-0.02729,-0.00822,1.27070,0.22550,0.1815,0.3,12.0000,0.0000,0.0000,0.0000
2423501,55.0473,62.3345,37.6636,0.03526,-0.02709,-0.00817,1.27082,0.22383,0.1815,0.3,12.0000,0.0000,0.0000,0.0000
2424001,55.0473,62.3345,37.6636,0.03500,-0.02688,-0.00811,1.27094,0.22218,0.1816,0.3,12.0000,0.0000,0.0000,0.0000
2424501,55.0473,62.3345,37.6636,0.03474,-0.02668,-0.00806,1.27106,0.22053,0.1816,0.3,12.0000,0.0000,0.0000,0.0000
2425001,55.0473,62.3345,37.6636,0.03448,-0.02648,-0.00800,1.27118,0.21890,0.1816,0.3,12.0000,0.0000,0.0000,0.0000
2425501,55.0473,62.3345,37.6636,0.03423,-0.02628,-0.00795,1.27130,0.21728,0.1816,0.3,12.0000,0.0000,0.0000,0.0000
2426001,55.0473,62.3345,37.6636,0.03398,-0.02609,-0.00789,1.27142,0.21567,0.1816,0.3,12.0000,0.0000,0.0000,0.0000
2426501,55.0473,62.3345,37.6636,0.03373,-0.02589,-0.00784,1.27154,0.21408,0.1816,0.3,12.0000,0.0000,0.0000,0.0000
2427001,55.0473,62.3345,37.6636,0.03348,-0.02570,-0.00778,1.27166,0.21249,0.1817,0.3,12.0000,0.0000,0.0000,0.0000
2427501,55.0473,62.3345,37.6636,0.03323,-0.02550,-0.00773,1.27178,0.21092,0.1817,0.3,12.0000,0.0000,0.0000,0.0000
2428001,55.0473,62.3345,37.6636,0.03299,-0.02531,-0.00768,1.27190,0.20936,0.1817,0.3,12.0000,0.0000,0.0000,0.0000
2428501,55.0473,62.3345,37.6636,0.03275,-0.02512,-0.00762,1.27202,0.20781,0.1817,0.3,12.0000,0.0000,0.0000,0.0000
2429001,55.0473,62.3345,37.6636,0.03250,-0.02493,-0.00757,1.27214,0.20628,0.1817,0.3,12.0000,0.0000,0.0000,0.0000
2429501,55.0473,62.3345,37.6636,0.03227,-0.02474,-0.00752,1.27225,0.20475,0.1818,0.3,12.0000,0.0000,0.0000,0.0000
2430001,55.0473,62.3345,37.6636,0.03203,-0.02456,-0.00747,1.27237,0.20323,0.1818,0.3,12.0000,0.0000,0.0000,0.0000
2430501,55.0473,62.3345,37.6636,0.03179,-0.02437,-0.00742,1.27249,0.20173,0.1818,0.3,12.0000,0.0000,0.0000,0.0000
2431001,55.0473,62.3345,37.6636,0.03156,-0.02419,-0.00737,1.27261,0.20024,0.1818,0.3,12.0000,0.0000,0.0000,0.0000
2431501,55.0473,62.3345,37.6636,0.03133,-0.02401,-0.00732,1.27273,0.19876,0.1818,0.3,12.0000,0.0000,0.0000,0.0000
2432001,55.0473,62.3345,37.6636,0.03110,-0.02383,-0.00727,1.27285,0.19729,0.1818,0.3,12.0000,0.0000,0.0000,0.0000
2432501,55.0473,62.3345,37.6636,0.03087,-0.02365,-0.00722,1.27297,0.19583,0.1819,0.3,12.0000,0.0000,0.0000,0.0000
2433001,55.0473,62.3345,37.6636,0.03064,-0.02347,-0.00717,1.27309,0.19438,0.1819,0.3,12.0000,0.0000,0.0000,0.0000
2433501,55.0473,62.3345,37.6636,0.03041,-0.02330,-0.00712,1.27321,0.19294,0.1819,0.3,12.0000,0.0000,0.0000,0.0000
2434001,55.0473,62.3345,37.6636,0.03019,-0.02312,-0.00707,1.27333,0.19151,0.1819,0.3,12.0000,0.0000,0.0000,0.0000
2434501,55.0473,62.3345,37.6636,0.02997,-0.02295,-0.00702,1.27345,0.19010,0.1819,0.3,12.0000,0.0000,0.0000,0.0000
2435001,55.0473,62.3345,37.6636,0.02975,-0.02278,-0.00697,1.27357,0.18869,0.1819,0.3,12.0000,0.0000,0.0000,0.0000
2435501,55.0473,62.3345,37.6636,0.02953,-0.02260,-0.00692,1.27369,0.18729,0.1820,0.3,12.0000,0.0000,0.0000,0.0000
2436001,55.0473,62.3345,37.6636,0.02931,-0.02243,-0.00688,1.27380,0.18591,0.1820,0.3,12.0000,0.0000,0.0000,0.0000
2436501,55.0473,62.3345,37.6636,0.02909,-0.02227,-0.00683,1.27392,0.18453,0.1820,0.3,12.0000,0.0000,0.0000,0.0000
2437001,55.0473,62.3345,37.6636,0.02888,-0.02210,-0.00678,1.27404,0.18317,0.1820,0.2,12.0000,0.0000,0.0000,0.0000
2437501,55.0473,62.3345,37.6636,0.02867,-0.02193,-0.00673,1.27416,0.18181,0.1820,0.2,12.0000,0.0000,0.0000,0.0000
2438001,55.0473,62.3345,37.6636,0.02846,-0.02177,-0.00669,1.27428,0.18047,0.1820,0.2,12.0000,0.0000,0.0000,0.0000
2438501,55.0473,62.3345,37.6636,0.02825,-0.02160,-0.00664,1.27440,0.17913,0.1821,0.2,12.0000,0.0000,0.0000,0.0000
2439001,55.0473,62.3345,37.6636,0.02804,-0.02144,-0.00660,1.27447,0.17781,0.1821,0.2,12.0000,0.0000,0.0000,0.0000
2439501,55.0473,62.3345,37.6636,0.02783,-0.02128,-0.00655,1.27453,0.17649,0.1821,0.2,12.0000,0.0000,0.0000,0.0000
2440001,55.0473,62.3345,37.6636,0.02763,-0.02112,-0.00650,1.27459,0.17519,0.1821,0.2,12.0000,0.0000,0.0000,0.0000
2440501,55.0473,62.3345,37.6636,0.02742,-0.02097,-0.00646,1.27465,0.17389,0.1821,0.2,12.0000,0.0000,0.0000,0.0000
2441001,55.0473,62.3345,37.6636,0.02722,-0.02081,-0.00641,1.27471,0.17260,0.1821,0.2,12.0000,0.0000,0.0000,0.0000
2441501,55.0473,62.3345,37.6636,0.02702,-0.02066,-0.00636,1.27477,0.17133,0.1821,0.2,12.0000,0.0000,0.0000,0.0000
2442001,55.0473,62.3345,37.6636,0.02682,-0.02050,-0.00632,1.27483,0.17006,0.1821,0.2,12.0000,0.0000,0.0000,0.0000
2442501,55.0473,62.3345,37.6636,0.02662,-0.02035,-0.00627,1.27489,0.16880,0.1821,0.2,12.0000,0.0000,0.0000,0.0000
2443001,55.0473,62.3345,37.6636,0.02643,-0.02020,-0.00623,1.27495,0.16755,0.1821,0.2,12.0000,0.0000,0.0000,0.0000
2443501,55.0473,62.3345,37.6636,0.02623,-0.02005,-0.00618,1.27501,0.16631,0.1821,0.2,12.0000,0.0000,0.0000,0.0000
2444001,55.0473,62.3345,37.6636,0.02604,-0.01990,-0.00614,1.27507,0.16508,0.1822,0.2,12.0000,0.0000,0.0000,0.0000
2444501,55.0473,62.3345,37.6636,0.02585,-0.01975,-0.00610,1.27513,0.16386,0.1822,0.2,12.0000,0.0000,0.0000,0.0000
2445001,55.0473,62.3345,37.6636,0.02565,-0.01960,-0.00605,1.27519,0.16265,0.1822,0.2,12.0000,0.0000,0.0000,0.0000
2445501,55.0473,62.3345,37.6636,0.02547,-0.01946,-0.00601,1.27525,0.16145,0.1822,0.2,12.0000,0.0000,0.0000,0.0000
2446001,55.0473,62.3345,37.6636,0.02528,-0.01931,-0.00597,1.27531,0.16025,0.1822,0.2,12.0000,0.0000,0.0000,0.0000
2446501,55.0473,62.3345,37.6636,0.02509,-0.01917,-0.00592,1.27537,0.15906,0.1822,0.2,12.0000,0.0000,0.0000,0.0000
2447001,55.0473,62.3345,37.6636,0.02491,-0.01902,-0.00588,1.27543,0.15789,0.1822,0.2,12.0000,0.0000,0.0000,0.0000
2447501,55.0473,62.3345,37.6636,0.02472,-0.01888,-0.00584,1.27549,0.15672,0.1822,0.2,12.0000,0.0000,0.0000,0.0000
2448001,55.0473,62.3345,37.6636,0.02454,-0.01874,-0.00580,1.27555,0.15556,0.1822,0.2,12.0000,0.0000,0.0000,0.0000
2448501,55.0473,62.3345,37.6636,0.02436,-0.01860,-0.00576,1.27561,0.15441,0.1822,0.2,12.0000,0.0000,0.0000,0.0000
2449001,55.0473,62.3345,37.6636,0.02418,-0.01846,-0.00572,1.27567,0.15327,0.1822,0.2,12.0000,0.0000,0.0000,0.0000
2449501,55.0473,62.3345,37.6636,0.02400,-0.01832,-0.00568,1.27573,0.15213,0.1822,0.2,12.0000,0.0000,0.0000,0.0000
2450001,55.0473,62.3345,37.6636,0.02382,-0.01819,-0.00563,1.27579,0.15101,0.1823,0.2,12.0000,0.0000,0.0000,0.0000
2450501,55.0473,62.3345,37.6636,0.02365,-0.01805,-0.00559,1.27585,0.14989,0.1823,0.2,12.0000,0.0000,0.0000,0.0000
2451001,55.0473,62.3345,37.6636,0.02347,-0.01792,-0.00555,1.27590,0.14878,0.1823,0.2,12.0000,0.0000,0.0000,0.0000
2451501,55.0473,62.3345,37.6636,0.02330,-0.01778,-0.00552,1.27596,0.14768,0.1823,0.2,12.0000,0.0000,0.0000,0.0000
2452001,55.0473,62.3345,37.6636,0.02313,-0.01765,-0.00548,1.27602,0.14659,0.1823,0.2,12.0000,0.0000,0.0000,0.0000
2452501,55.0473,62.3345,37.6636,0.02296,-0.01752,-0.00544,1.27608,0.14550,0.1823,0.2,12.0000,0.0000,0.0000,0.0000
2453001,55.0473,62.3345,37.6636,0.02279,-0.01739,-0.00540,1.27614,0.14443,0.1823,0.2,12.0000,0.0000,0.0000,0.0000
2453501,55.0473,62.3345,37.6636,0.02262,-0.01726,-0.00536,1.27620,0.14336,0.1823,0.2,12.0000,0.0000,0.0000,0.0000
2454001,55.0473,62.3345,37.6636,0.02245,-0.01713,-0.00532,1.27626,0.14230,0.1823,0.2,12.0000,0.0000,0.0000,0.0000
2454501,55.0473,62.3345,37.6636,0.02229,-0.01700,-0.00528,1.27632,0.14125,0.1823,0.2,12.0000,0.0000,0.0000,0.0000
2455001,55.0473,62.3345,37.6636,0.02212,-0.01688,-0.00525,1.27638,0.14020,0.1823,0.2,12.0000,0.0000,0.0000,0.0000
2455501,55.0473,62.3345,37.6636,0.02196,-0.01675,-0.00521,1.27644,0.13916,0.1823,0.2,12.0000,0.0000,0.0000,0.0000
2456001,55.0473,62.3345,37.6636,0.02180,-0.01663,-0.00517,1.27650,0.13813,0.1824,0.2,12.0000,0.0000,0.0000,0.0000
2456501,55.0473,62.3345,37.6636,0.02164,-0.01650,-0.00513,1.27656,0.13711,0.1824,0.2,12.0000,0.0000,0.0000,0.0000
2457001,55.0473,62.3345,37.6636,0.02148,-0.01638,-0.00510,1.27662,0.13610,0.1824,0.2,12.0000,0.0000,0.0000,0.0000
2457501,55.0473,62.3345,37.6636,0.02132,-0.01626,-0.00506,1.27668,0.13509,0.1824,0.2,12.0000,0.0000,0.0000,0.0000
2458001,55.0473,62.3345,37.6636,0.02116,-0.01614,-0.00502,1.27674,0.13409,0.1824,0.2,12.0000,0.0000,0.0000,0.0000
2458501,55.0473,62.3345,37.6636,0.02100,-0.01602,-0.00499,1.27680,0.13310,0.1824,0.2,12.0000,0.0000,0.0000,0.0000
2459001,55.0473,62.3345,37.6636,0.02085,-0.01590,-0.00495,1.27686,0.13211,0.1824,0.2,12.0000,0.0000,0.0000,0.0000
2459501,55.0473,62.3345,37.6636,0.02070,-0.01578,-0.00492,1.27692,0.13114,0.1824,0.2,12.0000,0.0000,0.0000,0.0000
2460001,55.0473,62.3345,37.6636,0.02054,-0.01566,-0.00488,1.27698,0.13017,0.1824,0.2,12.0000,0.0000,0.0000,0.0000
2460501,55.0473,62.3345,37.6636,0.02039,-0.01554,-0.00485,1.27704,0.12920,0.1824,0.2,12.0000,0.0000,0.0000,0.0000
2461001,55.0473,62.3345,37.6636,0.02024,-0.01543,-0.00481,1.27710,0.12825,0.1824,0.2,12.0000,0.0000,0.0000,0.0000
2461501,55.0473,62.3345,37.6636,0.02009,-0.01531,-0.00478,1.27716,0.12730,0.1825,0.2,12.0000,0.0000,0.0000,0.0000
2462001,55.0473,62.3345,37.6636,0.01994,-0.01520,-0.00475,1.27722,0.12636,0.1825,0.2,12.0000,0.0000,0.0000,0.0000
2462501,55.0473,62.3345,37.6636,0.01980,-0.01508,-0.00471,1.27728,0.12542,0.1825,0.2,12.0000,0.0000,0.0000,0.0000
2463001,55.0473,62.3345,37.6636,0.01965,-0.01497,-0.00468,1.27734,0.12449,0.1825,0.2,12.0000,0.0000,0.0000,0.0000
2463501,55.0473,62.3345,37.6636,0.01950,-0.01486,-0.00464,1.27740,0.12357,0.1825,0.2,12.0000,0.0000,0.0000,0.0000
2464001,55.0473,62.3345,37.6636,0.01936,-0.01475,-0.00461,1.27745,0.12266,0.1825,0.2,12.0000,0.0000,0.0000,0.0000
2464501,55.0473,62.3345,37.6636,0.01922,-0.01464,-0.00458,1.27751,0.12175,0.1825,0.2,12.0000,0.0000,0.0000,0.0000
2465001,55.0473,62.3345,37.6636,0.01908,-0.01453,-0.00455,1.27757,0.12085,0.1825,0.2,12.0000,0.0000,0.0000,0.0000
2465501,55.0473,62.3345,37.6636,0.01894,-0.01442,-0.00451,1.27763,0.11996,0.1825,0.2,12.0000,0.0000,0.0000,0.0000
2466001,55.0473,62.3345,37.6636,0.01880,-0.01431,-0.00448,1.27769,0.11907,0.1825,0.2,12.0000,0.0000,0.0000,0.0000
2466501,55.0473,62.3345,37.6636,0.01866,-0.01421,-0.00445,1.27775,0.11819,0.1825,0.2,12.0000,0.0000,0.0000,0.0000
2467001,55.0473,62.3345,37.6636,0.01852,-0.01410,-0.00442,1.27781,0.11731,0.1825,0.2,12.0000,0.0000,0.0000,0.0000
2467501,55.0473,62.3345,37.6636,0.01838,-0.01400,-0.00439,1.27787,0.11645,0.1826,0.2,12.0000,0.0000,0.0000,0.0000
2468001,55.0473,62.3345,37.6636,0.01825,-0.01389,-0.00435,1.27793,0.11559,0.1826,0.2,12.0000,0.0000,0.0000,0.0000
2468501,55.0473,62.3345,37.6636,0.01811,-0.01379,-0.00432,1.27799,0.11473,0.1826,0.2,12.0000,0.0000,0.0000,0.0000
2469001,55.0473,62.3345,37.6636,0.01798,-0.01369,-0.00429,1.27805,0.11388,0.1826,0.2,12.0000,0.0000,0.0000,0.0000
2469501,55.0473,62.3345,37.6636,0.01785,-0.01358,-0.00426,1.27811,0.11304,0.1826,0.2,12.0000,0.0000,0.0000,0.0000
2470001,55.0473,62.3345,37.6636,0.01771,-0.01348,-0.00423,1.27817,0.11220,0.1826,0.2,12.0000,0.0000,0.0000,0.0000
2470501,55.0473,62.3345,37.6636,0.01758,-0.01338,-0.00420,1.27823,0.11137,0.1826,0.2,12.0000,0.0000,0.0000,0.0000
2471001,55.0473,62.3345,37.6636,0.01745,-0.01328,-0.00417,1.27829,0.11055,0.1826,0.2,12.0000,0.0000,0.0000,0.0000
2471501,55.0473,62.3345,37.6636,0.01732,-0.01318,-0.00414,1.27835,0.10973,0.1826,0.1,12.0000,0.0000,0.0000,0.0000
2472001,55.0473,62.3345,37.6636,0.01720,-0.01309,-0.00411,1.27841,0.10892,0.1826,0.1,12.0000,0.0000,0.0000,0.0000
2472501,55.0473,62.3345,37.6636,0.01707,-0.01299,-0.00408,1.27847,0.10811,0.1826,0.1,12.0000,0.0000,0.0000,0.0000
2473001,55.0473,62.3345,37.6636,0.01694,-0.01289,-0.00405,1.27853,0.10731,0.1826,0.1,12.0000,0.0000,0.0000,0.0000
2473501,55.0473,62.3345,37.6636,0.01682,-0.01279,-0.00402,1.27859,0.10652,0.1827,0.1,12.0000,0.0000,0.0000,0.0000
2474001,55.0473,62.3345,37.6636,0.01670,-0.01270,-0.00400,1.27865,0.10573,0.1827,0.1,12.0000,0.0000,0.0000,0.0000
2474501,55.0473,62.3345,37.6636,0.01657,-0.01260,-0.00397,1.27871,0.10495,0.1827,0.1,12.0000,0.0000,0.0000,0.0000
2475001,55.0473,62.3345,37.6636,0.01645,-0.01251,-0.00394,1.27877,0.10417,0.1827,0.1,12.0000,0.0000,0.0000,0.0000
2475501,55.0473,62.3345,37.6636,0.01633,-0.01242,-0.00391,1.27883,0.10340,0.1827,0.1,12.0000,0.0000,0.0000,0.0000
2476001,55.0473,62.3345,37.6636,0.01621,-0.01232,-0.00388,1.27889,0.10264,0.1827,0.1,12.0000,0.0000,0.0000,0.0000
2476501,55.0473,62.3345,37.6636,0.01609,-0.01223,-0.00385,1.27894,0.10188,0.1827,0.1,12.0000,0.0000,0.0000,0.0000
2477001,55.0473,62.3345,37.6636,0.01597,-0.01214,-0.00383,1.27900,0.10112,0.1827,0.1,12.0000,0.0000,0.0000,0.0000
2477501,55.0473,62.3345,37.6636,0.01585,-0.01205,-0.00380,1.27906,0.10038,0.1827,0.1,12.0000,0.0000,0.0000,0.0000
2478001,55.0473,62.3345,37.6636,0.01573,-0.01196,-0.00377,1.27912,0.09963,0.1827,0.1,12.0000,0.0000,0.0000,0.0000
2478501,55.0473,62.3345,37.6636,0.01562,-0.01187,-0.00375,1.27918,0.09890,0.1827,0.1,12.0000,0.0000,0.0000,0.0000
2479001,55.0473,62.3345,37.6636,0.01550,-0.01178,-0.00372,1.27924,0.09816,0.1827,0.1,12.0000,0.0000,0.0000,0.0000
2479501,55.0473,62.3345,37.6636,0.01539,-0.01170,-0.00369,1.27930,0.09744,0.1828,0.1,12.0000,0.0000,0.0000,0.0000
2480001,55.0473,62.3345,37.6636,0.01528,-0.01161,-0.00367,1.27936,0.09672,0.1828,0.1,12.0000,0.0000,0.0000,0.0000
2480501,55.0473,62.3345,37.6636,0.01516,-0.01152,-0.00364,1.27942,0.09600,0.1828,0.1,12.0000,0.0000,0.0000,0.0000
2481001,55.0473,62.3345,37.6636,0.01505,-0.01144,-0.00361,1.27948,0.09529,0.1828,0.1,12.0000,0.0000,0.0000,0.0000
2481501,55.0473,62.3345,37.6636,0.01494,-0.01135,-0.00359,1.27954,0.09459,0.1828,0.1,12.0000,0.0000,0.0000,0.0000
2482001,55.0473,62.3345,37.6636,0.01483,-0.01127,-0.00356,1.27960,0.09389,0.1828,0.1,12.0000,0.0000,0.0000,0.0000
2482501,55.0473,62.3345,37.6636,0.01472,-0.01118,-0.00354,1.27966,0.09319,0.1828,0.1,12.0000,0.0000,0.0000,0.0000
2483001,55.0473,62.3345,37.6636,0.01461,-0.01110,-0.00351,1.27972,0.09250,0.1828,0.1,12.0000,0.0000,0.0000,0.0000
2483501,55.0473,62.3345,37.6636,0.01450,-0.01102,-0.00349,1.27978,0.09182,0.1828,0.1,12.0000,0.0000,0.0000,0.0000
2484001,55.0473,62.3345,37.6636,0.01440,-0.01093,-0.00346,1.27984,0.09114,0.1828,0.1,12.0000,0.0000,0.0000,0.0000
2484501,55.0473,62.3345,37.6636,0.01429,-0.01085,-0.00344,1.27990,0.09046,0.1828,0.1,12.0000,0.0000,0.0000,0.0000
2485001,55.0473,62.3345,37.6636,0.01418,-0.01077,-0.00341,1.27996,0.08980,0.1829,0.1,12.0000,0.0000,0.0000,0.0000
2485501,55.0473,62.3345,37.6636,0.01408,-0.01069,-0.00339,1.28002,0.08913,0.1829,0.1,12.0000,0.0000,0.0000,0.0000
2486001,55.0473,62.3345,37.6636,0.01398,-0.01061,-0.00336,1.28008,0.08847,0.1829,0.1,12.0000,0.0000,0.0000,0.0000
2486501,55.0473,62.3345,37.6636,0.01387,-0.01053,-0.00334,1.28014,0.08782,0.1829,0.1,12.0000,0.0000,0.0000,0.0000
2487001,55.0473,62.3345,37.6636,0.01377,-0.01045,-0.00332,1.28020,0.08717,0.1829,0.1,12.0000,0.0000,0.0000,0.0000
2487501,55.0473,62.3345,37.6636,0.01367,-0.01038,-0.00329,1.28026,0.08652,0.1829,0.1,12.0000,0.0000,0.0000,0.0000
2488001,55.0473,62.3345,37.6636,0.01357,-0.01030,-0.00327,1.28032,0.08588,0.1829,0.1,12.0000,0.0000,0.0000,0.0000
2488501,55.0473,62.3345,37.6636,0.01347,-0.01022,-0.00325,1.28038,0.08525,0.1829,0.1,12.0000,0.0000,0.0000,0.0000
2489001,55.0473,62.3345,37.6636,0.01337,-0.01015,-0.00322,1.28043,0.08462,0.1829,0.1,12.0000,0.0000,0.0000,0.0000
2489501,55.0473,62.3345,37.6636,0.01327,-0.01007,-0.00320,1.28049,0.08399,0.1829,0.1,12.0000,0.0000,0.0000,0.0000
2490001,55.0473,62.3345,37.6636,0.01317,-0.01000,-0.00318,1.28055,0.08337,0.1829,0.1,12.0000,0.0000,0.0000,0.0000
2490501,55.0473,62.3345,37.6636,0.01307,-0.00992,-0.00315,1.28061,0.08275,0.1829,0.1,12.0000,0.0000,0.0000,0.0000
2491001,55.0473,62.3345,37.6636,0.01298,-0.00985,-0.00313,1.28067,0.08214,0.1830,0.1,12.0000,0.0000,0.0000,0.0000
2491501,55.0473,62.3345,37.6636,0.01288,-0.00977,-0.00311,1.28073,0.08153,0.1830,0.1,12.0000,0.0000,0.0000,0.0000
2492001,55.0473,62.3345,37.6636,0.01279,-0.00970,-0.00309,1.28079,0.08093,0.1830,0.1,12.0000,0.0000,0.0000,0.0000
2492501,55.0473,62.3345,37.6636,0.01269,-0.00963,-0.00306,1.28085,0.08033,0.1830,0.1,12.0000,0.0000,0.0000,0.0000
2493001,55.0473,62.3345,37.6636,0.01260,-0.00956,-0.00304,1.28091,0.07974,0.1830,0.1,12.0000,0.0000,0.0000,0.0000
2493501,55.0473,62.3345,37.6636,0.01251,-0.00948,-0.00302,1.28097,0.07915,0.1830,0.1,12.0000,0.0000,0.0000,0.0000
2494001,55.0473,62.3345,37.6636,0.01241,-0.00941,-0.00300,1.28103,0.07856,0.1830,0.1,12.0000,0.0000,0.0000,0.0000
2494501,55.0473,62.3345,37.6636,0.01232,-0.00934,-0.00298,1.28109,0.07798,0.1830,0.1,12.0000,0.0000,0.0000,0.0000
2495001,55.0473,62.3345,37.6636,0.01223,-0.00927,-0.00296,1.28115,0.07740,0.1830,0.1,12.0000,0.0000,0.0000,0.0000
2495501,55.0473,62.3345,37.6636,0.01214,-0.00921,-0.00294,1.28121,0.07683,0.1830,0.1,12.0000,0.0000,0.0000,0.0000
2496001,55.0473,62.3345,37.6636,0.01205,-0.00914,-0.00291,1.28127,0.07626,0.1830,0.1,12.0000,0.0000,0.0000,0.0000
2496501,55.0473,62.3345,37.6636,0.01196,-0.00907,-0.00289,1.28133,0.07570,0.1830,0.1,12.0000,0.0000,0.0000,0.0000
2497001,55.0473,62.3345,37.6636,0.01187,-0.00900,-0.00287,1.28139,0.07514,0.1831,0.1,12.0000,0.0000,0.0000,0.0000
2497501,55.0473,62.3345,37.6636,0.01179,-0.00893,-0.00285,1.28145,0.07458,0.1831,0.1,12.0000,0.0000,0.0000,0.0000
2498001,55.0473,62.3345,37.6636,0.01170,-0.00887,-0.00283,1.28151,0.07403,0.1831,0.1,12.0000,0.0000,0.0000,0.0000
2498501,55.0473,62.3345,37.6636,0.01161,-0.00880,-0.00281,1.28157,0.07348,0.1831,0.1,12.0000,0.0000,0.0000,0.0000
2499001,55.0473,62.3345,37.6636,0.01153,-0.00874,-0.00279,1.28163,0.07294,0.1831,0.1,12.0000,0.0000,0.0000,0.0000
2499501,55.0473,62.3345,37.6636,0.01144,-0.00867,-0.00277,1.28169,0.07240,0.1831,0.1,12.0000,0.0000,0.0000,0.0000
2500001,55.0473,62.3345,37.6636,0.01136,-0.00861,-0.00275,1.28175,0.07186,0.1831,0.1,12.0000,0.0000,0.0000,0.0000
2500501,55.0473,62.3345,37.6636,0.01127,-0.00854,-0.00273,1.28181,0.07133,0.1831,0.1,12.0000,0.0000,0.0000,0.0000
2501001,55.0473,62.3345,37.6636,0.01119,-0.00848,-0.00271,1.28187,0.07080,0.1831,0.1,12.0000,0.0000,0.0000,0.0000
2501501,55.0473,62.3345,37.6636,0.01111,-0.00841,-0.00269,1.28192,0.07028,0.1831,0.1,12.0000,0.0000,0.0000,0.0000
2502001,55.0473,62.3345,37.6636,0.01103,-0.00835,-0.00267,1.28198,0.06976,0.1831,0.1,12.0000,0.0000,0.0000,0.0000
2502501,55.0473,62.3345,37.6636,0.01095,-0.00829,-0.00266,1.28204,0.06924,0.1831,0.1,12.0000,0.0000,0.0000,0.0000
2503001,55.0473,62.3345,37.6636,0.01086,-0.00823,-0.00264,1.28210,0.06873,0.1832,0.1,12.0000,0.0000,0.0000,0.0000
2503501,55.0473,62.3345,37.6636,0.01078,-0.00817,-0.00262,1.28216,0.06822,0.1832,0.1,12.0000,0.0000,0.0000,0.0000
2504001,55.0473,62.3345,37.6636,0.01070,-0.00811,-0.00260,1.28222,0.06772,0.1832,0.1,12.0000,0.0000,0.0000,0.0000
2504501,55.0473,62.3345,37.6636,0.01063,-0.00805,-0.00258,1.28228,0.06722,0.1832,0.1,12.0000,0.0000,0.0000,0.0000
2505001,55.0473,62.3345,37.6636,0.01055,-0.00799,-0.00256,1.28234,0.06672,0.1832,0.1,12.0000,0.0000,0.0000,0.0000
2505501,55.0473,62.3345,37.6636,0.01047,-0.00793,-0.00254,1.28240,0.06623,0.1832,0.1,12.0000,0.0000,0.0000,0.0000
2506001,55.0473,62.3345,37.6636,0.01039,-0.00787,-0.00253,1.28246,0.06574,0.1832,0.1,12.0000,0.0000,0.0000,0.0000
2506501,55.0473,62.3345,37.6636,0.01032,-0.00781,-0.00251,1.28252,0.06525,0.1832,0.1,12.0000,0.0000,0.0000,0.0000
2507001,55.0473,62.3345,37.6636,0.01024,-0.00775,-0.00249,1.28258,0.06477,0.1832,0.1,12.0000,0.0000,0.0000,0.0000
2507501,55.0473,62.3345,37.6636,0.01016,-0.00769,-0.00247,1.28264,0.06429,0.1832,0.1,12.0000,0.0000,0.0000,0.0000
2508001,55.0473,62.3345,37.6636,0.01009,-0.00763,-0.00245,1.28270,0.06381,0.1832,0.1,12.0000,0.0000,0.0000,0.0000
2508501,55.0473,62.3345,37.6636,0.01001,-0.00758,-0.00244,1.28276,0.06334,0.1833,0.1,12.0000,0.0000,0.0000,0.0000
2509001,55.0473,62.3345,37.6636,0.00994,-0.00752,-0.00242,1.28282,0.06287,0.1833,0.1,12.0000,0.0000,0.0000,0.0000
2509501,55.0473,62.3345,37.6636,0.00987,-0.00747,-0.00240,1.28288,0.06241,0.1833,0.1,12.0000,0.0000,0.0000,0.0000
2510001,55.0473,62.3345,37.6636,0.00979,-0.00741,-0.00238,1.28294,0.06195,0.1833,0.1,12.0000,0.0000,0.0000,0.0000
2510501,55.0473,62.3345,37.6636,0.00972,-0.00735,-0.00237,1.28300,0.06149,0.1833,0.1,12.0000,0.0000,0.0000,0.0000
2511001,55.0473,62.3345,37.6636,0.00965,-0.00730,-0.00235,1.28306,0.06103,0.1833,0.1,12.0000,0.0000,0.0000,0.0000
2511501,55.0473,62.3345,37.6636,0.00958,-0.00725,-0.00233,1.28312,0.06058,0.1833,0.1,12.0000,0.0000,0.0000,0.0000
2512001,55.0473,62.3345,37.6636,0.00951,-0.00719,-0.00232,1.28318,0.06013,0.1833,0.1,12.0000,0.0000,0.0000,0.0000
2512501,55.0473,62.3345,37.6636,0.00944,-0.00714,-0.00230,1.28324,0.05969,0.1833,0.1,12.0000,0.0000,0.0000,0.0000
2513001,55.0473,62.3345,37.6636,0.00937,-0.00708,-0.00228,1.28325,0.05925,0.1833,0.1,12.0000,0.0000,0.0000,0.0000
2513501,55.0473,62.3345,37.6636,0.00930,-0.00703,-0.00227,1.28325,0.05881,0.1833,0.1,12.0000,0.0000,0.0000,0.0000
2514001,55.0473,62.3345,37.6636,0.00923,-0.00698,-0.00225,1.28325,0.05837,0.1833,0.1,12.0000,0.0000,0.0000,0.0000
2514501,55.0473,62.3345,37.6636,0.00916,-0.00693,-0.00223,1.28325,0.05794,0.1833,0.1,12.0000,0.0000,0.0000,0.0000
2515001,55.0473,62.3345,37.6636,0.00909,-0.00688,-0.00222,1.28325,0.05751,0.1833,0.1,12.0000,0.0000,0.0000,0.0000
2515501,55.0473,62.3345,37.6636,0.00903,-0.00683,-0.00220,1.28325,0.05709,0.1833,0.1,12.0000,0.0000,0.0000,0.0000
2516001,55.0473,62.3345,37.6636,0.00896,-0.00678,-0.00218,1.28325,0.05666,0.1833,0.1,12.0000,0.0000,0.0000,0.0000
2516501,55.0473,62.3345,37.6636,0.00889,-0.00673,-0.00217,1.28325,0.05624,0.1833,0.1,12.0000,0.0000,0.0000,0.0000
2517001,55.0473,62.3345,37.6636,0.00883,-0.00668,-0.00215,1.28325,0.05583,0.1833,0.1,12.0000,0.0000,0.0000,0.0000
2517501,55.0473,62.3345,37.6636,0.00876,-0.00663,-0.00214,1.28325,0.05542,0.1833,0.1,12.0000,0.0000,0.0000,0.0000
2518001,55.0473,62.3345,37.6636,0.00870,-0.00658,-0.00212,1.28325,0.05501,0.1833,0.1,12.0000,0.0000,0.0000,0.0000
2518501,55.0473,62.3345,37.6636,0.00863,-0.00653,-0.00210,1.28325,0.05460,0.1833,0.1,12.0000,0.0000,0.0000,0.0000
2519001,55.0473,62.3345,37.6636,0.00857,-0.00648,-0.00209,1.28325,0.05419,0.1833,0.1,12.0000,0.0000,0.0000,0.0000
2519501,55.0473,62.3345,37.6636,0.00851,-0.00643,-0.00207,1.28325,0.05379,0.1833,0.1,12.0000,0.0000,0.0000,0.0000
2520001,55.0473,62.3345,37.6636,0.00844,-0.00638,-0.00206,1.28325,0.05340,0.1833,0.1,12.0000,0.0000,0.0000,0.0000
2520501,55.0473,62.3345,37.6636,0.00838,-0.00634,-0.00204,1.28325,0.05300,0.1833,0.1,12.0000,0.0000,0.0000,0.0000
2521001,55.0473,62.3345,37.6636,0.00832,-0.00629,-0.00203,1.28325,0.05261,0.1833,0.1,12.0000,0.0000,0.0000,0.0000
2521501,55.0473,62.3345,37.6636,0.00826,-0.00624,-0.00201,1.28325,0.05222,0.1833,0.1,12.0000,0.0000,0.0000,0.0000
2522001,55.0473,62.3345,37.6636,0.00820,-0.00620,-0.00200,1.28325,0.05183,0.1833,0.1,12.0000,0.0000,0.0000,0.0000
2522501,55.0473,62.3345,37.6636,0.00814,-0.00615,-0.00198,1.28325,0.05145,0.1833,0.1,12.0000,0.0000,0.0000,0.0000
2523001,55.0473,62.3345,37.6636,0.00808,-0.00611,-0.00197,1.28325,0.05107,0.1833,0.1,12.0000,0.0000,0.0000,0.0000
2523501,55.0473,62.3345,37.6636,0.00802,-0.00606,-0.00195,1.28325,0.05069,0.1833,0.1,12.0000,0.0000,0.0000,0.0000
2524001,55.0473,62.3345,37.6636,0.00796,-0.00602,-0.00194,1.28325,0.05032,0.1833,0.1,12.0000,0.0000,0.0000,0.0000
2524501,55.0473,62.3345,37.6636,0.00790,-0.00597,-0.00193,1.28325,0.04994,0.1833,0.1,12.0000,0.0000,0.0000,0.0000
2525001,55.0473,62.3345,37.6636,0.00784,-0.00593,-0.00191,1.28325,0.04957,0.1833,0.1,12.0000,0.0000,0.0000,0.0000
2525501,55.0473,62.3345,37.6636,0.00778,-0.00588,-0.00190,1.28325,0.04921,0.1833,0.1,12.0000,0.0000,0.0000,0.0000
2526001,55.0473,62.3345,37.6636,0.00772,-0.00584,-0.00188,1.28325,0.04884,0.1833,0.1,12.0000,0.0000,0.0000,0.0000
2526501,55.0473,62.3345,37.6636,0.00767,-0.00580,-0.00187,1.28325,0.04848,0.1833,0.1,12.0000,0.0000,0.0000,0.0000
2527001,55.0473,62.3345,37.6636,0.00761,-0.00575,-0.00186,1.28325,0.04812,0.1833,0.1,12.0000,0.0000,0.0000,0.0000
2527501,55.0473,62.3345,37.6636,0.00755,-0.00571,-0.00184,1.28325,0.04777,0.1833,0.1,12.0000,0.0000,0.0000,0.0000
2528001,55.0473,62.3345,37.6636,0.00750,-0.00567,-0.00183,1.28325,0.04741,0.1833,0.1,12.0000,0.0000,0.0000,0.0000
2528501,55.0473,62.3345,37.6636,0.00744,-0.00563,-0.00181,1.28325,0.04706,0.1833,0.1,12.0000,0.0000,0.0000,0.0000
2529001,55.0473,62.3345,37.6636,0.00739,-0.00559,-0.00180,1.28325,0.04672,0.1833,0.1,12.0000,0.0000,0.0000,0.0000
2529501,55.0473,62.3345,37.6636,0.00733,-0.00554,-0.00179,1.28325,0.04637,0.1833,0.1,12.0000,0.0000,0.0000,0.0000
2530001,55.0473,62.3345,37.6636,0.00728,-0.00550,-0.00177,1.28325,0.04603,0.1833,0.1,12.0000,0.0000,0.0000,0.0000
2530501,55.0473,62.3345,37.6636,0.00722,-0.00546,-0.00176,1.28325,0.04569,0.1833,0.1,12.0000,0.0000,0.0000,0.0000
2531001,55.0473,62.3345,37.6636,0.00717,-0.00542,-0.00175,1.28325,0.04535,0.1833,0.1,12.0000,0.0000,0.0000,0.0000
2531501,55.0473,62.3345,37.6636,0.00712,-0.00538,-0.00174,1.28325,0.04501,0.1833,0.1,12.0000,0.0000,0.0000,0.0000
2532001,55.0473,62.3345,37.6636,0.00706,-0.00534,-0.00172,1.28325,0.04468,0.1833,0.1,12.0000,0.0000,0.0000,0.0000
2532501,55.0473,62.3345,37.6636,0.00701,-0.00530,-0.00171,1.28325,0.04435,0.1833,0.1,12.0000,0.0000,0.0000,0.0000
2533001,55.0473,62.3345,37.6636,0.00696,-0.00526,-0.00170,1.28325,0.04402,0.1833,0.1,12.0000,0.0000,0.0000,0.0000
2533501,55.0473,62.3345,37.6636,0.00691,-0.00522,-0.00168,1.28325,0.04370,0.1833,0.1,12.0000,0.0000,0.0000,0.0000
2534001,55.0473,62.3345,37.6636,0.00686,-0.00519,-0.00167,1.28325,0.04337,0.1833,0.1,12.0000,0.0000,0.0000,0.0000
2534501,55.0473,62.3345,37.6636,0.00681,-0.00515,-0.00166,1.28325,0.04305,0.1833,0.1,12.0000,0.0000,0.0000,0.0000
2535001,55.0473,62.3345,37.6636,0.00676,-0.00511,-0.00165,1.28325,0.04273,0.1833,0.1,12.0000,0.0000,0.0000,0.0000
2535501,55.0473,62.3345,37.6636,0.00671,-0.00507,-0.00164,1.28325,0.04242,0.1833,0.1,12.0000,0.0000,0.0000,0.0000
2536001,55.0473,62.3345,37.6636,0.00666,-0.00503,-0.00162,1.28325,0.04210,0.1833,0.1,12.0000,0.0000,0.0000,0.0000
2536501,55.0473,62.3345,37.6636,0.00661,-0.00500,-0.00161,1.28325,0.04179,0.1833,0.1,12.0000,0.0000,0.0000,0.0000
2537001,55.0473,62.3345,37.6636,0.00656,-0.00496,-0.00160,1.28325,0.04148,0.1833,0.1,12.0000,0.0000,0.0000,0.0000
2537501,55.0473,62.3345,37.6636,0.00651,-0.00492,-0.00159,1.28325,0.04118,0.1833,0.1,12.0000,0.0000,0.0000,0.0000
2538001,55.0473,62.3345,37.6636,0.00646,-0.00489,-0.00158,1.28325,0.04087,0.1833,0.1,12.0000,0.0000,0.0000,0.0000
2538501,55.0473,62.3345,37.6636,0.00641,-0.00485,-0.00156,1.28325,0.04057,0.1833,0.1,12.0000,0.0000,0.0000,0.0000
2539001,55.0473,62.3345,37.6636,0.00637,-0.00481,-0.00155,1.28325,0.04027,0.1833,0.1,12.0000,0.0000,0.0000,0.0000
2539501,55.0473,62.3345,37.6636,0.00632,-0.00478,-0.00154,1.28325,0.03997,0.1833,0.1,12.0000,0.0000,0.0000,0.0000
2540001,55.0473,62.3345,37.6636,0.00627,-0.00474,-0.00153,1.28325,0.03967,0.1833,0.1,12.0000,0.0000,0.0000,0.0000
2540501,55.0473,62.3345,37.6636,0.00623,-0.00471,-0.00152,1.28325,0.03938,0.1833,0.1,12.0000,0.0000,0.0000,0.0000
2541001,55.0473,62.3345,37.6636,0.00618,-0.00467,-0.00151,1.28325,0.03909,0.1833,0.1,12.0000,0.0000,0.0000,0.0000
2541501,55.0473,62.3345,37.6636,0.00614,-0.00464,-0.00150,1.28325,0.03880,0.1833,0.1,12.0000,0.0000,0.0000,0.0000
2542001,55.0473,62.3345,37.6636,0.00609,-0.00461,-0.00148,1.28325,0.03851,0.1833,0.1,12.0000,0.0000,0.0000,0.0000
2542501,55.0473,62.3345,37.6636,0.00604,-0.00457,-0.00147,1.28325,0.03823,0.1833,0.1,12.0000,0.0000,0.0000,0.0000
2543001,55.0473,62.3345,37.6636,0.00600,-0.00454,-0.00146,1.28325,0.03795,0.1833,0.1,12.0000,0.0000,0.0000,0.0000
2543501,55.0473,62.3345,37.6636,0.00596,-0.00450,-0.00145,1.28325,0.03766,0.1833,0.1,12.0000,0.0000,0.0000,0.0000
2544001,55.0473,62.3345,37.6636,0.00591,-0.00447,-0.00144,1.28325,0.03739,0.1833,0.1,12.0000,0.0000,0.0000,0.0000
2544501,55.0473,62.3345,37.6636,0.00587,-0.00444,-0.00143,1.28325,0.03711,0.1833,0.1,12.0000,0.0000,0.0000,0.0000
2545001,55.0473,62.3345,37.6636,0.00582,-0.00440,-0.00142,1.28325,0.03684,0.1833,0.1,12.0000,0.0000,0.0000,0.0000
2545501,55.0473,62.3345,37.6636,0.00578,-0.00437,-0.00141,1.28325,0.03656,0.1833,0.0,12.0000,0.0000,0.0000,0.0000
2546001,55.0473,62.3345,37.6636,0.00574,-0.00434,-0.00140,1.28325,0.03629,0.1833,0.0,12.0000,0.0000,0.0000,0.0000
2546501,55.0473,62.3345,37.6636,0.00570,-0.00431,-0.00139,1.28325,0.03602,0.1833,0.0,12.0000,0.0000,0.0000,0.0000
2547001,55.0473,62.3345,37.6636,0.00565,-0.00428,-0.00138,1.28325,0.03576,0.1833,0.0,12.0000,0.0000,0.0000,0.0000
2547501,55.0473,62.3345,37.6636,0.00561,-0.00424,-0.00137,1.28325,0.03549,0.1833,0.0,12.0000,0.0000,0.0000,0.0000
2548001,55.0473,62.3345,37.6636,0.00557,-0.00421,-0.00136,1.28325,0.03523,0.1833,0.0,12.0000,0.0000,0.0000,0.0000
2548501,55.0473,62.3345,37.6636,0.00553,-0.00418,-0.00135,1.28325,0.03497,0.1833,0.0,12.0000,0.0000,0.0000,0.0000
2549001,55.0473,62.3345,37.6636,0.00549,-0.00415,-0.00134,1.28325,0.03471,0.1833,0.0,12.0000,0.0000,0.0000,0.0000
2549501,55.0473,62.3345,37.6636,0.00545,-0.00412,-0.00133,1.28325,0.03445,0.1833,0.0,12.0000,0.0000,0.0000,0.0000
2550001,55.0473,62.3345,37.6636,0.00541,-0.00409,-0.00132,1.28325,0.03420,0.1833,0.0,12.0000,0.0000,0.0000,0.0000
2550501,55.0473,62.3345,37.6636,0.00537,-0.00406,-0.00131,1.28325,0.03395,0.1833,0.0,12.0000,0.0000,0.0000,0.0000
2551001,55.0473,62.3345,37.6636,0.00533,-0.00403,-0.00130,1.28325,0.03369,0.1833,0.0,12.0000,0.0000,0.0000,0.0000
2551501,55.0473,62.3345,37.6636,0.00529,-0.00400,-0.00129,1.28325,0.03345,0.1833,0.0,12.0000,0.0000,0.0000,0.0000
2552001,55.0473,62.3345,37.6636,0.00525,-0.00397,-0.00128,1.28325,0.03320,0.1833,0.0,12.0000,0.0000,0.0000,0.0000
2552501,55.0473,62.3345,37.6636,0.00521,-0.00394,-0.00127,1.28325,0.03295,0.1833,0.0,12.0000,0.0000,0.0000,0.0000
2553001,55.0473,62.3345,37.6636,0.00517,-0.00391,-0.00126,1.28325,0.03271,0.1833,0.0,12.0000,0.0000,0.0000,0.0000
2553501,55.0473,62.3345,37.6636,0.00513,-0.00388,-0.00125,1.28325,0.03247,0.1833,0.0,12.0000,0.0000,0.0000,0.0000
2554001,55.0473,62.3345,37.6636,0.00510,-0.00385,-0.00124,1.28325,0.03223,0.1833,0.0,12.0000,0.0000,0.0000,0.0000
2554501,55.0473,62.3345,37.6636,0.00506,-0.00382,-0.00123,1.28325,0.03199,0.1833,0.0,12.0000,0.0000,0.0000,0.0000
2555001,55.0473,62.3345,37.6636,0.00502,-0.00380,-0.00122,1.28325,0.03175,0.1833,0.0,12.0000,0.0000,0.0000,0.0000
2555501,55.0473,62.3345,37.6636,0.00498,-0.00377,-0.00122,1.28325,0.03152,0.1833,0.0,12.0000,0.0000,0.0000,0.0000
2556001,55.0473,62.3345,37.6636,0.00495,-0.00374,-0.00121,1.28325,0.03128,0.1833,0.0,12.0000,0.0000,0.0000,0.0000
2556501,55.0473,62.3345,37.6636,0.00491,-0.00371,-0.00120,1.28325,0.03105,0.1833,0.0,12.0000,0.0000,0.0000,0.0000
2557001,55.0473,62.3345,37.6636,0.00487,-0.00369,-0.00119,1.28325,0.03082,0.1833,0.0,12.0000,0.0000,0.0000,0.0000
2557501,55.0473,62.3345,37.6636,0.00484,-0.00366,-0.00118,1.28325,0.03059,0.1833,0.0,12.0000,0.0000,0.0000,0.0000
2558001,55.0473,62.3345,37.6636,0.00480,-0.00363,-0.00117,1.28325,0.03037,0.1833,0.0,12.0000,0.0000,0.0000,0.0000
2558501,55.0473,62.3345,37.6636,0.00477,-0.00360,-0.00116,1.28325,0.03014,0.1833,0.0,12.0000,0.0000,0.0000,0.0000
2559001,55.0473,62.3345,37.6636,0.00473,-0.00358,-0.00115,1.28325,0.02992,0.1833,0.0,12.0000,0.0000,0.0000,0.0000
2559501,55.0473,62.3345,37.6636,0.00470,-0.00355,-0.00114,1.28325,0.02970,0.1833,0.0,12.0000,0.0000,0.0000,0.0000
2560001,55.0473,62.3345,37.6636,0.00466,-0.00352,-0.00114,1.28325,0.02948,0.1833,0.0,12.0000,0.0000,0.0000,0.0000
2560501,55.0473,62.3345,37.6636,0.00463,-0.00350,-0.00113,1.28325,0.02926,0.1833,0.0,12.0000,0.0000,0.0000,0.0000
2561001,55.0473,62.3345,37.6636,0.00459,-0.00347,-0.00112,1.28325,0.02904,0.1833,0.0,12.0000,0.0000,0.0000,0.0000
2561501,55.0473,62.3345,37.6636,0.00456,-0.00345,-0.00111,1.28325,0.02883,0.1833,0.0,12.0000,0.0000,0.0000,0.0000
2562001,55.0473,62.3345,37.6636,0.00452,-0.00342,-0.00110,1.28325,0.02862,0.1833,0.0,12.0000,0.0000,0.0000,0.0000
2562501,55.0473,62.3345,37.6636,0.00449,-0.00340,-0.00110,1.28325,0.02840,0.1833,0.0,12.0000,0.0000,0.0000,0.0000
2563001,55.0473,62.3345,37.6636,0.00446,-0.00337,-0.00109,1.28325,0.02819,0.1833,0.0,12.0000,0.0000,0.0000,0.0000
2563501,55.0473,62.3345,37.6636,0.00443,-0.00335,-0.00108,1.28325,0.02799,0.1833,0.0,12.0000,0.0000,0.0000,0.0000
2564001,55.0473,62.3345,37.6636,0.00439,-0.00332,-0.00107,1.28325,0.02778,0.1833,0.0,12.0000,0.0000,0.0000,0.0000
2564501,55.0473,62.3345,37.6636,0.00436,-0.00330,-0.00106,1.28325,0.02757,0.1833,0.0,12.0000,0.0000,0.0000,0.0000
2565001,55.0473,62.3345,37.6636,0.00433,-0.00327,-0.00106,1.28325,0.02737,0.1833,0.0,12.0000,0.0000,0.0000,0.0000
2565501,55.0473,62.3345,37.6636,0.00430,-0.00325,-0.00105,1.28325,0.02717,0.1833,0.0,12.0000,0.0000,0.0000,0.0000
2566001,55.0473,62.3345,37.6636,0.00426,-0.00322,-0.00104,1.28325,0.02697,0.1833,0.0,12.0000,0.0000,0.0000,0.0000
2566501,55.0473,62.3345,37.6636,0.00423,-0.00320,-0.00103,1.28325,0.02677,0.1833,0.0,12.0000,0.0000,0.0000,0.0000
2567001,55.0473,62.3345,37.6636,0.00420,-0.00318,-0.00102,1.28325,0.02657,0.1833,0.0,12.0000,0.0000,0.0000,0.0000
2567501,55.0473,62.3345,37.6636,0.00417,-0.00315,-0.00102,1.28325,0.02637,0.1833,0.0,12.0000,0.0000,0.0000,0.0000
2568001,55.0473,62.3345,37.6636,0.00414,-0.00313,-0.00101,1.28325,0.02618,0.1833,0.0,12.0000,0.0000,0.0000,0.0000
2568501,55.0473,62.3345,37.6636,0.00411,-0.00311,-0.00100,1.28325,0.02598,0.1833,0.0,12.0000,0.0000,0.0000,0.0000
2569001,55.0473,62.3345,37.6636,0.00408,-0.00308,-0.00099,1.28325,0.02579,0.1833,0.0,12.0000,0.0000,0.0000,0.0000
2569501,55.0473,62.3345,37.6636,0.00405,-0.00306,-0.00099,1.28325,0.02560,0.1833,0.0,12.0000,0.0000,0.0000,0.0000
2570001,55.0473,62.3345,37.6636,0.00402,-0.00304,-0.00098,1.28325,0.02541,0.1833,0.0,12.0000,0.0000,0.0000,0.0000
2570501,55.0473,62.3345,37.6636,0.00399,-0.00302,-0.00097,1.28325,0.02522,0.1833,0.0,12.0000,0.0000,0.0000,0.0000
2571001,55.0473,62.3345,37.6636,0.00396,-0.00299,-0.00097,1.28325,0.02504,0.1833,0.0,12.0000,0.0000,0.0000,0.0000
2571501,55.0473,62.3345,37.6636,0.00393,-0.00297,-0.00096,1.28325,0.02485,0.1833,0.0,12.0000,0.0000,0.0000,0.0000
2572001,55.0473,62.3345,37.6636,0.00390,-0.00295,-0.00095,1.28325,0.02467,0.1833,0.0,12.0000,0.0000,0.0000,0.0000
2572501,55.0473,62.3345,37.6636,0.00387,-0.00293,-0.00094,1.28325,0.02448,0.1833,0.0,12.0000,0.0000,0.0000,0.0000
2573001,55.0473,62.3345,37.6636,0.00384,-0.00291,-0.00094,1.28325,0.02430,0.1833,0.0,12.0000,0.0000,0.0000,0.0000
2573501,55.0473,62.3345,37.6636,0.00381,-0.00288,-0.00093,1.28325,0.02412,0.1833,0.0,12.0000,0.0000,0.0000,0.0000
2574001,55.0473,62.3345,37.6636,0.00379,-0.00286,-0.00092,1.28325,0.02394,0.1833,0.0,12.0000,0.0000,0.0000,0.0000
2574501,55.0473,62.3345,37.6636,0.00376,-0.00284,-0.00092,1.28325,0.02377,0.1833,0.0,12.0000,0.0000,0.0000,0.0000
2575001,55.0473,62.3345,37.6636,0.00373,-0.00282,-0.00091,1.28325,0.02359,0.1833,0.0,12.0000,0.0000,0.0000,0.0000
2575501,55.0473,62.3345,37.6636,0.00370,-0.00280,-0.00090,1.28325,0.02342,0.1833,0.0,12.0000,0.0000,0.0000,0.0000
2576001,55.0473,62.3345,37.6636,0.00368,-0.00278,-0.00090,1.28325,0.02324,0.1833,0.0,12.0000,0.0000,0.0000,0.0000
2576501,55.0473,62.3345,37.6636,0.00365,-0.00276,-0.00089,1.28325,0.02307,0.1833,0.0,12.0000,0.0000,0.0000,0.0000
2577001,55.0473,62.3345,37.6636,0.00362,-0.00274,-0.00088,1.28325,0.02290,0.1833,0.0,12.0000,0.0000,0.0000,0.0000
2577501,55.0473,62.3345,37.6636,0.00359,-0.00272,-0.00088,1.28325,0.02273,0.1833,0.0,12.0000,0.0000,0.0000,0.0000
2578001,55.0473,62.3345,37.6636,0.00357,-0.00270,-0.00087,1.28325,0.02256,0.1833,0.0,12.0000,0.0000,0.0000,0.0000
2578501,55.0473,62.3345,37.6636,0.00354,-0.00268,-0.00086,1.28325,0.02240,0.1833,0.0,12.0000,0.0000,0.0000,0.0000
2579001,55.0473,62.3345,37.6636,0.00352,-0.00266,-0.00086,1.28325,0.02223,0.1833,0.0,12.0000,0.0000,0.0000,0.0000
2579501,55.0473,62.3345,37.6636,0.00349,-0.00264,-0.00085,1.28325,0.02207,0.1833,0.0,12.0000,0.0000,0.0000,0.0000
2580001,55.0473,62.3345,37.6636,0.00346,-0.00262,-0.00084,1.28325,0.02190,0.1833,0.0,12.0000,0.0000,0.0000,0.0000
2580501,55.0473,62.3345,37.6636,0.00344,-0.00260,-0.00084,1.28325,0.02174,0.1833,0.0,12.0000,0.0000,0.0000,0.0000
2581001,55.0473,62.3345,37.6636,0.00341,-0.00258,-0.00083,1.28325,0.02158,0.1833,0.0,12.0000,0.0000,0.0000,0.0000
2581501,55.0473,62.3345,37.6636,0.00339,-0.00256,-0.00083,1.28325,0.02142,0.1833,0.0,12.0000,0.0000,0.0000,0.0000
2582001,55.0473,62.3345,37.6636,0.00336,-0.00254,-0.00082,1.28325,0.02126,0.1833,0.0,12.0000,0.0000,0.0000,0.0000
2582501,55.0473,62.3345,37.6636,0.00334,-0.00252,-0.00081,1.28325,0.02111,0.1833,0.0,12.0000,0.0000,0.0000,0.0000
2583001,55.0473,62.3345,37.6636,0.00331,-0.00250,-0.00081,1.28325,0.02095,0.1833,0.0,12.0000,0.0000,0.0000,0.0000
2583501,55.0473,62.3345,37.6636,0.00329,-0.00249,-0.00080,1.28325,0.02079,0.1833,0.0,12.0000,0.0000,0.0000,0.0000
2584001,55.0473,62.3345,37.6636,0.00326,-0.00247,-0.00080,1.28325,0.02064,0.1833,0.0,12.0000,0.0000,0.0000,0.0000
2584501,55.0473,62.3345,37.6636,0.00324,-0.00245,-0.00079,1.28325,0.02049,0.1833,0.0,12.0000,0.0000,0.0000,0.0000
2585001,55.0473,62.3345,37.6636,0.00322,-0.00243,-0.00078,1.28325,0.02034,0.1833,0.0,12.0000,0.0000,0.0000,0.0000
2585501,55.0473,62.3345,37.6636,0.00319,-0.00241,-0.00078,1.28325,0.02019,0.1833,0.0,12.0000,0.0000,0.0000,0.0000
2586001,55.0473,62.3345,37.6636,0.00317,-0.00240,-0.00077,1.28325,0.02004,0.1833,0.0,12.0000,0.0000,0.0000,0.0000
2586501,55.0473,62.3345,37.6636,0.00314,-0.00238,-0.00077,1.28325,0.01989,0.1833,0.0,12.0000,0.0000,0.0000,0.0000
2587001,55.0473,62.3345,37.6636,0.00312,-0.00236,-0.00076,1.28325,0.01974,0.1833,0.0,12.0000,0.0000,0.0000,0.0000
2587501,55.0473,62.3345,37.6636,0.00310,-0.00234,-0.00076,1.28325,0.01959,0.1833,0.0,12.0000,0.0000,0.0000,0.0000
2588001,55.0473,62.3345,37.6636,0.00308,-0.00233,-0.00075,1.28325,0.01945,0.1833,0.0,12.0000,0.0000,0.0000,0.0000
2588501,55.0473,62.3345,37.6636,0.00305,-0.00231,-0.00074,1.28325,0.01931,0.1833,0.0,12.0000,0.0000,0.0000,0.0000
2589001,55.0473,62.3345,37.6636,0.00303,-0.00229,-0.00074,1.28325,0.01916,0.1833,0.0,12.0000,0.0000,0.0000,0.0000
2589501,55.0473,62.3345,37.6636,0.00301,-0.00227,-0.00073,1.28325,0.01902,0.1833,0.0,12.0000,0.0000,0.0000,0.0000
2590001,55.0473,62.3345,37.6636,0.00299,-0.00226,-0.00073,1.28325,0.01888,0.1833,0.0,12.0000,0.0000,0.0000,0.0000
2590501,55.0473,62.3345,37.6636,0.00296,-0.00224,-0.00072,1.28325,0.01874,0.1833,0.0,12.0000,0.0000,0.0000,0.0000
2591001,55.0473,62.3345,37.6636,0.00294,-0.00222,-0.00072,1.28325,0.01860,0.1833,0.0,12.0000,0.0000,0.0000,0.0000
2591501,55.0473,62.3345,37.6636,0.00292,-0.00221,-0.00071,1.28325,0.01846,0.1833,0.0,12.0000,0.0000,0.0000,0.0000
2592001,55.0473,62.3345,37.6636,0.00290,-0.00219,-0.00071,1.28325,0.01833,0.1833,0.0,12.0000,0.0000,0.0000,0.0000
2592501,55.0473,62.3345,37.6636,0.00288,-0.00218,-0.00070,1.28325,0.01819,0.1833,0.0,12.0000,0.0000,0.0000,0.0000
2593001,55.0473,62.3345,37.6636,0.00286,-0.00216,-0.00070,1.28325,0.01806,0.1833,0.0,12.0000,0.0000,0.0000,0.0000
2593501,55.0473,62.3345,37.6636,0.00283,-0.00214,-0.00069,1.28325,0.01792,0.1833,0.0,12.0000,0.0000,0.0000,0.0000
2594001,55.0473,62.3345,37.6636,0.00281,-0.00213,-0.00069,1.28325,0.01779,0.1833,0.0,12.0000,0.0000,0.0000,0.0000
2594501,55.0473,62.3345,37.6636,0.00279,-0.00211,-0.00068,1.28325,0.01766,0.1833,0.0,12.0000,0.0000,0.0000,0.0000
2595001,55.0473,62.3345,37.6636,0.00277,-0.00210,-0.00068,1.28325,0.01753,0.1833,0.0,12.0000,0.0000,0.0000,0.0000
2595501,55.0473,62.3345,37.6636,0.00275,-0.00208,-0.00067,1.28325,0.01740,0.1833,0.0,12.0000,0.0000,0.0000,0.0000
2596001,55.0473,62.3345,37.6636,0.00273,-0.00207,-0.00067,1.28325,0.01727,0.1833,0.0,12.0000,0.0000,0.0000,0.0000
2596501,55.0473,62.3345,37.6636,0.00271,-0.00205,-0.00066,1.28325,0.01714,0.1833,0.0,12.0000,0.0000,0.0000,0.0000
2597001,55.0473,62.3345,37.6636,0.00269,-0.00203,-0.00066,1.28325,0.01702,0.1833,0.0,12.0000,0.0000,0.0000,0.0000
2597501,55.0473,62.3345,37.6636,0.00267,-0.00202,-0.00065,1.28325,0.01689,0.1833,0.0,12.0000,0.0000,0.0000,0.0000
2598001,55.0473,62.3345,37.6636,0.00265,-0.00200,-0.00065,1.28325,0.01677,0.1833,0.0,12.0000,0.0000,0.0000,0.0000
2598501,55.0473,62.3345,37.6636,0.00263,-0.00199,-0.00064,1.28325,0.01664,0.1833,0.0,12.0000,0.0000,0.0000,0.0000
2599001,55.0473,62.3345,37.6636,0.00261,-0.00198,-0.00064,1.28325,0.01652,0.1833,0.0,12.0000,0.0000,0.0000,0.0000
2599501,55.0473,62.3345,37.6636,0.00259,-0.00196,-0.00063,1.28325,0.01640,0.1833,0.0,12.0000,0.0000,0.0000,0.0000
