time_us,duty_u,duty_v,duty_w,i_a,i_b,i_c,theta_e_rad,omega_e_rad_s,theta_m_rad,rpm_mech,vdc_v,iq_ref_a,id_meas_a,iq_meas_a
1358000,50.0000,50.0000,50.0000,0.00000,0.00000,-0.00000,0.00000,0.00000,0.0000,0.0,48.0000,0.0000,0.0000,0.0000
1359000,50.0000,50.0000,50.0000,0.00000,0.00000,-0.00000,0.00000,0.00000,0.0000,0.0,48.0000,0.0000,0.0000,0.0000
1360000,50.0000,50.0000,50.0000,0.00000,0.00000,-0.00000,0.00000,0.00000,0.0000,0.0,48.0000,0.0000,0.0000,0.0000
1361000,50.0000,50.0000,50.0000,0.00000,0.00000,-0.00000,0.00000,0.00000,0.0000,0.0,48.0000,0.0000,0.0000,0.0000
1362000,50.0000,50.0000,50.0000,0.00000,0.00000,-0.00000,0.00000,0.00000,0.0000,0.0,48.0000,0.0000,0.0000,0.0000
1363000,50.0000,50.0000,50.0000,0.00000,0.00000,-0.00000,0.00000,0.00000,0.0000,0.0,48.0000,0.0000,0.0000,0.0000
1364000,50.0000,50.0000,50.0000,0.00000,0.00000,-0.00000,0.00000,0.00000,0.0000,0.0,48.0000,0.0000,0.0000,0.0000
1365000,50.0000,50.0000,50.0000,0.00000,0.00000,-0.00000,0.00000,0.00000,0.0000,0.0,48.0000,0.0000,0.0000,0.0000
1366000,50.0000,50.0000,50.0000,0.00000,0.00000,-0.00000,0.00000,0.00000,0.0000,0.0,48.0000,0.0000,0.0000,0.0000
1367000,50.0000,50.0000,50.0000,0.00000,0.00000,-0.00000,0.00000,0.00000,0.0000,0.0,48.0000,0.0000,0.0000,0.0000
1368000,50.0000,50.0000,50.0000,0.00000,0.00000,-0.00000,0.00000,0.00000,0.0000,0.0,48.0000,0.0000,0.0000,0.0000
1369000,50.0000,50.0000,50.0000,0.00000,0.00000,-0.00000,0.00000,0.00000,0.0000,0.0,48.0000,0.0000,0.0000,0.0000
1370000,50.0000,50.0000,50.0000,0.00000,0.00000,-0.00000,0.00000,0.00000,0.0000,0.0,48.0000,0.0000,0.0000,0.0000
1371000,50.0000,50.0000,50.0000,0.00000,0.00000,-0.00000,0.00000,0.00000,0.0000,0.0,48.0000,0.0000,0.0000,0.0000
1372000,50.0000,50.0000,50.0000,0.00000,0.00000,-0.00000,0.00000,0.00000,0.0000,0.0,48.0000,0.0000,0.0000,0.0000
1373000,50.0000,50.0000,50.0000,0.00000,0.00000,-0.00000,0.00000,0.00000,0.0000,0.0,48.0000,0.0000,0.0000,0.0000
1374000,50.0000,50.0000,50.0000,0.00000,0.00000,-0.00000,0.00000,0.00000,0.0000,0.0,48.0000,0.0000,0.0000,0.0000
1375000,50.0000,50.0000,50.0000,0.00000,0.00000,-0.00000,0.00000,0.00000,0.0000,0.0,48.0000,0.0000,0.0000,0.0000
1376000,50.0000,50.0000,50.0000,0.00000,0.00000,-0.00000,0.00000,0.00000,0.0000,0.0,48.0000,0.0000,0.0000,0.0000
1377000,50.0000,50.0000,50.0000,0.00000,0.00000,-0.00000,0.00000,0.00000,0.0000,0.0,48.0000,0.0000,0.0000,0.0000
1378000,50.0000,50.0000,50.0000,0.00000,0.00000,-0.00000,0.00000,0.00000,0.0000,0.0,48.0000,0.0000,0.0000,0.0000
1379000,50.0000,50.0000,50.0000,0.00000,0.00000,-0.00000,0.00000,0.00000,0.0000,0.0,48.0000,0.0000,0.0000,0.0000
1380000,50.0000,50.0000,50.0000,0.00000,0.00000,-0.00000,0.00000,0.00000,0.0000,0.0,48.0000,0.0000,0.0000,0.0000
1381000,50.0000,50.0000,50.0000,0.00000,0.00000,-0.00000,0.00000,0.00000,0.0000,0.0,48.0000,0.0000,0.0000,0.0000
1382000,50.0000,50.0000,50.0000,0.00000,0.00000,-0.00000,0.00000,0.00000,0.0000,0.0,48.0000,0.0000,0.0000,0.0000
1383000,50.0000,50.0000,50.0000,0.00000,0.00000,-0.00000,0.00000,0.00000,0.0000,0.0,48.0000,0.0000,0.0000,0.0000
1384000,50.0000,50.0000,50.0000,0.00000,0.00000,-0.00000,0.00000,0.00000,0.0000,0.0,48.0000,0.0000,0.0000,0.0000
1385000,50.0000,50.0000,50.0000,0.00000,0.00000,-0.00000,0.00000,0.00000,0.0000,0.0,48.0000,0.0000,0.0000,0.0000
1386000,50.0000,50.0000,50.0000,0.00000,0.00000,-0.00000,0.00000,0.00000,0.0000,0.0,48.0000,0.0000,0.0000,0.0000
1387000,50.0000,50.0000,50.0000,0.00000,0.00000,-0.00000,0.00000,0.00000,0.0000,0.0,48.0000,0.0000,0.0000,0.0000
1388000,50.0000,50.0000,50.0000,0.00000,0.00000,-0.00000,0.00000,0.00000,0.0000,0.0,48.0000,0.0000,0.0000,0.0000
1389000,50.0000,50.0000,50.0000,0.00000,0.00000,-0.00000,0.00000,0.00000,0.0000,0.0,48.0000,0.0000,0.0000,0.0000
1390000,50.0000,50.0000,50.0000,0.00000,0.00000,-0.00000,0.00000,0.00000,0.0000,0.0,48.0000,0.0000,0.0000,0.0000
1391000,50.0000,50.0000,50.0000,0.00000,0.00000,-0.00000,0.00000,0.00000,0.0000,0.0,48.0000,0.0000,0.0000,0.0000
1392000,50.0000,50.0000,50.0000,0.00000,0.00000,-0.00000,0.00000,0.00000,0.0000,0.0,48.0000,0.0000,0.0000,0.0000
1393000,50.0000,50.0000,50.0000,0.00000,0.00000,-0.00000,0.00000,0.00000,0.0000,0.0,48.0000,0.0000,0.0000,0.0000
1394000,50.0000,50.0000,50.0000,0.00000,0.00000,-0.00000,0.00000,0.00000,0.0000,0.0,48.0000,0.0000,0.0000,0.0000
1395000,50.0000,50.0000,50.0000,0.00000,0.00000,-0.00000,0.00000,0.00000,0.0000,0.0,48.0000,0.0000,0.0000,0.0000
1396000,50.0000,50.0000,50.0000,0.00000,0.00000,-0.00000,0.00000,0.00000,0.0000,0.0,48.0000,0.0000,0.0000,0.0000
1397000,50.0000,50.0000,50.0000,0.00000,0.00000,-0.00000,0.00000,0.00000,0.0000,0.0,48.0000,0.0000,0.0000,0.0000
1398000,50.0000,50.0000,50.0000,0.00000,0.00000,-0.00000,0.00000,0.00000,0.0000,0.0,48.0000,0.0000,0.0000,0.0000
1399000,50.0000,50.0000,50.0000,0.00000,0.00000,-0.00000,0.00000,0.00000,0.0000,0.0,48.0000,0.0000,0.0000,0.0000
1400000,50.0000,50.0000,50.0000,0.00000,0.00000,-0.00000,0.00000,0.00000,0.0000,0.0,48.0000,0.0000,0.0000,0.0000
1401000,50.0000,50.0000,50.0000,0.00000,0.00000,-0.00000,0.00000,0.00000,0.0000,0.0,48.0000,0.0000,0.0000,0.0000
1402000,50.0000,50.0000,50.0000,0.00000,0.00000,-0.00000,0.00000,0.00000,0.0000,0.0,48.0000,0.0000,0.0000,0.0000
1403000,50.0000,50.0000,50.0000,0.00000,0.00000,-0.00000,0.00000,0.00000,0.0000,0.0,48.0000,0.0000,0.0000,0.0000
1404000,50.0000,50.0000,50.0000,0.00000,0.00000,-0.00000,0.00000,0.00000,0.0000,0.0,48.0000,0.0000,0.0000,0.0000
1405000,50.0000,50.0000,50.0000,0.00000,0.00000,-0.00000,0.00000,0.00000,0.0000,0.0,48.0000,0.0000,0.0000,0.0000
1406000,50.0000,50.0000,50.0000,0.00000,0.00000,-0.00000,0.00000,0.00000,0.0000,0.0,48.0000,0.0000,0.0000,0.0000
1407000,50.0000,50.0000,50.0000,0.00000,0.00000,-0.00000,0.00000,0.00000,0.0000,0.0,48.0000,0.0000,0.0000,0.0000
1408000,50.0000,50.0000,50.0000,0.00000,0.00000,-0.00000,0.00000,0.00000,0.0000,0.0,48.0000,0.0000,0.0000,0.0000
1409000,50.0000,50.0000,50.0000,0.00000,0.00000,-0.00000,0.00000,0.00000,0.0000,0.0,48.0000,0.0000,0.0000,0.0000
1410000,50.0000,50.0000,50.0000,0.00000,0.00000,-0.00000,0.00000,0.00000,0.0000,0.0,48.0000,0.0000,0.0000,0.0000
1411000,50.0000,50.0000,50.0000,0.00000,0.00000,-0.00000,0.00000,0.00000,0.0000,0.0,48.0000,0.0000,0.0000,0.0000
1412000,50.0000,50.0000,50.0000,0.00000,0.00000,-0.00000,0.00000,0.00000,0.0000,0.0,48.0000,0.0000,0.0000,0.0000
1413000,50.0000,50.0000,50.0000,0.00000,0.00000,-0.00000,0.00000,0.00000,0.0000,0.0,48.0000,0.0000,0.0000,0.0000
1414000,50.0000,50.0000,50.0000,0.00000,0.00000,-0.00000,0.00000,0.00000,0.0000,0.0,48.0000,0.0000,0.0000,0.0000
1415000,50.0000,50.0000,50.0000,0.00000,0.00000,-0.00000,0.00000,0.00000,0.0000,0.0,48.0000,0.0000,0.0000,0.0000
1416000,50.0000,50.0000,50.0000,0.00000,0.00000,-0.00000,0.00000,0.00000,0.0000,0.0,48.0000,0.0000,0.0000,0.0000
1417000,50.0000,50.0000,50.0000,0.00000,0.00000,-0.00000,0.00000,0.00000,0.0000,0.0,48.0000,0.0000,0.0000,0.0000
1418000,50.0000,50.0000,50.0000,0.00000,0.00000,-0.00000,0.00000,0.00000,0.0000,0.0,48.0000,0.0000,0.0000,0.0000
1419000,50.0000,50.0000,50.0000,0.00000,0.00000,-0.00000,0.00000,0.00000,0.0000,0.0,48.0000,0.0000,0.0000,0.0000
1420000,50.0000,50.0000,50.0000,0.00000,0.00000,-0.00000,0.00000,0.00000,0.0000,0.0,48.0000,0.0000,0.0000,0.0000
1421000,50.0000,50.0000,50.0000,0.00000,0.00000,-0.00000,0.00000,0.00000,0.0000,0.0,48.0000,0.0000,0.0000,0.0000
1422000,50.0000,50.0000,50.0000,0.00000,0.00000,-0.00000,0.00000,0.00000,0.0000,0.0,48.0000,0.0000,0.0000,0.0000
1423000,50.0000,50.0000,50.0000,0.00000,0.00000,-0.00000,0.00000,0.00000,0.0000,0.0,48.0000,0.0000,0.0000,0.0000
1424000,50.0000,50.0000,50.0000,0.00000,0.00000,-0.00000,0.00000,0.00000,0.0000,0.0,48.0000,0.0000,0.0000,0.0000
1425000,50.0000,50.0000,50.0000,0.00000,0.00000,-0.00000,0.00000,0.00000,0.0000,0.0,48.0000,0.0000,0.0000,0.0000
1426000,50.0000,50.0000,50.0000,0.00000,0.00000,-0.00000,0.00000,0.00000,0.0000,0.0,48.0000,0.0000,0.0000,0.0000
1427000,50.0000,50.0000,50.0000,0.00000,0.00000,-0.00000,0.00000,0.00000,0.0000,0.0,48.0000,0.0000,0.0000,0.0000
1428000,50.0000,50.0000,50.0000,0.00000,0.00000,-0.00000,0.00000,0.00000,0.0000,0.0,48.0000,0.0000,0.0000,0.0000
1429000,50.0000,50.0000,50.0000,0.00000,0.00000,-0.00000,0.00000,0.00000,0.0000,0.0,48.0000,0.0000,0.0000,0.0000
1430000,50.0000,50.0000,50.0000,0.00000,0.00000,-0.00000,0.00000,0.00000,0.0000,0.0,48.0000,0.0000,0.0000,0.0000
1431000,50.0000,50.0000,50.0000,0.00000,0.00000,-0.00000,0.00000,0.00000,0.0000,0.0,48.0000,0.0000,0.0000,0.0000
1432000,50.0000,50.0000,50.0000,0.00000,0.00000,-0.00000,0.00000,0.00000,0.0000,0.0,48.0000,0.0000,0.0000,0.0000
1433000,50.0000,50.0000,50.0000,0.00000,0.00000,-0.00000,0.00000,0.00000,0.0000,0.0,48.0000,0.0000,0.0000,0.0000
1434000,50.0000,50.0000,50.0000,0.00000,0.00000,-0.00000,0.00000,0.00000,0.0000,0.0,48.0000,0.0000,0.0000,0.0000
1435000,50.0000,50.0000,50.0000,0.00000,0.00000,-0.00000,0.00000,0.00000,0.0000,0.0,48.0000,0.0000,0.0000,0.0000
1436000,50.0000,50.0000,50.0000,0.00000,0.00000,-0.00000,0.00000,0.00000,0.0000,0.0,48.0000,0.0000,0.0000,0.0000
1437000,50.0000,50.0000,50.0000,0.00000,0.00000,-0.00000,0.00000,0.00000,0.0000,0.0,48.0000,0.0000,0.0000,0.0000
1438000,50.0000,50.0000,50.0000,0.00000,0.00000,-0.00000,0.00000,0.00000,0.0000,0.0,48.0000,0.0000,0.0000,0.0000
1439000,50.0000,50.0000,50.0000,0.00000,0.00000,-0.00000,0.00000,0.00000,0.0000,0.0,48.0000,0.0000,0.0000,0.0000
1440000,50.0000,50.0000,50.0000,0.00000,0.00000,-0.00000,0.00000,0.00000,0.0000,0.0,48.0000,0.0000,0.0000,0.0000
1441000,50.0000,50.0000,50.0000,0.00000,0.00000,-0.00000,0.00000,0.00000,0.0000,0.0,48.0000,0.0000,0.0000,0.0000
1442000,50.0000,50.0000,50.0000,0.00000,0.00000,-0.00000,0.00000,0.00000,0.0000,0.0,48.0000,0.0000,0.0000,0.0000
1443000,50.0000,50.0000,50.0000,0.00000,0.00000,-0.00000,0.00000,0.00000,0.0000,0.0,48.0000,0.0000,0.0000,0.0000
1444000,50.0000,50.0000,50.0000,0.00000,0.00000,-0.00000,0.00000,0.00000,0.0000,0.0,48.0000,0.0000,0.0000,0.0000
1445000,50.0000,50.0000,50.0000,0.00000,0.00000,-0.00000,0.00000,0.00000,0.0000,0.0,48.0000,0.0000,0.0000,0.0000
1446000,50.0000,50.0000,50.0000,0.00000,0.00000,-0.00000,0.00000,0.00000,0.0000,0.0,48.0000,0.0000,0.0000,0.0000
1447000,50.0000,50.0000,50.0000,0.00000,0.00000,-0.00000,0.00000,0.00000,0.0000,0.0,48.0000,0.0000,0.0000,0.0000
1448000,50.0000,50.0000,50.0000,0.00000,0.00000,-0.00000,0.00000,0.00000,0.0000,0.0,48.0000,0.0000,0.0000,0.0000
1449000,50.0000,50.0000,50.0000,0.00000,0.00000,-0.00000,0.00000,0.00000,0.0000,0.0,48.0000,0.0000,0.0000,0.0000
1450000,50.0000,50.0000,50.0000,0.00000,0.00000,-0.00000,0.00000,0.00000,0.0000,0.0,48.0000,0.0000,0.0000,0.0000
1451000,50.0000,50.0000,50.0000,0.00000,0.00000,-0.00000,0.00000,0.00000,0.0000,0.0,48.0000,0.0000,0.0000,0.0000
1452000,50.0000,50.0000,50.0000,0.00000,0.00000,-0.00000,0.00000,0.00000,0.0000,0.0,48.0000,0.0000,0.0000,0.0000
1453000,50.0000,50.0000,50.0000,0.00000,0.00000,-0.00000,0.00000,0.00000,0.0000,0.0,48.0000,0.0000,0.0000,0.0000
1454000,50.0000,50.0000,50.0000,0.00000,0.00000,-0.00000,0.00000,0.00000,0.0000,0.0,48.0000,0.0000,0.0000,0.0000
1455000,50.0000,50.0000,50.0000,0.00000,0.00000,-0.00000,0.00000,0.00000,0.0000,0.0,48.0000,0.0000,0.0000,0.0000
1456000,50.0000,50.0000,50.0000,0.00000,0.00000,-0.00000,0.00000,0.00000,0.0000,0.0,48.0000,0.0000,0.0000,0.0000
1457000,50.0000,50.0000,50.0000,0.00000,0.00000,-0.00000,0.00000,0.00000,0.0000,0.0,48.0000,0.0000,0.0000,0.0000
1458000,50.0000,50.0000,50.0000,0.00000,0.00000,-0.00000,0.00000,0.00000,0.0000,0.0,48.0000,0.0000,0.0000,0.0000
1459000,50.0000,50.0000,50.0000,0.00000,0.00000,-0.00000,0.00000,0.00000,0.0000,0.0,48.0000,0.0000,0.0000,0.0000
1460000,50.0000,50.0000,50.0000,0.00000,0.00000,-0.00000,0.00000,0.00000,0.0000,0.0,48.0000,0.0000,0.0000,0.0000
1461000,50.0000,50.0000,50.0000,0.00000,0.00000,-0.00000,0.00000,0.00000,0.0000,0.0,48.0000,0.0000,0.0000,0.0000
1462000,50.0000,50.0000,50.0000,0.00000,0.00000,-0.00000,0.00000,0.00000,0.0000,0.0,48.0000,0.0000,0.0000,0.0000
1463000,50.0000,50.0000,50.0000,0.00000,0.00000,-0.00000,0.00000,0.00000,0.0000,0.0,48.0000,0.0000,0.0000,0.0000
1464000,50.0000,50.0000,50.0000,0.00000,0.00000,-0.00000,0.00000,0.00000,0.0000,0.0,48.0000,0.0000,0.0000,0.0000
1465000,50.0000,50.0000,50.0000,0.00000,0.00000,-0.00000,0.00000,0.00000,0.0000,0.0,48.0000,0.0000,0.0000,0.0000
1466000,50.0000,50.0000,50.0000,0.00000,0.00000,-0.00000,0.00000,0.00000,0.0000,0.0,48.0000,0.0000,0.0000,0.0000
1467000,50.0000,50.0000,50.0000,0.00000,0.00000,-0.00000,0.00000,0.00000,0.0000,0.0,48.0000,0.0000,0.0000,0.0000
1468000,50.0000,50.0000,50.0000,0.00000,0.00000,-0.00000,0.00000,0.00000,0.0000,0.0,48.0000,0.0000,0.0000,0.0000
1469000,50.0000,50.0000,50.0000,0.00000,0.00000,-0.00000,0.00000,0.00000,0.0000,0.0,48.0000,0.0000,0.0000,0.0000
1470000,50.0000,50.0000,50.0000,0.00000,0.00000,-0.00000,0.00000,0.00000,0.0000,0.0,48.0000,0.0000,0.0000,0.0000
1471000,50.0000,50.0000,50.0000,0.00000,0.00000,-0.00000,0.00000,0.00000,0.0000,0.0,48.0000,0.0000,0.0000,0.0000
1472000,50.0000,50.0000,50.0000,0.00000,0.00000,-0.00000,0.00000,0.00000,0.0000,0.0,48.0000,0.0000,0.0000,0.0000
1473000,50.0000,50.0000,50.0000,0.00000,0.00000,-0.00000,0.00000,0.00000,0.0000,0.0,48.0000,0.0000,0.0000,0.0000
1474000,50.0000,50.0000,50.0000,0.00000,0.00000,-0.00000,0.00000,0.00000,0.0000,0.0,48.0000,0.0000,0.0000,0.0000
1475000,50.0000,50.0000,50.0000,0.00000,0.00000,-0.00000,0.00000,0.00000,0.0000,0.0,48.0000,0.0000,0.0000,0.0000
1476000,50.0000,50.0000,50.0000,0.00000,0.00000,-0.00000,0.00000,0.00000,0.0000,0.0,48.0000,0.0000,0.0000,0.0000
1477000,50.0000,50.0000,50.0000,0.00000,0.00000,-0.00000,0.00000,0.00000,0.0000,0.0,48.0000,0.0000,0.0000,0.0000
1478000,50.0000,50.0000,50.0000,0.00000,0.00000,-0.00000,0.00000,0.00000,0.0000,0.0,48.0000,0.0000,0.0000,0.0000
1479000,50.0000,50.0000,50.0000,0.00000,0.00000,-0.00000,0.00000,0.00000,0.0000,0.0,48.0000,0.0000,0.0000,0.0000
1480000,50.0000,50.0000,50.0000,0.00000,0.00000,-0.00000,0.00000,0.00000,0.0000,0.0,48.0000,0.0000,0.0000,0.0000
1481000,50.0000,50.0000,50.0000,0.00000,0.00000,-0.00000,0.00000,0.00000,0.0000,0.0,48.0000,0.0000,0.0000,0.0000
1482000,50.0000,50.0000,50.0000,0.00000,0.00000,-0.00000,0.00000,0.00000,0.0000,0.0,48.0000,0.0000,0.0000,0.0000
1483000,50.0000,50.0000,50.0000,0.00000,0.00000,-0.00000,0.00000,0.00000,0.0000,0.0,48.0000,0.0000,0.0000,0.0000
1484000,50.0000,50.0000,50.0000,0.00000,0.00000,-0.00000,0.00000,0.00000,0.0000,0.0,48.0000,0.0000,0.0000,0.0000
1485000,50.0000,50.0000,50.0000,0.00000,0.00000,-0.00000,0.00000,0.00000,0.0000,0.0,48.0000,0.0000,0.0000,0.0000
1486000,50.0000,50.0000,50.0000,0.00000,0.00000,-0.00000,0.00000,0.00000,0.0000,0.0,48.0000,0.0000,0.0000,0.0000
1487000,50.0000,50.0000,50.0000,0.00000,0.00000,-0.00000,0.00000,0.00000,0.0000,0.0,48.0000,0.0000,0.0000,0.0000
1488000,50.0000,50.0000,50.0000,0.00000,0.00000,-0.00000,0.00000,0.00000,0.0000,0.0,48.0000,0.0000,0.0000,0.0000
1489000,50.0000,50.0000,50.0000,0.00000,0.00000,-0.00000,0.00000,0.00000,0.0000,0.0,48.0000,0.0000,0.0000,0.0000
1490000,50.0000,50.0000,50.0000,0.00000,0.00000,-0.00000,0.00000,0.00000,0.0000,0.0,48.0000,0.0000,0.0000,0.0000
1491000,50.0000,50.0000,50.0000,0.00000,0.00000,-0.00000,0.00000,0.00000,0.0000,0.0,48.0000,0.0000,0.0000,0.0000
1492000,50.0000,50.0000,50.0000,0.00000,0.00000,-0.00000,0.00000,0.00000,0.0000,0.0,48.0000,0.0000,0.0000,0.0000
1493000,50.0000,50.0000,50.0000,0.00000,0.00000,-0.00000,0.00000,0.00000,0.0000,0.0,48.0000,0.0000,0.0000,0.0000
1494000,50.0000,50.0000,50.0000,0.00000,0.00000,-0.00000,0.00000,0.00000,0.0000,0.0,48.0000,0.0000,0.0000,0.0000
1495000,50.0000,50.0000,50.0000,0.00000,0.00000,-0.00000,0.00000,0.00000,0.0000,0.0,48.0000,0.0000,0.0000,0.0000
1496000,50.0000,50.0000,50.0000,0.00000,0.00000,-0.00000,0.00000,0.00000,0.0000,0.0,48.0000,0.0000,0.0000,0.0000
1497000,50.0000,50.0000,50.0000,0.00000,0.00000,-0.00000,0.00000,0.00000,0.0000,0.0,48.0000,0.0000,0.0000,0.0000
1498000,50.0000,50.0000,50.0000,0.00000,0.00000,-0.00000,0.00000,0.00000,0.0000,0.0,48.0000,0.0000,0.0000,0.0000
1499000,50.0000,50.0000,50.0000,0.00000,0.00000,-0.00000,0.00000,0.00000,0.0000,0.0,48.0000,0.0000,0.0000,0.0000
1500000,50.0000,50.0000,50.0000,0.00000,0.00000,-0.00000,0.00000,0.00000,0.0000,0.0,48.0000,0.0000,0.0000,0.0000
1501000,50.0000,50.0000,50.0000,0.00000,0.00000,-0.00000,0.00000,0.00000,0.0000,0.0,48.0000,0.0000,0.0000,0.0000
1502000,50.0000,50.0000,50.0000,0.00000,0.00000,-0.00000,0.00000,0.00000,0.0000,0.0,48.0000,0.0000,0.0000,0.0000
1503000,50.0000,50.0000,50.0000,0.00000,0.00000,-0.00000,0.00000,0.00000,0.0000,0.0,48.0000,0.0000,0.0000,0.0000
1504000,50.0000,50.0000,50.0000,0.00000,0.00000,-0.00000,0.00000,0.00000,0.0000,0.0,48.0000,0.0000,0.0000,0.0000
1505000,50.0000,50.0000,50.0000,0.00000,0.00000,-0.00000,0.00000,0.00000,0.0000,0.0,48.0000,0.0000,0.0000,0.0000
1506000,50.0000,50.0000,50.0000,0.00000,0.00000,-0.00000,0.00000,0.00000,0.0000,0.0,48.0000,0.0000,0.0000,0.0000
1507000,50.0000,50.0000,50.0000,0.00000,0.00000,-0.00000,0.00000,0.00000,0.0000,0.0,48.0000,0.0000,0.0000,0.0000
1508000,50.0000,50.0000,50.0000,0.00000,0.00000,-0.00000,0.00000,0.00000,0.0000,0.0,48.0000,0.0000,0.0000,0.0000
1509000,50.0000,50.0000,50.0000,0.00000,0.00000,-0.00000,0.00000,0.00000,0.0000,0.0,48.0000,0.0000,0.0000,0.0000
1510000,50.0000,50.0000,50.0000,0.00000,0.00000,-0.00000,0.00000,0.00000,0.0000,0.0,48.0000,0.0000,0.0000,0.0000
1511000,50.0000,50.0000,50.0000,0.00000,0.00000,-0.00000,0.00000,0.00000,0.0000,0.0,48.0000,0.0000,0.0000,0.0000
1512000,50.0000,50.0000,50.0000,0.00000,0.00000,-0.00000,0.00000,0.00000,0.0000,0.0,48.0000,0.0000,0.0000,0.0000
1513000,50.0000,50.0000,50.0000,0.00000,0.00000,-0.00000,0.00000,0.00000,0.0000,0.0,48.0000,0.0000,0.0000,0.0000
1514000,50.0000,50.0000,50.0000,0.00000,0.00000,-0.00000,0.00000,0.00000,0.0000,0.0,48.0000,0.0000,0.0000,0.0000
1515000,50.0000,50.0000,50.0000,0.00000,0.00000,-0.00000,0.00000,0.00000,0.0000,0.0,48.0000,0.0000,0.0000,0.0000
1516000,50.0000,50.0000,50.0000,0.00000,0.00000,-0.00000,0.00000,0.00000,0.0000,0.0,48.0000,0.0000,0.0000,0.0000
1517000,50.0000,50.0000,50.0000,0.00000,0.00000,-0.00000,0.00000,0.00000,0.0000,0.0,48.0000,0.0000,0.0000,0.0000
1518000,50.0000,50.0000,50.0000,0.00000,0.00000,-0.00000,0.00000,0.00000,0.0000,0.0,48.0000,0.0000,0.0000,0.0000
1519000,50.0000,50.0000,50.0000,0.00000,0.00000,-0.00000,0.00000,0.00000,0.0000,0.0,48.0000,0.0000,0.0000,0.0000
1520000,50.0000,50.0000,50.0000,0.00000,0.00000,-0.00000,0.00000,0.00000,0.0000,0.0,48.0000,0.0000,0.0000,0.0000
1521000,50.0000,50.0000,50.0000,0.00000,0.00000,-0.00000,0.00000,0.00000,0.0000,0.0,48.0000,0.0000,0.0000,0.0000
1522000,50.0000,50.0000,50.0000,0.00000,0.00000,-0.00000,0.00000,0.00000,0.0000,0.0,48.0000,0.0000,0.0000,0.0000
1523000,50.0000,50.0000,50.0000,0.00000,0.00000,-0.00000,0.00000,0.00000,0.0000,0.0,48.0000,0.0000,0.0000,0.0000
1524000,50.0000,50.0000,50.0000,0.00000,0.00000,-0.00000,0.00000,0.00000,0.0000,0.0,48.0000,0.0000,0.0000,0.0000
1525000,50.0000,50.0000,50.0000,0.00000,0.00000,-0.00000,0.00000,0.00000,0.0000,0.0,48.0000,0.0000,0.0000,0.0000
1526000,50.0000,50.0000,50.0000,0.00000,0.00000,-0.00000,0.00000,0.00000,0.0000,0.0,48.0000,0.0000,0.0000,0.0000
1527000,50.0000,50.0000,50.0000,0.00000,0.00000,-0.00000,0.00000,0.00000,0.0000,0.0,48.0000,0.0000,0.0000,0.0000
1528000,50.0000,50.0000,50.0000,0.00000,0.00000,-0.00000,0.00000,0.00000,0.0000,0.0,48.0000,0.0000,0.0000,0.0000
1529000,50.0000,50.0000,50.0000,0.00000,0.00000,-0.00000,0.00000,0.00000,0.0000,0.0,48.0000,0.0000,0.0000,0.0000
1530000,50.0000,50.0000,50.0000,0.00000,0.00000,-0.00000,0.00000,0.00000,0.0000,0.0,48.0000,0.0000,0.0000,0.0000
1531000,50.0000,50.0000,50.0000,0.00000,0.00000,-0.00000,0.00000,0.00000,0.0000,0.0,48.0000,0.0000,0.0000,0.0000
1532000,50.0000,50.0000,50.0000,0.00000,0.00000,-0.00000,0.00000,0.00000,0.0000,0.0,48.0000,0.0000,0.0000,0.0000
1533000,50.0000,50.0000,50.0000,0.00000,0.00000,-0.00000,0.00000,0.00000,0.0000,0.0,48.0000,0.0000,0.0000,0.0000
1534000,50.0000,50.0000,50.0000,0.00000,0.00000,-0.00000,0.00000,0.00000,0.0000,0.0,48.0000,0.0000,0.0000,0.0000
1535000,50.0000,50.0000,50.0000,0.00000,0.00000,-0.00000,0.00000,0.00000,0.0000,0.0,48.0000,0.0000,0.0000,0.0000
1536000,50.0000,50.0000,50.0000,0.00000,0.00000,-0.00000,0.00000,0.00000,0.0000,0.0,48.0000,0.0000,0.0000,0.0000
1537000,50.0000,50.0000,50.0000,0.00000,0.00000,-0.00000,0.00000,0.00000,0.0000,0.0,48.0000,0.0000,0.0000,0.0000
1538000,50.0000,50.0000,50.0000,0.00000,0.00000,-0.00000,0.00000,0.00000,0.0000,0.0,48.0000,0.0000,0.0000,0.0000
1539000,50.0000,50.0000,50.0000,0.00000,0.00000,-0.00000,0.00000,0.00000,0.0000,0.0,48.0000,0.0000,0.0000,0.0000
1540000,50.0000,50.0000,50.0000,0.00000,0.00000,-0.00000,0.00000,0.00000,0.0000,0.0,48.0000,0.0000,0.0000,0.0000
1541000,50.0000,50.0000,50.0000,0.00000,0.00000,-0.00000,0.00000,0.00000,0.0000,0.0,48.0000,0.0000,0.0000,0.0000
1542000,50.0000,50.0000,50.0000,0.00000,0.00000,-0.00000,0.00000,0.00000,0.0000,0.0,48.0000,0.0000,0.0000,0.0000
1543000,50.0000,50.0000,50.0000,0.00000,0.00000,-0.00000,0.00000,0.00000,0.0000,0.0,48.0000,0.0000,0.0000,0.0000
1544000,50.0000,50.0000,50.0000,0.00000,0.00000,-0.00000,0.00000,0.00000,0.0000,0.0,48.0000,0.0000,0.0000,0.0000
1545000,50.0000,50.0000,50.0000,0.00000,0.00000,-0.00000,0.00000,0.00000,0.0000,0.0,48.0000,0.0000,0.0000,0.0000
1546000,50.0000,50.0000,50.0000,0.00000,0.00000,-0.00000,0.00000,0.00000,0.0000,0.0,48.0000,0.0000,0.0000,0.0000
1547000,50.0000,50.0000,50.0000,0.00000,0.00000,-0.00000,0.00000,0.00000,0.0000,0.0,48.0000,0.0000,0.0000,0.0000
1548000,50.0000,50.0000,50.0000,0.00000,0.00000,-0.00000,0.00000,0.00000,0.0000,0.0,48.0000,0.0000,0.0000,0.0000
1549000,50.0000,50.0000,50.0000,0.00000,0.00000,-0.00000,0.00000,0.00000,0.0000,0.0,48.0000,0.0000,0.0000,0.0000
1550000,50.0000,50.0000,50.0000,0.00000,0.00000,-0.00000,0.00000,0.00000,0.0000,0.0,48.0000,0.0000,0.0000,0.0000
1551000,50.0000,50.0000,50.0000,0.00000,0.00000,-0.00000,0.00000,0.00000,0.0000,0.0,48.0000,0.0000,0.0000,0.0000
1552000,50.0000,50.0000,50.0000,0.00000,0.00000,-0.00000,0.00000,0.00000,0.0000,0.0,48.0000,0.0000,0.0000,0.0000
1553000,50.0000,50.0000,50.0000,0.00000,0.00000,-0.00000,0.00000,0.00000,0.0000,0.0,48.0000,0.0000,0.0000,0.0000
1554000,50.0000,50.0000,50.0000,0.00000,0.00000,-0.00000,0.00000,0.00000,0.0000,0.0,48.0000,0.0000,0.0000,0.0000
1555000,50.0000,50.0000,50.0000,0.00000,0.00000,-0.00000,0.00000,0.00000,0.0000,0.0,48.0000,0.0000,0.0000,0.0000
1556000,50.0000,50.0000,50.0000,0.00000,0.00000,-0.00000,0.00000,0.00000,0.0000,0.0,48.0000,0.0000,0.0000,0.0000
1557000,50.0000,50.0000,50.0000,0.00000,0.00000,-0.00000,0.00000,0.00000,0.0000,0.0,48.0000,0.0000,0.0000,0.0000
1558000,50.0000,50.0000,50.0000,0.00000,0.00000,-0.00000,0.00000,0.00000,0.0000,0.0,48.0000,0.0000,0.0000,0.0000
1559000,50.0000,50.0000,50.0000,0.00000,0.00000,-0.00000,0.00000,0.00000,0.0000,0.0,48.0000,0.0000,0.0000,0.0000
1560000,50.0000,50.0000,50.0000,0.00000,0.00000,-0.00000,0.00000,0.00000,0.0000,0.0,48.0000,0.0000,0.0000,0.0000
1561000,50.0000,50.0000,50.0000,0.00000,0.00000,-0.00000,0.00000,0.00000,0.0000,0.0,48.0000,0.0000,0.0000,0.0000
1562000,50.0000,50.0000,50.0000,0.00000,0.00000,-0.00000,0.00000,0.00000,0.0000,0.0,48.0000,0.0000,0.0000,0.0000
1563000,50.0000,50.0000,50.0000,0.00000,0.00000,-0.00000,0.00000,0.00000,0.0000,0.0,48.0000,0.0000,0.0000,0.0000
1564000,50.0000,50.0000,50.0000,0.00000,0.00000,-0.00000,0.00000,0.00000,0.0000,0.0,48.0000,0.0000,0.0000,0.0000
1565000,50.0000,50.0000,50.0000,0.00000,0.00000,-0.00000,0.00000,0.00000,0.0000,0.0,48.0000,0.0000,0.0000,0.0000
1566000,50.0000,50.0000,50.0000,0.00000,0.00000,-0.00000,0.00000,0.00000,0.0000,0.0,48.0000,0.0000,0.0000,0.0000
1567000,50.0000,50.0000,50.0000,0.00000,0.00000,-0.00000,0.00000,0.00000,0.0000,0.0,48.0000,0.0000,0.0000,0.0000
1568000,50.0000,50.0000,50.0000,0.00000,0.00000,-0.00000,0.00000,0.00000,0.0000,0.0,48.0000,0.0000,0.0000,0.0000
1569000,50.0000,50.0000,50.0000,0.00000,0.00000,-0.00000,0.00000,0.00000,0.0000,0.0,48.0000,0.0000,0.0000,0.0000
1570000,50.0000,50.0000,50.0000,0.00000,0.00000,-0.00000,0.00000,0.00000,0.0000,0.0,48.0000,0.0000,0.0000,0.0000
1571000,50.0000,50.0000,50.0000,0.00000,0.00000,-0.00000,0.00000,0.00000,0.0000,0.0,48.0000,0.0000,0.0000,0.0000
1572000,50.0000,50.0000,50.0000,0.00000,0.00000,-0.00000,0.00000,0.00000,0.0000,0.0,48.0000,0.0000,0.0000,0.0000
1573000,50.0000,50.0000,50.0000,0.00000,0.00000,-0.00000,0.00000,0.00000,0.0000,0.0,48.0000,0.0000,0.0000,0.0000
1574000,50.0000,50.0000,50.0000,0.00000,0.00000,-0.00000,0.00000,0.00000,0.0000,0.0,48.0000,0.0000,0.0000,0.0000
1575000,50.0000,50.0000,50.0000,0.00000,0.00000,-0.00000,0.00000,0.00000,0.0000,0.0,48.0000,0.0000,0.0000,0.0000
1576000,50.0000,50.0000,50.0000,0.00000,0.00000,-0.00000,0.00000,0.00000,0.0000,0.0,48.0000,0.0000,0.0000,0.0000
1577000,50.0000,50.0000,50.0000,0.00000,0.00000,-0.00000,0.00000,0.00000,0.0000,0.0,48.0000,0.0000,0.0000,0.0000
1578000,50.0000,50.0000,50.0000,0.00000,0.00000,-0.00000,0.00000,0.00000,0.0000,0.0,48.0000,0.0000,0.0000,0.0000
1579000,50.0000,50.0000,50.0000,0.00000,0.00000,-0.00000,0.00000,0.00000,0.0000,0.0,48.0000,0.0000,0.0000,0.0000
1580000,50.0000,50.0000,50.0000,0.00000,0.00000,-0.00000,0.00000,0.00000,0.0000,0.0,48.0000,0.0000,0.0000,0.0000
1581000,50.0000,50.0000,50.0000,0.00000,0.00000,-0.00000,0.00000,0.00000,0.0000,0.0,48.0000,0.0000,0.0000,0.0000
1582000,50.0000,50.0000,50.0000,0.00000,0.00000,-0.00000,0.00000,0.00000,0.0000,0.0,48.0000,0.0000,0.0000,0.0000
1583000,50.0000,50.0000,50.0000,0.00000,0.00000,-0.00000,0.00000,0.00000,0.0000,0.0,48.0000,0.0000,0.0000,0.0000
1584000,50.0000,50.0000,50.0000,0.00000,0.00000,-0.00000,0.00000,0.00000,0.0000,0.0,48.0000,0.0000,0.0000,0.0000
1585000,50.0000,50.0000,50.0000,0.00000,0.00000,-0.00000,0.00000,0.00000,0.0000,0.0,48.0000,0.0000,0.0000,0.0000
1586000,50.0000,50.0000,50.0000,0.00000,0.00000,-0.00000,0.00000,0.00000,0.0000,0.0,48.0000,0.0000,0.0000,0.0000
1587000,50.0000,50.0000,50.0000,0.00000,0.00000,-0.00000,0.00000,0.00000,0.0000,0.0,48.0000,0.0000,0.0000,0.0000
1588000,50.0000,50.0000,50.0000,0.00000,0.00000,-0.00000,0.00000,0.00000,0.0000,0.0,48.0000,0.0000,0.0000,0.0000
1589000,50.0000,50.0000,50.0000,0.00000,0.00000,-0.00000,0.00000,0.00000,0.0000,0.0,48.0000,0.0000,0.0000,0.0000
1590000,50.0000,50.0000,50.0000,0.00000,0.00000,-0.00000,0.00000,0.00000,0.0000,0.0,48.0000,0.0000,0.0000,0.0000
1591000,50.0000,50.0000,50.0000,0.00000,0.00000,-0.00000,0.00000,0.00000,0.0000,0.0,48.0000,0.0000,0.0000,0.0000
1592000,50.0000,50.0000,50.0000,0.00000,0.00000,-0.00000,0.00000,0.00000,0.0000,0.0,48.0000,0.0000,0.0000,0.0000
1593000,50.0000,50.0000,50.0000,0.00000,0.00000,-0.00000,0.00000,0.00000,0.0000,0.0,48.0000,0.0000,0.0000,0.0000
1594000,50.0000,50.0000,50.0000,0.00000,0.00000,-0.00000,0.00000,0.00000,0.0000,0.0,48.0000,0.0000,0.0000,0.0000
1595000,50.0000,50.0000,50.0000,0.00000,0.00000,-0.00000,0.00000,0.00000,0.0000,0.0,48.0000,0.0000,0.0000,0.0000
1596000,50.0000,50.0000,50.0000,0.00000,0.00000,-0.00000,0.00000,0.00000,0.0000,0.0,48.0000,0.0000,0.0000,0.0000
1597000,50.0000,50.0000,50.0000,0.00000,0.00000,-0.00000,0.00000,0.00000,0.0000,0.0,48.0000,0.0000,0.0000,0.0000
1598000,50.0000,50.0000,50.0000,0.00000,0.00000,-0.00000,0.00000,0.00000,0.0000,0.0,48.0000,0.0000,0.0000,0.0000
1599000,50.0000,50.0000,50.0000,0.00000,0.00000,-0.00000,0.00000,0.00000,0.0000,0.0,48.0000,0.0000,0.0000,0.0000
1600000,50.0000,50.0000,50.0000,0.00000,0.00000,-0.00000,0.00000,0.00000,0.0000,0.0,48.0000,0.0000,0.0000,0.0000
1601000,50.0000,50.0000,50.0000,0.00000,0.00000,-0.00000,0.00000,0.00000,0.0000,0.0,48.0000,0.0000,0.0000,0.0000
1602000,50.0000,50.0000,50.0000,0.00000,0.00000,-0.00000,0.00000,0.00000,0.0000,0.0,48.0000,0.0000,0.0000,0.0000
1603000,50.0000,50.0000,50.0000,0.00000,0.00000,-0.00000,0.00000,0.00000,0.0000,0.0,48.0000,0.0000,0.0000,0.0000
1604000,50.0000,50.0000,50.0000,0.00000,0.00000,-0.00000,0.00000,0.00000,0.0000,0.0,48.0000,0.0000,0.0000,0.0000
1605000,50.0000,50.0000,50.0000,0.00000,0.00000,-0.00000,0.00000,0.00000,0.0000,0.0,48.0000,0.0000,0.0000,0.0000
1606000,50.0000,50.0000,50.0000,0.00000,0.00000,-0.00000,0.00000,0.00000,0.0000,0.0,48.0000,0.0000,0.0000,0.0000
1607000,50.0000,50.0000,50.0000,0.00000,0.00000,-0.00000,0.00000,0.00000,0.0000,0.0,48.0000,0.0000,0.0000,0.0000
1608000,50.0000,50.0000,50.0000,0.00000,0.00000,-0.00000,0.00000,0.00000,0.0000,0.0,48.0000,0.0000,0.0000,0.0000
1609000,50.0000,50.0000,50.0000,0.00000,0.00000,-0.00000,0.00000,0.00000,0.0000,0.0,48.0000,0.0000,0.0000,0.0000
1610000,50.0000,50.0000,50.0000,0.00000,0.00000,-0.00000,0.00000,0.00000,0.0000,0.0,48.0000,0.0000,0.0000,0.0000
1611000,50.0000,50.0000,50.0000,0.00000,0.00000,-0.00000,0.00000,0.00000,0.0000,0.0,48.0000,0.0000,0.0000,0.0000
1612000,50.0000,50.0000,50.0000,0.00000,0.00000,-0.00000,0.00000,0.00000,0.0000,0.0,48.0000,0.0000,0.0000,0.0000
1613000,50.0000,50.0000,50.0000,0.00000,0.00000,-0.00000,0.00000,0.00000,0.0000,0.0,48.0000,0.0000,0.0000,0.0000
1614000,50.0000,50.0000,50.0000,0.00000,0.00000,-0.00000,0.00000,0.00000,0.0000,0.0,48.0000,0.0000,0.0000,0.0000
1615000,50.0000,50.0000,50.0000,0.00000,0.00000,-0.00000,0.00000,0.00000,0.0000,0.0,48.0000,0.0000,0.0000,0.0000
1616000,50.0000,50.0000,50.0000,0.00000,0.00000,-0.00000,0.00000,0.00000,0.0000,0.0,48.0000,0.0000,0.0000,0.0000
1617000,50.0000,50.0000,50.0000,0.00000,0.00000,-0.00000,0.00000,0.00000,0.0000,0.0,48.0000,0.0000,0.0000,0.0000
1618000,50.0000,50.0000,50.0000,0.00000,0.00000,-0.00000,0.00000,0.00000,0.0000,0.0,48.0000,0.0000,0.0000,0.0000
1619000,50.0000,50.0000,50.0000,0.00000,0.00000,-0.00000,0.00000,0.00000,0.0000,0.0,48.0000,0.0000,0.0000,0.0000
1620000,50.0000,50.0000,50.0000,0.00000,0.00000,-0.00000,0.00000,0.00000,0.0000,0.0,48.0000,0.0000,0.0000,0.0000
1621000,50.0000,50.0000,50.0000,0.00000,0.00000,-0.00000,0.00000,0.00000,0.0000,0.0,48.0000,0.0000,0.0000,0.0000
1622000,50.0109,50.2527,49.7455,0.02783,0.86982,-0.89765,0.00002,0.04469,0.0000,0.1,48.0000,0.0000,0.0000,0.0000
1623000,50.0127,50.2709,49.7273,0.04875,1.51640,-1.56514,0.00011,0.16420,0.0000,0.2,48.0000,0.0000,0.0000,0.0000
1624000,50.0145,50.2873,49.7109,0.06500,1.95119,-2.01619,0.00036,0.33630,0.0001,0.5,48.0000,0.0000,0.0000,0.0000
1625000,50.0145,50.2982,49.7000,0.07836,2.25495,-2.33331,0.00080,0.54420,0.0001,0.7,48.0000,0.0000,0.0000,0.0000
1626000,50.0109,50.3145,49.6836,0.07735,2.48803,-2.56538,0.00146,0.77786,0.0002,1.1,48.0000,0.0000,0.0000,0.0000
1627000,50.0109,50.3291,49.6691,0.07679,2.67151,-2.74829,0.00236,1.03113,0.0003,1.4,48.0000,0.0000,0.0000,0.0000
1628000,50.0109,50.3491,49.6491,0.07655,2.83534,-2.91190,0.00353,1.30096,0.0005,1.8,48.0000,0.0000,0.0000,0.0000
1629000,50.0109,50.3618,49.6364,0.07659,2.97730,-3.05389,0.00497,1.58524,0.0007,2.2,48.0000,0.0000,0.0000,0.0000
1630000,50.0091,50.3800,49.6182,0.07576,3.11208,-3.18784,0.00670,1.88268,0.0010,2.6,48.0000,0.0000,0.0000,0.0000
1631000,50.0091,50.3927,49.6055,0.07213,3.23402,-3.30615,0.00874,2.19203,0.0012,3.0,48.0000,0.0000,0.0000,0.0000
1632000,50.0091,50.4127,49.5855,0.07077,3.35408,-3.42486,0.01109,2.51253,0.0016,3.4,48.0000,0.0000,0.0000,0.0000
1633000,50.0091,50.4255,49.5727,0.07022,3.46628,-3.53651,0.01376,2.84398,0.0020,3.9,48.0000,0.0000,0.0000,0.0000
1634000,50.0055,50.4418,49.5564,0.06314,3.57376,-3.63690,0.01678,3.18563,0.0024,4.3,48.0000,0.0000,0.0000,0.0000
1635000,50.0036,50.4527,49.5455,0.05444,3.67457,-3.72901,0.02014,3.53658,0.0029,4.8,48.0000,0.0000,0.0000,0.0000
1636000,49.9982,50.4691,49.5291,0.04099,3.77113,-3.81212,0.02385,3.89618,0.0034,5.3,48.0000,0.0000,0.0000,0.0000
1637000,49.9945,50.4800,49.5182,0.02335,3.86434,-3.88770,0.02793,4.26378,0.0040,5.8,48.0000,0.0000,0.0000,0.0000
1638000,49.9891,50.4945,49.5036,0.00257,3.95499,-3.95756,0.03238,4.63900,0.0046,6.3,48.0000,0.0000,0.0000,0.0000
1639000,49.9873,50.5055,49.4927,-0.01851,4.04302,-4.02451,0.03721,5.02148,0.0053,6.9,48.0000,0.0000,0.0000,0.0000
1640000,49.9800,50.5200,49.4782,-0.03949,4.12858,-4.08909,0.04243,5.41105,0.0061,7.4,48.0000,0.0000,0.0000,0.0000
1641000,49.9745,50.5291,49.4691,-0.06570,4.20980,-4.14411,0.04804,5.80717,0.0069,7.9,48.0000,0.0000,0.0000,0.0000
1642000,49.9673,50.5455,49.4527,-0.09356,4.29324,-4.19969,0.05404,6.20948,0.0077,8.5,48.0000,0.0000,0.0000,0.0000
1643000,49.9618,50.5545,49.4436,-0.12164,4.37117,-4.24954,0.06046,6.61794,0.0086,9.0,48.0000,0.0000,0.0000,0.0000
1644000,49.9491,50.5673,49.4309,-0.16039,4.44578,-4.28539,0.06728,7.03171,0.0096,9.6,48.0000,0.0000,0.0000,0.0000
1645000,49.9455,50.5764,49.4218,-0.19489,4.51775,-4.32286,0.07452,7.45057,0.0106,10.2,48.0000,0.0000,0.0000,0.0000
1646000,49.9345,50.5909,49.4073,-0.23612,4.59158,-4.35546,0.08218,7.87430,0.0117,10.7,48.0000,0.0000,0.0000,0.0000
1647000,49.9255,50.5982,49.4000,-0.27561,4.66153,-4.38592,0.09027,8.30287,0.0129,11.3,48.0000,0.0000,0.0000,0.0000
1648000,49.9127,50.6109,49.3873,-0.32552,4.73149,-4.40598,0.09879,8.73565,0.0141,11.9,48.0000,0.0000,0.0000,0.0000
1649000,49.9018,50.6182,49.3800,-0.37429,4.79793,-4.42364,0.10774,9.17256,0.0154,12.5,48.0000,0.0000,0.0000,0.0000
1650000,49.8873,50.6291,49.3691,-0.42326,4.86293,-4.43967,0.11714,9.61334,0.0167,13.1,48.0000,0.0000,0.0000,0.0000
1651000,49.8782,50.6382,49.3600,-0.47823,4.92772,-4.44949,0.12697,10.05768,0.0181,13.7,48.0000,0.0000,0.0000,0.0000
1652000,49.8618,50.6491,49.3491,-0.53680,4.99277,-4.45598,0.13725,10.50558,0.0196,14.3,48.0000,0.0000,0.0000,0.0000
1653000,49.8491,50.6545,49.3436,-0.59468,5.05263,-4.45795,0.14798,10.95680,0.0211,14.9,48.0000,0.0000,0.0000,0.0000
1654000,49.8291,50.6655,49.3327,-0.65879,5.11720,-4.45840,0.15917,11.41114,0.0227,15.6,48.0000,0.0000,0.0000,0.0000
1655000,49.8164,50.6727,49.3255,-0.72496,5.17434,-4.44939,0.17081,11.86824,0.0244,16.2,48.0000,0.0000,0.0000,0.0000
1656000,49.7964,50.6836,49.3145,-0.79698,5.23501,-4.43803,0.18290,12.32790,0.0261,16.8,48.0000,0.0000,0.0000,0.0000
1657000,49.7818,50.6891,49.3091,-0.86659,5.29113,-4.42454,0.19546,12.79034,0.0279,17.4,48.0000,0.0000,0.0000,0.0000
1658000,49.7582,50.6964,49.3018,-0.94500,5.34863,-4.40363,0.20848,13.25517,0.0298,18.1,48.0000,0.0000,0.0000,0.0000
1659000,49.7436,50.7018,49.2964,-1.01975,5.39908,-4.37933,0.22197,13.72206,0.0317,18.7,48.0000,0.0000,0.0000,0.0000
1660000,49.7164,50.7127,49.2855,-1.10468,5.45627,-4.35159,0.23593,14.19090,0.0337,19.4,48.0000,0.0000,0.0000,0.0000
1661000,49.6982,50.7164,49.2818,-1.19045,5.50983,-4.31938,0.25036,14.66197,0.0358,20.0,48.0000,0.0000,0.0000,0.0000
1662000,49.6727,50.7236,49.2745,-1.27863,5.56022,-4.28160,0.26525,15.13483,0.0379,20.6,48.0000,0.0000,0.0000,0.0000
1663000,49.6545,50.7291,49.2691,-1.36699,5.60911,-4.24213,0.28063,15.60923,0.0401,21.3,48.0000,0.0000,0.0000,0.0000
1664000,49.6236,50.7345,49.2636,-1.46096,5.65700,-4.19603,0.29647,16.08523,0.0424,21.9,48.0000,0.0000,0.0000,0.0000
1665000,49.6018,50.7382,49.2600,-1.55618,5.70327,-4.14709,0.31280,16.56264,0.0447,22.6,48.0000,0.0000,0.0000,0.0000
1666000,49.5709,50.7418,49.2564,-1.65868,5.74973,-4.09106,0.32960,17.04139,0.0471,23.2,48.0000,0.0000,0.0000,0.0000
1667000,49.5491,50.7455,49.2527,-1.75946,5.78891,-4.02945,0.34688,17.52164,0.0496,23.9,48.0000,0.0000,0.0000,0.0000
1668000,49.5164,50.7491,49.2491,-1.86211,5.83020,-3.96809,0.36464,18.00253,0.0521,24.6,48.0000,0.0000,0.0000,0.0000
1669000,49.4909,50.7527,49.2455,-1.96767,5.87047,-3.90280,0.38288,18.48509,0.0547,25.2,48.0000,0.0000,0.0000,0.0000
1670000,49.4564,50.7545,49.2436,-2.07784,5.90704,-3.82921,0.40161,18.96853,0.0574,25.9,48.0000,0.0000,0.0000,0.0000
1671000,49.4309,50.7564,49.2418,-2.18542,5.94139,-3.75596,0.42082,19.45300,0.0601,26.5,48.0000,0.0000,0.0000,0.0000
1672000,49.3927,50.7564,49.2418,-2.30304,5.97647,-3.67343,0.44052,19.93850,0.0629,27.2,48.0000,0.0000,0.0000,0.0000
1673000,49.3655,50.7564,49.2418,-2.41607,6.00391,-3.58783,0.46070,20.42487,0.0658,27.9,48.0000,0.0000,0.0000,0.0000
1674000,49.3236,50.7564,49.2418,-2.53580,6.03775,-3.50195,0.48137,20.91204,0.0688,28.5,48.0000,0.0000,0.0000,0.0000
1675000,49.2964,50.7545,49.2436,-2.65189,6.05916,-3.40726,0.50252,21.40032,0.0718,29.2,48.0000,0.0000,0.0000,0.0000
1676000,49.2527,50.7527,49.2455,-2.77857,6.08080,-3.30223,0.52417,21.88861,0.0749,29.9,48.0000,0.0000,0.0000,0.0000
1677000,49.2364,50.7618,49.2600,-2.89872,6.09859,-3.19987,0.54630,22.37800,0.0780,30.5,48.0000,0.0000,0.0000,0.0000
1678000,49.2164,50.7818,49.2873,-3.02314,6.11105,-3.08792,0.56892,22.86819,0.0813,31.2,48.0000,0.0000,0.0000,0.0000
1679000,49.2018,50.7964,49.3091,-3.14830,6.12239,-2.97409,0.59203,23.35838,0.0846,31.9,48.0000,0.0000,0.0000,0.0000
1680000,49.1818,50.8164,49.3418,-3.27704,6.13137,-2.85433,0.61564,23.84857,0.0879,32.5,48.0000,0.0000,0.0000,0.0000
1681000,49.1691,50.8291,49.3655,-3.40303,6.13482,-2.73179,0.63973,24.33943,0.0914,33.2,48.0000,0.0000,0.0000,0.0000
1682000,49.1509,50.8473,49.4000,-3.53261,6.13718,-2.60457,0.66432,24.83153,0.0949,33.9,48.0000,0.0000,0.0000,0.0000
1683000,49.1364,50.8618,49.4273,-3.65945,6.13220,-2.47275,0.68939,25.32362,0.0985,34.5,48.0000,0.0000,0.0000,0.0000
1684000,49.1182,50.8800,49.4691,-3.79247,6.12420,-2.33173,0.71496,25.81572,0.1021,35.2,48.0000,0.0000,0.0000,0.0000
1685000,49.1073,50.8909,49.4964,-3.91500,6.10676,-2.19176,0.74102,26.30781,0.1059,35.9,48.0000,0.0000,0.0000,0.0000
1686000,49.0891,50.9091,49.5436,-4.04668,6.08575,-2.03907,0.76758,26.79991,0.1097,36.6,48.0000,0.0000,0.0000,0.0000
1687000,49.0764,50.9218,49.5727,-4.17340,6.06345,-1.89005,0.79462,27.29248,0.1135,37.2,48.0000,0.0000,0.0000,0.0000
1688000,49.0600,50.9382,49.6255,-4.30770,6.03525,-1.72755,0.82216,27.78648,0.1175,37.9,48.0000,0.0000,0.0000,0.0000
1689000,49.0491,50.9491,49.6600,-4.43194,5.99732,-1.56537,0.85020,28.28049,0.1215,38.6,48.0000,0.0000,0.0000,0.0000
1690000,49.0345,50.9636,49.7127,-4.55945,5.95618,-1.39673,0.87872,28.77449,0.1255,39.3,48.0000,0.0000,0.0000,0.0000
1691000,49.0236,50.9745,49.7491,-4.68049,5.90785,-1.22736,0.90774,29.26849,0.1297,39.9,48.0000,0.0000,0.0000,0.0000
1692000,49.0091,50.9891,49.8109,-4.80884,5.85548,-1.04663,0.93726,29.76250,0.1339,40.6,48.0000,0.0000,0.0000,0.0000
1693000,49.0018,50.9964,49.8491,-4.92530,5.79752,-0.87222,0.96727,30.25650,0.1382,41.3,48.0000,0.0000,0.0000,0.0000
1694000,48.9891,51.0091,49.9145,-5.04794,5.72925,-0.68132,0.99777,30.75050,0.1425,41.9,48.0000,0.0000,0.0000,0.0000
1695000,48.9818,51.0164,49.9545,-5.16329,5.65880,-0.49551,1.02877,31.24451,0.1470,42.6,48.0000,0.0000,0.0000,0.0000
1696000,48.9727,51.0255,50.0236,-5.28153,5.58027,-0.29874,1.06026,31.73851,0.1515,43.3,48.0000,0.0000,0.0000,0.0000
1697000,48.9673,51.0309,50.0691,-5.38770,5.49510,-0.10740,1.09224,32.23341,0.1560,44.0,48.0000,0.0000,0.0000,0.0000
1698000,48.9600,51.0382,50.1382,-5.49423,5.39958,0.09465,1.12472,32.72932,0.1607,44.6,48.0000,0.0000,0.0000,0.0000
1699000,48.9564,51.0418,50.1873,-5.59296,5.30055,0.29241,1.15770,33.22523,0.1654,45.3,48.0000,0.0000,0.0000,0.0000
1700000,48.9545,51.0436,50.2636,-5.69088,5.18562,0.50526,1.19118,33.72114,0.1702,46.0,48.0000,0.0000,0.0000,0.0000
1701000,48.9509,51.0473,50.3127,-5.77803,5.07044,0.70759,1.22515,34.21705,0.1750,46.7,48.0000,0.0000,0.0000,0.0000
1702000,48.9509,51.0473,50.3909,-5.86660,4.94421,0.92239,1.25961,34.71296,0.1799,47.4,48.0000,0.0000,0.0000,0.0000
1703000,48.9527,51.0455,50.4473,-5.94621,4.81057,1.13564,1.29457,35.20865,0.1849,48.0,48.0000,0.0000,0.0000,0.0000
1704000,48.9545,51.0436,50.5291,-6.02483,4.66953,1.35530,1.33002,35.70320,0.1900,48.7,48.0000,0.0000,0.0000,0.0000
1705000,48.9582,51.0400,50.5836,-6.09257,4.52290,1.56967,1.36598,36.19911,0.1951,49.4,48.0000,0.0000,0.0000,0.0000
1706000,48.9655,51.0327,50.6691,-6.15718,4.36519,1.79199,1.40242,36.69502,0.2003,50.1,48.0000,0.0000,0.0000,0.0000
1707000,48.9727,51.0255,50.7236,-6.20869,4.19675,2.01194,1.43937,37.18919,0.2056,50.7,48.0000,0.0000,0.0000,0.0000
1708000,48.9836,51.0145,50.8091,-6.25961,4.02229,2.23731,1.47680,37.68129,0.2110,51.4,48.0000,0.0000,0.0000,0.0000
1709000,48.9927,51.0055,50.8673,-6.29626,3.84410,2.45216,1.51473,38.17338,0.2164,52.1,48.0000,0.0000,0.0000,0.0000
1710000,49.0091,50.9891,50.9545,-6.32917,3.65028,2.67889,1.55315,38.66548,0.2219,52.7,48.0000,0.0000,0.0000,0.0000
1711000,49.0036,50.9582,50.9945,-6.34732,3.45346,2.89386,1.59206,39.15757,0.2274,53.4,48.0000,0.0000,0.0000,0.0000
1712000,48.9691,50.8855,51.0291,-6.36236,3.24622,3.11614,1.63146,39.64967,0.2331,54.1,48.0000,0.0000,0.0000,0.0000
1713000,48.9473,50.8309,51.0509,-6.37024,3.03878,3.33146,1.67136,40.14177,0.2388,54.8,48.0000,0.0000,0.0000,0.0000
1714000,48.9182,50.7491,51.0800,-6.36299,2.81255,3.55044,1.71175,40.63386,0.2445,55.4,48.0000,0.0000,0.0000,0.0000
1715000,48.8982,50.6891,51.1000,-6.34519,2.58941,3.75578,1.75263,41.12596,0.2504,56.1,48.0000,0.0000,0.0000,0.0000
1716000,48.8727,50.6000,51.1255,-6.31410,2.34866,3.96544,1.79400,41.61805,0.2563,56.8,48.0000,0.0000,0.0000,0.0000
1717000,48.8545,50.5345,51.1436,-6.27467,2.10820,4.16647,1.83586,42.11015,0.2623,57.4,48.0000,0.0000,0.0000,0.0000
1718000,48.8327,50.4382,51.1655,-6.22084,1.85102,4.36982,1.87822,42.60225,0.2683,58.1,48.0000,0.0000,0.0000,0.0000
1719000,48.8182,50.3691,51.1800,-6.16112,1.59832,4.56281,1.92106,43.09434,0.2744,58.8,48.0000,0.0000,0.0000,0.0000
1720000,48.8000,50.2655,51.1982,-6.08710,1.33049,4.75660,1.96440,43.58644,0.2806,59.5,48.0000,0.0000,0.0000,0.0000
1721000,48.7891,50.1945,51.2091,-6.00414,1.06848,4.93566,2.00825,44.07853,0.2869,60.1,48.0000,0.0000,0.0000,0.0000
1722000,48.7745,50.0818,51.2236,-5.90142,0.78785,5.11357,2.05258,44.57063,0.2932,60.8,48.0000,0.0000,0.0000,0.0000
1723000,48.7673,50.0055,51.2309,-5.79411,0.51392,5.28019,2.09739,45.06273,0.2996,61.5,48.0000,0.0000,0.0000,0.0000
1724000,48.7600,49.8909,51.2382,-5.66636,0.22579,5.44057,2.14270,45.55482,0.3061,62.1,48.0000,0.0000,0.0000,0.0000
1725000,48.7582,49.8109,51.2400,-5.53215,-0.05689,5.58904,2.18850,46.04692,0.3126,62.8,48.0000,0.0000,0.0000,0.0000
1726000,48.7582,49.6909,51.2400,-5.37951,-0.35283,5.73234,2.23479,46.53901,0.3193,63.5,48.0000,0.0000,0.0000,0.0000
1727000,48.7600,49.6073,51.2382,-5.21631,-0.64200,5.85831,2.28158,47.03111,0.3259,64.2,48.0000,0.0000,0.0000,0.0000
1728000,48.7655,49.4836,51.2327,-5.03365,-0.94402,5.97767,2.32885,47.52320,0.3327,64.8,48.0000,0.0000,0.0000,0.0000
1729000,48.7727,49.3982,51.2255,-4.84749,-1.23292,6.08042,2.37662,48.01272,0.3395,65.5,48.0000,0.0000,0.0000,0.0000
1730000,48.7873,49.2727,51.2109,-4.64117,-1.53648,6.17765,2.42487,48.50100,0.3464,66.2,48.0000,0.0000,0.0000,0.0000
1731000,48.7964,49.1873,51.2018,-4.43300,-1.82700,6.26000,2.47361,48.98928,0.3534,66.8,48.0000,0.0000,0.0000,0.0000
1732000,48.8200,49.0600,51.1782,-4.20113,-2.12850,6.32964,2.52285,49.47756,0.3604,67.5,48.0000,0.0000,0.0000,0.0000
1733000,48.8364,48.9764,51.1618,-3.96602,-2.41479,6.38081,2.57257,49.96584,0.3675,68.2,48.0000,0.0000,0.0000,0.0000
1734000,48.8745,48.8564,51.1418,-3.71025,-2.71402,6.42427,2.62278,50.45412,0.3747,68.8,48.0000,0.0000,0.0000,0.0000
1735000,48.9509,48.8273,51.1709,-3.44988,-2.99601,6.44588,2.67348,50.94241,0.3819,69.5,48.0000,0.0000,0.0000,0.0000
1736000,49.0727,48.7836,51.2145,-3.16638,-3.28521,6.45159,2.72467,51.43069,0.3892,70.2,48.0000,0.0000,0.0000,0.0000
1737000,49.1564,48.7564,51.2418,-2.88493,-3.55911,6.44404,2.77635,51.91897,0.3966,70.8,48.0000,0.0000,0.0000,0.0000
1738000,49.2873,48.7218,51.2764,-2.58345,-3.83658,6.42003,2.82851,52.40725,0.4041,71.5,48.0000,0.0000,0.0000,0.0000
1739000,49.3764,48.6982,51.3000,-2.28276,-4.09685,6.37961,2.88116,52.89553,0.4116,72.2,48.0000,0.0000,0.0000,0.0000
1740000,49.5182,48.6691,51.3291,-1.95782,-4.35814,6.31597,2.93430,53.38381,0.4192,72.8,48.0000,0.0000,0.0000,0.0000
1741000,49.6164,48.6545,51.3436,-1.64169,-4.59731,6.23900,2.98793,53.87209,0.4268,73.5,48.0000,0.0000,0.0000,0.0000
1742000,49.7655,48.6327,51.3655,-1.30202,-4.83989,6.14191,3.04205,54.36037,0.4346,74.2,48.0000,0.0000,0.0000,0.0000
1743000,49.8709,48.6255,51.3727,-0.96777,-5.05754,6.02531,3.09665,54.84696,0.4424,74.8,48.0000,0.0000,0.0000,0.0000
1744000,50.0273,48.6127,51.3855,-0.60932,-5.27396,5.88328,3.15174,55.33143,0.4502,75.5,48.0000,0.0000,0.0000,0.0000
1745000,50.1345,48.6091,51.3891,-0.26396,-5.46904,5.73300,3.20731,55.81590,0.4582,76.1,48.0000,0.0000,0.0000,0.0000
1746000,50.2964,48.6091,51.3891,0.09906,-5.65424,5.55518,3.26337,56.30036,0.4662,76.8,48.0000,0.0000,0.0000,0.0000
1747000,50.4073,48.6109,51.3873,0.44779,-5.82034,5.37255,3.31991,56.78483,0.4743,77.5,48.0000,0.0000,0.0000,0.0000
1748000,50.5727,48.6236,51.3745,0.81639,-5.97657,5.16017,3.37694,57.26929,0.4824,78.1,48.0000,0.0000,0.0000,0.0000
1749000,50.6855,48.6345,51.3636,1.16943,-6.10545,4.93601,3.43445,57.75376,0.4906,78.8,48.0000,0.0000,0.0000,0.0000
1750000,50.8527,48.6582,51.3400,1.53792,-6.22272,4.68480,3.49244,58.23823,0.4989,79.4,48.0000,0.0000,0.0000,0.0000
1751000,50.9636,48.6764,51.3218,1.88753,-6.31631,4.42878,3.55092,58.72221,0.5073,80.1,48.0000,0.0000,0.0000,0.0000
1752000,51.1291,48.7109,51.2873,2.25079,-6.39585,4.14506,3.60988,59.20286,0.5157,80.8,48.0000,0.0000,0.0000,0.0000
1753000,51.2382,48.7382,51.2600,2.59218,-6.44684,3.85466,3.66933,59.68351,0.5242,81.4,48.0000,0.0000,0.0000,0.0000
1754000,51.3073,48.6909,51.1127,2.95380,-6.47766,3.52386,3.72925,60.16416,0.5328,82.1,48.0000,0.0000,0.0000,0.0000
1755000,51.3418,48.6564,51.0073,3.28763,-6.48491,3.19727,3.78965,60.64481,0.5414,82.7,48.0000,0.0000,0.0000,0.0000
1756000,51.3873,48.6109,50.8418,3.62315,-6.46943,2.84628,3.85054,61.12547,0.5501,83.4,48.0000,0.0000,0.0000,0.0000
1757000,51.4164,48.5818,50.7218,3.93618,-6.43081,2.49463,3.91190,61.60612,0.5588,84.0,48.0000,0.0000,0.0000,0.0000
1758000,51.4509,48.5473,50.5455,4.24927,-6.36892,2.11965,3.97375,62.08677,0.5677,84.7,48.0000,0.0000,0.0000,0.0000
1759000,51.4709,48.5273,50.4200,4.53597,-6.28659,1.75062,4.03610,62.56582,0.5766,85.4,48.0000,0.0000,0.0000,0.0000
1760000,51.4927,48.5055,50.2291,4.82102,-6.16965,1.34863,4.09891,63.04266,0.5856,86.0,48.0000,0.0000,0.0000,0.0000
1761000,51.5018,48.4964,50.0982,5.07361,-6.03278,0.95917,4.16219,63.51949,0.5946,86.7,48.0000,0.0000,0.0000,0.0000
1762000,51.5109,48.4873,49.8982,5.32553,-5.86942,0.54389,4.22594,63.99633,0.6037,87.3,48.0000,0.0000,0.0000,0.0000
1763000,51.5127,48.4855,49.7600,5.54627,-5.68958,0.14331,4.29018,64.46951,0.6129,87.9,48.0000,0.0000,0.0000,0.0000
1764000,51.5036,48.4945,49.5564,5.74900,-5.47159,-0.27741,4.35489,64.94254,0.6221,88.6,48.0000,0.0000,0.0000,0.0000
1765000,51.4945,48.5036,49.4164,5.92742,-5.23821,-0.68921,4.42006,65.41556,0.6314,89.2,48.0000,0.0000,0.0000,0.0000
1766000,51.4709,48.5273,49.2145,6.08631,-4.97011,-1.11621,4.48572,65.88858,0.6408,89.9,48.0000,0.0000,0.0000,0.0000
1767000,51.4509,48.5473,49.0727,6.22067,-4.69361,-1.52706,4.55184,66.36160,0.6503,90.5,48.0000,0.0000,0.0000,0.0000
1768000,51.4091,48.5891,48.8673,6.32687,-4.37487,-1.95200,4.61844,66.83463,0.6598,91.2,48.0000,0.0000,0.0000,0.0000
1769000,51.3782,48.6200,48.7345,6.40601,-4.05405,-2.35195,4.68551,67.30765,0.6694,91.8,48.0000,0.0000,0.0000,0.0000
1770000,51.3909,48.7473,48.6073,6.45626,-3.69606,-2.76021,4.75306,67.78067,0.6790,92.5,48.0000,0.0000,0.0000,0.0000
1771000,51.4327,48.8745,48.5655,6.47703,-3.33927,-3.13776,4.82107,68.25369,0.6887,93.1,48.0000,0.0000,0.0000,0.0000
1772000,51.4891,49.0800,48.5091,6.46773,-2.94200,-3.52574,4.88956,68.72672,0.6985,93.8,48.0000,0.0000,0.0000,0.0000
1773000,51.5200,49.2236,48.4782,6.42614,-2.54518,-3.88096,4.95853,69.19974,0.7084,94.4,48.0000,0.0000,0.0000,0.0000
1774000,51.5600,49.4436,48.4382,6.35130,-2.11050,-4.24080,5.02796,69.67276,0.7183,95.0,48.0000,0.0000,0.0000,0.0000
1775000,51.5818,49.5945,48.4164,6.25088,-1.68693,-4.56395,5.09787,70.14193,0.7283,95.7,48.0000,0.0000,0.0000,0.0000
1776000,51.6036,49.8291,48.3945,6.11197,-1.22915,-4.88282,5.16825,70.60732,0.7383,96.3,48.0000,0.0000,0.0000,0.0000
1777000,51.6127,49.9873,48.3855,5.95169,-0.78769,-5.16400,5.23909,71.07272,0.7484,97.0,48.0000,0.0000,0.0000,0.0000
1778000,51.6145,50.2273,48.3836,5.74814,-0.31342,-5.43472,5.31040,71.53811,0.7586,97.6,48.0000,0.0000,0.0000,0.0000
1779000,51.6091,50.3909,48.3891,5.52491,0.14190,-5.66681,5.38217,72.00350,0.7689,98.2,48.0000,0.0000,0.0000,0.0000
1780000,51.5927,50.6345,48.4055,5.26047,0.62497,-5.88545,5.45440,72.46889,0.7792,98.9,48.0000,0.0000,0.0000,0.0000
1781000,51.5745,50.7982,48.4236,4.98134,1.08223,-6.06357,5.52710,72.93429,0.7896,99.5,48.0000,0.0000,0.0000,0.0000
1782000,51.5345,51.0418,48.4636,4.65343,1.56288,-6.21631,5.60027,73.39968,0.8000,100.1,48.0000,0.0000,0.0000,0.0000
1783000,51.5000,51.2018,48.4982,4.31554,2.01298,-6.32852,5.67390,73.86507,0.8106,100.8,48.0000,0.0000,0.0000,0.0000
1784000,51.4400,51.4382,48.5582,3.93047,2.47852,-6.40898,5.74800,74.33047,0.8211,101.4,48.0000,0.0000,0.0000,0.0000
1785000,51.2945,51.4927,48.5055,3.54517,2.91196,-6.45713,5.82256,74.79586,0.8318,102.0,48.0000,0.0000,0.0000,0.0000
1786000,51.0564,51.5600,48.4382,3.11194,3.35241,-6.46436,5.89758,75.26125,0.8425,102.7,48.0000,0.0000,0.0000,0.0000
1787000,50.8945,51.6000,48.3982,2.68337,3.75501,-6.43838,5.97308,75.72665,0.8533,103.3,48.0000,0.0000,0.0000,0.0000
1788000,50.6400,51.6491,48.3491,2.21153,4.15917,-6.37071,6.04903,76.19204,0.8641,103.9,48.0000,0.0000,0.0000,0.0000
1789000,50.4655,51.6727,48.3255,1.74818,4.52112,-6.26929,6.12545,76.65743,0.8751,104.6,48.0000,0.0000,0.0000,0.0000
1790000,50.1927,51.7000,48.2982,1.24030,4.88016,-6.12045,6.20234,77.12283,0.8860,105.2,48.0000,0.0000,0.0000,0.0000
1791000,50.0073,51.7073,48.2909,0.74890,5.18993,-5.93883,6.27969,77.58822,0.8971,105.8,48.0000,0.0000,0.0000,0.0000
1792000,51.8582,51.6200,48.1400,4.67498,3.26494,-7.93992,0.07433,78.04368,0.0106,106.5,48.0000,0.0000,0.0000,0.0000
1793000,50.6800,51.7655,48.2327,6.21277,2.70221,-8.91499,0.15259,78.45818,0.0218,107.0,48.0000,0.0000,0.0000,0.0000
1794000,49.5582,51.7255,48.2727,4.51923,3.65211,-8.17134,0.23124,78.85073,0.0330,107.6,48.0000,0.0000,0.0000,0.0000
1795000,49.1091,51.6764,48.3218,2.23146,4.72380,-6.95527,0.31029,79.24754,0.0443,108.1,48.0000,0.0000,0.0000,0.0000
1796000,48.6527,51.5909,48.4073,0.07998,5.56992,-5.64990,0.38974,79.65932,0.0557,108.7,48.0000,0.0000,0.0000,0.0000
1797000,48.4473,51.5509,48.4964,-1.61070,6.11262,-4.50192,0.46961,80.09010,0.0671,109.3,48.0000,0.0000,0.0000,0.0000
1798000,48.3582,51.6400,48.7873,-2.92017,6.39493,-3.47476,0.54993,80.53841,0.0786,109.9,48.0000,0.0000,0.0000,0.0000
1799000,48.3127,51.6855,48.9782,-3.86951,6.48975,-2.62024,0.63070,81.00037,0.0901,110.5,48.0000,0.0000,0.0000,0.0000
1800000,48.2582,51.7400,49.2655,-4.60148,6.44679,-1.84531,0.71193,81.47189,0.1017,111.1,48.0000,0.0000,0.0000,0.0000
1801000,48.2309,51.7673,49.4564,-5.13525,6.31838,-1.18312,0.79364,81.95094,0.1134,111.8,48.0000,0.0000,0.0000,0.0000
1802000,48.2036,51.7945,49.7491,-5.56395,6.11424,-0.55028,0.87583,82.43159,0.1251,112.5,48.0000,0.0000,0.0000,0.0000
1803000,48.1927,51.8055,49.9473,-5.88739,5.87073,0.01667,0.95850,82.91484,0.1369,113.1,48.0000,0.0000,0.0000,0.0000
1804000,48.1927,51.8055,50.2491,-6.15287,5.56643,0.58644,1.04166,83.40312,0.1488,113.8,48.0000,0.0000,0.0000,0.0000
1805000,48.2018,51.7964,50.4491,-6.35104,5.24843,1.10261,1.12531,83.88858,0.1608,114.4,48.0000,0.0000,0.0000,0.0000
1806000,48.2309,51.7673,50.7545,-6.50573,4.87154,1.63419,1.20944,84.36923,0.1728,115.1,48.0000,0.0000,0.0000,0.0000
1807000,48.2582,51.7400,50.9582,-6.61646,4.49052,2.12594,1.29405,84.84988,0.1849,115.8,48.0000,0.0000,0.0000,0.0000
1808000,48.3145,51.6836,51.2564,-6.69053,4.06344,2.62709,1.37914,85.33054,0.1970,116.4,48.0000,0.0000,0.0000,0.0000
1809000,48.3618,51.6364,51.4491,-6.71720,3.63577,3.08143,1.46471,85.81119,0.2092,117.1,48.0000,0.0000,0.0000,0.0000
1810000,48.3564,51.4582,51.6418,-6.70596,3.15539,3.55058,1.55076,86.29057,0.2215,117.7,48.0000,0.0000,0.0000,0.0000
1811000,48.3000,51.2709,51.6982,-6.65162,2.68875,3.96287,1.63729,86.76360,0.2339,118.4,48.0000,0.0000,0.0000,0.0000
1812000,48.2273,50.9691,51.7709,-6.55827,2.17061,4.38766,1.72429,87.23662,0.2463,119.0,48.0000,0.0000,0.0000,0.0000
1813000,48.1855,50.7564,51.8127,-6.42782,1.66974,4.75808,1.81176,87.70964,0.2588,119.7,48.0000,0.0000,0.0000,0.0000
1814000,48.1436,50.4327,51.8545,-6.24455,1.11964,5.12491,1.89971,88.18266,0.2714,120.3,48.0000,0.0000,0.0000,0.0000
1815000,48.1236,50.2109,51.8745,-6.03393,0.59651,5.43742,1.98813,88.65569,0.2840,120.9,48.0000,0.0000,0.0000,0.0000
1816000,48.1164,49.8709,51.8818,-5.76689,0.03317,5.73372,2.07702,89.12597,0.2967,121.6,48.0000,0.0000,0.0000,0.0000
1817000,48.1182,49.6418,51.8800,-5.47698,-0.50049,5.97747,2.16637,89.59136,0.3095,122.2,48.0000,0.0000,0.0000,0.0000
1818000,48.1436,49.2982,51.8545,-5.12860,-1.06735,6.19595,2.25620,90.05676,0.3223,122.9,48.0000,0.0000,0.0000,0.0000
1819000,48.1709,49.0691,51.8273,-4.76660,-1.59597,6.36258,2.34648,90.52215,0.3352,123.5,48.0000,0.0000,0.0000,0.0000
1820000,48.2327,48.7309,51.7655,-4.34168,-2.15076,6.49244,2.43724,90.98754,0.3482,124.1,48.0000,0.0000,0.0000,0.0000
1821000,48.2836,48.5127,51.7145,-3.91237,-2.65755,6.56992,2.52845,91.45293,0.3612,124.8,48.0000,0.0000,0.0000,0.0000
1822000,48.4727,48.2873,51.7109,-3.42353,-3.17850,6.60202,2.62014,91.91833,0.3743,125.4,48.0000,0.0000,0.0000,0.0000
1823000,48.6891,48.2218,51.7764,-2.93281,-3.65264,6.58545,2.71229,92.38372,0.3875,126.0,48.0000,0.0000,0.0000,0.0000
1824000,49.0273,48.1418,51.8564,-2.38956,-4.12902,6.51859,2.80490,92.84170,0.4007,126.7,48.0000,0.0000,0.0000,0.0000
1825000,49.2636,48.1018,51.8964,-1.85993,-4.54505,6.40498,2.89798,93.29946,0.4140,127.3,48.0000,0.0000,0.0000,0.0000
1826000,49.6291,48.0582,51.9400,-1.27558,-4.95702,6.23260,2.99151,93.75723,0.4274,127.9,48.0000,0.0000,0.0000,0.0000
1827000,49.8800,48.0418,51.9564,-0.71189,-5.31188,6.02377,3.08550,94.21499,0.4408,128.5,48.0000,0.0000,0.0000,0.0000
1828000,50.2600,48.0400,51.9582,-0.10024,-5.64751,5.74775,3.17994,94.67275,0.4543,129.2,48.0000,0.0000,0.0000,0.0000
1829000,50.5127,48.0491,51.9491,0.47413,-5.92226,5.44812,3.27484,95.13052,0.4678,129.8,48.0000,0.0000,0.0000,0.0000
1830000,50.8982,48.0891,51.9091,1.08821,-6.16138,5.07317,3.37020,95.58828,0.4815,130.4,48.0000,0.0000,0.0000,0.0000
1831000,51.1473,48.1291,51.8691,1.65841,-6.33706,4.67865,3.46602,96.04604,0.4951,131.0,48.0000,0.0000,0.0000,0.0000
1832000,51.5164,48.2091,51.7891,2.25896,-6.47389,4.21493,3.56229,96.50381,0.5089,131.6,48.0000,0.0000,0.0000,0.0000
1833000,51.7382,48.2600,51.7073,2.80189,-6.54910,3.74721,3.65902,96.95577,0.5227,132.3,48.0000,0.0000,0.0000,0.0000
1834000,51.8473,48.1509,51.3509,3.36154,-6.56588,3.20435,3.75619,97.40591,0.5366,132.9,48.0000,0.0000,0.0000,0.0000
1835000,51.9073,48.0909,51.1018,3.86264,-6.53047,2.66783,3.85382,97.85604,0.5505,133.5,48.0000,0.0000,0.0000,0.0000
1836000,51.9764,48.0218,50.7109,4.36448,-6.42826,2.06378,3.95191,98.30618,0.5646,134.1,48.0000,0.0000,0.0000,0.0000
1837000,52.0073,47.9909,50.4436,4.79744,-6.27819,1.48075,4.05048,98.75631,0.5786,134.7,48.0000,0.0000,0.0000,0.0000
1838000,52.0327,47.9655,50.0309,5.21600,-6.05750,0.84150,4.14946,99.20644,0.5928,135.3,48.0000,0.0000,0.0000,0.0000
1839000,52.0309,47.9673,49.7509,5.56409,-5.79206,0.22797,4.24889,99.65658,0.6070,136.0,48.0000,0.0000,0.0000,0.0000
1840000,52.0073,47.9909,49.3291,5.88118,-5.44756,-0.43363,4.34877,100.10671,0.6213,136.6,48.0000,0.0000,0.0000,0.0000
1841000,51.9764,48.0218,49.0545,6.13038,-5.07612,-1.05425,4.44910,100.55685,0.6356,137.2,48.0000,0.0000,0.0000,0.0000
1842000,51.9018,48.0964,48.6436,6.32960,-4.62558,-1.70401,4.54988,101.00698,0.6500,137.8,48.0000,0.0000,0.0000,0.0000
1843000,51.8364,48.1618,48.3782,6.45966,-4.15625,-2.30341,4.65110,101.45171,0.6644,138.4,48.0000,0.0000,0.0000,0.0000
1844000,51.8600,48.4236,48.1382,6.53330,-3.60985,-2.92345,4.75276,101.89422,0.6790,139.0,48.0000,0.0000,0.0000,0.0000
1845000,51.9309,48.6873,48.0673,6.53827,-3.06291,-3.47536,4.85487,102.33672,0.6936,139.6,48.0000,0.0000,0.0000,0.0000
1846000,52.0182,49.1036,47.9800,6.47384,-2.43792,-4.03592,4.95741,102.77923,0.7082,140.2,48.0000,0.0000,0.0000,0.0000
1847000,52.0600,49.3964,47.9382,6.35526,-1.82747,-4.52779,5.06041,103.22173,0.7229,140.8,48.0000,0.0000,0.0000,0.0000
1848000,52.0945,49.8418,47.9036,6.14830,-1.14876,-4.99954,5.16386,103.66424,0.7377,141.4,48.0000,0.0000,0.0000,0.0000
1849000,52.0982,50.1418,47.9000,5.89651,-0.50161,-5.39490,5.26776,104.10674,0.7525,142.0,48.0000,0.0000,0.0000,0.0000
1850000,52.0800,50.6000,47.9182,5.55697,0.20272,-5.75970,5.37210,104.54925,0.7674,142.6,48.0000,0.0000,0.0000,0.0000
1851000,52.0491,50.9036,47.9491,5.18317,0.86594,-6.04911,5.47688,104.99175,0.7824,143.2,48.0000,0.0000,0.0000,0.0000
1852000,51.9727,51.3473,48.0255,4.71809,1.56332,-6.28141,5.58210,105.43426,0.7974,143.8,48.0000,0.0000,0.0000,0.0000
1853000,51.9036,51.6364,48.0945,4.22854,2.20512,-6.43366,5.68776,105.87676,0.8125,144.4,48.0000,0.0000,0.0000,0.0000
1854000,51.6364,51.9127,48.0855,3.64927,2.86658,-6.51584,5.79385,106.31927,0.8277,145.0,48.0000,0.0000,0.0000,0.0000
1855000,51.3527,51.9927,48.0055,3.07081,3.46132,-6.53213,5.90039,106.76177,0.8429,145.6,48.0000,0.0000,0.0000,0.0000
1856000,50.9000,52.0855,47.9127,2.40743,4.05911,-6.46654,6.00737,107.20428,0.8582,146.2,48.0000,0.0000,0.0000,0.0000
1857000,50.5855,52.1255,47.8727,1.75772,4.57441,-6.33213,6.11479,107.64426,0.8735,146.8,48.0000,0.0000,0.0000,0.0000
1858000,50.1018,52.1582,47.8400,1.03606,5.06909,-6.10514,6.22263,108.07913,0.8889,147.4,48.0000,0.0000,0.0000,0.0000
1859000,52.3982,51.8091,47.6000,3.68350,3.71188,-7.39538,0.04777,108.51124,0.0068,148.0,48.0000,0.0000,0.0000,0.0000
1860000,50.3945,52.2055,47.7927,5.89108,2.80097,-8.69205,0.15648,108.89868,0.0224,148.6,48.0000,0.0000,0.0000,0.0000
1861000,49.4382,52.1636,47.8345,4.44314,3.69802,-8.14116,0.26555,109.25232,0.0379,149.0,48.0000,0.0000,0.0000,0.0000
1862000,48.5055,52.0327,47.9655,1.91106,4.86915,-6.78021,0.37498,109.60358,0.0536,149.5,48.0000,0.0000,0.0000,0.0000
1863000,48.0709,51.9273,48.0818,-0.42019,5.73090,-5.31071,0.48477,109.97174,0.0693,150.0,48.0000,0.0000,0.0000,0.0000
1864000,47.9109,52.0873,48.6200,-2.36856,6.21860,-3.85004,0.59493,110.36473,0.0850,150.6,48.0000,0.0000,0.0000,0.0000
1865000,47.8418,52.1564,48.9709,-3.80424,6.38449,-2.58025,0.70550,110.78164,0.1008,151.1,48.0000,0.0000,0.0000,0.0000
1866000,47.7782,52.2200,49.4818,-4.89075,6.29676,-1.40601,0.81650,111.21776,0.1166,151.7,48.0000,0.0000,0.0000,0.0000
1867000,47.7582,52.2400,49.8236,-5.64350,6.05360,-0.41010,0.92794,111.66789,0.1326,152.3,48.0000,0.0000,0.0000,0.0000
1868000,47.7600,52.2382,50.3400,-6.20315,5.66214,0.54101,1.03984,112.12753,0.1485,153.0,48.0000,0.0000,0.0000,0.0000
1869000,47.7836,52.2145,50.6800,-6.56531,5.20425,1.36107,1.15220,112.59292,0.1646,153.6,48.0000,0.0000,0.0000,0.0000
1870000,47.8491,52.1491,51.1818,-6.80997,4.65140,2.15856,1.26502,113.05831,0.1807,154.2,48.0000,0.0000,0.0000,0.0000
1871000,47.9145,52.0836,51.5055,-6.93056,4.07915,2.85140,1.37831,113.52731,0.1969,154.9,48.0000,0.0000,0.0000,0.0000
1872000,48.0345,51.9455,51.9636,-6.95706,3.42577,3.53129,1.49208,113.99302,0.2132,155.5,48.0000,0.0000,0.0000,0.0000
1873000,47.9364,51.6364,52.0618,-6.89699,2.77902,4.11797,1.60630,114.45841,0.2295,156.1,48.0000,0.0000,0.0000,0.0000
1874000,47.8236,51.1436,52.1745,-6.74917,2.05723,4.69194,1.72099,114.92381,0.2459,156.8,48.0000,0.0000,0.0000,0.0000
1875000,47.7655,50.8036,52.2327,-6.53698,1.36128,5.17570,1.83615,115.38920,0.2623,157.4,48.0000,0.0000,0.0000,0.0000
1876000,47.7182,50.2727,52.2800,-6.23180,0.60264,5.62916,1.95177,115.85188,0.2788,158.0,48.0000,0.0000,0.0000,0.0000
1877000,47.7091,49.9127,52.2891,-5.88020,-0.10980,5.99000,2.06785,116.30964,0.2954,158.7,48.0000,0.0000,0.0000,0.0000
1878000,47.7309,49.3727,52.2673,-5.43411,-0.86524,6.29935,2.18439,116.76740,0.3121,159.3,48.0000,0.0000,0.0000,0.0000
1879000,47.7691,49.0127,52.2291,-4.95745,-1.56152,6.51897,2.30138,117.22517,0.3288,159.9,48.0000,0.0000,0.0000,0.0000
1880000,47.8600,48.4836,52.1382,-4.38687,-2.29230,6.67917,2.41883,117.67660,0.3455,160.5,48.0000,0.0000,0.0000,0.0000
1881000,47.9473,48.1436,52.0509,-3.80407,-2.94999,6.75406,2.53673,118.12673,0.3624,161.1,48.0000,0.0000,0.0000,0.0000
1882000,48.3327,47.8855,52.1127,-3.13246,-3.61632,6.74878,2.65508,118.57687,0.3793,161.8,48.0000,0.0000,0.0000,0.0000
1883000,48.6800,47.8000,52.1982,-2.46866,-4.19619,6.66485,2.77389,119.02700,0.3963,162.4,48.0000,0.0000,0.0000,0.0000
1884000,49.2255,47.7091,52.2891,-1.72146,-4.77121,6.49267,2.89314,119.47350,0.4133,163.0,48.0000,0.0000,0.0000,0.0000
1885000,49.6018,47.6691,52.3291,-1.00714,-5.25161,6.25875,3.01284,119.91600,0.4304,163.6,48.0000,0.0000,0.0000,0.0000
1886000,50.1800,47.6545,52.3436,-0.21725,-5.69417,5.91142,3.13297,120.35851,0.4476,164.2,48.0000,0.0000,0.0000,0.0000
1887000,50.5636,47.6691,52.3291,0.51550,-6.04256,5.52706,3.25355,120.80101,0.4648,164.8,48.0000,0.0000,0.0000,0.0000
1888000,51.1382,47.7345,52.2636,1.30564,-6.33133,5.02569,3.37456,121.24352,0.4821,165.4,48.0000,0.0000,0.0000,0.0000
1889000,51.5127,47.8018,52.1964,2.02007,-6.52218,4.50211,3.49603,121.68540,0.4994,166.0,48.0000,0.0000,0.0000,0.0000
1890000,52.0527,47.9455,52.0527,2.76708,-6.63667,3.86960,3.61794,122.12028,0.5168,166.6,48.0000,0.0000,0.0000,0.0000
1891000,52.1636,47.8345,51.7055,3.42983,-6.66403,3.23420,3.74028,122.55515,0.5343,167.2,48.0000,0.0000,0.0000,0.0000
1892000,52.2909,47.7073,51.1436,4.10037,-6.59356,2.49319,3.86305,122.99003,0.5519,167.8,48.0000,0.0000,0.0000,0.0000
1893000,52.3473,47.6509,50.7527,4.66494,-6.44199,1.77706,3.98626,123.42490,0.5695,168.4,48.0000,0.0000,0.0000,0.0000
1894000,52.3945,47.6036,50.1473,5.20679,-6.17288,0.96609,4.10989,123.85978,0.5871,169.0,48.0000,0.0000,0.0000,0.0000
1895000,52.3964,47.6018,49.7364,5.64706,-5.84638,0.19932,4.23395,124.29465,0.6049,169.6,48.0000,0.0000,0.0000,0.0000
1896000,52.3545,47.6436,49.1236,6.02824,-5.39661,-0.63163,4.35844,124.72546,0.6226,170.1,48.0000,0.0000,0.0000,0.0000
1897000,52.2982,47.7000,48.7182,6.31005,-4.91280,-1.39725,4.48337,125.15270,0.6405,170.7,48.0000,0.0000,0.0000,0.0000
1898000,52.1691,47.8291,48.1327,6.50937,-4.30533,-2.20404,4.60876,125.57995,0.6584,171.3,48.0000,0.0000,0.0000,0.0000
1899000,52.1436,48.0364,47.8545,6.60548,-3.67840,-2.92708,4.73457,126.00719,0.6764,171.9,48.0000,0.0000,0.0000,0.0000
1900000,52.2982,48.6145,47.7018,6.59744,-2.93670,-3.66074,4.86081,126.43444,0.6944,172.5,48.0000,0.0000,0.0000,0.0000
1901000,52.3727,49.0218,47.6255,6.50009,-2.20472,-4.29536,4.98746,126.86169,0.7125,173.1,48.0000,0.0000,0.0000,0.0000
1902000,52.4382,49.6564,47.5600,6.28302,-1.37672,-4.90630,5.11453,127.28893,0.7306,173.6,48.0000,0.0000,0.0000,0.0000
1903000,52.4491,50.0873,47.5491,5.98839,-0.58214,-5.40625,5.24203,127.71618,0.7489,174.2,48.0000,0.0000,0.0000,0.0000
1904000,52.4200,50.7364,47.5782,5.56279,0.29060,-5.85339,5.36995,128.14342,0.7671,174.8,48.0000,0.0000,0.0000,0.0000
1905000,52.3673,51.1673,47.6309,5.08335,1.09802,-6.18137,5.49829,128.57066,0.7855,175.4,48.0000,0.0000,0.0000,0.0000
1906000,52.2436,51.7891,47.7545,4.47387,1.95169,-6.42556,5.62705,128.99791,0.8039,176.0,48.0000,0.0000,0.0000,0.0000
1907000,52.0982,52.1564,47.8418,3.84162,2.71801,-6.55963,5.75627,129.42516,0.8223,176.6,48.0000,0.0000,0.0000,0.0000
1908000,51.4964,52.3255,47.6727,3.08061,3.50050,-6.58111,5.88593,129.85240,0.8408,177.1,48.0000,0.0000,0.0000,0.0000
1909000,51.0691,52.4073,47.5909,2.32208,4.17690,-6.49898,6.01601,130.27965,0.8594,177.7,48.0000,0.0000,0.0000,0.0000
1910000,50.4073,52.4836,47.5145,1.45916,4.83262,-6.29178,6.14651,130.70689,0.8781,178.3,48.0000,0.0000,0.0000,0.0000
1911000,49.9509,52.5000,47.4982,0.63455,5.36914,-6.00369,6.27744,131.13414,0.8968,178.9,48.0000,0.0000,0.0000,0.0000
1912000,51.4527,52.5436,47.4545,4.06208,3.75390,-7.81597,0.12559,131.54646,0.0179,179.5,48.0000,0.0000,0.0000,0.0000
1913000,49.8982,52.5309,47.4673,5.15610,3.49212,-8.64822,0.25732,131.89828,0.0368,179.9,48.0000,0.0000,0.0000,0.0000
1914000,48.4182,52.3618,47.6364,3.05808,4.54211,-7.60019,0.38938,132.21872,0.0556,180.4,48.0000,0.0000,0.0000,0.0000
1915000,47.7764,52.2218,47.8273,0.47502,5.51422,-5.98923,0.52176,132.54123,0.0745,180.8,48.0000,0.0000,0.0000,0.0000
1916000,47.5527,52.4455,48.6255,-1.91406,6.08249,-4.16843,0.65447,132.88567,0.0935,181.3,48.0000,0.0000,0.0000,0.0000
1917000,47.4709,52.5273,49.1309,-3.72529,6.25474,-2.52945,0.78754,133.25986,0.1125,181.8,48.0000,0.0000,0.0000,0.0000
1918000,47.4200,52.5782,49.8709,-5.08200,6.06963,-0.98764,0.92100,133.66264,0.1316,182.3,48.0000,0.0000,0.0000,0.0000
1919000,47.4255,52.5727,50.3455,-5.98332,5.68330,0.30001,1.05487,134.08524,0.1507,182.9,48.0000,0.0000,0.0000,0.0000
1920000,47.4891,52.5091,51.0545,-6.59094,5.08487,1.50608,1.18917,134.52440,0.1699,183.5,48.0000,0.0000,0.0000,0.0000
1921000,47.5655,52.4327,51.5091,-6.91741,4.41967,2.49773,1.32392,134.96936,0.1891,184.1,48.0000,0.0000,0.0000,0.0000
1922000,47.7309,52.2673,52.1636,-7.06016,3.61841,3.44175,1.45912,135.42712,0.2084,184.7,48.0000,0.0000,0.0000,0.0000
1923000,47.6509,51.9036,52.3473,-7.03591,2.82187,4.21404,1.59477,135.88489,0.2278,185.4,48.0000,0.0000,0.0000,0.0000
1924000,47.5000,51.2327,52.4982,-6.85942,1.92207,4.93735,1.73089,136.34265,0.2473,186.0,48.0000,0.0000,0.0000,0.0000
1925000,47.4364,50.7655,52.5618,-6.57584,1.06292,5.51292,1.86746,136.80042,0.2668,186.6,48.0000,0.0000,0.0000,0.0000
1926000,47.3927,50.0455,52.6055,-6.15584,0.12909,6.02675,2.00449,137.25818,0.2864,187.2,48.0000,0.0000,0.0000,0.0000
1927000,47.4018,49.5564,52.5964,-5.67139,-0.73001,6.40140,2.14197,137.71507,0.3060,187.9,48.0000,0.0000,0.0000,0.0000
1928000,47.4691,48.8327,52.5291,-5.05193,-1.64393,6.69586,2.27990,138.15758,0.3257,188.5,48.0000,0.0000,0.0000,0.0000
1929000,47.5527,48.3618,52.4455,-4.40709,-2.45775,6.86484,2.41829,138.60008,0.3455,189.1,48.0000,0.0000,0.0000,0.0000
1930000,47.7600,47.7127,52.2855,-3.62809,-3.29519,6.92329,2.55712,139.04259,0.3653,189.7,48.0000,0.0000,0.0000,0.0000
1931000,48.2018,47.5782,52.4200,-2.85760,-4.01554,6.87313,2.69638,139.48509,0.3852,190.3,48.0000,0.0000,0.0000,0.0000
1932000,48.9109,47.4345,52.5636,-1.97124,-4.72457,6.69581,2.83609,139.92760,0.4052,190.9,48.0000,0.0000,0.0000,0.0000
1933000,49.4091,47.3764,52.6218,-1.12379,-5.29972,6.42351,2.97623,140.37010,0.4252,191.5,48.0000,0.0000,0.0000,0.0000
1934000,50.1691,47.3491,52.6491,-0.18213,-5.82724,6.00938,3.11681,140.80377,0.4453,192.1,48.0000,0.0000,0.0000,0.0000
1935000,50.6782,47.3709,52.6273,0.68654,-6.22211,5.53558,3.25783,141.23102,0.4654,192.7,48.0000,0.0000,0.0000,0.0000
1936000,51.4327,47.4673,52.5309,1.62010,-6.52962,4.90952,3.39929,141.65826,0.4856,193.2,48.0000,0.0000,0.0000,0.0000
1937000,51.9182,47.5727,52.4255,2.44983,-6.70533,4.25550,3.54116,142.08551,0.5059,193.8,48.0000,0.0000,0.0000,0.0000
1938000,52.4073,47.5909,52.0127,3.30798,-6.76744,3.45946,3.68345,142.51276,0.5262,194.4,48.0000,0.0000,0.0000,0.0000
1939000,52.5273,47.4709,51.5327,4.04124,-6.70736,2.66612,3.82617,142.94000,0.5466,195.0,48.0000,0.0000,0.0000,0.0000
1940000,52.6473,47.3509,50.7691,4.76035,-6.51049,1.75014,3.96933,143.36725,0.5670,195.6,48.0000,0.0000,0.0000,0.0000
1941000,52.6855,47.3127,50.2436,5.34067,-6.21702,0.87636,4.11287,143.79449,0.5876,196.2,48.0000,0.0000,0.0000,0.0000
1942000,52.6764,47.3218,49.4418,5.86303,-5.76450,-0.09854,4.25687,144.21655,0.6081,196.7,48.0000,0.0000,0.0000,0.0000
1943000,52.6273,47.3709,48.9145,6.24286,-5.24674,-0.99611,4.40132,144.62854,0.6288,197.3,48.0000,0.0000,0.0000,0.0000
1944000,52.4873,47.5109,48.1418,6.52004,-4.56915,-1.95089,4.54617,145.04053,0.6495,197.9,48.0000,0.0000,0.0000,0.0000
1945000,52.3527,47.6455,47.6527,6.66443,-3.86987,-2.79455,4.69143,145.45251,0.6702,198.4,48.0000,0.0000,0.0000,0.0000
1946000,52.5545,48.3818,47.4436,6.66833,-3.01177,-3.65656,4.83708,145.86450,0.6910,199.0,48.0000,0.0000,0.0000,0.0000
1947000,52.6509,48.9055,47.3473,6.55566,-2.16556,-4.39010,4.98314,146.27649,0.7119,199.5,48.0000,0.0000,0.0000,0.0000
1948000,52.7273,49.7218,47.2709,6.27974,-1.19378,-5.08595,5.12960,146.68848,0.7328,200.1,48.0000,0.0000,0.0000,0.0000
1949000,52.7309,50.2782,47.2673,5.90474,-0.27171,-5.63303,5.27647,147.10046,0.7538,200.7,48.0000,0.0000,0.0000,0.0000
1950000,52.6673,51.1091,47.3309,5.36059,0.74211,-6.10270,5.42380,147.51245,0.7748,201.2,48.0000,0.0000,0.0000,0.0000
1951000,52.5782,51.6509,47.4200,4.75328,1.66491,-6.41820,5.57154,147.92444,0.7959,201.8,48.0000,0.0000,0.0000,0.0000
1952000,52.3527,52.3982,47.6000,3.97506,2.62892,-6.60398,5.71969,148.33643,0.8171,202.4,48.0000,0.0000,0.0000,0.0000
1953000,51.8436,52.5455,47.4527,3.17914,3.47020,-6.64934,5.86823,148.74841,0.8383,202.9,48.0000,0.0000,0.0000,0.0000
1954000,51.0327,52.7018,47.2964,2.23183,4.30476,-6.53660,6.01717,149.16040,0.8596,203.5,48.0000,0.0000,0.0000,0.0000
1955000,50.4636,52.7600,47.2382,1.30910,4.99326,-6.30236,6.16652,149.57239,0.8809,204.0,48.0000,0.0000,0.0000,0.0000
1956000,52.4636,52.7036,47.2945,1.94838,4.71892,-6.66730,0.03311,149.98238,0.0047,204.6,48.0000,0.0000,0.0000,0.0000
1957000,50.5636,52.8018,47.1964,5.35885,3.13470,-8.49355,0.18328,150.34000,0.0262,205.1,48.0000,0.0000,0.0000,0.0000
1958000,48.6218,52.6800,47.3182,3.88282,4.04130,-7.92412,0.33377,150.64249,0.0477,205.5,48.0000,0.0000,0.0000,0.0000
1959000,47.7473,52.5000,47.4982,1.27166,5.17642,-6.44808,0.48456,150.93291,0.0692,205.9,48.0000,0.0000,0.0000,0.0000
1960000,47.3164,52.6818,48.3673,-1.38213,5.92664,-4.54451,0.63564,151.24471,0.0908,206.3,48.0000,0.0000,0.0000,0.0000
1961000,47.2073,52.7909,49.0091,-3.45218,6.19462,-2.74245,0.78706,151.58772,0.1124,206.8,48.0000,0.0000,0.0000,0.0000
1962000,47.1436,52.8545,49.9418,-5.02748,6.01423,-0.98675,0.93883,151.96246,0.1341,207.3,48.0000,0.0000,0.0000,0.0000
1963000,47.1600,52.8382,50.5491,-6.06269,5.57275,0.48993,1.09099,152.36554,0.1559,207.9,48.0000,0.0000,0.0000,0.0000
1964000,47.2636,52.7345,51.4327,-6.72732,4.85450,1.87281,1.24357,152.78740,0.1777,208.4,48.0000,0.0000,0.0000,0.0000
1965000,47.3836,52.6145,51.9927,-7.05116,4.04824,3.00293,1.39657,153.22192,0.1995,209.0,48.0000,0.0000,0.0000,0.0000
1966000,47.4255,52.1618,52.5727,-7.12885,3.07602,4.05283,1.55001,153.66443,0.2214,209.6,48.0000,0.0000,0.0000,0.0000
1967000,47.2891,51.6109,52.7091,-7.00080,2.11701,4.88379,1.70390,154.10693,0.2434,210.2,48.0000,0.0000,0.0000,0.0000
1968000,47.1636,50.7382,52.8345,-6.67515,1.04057,5.63458,1.85822,154.54944,0.2655,210.8,48.0000,0.0000,0.0000,0.0000
1969000,47.1273,50.1364,52.8709,-6.22913,0.04048,6.18865,2.01300,154.99194,0.2876,211.4,48.0000,0.0000,0.0000,0.0000
1970000,47.1564,49.2273,52.8418,-5.60303,-1.03603,6.63906,2.16821,155.43445,0.3097,212.0,48.0000,0.0000,0.0000,0.0000
1971000,47.2291,48.6327,52.7691,-4.91114,-1.99481,6.90594,2.32386,155.87695,0.3320,212.6,48.0000,0.0000,0.0000,0.0000
1972000,47.4145,47.7709,52.5836,-4.05747,-2.98937,7.04684,2.47996,156.31946,0.3543,213.2,48.0000,0.0000,0.0000,0.0000
1973000,47.7636,47.4109,52.5873,-3.19947,-3.83388,7.03335,2.63649,156.75844,0.3766,213.8,48.0000,0.0000,0.0000,0.0000
1974000,48.6291,47.2127,52.7855,-2.19220,-4.66922,6.86143,2.79347,157.18568,0.3991,214.4,48.0000,0.0000,0.0000,0.0000
1975000,49.2364,47.1309,52.8673,-1.22971,-5.33537,6.56509,2.95087,157.61293,0.4216,215.0,48.0000,0.0000,0.0000,0.0000
1976000,50.1709,47.0927,52.9055,-0.15460,-5.94086,6.09546,3.10870,158.04018,0.4441,215.6,48.0000,0.0000,0.0000,0.0000
1977000,50.8018,47.1236,52.8745,0.83321,-6.37095,5.53774,3.26695,158.46742,0.4667,216.2,48.0000,0.0000,0.0000,0.0000
1978000,51.7236,47.2545,52.7436,1.88907,-6.68796,4.79890,3.42562,158.89467,0.4894,216.8,48.0000,0.0000,0.0000,0.0000
1979000,52.3091,47.3964,52.6018,2.81675,-6.84329,4.02654,3.58474,159.31151,0.5121,217.3,48.0000,0.0000,0.0000,0.0000
1980000,52.7164,47.2818,51.9036,3.75660,-6.84289,3.08629,3.74426,159.72350,0.5349,217.9,48.0000,0.0000,0.0000,0.0000
1981000,52.8382,47.1600,51.2927,4.54170,-6.70098,2.15928,3.90418,160.13548,0.5577,218.5,48.0000,0.0000,0.0000,0.0000
1982000,52.9345,47.0636,50.3400,5.28458,-6.37428,1.08970,4.06453,160.54747,0.5806,219.0,48.0000,0.0000,0.0000,0.0000
1983000,52.9400,47.0582,49.6873,5.84933,-5.93790,0.08857,4.22525,160.95946,0.6036,219.6,48.0000,0.0000,0.0000,0.0000
1984000,52.8564,47.1418,48.7200,6.31606,-5.30533,-1.01073,4.38642,161.37144,0.6266,220.1,48.0000,0.0000,0.0000,0.0000
1985000,52.7418,47.2564,48.0909,6.60202,-4.60387,-1.99815,4.54803,161.78343,0.6497,220.7,48.0000,0.0000,0.0000,0.0000
1986000,52.6382,47.6655,47.3600,6.74348,-3.71492,-3.02856,4.71003,162.19514,0.6729,221.3,48.0000,0.0000,0.0000,0.0000
1987000,52.7927,48.2727,47.2055,6.71476,-2.81698,-3.89778,4.87243,162.59187,0.6961,221.8,48.0000,0.0000,0.0000,0.0000
1988000,52.9400,49.2418,47.0582,6.50233,-1.75327,-4.74905,5.03521,162.98860,0.7193,222.3,48.0000,0.0000,0.0000,0.0000
1989000,52.9800,49.9109,47.0182,6.16283,-0.73856,-5.42428,5.19837,163.38533,0.7426,222.9,48.0000,0.0000,0.0000,0.0000
1990000,52.9382,50.9218,47.0600,5.60979,0.40148,-6.01127,5.36193,163.78206,0.7660,223.4,48.0000,0.0000,0.0000,0.0000
1991000,52.8473,51.5818,47.1509,4.96842,1.43760,-6.40602,5.52594,164.17879,0.7894,224.0,48.0000,0.0000,0.0000,0.0000
1992000,52.6182,52.5236,47.3800,4.11779,2.53414,-6.65193,5.69034,164.57552,0.8129,224.5,48.0000,0.0000,0.0000,0.0000
1993000,52.0600,52.7564,47.2418,3.23742,3.47670,-6.71412,5.85512,164.97224,0.8364,225.1,48.0000,0.0000,0.0000,0.0000
1994000,51.0800,52.9418,47.0564,2.17052,4.40530,-6.57583,6.02028,165.36897,0.8600,225.6,48.0000,0.0000,0.0000,0.0000
1995000,50.3964,53.0036,46.9945,1.13942,5.15385,-6.29327,6.18582,165.76570,0.8837,226.1,48.0000,0.0000,0.0000,0.0000
1996000,52.2055,52.9800,47.0182,1.64252,4.96840,-6.61092,0.06863,166.16147,0.0098,226.7,48.0000,0.0000,0.0000,0.0000
1997000,50.1873,53.0382,46.9600,4.90418,3.55416,-8.45834,0.23497,166.50397,0.0336,227.1,48.0000,0.0000,0.0000,0.0000
1998000,48.0982,52.8273,47.1709,3.29134,4.45803,-7.74938,0.40162,166.78761,0.0574,227.5,48.0000,0.0000,0.0000,0.0000
1999000,47.2836,52.7145,47.5527,0.60231,5.48151,-6.08382,0.56855,167.06227,0.0812,227.9,48.0000,0.0000,0.0000,0.0000
2000000,46.9982,53.0000,48.7600,-2.08204,6.03530,-3.95326,0.73575,167.35486,0.1051,228.3,48.0000,0.0000,0.0000,0.0000
2001000,46.9182,53.0800,49.5327,-4.12197,6.08259,-1.96062,0.90327,167.68211,0.1290,228.7,48.0000,0.0000,0.0000,0.0000
2002000,46.9255,53.0727,50.6473,-5.61239,5.64823,-0.03584,1.07113,168.04477,0.1530,229.2,48.0000,0.0000,0.0000,0.0000
2003000,47.0036,52.9945,51.3636,-6.52413,4.96570,1.55843,1.23937,168.43530,0.1771,229.8,48.0000,0.0000,0.0000,0.0000
2004000,47.2218,52.7764,52.3745,-7.01323,3.99010,3.02313,1.40800,168.84708,0.2011,230.3,48.0000,0.0000,0.0000,0.0000
2005000,47.2182,52.3582,52.7800,-7.13860,2.96876,4.16983,1.57707,169.27432,0.2253,230.9,48.0000,0.0000,0.0000,0.0000
2006000,47.0000,51.3545,52.9982,-6.96951,1.77608,5.19343,1.74655,169.70575,0.2495,231.5,48.0000,0.0000,0.0000,0.0000
2007000,46.9200,50.6509,53.0782,-6.59405,0.65188,5.94216,1.91648,170.14825,0.2738,232.1,48.0000,0.0000,0.0000,0.0000
2008000,46.9018,49.5709,53.0964,-5.98307,-0.57853,6.56159,2.08685,170.59076,0.2981,232.7,48.0000,0.0000,0.0000,0.0000
2009000,46.9600,48.8564,53.0382,-5.26608,-1.67083,6.93691,2.25767,171.03326,0.3225,233.3,48.0000,0.0000,0.0000,0.0000
2010000,47.1491,47.8200,52.8491,-4.34321,-2.80966,7.15287,2.42892,171.46323,0.3470,233.9,48.0000,0.0000,0.0000,0.0000
2011000,47.4291,47.2564,52.7418,-3.39811,-3.76942,7.16752,2.60060,171.89047,0.3715,234.5,48.0000,0.0000,0.0000,0.0000
2012000,48.4400,47.0073,52.9909,-2.27374,-4.71618,6.98993,2.77270,172.31772,0.3961,235.1,48.0000,0.0000,0.0000,0.0000
2013000,49.1527,46.9091,53.0891,-1.20486,-5.45254,6.65740,2.94522,172.74496,0.4207,235.7,48.0000,0.0000,0.0000,0.0000
2014000,50.2636,46.8691,53.1291,-0.00284,-6.11225,6.11509,3.11819,173.17221,0.4455,236.2,48.0000,0.0000,0.0000,0.0000
2015000,51.0018,46.9145,53.0836,1.08892,-6.55860,5.46968,3.29157,173.58446,0.4702,236.8,48.0000,0.0000,0.0000,0.0000
2016000,52.0782,47.0927,52.9055,2.25158,-6.86212,4.61054,3.46536,173.99644,0.4951,237.4,48.0000,0.0000,0.0000,0.0000
2017000,52.7345,47.2636,52.6982,3.24722,-6.96386,3.71664,3.63955,174.40843,0.5199,237.9,48.0000,0.0000,0.0000,0.0000
2018000,53.0036,46.9945,51.6655,4.24931,-6.87279,2.62348,3.81418,174.82042,0.5449,238.5,48.0000,0.0000,0.0000,0.0000
2019000,53.1127,46.8855,50.9309,5.05367,-6.61836,1.56468,3.98921,175.23241,0.5699,239.0,48.0000,0.0000,0.0000,0.0000
2020000,53.1618,46.8364,49.7927,5.77969,-6.14033,0.36064,4.16467,175.63608,0.5950,239.6,48.0000,0.0000,0.0000,0.0000
2021000,53.1182,46.8800,49.0309,6.29195,-5.54339,-0.74856,4.34053,176.03281,0.6201,240.1,48.0000,0.0000,0.0000,0.0000
2022000,52.9382,47.0600,47.9182,6.66033,-4.71486,-1.94546,4.51677,176.42953,0.6453,240.7,48.0000,0.0000,0.0000,0.0000
2023000,52.7600,47.2673,47.2382,6.82112,-3.83743,-2.98369,4.69339,176.82626,0.6705,241.2,48.0000,0.0000,0.0000,0.0000
2024000,53.0364,48.3309,46.9618,6.77463,-2.74364,-4.03099,4.87039,177.22299,0.6958,241.8,48.0000,0.0000,0.0000,0.0000
2025000,53.1455,49.0891,46.8527,6.54883,-1.67453,-4.87430,5.04777,177.61972,0.7211,242.3,48.0000,0.0000,0.0000,0.0000
2026000,53.1927,50.2636,46.8055,6.08849,-0.44048,-5.64801,5.22563,178.01645,0.7465,242.8,48.0000,0.0000,0.0000,0.0000
2027000,53.1436,51.0473,46.8545,5.49692,0.69971,-6.19663,5.40386,178.41318,0.7720,243.4,48.0000,0.0000,0.0000,0.0000
2028000,52.9491,52.1855,47.0491,4.65113,1.92985,-6.58098,5.58248,178.80426,0.7975,243.9,48.0000,0.0000,0.0000,0.0000
2029000,52.6673,52.8182,47.1800,3.75696,3.00071,-6.75767,5.76146,179.18573,0.8231,244.4,48.0000,0.0000,0.0000,0.0000
2030000,51.5600,53.0873,46.9109,2.63079,4.07497,-6.70575,5.94080,179.56720,0.8487,245.0,48.0000,0.0000,0.0000,0.0000
2031000,50.7782,53.1909,46.8073,1.52901,4.93925,-6.46826,6.12057,179.94867,0.8744,245.5,48.0000,0.0000,0.0000,0.0000
2032000,49.5709,53.2200,46.7782,0.25353,5.71396,-5.96749,0.01756,180.33014,0.0025,246.0,48.0000,0.0000,0.0000,0.0000
2033000,50.8982,53.2509,46.7473,4.20903,3.87259,-8.08163,0.19808,180.69023,0.0283,246.5,48.0000,0.0000,0.0000,0.0000
2034000,48.2818,53.0709,46.9273,3.74100,4.30881,-8.04981,0.37892,180.97473,0.0541,246.9,48.0000,0.0000,0.0000,0.0000
2035000,47.1545,52.8436,47.2455,1.23607,5.32759,-6.56366,0.56002,181.22459,0.0800,247.2,48.0000,0.0000,0.0000,0.0000
2036000,46.7964,53.2018,48.6655,-1.62376,5.95750,-4.33374,0.74137,181.48940,0.1059,247.6,48.0000,0.0000,0.0000,0.0000
2037000,46.7055,53.2927,49.5782,-3.87624,6.03302,-2.15678,0.92301,181.78729,0.1319,248.0,48.0000,0.0000,0.0000,0.0000
2038000,46.7291,53.2691,50.8818,-5.53961,5.54752,-0.00791,1.10496,182.12367,0.1579,248.5,48.0000,0.0000,0.0000,0.0000
2039000,46.8418,53.1564,51.7055,-6.53271,4.76450,1.76821,1.28726,182.49454,0.1839,249.0,48.0000,0.0000,0.0000,0.0000
2040000,47.1309,52.8673,52.8509,-7.02467,3.64477,3.37990,1.46995,182.88943,0.2100,249.5,48.0000,0.0000,0.0000,0.0000
2041000,46.9273,52.1309,53.0709,-7.10098,2.48763,4.61335,1.65305,183.30145,0.2361,250.1,48.0000,0.0000,0.0000,0.0000
2042000,46.7327,50.9345,53.2655,-6.81656,1.14121,5.67535,1.83656,183.72870,0.2624,250.6,48.0000,0.0000,0.0000,0.0000
2043000,46.6891,50.1073,53.3091,-6.30063,-0.10790,6.40854,2.02050,184.15594,0.2886,251.2,48.0000,0.0000,0.0000,0.0000
2044000,46.7491,48.8655,53.2491,-5.50292,-1.44810,6.95101,2.20487,184.58319,0.3150,251.8,48.0000,0.0000,0.0000,0.0000
2045000,46.8764,48.0600,53.1218,-4.61371,-2.60833,7.22205,2.38967,185.01044,0.3414,252.4,48.0000,0.0000,0.0000,0.0000
2046000,47.3218,47.0582,52.9400,-3.49178,-3.78809,7.27986,2.57489,185.43768,0.3678,253.0,48.0000,0.0000,0.0000,0.0000
2047000,48.0909,46.8618,53.1364,-2.37920,-4.73449,7.11369,2.76054,185.86493,0.3944,253.6,48.0000,0.0000,0.0000,0.0000
2048000,49.3236,46.6909,53.3073,-1.08471,-5.62120,6.70592,2.94662,186.28470,0.4209,254.1,48.0000,0.0000,0.0000,0.0000
2049000,50.1709,46.6655,53.3327,0.10999,-6.25487,6.14489,3.13312,186.69669,0.4476,254.7,48.0000,0.0000,0.0000,0.0000
2050000,51.4382,46.7618,53.2364,1.41403,-6.74890,5.33488,3.32002,187.10867,0.4743,255.3,48.0000,0.0000,0.0000,0.0000
2051000,52.2545,46.9164,53.0818,2.55322,-7.00212,4.44890,3.50732,187.52066,0.5010,255.8,48.0000,0.0000,0.0000,0.0000
2052000,53.0527,46.9455,52.3873,3.71801,-7.04113,3.32312,3.69506,187.93074,0.5279,256.4,48.0000,0.0000,0.0000,0.0000
2053000,53.2273,46.7709,51.5782,4.66091,-6.87264,2.21173,3.88319,188.32747,0.5547,256.9,48.0000,0.0000,0.0000,0.0000
2054000,53.3545,46.6436,50.2945,5.53882,-6.45001,0.91118,4.07176,188.72420,0.5817,257.5,48.0000,0.0000,0.0000,0.0000
2055000,53.3473,46.6509,49.4218,6.16820,-5.87875,-0.28945,4.26066,189.12093,0.6087,258.0,48.0000,0.0000,0.0000,0.0000
2056000,53.1927,46.8055,48.1364,6.63583,-5.03479,-1.60103,4.44996,189.51765,0.6357,258.5,48.0000,0.0000,0.0000,0.0000
2057000,52.9982,47.0000,47.3200,6.86273,-4.11828,-2.74445,4.63971,189.91438,0.6628,259.1,48.0000,0.0000,0.0000,0.0000
2058000,53.1800,48.0236,46.8182,6.86118,-2.95908,-3.90209,4.82984,190.29854,0.6900,259.6,48.0000,0.0000,0.0000,0.0000
2059000,53.3218,48.8800,46.6764,6.64771,-1.81525,-4.83246,5.02033,190.68001,0.7172,260.1,48.0000,0.0000,0.0000,0.0000
2060000,53.3891,50.2145,46.6091,6.15809,-0.47626,-5.68183,5.21117,191.06148,0.7445,260.6,48.0000,0.0000,0.0000,0.0000
2061000,53.3327,51.1091,46.6655,5.51641,0.75392,-6.27033,5.40238,191.44295,0.7718,261.2,48.0000,0.0000,0.0000,0.0000
2062000,53.1036,52.3982,46.8945,4.58632,2.07953,-6.66585,5.59406,191.82442,0.7992,261.7,48.0000,0.0000,0.0000,0.0000
2063000,52.6909,53.0291,46.9691,3.59925,3.21709,-6.81634,5.78610,192.20589,0.8266,262.2,48.0000,0.0000,0.0000,0.0000
2064000,51.4200,53.3109,46.6873,2.35817,4.34946,-6.70763,5.97850,192.58736,0.8541,262.7,48.0000,0.0000,0.0000,0.0000
2065000,50.5200,53.4018,46.5964,1.14823,5.23641,-6.38464,6.17125,192.96883,0.8816,263.2,48.0000,0.0000,0.0000,0.0000
2066000,51.9673,53.3764,46.6218,1.39707,5.17455,-6.57162,0.08124,193.34840,0.0116,263.8,48.0000,0.0000,0.0000,0.0000
2067000,49.7400,53.4073,46.5909,4.42210,3.87548,-8.29758,0.27476,193.66565,0.0393,264.2,48.0000,0.0000,0.0000,0.0000
2068000,47.3745,53.0782,46.9200,2.59892,4.79802,-7.39694,0.46855,193.91573,0.0669,264.5,48.0000,0.0000,0.0000,0.0000
2069000,46.7818,53.2164,47.7782,-0.20928,5.70609,-5.49682,0.66258,194.15074,0.0947,264.9,48.0000,0.0000,0.0000,0.0000
2070000,46.5291,53.4691,49.3473,-2.93272,6.01341,-3.08069,0.85686,194.41183,0.1224,265.2,48.0000,0.0000,0.0000,0.0000
2071000,46.5091,53.4891,50.3509,-4.90816,5.76132,-0.85316,1.05142,194.71365,0.1502,265.6,48.0000,0.0000,0.0000,0.0000
2072000,46.6545,53.3436,51.7764,-6.24433,4.94635,1.29798,1.24630,195.05373,0.1780,266.1,48.0000,0.0000,0.0000,0.0000
2073000,46.8564,53.1418,52.6582,-6.91831,3.91072,3.00759,1.44154,195.42743,0.2059,266.6,48.0000,0.0000,0.0000,0.0000
2074000,46.7236,52.1291,53.2745,-7.08751,2.55500,4.53251,1.63716,195.82220,0.2339,267.1,48.0000,0.0000,0.0000,0.0000
2075000,46.5727,51.2273,53.4255,-6.86564,1.22641,5.63923,1.83319,196.23419,0.2619,267.7,48.0000,0.0000,0.0000,0.0000
2076000,46.5000,49.8291,53.4982,-6.26822,-0.25917,6.52739,2.02965,196.65198,0.2899,268.3,48.0000,0.0000,0.0000,0.0000
2077000,46.5582,48.8909,53.4400,-5.47279,-1.58394,7.05672,2.22650,197.07922,0.3181,268.9,48.0000,0.0000,0.0000,0.0000
2078000,46.7945,47.5418,53.2036,-4.38934,-2.95666,7.34600,2.42380,197.50647,0.3463,269.4,48.0000,0.0000,0.0000,0.0000
2079000,47.2236,46.8764,53.1218,-3.25923,-4.08598,7.34521,2.62152,197.92868,0.3745,270.0,48.0000,0.0000,0.0000,0.0000
2080000,48.5545,46.5891,53.4091,-1.90154,-5.16391,7.06546,2.81966,198.34067,0.4028,270.6,48.0000,0.0000,0.0000,0.0000
2081000,49.4945,46.4945,53.5036,-0.62385,-5.96095,6.58480,3.01820,198.75266,0.4312,271.1,48.0000,0.0000,0.0000,0.0000
2082000,50.9255,46.5182,53.4800,0.80179,-6.61848,5.81670,3.21716,199.16464,0.4596,271.7,48.0000,0.0000,0.0000,0.0000
2083000,51.8673,46.6418,53.3564,2.05438,-6.99002,4.93564,3.41654,199.57269,0.4881,272.3,48.0000,0.0000,0.0000,0.0000
2084000,53.0982,46.9000,52.9236,3.35183,-7.13553,3.78370,3.61630,199.96942,0.5166,272.8,48.0000,0.0000,0.0000,0.0000
2085000,53.3309,46.6673,52.0418,4.41135,-7.02654,2.61519,3.81646,200.36615,0.5452,273.3,48.0000,0.0000,0.0000,0.0000
2086000,53.5218,46.4764,50.6236,5.40999,-6.64350,1.23351,4.01704,200.76288,0.5739,273.9,48.0000,0.0000,0.0000,0.0000
2087000,53.5364,46.4618,49.6473,6.11968,-6.07035,-0.04933,4.21799,201.15961,0.6026,274.4,48.0000,0.0000,0.0000,0.0000
2088000,53.3927,46.6055,48.1945,6.66233,-5.19558,-1.46676,4.41932,201.54298,0.6313,274.9,48.0000,0.0000,0.0000,0.0000
2089000,53.1873,46.8109,47.2764,6.92358,-4.22917,-2.69442,4.62102,201.92445,0.6601,275.5,48.0000,0.0000,0.0000,0.0000
2090000,53.3473,47.9018,46.6509,6.92500,-2.97807,-3.94693,4.82318,202.30592,0.6890,276.0,48.0000,0.0000,0.0000,0.0000
2091000,53.5000,48.8582,46.4982,6.68477,-1.75069,-4.93408,5.02569,202.68739,0.7180,276.5,48.0000,0.0000,0.0000,0.0000
2092000,53.5618,50.3527,46.4364,6.13193,-0.31112,-5.82081,5.22857,203.06886,0.7469,277.0,48.0000,0.0000,0.0000,0.0000
2093000,53.4855,51.3491,46.5127,5.40766,0.99975,-6.40740,5.43180,203.45033,0.7760,277.5,48.0000,0.0000,0.0000,0.0000
2094000,53.2000,52.7727,46.7982,4.36643,2.41192,-6.77835,5.63541,203.82372,0.8051,278.1,48.0000,0.0000,0.0000,0.0000
2095000,52.5291,53.2709,46.7273,3.26797,3.60172,-6.86970,5.83946,204.18993,0.8342,278.6,48.0000,0.0000,0.0000,0.0000
2096000,51.0745,53.5327,46.4655,1.89094,4.75852,-6.64946,6.04385,204.55614,0.8634,279.1,48.0000,0.0000,0.0000,0.0000
2097000,50.0600,53.5909,46.4073,0.57348,5.62980,-6.20328,6.24857,204.92235,0.8927,279.6,48.0000,0.0000,0.0000,0.0000
2098000,50.6400,53.5927,46.4055,3.26586,4.31825,-7.58411,0.17050,205.27618,0.0244,280.0,48.0000,0.0000,0.0000,0.0000
2099000,48.5655,53.4745,46.5236,3.76517,4.31592,-8.08109,0.37592,205.54907,0.0537,280.4,48.0000,0.0000,0.0000,0.0000
2100000,46.7200,53.2782,47.3273,1.14727,5.33740,-6.48466,0.58158,205.77190,0.0831,280.7,48.0000,0.0000,0.0000,0.0000
2101000,46.4491,53.5491,48.5164,-1.70563,5.96222,-4.25659,0.78747,206.00316,0.1125,281.0,48.0000,0.0000,0.0000,0.0000
2102000,46.3327,53.6655,50.2291,-4.16345,5.85519,-1.69174,0.99360,206.26817,0.1419,281.4,48.0000,0.0000,0.0000,0.0000
2103000,46.4055,53.5927,51.3109,-5.79090,5.24129,0.54961,1.20002,206.57625,0.1714,281.8,48.0000,0.0000,0.0000,0.0000
2104000,46.7073,53.2909,52.8182,-6.74355,4.09715,2.64639,1.40677,206.92432,0.2010,282.3,48.0000,0.0000,0.0000,0.0000
2105000,46.6509,52.6091,53.3473,-7.06336,2.81266,4.25071,1.61388,207.29997,0.2306,282.8,48.0000,0.0000,0.0000,0.0000
2106000,46.3836,51.1091,53.6145,-6.86515,1.25106,5.61409,1.82138,207.69606,0.2602,283.3,48.0000,0.0000,0.0000,0.0000
2107000,46.3273,50.0709,53.6709,-6.32243,-0.20333,6.52576,2.02929,208.10699,0.2899,283.9,48.0000,0.0000,0.0000,0.0000
2108000,46.4255,48.5164,53.5727,-5.39237,-1.76983,7.16220,2.23759,208.51898,0.3197,284.5,48.0000,0.0000,0.0000,0.0000
2109000,46.6145,47.5182,53.3836,-4.32461,-3.10035,7.42496,2.44632,208.93097,0.3495,285.0,48.0000,0.0000,0.0000,0.0000
2110000,47.5182,46.6091,53.3891,-2.97051,-4.41472,7.38523,2.65546,209.34296,0.3794,285.6,48.0000,0.0000,0.0000,0.0000
2111000,48.5182,46.4164,53.5818,-1.64670,-5.41981,7.06651,2.86501,209.75494,0.4093,286.1,48.0000,0.0000,0.0000,0.0000
2112000,50.0945,46.3127,53.6855,-0.12017,-6.29591,6.41608,3.07495,210.16693,0.4393,286.7,48.0000,0.0000,0.0000,0.0000
2113000,51.1509,46.3691,53.6291,1.24702,-6.84697,5.59995,3.28534,210.56837,0.4693,287.3,48.0000,0.0000,0.0000,0.0000
2114000,52.6745,46.6418,53.3564,2.69904,-7.16887,4.46982,3.49611,210.96510,0.4994,287.8,48.0000,0.0000,0.0000,0.0000
2115000,53.3327,46.6655,52.7764,3.89742,-7.19555,3.29814,3.70725,211.36183,0.5296,288.3,48.0000,0.0000,0.0000,0.0000
2116000,53.6309,46.3673,51.2545,5.05222,-6.91327,1.86104,3.91883,211.75856,0.5598,288.9,48.0000,0.0000,0.0000,0.0000
2117000,53.7055,46.2927,50.1836,5.89803,-6.40280,0.50477,4.13082,212.14059,0.5901,289.4,48.0000,0.0000,0.0000,0.0000
2118000,53.6182,46.3800,48.5655,6.57524,-5.55741,-1.01783,4.34313,212.52206,0.6204,289.9,48.0000,0.0000,0.0000,0.0000
2119000,53.4309,46.5673,47.5291,6.93113,-4.58587,-2.34526,4.55580,212.90353,0.6508,290.4,48.0000,0.0000,0.0000,0.0000
2120000,53.4309,47.4982,46.5673,7.00782,-3.29831,-3.70951,4.76894,213.28500,0.6813,291.0,48.0000,0.0000,0.0000,0.0000
2121000,53.6291,48.5364,46.3691,6.80825,-2.01414,-4.79411,4.98243,213.66167,0.7118,291.5,48.0000,0.0000,0.0000,0.0000
2122000,53.7291,50.1782,46.2691,6.25924,-0.49073,-5.76851,5.19627,214.02788,0.7423,292.0,48.0000,0.0000,0.0000,0.0000
2123000,53.6600,51.2782,46.3382,5.51628,0.90148,-6.41776,5.41045,214.39409,0.7729,292.5,48.0000,0.0000,0.0000,0.0000
2124000,53.3582,52.8564,46.6400,4.42319,2.40863,-6.83182,5.62502,214.76030,0.8036,293.0,48.0000,0.0000,0.0000,0.0000
2125000,52.6364,53.4200,46.5782,3.25535,3.66640,-6.92175,5.84000,215.12651,0.8343,293.5,48.0000,0.0000,0.0000,0.0000
2126000,51.0345,53.7018,46.2964,1.78959,4.87979,-6.66938,6.05532,215.49272,0.8650,294.0,48.0000,0.0000,0.0000,0.0000
2127000,49.9127,53.7527,46.2455,0.38476,5.77538,-6.16014,6.27097,215.85893,0.8959,294.5,48.0000,0.0000,0.0000,0.0000
2128000,50.3327,53.7491,46.2491,2.96618,4.56442,-7.53060,0.20383,216.20815,0.0291,294.9,48.0000,0.0000,0.0000,0.0000
2129000,48.1709,53.5745,46.4236,3.37188,4.60056,-7.97244,0.42017,216.46939,0.0600,295.3,48.0000,0.0000,0.0000,0.0000
2130000,46.4836,53.5145,47.5655,0.70070,5.52790,-6.22860,0.63675,216.68239,0.0910,295.6,48.0000,0.0000,0.0000,0.0000
2131000,46.2400,53.7582,48.8782,-2.14485,5.99680,-3.85195,0.85354,216.90077,0.1219,295.9,48.0000,0.0000,0.0000,0.0000
2132000,46.1909,53.8073,50.7564,-4.54088,5.68940,-1.14852,1.07056,217.15511,0.1529,296.2,48.0000,0.0000,0.0000,0.0000
2133000,46.3273,53.6709,51.9273,-6.06142,4.87783,1.18359,1.28786,217.45442,0.1840,296.6,48.0000,0.0000,0.0000,0.0000
2134000,46.6145,53.1218,53.3836,-6.84563,3.53143,3.31420,1.50549,217.79362,0.2151,297.1,48.0000,0.0000,0.0000,0.0000
2135000,46.3545,52.0545,53.6436,-6.98524,2.08091,4.90433,1.72346,218.16510,0.2462,297.6,48.0000,0.0000,0.0000,0.0000
2136000,46.1727,50.3673,53.8255,-6.56434,0.37633,6.18800,1.94182,218.55630,0.2774,298.2,48.0000,0.0000,0.0000,0.0000
2137000,46.1927,49.2200,53.8055,-5.81385,-1.16177,6.97561,2.16057,218.95651,0.3087,298.7,48.0000,0.0000,0.0000,0.0000
2138000,46.4345,47.5509,53.5636,-4.65488,-2.78044,7.43532,2.37974,219.36850,0.3400,299.3,48.0000,0.0000,0.0000,0.0000
2139000,46.8345,46.6236,53.3745,-3.40391,-4.09647,7.50039,2.59931,219.78049,0.3713,299.8,48.0000,0.0000,0.0000,0.0000
2140000,48.4473,46.2636,53.7345,-1.86061,-5.34035,7.20096,2.81929,220.19247,0.4028,300.4,48.0000,0.0000,0.0000,0.0000
2141000,49.5909,46.1636,53.8345,-0.40774,-6.22349,6.63123,3.03969,220.59900,0.4342,300.9,48.0000,0.0000,0.0000,0.0000
2142000,51.3273,46.2291,53.7691,1.21086,-6.91105,5.70018,3.26049,220.99573,0.4658,301.5,48.0000,0.0000,0.0000,0.0000
2143000,52.4455,46.4164,53.5818,2.59987,-7.23701,4.63714,3.48168,221.39246,0.4974,302.0,48.0000,0.0000,0.0000,0.0000
2144000,53.5382,46.4600,52.6491,4.01281,-7.26136,3.24855,3.70327,221.78918,0.5290,302.6,48.0000,0.0000,0.0000,0.0000
2145000,53.7545,46.2436,51.5382,5.10943,-6.98583,1.87640,3.92526,222.17081,0.5608,303.1,48.0000,0.0000,0.0000,0.0000
2146000,53.8600,46.1382,49.7782,6.07818,-6.34651,0.26833,4.14760,222.55228,0.5925,303.6,48.0000,0.0000,0.0000,0.0000
2147000,53.7818,46.2164,48.6055,6.69004,-5.51620,-1.17384,4.37030,222.93375,0.6243,304.1,48.0000,0.0000,0.0000,0.0000
2148000,53.4418,46.5564,46.9236,7.04195,-4.31961,-2.72234,4.59346,223.31310,0.6562,304.6,48.0000,0.0000,0.0000,0.0000
2149000,53.5800,47.4309,46.4182,7.05379,-3.06432,-3.98947,4.81698,223.67931,0.6881,305.1,48.0000,0.0000,0.0000,0.0000
2150000,53.8509,49.1600,46.1473,6.70983,-1.51553,-5.19430,5.04084,224.04552,0.7201,305.6,48.0000,0.0000,0.0000,0.0000
2151000,53.8782,50.3636,46.1200,6.10901,-0.05792,-6.05109,5.26503,224.41173,0.7521,306.1,48.0000,0.0000,0.0000,0.0000
2152000,53.6891,52.1400,46.3091,5.11484,1.56879,-6.68363,5.48962,224.77794,0.7842,306.6,48.0000,0.0000,0.0000,0.0000
2153000,53.4109,53.2527,46.5873,3.99615,2.96028,-6.95643,5.71462,225.14415,0.8164,307.1,48.0000,0.0000,0.0000,0.0000
2154000,51.8218,53.7545,46.2436,2.52248,4.34953,-6.87201,5.93996,225.50836,0.8486,307.6,48.0000,0.0000,0.0000,0.0000
2155000,50.6200,53.8873,46.1109,1.08207,5.40692,-6.48899,6.16560,225.85931,0.8808,308.1,48.0000,0.0000,0.0000,0.0000
2156000,51.5727,53.8636,46.1345,1.02285,5.49378,-6.51662,0.10849,226.21027,0.0155,308.6,48.0000,0.0000,0.0000,0.0000
2157000,49.0582,53.8273,46.1709,3.74775,4.34963,-8.09737,0.33485,226.49983,0.0478,309.0,48.0000,0.0000,0.0000,0.0000
2158000,46.5236,53.4745,46.8800,1.68313,5.22048,-6.90361,0.56146,226.71251,0.0802,309.3,48.0000,0.0000,0.0000,0.0000
2159000,46.1691,53.8291,48.3073,-1.22205,5.90443,-4.68238,0.78828,226.91180,0.1126,309.5,48.0000,0.0000,0.0000,0.0000
2160000,46.0255,53.9727,50.3764,-3.91075,5.80308,-1.89233,1.01529,227.13918,0.1450,309.9,48.0000,0.0000,0.0000,0.0000
2161000,46.1327,53.8655,51.6727,-5.71042,5.10906,0.60136,1.24257,227.41182,0.1775,310.2,48.0000,0.0000,0.0000,0.0000
2162000,46.5473,53.4509,53.4473,-6.71128,3.76874,2.94253,1.47013,227.73059,0.2100,310.7,48.0000,0.0000,0.0000,0.0000
2163000,46.2455,52.3109,53.7527,-6.97876,2.28116,4.69759,1.69804,228.08449,0.2426,311.1,48.0000,0.0000,0.0000,0.0000
2164000,46.0273,50.4800,53.9709,-6.60718,0.48498,6.12220,1.92631,228.46182,0.2752,311.7,48.0000,0.0000,0.0000,0.0000
2165000,46.0436,49.2309,53.9545,-5.85015,-1.14456,6.99471,2.15497,228.85670,0.3079,312.2,48.0000,0.0000,0.0000,0.0000
2166000,46.3055,47.4218,53.6927,-4.63688,-2.85343,7.49031,2.38401,229.25343,0.3406,312.7,48.0000,0.0000,0.0000,0.0000
2167000,46.7982,46.4709,53.5273,-3.31069,-4.23320,7.54389,2.61347,229.65016,0.3734,313.3,48.0000,0.0000,0.0000,0.0000
2168000,48.5600,46.1000,53.8982,-1.67131,-5.52282,7.19414,2.84332,230.04689,0.4062,313.8,48.0000,0.0000,0.0000,0.0000
2169000,49.8055,46.0109,53.9873,-0.13817,-6.41709,6.55526,3.07356,230.44362,0.4391,314.4,48.0000,0.0000,0.0000,0.0000
2170000,51.6818,46.1236,53.8745,1.55963,-7.07661,5.51698,3.30421,230.84035,0.4720,314.9,48.0000,0.0000,0.0000,0.0000
2171000,52.8764,46.3636,53.6345,2.99610,-7.34679,4.35069,3.53525,231.23708,0.5050,315.5,48.0000,0.0000,0.0000,0.0000
2172000,53.7673,46.2309,52.3309,4.43758,-7.26917,2.83159,3.76666,231.61880,0.5381,316.0,48.0000,0.0000,0.0000,0.0000
2173000,53.9527,46.0455,51.1000,5.51368,-6.87396,1.36027,3.99849,232.00027,0.5712,316.5,48.0000,0.0000,0.0000,0.0000
2174000,53.9800,46.0182,49.1855,6.41940,-6.07805,-0.34135,4.23071,232.38174,0.6044,317.0,48.0000,0.0000,0.0000,0.0000
2175000,53.8291,46.1691,47.9273,6.93503,-5.09166,-1.84336,4.46331,232.75134,0.6376,317.5,48.0000,0.0000,0.0000,0.0000
2176000,53.5873,46.8691,46.4109,7.13770,-3.72226,-3.41544,4.69624,233.11755,0.6709,318.0,48.0000,0.0000,0.0000,0.0000
2177000,53.8618,48.0691,46.1364,6.98276,-2.33444,-4.64832,4.92951,233.48376,0.7042,318.5,48.0000,0.0000,0.0000,0.0000
2178000,54.0273,49.9945,45.9709,6.42653,-0.64847,-5.77807,5.16316,233.84998,0.7376,319.0,48.0000,0.0000,0.0000,0.0000
2179000,53.9582,51.2909,46.0400,5.61557,0.88994,-6.50552,5.39723,234.21133,0.7710,319.5,48.0000,0.0000,0.0000,0.0000
2180000,53.6018,53.1491,46.3964,4.38530,2.55824,-6.94355,5.63163,234.56229,0.8045,320.0,48.0000,0.0000,0.0000,0.0000
2181000,52.6709,53.7327,46.2655,3.07120,3.92912,-7.00032,5.86633,234.91324,0.8380,320.5,48.0000,0.0000,0.0000,0.0000
2182000,50.7636,54.0182,45.9800,1.41821,5.22507,-6.64327,6.10141,235.26419,0.8716,320.9,48.0000,0.0000,0.0000,0.0000
2183000,49.4436,54.0345,45.9636,-0.13926,6.12542,-5.98616,0.05371,235.61514,0.0077,321.4,48.0000,0.0000,0.0000,0.0000
2184000,48.9527,53.9509,46.0473,3.53678,4.36477,-7.90155,0.28949,235.91771,0.0414,321.8,48.0000,0.0000,0.0000,0.0000
2185000,46.9291,53.6218,46.3764,2.19789,5.05731,-7.25520,0.52551,236.13013,0.0751,322.1,48.0000,0.0000,0.0000,0.0000
2186000,46.0127,53.9855,48.3982,-0.88758,5.80625,-4.91867,0.76174,236.31369,0.1088,322.4,48.0000,0.0000,0.0000,0.0000
2187000,45.8855,54.1127,49.8909,-3.58880,5.87062,-2.28182,0.99815,236.52364,0.1426,322.7,48.0000,0.0000,0.0000,0.0000
2188000,46.0382,53.9600,52.0000,-5.59239,5.07898,0.51341,1.23480,236.77876,0.1764,323.0,48.0000,0.0000,0.0000,0.0000
2189000,46.3327,53.6655,53.2818,-6.66334,3.86247,2.80087,1.47172,237.08167,0.2102,323.4,48.0000,0.0000,0.0000,0.0000
2190000,46.0418,52.0055,53.9564,-6.93306,2.13307,4.80000,1.70897,237.42293,0.2441,323.9,48.0000,0.0000,0.0000,0.0000
2191000,45.8964,50.6800,54.1018,-6.59693,0.43099,6.16594,1.94658,237.79286,0.2781,324.4,48.0000,0.0000,0.0000,0.0000
2192000,45.9491,48.6691,54.0491,-5.67159,-1.46641,7.13800,2.18456,238.17876,0.3121,324.9,48.0000,0.0000,0.0000,0.0000
2193000,46.1655,47.3800,53.8327,-4.49694,-3.06432,7.56126,2.42293,238.57549,0.3461,325.5,48.0000,0.0000,0.0000,0.0000
2194000,47.2982,46.1818,53.8164,-2.90913,-4.63714,7.54626,2.66171,238.97221,0.3802,326.0,48.0000,0.0000,0.0000,0.0000
2195000,48.5873,45.9545,54.0436,-1.34799,-5.79052,7.13852,2.90088,239.36894,0.4144,326.5,48.0000,0.0000,0.0000,0.0000
2196000,50.6091,45.8855,54.1127,0.45451,-6.73899,6.28448,3.14044,239.76567,0.4486,327.1,48.0000,0.0000,0.0000,0.0000
2197000,51.9436,46.0236,53.9745,2.02860,-7.24774,5.21913,3.38041,240.15689,0.4829,327.6,48.0000,0.0000,0.0000,0.0000
2198000,53.6545,46.3436,53.3436,3.65611,-7.41444,3.75832,3.62076,240.53836,0.5173,328.1,48.0000,0.0000,0.0000,0.0000
2199000,53.9582,46.0400,52.0836,4.92522,-7.20408,2.27886,3.86147,240.91983,0.5516,328.7,48.0000,0.0000,0.0000,0.0000
2200000,54.1418,45.8564,50.0564,6.05476,-6.57062,0.51586,4.10261,241.29863,0.5861,329.2,48.0000,0.0000,0.0000,0.0000
2201000,54.1345,45.8636,50.0000,5.85804,-6.81774,0.95970,4.34409,241.66336,0.6206,329.7,48.0000,0.0000,0.0000,0.0000
2202000,54.1218,45.8764,49.9491,4.39247,-9.24727,4.85481,4.58584,241.95914,0.6551,330.1,48.0000,0.0000,0.0000,0.0000
2203000,54.0945,45.9036,49.7800,3.17181,-13.38644,10.21463,4.82798,242.02423,0.6897,330.2,48.0000,0.0000,0.0000,0.0000
2204000,54.0091,45.9891,49.4236,3.03123,-18.70591,15.67468,5.06983,241.68761,0.7243,329.7,48.0000,0.0000,0.0000,0.0000
2205000,53.9127,46.0855,49.1545,4.31840,-24.78926,20.47086,5.31114,240.81223,0.7587,328.5,48.0000,0.0000,0.0000,0.0000
2206000,50.0000,50.0000,50.0000,-8.47889,-18.23154,26.71043,5.55114,238.98827,0.7930,326.0,48.0000,0.0000,0.0000,0.0000
2207000,50.0000,50.0000,50.0000,-13.61219,-17.46677,31.07896,5.78886,236.35500,0.8270,322.4,48.0000,0.0000,0.0000,0.0000
2208000,50.0000,50.0000,50.0000,-13.55035,-19.86734,33.41769,6.02376,233.39809,0.8605,318.4,48.0000,0.0000,0.0000,0.0000
2209000,50.0000,50.0000,50.0000,-10.16259,-23.57320,33.73579,6.25563,230.36301,0.8937,314.3,48.0000,0.0000,0.0000,0.0000
2210000,50.0000,50.0000,50.0000,-4.78151,-27.37517,32.15668,0.20131,227.35622,0.0288,310.2,48.0000,0.0000,0.0000,0.0000
2211000,50.0000,50.0000,50.0000,1.60987,-30.50396,28.89410,0.42719,224.41682,0.0610,306.1,48.0000,0.0000,0.0000,0.0000
2212000,50.0000,50.0000,50.0000,8.27006,-32.49883,24.22877,0.65017,221.55026,0.0929,302.2,48.0000,0.0000,0.0000,0.0000
2213000,50.0000,50.0000,50.0000,14.63347,-33.12036,18.48689,0.87032,218.74944,0.1243,298.4,48.0000,0.0000,0.0000,0.0000
2214000,50.0000,50.0000,50.0000,20.27338,-32.29346,12.02009,1.08769,216.00305,0.1554,294.7,48.0000,0.0000,0.0000,0.0000
2215000,50.0000,50.0000,50.0000,24.87996,-30.06630,5.18633,1.30234,213.30188,0.1860,291.0,48.0000,0.0000,0.0000,0.0000
2216000,50.0000,50.0000,50.0000,28.24635,-26.57877,-1.66758,1.51431,210.63693,0.2163,287.3,48.0000,0.0000,0.0000,0.0000
2217000,50.0000,50.0000,50.0000,30.25811,-22.03668,-8.22143,1.72363,208.00446,0.2462,283.8,48.0000,0.0000,0.0000,0.0000
2218000,50.0000,50.0000,50.0000,30.88323,-16.68898,-14.19425,1.93033,205.40065,0.2758,280.2,48.0000,0.0000,0.0000,0.0000
2219000,50.0000,50.0000,50.0000,30.16202,-10.80835,-19.35367,2.13444,202.82228,0.3049,276.7,48.0000,0.0000,0.0000,0.0000
2220000,50.0000,50.0000,50.0000,28.19566,-4.67382,-23.52184,2.33598,200.26778,0.3337,273.2,48.0000,0.0000,0.0000,0.0000
2221000,50.0000,50.0000,50.0000,25.13428,1.44428,-26.57856,2.53499,197.73894,0.3621,269.8,48.0000,0.0000,0.0000,0.0000
2222000,50.0000,50.0000,50.0000,21.16471,7.29614,-28.46085,2.73147,195.23169,0.3902,266.3,48.0000,0.0000,0.0000,0.0000
2223000,50.0000,50.0000,50.0000,16.49751,12.66232,-29.15984,2.92547,192.75011,0.4179,262.9,48.0000,0.0000,0.0000,0.0000
2224000,50.0000,50.0000,50.0000,11.35604,17.35947,-28.71551,3.11698,190.29001,0.4453,259.6,48.0000,0.0000,0.0000,0.0000
2225000,50.0000,50.0000,50.0000,5.96483,21.24649,-27.21132,3.30605,187.85486,0.4723,256.3,48.0000,0.0000,0.0000,0.0000
2226000,50.0000,50.0000,50.0000,0.54044,24.22503,-24.76546,3.49270,185.44189,0.4990,253.0,48.0000,0.0000,0.0000,0.0000
2227000,50.0000,50.0000,50.0000,-4.71684,26.23922,-21.52238,3.67695,183.05318,0.5253,249.7,48.0000,0.0000,0.0000,0.0000
2228000,50.0000,50.0000,50.0000,-9.62914,27.27357,-17.64444,3.85882,180.68726,0.5513,246.5,48.0000,0.0000,0.0000,0.0000
2229000,50.0000,50.0000,50.0000,-14.04496,27.34880,-13.30384,4.03833,178.34494,0.5769,243.3,48.0000,0.0000,0.0000,0.0000
2230000,50.0000,50.0000,50.0000,-17.84331,26.51905,-8.67574,4.21552,176.02614,0.6022,240.1,48.0000,0.0000,0.0000,0.0000
2231000,50.0000,50.0000,50.0000,-20.93507,24.86591,-3.93083,4.39040,173.73029,0.6272,237.0,48.0000,0.0000,0.0000,0.0000
2232000,50.0000,50.0000,50.0000,-23.26214,22.49197,0.77017,4.56300,171.45856,0.6519,233.9,48.0000,0.0000,0.0000,0.0000
2233000,50.0000,50.0000,50.0000,-24.79630,19.51535,5.28096,4.73332,169.20909,0.6762,230.8,48.0000,0.0000,0.0000,0.0000
2234000,50.0000,50.0000,50.0000,-25.53827,16.06369,9.47459,4.90142,166.98424,0.7002,227.8,48.0000,0.0000,0.0000,0.0000
2235000,50.0000,50.0000,50.0000,-25.51305,12.26920,13.24384,5.06731,164.78104,0.7239,224.8,48.0000,0.0000,0.0000,0.0000
2236000,50.0000,50.0000,50.0000,-24.76757,8.26449,16.50307,5.23099,162.60280,0.7473,221.8,48.0000,0.0000,0.0000,0.0000
2237000,50.0000,50.0000,50.0000,-23.36646,4.17604,19.19042,5.39252,160.44576,0.7704,218.9,48.0000,0.0000,0.0000,0.0000
2238000,50.0000,50.0000,50.0000,-21.38903,0.12435,21.26468,5.55189,158.31398,0.7931,216.0,48.0000,0.0000,0.0000,0.0000
2239000,50.0000,50.0000,50.0000,-18.92459,-3.78383,22.70843,5.70916,156.20302,0.8156,213.1,48.0000,0.0000,0.0000,0.0000
2240000,50.0000,50.0000,50.0000,-16.06866,-7.45245,23.52110,5.86431,154.11739,0.8378,210.2,48.0000,0.0000,0.0000,0.0000
2241000,50.0000,50.0000,50.0000,-12.91859,-10.80126,23.71985,6.01739,152.05225,0.8596,207.4,48.0000,0.0000,0.0000,0.0000
2242000,50.0000,50.0000,50.0000,-9.57250,-13.76642,23.33891,6.16843,150.01236,0.8812,204.6,48.0000,0.0000,0.0000,0.0000
2243000,50.0000,50.0000,50.0000,-6.12506,-16.29723,22.42229,0.03425,147.99284,0.0049,201.9,48.0000,0.0000,0.0000,0.0000
2244000,50.0000,50.0000,50.0000,-2.66523,-18.36061,21.02584,0.18124,145.99820,0.0259,199.2,48.0000,0.0000,0.0000,0.0000
2245000,50.0000,50.0000,50.0000,0.72500,-19.93701,19.21201,0.32625,144.02406,0.0466,196.5,48.0000,0.0000,0.0000,0.0000
2246000,50.0000,50.0000,50.0000,3.97259,-21.02094,17.04836,0.46930,142.07410,0.0670,193.8,48.0000,0.0000,0.0000,0.0000
2247000,50.0000,50.0000,50.0000,7.01389,-21.61884,14.60495,0.61041,140.14505,0.0872,191.2,48.0000,0.0000,0.0000,0.0000
2248000,50.0000,50.0000,50.0000,9.79602,-21.74869,11.95267,0.74960,138.23918,0.1071,188.6,48.0000,0.0000,0.0000,0.0000
2249000,50.0000,50.0000,50.0000,12.27582,-21.43651,9.16069,0.88690,136.35490,0.1267,186.0,48.0000,0.0000,0.0000,0.0000
2250000,50.0000,50.0000,50.0000,14.42178,-20.71757,6.29579,1.02232,134.49243,0.1460,183.5,48.0000,0.0000,0.0000,0.0000
2251000,50.0000,50.0000,50.0000,16.21122,-19.63141,3.42019,1.15589,132.65259,0.1651,181.0,48.0000,0.0000,0.0000,0.0000
2252000,50.0000,50.0000,50.0000,17.63148,-18.22276,0.59127,1.28763,130.83276,0.1839,178.5,48.0000,0.0000,0.0000,0.0000
2253000,50.0000,50.0000,50.0000,18.67952,-16.53969,-2.13983,1.41757,129.03691,0.2025,176.0,48.0000,0.0000,0.0000,0.0000
2254000,50.0000,50.0000,50.0000,19.35898,-14.63077,-4.72821,1.54572,127.26117,0.2208,173.6,48.0000,0.0000,0.0000,0.0000
2255000,50.0000,50.0000,50.0000,19.68099,-12.54529,-7.13569,1.67210,125.50674,0.2389,171.2,48.0000,0.0000,0.0000,0.0000
2256000,50.0000,50.0000,50.0000,19.66274,-10.33172,-9.33103,1.79674,123.77383,0.2567,168.9,48.0000,0.0000,0.0000,0.0000
2257000,50.0000,50.0000,50.0000,19.32683,-8.03681,-11.29001,1.91965,122.06178,0.2742,166.5,48.0000,0.0000,0.0000,0.0000
2258000,50.0000,50.0000,50.0000,18.69904,-5.70450,-12.99454,2.04087,120.37041,0.2916,164.2,48.0000,0.0000,0.0000,0.0000
2259000,50.0000,50.0000,50.0000,17.80858,-3.37573,-14.43285,2.16040,118.69981,0.3086,161.9,48.0000,0.0000,0.0000,0.0000
2260000,50.0000,50.0000,50.0000,16.68675,-1.08776,-15.59899,2.27828,117.05008,0.3255,159.7,48.0000,0.0000,0.0000,0.0000
2261000,50.0000,50.0000,50.0000,15.36621,1.12608,-16.49229,2.39451,115.42047,0.3421,157.5,48.0000,0.0000,0.0000,0.0000
2262000,50.0000,50.0000,50.0000,13.88006,3.23675,-17.11681,2.50913,113.81107,0.3584,155.3,48.0000,0.0000,0.0000,0.0000
2263000,50.0000,50.0000,50.0000,12.26142,5.21938,-17.48080,2.62214,112.22211,0.3746,153.1,48.0000,0.0000,0.0000,0.0000
2264000,50.0000,50.0000,50.0000,10.54245,7.05349,-17.59594,2.73358,110.65266,0.3905,151.0,48.0000,0.0000,0.0000,0.0000
2265000,50.0000,50.0000,50.0000,8.75401,8.72274,-17.47675,2.84346,109.10334,0.4062,148.8,48.0000,0.0000,0.0000,0.0000
2266000,50.0000,50.0000,50.0000,6.92557,10.21461,-17.14018,2.95180,107.57343,0.4217,146.8,48.0000,0.0000,0.0000,0.0000
2267000,50.0000,50.0000,50.0000,5.08442,11.52062,-16.60505,3.05861,106.06296,0.4369,144.7,48.0000,0.0000,0.0000,0.0000
2268000,50.0000,50.0000,50.0000,3.25566,12.63577,-15.89144,3.16393,104.57185,0.4520,142.7,48.0000,0.0000,0.0000,0.0000
2269000,50.0000,50.0000,50.0000,1.46210,13.55819,-15.02028,3.26777,103.09970,0.4668,140.6,48.0000,0.0000,0.0000,0.0000
2270000,50.0000,50.0000,50.0000,-0.27603,14.28892,-14.01289,3.37014,101.64659,0.4814,138.7,48.0000,0.0000,0.0000,0.0000
2271000,50.0000,50.0000,50.0000,-1.94110,14.83166,-12.89055,3.47107,100.21220,0.4959,136.7,48.0000,0.0000,0.0000,0.0000
2272000,50.0000,50.0000,50.0000,-3.51806,15.19240,-11.67434,3.57057,98.79621,0.5101,134.8,48.0000,0.0000,0.0000,0.0000
2273000,50.0000,50.0000,50.0000,-4.99430,15.37892,-10.38462,3.66867,97.39899,0.5241,132.9,48.0000,0.0000,0.0000,0.0000
2274000,50.0000,50.0000,50.0000,-6.35959,15.40063,-9.04104,3.76537,96.01950,0.5379,131.0,48.0000,0.0000,0.0000,0.0000
2275000,50.0000,50.0000,50.0000,-7.60619,15.26820,-7.66200,3.86071,94.65850,0.5515,129.1,48.0000,0.0000,0.0000,0.0000
2276000,50.0000,50.0000,50.0000,-8.72849,14.99328,-6.26479,3.95470,93.31527,0.5650,127.3,48.0000,0.0000,0.0000,0.0000
2277000,50.0000,50.0000,50.0000,-9.72264,14.58829,-4.86566,4.04734,91.98940,0.5782,125.5,48.0000,0.0000,0.0000,0.0000
2278000,50.0000,50.0000,50.0000,-10.58716,14.06601,-3.47884,4.13868,90.68137,0.5912,123.7,48.0000,0.0000,0.0000,0.0000
2279000,50.0000,50.0000,50.0000,-11.32195,13.43942,-2.11747,4.22873,89.39075,0.6041,121.9,48.0000,0.0000,0.0000,0.0000
2280000,50.0000,50.0000,50.0000,-11.92800,12.72192,-0.79392,4.31747,88.11706,0.6168,120.2,48.0000,0.0000,0.0000,0.0000
2281000,50.0000,50.0000,50.0000,-12.40846,11.92623,0.48223,4.40495,86.86018,0.6293,118.5,48.0000,0.0000,0.0000,0.0000
2282000,50.0000,50.0000,50.0000,-12.76717,11.06498,1.70219,4.49121,85.62025,0.6416,116.8,48.0000,0.0000,0.0000,0.0000
2283000,50.0000,50.0000,50.0000,-13.00870,10.15085,2.85784,4.57620,84.39718,0.6537,115.1,48.0000,0.0000,0.0000,0.0000
2284000,50.0000,50.0000,50.0000,-13.13902,9.19494,3.94408,4.66001,83.19044,0.6657,113.5,48.0000,0.0000,0.0000,0.0000
2285000,50.0000,50.0000,50.0000,-13.16417,8.20915,4.95502,4.74258,81.99989,0.6775,111.9,48.0000,0.0000,0.0000,0.0000
2286000,50.0000,50.0000,50.0000,-13.09116,7.20306,5.88810,4.82402,80.82536,0.6891,110.3,48.0000,0.0000,0.0000,0.0000
2287000,50.0000,50.0000,50.0000,-12.92706,6.18737,6.73969,4.90424,79.66673,0.7006,108.7,48.0000,0.0000,0.0000,0.0000
2288000,50.0000,50.0000,50.0000,-12.67937,5.17018,7.50919,4.98335,78.52380,0.7119,107.1,48.0000,0.0000,0.0000,0.0000
2289000,50.0000,50.0000,50.0000,-12.35566,4.16016,8.19550,5.06130,77.39645,0.7230,105.6,48.0000,0.0000,0.0000,0.0000
2290000,50.0000,50.0000,50.0000,-11.96355,3.16467,8.79888,5.13813,76.28447,0.7340,104.1,48.0000,0.0000,0.0000,0.0000
2291000,50.0000,50.0000,50.0000,-11.51054,2.18999,9.32055,5.21388,75.18770,0.7448,102.6,48.0000,0.0000,0.0000,0.0000
2292000,50.0000,50.0000,50.0000,-11.00414,1.24222,9.76192,5.28853,74.10596,0.7555,101.1,48.0000,0.0000,0.0000,0.0000
2293000,50.0000,50.0000,50.0000,-10.45172,0.32668,10.12504,5.36209,73.03906,0.7660,99.6,48.0000,0.0000,0.0000,0.0000
2294000,50.0000,50.0000,50.0000,-9.86015,-0.55267,10.41282,5.43460,71.98682,0.7764,98.2,48.0000,0.0000,0.0000,0.0000
2295000,50.0000,50.0000,50.0000,-9.23617,-1.39212,10.62829,5.50607,70.94904,0.7866,96.8,48.0000,0.0000,0.0000,0.0000
2296000,50.0000,50.0000,50.0000,-8.58619,-2.18861,10.77480,5.57652,69.92549,0.7966,95.4,48.0000,0.0000,0.0000,0.0000
2297000,50.0000,50.0000,50.0000,-7.91629,-2.93971,10.85600,5.64595,68.91599,0.8066,94.0,48.0000,0.0000,0.0000,0.0000
2298000,50.0000,50.0000,50.0000,-7.23229,-3.64340,10.87569,5.71436,67.92052,0.8163,92.7,48.0000,0.0000,0.0000,0.0000
2299000,50.0000,50.0000,50.0000,-6.53940,-4.29854,10.83794,5.78179,66.93928,0.8260,91.3,48.0000,0.0000,0.0000,0.0000
2300000,50.0000,50.0000,50.0000,-5.84249,-4.90434,10.74683,5.84824,65.97152,0.8355,90.0,48.0000,0.0000,0.0000,0.0000
2301000,50.0000,50.0000,50.0000,-5.14605,-5.46044,10.60649,5.91373,65.01701,0.8448,88.7,48.0000,0.0000,0.0000,0.0000
2302000,50.0000,50.0000,50.0000,-4.45421,-5.96686,10.42106,5.97828,64.07549,0.8540,87.4,48.0000,0.0000,0.0000,0.0000
2303000,50.0000,50.0000,50.0000,-3.77067,-6.42401,10.19468,6.04189,63.14772,0.8631,86.1,48.0000,0.0000,0.0000,0.0000
2304000,50.0000,50.0000,50.0000,-3.09879,-6.83260,9.93140,6.10459,62.23283,0.8721,84.9,48.0000,0.0000,0.0000,0.0000
2305000,50.0000,50.0000,50.0000,-2.44172,-7.19345,9.63518,6.16636,61.33067,0.8809,83.7,48.0000,0.0000,0.0000,0.0000
2306000,50.0000,50.0000,50.0000,-1.80188,-7.50792,9.30980,6.22723,60.44104,0.8896,82.5,48.0000,0.0000,0.0000,0.0000
2307000,50.0000,50.0000,50.0000,-1.18151,-7.77745,8.95896,0.00404,59.56411,0.0006,81.3,48.0000,0.0000,0.0000,0.0000
2308000,50.0000,50.0000,50.0000,-0.58250,-8.00366,8.58616,0.06317,58.69947,0.0090,80.1,48.0000,0.0000,0.0000,0.0000
2309000,50.0000,50.0000,50.0000,-0.00656,-8.18825,8.19481,0.12145,57.84697,0.0173,78.9,48.0000,0.0000,0.0000,0.0000
2310000,50.0000,50.0000,50.0000,0.54497,-8.33318,7.78821,0.17887,57.00647,0.0256,77.8,48.0000,0.0000,0.0000,0.0000
2311000,50.0000,50.0000,50.0000,1.07101,-8.44027,7.36927,0.23547,56.17783,0.0336,76.6,48.0000,0.0000,0.0000,0.0000
2312000,50.0000,50.0000,50.0000,1.57072,-8.51156,6.94085,0.29123,55.36091,0.0416,75.5,48.0000,0.0000,0.0000,0.0000
2313000,50.0000,50.0000,50.0000,2.04350,-8.54909,6.50559,0.34619,54.55557,0.0495,74.4,48.0000,0.0000,0.0000,0.0000
2314000,50.0000,50.0000,50.0000,2.48901,-8.55507,6.06606,0.40035,53.76167,0.0572,73.3,48.0000,0.0000,0.0000,0.0000
2315000,50.0000,50.0000,50.0000,2.90701,-8.53145,5.62445,0.45372,52.97905,0.0648,72.3,48.0000,0.0000,0.0000,0.0000
2316000,50.0000,50.0000,50.0000,3.29746,-8.48031,5.18285,0.50631,52.20755,0.0723,71.2,48.0000,0.0000,0.0000,0.0000
2317000,50.0000,50.0000,50.0000,3.66056,-8.40379,4.74324,0.55814,51.44702,0.0797,70.2,48.0000,0.0000,0.0000,0.0000
2318000,50.0000,50.0000,50.0000,3.99655,-8.30387,4.30732,0.60921,50.69727,0.0870,69.2,48.0000,0.0000,0.0000,0.0000
2319000,50.0000,50.0000,50.0000,4.30578,-8.18246,3.87667,0.65954,49.95815,0.0942,68.2,48.0000,0.0000,0.0000,0.0000
2320000,50.0000,50.0000,50.0000,4.58887,-8.04162,3.45275,0.70913,49.22961,0.1013,67.2,48.0000,0.0000,0.0000,0.0000
2321000,50.0000,50.0000,50.0000,4.84630,-7.88306,3.03676,0.75800,48.51160,0.1083,66.2,48.0000,0.0000,0.0000,0.0000
2322000,50.0000,50.0000,50.0000,5.07884,-7.70870,2.62986,0.80616,47.80371,0.1152,65.2,48.0000,0.0000,0.0000,0.0000
2323000,50.0000,50.0000,50.0000,5.28722,-7.52023,2.23301,0.85361,47.10590,0.1219,64.3,48.0000,0.0000,0.0000,0.0000
2324000,50.0000,50.0000,50.0000,5.47222,-7.31928,1.84705,0.90037,46.41828,0.1286,63.3,48.0000,0.0000,0.0000,0.0000
2325000,50.0000,50.0000,50.0000,5.63473,-7.10743,1.47270,0.94645,45.74026,0.1352,62.4,48.0000,0.0000,0.0000,0.0000
2326000,50.0000,50.0000,50.0000,5.77562,-6.88619,1.11057,0.99186,45.07222,0.1417,61.5,48.0000,0.0000,0.0000,0.0000
2327000,50.0000,50.0000,50.0000,5.89583,-6.65696,0.76114,1.03660,44.41352,0.1481,60.6,48.0000,0.0000,0.0000,0.0000
2328000,50.0000,50.0000,50.0000,5.99626,-6.42110,0.42483,1.08069,43.76452,0.1544,59.7,48.0000,0.0000,0.0000,0.0000
2329000,50.0000,50.0000,50.0000,6.07791,-6.17983,0.10192,1.12413,43.12454,0.1606,58.8,48.0000,0.0000,0.0000,0.0000
2330000,50.0000,50.0000,50.0000,6.14172,-5.93433,-0.20738,1.16694,42.49413,0.1667,58.0,48.0000,0.0000,0.0000,0.0000
2331000,50.0000,50.0000,50.0000,6.18863,-5.68573,-0.50290,1.20913,41.87257,0.1727,57.1,48.0000,0.0000,0.0000,0.0000
2332000,50.0000,50.0000,50.0000,6.21961,-5.43502,-0.78459,1.25069,41.25991,0.1787,56.3,48.0000,0.0000,0.0000,0.0000
2333000,50.0000,50.0000,50.0000,6.23559,-5.18314,-1.05245,1.29165,40.65631,0.1845,55.5,48.0000,0.0000,0.0000,0.0000
2334000,50.0000,50.0000,50.0000,6.23752,-4.93098,-1.30654,1.33201,40.06127,0.1903,54.7,48.0000,0.0000,0.0000,0.0000
2335000,50.0000,50.0000,50.0000,6.22631,-4.67935,-1.54696,1.37178,39.47472,0.1960,53.9,48.0000,0.0000,0.0000,0.0000
2336000,50.0000,50.0000,50.0000,6.20282,-4.42895,-1.77387,1.41096,38.89672,0.2016,53.1,48.0000,0.0000,0.0000,0.0000
2337000,50.0000,50.0000,50.0000,6.16793,-4.18047,-1.98746,1.44957,38.32719,0.2071,52.3,48.0000,0.0000,0.0000,0.0000
2338000,50.0000,50.0000,50.0000,6.12251,-3.93456,-2.18796,1.48762,37.76585,0.2125,51.5,48.0000,0.0000,0.0000,0.0000
2339000,50.0000,50.0000,50.0000,6.06735,-3.69170,-2.37565,1.52511,37.21258,0.2179,50.8,48.0000,0.0000,0.0000,0.0000
2340000,50.0000,50.0000,50.0000,6.00322,-3.45240,-2.55082,1.56205,36.66731,0.2231,50.0,48.0000,0.0000,0.0000,0.0000
2341000,50.0000,50.0000,50.0000,5.93092,-3.21715,-2.71377,1.59844,36.12992,0.2283,49.3,48.0000,0.0000,0.0000,0.0000
2342000,50.0000,50.0000,50.0000,5.85112,-2.98627,-2.86485,1.63431,35.60033,0.2335,48.6,48.0000,0.0000,0.0000,0.0000
2343000,50.0000,50.0000,50.0000,5.76459,-2.76017,-3.00443,1.66965,35.07843,0.2385,47.9,48.0000,0.0000,0.0000,0.0000
2344000,50.0000,50.0000,50.0000,5.67191,-2.53909,-3.13283,1.70447,34.56410,0.2435,47.2,48.0000,0.0000,0.0000,0.0000
2345000,50.0000,50.0000,50.0000,5.57380,-2.32331,-3.25049,1.73878,34.05724,0.2484,46.5,48.0000,0.0000,0.0000,0.0000
2346000,50.0000,50.0000,50.0000,5.47078,-2.11304,-3.35774,1.77259,33.55773,0.2532,45.8,48.0000,0.0000,0.0000,0.0000
2347000,50.0000,50.0000,50.0000,5.36348,-1.90850,-3.45498,1.80590,33.06546,0.2580,45.1,48.0000,0.0000,0.0000,0.0000
2348000,50.0000,50.0000,50.0000,5.25242,-1.70980,-3.54263,1.83872,32.58030,0.2627,44.4,48.0000,0.0000,0.0000,0.0000
2349000,50.0000,50.0000,50.0000,5.13811,-1.51706,-3.62105,1.87106,32.10213,0.2673,43.8,48.0000,0.0000,0.0000,0.0000
2350000,50.0000,50.0000,50.0000,5.02102,-1.33037,-3.69065,1.90293,31.63118,0.2718,43.2,48.0000,0.0000,0.0000,0.0000
2351000,50.0000,50.0000,50.0000,4.90164,-1.14980,-3.75185,1.93433,31.16689,0.2763,42.5,48.0000,0.0000,0.0000,0.0000
2352000,50.0000,50.0000,50.0000,4.78036,-0.97538,-3.80498,1.96527,30.70942,0.2808,41.9,48.0000,0.0000,0.0000,0.0000
2353000,50.0000,50.0000,50.0000,4.65758,-0.80714,-3.85044,1.99575,30.25855,0.2851,41.3,48.0000,0.0000,0.0000,0.0000
2354000,50.0000,50.0000,50.0000,4.53369,-0.64509,-3.88860,2.02578,29.81430,0.2894,40.7,48.0000,0.0000,0.0000,0.0000
2355000,50.0000,50.0000,50.0000,4.40901,-0.48913,-3.91988,2.05537,29.37650,0.2936,40.1,48.0000,0.0000,0.0000,0.0000
2356000,50.0000,50.0000,50.0000,4.28388,-0.33925,-3.94463,2.08454,28.94502,0.2978,39.5,48.0000,0.0000,0.0000,0.0000
2357000,50.0000,50.0000,50.0000,4.15860,-0.19545,-3.96315,2.11327,28.51993,0.3019,38.9,48.0000,0.0000,0.0000,0.0000
2358000,50.0000,50.0000,50.0000,4.03347,-0.05767,-3.97580,2.14158,28.10101,0.3059,38.3,48.0000,0.0000,0.0000,0.0000
2359000,50.0000,50.0000,50.0000,3.90869,0.07426,-3.98295,2.16947,27.68818,0.3099,37.8,48.0000,0.0000,0.0000,0.0000
2360000,50.0000,50.0000,50.0000,3.78449,0.20044,-3.98492,2.19697,27.28136,0.3139,37.2,48.0000,0.0000,0.0000,0.0000
2361000,50.0000,50.0000,50.0000,3.66116,0.32082,-3.98198,2.22404,26.88048,0.3177,36.7,48.0000,0.0000,0.0000,0.0000
2362000,50.0000,50.0000,50.0000,3.53884,0.43562,-3.97447,2.25072,26.48546,0.3215,36.1,48.0000,0.0000,0.0000,0.0000
2363000,50.0000,50.0000,50.0000,3.41767,0.54503,-3.96270,2.27702,26.09621,0.3253,35.6,48.0000,0.0000,0.0000,0.0000
2364000,50.0000,50.0000,50.0000,3.29793,0.64895,-3.94689,2.30291,25.71267,0.3290,35.1,48.0000,0.0000,0.0000,0.0000
2365000,50.0000,50.0000,50.0000,3.17966,0.74772,-3.92738,2.32844,25.33473,0.3326,34.6,48.0000,0.0000,0.0000,0.0000
2366000,50.0000,50.0000,50.0000,3.06305,0.84138,-3.90443,2.35359,24.96233,0.3362,34.1,48.0000,0.0000,0.0000,0.0000
2367000,50.0000,50.0000,50.0000,2.94820,0.93004,-3.87825,2.37836,24.59535,0.3398,33.6,48.0000,0.0000,0.0000,0.0000
2368000,50.0000,50.0000,50.0000,2.83516,1.01392,-3.84908,2.40278,24.23372,0.3433,33.1,48.0000,0.0000,0.0000,0.0000
2369000,50.0000,50.0000,50.0000,2.72412,1.09305,-3.81717,2.42683,23.87734,0.3467,32.6,48.0000,0.0000,0.0000,0.0000
2370000,50.0000,50.0000,50.0000,2.61508,1.16768,-3.78277,2.45054,23.52627,0.3501,32.1,48.0000,0.0000,0.0000,0.0000
2371000,50.0000,50.0000,50.0000,2.50817,1.23786,-3.74603,2.47389,23.18032,0.3534,31.6,48.0000,0.0000,0.0000,0.0000
2372000,50.0000,50.0000,50.0000,2.40341,1.30379,-3.70720,2.49690,22.83935,0.3567,31.2,48.0000,0.0000,0.0000,0.0000
2373000,50.0000,50.0000,50.0000,2.30083,1.36562,-3.66645,2.51958,22.50348,0.3599,30.7,48.0000,0.0000,0.0000,0.0000
2374000,50.0000,50.0000,50.0000,2.20056,1.42339,-3.62395,2.54190,22.17247,0.3631,30.2,48.0000,0.0000,0.0000,0.0000
2375000,50.0000,50.0000,50.0000,2.10250,1.47739,-3.57989,2.56392,21.84632,0.3663,29.8,48.0000,0.0000,0.0000,0.0000
2376000,50.0000,50.0000,50.0000,2.00680,1.52763,-3.53442,2.58560,21.52494,0.3694,29.4,48.0000,0.0000,0.0000,0.0000
2377000,50.0000,50.0000,50.0000,1.91343,1.57428,-3.48771,2.60696,21.20828,0.3724,28.9,48.0000,0.0000,0.0000,0.0000
2378000,50.0000,50.0000,50.0000,1.82234,1.61755,-3.43989,2.62803,20.89621,0.3754,28.5,48.0000,0.0000,0.0000,0.0000
2379000,50.0000,50.0000,50.0000,1.73362,1.65748,-3.39110,2.64877,20.58882,0.3784,28.1,48.0000,0.0000,0.0000,0.0000
2380000,50.0000,50.0000,50.0000,1.64729,1.69419,-3.34148,2.66919,20.28582,0.3813,27.7,48.0000,0.0000,0.0000,0.0000
2381000,50.0000,50.0000,50.0000,1.56325,1.72790,-3.29115,2.68933,19.98731,0.3842,27.3,48.0000,0.0000,0.0000,0.0000
2382000,50.0000,50.0000,50.0000,1.48151,1.75871,-3.24021,2.70919,19.69323,0.3870,26.9,48.0000,0.0000,0.0000,0.0000
2383000,50.0000,50.0000,50.0000,1.40212,1.78668,-3.18880,2.72873,19.40340,0.3898,26.5,48.0000,0.0000,0.0000,0.0000
2384000,50.0000,50.0000,50.0000,1.32506,1.81193,-3.13699,2.74798,19.11779,0.3926,26.1,48.0000,0.0000,0.0000,0.0000
2385000,50.0000,50.0000,50.0000,1.25025,1.83464,-3.08489,2.76696,18.83639,0.3953,25.7,48.0000,0.0000,0.0000,0.0000
2386000,50.0000,50.0000,50.0000,1.17767,1.85491,-3.03258,2.78566,18.55919,0.3980,25.3,48.0000,0.0000,0.0000,0.0000
2387000,50.0000,50.0000,50.0000,1.10731,1.87285,-2.98016,2.80408,18.28604,0.4006,24.9,48.0000,0.0000,0.0000,0.0000
2388000,50.0000,50.0000,50.0000,1.03913,1.88856,-2.92770,2.82225,18.01688,0.4032,24.6,48.0000,0.0000,0.0000,0.0000
2389000,50.0000,50.0000,50.0000,0.97314,1.90212,-2.87526,2.84013,17.75166,0.4057,24.2,48.0000,0.0000,0.0000,0.0000
2390000,50.0000,50.0000,50.0000,0.90931,1.91362,-2.82293,2.85774,17.49034,0.4082,23.9,48.0000,0.0000,0.0000,0.0000
2391000,50.0000,50.0000,50.0000,0.84757,1.92320,-2.77077,2.87510,17.23285,0.4107,23.5,48.0000,0.0000,0.0000,0.0000
2392000,50.0000,50.0000,50.0000,0.78788,1.93094,-2.71881,2.89220,16.97914,0.4132,23.2,48.0000,0.0000,0.0000,0.0000
2393000,50.0000,50.0000,50.0000,0.73020,1.93694,-2.66714,2.90905,16.72915,0.4156,22.8,48.0000,0.0000,0.0000,0.0000
2394000,50.0000,50.0000,50.0000,0.67450,1.94128,-2.61578,2.92566,16.48283,0.4180,22.5,48.0000,0.0000,0.0000,0.0000
2395000,50.0000,50.0000,50.0000,0.62075,1.94405,-2.56479,2.94202,16.24011,0.4203,22.2,48.0000,0.0000,0.0000,0.0000
2396000,50.0000,50.0000,50.0000,0.56888,1.94532,-2.51421,2.95814,16.00092,0.4226,21.8,48.0000,0.0000,0.0000,0.0000
2397000,50.0000,50.0000,50.0000,0.51888,1.94519,-2.46407,2.97402,15.76530,0.4249,21.5,48.0000,0.0000,0.0000,0.0000
2398000,50.0000,50.0000,50.0000,0.47070,1.94372,-2.41442,2.98967,15.53314,0.4271,21.2,48.0000,0.0000,0.0000,0.0000
2399000,50.0000,50.0000,50.0000,0.42428,1.94098,-2.36527,3.00509,15.30441,0.4293,20.9,48.0000,0.0000,0.0000,0.0000
2400000,50.0000,50.0000,50.0000,0.37960,1.93708,-2.31668,3.02029,15.07901,0.4315,20.6,48.0000,0.0000,0.0000,0.0000
2401000,50.0000,50.0000,50.0000,0.33660,1.93204,-2.26864,3.03526,14.85697,0.4336,20.3,48.0000,0.0000,0.0000,0.0000
2402000,50.0000,50.0000,50.0000,0.29524,1.92595,-2.22120,3.05002,14.63815,0.4357,20.0,48.0000,0.0000,0.0000,0.0000
2403000,50.0000,50.0000,50.0000,0.25548,1.91887,-2.17435,3.06456,14.42255,0.4378,19.7,48.0000,0.0000,0.0000,0.0000
2404000,50.0000,50.0000,50.0000,0.21734,1.91083,-2.12817,3.07886,14.21016,0.4398,19.4,48.0000,0.0000,0.0000,0.0000
2405000,50.0000,50.0000,50.0000,0.18071,1.90192,-2.08263,3.09296,14.00086,0.4419,19.1,48.0000,0.0000,0.0000,0.0000
2406000,50.0000,50.0000,50.0000,0.14556,1.89219,-2.03775,3.10685,13.79463,0.4438,18.8,48.0000,0.0000,0.0000,0.0000
2407000,50.0000,50.0000,50.0000,0.11184,1.88170,-1.99353,3.12054,13.59142,0.4458,18.5,48.0000,0.0000,0.0000,0.0000
2408000,50.0000,50.0000,50.0000,0.07950,1.87050,-1.94999,3.13403,13.39124,0.4477,18.3,48.0000,0.0000,0.0000,0.0000
2409000,50.0000,50.0000,50.0000,0.04849,1.85864,-1.90713,3.14734,13.19399,0.4496,18.0,48.0000,0.0000,0.0000,0.0000
2410000,50.0000,50.0000,50.0000,0.01880,1.84616,-1.86496,3.16045,12.99964,0.4515,17.7,48.0000,0.0000,0.0000,0.0000
2411000,50.0000,50.0000,50.0000,-0.00953,1.83307,-1.82354,3.17333,12.80814,0.4533,17.5,48.0000,0.0000,0.0000,0.0000
2412000,50.0000,50.0000,50.0000,-0.03664,1.81945,-1.78281,3.18603,12.61946,0.4551,17.2,48.0000,0.0000,0.0000,0.0000
2413000,50.0000,50.0000,50.0000,-0.06258,1.80536,-1.74277,3.19856,12.43354,0.4569,17.0,48.0000,0.0000,0.0000,0.0000
2414000,50.0000,50.0000,50.0000,-0.08739,1.79082,-1.70343,3.21092,12.25039,0.4587,16.7,48.0000,0.0000,0.0000,0.0000
2415000,50.0000,50.0000,50.0000,-0.11103,1.77585,-1.66482,3.22308,12.06994,0.4604,16.5,48.0000,0.0000,0.0000,0.0000
2416000,50.0000,50.0000,50.0000,-0.13353,1.76048,-1.62694,3.23504,11.89213,0.4621,16.2,48.0000,0.0000,0.0000,0.0000
2417000,50.0000,50.0000,50.0000,-0.15502,1.74478,-1.58975,3.24685,11.71691,0.4638,16.0,48.0000,0.0000,0.0000,0.0000
2418000,50.0000,50.0000,50.0000,-0.17553,1.72877,-1.55324,3.25851,11.54429,0.4655,15.7,48.0000,0.0000,0.0000,0.0000
2419000,50.0000,50.0000,50.0000,-0.19498,1.71246,-1.51748,3.26995,11.37422,0.4671,15.5,48.0000,0.0000,0.0000,0.0000
2420000,50.0000,50.0000,50.0000,-0.21346,1.69588,-1.48241,3.28122,11.20661,0.4687,15.3,48.0000,0.0000,0.0000,0.0000
2421000,50.0000,50.0000,50.0000,-0.23108,1.67909,-1.44801,3.29237,11.04153,0.4703,15.1,48.0000,0.0000,0.0000,0.0000
2422000,50.0000,50.0000,50.0000,-0.24779,1.66209,-1.41430,3.30333,10.87883,0.4719,14.8,48.0000,0.0000,0.0000,0.0000
2423000,50.0000,50.0000,50.0000,-0.26358,1.64489,-1.38131,3.31411,10.71856,0.4734,14.6,48.0000,0.0000,0.0000,0.0000
2424000,50.0000,50.0000,50.0000,-0.27860,1.62756,-1.34896,3.32476,10.56061,0.4750,14.4,48.0000,0.0000,0.0000,0.0000
2425000,50.0000,50.0000,50.0000,-0.29280,1.61009,-1.31728,3.33525,10.40503,0.4765,14.2,48.0000,0.0000,0.0000,0.0000
2426000,50.0000,50.0000,50.0000,-0.30617,1.59248,-1.28631,3.34556,10.25168,0.4779,14.0,48.0000,0.0000,0.0000,0.0000
2427000,50.0000,50.0000,50.0000,-0.31888,1.57481,-1.25593,3.35576,10.10065,0.4794,13.8,48.0000,0.0000,0.0000,0.0000
2428000,50.0000,50.0000,50.0000,-0.33080,1.55704,-1.22624,3.36577,9.95183,0.4808,13.6,48.0000,0.0000,0.0000,0.0000
2429000,50.0000,50.0000,50.0000,-0.34203,1.53921,-1.19718,3.37564,9.80516,0.4822,13.4,48.0000,0.0000,0.0000,0.0000
2430000,50.0000,50.0000,50.0000,-0.35267,1.52137,-1.16870,3.38542,9.66067,0.4836,13.2,48.0000,0.0000,0.0000,0.0000
2431000,50.0000,50.0000,50.0000,-0.36252,1.50346,-1.14094,3.39496,9.51834,0.4850,13.0,48.0000,0.0000,0.0000,0.0000
2432000,50.0000,50.0000,50.0000,-0.37186,1.48557,-1.11371,3.40443,9.37809,0.4863,12.8,48.0000,0.0000,0.0000,0.0000
2433000,50.0000,50.0000,50.0000,-0.38055,1.46766,-1.08712,3.41373,9.23989,0.4877,12.6,48.0000,0.0000,0.0000,0.0000
2434000,50.0000,50.0000,50.0000,-0.38867,1.44979,-1.06112,3.42289,9.10372,0.4890,12.4,48.0000,0.0000,0.0000,0.0000
2435000,50.0000,50.0000,50.0000,-0.39627,1.43194,-1.03567,3.43195,8.96955,0.4903,12.2,48.0000,0.0000,0.0000,0.0000
2436000,50.0000,50.0000,50.0000,-0.40327,1.41412,-1.01085,3.44083,8.83736,0.4915,12.1,48.0000,0.0000,0.0000,0.0000
2437000,50.0000,50.0000,50.0000,-0.40986,1.39637,-0.98651,3.44965,8.70712,0.4928,11.9,48.0000,0.0000,0.0000,0.0000
2438000,50.0000,50.0000,50.0000,-0.41583,1.37866,-0.96284,3.45824,8.57881,0.4940,11.7,48.0000,0.0000,0.0000,0.0000
2439000,50.0000,50.0000,50.0000,-0.42144,1.36104,-0.93960,3.46680,8.45239,0.4953,11.5,48.0000,0.0000,0.0000,0.0000
2440000,50.0000,50.0000,50.0000,-0.42649,1.34348,-0.91700,3.47515,8.32784,0.4964,11.4,48.0000,0.0000,0.0000,0.0000
2441000,50.0000,50.0000,50.0000,-0.43120,1.32603,-0.89483,3.48345,8.20512,0.4976,11.2,48.0000,0.0000,0.0000,0.0000
2442000,50.0000,50.0000,50.0000,-0.43540,1.30866,-0.87326,3.49156,8.08421,0.4988,11.0,48.0000,0.0000,0.0000,0.0000
2443000,50.0000,50.0000,50.0000,-0.43929,1.29140,-0.85211,3.49962,7.96503,0.4999,10.9,48.0000,0.0000,0.0000,0.0000
2444000,50.0000,50.0000,50.0000,-0.44270,1.27424,-0.83154,3.50749,7.84763,0.5011,10.7,48.0000,0.0000,0.0000,0.0000
2445000,50.0000,50.0000,50.0000,-0.44584,1.25721,-0.81137,3.51532,7.73198,0.5022,10.5,48.0000,0.0000,0.0000,0.0000
2446000,50.0000,50.0000,50.0000,-0.44852,1.24028,-0.79176,3.52295,7.61803,0.5033,10.4,48.0000,0.0000,0.0000,0.0000
2447000,50.0000,50.0000,50.0000,-0.45099,1.22351,-0.77252,3.53057,7.50575,0.5044,10.2,48.0000,0.0000,0.0000,0.0000
2448000,50.0000,50.0000,50.0000,-0.45299,1.20684,-0.75385,3.53796,7.39514,0.5054,10.1,48.0000,0.0000,0.0000,0.0000
2449000,50.0000,50.0000,50.0000,-0.45480,1.19032,-0.73552,3.54535,7.28615,0.5065,9.9,48.0000,0.0000,0.0000,0.0000
2450000,50.0000,50.0000,50.0000,-0.45621,1.17394,-0.71773,3.55254,7.17875,0.5075,9.8,48.0000,0.0000,0.0000,0.0000
2451000,50.0000,50.0000,50.0000,-0.45741,1.15771,-0.70030,3.55969,7.07296,0.5085,9.6,48.0000,0.0000,0.0000,0.0000
2452000,50.0000,50.0000,50.0000,-0.45830,1.14162,-0.68332,3.56669,6.96872,0.5095,9.5,48.0000,0.0000,0.0000,0.0000
2453000,50.0000,50.0000,50.0000,-0.45894,1.12568,-0.66675,3.57361,6.86601,0.5105,9.4,48.0000,0.0000,0.0000,0.0000
2454000,50.0000,50.0000,50.0000,-0.45936,1.10990,-0.65054,3.58045,6.76481,0.5115,9.2,48.0000,0.0000,0.0000,0.0000
2455000,50.0000,50.0000,50.0000,-0.45948,1.09427,-0.63479,3.58713,6.66510,0.5124,9.1,48.0000,0.0000,0.0000,0.0000
2456000,50.0000,50.0000,50.0000,-0.45947,1.07881,-0.61934,3.59380,6.56686,0.5134,9.0,48.0000,0.0000,0.0000,0.0000
2457000,50.0000,50.0000,50.0000,-0.45913,1.06349,-0.60436,3.60027,6.47007,0.5143,8.8,48.0000,0.0000,0.0000,0.0000
2458000,50.0000,50.0000,50.0000,-0.45865,1.04835,-0.58969,3.60670,6.37471,0.5152,8.7,48.0000,0.0000,0.0000,0.0000
2459000,50.0000,50.0000,50.0000,-0.45798,1.03337,-0.57538,3.61304,6.28075,0.5161,8.6,48.0000,0.0000,0.0000,0.0000
2460000,50.0000,50.0000,50.0000,-0.45708,1.01855,-0.56147,3.61924,6.18819,0.5170,8.4,48.0000,0.0000,0.0000,0.0000
2461000,50.0000,50.0000,50.0000,-0.45608,1.00389,-0.54782,3.62544,6.09699,0.5179,8.3,48.0000,0.0000,0.0000,0.0000
2462000,50.0000,50.0000,50.0000,-0.45481,0.98940,-0.53458,3.63145,6.00712,0.5188,8.2,48.0000,0.0000,0.0000,0.0000
2463000,50.0000,50.0000,50.0000,-0.45343,0.97508,-0.52164,3.63741,5.91857,0.5196,8.1,48.0000,0.0000,0.0000,0.0000
2464000,50.0000,50.0000,50.0000,-0.45195,0.96093,-0.50898,3.64334,5.83133,0.5205,8.0,48.0000,0.0000,0.0000,0.0000
2465000,50.0000,50.0000,50.0000,-0.45022,0.94694,-0.49672,3.64906,5.74540,0.5213,7.8,48.0000,0.0000,0.0000,0.0000
2466000,50.0000,50.0000,50.0000,-0.44843,0.93313,-0.48470,3.65479,5.66071,0.5221,7.7,48.0000,0.0000,0.0000,0.0000
2467000,50.0000,50.0000,50.0000,-0.44651,0.91948,-0.47297,3.66044,5.57727,0.5229,7.6,48.0000,0.0000,0.0000,0.0000
2468000,50.0000,50.0000,50.0000,-0.44440,0.90600,-0.46160,3.66592,5.49507,0.5237,7.5,48.0000,0.0000,0.0000,0.0000
2469000,50.0000,50.0000,50.0000,-0.44225,0.89269,-0.45044,3.67140,5.41406,0.5245,7.4,48.0000,0.0000,0.0000,0.0000
2470000,50.0000,50.0000,50.0000,-0.43997,0.87955,-0.43957,3.67680,5.33427,0.5253,7.3,48.0000,0.0000,0.0000,0.0000
2471000,50.0000,50.0000,50.0000,-0.43754,0.86657,-0.42903,3.68204,5.25564,0.5260,7.2,48.0000,0.0000,0.0000,0.0000
2472000,50.0000,50.0000,50.0000,-0.43508,0.85376,-0.41868,3.68729,5.17817,0.5268,7.1,48.0000,0.0000,0.0000,0.0000
2473000,50.0000,50.0000,50.0000,-0.43252,0.84111,-0.40860,3.69246,5.10185,0.5275,7.0,48.0000,0.0000,0.0000,0.0000
2474000,50.0000,50.0000,50.0000,-0.42981,0.82864,-0.39883,3.69746,5.02663,0.5282,6.9,48.0000,0.0000,0.0000,0.0000
2475000,50.0000,50.0000,50.0000,-0.42708,0.81632,-0.38925,3.70247,4.95256,0.5289,6.8,48.0000,0.0000,0.0000,0.0000
2476000,50.0000,50.0000,50.0000,-0.42430,0.80417,-0.37987,3.70745,4.87956,0.5296,6.7,48.0000,0.0000,0.0000,0.0000
2477000,50.0000,50.0000,50.0000,-0.42135,0.79218,-0.37083,3.71222,4.80763,0.5303,6.6,48.0000,0.0000,0.0000,0.0000
2478000,50.0000,50.0000,50.0000,-0.41839,0.78036,-0.36197,3.71699,4.73675,0.5310,6.5,48.0000,0.0000,0.0000,0.0000
2479000,50.0000,50.0000,50.0000,-0.41542,0.76869,-0.35327,3.72175,4.66694,0.5317,6.4,48.0000,0.0000,0.0000,0.0000
2480000,50.0000,50.0000,50.0000,-0.41231,0.75719,-0.34487,3.72635,4.59816,0.5323,6.3,48.0000,0.0000,0.0000,0.0000
2481000,50.0000,50.0000,50.0000,-0.40916,0.74584,-0.33668,3.73088,4.53038,0.5330,6.2,48.0000,0.0000,0.0000,0.0000
2482000,50.0000,50.0000,50.0000,-0.40600,0.73464,-0.32864,3.73541,4.46360,0.5336,6.1,48.0000,0.0000,0.0000,0.0000
2483000,50.0000,50.0000,50.0000,-0.40281,0.72361,-0.32079,3.73989,4.39781,0.5343,6.0,48.0000,0.0000,0.0000,0.0000
2484000,50.0000,50.0000,50.0000,-0.39950,0.71273,-0.31323,3.74418,4.33298,0.5349,5.9,48.0000,0.0000,0.0000,0.0000
2485000,50.0000,50.0000,50.0000,-0.39619,0.70200,-0.30580,3.74847,4.26911,0.5355,5.8,48.0000,0.0000,0.0000,0.0000
2486000,50.0000,50.0000,50.0000,-0.39289,0.69142,-0.29853,3.75276,4.20618,0.5361,5.7,48.0000,0.0000,0.0000,0.0000
2487000,50.0000,50.0000,50.0000,-0.38952,0.68099,-0.29147,3.75695,4.14418,0.5367,5.7,48.0000,0.0000,0.0000,0.0000
2488000,50.0000,50.0000,50.0000,-0.38609,0.67071,-0.28462,3.76100,4.08309,0.5373,5.6,48.0000,0.0000,0.0000,0.0000
2489000,50.0000,50.0000,50.0000,-0.38267,0.66058,-0.27791,3.76505,4.02290,0.5379,5.5,48.0000,0.0000,0.0000,0.0000
2490000,50.0000,50.0000,50.0000,-0.37926,0.65059,-0.27133,3.76911,3.96359,0.5384,5.4,48.0000,0.0000,0.0000,0.0000
2491000,50.0000,50.0000,50.0000,-0.37579,0.64074,-0.26495,3.77304,3.90516,0.5390,5.3,48.0000,0.0000,0.0000,0.0000
2492000,50.0000,50.0000,50.0000,-0.37228,0.63105,-0.25877,3.77686,3.84759,0.5396,5.2,48.0000,0.0000,0.0000,0.0000
2493000,50.0000,50.0000,50.0000,-0.36878,0.62148,-0.25270,3.78067,3.79088,0.5401,5.2,48.0000,0.0000,0.0000,0.0000
2494000,50.0000,50.0000,50.0000,-0.36530,0.61206,-0.24676,3.78449,3.73500,0.5406,5.1,48.0000,0.0000,0.0000,0.0000
2495000,50.0000,50.0000,50.0000,-0.36180,0.60277,-0.24097,3.78823,3.67994,0.5412,5.0,48.0000,0.0000,0.0000,0.0000
2496000,50.0000,50.0000,50.0000,-0.35824,0.59363,-0.23540,3.79181,3.62570,0.5417,4.9,48.0000,0.0000,0.0000,0.0000
2497000,50.0000,50.0000,50.0000,-0.35469,0.58462,-0.22993,3.79539,3.57225,0.5422,4.9,48.0000,0.0000,0.0000,0.0000
2498000,50.0000,50.0000,50.0000,-0.35117,0.57573,-0.22456,3.79896,3.51959,0.5427,4.8,48.0000,0.0000,0.0000,0.0000
2499000,50.0000,50.0000,50.0000,-0.34767,0.56698,-0.21931,3.80254,3.46772,0.5432,4.7,48.0000,0.0000,0.0000,0.0000
2500000,50.0000,50.0000,50.0000,-0.34411,0.55836,-0.21426,3.80593,3.41660,0.5437,4.7,48.0000,0.0000,0.0000,0.0000
2501000,50.0000,50.0000,50.0000,-0.34055,0.54988,-0.20933,3.80926,3.36623,0.5442,4.6,48.0000,0.0000,0.0000,0.0000
2502000,50.0000,50.0000,50.0000,-0.33701,0.54151,-0.20450,3.81260,3.31661,0.5447,4.5,48.0000,0.0000,0.0000,0.0000
2503000,50.0000,50.0000,50.0000,-0.33350,0.53327,-0.19976,3.81594,3.26771,0.5451,4.5,48.0000,0.0000,0.0000,0.0000
2504000,50.0000,50.0000,50.0000,-0.33002,0.52514,-0.19512,3.81928,3.21955,0.5456,4.4,48.0000,0.0000,0.0000,0.0000
2505000,50.0000,50.0000,50.0000,-0.32647,0.51715,-0.19068,3.82238,3.17209,0.5461,4.3,48.0000,0.0000,0.0000,0.0000
2506000,50.0000,50.0000,50.0000,-0.32294,0.50928,-0.18634,3.82548,3.12533,0.5465,4.3,48.0000,0.0000,0.0000,0.0000
2507000,50.0000,50.0000,50.0000,-0.31944,0.50152,-0.18208,3.82858,3.07926,0.5469,4.2,48.0000,0.0000,0.0000,0.0000
2508000,50.0000,50.0000,50.0000,-0.31598,0.49388,-0.17790,3.83168,3.03387,0.5474,4.1,48.0000,0.0000,0.0000,0.0000
2509000,50.0000,50.0000,50.0000,-0.31254,0.48634,-0.17380,3.83478,2.98915,0.5478,4.1,48.0000,0.0000,0.0000,0.0000
2510000,50.0000,50.0000,50.0000,-0.30906,0.47893,-0.16988,3.83769,2.94508,0.5482,4.0,48.0000,0.0000,0.0000,0.0000
2511000,50.0000,50.0000,50.0000,-0.30559,0.47164,-0.16605,3.84055,2.90167,0.5486,4.0,48.0000,0.0000,0.0000,0.0000
2512000,50.0000,50.0000,50.0000,-0.30216,0.46445,-0.16229,3.84341,2.85890,0.5491,3.9,48.0000,0.0000,0.0000,0.0000
2513000,50.0000,50.0000,50.0000,-0.29875,0.45737,-0.15861,3.84627,2.81675,0.5495,3.8,48.0000,0.0000,0.0000,0.0000
2514000,50.0000,50.0000,50.0000,-0.29538,0.45039,-0.15501,3.84913,2.77523,0.5499,3.8,48.0000,0.0000,0.0000,0.0000
2515000,50.0000,50.0000,50.0000,-0.29203,0.44351,-0.15149,3.85195,2.73432,0.5503,3.7,48.0000,0.0000,0.0000,0.0000
2516000,50.0000,50.0000,50.0000,-0.28864,0.43676,-0.14812,3.85457,2.69402,0.5507,3.7,48.0000,0.0000,0.0000,0.0000
2517000,50.0000,50.0000,50.0000,-0.28528,0.43010,-0.14482,3.85719,2.65430,0.5510,3.6,48.0000,0.0000,0.0000,0.0000
2518000,50.0000,50.0000,50.0000,-0.28196,0.42355,-0.14159,3.85982,2.61518,0.5514,3.6,48.0000,0.0000,0.0000,0.0000
2519000,50.0000,50.0000,50.0000,-0.27867,0.41708,-0.13841,3.86244,2.57661,0.5518,3.5,48.0000,0.0000,0.0000,0.0000
2520000,50.0000,50.0000,50.0000,-0.27542,0.41072,-0.13530,3.86506,2.53864,0.5522,3.5,48.0000,0.0000,0.0000,0.0000
2521000,50.0000,50.0000,50.0000,-0.27219,0.40445,-0.13226,3.86767,2.50122,0.5525,3.4,48.0000,0.0000,0.0000,0.0000
2522000,50.0000,50.0000,50.0000,-0.26893,0.39829,-0.12936,3.87005,2.46434,0.5529,3.4,48.0000,0.0000,0.0000,0.0000
2523000,50.0000,50.0000,50.0000,-0.26570,0.39222,-0.12652,3.87244,2.42802,0.5532,3.3,48.0000,0.0000,0.0000,0.0000
2524000,50.0000,50.0000,50.0000,-0.26251,0.38624,-0.12373,3.87482,2.39223,0.5535,3.3,48.0000,0.0000,0.0000,0.0000
2525000,50.0000,50.0000,50.0000,-0.25936,0.38036,-0.12100,3.87721,2.35697,0.5539,3.2,48.0000,0.0000,0.0000,0.0000
2526000,50.0000,50.0000,50.0000,-0.25623,0.37456,-0.11832,3.87959,2.32222,0.5542,3.2,48.0000,0.0000,0.0000,0.0000
2527000,50.0000,50.0000,50.0000,-0.25314,0.36884,-0.11570,3.88198,2.28798,0.5546,3.1,48.0000,0.0000,0.0000,0.0000
2528000,50.0000,50.0000,50.0000,-0.25007,0.36322,-0.11315,3.88428,2.25425,0.5549,3.1,48.0000,0.0000,0.0000,0.0000
2529000,50.0000,50.0000,50.0000,-0.24698,0.35769,-0.11071,3.88643,2.22103,0.5552,3.0,48.0000,0.0000,0.0000,0.0000
2530000,50.0000,50.0000,50.0000,-0.24393,0.35224,-0.10831,3.88858,2.18829,0.5555,3.0,48.0000,0.0000,0.0000,0.0000
2531000,50.0000,50.0000,50.0000,-0.24091,0.34688,-0.10596,3.89072,2.15603,0.5558,2.9,48.0000,0.0000,0.0000,0.0000
2532000,50.0000,50.0000,50.0000,-0.23793,0.34159,-0.10366,3.89287,2.12424,0.5561,2.9,48.0000,0.0000,0.0000,0.0000
2533000,50.0000,50.0000,50.0000,-0.23499,0.33639,-0.10140,3.89501,2.09293,0.5564,2.9,48.0000,0.0000,0.0000,0.0000
2534000,50.0000,50.0000,50.0000,-0.23207,0.33126,-0.09919,3.89716,2.06207,0.5567,2.8,48.0000,0.0000,0.0000,0.0000
2535000,50.0000,50.0000,50.0000,-0.22919,0.32621,-0.09702,3.89930,2.03167,0.5570,2.8,48.0000,0.0000,0.0000,0.0000
2536000,50.0000,50.0000,50.0000,-0.22630,0.32125,-0.09495,3.90125,2.00173,0.5573,2.7,48.0000,0.0000,0.0000,0.0000
2537000,50.0000,50.0000,50.0000,-0.22343,0.31637,-0.09294,3.90316,1.97222,0.5576,2.7,48.0000,0.0000,0.0000,0.0000
2538000,50.0000,50.0000,50.0000,-0.22059,0.31156,-0.09097,3.90507,1.94314,0.5579,2.7,48.0000,0.0000,0.0000,0.0000
2539000,50.0000,50.0000,50.0000,-0.21779,0.30682,-0.08903,3.90697,1.91450,0.5581,2.6,48.0000,0.0000,0.0000,0.0000
2540000,50.0000,50.0000,50.0000,-0.21502,0.30215,-0.08713,3.90888,1.88628,0.5584,2.6,48.0000,0.0000,0.0000,0.0000
2541000,50.0000,50.0000,50.0000,-0.21229,0.29755,-0.08527,3.91079,1.85847,0.5587,2.5,48.0000,0.0000,0.0000,0.0000
2542000,50.0000,50.0000,50.0000,-0.20958,0.29302,-0.08344,3.91270,1.83107,0.5590,2.5,48.0000,0.0000,0.0000,0.0000
2543000,50.0000,50.0000,50.0000,-0.20692,0.28856,-0.08165,3.91460,1.80408,0.5592,2.5,48.0000,0.0000,0.0000,0.0000
2544000,50.0000,50.0000,50.0000,-0.20426,0.28418,-0.07992,3.91642,1.77748,0.5595,2.4,48.0000,0.0000,0.0000,0.0000
2545000,50.0000,50.0000,50.0000,-0.20160,0.27986,-0.07826,3.91808,1.75128,0.5597,2.4,48.0000,0.0000,0.0000,0.0000
2546000,50.0000,50.0000,50.0000,-0.19898,0.27562,-0.07663,3.91975,1.72547,0.5600,2.4,48.0000,0.0000,0.0000,0.0000
2547000,50.0000,50.0000,50.0000,-0.19639,0.27143,-0.07504,3.92142,1.70003,0.5602,2.3,48.0000,0.0000,0.0000,0.0000
2548000,50.0000,50.0000,50.0000,-0.19384,0.26731,-0.07347,3.92309,1.67497,0.5604,2.3,48.0000,0.0000,0.0000,0.0000
2549000,50.0000,50.0000,50.0000,-0.19131,0.26325,-0.07194,3.92476,1.65028,0.5607,2.3,48.0000,0.0000,0.0000,0.0000
2550000,50.0000,50.0000,50.0000,-0.18882,0.25926,-0.07043,3.92643,1.62595,0.5609,2.2,48.0000,0.0000,0.0000,0.0000
2551000,50.0000,50.0000,50.0000,-0.18636,0.25532,-0.06896,3.92810,1.60198,0.5612,2.2,48.0000,0.0000,0.0000,0.0000
2552000,50.0000,50.0000,50.0000,-0.18393,0.25144,-0.06751,3.92977,1.57837,0.5614,2.2,48.0000,0.0000,0.0000,0.0000
2553000,50.0000,50.0000,50.0000,-0.18153,0.24762,-0.06609,3.93144,1.55510,0.5616,2.1,48.0000,0.0000,0.0000,0.0000
2554000,50.0000,50.0000,50.0000,-0.17913,0.24387,-0.06474,3.93292,1.53218,0.5618,2.1,48.0000,0.0000,0.0000,0.0000
2555000,50.0000,50.0000,50.0000,-0.17675,0.24018,-0.06343,3.93435,1.50959,0.5621,2.1,48.0000,0.0000,0.0000,0.0000
2556000,50.0000,50.0000,50.0000,-0.17440,0.23654,-0.06214,3.93578,1.48733,0.5623,2.0,48.0000,0.0000,0.0000,0.0000
2557000,50.0000,50.0000,50.0000,-0.17208,0.23296,-0.06088,3.93721,1.46541,0.5625,2.0,48.0000,0.0000,0.0000,0.0000
2558000,50.0000,50.0000,50.0000,-0.16979,0.22943,-0.05964,3.93864,1.44381,0.5627,2.0,48.0000,0.0000,0.0000,0.0000
2559000,50.0000,50.0000,50.0000,-0.16753,0.22596,-0.05843,3.94007,1.42252,0.5629,1.9,48.0000,0.0000,0.0000,0.0000
2560000,50.0000,50.0000,50.0000,-0.16529,0.22253,-0.05724,3.94150,1.40155,0.5631,1.9,48.0000,0.0000,0.0000,0.0000
2561000,50.0000,50.0000,50.0000,-0.16309,0.21916,-0.05607,3.94294,1.38089,0.5633,1.9,48.0000,0.0000,0.0000,0.0000
2562000,50.0000,50.0000,50.0000,-0.16092,0.21584,-0.05492,3.94437,1.36053,0.5635,1.9,48.0000,0.0000,0.0000,0.0000
2563000,50.0000,50.0000,50.0000,-0.15877,0.21257,-0.05380,3.94580,1.34048,0.5637,1.8,48.0000,0.0000,0.0000,0.0000
2564000,50.0000,50.0000,50.0000,-0.15666,0.20935,-0.05269,3.94723,1.32072,0.5639,1.8,48.0000,0.0000,0.0000,0.0000
2565000,50.0000,50.0000,50.0000,-0.15455,0.20618,-0.05163,3.94853,1.30125,0.5641,1.8,48.0000,0.0000,0.0000,0.0000
2566000,50.0000,50.0000,50.0000,-0.15245,0.20307,-0.05062,3.94973,1.28207,0.5642,1.7,48.0000,0.0000,0.0000,0.0000
2567000,50.0000,50.0000,50.0000,-0.15038,0.20001,-0.04962,3.95092,1.26317,0.5644,1.7,48.0000,0.0000,0.0000,0.0000
2568000,50.0000,50.0000,50.0000,-0.14834,0.19699,-0.04865,3.95211,1.24455,0.5646,1.7,48.0000,0.0000,0.0000,0.0000
2569000,50.0000,50.0000,50.0000,-0.14632,0.19401,-0.04769,3.95330,1.22620,0.5648,1.7,48.0000,0.0000,0.0000,0.0000
2570000,50.0000,50.0000,50.0000,-0.14434,0.19108,-0.04675,3.95449,1.20812,0.5649,1.6,48.0000,0.0000,0.0000,0.0000
2571000,50.0000,50.0000,50.0000,-0.14237,0.18820,-0.04582,3.95569,1.19031,0.5651,1.6,48.0000,0.0000,0.0000,0.0000
2572000,50.0000,50.0000,50.0000,-0.14044,0.18536,-0.04492,3.95688,1.17277,0.5653,1.6,48.0000,0.0000,0.0000,0.0000
2573000,50.0000,50.0000,50.0000,-0.13853,0.18256,-0.04403,3.95807,1.15548,0.5654,1.6,48.0000,0.0000,0.0000,0.0000
2574000,50.0000,50.0000,50.0000,-0.13665,0.17980,-0.04315,3.95926,1.13845,0.5656,1.6,48.0000,0.0000,0.0000,0.0000
2575000,50.0000,50.0000,50.0000,-0.13479,0.17708,-0.04230,3.96045,1.12166,0.5658,1.5,48.0000,0.0000,0.0000,0.0000
2576000,50.0000,50.0000,50.0000,-0.13295,0.17441,-0.04146,3.96165,1.10513,0.5659,1.5,48.0000,0.0000,0.0000,0.0000
2577000,50.0000,50.0000,50.0000,-0.13114,0.17177,-0.04063,3.96284,1.08884,0.5661,1.5,48.0000,0.0000,0.0000,0.0000
2578000,50.0000,50.0000,50.0000,-0.12936,0.16918,-0.03982,3.96403,1.07278,0.5663,1.5,48.0000,0.0000,0.0000,0.0000
2579000,50.0000,50.0000,50.0000,-0.12757,0.16663,-0.03906,3.96498,1.05697,0.5664,1.4,48.0000,0.0000,0.0000,0.0000
2580000,50.0000,50.0000,50.0000,-0.12580,0.16413,-0.03832,3.96594,1.04139,0.5666,1.4,48.0000,0.0000,0.0000,0.0000
2581000,50.0000,50.0000,50.0000,-0.12406,0.16166,-0.03760,3.96689,1.02604,0.5667,1.4,48.0000,0.0000,0.0000,0.0000
2582000,50.0000,50.0000,50.0000,-0.12235,0.15923,-0.03688,3.96784,1.01092,0.5668,1.4,48.0000,0.0000,0.0000,0.0000
2583000,50.0000,50.0000,50.0000,-0.12065,0.15683,-0.03618,3.96880,0.99601,0.5670,1.4,48.0000,0.0000,0.0000,0.0000
2584000,50.0000,50.0000,50.0000,-0.11898,0.15447,-0.03549,3.96975,0.98132,0.5671,1.3,48.0000,0.0000,0.0000,0.0000
2585000,50.0000,50.0000,50.0000,-0.11733,0.15215,-0.03481,3.97071,0.96686,0.5672,1.3,48.0000,0.0000,0.0000,0.0000
2586000,50.0000,50.0000,50.0000,-0.11571,0.14986,-0.03415,3.97166,0.95260,0.5674,1.3,48.0000,0.0000,0.0000,0.0000
2587000,50.0000,50.0000,50.0000,-0.11411,0.14760,-0.03350,3.97261,0.93856,0.5675,1.3,48.0000,0.0000,0.0000,0.0000
2588000,50.0000,50.0000,50.0000,-0.11252,0.14538,-0.03286,3.97357,0.92473,0.5677,1.3,48.0000,0.0000,0.0000,0.0000
2589000,50.0000,50.0000,50.0000,-0.11097,0.14320,-0.03223,3.97452,0.91109,0.5678,1.2,48.0000,0.0000,0.0000,0.0000
2590000,50.0000,50.0000,50.0000,-0.10943,0.14104,-0.03161,3.97547,0.89766,0.5679,1.2,48.0000,0.0000,0.0000,0.0000
2591000,50.0000,50.0000,50.0000,-0.10791,0.13892,-0.03101,3.97643,0.88443,0.5681,1.2,48.0000,0.0000,0.0000,0.0000
2592000,50.0000,50.0000,50.0000,-0.10642,0.13683,-0.03041,3.97738,0.87139,0.5682,1.2,48.0000,0.0000,0.0000,0.0000
2593000,50.0000,50.0000,50.0000,-0.10494,0.13477,-0.02983,3.97833,0.85855,0.5683,1.2,48.0000,0.0000,0.0000,0.0000
2594000,50.0000,50.0000,50.0000,-0.10348,0.13274,-0.02925,3.97929,0.84589,0.5685,1.2,48.0000,0.0000,0.0000,0.0000
2595000,50.0000,50.0000,50.0000,-0.10205,0.13074,-0.02869,3.98022,0.83342,0.5686,1.1,48.0000,0.0000,0.0000,0.0000
2596000,50.0000,50.0000,50.0000,-0.10061,0.12878,-0.02817,3.98094,0.82113,0.5687,1.1,48.0000,0.0000,0.0000,0.0000
2597000,50.0000,50.0000,50.0000,-0.09919,0.12685,-0.02766,3.98165,0.80903,0.5688,1.1,48.0000,0.0000,0.0000,0.0000
2598000,50.0000,50.0000,50.0000,-0.09780,0.12495,-0.02716,3.98237,0.79710,0.5689,1.1,48.0000,0.0000,0.0000,0.0000
2599000,50.0000,50.0000,50.0000,-0.09642,0.12308,-0.02666,3.98308,0.78535,0.5690,1.1,48.0000,0.0000,0.0000,0.0000
2600000,50.0000,50.0000,50.0000,-0.09506,0.12124,-0.02618,3.98380,0.77378,0.5691,1.1,48.0000,0.0000,0.0000,0.0000
2601000,50.0000,50.0000,50.0000,-0.09372,0.11942,-0.02570,3.98451,0.76237,0.5692,1.0,48.0000,0.0000,0.0000,0.0000
2602000,50.0000,50.0000,50.0000,-0.09240,0.11763,-0.02523,3.98523,0.75113,0.5693,1.0,48.0000,0.0000,0.0000,0.0000
2603000,50.0000,50.0000,50.0000,-0.09110,0.11587,-0.02477,3.98594,0.74006,0.5694,1.0,48.0000,0.0000,0.0000,0.0000
2604000,50.0000,50.0000,50.0000,-0.08981,0.11413,-0.02432,3.98666,0.72915,0.5695,1.0,48.0000,0.0000,0.0000,0.0000
2605000,50.0000,50.0000,50.0000,-0.08855,0.11242,-0.02388,3.98737,0.71840,0.5696,1.0,48.0000,0.0000,0.0000,0.0000
2606000,50.0000,50.0000,50.0000,-0.08730,0.11074,-0.02344,3.98809,0.70781,0.5697,1.0,48.0000,0.0000,0.0000,0.0000
2607000,50.0000,50.0000,50.0000,-0.08607,0.10908,-0.02301,3.98881,0.69737,0.5698,1.0,48.0000,0.0000,0.0000,0.0000
2608000,50.0000,50.0000,50.0000,-0.08486,0.10745,-0.02259,3.98952,0.68709,0.5699,0.9,48.0000,0.0000,0.0000,0.0000
2609000,50.0000,50.0000,50.0000,-0.08366,0.10584,-0.02218,3.99024,0.67696,0.5700,0.9,48.0000,0.0000,0.0000,0.0000
2610000,50.0000,50.0000,50.0000,-0.08248,0.10425,-0.02177,3.99095,0.66699,0.5701,0.9,48.0000,0.0000,0.0000,0.0000
2611000,50.0000,50.0000,50.0000,-0.08132,0.10269,-0.02137,3.99167,0.65715,0.5702,0.9,48.0000,0.0000,0.0000,0.0000
2612000,50.0000,50.0000,50.0000,-0.08017,0.10115,-0.02098,3.99238,0.64747,0.5703,0.9,48.0000,0.0000,0.0000,0.0000
2613000,50.0000,50.0000,50.0000,-0.07904,0.09963,-0.02059,3.99310,0.63792,0.5704,0.9,48.0000,0.0000,0.0000,0.0000
2614000,50.0000,50.0000,50.0000,-0.07792,0.09814,-0.02022,3.99381,0.62852,0.5705,0.9,48.0000,0.0000,0.0000,0.0000
2615000,50.0000,50.0000,50.0000,-0.07682,0.09667,-0.01984,3.99453,0.61925,0.5706,0.8,48.0000,0.0000,0.0000,0.0000
2616000,50.0000,50.0000,50.0000,-0.07574,0.09522,-0.01948,3.99524,0.61012,0.5707,0.8,48.0000,0.0000,0.0000,0.0000
2617000,50.0000,50.0000,50.0000,-0.07467,0.09379,-0.01912,3.99596,0.60113,0.5709,0.8,48.0000,0.0000,0.0000,0.0000
2618000,50.0000,50.0000,50.0000,-0.07361,0.09239,-0.01878,3.99657,0.59227,0.5709,0.8,48.0000,0.0000,0.0000,0.0000
2619000,50.0000,50.0000,50.0000,-0.07256,0.09101,-0.01845,3.99705,0.58353,0.5710,0.8,48.0000,0.0000,0.0000,0.0000
2620000,50.0000,50.0000,50.0000,-0.07152,0.08966,-0.01814,3.99752,0.57493,0.5711,0.8,48.0000,0.0000,0.0000,0.0000
2621000,50.0000,50.0000,50.0000,-0.07050,0.08832,-0.01782,3.99800,0.56646,0.5711,0.8,48.0000,0.0000,0.0000,0.0000
2622000,50.0000,50.0000,50.0000,-0.06949,0.08700,-0.01752,3.99848,0.55811,0.5712,0.8,48.0000,0.0000,0.0000,0.0000
2623000,50.0000,50.0000,50.0000,-0.06849,0.08571,-0.01721,3.99896,0.54988,0.5713,0.8,48.0000,0.0000,0.0000,0.0000
2624000,50.0000,50.0000,50.0000,-0.06751,0.08443,-0.01692,3.99943,0.54178,0.5713,0.7,48.0000,0.0000,0.0000,0.0000
2625000,50.0000,50.0000,50.0000,-0.06654,0.08317,-0.01662,3.99991,0.53379,0.5714,0.7,48.0000,0.0000,0.0000,0.0000
2626000,50.0000,50.0000,50.0000,-0.06559,0.08193,-0.01634,4.00039,0.52592,0.5715,0.7,48.0000,0.0000,0.0000,0.0000
2627000,50.0000,50.0000,50.0000,-0.06465,0.08071,-0.01606,4.00086,0.51817,0.5716,0.7,48.0000,0.0000,0.0000,0.0000
2628000,50.0000,50.0000,50.0000,-0.06373,0.07950,-0.01578,4.00134,0.51053,0.5716,0.7,48.0000,0.0000,0.0000,0.0000
2629000,50.0000,50.0000,50.0000,-0.06281,0.07832,-0.01551,4.00182,0.50300,0.5717,0.7,48.0000,0.0000,0.0000,0.0000
2630000,50.0000,50.0000,50.0000,-0.06191,0.07715,-0.01524,4.00229,0.49558,0.5718,0.7,48.0000,0.0000,0.0000,0.0000
2631000,50.0000,50.0000,50.0000,-0.06103,0.07600,-0.01497,4.00277,0.48828,0.5718,0.7,48.0000,0.0000,0.0000,0.0000
2632000,50.0000,50.0000,50.0000,-0.06015,0.07487,-0.01471,4.00325,0.48108,0.5719,0.7,48.0000,0.0000,0.0000,0.0000
2633000,50.0000,50.0000,50.0000,-0.05929,0.07375,-0.01446,4.00372,0.47399,0.5720,0.6,48.0000,0.0000,0.0000,0.0000
2634000,50.0000,50.0000,50.0000,-0.05844,0.07265,-0.01421,4.00420,0.46700,0.5720,0.6,48.0000,0.0000,0.0000,0.0000
2635000,50.0000,50.0000,50.0000,-0.05760,0.07157,-0.01396,4.00468,0.46012,0.5721,0.6,48.0000,0.0000,0.0000,0.0000
2636000,50.0000,50.0000,50.0000,-0.05678,0.07050,-0.01372,4.00515,0.45333,0.5722,0.6,48.0000,0.0000,0.0000,0.0000
2637000,50.0000,50.0000,50.0000,-0.05596,0.06945,-0.01348,4.00563,0.44665,0.5722,0.6,48.0000,0.0000,0.0000,0.0000
2638000,50.0000,50.0000,50.0000,-0.05516,0.06841,-0.01325,4.00611,0.44007,0.5723,0.6,48.0000,0.0000,0.0000,0.0000
2639000,50.0000,50.0000,50.0000,-0.05437,0.06739,-0.01302,4.00658,0.43358,0.5724,0.6,48.0000,0.0000,0.0000,0.0000
2640000,50.0000,50.0000,50.0000,-0.05359,0.06639,-0.01279,4.00706,0.42719,0.5724,0.6,48.0000,0.0000,0.0000,0.0000
2641000,50.0000,50.0000,50.0000,-0.05283,0.06540,-0.01257,4.00754,0.42089,0.5725,0.6,48.0000,0.0000,0.0000,0.0000
2642000,50.0000,50.0000,50.0000,-0.05207,0.06442,-0.01235,4.00802,0.41469,0.5726,0.6,48.0000,0.0000,0.0000,0.0000
2643000,50.0000,50.0000,50.0000,-0.05132,0.06346,-0.01214,4.00849,0.40857,0.5726,0.6,48.0000,0.0000,0.0000,0.0000
2644000,50.0000,50.0000,50.0000,-0.05059,0.06251,-0.01193,4.00897,0.40255,0.5727,0.5,48.0000,0.0000,0.0000,0.0000
2645000,50.0000,50.0000,50.0000,-0.04986,0.06158,-0.01172,4.00945,0.39662,0.5728,0.5,48.0000,0.0000,0.0000,0.0000
2646000,50.0000,50.0000,50.0000,-0.04915,0.06066,-0.01152,4.00992,0.39077,0.5728,0.5,48.0000,0.0000,0.0000,0.0000
2647000,50.0000,50.0000,50.0000,-0.04844,0.05976,-0.01132,4.01040,0.38501,0.5729,0.5,48.0000,0.0000,0.0000,0.0000
2648000,50.0000,50.0000,50.0000,-0.04775,0.05887,-0.01112,4.01088,0.37933,0.5730,0.5,48.0000,0.0000,0.0000,0.0000
2649000,50.0000,50.0000,50.0000,-0.04706,0.05799,-0.01093,4.01135,0.37374,0.5731,0.5,48.0000,0.0000,0.0000,0.0000
2650000,50.0000,50.0000,50.0000,-0.04639,0.05713,-0.01074,4.01183,0.36823,0.5731,0.5,48.0000,0.0000,0.0000,0.0000
2651000,50.0000,50.0000,50.0000,-0.04572,0.05627,-0.01055,4.01231,0.36280,0.5732,0.5,48.0000,0.0000,0.0000,0.0000
2652000,50.0000,50.0000,50.0000,-0.04507,0.05543,-0.01037,4.01278,0.35745,0.5733,0.5,48.0000,0.0000,0.0000,0.0000
2653000,50.0000,50.0000,50.0000,-0.04442,0.05461,-0.01018,4.01326,0.35218,0.5733,0.5,48.0000,0.0000,0.0000,0.0000
2654000,50.0000,50.0000,50.0000,-0.04379,0.05379,-0.01001,4.01374,0.34699,0.5734,0.5,48.0000,0.0000,0.0000,0.0000
2655000,50.0000,50.0000,50.0000,-0.04316,0.05299,-0.00983,4.01421,0.34188,0.5735,0.5,48.0000,0.0000,0.0000,0.0000
2656000,50.0000,50.0000,50.0000,-0.04254,0.05220,-0.00966,4.01469,0.33684,0.5735,0.5,48.0000,0.0000,0.0000,0.0000
2657000,50.0000,50.0000,50.0000,-0.04193,0.05142,-0.00949,4.01517,0.33187,0.5736,0.5,48.0000,0.0000,0.0000,0.0000
2658000,50.0000,50.0000,50.0000,-0.04133,0.05065,-0.00933,4.01564,0.32698,0.5737,0.4,48.0000,0.0000,0.0000,0.0000
2659000,50.0000,50.0000,50.0000,-0.04074,0.04990,-0.00916,4.01612,0.32216,0.5737,0.4,48.0000,0.0000,0.0000,0.0000
2660000,50.0000,50.0000,50.0000,-0.04015,0.04915,-0.00900,4.01660,0.31741,0.5738,0.4,48.0000,0.0000,0.0000,0.0000
2661000,50.0000,50.0000,50.0000,-0.03958,0.04842,-0.00885,4.01708,0.31273,0.5739,0.4,48.0000,0.0000,0.0000,0.0000
2662000,50.0000,50.0000,50.0000,-0.03901,0.04770,-0.00869,4.01755,0.30812,0.5739,0.4,48.0000,0.0000,0.0000,0.0000
2663000,50.0000,50.0000,50.0000,-0.03845,0.04699,-0.00854,4.01803,0.30358,0.5740,0.4,48.0000,0.0000,0.0000,0.0000
2664000,50.0000,50.0000,50.0000,-0.03790,0.04629,-0.00839,4.01851,0.29910,0.5741,0.4,48.0000,0.0000,0.0000,0.0000
2665000,50.0000,50.0000,50.0000,-0.03735,0.04560,-0.00824,4.01898,0.29470,0.5741,0.4,48.0000,0.0000,0.0000,0.0000
2666000,50.0000,50.0000,50.0000,-0.03682,0.04492,-0.00810,4.01946,0.29035,0.5742,0.4,48.0000,0.0000,0.0000,0.0000
2667000,50.0000,50.0000,50.0000,-0.03629,0.04425,-0.00796,4.01994,0.28607,0.5743,0.4,48.0000,0.0000,0.0000,0.0000
2668000,50.0000,50.0000,50.0000,-0.03577,0.04359,-0.00782,4.02041,0.28185,0.5743,0.4,48.0000,0.0000,0.0000,0.0000
2669000,50.0000,50.0000,50.0000,-0.03526,0.04293,-0.00768,4.02089,0.27770,0.5744,0.4,48.0000,0.0000,0.0000,0.0000
2670000,50.0000,50.0000,50.0000,-0.03475,0.04229,-0.00754,4.02137,0.27360,0.5745,0.4,48.0000,0.0000,0.0000,0.0000
2671000,50.0000,50.0000,50.0000,-0.03425,0.04166,-0.00741,4.02184,0.26957,0.5745,0.4,48.0000,0.0000,0.0000,0.0000
2672000,50.0000,50.0000,50.0000,-0.03376,0.04104,-0.00728,4.02232,0.26560,0.5746,0.4,48.0000,0.0000,0.0000,0.0000
2673000,50.0000,50.0000,50.0000,-0.03328,0.04043,-0.00715,4.02280,0.26168,0.5747,0.4,48.0000,0.0000,0.0000,0.0000
2674000,50.0000,50.0000,50.0000,-0.03280,0.03983,-0.00703,4.02327,0.25782,0.5748,0.4,48.0000,0.0000,0.0000,0.0000
2675000,50.0000,50.0000,50.0000,-0.03233,0.03923,-0.00690,4.02375,0.25402,0.5748,0.3,48.0000,0.0000,0.0000,0.0000
2676000,50.0000,50.0000,50.0000,-0.03186,0.03865,-0.00678,4.02423,0.25028,0.5749,0.3,48.0000,0.0000,0.0000,0.0000
2677000,50.0000,50.0000,50.0000,-0.03141,0.03807,-0.00666,4.02470,0.24659,0.5750,0.3,48.0000,0.0000,0.0000,0.0000
2678000,50.0000,50.0000,50.0000,-0.03096,0.03750,-0.00655,4.02518,0.24295,0.5750,0.3,48.0000,0.0000,0.0000,0.0000
2679000,50.0000,50.0000,50.0000,-0.03051,0.03694,-0.00643,4.02566,0.23937,0.5751,0.3,48.0000,0.0000,0.0000,0.0000
2680000,50.0000,50.0000,50.0000,-0.03007,0.03640,-0.00633,4.02579,0.23584,0.5751,0.3,48.0000,0.0000,0.0000,0.0000
2681000,50.0000,50.0000,50.0000,-0.02962,0.03586,-0.00624,4.02579,0.23237,0.5751,0.3,48.0000,0.0000,0.0000,0.0000
2682000,50.0000,50.0000,50.0000,-0.02919,0.03533,-0.00614,4.02579,0.22894,0.5751,0.3,48.0000,0.0000,0.0000,0.0000
2683000,50.0000,50.0000,50.0000,-0.02876,0.03481,-0.00605,4.02579,0.22557,0.5751,0.3,48.0000,0.0000,0.0000,0.0000
2684000,50.0000,50.0000,50.0000,-0.02833,0.03430,-0.00596,4.02579,0.22224,0.5751,0.3,48.0000,0.0000,0.0000,0.0000
2685000,50.0000,50.0000,50.0000,-0.02791,0.03379,-0.00588,4.02579,0.21896,0.5751,0.3,48.0000,0.0000,0.0000,0.0000
2686000,50.0000,50.0000,50.0000,-0.02750,0.03329,-0.00579,4.02579,0.21574,0.5751,0.3,48.0000,0.0000,0.0000,0.0000
2687000,50.0000,50.0000,50.0000,-0.02710,0.03280,-0.00570,4.02579,0.21256,0.5751,0.3,48.0000,0.0000,0.0000,0.0000
2688000,50.0000,50.0000,50.0000,-0.02670,0.03232,-0.00562,4.02579,0.20942,0.5751,0.3,48.0000,0.0000,0.0000,0.0000
2689000,50.0000,50.0000,50.0000,-0.02631,0.03184,-0.00554,4.02579,0.20634,0.5751,0.3,48.0000,0.0000,0.0000,0.0000
2690000,50.0000,50.0000,50.0000,-0.02592,0.03137,-0.00545,4.02579,0.20329,0.5751,0.3,48.0000,0.0000,0.0000,0.0000
2691000,50.0000,50.0000,50.0000,-0.02554,0.03091,-0.00537,4.02579,0.20030,0.5751,0.3,48.0000,0.0000,0.0000,0.0000
2692000,50.0000,50.0000,50.0000,-0.02516,0.03045,-0.00529,4.02579,0.19734,0.5751,0.3,48.0000,0.0000,0.0000,0.0000
2693000,50.0000,50.0000,50.0000,-0.02479,0.03000,-0.00522,4.02579,0.19444,0.5751,0.3,48.0000,0.0000,0.0000,0.0000
2694000,50.0000,50.0000,50.0000,-0.02442,0.02956,-0.00514,4.02579,0.19157,0.5751,0.3,48.0000,0.0000,0.0000,0.0000
2695000,50.0000,50.0000,50.0000,-0.02406,0.02913,-0.00506,4.02579,0.18875,0.5751,0.3,48.0000,0.0000,0.0000,0.0000
2696000,50.0000,50.0000,50.0000,-0.02371,0.02870,-0.00499,4.02579,0.18596,0.5751,0.3,48.0000,0.0000,0.0000,0.0000
2697000,50.0000,50.0000,50.0000,-0.02336,0.02827,-0.00491,4.02579,0.18322,0.5751,0.2,48.0000,0.0000,0.0000,0.0000
2698000,50.0000,50.0000,50.0000,-0.02302,0.02786,-0.00484,4.02579,0.18052,0.5751,0.2,48.0000,0.0000,0.0000,0.0000
2699000,50.0000,50.0000,50.0000,-0.02268,0.02745,-0.00477,4.02579,0.17786,0.5751,0.2,48.0000,0.0000,0.0000,0.0000
2700000,50.0000,50.0000,50.0000,-0.02234,0.02704,-0.00470,4.02579,0.17524,0.5751,0.2,48.0000,0.0000,0.0000,0.0000
2701000,50.0000,50.0000,50.0000,-0.02201,0.02664,-0.00463,4.02579,0.17265,0.5751,0.2,48.0000,0.0000,0.0000,0.0000
2702000,50.0000,50.0000,50.0000,-0.02169,0.02625,-0.00456,4.02579,0.17011,0.5751,0.2,48.0000,0.0000,0.0000,0.0000
2703000,50.0000,50.0000,50.0000,-0.02137,0.02586,-0.00449,4.02579,0.16760,0.5751,0.2,48.0000,0.0000,0.0000,0.0000
2704000,50.0000,50.0000,50.0000,-0.02105,0.02548,-0.00443,4.02579,0.16513,0.5751,0.2,48.0000,0.0000,0.0000,0.0000
2705000,50.0000,50.0000,50.0000,-0.02074,0.02511,-0.00436,4.02579,0.16270,0.5751,0.2,48.0000,0.0000,0.0000,0.0000
2706000,50.0000,50.0000,50.0000,-0.02044,0.02474,-0.00430,4.02579,0.16030,0.5751,0.2,48.0000,0.0000,0.0000,0.0000
2707000,50.0000,50.0000,50.0000,-0.02014,0.02437,-0.00423,4.02579,0.15793,0.5751,0.2,48.0000,0.0000,0.0000,0.0000
2708000,50.0000,50.0000,50.0000,-0.01984,0.02401,-0.00417,4.02579,0.15561,0.5751,0.2,48.0000,0.0000,0.0000,0.0000
2709000,50.0000,50.0000,50.0000,-0.01955,0.02366,-0.00411,4.02579,0.15331,0.5751,0.2,48.0000,0.0000,0.0000,0.0000
2710000,50.0000,50.0000,50.0000,-0.01926,0.02331,-0.00405,4.02579,0.15105,0.5751,0.2,48.0000,0.0000,0.0000,0.0000
2711000,50.0000,50.0000,50.0000,-0.01898,0.02297,-0.00399,4.02579,0.14883,0.5751,0.2,48.0000,0.0000,0.0000,0.0000
2712000,50.0000,50.0000,50.0000,-0.01870,0.02263,-0.00393,4.02579,0.14663,0.5751,0.2,48.0000,0.0000,0.0000,0.0000
2713000,50.0000,50.0000,50.0000,-0.01842,0.02229,-0.00387,4.02579,0.14447,0.5751,0.2,48.0000,0.0000,0.0000,0.0000
2714000,50.0000,50.0000,50.0000,-0.01815,0.02196,-0.00382,4.02579,0.14234,0.5751,0.2,48.0000,0.0000,0.0000,0.0000
2715000,50.0000,50.0000,50.0000,-0.01788,0.02164,-0.00376,4.02579,0.14024,0.5751,0.2,48.0000,0.0000,0.0000,0.0000
2716000,50.0000,50.0000,50.0000,-0.01762,0.02132,-0.00370,4.02579,0.13817,0.5751,0.2,48.0000,0.0000,0.0000,0.0000
2717000,50.0000,50.0000,50.0000,-0.01736,0.02101,-0.00365,4.02579,0.13614,0.5751,0.2,48.0000,0.0000,0.0000,0.0000
2718000,50.0000,50.0000,50.0000,-0.01710,0.02070,-0.00360,4.02579,0.13413,0.5751,0.2,48.0000,0.0000,0.0000,0.0000
2719000,50.0000,50.0000,50.0000,-0.01685,0.02039,-0.00354,4.02579,0.13215,0.5751,0.2,48.0000,0.0000,0.0000,0.0000
2720000,50.0000,50.0000,50.0000,-0.01660,0.02009,-0.00349,4.02579,0.13021,0.5751,0.2,48.0000,0.0000,0.0000,0.0000
2721000,50.0000,50.0000,50.0000,-0.01636,0.01980,-0.00344,4.02579,0.12829,0.5751,0.2,48.0000,0.0000,0.0000,0.0000
2722000,50.0000,50.0000,50.0000,-0.01612,0.01950,-0.00339,4.02579,0.12640,0.5751,0.2,48.0000,0.0000,0.0000,0.0000
2723000,50.0000,50.0000,50.0000,-0.01588,0.01922,-0.00334,4.02579,0.12453,0.5751,0.2,48.0000,0.0000,0.0000,0.0000
2724000,50.0000,50.0000,50.0000,-0.01564,0.01893,-0.00329,4.02579,0.12270,0.5751,0.2,48.0000,0.0000,0.0000,0.0000
2725000,50.0000,50.0000,50.0000,-0.01541,0.01865,-0.00324,4.02579,0.12089,0.5751,0.2,48.0000,0.0000,0.0000,0.0000
2726000,50.0000,50.0000,50.0000,-0.01519,0.01838,-0.00319,4.02579,0.11910,0.5751,0.2,48.0000,0.0000,0.0000,0.0000
2727000,50.0000,50.0000,50.0000,-0.01496,0.01811,-0.00315,4.02579,0.11735,0.5751,0.2,48.0000,0.0000,0.0000,0.0000
2728000,50.0000,50.0000,50.0000,-0.01474,0.01784,-0.00310,4.02579,0.11562,0.5751,0.2,48.0000,0.0000,0.0000,0.0000
2729000,50.0000,50.0000,50.0000,-0.01452,0.01758,-0.00305,4.02579,0.11391,0.5751,0.2,48.0000,0.0000,0.0000,0.0000
2730000,50.0000,50.0000,50.0000,-0.01431,0.01732,-0.00301,4.02579,0.11224,0.5751,0.2,48.0000,0.0000,0.0000,0.0000
2731000,50.0000,50.0000,50.0000,-0.01410,0.01706,-0.00296,4.02579,0.11058,0.5751,0.2,48.0000,0.0000,0.0000,0.0000
2732000,50.0000,50.0000,50.0000,-0.01389,0.01681,-0.00292,4.02579,0.10895,0.5751,0.1,48.0000,0.0000,0.0000,0.0000
2733000,50.0000,50.0000,50.0000,-0.01369,0.01656,-0.00288,4.02579,0.10734,0.5751,0.1,48.0000,0.0000,0.0000,0.0000
2734000,50.0000,50.0000,50.0000,-0.01349,0.01632,-0.00283,4.02579,0.10576,0.5751,0.1,48.0000,0.0000,0.0000,0.0000
2735000,50.0000,50.0000,50.0000,-0.01329,0.01608,-0.00279,4.02579,0.10420,0.5751,0.1,48.0000,0.0000,0.0000,0.0000
2736000,50.0000,50.0000,50.0000,-0.01309,0.01584,-0.00275,4.02579,0.10267,0.5751,0.1,48.0000,0.0000,0.0000,0.0000
2737000,50.0000,50.0000,50.0000,-0.01290,0.01561,-0.00271,4.02579,0.10115,0.5751,0.1,48.0000,0.0000,0.0000,0.0000
2738000,50.0000,50.0000,50.0000,-0.01271,0.01538,-0.00267,4.02579,0.09966,0.5751,0.1,48.0000,0.0000,0.0000,0.0000
2739000,50.0000,50.0000,50.0000,-0.01252,0.01515,-0.00263,4.02579,0.09819,0.5751,0.1,48.0000,0.0000,0.0000,0.0000
2740000,50.0000,50.0000,50.0000,-0.01234,0.01493,-0.00259,4.02579,0.09675,0.5751,0.1,48.0000,0.0000,0.0000,0.0000
2741000,50.0000,50.0000,50.0000,-0.01215,0.01471,-0.00255,4.02579,0.09532,0.5751,0.1,48.0000,0.0000,0.0000,0.0000
2742000,50.0000,50.0000,50.0000,-0.01198,0.01449,-0.00252,4.02579,0.09391,0.5751,0.1,48.0000,0.0000,0.0000,0.0000
2743000,50.0000,50.0000,50.0000,-0.01180,0.01428,-0.00248,4.02579,0.09253,0.5751,0.1,48.0000,0.0000,0.0000,0.0000
2744000,50.0000,50.0000,50.0000,-0.01162,0.01407,-0.00244,4.02579,0.09117,0.5751,0.1,48.0000,0.0000,0.0000,0.0000
2745000,50.0000,50.0000,50.0000,-0.01145,0.01386,-0.00241,4.02579,0.08982,0.5751,0.1,48.0000,0.0000,0.0000,0.0000
2746000,50.0000,50.0000,50.0000,-0.01128,0.01366,-0.00237,4.02579,0.08850,0.5751,0.1,48.0000,0.0000,0.0000,0.0000
2747000,50.0000,50.0000,50.0000,-0.01112,0.01345,-0.00234,4.02579,0.08719,0.5751,0.1,48.0000,0.0000,0.0000,0.0000
2748000,50.0000,50.0000,50.0000,-0.01095,0.01326,-0.00230,4.02579,0.08591,0.5751,0.1,48.0000,0.0000,0.0000,0.0000
2749000,50.0000,50.0000,50.0000,-0.01079,0.01306,-0.00227,4.02579,0.08464,0.5751,0.1,48.0000,0.0000,0.0000,0.0000
2750000,50.0000,50.0000,50.0000,-0.01063,0.01287,-0.00223,4.02579,0.08339,0.5751,0.1,48.0000,0.0000,0.0000,0.0000
2751000,50.0000,50.0000,50.0000,-0.01048,0.01268,-0.00220,4.02579,0.08216,0.5751,0.1,48.0000,0.0000,0.0000,0.0000
2752000,50.0000,50.0000,50.0000,-0.01032,0.01249,-0.00217,4.02579,0.08095,0.5751,0.1,48.0000,0.0000,0.0000,0.0000
2753000,50.0000,50.0000,50.0000,-0.01017,0.01231,-0.00214,4.02579,0.07976,0.5751,0.1,48.0000,0.0000,0.0000,0.0000
2754000,50.0000,50.0000,50.0000,-0.01002,0.01213,-0.00211,4.02579,0.07858,0.5751,0.1,48.0000,0.0000,0.0000,0.0000
2755000,50.0000,50.0000,50.0000,-0.00987,0.01195,-0.00207,4.02579,0.07743,0.5751,0.1,48.0000,0.0000,0.0000,0.0000
2756000,50.0000,50.0000,50.0000,-0.00973,0.01177,-0.00204,4.02579,0.07628,0.5751,0.1,48.0000,0.0000,0.0000,0.0000
2757000,50.0000,50.0000,50.0000,-0.00958,0.01160,-0.00201,4.02579,0.07516,0.5751,0.1,48.0000,0.0000,0.0000,0.0000
2758000,50.0000,50.0000,50.0000,-0.00944,0.01143,-0.00198,4.02579,0.07405,0.5751,0.1,48.0000,0.0000,0.0000,0.0000
2759000,50.0000,50.0000,50.0000,-0.00930,0.01126,-0.00195,4.02579,0.07296,0.5751,0.1,48.0000,0.0000,0.0000,0.0000
2760000,50.0000,50.0000,50.0000,-0.00917,0.01109,-0.00193,4.02579,0.07188,0.5751,0.1,48.0000,0.0000,0.0000,0.0000
2761000,50.0000,50.0000,50.0000,-0.00903,0.01093,-0.00190,4.02579,0.07082,0.5751,0.1,48.0000,0.0000,0.0000,0.0000
2762000,50.0000,50.0000,50.0000,-0.00890,0.01077,-0.00187,4.02579,0.06978,0.5751,0.1,48.0000,0.0000,0.0000,0.0000
2763000,50.0000,50.0000,50.0000,-0.00877,0.01061,-0.00184,4.02579,0.06875,0.5751,0.1,48.0000,0.0000,0.0000,0.0000
2764000,50.0000,50.0000,50.0000,-0.00864,0.01045,-0.00181,4.02579,0.06774,0.5751,0.1,48.0000,0.0000,0.0000,0.0000
2765000,50.0000,50.0000,50.0000,-0.00851,0.01030,-0.00179,4.02579,0.06674,0.5751,0.1,48.0000,0.0000,0.0000,0.0000
2766000,50.0000,50.0000,50.0000,-0.00839,0.01015,-0.00176,4.02579,0.06576,0.5751,0.1,48.0000,0.0000,0.0000,0.0000
2767000,50.0000,50.0000,50.0000,-0.00826,0.01000,-0.00174,4.02579,0.06479,0.5751,0.1,48.0000,0.0000,0.0000,0.0000
2768000,50.0000,50.0000,50.0000,-0.00814,0.00985,-0.00171,4.02579,0.06383,0.5751,0.1,48.0000,0.0000,0.0000,0.0000
2769000,50.0000,50.0000,50.0000,-0.00802,0.00970,-0.00168,4.02579,0.06289,0.5751,0.1,48.0000,0.0000,0.0000,0.0000
2770000,50.0000,50.0000,50.0000,-0.00790,0.00956,-0.00166,4.02579,0.06196,0.5751,0.1,48.0000,0.0000,0.0000,0.0000
2771000,50.0000,50.0000,50.0000,-0.00779,0.00942,-0.00163,4.02579,0.06105,0.5751,0.1,48.0000,0.0000,0.0000,0.0000
2772000,50.0000,50.0000,50.0000,-0.00767,0.00928,-0.00161,4.02579,0.06015,0.5751,0.1,48.0000,0.0000,0.0000,0.0000
2773000,50.0000,50.0000,50.0000,-0.00756,0.00914,-0.00159,4.02579,0.05926,0.5751,0.1,48.0000,0.0000,0.0000,0.0000
2774000,50.0000,50.0000,50.0000,-0.00745,0.00901,-0.00156,4.02579,0.05839,0.5751,0.1,48.0000,0.0000,0.0000,0.0000
2775000,50.0000,50.0000,50.0000,-0.00734,0.00888,-0.00154,4.02579,0.05753,0.5751,0.1,48.0000,0.0000,0.0000,0.0000
2776000,50.0000,50.0000,50.0000,-0.00723,0.00875,-0.00152,4.02579,0.05668,0.5751,0.1,48.0000,0.0000,0.0000,0.0000
2777000,50.0000,50.0000,50.0000,-0.00712,0.00862,-0.00150,4.02579,0.05584,0.5751,0.1,48.0000,0.0000,0.0000,0.0000
2778000,50.0000,50.0000,50.0000,-0.00702,0.00849,-0.00147,4.02579,0.05502,0.5751,0.1,48.0000,0.0000,0.0000,0.0000
2779000,50.0000,50.0000,50.0000,-0.00691,0.00836,-0.00145,4.02579,0.05421,0.5751,0.1,48.0000,0.0000,0.0000,0.0000
2780000,50.0000,50.0000,50.0000,-0.00681,0.00824,-0.00143,4.02579,0.05341,0.5751,0.1,48.0000,0.0000,0.0000,0.0000
2781000,50.0000,50.0000,50.0000,-0.00671,0.00812,-0.00141,4.02579,0.05262,0.5751,0.1,48.0000,0.0000,0.0000,0.0000
2782000,50.0000,50.0000,50.0000,-0.00661,0.00800,-0.00139,4.02579,0.05185,0.5751,0.1,48.0000,0.0000,0.0000,0.0000
2783000,50.0000,50.0000,50.0000,-0.00651,0.00788,-0.00137,4.02579,0.05108,0.5751,0.1,48.0000,0.0000,0.0000,0.0000
2784000,50.0000,50.0000,50.0000,-0.00642,0.00777,-0.00135,4.02579,0.05033,0.5751,0.1,48.0000,0.0000,0.0000,0.0000
2785000,50.0000,50.0000,50.0000,-0.00632,0.00765,-0.00133,4.02579,0.04959,0.5751,0.1,48.0000,0.0000,0.0000,0.0000
2786000,50.0000,50.0000,50.0000,-0.00623,0.00754,-0.00131,4.02579,0.04886,0.5751,0.1,48.0000,0.0000,0.0000,0.0000
2787000,50.0000,50.0000,50.0000,-0.00614,0.00743,-0.00129,4.02579,0.04814,0.5751,0.1,48.0000,0.0000,0.0000,0.0000
2788000,50.0000,50.0000,50.0000,-0.00605,0.00732,-0.00127,4.02579,0.04743,0.5751,0.1,48.0000,0.0000,0.0000,0.0000
2789000,50.0000,50.0000,50.0000,-0.00596,0.00721,-0.00125,4.02579,0.04673,0.5751,0.1,48.0000,0.0000,0.0000,0.0000
2790000,50.0000,50.0000,50.0000,-0.00587,0.00710,-0.00123,4.02579,0.04604,0.5751,0.1,48.0000,0.0000,0.0000,0.0000
2791000,50.0000,50.0000,50.0000,-0.00578,0.00700,-0.00121,4.02579,0.04536,0.5751,0.1,48.0000,0.0000,0.0000,0.0000
2792000,50.0000,50.0000,50.0000,-0.00570,0.00690,-0.00120,4.02579,0.04469,0.5751,0.1,48.0000,0.0000,0.0000,0.0000
2793000,50.0000,50.0000,50.0000,-0.00562,0.00679,-0.00118,4.02579,0.04403,0.5751,0.1,48.0000,0.0000,0.0000,0.0000
2794000,50.0000,50.0000,50.0000,-0.00553,0.00669,-0.00116,4.02579,0.04338,0.5751,0.1,48.0000,0.0000,0.0000,0.0000
2795000,50.0000,50.0000,50.0000,-0.00545,0.00660,-0.00114,4.02579,0.04275,0.5751,0.1,48.0000,0.0000,0.0000,0.0000
2796000,50.0000,50.0000,50.0000,-0.00537,0.00650,-0.00113,4.02579,0.04212,0.5751,0.1,48.0000,0.0000,0.0000,0.0000
2797000,50.0000,50.0000,50.0000,-0.00529,0.00640,-0.00111,4.02579,0.04149,0.5751,0.1,48.0000,0.0000,0.0000,0.0000
2798000,50.0000,50.0000,50.0000,-0.00521,0.00631,-0.00109,4.02579,0.04088,0.5751,0.1,48.0000,0.0000,0.0000,0.0000
2799000,50.0000,50.0000,50.0000,-0.00514,0.00622,-0.00108,4.02579,0.04028,0.5751,0.1,48.0000,0.0000,0.0000,0.0000
2800000,50.0000,50.0000,50.0000,-0.00506,0.00612,-0.00106,4.02579,0.03969,0.5751,0.1,48.0000,0.0000,0.0000,0.0000
2801000,50.0000,50.0000,50.0000,-0.00499,0.00603,-0.00105,4.02579,0.03910,0.5751,0.1,48.0000,0.0000,0.0000,0.0000
2802000,50.0000,50.0000,50.0000,-0.00491,0.00594,-0.00103,4.02579,0.03852,0.5751,0.1,48.0000,0.0000,0.0000,0.0000
2803000,50.0000,50.0000,50.0000,-0.00484,0.00586,-0.00102,4.02579,0.03796,0.5751,0.1,48.0000,0.0000,0.0000,0.0000
2804000,50.0000,50.0000,50.0000,-0.00477,0.00577,-0.00100,4.02579,0.03740,0.5751,0.1,48.0000,0.0000,0.0000,0.0000
2805000,50.0000,50.0000,50.0000,-0.00470,0.00569,-0.00099,4.02579,0.03685,0.5751,0.1,48.0000,0.0000,0.0000,0.0000
2806000,50.0000,50.0000,50.0000,-0.00463,0.00560,-0.00097,4.02579,0.03630,0.5751,0.0,48.0000,0.0000,0.0000,0.0000
2807000,50.0000,50.0000,50.0000,-0.00456,0.00552,-0.00096,4.02579,0.03577,0.5751,0.0,48.0000,0.0000,0.0000,0.0000
2808000,50.0000,50.0000,50.0000,-0.00449,0.00544,-0.00094,4.02579,0.03524,0.5751,0.0,48.0000,0.0000,0.0000,0.0000
2809000,50.0000,50.0000,50.0000,-0.00443,0.00536,-0.00093,4.02579,0.03472,0.5751,0.0,48.0000,0.0000,0.0000,0.0000
2810000,50.0000,50.0000,50.0000,-0.00436,0.00528,-0.00092,4.02579,0.03421,0.5751,0.0,48.0000,0.0000,0.0000,0.0000
2811000,50.0000,50.0000,50.0000,-0.00430,0.00520,-0.00090,4.02579,0.03370,0.5751,0.0,48.0000,0.0000,0.0000,0.0000
2812000,50.0000,50.0000,50.0000,-0.00423,0.00512,-0.00089,4.02579,0.03321,0.5751,0.0,48.0000,0.0000,0.0000,0.0000
2813000,50.0000,50.0000,50.0000,-0.00417,0.00505,-0.00088,4.02579,0.03272,0.5751,0.0,48.0000,0.0000,0.0000,0.0000
2814000,50.0000,50.0000,50.0000,-0.00411,0.00497,-0.00086,4.02579,0.03224,0.5751,0.0,48.0000,0.0000,0.0000,0.0000
2815000,50.0000,50.0000,50.0000,-0.00405,0.00490,-0.00085,4.02579,0.03176,0.5751,0.0,48.0000,0.0000,0.0000,0.0000
2816000,50.0000,50.0000,50.0000,-0.00399,0.00483,-0.00084,4.02579,0.03129,0.5751,0.0,48.0000,0.0000,0.0000,0.0000
2817000,50.0000,50.0000,50.0000,-0.00393,0.00476,-0.00083,4.02579,0.03083,0.5751,0.0,48.0000,0.0000,0.0000,0.0000
2818000,50.0000,50.0000,50.0000,-0.00387,0.00469,-0.00081,4.02579,0.03038,0.5751,0.0,48.0000,0.0000,0.0000,0.0000
2819000,50.0000,50.0000,50.0000,-0.00382,0.00462,-0.00080,4.02579,0.02993,0.5751,0.0,48.0000,0.0000,0.0000,0.0000
2820000,50.0000,50.0000,50.0000,-0.00376,0.00455,-0.00079,4.02579,0.02949,0.5751,0.0,48.0000,0.0000,0.0000,0.0000
2821000,50.0000,50.0000,50.0000,-0.00371,0.00448,-0.00078,4.02579,0.02905,0.5751,0.0,48.0000,0.0000,0.0000,0.0000
2822000,50.0000,50.0000,50.0000,-0.00365,0.00442,-0.00077,4.02579,0.02862,0.5751,0.0,48.0000,0.0000,0.0000,0.0000
2823000,50.0000,50.0000,50.0000,-0.00360,0.00435,-0.00075,4.02579,0.02820,0.5751,0.0,48.0000,0.0000,0.0000,0.0000
2824000,50.0000,50.0000,50.0000,-0.00354,0.00429,-0.00074,4.02579,0.02779,0.5751,0.0,48.0000,0.0000,0.0000,0.0000
2825000,50.0000,50.0000,50.0000,-0.00349,0.00422,-0.00073,4.02579,0.02738,0.5751,0.0,48.0000,0.0000,0.0000,0.0000
2826000,50.0000,50.0000,50.0000,-0.00344,0.00416,-0.00072,4.02579,0.02697,0.5751,0.0,48.0000,0.0000,0.0000,0.0000
2827000,50.0000,50.0000,50.0000,-0.00339,0.00410,-0.00071,4.02579,0.02658,0.5751,0.0,48.0000,0.0000,0.0000,0.0000
2828000,50.0000,50.0000,50.0000,-0.00334,0.00404,-0.00070,4.02579,0.02618,0.5751,0.0,48.0000,0.0000,0.0000,0.0000
2829000,50.0000,50.0000,50.0000,-0.00329,0.00398,-0.00069,4.02579,0.02580,0.5751,0.0,48.0000,0.0000,0.0000,0.0000
2830000,50.0000,50.0000,50.0000,-0.00324,0.00392,-0.00068,4.02579,0.02542,0.5751,0.0,48.0000,0.0000,0.0000,0.0000
2831000,50.0000,50.0000,50.0000,-0.00319,0.00386,-0.00067,4.02579,0.02504,0.5751,0.0,48.0000,0.0000,0.0000,0.0000
2832000,50.0000,50.0000,50.0000,-0.00315,0.00381,-0.00066,4.02579,0.02467,0.5751,0.0,48.0000,0.0000,0.0000,0.0000
2833000,50.0000,50.0000,50.0000,-0.00310,0.00375,-0.00065,4.02579,0.02431,0.5751,0.0,48.0000,0.0000,0.0000,0.0000
2834000,50.0000,50.0000,50.0000,-0.00305,0.00370,-0.00064,4.02579,0.02395,0.5751,0.0,48.0000,0.0000,0.0000,0.0000
2835000,50.0000,50.0000,50.0000,-0.00301,0.00364,-0.00063,4.02579,0.02360,0.5751,0.0,48.0000,0.0000,0.0000,0.0000
2836000,50.0000,50.0000,50.0000,-0.00297,0.00359,-0.00062,4.02579,0.02325,0.5751,0.0,48.0000,0.0000,0.0000,0.0000
2837000,50.0000,50.0000,50.0000,-0.00292,0.00353,-0.00061,4.02579,0.02291,0.5751,0.0,48.0000,0.0000,0.0000,0.0000
2838000,50.0000,50.0000,50.0000,-0.00288,0.00348,-0.00060,4.02579,0.02257,0.5751,0.0,48.0000,0.0000,0.0000,0.0000
2839000,50.0000,50.0000,50.0000,-0.00284,0.00343,-0.00060,4.02579,0.02224,0.5751,0.0,48.0000,0.0000,0.0000,0.0000
2840000,50.0000,50.0000,50.0000,-0.00279,0.00338,-0.00059,4.02579,0.02191,0.5751,0.0,48.0000,0.0000,0.0000,0.0000
2841000,50.0000,50.0000,50.0000,-0.00275,0.00333,-0.00058,4.02579,0.02159,0.5751,0.0,48.0000,0.0000,0.0000,0.0000
2842000,50.0000,50.0000,50.0000,-0.00271,0.00328,-0.00057,4.02579,0.02127,0.5751,0.0,48.0000,0.0000,0.0000,0.0000
2843000,50.0000,50.0000,50.0000,-0.00267,0.00323,-0.00056,4.02579,0.02096,0.5751,0.0,48.0000,0.0000,0.0000,0.0000
2844000,50.0000,50.0000,50.0000,-0.00263,0.00319,-0.00055,4.02579,0.02065,0.5751,0.0,48.0000,0.0000,0.0000,0.0000
2845000,50.0000,50.0000,50.0000,-0.00259,0.00314,-0.00054,4.02579,0.02034,0.5751,0.0,48.0000,0.0000,0.0000,0.0000
2846000,50.0000,50.0000,50.0000,-0.00256,0.00309,-0.00054,4.02579,0.02004,0.5751,0.0,48.0000,0.0000,0.0000,0.0000
2847000,50.0000,50.0000,50.0000,-0.00252,0.00305,-0.00053,4.02579,0.01975,0.5751,0.0,48.0000,0.0000,0.0000,0.0000
2848000,50.0000,50.0000,50.0000,-0.00248,0.00300,-0.00052,4.02579,0.01946,0.5751,0.0,48.0000,0.0000,0.0000,0.0000
2849000,50.0000,50.0000,50.0000,-0.00244,0.00296,-0.00051,4.02579,0.01917,0.5751,0.0,48.0000,0.0000,0.0000,0.0000
2850000,50.0000,50.0000,50.0000,-0.00241,0.00291,-0.00051,4.02579,0.01889,0.5751,0.0,48.0000,0.0000,0.0000,0.0000
2851000,50.0000,50.0000,50.0000,-0.00237,0.00287,-0.00050,4.02579,0.01861,0.5751,0.0,48.0000,0.0000,0.0000,0.0000
2852000,50.0000,50.0000,50.0000,-0.00234,0.00283,-0.00049,4.02579,0.01833,0.5751,0.0,48.0000,0.0000,0.0000,0.0000
2853000,50.0000,50.0000,50.0000,-0.00230,0.00279,-0.00048,4.02579,0.01806,0.5751,0.0,48.0000,0.0000,0.0000,0.0000
2854000,50.0000,50.0000,50.0000,-0.00227,0.00275,-0.00048,4.02579,0.01780,0.5751,0.0,48.0000,0.0000,0.0000,0.0000
2855000,50.0000,50.0000,50.0000,-0.00224,0.00271,-0.00047,4.02579,0.01753,0.5751,0.0,48.0000,0.0000,0.0000,0.0000
2856000,50.0000,50.0000,50.0000,-0.00220,0.00267,-0.00046,4.02579,0.01728,0.5751,0.0,48.0000,0.0000,0.0000,0.0000
2857000,50.0000,50.0000,50.0000,-0.00217,0.00263,-0.00046,4.02579,0.01702,0.5751,0.0,48.0000,0.0000,0.0000,0.0000
2858000,50.0000,50.0000,50.0000,-0.00214,0.00259,-0.00045,4.02579,0.01677,0.5751,0.0,48.0000,0.0000,0.0000,0.0000
2859000,50.0000,50.0000,50.0000,-0.00211,0.00255,-0.00044,4.02579,0.01652,0.5751,0.0,48.0000,0.0000,0.0000,0.0000
2860000,50.0000,50.0000,50.0000,-0.00208,0.00251,-0.00044,4.02579,0.01628,0.5751,0.0,48.0000,0.0000,0.0000,0.0000
2861000,50.0000,50.0000,50.0000,-0.00205,0.00247,-0.00043,4.02579,0.01604,0.5751,0.0,48.0000,0.0000,0.0000,0.0000
2862000,50.0000,50.0000,50.0000,-0.00202,0.00244,-0.00042,4.02579,0.01580,0.5751,0.0,48.0000,0.0000,0.0000,0.0000
2863000,50.0000,50.0000,50.0000,-0.00199,0.00240,-0.00042,4.02579,0.01557,0.5751,0.0,48.0000,0.0000,0.0000,0.0000
2864000,50.0000,50.0000,50.0000,-0.00196,0.00237,-0.00041,4.02579,0.01534,0.5751,0.0,48.0000,0.0000,0.0000,0.0000
2865000,50.0000,50.0000,50.0000,-0.00193,0.00233,-0.00040,4.02579,0.01511,0.5751,0.0,48.0000,0.0000,0.0000,0.0000
2866000,50.0000,50.0000,50.0000,-0.00190,0.00230,-0.00040,4.02579,0.01489,0.5751,0.0,48.0000,0.0000,0.0000,0.0000
2867000,50.0000,50.0000,50.0000,-0.00187,0.00226,-0.00039,4.02579,0.01467,0.5751,0.0,48.0000,0.0000,0.0000,0.0000
2868000,50.0000,50.0000,50.0000,-0.00184,0.00223,-0.00039,4.02579,0.01446,0.5751,0.0,48.0000,0.0000,0.0000,0.0000
2869000,50.0000,50.0000,50.0000,-0.00182,0.00220,-0.00038,4.02579,0.01424,0.5751,0.0,48.0000,0.0000,0.0000,0.0000
2870000,50.0000,50.0000,50.0000,-0.00179,0.00217,-0.00038,4.02579,0.01403,0.5751,0.0,48.0000,0.0000,0.0000,0.0000
2871000,50.0000,50.0000,50.0000,-0.00176,0.00213,-0.00037,4.02579,0.01383,0.5751,0.0,48.0000,0.0000,0.0000,0.0000
2872000,50.0000,50.0000,50.0000,-0.00174,0.00210,-0.00036,4.02579,0.01362,0.5751,0.0,48.0000,0.0000,0.0000,0.0000
2873000,50.0000,50.0000,50.0000,-0.00171,0.00207,-0.00036,4.02579,0.01342,0.5751,0.0,48.0000,0.0000,0.0000,0.0000
2874000,50.0000,50.0000,50.0000,-0.00169,0.00204,-0.00035,4.02579,0.01322,0.5751,0.0,48.0000,0.0000,0.0000,0.0000
2875000,50.0000,50.0000,50.0000,-0.00166,0.00201,-0.00035,4.02579,0.01303,0.5751,0.0,48.0000,0.0000,0.0000,0.0000
2876000,50.0000,50.0000,50.0000,-0.00164,0.00198,-0.00034,4.02579,0.01284,0.5751,0.0,48.0000,0.0000,0.0000,0.0000
2877000,50.0000,50.0000,50.0000,-0.00161,0.00195,-0.00034,4.02579,0.01265,0.5751,0.0,48.0000,0.0000,0.0000,0.0000
2878000,50.0000,50.0000,50.0000,-0.00159,0.00192,-0.00033,4.02579,0.01246,0.5751,0.0,48.0000,0.0000,0.0000,0.0000
2879000,50.0000,50.0000,50.0000,-0.00157,0.00189,-0.00033,4.02579,0.01228,0.5751,0.0,48.0000,0.0000,0.0000,0.0000
2880000,50.0000,50.0000,50.0000,-0.00154,0.00187,-0.00032,4.02579,0.01210,0.5751,0.0,48.0000,0.0000,0.0000,0.0000
2881000,50.0000,50.0000,50.0000,-0.00152,0.00184,-0.00032,4.02579,0.01192,0.5751,0.0,48.0000,0.0000,0.0000,0.0000
2882000,50.0000,50.0000,50.0000,-0.00150,0.00181,-0.00031,4.02579,0.01174,0.5751,0.0,48.0000,0.0000,0.0000,0.0000
2883000,50.0000,50.0000,50.0000,-0.00148,0.00179,-0.00031,4.02579,0.01157,0.5751,0.0,48.0000,0.0000,0.0000,0.0000
2884000,50.0000,50.0000,50.0000,-0.00145,0.00176,-0.00031,4.02579,0.01140,0.5751,0.0,48.0000,0.0000,0.0000,0.0000
2885000,50.0000,50.0000,50.0000,-0.00143,0.00173,-0.00030,4.02579,0.01123,0.5751,0.0,48.0000,0.0000,0.0000,0.0000
2886000,50.0000,50.0000,50.0000,-0.00141,0.00171,-0.00030,4.02579,0.01106,0.5751,0.0,48.0000,0.0000,0.0000,0.0000
2887000,50.0000,50.0000,50.0000,-0.00139,0.00168,-0.00029,4.02579,0.01090,0.5751,0.0,48.0000,0.0000,0.0000,0.0000
2888000,50.0000,50.0000,50.0000,-0.00137,0.00166,-0.00029,4.02579,0.01074,0.5751,0.0,48.0000,0.0000,0.0000,0.0000
2889000,50.0000,50.0000,50.0000,-0.00135,0.00163,-0.00028,4.02579,0.01058,0.5751,0.0,48.0000,0.0000,0.0000,0.0000
2890000,50.0000,50.0000,50.0000,-0.00133,0.00161,-0.00028,4.02579,0.01043,0.5751,0.0,48.0000,0.0000,0.0000,0.0000
2891000,50.0000,50.0000,50.0000,-0.00131,0.00159,-0.00027,4.02579,0.01027,0.5751,0.0,48.0000,0.0000,0.0000,0.0000
2892000,50.0000,50.0000,50.0000,-0.00129,0.00156,-0.00027,4.02579,0.01012,0.5751,0.0,48.0000,0.0000,0.0000,0.0000
2893000,50.0000,50.0000,50.0000,-0.00127,0.00154,-0.00027,4.02579,0.00997,0.5751,0.0,48.0000,0.0000,0.0000,0.0000
2894000,50.0000,50.0000,50.0000,-0.00125,0.00152,-0.00026,4.02579,0.00983,0.5751,0.0,48.0000,0.0000,0.0000,0.0000
2895000,50.0000,50.0000,50.0000,-0.00123,0.00149,-0.00026,4.02579,0.00968,0.5751,0.0,48.0000,0.0000,0.0000,0.0000
2896000,50.0000,50.0000,50.0000,-0.00122,0.00147,-0.00026,4.02579,0.00954,0.5751,0.0,48.0000,0.0000,0.0000,0.0000
2897000,50.0000,50.0000,50.0000,-0.00120,0.00145,-0.00025,4.02579,0.00940,0.5751,0.0,48.0000,0.0000,0.0000,0.0000
2898000,50.0000,50.0000,50.0000,-0.00118,0.00143,-0.00025,4.02579,0.00926,0.5751,0.0,48.0000,0.0000,0.0000,0.0000
2899000,50.0000,50.0000,50.0000,-0.00116,0.00141,-0.00024,4.02579,0.00912,0.5751,0.0,48.0000,0.0000,0.0000,0.0000
2900000,50.0000,50.0000,50.0000,-0.00115,0.00139,-0.00024,4.02579,0.00899,0.5751,0.0,48.0000,0.0000,0.0000,0.0000
2901000,50.0000,50.0000,50.0000,-0.00113,0.00137,-0.00024,4.02579,0.00886,0.5751,0.0,48.0000,0.0000,0.0000,0.0000
2902000,50.0000,50.0000,50.0000,-0.00111,0.00135,-0.00023,4.02579,0.00872,0.5751,0.0,48.0000,0.0000,0.0000,0.0000
2903000,50.0000,50.0000,50.0000,-0.00110,0.00133,-0.00023,4.02579,0.00860,0.5751,0.0,48.0000,0.0000,0.0000,0.0000
2904000,50.0000,50.0000,50.0000,-0.00108,0.00131,-0.00023,4.02579,0.00847,0.5751,0.0,48.0000,0.0000,0.0000,0.0000
2905000,50.0000,50.0000,50.0000,-0.00106,0.00129,-0.00022,4.02579,0.00834,0.5751,0.0,48.0000,0.0000,0.0000,0.0000
2906000,50.0000,50.0000,50.0000,-0.00105,0.00127,-0.00022,4.02579,0.00822,0.5751,0.0,48.0000,0.0000,0.0000,0.0000
2907000,50.0000,50.0000,50.0000,-0.00103,0.00125,-0.00022,4.02579,0.00810,0.5751,0.0,48.0000,0.0000,0.0000,0.0000
2908000,50.0000,50.0000,50.0000,-0.00102,0.00123,-0.00021,4.02579,0.00798,0.5751,0.0,48.0000,0.0000,0.0000,0.0000
2909000,50.0000,50.0000,50.0000,-0.00100,0.00121,-0.00021,4.02579,0.00786,0.5751,0.0,48.0000,0.0000,0.0000,0.0000
2910000,50.0000,50.0000,50.0000,-0.00099,0.00120,-0.00021,4.02579,0.00775,0.5751,0.0,48.0000,0.0000,0.0000,0.0000
2911000,50.0000,50.0000,50.0000,-0.00097,0.00118,-0.00020,4.02579,0.00763,0.5751,0.0,48.0000,0.0000,0.0000,0.0000
2912000,50.0000,50.0000,50.0000,-0.00096,0.00116,-0.00020,4.02579,0.00752,0.5751,0.0,48.0000,0.0000,0.0000,0.0000
2913000,50.0000,50.0000,50.0000,-0.00094,0.00114,-0.00020,4.02579,0.00741,0.5751,0.0,48.0000,0.0000,0.0000,0.0000
2914000,50.0000,50.0000,50.0000,-0.00093,0.00113,-0.00020,4.02579,0.00730,0.5751,0.0,48.0000,0.0000,0.0000,0.0000
2915000,50.0000,50.0000,50.0000,-0.00092,0.00111,-0.00019,4.02579,0.00719,0.5751,0.0,48.0000,0.0000,0.0000,0.0000
2916000,50.0000,50.0000,50.0000,-0.00090,0.00109,-0.00019,4.02579,0.00709,0.5751,0.0,48.0000,0.0000,0.0000,0.0000
2917000,50.0000,50.0000,50.0000,-0.00089,0.00108,-0.00019,4.02579,0.00698,0.5751,0.0,48.0000,0.0000,0.0000,0.0000
2918000,50.0000,50.0000,50.0000,-0.00088,0.00106,-0.00018,4.02579,0.00688,0.5751,0.0,48.0000,0.0000,0.0000,0.0000
2919000,50.0000,50.0000,50.0000,-0.00086,0.00105,-0.00018,4.02579,0.00678,0.5751,0.0,48.0000,0.0000,0.0000,0.0000
2920000,50.0000,50.0000,50.0000,-0.00085,0.00103,-0.00018,4.02579,0.00668,0.5751,0.0,48.0000,0.0000,0.0000,0.0000
2921000,50.0000,50.0000,50.0000,-0.00084,0.00102,-0.00018,4.02579,0.00658,0.5751,0.0,48.0000,0.0000,0.0000,0.0000
2922000,50.0000,50.0000,50.0000,-0.00083,0.00100,-0.00017,4.02579,0.00648,0.5751,0.0,48.0000,0.0000,0.0000,0.0000
2923000,50.0000,50.0000,50.0000,-0.00081,0.00099,-0.00017,4.02579,0.00639,0.5751,0.0,48.0000,0.0000,0.0000,0.0000
2924000,50.0000,50.0000,50.0000,-0.00080,0.00097,-0.00017,4.02579,0.00629,0.5751,0.0,48.0000,0.0000,0.0000,0.0000
2925000,50.0000,50.0000,50.0000,-0.00079,0.00096,-0.00017,4.02579,0.00620,0.5751,0.0,48.0000,0.0000,0.0000,0.0000
2926000,50.0000,50.0000,50.0000,-0.00078,0.00094,-0.00016,4.02579,0.00611,0.5751,0.0,48.0000,0.0000,0.0000,0.0000
2927000,50.0000,50.0000,50.0000,-0.00077,0.00093,-0.00016,4.02579,0.00602,0.5751,0.0,48.0000,0.0000,0.0000,0.0000
2928000,50.0000,50.0000,50.0000,-0.00076,0.00091,-0.00016,4.02579,0.00593,0.5751,0.0,48.0000,0.0000,0.0000,0.0000
2929000,50.0000,50.0000,50.0000,-0.00075,0.00090,-0.00016,4.02579,0.00584,0.5751,0.0,48.0000,0.0000,0.0000,0.0000
2930000,50.0000,50.0000,50.0000,-0.00073,0.00089,-0.00015,4.02579,0.00576,0.5751,0.0,48.0000,0.0000,0.0000,0.0000
2931000,50.0000,50.0000,50.0000,-0.00072,0.00088,-0.00015,4.02579,0.00567,0.5751,0.0,48.0000,0.0000,0.0000,0.0000
2932000,50.0000,50.0000,50.0000,-0.00071,0.00086,-0.00015,4.02579,0.00559,0.5751,0.0,48.0000,0.0000,0.0000,0.0000
2933000,50.0000,50.0000,50.0000,-0.00070,0.00085,-0.00015,4.02579,0.00551,0.5751,0.0,48.0000,0.0000,0.0000,0.0000
2934000,50.0000,50.0000,50.0000,-0.00069,0.00084,-0.00015,4.02579,0.00542,0.5751,0.0,48.0000,0.0000,0.0000,0.0000
2935000,50.0000,50.0000,50.0000,-0.00068,0.00082,-0.00014,4.02579,0.00534,0.5751,0.0,48.0000,0.0000,0.0000,0.0000
2936000,50.0000,50.0000,50.0000,-0.00067,0.00081,-0.00014,4.02579,0.00527,0.5751,0.0,48.0000,0.0000,0.0000,0.0000
2937000,50.0000,50.0000,50.0000,-0.00066,0.00080,-0.00014,4.02579,0.00519,0.5751,0.0,48.0000,0.0000,0.0000,0.0000
2938000,50.0000,50.0000,50.0000,-0.00065,0.00079,-0.00014,4.02579,0.00511,0.5751,0.0,48.0000,0.0000,0.0000,0.0000
2939000,50.0000,50.0000,50.0000,-0.00064,0.00078,-0.00013,4.02579,0.00504,0.5751,0.0,48.0000,0.0000,0.0000,0.0000
2940000,50.0000,50.0000,50.0000,-0.00063,0.00077,-0.00013,4.02579,0.00496,0.5751,0.0,48.0000,0.0000,0.0000,0.0000
2941000,50.0000,50.0000,50.0000,-0.00062,0.00075,-0.00013,4.02579,0.00489,0.5751,0.0,48.0000,0.0000,0.0000,0.0000
2942000,50.0000,50.0000,50.0000,-0.00061,0.00074,-0.00013,4.02579,0.00482,0.5751,0.0,48.0000,0.0000,0.0000,0.0000
2943000,50.0000,50.0000,50.0000,-0.00061,0.00073,-0.00013,4.02579,0.00475,0.5751,0.0,48.0000,0.0000,0.0000,0.0000
2944000,50.0000,50.0000,50.0000,-0.00060,0.00072,-0.00013,4.02579,0.00468,0.5751,0.0,48.0000,0.0000,0.0000,0.0000
2945000,50.0000,50.0000,50.0000,-0.00059,0.00071,-0.00012,4.02579,0.00461,0.5751,0.0,48.0000,0.0000,0.0000,0.0000
2946000,50.0000,50.0000,50.0000,-0.00058,0.00070,-0.00012,4.02579,0.00454,0.5751,0.0,48.0000,0.0000,0.0000,0.0000
2947000,50.0000,50.0000,50.0000,-0.00057,0.00069,-0.00012,4.02579,0.00447,0.5751,0.0,48.0000,0.0000,0.0000,0.0000
2948000,50.0000,50.0000,50.0000,-0.00056,0.00068,-0.00012,4.02579,0.00441,0.5751,0.0,48.0000,0.0000,0.0000,0.0000
2949000,50.0000,50.0000,50.0000,-0.00055,0.00067,-0.00012,4.02579,0.00434,0.5751,0.0,48.0000,0.0000,0.0000,0.0000
2950000,50.0000,50.0000,50.0000,-0.00055,0.00066,-0.00011,4.02579,0.00428,0.5751,0.0,48.0000,0.0000,0.0000,0.0000
2951000,50.0000,50.0000,50.0000,-0.00054,0.00065,-0.00011,4.02579,0.00421,0.5751,0.0,48.0000,0.0000,0.0000,0.0000
2952000,50.0000,50.0000,50.0000,-0.00053,0.00064,-0.00011,4.02579,0.00415,0.5751,0.0,48.0000,0.0000,0.0000,0.0000
2953000,50.0000,50.0000,50.0000,-0.00052,0.00063,-0.00011,4.02579,0.00409,0.5751,0.0,48.0000,0.0000,0.0000,0.0000
2954000,50.0000,50.0000,50.0000,-0.00051,0.00062,-0.00011,4.02579,0.00403,0.5751,0.0,48.0000,0.0000,0.0000,0.0000
2955000,50.0000,50.0000,50.0000,-0.00051,0.00061,-0.00011,4.02579,0.00397,0.5751,0.0,48.0000,0.0000,0.0000,0.0000
2956000,50.0000,50.0000,50.0000,-0.00050,0.00060,-0.00010,4.02579,0.00391,0.5751,0.0,48.0000,0.0000,0.0000,0.0000
2957000,50.0000,50.0000,50.0000,-0.00049,0.00059,-0.00010,4.02579,0.00385,0.5751,0.0,48.0000,0.0000,0.0000,0.0000
2958000,50.0000,50.0000,50.0000,-0.00048,0.00059,-0.00010,4.02579,0.00380,0.5751,0.0,48.0000,0.0000,0.0000,0.0000
2959000,50.0000,50.0000,50.0000,-0.00048,0.00058,-0.00010,4.02579,0.00374,0.5751,0.0,48.0000,0.0000,0.0000,0.0000
2960000,50.0000,50.0000,50.0000,-0.00047,0.00057,-0.00010,4.02579,0.00369,0.5751,0.0,48.0000,0.0000,0.0000,0.0000
2961000,50.0000,50.0000,50.0000,-0.00046,0.00056,-0.00010,4.02579,0.00363,0.5751,0.0,48.0000,0.0000,0.0000,0.0000
2962000,50.0000,50.0000,50.0000,-0.00046,0.00055,-0.00010,4.02579,0.00358,0.5751,0.0,48.0000,0.0000,0.0000,0.0000
2963000,50.0000,50.0000,50.0000,-0.00045,0.00054,-0.00009,4.02579,0.00353,0.5751,0.0,48.0000,0.0000,0.0000,0.0000
2964000,50.0000,50.0000,50.0000,-0.00044,0.00054,-0.00009,4.02579,0.00347,0.5751,0.0,48.0000,0.0000,0.0000,0.0000
2965000,50.0000,50.0000,50.0000,-0.00044,0.00053,-0.00009,4.02579,0.00342,0.5751,0.0,48.0000,0.0000,0.0000,0.0000
2966000,50.0000,50.0000,50.0000,-0.00043,0.00052,-0.00009,4.02579,0.00337,0.5751,0.0,48.0000,0.0000,0.0000,0.0000
2967000,50.0000,50.0000,50.0000,-0.00042,0.00051,-0.00009,4.02579,0.00332,0.5751,0.0,48.0000,0.0000,0.0000,0.0000
2968000,50.0000,50.0000,50.0000,-0.00042,0.00051,-0.00009,4.02579,0.00327,0.5751,0.0,48.0000,0.0000,0.0000,0.0000
2969000,50.0000,50.0000,50.0000,-0.00041,0.00050,-0.00009,4.02579,0.00323,0.5751,0.0,48.0000,0.0000,0.0000,0.0000
2970000,50.0000,50.0000,50.0000,-0.00041,0.00049,-0.00009,4.02579,0.00318,0.5751,0.0,48.0000,0.0000,0.0000,0.0000
2971000,50.0000,50.0000,50.0000,-0.00040,0.00048,-0.00008,4.02579,0.00313,0.5751,0.0,48.0000,0.0000,0.0000,0.0000
2972000,50.0000,50.0000,50.0000,-0.00039,0.00048,-0.00008,4.02579,0.00308,0.5751,0.0,48.0000,0.0000,0.0000,0.0000
2973000,50.0000,50.0000,50.0000,-0.00039,0.00047,-0.00008,4.02579,0.00304,0.5751,0.0,48.0000,0.0000,0.0000,0.0000
2974000,50.0000,50.0000,50.0000,-0.00038,0.00046,-0.00008,4.02579,0.00299,0.5751,0.0,48.0000,0.0000,0.0000,0.0000
2975000,50.0000,50.0000,50.0000,-0.00038,0.00046,-0.00008,4.02579,0.00295,0.5751,0.0,48.0000,0.0000,0.0000,0.0000
2976000,50.0000,50.0000,50.0000,-0.00037,0.00045,-0.00008,4.02579,0.00291,0.5751,0.0,48.0000,0.0000,0.0000,0.0000
2977000,50.0000,50.0000,50.0000,-0.00037,0.00044,-0.00008,4.02579,0.00286,0.5751,0.0,48.0000,0.0000,0.0000,0.0000
2978000,50.0000,50.0000,50.0000,-0.00036,0.00044,-0.00008,4.02579,0.00282,0.5751,0.0,48.0000,0.0000,0.0000,0.0000
2979000,50.0000,50.0000,50.0000,-0.00035,0.00043,-0.00007,4.02579,0.00278,0.5751,0.0,48.0000,0.0000,0.0000,0.0000
2980000,50.0000,50.0000,50.0000,-0.00035,0.00042,-0.00007,4.02579,0.00274,0.5751,0.0,48.0000,0.0000,0.0000,0.0000
2981000,50.0000,50.0000,50.0000,-0.00034,0.00042,-0.00007,4.02579,0.00270,0.5751,0.0,48.0000,0.0000,0.0000,0.0000
2982000,50.0000,50.0000,50.0000,-0.00034,0.00041,-0.00007,4.02579,0.00266,0.5751,0.0,48.0000,0.0000,0.0000,0.0000
2983000,50.0000,50.0000,50.0000,-0.00033,0.00040,-0.00007,4.02579,0.00262,0.5751,0.0,48.0000,0.0000,0.0000,0.0000
2984000,50.0000,50.0000,50.0000,-0.00033,0.00040,-0.00007,4.02579,0.00258,0.5751,0.0,48.0000,0.0000,0.0000,0.0000
2985000,50.0000,50.0000,50.0000,-0.00032,0.00039,-0.00007,4.02579,0.00254,0.5751,0.0,48.0000,0.0000,0.0000,0.0000
2986000,50.0000,50.0000,50.0000,-0.00032,0.00039,-0.00007,4.02579,0.00251,0.5751,0.0,48.0000,0.0000,0.0000,0.0000
2987000,50.0000,50.0000,50.0000,-0.00031,0.00038,-0.00007,4.02579,0.00247,0.5751,0.0,48.0000,0.0000,0.0000,0.0000
2988000,50.0000,50.0000,50.0000,-0.00031,0.00038,-0.00007,4.02579,0.00243,0.5751,0.0,48.0000,0.0000,0.0000,0.0000
2989000,50.0000,50.0000,50.0000,-0.00031,0.00037,-0.00006,4.02579,0.00240,0.5751,0.0,48.0000,0.0000,0.0000,0.0000
2990000,50.0000,50.0000,50.0000,-0.00030,0.00036,-0.00006,4.02579,0.00236,0.5751,0.0,48.0000,0.0000,0.0000,0.0000
2991000,50.0000,50.0000,50.0000,-0.00030,0.00036,-0.00006,4.02579,0.00233,0.5751,0.0,48.0000,0.0000,0.0000,0.0000
2992000,50.0000,50.0000,50.0000,-0.00029,0.00035,-0.00006,4.02579,0.00229,0.5751,0.0,48.0000,0.0000,0.0000,0.0000
2993000,50.0000,50.0000,50.0000,-0.00029,0.00035,-0.00006,4.02579,0.00226,0.5751,0.0,48.0000,0.0000,0.0000,0.0000
2994000,50.0000,50.0000,50.0000,-0.00028,0.00034,-0.00006,4.02579,0.00223,0.5751,0.0,48.0000,0.0000,0.0000,0.0000
2995000,50.0000,50.0000,50.0000,-0.00028,0.00034,-0.00006,4.02579,0.00219,0.5751,0.0,48.0000,0.0000,0.0000,0.0000
2996000,50.0000,50.0000,50.0000,-0.00028,0.00033,-0.00006,4.02579,0.00216,0.5751,0.0,48.0000,0.0000,0.0000,0.0000
2997000,50.0000,50.0000,50.0000,-0.00027,0.00033,-0.00006,4.02579,0.00213,0.5751,0.0,48.0000,0.0000,0.0000,0.0000
2998000,50.0000,50.0000,50.0000,-0.00027,0.00032,-0.00006,4.02579,0.00210,0.5751,0.0,48.0000,0.0000,0.0000,0.0000
2999000,50.0000,50.0000,50.0000,-0.00026,0.00032,-0.00006,4.02579,0.00207,0.5751,0.0,48.0000,0.0000,0.0000,0.0000
